,ID,1,2,3,4,5,6,7,8,9,10,11,12,13,14,15,16,17,18,19,20,21,22,23,24,25,26,27,28,29,30,31,32,33,34,35,36,37,38,39,40,41,42,43,44,45,46,47,48,49,50,51,52,53,54,55,56,57,58,59,60,61,62,63,64,65,66,67,68,69,70,71,72,73,74,75,76,77,78,79,80,81,82,83,84,85,86,87,88,89,90,91,92,93,94,95,96,97,98,99,100
0,Q96RI1,-28.746933,-2.375615,-9.168845,-34.292022,0.770085000000001,-4.888169,10.278154,-4.580052,-20.654387,33.299672,-0.796018,1.810443,-5.492049,5.6958,-5.415602,9.533691,15.570558,-18.572177,-7.899285,-11.506564,-3.259695,-14.19946,-18.394969,-0.257711000000001,-4.186693,-1.556389,-12.974959,-6.275433,3.582098,-6.935751,4.310584,-27.290238,1.360212,-5.68180300000001,9.81804399999999,8.42345799999999,-11.166043,-0.410696999999999,4.38967,-7.34316600000001,2.283014,5.388558,7.783395,-7.401008,7.005182,-1.347153,-19.594796,0.268071000000003,-11.956441,14.43184,-13.837204,-8.854583,12.097802,-24.65623,15.457337,-21.468271,11.422714,-3.305981,-8.781292,-33.613681,5.308958,35.263388,8.715143,-6.39840599999999,24.615791,13.439934,-0.730645000000004,11.444469,20.486147,-10.038695,-7.318783,7.144896,3.047425,8.571708,2.445542,-17.844314,8.503867,-12.394008,6.697192,-11.076079,-21.25806,-3.074658,6.36591300000001,-1.803078,13.688779,-9.95689999999999,-18.602442,-20.984804,-17.050372,15.717832,2.239451,-6.18471400000001,-3.931733,-0.283495000000001,24.708057,1.956865,-6.444467,-21.046703,-9.55112100000001,38.597654
1,P41235,-30.386285,-6.126422,-2.534516,-35.323884,-2.708781,1.10832,8.08487000000001,-4.469245,-7.676063,35.010296,-3.923061,-2.71787,-4.416367,9.26851000000001,1.970052,4.50395600000001,9.89221300000001,-11.222316,-1.39162,-5.686397,-3.218699,-15.691677,-18.915528,3.753682,-8.322965,-5.010586,-9.423601,-4.071913,-4.885838,-3.7032,-0.893013999999997,-27.677273,2.37232,-10.579011,9.509074,7.722098,-13.926417,-1.68432,4.496635,-2.478653,6.714034,8.37824600000001,5.891271,-4.005482,7.20297,1.385596,-12.578868,2.925417,-11.938634,12.613409,-12.829424,-10.325248,9.982251,-26.00531,8.614438,-21.588947,5.335205,1.792955,-12.091232,-24.987081,12.132426,36.549626,0.865450000000002,8.16330899999999,21.959975,9.60950099999998,1.20008,13.046116,21.76918,-6.252089,-10.862122,0.344479,2.089853,7.743701,1.858077,-14.662124,4.18786199999999,-11.624217,8.44910400000001,-10.119853,-15.718235,-5.40680599999999,7.47415,1.00611,13.185932,-10.798741,-18.685561,-7.781743,-13.742771,14.775288,5.403755,-15.602149,-10.571956,1.956661,16.45036,6.13781400000001,-8.379046,-29.461109,-10.743891,34.297059
2,P10826,-24.946944,-3.557322,-7.345312,-35.5594420000001,1.859415,-5.208676,9.143454,-14.308272,-15.606624,31.234762,-1.882507,-1.598238,7.951658,12.357194,-2.607497,6.204594,14.05612,-11.547521,-6.89843299999999,-4.458259,-1.439255,-12.253456,-25.960494,4.954385,-4.941624,-4.149672,-15.009131,-9.91539700000001,-0.309222,-1.677908,0.017591000000003,-19.351547,-7.124586,-7.44734899999999,9.81547,1.73979,-6.41458300000001,0.776307,1.564174,-6.75014100000001,6.51379299999999,8.39513700000001,3.40379,-1.278448,0.432532999999998,-0.837344,-13.617654,2.258871,-9.064068,11.220033,-12.079263,-13.723212,10.616663,-23.727227,3.297658,-17.043653,12.484146,0.923113999999999,-10.066645,-25.02024,9.37843200000001,37.681275,1.982097,-6.682792,27.226214,16.350243,-1.250057,4.441936,23.255491,-2.185311,-9.37169399999999,0.408679000000001,4.771577,12.05194,-9.989316,-8.30166499999999,3.826603,-17.162123,8.174845,-8.01911600000001,-18.686891,-7.989552,4.035559,-6.38472800000001,10.093548,-17.234668,-14.640099,-21.118717,-12.508603,14.951902,6.641711,-7.925848,-11.98819,-0.561381,23.393053,5.251684,-4.836718,-38.673149,-0.829299,35.089124
3,Q03181,-27.547805,-1.178393,-4.494431,-27.682875,-3.536138,-8.156247,8.911073,-2.494148,-12.455858,30.778191,-1.942771,2.274535,1.691467,12.117443,-5.551062,6.61024399999999,11.894173,-14.4492,-3.932842,-8.95586000000001,-0.746909,-4.75333,-20.535719,2.743823,0.446347000000001,2.715926,-7.911065,-5.833304,0.766054000000001,-7.563866,0.916402999999997,-21.143547,0.354524000000001,-4.962409,11.602343,7.875205,-11.599361,-0.775248,3.201945,-3.15717,3.050716,6.713793,8.746455,-9.503058,5.397698,5.396031,-10.828335,-2.365048,-8.425,10.55241,-15.258976,-11.180961,12.551217,-20.736476,14.806353,-21.6344,7.575356,-0.427540999999999,-12.279666,-31.61095,2.570814,38.303107,3.433436,3.107289,17.565706,11.188549,2.41452,12.074544,19.982206,-12.51198,-8.424496,9.772389,0.164258999999999,6.79776,-1.19383,-11.349992,13.799603,-4.598128,8.830097,-7.706259,-16.639427,1.493513,2.91541,1.221878,12.063919,-9.331688,-15.952103,-11.699733,-13.282468,14.323474,6.75735400000001,-6.183192,-1.331177,3.308672,24.251887,4.058977,-6.663386,-22.452491,-8.22360199999999,33.748929
4,Q14994,-23.038054,-4.274042,-5.74698,-24.835353,-1.963201,2.127158,4.908194,0.609164,-11.034681,25.153107,-3.316402,-0.388537,-3.724998,11.113534,-4.41547799999999,5.702313,5.305754,-10.727331,1.98837,-5.82116899999999,-6.229788,-12.555488,-9.534777,3.262298,-2.002753,-8.831141,-6.017875,-6.909114,0.598340000000001,-4.75229600000001,4.897224,-26.020962,-2.988608,-6.446707,14.461183,3.385869,-10.009898,-2.403003,6.371056,-0.064632,5.833086,4.742577,7.111636,-2.980402,8.63963,-0.588156999999999,-14.54136,2.686688,-13.544175,8.824736,-8.727738,-6.789837,5.75862999999999,-14.828172,11.413318,-13.90325,4.354428,0.476777000000001,-5.735026,-19.302352,4.284267,32.104207,-0.058689000000001,4.868018,13.833952,9.37098300000001,3.277901,5.613295,13.505497,-3.222536,-11.411618,7.033488,5.311257,4.545331,-0.262432,-12.332413,5.525931,-11.308852,7.445792,-1.199476,-12.833946,1.903473,13.098129,1.020532,7.626546,-7.433403,-15.20354,-6.461202,-11.521895,5.78839599999999,6.955793,-9.321991,-4.260673,2.792969,17.159677,5.714854,-8.62924200000001,-14.507209,-11.125534,24.781041
5,P08235,-60.220696,-33.312521,-37.570214,-83.342526,-2.829078,-24.537312,13.765538,-34.186405,-26.466388,54.282661,-8.08070000000001,5.684754,2.439271,7.51753200000001,6.42822599999999,5.655233,26.821585,-22.661979,-19.876044,-19.37526,0.848074999999999,-23.969289,-50.3311799999999,9.638457,-18.152088,-0.262657000000001,-31.002213,-10.546843,-2.604055,-23.827803,3.118552,-49.0439280000001,-9.529102,-23.56321,5.05212499999999,18.320664,-29.094021,13.50126,11.446618,-17.435902,16.06174,22.479085,11.116734,4.419805,-14.027158,-5.823181,-32.038072,10.441854,-11.486215,30.710697,-37.9244559999999,-30.197929,22.285122,-53.004743,10.092964,-29.161317,22.788252,-18.113384,-24.818455,-48.573717,32.320117,66.28953,-5.01202300000001,-17.225518,59.5809730000001,27.23673,4.61048,9.84338699999998,48.976058,4.53565,-13.863279,-10.162724,9.712108,27.492335,-17.628543,-33.451839,2.497604,-37.540991,15.962788,-32.925122,-47.744656,-27.416705,15.790156,-8.94611800000001,33.249575,-34.729397,-18.019795,-40.919587,-28.652325,30.390959,15.331432,-12.599357,-21.718336,15.132112,39.38236,20.918916,-16.399623,-89.374122,-9.83646800000002,67.417917
6,Q9Y5X4,-28.076526,-10.51208,-7.892661,-27.193178,-6.56507800000001,-5.47352,9.666402,0.395269000000001,-8.155128,29.110759,-3.586323,-0.801330000000001,-2.841752,5.446173,-0.58128,-0.789607,5.67746,-8.649682,-1.461583,-0.898630000000001,-3.096853,-12.384014,-15.942647,10.685116,-4.211087,-7.78384,-4.307309,1.133515,0.620915,-0.543363000000001,1.481869,-23.820992,-8.152523,-8.99744200000001,9.493388,3.887675,-14.292377,1.650774,9.784575,-3.284781,5.60540800000001,3.729861,9.092756,-0.181295000000001,2.961437,2.949895,-11.116257,0.894386999999997,-9.375948,8.669118,-8.895171,-14.987033,1.521242,-24.656608,9.953652,-11.076007,0.050986999999998,-3.824261,-9.049743,-19.552942,15.946685,39.706823,0.978079000000001,8.818525,16.26912,14.290418,7.489508,2.568084,18.409725,6.609308,-16.266394,0.819014999999998,5.846956,8.327943,-17.440677,-7.077834,5.383213,-18.652028,5.762489,-2.155142,-12.916305,-9.98248800000001,4.43861,1.338413,10.257855,-10.281013,-12.033989,-6.81041,-5.404399,5.634034,13.452723,-10.427785,-10.834203,5.70419,20.828169,11.099983,-3.146054,-32.196855,-14.85655,36.119211
7,P51843,-30.579588,-2.379163,-5.34742299999999,-29.352925,-6.159016,0.976196,7.64474600000001,-6.071024,-10.700195,34.208501,-5.680318,-8.41977500000001,-2.379244,10.565823,6.130544,3.74584699999999,4.717102,-16.294829,5.757442,-3.476864,0.388309999999999,-12.912129,-18.799436,9.65478199999999,-1.151933,-5.931748,-13.996466,-5.252501,-3.564611,3.198806,5.259435,-29.478475,-5.24198,-2.898642,9.249675,4.155467,-17.752035,-2.194417,7.615748,-5.159566,10.603483,6.112485,17.855752,-12.487286,-0.037196000000001,2.240205,-25.327917,2.137806,-12.255964,4.332002,-9.47365700000001,-19.467501,1.105326,-30.625874,11.038929,-18.813435,1.167161,-5.588362,-16.210681,-19.489212,13.362317,48.501635,0.176923000000001,5.902828,19.056874,9.927052,-2.030302,2.555738,18.278943,0.620088,-22.674241,-1.12976,-1.361684,10.827869,-15.126445,-12.500487,4.410462,-23.164471,5.296675,-1.396321,-9.928735,-5.534786,16.972037,1.765359,9.613926,-11.420271,-14.525755,-8.13696399999999,-5.38554400000001,6.164676,11.518809,-10.579888,-16.456362,11.780067,14.241505,12.46422,-11.403393,-30.577605,-15.091139,45.491023
8,P37231,-35.265561,-2.716703,-2.843669,-36.180417,1.862691,-6.70074699999999,13.279133,-4.85850999999999,-13.058778,32.041879,-6.056222,3.348957,-0.082936000000001,7.651936,-9.256919,5.787263,18.389125,-16.995498,-9.98769799999999,-16.541242,-0.301622000000001,-17.482588,-22.263882,-2.098815,-0.051593999999999,0.363476,-8.14108000000001,-9.802614,1.81667,-10.597406,-0.661121000000003,-22.778901,4.750031,-9.62029499999999,11.274556,14.281554,-6.544089,1.265135,-0.997525999999999,-5.611005,2.64636,6.694594,8.94886100000001,-7.871554,1.721265,4.89410000000001,-8.66785700000001,0.396463,-6.84065799999999,16.807871,-15.742774,-9.5871,22.746678,-22.393171,10.503531,-27.783953,6.41825300000001,-6.918456,-8.44961200000001,-38.765663,4.00081,33.063593,3.826783,1.915002,24.450107,12.899726,2.301068,17.011627,19.801838,-19.085562,-1.622931,6.62776899999999,1.365031,4.369555,5.509546,-16.722287,15.212852,-6.670499,6.06433,-13.956583,-20.281839,5.133678,-1.491177,3.426375,17.642461,-13.035851,-14.098245,-16.72706,-24.860671,14.300838,1.714073,-8.162348,-5.68704,-1.162145,21.777679,2.302643,-9.41932,-23.801938,-4.153511,35.280847
9,Q14541,-23.471909,-5.918868,-2.153457,-31.37505,1.277799,-2.198891,2.80996,-4.28503,-13.562209,26.249177,-4.965259,-0.337279,-0.847266,11.103899,0.498184999999999,5.343075,9.059097,-8.07192599999999,-0.447095999999999,-6.342505,-1.162042,-14.643431,-18.607428,2.712496,-7.620282,-3.600053,-11.67108,-6.204521,-0.382972,-4.388222,-2.668418,-26.765377,3.308809,-10.401414,8.686852,5.519915,-9.84886,-0.168900999999999,3.420231,-4.660141,9.76551099999999,6.766551,6.09207999999999,-4.17148400000001,5.702923,2.503729,-12.402309,-0.360641000000001,-5.065005,11.147702,-12.334015,-3.97836,13.606005,-19.800884,11.529201,-14.486314,8.21370400000001,-3.002724,-10.283312,-24.510647,6.99337400000001,31.696271,2.894872,1.409215,20.796644,6.178386,3.206348,8.989232,15.473527,-6.81559899999999,-9.796704,0.726564000000001,1.830731,3.489301,2.880548,-17.653122,6.276458,-8.605949,8.983567,-11.203819,-14.710536,-1.980477,7.762624,-0.311041,10.953661,-8.467113,-14.528856,-8.301628,-13.097033,12.10288,4.827846,-8.27215,-10.272441,-2.316671,12.94691,8.35268200000001,-3.07638,-25.126976,-8.621921,32.557353
10,P10827,-28.044781,-2.145973,-6.73909399999999,-27.657603,-3.504449,-7.967133,7.082493,-2.967126,-14.010315,31.404297,-2.602542,1.025144,3.021015,11.113314,-3.045483,4.576851,7.30751800000001,-17.434338,-1.736668,-5.99671,-0.378920999999999,-8.439892,-19.610673,1.253214,-7.39101799999999,1.823072,-9.168988,-1.298284,1.573974,-9.547203,-0.345056999999999,-33.440585,-5.533829,-3.035509,8.13983099999999,2.949132,-16.118066,0.867297000000003,5.90321,0.433895999999999,10.008449,5.103411,2.512175,-8.66616899999999,-0.179639000000001,1.961625,-15.398885,-4.006936,-14.180487,16.878465,-11.492986,-15.858484,8.25544600000001,-22.449561,15.642857,-23.414733,7.387821,-3.007437,-7.86714400000001,-32.585714,11.598776,43.861614,2.541215,3.912703,24.171399,9.81141499999999,2.136582,11.43317,26.411215,-6.489386,-16.116351,6.152697,5.083128,12.111925,-0.502764000000002,-18.582355,14.754032,-9.56128100000001,4.459337,-7.598192,-17.955504,-1.759357,5.652393,-2.770444,8.775216,-10.096759,-14.464014,-14.676852,-19.442985,20.883375,6.992235,-3.66365,-5.449978,5.119701,24.207694,5.88091600000001,-5.753264,-27.655694,-12.868643,38.116154
11,P55055,-33.78222,-13.442094,-10.021015,-30.451059,-11.944397,-4.833604,8.00945,-4.282495,-14.512103,32.364106,-1.891154,-2.469604,3.631411,11.035514,1.615729,-1.163937,3.49439,-15.427153,3.578548,-0.88567,-3.98401099999999,-9.279016,-13.62773,5.003813,-9.21639799999999,-4.018055,-6.473895,-4.62036799999999,-5.205126,-2.426788,4.226926,-30.50738,-9.033862,-7.30827499999999,3.22212,5.861354,-11.537471,-6.692865,8.135618,0.354434999999999,7.973405,8.63233099999999,11.948734,-6.264262,0.67176,-2.976506,-16.105651,-2.049041,-13.480513,10.016888,-11.22895,-17.164636,1.225748,-23.601066,14.26838,-13.749408,8.231105,2.818668,-6.836269,-28.020243,19.189614,40.550425,-2.316603,8.96606900000001,16.55545,13.019358,-0.276169999999999,0.192386,29.775607,0.365165999999996,-17.954139,-2.38216,5.37866,10.288611,-11.030419,-16.239771,10.358082,-12.055452,4.8482,-5.81648,-16.792979,-5.58076400000001,13.429711,-6.58445600000001,11.914847,-14.930044,-15.98782,-13.120926,-8.442201,13.98854,10.927937,-6.481954,-3.301554,13.39349,22.207844,6.574203,-6.326056,-34.272547,-8.901024,29.727397
12,O15528,-41.798019,-9.130103,-1.706888,-28.764655,-12.106382,1.336286,12.021977,-0.25918,-6.210574,45.152052,-7.64626000000001,-7.70625300000001,-0.189597000000002,15.347524,2.652393,-0.303428,-2.089232,-19.633659,9.255718,1.089441,-7.011806,-24.046591,-8.481885,8.618306,-9.577358,-15.857755,-3.584688,2.609761,-5.28210200000001,-3.803795,6.000513,-32.892086,-10.876773,-7.056282,14.468041,1.031717,-17.932776,-3.293679,15.969017,0.573457,7.51724899999999,8.96612699999999,14.567283,-7.488355,-2.080523,3.302017,-8.87561799999999,1.333557,-21.865229,4.398733,-7.618545,-23.036391,1.513359,-31.658568,13.016322,-21.943364,-0.976653999999999,2.033753,-13.539874,-22.597574,20.763995,45.336422,-4.081937,18.189478,11.781622,11.709524,4.639561,3.92114,21.747783,3.4392,-22.400597,-1.39658,3.627769,7.407479,-12.375096,-7.176626,9.757598,-19.367705,3.956402,-1.530291,-8.476946,-7.359165,24.439988,8.19420299999999,16.089827,-17.101376,-21.801826,8.310617,-7.760078,6.270735,14.591149,-23.759927,-17.738954,10.488185,19.032748,5.634099,-8.18745,-27.634804,-16.532581,38.325704
13,P15514,-11.718993,-2.619368,-2.465403,-15.719265,-3.45892,-7.069911,6.159775,-3.982508,-4.361965,17.789905,0.585648,-0.600065,1.366827,5.362915,0.703983,2.728453,6.299491,-6.81554,-3.292286,-1.908819,-0.356474999999999,-5.118436,-12.425781,-0.380534999999999,-4.56002700000001,5.68435899999999,-0.811511,-1.067804,-0.719552,-4.975163,-2.072196,-11.789982,-1.558661,-1.269237,4.452443,2.203611,-4.76610000000001,2.171056,5.669636,-1.480923,5.111993,5.42151,0.354863,-5.657758,-5.05262,1.40985,-6.202318,-0.096189,-1.577518,7.064938,-4.045658,-8.084882,5.86686900000001,-17.093063,8.318693,-14.133104,4.134003,-0.434003000000001,-2.813774,-16.975554,9.035227,20.078908,1.614873,1.191107,12.849285,6.060384,-3.871681,5.33250799999999,9.603159,-3.765575,-4.58074,0.603412999999999,3.920006,4.757433,0.927129,-7.927802,4.127101,-2.923372,3.412893,-5.118678,-13.201919,-2.565153,0.240522,-4.797535,7.820808,-5.330515,-7.487447,-11.622953,-8.531112,9.975695,3.407035,-1.482572,-1.926904,2.334259,10.907742,3.510758,-3.181254,-20.125564,-5.55281200000001,16.859665
14,P10275,-61.894801,-39.42465,-30.762523,-64.54612,-45.924724,-23.044735,8.026923,-13.266487,-23.351702,67.103427,-12.8223,-12.056059,-0.007887000000003,19.926023,33.245877,-6.941326,-0.588401999999993,-7.557366,15.683783,-14.605582,-6.06167500000001,-15.514266,-17.011881,14.628669,-37.8710369999999,-2.95984499999999,-29.483387,4.60792900000001,6.850751,-13.447738,11.316168,-79.3685600000002,-1.013911,-29.440832,-15.084195,24.190216,-34.780545,-1.612354,8.19056200000001,20.790509,8.136645,2.331025,32.233241,-0.300455000000001,-10.371088,-22.181378,-75.6620030000001,-1.545218,-30.232968,33.598052,-30.522245,-25.210295,-1.18757799999999,-70.2828630000001,26.711009,6.86327599999999,19.616148,-16.553964,-14.947809,-31.523624,27.649614,77.9094289999999,2.156894,9.50114100000001,33.217938,18.129316,-18.346453,-19.135577,62.8734919999999,23.88731,-54.136481,-10.446088,16.15348,11.503382,-17.786177,-24.632417,-4.56209900000001,-39.081978,2.662482,-26.381625,-15.912075,-22.981655,45.898267,-27.448727,39.533137,-28.657366,-21.460361,-27.8963789999999,-10.474662,23.882207,9.95140199999998,-10.916318,30.833373,24.21355,55.552769,15.245564,-24.267388,-59.157033,-25.380987,80.7011109999999
15,P43354,-36.930527,-11.069933,-14.640218,-49.106993,2.673601,-8.772006,11.865311,-9.55683199999999,-19.504578,39.840198,-7.14131700000001,-1.568769,3.22211,9.48626499999999,3.78193599999999,8.50975899999999,14.883506,-18.539178,-7.735177,-15.54531,-0.704183000000001,-20.298218,-23.052344,9.520061,-12.658371,-2.299668,-18.312268,-9.24464600000001,-2.872471,-6.530884,3.540831,-31.111051,-1.641384,-14.7699,6.567217,9.753723,-11.355491,4.236695,4.868284,-5.834346,6.815542,8.834488,13.704969,0.480899,-4.198721,-4.76718,-23.698142,2.666032,-16.614719,19.297126,-21.598181,-22.049365,8.95886,-34.766719,6.836113,-15.339947,10.446135,-7.719444,-16.712465,-28.976257,15.923794,47.996351,-3.372639,-7.158679,33.236096,17.12139,0.141951,0.447841,30.014642,0.451753000000002,-13.922047,-2.89889600000001,1.333239,14.246078,-15.961069,-19.41875,2.426001,-27.842076,11.016387,-13.517012,-24.541427,-11.881934,14.324646,-4.161599,10.381152,-19.510295,-17.770524,-13.273971,-12.502071,21.470815,3.622944,-6.437514,-17.641615,3.295467,27.656061,10.946304,-4.628907,-52.603503,-11.912547,45.278513
16,O00482,-33.401902,-6.913488,-8.98036899999999,-38.22633,-2.144255,-8.432693,7.757175,-8.654749,-20.512137,36.708432,-4.254323,2.891097,-7.528278,7.81002700000001,-2.376552,8.334395,15.906303,-18.525888,-5.124201,-10.793973,-4.231263,-14.443766,-20.246518,0.661484,-7.36738600000001,-3.467041,-9.471956,-8.863075,-4.062583,-10.732983,1.217496,-28.897114,-2.638911,-10.760698,10.576517,10.181159,-12.02239,4.780573,2.763609,-3.022228,3.750587,10.858524,12.876106,-1.700181,8.72918099999999,3.881407,-20.440762,-5.759125,-6.328986,18.190511,-16.876013,-12.870873,17.317465,-26.025826,13.902937,-22.340479,10.429885,-3.749027,-13.406545,-32.03879,6.134521,41.403816,2.921534,-1.945793,27.151302,14.371454,4.591007,12.394666,22.588803,-10.428809,-10.089526,6.143953,0.254156000000001,8.48003100000001,4.588538,-18.108335,14.510213,-10.115063,6.25938899999999,-13.418089,-17.251326,-3.903495,13.863682,-2.165271,10.334131,-16.080337,-19.273187,-15.505924,-19.655503,14.523445,5.319495,-15.143186,-6.38640400000001,-6.601012,25.772986,3.377914,-8.720701,-26.548312,-14.844062,41.129855
17,P28702,-40.6387720000001,-11.336545,-10.124193,-39.163668,-11.403912,-11.169135,13.410613,-5.671962,-15.225186,42.913836,-5.246397,-13.363948,12.08431,11.709027,6.55743799999999,-2.927799,1.821658,-9.823987,12.290447,6.28826700000001,-2.815561,-16.78039,-19.456229,8.083573,-7.265199,-9.10572600000001,-18.084456,5.643735,-9.31690400000001,4.94428700000001,7.311063,-25.122962,-5.75226000000001,-12.252237,4.807164,2.040098,-14.692196,-16.47723,14.394186,7.452147,12.593525,10.177489,16.321879,1.410817,-12.431087,-6.766937,-18.702355,3.598857,-20.63986,9.97979000000001,-11.29934,-27.126412,-0.379742,-41.156268,13.253339,-17.206943,3.944345,4.045014,-16.010818,-17.391209,31.236173,43.731598,-10.028369,11.909002,16.349325,17.246745,-6.698927,-7.91060600000001,28.651113,6.429475,-24.6790850000001,-1.611139,7.404829,13.367314,-24.422491,-9.85401400000001,-4.785701,-24.305369,11.144168,-5.832631,-18.457481,-8.77006700000001,14.777138,-12.986176,7.471977,-15.748743,-21.800505,-8.96541600000001,3.218679,11.54547,4.891478,-16.891008,-16.225136,13.789917,27.180239,13.851769,-6.639762,-46.863847,-12.024088,45.586022
18,P51449,-27.931773,-6.94703199999999,-14.837214,-30.355875,-7.989038,-6.453829,4.77269,-3.480589,-20.577267,38.671148,-8.084203,2.428684,-0.224116,14.350122,2.451451,3.078975,9.59335800000001,-15.288284,2.39275,-7.69426400000001,-7.487658,-16.707637,-17.273621,1.86085,-4.39771,-6.03967599999999,-13.214956,-2.705381,-3.26344,-5.694002,2.818102,-36.276487,-6.358874,-7.116048,11.07735,3.46324700000001,-10.58086,0.956601000000002,9.879284,2.265825,10.102895,8.057385,9.06629600000001,-10.953068,8.952968,0.740955000000001,-22.512846,-1.901575,-15.420322,15.457653,-20.286092,-14.307172,0.903894000000002,-24.244761,18.867491,-16.773355,6.82663,-4.914265,-14.332519,-32.418205,11.33964,43.60756,1.182142,2.315337,21.873838,14.712477,1.825429,0.746668999999998,27.437522,-2.346701,-20.253634,4.10812,7.32031799999999,10.180139,-7.50659,-15.133924,7.88981800000001,-15.71941,8.92527099999999,-7.460363,-14.158239,-1.185813,13.624345,-0.378096999999999,13.920415,-14.413514,-22.572838,-11.568013,-16.458805,23.109941,10.359729,-1.707244,-5.671228,5.695906,25.023111,6.75549,-8.240913,-29.355524,-14.282025,41.178473
19,P20393,-38.470043,-23.258351,-24.639354,-51.4934070000001,-10.116318,-14.032771,12.564559,-14.006157,-15.814955,42.77044,-8.545419,3.282996,5.39784799999999,8.83941799999999,11.848915,1.322078,13.537467,-8.748794,-11.433079,-3.178718,-5.45549800000001,-16.190554,-28.628616,10.589548,-9.527819,-8.36739199999999,-18.721879,-3.944954,-6.455921,-2.27388,10.829708,-27.563666,-9.22427099999999,-14.379547,9.077532,7.286229,-12.781578,5.668146,2.79759,-7.011247,10.539917,10.113951,10.152666,2.970263,-6.744368,-0.333578000000001,-23.332912,8.365656,-14.014421,18.7377600000001,-26.226746,-21.009418,9.281081,-31.992702,1.450739,-10.937819,13.845103,-7.27863600000001,-12.787309,-20.841035,26.692771,53.728372,-7.48035,-5.435721,29.321956,12.549418,4.90117900000001,-0.219285999999999,32.401069,13.400301,-13.83115,-15.300756,-1.478235,17.034812,-15.755873,-12.932108,2.889285,-35.053512,12.545888,-12.634229,-31.775063,-21.973684,17.044067,-5.322818,16.902706,-21.687474,-18.384472,-21.448703,-16.727058,17.6627,8.360662,-8.891499,-20.167547,12.587947,29.608095,12.494424,-4.839291,-62.1226540000001,-8.559645,42.173136
20,P11473,-25.061514,-5.462304,-6.13816400000001,-31.203674,-2.572392,-4.980024,8.329144,-5.294548,-15.006907,23.340167,-2.808999,3.795048,0.254662999999999,4.445737,-6.926664,5.939759,11.340674,-14.113346,-6.65747800000001,-7.699565,-1.52651,-11.035364,-20.328029,4.107184,-4.53747800000001,-3.148831,-10.829838,-0.303714,0.508762000000001,-2.914434,4.654616,-22.033268,-2.756142,-6.54004499999999,7.415342,4.423772,-12.252795,0.378143000000001,8.060905,-10.094658,7.312073,6.678779,2.900592,-5.810768,0.886415,4.774295,-10.56017,-0.621442000000001,-9.58875900000001,16.601207,-12.148771,-9.594744,12.370501,-18.186056,8.785604,-21.114537,14.072706,-5.247969,-0.397209999999999,-29.44469,8.41816300000001,36.011461,2.914839,-0.349444000000001,19.180813,10.030648,-1.31591,8.897153,20.10385,-8.17176000000001,-10.041067,-1.703803,4.070462,5.462896,-4.344902,-12.218813,13.06507,-13.120098,7.08351100000001,-5.873901,-18.16661,-0.915194,3.211782,-1.256263,10.54996,-8.57762899999999,-11.665758,-15.922262,-15.316287,21.925978,5.752126,2.517816,-7.496452,-0.258709000000001,24.436965,2.719407,-5.293065,-32.367366,-9.50948900000001,31.653442
21,P48443,-32.857132,-5.58810100000001,-5.461361,-37.723449,1.16219,-5.941941,8.77893300000001,-8.072584,-11.44729,32.676916,-3.079344,-2.99565,6.244981,4.760745,-0.46558,4.45835,12.107166,-3.619931,-2.982587,-5.023649,-1.505882,-12.773414,-23.48016,1.487308,-5.795389,-5.858262,-10.285618,-3.528053,-2.429405,-3.678316,-4.901783,-23.367303,-2.54963,-8.856721,10.66793,5.821323,-14.761405,-0.971003999999999,5.262881,-4.257574,9.431849,10.356161,7.92991900000001,-1.258736,-1.639041,0.542779999999999,-10.69289,-0.784910000000001,-11.426868,11.494146,-13.063567,-14.423003,6.898564,-24.37775,11.947248,-16.524444,8.580909,0.343196,-7.91960299999999,-27.011098,10.543072,33.351677,-2.290872,4.164305,20.610568,14.082231,3.886636,7.669876,17.47866,-9.88838699999999,-13.134704,0.673690999999997,-1.925227,10.164248,-10.914546,-11.816876,7.195985,-13.715471,9.718936,-7.015219,-12.539174,-8.97251700000001,4.779532,0.900898,11.537111,-17.05153,-16.180536,-7.563853,-13.692946,10.664256,5.665045,-14.370318,-8.85196,7.491947,18.191649,2.281961,-7.167292,-31.822872,-11.313035,35.025515
22,Q92731,-30.799181,-3.302415,-11.712219,-40.8181,-3.112008,-6.898921,7.928445,-8.38512900000001,-15.885955,34.487042,-4.670015,1.61387,-0.618006,11.504646,-0.773332000000002,4.603333,9.43178300000001,-13.339773,-5.344727,-8.48433499999999,0.831345,-17.228301,-21.772191,1.302825,-1.286016,-4.570866,-17.21986,-5.168247,-0.405887,-3.27189,6.190844,-31.757954,-3.837659,-6.161148,11.350663,-1.501708,-18.45722,4.954708,4.599032,-5.767365,8.489976,8.068957,9.135189,-8.94936600000001,1.368857,2.54041,-21.796328,-2.097781,-11.641775,13.343955,-21.547562,-17.982571,7.90253999999999,-26.484701,11.930524,-20.374992,11.342193,-8.95289,-5.49104,-29.007334,10.017451,45.338377,5.43848700000001,-0.694930000000001,32.468566,13.818819,-1.510781,9.576148,26.001492,-2.205567,-22.344688,-1.690548,4.48151,8.975441,-6.737236,-18.66757,11.157836,-18.213446,10.462233,-2.758546,-21.941098,-11.451594,12.429506,2.056434,11.783389,-15.225142,-13.648678,-9.14067400000001,-11.855943,17.445793,10.205504,-9.32678099999999,-10.243613,3.431594,20.182844,6.43911500000001,-5.967673,-38.567279,-14.490099,40.440559
23,Q92570,-42.74198,-30.237268,-12.148564,-51.882606,-19.224545,-10.468259,21.587599,-12.830998,-8.69360400000001,43.048318,-9.39589099999999,-5.81239599999999,10.095989,18.274952,9.11134999999998,8.06011,18.109232,-1.85035899999999,-5.941201,-5.161975,-2.469672,-19.541051,-20.505838,17.612882,-19.207552,-11.719942,-20.737513,-0.650131999999998,-8.60634799999999,-1.547738,10.077738,-33.824389,-6.413904,-19.085194,6.324247,2.702712,-17.105761,9.26384199999999,6.60277,4.310558,0.530436000000004,1.795344,12.882867,-2.731631,-5.267344,-14.296218,-24.934155,2.230123,-26.490023,23.689149,-25.879496,-15.741135,1.803357,-45.541539,-0.055579999999994,-4.122126,14.814369,-10.968442,-21.825897,-19.365015,23.42181,49.101175,4.8455,1.346221,30.823093,10.260644,1.052762,-12.235308,38.565609,24.471344,-31.932912,-2.5137,15.800638,18.705246,-32.712992,-14.000066,-3.39698100000001,-34.989867,8.514825,-15.571489,-34.122318,-17.959504,8.782128,-3.846878,21.87546,-24.150038,-20.01284,-16.936897,-14.050712,13.88922,2.083483,-0.065426000000001,-8.586223,10.190621,42.146691,12.107861,0.928752999999998,-56.2801020000001,-16.409794,51.1903560000001
24,P62508,-28.584847,-5.84830300000001,-5.711609,-30.203606,-2.28586,-3.063508,9.800354,-5.126849,-11.228684,23.376921,-3.182208,5.056334,-1.617369,9.51635900000001,-4.054288,5.530768,10.931491,-18.373566,-4.982169,-8.57981800000001,-0.903302999999999,-13.075979,-23.995525,3.034287,-7.656399,0.144960000000002,-9.13332,-1.404663,-3.46925,-8.60758399999999,-1.460776,-26.56264,0.471211,-6.596313,8.126185,2.526817,-9.51648300000001,-0.923547,5.37033,-6.531961,8.48732700000001,6.81203,4.40212000000001,-6.666465,-0.25118,0.069772,-16.216455,0.401337000000001,-6.53941999999999,17.673562,-14.934683,-13.210851,14.512248,-21.161824,6.12764699999999,-21.127961,10.480868,-7.783428,-5.873883,-34.508874,7.389487,37.497151,4.059135,3.884309,17.887442,11.832927,1.353036,12.302343,18.689476,-7.554001,-10.070822,3.527778,4.131901,10.091048,-2.038397,-10.404509,12.492407,-10.087058,4.408801,-8.85575,-18.827578,-7.405798,1.353176,-1.340743,14.668227,-9.52037499999999,-14.813451,-16.028694,-14.493611,15.635471,7.140552,-4.393832,-6.07483,-1.203541,19.716796,6.350464,-2.31178,-31.08624,-9.33827,34.672834
25,P15121,-19.988654,0.040816,-1.670379,-24.619807,0.671447,-0.645718,9.30414599999999,-4.201863,-3.356004,17.593443,-2.00695,-0.905628999999999,-2.905598,6.43796399999999,-4.03252,2.071746,8.77601200000001,-14.469924,-1.179947,-9.093399,-0.453424,-10.094545,-11.844988,-1.252519,-2.56975,-1.697928,-7.892316,-2.372116,-0.061842999999999,-9.265015,-3.584119,-18.166461,2.250014,-4.977029,3.846021,6.68904499999999,-4.846883,-4.310215,3.120093,-4.144283,-0.768079,3.828591,5.625312,-2.432867,-3.375782,3.114671,-8.061945,-3.431785,-2.084725,6.543468,-7.608601,-8.411064,11.19053,-17.140394,8.88781,-18.119992,3.133601,-3.959899,-7.40358100000001,-21.223343,2.127584,19.587515,3.009388,-1.49115,17.071751,11.302726,0.169008,6.965883,10.299844,-9.9545,-2.038485,2.777313,-1.28837,4.277693,1.205232,-11.599407,8.121439,-6.78738400000001,3.040316,-5.943107,-12.199273,0.964996000000001,3.978446,3.000016,8.86695,-8.086132,-8.067783,-5.586549,-14.614477,5.205108,1.71977,-9.448352,-4.954921,-0.042494,10.840743,4.291866,-8.380957,-15.969147,-2.835187,24.94428
26,P49116,-36.666799,-9.84429400000001,-7.28611100000001,-45.353882,3.745243,-5.624799,7.62676900000001,-15.098925,-11.802462,36.11991,-3.392107,3.956186,0.868294999999998,7.61175300000001,1.583243,5.554415,11.254209,-12.073019,-12.017023,-13.511236,-0.355649000000001,-19.49029,-33.635016,3.041105,-15.431645,-4.333542,-12.869004,-9.524255,-5.369655,-17.49264,-5.65497,-32.093772,-3.644411,-6.994243,9.849273,11.049469,-14.974999,1.47681,6.81579299999999,-2.732648,14.573556,9.433809,8.00183600000001,0.584461000000001,-0.701741000000002,5.070469,-17.706375,1.860509,-6.594807,10.830382,-14.951774,-17.31119,21.252438,-27.6761,12.380868,-25.044749,11.19253,-2.523233,-8.509662,-33.082114,9.91980699999999,47.213358,-2.708503,1.917367,27.510543,18.994008,7.101345,12.045654,19.438011,-8.006284,-8.23274999999999,-2.54808800000001,1.985124,13.17785,-4.176392,-18.69079,18.291814,-18.316656,16.895746,-13.502678,-25.097013,-9.33738000000001,4.913253,-2.937496,26.765951,-17.551654,-16.279365,-14.135754,-24.005491,15.126801,13.166137,-12.522547,-8.311868,5.613822,25.241904,5.17312499999999,-6.458118,-37.61091,-11.674303,38.61903
27,P13631,-30.984379,-5.668925,-12.889191,-36.002675,-3.545466,-8.870167,11.425155,-5.84697100000001,-13.772207,31.098662,-0.845181999999999,-4.720456,6.472674,9.954018,-0.975653999999998,3.55376,7.311724,-16.712918,-3.261793,-0.158334,-4.519519,-11.110454,-23.464039,1.836458,-6.556432,-4.234388,-11.349615,-4.531727,-1.383257,-0.555417,0.356727,-22.414966,-3.275907,-1.07168,6.39864399999999,5.203117,-13.185628,-4.768789,3.73864800000001,-4.433056,6.52763800000001,10.861596,2.377637,-0.189467,0.125904,-0.562625000000001,-9.964625,1.692944,-9.949232,11.801659,-10.264821,-19.091967,7.55367600000001,-27.686001,8.706231,-15.893455,10.351743,4.024573,-6.19166500000001,-29.05436,9.531413,37.706135,-0.199394999999999,-0.020663,21.969407,16.882811,-2.693873,3.051834,28.501356,-5.831083,-10.200296,1.52945,1.802568,9.21633100000001,-5.993273,-8.647671,5.642557,-15.43386,4.859195,-4.389868,-16.535685,-2.733687,7.203718,-7.375024,7.84881,-15.754217,-16.116042,-13.526358,-9.479457,15.015956,2.620174,-11.667303,-8.891561,3.741366,19.792258,5.634542,-9.210992,-33.186273,-1.987064,33.755798
28,Q13285,-32.577644,-6.732118,-4.835983,-33.116704,-7.204566,-1.016797,8.342665,-6.922721,-19.789483,32.727776,-4.749751,-3.652311,-5.734784,13.046599,-2.327096,7.204554,5.22270399999999,-17.913588,4.864609,0.707757,-5.059063,-12.777701,-12.795432,0.788796,-2.95328,-6.789529,-12.782272,-2.401548,-2.950046,-1.874923,5.23047,-29.798073,-2.395445,-8.095442,7.512217,3.084392,-12.849657,-2.172038,4.545911,-0.544141,4.15445799999999,3.207435,15.393856,-6.923022,3.523283,-1.769952,-16.880036,-3.136003,-11.03943,11.534825,-7.251496,-17.763598,5.260223,-28.447844,14.05331,-21.507467,2.533051,0.442714000000001,-14.800843,-25.567432,12.414476,36.032751,-3.901155,5.077915,18.151166,9.86230399999999,-3.280484,-0.111619000000002,22.307229,0.604338,-13.279167,9.04185000000001,7.443074,9.07966400000001,-10.600962,-11.41958,6.76210500000001,-12.794013,4.167464,-4.128731,-13.187012,0.38297,13.096366,-3.524832,4.999576,-16.600209,-19.784964,-11.219234,-4.622451,9.77658000000002,-0.121182000000002,-14.734071,-8.614371,8.879762,23.78391,6.45125800000001,-7.524149,-27.250298,-8.929069,40.071266
29,O95718,-29.47627,-6.33701699999999,-5.85263400000001,-27.492505,-5.757715,-3.700972,8.821929,-1.430476,-11.855252,23.324252,-2.43651,3.259169,2.251973,7.017646,-3.184506,5.29057599999999,8.060223,-14.36622,1.811264,-5.791046,-3.040928,-12.781747,-22.151537,2.214425,-6.418794,-2.095017,-8.168011,-0.546134000000001,-2.552099,-5.959762,-0.929654000000001,-25.132141,-1.552973,-7.89244,5.26907100000001,1.375923,-13.312443,-2.798757,8.520451,-4.383358,5.716726,9.28787500000001,3.61553,-6.80573,-0.575373,0.144725999999999,-11.243101,-2.324911,-8.117602,13.699587,-12.653652,-13.973054,11.216823,-22.643095,7.08970900000001,-20.871035,9.936191,-2.824488,-3.372453,-28.196331,10.678394,37.203364,0.563698999999999,6.542894,15.001268,11.461002,-1.679369,8.920731,17.343789,-8.93966399999999,-14.06211,4.86418900000001,6.86227499999999,7.132035,-2.979893,-7.832947,8.990347,-8.63160300000001,3.166191,-7.45164600000001,-15.711732,-9.41177100000001,3.31011,-0.296315000000001,11.867599,-10.545675,-16.409241,-10.889759,-10.245717,15.220992,8.148384,-6.818038,-7.331052,0.418042000000001,18.516033,4.7765,-5.596334,-27.1169,-11.286425,36.427625
30,Q92753,-25.573773,-4.619131,-8.69083,-30.274324,-2.882532,-4.19122600000001,5.442718,-8.15001499999999,-17.167616,32.635434,-3.137167,1.073086,-3.458672,10.339564,-2.285885,11.127951,13.117062,-14.599934,-4.716322,-13.867968,-3.403424,-6.51586099999999,-18.829726,-1.211742,-6.088473,2.108134,-12.98049,-7.148978,-2.368619,-12.937329,-3.537343,-30.666015,3.841689,-9.85348,11.537855,10.557928,-6.91803400000001,2.788739,-2.962256,-3.021066,8.08078999999999,9.34194699999999,5.515509,-9.240362,8.194944,6.80174800000001,-21.066721,-3.621074,-6.034103,11.827843,-14.837296,-10.284213,11.231138,-21.976524,11.980812,-17.597289,10.845801,-8.844361,-12.619563,-31.480542,0.176380000000001,32.967899,3.344518,-4.696137,24.631361,12.826766,4.830598,10.007637,18.890453,-13.852392,-11.130666,5.469394,0.597516,8.01586400000001,9.469459,-14.93262,10.948487,-7.681394,9.33907899999999,-7.68373099999999,-18.957389,2.752895,8.896276,0.058461,12.340413,-10.585101,-21.338729,-13.28369,-23.403724,17.974938,4.073879,-2.469667,-1.257967,-3.29716099999999,23.287162,5.695352,-7.484577,-24.833122,-8.78887000000001,33.71562
31,P11474,-37.953011,-11.143925,1.345022,-26.266191,-12.732539,-0.496929000000001,10.771058,2.817463,-4.795512,32.081252,-2.431895,-4.955847,-0.961681,12.66162,-0.689786,-2.684818,-0.911791,-17.501117,9.93195699999999,5.144009,-2.357532,-15.634191,-17.815222,3.406173,-3.65045,-6.034743,-8.346405,4.114499,-3.530109,-2.076286,4.453935,-28.436557,-7.153891,-1.822273,6.465896,2.166925,-12.826187,-7.98389499999999,13.532322,2.14621,5.410762,7.618537,9.38996,-4.988371,-4.624484,-1.36282,-8.128454,2.349426,-18.34873,10.05624,-5.338745,-22.284546,1.788204,-21.915769,13.90371,-18.962632,-0.355802,4.704302,-3.164812,-24.955058,20.000154,40.680779,-2.855384,18.84439,7.43296,16.573974,1.392428,6.438587,19.064888,-5.186393,-21.20638,6.381012,4.373445,6.693441,-10.90469,-8.77439700000001,6.691163,-9.59832600000001,1.279496,-0.664507000000002,-7.305374,-6.863535,7.89466,1.833358,13.901802,-4.846896,-17.744917,-2.221781,-3.616795,9.14097700000001,13.216719,-19.730006,-5.266911,11.177423,17.880272,6.957968,-3.313821,-22.012748,-11.256687,31.323581
32,P35398,-30.160206,-8.75996400000001,-13.000113,-31.801326,-4.94864200000001,-8.387188,5.390449,-9.289388,-13.665785,34.653395,-9.09373499999999,-0.804455,-0.768801999999999,13.025125,0.616929999999996,8.79055800000001,16.937222,-13.345785,-4.664072,-13.118769,-2.94449,-9.939655,-18.196238,5.47503000000001,-6.216889,0.518109,-14.606606,-8.84837,1.188385,-12.105038,-0.066916,-33.634286,-0.915125000000001,-10.827636,7.602047,8.309094,-8.942048,1.600976,2.216188,-0.425797000000001,7.703875,2.147456,8.501744,-0.578659999999999,5.38836,1.6237,-18.742468,-1.280915,-7.505963,16.526766,-14.721757,-9.41219300000001,8.278826,-30.27647,17.111624,-18.306698,10.279322,-5.552329,-9.342818,-36.875172,6.195303,41.722148,5.17214400000001,-1.536347,28.347321,13.845451,2.99000700000001,9.15239199999999,20.366008,-3.675888,-13.63164,4.813301,3.432083,13.162122,0.234987000000001,-16.626642,7.910351,-15.619751,12.332448,-8.80140700000001,-20.635713,-0.258413000000001,8.255484,-3.62806400000001,14.275114,-14.708394,-17.097351,-19.799937,-23.070525,14.432922,5.760388,-1.973957,-7.86337900000001,3.34558500000001,28.323218,7.74389399999999,-7.441178,-30.194493,-10.636983,39.445677
33,P06401,-74.9331039999999,-28.755439,-15.885016,-68.8453389999998,-26.781664,-14.413517,19.188216,-15.352854,-11.097554,59.334427,-13.738856,-16.371773,1.336872,23.092195,8.41631299999999,8.564245,-0.087206999999998,-19.801031,5.50852799999999,-4.391759,-9.156298,-25.012016,-35.098584,19.417501,-16.924287,-20.127443,-18.395622,8.49162499999999,-12.808598,-6.407628,10.503107,-51.9420160000001,-20.492247,-19.383138,2.140809,10.700872,-33.882005,-7.353481,22.890332,0.270366999999999,16.649278,16.493399,26.312925,-5.077351,-15.940872,-1.607692,-25.734489,12.375412,-33.081046,26.764756,-16.182548,-45.6140550000001,2.468462,-69.7465,16.915856,-27.413504,0.160059,0.358446000000002,-19.174575,-37.288531,51.607268,72.889355,-15.894602,19.757621,29.643727,33.204411,2.966543,-3.526757,48.508636,20.965503,-33.734434,-6.55637300000001,17.233242,26.046775,-39.5234899999999,-21.933045,-4.32774600000001,-43.4112540000001,7.27885,-15.488008,-32.464296,-27.305492,22.982195,-11.415653,22.934527,-36.283994,-20.231944,-19.566716,-6.937416,13.081081,27.928025,-33.120794,-26.683458,29.02063,46.2777360000001,24.042363,-7.42700600000001,-76.870469,-24.470524,73.007601
34,P10276,-26.292472,-6.717312,-14.136719,-38.966674,-2.014931,-8.57548,9.40219,-12.173309,-17.187488,26.800996,-3.569933,-1.455434,8.460233,11.832047,4.693248,2.07469599999999,12.293276,-14.116723,-4.24299,-3.787816,-3.434658,-12.452022,-26.154501,5.634617,-7.109095,-5.110206,-15.776884,-6.445031,-1.579541,1.087522,1.748805,-18.262252,-4.374364,-6.919545,8.703725,2.847991,-10.819674,-1.428285,3.830985,-4.779539,7.26100599999999,9.24295800000001,5.962136,-0.189780000000002,-1.587526,0.007748999999999,-17.02829,4.515688,-10.067955,12.240579,-14.192242,-19.502137,8.794069,-24.873678,6.5431,-13.412016,13.495678,2.458451,-8.268646,-23.134121,14.016122,36.575214,0.543256,-5.308449,23.648694,17.643487,-2.106031,0.573610000000001,28.885085,-0.223908000000002,-11.85378,-3.133306,4.206313,11.950345,-8.539116,-9.981085,-3.940761,-19.114665,5.376164,-7.012033,-19.767128,-10.441177,9.1573,-5.611018,10.299737,-12.844234,-17.829028,-19.843498,-10.878079,14.914664,6.548697,-7.023942,-7.432359,4.408009,21.450723,9.461681,-5.087231,-42.194368,-4.30432500000001,37.724381
35,P10828,-23.241227,1.508121,-1.697968,-30.963519,0.924948000000001,-5.48792100000001,12.021035,-9.339494,-14.936964,24.188652,-2.756323,0.465658999999999,-0.501042,11.461327,-6.929044,6.716084,10.757484,-17.707103,-2.411372,-8.004574,1.456462,-12.986264,-19.976094,2.872944,-4.516768,3.368552,-9.478691,-5.433369,1.861327,-4.80171300000001,-3.595831,-29.689583,0.096944000000002,-3.093588,14.865209,1.496184,-13.919787,-1.71861,3.297855,-6.92632600000001,6.13773299999999,10.540363,4.529671,-10.162621,1.0793,-1.196849,-10.512448,-4.97970399999999,-11.916869,12.709433,-14.014253,-15.958359,13.008194,-19.74676,15.90231,-24.413084,8.98982099999999,-5.790429,-6.962875,-32.405261,2.455985,37.163854,10.009719,-1.449966,27.645313,11.76196,-2.409468,14.877523,21.476469,-12.769592,-10.466619,4.819832,3.447402,10.63521,-1.121913,-17.036448,14.817376,-8.00896200000001,4.35321,-5.942882,-18.193232,4.041916,3.899964,3.034522,6.868498,-9.19879499999999,-13.622615,-14.073803,-17.911037,18.302559,2.298597,-1.339151,-7.151396,-1.997418,19.573714,2.944679,-6.768904,-30.379751,-7.110773,38.191864
36,P19793,-32.772202,-4.271441,-9.145177,-36.448675,1.196149,-9.462772,6.315139,-9.581118,-10.804116,32.194289,-0.897807000000002,1.520753,4.892374,5.942083,-0.374174999999999,1.291148,14.172824,-5.792636,-4.47735000000001,-4.089965,-1.978015,-14.600263,-20.70846,2.148708,-7.228723,-5.020603,-10.560635,-2.998262,-0.814331,-4.638596,-0.207681000000001,-21.652343,-3.715909,-6.37927699999999,8.569256,7.23496400000001,-11.697499,-0.518119000000001,2.704387,-6.533329,5.441536,10.181467,9.400741,-2.40543,-1.696776,0.911176,-11.038229,-0.045842999999999,-7.76889,12.248466,-13.431941,-14.885207,7.975455,-25.366133,7.585336,-17.746229,7.96413900000001,-1.724351,-9.745116,-22.684383,9.83596599999999,34.320292,2.429981,2.797357,25.276788,15.255175,4.060941,6.359394,16.346596,-5.425286,-12.880746,2.22601799999999,-2.857337,11.076252,-7.468156,-10.534381,6.362207,-14.883617,11.479868,-13.224319,-15.475779,-7.715422,7.532516,2.600183,10.199778,-18.163467,-17.225777,-5.477061,-10.188422,12.517677,5.083995,-13.700114,-12.537976,3.98578,19.897753,3.507776,-6.141046,-32.459063,-11.039361,37.114324
37,Q07869,-31.086239,-4.278523,-3.531928,-30.431008,1.01151,-8.50463200000001,11.376263,-6.951754,-14.471023,28.04026,0.179234,2.461863,-2.947866,7.750215,-6.620516,2.731316,9.170471,-16.458557,-7.09698700000001,-14.167913,1.293677,-13.308175,-25.24849,0.794797999999999,0.881112,3.162697,-10.635598,-4.072745,-2.048601,-7.36395099999999,0.648274,-24.911402,2.772148,-3.09716,13.614835,11.230764,-11.703923,-0.538574,2.40865,-9.68226599999999,1.653723,7.674602,3.295484,-7.429436,0.975226,6.771089,-11.69044,-0.217052999999999,-8.033619,12.521909,-17.036236,-10.326995,16.845997,-17.277514,12.911898,-27.612661,9.15708399999999,-5.591969,-7.785817,-35.462361,5.417125,38.177725,1.150377,-1.602584,22.425068,12.67613,0.545461000000001,15.612198,17.050133,-16.919459,-8.394018,3.061656,2.056603,8.84809800000001,1.161483,-14.812518,10.074733,-7.386597,6.40477499999999,-5.983647,-18.59599,0.744071,1.044238,0.662673000000001,13.720704,-8.221524,-14.080414,-16.212157,-16.222046,17.180172,2.710068,-3.452923,-4.571996,-0.121372,22.028682,9.53389300000002,-8.015276,-25.676433,-8.06271699999999,35.120544
38,Q9Y466,-21.275226,-6.917741,-3.717092,-23.565711,-3.037966,-2.526719,4.825285,-8.762777,-5.540153,25.098709,-2.587207,-3.559806,-3.877344,11.127434,0.304565,0.83059,4.69256799999999,-11.663191,-0.700565,-6.545632,-2.481359,-11.56361,-16.664831,3.42855,-2.762112,-3.208188,-8.26188200000002,-4.467384,-1.9341,-4.946001,-1.403642,-23.005383,0.014272,-5.431318,10.795259,5.918691,-13.071441,1.55452,5.248228,-5.286083,7.922972,5.982014,6.740137,-4.640119,2.735485,5.888925,-12.168138,-0.640775000000001,-6.66715999999999,7.841583,-9.73475799999999,-15.364867,8.485571,-19.956529,6.229383,-17.703719,1.833694,-1.410924,-9.20608999999999,-21.459682,8.235445,32.57582,3.689112,2.59125900000001,17.671134,11.793985,4.115802,9.90435600000001,14.250388,-2.790553,-11.464916,3.518838,1.718202,6.216008,-4.37493199999999,-7.911528,7.829815,-12.51734,9.604116,-2.631665,-12.666891,-7.399187,4.601716,3.743994,11.00992,-11.689594,-13.785669,-5.713853,-11.068202,7.367226,9.37946699999999,-5.250492,-10.350856,5.843321,16.37895,6.451492,-2.554138,-24.937579,-11.766207,31.520193
39,O75469,-26.946471,0.249799,-6.758926,-29.362508,1.185391,-3.709155,8.043046,-4.175993,-16.141263,28.705589,-3.93488,0.583401999999999,-3.841223,9.368808,-5.70026,3.779642,12.503684,-20.796431,3.291127,-4.799408,-4.955553,-10.89008,-15.324144,2.99428,-3.330971,-5.119401,-7.458201,-2.591495,-0.394205000000001,-9.523072,1.942976,-27.614624,-3.099602,-3.264969,11.12732,4.320766,-9.98436599999999,-4.571432,9.71283700000001,-4.349291,6.83973599999999,5.299852,6.916218,-9.368337,3.519745,0.124325999999999,-14.637021,-0.73989,-11.080182,13.7403,-8.76014700000001,-10.113104,8.345693,-17.773471,17.453832,-23.323946,4.85965000000001,-4.825106,-8.84027700000001,-30.441948,4.549746,38.467359,3.863205,2.710788,15.084306,10.22975,-1.628428,7.005526,15.903216,-9.516765,-10.660066,7.52386399999999,3.71712699999999,9.03357,1.876413,-13.361074,11.873842,-8.645573,6.02998699999999,-5.65553,-14.341025,-0.338272999999999,7.172325,0.215851,10.537356,-9.501051,-16.291587,-10.349494,-13.368417,13.498698,6.336775,-7.861757,-7.894079,1.398044,21.989377,6.250946,-9.94571200000001,-19.991259,-9.832014,31.764817
40,Q13133,-31.090905,-10.181531,-1.01979,-28.223248,-9.58448200000001,-4.04686,10.124055,-2.146406,-12.463972,34.662473,-3.101747,0.137418,1.660664,15.275366,-2.915065,3.384979,7.338091,-20.672804,-2.428995,-3.78965,-5.69702099999999,-9.744436,-10.716092,2.457348,-4.261135,-7.282783,-3.93183,1.042623,-3.413674,-5.416271,4.020987,-28.702051,-10.652945,-7.997999,5.789476,5.1451,-11.725836,-5.144271,5.742947,3.584892,6.024838,3.382524,9.529367,-5.760364,6.291838,3.032786,-13.79121,0.580848,-9.27998500000001,9.86822900000001,-10.853538,-11.066154,5.053484,-22.035896,13.954309,-19.327832,9.972427,2.518096,-11.88298,-23.710243,10.983804,37.238166,-1.387696,8.651008,14.424212,11.728653,2.674691,3.355987,27.405168,-1.450592,-17.735898,2.089948,6.452357,6.26969500000001,-6.571507,-12.157749,10.82833,-13.669616,2.002146,-4.57115899999999,-14.299302,-4.544053,12.830517,-1.372263,9.154749,-18.359094,-17.550785,-10.359579,-11.386984,13.301914,12.611339,-5.80826299999999,-2.614683,6.32326,25.447121,4.169353,-8.06995400000001,-24.588308,-10.616942,30.966573
41,P03372,-43.402614,-3.009061,-10.023312,-43.3394549999999,-8.343849,-10.661741,7.142742,-3.060104,-12.330125,36.679025,-3.044089,-5.117296,-7.108738,14.639752,-1.489529,2.668985,11.1388,-18.306403,-0.366148999999999,-5.909805,-4.822079,-21.47554,-24.866562,5.154443,-6.81848200000001,-5.771128,-14.103458,-4.81392,-3.748125,-8.03196499999999,1.741049,-31.721595,2.343264,-5.96493500000001,15.472145,5.655287,-25.897259,-2.526407,7.12565800000001,2.614144,13.160547,9.250553,18.780942,-1.916126,0.265158000000001,0.870842999999999,-24.46338,-2.306236,-12.316934,15.017952,-19.288231,-9.777503,11.637539,-34.188448,14.519802,-19.904034,8.194599,-0.452411,-11.327391,-31.782483,12.013333,44.398121,-1.169633,3.333109,27.539298,9.657642,-3.744062,8.30897,26.451282,0.095921,-20.756366,2.059734,1.720199,8.338468,-8.072985,-21.918583,8.09268200000001,-15.21583,8.834471,-12.215471,-15.932586,-7.392528,15.522827,-2.342291,15.282385,-15.624002,-23.783175,-10.967498,-18.994176,12.799213,12.40255,-19.704125,-9.529564,4.29057400000001,23.924382,0.912779999999999,-5.93393699999999,-34.585803,-19.77415,46.481718
42,P04150,-50.1820350000001,-20.576781,-18.147872,-57.82375,-5.11125699999999,-15.103321,17.474835,-23.024166,-24.207476,44.500969,-3.36842,3.647899,-6.601598,10.310775,2.551973,9.645499,22.222852,-18.265022,-12.86505,-16.322833,-5.133483,-12.689521,-38.1919559999999,7.94614500000002,-18.361614,-4.958269,-24.906401,-14.631886,-0.063371,-22.483238,-2.373242,-40.454469,-2.844828,-17.223283,4.460171,13.089265,-20.752403,-1.3373,7.98967699999999,-11.754038,10.01244,15.582211,8.73354900000001,-4.668088,-5.777409,0.092263999999998,-23.493999,1.604769,-2.02789,20.752388,-20.617749,-18.688554,23.494767,-43.111957,9.51655899999999,-30.960823,11.220038,-12.476962,-11.036159,-44.527395,16.10501,54.147529,-1.723518,-9.753836,43.009381,26.232818,2.957649,17.57652,31.881115,-6.09663800000001,-3.157843,-1.778305,-0.692920000000002,16.171279,-3.48406399999999,-25.681372,9.295197,-23.108755,5.846401,-24.08082,-32.175053,-18.865466,10.028682,-4.840556,28.520933,-24.101734,-17.979858,-27.463701,-31.00494,21.083877,12.696754,-13.367628,-14.982423,4.92753,30.00091,9.58487300000001,-14.197653,-61.139832,-12.92291,54.580183
43,P24468,-28.369173,-11.324895,-8.87169700000001,-32.394961,-9.462836,-5.67137600000001,0.071385,-4.037237,-13.29485,32.111364,-3.001483,-3.844365,0.614703,5.52742,8.268342,1.673369,3.262725,-7.113422,2.332064,-6.93303,-5.141193,-16.002995,-11.653476,6.563139,-5.696759,-6.041638,-17.900957,-4.104895,-3.739576,-1.582101,5.252949,-25.799221,0.62136,-15.254373,8.49896699999999,7.030153,-12.477796,-0.93182,4.70068599999999,-0.888904999999998,6.801679,5.027185,13.715005,-6.181107,2.430095,-3.098672,-18.40846,-4.616547,-10.427074,5.187293,-12.571337,-11.568272,0.154525,-24.178455,10.291486,-11.825776,7.95879100000001,-2.001697,-13.352739,-16.32266,11.412897,36.120766,-5.137991,-2.099067,19.623684,13.266305,1.066171,-2.517799,27.083327,2.798636,-18.447533,-3.642732,5.04067400000001,4.709389,-11.932274,-14.186305,1.475904,-17.692249,11.707539,0.109675999999999,-8.75841500000001,-3.786047,16.818879,-4.624009,8.702371,-12.182621,-13.89167,-5.52365400000001,-5.938766,10.696171,4.765692,-9.21869000000001,-5.254876,7.47830200000001,19.32162,4.727435,-6.459501,-28.368444,-15.357856,32.112661
