id,smiles,name,assay_type,activity_value
4185006,Cc1ccc(cc1)c2oc3ccc(OCc4ccc(F)c(F)c4)cc3c2C(=O)O,CHEMBL2047087,IC50,5.05
4185017,OC(=O)c1c(oc2ccc(OCc3cccc(Cl)c3)cc12)c4ccc5ccccc5c4,CHEMBL2047094,IC50,5.11
4185028,Cc1ccc(cc1)c2oc3ccc(OCc4ccccc4Br)cc3c2C(=O)O,CHEMBL2047089,IC50,5.2
4185039,COc1ccc(cc1)c2oc3ccc(OCc4cccc(I)c4)cc3c2C(=O)O,CHEMBL2046973,IC50,5.23
4185050,OC(=O)c1c(oc2ccc(OCc3ccccc3Br)cc12)c4ccc5ccccc5c4,CHEMBL2047099,IC50,5.28
4185061,OC(=O)c1c(oc2ccc(OCc3ccc(Br)cc3)cc12)c4ccc5ccccc5c4,CHEMBL2047093,IC50,5.31
4185072,OC(=O)c1c(oc2ccc(OCc3cccc(F)c3)cc12)c4ccc5ccccc5c4,CHEMBL2047091,IC50,5.42
4185083,Cc1ccc(cc1)c2oc3ccc(OCc4ccc(Br)cc4)cc3c2C(=O)O,CHEMBL2047083,IC50,5.48
4185094,OC(=O)c1c(oc2ccc(OCc3ccc(F)c(F)c3)cc12)c4ccc5ccccc5c4,CHEMBL2047097,IC50,5.5
4185105,OC(=O)c1c(oc2ccc(OCc3ccc(F)cc3)cc12)c4ccc5ccccc5c4,CHEMBL2047098,IC50,5.5
4185116,OC(=O)c1c(oc2ccc(OCc3c(F)cccc3F)cc12)c4ccc5ccccc5c4,CHEMBL2047095,IC50,5.55
