id,smiles,name,assay_type,activity_value
1331170,NC(=N)NC(=O)C1=C(N)N=C(N)C(Cl)=N1,amiloride,IC50,5.36
46889,NC(=N)NC1=CC=C(C=C1)C(=O)OC1=CC=C2C=C(C=CC2=C1)C(N)=N,nafamostat,IC50,5.6
1331239,CCCc1cc(N)c2cc(ccc2n1)C(=O)NCCc3ccc(Cl)cc3,CHEMBL1770753,IC50,5.02
1331250,Cc1cccc(Nc2nccc3ccoc23)n1,CHEMBL1770730,IC50,5.05
1331261,FC(F)(F)c1cccc(c1)c2ccc3CNCCc3c2,CHEMBL1770746,IC50,5.15
1331272,Nc1ccnc(c1)c2ccccc2,CHEMBL1770738,IC50,5.16
1331283,NC(=N)c1ccc2cc(ccc2c1)C#Cc3ccccc3,CHEMBL1800332,IC50,5.2
1331294,Nc1cc(Cc2ccccn2)nc(c1)c3ccccc3,CHEMBL1770741,IC50,5.24
1331305,NCc1ccc2cc(ccc2c1)C#Cc3ccccc3,CHEMBL1800333,IC50,5.32
1331318,CC(N(C)C)c1cccc(c1)C#Cc2ccc3c(Cl)c(CN)sc3c2,CHEMBL1800439,IC50,5.37
1331329,Cc1cccc(Nc2ccc(cc2)c3ccc(nc3)N4CCNCC4)n1,CHEMBL1770752,IC50,5.42
1331340,NC(=N)c1sc2cc(ccc2c1Cl)C#Cc3ccccc3,CHEMBL1800334,IC50,5.47
1331351,Clc1cc(Cl)cc(c1)c2ccc3CNCCc3c2,CHEMBL1770744,IC50,5.48
1331362,CN1CCN(CC1)c2ccc(cc2C(F)(F)F)c3ccc4CNCCc4c3,CHEMBL1770750,IC50,5.51
1331373,NCc1sc2cc(ccc2c1Cl)C#Cc3ccccc3,CHEMBL1800427,IC50,5.55
1331384,Nc1ccnc(c1)c2cccc(c2)C#CCCO,CHEMBL1770739,IC50,5.59
1331395,NCc1sc2cc(ccc2c1Cl)C#Cc3cccc4C(CCCc34)N5CCCC5,CHEMBL1800438,IC50,5.6
1331406,CC1CCCCN1c2cccc(n2)c3ccc4CNCCc4c3,CHEMBL1770745,IC50,5.77
1331417,Nc1ccnc(c1)c2cccc(c2)C#Cc3ccccc3,CHEMBL1770740,IC50,5.92
1331428,CN1CCc2ccc(cc2C1)C#Cc3ccc4c(Cl)c(CN)sc4c3,CHEMBL1800431,IC50,6.17
1331439,NC(=NC(=O)c1ncc(nc1N)c2cccc(c2)c3ccsc3)N,CHEMBL467724,IC50,6.19
1331450,CCN(CC)N1CCCc2c(cccc12)C#Cc3ccc4c(Cl)c(CN)sc4c3,CHEMBL1800437,IC50,6.29
1331461,NC(=NC(=O)c1nc(Cl)c(Nc2ccc3ccccc3c2)nc1N)N,CHEMBL466668,IC50,6.29
1331472,NC(=NC(=O)c1ncc(nc1N)c2cccc(c2)c3ccccc3)N,CHEMBL513153,IC50,6.31
1331483,CC(C)C1N(C)CCc2ccc(cc12)C#Cc3ccc4cc(ccc4c3)C(=N)N,CHEMBL1800331,IC50,6.34
1331494,CC(C)N1CCc2ccc(cc2C1)C#Cc3ccc4c(Cl)c(CN)sc4c3,CHEMBL1800433,IC50,6.51
1331505,CC1N(C)CCc2ccc(cc12)C#Cc3ccc4c(Cl)c(CN)sc4c3,CHEMBL1800428,IC50,6.57
1331516,CCN1CCc2ccc(cc2C1)C#Cc3ccc4c(Cl)c(CN)sc4c3,CHEMBL1800432,IC50,6.64
1331527,CN(C)C1CCCc2c(cccc12)C#Cc3ccc4c(Cl)c(CN)sc4c3,CHEMBL1800436,IC50,6.64
1331538,NCc1sc2cc(ccc2c1Cl)C#Cc3ccc4CCNCc4c3,CHEMBL1800430,IC50,6.66
1331549,CN(C)C1CCc2c(cccc12)C#Cc3ccc4c(Cl)c(CN)sc4c3,CHEMBL1800440,IC50,6.72
