id,smiles,name,assay_type,activity_value
188781,[H]C(C)(OC(=O)NCC1(CC(O)=O)CCCCC1)OC(=O)C(C)C,gabapentin enacarbil,N/A,N/A
188791,CC(C)C[C@H](CN)CC(O)=O,pregabalin,IC50,7.0969
188801,NCC1(CC(O)=O)CCCCC1,gabapentin,IC50,7.26
9974112,CC(C)(Cc1ccccc1)NCc2cccc(COc3nn4c(nnc4c5ccccc35)C(F)(F)F)n2,CHEMBL79342,IC50,5.0
9974123,CC(CCCN1CCCC1)Nc2c3ccccc3nc4ccccc24,CHEMBL299681,IC50,5.0
9974134,CN(CCc1ccccc1)Cc2cccc(COc3nn4c(nnc4c5ccccc35)C(F)(F)F)n2,CHEMBL315405,IC50,5.0
9974145,C[C@@H](NCCc1ccccc1)c2cccc(COc3nn4c(nnc4c5ccccc35)C(F)(F)F)n2,CHEMBL83372,IC50,5.0
9974156,CCN(CC)CCCCC(C)Nc1c2ccccc2nc3ccccc13,CHEMBL59089,IC50,5.22
9974167,CC(CCCN1[C@H](C)CCC[C@@H]1C)Nc2c3ccccc3nc4ccccc24,CHEMBL293816,IC50,5.23
9974178,CC(C)NCCCC(C)Nc1c2ccccc2nc3ccccc13,CHEMBL56754,IC50,5.29
9974189,CCCOc1ccc(cc1)n2c(C)c3c(C)nnc(C)c3c2C,CHEMBL439916,IC50,5.29
9974200,CCOc1ccc(cc1)n2c(C)c3c(C)nnc(c4ccccc4Cl)c3c2C,CHEMBL23400,IC50,5.36
9974211,COc1ccccc1CCNCc2cccc(COc3nn4c(nnc4c5ccccc35)C(F)(F)F)n2,CHEMBL309390,IC50,5.5
9974222,CCOc1ccc(cc1)n2c(C)c3c(C)nnc(N4CCN(C)CC4)c3c2C,CHEMBL383342,IC50,5.53
9974233,CCOc1ccc(cc1)n2c(C)c3c(C)nnc(OC)c3c2C,CHEMBL25675,IC50,5.66
9974244,CCOc1ccccc1n2c(C)c3c(C)nnc(C)c3c2C,CHEMBL287053,IC50,5.73
9974255,CCOc1ccc(cc1)n2c(C)c3c(C)nnc(c4ccc(OC(F)(F)F)cc4)c3c2C,CHEMBL24611,IC50,5.76
9974266,CCOc1ccc(cc1)n2c(C)c3c(C)nnc(N4CCOCC4)c3c2C,CHEMBL202001,IC50,5.77
9974277,CCOc1ccc(cc1)n2c(C)c3c(C)nnc(c4cccc(Cl)c4)c3c2C,CHEMBL24612,IC50,5.8
9974288,CC(Cc1ccccc1)NCc2cccc(COc3nn4c(nnc4c5ccccc35)C(F)(F)F)n2,CHEMBL311519,IC50,5.86
9974299,CCOc1ccc(cc1)n2c(C)c3c(C)nnc(c4ccc(cc4)c5ccccc5)c3c2C,CHEMBL24711,IC50,5.9
9974310,CCN(CC)CCCC(Nc1c2ccccc2nc3ccccc13)c4ccccc4,CHEMBL56880,IC50,5.96
9974321,CCN(CC)CCCC(C)Nc1cc(nc2ccccc12)c3ccccc3,CHEMBL59208,IC50,6.02
9974332,COc1ccc(CCNCc2cccc(COc3nn4c(nnc4c5ccccc35)C(F)(F)F)n2)cc1,CHEMBL315485,IC50,6.08
9974343,CCN(CC)CCC[C@@H](C)Nc1c2CCCCc2nc3CCCCc13,CHEMBL300325,IC50,6.12
9974354,CCOc1ccc(cc1)n2c(C)c3c(C)nnc(c4ccccc4OC)c3c2C,CHEMBL283223,IC50,6.13
9974365,CCOc1ccc(cc1)n2c(C)c3c(C)nnc(N4CC(C)CC(C)C4)c3c2C,CHEMBL202544,IC50,6.15
9974376,CCOc1ccc(cc1)n2c(C)c3c(C)nnc(NCc4ccc(OC)cc4)c3c2C,CHEMBL202255,IC50,6.15
9974387,CCOc1ccc(cc1)n2c(C)c3c(C)nnc(c4ccc(Cl)cc4)c3c2C,CHEMBL26121,IC50,6.15
9974398,C[C@@H](Cc1ccccc1)NCc2cccc(COc3nn4c(nnc4c5ccccc35)C(F)(F)F)n2,CHEMBL79964,IC50,6.16
9974409,Fc1ccc(CCNCc2cccc(COc3nn4c(nnc4c5ccccc35)C(F)(F)F)n2)cc1,CHEMBL420593,IC50,6.2
9974420,CCOc1ccc(cc1)n2c(C)c3c(C)nnc(c4ccc(OC)cc4OC)c3c2C,CHEMBL278347,IC50,6.22
9974431,CCOc1ccc(cc1)n2c(C)c3c(C)nnc(CC(C)CC(C)(C)C)c3c2C,CHEMBL23426,IC50,6.24
9974442,CCOc1ccc(cc1)n2c(C)c3c(C)nnc(c4ccc(F)cc4)c3c2C,CHEMBL281221,IC50,6.28
9974453,Cc1ccccc1CCNCc2cccc(COc3nn4c(nnc4c5ccccc35)C(F)(F)F)n2,CHEMBL83029,IC50,6.35
9974464,CCOc1ccc(cc1)n2c(C)c3c(C)nnc(Nc4ccc(OC)cc4)c3c2C,CHEMBL24225,IC50,6.36
9974475,CCN(CC)CCCC(C)Nc1c2CCCCc2nc3ccccc13,CHEMBL292915,IC50,6.38
9974486,CCOc1ccc(cc1)n2c(C)c3c(C)nnc(c4ccccc4)c3c2C,CHEMBL283052,IC50,6.42
9974497,CCOc1ccc(cc1)n2c(C)c3c(C)nnc(N4CCC(C)CC4)c3c2C,CHEMBL202210,IC50,6.43
9974508,CCCCCc1nnc(C)c2c(C)n(c(C)c12)c3ccc(OCC)cc3,CHEMBL24324,IC50,6.44
9974519,CCOc1ccc(cc1)n2c(C)c3c(C)nnc(Nc4ccc5[nH]nnc5c4)c3c2C,CHEMBL202403,IC50,6.46
9974530,CC(C)c1nnc2c3ccccc3c(OCc4cccc(CNCCc5ccccc5)n4)nn12,CHEMBL81851,IC50,6.47
9974541,CCOc1ccc(cc1)n2c(C)c3c(C)nnc(c4cccc(OC)c4)c3c2C,CHEMBL25986,IC50,6.48
9974552,CCOc1ccc(cc1)n2c(C)c3c(C)nnc(NC(C)CC(C)C)c3c2C,CHEMBL372100,IC50,6.53
9974563,Fc1ccccc1CCNCc2cccc(COc3nn4c(nnc4c5ccccc35)C(F)(F)F)n2,CHEMBL79618,IC50,6.54
9974574,C(Cc1ccccc1)NCc2cccc(COc3nn4c(nnc4c5ccccc35)C6CC6)n2,CHEMBL82891,IC50,6.57
9974585,CCN(CC)CCCC(C)(C)Nc1c2ccccc2nc3ccccc13,CHEMBL59368,IC50,6.57
9974596,CCOc1ccc(cc1)n2c(C)c3c(C)nnc(CCC(C)C)c3c2C,CHEMBL26293,IC50,6.58
9974607,Cc1ccc(CCNCc2cccc(COc3nn4c(nnc4c5ccccc35)C(F)(F)F)n2)cc1,CHEMBL79559,IC50,6.59
9974618,CCOc1ccc(cc1)n2c(C)c3c(C)nnc(CC)c3c2C,CHEMBL286992,IC50,6.6
9974629,CCOc1ccc(cc1)n2c(C)c3c(C)nnc(NCc4cccc(OC)c4)c3c2C,CHEMBL201958,IC50,6.62
9974640,CCOc1ccc(cc1)n2c(C)c3c(C)nnc(Nc4ccc(C)cc4)c3c2C,CHEMBL24700,IC50,6.62
9974651,CCc1nnc2c3ccccc3c(OCc4cccc(CNCCc5ccccc5)n4)nn12,CHEMBL418920,IC50,6.62
9974662,CCOc1ccc(cc1)n2c(C)c3c(C)nnc(C4CCCCC4)c3c2C,CHEMBL25287,IC50,6.63
9974673,C(Cc1ccccc1)NCc2cccc(COc3nn4cnnc4c5ccccc35)n2,CHEMBL79423,IC50,6.64
9974684,FC(F)(F)c1nnc2c3ccccc3c(OCc4cccc(CNC5C[C@H]5c6ccccc6)n4)nn12,CHEMBL310316,IC50,6.64
9974695,CCN(CC)CCCC(C)Nc1c2ccccc2nc3ccccc13,CHEMBL59367,IC50,6.66
9974706,CCOc1ccc(cc1)n2c(C)c3c(C)nnc(N4CCCCC4)c3c2C,CHEMBL382959,IC50,6.66
9974717,Cc1onc(c1)c2nnc3c4ccccc4c(OCc5cccc(CNCCc6ccccc6)n5)nn23,CHEMBL81141,IC50,6.66
188910,CCOc1ccc(cc1)n2nc3c(nnc(C)c3c2C)N4CCNCC4,CHEMBL1801211,IC50,6.67
9974730,CCOc1ccc(cc1)n2c(C)c3c(C)nnc(CC4CCCC4)c3c2C,CHEMBL24785,IC50,6.68
9974741,CCOc1ccc(cc1)n2c(C)c3c(C)nnc(Nc4ccc5OCOc5c4)c3c2C,CHEMBL379452,IC50,6.68
9974752,CC(CNCc1cccc(COc2nn3c(nnc3c4ccccc24)C(F)(F)F)n1)c5ccccc5,CHEMBL79606,IC50,6.7
9974763,CCOc1ccc(cc1)n2c(C)c3c(C)nnc(Nc4ccc5CCCc5c4)c3c2C,CHEMBL382058,IC50,6.7
188822,COC1CN(C1)c2nnc(C)c3c(C)n(nc23)c4ccc(Cl)cc4Cl,CHEMBL1801190,IC50,6.7
9974776,C(Cc1ccccc1)NCc2cccc(COc3nn4c(nnc4c5ccccc35)c6ccccc6)n2,CHEMBL310209,IC50,6.71
9974787,CSc1nnc2c3ccccc3c(OCc4cccc(CNCCc5ccccc5)n4)nn12,CHEMBL79400,IC50,6.71
9974798,CCOc1ccc(cc1)n2c(C)c3c(C)nnc(C4CCCC4)c3c2C,CHEMBL283359,IC50,6.73
9974809,CCC(NCCc1ccccc1)c2cccc(COc3nn4c(nnc4c5ccccc35)C(F)(F)F)n2,CHEMBL81495,IC50,6.74
9974820,CCOc1ccc(cc1)n2c(C)c3c(C)nnc(C)c3c2C,CHEMBL26114,IC50,6.75
9974831,CCOc1ccc(cc1)n2c(C)c3c(C)nnc(N(C)CCc4ccccn4)c3c2C,CHEMBL201100,IC50,6.75
9974842,CCOc1ccc(cc1)n2c(C)c3c(C)nnc(N4CCCC4)c3c2C,CHEMBL372098,IC50,6.75
9974853,CC(C)C(NCCc1ccccc1)c2cccc(COc3nn4c(nnc4c5ccccc35)C(F)(F)F)n2,CHEMBL309198,IC50,6.76
9974864,CCOc1ccc(cc1)n2c(C)c3c(C)nnc(C4CC4)c3c2C,CHEMBL25612,IC50,6.77
9974875,CCOc1ccc(cc1)n2c(C)c3c(C)nnc(CC(C)C)c3c2C,CHEMBL26225,IC50,6.77
9974886,CCOc1ccc(cc1)n2c(C)c3c(C)nnc(N(C)C)c3c2C,CHEMBL24747,IC50,6.77
188888,CCOc1ccc(cc1)n2nc3c(nnc(C)c3c2C)N4CCN(C)CC4,CHEMBL1801212,IC50,6.77
9974899,CCOc1ccc(cc1)n2c(C)c3c(C)nnc(NC4CCCc5ccccc45)c3c2C,CHEMBL202184,IC50,6.79
9974910,Fc1cccc(CCNCc2cccc(COc3nn4c(nnc4c5ccccc35)C(F)(F)F)n2)c1,CHEMBL79762,IC50,6.79
9974921,CCN(CC)CCCC(C)Nc1c2CCCCc2nc3CCCCc13,CHEMBL58047,IC50,6.8
9974932,CCOc1ccc(cc1)n2c(C)c3c(C)nnc(c4ccc(OC)cc4)c3c2C,CHEMBL24399,IC50,6.81
9974943,CCOc1ccc(cc1)c2nnc(C)c3c(C)n(c(C)c23)c4ccc(OCC)cc4,CHEMBL26344,IC50,6.82
9974954,CCOc1ccc(cc1)n2c(C)c3c(C)nnc(N4CCC(C4)(c5ccccc5)c6ccccc6)c3c2C,CHEMBL383739,IC50,6.82
9974965,CCOc1ccc(cc1)n2c(C)c3c(C)nnc(CCC4CCCC4)c3c2C,CHEMBL24440,IC50,6.83
9974976,C(Cc1ccccc1)NCc2cccc(COc3nn4c(nnc4c5ccccc35)C6CCCCC6)n2,CHEMBL79968,IC50,6.84
9974987,CCOc1ccc(cc1)n2c(C)c3c(C)nnc(N4CCC(C4)NC(=O)C)c3c2C,CHEMBL370873,IC50,6.84
9974998,Cc1nnc2c3ccccc3c(OCc4cccc(CNCCc5ccccc5)n4)nn12,CHEMBL81225,IC50,6.84
9975009,CCOc1ccc(cc1)n2c(C)c3c(C)nnc(N4CCC5=C(C4)NC6C=CC=CC56)c3c2C,CHEMBL201801,IC50,6.87
9975020,COCc1nnc2c3ccccc3c(OCc4cccc(CNCCc5ccccc5)n4)nn12,CHEMBL81850,IC50,6.88
188855,COC1CN(C1)c2nnc(C)c3c(C)n(nc23)c4ccc(OCC(F)(F)F)cc4,CHEMBL1801189,IC50,6.9
9975033,CCOc1ccc(cc1)n2c(C)c3c(C)nnc(NCc4cccnc4)c3c2C,CHEMBL202283,IC50,6.92
9975044,COc1cccc(CCNCc2cccc(COc3nn4c(nnc4c5ccccc35)C(F)(F)F)n2)c1,CHEMBL311873,IC50,6.94
9975055,CCN(CC)CCC[C@H](C)Nc1c2ccccc2nc3ccccc13,CHEMBL56397,IC50,6.96
9975066,CCOc1ccc(cc1)n2c(C)c3c(C)nnc(c4ccc(CC)cc4)c3c2C,CHEMBL22649,IC50,6.97
9975077,CCOc1ccc(cc1)n2c(C)c3c(C)nnc(NCc4ccc(F)cc4)c3c2C,CHEMBL202170,IC50,7.03
9975088,CCOc1ccc(cc1)n2c(C)c3c(C)nnc(c4ccc(C)cc4)c3c2C,CHEMBL26288,IC50,7.07
9975099,CCOc1ccc(cc1)n2c(C)c3c(C)nnc(N4C[C@@H]5CCc6ccccc6[C@@H]5C4)c3c2C,CHEMBL383133,IC50,7.08
9975110,CCOc1ccc(cc1)n2c(C)c3c(C)nnc(NCC(C)CC)c3c2C,CHEMBL202489,IC50,7.08
9975121,CCOc1ccc(cc1)n2c(C)c3c(C)nnc(NCc4cccc(C)n4)c3c2C,CHEMBL380574,IC50,7.08
9975132,CCOc1ccc(cc1)n2c(C)c3c(C)nnc(NCc4ccncc4)c3c2C,CHEMBL383430,IC50,7.08
188866,Cc1nnc(N2CCCC2)c3nn(c(C)c13)c4ccc(OC(F)(F)F)cc4,CHEMBL1801181,IC50,7.1
9975145,CCOc1ccc(cc1)n2c(C)c3c(C)nnc(NCc4ccccc4OC)c3c2C,CHEMBL202224,IC50,7.12
9975156,CCOc1ccc(cc1)n2c(C)c3c(C)nnc(Nc4ccccc4)c3c2C,CHEMBL26552,IC50,7.13
9975193,FC(F)(F)c1nnc2c3ccccc3c(OCc4cccc(CNCCc5ccccc5)n4)nn12,CHEMBL84067,IC50,7.14
9975204,CCOc1ccc(cc1)n2c(C)c3c(C)nnc(NCc4cccc5[nH]ccc45)c3c2C,CHEMBL201992,IC50,7.16
9975215,CCOc1ccc(cc1)n2c(C)c3c(C)nnc(NCc4cnn(C)c4)c3c2C,CHEMBL201848,IC50,7.16
9975226,CCOc1ccc(cc1)n2c(C)c3c(C)nnc(NC(C)C)c3c2C,CHEMBL202058,IC50,7.17
9975237,CCOc1ccc(cc1)n2c(C)c3c(C)nnc(NCc4n[nH]cc4C5CC5)c3c2C,CHEMBL381840,IC50,7.17
9975248,CCOc1ccc(cc1)n2c(C)c3c(C)nnc(NCc4ccc(Cl)cc4)c3c2C,CHEMBL202603,IC50,7.19
9975259,CCOn1c(C)c2c(C)nnc(NNCc3cnn(CC)c3)c2c1C,CHEMBL382053,IC50,7.19
9975270,CCOc1ccc(cc1)n2c(C)c3c(C)nnc(NCc4cccc5cccnc45)c3c2C,CHEMBL383428,IC50,7.2
9975281,CCCCNc1nnc(C)c2c(C)n(c(C)c12)c3ccc(OCC)cc3,CHEMBL201818,IC50,7.22
188899,CCOc1ccc(cc1)n2nc3c(nnc(C)c3c2C)N4CCCNCC4,CHEMBL1801213,IC50,7.24
9975294,CCOc1ccc(cc1)n2c(C)c3c(C)nnc(NC4CCc5ccccc45)c3c2C,CHEMBL382960,IC50,7.27
9975305,CCN(CC)CCCC(Nc1c2ccccc2nc3ccccc13)C4CC4,CHEMBL299461,IC50,7.28
9975316,CCOc1ccc(cc1)n2c(C)c3c(C)nnc(NCC4CCCO4)c3c2C,CHEMBL425397,IC50,7.3
9975327,CCN(CC)CCC[C@H](C)Nc1c2CCCCc2nc3CCCCc13,CHEMBL56743,IC50,7.37
9975338,CCOc1ccc(cc1)n2nc3c(nnc(C)c3c2C)N4CCCCC4,CHEMBL1801209,IC50,7.38
9975349,CCOc1ccc(cc1)n2c(C)c3c(C)nnc(NC)c3c2C,CHEMBL287371,IC50,7.4
9975360,CCC(CCCN(CC)CC)Nc1c2ccccc2nc3ccccc13,CHEMBL57487,IC50,7.42
9975371,CCOc1ccc(cc1)n2c(C)c3c(C)nnc(NCc4cccc(Cl)c4)c3c2C,CHEMBL201824,IC50,7.43
9975382,CC(NCCc1ccccc1)c2cccc(COc3nn4c(nnc4c5ccccc35)C(F)(F)F)n2,CHEMBL79184,IC50,7.44
9975393,CCOc1ccc(cc1)n2c(C)c3c(C)nnc(Nc4ccc5[nH]ncc5c4)c3c2C,CHEMBL202354,IC50,7.44
188998,CC(C)Oc1ccc(cc1)n2nc3c(nnc(C)c3c2C)N4CCCC4,CHEMBL1801183,IC50,7.5
9975406,CCOc1ccc(cc1)n2c(C)c3c(C)nnc(NCc4ccc5CCCNc5n4)c3c2C,CHEMBL202570,IC50,7.5
188976,CCOc1ccc(cc1)n2nc3c(nnc(C)c3c2C)N4CCC(O)CC4,CHEMBL1801176,IC50,7.5
188954,Cc1nnc(N2CC[C@@H](F)C2)c3nn(c(C)c13)c4ccc(OCC(F)(F)F)cc4,CHEMBL1801188,IC50,7.5
9975421,CCOc1ccc(cc1)n2c(C)c3c(C)nnc(Nc4ccc5[nH]ccc5c4)c3c2C,CHEMBL202297,IC50,7.52
9975432,C[C@H](NCCc1ccccc1)c2cccc(COc3nn4c(nnc4c5ccccc35)C(F)(F)F)n2,CHEMBL446627,IC50,7.52
9975442,[3H]c1cccc(CCN[C@@H](C)c2cccc(COc3nn4c(nnc4c5ccccc35)C(F)(F)F)n2)c1,CHEMBL1169381,IC50,7.52
9975453,CC(NCCc1cccc(C)c1)c2cccc(COc3nn4c(nnc4c5ccccc35)C(F)(F)F)n2,CHEMBL430820,IC50,7.54
9975464,C[C@H](NCCc1cccc(Br)c1)c2cccc(COc3nn4c(nnc4c5ccccc35)C(F)(F)F)n2,CHEMBL310121,IC50,7.55
188921,CCOc1ccc(cc1)n2nc3c(nnc(C)c3c2C)N4CCC(F)(F)C4,CHEMBL1801187,IC50,7.6
188943,Cc1nnc(N2CCCC2)c3nn(c(C)c13)c4ccc(Cl)cc4Cl,CHEMBL1801184,IC50,7.6
188965,CCOc1ccc(cc1)n2nc3c(NC)nnc(C)c3c2C,CHEMBL1801208,IC50,7.66
188844,CCOc1ccc(cc1)n2nc3c(nnc(C)c3c2C)N4CCCCCC4,CHEMBL1801210,IC50,7.66
188987,Cc1nnc(N2CCCC2)c3nn(c(C)c13)c4ccc(OCC(F)(F)F)cc4,CHEMBL1801182,IC50,7.7
9975488,CCCC(CCCN(CC)CC)Nc1c2ccccc2nc3ccccc13,CHEMBL57657,IC50,7.75
9975499,CCOc1ccc(cc1)n2c(C)c3c(C)nnc(NCc4cccc(F)c4)c3c2C,CHEMBL202120,IC50,7.75
9975510,Cc1cccc(CCNCc2cccc(COc3nn4c(nnc4c5ccccc35)C(F)(F)F)n2)c1,CHEMBL84228,IC50,7.82
9975521,CCC[C@@H](CCCN(CC)CC)Nc1c2ccccc2nc3ccccc13,CHEMBL418138,IC50,8.05
189009,CCOc1ccc(c(F)c1)n2nc3c(nnc(C)c3c2C)N4CC(C4)OC,CHEMBL1801192,IC50,8.1
188833,COC1CN(C1)c2nnc(C)c3c(C)n(nc23)c4ccc(Cl)cc4OC(F)(F)F,CHEMBL1801191,IC50,8.1
189020,CCOc1ccc(cc1)n2nc3c(nnc(C)c3c2C)N(C)C,CHEMBL1801205,IC50,8.16
189053,CCOc1ccc(cc1)n2nc3c(nnc(C)c3c2C)N4CC[C@H](C4)OC,CHEMBL1801179,IC50,8.22
189031,CCOc1ccc(cc1)n2nc3c(nnc(C)c3c2C)N4CC(C4)OC,CHEMBL1801180,IC50,8.3
188877,CCOc1ccc(cc1)n2nc3c(nnc(C)c3c2C)N4CC[C@@H](O)C4,CHEMBL1801178,IC50,8.3
189042,CCOc1ccc(cc1)n2nc3c(nnc(C)c3c2C)N4CC[C@@H](F)C4,CHEMBL1801186,IC50,8.52
188932,Cc1nnc(N2CCCC2)c3nn(c(C)c13)c4ccc(Cl)cc4OC(F)(F)F,CHEMBL1801185,IC50,8.52
189075,CCOc1ccc(cc1)n2nc3c(nnc(C)c3c2C)N4CCCC4,CHEMBL1801206,IC50,8.7
189086,CCOc1ccc(cc1)n2nc3c(nnc(C)c3c2C)N4CC[C@H](N)C4,CHEMBL1801177,IC50,8.7
189064,CCOc1ccc(cc1)n2nc3c(nnc(C)c3c2C)N4CCC4,CHEMBL1801207,IC50,9.0
