id,smiles,name,assay_type,activity_value
655208,COCCOC(=O)C1=C(C)NC(C)=C(C1C1=CC(=CC=C1)[N+]([O-])=O)C(=O)OC\C=C\C1=CC=CC=C1,cilnidipine,N/A,N/A
655218,COC(=O)C1=C(C)NC(C)=C([C@@H]1C1=CC(=CC=C1)[N+]([O-])=O)C(=O)OCCCN1CCC(CC1)(C1=CC=CC=C1)C1=CC=CC=C1,dexniguldipine,N/A,N/A
655227,COC(=O)C1=C(C)NC(C)=C(C1C1=CC(=CC=C1)[N+]([O-])=O)C(=O)OCCN1CCN(CC1)C(C1=CC=CC=C1)C1=CC=CC=C1,manidipine,N/A,N/A
655236,COC(=O)C1=C(NC(C)=C(C1C1=CC(=CC=C1)[N+]([O-])=O)C(=O)OC(C)C)C#N,nilvadipine,N/A,N/A
655245,CCOC(=O)C1=C(COCCN)NC(C)=C([C@@H]1C1=C(Cl)C=CC=C1)C(=O)OC,levamlodipine,N/A,N/A
655254,CCOC(=O)C1=C(C)NC(C)=C([C@@H]1C1=CC(=CC=C1)[N+]([O-])=O)C(=O)OC,(S)-nitrendipine,IC50,8.39999962
655265,COC1=C(OC)C=C(CCN(C)CCCC(C#N)(C(C)C)C2=CC(OC)=C(OC)C=C2)C=C1,verapamil,N/A,N/A
655274,CC(C)COCC(CN(CC1=CC=CC=C1)C1=CC=CC=C1)N1CCCC1,bepridil,N/A,N/A
655283,COC(=O)C1=C(C)NC(C)=C(C1C1=C(C=CC=C1)[N+]([O-])=O)C(=O)OC,nifedipine,IC50,7.69999981
655293,COC(=O)C1=C(C)NC(C)=C(C1C1=CC=CC2=NON=C12)C(=O)OC(C)C,isradipine,IC50,9.30000019
655303,CCOC(=O)C1=C(C)NC(C)=C(C1C1=C(Cl)C(Cl)=CC=C1)C(=O)OC,felodipine,N/A,N/A
655312,CCCC(=O)OCOC(=O)C1=C(C)NC(C)=C(C1C1=C(Cl)C(Cl)=CC=C1)C(=O)OC,clevidipine,N/A,N/A
655322,[H]C1(C2=C(Cl)C=CC=C2)C(C(=O)OC)=C(C)NC(COCCN)=C1C(=O)OCC,amlodipine,Ki,7.0
655332,COC(=O)C1=C(C)NC(C)=C(C1C1=C(C=CC=C1)[N+]([O-])=O)C(=O)OCC(C)C,nisoldipine,IC50,6.69999981
655342,COCCOC(=O)C1=C(C)NC(C)=C(C1C1=CC(=CC=C1)[N+]([O-])=O)C(=O)OC(C)C,nimodipine,IC50,6.1500001
655352,CC1=C(C(C2=CC(=CC=C2)[N+]([O-])=O)C(=C(C)N1)P1(=O)OCC(C)(C)CO1)C(=O)OCCN(CC1=CC=CC=C1)C1=CC=CC=C1,efonidipine,N/A,N/A
655361,COC(=O)C1=C(C)NC(C)=C(C1C1=C(C=CC=C1)[N+]([O-])=O)C(=O)OCC(C)=O,aranidipine,N/A,N/A
655369,COC(=O)C1=C(C)NC(C)=C([C@H]1C1=CC(=CC=C1)[N+]([O-])=O)C(=O)OCCN(C)CC1=CC=CC=C1,(S)-nicardipine,N/A,N/A
655378,COC(=O)C1=C(C)NC(C)=C([C@H]1C1=CC(=CC=C1)[N+]([O-])=O)C(=O)O[C@H]1CCN(CC2=CC=CC=C2)C1,barnidipine,N/A,N/A
655387,CC(C)OC(=O)C1=C(C)NC(N)=C(C1C1=CC(=CC=C1)[N+]([O-])=O)C(=O)OC1CN(C1)C(C1=CC=CC=C1)C1=CC=CC=C1,azelnidipine,N/A,N/A
655396,CCOC(=O)C1=C(C)NC(C)=C(C1C1=CC(=CC=C1)[N+]([O-])=O)C(=O)OC,nitrendipine,IC50,8.39999962
655406,COC(=O)C1=C(C)NC(C)=C(C1C1=CC(=CC=C1)[N+]([O-])=O)C(=O)OCCN(C)CC1=CC=CC=C1,nicardipine,N/A,N/A
655415,CCOC(=O)C1=C(C)NC(C)=C(C1C1=C(\C=C\C(=O)OC(C)(C)C)C=CC=C1)C(=O)OCC,lacidipine,N/A,N/A
655424,COC(=O)C1=C(C)NC(C)=C(C1C1=CC(=CC=C1)[N+]([O-])=O)C(=O)O[C@@H]1CCCN(CC2=CC=CC=C2)C1,benidipine,N/A,N/A
655433,COC(=O)C1=C(C)NC(C)=C(C1C1=CC=CC(=C1)[N+]([O-])=O)C(=O)OC(C)(C)CN(C)CCC(C1=CC=CC=C1)C1=CC=CC=C1,lercanidipine,N/A,N/A
655505,CCCC1=C(C(C=C(N1)c2ccccc2)c3ccccc3)C(=O)OCC,CHEMBL3260888,IC50,5.0
655516,CCOC(=O)C1=C(C)NC(=CC1c2ccccc2)c3ccc(Cl)cc3,CHEMBL3221239,IC50,5.03
655528,CCOC(=O)C1=C(NC(=C(C1c2ccccc2Cl)C(=O)Nc3ccccn3)C)c4ccc(cc4)n5c(C)nc6cnccc56,CHEMBL29067,IC50,5.17
655539,CC1(C)CC2=C(C(C=C(N2)c3ccccc3)c4ccccc4)C(=O)C1,CHEMBL1164066,IC50,5.55
