id,smiles,name,assay_type,activity_value
655283,COC(=O)C1=C(C)NC(C)=C(C1C1=C(C=CC=C1)[N+]([O-])=O)C(=O)OC,nifedipine,IC50,6.30000019
655396,CCOC(=O)C1=C(C)NC(C)=C(C1C1=CC(=CC=C1)[N+]([O-])=O)C(=O)OC,nitrendipine,IC50,6.0
739035,COC1=CC=C(C=C1)[C@@H]1SC2=CC=CC=C2N(CCN(C)C)C(=O)[C@@H]1OC(C)=O,diltiazem,Ki,6.42
655265,COC1=C(OC)C=C(CCN(C)CCCC(C#N)(C(C)C)C2=CC(OC)=C(OC)C=C2)C=C1,verapamil,N/A,N/A
739097,CNCCN1C(=O)[C@H](OC(=O)C)[C@@H](Cc2c1cccc2C(F)(F)F)c3ccc(OCCOC)cc3,CHEMBL164760,Kd,5.24
739108,COc1ccccc1[C@@H]2Cc3cc(Cl)ccc3N(CCN(C)C)C(=O)[C@@H]2OC(=O)C,CHEMBL348940,Kd,5.24
739119,COc1ccc(cc1)[C@@H]2Cc3ccccc3N(CCN(C)C)C(=O)[C@@H]2OC(=O)C,CHEMBL89099,Kd,5.29
739130,COc1cccc(c1)[C@@H]2Cc3cc(Cl)ccc3N(CCN(C)C)C(=O)[C@@H]2OC(=O)C,CHEMBL354353,Kd,5.46
739141,CCOC(=O)c1cccc2N(CCN(C)C)C(=O)[C@H](OC(=O)C)[C@@H](Cc12)c3ccc(OC)cc3,CHEMBL163719,Kd,5.7
739152,COc1ccc(cc1OC)[C@@H]2Cc3c(cccc3C(F)(F)F)N(CCN(C)C)C(=O)[C@@H]2C,CHEMBL410539,Kd,5.7
739163,COc1ccc(cc1)[C@@H]2Cc3c(OC)cccc3N(CCN(C)C)C(=O)[C@@H]2OC(=O)C,CHEMBL165217,Kd,5.75
739174,COc1ccc(cc1)[C@@H]2Cc3c(cccc3C(F)(F)F)N(CCN(C)CC#C)C(=O)[C@@H]2OC(=O)C,CHEMBL167147,Kd,5.75
739185,COc1ccc(cc1)[C@@H]2Cc3cc(OC)ccc3N(CCN(C)C)C(=O)[C@@H]2OC(=O)C,CHEMBL354933,Kd,5.8
739196,C[C@@H]1[C@@H](Cc2c(cccc2C(F)(F)F)N(CCN(C)C)C1=O)c3ccc(O)cc3,CHEMBL167512,Kd,5.8
739207,COc1ccc(cc1)[C@@H]2Cc3c(cccc3C(=O)OCc4ccccc4)N(CCN(C)C)C(=O)[C@@H]2OC(=O)C,CHEMBL164917,Kd,5.85
739218,COc1ccc(cc1)[C@@H]2Cc3cc(Cl)ccc3N(CCN(C)C)C(=O)[C@@H]2OC(=O)C,CHEMBL315809,Kd,5.85
739229,CSc1ccc(cc1)[C@@H]2Cc3c(cccc3C(F)(F)F)N(CCN(C)C)C(=O)[C@@H]2C,CHEMBL167384,Kd,5.96
739240,CCc1ccc(cc1)[C@@H]2Cc3c(cccc3C(F)(F)F)N(CCN(C)C)C(=O)[C@@H]2C,CHEMBL165049,Kd,6.0
739251,[I-].COc1ccc(cc1)[C@@H]2Cc3c(cccc3C(F)(F)F)N(CC[N+](C)(C)C)C(=O)[C@@H]2C,CHEMBL352750,Kd,6.08
739262,COc1ccc(cc1)[C@@H]2Cc3c(cccc3C(F)(F)F)N(CCN(C)C)C(=O)[C@@H]2O,CHEMBL351235,Kd,6.18
739274,COc1ccc(cc1)[C@@H]2Cc3ccccc3N(CCN(C)C)C(=O)[C@@H]2C,CHEMBL98189,Ki,6.19
739284,CC[C@@H]1[C@@H](Cc2c(cccc2C(F)(F)F)N(CCN(C)C)C1=O)c3ccc(OC)cc3,CHEMBL349193,Kd,6.22
739295,COc1ccc(cc1)[C@@H]2Cc3c(cccc3C(F)(F)F)N(C(C)CN(C)C)C(=O)[C@@H]2C,CHEMBL167987,Kd,6.22
739306,CNc1ccc(cc1)[C@@H]2Cc3c(cccc3C(F)(F)F)N(CCN(C)C)C(=O)[C@@H]2C,CHEMBL355684,Kd,6.24
739317,COc1ccc(cc1)[C@@H]2Sc3ccccc3N(CCN(C)C)C(=O)[C@@H]2C,CHEMBL262509,Ki,6.27
739327,CCCN(C)CCN1C(=O)[C@H](OC(=O)C)[C@@H](Cc2c1cccc2C(F)(F)F)c3ccc(OC)cc3,CHEMBL165444,Kd,6.28
739338,COc1ccc(cc1)[C@@H]2Cc3c(cccc3C(F)(F)F)N(CCN(C)CC=C)C(=O)[C@@H]2OC(=O)C,CHEMBL164134,Kd,6.38
739349,COc1ccc(cc1)[C@@H]2Cc3c(OC)cccc3N(CCN(C)C)C(=O)[C@@H]2C,CHEMBL168099,Kd,6.4
739362,COc1ccc(cc1)[C@@H]2Cc3c(cccc3C(F)(F)F)N(CC(C)N(C)C)C(=O)[C@@H]2C,CHEMBL349753,Kd,6.5
739373,CCC[C@@H]1[C@@H](Cc2ccccc2N(CCN(C)C)C1=O)c3ccc(OC)cc3,CHEMBL350321,Kd,6.6
739384,COc1ccc(cc1)[C@@H]2Cc3c(cccc3C(F)(F)F)N(CCN(C)CCCCc4ccccc4)C(=O)[C@@H]2OC(=O)C,CHEMBL163771,Kd,6.66
739395,CNCCN1C(=O)[C@H](OC(=O)C)[C@@H](Cc2c1cccc2C(F)(F)F)c3ccc(OC)cc3,CHEMBL164399,Kd,6.8
739406,COc1ccc(cc1)[C@@H]2Cc3c(cccc3C(F)(F)F)N(CCN(C)C(C)C)C(=O)[C@@H]2C,CHEMBL353566,Kd,6.89
739417,COc1ccc(cc1)[C@@H]2Cc3c(OC)c(Br)ccc3N(CCN(C)C)C(=O)[C@@H]2C,CHEMBL165086,Kd,6.92
739428,COc1ccc(cc1)[C@@H]2Cc3c(OC)c(Br)ccc3N(CCN(C)C)C(=O)[C@@H]2OC(=O)C,CHEMBL353757,Kd,6.92
739439,COc1ccc(cc1)[C@@H]2Cc3c(cccc3C(F)(F)F)N(CCN)C(=O)[C@@H]2OC(=O)C,CHEMBL168066,Kd,6.92
739450,COc1ccc(cc1)[C@@H]2Sc3cc(OC)ccc3N(CCN(C)C)C(=O)[C@@H]2C,CHEMBL96454,Ki,7.07
739460,COc1ccc(cc1)[C@@H]2Cc3c(cccc3C(F)(F)F)N(CCN(C)C)C(=O)[C@@H]2C,CHEMBL167935,Kd,7.13
739471,COc1ccc(cc1)[C@@H]2Cc3ccccc3N(CCN(C)C)C(=O)[C@@H]2CC=C,CHEMBL163740,Kd,7.28
739482,COc1ccc(cc1)[C@@H]2Sc3cc(OC)ccc3N(CCN(C)C)C(=O)[C@@H]2OC(=O)C,CHEMBL319525,Ki,7.38
