id,smiles,name,assay_type,activity_value
188781,[H]C(C)(OC(=O)NCC1(CC(O)=O)CCCCC1)OC(=O)C(C)C,gabapentin enacarbil,N/A,N/A
188791,CC(C)C[C@H](CN)CC(O)=O,pregabalin,IC50,7.25963736
188801,NCC1(CC(O)=O)CCCCC1,gabapentin,IC50,6.92811823
188822,COC1CN(C1)c2nnc(C)c3c(C)n(nc23)c4ccc(Cl)cc4Cl,CHEMBL1801190,IC50,5.2
188833,COC1CN(C1)c2nnc(C)c3c(C)n(nc23)c4ccc(Cl)cc4OC(F)(F)F,CHEMBL1801191,IC50,5.4
188844,CCOc1ccc(cc1)n2nc3c(nnc(C)c3c2C)N4CCCCCC4,CHEMBL1801210,IC50,5.67
188855,COC1CN(C1)c2nnc(C)c3c(C)n(nc23)c4ccc(OCC(F)(F)F)cc4,CHEMBL1801189,IC50,5.7
188866,Cc1nnc(N2CCCC2)c3nn(c(C)c13)c4ccc(OC(F)(F)F)cc4,CHEMBL1801181,IC50,5.7
188877,CCOc1ccc(cc1)n2nc3c(nnc(C)c3c2C)N4CC[C@@H](O)C4,CHEMBL1801178,IC50,5.8
188888,CCOc1ccc(cc1)n2nc3c(nnc(C)c3c2C)N4CCN(C)CC4,CHEMBL1801212,IC50,5.97
188899,CCOc1ccc(cc1)n2nc3c(nnc(C)c3c2C)N4CCCNCC4,CHEMBL1801213,IC50,6.0
188910,CCOc1ccc(cc1)n2nc3c(nnc(C)c3c2C)N4CCNCC4,CHEMBL1801211,IC50,6.0
188921,CCOc1ccc(cc1)n2nc3c(nnc(C)c3c2C)N4CCC(F)(F)C4,CHEMBL1801187,IC50,6.1
188932,Cc1nnc(N2CCCC2)c3nn(c(C)c13)c4ccc(Cl)cc4OC(F)(F)F,CHEMBL1801185,IC50,6.1
188943,Cc1nnc(N2CCCC2)c3nn(c(C)c13)c4ccc(Cl)cc4Cl,CHEMBL1801184,IC50,6.2
188954,Cc1nnc(N2CC[C@@H](F)C2)c3nn(c(C)c13)c4ccc(OCC(F)(F)F)cc4,CHEMBL1801188,IC50,6.2
188965,CCOc1ccc(cc1)n2nc3c(NC)nnc(C)c3c2C,CHEMBL1801208,IC50,6.27
188976,CCOc1ccc(cc1)n2nc3c(nnc(C)c3c2C)N4CCC(O)CC4,CHEMBL1801176,IC50,6.4
188987,Cc1nnc(N2CCCC2)c3nn(c(C)c13)c4ccc(OCC(F)(F)F)cc4,CHEMBL1801182,IC50,6.4
188998,CC(C)Oc1ccc(cc1)n2nc3c(nnc(C)c3c2C)N4CCCC4,CHEMBL1801183,IC50,6.5
189009,CCOc1ccc(c(F)c1)n2nc3c(nnc(C)c3c2C)N4CC(C4)OC,CHEMBL1801192,IC50,6.7
189020,CCOc1ccc(cc1)n2nc3c(nnc(C)c3c2C)N(C)C,CHEMBL1801205,IC50,6.8
189031,CCOc1ccc(cc1)n2nc3c(nnc(C)c3c2C)N4CC(C4)OC,CHEMBL1801180,IC50,6.9
189042,CCOc1ccc(cc1)n2nc3c(nnc(C)c3c2C)N4CC[C@@H](F)C4,CHEMBL1801186,IC50,7.07
189053,CCOc1ccc(cc1)n2nc3c(nnc(C)c3c2C)N4CC[C@H](C4)OC,CHEMBL1801179,IC50,7.1
189064,CCOc1ccc(cc1)n2nc3c(nnc(C)c3c2C)N4CCC4,CHEMBL1801207,IC50,7.23
189075,CCOc1ccc(cc1)n2nc3c(nnc(C)c3c2C)N4CCCC4,CHEMBL1801206,IC50,7.66
189086,CCOc1ccc(cc1)n2nc3c(nnc(C)c3c2C)N4CC[C@H](N)C4,CHEMBL1801177,IC50,8.0
