id,smiles,name,assay_type,activity_value
655208,COCCOC(=O)C1=C(C)NC(C)=C(C1C1=CC(=CC=C1)[N+]([O-])=O)C(=O)OC\C=C\C1=CC=CC=C1,cilnidipine,N/A,N/A
655218,COC(=O)C1=C(C)NC(C)=C([C@@H]1C1=CC(=CC=C1)[N+]([O-])=O)C(=O)OCCCN1CCC(CC1)(C1=CC=CC=C1)C1=CC=CC=C1,dexniguldipine,N/A,N/A
655227,COC(=O)C1=C(C)NC(C)=C(C1C1=CC(=CC=C1)[N+]([O-])=O)C(=O)OCCN1CCN(CC1)C(C1=CC=CC=C1)C1=CC=CC=C1,manidipine,N/A,N/A
655236,COC(=O)C1=C(NC(C)=C(C1C1=CC(=CC=C1)[N+]([O-])=O)C(=O)OC(C)C)C#N,nilvadipine,N/A,N/A
655245,CCOC(=O)C1=C(COCCN)NC(C)=C([C@@H]1C1=C(Cl)C=CC=C1)C(=O)OC,levamlodipine,N/A,N/A
655274,CC(C)COCC(CN(CC1=CC=CC=C1)C1=CC=CC=C1)N1CCCC1,bepridil,N/A,N/A
655265,COC1=C(OC)C=C(CCN(C)CCCC(C#N)(C(C)C)C2=CC(OC)=C(OC)C=C2)C=C1,verapamil,IC50,6.0
655293,COC(=O)C1=C(C)NC(C)=C(C1C1=CC=CC2=NON=C12)C(=O)OC(C)C,isradipine,N/A,N/A
655303,CCOC(=O)C1=C(C)NC(C)=C(C1C1=C(Cl)C(Cl)=CC=C1)C(=O)OC,felodipine,N/A,N/A
739035,COC1=CC=C(C=C1)[C@@H]1SC2=CC=CC=C2N(CCN(C)C)C(=O)[C@@H]1OC(C)=O,diltiazem,IC50,7.3188
655312,CCCC(=O)OCOC(=O)C1=C(C)NC(C)=C(C1C1=C(Cl)C(Cl)=CC=C1)C(=O)OC,clevidipine,N/A,N/A
655322,[H]C1(C2=C(Cl)C=CC=C2)C(C(=O)OC)=C(C)NC(COCCN)=C1C(=O)OCC,amlodipine,N/A,N/A
655332,COC(=O)C1=C(C)NC(C)=C(C1C1=C(C=CC=C1)[N+]([O-])=O)C(=O)OCC(C)C,nisoldipine,IC50,7.29999971
655396,CCOC(=O)C1=C(C)NC(C)=C(C1C1=CC(=CC=C1)[N+]([O-])=O)C(=O)OC,nitrendipine,IC50,7.69999981
655342,COCCOC(=O)C1=C(C)NC(C)=C(C1C1=CC(=CC=C1)[N+]([O-])=O)C(=O)OC(C)C,nimodipine,IC50,6.80000019
655283,COC(=O)C1=C(C)NC(C)=C(C1C1=C(C=CC=C1)[N+]([O-])=O)C(=O)OC,nifedipine,Kd,9.4
655352,CC1=C(C(C2=CC(=CC=C2)[N+]([O-])=O)C(=C(C)N1)P1(=O)OCC(C)(C)CO1)C(=O)OCCN(CC1=CC=CC=C1)C1=CC=CC=C1,efonidipine,N/A,N/A
655361,COC(=O)C1=C(C)NC(C)=C(C1C1=C(C=CC=C1)[N+]([O-])=O)C(=O)OCC(C)=O,aranidipine,N/A,N/A
655369,COC(=O)C1=C(C)NC(C)=C([C@H]1C1=CC(=CC=C1)[N+]([O-])=O)C(=O)OCCN(C)CC1=CC=CC=C1,(S)-nicardipine,N/A,N/A
655378,COC(=O)C1=C(C)NC(C)=C([C@H]1C1=CC(=CC=C1)[N+]([O-])=O)C(=O)O[C@H]1CCN(CC2=CC=CC=C2)C1,barnidipine,N/A,N/A
655387,CC(C)OC(=O)C1=C(C)NC(N)=C(C1C1=CC(=CC=C1)[N+]([O-])=O)C(=O)OC1CN(C1)C(C1=CC=CC=C1)C1=CC=CC=C1,azelnidipine,N/A,N/A
655406,COC(=O)C1=C(C)NC(C)=C(C1C1=CC(=CC=C1)[N+]([O-])=O)C(=O)OCCN(C)CC1=CC=CC=C1,nicardipine,N/A,N/A
655415,CCOC(=O)C1=C(C)NC(C)=C(C1C1=C(\C=C\C(=O)OC(C)(C)C)C=CC=C1)C(=O)OCC,lacidipine,N/A,N/A
655254,CCOC(=O)C1=C(C)NC(C)=C([C@@H]1C1=CC(=CC=C1)[N+]([O-])=O)C(=O)OC,(S)-nitrendipine,N/A,N/A
655424,COC(=O)C1=C(C)NC(C)=C(C1C1=CC(=CC=C1)[N+]([O-])=O)C(=O)O[C@@H]1CCCN(CC2=CC=CC=C2)C1,benidipine,N/A,N/A
655433,COC(=O)C1=C(C)NC(C)=C(C1C1=CC=CC(=C1)[N+]([O-])=O)C(=O)OC(C)(C)CN(C)CCC(C1=CC=CC=C1)C1=CC=CC=C1,lercanidipine,N/A,N/A
846370,CC1CCCN(C1C)C(=O)c2csc(Nc3ccc(C)cc3)n2,CHEMBL2418806,IC50,5.0
846403,C[C@H]1CCCN([C@H]1C)C(=O)c2nc(Nc3ccc(Cl)cc3F)sc2C,CHEMBL2418811,IC50,5.0
2212426,Nc1nc(CC(=O)Nc2ccc(C[C@@H]3CC[C@@H](N3)[C@H](O)c4ccccc4)cc2)cs1,CHEMBL1684585,IC50,5.09
1733774,O=C(NC1CC1c2ccccc2)N3CCC(CC3)c4onc(n4)c5ccc6ccccc6n5,CHEMBL551921,IC50,5.17
2212439,CCO\C(=C/1\[C@@H]2[C@@H](C(=O)OCC)[C@@](C)(Sc3c2cccc3[N+](=O)[O-])N=C1C)\O,CHEMBL2110301,Ki,5.22
1655403,COC(=O)C(CCC(=O)N1CCN(CC1)c2ccccc2OC)(C(C)C)c3ccc(Br)cc3,CHEMBL3115195,IC50,5.23
1656113,COC(=O)C(CCC(=O)N(C)CCCc1nc2ccccc2[nH]1)(C(C)C)c3ccc(Br)cc3,CHEMBL3115194,IC50,5.27
1730689,CC#C[C@H]([C@H]1OC(=O)NC1=O)c2ccc(Oc3ccc(cc3OC(F)F)C(F)(F)F)cc2,CHEMBL1777878,IC50,5.29
2212456,CCO\C(=C/1\[C@@H]2[C@H](C(=O)OCC)[C@@](C)(Sc3cc(ccc23)[N+](=O)[O-])N=C1C)\O,CHEMBL2110167,Ki,5.3
2212467,CCO\C(=C/1\[C@@H]2[C@H](C(=O)OCC)[C@@](C)(Sc3ccccc23)N=C1C)\O,CHEMBL2110170,Ki,5.3
2212479,CC(C)N1C(=O)[C@@H](CCc2ccccc12)NC(=O)[C@@H](Cc3ccccc3OC(F)(F)F)NC(=O)OC(C)(C)C,CHEMBL247828,IC50,5.46
2212490,CCOC(=O)C1=C(C)NC(=NC1c2cccc(c2)[N+](=O)[O-])N(C)C,CHEMBL3392278,Kd,5.47
2212501,CCCN(C1CCN(Cc2c(OC)cccc2OC)CC1)S(=O)(=O)c3cccc(c3)C(F)(F)F,CHEMBL2180891,IC50,5.5
2212511,CCO\C(=C/1\[C@@H]2[C@@H](C(=O)OCC)[C@@](C)(Sc3cc(ccc23)[N+](=O)[O-])N=C1C)\O,CHEMBL2110298,Ki,5.52
1721773,O=C(NC1CC1c2ccccc2)N3CCC(CC3)c4onc(n4)c5nccc6ccccc56,CHEMBL552061,IC50,5.52
2212524,COC(=O)C1=C(C)N=C(NC1c2cc(ccc2SC)[N+](=O)[O-])SC,CHEMBL23451,Kd,5.57
2212535,CO[C@]1(CCN(C)CCCc2nc3ccccc3[nH]2)C[C@@H]4CC[C@H]1c5ccccc45,CHEMBL3609820,IC50,5.57
1723854,FC(F)(F)c1ccccc1c2noc(n2)C3CCN(CC3)C(=O)NC4CC4c5ccccc5,CHEMBL561788,IC50,5.7
2212548,CC(C)N1C(=O)[C@H](CCc2ccccc12)NC(=O)[C@@H](Cc3ccccc3OC(F)(F)F)NC(=O)OC(C)(C)C,CHEMBL247829,IC50,5.76
1750955,O[C@@H](CNCCc1ccc(NS(=O)(=O)c2ccc(cc2)c3nc(cs3)c4ccc(cc4)C(F)(F)F)cc1)c5cccnc5,CHEMBL111201,IC50,5.77
2212561,COC(=O)C1=C(C)N=C(NC1c2ccccc2SC)SC,CHEMBL279029,Kd,5.82
2212572,CSC1=NC2\C(=C(\O)/OCCCCCSc3ccc(cc23)[N+](=O)[O-])\C(=N1)C,CHEMBL25763,Kd,6.06
2212583,COCC(=O)O[C@]1(CCN(C)CCCc2nc3ccccc3[nH]2)C[C@@H]4CC[C@H]1c5ccccc45,CHEMBL3608944,IC50,6.13
2212595,CC(C)C(=O)O[C@]1(CCN(C)CCCc2nc3ccccc3[nH]2)C[C@@H]4CC[C@H]1c5ccccc45,CHEMBL3608945,IC50,6.16
2212607,CC(C)C(=O)O[C@]1(CCN(C)CCCc2nc3ccccc3[nH]2)C[C@@H]4CCC[C@H]1c5ccccc45,CHEMBL3608947,IC50,6.19
2212618,CCO\C(=C/1\[C@@H]2[C@H](C(=O)OCC)[C@@](C)(Sc3ccc(cc23)[N+](=O)[O-])N=C1C)\O,CHEMBL2110169,Ki,6.19
2212629,CO[C@@H]1C[C@@](CCN(C)CCCc2nc3ccccc3[nH]2)(OC(=O)C(C)C)[C@@H](C(C)C)c4ccc(F)cc14,CHEMBL3609825,IC50,6.23
2212643,COc1ccc(CCNC2CCCC(C2)C(C#N)(C(C)C)c3ccc(OC)c(OC)c3)cc1OC,CHEMBL343771,IC50,6.27
2212654,CC(C)[C@H]1c2ccc(F)cc2[C@H](O)C[C@@]1(CCN(C)CCCc3nc4ccccc4[nH]3)OC(=O)C(C)C,CHEMBL3608942,IC50,6.3
2212664,CCO\C(=C/1\[C@@H]2[C@@H](C(=O)OCC)[C@@](C)(Sc3ccccc23)N=C1C)\O,CHEMBL2110303,Ki,6.3
2212678,COc1ccc(CCN(C)C2CCCC(C2)C(C#N)(C(C)C)c3ccc(OC)c(OC)c3)cc1OC,CHEMBL138302,IC50,6.3
2212689,COC(=O)C1=C(C)N(CCN(C)C)c2ccccc2SC1c3cccc(c3)[N+](=O)[O-],CHEMBL345843,Kd,6.31
2212701,COC(=O)C1=C(C)N=C(NC1c2cccc(c2)[N+](=O)[O-])SC,CHEMBL282279,Kd,6.32
2212712,CC(C)C(=O)O[C@@]1(CCN(C)CCCc2nc3ccccc3[nH]2)C[C@H]4CCC[C@@H]1c5ccccc45,CHEMBL3609818,IC50,6.34
2212723,COCC(=O)O[C@]1(CCN(C)CCCc2nc3ccccc3[nH]2)CC(C)(C)c4cc(F)ccc4[C@@H]1C(C)C,CHEMBL3609823,IC50,6.36
2212734,CC(C)C(=O)O[C@@]1(CCN(C)CCCc2nc3ccccc3[nH]2)C[C@H]4CC[C@@H]1c5ccccc45,CHEMBL3609817,IC50,6.37
2212745,CC(C)[C@H]1c2ccc(F)cc2[C@@H](O)C[C@@]1(CCN(C)CCCc3nc4ccccc4[nH]3)OC(=O)C(C)C,CHEMBL3608943,IC50,6.37
2212756,CCO\C(=C/1\C(C(=C(C)N=C1C)C(=O)OCC)c2c(onc2c3ccccc3)C(C)C)\O,CHEMBL75770,Ki,6.38
2212767,CO[C@H]1C[C@@](CCN(C)CCCc2nc3ccccc3[nH]2)(OC(=O)C(C)C)[C@@H](C(C)C)c4ccc(F)cc14,CHEMBL3608940,IC50,6.4
2212778,COc1cccc2nc(CCCN(C)CC[C@@]3(C[C@H]4CCC[C@@H]3c5ccccc45)OC(=O)C(C)C)[nH]c12,CHEMBL3609819,IC50,6.41
2212789,CO\C(=C/1\C(Sc2ccccc2N=C1C)c3cccc(c3)[N+](=O)[O-])\O,CHEMBL158853,Kd,6.44
2212800,CC(C)[C@H]1c2ccc(F)cc2CC[C@@]1(CCN(C)CCCc3nc4ccccc4[nH]3)OC(=O)C(C)C,CHEMBL3609822,IC50,6.46
2212811,CCOC(=O)C1=C(C)NC(=C(C#N)[C@@H]1c2cnccc2c3cccc4ccccc34)C,CHEMBL3392229,IC50,6.57
2212821,CCOC(=O)C1=C(C)NC(=C(C#N)[C@@H]1c2cnccc2c3ccccc3)C,CHEMBL3392227,IC50,6.6
2212830,CCO\C(=C/1\[C@@H]2[C@H](C(=O)OCC)[C@@](C)(Sc3c2cccc3[N+](=O)[O-])N=C1C)\O,CHEMBL2110168,Ki,6.6
2212841,CC(C)[C@H]1c2ccc(F)cc2[C@H](C[C@@]1(CCN(C)CCCc3nc4ccccc4[nH]3)OC(=O)C(C)C)OCc5ccccc5,CHEMBL3608316,IC50,6.65
1654992,COCC(=O)O[C@]1(CCN(C)CCCc2nc3ccccc3[nH]2)CCc4cc(F)ccc4[C@@H]1C(C)C,CHEMBL45816,IC50,6.7
2212854,CCCC[C@@H]1C[C@@](CCN(C)CCCc2nc3ccccc3[nH]2)(OC(=O)COC)[C@@H](C(C)C)c4ccc(F)cc14,CHEMBL3609824,IC50,6.76
2212865,CC(C)[C@H]1c2ccc(F)cc2[C@@H](C[C@@]1(CCN(C)CCCc3nc4ccccc4[nH]3)OC(=O)C(C)C)OCc5ccccc5,CHEMBL3608941,IC50,6.81
2212879,CN(CCCc1nc2ccccc2[nH]1)CC[C@]3(C[C@@H]4CC[C@H]3c5ccccc45)OC(=O)C6CC6,CHEMBL3608946,IC50,6.85
2212890,CO\C(=C/1\C(C(=C(C)N=C1C)C(=O)OC)c2c(C)onc2C)\O,CHEMBL73647,Ki,6.91
2212901,CCOC(=O)C1=C(C)N=C(NC1c2cccc(c2)[N+](=O)[O-])OC,CHEMBL88149,Kd,6.98
2212912,CCOC(=O)C1=C(C)NC(=C(C#N)[C@@H]1c2cnccc2c3ccc4ccccc4c3)C,CHEMBL3392230,IC50,7.0
2212922,CCO\C(=C/1\C(C(=C(C)N=C1C)C(=O)OCC)c2c(C)noc2CCc3ccccc3c4ccccc4)\O,CHEMBL105893,Ki,7.04
2212933,CCCCCc1onc(c2ccccc2)c1C3C(=C(C)N=C(C)/C/3=C(/O)\OCC)C(=O)OCC,CHEMBL72717,Ki,7.1
2212944,CCO\C(=C/1\C(C(=C(C)N=C1C)C(=O)OCC)c2cc(ccc2SC)[N+](=O)[O-])\O,CHEMBL161165,Ki,7.1
2212955,CCO\C(=C/1\C(C(=C(C)N=C1C)C(=O)OCC)c2c(CCc3ccccc3)onc2c4ccccc4)\O,CHEMBL107213,Ki,7.14
2212966,CCO\C(=C/1\C(C(=C(C)N=C1C)C(=O)OCC)c2c(C)noc2CC)\O,CHEMBL72620,Ki,7.28
2212977,CCO\C(=C/1\C(C(=C(C)N=C1C)C(=O)OCC)c2c(CCc3cccc(OC)c3)onc2c4ccccc4)\O,CHEMBL539426,Ki,7.4
2212988,CCOC(=O)C1=C(C)NC(=NC1c2ccccc2C(F)(F)F)SC,CHEMBL3392285,Kd,7.46
2212998,CCO\C(=C/1\[C@@H]2[C@@H](C(=O)OCC)[C@@](C)(Sc3ccc(cc23)[N+](=O)[O-])N=C1C)\O,CHEMBL2110302,Ki,7.52
2213009,COC(=O)C1=C(C)N=C(NC1c2cccc(c2SC)[N+](=O)[O-])SC,CHEMBL280926,Kd,7.52
2213020,[2H]C1(C(=C(C)NC(=C1C(=O)OCC)C)C(=O)OCC)c2c(C)onc2C,CHEMBL2114104,Ki,7.55
2213030,CCO\C(=C/1\C(C(=C(C)N=C1C)C(=O)OCC)c2c(C)onc2C)\O,CHEMBL74944,Ki,7.57
2213041,CCOC(=O)C1=C(C)NC(=NC1c2cccc(c2)[N+](=O)[O-])SC,CHEMBL39925,Kd,7.64
2213052,CCO\C(=C/1\C(C(=C(C)N=C1C)C(=O)OCC)c2c(C)noc2CCc3ccccc3)\O,CHEMBL323782,Ki,7.64
2213063,CCO\C(=C/1\C(C(=C(C)N=C1C)C(=O)OCC)c2c(C)noc2CCc3ccc4ccccc4c3)\O,CHEMBL317651,Ki,7.7
2213074,CCO\C(=C/1\C(C(=C(C)N=C1C)C(=O)OCC)c2c(C)noc2CCc3ccc(cc3)c4ccccc4)\O,CHEMBL104082,Ki,7.74
2213085,CO\C(=C/1\[C@@H](C(=C(C)N=C1C)[N+](=O)[O-])c2ccccc2C(F)(F)F)\O,CHEMBL283013,Kd,7.75
2213096,CSC1=NC2\C(=C(\O)/OCCCCCSc3ccccc23)\C(=N1)C,CHEMBL282706,Kd,7.75
2213107,CCO\C(=C/1\C(C(=C(C)N=C1C)C(=O)OCC)c2c(C)onc2c3ccccc3)\O,CHEMBL305903,Ki,7.86
2213118,CSC1=NC(C(=C(C)N1)C(=O)OC(C)C)c2cccc(c2)[N+](=O)[O-],CHEMBL2398396,Kd,7.92
2213129,CCO\C(=C/1\C(C(=C(C)N=C1C)C(=O)OCC)c2c(CCc3cccc(Br)c3)onc2c4ccccc4)\O,CHEMBL325811,Ki,8.16
2213140,CSC1=NC2\C(=C(\O)/OCCCCCSc3c2cccc3[N+](=O)[O-])\C(=N1)C,CHEMBL23692,Kd,8.3
2213151,CCO\C(=C/1\C(C(=C(C)N=C1C)C(=O)OCC)c2c(C)noc2CCc3cccc4ccccc34)\O,CHEMBL104455,Ki,8.39
2213162,CCC(C)OC(=O)C1=C(C)NC(=NC1c2cccc(c2)[N+](=O)[O-])SC,CHEMBL3392281,Kd,8.59
2213173,CCO\C(=C/1\C(C(=C(C)N=C1C)C(=O)OCC)c2cccc(c2SC)[N+](=O)[O-])\O,CHEMBL159854,Ki,9.0
