id,smiles,name,assay_type,activity_value
1653498,CN1C(=O)OC(C)(C)C1=O,trimethadione,N/A,N/A
1653508,CCC1(C)CC(=O)NC1=O,ethosuximide,N/A,N/A
1653517,CCC1(C)OC(=O)N(C)C1=O,paramethadione,N/A,N/A
1653526,CN1C(=O)CC(C1=O)C1=CC=CC=C1,phensuximide,N/A,N/A
1653535,CN1C(=O)CC(C)(C1=O)C1=CC=CC=C1,methsuximide,N/A,N/A
1404232,Fc1ccc(cc1)C(N2CCN(C\C=C\c3ccccc3)CC2)c4ccc(F)cc4,flunarizine,Kd,6.28
1653565,CCCc1oc(CNCCN2CCN(CC2)c3ccc(OC)cc3)c(n1)c4ccccc4,CHEMBL1171598,IC50,5.04
1653576,COC(=O)CC1N(CCCCCN)C(=Nc2ccccc12)Nc3ccccc3,CHEMBL590614,IC50,5.04
1653587,Fc1ccc(CN2C(=O)Nc3cc(ccc3C2=O)C(=O)NCCN4CCCCC4)cc1,CHEMBL224778,IC50,5.04
1653598,Cl.Fc1ccc(CN2C(=O)c3ccc(cc3C2=O)C(=O)NCCN4CCCCC4)cc1,CHEMBL536308,IC50,5.05
1653609,CCCc1oc(CNCCCN2CCN(CC2)c3ccccc3C)c(n1)c4ccccc4,CHEMBL1170572,IC50,5.06
1653620,COC(=O)c1coc(CN2CCN(CC2)C(=O)CC(c3ccc(F)cc3)c4ccc(Cl)cc4)n1,CHEMBL1645161,IC50,5.06
1653631,Cl.Fc1cccc(CN2C(=O)c3ccc(cc3C2=O)C(=O)NCCN4CCCCC4)c1,CHEMBL536307,IC50,5.07
1653642,Cl.Cc1ccccc1CN2C(=O)c3ccc(cc3C2=O)C(=O)NCCN4CCCCC4,CHEMBL538833,IC50,5.08
1653653,CCC1CCCCN1CCNC(=O)c2ccc3C(=O)N(Cc4ccc(F)cc4)C(=O)Nc3c2,CHEMBL223962,IC50,5.1
1653664,O=C(NCCN1CCCC1)c2ccc3C(=O)N(C4CCCCC4)C(=O)Nc3c2,CHEMBL224304,IC50,5.1
1653675,CCCc1oc(CNCCN2CCN(CC2)C(c3ccccc3)c4ccccc4)c(n1)c5ccccc5,CHEMBL1170816,IC50,5.13
1653686,NC(=O)c1cccc(NCc2oc(cc2)c3ccc(Oc4ccc(cc4)C#N)cc3)c1,CHEMBL3613802,IC50,5.13
1653697,CCCc1oc(CNCCCN2CCN(CC2)c3ccc(cc3)C(F)(F)F)c(n1)c4ccccc4,CHEMBL1170781,IC50,5.14
1653708,Cl.COc1cc(OC)cc(c1)C(=O)NCC2(CCN(Cc3ccc(cc3)C(F)(F)F)CC2)C(=O)O,CHEMBL1836263,IC50,5.14
1653719,CCCc1oc(CNCCN2CCN(CC2)c3ccc(F)cc3)c(n1)c4ccccc4,CHEMBL1171764,IC50,5.15
1653730,COc1cc(CNCc2ccc(Oc3ccc(cc3)C#N)cc2)cc(OC)c1OC,CHEMBL3613810,IC50,5.19
1653741,CCC1CCCCN1CCNC(=O)c2ccc3C(=O)N(Cc4ccc(OC)cc4)C(=O)Nc3c2,CHEMBL224116,IC50,5.22
1653752,Clc1ccc(NC(=O)CCCN2CCN(CC2)c3ccccc3Cl)cc1,CHEMBL225744,IC50,5.22
1653763,COC(=O)CC1N(C(=Nc2ccccc12)N(C)CCCCCN3CCCC3)c4ccccc4,CHEMBL245610,IC50,5.23
1653774,Cl.Cc1ccc(CN2C(=O)c3ccc(cc3C2=O)C(=O)NCCN4CCCCC4)cc1,CHEMBL535405,IC50,5.24
1653785,Cl.Clc1ccccc1CN2C(=O)c3ccc(cc3C2=O)C(=O)NCCN4CCCCC4,CHEMBL536309,IC50,5.24
1653796,COc1cc(CNCc2c[nH]c3ccc(Cl)cc23)cc(OC)c1OC,CHEMBL3613811,IC50,5.28
1653807,Cl.COc1ccc(CN2C(=O)c3ccc(cc3C2=O)C(=O)NCCN4CCCCC4)cc1,CHEMBL539092,IC50,5.28
1653818,CC1CCCCN1CCCNC(=O)c2ccc3C(=O)N(Cc4ccc(F)cc4)C(=O)Nc3c2,CHEMBL224907,IC50,5.33
1653829,CN(CCCNC(=O)c1ccc2C(=O)N(Cc3ccc(Cl)cc3)C(=S)Nc2c1)Cc4ccccc4,CHEMBL376574,IC50,5.33
1653840,CCN1C(CC(=O)NCc2ccccc2)c3ccccc3N=C1N4CCCCC4,CHEMBL384090,IC50,5.34
1653851,NCCCCCN1C(CC(=O)NCc2ccccc2)c3ccccc3N=C1Nc4ccccc4,CHEMBL604453,IC50,5.34
1653862,Clc1ccc(NC(=O)CCCN2CCN(CC2)c3ccccc3)cc1,CHEMBL226189,IC50,5.35
1653873,CCCc1oc(CNCCN2CCN(CC2)c3ccccc3Cl)c(n1)c4ccccc4,CHEMBL1170207,IC50,5.36
1653884,CCCc1oc(CNCCN2CCN(CC2)c3ccccc3C)c(n1)c4ccccc4,CHEMBL1172362,IC50,5.37
1653895,O[C@H](COc1ccc(cc1)C(F)(F)F)CN2CCN(Cc3ccc(Cl)cc3)CC2,CHEMBL2334273,IC50,5.37
1653906,CN(CCCCCN1CCCC1)C2=Nc3ccccc3C(CC(=O)NCc4ccccc4)N2c5ccccc5,CHEMBL393304,IC50,5.38
1653917,COC(=O)C1(CNC(=O)c2cc(OC)cc(OC)c2)CCN(Cc3ccc(cc3)C(F)(F)F)CC1,CHEMBL1836167,IC50,5.38
1653928,Clc1ccc(NC(=O)CCCN2CCN(CC2)c3ccccc3)c(Cl)c1,CHEMBL389636,IC50,5.38
1653939,CCN1C(CC(=O)NCc2ccc(NS(=O)(=O)c3ccc(F)cc3)cc2)c4ccccc4N=C1N(C)C,CHEMBL214951,IC50,5.39
1653950,Cl.Clc1cccc(CN2C(=O)c3ccc(cc3C2=O)C(=O)NCCN4CCCCC4)c1,CHEMBL538584,IC50,5.39
1653961,CCc1cccc(CC)c1NCC(=O)N2CCCN(Cc3nc4ccccc4[nH]3)CC2,CHEMBL1097702,IC50,5.4
1653972,COc1cccc(c1)N2CCN(CCCC(=O)Nc3ccc(Cl)cc3Cl)CC2,CHEMBL226406,IC50,5.42
1653983,CC1CCCCN1CCCNC(=O)c2ccc3C(=O)N(Cc4ccc(Cl)cc4)C(=O)Nc3c2,CHEMBL224227,IC50,5.43
1653994,NCCCC(=O)N1CCN(CC1)C(c2ccccc2)c3ccc(Cl)cc3,CHEMBL1215246,IC50,5.43
1654005,Fc1ccccc1N2CCN(CCCC(=O)Nc3ccc(Cl)cc3)CC2,CHEMBL226239,IC50,5.44
1654016,Cl.CC1CCCCN1CCCNC(=O)c2ccc3C(=O)N(Cc4ccc(C)cc4)C(=O)c3c2,CHEMBL534966,IC50,5.45
1654027,Clc1ccc(NC(=O)CCCN2CCN(Cc3ccccc3)CC2)cc1,CHEMBL224863,IC50,5.45
1654038,Fc1ccc(cc1)N2CCN(CCCC(=O)Nc3ccc(Cl)cc3)CC2,CHEMBL387853,IC50,5.46
1654049,CCC1CCCCN1CCNC(=O)c2ccc3C(=O)N(Cc4ccc(Cl)cc4)C(=O)Nc3c2,CHEMBL225485,IC50,5.47
1654060,Clc1ccc(CN2CCN(CCCCC(=O)N3CCN(CC3)c4ccccc4)CC2)cc1,CHEMBL226092,IC50,5.47
1654071,CCC1CCCCN1CCCNC(=O)c2ccc3C(=O)N(Cc4ccc(F)cc4)C(=O)Nc3c2,CHEMBL223910,IC50,5.48
1654082,CCCc1oc(CNCCN2CCN(CC2)c3cccc(F)c3)c(n1)c4ccccc4,CHEMBL1172513,IC50,5.48
1654093,COc1ccccc1N2CCN(CCCC(=O)Nc3ccc(Cl)cc3Cl)CC2,CHEMBL226355,IC50,5.48
1654104,CCCc1oc(CNCCCN2CCN(CC2)c3ccc(F)cc3)c(n1)c4ccccc4,CHEMBL1170602,IC50,5.49
1654115,COC(=O)C(CCCN1CCC(=CC1)c2ccccc2OC)(C(C)C)c3ccc(Br)cc3,CHEMBL3115345,IC50,5.49
1654126,COc1ccccc1N2CCN(CCCC(C(C)C)(C(=O)O)c3ccc(Br)cc3)CC2,CHEMBL3115193,IC50,5.49
1654137,Fc1cccc(Cl)c1CN2CCN(CCCC(=O)Nc3ccc(Cl)cc3)CC2,CHEMBL225859,IC50,5.49
1654148,Clc1ccc(NC(=O)CCCN2CCN(Cc3ccccc3)CC2)c(Cl)c1,CHEMBL225987,IC50,5.5
1654159,FC(F)(F)c1ccccc1NCC(=O)N2CCCN(Cc3nc4ccccc4[nH]3)CC2,CHEMBL1098851,IC50,5.5
1654170,COc1ccc(CN2C(=O)Nc3cc(ccc3C2=O)C(=O)NCCCN4CCCCC4)cc1,CHEMBL224286,IC50,5.51
1654181,NCCCCCNC1=Nc2ccccc2C(CC(=O)NCc3ccccc3)N1c4ccccc4,CHEMBL591335,IC50,5.51
1654192,CCCc1oc(CNCCCN2CCN(CC2)c3ccc(C)c(C)c3)c(n1)c4ccccc4,CHEMBL1171410,IC50,5.52
1654203,CCCc1oc(CNCCCN2CCN(CC2)c3cccc(F)c3)c(n1)c4ccccc4,CHEMBL1170601,IC50,5.52
1654214,Fc1ccc(cc1)C2(CNC(=O)C3CCCCN3Cc4ccccc4)CCCCC2,CHEMBL1819497,IC50,5.52
1654225,Clc1ccc(CN2CCN(CCCCC(=O)N3CCN(CC3)c4ccccc4)CC2)cc1Cl,CHEMBL389861,IC50,5.54
1654236,CCC1CCCCN1CCCNC(=O)c2ccc3C(=O)N(Cc4ccccc4Cl)C(=O)Nc3c2,CHEMBL225328,IC50,5.55
1654247,CCCc1oc(CNCCCN2CCN(CC2)c3ccccc3Cl)c(n1)c4ccccc4,CHEMBL1170569,IC50,5.55
1654258,CCCc1oc(CNCCN2CCN(CC2)c3ccc(Cl)cc3)c(n1)c4ccccc4,CHEMBL1170393,IC50,5.55
1654269,COc1cccc(c1)N2CCN(CCCC(=O)Nc3ccc(Cl)cc3)CC2,CHEMBL224807,IC50,5.56
1654280,Clc1ccc(NC(=O)CCCN2CCN(Cc3ccc4OCOc4c3)CC2)cc1,CHEMBL376611,IC50,5.56
1654291,COC(=O)C(CCCN1CCC(CC1)c2ccccc2OC)(C(C)C)c3ccc(Br)cc3,CHEMBL3115346,IC50,5.58
1654302,COc1ccccc1N2CCN(CCCC(=O)Nc3ccc(Cl)cc3)CC2,CHEMBL446375,IC50,5.58
1654313,Clc1ccc(NC(=O)CCCN2CCN(CC2)c3ccc(Cl)cc3)cc1,CHEMBL390955,IC50,5.58
1654324,O[C@H](COc1ccc(F)cc1)CN2CCN(Cc3cccc(Cl)c3)CC2,CHEMBL2334263,IC50,5.59
1654335,CCN1CCN(CCCNC(=O)c2ccc3C(=O)N(Cc4ccc(Cl)cc4)C(=S)Nc3c2)CC1,CHEMBL228257,IC50,5.6
1654346,COc1cc(CNCc2oc(cc2)c3cccc(c3)C(F)(F)F)cc(OC)c1OC,CHEMBL3613804,IC50,5.6
1654357,COc1ccc(cc1)C(CC(=O)N2CCN(Cc3oc4cc(C)ccc4n3)CC2)c5ccccc5,CHEMBL1645184,IC50,5.61
1654368,Clc1ccc(CN2C(=O)Nc3cc(ccc3C2=O)C(=O)NCCN4CCCC4)cc1,CHEMBL388401,IC50,5.61
1654379,Fc1ccccc1N2CCN(CC2)C(=O)CCCCN3CCN(Cc4cccc(Cl)c4)CC3,CHEMBL226091,IC50,5.61
1654390,COc1ccc(cc1Cl)c2oc(CNCc3cc(OC)c(OC)c(OC)c3)cc2,CHEMBL3613808,IC50,5.62
1654401,Cc1ccc(NC(=O)CN2CCCN(Cc3nc4ccccc4[nH]3)CC2)cc1C,CHEMBL1098197,IC50,5.62
1654412,Fc1cccc(Cl)c1CN2CCN(CCCC(=O)Nc3ccc(Cl)cc3Cl)CC2,CHEMBL226042,IC50,5.62
1654423,[O-][N+](=O)c1ccc(CNC(=O)CC2N(C(=Nc3ccccc23)N4CCCCC4)c5ccccc5)cc1,CHEMBL325950,IC50,5.63
1654434,CN(C)c1ccc(CNCCCC(=O)N2CCN(CC2)C(c3ccccc3)c4ccc(Cl)cc4)cc1,CHEMBL1215392,IC50,5.64
1654445,COC(=O)CC1N(CCCCCNC(=O)OC(C)(C)C)C(=Nc2ccccc12)Nc3ccccc3,CHEMBL589636,IC50,5.64
1654456,CCCc1oc(CNCCN2CCN(CC2)c3ccc(C)c(C)c3)c(n1)c4ccccc4,CHEMBL1172703,IC50,5.65
1654467,CCCc1oc(CNCCN2CCN(CC2)c3ccc(C)cc3C)c(n1)c4ccccc4,CHEMBL1170358,IC50,5.65
1654478,CCN1C(CC(=O)NCc2ccc(cc2)[N+](=O)[O-])c3ccccc3N=C1N(C)C,CHEMBL591802,IC50,5.66
1654489,Fc1ccc(cc1)C2(CNC(=O)C3CCN(Cc4ccccc4)CC3)CCOCC2,CHEMBL1819503,IC50,5.66
1654500,CCCc1oc(CNCCN2CCN(CC2)c3ccccc3C(F)(F)F)c(n1)c4ccccc4,CHEMBL1171599,IC50,5.68
1654511,CCc1cccc(CC)c1NC(=O)CN2CCCN(Cc3nc4ccccc4[nH]3)CC2,CHEMBL1098858,IC50,5.68
1654522,Cl.CC1CCCCN1CCCNC(=O)c2ccc3C(=O)N(Cc4ccccc4C)C(=O)c3c2,CHEMBL537891,IC50,5.68
1654533,Clc1ccc(CN2C(=O)Nc3cc(ccc3C2=O)C(=O)NCCN4CCCCC4)cc1,CHEMBL225601,IC50,5.68
1654544,Clc1ccc(CN2C(=S)Nc3cc(ccc3C2=O)C(=O)NCCCN4CCCCC4)cc1,CHEMBL227453,IC50,5.68
1654555,O[C@@H](COc1ccc(F)cc1)CN2CCN(Cc3cccc(Cl)c3)CC2,CHEMBL2334599,IC50,5.68
1654566,COc1ccccc1c2cc(CNCCN3CCN(CC3)c4cccc(c4)C(F)(F)F)on2,CHEMBL436133,IC50,5.69
1654577,Cl.CC1CCCCN1CCCNC(=O)c2ccc3C(=O)N(Cc4ccc(F)cc4)C(=O)c3c2,CHEMBL558988,IC50,5.69
1654588,COC(=O)CC1N(C(=Nc2ccccc12)NCCCCCNC(=O)OC(C)(C)C)c3ccccc3,CHEMBL592038,IC50,5.7
1654599,COc1ccccc1c2cc(CNCCN3CCN(CC3)c4ccc(C)cc4C)on2,CHEMBL425478,IC50,5.7
1654610,Fc1ccc(cc1)C2(CCC(=O)C3CCN(Cc4ccccc4)CC3)CCCCC2,CHEMBL1819505,IC50,5.7
1654621,CCCc1oc(CNCCN2CCN(CC2)c3cccc(c3)C(F)(F)F)c(n1)c4ccccc4,CHEMBL1171770,IC50,5.71
1654632,Cl.Cc1cccc(CN2C(=O)c3ccc(cc3C2=O)C(=O)NCCN4CCCCC4)c1,CHEMBL558015,IC50,5.71
1654643,Clc1ccc(CN2C(=O)Nc3cc(ccc3C2=O)C(=O)NCCCN4CCCCC4)cc1,CHEMBL224246,IC50,5.71
1654654,COc1cc(CNCc2oc(cc2)c3ccc(Cl)cc3)cc(OC)c1OC,CHEMBL3613806,IC50,5.72
1654737,Clc1cccc(c1)N2CCN(CCCCC(=O)Nc3ccccc3Cl)CC2,CHEMBL226085,IC50,5.72
1654748,CN(C)CCN1CCN(CC1)C2=Nc3ccccc3C(CC(=O)OCc4ccccc4)N2c5ccc(cc5)c6ccccc6,CHEMBL3233073,IC50,5.74
1654759,COC(=O)CC1N(C(=Nc2ccccc12)NCCCCCN)c3ccccc3,CHEMBL592037,IC50,5.74
1654770,Cl.CC1CCCCN1CCCNC(=O)c2ccc3C(=O)N(Cc4cccc(C)c4)C(=O)c3c2,CHEMBL535187,IC50,5.74
1654781,Cl.CC1CCCCN1CCCNC(=O)c2ccc3C(=O)N(Cc4cccc(Cl)c4)C(=O)c3c2,CHEMBL540376,IC50,5.74
1654792,Fc1ccccc1N2CCN(CC2)C(=O)CCCCN3CCN(Cc4ccc(Cl)cc4)CC3,CHEMBL389860,IC50,5.74
1654803,CCCc1oc(CNCCCN2CCN(CC2)c3cccc(C)c3C)c(n1)c4ccccc4,CHEMBL1171223,IC50,5.75
1654814,COc1ccccc1N2CCN(C[C@@H](O)COc3ccc(cc3)C(F)(F)F)CC2,CHEMBL2334606,IC50,5.75
1654825,Clc1ccc(NC(=O)CCCN2CCN(Cc3cccc(Cl)c3)CC2)cc1,CHEMBL225803,IC50,5.75
1654836,CCCc1oc(CNCCCN2CCN(CC2)c3cccc(Cl)c3)c(n1)c4ccccc4,CHEMBL1170570,IC50,5.76
1654847,COC(=O)c1coc(CN2CCN(CC2)C(=O)CC(c3ccc(F)cc3)c4ccc(cc4)C(F)(F)F)n1,CHEMBL1645167,IC50,5.76
1654858,CCCc1oc(CNCCN2CCN(CC2)c3cccc(C)c3C)c(n1)c4ccccc4,CHEMBL1170357,IC50,5.77
1654869,Clc1ccc(NC(=O)CCCN2CCN(Cc3ccc4OCOc4c3)CC2)c(Cl)c1,CHEMBL226041,IC50,5.78
1654880,Clc1ccc(cc1)C(N2CCN(CC2)C(=O)CCCNCc3ccccc3)c4ccccc4,CHEMBL1215315,IC50,5.78
1654891,Cl.Clc1ccc(CN2C(=O)c3ccc(cc3C2=O)C(=O)NCCCN4CCCC4)cc1,CHEMBL558369,IC50,5.79
1654902,CCC(CC)CNCCCC(=O)N1CCN(CC1)C(c2ccccc2)c3ccc(Cl)cc3,CHEMBL1215249,IC50,5.81
1654913,O[C@H](COc1ccc(F)cc1)CN2CCN(Cc3ccc(Cl)cc3)CC2,CHEMBL2334264,IC50,5.81
1654924,CCC1CCCCN1CCCNC(=O)c2ccc3C(=O)N(Cc4ccc(Cl)cc4)C(=O)Nc3c2,CHEMBL376596,IC50,5.82
1654935,Cc1ccc(N2CCN(CCNCc3onc(c3)c4ccccc4C(F)(F)F)CC2)c(C)c1,CHEMBL227532,IC50,5.82
1654946,Cl.CC1CCCCN1CCCNC(=O)c2ccc3C(=O)N(Cc4ccccc4Cl)C(=O)c3c2,CHEMBL537670,IC50,5.82
1654957,Clc1ccc(NC(=O)CCCN2CCN(Cc3cccc(Cl)c3)CC2)c(Cl)c1,CHEMBL388287,IC50,5.83
1654968,Clc1ccccc1NC(=O)CN2CCCN(Cc3nc4ccccc4[nH]3)CC2,CHEMBL1096152,IC50,5.83
1654979,CCCc1oc(CNCCN2CCN(CC2)c3cccc(Cl)c3)c(n1)c4ccccc4,CHEMBL1170208,IC50,5.84
1654992,COCC(=O)O[C@]1(CCN(C)CCCc2nc3ccccc3[nH]2)CCc4cc(F)ccc4[C@@H]1C(C)C,CHEMBL45816,IC50,5.85
1655003,Clc1ccc(CN2C(=S)Nc3cc(ccc3C2=O)C(=O)NCCCN4CCCCCC4)cc1,CHEMBL427281,IC50,5.85
1655014,O[C@H](COc1ccc(Cl)cc1)CN2CCN(Cc3c(F)cccc3Cl)CC2,CHEMBL2334620,IC50,5.85
1655025,CC(C)C(CCCN(C)CCCc1nc2ccccc2[nH]1)(C(=O)O)c3ccc(Br)cc3,CHEMBL3115192,IC50,5.87
1655036,CCCc1oc(CNCCCN2CCN(CC2)c3ccc(Cl)cc3)c(n1)c4ccccc4,CHEMBL1170571,IC50,5.88
1655047,CCCc1oc(CNCCN2CCN(CC2)c3ccc(cc3)C(F)(F)F)c(n1)c4ccccc4,CHEMBL1170810,IC50,5.89
1655058,Cc1ccc2nc(CN3CCN(CC3)C(=O)CC(c4ccccc4)c5ccc(F)cc5)oc2c1,CHEMBL1645172,IC50,5.89
1655069,O[C@@H](COc1ccc(cc1)C(F)(F)F)CN2CCN(Cc3ccc(Cl)c(Cl)c3)CC2,CHEMBL2334610,IC50,5.9
1655080,FC(F)(F)c1ccc(NC(=O)CN2CCCN(Cc3nc4ccccc4[nH]3)CC2)cc1,CHEMBL1097701,IC50,5.91
1655091,CC(C)(C)OC(=O)NCCCCCN1C(CC(=O)NCc2ccccc2)c3ccccc3N=C1Nc4ccccc4,CHEMBL592036,IC50,5.92
1655102,CCCc1oc(CNCCCN2CCN(CC2)c3cccc(C)c3)c(n1)c4ccccc4,CHEMBL1171952,IC50,5.92
1655113,Fc1ccc(cc1)C2(CNC(=O)C3CCCN(Cc4ccccc4)C3)CCCCC2,CHEMBL1819498,IC50,5.92
1655124,Fc1ccc(cc1)C2(CNCC3CCN(Cc4ccccc4)CC3)CCCCC2,CHEMBL1819504,IC50,5.92
1655135,Clc1ccc(CN2C(=S)Nc3cc(ccc3C2=O)C(=O)NCCCN4CCCC4)cc1,CHEMBL388299,IC50,5.94
1655147,O=C(CC1N(C(=Nc2ccccc12)N3CCCCC3)c4ccccc4)NCc5ccccc5,CHEMBL114695,IC50,5.94
1655158,CCN1C(CC(=O)NCc2ccc(NS(=O)(=O)c3ccc(C)cc3)cc2)c4ccccc4N=C1N(C)C,CHEMBL214498,IC50,5.95
1655169,CC1CCN(CCCNC(=O)c2ccc3C(=O)N(Cc4ccc(Cl)cc4)C(=S)Nc3c2)CC1,CHEMBL226876,IC50,5.96
1655180,O[C@H](COc1ccc(Cl)cc1)CN2CCN(Cc3ccc(Cl)cc3)CC2,CHEMBL2334618,IC50,5.97
1655192,CCN1C(CC(=O)NCc2ccc(NS(=O)(=O)c3ccc(F)cc3)cc2)c4ccccc4N=C1N5CCCCC5,CHEMBL480968,IC50,5.98
1655203,Cl.CN(C)CCN1CCN(CC1)C2=Nc3ccccc3C(CC(=O)NCc4ccccc4)N2c5ccc(cc5)C6CCCCC6,CHEMBL3233078,IC50,5.98
1655214,Clc1ccc(cc1)C(N2CCN(CC2)C(=O)CCCNCc3c(Cl)cccc3Cl)c4ccccc4,CHEMBL1215393,IC50,5.99
1655225,FC(F)(F)c1cccc(c1)N2CCN(CCNCc3onc(c3)c4ccccc4C(F)(F)F)CC2,CHEMBL227905,IC50,5.99
1655236,Clc1ccc(CN2CCN(CCCCC(=O)Nc3ccccc3Cl)CC2)cc1Cl,CHEMBL376836,IC50,6.0
1655247,Clc1ccc(NC(=O)CCCN2CCN(CC2)c3cccc(Cl)c3)c(Cl)c1,CHEMBL226354,IC50,6.0
1655258,O=C(CC1N(C(=Nc2ccccc12)N3CCCCC3)c4ccccc4)NS(=O)(=O)c5cccs5,CHEMBL600857,IC50,6.0
1655270,CCN1C(CC(=O)NCc2ccc(NS(=O)(=O)c3ccc(C)cc3)cc2)c4ccccc4N=C1N5CCCCC5,CHEMBL217660,IC50,6.02
1655281,Cl.Clc1ccc(CN2C(=O)c3ccc(cc3C2=O)C(=O)NCCN4CCCCC4)cc1,CHEMBL537442,IC50,6.02
1655292,Cl.CC1CCCCN1CCCNC(=O)c2ccc3C(=O)N(Cc4ccc(Cl)cc4)C(=O)c3c2,CHEMBL558593,IC50,6.03
1655303,CCN1C(CC(=O)NCc2ccc(cc2)[N+](=O)[O-])c3ccccc3N=C1N4CCCCC4,CHEMBL590128,IC50,6.06
1655314,COC(=O)c1coc(CN2CCN(CC2)C(=O)CC(c3ccc(F)cc3)c4ccc(Br)cc4)n1,CHEMBL1645164,IC50,6.07
1655325,Fc1ccc(cc1)C2(CC(=O)NC3CCN(Cc4ccccc4)CC3)CCCCC2,CHEMBL1819507,IC50,6.07
1655336,CCC(CC)(CNC(=O)C1CCN(CCc2ccc(OC)cc2)CC1)c3ccc(F)cc3,CHEMBL1819526,IC50,6.11
1655347,O[C@H](COc1ccc(cc1)C(F)(F)F)CN2CCN(Cc3c(F)cccc3Cl)CC2,CHEMBL2334275,IC50,6.12
1655358,CN(CC1(CCCCC1)c2ccc(F)cc2)C(=O)C3CCN(Cc4ccccc4)CC3,CHEMBL1819506,IC50,6.13
1655369,Clc1ccc(NC(=O)CCCN2CCN(Cc3ccc(Cl)c(Cl)c3)CC2)c(Cl)c1,CHEMBL225989,IC50,6.13
1655380,Cl.COc1ccc(CNC(=O)CC2N(C(=Nc3ccccc23)N(C)CCCCCCN(C)C)c4ccc5ccccc5c4)cc1,CHEMBL3233075,IC50,6.14
1655392,COC(=O)CC1N(C(=Nc2ccccc12)NCCCCCNC(=O)OC(C)(C)C)c3ccc(cc3)c4ccccc4,CHEMBL182968,IC50,6.17
1655403,COC(=O)C(CCC(=O)N1CCN(CC1)c2ccccc2OC)(C(C)C)c3ccc(Br)cc3,CHEMBL3115195,IC50,6.18
1655414,CCCc1oc(CNCCCN2CCN(CC2)c3cccc(c3)C(F)(F)F)c(n1)c4ccccc4,CHEMBL1170780,IC50,6.19
1655426,CN(C)C1=Nc2ccccc2C(CC(=O)NCc3ccc(NS(=O)(=O)c4ccc(C)cc4)cc3)N1c5ccccc5,CHEMBL460646,IC50,6.2
1655437,Cl.CN(C)C(=O)NCCCN(C)C1=Nc2ccccc2C(CC(=O)NCc3ccc(F)cc3)N1c4ccc(cc4)c5ccccc5,CHEMBL3233076,IC50,6.22
1655448,[O-][N+](=O)c1ccc(CNCCCC(=O)N2CCN(CC2)C(c3ccccc3)c4ccc(Cl)cc4)cc1,CHEMBL1215316,IC50,6.22
1655459,CC(C)(C)OC(=O)NCCCCCNC1=Nc2ccccc2C(CC(=O)NCc3ccccc3)N1c4ccccc4,CHEMBL481134,IC50,6.24
1655471,COC(=O)CC1N(C(=Nc2ccccc12)NCCCCCN)c3ccc(cc3)c4ccccc4,CHEMBL360359,IC50,6.25
1655482,CN(C)CCCCCCN(C)C1=Nc2ccccc2C(CC(=O)NCc3ccccc3)N1c4ccc(cc4)c5ccccc5,CHEMBL3093777,IC50,6.26
1655493,Cl.CN(C)CCN1CCN(CC1)C2=Nc3ccccc3C(CC(=O)NCc4ccc(cc4)N(S(=O)(=O)C)S(=O)(=O)C)N2c5ccc(cc5)c6ccccc6,CHEMBL3233080,IC50,6.28
1655506,Fc1ccc(cc1)C2(CNC(=O)C3CCN(Cc4ccccc4)CC3)CCCCC2,CHEMBL1819499,IC50,6.29
1655517,COc1cccc(c1)N2CCN(C[C@H](O)COc3ccc(cc3)C(F)(F)F)CC2,CHEMBL2334271,IC50,6.32
1655528,CN(C)CCN1CCN(CC1)C2=Nc3ccccc3C(CC(=O)NCc4ccc(C)cc4)N2c5ccc(cc5)c6ccccc6,CHEMBL3093779,IC50,6.34
1655539,CN(C)C1=Nc2ccccc2C(CC(=O)NCc3ccc(NS(=O)(=O)c4ccc(F)cc4)cc3)N1c5ccccc5,CHEMBL593659,IC50,6.37
1655550,CCNCCCC(=O)N1CCN(CC1)C(c2ccccc2)c3ccc(Cl)cc3,CHEMBL1215247,IC50,6.38
1655561,COc1ccc(CNC(=O)CC2N(C(=Nc3ccccc23)N(C)CCCCCN(C)C)c4ccc(cc4)c5ccccc5)cc1,CHEMBL3093774,IC50,6.41
1655572,Fc1ccc(cc1)C2(CNC(=O)C3CCN(Cc4ccccc4)CC3)CCC2,CHEMBL1819502,IC50,6.41
1655583,CN(C)C1=Nc2ccccc2C(CC(=O)NCc3ccc(N)cc3)N1c4ccccc4,CHEMBL459245,IC50,6.42
1655594,CCCC(CCC)(CNC(=O)C1CCN(Cc2ccccc2)CC1)c3ccc(F)cc3,CHEMBL1819510,IC50,6.43
1655606,COC(=O)CC1N(CCCCCNC(=O)OC(C)(C)C)C(=Nc2ccccc12)Nc3ccc(cc3)c4ccccc4,CHEMBL182518,IC50,6.43
1655617,Clc1ccc(CN2CCN(CCCC(=O)Nc3ccc(Cl)cc3)CC2)cc1,CHEMBL225857,IC50,6.43
1655628,CC(C)CNCCCC(=O)N1CCN(CC1)C(c2ccccc2)c3ccc(Cl)cc3,CHEMBL1215248,IC50,6.44
1655640,CN(C)C1=Nc2ccccc2C(CC(=O)NCc3ccc(cc3)[N+](=O)[O-])N1c4ccccc4,CHEMBL457084,IC50,6.46
1655652,COC(=O)CC1N(C(=Nc2ccccc12)N(C)CCCCCN3CCCC3)c4ccc(cc4)c5ccccc5,CHEMBL239375,IC50,6.47
1655663,CN(C)CCN1CCN(CC1)C2=Nc3ccccc3C(CC(=O)NCc4ccc(F)cc4)N2c5ccc(cc5)c6ccccc6,CHEMBL3093780,IC50,6.5
1655674,COc1ccc(CN2CCC(CC2)C(=O)NCC3(CCCCC3)c4ccc(F)cc4)cc1OC,CHEMBL1819500,IC50,6.5
1655685,CN(C)CCCCN(C)C1=Nc2ccccc2C(CC(=O)NCc3ccccc3)N1c4ccc(cc4)c5ccccc5,CHEMBL3093776,IC50,6.51
1655696,COc1ccc(CNC(=O)CC2N(C(=Nc3ccccc23)N4CCN(CCN(C)C)CC4)c5ccc(cc5)c6ccccc6)cc1,CHEMBL3093781,IC50,6.51
1655708,COC(=O)CC1N(CCCCCN)C(=Nc2ccccc12)Nc3ccc(cc3)c4ccccc4,CHEMBL182332,IC50,6.52
1655719,CC(C)c1ccc(CNCCCC(=O)N2CCN(CC2)C(c3ccccc3)c4ccc(Cl)cc4)cc1,CHEMBL1215391,IC50,6.55
1655730,Clc1ccc(CN2CCN(CCCC(=O)Nc3ccc(Cl)cc3Cl)CC2)cc1,CHEMBL225988,IC50,6.55
1655741,CCC(CC)(CNC(=O)C1CCN(CCOc2ccccc2)CC1)c3ccc(F)cc3,CHEMBL1819514,IC50,6.59
1655753,CN(C)CCCCCN(C)C1=Nc2ccccc2C(CC(=O)NCc3ccccc3)N1c4ccc(cc4)c5ccccc5,CHEMBL394956,IC50,6.59
1655765,CN(CCCCCN1CCCC1)C2=Nc3ccccc3C(CC(=O)NCc4ccccc4)N2c5ccc(cc5)c6ccccc6,CHEMBL248088,IC50,6.59
1655776,Cl.Cl.CN(C)CCCCCN(C)C1=Nc2ccccc2C(CC(=O)NCc3ccccc3)N1c4ccc(cc4)c5ccccc5,CHEMBL3144390,IC50,6.59
1655787,CCC(CC)(CNC(=O)C1CCN(CCCCc2ccccc2)CC1)c3ccc(F)cc3,CHEMBL1819513,IC50,6.6
1655799,Cc1ccc(cc1)S(=O)(=O)Nc2ccc(CNC(=O)CC3N(C(=Nc4ccccc34)N5CCCCC5)c6ccccc6)cc2,CHEMBL112601,IC50,6.6
1655810,CCC(CC)(CNC(=O)C1CCN(CCCc2ccccc2)CC1)c3ccc(F)cc3,CHEMBL1819512,IC50,6.62
1655822,COC(=O)CC1N(C(=Nc2ccccc12)N(C)CCCCCN(C)C)c3ccc(cc3)c4ccccc4,CHEMBL400229,IC50,6.64
1655833,O[C@H](COc1ccc(F)cc1)CN2CCN(Cc3ccc(Cl)c(Cl)c3)CC2,CHEMBL2334265,IC50,6.64
1655844,Fc1ccc(cc1)C2(CNC(=O)C3CCN(Cc4ccccc4)CC3)CCCC2,CHEMBL1819501,IC50,6.66
1655855,CCC(CC)(CNC(=O)C1CCN(Cc2ccc(OC)cc2)CC1)c3ccc(F)cc3,CHEMBL1819520,IC50,6.7
1655867,Fc1ccc(cc1)S(=O)(=O)Nc2ccc(CNC(=O)CC3N(C(=Nc4ccccc34)N5CCCCC5)c6ccccc6)cc2,CHEMBL251949,IC50,6.7
1655878,Clc1ccc(cc1)C(N2CCN(CC2)C(=O)CCCNCC3CCCCC3)c4ccccc4,CHEMBL1215314,IC50,6.72
1655889,CCC(CC)(CNC(=O)C1CCN(CCc2ccc(F)cc2)CC1)c3ccc(F)cc3,CHEMBL1819523,IC50,6.75
1655901,CC(C)(C)OC(=O)NCCCCCN1C(CC(=O)NCc2ccccc2)c3ccccc3N=C1Nc4ccc(cc4)c5ccccc5,CHEMBL362667,IC50,6.77
1655912,CCC(CC)(CNC(=O)C1CCN(CCc2ccccc2OC)CC1)c3ccc(F)cc3,CHEMBL1819524,IC50,6.77
1655924,CC(C)(C)OC(=O)NCCCCCNC1=Nc2ccccc2C(CC(=O)NCc3ccccc3)N1c4ccc(cc4)c5ccccc5,CHEMBL51435,IC50,6.8
1655935,CCC(CC)(CNC(=O)C1CCN(CCc2cccc(OC)c2)CC1)c3ccc(F)cc3,CHEMBL1819525,IC50,6.85
1655947,NCCCCCN1C(CC(=O)NCc2ccccc2)c3ccccc3N=C1Nc4ccc(cc4)c5ccccc5,CHEMBL185318,IC50,6.85
1655958,CC(C)(CNC(=O)C1CCN(Cc2ccccc2)CC1)c3ccc(F)cc3,CHEMBL1819508,IC50,6.89
1655969,CCC(CC)(CNC(=O)C1CCN(CCc2cccc(F)c2)CC1)c3ccc(F)cc3,CHEMBL1819522,IC50,6.89
1655980,CCC(CC)(CNC(=O)C1CCN(Cc2cccc(F)c2)CC1)c3ccc(F)cc3,CHEMBL1819516,IC50,6.89
1655992,NCCCCCNC1=Nc2ccccc2C(CC(=O)NCc3ccccc3)N1c4ccc(cc4)c5ccccc5,CHEMBL425534,IC50,6.89
1656003,CCC(CC)(CNC(=O)C1CCN(Cc2ccccc2OC)CC1)c3ccc(F)cc3,CHEMBL1819518,IC50,6.92
1656014,CCC1CCCCN1CCCNC(=O)c2ccc3C(=O)N(Cc4ccc(Cl)cc4)C(=S)Nc3c2,CHEMBL223908,IC50,7.0
1656025,O[C@@H](COc1ccc(F)cc1)CN2CCN(Cc3ccc(Cl)c(Cl)c3)CC2,CHEMBL2334601,IC50,7.0
1656036,COC(=O)C(CCCN1CCN(CC1)c2ccccc2OC)(C(C)C)c3ccc(Br)cc3,CHEMBL513338,IC50,7.02
1656047,CCC(CC)(CNC(=O)C1CCN(Cc2cccc(OC)c2)CC1)c3ccc(F)cc3,CHEMBL1819519,IC50,7.03
1656058,CCC(CC)(CNC(=O)C1CCN(CCc2ccccc2)CC1)c3ccc(F)cc3,CHEMBL1819511,IC50,7.05
1656069,CCC(CC)(CNC(=O)C1CCN(CCc2ccccc2F)CC1)c3ccc(F)cc3,CHEMBL1819521,IC50,7.05
1656080,C[C@@H](NC(=O)Cc1ccc(cc1)C2CC2)c3ccc(OCC(F)(F)F)cn3,CHEMBL1684954,IC50,7.05
1656091,CCC(CC)(CNC(=O)C1CCN(Cc2ccccc2)CC1)c3ccc(F)cc3,CHEMBL1819509,IC50,7.07
1656102,CCC(CC)(CNC(=O)C1CCN(Cc2ccc(F)cc2)CC1)c3ccc(F)cc3,CHEMBL1819517,IC50,7.09
1656113,COC(=O)C(CCC(=O)N(C)CCCc1nc2ccccc2[nH]1)(C(C)C)c3ccc(Br)cc3,CHEMBL3115194,IC50,7.25
1656124,CC(C)(C)CCN1CC[C@H](CNC(=O)c2cc(Cl)cc(Cl)c2)[C@H](F)C1,CHEMBL493677,IC50,7.37
885896,Fc1ccc(cc1)C(CCCN2CCC(CC2)N3C(=O)Nc4ccccc34)c5ccc(F)cc5,CHEMBL1423,Kd,7.4
1656137,CCC(CC)(CNC(=O)C1CCN(Cc2ccccc2F)CC1)c3ccc(F)cc3,CHEMBL1819515,IC50,7.44
1656148,COC(=O)C(CCCN(C)CCCc1nc2ccccc2[nH]1)(C(C)C)c3ccc(Br)cc3,CHEMBL468397,IC50,8.09
