id,smiles,name,assay_type,activity_value
1654992,COCC(=O)O[C@]1(CCN(C)CCCc2nc3ccccc3[nH]2)CCc4cc(F)ccc4[C@@H]1C(C)C,mibefradil,IC50,6.6021
655274,CC(C)COCC(CN(CC1=CC=CC=C1)C1=CC=CC=C1)N1CCCC1,bepridil,Ki,5.1487
1653517,CCC1(C)OC(=O)N(C)C1=O,paramethadione,N/A,N/A
1653526,CN1C(=O)CC(C1=O)C1=CC=CC=C1,phensuximide,N/A,N/A
1653535,CN1C(=O)CC(C)(C1=O)C1=CC=CC=C1,methsuximide,N/A,N/A
655265,COC1=C(OC)C=C(CCN(C)CCCC(C#N)(C(C)C)C2=CC(OC)=C(OC)C=C2)C=C1,verapamil,Ki,4.4854
1404232,Fc1ccc(cc1)C(N2CCN(C\C=C\c3ccccc3)CC2)c4ccc(F)cc4,flunarizine,Kd,5.44
7092451,CC1Cc2ccccc2N1S(=O)(=O)c3cccc(c3)C(=O)NCC4CCCCC4,CHEMBL3589094,IC50,5.3
7092462,CC(C)(C)NCCN1CCN(CC(=O)NC23CC4CC(CC(C4)C2)C3)CC1,CHEMBL2337983,IC50,5.31
7092475,Fc1cc(F)cc(NC(=O)N2CCC3(CC2)C(N(C3=O)c4cccc(Cl)c4)c5ccccn5)c1,CHEMBL1210766,IC50,5.46
7092486,Fc1cccc(c1)N2CC3(CCN(CC3)C(=O)Nc4cc(F)cc(F)c4)C2c5ccc(Cl)cc5,CHEMBL1210444,IC50,5.46
7092497,CC(C)(C)NC(=O)NCCN1CCOC(CNC(=O)c2cc(Cl)cc(Cl)c2)C1,CHEMBL2338408,IC50,5.48
7092508,COC(=O)[C@H](CO)NC(=O)N1CCC2(CC1)C(N(C2=O)c3cccc(F)c3)c4ccc(Cl)cc4,CHEMBL1210441,IC50,5.48
7092519,CC[C@H](C)[C@H](NC(=O)N1CCC2(CC1)CN(C(C)C)C2c3ccc(Cl)cc3)C(=O)OC,CHEMBL1210027,IC50,5.5
7092530,CC[C@H](C)[C@H](NC(=O)N1CCC2(CC1)CN(C2c3ccc(Cl)cc3)c4cccc(F)c4)C(=O)OC,CHEMBL1210266,IC50,5.5
7092541,CC(C)(C)C(=O)NCCN1CCN(CC(=O)NC23CC4CC(CC(C4)C2)C3)CC1,CHEMBL2338398,IC50,5.52
7092552,CC1CC(C)CN(C1)C(=O)c2cccc(c2)S(=O)(=O)N3C(C)Cc4ccccc34,CHEMBL1486348,IC50,5.52
7092563,CC(C)(C)S(=O)(=O)CCCN1CCN(CC(=O)NC23CC4CC(CC(C4)C2)C3)CC1,CHEMBL2338403,IC50,5.62
7092574,Fc1cc(F)cc(NC(=O)N2CCC3(CC2)C(N(C3=O)c4cccc(c4)C#N)c5ccccn5)c1,CHEMBL1209968,IC50,5.62
7092585,Cl.Fc1ccccc1NS(=O)(=O)c2cc(C(=O)N3CCN4CCC[C@@H]4C3)c(Cl)cc2F,CHEMBL3589557,IC50,5.64
7092596,Fc1cc(F)cc(NC(=O)N2CCC3(CC2)C(N(C4CC4)C3=O)c5ccc(Cl)cc5)c1,CHEMBL1210265,IC50,5.65
7092607,CC(C)C(=O)O[C@]1(CCN(C)CCCc2nc3ccccc3[nH]2)C[C@@H]4CC[C@H]1c5nccnc45,CHEMBL3609821,IC50,5.69
7092618,[O-][n+]1ccccc1C2N(C(=O)C23CCN(CC3)C(=O)Nc4ccc(F)c(F)c4)c5cccc(Cl)c5,CHEMBL1210767,IC50,5.82
7092629,CC(C)(C)C(=O)NCCCN1CCN(CC(=O)NC23CC4CC(CC(C4)C2)C3)CC1,CHEMBL2338399,IC50,5.89
7092640,CCC(C)NC(=O)N1CCC2(CC1)C(N(C2=O)c3cccc(F)c3)c4ccc(Cl)cc4,CHEMBL1210443,IC50,5.9
7092651,CC(C)(C)NC(=O)NCCCN1CCN(CC(=O)NC23CC4CC(CC(C4)C2)C3)CC1,CHEMBL2338402,IC50,5.92
7092662,CC(C)(C)NC(=O)NCCN1CCC(CO)(CNC(=O)c2cc(Cl)cc(Cl)c2)CC1,CHEMBL2337981,IC50,5.92
7092673,CC(C)(C)OC(=O)NCCN1CCN(CC(=O)NC23CC4CC(CC(C4)C2)C3)CC1,CHEMBL2338401,IC50,5.92
7092684,Fc1cccc(c1)N2C(c3ccc(Cl)cc3)C4(CCN(CC4)C(=O)Nc5cccc(c5)C#N)C2=O,CHEMBL1210506,IC50,5.98
7092695,CC(C)(C)NC(=O)CN1CCN(CC(=O)NC23CC4CC(CC(C4)C2)C3)CC1,CHEMBL2337984,IC50,6.0
7092706,CC(C)N1CC2(CCN(CC2)C(=O)Nc3cc(F)cc(F)c3)C1c4ccc(F)cc4,CHEMBL1210203,IC50,6.0
7092719,CN1C(c2ccc(Cl)cc2)C3(CCN(CC3)C(=O)Nc4cc(F)cc(F)c4)C1=O,CHEMBL1210139,IC50,6.04
7092730,CC(C)(C)CS(=O)(=O)NCCN1CCN(CC(=O)NC23CC4CC(CC(C4)C2)C3)CC1,CHEMBL2338404,IC50,6.05
7092741,CC[C@H](C)[C@H](NC(=O)N1CCC2(CC1)C(N(C2=O)c3cccc(F)c3)c4ccc(Cl)cc4)C(=O)OC,CHEMBL1210267,IC50,6.06
7092752,Clc1cccc(c1)N2C(c3ccccn3)C4(CCN(CC4)C(=O)Nc5cccc(c5)C#N)C2=O,CHEMBL1210693,IC50,6.07
7092763,COC(=O)[C@H](C)NC(=O)N1CCC2(CC1)C(N(C2=O)c3cccc(F)c3)c4ccc(Cl)cc4,CHEMBL1210985,IC50,6.08
7092774,CC(C)(C)NC(=O)NCCN1CC(C1)NC(=O)c2cc(Cl)cc(Cl)c2,CHEMBL2337977,IC50,6.1
1722040,CC(C)(C)NC(=O)NCCN1CCC(C1)NC(=O)c2cc(Cl)cc(Cl)c2,CHEMBL2337978,IC50,6.1
7092787,CC[C@H](C)[C@H](NC(=O)N1CCC2(CC1)C(N(C)C2=O)c3ccc(Cl)cc3)C(=O)OC,CHEMBL1210138,IC50,6.1
7092798,CC[C@H](C)[C@H](NC(=O)N1CCC2(CC1)CN(C3CC3)C2c4ccc(Cl)cc4)C(=O)OC,CHEMBL1210984,IC50,6.15
7092809,Fc1ccc(NC(=O)N2CCC3(CC2)C(N(C3=O)c4cccc(Cl)c4)c5ccccn5)cc1F,CHEMBL1210692,IC50,6.19
7092820,CC(C)(C)NC(=O)NCCN1CCC(O)(CNC(=O)c2cc(Cl)cc(Cl)c2)CC1,CHEMBL2337980,IC50,6.22
7092831,Fc1cccc(c1)N2C(c3ccc(Cl)cc3)C4(CCN(CC4)C(=O)Nc5cc(F)cc(F)c5)C2=O,CHEMBL1210505,IC50,6.23
2212629,CO[C@@H]1C[C@@](CCN(C)CCCc2nc3ccccc3[nH]2)(OC(=O)C(C)C)[C@@H](C(C)C)c4ccc(F)cc14,CHEMBL3609825,IC50,6.25
7092844,Fc1cc(F)cc(NC(=O)N2CCC3(CC2)C(N(C3=O)c4cncc(Cl)c4)c5ccccn5)c1,CHEMBL1210835,IC50,6.29
7092855,CC(C)(C)NC(=O)NCCN1CCC(CNC(=O)c2cc(Cl)cc(Cl)c2)CC1,CHEMBL2338406,IC50,6.3
1728432,CC(C)(C)NC(=O)NCCN1CCCC(C1)NC(=O)c2cc(Cl)cc(Cl)c2,CHEMBL2337979,IC50,6.3
1725176,CC(C)(C)NC(=O)NCCN1CCCC(CNC(=O)c2cc(Cl)cc(Cl)c2)C1,CHEMBL2338407,IC50,6.3
7092870,CC(C)(C)NC(=O)NCCN1CCN(CC(=O)NC23CC4CC(CC(C4)C2)C3)CC1,CHEMBL2338400,IC50,6.3
2212595,CC(C)C(=O)O[C@]1(CCN(C)CCCc2nc3ccccc3[nH]2)C[C@@H]4CC[C@H]1c5ccccc45,CHEMBL3608945,IC50,6.37
7092883,CC[C@H](C)[C@H](NC(=O)N1CCC2(CC1)CN(C)C2c3ccc(Cl)cc3)C(=O)OC,CHEMBL1210136,IC50,6.39
7092894,CN1CC2(CCN(CC2)C(=O)Nc3cc(F)cc(F)c3)C1c4ccc(F)cc4,CHEMBL1210204,IC50,6.39
1724188,CC(C)(C)NC(=O)NCCN1CCC(CNC(=O)c2cc(Cl)cc(Cl)c2)C1,CHEMBL2338409,IC50,6.4
2212734,CC(C)C(=O)O[C@@]1(CCN(C)CCCc2nc3ccccc3[nH]2)C[C@H]4CC[C@@H]1c5ccccc45,CHEMBL3609817,IC50,6.4
7092909,Fc1cc(F)cc(NC(=O)N2CCC3(CC2)CN(C4CC4)C3c5ccc(Cl)cc5)c1,CHEMBL1210205,IC50,6.4
7092920,Fc1ccc(NC(=O)N2CCC3(CC2)C(N(C3=O)c4ccc(F)c(Cl)c4)c5ccccn5)cc1F,CHEMBL1210628,IC50,6.4
2212583,COCC(=O)O[C@]1(CCN(C)CCCc2nc3ccccc3[nH]2)C[C@@H]4CC[C@H]1c5ccccc45,CHEMBL3608944,IC50,6.44
7092933,C[C@@H](NC(=O)N1CCC2(CC1)C(N(C2=O)c3cccc(F)c3)c4ccc(Cl)cc4)c5ccccc5,CHEMBL1209966,IC50,6.46
7092944,CC(C)N1CC2(CCN(CC2)C(=O)Nc3ccc(F)c(F)c3)C1c4ccc(Cl)cc4,CHEMBL1210080,IC50,6.47
7092955,CC(C)N1CC2(CCN(CC2)C(=O)Nc3cc(F)cc(F)c3)C1c4ccc(Cl)cc4,CHEMBL1210081,IC50,6.48
2212767,CO[C@H]1C[C@@](CCN(C)CCCc2nc3ccccc3[nH]2)(OC(=O)C(C)C)[C@@H](C(C)C)c4ccc(F)cc14,CHEMBL3608940,IC50,6.5
1738545,CC(C)(C)NC(=O)NCCN1CCN(CC(=O)Nc2cc(Cl)cc(Cl)c2)CC1,CHEMBL2338405,IC50,6.52
7092970,Fc1cc(F)cc(NC(=O)N2CCC3(CC2)CN(C3c4ccccn4)c5ccc(F)c(Cl)c5)c1,CHEMBL1210564,IC50,6.54
7092981,Fc1ccc(cc1F)N2C(c3ccccn3)C4(CCN(CC4)C(=O)Nc5cccc(c5)C(F)(F)F)C2=O,CHEMBL1210629,IC50,6.55
7092992,CC[C@H](C)[C@H](NC(=O)N1CCC2(CC1)CN(C(C)C)C2c3ccc(F)cc3)C(=O)OC,CHEMBL1210202,IC50,6.59
7093003,COC(=O)[C@H](COC(C)(C)C)NC(=O)N1CCC2(CC1)C(N(C2=O)c3cccc(F)c3)c4ccc(Cl)cc4,CHEMBL1210372,IC50,6.6
2212607,CC(C)C(=O)O[C@]1(CCN(C)CCCc2nc3ccccc3[nH]2)C[C@@H]4CCC[C@H]1c5ccccc45,CHEMBL3608947,IC50,6.65
7093016,CC[C@H](NC(=O)N1CCC2(CC1)C(N(C2=O)c3cccc(F)c3)c4ccc(Cl)cc4)c5ccccc5,CHEMBL1209967,IC50,6.65
2212535,CO[C@]1(CCN(C)CCCc2nc3ccccc3[nH]2)C[C@@H]4CC[C@H]1c5ccccc45,CHEMBL3609820,IC50,6.65
7093029,CN1CC2(CCN(CC2)C(=O)Nc3cc(F)cc(F)c3)C1c4ccc(Cl)cc4,CHEMBL1210137,IC50,6.67
2212879,CN(CCCc1nc2ccccc2[nH]1)CC[C@]3(C[C@@H]4CC[C@H]3c5ccccc45)OC(=O)C6CC6,CHEMBL3608946,IC50,6.68
2212723,COCC(=O)O[C@]1(CCN(C)CCCc2nc3ccccc3[nH]2)CC(C)(C)c4cc(F)ccc4[C@@H]1C(C)C,CHEMBL3609823,IC50,6.68
2212854,CCCC[C@@H]1C[C@@](CCN(C)CCCc2nc3ccccc3[nH]2)(OC(=O)COC)[C@@H](C(C)C)c4ccc(F)cc14,CHEMBL3609824,IC50,6.71
2212712,CC(C)C(=O)O[C@@]1(CCN(C)CCCc2nc3ccccc3[nH]2)C[C@H]4CCC[C@@H]1c5ccccc45,CHEMBL3609818,IC50,6.74
7093048,CC[C@H](C)[C@H](NC(=O)N1CCC2(CC1)C(N(C2=O)c3cccc(F)c3)c4ccc(Cl)cc4)C(=O)NC,CHEMBL1210371,IC50,6.74
7093059,CC(C)CN1CC2(CCN(CC2)C(=O)Nc3cc(F)cc(F)c3)C1c4ccc(Cl)cc4,CHEMBL1210140,IC50,6.75
7093070,Fc1cc(F)cc(NC(=O)N2CCC3(CC2)C(N(C3=O)c4ccc(F)c(Cl)c4)c5ccccn5)c1,CHEMBL1210565,IC50,6.75
2212800,CC(C)[C@H]1c2ccc(F)cc2CC[C@@]1(CCN(C)CCCc3nc4ccccc4[nH]3)OC(=O)C(C)C,CHEMBL3609822,IC50,6.83
7093083,C[C@H](NC(=O)N1CCC2(CC1)C(N(C2=O)c3cccc(F)c3)c4ccc(Cl)cc4)c5ccccc5,CHEMBL1209965,IC50,6.86
2212865,CC(C)[C@H]1c2ccc(F)cc2[C@@H](C[C@@]1(CCN(C)CCCc3nc4ccccc4[nH]3)OC(=O)C(C)C)OCc5ccccc5,CHEMBL3608941,IC50,6.88
2212841,CC(C)[C@H]1c2ccc(F)cc2[C@H](C[C@@]1(CCN(C)CCCc3nc4ccccc4[nH]3)OC(=O)C(C)C)OCc5ccccc5,CHEMBL3608316,IC50,6.95
2212654,CC(C)[C@H]1c2ccc(F)cc2[C@H](O)C[C@@]1(CCN(C)CCCc3nc4ccccc4[nH]3)OC(=O)C(C)C,CHEMBL3608942,IC50,6.97
7093100,Fc1ccc(cc1Cl)N2C(c3ccccn3)C4(CCN(CC4)c5nc6cc(F)c(cc6[nH]5)C(F)(F)F)C2=O,CHEMBL1210902,IC50,6.98
1656080,C[C@@H](NC(=O)Cc1ccc(cc1)C2CC2)c3ccc(OCC(F)(F)F)cn3,CHEMBL1684954,IC50,7.04
2212778,COc1cccc2nc(CCCN(C)CC[C@@]3(C[C@H]4CCC[C@@H]3c5ccccc45)OC(=O)C(C)C)[nH]c12,CHEMBL3609819,IC50,7.08
7093115,Fc1ccc(cc1Cl)N2C(c3ccccn3)C4(CCN(CC4)c5nc6cc(F)c(Cl)cc6[nH]5)C2=O,CHEMBL1210901,IC50,7.08
7093126,C[C@H](NC(=O)N1CCC2(CC1)C(N(C2=O)c3cccc(F)c3)c4ccc(Cl)cc4)c5ccc(F)cc5,CHEMBL1210442,IC50,7.09
7093137,Fc1ccc(cc1Cl)N2C(c3ccccn3)C4(CCN(CC4)c5nc6ccc(Cl)cc6[nH]5)C2=O,CHEMBL1210900,IC50,7.11
2212745,CC(C)[C@H]1c2ccc(F)cc2[C@@H](O)C[C@@]1(CCN(C)CCCc3nc4ccccc4[nH]3)OC(=O)C(C)C,CHEMBL3608943,IC50,7.12
7093150,Fc1cc2nc([nH]c2cc1C(F)(F)F)N3CCC4(CC3)C(N(C4=O)c5cccc(Cl)c5)c6ccccn6,CHEMBL1210899,IC50,7.2
7093161,CC[C@H](C)[C@H](NC(=O)N1CCC2(CC1)C(N(C2=O)c3cccc(F)c3)c4ccc(Cl)cc4)C(=O)OC(C)C,CHEMBL1210370,IC50,7.35
7093172,CC[C@H](C)[C@H](NC(=O)N1CCC2(CC1)C(N(C2=O)c3cccc(F)c3)c4ccc(Cl)cc4)C(=O)OC#N,CHEMBL1210983,IC50,7.46
