id,smiles,name,assay_type,activity_value
3548484,[H]N[C@H]1CSSC[C@@H]2NC(=O)[C@@H]3CSSC[C@H](NC(=O)[C@H](CCCCN)NC(=O)CNC(=O)[C@H](CO)NC(=O)[C@H](CCCNC(N)=N)NC(=O)[C@H](CSSC[C@H](NC(=O)[C@H](CCCCN)NC(=O)[C@H](C)NC(=O)CNC(=O)[C@H](CCCCN)NC(=O)CNC(=O)[C@H](CCCCN)NC1=O)C(=O)N[C@@H](CO)C(=O)N[C@@H](CCCNC(N)=N)C(=O)N[C@@H](CC(C)C)C(=O)N[C@@H](CCSC)C(=O)N[C@@H](CC1=CC=C(O)C=C1)C(=O)N[C@@H](CC(O)=O)C(=O)N3)NC(=O)[C@H](CO)NC(=O)CNC(=O)[C@@H](NC2=O)[C@@H](C)O)C(N)=O,ziconotide,IC50,8.55000019
3548500,COc1ccc(CCCCN2CCc3c(O)c(CN4CCCCCC4)ccc3C2)cc1,CHEMBL420771,IC50,5.0
1653796,COc1cc(CNCc2c[nH]c3ccc(Cl)cc23)cc(OC)c1OC,CHEMBL3613811,IC50,5.02
1653730,COc1cc(CNCc2ccc(Oc3ccc(cc3)C#N)cc2)cc(OC)c1OC,CHEMBL3613810,IC50,5.03
3548515,COc1ccc(cc1)c2ncccc2C3SCC(=O)N3CC(C)C,CHEMBL231826,IC50,5.05
3548526,Fc1ccc(cc1Br)C2N(CCc3ccccn3)C(=O)CS2(=O)=O,CHEMBL234511,IC50,5.09
3548537,Oc1c(CN2CCCCCC2)ccc3CN(CCC(c4ccccc4)c5ccccc5)CCc13,CHEMBL80681,IC50,5.13
1654346,COc1cc(CNCc2oc(cc2)c3cccc(c3)C(F)(F)F)cc(OC)c1OC,CHEMBL3613804,IC50,5.17
3548550,CC(C)C[C@H](N1CCOCC1)C(=O)N[C@@H](Cc2ccc(OC(=O)c3ccccc3)cc2)C(=O)NC(C)(C)C,CHEMBL171631,IC50,5.19
1654390,COc1ccc(cc1Cl)c2oc(CNCc3cc(OC)c(OC)c(OC)c3)cc2,CHEMBL3613808,IC50,5.23
3548563,COc1ccc(COC(=O)[C@@H](N)CSCC2CCCCC2)cc1,CHEMBL171526,IC50,5.24
549867,COc1nc(NCCCN2CCOCC2)nc(OC)c1NC(=O)c3oc(Oc4cc5c(CCC5(C)C)cc4C)cc3,CHEMBL210514,Ki,5.28
3548576,CN[C@@H](CC(C)C)C(=O)N[C@H]1CC[C@@H]2CN(C[C@H]12)c3ccc(OC(F)(F)F)cc3,CHEMBL2414772,IC50,5.29
3548587,Oc1c(CN2CCCCCC2)ccc3CN(CCCCc4ccc(F)cc4)CCc13,CHEMBL80735,IC50,5.29
3548598,CC(C)CN1C(SCC1=O)c2cccnc2c3ccc(F)cc3,CHEMBL394578,IC50,5.31
1655776,Cl.Cl.CN(C)CCCCCN(C)C1=Nc2ccccc2C(CC(=O)NCc3ccccc3)N1c4ccc(cc4)c5ccccc5,CHEMBL3144390,IC50,5.31
2212501,CCCN(C1CCN(Cc2c(OC)cccc2OC)CC1)S(=O)(=O)c3cccc(c3)C(F)(F)F,CHEMBL2180891,IC50,5.32
3548613,Oc1c(CN2CCCCCC2)ccc3CN(CCCCC(c4ccccc4)c5ccccc5)CCc13,CHEMBL80856,IC50,5.32
3548624,CC(C)CN1C(OCC1=O)c2cnccc2c3ccc(Br)cc3,CHEMBL234274,IC50,5.36
3548635,CCOC(=O)CN(C)[C@@H](CC(C)C)C(=O)N[C@@H](Cc1ccc(OC(=O)c2ccccc2)cc1)C(=O)NC(C)(C)C,CHEMBL171442,IC50,5.36
3548646,Oc1c(CN2CCCCC2)cc(Cc3cc(CN4CCCCC4)c(O)c5ncccc35)c6ccncc16,CHEMBL312381,IC50,5.36
1654654,COc1cc(CNCc2oc(cc2)c3ccc(Cl)cc3)cc(OC)c1OC,CHEMBL3613806,IC50,5.37
3548659,CC(C)CN1C(SCC1=O)c2ccncc2c3ccc(F)cc3,CHEMBL234491,IC50,5.38
3548670,CC(C)CN1C(SCC1=O)c2cnccc2c3ccccc3,CHEMBL232034,IC50,5.4
3548681,CC(C)CN1C([S+]([O-])CC1=O)c2cnccc2c3ccc(Br)cc3,CHEMBL234273,IC50,5.4
3548692,CC(C)C[C@H](N)C(=O)N[C@@H](Cc1ccc(OC(=O)c2ccccc2)cc1)C(=O)NC(C)(C)C,CHEMBL171282,IC50,5.42
3548703,CC(C)CN1[C@H](SCC1=O)c2cnccc2c3ccc(cc3)C(F)(F)F,CHEMBL398158,IC50,5.48
3548714,CC(C)Oc1cc(OCCc2ccc(cc2)C(=N)N)cc(OCc3ccccc3CCc4ccc(O)cc4)c1,CHEMBL115845,IC50,5.48
3548725,CC(C)C[C@H](N(C)C1CCOCC1)C(=O)N[C@@H](Cc2ccc(OC(=O)c3ccccc3)cc2)C(=O)NC(C)(C)C,CHEMBL173056,IC50,5.51
3548736,COC(OC)C1=C(C(C(=C(C)N1)C(=O)O)c2cccc(Cl)c2)C(=O)OC\C=C\c3ccccc3,CHEMBL451812,IC50,5.52
3548747,CC(C)C[C@H](N(C)C(C)C)C(=O)N[C@@H](Cc1ccc(OC(=O)c2ccccc2)cc1)C(=O)NC(C)(C)C,CHEMBL353259,IC50,5.55
3548758,CC(C)C[C@H](NS(=O)(=O)C)C(=O)N[C@@H]1CC[C@H]2CN(Cc3cccc(c3)C(F)(F)F)C[C@@H]12,CHEMBL2414775,IC50,5.55
3548769,CC(C)Oc1cc(OCCc2ccc(cc2)C(=N)N)cc(OCc3ccccc3CCc4cccc(O)c4)c1,CHEMBL116780,IC50,5.57
3548780,COc1ccc(COC(=O)[C@H](CSCC2CCCCC2)NC(=O)[C@@H]3CSCN3)cc1,CHEMBL176918,IC50,5.57
3548791,CS(=O)(=O)c1ccc(F)cc1C(=O)N2CCC(CC2)N(C3CC3)S(=O)(=O)c4cc(ccc4F)C(F)(F)F,CHEMBL2180887,IC50,5.6
3548802,Oc1c(CN2CCCCCC2)ccc3CN(CCCCC=C(c4ccccc4)c5ccccc5)CCc13,CHEMBL312166,IC50,5.6
3548813,COc1ccc(CN2CCN(CC2)C(c3ccc(F)cc3)c4ccc(F)cc4)c(OC)c1OC,CHEMBL29188,IC50,5.61
3548824,FC(F)(F)c1cccc(c1)C2SCC(=O)N2CCc3ccccn3,CHEMBL390704,IC50,5.62
3548835,CC(C)C[C@H](N(C)C)C(=O)N[C@@H](Cc1ccc(OC(=O)c2ccccc2)cc1)C(=O)NC(C)(C)C,CHEMBL354153,IC50,5.64
3548846,CN[C@@H](CC(C)C)C(=O)N[C@@H](Cc1ccc(OC(=O)c2ccccc2)cc1)C(=O)NC(C)(C)C,CHEMBL354624,IC50,5.64
3548857,CC(C)C[C@H](N(C)CCC(C)O)C(=O)N[C@@H](Cc1ccc(OC(=O)c2ccccc2)cc1)C(=O)NC(C)(C)C,CHEMBL173002,IC50,5.66
3548868,CC(C)CN1C(SCC1=O)c2cccnc2c3ccc(C)cc3,CHEMBL398157,IC50,5.71
3548879,CC(C)C[C@H](N(C)CCCc1ccccc1)C(=O)N[C@@H](Cc2ccc(OC(=O)c3ccccc3)cc2)C(=O)NC(C)(C)C,CHEMBL66001,IC50,5.72
3548890,CN[C@@H](CC(C)C)C(=O)N[C@@H]1CC[C@H]2CN(Cc3cccc(c3)C(F)(F)F)C[C@@H]12,CHEMBL2414774,IC50,5.72
3548901,COc1ccc(COC(=O)[C@H](CSCC2CCCCC2)NC(=O)c3cscn3)cc1,CHEMBL173582,IC50,5.72
1717093,FC(F)(F)c1cccc(CN2C[C@@H]3CC[C@@H](NC(=O)C(C4CCCCC4)C5CCCCC5)[C@@H]3C2)c1,CHEMBL2414773,IC50,5.73
3548914,CC(C)(C)OC(=O)N1CSC[C@H]1C(=O)N[C@@H](CSCC2CCCCC2)C(=O)NCc3ccc(O)cc3,CHEMBL177237,IC50,5.75
3548925,CC(C)C[C@H](N(C)CCc1ccccc1)C(=O)N[C@@H](Cc2ccc(OC(=O)c3ccccc3)cc2)C(=O)NC(C)(C)C,CHEMBL419253,IC50,5.77
3548936,CC(C)C[C@H](N(C)Cc1cccnc1)C(=O)N[C@@H](Cc2ccc(OC(=O)c3ccccc3)cc2)C(=O)NC(C)(C)C,CHEMBL419068,IC50,5.77
1404232,Fc1ccc(cc1)C(N2CCN(C\C=C\c3ccccc3)CC2)c4ccc(F)cc4,flunarizine,IC50,5.78
3548949,Fc1ccc(cc1Br)C2SCC(=O)N2CCc3ccccn3,CHEMBL390703,IC50,5.78
3548960,CC(C)C[C@H](N(C)Cc1occc1)C(=O)N[C@@H](Cc2ccc(OC(=O)c3ccccc3)cc2)C(=O)NC(C)(C)C,CHEMBL302506,IC50,5.8
3548971,OC(=O)C1=CNC=C(C1c2cccc(Cl)c2)C(=O)OC\C=C\c3ccccc3,CHEMBL2030598,IC50,5.8
3548982,CC(C)(C)[C@H](N)C(=O)N[C@H]1CC[C@@H]2CN(C[C@H]12)S(=O)(=O)c3ccc(cc3)C(F)(F)F,CHEMBL2414783,IC50,5.82
3548993,CCC(C)N(C)[C@@H](CC(C)C)C(=O)N[C@@H](Cc1ccc(OC(=O)c2ccccc2)cc1)C(=O)NC(C)(C)C,CHEMBL352393,IC50,5.82
3549004,COC(OC)C1=C(C(C(=CN1)C(=O)O)c2ccc(OC)c(Cl)c2)C(=O)OC\C=C\c3ccccc3,CHEMBL2030595,IC50,5.82
3549015,CC(C)C[C@H](N1CCCCC1)C(=O)N[C@@H](Cc2ccc(OC(=O)c3ccccc3)cc2)C(=O)NC(C)(C)C,CHEMBL171586,IC50,5.85
3549026,COc1ccc(cc1)c2cnccc2C3SCC(=O)N3CC(C)C,CHEMBL234698,IC50,5.85
3549037,FC(F)(F)c1ccc(cc1)c2cnccc2C3SCC(=O)N3C4CCCC4,CHEMBL234916,IC50,5.86
3549048,CC(C)CNC(=O)C1SC(N(CCc2ccccn2)C1=O)c3ccc(F)c(Br)c3,CHEMBL390705,IC50,5.87
1654992,COCC(=O)O[C@]1(CCN(C)CCCc2nc3ccccc3[nH]2)CCc4cc(F)ccc4[C@@H]1C(C)C,CHEMBL45816,IC50,5.87
3549061,Brc1ccc(cc1)c2ccncc2C3SCC(=O)N3C4CCCCC4,CHEMBL412849,IC50,5.88
3549072,CC(C)CN1C(SCC1=O)c2cccnc2c3ccc(C=C)cc3,CHEMBL232848,IC50,5.88
3549083,Brc1ccc(cc1)c2ccncc2C3SCC(=O)N3C4CC4,CHEMBL395982,IC50,5.89
3549094,CC(C)CN1C(SCC1=O)c2cnccc2c3ccc(F)cc3,CHEMBL395109,IC50,5.89
3549105,CC(C)CNC(=O)C1SC(N(CCc2ccccn2)C1=O)c3cccc(c3)C(F)(F)F,CHEMBL234510,IC50,5.89
3549116,COc1ccc(COC(=O)[C@H](CSCC2CCCCC2)NC(=O)C3CCCCC3)cc1,CHEMBL424169,IC50,5.89
3549127,COc1ccc(cc1Cl)C2C(=CNC=C2C(=O)OC\C=C\c3ccccc3)C(=O)O,CHEMBL2030602,IC50,5.89
3549138,Oc1c(CN2CCCCCC2)ccc3CN(CCCC(c4ccc(F)cc4)c5ccc(F)cc5)CCc13,CHEMBL81663,IC50,5.89
3549149,CC(C)CN1C(SCC1=O)c2cccnc2c3ccc(Cl)cc3,CHEMBL234943,IC50,5.9
3549160,CN[C@@H](CC(C)C)C(=O)N[C@H]1CC[C@@H]2CN(C[C@H]12)c3ccc(cc3)C(F)(F)F,CHEMBL2414771,IC50,5.91
3549171,CN[C@@H](CC(C)C)C(=O)N[C@H]1CC[C@@H]2CN(C[C@H]12)c3cccc(c3)C(F)(F)F,CHEMBL2414770,IC50,5.92
3549182,COC(OC)C1=C(C(C(=CN1)C(=O)O)c2cc(Cl)c(OC)c(Cl)c2)C(=O)OC\C=C\c3ccccc3,CHEMBL2030596,IC50,5.92
3549193,COc1ccc(COC(=O)[C@H](CSCC2CCCCC2)NC(=O)CC(C)C)cc1,CHEMBL171817,IC50,5.92
3549204,OC(=O)C1=CNC=C(C1c2ccc(Cl)cc2)C(=O)OC\C=C\c3ccccc3,CHEMBL2030599,IC50,5.92
3549215,OC(=O)C1=CNC=C(C1c2cccc(c2)C(F)(F)F)C(=O)OC\C=C\c3ccccc3,CHEMBL2030601,IC50,5.92
3549226,CC(O)Cn1c(cc2cc(ccc12)C(C)(C)C(=O)NCC(F)(F)F)c3cc(C)cc(C)c3,CHEMBL1643719,IC50,5.93
3549237,CC(O)Cn1c(cc2cc(ccc12)C(C)(C)C(=O)NC3CC3)c4cc(C)cc(C)c4,CHEMBL1643718,IC50,5.94
3549248,COC(OC)C1=C(C(C(=CN1)C(=O)O)c2ccc(Cl)cc2)C(=O)OC\C=C\c3ccccc3,CHEMBL2030592,IC50,5.96
3549259,COC(OC)C1=C(C(C(=CN1)C(=O)O)c2cccc(Cl)c2)C(=O)OC\C=C\c3ccccc3,CHEMBL2030591,IC50,5.96
3549270,COC(OC)C1=C(C(C(=CN1)C(=O)O)c2cccc(c2)C(F)(F)F)C(=O)OC\C=C\c3ccccc3,CHEMBL2030597,IC50,5.96
3549281,CS(=O)(=O)c1ccc(F)cc1C(=O)N2CCC(CC2)N(C3CC3)S(=O)(=O)c4cccc(OC(F)(F)F)c4,CHEMBL2180889,IC50,5.96
3549292,Oc1c(CN2CCCCCC2)ccc3CN(CCCCCC(c4ccccc4)c5ccccc5)CCc13,CHEMBL310432,IC50,5.96
3549303,CC(C)CN1C(SCC1=O)c2cnccc2c3ccc(cc3)C(F)(F)F,CHEMBL389103,IC50,5.97
3549314,CC(C)C[C@H](N)C(=O)N[C@@H]1CC[C@H]2CN(C[C@@H]12)S(=O)(=O)c3cccc(c3)C(F)(F)F,CHEMBL2414776,IC50,5.98
3549325,CC(C)C[C@H](N(C)Cc1ccc(O)cc1)C(=O)N[C@@H](Cc2ccc(OC(=O)c3ccccc3)cc2)C(=O)NC(C)(C)C,CHEMBL307098,IC50,6.0
3549336,CC(C)C[C@H](N(C)Cc1cccc(Cl)c1)C(=O)N[C@@H](Cc2ccc(OC(=O)c3ccccc3)cc2)C(=O)NC(C)(C)C,CHEMBL69748,IC50,6.0
3549347,COC(OC)C1=C(C(C(=CN1)C(=O)O)c2cc(Cl)cc(Cl)c2)C(=O)OC\C=C\c3ccccc3,CHEMBL2030593,IC50,6.0
3549358,CS(=O)(=O)c1ccc(F)cc1C(=O)N2CC(C2)N(C3CC3)S(=O)(=O)c4cccc(c4)C(F)(F)F,CHEMBL3092211,IC50,6.01
3549369,CCC[C@H](NC)C(=O)N[C@H]1CC[C@@H]2CN(C[C@H]12)S(=O)(=O)c3ccc(cc3)C(F)(F)F,CHEMBL2414781,IC50,6.02
3549380,CC(C)(C)C[C@H](N)C(=O)N[C@H]1CC[C@@H]2CN(C[C@H]12)S(=O)(=O)c3ccc(cc3)C(F)(F)F,CHEMBL2414784,IC50,6.03
3549391,COc1ccc(COC(=O)[C@H](CSCC2CCCCC2)NC(=O)C3CCCC3)cc1,CHEMBL170403,IC50,6.04
3549402,CC(O)Cn1c(cc2cc(ccc12)C(C)(C)C(=O)N(C)C)c3cc(C)cc(C)c3,CHEMBL1643714,IC50,6.06
3549413,CCCN[C@@H](C)c1c([nH]c2ccc(cc12)C(C)(C)C(=O)N3C4CCC3CC4)c5cc(C)cc(C)c5,CHEMBL1643712,IC50,6.06
3549424,CCc1ccc(cc1)c2ccncc2C3SCC(=O)N3CC(C)C,CHEMBL243019,IC50,6.06
3549435,CN[C@@H](Cc1ccccc1)C(=O)N[C@H]2CC[C@@H]3CN(C[C@H]23)S(=O)(=O)c4ccc(cc4)C(F)(F)F,CHEMBL2414786,IC50,6.06
3549446,COc1ccc(COC(=O)[C@H](CSCC2CCCCC2)NC(=O)[C@@H]3CCCN3C(=O)OC(C)(C)C)cc1,CHEMBL366890,IC50,6.06
3549457,CN[C@@H](CC(C)C)C(=O)N[C@@H]1CC[C@H]2CN(C[C@@H]12)S(=O)(=O)c3ccc(cc3)C(F)(F)F,CHEMBL2414778,IC50,6.07
3549468,CN[C@@H](CC(C)C)C(=O)N[C@H]1CC[C@@H]2CN(C[C@H]12)S(=O)(=O)c3ccc(cc3)C(F)(F)F,CHEMBL2414780,IC50,6.07
3549479,CN[C@@H](CC(C)(C)C)C(=O)N[C@H]1CC[C@@H]2CN(C[C@H]12)S(=O)(=O)c3ccc(cc3)C(F)(F)F,CHEMBL2414785,IC50,6.08
3549492,COc1c(Cl)cc(cc1Cl)C2C(=CNC=C2C(=O)OC\C=C\c3ccccc3)C(=O)O,CHEMBL2030603,IC50,6.08
3549620,NC(=O)c1ccc(C(=O)N2CCC(CC2)N(C3CC3)S(=O)(=O)c4cccc(c4)C(F)(F)F)c(c1)C(F)(F)F,CHEMBL3092207,IC50,6.12
3549631,CCCC[C@H](NC)C(=O)N[C@H]1CC[C@@H]2CN(C[C@H]12)S(=O)(=O)c3ccc(cc3)C(F)(F)F,CHEMBL2414782,IC50,6.13
3549642,OC(=O)C1=CNC=C(C1c2ccc(Cl)c(Cl)c2)C(=O)OC\C=C\c3ccccc3,CHEMBL2030600,IC50,6.13
3549653,CC(C)CN1[C@H](SCC1=O)c2cnccc2c3ccc(C)cc3,CHEMBL232849,IC50,6.14
3549664,COc1ccc(COC(=O)[C@H](CSCC2CCCCC2)NC(=O)OCC(C)C)cc1,CHEMBL353717,IC50,6.14
3549675,CC1(CCN(CC1)C(=O)c2cc(F)ccc2S(=O)(=O)C)N(C3CC3)S(=O)(=O)c4cccc(c4)C(F)(F)F,CHEMBL3092209,IC50,6.15
3549686,CC(C)CN1C(SCC1=O)c2cccnc2c3ccc(Br)cc3,CHEMBL231799,IC50,6.16
3549697,CC(C)C[C@H](N(C)CC1CCCCC1)C(=O)N[C@@H](Cc2ccc(OC(=O)c3ccccc3)cc2)C(=O)NC(C)(C)C,CHEMBL420920,IC50,6.16
3549708,CC(O)Cn1c(cc2cc(ccc12)C(=O)NC(C)(C)C)c3cc(C)cc(C)c3,CHEMBL1643720,IC50,6.17
3549719,CS(=O)(=O)c1ccc(cc1C(=O)N2CCC(CC2)N(C3CC3)S(=O)(=O)c4cccc(c4)C(F)(F)F)C#N,CHEMBL3092199,IC50,6.17
3549730,CC(C)(C)OC(=O)N1CSC[C@H]1C(=O)N[C@@H](CSCC2CCCCC2)C(=O)N3CCC(CC3)Nc4ccccc4,CHEMBL75902,IC50,6.18
3549741,CC(C)CN1C(SCC1=O)c2cnccc2c3ccc(Br)cc3,CHEMBL234938,IC50,6.18
3549752,CS(=O)(=O)c1ccccc1C(=O)N2CCC(CC2)N(C3CC3)S(=O)(=O)c4cccc(c4)C(F)(F)F,CHEMBL2180902,IC50,6.18
3549763,Cc1cc(C)cc(c1)c2cc3cc(ccc3n2CC(=O)OC(C)(C)C)C(C)(C)C(=O)NC(C)(C)C,CHEMBL1643723,IC50,6.18
3549774,COc1ccc(CNC(=O)[C@H](CSCC2CCCC2)NC(=O)OC(C)(C)C)cc1,CHEMBL431324,IC50,6.19
3549785,Brc1ccc(cc1)c2ccncc2C3SCC(=O)N3C4CCCC4,CHEMBL232032,IC50,6.2
3549796,CN[C@@H](CC(C)C)C(=O)N[C@@H]1CC[C@H]2CN(C[C@@H]12)S(=O)(=O)c3cccc(c3)C(F)(F)F,CHEMBL2414777,IC50,6.2
3549807,CC(C)(C)OC(=O)N1CSC[C@H]1C(=O)N[C@@H](CSCC2CCCCC2)C(=O)NCc3ccc(cc3)[N+](=O)[O-],CHEMBL172239,IC50,6.22
3549818,CC(C)CN1C(SCC1=O)c2cnccc2c3ccc(Cl)cc3,CHEMBL245171,IC50,6.22
3549829,CCOC(=O)C(C)(C)c1ccc2c(c1)c([C@H](C)CO)c(c3cc(C)cc(C)c3)n2C(=O)OC(C)(C)C,CHEMBL1643713,IC50,6.22
3549840,CN(C)c1ccc(CNC(=O)[C@H](CSCC2CCCCC2)NC(=O)[C@@H]3CSCN3C(=O)OC(C)(C)C)cc1,CHEMBL366590,IC50,6.22
3549851,COc1ccc(COC(=O)[C@H](CSCC2CCCCC2)NC(=O)OC(C)(C)C)cc1,CHEMBL173121,IC50,6.22
3549862,CC(C)CN1C(SCC1=O)c2ccncc2c3ccc(C)cc3,CHEMBL234914,IC50,6.23
3549873,CC(C)C[C@H](NC(=O)N1CCCCCC1)C(=O)N[C@@H](Cc2ccc(OC(=O)c3ccccc3)cc2)C(=O)NC(C)(C)C,CHEMBL334438,IC50,6.23
3549884,CC(C)CN1C(SCC1=O)c2ccncc2c3ccc(Cl)cc3,CHEMBL234490,IC50,6.24
3549895,CCN[C@@H](CC(C)(C)C)C(=O)N[C@H]1CC[C@@H]2CN(C[C@H]12)S(=O)(=O)c3ccc(cc3)C(F)(F)F,CHEMBL2414769,IC50,6.24
3549906,CC(C)C[C@H](N(C)Cc1ccccc1Cl)C(=O)N[C@@H](Cc2ccc(OC(=O)c3ccccc3)cc2)C(=O)NC(C)(C)C,CHEMBL67766,IC50,6.25
3549917,CS(=O)(=O)c1ccc(F)cc1C(=O)N2CCC(CC2)N(C3CC3)S(=O)(=O)c4cccc(c4)C(F)(F)F,CHEMBL2180905,IC50,6.25
3549928,FC(F)(F)c1ccc(cc1)c2ncccc2C3SCC(=O)N3C4CCCC4,CHEMBL268157,IC50,6.25
3549939,Cc1cc(C)cc(c1)c2cc3cc(ccc3n2Cc4c(C)onc4C)C(C)(C)C(=O)NC(C)(C)C,CHEMBL1643726,IC50,6.27
3549950,CC(C)CN1C(SCC1=O)c2ccncc2c3ccc(C=C)cc3,CHEMBL234915,IC50,6.28
3549961,COC(OC)C1=C(C(C(=CN1)C(=O)O)c2ccc(Cl)c(Cl)c2)C(=O)OC\C=C\c3ccccc3,CHEMBL2030594,IC50,6.28
3549972,COCCn1c(cc2cc(ccc12)C(C)(C)C(=O)NC(C)(C)C)c3cc(C)cc(C)c3,CHEMBL1643725,IC50,6.28
3549983,CC(C)(C1CCN(CC1)C(=O)c2cc(F)ccc2S(=O)(=O)C)S(=O)(=O)c3cccc(c3)C(F)(F)F,CHEMBL3092198,IC50,6.29
3549994,CC(C)CN1C(SCC1=O)c2cnccc2c3ccc(C=C)cc3,CHEMBL233855,IC50,6.29
3550005,CC(C)(C)OC(=O)N1CSC[C@H]1C(=O)N[C@@H](CSCC2CCCCC2)C(=O)N3CCC(CC3)NCc4ccccc4,CHEMBL306399,IC50,6.3
3550016,CC(C)(C)OC(=O)N1CSC[C@H]1C(=O)N[C@@H](CSCC2CCCCC2)C(=O)NCc3ccc(OCc4ccccc4)cc3,CHEMBL170243,IC50,6.3
3550027,CC(C)CN1C(SCC1=O)c2ccncc2c3ccc(Br)cc3,CHEMBL389993,IC50,6.3
3550038,COc1ccc(CN(C)[C@@H](CC(C)C)C(=O)N[C@@H](Cc2ccc(OC(=O)c3ccccc3)cc2)C(=O)NC(C)(C)C)cc1,CHEMBL419805,IC50,6.3
3550049,CC(C)CN1C(SCC1=O)c2cnccc2c3ccc(C)cc3,CHEMBL245173,IC50,6.31
3550060,CCN(C1CCN(CC1)C(=O)c2ccccc2OC(F)(F)F)S(=O)(=O)c3cccc(c3)C(F)(F)F,CHEMBL3092216,IC50,6.33
3550071,CC(C)C[C@H](N(C)C)C(=O)N[C@@H]1CC[C@H]2CN(C[C@@H]12)S(=O)(=O)c3cccc(c3)C(F)(F)F,CHEMBL2414779,IC50,6.34
3550082,CN(C1CCN(CC1)C(=O)c2ccccc2S(=O)(=O)C)S(=O)(=O)c3cccc(c3)C(F)(F)F,CHEMBL3092215,IC50,6.34
3550093,Oc1c(CN2CCCCCC2)ccc3CN(CCCC(c4ccccc4)c5ccccc5)CCc13,CHEMBL78017,IC50,6.34
3550104,CS(=O)(=O)c1cc(ccc1C(=O)N2CCC(CC2)N(C3CC3)S(=O)(=O)c4cccc(c4)C(F)(F)F)C#N,CHEMBL3092200,IC50,6.35
3550115,C[C@H]1[C@@H](CN1C(=O)c2cc(F)ccc2S(=O)(=O)C)N(C3CC3)S(=O)(=O)c4cccc(c4)C(F)(F)F,CHEMBL3092213,IC50,6.37
3550126,CC(C)C[C@H](N(C)CCC(C)(C)C)C(=O)N[C@@H](Cc1ccc(OC(=O)c2ccccc2)cc1)C(=O)NC(C)(C)C,CHEMBL170471,IC50,6.4
3550137,CC(C)(C)OC(=O)N1CSC[C@H]1C(=O)N[C@@H](CSCC2CCCCC2)C(=O)N3CCN(CC3)c4ccccc4,CHEMBL433125,IC50,6.41
3550148,CC(C)N[C@@H](CC(C)(C)C)C(=O)N[C@H]1CC[C@@H]2CN(C[C@H]12)S(=O)(=O)c3ccc(cc3)C(F)(F)F,CHEMBL2414787,IC50,6.41
3550159,COc1ccc(COC(=O)[C@H](CSCC2CCCCC2)NC(=O)[C@@H]3CSCN3C(=O)OC(C)(C)C)cc1,CHEMBL170453,IC50,6.41
3550170,NC(=O)c1ccc(C(=O)N2CCC(CC2)N(C3CC3)S(=O)(=O)c4cccc(c4)C(F)(F)F)c(OC(F)(F)F)c1,CHEMBL3092208,IC50,6.41
3550181,CC(C)(C)OC(=O)N1CSC[C@H]1C(=O)N[C@@H](CSCC2CCCCC2)C(=O)NCCNCc3ccccc3,CHEMBL308984,IC50,6.42
3550192,CC(C)C[C@H](N(C)CC(C)C)C(=O)N[C@@H](Cc1ccc(OC(=O)c2ccccc2)cc1)C(=O)NC(C)(C)C,CHEMBL369244,IC50,6.42
3550203,COC(=O)c1cccc(c1)C(=O)N2CCC(CC2)N(C3CC3)S(=O)(=O)c4cccc(c4)C(F)(F)F,CHEMBL2180897,IC50,6.42
3550214,C[C@@H]1[C@@H](CN1C(=O)c2cc(F)ccc2S(=O)(=O)C)N(C3CC3)S(=O)(=O)c4cccc(c4)C(F)(F)F,CHEMBL3092212,IC50,6.42
3550225,CC(C)(C)OC(=O)N1CSC[C@H]1C(=O)N[C@@H](CSCC2CCCCC2)C(=O)N3CCN(Cc4ccccc4)CC3,CHEMBL72446,IC50,6.43
3550236,CC(C1CCN(CC1)C(=O)c2ccc(cc2OC(F)(F)F)S(=O)(=O)C)S(=O)(=O)c3cccc(c3)C(F)(F)F,CHEMBL3092223,IC50,6.43
3550247,CS(=O)(=O)c1ccc(F)cc1C(=O)N2CCC(C2)N(C3CC3)S(=O)(=O)c4cccc(c4)C(F)(F)F,CHEMBL3092210,IC50,6.43
3550258,FC(F)(F)Oc1cccc(c1)C(=O)N2CCC(CC2)N(C3CC3)S(=O)(=O)c4cccc(c4)C(F)(F)F,CHEMBL2180895,IC50,6.43
3550269,CC(C)COC(=O)N1CSC[C@H]1C(=O)N[C@@H](CSCC2CCCCC2)C(=O)NCc3ccc(Oc4ccccc4)cc3,CHEMBL170618,IC50,6.44
3550280,CC(C)C[C@H](N(C)Cc1ccccc1)C(=O)N[C@@H](Cc2ccc(OC(=O)c3ccccc3)cc2)C(=O)NC(C)(C)C,CHEMBL303609,IC50,6.44
3550291,CS(=O)(=O)c1ccc(C(=O)N2CCC(CS(=O)(=O)c3cccc(c3)C(F)(F)F)CC2)c(OC(F)(F)F)c1,CHEMBL3092222,IC50,6.44
3550302,CS(=O)(=O)c1ccc(C(=O)N2CCC(CC2)N(C3CC3)S(=O)(=O)c4cccc(c4)C(F)(F)F)c(F)c1,CHEMBL3092203,IC50,6.46
3550313,OCCN1CSC[C@H]1C(=O)N[C@@H](CSCC2CCCCC2)C(=O)NCc3ccc(Oc4ccccc4)cc3,CHEMBL172384,IC50,6.46
3550324,CS(=O)(=O)c1ccc(Cl)c(c1)C(=O)N2CCC(CC2)N(C3CC3)S(=O)(=O)c4cccc(c4)C(F)(F)F,CHEMBL3092202,IC50,6.47
3550335,C=CCOC(=O)N1CSC[C@H]1C(=O)N[C@@H](CSCC2CCCCC2)C(=O)NCc3ccc(Oc4ccccc4)cc3,CHEMBL170698,IC50,6.48
3550346,CC(C)(C)OC(=O)N1CSC[C@H]1C(=O)N[C@@H](CSCC2CCCCC2)C(=O)NC3CCN(Cc4ccccc4)CC3,CHEMBL73525,IC50,6.48
3550357,CC(C)CCN(C)[C@@H](CC(C)C)C(=O)N[C@@H](Cc1ccc(OC(=O)c2ccccc2)cc1)C(=O)NC(C)(C)C,CHEMBL277085,IC50,6.5
3550368,CC(C)C[C@H](NC(=O)N1CCCCCC1)C(=O)N[C@@H](Cc2ccc(OC(=O)c3ccccc3)cc2)C(=O)OC(C)(C)C,CHEMBL135329,IC50,6.5
3550379,CS(=O)(=O)c1ccc(C(=O)N2CCC3(CCN(CC3)S(=O)(=O)c4cccc(c4)C(F)(F)F)C2)c(c1)C(F)(F)F,CHEMBL3092219,IC50,6.51
3550390,FC(F)(F)Oc1ccc(cc1)C(=O)N2CCC(CC2)N(C3CC3)S(=O)(=O)c4cccc(c4)C(F)(F)F,CHEMBL2180896,IC50,6.52
3550401,CS(=O)(=O)c1ccc(C(=O)N2CCC(CC2)N(C3CC3)S(=O)(=O)c4cccc(c4)C(F)(F)F)c(Cl)c1,CHEMBL3092204,IC50,6.54
3550412,O=C(NCc1ccc(Oc2ccccc2)cc1)[C@H](CSCC3CCCCC3)NC(=O)[C@@H]4CSCN4,CHEMBL353606,IC50,6.54
3550423,CC(C)C[C@H](N(C)Cc1ccc(cc1)N(C)C)C(=O)N[C@@H](Cc2ccc(OC(=O)c3ccccc3)cc2)C(=O)NC(C)(C)C,CHEMBL68088,IC50,6.55
3550434,CCCCN(C)[C@@H](CC(C)C)C(=O)N[C@@H](Cc1ccc(OC(=O)c2ccccc2)cc1)C(=O)NC(C)(C)C,CHEMBL173060,IC50,6.55
3550445,CS(=O)(=O)c1ccc(C(=O)N2CC(C2)N(C3CC3)S(=O)(=O)c4cccc(c4)C(F)(F)F)c(c1)C(F)(F)F,CHEMBL3092217,IC50,6.57
3550456,CN(C)c1cccc(c1)C(=O)N2CCC(CC2)N(C3CC3)S(=O)(=O)c4cccc(c4)C(F)(F)F,CHEMBL2180898,IC50,6.62
3550467,CC(C)C[C@H](N(C)Cc1ccc(Cl)cc1)C(=O)N[C@@H](Cc2ccc(OC(=O)c3ccccc3)cc2)C(=O)NC(C)(C)C,CHEMBL303039,IC50,6.64
3550478,CCC(C)N1C(SCC1=O)c2cnccc2c3ccc(Br)cc3,CHEMBL231820,IC50,6.68
3550489,CC(C)C[C@H](N(C)C1CCCCC1)C(=O)N[C@@H](Cc2ccc(OC(=O)c3ccccc3)cc2)C(=O)NC(C)(C)C,CHEMBL422741,IC50,6.7
3550500,COCCN1CSC[C@H]1C(=O)N[C@@H](CSCC2CCCCC2)C(=O)NCc3ccc(Oc4ccccc4)cc3,CHEMBL554925,IC50,6.7
3550511,CS(=O)(=O)c1ccc(F)cc1C(=O)N2CCC3(CCN(CC3)S(=O)(=O)c4cccc(c4)C(F)(F)F)C2,CHEMBL3092214,IC50,6.72
3550522,Cc1cc(C)cc(c1)c2cc3cc(ccc3n2CC(=O)NC(C)(C)C)C(C)(C)C(=O)NC(C)(C)C,CHEMBL1643724,IC50,6.72
3550533,CC(C)(C)OC(=O)N1CSC[C@H]1C(=O)N[C@@H](CSCC2CCCCC2)C(=O)NC3CCN(CC3)c4ccccc4,CHEMBL76163,IC50,6.82
3550544,CC(C)(C)OC(=O)N1CSC[C@H]1C(=O)N[C@@H](CSCC2CCCCC2)C(=O)NCc3ccc(Oc4ccccc4)cc3,CHEMBL74345,IC50,6.85
3550555,CC(C)C[C@H](N(C)Cc1ccc(Br)cc1)C(=O)N[C@@H](Cc2ccc(OC(=O)c3ccccc3)cc2)C(=O)NC(C)(C)C,CHEMBL430996,IC50,6.89
3550566,COC(=O)N1CSC[C@H]1C(=O)N[C@@H](CSCC2CCCCC2)C(=O)NCc3ccc(Oc4ccccc4)cc3,CHEMBL355833,IC50,6.92
3550577,COCC(=O)N1CSC[C@H]1C(=O)N[C@@H](CSCC2CCCCC2)C(=O)NCc3ccc(Oc4ccccc4)cc3,CHEMBL355254,IC50,6.92
3550588,FC(F)(F)Oc1ccccc1C(=O)N2CCC(CC2)N(C3CC3)S(=O)(=O)c4cccc(c4)C(F)(F)F,CHEMBL2180894,IC50,6.92
3550599,CC(C)(C1CCN(CC1)C(=O)c2ccc(cc2OC(F)(F)F)S(=O)(=O)C)S(=O)(=O)c3cccc(c3)C(F)(F)F,CHEMBL3092197,IC50,7.04
3550610,CS(=O)(=O)c1cc(ccc1C(=O)N2CCC3(CCN(CC3)S(=O)(=O)c4cccc(c4)C(F)(F)F)C2)C(F)(F)F,CHEMBL3092220,IC50,7.14
3550621,COc1cccc(OC)c1CN2CCC(CC2)N(C3CC3)S(=O)(=O)c4cccc(c4)C(F)(F)F,CHEMBL2180892,IC50,7.22
3550632,CS(=O)(=O)c1ccc(C(=O)N2CCC(CC2)N(C3CC3)S(=O)(=O)c4cccc(c4)C(F)(F)F)c(OC(F)(F)F)c1,CHEMBL3092206,IC50,7.32
3550643,C[C@H]1[C@@H](CN1C(=O)c2ccc(cc2Cl)S(=O)(=O)C)N(C3CC3)S(=O)(=O)c4cccc(c4)C(F)(F)F,CHEMBL3092218,IC50,7.32
3550654,CC(C)C[C@H](N(C)Cc1ccc(cc1)C(C)(C)C)C(=O)N[C@@H](Cc2ccc(OC(=O)c3ccccc3)cc2)C(=O)NC(C)(C)C,CHEMBL304309,IC50,7.44
3550665,CS(=O)(=O)c1cc(ccc1C(=O)N2CCC(CC2)N(C3CC3)S(=O)(=O)c4cccc(c4)C(F)(F)F)C(F)(F)F,CHEMBL3092201,IC50,7.57
3550676,CS(=O)(=O)c1ccc(C(=O)N2CCC(CC2)N(C3CC3)S(=O)(=O)c4cccc(c4)C(F)(F)F)c(c1)C(F)(F)F,CHEMBL3092205,IC50,7.68
