id,smiles,name,assay_type,activity_value
3013804,CC(C)(C)C1=CC(=C(NC(=O)C2=CNC3=CC=CC=C3C2=O)C=C1O)C(C)(C)C,ivacaftor,EC50,6.63
3013813,CC1=CC=C(NC(=O)C2(CC2)C2=CC=C3OC(F)(F)OC3=C2)N=C1C1=CC=CC(=C1)C(O)=O,lumacaftor,EC50,6.45593214
3013864,CSc1cccc(Nc2nc(cs2)c3nccs3)c1,CHEMBL3597884,EC50,5.02
3013875,COc1ccc(Cl)cc1Nc2nc3c(CCCCc4nc(N)sc34)s2,CHEMBL3323404,IC50,5.04
3013886,COc1ccc(Cl)cc1Nc2nc3c(CCCc4nc(NC(=O)C5CC5)sc34)s2,CHEMBL3323399,IC50,5.05
3013897,OC(=O)c1ccc(NC(=S)C2SC(=S)N(C2=O)c3cccc(c3)C(F)(F)F)cc1,CHEMBL451804,IC50,5.05
403412,Oc1ccc(cc1)C2=CC(=O)c3c(O)cc(O)cc3O2,CHEMBL28,EC50,5.05
3013910,COC(=O)CCC(=O)Nc1nc2CCCc3sc(Nc4cc(Cl)ccc4OC)nc3c2s1,CHEMBL3323402,IC50,5.06
3013921,COc1ccc(Cl)cc1Nc2nc3c(CCCCc4nc(NC(=O)C(C)C)sc34)s2,CHEMBL3323407,IC50,5.06
3013932,[O-][n+]1ccc(\C=C\2/SC(=S)N(C2=O)c3cccc(c3)C(F)(F)F)cc1,CHEMBL513068,IC50,5.06
3013943,CCOC(=O)c1cc(nn1Cc2ccccc2)c3sc(NC(=O)C(C)(C)C)nc3C,CHEMBL1099214,EC50,5.07
3013954,CSc1cccc(Nc2nc(cs2)c3cccs3)c1,CHEMBL3597882,EC50,5.07
3013965,O=C(Nc1ccccc1CC#N)C2=CNc3ccccc3C2=O,CHEMBL3356628,EC50,5.07
3013976,COC(=O)CCC(=O)Nc1nc2CCCCc3sc(Nc4cc(Cl)ccc4OC)nc3c2s1,CHEMBL3323409,IC50,5.08
3013987,Cc1c(cccc1C(F)(F)F)N2C(=S)S\C(=C/c3ccc(cc3)C(=O)O)\C2=O,CHEMBL472190,IC50,5.09
3013998,Cc1cc(C)c2cc(C#N)c(NCCCNC(=O)c3ccncc3)nc2c1,CHEMBL2018593,EC50,5.09
3014009,CN1C(=O)N(C)c2c(C1=O)c(c3cccc(C)c3)n4c2C(Nc5ccccc45)c6cccc(F)c6,CHEMBL1221533,IC50,5.1
3014020,Oc1c(Br)cc(\C=C\2/SC(=S)N(C2=O)c3cccc(c3)C(F)(F)F)c(O)c1Br,CHEMBL461576,IC50,5.1
3014031,C[C@@]1(O)[C@H](O)[C@](C)([NH+]=C2N1C=Nc3c2ncn3CC=C)C(=O)[O-],CHEMBL3298812,EC50,5.13
3014042,Cc1cc(C)c2cc(C#N)c(NCCNC(=O)c3ccncc3)nc2c1,CHEMBL2018578,EC50,5.14
3014053,Cc1cccnc1Nc2nc3c(CCCc4nc(NC(=O)C(C)(C)C)sc34)s2,CHEMBL3323412,IC50,5.14
3014064,CN(C)c1ccc(Cl)cc1Nc2nc3c(CCCc4nc(NC(=O)C(C)(C)C)sc34)s2,CHEMBL3323411,IC50,5.16
3014075,Cc1cccc(N2C(=S)S\C(=C/c3ccc(cc3)C(=O)O)\C2=O)c1C,CHEMBL461575,IC50,5.16
3014086,Nc1cccc(NC(=O)C2=CNc3ccccc3C2=O)c1,CHEMBL3357127,EC50,5.16
3014097,OC(=O)c1ccc(SC2CC(=O)N(C2=O)c3cccc(c3)C(F)(F)F)cc1,CHEMBL487654,IC50,5.16
3014108,Oc1c(Br)cc(\C=C\2/SC(=S)N(C2=O)c3cccc(c3)C(F)(F)F)cc1Br,CHEMBL518808,IC50,5.16
3014119,Cc1cc(C)c2cc(C#N)c(NCCNC(=O)c3cnccn3)nc2c1,CHEMBL2018582,EC50,5.17
3014130,CCC(C)C(=O)Nc1nc2CCCc3sc(Nc4cc(Cl)ccc4OC)nc3c2s1,CHEMBL3323401,IC50,5.18
3014141,COc1ccc(Cl)cc1Nc2nc3c(CCCCc4nc(NC(=O)c5oncc5)sc34)s2,CHEMBL3323410,IC50,5.18
3014152,CSc1cccc(Nc2nc(cs2)c3ccc4NC(=O)Oc4c3)c1,CHEMBL3597874,EC50,5.19
3014163,Cn1ccc2ccc(NC(=O)C3=CNc4ccccc4C3=O)cc12,CHEMBL3356636,EC50,5.19
3014175,COc1ccc(Cl)cc1Nc2nc(cs2)c3sc(NC(=O)c4ccccc4)nc3C,CHEMBL260775,IC50,5.22
3014186,Cc1ccc(NC(=O)C2=CNc3ccccc3C2=O)cc1N,CHEMBL3357128,EC50,5.22
3014197,O=C(Nc1ccc2[nH]ccc2c1)C3=CNc4ccccc4C3=O,CHEMBL3356634,EC50,5.22
3014208,COc1ccc(Cl)cc1Nc2nc3c(CCCc4nc(NC(=O)C(C)C)sc34)s2,CHEMBL3323400,IC50,5.24
3014219,CSc1cccc(Nc2nc(cs2)c3sc(nc3C)c4ccccc4)c1,CHEMBL3597889,EC50,5.24
3014230,O=C(Nc1ccc2cn[nH]c2c1)C3=CNc4ccccc4C3=O,CHEMBL3356638,EC50,5.25
3014241,CN(C)c1cccc(Nc2nc3c(CCCCc4nc(NC(=O)C(C)(C)C)sc34)s2)c1,CHEMBL3323417,IC50,5.28
3014252,CSc1cccc(Nc2nc(cs2)c3cccc(Cl)c3)c1,CHEMBL3597853,EC50,5.28
3014263,Cc1cccnc1Nc2nc3c(CCCCc4nc(NC(=O)C(C)(C)C)sc34)s2,CHEMBL3323416,IC50,5.28
3014274,CC(C)(C)c1ccc(NC(=O)C2=CNc3ccccc3C2=O)cc1S(=O)(=O)N,CHEMBL3357138,EC50,5.29
3014285,CN1C(=O)N(C)c2c(C1=O)c(c3ccccc3C)n4c2C(Nc5ccccc45)c6ccccc6,CHEMBL1221532,IC50,5.3
3014296,Cc1cccc(c1)N2C(=S)S\C(=C/c3ccc(cc3)C(=O)O)\C2=O,CHEMBL450222,IC50,5.3
3014307,OC(=O)c1cccc(\C=C\2/SC(=S)N(C2=O)c3ccc(F)c(c3)C(F)(F)F)c1,CHEMBL461381,IC50,5.3
3014318,Oc1c(Br)cc(\C=N\NC(=O)CNc2ccc3ccccc3c2)c(O)c1Br,CHEMBL1221576,IC50,5.3
3014329,CNc1nc(c2sc(NC(=O)C(C)(C)C)nc2C)c(s1)n3cc(nn3)c4ccccc4,CHEMBL2069571,EC50,5.31
3014340,COc1ccc(Cl)cc1Nc2nc3c(CCCc4nc(NC(=O)c5oncc5)sc34)s2,CHEMBL3323403,IC50,5.32
3014351,COC(=O)c1cn(nn1)c2sc(Nc3cc(Cl)ccc3OC)nc2c4sc(NC(=O)C(C)(C)C)nc4C,CHEMBL2069649,EC50,5.34
3014362,COc1cccc(c1)C(=O)NCCCNc2nc3cc(C)cc(C)c3cc2C#N,CHEMBL2018589,EC50,5.34
3014373,CN1C(=O)N(C)c2c(C1=O)c(c3ccccc3)n4c2C(Nc5ccccc45)c6ccc(O)cc6,CHEMBL1222340,IC50,5.35
3014384,COc1ccc(Cl)cc1Nc2nc3c(CCCCc4nc(NC(=O)C5CC5)sc34)s2,CHEMBL3323406,IC50,5.35
3014395,COc1ccc(cc1)C(=O)NCCCNc2nc3cc(C)cc(C)c3cc2C#N,CHEMBL2018590,EC50,5.37
3014406,COc1ccc(C(=O)NCCNc2nc3cc(C)cc(C)c3cc2C#N)c(OC)c1,CHEMBL2018580,EC50,5.38
3014417,COc1ccc(Cl)cc1Nc2nc3c(CCCCc4nc(NC(=O)C(C)(C)C)sc34)s2,CHEMBL3323405,IC50,5.39
3014428,COc1cccc(OC)c1C(=O)NCCNc2nc3cc(C)cc(C)c3cc2C#N,CHEMBL2018584,EC50,5.43
3014439,COc1ccc(cc1Nc2nc3c(CCCc4nc(NC(=O)C(C)(C)C)sc34)s2)[N+](=O)[O-],CHEMBL3323414,IC50,5.44
3014450,COC(=O)Nc1cc(NC(=O)C2=CNc3ccccc3C2=O)ccc1C(C)(C)C,CHEMBL3357134,EC50,5.46
3014461,COc1ccc(CN2CCc3nc(nc(N4CCC(CC4)C(=O)N)c3C2)c5ccccn5)cc1,CHEMBL3747330,EC50,5.46
3014472,Oc1c(ccc2ccccc12)C(=O)N(Cc3ccccc3)Cc4ccccc4,CHEMBL3356625,EC50,5.46
3014483,COc1ccc(NC(=O)c2cc(c3sc(NC(=O)C(C)(C)C)nc3C)n(n2)c4ccc(Br)cc4)cc1,CHEMBL1098166,EC50,5.47
3014494,CN1CCN(CCCNc2nc(nc3CCN(Cc4ccccc4)Cc23)c5ccccn5)CC1,CHEMBL3746756,EC50,5.51
3014505,CN1C(=O)N(C)c2c(C1=O)c(c3ccccc3C)n4c2C(Nc5ccccc45)c6cccc(C)c6,CHEMBL1221531,IC50,5.52
3014516,COc1ccc(Cl)cc1Cn2nc(cc2c3sc(NC(=O)C(C)(C)C)nc3C)C(=O)NCCO,CHEMBL1098233,EC50,5.52
3014527,COc1ccc(cc1)C(=O)NCCNc2nc3cc(C)cc(C)c3cc2C#N,CHEMBL2018575,EC50,5.52
3014538,COc1cccc(c1)C2Nc3ccccc3n4c2c5N(C)C(=O)N(C)C(=O)c5c4c6ccccc6C,CHEMBL1221530,IC50,5.52
3014549,Cc1cc(C)c2cc(C#N)c(NCCCNC(=O)c3cccnc3)nc2c1,CHEMBL2018592,EC50,5.52
3014560,Cc1nc(NC(=O)C(C)(C)C)sc1c2cc(nn2CC=C)C(=O)NCc3ccccc3,CHEMBL1097860,EC50,5.52
3014571,CCC(C)C(=O)Nc1nc2CCCCc3sc(Nc4cc(Cl)ccc4OC)nc3c2s1,CHEMBL3323408,IC50,5.54
3014582,NC(=O)CN1CCN(CC1)c2nc(nc3CCN(Cc4ccccc4)Cc23)c5ccccn5,CHEMBL3747654,EC50,5.55
3014593,OC1CCCN(C1)c2nc(nc3CCN(Cc4ccccc4)Cc23)c5ccccn5,CHEMBL3745884,EC50,5.55
3014604,COc1ccc(nc1)C(=O)NCCNc2nc3cc(C)cc(C)c3cc2C#N,CHEMBL2018583,EC50,5.57
3014615,Cc1cc(C)c2cc(C#N)c(NCCNC(=O)c3cccnc3)nc2c1,CHEMBL2018577,EC50,5.57
3014628,OC(=O)COc1ccc(\C=C\2/SC(=S)N(C2=O)c3cccc(c3)C(F)(F)F)cc1,CHEMBL461941,IC50,5.59
3014639,CN1C(=O)N(C)c2c(C1=O)c(c3cccc(C)c3)n4c2C(Nc5ccccc45)c6ccccc6F,CHEMBL1221484,IC50,5.6
3014650,CN1C(=O)N(C)c2c(C1=O)c(c3ccccc3)n4c2C(Nc5ccccc45)c6ccccc6,CHEMBL1222339,IC50,5.6
3014661,CN1C(=O)N(C)c2c(C1=O)c(c3ccccc3F)n4c2C(Nc5ccccc45)c6cccc(Cl)c6,CHEMBL1221483,IC50,5.6
3014672,COc1ccc(CN2CCc3nc(nc(N4CCN(CC(=O)N)CC4)c3C2)c5ccccn5)cc1,CHEMBL3746321,EC50,5.64
3014684,COc1ccc(Cl)cc1Nc2nc3c(CCCc4nc(NC(=O)C(C)(C)C)sc34)s2,CHEMBL495336,IC50,5.64
3014695,CN(C)c1cccc(Nc2nc3c(CCCc4nc(NC(=O)C(C)(C)C)sc34)s2)c1,CHEMBL3323413,IC50,5.66
3014706,COc1ccc(cc1)S(=O)(=O)N2CCN(CC2)C(C)c3nc(OC4CCCCC4)c5ccccc5n3,CHEMBL1257047,EC50,5.66
3014717,COc1cccc(c1)C(=O)NCCNc2nc3cc(C)cc(C)c3cc2C#N,CHEMBL2018574,EC50,5.66
3014728,CN(C)c1ccc(Cl)cc1Nc2nc3c(CCCCc4nc(NC(=O)C(C)(C)C)sc34)s2,CHEMBL3323415,IC50,5.68
3014739,C[C@]1(O)[C@@H](O)[C@](C)([NH+]=C2N1C=Nc3c2ncn3CC=C)C(=O)[O-],CHEMBL3298813,EC50,5.68
3014751,O=C(N(Cc1ccccc1)Cc2ccccc2)C3=CNc4ccccc4C3=O,CHEMBL3354672,EC50,5.68
3014762,CN1C(=O)N(C)c2c(C1=O)c(c3cccc(C)c3)n4c2C(Nc5ccccc45)c6cccc(c6F)[N+](=O)[O-],CHEMBL1221481,IC50,5.7
3014773,CN1C(=O)N(C)c2c(C1=O)c(c3ccccc3)n4c2C(Nc5ccccc45)c6ccccc6F,CHEMBL1222338,IC50,5.7
3014784,CN1C(=O)N(C)c2c(C1=O)c(c3ccccc3C)n4c5ccccc5NC(c6cccc(c6)[N+](=O)[O-])c24,CHEMBL1221482,IC50,5.7
3014795,COc1cccc(c1)C2Nc3ccccc3n4c2c5N(C)C(=O)N(C)C(=O)c5c4c6ccccc6F,CHEMBL1222406,IC50,5.7
3014806,CC(=O)NC1CCN(CC1)c2nc(nc3CCN(Cc4ccc(Cl)cc4)Cc23)c5ccccn5,CHEMBL3745838,EC50,5.72
3014817,CCc1ccc(NC(=O)C2=CNc3ccccc3C2=O)cc1N,CHEMBL3357129,EC50,5.77
3014828,CN1C(=O)N(C)c2c(C1=O)c(c3cccc(C)c3)n4c2C(Nc5ccccc45)c6ccc(O)cc6,CHEMBL1222404,IC50,5.77
3014839,COc1cccc(c1)C2Nc3ccccc3n4c2c5N(C)C(=O)N(C)C(=O)c5c4c6cccc(C)c6,CHEMBL1222405,IC50,5.77
3014850,COc1cccc(c1)C2Nc3ccccc3n4c2c5N(C)C(=O)N(C)C(=O)c5c4c6ccccc6,CHEMBL1222337,IC50,5.77
3014861,COc1ccc(Cl)cc1Nc2nc(c3sc(NC(=O)C(C)(C)C)nc3C)c(s2)n4cc(CO)nn4,CHEMBL2069648,EC50,5.8
3014872,CCc1cccc(CC)c1NC(=O)C2=CNc3ccccc3C2=O,CHEMBL3356629,EC50,5.82
3014883,CN(C)CCN1CCN(CC1)c2nc(nc3CCN(Cc4ccccc4)Cc23)c5ccccn5,CHEMBL3747046,EC50,5.82
3014894,CN1C(=O)N(C)c2c(C1=O)c(c3ccccc3)n4c2C(Nc5cc(C)c(C)cc45)c6ccc(O)cc6,CHEMBL1222278,IC50,5.82
3014905,CN1C(=O)N(C)c2c(C1=O)c(c3ccccc3F)n4c2C(Nc5cc(C)c(C)cc45)c6oc(C)cc6,CHEMBL1222276,IC50,5.82
3014916,COc1ccc(cc1OC)C(=O)NCCNc2nc3cc(C)cc(C)c3cc2C#N,CHEMBL2018581,EC50,5.82
3014927,Cc1nc(NC(=O)C(C)(C)C)sc1c2nc(N)sc2n3cc(nn3)c4ccccc4,CHEMBL2069570,EC50,5.82
3014938,OC(=O)c1ccc(\C=C\2/SC(=S)N(C2=O)c3ccc(F)c(c3)C(F)(F)F)cc1,CHEMBL460075,IC50,5.82
3017237,OC(=O)c1cccc(\C=C\2/SC(=S)N(C2=O)c3cccc(c3)C(F)(F)F)c1,CHEMBL461759,IC50,5.82
3017248,CN(C)c1ccc(Cl)c(Nc2nc(cs2)c3sc(NC(=O)c4ccc([19F])cc4)nc3C)c1,CHEMBL1949981,EC50,5.85
3017259,COc1ccc(Cl)cc1Nc2nc(cs2)c3sc(NC(=O)c4ccc([19F])cc4)nc3C,CHEMBL1949982,EC50,5.85
3017270,NC(=O)C1CCN(CC1)c2nc(nc3CCN(Cc4ccccc4)Cc23)c5ccccn5,CHEMBL3746059,EC50,5.85
3017281,OC(=O)c1cc(\C=C\2/SC(=S)N(C2=O)c3cccc(c3)C(F)(F)F)ccc1O,CHEMBL461375,IC50,5.85
3017292,OC(=O)c1ccc(\C=C\2/SC(=O)N(C2=O)c3cccc(c3)C(F)(F)F)cc1,CHEMBL488824,IC50,5.85
3017303,O=C(Nc1ccccc1)C2=CNc3ccccc3C2=O,CHEMBL3356626,EC50,5.89
3017314,CN1C(=O)N(C)c2c(C1=O)c(c3ccccc3)n4c2C(Nc5ccccc45)c6cccc(F)c6F,CHEMBL1222277,IC50,5.92
3017325,CN1C(=O)N(C)c2c(C1=O)c(c3ccccc3)n4c2C(Nc5ccccc45)c6cccc(c6)[N+](=O)[O-],CHEMBL1080548,IC50,5.92
3017336,CCCCCCC(=O)Nc1nc(C)c(s1)c2csc(Nc3cc(OC)ccc3OC)n2,CHEMBL260774,Kd,5.96
3017347,COc1ccc(OC)c(Nc2nc(cs2)c3sc(NC(=O)c4ccc(Cl)cc4)nc3C)c1,CHEMBL262886,Kd,5.96
3017358,COc1ccccc1Nc2nc(cs2)c3sc(NC(=O)C(C)(C)C)nc3C,CHEMBL411307,Kd,5.96
3017369,Cc1ccc(Nc2nc(cs2)c3sc(NC(=O)c4ccc(Cl)cc4)nc3C)cc1,CHEMBL262629,Kd,5.96
3017380,Cc1nc(NC(=O)c2ccc(Cl)cc2)sc1c3csc(Nc4ccc(Cl)cc4)n3,CHEMBL258750,Kd,5.96
3017391,COc1ccc(Cl)cc1Cn2nc(cc2c3sc(NC(=O)C(C)(C)C)nc3C)C(=O)N4CCOCC4,CHEMBL1096523,EC50,6.0
3017402,COc1ccc(NC(=O)c2cc(c3sc(NC(=O)C(C)(C)C)nc3C)n(Cc4cc(Cl)ccc4OC)n2)cc1,CHEMBL1098499,EC50,6.0
3017413,COc1ccc(NC(=O)c2cc(c3sc(NC(=O)C(C)(C)C)nc3C)n(CC=C)n2)cc1,CHEMBL1098779,EC50,6.03
3017424,CN(C)CCN1CCN(CC1)c2nc(nc3CCN(CC4CCCCC4)Cc23)c5ccccn5,CHEMBL3747604,EC50,6.05
3017435,COc1ccc(cc1Nc2nc3c(CCCCc4nc(NC(=O)C(C)(C)C)sc34)s2)[N+](=O)[O-],CHEMBL3323418,IC50,6.05
3017447,COc1ccc(Cl)cc1Nc2nc(cs2)c3sc(NC(=O)C(C)(C)C)nc3C,CHEMBL262627,EC50,6.06
3017458,CCOc1ccccc1Nc2nc(cs2)c3sc(NC(=O)C(C)(C)C)nc3C,CHEMBL258749,Kd,6.1
3017469,CCc1ccc(NC(=O)C2=CNc3ccccc3C2=O)cc1,CHEMBL3356631,EC50,6.1
3017480,CN1C(=O)N(C)c2c(C1=O)c(c3ccccc3)n4c2C(Nc5cc(C)c(C)cc45)c6oc(C)cc6,CHEMBL1081471,IC50,6.1
3017492,CN1C(=O)N(C)c2c(C1=O)c(c3ccccc3)n4c2C(Nc5ccccc45)c6oc(C)cc6,CHEMBL1087004,IC50,6.1
3017503,CN1C(=O)N(C)c2c(C1=O)c(c3ccccc3C)n4c2C(Nc5ccccc45)c6oc(C)cc6,CHEMBL1222176,IC50,6.1
3017514,Cc1nc(NC(=O)c2ccc(cc2)[N+](=O)[O-])sc1c3csc(Nc4ccc(Cl)cc4)n3,CHEMBL258536,Kd,6.1
3017525,O=C(Nc1ccc2ccccc2c1)C3=CNc4ccccc4C3=O,CHEMBL3356633,EC50,6.1
3017536,FC(F)(F)c1cccc(c1)N2C(=S)S\C(=C/c3ccc(cc3)c4nn[nH]n4)\C2=O,CHEMBL461940,IC50,6.12
3017547,COc1ccc(Cl)cc1Nc2oc(cn2)c3sc(NC(=O)C(C)(C)C)nc3C,CHEMBL3358691,EC50,6.13
3017558,Cc1nc(NC(=O)C(C)(C)C)sc1c2cc(nn2Cc3ccccc3)C(=O)NCc4ccccc4,CHEMBL1097861,EC50,6.13
3017569,CN1C(=O)N(C)c2c(C1=O)c(c3cccc(C)c3)n4c2C(Nc5ccccc45)c6oc(C)cc6,CHEMBL1222175,IC50,6.16
3017580,COc1ccc(Cl)cc1Nc2oc(nn2)c3csc(NC(=O)C(C)(C)C)n3,CHEMBL3358692,EC50,6.18
3017591,COc1ccc(Cl)cc1Nc2nc(cs2)c3oc(NC(=O)C(C)(C)C)nn3,CHEMBL3358694,EC50,6.23
2364188,Fc1ccc(CN2CCc3nc(nc(NCCN4CCCC4)c3C2)c5ccccn5)cc1,CHEMBL3747159,EC50,6.3
3017604,CC(=O)NCCNc1nc(nc2CCN(Cc3ccc(F)cc3)Cc12)c4ccccn4,CHEMBL3745927,EC50,6.4
3017615,CCCc1ccc(NC(=O)C2=CNc3ccccc3C2=O)cc1N,CHEMBL3357131,EC50,6.4
3017626,COc1ccc(CN2CCc3nc(nc(N4CCN(CCO)CC4)c3C2)c5ccccn5)cc1,CHEMBL3746769,EC50,6.4
3017637,O=C(Nc1ccc2CCNc2c1)C3=CNc4ccccc4C3=O,CHEMBL3356635,EC50,6.4
3017649,OC(=O)c1ccc(\C=C\2/SC(=S)N(C2=O)c3cccc(c3)C(F)(F)F)cc1,CHEMBL461939,IC50,6.42
3017660,CC(C)c1ccc(CN2CCc3nc(nc(N4CCN(CCN(C)C)CC4)c3C2)c5ccccn5)cc1,CHEMBL3747771,EC50,6.52
3017671,CC(C)c1ccc(NC(=O)C2=CNc3ccccc3C2=O)cc1N,CHEMBL3357130,EC50,6.52
3017682,CCN(C1CCN(C1)c2nc(nc3CCN(Cc4ccc(OC)cc4)Cc23)c5ccccn5)C(=O)C,CHEMBL3746126,EC50,6.52
3017696,CC(C)c1ccc(NC(=O)C2=CNc3ccccc3C2=O)cc1,CHEMBL3356632,EC50,6.7
3017707,CC(C)c1ccccc1NC(=O)C2=CNc3ccccc3C2=O,CHEMBL3356630,EC50,6.7
3017718,CCc1ccccc1NC(=O)C2=CNc3ccccc3C2=O,CHEMBL3356627,EC50,6.7
3017729,CN(C)CCN1CCN(CC1)c2nc(nc3CCN(Cc4ccsc4)Cc23)c5ccccn5,CHEMBL3746133,EC50,6.7
3017740,COc1ccc(CN2CCc3nc(nc(NCCCn4ccnc4)c3C2)c5ccccn5)cc1,CHEMBL3746547,EC50,6.7
3017751,CCCCc1c([nH]c2nccnc12)c3ccc(O)cc3,CHEMBL75680,EC50,6.82
3017762,COc1ccc(Cl)cc1Nc2nc(c3sc(NC(=O)C(C)(C)C)nc3C)c(s2)n4cc(nn4)c5ccccc5,CHEMBL2069572,EC50,6.85
3017773,CC(C)(C)c1ccc(NC(=O)C2=CNc3ccccc3C2=O)cc1,CHEMBL3357139,EC50,7.0
3017784,CC(C)(C)c1ccc(NC(=O)C2=CNc3ccccc3C2=O)cc1CO,CHEMBL3357136,EC50,7.0
3017795,CC(C)(C)c1ccc(NC(=O)C2=CNc3ccccc3C2=O)cc1F,CHEMBL3357140,EC50,7.0
3017806,CC(C)(C)c1ccc(NC(=O)C2=CNc3ccccc3C2=O)cc1N,CHEMBL3357132,EC50,7.0
3017817,CCc1c[nH]c2cc(NC(=O)C3=CNc4ccccc4C3=O)ccc12,CHEMBL3356645,EC50,7.0
3017828,CN1C(=O)N(C)c2c(C1=O)c(c3ccccc3)n4c2C(Nc5ccccc45)c6oc(I)cc6,CHEMBL1831059,IC50,7.0
3017840,O=C(Nc1ccc2cc[nH]c2c1)C3=CNc4ccccc4C3=O,CHEMBL3354673,EC50,7.0
3017851,CC(C)(C)c1cc2cc[nH]c2cc1NC(=O)C3=CNc4ccccc4C3=O,CHEMBL3357126,EC50,7.01
3017862,CN1C(=O)N(C)c2c(C1=O)c(c3ccccc3)n4c2C(Oc5ccccc45)c6oc(Br)cc6,CHEMBL1831064,IC50,7.05
3017873,CN1C(=O)N(C)c2c(C1=O)c(c3ccccc3)n4c2C(Nc5ccccc45)c6oc(Br)cc6,CHEMBL1831058,IC50,7.3
3017884,CC(C)(C)c1cc(F)c(NC(=O)C2=CNc3ccccc3C2=O)cc1O,CHEMBL3357142,EC50,7.35
3017895,CC(C)(C)c1c[nH]c2cc(NC(=O)C3=CNc4ccccc4C3=O)ccc12,CHEMBL3356646,EC50,7.38
3017906,CCOC(=O)c1ccc2OC(c3oc(Br)cc3)c4c5N(C)C(=O)N(C)C(=O)c5c(c6ccccc6)n4c2c1,CHEMBL1831073,IC50,7.6
3017917,CN1C(=O)N(C)c2c(C1=O)c(c3ccccc3)n4c2C(Oc5ccc(cc45)[N+](=O)[O-])c6oc(Br)cc6,CHEMBL1831069,IC50,7.6
3017928,CN1C(=O)N(C)c2c(C1=O)c(c3ccccc3)n4c2C(Oc5ccc(cc45)[N+](=O)[O-])c6oc(C)cc6,CHEMBL1831070,IC50,7.6
3017939,CC(C)(C)c1cc(c(NC(=O)C2=CNc3ccccc3C2=O)cc1O)C(F)(F)F,CHEMBL3357143,EC50,7.66
3017950,CCc1cc2cc[nH]c2cc1NC(=O)C3=CNc4ccccc4C3=O,CHEMBL3357125,EC50,7.7
3017961,Cc1nc2c3ccccc3cc[n+]2c(C)c1[O-],CHEMBL1779950,IC50,7.8
3017972,C[C@@]1(O)[C@@H](O)[C@](C)([NH+]=C2N1C=Cc3ccccc23)C(=O)[O-],CHEMBL1779954,IC50,7.82
3017983,C[C@@]1(O)[C@H](O)[C@](C)([NH+]=C2N1C=Cc3ccccc23)C(=O)[O-],CHEMBL1779953,IC50,7.82
3017994,CN1C(=O)N(C)c2c(C1=O)c(c3ccccc3)n4c2C(Oc5ccc(cc45)C(=O)O)c6oc(Br)cc6,CHEMBL1831075,IC50,8.1
3018005,CC(C)(C)c1ccc(NC(=O)C2=CNc3ccccc3C2=O)cc1O,CHEMBL3357141,EC50,8.3
3018016,Cc1nc2cccc[n+]2c(C)c1[O-],CHEMBL1779949,IC50,8.3
3018027,CC(C)N.CN1C(=O)N(C)c2c(C1=O)c(c3ccccc3)n4c5cc(ccc5O[C@@H](c6oc(Br)cc6)c24)C(=O)O,CHEMBL2386374,IC50,8.4
