id,smiles,name,assay_type,activity_value
2784298,C[N+](C)(C)CCCCCCCCCC[N+](C)(C)C,decamethonium,N/A,N/A
2784308,C[N+](C)(C)CCOC(=O)CCC(=O)OCC[N+](C)(C)C,suxamethonium,N/A,N/A
2784318,[H]C1(CC2=CC(OC)=C(OC)C(OC)=C2)C2=C(OC)C(OC)=C(OC)C=C2CC[N+]1(C)CCCOC(=O)CCC(=O)OCCC[N+]1(C)CCC2=CC(OC)=C(OC)C(OC)=C2C1([H])CC1=CC(OC)=C(OC)C(OC)=C1,doxacurium,N/A,N/A
2784328,[H][C@@]12C[C@@H]([C@H](OC(C)=O)[C@@]1(C)CC[C@@]1([H])[C@@]2([H])CC[C@@]2([H])C[C@H](OC(C)=O)[C@H](C[C@]12C)N1CCCCC1)[N+]1(C)CCCCC1,vecuronium,IC50,7.8239
2784339,[H][C@]12CC3=CC=C(OC4=C5C(CC[N+](C)(C)[C@]5([H])CC5=CC=C(O)C(OC6=CC1=C(CCN2C)C=C6OC)=C5)=CC(OC)=C4O)C=C3,tubocurarine,IC50,7.6198
2784350,[H][C@@]12C[C@@H]([C@H](OC(C)=O)[C@@]1(C)CC[C@@]1([H])[C@@]2([H])CC[C@@]2([H])C[C@H](O)[C@H](C[C@]12C)N1CCOCC1)[N+]1(CC=C)CCCC1,rocuronium,IC50,7.7696
2784360,[H][C@@]12C[C@@H]([C@H](OC(C)=O)[C@@]1(C)CC[C@@]1([H])[C@@]2([H])CC[C@@]2([H])C[C@H](OC(C)=O)[C@H](C[C@]12C)N1CC[N+](C)(C)CC1)N1CC[N+](C)(C)CC1,pipecuronium,N/A,N/A
2784369,[H][C@@]12C[C@@H]([C@H](OC(C)=O)[C@@]1(C)CC[C@@]1([H])[C@@]2([H])CC[C@@]2([H])C[C@H](OC(C)=O)[C@H](C[C@]12C)[N+]1(C)CCCCC1)[N+]1(C)CCCCC1,pancuronium,IC50,8.2007
2784379,COC1=CC(C[C@@H]2C3=CC(OC)=C(OC)C=C3CC[N+]2(C)CCCOC(=O)CC\C=C\CCC(=O)OCCC[N+]2(C)CCC3=CC(OC)=C(OC)C=C3[C@H]2CC2=CC(OC)=C(OC)C(OC)=C2)=CC(OC)=C1OC,mivacurium,N/A,N/A
2784388,[H][C@]12CC3=CC=C(OC4=C5C(CC[N+](C)(C)[C@]5([H])CC5=CC=C(OC)C(OC6=CC1=C(CC[N+]2(C)C)C=C6OC)=C5)=CC(OC)=C4OC)C=C3,dimethyltubocurarinium,IC50,7.7447
2784398,COC1=C(OC)C=C(C[C@@H]2C3=CC(OC)=C(OC)C=C3CC[N@+]2(C)CCC(=O)OCCCCCOC(=O)CC[N@@+]2(C)CCC3=CC(OC)=C(OC)C=C3[C@H]2CC2=CC(OC)=C(OC)C=C2)C=C1,cisatracurium,IC50,8.0
2784408,COC1=C(OC)C=C(CC2C3=CC(OC)=C(OC)C=C3CC[N+]2(C)CCC(=O)OCCCCCOC(=O)CC[N+]2(C)CCC3=CC(OC)=C(OC)C=C3C2CC2=CC(OC)=C(OC)C=C2)C=C1,atracurium,IC50,7.7696
2784419,[H][C@@]12C[C@@H]([C@H](OC(=O)CC)[C@@]1(C)CC[C@@]1([H])[C@@]2([H])CC[C@@]2([H])C[C@H](OC(C)=O)[C@H](C[C@]12C)N1CCCCC1)[N+]1(CC=C)CCCCC1,rapacuronium,N/A,N/A
2891760,Clc1ccc(CN2C=CSC2=N)cn1,CHEMBL72675,IC50,5.1
2891771,C1C[C@@H]2CC[C@@H](N2)C(=C1)c3onc(c3)c4ccccc4,CHEMBL1823382,IC50,5.11
2891782,Clc1ccc(CN2CCSC2=N)cn1,CHEMBL71046,IC50,5.22
2891793,CC(C)c1cc(on1)C2=CCC[C@@H]3CC[C@H]2N3,CHEMBL1823381,IC50,5.26
2891804,CCc1cc(on1)C2=CCC[C@@H]3CC[C@H]2N3,CHEMBL1823380,IC50,5.38
2891815,Clc1cncc(c1)N2CCCNCC2,CHEMBL3341967,Ki,6.03
2891829,Clc1ccc(cn1)C2CC3CCC2N3,CHEMBL6623,IC50,6.8
