id,smiles,name,assay_type,activity_value
1153308,[H][C@]12C[C@]([H])(CNC1)C1=C2C=C2N=CC=NC2=C1,varenicline,Ki,9.3979
1153320,CN1CCC[C@H]1C1=CC=CN=C1,nicotine,Ki,8.56
8824251,CC(CCCC(=O)N(C)C)N(C)C,CHEMBL445169,Ki,5.0
8824262,CC(CCOC(=O)N(C)c1ccc(cc1)C#N)N(C)C,CHEMBL466398,Ki,5.0
8824273,CC(CCOC(=O)N(C)c1ccccc1)N(C)C,CHEMBL479623,Ki,5.0
6199719,CC(CCOC(=O)NCCO)N(C)C,CHEMBL501227,Ki,5.09
6199642,CC(CCOC(=S)N(C)C)N(C)C,CHEMBL468903,Ki,5.16
8824288,CN(C)C(CCOC(=O)N(C)C)c1ccccc1,CHEMBL479429,Ki,5.18
8824299,CNC(=O)\C=C\CC(C)N(C)C,CHEMBL503940,Ki,5.18
8824310,CN(C)C(CCOC(=O)N(C)C)C1CC1,CHEMBL480799,Ki,5.19
8824321,C1CCC(CC1)c2cc(on2)c3cnn(c3)C4CCNCC4,CHEMBL491846,EC50,5.34
8824332,CC(CCOC(=O)N(C)CCO)N(C)C,CHEMBL479622,Ki,5.4
8824343,CC(CCOC(=O)N(C)c1ccc(Cl)cc1)N(C)C,CHEMBL499575,Ki,5.4
8824354,CN(C)C(CO)CCOC(=O)N(C)C,CHEMBL480798,Ki,5.4
8824365,CN(C)C(CCOC(=O)N(C)C)c1ccsc1,CHEMBL479015,Ki,5.5
6199631,CC(C\C=C\C(=O)N(C)C)N(C)C,CHEMBL468697,Ki,5.6
6199697,CC(CCOC(=O)N)N(C)C,CHEMBL449334,Ki,5.68
8824380,CC(CCOC(=O)NCCCc1ccccc1)N(C)C,CHEMBL448084,Ki,5.8
8824391,CC(CCSC(=O)N(C)C)N(C)C,CHEMBL480797,Ki,5.8
6199653,CCCNC(=O)OCCC(C)N(C)C,CHEMBL466399,Ki,5.8
8824404,Cc1cc(on1)c2cnn(c2)C3CCNCC3,CHEMBL509878,EC50,5.89
8824415,Cc1c(cnn1C2CCNCC2)c3onc(c3)c4ccccc4,CHEMBL498187,EC50,5.92
8824426,CCNC(=O)OCCC(C)N(C)C,CHEMBL451633,Ki,6.1
8824437,Cc1ncc(cc1Cl)N2CCNCC2,CHEMBL210598,IC50,6.28
3907541,C(N1C2CCC1CC(C2)OC3c4ccccc4CCc5ccccc35)c6ccccc6,CHEMBL491861,IC50,6.34
6199741,CC(CCOC(=O)N(C)Cc1ccccc1)N(C)C,CHEMBL500318,Ki,6.38
8824452,Clc1cccc(Cl)c1c2cc(on2)c3cnn(c3)C4CCNCC4,CHEMBL490819,EC50,6.39
8824463,CN(Cc1onc(c1)c2ccccc2Cl)C(=O)C3CCNCC3,CHEMBL497990,EC50,6.46
8824474,Clc1cncc(c1)N2CCNCC2,CHEMBL68563,IC50,6.51
8824485,Fc1ccc(Cl)c(c1)c2cc(on2)c3cnn(c3)C4CCNCC4,CHEMBL497163,EC50,6.57
8824496,Clc1cncc(OC2CCCNC2)c1,CHEMBL208754,IC50,6.62
8824507,Clc1ncc(cc1Br)N2CCNCC2,CHEMBL377443,IC50,6.64
8824518,Fc1cccc(c1Cl)c2cc(on2)c3cnn(c3)C4CCNCC4,CHEMBL483462,EC50,6.64
8824529,Fc1ccc(c(Cl)c1)c2cc(on2)c3cnn(c3)C4CCNCC4,CHEMBL522077,EC50,6.66
8824539,O=C(N1CC2CNCC2C1)c3cocc3,CHEMBL2179559,Ki,6.66
8824548,CC(=O)Nc1oc(cc1)C(=O)N2CC3CNCC(C3)C2,CHEMBL3676971,Ki,6.68
3907410,C[N+]1(C)C2CCC1CC(C2)OC3c4ccccc4CCc5ccccc35,CHEMBL490843,IC50,6.68
8824560,Clc1cnccc1c2cc(on2)c3cnn(c3)C4CCNCC4,CHEMBL483665,EC50,6.7
8824571,C1CNCC(C1)Oc2cccnc2,CHEMBL9965,IC50,6.72
8824582,C=COc1cncc(c1)N2CCNCC2,CHEMBL208765,IC50,6.72
8824593,Brc1ccc(cn1)N2CCNCC2,CHEMBL209824,IC50,6.74
8824604,COc1cc(cnc1Br)N2CCNCC2,CHEMBL382985,IC50,6.74
8824614,COc1cc(on1)C(=O)N2CC3CNCC(C3)C2,CHEMBL3676969,Ki,6.75
8824624,CCSc1ccc(cn1)N2CCCNCC2,CHEMBL71068,IC50,6.77
8824635,COc1ccc(cn1)N2CCCNCC2,CHEMBL71067,IC50,6.77
8824645,O=C(N1CC2CNCC2C1)c3ccncc3,CHEMBL2179971,Ki,6.8
8824655,Clc1sccc1c2cc(on2)c3cnn(c3)C4CCNCC4,CHEMBL523966,EC50,6.89
8824665,FC(F)c1occ(c1)C(=O)N2CC3CNCC3C2,CHEMBL3676968,Ki,6.89
8824675,Clc1ccccc1c2cc(on2)c3cnn(c3)C4CCNCC4,CHEMBL526090,EC50,6.92
8824686,C1CC(CN1)Oc2cccnc2,CHEMBL273218,IC50,7.0
8824696,COc1ccoc1C(=O)N2CC3CNCC3C2,CHEMBL3676955,Ki,7.0
8824705,Cc1onc(c1)C(=O)N2CC3CNCC(C3)C2,CHEMBL3676972,Ki,7.02
8824714,O=C(N1CC2CNCC2C1)c3occ(c3)c4cocc4,CHEMBL3676949,Ki,7.02
8824723,O=C(N1CC2CNCC2C1)c3ccon3,CHEMBL3676964,Ki,7.05
8824732,O=C(N1CC2CNCC(C2)C1)c3occn3,CHEMBL3676988,Ki,7.07
8824741,O=C(N1CC2CNCC2C1)c3occ(c3)c4ccccc4,CHEMBL3676948,Ki,7.07
8824750,Cc1onc(c1)C(=O)N2CC3CNCC3C2,CHEMBL3676950,Ki,7.08
8824759,O=C(N1CC2CNCC(C2)C1)c3cc(on3)C4CC4,CHEMBL3676976,Ki,7.08
8824768,Brc1oc(cc1)C(=O)N2CC3CNCC3C2,CHEMBL2179532,Ki,7.14
8824777,O=C(N1CC2CNCC2C1)c3oncc3,CHEMBL2179956,Ki,7.16
8824786,Cc1ncoc1C(=O)N2CC3CNCC(C3)C2,CHEMBL3676973,Ki,7.19
8824795,O=CNc1oc(cc1)C(=O)N2CC3CNCC3C2,CHEMBL3676954,Ki,7.2
8824804,Cc1oc(C(=O)N2CC3CNCC(C3)C2)c(F)c1,CHEMBL3676987,Ki,7.21
8824813,Nc1coc(c1)C(=O)N2CC3CNCC(C3)C2,CHEMBL3676977,Ki,7.21
8824822,Fc1ccoc1C(=O)N2CC3CNCC(C3)C2,CHEMBL2179542,Ki,7.24
3906853,Cc1ccoc1C(=O)N2CC3CNCC3C2,CHEMBL2179539,Ki,7.27
2302927,CN1CCC(CC1)S(=O)(=O)c2ccc3nc(NC(=O)NC(=O)c4cc(ccc4Cl)N5CCOCC5)sc3c2,CHEMBL3319405,Ki,7.28
8824834,Brc1oc(cc1)C(=O)N2CC3CNCC(C3)C2,CHEMBL2179546,Ki,7.29
8824843,C=Cc1ccoc1C(=O)N2CC3CNCC3C2,CHEMBL3676960,Ki,7.29
8824853,Fc1cccc(Cl)c1c2cc(on2)c3cnn(c3)C4CCNCC4,CHEMBL522076,EC50,7.32
8824863,O=C(N1CC2CNCC2C1)c3oc(cc3)C#C,CHEMBL3676965,Ki,7.32
8824872,Cc1cc(on1)C(=O)N2CC3CNCC(C3)C2,CHEMBL3676975,Ki,7.33
8824881,O=C(N1CC2CNCC(C2)C1)c3oc(cc3)C#C,CHEMBL3676985,Ki,7.33
8824890,Cc1oc(C(=O)N2CC3CNCC3C2)c(c1)C(F)(F)F,CHEMBL3676956,Ki,7.35
8824899,Brc1cc(on1)C(=O)N2CC3CNCC3C2,CHEMBL3676945,Ki,7.36
8824908,O=C(N1CC2CNCC2C1)c3oc(cc3)C#Cc4ccccc4,CHEMBL3676944,Ki,7.37
8824917,Cc1oc(cc1)C(=O)N2CC3CNCC(C3)C2,CHEMBL2179552,Ki,7.38
8824926,COc1coc(C(=O)N2CC3CNCC3C2)c1OC,CHEMBL3676946,Ki,7.4
8824935,O=C(N1CC2CNCC2C1)c3oc(cc3)[N+]#[C-],CHEMBL3676966,Ki,7.4
8824944,FC(F)(F)c1coc(c1)C(=O)N2CC3CNCC3C2,CHEMBL3676957,Ki,7.44
8824953,O=C(N1CC2CNCC(C2)C1)c3occ(c3)c4cocc4,CHEMBL3676979,Ki,7.46
8824963,Cn1c(cnc1C2(F)CCNCC2)c3onc(c3)c4c(F)cccc4Cl,CHEMBL490430,EC50,7.47
8824974,Clc1ccccc1c2cc(on2)c3cnc(s3)C4CCNCC4,CHEMBL522640,EC50,7.48
3906495,O=C(N1CC2CNCC2C1)c3occc3,CHEMBL2179966,Ki,7.48
8824985,Cc1cc(on1)C(=O)N2CC3CNCC3C2,CHEMBL3676952,Ki,7.51
8824994,Cc1oncc1C(=O)N2CC3CNCC(C3)C2,CHEMBL3676990,Ki,7.51
8825003,O=C(N1CC2CNCC(C2)C1)c3occc3C#N,CHEMBL2179551,Ki,7.51
8825012,[O-][N+](=O)c1oc(cc1)C(=O)N2CC3CNCC3C2,CHEMBL3676942,Ki,7.51
8825021,O=C(N1CC2CNCC(C2)C1)c3oncc3,CHEMBL3676991,Ki,7.52
8825030,Cc1occc1C(=O)N2CC3CNCC3C2,CHEMBL3676953,Ki,7.54
8825039,Clc1ccoc1C(=O)N2CC3CNCC(C3)C2,CHEMBL2179545,Ki,7.54
8825048,COc1ccoc1C(=O)N2CC3CNCC(C3)C2,CHEMBL3676983,Ki,7.55
3906180,Cc1oc(cc1)C(=O)N2CC3CNCC3C2,CHEMBL2179538,Ki,7.55
3906416,Clc1oc(cc1)C(=O)N2CC3CNCC3C2,CHEMBL2179529,Ki,7.55
8825059,Nc1coc(c1)C(=O)N2CC3CNCC3C2,CHEMBL3676958,Ki,7.55
8825068,Fc1ccoc1C(=O)N2CC3CNCC3C2,CHEMBL2179528,Ki,7.57
8825077,O=C(N1CC2CNCC(C2)C1)c3ocnc3,CHEMBL3676984,Ki,7.59
8825086,Fc1cc(F)cc(c1)c2coc(c2)C(=O)N3CC4CNCC4C3,CHEMBL3676947,Ki,7.62
8825095,Fc1cc(F)cc(c1)c2coc(c2)C(=O)N3CC4CNCC(C4)C3,CHEMBL3676978,Ki,7.64
8825104,O=C(N1CC2CNCC(C2)C1)c3occ(c3)[N+]#[C-],CHEMBL3676989,Ki,7.64
8825113,Cc1oc(cc1Br)C(=O)N2CC3CNCC3C2,CHEMBL3676959,Ki,7.66
8825123,Oc1cc(cnc1I)N2CCCNCC2,CHEMBL208814,IC50,7.66
8826603,CCCCC#Cc1coc(c1)C(=O)N2CC3CNCC3C2,CHEMBL3676961,Ki,7.68
8826612,Cc1nocc1C(=O)N2CC3CNCC(C3)C2,CHEMBL3676974,Ki,7.68
8826621,Fc1coc(c1)C(=O)N2CC3CNCC3C2,CHEMBL2179527,Ki,7.68
8826631,NC(=O)c1cncc(c1)N2CCCNCC2,CHEMBL70737,IC50,7.7
8826641,COc1cc(on1)C(=O)N2CC3CNCC3C2,CHEMBL3676943,Ki,7.72
8826650,Brc1cc(on1)C(=O)N2CC3CNCC(C3)C2,CHEMBL3676970,Ki,7.75
3906663,Brc1coc(c1)C(=O)N2CC3CNCC3C2,CHEMBL2179533,Ki,7.75
8826661,Cc1c(cnn1C2CCNCC2)c3onc(c3)c4ccccc4Cl,CHEMBL504947,EC50,7.75
8826671,O=C(N1CC2CNCC(C2)C1)c3ccncc3,CHEMBL2179524,Ki,7.75
7519624,Brc1ccoc1C(=O)N2CC3CNCC(C3)C2,CHEMBL2179548,Ki,7.77
3907784,Fc1oc(cc1)C(=O)N2CC3CNCC3C2,CHEMBL2179526,Ki,7.8
8826682,Cc1nocc1C(=O)N2CC3CNCC3C2,CHEMBL3676951,Ki,7.85
8826691,Cc1oc(C(=O)N2CC3CNCC3C2)c(F)c1,CHEMBL3676967,Ki,7.85
8826700,Fc1coc(c1)C(=O)N2CC3CNCC(C3)C2,CHEMBL2179541,Ki,7.85
8826709,O=C(N1CC2CNCC2C1)c3occc3[N+]#[C-],CHEMBL3676963,Ki,7.85
8826719,CNC(=O)OCCC(C)N(C)C,CHEMBL466400,Ki,7.89
8826730,Cn1c(cnc1C2CCNCC2)c3onc(c3)c4c(F)cccc4Cl,CHEMBL491847,EC50,7.92
8826740,O=C(N1CC2CNCC(C2)C1)c3ccon3,CHEMBL3676981,Ki,8.0
3906191,O=C(N1CC2CNCC(C2)C1)c3occc3,CHEMBL2179967,Ki,8.0
8826750,Clc1coc(c1)C(=O)N2CC3CNCC3C2,CHEMBL2179530,Ki,8.01
3906484,Cc1ncoc1C(=O)N2CC3CNCC3C2,CHEMBL2179516,Ki,8.04
8826760,O=C(N1CC2CNCC(C2)C1)c3oc(cc3)[N+]#[C-],CHEMBL3676986,Ki,8.06
8826770,Clc1ccc(cn1)[C@H]2C[C@H]3CC[C@H]2N3,CHEMBL513692,Ki,8.12
8826780,Clc1oc(cc1)C(=O)N2CC3CNCC(C3)C2,CHEMBL2179543,Ki,8.14
8826790,C1CC2NC1CC(=C2)c3cccnc3,CHEMBL62765,IC50,8.17
8826801,C1CNCCN(C1)c2cnc3ccccc3c2,CHEMBL500726,IC50,8.18
8826812,Cc1c(cnn1C2CCNCC2)c3onc(c3)c4c(F)cccc4Cl,CHEMBL497162,EC50,8.22
8826822,Cc1oc(cc1Br)C(=O)N2CC3CNCC(C3)C2,CHEMBL3676982,Ki,8.28
8826831,Clc1coc(c1)C(=O)N2CC3CNCC(C3)C2,CHEMBL2179544,Ki,8.28
8826841,C=COc1cncc(c1)N2CCCNCC2,CHEMBL71228,IC50,8.3
8826851,Brc1oc(cc1Br)C(=O)N2CC3CNCC3C2,CHEMBL3676962,Ki,8.31
3906652,Fc1oc(cc1)C(=O)N2CC3CNCC(C3)C2,CHEMBL2179540,Ki,8.34
8826862,C1CC2CC(=CC(C1)N2)c3cccnc3,CHEMBL72284,IC50,8.35
8826873,CCn1c(cnc1C2(F)CCNCC2)c3onc(c3)c4c(F)cccc4Cl,CHEMBL497370,EC50,8.52
8826884,CCn1c(cnc1C2CCNCC2)c3onc(c3)c4c(F)cccc4Cl,CHEMBL522610,EC50,8.52
8826895,COc1cncc(c1)C2=CC3CCCC(C2)N3,CHEMBL72605,IC50,8.52
8826906,Brc1cncc(c1)N2CCCNCCC2,CHEMBL425781,IC50,8.55
8826917,COCCOc1cncc(c1)N2CCCNCC2,CHEMBL72320,IC50,8.62
3907194,Clc1ccoc1C(=O)N2CC3CNCC3C2,CHEMBL2179531,Ki,8.62
8826929,Oc1cncc(c1)N2CCCNCC2,CHEMBL72262,IC50,8.62
8826940,Clc1cncc(c1)N2CCCNCCC2,CHEMBL210548,IC50,8.7
8826951,C1CNCCN(C1)c2cccnc2,CHEMBL71085,IC50,8.72
8826962,COc1cncc(c1)N2CCCNCC2,CHEMBL71666,IC50,8.72
8826972,Brc1coc(c1)C(=O)N2CC3CNCC(C3)C2,CHEMBL2179547,Ki,8.77
8826981,Brc1oc(cc1Br)C(=O)N2CC3CNCC(C3)C2,CHEMBL3676980,Ki,8.8
3906438,Brc1ccoc1C(=O)N2CC3CNCC3C2,CHEMBL2179534,Ki,8.82
3906070,C(Oc1cccnc1)[C@@H]2CCN2,CHEMBL59986,IC50,8.82
8826994,Clc1cc(cnc1Br)N2CCCNCC2,CHEMBL377615,IC50,8.85
8827005,Clc1ncc(cc1Br)N2CCCNCC2,CHEMBL210742,IC50,8.85
8827016,Cc1cc(on1)[C@H]2C[C@H]3CC[C@H]2N3,CHEMBL503604,Ki,8.88
8827027,C\C=C/Oc1cncc(c1)N2CCCNCC2,CHEMBL209080,IC50,8.89
8827038,Brc1ccc(cn1)N2CCCNCC2,CHEMBL306387,IC50,9.0
8827049,COc1cncc(c1)N2CCCNCCC2,CHEMBL378630,IC50,9.0
8827060,C1CNCCCN(C1)c2cccnc2,CHEMBL210776,IC50,9.05
8827071,CCOc1cc(cnc1Br)N2CCCNCC2,CHEMBL72433,IC50,9.06
8827082,COc1cc(cnc1Cl)N2CCCNCC2,CHEMBL70983,IC50,9.17
8827093,Brc1ncc(cc1OC=C)N2CCCNCC2,CHEMBL379501,IC50,9.19
8827104,CN1[C@@H]2CC[C@@H]1[C@H](C2)c3cncc(c3)c4cccc(F)n4,CHEMBL478447,Kd,9.27
8827115,Brc1ccc(cn1)N2CCCNCCC2,CHEMBL210777,IC50,9.35
8827126,Brc1ncc(cc1OC=C)N2CCCNCCC2,CHEMBL209618,IC50,9.42
