id,smiles,name,assay_type,activity_value
482687,O=C1N(CC2=CC=CC=C2)C2C[S+]3CCCC3C2N1CC1=CC=CC=C1,trimetaphan,N/A,N/A
482698,[H]C12CCC([H])(C1)C(C)(NC)C2(C)C,mecamylamine,Ki,6.2218
482708,C[N+]1(CCCCC[N+]2(C)CCCC2)CCCC1,pentolonium,N/A,N/A
6199620,Fc1cc(OC(=O)N2CCN3CCC2CC3)ccc1Cl,CHEMBL555703,IC50,5.0
6199631,CC(C\C=C\C(=O)N(C)C)N(C)C,CHEMBL468697,Ki,5.2
6199642,CC(CCOC(=S)N(C)C)N(C)C,CHEMBL468903,Ki,5.3
6199653,CCCNC(=O)OCCC(C)N(C)C,CHEMBL466399,Ki,5.3
6199664,O=C(Oc1ccc2ccccc2c1)N3CCN4CCC3CC4,CHEMBL564850,IC50,5.31
6199675,Clc1ccc(OC(=O)N2CCN3CCC2CC3)cc1Cl,CHEMBL552994,IC50,5.32
6199686,Cc1cc(OC(=O)N2CCN3CCC2CC3)ccc1Br,CHEMBL551330,IC50,5.4
6199697,CC(CCOC(=O)N)N(C)C,CHEMBL449334,Ki,5.5
6199708,C[N+]1(C)C2CCC1CC(C2)OC(=O)c3c[nH]c4ccccc34,CHEMBL111583,Ki,5.64
6199719,CC(CCOC(=O)NCCO)N(C)C,CHEMBL501227,Ki,5.66
6199730,Clc1cc(OC(=O)N2CCN3CCC2CC3)ccc1Br,CHEMBL561469,IC50,5.68
6199741,CC(CCOC(=O)N(C)Cc1ccccc1)N(C)C,CHEMBL500318,Ki,5.8
6199752,Brc1ccc(OC(=O)N2CCN3CCC2CC3)cc1C(=O)c4ccccc4,CHEMBL564825,IC50,5.86
1153320,CN1CCC[C@H]1C1=CC=CN=C1,nicotine,Ki,6.66
3907881,[O-][N+](=O)\C=C/1\NCCCN1Cc2ccc(Cl)nc2,CHEMBL2270633,IC50,6.75
6199768,BrC1=CC=C2[C@H]3CNC[C@H](C3)CN2C1=O,CHEMBL365956,IC50,7.81
3906013,Clc1ccc(CN2CCNC2=N)cn1,CHEMBL309804,IC50,7.85
