id,smiles,name,assay_type,activity_value
2587069,CC(=C)C[C@@H]1N[C@H]2CC(C)(C)[C@@H]1c3c2cccc3c4ccc(Cl)c(Cl)c4,CHEMBL3347554,IC50,5.05
2587080,CC1=C2C(=CC(=O)N1Cc3cccnc3)NN(C2=O)c4ccccc4,CHEMBL1277122,Ki,5.33
172095,CC1=C2C(=CC(=O)N1Cc3ccccn3)NN(C2=O)c4ccccc4Cl,CHEMBL1276946,Ki,5.82
2587093,CCCCCN1[C@@H](CC(=C)C)[C@H]2c3c(Br)cccc3[C@@H]1CC2(C)C,CHEMBL3347550,IC50,7.49
2587103,CC(=C)C[C@H]1[C@H]2c3c(Br)cccc3[C@H](CC2(C)C)N1Cc4cccs4,CHEMBL3347551,IC50,7.52
2587113,CC(=C)C[C@H]1[C@H]2c3c(Br)cccc3[C@H](CC2(C)C)N1Cc4ccsc4,CHEMBL3733336,IC50,7.52
