id,smiles,name,assay_type,activity_value
588745,COC(F)(F)C(Cl)Cl,methoxyflurane,N/A,N/A
588755,FC(F)OC(F)C(F)(F)F,desflurane,N/A,N/A
588764,FC(F)OC(Cl)C(F)(F)F,isoflurane,N/A,N/A
588773,FC(F)(F)C(Cl)Br,halothane,N/A,N/A
588782,CCC1(CC)C(=O)NC(=O)N(C)C1=O,metharbital,N/A,N/A
588791,FCOC(C(F)(F)F)C(F)(F)F,sevoflurane,N/A,N/A
588800,CCC(C)C1(CC=C)C(=O)NC(=O)NC1=O,talbutal,N/A,N/A
588809,OP(O)(=O)OCC(Cl)(Cl)Cl,triclofos,N/A,N/A
588818,CCCC(C)C1(CC=C)C(=O)NC(=S)NC1=O,thiamylal,N/A,N/A
1256909,CCOC(=O)C1=C2CN(C)C(=O)C3=CC(F)=CC=C3N2C=N1,flumazenil,Ki,6.8297
588894,FC(F)(F)CN1C2=CC=C(Cl)C=C2C(=NCC1=O)C1=CC=CC=C1,halazepam,N/A,N/A
588903,CC(C)C1=CC=CC(C(C)C)=C1OCOP(O)(O)=O,fospropofol,N/A,N/A
588849,CC1=NN=C2CN=C(C3=CC(Cl)=CC=C3N12)C1=C(Cl)C=CC=C1,triazolam,Ki,9.10000038
588916,CN(C)CC1=NN=C2CN=C(C3=CC=CC=C3)C3=CC(Cl)=CC=C3N12,adinazolam,N/A,N/A
3096990,COCc1ncn2c1CN(C)C(=O)c3cc(Cl)ccc23,CHEMBL45346,Ki,5.05
3096957,CCc1ccc2c(c1)C(=O)N(C)Cc3c(ncn23)C(=O)OCCCOC(=O)c4ncn5c4CN(C)C(=O)c6cc(CC)ccc56,CHEMBL443736,Ki,5.3
3097092,O=C(OCCOCCOC(=O)c1ncn2c1CN=C(c3ccccc3)c4cc(ccc24)C#C)c5ncn6c5CN=C(c7ccccc7)c8cc(ccc68)C#C,CHEMBL499964,Ki,5.3
2657942,CCOC(=O)c1ncn2c1CN=C(c3ccccc3)c4cc(ccc24)C#C,CHEMBL522055,Ki,6.0
2657956,Cc1csc(n1)C2=CC(=C3N(CCCc4ccncc34)C2=O)c5ccncc5,CHEMBL45198,Ki,7.18
2657969,CN1CC2N(CN=C2C(=O)OC(C)(C)C)c3ccc(cc3C1=O)C#C[Si](C)(C)C,CHEMBL471977,Ki,7.23
3097173,CN1Cc2c(ncn2c3ccc(cc3C1=O)C#C)C(=O)OCCCCCOC(=O)c4ncn5c4CN(C)C(=O)c6cc(ccc56)C#C,CHEMBL449393,Ki,7.27
634083,CCOC(=O)c1ncn2c1CN(C)C(=O)c3cc(ccc23)C#C,CHEMBL286594,Ki,7.54
3097750,CCOC(=O)c1ncn2c1CN(C)C(=O)c3cc(ccc23)N=[N+]=[N-],CHEMBL6597,Ki,8.29
3097615,CN1Cc2c(ncn2c3ccc(cc3C1=O)C#C)C(=O)OC(C)(C)C,CHEMBL58757,Ki,8.29
