id,smiles,name,assay_type,activity_value
588745,COC(F)(F)C(Cl)Cl,methoxyflurane,N/A,N/A
588755,FC(F)OC(F)C(F)(F)F,desflurane,N/A,N/A
1256790,CC(C)C1=CC=CC(C(C)C)=C1O,propofol,EC50,5.7
588764,FC(F)OC(Cl)C(F)(F)F,isoflurane,N/A,N/A
588773,FC(F)(F)C(Cl)Br,halothane,N/A,N/A
588782,CCC1(CC)C(=O)NC(=O)N(C)C1=O,metharbital,N/A,N/A
588791,FCOC(C(F)(F)F)C(F)(F)F,sevoflurane,N/A,N/A
588800,CCC(C)C1(CC=C)C(=O)NC(=O)NC1=O,talbutal,N/A,N/A
588809,OP(O)(=O)OCC(Cl)(Cl)Cl,triclofos,N/A,N/A
588818,CCCC(C)C1(CC=C)C(=O)NC(=S)NC1=O,thiamylal,N/A,N/A
588839,CN1CCN(CC1)C(=O)OC1N(C(=O)C2=C1N=CC=N2)C1=CC=C(Cl)C=N1,zopiclone,Ki,7.1759
1256818,CN(C)C(=O)CC1=C(N=C2C=CC(C)=CN12)C1=CC=C(C)C=C1,zolpidem,EC50,6.7033
1256832,CCN(C(C)=O)C1=CC(=CC=C1)C1=CC=NC2=C(C=NN12)C#N,zaleplon,EC50,6.5302
588849,CC1=NN=C2CN=C(C3=CC(Cl)=CC=C3N12)C1=C(Cl)C=CC=C1,triazolam,Ki,9.02
1542133,[H][C@@]12CO[C@@]3(COS(N)(=O)=O)OC(C)(C)O[C@@]3([H])[C@]1([H])OC(C)(C)O2,topiramate,N/A,N/A
3096574,CCCC(C)C1(CC)C(=O)NC(=S)NC1=O,thiopental,N/A,N/A
3096583,CN1C2=CC=C(Cl)C=C2C(=NC(O)C1=O)C1=CC=CC=C1,temazepam,N/A,N/A
3096593,CCCC(C)C1(CC=C)C(=O)NC(=O)NC1=O,secobarbital,N/A,N/A
3096702,FC1=C(C=CC=C1)C1=NCC(=S)N(CC(F)(F)F)C2=CC=C(Cl)C=C12,quazepam,Ki,6.6271
3096602,CCC1(C(=O)NCNC1=O)C1=CC=CC=C1,primidone,N/A,N/A
3096611,ClC1=CC=C2N(CC3CC3)C(=O)CN=C(C3=CC=CC=C3)C2=C1,prazepam,N/A,N/A
1256805,CCCC(C)C1(CC)C(=O)NC(=O)NC1=O,pentobarbital,EC50,4.301
1256850,OC1N=C(C2=CC=CC=C2)C2=CC(Cl)=CC=C2NC1=O,oxazepam,IC50,7.745
3096624,[O-][N+](=O)C1=CC=C2NC(=O)CN=C(C3=CC=CC=C3)C2=C1,nitrazepam,EC50,8.0
588859,CC1=NC=C2CN=C(C3=CC(Cl)=CC=C3N12)C1=C(F)C=CC=C1,midazolam,Ki,8.7447
1256860,[H]C1(C)CNC(=O)C(CC)(CC)C1=O,methyprylon,N/A,N/A
1256869,CCC#CC(C)C1(CC=C)C(=O)NC(=O)N(C)C1=O,methohexital,N/A,N/A
1256878,CCCC(C)(COC(N)=O)COC(N)=O,meprobamate,N/A,N/A
1256890,OC1N=C(C2=CC(Cl)=CC=C2NC1=O)C1=C(Cl)C=CC=C1,lorazepam,IC50,8.456
1256900,CCC1(CCC(=O)NC1=O)C1=CC=CC=C1,glutethimide,N/A,N/A
3096642,CCN(CC)CCN1C2=CC=C(Cl)C=C2C(=NCC1=O)C1=C(F)C=CC=C1,flurazepam,IC50,8.1
1256909,CCOC(=O)C1=C2CN(C)C(=O)C3=CC(F)=CC=C3N2C=N1,flumazenil,Ki,9.0969
2466517,CCOC(=O)c1cncn1[C@H](C)c2ccccc2,etomidate,EC50,5.4559
1256927,CCC(O)(C=CCl)C#C,ethchlorvynol,N/A,N/A
588869,CN1CCN(CC1)C(=O)O[C@@H]1N(C(=O)C2=NC=CN=C12)C1=CC=C(Cl)C=N1,eszopiclone,N/A,N/A
1256936,ClC1=CC=C2N3C=NN=C3CN=C(C3=CC=CC=C3)C2=C1,estazolam,N/A,N/A
588827,CN1C2=CC=C(Cl)C=C2C(=NCC1=O)C1=CC=CC=C1,diazepam,Ki,7.65
1256955,OC(=O)C1N=C(C2=CC=CC=C2)C2=CC(Cl)=CC=C2NC1=O,clorazepate,EC50,7.47
3096668,[O-][N+](=O)C1=CC=C2NC(=O)CN=C(C2=C1)C1=C(Cl)C=CC=C1,clonazepam,Ki,8.0706
3096678,CN1C2=CC=C(Cl)C=C2N(C2=CC=CC=C2)C(=O)CC1=O,clobazam,N/A,N/A
1256966,CNC1=NC2=CC=C(Cl)C=C2C(C2=CC=CC=C2)=[N+]([O-])C1,chlordiazepoxide,Ki,6.2518
1256980,CC(C)CC1(CC=C)C(=O)NC(=O)NC1=O,butalbital,N/A,N/A
3096690,CCC(C)C1(CC)C(=O)NC(=O)NC1=O,secbutabarbital,N/A,N/A
1256989,CC1=NN=C2CN=C(C3=CC=CC=C3)C3=CC(Cl)=CC=C3N12,alprazolam,EC50,7.4318
415135,CC(=O)NCCCS(O)(=O)=O,acamprosate,N/A,N/A
588894,FC(F)(F)CN1C2=CC=C(Cl)C=C2C(=NCC1=O)C1=CC=CC=C1,halazepam,N/A,N/A
588903,CC(C)C1=CC=CC(C(C)C)=C1OCOP(O)(O)=O,fospropofol,N/A,N/A
588916,CN(C)CC1=NN=C2CN=C(C3=CC=CC=C3)C3=CC(Cl)=CC=C3N12,adinazolam,N/A,N/A
638563,C1CN(CCO1)c2ccc(cc2)c3cnc4c(cnn4c3)c5cn[nH]c5,CHEMBL2385579,IC50,8.86
