id,smiles,name,assay_type,activity_value
588745,COC(F)(F)C(Cl)Cl,methoxyflurane,N/A,N/A
588755,FC(F)OC(F)C(F)(F)F,desflurane,N/A,N/A
1256790,CC(C)C1=CC=CC(C(C)C)=C1O,propofol,EC50,5.39
588764,FC(F)OC(Cl)C(F)(F)F,isoflurane,N/A,N/A
588773,FC(F)(F)C(Cl)Br,halothane,N/A,N/A
588782,CCC1(CC)C(=O)NC(=O)N(C)C1=O,metharbital,N/A,N/A
588791,FCOC(C(F)(F)F)C(F)(F)F,sevoflurane,N/A,N/A
588800,CCC(C)C1(CC=C)C(=O)NC(=O)NC1=O,talbutal,N/A,N/A
1256805,CCCC(C)C1(CC)C(=O)NC(=O)NC1=O,pentobarbital,IC50,4.06
588809,OP(O)(=O)OCC(Cl)(Cl)Cl,triclofos,N/A,N/A
588818,CCCC(C)C1(CC=C)C(=O)NC(=S)NC1=O,thiamylal,N/A,N/A
1256818,CN(C)C(=O)CC1=C(N=C2C=CC(C)=CN12)C1=CC=C(C)C=C1,zolpidem,Ki,7.5735
1256832,CCN(C(C)=O)C1=CC(=CC=C1)C1=CC=NC2=C(C=NN12)C#N,zaleplon,EC50,5.7889
588849,CC1=NN=C2CN=C(C3=CC(Cl)=CC=C3N12)C1=C(Cl)C=CC=C1,triazolam,Ki,9.02
1256850,OC1N=C(C2=CC=CC=C2)C2=CC(Cl)=CC=C2NC1=O,oxazepam,IC50,7.745
1256860,[H]C1(C)CNC(=O)C(CC)(CC)C1=O,methyprylon,N/A,N/A
1256869,CCC#CC(C)C1(CC=C)C(=O)NC(=O)N(C)C1=O,methohexital,N/A,N/A
1256878,CCCC(C)(COC(N)=O)COC(N)=O,meprobamate,N/A,N/A
1256890,OC1N=C(C2=CC(Cl)=CC=C2NC1=O)C1=C(Cl)C=CC=C1,lorazepam,IC50,8.456
1256900,CCC1(CCC(=O)NC1=O)C1=CC=CC=C1,glutethimide,N/A,N/A
1256909,CCOC(=O)C1=C2CN(C)C(=O)C3=CC(F)=CC=C3N2C=N1,flumazenil,Ki,9.0969
1256927,CCC(O)(C=CCl)C#C,ethchlorvynol,N/A,N/A
1256936,ClC1=CC=C2N3C=NN=C3CN=C(C3=CC=CC=C3)C2=C1,estazolam,N/A,N/A
588827,CN1C2=CC=C(Cl)C=C2C(=NCC1=O)C1=CC=CC=C1,diazepam,Ki,7.65
1256955,OC(=O)C1N=C(C2=CC=CC=C2)C2=CC(Cl)=CC=C2NC1=O,clorazepate,N/A,N/A
1256966,CNC1=NC2=CC=C(Cl)C=C2C(C2=CC=CC=C2)=[N+]([O-])C1,chlordiazepoxide,Ki,6.3372
1256980,CC(C)CC1(CC=C)C(=O)NC(=O)NC1=O,butalbital,N/A,N/A
1256989,CC1=NN=C2CN=C(C3=CC=CC=C3)C3=CC(Cl)=CC=C3N12,alprazolam,EC50,7.9208
415135,CC(=O)NCCCS(O)(=O)=O,acamprosate,N/A,N/A
588894,FC(F)(F)CN1C2=CC=C(Cl)C=C2C(=NCC1=O)C1=CC=CC=C1,halazepam,N/A,N/A
588903,CC(C)C1=CC=CC(C(C)C)=C1OCOP(O)(O)=O,fospropofol,N/A,N/A
588916,CN(C)CC1=NN=C2CN=C(C3=CC=CC=C3)C3=CC(Cl)=CC=C3N12,adinazolam,N/A,N/A
588859,CC1=NC=C2CN=C(C3=CC(Cl)=CC=C3N12)C1=C(F)C=CC=C1,midazolam,Ki,8.2596
588839,CN1CCN(CC1)C(=O)OC1N(C(=O)C2=C1N=CC=N2)C1=CC=C(Cl)C=N1,zopiclone,Ki,6.7496
1257214,CN1C(=O)NC(=O)[C@](CC=C)(C1=O)c2cccc(c2)C3(N=N3)C(F)(F)F,CHEMBL2163548,IC50,5.41
1257225,CCCc1c(CO)nnn1c2c(Cl)cc(cc2Cl)C(F)(F)F,CHEMBL235407,Ki,5.46
1257236,CCCc1c(C)nnn1c2c(Cl)cc(cc2Cl)C(F)(F)F,CHEMBL428023,Ki,6.27
1257247,CCCc1nnn(c1CCC)c2c(Cl)cc(cc2Cl)C(F)(F)F,CHEMBL235406,Ki,6.89
1257258,CCc1c(C)nnn1c2c(Cl)cc(cc2Cl)C(F)(F)F,CHEMBL236470,Ki,7.15
1257269,CCCc1c(CCl)nnn1c2c(Cl)cc(cc2Cl)C(F)(F)F,CHEMBL395137,Ki,7.18
1257280,CCCc1c(CC)nnn1c2c(Cl)cc(cc2Cl)C(F)(F)F,CHEMBL235405,Ki,7.33
1257291,FC(F)(F)c1cc(Cl)c(c(Cl)c1)n2cc(cn2)C3(N=N3)C(F)(F)F,CHEMBL329306,IC50,7.55
1257303,Nc1c([S+]([O-])C(F)(F)F)c(nn1c2c(Cl)cc(cc2Cl)C(F)(F)F)C#N,CHEMBL101326,IC50,7.55
1257314,CCCc1nnn(c1C)c2c(Br)cc(cc2Br)C(F)(F)F,CHEMBL396305,Ki,7.87
1257325,CCCc1nnn(c1CC)c2c(Cl)cc(cc2Cl)C(F)(F)F,CHEMBL236671,Ki,8.09
1257336,CCc1nnn(c1C)c2c(Cl)cc(cc2Cl)C(F)(F)F,CHEMBL392035,Ki,8.15
1257347,CCc1nnn(c1CC)c2c(Cl)cc(cc2Cl)C(F)(F)F,CHEMBL392036,Ki,8.37
1257358,CCCc1nnn(c1CO)c2c(Cl)cc(cc2Cl)C(F)(F)F,CHEMBL395136,Ki,8.6
1257369,CCCc1nnn(c1C)c2c(Cl)cc(cc2Cl)C(F)(F)F,CHEMBL236471,Ki,8.71
1257380,Cl[C@@H]1[C@@H](Cl)[C@H](Cl)[C@H](Cl)[C@@H](Cl)[C@@H]1Cl,CHEMBL15891,IC50,9.05
1257390,CCCc1nnn(c1CCl)c2c(Cl)cc(cc2Cl)C(F)(F)F,CHEMBL235623,Ki,9.18
1255355,ClC1=C(Cl)[C@@]2(Cl)[C@@H]3COS(=O)OC[C@@H]3[C@]1(Cl)C2(Cl)Cl,CHEMBL1890408,IC50,9.33
