id,smiles,name,assay_type,activity_value
588745,COC(F)(F)C(Cl)Cl,methoxyflurane,N/A,N/A
588755,FC(F)OC(F)C(F)(F)F,desflurane,N/A,N/A
588764,FC(F)OC(Cl)C(F)(F)F,isoflurane,N/A,N/A
588773,FC(F)(F)C(Cl)Br,halothane,N/A,N/A
588782,CCC1(CC)C(=O)NC(=O)N(C)C1=O,metharbital,N/A,N/A
588791,FCOC(C(F)(F)F)C(F)(F)F,sevoflurane,N/A,N/A
588800,CCC(C)C1(CC=C)C(=O)NC(=O)NC1=O,talbutal,N/A,N/A
588809,OP(O)(=O)OCC(Cl)(Cl)Cl,triclofos,N/A,N/A
588818,CCCC(C)C1(CC=C)C(=O)NC(=S)NC1=O,thiamylal,N/A,N/A
588894,FC(F)(F)CN1C2=CC=C(Cl)C=C2C(=NCC1=O)C1=CC=CC=C1,halazepam,N/A,N/A
2249451,Cc1c(C=C2C(=O)NC(=S)NC2=O)c3ccccc3n1Cc4ccc(Br)cc4,CHEMBL3589689,EC50,5.6
