id,smiles,name,assay_type,activity_value
588745,COC(F)(F)C(Cl)Cl,methoxyflurane,N/A,N/A
588755,FC(F)OC(F)C(F)(F)F,desflurane,N/A,N/A
588764,FC(F)OC(Cl)C(F)(F)F,isoflurane,N/A,N/A
588773,FC(F)(F)C(Cl)Br,halothane,N/A,N/A
588782,CCC1(CC)C(=O)NC(=O)N(C)C1=O,metharbital,N/A,N/A
588791,FCOC(C(F)(F)F)C(F)(F)F,sevoflurane,N/A,N/A
588800,CCC(C)C1(CC=C)C(=O)NC(=O)NC1=O,talbutal,N/A,N/A
588809,OP(O)(=O)OCC(Cl)(Cl)Cl,triclofos,N/A,N/A
588818,CCCC(C)C1(CC=C)C(=O)NC(=S)NC1=O,thiamylal,N/A,N/A
588827,CN1C2=CC=C(Cl)C=C2C(=NCC1=O)C1=CC=CC=C1,diazepam,Ki,6.6655
588839,CN1CCN(CC1)C(=O)OC1N(C(=O)C2=C1N=CC=N2)C1=CC=C(Cl)C=N1,zopiclone,Ki,6.5817
1256818,CN(C)C(=O)CC1=C(N=C2C=CC(C)=CN12)C1=CC=C(C)C=C1,zolpidem,Ki,6.1643
588849,CC1=NN=C2CN=C(C3=CC(Cl)=CC=C3N12)C1=C(Cl)C=CC=C1,triazolam,Ki,8.8761
3096702,FC1=C(C=CC=C1)C1=NCC(=S)N(CC(F)(F)F)C2=CC=C(Cl)C=C12,quazepam,Ki,6.6271
588859,CC1=NC=C2CN=C(C3=CC(Cl)=CC=C3N12)C1=C(F)C=CC=C1,midazolam,Ki,8.4437
1256878,CCCC(C)(COC(N)=O)COC(N)=O,meprobamate,N/A,N/A
1256909,CCOC(=O)C1=C2CN(C)C(=O)C3=CC(F)=CC=C3N2C=N1,flumazenil,Ki,8.9788
588869,CN1CCN(CC1)C(=O)O[C@@H]1N(C(=O)C2=NC=CN=C12)C1=CC=C(Cl)C=N1,eszopiclone,Ki,6.79
1256936,ClC1=CC=C2N3C=NN=C3CN=C(C3=CC=CC=C3)C2=C1,estazolam,N/A,N/A
1256955,OC(=O)C1N=C(C2=CC=CC=C2)C2=CC(Cl)=CC=C2NC1=O,clorazepate,N/A,N/A
1256966,CNC1=NC2=CC=C(Cl)C=C2C(C2=CC=CC=C2)=[N+]([O-])C1,chlordiazepoxide,Ki,6.5607
1256989,CC1=NN=C2CN=C(C3=CC=CC=C3)C3=CC(Cl)=CC=C3N12,alprazolam,EC50,7.1612
588894,FC(F)(F)CN1C2=CC=C(Cl)C=C2C(=NCC1=O)C1=CC=CC=C1,halazepam,N/A,N/A
588903,CC(C)C1=CC=CC(C(C)C)=C1OCOP(O)(O)=O,fospropofol,N/A,N/A
588916,CN(C)CC1=NN=C2CN=C(C3=CC=CC=C3)C3=CC(Cl)=CC=C3N12,adinazolam,N/A,N/A
3096726,CN1C2=CC=C(C=C2C(=NCC1=O)C1=C(F)C=CC=C1)[N+]([O-])=O,flunitrazepam,Ki,7.80000019
3096957,CCc1ccc2c(c1)C(=O)N(C)Cc3c(ncn23)C(=O)OCCCOC(=O)c4ncn5c4CN(C)C(=O)c6cc(CC)ccc56,CHEMBL443736,Ki,5.07
3097129,Cc1ccc(cc1)c2cn3c(O)nc4CCN(Cc5ccccc5)Cc4c3n2,CHEMBL147312,EC50,5.42
3097173,CN1Cc2c(ncn2c3ccc(cc3C1=O)C#C)C(=O)OCCCCCOC(=O)c4ncn5c4CN(C)C(=O)c6cc(ccc56)C#C,CHEMBL449393,Ki,5.57
3096924,CN1Cc2c(ncn2c3ccc(cc3C1=O)C#C)C(=O)OCOCOC(=O)c4ncn5c4CN(C)C(=O)c6cc(ccc56)C#C,CHEMBL505497,Ki,5.73
6080572,CCN1CCc2nc(O)n3cc(nc3c2C1)c4ccccc4F,CHEMBL147217,EC50,6.03
2657931,CN1Cc2c(ncn2c3ccc(cc3C1=O)C#C)C(=O)OCCCOC(=O)c4ncn5c4CN(C)C(=O)c6cc(ccc56)C#C,CHEMBL35571,Ki,6.07
3097387,Oc1nc2CCN(Cc3ccccc3)Cc2c4nc(cn14)c5ccc(F)cc5F,CHEMBL343009,EC50,6.3
3097266,Oc1nc2CCN(CC3CC3)Cc2c4nc(cn14)c5ccccc5F,CHEMBL145970,EC50,6.37
3097332,Oc1nc2CCN(Cc3c[nH]cn3)Cc2c4nc(cn14)c5ccccc5F,CHEMBL358874,EC50,6.37
3097140,CCCCN1CCc2nc(O)n3cc(nc3c2C1)c4ccccc4F,CHEMBL147379,EC50,6.41
3096935,COc1ccc(cc1)C(=O)N2CCc3nc(O)n4cc(nc4c3C2)c5ccccc5F,CHEMBL146317,EC50,6.43
3097343,Oc1nc2CCN(Cc3cccs3)Cc2c4nc(cn14)c5ccccc5F,CHEMBL147364,EC50,6.44
3097222,Oc1nc2CCN(CC=C)Cc2c3nc(cn13)c4ccccc4F,CHEMBL358301,EC50,6.46
3097162,O=C(OCCCOC(=O)c1ncn2c1CN=C(c3ccccc3)c4cc(ccc24)C#C)c5ncn6c5CN=C(c7ccccc7)c8cc(ccc68)C#C,CHEMBL505768,Ki,6.57
3097116,Cc1ccc(cc1)C(=O)N2CCc3nc(O)n4cc(nc4c3C2)c5ccccc5F,CHEMBL343471,EC50,6.58
2657969,CN1CC2N(CN=C2C(=O)OC(C)(C)C)c3ccc(cc3C1=O)C#C[Si](C)(C)C,CHEMBL471977,Ki,6.59
3097376,Oc1nc2CCN(Cc2c3nc(cn13)c4ccccc4F)C(=O)c5ccccc5F,CHEMBL146302,EC50,6.62
3097299,Oc1nc2CCN(CC3CCCCC3)Cc2c4nc(cn14)c5ccccc5F,CHEMBL146230,EC50,6.67
3097593,CCOC(=O)c1ncn2c1N(C)C(=O)c3cc(ccc23)C#C,CHEMBL471978,Ki,6.7
3097288,Oc1nc2CCN(Cc2c3nc(cn13)c4ccccc4F)C(=O)c5ccc(F)c(F)c5,CHEMBL147590,EC50,6.83
3097034,Cc1ccccc1C(=O)N2CCc3nc(O)n4cc(nc4c3C2)c5ccccc5F,CHEMBL344120,EC50,6.92
6080617,Oc1nc2CCN(Cc2c3nc(cn13)c4ccccc4F)c5ncccn5,CHEMBL146488,EC50,6.93
3097354,CCC(=O)N1CCc2nc(O)n3cc(nc3c2C1)c4ccccc4F,CHEMBL358519,EC50,6.94
2657942,CCOC(=O)c1ncn2c1CN=C(c3ccccc3)c4cc(ccc24)C#C,CHEMBL522055,Ki,7.02
6080632,CC(=O)N1CCc2nc(O)n3cc(nc3c2C1)c4ccccc4F,CHEMBL149549,EC50,7.15
3097442,Oc1nc2CCN(Cc2c3nc(cn13)c4ccccc4F)C(=O)c5cccc(F)c5,CHEMBL356806,EC50,7.19
3097497,Oc1nc2CCN(Cc3ccncc3)Cc2c4nc(cn14)c5ccccc5F,CHEMBL342270,EC50,7.48
634083,CCOC(=O)c1ncn2c1CN(C)C(=O)c3cc(ccc23)C#C,CHEMBL286594,Ki,7.59
3097532,CCOC(=O)c1ncn2c1[C@@H]3CCCN3C(=O)c4cc(OC)ccc24,CHEMBL52030,Ki,7.6
3097486,Oc1nc2CCN(Cc3cccnc3)Cc2c4nc(cn14)c5ccccc5F,CHEMBL146086,EC50,7.64
3097646,Oc1nc2CCN(Cc3ccccc3)Cc2c4nc(cn14)c5ccccc5F,CHEMBL356161,EC50,7.7
3097615,CN1Cc2c(ncn2c3ccc(cc3C1=O)C#C)C(=O)OC(C)(C)C,CHEMBL58757,Ki,7.73
3097853,Cc1onc(c1)c2nncc3c(c(OCc4ncnn4C)nn23)C(C)(C)C,CHEMBL363211,Ki,9.1
6080663,Cn1ncnc1COc2nn3c(nnc3cc2C(C)(C)C)c4cc(F)ccc4F,CHEMBL373250,Ki,9.16
2657956,Cc1csc(n1)C2=CC(=C3N(CCCc4ccncc34)C2=O)c5ccncc5,CHEMBL45198,Ki,9.3
