id,smiles,name,assay_type,activity_value
588745,COC(F)(F)C(Cl)Cl,methoxyflurane,N/A,N/A
588755,FC(F)OC(F)C(F)(F)F,desflurane,N/A,N/A
1256790,CC(C)C1=CC=CC(C(C)C)=C1O,propofol,EC50,4.95
588764,FC(F)OC(Cl)C(F)(F)F,isoflurane,N/A,N/A
588773,FC(F)(F)C(Cl)Br,halothane,N/A,N/A
588782,CCC1(CC)C(=O)NC(=O)N(C)C1=O,metharbital,N/A,N/A
588791,FCOC(C(F)(F)F)C(F)(F)F,sevoflurane,N/A,N/A
588800,CCC(C)C1(CC=C)C(=O)NC(=O)NC1=O,talbutal,N/A,N/A
588809,OP(O)(=O)OCC(Cl)(Cl)Cl,triclofos,N/A,N/A
588818,CCCC(C)C1(CC=C)C(=O)NC(=S)NC1=O,thiamylal,N/A,N/A
1256818,CN(C)C(=O)CC1=C(N=C2C=CC(C)=CN12)C1=CC=C(C)C=C1,zolpidem,Ki,6.8069
1256832,CCN(C(C)=O)C1=CC(=CC=C1)C1=CC=NC2=C(C=NN12)C#N,zaleplon,EC50,5.7889
588849,CC1=NN=C2CN=C(C3=CC(Cl)=CC=C3N12)C1=C(Cl)C=CC=C1,triazolam,Ki,9.2291
3096702,FC1=C(C=CC=C1)C1=NCC(=S)N(CC(F)(F)F)C2=CC=C(Cl)C=C12,quazepam,Ki,6.6882
1256878,CCCC(C)(COC(N)=O)COC(N)=O,meprobamate,N/A,N/A
1256909,CCOC(=O)C1=C2CN(C)C(=O)C3=CC(F)=CC=C3N2C=N1,flumazenil,Ki,9.0458
1256936,ClC1=CC=C2N3C=NN=C3CN=C(C3=CC=CC=C3)C2=C1,estazolam,N/A,N/A
588827,CN1C2=CC=C(Cl)C=C2C(=NCC1=O)C1=CC=CC=C1,diazepam,Ki,7.699
1256955,OC(=O)C1N=C(C2=CC=CC=C2)C2=CC(Cl)=CC=C2NC1=O,clorazepate,N/A,N/A
1256966,CNC1=NC2=CC=C(Cl)C=C2C(C2=CC=CC=C2)=[N+]([O-])C1,chlordiazepoxide,Ki,6.3372
1256989,CC1=NN=C2CN=C(C3=CC=CC=C3)C3=CC(Cl)=CC=C3N12,alprazolam,EC50,7.9208
588894,FC(F)(F)CN1C2=CC=C(Cl)C=C2C(=NCC1=O)C1=CC=CC=C1,halazepam,N/A,N/A
588869,CN1CCN(CC1)C(=O)O[C@@H]1N(C(=O)C2=NC=CN=C12)C1=CC=C(Cl)C=N1,eszopiclone,Ki,6.94
588903,CC(C)C1=CC=CC(C(C)C)=C1OCOP(O)(O)=O,fospropofol,N/A,N/A
588916,CN(C)CC1=NN=C2CN=C(C3=CC=CC=C3)C3=CC(Cl)=CC=C3N12,adinazolam,N/A,N/A
3096726,CN1C2=CC=C(C=C2C(=NCC1=O)C1=C(F)C=CC=C1)[N+]([O-])=O,flunitrazepam,Ki,8.27999973
3097092,O=C(OCCOCCOC(=O)c1ncn2c1CN=C(c3ccccc3)c4cc(ccc24)C#C)c5ncn6c5CN=C(c7ccccc7)c8cc(ccc68)C#C,CHEMBL499964,Ki,5.3
3096957,CCc1ccc2c(c1)C(=O)N(C)Cc3c(ncn23)C(=O)OCCCOC(=O)c4ncn5c4CN(C)C(=O)c6cc(CC)ccc56,CHEMBL443736,Ki,5.33
3096924,CN1Cc2c(ncn2c3ccc(cc3C1=O)C#C)C(=O)OCOCOC(=O)c4ncn5c4CN(C)C(=O)c6cc(ccc56)C#C,CHEMBL505497,Ki,5.57
3097255,Clc1ccc(cc1)n2nc3c(cnc4ccc(cc34)n5ccnc5)c2OCC6CC6,CHEMBL1681899,IC50,5.68
6461690,CCn1cnc2c(cnnc12)c3ccc(CO)c(c3)c4ccc(cc4OC)S(=O)(=O)CC,CHEMBL3647556,Ki,5.76
3097129,Cc1ccc(cc1)c2cn3c(O)nc4CCN(Cc5ccccc5)Cc4c3n2,CHEMBL147312,EC50,5.93
3097266,Oc1nc2CCN(CC3CC3)Cc2c4nc(cn14)c5ccccc5F,CHEMBL145970,EC50,5.94
3097184,Oc1nc2CCN(Cc3ccccc3)Cc2c4nc(cn14)c5ccccc5c6cccs6,CHEMBL148043,EC50,6.06
6461707,CCn1cnc2c(cnnc12)c3ccc(CO)c(c3)c4ccc(cc4F)S(=O)(=O)CC,CHEMBL3647554,Ki,6.17
3097173,CN1Cc2c(ncn2c3ccc(cc3C1=O)C#C)C(=O)OCCCCCOC(=O)c4ncn5c4CN(C)C(=O)c6cc(ccc56)C#C,CHEMBL449393,Ki,6.18
3097151,Clc1ccc(cc1)n2nc3c4CCCCCc4ncc3c2OCc5ccccc5Cl,CHEMBL1681890,IC50,6.22
3097431,Clc1ccc(cc1)n2nc3c4ccccc4ncc3c2OCC5CC5,CHEMBL1681885,IC50,6.33
6461723,Clc1ccc(cc1)n2nc3c4COCCc4ncc3c2OCc5ccccc5Cl,CHEMBL1681891,IC50,6.34
3097332,Oc1nc2CCN(Cc3c[nH]cn3)Cc2c4nc(cn14)c5ccccc5F,CHEMBL358874,EC50,6.34
3096935,COc1ccc(cc1)C(=O)N2CCc3nc(O)n4cc(nc4c3C2)c5ccccc5F,CHEMBL146317,EC50,6.42
3097116,Cc1ccc(cc1)C(=O)N2CCc3nc(O)n4cc(nc4c3C2)c5ccccc5F,CHEMBL343471,EC50,6.49
6461739,CC(C)S(=O)(=O)c1ccc(c(c1)C#N)c2cc(ccc2F)c3cnnc4c3ncn4C5CC5,CHEMBL3647540,Ki,6.53
3097222,Oc1nc2CCN(CC=C)Cc2c3nc(cn13)c4ccccc4F,CHEMBL358301,EC50,6.55
3097409,COc1cccc(c1)c2cn3c(O)nc4CCN(Cc5ccccc5)Cc4c3n2,CHEMBL146356,EC50,6.57
3097543,Clc1ccc(cc1)n2nc3c4CCCCc4ncc3c2OCc5ccccc5Cl,CHEMBL1681889,IC50,6.57
3097464,Clc1ccc(cc1)n2nc3c4ccccc4ncc3c2OCc5ccccc5Cl,CHEMBL1681886,IC50,6.58
3097376,Oc1nc2CCN(Cc2c3nc(cn13)c4ccccc4F)C(=O)c5ccccc5F,CHEMBL146302,EC50,6.59
3097140,CCCCN1CCc2nc(O)n3cc(nc3c2C1)c4ccccc4F,CHEMBL147379,EC50,6.61
3097277,Oc1nc2CCN(Cc3ccccc3)Cc2c4nc(cn14)c5ccc(F)cc5,CHEMBL148044,EC50,6.61
3097288,Oc1nc2CCN(Cc2c3nc(cn13)c4ccccc4F)C(=O)c5ccc(F)c(F)c5,CHEMBL147590,EC50,6.62
3097453,CC1(C)CCc2ncc3c(OCc4ccccc4Cl)n(nc3c2C1)c5ccc(Cl)cc5,CHEMBL1681892,IC50,6.67
3097387,Oc1nc2CCN(Cc3ccccc3)Cc2c4nc(cn14)c5ccc(F)cc5F,CHEMBL343009,EC50,6.68
3097299,Oc1nc2CCN(CC3CCCCC3)Cc2c4nc(cn14)c5ccccc5F,CHEMBL146230,EC50,6.7
3097365,Clc1ccc(cc1)n2nc3c4CCCCc4ncc3c2OCC5CC5,CHEMBL1681900,IC50,6.73
3097580,Oc1nc2CCN(Cc3ccccc3)Cc2c4nc(cn14)c5cc(F)ccc5F,CHEMBL145910,EC50,6.73
3097668,Oc1nc2CCN(Cc3ccccc3)Cc2c4nc(cn14)c5ccccc5,CHEMBL148740,EC50,6.74
3097233,Clc1ccc(COc2c3cnc4CCCCc4c3nn2c5ccc(Cl)cc5)cc1,CHEMBL1681894,IC50,6.75
6461778,CCS(=O)(=O)c1ccc(c(c1)C#N)c2cc(ccc2F)c3cnnc4c3ncn4C5CC5,CHEMBL3647576,Ki,6.77
3097510,Clc1ccccc1COc2c3cnc4ccccc4c3nn2c5ccc6OCOc6c5,CHEMBL1681888,IC50,6.81
3097475,Fc1ccccc1COc2c3cnc4CCCCc4c3nn2c5ccc(Cl)cc5,CHEMBL1681895,IC50,6.81
3097321,Oc1nc2CCN(Cc3ccccc3)Cc2c4nc(cn14)c5cccc(F)c5,CHEMBL145983,EC50,6.81
6461793,CCS(=O)(=O)c1ccc(c(F)c1)c2cc(ccc2F)c3cnnc4c3ncn4C5CCC5,CHEMBL3647542,Ki,6.83
2657969,CN1CC2N(CN=C2C(=O)OC(C)(C)C)c3ccc(cc3C1=O)C#C[Si](C)(C)C,CHEMBL471977,Ki,6.85
3097604,COc1ccc(cc1)c2cn3c(O)nc4CCN(Cc5ccccc5)Cc4c3n2,CHEMBL356271,EC50,6.85
3097034,Cc1ccccc1C(=O)N2CCc3nc(O)n4cc(nc4c3C2)c5ccccc5F,CHEMBL344120,EC50,6.87
6461808,CCCn1cnc2c(cnnc12)c3ccc(F)c(c3)c4ccc(cc4)S(=O)(=O)CC,CHEMBL3647546,Ki,6.92
6461817,CCS(=O)(=O)c1ccc(c(OC)c1)c2cc(ccc2F)c3cnnc4c3ncn4C5CCCC5,CHEMBL3647553,Ki,6.93
3097354,CCC(=O)N1CCc2nc(O)n3cc(nc3c2C1)c4ccccc4F,CHEMBL358519,EC50,6.96
6461830,CCn1cnc2c(cnnc12)c3ccc(F)c(c3)c4ccc(cc4C#N)S(=O)(=O)C(C)C,CHEMBL3647537,Ki,6.97
6461839,CCn1cnc2c(cnnc12)c3cccc(c3)c4ccc5c(CCS5(=O)=O)c4,CHEMBL3647570,Ki,6.99
6461848,COc1cc(ccc1c2cc(ccc2F)c3cnnc4c3ncn4C5CCC5)S(=O)(=O)C,CHEMBL3647545,Ki,7.0
3097486,Oc1nc2CCN(Cc3cccnc3)Cc2c4nc(cn14)c5ccccc5F,CHEMBL146086,EC50,7.0
3097497,Oc1nc2CCN(Cc3ccncc3)Cc2c4nc(cn14)c5ccccc5F,CHEMBL342270,EC50,7.0
6461861,CCn1cnc2c(cnnc12)c3ccc(O)c(c3)c4ccc(cc4OC)S(=O)(=O)CC,CHEMBL3647558,Ki,7.04
6461870,COc1cc(ccc1c2cc(ccc2F)c3cnnc4c3ncn4C5CCCC5)S(=O)(=O)N,CHEMBL3647552,Ki,7.04
6461879,CC(C)n1cnc2c(cnnc12)c3ccc(F)c(c3)c4ccc(cc4F)S(=O)(=O)C(C)C,CHEMBL3647577,Ki,7.06
6080617,Oc1nc2CCN(Cc2c3nc(cn13)c4ccccc4F)c5ncccn5,CHEMBL146488,EC50,7.08
6461890,CCS(=O)(=O)c1ccc(cc1)c2cc(ccc2F)c3cnnc4c3ncn4C5CCC5,CHEMBL3647544,Ki,7.13
1348051,CCn1cnc2c(cnnc12)c3ccc(F)c(c3)c4ccc5c(CC(C)S5(=O)=O)c4,CHEMBL3647560,Ki,7.16
3097442,Oc1nc2CCN(Cc2c3nc(cn13)c4ccccc4F)C(=O)c5cccc(F)c5,CHEMBL356806,EC50,7.16
6461902,CCS(=O)(=O)c1ccc(c(F)c1)c2cc(ccc2F)c3cnnc4c3ncn4C5CC5,CHEMBL3647573,Ki,7.17
3097343,Oc1nc2CCN(Cc3cccs3)Cc2c4nc(cn14)c5ccccc5F,CHEMBL147364,EC50,7.17
6461913,CCn1cnc2c(cnnc12)c3ccc(F)c(c3)c4ccc(cc4F)S(=O)(=O)C(C)C,CHEMBL3647563,Ki,7.21
3097521,Fc1ccc(COc2c3cnc4CCCCc4c3nn2c5ccc(Cl)cc5)cc1,CHEMBL1681897,IC50,7.24
6461924,CCn1cnc2c(cnnc12)c3cccc(c3)c4ccc(cc4)S(=O)(=O)C,CHEMBL3647569,Ki,7.25
3097554,Oc1nc2CCN(Cc2c3nc(cn13)c4ccccc4F)C(=O)c5ccc(F)cc5,CHEMBL147842,EC50,7.26
2657942,CCOC(=O)c1ncn2c1CN=C(c3ccccc3)c4cc(ccc24)C#C,CHEMBL522055,Ki,7.35
6461937,CS(=O)(=O)c1ccc(cc1)c2cc(ccc2F)c3cnnc4c3ncn4C5CC5,CHEMBL3647572,Ki,7.36
6461946,CCn1cnc2c(cnnc12)c3ccc([N+]#[C-])c(c3)c4ccc(cc4OC)S(=O)(=O)CC,CHEMBL3647557,Ki,7.39
6461955,COc1cc(ccc1c2cc(ccc2F)c3cnnc4c3ncn4C5CC5)S(=O)(=O)C(C)C,CHEMBL3647574,Ki,7.39
6461964,CC(C)n1cnc2c(cnnc12)c3ccc(F)c(c3)c4ccc(cc4C#N)S(=O)(=O)C(C)C,CHEMBL3647551,Ki,7.41
6461973,CCn1cnc2c(cnnc12)c3ccc(F)c(c3)c4ccc(cc4C#N)S(=O)(=O)CC,CHEMBL3647564,Ki,7.41
6461982,COc1cc(ccc1c2cc(ccc2F)c3cnnc4c3ncn4C5CC5)S(=O)(=O)C,CHEMBL3647575,Ki,7.43
6461991,CCn1cnc2c(cnnc12)c3ccc(F)c(c3)c4ccc(cc4C(F)F)S(=O)(=O)CC,CHEMBL3647567,Ki,7.45
6462000,CCS(=O)(=O)c1ccc(c(F)c1)c2cc(ccc2F)c3cnnc4c3ncn4C(C)C,CHEMBL3647550,Ki,7.46
6462009,CCS(=O)(=O)c1ccc(cc1)c2cc(ccc2F)c3cnnc4c3ncn4C5(C)CC5,CHEMBL3647543,Ki,7.46
6462018,CCS(=O)(=O)c1ccc(cc1)c2cc(ccc2F)c3cnnc4c3ncn4C5CC5,CHEMBL3647541,Ki,7.51
6462027,CCn1cnc2c(cnnc12)c3ccc(F)c(c3)c4ccc(cc4)S(=O)(=O)C(C)C,CHEMBL3647533,Ki,7.51
6462036,CCn1cnc2c(cnnc12)c3ccc(Cl)c(c3)c4ccc(cc4OC)S(=O)(=O)CC,CHEMBL3647555,Ki,7.53
6462045,CCS(=O)(=O)c1ccc(c(c1)C#N)c2cc(ccc2F)c3cnnc4c3ncn4C(C)C,CHEMBL3647582,Ki,7.54
3097532,CCOC(=O)c1ncn2c1[C@@H]3CCCN3C(=O)c4cc(OC)ccc24,CHEMBL52030,Ki,7.57
3097615,CN1Cc2c(ncn2c3ccc(cc3C1=O)C#C)C(=O)OC(C)(C)C,CHEMBL58757,Ki,7.58
6462058,CCS(=O)(=O)c1ccc(cc1)c2cc(ccc2F)c3cnnc4c3ncn4C(C)C,CHEMBL3647547,Ki,7.62
6462067,CCn1cnc2c(cnnc12)c3ccc(F)c(c3)c4ccc(cc4)S(=O)(=O)CC,CHEMBL3647559,Ki,7.66
634083,CCOC(=O)c1ncn2c1CN(C)C(=O)c3cc(ccc23)C#C,CHEMBL286594,Ki,7.67
3097593,CCOC(=O)c1ncn2c1N(C)C(=O)c3cc(ccc23)C#C,CHEMBL471978,Ki,7.67
3097646,Oc1nc2CCN(Cc3ccccc3)Cc2c4nc(cn14)c5ccccc5F,CHEMBL356161,EC50,7.7
6462082,CNS(=O)(=O)c1ccc(cc1)c2cc(ccc2F)c3cnnc4c3ncn4C5CC5,CHEMBL3647571,Ki,7.72
6462091,COc1cc(ccc1c2cc(ccc2F)c3cnnc4c3ncn4C(C)C)S(=O)(=O)C(C)C,CHEMBL3647578,Ki,7.72
6462100,CCn1cnc2c(cnnc12)c3ccc(F)c(c3)c4ccc(cc4F)S(=O)(=O)CC,CHEMBL3647568,Ki,7.74
6462109,CCn1cnc2c(cnnc12)c3ccc(F)c(c3)c4ccc(cc4)S(=O)(=O)C,CHEMBL3647562,Ki,7.75
6462118,CNS(=O)(=O)c1ccc(cc1)c2cc(ccc2F)c3cnnc4c3ncn4C(C)C,CHEMBL3647549,Ki,7.79
6462127,CCS(=O)(=O)c1ccc(c(Cl)c1)c2cc(ccc2F)c3cnnc4c3ncn4C(C)C,CHEMBL3647580,Ki,7.84
6462136,CCS(=O)(=O)c1ccc(c(OC)c1)c2cc(ccc2F)c3cnnc4c3ncn4C(C)C,CHEMBL3647581,Ki,7.85
6462147,CCn1cnc2c(cnnc12)c3ccc(F)c(c3)c4ccc(cc4OC)S(=O)(=O)C(C)C,CHEMBL3647566,Ki,7.93
6462156,CCn1cnc2c(cnnc12)c3ccc(F)c(c3)c4ccc(cc4F)S(=O)(=O)C,CHEMBL3647534,Ki,7.96
6462165,CCn1cnc2c(cnnc12)c3ccc(F)c(c3)c4ccc(cc4OC)S(=O)(=O)C5CC5,CHEMBL3647539,Ki,8.01
6462174,CCn1cnc2c(cnnc12)c3ccc(F)c(c3)c4ccc(cc4OC)S(=O)(=O)C5CCC5,CHEMBL3647538,Ki,8.02
6462183,COc1cc(ccc1c2cc(ccc2F)c3cnnc4c3ncn4C(C)C)S(=O)(=O)C,CHEMBL3647579,Ki,8.07
6462192,CCn1cnc2c(cnnc12)c3ccc(F)c(c3)c4ccc(cc4)S(=O)(=O)NC,CHEMBL3647561,Ki,8.13
6462201,CCn1cnc2c(cnnc12)c3ccc(F)c(c3)c4ccc(cc4OC)S(=O)(=O)C,CHEMBL3647565,Ki,8.13
3097162,O=C(OCCCOC(=O)c1ncn2c1CN=C(c3ccccc3)c4cc(ccc24)C#C)c5ncn6c5CN=C(c7ccccc7)c8cc(ccc68)C#C,CHEMBL505768,Ki,8.13
6462317,CC(C)n1cnc2c(cnnc12)c3ccc(F)c(c3)c4ccc(cc4)S(=O)(=O)N,CHEMBL3647548,Ki,8.24
6462328,CCn1cnc2c(cnnc12)c3ccc(F)c(c3)c4ccc(cc4)S(=O)(=O)N,CHEMBL3647535,Ki,8.29
3097831,Clc1ccc(cc1)N2N=C3C(C=Nc4ccccc34)C2=O,CHEMBL20042,IC50,8.4
3097842,Fc1ccccc1n2nc3c4ccccc4ncc3c2OCc5ccccc5Cl,CHEMBL1681887,IC50,8.7
3097853,Cc1onc(c1)c2nncc3c(c(OCc4ncnn4C)nn23)C(C)(C)C,CHEMBL363211,Ki,9.1
6080663,Cn1ncnc1COc2nn3c(nnc3cc2C(C)(C)C)c4cc(F)ccc4F,CHEMBL373250,Ki,9.16
2657956,Cc1csc(n1)C2=CC(=C3N(CCCc4ccncc34)C2=O)c5ccncc5,CHEMBL45198,Ki,9.22
6462348,Cc1csc(n1)C2=CC(=C3N(CCCc4ccncc34)C2=O)c5ccccc5,CHEMBL44533,Ki,9.52
