id,smiles,name,assay_type,activity_value
588745,COC(F)(F)C(Cl)Cl,methoxyflurane,N/A,N/A
588755,FC(F)OC(F)C(F)(F)F,desflurane,N/A,N/A
588764,FC(F)OC(Cl)C(F)(F)F,isoflurane,N/A,N/A
588773,FC(F)(F)C(Cl)Br,halothane,N/A,N/A
588782,CCC1(CC)C(=O)NC(=O)N(C)C1=O,metharbital,N/A,N/A
588791,FCOC(C(F)(F)F)C(F)(F)F,sevoflurane,N/A,N/A
588800,CCC(C)C1(CC=C)C(=O)NC(=O)NC1=O,talbutal,N/A,N/A
588809,OP(O)(=O)OCC(Cl)(Cl)Cl,triclofos,N/A,N/A
588818,CCCC(C)C1(CC=C)C(=O)NC(=S)NC1=O,thiamylal,N/A,N/A
588849,CC1=NN=C2CN=C(C3=CC(Cl)=CC=C3N12)C1=C(Cl)C=CC=C1,triazolam,Ki,9.02
1256878,CCCC(C)(COC(N)=O)COC(N)=O,meprobamate,N/A,N/A
1256909,CCOC(=O)C1=C2CN(C)C(=O)C3=CC(F)=CC=C3N2C=N1,flumazenil,Ki,9.2218
1256936,ClC1=CC=C2N3C=NN=C3CN=C(C3=CC=CC=C3)C2=C1,estazolam,N/A,N/A
588827,CN1C2=CC=C(Cl)C=C2C(=NCC1=O)C1=CC=CC=C1,diazepam,Ki,7.9586
1256955,OC(=O)C1N=C(C2=CC=CC=C2)C2=CC(Cl)=CC=C2NC1=O,clorazepate,N/A,N/A
1256966,CNC1=NC2=CC=C(Cl)C=C2C(C2=CC=CC=C2)=[N+]([O-])C1,chlordiazepoxide,Ki,6.4949
1256989,CC1=NN=C2CN=C(C3=CC=CC=C3)C3=CC(Cl)=CC=C3N12,alprazolam,EC50,8.0
588839,CN1CCN(CC1)C(=O)OC1N(C(=O)C2=C1N=CC=N2)C1=CC=C(Cl)C=N1,zopiclone,Ki,7.2782
588859,CC1=NC=C2CN=C(C3=CC(Cl)=CC=C3N12)C1=C(F)C=CC=C1,midazolam,Ki,9.1249
588869,CN1CCN(CC1)C(=O)O[C@@H]1N(C(=O)C2=NC=CN=C12)C1=CC=C(Cl)C=N1,eszopiclone,N/A,N/A
588894,FC(F)(F)CN1C2=CC=C(Cl)C=C2C(=NCC1=O)C1=CC=CC=C1,halazepam,N/A,N/A
588903,CC(C)C1=CC=CC(C(C)C)=C1OCOP(O)(O)=O,fospropofol,N/A,N/A
588916,CN(C)CC1=NN=C2CN=C(C3=CC=CC=C3)C3=CC(Cl)=CC=C3N12,adinazolam,N/A,N/A
3096726,CN1C2=CC=C(C=C2C(=NCC1=O)C1=C(F)C=CC=C1)[N+]([O-])=O,flunitrazepam,Ki,8.26000023
3097615,CN1Cc2c(ncn2c3ccc(cc3C1=O)C#C)C(=O)OC(C)(C)C,CHEMBL58757,EC50,5.01
3097092,O=C(OCCOCCOC(=O)c1ncn2c1CN=C(c3ccccc3)c4cc(ccc24)C#C)c5ncn6c5CN=C(c7ccccc7)c8cc(ccc68)C#C,CHEMBL499964,Ki,5.3
9820689,CN1C(=O)c2cc(Cl)ccc2n3cnc(C(=O)C)c13,CHEMBL458320,Ki,5.58
3096979,Nc1c(sc2ccccc12)C(=O)c3ccc(Cl)cc3,CHEMBL461925,IC50,6.0
9820702,Oc1nc2CCN(Cc2c3nc(cn13)c4ccccc4F)C(=O)OCc5ccccc5,CHEMBL146075,EC50,6.0
3097763,CCOc1cc2c(c[nH]1)nc3ccccc23,CHEMBL299250,Kd,6.08
3097129,Cc1ccc(cc1)c2cn3c(O)nc4CCN(Cc5ccccc5)Cc4c3n2,CHEMBL147312,EC50,6.19
3097732,CCCOc1cc2c(c[nH]1)nc3ccccc23,CHEMBL52750,Kd,6.23
3097023,CSC1SC(C2CCCC(=O)C12)C(=O)c3ccc(Cl)cc3,CHEMBL511684,IC50,6.26
9820720,CC1=NN=C(c2cc3c(cccc3s2)C(F)(F)F)c4cc5OC(=O)Nc5cc4C1,CHEMBL3652872,IC50,6.3
3097056,CN1C(=O)c2cc(Cl)ccc2n3cnc(CCl)c13,CHEMBL461511,Ki,6.3
3097288,Oc1nc2CCN(Cc2c3nc(cn13)c4ccccc4F)C(=O)c5ccc(F)c(F)c5,CHEMBL147590,EC50,6.31
3097332,Oc1nc2CCN(Cc3c[nH]cn3)Cc2c4nc(cn14)c5ccccc5F,CHEMBL358874,EC50,6.36
3096946,CCCCCc1ncn2c1N(C)C(=O)c3cc(Cl)ccc23,CHEMBL471115,Ki,6.43
3097343,Oc1nc2CCN(Cc3cccs3)Cc2c4nc(cn14)c5ccccc5F,CHEMBL147364,EC50,6.43
3097376,Oc1nc2CCN(Cc2c3nc(cn13)c4ccccc4F)C(=O)c5ccccc5F,CHEMBL146302,EC50,6.46
3097387,Oc1nc2CCN(Cc3ccccc3)Cc2c4nc(cn14)c5ccc(F)cc5F,CHEMBL343009,EC50,6.49
3097140,CCCCN1CCc2nc(O)n3cc(nc3c2C1)c4ccccc4F,CHEMBL147379,EC50,6.54
9820745,CC1=NN=C(c2cc3OC(=O)Nc3cc2C1)c4sc5cccc(c5c4Cl)C(F)(F)F,CHEMBL3652870,IC50,6.6
3097299,Oc1nc2CCN(CC3CCCCC3)Cc2c4nc(cn14)c5ccccc5F,CHEMBL146230,EC50,6.64
3097012,CSC1SC(C2CC(C)(C)CC(=O)C12)C(=O)c3ccc(Cl)cc3,CHEMBL458144,IC50,6.68
9820758,CC1=NN=C(c2cc3c(F)cccc3s2)c4cc5OC(=O)Nc5cc4C1,CHEMBL3652871,IC50,6.7
3097690,O=C1C2C=Nc3ccccc3C2=NN1c4ccccc4,CHEMBL19732,Kd,6.7
3097162,O=C(OCCCOC(=O)c1ncn2c1CN=C(c3ccccc3)c4cc(ccc24)C#C)c5ncn6c5CN=C(c7ccccc7)c8cc(ccc68)C#C,CHEMBL505768,Ki,6.71
3097103,CCc1ncn2c1N(C)C(=O)c3cc(Cl)ccc23,CHEMBL458321,Ki,6.74
3096968,CCCCC(=O)c1ncn2c1N(C)C(=O)c3cc(Cl)ccc23,CHEMBL511685,Ki,6.78
9820775,CC1=NN=C(c2cc3ccccc3s2)c4cc5OC(=O)Nc5cc4C1,CHEMBL3652869,IC50,6.89
3096935,COc1ccc(cc1)C(=O)N2CCc3nc(O)n4cc(nc4c3C2)c5ccccc5F,CHEMBL146317,EC50,6.95
3097783,CC(C)(C)OC(=O)c1cc2c(c[nH]1)nc3ccccc23,CHEMBL307783,Kd,6.96
3097034,Cc1ccccc1C(=O)N2CCc3nc(O)n4cc(nc4c3C2)c5ccccc5F,CHEMBL344120,EC50,6.96
9820790,CC1=NN=C(c2cc3ccc(F)cc3s2)c4cc5OC(=O)Nc5cc4C1,CHEMBL3652873,IC50,7.0
3096957,CCc1ccc2c(c1)C(=O)N(C)Cc3c(ncn23)C(=O)OCCCOC(=O)c4ncn5c4CN(C)C(=O)c6cc(CC)ccc56,CHEMBL443736,Ki,7.0
3097266,Oc1nc2CCN(CC3CC3)Cc2c4nc(cn14)c5ccccc5F,CHEMBL145970,EC50,7.03
9820803,COC(=O)c1ccc(OCc2c(noc2C(F)(F)F)c3ccccc3)nc1,CHEMBL3681433,Ki,7.05
3097116,Cc1ccc(cc1)C(=O)N2CCc3nc(O)n4cc(nc4c3C2)c5ccccc5F,CHEMBL343471,EC50,7.05
9820814,Cc1onc(c1CNc2ccccn2)c3ccccc3,CHEMBL3681465,Ki,7.06
9820823,Cc1onc(c1COc2ccc(cn2)C(=O)N3CCOCC3)c4ccncc4,CHEMBL3681456,Ki,7.07
3097045,CCOCc1ncn2c1N(C)C(=O)c3cc(Cl)ccc23,CHEMBL459031,Ki,7.08
9820834,Cc1onc(c1COc2ccc(cn2)C(=O)N3CCOCC3(C)C)c4ccccc4,CHEMBL3676521,Ki,7.09
3096924,CN1Cc2c(ncn2c3ccc(cc3C1=O)C#C)C(=O)OCOCOC(=O)c4ncn5c4CN(C)C(=O)c6cc(ccc56)C#C,CHEMBL505497,Ki,7.12
9820845,Cc1onc(c1COc2ccc(cn2)C(=O)N3CCC(O)CC3)c4ccccc4,CHEMBL3681489,Ki,7.13
3097646,Oc1nc2CCN(Cc3ccccc3)Cc2c4nc(cn14)c5ccccc5F,CHEMBL356161,EC50,7.13
9820856,COC(=O)c1ccc(NCc2c(C)onc2c3cccc(F)c3)nc1,CHEMBL3681472,Ki,7.16
9820865,Cc1onc(c1COc2ccc(cn2)C(=O)NC3COCc4ccccc34)c5ccccc5,CHEMBL3676529,Ki,7.17
9820874,Cc1onc(c1COc2ccc(cn2)C(=O)N3CCS(=O)(=O)CC3)c4ccncc4,CHEMBL3681458,Ki,7.18
9820883,Cc1onc(c1COc2ccc(cn2)C(F)(F)F)c3ccccc3,CHEMBL3676456,Ki,7.22
9820892,Fc1ccc(cc1)c2noc(c2COc3ccc(cn3)C(=O)N4CCS(=O)(=O)CC4)C(F)(F)F,CHEMBL3681450,Ki,7.23
3097209,CN1C(=O)c2cc(ccc2n3cnc(C(=O)OC(C)(C)C)c13)C#C[Si](C)(C)C,CHEMBL461717,Kd,7.24
3097806,COC(=O)c1cc2c(cn1)[nH]c3ccccc23,CHEMBL453066,Kd,7.24
9820905,COC(=O)c1ccc(OCc2c(noc2C(F)(F)F)c3ccc(F)cc3)nc1,CHEMBL3681441,Ki,7.24
9820914,Fc1ccc(cc1)c2noc(c2COc3ccc(cn3)C(=O)NCC(F)(F)F)C(F)(F)F,CHEMBL3681445,Ki,7.24
9820923,CC(C)(C)OC(=O)N1CC(C1)NC(=O)c2ccc(OCc3conc3c4ccc(Cl)cc4)nc2,CHEMBL3681627,Ki,7.26
9820932,Cc1onc(c1COc2cc(ccn2)C(=O)NC3CCOCC3)c4ccccc4,CHEMBL3676509,Ki,7.26
9820941,COC(=O)c1ccc(OCc2c(C)onc2c3cccnc3)nc1,CHEMBL3681459,Ki,7.27
9820950,CC(C)N(C)C(=O)c1ccc(OCc2c(C)onc2c3ccccc3)nc1,CHEMBL3676520,Ki,7.28
9820959,Cc1onc(c1COc2ccc(cn2)C(=O)N3CCCCC3)c4ccccc4,CHEMBL3676503,Ki,7.29
9820968,CC1CCCN1C(=O)c2ccc(OCc3c(C)onc3c4ccccc4)nc2,CHEMBL3681525,Ki,7.32
9820977,COC(=O)[C@H](Cc1ccccc1)NC(=O)c2ccc(OCc3c(C)onc3c4ccccc4)nc2,CHEMBL3681527,Ki,7.32
9820986,Cc1onc(c1COc2ccc(cn2)C(=O)N3CCOCC3)c4cccc(F)c4,CHEMBL3676543,Ki,7.32
9820995,Cc1onc(c1COc2nc(C)c(cc2Br)C(=O)NC3CCOCC3)c4ccccc4,CHEMBL3676517,Ki,7.33
9821004,Cc1onc(c1COc2ccc(cn2)C(=O)N3CCSCC3)c4cccc(F)c4,CHEMBL3676544,Ki,7.34
9821013,Cn1nnc(c1COc2cc(C(=O)NC3CCOCC3)n(C)n2)c4ccc(F)cc4,CHEMBL3675675,Ki,7.34
9821022,CC(C)(C(O)OCc1conc1c2ccc(F)cn2)c3ccc(cn3)C(=O)N,CHEMBL3686277,Ki,7.35
9821031,CC(C)c1cc(CNC(=O)c2ccc(OCc3c(C)onc3c4ccccc4)nc2)on1,CHEMBL3676530,Ki,7.35
9821040,Cc1onc(c1COc2ccc(cn2)C(=O)NC3CCCN(C3)C(=O)OC(C)(C)C)c4ccccc4,CHEMBL3676490,Ki,7.36
9821049,Cc1nnn(c1COc2cc(C(=O)NC3(C)COC3)n(C)n2)c4ccc(F)cc4,CHEMBL3675678,Ki,7.37
9821058,Cc1onc(c1CNc2ccc(cn2)C(=O)N3CC4CC(C3)O4)c5ccc(F)cc5,CHEMBL3676450,Ki,7.37
9821067,CC(C)NC(=O)c1ccc(OCc2c(noc2C(F)(F)F)c3ccccc3)nc1,CHEMBL3681438,Ki,7.38
9821076,CC(C)OCCNC(=O)c1ccc(OCc2c(C)onc2c3ccccc3)nc1,CHEMBL3681491,Ki,7.38
9821085,Cc1onc(C2CCCNC2)c1COc3ccc(cn3)C(=O)N4CCC[C@@H]4CO,CHEMBL3676445,Ki,7.38
9821094,Cc1onc(c1COc2ccc(cn2)C(=O)NC3CC3)c4cccc(F)c4,CHEMBL3676541,Ki,7.38
9821103,COCCNC(=O)c1ccc(OCc2conc2c3ccc(F)cc3)nc1,CHEMBL3681613,Ki,7.39
9821112,Cc1onc(c1COc2ccc(cn2)C(=O)N3CCCn4nccc34)c5ccccc5,CHEMBL3676528,Ki,7.39
9821121,CC(C)(CO)NC(=O)c1ccc(OCc2conc2c3ccc(Cl)cc3)nc1,CHEMBL3681625,Ki,7.4
9821130,Cc1onc(c1COc2ccc(cn2)C(=O)N3CCSCC3)c4ccncc4,CHEMBL3681457,Ki,7.4
9821139,Cc1onc(c1COc2ccc(cn2)C(=O)O)c3ccc(F)cc3,CHEMBL3676553,Ki,7.4
3097831,Clc1ccc(cc1)N2N=C3C(C=Nc4ccccc34)C2=O,CHEMBL20042,Kd,7.4
3096990,COCc1ncn2c1CN(C)C(=O)c3cc(Cl)ccc23,CHEMBL45346,Ki,7.41
9821152,Cc1onc(c1COc2ccc(C(=O)NC3CCOCC3)c(C)n2)c4ccccc4,CHEMBL3676510,Ki,7.41
9821161,Cc1onc(c1COc2cc(ccn2)C(=O)NCC(F)(F)F)c3ccccc3,CHEMBL3676508,Ki,7.42
9821170,Cc1onc(c1COc2ccc(cn2)C(=O)Nc3ccccc3)c4ccccc4,CHEMBL3676500,Ki,7.42
9821179,Fc1ccc(cc1)c2noc(c2COc3ccc(cn3)C(=O)NC4CC4)C(F)(F)F,CHEMBL3681448,Ki,7.42
3097442,Oc1nc2CCN(Cc2c3nc(cn13)c4ccccc4F)C(=O)c5cccc(F)c5,CHEMBL356806,EC50,7.42
9821190,CC(=O)NCCNC(=O)c1ccc(OCc2conc2c3ccc(F)cc3)nc1,CHEMBL3681612,Ki,7.43
9821199,Cc1onc(c1CNc2ccc(cn2)C(=O)NCCN3CCCC3=O)c4ccccc4,CHEMBL3681468,Ki,7.43
9821208,Cc1onc(c1COc2ccc(cn2)C(=O)N3CCCC3)c4ccccc4,CHEMBL3681526,Ki,7.43
9821217,Cc1onc(c1COc2ccc(cn2)C(=O)N3CCSC3)c4ccccc4,CHEMBL3681539,Ki,7.43
9821226,CN(C(=O)c1ccc(OCc2c(C)onc2c3ccccc3)nc1)S(=O)(=O)C4CC4,CHEMBL3681533,Ki,7.44
9821235,Cc1onc(c1COc2ccc(cn2)C(=O)N3CCOCC3)c4ccncn4,CHEMBL3681593,Ki,7.44
9821244,Cc1onc(c1COc2ccccn2)c3ccccc3,CHEMBL3676453,Ki,7.44
9821253,COC(=O)c1cnc(OCc2c(C)onc2c3ccccc3)c(Br)c1,CHEMBL3676514,Ki,7.46
9821262,Cc1onc(c1COc2cc(OCc3ccccc3)ccn2)c4ccccc4,CHEMBL3676507,Ki,7.46
9821271,Cc1onc(c1COc2ccc(cn2)C(=O)N3NC(=O)C=C3)c4ccccc4,CHEMBL3681535,Ki,7.46
9821280,Cc1onc(c1COc2ccc(cn2)C(=O)NCC(=O)OC(C)(C)C)c3ccccc3,CHEMBL3676476,Ki,7.46
9821289,OCCNC(=O)c1ccc(OCc2c(noc2C(F)(F)F)c3ccccc3)nc1,CHEMBL3681436,Ki,7.47
9821298,CC(C)NC(=O)c1ccc(OCc2c(noc2C(F)(F)F)c3ccc(F)cc3)nc1,CHEMBL3681447,Ki,7.48
9821307,CCNC(=O)c1ccc(OCc2c(noc2C(F)(F)F)c3ccc(F)cc3)nc1,CHEMBL3681443,Ki,7.48
2657956,Cc1csc(n1)C2=CC(=C3N(CCCc4ccncc34)C2=O)c5ccncc5,CHEMBL45198,Ki,7.48
9821318,CCCCS(=O)(=O)NC(=O)c1ccc(OCc2c(C)onc2c3ccccc3)nc1,CHEMBL3681530,Ki,7.49
9821327,CN1CCC(=CC1)c2ccnc(OCc3c(C)onc3c4ccccc4)c2,CHEMBL3676444,Ki,7.49
9821365,CC(C)NC(=O)c1ccc(OCc2c(C)onc2c3cccnc3)nc1,CHEMBL3681463,Ki,7.5
9821374,CCNC(=O)c1ccc(OCc2c(onc2c3ccccc3)C(F)(F)F)nc1,CHEMBL3681435,Ki,7.51
9821383,Cc1onc(c1COc2ccc(Br)cn2)c3ccccc3,CHEMBL3676455,Ki,7.51
9821392,Cc1onc(c1COc2ccc(cn2)C(=O)N3CCn4cnnc4C3)c5ccccc5,CHEMBL3676525,Ki,7.52
9821401,Cc1onc(c1COc2ccc(cn2)C(=O)NCC3CC3)c4cccnc4,CHEMBL3681461,Ki,7.53
9821410,Cc1onc(c1CNc2ccc(cn2)C(=O)N3CCS(=O)(=O)CC3)c4ccc(F)cc4,CHEMBL3676449,Ki,7.54
9821419,Cc1onc(c1COc2ccc(cn2)C(=O)N[C@@H]3CCC[C@@H]3O)c4ccc(F)cc4,CHEMBL3676428,Ki,7.54
9821428,Cn1nnc(c1COc2cc(on2)C(=O)NC3CCOCC3)c4ccc(F)cc4,CHEMBL3675674,Ki,7.54
9821437,C[S+]([O-])c1ccc(OCc2c(C)onc2c3ccccc3)nc1,CHEMBL3681545,Ki,7.55
9821446,Cc1onc(c1COc2ccc(cn2)C(=O)NC3CCOCC3)c4cccnc4,CHEMBL3681464,Ki,7.55
9821455,Cc1onc(c1COc2ccc(cn2)C(=O)N[C@@H](Cc3ccccc3)C(=O)O)c4ccccc4,CHEMBL3681528,Ki,7.55
9821464,Cc1onc(c1COc2ccc(cn2)C3(O)COC3)c4ccccc4,CHEMBL3676524,Ki,7.55
9821473,FC(F)(F)c1onc(c1COc2ccc(cn2)C(=O)NCC3CC3)c4ccccc4,CHEMBL3681437,Ki,7.55
9821482,CC(C)NC(=O)c1ccc(OCc2c(C)onc2c3cc(F)ccc3F)nc1,CHEMBL3681562,Ki,7.56
9821491,COC(=O)c1ccc(NCc2c(C)onc2c3ccccc3)nc1,CHEMBL3681466,Ki,7.56
9821500,COC(=O)c1ccc(OCc2c(C)onc2c3cccc(Cl)c3)nc1,CHEMBL3676546,Ki,7.56
9821509,C[C@H](CO)NC(=O)c1ccc(OCc2conc2c3ccc(F)cc3)nc1,CHEMBL3681603,Ki,7.56
3097794,CCOC(=O)c1cc2c(c[nH]1)nc3ccccc23,CHEMBL11709,Kd,7.57
9821520,CC(C)NC(=O)c1ccc(OCc2c(C)onc2c3cccc(F)c3F)nc1,CHEMBL3681558,Ki,7.58
9821529,Cc1onc(c1COc2ccc(cn2)C(=O)N3CCC(O)C3)c4ccccc4,CHEMBL3681523,Ki,7.58
9821538,Cc1onc(c1COc2ccc(cn2)C(=O)NC3CC3)c4cccnc4,CHEMBL3681462,Ki,7.58
9821547,COC(=O)c1ccc(NCc2c(C)onc2c3ccc(F)cc3)nc1,CHEMBL3681476,Ki,7.59
9821556,Cc1onc(c1COc2ccc(cn2)C(=O)N3CCSCC3)c4ccccc4,CHEMBL3676506,Ki,7.59
9821565,CNC(=O)c1ccc(OCc2c(noc2C(F)(F)F)c3ccccc3)nc1,CHEMBL3681434,Ki,7.61
9821574,Cc1onc(c1COc2ncc(cc2Br)C(=O)NC3CCOCC3)c4ccccc4,CHEMBL3676515,Ki,7.61
9821583,Cc1onc(c1COc2ccc(cn2)C(=O)NCC(F)(F)F)c3cccnc3,CHEMBL3681460,Ki,7.62
9821592,FC(F)(F)c1onc(c1COc2ccc(cn2)C(=O)NC3CC3)c4ccccc4,CHEMBL3681439,Ki,7.62
9821601,Cc1onc(c1COc2ccc(cn2)C(=O)N3CCOCC3)c4ccccc4,CHEMBL3676505,Ki,7.63
9821610,OCCNC(=O)c1ccc(OCc2conc2c3ccc(F)cc3)nc1,CHEMBL3681615,Ki,7.63
9821619,CC(C)(CO)CNC(=O)c1ccc(OCc2conc2c3ccc(Cl)cc3)nc1,CHEMBL3681626,Ki,7.64
9821630,Cc1onc(C2CCCNC2)c1COc3ccc(cn3)C(=O)N4CCS(=O)(=O)CC4,CHEMBL3676443,Ki,7.64
9821639,OC1(CNC(=O)c2ccc(OCc3conc3c4ccc(F)cc4)nc2)CC1,CHEMBL3681616,Ki,7.64
9821648,Cc1nnn(c1COc2cc(C(=O)NN3CCOCC3)n(C)n2)c4ccc(F)cc4,CHEMBL3675677,Ki,7.65
9821657,Cc1onc(c1COc2ccc(cn2)C(=O)O)c3ccc(Cl)cc3,CHEMBL3681422,Ki,7.65
9821666,Cc1onc(c1COc2ccc(cn2)C(=O)O)c3ccccn3,CHEMBL3681576,Ki,7.65
9821675,Cc1onc(c1COc2ccc(cn2)[N+](=O)[O-])c3ccccc3,CHEMBL3676458,Ki,7.65
9821684,Fc1ccc(cc1)c2noc(c2COc3ccc(cn3)C(=O)NCC4CC4)C(F)(F)F,CHEMBL3681446,Ki,7.65
9821693,O[C@@H]1CCC[C@H]1NC(=O)c2ccc(OCc3conc3c4ccc(F)cc4)nc2,CHEMBL3681609,Ki,7.65
9821702,FC(F)(F)c1onc(c1COc2ccc(cn2)C(=O)NC3CCOCC3)c4ccccc4,CHEMBL3681440,Ki,7.66
9821711,CC(C)NC(=O)c1ccc(OCc2conc2c3ccccc3)nc1,CHEMBL3681598,Ki,7.67
9821720,Cc1onc(c1COc2ccc(cn2)C(=O)NCc3cc([nH]n3)C4CC4)c5ccccc5,CHEMBL3676472,Ki,7.67
9821729,NC(=O)c1ccc(CC(O)OCc2conc2c3ccc(F)cn3)nc1,CHEMBL3686279,Ki,7.67
9821738,OCC(CO)NC(=O)c1ccc(OCc2conc2c3ccc(F)cc3)nc1,CHEMBL3681611,Ki,7.67
9821747,CC(C)NC(=O)c1sc(\C=C\c2c(nnn2C)c3ccccn3)nc1C,CHEMBL3675683,Ki,7.68
9821756,Cc1onc(c1COc2ccc(cn2)C3(O)COC3)c4ccc(F)cc4,CHEMBL3681420,Ki,7.68
9821765,Cc1onc(c1COc2cccc(n2)C#N)c3ccccc3,CHEMBL3676523,Ki,7.68
9821774,CCOC(=O)C(C)NC(=O)c1ccc(OCc2c(C)onc2c3ccccc3)nc1,CHEMBL3676477,Ki,7.7
9821783,CN(C1CCOCC1)C(=O)c2ccc(OCc3c(C)onc3c4ccccc4)nc2,CHEMBL3676502,Ki,7.7
9821792,CNC(=O)c1ccc(OCc2c(noc2C(F)(F)F)c3ccc(F)cc3)nc1,CHEMBL3681442,Ki,7.7
9821801,C[C@H](NC(=O)c1ccc(OCc2conc2c3ccc(Cl)cc3)nc1)C(F)(F)F,CHEMBL3681633,Ki,7.7
9821810,Cc1onc(C2CCCNC2)c1COc3ccc(cn3)C(=O)N4CCC[C@H]4CO,CHEMBL3676446,Ki,7.7
9821819,Cc1onc(c1COc2ccc(cn2)C(=O)N3CCSCC3)c4ccncn4,CHEMBL3681596,Ki,7.7
9821828,OCCNC(=O)c1ccc(OCc2conc2c3ccccn3)nc1,CHEMBL3686275,Ki,7.7
9821837,CCOC(=O)c1ccc(OCc2c(C)onc2c3ccccc3)nc1C,CHEMBL3676522,Ki,7.71
9821846,Cc1onc(c1CNc2ccc(cn2)C(=O)NC3CC3)c4cccc(F)c4,CHEMBL3681475,Ki,7.71
9821855,Cc1onc(c1COc2ccc(cn2)C(=O)N3CCS(=O)(=O)CC3)c4cccc(Cl)c4,CHEMBL3676551,Ki,7.71
9821864,Cc1onc(c1COc2ccc(cn2)C(=O)NCC3CC(=O)NO3)c4ccccc4,CHEMBL3676470,Ki,7.71
9821873,Fc1ccc(cc1)c2nocc2COc3ccc(cn3)C(=O)NC4CCS(=O)(=O)C4,CHEMBL3681617,Ki,7.71
9821882,CC(C)C(=O)Nc1ccc(OCc2c(C)onc2c3ccccc3)nc1,CHEMBL3681484,Ki,7.72
9821891,Cc1onc(c1COc2ccc(cn2)C(=O)O)c3ccc(F)cn3,CHEMBL3681578,Ki,7.72
9821900,O=C(NC1CC1)c2ccc(OCc3conc3c4ccccn4)nc2,CHEMBL3686272,Ki,7.72
9821909,O=C(NCC1CC1)c2ccc(OCc3conc3c4ccccn4)nc2,CHEMBL3686273,Ki,7.72
9821918,CC(C)NC(=O)c1cnc(OCc2c(C)onc2c3ccccc3)c(Br)c1,CHEMBL3676518,Ki,7.73
9821927,NC(=O)c1ccc(COCc2conc2c3ccc(F)cn3)nc1,CHEMBL3686280,Ki,7.73
9821936,Cc1onc(c1COc2cc(c(cn2)C(=O)O)C(F)(F)F)c3ccccc3,CHEMBL3676511,Ki,7.74
9821945,CSc1ccc(OCc2c(C)onc2c3ccccc3)nc1,CHEMBL3681544,Ki,7.75
9821954,Cc1onc(c1CNc2ccc(cn2)C(=O)NCC(F)(F)F)c3cccc(F)c3,CHEMBL3681473,Ki,7.75
9821963,O=C(NC1CCOCC1)c2ccc(OCc3conc3c4ccccc4)nc2,CHEMBL3681599,Ki,7.75
9821972,O=C(NC1CCOCC1)c2ccc(OCc3conc3c4ccccn4)nc2,CHEMBL3681634,Ki,7.75
9821981,O[C@H]1CCC[C@@H]1NC(=O)c2ccc(OCc3conc3c4ccc(F)cc4)nc2,CHEMBL3681608,Ki,7.75
9821990,COC(=O)c1ccc(OCc2c(C)onc2c3cccc(F)c3)nc1,CHEMBL3639754,Ki,7.76
9821999,Fc1ccc(cc1)c2nocc2COc3ccc(cn3)C(=O)NCC4CC4,CHEMBL3681605,Ki,7.76
9822008,Cc1onc(c1COc2ccc(cn2)C(=O)N3CCC(F)(F)CC3)c4ccccc4,CHEMBL3676504,Ki,7.78
9822017,Cc1onc(c1COc2ccc(cn2)C(=O)N3CCC34COC4)c5ccccc5,CHEMBL3676532,Ki,7.78
9822026,OCCNC(=O)c1ccc(OCc2c(noc2C(F)(F)F)c3ccc(F)cc3)nc1,CHEMBL3681444,Ki,7.78
9822035,COC(=O)c1ccc(OCc2c(C)onc2c3ccc(F)cc3)nc1,CHEMBL3676552,Ki,7.79
9822044,COC1CN(C1)C(=O)c2ccc(OCc3c(C)onc3c4ccccc4)nc2,CHEMBL3681538,Ki,7.8
9822053,Cc1nnn(c1COc2cc(C(=O)NC3CCOCC3)n(C)n2)c4ccc(F)cc4,CHEMBL3675676,Ki,7.8
9822062,CC(C)NC(=O)c1ccc(NCc2c(C)onc2c3cccc(F)c3)nc1,CHEMBL3681474,Ki,7.81
9822072,CN1C(=O)c2cc(ccc2n3cnc(C(=O)OCCOC(=O)c4ncn5c4N(C)C(=O)c6cc(ccc56)C#C)c13)C#C,CHEMBL394710,Ki,7.82
2657931,CN1Cc2c(ncn2c3ccc(cc3C1=O)C#C)C(=O)OCCCOC(=O)c4ncn5c4CN(C)C(=O)c6cc(ccc56)C#C,CHEMBL35571,Ki,7.82
9822084,Cc1onc(c1COc2ccc(cn2)C(=O)N3CC4(COC4)C3)c5ccccc5,CHEMBL3676531,Ki,7.82
9822093,FC(F)(F)CNC(=O)c1ccc(OCc2conc2c3ccc(Cl)cc3)nc1,CHEMBL3681618,Ki,7.82
9822102,Fc1ccc(cc1)c2nocc2COc3ccc(cn3)C(=O)NCC(F)(F)F,CHEMBL3681607,Ki,7.82
9822111,Cc1onc(c1CNc2ccc(cn2)C(=O)NC3CCOCC3)c4cccc(F)c4,CHEMBL3676427,Ki,7.83
9822120,CC(C)NC(=O)c1cnc(OCc2c(C)onc2c3ccccc3)cc1C(F)(F)F,CHEMBL3676512,Ki,7.84
9822129,Cc1onc(c1COc2ccc(cn2)C(=O)N3CCOCC3)c4ccccn4,CHEMBL3681571,Ki,7.84
9822138,CCNC(=O)c1ccc(OCc2conc2C3CCC(F)CN3)nc1,CHEMBL3676442,Ki,7.85
9822147,COC(=O)c1ccc(OCc2c(C)onc2c3ccccc3)nc1,CHEMBL3676459,Ki,7.85
9822156,CCNC(=O)CN1CCCC(C1)NC(=O)c2ccc(OCc3c(C)onc3c4ccccc4)nc2,CHEMBL3676494,Ki,7.86
9822165,CCOC(=O)CN1CCCC(C1)NC(=O)c2ccc(OCc3c(C)onc3c4ccccc4)nc2,CHEMBL3676492,Ki,7.86
2657942,CCOC(=O)c1ncn2c1CN=C(c3ccccc3)c4cc(ccc24)C#C,CHEMBL522055,Ki,7.86
9822176,C[C@@H](CO)NC(=O)c1ccc(OCc2conc2c3ccc(F)cc3)nc1,CHEMBL3681604,Ki,7.86
9822185,Cc1onc(c1COc2ccc(cn2)C(=O)N3CCC3)c4ccccc4,CHEMBL3681537,Ki,7.86
9822194,CCNC(=O)c1ccc(OCc2conc2c3ccccn3)nc1,CHEMBL3686276,Ki,7.87
9822203,Cc1onc(c1COc2ccc(cn2)C(=O)N3CCS(=O)(=O)CC3)c4cccc(F)c4,CHEMBL3676545,Ki,7.87
9822212,FC1CCC(NC1)c2nocc2COc3ccc(cn3)C(=O)NC4CC4,CHEMBL3676441,Ki,7.87
9822221,CC(=O)NCCNC(=O)c1ccc(OCc2conc2c3ccc(Cl)cc3)nc1,CHEMBL3681632,Ki,7.88
9822230,CC(C)NC(=O)c1ccc(OCc2conc2c3ccccn3)nc1,CHEMBL3686271,Ki,7.88
9822239,Cc1onc(c1COc2ccc(cn2)C#N)c3ccccc3,CHEMBL3676457,Ki,7.88
9822248,Cc1onc(c1COc2ccc(cn2)C(=O)NC3CCCCC3)c4ccccc4,CHEMBL3676482,Ki,7.88
9822257,Cc1onc(c1COc2ccc(cn2)C(=O)NC3CCCN(CC(=O)NC4CCOCC4)C3)c5ccccc5,CHEMBL3676498,Ki,7.88
9822266,Cc1onc(c1COc2ccc(cn2)C(=O)NCc3onc(n3)C4CC4)c5ccccc5,CHEMBL3676471,Ki,7.88
9822275,OC(CNC(=O)c1ccc(OCc2conc2c3ccc(F)cc3)nc1)C(F)(F)F,CHEMBL3681610,Ki,7.88
9822284,Cc1onc(c1COc2ccc(cn2)C(=O)N3CCOCC3)c4ccc(F)cc4,CHEMBL3681417,Ki,7.89
9822293,Fc1ccc(cc1)c2nocc2COc3ccc(cn3)C(=O)NC4CC4,CHEMBL3681606,Ki,7.89
9822302,Cc1nc(\C=C\c2c(nnn2C)c3ccccn3)sc1C(=O)NC4CCOCC4,CHEMBL3675684,Ki,7.9
9822311,Fc1ccc(cc1)c2noc(c2COc3ccc(cn3)C(=O)NC4CCOCC4)C(F)(F)F,CHEMBL3681449,Ki,7.9
9822320,Cc1onc(c1COc2ccc(cn2)C(=O)NC3CCCN(CC(=O)NC4CC4)C3)c5ccccc5,CHEMBL3676495,Ki,7.91
9822329,Clc1ccc(cc1)c2nocc2COc3ccc(cn3)C(=O)NC4CC4,CHEMBL3681619,Ki,7.91
9822338,Cc1onc(c1COc2ccc(cn2)C(=O)Nc3ccc(F)cc3)c4ccccc4,CHEMBL3676501,Ki,7.92
9822347,Cc1onc(c1COc2ccc(cn2)C(=O)NC(C)(C)C)c3ccccc3,CHEMBL3676499,Ki,7.93
9822356,Cc1onc(c1COc2ccc(cn2)C(=O)NCC3CCCOC3)c4ccccc4,CHEMBL3676526,Ki,7.93
9822365,CC(C)NC(=O)c1sc(\C=C\c2c(nnn2C)c3ccc(F)cc3)nc1C,CHEMBL3675679,Ki,7.95
9822374,COC(=O)c1ccc(OCc2c(C)onc2c3ccncn3)nc1,CHEMBL3681589,Ki,7.95
9822383,CC(C)C[C@@H](CO)NC(=O)c1ccc(OCc2c(C)onc2c3ccccc3)nc1,CHEMBL3681507,Ki,7.96
9822392,Cc1onc(c1COc2ccc(cn2)C(=O)N[C@@H]3CCCC[C@H]3O)c4ccccc4,CHEMBL3676429,Ki,7.96
9822401,OCCNC(=O)c1ccc(OCc2conc2c3ccc(Cl)cc3)nc1,CHEMBL3681622,Ki,7.96
9822410,C[C@H](CO)NC(=O)c1ccc(OCc2conc2c3ccc(Cl)cc3)nc1,CHEMBL3681630,Ki,7.97
9822419,Cc1onc(c1COc2cc(c(cn2)C(=O)NC3CCOCC3)C(F)(F)F)c4ccccc4,CHEMBL3676513,Ki,7.97
9822428,Cc1onc(c1CNc2ccc(cn2)C(=O)NC3CC3)c4ccccc4,CHEMBL3681470,Ki,7.98
9822437,Cc1onc(c1CNc2ccc(cn2)C(=O)NCCO)c3ccccc3,CHEMBL3681467,Ki,7.98
9822446,Cc1onc(c1COc2ccc(cn2)C(=O)N3CCSCC3)c4ccc(F)cc4,CHEMBL3681418,Ki,7.98
9822455,Fc1ccc(cc1)c2nocc2COc3ccc(cn3)C(=O)NC4CCOCC4,CHEMBL3681601,Ki,7.98
9822464,OCCCNC(=O)c1ccc(OCc2conc2c3ccc(Cl)cc3)nc1,CHEMBL3681624,Ki,7.99
9822473,CC(C)N1CCC(CC1)NC(=O)c2ccc(OCc3c(C)onc3c4ccccc4)nc2,CHEMBL3676488,Ki,8.0
9822484,Cc1onc(C2CCCCN2)c1CNc3ccc(cn3)C(=O)N4CCS(=O)(=O)CC4,CHEMBL3676452,Ki,8.0
9822493,Cc1onc(c1COc2ccc(NC(=O)C3CC3)cn2)c4ccccc4,CHEMBL3681485,Ki,8.0
9822502,Cc1onc(c1COc2ccc(cn2)C(=O)NC(C)(C)CO)c3ccccc3,CHEMBL3681486,Ki,8.0
9822511,Cc1onc(c1COc2ccc(cn2)C(=O)NC3CCCN(CC(=O)NCC(F)(F)F)C3)c4ccccc4,CHEMBL3676496,Ki,8.0
3097679,CN1C(=O)c2cc(Cl)ccc2n3cnc(C(=O)OCC4CC4)c13,CHEMBL458319,Ki,8.01
9822522,Cc1onc(c1COc2ccc(cn2)C(=O)NCC(F)(F)C(F)(F)F)c3ccccc3F,CHEMBL3676535,Ki,8.01
9822531,C[C@@H](O)CNC(=O)c1ccc(OCc2conc2c3ccc(F)cc3)nc1,CHEMBL3681614,Ki,8.02
9822540,CC(=O)Nc1ccc(OCc2c(C)onc2c3ccccc3)nc1,CHEMBL3681482,Ki,8.03
9822549,CCN1CCC(CC1)NC(=O)c2ccc(OCc3c(C)onc3c4ccccc4)nc2,CHEMBL3676487,Ki,8.03
9822558,Cc1onc(c1COc2ccc(cn2)C(=O)NC(C)(C)CO)c3ccc(F)c(F)c3,CHEMBL3681564,Ki,8.03
9822567,Cc1onc(c1COc2ccc(cn2)C(=O)NC3CCCN(CC(=O)O)C3)c4ccccc4,CHEMBL3676493,Ki,8.03
9822576,NC(=O)c1ccc(nc1)C(OCc2conc2c3ccc(F)cn3)C(F)(F)F,CHEMBL3686278,Ki,8.03
9822585,CC(CO)NC(=O)c1ccc(OCc2conc2c3ccc(F)cc3)nc1,CHEMBL3681602,Ki,8.05
9822594,Cc1onc(c1CNc2ccc(cn2)C(=O)NC3CCOCC3)c4ccccc4,CHEMBL3681471,Ki,8.06
3097817,COCc1c(ncc2[nH]c3ccc(OCc4ccccc4)cc3c12)C(=O)OC(C)C,CHEMBL454095,Kd,8.08
9822605,Cc1onc(c1COc2ccc(cn2)C(=O)NC3CCCN(CC(=O)NCCO)C3)c4ccccc4,CHEMBL3676497,Ki,8.08
9822614,Cc1onc(c1COc2ccc(cn2)C(=O)NCCNC(=O)OC(C)(C)C)c3ccccc3,CHEMBL3681517,Ki,8.08
9822623,Cc1onc(c1COc2ccc(cn2)C(=O)NC(C)(C)CO)c3ccncn3,CHEMBL3681592,Ki,8.09
9822632,Cc1onc(c1COc2ccc(cn2)C(=O)NCC3CC3)c4cccc(Cl)c4,CHEMBL3676548,Ki,8.09
9822641,Cc1onc(c1COc2ccc(cn2)C(=O)NCCCCCCO)c3ccccc3,CHEMBL3681522,Ki,8.09
9822650,Cc1onc(c1COc2ccc(cn2)C(=O)NC3CCOC(C)(C)C3)c4ccccc4,CHEMBL3676484,Ki,8.1
9822659,FC(F)(F)CNC(=O)c1ccc(OCc2conc2c3ccccn3)nc1,CHEMBL3686274,Ki,8.1
9822668,FC1CCC(NC1)c2nocc2COc3ccc(cn3)C(=O)NC4CCOCC4,CHEMBL3676439,Ki,8.1
9822677,O[C@H]1CCC[C@@H]1NC(=O)c2ccc(OCc3conc3c4ccc(Cl)cc4)nc2,CHEMBL3681628,Ki,8.1
9822686,CCC(CC)CNC(=O)c1ccc(OCc2c(C)onc2c3ccccc3)nc1,CHEMBL3676469,Ki,8.11
9822695,COCCNC(=O)c1ccc(OCc2c(C)onc2c3ccccc3)nc1,CHEMBL3681487,Ki,8.11
9822704,Cc1onc(c1COc2ccc(cn2)C(=O)NCC(C)(C)CO)c3ccccc3,CHEMBL3681490,Ki,8.11
9822713,Cc1onc(c1COc2ccc(cn2)C(=O)NCC(F)(F)F)c3cccc(Cl)c3,CHEMBL3676547,Ki,8.11
9822722,Cc1onc(c1CNc2ccc(cn2)C(=O)NCC3CC3)c4ccc(F)cc4,CHEMBL3681478,Ki,8.12
9822731,Cc1onc(c1COc2ccc(cn2)C(=O)NC3CC3)c4cccc(Cl)c4,CHEMBL3676549,Ki,8.12
9822740,Cc1onc(c1CNc2ccc(cn2)C(=O)NC3CC3)c4ccc(F)cc4,CHEMBL3681480,Ki,8.13
9822749,Cc1onc(c1COc2ccc(cn2)C(=O)N3CCSCC3)c4ccc(Cl)cc4,CHEMBL3681429,Ki,8.13
9822758,CC(C)NC(=O)c1ccc(OCc2conc2c3ccc(F)cc3)nc1,CHEMBL3681600,Ki,8.14
9822767,COC(=O)C(=O)Nc1ccc(OCc2c(C)onc2c3ccccc3)nc1,CHEMBL3681483,Ki,8.14
9822776,Cc1onc(c1COc2ccc(cn2)C(=O)NC3CCN(Cc4ccccc4)CC3)c5ccccc5,CHEMBL3676489,Ki,8.14
9822785,CC(O)CNC(=O)c1ccc(OCc2conc2c3ccc(Cl)cc3)nc1,CHEMBL3681623,Ki,8.15
9822794,Cc1onc(c1COc2ccc(cn2)C(=O)NC3CC3)c4ccncc4,CHEMBL3681453,Ki,8.15
3097420,CN1C(=O)CN=C(c2ccccc2)c3cc(ccc13)C#C,CHEMBL174535,Kd,8.16
9822805,CC(C)NC(=O)c1ccc(OCc2conc2C3CCC(F)CN3)nc1,CHEMBL3676440,Ki,8.17
9822814,CC(C)NC(=O)c1sc(\C=C\c2c(C)nnn2c3ccc(F)cc3)nc1C,CHEMBL3675682,Ki,8.17
9822823,Cc1onc(c1COc2ccc(cn2)C(=O)N3CCSCC3)c4ccccn4,CHEMBL3681575,Ki,8.17
9822832,Cc1onc(c1COc2ccc(cn2)C(=O)NCC(C)(C)O)c3ccc(F)c(F)c3,CHEMBL3681566,Ki,8.17
9822841,CC1=NNC(=O)C(=C1)CNC(=O)c2ccc(OCc3c(C)onc3c4ccccc4)nc2,CHEMBL3676475,Ki,8.19
9822850,Cc1onc(c1CNc2ccc(cn2)C(=O)NC3CCOCC3)c4ccc(F)cc4,CHEMBL3681481,Ki,8.19
9822859,Cc1onc(c1COc2ccc(cn2)C(=O)N[C@H]3CCCC[C@@H]3O)c4ccccc4,CHEMBL3681499,Ki,8.19
9822868,Clc1ccc(cc1)c2nocc2COc3ccc(cn3)C(=O)NC4CCOCC4,CHEMBL3681621,Ki,8.19
9822877,CN1CCC(CC1)NC(=O)c2ccc(OCc3c(C)onc3c4ccccc4)nc2,CHEMBL3676486,Ki,8.2
9822886,Cc1nc(\C=C\c2c(nnn2C)c3ccc(F)cc3)sc1C(=O)NC4CCOCC4,CHEMBL3675680,Ki,8.21
9822895,Cc1onc(c1COc2ccc(cn2)C(=O)NCCO)c3ccncn3,CHEMBL3681597,Ki,8.22
9822904,CC(C)NC(=O)c1ccc(NCc2c(C)onc2c3ccccc3)nc1,CHEMBL3681469,Ki,8.23
9822913,Cc1onc(c1CNc2ccc(cn2)C(=O)NCC(F)(F)F)c3ccc(F)cc3,CHEMBL3681477,Ki,8.23
9822922,Cc1onc(c1COc2ccc(cn2)C(=O)NCC(F)(F)F)c3ccncc3,CHEMBL3681451,Ki,8.23
9822931,CC(C)NC(=O)c1ccc(OCc2conc2c3ccc(Cl)cc3)nc1,CHEMBL3681620,Ki,8.25
9822940,Cc1onc(c1COc2ccc(cn2)C(=O)NC3CC3)c4ccncn4,CHEMBL3681591,Ki,8.25
9822949,Cc1onc(c1COc2ccc(cn2)C(=O)NC3CCOCC3)c4ccncc4,CHEMBL3681455,Ki,8.25
9822958,OCC(CO)NC(=O)c1ccc(OCc2conc2c3ccc(Cl)cc3)nc1,CHEMBL3681629,Ki,8.26
3097173,CN1Cc2c(ncn2c3ccc(cc3C1=O)C#C)C(=O)OCCCCCOC(=O)c4ncn5c4CN(C)C(=O)c6cc(ccc56)C#C,CHEMBL449393,Ki,8.27
9822969,Cc1onc(c1COc2ccc(cn2)C(=O)N3CCOCC3)c4ccc(Cl)cc4,CHEMBL3681428,Ki,8.27
9822978,COCCCNC(=O)c1ccc(OCc2c(C)onc2c3ccccc3)nc1,CHEMBL3676467,Ki,8.28
9822987,Cc1onc(c1COc2ccc(cn2)C(=O)NC3CCOCC3)c4cccc(F)c4F,CHEMBL3681559,Ki,8.28
9822996,Cc1onc(c1COc2ccc(cn2)C(=O)Nc3ccn(C)n3)c4ccccc4,CHEMBL3681541,Ki,8.29
9823005,CCN1CCCC(C1)NC(=O)c2ccc(OCc3c(C)onc3c4ccccc4)nc2,CHEMBL3676491,Ki,8.3
3097310,CCOC(=O)c1ncn2c1N(C)C(=O)c3cc(ccc23)C#C[Si](C)(C)C,CHEMBL461716,Kd,8.3
3097864,COc1ccc(cc1)N2Nc3c(cnc4ccccc34)C2=O,CHEMBL3144739,Kd,8.3
9823018,Cc1onc(c1COc2ccc(cn2)C(=O)N3CC(O)C3)c4ccccc4,CHEMBL3681493,Ki,8.3
9823027,Cc1onc(c1COc2ccc(cn2)C(=O)N[C@@H]3CCC[C@@H]3O)c4ccccc4,CHEMBL3681510,Ki,8.3
9823036,Cc1onc(c1COc2ccc(cn2)C(=O)NC3CCS(=O)(=O)CC3)c4ccccc4,CHEMBL3676485,Ki,8.31
9823045,CNC(=O)c1ccc(OCc2c(C)onc2c3ccncn3)nc1,CHEMBL3681595,Ki,8.32
9823054,Cc1onc(c1COc2ccc(cn2)C(=O)N[C@@H]3CCCC[C@@H]3O)c4ccccc4,CHEMBL3681503,Ki,8.32
9823063,CC(C)NC(=O)c1ccc(OCc2c(C)onc2c3ccc(F)c(F)c3)nc1,CHEMBL3681431,Ki,8.33
9823072,CC(C)OC(=O)c1ccc(OCc2c(C)onc2c3ccccc3)nc1,CHEMBL3676533,Ki,8.33
9823081,Cc1onc(c1COc2ccc(cn2)C(=O)N3CCS(=O)(=O)CC3)c4ccc(F)cc4,CHEMBL3681419,Ki,8.33
9823091,CCCC(=O)N(C)Cc1c(nc2ccccn12)c3ccc(Cl)cc3,CHEMBL73416,IC50,8.34
9823100,Cc1onc(c1COc2ccc(cn2)C(=O)NC3CCOCC3)c4ccccc4F,CHEMBL3676537,Ki,8.34
9823109,Cc1onc(c1COc2ccc(cn2)C(=O)NCC3CCOC3)c4ccccc4,CHEMBL3676527,Ki,8.34
9823118,Cc1onc(c1COc2ccc(cn2)C(=O)NCc3ccccn3)c4ccccc4,CHEMBL3676474,Ki,8.34
9823127,CC(C)NC(=O)c1ccc(OCc2c(C)onc2c3ccncc3)nc1,CHEMBL3681454,Ki,8.35
9823136,COC(=O)c1ccc(OCc2c(C)onc2c3ccc(Cl)cc3)nc1,CHEMBL3681421,Ki,8.35
9823145,Cc1onc(c1COc2ccc(cn2)C(=O)NC3CCS(=O)(=O)C3)c4ccccc4,CHEMBL3639803,Ki,8.35
9823154,Cc1onc(c1COc2ccc(cn2)C(=O)NC3CN(C3)C(=O)OC(C)(C)C)c4ccccc4,CHEMBL3681516,Ki,8.35
9823163,Cc1onc(c1COc2ccc(cn2)C(=O)NCC(F)(F)F)c3ccccc3F,CHEMBL3676534,Ki,8.35
9823172,Cc1onc(c1COc2ccc(cn2)C(=O)NCCF)c3ccccc3,CHEMBL3676462,Ki,8.36
9823181,Cc1onc(c1COc2ccc(cn2)C(=O)N[C@H]3CCCC[C@H]3O)c4ccccc4,CHEMBL3681504,Ki,8.36
9823190,CNC(=O)c1ccc(OCc2c(C)onc2c3ccccc3)nc1,CHEMBL3676460,Ki,8.37
9823199,C[C@@H](CO)NC(=O)c1ccc(OCc2conc2c3ccc(Cl)cc3)nc1,CHEMBL3681631,Ki,8.37
9823208,Cc1onc(c1COc2ccc(cn2)C(=O)NC3CCOCC3)c4cc(F)ccc4F,CHEMBL3681563,Ki,8.37
9823217,Cc1onc(c1COc2ccc(cn2)C(=O)NCCN3CCNC3=O)c4ccccc4,CHEMBL3681514,Ki,8.37
9823226,Cc1onc(c1COc2ccc(cn2)C(=O)N3CCOCC3)c4ccc(F)cn4,CHEMBL3681579,Ki,8.39
9823235,Cc1onc(c1COc2ccc(cn2)C(=O)NC(C)(C)CO)c3ccc(Cl)cc3,CHEMBL3681551,Ki,8.39
9823244,Cc1onc(c1COc2ccc(cn2)C(=O)NCC3CC3)c4ccncc4,CHEMBL3681452,Ki,8.39
9823253,Cc1onc(c1COc2ccc(cn2)C(=O)NCCCCCO)c3ccccc3,CHEMBL3681521,Ki,8.39
9823262,CC(=O)NCCNC(=O)c1ccc(OCc2c(C)onc2c3ccccc3)nc1,CHEMBL3681505,Ki,8.4
3097195,CCOC(=O)c1ncn2c1C3CCCN3C(=O)c4cc(ccc24)C#C[Si](C)(C)C,CHEMBL518197,Kd,8.4
9823275,Cc1onc(C2CCCCN2)c1COc3ccc(cn3)C(=O)NC(C)(C)CO,CHEMBL3676432,Ki,8.4
9823284,Cc1onc(c1COc2ccc(cn2)C(=O)NC3CCCC3)c4ccccc4,CHEMBL3676481,Ki,8.41
9823293,Cc1onc(c1COc2ccc(cn2)C(=O)NC3CCCC3O)c4ccccc4,CHEMBL3681500,Ki,8.41
9823302,Cc1onc(c1COc2ccc(cn2)C(=O)NC3CCOCC3)c4cccc(Cl)c4,CHEMBL3676550,Ki,8.41
9823311,Cc1onc(c1COc2ccc(cn2)C(=O)NCC3CC3)c4ccccc4,CHEMBL3676468,Ki,8.41
3097750,CCOC(=O)c1ncn2c1CN(C)C(=O)c3cc(ccc23)N=[N+]=[N-],CHEMBL6597,Kd,8.42
9823322,COC(=O)c1ccc(OCc2c(C)onc2c3ccccn3)nc1,CHEMBL3681568,Ki,8.42
9823331,Cc1onc(c1COc2ccc(cn2)C(=O)O)c3ccc(Cl)cn3,CHEMBL3681581,Ki,8.42
9823340,CC(C)NC(=O)c1ccc(NCc2c(C)onc2c3ccc(F)cc3)nc1,CHEMBL3681479,Ki,8.43
9823349,CC(C)NC(=O)c1ccc(OCc2c(C)onc2c3ccccc3F)nc1,CHEMBL3676536,Ki,8.44
9823358,Cc1onc(c1COc2ccc(cn2)C(=O)NC3(C)CC3)c4ccccc4,CHEMBL3681536,Ki,8.44
9823367,Cc1onc(c1COc2ccc(cn2)C(=O)NCC(C)(C)CO)c3ccc(F)c(F)c3,CHEMBL3681565,Ki,8.48
9823376,Cc1onc(c1COc2ccc(cn2)c3onc(C)n3)c4ccccc4,CHEMBL3681542,Ki,8.48
9823385,Cc1cccc(c1)c2noc(C)c2COc3ccc(cn3)C(=O)NC4CCOCC4,CHEMBL3681546,Ki,8.5
9823394,Cc1onc(c1COc2ccc(cn2)C(=O)NCC3CC3)c4cccc(F)c4,CHEMBL3676539,Ki,8.5
9823403,CC(C)NC(=O)c1ccc(OCc2c(C)onc2c3cccc(C)c3)nc1,CHEMBL3681547,Ki,8.51
9823412,CCNC(=O)c1ccc(OCc2c(C)onc2c3ccncn3)nc1,CHEMBL3681594,Ki,8.51
9823421,Cc1cccc(OCc2c(C)onc2c3ccccc3)n1,CHEMBL3676454,Ki,8.51
9823430,CC(C)NC(=O)c1ccc(OCc2c(C)onc2c3ccncn3)nc1,CHEMBL3681590,Ki,8.52
9823441,Cc1onc(c1COc2ccc(cn2)C(=O)NCC(F)(F)F)c3cccc(F)c3,CHEMBL3676538,Ki,8.52
9823450,CC(C)NC(=O)c1cnc(OCc2c(C)onc2c3ccccc3)c(C)c1,CHEMBL3676519,Ki,8.53
9823459,CCNC(=O)c1ccc(OCc2c(C)onc2c3ccccc3)nc1,CHEMBL3676461,Ki,8.54
9823468,Cc1onc(c1CNc2ccc(cn2)C(=O)N3CCS(=O)(=O)CC3)c4ccc(Cl)cc4,CHEMBL3676451,Ki,8.54
9823477,Cc1onc(c1COc2ccc(cn2)C(=O)NC3(CC3)C#N)c4ccccc4,CHEMBL3681540,Ki,8.54
9823486,Cc1onc(c1COc2ccc(cn2)C(=O)NC3CCCCC3O)c4ccccc4,CHEMBL3681494,Ki,8.54
9823495,Cc1onc(c1COc2ccc(cn2)C(=O)NC3CCC3)c4ccccc4,CHEMBL3676480,Ki,8.55
9823504,Cc1onc(c1COc2ccc(cn2)C(=O)NCc3nc(cs3)C#N)c4ccccc4,CHEMBL3676473,Ki,8.55
9823513,Cc1onc(c1COc2ccc(cn2)C(=O)NC3CC3)c4ccccc4,CHEMBL3676479,Ki,8.57
9823522,Cc1onc(c1COc2ccc(cn2)C(=O)NCC(F)(F)F)c3ccc(F)c(F)c3,CHEMBL3681430,Ki,8.57
9823531,Cc1onc(c1COc2ccc(cn2)C(=O)N[C@H]3CCC[C@H]3O)c4ccccc4,CHEMBL3681511,Ki,8.57
2657969,CN1CC2N(CN=C2C(=O)OC(C)(C)C)c3ccc(cc3C1=O)C#C[Si](C)(C)C,CHEMBL471977,Ki,8.58
3097398,CCOC(=O)c1ncn2c3ccc(cc3C(=O)N4CC[C@H]4c12)C#C[Si](C)(C)C,CHEMBL130416,Kd,8.59
9823544,Cc1nnn(c1\C=C\c2nc(C)c(s2)C(=O)NC3CCOCC3)c4ccc(F)cc4,CHEMBL3675681,Ki,8.59
9823553,Cc1onc(c1COc2ccc(cn2)C(=O)NC3CC(C3)OCc4ccccc4)c5ccccc5,CHEMBL3681524,Ki,8.59
9823562,Cc1onc(c1COc2ccc(cn2)C(=O)NCCCCO)c3ccccc3,CHEMBL3681520,Ki,8.59
9823571,Cc1onc(c1COc2ccc(cn2)C(=O)NCCO)c3ccccc3,CHEMBL3676465,Ki,8.59
9823580,CC(O)CNC(=O)c1ccc(OCc2c(C)onc2c3ccccc3)nc1,CHEMBL3676466,Ki,8.6
9823589,CC(C)NC(=O)c1ccc(OCc2c(C)onc2c3ccc(F)cc3F)nc1,CHEMBL3681560,Ki,8.62
9823598,Cc1onc(c1COc2ccc(cn2)C(=O)NC3CCOCC3)c4ccc(F)c(F)c4,CHEMBL3681432,Ki,8.62
9823607,CC(C)NC(=O)c1ccc(OCc2c(C)onc2c3cccc(F)c3)nc1,CHEMBL3676540,Ki,8.64
9823616,CC(O)CCNC(=O)c1ccc(OCc2c(C)onc2c3ccccc3)nc1,CHEMBL3681515,Ki,8.64
9823625,CC[C@H](CO)NC(=O)c1ccc(OCc2c(C)onc2c3ccccc3)nc1,CHEMBL3681509,Ki,8.64
9823634,Cc1onc(c1COc2ccc(cn2)C(=O)NC3CCOCC3)c4ccc(F)cc4F,CHEMBL3681561,Ki,8.64
9823643,Cc1onc(c1COc2ccc(cn2)C(=O)NCC(C)(C)O)c3ccccc3,CHEMBL3681495,Ki,8.64
9823652,Cc1onc(c1COc2ccc(cn2)C(=O)NCC(O)C(F)(F)F)c3ccccc3,CHEMBL3681488,Ki,8.64
6080663,Cn1ncnc1COc2nn3c(nnc3cc2C(C)(C)C)c4cc(F)ccc4F,CHEMBL373250,Ki,8.64
9823663,Cc1onc(c1COc2ccc(cn2)C(=O)NCC(F)(F)F)c3ccccc3,CHEMBL3676464,Ki,8.66
9823672,Cc1onc(c1COc2ccc(cn2)C(=O)NCCCO)c3ccccc3,CHEMBL3681519,Ki,8.66
9823681,Cc1onc(c1COc2ccc(cn2)C(=O)NC3CCOCC3)c4ccccc4,CHEMBL3676483,Ki,8.68
9823690,Cc1onc(c1COc2ccc(cn2)C(=O)NCC(F)(F)F)c3ccc(Cl)cc3,CHEMBL3681423,Ki,8.68
9823699,Cc1onc(c1COc2ccc(cn2)C(=O)NCC3(O)CC3)c4ccccc4,CHEMBL3681496,Ki,8.68
9823708,COC(=O)c1ccc(OCc2c(C)onc2c3ccc(F)cn3)nc1,CHEMBL3681577,Ki,8.7
9823717,Cc1onc(c1COc2ccc(cn2)C(=O)NCC(F)F)c3ccccc3,CHEMBL3676463,Ki,8.7
9823726,Cc1onc(c1COc2ccc(cn2)C(=O)NCC(O)CO)c3ccccc3,CHEMBL3681518,Ki,8.7
9823735,Cc1onc(c1COc2ccc(cn2)C(=O)N[C@H]3CCC[C@@H]3O)c4ccccc4,CHEMBL3681512,Ki,8.7
9823744,C[C@H](NC(=O)c1ccc(OCc2c(C)onc2c3ccccc3)nc1)C(F)(F)F,CHEMBL3681532,Ki,8.72
9823753,CC(C)[C@@H](CO)NC(=O)c1ccc(OCc2c(C)onc2c3ccccc3)nc1,CHEMBL3681506,Ki,8.75
9823762,C[C@H](CO)NC(=O)c1ccc(OCc2c(C)onc2c3ccccc3)nc1,CHEMBL3681497,Ki,8.77
9823771,Cc1onc(c1COc2ccc(cn2)C(=O)NC(CO)CO)c3ccccc3,CHEMBL3681501,Ki,8.77
9823780,Cc1onc(c1COc2ccc(cn2)C(=O)NC3CCOCC3)c4cccc(F)c4,CHEMBL3676542,Ki,8.77
3097593,CCOC(=O)c1ncn2c1N(C)C(=O)c3cc(ccc23)C#C,CHEMBL471978,Ki,8.78
9823791,COC(=O)c1ccc(OCc2c(C)onc2c3ccc(Cl)cn3)nc1,CHEMBL3681580,Ki,8.8
9823800,Cc1onc(c1COc2ccc(cn2)C(=O)NC3CC3)c4ccccn4,CHEMBL3681574,Ki,8.8
9823809,Cc1onc(c1COc2ccc(cn2)C(=O)N[C@@H]3CCC[C@H]3O)c4ccccc4,CHEMBL3681513,Ki,8.8
9823818,Cc1onc(c1COc2ccc(cn2)C(=O)N[C@H]3CCOC3)c4ccccc4,CHEMBL3681502,Ki,8.8
3097635,CCOC(=O)C1=NCN2C1CN(C)C(=O)c3cc(CC)ccc23,CHEMBL454865,Kd,8.82
9823829,Cc1onc(c1COc2ccc(cn2)C(=O)NCC3CC3)c4ccc(F)cc4,CHEMBL3676555,Ki,8.82
9823838,Cc1onc(c1COc2ccc(cn2)C(=O)NCC3CC3)c4ccccn4,CHEMBL3681573,Ki,8.82
3097853,Cc1onc(c1)c2nncc3c(c(OCc4ncnn4C)nn23)C(C)(C)C,CHEMBL363211,Ki,8.85
9823849,Cc1onc(c1COc2ccc(cn2)C(=O)NC3(C)COC3)c4ccccc4,CHEMBL3681529,Ki,8.85
9823858,Cc1onc(c1COc2ncc(cc2C)C(=O)NC3CCOCC3)c4ccccc4,CHEMBL3676516,Ki,8.85
9823867,CC(C)NC(=O)c1ccc(OCc2c(C)onc2c3ccccc3)nc1,CHEMBL3676478,Ki,8.89
9823876,CNC(=O)c1ccc(OCc2c(C)onc2C3CCCCN3)nc1,CHEMBL3676430,Ki,8.89
9823885,C[C@H](NC(=O)c1ccc(OCc2c(C)onc2c3ccc(Cl)cc3)nc1)C(F)(F)F,CHEMBL3681555,Ki,8.89
9823894,Cc1onc(c1COc2ccc(cn2)C(=O)NCC3CC3)c4ccc(Cl)cc4,CHEMBL3681424,Ki,8.89
9823903,Cc1onc(C2CCC(F)CN2)c1COc3ccc(cn3)C(=O)NC(C)(C)CO,CHEMBL3676438,Ki,8.92
9823912,Cc1onc(C2CNCC(F)C2)c1COc3ccc(cn3)C(=O)N4CCS(=O)(=O)CC4,CHEMBL3676447,Ki,8.92
9823921,Cc1onc(c1COc2ccc(cn2)C(=O)NCC(F)(F)F)c3ccc(F)cc3,CHEMBL3676554,Ki,8.92
9823930,CCNC(=O)c1ccc(OCc2c(C)onc2C3CCCCN3)nc1,CHEMBL3676431,Ki,8.96
9823939,COCCNC(=O)c1ccc(OCc2c(C)onc2C3CCCCN3)nc1,CHEMBL3676434,Ki,8.96
9823948,Cc1onc(c1COc2ccc(cn2)C(=O)NC3CC3)c4ccc(Cl)cc4,CHEMBL3681426,Ki,8.96
9823957,Cc1onc(c1COc2ccc(cn2)C(=O)NC3CC3)c4ccc(F)cc4,CHEMBL3681415,Ki,8.96
9823966,Cc1onc(c1COc2ccc(cn2)C(=O)NC3CCOCC3)c4ccccn4,CHEMBL3681569,Ki,8.96
9823975,Cc1onc(c1COc2ccc(cn2)C(=O)NCC(F)(F)F)c3ccccn3,CHEMBL3681572,Ki,8.96
9823984,Cc1onc(c1COc2ccc(cn2)C(=O)Nc3cnn(C)c3)c4ccccc4,CHEMBL3681534,Ki,8.96
9823993,Cc1onc(c1COc2ccc(cn2)c3nnc(C)[nH]3)c4ccccc4,CHEMBL3681543,Ki,8.96
9824002,CC(C)NC(=O)c1ccc(OCc2c(C)onc2c3ccc(C)cc3)nc1,CHEMBL3681549,Ki,9.0
9824011,CC(CO)NC(=O)c1ccc(OCc2c(C)onc2c3ccccc3)nc1,CHEMBL3681492,Ki,9.0
3097701,CCOC(=O)c1[nH]cc2nc3cc(OC)c(OC)cc3c2c1CC,CHEMBL85861,Kd,9.0
9824022,Cc1ccc(cc1)c2noc(C)c2COc3ccc(cn3)C(=O)NC4CCOCC4,CHEMBL3681548,Ki,9.05
3097721,CCOC(=O)c1ncn2c1CN(C)C(=O)c3cc(Cl)ccc23,CHEMBL415290,Ki,9.07
9824033,CC(C)NC(=O)c1ccc(OCc2c(C)onc2c3ccc(C)cc3F)nc1,CHEMBL3681550,Ki,9.1
9824042,C[C@H](CO)NC(=O)c1ccc(OCc2c(C)onc2c3ccc(Cl)cc3)nc1,CHEMBL3681553,Ki,9.1
9824051,Cc1onc(c1COc2ccc(cn2)C(=O)NC3CCOCC3)c4ccc(Cl)cc4,CHEMBL3681427,Ki,9.1
9824060,Cc1onc(c1COc2ccc(cn2)C(=O)NC3CCOCC3)c4ccc(F)cc4,CHEMBL3681416,Ki,9.1
9824069,Cc1onc(c1COc2ccc(cn2)C(=O)Nc3cnn(C)c3)c4ccc(Cl)cc4,CHEMBL3681552,Ki,9.1
9824078,CC(C)NC(=O)c1ccc(OCc2c(C)onc2c3ccc(Cl)cc3)nc1,CHEMBL3681425,Ki,9.16
9824087,CC(C)NC(=O)c1ccc(OCc2c(C)onc2c3ccc(F)cc3)nc1,CHEMBL3676556,Ki,9.16
9824096,CC[C@@H](CO)NC(=O)c1ccc(OCc2c(C)onc2c3ccccc3)nc1,CHEMBL3681508,Ki,9.16
9824105,C[C@@H](CO)NC(=O)c1ccc(OCc2c(C)onc2c3ccccc3)nc1,CHEMBL3681498,Ki,9.16
9824114,Cc1onc(c1COc2ccc(cn2)C(=O)N[C@@H]3CCC[C@H]3O)c4ccc(Cl)cc4,CHEMBL3681556,Ki,9.16
3097657,CN1C(=O)c2cc(Cl)ccc2n3cnc(C(=O)OC(C)(C)C)c13,CHEMBL458147,Ki,9.19
9824125,CC(C)NC(=O)c1ccc(OCc2c(C)onc2c3ccccn3)nc1,CHEMBL3681570,Ki,9.22
9824134,CC(NC(=O)c1ccc(OCc2c(C)onc2c3ccccc3)nc1)C(F)(F)F,CHEMBL3681531,Ki,9.22
9824143,Cc1onc(C2CCC(F)CN2)c1COc3ccc(cn3)C(=O)NC4CC4,CHEMBL3676437,Ki,9.22
9824152,Cc1onc(C2CNCC(Cl)C2)c1COc3ccc(cn3)C(=O)N4CCS(=O)(=O)CC4,CHEMBL3676448,Ki,9.22
9824161,Cc1onc(c1COC(O)C(C)(C)c2ccc(cn2)C(=O)N)c3ccc(Cl)cn3,CHEMBL3681582,Ki,9.22
9824170,Cc1onc(c1COCc2ccc(cn2)C(=O)N)c3ccc(F)cn3,CHEMBL3681584,Ki,9.22
9824179,Cc1onc(c1COc2ccc(cn2)C(=O)N3CCOCC3)c4ccc(Cl)cn4,CHEMBL3639804,Ki,9.22
9824188,CCNC(=O)c1ccc(OCc2c(C)onc2c3ccc(F)cn3)nc1,CHEMBL3676423,Ki,9.3
9824200,C[C@@H](CO)NC(=O)c1ccc(OCc2c(C)onc2c3ccc(Cl)cc3)nc1,CHEMBL3681554,Ki,9.3
9824209,C[C@H](NC(=O)c1ccc(OCc2c(C)onc2c3ccc(F)cn3)nc1)C(F)(F)F,CHEMBL3681583,Ki,9.3
9824218,Cc1onc(C2CCCCN2)c1COc3ccc(cn3)C(=O)NCCO,CHEMBL3676433,Ki,9.3
9824227,Cc1onc(c1COc2ccc(cn2)C(=O)N[C@H]3CCC[C@@H]3O)c4ccc(Cl)cc4,CHEMBL3681557,Ki,9.3
634083,CCOC(=O)c1ncn2c1CN(C)C(=O)c3cc(ccc23)C#C,CHEMBL286594,Ki,9.31
3097532,CCOC(=O)c1ncn2c1[C@@H]3CCCN3C(=O)c4cc(OC)ccc24,CHEMBL52030,Ki,9.35
9824240,CC(C)NC(=O)c1ccc(OCc2c(C)onc2c3ccc(Cl)cc3F)nc1,CHEMBL3681567,Ki,9.4
9824249,Cc1onc(C2CCC(F)CN2)c1COc3ccc(cn3)C(=O)NC4CCOCC4,CHEMBL3676435,Ki,9.4
9824258,Cc1onc(C2CCC(F)CN2)c1COc3ccc(cn3)C(=O)NCC4CC4,CHEMBL3639753,Ki,9.4
9824267,Cc1onc(c1COc2ccc(cn2)C(=O)N3CCSCC3)c4ccc(Cl)cn4,CHEMBL3681587,Ki,9.4
9824276,Cc1onc(c1COc2ccc(cn2)C(=O)NCCO)c3ccc(F)cn3,CHEMBL3676422,Ki,9.4
9824285,CC(C)NC(=O)c1ccc(OCc2c(C)onc2C3CCC(F)CN3)nc1,CHEMBL3676436,Ki,9.52
9824294,CC(C)NC(=O)c1ccc(OCc2c(C)onc2c3ccc(Cl)cn3)nc1,CHEMBL3676425,Ki,9.52
9824303,Cc1onc(c1COC(C2CC2)c3ccc(cn3)C(=O)N)c4ccc(Cl)cn4,CHEMBL3681585,Ki,9.52
9824312,Cc1onc(c1COc2ccc(cn2)C(=O)NC3CC3)c4ccc(Cl)cn4,CHEMBL3676426,Ki,9.52
9824321,Cc1onc(c1COc2ccc(cn2)C(=O)NC3CCOCC3)c4ccc(Cl)cn4,CHEMBL3676424,Ki,9.52
9824330,Cc1onc(c1COc2ccc(cn2)C(=O)NCC(F)(F)F)c3ccc(F)cn3,CHEMBL3676421,Ki,9.52
9824339,Cc1onc(c1COC(c2ccc(cn2)C(=O)N)C(F)(F)F)c3ccc(Cl)cn3,CHEMBL3681586,Ki,9.7
9824348,Cc1onc(c1COC(O)Cc2ccc(cn2)C(=O)N)c3ccc(Cl)cn3,CHEMBL3681588,Ki,10.0
