id,smiles,name,assay_type,activity_value
588745,COC(F)(F)C(Cl)Cl,methoxyflurane,N/A,N/A
588755,FC(F)OC(F)C(F)(F)F,desflurane,N/A,N/A
588764,FC(F)OC(Cl)C(F)(F)F,isoflurane,N/A,N/A
588773,FC(F)(F)C(Cl)Br,halothane,N/A,N/A
588782,CCC1(CC)C(=O)NC(=O)N(C)C1=O,metharbital,N/A,N/A
588791,FCOC(C(F)(F)F)C(F)(F)F,sevoflurane,N/A,N/A
588800,CCC(C)C1(CC=C)C(=O)NC(=O)NC1=O,talbutal,N/A,N/A
588809,OP(O)(=O)OCC(Cl)(Cl)Cl,triclofos,N/A,N/A
588818,CCCC(C)C1(CC=C)C(=O)NC(=S)NC1=O,thiamylal,N/A,N/A
588827,CN1C2=CC=C(Cl)C=C2C(=NCC1=O)C1=CC=CC=C1,diazepam,Ki,6.6655
588839,CN1CCN(CC1)C(=O)OC1N(C(=O)C2=C1N=CC=N2)C1=CC=C(Cl)C=N1,zopiclone,Ki,6.4881
588849,CC1=NN=C2CN=C(C3=CC(Cl)=CC=C3N12)C1=C(Cl)C=CC=C1,triazolam,Ki,8.1079
588859,CC1=NC=C2CN=C(C3=CC(Cl)=CC=C3N12)C1=C(F)C=CC=C1,midazolam,Ki,7.6126
588869,CN1CCN(CC1)C(=O)O[C@@H]1N(C(=O)C2=NC=CN=C12)C1=CC=C(Cl)C=N1,eszopiclone,N/A,N/A
588894,FC(F)(F)CN1C2=CC=C(Cl)C=C2C(=NCC1=O)C1=CC=CC=C1,halazepam,N/A,N/A
588903,CC(C)C1=CC=CC(C(C)C)=C1OCOP(O)(O)=O,fospropofol,N/A,N/A
588916,CN(C)CC1=NN=C2CN=C(C3=CC=CC=C3)C3=CC(Cl)=CC=C3N12,adinazolam,N/A,N/A
589029,CN1\C(=C\C=C\2/CCCC(=C2)\C=C\C3=[N+](CCCCCC(=O)NCCCC[C@H](NC(=O)CCCCCCC(=O)NCCCCC(NC(=O)N[C@@H](CCC(=O)O)C(=O)O)C(=O)O)C(=O)NCc4ccc(cc4)c5ccc(O)c(c5)c6cc7cc(ccc7[nH]6)C(=N)N)c8ccc(cc8C3(C)C)S(=O)(O)O)\C(C)(C)c9cc(ccc19)S(=O)(O)O,CHEMBL3828668,IC50,7.55
