id,smiles,name,assay_type,activity_value
1257380,Cl[C@@H]1[C@@H](Cl)[C@H](Cl)[C@H](Cl)[C@@H](Cl)[C@@H]1Cl,lindane,IC50,7.04
3542613,NCCCC(O)=O,aminobutyric acid,EC50,6.57000017
3542637,CCCCP(=O)(O)C1=CC[C@H](N)C1,CHEMBL446306,IC50,5.01
3542648,NC1CC=C(C1)C(=O)N,CHEMBL2398115,IC50,5.02
3542659,NC1=NCC(CN1)C(=O)O,CHEMBL3322886,EC50,5.09
3542670,NC1CC=C(C1)C(=O)O,CHEMBL2398121,IC50,5.18
3542681,NCc1cnn(O)c1,CHEMBL2315213,EC50,5.51
3542692,NC1=NCC(CC1)C(=O)O,CHEMBL3322882,EC50,5.64
2958218,NCc1onc(O)c1,CHEMBL273481,EC50,5.64
3542705,CP(=O)(O)C1=CCNCC1,CHEMBL397209,IC50,5.65
3542717,NCCCC(=O)O,CHEMBL96,EC50,6.0
1255355,ClC1=C(Cl)[C@@]2(Cl)[C@@H]3COS(=O)OC[C@@H]3[C@]1(Cl)C2(Cl)Cl,CHEMBL1890408,IC50,6.1
