id,smiles,name,assay_type,activity_value
588745,COC(F)(F)C(Cl)Cl,methoxyflurane,N/A,N/A
588755,FC(F)OC(F)C(F)(F)F,desflurane,N/A,N/A
1256790,CC(C)C1=CC=CC(C(C)C)=C1O,propofol,EC50,5.7
588764,FC(F)OC(Cl)C(F)(F)F,isoflurane,N/A,N/A
588773,FC(F)(F)C(Cl)Br,halothane,N/A,N/A
588782,CCC1(CC)C(=O)NC(=O)N(C)C1=O,metharbital,N/A,N/A
588791,FCOC(C(F)(F)F)C(F)(F)F,sevoflurane,N/A,N/A
588800,CCC(C)C1(CC=C)C(=O)NC(=O)NC1=O,talbutal,N/A,N/A
588809,OP(O)(=O)OCC(Cl)(Cl)Cl,triclofos,N/A,N/A
588818,CCCC(C)C1(CC=C)C(=O)NC(=S)NC1=O,thiamylal,N/A,N/A
588827,CN1C2=CC=C(Cl)C=C2C(=NCC1=O)C1=CC=CC=C1,diazepam,Ki,6.7055
588839,CN1CCN(CC1)C(=O)OC1N(C(=O)C2=C1N=CC=N2)C1=CC=C(Cl)C=N1,zopiclone,Ki,7.1759
1256818,CN(C)C(=O)CC1=C(N=C2C=CC(C)=CN12)C1=CC=C(C)C=C1,zolpidem,EC50,6.7033
1256832,CCN(C(C)=O)C1=CC(=CC=C1)C1=CC=NC2=C(C=NN12)C#N,zaleplon,EC50,6.5302
588849,CC1=NN=C2CN=C(C3=CC(Cl)=CC=C3N12)C1=C(Cl)C=CC=C1,triazolam,Ki,9.1549
1542133,[H][C@@]12CO[C@@]3(COS(N)(=O)=O)OC(C)(C)O[C@@]3([H])[C@]1([H])OC(C)(C)O2,topiramate,N/A,N/A
3096574,CCCC(C)C1(CC)C(=O)NC(=S)NC1=O,thiopental,N/A,N/A
3096583,CN1C2=CC=C(Cl)C=C2C(=NC(O)C1=O)C1=CC=CC=C1,temazepam,N/A,N/A
3096593,CCCC(C)C1(CC=C)C(=O)NC(=O)NC1=O,secobarbital,N/A,N/A
3096602,CCC1(C(=O)NCNC1=O)C1=CC=CC=C1,primidone,N/A,N/A
3096611,ClC1=CC=C2N(CC3CC3)C(=O)CN=C(C3=CC=CC=C3)C2=C1,prazepam,N/A,N/A
1256805,CCCC(C)C1(CC)C(=O)NC(=O)NC1=O,pentobarbital,EC50,4.301
1256850,OC1N=C(C2=CC=CC=C2)C2=CC(Cl)=CC=C2NC1=O,oxazepam,IC50,7.745
3096624,[O-][N+](=O)C1=CC=C2NC(=O)CN=C(C3=CC=CC=C3)C2=C1,nitrazepam,EC50,8.0
588859,CC1=NC=C2CN=C(C3=CC(Cl)=CC=C3N12)C1=C(F)C=CC=C1,midazolam,Ki,8.7447
1256860,[H]C1(C)CNC(=O)C(CC)(CC)C1=O,methyprylon,N/A,N/A
1256869,CCC#CC(C)C1(CC=C)C(=O)NC(=O)N(C)C1=O,methohexital,N/A,N/A
1256878,CCCC(C)(COC(N)=O)COC(N)=O,meprobamate,N/A,N/A
1256890,OC1N=C(C2=CC(Cl)=CC=C2NC1=O)C1=C(Cl)C=CC=C1,lorazepam,IC50,8.456
1256900,CCC1(CCC(=O)NC1=O)C1=CC=CC=C1,glutethimide,N/A,N/A
3096642,CCN(CC)CCN1C2=CC=C(Cl)C=C2C(=NCC1=O)C1=C(F)C=CC=C1,flurazepam,IC50,8.1
1256909,CCOC(=O)C1=C2CN(C)C(=O)C3=CC(F)=CC=C3N2C=N1,flumazenil,Ki,9.0969
2466517,CCOC(=O)c1cncn1[C@H](C)c2ccccc2,etomidate,EC50,5.4559
1256927,CCC(O)(C=CCl)C#C,ethchlorvynol,N/A,N/A
588869,CN1CCN(CC1)C(=O)O[C@@H]1N(C(=O)C2=NC=CN=C12)C1=CC=C(Cl)C=N1,eszopiclone,Ki,7.3
1256936,ClC1=CC=C2N3C=NN=C3CN=C(C3=CC=CC=C3)C2=C1,estazolam,N/A,N/A
1256955,OC(=O)C1N=C(C2=CC=CC=C2)C2=CC(Cl)=CC=C2NC1=O,clorazepate,EC50,7.47
3096668,[O-][N+](=O)C1=CC=C2NC(=O)CN=C(C2=C1)C1=C(Cl)C=CC=C1,clonazepam,Ki,8.0706
3096678,CN1C2=CC=C(Cl)C=C2N(C2=CC=CC=C2)C(=O)CC1=O,clobazam,N/A,N/A
1256966,CNC1=NC2=CC=C(Cl)C=C2C(C2=CC=CC=C2)=[N+]([O-])C1,chlordiazepoxide,Ki,6.2518
1256980,CC(C)CC1(CC=C)C(=O)NC(=O)NC1=O,butalbital,N/A,N/A
3096690,CCC(C)C1(CC)C(=O)NC(=O)NC1=O,secbutabarbital,N/A,N/A
1256989,CC1=NN=C2CN=C(C3=CC=CC=C3)C3=CC(Cl)=CC=C3N12,alprazolam,EC50,7.4318
415135,CC(=O)NCCCS(O)(=O)=O,acamprosate,N/A,N/A
3096702,FC1=C(C=CC=C1)C1=NCC(=S)N(CC(F)(F)F)C2=CC=C(Cl)C=C12,quazepam,Ki,7.7077
588894,FC(F)(F)CN1C2=CC=C(Cl)C=C2C(=NCC1=O)C1=CC=CC=C1,halazepam,N/A,N/A
588903,CC(C)C1=CC=CC(C(C)C)=C1OCOP(O)(O)=O,fospropofol,N/A,N/A
588916,CN(C)CC1=NN=C2CN=C(C3=CC=CC=C3)C3=CC(Cl)=CC=C3N12,adinazolam,N/A,N/A
3096726,CN1C2=CC=C(C=C2C(=NCC1=O)C1=C(F)C=CC=C1)[N+]([O-])=O,flunitrazepam,Ki,8.27999973
1257214,CN1C(=O)NC(=O)[C@](CC=C)(C1=O)c2cccc(c2)C3(N=N3)C(F)(F)F,CHEMBL2163548,IC50,5.42
3096924,CN1Cc2c(ncn2c3ccc(cc3C1=O)C#C)C(=O)OCOCOC(=O)c4ncn5c4CN(C)C(=O)c6cc(ccc56)C#C,CHEMBL505497,Ki,5.42
3096935,COc1ccc(cc1)C(=O)N2CCc3nc(O)n4cc(nc4c3C2)c5ccccc5F,CHEMBL146317,EC50,5.66
3096946,CCCCCc1ncn2c1N(C)C(=O)c3cc(Cl)ccc23,CHEMBL471115,Ki,5.69
3096957,CCc1ccc2c(c1)C(=O)N(C)Cc3c(ncn23)C(=O)OCCCOC(=O)c4ncn5c4CN(C)C(=O)c6cc(CC)ccc56,CHEMBL443736,Ki,5.73
3096968,CCCCC(=O)c1ncn2c1N(C)C(=O)c3cc(Cl)ccc23,CHEMBL511685,Ki,5.8
3096979,Nc1c(sc2ccccc12)C(=O)c3ccc(Cl)cc3,CHEMBL461925,IC50,6.0
3096990,COCc1ncn2c1CN(C)C(=O)c3cc(Cl)ccc23,CHEMBL45346,Ki,6.04
3097001,CCOC(=O)c1ncn2c1CN(C)C(=O)c3cc(ccc23)N=C=S,CHEMBL485829,Kd,6.06
3097012,CSC1SC(C2CC(C)(C)CC(=O)C12)C(=O)c3ccc(Cl)cc3,CHEMBL458144,IC50,6.24
3097023,CSC1SC(C2CCCC(=O)C12)C(=O)c3ccc(Cl)cc3,CHEMBL511684,IC50,6.24
3097034,Cc1ccccc1C(=O)N2CCc3nc(O)n4cc(nc4c3C2)c5ccccc5F,CHEMBL344120,EC50,6.26
3097045,CCOCc1ncn2c1N(C)C(=O)c3cc(Cl)ccc23,CHEMBL459031,Ki,6.3
3097056,CN1C(=O)c2cc(Cl)ccc2n3cnc(CCl)c13,CHEMBL461511,Ki,6.3
3097070,COc1cccc(F)c1C2=NCc3cnc(Nc4ccc(C(=O)O)c(OC)c4)nc3c5ccc(Cl)cc25,CHEMBL483158,IC50,6.31
3097081,CSc1nccc(n1)c2ccc(s2)S(=O)(=O)Nc3ccc(Cl)cc3,CHEMBL458317,IC50,6.33
3097092,O=C(OCCOCCOC(=O)c1ncn2c1CN=C(c3ccccc3)c4cc(ccc24)C#C)c5ncn6c5CN=C(c7ccccc7)c8cc(ccc68)C#C,CHEMBL499964,Ki,6.34
3097103,CCc1ncn2c1N(C)C(=O)c3cc(Cl)ccc23,CHEMBL458321,Ki,6.39
689238,OC(=O)c1ccc(Nc2ncc3CN=C(c4cc(Cl)ccc4c3n2)c5c(F)cccc5F)cc1,CHEMBL259084,IC50,6.48
3097116,Cc1ccc(cc1)C(=O)N2CCc3nc(O)n4cc(nc4c3C2)c5ccccc5F,CHEMBL343471,EC50,6.52
2657942,CCOC(=O)c1ncn2c1CN=C(c3ccccc3)c4cc(ccc24)C#C,CHEMBL522055,Ki,6.54
3097129,Cc1ccc(cc1)c2cn3c(O)nc4CCN(Cc5ccccc5)Cc4c3n2,CHEMBL147312,EC50,6.58
3097140,CCCCN1CCc2nc(O)n3cc(nc3c2C1)c4ccccc4F,CHEMBL147379,EC50,6.59
3097151,Clc1ccc(cc1)n2nc3c4CCCCCc4ncc3c2OCc5ccccc5Cl,CHEMBL1681890,IC50,6.62
3097162,O=C(OCCCOC(=O)c1ncn2c1CN=C(c3ccccc3)c4cc(ccc24)C#C)c5ncn6c5CN=C(c7ccccc7)c8cc(ccc68)C#C,CHEMBL505768,Ki,6.63
3097173,CN1Cc2c(ncn2c3ccc(cc3C1=O)C#C)C(=O)OCCCCCOC(=O)c4ncn5c4CN(C)C(=O)c6cc(ccc56)C#C,CHEMBL449393,Ki,6.64
3097184,Oc1nc2CCN(Cc3ccccc3)Cc2c4nc(cn14)c5ccccc5c6cccs6,CHEMBL148043,EC50,6.68
3097195,CCOC(=O)c1ncn2c1C3CCCN3C(=O)c4cc(ccc24)C#C[Si](C)(C)C,CHEMBL518197,Kd,6.7
3097209,CN1C(=O)c2cc(ccc2n3cnc(C(=O)OC(C)(C)C)c13)C#C[Si](C)(C)C,CHEMBL461717,Kd,6.71
2657969,CN1CC2N(CN=C2C(=O)OC(C)(C)C)c3ccc(cc3C1=O)C#C[Si](C)(C)C,CHEMBL471977,Ki,6.71
3097222,Oc1nc2CCN(CC=C)Cc2c3nc(cn13)c4ccccc4F,CHEMBL358301,EC50,6.77
3097233,Clc1ccc(COc2c3cnc4CCCCc4c3nn2c5ccc(Cl)cc5)cc1,CHEMBL1681894,IC50,6.8
3097244,COc1cccc(F)c1C2=NCc3cnc(Nc4ccc(cc4)C(=O)O)nc3c5ccc(Cl)cc25,CHEMBL3586473,IC50,6.82
3097255,Clc1ccc(cc1)n2nc3c(cnc4ccc(cc34)n5ccnc5)c2OCC6CC6,CHEMBL1681899,IC50,6.87
3097266,Oc1nc2CCN(CC3CC3)Cc2c4nc(cn14)c5ccccc5F,CHEMBL145970,EC50,6.87
3097277,Oc1nc2CCN(Cc3ccccc3)Cc2c4nc(cn14)c5ccc(F)cc5,CHEMBL148044,EC50,6.87
3097288,Oc1nc2CCN(Cc2c3nc(cn13)c4ccccc4F)C(=O)c5ccc(F)c(F)c5,CHEMBL147590,EC50,6.88
3097299,Oc1nc2CCN(CC3CCCCC3)Cc2c4nc(cn14)c5ccccc5F,CHEMBL146230,EC50,6.9
3097310,CCOC(=O)c1ncn2c1N(C)C(=O)c3cc(ccc23)C#C[Si](C)(C)C,CHEMBL461716,Kd,6.92
3097321,Oc1nc2CCN(Cc3ccccc3)Cc2c4nc(cn14)c5cccc(F)c5,CHEMBL145983,EC50,6.92
3097332,Oc1nc2CCN(Cc3c[nH]cn3)Cc2c4nc(cn14)c5ccccc5F,CHEMBL358874,EC50,6.93
3097343,Oc1nc2CCN(Cc3cccs3)Cc2c4nc(cn14)c5ccccc5F,CHEMBL147364,EC50,6.97
3097354,CCC(=O)N1CCc2nc(O)n3cc(nc3c2C1)c4ccccc4F,CHEMBL358519,EC50,7.02
3097365,Clc1ccc(cc1)n2nc3c4CCCCc4ncc3c2OCC5CC5,CHEMBL1681900,IC50,7.03
3097376,Oc1nc2CCN(Cc2c3nc(cn13)c4ccccc4F)C(=O)c5ccccc5F,CHEMBL146302,EC50,7.03
3097387,Oc1nc2CCN(Cc3ccccc3)Cc2c4nc(cn14)c5ccc(F)cc5F,CHEMBL343009,EC50,7.04
3097398,CCOC(=O)c1ncn2c3ccc(cc3C(=O)N4CC[C@H]4c12)C#C[Si](C)(C)C,CHEMBL130416,Kd,7.08
3097409,COc1cccc(c1)c2cn3c(O)nc4CCN(Cc5ccccc5)Cc4c3n2,CHEMBL146356,EC50,7.09
3097420,CN1C(=O)CN=C(c2ccccc2)c3cc(ccc13)C#C,CHEMBL174535,Kd,7.12
3097431,Clc1ccc(cc1)n2nc3c4ccccc4ncc3c2OCC5CC5,CHEMBL1681885,IC50,7.13
3097442,Oc1nc2CCN(Cc2c3nc(cn13)c4ccccc4F)C(=O)c5cccc(F)c5,CHEMBL356806,EC50,7.16
3097453,CC1(C)CCc2ncc3c(OCc4ccccc4Cl)n(nc3c2C1)c5ccc(Cl)cc5,CHEMBL1681892,IC50,7.17
3097464,Clc1ccc(cc1)n2nc3c4ccccc4ncc3c2OCc5ccccc5Cl,CHEMBL1681886,IC50,7.19
3097475,Fc1ccccc1COc2c3cnc4CCCCc4c3nn2c5ccc(Cl)cc5,CHEMBL1681895,IC50,7.19
3097486,Oc1nc2CCN(Cc3cccnc3)Cc2c4nc(cn14)c5ccccc5F,CHEMBL146086,EC50,7.25
3097497,Oc1nc2CCN(Cc3ccncc3)Cc2c4nc(cn14)c5ccccc5F,CHEMBL342270,EC50,7.28
3097510,Clc1ccccc1COc2c3cnc4ccccc4c3nn2c5ccc6OCOc6c5,CHEMBL1681888,IC50,7.3
3097521,Fc1ccc(COc2c3cnc4CCCCc4c3nn2c5ccc(Cl)cc5)cc1,CHEMBL1681897,IC50,7.3
3097532,CCOC(=O)c1ncn2c1[C@@H]3CCCN3C(=O)c4cc(OC)ccc24,CHEMBL52030,Ki,7.31
3097543,Clc1ccc(cc1)n2nc3c4CCCCc4ncc3c2OCc5ccccc5Cl,CHEMBL1681889,IC50,7.34
3097554,Oc1nc2CCN(Cc2c3nc(cn13)c4ccccc4F)C(=O)c5ccc(F)cc5,CHEMBL147842,EC50,7.39
3097564,CC(C)(O)c1ccc2c(c1)ncn2c3ccnc(c3)c4cccnc4Cl,CHEMBL3659675,IC50,7.42
3097580,Oc1nc2CCN(Cc3ccccc3)Cc2c4nc(cn14)c5cc(F)ccc5F,CHEMBL145910,EC50,7.44
634083,CCOC(=O)c1ncn2c1CN(C)C(=O)c3cc(ccc23)C#C,CHEMBL286594,Ki,7.55
3097593,CCOC(=O)c1ncn2c1N(C)C(=O)c3cc(ccc23)C#C,CHEMBL471978,Ki,7.55
3097604,COc1ccc(cc1)c2cn3c(O)nc4CCN(Cc5ccccc5)Cc4c3n2,CHEMBL356271,EC50,7.55
3097615,CN1Cc2c(ncn2c3ccc(cc3C1=O)C#C)C(=O)OC(C)(C)C,CHEMBL58757,Ki,7.57
3097625,CC(C)(O)c1ccc2c(c1)ncn2c3ccnc(c3)c4ccncc4C#N,CHEMBL3659677,IC50,7.59
3097635,CCOC(=O)C1=NCN2C1CN(C)C(=O)c3cc(CC)ccc23,CHEMBL454865,Kd,7.69
3097646,Oc1nc2CCN(Cc3ccccc3)Cc2c4nc(cn14)c5ccccc5F,CHEMBL356161,EC50,7.75
3097657,CN1C(=O)c2cc(Cl)ccc2n3cnc(C(=O)OC(C)(C)C)c13,CHEMBL458147,Ki,7.76
3097668,Oc1nc2CCN(Cc3ccccc3)Cc2c4nc(cn14)c5ccccc5,CHEMBL148740,EC50,7.77
3097679,CN1C(=O)c2cc(Cl)ccc2n3cnc(C(=O)OCC4CC4)c13,CHEMBL458319,Ki,7.79
3097690,O=C1C2C=Nc3ccccc3C2=NN1c4ccccc4,CHEMBL19732,Kd,8.08
3097701,CCOC(=O)c1[nH]cc2nc3cc(OC)c(OC)cc3c2c1CC,CHEMBL85861,Kd,8.1
3097711,CC(C)(O)c1ccc2c(c1)ncn2c3ccnc(c3)c4ccncc4F,CHEMBL3659676,IC50,8.13
3097721,CCOC(=O)c1ncn2c1CN(C)C(=O)c3cc(Cl)ccc23,CHEMBL415290,Ki,8.17
3097732,CCCOc1cc2c(c[nH]1)nc3ccccc23,CHEMBL52750,Kd,8.3
3097750,CCOC(=O)c1ncn2c1CN(C)C(=O)c3cc(ccc23)N=[N+]=[N-],CHEMBL6597,Kd,8.48
2657956,Cc1csc(n1)C2=CC(=C3N(CCCc4ccncc34)C2=O)c5ccncc5,CHEMBL45198,Ki,8.89
3097763,CCOc1cc2c(c[nH]1)nc3ccccc23,CHEMBL299250,Kd,8.92
3097773,COc1ncccc1c2cc(ccn2)n3cnc4cc(ccc34)C(C)(C)O,CHEMBL3659674,IC50,8.92
3097783,CC(C)(C)OC(=O)c1cc2c(c[nH]1)nc3ccccc23,CHEMBL307783,Kd,9.0
3097794,CCOC(=O)c1cc2c(c[nH]1)nc3ccccc23,CHEMBL11709,Kd,9.0
3097806,COC(=O)c1cc2c(cn1)[nH]c3ccccc23,CHEMBL453066,Kd,9.0
3097817,COCc1c(ncc2[nH]c3ccc(OCc4ccccc4)cc3c12)C(=O)OC(C)C,CHEMBL454095,Kd,9.0
3097831,Clc1ccc(cc1)N2N=C3C(C=Nc4ccccc34)C2=O,CHEMBL20042,IC50,9.0
3097842,Fc1ccccc1n2nc3c4ccccc4ncc3c2OCc5ccccc5Cl,CHEMBL1681887,IC50,9.0
3097853,Cc1onc(c1)c2nncc3c(c(OCc4ncnn4C)nn23)C(C)(C)C,CHEMBL363211,Ki,9.1
3097864,COc1ccc(cc1)N2Nc3c(cnc4ccccc34)C2=O,CHEMBL3144739,Kd,10.0
