id,smiles,name,assay_type,activity_value
5255445,[H][C@@]12C=C(C)CC[C@@]1([H])C(C)(C)OC1=CC(CCCCC)=CC(O)=C21,dronabinol,EC50,6.0
5255468,CC1=C2[C@H](C[C@]34[C@H]5C[C@@H](C(C)(C)C)[C@]36[C@@H](OC(=O)[C@@H]6O)O[C@]24OC5=O)OC1=O,CHEMBL373969,IC50,5.0
5255479,C[C@@H]1C(=O)O[C@H]2[C@H](O)[C@@]34O[C@@H]5OC(=O)[C@H](O)[C@@]56[C@@H]([C@H](O)C(OC3=O)[C@@]46[C@@]12O)C(C)(C)C,CHEMBL221821,IC50,5.09
5255490,CO[C@H]1C(=O)O[C@H]2O[C@@]34OC(=O)[C@@H]5[C@H](O)[C@@H](C(C)(C)C)[C@]12[C@]35[C@@H](O)[C@@H]6OC(=O)[C@@H](C)[C@]46O,CHEMBL221823,IC50,5.1
5255501,C[C@@H]1C(=O)O[C@H]2[C@H](O)[C@@]34[C@H]5[C@@H](F)[C@@H](C(C)(C)C)[C@]36[C@@H](OC(=O)[C@@H]6O)O[C@]4(OC5=O)[C@@]12O,CHEMBL426556,IC50,5.3
5255512,C[C@@H]1C(=O)O[C@H]2[C@H](O)[C@@]34[C@H]5C[C@@H](C(C)(C)C)[C@]36[C@@H](OC(=O)[C@@H]6O)O[C@@]4(C(=O)O5)[C@@]12O,CHEMBL514432,IC50,5.4
5255523,C[C@@H]1C(=O)O[C@H]2C[C@@]34[C@H]5C[C@@H](C(C)(C)C)[C@]36[C@@H](OC(=O)[C@@H]6O)O[C@@]4(C(=O)O5)[C@@]12O,CHEMBL465161,IC50,5.68
5255534,C[C@H]1[C@H]2[C@@H](OC1=O)[C@H](O)[C@]34C5OC(=O)[C@]23OC6OC(=O)[C@H](O)C46[C@@H]([C@H]5O)C(C)(C)C,CHEMBL2113267,IC50,5.89
