id,smiles,name,assay_type,activity_value
1542133,[H][C@@]12CO[C@@]3(COS(N)(=O)=O)OC(C)(C)O[C@@]3([H])[C@]1([H])OC(C)(C)O2,topiramate,N/A,N/A
3338253,O=C1N(C=C(C=C1C1=C(C=CC=C1)C#N)C1=CC=CC=N1)C1=CC=CC=C1,perampanel,N/A,N/A
415145,CNC1(CCCCC1=O)C1=C(Cl)C=CC=C1,ketamine,N/A,N/A
10011799,CC(C)S(=O)(=O)NC1Cc2ccc(cc2C1)c3ccsc3,CHEMBL1277272,EC50,5.0
10011810,CC(C)S(=O)(=O)NCc1ccc(cc1)n2nc(c3CCCCc23)C(F)(F)F,CHEMBL1649678,EC50,5.0
10011821,FC(F)(F)c1nn(c2CCCCc12)c3ccc(CN4CCCS4(=O)=O)cc3,CHEMBL1649680,EC50,5.0
10011832,FC(F)(F)c1nn(c2CCCCc12)c3ccc(CNS(=O)(=O)C4CC4)cc3,CHEMBL1649679,EC50,5.0
10011843,FC(F)(F)c1nn(c2CCCCc12)c3ccc(cc3)C(=O)N4CCCC4,CHEMBL1649659,EC50,5.0
10011854,FC(F)(F)c1nn(c2CCOCc12)c3ccc(CN4CCCC4=O)cc3,CHEMBL1649681,EC50,5.0
10011865,CCN(CC1=CC(=O)N2C(=N1)SC(=C2C3CC3)C)c4ccc(F)cc4,CHEMBL3799325,EC50,5.01
10011876,CCN1CNS(=O)(=O)c2ncccc12,CHEMBL103741,Kd,5.01
1542722,Cl.OC(=O)[C@@H]1C[C@H]2C[C@H](CC[C@H]2CN1)Oc3cc(CCc4ccccc4)ccc3c5nnn[nH]5,CHEMBL3085838,Ki,5.02
1543442,Cl.OC(=O)[C@@H]1C[C@H]2C[C@H](CC[C@H]2CN1)Oc3cc(Cc4ccccc4)ccc3c5nnn[nH]5,CHEMBL3085837,Ki,5.02
10011891,CCN(CC1=CC(=O)N2C(=N1)SC(=C2C(=O)C)C)c3ccc(F)cc3,CHEMBL3798757,EC50,5.03
10011902,NC(Cc1nonc1O)C(=O)O,CHEMBL1094129,EC50,5.03
10011913,CCNC(=O)C1=C(C)SC2=NC(=CC(=O)N12)Cn3nc(cc3OCC)C(F)(F)F,CHEMBL3799759,EC50,5.04
10011924,FC(F)(F)C1=C([C@@H]2C[C@H]2C#N)N3C(=O)C=C(Cn4nc(cc4Cl)C(F)(F)F)N=C3S1,CHEMBL3799213,EC50,5.04
10011935,OC(=O)[C@@H]1C[C@H]2C[C@H](CC[C@H]2CN1)Sc3cccc(c3)C(=O)O,CHEMBL2440692,Ki,5.05
1543099,Cl.OC(=O)[C@@H]1C[C@H]2C[C@H](CC[C@H]2CN1)Oc3cc(ccc3C(=O)O)c4ccccc4,CHEMBL2440699,Ki,5.06
10011948,CCN(CC1=CC(=O)N2C(=N1)SC(=C2C3CCC3)C)c4ccc(F)cc4,CHEMBL3798166,EC50,5.07
1542734,OC(=O)[C@@H]1C[C@H]2C[C@H](CC[C@H]2CN1)Oc3ccccc3c4nn[nH]n4,CHEMBL189985,Ki,5.08
10011961,CC(C)S(=O)(=O)NC1Cc2ccc(cc2C1)c3ccc(Cl)cn3,CHEMBL1214451,EC50,5.1
10011972,CC(C)S(=O)(=O)NC1Cc2ccc(cc2C1)c3cccc(c3)S(=O)(=O)N(C)C,CHEMBL1214203,EC50,5.1
1748694,CCN1C[C@H](NS(=O)(=O)C(C)C)[C@H](C1)c2ccc(cc2)c3ccc(cc3)C#N,CHEMBL1290275,EC50,5.1
10011985,CS(=O)(=O)NCc1ccc(cc1)n2nc(c3CCCCc23)C(F)(F)F,CHEMBL1649676,EC50,5.1
10011996,CS(=O)(=O)N[C@H]1Cc2ccc(Cn3cc(CO)c(n3)C(F)(F)F)cc2C1,CHEMBL1642167,EC50,5.1
7918898,NS(=O)(=O)C1=CC2=C(NC(NS2(=O)=O)C2CC3CC2C=C3)C=C1Cl,cyclothiazide,EC50,5.12
10012009,[O-][n+]1onc2cc3NC(=O)C(=O)Nc3cc12,CHEMBL462490,IC50,5.12
10012020,CCN(CC1=CC(=O)N2N=C(C)SC2=N1)c3ccccc3,CHEMBL3797274,EC50,5.13
10012032,CC(C)S(=O)(=O)N[C@H]1Cc2ccc(cc2C1)c3ccc(F)nc3,CHEMBL1214399,EC50,5.19
10012043,CCNC(=O)C1=C(C)SC2=NC(=CC(=O)N12)Cn3nc(cc3C4CC4)C(F)(F)F,CHEMBL3797897,EC50,5.19
1543387,OC(=O)[C@@H]1C[C@H]2C[C@H](CC[C@H]2CN1)Nc3cccc(Cl)c3c4nnn[nH]4,CHEMBL3088058,Ki,5.19
1722632,CC(C)N1C[C@H](NS(=O)(=O)C(C)C)[C@H](C1)c2ccc(cc2)c3cccc(NS(=O)(=O)C)c3,CHEMBL1290059,EC50,5.2
10012058,CC(C)S(=O)(=O)NC1Cc2ccc(cc2C1)c3ccc(F)cn3,CHEMBL1214448,EC50,5.2
10012069,CC(C)S(=O)(=O)NC1Cc2ccc(cc2C1)c3cccc(CC(=O)C)c3,CHEMBL1214259,EC50,5.2
1719186,CC(C)S(=O)(=O)N[C@H]1CN(C)C[C@@H]1c2ccc(cc2)c3cccc(c3)C(=O)C,CHEMBL1290504,EC50,5.2
1744821,CC(C)S(=O)(=O)N[C@H]1CN(C[C@@H]1c2ccc(cc2)c3ccc(cc3)C#N)c4ccccc4,CHEMBL1290391,EC50,5.21
1542621,Cc1ccc(c(N[C@H]2CC[C@H]3CN[C@@H](C[C@H]3C2)C(=O)O)c1)c4nnn[nH]4,CHEMBL3088065,Ki,5.21
1542757,OC(=O)[C@@H]1C[C@H]2C[C@H](CC[C@H]2CN1)Nc3ccccc3c4nn[nH]n4,CHEMBL191249,Ki,5.22
10012088,CCN1CNS(=O)(=O)c2cc(F)ccc12,CHEMBL411612,Kd,5.25
10012099,CCN(CC1=CC(=O)N2C(=N1)SC(=C2C(C)O)C)c3ccc(F)cc3,CHEMBL3799832,EC50,5.26
10012110,CC1=C([C@@H]2C[C@H]2CO)N3C(=O)C=C(COc4ccc(F)cc4)N=C3S1,CHEMBL3800265,EC50,5.27
1542899,Cl.Cc1ccc(c(O[C@H]2CC[C@H]3CN[C@@H](C[C@H]3C2)C(=O)O)c1)c4nnn[nH]4,CHEMBL3088062,Ki,5.28
10012123,CC(C)S(=O)(=O)NC1Cc2ccc(cc2C1)c3ccc(F)nc3,CHEMBL1214338,EC50,5.3
1742710,CC(C)S(=O)(=O)N[C@H]1CN(C)C[C@@H]1c2ccc(cc2)c3ccc(F)nc3,CHEMBL1289062,EC50,5.3
1736242,CC(C)S(=O)(=O)N[C@H]1CN(C)C[C@@H]1c2ccc(cc2)c3ccc(cc3)C#N,CHEMBL1290166,EC50,5.3
10012138,CC(C)S(=O)(=O)N[C@H]1CN(C)C[C@@H]1c2ccc(cc2)c3cccc(c3)S(=O)(=O)C,CHEMBL1290392,EC50,5.3
1740534,CC(C)S(=O)(=O)N[C@H]1CN(C[C@@H]1c2ccc(cc2)c3cccc(NS(=O)(=O)C)c3)c4ccccc4,CHEMBL1290165,EC50,5.3
10012151,FC(F)(F)c1nn(c2COCCc12)c3ccc(CN4CCCC4=O)cc3,CHEMBL1649684,EC50,5.3
10012162,OCc1cn(Cc2ccc3C[C@@H](Cc3c2)NS(=O)(=O)C(F)(F)F)nc1C(F)(F)F,CHEMBL1642162,EC50,5.3
10012173,CCN(CC1=CC(=O)N2C(=N1)SC(=C2c3cccnc3)C)c4ccc(F)cc4,CHEMBL3799697,EC50,5.35
1543575,Cl.OC(=O)[C@@H]1C[C@H]2C[C@H](CC[C@H]2CN1)Oc3cc(ccc3c4nnn[nH]4)c5cccs5,CHEMBL3088072,Ki,5.36
10012186,CC(=O)Cc1ccc(cc1)n2nc(c3CCCCc23)C(F)(F)F,CHEMBL1649675,EC50,5.4
10012197,CC(C)S(=O)(=O)N[C@H]1CN(C)C[C@@H]1c2ccc(cc2)c3cccc(NC(=O)C)c3,CHEMBL1290503,EC50,5.4
10012208,CC(C)S(=O)(=O)N[C@H]1CN(C)C[C@@H]1c2ccc(cc2)c3cccnc3,CHEMBL1290731,EC50,5.4
1753406,CC(C)S(=O)(=O)N[C@H]1CN(C[C@@H]1c2ccc(cc2)c3ccc(F)nc3)c4ccccc4,CHEMBL1289063,EC50,5.4
10012221,CC(C)S(=O)(=O)N[C@H]1Cc2ccc(Cn3ncc(CO)c3C(F)(F)F)cc2C1,CHEMBL1642158,EC50,5.4
1543674,CC(C)\C=C(/C[C@H](N)C(=O)O)\C(=O)O,CHEMBL299180,Ki,5.43
1543740,N[C@@H](CC(=C1CCCC1)C(=O)O)C(=O)O,CHEMBL51660,Ki,5.43
1542910,OC(=O)[C@@H]1C[C@H]2C[C@H](CC[C@H]2CN1)Nc3cc(ccc3c4nnn[nH]4)c5ccccc5,CHEMBL3088066,Ki,5.46
10012238,CCN(CC1=CC(=O)N2N=C(C)SC2=N1)c3ccc(F)cc3,CHEMBL3800532,EC50,5.48
1542544,OC(=O)[C@@H]1C[C@H]2C[C@H](CC[C@H]2CN1)Nc3ccc(Cl)cc3C(=O)O,CHEMBL2440517,Ki,5.48
10012251,CC(C)S(=O)(=O)NC1Cc2ccc(cc2C1)c3ccc(C)cn3,CHEMBL1214449,EC50,5.5
10012262,CC(C)S(=O)(=O)NC1Cc2ccc(cc2C1)c3ccc(C)nc3,CHEMBL1214397,EC50,5.5
1728642,CC(C)S(=O)(=O)N[C@H]1CN(C)C[C@@H]1c2ccc(cc2)c3ccsc3,CHEMBL1289180,EC50,5.5
10012275,FC(F)(F)c1nn(c2CCCCc12)c3ccc(CC(=O)N4CCCC4)cc3,CHEMBL1649664,EC50,5.5
10012286,NC(Cc1cc(Cl)c(cc1CCC(=O)O)[N+](=O)[O-])C(=O)O,CHEMBL1835336,Ki,5.5
1542467,OC(=O)[C@@H]1C[C@H]2C[C@@H](CCc3nnn[nH]3)CC[C@H]2CN1,CHEMBL14935,Ki,5.5
3338305,CC(C)n1nnc(n1)c2onc(O)c2CC(N)C(=O)O,CHEMBL193087,Ki,5.53
1542965,Cl.OC(=O)[C@@H]1C[C@H]2C[C@H](CC[C@H]2CN1)Oc3ccc(F)cc3c4nnn[nH]4,CHEMBL3088059,Ki,5.57
10012303,CC(C)S(=O)(=O)N[C@H]1CN(C)C[C@@H]1c2ccc(cc2)c3ccccc3F,CHEMBL1290613,EC50,5.6
1722665,CC(C)S(=O)(=O)N[C@H]1CN(C)C[C@@H]1c2ccc(cc2)c3cccnc3F,CHEMBL1290732,EC50,5.6
10012316,CCC(=O)NCc1ccc(cc1)n2nc(c3CCCCc23)C(F)(F)F,CHEMBL1649672,EC50,5.6
10012327,CCS(=O)(=O)Nc1cccc(c1)c2ccc3CC(Cc3c2)NS(=O)(=O)C(C)C,CHEMBL1214263,EC50,5.6
10012338,OC[C@@H]1C[C@H]1C2=C(SC3=NC(=CC(=O)N23)Cn4nc(cc4Cl)C(F)(F)F)C(F)(F)F,CHEMBL3799437,EC50,5.6
10012349,OCc1cn(Cc2ccc3C[C@H](Cc3c2)NS(=O)(=O)C(F)(F)F)nc1C(F)(F)F,CHEMBL1642163,EC50,5.6
10012360,OCc1cn(Cc2ccc3C[C@H](Cc3c2)NS(=O)(=O)C4CC4)nc1C(F)(F)F,CHEMBL1642164,EC50,5.6
10012371,CCN(CC1=CC(=O)N2C(=N1)SC(=C2C(C)(C)O)C)c3ccc(F)cc3,CHEMBL3797378,EC50,5.62
1543542,Cl.OC(=O)[C@@H]1C[C@H]2C[C@H](CC[C@H]2CN1)Oc3cc(ccc3c4nnn[nH]4)c5ccccc5,CHEMBL3088064,Ki,5.64
10012384,N[C@@H](Cc1cc(Cl)c(Cl)c(c1)c2cncc(O)c2)C(=O)O,CHEMBL3758336,Ki,5.65
1542954,Cl.OC(=O)[C@@H]1C[C@H]2C[C@H](CC[C@H]2CN1)Oc3cc(ccc3c4nnn[nH]4)c5nccs5,CHEMBL3088071,Ki,5.66
10012397,CC(C)S(=O)(=O)N[C@H]1Cc2ccc(cc2C1)c3ccc(C)nc3,CHEMBL1214447,EC50,5.7
10012408,CC(C)S(=O)(=O)N[C@H]1Cc2ccc(cc2C1)c3ccc(F)cn3,CHEMBL1214452,EC50,5.7
10012419,CN(C)C(=O)Cc1ccc(cc1)n2nc(c3CCCCc23)C(F)(F)F,CHEMBL1649663,EC50,5.7
10012430,CN(Cc1ccc(cc1)n2nc(c3CCCCc23)C(F)(F)F)C(=O)C,CHEMBL1649671,EC50,5.7
10012441,COc1ccccc1S(=O)(=O)NC2CCc3cc(Cn4cc(CO)c(n4)C(F)(F)F)ccc23,CHEMBL1642171,EC50,5.7
1542790,Cl.COc1ccc(c(O[C@H]2CC[C@H]3CN[C@@H](C[C@H]3C2)C(=O)O)c1)c4nnn[nH]4,CHEMBL3088063,Ki,5.7
10012454,CCN(CC1=CC(=O)N2C(=N1)SC(=C2CO)C)c3ccc(F)cc3,CHEMBL3797994,EC50,5.72
10012465,CC1=C(C2CC2CO)N3C(=O)C=C(Cc4cccc(c4F)C(F)(F)F)N=C3S1,CHEMBL3800605,EC50,5.77
1543022,Cl.OC(=O)[C@@H]1C[C@H]2C[C@H](CC[C@H]2CN1)Oc3cc(ccc3c4nnn[nH]4)c5cccc(Cl)c5,CHEMBL3088069,Ki,5.77
1542322,CCCn1nnc(n1)c2onc(O)c2CC(N)C(=O)O,CHEMBL372643,Ki,5.79
10012480,CC(C)S(=O)(=O)N[C@@H]1CN(C)C[C@@H]1c2ccc(cc2)c3ccc(cc3)N(C)S(=O)(=O)C,CHEMBL1277180,EC50,5.8
10012491,CC(C)S(=O)(=O)N[C@H]1Cc2ccc(Cn3nc(c4CNCCc34)C(F)(F)F)cc2C1,CHEMBL1642157,EC50,5.8
1733897,CCN1C[C@H](NS(=O)(=O)C(C)C)[C@H](C1)c2ccc(cc2)c3cccc(NS(=O)(=O)C)c3,CHEMBL1290058,EC50,5.8
10012504,CCN(CC1=CC(=O)N2C(=C(C)SC2=N1)CCCO)c3ccc(F)cc3,CHEMBL3797313,EC50,5.82
10011097,CC(C)S(=O)(=O)NCC(C)C1CCC(CC1)c2ccc(cc2)C#N,CHEMBL1097939,EC50,5.84
3338425,CC(C)S(=O)(=O)NCC(C)c1ccc(cc1)c2ccc(cc2)C#N,CHEMBL435582,EC50,5.84
10012519,CC(=O)NCc1ccc(cc1)n2nc(c3CCCCc23)C(F)(F)F,CHEMBL1649673,EC50,5.9
10012530,CC(C)S(=O)(=O)NC1Cc2ccc(cc2C1)c3cccc(c3)N(C)S(=O)(=O)C,CHEMBL1214334,EC50,5.9
10012541,CC(C)S(=O)(=O)N[C@H]1Cc2ccc(Cn3cc(CCO)c(n3)C(F)(F)F)cc2C1,CHEMBL1642154,EC50,5.9
10012552,CC(C)S(=O)(=O)N[C@H]1Cc2ccc(Cn3cc(CF)c(n3)C(F)(F)F)cc2C1,CHEMBL1642153,EC50,5.9
10012563,CC(C)S(=O)(=O)N[C@H]1Cc2ccc(Cn3nc(c4CCCCc34)C(F)(F)F)cc2C1,CHEMBL1642156,EC50,5.9
10012574,CCn1nc(cc1Cc2ccc3C[C@@H](Cc3c2)NS(=O)(=O)C(C)C)C(F)(F)F,CHEMBL1642159,EC50,5.9
10013202,Cn1cc(c(n1)C(F)(F)F)S(=O)(=O)NC2CCc3cc(Cn4cc(CO)c(n4)C(F)(F)F)ccc23,CHEMBL1642172,EC50,5.9
10013213,Fc1cc(ccc1CC(=O)N2CCCC2)n3nc(c4CCCCc34)C(F)(F)F,CHEMBL1649669,EC50,5.9
10013224,CC1=C(C2CC2CO)N3C(=O)C=C(Cc4cccc(C#N)c4F)N=C3S1,CHEMBL3799064,EC50,5.96
10013235,CC(C)S(=O)(=O)N[C@H]1Cc2ccc(Cc3oc(cc3)C(F)(F)F)cc2C1,CHEMBL1230591,EC50,6.0
10013246,CN(C)S(=O)(=O)N[C@@H]1Cc2ccc(Cn3cc(CO)c(n3)C(F)(F)F)cc2C1,CHEMBL1642165,EC50,6.0
10013257,FC(F)(F)c1nn(c2CCCCc12)c3ccc(CN4CCCC4=O)cc3,CHEMBL1649670,EC50,6.0
10013268,Fc1cc(ccc1CN2CCCC2=O)n3nc(c4CCCCc34)C(F)(F)F,CHEMBL1649674,EC50,6.0
10013279,[O-][N+](=O)c1cc2NC(=O)C(=O)Nc2cc1N=[N+]=[N-],CHEMBL506543,IC50,6.0
10013290,CCN(CC1=CC(=O)N2C(=N1)SC(=C2c3cncnc3)C)c4ccc(F)cc4,CHEMBL3800085,EC50,6.01
840414,N[C@@H](CCC(=O)O)C(=O)O,CHEMBL575060,Ki,6.03
3338268,N[C@@H](CN1C=CC(=O)NC1=O)C(=O)O,CHEMBL122005,Ki,6.05
10013305,CCN(CC1=CC(=O)N2C(=N1)SC(=C2[C@@H]3C[C@H]3CO)C)c4ccc(F)cc4,CHEMBL3799657,EC50,6.06
10013316,CC(C)S(=O)(=O)NC1Cc2ccc(cc2C1)c3cccc(NS(=O)(=O)C)c3,CHEMBL1214202,EC50,6.1
10013327,CC(C)S(=O)(=O)N[C@H]1Cc2ccc(Cn3cc(CO)c(c3)C(F)(F)F)cc2C1,CHEMBL1642160,EC50,6.1
10013338,CCNCc1cn(CC(=O)Nc2sc3CCCCc3c2C(=O)N)nc1C(F)(F)F,CHEMBL1234887,EC50,6.1
10013349,CC1=C([C@@H]2C[C@H]2C#N)N3C(=O)C=C(Cn4nc(cc4Cl)C(F)(F)F)N=C3S1,CHEMBL3799878,EC50,6.15
10013360,CCN(CC1=CC(=O)N2C(=C(C)SC2=N1)CCO)c3ccc(F)cc3,CHEMBL3797925,EC50,6.24
3338329,N[C@H](Cc1nsnc1O)C(=O)O,CHEMBL402444,Ki,6.28
10013373,CC(C)S(=O)(=O)N[C@@H]1COC[C@@H]1c2ccc(cc2)c3ccc(cc3)C#N,CHEMBL1289181,EC50,6.3
10013384,CC(C)S(=O)(=O)N[C@H]1Cc2ccc(Cn3cc(CO)c(n3)C(F)(F)F)cc2C1,CHEMBL1232932,EC50,6.3
10013395,CS(=O)(=O)NC1CCc2cc(Cn3cc(CO)c(n3)C(F)(F)F)ccc12,CHEMBL1642170,EC50,6.3
10013406,OC(=O)C1Cc2c(O)noc2CN1,CHEMBL2092841,Ki,6.31
3338458,N[C@@H](CN1N=CC(=O)NC1=O)C(=O)O,CHEMBL122656,Ki,6.34
10013419,CC(C)S(=O)(=O)NC1Cc2ccc(cc2C1)c3cccc(CN4CCCS4(=O)=O)c3,CHEMBL1214335,EC50,6.4
10013430,CC(C)S(=O)(=O)NC[C@H](C)c1ccc(NC(=O)c2cc(F)cc(F)c2)cc1,CHEMBL1214201,EC50,6.4
10013441,CC(C)S(=O)(=O)N[C@@H]1COC[C@@H]1c2ccc(cc2)c3ccsc3,CHEMBL1289523,EC50,6.4
10013452,CC(C)S(=O)(=O)N[C@@H]1Cc2ccc(Cn3cc(CO)c(n3)C(F)(F)F)cc2C1,CHEMBL1642161,EC50,6.4
10013463,CCS(=O)(=O)N[C@H]1Cc2ccc(Cn3cc(CO)c(n3)C(F)(F)F)cc2C1,CHEMBL1642166,EC50,6.4
1543132,Cl.OC(=O)[C@@H]1C[C@H]2C[C@H](CC[C@H]2CN1)Oc3ccc(Cl)cc3c4nnn[nH]4,CHEMBL3088060,Ki,6.4
10013476,NC(=O)c1c2CCCCc2sc1NC(=O)Cn3cc(CO)c(n3)C(F)(F)F,CHEMBL1642150,EC50,6.4
3338493,CC1=NN(C[C@H](N)C(=O)O)C(=O)NC1=O,CHEMBL120808,Ki,6.43
1542256,NC(Cc1onc(O)c1Cl)C(=O)O,CHEMBL72366,Ki,6.43
10013491,Fc1ccc2N(CNS(=O)(=O)c2c1)C3CC3,CHEMBL2441067,Kd,6.46
3338469,N[C@@H](Cc1nsnc1O)C(=O)O,CHEMBL429594,Ki,6.49
10013504,CC(C)S(=O)(=O)N[C@@H]1COC[C@@H]1c2ccc(cc2)c3ccc(F)cn3,CHEMBL1289409,EC50,6.52
10013515,CC(C)S(=O)(=O)N[C@@H]1COC[C@@H]1c2ccc(cc2)c3ccc(F)nc3,CHEMBL1289294,EC50,6.52
10013526,CC(C)S(=O)(=O)N[C@@H]1COC[C@@H]1c2ccc(cc2)c3cccs3,CHEMBL1289410,EC50,6.52
10013537,CC(C)S(=O)(=O)N[C@@H]1COC[C@@H]1c2ccc(cc2)c3cncc(F)c3,CHEMBL1289408,EC50,6.52
10013548,CC(C)S(=O)(=O)N[C@H]1CN(C)C[C@@H]1c2ccc(cc2)c3cccc(NS(=O)(=O)C)c3,CHEMBL1289960,EC50,6.52
883341,NS(=O)(=O)c1cccc2c3nc(O)c(O)nc3cc(c12)[N+](=O)[O-],CHEMBL222519,Ki,6.59
10013561,CCN(CC1=CC(=O)N2C=C(C)SC2=N1)c3ccc(F)cc3,CHEMBL3799732,EC50,6.6
1542366,NC(Cc1onc(O)c1Br)C(=O)O,CHEMBL73698,Ki,6.6
3338340,N[C@@H](CN1C=C(I)C(=O)NC1=O)C(=O)O,CHEMBL121915,Ki,6.75
10013576,OCc1cn(Cc2ccc3C(CCc3c2)NS(=O)(=O)C4CC4)nc1C(F)(F)F,CHEMBL1642169,EC50,6.8
10013587,CC1=C([C@@H]2C[C@H]2CO)N3C(=O)C=C(Cn4nc(cc4Cl)C(F)(F)F)N=C3S1,CHEMBL3800556,EC50,6.82
3338447,N[C@@H](CN1C=C(C(=O)NC1=O)[N+](=O)[O-])C(=O)O,CHEMBL121191,Ki,6.94
1542877,Cc1onc(O)c1C[C@H](N)C(=O)O,CHEMBL276815,Ki,6.97
10013602,OC(=O)C1NCCc2c(O)noc12,CHEMBL154535,Ki,6.97
10013613,CC(C)S(=O)(=O)NC1CCc2cc(Cn3cc(CO)c(n3)C(F)(F)F)ccc12,CHEMBL1642168,EC50,7.0
10013624,CC(C)S(=O)(=O)N[C@@H]1COC[C@@H]1c2ccc(cc2)c3cccc(c3)C(=O)C,CHEMBL1289293,EC50,7.0
10013635,CC(C)S(=O)(=O)N[C@H]1Cc2ccc(Cn3nc(cc3C(F)(F)F)C(F)(F)F)cc2C1,CHEMBL1642155,EC50,7.0
3338381,N[C@@H](CN1C=C(Br)C(=O)NC1=O)C(=O)O,CHEMBL333964,Ki,7.0
3338508,N[C@@H](CN1N=C(I)C(=O)NC1=O)C(=O)O,CHEMBL121553,Ki,7.0
1542610,CCn1nnc(n1)c2onc(O)c2CC(N)C(=O)O,CHEMBL370941,Ki,7.1
3338392,N[C@@H](CN1C=C(Cl)C(=O)NC1=O)C(=O)O,CHEMBL121388,Ki,7.28
3338414,N[C@@H](CN1C=C(F)C(=O)NC1=O)C(=O)O,CHEMBL123132,Ki,7.6
3338519,N[C@@H](CN1N=C(Br)C(=O)NC1=O)C(=O)O,CHEMBL331644,Ki,7.71
1543009,Cc1onc(O)c1CC(N)C(=O)O,CHEMBL13378,Ki,7.77
3338530,N[C@@H](CN1N=C(Cl)C(=O)NC1=O)C(=O)O,CHEMBL331696,Ki,7.78
1543597,Cn1nnc(n1)c2onc(O)c2C[C@H](N)C(=O)O,CHEMBL370038,Ki,8.41
1543795,Cl.OC(=O)[C@@H]1C[C@H]2C[C@H](CC[C@H]2CN1)Oc3cc(ccc3c4nnn[nH]4)c5ccc(Cl)cc5,CHEMBL3088070,Ki,8.52
