id,smiles,name,assay_type,activity_value
1542133,[H][C@@]12CO[C@@]3(COS(N)(=O)=O)OC(C)(C)O[C@@]3([H])[C@]1([H])OC(C)(C)O2,topiramate,N/A,N/A
3338253,O=C1N(C=C(C=C1C1=C(C=CC=C1)C#N)C1=CC=CC=N1)C1=CC=CC=C1,perampanel,N/A,N/A
415145,CNC1(CCCCC1=O)C1=C(Cl)C=CC=C1,ketamine,N/A,N/A
3338279,CC(C)(C)c1onc(O)c1C[C@H](N)C(=O)O,CHEMBL27130,EC50,5.1
8163472,N[C@@H](CC1=CCCCc2onc(O)c12)C(=O)O,CHEMBL28472,EC50,5.14
3338305,CC(C)n1nnc(n1)c2onc(O)c2CC(N)C(=O)O,CHEMBL193087,Ki,5.43
10011097,CC(C)S(=O)(=O)NCC(C)C1CCC(CC1)c2ccc(cc2)C#N,CHEMBL1097939,EC50,5.78
3338425,CC(C)S(=O)(=O)NCC(C)c1ccc(cc1)c2ccc(cc2)C#N,CHEMBL435582,EC50,5.78
1542322,CCCn1nnc(n1)c2onc(O)c2CC(N)C(=O)O,CHEMBL372643,Ki,5.93
3338329,N[C@H](Cc1nsnc1O)C(=O)O,CHEMBL402444,Ki,5.97
883341,NS(=O)(=O)c1cccc2c3nc(O)c(O)nc3cc(c12)[N+](=O)[O-],CHEMBL222519,Ki,6.05
3338403,N[C@@H](CCCNC(=N)N)C(=O)NCCCNCCCNCCCCCNC(=O)[C@H](CC(=O)N)NC(=O)Cc1ccc(O)cc1O,CHEMBL1098240,IC50,6.64
3338469,N[C@@H](Cc1nsnc1O)C(=O)O,CHEMBL429594,Ki,6.8
1542610,CCn1nnc(n1)c2onc(O)c2CC(N)C(=O)O,CHEMBL370941,Ki,7.35
10011122,NCCCNCCCCNCCC(=O)NCCCCCNC(=O)[C@H](CC(=O)N)NC(=O)Cc1ccc(O)cc1O,CHEMBL313747,IC50,7.52
1543009,Cc1onc(O)c1CC(N)C(=O)O,CHEMBL13378,Ki,7.68
1542877,Cc1onc(O)c1C[C@H](N)C(=O)O,CHEMBL276815,Ki,7.69
1543597,Cn1nnc(n1)c2onc(O)c2C[C@H](N)C(=O)O,CHEMBL370038,Ki,8.65
