id,smiles,name,assay_type,activity_value
1542133,[H][C@@]12CO[C@@]3(COS(N)(=O)=O)OC(C)(C)O[C@@]3([H])[C@]1([H])OC(C)(C)O2,topiramate,N/A,N/A
3338253,O=C1N(C=C(C=C1C1=C(C=CC=C1)C#N)C1=CC=CC=N1)C1=CC=CC=C1,perampanel,N/A,N/A
415145,CNC1(CCCCC1=O)C1=C(Cl)C=CC=C1,ketamine,N/A,N/A
3338268,N[C@@H](CN1C=CC(=O)NC1=O)C(=O)O,CHEMBL122005,Ki,5.05
3338279,CC(C)(C)c1onc(O)c1C[C@H](N)C(=O)O,CHEMBL27130,EC50,5.12
1543674,CC(C)\C=C(/C[C@H](N)C(=O)O)\C(=O)O,CHEMBL299180,Ki,5.25
1543321,CCC(=C(C[C@H](N)C(=O)O)C(=O)O)CC,CHEMBL51008,Ki,5.33
3338294,CC(CNS(=O)(=O)C)c1ccc(cc1)c2ccsc2,CHEMBL137789,EC50,5.35
3338305,CC(C)n1nnc(n1)c2onc(O)c2CC(N)C(=O)O,CHEMBL193087,Ki,5.63
1543399,CC(=C)[C@H]1CN[C@@H]([C@H]1CC(=O)O)C(=O)O,CHEMBL275040,Ki,5.77
3338318,CC(CNS(=O)(=O)C)c1ccc(cc1)C(C)(C)C,CHEMBL1276217,EC50,5.92
3338329,N[C@H](Cc1nsnc1O)C(=O)O,CHEMBL402444,Ki,5.98
3338340,N[C@@H](CN1C=C(I)C(=O)NC1=O)C(=O)O,CHEMBL121915,Ki,6.01
840414,N[C@@H](CCC(=O)O)C(=O)O,CHEMBL575060,Ki,6.06
1542322,CCCn1nnc(n1)c2onc(O)c2CC(N)C(=O)O,CHEMBL372643,Ki,6.14
883341,NS(=O)(=O)c1cccc2c3nc(O)c(O)nc3cc(c12)[N+](=O)[O-],CHEMBL222519,Ki,6.22
1543740,N[C@@H](CC(=C1CCCC1)C(=O)O)C(=O)O,CHEMBL51660,Ki,6.27
3338359,CC(C)S(=O)(=O)NCC(C)c1ccc(NC(=O)c2ccccc2)cc1,CHEMBL105076,EC50,6.28
3338370,CC(C)S(=O)(=O)N[C@@H]1CCC[C@@H]1c2ccc(Br)cc2,CHEMBL63417,EC50,6.28
3338381,N[C@@H](CN1C=C(Br)C(=O)NC1=O)C(=O)O,CHEMBL333964,Ki,6.34
3338392,N[C@@H](CN1C=C(Cl)C(=O)NC1=O)C(=O)O,CHEMBL121388,Ki,6.35
3338403,N[C@@H](CCCNC(=N)N)C(=O)NCCCNCCCNCCCCCNC(=O)[C@H](CC(=O)N)NC(=O)Cc1ccc(O)cc1O,CHEMBL1098240,IC50,6.37
3338414,N[C@@H](CN1C=C(F)C(=O)NC1=O)C(=O)O,CHEMBL123132,Ki,6.52
3338425,CC(C)S(=O)(=O)NCC(C)c1ccc(cc1)c2ccc(cc2)C#N,CHEMBL435582,EC50,6.54
3338436,CC(C)S(=O)(=O)N[C@@H]1CCC[C@@H]1c2ccc(I)cc2,CHEMBL63355,EC50,6.64
3338447,N[C@@H](CN1C=C(C(=O)NC1=O)[N+](=O)[O-])C(=O)O,CHEMBL121191,Ki,6.68
3338458,N[C@@H](CN1N=CC(=O)NC1=O)C(=O)O,CHEMBL122656,Ki,6.72
3338469,N[C@@H](Cc1nsnc1O)C(=O)O,CHEMBL429594,Ki,6.74
1542877,Cc1onc(O)c1C[C@H](N)C(=O)O,CHEMBL276815,Ki,6.81
3338482,CC(C)S(=O)(=O)NC[C@H](C)c1ccc(cc1)c2ccc(CCNS(=O)(=O)C)cc2,CHEMBL1277001,EC50,6.82
3338493,CC1=NN(C[C@H](N)C(=O)O)C(=O)NC1=O,CHEMBL120808,Ki,7.05
1542610,CCn1nnc(n1)c2onc(O)c2CC(N)C(=O)O,CHEMBL370941,Ki,7.35
1543009,Cc1onc(O)c1CC(N)C(=O)O,CHEMBL13378,Ki,7.4
3338508,N[C@@H](CN1N=C(I)C(=O)NC1=O)C(=O)O,CHEMBL121553,Ki,7.7
3338519,N[C@@H](CN1N=C(Br)C(=O)NC1=O)C(=O)O,CHEMBL331644,Ki,8.1
3338530,N[C@@H](CN1N=C(Cl)C(=O)NC1=O)C(=O)O,CHEMBL331696,Ki,8.44
1543597,Cn1nnc(n1)c2onc(O)c2C[C@H](N)C(=O)O,CHEMBL370038,Ki,8.57
