id,smiles,name,assay_type,activity_value
1542133,[H][C@@]12CO[C@@]3(COS(N)(=O)=O)OC(C)(C)O[C@@]3([H])[C@]1([H])OC(C)(C)O2,topiramate,N/A,N/A
3338253,O=C1N(C=C(C=C1C1=C(C=CC=C1)C#N)C1=CC=CC=N1)C1=CC=CC=C1,perampanel,IC50,5.19
415145,CNC1(CCCCC1=O)C1=C(Cl)C=CC=C1,ketamine,N/A,N/A
3338305,CC(C)n1nnc(n1)c2onc(O)c2CC(N)C(=O)O,CHEMBL193087,Ki,5.0
7918898,NS(=O)(=O)C1=CC2=C(NC(NS2(=O)=O)C2CC3CC2C=C3)C=C1Cl,cyclothiazide,EC50,5.0
10017225,C[C@@H](c1ccc2NC(=O)Sc2c1)c3ccn(n3)c4ccc(CCC(C)(C)O)cn4,CHEMBL3823817,IC50,5.03
10017236,C[C@@H](c1ccc2NC(=O)Sc2c1)c3ccn(n3)c4ccccn4,CHEMBL3822825,IC50,5.03
10017247,C[C@H](c1ccc2NC(=O)Sc2c1)c3ccn(n3)c4ccc(CCO)cn4,CHEMBL3824269,IC50,5.03
10017258,C[C@H](c1ccc2NC(=O)Sc2c1)c3ccn(n3)c4ccc(OCCO)cn4,CHEMBL3824102,IC50,5.03
10017269,C[C@H](c1ccc2NC(=O)Sc2c1)c3ccn(n3)c4ccccn4,CHEMBL3823247,IC50,5.03
1542467,OC(=O)[C@@H]1C[C@H]2C[C@@H](CCc3nnn[nH]3)CC[C@H]2CN1,CHEMBL14935,Ki,5.04
10017282,CCCC(=O)NC(Cc1ccc(O)cc1)C(O)NCCCNCCCCCCCCN,CHEMBL154184,Ki,5.09
10017293,CCCC(=O)NC(Cc1ccc(O)cc1)C(=O)NCCCCCCCCNCCCN,CHEMBL147182,Ki,5.1
1543399,CC(=C)[C@H]1CN[C@@H]([C@H]1CC(=O)O)C(=O)O,CHEMBL275040,Ki,5.13
10017308,CCCC(=O)NC(Cc1ccc(O)cc1)C(=O)NCCCCCCCCCNCCN,CHEMBL434273,Ki,5.21
10011097,CC(C)S(=O)(=O)NCC(C)C1CCC(CC1)c2ccc(cc2)C#N,CHEMBL1097939,EC50,5.25
3338425,CC(C)S(=O)(=O)NCC(C)c1ccc(cc1)c2ccc(cc2)C#N,CHEMBL435582,EC50,5.25
1543531,CC(C)(C)c1snc(O)c1C[C@H](N)C(=O)O,CHEMBL29024,EC50,5.28
1542322,CCCn1nnc(n1)c2onc(O)c2CC(N)C(=O)O,CHEMBL372643,Ki,5.29
8163472,N[C@@H](CC1=CCCCc2onc(O)c12)C(=O)O,CHEMBL28472,EC50,5.35
3338403,N[C@@H](CCCNC(=N)N)C(=O)NCCCNCCCNCCCCCNC(=O)[C@H](CC(=O)N)NC(=O)Cc1ccc(O)cc1O,CHEMBL1098240,IC50,5.47
10017331,CCCC(=O)NC(Cc1ccc(O)cc1)C(=O)NCCCCCCCNCCCCN,CHEMBL422515,Ki,5.52
10017342,CN(c1ccc(O)cc1)c2nc(cs2)c3ccccn3,CHEMBL3823441,IC50,5.53
10017353,CC(C)S(=O)(=O)NCCCCCCCNS(=O)(=O)C(C)C,CHEMBL1276246,EC50,5.54
883341,NS(=O)(=O)c1cccc2c3nc(O)c(O)nc3cc(c12)[N+](=O)[O-],CHEMBL222519,Ki,5.8
840414,N[C@@H](CCC(=O)O)C(=O)O,CHEMBL575060,Ki,5.87
1543740,N[C@@H](CC(=C1CCCC1)C(=O)O)C(=O)O,CHEMBL51660,Ki,5.96
10017370,CCCCCC(=O)NC(Cc1ccc(O)cc1)C(=O)NCCCCCCCCNCCCN,CHEMBL152410,Ki,6.0
10017381,CC(C)S(=O)(=O)NCCCCCCCCNS(=O)(=O)C(C)C,CHEMBL1277094,EC50,6.04
1543674,CC(C)\C=C(/C[C@H](N)C(=O)O)\C(=O)O,CHEMBL299180,Ki,6.16
10017394,CC(C)S(=O)(=O)NCCCCCCCCCNS(=O)(=O)C(C)C,CHEMBL1277095,EC50,6.18
10017405,CCCC(=O)NC(Cc1ccc(O)cc1)C(=O)NCCCCCCNCCCCCN,CHEMBL152153,Ki,6.33
3338268,N[C@@H](CN1C=CC(=O)NC1=O)C(=O)O,CHEMBL122005,Ki,6.41
10017418,CN(c1ccc2[nH]ncc2c1)c3ccn(n3)c4ccccn4,CHEMBL3823956,IC50,6.45
10017429,NCCCNCCCCCCCCNC(=O)C(Cc1ccc(O)cc1)NC(=O)c2ccncc2,CHEMBL153996,Ki,6.48
10017440,CC(=O)NC(Cc1ccc(O)cc1)C(=O)NCCCCCCCCNCCCN,CHEMBL422161,Ki,6.52
10017451,CCCC(=O)NC(Cc1ccc(O)cc1)C(=O)NCCCCCNCCCCCCN,CHEMBL153017,Ki,6.54
10017462,CCC(=O)NC(Cc1ccc(O)cc1)C(=O)NCCCCCCCCNCCCN,CHEMBL355977,Ki,6.55
3338447,N[C@@H](CN1C=C(C(=O)NC1=O)[N+](=O)[O-])C(=O)O,CHEMBL121191,Ki,6.55
10017475,NCCCNCCCCCCCCNC(=O)C(Cc1ccc(O)cc1)NC(=O)CCc2ccccc2,CHEMBL154012,Ki,6.6
10017486,NCCCNCCCCCCCCNC(=O)C(Cc1ccc(O)cc1)NC(=O)Cc2ccccc2,CHEMBL350228,Ki,6.6
10017497,NCCCNCCCCCCCCNC(=O)C(Cc1ccc(O)cc1)NC(=O)c2ccccc2,CHEMBL352030,Ki,6.6
3338493,CC1=NN(C[C@H](N)C(=O)O)C(=O)NC1=O,CHEMBL120808,Ki,6.62
10017510,NCCCNCCCCCCCCNC(=O)C(Cc1ccc(O)cc1)NC(=O)C2CCCCC2,CHEMBL153995,Ki,6.62
10017521,NCCCNCCCCCCCCNC(=O)C(Cc1ccc(O)cc1)NC(=O)c2cccnc2,CHEMBL152425,Ki,6.68
3338469,N[C@@H](Cc1nsnc1O)C(=O)O,CHEMBL429594,Ki,6.73
1542366,NC(Cc1onc(O)c1Br)C(=O)O,CHEMBL73698,Ki,6.77
10017536,NCCCNCCCCCCCCNC(=O)C(Cc1ccc(O)cc1)NC(=O)\C=C\c2ccccc2,CHEMBL152736,Ki,6.77
10017547,NCCCNCCCCCCCCNC(=O)C(Cc1ccc(O)cc1)NC(=O)c2ccccn2,CHEMBL345521,Ki,6.77
10017558,CCCC(=O)N[C@@H](Cc1ccc(O)cc1)C(=O)NCCCCCCCNCCCCN,CHEMBL213645,Ki,6.78
3338340,N[C@@H](CN1C=C(I)C(=O)NC1=O)C(=O)O,CHEMBL121915,Ki,6.79
3338458,N[C@@H](CN1N=CC(=O)NC1=O)C(=O)O,CHEMBL122656,Ki,6.79
3338329,N[C@H](Cc1nsnc1O)C(=O)O,CHEMBL402444,Ki,6.82
10017575,CN(c1ccc2[nH]ncc2c1)c3nc(cs3)c4ccccn4,CHEMBL3823274,IC50,6.83
1542610,CCn1nnc(n1)c2onc(O)c2CC(N)C(=O)O,CHEMBL370941,Ki,6.84
10017588,CC(C)(C)C(=O)NC(Cc1ccc(O)cc1)C(=O)NCCCCCCCCNCCCN,CHEMBL269192,Ki,6.85
10017599,CCCC(=O)NC(Cc1ccc(O)cc1)C(=O)NCCCCNCCCCCCCN,CHEMBL152879,Ki,6.87
1542256,NC(Cc1onc(O)c1Cl)C(=O)O,CHEMBL72366,Ki,6.89
10017612,CC(c1ccc2NC(=O)Sc2c1)c3ccn(n3)c4ccccn4,CHEMBL3823222,IC50,6.91
1542877,Cc1onc(O)c1C[C@H](N)C(=O)O,CHEMBL276815,Ki,6.99
3338381,N[C@@H](CN1C=C(Br)C(=O)NC1=O)C(=O)O,CHEMBL333964,Ki,7.04
3338508,N[C@@H](CN1N=C(I)C(=O)NC1=O)C(=O)O,CHEMBL121553,Ki,7.13
10017629,CN(c1ccc2NC(=O)Sc2c1)c3nc(cs3)c4ccccn4,CHEMBL3823131,IC50,7.16
10017640,C[C@@H](c1ccc2NC(=O)Sc2c1)c3ccn(n3)c4ccc(OCCO)cn4,CHEMBL3823394,IC50,7.19
3338392,N[C@@H](CN1C=C(Cl)C(=O)NC1=O)C(=O)O,CHEMBL121388,Ki,7.19
10017653,C[C@@H](c1ccc2NC(=O)Sc2c1)c3ccn(n3)c4ccc(CCO)cn4,CHEMBL3823351,IC50,7.21
10017664,C[C@@H](c1ccc2NC(=O)Sc2c1)c3ccn(n3)c4ccc(F)cn4,CHEMBL3823445,IC50,7.27
10017675,Cn1ccc(CN(c2ccc3[nH]ncc3c2)c4nc(cs4)c5ccccn5)n1,CHEMBL3822572,IC50,7.27
10011122,NCCCNCCCCNCCC(=O)NCCCCCNC(=O)[C@H](CC(=O)N)NC(=O)Cc1ccc(O)cc1O,CHEMBL313747,IC50,7.4
3338519,N[C@@H](CN1N=C(Br)C(=O)NC1=O)C(=O)O,CHEMBL331644,Ki,7.54
10017690,CCOCCN(c1ccc2NC(=O)Sc2c1)c3nc(cs3)c4ccccn4,CHEMBL3823961,IC50,7.66
1543009,Cc1onc(O)c1CC(N)C(=O)O,CHEMBL13378,Ki,7.66
3338414,N[C@@H](CN1C=C(F)C(=O)NC1=O)C(=O)O,CHEMBL123132,Ki,7.83
3338530,N[C@@H](CN1N=C(Cl)C(=O)NC1=O)C(=O)O,CHEMBL331696,Ki,8.15
1543597,Cn1nnc(n1)c2onc(O)c2C[C@H](N)C(=O)O,CHEMBL370038,Ki,8.28
