id,smiles,name,assay_type,activity_value
1542133,[H][C@@]12CO[C@@]3(COS(N)(=O)=O)OC(C)(C)O[C@@]3([H])[C@]1([H])OC(C)(C)O2,topiramate,N/A,N/A
1543740,N[C@@H](CC(=C1CCCC1)C(=O)O)C(=O)O,CHEMBL51660,Ki,5.24
1543165,OC(=O)CN1C(=O)C(=O)Nc2cc(c(cc12)n3ccc(CN4CCCCC4)c3)[N+](=O)[O-],CHEMBL303415,Ki,5.24
1542801,OC(=O)CN1C(=O)C(=O)Nc2cc(c(cc12)n3ccc(c3)C(=O)O)[N+](=O)[O-],CHEMBL293613,Ki,5.39
1542656,OC(=O)CCN1C(=O)C(=O)Nc2cc(c(cc12)n3cccc3)[N+](=O)[O-],CHEMBL305534,Ki,5.6
1543806,OC(=O)CN1C(=O)C(=O)Nc2cc(c(cc12)n3ccc(CN4CCN(CCc5ccccc5)CC4)c3)[N+](=O)[O-],CHEMBL67828,Ki,5.85
1543176,OC(=O)CN1C(=O)C(=O)Nc2cc(c(cc12)n3ccc(CNCCCc4ccccc4)c3)[N+](=O)[O-],CHEMBL429540,Ki,5.85
840414,N[C@@H](CCC(=O)O)C(=O)O,CHEMBL575060,Ki,6.1
1543849,OC(=O)CN1C(=O)C(=O)Nc2cc(c(cc12)n3ccc(CN4CCN(Cc5ccccc5)CC4)c3)[N+](=O)[O-],CHEMBL63861,Ki,6.17
1542634,N[C@@H](C[C@@H](C\C=C\c1ccc2ccccc2c1)C(=O)O)C(=O)O,CHEMBL301536,Ki,6.21
1543354,OC(=O)CN1C(=O)C(=O)Nc2cc(c(cc12)n3ccc(CN4CCC(CC4)c5ccccc5)c3)[N+](=O)[O-],CHEMBL416685,Ki,6.28
1543674,CC(C)\C=C(/C[C@H](N)C(=O)O)\C(=O)O,CHEMBL299180,Ki,6.29
1543827,N[C@@H](C[C@@H](C\C=C\c1ccc(Cl)cc1)C(=O)O)C(=O)O,CHEMBL58590,Ki,6.37
1543553,OC(=O)CN1C(=O)C(=O)Nc2cc(c(cc12)n3ccc(CNC(=O)Nc4ccc(cc4)[N+](=O)[O-])c3)C(F)(F)F,CHEMBL13076,Ki,7.34
1543762,COc1ccccc1\C=C\C[C@H](C[C@H](N)C(=O)O)C(=O)O,CHEMBL59284,Ki,7.38
1543399,CC(=C)[C@H]1CN[C@@H]([C@H]1CC(=O)O)C(=O)O,CHEMBL275040,Ki,8.0
