id,smiles,name,assay_type,activity_value
1542133,[H][C@@]12CO[C@@]3(COS(N)(=O)=O)OC(C)(C)O[C@@]3([H])[C@]1([H])OC(C)(C)O2,topiramate,N/A,N/A
1543740,N[C@@H](CC(=C1CCCC1)C(=O)O)C(=O)O,CHEMBL51660,Ki,5.0
1543343,NCc1ccn(c1)c2cc3N(CC(=O)O)C(=O)C(=O)Nc3cc2[N+](=O)[O-],CHEMBL12465,Ki,5.01
1543674,CC(C)\C=C(/C[C@H](N)C(=O)O)\C(=O)O,CHEMBL299180,Ki,5.13
1542877,Cc1onc(O)c1C[C@H](N)C(=O)O,CHEMBL276815,Ki,5.67
3338458,N[C@@H](CN1N=CC(=O)NC1=O)C(=O)O,CHEMBL122656,Ki,5.7
3338414,N[C@@H](CN1C=C(F)C(=O)NC1=O)C(=O)O,CHEMBL123132,Ki,5.74
1543077,OC(=O)CN1C(=O)C(=O)Nc2cc(c(cc12)n3cccc3)[N+](=O)[O-],CHEMBL268284,Ki,5.89
3338493,CC1=NN(C[C@H](N)C(=O)O)C(=O)NC1=O,CHEMBL120808,Ki,5.94
840414,N[C@@H](CCC(=O)O)C(=O)O,CHEMBL575060,Ki,6.13
3338279,CC(C)(C)c1onc(O)c1C[C@H](N)C(=O)O,CHEMBL27130,EC50,6.32
3338447,N[C@@H](CN1C=C(C(=O)NC1=O)[N+](=O)[O-])C(=O)O,CHEMBL121191,Ki,6.41
1543399,CC(=C)[C@H]1CN[C@@H]([C@H]1CC(=O)O)C(=O)O,CHEMBL275040,Ki,6.75
8163472,N[C@@H](CC1=CCCCc2onc(O)c12)C(=O)O,CHEMBL28472,EC50,6.89
1543531,CC(C)(C)c1snc(O)c1C[C@H](N)C(=O)O,CHEMBL29024,EC50,7.0
3338392,N[C@@H](CN1C=C(Cl)C(=O)NC1=O)C(=O)O,CHEMBL121388,Ki,7.24
3338530,N[C@@H](CN1N=C(Cl)C(=O)NC1=O)C(=O)O,CHEMBL331696,Ki,7.51
3338508,N[C@@H](CN1N=C(I)C(=O)NC1=O)C(=O)O,CHEMBL121553,Ki,7.7
3338381,N[C@@H](CN1C=C(Br)C(=O)NC1=O)C(=O)O,CHEMBL333964,Ki,8.04
3338519,N[C@@H](CN1N=C(Br)C(=O)NC1=O)C(=O)O,CHEMBL331644,Ki,8.54
3338340,N[C@@H](CN1C=C(I)C(=O)NC1=O)C(=O)O,CHEMBL121915,Ki,9.62
