id,smiles,name,assay_type,activity_value
1542133,[H][C@@]12CO[C@@]3(COS(N)(=O)=O)OC(C)(C)O[C@@]3([H])[C@]1([H])OC(C)(C)O2,topiramate,N/A,N/A
1542146,COc1ccc(NC(=O)Nc2cc(Cl)ccc2C(=O)O)cc1,CHEMBL153851,IC50,5.0
1542157,Cl.Cc1ccc(O[C@H]2CC[C@H]3CN[C@@H](C[C@H]3C2)C(=O)O)c(c1)C(=O)O,CHEMBL2440516,Ki,5.0
1542168,OC(=O)[C@@H]1C[C@H]2C[C@H](CC[C@H]2CN1)Oc3cc(ccc3c4nnn[nH]4)c5cccnc5,CHEMBL3088073,Ki,5.0
1542179,OC(=O)c1ccc(Cl)cc1NC(=O)Nc2ccccc2,CHEMBL155261,IC50,5.0
1542190,OC(=O)c1ccc(F)cc1NC(=O)Nc2cccc(c2)C(F)(F)F,CHEMBL346339,IC50,5.0
1542201,Cl.OC(=O)[C@@H]1C[C@H]2C[C@H](CC[C@H]2CN1)Oc3cccc(F)c3C(=O)O,CHEMBL2440686,Ki,5.01
1542212,OC(=O)c1ccc(Cl)cc1NC(=O)Nc2cccc3ccccc23,CHEMBL155535,IC50,5.03
1542223,OC(=O)[C@@H]1C[C@H]2C[C@H](CC[C@H]2CN1)Nc3cccc(c3)C(=O)O,CHEMBL2440693,Ki,5.1
1542234,OC(=O)c1ccc(Cl)cc1NC(=O)Nc2cccc(F)c2,CHEMBL157012,IC50,5.12
1542245,CC(C)COC(=O)[C@@H]1C[C@H]2C[C@H](CC[C@H]2CN1)Oc3ccccc3c4nn[nH]n4,CHEMBL189721,Ki,5.13
1542256,NC(Cc1onc(O)c1Cl)C(=O)O,CHEMBL72366,Ki,5.17
1542267,Cl.COc1ccc(C(=O)O)c(O[C@H]2CC[C@H]3CN[C@@H](C[C@H]3C2)C(=O)O)c1,CHEMBL2440700,Ki,5.21
1542278,Cl.OC(=O)[C@@H]1C[C@H]2C[C@H](CC[C@H]2CN1)Oc3cccc(c3)C(=O)O,CHEMBL2440691,Ki,5.22
1542289,N[C@@H](C\C(=C/C1CCCCC1)\C(=O)O)C(=O)O,CHEMBL53702,Ki,5.22
1542300,OC(=O)c1ccc(Br)cc1NC(=O)Nc2cccc(c2)C(F)(F)F,CHEMBL346968,IC50,5.22
1542311,Cl.Cc1ccc(C(=O)O)c(O[C@H]2CC[C@H]3CN[C@@H](C[C@H]3C2)C(=O)O)c1,CHEMBL2440701,Ki,5.23
1542322,CCCn1nnc(n1)c2onc(O)c2CC(N)C(=O)O,CHEMBL372643,Ki,5.26
1542333,N[C@@H](CC(=C1CCCCC1)C(=O)O)C(=O)O,CHEMBL54238,Ki,5.29
1542344,OC(=O)c1ccc(Cl)cc1NC(=O)Nc2cccc(c2)C(F)(F)F,CHEMBL154696,IC50,5.3
1542355,OC(=O)c1ccc(Cl)cc1NC(=O)Nc2ccccc2I,CHEMBL155081,IC50,5.3
1542366,NC(Cc1onc(O)c1Br)C(=O)O,CHEMBL73698,Ki,5.32
1542377,OC(=O)c1ccc(Cl)cc1NC(=O)Nc2ccc(cc2)C(F)(F)F,CHEMBL422698,IC50,5.32
1542388,OC(=O)c1ccc(Cl)cc1NC(=O)Nc2cccc(Br)c2,CHEMBL154700,IC50,5.32
1542399,OC(=O)c1ccc(Cl)cc1NC(=O)Nc2ccc(I)cc2,CHEMBL155101,IC50,5.33
1542410,OC(=O)c1ccc(Cl)cc1NC(=O)Nc2ccccc2Cl,CHEMBL154202,IC50,5.33
1542421,C\C=C\C[C@H](C[C@H](N)C(=O)O)C(=O)O,CHEMBL294139,EC50,5.35
1542432,OC(=O)c1ccc(Cl)cc1NC(=O)Nc2ccccc2Br,CHEMBL155190,IC50,5.35
1542443,OC(=O)c1ccc(Cl)cc1NC(=O)Nc2ccccc2C(F)(F)F,CHEMBL155492,IC50,5.35
1542454,N[C@@H](C[C@@H](CC=C)C(=O)O)C(=O)O,CHEMBL62057,EC50,5.36
1542467,OC(=O)[C@@H]1C[C@H]2C[C@@H](CCc3nnn[nH]3)CC[C@H]2CN1,CHEMBL14935,Ki,5.38
1542478,CCn1c(c(C)c2cc(OC)ccc12)c3ccc(OC)cc3,CHEMBL3104225,IC50,5.4
1542489,COc1cccc(NC(=O)Nc2cc(Cl)ccc2C(=O)O)c1,CHEMBL152120,IC50,5.43
1542500,Cl.OC(=O)[C@@H]1C[C@H]2C[C@H](CC[C@H]2CN1)Sc3ccc(Cl)cc3C(=O)O,CHEMBL2440684,Ki,5.43
1542511,CC1(C)CCC/C/1=C(\C[C@H](N)C(=O)O)/C(=O)O,CHEMBL54291,Ki,5.44
1542522,CCCC#CC[C@H](C[C@H](N)C(=O)O)C(=O)O,CHEMBL302402,Ki,5.44
1542533,Cl.OC(=O)[C@@H]1C[C@H]2C[C@@H](Cc3ccc(cc3)C(=O)O)CC[C@H]2CN1,CHEMBL2440697,Ki,5.44
1542544,OC(=O)[C@@H]1C[C@H]2C[C@H](CC[C@H]2CN1)Nc3ccc(Cl)cc3C(=O)O,CHEMBL2440517,Ki,5.44
1542555,OC(=O)c1ccc(Cl)cc1NC(=O)Nc2ccc3OCOc3c2,CHEMBL422152,IC50,5.44
1542566,N[C@@H](C[C@@H](C\C=C\c1ccc(cc1)C(=O)O)C(=O)O)C(=O)O,CHEMBL61434,Ki,5.45
1542577,Cc1cccc(N[C@H]2CC[C@H]3CN[C@@H](C[C@H]3C2)C(=O)O)c1c4nnn[nH]4,CHEMBL3088056,Ki,5.5
1542588,OC(=O)c1ccc(Cl)cc1NC(=O)Nc2ccc(Cl)cc2,CHEMBL154066,IC50,5.51
1542599,Cl.OC(=O)[C@@H]1C[C@H]2C[C@@H](Cc3ccccc3c4nnn[nH]4)CC[C@H]2CN1,CHEMBL3087684,Ki,5.52
1542610,CCn1nnc(n1)c2onc(O)c2CC(N)C(=O)O,CHEMBL370941,Ki,5.54
1542621,Cc1ccc(c(N[C@H]2CC[C@H]3CN[C@@H](C[C@H]3C2)C(=O)O)c1)c4nnn[nH]4,CHEMBL3088065,Ki,5.54
1542634,N[C@@H](C[C@@H](C\C=C\c1ccc2ccccc2c1)C(=O)O)C(=O)O,CHEMBL301536,EC50,5.6
1542645,CCCCCC[C@H](C[C@H](N)C(=O)O)C(=O)O,CHEMBL62053,Ki,5.62
1542656,OC(=O)CCN1C(=O)C(=O)Nc2cc(c(cc12)n3cccc3)[N+](=O)[O-],CHEMBL305534,Ki,5.62
1542667,Cl.OC(=O)[C@@H]1C[C@H]2C[C@H](CC[C@H]2CN1)Oc3ccccc3C(=O)O,CHEMBL2440687,Ki,5.64
1542678,C\C=C(\C[C@H](N)C(=O)O)/C(=O)O,CHEMBL52514,Ki,5.66
1542689,OC(=O)c1ccc(Cl)cc1NC(=O)Nc2ccc(Br)cc2,CHEMBL155022,IC50,5.66
1542700,OC(=O)c1ccc(Cl)cc1NC(=O)Nc2cccc(I)c2,CHEMBL154658,IC50,5.66
1542711,Cl.OC(=O)[C@@H]1C[C@H]2C[C@H](CC[C@H]2CN1)Oc3cc(Cl)ccc3C(=O)O,CHEMBL2440703,Ki,5.68
1542722,Cl.OC(=O)[C@@H]1C[C@H]2C[C@H](CC[C@H]2CN1)Oc3cc(CCc4ccccc4)ccc3c5nnn[nH]5,CHEMBL3085838,Ki,5.77
1542734,OC(=O)[C@@H]1C[C@H]2C[C@H](CC[C@H]2CN1)Oc3ccccc3c4nn[nH]n4,CHEMBL189985,Ki,5.77
1542745,OC(=O)c1cc(C(=O)O)c(NC(=O)c2ccccc2)cc1NC(=O)c3ccccc3,CHEMBL156717,IC50,5.8
1542757,OC(=O)[C@@H]1C[C@H]2C[C@H](CC[C@H]2CN1)Nc3ccccc3c4nn[nH]n4,CHEMBL191249,Ki,5.81
1542768,Cl.OC(=O)[C@@H]1C[C@H]2C[C@H](CC[C@H]2CN1)Oc3ccc(Cl)cc3C(=O)O,CHEMBL2440685,Ki,5.82
1542779,N[C@@H](C[C@@H](CC(=C)Cl)C(=O)O)C(=O)O,CHEMBL299449,Ki,5.83
1542790,Cl.COc1ccc(c(O[C@H]2CC[C@H]3CN[C@@H](C[C@H]3C2)C(=O)O)c1)c4nnn[nH]4,CHEMBL3088063,Ki,5.85
1542801,OC(=O)CN1C(=O)C(=O)Nc2cc(c(cc12)n3ccc(c3)C(=O)O)[N+](=O)[O-],CHEMBL293613,Ki,5.85
1542812,Cl.OC(=O)[C@@H]1C[C@H]2C[C@H](CC[C@H]2CN1)Sc3cc(Cl)ccc3C(=O)O,CHEMBL2440702,Ki,5.89
1542822,N[C@@H](C[C@H](CC=C)C(=O)O)C(=O)O,CHEMBL62055,Ki,5.89
1542833,OC(=O)c1ccc(Cl)cc1NC(=O)Nc2cccc(Cl)c2,CHEMBL154704,IC50,5.89
1542844,N[C@@H](C[C@@H](CCCc1ccccc1)C(=O)O)C(=O)O,CHEMBL305387,Ki,5.92
1542855,OC(=O)c1ccc(Cl)cc1NC(=O)Nc2cc3ccccc3[nH]2,CHEMBL347374,IC50,5.92
1542866,OC(=O)c1ccc(Cl)cc1NC(=O)Nc2ccc3ccccc3c2,CHEMBL346524,IC50,5.92
1542877,Cc1onc(O)c1C[C@H](N)C(=O)O,CHEMBL276815,Ki,5.94
1542888,Cl.COc1cccc(O[C@H]2CC[C@H]3CN[C@@H](C[C@H]3C2)C(=O)O)c1c4nnn[nH]4,CHEMBL3088055,Ki,5.96
1542899,Cl.Cc1ccc(c(O[C@H]2CC[C@H]3CN[C@@H](C[C@H]3C2)C(=O)O)c1)c4nnn[nH]4,CHEMBL3088062,Ki,5.96
1542910,OC(=O)[C@@H]1C[C@H]2C[C@H](CC[C@H]2CN1)Nc3cc(ccc3c4nnn[nH]4)c5ccccc5,CHEMBL3088066,Ki,5.96
1542921,CC(=CC[C@H](C[C@H](N)C(=O)O)C(=O)O)C,CHEMBL59286,Ki,5.99
1542932,Cl.OC(=O)[C@@H]1C[C@H]2C[C@H](CC[C@H]2CN1)Oc3cc(ccc3c4nnn[nH]4)c5ccccc5Cl,CHEMBL3088068,Ki,6.0
1542943,Cl.CC(C)Oc1ccc(c(O[C@H]2CC[C@H]3CN[C@@H](C[C@H]3C2)C(=O)O)c1)c4nnn[nH]4,CHEMBL3088074,Ki,6.05
1542954,Cl.OC(=O)[C@@H]1C[C@H]2C[C@H](CC[C@H]2CN1)Oc3cc(ccc3c4nnn[nH]4)c5nccs5,CHEMBL3088071,Ki,6.05
1542965,Cl.OC(=O)[C@@H]1C[C@H]2C[C@H](CC[C@H]2CN1)Oc3ccc(F)cc3c4nnn[nH]4,CHEMBL3088059,Ki,6.05
1542976,OC(=O)[C@@H]1C[C@H]2C[C@H](CC[C@H]2CN1)Nc3ccccc3C(=O)O,CHEMBL2440689,Ki,6.05
1542987,CCC#CC[C@H](C[C@H](N)C(=O)O)C(=O)O,CHEMBL58541,Ki,6.08
1542998,OC(=O)[C@@H]1C[C@H]2C[C@H](CC[C@H]2CN1)Sc3ccccc3C(=O)O,CHEMBL2440688,Ki,6.1
1543009,Cc1onc(O)c1CC(N)C(=O)O,CHEMBL13378,Ki,6.13
840414,N[C@@H](CCC(=O)O)C(=O)O,CHEMBL575060,Ki,6.15
1543022,Cl.OC(=O)[C@@H]1C[C@H]2C[C@H](CC[C@H]2CN1)Oc3cc(ccc3c4nnn[nH]4)c5cccc(Cl)c5,CHEMBL3088069,Ki,6.16
1543033,C\C(=C/c1ccccc1)\C[C@H](C[C@H](N)C(=O)O)C(=O)O,CHEMBL61697,Ki,6.17
1543044,Cl.OC(=O)[C@@H]1C[C@H]2C[C@H](CC[C@H]2CN1)Sc3ccccc3c4nnn[nH]4,CHEMBL3087685,Ki,6.22
1543055,C\C=C/C[C@H](C[C@H](N)C(=O)O)C(=O)O,CHEMBL61307,Ki,6.24
1543066,COc1ccc(\C=C\C[C@H](C[C@H](N)C(=O)O)C(=O)O)cc1OC,CHEMBL59948,Ki,6.27
1543077,OC(=O)CN1C(=O)C(=O)Nc2cc(c(cc12)n3cccc3)[N+](=O)[O-],CHEMBL268284,Ki,6.28
1543088,C\C=C\C=C(\C[C@H](N)C(=O)O)/C(=O)O,CHEMBL300928,Ki,6.29
1543099,Cl.OC(=O)[C@@H]1C[C@H]2C[C@H](CC[C@H]2CN1)Oc3cc(ccc3C(=O)O)c4ccccc4,CHEMBL2440699,Ki,6.3
1543110,N[C@@H](CC(=C1CCC1)C(=O)O)C(=O)O,CHEMBL51054,Ki,6.33
1543121,CN(Cc1ccccc1)Cc2ccn(c2)c3cc4N(CCC(=O)O)C(=O)C(=O)Nc4cc3[N+](=O)[O-],CHEMBL63927,Ki,6.37
1543132,Cl.OC(=O)[C@@H]1C[C@H]2C[C@H](CC[C@H]2CN1)Oc3ccc(Cl)cc3c4nnn[nH]4,CHEMBL3088060,Ki,6.4
1543143,N[C@@H](C[C@@H](C\C=C\c1ccc(cc1)C#N)C(=O)O)C(=O)O,CHEMBL293829,Ki,6.44
1543154,N[C@@H](C[C@@H](CC#Cc1ccccc1)C(=O)O)C(=O)O,CHEMBL59792,Ki,6.47
1543165,OC(=O)CN1C(=O)C(=O)Nc2cc(c(cc12)n3ccc(CN4CCCCC4)c3)[N+](=O)[O-],CHEMBL303415,Ki,6.48
1543176,OC(=O)CN1C(=O)C(=O)Nc2cc(c(cc12)n3ccc(CNCCCc4ccccc4)c3)[N+](=O)[O-],CHEMBL429540,Ki,6.5
1543187,N[C@@H](C[C@H](CC#C)C(=O)O)C(=O)O,CHEMBL58718,Ki,6.51
1543198,COc1ccc(\C=C\C[C@H](C[C@H](N)C(=O)O)C(=O)O)cc1,CHEMBL59299,Ki,6.55
1543209,CCCCC[C@H](C[C@H](N)C(=O)O)C(=O)O,CHEMBL58027,Ki,6.57
1543220,N[C@@H](CC(=C)C(=O)O)C(=O)O,CHEMBL38499,Ki,6.57
1543231,N[C@@H](C[C@@H](C\C=C\c1ccc(OC(F)(F)F)cc1)C(=O)O)C(=O)O,CHEMBL60114,Ki,6.6
1543310,N[C@@H](C[C@@H](C\C=C\c1ccccc1Cl)C(=O)O)C(=O)O,CHEMBL293548,Ki,6.6
1543321,CCC(=C(C[C@H](N)C(=O)O)C(=O)O)CC,CHEMBL51008,Ki,6.62
1543332,CC1(C)CCC/C/1=C(/C[C@H](N)C(=O)O)\C(=O)O,CHEMBL51395,Ki,6.63
1543343,NCc1ccn(c1)c2cc3N(CC(=O)O)C(=O)C(=O)Nc3cc2[N+](=O)[O-],CHEMBL12465,Ki,6.64
1543354,OC(=O)CN1C(=O)C(=O)Nc2cc(c(cc12)n3ccc(CN4CCC(CC4)c5ccccc5)c3)[N+](=O)[O-],CHEMBL416685,Ki,6.64
1543365,CC(C)C\C=C(/C[C@H](N)C(=O)O)\C(=O)O,CHEMBL299365,Ki,6.65
1543376,Cl.OC(=O)[C@@H]1C[C@H]2C[C@H](CC[C@H]2CN1)Oc3cccc(Cl)c3c4nnn[nH]4,CHEMBL3088054,Ki,6.7
1543387,OC(=O)[C@@H]1C[C@H]2C[C@H](CC[C@H]2CN1)Nc3cccc(Cl)c3c4nnn[nH]4,CHEMBL3088058,Ki,6.7
1543399,CC(=C)[C@H]1CN[C@@H]([C@H]1CC(=O)O)C(=O)O,CHEMBL275040,Ki,6.75
1543410,Cc1ccc(\C=C\C[C@H](C[C@H](N)C(=O)O)C(=O)O)cc1,CHEMBL292745,Ki,6.76
1543421,CC\C=C\C[C@H](C[C@H](N)C(=O)O)C(=O)O,CHEMBL304434,Ki,6.79
1543431,CC\C=C/C[C@H](C[C@H](N)C(=O)O)C(=O)O,CHEMBL2111523,Ki,6.8
1543442,Cl.OC(=O)[C@@H]1C[C@H]2C[C@H](CC[C@H]2CN1)Oc3cc(Cc4ccccc4)ccc3c5nnn[nH]5,CHEMBL3085837,Ki,6.8
1543453,Cl.OC(=O)[C@@H]1C[C@H]2C[C@H](CC[C@H]2CN1)Oc3cc(OCc4ccccc4)ccc3c5nnn[nH]5,CHEMBL3085836,Ki,6.8
1543464,N[C@@H](C[C@@H](C\C=C/c1ccccc1)C(=O)O)C(=O)O,CHEMBL58808,Ki,6.8
1543475,CCCC\C=C(\C[C@H](N)C(=O)O)/C(=O)O,CHEMBL297919,Ki,6.82
1543486,N[C@@H](C\C(=C/C1CCCC1)\C(=O)O)C(=O)O,CHEMBL299291,Ki,6.82
1543497,N[C@@H](C[C@@H](C\C=C\c1c(Cl)cccc1Cl)C(=O)O)C(=O)O,CHEMBL59297,Ki,6.88
1543508,N[C@@H](C[C@@H](C\C=C\c1ccc(cc1)c2ccccc2)C(=O)O)C(=O)O,CHEMBL292896,Ki,6.88
1543519,CCC[C@H](C[C@H](N)C(=O)O)C(=O)O,CHEMBL61997,Ki,6.91
1543531,CC(C)(C)c1snc(O)c1C[C@H](N)C(=O)O,CHEMBL29024,EC50,7.0
1543542,Cl.OC(=O)[C@@H]1C[C@H]2C[C@H](CC[C@H]2CN1)Oc3cc(ccc3c4nnn[nH]4)c5ccccc5,CHEMBL3088064,Ki,7.0
1543553,OC(=O)CN1C(=O)C(=O)Nc2cc(c(cc12)n3ccc(CNC(=O)Nc4ccc(cc4)[N+](=O)[O-])c3)C(F)(F)F,CHEMBL13076,Ki,7.0
1543564,CC(C)\C=C(\C[C@H](N)C(=O)O)/C(=O)O,CHEMBL298800,Ki,7.03
1543575,Cl.OC(=O)[C@@H]1C[C@H]2C[C@H](CC[C@H]2CN1)Oc3cc(ccc3c4nnn[nH]4)c5cccs5,CHEMBL3088072,Ki,7.05
1543586,CC(C)(C)\C=C(/C[C@H](N)C(=O)O)\C(=O)O,CHEMBL52742,Ki,7.07
1543597,Cn1nnc(n1)c2onc(O)c2C[C@H](N)C(=O)O,CHEMBL370038,Ki,7.09
1543608,CCC\C=C(\C[C@H](N)C(=O)O)/C(=O)O,CHEMBL50041,Ki,7.1
1543619,N[C@@H](C[C@@H](C\C=C\c1ccc(F)cc1)C(=O)O)C(=O)O,CHEMBL294683,Ki,7.11
1543630,CC\C=C(\C[C@H](N)C(=O)O)/C(=O)O,CHEMBL52295,Ki,7.22
1543641,N[C@@H](C[C@@H](C\C=C\c1cccc(Cl)c1)C(=O)O)C(=O)O,CHEMBL58054,Ki,7.22
1543652,N[C@@H](C[C@@H](C\C=C\c1ccc(cc1)[N+](=O)[O-])C(=O)O)C(=O)O,CHEMBL60168,Ki,7.23
1543663,CC(C)c1ccc(\C=C\C[C@H](C[C@H](N)C(=O)O)C(=O)O)cc1,CHEMBL302680,Ki,7.24
1543674,CC(C)\C=C(/C[C@H](N)C(=O)O)\C(=O)O,CHEMBL299180,Ki,7.26
1543685,N[C@@H](C[C@@H](C\C=C\c1ccc(cc1)C(F)(F)F)C(=O)O)C(=O)O,CHEMBL291491,Ki,7.28
1543696,N[C@@H](C[C@@H](C\C=C\c1ccc(Cl)c(Cl)c1)C(=O)O)C(=O)O,CHEMBL293118,Ki,7.31
1543707,N[C@@H](C[C@@H](C\C=C\c1ccccc1)C(=O)O)C(=O)O,CHEMBL58095,Ki,7.36
1543718,N[C@@H](C[C@@H](C\C=C\Cl)C(=O)O)C(=O)O,CHEMBL60406,Ki,7.39
1543729,COc1cccc(\C=C\C[C@H](C[C@H](N)C(=O)O)C(=O)O)c1,CHEMBL305346,Ki,7.4
1543740,N[C@@H](CC(=C1CCCC1)C(=O)O)C(=O)O,CHEMBL51660,Ki,7.49
1543751,CSc1ccc(\C=C\C[C@H](C[C@H](N)C(=O)O)C(=O)O)cc1,CHEMBL300368,Ki,7.5
1543762,COc1ccccc1\C=C\C[C@H](C[C@H](N)C(=O)O)C(=O)O,CHEMBL59284,Ki,7.52
1543773,N[C@@H](C[C@@H](C\C=C\c1ccc(Br)cc1)C(=O)O)C(=O)O,CHEMBL301915,Ki,7.52
1543784,CC#CC[C@H](C[C@H](N)C(=O)O)C(=O)O,CHEMBL62086,Ki,7.54
1543795,Cl.OC(=O)[C@@H]1C[C@H]2C[C@H](CC[C@H]2CN1)Oc3cc(ccc3c4nnn[nH]4)c5ccc(Cl)cc5,CHEMBL3088070,Ki,7.7
1543806,OC(=O)CN1C(=O)C(=O)Nc2cc(c(cc12)n3ccc(CN4CCN(CCc5ccccc5)CC4)c3)[N+](=O)[O-],CHEMBL67828,Ki,7.92
1543816,N[C@@H](C[C@@H](CC#C)C(=O)O)C(=O)O,CHEMBL59551,Ki,7.94
1543827,N[C@@H](C[C@@H](C\C=C\c1ccc(Cl)cc1)C(=O)O)C(=O)O,CHEMBL58590,Ki,8.1
1543838,N[C@@H](C[C@@H](C\C=C\c1cccc2ccccc12)C(=O)O)C(=O)O,CHEMBL61751,Ki,8.16
1543849,OC(=O)CN1C(=O)C(=O)Nc2cc(c(cc12)n3ccc(CN4CCN(Cc5ccccc5)CC4)c3)[N+](=O)[O-],CHEMBL63861,Ki,8.42
1543860,C[C@H](C[C@H](N)C(=O)O)C(=O)O,CHEMBL288166,Ki,8.52
