id,smiles,name,assay_type,activity_value
1616553,NC(=O)OCC(COC(N)=O)C1=CC=CC=C1,felbamate,IC50,4.284
1616563,CC12CC3CC(C)(C1)CC(N)(C3)C2,memantine,IC50,5.26
415135,CC(=O)NCCCS(O)(=O)=O,acamprosate,N/A,N/A
415145,CNC1(CCCCC1=O)C1=C(Cl)C=CC=C1,ketamine,Ki,6.38000011
415155,NC12CC3CC(CC(C3)C1)C2,amantadine,Ki,4.98000002
9313979,N=C(NCc1ccccc1)c2ccccc2,CHEMBL350615,Ki,5.0
9313990,Cc1ccc(COC(=O)N2CCC(COc3ncccn3)CC2)cc1,CHEMBL217915,Ki,5.13
9314001,OC1CN=C(NC1c2ccccc2)c3ccc(OC(F)(F)F)cc3,CHEMBL247716,Ki,5.13
9314012,Clc1cccc(CNC(=N)c2ccccc2)c1,CHEMBL159498,Ki,5.38
9314023,FC(F)(F)Oc1ccc(cc1)C2=NCCCC(N2)c3ccccc3,CHEMBL391389,Ki,5.38
9314034,Clc1cccc(CNC(=N)c2ccccc2Cl)c1,CHEMBL349709,Ki,5.41
9314045,CS(=O)(=O)c1ccc(cc1)C(=N)NCc2ccccc2,CHEMBL159847,Ki,5.46
9314056,Cc1ccc(CC(=O)N2CCC(CCNc3ncccn3)CC2)cc1,CHEMBL218478,Ki,5.5
9314067,N#C\N=C(/NCc1ccccc1)\NN2CCC(CNc3ncccn3)CC2,CHEMBL438994,Ki,5.51
9314078,Fc1ccc2[nH]c(nc2c1CN3CCOCC3)c4ccccc4,CHEMBL2010888,IC50,5.6
9314089,CN(CC1CCN(CC1)C(=O)OCc2ccc(C)cc2)c3ncccn3,CHEMBL218463,Ki,5.68
9314100,Fc1cccc(c1)C(=N)NCc2cccc(Cl)c2,CHEMBL351010,Ki,5.7
9314111,N=C(NCc1ccccc1)c2ccc(cc2)c3ccccc3,CHEMBL349067,Ki,5.75
9314122,Oc1ccc2[nH]c(Cc3ccccc3)nc2c1CN4CCCC4,CHEMBL2010879,IC50,5.8
9314133,O=C(OCc1ccc(cc1)C#C)N2CCC(CNc3ncccn3)CC2,CHEMBL217992,Ki,5.9
9314144,O=C(NCc1ccccc1)N2CCC(CNc3ncccn3)CC2,CHEMBL218460,Ki,5.93
9314155,COc1ccc(C\N=C(/N)\c2ccc(OC(F)(F)F)cc2)cc1,CHEMBL160013,Ki,5.96
9314166,CCC1CCCCN1Cc2c(F)ccc3[nH]c(nc23)c4ccccc4,CHEMBL2010887,IC50,6.0
9314177,Clc1ccc(cc1)C(=N)NCc2ccccc2,CHEMBL161977,Ki,6.01
9314188,CC(C)NCc1c(F)ccc2[nH]c(nc12)c3ccccc3,CHEMBL2010886,IC50,6.1
9314199,Clc1cccc(CNC(=N)c2cccc(Cl)c2)c1,CHEMBL162081,Ki,6.1
9314210,Oc1ccc2[nH]c(nc2c1CNCc3occc3)c4cccc(F)c4F,CHEMBL2013206,IC50,6.1
9314221,O=C(CN1CCC(Cc2ccccc2)CC1)c3c[nH]c4ccccc34,CHEMBL444384,IC50,6.11
9314232,CC(C)(C)c1ccc(COC(=O)N2CCC(CNc3ncccn3)CC2)cc1,CHEMBL217940,Ki,6.14
9314243,CN1C(=O)N(C)c2cc3CC(CCCc3cc12)NCCCc4ccccc4,CHEMBL3797704,Ki,6.16
9314254,FC(F)(F)c1ccc(cc1)C(=N)NCc2cccc(c2)C(F)(F)F,CHEMBL348360,Ki,6.16
9314265,Oc1ccc2[nH]c(nc2c1CNCc3cccs3)c4cccc(F)c4F,CHEMBL2013205,IC50,6.2
9314276,Fc1ccc(cc1)C(=N)NCc2cccc(Cl)c2,CHEMBL159879,Ki,6.22
9314287,CC(OC(=O)N1CCC(CNc2ncccn2)CC1)c3ccccc3,CHEMBL425642,Ki,6.27
9314298,FC(F)(F)Oc1ccc(cc1Cl)C2=NCC(N2)c3ccccc3OC(F)(F)F,CHEMBL247115,Ki,6.3
9314309,FC(F)(F)c1ccc(cc1)C(=N)NCc2ccccc2,CHEMBL159530,Ki,6.32
9314320,COc1ccc(COC(=O)N2CCC(CNc3ncccn3)CC2)cc1,CHEMBL217904,Ki,6.34
9314331,C(N1CCCCC1)c2cccc3[nH]c(nc23)c4ccccc4,CHEMBL2010880,IC50,6.4
9314342,CN1CCN(Cc2c(O)ccc3[nH]c(nc23)c4ccccc4)CC1,CHEMBL2013203,IC50,6.4
9314353,FC(F)(F)Oc1ccc(cc1Cl)C2=NCC(N2)c3ccccc3C(F)(F)F,CHEMBL247114,Ki,6.45
9314364,O=C(CCc1ccccc1)N2CCC(CNc3ncccn3)CC2,CHEMBL217955,Ki,6.51
9314375,FC(F)(F)Oc1ccc(cc1)C2=NCC(N2)c3cccc(Cl)c3,CHEMBL247717,Ki,6.53
9314386,C(CN1CCC(CNc2ncccn2)CC1)Cc3ccccc3,CHEMBL218075,Ki,6.58
9314397,CN(C)Cc1c(O)ccc2[nH]c(nc12)c3ccccc3,CHEMBL2013202,IC50,6.6
9314408,Cc1ccccc1COC(=O)N2CCC(CNc3ncccn3)CC2,CHEMBL425462,Ki,6.64
9314419,O=C(OCCc1ccccc1)N2CCC(CNc3ncccn3)CC2,CHEMBL219114,Ki,6.64
9314430,FC(F)(F)Oc1ccc(cc1Cl)C2=NCC(N2)c3cc(Cl)cc(Cl)c3,CHEMBL247113,Ki,6.65
9314441,O=C(OCc1ccccc1)N2CCC(Cc3nc4ccccc4[nH]3)CC2,CHEMBL218546,Ki,6.66
9314452,Cc1cccc(COC(=O)N2CCC(CNc3ncccn3)CC2)c1,CHEMBL218104,Ki,6.69
9314463,Fc1ccc2[nH]c(nc2c1CN3CCCCCC3)c4ccccc4,CHEMBL2010885,IC50,6.7
9314474,O=C(OCc1ccccc1)N2CCC(CNc3nncs3)CC2,CHEMBL219113,Ki,6.72
9314485,O=C(OCc1ccccc1)N2CCC(CNc3cccnc3)CC2,CHEMBL218067,Ki,6.75
9314496,Clc1ccc(cc1)C(=N)NCc2cccc(Cl)c2,CHEMBL161871,IC50,6.8
9314507,Fc1cccc(COC(=O)N2CCC(CNc3ncccn3)CC2)c1,CHEMBL374865,Ki,6.82
9314518,O=C(OCc1ccccc1)N2CCC(CNc3nccs3)CC2,CHEMBL218547,Ki,6.91
9314529,FC(F)(F)Oc1ccc(cc1)C(=N)NCc2ccccc2,CHEMBL161421,Ki,6.92
9314540,Clc1cccc(CNC(=N)c2ccc(Cl)c(Cl)c2)c1,CHEMBL159818,IC50,6.96
1752431,C(Cc1ccc(OCc2ccccc2)cc1)Nc3ccncc3,CHEMBL48029,Ki,7.03
9314553,C[C@@H]([C@H](O)c1ccc(O)cc1)N2CCC(Cc3ccccc3)CC2,CHEMBL49623,Kd,7.03
9314564,Fc1ccc2[nH]c(nc2c1CN3CCCC3)c4ccccc4,CHEMBL2010883,IC50,7.1
9314575,Fc1ccc2[nH]c(nc2c1CN3CCCCC3)c4ccccc4,CHEMBL2010884,IC50,7.1
9314586,Oc1ccc2[nH]c(nc2c1CN3CCC(CC3)c4ccccc4)c5ccccc5,CHEMBL2013201,IC50,7.1
9314597,COc1ccccc1C2CN=C(N2)c3ccc(OC(F)(F)F)c(Cl)c3,CHEMBL397784,Ki,7.13
9314608,O=C(OCc1ccccc1)N2CCC(CNc3ccncn3)CC2,CHEMBL218068,Ki,7.13
9314620,FC(F)(F)Oc1ccc(cc1)C(=N)NCc2ccccc2C(F)(F)F,CHEMBL159279,Ki,7.14
9314631,FC(F)(F)Oc1ccc(cc1Cl)C2=NCC(N2)c3cccc(Cl)c3,CHEMBL429475,Ki,7.18
9314642,C(NC1CCc2ccccc2CC1)c3ccccc3,CHEMBL3357785,Ki,7.24
9314653,FC(F)(F)Oc1ccccc1CNC(=N)c2ccc(Cl)c(Cl)c2,CHEMBL161876,IC50,7.24
9314664,FC(F)(F)c1ccc(cc1)C(=N)NCc2ccccc2Cl,CHEMBL421976,Ki,7.25
9314675,CCCNCc1c(O)ccc2[nH]c(nc12)c3ccccc3,CHEMBL2013199,IC50,7.4
9314686,Cc1ccc(cc1)c2nc3c(CNC4CC4)c(O)ccc3[nH]2,CHEMBL2013207,IC50,7.4
9314697,Oc1ccc2[nH]c(nc2c1CN3CCOCC3)c4ccccc4,CHEMBL2013200,IC50,7.4
9314708,O=C(OCc1ccccc1)N2CCC(CNc3ccccn3)CC2,CHEMBL218017,Ki,7.43
9314719,FC(F)(F)c1ccc(cc1)C(=N)NCc2cccc(Cl)c2,CHEMBL159558,IC50,7.5
9314730,Oc1ccc2[nH]c(nc2c1CNC3CCCC3)c4ccccc4,CHEMBL2013198,IC50,7.5
9314741,[O-][S+](CCN1CCC(Cc2ccc(F)cc2)CC1)c3ccc4NC(=O)Oc4c3,CHEMBL219631,Ki,7.52
9314752,FC(F)(F)Oc1ccc(cc1)C(=N)NCc2cc(Cl)cc(Cl)c2,CHEMBL161180,IC50,7.62
9314763,COc1cccc(C\N=C(/N)\c2ccc(OC(F)(F)F)cc2)c1,CHEMBL349727,Ki,7.64
9314774,O=C(OC1Cc2ccccc2C1)N3CCC(CNc4ncccn4)CC3,CHEMBL221133,Ki,7.64
9314785,O=C(OCc1ccccc1)N2CCC(CNc3ncccn3)CC2,CHEMBL435316,Ki,7.64
9314796,C(Cc1ccccc1)NC2CCc3ccccc3CC2,CHEMBL3357786,Ki,7.7
1410053,CC(C(O)c1ccc(O)cc1)N2CCC(Cc3ccccc3)CC2,CHEMBL305187,IC50,7.7
9314809,Fc1ccc(COC(=O)N2CCC(CNc3ncccn3)CC2)cc1,CHEMBL218275,Ki,7.75
9314820,Fc1ccccc1COC(=O)N2CCC(CNc3ncccn3)CC2,CHEMBL221605,Ki,7.75
9314831,C(CCc1ccccc1)CNC2CCc3ccccc3CC2,CHEMBL3357787,Ki,7.77
1407757,C(CNC1CCc2ccccc2CC1)Cc3ccccc3,CHEMBL296601,Ki,7.8
9314844,COc1ccc2C(O)CC(CCc2c1)NCCCc3ccccc3,CHEMBL3357783,Ki,7.8
9314855,O=C(OCc1ccccc1)N2CCC(CNc3cnccn3)CC2,CHEMBL220660,Ki,7.85
9314866,OC(CN1CCC(Cc2ccc(F)cc2)CC1)c3ccc(Cl)cc3,CHEMBL28564,Ki,7.89
9314877,Oc1ccc2[nH]c(nc2c1CN3CCCC3)c4cccc(F)c4F,CHEMBL2013204,IC50,7.9
9314888,C1Cc2ccccc2CCC1N3CCN(CC3)c4ccccc4,CHEMBL3357789,Ki,7.92
9314899,O=C(OCc1ccccc1)N2CCC(CNc3ccncc3)CC2,CHEMBL219060,Ki,7.98
9314910,COc1ccc2CCC(CCc2c1)NCCCc3ccccc3,CHEMBL3357784,Ki,8.0
1399458,C[C@@H]([C@@H](O)c1ccc(O)cc1)N2CCC(Cc3ccccc3)CC2,CHEMBL319706,Ki,8.0
9314924,N=C(NCc1ccccc1)\C=C\c2ccccc2,CHEMBL158874,Ki,8.05
9314935,Cc1cc(C)cc(C\N=C(/N)\c2ccc(cc2)C(F)(F)F)c1,CHEMBL162080,IC50,8.06
9314946,FC(F)(F)Oc1ccc2C(=N)N(Cc3cccc(Cl)c3)Cc2c1,CHEMBL247718,Ki,8.1
9314957,Oc1ccc2[nH]c(nc2c1CN3CCCC3)c4ccccc4,CHEMBL2013197,IC50,8.1
9314968,Oc1ccc2[nH]c(nc2c1CN3CCCCC3)c4ccccc4,CHEMBL2013195,IC50,8.1
9314979,Oc1ccc2[nH]c(nc2c1CN3CCCCCC3)c4ccccc4,CHEMBL2013196,IC50,8.1
9314990,CC(C)c1ccc(COC(=O)N2CCC(CNc3ncccn3)CC2)cc1,CHEMBL386184,Ki,8.11
9315001,[O-][N+](=O)c1ccc2CCC(CCc2c1)NCc3ccccc3,CHEMBL3735173,Ki,8.12
9315012,C1CN(CCC1c2ccccc2)C3CCc4ccccc4CC3,CHEMBL3357788,Ki,8.16
9315023,C1C[C@@H](CC[C@H]1NC2CCc3ccccc3CC2)c4ccccc4,CHEMBL3357792,Ki,8.24
9315034,COc1ccccc1C\N=C(/N)\c2ccc(OC(F)(F)F)cc2,CHEMBL159560,Ki,8.24
9315794,COc1ccc2C(O)CN(CCCCc3ccccc3)CCc2c1,CHEMBL1289403,Ki,8.27
9315805,Cc1cc(C)cc(C\N=C(/N)\c2ccc(OC(F)(F)F)cc2)c1,CHEMBL159744,IC50,8.38
9315816,[O-][N+](=O)c1ccc2CCC(CCc2c1)NCCCCc3ccccc3,CHEMBL3736502,Ki,8.42
9315827,CCc1ccc(COC(=O)N2CCC(CNc3ncccn3)CC2)cc1,CHEMBL218211,Ki,8.43
9315838,COc1ccccc1CN2Cc3cc(OC(F)(F)F)ccc3C2=N,CHEMBL247323,Ki,8.44
9315849,Cc1ccc(COC(=O)N2CCC(CNc3ncccn3)CC2)cc1,CHEMBL218713,Ki,8.47
9315860,[O-][N+](=O)c1ccc2CCC(CCc2c1)NCCc3ccccc3,CHEMBL3735485,Ki,8.48
9315871,C(C1CCN(CC1)C2CCc3ccccc3CC2)c4ccccc4,CHEMBL3357790,Ki,8.54
9315882,C1C[C@@H](CC[C@@H]1NC2CCc3ccccc3CC2)c4ccccc4,CHEMBL3357791,Ki,8.64
9315893,FC(F)(F)Oc1ccc2C(=N)N(Cc3cccc4ccoc34)Cc2c1,CHEMBL393670,Ki,8.66
9315904,Cc1cc(C)cc(CN2Cc3cc(OC(F)(F)F)ccc3C2=N)c1,CHEMBL429656,Ki,8.7
9315915,[O-][N+](=O)c1ccc2CCC(CCc2c1)NCCCc3ccccc3,CHEMBL3735947,Ki,8.8
9315926,COc1ccccc1C\N=C(/N)\C=C\c2ccccc2,CHEMBL158737,Kd,9.0
