id,smiles,name,assay_type,activity_value
93615,COC1=C(OC)C=C2[C@@H](CN(C)CCCN3CCC4=CC(OC)=C(OC)C=C4CC3=O)CC2=C1,ivabradine,IC50,5.79999971
93626,CCCCN(CCCC)CCCOC1=CC=C(C=C1)C(=O)C1=C(CCCC)OC2=C1C=C(NS(C)(=O)=O)C=C2,dronedarone,N/A,N/A
9855220,COc1ccccc1C(=O)NCC(N2CCN(C)CC2)c3ccc(C)cc3,CHEMBL1823889,IC50,5.6
851778,COc1ccccc1C(=O)NCC2(CCc3ccccc3C2)N4CCN(C)CC4,CHEMBL1823885,IC50,5.8
9855233,COc1ccccc1C(=O)NCC2(Cc3ccccc3C2)N4CCN(C)CC4,CHEMBL1823665,IC50,5.9
851848,CCOc1ccccc1C(=O)NCC2(Cc3ccccc3C2)N4CCN(CC4)C(C)C,CHEMBL1823674,IC50,6.2
851859,CN1CCN(CC1)C2(CNC(=O)c3ccccc3OCc4ccccc4)Cc5ccccc5C2,CHEMBL1823667,IC50,6.2
851822,COc1ccccc1C(=O)NCC2(CCN(CC2)c3ccccc3)N4CCN(CC4)C(C)C,CHEMBL1823888,IC50,6.2
851789,CCOc1ccccc1C(=O)NCC2(CCCC2)N3CCN(C)CC3,CHEMBL1823886,IC50,6.4
93642,CCOc1ccccc1C(=O)NCC2(CCCCC2)N3CCNCC3,CHEMBL1823882,IC50,6.4
851800,CCOc1ccccc1C(=O)NCC2(Cc3ccccc3C2)N4CCN(C)CC4,CHEMBL1823666,IC50,6.4
851811,COc1ccccc1C(=O)NCC2(CCCCC2)N3CCN(C)CC3,CHEMBL1435630,IC50,6.4
851837,CCOc1ccccc1C(=O)NCC2(CCOCC2)N3CCN(CC3)C(C)C,CHEMBL1823887,IC50,6.5
851870,CC(C)Oc1ccccc1C(=O)NCC2(CCCCC2)N3CCN(CC3)C(C)C,CHEMBL1823876,IC50,6.6
851903,CCOc1ccccc1C(=O)NCC2(CCCCC2)N3CCN(CC3)C4CCCC4,CHEMBL1823881,IC50,6.7
851958,[Cl-].CCN(c1ccccc1)c2cc(NC)[n+](C)c(C)n2,CHEMBL2052019,IC50,6.8
851881,CCOc1ccccc1C(=O)NCC2(CCCCC2)N3CCN(C)CC3,CHEMBL1823677,IC50,6.9
851892,CCOc1ccccc1C(=O)NCC2(CCCCC2)N3CCN(CC3)C4CCC4,CHEMBL1823880,IC50,7.1
851936,CCOc1ccccc1C(=O)NCC2(CCCCC2)N3CCN(CC3)C4CC4,CHEMBL1823879,IC50,7.3
851947,CCOc1ccccc1C(=O)NCC2(CCCCC2)N3CCN(CC)CC3,CHEMBL1823878,IC50,7.5
851914,COc1ccccc1C(=O)NCC2(CCCCC2)N3CCN(CC3)C(C)C,CHEMBL1823875,IC50,7.5
851925,CCOc1ccccc1C(=O)NCC2(CCCCC2)N3CCN(CC3)C(C)C,CHEMBL1823874,IC50,7.8
