id,smiles,name,assay_type,activity_value
4022625,CC1=CC=C(SC2=C(C=CC=C2)N2CCNCC2)C(C)=C1,vortioxetine,Ki,8.43179798
1119228,CN1C2=C(C3=CC=CC=C13)C(=O)C(CN1C=CN=C1C)CC2,ondansetron,Ki,7.8
31951,CCN(CC)CCNC(=O)C1=C(OC)C=C(N)C(Cl)=C1,metoclopramide,Ki,6.699
1729624,CN1C2CCCC1CC(C2)NC(=O)c3nn(C)c4ccccc34,granisetron,Ki,8.7
4022645,CN1C=C(C(=O)[C@@H]2CCC3=C(C2)NC=N3)C2=CC=CC=C12,ramosetron,Ki,10.22
703616,Cc1[nH]cnc1CN2CCc3c(C2=O)c4ccccc4n3C,alosetron,Ki,9.3
4022661,[H][C@@]12CCCC3=CC=CC(C(=O)N(C1)[C@]1([H])CN4CCC1CC4)=C23,palonosetron,Ki,10.5
3905939,CN1[C@H]2CC[C@@H]1C[C@@H](C2)OC(=O)C1=CNC2=C1C=CC=C2,tropisetron,Ki,8.80000019
4022673,CN1C[C@@H]2C[C@@H](C[C@H](C1)N2C)NC(=O)C1=NNC2=C1C=CC=C2,indisetron,Ki,8.73992825
4022683,[H]C1(CN2CCC1CC2)NC(=O)C1=C2OCC(=O)N(C)C2=CC(Cl)=C1,azasetron,Ki,9.26760578
1723922,O=C(O[C@@H]1C[C@@H]2C[C@H]3C[C@H](C1)N2CC3=O)c4c[nH]c5ccccc45,dolasetron,Ki,7.69831896
1719296,CCN\C(=N/S(=O)(=O)c1cccc(Cl)c1)\N2CC3(CCNCC3)C=N2,CHEMBL1834350,Ki,5.0
3908365,[I-].[I-].C[N+]12CC[C@H]3[C@@H]1C[C@@H]4[C@H]5[C@@H](OCC=C4C2)N6[C@H]7[C@H]8[C@H]9C[C@H]%10[C@@]7(CC[N+]%10(C)CC9=CCO[C@H]8N([C@H]35)c%11ccccc%11)c%12ccccc6%12,CHEMBL395727,Ki,5.0
673648,CC(F)(F)c1nc2c(cccc2[nH]1)C(=O)NCC3CCN(CC(O)CN4CCN(CC4)S(=O)(=O)C)CC3,CHEMBL2402894,Ki,5.1
4022830,COc1cc2oc(C(=O)N(CCCN3CCCCC3)c4ccccc4)c(C)c2cc1OC,CHEMBL2205362,Ki,5.12
4022841,CN1[C@@H]2CCC[C@H]1C[C@@H](C2)NC(=O)c3nn(CCOCCOCCNC(=S)Nc4ccc(C5=C6C=CC(=O)C=C6Oc7cc(O)ccc57)c(c4)C(=O)O)c8ccccc38,CHEMBL3084437,Ki,5.2
3908077,[Br-].[Br-].Brc1ccc(C[N+]23CC[C@H]4[C@@H]2C[C@@H]5[C@H]6[C@@H](OCC=C5C3)N7[C@H]8[C@H]9[C@H]%10C[C@H]%11[C@@]8(CC[N+]%11(Cc%12ccc(Br)cc%12)CC%10=CCO[C@H]9N([C@H]46)c%13ccccc%13)c%14ccccc7%14)cc1,CHEMBL388046,Ki,5.2
3907870,[I-].[I-].C[N+]12CC[C@H]3[C@@H]1C[C@@H](\C(=C/CO)\C2)\C\4=C\N5[C@H]6[C@H]7[C@H]8C[C@H]9[C@@]6(CC[N+]9(C)CC8=CCO[C@H]7N([C@H]34)c%10ccccc%10)c%11ccccc5%11,CHEMBL415568,Ki,5.2
4022857,C\N=C\1/NC(=O)\C(=C/c2c[nH]c3ccc(Br)cc23)\N1C,CHEMBL2058416,Ki,5.21
703603,C\N=C\1/NC(=O)\C(=C/c2c[nH]c3cccc(Br)c23)\N1C,CHEMBL2058415,Ki,5.23
755658,C(Cc1ccc2NCNc2c1)N3CCN(CC3)c4cccc5ccccc45,CHEMBL182721,Ki,5.28
755669,C(Cc1ccc2[nH]cnc2c1)N3CCN(CC3)c4cccc5ccccc45,CHEMBL2298806,Ki,5.28
4022873,COc1ccc2c(c1)c(nn2C)C(=O)NC3C[C@@H]4CCC[C@@H](C3)N4C,CHEMBL605562,Ki,5.28
4022884,COc1cc(N)c(Cl)cc1C(=O)N[C@@H]2CN3CCC2CC3,CHEMBL28992,Ki,5.3
4022894,COc1cccc(c1)[C@]2(O)CCCC[C@H]2CN(C)CCNC(=O)c3cc(Cl)c(N)cc3OC,CHEMBL584743,IC50,5.31
671049,COCCCN1CCC(CC1)NC(=O)C1=CC(Cl)=C(N)C2=C1OCC2,prucalopride,Ki,5.4
3907991,O=C(Oc1ccccc1)N2CCN3CCC2CC3,CHEMBL563848,Ki,5.4
3937405,CCN(CC)CCCOC(=O)N1c2ccccc2Sc3ccccc13,CHEMBL519609,Ki,5.41
4022911,Cc1nc2c3CCNCCc3nc(Cc4ccccc4)n2n1,CHEMBL565547,Ki,5.43
4022922,CNc1nc(nc2ccc(Cl)cc12)N3CC4CCCNC4C3,CHEMBL461729,Ki,5.45
673560,CCCCN1CCC(COC(=O)c2ccc(N)c(OC)c2)CC1,CHEMBL1258452,Ki,5.46
4022935,COc1cccc(c1)[C@@]2(O)CCCC[C@@H]2CN(C)CCNC(=O)c3cc(Cl)c(N)cc3OC,CHEMBL572038,IC50,5.46
3907729,C1CN2CC3=CCO[C@@H]4[C@@H]5[C@H]3C[C@H]2[C@H]1[C@H]5N([C@@H]6OCC=C7CN8CC[C@@]9%10[C@@H]8C[C@@H]7[C@@H]6[C@@H]9N4c%11ccccc%10%11)c%12ccccc%12,CHEMBL388212,Ki,5.5
4022948,COc1cc(N)c(Cl)cc1C(=O)NCCN(C)C[C@H]2CCCC[C@]2(O)c3cccc(O)c3,CHEMBL569357,IC50,5.51
4022959,CN1C(=N)N(C)\C(=C\c2c[nH]c3ccccc23)\C1=O,CHEMBL404232,Ki,5.52
4022970,CN1[C@H]2CCC[C@H]1CC(C2)NC(=O)c3nn(C)c4ccc(OCc5ccccc5)cc34,CHEMBL598805,Ki,5.52
753278,[H]C12CN(C)CCN1C1=C(CC3=C2C=CC=C3)C=CC=N1,mirtazapine,Ki,5.54
4022983,CO[C@H]1CN(C[C@H]2CCCC[C@]2(O)c3cccc(OC)c3)CC[C@H]1NC(=O)c4cc(Cl)c(N)cc4OC,CHEMBL583681,IC50,5.55
4022994,COc1cc(N)c(Cl)cc1C(=O)NCCN(C)CC2CCCCC2(O)c3cccc(O)c3,CHEMBL1163015,IC50,5.55
3907980,[Br-].[Br-].C1CC=CC(C1)[N+]23CC[C@H]4[C@@H]2C[C@@H]5[C@H]6[C@@H](OCC=C5C3)N7[C@H]8[C@H]9[C@H]%10C[C@H]%11[C@@]8(CC[N+]%11(CC%10=CCO[C@H]9N([C@H]46)c%12ccccc%12)C%13CCCC=C%13)c%14ccccc7%14,CHEMBL231056,Ki,5.57
373710,C\N=C\1/N(C)C(=O)\C(=C/c2c[nH]c3ccc(Br)cc23)\N1C,CHEMBL2058427,Ki,5.58
674500,Fc1cccc2c1nc(OCC3CCN(CCCC(F)(F)F)CC3)c4cccnc24,CHEMBL3093187,Ki,5.59
671039,CCCCCNC(=N)NN=CC1=CNC2=C1C=C(OC)C=C2,tegaserod,Ki,5.6
674643,COC(=O)CCCCCN1CCC(CNC(=O)c2c3OCCCn3c4ccccc24)CC1,CHEMBL1632158,Ki,5.6
4023015,COc1cc(N)c(Cl)cc1C(=O)NCCN(C)C[C@@H]2CCCC[C@@]2(O)c3cccc(O)c3,CHEMBL572248,IC50,5.6
4023026,Oc1cccc2OC(=CC(=O)c12)CCc3ccccc3,CHEMBL479683,Ki,5.6
673152,CCCN1CCC(COc2nc3c(Cl)cccc3c4ccccc24)CC1,CHEMBL2181188,Ki,5.61
4023039,CNc1nc(nc2ccc(Cl)cc12)N3CC[C@H](N)C3,CHEMBL461360,Ki,5.63
4023050,C(c1ccccc1)c2ncc3CCNCCc3n2,CHEMBL1770373,IC50,5.64
671120,CO[C@@H]1CN(CCCOc2ccc(F)cc2)CC[C@@H]1NC(=O)c3cc(Cl)c(N)cc3OC,CHEMBL74656,Ki,5.7
671885,COc1cc(N)c(Cl)cc1C(=O)OCCCN2CCCCC2,CHEMBL83954,Ki,5.7
3907563,OC\C=C/1\CN2CC[C@H]3[C@@H]2C[C@@H]1\C\4=C\N5[C@H]6[C@H]7[C@H]8C[C@@H]9N(CC[C@]69c%10ccccc5%10)CC8=CCO[C@H]7N([C@H]34)c%11ccccc%11,CHEMBL388048,Ki,5.7
703739,O=C(OCCN1CCCC1)N2c3ccccc3Sc4ccccc24,CHEMBL481153,Ki,5.72
4023069,CO[C@@H]1CN(C[C@@H]2CCCC[C@@]2(O)c3cccc(OC)c3)CC[C@@H]1NC(=O)c4cc(Cl)c(N)cc4OC,CHEMBL570487,IC50,5.77
672254,COC1CNCCC1NC(=O)c2cc(Cl)c(N)cc2OC,CHEMBL1748,IC50,5.8
4023082,CO[C@H]1CN(C[C@H]2CCCC[C@]2(O)c3cccc(O)c3)CC[C@H]1NC(=O)c4cc(Cl)c(N)cc4OC,CHEMBL570710,IC50,5.8
4023094,C\N=C\1/N(C)C(=O)\C(=C/c2c[nH]c3ccccc23)\N1C,CHEMBL512332,Ki,5.82
4023105,CO[C@H]1CN(C[C@@H]2CCCC[C@@]2(O)c3cccc(O)c3)CC[C@H]1NC(=O)c4cc(Cl)c(N)cc4OC,CHEMBL572249,IC50,5.85
1731126,Clc1cnc2nc(oc2c1)N3CCN4CCC3CC4,CHEMBL597241,Ki,5.86
673992,CCCN1CCC(COc2nc3c(I)cccc3c4ccccc24)CC1,CHEMBL2181169,Ki,5.88
4023120,CCN(CC)c1ccc2C=C(C(=O)NCCOCCOCCOc3cccc4c(nn(C)c34)C(=O)N[C@@H]5C[C@H]6CCC[C@@H](C5)N6C)C(=O)Oc2c1,CHEMBL3084443,Ki,5.89
4023131,C(C1CCCCC1)c2c[nH]cn2,CHEMBL1824228,Ki,5.9
674324,CC(C)c1nc2c(cc(Cl)cc2[nH]1)C(=O)NCC3CCN(CC(O)CN4CCN(CC4)S(=O)(=O)C)CC3,CHEMBL2402896,Ki,5.9
4023145,CN1CCN(CC1)c2cc(nc(N)n2)c3ccccc3,CHEMBL492884,Ki,5.9
4023156,CN1C(=N)N(C)\C(=C\c2c[nH]c3c(Br)cccc23)\C1=O,CHEMBL2058420,Ki,5.91
2760484,Cc1[nH]c2ccc(O)cc2c1CCN,CHEMBL266591,Ki,5.92
674632,Fc1cccc2c1nc(OCC3CCN(CCC(F)(F)F)CC3)c4cccnc24,CHEMBL3093186,Ki,5.92
673670,CCCCN1CCC(COC(=O)c2cc(Cl)c(NC)c3OCCOc23)CC1,CHEMBL1258223,Ki,5.97
756332,C[C@@H]1NC(=Nc2cccc(Cl)c12)N,CHEMBL404372,Ki,5.97
4023175,NC1=Nc2cccc(Cl)c2CN1,CHEMBL401541,Ki,5.98
4023186,CN1C(=N)N(C)\C(=C\c2c[nH]c3ccc(Br)cc23)\C1=O,CHEMBL1170237,Ki,6.0
707251,CN1CCN(CC1)C2=Nc3cc(Cl)ccc3Nc4ccccc24,clozapine,Ki,6.0
705020,CN1CCN(CC1)C2=Nc3ccccc3Nc4sc(C)cc24,olanzapine,Ki,6.0
1396056,COc1cc2nc(nc(N3CCN(CC3)c4ccccc4OC)c2cc1OC)C5CC5,CHEMBL2431120,Ki,6.0
708367,Clc1cccc(N2CCN(CCCCOc3ccc4CCC(=O)Nc4c3)CC2)c1Cl,aripiprazole,Ki,6.0
4023202,Nc1ccc2cc3ccccc3nc2c1,CHEMBL148204,Ki,6.0
3909802,O=C(N[C@H]1CN2CCC1CC2)c3ccc4ccoc4c3,CHEMBL379302,IC50,6.02
3909412,Clc1ccc(cc1)C(=O)N[C@H]2CN3CCC2CC3,CHEMBL177611,Ki,6.03
4023217,CO[C@@H]1CN(C[C@H]2CCCC[C@]2(O)c3cccc(OC)c3)CC[C@@H]1NC(=O)c4cc(Cl)c(N)cc4OC,CHEMBL569585,IC50,6.1
4023228,Clc1ccc(cc1)C2CCNC2,CHEMBL27453,Ki,6.1
4023239,NC(=N)NCCCc1ccccc1,CHEMBL1824047,Ki,6.1
4023250,CN1[C@H]2CCC[C@H]1CC(C2)NC(=O)c3nn(C)c4cc(OCc5ccccc5)ccc34,CHEMBL604083,Ki,6.13
673428,CCCN1CCC(COc2nc3c(F)cccc3c4ccccc24)CC1,CHEMBL2181189,Ki,6.15
4023263,O=C1N(CCN2c3c(NS2(=O)=O)cccc13)[C@@H]4CN5CCC4CC5,CHEMBL3261487,Ki,6.15
3906416,Clc1oc(cc1)C(=O)N2CC3CNCC3C2,CHEMBL2179529,Ki,6.16
672963,CCCN1CCC(COc2nc3ccccc3c4ncccc24)CC1,CHEMBL2181171,Ki,6.17
4023277,Cl.Cc1ccc(Sc2c(C)cccc2N3CCNCC3)c(C)c1,CHEMBL2205032,Ki,6.17
4023288,CN1C(=N)N(C)\C(=C\c2c[nH]c3cccc(Br)c23)\C1=O,CHEMBL2058419,Ki,6.18
3910593,O=C(N[C@H]1CN2CCC1CC2)c3ccc4occc4c3,CHEMBL378471,Ki,6.18
674831,CCCN1CCC(COc2nc3c(F)cccc3c4ncccc24)CC1,CHEMBL2181170,Ki,6.19
707884,CN1CCC2C(C1)c3cccc4SCc5ccccc5N2c34,CHEMBL3217984,Ki,6.2
4023304,CC(C)n1cnc2c(cc(Cl)cc12)C(=O)N[C@@H]3CN4CCC3CC4,CHEMBL145033,Ki,6.22
4023315,C\N=C\1/N(C)C(=O)\C(=C/c2c[nH]c3cccc(Br)c23)\N1C,CHEMBL2058426,Ki,6.23
3909304,C1CN2CCC1N(CC2)c3oc4cccnc4n3,CHEMBL597843,Ki,6.24
4023328,CN1CCN(CC1)c2nc(O)c3cc(Cl)ccc3n2,CHEMBL471712,Ki,6.24
4023338,O=C1N(CC2CN3CCC2CC3)CCc4n[nH]c5cccc1c45,CHEMBL3673254,Ki,6.24
4023348,CN1CCN(CC1)c2ccc3ccccc3c2,CHEMBL2169968,Ki,6.27
1397924,CN1CCc2c(C1)c3cccc4c5ccccc5CCn2c34,CHEMBL3104093,Ki,6.28
4023361,Cl.Cc1ccc(Sc2ccc(Cl)cc2)c(c1)N3CCNCC3,CHEMBL2205038,Ki,6.3
4023372,Fc1ccc2c(c1)c3ccc(cc3S2(=O)=O)N4CCN5CCC4CC5,CHEMBL3235482,Ki,6.3
4023383,CNc1nc(nc2ccc(Cl)cc12)N3CC(C3)N(C)C,CHEMBL2169975,Ki,6.33
4023394,Cl.CC(C)(C)c1ccc(Sc2ccccc2N3CCNCC3)cc1,CHEMBL2205047,Ki,6.35
4023405,Cl.Cc1ccc(Sc2ccc(F)cc2)c(c1)N3CCNCC3,CHEMBL2205039,Ki,6.36
4023415,O=C1N(CCCn2ccc3cccc1c23)[C@H]4CN5CCC4CC5,CHEMBL3673239,Ki,6.38
4023425,CN1CCN(CC1)c2cnc3ccccc3c2,CHEMBL2169967,Ki,6.39
674445,Fc1cccc2c1nc(OCC3CCN(CCCc4ccc(I)cc4)CC3)c5cccnc25,CHEMBL2181166,Ki,6.39
1730592,N#Cc1ccc2ccc(OCC3CCNCC3)cc2c1,CHEMBL444985,Ki,6.39
4023439,O=C1N(CCn2c(nc3cccc1c23)c4ccccc4)[C@@H]5CN6CCC5CC6,CHEMBL3673247,Ki,6.39
4023449,CO[C@@H]1CN(C[C@H]2CCCC[C@]2(O)c3cccc(O)c3)CC[C@@H]1NC(=O)c4cc(Cl)c(N)cc4OC,CHEMBL585925,IC50,6.41
4023460,CN1[C@H]2CCC[C@H]1CC(C2)NC(=O)c3nn(C)c4cccc(OCc5ccccc5)c34,CHEMBL598803,Ki,6.43
4023471,CN1CCN(CC1)c2ccc3cccc(N)c3n2,CHEMBL2169974,Ki,6.48
671401,COc1ccc2NC(=O)N(C(=O)N[C@@H]3C[C@H]4CC[C@@H](C3)N4C)c2c1,CHEMBL3084582,Ki,6.5
1729542,C(Oc1ccc2ccccc2c1)C3CCNCC3,CHEMBL453996,Ki,6.51
4023933,Cl.Cc1ccc(Sc2ccccc2)c(c1)N3CCNCC3,CHEMBL2205036,Ki,6.51
3908334,Clc1cccc2cc(sc12)C(=O)N[C@H]3CN4CCC3CC4,CHEMBL2151572,IC50,6.52
4023946,CN1[C@H]2CCC[C@H]1CC(C2)NC(=O)c3nn(C)c4cc(O)ccc34,CHEMBL603673,Ki,6.55
4023957,COC(=O)c1c(c2ccc(F)cc2)c(c3ccncc3)c(N4CCNCC4)n1C,CHEMBL376324,IC50,6.56
4023967,CN1C2CCCC1CC(C2)N3CCc4cn(C)c5cccc(C3=O)c45,CHEMBL3679418,Ki,6.57
4023977,Cl.Cc1ccc(Oc2ccccc2N3CCNCC3)c(C)c1,CHEMBL2205035,Ki,6.57
4023988,Cl.Cc1ccc(Sc2ccc(C)cc2N3CCNCC3)cc1,CHEMBL2205040,Ki,6.59
4023999,CN1CCN(CC1)c2ccc3cc(Cl)ccc3n2,CHEMBL260565,Ki,6.6
673870,C[C@@]12CCCN1CC[C@H]2CNC(=O)c3cc(Cl)cc4nc[nH]c34,CHEMBL472219,Ki,6.6
3910366,Cc1nc2nc(oc2cc1Cl)N3CCN4CCC3CC4,CHEMBL603052,Ki,6.61
4024014,C=CCn1c(nc2ccccc12)N3CCNCC3,CHEMBL68281,EC50,6.62
4024025,COc1ccc2c(nn(C)c2c1)C(=O)NC3C[C@@H]4CCC[C@@H](C3)N4C,CHEMBL596758,Ki,6.63
4024036,Fc1cccc2c3ccc(cc3S(=O)(=O)c12)N4CCN5CCC4CC5,CHEMBL3235480,Ki,6.64
4024047,CN1CCN(CC1)c2cc3ccccc3c(N)n2,CHEMBL2169972,Ki,6.66
4024057,O=C1N(CC2CN3CCC2CC3)Cc4n[nH]c5cccc1c45,CHEMBL3673252,Ki,6.66
4024067,CN1[C@@H]2CCC[C@H]1C[C@H](C2)NC(=O)c3nn(C)c4c(OCCOCCOCCNC(=S)Nc5ccc(C6=C7C=CC(=O)C=C7Oc8cc(O)ccc68)c(c5)C(=O)O)cccc34,CHEMBL3084444,Ki,6.68
4024078,CN1CCN(CC1)c2ccc3c(N)cccc3n2,CHEMBL2169973,Ki,6.69
4024088,Clc1ccccc1c2nc3cccc4C(=O)N(CCn2c34)[C@@H]5CN6CCC5CC6,CHEMBL3673248,Ki,6.69
4024097,O=C1N(CCCn2ccc3cccc1c23)[C@@H]4CN5CCC4CC5,CHEMBL3673240,Ki,6.69
4024107,CCN(CC)c1ccc2C=C(C(=O)NCCCn3nc(C(=O)N[C@@H]4C[C@H]5CCC[C@@H](C4)N5C)c6ccccc36)C(=O)Oc2c1,CHEMBL3084431,Ki,6.7
4024118,Cl.COc1ccc(Sc2ccc(C)cc2N3CCNCC3)cc1,CHEMBL2205037,Ki,6.72
3910507,O=C(N[C@H]1CN2CCC1CC2)c3ccc4ccsc4c3,CHEMBL378349,IC50,6.73
4024131,COc1cc2C(=O)N(CCn3ncc(c1)c23)[C@@H]4CN5CCC4CC5,CHEMBL3261485,EC50,6.75
4024142,Clc1cc2C(=O)N(CCn3ncc(c1)c23)[C@@H]4CN5CCC4CC5,CHEMBL3261483,EC50,6.75
4024153,Fc1cc2C(=O)N(CCn3ncc(c1)c23)[C@@H]4CN5CCC4CC5,CHEMBL3261482,EC50,6.75
4024164,O=C1N(CCn2ccc3cccc1c23)[C@@H]4CN5CCC4CC5,CHEMBL3261479,EC50,6.75
4024175,O=C1N(CCn2ncc3cccc1c23)[C@@H]4CN5CCC4CC5,CHEMBL3261481,EC50,6.75
4024186,O=C1Nc2cccc3C(=O)N(CCN1c23)[C@@H]4CN5CCC4CC5,CHEMBL3261486,EC50,6.75
4024197,NC1=Nc2ccc(Cl)c(Cl)c2CN1,CHEMBL1548,Ki,6.76
4024208,CC(C)Nc1nc(nc2ccc(Cl)cc12)N3CCN(C)CC3,CHEMBL490073,Ki,6.78
1731891,O=C(N[C@@H]1CN2CCC1CC2)c3cccc4oc(nc34)N5CCOCC5,CHEMBL1271520,Ki,6.78
674898,CCCCN1CCC(COC(=O)c2cc(Cl)c(N)c3OCCOc23)CC1,CHEMBL68131,Ki,6.8
4024223,CCN(CC)c1ccc2C=C(C(=O)NCCCOc3cccc4c(nn(C)c34)C(=O)N[C@H]5C[C@H]6CCC[C@@H](C5)N6C)C(=O)Oc2c1,CHEMBL3084442,Ki,6.8
4024234,CO[C@H]1CN(C[C@@H]2CCCC[C@@]2(O)c3cccc(OC)c3)CC[C@H]1NC(=O)c4cc(Cl)c(N)cc4OC,CHEMBL571799,IC50,6.8
4024245,Cl.Cc1ccc(Sc2cccc(C)c2N3CCNCC3)c(C)c1,CHEMBL2204364,Ki,6.8
3909668,CN1CC2CN(CC2C1)c3ccc(nn3)c4ccccc4,CHEMBL2151443,Ki,6.82
4024258,COc1cc(N)c(Cl)cc1C(=O)NC[C@@H]2CCN3CCC[C@@H]23,CHEMBL34291,Ki,6.82
4024269,Cl.Cc1ccc(Sc2ccc(C)cc2N3CCNCC3)c(C)c1,CHEMBL2204365,Ki,6.82
4024280,CCN(CC)c1ccc2C=C(C(=O)NCCOCCOCCn3nc(C(=O)N[C@@H]4C[C@H]5CCC[C@@H](C4)N5C)c6ccccc36)C(=O)Oc2c1,CHEMBL3084436,Ki,6.85
4024291,Cl.FC(F)(F)c1ccc(Sc2ccccc2N3CCNCC3)cc1,CHEMBL2205046,Ki,6.85
4024301,CCc1nc2cccc3C(=O)N(CCn1c23)[C@@H]4CN5CCC4CC5,CHEMBL3673246,Ki,6.89
4024311,Cl.CN1CCN(CC1)c2ccccc2Sc3ccc(C)cc3C,CHEMBL2205033,Ki,6.89
673040,CCN(CC)CCOC(=O)c1cc(Cl)c(N)cc1OC,CHEMBL287045,Ki,6.9
4024324,Cl.Clc1ccc(Sc2ccccc2N3CCNCC3)cc1Cl,CHEMBL2205053,Ki,6.96
4024334,O=C1N(CCc2n[nH]c3cccc1c23)[C@H]4CN5CCC4CC5,CHEMBL3679412,Ki,6.97
4024344,NN1C(=Nc2ccc(F)cc2C1=O)CCCCN3CCN(CC3)c4ccc5ccccc5n4,CHEMBL1277745,IC50,7.0
4024355,NN1C(=O)c2c3CCNCc3sc2N=C1SCCCN4CCN(CC4)c5ccc6ccccc6n5,CHEMBL1277463,IC50,7.0
4024366,CC1CCC2=C(C1)N=C(CCCCN3CCN(CC3)c4ccc5ccccc5n4)N(N)C2=O,CHEMBL1278176,IC50,7.01
4024377,CN1[C@@H]2CCC[C@H]1C[C@@H](C2)NC(=O)c3cccc4nc(oc34)c5ccc(F)cc5,CHEMBL3084784,Ki,7.02
4024388,C[C@@H]1COCCN1c2oc3cccc(C(=O)N[C@@H]4C[C@H]5CCC[C@@H](C4)N5C)c3n2,CHEMBL3084763,Ki,7.03
4024399,Cc1sc2N=C(SCCCN3CCN(CC3)c4nc5ccccc5s4)N(N)C(=O)c2c1C,CHEMBL1276920,IC50,7.06
4024410,NN1C(=NC2=C(CCCC2)C1=O)CN3CCN(CC3)c4ccc5ccccc5n4,CHEMBL1277374,IC50,7.06
4024421,Cl.COc1ccc(Sc2ccccc2N3CCNCC3)cc1OC,CHEMBL2205052,Ki,7.07
4024432,NN1C(=NC2=C(CCCCC2)C1=O)CCCCN3CCN(CC3)c4ccc5ccccc5n4,CHEMBL1276835,IC50,7.07
4024443,CN(C)c1ccc2C(=C3C=CC(=[N+](C)C)C=C3Oc2c1)c4ccc(cc4C(=O)[O-])C(=O)NCCCCCNC(=O)CCn5cc(CCN)c6cc(O)ccc56,CHEMBL2322133,Kd,7.08
4024454,NN1C(=Nc2c(Cl)cccc2C1=O)CCCCN3CCN(CC3)c4ccc5ccccc5n4,CHEMBL1277914,IC50,7.08
4024465,CN1CCN(CC1)c2nc(NCCc3ccccc3)c4cc(Cl)ccc4n2,CHEMBL490072,Ki,7.1
4024476,Cl.COc1cccc(Sc2ccccc2N3CCNCC3)c1OC,CHEMBL2204355,Ki,7.1
4024487,Cl.NC1=Nc2ccc(Cl)cc2CN1,CHEMBL2436555,Ki,7.1
4024498,CC(=O)N1CCc2c(C1)sc3N=C(SCCCN4CCN(CC4)c5ccc6ccccc6n5)N(N)C(=O)c23,CHEMBL1277558,IC50,7.11
4024509,CN1[C@@H]2CCC[C@H]1C[C@@H](C2)NC(=O)c3cccc4nc(oc34)c5ccc(Cl)cc5,CHEMBL3084759,Ki,7.13
4024520,O=C1N(CCn2ccc3cccc1c23)[C@H]4CN5CCC4CC5,CHEMBL3261478,Ki,7.13
4024530,CN1[C@@H]2CCC[C@H]1C[C@@H](C2)NC(=O)c3cccc4oc(nc34)N5CCNCC5,CHEMBL3084772,Ki,7.14
4024540,O=C1N(CC23CCN(CC2)CC3)CCn4ncc5cccc1c45,CHEMBL3673253,Ki,7.14
4024550,COc1cccc2c(nn(C)c12)C(=O)NC3C[C@@H]4CCC[C@@H](C3)N4C,CHEMBL599012,Ki,7.15
4024561,NN1C(=Nc2ccccc2C1=O)SCCCN3CCN(CC3)c4ccc5ccccc5n4,CHEMBL1277280,IC50,7.16
4024572,Cl.Clc1cccc(Sc2ccccc2N3CCNCC3)c1Cl,CHEMBL2204356,Ki,7.17
4024582,Clc1ccc(cc1)N2NC3=CN([C@H]4CN5CCC4CC5)C(=O)c6cccc2c36,CHEMBL3679404,Ki,7.17
4024592,CC(C)N(C)c1oc2cccc(C(=O)N[C@@H]3CN4CCC3CC4)c2n1,CHEMBL1272123,Ki,7.18
4024603,Cl.C1CN(CCN1)c2ccccc2Sc3ccccc3,CHEMBL2205041,Ki,7.19
4024614,Cl.Cc1cccc(Sc2ccccc2N3CCNCC3)c1,CHEMBL2205049,Ki,7.19
4024625,NN1C(=Nc2ncccc2C1=O)SCCCN3CCN(CC3)c4ccc5ccccc5n4,CHEMBL1277462,IC50,7.19
4024636,NN1C(=O)C2=C(CCCC2)N=C1SCCCN3CCN(CC3)c4ccc5ccccc5n4,CHEMBL1277281,IC50,7.2
4024647,Cl.COc1cccc(Sc2ccccc2N3CCNCC3)c1,CHEMBL2205048,Ki,7.21
4024658,NN1C(=NC2=C(CCC2)C1=O)CCCCN3CCN(CC3)c4ccc5ccccc5n4,CHEMBL1276834,IC50,7.21
4024669,COc1ccccc1c2cccc3cc(oc23)C(=O)N[C@H]4CN5CCC4CC5,CHEMBL2151440,Ki,7.22
4024680,NN1C(=Nc2cccnc2C1=O)SCCCN3CCN(CC3)c4ccc5ccccc5n4,CHEMBL1277372,IC50,7.22
4024690,CN1C2CCC1CC(C2)N3C=C4NN(C)c5cccc(C3=O)c45,CHEMBL3679419,Ki,7.23
4024700,COc1ccc(cc1)c2oc3c(cccc3n2)C(=O)N[C@@H]4C[C@H]5CCC[C@@H](C4)N5C,CHEMBL3084760,Ki,7.23
4024711,C[C@@H]1CNC[C@@H](C)N1c2oc3cccc(C(=O)N[C@@H]4C[C@H]5CCC[C@@H](C4)N5C)c3n2,CHEMBL3084775,Ki,7.23
4024722,Cc1cc(nc2ccccc12)N3CCN(CCCCC4=NC5=C(CCCC5)C(=O)N4N)CC3,CHEMBL1277007,IC50,7.23
4024733,Cn1nc(C(=O)NC2C[C@@H]3CCC[C@@H](C2)N3Cc4ccccc4)c5ccccc15,CHEMBL597984,Ki,7.23
4024743,COc1ccc(cc1)N2NC3=CN([C@H]4CN5CCC4CC5)C(=O)c6cccc2c36,CHEMBL3679405,Ki,7.24
4024753,Cl.Cc1ccc(Sc2ccccc2N3CCNCC3)cc1,CHEMBL2205045,Ki,7.25
4024764,NN1C(=NC2=C(CCCC2)C1=O)CCCCN3CCN(CC3)c4ccc5ccc(O)cc5n4,CHEMBL1277373,IC50,7.26
4024775,C1CN2CCC1C(C2)n3cc(nn3)c4ccc5[nH]ccc5c4,CHEMBL3746799,Ki,7.28
4024786,Cl.COc1ccccc1Sc2ccccc2N3CCNCC3,CHEMBL2205050,Ki,7.28
4024797,Cl.Fc1ccc(Sc2ccccc2N3CCNCC3)cc1,CHEMBL2205044,Ki,7.28
4024808,NN1C(=NC2=C(CCCC2)C1=O)CCCCN3CCN(CC3)c4nc5ccccc5cc4O,CHEMBL1277282,IC50,7.28
4024819,Cc1cc(nc2ccccc12)N3CCN(CCCSC4=Nc5sc(C)c(C)c5C(=O)N4N)CC3,CHEMBL1276833,IC50,7.3
4024830,NN1C(=Nc2cccc(F)c2C1=O)CCCCN3CCN(CC3)c4ccc5ccccc5n4,CHEMBL1277652,IC50,7.3
3909735,O=C(NC1CN2CCC1CC2)c3cc4ccccc4s3,CHEMBL365323,Ki,7.3
4024842,O=C1N(CCc2c[nH]c3cccc1c23)[C@H]4CN5CCC4CC5,CHEMBL3679415,Ki,7.31
4024852,CC1CCC2=C(C1)C(=O)N(N)C(=N2)CCCCN3CCN(CC3)c4ccc5ccccc5n4,CHEMBL1278175,IC50,7.32
4024863,Cc1sc2N=C(SCCCN3CCN(CC3)c4ccc5ccccc5n4)N(N)C(=O)c2c1C,CHEMBL1276832,IC50,7.32
4024874,CN1CCN(CC1)C2=Nc3ccccc3C(=O)N2,CHEMBL2169964,Ki,7.33
1751208,COc1ccccc1c2oc3cccc(C(=O)N[C@@H]4CN5CCC4CC5)c3n2,CHEMBL1272016,Ki,7.33
4024887,NN1C(=NC2=C(CC(O)CC2)C1=O)CCCCN3CCN(CC3)c4ccc5ccccc5n4,CHEMBL1276921,IC50,7.33
4024898,Cc1ccc2N=C(CCCCN3CCN(CC3)c4ccc5ccccc5n4)N(N)C(=O)c2c1,CHEMBL1277996,IC50,7.34
4024909,NN1C(=Nc2ccccc2C1=O)CCCCN3CCN(CC3)c4ccc5ccccc5n4,CHEMBL1277651,IC50,7.34
4024920,Cl.Cc1ccc(Sc2cc(C)ccc2N3CCNCC3)c(C)c1,CHEMBL2205031,Ki,7.35
4024931,O=C1NC(=Nc2sc3CCCCc3c12)SCCCN4CCN(CC4)c5ccc6ccccc6n5,CHEMBL1277187,IC50,7.36
4024942,NN1C(=O)c2c3CCCCc3sc2N=C1SCCCN4CCN(CC4)c5ccc6ccccc6n5,CHEMBL1277099,IC50,7.38
4024953,CN1[C@@H]2CCC[C@H]1C[C@@H](C2)NC(=O)c3cccc4nc(oc34)c5ccccc5,CHEMBL3084783,Ki,7.39
1740102,CN1[C@@H]2CCC[C@H]1C[C@@H](C2)NC(=O)c3cccc4oc(nc34)N5CCOCC5,CHEMBL3084761,Ki,7.4
4024966,C[C@@H]1CNC[C@H](C)N1c2oc3cccc(C(=O)N[C@@H]4C[C@H]5CCC[C@@H](C4)N5C)c3n2,CHEMBL3084774,Ki,7.43
4024977,CCNc1oc2cccc(C(=O)N[C@@H]3CN4CCC3CC4)c2n1,CHEMBL1272121,Ki,7.44
4024988,CNc1oc2cccc(C(=O)N[C@@H]3CN4CCC3CC4)c2n1,CHEMBL1272177,Ki,7.44
4024999,Cl.COc1ccc(Sc2ccccc2N3CCNCC3)cc1,CHEMBL2205042,Ki,7.44
4025010,Cl.Clc1ccc(Sc2ccccc2N3CCNCC3)cc1,CHEMBL2205043,Ki,7.44
4025021,C[C@@H]1CN(C[C@H](C)O1)c2oc3cccc(C(=O)N[C@@H]4C[C@H]5CCC[C@@H](C4)N5C)c3n2,CHEMBL3084771,Ki,7.45
4025031,CN1C2CCCC1CC(C2)N3C=C4NN(C)c5cccc(C3=O)c45,CHEMBL3679407,Ki,7.47
2767448,Cc1[nH]c2ccc(Cl)cc2c1C3=CCNCC3,CHEMBL364005,IC50,7.47
4025043,Cl.Cc1ccc(Sc2ccccc2N3CCNCC3)cc1C,CHEMBL2205054,Ki,7.48
1746102,O=C(N[C@@H]1CN2CCC1CC2)c3cccc4oc(nc34)C5CC5,CHEMBL1272072,Ki,7.49
4025056,Cl.COc1ccc(Sc2ccccc2N3CCNCC3)c(OC)c1,CHEMBL2204358,Ki,7.5
4025067,Cl.Cc1ccccc1Sc2ccccc2N3CCNCC3,CHEMBL2205051,Ki,7.5
4025078,NC(=N)Nc1cccc(Cl)c1,CHEMBL13823,Ki,7.5
4025088,O=C1N(CCn2cnc3cccc1c23)[C@@H]4CN5CCC4CC5,CHEMBL3673245,Ki,7.5
4025097,O=C1N(CC23CCN(CC2)CC3)CCc4c[nH]c5cccc1c45,CHEMBL3673250,Ki,7.52
4025107,Cl.Cc1cccc(Sc2ccccc2N3CCNCC3)c1C,CHEMBL2204357,Ki,7.54
4025117,Fc1ccc(cc1)N2NC3=CN([C@H]4CN5CCC4CC5)C(=O)c6cccc2c36,CHEMBL3679401,Ki,7.54
4025127,Cc1sc2N=C(CCCCN3CCN(CC3)c4ccc5ccccc5n4)N(N)C(=O)c2c1C,CHEMBL1277559,IC50,7.57
4025138,Cl.Cc1ccc(Sc2ccccc2N3CCCNCC3)c(C)c1,CHEMBL2205034,Ki,7.57
4025149,COc1cccc2c1c(nn2C)C(=O)NC3C[C@@H]4CCC[C@@H](C3)N4C,CHEMBL596952,Ki,7.58
4025160,Cl.Clc1ccc(Sc2ccccc2N3CCNCC3)c(Cl)c1,CHEMBL2204359,Ki,7.59
4025170,O=C1N(CCc2cn(c3cccc1c23)S(=O)(=O)c4ccccc4)[C@@H]5CN6CCC5CC6,CHEMBL3679420,Ki,7.6
4025180,O=C1NC(=NC2=C1CCCC2)CCCCN3CCN(CC3)c4ccc5ccccc5n4,CHEMBL1277006,IC50,7.61
4025191,NCC(O)c1ccc(O)cc1,CHEMBL53929,EC50,7.62
4025202,Fc1ccc(cc1)n2nc3CN([C@H]4CN5CCC4CC5)C(=O)c6cccc2c36,CHEMBL1643891,Ki,7.63
4025213,Cl.Cc1ccc(Sc2ccccc2N3CCNCC3)c(C)c1,CHEMBL2204360,Ki,7.64
4025224,CC(=O)N1CCc2c(C1)sc3N=C(CCCCN4CCN(CC4)c5ccc6ccccc6n5)N(N)C(=O)c23,CHEMBL1276922,IC50,7.66
4025235,CC(C)n1cnc2c(cc(Cl)cc12)C(=O)NC3CC4CCC(C3)N4C,CHEMBL142852,Ki,7.7
4025245,C1CN(CCN1)c2nc3ccccc3[nH]2,CHEMBL292066,Ki,7.72
4025256,O=C1NN=CC(=C1)c2ccc(OCCCN3CCCCC3)cc2,CHEMBL1958132,Ki,7.72
4025267,COc1ccc(cc1)c2oc3cccc(C(=O)N[C@@H]4C[C@H]5CCC[C@@H](C4)N5C)c3n2,CHEMBL3084782,Ki,7.73
4025278,CN(C)c1oc2cccc(C(=O)N[C@@H]3CN4CCC3CC4)c2n1,CHEMBL1272176,Ki,7.74
4025289,CNc1nc(nc2ccc(Cl)cc12)N3CCCN(C)CC3,CHEMBL511699,Ki,7.74
4025300,CN1[C@@H]2CCC[C@H]1C[C@@H](C2)NC(=O)c3cccc4oc(nc34)c5ccc(Cl)cc5,CHEMBL3084781,Ki,7.75
4025311,CO[C@@H]1CN(C[C@@H]2CCCC[C@@]2(O)c3cccc(O)c3)CC[C@@H]1NC(=O)c4cc(Cl)c(N)cc4OC,CHEMBL585567,IC50,7.75
4025322,Cl.COc1cc(C)ccc1Sc2ccccc2N3CCNCC3,CHEMBL2204362,Ki,7.77
4025333,C[C@H]1CNCCN1c2oc3cccc(C(=O)N[C@@H]4C[C@H]5CCC[C@@H](C4)N5C)c3n2,CHEMBL3084773,Ki,7.78
4025344,CN1[C@@H]2CCC[C@H]1C[C@@H](C2)NC(=O)c3cccc4oc(nc34)c5ccc(F)cc5,CHEMBL3084780,Ki,7.79
4025358,Cc1cccc2C(=O)N(N)C(=Nc12)CCCCN3CCN(CC3)c4ccc5ccccc5n4,CHEMBL1278087,IC50,7.81
4025369,CN1[C@@H]2CCC[C@H]1C[C@@H](C2)NC(=O)c3cccc4oc(nc34)c5ccccc5,CHEMBL3084779,Ki,7.82
4025380,CN1CCN(CC1)c2nc(NCCO)c3cc(Cl)ccc3n2,CHEMBL489664,Ki,7.83
1748783,COc1ccccc1c2oc3cccc(C(=O)N[C@@H]4C[C@H]5CCC[C@@H](C4)N5C)c3n2,CHEMBL3084777,Ki,7.83
4025392,OCc1cc2C(=O)N(CCn3ncc(c1)c23)C4CN5CCC4CC5,CHEMBL3673242,Ki,7.85
4025402,CN1CCN(CC1)c2nc(NCc3ccccc3)c4cc(Cl)ccc4n2,CHEMBL490071,Ki,7.86
4025413,Nc1oc2cccc(C(=O)N[C@@H]3CN4CCC3CC4)c2n1,CHEMBL1272178,Ki,7.86
4025424,CNc1cc(nc2ccccc12)N3CCN(C)CC3,CHEMBL2169969,Ki,7.87
3909511,C1CN2CCC1N(CC2)c3oc4ccccc4n3,CHEMBL611082,Ki,7.89
4025436,CN1CC2CCCC1CC(C2)N3Cc4cn(C)c5cccc(C3=O)c45,CHEMBL3679403,Ki,7.89
4025446,CN1N=CC(=CC1=O)c2ccc(OCCCN3CCCCC3)cc2,CHEMBL1958134,Ki,7.89
4025457,C[C@H]1COCCN1c2oc3cccc(C(=O)N[C@@H]4C[C@H]5CCC[C@@H](C4)N5C)c3n2,CHEMBL3084762,Ki,7.89
4025467,O=C1N(CCc2cn(Cc3ccccc3)c4cccc1c24)[C@H]5CN6CCC5CC6,CHEMBL3679417,Ki,7.89
4025477,CN1CCN(CC1)c2nc3ccccc3nc2O,CHEMBL414183,Ki,7.9
4025488,CCN(CC)c1oc2cccc(C(=O)N[C@@H]3CN4CCC3CC4)c2n1,CHEMBL1272122,Ki,7.91
3910408,C1CN2CCC1[C@@]3(C2)Cc4cccnc4O3,CHEMBL2151437,Ki,7.92
4025501,CN1CCN(CC1)c2nc(N)c3cc(Cl)ccc3n2,CHEMBL473302,Ki,7.92
4025512,Cc1[nH]cnc1Cc2nc(cs2)c3c[nH]c4ccccc34,CHEMBL290938,Ki,7.92
4025523,Cl.COc1ccc(Sc2ccccc2N3CCNCC3)c(Cl)c1,CHEMBL2204361,Ki,7.92
2960141,CN1[C@@H]2CC[C@H]1C[C@H](C2)OC(=O)c3cc(Cl)cc(Cl)c3,CHEMBL2107804,IC50,7.96
4025536,C[C@H]1CCCN1CCCOc2ccc(cc2)C3=CC(=O)N(N=C3)c4ccccn4,CHEMBL1958328,Ki,7.96
583739,CNS(=O)(=O)CC1=CC2=C(NC=C2CCN(C)C)C=C1,sumatriptan,IC50,8.03
4025549,CN1N=C(C)C(=CC1=O)c2ccc(OCCCN3CCCCC3)cc2,CHEMBL1958327,Ki,8.05
4025560,NN1C(=NC2=C(CCCC2)C1=O)CCCCN3CCN(CC3)c4ccc5ccccc5n4,CHEMBL1278088,IC50,8.05
4025571,CN1[C@@H]2CCC[C@H]1C[C@@H](C2)NC(=O)c3nn(CCCNc4ccc(c5nonc45)[N+](=O)[O-])c6ccccc36,CHEMBL3084438,Ki,8.06
1751104,CN1[C@@H]2CCC[C@H]1C[C@@H](C2)NC(=O)c3cccc4oc(nc34)C5CC5,CHEMBL3084778,Ki,8.08
4025584,CN1N=CC(=CC1=O)c2ccc(OCCCN3CCCCCC3)cc2,CHEMBL1958135,Ki,8.09
4025595,C(Cc1ccccc1)Cn2c(nc3ccccc23)N4CCNCC4,CHEMBL304534,Ki,8.1
4025606,CC1=NNC(=O)C=C1c2ccc(OCCCN3CCCCC3)cc2,CHEMBL1958324,Ki,8.1
4025616,Cn1cc2CCN([C@H]3CN4CCC3CC4)C(=O)c5cccc1c25,CHEMBL3679416,Ki,8.1
4025626,Fc1ccc(cc1)n2nc3CN([C@@H]4CN5CCC4CC5)C(=O)c6cccc2c36,CHEMBL1643892,Ki,8.1
4025636,OCc1ccc(Cn2cc3CCN(CC45CCN(CC4)CC5)C(=O)c6cccc2c36)cc1,CHEMBL3673249,Ki,8.1
4025646,O=C1C=C(C=NN1c2ccccn2)c3ccc(OCCCN4CCCCC4)cc3,CHEMBL1958329,Ki,8.11
4025657,C(Cn1c(nc2ccccc12)N3CCNCC3)c4ccccc4,CHEMBL305582,Ki,8.13
4025668,CN1CCN(CC1)c2ncc3cc(Cl)ccc3n2,CHEMBL2169890,Ki,8.13
4025679,CCN(CC)c1ccc2C=C(C(=O)NCCCCn3nc(C(=O)N[C@@H]4C[C@H]5CCC[C@@H](C4)N5C)c6ccccc36)C(=O)Oc2c1,CHEMBL3084433,Ki,8.14
4025690,CN1[C@H]2CCC[C@H]1CC(C2)NC(=O)c3nn(C)c4ccc(O)cc34,CHEMBL598804,Ki,8.14
4025701,Cl.Cc1ccc(Sc2ccccc2N3CCNCC3)c(Cl)c1,CHEMBL2204363,Ki,8.14
4025712,O=C1N(Cc2nn(Cc3ccccc3)c4cccc1c24)[C@H]5CN6CCC5CC6,CHEMBL1643890,Ki,8.15
755269,CCCN1CCC(COc2nc3scc(C)c3n4cccc24)CC1,CHEMBL470432,IC50,8.16
4021773,CN1[C@@H]2CC[C@H]1CC(C2)OC(=O)c3cc(Cl)cc(Cl)c3,CHEMBL1365455,IC50,8.16
4025726,Fc1ccc(cc1)N2NC3=CN([C@@H]4CN5CCC4CC5)C(=O)c6cccc2c36,CHEMBL3679402,Ki,8.16
4025736,C[C@H]1COC[C@H](C)N1c2oc3cccc(C(=O)N[C@@H]4CN5CCC4CC5)c3n2,CHEMBL1271790,Ki,8.17
4025747,CN(C)c1nc(nc2ccc(Cl)cc12)N3CCN(C)CC3,CHEMBL489060,Ki,8.18
4025757,Fc1cc2C(=O)N(CCn3ncc(c1)c23)C4CN5CCC4CC5,CHEMBL3673241,Ki,8.22
4025767,CNc1nc(cc2ccccc12)N3CCN(C)CC3,CHEMBL2169971,Ki,8.23
4025780,CN1CCN(CC1)c2nc3ccccc3c(C(=O)NCCCCCCCNc4c5CCCCc5nc6ccccc46)c2C,CHEMBL195241,Ki,8.25
4025794,Fc1ccc(Cn2c(nc3ccccc23)N4CCNCC4)cc1,CHEMBL302743,Ki,8.28
4025805,O=C1C=C(C=NN1c2ccccn2)c3ccc(OCCCN4CCCCCC4)cc3,CHEMBL1958330,Ki,8.28
4025816,CC(C)[C@H]1COCCN1c2oc3cccc(C(=O)N[C@@H]4C[C@H]5CCC[C@@H](C4)N5C)c3n2,CHEMBL3084766,Ki,8.3
4025827,COc1cc(N)c(Cl)cc1C(=O)N[C@H]2CN3CCC2CC3,CHEMBL27846,Ki,8.3
4025836,Cc1cn2CCN([C@@H]3CN4CCC3CC4)C(=O)c5cccc1c25,CHEMBL3673238,Ki,8.3
4025845,O=C1N(C=C2NN(Cc3ccccc3)c4cccc1c24)[C@H]5CN6CCC5CC6,CHEMBL3679400,Ki,8.3
4025854,O=C1N(C=C2NNc3cccc1c23)[C@@H]4CN5CCC4CC5,CHEMBL3679392,Ki,8.3
4025863,O=C1N(C=C2NNc3cccc1c23)[C@H]4CN5CCC4CC5,CHEMBL3679391,Ki,8.3
4025873,O=C1N(Cc2n[nH]c3cccc1c23)[C@@H]4CN5CCC4CC5,CHEMBL1643882,Ki,8.31
4025884,CC1=NNC(=O)C=C1c2ccc(OCCCN3CCCCCC3)cc2,CHEMBL1958325,Ki,8.32
4025895,CN1CCN(CC1)c2cnc3ccccc3n2,CHEMBL123137,Ki,8.33
1726949,Nc1oc2cc(Cl)cc(C(=O)N[C@@H]3CN4CCC3CC4)c2n1,CHEMBL1272232,Ki,8.33
4025908,CC[C@H]1COCCN1c2oc3cccc(C(=O)N[C@@H]4C[C@H]5CCC[C@@H](C4)N5C)c3n2,CHEMBL3084764,Ki,8.34
4025919,O=C1N(Cc2n[nH]c3cccc1c23)[C@H]4CN5CCC4CC5,CHEMBL1643881,Ki,8.36
755879,C1CN(CCN1)c2ccc3ccccc3n2,CHEMBL18772,Ki,8.4
4025931,O=C1N(CCc2n[nH]c3cccc1c23)[C@@H]4CN5CCC4CC5,CHEMBL3679408,Ki,8.4
4025941,CCC[C@H]1COCCN1c2oc3cccc(C(=O)N[C@@H]4C[C@H]5CCC[C@@H](C4)N5C)c3n2,CHEMBL3084765,Ki,8.41
4025952,CC(C)n1nc2CN([C@H]3CN4CCC3CC4)C(=O)c5cccc1c25,CHEMBL1643888,Ki,8.44
4025963,CC(C)C[C@H]1COCCN1c2oc3cccc(C(=O)N[C@@H]4C[C@H]5CCC[C@@H](C4)N5C)c3n2,CHEMBL3084767,Ki,8.46
4025974,NC(=N)NCc1nc(cs1)c2c[nH]c3ccccc23,CHEMBL40260,Ki,8.48
4025985,C1CN2CCC1[C@H](C2)n3cc(nn3)c4ccc5occc5c4,CHEMBL3747344,Ki,8.52
4025995,CC(C)N1NC2=CN([C@H]3CN4CCC3CC4)C(=O)c5cccc1c25,CHEMBL3679397,Ki,8.52
4026005,COc1cccc(c1)c2cn(nn2)[C@H]3CN4CCC3CC4,CHEMBL3746146,Ki,8.52
4026016,C[C@@H]1CCCN1CCCOc2ccc(cc2)C3=CC(=O)N(N=C3C)c4ncccc4C,CHEMBL1958334,Ki,8.52
4026027,CNc1nc(nc2ccccc12)N3CCN(C)CC3,CHEMBL2169965,Ki,8.53
4026039,CN1CCN(CC1)c2nc(NCc3cocc3)c4cc(Cl)ccc4n2,CHEMBL454890,Ki,8.55
4026050,CN1[C@@H]2CCC[C@H]1C[C@H](C2)NC(=O)c3nn(CCCNC(=O)CNC4=[N+]5C(=Cc6c(C)cc(C)n6[B-]5(F)F)C=C4)c7ccccc37,CHEMBL3084719,Ki,8.55
600189,C[C@@H]1CCCN1CCCOc2ccc(cc2)C3=CC(=O)NN=C3,CHEMBL1813065,Ki,8.55
4026063,CC(C)N1N=CC(=CC1=O)c2ccc(OCCCN3CCC[C@H]3C)cc2,CHEMBL1958322,Ki,8.57
4026074,CN1CCN(CC1)c2nc(NCc3ccc(N)cc3)c4cc(Cl)ccc4n2,CHEMBL489271,Ki,8.57
4026085,C[C@@H]1CCCN1CCCOc2ccc(cc2)C3=CC(=O)N(N=C3)c4ncccc4C,CHEMBL1958332,Ki,8.6
4026096,CC(C)Cn1nc2CN([C@@H]3CN4CCC3CC4)C(=O)c5cccc1c25,CHEMBL1641625,Ki,8.62
1722424,C[C@H]1CNC[C@H](C)N1c2oc3cccc(C(=O)N[C@@H]4C[C@H]5CCC[C@@H](C4)N5C)c3n2,CHEMBL3084776,Ki,8.62
4026109,CC(C)n1nc2CN([C@@H]3CN4CCC3CC4)C(=O)c5cccc1c25,CHEMBL1643889,Ki,8.64
4026119,CC(C)CN1NC2=CN([C@@H]3CN4CCC3CC4)C(=O)c5cccc1c25,CHEMBL3679399,Ki,8.7
4026128,CC(C)N1NC2=CN([C@@H]3CN4CCC3CC4)C(=O)c5cccc1c25,CHEMBL3679398,Ki,8.7
4026137,CC(C)n1nc2CCN([C@@H]3CN4CCC3CC4)C(=O)c5cccc1c25,CHEMBL3679410,Ki,8.7
4026146,CCN1NC2=CN([C@H]3CN4CCC3CC4)C(=O)c5cccc1c25,CHEMBL3679395,Ki,8.7
4026156,CCn1nc2CN([C@H]3CN4CCC3CC4)C(=O)c5cccc1c25,CHEMBL1643886,Ki,8.7
4026166,CN1NC2=CN([C@H]3CN4CCC3CC4)C(=O)c5cc(F)cc1c25,CHEMBL3679394,Ki,8.7
4026175,CN1NC2=CN([C@H]3CN4CCC3CC4)C(=O)c5cccc1c25,CHEMBL3679390,Ki,8.7
4026185,CN1[C@@H]2CCC[C@H]1C[C@@H](C2)NC(=O)c3cccc4oc(nc34)N5CCOC[C@@H]5C(C)(C)C,CHEMBL3084768,Ki,8.7
4026196,C[C@@H]1CCCN1CCCOc2ccc(cc2)C3=CC(=O)N(C)N=C3C,CHEMBL1958326,Ki,8.7
609928,C[C@@H]1CCCN1CCCOc2ccc(cc2)C3=NNC(=O)C=C3,CHEMBL1829335,Ki,8.7
4026208,Cn1nc2CCN([C@@H]3CN4CCC3CC4)C(=O)c5cccc1c25,CHEMBL3639782,Ki,8.7
4026218,Cn1nc2CN([C@H]3CN4CCC3CC4)C(=O)c5cc(F)cc1c25,CHEMBL1643885,Ki,8.7
3910141,O=C(N[C@@H]1CN2CCC1CC2)c3n[nH]c4ccccc34,CHEMBL2151439,Ki,8.7
4026230,O=C1N(CC23CCN(CC2)CC3)Cc4n[nH]c5cccc1c45,CHEMBL3673251,Ki,8.7
4026239,O=C1N(CCc2nn(Cc3ccccc3)c4cccc1c24)[C@@H]5CN6CCC5CC6,CHEMBL3679411,Ki,8.7
4026248,Oc1cc2C(=O)N(CCn3ncc(c1)c23)C4CN5CCC4CC5,CHEMBL3673244,Ki,8.7
4026258,Cc1[nH]cnc1Cc2nc(cs2)c3ccccc3F,CHEMBL329179,Ki,8.71
4026269,CCN(CC)c1ccc2C=C(C(=O)NCCOc3cccc4c(nn(C)c34)C(=O)N[C@@H]5C[C@H]6CCC[C@@H](C5)N6C)C(=O)Oc2c1,CHEMBL3084441,Ki,8.72
4026280,CN1[C@@H]2CCC[C@H]1C[C@H](C2)NC(=O)c3nn(CCCN)c4ccccc34,CHEMBL2309589,Ki,8.72
4026291,C[C@@H]1CCCN1CCCOc2ccc(cc2)C3=CC(=O)N(C)N=C3,CHEMBL1958133,Ki,8.72
4026302,C[C@@H]1CCCN1CCCOc2ccc(cc2)C3=CC(=O)N(N=C3)c4cccc(C)n4,CHEMBL1958331,Ki,8.75
4026313,Cc1[nH]cnc1Cc2nc(cs2)c3ccccc3,CHEMBL38465,Ki,8.75
610682,C[C@@H]1CCCN1CCCOc2ccc(cc2)C3=CC(=O)N(N=C3)c4ccccn4,CHEMBL1945843,Ki,8.77
4026326,C[C@@H]1CCCN1CCCOc2ccc(cc2)C3=CC(=O)N(N=C3C)c4ccccn4,CHEMBL1958333,Ki,8.77
4026337,Cc1ccc(Cn2c(nc3ccccc23)N4CCNCC4)cc1,CHEMBL66918,Ki,8.77
4026348,Cn1nc2CN([C@H]3CN4CCC3CC4)C(=O)c5cccc1c25,CHEMBL1643883,Ki,8.77
4026359,CN1CCN(CC1)c2cc3ccccc3cn2,CHEMBL2169966,Ki,8.79
4026370,CCn1nc2CN([C@@H]3CN4CCC3CC4)C(=O)c5cccc1c25,CHEMBL1643887,Ki,8.8
4026381,CN1CCC(=Cc2nc3cc(Cl)ccc3[nH]2)CC1,CHEMBL1824048,Ki,8.8
4026392,CN1[C@@H]2CCC[C@H]1C[C@@H](C2)NC(=O)c3nn(CCCC(=O)OCCCC4=C5C(=CC(=[N+]5[B-](F)(F)n6c(C)cc(C)c46)C)C)c7ccccc37,CHEMBL3084440,Ki,8.8
4026403,CN1[C@@H]2CCC[C@H]1C[C@@H](C2)NC(=O)c3nn(CCCNC(=S)Nc4ccc(C5=C6C=CC(=O)C=C6Oc7cc(O)ccc57)c(c4)C(=O)O)c8ccccc38,CHEMBL3084432,Ki,8.8
4026414,C[C@@H]1CCCN1CCCOc2ccc(cc2)C3=CC(=O)NN=C3C,CHEMBL1958323,Ki,8.8
4026425,CN1CCN(CC1)c2cc(N)c3ccccc3n2,CHEMBL2169970,Ki,8.84
4026436,C(N1CCN(CC1)c2nc3ccsc3n4cccc24)c5ccccc5,CHEMBL54720,IC50,8.85
4026447,C(c1ccc2ccccc2c1)n3c(nc4ccccc34)N5CCNCC5,CHEMBL63863,Ki,8.85
4026458,CN1CCN(CC1)c2ncc3ccccc3n2,CHEMBL443764,Ki,8.87
4026469,CN(C)c1cccc2c(cccc12)S(=O)(=O)NCCCn3nc(C(=O)N[C@H]4C[C@H]5CCC[C@@H](C4)N5C)c6ccccc36,CHEMBL3084439,Ki,8.92
4026480,Cl.COc1cc(N)c(Cl)cc1C(=O)NC2C3CC4CN(C3)CC24,CHEMBL558226,Ki,8.92
4026490,CNc1nc(nc2ccc(Cl)cc12)N3CCN(C)CC3,CHEMBL489062,Ki,8.95
4026501,CN1[C@@H]2CCC[C@H]1C[C@@H](C2)NC(=O)c3nn(CCCCNC(=S)Nc4ccc(C5=C6C=CC(=O)C=C6Oc7cc(O)ccc57)c(c4)C(=O)O)c8ccccc38,CHEMBL3084434,Ki,8.96
4026511,Brc1cc2NNC3=CN([C@H]4CN5CCC4CC5)C(=O)c(c1)c23,CHEMBL3679406,Ki,9.0
672518,CCN1C(=O)N(C(=O)NC2CC3CCC(C2)N3C)c4ccccc14,CHEMBL62023,Ki,9.0
4026522,CCN1NC2=CN([C@@H]3CN4CCC3CC4)C(=O)c5cccc1c25,CHEMBL3679396,Ki,9.0
4026532,CC[C@H]1COC[C@H](C)N1c2oc3cccc(C(=O)N[C@@H]4C[C@H]5CCC[C@@H](C4)N5C)c3n2,CHEMBL3084770,Ki,9.0
4026542,CCn1nc2CCN([C@@H]3CN4CCC3CC4)C(=O)c5cccc1c25,CHEMBL3679409,Ki,9.0
4026551,CN1NC2=CN([C@@H]3CN4CCC3CC4)C(=O)c5cccc1c25,CHEMBL3679393,Ki,9.0
4026561,Cc1[nH]cnc1Cc2nc(cs2)c3cccc4cccnc34,CHEMBL421747,Ki,9.0
4026572,Clc1cc2CCOc2c(c1)C(=O)N[C@H]3CN4CCC3CC4,CHEMBL419496,Ki,9.0
4026582,Cn1cc2CCN([C@@H]3CN4CCC3CC4)C(=O)c5cccc1c25,CHEMBL3679413,Ki,9.0
4026592,Cn1cc2CN([C@@H]3CN4CCC3CC4)C(=O)c5cccc1c25,CHEMBL1643894,Ki,9.0
4026601,O=C1N(CCc2cn(Cc3ccccc3)c4cccc1c24)[C@@H]5CN6CCC5CC6,CHEMBL3679414,Ki,9.0
4026611,COc1ccc(cc1)C2=[N+]3C(=Cc4c(C)c(CCC(=O)NCCCCCC(=O)NCCCn5nc(C(=O)N[C@@H]6C[C@H]7CCC[C@@H](C6)N7C)c8ccccc58)c(C)n4[B-]3(F)F)C=C2,CHEMBL3084430,Ki,9.05
4026622,Cn1cc2CN([C@H]3CN4CCC3CC4)C(=O)c5cccc1c25,CHEMBL1643893,Ki,9.05
4026635,Cc1cc2C(=O)N(CCn3ncc(c1)c23)C4CN5CCC4CC5,CHEMBL3673243,Ki,9.1
4026645,Cc1cc2C(=O)N(CCn3ncc(c1)c23)[C@@H]4CN5CCC4CC5,CHEMBL3261484,Ki,9.1
4026657,COc1cc(N)c(Cl)cc1C(=O)NC2CN3CCC2CC3,CHEMBL18041,Ki,9.16
4026668,Cn1nc2CN([C@@H]3CN4CCC3CC4)C(=O)c5cccc1c25,CHEMBL1643884,Ki,9.16
4026679,CN1[C@H]2CCC[C@H]1CC(C2)NC(=O)c3nn(C)c4c(O)cccc34,CHEMBL599011,Ki,9.17
4026690,C[C@H]1COC[C@H](C)N1c2oc3cccc(C(=O)N[C@@H]4C[C@H]5CCC[C@@H](C4)N5C)c3n2,CHEMBL3084769,Ki,9.22
4026701,CC(C)n1cnc2c(cc(Cl)cc12)C(=O)N[C@H]3CN4CCC3CC4,CHEMBL145725,Ki,9.27
4026712,CN1CCN(CC1)c2ccc3ccccc3n2,CHEMBL288591,Ki,9.34
4026723,COc1ccc(Cn2c(nc3ccccc23)N4CCNCC4)cc1,CHEMBL66692,Ki,9.38
4026734,COc1ccccc1c2csc(Cc3[nH]cnc3C)n2,CHEMBL93919,Ki,9.38
4026745,C(c1ccccc1)n2c(nc3ccccc23)N4CCNCC4,CHEMBL56900,Ki,9.44
614808,C(COc1ccc(CCNc2c3CCCCc3nc4ccccc24)cc1)CN5CCCCC5,CHEMBL15056,Ki,9.48
4026758,CN1[C@H]2CCC[C@H]1CC(C2)NC(=O)c3nn(C)c4c(OCc5ccccc5)cccc34,CHEMBL605772,Ki,9.64
4026769,Cc1cn2CCN([C@@H]3CN4CCC3CC4)C(=O)c5cc(Cl)cc1c25,CHEMBL3261480,Ki,9.7
4026779,CN1[C@H]2CCC[C@H]1CC(C2)NC(=O)c3nn(C)c4cccc(O)c34,CHEMBL596951,Ki,9.77
4026791,CN1CCN(CC1)c2nc(N)c3ccccc3n2,CHEMBL475331,Ki,10.29
