id,smiles,name,assay_type,activity_value
3905939,CN1[C@H]2CC[C@@H]1C[C@@H](C2)OC(=O)C1=CNC2=C1C=CC=C2,tropisetron,Ki,8.8
1119228,CN1C2=C(C3=CC=CC=C13)C(=O)C(CN1C=CN=C1C)CC2,ondansetron,Ki,8.3
4022661,[H][C@@]12CCCC3=CC=CC(C(=O)N(C1)[C@]1([H])CN4CCC1CC4)=C23,palonosetron,Kd,9.74
1729624,CN1C2CCCC1CC(C2)NC(=O)c3nn(C)c4ccccc34,granisetron,Ki,8.8
31941,[H]C1(CCN(CCCOC2=CC=C(F)C=C2)CC1([H])OC)NC(=O)C1=C(OC)C=C(N)C(Cl)=C1,cisapride,Ki,6.82
31951,CCN(CC)CCNC(=O)C1=C(OC)C=C(N)C(Cl)=C1,metoclopramide,Kd,7.30000019
503007,CC(C)(C)S(=O)(=O)c1ccc2nccc(Nc3n[nH]c4ccc(F)cc34)c2c1,CHEMBL3823499,IC50,5.29
