id,smiles,name,assay_type,activity_value
8777046,O[C@@H]1[C@H](O)[C@@H](OP(=O)(O)O)[C@H](OP(=O)(O)O)[C@@H](O)[C@@H]1OP(=O)(O)OCCCNC(=O)c2cccc3ccccc23,CHEMBL169923,Kd,5.08
8777058,CN(C)c1ccc(cc1)C(c2ccc(cc2)N(C)C)c3ccc(cc3)C(=O)NCCCOP(=O)(O)O[C@@H]4[C@H](O)[C@H](O)[C@@H](OP(=O)(O)O)[C@H](OP(=O)(O)O)[C@H]4O,CHEMBL352326,Kd,5.5
8777069,O[C@@H]1[C@H](O)[C@@H](OP(=O)(O)O)[C@H](OP(=O)(O)O)[C@@H](O)[C@@H]1OP(=O)(O)OCCCNC(=O)CCCc2ccc3ccc4cccc5ccc2c3c45,CHEMBL434103,Kd,5.59
8777080,NCCCOP(=O)(O)O[C@@H]1[C@H](O)[C@H](O)[C@@H](OP(=O)(O)O)[C@H](OP(=O)(O)O)[C@H]1O,CHEMBL297235,Kd,5.82
8777091,CN(C)c1ccc2C(=C3C=CC(=[N+](C)C)C=C3Oc2c1)c4ccc(cc4C(=O)[O-])C(=O)NCCCOP(=O)(O)O[C@@H]5[C@H](O)[C@H](O)[C@@H](OP(=O)(O)O)[C@H](OP(=O)(O)O)[C@H]5O,CHEMBL369479,Kd,6.21
8777104,O[C@@H]1[C@H](O)[C@@H](OP(=O)(O)O)[C@H](OP(=O)(O)O)[C@@H](O)[C@@H]1OP(=O)(O)O,CHEMBL279107,IC50,6.52
8777114,CN(C)c1ccc(cc1)C(=C2C=CC(=[N+](C)C)C=C2)c3ccc(cc3)C(=O)NCCCOP(=O)(O)O[C@@H]4[C@H](O)[C@H](O)[C@@H](OP(=O)(O)O)[C@H](OP(=O)(O)O)[C@H]4O,CHEMBL172534,Kd,8.93
