id,smiles,name,assay_type,activity_value
9054351,COC1=CN(N=C(C1=O)c2ccnn2C)c3ccccc3,CHEMBL3814288,IC50,5.62
8777080,NCCCOP(=O)(O)O[C@@H]1[C@H](O)[C@H](O)[C@@H](OP(=O)(O)O)[C@H](OP(=O)(O)O)[C@H]1O,CHEMBL297235,Kd,5.95
9056370,O[C@@H]1[C@H](O)[C@H](OP(=O)(O)O)[C@@H](OP(=O)(O)O)[C@H](OP(=O)(O)O)[C@H]1OP(=O)(O)O,CHEMBL23050,IC50,6.21
9056381,O[C@@H]1[C@H](O)[C@@H](OP(=O)(O)O)[C@H](OP(=O)(O)O)[C@@H](OP(=O)(O)O)[C@@H]1OP(=O)(O)O,CHEMBL282059,IC50,6.37
8777104,O[C@@H]1[C@H](O)[C@@H](OP(=O)(O)O)[C@H](OP(=O)(O)O)[C@@H](O)[C@@H]1OP(=O)(O)O,CHEMBL279107,Kd,6.71
9056393,O[C@@H]1[C@H](O)[C@@H](OP(=O)(O)O)[C@H](OP(=O)(O)O)[C@@H](O)[C@@H]1OP(=O)(O)OCCCNC(=O)Oc2ccc3c(Oc4cc(O)ccc4C35OC(=O)c6ccccc56)c2,CHEMBL46273,Kd,6.73
9056404,C[C@]1(OP(=O)(O)O)[C@H](OP(=O)(O)O)[C@H](O)[C@H](O)[C@@H](O)[C@@H]1OP(=O)(O)O,CHEMBL281132,IC50,7.36
9056415,O[C@H]1[C@H](O)[C@@H](OP(=O)(O)O)[C@H](OP(=O)(O)O)[C@@H](OP(=O)(O)O)[C@H]1O,CHEMBL283791,IC50,8.22
1091968,O[C@H]1[C@H](OP(=O)(O)O)[C@H](O)[C@H](OP(=O)(O)O)[C@@H](OP(=O)(O)O)[C@@H]1OP(=O)(O)O,CHEMBL23552,IC50,8.54
9056428,[Cl-].CN(C)c1ccc(cc1)C(=C2C=CC(=[N+](C)C)C=C2)c3ccc(cc3)C(=O)NCCCOP(=O)(O)O[C@@H]4[C@H](O)[C@H](O)[C@@H](OP(=O)(O)O)[C@H](OP(=O)(O)O)[C@H]4O,CHEMBL297496,Kd,8.93
