id,smiles,name,assay_type,activity_value
226671,NC(N)=N,guanidine,N/A,N/A
5014082,COC1=C(OC)C=C(CCO[C@@H]2CCCC[C@H]2N2CC[C@@H](O)C2)C=C1,vernakalant,IC50,4.87451887
226681,NC1=CC=NC=C1,fampridine,N/A,N/A
226690,NC1=CC=NC=C1N,amifampridine,N/A,N/A
1731483,CCCCOc1ccc(cc1)S(=O)(=O)NCCc2c[nH]c3ccccc23,CHEMBL2440392,IC50,5.0
5014107,CC[C@H](NC(=O)c1ccccc1NS(=O)(=O)CC)c2ccccc2,CHEMBL97793,IC50,5.0
5014118,Clc1ccccc1OCCN2CCN(CC2)C(=O)c3cccs3,CHEMBL3262843,IC50,5.01
5014129,Clc1ccc(cc1)S(=O)(=O)Nc2cccc3cccc(C(=O)NC4CCCCC4)c23,CHEMBL343456,IC50,5.02
4233438,CC(C)(CNC(=O)c1cccnc1O)CN(C2=NS(=O)(=O)c3cc(F)ccc23)c4ccccc4,CHEMBL1289418,IC50,5.04
5014142,COc1ccc(OCCN2CCN(CC(=O)Nc3nccs3)CC2)cc1,CHEMBL3262832,IC50,5.04
5014153,NC(=O)[C@H](Cc1ccccc1)NC(=O)c2ccccc2c3ccccc3CNS(=O)(=O)c4cccc5ccccc45,CHEMBL358799,IC50,5.04
5014164,O=C(CN1CCN(CCOc2ccc(cc2)C#N)CC1)Nc3ccccc3,CHEMBL3262817,IC50,5.04
5014175,CC[C@H](NC(=O)c1ccccc1NS(=O)(=O)c2cccc3cnccc23)c4ccccc4,CHEMBL433220,IC50,5.05
5014186,Cc1ccc(OCCN2CCN(CC(=O)Nc3nccs3)CC2)cc1,CHEMBL3262827,IC50,5.05
5014197,CS(=O)(=O)c1cccc(c1)S(=O)(=O)N(C[C@@H]2CCC(=O)N2)Cc3ccc(F)cc3,CHEMBL3127415,IC50,5.06
5014208,Fc1ccc(CN(C[C@@H]2CCC(=O)N2)S(=O)(=O)c3ccccc3)cc1,CHEMBL3127409,IC50,5.06
5014219,Fc1ccc(CN(C[C@H]2CCC(=O)N2)S(=O)(=O)c3cccc(c3)C#N)cc1,CHEMBL3127419,IC50,5.06
5014230,Cc1ccc(cc1)S(=O)(=O)Nc2ccccc2C(=O)N(CCCn3ccnc3)Cc4ccccc4,CHEMBL98077,IC50,5.07
5014241,CC(C)(C)NC(=O)C1N(Cc2ccccc2c3ccccc3)C(=O)c4cc(O)ccc14,CHEMBL3787069,IC50,5.08
5014252,CCCCOc1ccc(cc1)S(=O)(=O)NC(Cc2c[nH]c3ccccc23)C(=O)OC,CHEMBL2440404,IC50,5.08
5014263,Fc1ccc(CN(C[C@@H]2CCC(=O)N2)S(=O)(=O)c3cc(Cl)cc(Cl)c3)cc1,CHEMBL3127412,IC50,5.09
1735339,OC(C(N1CCNCC1)c2ccccc2)(c3cccnc3)c4cccnc4,CHEMBL1090159,IC50,5.1
5014276,CC(=O)c1ccc(cc1)S(=O)(=O)NCc2ccccc2c3ccccc3C(=O)N[C@@H](Cc4ccccc4)C(=O)N,CHEMBL343464,IC50,5.11
5014287,CC(C)CCNC(=O)c1cccnc1c2ccccc2CNC(=O)OCc3ccccc3,CHEMBL143727,IC50,5.11
5014298,O=C1CCN(C1)[C@H]2CCCC[C@@H]2OCCc3cccc4ccccc34,CHEMBL375475,IC50,5.11
5014309,CC(C)(C)NC(=O)C1N(Cc2ccccc2c3ccccc3)C(=O)c4cc(NS(=O)(=O)C)ccc14,CHEMBL3787036,IC50,5.12
5014320,Fc1ccc(CN(C[C@@H]2CCCC(=O)N2)S(=O)(=O)c3cccc(c3)C#N)cc1,CHEMBL3127396,IC50,5.12
5014331,COCCOc1ccc(cc1)C2CN(NS(=O)(=O)C)C(=O)N2CCc3ccc(OC)cc3,CHEMBL571953,IC50,5.13
5014342,CC[C@H](NC(=O)c1ccccc1NS(=O)(=O)c2ccc(C)cc2)c3ccccc3,CHEMBL94296,IC50,5.14
887672,COc1ccc2nccc([C@H](O)[C@H]3C[C@@H]4CCN3C[C@@H]4C=C)c2c1,CHEMBL1294,IC50,5.14
5014355,FC(F)(F)Oc1ccc(OCCN2CCN(CC(=O)Nc3ccccc3)CC2)cc1,CHEMBL3262815,IC50,5.14
5014366,Fc1ccc(CN(C[C@@H]2CCC(=O)N2)S(=O)(=O)c3cccc(F)c3)cc1,CHEMBL3127410,IC50,5.14
5014377,COC(=O)NCc1ccccc1c2ccccc2C(=O)NCCC(C)C,CHEMBL146772,IC50,5.15
5014388,Cc1ccc(cc1)C(=O)N2CCN(CCOc3ccccc3)CC2,CHEMBL3262810,IC50,5.15
5014399,OC(Cc1ccccc1)(c2cccnc2)c3cccnc3,CHEMBL1088805,IC50,5.15
5014410,CC(C)CCNC(=O)c1ccccc1c2ccncc2CNC(=O)OCc3ccccc3,CHEMBL358048,IC50,5.16
5014421,CC[C@H](NC(=O)c1ccccc1NS(=O)(=O)c2ccccc2)c3ccccc3,CHEMBL316891,IC50,5.16
5014432,COC(=O)CC(C(C(=O)N(C(C)C)C(C)C)c1ccccn1)c2ccccc2,CHEMBL216309,IC50,5.16
5014443,Cc1ccc(cc1)S(=O)(=O)Nc2ccccc2C(=O)NCCc3ccccc3,CHEMBL314328,IC50,5.17
5014454,CC[C@H](NC(=O)c1cc(F)ccc1NS(=O)(=O)c2ccc(Cl)cc2)c3ccccc3,CHEMBL418972,IC50,5.19
5014465,COC(=O)C(Cc1c[nH]c2ccccc12)NS(=O)(=O)c3ccc(F)cc3,CHEMBL2440389,IC50,5.19
5014476,FC(F)(F)Oc1ccc(OCCN2CCN(CC2)C(=O)c3cccs3)cc1,CHEMBL3262801,IC50,5.19
5014487,COC(=O)CC(C(C(=O)N(C(C)C)C(C)C)c1ccccc1)c2ccccn2,CHEMBL385460,IC50,5.2
5014498,CCCCOc1ccc(cc1)S(=O)(=O)NCCc2cn(CC(=O)Nc3ccc(OC)cc3)c4ccccc24,CHEMBL2440121,IC50,5.21
5014509,CC[C@H](NC(=O)c1ccccc1NS(=O)(=O)c2ccc(cc2)C(F)(F)F)c3ccccc3,CHEMBL420266,IC50,5.21
5014520,CC(C)(C)NC(=O)C1N(Cc2ccccc2c3ccc(F)cc3)C(=O)c4ccccc14,CHEMBL3786303,IC50,5.22
4233618,CC(C)(CNC(=O)C1CCCCN1)CN(C2=NS(=O)(=O)c3cc(F)ccc23)c4ccccc4,CHEMBL1290171,IC50,5.22
5014533,CC(N1C(C(=O)NCc2ccccc2)c3ccccc3C1=O)c4ccccc4,CHEMBL3786255,IC50,5.22
655283,COC(=O)C1=C(C)NC(C)=C(C1C1=C(C=CC=C1)[N+]([O-])=O)C(=O)OC,nifedipine,IC50,5.22
5014546,O=C1CCN(C1)[C@@H]2CCCC[C@H]2OCCc3cccc4ccccc34,CHEMBL229125,IC50,5.23
5014557,Clc1ccc(cc1)S(=O)(=O)Nc2ccc(Cl)cc2C(=O)NCc3ccccc3,CHEMBL97682,IC50,5.25
5014568,COC(=O)C(Cc1c[nH]c2ccccc12)NS(=O)(=O)c3ccc(OC)cc3,CHEMBL2440408,IC50,5.26
5014579,COc1ccc(cc1)C(=O)N2CCN(CCOc3ccc(Cl)cc3)CC2,CHEMBL3262809,IC50,5.26
5014590,COC(=O)CC(C(C(=O)N(C(C)C)C(C)C)c1ccccc1)c2ccncc2,CHEMBL216255,IC50,5.27
5014601,Clc1ccc(OCCN2CCN(CC(=O)Nc3nccs3)CC2)cc1,CHEMBL3262837,IC50,5.29
5014612,CCN(Cc1ccccc1)C(=O)c2ccccc2NS(=O)(=O)c3ccc(C)cc3,CHEMBL328905,IC50,5.3
5014623,Cc1ccc(NC(=O)CN2CCN(CCOc3ccc(Cl)cc3)CC2)cc1,CHEMBL3262823,IC50,5.3
5014634,OC(C(Cc1ccccc1)N2CCOCC2)(c3cccnc3)c4cccnc4,CHEMBL1091880,IC50,5.31
5014645,Fc1ccc(CN(Cc2ccccc2)S(=O)(=O)c3ccccc3F)cc1,CHEMBL3127406,IC50,5.32
5014656,NC(=O)[C@H](Cc1ccccc1)NC(=O)c2ccccc2c3ccccc3CNS(=O)(=O)c4cccc(c4)C(F)(F)F,CHEMBL144117,IC50,5.32
5014667,COC(=O)C(Cc1c[nH]c2ccccc12)NS(=O)(=O)c3ccc(C)cc3,CHEMBL2440409,IC50,5.33
5014678,CC(C)CCNC(=O)c1ccccc1c2ccccc2CNC(=O)Nc3ccccc3,CHEMBL342350,IC50,5.35
5014689,Cc1c(NS(=O)(=O)C)ccc2C(N(Cc3ccccc3c4ccccc4)C(=O)c12)C(=O)NC(C)(C)C,CHEMBL3787412,IC50,5.35
5014700,Cc1ccc(NC(=O)CN2CCN(CCOc3ccc(cc3)C#N)CC2)cc1,CHEMBL3262822,IC50,5.35
5014711,Cc1ccc(cc1)C(=O)N2CCN(CCOc3ccc(Cl)cc3)CC2,CHEMBL3262811,IC50,5.35
5014722,Clc1ccc(OCCN2CCN(CC(=O)Nc3ccccc3)CC2)cc1,CHEMBL3262816,IC50,5.36
5014733,Clc1cccc(CN(C[C@@H]2CCC(=O)N2)S(=O)(=O)c3cccc(c3)C#N)c1,CHEMBL3127402,IC50,5.37
5014744,O=C(N1CCN(CCOc2ccc(cc2)C#N)CC1)c3ccccc3,CHEMBL3262806,IC50,5.37
5014755,CC(C)CCNC(=O)c1ccccc1c2ccccc2CNC(=O)c3ccccc3,CHEMBL359386,IC50,5.39
5014766,Cc1ccc(cc1)S(=O)(=O)Nc2ccccc2C(=O)NCc3ccccc3,CHEMBL94764,IC50,5.39
5014777,Fc1ccc(CN(C[C@@H]2CCC(=O)N2)S(=O)(=O)c3ccc(F)cc3)cc1,CHEMBL3127408,IC50,5.39
4272487,Fc1ccc(c(NP(=O)(c2ccccc2)c3ccccc3)c1)n4cccn4,CHEMBL2312923,IC50,5.39
5014790,CC(C)CCNC(=O)c1ccccc1c2ccccc2CNCCc3ccccc3,CHEMBL148211,IC50,5.4
5014801,Clc1ccc(OCCN2CCN(CC2)C(=O)c3ccccc3)cc1,CHEMBL3262805,IC50,5.4
5014812,COC(=O)C(Cc1c[nH]c2ccccc12)NS(=O)(=O)c3ccc(OC(C)C)cc3,CHEMBL2440405,IC50,5.41
5014823,CC[C@H](NC(=O)c1cc(ccc1NS(=O)(=O)c2ccc(C)cc2)C(=O)C)c3ccccc3,CHEMBL327334,IC50,5.42
5014834,COC(=O)CC(C(C(=O)N(C(C)C)C(C)C)c1ccccn1)c2cccnc2,CHEMBL386899,IC50,5.42
5014845,COC(=O)C[C@@H]([C@H](C(=O)N(C(C)C)C(C)C)c1cccnc1)c2ccccc2,CHEMBL385676,IC50,5.43
5014856,COc1ccc2c(c1)c(\C=N\NS(=O)(=O)c3ccc(C)cc3)cn2CC(=O)Nc4ccccc4,CHEMBL2440386,IC50,5.43
5014867,Clc1ccc(CCO[C@@H]2CCCC[C@H]2N3CCOCC3)cc1Cl,CHEMBL387935,IC50,5.44
5014878,COC(=O)C(Cc1c[nH]c2ccccc12)NS(=O)(=O)c3ccc(OCC(C)C)cc3,CHEMBL2440406,IC50,5.45
5014889,Clc1ccc(OCCN2CCN(CC(=O)Nc3ccccc3Cl)CC2)cc1,CHEMBL3262825,IC50,5.45
5014900,CC(C)CCNC(=O)c1ccccc1c2ccccc2CNC(=O)OC(C)(C)C,CHEMBL148258,IC50,5.46
5014911,CC[C@H](NC(=O)c1ccccc1NS(=O)(=O)c2cccc3ccccc23)c4ccccc4,CHEMBL94826,IC50,5.46
5014922,Cc1c(O)ccc2C(N(Cc3ccccc3c4ccc(F)c(F)c4)C(=O)c12)C(=O)NC(C)(C)C,CHEMBL3785370,IC50,5.46
4234905,O=C1Oc2cc3occc3c(OCCCCOc4ccccc4)c2C=C1,CHEMBL444449,IC50,5.46
5014936,CC(C)(C)NC(=O)C1N(Cc2ccccc2c3ccccc3)C(=O)c4ccccc14,CHEMBL3786542,IC50,5.47
5014947,CC(C)N(C(C)C)C(=O)C(C(CC(=O)NCC1CN(CCO1)c2ccccc2)c3ccccc3)c4cccnc4,CHEMBL385920,IC50,5.47
5014958,CCCCCCC(N1CCOCC1)C(O)(c2cccnc2)c3cccnc3,CHEMBL1088804,IC50,5.47
5014970,Cc1c(O)ccc2C(N(Cc3ccccc3c4ccccc4)C(=O)c12)C(=O)NC(C)(C)C,CHEMBL3785865,IC50,5.47
5014981,Clc1ccccc1OCCN2CCN(CC(=O)Nc3nccs3)CC2,CHEMBL3262835,IC50,5.47
5014992,CC(C)(C)NC(=O)C1N(Cc2ccccc2c3ccccc3)C(=O)c4ccc(cc14)C#N,CHEMBL3786868,IC50,5.48
5015003,CC(C)CCNC(=O)c1ccccc1c2ccccc2CNC(=O)Oc3ccccc3,CHEMBL144106,IC50,5.48
5015014,CC(C)C(N1CCOCC1)C(O)(c2ccccc2)c3ccccc3,CHEMBL1090793,IC50,5.49
5015025,CC(NC(=O)c1ccccc1NS(=O)(=O)c2ccc(C)cc2)c3ccccc3,CHEMBL97646,IC50,5.5
5015036,COc1ccc(cc1)S(=O)(=O)NCCc2cn(CC(=O)Nc3ccc(Cl)cc3)c4ccccc24,CHEMBL2440396,IC50,5.5
5015047,CCCS(=O)(=O)Nc1ccccc1C(=O)N[C@@H](CC)c2ccccc2,CHEMBL97828,IC50,5.51
5015058,CC(C)(C)NC(=O)C1N(Cc2ccccc2c3ccccc3)C(=O)c4cccc(O)c14,CHEMBL3787356,IC50,5.52
5015069,COc1ccc(cc1)S(=O)(=O)N[C@H]2[C@H](O)CCc3ccc(NC(=O)c4cccc(OC)c4)cc23,CHEMBL468943,IC50,5.52
5015080,CCCCC(N1CCOCC1)C(O)(c2cccnc2)c3cccnc3,CHEMBL1088803,IC50,5.54
4233895,CN1CCCCC1C(=O)NCC(C)(C)CN(C2=NS(=O)(=O)c3cc(F)ccc23)c4ccccc4,CHEMBL1290172,IC50,5.54
5015093,CC(C)CCNS(=O)(=O)c1cc(C(=O)NC2CCc3ccccc23)c(Cl)cc1Cl,CHEMBL97079,IC50,5.55
5015104,CCN1[C@H](CN(Cc2ccc(F)cc2)S(=O)(=O)c3cccc(c3)C#N)CCC1=O,CHEMBL3127399,IC50,5.55
5015115,CC[C@@H](NC(=O)c1ccccc1NS(=O)(=O)c2ccc(C)cc2)c3ccccc3,CHEMBL96144,IC50,5.57
5015298,CNC(=O)CC(C(C(=O)N(C(C)C)C(C)C)c1cccnc1)c2ccccc2,CHEMBL217473,IC50,5.57
5015309,Cc1c(O)ccc2C(N(Cc3ccccc3c4ccc(F)cc4)C(=O)c12)C(=O)NC(C)(C)C,CHEMBL3786775,IC50,5.57
5015320,Fc1ccc(CN(CC[C@@H]2CCC(=O)N2)S(=O)(=O)c3cccc(c3)C#N)cc1,CHEMBL3127397,IC50,5.57
5015331,O=P(NCc1cccnc1c2cccnc2)(c3ccccc3)c4ccccc4,CHEMBL2312932,IC50,5.57
4234226,CC(C)(CNC(=O)C1(N)CCCC1)CN(C2=NS(=O)(=O)c3cc(F)ccc23)c4ccccc4,CHEMBL1289638,IC50,5.58
5015344,COc1ccc(NC(=O)CN2CCN(CCOc3ccc(Cl)cc3)CC2)cc1,CHEMBL3262820,IC50,5.58
5015355,CC(C)CCNC(=O)c1ccccc1c2ccccc2CNS(=O)(=O)c3ccccc3,CHEMBL147971,IC50,5.59
5015366,CC(C)CCNC(=O)c1ncccc1c2ccccc2CNC(=O)OCc3ccccc3,CHEMBL144170,IC50,5.59
5015377,Fc1ccc(CN(C[C@@H]2CCC(=O)N2)S(=O)(=O)c3cccc(c3)C#N)cc1,CHEMBL3127416,IC50,5.59
1717023,COC(=O)C(Cc1c[nH]c2ccccc12)NS(=O)(=O)c3ccc(OC4CCCC4)cc3,CHEMBL2440407,IC50,5.62
5015389,C[C@@H](OC(=O)NCc1ccccc1c2ccccc2C(=O)NCCc3ccccn3)c4ccccc4,CHEMBL146771,IC50,5.62
5015400,Cl.CCCCN(CCCC)CCCOc1ccc(cc1)C(=O)c2c(CCCC)oc3ccc(NS(=O)(=O)C)cc23,CHEMBL1201729,IC50,5.63
5015411,FC(F)(F)Oc1ccc(OCCN2CCN(CC(=O)Nc3nccs3)CC2)cc1,CHEMBL3262833,IC50,5.64
5015422,O=P(NCc1ccccc1c2cccnc2)(c3ccccc3)c4ccccc4,CHEMBL2312924,IC50,5.64
4233929,CNC(=O)NCC(C)(C)CN(C1=NS(=O)(=O)c2cc(F)ccc12)c3ccccc3,CHEMBL1290738,IC50,5.65
1727118,COC(=O)C(Cc1c[nH]c2ccccc12)NS(=O)(=O)c3ccc(Br)cc3,CHEMBL2440410,IC50,5.65
5015437,OC(C(N1CCC1)c2ccccc2)(c3cccnc3)c4cccnc4,CHEMBL1090818,IC50,5.65
5015448,CN(C)CC(C)(C)CNC(=O)c1ccccc1c2ccccc2CNC(=O)OCc3ccccc3,CHEMBL147962,IC50,5.66
5015459,COc1ccc2C(N(Cc3ccccc3c4ccccc4)C(=O)c2c1C)C(=O)NC(C)(C)C,CHEMBL3785621,IC50,5.66
5015470,COc1ccc2c(c1)c(\C=N\NS(=O)(=O)c3ccc(C)cc3)cn2CC(=O)Nc4ccc(F)cc4F,CHEMBL2440388,IC50,5.66
5015481,Cc1ccc(cc1)S(=O)(=O)Nc2ccccc2C(=O)N(Cc3cccnc3)Cc4cccnc4,CHEMBL316494,IC50,5.66
5015492,Clc1ccc(CN(C[C@@H]2CCC(=O)N2)S(=O)(=O)c3cccc(c3)C#N)cc1,CHEMBL3127401,IC50,5.66
5015503,NC(=O)c1ccc(cc1)N(Cc2ccc(F)cc2)S(=O)(=O)c3ccccc3F,CHEMBL3127405,IC50,5.66
5015514,CC(C)C(N1CCOCC1)C(O)(c2cccnc2)c3cccnc3,CHEMBL1091879,IC50,5.67
5015525,CCC(=O)Oc1ccc(NC(=O)Cn2cc(\C=N\NS(=O)(=O)c3ccc(C)cc3)c4ccccc24)cc1,CHEMBL2440385,IC50,5.67
5015536,CC1=C(C(c2ccc(Cl)c(Cl)c2)n3nccc3N1)C(=O)N4CCCC4c5ccc(F)cc5,CHEMBL605576,IC50,5.68
5015547,CCN(Cc1ccccc1OC)C(=O)c2cnc3OC(C)(C)[C@@H](O)[C@H](NS(=O)(=O)c4ccc(CC)cc4)c3c2,CHEMBL258718,IC50,5.68
5015558,CC(C)(C)NC(=O)C1N(Cc2cc(F)ccc2c3ccc(F)cc3)C(=O)c4ccccc14,CHEMBL3785765,IC50,5.7
4234393,CC(C)(CNC(=O)C1(O)CCOCC1)CN(C2=NS(=O)(=O)c3cc(F)ccc23)c4ccccc4,CHEMBL1290063,IC50,5.7
4234327,CC(C)(CNC(=O)C1COCCN1)CN(C2=NS(=O)(=O)c3cc(F)ccc23)c4ccccc4,CHEMBL1290398,IC50,5.7
5015573,COc1ccc(cc1)S(=O)(=O)N(Cc2ccccc2)[C@H]3CCCC[C@@H]3O,CHEMBL3127395,IC50,5.7
5015584,COc1cccc(c1)S(=O)(=O)N(C[C@@H]2CCC(=O)N2)Cc3ccc(F)cc3,CHEMBL3127413,IC50,5.7
5015595,Fc1ccc(CN(Cc2ccccn2)S(=O)(=O)c3ccc(F)cc3)cc1,CHEMBL3127407,IC50,5.7
5015606,Cc1ccc(cc1)S(=O)(=O)N\N=C\c2cn(CC(=O)Nc3ccc(Cl)cc3)c4ccccc24,CHEMBL2440382,IC50,5.72
5015617,Cc1ccc(cc1)S(=O)(=O)Nc2ccccc2C(=O)N(CC3CC3)Cc4ccccc4,CHEMBL95335,IC50,5.72
5015628,O=P(N(CCCC#N)c1cccnc1)(c2ccccc2)c3ccccc3,CHEMBL2313228,IC50,5.72
5015639,COC(=O)CC(C(C(=O)N(C(C)C)C(C)C)c1cccnc1)c2ccccc2C#N,CHEMBL436956,IC50,5.75
5015650,Cc1ccc(cc1)S(=O)(=O)N\N=C\c2cn(CC(=O)Nc3cc(C)ccc3C)c4ccccc24,CHEMBL2440400,IC50,5.75
5015661,COc1ccc(NC(=O)Cn2cc(CCNS(=O)(=O)c3ccc(OC)cc3)c4ccccc24)cc1,CHEMBL2440395,IC50,5.76
5015672,C1CCN(CC1)[C@@H]([C@H](N2CCCCC2)c3ccccc3)c4ccccc4,CHEMBL2152523,IC50,5.77
5015683,CC(C)(C)NC(=O)C1N(Cc2ccc(F)cc2c3ccccc3)C(=O)c4ccccc14,CHEMBL3785335,IC50,5.77
5015694,CC[C@H](NC(=O)c1ccccc1NS(=O)(=O)CCC(C)C)c2ccccc2,CHEMBL96965,IC50,5.77
5015705,Cc1c(OCF)ccc2C(N(Cc3ccccc3c4ccccc4)C(=O)c12)C(=O)NC(C)(C)C,CHEMBL3786683,IC50,5.77
5015716,Cc1cccc(CNC(=O)OCc2ccccc2)c1c3c(C)cccc3C(=O)NCCc4ccccn4,CHEMBL148210,IC50,5.77
5015727,CC(C)(C)NC(=O)C1N(Cc2cc(F)ccc2c3ccccc3)C(=O)c4ccccc14,CHEMBL3787088,IC50,5.8
5015738,CC(C)N(C(C)C)C(=O)C(C(CC(=O)NCCSC(C)(C)C)c1ccccc1)c2cccnc2,CHEMBL216338,IC50,5.8
5015749,Cc1ccc(cc1)S(=O)(=O)Nc2ccccc2C(=O)NC(C3CC3)c4ccccc4,CHEMBL319775,IC50,5.8
5015760,O=P(N(c1cccnc1)c2cccnc2)(c3ccccc3)c4ccccc4,CHEMBL2313225,IC50,5.8
5015771,CCN(Cc1ccc(C)cc1)C(=O)c2cnc3OC(C)(C)[C@@H](O)[C@H](NS(=O)(=O)c4ccc(CC)cc4)c3c2,CHEMBL258719,IC50,5.81
5015782,CC(C)(C)NC(=O)C1N(Cc2ccccc2c3ccc(F)c(F)c3)C(=O)c4ccccc14,CHEMBL3786460,IC50,5.82
5015793,Cc1ccc(OCCN2CCN(CC2)C(=O)c3cccs3)cc1,CHEMBL3262798,IC50,5.82
5015804,Cc1ccc(cc1)S(=O)(=O)N\N=C\c2cn(CC(=O)Nc3ccc(OC(F)(F)F)cc3)c4ccccc24,CHEMBL2440403,IC50,5.82
1720282,FC(F)(F)Oc1ccc(CNC(=O)C2N(CCc3ccccn3)C(=O)c4ccccc24)cc1,CHEMBL2164389,IC50,5.82
5015817,Clc1ccc(OCCN2CCN(CC2)C(=O)c3cccs3)c(Cl)c1,CHEMBL3262803,IC50,5.83
5015828,CC(C)(C)NC(=O)C1N(Cc2ccc(F)cc2c3ccc(F)cc3)C(=O)c4ccccc14,CHEMBL3786519,IC50,5.85
4234050,Cn1cccc1CC(=O)NCC(C)(C)CN(C2=NS(=O)(=O)c3cc(F)ccc23)c4ccccc4,CHEMBL1290064,IC50,5.86
4234816,CC(C)(CNC(=O)C1(O)CC1)CN(C2=NS(=O)(=O)c3cc(F)ccc23)c4ccccc4,CHEMBL1289069,IC50,5.87
4234382,CC(C)(CNC(=O)c1cc[nH]c1)CN(C2=NS(=O)(=O)c3cc(F)ccc23)c4ccccc4,CHEMBL1289071,IC50,5.88
5015845,CC(C)N(C(C)C)C(=O)C(C(CNC(=O)C(N)Cc1ccccc1F)c2ccccc2)c3cccnc3,CHEMBL216262,IC50,5.88
5015856,C(Cc1cccc2ccccc12)O[C@@H]3CCCC[C@H]3N4CCOCC4,CHEMBL387671,IC50,5.89
5015867,CC(C)CCNC(=O)c1cccc(C)c1c2c(C)cccc2CNC(=O)OCc3ccccc3,CHEMBL147039,IC50,5.89
5015878,Cl.Cl.CCN1C(=O)C(C)(C)C(=O)N(C)c2cc(OCCCN(CCN3C=Cc4ccoc4C3=O)Cc5ccncc5)ccc12,CHEMBL3729985,IC50,5.89
5015888,O=P(N(Cc1ccccn1)Cc2ccccn2)(c3ccccc3)c4ccccc4,CHEMBL2313229,IC50,5.89
5015899,Cc1ccccc1OCCN2CCN(CC(=O)Nc3nccs3)CC2,CHEMBL3259850,IC50,5.91
5015910,CC(C)(CN1C(C(=O)NCC(F)F)c2ccccc2C1=O)c3ccc(F)cc3,CHEMBL3785427,IC50,5.92
5015921,CC(CN1C(C(=O)NCC(F)F)c2ccccc2C1=O)c3ccc(Cl)cc3,CHEMBL3787444,IC50,5.92
5015932,CCCCNC(=O)C1N(CC(C)(O)c2ccc(Cl)cc2)C(=O)c3ccccc13,CHEMBL3785721,IC50,5.92
4993532,COc1ccc(CC(=O)NCc2ccccc2c3ccccc3C(=O)NCc4ccc(F)cc4F)cc1,CHEMBL148342,IC50,5.92
5015945,Cc1c(OC(F)F)ccc2C(N(Cc3ccccc3c4ccccc4)C(=O)c12)C(=O)NC(C)(C)C,CHEMBL3785810,IC50,5.92
5015956,Cc1ccc(cc1)S(=O)(=O)Nc2ccccc2C(=O)N(Cc3occc3)Cc4nccn4C,CHEMBL98180,IC50,5.92
5015967,Fc1ccc(CNC(=O)c2ccccc2c3ccccc3CNC(=O)OCc4ccccc4)c(F)c1,CHEMBL147315,IC50,5.92
4234360,CC(=O)NCC(C)(C)CN(C1=NS(=O)(=O)c2cc(F)ccc12)c3ccccc3,CHEMBL1290619,IC50,5.93
5015980,CCCCNC(=O)C1N(CC(C)c2ccc(Cl)cc2)C(=O)c3ccccc13,CHEMBL3785486,IC50,5.96
5015991,CCOC(=O)C1=C(C)Nc2ccnn2C1c3cccc(Cl)c3Cl,CHEMBL481187,IC50,5.96
5016002,Cl.CCN1C(=O)C(C)(C)C(=O)N(C)c2cc(OCCCN(CCc3cccnc3)C(=O)c4ccccc4)ccc12,CHEMBL3729665,IC50,5.96
5016012,CC(C)(CN1C(C(=O)NCCCF)c2ccccc2C1=O)c3ccc(Cl)cc3,CHEMBL3785768,IC50,6.0
5016023,CCCN(c1cncnc1)P(=O)(c2ccccc2)c3ccccc3,CHEMBL2313230,IC50,6.0
5016034,C[C@@H](CC(=O)NCc1ccccc1c2ccccc2C(=O)NCCc3ccccn3)c4ccccc4,CHEMBL144107,IC50,6.0
5016045,CC1=C(C(c2ccc(Cl)c(Cl)c2)n3nccc3N1)C(=O)N4CCC4,CHEMBL518717,IC50,6.01
5016056,CC1=C(C(c2ccc(Cl)c(Cl)c2)n3nccc3N1)c4nc5ccc(C)cc5n4C,CHEMBL569493,IC50,6.01
5016067,Cl.CCN1C(=O)C(C)(C)C(=O)N(C)c2cc(OCCCN(CCc3cccnc3)S(=O)(=O)c4ccccc4)ccc12,CHEMBL3727860,IC50,6.01
5016077,O=C(CN1CCN(CCOc2ccc(cc2)C#N)CC1)Nc3nccs3,CHEMBL3262836,IC50,6.01
4234794,CC(C)(CNC(=O)C1CCOCC1(C)C)CN(C2=NS(=O)(=O)c3cc(F)ccc23)c4ccccc4,CHEMBL1289968,IC50,6.02
5016090,CCCN(c1cccc(c1)S(=O)(=O)C)P(=O)(c2ccccc2)c3ccccc3,CHEMBL2312921,IC50,6.03
5016101,CCN(C(=O)c1cnc2OC(C)(C)[C@@H](O)[C@H](NS(=O)(=O)c3ccc(CC)cc3)c2c1)c4cc(F)ccc4F,CHEMBL258802,IC50,6.04
4234882,CC(C)(CNC(=O)c1cocn1)CN(C2=NS(=O)(=O)c3cc(F)ccc23)c4ccccc4,CHEMBL1290739,IC50,6.05
5016114,CCCCNC(=O)C1N(CC(C)c2ccc(F)cc2)C(=O)c3ccccc13,CHEMBL3785933,IC50,6.05
5016125,COc1ccc(CCN2C(SCC2=O)c3ccc(C)c(C)c3)cc1,CHEMBL289939,IC50,6.05
5016136,COc1ccc(CCN2[C@H](CN(NS(=O)(=O)CF)C2=O)c3ccc(OC)cc3)cc1,CHEMBL571039,IC50,6.05
5016147,CCc1ccc(cc1)S(=O)(=O)N[C@H]2[C@H](O)Cc3cccc(NC(=O)c4cccc(OC)c4)c23,CHEMBL391488,IC50,6.06
5016158,CN(C)C(c1ccccc1)C(O)(c2cccnc2)c3cccnc3,CHEMBL1090817,IC50,6.07
4235336,CC(C)(CNC(=O)C1CCCO1)CN(C2=NS(=O)(=O)c3cc(F)ccc23)c4ccccc4,CHEMBL1289744,IC50,6.08
5016171,CC1=C(C(c2cc(Cl)ccc2Cl)n3nccc3N1)C(=O)N4CCN(CC4)c5ccc(F)cc5,CHEMBL464068,IC50,6.09
5016182,CN1[C@H](CN(Cc2ccc(F)cc2)S(=O)(=O)c3cccc(c3)C#N)CCC1=O,CHEMBL3127398,IC50,6.09
5016193,Cc1ccc(cc1)S(=O)(=O)N\N=C\c2cn(CC(=O)Nc3ccccc3)c4ccccc24,CHEMBL2440398,IC50,6.09
4235191,CC(C)(CNC(=O)C1(N)CC1)CN(C2=NS(=O)(=O)c3cc(F)ccc23)c4ccccc4,CHEMBL1289298,IC50,6.1
5016206,CC(C)CCNC(=O)c1ccccc1c2ccccc2CNC(=O)OCc3ccccc3,CHEMBL147381,IC50,6.1
5016217,Fc1ccc(CN(C[C@@H]2CCC(=O)N2)S(=O)(=O)c3cccc(Cl)c3)cc1,CHEMBL3127411,IC50,6.1
4234305,CC(C)(CNC(=O)CC1CCCCO1)CN(C2=NS(=O)(=O)c3cc(F)ccc23)c4ccccc4,CHEMBL1289851,IC50,6.11
5016230,CC(C)(CNc1noc2ccccc12)c3ccccc3,CHEMBL3298141,IC50,6.11
5016241,CCN(C(=O)c1cnc2OC(C)(C)[C@@H](O)[C@H](NS(=O)(=O)c3ccc(CC)cc3)c2c1)c4cccc(C)c4,CHEMBL408935,IC50,6.11
5016252,CCOc1ccc(CCN2[C@H](CN(NS(=O)(=O)C)C2=O)c3ccc(OC)cc3)cc1,CHEMBL570805,IC50,6.11
5016263,CC(C)N(C(C)C)C(=O)C(C(CNC(=O)NCc1ccccc1Cl)c2ccccc2)c3cccnc3,CHEMBL386556,IC50,6.12
5016274,CCc1ccc(cc1)S(=O)(=O)N[C@@H]2[C@@H](O)Cc3ccc(NC(=O)c4cccc(OC)c4)cc23,CHEMBL391455,IC50,6.12
5016285,Cl.Cl.CCN1C(=O)C(C)(C)C(=O)N(C)c2cc(OCCCN(CCN3C=Cc4occc4C3=O)Cc5ccc(C)nc5C)ccc12,CHEMBL3730396,IC50,6.12
5016295,CC1=C(C(c2ccc(C)c(C)c2)n3nccc3N1)C(=O)N4CCN(CC4)c5ccc(F)cc5,CHEMBL480796,IC50,6.13
5016306,CC1=C(C(c2ccc(Cl)c(Cl)c2)n3nccc3N1)c4nc5ccccc5s4,CHEMBL584937,IC50,6.13
5016317,CCCNC(c1cccnc1)P(=O)(c2ccccc2)c3ccccc3,CHEMBL2312928,IC50,6.13
5016328,Cc1ccc(cc1)S(=O)(=O)N\N=C\c2cn(CC(=O)Nc3ccccc3Cl)c4ccccc24,CHEMBL2440383,IC50,6.13
4235247,CC(C)(CNC(=O)C1(O)CCCC1)CN(C2=NS(=O)(=O)c3cc(F)ccc23)c4ccccc4,CHEMBL1289531,IC50,6.14
5016341,CC1=C([C@@H](c2ccc(Cl)c(Cl)c2)n3nc(C)cc3N1)c4ncn(n4)c5ccccc5C,CHEMBL2332461,IC50,6.14
5016352,Clc1ccc(OCCN2CCN(CC2)C(=O)c3cccs3)cc1,CHEMBL3262802,IC50,6.14
5016363,CCc1ccc(cc1)S(=O)(=O)N[C@H]2[C@H](O)CCc3ccc(NC(=O)c4cccc(Cl)c4)cc23,CHEMBL512460,IC50,6.15
5016374,COC(=O)CC(C(C(=O)N(C(C)C)C(C)C)c1cccnc1)c2cccnc2,CHEMBL216310,IC50,6.15
5016385,CCCNC(=O)C1N(CC(C)c2ccc(Cl)cc2)C(=O)c3ccccc13,CHEMBL3786344,IC50,6.16
5016396,Cc1ccc(cc1)S(=O)(=O)Nc2ccccc2C(=O)N(Cc3ccccc3)Cc4cccnc4,CHEMBL316302,IC50,6.16
5016407,Cc1ccc(cc1)S(=O)(=O)Nc2ccccc2C(=O)N(Cc3ccccc3)Cc4nccn4C,CHEMBL95368,IC50,6.16
5016418,Cl.Cl.CN(CCN(CCCOc1ccc2N(C)C(=O)C(C)(C)C(=O)N(C)c2c1)Cc3ccncc3)C(=O)c4ccccc4,CHEMBL3729169,IC50,6.16
4234149,O=C(NCc1ccccc1c2ccccc2C(=O)NCCc3ccccn3)OCc4ccccc4,CHEMBL148159,IC50,6.16
5016430,CC1=C(C(c2ccc(Cl)c(Cl)c2)n3nccc3N1)C(=O)N4CCCC4,CHEMBL465276,IC50,6.18
5016441,CC1=C(C(c2ccc(Cl)c(Cl)c2)n3nccc3N1)C(=O)N4CCCC4c5ccccn5,CHEMBL601456,IC50,6.18
5016452,CC1=C(C(c2ccc(Cl)c(Cl)c2)n3nccc3N1)c4nc5ccc(Cl)cc5n4C,CHEMBL567024,IC50,6.18
5016463,CC1=C(C(c2ccc3ccccc3c2)n4nccc4N1)C(=O)N5CCN(CC5)c6ccc(F)cc6,CHEMBL467631,IC50,6.19
5016474,CCN(C(=O)c1cnc2OC(C)(C)[C@@H](O)[C@H](NS(=O)(=O)c3ccc(CC)cc3)c2c1)c4cccc(Cl)c4,CHEMBL407161,IC50,6.19
5016485,CCc1ccc(cc1)S(=O)(=O)N[C@H]2[C@H](O)CCc3ccc(NC(=O)c4cc(OC)cc(OC)c4)cc23,CHEMBL467672,IC50,6.19
4235314,CC(C)(CNC(=O)C1(O)CCC(F)(F)CC1)CN(C2=NS(=O)(=O)c3cc(F)ccc23)c4ccccc4,CHEMBL1289743,IC50,6.2
5016498,CCN(Cc1c(F)cccc1Cl)C(=O)c2cnc3OC(C)(C)[C@@H](O)[C@H](NS(=O)(=O)c4ccc(CC)cc4)c3c2,CHEMBL258934,IC50,6.21
5016509,COCCN(c1cccnc1)P(=O)(c2ccccc2)c3ccccc3,CHEMBL2313227,IC50,6.21
5016520,C1CCN(C1)[C@@H]([C@H](N2CCCC2)c3ccccc3)c4ccccc4,CHEMBL2152525,IC50,6.22
5016531,CC(C)(CN1C(C(=O)NCCCC(F)F)c2ccccc2C1=O)c3ccc(F)cc3,CHEMBL3785198,IC50,6.22
5016542,CC1=C([C@@H](c2ccc(Cl)c(Cl)c2)n3nc(cc3N1)C(F)(F)F)c4ncnn4C5CCC(CC5)C(F)(F)F,CHEMBL2331983,IC50,6.22
5016553,CCN(Cc1ccc(OC)cc1)C(=O)c2cnc3OC(C)(C)[C@@H](O)[C@H](NS(=O)(=O)c4ccc(CC)cc4)c3c2,CHEMBL259666,IC50,6.22
5016565,CC[C@H](NC(=O)c1ccccc1NS(=O)(=O)c2ccc(OC)cc2)c3ccccc3,CHEMBL327816,IC50,6.22
5016576,CC[C@H](NC(=O)c1ccccc1NS(=O)(=O)c2cccc3cccnc23)c4ccccc4,CHEMBL273418,IC50,6.22
5016587,CCc1ccc(cc1)S(=O)(=O)N[C@H]2[C@H](O)CCc3ccc(NC(=O)NCc4ccccc4)cc23,CHEMBL466858,IC50,6.22
5016598,COc1ccc(CCN2C(CN(NS(=O)(=O)C)C2=O)c3ccc(C)c(C)c3)cc1,CHEMBL585163,IC50,6.22
5016609,COc1ccc(CCN2[C@H](CN(NS(=O)(=O)Cc3cccnc3)C2=O)c4ccc(OC)cc4)cc1,CHEMBL568957,IC50,6.22
5016620,CC(C)N(C(C)C)C(=O)C(C(CC(=O)NCCCc1ccccc1)c2ccccc2)c3cccnc3,CHEMBL439539,IC50,6.23
5016631,CCCCCNC(=O)C1=C(C)Nc2ccnn2C1c3ccc(Cl)c(Cl)c3,CHEMBL480611,IC50,6.23
5016642,CCCN(c1ccon1)P(=O)(c2ccccc2)c3ccccc3,CHEMBL2312918,IC50,6.23
5016653,CCc1ccc(cc1)S(=O)(=O)N[C@H]2CCCc3ccc(NC(=O)c4cccc(OC)c4)cc23,CHEMBL513486,IC50,6.23
1730510,COCCN(C)C(c1ccccc1)C(O)(c2cccnc2)c3cccnc3,CHEMBL1092574,IC50,6.23
5016666,CCCCCN(CCCCC)C(=O)C1=C(C)Nc2ccnn2C1c3ccc(Cl)c(Cl)c3,CHEMBL517025,IC50,6.24
5016677,Cl.Cl.Cl.CCCN1C(=O)C(C)(C)C(=O)N(C)c2cc(OCCCN(CCc3cccnc3)Cc4ccncc4)ccc12,CHEMBL3729766,IC50,6.24
5016687,Cl.Cl.Cl.CCN1C(=O)C(C)(C)C(=O)N(CC)c2cc(OCCCN(CCc3cccnc3)Cc4ccncc4)ccc12,CHEMBL3732894,IC50,6.24
4235391,CC(C)(CNC(=O)C1(CCOCC1)C#N)CN(C2=NS(=O)(=O)c3cc(F)ccc23)c4ccccc4,CHEMBL1289969,IC50,6.25
5016699,COc1ccc(CCCN2[C@@H](CN(NS(=O)(=O)C)C2=O)c3ccc(OC)cc3)cc1,CHEMBL570360,IC50,6.25
4235347,CC(C)(CNC(=O)C1(CC1)C#N)CN(C2=NS(=O)(=O)c3cc(F)ccc23)c4ccccc4,CHEMBL1289299,IC50,6.27
5016712,CC1=C(C(c2ccc(Cl)c(Cl)c2)n3nccc3N1)c4nc5cc(ccc5n4C)C(F)(F)F,CHEMBL585353,IC50,6.27
5016723,CC1=C(C(c2cccc(C)c2)n3nccc3N1)C(=O)N4CCN(CC4)c5ccc(F)cc5,CHEMBL465125,IC50,6.27
5016734,COc1ccc(CC(=O)N2CCSC2c3ccc(C)c(C)c3)cc1,CHEMBL216496,IC50,6.27
5016745,Cl.Cl.Cl.CN1C(=O)C(C)(C)C(=O)N(C)c2cc(OCCCN(CCc3cccnc3)Cc4ccncc4)ccc12,CHEMBL3728509,IC50,6.27
4272498,O=P(NCc1cccnc1c2cccc(c2)C#N)(c3ccccc3)c4ccccc4,CHEMBL2312930,IC50,6.27
1724619,COc1ccc(cc1)[C@H]2CN(NS(=O)(=O)C)C(=O)N2CCc3ccc(OC(F)(F)F)cc3,CHEMBL583047,IC50,6.28
4235147,Cn1ccnc1C(=O)NCC(C)(C)CN(C2=NS(=O)(=O)c3cc(F)ccc23)c4ccccc4,CHEMBL1289070,IC50,6.28
4272476,O=P(N(Cc1ccccn1)c2cccnc2)(c3ccccc3)c4ccccc4,CHEMBL2313226,IC50,6.28
5016763,CC1=C(C(c2ccc(Cl)c(Cl)c2)n3nccc3N1)c4nc5ccccc5[nH]4,CHEMBL569268,IC50,6.29
5016774,CCc1ccc(cc1)S(=O)(=O)N[C@H]2[C@H](O)C(C)(C)Oc3ccc(cc23)S(=O)(=O)NCCc4ccccc4,CHEMBL390128,IC50,6.29
5016785,COc1ccc2c(c1)c(\C=N\NS(=O)(=O)c3ccc(C)cc3)cn2CC(=O)Nc4ccc(Cl)cc4,CHEMBL2440387,IC50,6.29
1730343,OC(C(N1CCCOCC1)c2ccccc2)(c3cccnc3)c4cccnc4,CHEMBL1091163,IC50,6.29
5016798,CC(C)N(C(C)C)C(=O)C(C(CNC(=O)CCc1ccccc1Cl)c2ccccc2)c3cccnc3,CHEMBL373704,IC50,6.3
5016810,CC(C)[C@@H]1CC[C@@H](C)C[C@@H]1P(=O)(c2ccccc2)c3ccccc3,CHEMBL1088844,IC50,6.3
5016821,CCN1C(=O)C(C)(C)C(=O)N(C)c2cc(OCCCN(CCN3C=Cc4sccc4C3=O)Cc5cccnc5C)ccc12,CHEMBL3729707,IC50,6.3
5016831,CC[C@H](NC(=O)c1cc(OC)ccc1NS(=O)(=O)c2ccc(C)cc2)c3ccccc3,CHEMBL318879,IC50,6.3
5016842,Cc1ccc(cc1)S(=O)(=O)Nc2ccccc2C(=O)N(Cc3ccccc3)Cc4cc[nH]n4,CHEMBL319310,IC50,6.3
4235457,CC(C)(CNC(=O)C1CC1)CN(C2=NS(=O)(=O)c3cc(F)ccc23)c4ccccc4,CHEMBL1289068,IC50,6.31
5016855,CC(C)N(C(C)C)C(=O)C(C(CNC(=O)N[C@@H](C)c1ccccc1)c2ccccc2)c3cccnc3,CHEMBL216254,IC50,6.31
5016866,CCCNC(=O)C1=C(C)Nc2ccnn2C1c3ccc(Cl)c(Cl)c3,CHEMBL447625,IC50,6.31
4235512,CC(C)(CNC(=O)C(C)(O)C(F)(F)F)CN(C1=NS(=O)(=O)c2cc(F)ccc12)c3ccccc3,CHEMBL1289419,IC50,6.32
5016879,CC1=C(C(c2ccc(Cl)c(Cl)c2)n3nccc3N1)C(=O)N4CCC[C@H]4c5nnn(C)n5,CHEMBL601035,IC50,6.32
399407,COc1ccc(CCN2[C@@H](CN(NS(=O)(=O)C)C2=O)c3ccc(OC)cc3)cc1,CHEMBL569185,IC50,6.32
4235402,CC(C)(CNC(=O)c1ncccc1O)CN(C2=NS(=O)(=O)c3cc(F)ccc23)c4ccccc4,CHEMBL1289301,IC50,6.34
5016894,CCN1C(=O)C(C)(C)C(=O)N(C)c2cc(OCCCN(CCN3C=Cc4occc4C3=O)Cc5cnccc5C)ccc12,CHEMBL3730543,IC50,6.34
4235358,CC(C)(CNC(=O)C1(O)CCCCC1)CN(C2=NS(=O)(=O)c3cc(F)ccc23)c4ccccc4,CHEMBL1289639,IC50,6.35
5016906,CCc1ccc(cc1)S(=O)(=O)N[C@H]2[C@H](O)CCc3ccc(NC(=O)c4ccc(OC)cc4)cc23,CHEMBL467041,IC50,6.35
5016917,CCc1ccc(cc1)S(=O)(=O)N[C@H]2[C@H](O)CCc3ccc(NC(=O)c4ccccc4OC)cc23,CHEMBL467040,IC50,6.35
4235059,CC(C)(CNC(=O)C1CCCCO1)CN(C2=NS(=O)(=O)c3cc(F)ccc23)c4ccccc4,CHEMBL1289850,IC50,6.36
5016930,CC1=C(C(c2ccc(Cl)cc2)n3nccc3N1)C(=O)N4CCN(CC4)c5ccc(F)cc5,CHEMBL465939,IC50,6.36
5016941,CCCCNC(=O)C1=C(C)Nc2ccnn2C1c3ccc(Cl)c(Cl)c3,CHEMBL481396,IC50,6.36
5016952,CCN(CC)C(=O)C1=C(C)Nc2ccnn2C1c3ccc(Cl)c(Cl)c3,CHEMBL519762,IC50,6.36
5016963,CCN1C(=O)C(C)(C)C(=O)N(C)c2cc(OCCCN(CCN3C=Cc4occc4C3=O)Cc5cccnc5C)ccc12,CHEMBL3731925,IC50,6.36
5016973,CCc1ccc(cc1)S(=O)(=O)N[C@H]2[C@H](O)CCc3ccc(NC(=O)c4cccc(OC)c4)cc23,CHEMBL239807,IC50,6.36
5016984,Cl.Cl.CCN1C(=O)C(C)(C)C(=O)N(C)c2cc(OCCCN(CCN3C=Cc4oc(C)cc4C3=O)Cc5ccncc5)ccc12,CHEMBL3730746,IC50,6.36
5016994,CC(C)N(C(C)C)C(=O)C(C(CC(=O)NCc1ccccc1F)c2ccccc2)c3cccnc3,CHEMBL217251,IC50,6.37
5017005,CCc1ccc(cc1)S(=O)(=O)N[C@H]2[C@H](O)CCc3ccc(NC(=O)C#Cc4ccccc4)cc23,CHEMBL467479,IC50,6.37
5017016,COc1cccc(c1)C(=O)Nc2ccc3CC[C@@H](O)[C@H](NS(=O)(=O)c4ccc(cc4)C(C)C)c3c2,CHEMBL512964,IC50,6.37
5017027,CC1=C(C(c2cc(C)cc(C)c2)n3nccc3N1)C(=O)N4CCN(CC4)c5ccc(F)cc5,CHEMBL480990,IC50,6.38
5017038,CC1=C(C(c2ccc(Cl)c(Cl)c2)n3nc(cc3N1)C(F)(F)F)C(=O)N4CCN(CC4)c5ccc(F)cc5,CHEMBL2042149,IC50,6.38
5017049,CCN1C(=O)C(C)(C)C(=O)N(C)c2cc(OCCCN(CCN3C=Cc4sccc4C3=O)Cc5cccnc5)ccc12,CHEMBL3728819,IC50,6.38
4235611,CC(C)(CNC(=O)c1occc1)CN(C2=NS(=O)(=O)c3cc(F)ccc23)c4ccccc4,CHEMBL1290509,IC50,6.39
5017061,CC(C)N(C(C)C)C(=O)C(C(CC(=O)NCCc1ccccc1)c2ccccc2)c3cccnc3,CHEMBL384706,IC50,6.39
5017072,CC1=C([C@@H](c2ccc(Cl)c(Cl)c2)n3nc(cc3N1)C(F)(F)F)c4ncnn4c5cc(C)ccn5,CHEMBL2332445,IC50,6.39
5017083,C[C@H](OC(=O)NCc1ccccc1c2cccnc2C(=O)NCC3CC3)c4ccccc4,CHEMBL148356,IC50,6.4
5017094,Cc1ccc(cc1)S(=O)(=O)N[C@H]2[C@H](O)C(C)(C)Oc3ccc(cc23)C(=O)NCCc4ccccc4,CHEMBL228441,IC50,6.4
5017105,Cl.Cl.Cl.CCN1C(=O)C(C)(C)C(=O)N(C)c2cc(OCCCN(CCc3cccnc3)Cc4ccncc4)ccc12,CHEMBL3731323,IC50,6.4
5017115,CC1=C([C@@H](c2ccc(Cl)c(Cl)c2)n3nc(cc3N1)C(F)(F)F)c4ncnn4c5ccc(C)cn5,CHEMBL2332446,IC50,6.41
5017126,CCN1C(=O)C(C)(C)C(=O)N(C)c2cc(OCCCN(CCN3C=Cc4occc4C3=O)Cc5cccnc5)ccc12,CHEMBL3730145,IC50,6.41
5017136,CCN(C(=O)c1cnc2OC(C)(C)[C@@H](O)[C@H](NS(=O)(=O)c3ccc(CC)cc3)c2c1)c4ccccc4,CHEMBL406415,IC50,6.42
5017147,CCN1C(=O)C(C)(C)C(=O)N(C)c2cc(OCCCN(CCN3C=Cc4ccsc4C3=O)Cc5ccncc5)ccc12,CHEMBL3732294,IC50,6.42
4235600,CC(C)(CNC(=O)C1(C)CC1)CN(C2=NS(=O)(=O)c3cc(F)ccc23)c4ccccc4,CHEMBL1289417,IC50,6.43
4235667,COc1cnccc1C(=O)NCC(C)(C)CN(C2=NS(=O)(=O)c3cc(F)ccc23)c4ccccc4,CHEMBL1289300,IC50,6.43
4235744,CC(C)(CNC(=O)c1cocc1)CN(C2=NS(=O)(=O)c3cc(F)ccc23)c4ccccc4,CHEMBL1290510,IC50,6.44
5017163,CC(C)N(C(C)C)C(=O)C(C(CNC(=O)NCc1ccc(Br)cc1)c2ccccc2)c3cccnc3,CHEMBL386975,IC50,6.44
5017174,CCN1C(=O)C(C)(C)C(=O)N(C)c2cc(OCCCN(CCN3C=Cc4ccccc4C3=O)S(=O)(=O)c5ccccc5)ccc12,CHEMBL3731879,IC50,6.44
5017184,CC(C)N(C(C)C)C(=O)C(C(CNC(=O)NCc1ccc(F)cc1)c2ccccc2)c3cccnc3,CHEMBL385249,IC50,6.45
4235567,CC(C)(CNC(=O)c1cnccn1)CN(C2=NS(=O)(=O)c3cc(F)ccc23)c4ccccc4,CHEMBL1289188,IC50,6.46
5017197,CCc1ccc(cc1)S(=O)(=O)N[C@H]2[C@H](O)CCc3ccc(NC(=O)[C@H]4C[C@@H]4c5ccccc5)cc23,CHEMBL512242,IC50,6.46
4235446,CC(C)(CNC(=O)n1cccc1)CN(C2=NS(=O)(=O)c3cc(F)ccc23)c4ccccc4,CHEMBL1290618,IC50,6.47
5017210,CC(C)N(C(C)C)C(=O)C(C(CNC(=O)NCc1cccc(F)c1)c2ccccc2)c3cccnc3,CHEMBL385662,IC50,6.47
5017221,CCc1ccc(cc1)S(=O)(=O)N[C@H]2[C@H](O)CCc3ccc(NC(=O)c4ccc(Cl)cc4)cc23,CHEMBL467671,IC50,6.47
1727797,COc1ccc(CCN2[C@H](CN(NS(=O)(=O)Cc3ccccc3)C2=O)c4ccc(OC)cc4)cc1,CHEMBL569628,IC50,6.47
5017234,Cc1cccc(c1)S(=O)(=O)N[C@H]2[C@H](O)C(C)(C)Oc3ccc(cc23)C(=O)NCCc4ccccc4,CHEMBL228491,IC50,6.47
5017245,CCN1C(=O)C(C)(C)C(=O)N(C)c2cc(OCCCN(CCN3C=Cc4oc(C)cc4C3=O)Cc5cnccc5C)ccc12,CHEMBL3733333,IC50,6.48
5017255,COc1ccc(CCN2[C@H](CN(NS(=O)(=O)C)C2=O)c3ccc(OC)cc3)cc1,CHEMBL569184,IC50,6.48
4272509,Clc1cccc(c1)c2ncccc2CNP(=O)(c3ccccc3)c4ccccc4,CHEMBL2312929,IC50,6.48
5017268,COC(=O)CC(C(C(=O)N(C(C)C)C(C)C)c1cccc(c1)C#N)c2cccnc2,CHEMBL386226,IC50,6.49
4235843,CC(C)(CNC(=O)C1(CCC1)C(F)(F)F)CN(C2=NS(=O)(=O)c3cc(F)ccc23)c4ccccc4,CHEMBL1289530,IC50,6.5
4235777,CC(C)(CNC(=O)C1CC1(F)F)CN(C2=NS(=O)(=O)c3cc(F)ccc23)c4ccccc4,CHEMBL1289416,IC50,6.5
5017283,CCc1ccc(cc1)S(=O)(=O)N(CC(C)C)[C@H]2[C@H](O)C(C)(C)Oc3ccc(cc23)C(=O)NCCc4ccccc4,CHEMBL396551,IC50,6.5
5017294,CCc1ccc(cc1)S(=O)(=O)N[C@H]2[C@H](O)C(C)(C)Oc3ccc(cc23)C(=O)Nc4ccc(Br)cc4,CHEMBL259118,IC50,6.5
5017305,CC1=C(C(c2ccc(Cl)c(Cl)c2)n3nccc3N1)C(=O)N4CCCC4c5ccncc5,CHEMBL601247,IC50,6.51
5017316,CCCCN(CCCC)C(=O)C1=C(C)Nc2ccnn2C1c3ccc(Cl)c(Cl)c3,CHEMBL520917,IC50,6.51
5017327,Cl.Cl.CCCc1ncccc1CN(CCCOc2ccc3N(CC)C(=O)C(C)(C)C(=O)N(C)c3c2)CCN4C=Cc5oc(C)cc5C4=O,CHEMBL3730685,IC50,6.51
5017337,C1CCN(C1)[C@H]([C@@H](N2CCCC2)c3ccccc3)c4ccccc4,CHEMBL2152524,IC50,6.52
5017348,CC(C)C[C@H](NC(=O)c1ccccc1c2ccccc2CNC(=O)OCc3ccccc3)C(=O)N,CHEMBL146482,IC50,6.52
5017359,CC1=C(C(c2ccc(Cl)c(Cl)c2)n3nccc3N1)C(=O)N4CCC[C@H]4c5nc(C)c(C)s5,CHEMBL606204,IC50,6.52
5017370,CCc1ccc(cc1)S(=O)(=O)N[C@H]2[C@@H](O)Cc3ccc(NC(=O)c4cccc(OC)c4)cc23,CHEMBL398397,IC50,6.52
5017381,CCc1ccc(cc1)S(=O)(=O)N[C@H]2[C@H](O)CCc3ccc(NC(=O)[C@H]4CCCN4Cc5cccc(OC)c5)cc23,CHEMBL494025,IC50,6.52
5017391,C[C@H](CC(=O)NCc1ccccc1c2ccccc2C(=O)NCCc3ccccn3)c4ccccc4,CHEMBL144174,IC50,6.52
5017402,CC(C)N(C(C)C)C(=O)C(C(CNC(=O)NCCc1ccccc1)c2ccccc2)c3cccnc3,CHEMBL385960,IC50,6.53
4235169,CC(C)(CNC(=O)c1cscn1)CN(C2=NS(=O)(=O)c3cc(F)ccc23)c4ccccc4,CHEMBL1290621,IC50,6.54
5017415,CC1=C(C(c2ccc(Cl)c(Cl)c2)n3nccc3N1)c4nc5ccc(F)cc5n4C,CHEMBL566811,IC50,6.54
5017426,CCN1C(=O)C(C)(C)C(=O)N(C)c2cc(OCCCN(CCc3cccnc3)Cc4ccccc4)ccc12,CHEMBL3729664,IC50,6.54
5017436,CCc1ccc(cc1)S(=O)(=O)N[C@H]2[C@H](O)C(C)(C)Oc3ccc(NC(=O)c4cccc(OC)c4)cc23,CHEMBL231203,IC50,6.54
5017447,CCc1ccc(cc1)S(=O)(=O)N[C@H]2[C@H](O)CCc3ccc(NC(=O)[C@H]4CCCN4Cc5cccc(OC(F)(F)F)c5)cc23,CHEMBL475630,IC50,6.54
5017458,CC(C)N(C(C)C)C(=O)C(C(CNC(=O)N[C@H](C)c1ccccc1)c2ccccc2)c3cccnc3,CHEMBL216436,IC50,6.55
5017469,CC1=C(C(c2ccc(Cl)cc2Cl)n3nccc3N1)C(=O)N4CCN(CC4)c5ccc(F)cc5,CHEMBL464067,IC50,6.55
5017480,CC1=C([C@@H](c2ccc(Cl)c(Cl)c2)n3nc(cc3N1)C(C)(C)C)c4ncnn4C5CCC5,CHEMBL2331998,IC50,6.55
5017491,CC1=C([C@@H](c2nc3ccccc3s2)n4nc(cc4N1)C(F)(F)F)C(=O)N5CCC[C@H]5c6onc(C)c6,CHEMBL2042160,IC50,6.55
5017502,CCc1ccc(cc1)S(=O)(=O)N(Cc2c[nH]cn2)[C@H]3[C@H](O)C(C)(C)Oc4ccc(cc34)C(=O)NCCc5ccccc5,CHEMBL230775,IC50,6.55
5017513,CCc1ccc(cc1)S(=O)(=O)N[C@H]2CCCc3ccc(NC(=O)CCc4ccccc4)cc23,CHEMBL513656,IC50,6.55
5017525,CCc1ccc(cc1)S(=O)(=O)N[C@H]2[C@H](O)C(C)(C)Oc3ccc(cc23)C(=O)N(C)c4ccccc4,CHEMBL388538,IC50,6.55
5017536,Cl.Cl.Cl.CCN1C(=O)C(C)(C)C(=O)N(C)c2cc(OCCCN(CCc3cccnc3)Cc4ccncc4C)ccc12,CHEMBL3729196,IC50,6.55
5017546,OC(C(N1CCCC1)c2ccccc2)(c3cccnc3)c4cccnc4,CHEMBL1089159,IC50,6.55
4235733,CC(C)(CNC(=O)CC(F)(F)F)CN(C1=NS(=O)(=O)c2cc(F)ccc12)c3ccccc3,CHEMBL1290737,IC50,6.57
5017559,CCN1C(=O)C(C)(C)C(=O)N(C)c2cc(OCCCN(CCN3C=Cc4ccccc4C3=O)Cc5occc5)ccc12,CHEMBL3729281,IC50,6.57
5017569,CC(C)(CNc1noc2cccc(O)c12)c3ccccc3,CHEMBL3298146,IC50,6.58
5017580,COC(=O)CC(C(C(=O)N(C(C)C)C(C)C)c1ccccc1)c2cccnc2,CHEMBL384974,IC50,6.58
5017591,COC(=O)C[C@H]([C@H](C(=O)N(C(C)C)C(C)C)c1cccnc1)c2ccccc2,CHEMBL383874,IC50,6.58
5017602,CC1=C([C@@H](c2ccc(Cl)c(Cl)c2)n3nc(cc3N1)C(F)(F)F)c4ncnn4c5cccc(F)n5,CHEMBL2332442,IC50,6.59
5017613,CCc1ccc(cc1)S(=O)(=O)N[C@@H]2[C@@H](O)C(C)(C)Oc3ccc(cc23)C(=O)N4CCC[C@H]4CNc5c(C)cccc5C,CHEMBL389891,IC50,6.59
5017624,CCc1ccc(cc1)S(=O)(=O)N[C@H]2[C@H](O)C(C)(C)Oc3ccc(cc23)C(=O)NCCc4ccccc4,CHEMBL228329,IC50,6.59
5017635,CCc1ccc(cc1)S(=O)(=O)N[C@H]2[C@H](O)C(C)(C)Oc3ccc(cc23)C(=O)Nc4ccccc4,CHEMBL231300,IC50,6.59
5017646,COc1ccc(CNC(=O)NCC(C(C(=O)N(C(C)C)C(C)C)c2cccnc2)c3ccccc3)cc1,CHEMBL384095,IC50,6.59
5017657,OC(C(N1CCOCC1)c2ccccc2)(c3cccnc3)c4cccnc4,CHEMBL1090794,IC50,6.59
5017668,CC(C)N(C(C)C)C(=O)C(C(CC(=O)NC(C)c1ccccc1)c2ccccc2)c3cccnc3,CHEMBL218128,IC50,6.6
5017679,CC(C)N(C(C)C)C(=O)C(C(CNC(=O)CCCc1ccccc1)c2ccccc2)c3cccnc3,CHEMBL217684,IC50,6.6
5017690,CC(C)N(C(C)C)C(=O)C(C(CNC(=O)NCc1cccc(C)c1)c2ccccc2)c3cccnc3,CHEMBL384780,IC50,6.6
5017701,CCc1ccc(cc1)S(=O)(=O)N[C@H]2[C@H](O)CCc3ccc(NC(=O)CCc4ccccc4)cc23,CHEMBL466224,IC50,6.6
5017712,COC(=O)CC(C(C(=O)N(C(C)C)C(C)C)c1ccccc1)c2ccccc2,CHEMBL216086,IC50,6.6
1717430,COc1ccc(CCN2C(CN(NS(=O)(=O)C)C2=O)c3ccc(cc3)C(F)(F)F)cc1,CHEMBL571041,IC50,6.6
5017725,Cc1ccc(cc1)S(=O)(=O)N\N=C\c2cn(CC(=O)Nc3ccc(F)cc3F)c4ccccc24,CHEMBL2440384,IC50,6.6
5017736,Cl.Cl.CN1C(=O)C(C)(C)C(=O)N(C)c2cc(OCCCN(CCc3cccnc3)Cc4ccccc4C)ccc12,CHEMBL3731891,IC50,6.6
4235876,CC(C)(CNC(=O)C1(CC1)C(F)(F)F)CN(C2=NS(=O)(=O)c3cc(F)ccc23)c4ccccc4,CHEMBL1289186,IC50,6.62
5017748,CC(C)N(C(C)C)C(=O)C(C(CNC(=O)NCc1ccc(C)cc1)c2ccccc2)c3cccnc3,CHEMBL217291,IC50,6.62
5017759,CCN1C(=O)C(C)(C)C(=O)N(C)c2cc(OCCCN(CCN3C(=O)C=Cc4ccccc34)Cc5ccncc5)ccc12,CHEMBL3731066,IC50,6.62
5017769,CCc1ccc(cc1)S(=O)(=O)NCc2cccc(NC(=O)c3cccc(OC)c3)c2,CHEMBL241513,IC50,6.62
5017780,CCc1ccc(cc1)S(=O)(=O)N[C@H]2[C@H](O)C(C)(C)Oc3ccc(CNCCc4ccccc4)cc23,CHEMBL387950,IC50,6.62
5017791,COc1ccc(CCN2C(CN(NS(=O)(=O)C)C2=O)c3ccc(C)cc3)cc1,CHEMBL572153,IC50,6.62
5017802,COc1ccc(CCN2C(CN(NS(=O)(=O)C)C2=O)c3ccc(OC(C)C)cc3)cc1,CHEMBL571952,IC50,6.62
5017813,CCN(CC)C(c1ccccc1)C(O)(c2cccnc2)c3cccnc3,CHEMBL1091162,IC50,6.63
5017824,CC1=C(C(c2ccc(Cl)s2)n3nccc3N1)C(=O)N4CCN(CC4)c5ccc(F)cc5,CHEMBL480019,IC50,6.64
5017835,CC1=C([C@@H](c2ccc(Cl)c(Cl)c2)n3nc(cc3N1)C4CC4)C(=O)N5CCC[C@H]5c6onc(C)c6,CHEMBL2042159,IC50,6.64
5017846,CC1=C([C@@H](c2ccc(Cl)c(Cl)c2)n3nccc3N1)c4ncnn4CC5CC5,CHEMBL2331991,IC50,6.64
5017857,CCc1ccc(cc1)S(=O)(=O)N[C@H]2[C@H](O)CCc3ccc(NC(=O)OCc4ccccc4)cc23,CHEMBL466646,IC50,6.64
5017868,COc1ccc(CCN2[C@H](CN(NS(=O)(=O)CC#N)C2=O)c3ccc(OC)cc3)cc1,CHEMBL570815,IC50,6.64
5017879,CC1=C([C@@H](c2ccc(Cl)c(Cl)c2)n3nccc3N1)c4ncnn4C(C)(C)C,CHEMBL2331988,IC50,6.65
5017890,CCOc1cccc(n1)n2ncnc2C3=C(C)Nc4cc(nn4[C@@H]3c5ccc(Cl)c(Cl)c5)C(F)(F)F,CHEMBL2332449,IC50,6.65
5017901,CC1=C(C(c2ccc(Cl)c(Cl)c2)n3nccc3N1)c4nc5cc(ccc5n4C)C#N,CHEMBL567025,IC50,6.66
5017912,CCN([C@@H]1CCN(Cc2ccccc2)C1)C(=O)c3ccc4OC(C)(C)[C@H](O)[C@@H](NS(=O)(=O)c5ccc(CC)cc5)c4c3,CHEMBL389892,IC50,6.66
5017923,CCN1C(=O)C(C)(C)C(=O)N(C)c2cc(OCCCN(CCN3C=Cc4ccoc4C3=O)Cc5ccccc5C)ccc12,CHEMBL3729497,IC50,6.66
5017933,CCc1ccc(cc1)S(=O)(=O)N[C@H]2[C@H](O)CCc3ccc(NC(=O)[C@H]4CCCN4Cc5cccc(Cl)c5)cc23,CHEMBL524191,IC50,6.66
5017944,CCc1cccc2onc(NCC(C)(C)c3ccccc3)c12,CHEMBL3298145,IC50,6.66
5017955,COC(=O)CC(C(C(=O)N(C(C)C)C(C)C)c1cccnc1)c2ccc(cc2)C#N,CHEMBL411970,IC50,6.67
5017966,CC1=C(C(c2ccc(Cl)c(Cl)c2)n3nc(Cl)cc3N1)C(=O)N4CCN(CC4)c5ccc(F)cc5,CHEMBL2042151,IC50,6.68
5017977,CC1=C([C@@H](c2ccc(Cl)c(Cl)c2)n3nc(cc3N1)C(F)(F)F)c4ncnn4c5cccc(C)n5,CHEMBL2332447,IC50,6.68
5017988,CCN([C@@H]1CCN(Cc2ccccc2)C1)C(=O)c3ccc4OC(C)(C)[C@@H](O)[C@H](NS(=O)(=O)c5ccc(CC)cc5)c4c3,CHEMBL228813,IC50,6.68
5017999,CN1[C@H](CN(Cc2ccc(Cl)cc2)S(=O)(=O)c3cccc(c3)C#N)CCC1=O,CHEMBL3127404,IC50,6.68
5018010,Cl.Cl.Cl.CN1C(=O)C(C)(C)C(=O)N(C)c2cc(OCCCN(CCc3cccnc3)Cc4ccnc5ccccc45)ccc12,CHEMBL3729344,IC50,6.68
5018020,CC(C)n1ccnc1C2=C(C)Nc3cc(nn3[C@@H]2c4ccc(Cl)c(Cl)c4)C(F)(F)F,CHEMBL2332451,IC50,6.69
5018031,OC(C(N1CCCCC1)c2ccccc2)(c3cccnc3)c4cccnc4,CHEMBL1090160,IC50,6.69
5018042,OC(C(N1CCOCC1)c2ccccc2)(c3ccccc3)c4ccccc4,CHEMBL1091863,IC50,6.69
5018053,C1CCN(CC1)[C@H]([C@@H](N2CCCCC2)c3ccccc3)c4ccccc4,CHEMBL2152522,IC50,6.7
5018064,CC1(C)Oc2ccc(cc2[C@@H](NS(=O)(=O)c3ccc(cc3)C(F)(F)F)[C@@H]1O)C(=O)NCCc4ccccc4,CHEMBL390106,IC50,6.7
5018075,CC1=C(C(c2ccc(Cl)c(Cl)c2)n3nccc3N1)c4nc5cc(C)ccc5n4C,CHEMBL585923,IC50,6.7
5018086,CC1=C(C(c2sc3ccccc3c2C)n4nccc4N1)C(=O)N5CCN(CC5)c6ccc(F)cc6,CHEMBL481399,IC50,6.7
5018097,CC1=C([C@@H](c2ccc(Cl)c(Cl)c2)n3nccc3N1)c4ncnn4CC(F)(F)F,CHEMBL2331992,IC50,6.7
4272542,CCCN(c1cccc(c1)C#N)P(=O)(c2ccccc2)c3ccccc3,CHEMBL2312920,IC50,6.7
5018110,CCN([C@H]1CCN(Cc2ccccc2)C1)C(=O)c3ccc4OC(C)(C)[C@H](O)[C@@H](NS(=O)(=O)c5ccc(CC)cc5)c4c3,CHEMBL438665,IC50,6.7
5018121,CCc1ccc(cc1)S(=O)(=O)N[C@H]2[C@H](O)CCCc3ccc(NC(=O)c4cccc(OC)c4)cc23,CHEMBL239808,IC50,6.7
5018132,CCc1ccc(cc1)S(=O)(=O)N[C@H]2[C@H](O)CCc3ccc(NC(=O)\C=C\c4ccccc4)cc23,CHEMBL467478,IC50,6.7
5018143,COC(=O)c1ccc2c(c1)nc(C3=C(C)Nc4ccnn4C3c5ccc(Cl)c(Cl)c5)n2C,CHEMBL567234,IC50,6.7
5018154,COC[C@@H]1CCCN1C(=O)C2=C(C)Nc3ccnn3C2c4ccc(Cl)c(Cl)c4,CHEMBL520586,IC50,6.7
1718118,COc1ccc(CCN2C(CN(NS(=O)(=O)C)C2=O)c3ccc(Cl)cc3)cc1,CHEMBL583465,IC50,6.7
5018167,COc1cccc2c1c(NCC(C)(C)c3ccccc3)nn2C,CHEMBL3356070,IC50,6.7
4235214,C[C@H](OC(=O)NCc1ccccc1c2ccccc2C(=O)NCCc3ccccn3)c4ccccc4,CHEMBL317791,IC50,6.7
5018180,COc1cccc2OC(=O)N=C(NCC(C)(C)c3ccccc3)c12,CHEMBL3298229,IC50,6.71
5018191,CC1=C(C(c2ccc(Cl)c(Cl)c2)n3nccc3N1)C(=O)N4CCCCCC4,CHEMBL518718,IC50,6.72
5018202,CC1=C(C(c2cccc(Cl)c2)n3nccc3N1)C(=O)N4CCN(CC4)c5ccc(F)cc5,CHEMBL465930,IC50,6.72
5018213,CC1=C([C@@H](c2ccc(Cl)c(Cl)c2)n3nc(cc3N1)C(F)(F)F)c4ncnn4c5cccc(Cl)n5,CHEMBL2332444,IC50,6.72
5018224,CCN1C(=O)C(C)(C)C(=O)N(C)c2cc(OCCCN(CCN3C=Cc4ccccc4C3=O)Cc5ccsc5)ccc12,CHEMBL3729291,IC50,6.72
5018234,CCN1C(=O)C(C)(C)C(=O)N(C)c2cc(OCCCN(CCN3C=Cc4ccoc4C3=O)Cc5ccc(cc5)C(F)(F)F)ccc12,CHEMBL3729852,IC50,6.72
5018244,CCn1ncnc1C2=C(C)Nc3ccnn3[C@@H]2c4ccc(Cl)c(Cl)c4,CHEMBL2331984,IC50,6.72
5018255,COc1cccc2onc(N(C)CC(C)(C)c3ccccc3)c12,CHEMBL3298147,IC50,6.73
5018266,COC(=O)CC(C(C(=O)N(C(C)C)C(C)C)c1cccnc1)c2cccc(c2)C#N,CHEMBL385737,IC50,6.74
5018277,CCN1C(=O)C(C)(C)C(=O)N(C)c2cc(OCCCN(CCN3C=Cc4ccoc4C3=O)Cc5cccs5)ccc12,CHEMBL3732734,IC50,6.75
5018287,CCN1C(=O)C(C)(C)C(=O)N(C)c2cc(OCCCN(CCc3cccnc3)Cc4ccccc4c5cccnc5)ccc12,CHEMBL3727564,IC50,6.75
5018297,Cl.Cl.CCN1C(=O)C(C)(C)C(=O)N(C)c2cc(OCCCN(CCN3C=Cc4ccccc4C3=O)Cc5ccncc5)ccc12,CHEMBL3733073,IC50,6.75
4272592,O=P(C(c1cccnc1)c2cccnc2)(c3ccccc3)c4ccccc4,CHEMBL2312925,IC50,6.75
5018310,CCN(Cc1ccccc1F)C(=O)c2ccc3OC(C)(C)[C@@H](O)[C@H](NS(=O)(=O)c4ccc(CC)cc4)c3c2,CHEMBL228277,IC50,6.76
5018321,CC1=C(C(c2ccc(Cl)c(Cl)c2)n3nccc3N1)C(=O)Nc4ccccc4,CHEMBL465085,IC50,6.77
5018332,CCN([C@H]1CCN(Cc2ccccc2)C1)C(=O)c3ccc4OC(C)(C)[C@@H](O)[C@H](NS(=O)(=O)c5ccc(CC)cc5)c4c3,CHEMBL389096,IC50,6.77
5018343,COc1cccc2c1C(=NS2(=O)=O)NC[C@@]3(CC[C@@H](CC3)OC(=O)NC4CC4)c5ccccc5,CHEMBL3622349,IC50,6.77
5018354,CC1=C([C@@H](c2ccc(Cl)c(Cl)c2)n3nc(C)cc3N1)C(=O)N4CCC[C@H]4c5onc(C)c5,CHEMBL2042157,IC50,6.78
5018365,CC1=C([C@@H](c2ccc(Cl)c(Cl)c2)n3nc(cc3N1)C(F)(F)F)c4ncnn4C5CCC5,CHEMBL2331999,IC50,6.78
5018376,CC1=C(C(c2ccc(Cl)c(Cl)c2)n3nccc3N1)C(=O)N4CCC(C4)c5ccc(F)cc5,CHEMBL601672,IC50,6.8
5018387,CC1=C(C(c2ccc(Cl)c(Cl)c2)n3nccc3N1)C(=O)N4CCC(CC4)c5ccccc5,CHEMBL479618,IC50,6.8
5018398,CC1=C(C(c2ccc(Cl)c(Cl)c2)n3nccc3N1)C(=O)N4CCC[C@H]4c5onc(C)n5,CHEMBL600211,IC50,6.8
5018409,CC1=C(C(c2ccc(Cl)c(Cl)c2)n3nccc3N1)C(=O)NCc4ccccc4,CHEMBL465086,IC50,6.8
5018420,CC1=C(C(c2cccc(Cl)c2Cl)n3nccc3N1)C(=O)N4CCN(CC4)c5ccc(F)cc5,CHEMBL464066,IC50,6.8
5018431,CC1=C(C(c2oc3ccccc3c2)n4nccc4N1)C(=O)N5CCN(CC5)c6ccc(F)cc6,CHEMBL521104,IC50,6.8
5018442,CC1=C([C@@H](c2cccc(Cl)c2Cl)n3nccc3N1)C(=O)N4CCN(CC4)c5ccc(F)cc5,CHEMBL480020,IC50,6.8
5018453,CCN1C(=O)C(C)(C)C(=O)N(C)c2cc(OCCCN(CCN3C=Cc4ccoc4C3=O)Cc5ccc(cc5)C#N)ccc12,CHEMBL3729998,IC50,6.8
5018463,CCN1C(=O)C(C)(C)C(=O)N(C)c2cc(OCCCN(CCc3cccnc3)Cc4cccc(c4)C#N)ccc12,CHEMBL3731401,IC50,6.8
5018474,CCc1ccc(cc1)S(=O)(=O)N[C@H]2[C@H](O)Cc3ccc(NC(=O)c4cccc(OC)c4)cc23,CHEMBL288131,IC50,6.8
1718716,COc1ccc(CCN2C(CN(NS(=O)(=O)C)C2=O)c3ccc(cc3)C4CC4)cc1,CHEMBL583254,IC50,6.8
5018487,COc1cccc(c1)C(=O)Nc2ccc3CC[C@@H](O)[C@H](NS(=O)(=O)c4ccc(cc4)C(C)(C)C)c3c2,CHEMBL466019,IC50,6.8
5018498,CC(C)N(C(C)C)C(=O)C(C(CNC(=O)NCc1ccccc1F)c2ccccc2)c3cccnc3,CHEMBL217620,IC50,6.82
5018509,CC1(C)Oc2ccc(cc2[C@@H](NS(=O)(=O)c3ccccc3OC(F)(F)F)[C@@H]1O)C(=O)NCCc4ccccc4,CHEMBL228493,IC50,6.82
5018520,CC1=C(C(c2ccc(Cl)c(Cl)c2)n3nccc3N1)C(=O)N4CCCC4c5ccccc5,CHEMBL605992,IC50,6.82
5018531,CC1=C(C(c2ccc(Cl)c(Cl)c2)n3nccc3N1)c4nc5cccc(C)c5[nH]4,CHEMBL583857,IC50,6.82
5018542,CC1=C(C(c2ccc(Cl)c(Cl)c2)n3nccc3N1)c4nc5cccc(F)c5n4C,CHEMBL584709,IC50,6.82
5018553,CC1=C([C@@H](c2ccc(Cl)c(Cl)c2)n3nccc3N1)c4ncnn4CCC(F)(F)F,CHEMBL2331993,IC50,6.82
5018564,CCN1C(=O)C(C)(C)C(=O)N(C)c2cc(OCCCN(CCN3C=Cc4ccccc4C3=O)Cc5ccc(cc5)C#N)ccc12,CHEMBL3729229,IC50,6.82
5018574,CCc1ccc(cc1)S(=O)(=O)NC2CCc3ccc(NC(=O)c4cccc(OC)c4)cc23,CHEMBL239805,IC50,6.82
5018585,COC(=O)[C@@H]1CCCN1C(=O)C2=C(C)Nc3ccnn3C2c4ccc(Cl)c(Cl)c4,CHEMBL603705,IC50,6.82
399396,COCC1=C([C@@H](c2cc3ccccc3n2C)n4nc(cc4N1)C(F)(F)F)C(=O)N5CCC[C@H]5c6onc(C)c6,CHEMBL2042163,IC50,6.82
5018598,CC1=C(C(c2ccc(Cl)c(Cl)c2)n3nc(C)cc3N1)C(=O)N4CCN(CC4)c5ccccc5,CHEMBL2042148,IC50,6.83
5018609,COC(=O)CC(C(C(=O)N(C(C)C)C(C)C)c1cccc(Br)c1)c2cccnc2,CHEMBL217921,IC50,6.83
5018620,CC1=C(C(c2cc(Cl)cc(Cl)c2)n3nccc3N1)C(=O)N4CCN(CC4)c5ccc(F)cc5,CHEMBL465124,IC50,6.85
5018631,CCCCc1ccc(cc1)S(=O)(=O)N[C@H]2[C@H](O)CCc3ccc(NC(=O)c4cccc(OC)c4)cc23,CHEMBL42934,IC50,6.85
4272566,O=P(C(N1CCCCC1)c2cccnc2)(c3ccccc3)c4ccccc4,CHEMBL2312927,IC50,6.85
5018644,CCNC(=O)O[C@@H]1CC[C@](CNc2n[nH]c3cccc(OC)c23)(CC1)c4ccccc4,CHEMBL3298232,IC50,6.86
5018655,COC(=O)CC(C(C(=O)N(C(C)C)C(C)C)c1cccnc1)c2cccc(Br)c2,CHEMBL217011,IC50,6.86
5018666,CC1=C([C@@H](c2ccc(Cl)c(Cl)c2)n3nccc3N1)c4ncnn4Cc5ccccc5,CHEMBL2332465,IC50,6.87
5018677,CCc1ccc(cc1)S(=O)(=O)N(Cc2cccnc2)[C@H]3[C@H](O)C(C)(C)Oc4ccc(cc34)C(=O)NCCc5ccccc5,CHEMBL230564,IC50,6.89
5018688,CCc1ccc(cc1)S(=O)(=O)N[C@H]2[C@H](O)C(C)(C)Oc3ccc(cc23)C(=O)N4CCC[C@@H]4CNc5c(C)cccc5C,CHEMBL230251,IC50,6.89
5018699,CCn1ccnc1C2=C(C)Nc3cc(nn3[C@@H]2c4ccc(Cl)c(Cl)c4)C(F)(F)F,CHEMBL2332450,IC50,6.89
5018710,CC1=C([C@@H](c2ccc(Cl)c(Cl)c2)n3nc(C)cc3N1)c4ncnn4C5CCCCC5,CHEMBL2331997,IC50,6.9
5018721,CC1=C(C(c2ccc(Cl)c(Cl)c2)n3nc(C)cc3N1)C(=O)N4CCN(CC4)c5ccc(F)cc5,CHEMBL2042147,IC50,6.91
5018732,CC1=C(C(c2ccc(Cl)c(Cl)c2)n3nccc3N1)C(=O)N4CCN(CC4)c5ccc(F)cc5,CHEMBL464077,IC50,6.92
5018743,CCCN(c1cccnc1)P(=O)(c2ccccc2)c3ccccc3,CHEMBL2312933,IC50,6.92
5018754,CCc1ccc(cc1)S(=O)(=O)N(CC(C)(C)C)[C@H]2[C@H](O)C(C)(C)Oc3ccc(cc23)C(=O)NCCc4ccccc4,CHEMBL230776,IC50,6.92
5018765,CCc1ccc(cc1)S(=O)(=O)N(Cc2ccccn2)[C@H]3[C@H](O)C(C)(C)Oc4ccc(cc34)C(=O)NCCc5ccccc5,CHEMBL230238,IC50,6.92
5018777,CCc1ccc(cc1)S(=O)(=O)N[C@H]2[C@H](O)C(C)(C)Oc3ccc(cc23)C(=O)N4CCC[C@H]4CNc5c(C)cccc5C,CHEMBL387993,IC50,6.92
5018788,COc1cccc2ncnc(NCC(C)(C)c3ccccc3)c12,CHEMBL3298225,IC50,6.93
5018799,CC1=C([C@@H](c2ccc(Cl)c(Cl)c2)n3nccc3N1)c4ncnn4c5ccc(F)cc5,CHEMBL2332453,IC50,6.94
5018810,COc1ccccc1n2ncnc2C3=C(C)Nc4ccnn4[C@@H]3c5ccc(Cl)c(Cl)c5,CHEMBL2332456,IC50,6.94
5018821,COC(=O)CC(C(C(=O)N(C(C)C)C(C)C)c1cccnc1)c2cccc(c2)c3c(C)onc3C,CHEMBL386441,IC50,6.95
5018832,CC1=C(C(c2ccc(Cl)c(Cl)c2)n3nccc3N1)C(=O)N4CCC[C@H]4c5onc(C)c5,CHEMBL601641,IC50,6.96
5018843,CC1=C(C(c2ccc(Cl)c(Cl)c2)n3nccc3N1)c4nc5cccc(C)c5n4C,CHEMBL569269,IC50,6.96
5018854,CCc1ccc(cc1)S(=O)(=O)N[C@H]2CC(C)(C)Oc3ccc(cc23)C(=O)N4CCC[C@H]4CNc5c(C)cccc5C,CHEMBL228809,IC50,6.96
5018865,CC1=C([C@@H](c2ccc(Cl)c(Cl)c2)n3nccc3N1)c4ncnn4CCCC(F)(F)F,CHEMBL2331994,IC50,6.99
5018876,CCCn1ncnc1C2=C(C)Nc3ccnn3[C@@H]2c4ccc(Cl)c(Cl)c4,CHEMBL2331985,IC50,6.99
5018887,CC(C)N(C(C)C)C(=O)C(C(CNC(=O)CCc1ccccc1)c2ccccc2)c3cccnc3,CHEMBL217222,IC50,7.0
5018898,CC1=C(C(c2ccc(Cl)c(Cl)c2)n3nccc3N1)C(=O)NCCc4ccccc4,CHEMBL517791,IC50,7.0
5018909,CC1=C([C@@H](c2ccc(Cl)c(Cl)c2)n3nc(C)cc3N1)C(=O)N4CCC[C@H]4c5ccc(F)cc5,CHEMBL2042154,IC50,7.0
5018920,CC1=C([C@@H](c2ccc(Cl)c(Cl)c2)n3nc(cc3N1)C(F)(F)F)C(=O)N4CCC[C@H]4c5onc(C)c5,CHEMBL2042158,IC50,7.0
5018931,COc1ccc(CCCN2[C@H](CN(NS(=O)(=O)C)C2=O)c3ccc(OC)cc3)cc1,CHEMBL583430,IC50,7.0
4272614,O=P(C(c1ccccc1)c2cccnc2)(c3ccccc3)c4ccccc4,CHEMBL2312926,IC50,7.0
5018944,CC1=C([C@@H](c2ccc(Cl)c(Cl)c2)n3nccc3N1)c4ncnn4c5cccc(F)c5,CHEMBL2332454,IC50,7.01
5018955,CCOCCn1ccnc1C2=C(C)Nc3cc(nn3[C@@H]2c4ccc(Cl)c(Cl)c4)C(F)(F)F,CHEMBL2332452,IC50,7.01
5018966,CC1=C([C@@H](c2ccc(Cl)c(Cl)c2)n3nc(cc3N1)C(F)(F)F)c4ncnn4c5cccc(n5)C(F)(F)F,CHEMBL2332443,IC50,7.02
5018977,CC(C)N(C(C)C)C(=O)C(C(CNC(=O)CC(C)c1ccccc1)c2ccccc2)c3cccnc3,CHEMBL216955,IC50,7.03
5018988,CC(C)n1c(nc2cc(Cl)ccc12)C3=C(C)Nc4ccnn4C3c5ccc(Cl)c(Cl)c5,CHEMBL585123,IC50,7.03
5018999,CC1=C([C@@H](c2ccc(Cl)c(Cl)c2)n3nc(C)cc3N1)c4ncnn4C5CCC5,CHEMBL2331996,IC50,7.03
5019010,COc1cccc2c1C(=NS2(=O)=O)NC[C@@]3(CC[C@@H](CC3)OC(=O)Nc4nnc(s4)C5CC5)c6ccccc6,CHEMBL3622351,IC50,7.04
5019021,CC(C)n1ncnc1C2=C(C)Nc3ccnn3[C@@H]2c4ccc(Cl)c(Cl)c4,CHEMBL2331986,IC50,7.05
5019032,CC1=C(C(c2ccc(Cl)c(Cl)c2)n3nccc3N1)C(=O)N4CCCCC4,CHEMBL465277,IC50,7.05
5019043,CC1=C(C(c2ccc(Cl)c(Cl)c2)n3nccc3N1)C(=O)N4CCC[C@H]4c5cc(C)on5,CHEMBL602854,IC50,7.05
5019054,CCCc1ccc(cc1)S(=O)(=O)N[C@H]2[C@H](O)CCc3ccc(NC(=O)c4cccc(OC)c4)cc23,CHEMBL466838,IC50,7.05
5019065,CCc1ccc(cc1)S(=O)(=O)N[C@@H]2[C@@H](O)C(C)(C)Oc3ccc(cc23)C(=O)N4CCC[C@@H]4CNc5c(C)cccc5C,CHEMBL228808,IC50,7.05
5019076,COc1cccc2c1C(=NS2(=O)=O)NC[C@@]3(CC[C@@H](CC3)OC(=O)NCCC(F)(F)F)c4ccccc4,CHEMBL3622350,IC50,7.05
5019087,CCNC(=O)O[C@@H]1CC[C@](CNc2nn(C)c3cccc(OC)c23)(CC1)c4ccccc4,CHEMBL3298231,IC50,7.06
5019098,COc1cccc(n1)n2ncnc2C3=C(C)Nc4cc(nn4[C@@H]3c5ccc(Cl)c(Cl)c5)C(F)(F)F,CHEMBL2332448,IC50,7.06
5019109,CC1=C(C(c2ccc(Cl)c(Cl)c2)n3nccc3N1)C(=O)N4CCN(CC4)c5ccccc5,CHEMBL517078,IC50,7.07
5019120,CC1=C([C@@H](c2ccc(Cl)c(Cl)c2)n3nccc3N1)C(=O)N4CCC[C@H]4c5onc(C)c5,CHEMBL2042156,IC50,7.08
5019131,COc1cccc2C(=O)N=C(NCC(C)(C)c3ccccc3)c12,CHEMBL3356074,IC50,7.08
5019142,CC1=C([C@@H](c2ccc(Cl)c(Cl)c2)n3nccc3N1)c4ncnn4c5ccc(C)cc5,CHEMBL2332457,IC50,7.1
5019153,CCc1ccc(cc1)S(=O)(=O)N[C@H]2[C@H](O)C(C)(C)Oc3ccc(cc23)C(=O)n4nc(cc4N)c5ccccc5,CHEMBL388762,IC50,7.1
5019164,Clc1cc(Cl)cc(c1)c2ncccc2CNP(=O)(c3ccccc3)c4ccccc4,CHEMBL2312931,IC50,7.1
5019175,CCN(CCNc1ccccc1)C(=O)c2ccc3OC(C)(C)[C@@H](O)[C@H](NS(=O)(=O)c4ccc(CC)cc4)c3c2,CHEMBL228330,IC50,7.11
5019186,CC1=C(C(c2ccc(Cl)c(Cl)c2)n3nccc3N1)c4nc5ccccc5n4C,CHEMBL577300,IC50,7.13
5019197,CC1=C([C@@H](c2ccc(Cl)c(Cl)c2)n3nccc3N1)c4ncnn4c5ccccc5F,CHEMBL2332455,IC50,7.13
5019208,CC1=C([C@@H](c2cc3ccccc3n2C)n4nc(cc4N1)C(F)(F)F)C(=O)N5CCC[C@H]5c6onc(C)c6,CHEMBL2042162,IC50,7.14
5019219,COc1cccc2nc(Cl)nc(NCC(C)(C)c3ccccc3)c12,CHEMBL3298227,IC50,7.14
5019230,CC1=C(C(c2ccc(Cl)c(Cl)c2)n3nccc3N1)c4nc5cccc(Cl)c5n4C,CHEMBL566800,IC50,7.15
5019241,CC1=C([C@@H](c2ccc(Cl)c(Cl)c2)n3nccc3N1)C(=O)N4CCN(CC4)c5ccc(F)cc5,CHEMBL482381,IC50,7.16
5019252,CCCCCc1ccc(cc1)S(=O)(=O)N[C@H]2[C@H](O)CCc3ccc(NC(=O)c4cccc(OC)c4)cc23,CHEMBL468514,IC50,7.16
5019263,CCCN(CCC)C(=O)C1=C(C)Nc2ccnn2C1c3ccc(Cl)c(Cl)c3,CHEMBL480807,IC50,7.16
5019274,COCC1=C([C@@H](c2ccc(Cl)c(Cl)c2)n3nccc3N1)C(=O)N4CCC[C@H]4c5onc(C)c5,CHEMBL2042152,IC50,7.16
5019285,CC1=C(C(c2ccc(Cl)c(Cl)c2)n3nccc3N1)c4nc5cc(Cl)ccc5n4C,CHEMBL566382,IC50,7.17
5019296,CC1=C(C(c2ccc(Cl)c(Cl)c2)n3nccc3N1)c4nc5c(F)cccc5n4C,CHEMBL565312,IC50,7.19
5019307,CCNC(=O)O[C@@H]1CC[C@](CNC2=NS(=O)(=O)c3cccc(OC)c23)(CC1)c4ccccc4,CHEMBL3622348,IC50,7.19
5019318,CCS(=O)(=O)N[C@@H]1CC[C@](CNC2=NS(=O)(=O)c3cccc(OC)c23)(CC1)c4ccccc4,CHEMBL3622362,IC50,7.22
5019329,CC1=C([C@@H](c2ccc(Cl)c(Cl)c2)n3nccc3N1)c4ncnn4C5CCCCC5,CHEMBL2331987,IC50,7.23
5019340,CCCCN([C@H]1[C@H](O)C(C)(C)Oc2ccc(cc12)C(=O)NCCc3ccccc3)S(=O)(=O)c4ccc(CC)cc4,CHEMBL230671,IC50,7.24
5019351,CCn1c(nc2cc(Cl)ccc12)C3=C(C)Nc4ccnn4C3c5ccc(Cl)c(Cl)c5,CHEMBL567244,IC50,7.24
5019362,CCOC(=O)N[C@@H]1CC[C@](CNC2=NS(=O)(=O)c3cccc(OC)c23)(CC1)c4ccccc4,CHEMBL3622358,IC50,7.26
5019373,CCN(CC)S(=O)(=O)N[C@@H]1CC[C@](CNC2=NS(=O)(=O)c3cccc(OC)c23)(CC1)c4ccccc4,CHEMBL3623052,IC50,7.28
5019384,COc1cccc2c1C(=NS2(=O)=O)NC[C@@]3(CC[C@@H](CC3)NC(=O)OC(C)C)c4ccccc4,CHEMBL3622360,IC50,7.28
5019395,CC1=C([C@@H](c2ccc(Cl)c(Cl)c2)n3nccc3N1)C(=O)N4CCC[C@H]4c5ccc(F)cc5,CHEMBL602070,IC50,7.3
5019406,CC1=C([C@@H](c2ccc(Cl)c(Cl)c2)n3nccc3N1)c4ncnn4C5CCC5,CHEMBL2331990,IC50,7.32
5019417,CCCn1c(nc2cc(F)ccc12)C3=C(C)Nc4ccnn4C3c5ccc(Cl)c(Cl)c5,CHEMBL567235,IC50,7.32
5019428,COc1cccc2c1C(=NS2(=O)=O)NC[C@@]3(CC[C@@H](CC3)Nc4ncccn4)c5ccccc5,CHEMBL3623053,IC50,7.33
5019439,CCc1ccc(cc1)S(=O)(=O)N[C@H]2CCCc3ccc(cc23)N(Cc4cccc(C)n4)C(=O)CCc5ccccc5,CHEMBL260684,IC50,7.34
5019450,COc1cccc2onc(NCC(C)(C)c3ccccc3)c12,CHEMBL3298140,IC50,7.37
5019461,CC1=C([C@@H](c2ccc(Cl)c(Cl)c2)n3nccc3N1)c4ncnn4C5CCCC5,CHEMBL2331989,IC50,7.43
5019472,CC(C)N(C(C)C)C(=O)C(C(CNC(=O)CCc1ccccc1F)c2ccccc2)c3cccnc3,CHEMBL385809,IC50,7.44
5019483,COc1cccc2c1C(=NS2(=O)=O)NC[C@@]3(CC[C@H](O)CC3)c4ccccc4,CHEMBL3622346,IC50,7.47
5019494,COc1cccc2c1C(=NS2(=O)=O)NC[C@@]3(CC[C@@H](CC3)n4cnnn4)c5ccccc5,CHEMBL3623054,IC50,7.5
5019505,COCC1=C(C(c2ccc(Cl)c(Cl)c2)n3nccc3N1)c4nc5cc(F)ccc5n4C,CHEMBL567671,IC50,7.52
5019516,COc1cccc2c1C(=NS2(=O)=O)NC[C@@]3(CC[C@@H](CC3)OC(=O)Nc4ccc(cc4)N(C)C)c5ccccc5,CHEMBL3622355,IC50,7.52
5019527,COc1cccc2c1C(=NS2(=O)=O)NC[C@@]3(CC[C@@H](CC3)NC(=O)OCC(F)(F)F)c4ccccc4,CHEMBL3622361,IC50,7.55
5019538,COc1cccc2snc(NCC(C)(C)c3ccccc3)c12,CHEMBL3356073,IC50,7.6
5019549,COc1cccc2nc(O)nc(NCC(C)(C)c3ccccc3)c12,CHEMBL3298228,IC50,7.64
5019560,COc1cccc2ccnc(NCC(C)(C)c3ccccc3)c12,CHEMBL3298226,IC50,7.66
5019571,CC1=C(C(c2ccc(Cl)c(Cl)c2)n3nccc3N1)c4nc5cc(F)ccc5n4C,CHEMBL571976,IC50,7.82
