id,smiles,name,assay_type,activity_value
226671,NC(N)=N,guanidine,N/A,N/A
226681,NC1=CC=NC=C1,fampridine,N/A,N/A
226690,NC1=CC=NC=C1N,amifampridine,N/A,N/A
3209093,[O-][N+](=O)C1(Br)COC(OC1)c2ccccc2,CHEMBL259345,EC50,5.22
3209104,CC1(C)OCC(Br)(CO1)[N+](=O)[O-],CHEMBL408488,EC50,5.37
399407,COc1ccc(CCN2[C@@H](CN(NS(=O)(=O)C)C2=O)c3ccc(OC)cc3)cc1,CHEMBL569185,IC50,5.58
3209116,CC[C@H](C)[C@@H]1NC(=O)[C@H](CSSC[C@H](NC(=O)[C@@H](NC(=O)CNC(=O)[C@@H]2CSSC[C@@H]3NC(=O)[C@H](CCC(=O)N)NC(=O)[C@H](Cc4ccccc4)NC(=O)[C@H](C)NC(=O)[C@@H](NC(=O)[C@H](CSSC[C@H](NC(=O)[C@H](Cc5ccccc5)NC(=O)[C@H](CO)NC(=O)[C@H](CC(C)C)NC(=O)[C@H](CCCNC(=N)N)NC(=O)[C@H](Cc6ccc(O)cc6)NC(=O)[C@H](CCCCN)NC(=O)[C@H](CCSC)NC(=O)[C@H](CO)NC(=O)[C@H](Cc7cnc[nH]7)NC(=O)[C@H](CCCCN)NC3=O)C(=O)N[C@@H](CCCNC(=N)N)C(=O)N[C@@H](CCCCN)C(=O)N[C@@H]([C@@H](C)O)C(=O)N2)NC(=O)[C@H](CCCNC(=N)N)NC(=O)[C@H](CO)NC(=O)[C@H](CCCCN)NC(=O)[C@@H]8CCCN8C(=O)[C@@H](NC(=O)[C@@H](NC(=O)[C@H](CC(=O)O)NC1=O)[C@@H](C)O)[C@@H](C)CC)[C@@H](C)O)[C@@H](C)O)C(=O)O)NC(=O)[C@H](CO)NC(=O)[C@H](CCCNC(=N)N)NC(=O)COCCOCCNC(=O)[C@@H](N)Cc9ccc(OP(=O)(O)O)cc9,CHEMBL3609095,IC50,9.67
3209126,CC[C@H](C)[C@@H]1NC(=O)[C@H](CSSC[C@H](NC(=O)[C@@H](NC(=O)CNC(=O)[C@@H]2CSSC[C@@H]3NC(=O)C(CCN)NC(=O)[C@H](Cc4ccccc4)NC(=O)[C@H](C)NC(=O)[C@@H](NC(=O)[C@H](CSSC[C@H](NC(=O)[C@H](Cc5ccccc5)NC(=O)[C@H](CO)NC(=O)[C@H](CC(C)C)NC(=O)[C@H](CCCNC(=N)N)NC(=O)[C@H](Cc6ccc(O)cc6)NC(=O)[C@H](CCCCN)NC(=O)[C@H](CCSC)NC(=O)[C@H](CO)NC(=O)[C@H](Cc7cnc[nH]7)NC(=O)[C@H](CCCCN)NC3=O)C(=O)N[C@@H](CCCNC(=N)N)C(=O)N[C@@H](CCCCN)C(=O)N[C@@H]([C@@H](C)O)C(=O)N2)NC(=O)[C@H](CCCNC(=N)N)NC(=O)[C@H](CO)NC(=O)[C@H](CCCCN)NC(=O)[C@@H]8CCCN8C(=O)[C@@H](NC(=O)[C@@H](NC(=O)[C@H](CC(=O)O)NC1=O)[C@@H](C)O)[C@@H](C)CC)[C@@H](C)O)[C@@H](C)O)C(=O)O)NC(=O)[C@H](CO)NC(=O)[C@@H](N)CCCNC(=N)N,CHEMBL3609086,IC50,10.96
