id,smiles,name,assay_type,activity_value
226671,NC(N)=N,guanidine,N/A,N/A
226681,NC1=CC=NC=C1,fampridine,N/A,N/A
226690,NC1=CC=NC=C1N,amifampridine,N/A,N/A
4233438,CC(C)(CNC(=O)c1cccnc1O)CN(C2=NS(=O)(=O)c3cc(F)ccc23)c4ccccc4,CHEMBL1289418,IC50,5.0
4233449,CC(C)NC(=O)c1cc(\C=C\c2ccc(OCc3ccccc3)cc2)ccc1c4ccc(Cl)cc4,CHEMBL110004,IC50,5.0
4233460,CC(C)NC(=O)c1cc(\C=C\c2cccc(Cl)c2)ccc1c3ccc(Cl)cc3,CHEMBL112852,IC50,5.0
4233471,COc1c(OCc2ccccc2)c(C(=O)C)c(OC)c3ccoc13,CHEMBL77572,Kd,5.0
4233482,CCCNC(=O)c1cc(\C=C\c2ccc(F)cc2)ccc1c3ccc(Cl)cc3,CHEMBL421891,IC50,5.01
4233493,COc1ccc(cc1)N(CCCNC(=O)c2ccc(F)cc2)C3=NS(=O)(=O)c4ccccc34,CHEMBL1290616,IC50,5.01
4233504,CCCCNC(=O)c1cc(\C=C\c2ccccc2F)ccc1c3ccc(Cl)cc3,CHEMBL111539,IC50,5.1
655265,COC1=C(OC)C=C(CCN(C)CCCC(C#N)(C(C)C)C2=CC(OC)=C(OC)C=C2)C=C1,verapamil,IC50,5.1
4233517,CCN(CC)CC\N=C\1/C=CN(Cc2ccccc2Cl)c3cc(Cl)ccc13,CHEMBL53790,IC50,5.12
4233528,CC(C)C(=O)C1N(C(=O)c2occc2)c3ccccc3c4ccccc14,CHEMBL497085,IC50,5.13
4233539,CC(C)N(CCCNC(=O)c1ccc(F)cc1)C2=NS(=O)(=O)c3ccccc23,CHEMBL1289296,IC50,5.14
4233550,COc1c(Oc2ccc(Oc3c(OC)c4occc4c(OC)c3C(=O)C)c(C)c2C)c(C(=O)C)c(OC)c5ccoc15,CHEMBL306038,Kd,5.15
4233561,O=C1c2ccccc2C(=O)c3c(OCCCCOc4ccccc4)cccc13,CHEMBL549316,IC50,5.16
4233572,Fc1ccc(cc1)C(=O)NCCCN(C2=NS(=O)(=O)c3ccccc23)c4cccc(c4)C(F)(F)F,CHEMBL1290506,IC50,5.17
4233583,CC1=CC(=O)c2c(O1)cc3OC(=O)C=Cc3c2OCCCCOc4ccccc4,CHEMBL559268,IC50,5.22
4233594,CCCCNC(=O)c1cc(\C=C\Cc2ccccc2)ccc1c3ccc(Cl)cc3,CHEMBL109643,IC50,5.22
4233605,Clc1ccc(cc1)S(=O)(=O)N2CC(=O)c3ccccc3c4ccccc24,CHEMBL522750,IC50,5.22
720142,Clc1ccccc1C(c2ccccc2)(c3ccccc3)n4ccnc4,CHEMBL104,IC50,5.22
4233618,CC(C)(CNC(=O)C1CCCCN1)CN(C2=NS(=O)(=O)c3cc(F)ccc23)c4ccccc4,CHEMBL1290171,IC50,5.23
4233629,CC1CCN(CCC(C#N)(c2ccccc2)c3ccccc3)CC1,CHEMBL2205334,IC50,5.24
4233640,CCCNC(=O)c1cc(\C=C\Cc2ccccc2)ccc1c3ccc(Cl)cc3,CHEMBL325794,IC50,5.24
4233651,Cc1ccc(cc1)S(=O)(=O)N2CC(=O)c3ccccc3c4ccccc24,CHEMBL498086,IC50,5.24
4233662,CC(C)NC(=O)c1cc(\C=C\Cc2ccccc2)ccc1c3ccc(Cl)cc3,CHEMBL109698,IC50,5.25
4233673,Fc1ccc(cc1)C(=O)NCCCN(C2CCCC2)C3=NS(=O)(=O)c4ccccc34,CHEMBL1289185,IC50,5.29
4233684,CC(=O)N1C(c2ccccc2c3ccccc13)c4c[nH]c5ccccc45,CHEMBL497084,IC50,5.3
4233695,CC1=CC(=O)c2c(O1)cc3OCOc3c2OCCCCOc4ccccc4,CHEMBL559267,IC50,5.3
4061653,CCOC(=O)C1(CCN(CCC(C#N)(C2=CC=CC=C2)C2=CC=CC=C2)CC1)C1=CC=CC=C1,diphenoxylate,IC50,5.3
4233708,COc1c(OCc2ccc(COc3c(OC)c4occc4c(OC)c3C(=O)C)c(c2)C(=O)O)c(C(=O)C)c(OC)c5ccoc15,CHEMBL77493,Kd,5.3
4233719,Clc1ccccc1C(c2ccccc2)(c3ccccc3)n4cccn4,CHEMBL498270,IC50,5.3
4233730,OCCCN(C1=NS(=O)(=O)c2ccccc12)c3ccccc3,CHEMBL1289414,IC50,5.3
4233741,O=S1(=O)N=C(N(CCCC#N)c2ccccc2)c3ccccc13,CHEMBL1290733,IC50,5.32
4233752,Fc1ccc(cc1)N(CCCNC(=O)c2ccc(F)cc2)C3=NS(=O)(=O)c4ccccc34,CHEMBL1290394,IC50,5.33
4233763,N#CC(CCN1CCC(=CC1)c2ccccc2)(c3ccccc3)c4ccccc4,CHEMBL2205328,IC50,5.38
4233774,O=C(C1CCC1)C2N(C(=O)c3occc3)c4ccccc4c5ccccc25,CHEMBL502831,IC50,5.38
4233785,CCCNC(=O)c1cc(\C=C\CCc2ccccc2)ccc1c3ccc(Cl)cc3,CHEMBL111753,IC50,5.4
4233796,COc1c(OCCOCCOc2c(OC)c3occc3c(OC)c2C(=O)C)c(C(=O)C)c(OC)c4ccoc14,CHEMBL74306,Kd,5.4
4233807,Cc1ccc(cc1)C(=O)N2CC(=O)c3ccccc3c4ccccc24,CHEMBL522408,IC50,5.4
4233818,NC(=N)NNC(=O)c1cc(\C=C\c2ccc(F)cc2)ccc1c3ccc(Cl)cc3,CHEMBL109739,IC50,5.41
4233829,CC(C)NC(=O)c1cc(\C=C\c2ccc(Cl)c(F)c2)ccc1c3ccc(Cl)cc3,CHEMBL109336,IC50,5.43
4233840,COC1=C(C[C@@H]2C(=C)CC[C@H]3[C@@]4(C)CC=CO[C@@H]4CC[C@]23C)C(=O)C(=C(C)O1)C,CHEMBL515037,IC50,5.43
4233851,Clc1cccc(c1)S(=O)(=O)N2CC(=O)c3ccccc3c4ccccc24,CHEMBL496892,IC50,5.44
4233862,O=S1(=O)N=C(N(CCCc2ccccc2)c3ccccc3)c4ccccc14,CHEMBL1289528,IC50,5.45
4233873,COc1c(OCCCCOc2c(OC)c3occc3c(OC)c2C(=O)C)c(C(=O)C)c(OC)c4ccoc14,CHEMBL78267,Kd,5.46
4233884,O=C(NCCCN(C1=NS(=O)(=O)c2ccccc12)c3ccccc3)C4=CCOC=C4,CHEMBL1289965,IC50,5.46
4233895,CN1CCCCC1C(=O)NCC(C)(C)CN(C2=NS(=O)(=O)c3cc(F)ccc23)c4ccccc4,CHEMBL1290172,IC50,5.47
4233906,Clc1cccc(c1)C(=O)N2CC(=O)c3ccccc3c4ccccc24,CHEMBL497250,IC50,5.47
4233918,CCNC(=O)c1cc(\C=C\CCc2ccccc2)ccc1c3ccc(Cl)cc3,CHEMBL418444,IC50,5.5
4233929,CNC(=O)NCC(C)(C)CN(C1=NS(=O)(=O)c2cc(F)ccc12)c3ccccc3,CHEMBL1290738,IC50,5.51
4233940,COc1c(OCc2ccc(COc3c(OC)c4occc4c(OC)c3C(=O)C)cc2)c(C(=O)C)c(OC)c5ccoc15,CHEMBL75159,Kd,5.51
4233951,COc1c(OCCCCCCCOc2c(OC)c3occc3c(OC)c2C(=O)C)c(C(=O)C)c(OC)c4ccoc14,CHEMBL78004,Kd,5.52
4233962,COc1cccc(\C=C(/C)\C(=O)c2c(O)c(OC)c3occc3c2OC)c1,CHEMBL257244,EC50,5.52
4233973,Fc1ccc(cc1)C(=O)NCCCN(C2=NS(=O)(=O)c3ccccc23)c4ncccn4,CHEMBL1289067,IC50,5.53
4233984,CNC(=O)c1cc(\C=C\c2ccc(OCc3ccccc3)c(OCc4ccccc4)c2)ccc1c5ccc(Cl)cc5,CHEMBL112516,IC50,5.54
4233995,Fc1ccc(cc1)C(=O)NCCN(C2=NS(=O)(=O)c3ccccc23)c4ccccc4,CHEMBL1289741,IC50,5.54
4234006,O=C(NCCCN(C1=NS(=O)(=O)c2ccccc12)c3ccccc3)c4cccnc4,CHEMBL1289527,IC50,5.56
4234017,O=C(NCCCN(C1=NS(=O)(=O)c2ccccc12)c3ccccc3)NN4CCOCC4,CHEMBL1290277,IC50,5.57
4234028,COCCCN(C1=NS(=O)(=O)c2ccccc12)c3ccccc3,CHEMBL1289413,IC50,5.58
4234039,N#CC(CCN1CCC(CC1)c2ccccc2)(c3ccccc3)c4ccccc4,CHEMBL2205321,IC50,5.58
4234050,Cn1cccc1CC(=O)NCC(C)(C)CN(C2=NS(=O)(=O)c3cc(F)ccc23)c4ccccc4,CHEMBL1290064,IC50,5.59
4234061,COC(=O)C1(CCN(CCC(C#N)(c2ccccc2)c3ccccc3)CC1)c4ccccc4,CHEMBL2205320,IC50,5.6
4234072,COC1=C(C[C@H]2C(=C)CC[C@@H]3[C@]2(C)CC[C@H]4OC(=CC[C@]34C)C(C)(C)O)C(=O)C(=C(C)O1)C,CHEMBL460814,IC50,5.6
4234083,O=S1(=O)N=C(N(c2ccccc2)c3ccccc3)c4ccccc14,CHEMBL1289635,IC50,5.61
4234094,COc1cc(C(=O)\C=C\c2ccccc2)c(OC)c3ccoc13,CHEMBL403523,EC50,5.62
4234105,COc1cccc(\C=C\C(=O)c2cc(OC)c3occc3c2OC)c1,CHEMBL272314,EC50,5.62
4234116,O=S1(=O)N=C(N(CCCn2ccnc2)c3ccccc3)c4ccccc14,CHEMBL1289529,IC50,5.62
4234127,Fc1ccc(cc1)C(=O)NCCCN(C2=NS(=O)(=O)c3ccccc23)c4ccccn4,CHEMBL1289066,IC50,5.63
4234138,CCCCC\N=C\1/C=CN(C2CCc3ccccc23)c4cc(Cl)ccc14,CHEMBL56124,IC50,5.64
4234149,O=C(NCc1ccccc1c2ccccc2C(=O)NCCc3ccccn3)OCc4ccccc4,CHEMBL148159,IC50,5.64
4234160,COc1c(OCc2ccc(COc3c(OC)c4ccoc4c(OC)c3C(C)O)cc2)c(C(C)O)c(OC)c5ccoc15,CHEMBL306037,Kd,5.7
4234171,CCCC(C)C(=O)C1N(C(=O)c2occc2)c3ccccc3c4ccccc14,CHEMBL522412,IC50,5.72
4234182,N#CC(CCN1CCN(CC1)c2ccccc2)(c3ccccc3)c4ccccc4,CHEMBL2205326,IC50,5.73
4234193,COc1c(O)c(cc2ccoc12)C(=O)\C=C\c3ccccc3,CHEMBL272101,EC50,5.77
4234204,OC1(CCN(CCC(C#N)(c2ccccc2)c3ccccc3)CC1)c4ccccc4,CHEMBL2205329,IC50,5.77
4234215,O=C(NCCCN(C1=NS(=O)(=O)c2ccccc12)c3ccccc3)c4ccccn4,CHEMBL1289526,IC50,5.81
4234226,CC(C)(CNC(=O)C1(N)CCCC1)CN(C2=NS(=O)(=O)c3cc(F)ccc23)c4ccccc4,CHEMBL1289638,IC50,5.82
4234237,COc1c(O)c(C(=O)CCc2ccccc2)c(OC)c3CCOc13,CHEMBL308554,Kd,5.82
4234248,COc1c2OC(=CC(=O)c2c(OCCCCOc3ccccc3)c4ccoc14)C,CHEMBL562998,IC50,5.82
4234259,COc1ccccc1C(=O)C2N(C(=O)c3occc3)c4ccccc4c5ccccc25,CHEMBL524847,IC50,5.82
4234270,O=C(C1N(C(=O)c2occc2)c3ccccc3c4ccccc14)c5occc5,CHEMBL498728,IC50,5.82
4234281,COC(=O)C(=O)C1N(C(=O)c2occc2)c3ccccc3c4ccccc14,CHEMBL500166,IC50,5.85
399407,COc1ccc(CCN2[C@@H](CN(NS(=O)(=O)C)C2=O)c3ccc(OC)cc3)cc1,CHEMBL569185,IC50,5.85
4234294,O=S1(=O)N=C(N(Cc2ccccc2)c3ccccc3)c4ccccc14,CHEMBL1289637,IC50,5.86
4234305,CC(C)(CNC(=O)CC1CCCCO1)CN(C2=NS(=O)(=O)c3cc(F)ccc23)c4ccccc4,CHEMBL1289851,IC50,5.87
4234316,O=C(NCCCN(C1=NS(=O)(=O)c2ccccc12)c3ccccc3)Nc4ccccc4,CHEMBL1290168,IC50,5.89
4234327,CC(C)(CNC(=O)C1COCCN1)CN(C2=NS(=O)(=O)c3cc(F)ccc23)c4ccccc4,CHEMBL1290398,IC50,5.9
4234338,N#CC(CCN1CCN(Cc2ccccc2)CC1)(c3ccccc3)c4ccccc4,CHEMBL2205327,IC50,5.9
4234349,COC1=C(C[C@@H]2C(=C)CC[C@@H]3[C@]2(C)CC[C@H]4OC(=C(O)C[C@]34C)C(C)(C)O)C(=O)C(=C(C)O1)C,CHEMBL516634,IC50,5.92
4234360,CC(=O)NCC(C)(C)CN(C1=NS(=O)(=O)c2cc(F)ccc12)c3ccccc3,CHEMBL1290619,IC50,5.93
4234371,Clc1ccc2\C(=N\C34CC5CC(CC(C5)C3)C4)\C=CN(Cc6ccccc6)c2c1,CHEMBL56151,IC50,5.93
4234382,CC(C)(CNC(=O)c1cc[nH]c1)CN(C2=NS(=O)(=O)c3cc(F)ccc23)c4ccccc4,CHEMBL1289071,IC50,5.94
4234393,CC(C)(CNC(=O)C1(O)CCOCC1)CN(C2=NS(=O)(=O)c3cc(F)ccc23)c4ccccc4,CHEMBL1290063,IC50,5.97
4234404,O=S1(=O)N=C(N(C2CCCCC2)c3ccccc3)c4ccccc14,CHEMBL1289636,IC50,5.97
4234415,O=S(=O)(NCCCN(C1=NS(=O)(=O)c2ccccc12)c3ccccc3)c4ccccc4,CHEMBL1290167,IC50,5.98
4234426,O=C(OCCCN(C1=NS(=O)(=O)c2ccccc12)c3ccccc3)c4ccccc4,CHEMBL1289065,IC50,5.99
4234437,C(CCOc1c2ccoc2nc3ccccc13)COc4ccccc4,CHEMBL556250,IC50,6.0
4234448,COc1c(C(=O)C)c(OCc2ccc(COc3cc4occc4c(OC)c3C(=O)C)cc2)cc5occc15,CHEMBL75091,Kd,6.0
4234459,COc1c(O)c(C(=O)\C=C\c2cccs2)c(OC)c3ccoc13,CHEMBL72328,Kd,6.0
4234470,Cl.CCC\N=C\1/C=CN(Cc2ccccc2)c3cc(Cl)ccc13,CHEMBL554816,EC50,6.0
4234481,O=C1C(=C(Oc2ccccc12)c3ccccc3)OCCCCOc4ccccc4,CHEMBL540760,IC50,6.0
4234492,O=C1Oc2c(OCCCCOc3ccccc3)c4occc4cc2C=C1,CHEMBL551028,IC50,6.0
4234683,O=C1c2ccoc2N(CCCCOc3ccccc3)c4ccccc14,CHEMBL541518,IC50,6.0
4234694,OC(=O)C(=O)C1N(C(=O)c2occc2)c3ccccc3c4ccccc14,CHEMBL525412,IC50,6.0
4234705,CCCCCCNc1cc[n+](c2ccccc2)c3c(cccc13)c4ccccc4.CS(=O)(=O)[O-],CHEMBL55649,IC50,6.03
4234716,Fc1ccc(cc1)C(=O)NCCCN(C2=NS(=O)(=O)c3ccccc23)c4cccc(F)c4,CHEMBL1290393,IC50,6.03
4234727,Cc1c(oc2ccccc12)C(=O)NCCCN(C3=NS(=O)(=O)c4ccccc34)c5ccccc5,CHEMBL1289847,IC50,6.04
4234738,CCOC(=O)C1(CCN(CCC(c2ccccc2)c3ccccc3)CC1)c4ccccc4,CHEMBL2205323,IC50,6.05
4234750,COc1cccc(\C=C\C(=O)c2c(O)c(OC)c3occc3c2OC)c1,CHEMBL76543,EC50,6.05
4234761,O=C1Oc2ccccc2C(=C1)OCCCCOc3ccccc3,CHEMBL559624,IC50,6.05
4234772,O=C(NCCCN(C1=NS(=O)(=O)c2ccccc12)c3ccccc3)c4cccc(c4)C#N,CHEMBL1289412,IC50,6.06
4234783,O=C(Cc1ccccc1)NCCCN(C2=NS(=O)(=O)c3ccccc23)c4ccccc4,CHEMBL1289740,IC50,6.07
4234794,CC(C)(CNC(=O)C1CCOCC1(C)C)CN(C2=NS(=O)(=O)c3cc(F)ccc23)c4ccccc4,CHEMBL1289968,IC50,6.08
4234805,[Br-].CCCCCCOc1cc[n+](Cc2ccccc2)c3cc(Cl)ccc13,CHEMBL57117,IC50,6.08
4234816,CC(C)(CNC(=O)C1(O)CC1)CN(C2=NS(=O)(=O)c3cc(F)ccc23)c4ccccc4,CHEMBL1289069,IC50,6.09
4234827,CC(C)CCCC(C)\N=C\1/C=CN(Cc2ccccc2)c3cc(Cl)ccc13,CHEMBL56261,IC50,6.09
4234838,COc1c(OCCCCCOc2c(OC)c3occc3c(OC)c2C(=O)C)c(C(=O)C)c(OC)c4ccoc14,CHEMBL77317,Kd,6.09
4234849,Fc1ccc(cc1)C(=O)NCCCN(C2=NS(=O)(=O)c3ccccc23)c4ccccc4F,CHEMBL1290734,IC50,6.09
4234860,CCOC(=O)C1(CCN(CCCc2ccccc2)CC1)c3ccccc3,CHEMBL2205325,IC50,6.1
4234871,COc1c(O)c(C(=O)\C=C\c2cc(Br)cs2)c(OC)c3ccoc13,CHEMBL77926,Kd,6.1
4234882,CC(C)(CNC(=O)c1cocn1)CN(C2=NS(=O)(=O)c3cc(F)ccc23)c4ccccc4,CHEMBL1290739,IC50,6.13
4234893,COc1cc(O)cc(O)c1C(=O)\C=C\c2ccccc2,CHEMBL378104,IC50,6.13
4234905,O=C1Oc2cc3occc3c(OCCCCOc4ccccc4)c2C=C1,CHEMBL444449,IC50,6.13
4234916,OC1CCN(CCC(C#N)(c2ccccc2)c3ccccc3)CC1,CHEMBL2205330,IC50,6.13
4234927,O=C(NCCCN(C1=NS(=O)(=O)c2ccccc12)c3ccccc3)c4ccc5ccccc5c4,CHEMBL1289634,IC50,6.14
4234938,O=C1Oc2cc3occc3c(OCCCCc4ccccc4)c2C=C1,CHEMBL1256851,IC50,6.14
4234949,Cc1cc(C(=O)C2N(C(=O)c3occc3)c4ccccc4c5ccccc25)n(C)n1,CHEMBL496692,IC50,6.15
4234960,CC(C)(CNC(=O)C1CCOCC1)CN(C2=NS(=O)(=O)c3ccccc23)c4ccccc4,CHEMBL1290507,IC50,6.16
4234971,CC(C)(CNC(=O)c1cccc(c1)C(F)(F)F)CN(C2=NS(=O)(=O)c3cc(F)ccc23)c4ccccc4,CHEMBL1290396,IC50,6.16
4234982,COc1c(O)c(C(=O)\C=C\c2ccc(C)cc2)c(OC)c3ccoc13,CHEMBL78325,Kd,6.16
4234993,COc1c(O)c(C(=O)\C=C\c2cccc(O)c2)c(OC)c3ccoc13,CHEMBL432341,Kd,6.16
4235004,O=C(NCCCN(C1=NS(=O)(=O)c2ccccc12)c3ccccc3)c4ccccc4,CHEMBL1289182,IC50,6.16
4235015,CN1C(=O)C=C(OCCCCOc2ccccc2)c3ccccc13,CHEMBL552151,IC50,6.17
4235026,COc1c(OCCCCCCOc2c(OC)c3occc3c(OC)c2C(=O)C)c(C(=O)C)c(OC)c4ccoc14,CHEMBL307016,Kd,6.17
4235037,FC(F)(F)c1ccc(cc1)C(=O)NCCCN(C2=NS(=O)(=O)c3ccccc23)c4ccccc4,CHEMBL1287826,IC50,6.17
4235048,C(CCOc1cccc2occc12)COc3ccccc3,CHEMBL559956,IC50,6.19
4235059,CC(C)(CNC(=O)C1CCCCO1)CN(C2=NS(=O)(=O)c3cc(F)ccc23)c4ccccc4,CHEMBL1289850,IC50,6.19
4235070,Cc1oc(C)c(c1)C(=O)NCCCN(C2=NS(=O)(=O)c3ccccc23)c4ccccc4,CHEMBL1289846,IC50,6.2
4235081,COc1c(O)c(C(=O)CCc2ccccc2)c(OC)c3ccoc13,CHEMBL76997,Kd,6.22
4235092,CC(C)(CNC(=O)c1cccc(c1)C(F)(F)F)CN(C2=NS(=O)(=O)c3ccccc23)c4ccccc4,CHEMBL1290395,IC50,6.25
4235103,COc1c(Oc2cc(C)c(Oc3c(OC)c4occc4c(OC)c3C(=O)C)c(C)c2)c(C(=O)C)c(OC)c5ccoc15,CHEMBL306931,Kd,6.25
4235114,CCC\N=C\1/C=CN(Cc2ccccc2)c3cc(Cl)ccc13,CHEMBL55791,IC50,6.26
4235125,COc1ccc(cc1)C(=O)NCCCN(C2=NS(=O)(=O)c3ccccc23)c4ccccc4,CHEMBL1289411,IC50,6.26
4235136,Clc1ccc(C\N=C\2/C=CN(Cc3ccccc3Cl)c4cc(Cl)ccc24)c(Cl)c1,CHEMBL54846,IC50,6.26
4235147,Cn1ccnc1C(=O)NCC(C)(C)CN(C2=NS(=O)(=O)c3cc(F)ccc23)c4ccccc4,CHEMBL1289070,IC50,6.26
4235158,Fc1ccc(cc1)C(=O)NCCCN(C2=NS(=O)(=O)c3ccccc23)c4ccccc4,CHEMBL1289183,IC50,6.26
4235169,CC(C)(CNC(=O)c1cscn1)CN(C2=NS(=O)(=O)c3cc(F)ccc23)c4ccccc4,CHEMBL1290621,IC50,6.27
4235180,C(CCOc1cccc2cnccc12)COc3ccccc3,CHEMBL549464,IC50,6.28
4235191,CC(C)(CNC(=O)C1(N)CC1)CN(C2=NS(=O)(=O)c3cc(F)ccc23)c4ccccc4,CHEMBL1289298,IC50,6.28
4235202,CC(C)(CNC(=O)C1CCOCC1)CN(C2=NS(=O)(=O)c3cc(F)ccc23)c4ccccc4,CHEMBL1290508,IC50,6.28
4235214,C[C@H](OC(=O)NCc1ccccc1c2ccccc2C(=O)NCCc3ccccn3)c4ccccc4,CHEMBL317791,IC50,6.3
4235225,Fc1ccc(NC(=O)CCCN(C2=NS(=O)(=O)c3ccccc23)c4ccccc4)cc1,CHEMBL1289848,IC50,6.3
4235236,CCCCCC\N=C\1/C=CN(Cc2ccccc2)c3c(OC)cccc13,CHEMBL54231,IC50,6.32
4235247,CC(C)(CNC(=O)C1(O)CCCC1)CN(C2=NS(=O)(=O)c3cc(F)ccc23)c4ccccc4,CHEMBL1289531,IC50,6.33
4235258,CC(C)(CNC(=O)N1CCOCC1)CN(C2=NS(=O)(=O)c3ccccc23)c4ccccc4,CHEMBL1290279,IC50,6.33
4235269,CCCC\N=C\1/C=CN(CCCc2ccccc2)c3cc(Cl)ccc13,CHEMBL55091,IC50,6.33
4235280,COc1c2OC(=O)C=C(OCCCCOc3ccccc3)c2c(OC)c4ccoc14,CHEMBL550822,IC50,6.35
4235291,CC(CNC(=O)c1ccc(F)cc1)CN(C2=NS(=O)(=O)c3ccccc23)c4ccccc4,CHEMBL1290170,IC50,6.36
4235303,COc1c(O)c(C(=O)\C=C\c2ccccc2)c(OC)c3ccoc13,CHEMBL310916,Kd,6.4
4235314,CC(C)(CNC(=O)C1(O)CCC(F)(F)CC1)CN(C2=NS(=O)(=O)c3cc(F)ccc23)c4ccccc4,CHEMBL1289743,IC50,6.41
4235325,FC(F)(F)c1cccc(c1)C(=O)NCCCN(C2=NS(=O)(=O)c3ccccc23)c4ccccc4,CHEMBL1289295,IC50,6.43
4235336,CC(C)(CNC(=O)C1CCCO1)CN(C2=NS(=O)(=O)c3cc(F)ccc23)c4ccccc4,CHEMBL1289744,IC50,6.44
4235347,CC(C)(CNC(=O)C1(CC1)C#N)CN(C2=NS(=O)(=O)c3cc(F)ccc23)c4ccccc4,CHEMBL1289299,IC50,6.46
4235358,CC(C)(CNC(=O)C1(O)CCCCC1)CN(C2=NS(=O)(=O)c3cc(F)ccc23)c4ccccc4,CHEMBL1289639,IC50,6.46
4235369,CC(C)(CNC(=O)N1CCOCC1)CN(C2=NS(=O)(=O)c3cc(F)ccc23)c4ccccc4,CHEMBL1290280,IC50,6.47
4235380,CCCCC\N=C\1/C=CN(Cc2ccc(Cl)cc2)c3ccc(cc13)C(F)(F)F,CHEMBL416313,IC50,6.47
4235391,CC(C)(CNC(=O)C1(CCOCC1)C#N)CN(C2=NS(=O)(=O)c3cc(F)ccc23)c4ccccc4,CHEMBL1289969,IC50,6.48
4235402,CC(C)(CNC(=O)c1ncccc1O)CN(C2=NS(=O)(=O)c3cc(F)ccc23)c4ccccc4,CHEMBL1289301,IC50,6.5
4235413,COc1c2C(=CC(=O)Oc2c(OCCCCOc3ccccc3)c4occc14)C,CHEMBL550276,IC50,6.5
4235424,CCCCCC\N=C\1/C=CN(Cc2ccc(Cl)c(Cl)c2)c3cc(Cl)ccc13,CHEMBL53676,IC50,6.51
4235435,O=C(NCCCN(C1=NS(=O)(=O)c2ccccc12)c3ccccc3)c4ccc5ccccc5n4,CHEMBL1289633,IC50,6.51
4235446,CC(C)(CNC(=O)n1cccc1)CN(C2=NS(=O)(=O)c3cc(F)ccc23)c4ccccc4,CHEMBL1290618,IC50,6.52
4235457,CC(C)(CNC(=O)C1CC1)CN(C2=NS(=O)(=O)c3cc(F)ccc23)c4ccccc4,CHEMBL1289068,IC50,6.55
4235468,CCCCCCCC\N=C\1/C=CN(Cc2ccccc2)c3cc(Cl)ccc13,CHEMBL298608,IC50,6.55
4235479,CCCCC\N=C\1/C=CN(c2cccc3ccccc23)c4cc(Cl)ccc14,CHEMBL56590,IC50,6.55
4235490,COc1c(Oc2cc(C)c(Oc3c(OC)c4occc4c(OC)c3C(=O)C)cc2C)c(C(=O)C)c(OC)c5ccoc15,CHEMBL308029,Kd,6.55
4235501,CCCCC\N=C\1/C=CN(Cc2ccc(Cl)cc2)c3ccc(OC)cc13,CHEMBL417417,IC50,6.56
4235512,CC(C)(CNC(=O)C(C)(O)C(F)(F)F)CN(C1=NS(=O)(=O)c2cc(F)ccc12)c3ccccc3,CHEMBL1289419,IC50,6.6
4235523,CCCCCCNc1cc[n+](C)c2c(cccc12)c3ccccc3.CS(=O)(=O)[O-],CHEMBL59308,IC50,6.62
4235534,CCCCCCNc1cc[n+](c2ccccc2)c3c(cc(OC)cc13)c4ccccc4.CS(=O)(=O)[O-],CHEMBL55142,IC50,6.62
4235545,CCCCC\N=C\1/C=CN(Cc2ccc(Cl)cc2)c3cc(ccc13)C(F)(F)F,CHEMBL299451,IC50,6.62
4235556,CC1=CC(=O)c2c(O1)cc3occc3c2OCCCCOc4ccccc4,CHEMBL549529,IC50,6.63
4235567,CC(C)(CNC(=O)c1cnccn1)CN(C2=NS(=O)(=O)c3cc(F)ccc23)c4ccccc4,CHEMBL1289188,IC50,6.64
4235578,CCCCC\N=C\1/C=CN(Cc2ccc(Cl)cc2)c3c(F)cccc13,CHEMBL294373,IC50,6.64
4235589,CC(C)C\N=C\1/C=CN(Cc2ccccc2)c3cc(Cl)ccc13,CHEMBL291738,IC50,6.69
4235600,CC(C)(CNC(=O)C1(C)CC1)CN(C2=NS(=O)(=O)c3cc(F)ccc23)c4ccccc4,CHEMBL1289417,IC50,6.7
4235611,CC(C)(CNC(=O)c1occc1)CN(C2=NS(=O)(=O)c3cc(F)ccc23)c4ccccc4,CHEMBL1290509,IC50,6.7
4235622,CCCCC\N=C\1/C=CN(Cc2ccccc2)c3ccccc13,CHEMBL281622,IC50,6.7
4235633,CCCC\N=C\1/C=CN(Cc2ccccc2)c3cc(Cl)ccc13,CHEMBL293083,IC50,6.7
4235645,COc1ccc(CCCN2CCC(COC(c3ccccc3)c4ccccc4)CC2)cc1,CHEMBL9653,IC50,6.7
4235656,COc1ccc2c(OCCCCOc3ccccc3)c4ccoc4nc2c1OC,CHEMBL559066,IC50,6.7
4235667,COc1cnccc1C(=O)NCC(C)(C)CN(C2=NS(=O)(=O)c3cc(F)ccc23)c4ccccc4,CHEMBL1289300,IC50,6.7
4235678,CCCCCC\N=C\1/C=CN(Cc2ccccc2Cl)c3cc(Cl)ccc13,CHEMBL298622,IC50,6.72
4235689,O=C1C=COc2cc3occc3c(OCCCCOc4ccccc4)c12,CHEMBL554144,IC50,6.77
4235700,COc1cccc2C(=O)c3ccccc3N(CCCCOc4ccccc4)c12,CHEMBL562876,IC50,6.78
4235711,CCCCCC\N=C\1/C=CN(Cc2ccccc2)c3ccccc13,CHEMBL56173,IC50,6.79
4235722,CC(C)(CNC(=O)c1ccc(F)cc1)CN(C2=NS(=O)(=O)c3ccccc23)c4ccccc4,CHEMBL1290169,IC50,6.8
4235733,CC(C)(CNC(=O)CC(F)(F)F)CN(C1=NS(=O)(=O)c2cc(F)ccc12)c3ccccc3,CHEMBL1290737,IC50,6.82
4235744,CC(C)(CNC(=O)c1cocc1)CN(C2=NS(=O)(=O)c3cc(F)ccc23)c4ccccc4,CHEMBL1290510,IC50,6.82
4235755,COc1cc2nc3occc3c(OCCCCOc4ccccc4)c2cc1OC,CHEMBL549528,IC50,6.82
4235766,O=C1Oc2cccc(OCCCCOc3ccccc3)c2C=C1,CHEMBL540174,IC50,6.82
4235777,CC(C)(CNC(=O)C1CC1(F)F)CN(C2=NS(=O)(=O)c3cc(F)ccc23)c4ccccc4,CHEMBL1289416,IC50,6.85
4235788,COc1ccccc1C(=O)NC[C@@]2(CC[C@@H](CC2)OC(=O)NCC=C)c3ccccc3,CHEMBL16432,IC50,6.85
4235799,CCCCCCC\N=C\1/C=CN(Cc2ccccc2)c3cc(Cl)ccc13,CHEMBL54934,IC50,6.93
4235810,CCCCCC\N=C\1/C=CN(Cc2ccc(Cl)cc2)c3cc(Cl)ccc13,CHEMBL56998,IC50,7.0
4235821,CNC(=O)O[C@@H]1CC[C@](CNC(=O)c2ccccc2OC)(CC1)c3ccccc3,CHEMBL16945,IC50,7.0
4235832,COC(=O)C12O[C@@H]1C(=C)C[C@@]3(O)[C@@H]4CC[C@@]5(C)[C@@H]6C=CC(=O)OC[C@]6(C(C)OC(=O)C)[C@@H](OC(=O)C)[C@@H](OC(=O)C)[C@@H]5[C@@]4(C)[C@H](OC(=O)C)[C@H](OC(=O)C)[C@@]23C,CHEMBL311283,Kd,7.0
4235843,CC(C)(CNC(=O)C1(CCC1)C(F)(F)F)CN(C2=NS(=O)(=O)c3cc(F)ccc23)c4ccccc4,CHEMBL1289530,IC50,7.05
4235854,CCCCCC\N=C\1/C=CN(Cc2ccc(OC)cc2)c3cc(Cl)ccc13,CHEMBL55202,IC50,7.06
4235865,COC(=O)[C@@]12O[C@@H]1C(=C)CC3[C@@H]4CC[C@@]5(C)[C@@H]6C=CC(=O)OC[C@]6([C@@H](C)OC(=O)C)[C@@H](OC(=C)C)[C@@H](OC(=O)C)[C@@H]5[C@@]4(C)[C@H](OC(=O)C)[C@H](OC(=O)C)[C@@]23C,CHEMBL290227,IC50,7.07
4235876,CC(C)(CNC(=O)C1(CC1)C(F)(F)F)CN(C2=NS(=O)(=O)c3cc(F)ccc23)c4ccccc4,CHEMBL1289186,IC50,7.1
4235887,CCCNC(=O)O[C@@H]1CC[C@](CNC(=O)c2ccccc2OC)(CC1)c3ccccc3,CHEMBL279606,IC50,7.1
4235898,COc1ccccc1C(=O)NC[C@@]2(CC[C@@H](CC2)NC(=O)NCC=C)c3ccccc3,CHEMBL16683,IC50,7.1
4235909,CCCCC\N=C\1/C=CN(c2ccc3ccccc3c2)c4cc(Cl)ccc14,CHEMBL56589,IC50,7.13
4235920,COc1ccccc1C(=O)NC[C@@]2(CC[C@@H](CC2)NC(=O)OCC=C)c3ccccc3,CHEMBL277598,IC50,7.14
4235932,CCCCC\N=C\1/C=CN(Cc2ccccc2)c3cc(Cl)ccc13,CHEMBL299668,IC50,7.19
4235943,CCCCCC\N=C\1/C=CN(Cc2ccccc2)c3ccc(OC)cc13,CHEMBL293721,IC50,7.33
4235954,CCCCCC\N=C\1/C=CN(Cc2ccccc2)c3cc(Cl)ccc13,CHEMBL53841,IC50,7.5
4235964,COc1ccccc1C(=O)NC[C@@]2(CC[C@H](CC2)NC(=O)NCC=C)c3ccccc3,CHEMBL16255,IC50,7.54
4235974,COc1ccccc1C(=O)NC[C@@]2(CC[C@H](CC2)OC(=O)NCC=C)c3ccccc3,CHEMBL278660,IC50,7.75
4235985,S=C1Oc2cc3occc3c(OCCCCOc4ccccc4)c2C=C1,CHEMBL540249,IC50,7.77
4235995,CCCNC(=O)O[C@@H]1CC[C@@](CNC(=O)c2ccccc2OC)(CC1)c3ccccc3,CHEMBL16804,IC50,8.3
4236005,CNC(=O)O[C@@H]1CC[C@@](CNC(=O)c2ccccc2OC)(CC1)c3ccccc3,CHEMBL16806,IC50,8.3
3209126,CC[C@H](C)[C@@H]1NC(=O)[C@H](CSSC[C@H](NC(=O)[C@@H](NC(=O)CNC(=O)[C@@H]2CSSC[C@@H]3NC(=O)C(CCN)NC(=O)[C@H](Cc4ccccc4)NC(=O)[C@H](C)NC(=O)[C@@H](NC(=O)[C@H](CSSC[C@H](NC(=O)[C@H](Cc5ccccc5)NC(=O)[C@H](CO)NC(=O)[C@H](CC(C)C)NC(=O)[C@H](CCCNC(=N)N)NC(=O)[C@H](Cc6ccc(O)cc6)NC(=O)[C@H](CCCCN)NC(=O)[C@H](CCSC)NC(=O)[C@H](CO)NC(=O)[C@H](Cc7cnc[nH]7)NC(=O)[C@H](CCCCN)NC3=O)C(=O)N[C@@H](CCCNC(=N)N)C(=O)N[C@@H](CCCCN)C(=O)N[C@@H]([C@@H](C)O)C(=O)N2)NC(=O)[C@H](CCCNC(=N)N)NC(=O)[C@H](CO)NC(=O)[C@H](CCCCN)NC(=O)[C@@H]8CCCN8C(=O)[C@@H](NC(=O)[C@@H](NC(=O)[C@H](CC(=O)O)NC1=O)[C@@H](C)O)[C@@H](C)CC)[C@@H](C)O)[C@@H](C)O)C(=O)O)NC(=O)[C@H](CO)NC(=O)[C@@H](N)CCCNC(=N)N,CHEMBL3609086,IC50,9.65
3209116,CC[C@H](C)[C@@H]1NC(=O)[C@H](CSSC[C@H](NC(=O)[C@@H](NC(=O)CNC(=O)[C@@H]2CSSC[C@@H]3NC(=O)[C@H](CCC(=O)N)NC(=O)[C@H](Cc4ccccc4)NC(=O)[C@H](C)NC(=O)[C@@H](NC(=O)[C@H](CSSC[C@H](NC(=O)[C@H](Cc5ccccc5)NC(=O)[C@H](CO)NC(=O)[C@H](CC(C)C)NC(=O)[C@H](CCCNC(=N)N)NC(=O)[C@H](Cc6ccc(O)cc6)NC(=O)[C@H](CCCCN)NC(=O)[C@H](CCSC)NC(=O)[C@H](CO)NC(=O)[C@H](Cc7cnc[nH]7)NC(=O)[C@H](CCCCN)NC3=O)C(=O)N[C@@H](CCCNC(=N)N)C(=O)N[C@@H](CCCCN)C(=O)N[C@@H]([C@@H](C)O)C(=O)N2)NC(=O)[C@H](CCCNC(=N)N)NC(=O)[C@H](CO)NC(=O)[C@H](CCCCN)NC(=O)[C@@H]8CCCN8C(=O)[C@@H](NC(=O)[C@@H](NC(=O)[C@H](CC(=O)O)NC1=O)[C@@H](C)O)[C@@H](C)CC)[C@@H](C)O)[C@@H](C)O)C(=O)O)NC(=O)[C@H](CO)NC(=O)[C@H](CCCNC(=N)N)NC(=O)COCCOCCNC(=O)[C@@H](N)Cc9ccc(OP(=O)(O)O)cc9,CHEMBL3609095,IC50,9.66
