id,smiles,name,assay_type,activity_value
8791508,NC1=CC(=NC(N)=[N+]1[O-])N1CCCCC1,minoxidil,N/A,N/A
8791518,CC(NC(NC1=CC=NC=C1)=NC#N)C(C)(C)C,pinacidil,Ki,6.49
3257203,CC1=CC=C(C=C1)S(=O)(=O)NC(=O)NN1CCCCCC1,tolazamide,N/A,N/A
3257213,CC1=CC=C(C=C1)S(=O)(=O)NC(=O)NN1CC2CCCC2C1,gliclazide,Kd,6.22184896
3257223,COC1=C(C=C(Cl)C=C1)C(=O)NCCC1=CC=C(C=C1)S(=O)(=O)NC(=O)NC1CCCCC1,glibenclamide,Kd,9.52287865
3257233,CC1=CN=C(C=N1)C(=O)NCCC1=CC=C(C=C1)S(=O)(=O)NC(=O)NC1CCCCC1,glipizide,Kd,9.09691048
3257243,COC1=CC=C2C(=C1)C(=O)N(CCC1=CC=C(C=C1)S(=O)(=O)NC(=O)NC1CCCCC1)C(=O)C2(C)C,gliquidone,Kd,9.0
3257253,CC1=CC(=NO1)C(=O)NCCC1=CC=C(C=C1)S(=O)(=O)NC(=O)NN1CCCCCC1,glisoxepide,Kd,7.9586072
3257263,CC1=CC=C(C=C1)S(=O)(=O)NC(=O)N[C@@H]1[C@H](O)[C@]2(C)CC[C@H]1C2(C)C,glibornuride,Kd,7.04575729
3257273,CCCNC(=O)NS(=O)(=O)C1=CC=C(Cl)C=C1,chlorpropamide,Kd,5.04575729
3257283,CCCCNC(=O)NS(=O)(=O)C1=CC=C(C)C=C1,tolbutamide,Kd,5.04575729
3257293,CCCCNC(=O)NS(=O)(=O)C1=CC=C(N)C=C1,carbutamide,Kd,4.60205984
3257303,CCC1=C(C)CN(C(=O)NCCC2=CC=C(C=C2)S(=O)(=O)NC(=O)N[C@H]2CC[C@H](C)CC2)C1=O,glimepiride,Ki,9.23999977
3257313,CC(C)[C@H]1CC[C@@H](CC1)C(=O)N[C@H](CC1=CC=CC=C1)C(O)=O,nateglinide,Ki,6.46000004
3257323,CCOC1=C(C=CC(CC(=O)N[C@@H](CC(C)C)C2=C(C=CC=C2)N2CCCCC2)=C1)C(O)=O,repaglinide,Ki,9.14000034
3257333,[H][C@@]12CN(C[C@]1([H])CCCC2)C(=O)C[C@H](CC1=CC=CC=C1)C(O)=O,mitiglinide,IC50,7.0
3257343,CC(=O)C1=CC=C(C=C1)S(=O)(=O)NC(=O)NC1CCCCC1,acetohexamide,Ki,4.63940668
3257353,CC1=NC2=CC=C(Cl)C=C2S(=O)(=O)N1,diazoxide,EC50,4.63000011
8791628,COc1ncccc1N\C(=N/C#N)\NC(NC(=O)c2ccc(Cl)cc2)C(C)(Cl)Cl,CHEMBL240177,EC50,5.01
8791639,Cc1nc(ccc1N\C(=N/C#N)\NC(NC(=O)c2ccc(Cl)cc2)C(C)(Cl)Cl)C(F)(F)F,CHEMBL393130,EC50,5.02
8791650,CC(Cl)(Cl)C(N\C(=N\C#N)\Nc1ccc(F)nc1)NC(=O)c2ccc(OC(F)(F)F)cc2,CHEMBL393952,EC50,5.05
8791661,COc1cc(OC)cc(c1)C(=O)NC(N\C(=N\C#N)\Nc2ccc(Cl)nc2)C(C)(Cl)Cl,CHEMBL240559,EC50,5.05
8791672,CC(Cl)(Cl)C(N\C(=N\C#N)\Nc1ccc(nc1)C(F)(F)F)NC(=O)c2ccc(I)cc2,CHEMBL240989,EC50,5.11
8791683,CC(Cl)(Cl)C(N\C(=N\C#N)\Nc1ccc(nc1)C(F)(F)F)NC(=O)c2cccc(Cl)c2,CHEMBL392290,EC50,5.17
8791694,CC(C)C(=O)Nc1c(ccc2ccccc12)C(O)(C(F)(F)F)C(F)(F)F,CHEMBL49070,EC50,5.18
8791705,COc1cnccc1C(=O)NC(N\C(=N\C#N)\Nc2ccc(Cl)nc2)C(C)(Cl)Cl,CHEMBL240558,EC50,5.18
8791716,CC(Cl)(Cl)C(N\C(=N\C#N)\Nc1cccnc1Cl)NC(=O)c2ccc(Cl)cc2,CHEMBL540965,EC50,5.22
8791727,Cc1ccccc1C(=O)Nc2c(ccc3ccccc23)C(O)(C(F)(F)F)C(F)(F)F,CHEMBL46435,EC50,5.26
8791738,CC(Cl)(Cl)C(N\C(=N\C#N)\Nc1ccc(Cl)nc1)NC(=O)c2ccc(OC(F)(F)F)cc2,CHEMBL240347,EC50,5.27
8791749,CC(Cl)(Cl)C(N\C(=N\C#N)\Nc1ccc(Cl)nc1)NC(=O)c2cccc(F)c2,CHEMBL395453,EC50,5.27
8791760,CC(=O)Nc1c(cc(Br)c2ccccc12)C(O)(C(F)(F)F)C(F)(F)F,CHEMBL50501,EC50,5.28
8791771,CC(Cl)(Cl)C(N\C(=N\C#N)\Nc1ccc(Cl)nc1)NC(=O)c2ccc(cc2)C(F)(F)F,CHEMBL240346,EC50,5.3
8791782,OC(c1ccc2ccccc2c1NC(=O)NCCCCCCCl)(C(F)(F)F)C(F)(F)F,CHEMBL48890,EC50,5.32
8791793,CC(Cl)(Cl)C(N\C(=N\C#N)\Nc1ccc(F)nc1)NC(=O)c2cccs2,CHEMBL436805,EC50,5.34
8791804,CCC(CC)C(=O)Nc1c(ccc2ccccc12)C(O)(C(F)(F)F)C(F)(F)F,CHEMBL299166,EC50,5.36
8791815,CC(Cl)(Cl)C(N\C(=N\C#N)\Nc1ccc(F)nc1)NC(=O)c2cc(F)cc(F)c2,CHEMBL238854,EC50,5.37
8791826,Cc1ccc(cc1)C(=O)NC(N\C(=N\C#N)\Nc2ccc(F)nc2)C(C)(Cl)Cl,CHEMBL238639,EC50,5.37
8791837,Cc1cccc(c1)C(=O)NC(N\C(=N\C#N)\Nc2ccc(F)nc2)C(C)(Cl)Cl,CHEMBL238640,EC50,5.37
8791848,Cc1ccc(cc1)C(=O)NC(N\C(=N\C#N)\Nc2ccc(nc2)C(F)(F)F)C(C)(Cl)Cl,CHEMBL240988,EC50,5.42
8791859,CC(Cl)(Cl)C(N\C(=N\C#N)\Nc1ccc(nc1)C(F)(F)F)NC(=O)c2cc(Cl)cc(Cl)c2,CHEMBL240768,EC50,5.43
8791870,CC(Cl)(Cl)C(N\C(=N\C#N)\Nc1ccc(Cl)nc1)NC(=O)c2cccs2,CHEMBL240345,EC50,5.56
8791881,CC(Cl)(Cl)C(N\C(=N\C#N)\Nc1cncc(Br)c1)NC(=O)c2cc(Cl)cc(Cl)c2,CHEMBL241411,EC50,5.58
8791892,Cc1cccc(c1)C(=O)NC(N\C(=N\C#N)\Nc2ccc(nc2)C(F)(F)F)C(C)(Cl)Cl,CHEMBL240767,EC50,5.59
8791903,CC(Cl)(Cl)C(N\C(=N\C#N)\Nc1ccc(F)nc1)NC(=O)c2cccc(Cl)c2,CHEMBL238638,EC50,5.64
8791914,CC(Cl)(Cl)C(N\C(=N\C#N)\Nc1ccc(nc1)C(F)(F)F)NC(=O)c2cccc(F)c2,CHEMBL393731,EC50,5.64
8791925,CC(=O)Nc1c(ccc2cc(O)ccc12)C(O)(C(F)(F)F)C(F)(F)F,CHEMBL49321,EC50,5.65
8791936,Cc1ccc(N\C(=N/C#N)\NC(NC(=O)c2ccc(Cl)cc2)C(C)(Cl)Cl)cn1,CHEMBL395175,EC50,5.65
8791947,CC(Cl)(Cl)[C@@H](N\C(=N\C#N)\Nc1ccc(Cl)nc1)NC(=O)c2ccc(Cl)cc2,CHEMBL2110262,EC50,5.67
8791958,CC(Cl)(Cl)C(N\C(=N\C#N)\Nc1ccc(nc1)C(F)(F)F)NC(=O)c2ccc(F)cc2,CHEMBL240766,EC50,5.68
8791969,CC(Cl)(Cl)C(N\C(=N\C#N)\Nc1ccc(Cl)nc1)NC(=O)c2ccccc2,CHEMBL240131,EC50,5.69
8791980,CC(Cl)(Cl)C(N\C(=N\C#N)\Nc1ccc(F)nc1)NC(=O)c2cc(Cl)cc(Cl)c2,CHEMBL238422,EC50,5.69
8791991,OC(c1ccc2ccccc2c1NC(=O)c3ccccc3Cl)(C(F)(F)F)C(F)(F)F,CHEMBL49551,EC50,5.69
8792002,CC(Cl)(Cl)C(N\C(=N\C#N)\Nc1ccc(nc1)C(F)(F)F)NC(=O)c2cccs2,CHEMBL240560,EC50,5.76
8792013,OC(c1ccc2ccccc2c1NC(=O)CCc3ccccc3)(C(F)(F)F)C(F)(F)F,CHEMBL48755,EC50,5.76
8792024,Cc1cccc(c1)C(=O)NC(N\C(=N\C#N)\Nc2ccc(Cl)nc2)C(C)(Cl)Cl,CHEMBL395452,EC50,5.77
8792035,CC(Cl)(Cl)C(N\C(=N\C#N)\Nc1ccc(Cl)nc1)NC(=O)c2cccc(Cl)c2,CHEMBL240135,EC50,5.78
8792046,Cc1cccc(c1)C(=O)NC(N\C(=N\C#N)\Nc2cncc(Br)c2)C(C)(Cl)Cl,CHEMBL241410,EC50,5.78
8792057,CC(Cl)(Cl)C(N\C(=N\C#N)\Nc1ccc(nc1)C(F)(F)F)NC(=O)c2ccc(Cl)cc2,CHEMBL239090,EC50,5.79
8792068,CC(Cl)(Cl)C(N\C(=N\C#N)\Nc1ccc(F)nc1)NC(=O)c2ccc(Cl)cc2,CHEMBL238884,EC50,5.82
8792079,Cc1ccc(cc1)C(=O)NC(N\C(=N\C#N)\Nc2cncc(Br)c2)C(C)(Cl)Cl,CHEMBL393425,EC50,5.88
8792090,CC(Cl)(Cl)C(N\C(=N\C#N)\Nc1ccc(Cl)nc1)NC(=O)c2ccc(F)cc2,CHEMBL397830,EC50,5.89
8792101,CC(Cl)(Cl)C(N\C(=N\C#N)\Nc1cncc(Br)c1)NC(=O)c2cccs2,CHEMBL241409,EC50,5.89
8792112,CC(Cl)(Cl)C(N\C(=N\C#N)\Nc1ccc(nc1)C(F)(F)F)NC(=O)c2cc(F)cc(F)c2,CHEMBL393730,EC50,5.93
8792123,CC(C)OC(=O)Nc1c(ccc2ccccc12)C(O)(C(F)(F)F)C(F)(F)F,CHEMBL45645,EC50,5.94
8792134,CC(Cl)(Cl)C(N\C(=N\C#N)\Nc1ccc(Cl)nc1)NC(=O)c2cc(F)cc(F)c2,CHEMBL410755,EC50,5.96
8792145,CC(Cl)(Cl)C(N\C(=N\C#N)\Nc1cncc(Br)c1)NC(=O)c2cc(F)cc(F)c2,CHEMBL241200,EC50,5.96
8792156,CC(Cl)(Cl)[C@H](N\C(=N\C#N)\Nc1ccc(Cl)nc1)NC(=O)c2ccc(Cl)cc2,CHEMBL274449,EC50,5.97
8792167,CC(Cl)(Cl)C(N\C(=N\C#N)\Nc1cncc(Br)c1)NC(=O)c2ccc(F)cc2,CHEMBL393424,EC50,6.02
8792178,Cc1ccc(cc1)C(=O)NC(N\C(=N\C#N)\Nc2ccc(Cl)nc2)C(C)(Cl)Cl,CHEMBL239128,EC50,6.04
8792189,CC(Cl)(Cl)C(N\C(=N\C#N)\Nc1ccc(Cl)nc1)NC(=O)c2ccc(I)cc2,CHEMBL239121,EC50,6.05
8792200,CC(Cl)(Cl)C(N\C(=N\C#N)\Nc1ccc(Cl)nc1)NC(=O)c2cc(Cl)cc(Cl)c2,CHEMBL239119,EC50,6.09
8792211,CC(Cl)(Cl)C(N\C(=N\C#N)\Nc1cncc(Br)c1)NC(=O)c2cccc(Cl)c2,CHEMBL241199,EC50,6.11
8792222,Cc1cncc(N\C(=N/C#N)\NC(NC(=O)c2ccc(Cl)cc2)C(C)(Cl)Cl)c1,CHEMBL238883,EC50,6.12
8792233,OC(c1ccc2ccccc2c1NC(=O)C3CC3)(C(F)(F)F)C(F)(F)F,CHEMBL296840,EC50,6.12
8792244,CC(Cl)(Cl)C(N\C(=N\C#N)\Nc1cncc(Br)c1)NC(=O)c2ccc(Cl)cc2,CHEMBL393831,EC50,6.19
8792255,OC(c1ccc2ccccc2c1NC(=O)c3ccc(Cl)cc3)(C(F)(F)F)C(F)(F)F,CHEMBL296931,EC50,6.24
8792266,CC(Cl)(Cl)C(N\C(=N\C#N)\Nc1ccc(Cl)nc1)NC(=O)c2ccc(Br)cc2,CHEMBL391369,EC50,6.27
8792277,OC(c1ccc2ccccc2c1NC(=O)C3CCCC3)(C(F)(F)F)C(F)(F)F,CHEMBL49191,EC50,6.31
8792288,CC(Cl)(Cl)C(N\C(=N\C#N)\Nc1ccc(Cl)nc1)NC(=O)c2ccc(Cl)cc2,CHEMBL239514,EC50,6.34
8792299,C[C@](O)(C(=O)Nc1ccc(cc1)C(=O)c2ccccc2)C(F)(F)F,CHEMBL18861,EC50,6.36
8792310,COc1ccc(cc1)C(=O)Nc2c(ccc3ccccc23)C(O)(C(F)(F)F)C(F)(F)F,CHEMBL48615,EC50,6.38
8792321,CC(Cl)(Cl)[C@H](N\C(=N\C#N)\Nc1cccnc1)NC(=O)c2ccc(Cl)cc2,CHEMBL239512,EC50,6.47
8792332,OC(c1ccc2ccccc2c1NC(=O)c3cnc4ccccc4n3)(C(F)(F)F)C(F)(F)F,CHEMBL301591,EC50,6.5
8792343,OC(c1ccc2ccccc2c1NC(=O)c3cc(Cl)cc(Cl)c3)(C(F)(F)F)C(F)(F)F,CHEMBL49348,EC50,6.51
8792354,OC(c1ccc2ccccc2c1NC(=O)Nc3ccc(Cl)cc3)(C(F)(F)F)C(F)(F)F,CHEMBL48174,EC50,6.56
8792365,COCC(=O)Nc1c(ccc2ccccc12)C(O)(C(F)(F)F)C(F)(F)F,CHEMBL45749,EC50,6.67
8792376,OC(c1ccc2ccccc2c1NC(=O)c3ccc(Cl)c(Cl)c3)(C(F)(F)F)C(F)(F)F,CHEMBL46244,EC50,6.71
8792387,COc1cccc(c1)C(=O)Nc2c(ccc3ccccc23)C(O)(C(F)(F)F)C(F)(F)F,CHEMBL48765,EC50,6.73
8792398,OC(c1ccc2ccccc2c1NC(=O)c3ccc(cc3)C(F)(F)F)(C(F)(F)F)C(F)(F)F,CHEMBL48801,EC50,6.8
8792409,OC(c1ccc2ccccc2c1NC(=O)c3ccc(I)cc3)(C(F)(F)F)C(F)(F)F,CHEMBL51460,EC50,6.81
8792420,CC(=O)Nc1c(ccc2c(O)cccc12)C(O)(C(F)(F)F)C(F)(F)F,CHEMBL49701,EC50,6.86
8792431,CCCC(=O)Nc1c(ccc2ccccc12)C(O)(C(F)(F)F)C(F)(F)F,CHEMBL49797,EC50,6.88
8792442,OC(c1ccc2ccccc2c1NC(=O)c3cccc(c3)[N+](=O)[O-])(C(F)(F)F)C(F)(F)F,CHEMBL295458,EC50,6.93
8792453,OC(c1ccc2ccccc2c1NC(=O)c3cccc(Cl)c3)(C(F)(F)F)C(F)(F)F,CHEMBL301296,EC50,7.01
8792464,OC(c1ccc2ccccc2c1NC(=O)c3cccc(c3)C(F)(F)F)(C(F)(F)F)C(F)(F)F,CHEMBL298970,EC50,7.08
8792475,OC(c1ccc2ccccc2c1NC(=O)CC3CCCC3)(C(F)(F)F)C(F)(F)F,CHEMBL45937,EC50,7.09
8792486,OC(c1ccc2ccccc2c1NC(=O)c3cccc(Br)c3)(C(F)(F)F)C(F)(F)F,CHEMBL298383,EC50,7.1
8792497,Cc1ccc(cc1)C(=O)Nc2c(ccc3ccccc23)C(O)(C(F)(F)F)C(F)(F)F,CHEMBL296954,EC50,7.12
8792508,C\C=C\C(=O)Nc1c(ccc2ccccc12)C(O)(C(F)(F)F)C(F)(F)F,CHEMBL49153,EC50,7.14
8792519,OC(c1ccc2ccccc2c1NC(=O)c3ccc(F)cc3)(C(F)(F)F)C(F)(F)F,CHEMBL48291,EC50,7.16
8792530,OC(c1ccc2ccccc2c1NC(=O)c3cccnc3)(C(F)(F)F)C(F)(F)F,CHEMBL49076,EC50,7.22
8792541,CC(C)CCC(=O)Nc1c(ccc2ccccc12)C(O)(C(F)(F)F)C(F)(F)F,CHEMBL49116,EC50,7.31
8792552,OC(c1ccc2ccccc2c1NC(=O)c3ccc(Br)cc3)(C(F)(F)F)C(F)(F)F,CHEMBL298866,EC50,7.33
8792563,CC(=CC(=O)Nc1c(ccc2ccccc12)C(O)(C(F)(F)F)C(F)(F)F)C,CHEMBL300969,EC50,7.34
8792574,OC(c1ccc2ccccc2c1NC(=O)C3CCC3)(C(F)(F)F)C(F)(F)F,CHEMBL47170,EC50,7.35
8792585,OC(c1ccc2ccccc2c1NC(=O)c3cccc(F)c3)(C(F)(F)F)C(F)(F)F,CHEMBL49787,EC50,7.36
8792596,OC(c1ccc2ccccc2c1NC(=O)c3ccccc3)(C(F)(F)F)C(F)(F)F,CHEMBL51071,EC50,7.36
8792607,OC(c1ccc2ccccc2c1NC(=O)c3ocnc3)(C(F)(F)F)C(F)(F)F,CHEMBL48797,EC50,7.62
8792618,Cc1cccc(c1)C(=O)Nc2c(ccc3ccccc23)C(O)(C(F)(F)F)C(F)(F)F,CHEMBL300958,EC50,7.64
8792629,CC(=O)Nc1c(ccc2ccccc12)C(O)(C(F)(F)F)C(F)(F)F,CHEMBL299167,EC50,7.75
8792640,CCC(=O)Nc1c(ccc2ccccc12)C(O)(C(F)(F)F)C(F)(F)F,CHEMBL50760,EC50,7.82
8792651,OC(c1ccc2ccccc2c1NC(=O)c3cccc(c3)C#N)(C(F)(F)F)C(F)(F)F,CHEMBL49806,EC50,7.92
8792662,OC(c1ccc2ccccc2c1NC(=O)c3cccs3)(C(F)(F)F)C(F)(F)F,CHEMBL50374,EC50,7.92
8792673,OC(c1ccc2ccccc2c1NC(=O)c3occc3)(C(F)(F)F)C(F)(F)F,CHEMBL48848,EC50,8.05
