id,smiles,name,assay_type,activity_value
1752159,CS(=O)(=O)c1ccc(CCN2CCN(CCc3ccc(cc3)[N+](=O)[O-])CC2)cc1,CHEMBL2146862,IC50,5.03
3342873,O=C(Cc1ccc(cc1)n2cnnn2)N3CCN(CCc4ccc5COC(=O)c5c4)CC3,CHEMBL2441438,IC50,5.15
1751559,[O-][N+](=O)c1ccc(CCN2CCNCC2)cc1,CHEMBL2146754,IC50,5.28
1755650,COc1ccc(CCN2CCN(CCc3ccc(cc3)[N+](=O)[O-])CC2)cc1,CHEMBL2146861,IC50,5.34
1754069,[O-][N+](=O)c1ccc(CCN2CCN(CCc3ccc(cc3)c4occn4)CC2)cc1,CHEMBL2146854,IC50,5.37
1753637,C(Cc1ccc2nonc2c1)N3CCN(CCc4ccc5nonc5c4)CC3,CHEMBL2146869,IC50,5.38
3342892,[O-][N+](=O)c1ccc(CCCN2CCN(CCc3ccc(cc3)[N+](=O)[O-])CC2)cc1,CHEMBL2146864,IC50,5.42
1754806,[O-][N+](=O)c1ccc(CCN2CCN(CCc3cccc(c3)C#N)CC2)cc1,CHEMBL2146852,IC50,5.42
1754773,[O-][N+](=O)c1ccc(CCN2CCN(CCc3ccc(F)cc3)CC2)cc1,CHEMBL2146858,IC50,5.51
1754905,CCOC(=O)c1ccc(CCN2CCN(CCc3ccc(cc3)[N+](=O)[O-])CC2)cc1,CHEMBL2146857,IC50,5.54
1725679,FC(F)(F)c1cc(CC(=O)N2CCN(CCc3ccc4C(=O)OCc4c3)CC2)ccc1n5cnnn5,CHEMBL2441412,IC50,5.6
1750195,O=C1OCc2cc(CCN3CCN(CCc4ccc5nonc5c4)CC3)ccc12,CHEMBL2146872,IC50,5.66
1755396,[O-][N+](=O)c1ccc(CCN2CCN(CCc3ccc(cc3)n4cnnn4)CC2)cc1,CHEMBL2441429,IC50,5.68
3342914,Cc1c2COC(=O)c2ccc1[C@@H](O)CN3CC[C@H](C3)NCC(O)c4ccc(cn4)C#N,CHEMBL3701206,IC50,5.69
1754195,N#Cc1ccc(CCN2CCN(CCc3ccc4nonc4c3)CC2)cc1,CHEMBL2146851,IC50,5.72
1754114,[O-][N+](=O)c1ccc(CCN2CCN(CC2)C(=O)Cc3ccc(cc3)[N+](=O)[O-])cc1,CHEMBL2441430,IC50,5.75
1724608,COc1cc2C(=O)OCc2cc1CCN3CCN(CC3)C(=O)Cc4ccc(cc4)n5cnnn5,CHEMBL2441425,IC50,5.82
3342930,COc1c(CCN2CCN(CC2)C(=O)Cc3ccc(cc3)n4cnnn4)ccc5C(=O)OCc15,CHEMBL2441422,IC50,5.85
3342940,Cc1c2COC(=O)c2ccc1[C@@H](O)CNC3C[C@H]4C[C@@H]3N(C[C@H](O)c5ccc6C(=O)OCc6c5C)C4,CHEMBL3701211,IC50,5.85
3342949,Cc1c2COC(=O)c2ccc1[C@@H](O)CN3CC[C@H](C3)NS(=O)(=O)c4ccc(cc4)[N+]#[C-],CHEMBL3701210,IC50,5.86
3342958,Cc1c2COC(=O)c2ccc1[C@@H](O)CN[C@@H]3CCN(CC(O)c4ccc(cn4)C#N)C3,CHEMBL3701207,IC50,5.86
1734575,O=C(Cc1ccc(cc1)n2cnnn2)N3CCN(CCc4ccc5COCc5c4)CC3,CHEMBL2441440,IC50,5.89
1722571,O=C(Cc1ccc(cc1)n2cnnn2)N3CCN(CCc4ccc5C(=O)CCc5c4)CC3,CHEMBL2441441,IC50,5.92
1716219,Cc1cc(CCN2CCN(CC2)C(=O)Cc3ccc(cc3)n4cnnn4)cc5COC(=O)c15,CHEMBL2441426,IC50,5.96
1716208,Cc1c2COC(=O)c2ccc1[C@@H](O)CN3CCN(CC(O)c4cc(c(cn4)C#N)C(F)(F)F)CC3,CHEMBL3612927,IC50,6.02
1748579,O=C(Cc1ccc(cc1)n2cnnn2)N3CCN(CCc4ccc(cc4)C#N)CC3,CHEMBL2441434,IC50,6.04
1730839,Clc1cc(CCN2CCN(CC2)C(=O)Cc3ccc(cc3)n4cnnn4)cc5COC(=O)c15,CHEMBL2441428,IC50,6.08
1755312,N#Cc1ccc(CCN2CCN(CCc3ccc(cc3)C#N)CC2)cc1,CHEMBL2146868,IC50,6.1
3342982,Cc1cc(cnc1C(O)CN2CCN(C[C@H](O)c3ccc4C(=O)OCc4c3C)CC2)C#N,CHEMBL3612922,IC50,6.19
1752774,FC(F)(F)Oc1cc(CCN2CCN(CCc3ccc4C(=O)OCc4c3)CC2)ccc1C#N,CHEMBL2146878,IC50,6.21
3342995,Fc1cc(CC(=O)N2CCN(CCc3ccc4C(=O)OCc4c3)CC2)ccc1n5cnnn5,CHEMBL2441409,IC50,6.22
3343005,Cc1c2COC(=O)c2ccc1[C@H](O)CN3CC[C@H](C3)NC[C@H](O)c4ccc5C(=O)OCc5c4C,CHEMBL3701200,IC50,6.23
1748210,CSc1cc(CCN2CCN(CCc3ccc4C(=O)OCc4c3)CC2)ccc1C#N,CHEMBL2146880,IC50,6.26
1721354,O=C(Cc1ccc(c(c1)C#N)n2cnnn2)N3CCN(CCc4ccc5C(=O)OCc5c4)CC3,CHEMBL2441411,IC50,6.26
1740941,[O-][N+](=O)c1ccc(CCN2CCN(CC2)C(=O)Cc3ccc4C(=O)OCc4c3)cc1,CHEMBL2441431,IC50,6.27
1721705,FC(F)(F)c1cc(ccc1CC(=O)N2CCN(CCc3ccc4C(=O)OCc4c3)CC2)n5cnnn5,CHEMBL2441416,IC50,6.28
3343022,Cc1c2COC(=O)c2ccc1[C@@H](O)CNCC3CCCN3C[C@H](O)c4ccc5C(=O)OCc5c4C,CHEMBL3701202,IC50,6.29
1724400,Cc1c2COC(=O)c2ccc1[C@@H](O)CN3CCN(CC(O)c4ncc(cc4Cl)C#N)CC3,CHEMBL3612923,IC50,6.3
1733409,O=C(Cc1ccc(cc1)n2cnnn2)N3CCN(CCc4cccc(c4)C#N)CC3,CHEMBL2441435,IC50,6.33
3343036,Cc1cc2C(=O)OCc2cc1CCN3CCN(CC3)C(=O)Cc4ccc(cc4)n5cnnn5,CHEMBL2441423,IC50,6.34
3343047,Fc1cc2C(=O)OCc2cc1CCN3CCN(CC3)C(=O)Cc4ccc(cc4)n5cnnn5,CHEMBL2441424,IC50,6.34
1718926,COc1cc(CC(=O)N2CCN(CCc3ccc4C(=O)OCc4c3)CC2)ccc1n5cnnn5,CHEMBL2441410,IC50,6.35
3343059,Cc1c2COC(=O)c2ccc1[C@@H](O)CN3CCCCC3CNC(CO)c4ccc5C(=O)OCc5c4C,CHEMBL3701204,IC50,6.35
3343069,Fc1cc(CCN2CCN(CC2)C(=O)Cc3ccc(cc3)n4cnnn4)cc5COC(=O)c15,CHEMBL2441427,IC50,6.36
1746179,CNc1cc(CCN2CCN(CCc3ccc4C(=O)OCc4c3)CC2)ccc1C#N,CHEMBL2146881,IC50,6.37
3343082,O=C(Cc1ccc(cc1)n2cnnn2)N3CCN(CCc4ccc5C(=O)OCc5c4C6CC6)CC3,CHEMBL2441419,IC50,6.37
3343092,Cc1c2COC(=O)c2ccc1[C@@H](O)CNC3(CCC3)C4CCN(C[C@H](O)c5ccc6C(=O)OCc6c5C)C4,CHEMBL3701201,IC50,6.38
3343102,Cc1c2COC(=O)c2ccc1[C@@H](O)CN3CCN(C[C@@H](O)c4ccc(cn4)C#N)CC3,CHEMBL3612808,IC50,6.39
1756111,CC(CN1CCN(CCc2ccc(cc2)[N+](=O)[O-])CC1)c3ccc(cc3)[N+](=O)[O-],CHEMBL2146865,IC50,6.47
3343114,Cc1c2COC(=O)c2ccc1[C@@H](O)CN3CCC(CNc4ccc(cn4)[N+]#[C-])(C3)c5ccccc5,CHEMBL3701216,IC50,6.47
1732518,O=C(Cc1ccc(cc1C2CC2)n3cnnn3)N4CCN(CCc5ccc6C(=O)OCc6c5)CC4,CHEMBL2441415,IC50,6.48
3343125,Cc1c2COC(=O)c2ccc1[C@@H](O)CN3CCCC3CNCC(O)c4ccc(cn4)C#N,CHEMBL3701205,IC50,6.49
3343135,CCc1c(CCN2CCN(CC2)C(=O)Cc3ccc(cc3)n4cnnn4)ccc5C(=O)OCc15,CHEMBL2441418,IC50,6.52
1741687,COc1cc(ccc1C#N)C(C)(C)CN2CCN(CCc3ccc4C(=O)OCc4c3C)CC2,CHEMBL3612804,IC50,6.52
1748485,O=C1OCc2cc(CCN3CCN(CCc4ccc(cc4)C#N)CC3)ccc12,CHEMBL2146871,IC50,6.52
3343149,[O-][N+](=O)c1ccc(CN2CCOCCOCCN(Cc3ccc(cc3)[N+](=O)[O-])CCOCC2)cc1,CHEMBL1401670,IC50,6.54
1748121,O=C1OCc2cc(CCN3CCN(CCc4ccc(C#N)c(OC5CC5)c4)CC3)ccc12,CHEMBL2146879,IC50,6.55
3343161,Cc1c2COC(=O)c2ccc1[C@@H](O)CN3CCCC3CNC(CO)c4ccc5C(=O)OCc5c4C,CHEMBL3701203,IC50,6.56
3343170,Cc1c2COC(=O)c2ccc1[C@@H](O)CN3CCCCC3CNCC(O)c4ccc(cn4)C#N,CHEMBL3701208,IC50,6.57
3343180,Clc1c(CCN2CCN(CC2)C(=O)Cc3ccc(cc3)n4cnnn4)ccc5C(=O)OCc15,CHEMBL2441421,IC50,6.6
3343190,Cc1c2COC(=O)c2ccc1[C@@H](O)CN3CCCC3CNS(=O)(=O)c4ccc(cc4)n5cnnn5,CHEMBL3701213,IC50,6.61
1756008,CC(Cc1ccc(cc1)[N+](=O)[O-])N2CCN(CCc3ccc(cc3)[N+](=O)[O-])CC2,CHEMBL2146866,IC50,6.62
3343201,C[C@H]1Cc2cc(CCN3CCN(CCc4ccc5C(=O)O[C@@H](C)Cc5c4)CC3)ccc2C(=O)O1,CHEMBL3663632,IC50,6.62
3343211,O=C(Cc1ccc(cc1)n2cnnn2)N3CCN(CCc4ccc5C(=O)OCCc5c4)CC3,CHEMBL2441408,IC50,6.62
1730432,CCOC(CN1CCN(CCc2ccc(C#N)c(OC)c2)CC1)c3ccc4C(=O)OCc4c3C,CHEMBL3612801,IC50,6.66
1724354,COc1cc(nc(C)c1C#N)C(O)CN2CCN(C[C@H](O)c3ccc4C(=O)OCc4c3C)CC2,CHEMBL3612925,IC50,6.7
1740703,COc1cc(CC(C)N2CCN(CCc3ccc4C(=O)OCc4c3C)CC2)ccc1C#N,CHEMBL3612802,IC50,6.72
3343228,Cc1c(CCN2CCN(CC2)C(=O)Cc3ccc(cc3)n4cnnn4)ccc5C(=O)OCc15,CHEMBL2441417,IC50,6.72
1732961,COc1cc(CCN2CCN(CC(C)c3ccc4C(=O)OCc4c3C)CC2)ccc1C#N,CHEMBL3612797,IC50,6.77
1754680,[O-][N+](=O)c1ccc(CCN2CCN(CCc3ccc4nonc4c3)CC2)cc1,CHEMBL2146853,IC50,6.77
1740917,O=C(Cc1ccc(cc1)n2cnnn2)N3CCN(CCc4ccc5nonc5c4)CC3,CHEMBL2441436,IC50,6.8
1742198,COc1cc(ccc1C#N)C(C)CN2CCN(CCc3ccc4C(=O)OCc4c3C)CC2,CHEMBL3612803,IC50,6.82
3343246,Cc1c2COC(=O)c2ccc1[C@@H](O)CN3CC(CNS(=O)(=O)c4ccc(cc4)[N+]#[C-])C3,CHEMBL3701209,IC50,6.82
1756576,CC1CN(CCc2ccc(cc2)[N+](=O)[O-])CCN1CCc3ccc(cc3)[N+](=O)[O-],CHEMBL2146867,IC50,6.85
3343258,Cc1c2COC(=O)c2ccc1[C@@H](O)CN3CCN(C[C@H](O)c4ccc(cn4)C#N)CC3,CHEMBL3612807,IC50,6.85
1717764,COc1cc(CCN2CCN(CC(O)c3ccc4C(=O)OCc4c3C)CC2)ccc1C#N,CHEMBL3612799,IC50,6.92
1725143,O=C(Cc1ccc(nc1)n2cnnn2)N3CCC(CCc4ccc5C(=O)OCc5c4)CC3,CHEMBL3792423,IC50,6.92
1717718,COC(CN1CCN(CCc2ccc(C#N)c(OC)c2)CC1)c3ccc4C(=O)OCc4c3C,CHEMBL3612800,IC50,6.96
3343275,Fc1c(CCN2CCN(CC2)C(=O)Cc3ccc(cc3)n4cnnn4)ccc5C(=O)OCc15,CHEMBL2441420,IC50,6.96
1751772,Fc1cc(CCN2CCN(CCc3ccc4C(=O)OCc4c3)CC2)ccc1C#N,CHEMBL2146873,IC50,6.96
1727676,O=C(Cc1ccc(cc1)n2cnnn2)N3CCN(CCc4ccc5C(=O)OCc5c4)CC3,CHEMBL2441437,IC50,6.96
1752089,[O-][N+](=O)c1ccc(CCN2CCN(CC2)C(=O)Cc3ccc(cc3)n4cnnn4)cc1,CHEMBL2441433,IC50,6.96
3343290,Cc1c2COC(=O)c2ccc1[C@@H](O)CN3CCC(C)(CNc4ccc(cn4)[N+]#[C-])C3,CHEMBL3701215,IC50,6.99
1747130,Brc1cc(CCN2CCN(CCc3ccc4C(=O)OCc4c3)CC2)ccc1C#N,CHEMBL2146875,IC50,7.0
1725606,COc1cc(ccc1C#N)C(O)CN2CCN(C[C@H](O)c3ccc4C(=O)OCc4c3C)CC2,CHEMBL3612811,IC50,7.0
3343304,CC(CN1CCN(CC1)C(=O)Cc2ccc(nc2)n3cnnn3)c4ccc5C(=O)OCc5c4C,CHEMBL3794292,IC50,7.02
1738863,COc1cc(CCN2CCN(CCc3ccc4C(=O)OCc4c3)CC2)ccc1C#N,CHEMBL2146876,IC50,7.05
1715673,Cc1c2COC(=O)c2ccc1[C@@H](O)CN3CCN(CC(O)c4cc(C5CC5)c(cn4)C#N)CC3,CHEMBL3612924,IC50,7.05
1737575,O=C1OCc2cc(CCN3CCN(CCc4ccc5C(=O)OCc5c4)CC3)ccc12,CHEMBL2146870,IC50,7.05
1752210,[O-][N+](=O)c1ccc(CCN2CCN(CCc3ccc(cc3)c4cccc5C(=O)OCc45)CC2)cc1,CHEMBL2146856,IC50,7.05
1752221,[O-][N+](=O)c1ccc(CCN2CCN(CCc3ccc4C(=O)OCc4c3)CC2)cc1,CHEMBL3612795,IC50,7.05
1755530,[O-][N+](=O)c1ccc(CCN2CCN(CCc3ccc(cc3)C#N)CC2)cc1,CHEMBL2146757,IC50,7.1
1752704,Clc1cc(CCN2CCN(CCc3ccc4C(=O)OCc4c3)CC2)ccc1C#N,CHEMBL2146874,IC50,7.13
1740259,Cc1cc(ccc1CC(=O)N2CCN(CCc3ccc4C(=O)OCc4c3)CC2)n5cnnn5,CHEMBL2441414,IC50,7.15
1735522,COc1cc(ccc1C#N)C(O)CN2CCN(CCc3ccc4C(=O)OCc4c3C)CC2,CHEMBL3612805,IC50,7.16
3343333,Cc1cc(ncc1C#N)C(O)CN2CCN(C[C@H](O)c3ccc4C(=O)OCc4c3C)CC2,CHEMBL3612813,IC50,7.16
3343344,COc1cc(ncc1C#N)[C@H](O)CN2CCN(C[C@H](O)c3ccc4C(=O)OCc4c3C)CC2,CHEMBL3612809,IC50,7.17
3343355,Cc1cc(cnc1CC(=O)N2CCN(CCc3ccc4C(=O)OCc4c3C)CC2)n5cnnn5,CHEMBL3793380,IC50,7.18
1755846,[O-][N+](=O)c1ccc(CCN2CCN(CCc3ccc(cc3)[N+](=O)[O-])CC2)cc1,CHEMBL2146755,IC50,7.18
3343366,Cc1c2COC(=O)c2ccc1[C@@H](O)CN3CCCC3CNc4ccc(cn4)[N+]#[C-],CHEMBL3701212,IC50,7.19
3343611,Cc1nc(ccc1C#N)C(O)CN2CCN(C[C@H](O)c3ccc4C(=O)OCc4c3C)CC2,CHEMBL3612814,IC50,7.19
1734825,COc1cc(CCN2CCN(CC(F)c3ccc4C(=O)OCc4c3C)CC2)ccc1C#N,CHEMBL3612798,IC50,7.22
1746168,CCOc1cc(CCN2CCN(CCc3ccc4C(=O)OCc4c3)CC2)ccc1C#N,CHEMBL2146877,IC50,7.28
3343625,Cc1c2COC(=O)c2ccc1[C@@H](O)CNC3CCCN(C3)c4ccc(cn4)[N+]#[C-],CHEMBL3701214,IC50,7.28
3343634,COc1cc(F)c(CCN2CCN(CCc3ccc4C(=O)OCc4c3)CC2)cc1C#N,CHEMBL3663634,IC50,7.3
1722368,COc1cc(ncc1C#N)C(O)CN2CCN(CCc3ccc4C(=O)OCc4c3C)CC2,CHEMBL3612806,IC50,7.31
3343646,CC1=C(COC1=O)N2CCC3(CCN(C[C@H](O)c4ccc5Cn6nnnc6c5c4)C[C@H]3F)C2=O,CHEMBL3809734,IC50,7.37
1720103,CCOc1cc(ncc1C#N)C(O)CN2CCN(C[C@H](O)c3ccc4C(=O)OCc4c3C)CC2,CHEMBL3612926,IC50,7.4
3343659,CC1=C(COC1=O)N2CCC3(CCN(C[C@H](O)c4ccc5Cn6nnnc6c5c4)C[C@@H]3F)C2=O,CHEMBL3810184,IC50,7.46
1735977,COc1cc(CCN2CCN(CCc3ccc4C(=O)OCc4c3C)CC2)ccc1C#N,CHEMBL3612796,IC50,7.46
3343672,COc1cc(ncc1C#N)[C@@H](O)CN2CCN(C[C@H](O)c3ccc4C(=O)OCc4c3C)CC2,CHEMBL3612810,IC50,7.5
3343683,C[C@@H]1CC2(CCN(C[C@H](O)c3ccc4Cn5nnnc5c4c3)CC2)C(=O)N1C6=CC(=O)OC6,CHEMBL3809005,IC50,7.5
3343694,CC1=C(COC1=O)N2CCC3(CCN(C[C@H](O)c4cc5c(Cn6nnnc56)cc4Cl)CC3)C2=O,CHEMBL3809742,IC50,7.51
1717293,O=C(Cc1ccc(nc1)n2cnnn2)N3CCN(CCc4ccc5C(=O)OCc5c4)CC3,CHEMBL3794155,IC50,7.54
3343707,Cc1c2COC(=O)c2ccc1C(F)CN3CCN(CC3)C(=O)Cc4ccc(nc4)n5cnnn5,CHEMBL3792978,IC50,7.59
3343718,[2H]C([2H])([2H])Oc1cc(ncc1C#N)C(O)CN2CCN(C[C@H](O)c3ccc4C(=O)OCc4c3C)CC2,CHEMBL3612928,IC50,7.64
3343729,C[C@H]1CC2(CCN(C[C@H](O)c3ccc4Cn5nnnc5c4c3)CC2)C(=O)N1C6=CC(=O)OC6,CHEMBL3810197,IC50,7.7
3343740,Cc1c(CCN2CCN(CC2)C(=O)Cc3ccc(nc3)n4cnnn4)ccc5C(=O)OCc15,CHEMBL3692706,IC50,7.7
3343751,Cc1cc(cnc1N2CCC3(CCN(C[C@H](O)c4ccc5C(=O)OCc5c4C)CC3)C2)C#N,CHEMBL3622109,IC50,7.7
3343762,CC1=C(COC1=O)N2CCC3(CCN(C[C@@H](O)c4ccc5Cn6nnnc6c5c4)CC3)C2=O,CHEMBL3810281,IC50,7.72
3343773,CC1=C(COC1=O)N2CCC3(CCN(C[C@H](O)c4cc5c(Cn6nnnc56)cc4C)CC3)C2=O,CHEMBL3808714,IC50,7.77
3343783,Cc1c(CCN2CCN(CCc3ccc(C#N)c(F)c3Cl)CC2)ccc4C(=O)OCc14,CHEMBL3663633,IC50,7.77
3343793,Cc1cc(ncc1C#N)N2CCC3(CCN(C[C@H](O)c4ccc5C(=O)OCc5c4C)CC3)C2,CHEMBL3622108,IC50,7.77
3343804,Cc1c2COC(=O)c2ccc1[C@@H](O)CN3CCC4(CC3)CCN(C4)c5ccc(cc5)C#N,CHEMBL3622110,IC50,7.82
3343815,C[C@H]1CC2(CCN(C[C@@H](O)c3ccc4Cn5nnnc5c4c3)CC2)C(=O)N1C6=CC(=O)OC6,CHEMBL3808836,IC50,7.85
3343826,Cc1c2COC(=O)c2ccc1[C@@H](N)CN3CCC4(CC3)CN(C(=O)C4)c5ccc(cn5)C#N,CHEMBL3622111,IC50,7.85
3343837,Cc1c2COC(=O)c2ccc1[C@@H](O)CN3CCC4(CC3)CCN(CC4)c5ncc(cn5)C#N,CHEMBL3622113,IC50,7.85
3343848,Cc1nc(ccc1C#N)N2CCC3(CCN(C[C@H](O)c4ccc5C(=O)OCc5c4C)CC3)C2,CHEMBL3622107,IC50,7.85
3343859,Cc1c2COC(=O)c2ccc1[C@@H](O)CN3CCC4(CC3)CCN(CC4)c5ccc(nn5)C#N,CHEMBL3622115,IC50,7.89
3343869,CC(CN1CCN(CCc2ccc3C(=O)OCc3c2C)CC1)c4ccc5C(=O)OCc5c4C,CHEMBL3663635,IC50,7.92
3343879,Cc1c(CCN2CCC3(CC2)CN(C(=O)C3)c4ccc(cn4)C#N)ccc5C(=O)OCc15,CHEMBL3622106,IC50,7.92
3343890,CC1=C(COC1=O)N2CCC3(CCN(C[C@H](O)c4ccc5Cn6nnnc6c5c4)CC3)C2=O,CHEMBL3808611,IC50,7.96
3343901,Cc1c2COC(=O)c2ccc1[C@@H](O)CN3CCC4(CC3)CN(C(=O)C4)c5ccc(cn5)C#N,CHEMBL3622104,IC50,7.98
3343912,Cc1c2COC(=O)c2ccc1[C@@H](O)CN3CCC4(CC3)CCN(C4)c5ccc(cn5)C#N,CHEMBL3622105,IC50,8.0
3343923,Cc1cc(cnc1C#N)N2CCC3(CCN(C[C@H](O)c4ccc5C(=O)OCc5c4C)CC3)C2,CHEMBL3622112,IC50,8.0
3343934,CC1=C(COC1=O)N2CCC3(CCN(C[C@@H](O)c4cc5c(Cn6nnnc56)cc4Cl)CC3)C2=O,CHEMBL3808614,IC50,8.05
3343945,Cc1c2COC(=O)c2ccc1[C@@H](O)CN3CCC4(CC3)CCN(CC4)c5cnc(cn5)C#N,CHEMBL3622114,IC50,8.05
3343956,C[C@@H]1CC2(CCN(C[C@@H](O)c3ccc4Cn5nnnc5c4c3)CC2)C(=O)N1C6=CC(=O)OC6,CHEMBL3808666,IC50,8.16
