id,smiles,name,assay_type,activity_value
588755,FC(F)OC(F)C(F)(F)F,desflurane,N/A,N/A
588764,FC(F)OC(Cl)C(F)(F)F,isoflurane,N/A,N/A
4987473,FC(F)OC(F)(F)C(F)Cl,enflurane,N/A,N/A
588773,FC(F)(F)C(Cl)Br,halothane,N/A,N/A
588791,FCOC(C(F)(F)F)C(F)(F)F,sevoflurane,N/A,N/A
8171289,CC1(C)c2cc(Cl)ccc2N(CCc3nnn[nH]3)c4ccc(Cl)cc14,CHEMBL3818503,EC50,5.01
1735317,NCCC(Oc1ccc(cc1)C(F)(F)F)c2ccccc2,CHEMBL1494,IC50,5.05
703902,CCCNCC(O)COc1ccccc1C(=O)CCc2ccccc2,propafenone,IC50,5.12
1397848,OC1(CCN(CCCC(=O)c2ccc(F)cc2)CC1)c3ccc(Cl)cc3,haloperidol,IC50,5.26
705665,OCCN1CCN(CCCN2c3ccccc3Sc4ccc(cc24)C(F)(F)F)CC1,fluphenazine,IC50,5.33
8171308,CN1CCN(CC1)c2ncc(c(N)n2)c3cc(Cl)cc(Cl)c3Cl,CHEMBL28854,IC50,5.4
8171319,CCCCCc1ccc(\C=C\C(=O)Nc2cc(Cl)ccc2C(=O)O)cc1,CHEMBL3818672,EC50,5.52
704214,CN(C)CCCN1c2ccccc2Sc3ccc(Cl)cc13,chlorpromazine,IC50,5.57
1411217,OCCN1CCN(CC\C=C/2\c3ccccc3Sc4ccc(cc24)C(F)(F)F)CC1,flupentixol,IC50,5.7
885896,Fc1ccc(cc1)C(CCCN2CCC(CC2)N3C(=O)Nc4ccccc34)c5ccc(F)cc5,pimozide,IC50,5.75
706414,COc1ccccc1OCCNCC(O)COc2cccc3[nH]c4ccccc4c23,carvedilol,IC50,5.8
655322,[H]C1(C2=C(Cl)C=CC=C2)C(C(=O)OC)=C(C)NC(COCCN)=C1C(=O)OCC,amlodipine,IC50,6.4
8171340,CC[C@H](C)[C@H](NC(=O)[C@@H]1CCCN1C(=O)CNC(=O)[C@H](CO)NC(=O)[C@H](Cc2c[nH]c3ccccc23)NC(=O)[C@H](CCCNC(=N)N)NC(=O)[C@@H]4CCCN4C(=O)[C@H](CC(C)C)NC(=O)[C@@H]5CCCN5C(=O)[C@H](C)N)C(=O)NCC(=O)N[C@@H](C(C)C)C(=O)N[C@@H](CO)C(=O)N[C@@H](Cc6c[nH]c7ccccc67)C(=O)NCC(=O)N[C@@H](CC(C)C)C(=O)N[C@@H](CCCNC(=N)N)C(=O)O,CHEMBL3817944,IC50,7.15
