id,smiles,name,assay_type,activity_value
588755,FC(F)OC(F)C(F)(F)F,desflurane,N/A,N/A
588764,FC(F)OC(Cl)C(F)(F)F,isoflurane,N/A,N/A
4987473,FC(F)OC(F)(F)C(F)Cl,enflurane,N/A,N/A
588773,FC(F)(F)C(Cl)Br,halothane,N/A,N/A
588791,FCOC(C(F)(F)F)C(F)(F)F,sevoflurane,N/A,N/A
4992614,CCN1CC(CCN2CCOCC2)C(C1=O)(C1=CC=CC=C1)C1=CC=CC=C1,doxapram,N/A,N/A
4992891,Clc1ccccc1C(=O)Nc2cccc(NC(=O)c3ccccc3)c2,CHEMBL3182809,IC50,5.15
4993291,Cc1ccccc1C(=O)Nc2cccc(NC(=O)c3ccccc3)c2,CHEMBL3186207,IC50,5.19
4993408,O=C(Nc1cccc(NC(=O)c2ccccc2)c1)c3occc3,CHEMBL1716797,IC50,5.23
4993225,O=C(Nc1cccc(NC(=O)c2ccsc2)c1)c3ccccc3,CHEMBL3183945,IC50,5.25
4992983,Cc1cccc(c1)C(=O)Nc2cccc(NC(=O)c3cccc(c3)C(F)(F)F)c2,CHEMBL3183773,IC50,5.26
4993333,O=C(Nc1cccc(NC(=O)c2ccccc2)c1)C3CCCCC3,CHEMBL3184095,IC50,5.26
4993014,COc1cccc(c1)C(=O)Nc2cccc(NC(=O)c3ccccc3)c2,CHEMBL3183938,IC50,5.37
7168817,CC(C)(C)c1ccc(cc1)C(=O)Nc2cccc(NC(=O)c3ccccc3)c2,CHEMBL3317850,IC50,5.5
4993145,CC(C)Oc1ccccc1C(=O)Nc2cccc(NC(=O)c3cccc(C)c3)c2,CHEMBL3317852,IC50,5.57
4993269,Cc1cccc(c1)C(=O)Nc2cccc(NC(=O)c3occc3)c2,CHEMBL3182773,IC50,5.57
4993280,FC(F)(F)c1ccccc1C(=O)Nc2cccc(NC(=O)c3ccccc3)c2,CHEMBL3186206,IC50,5.6
4993313,O=C(Nc1cccc(NC(=O)c2ccccn2)c1)c3ccccc3,CHEMBL3182370,IC50,5.6
4993194,COc1cc(ccn1)C(=O)Nc2cccc(NC(=O)c3cccc(C)c3)c2,CHEMBL3317854,IC50,5.61
4993386,Clc1cccc(c1)C(=O)Nc2cccc(NC(=O)c3ccccc3)c2,CHEMBL3184966,IC50,5.62
4993247,COc1ccc(OC)c(c1)C(=O)Nc2cccc(NC(=O)c3cccc(C)c3)c2,CHEMBL3317851,IC50,5.64
4993419,COc1cccc(c1)C(=O)Nc2cccc(NC(=O)c3cccc(C)c3)c2,CHEMBL3187806,IC50,5.66
4993355,COc1ccccc1C(=O)Nc2cccc(NC(=O)c3ccccc3C)c2,CHEMBL1480257,IC50,5.66
7168846,COc1ccc(cc1)C(=O)Nc2cccc(NC(=O)c3ccccc3)c2,CHEMBL3186030,IC50,5.68
4993430,COc1ccccc1C(=O)Nc2cccc(NC(=O)c3ccccc3OC)c2,CHEMBL3182359,IC50,5.73
4993003,CC(C)c1ccccc1C(=O)Nc2cccc(NC(=O)c3cccc(C)c3)c2,CHEMBL3184438,IC50,5.77
4993134,COc1ccccc1C(=O)Nc2cccc(NC(=O)c3ccccc3)c2,CHEMBL3188343,IC50,5.82
4993496,Cc1cccc(c1)C(=O)Nc2cccc(NC(=O)c3ccccc3C(F)(F)F)c2,CHEMBL3188857,IC50,5.85
4993474,Cc1cccc(c1)C(=O)Nc2cccc(NC(=O)c3ccccc3Cl)c2,CHEMBL3186695,IC50,5.87
4993485,COc1ccccc1C(=O)Nc2cccc(NC(=O)c3cccc(C)c3)c2,CHEMBL1081188,IC50,6.0
4993543,COc1ccccc1C(=O)Nc2cccc(NC(=O)c3ccccc3C(C)C)c2,CHEMBL3187764,IC50,6.0
4993375,Cc1cccc(c1)C(=O)Nc2cccc(NC(=O)c3ccccc3OC(F)(F)F)c2,CHEMBL3182725,IC50,6.0
4993452,O=C(Nc1cccc(NC(=O)c2cccs2)c1)c3ccccc3,CHEMBL3182777,IC50,6.01
4993302,Cc1cccc(c1)C(=O)Nc2cccc(NC(=O)c3ccccc3C)c2,CHEMBL3181939,IC50,6.02
4993507,CC(C)c1ccccc1C(=O)Nc2cccc(NC(=O)c3ccccc3OC(F)(F)F)c2,CHEMBL3186000,IC50,6.14
4993344,Cc1cccc(c1)C(=O)Nc2cccc(NC(=O)c3ccccc3)c2,CHEMBL1310568,IC50,6.16
4993463,Cc1cccc(c1)C(=O)Nc2cccc(NC(=O)c3cccc(F)c3)c2,CHEMBL3182551,IC50,6.22
4993576,Cc1cccc(c1)C(=O)Nc2cccc(NC(=O)c3cccc(Cl)c3)c2,CHEMBL1086899,IC50,6.32
4993518,CCOc1ccccc1C(=O)Nc2cccc(NC(=O)c3cccc(C)c3)c2,CHEMBL3187482,IC50,6.39
4993565,COc1ccccc1C(=O)Nc2cccc(NC(=O)c3ccccc3OC(F)(F)F)c2,CHEMBL3188749,IC50,6.39
4993554,Cc1cccc(c1)C(=O)Nc2cccc(NC(=O)c3cccs3)c2,CHEMBL3182091,IC50,6.48
2589076,CCOc1ccccc1C(=O)Nc2cccc(NC(=O)c3ccccc3C(F)(F)F)c2,CHEMBL3182449,IC50,6.52
4993441,Cc1cccc(c1)C(=O)Nc2cccc(NC(=O)c3cccc(C)c3)c2,CHEMBL3185736,IC50,6.82
4993598,CC(C)Oc1ccccc1C(=O)Nc2cccc(NC(=O)c3ccccc3OC(F)(F)F)c2,CHEMBL3182699,IC50,6.96
4993587,CCOc1ccccc1C(=O)Nc2cccc(NC(=O)c3ccccc3OC)c2,CHEMBL3183497,IC50,7.18
4993036,CCCC(=O)C1CCN(CC1)c2ncnc3CCN(Cc23)C(=O)c4ccc(cc4)c5ccccc5,CHEMBL2324344,IC50,7.46
