id,smiles,name,assay_type,activity_value
588755,FC(F)OC(F)C(F)(F)F,desflurane,N/A,N/A
588764,FC(F)OC(Cl)C(F)(F)F,isoflurane,N/A,N/A
4987473,FC(F)OC(F)(F)C(F)Cl,enflurane,N/A,N/A
588773,FC(F)(F)C(Cl)Br,halothane,N/A,N/A
588791,FCOC(C(F)(F)F)C(F)(F)F,sevoflurane,N/A,N/A
4992614,CCN1CC(CCN2CCOCC2)C(C1=O)(C1=CC=CC=C1)C1=CC=CC=C1,doxapram,N/A,N/A
4992655,CC(C)N1CCc2c(C1)c(nn2[C@H]3[C@H](O)Cc4c(F)cc(F)cc34)c5ccc(F)cc5,CHEMBL3700378,IC50,5.09
4992664,COc1ccc(cc1)c2nn([C@H]3[C@H](O)Cc4c(F)cc(F)cc34)c5CCN(Cc25)C(=O)C,CHEMBL3703724,IC50,5.16
703902,CCCNCC(O)COc1ccccc1C(=O)CCc2ccccc2,CHEMBL631,IC50,5.29
4992675,CC(=O)N1CCc2c(C1)c(nn2[C@H]3[C@H](O)Cc4c(F)cc(F)cc34)c5ccc(Cl)cc5,CHEMBL3703723,IC50,5.53
4992684,CC(=O)N1CCc2c(C1)c(nn2[C@H]3[C@H](O)Cc4c(F)cc(F)cc34)c5cccc(F)c5,CHEMBL3703722,IC50,5.65
4992693,CC(=O)N1CCc2c(C1)c(nn2[C@H]3[C@H](O)Cc4c(F)cc(F)cc34)c5ccc(F)c(c5)C#N,CHEMBL3700368,IC50,5.67
4992703,Cc1cccc(c1)C(=O)Nc2cccc(NC(=O)c3ccncc3)c2,CHEMBL3187891,IC50,5.67
4992713,COc1cc(ccc1F)c2nn([C@H]3[C@H](O)Cc4c(F)cc(F)cc34)c5CCN(Cc25)C(=O)C,CHEMBL3700367,IC50,5.72
4992722,CC(=O)N1CCc2c(C1)c(nn2[C@H]3[C@H](O)Cc4c(F)cc(F)cc34)c5ccc(C)cc5,CHEMBL3700366,IC50,5.82
4992732,COc1ccc(cc1)C(=O)Nc2cccc(NC(=O)c3cccc(C)c3)c2,CHEMBL3188671,IC50,5.89
4992743,O=C(Nc1cccc(NC(=O)c2cccnc2)c1)c3ccccc3,CHEMBL1541525,IC50,5.89
4992753,CC(=O)N1CCc2c(C1)c(nn2[C@@H]3c4cc(F)cc(F)c4C[C@@]3(C)O)c5cccc(c5)C#N,CHEMBL3700365,IC50,5.9
4992762,CC(=O)N1CCc2c(C1)c(nn2[C@H]3[C@H](O)Cc4c(F)cc(F)cc34)c5cccc(Cl)c5,CHEMBL3700364,IC50,5.93
4992771,CO[C@@H]1Cc2c(F)cc(F)cc2[C@H]1n3nc(c4CN(CCc34)C(=O)C)c5ccc(F)cc5,CHEMBL3700375,IC50,5.93
4992780,CC(=O)N1CCc2c(C1)c(nn2[C@H]3[C@H](O)Cc4cc(Cl)c(Cl)cc34)c5ccc(F)cc5,CHEMBL3700363,IC50,6.0
4992789,CC(=O)N1CCc2c(C1)c(nn2[C@H]3[C@H](O)Cc4c(F)cc(F)cc34)c5cccc(c5)C#N,CHEMBL3700362,IC50,6.06
4992798,CC(=O)N1CCc2c(C1)c(nn2[C@@H]3[C@@H](O)Cc4c(F)cc(F)cc34)c5cccc(OC(F)(F)F)c5,CHEMBL3700360,IC50,6.1
4992807,CC(=O)N1CCc2c(C1)c(nn2[C@H]3[C@H](O)Cc4ccc(Cl)cc34)c5ccc(F)cc5,CHEMBL3700361,IC50,6.1
4992817,O=C(Nc1cccc(NC(=O)c2ccccc2)c1)c3cocc3,CHEMBL3188024,IC50,6.1
4992827,CC(=O)N1CCc2c(C1)c(nn2[C@H]3[C@H](O)Cc4c(F)cc(F)cc34)c5cccc(c5)C(F)(F)F,CHEMBL3700359,IC50,6.11
4992836,CC(=O)N1CCc2c(C1)c(nn2[C@@H]3CCc4ccccc34)c5ccc(F)cc5,CHEMBL3700369,IC50,6.15
4992845,CC(=O)N1CCc2c(C1)c(nn2[C@H]3[C@H](O)Cc4ccc(Cl)cc34)c5cccc(c5)C#N,CHEMBL3700358,IC50,6.16
4992854,CC(=O)N1CCc2c(C1)c(nn2[C@@H]3[C@@H](O)Cc4c(F)cc(F)cc34)c5cccc(c5)C#N,CHEMBL3703721,IC50,6.17
4992863,CC(=O)N1CCc2c(C1)c(nn2[C@H]3[C@H](O)Cc4c(F)cc(Cl)cc34)c5ccc(F)cc5,CHEMBL3703720,IC50,6.25
4992872,CC(=O)N1CCc2c(C1)c(nn2[C@H]3[C@H](O)Cc4c(Cl)cc(Cl)cc34)c5cccc(n5)C(F)(F)F,CHEMBL3703719,IC50,6.29
4992881,CC(=O)N1CCc2c(C1)c(nn2[C@H]3[C@H](O)Cc4c(cc(F)cc34)C5CC5)c6cccc(c6)C#N,CHEMBL3700380,IC50,6.3
4992891,Clc1ccccc1C(=O)Nc2cccc(NC(=O)c3ccccc3)c2,CHEMBL3182809,IC50,6.3
4992901,O[C@@H]1Cc2c(F)cc(F)cc2[C@H]1n3nc(c4CN(CC5CC5)CCc34)c6ccc(F)cc6,CHEMBL3700377,IC50,6.3
4992910,CC(=O)N1CCc2c(C1)c(nn2[C@H]3[C@H](O)Cc4c(F)cc(F)cc34)c5ccc(F)cc5,CHEMBL3703718,IC50,6.31
4992919,CC(=O)N1CCc2c(C1)c(nn2[C@H]3CCc4ccccc34)c5ccc(F)cc5,CHEMBL3700370,IC50,6.32
4992928,CO[C@@H]1Cc2c(F)cc(F)cc2[C@H]1n3nc(c4CN(CCc34)C(=O)C)c5cccc(Cl)c5,CHEMBL3700374,IC50,6.35
4992937,CC(=O)N1CCc2c(C1)c(nn2[C@H]3[C@H](O)Cc4c(F)cc(Cl)cc34)c5cccc(c5)C#N,CHEMBL3700356,IC50,6.36
4992946,COc1cccc(c1)c2nn([C@H]3[C@H](O)Cc4c(F)cc(F)cc34)c5CCN(Cc25)C(=O)C,CHEMBL3700357,IC50,6.36
4992955,CC(=O)N1CCc2c(C1)c(nn2[C@H]3[C@H](O)Cc4c(Cl)cc(F)cc34)c5cccc(c5)C#N,CHEMBL3703716,IC50,6.41
4992964,CC(=O)N1CCc2c(C1)c(nn2[C@@H]3[C@@H](O)Cc4c(F)cc(F)cc34)c5cccc(c5)C(F)(F)F,CHEMBL3700354,IC50,6.43
4992973,CC(=O)N1CCc2c(C1)c(nn2[C@H]3c4cc(F)cc(F)c4C[C@]3(C)O)c5ccc(F)c(c5)C(F)(F)F,CHEMBL3700355,IC50,6.43
4992983,Cc1cccc(c1)C(=O)Nc2cccc(NC(=O)c3cccc(c3)C(F)(F)F)c2,CHEMBL3183773,IC50,6.43
4992993,CC(=O)N1CCc2c(C1)c(nn2[C@H]3[C@H](O)Cc4c(Cl)cc(Cl)cc34)c5cccc(c5)C#N,CHEMBL3700353,IC50,6.46
4993003,CC(C)c1ccccc1C(=O)Nc2cccc(NC(=O)c3cccc(C)c3)c2,CHEMBL3184438,IC50,6.48
4993014,COc1cccc(c1)C(=O)Nc2cccc(NC(=O)c3ccccc3)c2,CHEMBL3183938,IC50,6.48
4993025,Fc1ccc(cc1)C(=O)Nc2cccc(NC(=O)c3ccccc3)c2,CHEMBL3184075,IC50,6.51
4993036,CCCC(=O)C1CCN(CC1)c2ncnc3CCN(Cc23)C(=O)c4ccc(cc4)c5ccccc5,CHEMBL2324344,IC50,6.52
4993046,CC(=O)N1CCc2c(C1)c(nn2[C@H]3[C@H](O)Cc4c(F)cc(F)cc34)c5ccc(F)c(c5)C(F)(F)F,CHEMBL3700352,IC50,6.57
4993056,CN(C)c1ccc(cc1)C(=O)Nc2cccc(NC(=O)c3ccccc3)c2,CHEMBL3184653,IC50,6.59
4993066,COC(=O)N1CCc2c(C1)c(nn2[C@H]3[C@H](O)Cc4c(F)cc(F)cc34)c5cccc(c5)C#N,CHEMBL3700376,IC50,6.59
4993075,CC(C)C(=O)N1CCc2c(C1)c(nn2[C@H]3[C@H](O)Cc4c(F)cc(F)cc34)c5cccc(c5)C#N,CHEMBL3700373,IC50,6.6
4993085,O=C(Nc1cccc(NC(=O)c2ccncc2)c1)c3ccccc3,CHEMBL3188245,IC50,6.6
4993095,CC(=O)N1CCc2c(C1)c(nn2[C@H]3[C@H](O)Cc4c(F)cc(F)cc34)c5cccc(n5)C(F)(F)F,CHEMBL3700351,IC50,6.62
4993105,O=C(Nc1cccc(NC(=O)c2ccccc2)c1)c3ccccc3,CHEMBL3186489,IC50,6.62
4993115,CC(=O)N1CCc2c(C1)c(nn2[C@H]3[C@H](O)Cc4c(C)cc(F)cc34)c5cccc(c5)C#N,CHEMBL3700379,IC50,6.64
4993124,CC(=O)N1CCc2c(C1)c(nn2[C@H]3[C@H](O)Cc4c(Br)cc(F)cc34)c5cccc(c5)C#N,CHEMBL3700350,IC50,6.65
4993134,COc1ccccc1C(=O)Nc2cccc(NC(=O)c3ccccc3)c2,CHEMBL3188343,IC50,6.66
4993145,CC(C)Oc1ccccc1C(=O)Nc2cccc(NC(=O)c3cccc(C)c3)c2,CHEMBL3317852,IC50,6.68
4993155,COc1ccc(F)c(c1)c2nn([C@H]3[C@H](O)Cc4c(F)cc(F)cc34)c5CCN(Cc25)C(=O)C,CHEMBL3700349,IC50,6.69
4993164,CC(=O)N1CCc2c(C1)c(nn2[C@@H]3[C@@H](O)Cc4c(F)cc(F)cc34)c5cccc(Cl)c5,CHEMBL3700348,IC50,6.72
4993174,Cc1cccc(c1)C(=O)Nc2cccc(NC(=O)c3ccc(cc3)C(C)(C)C)c2,CHEMBL3181946,IC50,6.72
4993184,CCNC(=O)N1CCc2c(C1)c(nn2[C@H]3[C@H](O)Cc4c(Cl)cc(Cl)cc34)c5cccc(c5)C#N,CHEMBL3703717,IC50,6.75
4993194,COc1cc(ccn1)C(=O)Nc2cccc(NC(=O)c3cccc(C)c3)c2,CHEMBL3317854,IC50,6.75
4993204,CC(=O)N1CCc2c(C1)c(nn2[C@H]3[C@H](O)Cc4c(F)cc(F)cc34)c5cccc(OC(F)(F)F)c5,CHEMBL3700347,IC50,6.77
4993214,FC(F)(F)c1cccc(c1)C(=O)Nc2cccc(NC(=O)c3ccccc3)c2,CHEMBL3186946,IC50,6.8
4993225,O=C(Nc1cccc(NC(=O)c2ccsc2)c1)c3ccccc3,CHEMBL3183945,IC50,6.8
4993236,CN(C)c1ccc(cc1)C(=O)Nc2cccc(NC(=O)c3cccc(C)c3)c2,CHEMBL3188463,IC50,6.82
4993247,COc1ccc(OC)c(c1)C(=O)Nc2cccc(NC(=O)c3cccc(C)c3)c2,CHEMBL3317851,IC50,6.82
4993258,Cc1cccc(c1)C(=O)Nc2cccc(NC(=O)c3ccc(Cl)cc3)c2,CHEMBL3186471,IC50,6.82
4993269,Cc1cccc(c1)C(=O)Nc2cccc(NC(=O)c3occc3)c2,CHEMBL3182773,IC50,6.85
4993280,FC(F)(F)c1ccccc1C(=O)Nc2cccc(NC(=O)c3ccccc3)c2,CHEMBL3186206,IC50,6.89
4993291,Cc1ccccc1C(=O)Nc2cccc(NC(=O)c3ccccc3)c2,CHEMBL3186207,IC50,7.0
4993302,Cc1cccc(c1)C(=O)Nc2cccc(NC(=O)c3ccccc3C)c2,CHEMBL3181939,IC50,7.04
4993313,O=C(Nc1cccc(NC(=O)c2ccccn2)c1)c3ccccc3,CHEMBL3182370,IC50,7.07
4993323,O[C@@H]1Cc2c(F)cc(F)cc2[C@H]1n3nc(c4CN(CCc34)C(=O)C5CC5)c6cccc(c6)C#N,CHEMBL3700372,IC50,7.08
4993333,O=C(Nc1cccc(NC(=O)c2ccccc2)c1)C3CCCCC3,CHEMBL3184095,IC50,7.1
4993344,Cc1cccc(c1)C(=O)Nc2cccc(NC(=O)c3ccccc3)c2,CHEMBL1310568,IC50,7.13
4993355,COc1ccccc1C(=O)Nc2cccc(NC(=O)c3ccccc3C)c2,CHEMBL1480257,IC50,7.14
4993365,CCC(=O)N1CCc2c(C1)c(nn2[C@H]3[C@H](O)Cc4c(F)cc(F)cc34)c5cccc(c5)C#N,CHEMBL3700371,IC50,7.16
4993375,Cc1cccc(c1)C(=O)Nc2cccc(NC(=O)c3ccccc3OC(F)(F)F)c2,CHEMBL3182725,IC50,7.22
4993386,Clc1cccc(c1)C(=O)Nc2cccc(NC(=O)c3ccccc3)c2,CHEMBL3184966,IC50,7.28
4993397,Fc1cccc(c1)C(=O)Nc2cccc(NC(=O)c3ccccc3)c2,CHEMBL1532914,IC50,7.35
4993408,O=C(Nc1cccc(NC(=O)c2ccccc2)c1)c3occc3,CHEMBL1716797,IC50,7.43
4993419,COc1cccc(c1)C(=O)Nc2cccc(NC(=O)c3cccc(C)c3)c2,CHEMBL3187806,IC50,7.51
4993430,COc1ccccc1C(=O)Nc2cccc(NC(=O)c3ccccc3OC)c2,CHEMBL3182359,IC50,7.52
4993441,Cc1cccc(c1)C(=O)Nc2cccc(NC(=O)c3cccc(C)c3)c2,CHEMBL3185736,IC50,7.52
4993452,O=C(Nc1cccc(NC(=O)c2cccs2)c1)c3ccccc3,CHEMBL3182777,IC50,7.54
4993463,Cc1cccc(c1)C(=O)Nc2cccc(NC(=O)c3cccc(F)c3)c2,CHEMBL3182551,IC50,7.6
4993474,Cc1cccc(c1)C(=O)Nc2cccc(NC(=O)c3ccccc3Cl)c2,CHEMBL3186695,IC50,7.64
4993485,COc1ccccc1C(=O)Nc2cccc(NC(=O)c3cccc(C)c3)c2,CHEMBL1081188,IC50,7.8
4993496,Cc1cccc(c1)C(=O)Nc2cccc(NC(=O)c3ccccc3C(F)(F)F)c2,CHEMBL3188857,IC50,7.85
4993507,CC(C)c1ccccc1C(=O)Nc2cccc(NC(=O)c3ccccc3OC(F)(F)F)c2,CHEMBL3186000,IC50,7.96
4993518,CCOc1ccccc1C(=O)Nc2cccc(NC(=O)c3cccc(C)c3)c2,CHEMBL3187482,IC50,7.96
2589076,CCOc1ccccc1C(=O)Nc2cccc(NC(=O)c3ccccc3C(F)(F)F)c2,CHEMBL3182449,IC50,8.0
4993532,COc1ccc(CC(=O)NCc2ccccc2c3ccccc3C(=O)NCc4ccc(F)cc4F)cc1,CHEMBL148342,IC50,8.16
4993543,COc1ccccc1C(=O)Nc2cccc(NC(=O)c3ccccc3C(C)C)c2,CHEMBL3187764,IC50,8.16
4993554,Cc1cccc(c1)C(=O)Nc2cccc(NC(=O)c3cccs3)c2,CHEMBL3182091,IC50,8.3
4993565,COc1ccccc1C(=O)Nc2cccc(NC(=O)c3ccccc3OC(F)(F)F)c2,CHEMBL3188749,IC50,8.4
4993576,Cc1cccc(c1)C(=O)Nc2cccc(NC(=O)c3cccc(Cl)c3)c2,CHEMBL1086899,IC50,8.52
4993587,CCOc1ccccc1C(=O)Nc2cccc(NC(=O)c3ccccc3OC)c2,CHEMBL3183497,IC50,8.7
4993598,CC(C)Oc1ccccc1C(=O)Nc2cccc(NC(=O)c3ccccc3OC(F)(F)F)c2,CHEMBL3182699,IC50,9.0
