id,smiles,name,assay_type,activity_value
2138620,ClC1=CC2=C(OC(=O)N2)C=C1,chlorzoxazone,EC50,4.52287865
2138636,Cc1ccc(O)c(NC(=O)c2ccccc2)c1,CHEMBL443975,IC50,5.03
2138647,NC(=O)c1nn[nH]c1n2nnc3cc(ccc23)c4ccccc4,CHEMBL480414,IC50,5.06
2138658,N#Cc1c([nH]c2cccnc12)N3CCCC3,CHEMBL64276,EC50,5.09
2138669,Oc1ccc(cc1NC(=O)c2ccccc2O)[N+](=O)[O-],CHEMBL481781,IC50,5.09
2138680,Oc1ccc(Cl)cc1Cn2cc(Cc3ccccc3)nn2,CHEMBL482378,IC50,5.11
2138691,CCN(CC)c1[nH]c2cccnc2c1C#N,CHEMBL64640,EC50,5.16
2138702,Oc1ccccc1C(=O)Nc2ccc(Cl)cc2[N+](=O)[O-],CHEMBL482377,IC50,5.16
2138713,CN(C)CCN(C)c1[nH]c2cccnc2c1C#N,CHEMBL303736,EC50,5.17
2138724,N#Cc1c([nH]c2cccnc12)n3ccnc3,CHEMBL294334,EC50,5.23
2138735,Oc1ccc(cc1N2C(=O)Nc3cc(ccc23)C(F)(F)F)C(F)(F)F,CHEMBL384903,IC50,5.23
2138746,Oc1ccccc1C(=O)Nc2ccc(cc2[N+](=O)[O-])c3ccccc3,CHEMBL482376,IC50,5.23
2138757,Oc1ccc(NC(=O)c2cc(Cl)ccc2O)c(c1)[N+](=O)[O-],CHEMBL297914,IC50,5.28
2138768,CN(C)c1[nH]c2cccnc2c1C#N,CHEMBL303056,EC50,5.29
2138779,O[C@H]1CCCN(C1)c2[nH]c3cccnc3c2C#N,CHEMBL59388,EC50,5.3
2138790,N#Cc1c([nH]c2cccnc12)N3CC4CCC(CC4)C3,CHEMBL303805,EC50,5.35
2138801,Cc1ccc(NC(=O)c2cc(Cl)ccc2O)c(c1)[N+](=O)[O-],CHEMBL480795,IC50,5.39
2138812,N#Cc1c([nH]c2cccnc12)N3CCOCC3,CHEMBL60343,EC50,5.41
2138823,Oc1ccccc1C(=O)Nc2ccc(cc2[N+](=O)[O-])C(F)(F)F,CHEMBL519785,IC50,5.46
2138834,N#Cc1c([nH]c2cccnc12)N3CCCCCC3,CHEMBL61989,EC50,5.48
2138845,Oc1ccccc1C(=O)n2nnc3cc(ccc23)c4ccccc4,CHEMBL481578,IC50,5.48
2138856,CCOc1ccccc1C(=O)Nc2cc(Cl)ccc2O,CHEMBL481577,IC50,5.51
2138867,Oc1ccccc1C(=O)Nc2ccccc2[N+](=O)[O-],CHEMBL481576,IC50,5.51
2138878,Oc1ccccc1C(=O)n2nnc3cc(F)ccc23,CHEMBL526140,IC50,5.52
2138889,Oc1ccc(cc1n2nncc2c3ccccc3)[N+](=O)[O-],CHEMBL465456,IC50,5.58
2138900,Cc1ccc(NC(=O)c2ccccc2O)c(c1)[N+](=O)[O-],CHEMBL499800,IC50,5.6
2138911,Oc1ccccc1C(=O)n2nnc3cc(Cl)ccc23,CHEMBL465455,IC50,5.61
2138922,Oc1ccccc1C(=O)n2nnc3cc(ccc23)C(F)(F)F,CHEMBL512408,IC50,5.67
2138933,Oc1ccccc1C(=O)n2nnc3ccccc23,CHEMBL465454,IC50,5.81
2138944,Oc1ccccc1C(=O)Nc2ccc(cc2O)[N+](=O)[O-],CHEMBL465109,IC50,5.84
2138955,COc1cc(ccc1NC(=O)c2cc(Cl)ccc2O)[N+](=O)[O-],CHEMBL464249,IC50,6.16
2138966,Oc1ccc(Cl)cc1n2cc(nn2)C(=O)c3ccccc3,CHEMBL465950,IC50,6.19
2138977,COc1ccc(cc1NC(=O)c2ccccc2O)[N+](=O)[O-],CHEMBL453712,IC50,6.35
2138988,Oc1ccc(Cl)cc1NC(=O)c2cc(Cl)ccc2O,CHEMBL455306,IC50,6.43
1789858,COc1ccc(Cl)cc1[C@]2(F)C(=O)Nc3cc(ccc23)C(F)(F)F,CHEMBL266510,EC50,6.45
2139001,CCOC(=O)c1nnn(c2ccc(Cl)cc2[N+](=O)[O-])c1c3ccc(cc3)[N+](=O)[O-],CHEMBL517012,IC50,6.55
2139012,Cc1cccc(c1NC(=O)c2ccccc2O)[N+](=O)[O-],CHEMBL464057,IC50,6.6
2139023,COc1cc(ccc1NC(=O)c2ccccc2O)[N+](=O)[O-],CHEMBL506373,IC50,6.72
2139034,Oc1ccc(Cl)cc1n2cc(Cc3ccccc3)nn2,CHEMBL511200,IC50,6.75
2139045,Cc1ccc2c(c1)nnn2C(=O)c3ccccc3O,CHEMBL504160,IC50,6.84
2139056,Oc1ccc(Cl)cc1NC(=O)c2ccccc2O,CHEMBL524902,IC50,6.87
2139067,COc1ccc(Cl)cc1C(=O)Nc2cc(C)ccc2O,CHEMBL448335,IC50,7.56
2139078,Oc1ccccc1Cn2cc(Cc3ccccc3)nn2,CHEMBL465922,IC50,7.56
2139089,COc1ccc(Cl)cc1C(=O)Nc2cc(Cl)ccc2O,CHEMBL445346,IC50,8.49
