id,smiles,name,assay_type,activity_value
540356,CC1=[N+](CCCCCCCCCC[N+]2=C(C)C=C(N)C3=CC=CC=C23)C2=CC=CC=C2C(N)=C1,dequalinium,IC50,6.4000001
5479010,Cl.Cl.COc1cc2CCN(C)[C@@H](CCC[C@@H]3N(C)CCc4cc(OC)c(OC)cc34)c2cc1OC,CHEMBL257156,IC50,5.42
5479021,Clc1cc(NCc2ccccc2)n3nccc3n1,CHEMBL452406,IC50,5.92
5479065,Clc1cc(NCc2cccs2)n3nccc3n1,CHEMBL472452,IC50,6.52
5479111,Clc1cc2CCCC(Nc3nc4ccccc4[nH]3)c2cc1Cl,CHEMBL511710,Kd,7.27
5479054,N(c1ccccn1)c2nc(cs2)c3ccccn3,CHEMBL489770,IC50,7.37
5479100,Cc1ccnc(Nc2nc(cs2)c3ccccn3)c1,CHEMBL476339,IC50,8.4
5758859,[Br-].[Br-].C1Nc2cc[n+](Cc3cccc(C[n+]4ccc(NCc5ccc1cc5)c6ccccc46)c3)c7ccccc27,CHEMBL45193,IC50,8.52
5758870,[O-]C(=O)C(F)(F)F.[O-]C(=O)C(F)(F)F.C1CCNc2cc[n+](CCCCC[n+]3ccc(NCC1)c4ccccc34)c5ccccc25,CHEMBL612120,IC50,9.0
