id,smiles,name,assay_type,activity_value
4272453,NC1=NC2=C(S1)C=C(OC(F)(F)F)C=C2,riluzole,EC50,7.4000001
2784339,[H][C@]12CC3=CC=C(OC4=C5C(CC[N+](C)(C)[C@]5([H])CC5=CC=C(O)C(OC6=CC1=C(CCN2C)C=C6OC)=C5)=CC(OC)=C4O)C=C3,tubocurarine,IC50,5.7
5479010,Cl.Cl.COc1cc2CCN(C)[C@@H](CCC[C@@H]3N(C)CCc4cc(OC)c(OC)cc34)c2cc1OC,CHEMBL257156,IC50,5.59
5479021,Clc1cc(NCc2ccccc2)n3nccc3n1,CHEMBL452406,IC50,5.96
5479032,[I-].[I-].CC(C)c1cccc2cc[n+](C)c(CCCCCc3c4c(cccc4cc[n+]3C)C(C)C)c12,CHEMBL1909930,Ki,6.06
5479043,[I-].[I-].CC(C)c1cccc2cc[n+](C)c(CCCc3c4c(cccc4cc[n+]3C)C(C)C)c12,CHEMBL1909928,Ki,6.23
5479054,N(c1ccccn1)c2nc(cs2)c3ccccn3,CHEMBL489770,IC50,6.27
5479065,Clc1cc(NCc2cccs2)n3nccc3n1,CHEMBL472452,IC50,6.28
2946051,[I-].[I-].CC(C)c1cccc2cc[n+](C)c(Cc3ccc(Cc4c5c(cccc5cc[n+]4C)C(C)C)cc3)c12,CHEMBL1909932,Ki,6.4
5479078,[I-].[I-].CC(C)c1cccc2cc[n+](C)c(CCCCc3c4c(cccc4cc[n+]3C)C(C)C)c12,CHEMBL1909929,Ki,6.71
5479089,[I-].[I-].CC(C)c1cccc2cc[n+](C)c(Cc3cccc(Cc4c5c(cccc5cc[n+]4C)C(C)C)c3)c12,CHEMBL1909931,Ki,7.05
5479100,Cc1ccnc(Nc2nc(cs2)c3ccccn3)c1,CHEMBL476339,IC50,7.23
5479111,Clc1cc2CCCC(Nc3nc4ccccc4[nH]3)c2cc1Cl,CHEMBL511710,Kd,7.33
