id,smiles,name,assay_type,activity_value
655396,CCOC(=O)C1=C(C)NC(C)=C(C1C1=CC(=CC=C1)[N+]([O-])=O)C(=O)OC,nitrendipine,Kd,6.05000019
4272453,NC1=NC2=C(S1)C=C(OC(F)(F)F)C=C2,riluzole,IC50,5.67000008
720142,Clc1ccccc1C(c2ccccc2)(c3ccccc3)n4ccnc4,clotrimazole,IC50,7.15
655254,CCOC(=O)C1=C(C)NC(C)=C([C@@H]1C1=CC(=CC=C1)[N+]([O-])=O)C(=O)OC,(S)-nitrendipine,IC50,7.59999991
4234905,O=C1Oc2cc3occc3c(OCCCCOc4ccccc4)c2C=C1,CHEMBL444449,IC50,5.0
4272476,O=P(N(Cc1ccccn1)c2cccnc2)(c3ccccc3)c4ccccc4,CHEMBL2313226,IC50,5.0
4272487,Fc1ccc(c(NP(=O)(c2ccccc2)c3ccccc3)c1)n4cccn4,CHEMBL2312923,IC50,5.11
4272498,O=P(NCc1cccnc1c2cccc(c2)C#N)(c3ccccc3)c4ccccc4,CHEMBL2312930,IC50,5.11
4272509,Clc1cccc(c1)c2ncccc2CNP(=O)(c3ccccc3)c4ccccc4,CHEMBL2312929,IC50,5.31
4272520,C1CN=C(O1)C(c2ccccc2)(c3ccccc3)c4ccccc4,CHEMBL271167,IC50,5.37
4272531,CN(C)C(c1ccccc1)(c2ccccc2)c3ccccc3,CHEMBL259899,IC50,5.5
4272542,CCCN(c1cccc(c1)C#N)P(=O)(c2ccccc2)c3ccccc3,CHEMBL2312920,IC50,5.57
4272553,O=C1CN(c2ccccc2c3ccccc13)S(=O)(=O)c4cccs4,CHEMBL497249,IC50,5.62
4233651,Cc1ccc(cc1)S(=O)(=O)N2CC(=O)c3ccccc3c4ccccc24,CHEMBL498086,IC50,5.68
4272566,O=P(C(N1CCCCC1)c2cccnc2)(c3ccccc3)c4ccccc4,CHEMBL2312927,IC50,5.75
4272577,CCNC(c1ccccc1)(c2ccccc2)c3ccccc3,CHEMBL260107,IC50,5.76
4233605,Clc1ccc(cc1)S(=O)(=O)N2CC(=O)c3ccccc3c4ccccc24,CHEMBL522750,IC50,5.85
4233906,Clc1cccc(c1)C(=O)N2CC(=O)c3ccccc3c4ccccc24,CHEMBL497250,IC50,5.89
4272592,O=P(C(c1cccnc1)c2cccnc2)(c3ccccc3)c4ccccc4,CHEMBL2312925,IC50,6.0
4272603,CNC(c1ccccc1)(c2ccccc2)c3ccccc3,CHEMBL270288,IC50,6.26
4272614,O=P(C(c1ccccc1)c2cccnc2)(c3ccccc3)c4ccccc4,CHEMBL2312926,IC50,6.3
4272627,COC(=O)C(c1ccccc1)(c2ccccc2)c3ccccc3,CHEMBL270495,IC50,6.48
4272638,CC(C)c1nc2N(Cc3ccc(F)c(OC(F)(F)F)c3)C(=O)CS(=O)(=O)c2s1,CHEMBL3287206,IC50,7.02
4272649,NC(c1ccccc1)(c2ccccc2)c3ccccc3,CHEMBL272255,IC50,7.16
4272660,OCc1ccc2SCC(=O)N(Cc3ccc(Cl)c(c3)C(F)(F)F)c2n1,CHEMBL3287211,IC50,7.18
2664084,CC(N1C(=O)CSc2ncsc12)c3ccc(F)c(OC(F)(F)F)c3,CHEMBL3287212,IC50,7.22
4272673,FC(F)(F)Oc1cccc(CN2C(=O)CSc3cccnc23)c1,CHEMBL3287209,IC50,7.28
4272684,Fc1ccc(CN2C(=O)CS(=O)(=O)c3cccnc23)cc1OC(F)(F)F,CHEMBL3287205,IC50,7.31
4272695,Fc1ccc(CN2C(=O)CS(=O)(=O)c3sccc23)cc1OC(F)(F)F,CHEMBL3287208,IC50,7.32
4272706,CC(N1C(=O)CSc2cccnc12)c3cccc(c3)C(F)(F)F,CHEMBL3287210,IC50,7.39
4272717,NC(=O)C(c1ccccc1)(c2ccccc2)c3ccc(F)cc3,CHEMBL258604,IC50,7.4
4272728,CC(N1C(=O)CS(=O)(=O)c2ccsc12)c3ccc(F)c(OC(F)(F)F)c3,CHEMBL3287207,IC50,7.41
4272739,NC(=O)C(c1ccccc1)(c2ccccc2)c3ccc(F)cc3F,CHEMBL270913,IC50,7.47
4272750,NC(=O)C(c1ccccc1)(c2cccc(F)c2)c3cccc(F)c3,CHEMBL261828,IC50,7.52
4272761,NC(=O)C(c1ccccc1)(c2ccccc2F)c3ccccc3F,CHEMBL261606,IC50,7.52
4233719,Clc1ccccc1C(c2ccccc2)(c3ccccc3)n4cccn4,CHEMBL498270,IC50,7.7
4272774,NC(c1ccccc1)(c2ccccc2)c3ccccc3Cl,CHEMBL406683,IC50,7.7
4272785,NC(=O)C(c1ccc(F)cc1)(c2ccc(F)cc2)c3cccc(F)c3,CHEMBL260953,IC50,7.77
4272796,NC(=O)C(c1ccc(F)cc1)(c2cccc(F)c2)c3cccc(F)c3,CHEMBL408700,IC50,7.82
4272807,NC(=O)C(c1ccc(F)cc1)(c2ccccc2F)c3ccccc3F,CHEMBL273092,IC50,7.82
4272818,NC(=O)C(c1ccccc1)(c2ccccc2)c3ccccc3F,CHEMBL270071,IC50,7.82
4272829,NC(=O)C(c1ccc(F)cc1)(c2ccc(F)cc2)c3ccc(F)cc3,CHEMBL270704,IC50,7.85
4272840,NC(=O)C(c1ccccc1)(c2ccccc2)c3ccc(F)c(F)c3,CHEMBL272040,IC50,7.85
4272851,NC(=O)C(c1cccc(F)c1)(c2cccc(F)c2)c3cccc(F)c3,CHEMBL260736,IC50,7.89
4272863,NC(=O)C(c1ccccc1)(c2ccc(F)cc2)c3ccc(F)cc3,CHEMBL405821,IC50,7.92
4272874,NC(=O)C(c1ccc(F)cc1)(c2ccc(F)cc2)c3ccccc3F,CHEMBL272039,IC50,8.0
4272885,NC(=O)C(c1ccccc1)(c2ccc(F)cc2)c3ccccc3F,CHEMBL42205,IC50,8.05
