id,smiles,name,assay_type,activity_value
540356,CC1=[N+](CCCCCCCCCC[N+]2=C(C)C=C(N)C3=CC=CC=C23)C2=CC=CC=C2C(N)=C1,dequalinium,IC50,5.89
8413676,FC(F)(F)Oc1ccccc1CNc2cc(Cl)nc3ccnn23,CHEMBL509297,IC50,5.0
8413687,[O-][N+](=O)c1cccc(CNc2cc(Cl)nc3ccnn23)c1,CHEMBL471826,IC50,5.1
8413698,Clc1cc(NC(Cc2ccccc2)c3ccccc3)n4nccc4n1,CHEMBL513544,IC50,5.13
8413709,Clc1cccc(CNc2cc(Cl)nc3ccnn23)c1,CHEMBL469756,IC50,5.28
5479010,Cl.Cl.COc1cc2CCN(C)[C@@H](CCC[C@@H]3N(C)CCc4cc(OC)c(OC)cc34)c2cc1OC,CHEMBL257156,IC50,5.52
5479089,[I-].[I-].CC(C)c1cccc2cc[n+](C)c(Cc3cccc(Cc4c5c(cccc5cc[n+]4C)C(C)C)c3)c12,CHEMBL1909931,IC50,5.53
8413724,C1C[C@@H](Nc2nc3ccccc3[nH]2)c4ccccc4C1,CHEMBL510780,EC50,5.66
882949,[Cl-].[Cl-].Cc1cc(N)c2ccccc2[n+]1CCCCCCCCCC[n+]3c(C)cc(N)c4ccccc34,CHEMBL121663,IC50,5.7
5479111,Clc1cc2CCCC(Nc3nc4ccccc4[nH]3)c2cc1Cl,CHEMBL511710,EC50,5.74
5479021,Clc1cc(NCc2ccccc2)n3nccc3n1,CHEMBL452406,IC50,5.8
2946051,[I-].[I-].CC(C)c1cccc2cc[n+](C)c(Cc3ccc(Cc4c5c(cccc5cc[n+]4C)C(C)C)cc3)c12,CHEMBL1909932,Ki,5.9
8413743,C[C@@H](Nc1cc(Cl)nc2ccnn12)c3ccccc3,CHEMBL469732,IC50,6.0
5479043,[I-].[I-].CC(C)c1cccc2cc[n+](C)c(CCCc3c4c(cccc4cc[n+]3C)C(C)C)c12,CHEMBL1909928,Ki,6.08
5479065,Clc1cc(NCc2cccs2)n3nccc3n1,CHEMBL472452,IC50,6.24
5479032,[I-].[I-].CC(C)c1cccc2cc[n+](C)c(CCCCCc3c4c(cccc4cc[n+]3C)C(C)C)c12,CHEMBL1909930,Ki,6.24
5479054,N(c1ccccn1)c2nc(cs2)c3ccccn3,CHEMBL489770,IC50,6.27
5479078,[I-].[I-].CC(C)c1cccc2cc[n+](C)c(CCCCc3c4c(cccc4cc[n+]3C)C(C)C)c12,CHEMBL1909929,Ki,6.67
8413764,C1CC[n+]2ccc(NCc3ccc(CNc4cc[n+](CC1)c5ccccc45)cc3)c6ccccc26,CHEMBL360621,IC50,7.22
5479100,Cc1ccnc(Nc2nc(cs2)c3ccccn3)c1,CHEMBL476339,IC50,7.23
8413777,C1CC[n+]2ccc(NCc3cccc(CNc4cc[n+](CC1)c5ccccc45)c3)c6ccccc26,CHEMBL3040285,IC50,7.51
8413788,Cc1ccn(n1)c2nc(Nc3ccc(F)cc3)c4ncn(C)c4n2,CHEMBL2324346,EC50,7.7
