id,smiles,name,assay_type,activity_value
226671,NC(N)=N,guanidine,N/A,N/A
1789824,CCOC(=O)NC1=C(N)C=C(NCC2=CC=C(F)C=C2)C=C1,retigabine,EC50,5.59999991
226681,NC1=CC=NC=C1,fampridine,N/A,N/A
226690,NC1=CC=NC=C1N,amifampridine,N/A,N/A
1789847,C[C@H](NC(=O)\C=C\c1ccccc1)c2cccc(c2)N3CCOCC3,CHEMBL317935,EC50,5.52
1789858,COc1ccc(Cl)cc1[C@]2(F)C(=O)Nc3cc(ccc23)C(F)(F)F,CHEMBL266510,EC50,5.62
1720282,FC(F)(F)Oc1ccc(CNC(=O)C2N(CCc3ccccn3)C(=O)c4ccccc24)cc1,CHEMBL2164389,IC50,5.8
1789871,C[C@H](NC(=O)\C=C\c1ccc(F)cc1)c2ccc(F)c(c2)N3CCOCC3,CHEMBL100379,EC50,5.81
