id,smiles,name,assay_type,activity_value
226671,NC(N)=N,guanidine,N/A,N/A
226681,NC1=CC=NC=C1,fampridine,N/A,N/A
226690,NC1=CC=NC=C1N,amifampridine,N/A,N/A
2680384,COc1ccc(cc1)c2csc(NC(=O)[C@H]3CCCCN3C(=O)c4ccccc4)n2,CHEMBL2070982,EC50,5.09
2680395,COc1ccc(cc1)c2csc(NC(=O)[C@H]3CCCCN3S(=O)(=O)c4nccc5ccccc45)n2,CHEMBL2070977,EC50,5.1
2680406,COc1ccc(cc1)c2csc(NC(=O)[C@H]3CCCCN3C(=O)c4cccc(F)c4)n2,CHEMBL2070981,EC50,5.21
2680417,COc1ccc(cc1)c2csc(NC(=O)[C@H]3CCCCN3S(=O)(=O)c4ccccc4C(F)(F)F)n2,CHEMBL2070957,EC50,5.32
2680428,COc1ccc(cc1)c2csc(NC(=O)C3COCCN3S(=O)(=O)c4ccc(C)cc4)n2,CHEMBL2070987,EC50,5.36
2680439,COc1ccc(cc1)c2csc(NC(=O)C3CCCN3S(=O)(=O)c4ccc(C)cc4)n2,CHEMBL2070985,EC50,5.54
2680450,COc1ccc(cc1)c2csc(NC(=O)[C@H]3CCCCN3S(=O)(=O)c4ccc(cc4)C(C)C)n2,CHEMBL2070955,EC50,5.59
2680461,COc1ccc(cc1)c2csc(NC(=O)[C@H]3CCCCN3S(=O)(=O)c4ccccc4OC)n2,CHEMBL2070960,EC50,5.75
2680472,COc1ccc(cc1)c2csc(NC(=O)C3CCCCN3S(=O)(=O)c4ccccc4)n2,CHEMBL1352968,EC50,5.77
2680483,COc1ccc(cc1)c2csc(NC(=O)[C@H]3CCCCN3S(=O)(=O)c4ccc(cc4)C(F)(F)F)n2,CHEMBL2070959,EC50,5.77
2680494,COc1ccc(cc1)c2csc(NC(=O)[C@H]3CCCCN3S(=O)(=O)c4ccc(cc4)C#N)n2,CHEMBL2070965,EC50,5.79
2680505,COc1ccc(cc1)c2csc(NC(=O)[C@H]3CCCCN3S(=O)(=O)c4ccccc4)n2,CHEMBL2070830,EC50,5.83
2680516,COc1ccc(cc1)c2csc(NC(=O)[C@H]3CCCCN3S(=O)(=O)c4cccc(Cl)c4)n2,CHEMBL2070969,EC50,5.85
2680527,COc1ccc(cc1)c2csc(NC(=O)[C@H]3CCCCN3S(=O)(=O)c4ccccc4C)n2,CHEMBL2070832,EC50,5.86
2680538,COc1ccc(cc1)c2csc(NC(=O)[C@H]3CCCCN3S(=O)(=O)c4cccnc4)n2,CHEMBL2070978,EC50,5.87
2680549,Cc1ccc(cc1)S(=O)(=O)N2CCCC[C@@H]2C(=O)Nc3nc(cs3)c4ccc5occc5c4,CHEMBL2071004,EC50,5.88
2680560,COc1ccc(cc1)c2csc(NC(=O)[C@H]3CCCCN3S(=O)(=O)c4cccc(F)c4)n2,CHEMBL2070966,EC50,5.94
760015,COc1cccc([C@H](O)C2CCN(CCc3ccc(F)cc3)CC2)c1OC,CHEMBL74355,Ki,5.98
2680573,COc1ccc(cc1)c2csc(NC(=O)[C@H]3CCCCN3S(=O)(=O)c4ccc(F)cc4)n2,CHEMBL2070967,EC50,5.99
2680584,COc1ccc(cc1)c2csc(NC(=O)[C@H]3CCCCN3S(=O)(=O)c4cccc(c4)C(F)(F)F)n2,CHEMBL2070958,EC50,6.0
2680595,COc1ccc(cc1)c2csc(NC(=O)[C@H]3CCCCN3S(=O)(=O)c4cccc(C)c4)n2,CHEMBL2070952,EC50,6.05
2680606,COc1ccc(cc1)c2csc(NC(=O)[C@H]3CCCCN3S(=O)(=O)c4cccc(c4)C#N)n2,CHEMBL2070964,EC50,6.06
2680617,COc1ccc(cc1)c2csc(NC(=O)[C@H]3CCCCN3S(=O)(=O)c4cccc(OC)c4)n2,CHEMBL2070961,EC50,6.09
2680628,COc1ccc(cc1)c2csc(NC(=O)[C@H]3CCCCN3S(=O)(=O)c4ccc5OCOc5c4)n2,CHEMBL2070962,EC50,6.11
2680639,COc1ccc(cc1)c2csc(NC(=O)[C@H]3CCCCN3S(=O)(=O)c4ccccc4Cl)n2,CHEMBL2070968,EC50,6.14
2680650,CCCc1ccc(cc1)S(=O)(=O)N2CCCC[C@@H]2C(=O)Nc3nc(cs3)c4ccc(OC)cc4,CHEMBL2070954,EC50,6.16
2680661,COc1ccc(cc1)c2csc(NC(=O)C3CSCCN3S(=O)(=O)c4ccc(C)cc4)n2,CHEMBL2070988,EC50,6.22
2680672,COc1ccc(cc1)c2csc(NC(=O)[C@H]3CCCCN3S(=O)(=O)c4ccc(Cl)cc4)n2,CHEMBL2070970,EC50,6.38
2680683,COc1ccc(cc1)c2csc(NC(=O)[C@H]3CCCCN3S(=O)(=O)c4ccc(C)cc4)n2,CHEMBL2070953,EC50,6.59
