id,smiles,name,assay_type,activity_value
6491764,COc1cc(OC)c(cn1)c2cnc3[nH]c(cc3c2)c4c(F)cccc4Cl,CHEMBL3403753,IC50,6.36
6491775,O=C(Cn1cnc2ccccc12)Nc3ccc(cc3)n4nc(cc4C5CC5)C6CC6,CHEMBL3699934,IC50,6.42
6491784,Fc1cc(NC(=O)Cc2ccc3ncccc3c2)ccc1n4nc(cc4C5CC5)C6CC6,CHEMBL3699937,IC50,6.58
6491793,O=C(Nc1ccc(cc1)n2nc(cc2C3CC3)C4CC4)c5ccc6nn[nH]c6c5,CHEMBL3699933,IC50,6.74
6491802,Fc1cc(NC(=O)Cn2nnc3ccccc23)ccc1n4nc(cc4C5CC5)C(F)(F)F,CHEMBL3699942,IC50,6.8
6491811,O=C(Cc1ccc2ncccc2c1)Nc3ccc(cc3)n4nc(cc4C5CC5)C6CC6,CHEMBL3699936,IC50,6.83
6491820,FC(F)(F)c1cc(C2CC2)n(n1)c3ccc(NC(=O)Cn4nc5ccccc5n4)cc3,CHEMBL3699941,IC50,6.86
6491830,COc1cc(C)c(cn1)c2cnc3[nH]c(cc3c2)c4c(F)cccc4Cl,CHEMBL3403751,IC50,6.98
6491840,FC(F)(F)c1cc(C2CC2)n(n1)c3ccc(NC(=O)c4ccc5ncccc5c4)cc3,CHEMBL3699938,IC50,7.07
6491849,FC(F)(F)c1cc(C2CC2)n(n1)c3ccc(NC(=O)c4ccc5nccnc5c4)cc3,CHEMBL3699939,IC50,7.27
6491858,O=C(Cn1nnc2ccccc12)Nc3ccc(cc3)n4nc(cc4C5CC5)C6CC6,CHEMBL3699935,IC50,7.29
6491867,FC(F)(F)c1cc(C2CC2)n(n1)c3ccc(NC(=O)Cn4nnc5ccccc45)cc3,CHEMBL3699940,IC50,7.41
