id,smiles,name,assay_type,activity_value
7821112,O=C(N1CCCCC1)N2c3ccccc3C=Cc4ccccc24,CHEMBL3103371,IC50,5.1
3181671,CC(C)N(C(C)C)C(=O)N1c2ccccc2C=Cc3ccccc13,CHEMBL3103385,IC50,5.14
7821125,FC(F)(F)c1ccc(cn1)[C@H](Nc2ncnc3CCN(Cc23)c4ccc(Cl)cn4)C5CC5,CHEMBL3643337,IC50,5.45
7821135,Cc1nc(c2cccc(Oc3ccccc3)c2)c(C(=O)O)c(C(=O)O)c1O,CHEMBL3091621,IC50,5.48
7821146,Cc1nc(Cc2ccccc2Oc3ccccc3)c(C(=O)O)c(C(=O)O)c1O,CHEMBL3091623,IC50,5.53
7821157,Cc1nc(Cc2cccc3ccccc23)c(C(=O)O)c(C(=O)O)c1O,CHEMBL3091617,IC50,5.9
7821168,Cc1nc(Cc2ccc(Oc3ccccc3)cc2)c(C(=O)O)c(C(=O)O)c1O,CHEMBL3091622,IC50,5.98
7821178,CC(C)CC(=O)C1C(N(C(=O)C1=O)c2ccc(cc2)c3onc(C)c3)c4ccccc4OCCO,CHEMBL3674861,IC50,6.0
7821187,COc1ccccc1C2C(C(=O)C(C)(C)C)C(=O)C(=O)N2c3ccc(cc3)c4cscc4C,CHEMBL3669832,IC50,6.0
7821197,[Na+].[Na+].[O-]S(=O)(=O)c1cc(ccc1\C=C\c2ccc(cc2S(=O)(=O)[O-])N=C=S)N=C=S,CHEMBL133930,IC50,6.0
7821207,CCOC(=O)C(C)(C)C(=O)C1C(N(C(=O)C1=O)c2ccc(cc2)c3csc(C)c3)c4ccccc4OC,CHEMBL3679736,IC50,6.01
7821216,COc1ccc(cc1)c2n[nH]c3C(=O)N(CCc4occc4)C(c5ccccc5OC)c23,CHEMBL3684627,IC50,6.01
7821225,COc1ccccc1C2N(C(=O)c3n[nH]c(c23)C(C)(C)C)c4ccc(cc4)c5onc(NC(=O)C)c5,CHEMBL3684566,IC50,6.01
7821234,COCc1ccccc1C2C(C(=O)CC(C)C)C(=O)C(=O)N2c3ccc(cc3)c4coc(C)n4,CHEMBL3674902,IC50,6.02
7821243,COc1ccccc1C2C(C(=O)C(C)(C)C)C(=O)C(=O)N2c3ccc(cc3)C(C)C,CHEMBL3669720,IC50,6.02
7821252,COCCOc1ncccc1C2C(C(=O)C(C)(C)C)C(=O)C(=O)N2c3ccc(cc3)c4ccon4,CHEMBL3669786,IC50,6.03
7821261,COc1ccc2sc(nc2c1)N3C(C(C(=O)C(C)(C)C)C(=O)C3=O)c4ccccc4OC,CHEMBL3669721,IC50,6.03
7821270,COc1ncccc1C2N(C(=O)c3n[nH]c(c23)C(C)(C)C)c4ccc(cc4)c5onc(C)n5,CHEMBL3684602,IC50,6.03
7821280,Cc1nc(NC(=O)c2cccc(Oc3ccccc3)c2)c(C(=O)O)c(C(=O)O)c1O,CHEMBL3091627,IC50,6.03
7821291,Cc1nc(\C=C\c2ccccc2)c(C(=O)O)c(C(=O)O)c1O,CHEMBL3091606,IC50,6.04
7821301,COc1ccccc1C2C(C(=O)CC(C)C)C(=O)C(=O)N2c3ccc(cc3)c4onc(C)c4,CHEMBL3674855,IC50,6.05
7821310,COc1ccccc1C2N(Cc3n[nH]c(C(C)C)c23)C(=O)Nc4ccc(cc4)c5ccsc5,CHEMBL3684597,IC50,6.05
7821319,COc1ccccc1C2N(C(=O)c3n[nH]c(c23)C(C)(C)C)c4ccc(Br)cn4,CHEMBL3684645,IC50,6.06
7821328,CC(C)c1[nH]nc2C(=O)N(C(c3cccnc3OCCO)c12)c4ccc(cc4)c5noc(C)n5,CHEMBL3679897,IC50,6.07
7821337,COc1ccccc1C2N(C(=O)c3n[nH]c(C(C)C)c23)c4ccc(c(NC(=O)C)c4)c5ccsc5,CHEMBL3684636,IC50,6.07
7821347,Cc1nc(Cc2cccc3ccccc23)c4C(=O)OC(O)c4c1O,CHEMBL3091634,IC50,6.07
7821357,CC(C)(C)c1[nH]nc2C(=O)N(C(c3ccccc3CO)c12)c4ccc(cc4)c5ccon5,CHEMBL3684542,IC50,6.08
7821366,CC(C)C(=O)C1C(N(C(=O)C1=O)c2ccc(cc2)c3noc(C)n3)c4ccccc4CCC(=O)N,CHEMBL3679850,IC50,6.08
7821376,Cc1nc(CC(c2ccccc2)c3ccccc3)c(C(=O)O)c(C(=O)O)c1O,CHEMBL3091618,IC50,6.08
7821386,CNC(=O)CCc1ccccc1C2C(C(=O)C(C)C)C(=O)C(=O)N2c3ccc(cc3)c4noc(C)n4,CHEMBL3679851,IC50,6.09
7821395,COc1ccccc1C2C(C(=O)C(C)C)C(=O)C(=O)N2c3ccc(c(CO)c3)c4ccsc4,CHEMBL3674767,IC50,6.09
7821404,COc1ccccc1C2N(C(=O)c3n[nH]c(c23)C(C)(C)C)c4ccc(cc4)c5cccn5C,CHEMBL3684612,IC50,6.09
7821413,COc1ncccc1C2N(C(=O)c3n[nH]c(c23)C(C)(C)C)c4ccc(Br)cc4,CHEMBL3684615,IC50,6.09
7821423,Cc1nc(CCc2ccccc2)c(C(=O)O)c(C(=O)O)c1O,CHEMBL3091605,IC50,6.1
7821433,CC(C)(C)C(=O)C1C(N(C(=O)C1=O)c2ccc(cc2)c3ccon3)c4ccccc4OCC(=O)O,CHEMBL3669782,IC50,6.11
7821442,CC(C)C(=O)C1C(N(C(=O)C1=O)c2ccc(cc2)c3csc(C)c3)c4ccccc4N5CCCC5=O,CHEMBL3679853,IC50,6.11
7821451,COc1ccccc1C2N(C(=O)c3n[nH]c(c23)C(C)(C)C)c4ccc(C)cc4,CHEMBL3684603,IC50,6.11
7821460,COc1ccc(cc1)N2C(c3ccccc3OC)c4c(n[nH]c4C(C)(C)C)C2=O,CHEMBL3679942,IC50,6.12
7821469,COc1ccccc1C2C(C(=O)C(C)(C)C)C(=O)C(=O)N2c3ccc(cc3)C(F)(F)F,CHEMBL3669726,IC50,6.12
7821478,COc1ccccc1C2C(C(=O)C(C)(C)C)C(=O)C(=O)N2c3ccc(nc3)c4cocc4,CHEMBL3669751,IC50,6.12
7821487,COc1ccccc1C2N(C(=O)c3n[nH]c(c23)C(C)(C)C)c4ccc(CN(C)C)cc4,CHEMBL3679916,IC50,6.13
7821496,CNC(=O)COc1ccccc1C2C(C(=O)C(C)(C)C)C(=O)C(=O)N2c3ccc(cc3)c4ccon4,CHEMBL3669792,IC50,6.14
7821505,COc1ccc(CC(=O)C2C(C3CCCCC3)N(C(=O)C2=O)c4ccc(cc4)c5noc(C)n5)cc1,CHEMBL3674849,IC50,6.14
7821515,Cc1nc(NC(=O)c2ccccc2)c(C(=O)O)c(C(=O)O)c1O,CHEMBL3091625,IC50,6.14
7821525,CC(C)NC(=O)CCc1ccccc1C2C(C(=O)C(C)C)C(=O)C(=O)N2c3ccc(cc3)c4noc(C)n4,CHEMBL3679852,IC50,6.15
7821534,COc1ccccc1C2C(C(=O)C(C)C)C(=O)C(=O)N2c3ccc(c(N)c3)c4ccsc4,CHEMBL3674764,IC50,6.15
7821543,CC(C)C(=O)C1C(N(C(=O)C1=O)c2ccc(cc2)c3noc(C)n3)c4cccnc4N5CCOCC5,CHEMBL3679788,IC50,6.16
7821552,COCc1ccccc1C2C(C(=O)C(C)C)C(=O)C(=O)N2c3ccc(cc3)c4cc(C)on4,CHEMBL3674960,IC50,6.16
7821561,COCc1ccccc1C2C(C(=O)C(C)C)C(=O)C(=O)N2c3ccc(cc3)c4csc(C)n4,CHEMBL3674930,IC50,6.16
7821570,COc1ccc(cc1)C(=O)C2C(N(C(=O)C2=O)c3ccc(cc3)c4cccnc4)c5ccccc5OC,CHEMBL3669719,IC50,6.16
7821579,COc1ccccc1C2C(C(=O)C3(CO)CCCCC3)C(=O)C(=O)N2c4ccc(cc4)c5ccon5,CHEMBL3669716,IC50,6.16
7821588,Cc1onc(n1)c2ccc(cc2)N3C(C(C(=O)C(C)(C)C)C(=O)C3=O)c4ccccc4OCCO,CHEMBL3669747,IC50,6.16
7821597,CCOC(=O)C1C(C(=O)C(C)C)C(=O)C(=O)N1c2ccc(cc2)c3ccsc3,CHEMBL3669852,IC50,6.17
7821606,COCCOc1ccccc1C2C(C(=O)CC(C)C)C(=O)C(=O)N2c3ccc(cc3)c4coc(C)n4,CHEMBL3674901,IC50,6.17
7821615,COCCOc1ccccc1C2C(C(=O)CC(C)C)C(=O)C(=O)N2c3ccc(cc3)c4onc(C)c4,CHEMBL3674862,IC50,6.17
7821624,CC(C)C(=O)C1=C(O)C(=O)N(C1c2ccccc2N3CCCC3=O)c4ccc(cc4)c5noc(C)n5,CHEMBL3684675,IC50,6.18
7821633,CC(C)C(=O)C1C(N(C(=O)C1=O)c2ccc(cc2)c3ccon3)c4cccnc4OCCO,CHEMBL3669819,IC50,6.18
7821642,COCCOc1cccc(c1)C2C(C(=O)C(C)C)C(=O)C(=O)N2c3ccc(cc3)c4ccsc4,CHEMBL3674807,IC50,6.18
7821651,COCCOc1ncccc1C2N(C(=O)c3n[nH]c(C(C)C)c23)c4ccc(cc4)c5onc(C)n5,CHEMBL3684674,IC50,6.18
7821660,CC(C)(C)C(=O)C1C(N(C(=O)C1=O)c2ccc(cc2)c3nccs3)c4ccccc4OCCO,CHEMBL3669745,IC50,6.19
7821669,CNC(=O)C(C)(C)c1n[nH]c2C(=O)N(C(c3ccccc3OC)c12)c4ccc(cc4)c5ccon5,CHEMBL3684573,IC50,6.19
7821678,COCc1ccccc1C2C(C(=O)C(C)(C)C)C(=O)C(=O)N2c3ccc(cc3)c4onc(C)c4,CHEMBL3669727,IC50,6.19
7821687,COc1ccc(cc1)C2C(C(=O)C(C)C)C(=O)C(=O)N2c3ccc(cc3)c4ccsc4,CHEMBL3674806,IC50,6.19
7821696,COc1ccccc1C2N(C(=O)c3n[nH]c(c23)C(C)(C)C)c4ccc(cc4)C(C)(C)O,CHEMBL3684569,IC50,6.19
7821706,Cc1nc(Cc2cccc(Oc3ccccc3)c2)c4C(=O)OC(O)c4c1O,CHEMBL3091635,IC50,6.19
7821716,Cc1onc(n1)c2ccc(cc2)\N=C/3\CC(C4CCCCC4)N(C3=O)c5ccc(cc5)c6noc(C)n6,CHEMBL3679735,IC50,6.19
7821725,COCc1ccccc1C2C(C(=O)C(C)C)C(=O)C(=O)N2c3ccc(I)cc3,CHEMBL3674802,IC50,6.2
7821734,COc1ccccc1[C@H]2C(C(=O)C(C)C)C(=O)C(=O)N2c3ccc(cc3)c4ccsc4,CHEMBL3669842,IC50,6.2
7821744,Cc1nc(Cc2cccc(Oc3ccccc3)c2)c(CCC(=O)O)c(C(=O)O)c1O,CHEMBL3091633,IC50,6.2
7821755,Cc1nc(Cc2cccc3ccccc23)c(CCC(=O)O)c(C=O)c1O,CHEMBL3091629,IC50,6.2
7821765,CC(C)(C)C(=O)C1C(N(C(=O)C1=O)c2ccc(cc2)c3ccon3)c4ccccc4S(=O)(=O)C,CHEMBL3669760,IC50,6.21
7821774,CN(C)CCOc1ccccc1C2C(C(=O)C(C)(C)C)C(=O)C(=O)N2c3ccc(cc3)c4ccon4,CHEMBL3669784,IC50,6.21
7821783,COc1ccccc1C2C(C(=O)C(C)(C)C)C(=O)C(=O)N2c3ccc(cc3)c4ccsc4Cl,CHEMBL3669831,IC50,6.21
7821792,CCc1ccc(cc1)C(C)Nc2ncnc3CCN(Cc23)c4ccc(C)cn4,CHEMBL3643313,IC50,6.22
7821801,CSc1ccc(cc1)N2C(C(C(=O)C(C)(C)C)C(=O)C2=O)c3cccnc3OCCO,CHEMBL3669813,IC50,6.22
7821810,CC(C)(C)C(=O)C1C(N(C(=O)C1=O)c2ccc(cc2)c3ccon3)c4cccc5OCOc45,CHEMBL3669730,IC50,6.23
7821819,CC(C)CC(=O)C1C(N(C(=O)C1=O)c2ccc(cc2)c3onc(C)c3)c4ccccc4OC(F)(F)F,CHEMBL3674860,IC50,6.23
7821828,COCc1ccccc1C2C(C(=O)C(C)C)C(=O)C(=O)N2c3ccc(cc3)c4cscn4,CHEMBL3674924,IC50,6.23
7821837,COc1ccccc1C2C(C(=O)C(F)(F)F)C(=O)C(=O)N2c3ccc(cc3)c4ccon4,CHEMBL3669703,IC50,6.23
7821847,Cc1nc(CCc2cccc(Oc3ccccc3)c2)c(C(=O)O)c(C(=O)O)c1O,CHEMBL3091620,IC50,6.23
7821857,CC(C)c1[nH]nc2C(=O)N(C(c3cccnc3OCCO)c12)c4ccc(cc4)c5ccon5,CHEMBL3679895,IC50,6.24
7821866,COC1=C(C(N(C1=O)c2ccc(cc2)c3ccc(C)s3)c4ccccc4OC)C(=O)CC(C)C,CHEMBL3674847,IC50,6.24
7821875,COCCOc1ncccc1C2C(C(=O)C(C)C)C(=O)C(=O)N2c3ccc(cc3)c4noc(C)n4,CHEMBL3669816,IC50,6.24
7821884,COc1ccccc1C2C(C(=O)C(C)(C)C)C(=O)C(=O)N2c3ccc(cc3)C(C)(C)C,CHEMBL3669724,IC50,6.24
7821893,Cc1onc(n1)c2ccc(cc2)N3C(C4CCCCC4)C(C(=O)c5cc[nH]c5)C(=O)C3=O,CHEMBL3679815,IC50,6.24
7821902,COCCOc1ncccc1C2C(C(=O)C3CCCC3)C(=O)C(=O)N2c4ccc(cc4)c5ccon5,CHEMBL3679786,IC50,6.26
7821911,COc1ccc(cc1)c2n[nH]c3C(=O)N(C(C4CCCCC4)c23)c5ccc6[nH]ccc6c5,CHEMBL3679905,IC50,6.26
7821920,Cc1cc(on1)c2ccc(cc2)N3C(C(C(=O)C(C)(C)C)C(=O)C3=O)c4ccccc4OCCO,CHEMBL3669748,IC50,6.26
7821929,COCCOc1ccccc1C2C(C(=O)C(C)C)C(=O)C(=O)N2c3ccc(cc3)c4onc(C)n4,CHEMBL3674794,IC50,6.27
7821938,COc1cccc(OC)c1C2N(C(=O)c3n[nH]c(c23)C(C)(C)C)c4ccc(cc4)c5ccon5,CHEMBL3679909,IC50,6.27
7821947,COc1ccccc1C2N(C(=O)c3[nH]nc(c23)C(C)(C)C(=O)O)c4ccc(cc4)c5ccon5,CHEMBL3684572,IC50,6.28
7821956,CC(C)CC(=O)C1C(N(C(=O)C1=O)c2ccc(cc2)c3onc(C)c3)c4ccccc4OC(F)F,CHEMBL3674857,IC50,6.29
7821965,CN(C)c1ccccc1C2C(C(=O)C(C)(C)C)C(=O)C(=O)N2c3ccc(cc3)c4ccon4,CHEMBL3669737,IC50,6.29
7821974,COCCOc1ccccc1C2C(C(=O)C(C)C)C(=O)C(=O)N2c3ccc(cc3)c4csc(C)n4,CHEMBL3674929,IC50,6.29
7821983,COCc1ccccc1C2N(C(=O)c3n[nH]c(c23)C(C)(C)C)c4ccc(cc4)c5onc(C)c5,CHEMBL3679914,IC50,6.29
7821992,COCc1ccccc1[C@H]2C(C(=O)C(C)C)C(=O)C(=O)N2c3ccc(cc3)c4ccsc4,CHEMBL3674778,IC50,6.29
7822001,COc1ccccc1C2N(C(=O)c3n[nH]c(c23)C(C)(C)C)c4ccc(cc4)N(C)C,CHEMBL3684609,IC50,6.3
7822010,CC(C)(C)c1n[nH]c2C(=O)N(C(c3cccc[n+]3[O-])c12)c4ccc(cc4)c5cc[o+][n-]5,CHEMBL3679907,IC50,6.31
7822019,CC(C)OCc1ccccc1C2C(C(=O)C(C)C)C(=O)C(=O)N2c3ccc(cc3)c4ccon4,CHEMBL3679802,IC50,6.31
7822028,COCCOc1ccccc1C2C(C(=O)CC(C)C)C(=O)C(=O)N2c3ccc(cc3)c4onc(C)n4,CHEMBL3674795,IC50,6.31
7822138,COc1ccccc1C2C(C(=O)C(C)C)C(=O)C(=O)N2c3ccc(cc3)c4cc(C)on4,CHEMBL3674959,IC50,6.31
7822147,Cc1onc(n1)c2ccc(cc2)N3C(C4CCCCC4)C(C(=O)CC5CCCC5)C(=O)C3=O,CHEMBL3674941,IC50,6.31
7822156,COCCOc1ccccc1C2C(C(=O)C(C)(C)C)C(=O)C(=O)N2c3ccc(SC)cc3,CHEMBL3669778,IC50,6.32
7822165,COCc1ccccc1C2C(C(=O)C(C)C)C(=O)C(=O)N2c3ccc(SC)cc3,CHEMBL3679743,IC50,6.32
7822174,COc1ccccc1[C@H]2C(C(=O)CC(C)C)C(=O)C(=O)N2c3ccc(cc3)c4ccsc4,CHEMBL3674801,IC50,6.32
7822184,Cc1nc(Cc2cccc(Oc3ccccc3)c2)c(C(=O)O)c(C(=O)O)c1O,CHEMBL3091619,IC50,6.32
7822194,CCCc1ccc(cc1)N2C(C(C(=O)C(C)(C)C)C(=O)C2=O)c3ccccc3OC,CHEMBL3669723,IC50,6.33
7822203,COCCNC(=O)c1ncccc1C2C(C(=O)CC(C)C)C(=O)C(=O)N2c3ccc(cc3)c4ccc(C)s4,CHEMBL3679839,IC50,6.33
7822212,COCc1ccccc1C2C(C(=O)C(C)C)C(=O)C(=O)N2c3ccc(cc3)c4ccccc4,CHEMBL3674803,IC50,6.33
7822221,COc1ccccc1C2C(C(=O)C(=O)N2c3ccc(cc3)c4oc(C)cc4)S(=O)(=O)C,CHEMBL3679734,IC50,6.33
7822230,COc1ccccc1C2N(C(=O)c3n[nH]c(c23)C(C)(C)CO)c4ccc(Br)cc4,CHEMBL3684620,IC50,6.33
7822239,Cc1ncccc1C2N(C(=O)c3n[nH]c(c23)C(C)(C)C)c4ccc(cc4)c5cccs5,CHEMBL3684548,IC50,6.33
7822248,CCOC(=O)C1N(C(=O)c2n[nH]c(C(C)C)c12)c3ccc(cc3)c4ccsc4,CHEMBL3684593,IC50,6.34
7822257,CCc1oc2ccc(cc2n1)N3C(C(C(=O)C(C)C)C(=O)C3=O)c4ccccc4OC(C)C,CHEMBL3674966,IC50,6.34
7822267,COc1ccc(CCc2nc(C)c(O)c(C(=O)O)c2C(=O)O)cc1,CHEMBL3091607,IC50,6.34
7822278,Cc1nc(CCc2ccc(cc2)C(=O)O)c(C(=O)O)c(C(=O)O)c1O,CHEMBL3091610,IC50,6.34
7822288,COc1ccc(cc1)c2n[nH]c3C(=O)N(Cc4cc(C)on4)C(C5CCCCC5)c23,CHEMBL3684607,IC50,6.35
7822297,COc1ccccc1C2C(C(=O)CC(C)(C)C(=O)O)C(=O)C(=O)N2c3ccc(cc3)c4ccsc4,CHEMBL3679817,IC50,6.35
7822306,COc1ncccc1C2C(C(=O)CC(C)C)C(=O)C(=O)N2c3ccc(cc3)c4csc(C)c4,CHEMBL3674886,IC50,6.35
7822315,COc1ncccc1C2C(C(=O)C(C)(C)C)C(=O)C(=O)N2c3ccc(SC)cc3,CHEMBL3669735,IC50,6.36
7822324,CC(C)(C)C(=O)C1=C(O)C(=O)N(C1c2cccc[n+]2[O-])c3ccc(cc3)c4ccsc4,CHEMBL3669757,IC50,6.37
7822333,CC(C)CC(=O)C1C(N(C(=O)C1=O)c2ccc(cc2)c3ccc(C)s3)c4cccnc4C(=O)N5CCCC5,CHEMBL3679838,IC50,6.37
7822342,COCCOc1ncccc1[C@H]2C(C(=O)C(C)C)C(=O)C(=O)N2c3ccc(cc3)c4ccsc4,CHEMBL3674936,IC50,6.37
7822351,COc1ccc(cc1)c2n[nH]c3C(=O)N(C(c4ccccc4OCCO)c23)c5nc6ccc(OC)cc6s5,CHEMBL3684546,IC50,6.37
7822360,COc1ccccc1C2C(C(=O)C(C)C)C(=O)C(=O)N2c3ccc(c(C)c3)c4ccsc4,CHEMBL3674763,IC50,6.37
7822369,COc1ncccc1C2C(C(=O)CC(C)(C)C)C(=O)C(=O)N2c3ccc(cc3)c4ccsc4,CHEMBL3674964,IC50,6.37
7822378,Cc1ncccc1C2N(C(=O)c3n[nH]c(c23)C(C)(C)C)c4ccc(cc4)c5ccsc5,CHEMBL3684549,IC50,6.37
7822387,CC(Nc1ncnc2CCN(Cc12)c3ccc(C)cn3)c4ccc(Cl)cc4Cl,CHEMBL3643321,IC50,6.38
7822396,CNc1cc(on1)c2ccc(cc2)N3C(c4ccccc4OC)c5c(n[nH]c5C(C)(C)C)C3=O,CHEMBL3684565,IC50,6.38
7822405,COCCOc1ncccc1C2C(C(=O)C(C)(C)C)C(=O)C(=O)N2c3ccc(SC)cc3,CHEMBL3669796,IC50,6.38
7822414,COCc1ccccc1C2N(C(=O)c3n[nH]c(c23)C(C)(C)C)c4ccc(cc4)c5noc(C)n5,CHEMBL3679915,IC50,6.38
7822423,CC[C@@H](Nc1ncnc2CCN(Cc12)c3ccc(C)cn3)c4ccccc4,CHEMBL3643329,IC50,6.39
7822432,CO\N=C(\C)/c1ccc(cc1)N2C(c3ccccc3OC)c4c(n[nH]c4C(C)(C)C)C2=O,CHEMBL3684571,IC50,6.39
7822441,COc1ncccc1C2N(C(=O)c3n[nH]c(c23)C(C)(C)C)c4ccc(Br)cn4,CHEMBL3639835,IC50,6.39
7822450,CC(C)C(=O)C1C(N(C(=O)C1=O)c2ccc(cc2)c3csc(C)c3)c4ccccc4C(=O)N5CCOCC5,CHEMBL3679807,IC50,6.4
7822459,CCC(Nc1ncnc2CCN(Cc12)c3ccc(C)cn3)c4ccccc4,CHEMBL3643325,IC50,6.4
7822468,COCc1ccccc1C2C(C(=O)CC(C)C)C(=O)C(=O)N2c3ccc(cc3)c4csc(C)n4,CHEMBL3674932,IC50,6.4
7822477,Cc1onc(n1)c2ccc(cc2)N3C(C4CCCCC4)C(C(=O)C3=O)S(=O)(=O)c5ccccc5,CHEMBL3679765,IC50,6.4
7822486,CC(C)(C)C(=O)C1C(N(C(=O)C1=O)c2ccc(cc2)c3cccs3)c4cccc[n+]4[O-],CHEMBL3669761,IC50,6.41
7822495,CC(C)(C)c1[nH]nc2C(=O)N(C(c3ccccc3S(=O)(=O)C)c12)c4ccc(cc4)c5ccon5,CHEMBL3684541,IC50,6.41
7822504,CC(C)CC(=O)C1C(N(C(=O)C1=O)c2ccc(cc2)c3ccc(C)s3)c4cccnc4C(=O)NC(C)C,CHEMBL3679837,IC50,6.41
7822513,COc1ccccc1C2N(C(=O)c3n[nH]c(c23)C(C)(C)C)c4ccc(cc4)c5ccsc5Cl,CHEMBL3684667,IC50,6.41
7822522,COc1ncccc1C2N(C(=O)c3n[nH]c(c23)C(C)(C)C)c4ccc(cc4)c5noc(C)n5,CHEMBL3684601,IC50,6.41
7822531,COCCOc1ccccc1C2C(C(=O)C(C)C)C(=O)C(=O)N2c3ccc(cc3)c4cc(C)on4,CHEMBL3679747,IC50,6.42
7822540,COCCOc1ncccc1C2N(C(=O)c3n[nH]c(C(C)C)c23)c4ccc(cc4)c5ccon5,CHEMBL3684672,IC50,6.42
7822549,COc1ccc(F)cc1C2C(C(=O)C(C)(C)C)C(=O)C(=O)N2c3ccc(cc3)c4ccon4,CHEMBL3669710,IC50,6.42
7822558,COc1ccccc1C2N(C(=O)c3n[nH]c(C(=C)C)c23)c4ccc(cc4)c5ccon5,CHEMBL3684568,IC50,6.42
7822567,COc1ccccc1C2N(C(=O)c3n[nH]c(c23)C(C)(C)C)c4ccc(SC(F)(F)F)cc4,CHEMBL3679857,IC50,6.42
7822576,COc1ncccc1C2C(C(=O)C(C)(C)C)C(=O)C(=O)N2c3ccc(cc3)c4occc4,CHEMBL3669766,IC50,6.42
7822586,Cc1nc(Cc2cccc(Oc3ccccc3)c2)c(\C=C\C(=O)O)c(C(=O)O)c1O,CHEMBL3091632,IC50,6.42
7822596,CC(C)C(=O)C1C(N(C(=O)C1=O)c2ccc(cc2)c3noc(C)n3)c4cccnc4OCCO,CHEMBL3669818,IC50,6.43
7822605,COCCOc1ccccc1C2C(C(=O)C(C)(C)C)C(=O)C(=O)N2c3ccc(cc3)c4ccon4,CHEMBL3669754,IC50,6.43
7822614,COc1ccccc1C2N(C(=O)C3=C2\C(=N\C)\CC(C)(C)C(=O)O3)c4ccc(cc4)c5ccsc5,CHEMBL3679845,IC50,6.43
7822623,CC(C)(C)C(=O)C1C(N(C(=O)C1=O)c2ccc(cc2)c3ccon3)c4ccccc4OCC(=O)N,CHEMBL3669790,IC50,6.44
7822632,CC(C)CC(=O)C1C(N(C(=O)C1=O)c2ccc(cc2)c3noc(C)n3)c4ccccc4OCCO,CHEMBL3674799,IC50,6.44
7822641,COC(=O)COc1ccccc1C2C(C(=O)C(C)(C)C)C(=O)C(=O)N2c3ccc(cc3)c4ccon4,CHEMBL3669781,IC50,6.44
7822650,COCc1ccccc1C2C(C(=O)CC(C)C)C(=O)C(=O)N2c3ccc(cc3)c4cscn4,CHEMBL3674928,IC50,6.44
7822659,COc1ccccc1C2N(C(=O)c3[nH]nc(c23)C(C)(C)C(=O)N(C)C)c4ccc(cc4)c5ccon5,CHEMBL3684574,IC50,6.44
7822668,COc1ncccc1C2N(C(=O)c3n[nH]c(c23)C(C)(C)C)c4ccc(nc4)c5cocc5,CHEMBL3684664,IC50,6.44
7822678,Cc1nc(Cc2cccc(Oc3ccccc3)c2)c(CCC(=O)O)c(C=O)c1O,CHEMBL3091631,IC50,6.44
7822688,CC(C)(C)C(=O)C1C(N(C(=O)C1=O)c2ccc(cc2)c3ccon3)c4ccccc4OCC#N,CHEMBL3669756,IC50,6.45
7822697,COCCN(C)C(=O)c1ncccc1C2C(C(=O)CC(C)C)C(=O)C(=O)N2c3ccc(cc3)c4ccc(C)s4,CHEMBL3679840,IC50,6.45
7822706,COc1ccccc1C2C(C(=O)C(C)C)C(=O)C(=O)N2c3ccc(c4ccsc4)c(c3)N(C)C,CHEMBL3674768,IC50,6.45
7822715,COc1ccccc1C2C(C(=O)CC(C)(C)C)C(=O)C(=O)N2c3ccc(cc3)c4ccon4,CHEMBL3669738,IC50,6.45
7822724,COc1ccccc1C2N(C(=O)c3n[nH]c(c23)C(C)(C)C)c4ccc(OC(F)(F)F)cc4,CHEMBL3679941,IC50,6.45
7822733,COCCOc1ncccc1C2C(C(=O)C3CCCC3)C(=O)C(=O)N2c4ccc(cc4)c5noc(C)n5,CHEMBL3679787,IC50,6.46
7822742,COc1ccc(cc1)c2n[nH]c3C(=O)N(C(c4ccccc4OCCO)c23)c5nc6cc(OC)ccc6s5,CHEMBL3684545,IC50,6.46
7822751,COc1ccc(cc1)c2n[nH]c3C(=O)N(CCCc4occc4)C(c5ccccc5OC)c23,CHEMBL3684630,IC50,6.46
7822760,COc1ccccc1C2C(C(=O)C(C)C)C(=O)C(=O)N2c3ccc4sccc4c3,CHEMBL3674793,IC50,6.46
7822769,COc1ncccc1C2C(C(=O)CC(C)C)C(=O)C(=O)N2c3ccc(cc3)c4ccc(C)s4,CHEMBL3674853,IC50,6.46
7822778,C[C@@H](Nc1ncnc2CCN(Cc12)c3ccc(Cl)cn3)c4ccc(Cl)cc4,CHEMBL3643328,IC50,6.46
7822787,Cc1ncccc1C2C(C(=O)C(C)(C)C)C(=O)C(=O)N2c3ccc(cc3)c4cccs4,CHEMBL3669787,IC50,6.46
7822796,CC(C)C(=O)C1C(N(C(=O)C1=O)c2ccc(cc2)c3noc(C)n3)c4ccccc4OCCO,CHEMBL3674798,IC50,6.47
7822805,CCc1ccccc1C2C(C(=O)C(C)(C)C)C(=O)C(=O)N2c3ccc(cc3)c4ccon4,CHEMBL3669749,IC50,6.47
7822814,COCCOc1ccccc1C2C(C(=O)CC(C)C)C(=O)C(=O)N2c3ccc(SC(F)(F)F)cc3,CHEMBL3674949,IC50,6.47
7822823,COCc1ccccc1C2C(C(=O)C(C)C)C(=O)C(=O)N2c3ccc(cc3)c4noc(C)n4,CHEMBL3674828,IC50,6.47
7822832,COc1ccc(cc1)C(=O)C2C(C3CCCCC3)N(C(=O)C2=O)c4ccc5[nH]ccc5c4,CHEMBL3669705,IC50,6.47
7822841,COc1ccccc1C2C(C(=O)c3cc[nH]c3)C(=O)C(=O)N2c4ccc(cc4)c5csc(C)c5,CHEMBL3679814,IC50,6.47
7822850,COc1ncccc1C2C(C(=O)C(C)(C)C)C(=O)C(=O)N2c3ccc(nc3)c4cccs4,CHEMBL3669770,IC50,6.47
7822859,COc1ncccc1C2C(C(=O)CC(C)C)C(=O)C(=O)N2c3ccc(cc3)c4cocc4,CHEMBL3674856,IC50,6.47
7822868,FC(F)(F)Oc1ccc(cc1)C(=O)C2C(C3CCCCC3)N(C(=O)C2=O)c4ccc(cc4)c5ccon5,CHEMBL3669711,IC50,6.47
7822877,CC(C)C(=O)C1C(N(C(=O)C1=O)c2ccc(cc2)c3ccsc3)c4cccnc4Cl,CHEMBL3674784,IC50,6.48
7822886,CC(C)C(=O)C1C(N(C(=O)C1=O)c2ccc(cc2)c3noc(C)n3)c4ccccc4OC(F)(F)F,CHEMBL3674832,IC50,6.48
7822895,CC(C)CC(=O)C1C(N(C(=O)C1=O)c2ccc(cc2)c3noc(C)n3)c4ccccc4OC(F)F,CHEMBL3674836,IC50,6.48
7822904,COCCOc1ccccc1C2C(C(=O)CC(C)C)C(=O)C(=O)N2c3ccc(cc3)c4csc(C)n4,CHEMBL3674931,IC50,6.48
7822913,COc1ccccc1C2N(C(=O)c3n[nH]c(c23)C(C)(C)CO)c4nc5ccccc5s4,CHEMBL3684561,IC50,6.48
7822922,Cc1ncccc1C2C(C(=O)C(C)(C)C)C(=O)C(=O)N2c3ccc(cc3)c4ccsc4,CHEMBL3669789,IC50,6.48
7822931,O=C1C(C(C2CCCCC2)N(C1=O)c3ccc(cc3)c4ccon4)S(=O)(=O)c5ccccc5,CHEMBL3679748,IC50,6.48
7822940,CC(C)C(=O)C1C(N(C(=O)C1=O)c2ccc(cc2)c3ccsc3)c4ccccn4,CHEMBL3669855,IC50,6.49
7822949,COc1ccccc1C2C(C(=O)C(C)C)C(=O)C(=O)N2c3ccc(cc3)c4cscn4,CHEMBL3674922,IC50,6.49
7822958,COc1ccccc1C2N(C(=O)c3n[nH]c(c23)C(C)(C)C)c4ccc(cc4)C(=O)C,CHEMBL3684570,IC50,6.49
7822967,COc1ncccc1C2N(C(=O)c3n[nH]c(c23)C(C)(C)C)c4ccc(cc4)c5onc(C)c5,CHEMBL3684598,IC50,6.49
7822976,CC(C)C(=O)C1C(N(C(=O)C1=O)c2ccc(cc2)c3noc(C)n3)c4ccccc4OC(F)F,CHEMBL3674831,IC50,6.5
7822985,CCOC(=O)c1ccc(cc1)N2C(C(C(=O)C(C)(C)C)C(=O)C2=O)c3ccccc3OC,CHEMBL3669694,IC50,6.5
7822994,COc1ccccc1C2N(C(=O)c3n[nH]c(c23)C(C)(C)CO)c4ccc(cc4)N(C)C,CHEMBL3679862,IC50,6.5
7823003,Cc1ncccc1C2C(C(=O)C(C)(C)C)C(=O)C(=O)N2c3ccc(cc3)c4occc4,CHEMBL3669788,IC50,6.5
7823012,CC(C)CC(=O)C1C(N(C(=O)C1=O)c2ccc(cc2)c3ccon3)c4ccccc4OCCO,CHEMBL3674841,IC50,6.51
7823021,COc1ccccc1C2C(C(=O)CC(C)C)C(=O)C(=O)N2c3ccc(cc3)C4=NCCS4,CHEMBL3674919,IC50,6.51
7823030,COc1ccccc1C2N(C(=O)c3[nH]nc(c23)C(F)(F)F)c4ccc(cc4)c5ccon5,CHEMBL3684567,IC50,6.51
7823039,CC(Nc1ncnc2CCN(Cc12)c3ccc(C)cn3)c4cccc(c4)C(F)(F)F,CHEMBL3643304,IC50,6.52
7823048,CNC(=O)c1n[nH]c2C(=O)N(C(c3ccccc3OC)c12)c4ccc(cc4)c5ccsc5,CHEMBL3684591,IC50,6.52
7823057,COc1cccc(c1)C2C(C(=O)C(C)C)C(=O)C(=O)N2c3ccc(cc3)c4ccsc4,CHEMBL3674805,IC50,6.52
7823066,COc1ccccc1C2C(C(=O)C(C)(C)C)C(=O)C(=O)N2c3ccc(cc3)c4cc[nH]c4,CHEMBL3669752,IC50,6.52
7823075,COc1ccccc1C2C(C(=O)C(C)(C)CO)C(=O)C(=O)N2c3ccc(SC)cc3,CHEMBL3669736,IC50,6.52
7823084,COc1ccccc1C2N(C(=O)c3n[nH]c(c23)C(C)(CO)CO)c4ccc(cc4)c5ccon5,CHEMBL3684655,IC50,6.52
7823093,COc1ccccc1C2C(C(=O)C(=O)N2c3ccc(cc3)c4oc(C)cc4)S(=O)(=O)C(C)C,CHEMBL3679733,IC50,6.54
7823102,COc1ccccc1C2C(C(=O)C(C)C)C(=O)C(=O)N2c3ccc(cc3)c4csnn4,CHEMBL3679794,IC50,6.54
7823111,CC(C)C(=O)C1C(N(C(=O)C1=O)c2ccc(cc2)c3ccon3)c4ccccc4OCCO,CHEMBL3669830,IC50,6.55
7823120,CC(C)CC(=O)C1C(N(C(=O)C1=O)c2ccc(cc2)c3ccc(C)s3)c4cccnc4C(=O)N(C)C,CHEMBL3679833,IC50,6.55
7823129,COc1ncccc1C2C(C(=O)C(C)(C)C)C(=O)C(=O)N2c3ccc(cc3)c4cocc4,CHEMBL3669767,IC50,6.55
7823138,COc1ncccc1C2C(C(=O)C(C)C)C(=O)C(=O)N2c3ccc(cc3)c4ccc(C)s4,CHEMBL3674850,IC50,6.55
7823147,COCCOCc1ncccc1C2N(C(=O)c3n[nH]c(c23)C(C)(C)C)c4ccc(cc4)c5ccsc5,CHEMBL3684670,IC50,6.56
7823156,COCc1ccccc1C2C(C(=O)C(C)(C)C)C(=O)C(=O)N2c3ccc(cc3)c4noc(C)n4,CHEMBL3669728,IC50,6.56
7823165,COc1ccc(cc1)S(=O)(=O)C2C(C3CCCCC3)N(C(=O)C2=O)c4ccc(cc4)c5noc(C)n5,CHEMBL3679820,IC50,6.56
7823174,COc1ncccc1C2C(C(=O)C(C)C)C(=O)C(=O)N2c3ccc(cc3)c4csc(C)c4,CHEMBL3674838,IC50,6.56
7823183,COCCOc1ccccc1C2C(C(=O)C(C)C)C(=O)C(=O)N2c3ccc(cc3)c4ccon4,CHEMBL3674816,IC50,6.57
7823192,COCc1ccccc1C2C(C(=O)CC(C)C)C(=O)C(=O)N2c3ccc(cc3)C4=NCCS4,CHEMBL3674921,IC50,6.57
7823201,COc1cc(F)ccc1C2C(C(=O)C(C)(C)C)C(=O)C(=O)N2c3ccc(cc3)c4ccon4,CHEMBL3669704,IC50,6.57
7823210,Cc1ccc(nc1)N2CCc3ncnc(NC(CO)c4cccnc4)c3C2,CHEMBL3643346,IC50,6.57
7823219,COc1ccccc1C2N(C(=O)c3[nH]nc(C(=O)N(C)C)c23)c4ccc(cc4)c5ccsc5,CHEMBL3684590,IC50,6.58
7823228,CCOc1ccccc1C2C(C(=O)C(C)(C)C)C(=O)C(=O)N2c3ccc(cc3)c4ccon4,CHEMBL3669733,IC50,6.59
7823237,CN(C)C(=O)c1ccccc1C2C(C(=O)CC(C)(C)C)C(=O)C(=O)N2c3ccc(cc3)c4ccsc4,CHEMBL3679732,IC50,6.59
7823246,COc1ccccc1C2C(C(=O)CC(C)C)C(=O)C(=O)N2c3ccc(cc3)c4cscn4,CHEMBL3674926,IC50,6.59
7823255,CCN(C)C(=O)c1ncccc1C2C(C(=O)CC(C)C)C(=O)C(=O)N2c3ccc(cc3)c4ccc(C)s4,CHEMBL3679834,IC50,6.6
7823264,COCCN(C)C(=O)c1ccccc1C2C(C(=O)C(C)C)C(=O)C(=O)N2c3ccc(cc3)c4oc(C)cc4,CHEMBL3679844,IC50,6.6
7823273,COCCOc1ncccc1C2C(C(=O)CC(C)C)C(=O)C(=O)N2c3ccc(SC)cc3,CHEMBL3679811,IC50,6.6
7823282,COCc1ccccc1C2C(C(=O)CC(C)C)C(=O)C(=O)N2c3ccc(cc3)c4csc(C)c4,CHEMBL3674891,IC50,6.6
7823291,COCc1ccccc1C2C(C(=O)CC(C)C)C(=O)C(=O)N2c3ccc(cc3)c4noc(C)n4,CHEMBL3674833,IC50,6.6
7823300,COc1ccc(cc1)C(=O)C2C(N(C(=O)C2=O)c3ccc(cc3)c4ccon4)c5ccc(Br)cc5OC,CHEMBL3669779,IC50,6.6
7823309,CC(C)(C)C(=O)C1=C(O)C(=O)N(C1c2cccc[n+]2[O-])c3ccc(cc3)c4ccon4,CHEMBL3669698,IC50,6.61
7823318,CC(C)(C)c1[nH]nc2C(=O)N(C(c3cccc4OCOc34)c12)c5ccc(cc5)c6ccon6,CHEMBL3679858,IC50,6.61
7823327,CC(C)C(=O)C1C(N(C(=O)C1=O)c2ccc(cc2)c3ccon3)c4ccccc4OC(F)F,CHEMBL3674814,IC50,6.61
7823336,CC(Nc1ncnc2CCN(Cc12)c3ccc(C)cn3)c4ccc(cc4)C(F)(F)F,CHEMBL3643320,IC50,6.61
7823345,COCCOc1ncccc1C2N(C(=O)c3n[nH]c(C(C)C)c23)c4ccc(cc4)c5noc(C)n5,CHEMBL3684673,IC50,6.61
7823354,COCc1ccccc1C2C(C(=O)CC(C)C)C(=O)C(=O)N2c3ccc(SC(F)(F)F)cc3,CHEMBL3674951,IC50,6.61
7823363,CSc1ccc(cc1)N2C(C(C(=O)C(C)C)C(=O)C2=O)c3ccccc3OCC#N,CHEMBL3679775,IC50,6.61
7823372,CC(C)CC(=O)C1C(N(C(=O)C1=O)c2ccc(cc2)c3ccc(C)s3)c4cccnc4C(=O)OC(C)C,CHEMBL3679770,IC50,6.62
7823381,CCC(CC)C1C(C(=O)c2ccc(cc2)C(=O)N(C)C)C(=O)C(=O)N1c3ccc(cc3)c4noc(C)n4,CHEMBL3669695,IC50,6.62
7823390,CCOCOc1ccccc1C2C(C(=O)C(C)C)C(=O)C(=O)N2c3ccc(cc3)c4ccon4,CHEMBL3639786,IC50,6.62
7823399,COc1ccccc1C2N(C(=O)c3n[nH]c(c23)C(C)(C)C)c4ccc(Br)cc4,CHEMBL3684617,IC50,6.62
7823409,Cc1nc(N=Nc2ccc(cc2S(=O)(=O)O)S(=O)(=O)O)c(COP(=O)(O)O)c(C=O)c1O,CHEMBL69234,IC50,6.62
7823419,CC(C)C(=O)C1C(N(C(=O)C1=O)c2ccc(cc2)c3ccsc3)c4cccnc4OCC(=O)O,CHEMBL3669834,IC50,6.63
7823428,CC(C)CC(=O)C1C(N(C(=O)C1=O)c2ccc(cc2)c3ccc(C)s3)c4cccnc4C(=O)NN(C)C,CHEMBL3679835,IC50,6.63
7823437,CCNC(=O)c1ncccc1C2C(C(=O)CC(C)C)C(=O)C(=O)N2c3ccc(cc3)c4ccc(C)s4,CHEMBL3679793,IC50,6.63
7823446,CNC(=O)COc1ccccc1C2N(C(=O)c3n[nH]c(c23)C(C)(C)C)c4ccc(cc4)c5ccon5,CHEMBL3679921,IC50,6.63
7823455,COCCOc1ccccc1[C@H]2C(C(=O)C(C)C)C(=O)C(=O)N2c3ccc(cc3)c4cocc4,CHEMBL3669845,IC50,6.63
7823464,CC(C)(C)c1[nH]nc2C(=O)N(C(c3cccnc3OCCO)c12)c4ccc(cc4)c5ccon5,CHEMBL3679887,IC50,6.64
7823473,CC(C)Oc1ccccc1C2N(C(=O)C(=O)/C/2=C(/C)\C(C)C)c3ccc(cc3)c4onc(C)n4,CHEMBL3674935,IC50,6.64
7823482,COCc1ccccc1C2C(C(=O)C(C)C)C(=O)C(=O)N2c3ccc4sc(C)nc4c3,CHEMBL3674900,IC50,6.64
7823491,CC(C)CC(=O)C1C(N(C(=O)C1=O)c2ccc(cc2)c3noc(C)n3)c4ccccc4OC(F)(F)F,CHEMBL3674837,IC50,6.65
7823500,CCc1ccccc1C2N(C(=O)c3n[nH]c(c23)C(C)(C)C)c4ccc(cc4)c5ccon5,CHEMBL3679949,IC50,6.65
7823509,COc1ccccc1C2N(C(=O)c3n[nH]c(c23)C(C)(C)C)c4ccc(cc4)C(F)(F)F,CHEMBL3679940,IC50,6.65
7823518,COc1ncccc1C2N(C(=O)c3n[nH]c(c23)C(C)(C)C)c4ccc(cc4)C5=NCCS5,CHEMBL3684599,IC50,6.65
7823527,CC(C)C(=O)C1C(N(C(=O)C1=O)c2ccc(cc2)c3ccon3)c4ccccc4OC(F)(F)F,CHEMBL3674815,IC50,6.66
7823536,CC(C)C(=O)C1C(N(C(=O)C1=O)c2ccc(cc2)c3csc(C)c3)c4ccccc4CC(=O)N5CCCC5,CHEMBL3679790,IC50,6.66
7823545,COCCN(C)C(=O)c1ccccc1C2C(C(=O)C(C)C)C(=O)C(=O)N2c3ccc(cc3)c4csc(C)c4,CHEMBL3679808,IC50,6.66
7823554,COCCOc1ncccc1C2C(C(=O)C(C)C)C(=O)C(=O)N2c3ccc(SC)cc3,CHEMBL3679751,IC50,6.66
7823563,COCc1ncccc1C2N(C(=O)c3n[nH]c(c23)C(C)(C)C)c4ccc(cc4)c5ccsc5,CHEMBL3684552,IC50,6.66
7823572,COc1ccccc1C2C(C(=O)C(C)(C)C)C(=O)C(=O)N2c3ccc(SC(F)(F)F)cc3,CHEMBL3669725,IC50,6.66
7823581,COc1ccccc1C2N(C(=O)c3n[nH]c(c23)C(C)(C)C)c4ccc(OC(C)C)cc4,CHEMBL3679855,IC50,6.66
7823590,C[S+]([O-])CCOc1ccccc1C2C(C(=O)C(C)(C)C)C(=O)C(=O)N2c3ccc(cc3)c4ccon4,CHEMBL3669798,IC50,6.66
7823599,CC(C)C(=O)C1C(N(C(=O)C1=O)c2ccc(cc2)c3oc(C)cc3)c4ccccc4C(=O)N5CCOCC5,CHEMBL3679810,IC50,6.67
7823608,CC(Nc1ncnc2CCN(Cc12)c3ccc(C)cn3)c4ccc(Br)cc4,CHEMBL3643322,IC50,6.67
7823617,CC(Nc1ncnc2CCN(Cc12)c3ccc(C)cn3)c4ccncc4,CHEMBL3643309,IC50,6.67
7823626,COC(=O)COCc1ncccc1C2N(C(=O)c3n[nH]c(c23)C(C)(C)C)c4ccc(cc4)c5ccsc5,CHEMBL3684554,IC50,6.67
7823635,COC(=O)c1cc(ccc1c2ccsc2)N3C(c4ccccc4OC)c5c([nH]nc5C3=O)C(C)C,CHEMBL3684640,IC50,6.67
7823644,COCCOc1ccccc1C2C(C(=O)C(C)(C)C)C(=O)C(=O)N2c3ccc(cc3)c4cc[nH]c4,CHEMBL3669799,IC50,6.67
7823653,COCc1ccccc1C2C(C(=O)C(C)C)C(=O)C(=O)N2c3ccc4c(cc(C)n4C)c3,CHEMBL3674868,IC50,6.68
7823662,COCCOc1ccccc1C2C(C(=O)C(C)C)C(=O)C(=O)N2c3ccc(cc3)c4csnn4,CHEMBL3679795,IC50,6.69
7823671,COc1ccccc1C2N(C(=O)c3n[nH]c(C(C)C)c23)c4ccc(c(C)c4)c5ccsc5,CHEMBL3684638,IC50,6.69
7823680,CC(C)CC(=O)C1C(N(C(=O)C1=O)c2ccc(cc2)c3ccon3)c4ccccc4OC(F)(F)F,CHEMBL3674826,IC50,6.71
7823689,CC(C)CC(=O)C1C(N(C(=O)C1=O)c2ccc(cc2)c3onc(C)c3)c4ccccc4OC(C)C,CHEMBL3674885,IC50,6.71
7823698,CN\C(=C/1\C(N(C(=O)C1=O)c2ccc(cc2)c3ccsc3)C4=CC=CNC4=O)\C(C)C,CHEMBL3674777,IC50,6.71
7823707,COc1ccccc1C2C3C(=O)C(C)(C)COC3(O)C(=O)N2c4ccc(cn4)c5ccsc5,CHEMBL3669753,IC50,6.71
7823716,COc1ncccc1C2N(C(=O)c3n[nH]c(c23)C(C)(C)C)c4ccc(cc4)c5nccs5,CHEMBL3684600,IC50,6.71
7823725,CC(C)(C)C(=O)C1C(N(C(=O)C1=O)c2ccc(cc2)c3cc[nH]c3)c4ccccc4OCCO,CHEMBL3669800,IC50,6.72
7823734,CC(C)CC(=O)C1C(N(C(=O)C1=O)c2ccc(cc2)c3csc(C)c3)c4ccccc4OC(F)(F)F,CHEMBL3674893,IC50,6.72
7823743,CC(C)c1[nH]nc2C(=O)N(C(c3ccccc3N)c12)c4ccc(cc4)c5ccsc5,CHEMBL3679925,IC50,6.72
7823752,COCCOc1ccccc1C2C(C(=O)CC(C)C)C(=O)C(=O)N2c3ccc(cc3)c4cscn4,CHEMBL3674927,IC50,6.72
7823761,COc1ncccc1C2C(C(=O)C(C)(C)C)C(=O)C(=O)N2c3ccc(nc3)c4ccsc4,CHEMBL3669759,IC50,6.72
7823770,CC(C)OCc1ccccc1C2C(C(=O)C(C)C)C(=O)C(=O)N2c3ccc(cc3)c4onc(C)n4,CHEMBL3679813,IC50,6.73
7823779,COc1ccccc1C2C(C(=O)C(C)(C)C)C(=O)C(=O)N2c3ccc(SC)cc3,CHEMBL3669729,IC50,6.73
7823788,COc1ccccc1C2C(C(=O)C(C)C)C(=O)C(=O)N2c3ccc(c(O)c3)c4ccsc4,CHEMBL3674766,IC50,6.73
7823797,COCCOc1ccccc1C2C(C(=O)C(C)C)C(=O)C(=O)N2c3ccc(SC)cc3,CHEMBL3679741,IC50,6.74
7823806,COCCOc1ccccc1C2C(C(=O)C(C)C)C(=O)C(=O)N2c3ccc(cc3)c4cscn4,CHEMBL3674923,IC50,6.74
7823815,COCCOc1ccccc1C2C(C(=O)CC(C)C)C(=O)C(=O)N2c3ccc(cc3)c4ccon4,CHEMBL3674827,IC50,6.74
7823824,COc1ccc(cc1)[C@@H](C)Nc2ncnc3CCN(Cc23)c4ccc(C)cn4,CHEMBL3643330,IC50,6.74
7823833,COc1ccccc1C2C(C(=O)C(C)C)C(=O)C(=O)N2c3ccc(SC)cc3,CHEMBL3679739,IC50,6.74
7823842,CC(C)C(=O)C1C(N(C(=O)C1=O)c2ccc(cc2)c3csc(C)c3)c4ccccc4C(=O)N(C)C,CHEMBL3674917,IC50,6.75
7823851,CC(C)C(=O)C1C(N(C(=O)C1=O)c2ccc(cc2)c3noc(C)n3)c4ccccc4OCCCO,CHEMBL3674947,IC50,6.76
7823860,CC(C)CC(=O)C1C(N(C(=O)C1=O)c2ccc(cc2)c3noc(C)n3)c4ccccc4OCC#N,CHEMBL3679776,IC50,6.76
7823869,COCCOc1ccccc1C2C(C(=O)C(C)C)C(=O)C(=O)N2c3ccc(cc3)c4noc(C)n4,CHEMBL3674796,IC50,6.76
7823878,CC(C)CC(=O)C1C(N(C(=O)C1=O)c2ccc(cc2)c3ccc(C)s3)c4cccnc4C(=O)N,CHEMBL3679831,IC50,6.77
7823887,CC(C)(C)c1[nH]nc2C(=O)N(C(c3ccccc3OC(F)(F)F)c12)c4ccc(cc4)c5ccon5,CHEMBL3679910,IC50,6.78
7823896,CC(C)C(=O)C1C(N(C(=O)C1=O)c2ccc(cc2)c3csc(C)c3)c4ccccc4C(=O)N(C)CCO,CHEMBL3679842,IC50,6.78
7823905,CC(C)C(=O)C1C(N(C(=O)C1=O)c2ccc(cc2)c3noc(C)n3)c4ccccc4N5CCOCC5,CHEMBL3679753,IC50,6.78
7823914,CC(C)CC(=O)C1C(N(C(=O)C1=O)c2ccc(cc2)c3csc(C)c3)c4ccccc4C(=O)N5CCOCC5,CHEMBL3679771,IC50,6.78
7823923,CC(C)(C)C(=O)C1C(N(C(=O)C1=O)c2ccc(cc2)c3ccsc3)c4ccccc4C(=O)O,CHEMBL3669823,IC50,6.79
7823932,Cc1ccc(nc1)N2CCc3ncnc(N[C@H](CO)c4ccccc4)c3C2,CHEMBL3643326,IC50,6.79
7823941,CC(C)C(=O)C1C(N(C(=O)C1=O)c2ccc(cc2)c3oc(C)cc3)c4ccccc4C(=O)N(C)CCO,CHEMBL3679843,IC50,6.8
7823950,CC(C)CC(=O)C1C(N(C(=O)C1=O)c2ccc(cc2)c3ccon3)c4ccccc4OC(F)F,CHEMBL3674825,IC50,6.8
7823959,COc1ccc(cc1)C(=O)C2C(N(C(=O)C2=O)c3ccc(cc3)c4nccs4)c5ccccc5OC,CHEMBL3669714,IC50,6.8
7823968,COc1ccc(cc1)C(=O)C2C(N(C(=O)C2=O)c3ccc(cc3)c4onc(C)n4)c5ccccc5OC,CHEMBL3669717,IC50,6.8
7823977,COc1ccccc1C2C(C(=O)c3occc3)C(=O)C(=O)N2c4ccc(cc4)c5ccsc5,CHEMBL3669847,IC50,6.8
7823986,CSc1ccccc1C2C(C(=O)C(C)(C)C)C(=O)C(=O)N2c3ccc(cc3)c4ccon4,CHEMBL3669731,IC50,6.8
7823995,Cc1ccc(nc1)N2CCc3ncnc(N[C@H](CO)c4ccc(cc4)C(F)(F)F)c3C2,CHEMBL3643339,IC50,6.8
7824004,Cc1noc(n1)c2ccc(cc2)N3C(c4ccccc4OCCO)c5c(n[nH]c5C(C)(C)C)C3=O,CHEMBL3679867,IC50,6.8
7824013,COCCCOc1ccccc1C2C(C(=O)C(C)C)C(=O)C(=O)N2c3ccc(cc3)c4noc(C)n4,CHEMBL3679757,IC50,6.81
7824022,COCCOc1ccccc1C2C(C(=O)C(C)(C)C)C(=O)C(=O)N2c3ccc(cc3)c4onc(C)n4,CHEMBL3669776,IC50,6.81
7824031,COc1ccccc1C2N(C(=O)c3[nH]nc(C(=O)C)c23)c4ccc(cc4)c5ccsc5,CHEMBL3684596,IC50,6.81
7824040,CC(C)(C)c1[nH]nc2C(=O)N(C(c3ccccc3OCC(=O)N)c12)c4ccc(cc4)c5ccon5,CHEMBL3679919,IC50,6.82
7824049,CC(C)CC(=O)C1C(N(C(=O)C1=O)c2ccc(cc2)c3cocc3)c4ccccc4C(=O)N(C)C,CHEMBL3674934,IC50,6.82
7824058,CC(C)CC(=O)C1C(N(C(=O)C1=O)c2ccc(cc2)c3noc(C)n3)c4ccccc4OCCCO,CHEMBL3674948,IC50,6.82
7824067,COCCOc1ccccc1C2C(C(=O)CC(C)C)C(=O)C(=O)N2c3ccc(cc3)C4=NCCS4,CHEMBL3674918,IC50,6.82
7824076,COc1ccccc1C2N(C(=O)c3n[nH]c(C(C)C)c23)c4ccc(c5ccsc5)c(c4)C(=O)N,CHEMBL3684641,IC50,6.82
7824085,COc1ccccc1C2N(Cc3n[nH]c(C(C)C)c23)c4ccc(cc4)c5ccsc5,CHEMBL3679913,IC50,6.82
7824094,COc1ncccc1C2N(C(=O)c3n[nH]c(c23)C(C)(C)C)c4ccc(nc4)c5occc5,CHEMBL3684666,IC50,6.82
7824103,CSc1ccc(cc1)N2C(C(C(=O)C(C)(C)C)C(=O)C2=O)c3ccccc3OCCO,CHEMBL3669744,IC50,6.82
7824112,CC(C)CC(=O)C1C(N(C(=O)C1=O)c2ccc(cc2)c3ccc(C)s3)c4ccccc4OC(F)(F)F,CHEMBL3639737,IC50,6.83
7824121,CC(C)CC(=O)C1C(N(C(=O)C1=O)c2ccc(cc2)c3csc(C)c3)c4ccccc4OC(F)F,CHEMBL3674892,IC50,6.83
7824130,COc1ccccc1C2N(C(=O)c3[nH]nc(c4occc4)c23)c5ccc(cc5)c6ccsc6,CHEMBL3684589,IC50,6.83
7824139,COc1ccccc1C2N(C(=O)c3n[nH]c(c23)C(C)(C)CO)c4ccc(cc4)c5noc(C)n5,CHEMBL3684559,IC50,6.83
7824148,COCc1ccccc1C2C(C(=O)C(C)C)C(=O)C(=O)N2c3ccc(s3)c4ccccc4,CHEMBL3674804,IC50,6.84
7824157,COc1ccccc1C2N(C(=O)c3n[nH]c(C(C)C)c23)c4ccc(c5ccsc5)c(c4)N(C)C,CHEMBL3684643,IC50,6.84
7824167,Cc1nc(Cc2cccc3ccccc23)c(\C=C\C(=O)O)c(C=O)c1O,CHEMBL3091628,IC50,6.84
7824177,CCOCOc1ccccc1C2C(C(=O)C(C)C)C(=O)C(=O)N2c3ccc(cc3)c4onc(C)n4,CHEMBL3679806,IC50,6.85
7824186,COCCOc1ccccc1C2N(C(=O)c3n[nH]c(c23)C(C)(C)CO)c4ccc(cc4)c5ccon5,CHEMBL3639834,IC50,6.85
7824195,COc1ccccc1C2N(C(=O)c3n[nH]c(c23)C(C)(C)C)c4ccc(cc4)C(C)(C)C,CHEMBL3679856,IC50,6.85
7824204,COc1ncccc1C2N(C(=O)c3n[nH]c(c23)C(C)(C)C)c4ccc(cn4)c5cocc5,CHEMBL3684657,IC50,6.85
7824213,Cc1ccc(nc1)N2CCc3ncnc(NC(CCO)c4ccccc4)c3C2,CHEMBL3643323,IC50,6.85
7824222,CC(C)(C)C(=O)C1C(N(C(=O)C1=O)c2ccc(cc2)c3ccon3)c4ccccc4OC(F)F,CHEMBL3669734,IC50,6.86
7824231,CC(C)(C)C(=O)C1C(N(C(=O)C1=O)c2ccc(cc2)c3occc3)c4cccnc4OCCO,CHEMBL3669815,IC50,6.86
7824240,CN(C)C(=O)c1ccccc1C2C(C(=O)C3CCCC3)C(=O)C(=O)N2c4ccc(cc4)c5ccsc5,CHEMBL3679780,IC50,6.86
7824249,CN(C)c1ccccc1C2N(C(=O)c3n[nH]c(c23)C(C)(C)C)c4ccc(cc4)c5ccon5,CHEMBL3684547,IC50,6.86
7824258,COc1ccccc1C(C)Nc2ncnc3CCN(Cc23)c4ccc(C)cn4,CHEMBL3643314,IC50,6.86
7824267,COc1ccccc1C2N(C(=O)c3n[nH]c(C(C)C)c23)c4ccc(c(CO)c4)c5ccsc5,CHEMBL3684642,IC50,6.86
7824276,COc1ccc(cc1)C(=O)C2C(C3CCCCC3)N(C(=O)C2=O)c4ccc(cc4)c5cccn5C,CHEMBL3669706,IC50,6.87
7824285,COc1ccccc1C2N(C(=O)C(=C2C(=O)C(C)(C)C)N)c3ccc(cc3)c4ccon4,CHEMBL3669755,IC50,6.87
7824294,COc1ccccc1C2N(C(=O)c3[nH]nc(c23)C(C)(C)COC(=O)C)c4ccc(SC)cc4,CHEMBL3679861,IC50,6.87
7824303,COc1ccccc1C2N(C(=O)c3c2c(nn3C(=O)OC(C)(C)C)C(C)(C)C)c4ccc(Br)cc4,CHEMBL3684616,IC50,6.87
7824312,CC(C)(C)C(=O)C1C(N(C(=O)C1=O)c2ccc(cc2)c3ccon3)c4ccccc4OC(F)(F)F,CHEMBL3669708,IC50,6.88
7824321,CC(C)C(=O)C1C(N(C(=O)C1=O)c2ccc(cc2)c3noc(C)n3)c4ccccc4OCC#N,CHEMBL3679774,IC50,6.88
7824330,CC(C)(CO)c1[nH]nc2C(=O)N(C(c3ccccn3)c12)c4ccc(cc4)c5ccsc5,CHEMBL3684633,IC50,6.89
7824339,CC(C)CC(=O)C1C(N(C(=O)C1=O)c2ccc(SC(F)(F)F)cc2)c3ccccc3OC(C)C,CHEMBL3674950,IC50,6.89
7824348,CC(Nc1ncnc2CCN(Cc12)c3ccc(C)cn3)c4ccc(cc4)S(=O)(=O)C,CHEMBL3643305,IC50,6.89
7824357,CN(C)CCOc1ccccc1C2N(C(=O)c3n[nH]c(c23)C(C)(C)C)c4ccc(cc4)c5ccon5,CHEMBL3679881,IC50,6.89
7824366,COCOc1ccccc1C2C(C(=O)CC(C)C)C(=O)C(=O)N2c3ccc(cc3)c4noc(C)n4,CHEMBL3674834,IC50,6.89
7824375,COc1ncccc1C2C(C(=O)CC(C)C)C(=O)C(=O)N2c3ccc(cc3)c4ccsc4,CHEMBL3674810,IC50,6.89
7824384,CC(C)CC(=O)C1C(N(C(=O)C1=O)c2ccc(cc2)c3ccsc3)c4ccccc4C(F)(F)F,CHEMBL3674811,IC50,6.9
7824393,CC(Nc1ncnc2CCN(Cc12)c3ccc(C)cn3)c4ccccc4Cl,CHEMBL3643315,IC50,6.9
7824402,COCCOc1ncccc1C2C(C(=O)CC(C)(C)C)C(=O)C(=O)N2c3ccc(cc3)c4ccsc4,CHEMBL3674965,IC50,6.9
7824411,COc1ccccc1C2C(C(=O)CC(C)C)C(=O)C(=O)N2c3ccc(SC)cc3,CHEMBL3674937,IC50,6.9
7824420,CC(C)C(=O)C1C(N(C(=O)C1=O)c2ccc(cc2)c3cocc3)c4cccnc4OCCO,CHEMBL3674760,IC50,6.91
7824429,CC(C)C(=O)C1C(N(C(=O)C1=O)c2ccc(cc2)c3oc(C)cc3)c4ccccc4C(=O)N(C)C,CHEMBL3674907,IC50,6.91
7824438,CC(Nc1ncnc2CCN(Cc12)c3ccc(C)cn3)c4ccccn4,CHEMBL3643310,IC50,6.91
7824447,CNC(=O)c1ncccc1C2C(C(=O)CC(C)C)C(=O)C(=O)N2c3ccc(cc3)c4ccc(C)s4,CHEMBL3679832,IC50,6.91
7824456,COc1ccc(cc1)C2(CC2)c3[nH]nc4C(=O)N(C(c5ccccc5OC)c34)c6ccc(cc6)c7ccon7,CHEMBL3684605,IC50,6.91
7824465,CC(C)NC(=O)CCc1ccccc1C2C(C(=O)C(C)C)C(=O)C(=O)N2c3ccc(cc3)c4oc(C)cc4,CHEMBL3679800,IC50,6.92
7824474,CC(Nc1ncnc2CCN(Cc12)c3ccc(C)cn3)c4cccc(Cl)c4,CHEMBL3643316,IC50,6.92
7824483,COCCOCc1ncccc1C2C(C(=O)C(C)(C)C)C(=O)C(=O)N2c3ccc(cc3)c4ccsc4,CHEMBL3669811,IC50,6.92
7824492,COCOc1ccccc1C2C(C(=O)C(C)C)C(=O)C(=O)N2c3ccc(cc3)c4noc(C)n4,CHEMBL3674829,IC50,6.92
7824501,COCCOc1ccccc1C2C(C(=O)CC(C)C)C(=O)C(=O)N2c3ccc(cc3)c4noc(C)n4,CHEMBL3674797,IC50,6.93
7824510,COCCOc1ncccc1C2N(C(=O)c3n[nH]c(c23)C(C)(C)C)c4ccc(cc4)c5ccon5,CHEMBL3679884,IC50,6.93
7824519,COc1ccccc1C2C(C(=O)CC(C)C)C(=O)C(=O)N2c3ccc(cc3)c4csc(C)c4,CHEMBL3674894,IC50,6.93
7824528,CSc1ccc(cc1)N2C(C(C(=O)CC(C)C)C(=O)C2=O)c3ccccc3OCC#N,CHEMBL3679777,IC50,6.93
7824537,CC(C)(C)c1[nH]nc2C(=O)N(C(c3ccccc3O)c12)c4ccc(cc4)c5ccon5,CHEMBL3679950,IC50,6.94
7824546,CC(C)C(=O)C1C(N(C(=O)C1=O)c2ccc(cc2)c3ccsc3)c4ccccc4C(F)(F)F,CHEMBL3674818,IC50,6.94
7824555,COC(=O)COCc1ncccc1C2C(C(=O)C(C)(C)C)C(=O)C(=O)N2c3ccc(cc3)c4ccsc4,CHEMBL3669821,IC50,6.94
7824564,COCc1ccccc1C2C(C(=O)CC3CCCC3)C(=O)C(=O)N2c4ccc(cc4)c5ccsc5,CHEMBL3674942,IC50,6.94
7824573,COCc1ncccc1C2N(C(=O)c3n[nH]c(C(C)C)c23)c4ccc(cc4)c5ccsc5,CHEMBL3684557,IC50,6.94
7824582,COc1ccccc1C2N(C(=O)c3n[nH]c(C(C)C)c23)c4ccc(c(N)c4)c5ccsc5,CHEMBL3684639,IC50,6.94
7824591,CC(C)CC(=O)C1C(N(C(=O)C1=O)c2ccc(cc2)c3oc(C)cc3)c4ccccc4C(=O)N5CCOCC5,CHEMBL3679772,IC50,6.95
7824600,COc1ccc(F)cc1C2N(C(=O)c3n[nH]c(c23)C(C)(C)C)c4ccc(cc4)c5ccon5,CHEMBL3679911,IC50,6.95
7824609,COc1ccccc1C2N(C(=O)c3n[nH]c(c23)C(C)(C)C)c4ccc(cc4)c5ccccc5,CHEMBL3684613,IC50,6.95
7824618,COc1ccccc1C2N(C(=O)c3n[nH]c(c23)C(C)(C)c4ccccc4)c5ccc(cc5)c6ccon6,CHEMBL3684606,IC50,6.95
7824627,CC(C)C(=O)C1C(N(C(=O)C1=O)c2ccc(cc2)c3ccsc3)c4ccccc4OCC(=O)O,CHEMBL3669824,IC50,6.96
7824636,COCc1ccccc1C2C(C(=O)CC(C)C)C(=O)C(=O)N2c3ccc(SC)cc3,CHEMBL3674940,IC50,6.96
7824645,COCc1ncccc1C2C(C(=O)CC(C)C)C(=O)C(=O)N2c3ccc(cc3)c4ccsc4,CHEMBL3674842,IC50,6.96
7824654,COc1ccc(cc1)C(=O)C2C(N(C(=O)C2=O)c3nc4cc(OC)ccc4s3)c5ccccc5OCCO,CHEMBL3669773,IC50,6.96
7824663,CC(C)c1[nH]nc2C(=O)N(C(c3ccccc3C(=O)O)c12)c4ccc(cc4)c5ccsc5,CHEMBL3679933,IC50,6.97
7824672,COc1ncccc1C2C(C(=O)C(C)(C)C)C(=O)C(=O)N2c3ccc(cc3)c4cccs4,CHEMBL3669764,IC50,6.97
7824681,COc1ncccc1C2N(C(=O)c3n[nH]c(c23)C(C)(C)C)c4ccc(cn4)c5occc5,CHEMBL3684659,IC50,6.97
7824690,CC(C)C(=O)C1C(N(C(=O)C1=O)c2ccc(cc2)c3oc(C)cc3)c4ccccc4CC(=O)N(C)C,CHEMBL3679759,IC50,6.98
7824699,CCCc1ccc(cc1)N2C(c3ccccc3OC)c4c(n[nH]c4C(C)(C)C)C2=O,CHEMBL3679854,IC50,6.98
7824708,COCCCOc1ccccc1C2C(C(=O)CC(C)C)C(=O)C(=O)N2c3ccc(cc3)c4noc(C)n4,CHEMBL3679758,IC50,6.98
7824717,COc1ccc2nc(sc2c1)N3C(c4ccccc4OC)c5c(n[nH]c5C(C)(C)CO)C3=O,CHEMBL3684563,IC50,6.98
7824726,COc1ccccc1C2N(C(=O)c3n[nH]c(CC(C)(C)C)c23)c4ccc(cc4)c5ccon5,CHEMBL3679917,IC50,6.98
7824735,COc1ccccc1C2N(C(=O)c3n[nH]c(c23)C(C)(C)C)c4ccc(cc4)C(C)C,CHEMBL3684604,IC50,6.98
7824745,Cc1nc(N=Nc2cc(ccc2S(=O)(=O)O)S(=O)(=O)O)c(CCC(=O)O)c(C=O)c1O,CHEMBL2376126,IC50,6.98
7824755,CC(C)C(=O)C1C(N(C(=O)C1=O)c2ccc(cc2)c3csc(C)c3)c4ccccc4OC(F)(F)F,CHEMBL3674840,IC50,6.99
7824764,CC(C)CC(=O)C1C(N(C(=O)C1=O)c2ccc(cc2)c3ccc(C)s3)c4ccccc4OC(F)F,CHEMBL3674854,IC50,6.99
7824773,COc1ccc(cn1)[C@@H](CCO)Nc2ncnc3CCN(Cc23)c4ccc(Cl)cn4,CHEMBL3643341,IC50,6.99
7824782,COc1ccccc1C2C(C(=O)c3cccnc3)C(=O)C(=O)N2c4ccc(cc4)c5ccsc5,CHEMBL3674962,IC50,6.99
7824791,CC(C)C(=O)C1C(N(C(=O)C1=O)c2ccc(cc2)c3csc(C)c3)c4ccccc4S(=O)(=O)C,CHEMBL3679773,IC50,7.0
7824800,CC(C)CC(=O)C1C(N(C(=O)C1=O)c2ccc(cc2)c3ccc(C)s3)c4cccnc4C(=O)NCCN(C)C,CHEMBL3679841,IC50,7.0
7824809,CCCCC(CCCC)C1C(C(=O)c2ccc(CO)cc2)C(=O)C(=O)N1c3ccc(cc3)c4ccon4,CHEMBL3669700,IC50,7.0
7824818,COc1ccccc1C2C(C(=O)C(=O)N2c3ccc(cc3)c4ccsc4)S(=O)(=O)C(C)C,CHEMBL3679821,IC50,7.0
7824827,COc1ccccc1C2C(C(=O)CC(C)C)C(=O)C(=O)N2c3ccc(cc3)c4cocc4,CHEMBL3674867,IC50,7.0
7824836,C[S+]([O-])CCOc1ccccc1C2N(C(=O)c3n[nH]c(c23)C(C)(C)C)c4ccc(cc4)c5ccon5,CHEMBL3684580,IC50,7.0
7824845,CC(C)(C)C(=O)C1C(N(C(=O)C1=O)c2ccc(cc2)c3cccs3)c4ccccc4OCC(=O)O,CHEMBL3669768,IC50,7.01
7824854,CC(C)Oc1ccccc1C2C(C(=O)C(C)(C)C)C(=O)C(=O)N2c3ccc(cc3)c4ccon4,CHEMBL3669758,IC50,7.01
7824864,OC(=O)c1cc(C(=O)O)c(cc1C(=O)O)C(=O)N(Cc2cccc(Oc3ccccc3)c2)[C@H]4CCCc5ccccc45,CHEMBL596234,IC50,7.01
7824874,CC(C)(C)C(=O)C1C(N(C(=O)C1=O)c2ccc(cc2)c3cocc3)c4cccnc4OCCO,CHEMBL3669808,IC50,7.02
7824884,Cc1nc(N=Nc2cc(ccc2S(=O)(=O)O)S(=O)(=O)O)c(COP(=O)(O)O)c(C=O)c1O,CHEMBL69727,IC50,7.02
7824894,COc1ccccc1C2C(C(=O)CC(C)C)C(=O)C(=O)N2c3ccc(cc3)c4ccc(C)s4,CHEMBL3674845,IC50,7.03
7824903,CC(C)C(=O)C1C(N(C(=O)C1=O)c2ccc(cc2)c3ccsc3)c4ccccc4N(C)C(=O)C,CHEMBL3669848,IC50,7.04
7824912,CC(C)c1[nH]nc2C(=O)N(C(c3ccccn3)c12)c4ccc(cc4)c5ccsc5,CHEMBL3684632,IC50,7.04
7824921,COCCCOc1ccccc1C2C(C(=O)C(C)C)C(=O)C(=O)N2c3ccc(SC)cc3,CHEMBL3679750,IC50,7.04
7824930,COCCOc1cc(F)ccc1C2C(C(=O)C(C)C)C(=O)C(=O)N2c3ccc(cc3)c4noc(C)n4,CHEMBL3674884,IC50,7.04
7824939,COCCOc1ccccc1C2C(C(=O)C(C)(C)C)C(=O)C(=O)N2c3ccc(cc3)c4noc(C)n4,CHEMBL3669777,IC50,7.04
7824948,COc1ccccc1C2C(C(=O)C(C)(C)C)C(=O)C(=O)N2c3ccc(cc3)c4occc4,CHEMBL3669750,IC50,7.04
7824957,COc1ncccc1C2N(C(=O)c3n[nH]c(c23)C(C)(C)CO)c4ccc(cc4)c5occc5,CHEMBL3684540,IC50,7.04
7824966,CC(C)(C)c1[nH]nc2C(=O)N(C(c3ccccc3OCC(=O)O)c12)c4ccc(cc4)c5ccon5,CHEMBL3679880,IC50,7.05
7824975,CC(C)C(=O)C1C(N(C(=O)C1=O)c2ccc(cc2)c3oc(C)cc3)c4cccnc4OCCO,CHEMBL3679749,IC50,7.05
7824984,COc1ccc(cn1)[C@@H](CO)Nc2ncnc3CCN(Cc23)c4ccc(Cl)cn4,CHEMBL3643343,IC50,7.05
7824993,CC(C)(C)c1[nH]nc2C(=O)N(C(c3ccccc3C(=O)O)c12)c4ccc(cc4)c5ccsc5,CHEMBL3684556,IC50,7.06
7825002,CC(C)Oc1ccccc1C2C(C(=O)C3CCCC3)C(=O)C(=O)N2c4ccc(cc4)c5noc(C)n5,CHEMBL3679784,IC50,7.06
7825011,CC(Nc1ncnc2CCN(Cc12)c3ccc(C)cn3)c4ccccc4F,CHEMBL3643312,IC50,7.06
7825020,COc1ccccc1C2N(C(=O)c3n[nH]c(c23)C(C)(C)C)c4ccc(cc4)c5occn5,CHEMBL3684614,IC50,7.06
7825029,Cc1cc(on1)c2ccc(cc2)N3C(c4ccccc4OCCO)c5c(n[nH]c5C(C)(C)C)C3=O,CHEMBL3679866,IC50,7.06
7825038,COc1ncccc1C2C(C(=O)C(C)C)C(=O)C(=O)N2c3ccc(cc3)c4ccsc4,CHEMBL3669826,IC50,7.07
7825047,CC(C)C(=O)C1C(N(C(=O)C1=O)c2ccc(cc2)c3oc(C)cc3)c4ccccc4CCC(=O)N(C)C,CHEMBL3679799,IC50,7.08
7825056,CC(C)(C)C(=O)C1C(N(C(=O)C1=O)c2ccc(cc2)c3ccon3)c4ccccc4OCCO,CHEMBL3669732,IC50,7.09
7825065,COC(=O)n1nc(c2C(N(C(=O)c12)c3ccc(Br)cc3)c4ccccc4OC)C(C)(C)C,CHEMBL3684629,IC50,7.09
7825074,COCCOc1cc(F)ccc1C2C(C(=O)CC(C)C)C(=O)C(=O)N2c3ccc(cc3)c4noc(C)n4,CHEMBL3674880,IC50,7.09
7825083,COCCOc1ccccc1C2C(C(=O)CC(C)C)C(=O)C(=O)N2c3ccc(SC)cc3,CHEMBL3674938,IC50,7.09
7825092,COc1ccccc1C2C(C(=O)C(C)C)C(=O)C(=O)N2c3ccc(c(OC)c3)c4ccsc4,CHEMBL3674749,IC50,7.09
7825101,Brc1ccc(cc1)C(=O)C2C(C3CCCCC3)N(C(=O)C2=O)c4ccc(cc4)c5ccon5,CHEMBL3669707,IC50,7.1
7825110,CC(C)C(=O)C1C(N(C(=O)C1=O)c2ccc(cc2)c3ccc(C)s3)c4ccccc4C(=O)N(C)C,CHEMBL3674911,IC50,7.1
7825119,CC(C)CC(=O)C1C(N(C(=O)C1=O)c2ccc(cc2)c3ccc(C)s3)c4ccccc4OC(C)C,CHEMBL3674912,IC50,7.1
7825128,COc1ccc(cc1F)C(C)Nc2ncnc3CCN(Cc23)c4ccc(C)cn4,CHEMBL3643319,IC50,7.1
7825138,Cc1nc(N=Nc2ccc(cc2)C(=O)O)c(CCC(=O)O)c(C=O)c1O,CHEMBL2376118,IC50,7.1
7825148,CC(C)C(=O)C1C(N(C(=O)C1=O)c2ccc(cc2)c3ccc(C)s3)c4ccccc4OC(F)(F)F,CHEMBL3674852,IC50,7.11
7825157,CC(C)C(=O)C1C(N(C(=O)C1=O)c2ccc(cc2)c3oc(C)cc3)c4ccccc4S(=O)(=O)C,CHEMBL3679809,IC50,7.11
7825166,CC(C)CC(=O)C1C(N(C(=O)C1=O)c2ccc(cc2)c3cocc3)c4ccccc4OC(F)(F)F,CHEMBL3674859,IC50,7.11
7825175,COc1ncccc1C2C(C(=O)C(C)(C)C)C(=O)C(=O)N2c3ccc(cc3)c4ccsc4,CHEMBL3669765,IC50,7.11
7825184,CC(C)(C)c1[nH]nc2C(=O)N(C(c3ccccc3OC(F)F)c12)c4ccc(cc4)c5ccon5,CHEMBL3679946,IC50,7.12
7825193,CC(C)(C)C(=O)C1C(N(C(=O)C1=O)c2ccc(cc2)c3ccsc3)c4ccccc4OCC(=O)O,CHEMBL3669769,IC50,7.13
7825202,COCCOc1ncccc1C2C(C(=O)C(C)(C)C)C(=O)C(=O)N2c3ccc(cc3)c4cocc4,CHEMBL3669807,IC50,7.13
7825211,COc1ccc(cc1)C(=O)C2C(N(C(=O)C2=O)c3ccc(cc3)C4=NCCS4)c5ccccc5OC,CHEMBL3669713,IC50,7.13
7825220,COc1ccccc1C2N(C(=O)c3n[nH]c(c23)C4(CO)CCCCC4)c5ccc(cc5)c6ccon6,CHEMBL3679912,IC50,7.13
7825229,CC(C)CC(=O)C1C(N(C(=O)C1=O)c2ccc(cc2)c3noc(C)n3)c4ccccc4OC(C)C,CHEMBL3674835,IC50,7.14
7825238,CN(C)C(=O)COc1ccccc1C2C(C(=O)C(C)(C)C)C(=O)C(=O)N2c3ccc(cc3)c4ccsc4,CHEMBL3669794,IC50,7.14
7825247,COc1ccccc1C2C(C(=O)C(C)C)C(=O)C(=O)N2c3ccc(cc3)c4occc4,CHEMBL3674752,IC50,7.14
7825256,COc1ccccc1C2C(C(=O)C3CC3)C(=O)C(=O)N2c4ccc(cc4)c5ccsc5,CHEMBL3669854,IC50,7.14
7825265,C[C@@H](Nc1ncnc2CCN(Cc12)c3ccc(C)cn3)c4ccccc4,CHEMBL3643308,IC50,7.14
7825274,CC(C)CC(=O)C1C(N(C(=O)C1=O)c2ccc(cc2)c3csc(C)c3)c4ccccc4C(=O)N(C)C,CHEMBL3674913,IC50,7.15
7825283,CSc1ccc(cc1)N2C(C(C(=O)C(C)C)C(=O)C2=O)c3ccccc3OC(C)C,CHEMBL3679740,IC50,7.15
7825292,CC(C)C(=O)C1C(N(C(=O)C1=O)c2ccc(cc2)c3csc(C)c3)c4ccccc4OC(F)F,CHEMBL3674839,IC50,7.16
7825301,CC(C)C(=O)C1C(N(C(=O)C1=O)c2ccc(cc2)c3csc(C)c3)c4cccnc4OCCCO,CHEMBL3679829,IC50,7.16
7825310,CC(C)CC(=O)C1C(N(C(=O)C1=O)c2ccc(cc2)c3ccsc3)c4ccccc4OC(F)(F)F,CHEMBL3674848,IC50,7.16
7825319,COCc1ccccc1C2C(C(=O)C(C)C)C(=O)C(=O)N2c3ccc(cc3)C4CCCC4,CHEMBL3679792,IC50,7.16
7825328,COc1ncccc1C2N(C(=O)c3n[nH]c(c23)C(C)(C)C)c4ccc(cc4)c5cocc5,CHEMBL3684624,IC50,7.16
7825337,CSc1ccc(cc1)N2C(c3cccnc3OCCO)c4c(n[nH]c4C(C)(C)C)C2=O,CHEMBL3679891,IC50,7.16
7825346,CC(C)C(=O)C1C(N(C(=O)C1=O)c2ccc(cc2)c3noc(C)n3)c4ccccc4OC5CCOCC5,CHEMBL3679768,IC50,7.17
7825355,CC(C)CC(=O)C1C(N(C(=O)C1=O)c2ccc(cc2)c3cocc3)c4ccccc4OC(F)F,CHEMBL3674858,IC50,7.17
7825364,CC(C)CC(=O)C1C(N(C(=O)C1=O)c2ccc(cc2)c3noc(C)n3)c4ccccc4N5CCOCC5,CHEMBL3679754,IC50,7.17
7825373,Cc1ccc(nc1)N2CCc3ncnc(NC(CCO)c4ccc(nc4)C(F)(F)F)c3C2,CHEMBL3643340,IC50,7.17
7825382,CC(C)C(=O)C1C(N(C(=O)C1=O)c2ccc(cc2)c3ccc(C)s3)c4cccnc4OCCCO,CHEMBL3679827,IC50,7.18
7825391,CC(C)CC(=O)C1C(N(C(=O)C1=O)c2ccc(cc2)c3cocc3)c4ccccc4OCCO,CHEMBL3674866,IC50,7.18
7825400,CC(C)C(=O)C1C(N(C(=O)C1=O)c2ccc(cc2)c3occc3)c4ccccc4OCCO,CHEMBL3674753,IC50,7.19
7825409,CC(C)CC(=O)C1C(N(C(=O)C1=O)c2ccc(cc2)c3ccc(C)s3)c4ccccc4OCCO,CHEMBL3674846,IC50,7.19
7825418,CC(C)COc1ccccc1C2C(C(=O)C3CCCC3)C(=O)C(=O)N2c4ccc(cc4)c5ccon5,CHEMBL3679779,IC50,7.19
7825427,CC(C)c1[nH]nc2C(=O)N(C(c3ccccc3CC(=O)O)c12)c4ccc(cc4)c5ccsc5,CHEMBL3679938,IC50,7.19
7825436,COc1ccccc1C2C(C(=O)C(C)C)C(=O)C(=O)N2c3ccc(cc3)c4cocc4,CHEMBL3669836,IC50,7.19
7825445,CC(Nc1ncnc2CCN(Cc12)c3ccc(C)cn3)c4cccnc4,CHEMBL3643311,IC50,7.2
7825454,COCc1ncccc1C2C(C(=O)C(C)C)C(=O)C(=O)N2c3ccc(cc3)c4ccsc4,CHEMBL3669833,IC50,7.2
7825463,CC(C)OCc1ccccc1C2C(C(=O)C(C)C)C(=O)C(=O)N2c3ccc(cc3)c4noc(C)n4,CHEMBL3679801,IC50,7.21
7825472,CC(C)Oc1ccccc1C2C(C(=O)C3CCCC3)C(=O)C(=O)N2c4ccc(cc4)c5ccon5,CHEMBL3679778,IC50,7.21
7825481,COCCOc1ccccc1C2N(C(=O)c3n[nH]c(c23)C(C)(C)C)c4ccc(cc4)c5onc(C)n5,CHEMBL3679875,IC50,7.21
7825490,COc1ncccc1C2N(C(=O)c3n[nH]c(c23)C(C)(C)C)c4ccc(SC)cc4,CHEMBL3679859,IC50,7.21
7825499,CC(C)C(=O)C1C(N(C(=O)C1=O)c2ccc(cc2)c3cocc3)c4cccnc4OCCCO,CHEMBL3679825,IC50,7.22
7825508,COCCCOc1ncccc1C2C(C(=O)C(C)C)C(=O)C(=O)N2c3ccc(cc3)c4csc(C)c4,CHEMBL3679830,IC50,7.22
7825517,COc1ccccc1C2N(C(=O)c3[nH]nc(CO)c23)c4ccc(cc4)c5ccsc5,CHEMBL3684592,IC50,7.22
7825527,Cc1nc(Cc2cccc(Oc3ccccc3)c2)c(\C=C\C(=O)O)c(C=O)c1O,CHEMBL3091630,IC50,7.22
7825537,CCN(C)C(=O)c1ccccc1C2C(C(=O)C(C)C)C(=O)C(=O)N2c3ccc(cc3)c4oc(C)cc4,CHEMBL3679761,IC50,7.23
7825546,CC(C)C(=O)C1C(N(C(=O)C1=O)c2ccc(cc2)c3ccc(C)s3)c4ccccc4OC(F)F,CHEMBL3674851,IC50,7.24
7825555,CCOCOc1ccccc1C2C(C(=O)C(C)C)C(=O)C(=O)N2c3ccc(cc3)c4noc(C)n4,CHEMBL3679804,IC50,7.24
7825564,COCCCOc1ncccc1C2C(C(=O)C(C)C)C(=O)C(=O)N2c3ccc(cc3)c4cocc4,CHEMBL3679826,IC50,7.24
7825573,COCc1ccccc1C2C(C(=O)C(C)C)C(=O)C(=O)N2c3ccc(cc3)c4occc4,CHEMBL3674869,IC50,7.24
7825582,COc1ncccc1C2N(C(=O)c3n[nH]c(C(C)C)c23)c4ccc(cc4)c5ccsc5,CHEMBL3679899,IC50,7.24
7825591,CC(Nc1ncnc2CCN(Cc12)c3ccc(C)cn3)c4cccc(F)c4,CHEMBL3643303,IC50,7.25
7825600,COCCOc1ncccc1C2C(C(=O)C(C)C)C(=O)C(=O)N2c3ccc(cc3)c4cocc4,CHEMBL3674761,IC50,7.25
7825609,COCCN(C)C(=O)c1ccccc1C2C(C(=O)CC(C)C)C(=O)C(=O)N2c3ccc(cc3)c4oc(C)cc4,CHEMBL3679762,IC50,7.26
7825618,COCCOc1ccccc1C2C(C(=O)CC(C)C)C(=O)C(=O)N2c3ccc(cc3)c4cocc4,CHEMBL3674864,IC50,7.26
7825627,COc1ccccc1C2N(C(=O)c3n[nH]c(c23)C(C)(C)CO)c4ccc(cc4)c5onc(C)c5,CHEMBL3684558,IC50,7.26
7825636,CC(C)CC(=O)C1C(N(C(=O)C1=O)c2ccc(cc2)c3ccon3)c4ccccc4OC(C)C,CHEMBL3674824,IC50,7.27
7825645,CC(C)Oc1ccccc1C2C(C(=O)C(C)C)C(=O)C(=O)N2c3ccc(cc3)c4ccon4,CHEMBL3674813,IC50,7.27
7825654,CC(C)Oc1ccccc1C2C(C(=O)C(C)C)C(=O)C(=O)N2c3ccc(cc3)c4noc(C)n4,CHEMBL3674830,IC50,7.27
7825663,COc1ccccc1C2N(C(=O)c3n[nH]c(c23)C(C)(C)CO)c4ccc(SC)cc4,CHEMBL3679860,IC50,7.27
7825672,Cc1onc(n1)c2ccc(cc2)N3C(c4ccccc4OCCO)c5c(n[nH]c5C(C)(C)C)C3=O,CHEMBL3679868,IC50,7.27
7825681,CC(C)C(=O)C1C(N(C(=O)C1=O)c2ccc(cc2)c3noc(C)n3)c4ccccc4OCC5OCCO5,CHEMBL3679767,IC50,7.28
7825690,CC(Nc1ncnc2CCN(Cc12)c3ccc(C)cn3)c4cc(F)cc(F)c4,CHEMBL3643317,IC50,7.28
7825699,CCN(C)C(=O)c1ccccc1C2C(C(=O)C(C)C)C(=O)C(=O)N2c3ccc(cc3)c4csc(C)c4,CHEMBL3679760,IC50,7.28
7825708,COc1ccc(cc1)C(=O)C2C(N(C(=O)C2=O)c3ccc(cc3)c4noc(C)n4)c5ccccc5OC,CHEMBL3669715,IC50,7.28
7825717,COc1ccc(cc1)C(=O)C2C(N(C(=O)C2=O)c3ccc(cc3)c4oc(C)nn4)c5ccccc5OC,CHEMBL3669718,IC50,7.28
7825726,CC(C)CC(=O)C1C(N(C(=O)C1=O)c2ccc(cc2)c3ccsc3)c4ccccc4OC(F)F,CHEMBL3674809,IC50,7.29
7825735,CC(C)CC(=O)C1C(N(C(=O)C1=O)c2ccc(cc2)c3csc(C)c3)c4ccccc4OC(C)C,CHEMBL3674888,IC50,7.29
7825744,CSc1ccc(cc1)N2C(C(C(=O)C(C)C)C(=O)C2=O)c3ccccc3OCCCO,CHEMBL3679742,IC50,7.29
7825753,CC(Nc1ncnc2CCN(Cc12)c3ccc(C)cn3)c4ccc(F)cc4F,CHEMBL3643318,IC50,7.3
7825762,CNC(=O)CCc1ccccc1C2C(C(=O)C(C)C)C(=O)C(=O)N2c3ccc(cc3)c4oc(C)cc4,CHEMBL3679797,IC50,7.31
7825771,COc1ccc(cc1)C(=O)C2C(N(C(=O)C2=O)c3ccc(cc3)c4ccon4)c5ccccc5OCCO,CHEMBL3669775,IC50,7.31
7825780,CC(C)(C)C(=O)C1C(N(C(=O)C1=O)c2ccc(cc2)c3occc3)c4ccccc4OCCO,CHEMBL3669746,IC50,7.32
7825789,CC(C)CC(=O)C1C(N(C(=O)C1=O)c2ccc(cc2)c3oc(C)cc3)c4ccccc4OC(F)F,CHEMBL3674876,IC50,7.32
7825798,COc1ccccc1C2C(C(=O)C(C)(C)C)C(=O)C(=O)N2c3ccc(cc3)c4cocc4,CHEMBL3669740,IC50,7.32
7825807,C[C@@H](Nc1ncnc2CCN(Cc12)c3ccc(C)cn3)c4ccc(Cl)cc4,CHEMBL3643307,IC50,7.32
7825816,CC(C)C(=O)C1C(N(C(=O)C1=O)c2ccc(cc2)c3ccsc3)c4ccccc4C(=O)N(C)C,CHEMBL3674770,IC50,7.33
7825825,CC(C)CC(=O)C1C(N(C(=O)C1=O)c2ccc(cc2)c3ccc(C)s3)c4cccnc4C(=O)NCC#N,CHEMBL3679836,IC50,7.33
7825834,CCOc1ccccc1C2C(C(=O)CC(C)C)C(=O)C(=O)N2c3ccc(cc3)c4cocc4,CHEMBL3674863,IC50,7.33
7825843,COc1ccccc1C2C(C(=O)C(C)(C)C)C(=O)C(=O)N2c3ccc(cc3)c4ccc(C)s4,CHEMBL3669846,IC50,7.33
7825852,C[C@@H](Nc1ncnc2CCN(Cc12)c3ccc(C)cn3)c4ccc(C)cc4,CHEMBL3643324,IC50,7.33
7825861,CC(C)C(=O)C1C(N(C(=O)C1=O)c2ccc(cc2)c3ccsc3)c4cccnc4OCCO,CHEMBL3669817,IC50,7.34
7825870,COCCOc1ncccc1C2N(C(=O)c3n[nH]c(c23)C(C)(C)C)c4ccc(SC)cc4,CHEMBL3679885,IC50,7.34
7825879,COc1cc(F)ccc1C2N(C(=O)c3n[nH]c(c23)C(C)(C)C)c4ccc(cc4)c5ccon5,CHEMBL3679908,IC50,7.34
7825888,CSc1ccccc1C2N(C(=O)c3n[nH]c(c23)C(C)(C)C)c4ccc(cc4)c5ccon5,CHEMBL3679943,IC50,7.34
7825897,CC(C)CC(=O)C1C(N(C(=O)C1=O)c2ccc(cc2)c3oc(C)cc3)c4ccccc4C(=O)N(C)C,CHEMBL3674909,IC50,7.36
7825906,CC(C)c1[nH]nc2C(=O)N(C(c3ccccc3N(C)C(=O)C)c12)c4ccc(cc4)c5ccsc5,CHEMBL3679926,IC50,7.36
7825915,COCc1ccccc1C2C(C(=O)CC(C)C)C(=O)C(=O)N2c3ccc(cc3)c4occc4,CHEMBL3674870,IC50,7.36
7825924,COc1ccccc1C2N(C(=O)c3n[nH]c(c23)C(C)(C)CO)c4ccc(cc4)c5onc(C)n5,CHEMBL3684560,IC50,7.36
7825933,CC(Nc1ncnc2CCN(Cc12)c3ccc(C)cn3)c4ccc(Cl)c(F)c4,CHEMBL3643327,IC50,7.37
7825942,COCCOc1ccccc1C2C(C(=O)C(C)(C)C)C(=O)C(=O)N2c3ccc(cc3)c4occc4,CHEMBL3669780,IC50,7.37
7825951,COCc1ccccc1C2C(C(=O)C(C)C)C(=O)C(=O)N2c3ccc(cc3)c4cocc4,CHEMBL3669841,IC50,7.37
7825960,COc1ccccc1C2N(C(=O)c3n[nH]c(c23)C(C)(C)CO)c4ccc(cn4)c5cocc5,CHEMBL3684648,IC50,7.37
7825969,CC(C)CC(=O)C1C(N(C(=O)C1=O)c2ccc(cc2)C3=NCCS3)c4ccccc4OC(C)C,CHEMBL3674920,IC50,7.38
7825978,COCCOc1ccccc1C2C(C(=O)C(=O)N2c3ccc(cc3)c4ccsc4)S(=O)(=O)C(C)C,CHEMBL3679822,IC50,7.38
7825987,COc1ccc(cc1)C(=O)C2C(N(C(=O)C2=O)c3ccc(cc3)c4cc(C)on4)c5ccccc5OC,CHEMBL3679746,IC50,7.38
7825996,CSc1ccc(cc1)N2C(C(C(=O)CC(C)C)C(=O)C2=O)c3ccccc3OC(C)C,CHEMBL3674939,IC50,7.38
7826005,COCc1ncccc1C2C(C(=O)C(C)(C)C)C(=O)C(=O)N2c3ccc(cc3)c4ccsc4,CHEMBL3669806,IC50,7.39
7826014,COc1ccc(F)cc1C2C(C(=O)C(C)C)C(=O)C(=O)N2c3ccc(cc3)c4csc(C)c4,CHEMBL3674955,IC50,7.39
7826023,COc1ccccc1C2N(C(=O)c3[nH]nc(c23)C(C)(C)C(=O)O)c4ccc(cc4)c5ccsc5,CHEMBL3684577,IC50,7.39
7826032,CC(C)C(=O)C1C(N(C(=O)C1=O)c2ccc(cc2)c3cocc3)c4ccccc4OCCO,CHEMBL3669829,IC50,7.4
7826041,CC(C)CC(=O)C1C(N(C(=O)C1=O)c2ccc(cc2)c3csc(C)c3)c4ccccc4OCCO,CHEMBL3674889,IC50,7.4
7826050,CC(C)CC(=O)C1C(N(C(=O)C1=O)c2ccc(cc2)c3oc(C)cc3)c4ccccc4OC(F)(F)F,CHEMBL3674877,IC50,7.4
7826059,CCC(CC)C1C(C(=O)c2ccc(cc2)C(=O)N(C)C)C(=O)C(=O)N1c3ccc(cc3)c4ccon4,CHEMBL3669696,IC50,7.4
7826068,COc1ccc(cc1)C(=O)C2C(N(C(=O)C2=O)c3ccc(cc3)c4onc(C)c4)c5ccccc5OC,CHEMBL3669712,IC50,7.4
7826077,COc1ccccc1[C@@H]2C(C(=O)C(C)C)C(=O)C(=O)N2c3ccc(cc3)c4cocc4,CHEMBL3669840,IC50,7.4
7826086,CSc1ccccc1C2C(C(=O)C(C)C)C(=O)C(=O)N2c3ccc(cc3)c4csc(C)c4,CHEMBL3679819,IC50,7.4
7826095,COCCOc1ccccc1C2C(C(=O)C(C)C)C(=O)C(=O)N2c3ccc(cc3)c4cocc4,CHEMBL3669839,IC50,7.41
7826104,COCc1ccccc1C2C(C(=O)C(C)C)C(=O)C(=O)N2c3ccc(cc3)C4=CCCC4,CHEMBL3679791,IC50,7.41
7826113,COc1ncccc1C2N(C(=O)c3n[nH]c(c23)C(C)(C)C)c4ccc(cn4)c5ccsc5,CHEMBL3684658,IC50,7.41
7826122,CCOc1ncccc1C2C(C(=O)C3CCCC3)C(=O)C(=O)N2c4ccc(cc4)c5ccsc5,CHEMBL3679781,IC50,7.43
7826131,COCOc1ccccc1C2C(C(=O)CC(C)C)C(=O)C(=O)N2c3ccc(cc3)c4cocc4,CHEMBL3674865,IC50,7.43
7826140,COc1ccccc1C2C(C(=O)C(C)C)C(=O)C(=O)N2c3ccc(cc3)c4csc(C)c4,CHEMBL3674781,IC50,7.43
7826149,CC(C)(C)c1[nH]nc2C(=O)N(C(c3cccc[n+]3[O-])c12)c4ccc(cc4)c5cccs5,CHEMBL3684576,IC50,7.44
7826158,CC(C)COc1ccccc1C2C(C(=O)C(C)C)C(=O)C(=O)N2c3ccc(cc3)c4ccon4,CHEMBL3674953,IC50,7.44
7826167,COCCN(C)C(=O)c1ccccc1C2C(C(=O)CC(C)C)C(=O)C(=O)N2c3ccc(cc3)c4csc(C)c4,CHEMBL3679763,IC50,7.44
7826176,COCc1ccccc1C2C(C(=O)c3cccnc3)C(=O)C(=O)N2c4ccc(cc4)c5ccsc5,CHEMBL3674963,IC50,7.44
7826185,COc1ccc(F)cc1C2C(C(=O)C(C)C)C(=O)C(=O)N2c3ccc(cc3)c4oc(C)cc4,CHEMBL3674956,IC50,7.44
7826194,COc1ccc(cn1)C(=O)C2C(C3COC(C)(C)OC3)N(C(=O)C2=O)c4ccc(cc4)c5ccsc5,CHEMBL3674808,IC50,7.44
7826203,COc1ccccc1C2C(C(=O)C(C)(C)C)C(=O)C(=O)N2c3ccc(cc3)c4csc(C)c4,CHEMBL3669835,IC50,7.44
7826212,COc1ccccc1C2C(C(=O)CC(C)C)C(=O)C(=O)N2c3ccc(cc3)c4oc(C)cc4,CHEMBL3674898,IC50,7.44
7826221,COc1ncccc1C2N(C(=O)c3n[nH]c(c23)C(C)(C)C)c4ccc(cn4)c5cccs5,CHEMBL3684656,IC50,7.44
7826230,CC(C)(C)C(=O)C1C(N(C(=O)C1=O)c2ccc(cc2)c3cocc3)c4ccccc4OCCO,CHEMBL3669801,IC50,7.46
7826239,CCOc1ncccc1C2C(C(=O)CC(C)C)C(=O)C(=O)N2c3ccc(cc3)c4ccsc4,CHEMBL3674943,IC50,7.46
7826248,CNC(=O)COc1ncccc1C2N(C(=O)c3n[nH]c(C(C)C)c23)c4ccc(cc4)c5ccsc5,CHEMBL3639787,IC50,7.46
7826257,COCCCOc1ncccc1C2C(C(=O)C(C)C)C(=O)C(=O)N2c3ccc(cc3)c4ccc(C)s4,CHEMBL3679828,IC50,7.46
7826266,COCOc1ccccc1C2C(C(=O)CC(C)C)C(=O)C(=O)N2c3ccc(cc3)c4csc(C)c4,CHEMBL3674887,IC50,7.46
7826275,COc1ccccc1C2C(C(=O)C(C)C)C(=O)C(=O)N2c3ccc(c(F)c3)c4ccsc4,CHEMBL3674762,IC50,7.46
7826284,COc1ccccc1C2C(C(=O)CC(C)C)C(=O)C(=O)N2c3ccc(cc3)c4ccsc4,CHEMBL3674765,IC50,7.46
7826293,CC(C)C(=O)C1C(N(C(=O)C1=O)c2ccc(cc2)c3ccsc3)c4ccccc4OC(F)(F)F,CHEMBL3674820,IC50,7.47
7826302,CC(C)C(=O)C1C(N(C(=O)C1=O)c2ccc(cc2)c3oc(C)cc3)c4cccnc4OCCCO,CHEMBL3679744,IC50,7.47
7826311,CNC(=O)C(C)(C)c1n[nH]c2C(=O)N(C(c3ccccc3OC)c12)c4ccc(cc4)c5ccsc5,CHEMBL3684582,IC50,7.47
7826320,COc1ccccc1C2N(C(=O)c3[nH]nc(c23)C(C)(C)C(=O)O)c4ccc(cc4)c5cccs5,CHEMBL3684575,IC50,7.47
7826329,COc1ccccc1[C@H]2N(C(=O)c3n[nH]c(c23)C(C)(C)CO)c4ccc(cc4)c5ccon5,CHEMBL3684628,IC50,7.47
7826338,CC(C)COc1ccccc1C2C(C(=O)C3CCCC3)C(=O)C(=O)N2c4ccc(cc4)c5noc(C)n5,CHEMBL3679785,IC50,7.48
7826347,CC(C)Oc1ccccc1C2C(C(=O)C(C)C)C(=O)C(=O)N2c3ccc(cc3)c4csnn4,CHEMBL3679796,IC50,7.48
7826356,CC(C)c1[nH]nc2C(=O)N(C(c3cccnc3OCC(=O)O)c12)c4ccc(cc4)c5ccsc5,CHEMBL3679903,IC50,7.48
7826365,CCC(CC)(CO)c1[nH]nc2C(=O)N(C(c3ccccc3OC)c12)c4ccc(cc4)c5ccon5,CHEMBL3684564,IC50,7.48
7826374,COCc1ccccc1C2C(C(=O)C3CCCC3)C(=O)C(=O)N2c4ccc(cc4)c5ccsc5,CHEMBL3679782,IC50,7.48
7826383,COc1ccccc1C2N(C(=O)c3n[nH]c(c23)C(C)(C)C)c4ccc(SC)cc4,CHEMBL3684608,IC50,7.48
7826392,COc1ccccc1C2N(C(=O)c3n[nH]c(c23)C(C)(C)C)c4ccc(cn4)c5cocc5,CHEMBL3684646,IC50,7.48
7826401,COc1ccccc1C2N(C(=O)c3n[nH]c(c23)C(C)(C)C)c4ccc(cn4)c5occc5,CHEMBL3684654,IC50,7.48
7826410,C[C@@H](Nc1ncnc2CCN(Cc12)c3ccc(Cl)cn3)c4ccc(nc4)C(F)(F)F,CHEMBL3643336,IC50,7.48
7826419,CC(C)(C)c1n[nH]c2C(=O)N(C(c3cccc[n+]3[O-])c12)c4ccc(cc4)c5ccsc5,CHEMBL3679918,IC50,7.5
7826428,CC(C)C(=O)C1C(N(C(=O)C1=O)c2ccc(cc2)c3oc(C)cc3)c4ccccc4CCC(=O)N,CHEMBL3679798,IC50,7.5
7826437,CC(C)Oc1ccccc1C2C(C(=O)C(C)C)C(=O)C(=O)N2c3ccc(cc3)c4csc(C)c4,CHEMBL3674925,IC50,7.5
7826446,CC(C)c1[nH]nc2C(=O)N(C(c3ccccc3CO)c12)c4ccc(cc4)c5ccsc5,CHEMBL3679930,IC50,7.5
7826455,COC(=O)C(C)(C)CC(=O)C1C(N(C(=O)C1=O)c2ccc(cc2)c3ccsc3)c4ccccc4OC,CHEMBL3679816,IC50,7.5
7826464,COCCOc1ccccc1C2C(C(=O)C(C)(C)C)C(=O)C(=O)N2c3ccc(cc3)c4cocc4,CHEMBL3669802,IC50,7.5
7826473,COCCOc1ncccc1C2C(C(=O)C(C)C)C(=O)C(=O)N2c3ccc(cc3)c4csc(C)c4,CHEMBL3674792,IC50,7.5
7826482,CSc1ccc(cc1)N2C(C(C(=O)C(C)C)C(=O)C2=O)c3ccccc3OCC4CC4,CHEMBL3679847,IC50,7.5
7826491,CC(C)(C)c1[nH]nc2C(=O)N(C(c3ccccc3OCCO)c12)c4ccc(cc4)c5ccon5,CHEMBL3679944,IC50,7.51
7826500,CC(C)CC(=O)C1C(N(C(=O)C1=O)c2ccc(cc2)c3ccsc3)c4ccccc4C(=O)N(C)C,CHEMBL3674914,IC50,7.51
7826509,COCc1ccccc1C2C(C(=O)CC(C)C)C(=O)C(=O)N2c3ccc(cc3)c4ccc(C)s4,CHEMBL3674821,IC50,7.51
7826518,COc1ccccc1C2N(C(=O)c3n[nH]c(c23)C(C)(C)CO)c4ccc(cn4)c5occc5,CHEMBL3684661,IC50,7.51
7826527,COc1ncccc1C2N(C(=O)c3n[nH]c(c23)C(C)(C)C)c4ccc(cc4)c5cccs5,CHEMBL3684626,IC50,7.51
7826536,CSc1ccc(cc1)N2C(C(C(=O)C(C)C)C(=O)C2=O)c3ccccc3OCC4CCOCC4,CHEMBL3679849,IC50,7.51
7826545,COCCOc1ccccc1C2C(C(=O)CC(C)C)C(=O)C(=O)N2c3ccc(cc3)c4csc(C)c4,CHEMBL3674890,IC50,7.52
7826554,COCCOc1ncccc1C2C(C(=O)CC(C)C)C(=O)C(=O)N2c3ccc(cc3)c4ccsc4,CHEMBL3674772,IC50,7.52
7826563,COc1ccccc1C2C(C(=O)C(C)C)C(=O)C(=O)N2c3ccc(cc3)c4ccc(C)s4,CHEMBL3674783,IC50,7.52
7826572,CC(C)C(=O)C1C(N(C(=O)C1=O)c2ccc(cc2)c3cccs3)c4cccnc4OCCO,CHEMBL3674756,IC50,7.54
7826581,CC(C)C(=O)C1C(N(C(=O)C1=O)c2ccc(cc2)c3ccon3)c4ccccc4OCC5CC5,CHEMBL3679846,IC50,7.54
7826590,CC(C)CC(=O)C1C(N(C(=O)C1=O)c2ccc(cc2)c3ccc(C)s3)c4ccccc4C(=O)N(C)C,CHEMBL3674915,IC50,7.54
7826599,CC(C)CC(=O)C1C(N(C(=O)C1=O)c2ccc(cc2)c3ccsc3)c4ccccc4OCCO,CHEMBL3674774,IC50,7.54
7826608,COc1ccc(cn1)[C@@H](CCO)Nc2ncnc3CCN(Cc23)c4ccc(C)cn4,CHEMBL3643342,IC50,7.54
7826617,CC(C)C(=O)C1C(N(C(=O)C1=O)c2ccc(cc2)c3ccon3)c4ccccc4OCC5CCOCC5,CHEMBL3679848,IC50,7.55
7826626,COCc1ccccc1C2C(C(=O)C(C)C)C(=O)C(=O)N2c3ccc(cc3)c4csc(C)c4,CHEMBL3674789,IC50,7.55
7826635,COc1ccccc1C2N(C(=O)c3n[nH]c(c23)C(C)(C)C)c4ccc(cc4)c5occc5,CHEMBL3684610,IC50,7.55
7826644,Cc1ccc(nc1)N2CCc3ncnc(N[C@H](CCO)c4ccc(C)nc4)c3C2,CHEMBL3643345,IC50,7.55
7826653,CC(C)(C)c1[nH]nc2C(=O)N(C(c3cccnc3OCCO)c12)c4ccc(cc4)c5cocc5,CHEMBL3679892,IC50,7.57
7826662,CC(C)C(=O)C1C(N(C(=O)C1=O)c2ccc(cc2)c3ccsc3)c4ccccc4C#N,CHEMBL3674769,IC50,7.57
7826671,CCCC(CCC)C1C(C(=O)c2ccc(CO)cc2)C(=O)C(=O)N1c3ccc(cc3)c4ccon4,CHEMBL3669699,IC50,7.57
7826680,CCOc1ccccc1C2N(C(=O)c3n[nH]c(c23)C(C)(C)C)c4ccc(cc4)c5ccon5,CHEMBL3679945,IC50,7.57
7826689,COc1cc(F)ccc1C2C(C(=O)CC(C)C)C(=O)C(=O)N2c3ccc(cc3)c4ccsc4,CHEMBL3674844,IC50,7.57
7826698,COc1ccc(cn1)[C@@H](CO)Nc2ncnc3CCN(Cc23)c4ccc(C)cn4,CHEMBL3643344,IC50,7.57
7826707,COc1ccccc1C2N(C(=O)c3n[nH]c(c23)C(C)(C)C)c4ccc(cc4)c5ccc(C)s5,CHEMBL3684669,IC50,7.57
7826716,CC(C)Oc1ccccc1C2C(C(=O)C(C)C)C(=O)C(=O)N2c3ccc(cc3)N4CCCC4,CHEMBL3674961,IC50,7.59
7826725,CC(C)c1[nH]nc2C(=O)N(C(c3cccnc3OCC(=O)N)c12)c4ccc(cc4)c5ccsc5,CHEMBL3679904,IC50,7.59
7826734,COCCOc1ncccc1C2C(C(=O)C3CCCC3)C(=O)C(=O)N2c4ccc(cc4)c5ccsc5,CHEMBL3679783,IC50,7.59
7826743,COc1ccc(F)cc1C2C(C(=O)C(C)C)C(=O)C(=O)N2c3ccc(cc3)c4ccsc4,CHEMBL3674954,IC50,7.59
7826752,CC(C)C(=O)C1C(N(C(=O)C1=O)c2ccc(cc2)c3ccsc3)c4ccccc4OCCN(C)C,CHEMBL3669803,IC50,7.6
7826761,CC(C)C(=O)C1C(N(C(=O)C1=O)c2ccc(cc2)c3oc(C)cc3)c4ccccc4OC(F)F,CHEMBL3674873,IC50,7.6
7826770,COCc1ccccc1C2C(C(=O)C(C)C)C(=O)C(=O)N2c3ccc(cc3)c4ccc(C)s4,CHEMBL3674790,IC50,7.6
7826779,COc1ncccc1C2N(C(=O)c3n[nH]c(c23)C(C)(C)C)c4ccc(nc4)c5cccs5,CHEMBL3684665,IC50,7.6
7826788,CC(C)(C)C(=O)C1C(N(C(=O)C1=O)c2ccc(cc2)c3cccs3)c4cccnc4OCCO,CHEMBL3669814,IC50,7.62
7826797,CC(C)C(=O)C1C(N(C(=O)C1=O)c2ccc(cc2)c3ccc(C)s3)c4ccccc4OCCO,CHEMBL3674782,IC50,7.62
7826806,CC(C)C(=O)C1C(N(C(=O)C1=O)c2ccc(cc2)c3oc(C)cc3)c4ccccc4OC(F)(F)F,CHEMBL3674874,IC50,7.62
7826816,CC(C)N1Cc2c(NCc3cnc4ccccc4c3)nc(nc2C1=O)N5CCN(CC5)C(=O)C,CHEMBL2011125,IC50,7.62
7826826,COCOc1ccccc1C2C(C(=O)C(C)C)C(=O)C(=O)N2c3ccc(cc3)c4cocc4,CHEMBL3674759,IC50,7.62
7826835,COc1ccccc1C2N(C(=O)c3n[nH]c(C4CC4)c23)c5ccc(cc5)c6ccsc6,CHEMBL3679927,IC50,7.62
7826844,COc1ncccc1C2N(C(=O)c3n[nH]c(c23)C(C)(C)C)c4ccc(nc4)c5ccsc5,CHEMBL3684663,IC50,7.62
7826853,COc1ncccc1C2N(C(=O)c3n[nH]c(c23)C(C)(C)CO)c4ccc(cc4)c5cccs5,CHEMBL3679953,IC50,7.62
7826862,Cc1ccc(nc1)N2CCc3ncnc(N[C@H](CCO)c4ccc(nc4)C(F)(F)F)c3C2,CHEMBL3643347,IC50,7.62
7826871,CC(C)C(=O)C1C(N(C(=O)C1=O)c2ccc(cc2)c3csc(C)c3)c4ccccc4OCCO,CHEMBL3674780,IC50,7.64
7826880,CC(C)c1[nH]nc2C(=O)N(C(c3ccccc3NC(=O)C)c12)c4ccc(cc4)c5ccsc5,CHEMBL3679929,IC50,7.64
7826889,COCCOc1ccccc1C2C(C(=O)C(C)C)C(=O)C(=O)N2c3ccc(cc3)c4occc4,CHEMBL3674758,IC50,7.64
7826898,COCCOc1ccccc1C2N(C(=O)c3n[nH]c(c23)C(C)(C)C)c4ccc(SC)cc4,CHEMBL3679877,IC50,7.64
7826907,COc1ccccc1C2C(C(=O)C(C)(C)C)C(=O)C(=O)N2c3ccc(cc3)c4cccs4,CHEMBL3669742,IC50,7.64
7826916,COc1ncccc1C2N(C(=O)c3n[nH]c(c23)C(C)(C)C)c4ccc(cc4)c5ccsc5,CHEMBL3684625,IC50,7.64
7826925,CC(C)Oc1ccccc1C2C(C(=O)C(C)C)C(=O)C(=O)N2c3ccc(cc3)c4ccc(C)s4,CHEMBL3674910,IC50,7.66
7826934,CNC(=O)COc1ccccc1C2C(C(=O)C(C)C)C(=O)C(=O)N2c3ccc(cc3)c4ccsc4,CHEMBL3669827,IC50,7.66
7826943,COCCOc1ccccc1C2N(C(=O)c3n[nH]c(c23)C(C)(C)C)c4ccc(cc4)c5ccon5,CHEMBL3679869,IC50,7.66
7826952,COc1ccccc1C2C(C(=O)C(C)C)C(=O)C(=O)N2c3ccc(cc3)c4cccs4,CHEMBL3669850,IC50,7.66
7826961,COc1ccccc1C2N(C(=O)c3n[nH]c(c23)C(C)(C)CO)c4ccc(cc4)c5nccs5,CHEMBL3684562,IC50,7.66
7826971,CC(C)N1Cc2c(N[C@H](C)c3cnc4ccccc4c3)nc(nc2C1=O)N5CCN(CC5)C(=O)C,CHEMBL2324342,IC50,7.68
7826981,CC(C)Oc1ccccc1C2N(C(=O)c3n[nH]c(c23)C(C)(C)C)c4ccc(cc4)c5ccon5,CHEMBL3679870,IC50,7.68
7826990,COCCOc1ccccc1C2C(C(=O)CC(C)C)C(=O)C(=O)N2c3ccc(cc3)c4ccc(C)s4,CHEMBL3674822,IC50,7.68
7826999,COCCOc1ncccc1C2C(C(=O)CC(C)C)C(=O)C(=O)N2c3ccc(cc3)c4oc(C)cc4,CHEMBL3674875,IC50,7.68
7827008,COc1ccc(cc1)C(=O)C2C(C3CCCCC3)N(C(=O)C2=O)c4ccc(cc4)c5onc(C)n5,CHEMBL3669709,IC50,7.68
7827017,COc1cccc(c1)[C@@H](C)Nc2ncnc3CCN(Cc23)c4ccc(C)cn4,CHEMBL3643332,IC50,7.68
7827026,COc1ncccc1C2N(C(=O)c3n[nH]c(c23)C(C)(C)CO)c4ccc(cc4)c5ccsc5,CHEMBL3679952,IC50,7.68
7827035,COCCOc1ncccc1C2C(C(=O)C(C)C)C(=O)C(=O)N2c3ccc(cc3)c4oc(C)cc4,CHEMBL3674872,IC50,7.7
7827044,COCOc1ccccc1C2C(C(=O)CC(C)C)C(=O)C(=O)N2c3ccc(cc3)c4ccc(C)s4,CHEMBL3674823,IC50,7.7
7827053,COc1ccccc1C2N(C(=O)c3n[nH]c(c23)C(C)(C)C)c4ccc(nc4)c5cocc5,CHEMBL3684650,IC50,7.7
7827062,CC(C)(C)C(=O)C1C(N(C(=O)C1=O)c2ccc(cc2)c3ccsc3)c4cccnc4OCCO,CHEMBL3669809,IC50,7.72
7827071,CC(C)CC(=O)C1C(N(C(=O)C1=O)c2ccc(cc2)c3oc(C)cc3)c4ccccc4OCCO,CHEMBL3674899,IC50,7.72
7827080,CC(C)COc1ccccc1C2C(C(=O)C(C)C)C(=O)C(=O)N2c3ccc(cc3)c4noc(C)n4,CHEMBL3639738,IC50,7.72
7827089,CNC(=O)COc1ncccc1C2C(C(=O)C(C)C)C(=O)C(=O)N2c3ccc(cc3)c4ccsc4,CHEMBL3669837,IC50,7.72
7827098,COCCCOc1ncccc1C2C(C(=O)C(C)C)C(=O)C(=O)N2c3ccc(cc3)c4oc(C)cc4,CHEMBL3679737,IC50,7.72
7827107,COCCOc1cc(F)ccc1C2C(C(=O)C(C)C)C(=O)C(=O)N2c3ccc(cc3)c4cocc4,CHEMBL3674882,IC50,7.72
7827116,COCCOc1ccccc1C2C(C(=O)C(C)C)C(=O)C(=O)N2c3ccc(cc3)c4csc(C)c4,CHEMBL3674785,IC50,7.72
7827125,COCCOc1ncccc1C2C(C(=O)C(C)C)C(=O)C(=O)N2c3ccc(cc3)c4ccsc4,CHEMBL3669812,IC50,7.72
7827134,COc1ccccc1C2N(C(=O)c3n[nH]c(C(C)C)c23)c4ccc(c(F)c4)c5ccsc5,CHEMBL3684637,IC50,7.72
7827143,COc1ccccc1C2N(C(=O)c3n[nH]c(c23)C(C)(C)C)c4ccc(cc4)c5csc(C)c5,CHEMBL3684668,IC50,7.72
7827152,CSc1ccc(cc1)N2C(c3ccccc3OCCO)c4c(n[nH]c4C(C)(C)C)C2=O,CHEMBL3679864,IC50,7.72
7827161,C[C@@H](Nc1ncnc2CCN(Cc12)c3ccc(C)cn3)c4ccc(F)cc4,CHEMBL3643333,IC50,7.72
7827170,CC(C)C(=O)C1C(N(C(=O)C1=O)c2ccc(cc2)c3ccsc3)c4ccccc4OC(F)F,CHEMBL3674819,IC50,7.75
7827179,CC(C)C(=O)C1C(N(C(=O)C1=O)c2ccc(cc2)c3ccsc3)c4cccnc4N5CCOCC5,CHEMBL3679789,IC50,7.75
7827188,CC(C)C(=O)C1C(N(C(=O)C1=O)c2ccc(cc2)c3ccsc3)c4cccnc4OCCCO,CHEMBL3679823,IC50,7.75
7827197,CC(C)CC(=O)C1C(N(C(=O)C1=O)c2ccc(cc2)c3cocc3)c4ccccc4OC(C)C,CHEMBL3674916,IC50,7.75
7827206,CC(C)c1[nH]nc2C(=O)N(C(c3ccccc3CN(C)C)c12)c4ccc(cc4)c5ccsc5,CHEMBL3679928,IC50,7.75
7827215,CN(C)CCOc1ccccc1C2N(C(=O)c3n[nH]c(c23)C(C)(C)C)c4ccc(cc4)c5ccsc5,CHEMBL3679882,IC50,7.75
7827224,COCOc1ccccc1C2C(C(=O)C(C)C)C(=O)C(=O)N2c3ccc(cc3)c4occc4,CHEMBL3674757,IC50,7.75
7827233,COc1cc(F)ccc1C2C(C(=O)C(C)C)C(=O)C(=O)N2c3ccc(cc3)c4ccsc4,CHEMBL3674843,IC50,7.75
7827242,COc1ccccc1C2N(C(=O)c3n[nH]c(c23)C(C)(C)C)c4ccc(cn4)c5cccs5,CHEMBL3684653,IC50,7.75
7827251,CC(C)(C)c1[nH]nc2C(=O)N(C(c3ccccc3OCCO)c12)c4ccc(cc4)c5nccs5,CHEMBL3679865,IC50,7.77
7827260,CC(C)(C)c1[nH]nc2C(=O)N(C(c3cccnc3OCCO)c12)c4ccc(cc4)c5occc5,CHEMBL3679894,IC50,7.77
7827269,CC(C)C(=O)C1C(N(C(=O)C1=O)c2ccc(cc2)c3noc(C)n3)c4ccccc4OC5CCCC5,CHEMBL3679769,IC50,7.77
7827278,CCOC(=O)c1ccc(cc1)N2C(c3ccccc3OC)c4c(n[nH]c4C(C)(C)C)C2=O,CHEMBL3679906,IC50,7.77
7827287,CNC(=O)COc1ccccc1C2C(C(=O)C(C)(C)C)C(=O)C(=O)N2c3ccc(cc3)c4ccsc4,CHEMBL3669793,IC50,7.77
7827296,COCCCOc1ccccc1C2C(C(=O)CC(C)C)C(=O)C(=O)N2c3ccc(cc3)c4ccsc4,CHEMBL3679756,IC50,7.77
7827305,COCCOc1ccccc1C2C(C(=O)CC(C)C)C(=O)C(=O)N2c3ccc(cc3)c4ccsc4,CHEMBL3674775,IC50,7.77
7827314,COc1ccccc1C2N(C(=O)c3n[nH]c(C(C)C)c23)c4ccc(c(OC)c4)c5ccsc5,CHEMBL3684634,IC50,7.77
7827323,COc1ccccc1C2N(C(=O)c3n[nH]c(c23)C(C)(C)C)c4ccc(cc4)c5ccsc5,CHEMBL3684611,IC50,7.77
7827332,C[C@@H](Nc1ncnc2CCN(Cc12)c3ccc(C)cn3)c4cnc(C)nc4,CHEMBL3643348,IC50,7.77
7827341,CC(C)(C)C(=O)C1C(N(C(=O)C1=O)c2ccc(cc2)c3cccs3)c4ccccc4OCCO,CHEMBL3669743,IC50,7.8
7827350,CC(C)c1[nH]nc2C(=O)N(C(c3ccccc3OCCN(C)C)c12)c4ccc(cc4)c5ccsc5,CHEMBL3679922,IC50,7.8
7827359,CC(C)c1[nH]nc2C(=O)N(C(c3cccnc3OCCO)c12)c4ccc(cc4)c5ccsc5,CHEMBL3679896,IC50,7.8
7827368,COCCOc1cc(F)ccc1C2C(C(=O)CC(C)C)C(=O)C(=O)N2c3ccc(cc3)c4cocc4,CHEMBL3674883,IC50,7.8
7827377,COCCOc1ncccc1C2C(C(=O)C(C)(C)C)C(=O)C(=O)N2c3ccc(cc3)c4ccsc4,CHEMBL3669785,IC50,7.8
7827386,COCOc1ccccc1C2C(C(=O)C(C)C)C(=O)C(=O)N2c3ccc(cc3)c4csc(C)c4,CHEMBL3674786,IC50,7.8
7827395,COc1ccccc1C2C(C(=O)C(C)(C)C)C(=O)C(=O)N2c3ccc(cc3)c4ccsc4,CHEMBL3669741,IC50,7.8
7827404,COc1ccccc1C2C(C(=O)C(C)C)C(=O)C(=O)N2c3ccc(cc3)c4ccsc4,CHEMBL3669804,IC50,7.8
7827413,COc1ccccc1C2N(C(=O)c3n[nH]c(c23)C(C)(C)CO)c4ccc(cc4)c5cc[nH]c5,CHEMBL3684631,IC50,7.8
7827422,COc1ccccc1[C@@H]2C(C(=O)CC(C)C)C(=O)C(=O)N2c3ccc(cc3)c4ccsc4,CHEMBL3674800,IC50,7.8
7827431,C[S+]([O-])CCOc1ccccc1C2C(C(=O)C(C)(C)C)C(=O)C(=O)N2c3ccc(cc3)c4ccsc4,CHEMBL3669791,IC50,7.8
7827440,CC(C)(C)c1[nH]nc2C(=O)N(C(c3ccccc3OCC#N)c12)c4ccc(cc4)c5ccon5,CHEMBL3679951,IC50,7.82
7827449,CN(C)CCOc1ccccc1C2C(C(=O)C(C)(C)C)C(=O)C(=O)N2c3ccc(cc3)c4ccsc4,CHEMBL3669783,IC50,7.82
7827458,COCCOc1ccccc1C2N(C(=O)c3n[nH]c(c23)C(C)(C)C)c4ccc(cc4)c5noc(C)n5,CHEMBL3679876,IC50,7.82
7827467,COCCOc1ncccc1C2C(C(=O)C(C)(C)C)C(=O)C(=O)N2c3ccc(cc3)c4cccs4,CHEMBL3669795,IC50,7.82
7827476,COCCOc1ncccc1C2C(C(=O)C(C)C)C(=O)C(=O)N2c3ccc(cc3)c4cccs4,CHEMBL3639736,IC50,7.82
7827485,COCCc1ccccc1C2C(C(=O)C(C)C)C(=O)C(=O)N2c3ccc(cc3)c4ccsc4,CHEMBL3674771,IC50,7.82
7827494,COCc1ccccc1[C@@H]2C(C(=O)C(C)C)C(=O)C(=O)N2c3ccc(cc3)c4ccc(C)s4,CHEMBL3674903,IC50,7.82
7827503,COc1ccc(cc1)C(=O)C2C(N(C(=O)C2=O)c3nc4ccc(OC)cc4s3)c5ccccc5OCCO,CHEMBL3669774,IC50,7.82
7827512,COc1ccccc1C2N(C(=O)c3n[nH]c(c23)C(C)(C)CO)c4ccc(cc4)c5occc5,CHEMBL3684619,IC50,7.82
7827521,C[C@@H](Nc1ncnc2CCN(Cc12)c3ccc(C)cn3)c4ccc(nc4)C(F)(F)F,CHEMBL3643334,IC50,7.82
7827530,CC(C)C(=O)C1C(N(C(=O)C1=O)c2ccc(cc2)c3ccsc3)c4ccccc4OCC(=O)N,CHEMBL3669828,IC50,7.85
7827539,CC(C)C(=O)C1C(N(C(=O)C1=O)c2ccc(cc2)c3ccsc3)c4cccnc4OCC(=O)N,CHEMBL3669838,IC50,7.85
7827548,CC(C)CC(=O)C1C(N(C(=O)C1=O)c2ccc(cc2)c3oc(C)cc3)c4ccccc4OC(C)C,CHEMBL3674908,IC50,7.85
7827557,CCC(CC)C1C(C(=O)c2ccc(cc2)C(=O)NCCO)C(=O)C(=O)N1c3ccc(cc3)c4ccon4,CHEMBL3669701,IC50,7.85
7827566,COC(=O)COc1ccccc1C2N(C(=O)c3n[nH]c(c23)C(C)(C)C)c4ccc(cc4)c5ccon5,CHEMBL3679879,IC50,7.85
7827575,COCCOc1ccccc1[C@@H]2C(C(=O)C(C)C)C(=O)C(=O)N2c3ccc(cc3)c4cocc4,CHEMBL3669844,IC50,7.85
7827584,COCCOc1ncccc1C2C(C(=O)C(C)C)C(=O)C(=O)N2c3ccc(cc3)c4ccc(C)s4,CHEMBL3674791,IC50,7.85
7827593,COCCOc1ncccc1C2N(C(=O)c3n[nH]c(c23)C(C)(C)C)c4ccc(cc4)c5cocc5,CHEMBL3679889,IC50,7.85
7827602,COCOc1ccccc1C2C(C(=O)C(C)C)C(=O)C(=O)N2c3ccc(cc3)c4ccc(C)s4,CHEMBL3674788,IC50,7.85
7827611,COCc1ccccc1[C@@H]2C(C(=O)C(C)C)C(=O)C(=O)N2c3ccc(cc3)c4csc(C)c4,CHEMBL3674957,IC50,7.85
7827620,COc1ccc(cc1)C(=O)C2C(C3CCCCC3)N(C(=O)C2=O)c4nc5ccc(OC)cc5s4,CHEMBL3669702,IC50,7.85
7827629,COc1ccccc1C2N(C(=O)c3n[nH]c(c23)C(C)(C)CO)c4ccc(cc4)c5cocc5,CHEMBL3684623,IC50,7.85
7827638,CC(C)(C)C(=O)C1C(N(C(=O)C1=O)c2ccc(cc2)c3ccsc3)c4ccccc4OCCO,CHEMBL3669739,IC50,7.89
7827647,CC(C)(C)c1[nH]nc2C(=O)N(C(c3ccccc3OCCO)c12)c4ccc(cc4)c5occc5,CHEMBL3679948,IC50,7.89
7827656,CC(C)C(=O)C1C(N(C(=O)C1=O)c2ccc(cc2)c3ccsc3)c4ccccc4OCCO,CHEMBL3669805,IC50,7.89
7827665,CC(C)C(=O)C1C(N(C(=O)C1=O)c2ccc(cc2)c3ccsc3)c4ccccc4OCC[S+](C)[O-],CHEMBL3669810,IC50,7.89
7827674,CC(C)CC(=O)C1C(N(C(=O)C1=O)c2ccc(cc2)c3ccsc3)c4ccccc4OCCCO,CHEMBL3674881,IC50,7.89
7827683,CC(C)COc1ccccc1C2C(C(=O)C(C)C)C(=O)C(=O)N2c3ccc(cc3)c4ccsc4,CHEMBL3674952,IC50,7.89
7827692,CCOc1ncccc1C2C(C(=O)C(C)C)C(=O)C(=O)N2c3ccc(cc3)c4ccsc4,CHEMBL3674944,IC50,7.89
7827701,COCCCOc1ncccc1C2C(C(=O)C(C)C)C(=O)C(=O)N2c3ccc(cc3)c4ccsc4,CHEMBL3679824,IC50,7.89
7827710,COCCOc1ccccc1C2C(C(=O)C(C)(C)C)C(=O)C(=O)N2c3ccc(cc3)c4cccs4,CHEMBL3669771,IC50,7.89
7827719,COCCOc1ncccc1C2N(C(=O)c3n[nH]c(C(C)C)c23)c4ccc(cc4)c5ccsc5,CHEMBL3684671,IC50,7.89
7827728,COCc1ccccc1C2C(C(=O)C(C)C)C(=O)C(=O)N2c3ccc(cc3)c4cccs4,CHEMBL3669851,IC50,7.89
7827737,COCc1ccccc1C2C(C(=O)C(C)C)C(=O)C(=O)N2c3ccc(cc3)c4ccsc4,CHEMBL3669825,IC50,7.89
7827746,COc1ccccc1C2N(C(=O)c3n[nH]c(c23)C(C)(C)C)c4ccc(cn4)c5ccsc5,CHEMBL3684647,IC50,7.89
7827755,CC(C)C(=O)C1C(N(C(=O)C1=O)c2ccc(cc2)c3cccs3)c4ccccc4OCCO,CHEMBL3674751,IC50,7.92
7827764,CC(C)C(=O)C1C(N(C(=O)C1=O)c2ccc(cc2)c3ccsc3)c4ccccc4OCc5nnn[nH]5,CHEMBL3669853,IC50,7.92
7827773,CC(C)C(=O)C1C(N(C(=O)C1=O)c2ccc(cc2)c3csc(C)c3)c4ccccc4OCC5OCCO5,CHEMBL3679766,IC50,7.92
7827782,CC(C)CC(=O)C1C(N(C(=O)C1=O)c2ccc(cc2)c3ccsc3)c4ccccc4OC(C)C,CHEMBL3674812,IC50,7.92
7827791,CC(C)c1[nH]nc2C(=O)N(C(c3ccccc3OCC(C)(C)O)c12)c4ccc(cc4)c5ccsc5,CHEMBL3684594,IC50,7.92
7827800,CCNC(=O)c1ccc(cc1)C(=O)C2C(C(CC)CC)N(C(=O)C2=O)c3ccc(cc3)c4ccon4,CHEMBL3669697,IC50,7.92
7827809,COC(=O)COc1ccccc1C2C(C(=O)C(C)(C)C)C(=O)C(=O)N2c3ccc(cc3)c4cccs4,CHEMBL3669762,IC50,7.92
7827818,COC(=O)COc1ccccc1C2C(C(=O)C(C)(C)C)C(=O)C(=O)N2c3ccc(cc3)c4ccsc4,CHEMBL3669763,IC50,7.92
7827827,COC(=O)Nc1ccccc1C2N(C(=O)c3n[nH]c(C(C)C)c23)c4ccc(cc4)c5ccsc5,CHEMBL3679939,IC50,7.92
7827836,COCCOc1ccccc1C2C(C(=O)C(C)C)C(=O)C(=O)N2c3ccc(cc3)c4cccs4,CHEMBL3674754,IC50,7.92
7827845,COCCOc1ccccc1C2N(C(=O)c3n[nH]c(c23)C(C)(C)C)c4ccc(cc4)c5cccs5,CHEMBL3684543,IC50,7.92
7827854,COc1ccc(cc1)C(=O)C2C(C3CCCCC3)N(C(=O)C2=O)c4ccc(cc4)c5cocc5,CHEMBL3669722,IC50,7.92
7827863,COc1ccc(cc1)C(=O)C2C(C3CCCCC3)N(C(=O)C2=O)c4ccc(cc4)c5occc5,CHEMBL3639685,IC50,7.92
7827872,C[S+]([O-])CCOc1ccccc1C2N(C(=O)c3n[nH]c(c23)C(C)(C)C)c4ccc(cc4)c5ccsc5,CHEMBL3679920,IC50,7.92
7827881,CC(C)c1[nH]nc2C(=O)N(C(c3ccccc3OCC(=N)NO)c12)c4ccc(cc4)c5ccsc5,CHEMBL3684595,IC50,7.96
7827890,CC(C)c1[nH]nc2C(=O)N(C(c3ccccc3OCC(=O)O)c12)c4ccc(cc4)c5ccsc5,CHEMBL3679898,IC50,7.96
7827899,CC(C)c1[nH]nc2C(=O)N(C(c3ccccc3OCC[S+](C)[O-])c12)c4ccc(cc4)c5ccsc5,CHEMBL3679924,IC50,7.96
7827908,CNC(=O)COc1ccccc1C2N(C(=O)c3n[nH]c(C(C)C)c23)c4ccc(cc4)c5ccsc5,CHEMBL3679900,IC50,7.96
7827917,COCCOc1ccccc1C2C(C(=O)C(C)(C)C)C(=O)C(=O)N2c3ccc(cc3)c4ccsc4,CHEMBL3669772,IC50,7.96
7827926,COCCOc1ccccc1C2N(C(=O)c3n[nH]c(c23)C(C)(C)C)c4ccc(cc4)c5ccsc5,CHEMBL3684544,IC50,7.96
7827935,COCc1ccccc1[C@@H]2C(C(=O)C(C)C)C(=O)C(=O)N2c3ccc(cc3)c4cccs4,CHEMBL3674904,IC50,7.96
7827944,COc1ccccc1C2N(C(=O)c3[nH]nc(c23)C(C)(C)C(=O)N(C)C)c4ccc(cc4)c5ccsc5,CHEMBL3684584,IC50,7.96
7827953,COc1ccccc1C2N(C(=O)c3n[nH]c(C(C)C)c23)c4ccc(cc4)c5ccsc5,CHEMBL3679923,IC50,7.96
7827962,COc1ccccc1C2N(C(=O)c3n[nH]c(c23)C(C)(C)C)c4ccc(cc4)c5cccs5,CHEMBL3684618,IC50,7.96
7827971,COc1ccccc1C2N(C(=O)c3n[nH]c(c23)C(C)(C)CO)c4ccc(cn4)c5cccs5,CHEMBL3684660,IC50,7.96
7827980,CC(C)(C)c1[nH]nc2C(=O)N(C(c3cccnc3OCCO)c12)c4ccc(cc4)c5cccs5,CHEMBL3679893,IC50,8.0
7827989,CC(C)OCc1ccccc1C2C(C(=O)C(C)C)C(=O)C(=O)N2c3ccc(cc3)c4ccsc4,CHEMBL3679803,IC50,8.0
7827998,CC(C)Oc1ncccc1C2C(C(=O)C(C)C)C(=O)C(=O)N2c3ccc(cc3)c4oc(C)cc4,CHEMBL3679745,IC50,8.0
7828007,CC(C)c1[nH]nc2C(=O)N(C(c3ccccc3OCCNC(=O)C)c12)c4ccc(cc4)c5ccsc5,CHEMBL3684588,IC50,8.0
7828016,COCCOc1ccccc1C2N(C(=O)c3n[nH]c(c23)C(C)(C)C)c4ccc(cc4)c5cocc5,CHEMBL3684551,IC50,8.0
7828025,COCOc1ccccc1C2C(C(=O)CC(C)C)C(=O)C(=O)N2c3ccc(cc3)c4ccsc4,CHEMBL3674773,IC50,8.0
7828034,COCc1ccccc1C2C(C(=O)CC(C)C)C(=O)C(=O)N2c3ccc(cc3)c4ccsc4,CHEMBL3674776,IC50,8.0
7828043,CC(C)c1[nH]nc2C(=O)N(C(c3ccccc3NC(=O)N)c12)c4ccc(cc4)c5ccsc5,CHEMBL3679931,IC50,8.05
7828052,COC(=O)COc1ccccc1C2N(C(=O)c3n[nH]c(c23)C(C)(C)C)c4ccc(cc4)c5cccs5,CHEMBL3679872,IC50,8.05
7828061,COCCOc1cc(F)ccc1C2C(C(=O)CC(C)C)C(=O)C(=O)N2c3ccc(cc3)c4ccsc4,CHEMBL3674879,IC50,8.05
7828070,CC(C)(C)C(=O)C1C(N(C(=O)C1=O)c2ccc(cc2)c3ccsc3)c4ccccc4OCC(=O)N,CHEMBL3669797,IC50,8.1
7828079,CC(C)(C)c1[nH]nc2C(=O)N(C(c3ccccc3OCCO)c12)c4ccc(cc4)c5cocc5,CHEMBL3684550,IC50,8.1
7828088,CC(C)CC(=O)C1C(N(C(=O)C1=O)c2ccc(cc2)c3ccsc3)c4ccccc4OCC(CO)CO,CHEMBL3679764,IC50,8.1
7828097,CC(C)Oc1ccccc1C2C(C(=O)C(C)C)C(=O)C(=O)N2c3ccc(cc3)c4ccsc4,CHEMBL3674817,IC50,8.1
7828106,CCOCOc1ccccc1C2C(C(=O)C(C)C)C(=O)C(=O)N2c3ccc(cc3)c4ccsc4,CHEMBL3679805,IC50,8.1
7828115,COC(=O)COc1ccccc1C2N(C(=O)c3n[nH]c(c23)C(C)(C)C)c4ccc(cc4)c5ccsc5,CHEMBL3679871,IC50,8.1
7828124,COCCOc1ccccc1C2C(C(=O)C(C)C)C(=O)C(=O)N2c3ccc(cc3)c4ccc(C)s4,CHEMBL3674787,IC50,8.1
7828133,COCCOc1ccccc1C2N(C(=O)c3n[nH]c(c23)C(C)(C)C)c4ccc(cc4)c5occc5,CHEMBL3679878,IC50,8.1
7828142,COCCOc1ncccc1C2N(C(=O)c3n[nH]c(c23)C(C)(C)C)c4ccc(cc4)c5occc5,CHEMBL3679888,IC50,8.1
7828151,COCOc1ccccc1C2C(C(=O)C(C)C)C(=O)C(=O)N2c3ccc(cc3)c4cccs4,CHEMBL3674755,IC50,8.1
7828160,COCc1ccccc1[C@@H]2C(C(=O)C(C)C)C(=O)C(=O)N2c3ccc(cc3)c4ccsc4,CHEMBL3674779,IC50,8.1
7828169,COc1ccccc1C2N(C(=O)c3n[nH]c(c23)C(C)(C)CO)c4ccc(cn4)c5ccsc5,CHEMBL3684649,IC50,8.1
7828178,COc1ccccc1[C@@H]2C(C(=O)C(C)C)C(=O)C(=O)N2c3ccc(cc3)c4ccsc4,CHEMBL3669843,IC50,8.1
7828187,CSc1ccccc1C2C(C(=O)C(C)C)C(=O)C(=O)N2c3ccc(cc3)c4ccsc4,CHEMBL3679818,IC50,8.1
7828196,CC(C)(C)c1[nH]nc2C(=O)N(C(c3ccccc3OCCNS(=O)(=O)C)c12)c4ccc(cc4)c5ccsc5,CHEMBL3684583,IC50,8.16
7828205,CC(C)C(=O)C1C(N(C(=O)C1=O)c2ccc(cc2)c3ccsc3)c4ccccc4OCCCO,CHEMBL3674933,IC50,8.16
7828214,CC(C)Oc1ccccc1C2C(C(=O)C(C)C)C(=O)C(=O)N2c3ccc(cc3)c4oc(C)cc4,CHEMBL3674906,IC50,8.16
7828223,CC(C)c1[nH]nc2C(=O)N(C(c3ccccc3OCC(=O)N)c12)c4ccc(cc4)c5ccsc5,CHEMBL3679901,IC50,8.16
7828232,CN(C)C(=O)COc1ccccc1C2N(C(=O)c3n[nH]c(c23)C(C)(C)C)c4ccc(cc4)c5ccsc5,CHEMBL3684578,IC50,8.16
7828241,COCCOc1cc(F)ccc1C2C(C(=O)C(C)C)C(=O)C(=O)N2c3ccc(cc3)c4ccsc4,CHEMBL3674878,IC50,8.16
7828250,COCCOc1ccccc1C2C(C(=O)C(C)C)C(=O)C(=O)N2c3ccc(cc3)c4ccsc4,CHEMBL3639686,IC50,8.16
7828259,COCCOc1ccccc1C2C(C(=O)CC(C)C)C(=O)C(=O)N2c3ccc(cc3)c4oc(C)cc4,CHEMBL3674896,IC50,8.16
7828268,COCCOc1ccccc1[C@@H]2C(C(=O)C(C)C)C(=O)C(=O)N2c3ccc(cc3)c4ccc(C)s4,CHEMBL3674967,IC50,8.16
7828277,COCCOc1ncccc1[C@@H]2C(C(=O)C(C)C)C(=O)C(=O)N2c3ccc(cc3)c4ccc(C)s4,CHEMBL3679738,IC50,8.16
7828286,COCc1ccccc1C2C(C(=O)CC(C)C)C(=O)C(=O)N2c3ccc(cc3)c4oc(C)cc4,CHEMBL3674895,IC50,8.16
7828295,COCc1ccccc1[C@@H]2C(C(=O)CC(C)C)C(=O)C(=O)N2c3ccc(cc3)c4ccsc4,CHEMBL3674871,IC50,8.16
7828304,COc1ccccc1C2N(C(=O)c3n[nH]c(c23)C(C)(CO)CO)c4ccc(cc4)c5ccsc5,CHEMBL3684662,IC50,8.16
7828313,CC(C)C(=O)C1C(N(C(=O)C1=O)c2ccc(cc2)c3ccsc3)c4ccccc4N5CCOCC5,CHEMBL3674946,IC50,8.22
7828322,CC(C)C(=O)C1C(N(C(=O)C1=O)c2ccc(cc2)c3ccsc3)c4ccccc4OCC(CO)CO,CHEMBL3674958,IC50,8.22
7828331,CC(C)c1[nH]nc2C(=O)N(C(c3ccccc3OCCS(=O)(=O)C)c12)c4ccc(cc4)c5ccsc5,CHEMBL3684644,IC50,8.22
7828340,COCCCOc1ccccc1C2C(C(=O)C(C)C)C(=O)C(=O)N2c3ccc(cc3)c4ccsc4,CHEMBL3679755,IC50,8.22
7828349,COCCOc1ccccc1[C@@H]2C(C(=O)C(C)C)C(=O)C(=O)N2c3ccc(cc3)c4ccsc4,CHEMBL3674750,IC50,8.22
7828358,COCCOc1ncccc1C2N(C(=O)c3n[nH]c(c23)C(C)(C)C)c4ccc(cc4)c5cccs5,CHEMBL3679886,IC50,8.22
7828367,COCCOc1ncccc1C2N(C(=O)c3n[nH]c(c23)C(C)(C)C)c4ccc(cc4)c5ccsc5,CHEMBL3679883,IC50,8.22
7828376,COCCOc1ncccc1[C@@H]2C(C(=O)C(C)C)C(=O)C(=O)N2c3ccc(cc3)c4ccsc4,CHEMBL3674905,IC50,8.22
7828385,COCOc1ccccc1C2C(C(=O)C(C)C)C(=O)C(=O)N2c3ccc(cc3)c4ccsc4,CHEMBL3669849,IC50,8.22
7828394,COCOc1ccccc1C2C(C(=O)CC(C)C)C(=O)C(=O)N2c3ccc(cc3)c4oc(C)cc4,CHEMBL3674897,IC50,8.22
7828403,CC(C)(C)C(=O)C1C(N(C(=O)C1=O)c2ccc(cc2)c3ccsc3)c4ccccc4OCC#N,CHEMBL3669820,IC50,8.3
7828412,CC(C)(C)c1[nH]nc2C(=O)N(C(c3cccnc3OCCO)c12)c4ccc(cc4)c5ccsc5,CHEMBL3679890,IC50,8.3
7828421,CC(C)C(=O)C1C(N(C(=O)C1=O)c2ccc(cc2)c3ccsc3)c4ccccc4OCC(=N)NO,CHEMBL3674748,IC50,8.3
7828430,CC(C)C(=O)C1C(N(C(=O)C1=O)c2ccc(cc2)c3ccsc3)c4ccccc4OCC5OCCO5,CHEMBL3679812,IC50,8.3
7828439,CC(C)CC(=O)C1C(N(C(=O)C1=O)c2ccc(cc2)c3ccsc3)c4ccccc4N5CCOCC5,CHEMBL3674945,IC50,8.3
7828448,CC(C)c1[nH]nc2C(=O)N(C(c3ccccc3OC(CO)CO)c12)c4ccc(cc4)c5ccsc5,CHEMBL3684635,IC50,8.3
7828457,CC(C)c1[nH]nc2C(=O)N(C(c3ccccc3OCC(=O)NN)c12)c4ccc(cc4)c5ccsc5,CHEMBL3679902,IC50,8.3
7828466,CNC(=O)COc1ccccc1C2N(C(=O)c3n[nH]c(c23)C(C)(C)C)c4ccc(cc4)c5ccsc5,CHEMBL3684579,IC50,8.3
7828475,COc1ccccc1C2N(C(=O)c3n[nH]c(c23)C(C)(C)CO)c4ccc(cc4)c5cccs5,CHEMBL3684622,IC50,8.3
7828484,CC(C)(C)c1[nH]nc2C(=O)N(C(c3ccccc3OCC#N)c12)c4ccc(cc4)c5ccsc5,CHEMBL3684585,IC50,8.4
7828493,CC(C)(C)c1[nH]nc2C(=O)N(C(c3ccccc3OCC(=O)N)c12)c4ccc(cc4)c5ccsc5,CHEMBL3684581,IC50,8.4
7828502,CC(C)(C)c1[nH]nc2C(=O)N(C(c3ccccc3OCC(=O)O)c12)c4ccc(cc4)c5cccs5,CHEMBL3679873,IC50,8.4
7828511,CC(C)(C)c1[nH]nc2C(=O)N(C(c3ccccc3OCC(=O)O)c12)c4ccc(cc4)c5ccsc5,CHEMBL3679874,IC50,8.4
7828520,CC(C)(C)c1[nH]nc2C(=O)N(C(c3ccccc3OCCO)c12)c4ccc(cc4)c5cccs5,CHEMBL3679863,IC50,8.4
7828529,CC(C)C(=O)C1C(N(C(=O)C1=O)c2ccc(cc2)c3ccsc3)c4ccccc4OCC#N,CHEMBL3669822,IC50,8.4
7828538,CC(C)C(=O)C1C(N(C(=O)C1=O)c2ccc(cc2)c3oc(C)cc3)c4ccccc4N5CCOCC5,CHEMBL3679752,IC50,8.4
7828547,CC(C)c1[nH]nc2C(=O)N(C(c3ccccc3NS(=O)(=O)C)c12)c4ccc(cc4)c5ccsc5,CHEMBL3679932,IC50,8.4
7828556,CC(C)c1[nH]nc2C(=O)N(C(c3ccccc3OCC#N)c12)c4ccc(cc4)c5ccsc5,CHEMBL3684553,IC50,8.4
7828565,COCCOc1ccccc1C2N(C(=O)c3n[nH]c(c23)C(C)(C)CO)c4ccc(cc4)c5ccsc5,CHEMBL3684555,IC50,8.4
7828574,CC(C)(C)c1[nH]nc2C(=O)N(C(c3ccccc3OCCO)c12)c4ccc(cc4)c5ccsc5,CHEMBL3679947,IC50,8.52
7828583,CC(C)(C)c1[nH]nc2C(=O)N(C(c3ccccc3OCc4nnn[nH]4)c12)c5ccc(cc5)c6ccsc6,CHEMBL3684586,IC50,8.52
7828592,CC(C)c1[nH]nc2C(=O)N(C(c3ccccc3OCc4nnn[nH]4)c12)c5ccc(cc5)c6ccsc6,CHEMBL3684587,IC50,8.52
7828601,COc1ccccc1C2N(C(=O)c3n[nH]c(c23)C(C)(C)C)c4ccc(nc4)c5cccs5,CHEMBL3684652,IC50,8.52
7828610,COc1ccccc1C2N(C(=O)c3n[nH]c(c23)C(C)(C)CO)c4ccc(cc4)c5ccsc5,CHEMBL3684621,IC50,8.52
7828619,CC(C)c1[nH]nc2C(=O)N(C(c3ccccc3C(=O)N(C)C)c12)c4ccc(cc4)c5ccsc5,CHEMBL3679937,IC50,8.7
7828628,CC(C)c1[nH]nc2C(=O)N(C(c3ccccc3C(=O)N)c12)c4ccc(cc4)c5ccsc5,CHEMBL3679934,IC50,8.7
7828637,CC(C)c1[nH]nc2C(=O)N(C(c3ccccc3C(=O)NCCO)c12)c4ccc(cc4)c5ccsc5,CHEMBL3679935,IC50,8.7
7828646,CNC(=O)c1ccccc1C2N(C(=O)c3n[nH]c(C(C)C)c23)c4ccc(cc4)c5ccsc5,CHEMBL3679936,IC50,8.7
7828655,COc1ccccc1C2N(C(=O)c3n[nH]c(c23)C(C)(C)C)c4ccc(nc4)c5ccsc5,CHEMBL3684651,IC50,8.7
