id,smiles,name,assay_type,activity_value
1718498,Fc1ccc(cc1)[C@@H]2CCNC[C@H]2COc3ccc4OCOc4c3,paroxetine,IC50,5.33
3181648,NC1=NC=NC2=C1N=CN2[C@@H]1O[C@H](COP(O)(=O)OP(O)(=O)OP(O)(O)=O)[C@@H](O)[C@H]1O,adenosine triphosphate,EC50,6.30000019
3181682,CCCN(CCC)C(=O)N1c2ccccc2C=Cc3ccccc13,CHEMBL3103375,IC50,5.11
8568579,O=C(OCc1ccccc1)N2c3ccccc3C=Cc4ccccc24,CHEMBL3103401,IC50,5.22
3181671,CC(C)N(C(C)C)C(=O)N1c2ccccc2C=Cc3ccccc13,CHEMBL3103385,IC50,5.46
8568594,O=C(OCc1ccccc1)N2c3ccccc3Oc4ccccc24,CHEMBL2180137,IC50,6.72
8568605,Nc1ncnc2c1ncn2[C@@H]3O[C@H](COP(=O)(O)OP(=O)(O)OP(=O)(O)O)[C@H]4OC5(O[C@@H]34)C(=CC(=[N+]([O-])[O-])C=C5[N+](=O)[O-])[N+](=O)[O-],CHEMBL1163419,Ki,7.31
