id,smiles,name,assay_type,activity_value
3181638,CC1=NC=C(COP(O)(O)=O)C(C=O)=C1O,pyridoxal phosphate,IC50,5.0
3181648,NC1=NC=NC2=C1N=CN2[C@@H]1O[C@H](COP(O)(=O)OP(O)(=O)OP(O)(O)=O)[C@@H](O)[C@H]1O,adenosine triphosphate,EC50,7.25
3181660,Cc1ncc(COP(=O)(O)O)c(C=O)c1O,CHEMBL82202,IC50,5.0
3181671,CC(C)N(C(C)C)C(=O)N1c2ccccc2C=Cc3ccccc13,CHEMBL3103385,IC50,5.27
3181682,CCCN(CCC)C(=O)N1c2ccccc2C=Cc3ccccc13,CHEMBL3103375,IC50,5.34
3181693,CC(C)(C)CN1CCC2(CC1)CN(c3ccccc3NC(=O)Nc4ccc(OC(F)(F)F)cc4)c5ccccc25,CHEMBL3104636,IC50,5.8
3181704,CNc1ncnc2c1ncn2[C@H]3C[C@H](OP(=O)(O)O)[C@@H](COP(=O)(O)O)O3,CHEMBL129841,IC50,5.94
3181715,CC(C)(C)CN1CCC2(CC1)CN(c3ccccc3NC(=O)Nc4nc5ccc(Cl)nc5s4)c6c(O)ccc(Cl)c26,CHEMBL3263056,IC50,6.75
