id,smiles,name,assay_type,activity_value
43736,CCOC(=O)C1=CC=C(N)C=C1,benzocaine,N/A,N/A
43748,CCCN1CCCC[C@H]1C(=O)NC1=C(C)C=CC=C1C,ropivacaine,N/A,N/A
43757,CN(C)CCOC(C1=CC=CC=C1)C1=C(C)C=CC=C1,orphenadrine,IC50,5.2007
43768,CCCCOC1=C(N)C=CC(=C1)C(=O)OCCN(CC)CC,oxybuprocaine,N/A,N/A
43778,CCCOC1=C(N)C=C(C=C1)C(=O)OCCN(CC)CC,proparacaine,N/A,N/A
43787,CCN(CC)CCOC(=O)C1=CC=C(N)C=C1,procaine,N/A,N/A
43796,CCCCOC1=CC=C(C=C1)C(=O)CCN1CCCCC1,dyclonine,N/A,N/A
43805,CCCCOC1=NC2=CC=CC=C2C(=C1)C(=O)NCCN(CC)CC,cinchocaine,N/A,N/A
43815,CCN(CC)CCOC(=O)C1=C(Cl)C=C(N)C=C1,chloroprocaine,N/A,N/A
43824,CCN(CC)CC(=O)NC1=C(C)C=CC=C1C,lidocaine,IC50,4.0
43834,CC(N)COC1=C(C)C=CC=C1C,mexiletine,IC50,4.25
43844,CCN1C(=O)NC(C1=O)C1=CC=CC=C1,ethotoin,N/A,N/A
43853,NC1=NC(N)=C(C=C1)\N=N\C1=CC=CC=C1,phenazopyridine,N/A,N/A
43862,CCC1(NC(=O)N(C)C1=O)C1=CC=CC=C1,mephenytoin,N/A,N/A
43871,NC(=O)C1=CN(CC2=C(F)C=CC=C2F)N=N1,rufinamide,N/A,N/A
43880,NC1=NN=C(C(N)=N1)C1=C(Cl)C(Cl)=CC=C1,lamotrigine,IC50,4.02
43891,CC(=O)O[C@H]1CC2=C(C=CC=C2)N(C(N)=O)C2=CC=CC=C12,eslicarbazepine acetate,N/A,N/A
43901,CCN(CC)CCNC(=O)C1=CC=C(N)C=C1,procainamide,N/A,N/A
43910,CC(N)C(=O)NC1=C(C)C=CC=C1C,tocainide,N/A,N/A
43965,CC(C)CCC[C@@](C)(O)[C@H]1CC[C@H]2[C@@H]3C[C@H](O[C@@H]4O[C@H](C)[C@@H](O)[C@H](O[C@@H]5OC[C@@H](O[C@@H]6O[C@H](C)[C@@H](O[C@@H]7OC[C@H](O)[C@H](O)[C@H]7O)[C@H](O)[C@H]6O[C@@H]8O[C@H](C)[C@H](O)[C@H](O)[C@H]8O)[C@H](O)[C@H]5O[C@@H]9O[C@H](C)[C@@H](O)[C@H](O)[C@H]9O)[C@H]4O)[C@H]%10C[C@H](CC[C@]%10(C)C3=CC[C@]12C)OS(=O)(=O)O,CHEMBL1162028,IC50,5.05
43976,COc1ccc(Cl)cc1c2ccc(NC(=O)c3ccnn3C)nc2N,CHEMBL3589905,IC50,5.13
43987,Cn1nncc1C(=O)Nc2ccc(c(N)n2)c3ccccc3OC(F)(F)F,CHEMBL3589909,IC50,5.16
43998,FC(F)(F)Oc1cccc(c1)C(=O)NCc2noc(n2)c3c4ccccc4nn3CCn5ccnc5,CHEMBL3236329,IC50,5.2
44009,Cn1nccc1C(=O)Nc2ccc(c(N)n2)c3ccccc3Cl,CHEMBL3589906,IC50,5.31
44020,COc1ccc(Cl)c(c1)c2ccc(NC(=O)C(C)C)nc2N,CHEMBL3589907,IC50,5.4
44031,Nc1nc2cc(ccc2[nH]1)c3cc(Cl)ccc3Oc4cc(F)c(cc4F)S(=O)(=O)Nc5ncns5,CHEMBL3617063,IC50,5.42
44042,Nc1nc(NC(=O)c2ccccc2)ccc1c3ccccc3OC(F)(F)F,CHEMBL3589910,IC50,5.5
44053,CC1(CC1)C(=O)N[C@H](Cc2ccccc2C(F)(F)F)C(=O)NCc3nc4cccnc4n3C5(CC5)c6ccccc6,CHEMBL400129,IC50,5.53
44064,CNC(=O)c1ccc(c(N)n1)c2cc(Cl)cc(Cl)c2Cl,CHEMBL3589894,IC50,5.59
44075,Cn1nccc1C(=O)Nc2ccc(c(N)n2)c3ccccc3OC(F)(F)F,CHEMBL3589908,IC50,5.62
44086,Fc1cccc(F)c1C[C@@H](NC(=O)C2(CC2)C(F)(F)F)C(=O)NCc3nc4cccnc4n3C5(CC5)c6ccccc6,CHEMBL404229,IC50,5.73
44097,FC(F)(F)c1ccccc1C[C@@H](NC(=O)C2(CC2)C(F)(F)F)C(=O)NCc3nc4cccnc4n3C5(CC5)c6ccccc6,CHEMBL400261,IC50,5.75
44108,CC(C)(C)C(=O)N[C@H](Cc1ccccc1C(F)(F)F)C(=O)NCc2nc3cccnc3n2Cc4ccccc4,CHEMBL252037,IC50,5.84
44119,CC(C)(C)OC(=O)N[C@H](Cc1ccc(F)cc1C(F)(F)F)C(=O)NCc2nc3cccnc3n2C4(CC4)c5ccccc5,CHEMBL404623,IC50,5.91
44130,C[C@@H](NC(=O)c1oc(cc1)c2ccc(Cl)cc2)C(=O)N3CCN(CCCOc4ccc(cc4)C(=O)C5CC5)CC3,CHEMBL251241,IC50,6.0
44141,CC(C)(C)OC(=O)N[C@H](Cc1ccccc1OC(F)(F)F)C(=O)NCc2nc3cccnc3n2C4(CC4)c5ccccc5,CHEMBL253660,IC50,6.01
44152,Cn1nccc1C(=O)Nc2ccc(c(N)n2)c3cc(Cl)ccc3Cl,CHEMBL3589902,IC50,6.04
44163,NC(=O)c1cc(C(=O)N)n(n1)c2cccc(c2)c3ccccc3C(F)(F)F,CHEMBL1631093,IC50,6.04
44174,CC(C)(C)OC(=O)N[C@H](Cc1ccccc1F)C(=O)NCc2nc3cccnc3n2C4(CC4)c5ccccc5,CHEMBL252437,IC50,6.06
44185,FC(F)(F)Oc1ccccc1C(=O)N[C@H](Cc2ccccc2C(F)(F)F)C(=O)NCc3nc4cccnc4n3C5(CC5)c6ccccc6,CHEMBL400262,IC50,6.08
44196,CC(C)(C)OC(=O)N[C@H](Cc1cccc(F)c1C(F)(F)F)C(=O)NCc2nc3cccnc3n2C4(CC4)c5ccccc5,CHEMBL252240,IC50,6.09
44207,CC(C)(C)OC(=O)N[C@H](Cc1ccccc1C(F)(F)F)C(=O)NCc2nc3cccnc3n2C4(CC4)c5ccccc5,CHEMBL254918,IC50,6.1
44218,NC(=O)c1cc(C(=O)N)n(n1)c2cccc(c2)c3c(F)cccc3OC(F)(F)F,CHEMBL1631098,IC50,6.1
44229,Cc1cc(C)cc(NC(=O)c2ccnc(c2)c3ccc(OC(F)(F)F)cc3)c1,CHEMBL1271308,IC50,6.11
44240,Cn1nccc1C(=O)Nc2ccc(c(N)n2)c3cc(Cl)cc(Cl)c3Cl,CHEMBL3589900,IC50,6.13
44251,CC(C)(C)OC(=O)N[C@H](Cc1c(F)cccc1F)C(=O)NCc2nc3cccnc3n2C4(CC4)c5ccccc5,CHEMBL400642,IC50,6.16
44262,COc1ccc(Cl)c(c1)c2ccc(NC(=O)c3ccnn3C)nc2N,CHEMBL3589904,IC50,6.16
44273,CC(C)(C)C(=O)ON[C@H](Cc1ccccc1)C(=O)N[C@@H]2CCc3ccccc3N(CC(F)(F)F)C2=O,CHEMBL2324352,IC50,6.17
44284,Cc1nocc1C(=O)Nc2ccc(c(N)n2)c3cc(Cl)cc(Cl)c3Cl,CHEMBL3589901,IC50,6.17
44295,NC(=O)c1cc(C(=O)N)n(n1)c2cccc(c2)c3ccccc3OC(F)(F)F,CHEMBL1631088,IC50,6.26
44306,Cc1nocc1C(=O)Nc2ccc(c(N)n2)c3ccccc3OC(F)(F)F,CHEMBL2324355,IC50,6.28
44317,CC(C)(C)OC(=O)N[C@H](Cc1ccccc1Cl)C(=O)NCc2nc3cccnc3n2C4(CC4)c5ccccc5,CHEMBL404621,IC50,6.3
44328,COc1ccc(Cl)c(c1)c2ccc(NC(=O)c3conc3C)nc2N,CHEMBL3589903,IC50,6.3
44339,Cc1cc(C)cc(NC(=O)c2onc(n2)c3ccc(OC(F)(F)F)cc3)c1,CHEMBL1270998,IC50,6.33
44350,CC(C)(C)OC(=O)N[C@H](Cc1c(F)ccc(F)c1F)C(=O)NCc2nc3cccnc3n2C4(CC4)c5ccccc5,CHEMBL252836,IC50,6.35
44361,Fc1ccc(F)c(C[C@@H](NC(=O)C2(CC2)C(F)(F)F)C(=O)NCc3nc4cccnc4n3C5(CC5)c6ccccc6)c1F,CHEMBL403809,IC50,6.35
44372,Cc1nocc1C(=O)Nc2cnc(c(N)n2)c3cc(Cl)cc(Cl)c3Cl,CHEMBL3617058,IC50,6.38
44383,CC(C)(C)CC(=O)N[C@H](Cc1ccccc1C(F)(F)F)C(=O)NCc2nc3cccnc3n2Cc4ccccc4,CHEMBL252038,IC50,6.44
44394,FC(F)(F)c1ccccc1C[C@@H](NC(=O)c2ccccc2C(F)(F)F)C(=O)NCc3nc4cccnc4n3Cc5ccccc5,CHEMBL400260,IC50,6.44
44405,Clc1ccc(cc1)c2cncc(n2)C(=O)NCc3ccncc3N4CCOCC4,CHEMBL1277792,IC50,6.5
44416,Clc1ccc(cc1)c2oc(cc2)C(=O)N3CCN(CC3)C4CCCCC4,CHEMBL482676,IC50,6.52
44427,NC(=O)c1cc(C(=O)N)n(n1)c2cccc(c2)c3cccc(c3OCC(F)(F)C(F)(F)F)C(F)(F)F,CHEMBL1631104,IC50,6.52
44438,CC(C)(C)OC(=O)N[C@H](Cc1cc(F)ccc1Cl)C(=O)NCc2nc3cccnc3n2C4(CC4)c5ccccc5,CHEMBL252837,IC50,6.53
44449,Cc1cc(C)cc(NC(=O)c2oc(nc2)c3ccc(OC(F)(F)F)cc3)c1,CHEMBL1270898,IC50,6.55
44460,Clc1ccc(cc1)c2oc(cc2)C(=O)N3CCNCC3,CHEMBL521211,IC50,6.55
44471,CC(C)(C)OC(=O)N[C@H](Cc1ccccc1C(F)(F)F)C(=O)NCc2nc3cccnc3n2Cc4ccccc4,CHEMBL254497,IC50,6.57
44482,FC(F)(F)Oc1ccccc1C(=O)N[C@H](Cc2ccccc2C(F)(F)F)C(=O)NCc3nc4cccnc4n3Cc5ccccc5,CHEMBL253659,IC50,6.64
44493,NC(=O)c1cc(C(=O)N)n(n1)c2cccc(c2)c3cccc(OC(F)(F)F)c3OCC(F)(F)C(F)(F)F,CHEMBL1631103,IC50,6.69
44504,NC1(Cc2nc(c[nH]2)c3ccc(OC(F)(F)F)cc3)CCCOC1,CHEMBL3341975,IC50,6.72
44517,CN(Cc1ccc(cc1)c2ccccc2S(=O)(=O)N)C(=O)[C@@H]3CCC[C@H]3C(=O)NCc4ccc(OC(F)(F)F)cc4,CHEMBL205412,Ki,6.75
44528,Cc1cc(C)cc(NC(=O)c2coc(n2)c3ccc(OC(F)(F)F)cc3)c1,CHEMBL1270899,IC50,6.75
44539,CC(=O)Nc1ccc(c(N)n1)c2cc(Cl)cc(Cl)c2Cl,CHEMBL3589893,IC50,6.8
44550,Cc1ccccc1CNC(=O)c2cncc(n2)c3ccc(cc3)C#N,CHEMBL1278138,IC50,6.82
44561,NC(=O)c1cc(C(=O)N)n(n1)c2cccc(c2)c3cc(F)ccc3OCC(F)(F)C(F)(F)F,CHEMBL1631102,IC50,6.83
44572,Clc1ccc(cc1)c2cncc(c2)C(=O)NCc3cccnc3Cl,CHEMBL1270100,IC50,6.85
44583,CC(C)CC[C@H](N)c1nc2cc(ccc2[nH]1)C(C)(C)C,CHEMBL3341974,IC50,6.9
44594,Cc1cc(C)cc(NC(=O)c2cncc(c2)c3ccc(F)cc3)c1,CHEMBL1271415,IC50,7.0
44605,FC(F)(F)Oc1ccc(cc1)c2cncc(n2)C(=O)NCc3cccnc3Cl,CHEMBL1276881,IC50,7.0
44616,Clc1ccc(cc1)c2cncc(c2)C(=O)NCc3cccnc3N4CCOCC4,CHEMBL1270302,IC50,7.06
44627,COc1cc(NC(=O)c2oc(cc2)c3ccc(Cl)cc3)cc(OC)c1,CHEMBL250699,IC50,7.1
44638,Cc1cccc(NC(=O)c2oc(cc2)c3ccc(cc3)C#N)c1,CHEMBL401258,IC50,7.1
44649,Cc1cc(C)cc(NC(=O)c2cccc(n2)c3ccc(OC(F)(F)F)cc3)c1,CHEMBL1271205,IC50,7.19
44660,Cc1cc(C)cc(NC(=O)c2csc(n2)c3ccc(OC(F)(F)F)cc3)c1,CHEMBL1270999,IC50,7.29
44671,CC(C)Oc1cccc(NC(=O)c2cncc(n2)c3ccc(cc3)C#N)c1,CHEMBL1278045,IC50,7.31
44682,Clc1ccc(cc1)c2cncc(n2)C(=O)NCc3cccnc3N4CCOCC4,CHEMBL1277700,IC50,7.43
44693,CC(C)(C)c1ccc(cc1)c2oc(cc2)C(=O)N3CCN(CC3)C4CCCCC4,CHEMBL486495,IC50,7.52
44704,Clc1ccc(cc1)c2cncc(n2)C(=O)NCc3cccnc3N4CCCC4,CHEMBL1277876,IC50,7.52
44716,FC(F)(F)Oc1ccc(cc1)c2cncc(n2)C(=O)NCc3cccnc3N4CCOCC4,CHEMBL1276882,IC50,7.52
44727,Cc1ccccc1CNC(=O)c2cncc(n2)c3ccc(Cl)cc3,CHEMBL1277606,IC50,7.57
44738,Cc1cc(C)cc(NC(=O)c2cncc(c2)c3ccc(OC(F)(F)F)cc3)c1,CHEMBL1271206,IC50,7.59
44749,Cc1cc(C)cc(NC(=O)c2cncc(c2)c3ccc(cc3)C#N)c1,CHEMBL1271309,IC50,7.64
44760,Clc1ccc(cc1)c2cncc(c2)C(=O)NCc3ccccc3,CHEMBL1271417,IC50,7.66
44772,Cc1cc(C)cc(NC(=O)c2cncc(n2)c3ccc(OC(F)(F)F)cc3)c1,CHEMBL1271106,IC50,7.68
44783,Clc1ccc(CCNC(=O)c2cncc(n2)c3ccc(Cl)cc3)cc1,CHEMBL1277607,IC50,7.72
44794,Cc1ccccc1CNC(=O)c2cncc(n2)c3ccc(OC(F)(F)F)cc3,CHEMBL1278224,IC50,7.75
44805,Clc1ccc(cc1)c2cncc(c2)C(=O)NCc3cccnc3N4CCCCC4,CHEMBL1270301,IC50,7.85
44816,CO[C@H](C)[C@H](N)c1nc2cc(ccc2[nH]1)c3ccc(C#N)c(F)c3,CHEMBL3617059,IC50,7.98
44827,Clc1ccc(cc1)c2cncc(c2)C(=O)NCc3ccccc3N4CCOCC4,CHEMBL1269991,IC50,8.0
44838,Cc1cc(C)cc(NC(=O)c2cncc(c2)c3ccc(Cl)cc3)c1,CHEMBL1271416,IC50,8.05
44849,Cc1cc(C)cc(NC(=O)c2cncc(n2)c3ccc(cc3)C#N)c1,CHEMBL1278044,IC50,8.1
44860,Cc1cc(C)cc(NC(=O)c2nsc(n2)c3ccc(OC(F)(F)F)cc3)c1,CHEMBL1271105,IC50,8.1
44871,Clc1ccc(cc1)c2cncc(c2)C(=O)NCc3ccccc3N4CCCCC4,CHEMBL1269990,IC50,8.1
44882,CCOc1ncccc1CNC(=O)c2cncc(c2)c3ccc(Cl)cc3,CHEMBL1270207,IC50,8.16
44893,COc1cc(NC(=O)c2cncc(n2)c3ccc(Cl)cc3)cc(OC)c1,CHEMBL1277512,IC50,8.22
44904,Cc1cccc(NC(=O)c2cncc(n2)c3ccc(Cl)cc3)c1,CHEMBL1277513,IC50,8.22
44915,Cc1cccc(NC(=O)c2cncc(n2)c3ccc(OC(F)(F)F)cc3)c1,CHEMBL1278223,IC50,8.3
44926,Clc1ccc(cc1)c2cncc(c2)C(=O)NCc3ccccc3Cl,CHEMBL1269883,IC50,8.4
44937,Cc1cc(C)cc(NC(=O)c2cncc(n2)c3ccc(Cl)cc3)c1,CHEMBL1277514,IC50,8.52
44948,FC(F)(F)COc1ncccc1CNC(=O)c2cncc(c2)c3ccc(Cl)cc3,CHEMBL1270208,IC50,8.52
44959,CCOc1ccc(cc1)c2cncc(n2)C(=O)NCc3ccccc3C,CHEMBL1277959,IC50,8.7
44970,CCOc1ccc(cc1)c2cncc(n2)C(=O)Nc3cc(C)cc(C)c3,CHEMBL1277877,IC50,8.7
44981,Cc1cc(C)cc(NC(=O)c2oc(cc2)c3ccc(OC(F)(F)F)cc3)c1,CHEMBL1270797,IC50,8.7
44992,Cc1ccccc1CNC(=O)c2cncc(c2)c3ccc(Cl)cc3,CHEMBL1269882,IC50,8.7
45003,CCOc1ccc(cc1)c2cncc(n2)C(=O)Nc3cccc(C)c3,CHEMBL1277958,IC50,9.0
