id,smiles,name,assay_type,activity_value
188206,O=C1NC(=O)C(N1)(C1=CC=CC=C1)C1=CC=CC=C1,phenytoin,N/A,N/A
43736,CCOC(=O)C1=CC=C(N)C=C1,benzocaine,N/A,N/A
3752751,OS(=N)(=O)Cc1noc2ccccc12,zonisamide,N/A,N/A
43748,CCCN1CCCC[C@H]1C(=O)NC1=C(C)C=CC=C1C,ropivacaine,N/A,N/A
43757,CN(C)CCOC(C1=CC=CC=C1)C1=C(C)C=CC=C1,orphenadrine,IC50,4.8894
188218,[H]C1(CCCCN1C)C(=O)NC1=C(C)C=CC=C1C,mepivacaine,N/A,N/A
1542133,[H][C@@]12CO[C@@]3(COS(N)(=O)=O)OC(C)(C)O[C@@]3([H])[C@]1([H])OC(C)(C)O2,topiramate,N/A,N/A
43880,NC1=NN=C(C(N)=N1)C1=C(Cl)C(Cl)=CC=C1,lamotrigine,N/A,N/A
43844,CCN1C(=O)NC(C1=O)C1=CC=CC=C1,ethotoin,N/A,N/A
43853,NC1=NC(N)=C(C=C1)\N=N\C1=CC=CC=C1,phenazopyridine,N/A,N/A
43862,CCC1(NC(=O)N(C)C1=O)C1=CC=CC=C1,mephenytoin,N/A,N/A
43871,NC(=O)C1=CN(CC2=C(F)C=CC=C2F)N=N1,rufinamide,N/A,N/A
188234,CC(CNC1CCCCC1)OC(=O)C1=CC=CC=C1,hexylcaine,IC50,5.15
188244,CCCCNC1=CC=C(C=C1)C(=O)OCCN(C)C,tetracaine,IC50,5.47
188254,CCCNC(C)C(=O)NC1=C(SC=C1C)C(=O)OC,articaine,IC50,4.29
188264,CCCOC1=C(C=CC(N)=C1)C(=O)OCCN(CC)CC,propoxycaine,IC50,4.62
43778,CCCOC1=C(N)C=C(C=C1)C(=O)OCCN(CC)CC,proparacaine,IC50,5.72
43768,CCCCOC1=C(N)C=CC(=C1)C(=O)OCCN(CC)CC,oxybuprocaine,IC50,5.54
188279,[H][C@@]1(C[C@@H]2CC[N@]1C[C@@H]2C=C)[C@@H](O)C1=CC=NC2=CC=C(OC)C=C12,quinidine,IC50,5.49
43891,CC(=O)O[C@H]1CC2=C(C=CC=C2)N(C(N)=O)C2=CC=CC=C12,eslicarbazepine acetate,N/A,N/A
43901,CCN(CC)CCNC(=O)C1=CC=C(N)C=C1,procainamide,N/A,N/A
43910,CC(N)C(=O)NC1=C(C)C=CC=C1C,tocainide,N/A,N/A
188293,CCCNC(C)C(=O)NC1=C(C)C=CC=C1,prilocaine,IC50,4.26999998
43998,FC(F)(F)Oc1cccc(c1)C(=O)NCc2noc(n2)c3c4ccccc4nn3CCn5ccnc5,CHEMBL3236329,IC50,5.07
5201265,OC(COc1ccccc1)CN2CCC(CC2)N3Cc4ccccc4C3=O,CHEMBL3634333,IC50,5.1
5201276,OC(COc1ccccc1C(=O)c2ccccc2)CN3CCC(CC3)c4cccc5NC(=O)CCc45,CHEMBL3634324,IC50,5.15
44031,Nc1nc2cc(ccc2[nH]1)c3cc(Cl)ccc3Oc4cc(F)c(cc4F)S(=O)(=O)Nc5ncns5,CHEMBL3617063,IC50,5.2
5201289,OC(COc1ccccc1C(=O)c2ccccc2)CN3CCC(CC3)N4C(=O)Oc5ccccc45,CHEMBL3634327,IC50,5.27
5201300,Cc1noc(CN2N=C3C=CC(=CN3C2=O)c4ccc(OC(F)(F)F)cc4)n1,CHEMBL3809641,IC50,5.32
5201311,OC(COc1ccccc1C(=O)c2ccccc2)CN3CCC(CC3)N4C(=O)COc5ccccc45,CHEMBL3634326,IC50,5.32
5201322,OC(COc1ccccc1C(F)(F)F)CN2CCC(CC2)N3Cc4ccccc4C3=O,CHEMBL3634337,IC50,5.35
5201333,OC(COc1ccccc1C(=O)c2ccccc2)CN3CCC(CC3)c4cccc5NC(=O)COc45,CHEMBL3634322,IC50,5.36
5201344,OC(COc1ccccc1C(=O)c2ccccc2)CN3CCC(CC3)C(=O)Nc4ccccc4,CHEMBL3634331,IC50,5.37
5201355,COc1cc(ccc1COCC(O)CN2CCC(CC2)C(=O)Nc3ccccc3)C(F)(F)F,CHEMBL3632698,IC50,5.48
5201366,OC(COc1ccccc1C(=O)c2ccccc2)CN3CCC(CC3)N4Cc5ccccc5C4=O,CHEMBL3634329,IC50,5.48
5201377,OC(COc1ccccc1C(=O)c2ccccc2)CN3CCC(CC3)NC(=O)c4ccccc4,CHEMBL3634330,IC50,5.5
3710703,Nc1noc2ccc(cc12)c3cc(Cl)ccc3Oc4cc(F)c(cc4F)S(=O)(=O)Nc5ncns5,CHEMBL3341983,IC50,5.51
5201390,OC(COc1ccc(cc1)C(F)(F)F)CN2CCC(CC2)C(=O)Nc3ccccc3,CHEMBL3632697,IC50,5.51
5201401,COc1cccc(OCC(O)CN2CCC(CC2)N3Cc4ccccc4C3=O)c1,CHEMBL3634335,IC50,5.52
5201412,OC(COCc1ccc(cc1)C(F)(F)F)CN2CCC(CC2)N3Cc4ccccc4C3=O,CHEMBL3632694,IC50,5.52
5201423,COc1ccc(OCC(O)CN2CCC(CC2)N3Cc4ccccc4C3=O)cc1,CHEMBL3634336,IC50,5.57
5201434,OC(COc1ccc(cc1)C(F)(F)F)CN2CCC(CC2)N3Cc4ccccc4C3=O,CHEMBL3632692,IC50,5.75
5201445,COc1cc(ccc1COCC(O)CN2CCC(CC2)N3Cc4ccccc4C3=O)C(F)(F)F.OC(=O)\C=C\C(=O)O,CHEMBL3632695,IC50,5.82
5201456,OC(COc1cccc(c1)C(F)(F)F)CN2CCC(CC2)N3Cc4ccccc4C3=O,CHEMBL3632691,IC50,5.92
5201467,COc1cc(ccc1OCC(O)CN2CCC(CC2)N3Cc4ccccc4C3=O)C(F)(F)F,CHEMBL3632693,IC50,6.04
5201478,OC(COc1cccc(c1)C(=O)c2ccccc2)CN3CCC(CC3)N4Cc5ccccc5C4=O,CHEMBL3634332,IC50,6.04
5201489,OC(COc1ccc(cc1)C(F)(F)F)CN2CCC(CC2)NC(=O)c3ccccc3,CHEMBL3632696,IC50,6.1
5201500,OC(COc1ccc(cc1)C(=O)c2ccccc2)CN3CCC(CC3)N4Cc5ccccc5C4=O,CHEMBL3632641,IC50,6.17
5201511,FC(F)(F)Oc1ccc(cc1)c2ccc3nnc(n3c2)C(F)(F)F,CHEMBL3809595,IC50,6.4
