id,smiles,name,assay_type,activity_value
43736,CCOC(=O)C1=CC=C(N)C=C1,benzocaine,N/A,N/A
43748,CCCN1CCCC[C@H]1C(=O)NC1=C(C)C=CC=C1C,ropivacaine,N/A,N/A
188218,[H]C1(CCCCN1C)C(=O)NC1=C(C)C=CC=C1C,mepivacaine,N/A,N/A
5198978,CCCN(CC)C(CC)C(=O)NC1=C(C)C=CC=C1C,etidocaine,IC50,6.0
43824,CCN(CC)CC(=O)NC1=C(C)C=CC=C1C,lidocaine,IC50,5.0
188206,O=C1NC(=O)C(N1)(C1=CC=CC=C1)C1=CC=CC=C1,phenytoin,IC50,4.80000019
43834,CC(N)COC1=C(C)C=CC=C1C,mexiletine,IC50,5.54
43844,CCN1C(=O)NC(C1=O)C1=CC=CC=C1,ethotoin,N/A,N/A
43853,NC1=NC(N)=C(C=C1)\N=N\C1=CC=CC=C1,phenazopyridine,N/A,N/A
43862,CCC1(NC(=O)N(C)C1=O)C1=CC=CC=C1,mephenytoin,N/A,N/A
43871,NC(=O)C1=CN(CC2=C(F)C=CC=C2F)N=N1,rufinamide,N/A,N/A
43880,NC1=NN=C(C(N)=N1)C1=C(Cl)C(Cl)=CC=C1,lamotrigine,IC50,5.0
188234,CC(CNC1CCCCC1)OC(=O)C1=CC=CC=C1,hexylcaine,IC50,5.15
188244,CCCCNC1=CC=C(C=C1)C(=O)OCCN(C)C,tetracaine,IC50,5.47
188254,CCCNC(C)C(=O)NC1=C(SC=C1C)C(=O)OC,articaine,IC50,4.29
188264,CCCOC1=C(C=CC(N)=C1)C(=O)OCCN(CC)CC,propoxycaine,IC50,4.62
43778,CCCOC1=C(N)C=C(C=C1)C(=O)OCCN(CC)CC,proparacaine,IC50,5.72
43768,CCCCOC1=C(N)C=CC(=C1)C(=O)OCCN(CC)CC,oxybuprocaine,IC50,5.54
188279,[H][C@@]1(C[C@@H]2CC[N@]1C[C@@H]2C=C)[C@@H](O)C1=CC=NC2=CC=C(OC)C=C12,quinidine,IC50,5.49
43891,CC(=O)O[C@H]1CC2=C(C=CC=C2)N(C(N)=O)C2=CC=CC=C12,eslicarbazepine acetate,N/A,N/A
43901,CCN(CC)CCNC(=O)C1=CC=C(N)C=C1,procainamide,N/A,N/A
43910,CC(N)C(=O)NC1=C(C)C=CC=C1C,tocainide,N/A,N/A
188293,CCCNC(C)C(=O)NC1=C(C)C=CC=C1,prilocaine,IC50,4.26999998
9742810,Cc1ccc(cc1)C(=O)NC(=N)Nc2ccc(OCc3ccccc3)cc2,CHEMBL106463,IC50,5.0
44306,Cc1nocc1C(=O)Nc2ccc(c(N)n2)c3ccccc3OC(F)(F)F,CHEMBL2324355,IC50,5.0
9742823,FC(F)(F)c1ccc(cc1)c2nc(c[nH]2)c3ccccc3,CHEMBL509722,IC50,5.0
44627,COc1cc(NC(=O)c2oc(cc2)c3ccc(Cl)cc3)cc(OC)c1,CHEMBL250699,IC50,5.02
9742839,CN(C(=N)NC(=O)c1ccc(C)cc1)c2cccc(I)c2,CHEMBL108407,IC50,5.03
44671,CC(C)Oc1cccc(NC(=O)c2cncc(n2)c3ccc(cc3)C#N)c1,CHEMBL1278045,IC50,5.04
9742852,Cc1ccc(cc1)C(=O)NC(=N)N2CCc3ccccc23,CHEMBL324435,IC50,5.06
44904,Cc1cccc(NC(=O)c2cncc(n2)c3ccc(Cl)cc3)c1,CHEMBL1277513,IC50,5.09
5201300,Cc1noc(CN2N=C3C=CC(=CN3C2=O)c4ccc(OC(F)(F)F)cc4)n1,CHEMBL3809641,IC50,5.09
1720282,FC(F)(F)Oc1ccc(CNC(=O)C2N(CCc3ccccn3)C(=O)c4ccccc24)cc1,CHEMBL2164389,IC50,5.09
5201511,FC(F)(F)Oc1ccc(cc1)c2ccc3nnc(n3c2)C(F)(F)F,CHEMBL3809595,IC50,5.1
9742871,Clc1ccc(cc1Cl)C(=O)NC(=N)NCCCCc2ccccc2,CHEMBL107684,IC50,5.15
188390,CNC(=O)c1cnc(N)c(c1)c2cc(Cl)cc(Cl)c2Cl,CHEMBL3589892,IC50,5.16
44893,COc1cc(NC(=O)c2cncc(n2)c3ccc(Cl)cc3)cc(OC)c1,CHEMBL1277512,IC50,5.21
9251802,Cc1ccc(cc1)C(=O)NC(=N)NCCCc2ccccc2,CHEMBL105997,IC50,5.22
9742888,CN(Sc1cccc(C)c1)C(=N)NC(=O)c2ccc(C)cc2,CHEMBL318362,IC50,5.26
44937,Cc1cc(C)cc(NC(=O)c2cncc(n2)c3ccc(Cl)cc3)c1,CHEMBL1277514,IC50,5.3
9251780,Clc1cccc(Cl)c1C(=O)NC(=N)NCCCCc2ccccc2,CHEMBL110352,IC50,5.3
9742903,Cc1ccc(cc1)C(=O)NC(=N)NCCc2cccs2,CHEMBL108070,IC50,5.31
9252274,CC(C)c1ccccc1\N=C(\N)/NC(=O)c2ccc(C)cc2,CHEMBL105929,IC50,5.36
9252433,Clc1ccc(cc1)C(=O)NC(=N)NCCCCc2ccccc2,CHEMBL322599,IC50,5.37
9252774,N=C(NCCCCc1ccccc1)NC(=O)c2cccs2,CHEMBL108361,IC50,5.37
9251231,C\N=C(/NCCCCc1ccccc1)\NC(=O)c2ccc(C)cc2,CHEMBL322055,IC50,5.38
188379,F[C@H]1CCN(C1)C(=O)CN2CCN(C2=O)c3cccc4c3cnn4c5ccccc5F,CHEMBL3798228,IC50,5.4
9742924,Cc1ccc(cc1)C(=O)NC(=N)NCCSCc2ccccc2,CHEMBL320248,IC50,5.41
9742935,Cc1ccc(cc1)C(=O)NC(=N)NCc2ccccc2,CHEMBL110502,IC50,5.41
44605,FC(F)(F)Oc1ccc(cc1)c2cncc(n2)C(=O)NCc3cccnc3Cl,CHEMBL1276881,IC50,5.41
43998,FC(F)(F)Oc1cccc(c1)C(=O)NCc2noc(n2)c3c4ccccc4nn3CCn5ccnc5,CHEMBL3236329,IC50,5.45
44539,CC(=O)Nc1ccc(c(N)n1)c2cc(Cl)cc(Cl)c2Cl,CHEMBL3589893,IC50,5.46
9252396,COc1cccc2[nH]cc(CC\N=C(\N)/NC(=O)c3ccc(C)cc3)c12,CHEMBL320314,IC50,5.48
9742954,Cc1ccc(cc1)C(=O)NC(=N)Nc2cccc3ccccc23,CHEMBL106210,IC50,5.48
9742965,Cc1ccc(cc1)C(=O)NC(=N)NCCOc2ccccc2,CHEMBL106356,IC50,5.49
9251334,Clc1ccc(Cl)c(c1)C(=O)NC(=N)NCCCCc2ccccc2,CHEMBL431643,IC50,5.49
704506,CN(C)CCC=C1c2ccccc2CCc3ccccc13,amitriptyline,IC50,5.51
44948,FC(F)(F)COc1ncccc1CNC(=O)c2cncc(c2)c3ccc(Cl)cc3,CHEMBL1270208,IC50,5.55
9251734,Cc1ccc(cc1)C(=O)NC(=N)NCCCOc2ccccc2,CHEMBL108782,IC50,5.57
9742986,FC(F)(F)c1cccc(c1)c2c[nH]c(n2)c3ccccc3,CHEMBL305200,IC50,5.57
9251745,Cc1ccc(cc1)C(=O)NC(=N)NCCc2ccccc2,CHEMBL107354,IC50,5.58
188405,Fc1ccc2c(c1)c(OCCN3CCNC3=O)nn2c4ccccc4F,CHEMBL3798363,IC50,5.59
9743001,[O-][N+](=O)c1ccc(cc1)c2nc(c[nH]2)c3cccc(c3)C(F)(F)F,CHEMBL468120,IC50,5.6
9251242,Cc1ccc(cc1)C(=O)NC(=N)NCc2cccc3ccccc23,CHEMBL108627,IC50,5.62
4235932,CCCCC\N=C\1/C=CN(Cc2ccccc2)c3cc(Cl)ccc13,CHEMBL299668,IC50,5.66
44915,Cc1cccc(NC(=O)c2cncc(n2)c3ccc(OC(F)(F)F)cc3)c1,CHEMBL1278223,IC50,5.66
9252422,Cc1ccc(cc1)C(=O)NC(=N)NCCCCCc2ccccc2,CHEMBL106610,IC50,5.68
9251681,CC(C)Oc1ccc(NC(=N)NC(=O)c2ccc(C)cc2)cc1,CHEMBL106351,IC50,5.7
9743022,CC(C)c1ccc(NC(=N)NC(=O)c2ccc(C)cc2)cc1,CHEMBL107394,IC50,5.71
9251301,Cc1ccc(cc1)C(=O)NC(=N)NCCc2ccc(Cl)cc2,CHEMBL320332,IC50,5.71
9743035,COc1cc(NC(=N)NC(=O)c2ccc(C)cc2)cc(OC)c1OC,CHEMBL105782,IC50,5.72
44760,Clc1ccc(cc1)c2cncc(c2)C(=O)NCc3ccccc3,CHEMBL1271417,IC50,5.72
9252873,COc1ccc2[nH]cc(CC\N=C(\N)/NC(=O)c3ccc(C)cc3)c2c1,CHEMBL421032,IC50,5.75
44849,Cc1cc(C)cc(NC(=O)c2cncc(n2)c3ccc(cc3)C#N)c1,CHEMBL1278044,IC50,5.8
44616,Clc1ccc(cc1)c2cncc(c2)C(=O)NCc3cccnc3N4CCOCC4,CHEMBL1270302,IC50,5.8
9743054,CCCCCNC1C=CN(Cc2ccccc2)c3cc([125I])ccc13,CHEMBL2419774,IC50,5.82
44716,FC(F)(F)Oc1ccc(cc1)c2cncc(n2)C(=O)NCc3cccnc3N4CCOCC4,CHEMBL1276882,IC50,5.82
9252655,Clc1cccc(C(=O)NC(=N)NCCCCc2ccccc2)c1Cl,CHEMBL109012,IC50,5.83
9743069,Clc1ccc(cc1)c2nc(c[nH]2)c3ccccc3,CHEMBL503978,IC50,5.85
9743080,FC(F)(F)c1ccc(cc1)c2c[nH]c(n2)c3ccccc3,CHEMBL467700,IC50,5.85
9252954,COc1cc(cc(OC)c1OC)C(=O)NC(=N)NCCCCc2ccccc2,CHEMBL110164,IC50,5.86
9252895,Cc1ccccc1C(=O)NC(=N)NCCCCc2ccccc2,CHEMBL106459,IC50,5.92
44794,Cc1ccccc1CNC(=O)c2cncc(n2)c3ccc(OC(F)(F)F)cc3,CHEMBL1278224,IC50,5.92
44926,Clc1ccc(cc1)c2cncc(c2)C(=O)NCc3ccccc3Cl,CHEMBL1269883,IC50,5.92
9252627,Cc1ccc(cc1)C(=O)NC(=N)NCCCCc2ccccc2,CHEMBL108728,IC50,5.94
44460,Clc1ccc(cc1)c2oc(cc2)C(=O)N3CCNCC3,CHEMBL521211,IC50,5.96
45003,CCOc1ccc(cc1)c2cncc(n2)C(=O)Nc3cccc(C)c3,CHEMBL1277958,IC50,6.0
44550,Cc1ccccc1CNC(=O)c2cncc(n2)c3ccc(cc3)C#N,CHEMBL1278138,IC50,6.0
44783,Clc1ccc(CCNC(=O)c2cncc(n2)c3ccc(Cl)cc3)cc1,CHEMBL1277607,IC50,6.0
44704,Clc1ccc(cc1)c2cncc(n2)C(=O)NCc3cccnc3N4CCCC4,CHEMBL1277876,IC50,6.0
9252333,N=C(NCCCCc1ccccc1)NC(=O)c2cccc3ccccc23,CHEMBL110572,IC50,6.07
9252809,COc1ccc(cc1)C(=O)NC(=N)NCCCCc2ccccc2,CHEMBL321883,IC50,6.09
9253059,CCOc1ccc(cc1)C(=O)NC(=N)NCCCCc2ccccc2,CHEMBL108727,IC50,6.12
44882,CCOc1ncccc1CNC(=O)c2cncc(c2)c3ccc(Cl)cc3,CHEMBL1270207,IC50,6.17
9253271,CCCCOc1ccc(cc1)C(=O)NC(=N)NCCCCc2ccccc2,CHEMBL108347,IC50,6.2
44959,CCOc1ccc(cc1)c2cncc(n2)C(=O)NCc3ccccc3C,CHEMBL1277959,IC50,6.33
44970,CCOc1ccc(cc1)c2cncc(n2)C(=O)Nc3cc(C)cc(C)c3,CHEMBL1277877,IC50,6.44
44416,Clc1ccc(cc1)c2oc(cc2)C(=O)N3CCN(CC3)C4CCCCC4,CHEMBL482676,IC50,6.46
9743129,O=C(Nc1ccc(cc1)S(=O)(=O)Nc2nccs2)C(c3ccccc3)c4ccccc4,CHEMBL3617053,IC50,6.62
9743140,FC(F)(F)c1cccc(c1)c2c[nH]c(n2)c3cccc(c3)C(F)(F)F,CHEMBL510722,IC50,6.7
44827,Clc1ccc(cc1)c2cncc(c2)C(=O)NCc3ccccc3N4CCOCC4,CHEMBL1269991,IC50,6.92
44992,Cc1ccccc1CNC(=O)c2cncc(c2)c3ccc(Cl)cc3,CHEMBL1269882,IC50,6.96
44693,CC(C)(C)c1ccc(cc1)c2oc(cc2)C(=O)N3CCN(CC3)C4CCCCC4,CHEMBL486495,IC50,7.0
44805,Clc1ccc(cc1)c2cncc(c2)C(=O)NCc3cccnc3N4CCCCC4,CHEMBL1270301,IC50,7.16
44871,Clc1ccc(cc1)c2cncc(c2)C(=O)NCc3ccccc3N4CCCCC4,CHEMBL1269990,IC50,7.3
3710703,Nc1noc2ccc(cc12)c3cc(Cl)ccc3Oc4cc(F)c(cc4F)S(=O)(=O)Nc5ncns5,CHEMBL3341983,IC50,8.38
44031,Nc1nc2cc(ccc2[nH]1)c3cc(Cl)ccc3Oc4cc(F)c(cc4F)S(=O)(=O)Nc5ncns5,CHEMBL3617063,IC50,9.7
