id,smiles,name,assay_type,activity_value
188206,O=C1NC(=O)C(N1)(C1=CC=CC=C1)C1=CC=CC=C1,phenytoin,N/A,N/A
43736,CCOC(=O)C1=CC=C(N)C=C1,benzocaine,N/A,N/A
43748,CCCN1CCCC[C@H]1C(=O)NC1=C(C)C=CC=C1C,ropivacaine,N/A,N/A
188218,[H]C1(CCCCN1C)C(=O)NC1=C(C)C=CC=C1C,mepivacaine,N/A,N/A
43880,NC1=NN=C(C(N)=N1)C1=C(Cl)C(Cl)=CC=C1,lamotrigine,N/A,N/A
43844,CCN1C(=O)NC(C1=O)C1=CC=CC=C1,ethotoin,N/A,N/A
43853,NC1=NC(N)=C(C=C1)\N=N\C1=CC=CC=C1,phenazopyridine,N/A,N/A
43862,CCC1(NC(=O)N(C)C1=O)C1=CC=CC=C1,mephenytoin,N/A,N/A
43824,CCN(CC)CC(=O)NC1=C(C)C=CC=C1C,lidocaine,IC50,4.98
43871,NC(=O)C1=CN(CC2=C(F)C=CC=C2F)N=N1,rufinamide,N/A,N/A
188234,CC(CNC1CCCCC1)OC(=O)C1=CC=CC=C1,hexylcaine,IC50,5.15
188244,CCCCNC1=CC=C(C=C1)C(=O)OCCN(C)C,tetracaine,IC50,5.47
188254,CCCNC(C)C(=O)NC1=C(SC=C1C)C(=O)OC,articaine,IC50,4.29
188264,CCCOC1=C(C=CC(N)=C1)C(=O)OCCN(CC)CC,propoxycaine,IC50,4.62
43778,CCCOC1=C(N)C=C(C=C1)C(=O)OCCN(CC)CC,proparacaine,IC50,5.72
43768,CCCCOC1=C(N)C=CC(=C1)C(=O)OCCN(CC)CC,oxybuprocaine,IC50,5.54
188279,[H][C@@]1(C[C@@H]2CC[N@]1C[C@@H]2C=C)[C@@H](O)C1=CC=NC2=CC=C(OC)C=C12,quinidine,IC50,5.49
43891,CC(=O)O[C@H]1CC2=C(C=CC=C2)N(C(N)=O)C2=CC=CC=C12,eslicarbazepine acetate,N/A,N/A
43901,CCN(CC)CCNC(=O)C1=CC=C(N)C=C1,procainamide,N/A,N/A
43910,CC(N)C(=O)NC1=C(C)C=CC=C1C,tocainide,N/A,N/A
188293,CCCNC(C)C(=O)NC1=C(C)C=CC=C1,prilocaine,IC50,4.26999998
44306,Cc1nocc1C(=O)Nc2ccc(c(N)n2)c3ccccc3OC(F)(F)F,CHEMBL2324355,IC50,5.0
44031,Nc1nc2cc(ccc2[nH]1)c3cc(Cl)ccc3Oc4cc(F)c(cc4F)S(=O)(=O)Nc5ncns5,CHEMBL3617063,IC50,5.03
188368,Cl.Nc1nc(c[nH]1)c2ccc(NC(=O)[C@H]3CCCN3)cc2,CHEMBL3113259,IC50,5.1
188379,F[C@H]1CCN(C1)C(=O)CN2CCN(C2=O)c3cccc4c3cnn4c5ccccc5F,CHEMBL3798228,IC50,5.15
188390,CNC(=O)c1cnc(N)c(c1)c2cc(Cl)cc(Cl)c2Cl,CHEMBL3589892,IC50,5.16
43998,FC(F)(F)Oc1cccc(c1)C(=O)NCc2noc(n2)c3c4ccccc4nn3CCn5ccnc5,CHEMBL3236329,IC50,5.32
44539,CC(=O)Nc1ccc(c(N)n1)c2cc(Cl)cc(Cl)c2Cl,CHEMBL3589893,IC50,5.46
188405,Fc1ccc2c(c1)c(OCCN3CCNC3=O)nn2c4ccccc4F,CHEMBL3798363,IC50,5.47
44627,COc1cc(NC(=O)c2oc(cc2)c3ccc(Cl)cc3)cc(OC)c1,CHEMBL250699,IC50,5.61
188420,CC(=O)Nc1cccc(Nc2ncnc(n2)N3CCC(CC3)OCc4ccc(OC(F)(F)F)cc4)c1C,CHEMBL1813048,IC50,6.52
188431,FC(F)(F)c1cc(CNC(=O)c2ccc(cc2)S(=O)(=O)Nc3ncc(Cl)s3)ccc1Cl,CHEMBL2324354,IC50,7.52
