id,smiles,name,assay_type,activity_value
43736,CCOC(=O)C1=CC=C(N)C=C1,benzocaine,N/A,N/A
43748,CCCN1CCCC[C@H]1C(=O)NC1=C(C)C=CC=C1C,ropivacaine,N/A,N/A
43757,CN(C)CCOC(C1=CC=CC=C1)C1=C(C)C=CC=C1,orphenadrine,Ki,5.6576
43834,CC(N)COC1=C(C)C=CC=C1C,mexiletine,IC50,4.38
188218,[H]C1(CCCCN1C)C(=O)NC1=C(C)C=CC=C1C,mepivacaine,N/A,N/A
5198978,CCCN(CC)C(CC)C(=O)NC1=C(C)C=CC=C1C,etidocaine,N/A,N/A
5198987,CCCCN1CCCCC1C(=O)NC1=C(C)C=CC=C1C,bupivacaine,IC50,6.0
5198998,CCCCN1CCCC[C@H]1C(=O)NC1=C(C)C=CC=C1C,levobupivacaine,N/A,N/A
43844,CCN1C(=O)NC(C1=O)C1=CC=CC=C1,ethotoin,N/A,N/A
43853,NC1=NC(N)=C(C=C1)\N=N\C1=CC=CC=C1,phenazopyridine,N/A,N/A
43862,CCC1(NC(=O)N(C)C1=O)C1=CC=CC=C1,mephenytoin,N/A,N/A
43824,CCN(CC)CC(=O)NC1=C(C)C=CC=C1C,lidocaine,IC50,5.7
5199012,NC(=O)N1C2=CC=CC=C2C=CC2=C1C=CC=C2,carbamazepine,Ki,4.28
43871,NC(=O)C1=CN(CC2=C(F)C=CC=C2F)N=N1,rufinamide,N/A,N/A
188206,O=C1NC(=O)C(N1)(C1=CC=CC=C1)C1=CC=CC=C1,phenytoin,Ki,4.62
43880,NC1=NN=C(C(N)=N1)C1=C(Cl)C(Cl)=CC=C1,lamotrigine,Ki,4.77
5199027,CC1=CC=CC(C)=C1NC(=O)CC12CCCN1CCC2,pilsicainide,IC50,4.37675095
43891,CC(=O)O[C@H]1CC2=C(C=CC=C2)N(C(N)=O)C2=CC=CC=C12,eslicarbazepine acetate,N/A,N/A
43901,CCN(CC)CCNC(=O)C1=CC=C(N)C=C1,procainamide,N/A,N/A
43910,CC(N)C(=O)NC1=C(C)C=CC=C1C,tocainide,N/A,N/A
5199097,Cc1cccc(C)c1NC(=O)[C@@H]2CCCN2Cc3ccccc3,CHEMBL485003,EC50,5.0
5199108,N[C@@H](COc1ccc(Cl)cc1)c2ccccc2,CHEMBL357719,EC50,5.0
5199119,C[C@H](NCc1ccccc1)C(=O)Nc2c(C)cccc2C,CHEMBL473498,EC50,5.04
5199130,CC(C)(C)OC(=O)N1CCC[C@H]1C(=O)N[C@H]2CCc3nc(N)sc3C2,CHEMBL3085867,IC50,5.1
5199141,Cc1cc(Cl)cc(C)c1OC[C@@H](N)c2ccccc2,CHEMBL147168,EC50,5.1
5199152,Cc1cccc(C)c1SC[C@H](N)c2ccccc2,CHEMBL483784,EC50,5.15
5199163,CC(C)[C@@H](N)COc1c(C)cccc1C,CHEMBL446777,EC50,5.24
5199174,CC(C)[C@H](N)COc1c(C)cccc1C,CHEMBL474672,EC50,5.24
5199184,CC[C@H](C)[C@@H]1NC(=O)[C@@H]2CSSC[C@@H]3NC(=O)[C@@H](NC(=O)[C@H](CC(C)C)NC(=O)[C@H](CC(=O)N)NC(=O)[C@@H]4CCCN4C(=O)[C@H](CCCNC(=N)N)NC(=O)[C@H](CSSC[C@H](NC(=O)[C@@H](N)CC(=O)O)C(=O)N[C@@H](CC(C)C)C(=O)NCC(=O)N[C@@H](Cc5ccccc5)C(=O)N[C@@H](CCSC)C(=O)N[C@@H](CCCNC(=N)N)C(=O)N[C@@H](CCCCN)C(=O)N2)NC(=O)[C@H](CSSC[C@H](NC(=O)[C@H](Cc6cccc7ccccc67)NC(=O)[C@H](CCCCN)NC(=O)[C@H](Cc8cnc[nH]8)NC(=O)[C@@H](NC(=O)[C@H](CCCNC(=N)N)NC(=O)[C@H](CO)NC3=O)[C@@H](C)O)C(=O)N[C@@H](CCCCN)C(=O)N[C@@H](Cc9ccc(O)cc9)C(=O)N[C@@H](C(C)C)C(=O)N[C@@H](Cc%10ccccc%10)C(=O)N)NC(=O)[C@H](CCCCN)NC(=O)[C@H](CC(=O)O)NC(=O)[C@H](CC(=O)N)NC(=O)[C@H](CC(=O)O)NC(=O)[C@@H]%11CCCN%11C1=O)C(C)C,CHEMBL3800477,IC50,5.25
5199195,Cc1cccc(C)c1SC[C@@H](N)c2ccccc2,CHEMBL452986,EC50,5.33
43998,FC(F)(F)Oc1cccc(c1)C(=O)NCc2noc(n2)c3c4ccccc4nn3CCn5ccnc5,CHEMBL3236329,IC50,5.34
5199207,CSCC[C@@H]1NC(=O)[C@H](Cc2ccccc2)NC(=O)CNC(=O)[C@H](CC(C)C)NC(=O)[C@H](CSSC[C@@H]3NC(=O)[C@@H]4CSSC[C@H](NC(=O)[C@H](Cc5c[nH]c6ccccc56)NC(=O)[C@H](CCCCN)NC(=O)[C@H](Cc7cnc[nH]7)NC(=O)[C@@H](NC(=O)[C@H](CCCNC(=N)N)NC(=O)[C@H](CO)NC(=O)[C@H](CSSC[C@H](NC(=O)[C@H](CCCCN)NC(=O)[C@H](CCCNC(=N)N)NC1=O)C(=O)N[C@@H](CCC(=O)O)C(=O)N8CCC[C@H]8C(=O)N[C@@H](CC(=O)O)C(=O)N[C@@H](CC(=O)N)C(=O)N[C@@H](CC(=O)O)C(=O)N[C@@H](CCCCN)C(=O)N4)NC(=O)[C@@H](NC(=O)[C@H](CC(C)C)NC(=O)[C@H](CC(=O)N)NC(=O)[C@@H]9CCCN9C(=O)[C@H](CCCNC(=N)N)NC3=O)C(C)C)[C@@H](C)O)C(=O)N[C@@H](CCCCN)C(=O)N[C@@H](Cc%10ccc(O)cc%10)C(=O)N[C@@H](C(C)C)C(=O)N[C@@H](Cc%11ccccc%11)C(=O)N)NC(=O)[C@@H](N)CC(=O)O,CHEMBL3799757,IC50,5.35
5199217,CC[C@H](C)[C@@H]1NC(=O)[C@@H]2CSSC[C@@H]3NC(=O)[C@@H](NC(=O)[C@H](CC(C)C)NC(=O)[C@H](CC(=O)N)NC(=O)[C@@H]4CCCN4C(=O)[C@H](CCCNC(=N)N)NC(=O)[C@H](CSSC[C@H](NC(=O)[C@@H](N)CC(=O)O)C(=O)N[C@@H](CC(C)C)C(=O)NCC(=O)N[C@@H](Cc5ccccc5)C(=O)N[C@@H](CCSC)C(=O)N[C@@H](CCCNC(=N)N)C(=O)N[C@@H](CCCCN)C(=O)N2)NC(=O)[C@H](CSSC[C@H](NC(=O)[C@H](Cc6c[nH]c7ccccc67)NC(=O)[C@H](CCC(=O)N)NC(=O)[C@H](Cc8cnc[nH]8)NC(=O)[C@@H](NC(=O)[C@H](CCCNC(=N)N)NC(=O)[C@H](CO)NC3=O)[C@@H](C)O)C(=O)N[C@@H](CCCCN)C(=O)N[C@@H](Cc9ccc(O)cc9)C(=O)N[C@@H](C(C)C)C(=O)N[C@@H](Cc%10ccccc%10)C(=O)N)NC(=O)[C@H](CCCCN)NC(=O)[C@H](CC(=O)O)NC(=O)[C@H](CC(=O)N)NC(=O)[C@H](CC(=O)O)NC(=O)[C@@H]%11CCCN%11C1=O)C(C)C,CHEMBL3798460,IC50,5.36
5199227,CC[C@H](C)[C@@H]1NC(=O)[C@@H]2CSSC[C@@H]3NC(=O)[C@@H](NC(=O)[C@H](CC(C)C)NC(=O)[C@H](CC(=O)N)NC(=O)[C@@H]4CCCN4C(=O)[C@H](CCCNC(=N)N)NC(=O)[C@H](CSSC[C@H](NC(=O)[C@@H](N)CC(=O)O)C(=O)N[C@@H](CC(C)C)C(=O)NCC(=O)N[C@@H](Cc5ccccc5)C(=O)N[C@@H](CCSC)C(=O)N[C@@H](CCCNC(=N)N)C(=O)N[C@@H](CCCCN)C(=O)N2)NC(=O)[C@H](CSSC[C@H](NC(=O)[C@H](Cc6c[nH]c7ccccc67)NC(=O)[C@H](CCCCN)NC(=O)[C@H](Cc8cnc[nH]8)NC(=O)[C@@H](NC(=O)[C@H](CCCNC(=N)N)NC(=O)[C@H](CO)NC3=O)[C@@H](C)O)C(=O)N[C@@H](CCCCN)C(=O)N[C@@H](Cc9ccc(O)cc9)C(=O)N[C@@H](C(C)C)C(=O)N[C@@H](Cc%10ccccc%10)C(=O)N)NC(=O)[C@H](CCCCN)NC(=O)[C@H](CC(=O)O)NC(=O)[C@H](CCC(=O)O)NC(=O)[C@H](CC(=O)O)NC(=O)[C@@H]%11CCCN%11C1=O)C(C)C,CHEMBL3798414,IC50,5.36
5199237,CSCC[C@@H]1NC(=O)[C@H](Cc2ccccc2)NC(=O)CNC(=O)[C@H](CC(C)C)NC(=O)[C@H](CSSC[C@@H]3NC(=O)[C@@H]4CSSC[C@H](NC(=O)[C@H](Cc5c[nH]c6ccccc56)NC(=O)[C@H](CCCCN)NC(=O)[C@H](Cc7cnc[nH]7)NC(=O)[C@@H](NC(=O)[C@H](CCCNC(=N)N)NC(=O)[C@H](CO)NC(=O)[C@H](CSSC[C@H](NC(=O)[C@H](CCCCN)NC(=O)[C@H](CCCNC(=N)N)NC1=O)C(=O)N[C@@H](Cc8cc9ccccc9[nH]8)C(=O)N%10CCC[C@H]%10C(=O)N[C@@H](CC(=O)O)C(=O)N[C@@H](CC(=O)N)C(=O)N[C@@H](CC(=O)O)C(=O)N[C@@H](CCCCN)C(=O)N4)NC(=O)[C@@H](NC(=O)[C@H](CC(C)C)NC(=O)[C@H](CC(=O)N)NC(=O)[C@@H]%11CCCN%11C(=O)[C@H](CCCNC(=N)N)NC3=O)C(C)C)[C@@H](C)O)C(=O)N[C@@H](CCCCN)C(=O)N[C@@H](Cc%12ccc(O)cc%12)C(=O)N[C@@H](C(C)C)C(=O)N[C@@H](Cc%13ccccc%13)C(=O)N)NC(=O)[C@@H](N)CC(=O)O,CHEMBL3799942,IC50,5.36
5199247,CC[C@H](C)[C@@H]1NC(=O)[C@H]2CSSC[C@H]3NC(=O)[C@@H](NC(=O)[C@H](CC(C)C)NC(=O)[C@H](CC(=O)N)NC(=O)[C@@H]4CCCN4C(=O)[C@H](CCCNC(=N)N)NC(=O)[C@H](CSSC[C@H](NC(=O)[C@@H](N)CC(=O)O)C(=O)N[C@@H](CC(C)C)C(=O)NCC(=O)N[C@@H](Cc5ccccc5)C(=O)N[C@@H](CCSC)C(=O)N[C@@H](CCCNC(=N)N)C(=O)N[C@@H](CCCCN)C(=O)N2)NC(=O)[C@@H](CSSC[C@H](NC(=O)[C@H](Cc6c[nH]c7ccccc67)NC(=O)[C@H](CCCCN)NC(=O)[C@H](C)NC(=O)[C@@H](NC(=O)[C@H](CCCNC(=N)N)NC(=O)[C@H](CO)NC3=O)[C@@H](C)O)C(=O)N[C@@H](CCCCN)C(=O)N[C@@H](Cc8ccc(O)cc8)C(=O)N[C@@H](C(C)C)C(=O)N[C@@H](Cc9ccccc9)C(=O)N)NC(=O)[C@H](CCCCN)NC(=O)[C@H](CC(=O)O)NC(=O)[C@H](CC(=O)N)NC(=O)[C@H](CC(=O)O)NC(=O)[C@@H]%10CCCN%10C1=O)C(C)C,CHEMBL3798855,IC50,5.39
5199257,CSCC[C@@H]1NC(=O)[C@H](Cc2ccccc2)NC(=O)CNC(=O)[C@H](CC(C)C)NC(=O)[C@H](CSSC[C@@H]3NC(=O)[C@@H]4CSSC[C@H](NC(=O)[C@H](Cc5c[nH]c6ccccc56)NC(=O)[C@H](CCCCN)NC(=O)[C@H](Cc7cnc[nH]7)NC(=O)[C@@H](NC(=O)[C@H](CCCNC(=N)N)NC(=O)[C@H](CO)NC(=O)[C@H](CSSC[C@H](NC(=O)[C@H](CCCCN)NC(=O)[C@H](CCCNC(=N)N)NC1=O)C(=O)N[C@@H](Cc8ccc(cc8)C(=O)O)C(=O)N9CCC[C@H]9C(=O)N[C@@H](CC(=O)O)C(=O)N[C@@H](CC(=O)N)C(=O)N[C@@H](CC(=O)O)C(=O)N[C@@H](CCCCN)C(=O)N4)NC(=O)[C@@H](NC(=O)[C@H](CC(C)C)NC(=O)[C@H](CC(=O)N)NC(=O)[C@@H]%10CCCN%10C(=O)[C@H](CCCNC(=N)N)NC3=O)C(C)C)[C@@H](C)O)C(=O)N[C@@H](CCCCN)C(=O)N[C@@H](Cc%11ccc(O)cc%11)C(=O)N[C@@H](C(C)C)C(=O)N[C@@H](Cc%12ccccc%12)C(=O)N)NC(=O)[C@@H](N)CC(=O)O,CHEMBL3800058,IC50,5.4
5199268,N[C@@H](COc1ccccc1)c2ccccc2,CHEMBL150055,EC50,5.4
5199278,CC[C@H](C)[C@@H]1NC(=O)[C@@H]2CSSC[C@@H]3NC(=O)[C@@H](NC(=O)[C@H](CC(C)C)NC(=O)[C@H](CC(=O)N)NC(=O)[C@@H]4CCCN4C(=O)[C@H](CCCNC(=N)N)NC(=O)[C@H](CSSC[C@H](NC(=O)[C@@H](N)CC(=O)O)C(=O)N[C@@H](CC(C)C)C(=O)NCC(=O)N[C@@H](Cc5ccccc5)C(=O)N[C@@H](CCSC)C(=O)N[C@@H](CCCNC(=N)N)C(=O)N[C@@H](CCCCN)C(=O)N2)NC(=O)[C@H](CSSC[C@H](NC(=O)[C@H](Cc6c[nH]c7ccccc67)NC(=O)[C@H](CCCCN)NC(=O)[C@H](Cc8cnc[nH]8)NC(=O)[C@@H](NC(=O)[C@H](CCCCN)NC(=O)[C@H](CO)NC3=O)[C@@H](C)O)C(=O)N[C@@H](CCCCN)C(=O)N[C@@H](Cc9ccc(O)cc9)C(=O)N[C@@H](C(C)C)C(=O)N[C@@H](Cc%10ccccc%10)C(=O)N)NC(=O)[C@H](CCCCN)NC(=O)[C@H](CC(=O)O)NC(=O)[C@H](CC(=O)N)NC(=O)[C@H](CC(=O)O)NC(=O)[C@@H]%11CCCN%11C1=O)C(C)C,CHEMBL3799411,IC50,5.41
5199288,CC[C@H](C)[C@@H]1NC(=O)[C@@H]2CSSC[C@@H]3NC(=O)[C@@H](NC(=O)[C@H](CC(C)C)NC(=O)[C@H](CC(=O)N)NC(=O)[C@@H]4CCCN4C(=O)[C@H](CCCNC(=N)N)NC(=O)[C@H](CSSC[C@H](NC(=O)[C@H](CC(=O)O)NC(=O)[C@@H](N)Cc5c[nH]c6ccccc56)C(=O)N[C@@H](CC(C)C)C(=O)NCC(=O)N[C@@H](Cc7ccccc7)C(=O)N[C@@H](CCSC)C(=O)N[C@@H](CCCNC(=N)N)C(=O)N[C@@H](CCCCN)C(=O)N2)NC(=O)[C@H](CSSC[C@H](NC(=O)[C@H](Cc8c[nH]c9ccccc89)NC(=O)[C@H](CCCCN)NC(=O)[C@H](Cc%10cnc[nH]%10)NC(=O)[C@@H](NC(=O)[C@H](CCCNC(=N)N)NC(=O)[C@H](CO)NC3=O)[C@@H](C)O)C(=O)N[C@@H](CCCCN)C(=O)N[C@@H](Cc%11ccc(O)cc%11)C(=O)N[C@@H](C(C)C)C(=O)N[C@@H](Cc%12ccccc%12)C(=O)N)NC(=O)[C@H](CCCCN)NC(=O)[C@H](CC(=O)O)NC(=O)[C@H](CC(=O)N)NC(=O)[C@H](CC(=O)O)NC(=O)[C@@H]%13CCCN%13C1=O)C(C)C,CHEMBL3797833,IC50,5.41
5199299,CC[C@H](C)[C@H](NC(=O)[C@H](CCC(=O)N)NC(=O)[C@H](Cc1ccc(O)cc1)NC(=O)[C@H](CCCCN)NC(=O)[C@@H]2CSSC[C@@H]3NC(=O)[C@H](CCC(=O)N)NC(=O)[C@H](CC(=O)O)NC(=O)[C@H](CC(=O)N)NC(=O)[C@H](CO)NC(=O)[C@@H]4CCCN4C(=O)[C@H](CC(=O)N)NC(=O)[C@@H]5CSSC[C@H](NC(=O)[C@@H](NC(=O)[C@H](CC(C)C)NC(=O)[C@H](CCCCN)NC(=O)[C@H](CO)NC(=O)[C@H](CO)NC(=O)[C@H](CCCCN)NC(=O)[C@H](CSSC[C@H](NC(=O)[C@@H](N)CCC(=O)O)C(=O)N[C@@H](CC(C)C)C(=O)N[C@@H](CCC(=O)O)C(=O)N[C@@H]([C@@H](C)CC)C(=O)N[C@@H](Cc6ccccc6)C(=O)N[C@@H](CCCCN)C(=O)N[C@@H](C)C(=O)N5)NC3=O)C(C)C)C(=O)N[C@@H](CO)C(=O)N[C@@H](CCCNC(=N)N)C(=O)N[C@@H](CCCCN)C(=O)N[C@@H]([C@@H](C)O)C(=O)N[C@@H](CCCNC(=N)N)C(=O)N[C@@H](Cc7c[nH]c8ccccc78)C(=O)N2)C(=O)O,CHEMBL3416887,IC50,5.41
5199309,CC[C@H](C)[C@@H]1NC(=O)[C@@H]2CSSC[C@@H]3NC(=O)[C@@H](NC(=O)[C@H](CC(C)C)NC(=O)[C@H](CC(=O)N)NC(=O)[C@@H]4CCCN4C(=O)[C@H](CCCCN)NC(=O)[C@H](CSSC[C@H](NC(=O)[C@@H](N)CC(=O)O)C(=O)N[C@@H](CC(C)C)C(=O)NCC(=O)N[C@@H](Cc5ccccc5)C(=O)N[C@@H](CCSC)C(=O)N[C@@H](CCCNC(=N)N)C(=O)N[C@@H](CCCCN)C(=O)N2)NC(=O)[C@H](CSSC[C@H](NC(=O)[C@H](Cc6c[nH]c7ccccc67)NC(=O)[C@H](CCCCN)NC(=O)[C@H](Cc8cnc[nH]8)NC(=O)[C@@H](NC(=O)[C@H](CCCNC(=N)N)NC(=O)[C@H](CO)NC3=O)[C@@H](C)O)C(=O)N[C@@H](CCCCN)C(=O)N[C@@H](Cc9ccc(O)cc9)C(=O)N[C@@H](C(C)C)C(=O)N[C@@H](Cc%10ccccc%10)C(=O)N)NC(=O)[C@H](CCCCN)NC(=O)[C@H](CC(=O)O)NC(=O)[C@H](CC(=O)N)NC(=O)[C@H](CC(=O)O)NC(=O)[C@@H]%11CCCN%11C1=O)C(C)C,CHEMBL3798860,IC50,5.42
5199319,CC[C@H](C)[C@@H]1NC(=O)[C@@H]2CSSC[C@@H]3NC(=O)[C@@H](NC(=O)[C@H](CC(C)C)NC(=O)[C@H](CC(=O)N)NC(=O)[C@@H]4CCCN4C(=O)[C@H](Cc5cc6ccccc6[nH]5)NC(=O)[C@H](CSSC[C@H](NC(=O)[C@@H](N)CC(=O)O)C(=O)N[C@@H](CC(C)C)C(=O)NCC(=O)N[C@@H](Cc7ccccc7)C(=O)N[C@@H](CCSC)C(=O)N[C@@H](CCCNC(=N)N)C(=O)N[C@@H](CCCCN)C(=O)N2)NC(=O)[C@H](CSSC[C@H](NC(=O)[C@H](Cc8c[nH]c9ccccc89)NC(=O)[C@H](CCCCN)NC(=O)[C@H](Cc%10cnc[nH]%10)NC(=O)[C@@H](NC(=O)[C@H](CCCNC(=N)N)NC(=O)[C@H](CO)NC3=O)[C@@H](C)O)C(=O)N[C@@H](CCCCN)C(=O)N[C@@H](Cc%11ccc(O)cc%11)C(=O)N[C@@H](C(C)C)C(=O)N[C@@H](Cc%12ccccc%12)C(=O)N)NC(=O)[C@H](CCCCN)NC(=O)[C@H](CC(=O)O)NC(=O)[C@H](CC(=O)N)NC(=O)[C@H](CC(=O)O)NC(=O)[C@@H]%13CCCN%13C1=O)C(C)C,CHEMBL3799619,IC50,5.43
5199329,CC[C@H](C)[C@@H]1NC(=O)[C@@H]2CSSC[C@@H]3NC(=O)[C@@H](NC(=O)[C@H](CC(C)C)NC(=O)[C@H](CCCCN)NC(=O)[C@@H]4CCCN4C(=O)[C@H](CCCNC(=N)N)NC(=O)[C@H](CSSC[C@H](NC(=O)[C@@H](N)CC(=O)O)C(=O)N[C@@H](CC(C)C)C(=O)NCC(=O)N[C@@H](Cc5ccccc5)C(=O)N[C@@H](CCSC)C(=O)N[C@@H](CCCNC(=N)N)C(=O)N[C@@H](CCCCN)C(=O)N2)NC(=O)[C@H](CSSC[C@H](NC(=O)[C@H](Cc6c[nH]c7ccccc67)NC(=O)[C@H](CCCCN)NC(=O)[C@H](Cc8cnc[nH]8)NC(=O)[C@@H](NC(=O)[C@H](CCCNC(=N)N)NC(=O)[C@H](CO)NC3=O)[C@@H](C)O)C(=O)N[C@@H](CCCCN)C(=O)N[C@@H](Cc9ccc(O)cc9)C(=O)N[C@@H](C(C)C)C(=O)N[C@@H](Cc%10ccccc%10)C(=O)N)NC(=O)[C@H](CCCCN)NC(=O)[C@H](CC(=O)O)NC(=O)[C@H](CC(=O)N)NC(=O)[C@H](CC(=O)O)NC(=O)[C@@H]%11CCCN%11C1=O)C(C)C,CHEMBL3799719,IC50,5.43
5199340,C[C@H](CN)COc1c(C)cc(Cl)cc1C,CHEMBL486315,EC50,5.43
5199350,CC[C@H](C)[C@@H]1NC(=O)[C@@H]2CSSC[C@@H]3NC(=O)[C@@H](NC(=O)[C@H](CC(C)C)NC(=O)[C@H](CC(=O)N)NC(=O)[C@@H]4CCCN4C(=O)[C@H](CCCNC(=N)N)NC(=O)[C@H](CSSC[C@H](NC(=O)[C@@H](N)CCC(=O)O)C(=O)N[C@@H](CC(C)C)C(=O)NCC(=O)N[C@@H](Cc5ccccc5)C(=O)N[C@@H](CCSC)C(=O)N[C@@H](CCCNC(=N)N)C(=O)N[C@@H](CCCCN)C(=O)N2)NC(=O)[C@H](CSSC[C@H](NC(=O)[C@H](Cc6c[nH]c7ccccc67)NC(=O)[C@H](CCCCN)NC(=O)[C@H](Cc8cnc[nH]8)NC(=O)[C@@H](NC(=O)[C@H](CCCNC(=N)N)NC(=O)[C@H](CO)NC3=O)[C@@H](C)O)C(=O)N[C@@H](CCCCN)C(=O)N[C@@H](Cc9ccc(O)cc9)C(=O)N[C@@H](C(C)C)C(=O)N[C@@H](Cc%10ccccc%10)C(=O)N)NC(=O)[C@H](CCCCN)NC(=O)[C@H](CC(=O)O)NC(=O)[C@H](CC(=O)N)NC(=O)[C@H](CC(=O)O)NC(=O)[C@@H]%11CCCN%11C1=O)C(C)C,CHEMBL3798466,IC50,5.46
5199360,CC[C@H](C)[C@@H]1NC(=O)[C@@H]2CSSC[C@@H]3NC(=O)[C@@H](NC(=O)[C@H](CC(C)C)NC(=O)[C@H](CC(=O)N)NC(=O)[C@@H]4CCCN4C(=O)[C@H](CCCNC(=N)N)NC(=O)[C@H](CSSC[C@H](NC(=O)[C@H](CC(=O)O)NC(=O)C)C(=O)N[C@@H](CC(C)C)C(=O)NCC(=O)N[C@@H](Cc5ccccc5)C(=O)N[C@@H](CCSC)C(=O)N[C@@H](CCCNC(=N)N)C(=O)N[C@@H](CCCCN)C(=O)N2)NC(=O)[C@H](CSSC[C@H](NC(=O)[C@H](Cc6c[nH]c7ccccc67)NC(=O)[C@H](CCCCN)NC(=O)[C@H](Cc8cnc[nH]8)NC(=O)[C@@H](NC(=O)[C@H](CCCNC(=N)N)NC(=O)[C@H](CO)NC3=O)[C@@H](C)O)C(=O)N[C@@H](CCCCN)C(=O)N[C@@H](Cc9ccc(O)cc9)C(=O)N[C@@H](C(C)C)C(=O)N[C@@H](Cc%10ccccc%10)C(=O)N)NC(=O)[C@H](CCCCN)NC(=O)[C@H](CC(=O)O)NC(=O)[C@H](CC(=O)N)NC(=O)[C@H](CC(=O)O)NC(=O)[C@@H]%11CCCN%11C1=O)C(C)C,CHEMBL3799252,IC50,5.47
5199370,CC[C@H](C)[C@@H]1NC(=O)[C@@H]2CSSC[C@@H]3NC(=O)[C@@H](NC(=O)[C@H](CC(C)C)NC(=O)[C@H](CC(=O)N)NC(=O)[C@@H]4CCCN4C(=O)[C@H](CCCN\C(=N\C)\NC)NC(=O)[C@H](CSSC[C@H](NC(=O)[C@@H](N)CC(=O)O)C(=O)N[C@@H](CC(C)C)C(=O)NCC(=O)N[C@@H](Cc5ccccc5)C(=O)N[C@@H](CCSC)C(=O)N[C@@H](CCCNC(=N)N)C(=O)N[C@@H](CCCCN)C(=O)N2)NC(=O)[C@H](CSSC[C@H](NC(=O)[C@H](Cc6c[nH]c7ccccc67)NC(=O)[C@H](CCCCN)NC(=O)[C@H](Cc8cnc[nH]8)NC(=O)[C@@H](NC(=O)[C@H](CCCNC(=N)N)NC(=O)[C@H](CO)NC3=O)[C@@H](C)O)C(=O)N[C@@H](CCCCN)C(=O)N[C@@H](Cc9ccc(O)cc9)C(=O)N[C@@H](C(C)C)C(=O)N[C@@H](Cc%10ccccc%10)C(=O)N)NC(=O)[C@H](CCCCN)NC(=O)[C@H](CC(=O)O)NC(=O)[C@H](CC(=O)N)NC(=O)[C@H](CC(=O)O)NC(=O)[C@@H]%11CCCN%11C1=O)C(C)C,CHEMBL3799378,IC50,5.47
5199380,CC[C@H](C)[C@@H]1NC(=O)[C@@H]2CSSC[C@@H]3NC(=O)[C@H](Cc4c[nH]c5ccccc45)NC(=O)[C@H](CC(C)C)NC(=O)[C@H](CC(=O)N)NC(=O)[C@@H]6CCCN6C(=O)[C@H](CCCNC(=N)N)NC(=O)[C@H](CSSC[C@H](NC(=O)[C@@H](N)CC(=O)O)C(=O)N[C@@H](CC(C)C)C(=O)NCC(=O)N[C@@H](Cc7ccccc7)C(=O)N[C@@H](CCSC)C(=O)N[C@@H](CCCNC(=N)N)C(=O)N[C@@H](CCCCN)C(=O)N2)NC(=O)[C@H](CSSC[C@H](NC(=O)[C@H](Cc8c[nH]c9ccccc89)NC(=O)[C@H](CCCCN)NC(=O)[C@H](Cc%10cnc[nH]%10)NC(=O)[C@@H](NC(=O)[C@H](CCCNC(=N)N)NC(=O)[C@H](CO)NC3=O)[C@@H](C)O)C(=O)N[C@@H](CCCCN)C(=O)N[C@@H](Cc%11ccc(O)cc%11)C(=O)N[C@@H](C(C)C)C(=O)N[C@@H](Cc%12ccccc%12)C(=O)N)NC(=O)[C@H](CCCCN)NC(=O)[C@H](CC(=O)O)NC(=O)[C@H](CC(=O)N)NC(=O)[C@H](CC(=O)O)NC(=O)[C@@H]%13CCCN%13C1=O,CHEMBL3800461,IC50,5.47
5199390,CC[C@H](C)[C@@H]1NC(=O)[C@@H]2CSSC[C@@H]3NC(=O)[C@@H](NC(=O)[C@H](CC(C)C)NC(=O)[C@H](CC(=O)N)NC(=O)[C@@H]4CCCN4C(=O)[C@H](CCCNC(=N)N)NC(=O)[C@H](CSSC[C@H](NC(=O)[C@@H](N)CC(=O)O)C(=O)N[C@@H](CC(C)C)C(=O)NCC(=O)N[C@@H](Cc5ccccc5)C(=O)N[C@@H](CCSC)C(=O)N[C@@H](CCCNC(=N)N)C(=O)N[C@@H](CCCCN)C(=O)N2)NC(=O)[C@@H](CSSC[C@H](NC(=O)[C@H](Cc6c[nH]c7ccccc67)NC(=O)[C@H](CCCCN)NC(=O)[C@H](Cc8cnc[nH]8)NC(=O)[C@H](C)NC(=O)[C@H](CCCNC(=N)N)NC(=O)[C@H](CO)NC3=O)C(=O)N[C@@H](CCCCN)C(=O)N[C@@H](Cc9ccc(O)cc9)C(=O)N[C@@H](C(C)C)C(=O)N[C@@H](Cc%10ccccc%10)C(=O)N)NC(=O)[C@H](CCCCN)NC(=O)[C@H](CC(=O)O)NC(=O)[C@H](CC(=O)N)NC(=O)[C@H](CC(=O)O)NC(=O)[C@@H]%11CCCN%11C1=O)C(C)C,CHEMBL3800007,IC50,5.5
5199400,CSCC[C@@H]1NC(=O)[C@H](Cc2ccccc2)NC(=O)CNC(=O)[C@H](CC(C)C)NC(=O)[C@H](CSSC[C@@H]3NC(=O)[C@@H]4CSSC[C@H](NC(=O)[C@H](Cc5c[nH]c6ccccc56)NC(=O)[C@H](CCCCN)NC(=O)[C@H](Cc7cnc[nH]7)NC(=O)[C@@H](NC(=O)[C@H](CCCNC(=N)N)NC(=O)[C@H](CO)NC(=O)[C@H](CSSC[C@H](NC(=O)[C@H](CCCCN)NC(=O)[C@H](CCCNC(=N)N)NC1=O)C(=O)N[C@@H](CCSC)C(=O)N8CCC[C@H]8C(=O)N[C@@H](CC(=O)O)C(=O)N[C@@H](CC(=O)N)C(=O)N[C@@H](CC(=O)O)C(=O)N[C@@H](CCCCN)C(=O)N4)NC(=O)[C@@H](NC(=O)[C@H](CC(C)C)NC(=O)[C@H](CC(=O)N)NC(=O)[C@@H]9CCCN9C(=O)[C@H](CCCNC(=N)N)NC3=O)C(C)C)[C@@H](C)O)C(=O)N[C@@H](CCCCN)C(=O)N[C@@H](Cc%10ccc(O)cc%10)C(=O)N[C@@H](C(C)C)C(=O)N[C@@H](Cc%11ccccc%11)C(=O)N)NC(=O)[C@@H](N)CC(=O)O,CHEMBL3800441,IC50,5.51
5199410,CSCC[C@@H]1NC(=O)[C@H](Cc2ccccc2)NC(=O)CNC(=O)[C@H](CC(C)C)NC(=O)[C@H](CSSC[C@@H]3NC(=O)[C@@H]4CSSC[C@H](NC(=O)[C@H](Cc5c[nH]c6ccccc56)NC(=O)[C@H](CCCCN)NC(=O)[C@H](Cc7c[nH]cn7)NC(=O)[C@@H](NC(=O)[C@H](CCCNC(=N)N)NC(=O)[C@H](CO)NC(=O)[C@H](CSSC[C@H](NC(=O)[C@H](CCCCN)NC(=O)[C@H](CCCNC(=N)N)NC1=O)C(=O)N[C@@H](Cc8cccc9ccccc89)C(=O)N%10CCC[C@H]%10C(=O)N[C@@H](CC(=O)O)C(=O)N[C@@H](CC(=O)N)C(=O)N[C@@H](CC(=O)O)C(=O)N[C@@H](CCCCN)C(=O)N4)NC(=O)[C@@H](NC(=O)[C@H](CC(C)C)NC(=O)[C@H](CC(=O)N)NC(=O)[C@@H]%11CCCN%11C(=O)[C@H](CCCNC(=N)N)NC3=O)C(C)C)[C@@H](C)O)C(=O)N[C@@H](CCCCN)C(=O)N[C@@H](Cc%12ccc(O)cc%12)C(=O)N[C@@H](C(C)C)C(=O)N[C@@H](Cc%13ccccc%13)C(=O)N)NC(=O)[C@@H](N)CC(=O)O,CHEMBL3798261,IC50,5.52
5199421,Cc1cccc(C)c1OC[C@@H](N)c2ccccc2,CHEMBL347767,EC50,5.52
5199432,Cc1cccc(C)c1OC[C@H](N)c2ccccc2,CHEMBL151557,EC50,5.52
5199443,Cc1ccccc1OC[C@@H](N)Cc2ccccc2,CHEMBL486528,EC50,5.52
5199454,N[C@H](COc1ccc(Cl)cc1)c2ccccc2,CHEMBL151508,EC50,5.52
5199464,CSCC[C@@H]1NC(=O)[C@H](Cc2ccccc2)NC(=O)CNC(=O)[C@H](CC(C)C)NC(=O)[C@H](CSSC[C@@H]3NC(=O)[C@@H]4CSSC[C@H](NC(=O)[C@H](Cc5c[nH]c6ccccc56)NC(=O)[C@H](CCCCN)NC(=O)[C@H](Cc7cnc[nH]7)NC(=O)[C@@H](NC(=O)[C@H](CCCNC(=N)N)NC(=O)[C@H](CO)NC(=O)[C@H](CSSC[C@H](NC(=O)[C@H](CCCCN)NC(=O)[C@H](CCCNC(=N)N)NC1=O)C(=O)N[C@@H](Cc8ccccn8)C(=O)N9CCC[C@H]9C(=O)N[C@@H](CC(=O)O)C(=O)N[C@@H](CC(=O)N)C(=O)N[C@@H](CC(=O)O)C(=O)N[C@@H](CCCCN)C(=O)N4)NC(=O)[C@@H](NC(=O)[C@H](CC(C)C)NC(=O)[C@H](CC(=O)N)NC(=O)[C@@H]%10CCCN%10C(=O)[C@H](CCCNC(=N)N)NC3=O)C(C)C)[C@@H](C)O)C(=O)N[C@@H](CCCCN)C(=O)N[C@@H](Cc%11ccc(O)cc%11)C(=O)N[C@@H](C(C)C)C(=O)N[C@@H](Cc%12ccccc%12)C(=O)N)NC(=O)[C@@H](N)CC(=O)O,CHEMBL3798546,IC50,5.54
5199475,C[C@@H](CN)COc1c(C)cc(Cl)cc1C,CHEMBL501561,EC50,5.54
5199485,CC[C@H](C)[C@@H]1NC(=O)[C@@H]2CSSC[C@@H]3NC(=O)[C@@H](NC(=O)[C@H](CC(C)C)NC(=O)[C@H](CC(=O)N)NC(=O)[C@@H]4CCCN4C(=O)[C@H](CCCNC(=N)N)NC(=O)[C@H](CSSC[C@H](NC(=O)[C@@H](N)CC(=O)O)C(=O)N[C@@H](CC(C)C)C(=O)NCC(=O)N[C@@H](Cc5ccccc5)C(=O)N[C@@H](CCSC)C(=O)N[C@@H](CCCNC(=N)N)C(=O)N[C@@H](CCCCN)C(=O)N2)NC(=O)[C@H](CSSC[C@H](NC(=O)[C@H](Cc6c[nH]c7ccccc67)NC(=O)[C@H](CCCCN)NC(=O)[C@H](Cc8c[nH]cn8)NC(=O)[C@@H](NC(=O)[C@H](CCCNC(=N)N)NC(=O)[C@H](CO)NC3=O)[C@@H](C)O)C(=O)N[C@@H](CCCCN)C(=O)N[C@@H](Cc9ccc(O)cc9)C(=O)N[C@@H](C(C)C)C(=O)N[C@@H](Cc%10ccccc%10)C(=O)N[C@@H](Cc%11c[nH]c%12ccccc%11%12)C(=O)N)NC(=O)[C@H](CCCCN)NC(=O)[C@H](CC(=O)O)NC(=O)[C@H](CC(=O)N)NC(=O)[C@H](CC(=O)O)NC(=O)[C@@H]%13CCCN%13C1=O)C(C)C,CHEMBL3800498,IC50,5.57
5199496,C[C@H](CN)CSc1c(C)cccc1C,CHEMBL448542,EC50,5.57
5199506,CC[C@H](C)[C@@H]1NC(=O)[C@@H]2CSSC[C@@H]3NC(=O)[C@@H](NC(=O)[C@H](CC(C)C)NC(=O)[C@H](CC(=O)N)NC(=O)[C@@H]4CCCN4C(=O)[C@H](CCCNC(=N)N)NC(=O)[C@H](CSSC[C@H](NC(=O)[C@@H](N)CC(=O)O)C(=O)N[C@@H](CC(C)C)C(=O)NCC(=O)N[C@@H](Cc5ccccc5)C(=O)N[C@@H](CCSC)C(=O)N[C@@H](CCCNC(=N)N)C(=O)N[C@@H](CCCCN)C(=O)N2)NC(=O)[C@H](CSSC[C@H](NC(=O)[C@H](Cc6c[nH]c7ccccc67)NC(=O)[C@H](CCCCN)NC(=O)[C@H](CCCNC(=N)N)NC(=O)[C@@H](NC(=O)[C@H](CCCNC(=N)N)NC(=O)[C@H](CO)NC3=O)[C@@H](C)O)C(=O)N[C@@H](CCCCN)C(=O)N[C@@H](Cc8ccc(O)cc8)C(=O)N[C@@H](C(C)C)C(=O)N[C@@H](Cc9ccccc9)C(=O)N)NC(=O)[C@H](CCCCN)NC(=O)[C@H](CC(=O)O)NC(=O)[C@H](CC(=O)N)NC(=O)[C@H](CC(=O)O)NC(=O)[C@@H]%10CCCN%10C1=O)C(C)C,CHEMBL3799101,IC50,5.59
5199516,CC[C@H](C)[C@@H]1NC(=O)[C@@H]2CSSC[C@@H]3NC(=O)[C@@H](NC(=O)[C@H](CC(C)C)NC(=O)[C@H](CC(=O)N)NC(=O)[C@@H]4CCCN4C(=O)[C@H](CCCNC(=N)N)NC(=O)[C@H](CSSC[C@H](NC(=O)[C@@H](N)CC(=O)O)C(=O)N[C@@H](CC(C)C)C(=O)NCC(=O)N[C@@H](Cc5ccccc5)C(=O)N[C@@H](CCSC)C(=O)N[C@@H](CCCNC(=N)N)C(=O)N[C@@H](CCCCN)C(=O)N2)NC(=O)[C@H](CSSC[C@H](NC(=O)[C@H](Cc6c[nH]c7ccccc67)NC(=O)[C@H](CCCCN)NC(=O)[C@H](Cc8c[nH]c9ccccc89)NC(=O)[C@@H](NC(=O)[C@H](CCCNC(=N)N)NC(=O)[C@H](CO)NC3=O)[C@@H](C)O)C(=O)N[C@@H](CCCCN)C(=O)N[C@@H](Cc%10ccc(O)cc%10)C(=O)N[C@@H](C(C)C)C(=O)N[C@@H](Cc%11ccccc%11)C(=O)N)NC(=O)[C@H](CCCCN)NC(=O)[C@H](CC(=O)O)NC(=O)[C@H](CC(=O)N)NC(=O)[C@H](CC(=O)O)NC(=O)[C@@H]%12CCCN%12C1=O)C(C)C,CHEMBL3797204,IC50,5.59
5199526,CC[C@H](C)[C@@H]1NC(=O)[C@@H]2CSSC[C@@H]3NC(=O)[C@@H](NC(=O)[C@H](CC(C)C)NC(=O)[C@H](CC(=O)N)NC(=O)[C@@H]4CCCN4C(=O)[C@H](CCCNC(=N)N)NC(=O)[C@H](CSSC[C@H](NC(=O)[C@@H](N)Cc5c[nH]c6ccccc56)C(=O)N[C@@H](CC(C)C)C(=O)NCC(=O)N[C@@H](Cc7ccccc7)C(=O)N[C@@H](CCSC)C(=O)N[C@@H](CCCNC(=N)N)C(=O)N[C@@H](CCCCN)C(=O)N2)NC(=O)[C@H](CSSC[C@H](NC(=O)[C@H](Cc8c[nH]c9ccccc89)NC(=O)[C@H](CCCCN)NC(=O)[C@H](Cc%10cnc[nH]%10)NC(=O)[C@@H](NC(=O)[C@H](CCCNC(=N)N)NC(=O)[C@H](CO)NC3=O)[C@@H](C)O)C(=O)N[C@@H](CCCCN)C(=O)N[C@@H](Cc%11ccc(O)cc%11)C(=O)N[C@@H](C(C)C)C(=O)N[C@@H](Cc%12ccccc%12)C(=O)N)NC(=O)[C@H](CCCCN)NC(=O)[C@H](CC(=O)O)NC(=O)[C@H](CC(=O)N)NC(=O)[C@H](CC(=O)O)NC(=O)[C@@H]%13CCCN%13C1=O)C(C)C,CHEMBL3798094,IC50,5.59
5199536,CC[C@H](C)[C@@H]1NC(=O)[C@@H]2CSSC[C@@H]3NC(=O)[C@@H](NC(=O)[C@H](CC(C)C)NC(=O)[C@H](CC(=O)N)NC(=O)[C@@H]4CCCN4C(=O)[C@H](CCCNC(=N)N)NC(=O)[C@H](CSSC[C@H](NC(=O)[C@H](CC(=O)O)NC(=O)[C@@H](N)CCCNC(=N)N)C(=O)N[C@@H](CC(C)C)C(=O)NCC(=O)N[C@@H](Cc5ccccc5)C(=O)N[C@@H](CCSC)C(=O)N[C@@H](CCCNC(=N)N)C(=O)N[C@@H](CCCCN)C(=O)N2)NC(=O)[C@H](CSSC[C@H](NC(=O)[C@H](Cc6c[nH]c7ccccc67)NC(=O)[C@H](CCCCN)NC(=O)[C@H](Cc8cnc[nH]8)NC(=O)[C@@H](NC(=O)[C@H](CCCNC(=N)N)NC(=O)[C@H](CO)NC3=O)[C@@H](C)O)C(=O)N[C@@H](CCCCN)C(=O)N[C@@H](Cc9ccc(O)cc9)C(=O)N[C@@H](C(C)C)C(=O)N[C@@H](Cc%10ccccc%10)C(=O)N)NC(=O)[C@H](CCCCN)NC(=O)[C@H](CC(=O)O)NC(=O)[C@H](CC(=O)N)NC(=O)[C@H](CC(=O)O)NC(=O)[C@@H]%11CCCN%11C1=O)C(C)C,CHEMBL3800601,IC50,5.59
5199546,CSCC[C@@H]1NC(=O)[C@H](Cc2ccccc2)NC(=O)CNC(=O)[C@H](CC(C)C)NC(=O)[C@H](CSSC[C@@H]3NC(=O)[C@@H]4CSSC[C@H](NC(=O)[C@H](Cc5c[nH]c6ccccc56)NC(=O)[C@H](CCCCN)NC(=O)[C@H](Cc7cnc[nH]7)NC(=O)[C@@H](NC(=O)[C@H](CCCNC(=N)N)NC(=O)[C@H](CO)NC(=O)[C@H](CSSC[C@H](NC(=O)[C@H](CCCCN)NC(=O)[C@H](CCCNC(=N)N)NC1=O)C(=O)N[C@@H](CCCCN)C(=O)N8CCC[C@H]8C(=O)N[C@@H](CC(=O)O)C(=O)N[C@@H](CC(=O)N)C(=O)N[C@@H](CC(=O)O)C(=O)N[C@@H](CCCCN)C(=O)N4)NC(=O)[C@@H](NC(=O)[C@H](CC(C)C)NC(=O)[C@H](CC(=O)N)NC(=O)[C@@H]9CCCN9C(=O)[C@H](CCCNC(=N)N)NC3=O)C(C)C)[C@@H](C)O)C(=O)N[C@@H](CCCCN)C(=O)N[C@@H](Cc%10ccc(O)cc%10)C(=O)N[C@@H](C(C)C)C(=O)N[C@@H](Cc%11ccccc%11)C(=O)N)NC(=O)[C@@H](N)CC(=O)O,CHEMBL3800538,IC50,5.59
5199556,CC[C@H](C)[C@@H]1NC(=O)[C@@H]2CSSC[C@@H]3NC(=O)[C@@H](NC(=O)[C@H](Cc4c[nH]c5ccccc45)NC(=O)[C@H](CC(=O)N)NC(=O)[C@@H]6CCCN6C(=O)[C@H](CCCNC(=N)N)NC(=O)[C@H](CSSC[C@H](NC(=O)[C@@H](N)CC(=O)O)C(=O)N[C@@H](CC(C)C)C(=O)NCC(=O)N[C@@H](Cc7ccccc7)C(=O)N[C@@H](CCSC)C(=O)N[C@@H](CCCNC(=N)N)C(=O)N[C@@H](CCCCN)C(=O)N2)NC(=O)[C@H](CSSC[C@H](NC(=O)[C@H](Cc8c[nH]c9ccccc89)NC(=O)[C@H](CCCCN)NC(=O)[C@H](Cc%10cnc[nH]%10)NC(=O)[C@@H](NC(=O)[C@H](CCCNC(=N)N)NC(=O)[C@H](CO)NC3=O)[C@@H](C)O)C(=O)N[C@@H](CCCCN)C(=O)N[C@@H](Cc%11ccc(O)cc%11)C(=O)N[C@@H](C(C)C)C(=O)N[C@@H](Cc%12ccccc%12)C(=O)N)NC(=O)[C@H](CCCCN)NC(=O)[C@H](CC(=O)O)NC(=O)[C@H](CC(=O)N)NC(=O)[C@H](CC(=O)O)NC(=O)[C@@H]%13CCCN%13C1=O)C(C)C,CHEMBL3798008,IC50,5.6
5199566,CSCC[C@@H]1NC(=O)[C@H](Cc2ccccc2)NC(=O)CNC(=O)[C@H](CC(C)C)NC(=O)[C@H](CSSC[C@@H]3NC(=O)[C@@H]4CSSC[C@H](NC(=O)[C@H](Cc5c[nH]c6ccccc56)NC(=O)[C@H](CCCCN)NC(=O)[C@H](Cc7cnc[nH]7)NC(=O)[C@@H](NC(=O)[C@H](CCCNC(=N)N)NC(=O)[C@H](CO)NC(=O)[C@H](CSSC[C@H](NC(=O)[C@H](CCCCN)NC(=O)[C@H](CCCNC(=N)N)NC1=O)C(=O)N[C@@H](CC(C)C)C(=O)N8CCC[C@H]8C(=O)N[C@@H](CC(=O)O)C(=O)N[C@@H](CC(=O)N)C(=O)N[C@@H](CC(=O)O)C(=O)N[C@@H](CCCCN)C(=O)N4)NC(=O)[C@@H](NC(=O)[C@H](CC(C)C)NC(=O)[C@H](CC(=O)N)NC(=O)[C@@H]9CCCN9C(=O)[C@H](CCCNC(=N)N)NC3=O)C(C)C)[C@@H](C)O)C(=O)N[C@@H](CCCCN)C(=O)N[C@@H](Cc%10ccc(O)cc%10)C(=O)N[C@@H](C(C)C)C(=O)N[C@@H](Cc%11ccccc%11)C(=O)N)NC(=O)[C@@H](N)CC(=O)O,CHEMBL3799960,IC50,5.6
5199576,CC[C@H](C)[C@@H]1NC(=O)[C@@H]2CSSC[C@@H]3NC(=O)[C@@H](NC(=O)[C@H](CC(C)C)NC(=O)[C@H](CC(=O)N)NC(=O)[C@@H]4CCCN4C(=O)[C@H](CCCNC(=N)N)NC(=O)[C@H](CSSC[C@H](NC(=O)[C@@H](N)CC(=O)O)C(=O)N[C@@H](CC(C)C)C(=O)NCC(=O)N[C@@H](Cc5ccccc5)C(=O)N[C@@H](CCSC)C(=O)N[C@@H](CCCNC(=N)N)C(=O)N[C@@H](CCCCN)C(=O)N2)NC(=O)[C@H](CSSC[C@H](NC(=O)[C@H](Cc6c[nH]c7ccccc67)NC(=O)[C@H](CCCCN)NC(=O)[C@H](Cc8cnc[nH]8)NC(=O)[C@@H](NC(=O)[C@H](CCCNC(=N)N)NC(=O)[C@H](CO)NC3=O)[C@@H](C)O)C(=O)N[C@@H](CCCCN)C(=O)N[C@@H](Cc9ccc(O)cc9)C(=O)N[C@@H](C(C)C)C(=O)N[C@@H](Cc%10ccccc%10)C(=O)N)NC(=O)[C@H](CCCCN)NC(=O)[C@H](CC(=O)O)NC(=O)[C@H](CCCCN)NC(=O)[C@H](CC(=O)O)NC(=O)[C@@H]%11CCCN%11C1=O)C(C)C,CHEMBL3797227,IC50,5.62
5199586,CC[C@H](C)[C@@H]1NC(=O)[C@@H]2CSSC[C@@H]3NC(=O)[C@@H](NC(=O)[C@H](CC(C)C)NC(=O)[C@H](CC(=O)N)NC(=O)[C@@H]4CCCN4C(=O)[C@H](CCCNC(=N)N)NC(=O)[C@H](CSSC[C@H](NC(=O)[C@H](CC(=O)O)NC(=O)[C@@H](N)CCCCN)C(=O)N[C@@H](CC(C)C)C(=O)NCC(=O)N[C@@H](Cc5ccccc5)C(=O)N[C@@H](CCSC)C(=O)N[C@@H](CCCNC(=N)N)C(=O)N[C@@H](CCCCN)C(=O)N2)NC(=O)[C@H](CSSC[C@H](NC(=O)[C@H](Cc6c[nH]c7ccccc67)NC(=O)[C@H](CCCCN)NC(=O)[C@H](Cc8cnc[nH]8)NC(=O)[C@@H](NC(=O)[C@H](CCCNC(=N)N)NC(=O)[C@H](CO)NC3=O)[C@@H](C)O)C(=O)N[C@@H](CCCCN)C(=O)N[C@@H](Cc9ccc(O)cc9)C(=O)N[C@@H](C(C)C)C(=O)N[C@@H](Cc%10ccccc%10)C(=O)N)NC(=O)[C@H](CCCCN)NC(=O)[C@H](CC(=O)O)NC(=O)[C@H](CC(=O)N)NC(=O)[C@H](CC(=O)O)NC(=O)[C@@H]%11CCCN%11C1=O)C(C)C,CHEMBL3798733,IC50,5.62
5199596,CC[C@H](C)[C@@H]1NC(=O)[C@@H]2CSSC[C@@H]3NC(=O)[C@@H](NC(=O)[C@H](Cc4cccc5ccccc45)NC(=O)[C@H](CC(=O)N)NC(=O)[C@@H]6CCCN6C(=O)[C@H](CCCNC(=N)N)NC(=O)[C@H](CSSC[C@H](NC(=O)[C@@H](N)CC(=O)O)C(=O)N[C@@H](CC(C)C)C(=O)NCC(=O)N[C@@H](Cc7ccccc7)C(=O)N[C@@H](CCSC)C(=O)N[C@@H](CCCNC(=N)N)C(=O)N[C@@H](CCCCN)C(=O)N2)NC(=O)[C@H](CSSC[C@H](NC(=O)[C@H](Cc8c[nH]c9ccccc89)NC(=O)[C@H](CCCCN)NC(=O)[C@H](Cc%10c[nH]cn%10)NC(=O)[C@@H](NC(=O)[C@H](CCCNC(=N)N)NC(=O)[C@H](CO)NC3=O)[C@@H](C)O)C(=O)N[C@@H](CCCCN)C(=O)N[C@@H](Cc%11ccc(O)cc%11)C(=O)N[C@@H](C(C)C)C(=O)N[C@@H](Cc%12ccccc%12)C(=O)N)NC(=O)[C@H](CCCCN)NC(=O)[C@H](CC(=O)O)NC(=O)[C@H](CC(=O)N)NC(=O)[C@H](CC(=O)O)NC(=O)[C@@H]%13CCCN%13C1=O)C(C)C,CHEMBL3798793,IC50,5.62
5199607,Cc1cccc(C)c1OC[C@H](N)Cc2ccccc2,CHEMBL487338,EC50,5.62
5199617,CC[C@H](C)[C@@H]1NC(=O)[C@@H]2CSSC[C@@H]3NC(=O)[C@@H](NC(=O)[C@H](CC(C)C)NC(=O)[C@H](CC(=O)N)NC(=O)[C@@H]4CCCN4C(=O)[C@H](CCCNC(=N)N)NC(=O)[C@H](CSSC[C@H](NC(=O)[C@@H](N)CC(=O)O)C(=O)N[C@@H](CC(C)C)C(=O)NCC(=O)N[C@@H](Cc5c[nH]c6ccccc56)C(=O)N[C@@H](CCSC)C(=O)N[C@@H](CCCNC(=N)N)C(=O)N[C@@H](CCCCN)C(=O)N2)NC(=O)[C@H](CSSC[C@H](NC(=O)[C@H](Cc7c[nH]c8ccccc78)NC(=O)[C@H](CCCCN)NC(=O)[C@H](Cc9cnc[nH]9)NC(=O)[C@@H](NC(=O)[C@H](CCCNC(=N)N)NC(=O)[C@H](CO)NC3=O)[C@@H](C)O)C(=O)N[C@@H](CCCCN)C(=O)N[C@@H](Cc%10ccc(O)cc%10)C(=O)N[C@@H](C(C)C)C(=O)N[C@@H](Cc%11ccccc%11)C(=O)N)NC(=O)[C@H](CCCCN)NC(=O)[C@H](CC(=O)O)NC(=O)[C@H](CC(=O)N)NC(=O)[C@H](CC(=O)O)NC(=O)[C@@H]%12CCCN%12C1=O)C(C)C,CHEMBL3800578,IC50,5.64
5199627,CC[C@H](C)[C@@H]1NC(=O)[C@@H]2CSSC[C@@H]3NC(=O)[C@@H](NC(=O)[C@H](CC(C)C)NC(=O)[C@H](CC(=O)N)NC(=O)[C@@H]4CCCN4C(=O)[C@H](CCCNC(=N)N)NC(=O)[C@H](CSSC[C@H](NC(=O)[C@@H](N)CC(=O)O)C(=O)N[C@@H](CC(C)C)C(=O)NCC(=O)N[C@@H](Cc5cccc6ccccc56)C(=O)N[C@@H](CCSC)C(=O)N[C@@H](CCCNC(=N)N)C(=O)N[C@@H](CCCCN)C(=O)N2)NC(=O)[C@H](CSSC[C@H](NC(=O)[C@H](Cc7c[nH]c8ccccc78)NC(=O)[C@H](CCCCN)NC(=O)[C@H](Cc9c[nH]cn9)NC(=O)[C@@H](NC(=O)[C@H](CCCNC(=N)N)NC(=O)[C@H](CO)NC3=O)[C@@H](C)O)C(=O)N[C@@H](CCCCN)C(=O)N[C@@H](Cc%10ccc(O)cc%10)C(=O)N[C@@H](C(C)C)C(=O)N[C@@H](Cc%11ccccc%11)C(=O)N)NC(=O)[C@H](CCCCN)NC(=O)[C@H](CC(=O)O)NC(=O)[C@H](CC(=O)N)NC(=O)[C@H](CC(=O)O)NC(=O)[C@@H]%12CCCN%12C1=O)C(C)C,CHEMBL3800326,IC50,5.64
5199637,CC[C@H](C)[C@@H]1NC(=O)[C@@H]2CSSC[C@@H]3NC(=O)[C@@H](NC(=O)[C@H](CC(C)C)NC(=O)[C@H](CC(=O)N)NC(=O)[C@@H]4CCCN4C(=O)[C@H](CCCNC(=N)N)NC(=O)[C@H](CSSC[C@H](NC(=O)[C@@H](N)CC(=O)O)C(=O)N[C@@H](CC(C)C)C(=O)NCC(=O)N[C@@H](Cc5ccccc5)C(=O)N[C@@H](CCSC)C(=O)N[C@@H](CCCNC(=N)N)C(=O)N[C@@H](CCCCN)C(=O)N2)NC(=O)[C@H](CSSC[C@H](NC(=O)[C@H](Cc6c[nH]c7ccccc67)NC(=O)[C@H](CCCCN)NC(=O)[C@H](Cc8c[nH]cn8)NC(=O)[C@@H](NC(=O)[C@H](CCCNC(=N)N)NC(=O)[C@H](CO)NC3=O)[C@@H](C)O)C(=O)N[C@@H](CCCCN)C(=O)N[C@@H](Cc9ccc(O)cc9)C(=O)N[C@@H](C(C)C)C(=O)N[C@@H](Cc%10ccccc%10)C(=O)N)NC(=O)[C@H](CCCCN)NC(=O)[C@H](CC(=O)O)NC(=O)[C@H](Cc%11cccc%12ccccc%11%12)NC(=O)[C@H](CC(=O)O)NC(=O)[C@@H]%13CCCN%13C1=O)C(C)C,CHEMBL3800588,IC50,5.64
5199647,CC[C@H](C)[C@@H]1NC(=O)[C@@H]2CSSC[C@@H]3NC(=O)[C@@H](NC(=O)[C@H](CC(C)C)NC(=O)[C@H](CC(=O)N)NC(=O)[C@@H]4CCCN4C(=O)[C@H](CCCNC(=N)N)NC(=O)[C@H](CSSC[C@H](NC(=O)[C@@H](N)CC(=O)O)C(=O)N[C@@H](CC(C)C)C(=O)NCC(=O)N[C@@H](Cc5ccccc5)C(=O)N[C@@H](CCSC)C(=O)N[C@@H](CCCNC(=N)N)C(=O)N[C@@H](CCCCN)C(=O)N2)NC(=O)[C@H](CSSC[C@H](NC(=O)[C@H](Cc6c[nH]c7ccccc67)NC(=O)[C@H](CCCCN)NC(=O)[C@H](Cc8cnc[nH]8)NC(=O)[C@@H](NC(=O)[C@H](CCCNC(=N)N)NC(=O)[C@H](CO)NC3=O)[C@@H](C)O)C(=O)N[C@@H](CCCCN)C(=O)N[C@@H](Cc9ccc(O)cc9)C(=O)N[C@@H](C(C)C)C(=O)N[C@@H](Cc%10ccccc%10)C(=O)N)NC(=O)[C@H](CCCCN)NC(=O)[C@H](CC(=O)O)NC(=O)[C@H](CC(=O)N)NC(=O)[C@H](CCC(=O)O)NC(=O)[C@@H]%11CCCN%11C1=O)C(C)C,CHEMBL3797247,IC50,5.64
5199657,CC[C@H](C)[C@@H]1NC(=O)[C@@H]2CSSC[C@@H]3NC(=O)[C@@H](NC(=O)[C@H](CC(C)C)NC(=O)[C@H](CC(=O)N)NC(=O)[C@@H]4CCCN4C(=O)[C@H](CCCNC(=N)N)NC(=O)[C@H](CSSC[C@H](NC(=O)[C@@H](N)CC(=O)O)C(=O)N[C@@H](CC(C)C)C(=O)NCC(=O)N[C@@H](Cc5ccccc5)C(=O)N[C@@H](CCSC)C(=O)N[C@@H](CCCNC(=N)N)C(=O)N[C@@H](CCCCN)C(=O)N2)NC(=O)[C@H](CSSC[C@H](NC(=O)[C@H](Cc6c[nH]c7ccccc67)NC(=O)[C@H](CCCCN)NC(=O)[C@H](Cc8cnc[nH]8)NC(=O)[C@@H](NC(=O)[C@H](CCCNC(=N)N)NC(=O)[C@H](CO)NC3=O)[C@@H](C)O)C(=O)N[C@@H](CCCCN)C(=O)N[C@@H](Cc9ccc(O)cc9)C(=O)N[C@@H](C(C)C)C(=O)N[C@@H](Cc%10ccccc%10)C(=O)N)NC(=O)[C@H](CCCNC(=N)N)NC(=O)[C@H](CC(=O)O)NC(=O)[C@H](CC(=O)N)NC(=O)[C@H](CC(=O)O)NC(=O)[C@@H]%11CCCN%11C1=O)C(C)C,CHEMBL3797473,IC50,5.64
5199668,Cc1cccc(C)c1NC(=O)[C@H]2CCN(Cc3ccccc3)C2,CHEMBL486721,EC50,5.64
5199678,CSCC[C@@H]1NC(=O)[C@H](Cc2ccccc2)NC(=O)CNC(=O)[C@H](CC(C)C)NC(=O)[C@H](CSSC[C@@H]3NC(=O)[C@@H]4CSSC[C@H](NC(=O)[C@H](Cc5c[nH]c6ccccc56)NC(=O)[C@H](CCCCN)NC(=O)[C@H](Cc7cnc[nH]7)NC(=O)[C@@H](NC(=O)[C@H](CCCNC(=N)N)NC(=O)[C@H](CO)NC(=O)[C@H](CSSC[C@H](NC(=O)[C@H](CCCCN)NC(=O)[C@H](CCCNC(=N)N)NC1=O)C(=O)N[C@@H](CC(=O)O)C(=O)N8CCC[C@H]8C(=O)N[C@@H](CC(=O)O)C(=O)N[C@@H](CC(=O)N)C(=O)N[C@@H](CC(=O)O)C(=O)N[C@@H](CCCCN)C(=O)N4)NC(=O)[C@@H](NC(=O)[C@H](CC(C)C)NC(=O)[C@H](CC(=O)N)NC(=O)[C@@H]9CCCN9C(=O)[C@H](CCCNC(=N)N)NC3=O)C(C)C)[C@@H](C)O)C(=O)N[C@@H](CCCCN)C(=O)N[C@@H](Cc%10ccc(O)cc%10)C(=O)N[C@@H](C(C)C)C(=O)N[C@@H](Cc%11ccccc%11)C(=O)N)NC(=O)[C@@H](N)CC(=O)O,CHEMBL3799545,IC50,5.66
5199690,CC[C@H](C)[C@@H]1NC(=O)[C@@H]2CSSC[C@@H]3NC(=O)[C@@H](NC(=O)[C@H](CC(C)C)NC(=O)[C@H](CC(=O)N)NC(=O)[C@@H]4CCCN4C(=O)[C@H](CCCNC(=N)N)NC(=O)[C@H](CSSC[C@H](NC(=O)[C@@H](N)CC(=O)O)C(=O)N[C@@H](CC(C)C)C(=O)NCC(=O)N[C@@H](Cc5ccccc5)C(=O)N[C@@H](CCSC)C(=O)N[C@@H](CCCNC(=N)N)C(=O)N[C@@H](CCCCN)C(=O)N2)NC(=O)[C@H](CSSC[C@H](NC(=O)[C@H](Cc6c[nH]c7ccccc67)NC(=O)[C@H](CCCCN)NC(=O)[C@H](Cc8cnc[nH]8)NC(=O)[C@@H](NC(=O)[C@H](CCCNC(=N)N)NC(=O)[C@H](CO)NC3=O)[C@@H](C)O)C(=O)N[C@@H](CCCCN)C(=O)N[C@@H](Cc9ccc(O)cc9)C(=O)N[C@@H](C(C)C)C(=O)N[C@@H](Cc%10ccccc%10)C(=O)N)NC(=O)[C@H](CCCCN)NC(=O)[C@H](CC(=O)O)NC(=O)[C@H](Cc%11c[nH]c%12ccccc%11%12)NC(=O)[C@H](CC(=O)O)NC(=O)[C@@H]%13CCCN%13C1=O)C(C)C,CHEMBL3798562,IC50,5.7
5199700,CC[C@H](C)[C@@H]1NC(=O)[C@@H]2CSSC[C@@H]3NC(=O)[C@@H](NC(=O)[C@H](CC(C)C)NC(=O)[C@H](CC(=O)N)NC(=O)[C@@H]4CCCN4C(=O)[C@H](CCCNC(=N)N)NC(=O)[C@H](CSSC[C@H](NC(=O)[C@@H](N)Cc5cccc6ccccc56)C(=O)N[C@@H](CC(C)C)C(=O)NCC(=O)N[C@@H](Cc7ccccc7)C(=O)N[C@@H](CCSC)C(=O)N[C@@H](CCCNC(=N)N)C(=O)N[C@@H](CCCCN)C(=O)N2)NC(=O)[C@H](CSSC[C@H](NC(=O)[C@H](Cc8c[nH]c9ccccc89)NC(=O)[C@H](CCCCN)NC(=O)[C@H](Cc%10c[nH]cn%10)NC(=O)[C@@H](NC(=O)[C@H](CCCNC(=N)N)NC(=O)[C@H](CO)NC3=O)[C@@H](C)O)C(=O)N[C@@H](CCCCN)C(=O)N[C@@H](Cc%11ccc(O)cc%11)C(=O)N[C@@H](C(C)C)C(=O)N[C@@H](Cc%12ccccc%12)C(=O)N)NC(=O)[C@H](CCCCN)NC(=O)[C@H](CC(=O)O)NC(=O)[C@H](CC(=O)N)NC(=O)[C@H](CC(=O)O)NC(=O)[C@@H]%13CCCN%13C1=O)C(C)C,CHEMBL3800607,IC50,5.7
5199710,CC[C@H](C)[C@@H]1NC(=O)[C@@H]2CSSC[C@@H]3NC(=O)[C@H](CCCCN)NC(=O)[C@H](CC(C)C)NC(=O)[C@H](CC(=O)N)NC(=O)[C@@H]4CCCN4C(=O)[C@H](CCCNC(=N)N)NC(=O)[C@H](CSSC[C@H](NC(=O)[C@@H](N)CC(=O)O)C(=O)N[C@@H](CC(C)C)C(=O)NCC(=O)N[C@@H](Cc5ccccc5)C(=O)N[C@@H](CCSC)C(=O)N[C@@H](CCCNC(=N)N)C(=O)N[C@@H](CCCCN)C(=O)N2)NC(=O)[C@H](CSSC[C@H](NC(=O)[C@H](Cc6c[nH]c7ccccc67)NC(=O)[C@H](CCCCN)NC(=O)[C@H](Cc8cnc[nH]8)NC(=O)[C@@H](NC(=O)[C@H](CCCNC(=N)N)NC(=O)[C@H](CO)NC3=O)[C@@H](C)O)C(=O)N[C@@H](CCCCN)C(=O)N[C@@H](Cc9ccc(O)cc9)C(=O)N[C@@H](C(C)C)C(=O)N[C@@H](Cc%10ccccc%10)C(=O)N)NC(=O)[C@H](CCCCN)NC(=O)[C@H](CC(=O)O)NC(=O)[C@H](CC(=O)N)NC(=O)[C@H](CC(=O)O)NC(=O)[C@@H]%11CCCN%11C1=O,CHEMBL3800625,IC50,5.7
5199720,CSCC[C@@H]1NC(=O)[C@H](Cc2ccccc2)NC(=O)CNC(=O)[C@H](CC(C)C)NC(=O)[C@H](CSSC[C@@H]3NC(=O)[C@@H]4CSSC[C@H](NC(=O)[C@H](Cc5c[nH]c6ccccc56)NC(=O)[C@H](CCCCN)NC(=O)[C@H](Cc7cnc[nH]7)NC(=O)[C@@H](NC(=O)[C@H](CCCNC(=N)N)NC(=O)[C@H](CO)NC(=O)[C@H](CSSC[C@H](NC(=O)[C@H](CCCCN)NC(=O)[C@H](CCCNC(=N)N)NC1=O)C(=O)N[C@@H](CO)C(=O)N8CCC[C@H]8C(=O)N[C@@H](CC(=O)O)C(=O)N[C@@H](CC(=O)N)C(=O)N[C@@H](CC(=O)O)C(=O)N[C@@H](CCCCN)C(=O)N4)NC(=O)[C@@H](NC(=O)[C@H](CC(C)C)NC(=O)[C@H](CC(=O)N)NC(=O)[C@@H]9CCCN9C(=O)[C@H](CCCNC(=N)N)NC3=O)C(C)C)[C@@H](C)O)C(=O)N[C@@H](CCCCN)C(=O)N[C@@H](Cc%10ccc(O)cc%10)C(=O)N[C@@H](C(C)C)C(=O)N[C@@H](Cc%11ccccc%11)C(=O)N)NC(=O)[C@@H](N)CC(=O)O,CHEMBL3800075,IC50,5.7
5199730,CC[C@H](C)[C@@H]1NC(=O)[C@@H]2CSSC[C@@H]3NC(=O)[C@@H](NC(=O)[C@H](CC(C)C)NC(=O)[C@H](CC(=O)N)NC(=O)[C@@H]4CCCN4C(=O)[C@H](CCCNC(=N)N)NC(=O)[C@H](CSSC[C@H](NC(=O)[C@@H](N)CC(=O)O)C(=O)N[C@@H](CCCCN)C(=O)NCC(=O)N[C@@H](Cc5ccccc5)C(=O)N[C@@H](CCSC)C(=O)N[C@@H](CCCNC(=N)N)C(=O)N[C@@H](CCCCN)C(=O)N2)NC(=O)[C@H](CSSC[C@H](NC(=O)[C@H](Cc6c[nH]c7ccccc67)NC(=O)[C@H](CCCCN)NC(=O)[C@H](Cc8cnc[nH]8)NC(=O)[C@@H](NC(=O)[C@H](CCCNC(=N)N)NC(=O)[C@H](CO)NC3=O)[C@@H](C)O)C(=O)N[C@@H](CCCCN)C(=O)N[C@@H](Cc9ccc(O)cc9)C(=O)N[C@@H](C(C)C)C(=O)N[C@@H](Cc%10ccccc%10)C(=O)N)NC(=O)[C@H](CCCCN)NC(=O)[C@H](CC(=O)O)NC(=O)[C@H](CC(=O)N)NC(=O)[C@H](CC(=O)O)NC(=O)[C@@H]%11CCCN%11C1=O)C(C)C,CHEMBL3799846,IC50,5.72
5199741,C[C@@H](CN)CSc1c(C)cccc1C,CHEMBL444700,EC50,5.72
5199751,CC[C@H](C)[C@@H]1NC(=O)[C@@H]2CSSC[C@@H]3NC(=O)[C@@H](NC(=O)[C@H](CC(C)C)NC(=O)[C@H](CC(=O)N)NC(=O)[C@@H]4CCCN4C(=O)[C@H](CCCNC(=N)N)NC(=O)[C@H](CSSC[C@H](NC(=O)[C@@H](N)CC(=O)O)C(=O)N[C@@H](CC(C)C)C(=O)NCC(=O)N[C@@H](Cc5ccccc5)C(=O)N[C@@H](CCSC)C(=O)N[C@@H](CCCNC(=N)N)C(=O)N[C@@H](CCCCN)C(=O)N2)NC(=O)[C@H](CSSC[C@H](NC(=O)[C@H](Cc6c[nH]c7ccccc67)NC(=O)[C@H](CCCCN)NC(=O)[C@H](Cc8c[nH]cn8)NC(=O)[C@@H](NC(=O)[C@H](CCCNC(=N)N)NC(=O)[C@H](CO)NC3=O)[C@@H](C)O)C(=O)N[C@@H](CCCCN)C(=O)N[C@@H](Cc9c[nH]c%10ccccc9%10)C(=O)N[C@@H](C(C)C)C(=O)N[C@@H](Cc%11ccccc%11)C(=O)N)NC(=O)[C@H](CCCCN)NC(=O)[C@H](CC(=O)O)NC(=O)[C@H](CC(=O)N)NC(=O)[C@H](CC(=O)O)NC(=O)[C@@H]%12CCCN%12C1=O)C(C)C,CHEMBL3800274,IC50,5.75
5199761,CC[C@H](C)[C@@H]1NC(=O)[C@@H]2CSSC[C@@H]3NC(=O)[C@@H](NC(=O)[C@H](CC(C)C)NC(=O)[C@H](CC(=O)N)NC(=O)[C@@H]4CCCN4C(=O)[C@H](CCCNC(=N)N)NC(=O)[C@H](CSSC[C@H](NC(=O)[C@@H](N)CC(=O)O)C(=O)N[C@@H](CC(C)C)C(=O)NCC(=O)N[C@@H](Cc5ccccc5)C(=O)N[C@@H](CCSC)C(=O)N[C@@H](CCCNC(=N)N)C(=O)N[C@@H](CCCNC(=N)N)C(=O)N2)NC(=O)[C@H](CSSC[C@H](NC(=O)[C@H](Cc6c[nH]c7ccccc67)NC(=O)[C@H](CCCCN)NC(=O)[C@H](Cc8cnc[nH]8)NC(=O)[C@@H](NC(=O)[C@H](CCCNC(=N)N)NC(=O)[C@H](CO)NC3=O)[C@@H](C)O)C(=O)N[C@@H](CCCCN)C(=O)N[C@@H](Cc9ccc(O)cc9)C(=O)N[C@@H](C(C)C)C(=O)N[C@@H](Cc%10ccccc%10)C(=O)N)NC(=O)[C@H](CCCCN)NC(=O)[C@H](CC(=O)O)NC(=O)[C@H](CC(=O)N)NC(=O)[C@H](CC(=O)O)NC(=O)[C@@H]%11CCCN%11C1=O)C(C)C,CHEMBL3800234,IC50,5.75
5199771,CC[C@H](C)[C@@H]1NC(=O)[C@@H]2CSSC[C@@H]3NC(=O)[C@@H](NC(=O)[C@H](CC(C)C)NC(=O)[C@H](CC(=O)N)NC(=O)[C@@H]4CCCN4C(=O)[C@H](CCC(=O)O)NC(=O)[C@H](CSSC[C@H](NC(=O)[C@@H](N)CC(=O)O)C(=O)N[C@@H](CC(C)C)C(=O)NCC(=O)N[C@@H](Cc5ccccc5)C(=O)N[C@@H](CCSC)C(=O)N[C@@H](CCCNC(=N)N)C(=O)N[C@@H](CCCCN)C(=O)N2)NC(=O)[C@H](CSSC[C@H](NC(=O)[C@H](Cc6c[nH]c7ccccc67)NC(=O)[C@H](CCCCN)NC(=O)[C@H](Cc8cnc[nH]8)NC(=O)[C@@H](NC(=O)[C@H](CCCNC(=N)N)NC(=O)[C@H](CO)NC3=O)[C@@H](C)O)C(=O)N[C@@H](CCCCN)C(=O)N[C@@H](Cc9ccc(O)cc9)C(=O)N[C@@H](C(C)C)C(=O)N[C@@H](Cc%10ccccc%10)C(=O)N)NC(=O)[C@H](CCCCN)NC(=O)[C@H](CC(=O)O)NC(=O)[C@H](CC(=O)N)NC(=O)[C@H](CC(=O)O)NC(=O)[C@@H]%11CCCN%11C1=O)C(C)C,CHEMBL3799874,IC50,5.77
5199782,Cc1cccc(C)c1NC(=O)[C@@H]2CCN(Cc3ccccc3)C2,CHEMBL485004,EC50,5.77
5199792,CC[C@H](C)[C@@H]1NC(=O)[C@@H]2CSSC[C@@H]3NC(=O)[C@@H](NC(=O)[C@H](CC(C)C)NC(=O)[C@H](CC(=O)N)NC(=O)[C@@H]4CCCN4C(=O)[C@H](CCCNC(=N)N)NC(=O)[C@H](CSSC[C@H](NC(=O)[C@@H](N)CC(=O)O)C(=O)N[C@@H](CC(C)C)C(=O)NCC(=O)N[C@@H](Cc5ccccc5)C(=O)N[C@@H](CCSC)C(=O)N[C@@H](CCCNC(=N)N)C(=O)N[C@@H](CCCCN)C(=O)N2)NC(=O)[C@H](CSSC[C@H](NC(=O)[C@H](Cc6c[nH]c7ccccc67)NC(=O)[C@H](CCCCN)NC(=O)[C@H](Cc8cnc[nH]8)NC(=O)[C@@H](NC(=O)[C@H](CCCNC(=N)N)NC(=O)[C@H](CO)NC3=O)[C@@H](C)O)C(=O)N[C@@H](CCCCN)C(=O)N[C@@H](Cc9ccc(O)cc9)C(=O)N[C@@H](C(C)C)C(=O)N[C@@H](Cc%10ccccc%10)C(=O)N)NC(=O)[C@H](CCCCN)NC(=O)[C@H](CC(=O)O)NC(=O)[C@H](CC(=O)N)NC(=O)[C@H](CC(=O)O)NC(=O)[C@H](Cc%11c[nH]c%12ccccc%11%12)NC1=O)C(C)C,CHEMBL3798688,IC50,5.82
5199802,CC[C@H](C)[C@@H]1NC(=O)[C@@H]2CSSC[C@@H]3NC(=O)[C@@H](NC(=O)[C@H](CC(C)C)NC(=O)[C@H](CC(=O)N)NC(=O)[C@@H]4CCCN4C(=O)[C@H](CCCNC(=N)N)NC(=O)[C@H](CSSC[C@H](NC(=O)[C@@H](N)CC(=O)O)C(=O)N[C@@H](CC(C)C)C(=O)NCC(=O)N[C@@H](Cc5ccccc5)C(=O)N[C@@H](CCSC)C(=O)N[C@@H](CCCNC(=N)N)C(=O)N[C@@H](CCCCN)C(=O)N2)NC(=O)[C@H](CSSC[C@H](NC(=O)[C@H](Cc6c[nH]c7ccccc67)NC(=O)[C@H](CCCCN)NC(=O)[C@H](Cc8cnc[nH]8)NC(=O)[C@@H](NC(=O)[C@H](CCCNC(=N)N)NC(=O)[C@H](CO)NC3=O)[C@@H](C)O)C(=O)N[C@@H](CCCCN)C(=O)N[C@@H](Cc9ccc(O)cc9)C(=O)N[C@@H](CCCNC(=N)N)C(=O)N[C@@H](Cc%10ccccc%10)C(=O)N)NC(=O)[C@H](CCCCN)NC(=O)[C@H](CC(=O)O)NC(=O)[C@H](CC(=O)N)NC(=O)[C@H](CC(=O)O)NC(=O)[C@@H]%11CCCN%11C1=O)C(C)C,CHEMBL3797578,IC50,5.82
5199812,CC[C@H](C)[C@@H]1NC(=O)[C@@H]2CSSC[C@@H]3NC(=O)[C@@H](NC(=O)[C@H](CC(C)C)NC(=O)[C@H](CC(=O)N)NC(=O)[C@@H]4CCCN4C(=O)[C@H](CCCNC(=N)N)NC(=O)[C@H](CSSC[C@H](NC(=O)[C@@H](N)CCCCN)C(=O)N[C@@H](CC(C)C)C(=O)NCC(=O)N[C@@H](Cc5ccccc5)C(=O)N[C@@H](CCSC)C(=O)N[C@@H](CCCNC(=N)N)C(=O)N[C@@H](CCCCN)C(=O)N2)NC(=O)[C@H](CSSC[C@H](NC(=O)[C@H](Cc6c[nH]c7ccccc67)NC(=O)[C@H](CCCCN)NC(=O)[C@H](Cc8cnc[nH]8)NC(=O)[C@@H](NC(=O)[C@H](CCCNC(=N)N)NC(=O)[C@H](CO)NC3=O)[C@@H](C)O)C(=O)N[C@@H](CCCCN)C(=O)N[C@@H](Cc9ccc(O)cc9)C(=O)N[C@@H](C(C)C)C(=O)N[C@@H](Cc%10ccccc%10)C(=O)N)NC(=O)[C@H](CCCCN)NC(=O)[C@H](CC(=O)O)NC(=O)[C@H](CC(=O)N)NC(=O)[C@H](CC(=O)O)NC(=O)[C@@H]%11CCCN%11C1=O)C(C)C,CHEMBL3799702,IC50,5.82
5199822,CC[C@H](C)[C@@H]1NC(=O)[C@@H]2CSSC[C@@H]3NC(=O)[C@@H](NC(=O)[C@H](CC(C)C)NC(=O)[C@H](CC(=O)N)NC(=O)[C@@H]4CCCN4C(=O)[C@H](CCCNC(=N)N)NC(=O)[C@H](CSSC[C@H](NC(=O)[C@@H](N)CCCNC(=N)N)C(=O)N[C@@H](CC(C)C)C(=O)NCC(=O)N[C@@H](Cc5ccccc5)C(=O)N[C@@H](CCSC)C(=O)N[C@@H](CCCNC(=N)N)C(=O)N[C@@H](CCCCN)C(=O)N2)NC(=O)[C@H](CSSC[C@H](NC(=O)[C@H](Cc6c[nH]c7ccccc67)NC(=O)[C@H](CCCCN)NC(=O)[C@H](Cc8cnc[nH]8)NC(=O)[C@@H](NC(=O)[C@H](CCCNC(=N)N)NC(=O)[C@H](CO)NC3=O)[C@@H](C)O)C(=O)N[C@@H](CCCCN)C(=O)N[C@@H](Cc9ccc(O)cc9)C(=O)N[C@@H](C(C)C)C(=O)N[C@@H](Cc%10ccccc%10)C(=O)N)NC(=O)[C@H](CCCCN)NC(=O)[C@H](CC(=O)O)NC(=O)[C@H](CC(=O)N)NC(=O)[C@H](CC(=O)O)NC(=O)[C@@H]%11CCCN%11C1=O)C(C)C,CHEMBL3799314,IC50,5.82
5199832,CC[C@H](C)[C@@H]1NC(=O)[C@@H]2CSSC[C@@H]3NC(=O)[C@@H](NC(=O)[C@H](CC(C)C)NC(=O)[C@H](CC(=O)N)NC(=O)[C@@H]4CCCN4C(=O)[C@H](Cc5ccccn5)NC(=O)[C@H](CSSC[C@H](NC(=O)[C@@H](N)CC(=O)O)C(=O)N[C@@H](CC(C)C)C(=O)NCC(=O)N[C@@H](Cc6ccccc6)C(=O)N[C@@H](CCSC)C(=O)N[C@@H](CCCNC(=N)N)C(=O)N[C@@H](CCCCN)C(=O)N2)NC(=O)[C@H](CSSC[C@H](NC(=O)[C@H](Cc7c[nH]c8ccccc78)NC(=O)[C@H](CCCCN)NC(=O)[C@H](Cc9cnc[nH]9)NC(=O)[C@@H](NC(=O)[C@H](CCCNC(=N)N)NC(=O)[C@H](CO)NC3=O)[C@@H](C)O)C(=O)N[C@@H](CCCCN)C(=O)N[C@@H](Cc%10ccc(O)cc%10)C(=O)N[C@@H](C(C)C)C(=O)N[C@@H](Cc%11ccccc%11)C(=O)N)NC(=O)[C@H](CCCCN)NC(=O)[C@H](CC(=O)O)NC(=O)[C@H](CC(=O)N)NC(=O)[C@H](CC(=O)O)NC(=O)[C@@H]%12CCCN%12C1=O)C(C)C,CHEMBL3797934,IC50,5.82
5199842,CC[C@H](C)[C@@H]1NC(=O)[C@@H]2CSSC[C@@H]3NC(=O)[C@@H](NC(=O)[C@H](CC(C)C)NC(=O)[C@H](CC(=O)N)NC(=O)[C@@H]4CCCN4C(=O)[C@H](CCCNC(=N)N)NC(=O)[C@H](CSSC[C@H](N)C(=O)N[C@@H](CC(C)C)C(=O)NCC(=O)N[C@@H](Cc5ccccc5)C(=O)N[C@@H](CCSC)C(=O)N[C@@H](CCCNC(=N)N)C(=O)N[C@@H](CCCCN)C(=O)N2)NC(=O)[C@H](CSSC[C@H](NC(=O)[C@H](Cc6c[nH]c7ccccc67)NC(=O)[C@H](CCCCN)NC(=O)[C@H](Cc8cnc[nH]8)NC(=O)[C@@H](NC(=O)[C@H](CCCNC(=N)N)NC(=O)[C@H](CO)NC3=O)[C@@H](C)O)C(=O)N[C@@H](CCCCN)C(=O)N[C@@H](Cc9ccc(O)cc9)C(=O)N[C@@H](C(C)C)C(=O)N[C@@H](Cc%10ccccc%10)C(=O)N)NC(=O)[C@H](CCCCN)NC(=O)[C@H](CC(=O)O)NC(=O)[C@H](CC(=O)N)NC(=O)[C@H](CC(=O)O)NC(=O)[C@@H]%11CCCN%11C1=O)C(C)C,CHEMBL3798549,IC50,5.85
5199852,CC[C@H](C)[C@@H]1NC(=O)[C@@H]2CSSC[C@@H]3NC(=O)[C@@H](NC(=O)[C@H](CC(C)C)NC(=O)[C@H](CC(=O)N)NC(=O)[C@@H]4CCCN4C(=O)[C@H](CCCNC(=N)N)NC(=O)[C@H](CSSC[C@H](NC(=O)[C@@H](N)CC(=O)O)C(=O)N[C@@H](CC(C)C)C(=O)NCC(=O)N[C@@H](Cc5ccccc5)C(=O)N[C@@H](CCSC)C(=O)N[C@@H](CCCNC(=N)N)C(=O)N[C@@H](CCCCN)C(=O)N2)NC(=O)[C@H](CSSC[C@H](NC(=O)[C@H](Cc6c[nH]c7ccccc67)NC(=O)[C@H](CCCCN)NC(=O)[C@H](Cc8cnc[nH]8)NC(=O)[C@@H](NC(=O)[C@H](CCCNC(=N)N)NC(=O)[C@H](CO)NC3=O)[C@@H](C)O)C(=O)N[C@@H](CCCCN)C(=O)N[C@@H](Cc9ccc(O)cc9)C(=O)N[C@@H](C(C)C)C(=O)N[C@@H](Cc%10ccccc%10)C(=O)N)NC(=O)[C@H](CCCCN)NC(=O)[C@H](CC(=O)O)NC(=O)[C@H](CC(=O)N)NC(=O)[C@H](CC(=O)O)NC(=O)[C@H](CCC(=O)O)NC1=O)C(C)C,CHEMBL3799602,IC50,5.85
5199862,CC[C@H](C)[C@@H]1NC(=O)[C@@H]2CSSC[C@@H]3NC(=O)[C@@H](NC(=O)[C@H](CC(C)C)NC(=O)[C@H](CC(=O)N)NC(=O)[C@H](CCCNC(=N)N)NC(=O)[C@H](CCCNC(=N)N)NC(=O)[C@H](CSSC[C@H](NC(=O)[C@@H](N)CC(=O)O)C(=O)N[C@@H](CC(C)C)C(=O)NCC(=O)N[C@@H](Cc4ccccc4)C(=O)N[C@@H](CCSC)C(=O)N[C@@H](CCCNC(=N)N)C(=O)N[C@@H](CCCCN)C(=O)N2)NC(=O)[C@H](CSSC[C@H](NC(=O)[C@H](Cc5c[nH]c6ccccc56)NC(=O)[C@H](CCCCN)NC(=O)[C@H](Cc7cnc[nH]7)NC(=O)[C@@H](NC(=O)[C@H](CCCNC(=N)N)NC(=O)[C@H](CO)NC3=O)[C@@H](C)O)C(=O)N[C@@H](CCCCN)C(=O)N[C@@H](Cc8ccc(O)cc8)C(=O)N[C@@H](C(C)C)C(=O)N[C@@H](Cc9ccccc9)C(=O)N)NC(=O)[C@H](CCCCN)NC(=O)[C@H](CC(=O)O)NC(=O)[C@H](CC(=O)N)NC(=O)[C@H](CC(=O)O)NC(=O)[C@@H]%10CCCN%10C1=O)C(C)C,CHEMBL3799769,IC50,5.85
5199872,CC[C@H](C)[C@@H]1NC(=O)[C@@H]2CSSC[C@@H]3NC(=O)[C@@H](NC(=O)[C@H](CC(C)C)NC(=O)[C@H](CCCNC(=N)N)NC(=O)[C@@H]4CCCN4C(=O)[C@H](CCCNC(=N)N)NC(=O)[C@H](CSSC[C@H](NC(=O)[C@@H](N)CC(=O)O)C(=O)N[C@@H](CC(C)C)C(=O)NCC(=O)N[C@@H](Cc5ccccc5)C(=O)N[C@@H](CCSC)C(=O)N[C@@H](CCCNC(=N)N)C(=O)N[C@@H](CCCCN)C(=O)N2)NC(=O)[C@H](CSSC[C@H](NC(=O)[C@H](Cc6c[nH]c7ccccc67)NC(=O)[C@H](CCCCN)NC(=O)[C@H](Cc8cnc[nH]8)NC(=O)[C@@H](NC(=O)[C@H](CCCNC(=N)N)NC(=O)[C@H](CO)NC3=O)[C@@H](C)O)C(=O)N[C@@H](CCCCN)C(=O)N[C@@H](Cc9ccc(O)cc9)C(=O)N[C@@H](C(C)C)C(=O)N[C@@H](Cc%10ccccc%10)C(=O)N)NC(=O)[C@H](CCCCN)NC(=O)[C@H](CC(=O)O)NC(=O)[C@H](CC(=O)N)NC(=O)[C@H](CC(=O)O)NC(=O)[C@@H]%11CCCN%11C1=O)C(C)C,CHEMBL3799293,IC50,5.85
5199882,CSCC[C@@H]1NC(=O)[C@H](Cc2ccccc2)NC(=O)CNC(=O)[C@H](CC(C)C)NC(=O)[C@H](CSSC[C@@H]3NC(=O)[C@@H]4CSSC[C@H](NC(=O)[C@H](Cc5c[nH]c6ccccc56)NC(=O)[C@H](CCCCN)NC(=O)[C@H](Cc7cnc[nH]7)NC(=O)[C@@H](NC(=O)[C@H](CCCNC(=N)N)NC(=O)[C@H](CO)NC(=O)[C@H](CSSC[C@H](NC(=O)[C@H](CCCCN)NC(=O)[C@H](CCCNC(=N)N)NC1=O)C(=O)N[C@@H](C(C)C)C(=O)N8CCC[C@H]8C(=O)N[C@@H](CC(=O)O)C(=O)N[C@@H](CC(=O)N)C(=O)N[C@@H](CC(=O)O)C(=O)N[C@@H](CCCCN)C(=O)N4)NC(=O)[C@@H](NC(=O)[C@H](CC(C)C)NC(=O)[C@H](CC(=O)N)NC(=O)[C@@H]9CCCN9C(=O)[C@H](CCCNC(=N)N)NC3=O)C(C)C)[C@@H](C)O)C(=O)N[C@@H](CCCCN)C(=O)N[C@@H](Cc%10ccc(O)cc%10)C(=O)N[C@@H](C(C)C)C(=O)N[C@@H](Cc%11ccccc%11)C(=O)N)NC(=O)[C@@H](N)CC(=O)O,CHEMBL3798929,IC50,5.85
5199892,CC[C@H](C)[C@@H]1NC(=O)[C@@H]2CSSC[C@@H]3NC(=O)[C@@H](NC(=O)[C@H](CC(C)C)NC(=O)[C@H](CC(=O)N)NC(=O)[C@@H]4CCCN4C(=O)[C@H](CCCNC(=N)N)NC(=O)[C@H](CSSC[C@H](NC(=O)[C@@H](N)CC(=O)O)C(=O)N[C@@H](CC(C)C)C(=O)NCC(=O)N[C@@H](Cc5ccccc5)C(=O)N[C@@H](CCSC)C(=O)N[C@@H](CCCNC(=N)N)C(=O)N[C@@H](CCCCN)C(=O)N2)NC(=O)[C@H](CSSC[C@H](NC(=O)[C@H](Cc6c[nH]c7ccccc67)NC(=O)[C@H](CCCCN)NC(=O)[C@H](Cc8cnc[nH]8)NC(=O)[C@@H](NC(=O)[C@H](CCCNC(=N)N)NC(=O)[C@H](CO)NC3=O)[C@@H](C)O)C(=O)N[C@@H](CCCCN)C(=O)N[C@@H](Cc9ccc(O)cc9)C(=O)N[C@@H](CCCCN)C(=O)N[C@@H](Cc%10ccccc%10)C(=O)N)NC(=O)[C@H](CCCCN)NC(=O)[C@H](CC(=O)O)NC(=O)[C@H](CC(=O)N)NC(=O)[C@H](CC(=O)O)NC(=O)[C@@H]%11CCCN%11C1=O)C(C)C,CHEMBL3799794,IC50,5.92
5199902,CSCC[C@@H]1NC(=O)[C@H](Cc2ccccc2)NC(=O)CNC(=O)[C@H](CC(C)C)NC(=O)[C@H](CSSC[C@@H]3NC(=O)[C@@H]4CSSC[C@H](NC(=O)[C@H](Cc5c[nH]c6ccccc56)NC(=O)[C@H](CCCCN)NC(=O)[C@H](Cc7cnc[nH]7)NC(=O)[C@@H](NC(=O)[C@H](CCCNC(=N)N)NC(=O)[C@H](CO)NC(=O)[C@H](CSSC[C@H](NC(=O)[C@H](CCCCN)NC(=O)[C@H](CCCNC(=N)N)NC1=O)C(=O)N[C@@H](Cc8ccccc8)C(=O)N9CCC[C@H]9C(=O)N[C@@H](CC(=O)O)C(=O)N[C@@H](CC(=O)N)C(=O)N[C@@H](CC(=O)O)C(=O)N[C@@H](CCCCN)C(=O)N4)NC(=O)[C@@H](NC(=O)[C@H](CC(C)C)NC(=O)[C@H](CC(=O)N)NC(=O)[C@@H]%10CCCN%10C(=O)[C@H](CCCNC(=N)N)NC3=O)C(C)C)[C@@H](C)O)C(=O)N[C@@H](CCCCN)C(=O)N[C@@H](Cc%11ccc(O)cc%11)C(=O)N[C@@H](C(C)C)C(=O)N[C@@H](Cc%12ccccc%12)C(=O)N)NC(=O)[C@@H](N)CC(=O)O,CHEMBL3799721,IC50,5.96
5199912,CSCC[C@@H]1NC(=O)[C@H](Cc2ccccc2)NC(=O)CNC(=O)[C@H](CC(C)C)NC(=O)[C@H](CSSC[C@@H]3NC(=O)[C@@H]4CSSC[C@H](NC(=O)[C@H](Cc5c[nH]c6ccccc56)NC(=O)[C@H](CCCCN)NC(=O)[C@H](Cc7cnc[nH]7)NC(=O)[C@@H](NC(=O)[C@H](CCCNC(=N)N)NC(=O)[C@H](CO)NC(=O)[C@H](CSSC[C@H](NC(=O)[C@H](CCCCN)NC(=O)[C@H](CCCNC(=N)N)NC1=O)C(=O)N[C@@H]([C@@H](C)O)C(=O)N8CCC[C@H]8C(=O)N[C@@H](CC(=O)O)C(=O)N[C@@H](CC(=O)N)C(=O)N[C@@H](CC(=O)O)C(=O)N[C@@H](CCCCN)C(=O)N4)NC(=O)[C@@H](NC(=O)[C@H](CC(C)C)NC(=O)[C@H](CC(=O)N)NC(=O)[C@@H]9CCCN9C(=O)[C@H](CCCNC(=N)N)NC3=O)C(C)C)[C@@H](C)O)C(=O)N[C@@H](CCCCN)C(=O)N[C@@H](Cc%10ccc(O)cc%10)C(=O)N[C@@H](C(C)C)C(=O)N[C@@H](Cc%11ccccc%11)C(=O)N)NC(=O)[C@@H](N)CC(=O)O,CHEMBL3799705,IC50,5.96
5199922,CSCC[C@@H]1NC(=O)[C@H](Cc2ccccc2)NC(=O)CNC(=O)[C@H](CC(C)C)NC(=O)[C@H](CSSC[C@@H]3NC(=O)[C@@H]4CSSC[C@H](NC(=O)[C@H](Cc5c[nH]c6ccccc56)NC(=O)[C@H](CCCCN)NC(=O)[C@H](Cc7cnc[nH]7)NC(=O)[C@@H](NC(=O)[C@H](CCCNC(=N)N)NC(=O)[C@H](CO)NC(=O)[C@H](CSSC[C@H](NC(=O)[C@H](CCCCN)NC(=O)[C@H](CCCNC(=N)N)NC1=O)C(=O)N[C@@H](Cc8ccc(O)cc8)C(=O)N9CCC[C@H]9C(=O)N[C@@H](CC(=O)O)C(=O)N[C@@H](CC(=O)N)C(=O)N[C@@H](CC(=O)O)C(=O)N[C@@H](CCCCN)C(=O)N4)NC(=O)[C@@H](NC(=O)[C@H](CC(C)C)NC(=O)[C@H](CC(=O)N)NC(=O)[C@@H]%10CCCN%10C(=O)[C@H](CCCNC(=N)N)NC3=O)C(C)C)[C@@H](C)O)C(=O)N[C@@H](CCCCN)C(=O)N[C@@H](Cc%11ccc(O)cc%11)C(=O)N[C@@H](C(C)C)C(=O)N[C@@H](Cc%12ccccc%12)C(=O)N)NC(=O)[C@@H](N)CC(=O)O,CHEMBL3798023,IC50,6.0
5199933,Cc1ccccc1OC[C@H](N)c2ccccc2,CHEMBL149832,EC50,6.0
5199943,CC[C@H](C)[C@@H]1NC(=O)[C@@H]2CSSC[C@@H]3NC(=O)[C@@H](NC(=O)[C@H](CC(C)C)NC(=O)[C@H](CC(=O)N)NC(=O)[C@@H]4CCCN4C(=O)[C@H](CCCNC(=N)N)NC(=O)[C@H](CSSC[C@H](NC(=O)[C@@H](N)CC(=O)O)C(=O)N[C@@H](CCCNC(=N)N)C(=O)NCC(=O)N[C@@H](Cc5ccccc5)C(=O)N[C@@H](CCSC)C(=O)N[C@@H](CCCNC(=N)N)C(=O)N[C@@H](CCCCN)C(=O)N2)NC(=O)[C@H](CSSC[C@H](NC(=O)[C@H](Cc6c[nH]c7ccccc67)NC(=O)[C@H](CCCCN)NC(=O)[C@H](Cc8cnc[nH]8)NC(=O)[C@@H](NC(=O)[C@H](CCCNC(=N)N)NC(=O)[C@H](CO)NC3=O)[C@@H](C)O)C(=O)N[C@@H](CCCCN)C(=O)N[C@@H](Cc9ccc(O)cc9)C(=O)N[C@@H](C(C)C)C(=O)N[C@@H](Cc%10ccccc%10)C(=O)N)NC(=O)[C@H](CCCCN)NC(=O)[C@H](CC(=O)O)NC(=O)[C@H](CC(=O)N)NC(=O)[C@H](CC(=O)O)NC(=O)[C@@H]%11CCCN%11C1=O)C(C)C,CHEMBL3797210,IC50,6.05
5199953,CSCC[C@@H]1NC(=O)[C@H](Cc2ccccc2)NC(=O)CNC(=O)[C@H](CC(C)C)NC(=O)[C@H](CSSC[C@@H]3NC(=O)[C@@H]4CSSC[C@H](NC(=O)[C@H](Cc5c[nH]c6ccccc56)NC(=O)[C@H](CCCCN)NC(=O)[C@H](Cc7cnc[nH]7)NC(=O)[C@@H](NC(=O)[C@H](CCCNC(=N)N)NC(=O)[C@H](CO)NC(=O)[C@H](CSSC[C@H](NC(=O)[C@H](CCCCN)NC(=O)[C@H](CCCNC(=N)N)NC1=O)C(=O)N[C@@H](CCCNC(=N)N)C(=O)N8CCC[C@H]8C(=O)N[C@@H](CC(=O)O)C(=O)N[C@@H](CC(=O)N)C(=O)N[C@@H](CC(=O)O)C(=O)N[C@@H](CCCCN)C(=O)N4)NC(=O)[C@@H](NC(=O)[C@H](CC(C)C)NC(=O)[C@H](CC(=O)N)NC(=O)[C@@H]9CCCN9C(=O)[C@H](CCCNC(=N)N)NC3=O)C(C)C)[C@@H](C)O)C(=O)N[C@@H](CCCCN)C(=O)N[C@@H](Cc%10ccc(O)cc%10)C(=O)N[C@@H](C(C)C)C(=O)N[C@@H](Cc%11ccccc%11)C(=O)N)NC(=O)[C@@H](N)CC(=O)O,CHEMBL3800256,IC50,6.05
5199963,CC[C@H](C)[C@@H]1NC(=O)[C@@H]2CSSC[C@@H]3NC(=O)[C@@H](NC(=O)[C@H](CC(C)C)NC(=O)[C@H](CC(=O)N)NC(=O)[C@@H]4CCCN4C(=O)[C@H](CCCNC(=N)N)NC(=O)[C@H](CSSC[C@H](NC(=O)[C@@H](N)CC(=O)O)C(=O)N[C@@H](CC(C)C)C(=O)NCC(=O)N[C@@H](Cc5ccccc5)C(=O)N[C@@H](CCSC)C(=O)N[C@@H](CCCNC(=N)N)C(=O)N[C@@H](CCCCN)C(=O)N2)NC(=O)[C@H](CSSC[C@H](NC(=O)[C@H](Cc6c[nH]c7ccccc67)NC(=O)[C@H](CCCCN)NC(=O)[C@H](Cc8cnc[nH]8)NC(=O)[C@@H](NC(=O)[C@H](CCCNC(=N)N)NC(=O)[C@H](CO)NC3=O)[C@@H](C)O)C(=O)N[C@@H](CCCCN)C(=O)N[C@@H](Cc9ccc(O)cc9)C(=O)N[C@@H](C(C)C)C(=O)N[C@@H](Cc%10cccc%11ccccc%10%11)C(=O)N)NC(=O)[C@H](CCCCN)NC(=O)[C@H](CC(=O)O)NC(=O)[C@H](CC(=O)N)NC(=O)[C@H](CC(=O)O)NC(=O)[C@@H]%12CCCN%12C1=O)C(C)C,CHEMBL3798843,IC50,6.1
5199973,CC[C@H](C)[C@@H]1NC(=O)[C@@H]2CSSC[C@@H]3NC(=O)[C@@H](NC(=O)[C@H](CC(C)C)NC(=O)[C@H](CC(=O)N)NC(=O)[C@@H]4CCCN4C(=O)[C@H](CCCNC(=O)N)NC(=O)[C@H](CSSC[C@H](NC(=O)[C@@H](N)CC(=O)O)C(=O)N[C@@H](CC(C)C)C(=O)NCC(=O)N[C@@H](Cc5ccccc5)C(=O)N[C@@H](CCSC)C(=O)N[C@@H](CCCNC(=N)N)C(=O)N[C@@H](CCCCN)C(=O)N2)NC(=O)[C@H](CSSC[C@H](NC(=O)[C@H](Cc6c[nH]c7ccccc67)NC(=O)[C@H](CCCCN)NC(=O)[C@H](Cc8cnc[nH]8)NC(=O)[C@@H](NC(=O)[C@H](CCCNC(=N)N)NC(=O)[C@H](CO)NC3=O)[C@@H](C)O)C(=O)N[C@@H](CCCCN)C(=O)N[C@@H](Cc9ccc(O)cc9)C(=O)N[C@@H](C(C)C)C(=O)N[C@@H](Cc%10ccccc%10)C(=O)N)NC(=O)[C@H](CCCCN)NC(=O)[C@H](CC(=O)O)NC(=O)[C@H](CC(=O)N)NC(=O)[C@H](CC(=O)O)NC(=O)[C@@H]%11CCCN%11C1=O)C(C)C,CHEMBL3799645,IC50,6.13
5199983,CC[C@H](C)[C@@H]1NC(=O)[C@@H]2CSSC[C@@H]3NC(=O)[C@@H](NC(=O)[C@H](CC(C)C)NC(=O)[C@H](CC(=O)N)NC(=O)[C@@H]4CCCN4C(=O)[C@H](CCCCN(C)C)NC(=O)[C@H](CSSC[C@H](NC(=O)[C@@H](N)CC(=O)O)C(=O)N[C@@H](CC(C)C)C(=O)NCC(=O)N[C@@H](Cc5ccccc5)C(=O)N[C@@H](CCSC)C(=O)N[C@@H](CCCNC(=N)N)C(=O)N[C@@H](CCCCN)C(=O)N2)NC(=O)[C@H](CSSC[C@H](NC(=O)[C@H](Cc6c[nH]c7ccccc67)NC(=O)[C@H](CCCCN)NC(=O)[C@H](Cc8cnc[nH]8)NC(=O)[C@@H](NC(=O)[C@H](CCCNC(=N)N)NC(=O)[C@H](CO)NC3=O)[C@@H](C)O)C(=O)N[C@@H](CCCCN)C(=O)N[C@@H](Cc9ccc(O)cc9)C(=O)N[C@@H](C(C)C)C(=O)N[C@@H](Cc%10ccccc%10)C(=O)N)NC(=O)[C@H](CCCCN)NC(=O)[C@H](CC(=O)O)NC(=O)[C@H](CC(=O)N)NC(=O)[C@H](CC(=O)O)NC(=O)[C@@H]%11CCCN%11C1=O)C(C)C,CHEMBL3797725,IC50,6.14
5199993,CSCC[C@@H]1NC(=O)[C@H](Cc2ccccc2)NC(=O)CNC(=O)[C@H](CC(C)C)NC(=O)[C@H](CSSC[C@@H]3NC(=O)[C@@H]4CSSC[C@H](NC(=O)[C@H](Cc5c[nH]c6ccccc56)NC(=O)[C@H](CCCCN)NC(=O)[C@H](Cc7cnc[nH]7)NC(=O)[C@@H](NC(=O)[C@H](CCCNC(=N)N)NC(=O)[C@H](CO)NC(=O)[C@H](CSSC[C@H](NC(=O)[C@H](CCCCN)NC(=O)[C@H](CCCNC(=N)N)NC1=O)C(=O)N[C@@H](CC(=O)N)C(=O)N8CCC[C@H]8C(=O)N[C@@H](CC(=O)O)C(=O)N[C@@H](CC(=O)N)C(=O)N[C@@H](CC(=O)O)C(=O)N[C@@H](CCCCN)C(=O)N4)NC(=O)[C@@H](NC(=O)[C@H](CC(C)C)NC(=O)[C@H](CC(=O)N)NC(=O)[C@@H]9CCCN9C(=O)[C@H](CCCNC(=N)N)NC3=O)C(C)C)[C@@H](C)O)C(=O)N[C@@H](CCCCN)C(=O)N[C@@H](Cc%10ccc(O)cc%10)C(=O)N[C@@H](C(C)C)C(=O)N[C@@H](Cc%11ccccc%11)C(=O)N)NC(=O)[C@@H](N)CC(=O)O,CHEMBL3799543,IC50,6.14
5200003,CC[C@H](C)[C@@H]1NC(=O)[C@@H]2CSSC[C@@H]3NC(=O)[C@@H](NC(=O)[C@H](CC(C)C)NC(=O)[C@H](CC(=O)N)NC(=O)[C@@H]4CCCN4C(=O)[C@H](CCCNC(=N)N)NC(=O)[C@H](CSSC[C@H](NC(=O)[C@@H](N)CC(=O)O)C(=O)N[C@@H](CC(C)C)C(=O)NCC(=O)N[C@@H](Cc5ccccc5)C(=O)N[C@@H](CCSC)C(=O)N[C@@H](CCCNC(=N)N)C(=O)N[C@@H](CCCCN)C(=O)N2)NC(=O)[C@H](CSSC[C@H](NC(=O)[C@H](Cc6c[nH]c7ccccc67)NC(=O)[C@H](CCCCN)NC(=O)[C@H](Cc8cnc[nH]8)NC(=O)[C@@H](NC(=O)[C@H](CCCNC(=N)N)NC(=O)[C@H](CO)NC3=O)[C@@H](C)O)C(=O)N[C@@H](CCCCN)C(=O)N[C@@H](Cc9ccc(O)cc9)C(=O)N[C@@H](C(C)C)C(=O)N[C@@H](Cc%10ccccc%10)C(=O)N)NC(=O)[C@H](CCCCN)NC(=O)[C@H](CC(=O)O)NC(=O)[C@H](CC(=O)N)NC(=O)[C@H](CCCCN)NC(=O)[C@@H]%11CCCN%11C1=O)C(C)C,CHEMBL3798428,IC50,6.16
5200013,CC[C@H](C)[C@@H]1NC(=O)[C@@H]2CSSC[C@@H]3NC(=O)[C@@H](NC(=O)[C@H](CC(C)C)NC(=O)[C@H](CC(=O)N)NC(=O)[C@@H]4CCCN4C(=O)[C@H](CCCNC(=N)N)NC(=O)[C@H](CSSC[C@H](NC(=O)[C@@H](N)CC(=O)O)C(=O)N[C@@H](CC(C)C)C(=O)NCC(=O)N[C@@H](Cc5ccccc5)C(=O)N[C@@H](CCSC)C(=O)N[C@@H](CCCNC(=N)N)C(=O)N[C@@H](CCCCN)C(=O)N2)NC(=O)[C@H](CSSC[C@H](NC(=O)[C@H](Cc6c[nH]c7ccccc67)NC(=O)[C@H](CCCCN)NC(=O)[C@H](Cc8cnc[nH]8)NC(=O)[C@H](CCCCN)NC(=O)[C@H](CCCNC(=N)N)NC(=O)[C@H](CO)NC3=O)C(=O)N[C@@H](CCCCN)C(=O)N[C@@H](Cc9ccc(O)cc9)C(=O)N[C@@H](C(C)C)C(=O)N[C@@H](Cc%10ccccc%10)C(=O)N)NC(=O)[C@H](CCCCN)NC(=O)[C@H](CC(=O)O)NC(=O)[C@H](CC(=O)N)NC(=O)[C@H](CC(=O)O)NC(=O)[C@@H]%11CCCN%11C1=O)C(C)C,CHEMBL3799377,IC50,6.16
5200023,CC[C@H](C)[C@@H]1NC(=O)[C@@H]2CSSC[C@@H]3NC(=O)[C@@H](NC(=O)[C@H](CC(C)C)NC(=O)[C@H](CC(=O)N)NC(=O)[C@@H]4CCCN4C(=O)[C@H](CCCNC(=N)N)NC(=O)[C@H](CSSC[C@H](NC(=O)[C@@H](N)CC(=O)O)C(=O)N[C@@H](CC(C)C)C(=O)NCC(=O)N[C@@H](Cc5ccccc5)C(=O)N[C@@H](CCSC)C(=O)N[C@@H](CCCNC(=N)N)C(=O)N[C@@H](CCCCN)C(=O)N2)NC(=O)[C@H](CSSC[C@H](NC(=O)[C@H](Cc6c[nH]c7ccccc67)NC(=O)[C@H](CCCCN)NC(=O)[C@H](Cc8cnc[nH]8)NC(=O)[C@H](Cc9c[nH]c%10ccccc9%10)NC(=O)[C@H](CCCNC(=N)N)NC(=O)[C@H](CO)NC3=O)C(=O)N[C@@H](CCCCN)C(=O)N[C@@H](Cc%11ccc(O)cc%11)C(=O)N[C@@H](C(C)C)C(=O)N[C@@H](Cc%12ccccc%12)C(=O)N)NC(=O)[C@H](CCCCN)NC(=O)[C@H](CC(=O)O)NC(=O)[C@H](CC(=O)N)NC(=O)[C@H](CC(=O)O)NC(=O)[C@@H]%13CCCN%13C1=O)C(C)C,CHEMBL3800184,IC50,6.16
5200033,CC[C@H](C)[C@@H]1NC(=O)[C@@H]2CSSC[C@@H]3NC(=O)[C@@H](NC(=O)[C@H](CC(C)C)NC(=O)[C@H](Cc4c[nH]c5ccccc45)NC(=O)[C@@H]6CCCN6C(=O)[C@H](CCCNC(=N)N)NC(=O)[C@H](CSSC[C@H](NC(=O)[C@@H](N)CC(=O)O)C(=O)N[C@@H](CC(C)C)C(=O)NCC(=O)N[C@@H](Cc7ccccc7)C(=O)N[C@@H](CCSC)C(=O)N[C@@H](CCCNC(=N)N)C(=O)N[C@@H](CCCCN)C(=O)N2)NC(=O)[C@H](CSSC[C@H](NC(=O)[C@H](Cc8c[nH]c9ccccc89)NC(=O)[C@H](CCCCN)NC(=O)[C@H](Cc%10cnc[nH]%10)NC(=O)[C@@H](NC(=O)[C@H](CCCNC(=N)N)NC(=O)[C@H](CO)NC3=O)[C@@H](C)O)C(=O)N[C@@H](CCCCN)C(=O)N[C@@H](Cc%11ccc(O)cc%11)C(=O)N[C@@H](C(C)C)C(=O)N[C@@H](Cc%12ccccc%12)C(=O)N)NC(=O)[C@H](CCCCN)NC(=O)[C@H](CC(=O)O)NC(=O)[C@H](CC(=O)N)NC(=O)[C@H](CC(=O)O)NC(=O)[C@@H]%13CCCN%13C1=O)C(C)C,CHEMBL3799998,IC50,6.16
5200043,CC[C@H](C)[C@@H]1NC(=O)[C@@H]2CSSC[C@@H]3NC(=O)[C@H](CCCNC(=N)N)NC(=O)[C@H](CC(C)C)NC(=O)[C@H](CC(=O)N)NC(=O)[C@@H]4CCCN4C(=O)[C@H](CCCNC(=N)N)NC(=O)[C@H](CSSC[C@H](NC(=O)[C@@H](N)CC(=O)O)C(=O)N[C@@H](CC(C)C)C(=O)NCC(=O)N[C@@H](Cc5ccccc5)C(=O)N[C@@H](CCSC)C(=O)N[C@@H](CCCNC(=N)N)C(=O)N[C@@H](CCCCN)C(=O)N2)NC(=O)[C@H](CSSC[C@H](NC(=O)[C@H](Cc6c[nH]c7ccccc67)NC(=O)[C@H](CCCCN)NC(=O)[C@H](Cc8cnc[nH]8)NC(=O)[C@@H](NC(=O)[C@H](CCCNC(=N)N)NC(=O)[C@H](CO)NC3=O)[C@@H](C)O)C(=O)N[C@@H](CCCCN)C(=O)N[C@@H](Cc9ccc(O)cc9)C(=O)N[C@@H](C(C)C)C(=O)N[C@@H](Cc%10ccccc%10)C(=O)N)NC(=O)[C@H](CCCCN)NC(=O)[C@H](CC(=O)O)NC(=O)[C@H](CC(=O)N)NC(=O)[C@H](CC(=O)O)NC(=O)[C@@H]%11CCCN%11C1=O,CHEMBL3798639,IC50,6.16
5200053,CSCC[C@@H]1NC(=O)[C@H](Cc2ccccc2)NC(=O)CNC(=O)[C@H](CC(C)C)NC(=O)[C@H](CSSC[C@@H]3NC(=O)[C@@H]4CSSC[C@H](NC(=O)[C@H](Cc5c[nH]c6ccccc56)NC(=O)[C@H](CCCCN)NC(=O)[C@H](Cc7cnc[nH]7)NC(=O)[C@@H](NC(=O)[C@H](CCCNC(=N)N)NC(=O)[C@H](CO)NC(=O)[C@H](CSSC[C@H](NC(=O)[C@H](CCCCN)NC(=O)[C@H](CCCNC(=N)N)NC1=O)C(=O)N[C@@H](Cc8cnc[nH]8)C(=O)N9CCC[C@H]9C(=O)N[C@@H](CC(=O)O)C(=O)N[C@@H](CC(=O)N)C(=O)N[C@@H](CC(=O)O)C(=O)N[C@@H](CCCCN)C(=O)N4)NC(=O)[C@@H](NC(=O)[C@H](CC(C)C)NC(=O)[C@H](CC(=O)N)NC(=O)[C@@H]%10CCCN%10C(=O)[C@H](CCCNC(=N)N)NC3=O)C(C)C)[C@@H](C)O)C(=O)N[C@@H](CCCCN)C(=O)N[C@@H](Cc%11ccc(O)cc%11)C(=O)N[C@@H](C(C)C)C(=O)N[C@@H](Cc%12ccccc%12)C(=O)N)NC(=O)[C@@H](N)CC(=O)O,CHEMBL3798672,IC50,6.16
5200064,Cn1ccc(n1)c2ccc(Oc3ccc(F)cc3)cc2,CHEMBL38970,Ki,6.16
5200074,CC[C@H](C)[C@@H]1NC(=O)[C@@H]2CSSC[C@@H]3NC(=O)[C@@H](NC(=O)[C@H](CC(C)C)NC(=O)[C@H](CC(=O)N)NC(=O)[C@@H]4CCCN4C(=O)[C@H](CCCNC(=N)N)NC(=O)[C@H](CSSC[C@H](NC(=O)[C@@H](N)CC(=O)O)C(=O)N[C@@H](CC(C)C)C(=O)NCC(=O)N[C@@H](Cc5ccccc5)C(=O)N[C@@H](CCSC)C(=O)N[C@@H](CCCNC(=N)N)C(=O)N[C@@H](CCCCN)C(=O)N2)NC(=O)[C@H](CSSC[C@H](NC(=O)[C@H](Cc6c[nH]c7ccccc67)NC(=O)[C@H](CCCCN)NC(=O)[C@H](Cc8cccc9ccccc89)NC(=O)[C@@H](NC(=O)[C@H](CCCNC(=N)N)NC(=O)[C@H](CO)NC3=O)[C@@H](C)O)C(=O)N[C@@H](CCCCN)C(=O)N[C@@H](Cc%10ccc(O)cc%10)C(=O)N[C@@H](C(C)C)C(=O)N[C@@H](Cc%11ccccc%11)C(=O)N)NC(=O)[C@H](CCCCN)NC(=O)[C@H](CC(=O)O)NC(=O)[C@H](CC(=O)N)NC(=O)[C@H](CC(=O)O)NC(=O)[C@@H]%12CCCN%12C1=O)C(C)C,CHEMBL3800504,IC50,6.22
5200084,CC[C@H](C)[C@@H]1NC(=O)[C@@H]2CSSC[C@@H]3NC(=O)[C@@H](NC(=O)[C@H](CC(C)C)NC(=O)[C@H](CC(=O)N)NC(=O)[C@@H]4CCCN4C(=O)[C@H](CCCNC(=N)N)NC(=O)[C@H](CSSC[C@H](NC(=O)[C@@H](N)CC(=O)O)C(=O)N[C@@H](CC(C)C)C(=O)NCC(=O)N[C@@H](Cc5ccccc5)C(=O)N[C@@H](CCSC)C(=O)N[C@@H](CCCNC(=N)N)C(=O)N[C@@H](CCCCN)C(=O)N2)NC(=O)[C@H](CSSC[C@H](NC(=O)[C@H](Cc6c[nH]c7ccccc67)NC(=O)[C@H](CCCCN)NC(=O)[C@H](Cc8cnc[nH]8)NC(=O)[C@@H](NC(=O)[C@H](CCCNC(=N)N)NC(=O)[C@H](CO)NC3=O)[C@@H](C)O)C(=O)N[C@@H](CCCCN)C(=O)N[C@@H](Cc9ccc(O)cc9)C(=O)N[C@@H](C(C)C)C(=O)N[C@@H](Cc%10ccccc%10)C(=O)N)NC(=O)[C@H](CCCCN)NC(=O)[C@H](CC(=O)O)NC(=O)[C@H](CC(=O)N)NC(=O)[C@H](CCCNC(=N)N)NC(=O)[C@@H]%11CCCN%11C1=O)C(C)C,CHEMBL3799128,IC50,6.22
5200094,CC[C@H](C)[C@@H]1NC(=O)[C@@H]2CSSC[C@@H]3NC(=O)[C@@H](NC(=O)[C@H](CC(C)C)NC(=O)[C@H](CC(=O)N)NC(=O)[C@@H]4CCCN4C(=O)[C@H](CCCNC(=N)N)NC(=O)[C@H](CSSC[C@H](NC(=O)[C@@H](N)CC(=O)O)C(=O)N[C@@H](CC(C)C)C(=O)NCC(=O)N[C@@H](Cc5ccccc5)C(=O)N[C@@H](CCSC)C(=O)N[C@@H](CCCNC(=N)N)C(=O)N[C@@H](CCCCN)C(=O)N2)NC(=O)[C@H](CSSC[C@H](NC(=O)[C@H](Cc6c[nH]c7ccccc67)NC(=O)[C@H](CCCCN)NC(=O)[C@H](Cc8cnc[nH]8)NC(=O)[C@@H](NC(=O)[C@H](CCCNC(=N)N)NC(=O)[C@H](CO)NC3=O)[C@@H](C)O)C(=O)N[C@@H](CCCCN)C(=O)N[C@@H](Cc9ccc(O)cc9)C(=O)N[C@@H](Cc%10cccc%11ccccc%10%11)C(=O)N[C@@H](Cc%12ccccc%12)C(=O)N)NC(=O)[C@H](CCCCN)NC(=O)[C@H](CC(=O)O)NC(=O)[C@H](CC(=O)N)NC(=O)[C@H](CC(=O)O)NC(=O)[C@@H]%13CCCN%13C1=O)C(C)C,CHEMBL3799811,IC50,6.22
5200180,CC[C@H](C)[C@@H]1NC(=O)[C@@H]2CSSC[C@@H]3NC(=O)[C@@H](NC(=O)[C@H](CC(C)C)NC(=O)[C@H](CC(=O)N)NC(=O)[C@@H]4CCCN4C(=O)[C@H](CCCNC(=N)N)NC(=O)[C@H](CSSC[C@H](NC(=O)[C@@H](N)CC(=O)O)C(=O)N[C@@H](CC(C)C)C(=O)N[C@@H](Cc5c[nH]c6ccccc56)C(=O)N[C@@H](Cc7ccccc7)C(=O)N[C@@H](CCSC)C(=O)N[C@@H](CCCNC(=N)N)C(=O)N[C@@H](CCCCN)C(=O)N2)NC(=O)[C@H](CSSC[C@H](NC(=O)[C@H](Cc8c[nH]c9ccccc89)NC(=O)[C@H](CCCCN)NC(=O)[C@H](Cc%10cnc[nH]%10)NC(=O)[C@@H](NC(=O)[C@H](CCCNC(=N)N)NC(=O)[C@H](CO)NC3=O)[C@@H](C)O)C(=O)N[C@@H](CCCCN)C(=O)N[C@@H](Cc%11ccc(O)cc%11)C(=O)N[C@@H](C(C)C)C(=O)N[C@@H](Cc%12ccccc%12)C(=O)N)NC(=O)[C@H](CCCCN)NC(=O)[C@H](CC(=O)O)NC(=O)[C@H](CC(=O)N)NC(=O)[C@H](CC(=O)O)NC(=O)[C@@H]%13CCCN%13C1=O)C(C)C,CHEMBL3798309,IC50,6.22
5200190,CC[C@H](C)[C@@H]1NC(=O)[C@@H]2CSSC[C@@H]3NC(=O)[C@@H](NC(=O)[C@H](CC(C)C)NC(=O)[C@H](CC(=O)N)NC(=O)[C@@H]4CCCN4C(=O)[C@H](CCCNC(=N)N)NC(=O)[C@H](CSSC[C@H](NC(=O)[C@@H](N)CC(=O)O)C(=O)N[C@@H](CC(C)C)C(=O)NCC(=O)N[C@@H](Cc5ccccc5)C(=O)N[C@@H](CCSC)C(=O)N[C@@H](CCCNC(=N)N)C(=O)N[C@@H](CCCCN)C(=O)N2)NC(=O)[C@H](CSSC[C@H](NC(=O)[C@H](Cc6c[nH]c7ccccc67)NC(=O)[C@H](CCCCN)NC(=O)[C@H](Cc8c[nH]cn8)NC(=O)[C@@H](NC(=O)[C@H](CCCNC(=N)N)NC(=O)[C@H](CO)NC3=O)[C@@H](C)O)C(=O)N[C@@H](CCCCN)C(=O)N[C@@H](Cc9ccc(O)cc9)C(=O)N[C@@H](C(C)C)C(=O)N[C@@H](Cc%10ccccc%10)C(=O)N)NC(=O)[C@H](CCCCN)NC(=O)[C@H](CC(=O)O)NC(=O)[C@H](CC(=O)N)NC(=O)[C@H](Cc%11cccc%12ccccc%11%12)NC(=O)[C@@H]%13CCCN%13C1=O)C(C)C,CHEMBL3798479,IC50,6.3
5200200,CC[C@H](C)[C@@H]1NC(=O)[C@@H]2CSSC[C@@H]3NC(=O)[C@@H](NC(=O)[C@H](CC(C)C)NC(=O)[C@H](CC(=O)N)NC(=O)[C@@H]4CCCN4C(=O)[C@H](CCCNC(=N)N)NC(=O)[C@H](CSSC[C@H](NC(=O)[C@@H](N)CC(=O)O)C(=O)N[C@@H](CC(C)C)C(=O)NCC(=O)N[C@@H](Cc5ccccc5)C(=O)N[C@@H](CCSC)C(=O)N[C@@H](CCCNC(=N)N)C(=O)N[C@@H](CCCCN)C(=O)N2)NC(=O)[C@H](CSSC[C@H](NC(=O)[C@H](Cc6c[nH]c7ccccc67)NC(=O)[C@H](CCCCN)NC(=O)[C@H](Cc8c[nH]cn8)NC(=O)[C@@H](NC(=O)[C@H](CCCNC(=N)N)NC(=O)[C@H](CO)NC3=O)[C@@H](C)O)C(=O)N[C@@H](CCCCN)C(=O)N[C@@H](Cc9ccc(O)cc9)C(=O)N[C@@H](Cc%10c[nH]c%11ccccc%10%11)C(=O)N[C@@H](Cc%12ccccc%12)C(=O)N)NC(=O)[C@H](CCCCN)NC(=O)[C@H](CC(=O)O)NC(=O)[C@H](CC(=O)N)NC(=O)[C@H](CC(=O)O)NC(=O)[C@@H]%13CCCN%13C1=O)C(C)C,CHEMBL3798058,IC50,6.3
5200210,CC[C@H](C)[C@@H]1NC(=O)[C@@H]2CSSC[C@@H]3NC(=O)[C@@H](NC(=O)[C@H](CC(C)C)NC(=O)[C@H](CC(=O)N)NC(=O)[C@@H]4CCCN4C(=O)[C@H](CCCNC(=N)N)NC(=O)[C@H](CSSC[C@H](NC(=O)[C@@H](N)CC(=O)O)C(=O)N[C@@H](CC(C)C)C(=O)N[C@@H](Cc5cccc6ccccc56)C(=O)N[C@@H](Cc7ccccc7)C(=O)N[C@@H](CCSC)C(=O)N[C@@H](CCCNC(=N)N)C(=O)N[C@@H](CCCCN)C(=O)N2)NC(=O)[C@H](CSSC[C@H](NC(=O)[C@H](Cc8c[nH]c9ccccc89)NC(=O)[C@H](CCCCN)NC(=O)[C@H](Cc%10c[nH]cn%10)NC(=O)[C@@H](NC(=O)[C@H](CCCNC(=N)N)NC(=O)[C@H](CO)NC3=O)[C@@H](C)O)C(=O)N[C@@H](CCCCN)C(=O)N[C@@H](Cc%11ccc(O)cc%11)C(=O)N[C@@H](C(C)C)C(=O)N[C@@H](Cc%12ccccc%12)C(=O)N)NC(=O)[C@H](CCCCN)NC(=O)[C@H](CC(=O)O)NC(=O)[C@H](CC(=O)N)NC(=O)[C@H](CC(=O)O)NC(=O)[C@@H]%13CCCN%13C1=O)C(C)C,CHEMBL3800566,IC50,6.3
188420,CC(=O)Nc1cccc(Nc2ncnc(n2)N3CCC(CC3)OCc4ccc(OC(F)(F)F)cc4)c1C,CHEMBL1813048,IC50,6.4
5200222,CC[C@H](C)[C@@H]1NC(=O)[C@@H]2CSSC[C@@H]3NC(=O)[C@@H](NC(=O)[C@H](CC(C)C)NC(=O)[C@H](CC(=O)N)NC(=O)[C@@H]4CCCN4C(=O)[C@H](CCCNC(=N)N)NC(=O)[C@H](CSSC[C@H](NC(=O)[C@@H](N)CC(=O)O)C(=O)N[C@@H](CC(C)C)C(=O)NCC(=O)N[C@@H](Cc5ccccc5)C(=O)N[C@@H](CCSC)C(=O)N[C@@H](CCCNC(=N)N)C(=O)N[C@@H](CCCCN)C(=O)N2)NC(=O)[C@H](CSSC[C@H](NC(=O)[C@H](Cc6c[nH]c7ccccc67)NC(=O)[C@H](CCCCN)NC(=O)[C@H](Cc8cnc[nH]8)NC(=O)[C@@H](NC(=O)[C@H](CCCNC(=N)N)NC(=O)[C@H](CO)NC3=O)[C@@H](C)O)C(=O)N[C@@H](CCCCN)C(=O)N[C@@H](Cc9ccc(O)cc9)C(=O)N[C@@H](C(C)C)C(=O)N[C@@H](Cc%10ccccc%10)C(=O)N)NC(=O)[C@H](CCCCN)NC(=O)[C@H](CC(=O)O)NC(=O)[C@H](CC(=O)N)NC(=O)[C@H](Cc%11c[nH]c%12ccccc%11%12)NC(=O)[C@@H]%13CCCN%13C1=O)C(C)C,CHEMBL3797735,IC50,6.4
5200232,CC[C@H](C)[C@@H]1NC(=O)[C@@H]2CSSC[C@@H]3NC(=O)[C@@H](NC(=O)[C@H](CC(C)C)NC(=O)[C@H](Cc4cccc5ccccc45)NC(=O)[C@@H]6CCCN6C(=O)[C@H](CCCNC(=N)N)NC(=O)[C@H](CSSC[C@H](NC(=O)[C@@H](N)CC(=O)O)C(=O)N[C@@H](CC(C)C)C(=O)NCC(=O)N[C@@H](Cc7ccccc7)C(=O)N[C@@H](CCSC)C(=O)N[C@@H](CCCNC(=N)N)C(=O)N[C@@H](CCCCN)C(=O)N2)NC(=O)[C@H](CSSC[C@H](NC(=O)[C@H](Cc8c[nH]c9ccccc89)NC(=O)[C@H](CCCCN)NC(=O)[C@H](Cc%10c[nH]cn%10)NC(=O)[C@@H](NC(=O)[C@H](CCCNC(=N)N)NC(=O)[C@H](CO)NC3=O)[C@@H](C)O)C(=O)N[C@@H](CCCCN)C(=O)N[C@@H](Cc%11ccc(O)cc%11)C(=O)N[C@@H](C(C)C)C(=O)N[C@@H](Cc%12ccccc%12)C(=O)N)NC(=O)[C@H](CCCCN)NC(=O)[C@H](CC(=O)O)NC(=O)[C@H](CC(=O)N)NC(=O)[C@H](CC(=O)O)NC(=O)[C@@H]%13CCCN%13C1=O)C(C)C,CHEMBL3799535,IC50,6.4
5200243,CN(C)C(=O)n1ccc(n1)c2ccc(Oc3ccc(F)cc3)cc2,CHEMBL289421,Ki,6.47
5200253,CC[C@H](C)[C@@H]1NC(=O)[C@@H]2CSSC[C@@H]3NC(=O)[C@@H](NC(=O)[C@H](CC(C)C)NC(=O)[C@H](CC(=O)N)NC(=O)[C@@H]4CCCN4C(=O)[C@H](CCCNC(=N)N)NC(=O)[C@H](CSSC[C@H](NC(=O)[C@@H](N)CC(=O)O)C(=O)N[C@@H](CC(C)C)C(=O)N[C@@H](CCCCN)C(=O)N[C@@H](Cc5ccccc5)C(=O)N[C@@H](CCSC)C(=O)N[C@@H](CCCNC(=N)N)C(=O)N[C@@H](CCCCN)C(=O)N2)NC(=O)[C@H](CSSC[C@H](NC(=O)[C@H](Cc6c[nH]c7ccccc67)NC(=O)[C@H](CCCCN)NC(=O)[C@H](Cc8cnc[nH]8)NC(=O)[C@@H](NC(=O)[C@H](CCCNC(=N)N)NC(=O)[C@H](CO)NC3=O)[C@@H](C)O)C(=O)N[C@@H](CCCCN)C(=O)N[C@@H](Cc9ccc(O)cc9)C(=O)N[C@@H](C(C)C)C(=O)N[C@@H](Cc%10ccccc%10)C(=O)N)NC(=O)[C@H](CCCCN)NC(=O)[C@H](CC(=O)O)NC(=O)[C@H](CC(=O)N)NC(=O)[C@H](CC(=O)O)NC(=O)[C@@H]%11CCCN%11C1=O)C(C)C,CHEMBL3800248,IC50,6.54
5200264,O(c1ccccc1)c2ccc(cc2)c3cc[nH]n3,CHEMBL41864,Ki,6.62
5200274,CC[C@H](C)[C@@H]1NC(=O)[C@@H]2CSSC[C@@H]3NC(=O)[C@@H](NC(=O)[C@H](CC(C)C)NC(=O)[C@H](CC(=O)N)NC(=O)[C@H](CCCCN)NC(=O)[C@H](CCCNC(=N)N)NC(=O)[C@H](CSSC[C@H](NC(=O)[C@@H](N)CC(=O)O)C(=O)N[C@@H](CC(C)C)C(=O)NCC(=O)N[C@@H](Cc4ccccc4)C(=O)N[C@@H](CCSC)C(=O)N[C@@H](CCCNC(=N)N)C(=O)N[C@@H](CCCCN)C(=O)N2)NC(=O)[C@H](CSSC[C@H](NC(=O)[C@H](Cc5c[nH]c6ccccc56)NC(=O)[C@H](CCCCN)NC(=O)[C@H](Cc7cnc[nH]7)NC(=O)[C@@H](NC(=O)[C@H](CCCNC(=N)N)NC(=O)[C@H](CO)NC3=O)[C@@H](C)O)C(=O)N[C@@H](CCCCN)C(=O)N[C@@H](Cc8ccc(O)cc8)C(=O)N[C@@H](C(C)C)C(=O)N[C@@H](Cc9ccccc9)C(=O)N)NC(=O)[C@H](CCCCN)NC(=O)[C@H](CC(=O)O)NC(=O)[C@H](CC(=O)N)NC(=O)[C@H](CC(=O)O)NC(=O)[C@@H]%10CCCN%10C1=O)C(C)C,CHEMBL3800494,IC50,6.68
5200284,CC[C@H](C)[C@@H]1NC(=O)[C@@H]2CSSC[C@@H]3NC(=O)[C@@H](NC(=O)[C@H](CC(C)C)NC(=O)[C@H](CC(=O)N)NC(=O)[C@@H]4CCCN4C(=O)[C@H](CCCNC(=N)N)NC(=O)[C@H](CSSC[C@H](NC(=O)[C@@H](N)CC(=O)O)C(=O)N[C@@H](CC(C)C)C(=O)NCC(=O)N[C@@H](Cc5ccccc5)C(=O)N[C@@H](CCSC)C(=O)N[C@@H](CCCNC(=N)N)C(=O)N[C@@H](CCCCN)C(=O)N2)NC(=O)[C@H](CSSC[C@H](NC(=O)[C@H](Cc6c[nH]c7ccccc67)NC(=O)[C@H](CCCCN)NC(=O)[C@H](Cc8cnc[nH]8)NC(=O)[C@@H](NC(=O)[C@H](CCCNC(=N)N)NC(=O)[C@H](CO)NC3=O)[C@@H](C)O)C(=O)N[C@@H](CCCCN)C(=O)N[C@@H](Cc9cccc%10ccccc9%10)C(=O)N[C@@H](C(C)C)C(=O)N[C@@H](Cc%11ccccc%11)C(=O)N)NC(=O)[C@H](CCCCN)NC(=O)[C@H](CC(=O)O)NC(=O)[C@H](CC(=O)N)NC(=O)[C@H](CC(=O)O)NC(=O)[C@@H]%12CCCN%12C1=O)C(C)C,CHEMBL3798824,IC50,6.7
5200294,CC[C@H](C)[C@@H]1NC(=O)[C@@H]2CSSC[C@@H]3NC(=O)[C@@H](NC(=O)[C@H](CC(C)C)NC(=O)[C@H](CC(=O)N)NC(=O)[C@@H]4CCCN4C(=O)[C@H](CCCNC(=N)N)NC(=O)[C@H](CSSC[C@H](NC(=O)[C@@H](N)CC(=O)O)C(=O)N[C@@H](CC(C)C)C(=O)NCC(=O)N[C@@H](Cc5ccccc5)C(=O)N[C@@H](Cc6cc7ccccc7[nH]6)C(=O)N[C@@H](CCCNC(=N)N)C(=O)N[C@@H](CCCCN)C(=O)N2)NC(=O)[C@H](CSSC[C@H](NC(=O)[C@H](Cc8c[nH]c9ccccc89)NC(=O)[C@H](CCCCN)NC(=O)[C@H](Cc%10cnc[nH]%10)NC(=O)[C@@H](NC(=O)[C@H](CCCNC(=N)N)NC(=O)[C@H](CO)NC3=O)[C@@H](C)O)C(=O)N[C@@H](CCCCN)C(=O)N[C@@H](Cc%11ccc(O)cc%11)C(=O)N[C@@H](C(C)C)C(=O)N[C@@H](Cc%12ccccc%12)C(=O)N)NC(=O)[C@H](CCCCN)NC(=O)[C@H](CC(=O)O)NC(=O)[C@H](CC(=O)N)NC(=O)[C@H](CC(=O)O)NC(=O)[C@@H]%13CCCN%13C1=O)C(C)C,CHEMBL3797461,IC50,6.7
5200305,Fc1ccc(Oc2ccc(cc2)c3cc[nH]n3)cc1,CHEMBL38031,Ki,6.7
5200317,NC(=O)N\N=C\c1ccc(Oc2ccc(F)cc2)cc1,CHEMBL287833,Ki,6.75
5200327,CC[C@H](C)[C@@H]1NC(=O)[C@@H]2CSSC[C@@H]3NC(=O)[C@@H](NC(=O)[C@H](CC(C)C)NC(=O)[C@H](CC(=O)N)NC(=O)[C@@H]4CCCN4C(=O)[C@H](CCCNC(=N)N)NC(=O)[C@H](CSSC[C@H](NC(=O)[C@@H](N)CC(=O)O)C(=O)N[C@@H](CC(C)C)C(=O)N[C@@H](CCCNC(=N)N)C(=O)N[C@@H](Cc5ccccc5)C(=O)N[C@@H](CCSC)C(=O)N[C@@H](CCCNC(=N)N)C(=O)N[C@@H](CCCCN)C(=O)N2)NC(=O)[C@H](CSSC[C@H](NC(=O)[C@H](Cc6c[nH]c7ccccc67)NC(=O)[C@H](CCCCN)NC(=O)[C@H](Cc8cnc[nH]8)NC(=O)[C@@H](NC(=O)[C@H](CCCNC(=N)N)NC(=O)[C@H](CO)NC3=O)[C@@H](C)O)C(=O)N[C@@H](CCCCN)C(=O)N[C@@H](Cc9ccc(O)cc9)C(=O)N[C@@H](C(C)C)C(=O)N[C@@H](Cc%10ccccc%10)C(=O)N)NC(=O)[C@H](CCCCN)NC(=O)[C@H](CC(=O)O)NC(=O)[C@H](CC(=O)N)NC(=O)[C@H](CC(=O)O)NC(=O)[C@@H]%11CCCN%11C1=O)C(C)C,CHEMBL3799550,IC50,6.8
5200338,CNC(=O)n1ccc(n1)c2ccc(Oc3ccc(F)cc3)cc2,CHEMBL38488,Ki,6.82
5200349,NC(=O)n1ccc(n1)c2ccc(Oc3ccccc3)cc2,CHEMBL37263,Ki,7.46
5200360,NC(=O)n1ccc(n1)c2ccc(Oc3ccc(F)cc3)cc2,CHEMBL289425,Ki,7.51
5200371,NC(=O)n1ccc(n1)c2ccc(Oc3ccc(cc3)[N+](=O)[O-])cc2,CHEMBL37316,Ki,7.51
5200382,NC(=O)n1ccc(n1)c2ccc(Oc3ccc(F)cc3F)cc2,CHEMBL38401,Ki,7.6
5200393,OC[C@H]1CON2[C@H]1C[C@]3(CN4C(=N)N[C@H]([C@@H]5N(COC(=O)NO)C(=N)N[C@]45C3(O)O)C2=O)OS(=O)(=O)O,CHEMBL3617050,IC50,10.21
