id,smiles,name,assay_type,activity_value
43736,CCOC(=O)C1=CC=C(N)C=C1,benzocaine,N/A,N/A
9250986,CC(C)NCCCC1(C(N)=O)C2=CC=CC=C2C2=C1C=CC=C2,indecainide,N/A,N/A
9250995,OP(O)(=O)OCN1C(=O)NC(C1=O)(C1=CC=CC=C1)C1=CC=CC=C1,fosphenytoin,N/A,N/A
43805,CCCCOC1=NC2=CC=CC=C2C(=C1)C(=O)NCCN(CC)CC,cinchocaine,N/A,N/A
43824,CCN(CC)CC(=O)NC1=C(C)C=CC=C1C,lidocaine,Kd,4.80000019
43844,CCN1C(=O)NC(C1=O)C1=CC=CC=C1,ethotoin,N/A,N/A
43853,NC1=NC(N)=C(C=C1)\N=N\C1=CC=CC=C1,phenazopyridine,N/A,N/A
43862,CCC1(NC(=O)N(C)C1=O)C1=CC=CC=C1,mephenytoin,N/A,N/A
43871,NC(=O)C1=CN(CC2=C(F)C=CC=C2F)N=N1,rufinamide,N/A,N/A
43880,NC1=NN=C(C(N)=N1)C1=C(Cl)C(Cl)=CC=C1,lamotrigine,IC50,4.21
188244,CCCCNC1=CC=C(C=C1)C(=O)OCCN(C)C,tetracaine,IC50,6.28
1542133,[H][C@@]12CO[C@@]3(COS(N)(=O)=O)OC(C)(C)O[C@@]3([H])[C@]1([H])OC(C)(C)O2,topiramate,N/A,N/A
43748,CCCN1CCCC[C@H]1C(=O)NC1=C(C)C=CC=C1C,ropivacaine,N/A,N/A
4272453,NC1=NC2=C(S1)C=C(OC(F)(F)F)C=C2,riluzole,N/A,N/A
188206,O=C1NC(=O)C(N1)(C1=CC=CC=C1)C1=CC=CC=C1,phenytoin,N/A,N/A
9251019,NC(=O)N1C2=CC=CC=C2C(=O)CC2=C1C=CC=C2,oxcarbazepine,N/A,N/A
43757,CN(C)CCOC(C1=CC=CC=C1)C1=C(C)C=CC=C1,orphenadrine,IC50,4.8861
9251030,CCOC(=O)NC1=CC=C2SC3=CC=CC=C3N(C(=O)CCN3CCOCC3)C2=C1,moracizine,N/A,N/A
43834,CC(N)COC1=C(C)C=CC=C1C,mexiletine,IC50,4.53
188218,[H]C1(CCCCN1C)C(=O)NC1=C(C)C=CC=C1C,mepivacaine,N/A,N/A
5198978,CCCN(CC)C(CC)C(=O)NC1=C(C)C=CC=C1C,etidocaine,N/A,N/A
9251043,CC(C)N(CCC(C(N)=O)(C1=CC=CC=C1)C1=CC=CC=N1)C(C)C,disopyramide,N/A,N/A
5199012,NC(=O)N1C2=CC=CC=C2C=CC2=C1C=CC=C2,carbamazepine,N/A,N/A
188279,[H][C@@]1(C[C@@H]2CC[N@]1C[C@@H]2C=C)[C@@H](O)C1=CC=NC2=CC=C(OC)C=C12,quinidine,IC50,5.16
703902,CCCNCC(O)COc1ccccc1C(=O)CCc2ccccc2,propafenone,IC50,5.48
1729498,FC(F)(F)COc1ccc(OCC(F)(F)F)c(c1)C(=O)NCC2CCCCN2,flecainide,IC50,5.19
9251062,COC1=C(OCC(O)CN2CCN(CC(=O)NC3=C(C)C=CC=C3C)CC2)C=CC=C1,ranolazine,N/A,N/A
43891,CC(=O)O[C@H]1CC2=C(C=CC=C2)N(C(N)=O)C2=CC=CC=C12,eslicarbazepine acetate,N/A,N/A
43901,CCN(CC)CCNC(=O)C1=CC=C(N)C=C1,procainamide,N/A,N/A
43910,CC(N)C(=O)NC1=C(C)C=CC=C1C,tocainide,N/A,N/A
9251153,CC(O)c1ccc(cn1)c2cccc3OC[C@H](Cc23)NC(=O)c4ccc(OCCOCC(F)(F)F)nc4,CHEMBL2069414,IC50,5.0
6063543,CC1(CCCN(C1)C(=O)NCc2ccc(cc2)c3cccc(Cl)c3)c4ccccc4,CHEMBL1080975,IC50,5.0
5200253,CC[C@H](C)[C@@H]1NC(=O)[C@@H]2CSSC[C@@H]3NC(=O)[C@@H](NC(=O)[C@H](CC(C)C)NC(=O)[C@H](CC(=O)N)NC(=O)[C@@H]4CCCN4C(=O)[C@H](CCCNC(=N)N)NC(=O)[C@H](CSSC[C@H](NC(=O)[C@@H](N)CC(=O)O)C(=O)N[C@@H](CC(C)C)C(=O)N[C@@H](CCCCN)C(=O)N[C@@H](Cc5ccccc5)C(=O)N[C@@H](CCSC)C(=O)N[C@@H](CCCNC(=N)N)C(=O)N[C@@H](CCCCN)C(=O)N2)NC(=O)[C@H](CSSC[C@H](NC(=O)[C@H](Cc6c[nH]c7ccccc67)NC(=O)[C@H](CCCCN)NC(=O)[C@H](Cc8cnc[nH]8)NC(=O)[C@@H](NC(=O)[C@H](CCCNC(=N)N)NC(=O)[C@H](CO)NC3=O)[C@@H](C)O)C(=O)N[C@@H](CCCCN)C(=O)N[C@@H](Cc9ccc(O)cc9)C(=O)N[C@@H](C(C)C)C(=O)N[C@@H](Cc%10ccccc%10)C(=O)N)NC(=O)[C@H](CCCCN)NC(=O)[C@H](CC(=O)O)NC(=O)[C@H](CC(=O)N)NC(=O)[C@H](CC(=O)O)NC(=O)[C@@H]%11CCCN%11C1=O)C(C)C,CHEMBL3800248,IC50,5.0
5201401,COc1cccc(OCC(O)CN2CCC(CC2)N3Cc4ccccc4C3=O)c1,CHEMBL3634335,IC50,5.0
9251170,COc1cnc(cn1)c2cccc(F)c2C(F)(F)CNC(=O)c3ccc(COCC(F)(F)F)nc3,CHEMBL2147317,IC50,5.0
9251181,COc1ncc(cn1)c2cccc3OC[C@H](Cc23)NC(=O)c4ccc(COCC(F)(F)F)nc4,CHEMBL2069423,IC50,5.0
9251191,Fc1cc(Cl)ccc1c2cccc3cc(ccc23)S(=O)(=O)Nc4ncns4,CHEMBL3682646,IC50,5.0
1719117,O=C(NC1CC1c2ccccc2)N3CCC(CC3)c4oc5ccccc5n4,CHEMBL552402,IC50,5.0
1726636,FC(F)(F)Oc1ccc(CNC(=O)C2N(CCOc3ccccn3)C(=O)c4ccccc24)cc1,CHEMBL2164358,IC50,5.01
9251204,Cc1cc(Cl)ccc1c2cccc3cc(ccc23)S(=O)(=O)Nc4ncns4,CHEMBL3682644,IC50,5.02
1735088,C(C[C@]1(CCOC2(CCCC2)C1)c3ccccn3)NCc4cccs4,CHEMBL2443278,IC50,5.05
9251216,CCCC\N=C(\N)/NC(=O)c1ccc(C)cc1,CHEMBL432963,IC50,5.05
1719320,CCOc1cc2ncc(C(=O)N)c(Nc3cccc(Cl)c3Cl)c2cc1N4CCN(C)CC4,CHEMBL481008,IC50,5.05
44064,CNC(=O)c1ccc(c(N)n1)c2cc(Cl)cc(Cl)c2Cl,CHEMBL3589894,IC50,5.05
9251231,C\N=C(/NCCCCc1ccccc1)\NC(=O)c2ccc(C)cc2,CHEMBL322055,IC50,5.05
9251242,Cc1ccc(cc1)C(=O)NC(=N)NCc2cccc3ccccc23,CHEMBL108627,IC50,5.05
1717909,FC(F)(F)COc1ccc(CNC(=O)C2N(CCc3ccccn3)C(=O)c4ccccc24)cc1,CHEMBL2164392,IC50,5.05
9251255,FC(F)(F)Oc1ccc(cc1)c2ccc3nncn3c2,CHEMBL3810266,IC50,5.05
1717145,Brc1ccc(CNC(=O)C2N(CCc3ccccn3)C(=O)c4ccccc24)cc1,CHEMBL2164384,IC50,5.06
9251268,CC(C)Oc1ccc(COC(=O)Nc2c(C)onc2c3c(Cl)cccc3Cl)cn1,CHEMBL1797391,IC50,5.06
9251279,Cc1onc(c1NC(=O)OCc2ccccc2Cl)c3c(Cl)cccc3Cl,CHEMBL1797388,IC50,5.06
9251290,COc1cccc2C(N(CCc3ccccn3)C(=O)c12)C(=O)NCc4ccc(OC(F)(F)F)cc4,CHEMBL2164040,IC50,5.07
9251301,Cc1ccc(cc1)C(=O)NC(=N)NCCc2ccc(Cl)cc2,CHEMBL320332,IC50,5.07
9251312,Cc1onc(c1NC(=O)NCc2c(F)cccc2Cl)c3c(Cl)cccc3Cl,CHEMBL1797400,IC50,5.07
9251322,Cn1nccc1c2cc(ccc2c3c[nH]c4nc(ccc34)S(=O)(=O)Nc5ncns5)C(F)(F)F,CHEMBL3704417,IC50,5.07
1728908,COc1ncc(cn1)c2cccc(OC(F)F)c2CCNC(=O)c3ccc(OCCC(F)(F)F)nc3,CHEMBL2147304,IC50,5.1
9251334,Clc1ccc(Cl)c(c1)C(=O)NC(=N)NCCCCc2ccccc2,CHEMBL431643,IC50,5.1
9251345,FC(F)(F)Oc1ccc(CNC(=O)C2N(CCCc3ccccn3)C(=O)c4ccccc24)cc1,CHEMBL2164357,IC50,5.1
9251356,Fc1ccc(cc1)c2ccc3nnc(n3c2)C(F)(F)F,CHEMBL3808631,IC50,5.1
9251367,N=C(NCCCCc1ccccc1)NC(=O)c2occc2,CHEMBL109127,IC50,5.1
9251378,OCc1ccc(cn1)c2cccc3OC[C@H](Cc23)NC(=O)c4ccc(OCCOCC(F)(F)F)nc4,CHEMBL2069413,IC50,5.1
5199637,CC[C@H](C)[C@@H]1NC(=O)[C@@H]2CSSC[C@@H]3NC(=O)[C@@H](NC(=O)[C@H](CC(C)C)NC(=O)[C@H](CC(=O)N)NC(=O)[C@@H]4CCCN4C(=O)[C@H](CCCNC(=N)N)NC(=O)[C@H](CSSC[C@H](NC(=O)[C@@H](N)CC(=O)O)C(=O)N[C@@H](CC(C)C)C(=O)NCC(=O)N[C@@H](Cc5ccccc5)C(=O)N[C@@H](CCSC)C(=O)N[C@@H](CCCNC(=N)N)C(=O)N[C@@H](CCCCN)C(=O)N2)NC(=O)[C@H](CSSC[C@H](NC(=O)[C@H](Cc6c[nH]c7ccccc67)NC(=O)[C@H](CCCCN)NC(=O)[C@H](Cc8c[nH]cn8)NC(=O)[C@@H](NC(=O)[C@H](CCCNC(=N)N)NC(=O)[C@H](CO)NC3=O)[C@@H](C)O)C(=O)N[C@@H](CCCCN)C(=O)N[C@@H](Cc9ccc(O)cc9)C(=O)N[C@@H](C(C)C)C(=O)N[C@@H](Cc%10ccccc%10)C(=O)N)NC(=O)[C@H](CCCCN)NC(=O)[C@H](CC(=O)O)NC(=O)[C@H](Cc%11cccc%12ccccc%11%12)NC(=O)[C@H](CC(=O)O)NC(=O)[C@@H]%13CCCN%13C1=O)C(C)C,CHEMBL3800588,IC50,5.11
9251390,CN(C)S(=O)(=O)NC(=O)c1cc(Cl)c(OC2CC3CC2C4CCCC34)cc1F,CHEMBL3657921,IC50,5.11
9251400,Cc1onc(c1NC(=O)OCc2c(F)cccc2Cl)c3c(C)cccc3C,CHEMBL1797399,IC50,5.11
9251411,Cl.CC(N)COc1c(C)cccc1C,CHEMBL1200606,IC50,5.11
9251421,FC(F)(F)c1cc(Cl)ccc1c2cccc3cc(ccc23)S(=O)(=O)Nc4ncns4,CHEMBL3682650,IC50,5.11
9251431,CN(C)c1nnc2ccc(cn12)c3ccc(OC(F)(F)F)cc3,CHEMBL3809933,IC50,5.12
9251441,Cn1cc(c2ccc(F)c(c2)C#N)c3ccc(cc13)S(=O)(=O)Nc4ncns4,CHEMBL3704422,IC50,5.12
9251451,CCCCCCC[C@](O)(C(=O)N)c1cccc(Cl)c1,CHEMBL1958461,IC50,5.13
9251461,COc1cc(C(F)F)c(Cl)cc1c2ncnc3cc(ccc23)S(=O)(=O)Nc4nccs4,CHEMBL3687547,IC50,5.13
44627,COc1cc(NC(=O)c2oc(cc2)c3ccc(Cl)cc3)cc(OC)c1,CHEMBL250699,IC50,5.13
9251472,O=C(NS(=O)(=O)N1CCC1)c2cnc(OCC34CC5CC(CC(C5)C3)C4)c(c2)C6CC6,CHEMBL3662094,IC50,5.13
9251482,CCc1onc(c1NC(=O)OCc2c(F)cccc2Cl)c3c(Cl)cccc3Cl,CHEMBL1797395,IC50,5.14
9251493,CNS(=O)(=O)NC(=O)c1cc(Cl)c(Oc2cnc(OCC(C)C)c(Cl)c2)cc1F,CHEMBL3617065,IC50,5.14
9251503,Cn1nccc1c2cc(ccc2c3cccc4CN(CCc34)S(=O)(=O)Nc5ncccn5)C(F)(F)F,CHEMBL3683232,IC50,5.14
5201322,OC(COc1ccccc1C(F)(F)F)CN2CCC(CC2)N3Cc4ccccc4C3=O,CHEMBL3634337,IC50,5.15
9251515,COc1cc2nnc(C(=O)N)c(Nc3ccc(C)cc3F)c2cc1C4CCN(CC4)C(C)C,CHEMBL2409409,IC50,5.16
887672,COc1ccc2nccc([C@H](O)[C@H]3C[C@@H]4CCN3C[C@@H]4C=C)c2c1,CHEMBL1294,IC50,5.16
5201333,OC(COc1ccccc1C(=O)c2ccccc2)CN3CCC(CC3)c4cccc5NC(=O)COc45,CHEMBL3634322,IC50,5.16
9251530,CC(=O)Nc1cccc(Nc2ncnc(n2)N3CCC(CC3)OCc4ccc(cc4)C(F)(F)F)c1C,CHEMBL1813042,IC50,5.17
9251540,CCOc1cc(ccc1c2cccc3cc(ccc23)S(=O)(=O)Nc4ncns4)C(F)(F)F,CHEMBL3677858,IC50,5.18
9251549,COc1cc(c(Cl)cc1c2ncnc3cc(ccc23)S(=O)(=O)Nc4ccncn4)c5cccc(F)c5,CHEMBL3687747,IC50,5.18
9251558,Fc1cnc(NS(=O)(=O)N2CCc3c(C2)cccc3c4ccc(cc4C5=CCNCC5)C(F)(F)F)s1,CHEMBL3683250,IC50,5.18
9251570,COc1cccc(c1CCNC(=O)c2ccc(OCCC(F)(F)F)nc2)c3cnc(OC)nc3,CHEMBL2147224,IC50,5.2
9251581,COc1cnc(cn1)c2ccccc2CCNC(=O)c3ccc(OCCC(F)(F)F)nc3,CHEMBL2147211,IC50,5.2
1722912,COc1ncc(cn1)c2cccc(C)c2CCNC(=O)c3ccc(OCCC(F)(F)F)nc3,CHEMBL2147221,IC50,5.2
1719542,COc1ncc(cn1)c2cccc3OC[C@H](Cc23)NC(=O)c4ccc(OCC(F)(F)F)nc4,CHEMBL2069421,IC50,5.2
9251596,Cc1ncc(cn1)c2ccccc2CCNC(=O)c3ccc(nc3)C(=O)NCCCC(F)(F)F,CHEMBL2147219,IC50,5.2
1723150,FC(F)(F)CCOc1ccc(cn1)C(=O)NCCc2ccccc2c3cccnc3,CHEMBL2147213,IC50,5.2
1723198,FC(F)Oc1cnc(cn1)c2ccccc2CCNC(=O)c3ccc(OCCC(F)(F)F)nc3,CHEMBL2147212,IC50,5.2
9251611,OCc1cc(ccn1)c2cccc3OC[C@H](Cc23)NC(=O)c4ccc(OCC(F)(F)F)nc4,CHEMBL2069412,IC50,5.2
1716682,OCc1ccc(cn1)c2cccc3OC[C@H](Cc23)NC(=O)c4ccc(OCC(F)(F)F)nc4,CHEMBL2069411,IC50,5.2
5201445,COc1cc(ccc1COCC(O)CN2CCC(CC2)N3Cc4ccccc4C3=O)C(F)(F)F.OC(=O)\C=C\C(=O)O,CHEMBL3632695,IC50,5.22
9251626,COc1cc2nnc(C(=O)N)c(Nc3ccc(C)cc3F)c2cc1N4CCN(C)CC4,CHEMBL1683036,IC50,5.22
1725668,FC(F)(F)Oc1ccc(CNC(=O)C2N(CCc3ccncc3)C(=O)c4ccccc24)cc1,CHEMBL2164046,IC50,5.22
9251639,FC(F)(F)Oc1ccc(CNC(=O)C2N([C@@H]3CC[C@H](CC3)C#N)C(=O)c4ccccc24)cc1,CHEMBL2163357,IC50,5.22
9251650,CN(C(=O)NCc1ccc(OC2CCOCC2)nc1)c3c(C)onc3c4c(Cl)cccc4Cl,CHEMBL1797402,IC50,5.23
9251660,Clc1ccc(cc1)c2cccc3cc(ccc23)S(=O)(=O)Nc4ncns4,CHEMBL3682645,IC50,5.23
9251670,Fc1ccc(cc1)[C@@H]2CNCC[C@H]2COc3cc(F)c(cc3F)S(=O)(=O)Nc4ncns4,CHEMBL3325532,IC50,5.23
9251681,CC(C)Oc1ccc(NC(=N)NC(=O)c2ccc(C)cc2)cc1,CHEMBL106351,IC50,5.24
9251692,CCCCCCCC(O)(C(=O)N)c1cccc(Cl)c1,CHEMBL1958460,IC50,5.24
9251703,COc1ccccc1SC[C@@H](C)CN[C@@H]2COc3ccccc3SC2,CHEMBL511058,IC50,5.24
9251713,Cn1nccc1c2cc(ccc2c3cccc4cc(ccc34)S(=O)(=O)Nc5nccs5)C(F)(F)F,CHEMBL3682657,IC50,5.24
9251722,CC(C)(C)OC(=O)N1CCC(=CC1)c2cc(ccc2c3cccc4CN(CCc34)S(=O)(=O)Nc5ncns5)C(F)(F)F,CHEMBL3683247,IC50,5.25
5201467,COc1cc(ccc1OCC(O)CN2CCC(CC2)N3Cc4ccccc4C3=O)C(F)(F)F,CHEMBL3632693,IC50,5.25
9251734,Cc1ccc(cc1)C(=O)NC(=N)NCCCOc2ccccc2,CHEMBL108782,IC50,5.25
9251745,Cc1ccc(cc1)C(=O)NC(=N)NCCc2ccccc2,CHEMBL107354,IC50,5.25
9251756,Nc1nc2[C@@H](CCc2s1)C(=O)Nc3ccc(C[C@@H]4CC[C@@H](N4)[C@H](O)c5ccccc5)cc3,CHEMBL3128194,IC50,5.25
9251767,Cc1onc(c1NC(=O)OCc2c(F)cccc2Cl)c3c(Cl)cccc3Cl,CHEMBL1797387,IC50,5.26
1729553,CC(=O)Nc1cccc(Nc2ncnc(n2)N3CCc4ccccc4C3)c1,CHEMBL1813015,IC50,5.27
9251780,Clc1cccc(Cl)c1C(=O)NC(=N)NCCCCc2ccccc2,CHEMBL110352,IC50,5.27
188420,CC(=O)Nc1cccc(Nc2ncnc(n2)N3CCC(CC3)OCc4ccc(OC(F)(F)F)cc4)c1C,CHEMBL1813048,IC50,5.28
9251792,CS(=O)(=O)NC(=O)c1cc(C2CC2)c(OCC3CCC(F)(F)CC3)cc1F,CHEMBL3657950,IC50,5.28
9251802,Cc1ccc(cc1)C(=O)NC(=N)NCCCc2ccccc2,CHEMBL105997,IC50,5.28
9251813,Fc1cc(c(F)cc1OC[C@H]2CNCC[C@@H]2c3ccc(Cl)cc3)S(=O)(=O)Nc4ncns4,CHEMBL3325526,IC50,5.28
5201311,OC(COc1ccccc1C(=O)c2ccccc2)CN3CCC(CC3)N4C(=O)COc5ccccc45,CHEMBL3634326,IC50,5.28
9251826,Fc1ccc2c(c1)c(OCCN3C=CNC3=O)nn2c4ccccc4F,CHEMBL3799617,IC50,5.29
9251837,CC(C)(C)OC(=O)N1CCN(C1=O)c2cccc3c2cnn3c4ccccc4F,CHEMBL3798258,IC50,5.3
5199842,CC[C@H](C)[C@@H]1NC(=O)[C@@H]2CSSC[C@@H]3NC(=O)[C@@H](NC(=O)[C@H](CC(C)C)NC(=O)[C@H](CC(=O)N)NC(=O)[C@@H]4CCCN4C(=O)[C@H](CCCNC(=N)N)NC(=O)[C@H](CSSC[C@H](N)C(=O)N[C@@H](CC(C)C)C(=O)NCC(=O)N[C@@H](Cc5ccccc5)C(=O)N[C@@H](CCSC)C(=O)N[C@@H](CCCNC(=N)N)C(=O)N[C@@H](CCCCN)C(=O)N2)NC(=O)[C@H](CSSC[C@H](NC(=O)[C@H](Cc6c[nH]c7ccccc67)NC(=O)[C@H](CCCCN)NC(=O)[C@H](Cc8cnc[nH]8)NC(=O)[C@@H](NC(=O)[C@H](CCCNC(=N)N)NC(=O)[C@H](CO)NC3=O)[C@@H](C)O)C(=O)N[C@@H](CCCCN)C(=O)N[C@@H](Cc9ccc(O)cc9)C(=O)N[C@@H](C(C)C)C(=O)N[C@@H](Cc%10ccccc%10)C(=O)N)NC(=O)[C@H](CCCCN)NC(=O)[C@H](CC(=O)O)NC(=O)[C@H](CC(=O)N)NC(=O)[C@H](CC(=O)O)NC(=O)[C@@H]%11CCCN%11C1=O)C(C)C,CHEMBL3798549,IC50,5.3
1719355,CN1CCN(CC1)c2cccc3OC[C@H](Cc23)NC(=O)c4ccc(OCC(F)(F)F)nc4,CHEMBL2069401,IC50,5.3
9251852,CN1CCN(CC1)c2cccc3OC[C@H](Cc23)NC(=O)c4ccc(OCCC(F)(F)F)nc4,CHEMBL2069402,IC50,5.3
1719366,CN1CCN(CC1)c2cccc3OC[C@H](Cc23)NC(=O)c4nn(nc4C)c5ccccc5,CHEMBL2069403,IC50,5.3
1728897,COc1ncc(cn1)c2cccc(Cl)c2CCNC(=O)c3ccc(OCCC(F)(F)F)nc3,CHEMBL2147223,IC50,5.3
9251866,Cc1cc(ccc1c2cccc3cc(ccc23)S(=O)(=O)Nc4ncns4)C(F)(F)F,CHEMBL3682622,IC50,5.3
9251876,Cc1cc(cnc1CO)c2cccc3OC[C@H](Cc23)NC(=O)c4ccc(OCCOCC(F)(F)F)nc4,CHEMBL2069415,IC50,5.3
9251887,Cc1cnn2ccc(nc12)c3ccc(OC(F)(F)F)cc3,CHEMBL3808581,IC50,5.3
1716296,Cc1ncc(cn1)c2cccc3OC[C@H](Cc23)NC(=O)c4ccc(OCC(F)(F)F)nc4,CHEMBL2069424,IC50,5.3
9251900,Cc1ncc(cn1)c2ccccc2CCNC(=O)c3ccc(OCCC(F)(F)F)nc3,CHEMBL2147214,IC50,5.3
5201377,OC(COc1ccccc1C(=O)c2ccccc2)CN3CCC(CC3)NC(=O)c4ccccc4,CHEMBL3634330,IC50,5.31
9252223,CCCCCCC[C@@](O)(C(=O)N)c1cccc(Cl)c1,CHEMBL1958462,IC50,5.32
9252234,COc1cc(c(Cl)cc1c2ncnc3cc(ccc23)S(=O)(=O)Nc4ncns4)c5cccc(F)c5,CHEMBL3341980,IC50,5.32
9252244,CC(C)Oc1ccc(CNC(=O)Cc2c(C)onc2c3c(Cl)cccc3Cl)cn1,CHEMBL1797409,IC50,5.33
1723429,COc1ccsc1CNCC[C@]2(CCOC3(CCCC3)C2)c4ccccn4,CHEMBL2443262,IC50,5.33
1724632,Cc1cccc2C(=O)N(CCc3ccccn3)C(C(=O)NCc4ccc(OC(F)(F)F)cc4)c12,CHEMBL2164369,IC50,5.33
44948,FC(F)(F)COc1ncccc1CNC(=O)c2cncc(c2)c3ccc(Cl)cc3,CHEMBL1270208,IC50,5.33
44460,Clc1ccc(cc1)c2oc(cc2)C(=O)N3CCNCC3,CHEMBL521211,IC50,5.34
9252263,CC(C)(C)OC(=O)N1CCC(CC1)N2C(C(=O)NCc3ccc(OC(F)(F)F)cc3)c4ccccc4C2=O,CHEMBL2164374,IC50,5.35
9252274,CC(C)c1ccccc1\N=C(\N)/NC(=O)c2ccc(C)cc2,CHEMBL105929,IC50,5.35
5200327,CC[C@H](C)[C@@H]1NC(=O)[C@@H]2CSSC[C@@H]3NC(=O)[C@@H](NC(=O)[C@H](CC(C)C)NC(=O)[C@H](CC(=O)N)NC(=O)[C@@H]4CCCN4C(=O)[C@H](CCCNC(=N)N)NC(=O)[C@H](CSSC[C@H](NC(=O)[C@@H](N)CC(=O)O)C(=O)N[C@@H](CC(C)C)C(=O)N[C@@H](CCCNC(=N)N)C(=O)N[C@@H](Cc5ccccc5)C(=O)N[C@@H](CCSC)C(=O)N[C@@H](CCCNC(=N)N)C(=O)N[C@@H](CCCCN)C(=O)N2)NC(=O)[C@H](CSSC[C@H](NC(=O)[C@H](Cc6c[nH]c7ccccc67)NC(=O)[C@H](CCCCN)NC(=O)[C@H](Cc8cnc[nH]8)NC(=O)[C@@H](NC(=O)[C@H](CCCNC(=N)N)NC(=O)[C@H](CO)NC3=O)[C@@H](C)O)C(=O)N[C@@H](CCCCN)C(=O)N[C@@H](Cc9ccc(O)cc9)C(=O)N[C@@H](C(C)C)C(=O)N[C@@H](Cc%10ccccc%10)C(=O)N)NC(=O)[C@H](CCCCN)NC(=O)[C@H](CC(=O)O)NC(=O)[C@H](CC(=O)N)NC(=O)[C@H](CC(=O)O)NC(=O)[C@@H]%11CCCN%11C1=O)C(C)C,CHEMBL3799550,IC50,5.35
9252287,CC(C)(C)OC(=O)N1CC(C1)N2C(C(=O)NCc3ccc(OC(F)(F)F)cc3)c4ccccc4C2=O,CHEMBL2164375,IC50,5.36
9252298,FC(F)(F)Cc1ccc(CNC(=O)C2N(CCc3ccccn3)C(=O)c4ccccc24)cc1,CHEMBL2164391,IC50,5.36
9252309,F[C@H]1CCN(C1)C(=O)CN2CCN(CC2=O)c3cccc4c3cnn4c5ccccc5F,CHEMBL3798039,IC50,5.36
5201456,OC(COc1cccc(c1)C(F)(F)F)CN2CCC(CC2)N3Cc4ccccc4C3=O,CHEMBL3632691,IC50,5.36
1731137,FC(F)(F)Oc1ccc(CNC(=O)C2N(Cc3ccc(cn3)C(F)(F)F)C(=O)c4ccccc24)cc1,CHEMBL2164359,IC50,5.37
9252323,FC(F)(F)c1ccc(c2cccc3CN(CCc23)S(=O)(=O)Nc4ncns4)c(c1)c5cccnc5,CHEMBL3683211,IC50,5.39
9252333,N=C(NCCCCc1ccccc1)NC(=O)c2cccc3ccccc23,CHEMBL110572,IC50,5.39
5015856,C(Cc1cccc2ccccc12)O[C@@H]3CCCC[C@H]3N4CCOCC4,CHEMBL387671,IC50,5.4
1718262,CC(Cc1ccccn1)N2C(C(=O)NCc3ccc(OC(F)(F)F)cc3)c4ccccc4C2=O,CHEMBL2164360,IC50,5.4
9252348,CCc1noc(CN2N=C3C=CC(=CN3C2=O)c4ccc(OC(F)(F)F)cc4)n1,CHEMBL3809561,IC50,5.4
9252359,COc1cc2nnc(C(=O)N)c(Nc3ccc(C)cc3F)c2cc1N4CCN(CC4)C(C)C,CHEMBL2409397,IC50,5.4
9252370,COc1ncc(cc1F)c2cccc3OC[C@H](Cc23)NC(=O)c4ccc(OCC(F)(F)F)nc4,CHEMBL2069410,IC50,5.4
9252381,COc1ncc(cn1)c2cccc3OC[C@H](Cc23)NC(=O)c4ccc(OCCC(F)(F)F)nc4,CHEMBL2069422,IC50,5.4
1723161,FC(F)(F)CCOc1ccc(cn1)C(=O)N[C@@H]2COc3cccc(c3C2)c4cncnc4,CHEMBL2069420,IC50,5.4
1734514,FC(F)(F)Oc1ccc(cc1)C(=O)N[C@@H]2COc3cccc(c3C2)c4ccncc4,CHEMBL2069407,IC50,5.4
9252396,COc1cccc2[nH]cc(CC\N=C(\N)/NC(=O)c3ccc(C)cc3)c12,CHEMBL320314,IC50,5.41
1720897,CC(NC(=O)C1N(CCc2ccccn2)C(=O)c3ccccc13)c4ccc(OCC(F)(F)F)cc4,CHEMBL2164393,IC50,5.43
9252408,CN(C)S(=O)(=O)NC(=O)c1cc(Cl)c(OCC23CC4CC(C2)C(F)(F)C(C4)C3)cc1F,CHEMBL3657882,IC50,5.43
5201478,OC(COc1cccc(c1)C(=O)c2ccccc2)CN3CCC(CC3)N4Cc5ccccc5C4=O,CHEMBL3634332,IC50,5.43
5200023,CC[C@H](C)[C@@H]1NC(=O)[C@@H]2CSSC[C@@H]3NC(=O)[C@@H](NC(=O)[C@H](CC(C)C)NC(=O)[C@H](CC(=O)N)NC(=O)[C@@H]4CCCN4C(=O)[C@H](CCCNC(=N)N)NC(=O)[C@H](CSSC[C@H](NC(=O)[C@@H](N)CC(=O)O)C(=O)N[C@@H](CC(C)C)C(=O)NCC(=O)N[C@@H](Cc5ccccc5)C(=O)N[C@@H](CCSC)C(=O)N[C@@H](CCCNC(=N)N)C(=O)N[C@@H](CCCCN)C(=O)N2)NC(=O)[C@H](CSSC[C@H](NC(=O)[C@H](Cc6c[nH]c7ccccc67)NC(=O)[C@H](CCCCN)NC(=O)[C@H](Cc8cnc[nH]8)NC(=O)[C@H](Cc9c[nH]c%10ccccc9%10)NC(=O)[C@H](CCCNC(=N)N)NC(=O)[C@H](CO)NC3=O)C(=O)N[C@@H](CCCCN)C(=O)N[C@@H](Cc%11ccc(O)cc%11)C(=O)N[C@@H](C(C)C)C(=O)N[C@@H](Cc%12ccccc%12)C(=O)N)NC(=O)[C@H](CCCCN)NC(=O)[C@H](CC(=O)O)NC(=O)[C@H](CC(=O)N)NC(=O)[C@H](CC(=O)O)NC(=O)[C@@H]%13CCCN%13C1=O)C(C)C,CHEMBL3800184,IC50,5.44
9252422,Cc1ccc(cc1)C(=O)NC(=N)NCCCCCc2ccccc2,CHEMBL106610,IC50,5.44
9252433,Clc1ccc(cc1)C(=O)NC(=N)NCCCCc2ccccc2,CHEMBL322599,IC50,5.44
5200284,CC[C@H](C)[C@@H]1NC(=O)[C@@H]2CSSC[C@@H]3NC(=O)[C@@H](NC(=O)[C@H](CC(C)C)NC(=O)[C@H](CC(=O)N)NC(=O)[C@@H]4CCCN4C(=O)[C@H](CCCNC(=N)N)NC(=O)[C@H](CSSC[C@H](NC(=O)[C@@H](N)CC(=O)O)C(=O)N[C@@H](CC(C)C)C(=O)NCC(=O)N[C@@H](Cc5ccccc5)C(=O)N[C@@H](CCSC)C(=O)N[C@@H](CCCNC(=N)N)C(=O)N[C@@H](CCCCN)C(=O)N2)NC(=O)[C@H](CSSC[C@H](NC(=O)[C@H](Cc6c[nH]c7ccccc67)NC(=O)[C@H](CCCCN)NC(=O)[C@H](Cc8cnc[nH]8)NC(=O)[C@@H](NC(=O)[C@H](CCCNC(=N)N)NC(=O)[C@H](CO)NC3=O)[C@@H](C)O)C(=O)N[C@@H](CCCCN)C(=O)N[C@@H](Cc9cccc%10ccccc9%10)C(=O)N[C@@H](C(C)C)C(=O)N[C@@H](Cc%11ccccc%11)C(=O)N)NC(=O)[C@H](CCCCN)NC(=O)[C@H](CC(=O)O)NC(=O)[C@H](CC(=O)N)NC(=O)[C@H](CC(=O)O)NC(=O)[C@@H]%12CCCN%12C1=O)C(C)C,CHEMBL3798824,IC50,5.46
9252445,CS(=O)(=O)NC(=O)c1cc(C2CC2)c(OCC34CC5(F)CC(F)(CC(F)(C5)C3)C4)cc1F,CHEMBL3657979,IC50,5.46
9252455,FC(F)(F)Oc1ccc(cc1)C2=CN3C(=NN(Cc4onc(n4)c5c(Cl)cccc5Cl)C3=O)C=C2,CHEMBL3810138,IC50,5.46
5200294,CC[C@H](C)[C@@H]1NC(=O)[C@@H]2CSSC[C@@H]3NC(=O)[C@@H](NC(=O)[C@H](CC(C)C)NC(=O)[C@H](CC(=O)N)NC(=O)[C@@H]4CCCN4C(=O)[C@H](CCCNC(=N)N)NC(=O)[C@H](CSSC[C@H](NC(=O)[C@@H](N)CC(=O)O)C(=O)N[C@@H](CC(C)C)C(=O)NCC(=O)N[C@@H](Cc5ccccc5)C(=O)N[C@@H](Cc6cc7ccccc7[nH]6)C(=O)N[C@@H](CCCNC(=N)N)C(=O)N[C@@H](CCCCN)C(=O)N2)NC(=O)[C@H](CSSC[C@H](NC(=O)[C@H](Cc8c[nH]c9ccccc89)NC(=O)[C@H](CCCCN)NC(=O)[C@H](Cc%10cnc[nH]%10)NC(=O)[C@@H](NC(=O)[C@H](CCCNC(=N)N)NC(=O)[C@H](CO)NC3=O)[C@@H](C)O)C(=O)N[C@@H](CCCCN)C(=O)N[C@@H](Cc%11ccc(O)cc%11)C(=O)N[C@@H](C(C)C)C(=O)N[C@@H](Cc%12ccccc%12)C(=O)N)NC(=O)[C@H](CCCCN)NC(=O)[C@H](CC(=O)O)NC(=O)[C@H](CC(=O)N)NC(=O)[C@H](CC(=O)O)NC(=O)[C@@H]%13CCCN%13C1=O)C(C)C,CHEMBL3797461,IC50,5.47
5199400,CSCC[C@@H]1NC(=O)[C@H](Cc2ccccc2)NC(=O)CNC(=O)[C@H](CC(C)C)NC(=O)[C@H](CSSC[C@@H]3NC(=O)[C@@H]4CSSC[C@H](NC(=O)[C@H](Cc5c[nH]c6ccccc56)NC(=O)[C@H](CCCCN)NC(=O)[C@H](Cc7cnc[nH]7)NC(=O)[C@@H](NC(=O)[C@H](CCCNC(=N)N)NC(=O)[C@H](CO)NC(=O)[C@H](CSSC[C@H](NC(=O)[C@H](CCCCN)NC(=O)[C@H](CCCNC(=N)N)NC1=O)C(=O)N[C@@H](CCSC)C(=O)N8CCC[C@H]8C(=O)N[C@@H](CC(=O)O)C(=O)N[C@@H](CC(=O)N)C(=O)N[C@@H](CC(=O)O)C(=O)N[C@@H](CCCCN)C(=O)N4)NC(=O)[C@@H](NC(=O)[C@H](CC(C)C)NC(=O)[C@H](CC(=O)N)NC(=O)[C@@H]9CCCN9C(=O)[C@H](CCCNC(=N)N)NC3=O)C(C)C)[C@@H](C)O)C(=O)N[C@@H](CCCCN)C(=O)N[C@@H](Cc%10ccc(O)cc%10)C(=O)N[C@@H](C(C)C)C(=O)N[C@@H](Cc%11ccccc%11)C(=O)N)NC(=O)[C@@H](N)CC(=O)O,CHEMBL3800441,IC50,5.47
9252470,Fc1ccc(c(F)c1)n2nc(OCCN3CCNC3=O)c4cc(F)ccc24,CHEMBL3800304,IC50,5.47
5201390,OC(COc1ccc(cc1)C(F)(F)F)CN2CCC(CC2)C(=O)Nc3ccccc3,CHEMBL3632697,IC50,5.47
5201289,OC(COc1ccccc1C(=O)c2ccccc2)CN3CCC(CC3)N4C(=O)Oc5ccccc45,CHEMBL3634327,IC50,5.47
846403,C[C@H]1CCCN([C@H]1C)C(=O)c2nc(Nc3ccc(Cl)cc3F)sc2C,CHEMBL2418811,IC50,5.48
9252489,Cc1onc(CN2N=C3C=CC(=CN3C2=O)c4ccc(OC(F)(F)F)cc4)n1,CHEMBL3808635,IC50,5.48
9252500,FC(F)(F)Oc1ccc(cc1)c2ccc3nc(cn3c2)C(F)(F)F,CHEMBL3808489,IC50,5.48
9252511,COc1ccc2c(N[C@]3(CCN([C@H](C)C3)C(=O)c4ccc(OC)c(c4)N(C)C)c5cccn25)c1,CHEMBL3337588,IC50,5.49
5199380,CC[C@H](C)[C@@H]1NC(=O)[C@@H]2CSSC[C@@H]3NC(=O)[C@H](Cc4c[nH]c5ccccc45)NC(=O)[C@H](CC(C)C)NC(=O)[C@H](CC(=O)N)NC(=O)[C@@H]6CCCN6C(=O)[C@H](CCCNC(=N)N)NC(=O)[C@H](CSSC[C@H](NC(=O)[C@@H](N)CC(=O)O)C(=O)N[C@@H](CC(C)C)C(=O)NCC(=O)N[C@@H](Cc7ccccc7)C(=O)N[C@@H](CCSC)C(=O)N[C@@H](CCCNC(=N)N)C(=O)N[C@@H](CCCCN)C(=O)N2)NC(=O)[C@H](CSSC[C@H](NC(=O)[C@H](Cc8c[nH]c9ccccc89)NC(=O)[C@H](CCCCN)NC(=O)[C@H](Cc%10cnc[nH]%10)NC(=O)[C@@H](NC(=O)[C@H](CCCNC(=N)N)NC(=O)[C@H](CO)NC3=O)[C@@H](C)O)C(=O)N[C@@H](CCCCN)C(=O)N[C@@H](Cc%11ccc(O)cc%11)C(=O)N[C@@H](C(C)C)C(=O)N[C@@H](Cc%12ccccc%12)C(=O)N)NC(=O)[C@H](CCCCN)NC(=O)[C@H](CC(=O)O)NC(=O)[C@H](CC(=O)N)NC(=O)[C@H](CC(=O)O)NC(=O)[C@@H]%13CCCN%13C1=O,CHEMBL3800461,IC50,5.5
1719531,COc1ncc(cn1)c2cccc(F)c2CCNC(=O)c3ccc(OCCC(F)(F)F)nc3,CHEMBL2147222,IC50,5.5
9252526,FC(F)(F)COc1ccc(cn1)C(=O)N[C@@H]2COc3cccc(c3C2)c4cccnc4,CHEMBL2069408,IC50,5.5
1723172,FC(F)(F)COc1ccc(cn1)C(=O)N[C@@H]2COc3cccc(c3C2)c4ccncc4,CHEMBL2069409,IC50,5.5
9252539,FC(F)(F)Oc1ccc(cc1)C(=O)N[C@@H]2COc3cccc(c3C2)c4cccnc4,CHEMBL2069406,IC50,5.5
9252550,COc1ccc2c(NC3(CCCN(CC3)C(=O)c4ccc(OC)c(c4)N(C)C)c5cccn25)c1,CHEMBL3337591,IC50,5.51
9252561,Fc1ccccc1n2ncc3c(cccc23)N4CCN(C4=O)c5ccncc5,CHEMBL3797498,IC50,5.51
9252572,FC(F)(F)Oc1ccc(cc1)C2=CN3C(=O)N(Cc4occ(n4)C5CC5)N=C3C=C2,CHEMBL3810147,IC50,5.52
5201412,OC(COCc1ccc(cc1)C(F)(F)F)CN2CCC(CC2)N3Cc4ccccc4C3=O,CHEMBL3632694,IC50,5.52
9252585,COc1ccc2c(NC3(CCN(CC3)C(=O)c4cccc5ncccc45)c6cccn26)c1,CHEMBL3337598,IC50,5.53
9252596,FC(F)(F)Oc1ccc(CNC(=O)C2N(CCN3CCOCC3)C(=O)c4ccccc24)cc1,CHEMBL2164370,IC50,5.54
9252606,COc1cc(ccc1c2ccnc3cc(c(F)cc23)S(=O)(=O)Nc4nccs4)C(F)(F)F,CHEMBL3687594,IC50,5.55
9252616,COc1ccc2c(NC3(CCN(CC3)C(=O)c4ccc5c(cnn5C)c4)c6cccn26)c1,CHEMBL3337602,IC50,5.55
9252627,Cc1ccc(cc1)C(=O)NC(=N)NCCCCc2ccccc2,CHEMBL108728,IC50,5.55
9252638,FC(F)(F)Oc1cccc(CNC(=O)C2N(CCc3ccccn3)C(=O)c4ccccc24)c1,CHEMBL2164390,IC50,5.55
188405,Fc1ccc2c(c1)c(OCCN3CCNC3=O)nn2c4ccccc4F,CHEMBL3798363,IC50,5.55
5201434,OC(COc1ccc(cc1)C(F)(F)F)CN2CCC(CC2)N3Cc4ccccc4C3=O,CHEMBL3632692,IC50,5.55
5199485,CC[C@H](C)[C@@H]1NC(=O)[C@@H]2CSSC[C@@H]3NC(=O)[C@@H](NC(=O)[C@H](CC(C)C)NC(=O)[C@H](CC(=O)N)NC(=O)[C@@H]4CCCN4C(=O)[C@H](CCCNC(=N)N)NC(=O)[C@H](CSSC[C@H](NC(=O)[C@@H](N)CC(=O)O)C(=O)N[C@@H](CC(C)C)C(=O)NCC(=O)N[C@@H](Cc5ccccc5)C(=O)N[C@@H](CCSC)C(=O)N[C@@H](CCCNC(=N)N)C(=O)N[C@@H](CCCCN)C(=O)N2)NC(=O)[C@H](CSSC[C@H](NC(=O)[C@H](Cc6c[nH]c7ccccc67)NC(=O)[C@H](CCCCN)NC(=O)[C@H](Cc8c[nH]cn8)NC(=O)[C@@H](NC(=O)[C@H](CCCNC(=N)N)NC(=O)[C@H](CO)NC3=O)[C@@H](C)O)C(=O)N[C@@H](CCCCN)C(=O)N[C@@H](Cc9ccc(O)cc9)C(=O)N[C@@H](C(C)C)C(=O)N[C@@H](Cc%10ccccc%10)C(=O)N[C@@H](Cc%11c[nH]c%12ccccc%11%12)C(=O)N)NC(=O)[C@H](CCCCN)NC(=O)[C@H](CC(=O)O)NC(=O)[C@H](CC(=O)N)NC(=O)[C@H](CC(=O)O)NC(=O)[C@@H]%13CCCN%13C1=O)C(C)C,CHEMBL3800498,IC50,5.57
9252655,Clc1cccc(C(=O)NC(=N)NCCCCc2ccccc2)c1Cl,CHEMBL109012,IC50,5.57
9252666,Cc1onc(c1NC(=O)OCc2cc(Cl)ccc2Cl)c3c(Cl)cccc3Cl,CHEMBL1797389,IC50,5.58
9252676,CS(=O)(=O)NC(=O)c1cnc(OCC23CC4CC(CC(C4)C2)C3)c(c1)C5CC5,CHEMBL3657834,IC50,5.59
1724878,FC(F)(F)Oc1ccc(CNC(=O)C2N(CCc3cccnc3)C(=O)c4ccccc24)cc1,CHEMBL2164382,IC50,5.59
9252688,Fc1cc(c(F)cc1OC[C@@H]2CN(CC(F)(F)F)CC[C@H]2c3ccc(Cl)cc3)S(=O)(=O)Nc4ncns4,CHEMBL3325540,IC50,5.59
1715334,CN1CCN(CC1)c2cccc3OC[C@H](Cc23)NC(=O)c4nn(nc4C)c5ccc(C)cc5C,CHEMBL2069404,IC50,5.6
9252700,COc1cc(ccc1c2ccnc3cc(c(C)cc23)S(=O)(=O)Nc4nccs4)C(F)(F)F,CHEMBL3687601,IC50,5.6
9252710,COc1ncc(cn1)c2c(C)ccc(F)c2CCNC(=O)c3ccc(OCC(F)(F)F)nc3,CHEMBL2147306,IC50,5.6
9252720,CS(=O)(=O)NC(=O)c1cc(C2CC2)c(OCC3CN(C3)C(c4ccccc4)c5ccccc5)cc1F,CHEMBL3662226,IC50,5.6
9252730,Cc1coc(CN2N=C3C=CC(=CN3C2=O)c4ccc(OC(F)(F)F)cc4)n1,CHEMBL3808641,IC50,5.6
9252741,Cc1oc(CN2N=C3C=CC(=CN3C2=O)c4ccc(OC(F)(F)F)cc4)nc1,CHEMBL3810355,IC50,5.6
9252752,Fc1ccccc1n2ncc3c(cccc23)N4CC5CN(Cc6ccccc6)CC5C4=O,CHEMBL3800069,IC50,5.6
9252763,COc1ccc2c(NC3(CC4CN(CC4C3)C(=O)c5ccc(OC)c(c5)N(C)C)c6cccn26)c1,CHEMBL3337592,IC50,5.61
9252774,N=C(NCCCCc1ccccc1)NC(=O)c2cccs2,CHEMBL108361,IC50,5.63
44416,Clc1ccc(cc1)c2oc(cc2)C(=O)N3CCN(CC3)C4CCCCC4,CHEMBL482676,IC50,5.64
9252787,COCCOc1ccc2c(NC3(CCN(CC3)C(=O)c4ccc(OC)c(c4)N(C)C)c5cccn25)c1,CHEMBL3337586,IC50,5.65
9252798,COc1ccc(cc1)c2ccc3nnc(n3c2)C(F)(F)F,CHEMBL3809812,IC50,5.65
9252809,COc1ccc(cc1)C(=O)NC(=N)NCCCCc2ccccc2,CHEMBL321883,IC50,5.68
1719344,CN1CCN(CC1)c2cccc3OC[C@H](Cc23)NC(=O)c4ccc(OC(F)(F)F)cc4,CHEMBL2069400,IC50,5.7
9252822,Fc1ccc2c(c1)c(OCCn3ccnc3)nn2c4ccccc4F,CHEMBL3797315,IC50,5.7
9252832,CS(=O)(=O)NC(=O)c1ccc(OCC23CC4CC(CC(C4)C2)C3)c(Br)c1,CHEMBL3657852,IC50,5.71
9252842,CS(=O)(=O)NC(=O)c1cc(Cl)c(OCC23CC4CC(CC(C4)C2)C3)cc1F,CHEMBL3341985,IC50,5.72
1722171,Cc1cccc(CCN2C(C(=O)NCc3ccc(OC(F)(F)F)cc3)c4ccccc4C2=O)n1,CHEMBL2164356,IC50,5.72
5201300,Cc1noc(CN2N=C3C=CC(=CN3C2=O)c4ccc(OC(F)(F)F)cc4)n1,CHEMBL3809641,IC50,5.72
1716899,FC(F)(F)Oc1ccc(CNC(=O)C2N(CC(F)(F)c3ccccn3)C(=O)c4ccccc24)cc1,CHEMBL2164363,IC50,5.72
9252858,FC(F)(F)Oc1ccc(cc1)C2=CN3C(=O)NN=C3C=C2,CHEMBL3809055,IC50,5.72
5201344,OC(COc1ccccc1C(=O)c2ccccc2)CN3CCC(CC3)C(=O)Nc4ccccc4,CHEMBL3634331,IC50,5.72
5199963,CC[C@H](C)[C@@H]1NC(=O)[C@@H]2CSSC[C@@H]3NC(=O)[C@@H](NC(=O)[C@H](CC(C)C)NC(=O)[C@H](CC(=O)N)NC(=O)[C@@H]4CCCN4C(=O)[C@H](CCCNC(=N)N)NC(=O)[C@H](CSSC[C@H](NC(=O)[C@@H](N)CC(=O)O)C(=O)N[C@@H](CC(C)C)C(=O)NCC(=O)N[C@@H](Cc5ccccc5)C(=O)N[C@@H](CCSC)C(=O)N[C@@H](CCCNC(=N)N)C(=O)N[C@@H](CCCCN)C(=O)N2)NC(=O)[C@H](CSSC[C@H](NC(=O)[C@H](Cc6c[nH]c7ccccc67)NC(=O)[C@H](CCCCN)NC(=O)[C@H](Cc8cnc[nH]8)NC(=O)[C@@H](NC(=O)[C@H](CCCNC(=N)N)NC(=O)[C@H](CO)NC3=O)[C@@H](C)O)C(=O)N[C@@H](CCCCN)C(=O)N[C@@H](Cc9ccc(O)cc9)C(=O)N[C@@H](C(C)C)C(=O)N[C@@H](Cc%10cccc%11ccccc%10%11)C(=O)N)NC(=O)[C@H](CCCCN)NC(=O)[C@H](CC(=O)O)NC(=O)[C@H](CC(=O)N)NC(=O)[C@H](CC(=O)O)NC(=O)[C@@H]%12CCCN%12C1=O)C(C)C,CHEMBL3798843,IC50,5.75
9252873,COc1ccc2[nH]cc(CC\N=C(\N)/NC(=O)c3ccc(C)cc3)c2c1,CHEMBL421032,IC50,5.75
9252884,COc1ccc2c(NC3(CCN(CC3)C(=O)c4ccc5cccnc5c4)c6cccn26)c1,CHEMBL3337600,IC50,5.76
9252895,Cc1ccccc1C(=O)NC(=N)NCCCCc2ccccc2,CHEMBL106459,IC50,5.76
9252906,COc1cc2nnc(n2cc1c3ccc(OC(F)(F)F)cc3)C(F)(F)F,CHEMBL3808737,IC50,5.78
9252917,COc1ccc2c(NC3(CCN(CC3)C(=O)c4ccc5c(ccn5C)c4)c6cccn26)c1,CHEMBL3337601,IC50,5.78
704506,CN(C)CCC=C1c2ccccc2CCc3ccccc13,amitriptyline,IC50,5.8
9252930,COc1cnc(cn1)c2c(F)ccc(F)c2CCNC(=O)c3ccc(COCC(F)(F)F)nc3,CHEMBL2147308,IC50,5.8
9252941,Cc1cnc(cn1)c2c(F)ccc(F)c2CCNC(=O)c3ccc(COCC(F)(F)F)nc3,CHEMBL2147309,IC50,5.8
1718484,FC(F)(F)c1ccc(CNC(=O)C2N(CCc3ccccn3)C(=O)c4ccccc24)cc1,CHEMBL2164387,IC50,5.8
9252954,COc1cc(cc(OC)c1OC)C(=O)NC(=N)NCCCCc2ccccc2,CHEMBL110164,IC50,5.82
9252965,FC(F)(F)Oc1ccc(cc1)c2ccn3nccc3n2,CHEMBL3808625,IC50,5.82
3710703,Nc1noc2ccc(cc12)c3cc(Cl)ccc3Oc4cc(F)c(cc4F)S(=O)(=O)Nc5ncns5,CHEMBL3341983,IC50,5.86
9252978,Cc1onc(c1NC(=O)OCc2ccc(OC3CCCC3)nc2)c4c(Cl)cccc4Cl,CHEMBL1797392,IC50,5.87
9252989,NC(=O)c1cc(C(=O)N)n(n1)c2cccc(c2)c3cc(ccc3C(F)(F)F)C(F)(F)F,CHEMBL1631095,IC50,5.88
9252999,CC1(CN(CCO1)c2cccc3cc(ccc23)S(=O)(=O)Nc4ncns4)c5ccccc5,CHEMBL3682626,IC50,5.89
9253009,CC(C)Oc1ncc(Oc2cc(F)c(cc2C3CC3)C(=O)NS(=O)(=O)N4CCC4)cc1Cl,CHEMBL3341984,IC50,5.92
9253020,Cc1ccc(NC(=O)C2N(CCc3ccccn3)C(=O)c4ccccc24)cc1C,CHEMBL2164383,IC50,5.92
1720282,FC(F)(F)Oc1ccc(CNC(=O)C2N(CCc3ccccn3)C(=O)c4ccccc24)cc1,CHEMBL2164389,IC50,5.92
1725417,Fc1ccc(CCN2C(C(=O)NCc3ccc(OC(F)(F)F)cc3)c4ccccc4C2=O)nc1,CHEMBL2164047,IC50,5.92
5201500,OC(COc1ccc(cc1)C(=O)c2ccccc2)CN3CCC(CC3)N4Cc5ccccc5C4=O,CHEMBL3632641,IC50,5.92
9253037,CCCCc1oc2ccc(cc2n1)C(=O)N3CCC4(CC3)Nc5cc(OC)ccc5n6cccc46,CHEMBL3337596,IC50,5.93
9253048,COc1ccc2c(NC3(CCN(CC3)C(=O)c4ccc5OCCN(C)c5c4)c6cccn26)c1,CHEMBL3337594,IC50,5.94
9253059,CCOc1ccc(cc1)C(=O)NC(=N)NCCCCc2ccccc2,CHEMBL108727,IC50,5.96
5201489,OC(COc1ccc(cc1)C(F)(F)F)CN2CCC(CC2)NC(=O)c3ccccc3,CHEMBL3632696,IC50,5.96
9253071,CC1(C)[C@H]2CC[C@H](COc3cc(F)c(cc3Cl)C(=O)NS(=O)(=O)C)[C@@H]1C2,CHEMBL3654182,IC50,5.97
9253081,COc1ccc2c(NC3(CCN(CC3)C(=O)c4ccc5ncccc5c4)c6cccn26)c1,CHEMBL3337597,IC50,5.99
9253092,COc1cnc(cn1)c2c(C)ccc(F)c2CCNC(=O)c3ccc(COCC(F)(F)F)nc3,CHEMBL2147307,IC50,6.0
9253103,Fc1ccc2c(c1)c(OCC(=O)N3CCOCC3)nn2c4ccccc4F,CHEMBL3798493,IC50,6.0
6065918,O=C(NC1CCc2ccccc2C1)N3CCC4(CC3)CC(=O)c5ccccc5O4,CHEMBL495601,IC50,6.0
9253115,Fc1cc(OCC23CC4(F)CC(F)(CC(F)(C4)C2)C3)c(cc1C(=O)NS(=O)(=O)N5CCC5)C6CC6,CHEMBL3658000,IC50,6.02
9253125,FC(F)(F)Oc1ccc(cc1)c2ccc3ncnn3c2,CHEMBL3809877,IC50,6.03
9253135,Fc1cc(OCC2CCC(F)(F)CC2)c(cc1C(=O)NS(=O)(=O)N3CCC3)C4CC4,CHEMBL3662230,IC50,6.03
9253145,Oc1cccc2C(N(CCc3ccccn3)C(=O)c12)C(=O)NCc4ccc(OC(F)(F)F)cc4,CHEMBL2164041,IC50,6.03
43998,FC(F)(F)Oc1cccc(c1)C(=O)NCc2noc(n2)c3c4ccccc4nn3CCn5ccnc5,CHEMBL3236329,IC50,6.04
5200074,CC[C@H](C)[C@@H]1NC(=O)[C@@H]2CSSC[C@@H]3NC(=O)[C@@H](NC(=O)[C@H](CC(C)C)NC(=O)[C@H](CC(=O)N)NC(=O)[C@@H]4CCCN4C(=O)[C@H](CCCNC(=N)N)NC(=O)[C@H](CSSC[C@H](NC(=O)[C@@H](N)CC(=O)O)C(=O)N[C@@H](CC(C)C)C(=O)NCC(=O)N[C@@H](Cc5ccccc5)C(=O)N[C@@H](CCSC)C(=O)N[C@@H](CCCNC(=N)N)C(=O)N[C@@H](CCCCN)C(=O)N2)NC(=O)[C@H](CSSC[C@H](NC(=O)[C@H](Cc6c[nH]c7ccccc67)NC(=O)[C@H](CCCCN)NC(=O)[C@H](Cc8cccc9ccccc89)NC(=O)[C@@H](NC(=O)[C@H](CCCNC(=N)N)NC(=O)[C@H](CO)NC3=O)[C@@H](C)O)C(=O)N[C@@H](CCCCN)C(=O)N[C@@H](Cc%10ccc(O)cc%10)C(=O)N[C@@H](C(C)C)C(=O)N[C@@H](Cc%11ccccc%11)C(=O)N)NC(=O)[C@H](CCCCN)NC(=O)[C@H](CC(=O)O)NC(=O)[C@H](CC(=O)N)NC(=O)[C@H](CC(=O)O)NC(=O)[C@@H]%12CCCN%12C1=O)C(C)C,CHEMBL3800504,IC50,6.05
9253160,FC(F)(F)Oc1ccc(cc1)c2ccn3ncc(c3n2)C(F)(F)F,CHEMBL3810153,IC50,6.05
9253171,FC(F)Oc1ccc(cc1)c2ccc3nnc(n3c2)C(F)(F)F,CHEMBL3808917,IC50,6.05
1724679,Fc1cccc2C(=O)N(CCc3ccccn3)C(C(=O)NCc4ccc(OC(F)(F)F)cc4)c12,CHEMBL2164368,IC50,6.09
9253184,COc1ncc(cn1)c2c(C)ccc(F)c2CCNC(=O)c3ccc(OCCC(F)(F)F)nc3,CHEMBL2147305,IC50,6.1
9253194,CN(C)S(=O)(=O)NC(=O)c1cc(Cl)c(OCC23CC4CC(CC(C4)C2)C3)cc1F,CHEMBL3657820,IC50,6.11
9253203,CS(=O)(=O)NC(=O)c1cc(Cl)c(OCC2CC3C4CCC(C4)C3C2)cc1F,CHEMBL3657929,IC50,6.13
9253212,CS(=O)(=O)NC(=O)c1cc(C2CC2)c(OCC34CC5CC(C3)C(F)(F)C(C5)C4)cc1F,CHEMBL3657937,IC50,6.15
9253221,CS(=O)(=O)NC(=O)c1ccc(OCC23CC4CC(CC(C4)C2)C3)c(c1)C5CC5,CHEMBL3657877,IC50,6.16
9253230,CS(=O)(=O)NC(=O)c1cc(C2CC2)c(OCC3CCCCC3)cc1F,CHEMBL3662236,IC50,6.17
9253239,CC1(C)CCc2cc(OCc3cc(F)c(cc3Cl)C(=O)NS(=O)(=O)N4CCC4)ccc2O1,CHEMBL3657848,IC50,6.19
9253250,Fc1cc(OCC2CCC(F)(F)CC2)c(cc1C(=O)NS(=O)(=O)C3CC3)C4CC4,CHEMBL3657998,IC50,6.2
9253260,COc1ccc2c(NC3(CCN(CC3)C(=O)c4ccc(OC)c(c4)N(C)C)c5cccn25)c1,CHEMBL3322777,IC50,6.24
9253271,CCCCOc1ccc(cc1)C(=O)NC(=N)NCCCCc2ccccc2,CHEMBL108347,IC50,6.25
9253282,COc1ccc2c(N[C@@]3(CCN(C[C@@H]3C)C(=O)c4ccc(OC)c(c4)N(C)C)c5cccn25)c1,CHEMBL3337589,IC50,6.29
1728419,CC(=O)Nc1cccc(Nc2ncnc(n2)N3CCC(CC3)Oc4ccc(cc4)C(F)(F)F)c1C,CHEMBL1813049,IC50,6.3
9253294,Oc1cc(ccc1c2cccc3cc(ccc23)S(=O)(=O)Nc4ncns4)C(F)(F)F,CHEMBL3682649,IC50,6.31
9253304,FC(F)(F)Oc1ccc(cc1)c2ccn3nccc3c2,CHEMBL3809080,IC50,6.37
9253314,Fc1cc(OCC23CC4(F)CC(F)(CC(F)(C4)C2)C3)c(cc1C(=O)NS(=O)(=O)C5CC5)C6CC6,CHEMBL3658014,IC50,6.37
9253323,Fc1cc(OCC23CC4CC(CC(C4)C2)C3)c(Cl)cc1C(=O)NS(=O)(=O)C5CC5,CHEMBL3657930,IC50,6.37
9253333,COc1ccc2c(NC3(CCN(CC3)C(=O)c4ccc5ccccc5n4)c6cccn26)c1,CHEMBL3337599,IC50,6.38
9253344,FC(F)(F)Oc1ccc(cc1)c2ccn3ncc(c3c2)C(F)(F)F,CHEMBL3809904,IC50,6.38
9253354,FC1CN(C1)S(=O)(=O)NC(=O)c2cc(C3CC3)c(OCC45CC6CC(CC(C6)C4)C5)cc2F,CHEMBL3657934,IC50,6.38
9253364,FC(F)(F)c1nnc2ccc(cn12)c3ccc(cc3)S(F)(F)(F)(F)F,CHEMBL3809777,IC50,6.4
9253375,COc1ccc(cc1N(C)C)C(=O)N2CCC3(CC2)Nc4cc(OC)c(F)cc4n5cccc35,CHEMBL3337587,IC50,6.45
9253386,FC(F)(F)Oc1ccc(cc1)c2ccc3ncc(n3c2)C(F)(F)F,CHEMBL3809853,IC50,6.45
9253397,FC(F)c1nnc2ccc(cn12)c3ccc(OC(F)(F)F)cc3,CHEMBL3809528,IC50,6.46
9253407,Fc1cc(OCC2(CCCCC2)C(F)(F)F)c(cc1C(=O)NS(=O)(=O)N3CCC3)C4CC4,CHEMBL3658002,IC50,6.46
9253417,COc1ccc(cc1N(C)C)C(=O)N2CCC3(CC2)Nc4cc(OC(F)F)ccc4n5cccc35,CHEMBL3337584,IC50,6.47
5201511,FC(F)(F)Oc1ccc(cc1)c2ccc3nnc(n3c2)C(F)(F)F,CHEMBL3809595,IC50,6.48
9253429,Fc1cc(OCC23CC4CC(CC(C4)C2)C3)c(cc1C(=O)NS(=O)(=O)N5CC(F)(F)C5)C6CC6,CHEMBL3657943,IC50,6.49
1733567,CC(=O)Nc1cccc(Nc2ncnc(n2)N3CCC(CC3)Oc4ccc(OC(F)(F)F)cc4)c1C,CHEMBL1813050,IC50,6.52
9253441,FC(F)(F)COc1ccc(cc1)c2ccc3nnc(n3c2)C(F)(F)F,CHEMBL3809838,IC50,6.55
9253452,CNc1noc2ccc(cc12)c3cc(Cl)ccc3Oc4cc(F)c(cc4F)S(=O)(=O)Nc5ncns5,CHEMBL3806065,IC50,6.64
9253463,FC(F)(F)Oc1ccc(cc1)c2ccc3nnc(n3n2)C(F)(F)F,CHEMBL3810347,IC50,6.65
9253474,COc1ccc(cc1N(C)C)C(=O)N2CCC3(CC2)Nc4cc(ccc4n5cccc35)C(F)(F)F,CHEMBL3337585,IC50,6.66
9253485,FC(F)(F)c1ccc(cc1)c2ccc3nnc(n3c2)C(F)(F)F,CHEMBL3808645,IC50,6.68
9253496,CC(C)(C)c1ccc(cc1)c2ccc3nnc(n3c2)C(F)(F)F,CHEMBL3808867,IC50,6.74
9253507,COc1ccc(cc1N(C)C)C(=O)N2CCC3(CC2)Nc4cc(OC(F)(F)F)ccc4n5cccc35,CHEMBL3337583,IC50,6.74
9253518,Cc1cc(ccc1OC(F)(F)F)c2ccc3nnc(n3c2)C(F)(F)F,CHEMBL3810234,IC50,6.78
9253528,CS(=O)(=O)NC(=O)c1cc(C2CC2)c(OCC34CC5CC(CC(C5)C3)C4)cc1F,CHEMBL3657851,IC50,6.8
9253537,Fc1cc(OCC2(CCCCC2)C(F)(F)F)c(cc1C(=O)NS(=O)(=O)C3CC3)C4CC4,CHEMBL3662229,IC50,6.8
9253546,Fc1cc(OCC23CCCCC2C3)c(cc1C(=O)NS(=O)(=O)N4CCC4)C5CC5,CHEMBL3662093,IC50,6.8
9253555,COC1CN(C1)S(=O)(=O)NC(=O)c2cc(C3CC3)c(OCC45CC6CC(CC(C6)C4)C5)cc2F,CHEMBL3657953,IC50,6.84
9253564,COCCS(=O)(=O)NC(=O)c1cc(C2CC2)c(OCC3CCCCC3)cc1F,CHEMBL3657967,IC50,6.85
9253573,Fc1cc(OCC23CC4CC(C2)C(F)(F)C(C4)C3)c(cc1C(=O)NS(=O)(=O)C5CC5)C6CC6,CHEMBL3662090,IC50,6.89
9253582,Fc1cc(OCC2C3CC4CC(CC2C4)C3)c(cc1C(=O)NS(=O)(=O)N5CCC5)C6CC6,CHEMBL3657972,IC50,6.89
9253592,Cc1cc(OC(F)(F)F)ccc1c2ccc3nnc(n3c2)C(F)(F)F,CHEMBL3809360,IC50,6.91
9253603,COc1ccc2c(NC3(CCN(CC3)C(=O)c4ccc(OC)c(c4)N5CCCC5)c6cccn26)c1,CHEMBL3337595,IC50,6.93
9253613,O[C@H]1CCN(C1)S(=O)(=O)NC(=O)c2cc(C3CC3)c(OCC45CC6CC(CC(C6)C4)C5)cc2F,CHEMBL3657931,IC50,6.96
9253623,FC(F)(F)Oc1ccc(cc1)c2ccc3cnc(n3c2)C(F)(F)F,CHEMBL3809404,IC50,6.99
44693,CC(C)(C)c1ccc(cc1)c2oc(cc2)C(=O)N3CCN(CC3)C4CCCCC4,CHEMBL486495,IC50,7.0
9253635,COCCS(=O)(=O)NC(=O)c1cc(C2CC2)c(OCC34CC5CC(CC(C5)C3)C4)cc1F,CHEMBL3657840,IC50,7.0
9253644,Fc1cc(OCC2(CCCC2)C(F)(F)F)c(cc1C(=O)NS(=O)(=O)N3CCC3)C4CC4,CHEMBL3662081,IC50,7.05
9253653,OC1CN(C1)S(=O)(=O)NC(=O)c2cc(C3CC3)c(OCC45CC6CC(CC(C6)C4)C5)cc2F,CHEMBL3657838,IC50,7.22
9253663,C[Si](C)(C)c1ccc(cc1)c2ccc3nnc(n3c2)C(F)(F)F,CHEMBL3810248,IC50,7.23
9253673,Fc1cc(OCC23CC4CC(CC(C4)C2)C3)c(cc1C(=O)NS(=O)(=O)N5CCC5)C6CC6,CHEMBL3657855,IC50,7.29
9253682,Fc1cc(OCC2CCCCC2)c(cc1C(=O)NS(=O)(=O)N3CCC3)C4CC4,CHEMBL3662238,IC50,7.4
9253691,Cn1nccc1c2cc(ccc2c3cccc4cc(ccc34)S(=O)(=O)Nc5ncns5)C(F)(F)F,CHEMBL3677849,IC50,7.52
9253700,Fc1cc(OCC23CC4CC(CC(C4)C2)C3)c(cc1C(=O)NS(=O)(=O)C5CC5)C6CC6,CHEMBL3657932,IC50,7.59
9253709,OCCCNS(=O)(=O)NC(=O)c1cc(C2CC2)c(OCC34CC5CC(CC(C5)C3)C4)cc1F,CHEMBL3657952,IC50,7.66
9253718,Fc1cc(OCC23CC4CC(CC(C4)C2)C3)c(cc1C(=O)NS(=O)(=O)N5CCOCC5)C6CC6,CHEMBL3657939,IC50,7.85
5200393,OC[C@H]1CON2[C@H]1C[C@]3(CN4C(=N)N[C@H]([C@@H]5N(COC(=O)NO)C(=N)N[C@]45C3(O)O)C2=O)OS(=O)(=O)O,CHEMBL3617050,IC50,9.55
