id,smiles,name,assay_type,activity_value
188206,O=C1NC(=O)C(N1)(C1=CC=CC=C1)C1=CC=CC=C1,phenytoin,N/A,N/A
43736,CCOC(=O)C1=CC=C(N)C=C1,benzocaine,N/A,N/A
43748,CCCN1CCCC[C@H]1C(=O)NC1=C(C)C=CC=C1C,ropivacaine,N/A,N/A
188218,[H]C1(CCCCN1C)C(=O)NC1=C(C)C=CC=C1C,mepivacaine,N/A,N/A
43880,NC1=NN=C(C(N)=N1)C1=C(Cl)C(Cl)=CC=C1,lamotrigine,N/A,N/A
43844,CCN1C(=O)NC(C1=O)C1=CC=CC=C1,ethotoin,N/A,N/A
43853,NC1=NC(N)=C(C=C1)\N=N\C1=CC=CC=C1,phenazopyridine,N/A,N/A
43862,CCC1(NC(=O)N(C)C1=O)C1=CC=CC=C1,mephenytoin,N/A,N/A
43871,NC(=O)C1=CN(CC2=C(F)C=CC=C2F)N=N1,rufinamide,N/A,N/A
43891,CC(=O)O[C@H]1CC2=C(C=CC=C2)N(C(N)=O)C2=CC=CC=C12,eslicarbazepine acetate,N/A,N/A
43901,CCN(CC)CCNC(=O)C1=CC=C(N)C=C1,procainamide,N/A,N/A
43910,CC(N)C(=O)NC1=C(C)C=CC=C1C,tocainide,N/A,N/A
188379,F[C@H]1CCN(C1)C(=O)CN2CCN(C2=O)c3cccc4c3cnn4c5ccccc5F,CHEMBL3798228,IC50,5.07
188405,Fc1ccc2c(c1)c(OCCN3CCNC3=O)nn2c4ccccc4F,CHEMBL3798363,IC50,5.3
43998,FC(F)(F)Oc1cccc(c1)C(=O)NCc2noc(n2)c3c4ccccc4nn3CCn5ccnc5,CHEMBL3236329,IC50,5.48
3710679,NCc1noc(n1)c2c3ccccc3nn2Cc4ccccc4,CHEMBL466715,IC50,5.99
3710690,NCc1noc(n1)c2nn(Cc3ccccc3)c4ccccc24,CHEMBL512079,IC50,6.18
188244,CCCCNC1=CC=C(C=C1)C(=O)OCCN(C)C,tetracaine,IC50,6.28
3710703,Nc1noc2ccc(cc12)c3cc(Cl)ccc3Oc4cc(F)c(cc4F)S(=O)(=O)Nc5ncns5,CHEMBL3341983,IC50,7.96
44031,Nc1nc2cc(ccc2[nH]1)c3cc(Cl)ccc3Oc4cc(F)c(cc4F)S(=O)(=O)Nc5ncns5,CHEMBL3617063,IC50,9.1
