id,smiles,name,assay_type,activity_value
1331170,NC(=N)NC(=O)C1=C(N)N=C(N)C(Cl)=N1,amiloride,IC50,6.7
1613657,NC1=NC2=NC(N)=C(N=C2C(N)=N1)C1=CC=CC=C1,triamterene,IC50,5.30000019
1613678,N\C(=N/C(=O)c1nc(Cl)c(N)nc1N)\NCCCCCCCCc2ccccc2,CHEMBL210866,IC50,6.32
1613689,Nc1nc(N)c(nc1Cl)C(=O)NC(=N)Nc2ccccc2,CHEMBL211502,IC50,6.4
1613700,COc1ccc(CCC\N=C(/N)\NC(=O)c2nc(Cl)c(N)nc2N)cc1,CHEMBL210967,IC50,6.91
1613711,CCCCCCCC\N=C(/N)\NC(=O)c1nc(Cl)c(N)nc1N,CHEMBL210981,IC50,6.97
1613722,N\C(=N/C(=O)c1nc(Cl)c(N)nc1N)\NCCO,CHEMBL377688,IC50,6.97
1613733,CCCCCC\N=C(/N)\NC(=O)c1nc(Cl)c(N)nc1N,CHEMBL210966,IC50,7.06
1613744,N\C(=N/C(=O)c1nc(Cl)c(N)nc1N)\NCCCc2ccc(O)cc2,CHEMBL211793,IC50,7.06
1613755,COc1ccc(CCCCC\N=C(/N)\NC(=O)c2nc(Cl)c(N)nc2N)cc1,CHEMBL209104,IC50,7.11
1613766,N\C(=N/C(=O)c1nc(Cl)c(N)nc1N)\NCCCCc2ccc(OC3O[C@@H]([C@@H](O)[C@H](O)[C@H]3O)C(=O)O)cc2,CHEMBL380393,IC50,7.14
1613777,N\C(=N/C(=O)c1nc(Cl)c(N)nc1N)\NCCCCCc2ccccc2,CHEMBL377239,IC50,7.17
1613788,N\C(=N/C(=O)c1nc(Cl)c(N)nc1N)\NCCc2ccccc2,CHEMBL211611,IC50,7.18
1613799,N\C(=N/C(=O)c1nc(Cl)c(N)nc1N)\NCc2ccccc2,CHEMBL212579,IC50,7.18
1613810,N\C(=N/C(=O)c1nc(Cl)c(N)nc1N)\NCCCCCc2ccc(O)cc2,CHEMBL211221,IC50,7.19
1613821,N\C(=N/C(=O)c1nc(Cl)c(N)nc1N)\NCCc2ccc(O)cc2,CHEMBL209977,IC50,7.21
1613832,N\C(=N/C(=O)c1nc(Cl)c(N)nc1N)\NCCCCCCc2ccccc2,CHEMBL208620,IC50,7.24
1613843,N\C(=N/C(=O)c1nc(Cl)c(N)nc1N)\NCCCCc2ccc(cc2)C(=O)O,CHEMBL213175,IC50,7.29
1613854,N\C(=N/C(=O)c1nc(Cl)c(N)nc1N)\NCCCc2ccccc2,CHEMBL211664,IC50,7.3
1613865,N\C(=N/C(=O)c1nc(Cl)c(N)nc1N)\NCCCCc2ccc(OCC(=O)O)cc2,CHEMBL209017,IC50,7.32
1613876,N\C(=N/C(=O)c1nc(Cl)c(N)nc1N)\NCCCCc2ccc(O)c(O)c2,CHEMBL211072,IC50,7.38
1613887,COc1ccc(COCC\N=C(/N)\NC(=O)c2nc(Cl)c(N)nc2N)cc1,CHEMBL211773,IC50,7.39
1613898,N\C(=N/C(=O)c1nc(Cl)c(N)nc1N)\NCCCOc2ccc(O)cc2,CHEMBL211946,IC50,7.5
1613909,N\C(=N/C(=O)c1nc(Cl)c(N)nc1N)\NCCCCc2ccccc2OCCO,CHEMBL208889,IC50,7.51
1613920,N\C(=N/C(=O)c1nc(Cl)c(N)nc1N)\NCCCCc2ccccc2O,CHEMBL379066,IC50,7.52
1613931,N\C(=N/C(=O)c1nc(Cl)c(N)nc1N)\NCCCCc2ccccc2,CHEMBL209659,IC50,7.54
1613942,N\C(=N/C(=O)c1nc(Cl)c(N)nc1N)\NCCCCc2ccccc2OCC(O)CO,CHEMBL211658,IC50,7.55
1613953,N\C(=N/C(=O)c1nc(Cl)c(N)nc1N)\NCCCCc2cccc(OCC(O)CO)c2,CHEMBL212534,IC50,7.59
1613964,COc1ccc(OCCC\N=C(/N)\NC(=O)c2nc(Cl)c(N)nc2N)cc1,CHEMBL214220,IC50,7.6
1613975,COC(=O)c1ccc(CCCC\N=C(/N)\NC(=O)c2nc(Cl)c(N)nc2N)cc1,CHEMBL379756,IC50,7.66
1613986,N\C(=N/C(=O)c1nc(Cl)c(N)nc1N)\NCCCCc2ccc(N)cc2,CHEMBL212410,IC50,7.68
1613997,N\C(=N/C(=O)c1nc(Cl)c(N)nc1N)\NCCCCc2ccc(cc2)S(=O)(=O)O,CHEMBL386222,IC50,7.68
1614008,N\C(=N/C(=O)c1nc(Cl)c(N)nc1N)\NCCCCc2ccc(OCCC(=O)O)cc2,CHEMBL379433,IC50,7.7
1614019,N\C(=N/C(=O)c1nc(Cl)c(N)nc1N)\NCCCCc2cccc(O)c2,CHEMBL380011,IC50,7.7
1614030,N\C(=N/C(=O)c1nc(Cl)c(N)nc1N)\NCCCCc2ccc(O)cc2,CHEMBL210876,IC50,7.77
1614041,N\C(=N/C(=O)c1nc(Cl)c(N)nc1N)\NCCCCc2cccc(OCCO)c2,CHEMBL211600,IC50,7.77
1614052,COc1ccc(CCCC\N=C(/N)\NC(=O)c2nc(Cl)c(N)nc2N)cc1,CHEMBL377986,IC50,7.82
1614063,N\C(=N/C(=O)c1nc(Cl)c(N)nc1N)\NCCCCc2ccc(CO)cc2,CHEMBL214239,IC50,7.85
1614074,N\C(=N/C(=O)c1nc(Cl)c(N)nc1N)\NCCCCc2ccc(OCCO)cc2,CHEMBL211161,IC50,8.05
1614085,N\C(=N/C(=O)c1nc(Cl)c(N)nc1N)\NCCCCc2ccc(OC[C@H](O)CO)cc2,CHEMBL209303,IC50,8.05
1614096,N\C(=N/C(=O)c1nc(Cl)c(N)nc1N)\NCCCCc2ccc(OCC(O)CO)cc2,CHEMBL212432,IC50,8.1
1614107,N\C(=N/C(=O)c1nc(Cl)c(N)nc1N)\NCCCCc2ccc(OCCCO)cc2,CHEMBL212431,IC50,8.16
1614118,N\C(=N/C(=O)c1nc(Cl)c(N)nc1N)\NCCCCc2ccc(OC[C@@H](O)CO)cc2,CHEMBL212531,IC50,8.16
