id,smiles,name,assay_type,activity_value
6516227,CN(CS(O)(=O)=O)C1=C(C)N(C)N(C1=O)C1=CC=CC=C1,metamizole,IC50,4.0409584
6516238,CC(C)C1=C(C)N(C)N(C1=O)C1=CC=CC=C1,propyphenazone,IC50,4.48148584
6516248,CN1N(C(=O)C=C1C)C1=CC=CC=C1,phenazone,IC50,3.08092189
6516277,S=C=NCCc1ccccc1,CHEMBL151649,EC50,5.0
6516287,CC\C(=N/O)\C=C\c1ccc(F)cc1,CHEMBL3697713,IC50,5.02
6516297,CCC1=C[C@@H]2CN3CCc4c([nH]c5ccccc45)[C@@](C2)([C@@H]13)C(=O)OC,CHEMBL2163793,EC50,5.05
6516308,Fc1cccc(c2ccc3[nH]ncc3c2)c1C(F)(F)F,CHEMBL3298246,IC50,5.05
6516318,CC\C(=N/OC)\C(=C\c1ccc(F)cc1)\C,CHEMBL3697702,IC50,5.08
846370,CC1CCCN(C1C)C(=O)c2csc(Nc3ccc(C)cc3)n2,CHEMBL2418806,IC50,5.1
6516330,CC[C@H]1C[C@@H]2CN3CCc4c([nH]c5ccc(OC)cc45)[C@](C2)([C@H]13)C(=O)OC,CHEMBL182120,EC50,5.1
4542052,CC[C@H]1C[C@@H]2CN3CCc4c([nH]c5ccccc45)[C@@](C2)([C@@H]13)C(=O)OC,CHEMBL3325770,EC50,5.1
6516342,C\C(=C/c1ccc(F)cc1)\C(=N\O)\C(C)(C)C,CHEMBL3697705,IC50,5.1
6516352,Cc1ccccc1c2ccc3[nH]ncc3c2,CHEMBL3298238,IC50,5.11
6516363,Cn1ncc2cc(ccc12)c3ccccc3C(F)(F)F,CHEMBL3298921,IC50,5.13
6516374,Cc1cc(CN2[C@H](CO)CC[C@@H]2c3ccc(F)cc3)cc(C)c1F,CHEMBL3752638,IC50,5.17
6516385,Cc1cc(cc2cn[nH]c12)c3ccccc3C(F)(F)F,CHEMBL3298920,IC50,5.17
4544588,C\C=C\C=C\C=C/CC\C=C\C(=O)NCC(C)(C)O,CHEMBL1084610,EC50,5.18
6516398,Fc1ccc(cc1)[C@H]2CCCN2S(=O)(=O)c3ccc(F)cc3,CHEMBL3754794,IC50,5.18
6516409,O=C\C=C\c1ccccc1,CHEMBL293492,EC50,5.19
6516420,Cc1cccc2C(=O)N(CC(=O)NCCc3ccc(OC(F)F)cc3)C=Nc12,CHEMBL3787204,IC50,5.2
6516431,CC(C)c1ccc(NC(=O)Cn2cnc3N(C)C(=O)N(C)C(=O)c23)cc1,CHEMBL1086310,IC50,5.21
6516442,CC(C)c1ccc(C)cc1O,CHEMBL29411,EC50,5.22
6516452,CC\C(=N/O)\C(=C\c1ccc(F)c(Cl)c1)\C,CHEMBL3697709,IC50,5.22
6516461,CCC\C(=N/O)\C=C\c1ccc(F)cc1,CHEMBL3697712,IC50,5.23
6516471,CCCCC\C=C\C=C\1/[C@@H](C\C=C/CCCC(=O)O)C=CC1=O,CHEMBL482477,EC50,5.25
6516483,C=CC=O,CHEMBL721,EC50,5.3
6516495,CC\C=C\C=O,CHEMBL256368,EC50,5.3
6516505,CC\C(=N/O)\C(=C\c1cc(F)c(F)c(F)c1)\C,CHEMBL3697715,IC50,5.33
6516514,CC\C(=N/O)\C(=C\c1ccccc1F)\C,CHEMBL3697703,IC50,5.34
6516523,CCCC\C(=N/O)\C(=C\c1ccc(F)cc1)\C,CHEMBL3697706,IC50,5.36
6516533,Fc1ccccc1c2ccc3[nH]ncc3c2,CHEMBL3298237,IC50,5.4
6516544,FC(F)(F)c1cc(NCCc2ccccc2)cc(NC(=O)c3cccs3)c1,CHEMBL3311177,IC50,5.41
6516555,CC1=C2SC(=CN2C(=O)N(Cc3ccccc3)C1=O)C(=O)NCc4ccccn4,CHEMBL3220448,IC50,5.46
6516565,CC(C)(C)c1ccccc1c2ccc3[nH]ncc3c2,CHEMBL3298241,IC50,5.47
6516576,FC(F)(F)Oc1ccccc1c2ccc3[nH]ncc3c2,CHEMBL3298244,IC50,5.47
6516586,CC(C)\C(=N/O)\C(=C\c1ccc(F)cc1)\C,CHEMBL3697708,IC50,5.48
6516596,O(c1ccccc1)c2ncnc3[nH]ccc23,CHEMBL3298432,IC50,5.5
6516607,Cc1n[nH]c2ccc(cc12)c3ccccc3C(F)(F)F,CHEMBL3298252,IC50,5.51
6516618,Fc1ccc(Oc2nccc3ccccc23)c(F)c1,CHEMBL3298212,IC50,5.51
6516629,COc1ccc2c(Oc3ccc(F)cc3F)ncnc2c1,CHEMBL3297780,IC50,5.52
6516640,Fc1ccc(Oc2ncnc3[nH]ccc23)cc1F,CHEMBL3298500,IC50,5.52
6516651,FC(F)(F)c1cc(NCc2ccccc2)cc(NC(=O)c3cccs3)c1,CHEMBL3311176,IC50,5.54
6516662,FC(F)(F)c1cc(NCc2cccs2)cc(NC(=O)c3cccs3)c1,CHEMBL3311175,IC50,5.57
6516673,Fc1cccc(Oc2ncnc3[nH]ccc23)c1F,CHEMBL3298499,IC50,5.57
6516684,CCCNc1cc(NC(=O)c2ccncc2)cc(c1)C(F)(F)F,CHEMBL3311187,IC50,5.59
6516695,Fc1ccc(Oc2ncnc3[nH]cc(I)c23)c(F)c1,CHEMBL3298585,IC50,5.6
6516706,COC(=O)Nc1cc(NC(=O)c2cccs2)cc(c1)C(F)(F)F,CHEMBL3311178,IC50,5.64
6516717,CC1=C2SC(=CN2C(=O)N(Cc3ccccc3)C1=O)C(=O)NCc4ccc(Cl)cc4,CHEMBL3220232,IC50,5.65
6516727,CC1=C2SC(=CN2C(=O)N(Cc3ccccc3)C1=O)C(=O)NCc4ccc(F)cc4,CHEMBL3220231,IC50,5.65
6516737,Clc1ccc(CCc2oc(CN3C=Nc4ncccc4C3=O)nn2)cc1,CHEMBL3787328,IC50,5.66
6516748,FC(F)c1ccccc1c2ccc3[nH]ncc3c2,CHEMBL3298243,IC50,5.66
6516759,Fc1ccc(Oc2nccc3occc23)c(F)c1,CHEMBL3297777,IC50,5.66
6516770,Clc1ccc(CCc2noc(CN3C=Nc4ncccc4C3=O)n2)cn1,CHEMBL3787097,IC50,5.67
6516781,Cc1[nH]c2ncnc(Oc3ccc(F)cc3F)c2c1C,CHEMBL3298581,IC50,5.7
2207158,C=CCN=C=S,CHEMBL233248,EC50,5.72
6516794,CCCCCC(=O)\C=C\C=O,CHEMBL1086447,EC50,5.72
6516805,CCCNc1cc(C)cc(NC(=O)c2c(F)cccc2F)c1,CHEMBL3311195,IC50,5.72
6365530,[O-][S+](CC=C)SCC=C,CHEMBL359965,EC50,5.72
6516818,CC1=C2SC(=CN2C(=O)N(Cc3ccccc3)C1=O)C(=O)NCc4ccccc4,CHEMBL3220230,IC50,5.73
6516828,COc1cc(CNC(=O)C2=CN3C(=O)N(Cc4ccccc4)C(=O)C(=C3S2)C)ccn1,CHEMBL3220229,IC50,5.76
6516838,Clc1ccc(CCNC(=O)CN2C=Nc3cnccc3C2=O)cc1,CHEMBL3786811,IC50,5.77
6516849,CC1=C2SC(=CN2C(=O)N(Cc3ccccc3)C1=O)C(=O)NCc4cccnc4,CHEMBL3220228,IC50,5.8
6516859,CCc1c[nH]c2ncnc(Oc3ccc(F)cc3F)c12,CHEMBL3298583,IC50,5.8
6516870,CS(=O)(=O)SCCN,CHEMBL256738,EC50,5.8
6516881,Clc1ccc(CCc2onc(CN3C=Nc4ncccc4C3=O)n2)cc1,CHEMBL3787566,IC50,5.8
6516892,CC1=C2SC(=CN2C(=O)N(Cc3ccccc3)C1=O)C(=O)NCc4ccc5nsnc5c4,CHEMBL3220227,IC50,5.84
6516902,COc1cccc2C(=O)N(CC(=O)NCCc3ccc(Cl)cc3)C=Nc12,CHEMBL3786836,IC50,5.84
6516913,CCCNc1cc(NC(=O)c2ccc(F)cc2)cc(c1)C(F)(F)F,CHEMBL3311188,IC50,5.85
6516924,CC1=C2SC(=CN2C(=O)N(Cc3ccccc3)C1=O)C(=O)NCc4ccc(C)cc4,CHEMBL3220226,IC50,5.86
6516934,Fc1cccc2C(=O)N(CC(=O)NCCc3ccc(Cl)cc3)C=Nc12,CHEMBL3787443,IC50,5.88
6516945,CC(C)C(C)Nc1cc(NC(=O)c2cccs2)cc(c1)C(F)(F)F,CHEMBL3311180,IC50,5.89
6516956,COc1ccc2c(Oc3ccc(F)cc3F)nccc2c1,CHEMBL3298211,IC50,5.89
6516967,N#Cc1ccccc1c2ccc3[nH]ncc3c2,CHEMBL3298245,IC50,5.89
6516978,Clc1ccccc1c2ccc3[nH]ncc3c2,CHEMBL3298235,IC50,5.91
6516989,Fc1cccc(c1c2ccc3[nH]ncc3c2)C(F)(F)F,CHEMBL3298249,IC50,5.91
6517000,CCCNc1cc(NC(=O)c2ccc(F)c(F)c2)cc(c1)C(F)(F)F,CHEMBL3311189,IC50,5.92
6517011,COCCCOc1cncc(c1)C2NC(=S)NC3=C2C(=O)c4ccccc34,CHEMBL3314482,IC50,5.92
6517022,COc1cc2ncnc(Oc3ccc(F)cc3F)c2cc1OC,CHEMBL3297779,IC50,5.92
6517033,Cc1cc2c(Oc3ccc(F)cc3F)ncnc2[nH]1,CHEMBL3298505,IC50,5.92
6517044,CC1=C2SC(=CN2C(=O)N(Cc3ccccc3)C1=O)C(=O)NCc4ccncc4,CHEMBL3220225,IC50,5.93
6517054,Clc1ccc(CCNC(=O)CN2C=Nc3ncccc3C2=O)cc1,CHEMBL3785649,IC50,5.93
6517065,CC(=O)CBr,CHEMBL1085947,EC50,5.96
6517076,Fc1ccc(Oc2cccc3[nH]ccc23)c(F)c1,CHEMBL3298690,IC50,5.96
6517087,Fc1ccc(Oc2nccc3ccoc23)c(F)c1,CHEMBL3298761,IC50,5.96
6517098,C=CCCCCCN=C=S,CHEMBL3593945,EC50,5.98
6517109,C=CCCCCN=C=S,CHEMBL3593944,EC50,5.98
6517120,CC(C)Oc1cc2[nH]ncc2cc1c3ccccc3C(F)(F)F,CHEMBL3299021,IC50,6.01
6517131,COCCCOc1cccc(n1)C2NC(=S)NC3=C2C(=O)c4ccccc34,CHEMBL3314484,IC50,6.01
6517142,CCCNc1cc(NC(=O)c2cccnc2)cc(c1)C(F)(F)F,CHEMBL3311186,IC50,6.03
6517153,Clc1ccc(\C=C\c2onc(CN3C=Nc4ncccc4C3=O)n2)cc1,CHEMBL3787029,IC50,6.03
6517164,S=C1NC(c2cccc(OCc3cccnc3)c2)c4oc5ncccc5c4N1,CHEMBL3314490,IC50,6.03
6517175,Clc1ccc(CCc2noc(CN3C=Nc4nccnc4C3=O)n2)cc1,CHEMBL3786920,IC50,6.04
6517185,CC(C)\C(=N\O)\C(=C\c1ccc(F)cc1)\C,CHEMBL3697707,IC50,6.07
6517195,CC(C)CNc1cc(NC(=O)c2cccs2)cc(c1)C(F)(F)F,CHEMBL3311181,IC50,6.1
6517206,CN1C(=O)\C(=C\C(=O)C)\c2ccccc12,CHEMBL402589,EC50,6.1
6517217,Cc1cccc2C(=O)N(CC(=O)NCCc3ccc(Cl)cc3)C=Nc12,CHEMBL3787010,IC50,6.1
6517227,CC\C(=N\O)\C(=C\c1ccc(F)cc1)\C,CHEMBL3697710,IC50,6.15
6517237,Fc1ccc(Oc2ncnc3[nH]ccc23)c(F)c1,CHEMBL3298430,IC50,6.15
6517248,O=C1C2=C(NC(=S)NC2c3cccc(OCc4cccnc4)c3)c5ccccc15,CHEMBL3314485,IC50,6.15
6517259,CC(C)CN=C=S,CHEMBL3593941,EC50,6.16
6517270,CC1=C2SC(=CN2C(=O)N(Cc3ccccc3)C1=O)C(=O)NCc4ccc5[nH]ccc5c4,CHEMBL3220224,IC50,6.17
6517280,CCC(C)N=C=S,CHEMBL3593576,EC50,6.17
6517291,Cc1c[nH]c2ncnc(Oc3ccc(F)cc3F)c12,CHEMBL3298582,IC50,6.19
6517587,COc1cc2ccnc(Oc3ccc(F)cc3F)c2cc1OC,CHEMBL3297861,IC50,6.2
6517598,Fc1ccc(Oc2ncnc3[nH]cc(Cl)c23)c(F)c1,CHEMBL3298584,IC50,6.2
6517609,CSCCCCCCCN=C=S,CHEMBL3593948,EC50,6.22
6517620,CCc1ccccc1c2ccc3[nH]ncc3c2,CHEMBL3298239,IC50,6.23
6517631,COCCCOc1cccc(c1)[C@H]2NC(=S)Nc3c2oc4ccccc34,CHEMBL3314487,IC50,6.23
6517641,CC\C(=N/O)\C(=C\c1ccc(F)c(F)c1)\C,CHEMBL3697714,IC50,6.24
6517651,CSCCCCCCN=C=S,CHEMBL574688,EC50,6.24
5472172,FC(F)(F)c1ccccc1c2ccc3[nH]ncc3c2,CHEMBL3298242,IC50,6.26
6517664,C=CCCCN=C=S,CHEMBL3593943,EC50,6.27
6517675,CC(C)N=C=S,CHEMBL2208211,EC50,6.28
6517686,CC(C)c1ccccc1c2ccc3[nH]ncc3c2,CHEMBL3298240,IC50,6.29
6517696,CCC\C(=N/O)\C(=C\c1ccc(F)cc1)\C,CHEMBL3697704,IC50,6.3
6517706,CSCCCCCN=C=S,CHEMBL3593947,EC50,6.3
6517717,CSCCCN=C=S,CHEMBL3186484,EC50,6.35
6517728,CSCCCCN=C=S,CHEMBL2151143,EC50,6.38
6517739,Fc1ccc(Oc2ncnc3[nH]ccc23)cc1,CHEMBL3298431,IC50,6.39
6517750,CC1=C2SC(=CN2C(=O)N(Cc3ccccc3)C1=O)C(=O)N4CCC(CC4)c5ccccc5F,CHEMBL3220453,IC50,6.4
6517760,CCCNc1cc(NC(=O)c2cccs2)cc(c1)C(F)(F)F,CHEMBL3311182,IC50,6.41
6517771,Cc1cc(cc(C)c1F)S(=O)(=O)N2C[C@H](F)C[C@@H]2c3ccc(F)cc3,CHEMBL3752895,IC50,6.42
6517782,Clc1ccc(CCc2noc(CN3C=Nc4ncccc4C3=O)n2)cc1,CHEMBL3785110,IC50,6.43
6517793,C=CCCN=C=S,CHEMBL3593942,EC50,6.44
6517804,Fc1ccc(cc1)[C@H]2CCCN2S(=O)(=O)c3cc(Cl)c(F)c(Cl)c3,CHEMBL3754445,IC50,6.46
6517815,COc1cc2ccnc(Oc3ccc(F)cc3)c2cc1OC,CHEMBL3298322,IC50,6.48
6517826,Fc1ccc(Oc2nccc3[nH]ccc23)c(F)c1,CHEMBL3298760,IC50,6.5
2207033,S=C=NCc1ccccc1,CHEMBL55285,EC50,6.5
6517838,Fc1ccc(Oc2nccc3[nH]ccc23)cc1,CHEMBL3297778,IC50,6.51
6517849,Fc1ccc(c(c1)c2ccc3[nH]ncc3c2)C(F)(F)F,CHEMBL3298248,IC50,6.51
6517860,O1c2ccccc2C=Nc3ccccc13,CHEMBL1085100,EC50,6.51
6517871,O=C1C2=C(NC(=S)NC2c3cccc(OCc4ccccn4)c3)c5ccccc15,CHEMBL3314486,IC50,6.52
6517882,Fc1c(ccc2[nH]ncc12)c3ccccc3C(F)(F)F,CHEMBL3298250,IC50,6.53
6517893,CC(C)Nc1cc(NC(=O)c2cccs2)cc(c1)C(F)(F)F,CHEMBL3311183,IC50,6.54
6517904,Cc1cc(C)cc(c1)S(=O)(=O)N2[C@H](CO)CC[C@@H]2c3ccc(F)cc3,CHEMBL3754617,IC50,6.54
6517915,FC(F)(F)c1cccc2C(=O)N(CC(=O)NCCc3ccc(Cl)cc3)C=Nc12,CHEMBL3786619,IC50,6.54
6517926,COC[C@@H]1CC[C@@H](N1S(=O)(=O)c2cc(C)c(F)c(C)c2)c3ccc(F)cc3,CHEMBL3752891,IC50,6.57
6517937,Cc1ccc2N=CN(CC(=O)NCCc3ccc(Cl)cc3)C(=O)c2c1,CHEMBL3786110,IC50,6.58
6517948,OC(Cc1noc(CN2C=Nc3ncccc3C2=O)n1)c4ccc(Cl)cc4,CHEMBL3786639,IC50,6.6
6517959,Cn1cnc2N=CN(Cc3noc(CCc4ccc(Cl)cc4)n3)C(=O)c12,CHEMBL3785390,IC50,6.68
6517970,CC1=C2SC(=CN2C(=O)N(Cc3ccccc3)C1=O)C(=O)N4CCC(CC4)Oc5cccc(Cl)c5,CHEMBL3220452,IC50,6.7
6517980,CC1=C2SC(=CN2C(=O)N(Cc3ccccc3)C1=O)C(=O)N4CCC(CC4)Oc5ccccc5F,CHEMBL3220451,IC50,6.7
6517990,CCCNc1cc(NC(=O)c2ccccc2)cc(c1)C(F)(F)F,CHEMBL3311184,IC50,6.7
6518001,COCCCOc1cccc(c1)C2NC(=S)Nc3c2oc4c(F)cccc34,CHEMBL3314488,IC50,6.7
6518012,Clc1ccc(CCNC(=O)CN2C=Nc3c(cccc3C2=O)C#N)cc1,CHEMBL3787289,IC50,6.7
6518023,Cc1cc(ccc1F)S(=O)(=O)N2[C@H](CO)CC[C@@H]2c3ccc(F)cc3,CHEMBL3752532,IC50,6.72
6518034,COCCCOc1cccc(c1)[C@H]2NC(=S)Nc3c2oc4ncccc34,CHEMBL3314489,IC50,6.77
6518045,C\C(=C/c1onc(CN2C=Nc3ncn(C)c3C2=O)n1)\c4ccc(Cl)cc4,CHEMBL3786010,IC50,6.78
6518056,CC(Cc1onc(CN2C=Nc3ncccc3C2=O)n1)c4ccc(Cl)cc4,CHEMBL3787353,IC50,6.82
6518067,CC1=C2SC(=CN2C(=O)N(Cc3ccccc3)C1=O)C(=O)N4CC[C@@H](C4)Oc5ccccc5C(F)(F)F,CHEMBL3220450,IC50,6.82
1314581,CN(C1CCCCC1)C(=O)n2nnc(Cc3ccc(cc3)c4ccccc4)n2,CHEMBL2376842,EC50,6.82
6518079,Clc1ccc(CCc2noc(CN3C=Nc4ncncc4C3=O)n2)cc1,CHEMBL3786810,IC50,6.82
6518090,COCc1cc2[nH]ncc2cc1c3ccccc3C(F)(F)F,CHEMBL3299023,IC50,6.85
6518101,Clc1ccc(CCc2noc(CN3C=Nc4nnccc4C3=O)n2)cc1,CHEMBL3785216,IC50,6.87
6518112,Cn1cnc2N=CN(Cc3onc(CCc4ccc(Cl)cc4)n3)C(=O)c12,CHEMBL3785736,IC50,6.88
6518123,Cc1cc(cc(Cl)c1F)S(=O)(=O)N2[C@H](CO)CC[C@@H]2c3ccc(F)cc3,CHEMBL3754449,IC50,6.89
6518134,FC(F)(F)c1ccccc1c2cc3cn[nH]c3cc2C#N,CHEMBL3299026,IC50,6.89
6518145,C\C(=C/c1onc(CN2C=Nc3ncccc3C2=O)n1)\c4ccc(Cl)cc4,CHEMBL3787359,IC50,6.94
6518156,CCCNc1cc(NC(=O)c2c(F)cccc2F)cc(c1)C(F)(F)F,CHEMBL3311190,IC50,6.96
6518167,Cc1cc(cc(C)c1F)S(=O)(=O)N2CCC[C@@H]2c3ccc(F)cc3,CHEMBL3754351,IC50,6.96
6518178,OC[C@@H]1CC[C@@H](N1S(=O)(=O)c2cc(Cl)c(F)c(Cl)c2)c3ccc(F)cc3,CHEMBL3753452,IC50,6.96
6518189,FC(F)c1cc2[nH]ncc2cc1c3ccccc3C(F)(F)F,CHEMBL3298927,IC50,6.99
6518200,CC(=O)\C=C/1\C(=O)N(CC#C)c2ccccc12,CHEMBL258455,EC50,7.0
6518211,CC1=C2SC(=CN2C(=O)N(Cc3ccccc3)C1=O)C(=O)N4CC[C@H](C4)Oc5ccccc5C(F)(F)F,CHEMBL3220449,IC50,7.0
6518221,CC(C)Nc1cc(NC(=O)c2c(F)cccc2F)cc(c1)C(F)(F)F,CHEMBL3309280,IC50,7.04
6518232,CCNc1cc(NC(=O)c2c(F)cccc2F)cc(c1)C(F)(F)F,CHEMBL3311192,IC50,7.13
6518242,CC\C(=N/O)\C(=C\c1ccc(F)cc1)\C,CHEMBL3697701,IC50,7.13
4834112,C\C(=C/c1noc(CN2C=Nc3ncn(C)c3C2=O)n1)\c4ccc(Cl)cc4,CHEMBL3786508,IC50,7.15
6518254,Cc1cccc2N=CN(CC(=O)NCCc3ccc(Cl)cc3)C(=O)c12,CHEMBL3787125,IC50,7.16
6518265,Cc1cc(cc(C)c1F)S(=O)(=O)N2[C@H](CO)CC[C@@H]2c3ccc(F)cc3,CHEMBL3753909,IC50,7.2
6518276,FC(F)(F)c1ccccc1c2cc3cn[nH]c3cc2C4CC4,CHEMBL3298926,IC50,7.22
6518287,COC(=O)c1ccc2C=Nc3ccccc3Oc2c1,CHEMBL1085943,EC50,7.28
6518298,Cn1ncc2N=CN(Cc3onc(CCc4ccc(Cl)cc4)n3)C(=O)c12,CHEMBL3786037,IC50,7.28
6518309,CCc1cc2[nH]ncc2cc1c3ccccc3C(F)(F)F,CHEMBL3298924,IC50,7.3
6518320,FC(F)Oc1cc2[nH]ncc2cc1c3ccccc3C(F)(F)F,CHEMBL3299025,IC50,7.3
6518331,Fc1cc2[nH]ncc2cc1c3ccccc3C(F)(F)F,CHEMBL3298251,IC50,7.32
6518342,FC(Cc1noc(CN2C=Nc3ncccc3C2=O)n1)c4ccc(Cl)cc4,CHEMBL3785133,IC50,7.39
6518353,CCOC(=O)CBr,CHEMBL1085948,EC50,7.41
6518364,CCOc1cc2[nH]ncc2cc1c3ccccc3C(F)(F)F,CHEMBL3299020,IC50,7.41
5472216,FC(F)(F)Oc1cc2[nH]ncc2cc1c3ccccc3C(F)(F)F,CHEMBL3299024,IC50,7.44
6518377,COCCCOc1cccc(c1)C2NC(=S)NC3=C2C(=O)c4ccccc34,CHEMBL1939972,IC50,7.52
6518388,COCCCOc1cccc(c1)[C@H]2NC(=S)NC3=C2C(=O)c4ccccc34,CHEMBL1939826,IC50,7.59
6518399,COc1cc2[nH]ncc2cc1c3ccccc3C(F)(F)F,CHEMBL3299019,IC50,7.59
4541829,FC(F)(F)c1ccccc1c2cc3cn[nH]c3cc2OCC4CC4,CHEMBL3299022,IC50,7.59
6518412,FC(F)(F)c1ccccc1c2cc3cn[nH]c3cc2Cl,CHEMBL3298922,IC50,7.62
6518423,Cc1cc(cc(C)c1F)S(=O)(=O)N2CC(F)(F)C[C@@H]2c3ccc(F)cc3,CHEMBL3753942,IC50,7.64
6518434,Cc1cc(cc(C)c1F)S(=O)(=O)N2CC[C@@H](F)[C@@H]2c3ccc(F)cc3,CHEMBL3754638,IC50,7.7
4542350,Cc1cc2[nH]ncc2cc1c3ccccc3C(F)(F)F,CHEMBL3298923,IC50,7.7
6518447,Cc1ccnc2N=CN(Cc3onc(CCc4ccc(Cl)cc4)n3)C(=O)c12,CHEMBL3787249,IC50,7.8
6518458,BrC(C#N)c1ccccc1,CHEMBL1085832,EC50,8.0
6518469,CCCCOC(=O)c1cccc2C=Nc3ccccc3Cc12,CHEMBL1084638,EC50,8.07
6518480,C1c2ccccc2C=Nc3ccccc13,CHEMBL1085101,EC50,8.52
6518491,COC(=O)c1ccc2N=Cc3ccccc3Cc2c1,CHEMBL1085103,EC50,9.24
6518502,COC(=O)c1cccc2N=Cc3ccccc3Cc12,CHEMBL1084639,EC50,9.24
6518513,COC(=O)c1cccc2N=Cc3ccccc3Oc12,CHEMBL1084098,EC50,9.93
6518524,NC(=O)c1cccc2N=Cc3ccccc3Oc12,CHEMBL1084097,EC50,9.94
6518535,COC(=O)c1cccc2C=Nc3ccccc3Cc12,CHEMBL1085102,EC50,10.0
6518546,NC(=O)c1cccc2C=Nc3ccccc3Oc12,CHEMBL1084640,EC50,10.12
6518557,COC(=O)c1cccc2C=Nc3ccccc3Oc12,CHEMBL1084637,EC50,10.22
