id,smiles,name,assay_type,activity_value
846204,CC1N(CCc2ncccc12)C(=O)c3nc(Nc4ccc5OCOc5c4)sc3C,CHEMBL2418816,IC50,5.0
846216,CC1CCN(CC1)C(=O)c2csc(Nc3ccccc3Cl)n2,CHEMBL2418821,IC50,5.2
846227,Cc1ccc(Nc2nc(cs2)C(=O)N3CCC(CC3)C4CCCCC4)cc1,CHEMBL2418805,IC50,5.2
846238,COc1ccc(Nc2nc(cs2)C(=O)N3CCC(CC3)c4ccccc4)cc1,CHEMBL2418804,IC50,5.6
846249,CC1CCN(CC1)C(=O)c2csc(Nc3ccc(Cl)cc3F)n2,CHEMBL2418822,IC50,5.8
846260,COc1ccc(Nc2nc(cs2)C(=O)N3CCc4ccccc4C3)cc1,CHEMBL1506485,IC50,5.9
846271,C[C@@H]1CCCN([C@@H]1C)C(=O)c2nc(Nc3ccc(Cl)cc3F)sc2C,CHEMBL2418812,IC50,6.0
846282,CC1CCCCN1C(=O)c2csc(Nc3ccc(C)cc3)n2,CHEMBL2418824,IC50,6.1
846293,CC1CCN(CC1)C(=O)c2csc(Nc3ccc(Cl)cc3)n2,CHEMBL2418819,IC50,6.1
846304,COc1ccc(Nc2nc(cs2)C(=O)N3CCC(C)CC3)cc1,CHEMBL2418820,IC50,6.1
846315,CC1CCN(CC1)C(=O)c2csc(Nc3ccc(C)cc3)n2,CHEMBL2418818,IC50,6.2
846326,O=C(N1CCc2ccccc2C1)c3csc(Nc4ccc5OCOc5c4)n3,CHEMBL2418813,IC50,6.3
846337,CC1CCN(CC1)C(=O)c2csc(Nc3ccc4OCOc4c3)n2,CHEMBL2418823,IC50,6.4
846348,CC1N(CCc2ccccc12)C(=O)c3csc(Nc4ccc5OCOc5c4)n3,CHEMBL2418814,IC50,6.5
846359,CC1N(CCc2ccccc12)C(=O)c3nc(Nc4ccc5OCOc5c4)sc3C,CHEMBL2418815,IC50,6.5
846370,CC1CCCN(C1C)C(=O)c2csc(Nc3ccc(C)cc3)n2,CHEMBL2418806,IC50,6.6
846381,CC1CCCN(C1C)C(=O)c2nc(Nc3ccc(Cl)cc3F)sc2C,CHEMBL2418810,IC50,6.6
846392,CC1CCCN(C1C)C(=O)c2nc(Nc3cc4OCOc4cc3F)sc2C,CHEMBL2418808,IC50,6.8
846403,C[C@H]1CCCN([C@H]1C)C(=O)c2nc(Nc3ccc(Cl)cc3F)sc2C,CHEMBL2418811,IC50,7.0
846414,CC1CCCN(C1C)C(=O)c2csc(Nc3ccc4OCOc4c3)n2,CHEMBL2418807,IC50,7.1
846425,CC1CCCN(C1C)C(=O)c2nc(Nc3cc4OCOc4cc3F)sc2Cl,CHEMBL2418809,IC50,7.5
