id,smiles,name,assay_type,activity_value
5472142,CC(C)[C@@H]1CC[C@@H](C)C[C@H]1O,levomenthol,EC50,4.5999999
5472158,OC(=O)c1ccc(cc1)S(=O)(=O)N(Cc2ccccc2)c3ncccc3Cl,CHEMBL3353578,IC50,5.01
1351790,OC1(COc2ccc(C#N)c(F)c2)CN(C1)S(=O)(=O)c3ccc(Cl)cc3Cl,CHEMBL3218118,IC50,5.02
4542350,Cc1cc2[nH]ncc2cc1c3ccccc3C(F)(F)F,CHEMBL3298923,IC50,5.04
5472172,FC(F)(F)c1ccccc1c2ccc3[nH]ncc3c2,CHEMBL3298242,IC50,5.05
5472183,CC(C)N([C@@H]1CCC[C@H](N)C1)C(=O)c2ccccc2OCc3ccccc3,CHEMBL2442031,IC50,5.06
5472194,OC(=O)c1ccc(cc1)S(=O)(=O)N(Cc2ccccn2)c3ncc(cc3Cl)C(F)(F)F,CHEMBL3352829,IC50,5.08
5472205,CCN(C1CCCC(N)C1)C(=O)c2ccccc2OCc3ccc(cc3)C#N,CHEMBL2442010,IC50,5.17
5472216,FC(F)(F)Oc1cc2[nH]ncc2cc1c3ccccc3C(F)(F)F,CHEMBL3299024,IC50,5.19
5472227,COc1ccc(cc1)C(C)N(Cc2cccc(c2)C(=O)O)C(=O)c3cnc4ccccc4c3,CHEMBL3577901,IC50,5.21
1351706,OC1(COc2ccc(cc2)C#N)CCN(CC1)S(=O)(=O)c3ccc(Cl)cc3Cl,CHEMBL3218114,IC50,5.32
4541829,FC(F)(F)c1ccccc1c2cc3cn[nH]c3cc2OCC4CC4,CHEMBL3299022,IC50,5.36
5472241,OC(=O)c1ccc(cc1)S(=O)(=O)N(CCN2CCOCC2)c3ncc(cc3Cl)C(F)(F)F,CHEMBL3353591,IC50,5.43
5472252,CC(N(Cc1cccc(c1)C(=O)O)C(=O)c2ccc3OCCc3c2)c4ccc(F)cc4,CHEMBL3577884,IC50,5.44
5472263,C[C@@H](N(Cc1ccc(F)c(c1)C(=O)O)C(=O)c2cnc3ccccc3c2)c4ccc(F)cc4,CHEMBL3577891,IC50,5.48
5472274,CN([C@@H]1CCC[C@H](N)C1)C(=O)c2ccccc2OCc3ccccc3,CHEMBL2442036,IC50,5.5
5472288,OC(=O)c1ccc(cc1)S(=O)(=O)N(Cc2ccccc2)c3ccc(cn3)C(F)(F)F,CHEMBL3353586,IC50,5.53
5472299,OC(=O)c1ccc(cc1)S(=O)(=O)N(Cc2ccccc2)c3ncc(cc3C#N)C(F)(F)F,CHEMBL3353585,IC50,5.61
5472310,O=C(Nc1ccccc1)N2CCC3(CC2)CCc4ccccc4O3,CHEMBL2443080,IC50,5.62
5472321,N[C@H]1CCC[C@H](C1)N(C2CC2)C(=O)c3ccccc3OCc4ccccc4,CHEMBL2442034,IC50,5.7
5472332,CCN(C1CCCC(N)C1)C(=O)c2ccccc2OCc3ccccc3C#N,CHEMBL2442012,IC50,5.73
5472343,C[C@@H](N(Cc1cccc(c1)c2nn[nH]n2)C(=O)c3cnc4ccccc4c3)c5ccc(F)cc5,CHEMBL3577895,IC50,5.79
5472354,OC(=O)c1ccc(cc1)S(=O)(=O)N(Cc2ccccc2)c3ncc(Cl)cc3C(F)(F)F,CHEMBL3353587,IC50,5.81
5472365,CCCCN([C@@H]1CCC[C@H](N)C1)C(=O)c2ccccc2OCc3ccccc3,CHEMBL2442032,IC50,5.85
5472376,OC(=O)c1ccc(NC(=O)N2CCc3ccccc3[C@H]2c4ccc(cc4)C(F)(F)F)cc1,CHEMBL3235960,IC50,5.86
5472387,N[C@H]1CCC[C@H](C1)N(C2CCC2)C(=O)c3ccccc3OCc4ccccc4,CHEMBL2442033,IC50,5.87
5472398,Fc1ccc(NC(=O)N2CCc3cnccc3C2c4ccc(cc4)C(F)(F)F)cc1,CHEMBL3235974,IC50,5.9
5472409,CCCN([C@@H]1CCC[C@H](N)C1)C(=O)c2ccccc2OCc3ccccc3,CHEMBL2442037,IC50,5.91
5472420,NCCN(Cc1cccs1)C(=O)c2ccccc2OCc3ccccc3,CHEMBL2442051,IC50,5.91
5472431,C[C@@H](N(Cc1cccc(n1)C(=O)O)C(=O)c2cnc3ccccc3c2)c4ccc(F)cc4,CHEMBL3577890,IC50,5.94
5472441,Cn1ccc2c(ncc(Cl)c12)N(Cc3ccc(OC(F)(F)F)cc3)S(=O)(=O)c4ccc(cc4)C(=O)O,CHEMBL3687382,IC50,6.01
5472451,C[C@@H](N(Cc1cccc(c1)C(=O)O)C(=O)c2cc3cc[nH]c3cn2)c4ccc(F)cc4,CHEMBL3577882,IC50,6.02
5472461,[Na+].Cc1c(ncc2ccn(C)c12)N(Cc3ccc(OC(F)(F)F)cc3)S(=O)(=O)c4ccc(cc4)C(=O)[O-],CHEMBL3687321,IC50,6.06
5472471,C[C@@H](N(Cc1cccc(c1)C(=O)O)C(=O)c2cccc(c2)c3ccccc3)c4ccc(F)cc4,CHEMBL3577880,IC50,6.08
1742677,CC(C)(C)c1ccc(NC(=O)N2CCN(CC2)c3ncccc3Cl)cc1,CHEMBL441472,IC50,6.1
5472484,Fc1ccc(NC(=O)N2CCc3cncnc3C2c4ccc(cc4)C(F)(F)F)cc1,CHEMBL3235977,IC50,6.11
5472495,OC(=O)c1ccc(cc1)S(=O)(=O)N(CCc2ccccc2)c3ncc(cc3Cl)C(F)(F)F,CHEMBL3353588,IC50,6.12
5472506,Cc1cc(cnc1N(Cc2ccccc2)S(=O)(=O)c3ccc(cc3)C(=O)O)C(F)(F)F,CHEMBL3353584,IC50,6.13
5472517,Cc1cnc(N(Cc2ccccc2)S(=O)(=O)c3ccc(cc3)C(=O)O)c(Cl)c1,CHEMBL3353581,IC50,6.15
5472527,Cc1cc2ccc(Cl)cc2nc1N(Cc3ccc(OC(F)(F)F)cc3)S(=O)(=O)c4ccc(cc4)C(=O)O,CHEMBL3682611,IC50,6.16
5472537,FC(F)(F)c1ccc(NC(=O)N2CCC3(CC2)CC(=O)c4cccc(Br)c4O3)cc1,CHEMBL2443069,IC50,6.18
5472548,Fc1ccc2OC3(CCN(CC3)C(=O)Nc4ccc(cc4)C(F)(F)F)CCc2c1,CHEMBL2443082,IC50,6.18
5472558,Cc1c(ncc2ccccc12)N(Cc3ccc4cn[nH]c4c3)S(=O)(=O)c5ccc(cc5)C(=O)O,CHEMBL3687350,IC50,6.22
5472568,N[C@H]1CCC[C@H](C1)N(CC2CC2)C(=O)c3ccccc3OCc4ccccc4,CHEMBL2442030,IC50,6.23
5472578,[Na+].Cc1c(ncc2ccccc12)N(Cc3ncc(CC4CC4)cn3)S(=O)(=O)c5ccc(cc5)C(=O)[O-],CHEMBL3687336,IC50,6.25
5472588,Clc1cccc2CCC3(CCN(CC3)C(=O)Nc4ccc(cc4)C#N)Oc12,CHEMBL2443087,IC50,6.27
5472598,Cc1c(ncc2ccccc12)N(Cc3ccc4[nH]cc(Cl)c4c3)S(=O)(=O)c5ccc(cc5)C(=O)O,CHEMBL3687407,IC50,6.28
5472608,CCN(C1CCCC(N)C1)C(=O)c2ccccc2OCc3cccc(c3)C#N,CHEMBL2442011,IC50,6.31
5472619,Fc1ccc(NC(=O)N2CCc3ccncc3C2c4ccc(cc4)C(F)(F)F)cc1,CHEMBL3235975,IC50,6.33
5472630,Fc1cc(Cl)c2OC3(CCN(CC3)C(=O)Nc4ccc(cc4)C(F)(F)F)CCc2c1,CHEMBL2443064,IC50,6.34
5472641,C[C@@H](N(Cc1cc(ccc1F)C(=O)O)C(=O)c2cnc3ccccc3c2)c4ccc(F)cc4,CHEMBL3577893,IC50,6.35
5472652,CCN([C@H]1CCC[C@@H](N)C1)C(=O)c2ccccc2OCc3ccccc3F,CHEMBL2442018,IC50,6.36
5472663,FC(F)(F)c1ccc(cc1)[C@H]2N(CCc3ccccc23)C(=O)Nc4ccccc4C#N,CHEMBL3235961,IC50,6.37
5472674,OC(=O)c1cccc(c1)S(=O)(=O)N(Cc2ccccc2)c3ncc(cc3Cl)C(F)(F)F,CHEMBL3353571,IC50,6.39
5472685,FC(F)(F)c1ccc(cc1)[C@H]2N(CCc3ccccc23)C(=O)Nc4ccncc4,CHEMBL3235966,IC50,6.4
5472696,Fc1ccc(NC(=O)N2CCc3ncccc3[C@H]2c4ccc(cc4)C(F)(F)F)cc1,CHEMBL3235973,IC50,6.41
5472707,C[C@@H](N(Cc1cccc(c1)C(=O)O)C(=O)c2cc3ccccc3nn2)c4ccc(F)cc4,CHEMBL3577886,IC50,6.47
5472717,[Na+].Cc1c(ncc2ncccc12)N(Cc3ccc(OC(F)(F)F)cc3)S(=O)(=O)c4ccc(cc4)C(=O)[O-],CHEMBL3687329,IC50,6.47
5472727,CC[C@@H](N(Cc1cccc(c1)C(=O)O)C(=O)c2cnc3ccccc3c2)c4oc(C)cc4,CHEMBL3577903,IC50,6.48
5472738,Fc1ccc(NC(=O)N2CC(F)(F)c3ccccc3C2c4ccc(cc4)C(F)(F)F)cc1,CHEMBL3235972,IC50,6.49
5472749,C[C@@H](N(Cc1cccc(c1)C(=O)O)C(=O)c2cn3ccccc3n2)c4ccc(F)cc4,CHEMBL3576881,IC50,6.51
887477,Oc1ccccc1N2CC=C(NC2=O)c3cccc(c3)[N+](=O)[O-],CHEMBL258405,EC50,6.52
5472761,[Na+].Cc1c(ncc2ccncc12)N(Cc3ccc(OC(F)(F)F)cc3)S(=O)(=O)c4ccc(cc4)C(=O)[O-],CHEMBL3687330,IC50,6.52
5472771,Fc1cccc2C(=O)CC3(CCN(CC3)C(=O)Nc4ccc(cc4)C(F)(F)F)Oc12,CHEMBL2443067,IC50,6.53
5472782,CCN([C@H]1CCC[C@@H](N)C1)C(=O)c2ccccc2OCc3ccccc3C,CHEMBL2442020,IC50,6.54
5472793,C[C@@H](N(Cc1cccc(c1)C(=O)O)C(=O)c2cnc3ccccc3c2)c4ccc(F)cc4F,CHEMBL3577898,IC50,6.54
5472804,Cc1ccc(NC(=O)N2CCC3(CC2)CCc4cccc(Cl)c4O3)cc1,CHEMBL2443088,IC50,6.54
5472814,OC(=O)c1ccc(cc1)S(=O)(=O)N(Cc2ccc(OC(F)(F)F)cc2)c3cc4c(Cl)cccc4c(Br)n3,CHEMBL3687322,IC50,6.54
5472824,FC(F)(F)c1ccc(NC(=O)N2CCC3(CC2)CCc4ccccc4O3)cc1,CHEMBL2443081,IC50,6.55
5472835,FC(F)(F)c1csc(NC(=O)N2CCC3(CC2)CCc4cccc(Cl)c4O3)n1,CHEMBL2443065,IC50,6.58
5472846,CCN([C@H]1CCC[C@@H](N)C1)C(=O)c2ccccc2OCc3ccc(Cl)cc3,CHEMBL2442014,IC50,6.6
5472856,OC(=O)c1ccc(cc1)S(=O)(=O)N(Cc2ccc(OC(F)(F)F)cc2)c3cc4c(cccc4cn3)C5CC5,CHEMBL3687388,IC50,6.62
5472866,C[C@@H](N(Cc1cccc(c1)C(=O)O)C(=O)c2cc3ccccn3n2)c4ccc(F)cc4F,CHEMBL3577906,IC50,6.63
5472877,FC(F)(F)c1ccc(NC(=O)N2CCC3(CC2)CC(=O)c4cccc(Cl)c4O3)cc1,CHEMBL2443068,IC50,6.64
5472888,OC(=O)c1ccc(cc1)S(=O)(=O)N(Cc2ccccc2)c3ncc(cc3F)C(F)(F)F,CHEMBL3353583,IC50,6.67
5472899,OCCNC(=O)c1ccc(cc1)S(=O)(=O)N(Cc2ccccc2)c3ncc(cc3Cl)C(F)(F)F,CHEMBL3353577,IC50,6.67
5472910,CC[C@@H](N(Cc1cccc(c1)C(=O)O)C(=O)c2cnc3ccccc3c2)c4ccc(F)cc4,CHEMBL3577900,IC50,6.7
5472921,Fc1ccc(NC(=O)N2CCc3nccnc3[C@H]2c4ccc(cc4)C(F)(F)F)cc1,CHEMBL3235978,IC50,6.7
5472932,OC(=O)c1ccc(cc1)S(=O)(=O)N(Cc2ccccc2)c3ncc(Cl)cc3Cl,CHEMBL3353579,IC50,6.7
5472942,Cc1c(ncc2ccccc12)N(Cc3oc4ccccc4n3)S(=O)(=O)c5ccc(cc5)C(=O)O,CHEMBL3682604,IC50,6.71
5472952,C[C@@H](N(Cc1cccc(n1)C(=O)O)C(=O)c2cc3ccccc3cn2)c4ccc(F)cc4F,CHEMBL3577907,IC50,6.72
5472963,C[C@@H](N(Cc1cccc(c1)C(=O)O)C(=O)c2cnc3ccccc3c2)c4ccc(F)cc4,CHEMBL3577885,IC50,6.74
5472974,FC(F)(F)c1cnc(N(Cc2ccccc2)S(=O)(=O)c3ccccc3)c(Cl)c1,CHEMBL3353569,IC50,6.74
5472985,Fc1cccc2C(=O)CC3(CCN(CC3)C(=O)Nc4ccc(OC(F)(F)F)cc4)Oc12,CHEMBL2440148,IC50,6.74
5472996,FC(F)(F)c1ccc(NC(=O)N2CCC3(CC2)CCc4cccc(Cl)c4O3)c(Cl)c1,CHEMBL2443089,IC50,6.75
5473007,FC(F)(F)c1ccc(cc1)[C@H]2N(CCc3ccccc23)C(=O)Nc4ccccn4,CHEMBL3235964,IC50,6.77
5473017,[Na+].Cc1c(ncc2ccccc12)N(Cc3cnc4ccccc4c3)S(=O)(=O)c5ccc(cc5)C(=O)[O-],CHEMBL3687335,IC50,6.78
5473026,Cc1nc2cc(CN(c3ncc4ccccc4c3C)S(=O)(=O)c5ccc(cc5)C(=O)O)ccc2s1,CHEMBL3687359,IC50,6.81
5473036,FC(F)(F)C(NC(=O)N1CCc2ccccc2[C@H]1c3ccc(cc3)C(F)(F)F)c4ccccc4,CHEMBL3235971,IC50,6.81
5473047,FC(F)(F)c1ccc(cc1)[C@H]2N(CCc3ccccc23)C(=O)Nc4ccc(cc4)C#N,CHEMBL3235963,IC50,6.81
5473057,Cc1nc2ccc(CN(c3ncc4ccccc4c3C)S(=O)(=O)c5ccc(cc5)C(=O)O)cc2s1,CHEMBL3687361,IC50,6.83
5473067,C[C@@H](N(Cc1cccc(c1)C(=O)O)C(=O)c2cc3ccccc3s2)c4ccc(F)cc4,CHEMBL3577883,IC50,6.84
5473077,Cc1ccc2cnc(N(Cc3ccc(OC(F)(F)F)cc3)S(=O)(=O)c4ccc(cc4)C(=O)O)c(C)c2c1,CHEMBL3682612,IC50,6.87
5473086,OC(=O)c1ccc(cc1)S(=O)(=O)N(Cc2ccc(OC(F)(F)F)cc2)c3cc4ccccc4c(Br)n3,CHEMBL3682620,IC50,6.88
5473095,[Na+].Cc1c(ncc2ccccc12)N(Cc3cc4cc(Cl)ccc4n3C5CC5)S(=O)(=O)c6ccc(cc6)C(=O)[O-],CHEMBL3687340,IC50,6.88
5473104,OC(=O)c1ccc(cc1)S(=O)(=O)N(C2CCc3cc(OC(F)(F)F)ccc23)c4ncc5ccccc5c4C6CC6,CHEMBL3687358,IC50,6.89
5473114,CC[C@@H](N(Cc1cccc(c1)C(=O)O)C(=O)c2cc3ccccn3n2)c4ccc(F)cc4F,CHEMBL3577905,IC50,6.91
5473125,OC(=O)c1ccc(cc1)S(=O)(=O)N(Cc2ccccc2)c3ncc(cc3Cl)c4ccccc4,CHEMBL3353582,IC50,6.91
5473135,Cc1c(nc(c2cccnc2)c3ccccc13)N(Cc4ccc(OC(F)(F)F)cc4)S(=O)(=O)c5ccc(cc5)C(=O)O,CHEMBL3687384,IC50,6.94
5473144,OC(=O)c1ccc(cc1)S(=O)(=O)N(Cc2ccc(OC(F)(F)F)cc2)c3cc4c(Cl)cccc4cn3,CHEMBL3682588,IC50,6.94
5473288,Fc1ccc2nc(NC(=O)N3CCC4(CC3)CCc5cccc(Cl)c5O4)sc2c1,CHEMBL2443066,IC50,6.95
5473298,Cc1ccc2c(C)c(ncc2c1)N(Cc3ccc(OC(F)(F)F)cc3)S(=O)(=O)c4ccc(cc4)C(=O)O,CHEMBL3682608,IC50,6.96
5473308,FC(F)(F)Oc1ccc(NC(=O)N2CCC3(CC2)CC(=O)c4cccc(Cl)c4O3)cc1,CHEMBL2443070,IC50,6.96
5473319,FC(F)(F)Oc1ccc(NC(=O)N2CCC3(CC2)CC(=O)c4cccc(Br)c4O3)cc1,CHEMBL2443071,IC50,6.97
5473330,OC(=O)c1ccc(cc1)S(=O)(=O)N(CC2CCCCC2)c3ncc(cc3Cl)C(F)(F)F,CHEMBL3353590,IC50,6.98
5473340,[Na+].CCn1c(CN(c2ncc3ccccc3c2C)S(=O)(=O)c4ccc(cc4)C(=O)[O-])cc5cc(Cl)ccc15,CHEMBL3687333,IC50,6.98
5473349,CNC(=O)c1ccc(cc1)S(=O)(=O)N(Cc2ccc(OC(F)(F)F)cc2)c3ncc4ccccc4c3C,CHEMBL3687409,IC50,6.99
5473358,CC(O)c1nc(N(Cc2ccc(OC(F)(F)F)cc2)S(=O)(=O)c3ccc(cc3)C(=O)O)c(C)c4ccccc14,CHEMBL3682595,IC50,7.01
5473368,CCN(C1CCCC(N)C1)C(=O)c2ccccc2OCc3cccc(Cl)c3,CHEMBL2442015,IC50,7.01
5473379,Fc1cccc2CCC3(CCN(CC3)C(=O)Nc4ccc(cc4)C(F)(F)F)Oc12,CHEMBL2443083,IC50,7.01
5473389,CC(=O)c1ccc(cc1)S(=O)(=O)N(Cc2ccc(OC(F)(F)F)cc2)c3ncc4ccccc4c3C,CHEMBL3687326,IC50,7.02
5473398,Cc1c(ncc2ccccc12)N(Cc3ccc(nc3)c4ccccc4)S(=O)(=O)c5ccc(cc5)C(=O)O,CHEMBL3682573,IC50,7.02
5473408,OC(=O)c1ccc(cc1)S(=O)(=O)N(Cc2ccccc2OC(F)(F)F)c3ncc(cc3Cl)C(F)(F)F,CHEMBL3353595,IC50,7.02
5473419,C[C@@H](N(Cc1cccc(c1)C(=O)O)C(=O)c2cc3ccccn3n2)c4ccc(F)cc4,CHEMBL3577881,IC50,7.03
5473429,OC(=O)c1ccc(cc1)S(=O)(=O)N(Cc2ccc(OC(F)(F)F)cc2)c3ncc(Cl)c4ccccc34,CHEMBL3682607,IC50,7.03
4546395,O[C@H]1CC2(CCN(CC2)C(=O)Nc3ccc(OC(F)(F)F)cc3)Oc4c(F)cccc14,CHEMBL2443078,IC50,7.03
5473440,[Na+].Cc1c(ncc2ccccc12)N(Cc3ccccc3)S(=O)(=O)c4ccc(cc4)C(=O)[O-],CHEMBL3682548,IC50,7.03
5473449,Cc1c(ncc2ccccc12)N(Cc3ccc4ccn(C)c4c3)S(=O)(=O)c5ccc(cc5)C(=O)O,CHEMBL3682597,IC50,7.04
5473458,Cc1cc2cc(F)ccc2nc1N(Cc3ccc(OC(F)(F)F)cc3)S(=O)(=O)c4ccc(cc4)C(=O)O,CHEMBL3687319,IC50,7.04
5473467,[Na+].Cc1c(nc(c2ccccc2)c3ccccc13)N(Cc4ccc(OC(F)(F)F)cc4)S(=O)(=O)c5ccc(cc5)C(=O)[O-],CHEMBL3682583,IC50,7.04
5473476,[Na+].Cc1c(ncc2ccccc12)N(Cc3ccc(OCC4CCCC4)cc3)S(=O)(=O)c5ccc(cc5)C(=O)[O-],CHEMBL3682561,IC50,7.04
5473486,C[C@@H](N(Cc1cccc(c1)C(=O)O)C(=O)c2cc3ccccc3cn2)c4ccc(F)cc4,CHEMBL3577889,IC50,7.05
5473497,OC1CC2(CCN(CC2)C(=O)Nc3ccc(cc3)C(F)(F)F)Oc4c(F)cccc14,CHEMBL2443072,IC50,7.05
5473508,CCN([C@H]1CCC[C@@H](N)C1)C(=O)c2ccccc2OCc3ccccc3Cl,CHEMBL2442016,IC50,7.07
5473519,FC(F)(F)c1ccc(cc1)[C@H]2N(CCc3ccccc23)C(=O)Nc4cccc(c4)C#N,CHEMBL3235962,IC50,7.08
5473529,[Na+].Cc1c(ncc2ccccc12)N(Cc3cc4ccccc4n3C5CC5)S(=O)(=O)c6ccc(cc6)C(=O)[O-],CHEMBL3687339,IC50,7.08
5473538,[Na+].Cc1c(Cl)c2ccccc2nc1N(Cc3ccc(OC(F)(F)F)cc3)S(=O)(=O)c4ccc(cc4)C(=O)[O-],CHEMBL3682617,IC50,7.09
5473547,Cc1c(ncc2ccccc12)N(CC3CCN(CC3)c4ccccc4)S(=O)(=O)c5ccc(cc5)C(=O)O,CHEMBL3682579,IC50,7.1
5473557,FC(F)(F)c1ccc(cc1)[C@H]2N(CCc3cccnc23)C(=O)Nc4ccc(cc4)C#N,CHEMBL3235980,IC50,7.1
5473567,Cc1c(ncc2ccccc12)N(Cc3ccc4c(CCC4(O)C(F)(F)F)c3)S(=O)(=O)c5ccc(cc5)C(=O)O,CHEMBL3687345,IC50,7.11
5473577,CCN([C@@H]1CCC[C@H](N)C1)C(=O)c2ccccc2OCc3ccccc3,CHEMBL2442022,IC50,7.12
5473587,OC(=O)c1ccc(cc1)S(=O)(=O)N(Cc2ccc(OC(F)(F)F)cc2)c3ncc(Cl)c4sccc34,CHEMBL3687383,IC50,7.13
5473596,[Na+].CCn1c(CN(c2ncc3ccccc3c2C)S(=O)(=O)c4ccc(cc4)C(=O)[O-])cc5ccc(Cl)cc15,CHEMBL3687334,IC50,7.15
5473605,Cc1cc2ccc(F)cc2nc1N(Cc3ccc(OC(F)(F)F)cc3)S(=O)(=O)c4ccc(cc4)C(=O)O,CHEMBL3687320,IC50,7.16
5473615,NC(=O)c1ccc(cc1)S(=O)(=O)N(Cc2ccccc2)c3ncc(cc3Cl)C(F)(F)F,CHEMBL3353574,IC50,7.16
5473626,CN(C)C(=O)c1ccc(cc1)S(=O)(=O)N(Cc2ccccc2)c3ncc(cc3Cl)C(F)(F)F,CHEMBL3353576,IC50,7.17
5473636,Cc1c(ncc2ccccc12)N(Cc3ccc(cn3)c4ccccc4)S(=O)(=O)c5ccc(cc5)C(=O)O,CHEMBL3682572,IC50,7.17
5473646,OC(=O)c1ccc(cc1)S(=O)(=O)N(Cc2ccc(cc2)C3(CC3)C#N)c4ncc(cc4Cl)C(F)(F)F,CHEMBL3353603,IC50,7.17
5473656,OC(=O)c1ccc(cc1)S(=O)(=O)N(Cc2ccc(OC(F)(F)F)cc2)c3cc4ccccc4c(n3)C5CC5,CHEMBL3687387,IC50,7.18
5473666,OC1CC2(CCN(CC2)C(=O)Nc3ccc(cc3)C(F)(F)F)Oc4c(Cl)cccc14,CHEMBL2443073,IC50,7.18
5473676,Cc1c(ncc2ccccc12)N(Cc3cccc4ccccc34)S(=O)(=O)c5ccc(cc5)C(=O)O,CHEMBL3682554,IC50,7.19
5473686,C[C@@H](N(Cc1cccc(c1)C(=O)O)C(=O)c2cnc3ccccc3c2)c4cccc(Cl)c4,CHEMBL3577902,IC50,7.21
5473696,Cc1c(ncc2ccccc12)N(Cc3ccc(OC(F)(F)F)cc3)S(=O)(=O)c4ccc(cc4)C(C)(C)O,CHEMBL3682602,IC50,7.21
5473706,C[C@@H](N(Cc1cccc(c1)C(=O)O)C(=O)c2cc3ccccc3cn2)c4ccc(F)cc4F,CHEMBL3577904,IC50,7.22
5473717,OC(=O)c1ccc(cc1)S(=O)(=O)N(Cc2ccccc2)c3ncc(cc3Cl)C(F)(F)F,CHEMBL3353572,IC50,7.22
4545634,O[C@H]1CC2(CCN(CC2)C(=O)Nc3ccc(OC(F)(F)F)cc3)Oc4c(Br)cccc14,CHEMBL2443062,IC50,7.22
5473730,CNC(=O)c1ccc(cc1)S(=O)(=O)N(Cc2ccccc2)c3ncc(cc3Cl)C(F)(F)F,CHEMBL3353575,IC50,7.24
5473740,Cc1c(ncc2ccccc12)N(Cc3ccc4CC(C)(C)Oc4c3)S(=O)(=O)c5ccc(cc5)C(=O)O,CHEMBL3682576,IC50,7.24
5473749,Cc1c(ncc2ccccc12)N(Cc3ccc4c(Cl)cn(C)c4c3)S(=O)(=O)c5ccc(cc5)C(=O)O,CHEMBL3682599,IC50,7.24
5473759,OC(=O)c1ccc(cc1)S(=O)(=O)N(Cc2cccc(OC(F)(F)F)c2)c3ncc(cc3Cl)C(F)(F)F,CHEMBL3353596,IC50,7.24
5473769,Cc1c(ncc2ccccc12)N(Cc3ccc(c(F)c3)C(C)(O)C(F)(F)F)S(=O)(=O)c4ccc(cc4)C(=O)O,CHEMBL3687341,IC50,7.26
5473778,CCc1cc2ccccc2nc1N(Cc3ccc(OC(F)(F)F)cc3)S(=O)(=O)c4ccc(cc4)C(=O)O,CHEMBL3682621,IC50,7.27
5473787,Cc1c(ncc2ccccc12)N(Cc3ccc4cc[nH]c4c3)S(=O)(=O)c5ccc(cc5)C(=O)O,CHEMBL3682596,IC50,7.27
5473797,C[C@@H](NC(=O)N1CCc2ccccc2[C@H]1c3ccc(cc3)C(F)(F)F)C(F)(F)F,CHEMBL3235970,IC50,7.28
5473808,C[C@H](NC(=O)N1CCc2ccccc2[C@H]1c3ccc(nc3)C(F)(F)F)C(F)(F)F,CHEMBL3235982,IC50,7.28
5473818,[Na+].Cc1c(ncc2ccccc12)N(Cc3cc4ccccc4cn3)S(=O)(=O)c5ccc(cc5)C(=O)[O-],CHEMBL3682603,IC50,7.28
5473828,FC(F)(F)c1ccc(NC(=O)N2CCC3(CC2)CCc4cccc(Cl)c4O3)cc1,CHEMBL2443084,IC50,7.31
5473839,OC(=O)c1ccc(cc1)S(=O)(=O)N(CCCc2ccccc2)c3ncc(cc3Cl)C(F)(F)F,CHEMBL3353589,IC50,7.31
5473849,CC(C)c1nc(N(Cc2ccc(OC(F)(F)F)cc2)S(=O)(=O)c3ccc(cc3)C(=O)O)c(C(C)C)c4ccccc14,CHEMBL3687324,IC50,7.32
5473859,Fc1ccccc1NC(=O)N2CCc3ccccc3[C@H]2c4ccc(cc4)C(F)(F)F,CHEMBL3235959,IC50,7.32
4546753,O[C@H]1CC2(CCN(CC2)C(=O)Nc3ccc(OC(F)(F)F)cc3)Oc4c(Cl)cccc14,CHEMBL2443060,IC50,7.33
5473872,CCn1ncc2cc(CN(c3ncc(cc3Cl)C(F)(F)F)S(=O)(=O)c4ccc(cc4)C(=O)O)ccc12,CHEMBL3353605,IC50,7.34
5473883,OC1CC2(CCN(CC2)C(=O)Nc3ccc(cc3)C(F)(F)F)Oc4c(Br)cccc14,CHEMBL2443074,IC50,7.35
5473894,CC(C)NC(=O)N1CCc2ccccc2[C@H]1c3ccc(cc3)C(F)(F)F,CHEMBL3235968,IC50,7.36
5473904,COc1nc(N(Cc2ccc(OC(F)(F)F)cc2)S(=O)(=O)c3ccc(cc3)C(=O)O)c(C)c4cccc(C)c14,CHEMBL3687400,IC50,7.36
5473913,Cc1c(ncc2cccc(Cl)c12)N(Cc3ccc(OC(F)(F)F)cc3)S(=O)(=O)c4ccc(cc4)C(=O)O,CHEMBL3687401,IC50,7.36
5473922,[Na+].Cc1c(ncc2ccccc12)N(Cc3cc4cc(Cl)ccc4n3C)S(=O)(=O)c5ccc(cc5)C(=O)[O-],CHEMBL3682574,IC50,7.36
5473931,[Na+].Cc1c(ncc2ccccc12)N(Cc3ccc(F)c(n3)C(F)(F)F)S(=O)(=O)c4ccc(cc4)C(=O)[O-],CHEMBL3682544,IC50,7.37
5473941,OCc1ccc(cc1)S(=O)(=O)N(Cc2ccccc2)c3ncc(cc3Cl)C(F)(F)F,CHEMBL3353573,IC50,7.38
5473952,FC(F)(F)Oc1ccc(NC(=O)N2CCC3(CC2)CCc4cccc(Cl)c4O3)cc1,CHEMBL2443086,IC50,7.39
5473963,OC(=O)c1ccc(cc1)S(=O)(=O)N(Cc2cccc(c2)C(F)(F)F)c3ncc(cc3Cl)C(F)(F)F,CHEMBL3353593,IC50,7.39
5473974,COc1ccc(NC(=O)[C@@H]2C[C@H](C)CC[C@H]2C(C)C)cc1,CHEMBL2441929,EC50,7.4
5473984,Cc1c(ncc2ccccc12)N(Cc3ccc(cc3)C(O)(C(F)(F)F)C(F)(F)F)S(=O)(=O)c4ccc(cc4)C(=O)O,CHEMBL3682605,IC50,7.4
5473994,OC(=O)c1ccc(cc1)S(=O)(=O)N(Cc2ccc(F)cc2)c3ncc(cc3Cl)C(F)(F)F,CHEMBL3353598,IC50,7.4
5474004,Cc1c(ncc2ccccc12)N(Cc3ccc(cn3)C(F)(F)F)S(=O)(=O)c4ccc(cc4)C(=O)O,CHEMBL3682571,IC50,7.42
5474013,[Na+].CCn1c(CN(c2ncc3ccccc3c2C)S(=O)(=O)c4ccc(cc4)C(=O)[O-])cc5ccccc15,CHEMBL3687332,IC50,7.42
5474023,CC(C)(C)NC(=O)N1CCc2ccccc2[C@H]1c3ccc(cc3)C(F)(F)F,CHEMBL3235967,IC50,7.43
5474033,[Na+].Cc1c(ncc2ccccc12)N(Cc3ccc(OCC4CCC4)cc3)S(=O)(=O)c5ccc(cc5)C(=O)[O-],CHEMBL3682560,IC50,7.43
5474043,Fc1ccc(NC(=O)N2CCc3ccccc3[C@H]2c4ccc(cc4)C(F)(F)F)cc1,CHEMBL2032210,IC50,7.44
5474053,Cc1c(ncc2ccccc12)N(Cc3ccc(OC4CC4)cc3)S(=O)(=O)c5ccc(cc5)C(=O)O,CHEMBL3682562,IC50,7.46
5474062,Cc1c(ncc2ccccc12)N(Cc3ccc(cc3)C(C)(O)C(F)(F)C(F)(F)F)S(=O)(=O)c4ccc(cc4)C(=O)O,CHEMBL3687346,IC50,7.46
5474071,[Na+].Cc1c(ncc2ccccc12)N(Cc3cc4ccccc4n3C)S(=O)(=O)c5ccc(cc5)C(=O)[O-],CHEMBL3687331,IC50,7.5
5474080,Cc1c(ncc2ccccc12)N(Cc3cccc(c3)C(F)(F)C4CC4)S(=O)(=O)c5ccc(cc5)C(=O)O,CHEMBL3687376,IC50,7.51
5474089,Cc1cccc2c(C)c(ncc12)N(Cc3ccc(OC(F)(F)F)cc3)S(=O)(=O)c4ccc(cc4)C(=O)O,CHEMBL3682613,IC50,7.51
5474099,CCN([C@@H]1CCC[C@H](N)C1)C(=O)c2ccccc2OCc3ccccc3Cl,CHEMBL2442017,IC50,7.52
5474109,Cc1c(ncc2ccccc12)N(Cc3ccc(cc3)C(O)(C4CC4)C(F)(F)F)S(=O)(=O)c5ccc(cc5)C(=O)O,CHEMBL3687349,IC50,7.52
5474118,[Na+].Cc1c(ncc2ccccc12)N(Cc3ccc(OCC4CC4)cc3)S(=O)(=O)c5ccc(cc5)C(=O)[O-],CHEMBL3682559,IC50,7.52
5474127,Cc1c(nc(N2CCCC2)c3ccccc13)N(Cc4ccc(OC(F)(F)F)cc4)S(=O)(=O)c5ccc(cc5)C(=O)O,CHEMBL3682586,IC50,7.54
5474137,FC(F)(F)c1ccc(cc1)[C@H]2N(CCc3ccccc23)C(=O)Nc4cccnc4,CHEMBL3235965,IC50,7.55
5474148,OC(=O)c1ccc(cc1)S(=O)(=O)N(Cc2ccccc2C(F)(F)F)c3ncc(cc3Cl)C(F)(F)F,CHEMBL3353592,IC50,7.57
5474158,Cc1c(ncc2ccccc12)N(Cc3ccc(cc3)c4ccc(F)cc4)S(=O)(=O)c5ccc(cc5)C(=O)O,CHEMBL3682542,IC50,7.59
5474167,Cc1c(ncc2ccccc12)N(Cc3ccc(cc3)c4ccccc4)S(=O)(=O)c5ccc(cc5)C(=O)O,CHEMBL3682551,IC50,7.59
5474176,[Na+].Cc1c(ncc2ccccc12)N(Cc3ccc(OCC4CC4)c(F)c3)S(=O)(=O)c5ccc(cc5)C(=O)[O-],CHEMBL3682564,IC50,7.59
5474185,CC(O)c1c(ncc2ccccc12)N(Cc3ccc(OC(F)(F)F)cc3)S(=O)(=O)c4ccc(cc4)C(=O)O,CHEMBL3682594,IC50,7.6
5474195,C[C@H](NC(=O)N1CCc2cccnc2[C@H]1c3ccc(cc3)C(F)(F)F)C(F)(F)F,CHEMBL3235981,IC50,7.6
5474206,FC(F)(F)c1ccc(cc1)[C@H]2N(CCc3cccnc23)C(=O)Nc4cccnc4,CHEMBL3235979,IC50,7.62
5474216,OC(=O)c1ccc(cc1)S(=O)(=O)N(Cc2ccc(OC(F)(F)F)cc2)c3cc4ccccc4cn3,CHEMBL3639861,IC50,7.64
5474226,OC1CC2(CCN(CC2)C(=O)Nc3ccc(OC(F)(F)F)cc3)Oc4c(F)cccc14,CHEMBL2443075,IC50,7.65
5474236,[Na+].Cn1ccc2c(Cl)cnc(N(Cc3ccc(OC(F)(F)F)cc3)S(=O)(=O)c4ccc(cc4)C(=O)[O-])c12,CHEMBL3682541,IC50,7.66
5474245,CC(C)Oc1nc(N(Cc2ccc(OC(F)(F)F)cc2)S(=O)(=O)c3ccc(cc3)C(=O)O)c(C)c4ccccc14,CHEMBL3682587,IC50,7.68
5474255,CCN([C@@H]1CCC[C@H](N)C1)C(=O)c2ccccc2OCc3ccccc3F,CHEMBL2442019,IC50,7.68
5474265,COCc1nc(N(Cc2ccc(OC(F)(F)F)cc2)S(=O)(=O)c3ccc(cc3)C(=O)O)c(C)c4ccccc14,CHEMBL3687389,IC50,7.68
5474274,Cc1c(nc(c2ccccc12)C(F)(F)F)N(Cc3ccc(OC(F)(F)F)cc3)S(=O)(=O)c4ccc(cc4)C(=O)O,CHEMBL3682591,IC50,7.68
5474283,Cc1c(ncc2ccccc12)N(Cc3ccc(OC(F)(F)F)cc3)S(=O)(=O)c4ccc(cc4)C(=O)N,CHEMBL3682600,IC50,7.68
5474292,Cc1c(ncc2ccccc12)N(Cc3ccc4c(Cl)n[nH]c4c3)S(=O)(=O)c5ccc(cc5)C(=O)O,CHEMBL3687348,IC50,7.68
5474301,Cc1cc2ccccc2nc1N(Cc3cccc(c3)C(F)(F)C4CC4)S(=O)(=O)c5ccc(cc5)C(=O)O,CHEMBL3687377,IC50,7.68
5474310,[Na+].Cc1c(ncc2ccccc12)N(Cc3cc4c(Cl)cccc4n3C)S(=O)(=O)c5ccc(cc5)C(=O)[O-],CHEMBL3687337,IC50,7.68
5474319,[Na+].Cc1c(ncc2ccccc12)N(Cc3ccc(OCC4CC4)c(Cl)c3)S(=O)(=O)c5ccc(cc5)C(=O)[O-],CHEMBL3682565,IC50,7.7
5474329,CCN([C@@H]1CCC[C@H](N)C1)C(=O)c2ccccc2OCc3ccc(Cl)cc3,CHEMBL2442013,IC50,7.71
5474340,OC1CC2(CCN(CC2)C(=O)Nc3ccc(OC(F)(F)F)cc3)Oc4c(Br)cccc14,CHEMBL2443077,IC50,7.71
5474351,FC(F)(F)c1ccc(NC(=O)N2CCC3(CC2)CCc4cccc(Br)c4O3)cc1,CHEMBL2443085,IC50,7.72
5474361,CCONC(=O)c1ccc(cc1)S(=O)(=O)N(Cc2ccc(OC(F)(F)F)cc2)c3ncc4ccccc4c3C,CHEMBL3687411,IC50,7.75
5474370,Cc1c(ncc2ccccc12)N(Cc3ccc4OC(C)(C)Cc4c3)S(=O)(=O)c5ccc(cc5)C(=O)O,CHEMBL3682575,IC50,7.75
5474380,OC(=O)c1ccc(cc1)S(=O)(=O)N(Cc2ccc3ccoc3c2)c4ncc(cc4Cl)C(F)(F)F,CHEMBL3353607,IC50,7.75
5474390,Cc1c(ncc2ccccc12)N(Cc3ccc(OC4CCCC4)cc3)S(=O)(=O)c5ccc(cc5)C(=O)O,CHEMBL3682563,IC50,7.77
5474399,[Na+].Cc1cc2ccccc2nc1N(Cc3cccc(OC(F)(F)F)c3)S(=O)(=O)c4ccc(cc4)C(=O)[O-],CHEMBL3682619,IC50,7.77
5474409,O[C@@H]1CC2(CCN(CC2)C(=O)Nc3ccc(OC(F)(F)F)cc3)Oc4c(Br)cccc14,CHEMBL2443063,IC50,7.78
5474419,Cc1c(ncc2ccccc12)N(Cc3ccc(Oc4ccccc4)cc3)S(=O)(=O)c5ccc(cc5)C(=O)O,CHEMBL3682552,IC50,7.8
5474429,OC(=O)c1ccc(cc1)S(=O)(=O)N(Cc2ccc(F)c(c2)C(F)(F)F)c3ncc(Cl)cc3Cl,CHEMBL3353608,IC50,7.8
5474439,[Na+].Cc1cccc2cc(C)c(nc12)N(Cc3ccc(OC(F)(F)F)cc3)S(=O)(=O)c4ccc(cc4)C(=O)[O-],CHEMBL3682618,IC50,7.8
5474449,CCN([C@@H]1CCC[C@H](N)C1)C(=O)c2ccccc2OCc3ccccc3C,CHEMBL2442021,IC50,7.82
5474459,Cc1c(nc(Br)c2ccccc12)N(Cc3ccc(OC(F)(F)F)cc3)S(=O)(=O)c4ccc(cc4)C(=O)O,CHEMBL3682606,IC50,7.82
5474468,Cc1c(ncc2ccccc12)N(Cc3ccc(c(Cl)c3)C(C)(O)C(F)(F)F)S(=O)(=O)c4ccc(cc4)C(=O)O,CHEMBL3687344,IC50,7.82
5474477,Cc1c(ncc2ccccc12)N(Cc3ccc(cc3)c4cccc(F)c4)S(=O)(=O)c5ccc(cc5)C(=O)O,CHEMBL3682581,IC50,7.82
5474486,Cc1c(ncc2ccccc12)N(Cc3ccc4c(Cl)c[nH]c4c3)S(=O)(=O)c5ccc(cc5)C(=O)O,CHEMBL3682598,IC50,7.82
5474496,OC(=O)c1ccc(cc1)S(=O)(=O)N(Cc2ccc3occc3c2)c4ncc(cc4Cl)C(F)(F)F,CHEMBL3353606,IC50,7.82
5474506,CC(=O)c1c(ncc2ccccc12)N(Cc3ccc(OC(F)(F)F)cc3)S(=O)(=O)c4ccc(cc4)C(=O)O,CHEMBL3682593,IC50,7.85
5474516,C[C@H](NC(=O)N1CCc2ccccc2[C@H]1c3ccc(cc3)C(F)(F)F)C(F)(F)F,CHEMBL3235969,IC50,7.85
5474526,Cc1c(ncc2ccccc12)N(Cc3ccc(OC(F)(F)F)cc3)S(=O)(=O)c4ccc(cc4)C(=O)NC#N,CHEMBL3687410,IC50,7.85
5474536,Fc1ccc(NC(=O)N2CCc3cccnc3[C@H]2c4ccc(cc4)C(F)(F)F)cc1,CHEMBL3235976,IC50,7.85
5474547,OC(=O)c1ccc(cc1)S(=O)(=O)N(Cc2ccc(F)c(c2)C(F)(F)F)c3ncc(cc3Cl)C(F)(F)F,CHEMBL3353599,IC50,7.85
5474558,OC1CC2(CCN(CC2)C(=O)Nc3ccc(OC(F)(F)F)cc3)Oc4c(Cl)cccc14,CHEMBL2443076,IC50,7.88
5474568,CONC(=O)c1ccc(cc1)S(=O)(=O)N(Cc2ccc(OC(F)(F)F)cc2)c3ncc4ccccc4c3C,CHEMBL3682601,IC50,7.89
5474578,C[C@H](NC(=O)N1CCc2cccnc2[C@H]1c3ccc(c(F)c3)C(F)(F)F)C(F)(F)F,CHEMBL3235984,IC50,7.92
5474588,Cc1c(nc(C2CC2)c3ccccc13)N(Cc4ccccc4)S(=O)(=O)c5ccc(cc5)C(=O)O,CHEMBL3682616,IC50,7.92
5474597,Cc1c(ncc2ccccc12)N(Cc3ccc(cc3)C4CC4)S(=O)(=O)c5ccc(cc5)C(=O)O,CHEMBL3682558,IC50,7.92
5474606,Cc1c(ncc2ccccc12)N(Cc3ccc4c(c3)c(Cl)cn4C)S(=O)(=O)c5ccc(cc5)C(=O)O,CHEMBL3687408,IC50,7.92
5474615,Cc1cc2ccccc2nc1N(Cc3ccc(F)c(c3)C(F)(F)F)S(=O)(=O)c4ccc(cc4)C(=O)O,CHEMBL3682547,IC50,7.92
5474624,[Na+].Cc1c(ncc2ccccc12)N(Cc3cc4cccc(Cl)c4n3C)S(=O)(=O)c5ccc(cc5)C(=O)[O-],CHEMBL3687338,IC50,7.92
5474633,CCCc1nc(N(Cc2ccc(OC(F)(F)F)cc2)S(=O)(=O)c3ccc(cc3)C(=O)O)c(C)c4ccccc14,CHEMBL3682585,IC50,7.96
5474642,Cc1c(ncc2ccccc12)N(Cc3cc4ccc(Cl)cc4s3)S(=O)(=O)c5ccc(cc5)C(=O)O,CHEMBL3687369,IC50,7.96
5474651,Cc1c(ncc2ccccc12)N(Cc3ccc(F)c(c3)C(F)(F)C4CC4)S(=O)(=O)c5ccc(cc5)C(=O)O,CHEMBL3687378,IC50,7.96
5474661,OC(=O)c1ccc(cc1)S(=O)(=O)N(Cc2ccc(cc2)C(F)(F)F)c3ncc(Cl)cc3Cl,CHEMBL3353609,IC50,7.96
5474671,[Na+].Cc1c(ncc2ccccc12)N(Cc3cc(F)c(s3)C(F)(F)F)S(=O)(=O)c4ccc(cc4)C(=O)[O-],CHEMBL3682570,IC50,7.96
5474680,[Na+].Cc1cc2c(Cl)cccc2nc1N(Cc3ccc(OC(F)(F)F)cc3)S(=O)(=O)c4ccc(cc4)C(=O)[O-],CHEMBL3682615,IC50,7.96
5474690,C[C@H](NC(=O)N1CCc2ccccc2[C@H]1c3ccc(c(F)c3)C(F)(F)F)C(F)(F)F,CHEMBL3235983,IC50,8.0
5474700,Cc1c(ncc2ccccc12)N(Cc3ccc(cc3)c4ccccc4F)S(=O)(=O)c5ccc(cc5)C(=O)O,CHEMBL3682580,IC50,8.0
5474709,Cc1c(ncc2ccccc12)N(Cc3ccc4c(COC4(C)C)c3)S(=O)(=O)c5ccc(cc5)C(=O)O,CHEMBL3682577,IC50,8.0
5474718,NC(=O)c1ccc(cc1)S(=O)(=O)N(Cc2ccc(OC(F)(F)F)cc2)c3ncc4ccccc4c3C(F)(F)F,CHEMBL3687413,IC50,8.0
5474727,OC(=O)c1ccc(cc1)S(=O)(=O)N(Cc2ccc(OC(F)(F)F)cc2)c3nc(C4CC4)c5ccccc5c3C6CC6,CHEMBL3687403,IC50,8.0
5474736,Cc1cc2ccccc2nc1N(Cc3ccc(F)c(c3)C(F)(F)C4CC4)S(=O)(=O)c5ccc(cc5)C(=O)O,CHEMBL3687379,IC50,8.02
4544802,O[C@@H]1CC2(CCN(CC2)C(=O)Nc3ccc(OC(F)(F)F)cc3)Oc4c(F)cccc14,CHEMBL2443079,IC50,8.02
5474747,Cc1c(nc(C2CCCC2)c3ccccc13)N(Cc4ccc(OC(F)(F)F)cc4)S(=O)(=O)c5ccc(cc5)C(=O)O,CHEMBL3687397,IC50,8.04
5474757,OC(=O)c1ccc(cc1)S(=O)(=O)N(Cc2ccc(cc2)C(F)(F)F)c3ncc(cc3Cl)C(F)(F)F,CHEMBL3353594,IC50,8.05
5474768,O[C@@H]1CC2(CCN(CC2)C(=O)Nc3ccc(OC(F)(F)F)cc3)Oc4c(Cl)cccc14,CHEMBL2443061,IC50,8.05
5474778,Cc1c(ncc2ccccc12)N(Cc3ccc(COC(F)(F)F)cc3)S(=O)(=O)c4ccc(cc4)C(=O)O,CHEMBL3687363,IC50,8.06
5474787,Cc1c(ncc2ccccc12)N(Cc3ccc4ccccc4c3)S(=O)(=O)c5ccc(cc5)C(=O)O,CHEMBL3682555,IC50,8.07
5474796,NC(=O)c1ccc(cc1)S(=O)(=O)N(Cc2ccc(OC(F)(F)F)cc2)c3ncc4ccccc4c3C5CC5,CHEMBL3687412,IC50,8.07
5474805,Cc1c(ncc2ccccc12)N(Cc3ccc4CC(C)(C)Cc4c3)S(=O)(=O)c5ccc(cc5)C(=O)O,CHEMBL3682569,IC50,8.08
5474815,OC(=O)c1ccc(cc1)S(=O)(=O)N(Cc2ccc(OC(F)(F)F)cc2)c3ncc(cc3Cl)C(F)(F)F,CHEMBL3353597,IC50,8.08
5474825,CCc1nc(N(Cc2ccc(OC(F)(F)F)cc2)S(=O)(=O)c3ccc(cc3)C(=O)O)c(C)c4ccccc14,CHEMBL3687385,IC50,8.09
5474834,Cc1c(ncc2ccccc12)N(Cc3ccc4CCCc4c3)S(=O)(=O)c5ccc(cc5)C(=O)O,CHEMBL3682567,IC50,8.09
5474843,Cc1cccc2c(C)c(nc(C3CC3)c12)N(Cc4ccc(OC(F)(F)F)cc4)S(=O)(=O)c5ccc(cc5)C(=O)O,CHEMBL3687386,IC50,8.09
5474853,CC1(CC1)c2ccc(CN(c3ncc(cc3Cl)C(F)(F)F)S(=O)(=O)c4ccc(cc4)C(=O)O)cc2,CHEMBL3353602,IC50,8.1
5474863,Cc1cc2ccccc2nc1N(Cc3ccc(CC4CC4)cc3)S(=O)(=O)c5ccc(cc5)C(=O)O,CHEMBL3687355,IC50,8.11
5474872,[Na+].Cc1nc(N(Cc2ccc(OC(F)(F)F)cc2)S(=O)(=O)c3ccc(cc3)C(=O)[O-])c(C)c4ccccc14,CHEMBL3682582,IC50,8.12
5474881,CC(C)c1nc(N(Cc2ccc(OC(F)(F)F)cc2)S(=O)(=O)c3ccc(cc3)C(=O)O)c(c4ccccc14)C(F)(F)F,CHEMBL3682592,IC50,8.13
5474890,CCOc1nc(N(Cc2ccc(OC(F)(F)F)cc2)S(=O)(=O)c3ccc(cc3)C(=O)O)c(C)c4ccccc14,CHEMBL3687399,IC50,8.14
5474899,Cc1c(ncc2ccccc12)N(Cc3ccc(CC4CC4)cc3F)S(=O)(=O)c5ccc(cc5)C(=O)O,CHEMBL3687343,IC50,8.15
5474908,CC(C)c1nc(N(Cc2ccc(OC(F)(F)F)cc2)S(=O)(=O)c3ccc(cc3)C(=O)O)c(C4CC4)c5ccccc15,CHEMBL3687402,IC50,8.16
5474917,Cc1cc2ccccc2nc1N(Cc3ccc4CCCCc4c3)S(=O)(=O)c5ccc(cc5)C(=O)O,CHEMBL3687352,IC50,8.16
5474926,CCc1c(ncc2ccccc12)N(Cc3ccc(OC(F)(F)F)cc3)S(=O)(=O)c4ccc(cc4)C(=O)O,CHEMBL3687328,IC50,8.21
5474936,Cc1c(sc2ccccc12)N(Cc3ccc(c(F)c3)C(F)(F)F)S(=O)(=O)c4ccc(cc4)C(=O)O,CHEMBL3353610,IC50,8.21
5474946,Cc1c(ncc2ccccc12)N(Cc3cc4cc(F)cc(F)c4s3)S(=O)(=O)c5ccc(cc5)C(=O)O,CHEMBL3687366,IC50,8.22
5474955,COC(C)(c1ccc(CN(c2ncc3ccccc3c2C)S(=O)(=O)c4ccc(cc4)C(=O)O)cc1)C(F)(F)C(F)(F)F,CHEMBL3687395,IC50,8.23
5474964,CC(C)c1c(ncc2ccccc12)N(Cc3ccc(OC(F)(F)F)cc3)S(=O)(=O)c4ccc(cc4)C(=O)O,CHEMBL3687398,IC50,8.25
5474973,Cc1c(ncc2ccccc12)N(Cc3cc4cc(Cl)ccc4s3)S(=O)(=O)c5ccc(cc5)C(=O)O,CHEMBL3687371,IC50,8.27
5474982,[Na+].Cc1c(ncc2ccccc12)N(Cc3ccc4c(OCC4(C)C)c3)S(=O)(=O)c5ccc(cc5)C(=O)[O-],CHEMBL3639814,IC50,8.28
5474991,CCOC(C)(c1ccc(CN(c2ncc3ccccc3c2C)S(=O)(=O)c4ccc(cc4)C(=O)O)cc1F)C(F)(F)F,CHEMBL3687391,IC50,8.3
5475000,Cc1cc2ccccc2nc1N(Cc3ccc(OC(F)(F)F)cc3)S(=O)(=O)c4ccc(cc4)C(=O)O,CHEMBL3682546,IC50,8.3
5475009,[Na+].[O-]C(=O)c1ccc(cc1)S(=O)(=O)N(Cc2cc3c(F)cc(F)cc3s2)c4ncc5ccccc5c4C(F)(F)F,CHEMBL3687405,IC50,8.3
5475018,[Na+].Cc1c(ncc2ccccc12)N(Cc3ccc(F)c(c3)C(F)(F)F)S(=O)(=O)c4ccc(cc4)C(=O)[O-],CHEMBL3682553,IC50,8.31
5475027,CCOC(C)(c1ccc(CN(c2ncc3ccccc3c2C)S(=O)(=O)c4ccc(cc4)C(=O)O)cc1)C(F)(F)F,CHEMBL3682545,IC50,8.33
5475036,COC(C)(c1ccc(CN(c2ncc3ccccc3c2C)S(=O)(=O)c4ccc(cc4)C(=O)O)cc1)C(F)(F)F,CHEMBL3682584,IC50,8.33
5475045,Cc1c(ncc2ccccc12)N(Cc3ccc4CCCCc4c3)S(=O)(=O)c5ccc(cc5)C(=O)O,CHEMBL3682566,IC50,8.33
5475054,Cc1c(ncc2ccccc12)N(Cc3ccc(CC4CC4)cc3)S(=O)(=O)c5ccc(cc5)C(=O)O,CHEMBL3682550,IC50,8.34
5475063,Cc1c(ncc2ccccc12)N(Cc3ccc(cc3)C(F)(F)C4CC4)S(=O)(=O)c5ccc(cc5)C(=O)O,CHEMBL3687362,IC50,8.34
5475072,Cc1c(ncc2ccccc12)N(Cc3sc4ccccc4c3Cl)S(=O)(=O)c5ccc(cc5)C(=O)O,CHEMBL3687368,IC50,8.34
5475081,Cc1c(ncc2ccccc12)N(Cc3cc(F)c4CCCc4c3)S(=O)(=O)c5ccc(cc5)C(=O)O,CHEMBL3687347,IC50,8.36
5475090,Cc1cc2cccc(Cl)c2nc1N(Cc3ccc(OC(F)(F)F)cc3)S(=O)(=O)c4ccc(cc4)C(=O)O,CHEMBL3682610,IC50,8.37
5475100,Cc1c(sc2ccccc12)N(Cc3ccc(F)c(c3)C(F)(F)F)S(=O)(=O)c4ccc(cc4)C(=O)O,CHEMBL2324349,IC50,8.4
5475110,Cc1cc2ccccc2nc1N(Cc3ccc(cc3)C(F)(F)C4CC4)S(=O)(=O)c5ccc(cc5)C(=O)O,CHEMBL3687354,IC50,8.4
5475120,Cc1cccc(COc2ccccc2C(=O)N(CCCN)Cc3cccs3)c1,CHEMBL1289953,IC50,8.4
5475130,COc1c(ncc2ccccc12)N(Cc3ccc(OC(F)(F)F)cc3)S(=O)(=O)c4ccc(cc4)C(=O)O,CHEMBL3687323,IC50,8.41
5475139,Cc1c(ncc2ccccc12)N(Cc3cc4cccc(Cl)c4s3)S(=O)(=O)c5ccc(cc5)C(=O)O,CHEMBL3687370,IC50,8.41
5475148,Cc1c(ncc2ccccc12)N(Cc3ccc(CC4(CC4)C(F)(F)F)cc3)S(=O)(=O)c5ccc(cc5)C(=O)O,CHEMBL3687364,IC50,8.41
5475157,Cc1c(nc(C2CC2)c3ccccc13)N(Cc4ccc(F)c(c4)C(F)(F)F)S(=O)(=O)c5ccc(cc5)C(=O)O,CHEMBL3682609,IC50,8.42
5475166,[Na+].Cc1c(ncc2ccccc12)N(Cc3ccc(OC(F)(F)F)c(F)c3)S(=O)(=O)c4ccc(cc4)C(=O)[O-],CHEMBL3682540,IC50,8.44
5475175,COC1(CCc2cc(CN(c3ncc4ccccc4c3C)S(=O)(=O)c5ccc(cc5)C(=O)O)ccc12)C(F)(F)F,CHEMBL3687394,IC50,8.46
5475185,CC(C)(c1ccc(CN(c2ncc(cc2Cl)C(F)(F)F)S(=O)(=O)c3ccc(cc3)C(=O)O)cc1)C(F)(F)F,CHEMBL3353601,IC50,8.48
5475195,Cc1cc2ccccc2nc1N(Cc3ccc(c(F)c3)C(F)(F)C4CC4)S(=O)(=O)c5ccc(cc5)C(=O)O,CHEMBL3687375,IC50,8.51
5475204,Cc1cccc2cnc(N(Cc3ccc(OC(F)(F)F)cc3)S(=O)(=O)c4ccc(cc4)C(=O)O)c(C)c12,CHEMBL3682614,IC50,8.51
5475213,[Na+].Cc1c(ncc2ccccc12)N(Cc3cc4ccccc4s3)S(=O)(=O)c5ccc(cc5)C(=O)[O-],CHEMBL3682578,IC50,8.51
5475222,[Na+].[O-]C(=O)c1ccc(cc1)S(=O)(=O)N(Cc2ccc(OC(F)(F)F)cc2)c3ncc4ccccc4c3Cl,CHEMBL3682557,IC50,8.51
5475231,Cc1c(ncc2ccccc12)N(Cc3ccc(CC4CC4)c(F)c3)S(=O)(=O)c5ccc(cc5)C(=O)O,CHEMBL3687342,IC50,8.54
5475240,CC(C)c1nc(N(Cc2ccc(OC(F)(F)F)cc2)S(=O)(=O)c3ccc(cc3)C(=O)O)c(C)c4ccccc14,CHEMBL3687396,IC50,8.55
5475249,[Na+].Cc1c(ncc2ccccc12)N(Cc3ccc(OC(F)(F)F)cc3)S(=O)(=O)c4ccc(cc4)C(=O)[O-],CHEMBL3682539,IC50,8.57
5475258,COC(C)(c1ccc(CN(c2ncc3ccccc3c2C)S(=O)(=O)c4ccc(cc4)C(=O)O)cc1F)C(F)(F)F,CHEMBL3687390,IC50,8.59
5475267,[Na+].COc1nc(N(Cc2ccc(OC(F)(F)F)cc2)S(=O)(=O)c3ccc(cc3)C(=O)[O-])c(C)c4ccccc14,CHEMBL3682556,IC50,8.6
5475276,OC(=O)c1ccc(cc1)S(=O)(=O)N(Cc2ccc(OC(F)(F)F)cc2)c3ncc4ccccc4c3Br,CHEMBL3687327,IC50,8.64
5475285,Cc1c(ncc2ccccc12)N(Cc3cc4c(Cl)cccc4s3)S(=O)(=O)c5ccc(cc5)C(=O)O,CHEMBL3687367,IC50,8.66
5475294,OC(=O)c1ccc(cc1)S(=O)(=O)N(Cc2ccc(OC(F)(F)F)cn2)c3ncc4ccccc4c3C5CC5,CHEMBL3687325,IC50,8.66
5475303,Cc1c(ncc2ccccc12)N(C3CCc4cc(OC(F)(F)F)ccc34)S(=O)(=O)c5ccc(cc5)C(=O)O,CHEMBL3687351,IC50,8.68
5475312,OC(=O)c1ccc(cc1)S(=O)(=O)N(Cc2ccc(OC(F)(F)F)cc2)c3ncc4ccccc4c3C(F)(F)F,CHEMBL3682590,IC50,8.7
5475321,[Na+].Cc1c(nc(C2CC2)c3ccccc13)N(Cc4ccc(OC(F)(F)F)cc4)S(=O)(=O)c5ccc(cc5)C(=O)[O-],CHEMBL3682543,IC50,8.72
5475330,Cc1c(ncc2ccccc12)N(Cc3ccc(cc3)C(C)(C)C)S(=O)(=O)c4ccc(cc4)C(=O)O,CHEMBL3682549,IC50,8.75
5475339,COC(c1ccc(CN(c2ncc3ccccc3c2C)S(=O)(=O)c4ccc(cc4)C(=O)O)cc1)(C(F)(F)F)C(F)(F)F,CHEMBL3687392,IC50,8.77
5475348,Cc1c(ncc2ccccc12)N(Cc3ccc(cc3)C(F)(F)C4CCC4)S(=O)(=O)c5ccc(cc5)C(=O)O,CHEMBL3687360,IC50,8.77
5475357,COC(C)(c1ccc(CN(c2ncc3ccccc3c2C)S(=O)(=O)c4ccc(cc4)C(=O)O)cc1Cl)C(F)(F)F,CHEMBL3687393,IC50,8.8
5475366,[Na+].[O-]C(=O)c1ccc(cc1)S(=O)(=O)N(Cc2ccc(c(F)c2)C(F)(F)C3CC3)c4ncc5ccccc5c4C(F)(F)F,CHEMBL3687406,IC50,8.8
5475375,Cc1c(ncc2ccccc12)N(Cc3ccc(c(F)c3)C(F)(F)C4CC4)S(=O)(=O)c5ccc(cc5)C(=O)O,CHEMBL3687374,IC50,8.82
5475384,Cc1cc2ccccc2nc1N(Cc3ccc(c(Cl)c3)C(F)(F)C4CC4)S(=O)(=O)c5ccc(cc5)C(=O)O,CHEMBL3687373,IC50,8.85
5475393,Cc1c(ncc2ccccc12)N(Cc3cc4c(F)cc(F)cc4s3)S(=O)(=O)c5ccc(cc5)C(=O)O,CHEMBL3687365,IC50,8.89
5475402,Cc1c(ncc2ccccc12)N(Cc3ccc4c(CCC4(C)C)c3)S(=O)(=O)c5ccc(cc5)C(=O)O,CHEMBL3682568,IC50,8.89
5475411,[Na+].[O-]C(=O)c1ccc(cc1)S(=O)(=O)N(Cc2ccc(c(Cl)c2)C(F)(F)C3CC3)c4ncc5ccccc5c4C6CC6,CHEMBL3687357,IC50,8.92
5475420,OC(=O)c1ccc(cc1)S(=O)(=O)N(Cc2cc3c(F)cc(F)cc3s2)c4ncc5ccccc5c4C6CC6,CHEMBL3687356,IC50,8.96
5475429,Cc1c(nc(C2CC2)c3ccccc13)N(Cc4ccc(c(Cl)c4)C(F)(F)C5CC5)S(=O)(=O)c6ccc(cc6)C(=O)O,CHEMBL3687353,IC50,9.0
5475438,Cc1c(ncc2ccccc12)N(Cc3ccc(cc3)C(F)(F)C4(C)CC4)S(=O)(=O)c5ccc(cc5)C(=O)O,CHEMBL3687380,IC50,9.0
5475448,CC(C)(C)c1ccc(CN(c2ncc(cc2Cl)C(F)(F)F)S(=O)(=O)c3ccc(cc3)C(=O)O)cc1,CHEMBL3353600,IC50,9.02
5475458,OC(=O)c1ccc(cc1)S(=O)(=O)N(Cc2ccc(OC(F)(F)F)cc2)c3ncc4ccccc4c3C5CC5,CHEMBL3682589,IC50,9.05
5475467,[Na+].[O-]C(=O)c1ccc(cc1)S(=O)(=O)N(Cc2ccc(c(Cl)c2)C(F)(F)C3CC3)c4ncc5ccccc5c4C(F)(F)F,CHEMBL3687404,IC50,9.05
5475476,[Na+].[O-]C(=O)c1ccc(cc1)S(=O)(=O)N(Cc2ccc(c(F)c2)C(F)(F)C3CC3)c4ncc5ccccc5c4C6CC6,CHEMBL3687381,IC50,9.1
5475485,Cc1c(ncc2ccccc12)N(Cc3ccc(c(Cl)c3)C(F)(F)C4CC4)S(=O)(=O)c5ccc(cc5)C(=O)O,CHEMBL3687372,IC50,9.22
5475495,FC(F)(F)c1ccccc1c2cc(c3[nH]c(nc3c2)C4=NOC5(CCCCC5)C4)C(F)(F)F,CHEMBL1650511,IC50,9.38
