id,smiles,name,assay_type,activity_value
1351352,OC(=O)CC(O)(CC(O)=O)C(O)=O,citric acid,EC50,5.5999999
1351365,CC(C)N1CCN(CC1)S(=O)(=O)c2ccc(NC(=O)c3ccccc3)cc2,CHEMBL3613625,IC50,5.07
846370,CC1CCCN(C1C)C(=O)c2csc(Nc3ccc(C)cc3)n2,CHEMBL2418806,IC50,5.2
1351378,CC(C)Nc1nc2c(C(=O)N(C)C)c(Cl)c(Cl)cc2n1CC3CCN(CC3)c4ccccc4,CHEMBL2323941,IC50,5.3
1351389,CC(C)N1CCN(CC1)S(=O)(=O)c2ccc(NC(=O)c3ccc(cc3)c4ccccn4)cc2,CHEMBL3613626,IC50,5.31
1351400,CN(C)S(=O)(=O)c1ccc(NC(=O)c2ccc(cc2)C(F)(F)F)cc1,CHEMBL3613633,IC50,5.38
1351411,CC(C)Nc1nc2c(C(=O)N(C)C)c(Cl)c(Cl)cc2n1C3CCN(CC3)S(=O)(=O)c4ccc(Cl)cc4,CHEMBL2323938,IC50,5.4
1351422,CC(C)Nc1nc2c(C(=O)N(C)C)c(Cl)c(Cl)cc2n1C3CCN(CC3)C(=O)Nc4ccccc4,CHEMBL2323937,IC50,5.6
1351433,CC(C)NCCN(C(C)C)S(=O)(=O)c1ccc(Cl)cc1Cl,CHEMBL2324347,IC50,5.64
1351444,CC(C)N1CCN(CC1)S(=O)(=O)c2ccc(NC(=O)c3cccc(c3)C(F)(F)F)cc2,CHEMBL3613630,IC50,5.66
1351455,OC1(CSc2ccncc2)CCN(CC1)S(=O)(=O)c3ccc(Cl)cc3Cl,CHEMBL3218111,IC50,5.66
1351465,CN(C)C1CCN(CC1)S(=O)(=O)c2ccc(NC(=O)c3ccc(cc3)C(F)(F)F)cc2,CHEMBL3613635,IC50,5.68
1351476,CC(C)N1CCCN(CC1)S(=O)(=O)c2ccc(NC(=O)c3ccc(cc3)C(F)(F)F)cc2,CHEMBL3613634,IC50,5.88
1351487,CCN(C)C1CCN(CC1)S(=O)(=O)c2ccc(NC(=O)c3ccc(cc3)C(F)(F)F)cc2,CHEMBL3613637,IC50,5.89
1351498,CC(C)Nc1nc2c(C(=O)N(C)C)c(Cl)c(Cl)cc2n1C3CCN(CC3)C(=O)c4ccc(cc4)C(C)(C)C,CHEMBL2321898,IC50,5.9
1351509,CC(C)Nc1nc2c(C(=O)N(C)C)c(Cl)c(Cl)cc2n1C3CCN(Cc4ccccc4)CC3,CHEMBL2323939,IC50,6.0
1351520,CC(C)N1CCN(CC1)S(=O)(=O)c2ccc(NC(=O)c3ccc(cc3)c4ncccc4Cl)cc2,CHEMBL3613627,IC50,6.03
1351531,CC(C)N1CCN(CC1)S(=O)(=O)c2ccc(NC(=O)c3ccc(cc3N)C(F)(F)F)cc2,CHEMBL3613643,IC50,6.03
1351542,CCN(CC)C1CCN(CC1)S(=O)(=O)c2ccc(NC(=O)c3ccc(cc3)C(F)(F)F)cc2,CHEMBL3613636,IC50,6.04
1351553,FC(F)(F)c1ccc(cc1)C(=O)Nc2ccc(cc2)S(=O)(=O)N3CCN(CC3)C4CCCC4,CHEMBL3613638,IC50,6.1
1351564,Clc1ccc(c(Cl)c1)S(=O)(=O)N2CCN(Cc3ccccc3)CC2,CHEMBL2324348,EC50,6.11
1351575,CC(C)N1CCN(CC1)S(=O)(=O)c2ccc(NC(=O)c3ccc(cc3)C(F)(F)F)cc2,CHEMBL3613629,IC50,6.15
1351586,CC(C)Nc1nc2c(C(=O)N(C)C)c(Cl)c(Cl)cc2n1c3ccc(cc3)N4CCCCC4,CHEMBL2323940,IC50,6.2
1351597,CC(C)N1CCN(CC1)S(=O)(=O)c2ccc(NC(=O)c3ccc(cc3[N+](=O)[O-])C(F)(F)F)cc2,CHEMBL3613642,IC50,6.24
1351608,CC(C)N1CCN(CC1)S(=O)(=O)c2ccc(NC(=O)c3ccc(cc3C(F)(F)F)C(F)(F)F)cc2,CHEMBL3613641,IC50,6.27
1351619,CC(C)N1CCN(CC1)S(=O)(=O)c2ccc(NC(=O)c3ccc(cc3)C(C)(C)C)cc2,CHEMBL3613628,IC50,6.41
1351630,CC(C)N1CCN(CC1)S(=O)(=O)c2ccc(NC(=O)c3ccc(cc3F)C(F)(F)F)cc2,CHEMBL3613640,IC50,6.42
1351641,CC(C)N1CCN(CC1)S(=O)(=O)c2ccc(NC(=O)c3ccc(cc3)S(F)(F)(F)(F)F)cc2,CHEMBL3613639,IC50,6.59
1351652,CC(C)Nc1nc2c(C(=O)N(C)C)c(Cl)c(Cl)cc2n1C3CCN(CC3)c4ccccc4,CHEMBL2323942,IC50,6.7
1351663,CC(C)Nc1nc2c(C(=O)N(C)C)c(Cl)c(Cl)cc2n1C3CCN(CC3)c4ccc(C)cc4,CHEMBL2323948,IC50,6.9
1351674,CC(C)Nc1nc2c(C(=O)N(C)C)c(Cl)c(Cl)cc2n1C3CCN(CC3)c4cccc(C)c4,CHEMBL2323949,IC50,6.9
1351685,CC(C)Nc1nc2c(C(=O)N(C)C)c(Cl)c(Cl)cc2n1C3CCN(CC3)c4ccc(cc4)C(C)(C)C,CHEMBL2323947,IC50,7.3
1351696,OC1(COc2ccc(C#N)c(F)c2)CCN(CC1)S(=O)(=O)c3ccc(cc3C#N)C#N,CHEMBL3218115,IC50,7.3
1351706,OC1(COc2ccc(cc2)C#N)CCN(CC1)S(=O)(=O)c3ccc(Cl)cc3Cl,CHEMBL3218114,IC50,7.3
1351716,OC1(COc2ccc(C#N)c(F)c2)CCN(CC1)S(=O)(=O)c3ccc(cc3Cl)C#N,CHEMBL3218113,IC50,7.31
1351726,CC(C)Nc1nc2c(C(=O)N(C)C)c(Cl)c(Cl)cc2n1C3CCN(CC3)c4ccc(cc4)C(C)(C)C#N,CHEMBL2323935,IC50,7.5
1351737,CC(C)Nc1nc2c(C(=O)N(C)C)c(Cl)c(Cl)cc2n1C3CCN(CC3)c4ccc(cc4)C5CCCCC5,CHEMBL2323946,IC50,7.5
1351748,COC(=O)C(C)(C)c1ccc(cc1)N2CCC(CC2)n3c(NC(C)C)nc4c(C(=O)N(C)C)c(Cl)c(Cl)cc34,CHEMBL2323944,IC50,7.8
1351759,OC1(COc2ccc(C#N)c(F)c2)CCN(CC1)S(=O)(=O)c3ccc(Cl)cc3Cl,CHEMBL3218112,IC50,7.89
1351769,CC(C)Nc1nc2c(C(=O)N(C)C)c(Cl)c(Cl)cc2n1C3CCN(CC3)c4ccc(OC(C)C)cc4,CHEMBL2323945,IC50,7.9
1351780,OC1(COc2ccc(C#N)c(Cl)c2)CN(C1)S(=O)(=O)c3ccc(cc3Cl)C#N,CHEMBL3218119,IC50,8.4
1351790,OC1(COc2ccc(C#N)c(F)c2)CN(C1)S(=O)(=O)c3ccc(Cl)cc3Cl,CHEMBL3218118,IC50,8.42
1351800,OC1(COc2ccc(C#N)c(Cl)c2)CN(C1)S(=O)(=O)c3ccc(Cl)cc3C#N,CHEMBL3218117,IC50,8.44
1351810,OC1(COc2ccc(C#N)c(F)c2)CN(C1)S(=O)(=O)c3ccc(Cl)cc3C#N,CHEMBL3218116,IC50,8.47
1351820,CC(C)Nc1nc2c(C(=O)N(C)C)c(Cl)c(Cl)cc2n1C3CCN(CC3)c4ccc(cc4)C5(CCOCC5)C#N,CHEMBL2323936,IC50,8.5
