id,smiles,name,assay_type,activity_value
4521730,CC(C)[C@@H](CO)NCc1cccc(n1)c2ccc(cc2)C(F)(F)F,CHEMBL3692221,IC50,5.03
4521740,OCC1(CCCC1)NCc2ccnc(n2)c3ccc(cc3)C(F)(F)F,CHEMBL3692340,IC50,5.03
4521749,OC[C@H](NCc1ccnc(n1)c2ccc(cc2)C(F)(F)F)[C@@H](O)c3ccccc3,CHEMBL3696329,IC50,5.03
4521758,OC[C@H](NCc1ccnc(n1)c2ccc(cc2)C(F)(F)F)C3CCCCC3,CHEMBL3696322,IC50,5.06
4521767,O[C@@H]1CCCC[C@@H]1NCc2nc(ccc2F)c3ccc(nc3)C(F)(F)F,CHEMBL3692332,IC50,5.07
4521776,CC(C)[C@H](CO)NCc1nc(ccc1F)C2CCC3(CC2)OCCO3,CHEMBL3696382,IC50,5.08
4521785,CC(O)C(C)NCc1ccnc(n1)c2ccc(nc2)C(F)(F)F,CHEMBL3696361,IC50,5.09
4521794,OC[C@@H](NCc1ccnc(n1)c2ccc(cc2)C(F)(F)F)c3ccccc3,CHEMBL3696461,IC50,5.09
4521803,C[C@H](CO)NCc1ccnc(n1)c2ccc(cc2)C(F)(F)F,CHEMBL3692344,IC50,5.11
4521812,CC(C)C[C@H](CO)NCc1ccnc(n1)c2ccc(cc2)C(F)(F)F,CHEMBL3696318,IC50,5.14
4521821,CC(C)(C)[C@H](CO)NCc1ccnc(n1)c2ccc(cc2)C(F)(F)F,CHEMBL3696323,IC50,5.19
4521830,C[C@@H](O)[C@@H](CO)NCc1nc(ccc1F)c2ccc(nc2)C(F)(F)F,CHEMBL3692330,IC50,5.21
4521839,OCC1C2CCC(C2)[C@@H]1NCc3ccnc(n3)c4ccc(cc4)C(F)(F)F,CHEMBL3696465,IC50,5.21
4521848,CC(C)(CO)NCc1cccc(n1)c2cccc(c2)[Si](C)(C)C,CHEMBL3696402,IC50,5.24
4521857,CC(C)[C@H](CO)NCc1nc(ccc1F)C2CCCC3(C2)OCCO3,CHEMBL3696383,IC50,5.25
4521866,O[C@H]1CCCC[C@@H]1NCc2ccnc(n2)c3ccc(cc3)C(F)(F)F,CHEMBL3696342,IC50,5.26
4521875,CCC[C@H](CO)NCc1ccnc(n1)c2ccc(cc2)C(F)(F)F,CHEMBL3696317,IC50,5.31
4521884,O[C@@H]1CCCC[C@@H]1NCc2ccnc(n2)c3ccc(cc3)C(F)(F)F,CHEMBL3696343,IC50,5.31
4521893,CC(O)CC(C)CNCc1cccc(OC(C)(C)C)n1,CHEMBL3696455,IC50,5.39
4521902,CC(C)[C@H](CO)NCc1nc(ccc1F)c2cccc(c2)C(=O)N3CCSCC3,CHEMBL3692276,IC50,5.4
4521911,O[C@H]1CCCC[C@@H]1NCc2cccc(n2)c3ccc(cc3)C(F)(F)F,CHEMBL3692219,IC50,5.4
4521920,O[C@H]1CCCC[C@@H]1NCc2nc(ccc2F)c3ccc(nc3)C(F)(F)F,CHEMBL3692331,IC50,5.41
4521929,CC(C)[C@H](CO)NCc1cccc(n1)N2CCCC2,CHEMBL3696453,IC50,5.42
4521938,CC[C@H](C)[C@@H](CO)NCc1cccc(n1)c2ccc(cc2)C(F)(F)F,CHEMBL3692220,IC50,5.42
4521947,C[C@@H](O)[C@@H](CO)NCc1ccnc(n1)c2ccc(cc2)C(F)(F)F,CHEMBL3696326,IC50,5.42
4521956,CC(C)[C@H](CO)NCc1cccc(n1)c2ccc(nc2)C(F)(F)F,CHEMBL3692281,IC50,5.43
4521965,COCC(CO)NCc1nc(ccc1F)c2ccc(cc2)C(F)(F)F,CHEMBL3692285,IC50,5.43
4521974,OC1CCCCC1NCc2cccc(n2)c3ccc(cc3)C(F)(F)F,CHEMBL3692223,IC50,5.43
4521983,O[C@@H]1CCCC[C@H]1NCc2cccc(n2)c3ccc(cc3)C(F)(F)F,CHEMBL3692224,IC50,5.43
4521992,OCC1C2CCC(C2)C1NCc3cccc(n3)c4ccc(cc4)C(F)(F)F,CHEMBL3696454,IC50,5.44
4522001,CC(C)[C@H](CO)NCc1ccc(F)c(n1)c2ccc(nc2)C(F)(F)F,CHEMBL3692318,IC50,5.45
4522010,CC(C)[C@H](CO)NCc1nc(ccc1F)c2cccc(c2)C(=O)N3CCCCC3,CHEMBL3692259,IC50,5.46
4522019,CC(C)[C@H](CO)NCc1nc(ccc1F)c2cc(Cl)cc(Cl)c2,CHEMBL3692237,IC50,5.48
4522028,O[C@H]1CCCC[C@H]1NCc2cccc(n2)c3ccc(cc3)C(F)(F)F,CHEMBL3692225,IC50,5.49
4522037,CCC[C@H](CO)NCc1nc(ccc1F)c2ccc(nc2)C(F)(F)F,CHEMBL3692298,IC50,5.51
4522046,CC[C@H](CO)NCc1ccnc(n1)c2ccc(cc2)C(F)(F)F,CHEMBL3692345,IC50,5.52
4522055,OC[C@H](NCc1ccnc(n1)c2ccc(cc2)C(F)(F)F)C3CC3,CHEMBL3696321,IC50,5.52
4522064,OC[C@H](NCc1nc(ccc1F)c2ccc(nc2)C(F)(F)F)C3CC3,CHEMBL3692286,IC50,5.52
4522073,O[C@@H]1CCCC[C@@H]1NCc2cccc(n2)c3ccc(cc3)C(F)(F)F,CHEMBL3692222,IC50,5.52
4522082,CC(C)[C@H](CO)NCc1ccnc(n1)c2ccc(nc2)C(F)(F)F,CHEMBL3696355,IC50,5.53
4522091,CCN(CC)C(=O)c1cccc(c1)c2ccc(F)c(CN[C@@H](CO)C(C)C)n2,CHEMBL3692255,IC50,5.53
4522100,CC(C)[C@H](CO)NCc1cccc(n1)c2ccccc2,CHEMBL3696393,IC50,5.54
4522109,CC(C)[C@H](CO)NCc1nc(ccc1F)c2ccc(Cl)nc2,CHEMBL3692252,IC50,5.55
4522118,CC(C)[C@@H](NCc1nc(ccc1F)c2ccc(cc2)C(F)(F)F)C(C)(C)O,CHEMBL3692314,IC50,5.56
4522127,CC(C)[C@H](CO)NCc1nc(ccc1F)c2cncc(Cl)c2,CHEMBL3696437,IC50,5.57
4522136,CC(C)[C@H](CO)NCc1nc(ccc1F)c2cnc(nc2)C(F)(F)F,CHEMBL3692322,IC50,5.58
4522145,CC(C)(CO)CNCc1cccc(n1)c2ccc(cc2)C(F)(F)F,CHEMBL3692226,IC50,5.59
4522154,CC(O)C(C)NCc1nc(ccc1F)c2ccc(nc2)C(F)(F)F,CHEMBL3692301,IC50,5.59
4522163,C[C@@H](O)[C@H](Nc1ccc2ccccc2c1)C(=O)NCc3ccc(F)c(n3)c4ccc(nc4)C(F)(F)F,CHEMBL3696460,IC50,5.59
4522172,C[C@@H](O)[C@@H](CO)NCc1ccnc(n1)c2ccc(cc2)S(=O)(=O)C(F)(F)F,CHEMBL3696380,IC50,5.6
4522181,CC(C)[C@H](CO)NCc1nc(ccc1F)C2CCN(CC2)C(=O)OC(C)(C)C,CHEMBL3696374,IC50,5.61
4522190,CC(C)[C@H](CO)NCc1nc(ccc1F)c2cnc3ccccc3c2,CHEMBL3692283,IC50,5.62
4522199,CC(C)[C@H](CO)NCc1nc(ccc1F)c2cnc(OCC(F)(F)F)nc2,CHEMBL3692323,IC50,5.63
4522208,CC(C)[C@H](CO)NCc1nccc(n1)c2ccc(cc2)C(F)(F)F,CHEMBL3692247,IC50,5.63
4522217,CC(C)[C@H](CO)NCc1nc(ccc1F)c2ccnc(c2)C(F)(F)F,CHEMBL3692245,IC50,5.66
4522226,CC(C)[C@H](CO)NCc1nc(ccc1F)c2ccnc(c2)N3CCOCC3,CHEMBL3692269,IC50,5.67
4522235,CC(C)[C@H](CO)NCc1nc(ccc1F)c2cccc(c2)C(=O)N3CCC(C)CC3,CHEMBL3692260,IC50,5.7
4522244,CC(C)[C@H](CO)NCc1cccc(n1)N2CCCCC2,CHEMBL3692227,IC50,5.71
4522253,CC(C)[C@H](CO)NCc1nc(ccc1F)C#Cc2ccc(cc2)C(C)(C)C,CHEMBL3696405,IC50,5.73
4522262,CC(O)C(C)NCc1ccnc(n1)c2ccc(cc2)C(F)(F)F,CHEMBL3696324,IC50,5.73
4522271,CC(C)[C@H](CO)NCc1nc(ccc1F)c2cccc(Cl)c2,CHEMBL3692231,IC50,5.74
4522280,CC(C)[C@H](CO)NCc1cccc(n1)c2ccc(s2)[Si](C)(C)C(C)(C)C,CHEMBL3696395,IC50,5.75
4522289,CC(C)[C@H](CO)NCc1nc(ccc1F)c2cc(ccc2C)S(=O)(=O)N(C)C,CHEMBL3692264,IC50,5.75
4522298,CC(C)[C@H](CO)NCc1nc(ccc1F)c2cccc(c2)C(=O)N(C(C)C)C(C)C,CHEMBL3692270,IC50,5.75
4522307,CC(C)[C@H](CO)NCc1nc(ccc1F)c2cccc3c2ccn3C,CHEMBL3692277,IC50,5.76
4522316,CC(C)[C@H](CO)NCc1nc(ccc1F)c2cccc(c2)S(=O)(=O)N(C)C,CHEMBL3692253,IC50,5.77
4522325,CC(C)[C@H](CO)NCc1nc(ccc1F)C(=C)c2ccc(F)cc2,CHEMBL3692334,IC50,5.79
4522334,C[C@H](CO)NCc1nc(ccc1F)c2ccc(cc2)C(F)(F)F,CHEMBL3692293,IC50,5.79
4522343,OC[C@H](NCc1nc(ccc1F)c2ccc(OCC(F)(F)F)nc2)C3CC3,CHEMBL3692287,IC50,5.8
4522352,CC(C)[C@@H](CO)NCc1nc(ccc1F)c2ccc3scnc3c2,CHEMBL3696468,IC50,5.82
4522361,CC(C)[C@H](CO)NCc1nc(ncc1F)N2CCC(F)(F)CC2,CHEMBL3696398,IC50,5.82
4522370,CC(C)[C@H](CO)NCc1nc(ccc1F)c2cccc(c2)C(=O)N(C)Cc3ccccc3,CHEMBL3692272,IC50,5.83
4522379,CC[C@H](CO)NCc1ccnc(n1)c2ccc(cc2)S(=O)(=O)C(F)(F)F,CHEMBL3696377,IC50,5.83
4522388,CC(C)[C@H](CO)NCc1nc(ccc1F)C(C)c2ccccc2,CHEMBL3692336,IC50,5.84
4522397,CC(C)[C@H](CO)NCc1nc(ccc1F)c2ccc3c(ccn3C)c2,CHEMBL3696411,IC50,5.84
4522406,CC(C)[C@H](CO)NCc1nc(ccc1F)c2cccc(c2)C(=O)C,CHEMBL3692254,IC50,5.85
4522415,CC(C)[C@H](CO)NCc1nc(ccc1F)c2cccc(c2)C(=O)N(C)C3CCCCC3,CHEMBL3692266,IC50,5.85
4522424,CC(C)[C@H](CO)NCc1ccnc(n1)c2ccc(Cl)cc2,CHEMBL3692248,IC50,5.86
4522433,CC(C)[C@H](CO)NCc1nc(ccc1F)c2ccc(Cl)c(Cl)c2,CHEMBL3692236,IC50,5.86
4522442,CC(C)[C@H](CO)NCc1nc(ccc1F)c2ccc(cc2)C(=O)N3CCC(C)CC3,CHEMBL3696435,IC50,5.88
4522451,CC(C)[C@H](CO)NCc1nc(ccc1F)c2cc(cc(c2)C(F)(F)F)C(F)(F)F,CHEMBL3692238,IC50,5.89
4522460,CC(C)[C@@H](NCc1nc(ccc1F)c2ccc(nc2)C(F)(F)F)C(C)(C)O,CHEMBL3692315,IC50,5.9
4522469,CC(C)[C@H](NCc1nc(ccc1F)C2CCCCCC2)C(C)O,CHEMBL3696467,IC50,5.91
4522478,CC(C)[C@H](CO)NCc1nc(ccc1F)c2cccc(C(=O)C)c2F,CHEMBL3692251,IC50,5.92
4522487,CC(C)[C@H](CO)NCc1nc(ccc1F)c2cccc(OC(F)(F)F)c2,CHEMBL3692234,IC50,5.95
4522496,CC(C)[C@H](CO)NCc1nc(ccc1F)c2ccccc2F,CHEMBL3692229,IC50,5.95
4522505,CC(C)[C@H](CO)NCc1nc(ccc1F)c2cccc(c2)C(F)(F)F,CHEMBL3692232,IC50,5.96
4522514,COc1ccc(cc1)C#Cc2ccc(F)c(CN[C@@H](CO)C(C)C)n2,CHEMBL3696400,IC50,5.96
4522523,CC(C)[C@H](CO)NCc1nc(ccc1C)c2ccc(nc2)C(F)(F)F,CHEMBL3692320,IC50,5.97
4522532,CC(C)[C@H](CO)NCc1nc(ccc1F)c2cccc(c2)S(=O)(=O)N3CCCC3,CHEMBL3692274,IC50,5.97
4522541,CC(C)[C@H](CO)NCc1nc(ccc1F)C2CCC(C)CC2,CHEMBL3696369,IC50,5.99
4522550,CC(C)[C@H](CO)NCc1cccc(n1)C#Cc2ccccc2F,CHEMBL3696444,IC50,6.0
4522559,CC(C)[C@H](CO)NCc1nc(ccc1F)C#CCC2CCCCC2,CHEMBL3696401,IC50,6.01
4522568,CC(C)[C@H](CO)NCc1nc(ccc1F)N2CCC(F)(F)CC2,CHEMBL3692303,IC50,6.02
4522577,CC(C)[C@H](CO)NCc1nc(ccc1F)c2ccc(F)cn2,CHEMBL3692250,IC50,6.02
4522586,CC(C)[C@H](CO)NCc1nc(ccc1F)c2ccc(nc2)C(F)(F)F,CHEMBL3692243,IC50,6.02
4522595,CC(C)[C@H](CO)NCc1nc(ccc1F)c2ccc(F)c(c2)C#N,CHEMBL3696438,IC50,6.03
4522605,C[C@@]1(O)C[C@](C1)([C@H](O)c2ccccn2)c3cc(ccn3)C(F)(F)F,CHEMBL3828340,IC50,6.03
4522615,CC(C)[C@H](CO)NCc1cccc(OCc2ccccc2)n1,CHEMBL3692228,IC50,6.04
4522624,CC(C)[C@H](CO)NCc1nc(ccc1F)C(=C)c2ccccc2,CHEMBL3692333,IC50,6.04
4522707,CC(C)[C@H](CO)NCc1nc(ccc1F)c2cccc(c2)N3CCOCC3,CHEMBL3692258,IC50,6.08
4522716,CC(C)[C@H](CO)NCc1nc(ccc1F)c2cccc(F)c2,CHEMBL3692230,IC50,6.09
4522725,CCCCOc1ccc(cc1Cl)c2cccc(CN[C@H](CO)C(C)C)n2,CHEMBL3696471,IC50,6.09
4522734,CC(C)[C@H](CO)NCc1nc(ccc1F)C2CCC(C)(C)CC2,CHEMBL3696371,IC50,6.1
4522743,CC(C)[C@H](CO)NCc1nc(ccc1F)C2CCC(CC2)C(C)(C)C,CHEMBL3696381,IC50,6.1
4522752,CC(C)[C@H](CO)NCc1nc(ccc1F)c2cc(nn2C)C(F)(F)F,CHEMBL3696449,IC50,6.1
4522761,CCC1CCC(CC1)c2ccc(F)c(CN[C@@H](CO)C(C)C)n2,CHEMBL3696370,IC50,6.11
4522770,CC(C)[C@H](CO)NCc1nc(ccc1F)c2cccc(c2)S(=O)(=O)N3CCOCC3,CHEMBL3692268,IC50,6.12
4522779,CC(C)Oc1cccc(c1)c2ccc(F)c(CN[C@@H](CO)C(C)C)n2,CHEMBL3692240,IC50,6.13
4522788,CC(C)[C@H](CO)NCc1nc(ccc1F)C2=CCCCC2,CHEMBL3692335,IC50,6.13
4522797,CC(C)[C@H](CO)NCc1nc(ccc1F)c2cnc(nc2)N(C)C,CHEMBL3696424,IC50,6.13
4522806,CC(C)[C@H](CO)NCc1nc(ccc1F)c2sc(nc2C)c3ccccc3,CHEMBL3696446,IC50,6.14
4522815,COc1cccc(CNC(=O)CC2CC3(CCC3)Oc4ccc(Cl)cc24)c1OC5CCCC5,CHEMBL3664218,IC50,6.14
4522824,CC(C)[C@H](CO)NCc1nc(ccc1F)C2CCN(C2)C(=O)OC(C)(C)C,CHEMBL3696390,IC50,6.15
4522833,CC(C)Oc1ccc(F)c(c1)c2ccc(F)c(CN[C@@H](CO)C(C)C)n2,CHEMBL3692239,IC50,6.16
4522842,CC(C)[C@@H](NCc1nc(ccc1F)c2ccc(cc2)C(F)(F)F)C(C)O,CHEMBL3692316,IC50,6.16
4522851,CC(C)[C@H](CO)NCc1nc(ccc1F)c2cnc(N3CCOCC3)c(C)c2,CHEMBL3696416,IC50,6.16
4522860,OCC1(CCC1)NCc2nc(ccc2F)c3ccc(cc3)C(F)(F)F,CHEMBL3692290,IC50,6.16
4522869,OC[C@H](NCc1nc(ccc1F)c2ccc(cc2)C(F)(F)F)C3CCCCC3,CHEMBL3692295,IC50,6.16
4522878,CC(C)[C@H](CO)NCc1ccnc(n1)c2ccc(cc2)S(=O)(=O)C(F)(F)F,CHEMBL3696375,IC50,6.17
4522887,OCC1(CCCCC1)NCc2nc(ccc2F)c3ccc(cc3)C(F)(F)F,CHEMBL3692292,IC50,6.17
4522896,CC(C)[C@H](CO)NCc1nc(ccc1F)C2CCCN(C2)C(=O)OC(C)(C)C,CHEMBL3696387,IC50,6.18
4522905,CC(C)Oc1ccc(cc1F)c2ccc(F)c(CN[C@@H](CO)C(C)C)n2,CHEMBL3692241,IC50,6.19
4522914,CCCN(CCC)C(=O)c1ccc(cc1)c2ccc(F)c(CN[C@@H](CO)C(C)C)n2,CHEMBL3639953,IC50,6.19
4522923,CC(C)[C@H](CO)NCc1nc(ccc1Cl)c2ccc(nc2)C(F)(F)F,CHEMBL3692319,IC50,6.2
4522932,CC(C)[C@H](CO)NCc1nc(ccc1F)c2cc(ccc2C)S(=O)(=O)C(F)(F)F,CHEMBL3692273,IC50,6.2
4522941,CC(C)[C@H](CO)NCc1cccc(n1)c2cccc(c2)[Si](C)(C)C,CHEMBL3696394,IC50,6.22
4522950,CC(CCO)CNCc1ccc(F)c(n1)c2ccc(OCC(F)(F)F)nc2,CHEMBL3696457,IC50,6.23
4522959,CC(C)[C@H](CO)NCc1nc(ccc1F)c2cocc2,CHEMBL3696414,IC50,6.24
4522968,OCC1(CCCC1)NCc2cccc(n2)c3ccc(cc3C(F)(F)F)C(F)(F)F,CHEMBL3696472,IC50,6.24
4522977,OC[C@H](NCc1nc(ccc1F)c2ccc(nc2)C(F)(F)F)C3CCCCC3,CHEMBL3692299,IC50,6.24
4522986,CC(C)[C@H](CO)NCc1cccc(n1)c2ccc(cc2C(F)(F)F)C(F)(F)F,CHEMBL3696432,IC50,6.26
4522995,CC(C)[C@H](CO)NCc1nc(ccc1F)c2ccc(cc2C(F)(F)F)C(F)(F)F,CHEMBL3696451,IC50,6.26
4523004,CC(C)[C@@H](NCc1nc(ccc1F)c2ccc(nc2)C(F)(F)F)C(C)O,CHEMBL3692317,IC50,6.27
4523013,CC[C@H](CO)NCc1nc(ccc1F)c2ccc(cc2)C(F)(F)F,CHEMBL3692288,IC50,6.27
4523022,CC(C)(C)[C@H](CO)NCc1nc(ccc1F)c2ccc(cc2)C(F)(F)F,CHEMBL3692296,IC50,6.28
4523031,CC(C)[C@H](CO)NCc1cccc(n1)C#Cc2ccc(Cl)cc2,CHEMBL3696445,IC50,6.28
4523040,CC(C)[C@H](CO)NCc1cccc(n1)C#Cc2ccc(F)cc2F,CHEMBL3696443,IC50,6.28
4523049,CC(C)[C@H](CO)NCc1nc(ccc1F)C2CCC(F)(F)CC2,CHEMBL3696372,IC50,6.28
4523058,CC(C)[C@H](CO)NCc1nc(ccc1F)c2cc3c(OCc4ccccc4)cccc3n2C(=O)OC(C)(C)C,CHEMBL3696422,IC50,6.28
4523067,CC(C)(C)[C@H](CO)NCc1nc(ccc1F)c2ccc(nc2)C(F)(F)F,CHEMBL3692300,IC50,6.29
4523076,CC(C)[C@H](CO)NCc1nc(ccc1F)C#CC2CCCCC2,CHEMBL3696404,IC50,6.29
4523085,CC[C@@H](NCc1nc(ccc1F)c2ccc(nc2)C(F)(F)F)C(C)O,CHEMBL3692324,IC50,6.29
4523094,CC(C)Oc1ccc(cn1)c2ccc(F)c(CN[C@@H](CO)C(C)C)n2,CHEMBL3692271,IC50,6.3
4523103,CC(C)[C@H](CO)NCc1nc(ccc1F)N2CCc3cc(Cl)ccc3C2,CHEMBL3692311,IC50,6.3
4523112,CCN(CC)S(=O)(=O)c1cccc(c1)c2ccc(F)c(CN[C@@H](CO)C(C)C)n2,CHEMBL3692265,IC50,6.3
4523121,CC(C)[C@H](CO)NCc1nc(ccc1F)C(C)c2ccc(F)cc2,CHEMBL3692337,IC50,6.32
4523130,CC(C)[C@H](CO)NCc1nc(ccc1F)C2CCCC2,CHEMBL3696388,IC50,6.32
4523139,CC(C)[C@H](CO)NCc1nc(ccc1F)c2ccc3ccn(C)c3c2,CHEMBL3692278,IC50,6.32
4523148,CC(C)[C@H](CO)NCc1nc(ccc1F)c2cccc(c2)N3CCCC3,CHEMBL3692263,IC50,6.32
4523157,CC(C)[C@H](CO)NCc1nc(ccc1F)c2ccc(OCC(F)(F)F)cc2,CHEMBL3692267,IC50,6.34
4523166,CC(C)[C@H](CO)NCc1nc(ccc1F)c2cccc(c2)N(C)C,CHEMBL3692257,IC50,6.34
4523175,CC(C)[C@H](CO)NCc1nc(ncc1F)c2ccc(cc2)C(F)(F)F,CHEMBL3692338,IC50,6.34
4523184,CCC[C@H](CO)NCc1nc(ccc1F)c2ccc(cc2)C(F)(F)F,CHEMBL3692294,IC50,6.34
4523193,CC(C)[C@H](CO)NCc1cccc(n1)c2ccc(F)c(c2)C#N,CHEMBL3696431,IC50,6.36
4523202,CC(C)[C@H](CO)NCc1nc(ccc1F)N2CCC(C2)C(F)(F)F,CHEMBL3692280,IC50,6.38
4523211,CC(C)[C@H](CO)NCc1nc(ccc1F)c2ccc3occc3c2,CHEMBL3696419,IC50,6.38
4523220,OCC1(CCCC1)NCc2cccc(n2)c3ccc(F)c(c3)C(F)(F)F,CHEMBL3696430,IC50,6.38
4523229,CC(C)[C@@H](CO)NCc1nc(ccc1F)c2ccc(Cl)s2,CHEMBL3696470,IC50,6.39
4523238,OC[C@@H](NCc1nc(ccc1F)c2ccc(cc2)C(F)(F)F)C3CC3,CHEMBL3696456,IC50,6.39
4523247,CC(C)[C@H](CO)NCc1nc(ccc1F)c2ccc(Cl)cc2,CHEMBL3692256,IC50,6.41
4523256,CC(C)[C@H](CO)NCc1nc(ccc1F)c2ccc(F)c(c2)C(F)(F)F,CHEMBL3696440,IC50,6.41
4523265,OCC1(CCCC1)NCc2cccc(n2)c3ccc(F)c(Cl)c3,CHEMBL3696428,IC50,6.41
4523274,CC(C)[C@H](CO)NCc1nc(\C=C\c2cccc(F)c2)ccc1F,CHEMBL3696399,IC50,6.42
4523283,CC(C)[C@H](CO)NCc1nc(ccc1F)c2ccc(C)s2,CHEMBL3696406,IC50,6.42
4523292,CC(C)[C@@H](CO)NCc1nc(CCc2ccc(F)c(F)c2)ccc1F,CHEMBL3696469,IC50,6.43
4523301,CC(C)[C@H](CO)NCc1nc(ccc1F)c2cc(ccc2F)C(F)(F)F,CHEMBL3696441,IC50,6.43
4523310,CC(C)[C@H](CO)NCc1nc(ccc1F)c2cc3ccccc3s2,CHEMBL3696397,IC50,6.43
4523319,CC(O)CC(C)CNCc1nc(ccc1F)C2CCCCC2,CHEMBL3696459,IC50,6.44
4523328,CC(C)[C@H](CO)NCc1nc(ccc1F)C2CCc3ccccc3C2,CHEMBL3696385,IC50,6.46
4523337,CC(C)[C@H](CO)NCc1nc(ccc1F)N2CCc3c(C2)cccc3C(F)(F)F,CHEMBL3692312,IC50,6.46
4523346,CC(C)[C@H](CO)NCc1nc(ccc1F)c2cc3ccccc3n2C,CHEMBL3696412,IC50,6.46
4523355,CC(C)[C@H](CO)NCc1nc(ccc1F)N2Cc3cccc(Cl)c3C2,CHEMBL3692306,IC50,6.47
4523364,CC(C)[C@H](CO)NCc1nc(ccc1F)[C@@H]2CC[C@@H](CC2)C(F)(F)F,CHEMBL3696420,IC50,6.47
4523373,CC(C)[C@H](CO)NCc1nc(ccc1F)N2Cc3ccc(cc3C2)C(F)(F)F,CHEMBL3692307,IC50,6.48
4523382,CC(C)[C@H](CO)NCc1nc(ccc1F)c2cccc(c2)S(=O)(=O)N3CCCCC3,CHEMBL3692262,IC50,6.48
4523391,CC(C)[C@H](CO)NCc1nc(ccc1F)N2CCCC(C2)C(F)(F)F,CHEMBL3639911,IC50,6.5
4523400,CC(C)[C@H](CO)NCc1nc(ccc1F)N2CCc3ccc(F)cc3C2,CHEMBL3692309,IC50,6.5
4523409,CC(C)[C@H](CO)NCc1nc(ccc1F)c2ccc(F)cc2,CHEMBL3692242,IC50,6.5
4523418,CC(C)[C@H](CO)NCc1nc(ccc1F)C2CCC(CC2)C(F)(F)F,CHEMBL3696384,IC50,6.51
4523427,CC(C)[C@H](CO)NCc1nc(ccc1F)c2cccc(c2)n3cccn3,CHEMBL3696423,IC50,6.52
4523436,CC(O)C(C)NCc1nc(ccc1F)c2ccc(cc2)C(F)(F)F,CHEMBL3692297,IC50,6.52
4523445,CC(C)[C@H](CO)NCc1nc(ccc1F)C#Cc2ccc(F)cc2,CHEMBL3696403,IC50,6.54
4523454,CC(C)[C@H](CO)NCc1nc(ccc1F)[C@@H]2CC[C@H](CC2)C(F)(F)F,CHEMBL3696421,IC50,6.54
4523463,CC(C)[C@H](CO)NCc1nc(ccc1F)c2ccc(c(Cl)c2)C(F)(F)F,CHEMBL3692261,IC50,6.54
4523472,OCC1(CCCC1)NCc2nc(ccc2F)c3ccc(cc3)C(F)(F)F,CHEMBL3692291,IC50,6.54
4523481,CC(C)[C@H](CO)NCc1nc(ccc1F)c2cncc(c2)C(F)(F)F,CHEMBL3696450,IC50,6.55
4523490,CC(C)[C@H](CO)NCc1nc(ccc1F)N2Cc3ccc(F)cc3C2,CHEMBL3692304,IC50,6.57
4523499,CC(C)[C@H](CO)NCc1nc(ccc1F)N2CCc3ccc(cc3C2)C(F)(F)F,CHEMBL3692313,IC50,6.59
4523508,CC(C)[C@H](CO)NCc1nc(ccc1F)c2cc3ccccc3[nH]2,CHEMBL3696434,IC50,6.59
4523517,COc1cc(cc(F)c1F)c2ccc(F)c(CN[C@@H](CO)C(C)C)n2,CHEMBL3696442,IC50,6.59
4523526,CC(C)[C@H](CO)NCc1nc(ccc1F)c2ccc(F)c(C)c2,CHEMBL3696439,IC50,6.6
4523535,CC(C)[C@H](CO)NCc1cccc(n1)C#Cc2ccc(cc2)S(F)(F)(F)(F)F,CHEMBL3696425,IC50,6.64
4523544,CC(C)[C@H](CO)NCc1nc(ccc1F)c2ccc(OC(F)(F)F)cc2,CHEMBL3692235,IC50,6.64
4523553,CC(C)[C@H](CO)NCc1nc(ccc1F)c2ccc3sccc3c2,CHEMBL3696418,IC50,6.64
4523562,CC(C)[C@H](CO)NCc1nc(ccc1F)N2CCC(CC2)C(F)(F)F,CHEMBL3692279,IC50,6.66
4523571,OCC1(CCCC1)NCc2cccc(n2)c3cc(cc(c3)C(F)(F)F)C(F)(F)F,CHEMBL3696473,IC50,6.66
4523580,CC(C)[C@H](CO)NCc1nc(ccc1F)c2ccc(cc2)C(F)(F)F,CHEMBL3692233,IC50,6.7
4523589,CC(C)[C@H](CO)NCc1cccc(n1)C#Cc2ccc(F)c(F)c2,CHEMBL3696427,IC50,6.72
4523598,CC(C)[C@H](CO)NCc1nc(ccc1F)c2cccc(c2)S(=O)(=O)N(C)C(C)(C)C,CHEMBL3692275,IC50,6.72
4523607,CC(C)[C@H](CO)NCc1cccc(n1)c2ccc(F)c(c2)C(F)(F)F,CHEMBL3696429,IC50,6.75
4523616,CC(C)[C@H](CO)NCc1nc(ccc1F)N2CCc3ccccc3C2,CHEMBL3692282,IC50,6.75
4523625,CC(C)[C@@H](CO)NCc1nc(ccc1F)c2ccc(s2)C(F)(F)F,CHEMBL3696474,IC50,6.77
4523634,CC(C)[C@H](CO)NCc1cccc(n1)C#Cc2ccc(F)cc2,CHEMBL3696426,IC50,6.77
4523643,CC(C)[C@H](CO)NCc1nc(ccc1F)C#CCCC2CCCCC2,CHEMBL3696447,IC50,6.77
4523652,CC(C)[C@H](CO)NCc1nc(ccc1F)c2cc(F)c(F)c(F)c2,CHEMBL3696407,IC50,6.8
4523661,CC(C)[C@H](CO)NCc1nc(ccc1F)c2cc(F)c(F)cc2F,CHEMBL3696409,IC50,6.8
4523670,CC(C)[C@H](CO)NCc1nc(ccc1F)c2ccc(F)c(F)c2F,CHEMBL3696408,IC50,6.8
4523679,CC(CCO)CNCc1nc(ccc1F)N2Cc3ccccc3C2,CHEMBL3696458,IC50,6.8
4523689,O[C@H](c1ccccn1)C2(CCC2)c3ccc(Cl)c(Cl)c3,CHEMBL3828278,IC50,6.8
4523699,CC(C)[C@H](CO)NCc1nc(ccc1F)C2=CCC(F)(F)CC2,CHEMBL3696392,IC50,6.85
4523708,CC(C)[C@H](CO)NCc1nc(ccc1F)N2CCc3cccc(F)c3C2,CHEMBL3692310,IC50,6.85
4523717,CC(C)[C@H](CO)NCc1nc(ccc1F)c2ccc(F)c(F)c2,CHEMBL3696396,IC50,6.85
4523726,CC(C)[C@H](CO)NCc1nc(ccc1F)c2ccc(cn2)C(F)(F)F,CHEMBL3692284,IC50,6.85
4523735,CC(C)[C@H](CO)NCc1nc(ccc1F)C#Cc2ccccc2,CHEMBL3696448,IC50,6.89
4523744,CC(C)[C@H](CO)NCc1nc(ccc1F)N2Cc3cccc(F)c3C2,CHEMBL3692305,IC50,6.92
4523753,CC(C)[C@H](CO)NCc1nc(ccc1F)c2cc3ccccc3n2C(=O)OC(C)(C)C,CHEMBL3696433,IC50,6.92
4523762,CC(C)[C@H](CO)NCc1nc(ccc1F)c2ccc(F)c(Cl)c2,CHEMBL3696452,IC50,6.92
4523771,CC(C)[C@H](CO)NCc1nc(ccc1F)N2CCc3c(F)cccc3C2,CHEMBL3692308,IC50,6.96
4523780,CC(C)[C@H](CO)NCc1nc(ccc1F)C2=CCC(CC2)C(F)(F)F,CHEMBL3696391,IC50,7.1
4523789,CC(C)[C@H](CO)NCc1nc(ccc1F)c2cc(F)cc(F)c2,CHEMBL3696410,IC50,7.1
