,molecule_chembl_id,canonical_smiles,pchembl_value
0,tolrestat,COC1=CC=C2C(=CC=CC2=C1C(F)(F)F)C(=S)N(C)CC(O)=O,8.5086
1,epalrestat,C\C(\C=C1/SC(=S)N(CC(O)=O)C1=O)=C/C1=CC=CC=C1,7.6778
2,CHEMBL63389,CCN1C(=O)Nc2ccccc2C13NC(=O)NC3=O,6.0
3,CHEMBL303952,C[C@@H]1C[C@@](O)(CC(=O)O)c2cc(Cl)cc(Cl)c2O1,6.0
4,CHEMBL1917433,Cc1c(Sc2ccc(Cl)cc2)c3c(NS(=O)(=O)C)cccc3n1CC(=O)O,6.0
5,CHEMBL266497,Fc1ccc2OCC[C@]3(NC(=O)NC3=O)c2c1,6.0
6,CHEMBL422824,OC(=O)CC1=NN(Cc2cc3cc(Br)ccc3s2)C(=O)c4ccccc14,6.0
7,CHEMBL278832,OC(=O)CC1=NN(Cc2nc3ccc(O)cc3s2)C(=O)c4ccccc14,6.0
8,CHEMBL77601,OC(=O)Cc1ccc2C(=O)c3ccccc3C=Cc2c1,6.0
9,CHEMBL193570,OC(=O)Cn1cc(Cc2nc3ccc(F)cc3s2)c4ccccc14,6.0
10,CHEMBL71562,CCC[C@@H]1C[C@@](O)(CC(=O)O)c2cc(F)ccc2O1,6.01
11,CHEMBL56424,C[C@@H]1C[C@]2(NC(=O)NC2=O)c3cc(Cl)c[n+]([O-])c3O1,6.02
12,CHEMBL69586,C[C@H]1Oc2ccc(F)cc2[C@](O)(CC(=O)O)[C@H]1C,6.04
13,CHEMBL1668048,CC(=O)Oc1cc(OCC(=O)OCc2c(no[n+]2[O-])c3ccccc3)cc4OC(=CC(=O)c14)c5ccccc5,6.05
14,CHEMBL294612,C[C@H]1C[C@]2(NC(=O)NC2=O)c3cc(Cl)cnc3O1,6.05
15,CHEMBL342786,OC(=O)CC1=NN(Cc2cc3ccccc3[nH]2)C(=O)c4ccccc14,6.06
16,CHEMBL363415,Oc1ccc(nn1)S(=O)(=O)c2ccc(F)cc2F,6.06
17,CHEMBL63866,CN1C(=O)Nc2cccc(Cl)c2C13NC(=O)NC3=O,6.07
18,CHEMBL269089,CCOC(=O)C1=C(O)C(=O)N(C1)[C@H](C)c2ccccc2,6.08
19,CHEMBL538917,OC(=O)Cc1ccc2C(=O)c3cc(O)ccc3CCc2c1,6.08
20,CHEMBL69708,C[C@@H]1C[C@@](O)(CC(=O)O)c2cc(Cl)ccc2O1,6.09
21,CHEMBL1645381,OC(=O)CN1C(=O)S\C(=C/c2ccc(Oc3ccccc3)cc2)\C1=O,6.09
22,CHEMBL2260163,OC(=O)CN1C(=O)S\C(=C\c2ccc(cc2)[N+](=O)[O-])\C1=O,6.09
23,CHEMBL1914489,CC(=O)Nc1cccc2c1c(Sc3ccc(Cl)cc3)c(C)n2CC(=O)O,6.1
24,CHEMBL66636,CN1C(=O)N(C)C2(NC(=O)NC2=O)c3ccccc13,6.1
25,CHEMBL291842,CN1C(=O)Nc2ccc(C)cc2C13NC(=O)NC3=O,6.1
26,CHEMBL65701,CN1C(=O)Nc2ccc(Cl)cc2[C@]13NC(=O)NC3=O,6.11
27,CHEMBL65967,C[C@@H]1C[C@@](O)(CC(=O)O)c2ccc(Cl)c(Cl)c2O1,6.11
28,CHEMBL311679,O=C1Cc2ccc3C(=O)c4ccccc4CCc3c2O1,6.11
29,CHEMBL69371,OC(=O)CC1=NN(Cc2ccc(Br)cc2F)C(=O)c3ncccc13,6.12
30,CHEMBL77283,OC(=O)Cc1cc(O)c2C(=O)c3ccccc3C=Cc2c1,6.12
31,CHEMBL261703,OC(=O)[C@@H](Cc1cc(O)c(O)cc1[N+](=O)[O-])OC(=O)\C=C\c2cc(O)c(O)cc2[N+](=O)[O-],6.13
32,CHEMBL470376,Oc1cc(OCC(=O)OCc2c(no[n+]2[O-])c3ccccc3)cc4OC(=CC(=O)c14)c5ccccc5,6.13
33,CHEMBL143569,OC(=O)CC1=NN(Cc2snc3ccccc23)C(=O)c4ccccc14,6.14
34,CHEMBL599763,OC[C@H]1O[C@@H](Oc2ccc(\C=C\C(=O)c3ccc(O)cc3O)cc2)[C@H](O)[C@@H](O)[C@@H]1O,6.14
35,CHEMBL1917449,CC(=O)Nc1cccc2c1c(c(C)n2CC(=O)O)S(=O)(=O)c3ccc(Cl)cc3,6.15
36,CHEMBL19064,CCCCNS(=O)(=O)c1ccc(Cl)cc1C2NC(=O)NC2=O,6.16
37,CHEMBL19162,COc1cc(OC)c2sc(CN3N=C(CC(=O)O)c4ccccc4C3=O)nc2c1,6.16
38,CHEMBL279666,OC(=O)CC1=NN(Cc2nc3ccccc3s2)C(=O)c4cc(Br)ccc14,6.16
39,CHEMBL75245,OC(=O)Cc1ccc2C(=O)c3ccccc3CSc2c1,6.16
40,CHEMBL192534,OC(=O)Cn1cc(Cc2nc3c(F)cc(F)cc3s2)c4ccccc14,6.16
41,CHEMBL357435,OC(=O)CC1=NN(Cc2cc(ns2)c3ccccc3)C(=O)c4ccccc14,6.17
42,CHEMBL70247,OC(=O)Cc1nn(Cc2nc3ccccc3s2)c4ccccc14,6.17
43,CHEMBL431108,COc1cc(c2sc(CN3N=C(CC(=O)O)c4ccccc4C3=O)nc2c1)C(F)(F)F,6.18
44,CHEMBL140042,OC(=O)CC1=NN(Cc2oc(cn2)c3ccccc3)C(=O)c4ccccc14,6.18
45,CHEMBL2260153,OC(=O)CN1C(=O)S\C(=C\c2ccc(cc2)c3ccccc3)\C1=O,6.18
46,CHEMBL192213,OC(=O)Cn1cc(Cc2nc3ccc(Cl)cc3s2)c4ccccc14,6.18
47,CHEMBL197628,Oc1ccc(nn1)S(=O)(=O)Cc2ccc(Br)cc2F,6.18
48,CHEMBL69646,C[C@@H]1C[C@@](O)(CC(=O)O)c2cc(ccc2O1)C(=O)C,6.19
49,CHEMBL372815,Oc1ccc(nn1)S(=O)(=O)c2cc3ccc(Cl)cc3[nH]2,6.19
50,CHEMBL356286,OC(=O)CC1=NN(Cc2onc(n2)c3ccc(F)cc3F)C(=O)c4ccccc14,6.2
51,CHEMBL306591,CC[C@@H]1C[C@@](O)(CC(=O)O)c2cc(F)ccc2O1,6.21
52,CHEMBL278584,CSc1ccc(Cl)cc1C2NC(=O)NC2=O,6.21
53,CHEMBL278583,OC(=O)CC1=NN(Cc2nc3cc(Cl)cc(c3s2)C(F)(F)F)C(=O)c4ccccc14,6.21
54,CHEMBL277427,CS(=O)(=O)c1c(Cl)cc(Cl)cc1C2NC(=O)NC2=O,6.22
55,CHEMBL19885,CS(=O)(=O)c1ccc(F)cc1C2NC(=O)NC2=O,6.22
56,CHEMBL68635,OC(=O)C[C@]1(O)CCOc2ccc(F)cc12,6.22
57,CHEMBL151,Oc1cc(O)c2C(=O)C=C(Oc2c1)c3ccc(O)c(O)c3,6.22
58,CHEMBL199028,Oc1ccc(nn1)S(=O)(=O)Cc2ccccc2,6.22
59,CHEMBL74814,Oc1ccc(nn1)S(=O)(=O)c2ccccc2,6.22
60,CHEMBL72278,Oc1ccc(nn1)S(=O)(=O)c2cc3ccccc3[nH]2,6.23
61,CHEMBL68091,CC(C)[C@@H]1C[C@@](O)(CC(=O)O)c2cc(F)ccc2O1,6.24
62,CHEMBL429059,CCCNS(=O)(=O)c1ccc(Cl)cc1C2NC(=O)NC2=O,6.24
63,CHEMBL440790,CS(=O)(=O)c1c(cc(Cl)cc1C(F)(F)F)C2NC(=O)NC2=O,6.24
64,CHEMBL84060,NC(=O)[C@H]1C[C@]2(NC(=O)NC2=O)c3cc(F)ccc3O1,6.24
65,CHEMBL319244,Oc1ccc(\C=C\C(=O)OCCc2ccccc2)cc1O,6.24
66,CHEMBL191951,OC(=O)Cn1cc(Cc2nc3cc(F)c(F)cc3s2)c4ccccc14,6.25
67,CHEMBL1940910,OC[C@H]1O[C@@H](Oc2ccc(C(=O)\C=C\c3ccc(O)cc3)c(O)c2)[C@H](O[C@@H]4OC[C@](O)(CO)[C@H]4O)[C@@H](O)[C@@H]1O,6.25
68,CHEMBL143903,OC(=O)CC1=NN(Cc2oc3cc(Br)ccc3n2)C(=O)c4ccccc14,6.27
69,CHEMBL198119,Oc1ccc(nn1)S(=O)(=O)c2ccccc2F,6.27
70,CHEMBL20756,OC(=O)CC1=NN(Cc2nc3c(ccc4ccccc34)s2)C(=O)c5ccccc15,6.29
71,CHEMBL51483,CC(C)c1c(O)c(O)c(C=O)c2c(O)c(c(C)cc12)c3c(C)cc4c(C(C)C)c(O)c(O)c(C=O)c4c3O,6.3
72,CHEMBL7603,CCOC(=O)C1=C(O)C(=O)N(Cc2ccc(Br)cc2)C1,6.3
73,CHEMBL54342,C[C@@H]1C[C@]2(NC(=O)NC2=O)c3cc(Br)cnc3O1,6.3
74,CHEMBL197544,Oc1ccc(nn1)S(=O)(=O)Cc2ccccc2C(F)(F)F,6.3
75,CHEMBL2260158,OC(=O)CN1C(=O)S\C(=C\c2ccc(O)cc2)\C1=O,6.31
76,CHEMBL65316,CN1C(=O)Nc2cc(ccc2C13NC(=O)NC3=O)[N+](=O)[O-],6.32
77,CHEMBL1645383,COc1cccc(\C=C\2/SC(=O)N(CC(=O)O)C2=O)c1,6.32
78,CHEMBL425922,Oc1ccc(nn1)S(=O)(=O)c2ccc(F)cc2,6.32
79,CHEMBL63527,CN1C(=O)Nc2ccc(c(Cl)c2C13NC(=O)NC3=O)[N+](=O)[O-],6.33
80,CHEMBL356545,COc1ccccc1c2noc(CN3N=C(CC(=O)O)c4ccccc4C3=O)n2,6.33
81,CHEMBL2111987,OC(=O)CC1=NN(Cc2noc(n2)c3ccccc3C(F)(F)F)C(=O)c4ccccc14,6.33
82,CHEMBL19781,[O-][S+](Cc1ccc(Cl)cc1)c2ccc(Cl)cc2C3NC(=O)NC3=O,6.33
83,CHEMBL21101,OC(=O)CC1=NN(CCc2nc3cc(ccc3s2)C(F)(F)F)C(=O)c4ccccc14,6.34
84,CHEMBL143387,OC(=O)CC1=NN(Cc2csc(n2)c3ccccc3F)C(=O)c4ccccc14,6.34
85,CHEMBL197678,Oc1ccc(nn1)S(=O)(=O)c2cc3cccc(Cl)c3[nH]2,6.35
86,CHEMBL73330,Oc1ccc(nn1)S(=O)(=O)c2nc3ccccc3s2,6.35
87,CHEMBL6828,CCOC(=O)C1=C(O)C(=O)N(Cc2ccccn2)C1,6.36
88,CHEMBL342524,OC(=O)CC1=NN(CC(=O)Nc2ccc(Cl)cc2)C(=O)c3ccccc13,6.36
89,CHEMBL61955,CN1C(=O)Nc2cc(N3CCOCC3)c(cc2C14NC(=O)NC4=O)[N+](=O)[O-],6.37
90,CHEMBL357074,OC(=O)CC1=NN(CC(=O)Nc2ccccc2Cl)C(=O)c3ccccc13,6.37
91,CHEMBL19838,Cc1cccc2C(=NN(Cc3nc4ccccc4s3)C(=O)c12)CC(=O)O,6.38
92,CHEMBL143872,OC(=O)CC1=NN(Cc2cc3cccnc3s2)C(=O)c4ccccc14,6.38
93,CHEMBL67922,OC(=O)CC1=NN(Cc2ccc(Br)cc2F)C(=O)c3cc4ccccc4cc13,6.38
94,CHEMBL20925,OC(=O)CC1=NN(Cc2nc3cc(Cl)c(Cl)cc3s2)C(=O)c4ccccc14,6.38
95,CHEMBL199069,Oc1ccc(nn1)S(=O)(=O)Cc2ccccc2F,6.38
96,CHEMBL414208,CCOC(=O)C1=C(O)C(=O)N(Cc2ccc(OC)cc2)C1,6.39
97,CHEMBL307121,C[C@@H]1C[C@@](O)(CC(=O)O)c2cc(Cl)c(F)cc2O1,6.39
98,CHEMBL1917446,Cc1ccc2c(c1)c(c(C)n2CC(=O)O)S(=O)(=O)c3ccc(Cl)cc3,6.39
99,CHEMBL67264,CC1(C)C[C@@](O)(CC(=O)O)c2cc(ccc2O1)[N+](=O)[O-],6.4
100,CHEMBL282245,CN(C)S(=O)(=O)c1ccc2Oc3ccc(cc3C(=O)c2c1)C(=O)O,6.4
101,CHEMBL63812,CN1C(=O)Nc2cccc(C)c2C13NC(=O)NC3=O,6.4
102,CHEMBL421111,C[C@@H]1C[C@@](O)(CC(=O)O)c2cc(Cl)c3ccccc3c2O1,6.4
103,CHEMBL1668046,Oc1cc(OCC(=O)OCc2ccc(OCc3c(no[n+]3[O-])c4ccccc4)cc2)cc5OC(=CC(=O)c15)c6ccccc6,6.4
104,CHEMBL133714,Oc1ccc(\C=C\C(=O)OCc2ccccc2)cc1O,6.4
105,CHEMBL66192,CC(C)CN1C(=O)N(C)C2(NC(=O)NC2=O)c3ccccc13,6.41
106,CHEMBL1673027,Oc1c(F)cc(cc1F)n2ccc(c2)C(=O)c3ccccc3,6.41
107,CHEMBL198004,Oc1ccc(nn1)S(=O)(=O)c2cccc(F)c2F,6.41
108,CHEMBL18865,CC(C)S(=O)(=O)c1ccc(Cl)cc1C2NC(=O)NC2=O,6.42
109,CHEMBL6944,CCOC(=O)C1=C(O)C(=O)N(Cc2cccs2)C1,6.42
110,CHEMBL425745,Oc1ccc(nn1)S(=O)(=O)c2ccc(Cl)cc2,6.42
111,CHEMBL15770,C[S+]([O-])c1ccc(\C=C/2\C(=C(CC(=O)O)c3cc(F)ccc23)C)cc1,6.43
112,CHEMBL304798,CC(C)(C)[C@@H]1C[C@@](O)(CC(=O)O)c2cc(F)ccc2O1,6.44
113,CHEMBL293475,COc1ccc2c(NC(=O)N(C)C23NC(=O)NC3=O)c1,6.44
114,CHEMBL372861,Oc1ccc(nn1)S(=O)(=O)c2ccc(cc2)C(F)(F)F,6.44
115,CHEMBL369911,Oc1ccc(nn1)S(=O)(=O)c2ccc3ccccc3c2,6.44
116,CHEMBL71820,C[C@@H]1C[C@@](O)(CC(=O)O)c2cc(F)c(F)cc2O1,6.46
117,CHEMBL2079662,O.OC(=O)CC1=NN(Cc2nc3c(ccc4ccccc34)s2)C(=O)c5ccc(Cl)cc15,6.46
118,CHEMBL1944853,OC(=O)Cn1c2C(=S)N(Cc3ccccc3)CCc2c4cc(Cl)ccc14,6.46
119,CHEMBL413566,Oc1ccc(nn1)S(=O)(=O)c2ccc(Br)cc2,6.46
120,CHEMBL69183,OC(=O)CC1=NN(Cc2nc3cc(ccc3s2)C(F)(F)F)C(=O)C=C1,6.47
121,CHEMBL312109,OC(=O)Cc1ccc2C(=O)c3ccccc3COc2c1,6.48
122,CHEMBL418008,Cc1ccc2nc(CN3N=C(CC(=O)O)c4ccccc4C3=O)sc2c1,6.5
123,CHEMBL20365,Cc1ccc2nc(CN3N=C(CC(=O)O)c4ccccc4C3=O)sc2c1F,6.5
124,CHEMBL1946965,OC(=O)Cn1c2C(=S)N(Cc3ccccc3)CCc2c4cc(Br)ccc14,6.5
125,CHEMBL129795,Oc1ccc(\C=C\C(=O)c2ccc(O)cc2O)cc1,6.5
126,CHEMBL7183,CCOC(=O)C1=C(O)C(=O)N(Cc2ccc(Cl)cc2)C1,6.51
127,CHEMBL293869,CN1C(=O)Nc2ccccc2[C@@]13NC(=O)NC3=O,6.51
128,CHEMBL114289,COc1c(c(C)cc2c(C(C)C)c(O)c(O)c(C=O)c12)c3c(C)cc4c(C(C)C)c(O)c(O)c(C=O)c4c3OC,6.51
129,CHEMBL71701,C[C@@H]1C[C@@](O)(CC(=O)O)c2cc(F)ccc2O1,6.51
130,CHEMBL7224,CCOC(=O)C1=C(O)C(=O)N(C1)C2c3ccccc3c4ccccc24,6.52
131,CHEMBL279275,OC(=O)CC1=NN(Cc2nc3c(ccc4ccccc34)s2)C(=O)c5ccc(Cl)cc15,6.52
132,CHEMBL284616,O[C@@H]1C[C@](O)(C[C@@H](OC(=O)\C=C\c2ccc(O)c(O)c2)[C@@H]1O)C(=O)O,6.52
133,CHEMBL68586,CC1=C(C)C(=NN(Cc2ccc(Br)cc2F)C1=O)CC(=O)O,6.54
134,CHEMBL65870,CN1C(=O)Nc2ccccc2C13NC(=O)NC3=O,6.55
135,CHEMBL1917444,COc1ccc(Sc2c(C)n(CC(=O)O)c3ccc(C)cc23)cc1,6.55
136,CHEMBL1645384,O=C1NC(=O)\C(=C\c2cccc(Oc3ccccc3)c2)\S1,6.55
137,CHEMBL1645382,OC(=O)CN1C(=O)S\C(=C/c2ccc(OCc3ccccc3)cc2)\C1=O,6.55
138,CHEMBL73491,Oc1ccc(nn1)S(=O)(=O)c2ccc(F)cc2Cl,6.55
139,CHEMBL19502,Cc1cc(Cl)cc(C2NC(=O)NC2=O)c1S(=O)(=O)C,6.57
140,CHEMBL19649,Clc1ccc(CS(=O)(=O)c2ccc(Cl)cc2C3NC(=O)NC3=O)cc1,6.57
141,CHEMBL269550,CCOC(=O)C1=C(O)C(=O)N(Cc2ccccc2)C1,6.59
142,CHEMBL65731,CN1C(=O)Nc2c(cc(cc2C13NC(=O)NC3=O)[N+](=O)[O-])[N+](=O)[O-],6.59
143,CHEMBL2260152,COC(=O)CN1C(=O)S\C(=C\c2cccc(Oc3ccccc3)c2)\C1=O,6.59
144,CHEMBL197806,Oc1ccc(nn1)S(=O)(=O)Cc2cccc(F)c2F,6.59
145,CHEMBL443492,CCCS(=O)(=O)c1ccc(Cl)cc1C2NC(=O)NC2=O,6.6
146,CHEMBL279274,C[S+]([O-])c1ccc(Cl)cc1C2NC(=O)NC2=O,6.6
147,CHEMBL141135,OC(=O)CC1=NN(Cc2cc3cc(Cl)ccc3s2)C(=O)c4ccccc14,6.6
148,CHEMBL7415,CCOC(=O)C1=C(O)C(=O)N(Cc2ccc(Cl)c(Cl)c2)C1,6.62
149,CHEMBL304257,CCOC(=O)c1ccc2NC(=O)N(C)C3(NC(=O)NC3=O)c2c1,6.62
150,CHEMBL69689,C[C@@H]1C[C@@](O)(CC(=O)O)c2cc(Cl)c(C)cc2O1,6.62
151,CHEMBL143241,OC(=O)CC1=NN(Cc2onc(n2)c3c(F)cccc3Cl)C(=O)c4ccccc14,6.62
152,CHEMBL1946966,OC(=O)Cn1c2C(=S)N(Cc3ccccc3)CCc2c4ccc(Cl)cc14,6.62
153,CHEMBL197924,Oc1ccc(nn1)S(=O)(=O)c2cccc(Cl)c2,6.62
154,CHEMBL18854,CCCCCCS(=O)(=O)c1ccc(Cl)cc1C2NC(=O)NC2=O,6.64
155,CHEMBL241570,COc1ccc2oc(cc2c1)S(=O)(=O)C3=NNC(=O)C=C3,6.64
156,CHEMBL19873,COc1ccc2sc(CN3N=C(CC(=O)O)c4ccccc4C3=O)nc2c1,6.64
157,CHEMBL274727,Fc1ccc(NS(=O)(=O)c2ccc(Cl)cc2C3NC(=O)NC3=O)cc1,6.64
158,CHEMBL1946960,OC(=O)Cn1c2C(=S)N(Cc3ccccc3)CCc2c4cc(F)ccc14,6.64
159,CHEMBL10350,OC(=O)CC1C(=O)N(Cc2ccc(Br)cc2F)C(=O)c3ccc(F)cc13,6.65
160,CHEMBL65659,CN1C(=O)Nc2cc(C)ccc2C13NC(=O)NC3=O,6.66
161,CHEMBL19316,Clc1ccc(CCS(=O)(=O)c2ccc(Cl)cc2C3NC(=O)NC3=O)cc1,6.66
162,CHEMBL141390,OC(=O)CC1=NN(Cc2onc(n2)c3ccccc3C(F)(F)F)C(=O)c4ccccc14,6.66
163,CHEMBL1946959,OC(=O)Cn1c2C(=S)N(Cc3ccccc3)CCc2c4ccccc14,6.66
164,CHEMBL1668044,Oc1cc(OCC(=O)OCc2cccc(OCc3c(no[n+]3[O-])c4ccccc4)c2)cc5OC(=CC(=O)c15)c6ccccc6,6.66
165,CHEMBL77692,CC(C(=O)O)c1cc(O)c2C(=O)c3ccccc3CCc2c1,6.68
166,CHEMBL74579,Oc1ccc(nn1)S(=O)(=O)c2ccccc2Br,6.68
167,CHEMBL1944856,CC(C)c1ccc2c(c1)c3CCN(Cc4ccccc4)C(=S)c3n2CC(=O)O,6.7
168,CHEMBL266773,CCOC(=O)C1=C(O)C(=O)N(Cc2ccncc2)C1,6.7
169,CHEMBL342974,OC(=O)CC1=NN(CC(=O)Nc2cc(ccc2O)C(F)(F)F)C(=O)c3ccccc13,6.7
170,CHEMBL141013,OC(=O)CC1=NN(C\C(=N\c2cc(ccc2Br)C(F)(F)F)\S)C(=O)c3ccccc13,6.7
171,CHEMBL1944861,OC(=O)Cn1c2C(=S)N(Cc3ccccc3)CCc2c4cc(O)ccc14,6.7
172,CHEMBL6246,Oc1cc2C(=O)Oc3c(O)c(O)cc4C(=O)Oc(c1O)c2c34,6.7
173,CHEMBL370444,Oc1ccc(nn1)S(=O)(=O)c2cc3cc(Cl)cc(Cl)c3[nH]2,6.7
174,CHEMBL19532,CCCCCNS(=O)(=O)c1ccc(Cl)cc1C2NC(=O)NC2=O,6.72
175,CHEMBL68992,COc1cc2O[C@H](C)C[C@@](O)(CC(=O)O)c2cc1Cl,6.72
176,CHEMBL199100,Cc1c(oc2cc(Cl)ccc12)S(=O)(=O)c3ccc(O)nn3,6.72
177,CHEMBL335776,Fc1cc(Br)ccc1CN2C(=O)c3cccn3[C@]4(CC(=O)NC4=O)C2=O,6.72
178,CHEMBL1944857,OC(=O)Cn1c2C(=S)N(Cc3ccccc3)CCc2c4c(Cl)cc(Cl)cc14,6.72
179,CHEMBL1944854,OC(=O)Cn1c2C(=S)N(Cc3ccccc3)CCc2c4cc(I)ccc14,6.72
180,CHEMBL74183,Oc1ccc(nn1)S(=O)(=O)c2ccc(Cl)cc2Cl,6.72
181,CHEMBL19495,CCS(=O)(=O)c1ccc(Cl)cc1C2NC(=O)NC2=O,6.75
182,CHEMBL70014,C[C@@H]1C[C@@](O)(CC(=O)O)c2cc(Cl)c(Cl)cc2O1,6.75
183,CHEMBL241572,OC(=O)COc1ccccc1C(=O)NCc2ccc(Br)cc2F,6.75
184,CHEMBL73415,Oc1ccc(nn1)S(=O)(=O)c2cc3ccccc3s2,6.75
185,CHEMBL194905,Oc1ccc(nn1)S(=O)(=O)c2cccc(c2)C(F)(F)F,6.76
186,CHEMBL143863,OC(=O)CC1=NN(CC(=O)Nc2cc(F)cc(F)c2O)C(=O)c3ccccc13,6.77
187,CHEMBL20575,OC(=O)CC1=NN(Cc2nc3c(Cl)cc(Cl)cc3s2)C(=O)c4ccccc14,6.77
188,CHEMBL1944862,OC(=O)Cn1c2C(=S)N(Cc3ccccc3)CCc2c4cc(ccc14)C(=O)O,6.77
189,CHEMBL72699,Oc1ccc(nn1)S(=O)(=O)c2ccccc2Cl,6.77
190,CHEMBL193307,CC(C(=O)O)n1cc(Cc2nc3c(F)c(F)cc(F)c3s2)c4ccccc14,6.79
191,CHEMBL197841,Cc1ccc2sc(cc2c1)S(=O)(=O)c3ccc(O)nn3,6.8
192,CHEMBL143231,OC(=O)CC1=NN(Cc2onc(n2)c3ccccc3)C(=O)c4ccccc14,6.8
193,CHEMBL357206,OC(=O)CC1=NN(Cc2onc(n2)c3ccccn3)C(=O)c4ccccc14,6.81
194,CHEMBL110030,CC(C)c1c(O)c(O)c2C(=O)Oc3c(c(C)cc1c23)c4c(C)cc5c(C(C)C)c(O)c(O)c6C(=O)Oc4c56,6.82
195,CHEMBL2042239,CN1C(=O)N(Cc2cc(Cl)ccc2F)C(=O)[C@]13C(=O)N(CC(=O)O)c4ccc(Cl)cc34,6.82
196,CHEMBL1944855,COc1ccc2c(c1)c3CCN(Cc4ccccc4)C(=S)c3n2CC(=O)O,6.82
197,CHEMBL82242,C[C@@H]1O[C@@H](OC2=C(Oc3cc(O)cc(O)c3C2=O)c4ccc(O)c(O)c4)[C@H](O)[C@H](O)[C@H]1O,6.82
198,CHEMBL279878,NS(=O)(=O)c1ccc(Cl)cc1C2NC(=O)NC2=O,6.82
199,CHEMBL241777,O=C1NN=C(C=C1)S(=O)(=O)c2oc3ccccc3c2,6.82
200,CHEMBL357460,OC(=O)CC1=NN(Cc2cc3cc(F)ccc3s2)C(=O)c4ccccc14,6.82
201,CHEMBL143551,OC(=O)CC1=NN(Cc2oc3ccc(Cl)cc3c2)C(=O)c4ccccc14,6.82
202,CHEMBL486917,OC(=O)CN1C(=O)S\C(=C/c2ccc(O)cc2)\C1=O,6.82
203,CHEMBL194582,Oc1ccc(nn1)S(=O)(=O)c2cccc3ccccc23,6.82
204,CHEMBL2260155,Oc1cccc(\C=C/2\SC(=O)NC2=O)c1,6.82
205,CHEMBL10552,Fc1ccc2C(=O)N(Cc3nc4cc(ccc4s3)C(F)(F)F)C(=O)C5(CC(=O)NC5=O)c2c1,6.84
206,CHEMBL63640,CN1C(=O)Nc2c(F)c(F)c(F)cc2C13NC(=O)NC3=O,6.85
207,CHEMBL198331,Cc1c(oc2ccccc12)S(=O)(=O)c3ccc(O)nn3,6.85
208,CHEMBL281620,Fc1ccc(CN2CC3(NC(=O)NC3=O)c4cc(F)ccc24)cc1,6.85
209,CHEMBL66879,OC(=O)\C=C\c1ccc(O)cc1,6.85
210,CHEMBL307279,Oc1ccc(nn1)S(=O)(=O)c2ccc(Br)cc2F,6.85
211,CHEMBL65181,CN1C(=O)Nc2c(N)cc(Cl)cc2C13NC(=O)NC3=O,6.89
212,CHEMBL19744,CNS(=O)(=O)c1ccc(Cl)cc1C2NC(=O)NC2=O,6.89
213,CHEMBL441254,C[C@@H]1C[C@@](O)(CC(=O)O)c2cc(C#N)c(F)cc2O1,6.89
214,CHEMBL1645380,OC(=O)CN1C(=O)S\C(=C/c2cccc(Oc3ccccc3)c2)\C1=O,6.89
215,CHEMBL2260162,OC(=O)CN1C(=O)S\C(=C\c2cccc(c2)[N+](=O)[O-])\C1=O,6.89
216,CHEMBL371122,OC(=O)Cn1cc(Cc2nc3cc(ccc3s2)C(F)(F)F)c4cc(Cl)ccc14,6.89
217,CHEMBL66637,CN1C(=O)Nc2cc(Cl)c(cc2C13NC(=O)NC3=O)[N+](=O)[O-],6.92
218,CHEMBL68963,C[C@@H]1C[C@@](O)(CC(=O)O)c2cc(F)c(Br)cc2O1,6.92
219,CHEMBL342339,OC(=O)CC1=NN(Cc2cc3ccccc3s2)C(=O)c4ccccc14,6.92
220,CHEMBL20884,OC(=O)CC1=NN(Cc2nc3cc(c(O)cc3s2)C(F)(F)F)C(=O)c4ccccc14,6.92
221,CHEMBL373040,Oc1ccc(nn1)S(=O)(=O)Cc2ccccc2Cl,6.93
222,CHEMBL1917448,COc1cccc(c1)S(=O)(=O)c2c(C)n(CC(=O)O)c3ccc(C)cc23,6.94
223,CHEMBL282435,CC(C)c1ccc2C(=NN(Cc3nc4ccccc4s3)C(=O)c2c1)CC(=O)O,6.96
224,CHEMBL277928,CC(C)c1ccc2C(=O)N(Cc3nc4ccccc4s3)N=C(CC(=O)O)c2c1,6.96
225,CHEMBL303474,C[C@@H]1C[C@@](O)(CC(=O)O)c2cc(c(Cl)cc2O1)[N+](=O)[O-],6.96
226,CHEMBL142879,OC(=O)CC1=NN(Cc2cc3c(Cl)cccc3s2)C(=O)c4ccccc14,6.96
227,CHEMBL20253,OC(=O)CC1=NN(Cc2nc3cc(Cl)c(F)cc3s2)C(=O)c4ccccc14,6.96
228,CHEMBL419254,OC(=O)Cc1nn(Cc2nc3cc(F)cc(F)c3s2)c4ccc(Cl)cc14,6.96
229,CHEMBL240719,Cc1ccccc1CC(=O)Nc2cc(C)c(c(C)c2)S(=O)(=O)NCC(=O)O,6.97
230,CHEMBL305985,CCc1cc2O[C@H](C)C[C@@](O)(CC(=O)O)c2cc1Cl,7.0
231,CHEMBL66588,CN1C(=O)Nc2ccc(F)cc2C13NC(=O)NC3=O,7.0
232,CHEMBL19373,COc1cccc2sc(CN3N=C(CC(=O)O)c4ccccc4C3=O)nc12,7.0
233,CHEMBL192453,Cc1ccc2c(c1)c(Cc3nc4cc(ccc4s3)C(F)(F)F)cn2CC(=O)O,7.0
234,CHEMBL19711,Clc1ccc(c(c1)C2NC(=O)NC2=O)S(=O)(=O)NCCCc3ccccc3,7.0
235,CHEMBL283364,OC(=O)CC1=NN(Cc2nc3c(Cl)c(Cl)ccc3s2)C(=O)c4ccccc14,7.0
236,CHEMBL20441,OC(=O)CC1=NN(Cc2nc3c(O)cccc3s2)C(=O)c4ccccc14,7.0
237,CHEMBL20115,OC(=O)CC1=NN(Cc2nc3cc(F)cc(c3s2)C(F)(F)F)C(=O)c4ccccc14,7.0
238,CHEMBL69907,OC(=O)Cc1nn(Cc2oc3ccccc3n2)c4ccc(Cl)cc14,7.0
239,CHEMBL364699,OC(=O)Cn1c(c(Cc2nc3c(F)c(F)cc(F)c3s2)c4ccccc14)c5ccccc5,7.0
240,CHEMBL410917,OC(=O)Cn1cc(Cc2nc3cc(ccc3s2)C(F)(F)F)c4ccccc14,7.0
241,CHEMBL291854,CN1C(=O)Nc2cc(Cl)ccc2C13NC(=O)NC3=O,7.03
242,CHEMBL19893,OC(=O)CC1=NN(Cc2nc3cc(cc(Cl)c3s2)C(F)(F)F)C(=O)c4ccccc14,7.03
243,CHEMBL372193,CC(C)c1c(oc2ccc(Cl)cc12)S(=O)(=O)c3ccc(O)nn3,7.04
244,CHEMBL302804,C[C@@H]1C[C@@](O)(CC(=O)O)c2cc(c(C)cc2O1)[N+](=O)[O-],7.05
245,CHEMBL142274,OC(=O)CC1=NN(Cc2oc3ccccc3n2)C(=O)c4ccccc14,7.05
246,CHEMBL239440,Clc1cc(Cl)c2oc(cc2c1)S(=O)(=O)C3=NNC(=O)C=C3,7.06
247,CHEMBL21136,OC(=O)CC1=NN(Cc2nc3cc(O)cc(O)c3s2)C(=O)c4ccccc14,7.06
248,CHEMBL249447,O[C@@H]1[C@@H](C[C@](O)(C[C@H]1OC(=O)\C=C\c2ccc(O)c(O)c2)C(=O)O)OC(=O)\C=C\c3ccc(O)c(O)c3,7.06
249,CHEMBL281407,OC(=O)CC1=NN(CSc2nc3ccccc3s2)C(=O)c4ccccc14,7.09
250,CHEMBL10372,OC(=O)CC1=NN(Cc2nc3cc(ccc3s2)C(F)(F)F)C(=O)c4ccccc14,7.09
251,CHEMBL69546,C[C@@H]1C[C@@](O)(CC(=O)O)c2cc(ccc2O1)[N+](=O)[O-],7.1
252,CHEMBL10382,CN1C(=O)c2ccc(Cl)cc2C3(CC(=O)NC3=O)C1=O,7.11
253,CHEMBL143211,OC(=O)CC1=NN(Cc2oc3ccc(Cl)cc3n2)C(=O)c4ccccc14,7.11
254,CHEMBL249448,O[C@@H]1C[C@](O)(C[C@@H](OC(=O)\C=C\c2ccc(O)c(O)c2)[C@@H]1OC(=O)\C=C\c3ccc(O)c(O)c3)C(=O)O,7.11
255,CHEMBL20581,OC(=O)CC1=NN(Cc2nc3ccc(Cl)cc3s2)C(=O)c4ccccc14,7.12
256,CHEMBL303362,CN1C(=O)Nc2cc(Cl)c(Cl)cc2C13NC(=O)NC3=O,7.13
257,CHEMBL63429,CN1C(=O)Nc2ccc(cc2C13NC(=O)NC3=O)[N+](=O)[O-],7.14
258,CHEMBL10615,CN1C(=O)c2ccc(F)cc2C3(CC(=O)NC3=O)C1=O,7.14
259,CHEMBL292998,COc1c(Cl)cc2c(NC(=O)N(C)C23NC(=O)NC3=O)c1Cl,7.14
260,CHEMBL273910,Fc1ccc2C(=O)N(Cc3ccc(Br)cc3F)C(=O)C4(CC(=O)NC4=O)c2c1,7.14
261,CHEMBL292963,Fc1ccc2C(=O)N(Cc3ccc(Br)cc3F)C(=O)[C@]4(CC(=O)NC4=O)c2c1,7.14
262,CHEMBL433987,Oc1ccc(nn1)S(=O)(=O)Cc2cccc(c2)C(F)(F)F,7.14
263,CHEMBL371901,Oc1ccc(nn1)S(=O)(=O)c2cc(Cl)ccc2Cl,7.14
264,CHEMBL304302,C[C@@H]1C[C@@](O)(CC(=O)O)c2cc(Cl)c(Br)cc2O1,7.16
265,CHEMBL69769,C[C@@H]1C[C@@](O)(CC(=O)O)c2cc(c(F)cc2O1)[N+](=O)[O-],7.16
266,CHEMBL70190,C[C@@H]1C[C@@](O)(CC(=O)O)c2ccc(cc2O1)C(=O)O,7.16
267,CHEMBL20740,OC(=O)CC1=NN(Cc2nc3ccc(cc3s2)C(F)(F)F)C(=O)c4ccccc14,7.16
268,CHEMBL20306,OC(=O)CC1=NN(Cc2nc3cc(F)c(F)cc3s2)C(=O)c4ccccc14,7.17
269,CHEMBL7679,OC(=O)CC1=NN(Cc2ccc(Br)cc2F)C(=O)c3ccccc13,7.18
270,CHEMBL63778,CN1C(=O)Nc2ccc(F)cc2[C@@]13NC(=O)NC3=O,7.19
271,CHEMBL421487,OC(=O)Cc1nn(Cc2nc3cc(Br)ccc3s2)c4ccc(Cl)cc14,7.19
272,CHEMBL1917450,Cc1c(c2c(NS(=O)(=O)C)cccc2n1CC(=O)O)S(=O)(=O)c3ccc(Cl)cc3,7.2
273,CHEMBL418007,CSc1ccc2sc(CN3N=C(CC(=O)O)c4ccccc4C3=O)nc2c1,7.22
274,CHEMBL69938,C[C@@H]1C[C@@](O)(CC(=O)O)c2cc(Cl)c(OCc3ccccc3)cc2O1,7.22
275,CHEMBL303218,C[C@@H]1C[C@@](O)(CC(=O)O)c2cc(F)c(Cl)cc2O1,7.22
276,CHEMBL65385,COc1cc2NC(=O)N(C)C3(NC(=O)NC3=O)c2cc1Cl,7.23
277,CHEMBL67591,OC(=O)Cc1nn(Cc2nc3ccccc3s2)c4ccc(Cl)cc14,7.24
278,CHEMBL1405739,OC(=O)Cn1c2ccccc2c3nnc(S)nc13,7.24
279,CHEMBL65372,CN1C(=O)Nc2ccc(Cl)cc2C13NC(=O)NC3=O,7.25
280,CHEMBL371914,Cc1c(sc2ccc(Cl)cc12)S(=O)(=O)c3ccc(O)nn3,7.26
281,CHEMBL269455,Fc1ccc2c3ccc(F)cc3C4(NC(=O)NC4=O)c2c1,7.26
282,CHEMBL364313,OC(=O)Cn1cc(Cc2nc3cccc(F)c3s2)c4ccccc14,7.26
283,CHEMBL198764,Oc1ccc(nn1)S(=O)(=O)c2cccc(Cl)c2Cl,7.26
284,CHEMBL198250,Oc1ccc(nn1)S(=O)(=O)Cc2cccc(Cl)c2F,7.27
285,CHEMBL303058,CN1C(=O)Nc2ccc(Br)cc2C13NC(=O)NC3=O,7.28
286,CHEMBL140750,OC(=O)CC1=NN(C\C(=N\c2cccc(c2)C(F)(F)F)\S)C(=O)c3ccccc13,7.28
287,CHEMBL192182,OC(=O)Cn1cc(Cc2nc3c(F)c(F)cc(F)c3s2)c4cc(ccc14)c5ccccc5,7.28
288,CHEMBL191570,OC(=O)Cn1cc(Cc2nc3cc(ccc3s2)C(F)(F)F)c4ccc(Br)cc14,7.28
289,CHEMBL372641,Oc1ccc(nn1)S(=O)(=O)Cc2c(Cl)cccc2Cl,7.28
290,CHEMBL19427,CCCCCS(=O)(=O)c1ccc(Cl)cc1C2NC(=O)NC2=O,7.3
291,CHEMBL277520,CS(=O)(=O)c1ccc(Cl)cc1C2NC(=O)NC2=O,7.3
292,CHEMBL140012,OC(=O)CC1=NN(C\C(=N\c2cccc(Cl)c2)\S)C(=O)c3ccccc13,7.3
293,CHEMBL197712,Oc1ccc(nn1)S(=O)(=O)c2c(Cl)cccc2Cl,7.3
294,CHEMBL372136,Oc1ccc(nn1)S(=O)(=O)c2oc3ccccc3c2c4ccc(F)cc4,7.31
295,CHEMBL66476,CN1C(=O)Nc2c(cc(Cl)cc2C13NC(=O)NC3=O)[N+](=O)[O-],7.34
296,CHEMBL69537,OC(=O)CC1=NN(Cc2nc3ccccc3s2)C(=O)c4cc5ccccc5cc14,7.34
297,CHEMBL278522,OC(=O)CC1=NN(Cc2nc3ccccc3s2)C(=O)c4ccc(cc14)[N+](=O)[O-],7.34
298,CHEMBL10413,OC(=O)CN1C(=O)N(Cc2ccc(Br)cc2F)C(=O)c3ccc(Cl)cc13,7.36
299,CHEMBL446704,Oc1ccc(nn1)S(=O)(=O)Cc2cccc(c2F)C(F)(F)F,7.36
300,CHEMBL282017,CC(N1N=C(CC(=O)O)c2ccccc2C1=O)c3nc4ccccc4s3,7.37
301,CHEMBL303779,CN1C(=O)Nc2c(F)cccc2C13NC(=O)NC3=O,7.38
302,CHEMBL20304,Cc1cccc2C(=NN(Cc3nc4c(ccc5ccccc45)s3)C(=O)c12)CC(=O)O,7.38
303,CHEMBL417643,OC(=O)CC1=NN(Cc2nc3cc(O)ccc3s2)C(=O)c4ccccc14,7.39
304,CHEMBL309132,OC(=O)CC1=NN(Cc2nc3cc(ccc3s2)C(F)(F)F)C(=O)c4cccnc14,7.39
305,CHEMBL2260157,COC(=O)CN1C(=O)S\C(=C\c2ccc(O)cc2)\C1=O,7.41
306,CHEMBL283151,CC(N1N=C(CC(=O)O)c2ccccc2C1=O)c3nc4cc(ccc4s3)C(F)(F)F,7.43
307,CHEMBL416870,CN1C(=O)Nc2c(Cl)cc(Cl)cc2C13NC(=O)NC3=O,7.43
308,CHEMBL20685,Clc1ccc2N(Cc3nc4ccccc4s3)CC5(NC(=O)NC5=O)c2c1,7.43
309,CHEMBL344526,OC(=O)CC1=NN(Cc2cn3ccc(Cl)cc3n2)C(=O)c4ccccc14,7.43
310,CHEMBL1169756,COc1ccc(OC)c(c1)\N=C\2/Oc3cc(O)ccc3C=C2C(=O)Nc4ccccn4,7.44
311,CHEMBL84446,NC(=O)[C@@H]1C[C@]2(NC(=O)NC2=O)c3cc(F)ccc3O1,7.46
312,CHEMBL240720,OC(=O)COc1cc(Cl)ccc1C(=O)NCc2nc3cc(ccc3s2)C(F)(F)F,7.46
313,CHEMBL68705,OC(=O)Cc1nn(Cc2nc3cc(ccc3s2)C(F)(F)F)c4ccc(Cl)cc14,7.46
314,CHEMBL197805,Oc1ccc(nn1)S(=O)(=O)Cc2cccc(Cl)c2Cl,7.46
315,CHEMBL1169757,COc1ccc(cc1OC)\N=C\2/Oc3cc(O)ccc3C=C2C(=O)Nc4cccc(C)n4,7.47
316,CHEMBL140199,OC(=O)CC1=NN(Cc2nc(cs2)c3ccccc3)C(=O)c4ccccc14,7.47
317,CHEMBL20005,OC(=O)CC1=NN(Cc2nc3ccccc3s2)C(=O)c4ccc(Cl)cc14,7.47
318,CHEMBL372902,OC(=O)Cn1cc(Cc2nc3c(F)cccc3s2)c4ccccc14,7.47
319,CHEMBL425920,Oc1ccc(nn1)S(=O)(=O)c2oc3ccc(Cl)cc3c2c4ccccc4,7.47
320,CHEMBL2440428,Oc1ccc2C=C(C(=O)Nc3ccccn3)\C(=N\c4ccccc4)\Oc2c1,7.47
321,CHEMBL20116,OC(=O)CC1=NN(Cc2nc3ccccc3s2)C(=O)c4cc(ccc14)[N+](=O)[O-],7.48
322,CHEMBL306244,OC(=O)Cc1nn(Cc2nc3cc(ccc3s2)C(F)(F)F)c4ccccc14,7.48
323,CHEMBL66006,OC(=O)CC1=NN(Cc2ccc(Br)cc2F)C(=O)C3=C1CCCC3,7.5
324,CHEMBL142790,OC(=O)CC1=NN(Cc2oc3c(Cl)cc(Cl)cc3n2)C(=O)c4ccccc14,7.5
325,CHEMBL142989,OC(=O)CC1=NN(Cc2oc3ccc(cc3n2)C(F)(F)F)C(=O)c4ccccc14,7.51
326,CHEMBL63974,CN1C(=O)Nc2cc(C)c(Cl)cc2C13NC(=O)NC3=O,7.52
327,CHEMBL19187,Clc1ccc(c(c1)C2NC(=O)NC2=O)S(=O)(=O)NCc3ccccc3,7.52
328,CHEMBL20440,OC(=O)CC1=NN(Cc2nc3ccccc3s2)C(=O)c4c(F)cccc14,7.52
329,CHEMBL395347,OC(=O)COc1cc(F)ccc1C(=S)NCc2ccc(Br)cc2F,7.52
330,CHEMBL308216,OC(=O)Cc1nn(Cc2nc3cc(F)cc(F)c3s2)c4ccccc14,7.52
331,CHEMBL363850,OC(=O)Cn1cc(Cc2nc3c(F)c(F)cc(F)c3s2)c4cc(Oc5ccccc5)ccc14,7.52
332,CHEMBL2440416,COc1ccc(cc1)\N=C\2/Oc3cc(O)ccc3C=C2C(=O)NCCCO,7.54
333,CHEMBL240721,OC(=O)COc1cc(F)ccc1C(=O)NCc2nc3cc(ccc3s2)C(F)(F)F,7.54
334,CHEMBL2440412,CCCCNC(=O)C1=Cc2ccc(O)cc2O/C/1=N\c3ccc(OC)cc3,7.55
335,CHEMBL2440413,COc1ccc(cc1)\N=C\2/Oc3cc(O)ccc3C=C2C(=O)NCC(C)C,7.55
336,CHEMBL19759,COc1ccc2C(=O)N(Cc3nc4ccccc4s3)N=C(CC(=O)O)c2c1,7.55
337,CHEMBL142599,OC(=O)CC1=NN(CC(=O)Nc2cc(ccc2Br)C(F)(F)F)C(=O)c3ccccc13,7.55
338,CHEMBL2111988,OC(=O)CC1=NN(Cc2noc(n2)c3ccccc3Cl)C(=O)c4ccccc14,7.55
339,CHEMBL2440414,COc1ccc(cc1)\N=C\2/Oc3cc(O)ccc3C=C2C(=O)NC4CCCCC4,7.57
340,CHEMBL284018,Cc1ccc2C(=O)N(Cc3nc4ccccc4s3)N=C(CC(=O)O)c2c1,7.57
341,CHEMBL358792,OC(=O)CC1=NN(Cc2oc3ccc(Br)cc3n2)C(=O)c4ccccc14,7.57
342,CHEMBL20009,CC(N1N=C(CC(=O)O)c2ccccc2C1=O)c3nc4cc(Cl)ccc4s3,7.59
343,CHEMBL19906,COc1ccc2C(=NN(Cc3nc4ccccc4s3)C(=O)c2c1)CC(=O)O,7.59
344,CHEMBL2440424,Cc1ccc(cc1)\N=C\2/Oc3cc(O)ccc3C=C2C(=O)Nc4ccccn4,7.59
345,CHEMBL19966,Cc1ccc2sc(CN3N=C(CC(=O)O)c4ccccc4C3=O)nc2c1,7.59
346,CHEMBL305064,OC(=O)CC1=NN(Cc2nc3cc(F)cc(F)c3s2)C(=O)c4cccnc14,7.59
347,CHEMBL20004,OC(=O)CC1=NN(Cc2nc3ccc(Br)cc3s2)C(=O)c4ccccc14,7.59
348,CHEMBL371307,Oc1ccc(nn1)S(=O)(=O)Cc2c(F)cccc2Cl,7.59
349,CHEMBL56453,C[C@@H]1C[C@]2(NC(=O)NC2=O)c3cc(Cl)cnc3O1,7.6
350,CHEMBL240722,Clc1ccc2oc(cc2c1)S(=O)(=O)C3=NNC(=O)C=C3,7.6
351,CHEMBL280168,OC(=O)CC1=NN(Cc2nc3c(cccc3s2)C(F)(F)F)C(=O)c4ccccc14,7.6
352,CHEMBL195065,OC(=O)Cn1cc(Cc2nc3c(F)c(F)cc(F)c3s2)c4ccc(cc14)c5ccccc5,7.6
353,CHEMBL2440425,Oc1ccc2C=C(C(=O)Nc3ccccn3)\C(=N\c4ccc(Br)cc4)\Oc2c1,7.6
354,CHEMBL2440417,COc1ccc(cc1)\N=C\2/Oc3cc(O)ccc3C=C2C(=O)NCc4ccccc4,7.62
355,CHEMBL2440422,Oc1ccc(cc1)\N=C\2/Oc3cc(O)ccc3C=C2C(=O)Nc4ccccn4,7.62
356,CHEMBL345068,OC(=O)CC1=NN(Cc2onc(n2)c3ccccc3Cl)C(=O)c4ccccc14,7.64
357,CHEMBL197878,Oc1ccc(nn1)S(=O)(=O)c2oc3ccccc3c2c4ccccc4,7.64
358,CHEMBL292723,CN1C(=O)Nc2ccc(Cl)cc2[C@@]13NC(=O)NC3=O,7.66
359,CHEMBL139666,OC(=O)CC1=NN(CC(=O)Nc2cccc(F)c2)C(=O)c3ccccc13,7.66
360,CHEMBL1171546,COc1ccc(\N=C\2/Oc3cc(O)ccc3C=C2C(=O)Nc4ccccn4)c(OC)c1,7.68
361,CHEMBL2440415,COc1ccc(cc1)\N=C\2/Oc3cc(O)ccc3C=C2C(=O)NCCO,7.7
362,CHEMBL282263,OC(=O)CC1=NN(Cc2nc3c(Cl)ccc(Cl)c3s2)C(=O)c4ccccc14,7.7
363,CHEMBL2440427,OC(=O)Cc1ccc(cc1)\N=C\2/Oc3cc(O)ccc3C=C2C(=O)Nc4ccccn4,7.7
364,CHEMBL87706,Oc1ccc(\C=C\2/SC(=O)NC2=O)cc1,7.7
365,CHEMBL62685,Fc1cc(Br)ccc1CN2C(=O)c3ccccc3C4(CC(=O)NC4=O)C2=O,7.71
366,CHEMBL344057,OC(=O)CC1=NN(CC(=O)Nc2cccc(c2)C(F)(F)F)C(=O)c3ccccc13,7.72
367,CHEMBL21091,OC(=O)CC1=NN(Cc2nc3ccccc3s2)C(=O)c4ccccc14,7.72
368,CHEMBL143098,OC(=O)CC1=NN(Cc2onc(n2)c3cccc(F)c3F)C(=O)c4ccccc14,7.72
369,CHEMBL2440423,OC(=O)c1ccc(cc1)\N=C\2/Oc3cc(O)ccc3C=C2C(=O)Nc4ccccn4,7.72
370,CHEMBL303210,CC1=CC(=O)N(Cc2nc3cc(ccc3s2)C(F)(F)F)N=C1CC(=O)O,7.75
371,CHEMBL283787,OC(=O)CC1=NN(Cc2nc3ccccc3s2)C(=O)c4ccc(cc14)C(F)(F)F,7.75
372,CHEMBL19701,OC(=O)CC1=NN(Cc2nc3cc(cc(F)c3s2)C(F)(F)F)C(=O)c4ccccc14,7.77
373,CHEMBL193839,OC(=O)CCn1cc(Cc2nc3c(F)c(F)cc(F)c3s2)c4ccccc14,7.77
374,CHEMBL69350,CC1=C(C)C(=O)N(Cc2nc3cc(ccc3s2)C(F)(F)F)N=C1CC(=O)O,7.8
375,CHEMBL334830,Fc1cc(Br)ccc1CN2C(=O)c3cccn3[C@@]4(CC(=O)NC4=O)C2=O,7.82
376,CHEMBL21038,OC(=O)CC1=NN(Cc2nc3cccc(Br)c3s2)C(=O)c4ccccc14,7.82
377,CHEMBL20796,OC(=O)CC1=NN(Cc2nc3ccccc3s2)C(=O)c4cc(Cl)ccc14,7.82
378,CHEMBL192762,OC(=O)Cn1cc(Cc2nc3c(F)c(F)cc(F)c3s2)c4ccc(cc14)N5CCOCC5,7.82
379,CHEMBL50,OC1=C(Oc2cc(O)cc(O)c2C1=O)c3ccc(O)c(O)c3,7.83
380,CHEMBL193030,OC(=O)Cn1cc(Cc2nc3c(F)c(F)cc(F)c3s2)c4cccc(Br)c14,7.85
381,CHEMBL2263318,O[C@@H]1[C@@H](O)[C@H](COC(=O)\C=C\c2ccc(O)c(O)c2)O[C@H](OC3=C(Oc4cc(O)cc(O)c4C3=O)c5ccc(O)c(O)c5)[C@H]1O,7.87
382,CHEMBL198148,Cc1ccc2oc(c(C)c2c1)S(=O)(=O)c3ccc(O)nn3,7.89
383,CHEMBL143633,OC(=O)CC1=NN(CC(=O)Nc2cccc(Cl)c2)C(=O)c3ccccc13,7.89
384,CHEMBL192434,OC(=O)Cn1cc(Cc2nc3c(F)c(F)cc(F)c3s2)c4cc(Br)ccc14,7.89
385,CHEMBL20693,OC(=O)CC1=NN(Cc2nc3ccccc3s2)C(=O)c4cc(ccc14)C(F)(F)F,7.92
386,CHEMBL416370,OC(=O)CC1=NN(Cc2nc3ccccc3s2)C(=O)c4ccc(Br)cc14,7.92
387,CHEMBL192399,OC(=O)Cn1cc(Cc2nc3c(F)c(F)cc(F)c3s2)c4cc(OCc5ccccc5)ccc14,7.92
388,CHEMBL2440426,Oc1ccc2C=C(C(=O)Nc3ccccn3)\C(=N\c4ccc(I)cc4)\Oc2c1,7.92
389,CHEMBL1172665,COc1ccc(cc1)\N=C\2/Oc3cc(O)ccc3C=C2C(=O)Nc4ccccn4,7.96
390,CHEMBL399598,OC(=O)COc1cc(F)ccc1C(=O)NCc2nc3c(F)c(F)cc(F)c3s2,7.96
391,CHEMBL193277,OC(=O)Cn1cc(Cc2nc3c(F)c(F)cc(F)c3s2)c4c(Cl)cccc14,7.96
392,CHEMBL193254,OC(=O)Cn1cc(Cc2nc3c(F)c(F)cc(F)c3s2)c4cc(F)ccc14,7.96
393,CHEMBL192927,Cc1ccc2c(Cc3nc4c(F)c(F)cc(F)c4s3)cn(CC(=O)O)c2c1,8.0
394,CHEMBL422927,OC(=O)CC1=NN(Cc2nc3c(F)c(F)ccc3s2)C(=O)c4ccccc14,8.0
395,CHEMBL20220,OC(=O)CC1=NN(Cc2nc3cccc(c3s2)C(F)(F)F)C(=O)c4ccccc14,8.0
396,CHEMBL19958,OC(=O)CC1=NN(Cc2nc3ccccc3s2)C(=O)c4cc(Cl)c(Cl)cc14,8.0
397,CHEMBL19289,OC(=O)CC1=NN(Cc2nc3cccnc3s2)C(=O)c4ccccc14,8.0
398,CHEMBL192263,OC(=O)Cn1cc(Cc2nc3c(F)c(F)cc(F)c3s2)c4cc(Cl)ccc14,8.0
399,CHEMBL173813,OCC(O)C=O,8.0
400,CHEMBL1348329,O=C1NC(=O)\C(=C\c2cccc3ccccc23)\S1,8.05
401,CHEMBL189801,OC(=O)Cn1cc(Cc2nc3c(F)c(F)cc(F)c3s2)c4cccc(Cl)c14,8.05
402,CHEMBL193569,OC(=O)Cn1cc(Cc2nc3cc(F)ccc3s2)c4ccccc14,8.05
403,CHEMBL192255,COc1ccc2c(c1)c(Cc3nc4c(F)c(F)cc(F)c4s3)cn2CC(=O)O,8.1
404,CHEMBL364235,Cc1c(Cc2nc3c(F)c(F)cc(F)c3s2)c4ccccc4n1CC(=O)O,8.1
405,CHEMBL191508,Cc1ccc2c(c1)c(Cc3nc4c(F)c(F)cc(F)c4s3)cn2CC(=O)O,8.1
406,CHEMBL193155,OC(=O)Cn1cc(CCc2nc3c(F)c(F)cc(F)c3s2)c4ccccc14,8.1
407,CHEMBL370478,OC(=O)Cn1cc(Cc2nc3c(F)c(F)cc(F)c3s2)c4cc(ccc14)N5CCOCC5,8.1
408,CHEMBL371162,OC(=O)Cn1cc(Cc2nc3c(F)c(F)cc(F)c3s2)c4ccc(Cl)cc14,8.1
409,CHEMBL20197,OC(=O)CC1=NN(Cc2nc3cc(Cl)ccc3s2)C(=O)c4ccccc14,8.15
410,CHEMBL283996,OC(=O)CC1=NN(Cc2nc3cc(F)ccc3s2)C(=O)c4ccccc14,8.16
411,CHEMBL241367,OC(=O)COc1cc(F)c(cc1C(=O)NCc2cccc(c2)[N+](=O)[O-])C#N,8.16
412,CHEMBL371991,OC(=O)Cn1cc(Cc2nc3c(F)c(F)cc(F)c3s2)c4ccc(F)cc14,8.16
413,CHEMBL192167,OC(=O)Cn1cc(Cc2nc3c(F)c(F)cc(F)c3s2)c4cccc(F)c14,8.16
414,CHEMBL2440411,COc1ccc(cc1)\N=C\2/Oc3cc(O)ccc3C=C2C(=O)NC(C)C,8.17
415,CHEMBL422647,Cc1ccccc1c2noc(CN3N=C(CC(=O)O)c4ccccc4C3=O)n2,8.19
416,CHEMBL341864,OC(=O)CC1=NN(Cc2onc(n2)c3ccccc3Br)C(=O)c4ccccc14,8.19
417,CHEMBL20637,OC(=O)CC1=NN(Cc2nc3cc(F)cc(F)c3s2)C(=O)c4ccccc14,8.2
418,CHEMBL2260160,Nc1cccc(\C=C/2\SC(=O)NC2=O)c1,8.21
419,CHEMBL416001,OC(=O)CC1=NN(Cc2nc3cc(F)cc(Cl)c3s2)C(=O)c4ccccc14,8.21
420,CHEMBL2260154,OC(=O)CN1C(=O)S\C(=C\c2cccc3ccccc23)\C1=O,8.21
421,CHEMBL440567,CCc1c(oc2ccc(Cl)cc12)S(=O)(=O)c3ccc(O)nn3,8.22
422,CHEMBL192886,Cc1cccc2c(Cc3nc4c(F)c(F)cc(F)c4s3)cn(CC(=O)O)c12,8.22
423,CHEMBL241577,OC(=O)COc1cc(Cl)ccc1C(=O)NCc2cccc(c2)[N+](=O)[O-],8.22
424,CHEMBL20161,Cc1cc(C)c2sc(CN3N=C(CC(=O)O)c4ccccc4C3=O)nc2c1,8.23
425,CHEMBL68580,OC(=O)CC1=NN(Cc2nc3cc(ccc3s2)C(F)(F)F)C(=O)C4=C1CCCC4,8.28
426,CHEMBL73560,CC1=C(C)C(=O)N(Cc2nc3cc(F)cc(F)c3s2)N=C1CC(=O)O,8.3
427,CHEMBL190931,COc1ccc2c(Cc3nc4c(F)c(F)cc(F)c4s3)cn(CC(=O)O)c2c1,8.3
428,CHEMBL370123,Cc1c(oc2ccc(cc12)C(F)(F)F)S(=O)(=O)c3ccc(O)nn3,8.3
429,CHEMBL282689,OC(=O)CC1=NN(Cc2nc3c(F)ccc(F)c3s2)C(=O)c4ccccc14,8.3
430,CHEMBL20518,OC(=O)CC1=NN(Cc2nc3cc(Cl)cc(F)c3s2)C(=O)c4ccccc14,8.3
431,CHEMBL363387,OC(=O)Cn1cc(Cc2nc3c(F)c(F)cc(F)c3s2)c4ccccc14,8.3
432,CHEMBL73505,OC(=O)Cc1nn(Cc2nc3cc(F)ccc3s2)c4ccc(Cl)cc14,8.34
433,CHEMBL2260156,OC(=O)CN1C(=O)S\C(=C\c2cccc(O)c2)\C1=O,8.38
434,CHEMBL278991,OC(=O)CC1=NN(Cc2nc3cc(Cl)cc(Cl)c3s2)C(=O)c4ccccc14,8.4
435,CHEMBL304995,OC(=O)CC1=NN(Cc2nc3cc(F)cc(F)c3s2)C(=O)C4=C1CCCC4,8.4
436,CHEMBL20015,OC(=O)CC1=NN(Cc2nc3c(Cl)cccc3s2)C(=O)c4ccccc14,8.46
437,CHEMBL71966,CC1=C(C)C(=O)N(Cc2onc(n2)c3cccc(F)c3F)N=C1CC(=O)O,8.48
438,CHEMBL143234,OC(=O)CC1=NN(Cc2oc3c(F)cc(F)cc3n2)C(=O)c4ccccc14,8.5
439,CHEMBL20169,OC(=O)CC1=NN(Cc2nc3cc(Br)ccc3s2)C(=O)c4ccccc14,8.51
440,CHEMBL198096,Cc1c(oc2ccc(F)cc12)S(=O)(=O)c3ccc(O)nn3,8.52
441,CHEMBL69956,OC(=O)CC1=NN(Cc2nc3cc(ccc3s2)C(F)(F)F)C(=O)c4ncccc14,8.68
442,CHEMBL20024,OC(=O)CC1=NN(Cc2nc3c(F)cccc3s2)C(=O)c4ccccc14,8.7
443,CHEMBL2260161,COC(=O)CN1C(=O)S\C(=C\c2cccc(N)c2)\C1=O,8.88
444,CHEMBL2260159,OC(=O)\C=C\CN1C(=O)S\C(=C\c2ccc(O)cc2)\C1=O,8.92
445,CHEMBL240725,Cc1c(oc2ccc(Cl)cc12)S(=O)(=O)C3=NNC(=O)C=C3,9.0
446,CHEMBL20207,OC(=O)CC1=NN(Cc2nc3cccc(Cl)c3s2)C(=O)c4ccccc14,9.0
5,CHEMBL19392,Clc1ccc(c(c1)C2NC(=O)NC2=O)S(=O)(=O)NCCCCc3ccccc3,5.25
6,CHEMBL19746,COc1ccc(F)cc1C2NC(=O)NC2=O,5.13
15,CHEMBL19789,Clc1ccc(CSc2ccc(Cl)cc2C3NC(=O)NC3=O)cc1,5.92
16,CHEMBL2310845,CN1C(=O)NC(=O)[C@]12CCOc3ccc(F)cc23,4.0
20,CHEMBL278565,COc1ccc(Cl)cc1C2NC(=O)NC2=O,5.41
23,CHEMBL280357,CN(C)S(=O)(=O)c1ccc(Cl)cc1C2NC(=O)NC2=O,5.35
27,CHEMBL310274,O=C1NC(N2C(=O)c3cccc4cccc(C2=O)c34)C(=O)N1,5.1
35,CHEMBL275868,Clc1ccc(c(c1)C2NC(=O)NC2=O)S(=O)(=O)NCCc3ccccc3,5.9
52,CHEMBL306222,OC(=O)Cc1nn(Cc2ccc(Br)cc2F)c3ccccc13,5.21
66,CHEMBL72752,Oc1ccc(nn1)S(=O)(=O)c2ccccc2c3ccccc3,5.66
84,CHEMBL74785,COc1ccc(cc1)S(=O)(=O)c2ccc(O)nn2,5.7
90,CHEMBL436,COc1ccc2c(cccc2c1C(F)(F)F)C(=S)N(C)CC(=O)O,7.33
107,CHEMBL72368,Cc1ccc(cc1)S(=O)(=O)c2ccc(O)nn2,5.72
112,CHEMBL56123,C[C@H]1C[C@@]2(NC(=O)NC2=O)c3cc(Cl)cnc3O1,5.51
114,CHEMBL292666,C[C@@H]1C[C@]2(NC(=O)NC2=O)c3cc(F)cnc3O1,5.95
115,CHEMBL293579,C[C@@H]1C[C@]2(NC(=O)NC2=O)c3cccnc3O1,5.14
120,CHEMBL292437,Clc1cnc2OCC[C@]3(NC(=O)NC3=O)c2c1,5.19
127,CHEMBL65472,NN1C(=O)Nc2ccccc2C13NC(=O)NC3=O,5.4
136,CHEMBL63401,CN1C(=O)Nc2ccc(OC(=O)\C=C\c3ccccc3)cc2C14NC(=O)NC4=O,5.21
137,CHEMBL63855,O=C1NC(=O)C2(N1)NC(=O)Nc3ccccc23,5.85
139,CHEMBL305353,CN1C(=O)Nc2cc3OCOc3cc2C14NC(=O)NC4=O,5.75
141,CHEMBL62906,COc1ccc2NC(=O)N(C)C3(NC(=O)NC3=O)c2c1,5.35
152,CHEMBL304050,CN1C(=O)Nc2ccc(OC(=O)c3ccccc3)cc2C14NC(=O)NC4=O,5.7
171,CHEMBL63780,CN1C(=O)Nc2ccc(F)cc2[C@]13NC(=O)NC3=O,5.35
173,CHEMBL66152,CN1C(=O)Nc2ccccc2[C@]13NC(=O)NC3=O,5.47
183,CHEMBL268961,Fc1ccc2OCCC3(NC(=O)NC3=O)c2c1,4.7
184,CHEMBL424485,OC(=O)CC1=NN(CC(=O)Nc2ccc(cc2)C(F)(F)F)C(=O)c3ccccc13,5.68
189,CHEMBL356789,OC(=O)CC1=NN(CC(=O)Nc2cc(cc(c2)C(F)(F)F)C(F)(F)F)C(=O)c3ccccc13,5.96
193,CHEMBL423187,OC(=O)CC1=NN(Cc2csc(n2)c3ccccc3)C(=O)c4ccccc14,5.09
194,CHEMBL143708,OC(=O)CC1=NN(CC(=O)Nc2cc(cc(c2Br)C(F)(F)F)C(F)(F)F)C(=O)c3ccccc13,5.66
197,CHEMBL358550,OC(=O)CC1=NN(Cc2oc(nn2)c3ccccc3)C(=O)c4ccccc14,5.51
199,CHEMBL143117,OC(=O)CC1=NN(Cc2ccc3ccccc3n2)C(=O)c4ccccc14,4.23
209,CHEMBL142542,OC(=O)CC1=NN(Cc2nc(ns2)c3ccccc3)C(=O)c4ccccc14,5.66
213,CHEMBL142512,OC(=O)CC1=NN(Cc2oc3cc4ccccc4cc3n2)C(=O)c5ccccc15,5.52
217,CHEMBL335376,OC(=O)CC1=NN(Cc2onc(n2)c3ccc(Br)cc3)C(=O)c4ccccc14,5.34
218,CHEMBL342887,OC(=O)CC1=NN(Cc2nc(ns2)c3ccccc3Cl)C(=O)c4ccccc14,5.96
226,CHEMBL142647,OC(=O)CC1=NN(Cc2cc3cc(ccc3s2)[N+](=O)[O-])C(=O)c4ccccc14,5.66
232,CHEMBL142934,Cn1c(CN2N=C(CC(=O)O)c3ccccc3C2=O)nc4ccccc14,5.38
234,CHEMBL142110,OC(=O)CC1=NN(CC(=O)Nc2ccccc2)C(=O)c3ccccc13,5.31
235,CHEMBL139898,OC(=O)CC1=NN(Cc2oc3ccc(cc3n2)c4ccccc4)C(=O)c5ccccc15,5.22
241,CHEMBL344245,OC(=O)CC1=NN(Cc2oc(c3ccccc3)c(n2)c4ccccc4)C(=O)c5ccccc15,5.35
242,CHEMBL142704,OC(=O)CC1=NN(CC(=O)Nc2ccccc2C(F)(F)F)C(=O)c3ccccc13,5.23
245,CHEMBL140980,OC(=O)CC1=NN(Cc2occ(n2)c3ccccc3)C(=O)c4ccccc14,5.5
247,CHEMBL140375,OC(=O)CC1=NN(Cc2csnc2c3ccccc3)C(=O)c4ccccc14,5.0
250,CHEMBL7304,CCOC(=O)C1=C(O)C(=O)N(Cc2occc2)C1,5.48
254,CHEMBL266772,CCOC(=O)C1=C(O)C(=O)N(Cc2ccccc2Cl)C1,5.64
255,CHEMBL7461,CCOC(=O)C1=C(O)C(=O)N(CCc2ccccc2)C1,5.6
257,CHEMBL7541,COC(=O)C1=C(O)C(=O)N(Cc2ccccc2)C1,5.59
259,CHEMBL7658,CCOC(=O)C1=C(O)C(=O)N(Cc2cccc3ccccc23)C1,5.64
266,CHEMBL7749,CCCOC(=O)C1=C(O)C(=O)N(Cc2ccccc2)C1,5.72
274,CHEMBL267651,CCOC(=O)C1=C(O)C(=O)N(C1)[C@@H](C)c2ccccc2,5.92
275,CHEMBL148918,Nc1c(Br)c(Br)c(Br)cc1Oc2cc(Br)c(Br)c(Br)c2O,5.05
279,CHEMBL357100,Oc1c(Br)c(Br)c(Br)cc1Oc2c(O)c(Br)c(Br)c(Br)c2Br,5.26
280,CHEMBL150098,Oc1c(Br)cc(Br)cc1Oc2c(O)c(Br)c(Br)c(Br)c2Br,5.19
281,CHEMBL414496,Oc1c(Br)c(Br)c(F)cc1Oc2cc(Br)c(Br)c(Br)c2O,5.5
283,CHEMBL150198,Oc1c(Cl)c(Cl)c(Cl)cc1Oc2cc(Cl)c(Cl)c(Cl)c2O,5.5
286,CHEMBL148864,Oc1c(Br)cc(Oc2cc(Br)c(Br)c(Br)c2O)c(O)c1Br,5.36
290,CHEMBL151952,Oc1c(Br)c(Br)c(Br)cc1Oc2cc(Br)c(Br)c(Br)c2O,5.24
297,CHEMBL358713,OC(=O)COc1c(Br)cc(Br)cc1Oc2c(Br)c(Br)c(Br)c(Br)c2CC(=O)O,4.6
301,CHEMBL168614,OC(=O)C1=CN2C(=Nc3cc(O)ccc3C2=O)C=C1,5.35
306,CHEMBL82749,CCOC(=O)C1=CC(=O)c2ccc(O)cc2O1,5.3
307,CHEMBL168453,ClC1=C(Oc2ccccc2C1=O)c3nn[nH]n3,5.39
317,CHEMBL171315,CC1OC(O)C(O)C(O)C1OC2=C(Oc3cc(O)cc(O)c3C2=O)c4ccc(O)c(O)c4,5.15
322,CHEMBL166825,Oc1ccc2C(=O)C=C(Oc2c1)C(=O)OCc3ccccc3,5.5
323,CHEMBL422920,OC(=O)C1=CC(=O)C2C=CC(=CC2O1)O,5.75
333,CHEMBL170853,CCOC(=O)C(=O)Nc1cc(cc(C(=O)O)c1O)[N+](=O)[O-],5.14
338,CHEMBL170943,CC(C)OC(=O)C1=CC(=O)c2ccc(O)cc2O1,5.37
339,CHEMBL171055,OC(=O)C1=CC(=O)c2ccc(O)cc2O1,5.75
340,CHEMBL56337,C\C(=C/c1ccccc1)\C=C\2/SC(=S)N(CC(=O)O)C2=O,8.0
346,CHEMBL20885,CC(C)c1ccc2nc(CN3N=C(CC(=O)O)c4ccccc4C3=O)sc2c1,5.5
350,CHEMBL430911,C[S+]([O-])c1ccc2sc(CN3N=C(CC(=O)O)c4ccccc4C3=O)nc2c1,5.37
355,CHEMBL280361,COc1cc2sc(CN3N=C(CC(=O)O)c4ccccc4C3=O)nc2cc1C(F)(F)F,5.37
361,CHEMBL277708,OC(=O)CC1=NN(Cc2nc3cc(cc(c3s2)C(F)(F)F)C(F)(F)F)C(=O)c4ccccc14,5.85
378,CHEMBL277935,OC(=O)CC1=NN(Cc2cccc(c2)c3nc4ccccc4s3)C(=O)c5ccccc15,5.24
383,CHEMBL20380,COc1cc2nc(CN3N=C(CC(=O)O)c4ccccc4C3=O)sc2cc1F,5.64
384,CHEMBL279673,OC(=O)CC1=NN(Cc2nc3ccc(Br)cc3s2)C(=O)c4cc(Cl)c(Cl)cc14,5.75
390,CHEMBL20199,CS(=O)(=O)c1ccc2sc(CN3N=C(CC(=O)O)c4ccccc4C3=O)nc2c1,5.77
415,CHEMBL283984,COc1ccc2nc(CN3N=C(CC(=O)O)c4ccccc4C3=O)sc2c1,5.38
436,CHEMBL262701,CN1C(=C(O)c2ccccc2S1(=O)=O)C(=O)Nc3nc4ccccc4s3,5.26
437,CHEMBL109986,COc1c(OC)c(C(C)C)c2cc(C)c(c(OC)c2c1C=O)c3c(C)cc4c(C(C)C)c(OC)c(OC)c(C=O)c4c3OC,4.25
438,CHEMBL323390,CC(C)c1c(O)c(O)c(C#N)c2c(OC(=O)C(C)(C)C)c(c(C)cc12)c3c(C)cc4c(C(C)C)c(O)c(O)c(C#N)c4c3OC(=O)C(C)(C)C,5.6
439,CHEMBL112743,COc1c(O)c(C=O)c2c(O)c(c(C)cc2c1C(C)C)c3c(C)cc4c(C(C)C)c(OC)c(O)c(C=O)c4c3O,5.82
440,CHEMBL109497,COc1c(c(C)cc2c(C(C)C)c(O)c(O)c(CO)c12)c3c(C)cc4c(C(C)C)c(O)c(O)c(CO)c4c3OC,5.37
442,CHEMBL113834,COc1c(OC)c2C(=O)Oc3c(c(C)cc(c1C(C)C)c23)c4c(C)cc5c(C(C)C)c(OC)c(OC)c6C(=O)Oc4c56,4.32
443,CHEMBL326383,CCCCCC(=O)Oc1c(c(C)cc2c(C(C)C)c(O)c(O)c(C#N)c12)c3c(C)cc4c(C(C)C)c(O)c(O)c(C#N)c4c3OC(=O)CCCCC,5.51
444,CHEMBL424250,CC(C)c1c(O)c(O)c2C(=N)Oc3c(c(C)cc1c23)c4c(C)cc5c(C(C)C)c(O)c(O)c6C(=N)Oc4c56,5.03
445,CHEMBL110849,COc1c(c(C)cc2c(C(C)C)c(O)c(O)c(C#N)c12)c3c(C)cc4c(C(C)C)c(O)c(O)c(C#N)c4c3OC,5.55
446,CHEMBL52792,CCCC(=O)Oc1c(c(C)cc2c(C(C)C)c(O)c(O)c(C#N)c12)c3c(C)cc4c(C(C)C)c(O)c(O)c(C#N)c4c3OC(=O)CCC,5.28
447,CHEMBL3349372,CC(C)c1c(O)c(O)c(\C=N\O)c2c(O)c(c(C)cc12)c3c(C)cc4c(C(C)C)c(O)c(O)c(\C=N\O)c4c3O,5.11
448,CHEMBL325738,COc1c(OC)c(C(C)C)c2cc(C)c(c(O)c2c1C=O)c3c(C)cc4c(C(C)C)c(OC)c(OC)c(C=O)c4c3O,5.01
449,CHEMBL297483,CCC(=O)Oc1c(c(C)cc2c(C(C)C)c(O)c(O)c(C#N)c12)c3c(C)cc4c(C(C)C)c(O)c(O)c(C#N)c4c3OC(=O)CC,5.17
450,CHEMBL52639,CCCCC(=O)Oc1c(c(C)cc2c(C(C)C)c(O)c(O)c(C#N)c12)c3c(C)cc4c(C(C)C)c(O)c(O)c(C#N)c4c3OC(=O)CCCC,5.33
451,CHEMBL51778,CC(C)c1c(O)c(O)c(C#N)c2c(OC(=O)C)c(c(C)cc12)c3c(C)cc4c(C(C)C)c(O)c(O)c(C#N)c4c3OC(=O)C,5.14
452,CHEMBL324976,C\C=C\C(=O)Oc1c(c(C)cc2c(C(C)C)c(O)c(O)c(C#N)c12)c3c(C)cc4c(C(C)C)c(O)c(O)c(C#N)c4c3OC(=O)\C=C\C,5.89
531,CHEMBL304945,C[C@@H]1C[C@@](O)(CC(=O)O)c2cc(Br)ccc2O1,5.78
535,CHEMBL304797,OC(=O)C[C@]1(O)C[C@H](Oc2ccc(F)cc12)c3ccccc3,5.57
536,CHEMBL308882,C[C@@H]1C[C@@](O)(CC(=O)O)C2=C(O1)C=CCC2(C)[N+](=O)[O-],5.79
538,CHEMBL302014,C[C@@H]1COc2ccc(F)cc2[C@]1(O)CC(=O)O,4.96
539,CHEMBL306687,OC(=O)C[C@]1(O)C[C@@H](CCc2ccccc2)Oc3ccc(F)cc13,5.94
543,CHEMBL67751,OC(=O)C[C@]1(O)[C@H]2CCC[C@H]2Oc3ccc(F)cc13,5.72
551,CHEMBL304782,C[C@@H]1C[C@@](O)(CC(=O)O)c2cccc(Cl)c2O1,5.24
552,CHEMBL69818,C[C@H]1Oc2ccc(F)cc2[C@](O)(CC(=O)O)[C@@H]1C,4.53
554,CHEMBL70116,C[C@@H]1C[C@@](O)(CC(=O)O)c2cc(ccc2O1)S(=O)(=O)C,5.09
555,CHEMBL306429,C[C@@H]1C[C@@](O)(CC(=O)O)c2c(Cl)cccc2O1,4.36
558,CHEMBL71594,C[C@@H]1C[C@@](O)(CC(=O)O)c2c(Cl)ccc(Cl)c2O1,4.88
559,CHEMBL302055,OC(=O)C[C@]1(O)[C@H]2CCCC[C@H]2Oc3ccc(F)cc13,4.96
560,CHEMBL69280,C[C@@H]1C[C@@](O)(CC(=O)O)c2cc(C)ccc2O1,4.95
566,CHEMBL66326,C[C@@H]1C[C@@](O)(CC(=O)O)c2cc(Cl)cc(C)c2O1,5.93
567,CHEMBL69675,C[C@@H]1C[C@@](O)(CC(=O)O)c2cc(Br)cc(Cl)c2O1,5.29
568,CHEMBL67806,CC1(C)C[C@@](O)(CC(=O)O)c2cc(F)ccc2O1,5.46
569,CHEMBL69277,C[C@@H]1C[C@@](O)(CC(=O)O)c2ccccc2O1,4.83
570,CHEMBL307305,C[C@@H]1C[C@@](O)(CC(=O)O)c2c(Cl)cc(Cl)cc2O1,4.53
573,CHEMBL420550,C[C@@H]1C[C@@](O)(CC(=O)O)c2c(Br)c(F)ccc2O1,5.35
574,CHEMBL69870,C[C@@H]1C[C@@](O)(CC(=O)O)c2c(Cl)c(Cl)ccc2O1,5.79
575,CHEMBL303731,C[C@@H]1C[C@@](O)(CC(=O)O)c2ccc(F)cc2O1,5.27
576,CHEMBL308920,OC(=O)C[C@]1(O)C[C@H](Oc2ccc(F)cc12)C(=O)c3ccc(Cl)c(Cl)c3,5.12
584,CHEMBL305986,C[C@@H]1C[C@@](O)(CC(=O)O)c2ccc(Cl)cc2O1,5.48
591,CHEMBL414676,CC1(C)C[C@@](O)(CC(=O)O)c2cc(Cl)c(Cl)cc2O1,5.73
592,CHEMBL73395,CC1(C)C[C@@](O)(CC(=O)O)c2c(Cl)c(Cl)ccc2O1,4.83
593,CHEMBL68624,C[C@@H]1C[C@@](O)(CC(=O)O)c2c(O1)ccc(Cl)c2[N+](=O)[O-],4.02
594,CHEMBL1744091,OC(=O)C[C@]1(O)C[C@H](Oc2ccc(F)cc12)C(=O)c3ccccc3.C4CCC(CC4)NC5CCCCC5,5.86
603,CHEMBL189464,NC(=O)[C@@H]1C[C@@]2(NC(=O)NC2=O)c3cc(F)ccc3O1,4.96
604,CHEMBL363040,NC(=O)[C@H]1C[C@@]2(NC(=O)NC2=O)c3cc(F)ccc3O1,4.4
641,CHEMBL193566,OC(=O)Cn1cc(C(=O)c2nc3c(F)c(F)cc(F)c3s2)c4ccccc14,5.8
696,CHEMBL240871,Clc1ccc2[nH]c(cc2c1)S(=O)(=O)C3=NNC(=O)C=C3,5.96
699,CHEMBL199240,Oc1ccc(nn1)S(=O)(=O)c2cc3ccc(F)cc3[nH]2,5.85
700,CHEMBL198501,Oc1ccc(nn1)S(=O)(=O)c2cc3cc4OCOc4cc3[nH]2,5.42
717,CHEMBL1044,OC(=O)Cc1ccccc1,4.02
742,CHEMBL240714,OC(=O)Cc1ccccc1O,5.46
743,CHEMBL240293,OC(=O)Cc1c(Cl)cccc1Cl,5.36
744,CHEMBL14184,CCCCCC(=O)O,4.17
751,CHEMBL117,Oc1cc(O)c2C(=O)C=C(Oc2c1)c3ccccc3,5.07
752,CHEMBL164,OC1=C(Oc2cc(O)cc(O)c2C1=O)c3cc(O)c(O)c(O)c3,4.54
814,CHEMBL324842,OC(=O)[C@@H](Cc1ccc(O)c(O)c1)OC(=O)\C=C\c2ccc(O)c(O)c2,5.41
815,CHEMBL260778,OC(=O)[C@@H](Cc1cc(O)c(O)cc1[N+](=O)[O-])OC(=O)\C=C\c2ccc(O)c(O)c2,5.74
828,CHEMBL150372,OC1=Cc2ccccc2OC1=O,4.21
831,CHEMBL51628,Oc1ccc2C=CC(=O)Oc2c1,4.64
832,CHEMBL49732,COc1ccc2C=CC(=O)Oc2c1,4.17
833,CHEMBL244743,Oc1cc2OC(=O)C=Cc2cc1O,4.17
834,CHEMBL71851,COc1cc2C=CC(=O)Oc2cc1O,4.13
835,CHEMBL390320,COc1cc2OC(=O)C=Cc2cc1O,4.25
836,CHEMBL12208,CC1=CC(=O)Oc2cc(O)ccc12,4.61
837,CHEMBL12253,OC(=O)CC1=CC(=O)Oc2cc(O)ccc12,4.68
838,CHEMBL325841,Oc1ccc2C(=CC(=O)Oc2c1)c3ccccc3,5.62
839,CHEMBL313244,CC1=CC(=O)Oc2cc(O)c(O)cc12,4.19
840,CHEMBL1255817,OC(=O)CC1=CC(=O)Oc2cc(O)c(O)cc12,4.2
841,CHEMBL1255818,Oc1cc2OC(=O)C=C(c3ccccc3)c2cc1O,4.18
852,CHEMBL496782,COc1cccc(\C=C\2/SC(=O)NC2=O)c1,4.88
853,CHEMBL85496,COc1ccc(\C=C\2/SC(=O)NC2=O)cc1,4.39
859,CHEMBL1668047,CC(=O)Oc1cc(OCC(=O)OCc2ccc(OCc3c(no[n+]3[O-])c4ccccc4)cc2)cc5OC(=CC(=O)c15)c6ccccc6,5.71
861,CHEMBL1668045,CC(=O)Oc1cc(OCC(=O)OCc2cccc(OCc3c(no[n+]3[O-])c4ccccc4)c2)cc5OC(=CC(=O)c15)c6ccccc6,5.79
868,CHEMBL1917584,CCCS(=O)(=O)c1ccc(C)c(c1)C#Cc2cc(Cl)ccc2OCC(=O)O,6.76
869,CHEMBL1917417,Cc1ccc2c(c1)c(Sc3ccccc3)c(C)n2CC(=O)O,5.5
870,CHEMBL1917423,Cc1c(Sc2ccc(Cl)cc2)c3cccc(Cl)c3n1CC(=O)O,5.35
871,CHEMBL1917424,Cc1c(Sc2ccc(Cl)cc2)c3ccc(Cl)cc3n1CC(=O)O,5.95
872,CHEMBL1917425,Cc1c(Sc2ccc(Cl)cc2)c3c(Cl)cccc3n1CC(=O)O,5.75
873,CHEMBL1917426,Cc1c(Sc2ccc(Cl)cc2)c3cc(F)ccc3n1CC(=O)O,5.5
874,CHEMBL1917427,Cc1c(F)ccc2c1c(Sc3ccc(Cl)cc3)c(C)n2CC(=O)O,5.65
875,CHEMBL1917428,Cc1c(Sc2ccc(Cl)cc2)c3c(C#N)c(Cl)ccc3n1CC(=O)O,5.65
878,CHEMBL1917439,Cc1c(Sc2ccc(Cl)cc2)c3cc(ccc3n1CC(=O)O)c4ccccc4,5.75
879,CHEMBL1917441,Cc1ccc2c(c1)c(Sc3cccc(Cl)c3)c(C)n2CC(=O)O,5.75
880,CHEMBL1917442,Cc1ccc2c(c1)c(Sc3ccccc3Cl)c(C)n2CC(=O)O,5.25
881,CHEMBL1917443,Cc1ccc2c(c1)c(Sc3ccc(cc3)S(=O)(=O)C)c(C)n2CC(=O)O,5.1
887,CHEMBL1917458,CCS(=O)(=O)c1ccc(Oc2c(C)n(CC(=O)O)c3ccc(cc23)C(F)(F)F)cc1,5.4
888,CHEMBL1922169,C[C@H](CC(=O)CC(C)C(=O)O)[C@H]1CC(=O)[C@@]2(C)C3=C([C@@H](O)C[C@]12C)[C@@]4(C)CCC(=O)C(C)(C)[C@@H]4C[C@@H]3O,4.64
895,CHEMBL1922174,C[C@H](CC(=O)C[C@@H](C)C(=O)O)[C@H]1C[C@H](O)[C@@]2(C)C3=C(C(=O)C[C@]12C)[C@@]4(C)CC[C@H](O)C(C)(C)[C@@H]4C[C@@H]3O,4.36
905,CHEMBL1208026,OC(=O)Cc1ccc2[nH]c3CCN(Cc4ccccc4)Cc3c2c1,4.74
906,CHEMBL145,OC(=O)\C=C\c1ccc(O)c(O)c1,4.5
908,CHEMBL456309,CC(=CCc1cc(\C=C\C(=O)O)cc(CC=C(C)C)c1O)C,4.64
909,CHEMBL464997,CC(=CCc1cc(\C=C\C(=O)O)ccc1O)C,4.42
913,CHEMBL1940401,COc1cc(O)ccc1\C=C\C(=O)OCCCc2ccc(O)cc2,4.96
914,CHEMBL1940400,COc1cc(O)ccc1\C=C\C(=O)OCCCc2cccc(O)c2,5.31
915,CHEMBL1940399,COc1cc(O)ccc1\C=C\C(=O)OCCCc2ccccc2O,5.16
916,CHEMBL1940398,COc1cc(O)ccc1\C=C\C(=O)OCCCc2ccccc2,4.96
917,CHEMBL1940397,COc1cc(O)ccc1\C=C\C(=O)OCCc2ccc(O)cc2,5.5
918,CHEMBL1940396,COc1cc(O)ccc1\C=C\C(=O)OCCc2cccc(O)c2,5.14
919,CHEMBL1940395,COc1cc(O)ccc1\C=C\C(=O)OCCc2ccccc2O,5.02
920,CHEMBL1940394,COc1cc(O)ccc1\C=C\C(=O)OCCc2ccccc2,5.14
921,CHEMBL1940393,Oc1ccc(\C=C\C(=O)OCCCc2ccccc2)cc1,5.96
922,CHEMBL1940392,Oc1cccc(\C=C\C(=O)OCCCc2ccccc2)c1,4.39
923,CHEMBL1940391,CC(C)OC(=O)\C=C\c1ccc(O)cc1,5.22
924,CHEMBL1095574,Oc1ccc(\C=C\C(=O)OCc2ccccc2)cc1,5.66
926,CHEMBL1940390,Oc1ccc(\C=C\C(=O)OCCc2ccccc2)cc1,5.66
927,CHEMBL1940389,Oc1cccc(\C=C\C(=O)OCCc2ccccc2)c1,4.14
928,CHEMBL493921,O=C(OCCc1ccccc1)\C=C\c2ccccc2,4.64
930,CHEMBL251254,OC[C@H]1O[C@@H](OC2=C(Oc3cc(O)cc(O)c3C2=O)c4ccc(O)c(O)c4)[C@H](O)[C@@H](O)[C@H]1O,5.52
931,CHEMBL250450,OC[C@H]1O[C@@H](OC2=C(Oc3cc(O)cc(O)c3C2=O)c4ccc(O)c(O)c4)[C@H](O)[C@@H](O)[C@@H]1O,5.35
932,CHEMBL312163,COc1cc(O)c2C(=O)C(=C(Oc2c1)c3ccc(O)c(O)c3)O,5.57
934,CHEMBL233930,OC[C@H]1O[C@@H](OC2=C(Oc3cc(O)cc(O)c3C2=O)c4ccc(O)cc4)[C@H](O)[C@@H](O)[C@@H]1O,4.22
935,CHEMBL402947,OC[C@H]1O[C@@H](Oc2ccc(cc2O)C3=C(O)C(=O)c4c(O)cc(O)cc4O3)[C@H](O)[C@@H](O)[C@@H]1O,4.02
936,CHEMBL150,OC1=C(Oc2cc(O)cc(O)c2C1=O)c3ccc(O)cc3,5.0
939,CHEMBL44,Oc1ccc(cc1)C2=COc3cc(O)cc(O)c3C2=O,4.7
941,CHEMBL9352,Oc1ccc(cc1)[C@@H]2CC(=O)c3c(O)cc(O)cc3O2,4.54
942,CHEMBL471282,OC[C@@H]1O[C@@H](OC2=C(Oc3cc(O)cc(O)c3C2=O)c4ccc(O)c(O)c4)[C@H](O)[C@H]1O,4.72
948,CHEMBL187266,Cc1coc2c3ccc4c(CCCC4(C)C)c3C(=O)C(=O)c12,5.06
960,CHEMBL1946958,OC(=O)Cn1c2C(=O)N(Cc3ccc(F)cc3)CCc2c4cc(F)ccc14,4.31
963,CHEMBL1946961,OC(=O)Cn1c2C(=S)N(Cc3ccc(cc3)C(F)(F)F)CCc2c4cc(F)ccc14,5.0
964,CHEMBL1946962,OC(=O)Cn1c2C(=S)N(Cc3ccc(Br)cc3F)CCc2c4cc(F)ccc14,5.77
965,CHEMBL1946963,OC(=O)Cn1c2C(=S)N(Cc3ccc(cc3)C(F)(F)F)CCc2c4ccccc14,4.85
966,CHEMBL1946964,OC(=O)Cn1c2C(=S)N(Cc3ccc(Br)cc3)CCc2c4ccccc14,5.23
969,CHEMBL1944852,OC(=O)Cn1c2C(=S)N(Cc3ccc(Br)cc3F)CCc2c4ccccc14,5.38
975,CHEMBL1944858,OC(=O)Cn1c2C(=S)N(Cc3ccccc3)CCc2c4c(F)cc(F)cc14,5.89
976,CHEMBL1944859,OC(=O)Cn1c2C(=S)N(CCc2c3ccccc13)c4ccccc4,4.51
977,CHEMBL1944860,OC(=O)Cn1c2C(=S)N(CCc3ccccc3)CCc2c4c(F)cc(F)cc14,5.75
987,CHEMBL1682201,CC(=O)c1ccc(Nc2cccc(c2)C(=O)O)cc1,4.41
992,CHEMBL2041554,CC(=O)c1ccc(Nc2cccc(c2)C(=O)O)c(c1)C(=O)O,4.56
993,CHEMBL2041555,OC(=O)c1cccc(Nc2ccc(cc2[N+](=O)[O-])C(F)(F)F)c1,4.3
994,CHEMBL2041556,COc1ccc(Nc2cccc(c2)C(=O)O)c(c1)[N+](=O)[O-],4.37
1001,CHEMBL201515,CC1(C)CC[C@@]2(CC[C@]3(C)C(=CC[C@@H]4[C@@]5(C)C[C@@H](O)[C@H](O)C(C)(C)[C@@H]5CC[C@@]34C)[C@@H]2C1)C(=O)O,4.14
1002,CHEMBL269277,CC(=C)[C@@H]1CC[C@@]2(CC[C@]3(C)[C@H](CC[C@@H]4[C@@]5(C)CC[C@H](O)C(C)(C)[C@@H]5CC[C@@]34C)[C@@H]12)C(=O)O,4.96
1003,CHEMBL169,C[C@@H]1CC[C@@]2(CC[C@]3(C)C(=CC[C@@H]4[C@@]5(C)CC[C@H](O)C(C)(C)[C@@H]5CC[C@@]34C)[C@@H]2[C@H]1C)C(=O)O,4.39
1004,CHEMBL404313,C[C@@H]1CC[C@@]2(CC[C@]3(C)C(=CC[C@@H]4[C@@]5(C)C[C@@H](O)[C@H](O)[C@@](C)(CO)[C@@H]5CC[C@@]34C)[C@@H]2[C@H]1C)C(=O)O,4.47
1006,CHEMBL400074,CC1(C)CC[C@]2(CO)CC[C@]3(C)C(=CC[C@@H]4[C@@]5(C)CC[C@H](O)C(C)(C)[C@@H]5CC[C@@]34C)[C@@H]2C1,4.08
1008,CHEMBL93723,OC(=O)Cn1ccc(c1)C(=O)c2ccccc2,5.62
1010,CHEMBL454320,COc1cc(cc(OC)c1O)C2=CC(=O)c3c(O)cc(O)cc3O2,5.69
1011,CHEMBL239559,OC[C@H]1O[C@H]([C@H](O)[C@@H](O)[C@@H]1O)c2c(O)cc3OC(=CC(=O)c3c2O)c4ccc(O)c(O)c4,5.72
1049,CHEMBL1020,Cc1ccc(cc1)C(=O)c2ccc(CC(=O)O)n2C,5.62
1101,CHEMBL1401,CC(=O)Oc1ccccc1C(=O)Nc2ncc(s2)[N+](=O)[O-],5.09
1104,CHEMBL686,Cc1cccc(Nc2ccccc2C(=O)O)c1C,4.11
1109,CHEMBL276915,Oc1ccc2C(=O)C=C(Oc2c1)c3ccccc3,4.91
1113,CHEMBL28,Oc1ccc(cc1)C2=CC(=O)c3c(O)cc(O)cc3O2,4.92
