,molecule_chembl_id,canonical_smiles,pchembl_value
0,estradiol,[H][C@@]12CC[C@H](O)[C@@]1(C)CC[C@]1([H])C3=C(CC[C@@]21[H])C=C(O)C=C3,8.49
1,CHEMBL402492,Oc1ccc2c(OCc3c2nc4ccc(O)cc4c3C#N)c1,7.01
2,CHEMBL402491,Oc1ccc2c(OCc3c(Cl)c4cc(O)ccc4nc23)c1,7.06
3,CHEMBL250097,Oc1ccc2c(OCc3c(Br)c4cc(O)ccc4nc23)c1,7.25
4,CHEMBL2326068,C[C@]12CC[C@H]3[C@@H]([C@H](CCCCc4cn(CC5COc6ccccc6O5)nn4)Cc7cc(O)ccc37)[C@@H]1CC[C@@H]2O,7.39
5,CHEMBL2326072,C[C@]12CC[C@H]3[C@@H]([C@H](CCCCC#Cc4ccc(cc4)n5cccc5)Cc6cc(O)ccc36)[C@@H]1CC[C@@H]2O,7.72
30,CHEMBL198679,CCc1cc(nc2ccc(O)cc12)c3ccc(O)cc3,6.2
31,CHEMBL440757,Oc1ccc(cc1)c2cc(C#C)c3cc(O)ccc3n2,5.82
32,CHEMBL198089,Oc1ccc(cc1)c2cc(C=C)c3cc(O)ccc3n2,6.3
33,CHEMBL197667,Oc1ccc(cc1)c2cc(C#N)c3cc(O)ccc3n2,6.34
34,CHEMBL198411,Oc1ccc(cc1)c2cc(Br)c3cc(O)ccc3n2,6.67
35,CHEMBL372783,Oc1ccc(cc1)c2cc(Cl)c3cc(O)ccc3n2,6.67
36,CHEMBL398815,COc1cccc(c1)c2c3COc4cc(O)ccc4c3nc5ccc(O)cc25,6.09
37,CHEMBL398814,Oc1ccc2c(OCc3c2nc4ccc(O)cc4c3c5cccc(c5)C#N)c1,5.95
38,CHEMBL250302,Oc1ccc2c(OCc3c2nc4ccc(O)cc4c3c5cccc(Cl)c5)c1,6.3
39,CHEMBL250507,COc1ccc(cc1)c2c3COc4cc(O)ccc4c3nc5ccc(O)cc25,6.26
40,CHEMBL250506,Oc1ccc2c(OCc3c2nc4ccc(O)cc4c3c5ccc(cc5)C(F)(F)F)c1,5.28
41,CHEMBL437390,Oc1ccc2c(OCc3c2nc4ccc(O)cc4c3c5ccc(cc5)C#N)c1,5.99
42,CHEMBL250505,Oc1ccc2c(OCc3c2nc4ccc(O)cc4c3c5ccc(Cl)cc5)c1,5.63
43,CHEMBL402493,CCc1c2COc3cc(O)ccc3c2nc4ccc(O)cc14,6.19
44,CHEMBL250301,Oc1ccc2c(OCc3c2nc4ccc(O)cc4c3C#C)c1,6.21
45,CHEMBL250300,Oc1ccc2c(OCc3c(C=C)c4cc(O)ccc4nc23)c1,6.28
49,CHEMBL44,Oc1ccc(cc1)C2=COc3cc(O)cc(O)c3C2=O,6.4
52,CHEMBL1671971,COc1cc(\C=C\2/SC(=O)NC2=O)ccc1Oc3ccc(cc3C(F)(F)F)C#N,5.8
