,molecule_chembl_id,canonical_smiles,pchembl_value
0,CHEMBL939,COc1cc2ncnc(Nc3ccc(F)c(Cl)c3)c2cc1OCCCN4CCOCC4,9.23
186,CHEMBL1351761,Nc1ccc(cc1)C(=O)Nc2ccccc2N,4.7
190,CHEMBL1446542,CN1C(=O)N(C)c2cc(ccc12)C(=O)Nc3ccc4OCOc4c3,5.34
253,CHEMBL1718241,C(=Cc1c[nH]c2ccccc12)c3ccc4ccccc4n3,4.99
286,CHEMBL1324620,Oc1cccnc1NC(=O)c2ccc(cc2)S(=O)(=O)N3CCCCCC3,4.5
291,CHEMBL3199267,CCc1ccc(\C=N\Nc2[nH]cnc3ncnc23)cc1,5.68
298,CHEMBL1567097,Oc1ccccc1c2cc([nH]n2)c3ccc4OCCOc4c3,4.76
327,CHEMBL2361294,C[C@H]1C\C=C\[C@H]2[C@H](O)C(=C)[C@@H](C)C3[C@H](Cc4ccccc4)NC(=O)[C@@]23[C@H](OC(=O)C)\C=C\[C@@](C)(O)C1=O,4.85
343,CHEMBL1706279,CCOCC(=O)NC1CCc2cc(OC(=O)COCC)c(OC)c(OC)c2C3=CC=C(SC)C(=O)C=C13,6.61
348,CHEMBL61,COc1cc(cc(OC)c1OC)[C@H]2[C@@H]3[C@H](COC3=O)[C@@H](O)c4cc5OCOc5cc24,5.67
350,CHEMBL1506679,COc1ccc(cc1)C2NC(=NC3=C2CCCC3=C4SCCS4)S,5.1
370,CHEMBL1707859,COC(=O)Nc1nc2cc(ccc2[nH]1)C(=C)c3cccs3,5.57
375,CHEMBL77552,COC1=C(Oc2cc(O)c(OC)c(O)c2C1=O)c3ccc(OC)c(O)c3,4.46
389,CHEMBL434976,COc1cc2CCC(N)C3=CC(=O)C(=CC=C3c2c(OC)c1OC)SC,6.67
402,CHEMBL19980,C[C@H]1CCC\C=C\[C@@H]2C[C@H](O)C[C@H]2[C@H](O)\C=C\C(=O)O1,6.87
421,CHEMBL52606,CC(=O)O[C@H]1[C@@H](O)[C@H]2C(C)(C)CC[C@H](O)[C@]2(C)[C@@]3(O)C(=O)C[C@@](C)(O[C@]13C)C=C,5.76
426,CHEMBL1524921,O=C(Nc1sc2CCCCc2c1C#N)\C=C\c3occc3,5.84
427,CHEMBL1322487,Cc1oc(cc1)C(=O)Nc2ncccc2O,4.61
461,CHEMBL1734496,CCC1(O)CC2CN(CCc3c([nH]c4ccccc34)C(C2)(C(=O)OC)c5cc6c(cc5OC)N(C=O)C7C(O)(C(OC(=O)C)C8(CC)C=CCN9CCC67C89)C(=O)OC)C1.OS(=O)(=O)O,6.41
481,CHEMBL1736008,CC(=Nc1ccccc1)C2=C(O)C(Cc3ccccc3)NC2=O,4.8
