,molecule_chembl_id,canonical_smiles,pchembl_value
0,CHEMBL203606,CC(C)COC(=O)N(C)c1ccc(cc1)C(O)(C(F)(F)F)C(F)(F)F,7.0
1,CHEMBL214546,CCN(C(COc1ccc(CC(=O)O)cc1)c2ccccc2)c3ccc(cc3Cl)C(O)(C(F)(F)F)C(F)(F)F,7.0
2,CHEMBL214687,CCN(C(COc1ccc(CCC(=O)OC)cc1)c2ccccc2)c3ccc(cc3Cl)C(O)(C(F)(F)F)C(F)(F)F,7.0
3,CHEMBL386260,CCN(C(COc1ccc(cc1)C(=O)O)c2ccccc2)c3ccc(cc3Cl)C(O)(C(F)(F)F)C(F)(F)F,7.0
4,CHEMBL379225,CN(C(=O)c1ccccc1)c2ccc(cc2)C(O)(C(F)(F)F)C(F)(F)F,7.0
5,CHEMBL202902,CN(c1ccccc1)S(=O)(=O)c2ccc(cc2)C(O)(C(F)(F)F)C(F)(F)F,7.0
6,CHEMBL511891,COC(=O)[C@](F)([C@@H]1CCc2c(C1)[nH]c3ccc(Cl)cc23)S(=O)(=O)c4cccc(Cl)c4,7.0
7,CHEMBL455206,COC(=O)[C@](F)([C@H]1Cc2[nH]c3ccc(Cl)cc3c2C1)S(=O)(=O)c4cccc(Br)c4,7.0
8,CHEMBL1093840,CS(=O)(=O)c1cccc(c1)c2ccc(CN(Cc3c(F)cccc3Cl)S(=O)(=O)C4CC4)cc2,7.0
9,CHEMBL194642,C[C@@]1(CCC[C@@]2(C)[C@H]1CCc3ccc(O)cc23)C(=O)NCC45CC6CC(CC(C6)C4)C5,7.0
10,CHEMBL453617,F[C@]([C@H]1Cc2[nH]c3ccc(Cl)cc3c2C1)(c4onc(n4)C#N)S(=O)(=O)c5ccccc5,7.0
11,CHEMBL364666,O=C1N(Cc2ccccc2)C(=O)C(=C1Nc3ccccc3)c4ccccc4,7.0
12,CHEMBL59030,OC(=O)Cc1cccc(OCCCN(CC(c2ccccc2)c3ccccc3)Cc4cccc(c4Cl)C(F)(F)F)c1,7.0
13,CHEMBL62136,OC(c1ccc(cc1)N(CC(F)(F)F)S(=O)(=O)c2ccccc2)(C(F)(F)F)C(F)(F)F,7.0
14,CHEMBL381570,OC(c1ccc2N(CCOc2c1)S(=O)(=O)c3ccccc3)(C(F)(F)F)C(F)(F)F,7.0
15,CHEMBL207382,CCCc1c(OCCCN2C(=O)Cc3cc(ccc23)C(=O)O)ccc4c(noc14)C(F)(F)F,7.01
16,CHEMBL434302,C[C@H](CC[C@@H]1OC1(C)C)[C@H]2CC[C@H]3[C@@H]4CC=C5C[C@@H](O)CC[C@]5(C)[C@H]4CC[C@]23C,7.02
17,CHEMBL3814501,CC(C)[C@@H]1CN(CCN1c2ncc(Cl)c(n2)C(F)(F)F)c3ccc(F)c(c3)S(=O)(=O)C,7.04
18,CHEMBL480298,CCCNC(=O)c1cccc(Oc2cccc(c2)c3c(Cc4ccccc4)cnc5c(cccc35)C(F)(F)F)c1,7.04
19,CHEMBL226098,OCc1ccc(CNc2cccc(c2)c3c(cnc4c(cccc34)C(F)(F)F)C(=O)c5ccccc5)cc1,7.04
20,CHEMBL596381,CC(C)c1nc2c(cccn2c1c3cccc(OCc4cccc(c4)S(=O)(=O)C)c3)C(F)(F)F,7.05
21,CHEMBL371990,CC(NC(=O)[C@@]1(C)CCC[C@@]2(C)[C@H]1CCc3ccc(O)cc23)C45CC6CC(CC(C6)C4)C5,7.05
22,CHEMBL494073,CCCCN(Cc1ccncc1)c2ccc(cc2)C(O)(C(F)(F)F)C(F)(F)F,7.05
23,CHEMBL378074,CCCc1c(OCCCN(C)c2cnc(CC(=O)O)cn2)ccc3c(noc13)C(F)(F)F,7.05
24,CHEMBL459905,COC(=O)[C@](F)([C@H]1Cc2[nH]c3ccc(Cl)cc3c2C1)S(=O)(=O)c4ccccc4,7.05
25,CHEMBL364012,C[C@@]1(CCC[C@@]2(C)[C@H]1CCc3ccc(O)cc23)C(=O)Oc4ccc5CC[C@H]6C(C)(CCC[C@]6(C)c5c4)C(=O)O,7.05
26,CHEMBL3360974,CC(C)(O)c1cn(c(Cc2ccccc2Cl)n1)c3ccc(cc3)c4cccc(c4)S(=O)(=O)C,7.07
27,CHEMBL61766,NC(=O)Cc1cccc(OCCCN(CC(c2ccccc2)c3ccccc3)Cc4ccc(F)c(c4)C(F)(F)F)c1,7.07
28,CHEMBL60393,NC(=O)Cc1cccc(OCCCN(CC(c2ccccc2)c3ccccc3)Cc4cccc(c4)C(F)(F)F)c1,7.07
29,CHEMBL3673699,CC(C)[C@H]1N(CCn2c1nc3cc(CO)c(cc23)S(=O)(=O)C)c4ncc(C)c(n4)C(F)(F)F,7.08
30,CHEMBL3673706,CC(C)[C@H]1N(CCn2c1nc3ccc(cc23)S(=O)(=O)C)c4ncc(CO)c(n4)C(F)(F)F,7.08
31,CHEMBL3814206,CC(C)[C@@H]1CN(CCN1c2ncc(CO)c(n2)C(F)(F)F)c3ccc(CO)c(c3)S(=O)(=O)C,7.09
32,CHEMBL207142,CCCc1c(OCCCN(C)c2ccc(cc2)C(=O)O)ccc3c(noc13)C(F)(F)F,7.1
33,CHEMBL606756,CCc1nc2c(cccn2c1c3cccc(Cc4cccc(c4)S(=O)(=O)C)c3)C(F)(F)F,7.1
34,CHEMBL206445,CN(c1ccc(cc1)C(O)(C(F)(F)F)C(F)(F)F)S(=O)(=O)c2cccc(c2)S(=O)(=O)N,7.1
35,CHEMBL1093523,Cc1cc(C)c(c(C)c1)S(=O)(=O)N(Cc2ccc(cc2)c3cccc(c3)S(=O)(=O)C)Cc4c(F)cccc4Cl,7.1
36,CHEMBL1092952,Cn1cnc(c1)S(=O)(=O)N(Cc2ccc(cc2)c3cccc(c3)S(=O)(=O)C)Cc4c(F)cccc4Cl,7.1
37,CHEMBL517015,Cc1ccc(Cn2nc3c(cccc3c2c4ccc(F)cc4)C(F)(F)F)c(C)c1,7.11
38,CHEMBL457037,CC(C)NC(=O)c1cccc(Oc2cccc(c2)c3c(Cc4ccccc4)cnc5c(cccc35)C(F)(F)F)c1,7.13
39,CHEMBL3673678,CC(C)[C@H]1N(CCn2c1nc3cc(CO)c(cc23)S(=O)(=O)C)c4ncc(C(C)O)c(n4)C(F)(F)F,7.13
40,CHEMBL573677,C[C@H](CCOc1cccc(CC(=O)O)c1)N(CC(c2ccccc2)c3ccccc3)Cc4cccc(c4Cl)C(F)(F)F,7.13
41,CHEMBL604479,OCc1cccc(Oc2cccc(c2)c3c(Cc4ccccc4)cnc5c(cccc35)C(F)(F)F)c1,7.13
42,CHEMBL3673682,CCC(O)c1cnc(nc1C(F)(F)F)N2CCn3c(nc4cc(CO)c(cc34)S(=O)(=O)C)[C@H]2C(C)C,7.14
43,CHEMBL377218,CCCc1c(OCCCn2ccc3cc(ccc23)C(=O)O)ccc4c(noc14)C(F)(F)F,7.14
44,CHEMBL210917,CCCc1c(OCCCn2ncc3cc(CC(=O)O)ccc23)ccc4c(noc14)C(F)(F)F,7.14
45,CHEMBL1098832,CCS(=O)(=O)c1cccc(c1)c2cccc(c2)c3c(C)cnc4c(cccc34)C(F)(F)F,7.14
46,CHEMBL459472,COC(=O)[C@](F)([C@@H]1CCc2c(C1)[nH]c3ccc(Cl)cc23)S(=O)(=O)c4cccc(F)c4,7.14
47,CHEMBL3673695,COc1nc(ncc1C(F)(F)F)N2CCn3c(nc4cc(CO)c(cc34)S(=O)(=O)C)[C@H]2C(C)C,7.16
48,CHEMBL612006,CS(=O)(=O)c1cccc(Oc2cccc(c2)c3c(CN4CCCCC4)nc5c(cccn35)C(F)(F)F)c1,7.16
49,CHEMBL194733,C[C@@]1(CCC[C@@]2(C)[C@H]1CCc3ccccc23)C(=O)N4CCC(CC4)c5ccccc5,7.16
50,CHEMBL214777,OC(c1ccc(cc1)N(Cc2ccccc2)CC(F)(F)F)(C(F)(F)F)C(F)(F)F,7.16
51,CHEMBL381064,CCCc1c(OCCCN(C)c2ncc(CC(=O)O)s2)ccc3c(noc13)C(F)(F)F,7.17
52,CHEMBL207103,CCCc1c(OCCCNc2ccc(CC(=O)O)cc2)ccc3c(noc13)C(F)(F)F,7.17
53,CHEMBL1095714,CS(=O)(=O)c1cccc(c1)c2cccc(c2)c3ccnc4c(cccc34)C(F)(F)F,7.17
54,CHEMBL192837,C[C@@]1(CCC[C@@]2(C)[C@H]1CCc3ccc(O)cc23)C(=O)CC(=O)C4(C)CCC[C@@]5(C)[C@H]4CCc6ccc(O)cc56,7.17
55,CHEMBL253730,CC(C)(C)c1ccc(CC(C(=O)O)c2ccc(COc3cccc(c3)c4ccc(c5ncc(cc45)C(=O)c6ccccc6)C(F)(F)F)cc2)cc1,7.19
56,CHEMBL3360968,COC(=O)c1cc(c2ccc(s2)c3cccc(c3)S(=O)(=O)C)n(n1)c4ccccc4Cl,7.19
57,CHEMBL225994,OC(=O)COc1ccc(CNc2cccc(c2)c3c(cnc4c(cccc34)C(F)(F)F)C(=O)c5ccccc5)cc1,7.19
58,CHEMBL517245,COC(=O)[C@](F)([C@H]1Cc2[nH]c3ccc(Cl)cc3c2C1)S(=O)(=O)c4cccc(OC)c4,7.21
59,CHEMBL382789,CCCc1c(OCCCN(C)c2ccc(CC(=O)O)c(c2)C(F)(F)F)ccc3c(noc13)C(F)(F)F,7.22
60,CHEMBL269442,CCN(C(COc1ccc(CCC(=O)O)cc1)c2ccccc2)c3ccc(cc3Cl)C(O)(C(F)(F)F)C(F)(F)F,7.22
61,CHEMBL215130,CCN(C(COc1ccc(cc1)C(=O)OC)c2ccccc2)c3ccc(cc3Cl)C(O)(C(F)(F)F)C(F)(F)F,7.22
62,CHEMBL215167,CCN(c1ccc(cc1Cl)C(O)(C(F)(F)F)C(F)(F)F)C(CC)(C(=O)OC)c2ccccc2,7.22
63,CHEMBL383945,COC(=O)C1(CCCCN1c2ccc(cc2)C(O)(C(F)(F)F)C(F)(F)F)c3ccccc3,7.22
64,CHEMBL596047,Cc1cnc2c(Cl)cccc2c1c3cccc(Oc4cccc(CO)c4)c3,7.23
65,CHEMBL253521,Cc1c(C)c(NCc2cccc(c2)c3c(Cc4ccccc4)cnc5c(cccc35)C(F)(F)F)ccc1CC(=O)O,7.24
66,CHEMBL3673704,CC(C)[C@H]1N(CCn2c1nc3ccc(cc23)S(=O)(=O)C)c4ncc(C(C)O)c(n4)C(F)(F)F,7.25
67,CHEMBL573680,OC(=O)C1CCCc2c(OCCCN(CC(c3ccccc3)c4ccccc4)Cc5cccc(c5Cl)C(F)(F)F)cccc12,7.25
68,CHEMBL3360970,CS(=O)(=O)c1cccc(c1)c2ccc(cc2)n3cc(nc3c4ccccc4Cl)C(F)(F)F,7.28
69,CHEMBL486198,CC(C)[C@H](C)[C@@]1(C)C[C@@H]1[C@@H](C)[C@H]2CC[C@H]3[C@@H]4C[C@@H](O)[C@@]5(O)C[C@@H](O)CC[C@]5(C)[C@@]4(O)[C@H](O)C[C@]23C,7.3
70,CHEMBL383959,CCN(Cc1ccccc1)c2ccc(cc2)C(O)(C(F)(F)F)C(F)(F)F,7.3
71,CHEMBL215904,CCN(c1ccc(cc1)C(O)(C(F)(F)F)C(F)(F)F)C(C)(C(=O)OC)c2ccccc2,7.3
72,CHEMBL263089,CCN(c1ccc(cc1)C(O)(C(F)(F)F)C(F)(F)F)C(CC)(C(=O)OC)c2ccccc2,7.3
73,CHEMBL384298,COC(=O)C1(CCCN1c2ccc(cc2)C(O)(C(F)(F)F)C(F)(F)F)c3ccccc3,7.3
74,CHEMBL189938,COc1ccc(NC2=C(C(=O)N(Cc3ccccc3)C2=O)c4ccccc4)cc1,7.3
75,CHEMBL372612,C[C@@]1(CCC[C@@]2(C)[C@H]1CCc3ccc(O)cc23)C(=O)NCC4(CCCCC4)c5ccccc5,7.3
76,CHEMBL460197,Cc1cnc2c(Cl)cccc2c1c3cccc(Oc4cccc(c4)C(=O)N5CCCCC5)c3,7.3
77,CHEMBL205937,OC(c1ccc2N(CCc2c1)S(=O)(=O)c3ccccc3)(C(F)(F)F)C(F)(F)F,7.3
78,CHEMBL3673684,CCOC(=O)c1cnc(nc1C(F)(F)F)N2CCn3c(nc4cc(CO)c(cc34)S(=O)(=O)C)[C@H]2C(C)C,7.31
79,CHEMBL455205,COC(=O)[C@](F)([C@H]1Cc2[nH]c3ccc(Cl)cc3c2C1)S(=O)(=O)c4cccc(F)c4,7.31
80,CHEMBL605314,Cc1nc2c(cccn2c1c3cccc(Oc4cccc(c4)S(=O)(=O)C)c3)C(F)(F)F,7.31
81,CHEMBL216645,OC(=O)Cc1ccc(NCc2cccc(c2)c3c(Cc4ccccc4)cnc5c(cccc35)C(F)(F)F)cc1,7.33
82,CHEMBL603743,OCc1cccc(Oc2cccc(c2)c3c(cnc4c(cccc34)C(F)(F)F)c5ccccc5)c1,7.33
83,CHEMBL573603,CC(C(=O)O)c1cccc(OCCCN(CC(c2ccccc2)c3ccccc3)Cc4cccc(c4Cl)C(F)(F)F)c1,7.34
84,CHEMBL3673708,CC(C)C1N(CCn2c1nc3cc(CO)c(cc23)S(=O)(=O)C)c4ncc(C(=O)C)c(n4)C(F)(F)F,7.34
85,CHEMBL3809494,CN(C)C(=O)c1ccc(cc1Cl)c2cnc(N3CCN(CC3)C(=O)[C@](O)(c4ccccc4)C(F)(F)F)c(c2)C#N,7.35
86,CHEMBL58076,NC(=O)Cc1cccc(OCCCN(CC(c2ccccc2)c3ccccc3)Cc4cccc(c4Cl)C(F)(F)F)c1,7.35
87,CHEMBL595222,CS(=O)(=O)c1cccc(Oc2cccc(c2)n3cnc4c(cccc34)C(F)(F)F)c1,7.36
88,CHEMBL573679,CC(C)(C(=O)O)c1cccc(OCCCN(CC(c2ccccc2)c3ccccc3)Cc4cccc(c4Cl)C(F)(F)F)c1,7.37
89,CHEMBL3815014,CC(C)[C@@H]1CN(CCN1c2nccc(n2)C(F)(F)F)c3cccc(c3)S(=O)(=O)C,7.37
90,CHEMBL3672848,CC(C)[C@H]1N(CCn2c1cc3cc(CO)c(cc23)S(=O)(=O)C)c4nccc(n4)C(F)(F)F,7.37
91,CHEMBL596157,CC(C)c1nc2c(cccn2c1c3cccc(Oc4cccc(c4)S(=O)(=O)C)c3)C#N,7.37
92,CHEMBL593884,Cc1cnc2c(cccc2c1c3cccc(Oc4ccc(cc4)S(=O)(=O)C)c3)C(F)(F)F,7.38
93,CHEMBL380851,CC(C)CN(c1ccc(cc1)C(O)(C(F)(F)F)C(F)(F)F)S(=O)(=O)c2cccs2,7.4
94,CHEMBL203682,CN(c1ccc(cc1)C(O)(C(F)(F)F)C(F)(F)F)S(=O)(=O)c2ccccc2,7.4
95,CHEMBL210768,CCCc1c(OCCCOc2ccc(CC(=O)O)cc2Cl)ccc3c(noc13)C(F)(F)F,7.41
96,CHEMBL594984,CCS(=O)(=O)c1cc(F)cc(Oc2cccc(c2)n3c(C)nc4c(cccc34)C(F)(F)F)c1,7.42
97,CHEMBL596262,OCc1ccc(Oc2cccc(c2)c3c(cnc4c(Cl)cccc34)c5ccccc5)cc1,7.44
98,CHEMBL23296,CCCc1c(OCCCSc2ccc(CC(=O)O)cc2Cl)ccc3c(noc13)C(F)(F)F,7.45
99,CHEMBL3814006,CS(=O)(=O)c1cc(ccc1CO)c2ccc(CN(Cc3ccccc3)S(=O)(=O)c4ccccc4C(F)(F)F)s2,7.47
100,CHEMBL516464,Cc1cnc2c(Cl)cccc2c1c3cccc(Oc4cccc(c4)C(=O)N5CCCC5)c3,7.47
101,CHEMBL225937,OC(=O)Cc1cccc(CNc2cccc(c2)c3c(cnc4c(cccc34)C(F)(F)F)C(=O)c5ccccc5)c1,7.47
102,CHEMBL226047,OC(C(=O)O)c1ccc(CNc2cccc(c2)c3c(cnc4c(cccc34)C(F)(F)F)C(=O)c5ccccc5)cc1,7.47
103,CHEMBL226096,OCCc1ccc(CNc2cccc(c2)c3c(cnc4c(cccc34)C(F)(F)F)C(=O)c5ccccc5)cc1,7.47
104,CHEMBL596357,CC(C)S(=O)(=O)c1cccc(Oc2cccc(c2)c3c(C)nc4c(cccn34)C(F)(F)F)c1,7.48
105,CHEMBL1097160,CS(=O)(=O)c1cc(ccc1F)c2cccc(c2)c3ccnc4c(cccc34)C(F)(F)F,7.5
106,CHEMBL404468,Cc1cc(OCc2cccc(c2)c3c(Cc4ccccc4)cnc5c(cccc35)C(F)(F)F)c(C)cc1CC(=O)O,7.51
107,CHEMBL196335,CCOC(=O)C12CC3CC(CC(C3)(C1)NC(=O)[C@@]4(C)CCC[C@@]5(C)[C@H]4CCc6ccc(O)cc56)C2,7.52
108,CHEMBL595937,CCS(=O)(=O)c1cccc(Oc2cccc(c2)c3c(C)nc4c(cccn34)C(F)(F)F)c1,7.52
109,CHEMBL206674,CN(c1ccc(cc1)C(O)(C(F)(F)F)C(F)(F)F)S(=O)(=O)c2cccc(c2)c3ccccc3,7.52
110,CHEMBL608531,CS(=O)(=O)c1cccc(Oc2cccc(c2)c3c(nc4c(cccn34)C(F)(F)F)n5ccnc5)c1,7.52
111,CHEMBL486808,C[C@H](CCC=C(C)C)[C@H]1C[C@H](O)[C@@]2(C)C3=CC[C@H]4C(C)(C)[C@@H](O)CC[C@]4(C)C3=CC[C@]12C,7.52
112,CHEMBL386603,Cc1oc(nc1CN(CC(F)(F)F)c2ccc(cc2)C(O)(C(F)(F)F)C(F)(F)F)c3cccc(Cl)c3,7.52
113,CHEMBL376568,OC(=O)C(F)(F)c1ccc(CNc2cccc(c2)c3c(cnc4c(cccc34)C(F)(F)F)C(=O)c5ccccc5)cc1,7.52
114,CHEMBL381478,OC(c1ccc2N(CCCc2c1)S(=O)(=O)c3ccccc3)(C(F)(F)F)C(F)(F)F,7.52
115,CHEMBL453616,CN(C)c1noc(n1)[C@](F)([C@H]2Cc3[nH]c4ccc(Cl)cc4c3C2)S(=O)(=O)c5ccccc5,7.54
116,CHEMBL210990,CCCc1c(OCCCN(C)c2ncc(CC(=O)O)cn2)ccc3c(noc13)C(F)(F)F,7.59
117,CHEMBL3673709,CCOC(=O)c1cnc(nc1C(F)(F)F)N2CCn3c(nc4cc(CO)c(cc34)S(=O)(=O)C)C2C(C)C,7.59
118,CHEMBL3814153,CC(C)[C@@H]1CN(CCN1c2nccc(n2)C(F)(F)F)c3ccc(F)c(c3)S(=O)(=O)C,7.6
119,CHEMBL1097140,CS(=O)(=O)c1cc(c(F)cc1F)c2cccc(c2)c3ccnc4c(cccc34)C(F)(F)F,7.6
120,CHEMBL604907,CCCS(=O)(=O)c1cccc(Oc2cccc(c2)n3c(C)nc4c(cccc34)C(F)(F)F)c1,7.62
121,CHEMBL595915,COc1ccc(CN(C)S(=O)(=O)c2cccc(Oc3cccc(c3)c4c(nc5c(Cl)cccn45)C(C)C)c2)cc1,7.62
122,CHEMBL3673675,CC(C)[C@H]1N(CCn2c1nc3cc(CO)c(cc23)S(=O)(=O)C)c4ncc(c(n4)C(F)(F)F)C(C)(C)O,7.64
123,CHEMBL254541,CCC#CCC(C(=O)O)c1ccc(COc2cccc(c2)c3ccc(c4ncc(cc34)C(=O)c5ccccc5)C(F)(F)F)cc1,7.68
124,CHEMBL403418,Cc1cc(NCc2cccc(c2)c3c(Cc4ccccc4)cnc5c(cccc35)C(F)(F)F)c(C)cc1CC(=O)O,7.68
125,CHEMBL225828,Cc1cccc2c(c(Cc3ccccc3)cnc12)c4cccc(NCc5ccc(CC(=O)O)cc5)c4,7.68
126,CHEMBL404469,OC(=O)Cc1ccc(NCc2cccc(c2)c3c(Cc4ccccc4)cnc5c(cccc35)C(F)(F)F)c6ccccc16,7.68
127,CHEMBL215036,CCN(Cc1cscn1)c2ccc(cc2Cl)C(O)(C(F)(F)F)C(F)(F)F,7.7
128,CHEMBL206626,CN(c1ccc(cc1)C(O)(C(F)(F)F)C(F)(F)F)S(=O)(=O)c2cccc(c2)C#N,7.7
129,CHEMBL596593,Cc1nc2c(Cl)cccc2n1c3cccc(Oc4cccc(c4)S(=O)(=O)C(F)(F)F)c3,7.7
130,CHEMBL454596,FC(F)(F)c1cccc2c(c(Cc3ccccc3)cnc12)c4cccc(Oc5cccc(c5)C(=O)N6CCCCC6)c4,7.7
131,CHEMBL3360961,Fc1ccc(CN2C(=O)C(=C(C=C2c3ccc(Oc4ccccc4)cc3)C(F)(F)F)C#N)c(F)c1,7.7
132,CHEMBL207690,CCCc1c(OCCCN2C(=O)Cc3cc(CC(=O)O)ccc23)ccc4c(noc14)C(F)(F)F,7.72
133,CHEMBL207019,CCCc1c(OCCCN(C)c2ccc(CC(=O)O)cc2)ccc3c(noc13)C(F)(F)F,7.75
134,CHEMBL207907,CCCc1c(OCCCn2ccc3cc(CCC(=O)O)ccc23)ccc4c(noc14)C(F)(F)F,7.75
135,CHEMBL3360963,CS(=O)(=O)c1cccc(c1)c2ccc(s2)c3cc(nn3Cc4ccc(F)cc4F)C(F)(F)F,7.75
136,CHEMBL387484,Cc1cccc2c(c3cccc(NCc4ccc(CC(=O)O)cc4)c3)c(cnc12)C(=O)c5ccccc5,7.75
137,CHEMBL225884,CC(C)(C(=O)O)c1ccc(CNc2cccc(c2)c3c(cnc4c(cccc34)C(F)(F)F)C(=O)c5ccccc5)cc1,7.76
138,CHEMBL605723,Cc1nc2c(Cl)cccc2n1c3cc(Oc4cccc(c4)S(=O)(=O)C(F)(F)F)ccc3Cl,7.77
139,CHEMBL254333,OC(=O)Cc1ccc(COc2cccc(c2)c3ccc(c4ncc(cc34)C(=O)c5ccccc5)C(F)(F)F)cc1,7.77
140,CHEMBL386772,OC(=O)Cc1ccc(COc2cccc(c2)c3c(cnc4c(cccc34)C(F)(F)F)C(=O)c5ccccc5)cc1,7.78
141,CHEMBL383728,CCCc1c(OCCCn2ccc3cc(CC(=O)O)ccc23)ccc4c(noc14)C(F)(F)F,7.8
142,CHEMBL389859,Cc1cnc2c(cccc2c1c3cccc(NCc4ccc(CC(=O)O)cc4)c3)C(F)(F)F,7.8
143,CHEMBL403958,OC(=O)C(CC=C)c1ccc(COc2cccc(c2)c3ccc(c4ncc(cc34)C(=O)c5ccccc5)C(F)(F)F)cc1,7.8
144,CHEMBL374804,CC(C(=O)O)c1ccc(CNc2cccc(c2)c3c(cnc4c(cccc34)C(F)(F)F)C(=O)c5ccccc5)cc1,7.82
145,CHEMBL450409,FC(F)(F)c1cccc2c(c(Cc3ccccc3)cnc12)c4cccc(Oc5cccc(c5)C(=O)N6CCOCC6)c4,7.82
146,CHEMBL195184,CC1(COC(=O)[C@@]2(C)CCC[C@@]3(C)[C@H]2CCc4ccc(O)cc34)CCC[C@@]5(C)[C@H]1CCc6ccc(O)cc56,7.85
147,CHEMBL611465,CCc1nc2c(cccn2c1c3cccc(Oc4cccc(c4)S(=O)(=O)C)c3)C(F)(F)F,7.85
148,CHEMBL600244,CS(=O)(=O)c1cccc(Oc2cccc(c2)c3c(cnc4c(cccc34)C(F)(F)F)C#N)c1,7.87
149,CHEMBL594174,CC(C)CCS(=O)(=O)c1cccc(Oc2cccc(c2)c3c(C)cnc4c(cccc34)C(F)(F)F)c1,7.89
150,CHEMBL594983,Cc1nc2c(cccc2n1c3cccc(Oc4cc(F)cc(c4)S(=O)(=O)C)c3)C(F)(F)F,7.89
151,CHEMBL596592,Cc1nc2c(cccc2n1c3cccc(Oc4cccc(c4)S(=O)(=O)CCCO)c3)C(F)(F)F,7.89
152,CHEMBL215042,Cc1oc(nc1CN(CC(F)(F)F)c2ccc(cc2)C(O)(C(F)(F)F)C(F)(F)F)c3cccc(c3)C(F)(F)F,7.89
153,CHEMBL1091976,Cc1ccccc1S(=O)(=O)N(Cc2ccc(cc2)c3cccc(c3)S(=O)(=O)C)Cc4c(F)cccc4Cl,7.9
154,CHEMBL208967,CCCc1c(OCCCN(C)c2ccc(CC(=O)O)c(Cl)c2)ccc3c(noc13)C(F)(F)F,7.92
155,CHEMBL505445,CCN(CC)C(=O)c1cccc(Oc2cccc(c2)c3c(Cc4ccccc4)cnc5c(cccc35)C(F)(F)F)c1,7.92
156,CHEMBL1098850,Cc1ccc(cc1S(=O)(=O)C)c2cccc(c2)c3c(C)cnc4c(cccc34)C(F)(F)F,7.92
157,CHEMBL502579,FC(F)(F)c1cccc2c(c(Cc3ccccc3)cnc12)c4cccc(Oc5cccc(c5)C(=O)N6CCCC6)c4,7.92
158,CHEMBL254945,Cc1cc(CC(=O)O)c(C)cc1COc2cccc(c2)c3c(Cc4ccccc4)cnc5c(cccc35)C(F)(F)F,7.96
159,CHEMBL226049,NC(=O)Cc1ccc(CNc2cccc(c2)c3c(cnc4c(cccc34)C(F)(F)F)C(=O)c5ccccc5)cc1,7.96
160,CHEMBL595118,Cc1cnc2c(cccc2c1c3cccc(Oc4cccc(CO)c4)c3)C(F)(F)F,7.99
161,CHEMBL191965,CC(=O)Oc1ccc2CC[C@H]3[C@](C)(CCC[C@]3(C)c2c1)C(=O)OC(=O)C4(C)CCC[C@@]5(C)[C@H]4CCc6ccc(OC(=O)C)cc56,8.0
162,CHEMBL603956,CC(C)c1nc2c(Cl)cccn2c1c3cccc(Oc4cccc(c4)S(=O)(=O)C)c3,8.0
163,CHEMBL1091034,CS(=O)(=O)c1cccc(c1)c2ccc(CN(Cc3ccc(F)cc3Cl)S(=O)(=O)c4ccccc4)cc2,8.0
164,CHEMBL1097159,Cc1cnc2c(cccc2c1c3cccc(c3)c4cc(c(F)cc4F)S(=O)(=O)C)C(F)(F)F,8.0
165,CHEMBL1097158,Cc1cnc2c(cccc2c1c3cccc(c3)c4ccc(F)c(c4)S(=O)(=O)C)C(F)(F)F,8.0
166,CHEMBL214719,OC(=O)Cc1ccc(COc2cccc(c2)c3c(Cc4ccccc4)cnc5c(cccc35)C(F)(F)F)cc1,8.0
167,CHEMBL380612,OC(c1ccc2N(CCCCc2c1)S(=O)(=O)c3ccccc3)(C(F)(F)F)C(F)(F)F,8.0
168,CHEMBL461890,CNC(=O)c1cccc(Oc2cccc(c2)c3c(C)cnc4c(Cl)cccc34)c1,8.05
169,CHEMBL584568,C[C@H](CCOc1cccc(c1)C(C)(C)C(=O)O)N(CC(c2ccccc2)c3ccccc3)Cc4cccc(c4Cl)C(F)(F)F,8.05
170,CHEMBL1094741,Cc1cnc2c(cccc2c1c3cccc(c3)c4cccc(c4)S(=O)(=O)C)C(F)(F)F,8.05
171,CHEMBL225935,OC(=O)Cc1ccc(CNc2cccc(c2)c3c(cnc4c(Cl)cccc34)C(=O)c5ccccc5)cc1,8.05
172,CHEMBL595345,CC(C)CS(=O)(=O)c1cccc(Oc2cccc(c2)c3c(C)cnc4c(cccc34)C(F)(F)F)c1,8.09
173,CHEMBL1097799,CC(C)c1cnc2c(cccc2c1c3cccc(c3)c4cccc(c4)S(=O)(=O)C)C(F)(F)F,8.09
174,CHEMBL607090,COc1ccc(Oc2cccc(c2)c3c(C)cnc4c(cccc34)C(F)(F)F)cc1S(=O)(=O)C,8.09
175,CHEMBL604582,Cc1cnc2c(cccc2c1c3cccc(Oc4cccc(c4)S(=O)(=O)CCC(C)(C)O)c3)C(F)(F)F,8.09
176,CHEMBL217118,OC(=O)Cc1ccc(CNc2cccc(c2)c3c(Cc4ccccc4)cnc5c(cccc35)C(F)(F)F)cc1,8.1
177,CHEMBL226461,OC(=O)Cc1ccc(CNc2cccc(c2)c3c(cnc4c(cccc34)C(F)(F)F)c5ccccc5)cc1,8.1
178,CHEMBL206738,OC(c1ccc(cc1)N(C2CCCC2)S(=O)(=O)c3ccccc3)(C(F)(F)F)C(F)(F)F,8.1
179,CHEMBL1096719,CCCc1cnc2c(cccc2c1c3cccc(c3)c4cccc(c4)S(=O)(=O)C)C(F)(F)F,8.12
180,CHEMBL595917,CNS(=O)(=O)c1cccc(Oc2cccc(c2)c3c(nc4c(Cl)cccn34)C(C)C)c1,8.13
181,CHEMBL611734,CS(=O)(=O)c1cccc(Oc2cccc(c2)c3c(nc4c(cccn34)C(F)(F)F)c5ccccc5)c1,8.14
182,CHEMBL593471,CS(=O)(=O)c1cccc(Oc2cccc(c2)c3ccnc4c(Cl)cccc34)c1,8.14
183,CHEMBL594994,Cc1nc2c(Cl)cccc2n1c3cccc(Oc4cccc(c4)S(=O)(=O)C)c3,8.14
184,CHEMBL1098401,CS(=O)(=O)c1cccc(c1)c2cccc(c2)c3c(Cc4ccccc4)cnc5c(cccc35)C(F)(F)F,8.16
185,CHEMBL594757,Cc1nc2c(cccc2n1c3cccc(Oc4cccc(c4)S(=O)(=O)C)c3)C(F)(F)F,8.16
186,CHEMBL226408,OC(=O)Cc1ccc(CNc2cccc(c2)c3c(cnc4c(cccc34)C(F)(F)F)C(=O)c5ccccc5)cc1,8.16
187,CHEMBL590098,CCOC(=O)c1cnc2c(cccc2c1c3cccc(Oc4cccc(c4)S(=O)(=O)C)c3)C(F)(F)F,8.18
188,CHEMBL606157,Cc1cnc2c(Cl)cccc2c1c3cccc(Oc4cccc(c4)C(C)(C)O)c3,8.18
189,CHEMBL611467,CC(C)(C)c1nc2c(cccn2c1c3cccc(Oc4cccc(c4)S(=O)(=O)C)c3)C(F)(F)F,8.19
190,CHEMBL1093554,CS(=O)(=O)c1cccc(c1)c2ccc(CN(Cc3c(F)cccc3Cl)S(=O)(=O)c4ccccc4)cc2,8.2
191,CHEMBL254539,CC#CCC(C(=O)O)c1ccc(COc2cccc(c2)c3ccc(c4ncc(cc34)C(=O)c5ccccc5)C(F)(F)F)cc1,8.22
192,CHEMBL386530,CCN(CCc1ccccc1)c2ccc(cc2Cl)C(O)(C(F)(F)F)C(F)(F)F,8.22
193,CHEMBL214867,CCN(Cc1nc(oc1C)c2cccc(c2)C(F)(F)F)c3ccc(cc3)C(O)(C(F)(F)F)C(F)(F)F,8.22
194,CHEMBL383944,CCN(Cc1nc(oc1C)c2cccc(c2)C(F)(F)F)c3ccc(cc3Cl)C(O)(C(F)(F)F)C(F)(F)F,8.22
195,CHEMBL595483,CCS(=O)(=O)c1cccc(Oc2cccc(c2)n3c(C)nc4c(cccc34)C(F)(F)F)c1,8.24
196,CHEMBL596591,CC(C)S(=O)(=O)c1cccc(Oc2cccc(c2)n3c(C)nc4c(Cl)cccc34)c1,8.25
197,CHEMBL594050,CC(C)S(=O)(=O)c1cccc(Oc2cccc(c2)n3c(C)nc4c(cccc34)C(F)(F)F)c1,8.27
198,CHEMBL595124,CC(C)(O)c1cccc(Oc2cccc(c2)c3c(Cc4ccccc4)cnc5c(cccc35)C(F)(F)F)c1,8.28
199,CHEMBL593814,CCS(=O)(=O)c1cccc(Oc2cccc(c2)n3c(C)nc4c(Cl)cccc34)c1,8.29
200,CHEMBL215789,CCN(Cc1nc(oc1C)c2cccc(Cl)c2)c3ccc(cc3)C(O)(C(F)(F)F)C(F)(F)F,8.3
201,CHEMBL225936,OC(=O)Cc1ccc(CNc2cccc(c2)c3c(Cc4ccccc4)cnc5c(Cl)cccc35)cc1,8.3
202,CHEMBL1098403,CCc1cnc2c(cccc2c1c3cccc(c3)c4cccc(c4)S(=O)(=O)C)C(F)(F)F,8.32
203,CHEMBL595455,Cc1nc2c(Cl)cccc2n1c3cc(Oc4cc(F)cc(c4)S(=O)(=O)C)ccc3Cl,8.33
204,CHEMBL595011,CS(=O)(=O)c1cccc(Oc2cccc(c2)n3c(nc4c(cccc34)C(F)(F)F)C5CC5)c1,8.38
205,CHEMBL595248,CC(C)S(=O)(=O)c1cccc(Oc2ccc(Cl)c(c2)n3cnc4c(cccc34)C(F)(F)F)c1,8.4
206,CHEMBL3360960,CS(=O)(=O)c1cccc(c1)c2ccc(s2)C3=CC(=C(C#N)C(=O)N3Cc4ccc(F)cc4F)C(F)(F)F,8.4
207,CHEMBL606143,Cc1nc2c(Cl)cccc2n1c3cc(Oc4cccc(c4)S(=O)(=O)C)ccc3Cl,8.43
208,CHEMBL595454,CC(C)S(=O)(=O)c1cccc(Oc2ccc(Cl)c(c2)n3c(C)nc4c(Cl)cccc34)c1,8.44
209,CHEMBL611466,CC(C)c1nc2c(cccn2c1c3cccc(Oc4cccc(c4)S(=O)(=O)C)c3)C(F)(F)F,8.46
210,CHEMBL595249,CCS(=O)(=O)c1cccc(Oc2ccc(Cl)c(c2)n3c(C)nc4c(Cl)cccc34)c1,8.46
211,CHEMBL595804,COCCCS(=O)(=O)c1cccc(Oc2cccc(c2)c3c(C)cnc4c(cccc34)C(F)(F)F)c1,8.5
212,CHEMBL215663,CCN(Cc1ccccc1)c2ccc(cc2Cl)C(O)(C(F)(F)F)C(F)(F)F,8.52
213,CHEMBL594176,Cc1cnc2c(cccc2c1c3cccc(Oc4cc(Cl)cc(c4)S(=O)(=O)C)c3)C(F)(F)F,8.52
214,CHEMBL593241,CS(=O)(=O)c1cccc(Oc2cccc(c2)c3ccnc4c(cccc34)C(F)(F)F)c1,8.55
215,CHEMBL594288,CS(=O)(=O)c1cccc(Oc2ccc(Cl)c(c2)n3cnc4c(cccc34)C(F)(F)F)c1,8.57
216,CHEMBL595580,CCCS(=O)(=O)c1cccc(Oc2cccc(c2)c3c(C)cnc4c(cccc34)C(F)(F)F)c1,8.59
217,CHEMBL595344,CC(C)S(=O)(=O)c1cccc(Oc2cccc(c2)c3ccnc4c(cccc34)C(F)(F)F)c1,8.62
218,CHEMBL594367,CCS(=O)(=O)c1cccc(Oc2ccc(Cl)c(c2)n3cnc4c(cccc34)C(F)(F)F)c1,8.62
219,CHEMBL555373,CC1(CCC[C@@]2(C)[C@H]1CCc3ccc(O)cc23)C(=O)OC(=O)C4(C)CCCC5(C)C4CCc6ccc(O)cc56,8.7
220,CHEMBL215108,CCN(Cc1nc(oc1C)c2cccc(Cl)c2)c3ccc(cc3Cl)C(O)(C(F)(F)F)C(F)(F)F,8.7
221,CHEMBL612007,CS(=O)(=O)c1cccc(Oc2cccc(c2)c3c(CN4CCSC4)nc5c(cccn35)C(F)(F)F)c1,8.7
222,CHEMBL595689,Cc1cnc2c(cccc2c1c3cccc(Oc4cccc(c4)S(=O)(=O)C)c3)C(F)(F)F,8.7
223,CHEMBL254542,OC(=O)C(CC#C)(CC#C)c1ccc(COc2cccc(c2)c3ccc(c4ncc(cc34)C(=O)c5ccccc5)C(F)(F)F)cc1,8.7
224,CHEMBL594175,Cc1cnc2c(cccc2c1c3cccc(Oc4cc(F)cc(c4)S(=O)(=O)C)c3)C(F)(F)F,8.72
225,CHEMBL595113,CC(C)S(=O)(=O)c1cccc(Oc2cccc(c2)c3c(C)cnc4c(cccc34)C(F)(F)F)c1,8.75
226,CHEMBL595936,CCc1nc2c(cccc2n1c3cccc(Oc4cccc(c4)S(=O)(=O)C)c3)C(F)(F)F,8.77
227,CHEMBL593473,CCS(=O)(=O)c1cccc(Oc2cccc(c2)c3c(C)cnc4c(cccc34)C(F)(F)F)c1,8.8
228,CHEMBL594063,CC(C)c1nc2c(Cl)cccc2n1c3cccc(Oc4cccc(c4)S(=O)(=O)C)c3,8.82
229,CHEMBL593472,Cc1cnc2c(cccc2c1c3cccc(Oc4cccc(c4)S(=O)(=O)CCCO)c3)C(F)(F)F,8.85
230,CHEMBL605730,CS(=O)(=O)c1cccc(Oc2cccc(c2)n3c(nc4c(cccc34)C(F)(F)F)C(F)(F)F)c1,8.89
231,CHEMBL606539,CS(=O)(=O)c1cccc(Oc2cccc(c2)c3c(Cc4ccccc4)cnc5c(Cl)cccc35)c1,8.92
232,CHEMBL594062,CS(=O)(=O)c1cccc(Oc2cccc(c2)n3c(Cc4ccc(F)cc4)nc5c(cccc35)C(F)(F)F)c1,8.92
233,CHEMBL595224,CS(=O)(=O)c1cccc(Oc2cccc(c2)n3c(nc4c(cccc34)C(F)(F)F)c5ccccc5)c1,8.96
234,CHEMBL595782,Cc1cnc2c(Cl)cccc2c1c3cccc(Oc4cccc(c4)S(=O)(=O)C)c3,8.96
235,CHEMBL506838,CC(=O)Oc1ccc2CC[C@H]3[C@](C)(CCC[C@]3(C)c2c1)C(=O)OC(=O)[C@@]4(C)CCC[C@@]5(C)[C@H]4CCc6ccc(OC(=O)C)cc56,9.0
236,CHEMBL603636,CC(C)c1nc2c(cccc2n1c3cccc(Oc4cccc(c4)S(=O)(=O)C)c3)C(F)(F)F,9.0
237,CHEMBL365544,C[C@@]1(CCC[C@@]2(C)[C@H]1CCc3ccc(O)cc23)C(=O)NC(=O)C4(C)CCC[C@@]5(C)[C@H]4CCc6ccc(O)cc56,9.0
238,CHEMBL384246,OC(c1ccc(N(Cc2ccccc2)CC(F)(F)F)c(Cl)c1)(C(F)(F)F)C(F)(F)F,9.0
239,CHEMBL592506,CS(=O)(=O)c1cccc(Oc2cccc(c2)c3c(Cc4ccccc4)cnc5c(cccc35)C(F)(F)F)c1,9.04
240,CHEMBL611735,CS(=O)(=O)c1cccc(Oc2cccc(c2)c3c(Cc4ccccc4)nc5c(cccn35)C(F)(F)F)c1,9.09
241,CHEMBL595012,CC(C)Cc1nc2c(cccc2n1c3cccc(Oc4cccc(c4)S(=O)(=O)C)c3)C(F)(F)F,9.1
8,CHEMBL61124,COc1ccc(CN(CCCOc2cccc(CC(=O)N)c2)CC(c3ccccc3)c4ccccc4)c(F)c1,6.72
12,CHEMBL59359,COc1ccc(CN(CCCOc2cccc(CC(=O)N)c2)CC(c3ccccc3)c4ccccc4)cc1F,6.6
16,CHEMBL62135,COc1ccc(CN(CCCOc2cccc(c2)C(=O)N)CC(c3ccccc3)c4ccccc4)cc1OC,6.59
32,CHEMBL59082,COc1ccc(CN(CCCOc2cccc(CC(=O)N)c2)CC(c3ccccc3)c4ccccc4)c(OC)c1,6.18
36,CHEMBL60079,COc1ccc(CN(CCCOc2cccc(CC(=O)O)c2)CC(c3ccccc3)c4ccccc4)cc1,6.07
44,CHEMBL61528,COc1ccc(CN(CCCOc2cccc(CC(=O)N)c2)CC(c3ccccc3)c4ccccc4)cc1,6.59
47,CHEMBL352837,C[C@H](CCC(=O)N(C)C)[C@H]1CC[C@H]2[C@@H]3CC=C4C[C@@H](O)CC[C@]4(C)[C@H]3CC[C@]12C,6.77
49,CHEMBL169264,C[C@H](CCC(=O)O)[C@H]1CC[C@H]2[C@@H]3CC=C4C[C@@H](O)CC[C@]4(C)[C@H]3CC[C@]12C,5.52
51,CHEMBL169046,C[C@H](CCCC(C)(C)O)[C@H]1CC[C@H]2[C@@H]3CC=C4C[C@@H](O)CC[C@]4(C)[C@H]3CC[C@]12C,5.94
53,CHEMBL171744,C[C@H](CC[C@H]1OC1(C)C)[C@H]2CC[C@H]3[C@@H]4CC=C5C[C@@H](O)CC[C@]5(C)[C@H]4CC[C@]23C,6.17
55,CHEMBL275911,CC(C)C(=O)CC[C@@H](C)[C@H]1CC[C@H]2[C@@H]3CC=C4C[C@@H](O)CC[C@]4(C)[C@H]3CC[C@]12C,6.75
61,CHEMBL171804,CC(C)[C@@H](O)CC[C@@H](C)[C@H]1CC[C@H]2[C@@H]3CC=C4C[C@@H](O)CC[C@]4(C)[C@H]3CC[C@]12C,6.89
65,CHEMBL172521,COC(=O)CC[C@@H](C)[C@H]1CC[C@H]2[C@@H]3CC=C4C[C@@H](O)CC[C@]4(C)[C@H]3CC[C@]12C,6.98
67,CHEMBL170154,CC(C)[C@H](O)CC[C@@H](C)[C@H]1CC[C@H]2[C@@H]3CC=C4C[C@@H](O)CC[C@]4(C)[C@H]3CC[C@]12C,6.66
69,CHEMBL366950,CNC(=O)CC[C@@H](C)[C@H]1CC[C@H]2[C@@H]3CC=C4C[C@@H](O)CC[C@]4(C)[C@H]3CC[C@]12C,6.14
71,CHEMBL353882,C[C@@H](CO)CCC[C@@H](C)[C@H]1CC[C@H]2[C@@H]3CC=C4C[C@@H](O)CC[C@]4(C)[C@H]3CC[C@]12C,6.6
73,CHEMBL173898,CC(C)CCC[C@](C)(O)[C@H]1CC[C@H]2[C@@H]3CC=C4C[C@@H](O)CC[C@]4(C)[C@H]3CC[C@]12C,6.33
78,CHEMBL422904,CC(C)CC[C@@H](O)[C@@H](C)[C@H]1CC[C@H]2[C@@H]3CC=C4C[C@@H](O)CC[C@]4(C)[C@H]3CC[C@]12C,6.49
80,CHEMBL172618,CC(C)C[C@H](O)C[C@@H](C)[C@H]1CC[C@H]2[C@@H]3CC=C4C[C@@H](O)CC[C@]4(C)[C@H]3CC[C@]12C,5.23
93,CHEMBL190901,Clc1ccc(NC2=C(C(=O)N(Cc3ccccc3)C2=O)c4ccccc4)cc1,6.89
96,CHEMBL191263,CCN1C(=O)C(=C(C1=O)c2ccccc2)Nc3ccc(OC)cc3,6.52
99,CHEMBL189228,COc1ccc(NC2=C(C(=O)N(C2=O)c3ccccc3)c4ccccc4)cc1,6.56
102,CHEMBL191419,COc1ccc(NC2=C(C(=O)N(C)C2=O)c3ccccc3)cc1,6.24
105,CHEMBL370285,CCN1C(=O)C(=C(C1=O)c2ccccc2)Nc3ccccc3,6.05
108,CHEMBL189532,CCN1C(=O)C(=C(C1=O)c2ccccc2)Nc3ccc(Cl)cc3,6.14
111,CHEMBL158781,CN1C(=O)C(=C(C1=O)c2ccccc2)Nc3ccccc3,5.8
170,CHEMBL427183,C[C@@]1(CCC[C@@]2(C)[C@H]1CCc3ccc(O)cc23)C(=O)OCc4ccccc4,5.55
178,CHEMBL194192,C[C@@]1(CCC[C@@]2(C)[C@H]1CCc3ccc(O)cc23)C(=O)OCCC=C,5.3
182,CHEMBL426289,C[C@@]1(CCC[C@@]2(C)[C@H]1CCc3ccc(O)cc23)C(=O)OCCCC=C,5.42
186,CHEMBL196145,C[C@@]1(CCC[C@@]2(C)[C@H]1CCc3ccc(O)cc23)C(=O)NCCc4ccccc4,5.53
190,CHEMBL424831,C[C@@]1(CCC[C@@]2(C)[C@H]1CCc3ccc(O)cc23)C(=O)NC4CC5CCC4C5,5.51
202,CHEMBL197522,CC1(C)C2CCC(NC(=O)[C@@]3(C)CCC[C@@]4(C)[C@H]3CCc5ccc(O)cc45)C1C2,6.46
206,CHEMBL382942,C[C@H]1[C@@H](C[C@@H]2C[C@H]1C2(C)C)NC(=O)[C@@]3(C)CCC[C@@]4(C)[C@H]3CCc5ccc(O)cc45,6.57
210,CHEMBL199255,C[C@@]1(CCC[C@@]2(C)[C@H]1CCc3ccc(O)cc23)C(=O)NC45CC6CC(CC(C6)C4)C5,6.85
214,CHEMBL194409,C[C@@]1(CCC[C@@]2(C)[C@H]1CCc3ccc(O)cc23)C(=O)NC4C5CC6CC(CC4C6)C5,6.89
222,CHEMBL370175,C[C@@]1(CCC[C@@]2(C)[C@H]1CCc3ccc(O)cc23)C(=O)N4C5CCCCC5C6CCCCC46,6.52
230,CHEMBL194353,C[C@@]1(CCC[C@@]2(C)[C@H]1CCc3ccccc23)C(=O)NCC4(CCCCC4)c5ccccc5,6.7
234,CHEMBL365750,CC(CNC(=O)[C@@]1(C)CCC[C@@]2(C)[C@H]1CCc3ccccc23)(c4ccccc4)c5ccccc5,6.31
242,CHEMBL197265,C[C@@]1(CCC[C@@]2(C)[C@H]1CCc3ccccc23)C(=O)N4CCC5(CC4)C=Cc6ccccc56,6.13
246,CHEMBL196340,C[C@@]1(CCC[C@@]2(C)[C@H]1CCc3ccccc23)C(=O)N4CCCC(C4)c5ccccc5,6.44
250,CHEMBL194679,C[C@@]1(CCC[C@@]2(C)[C@H]1CCc3ccccc23)C(=O)NC(=O)C45CC6CC(CC(C6)C4)C5,6.54
254,CHEMBL194573,C[C@@]1(CCC[C@@]2(C)[C@H]1CCc3ccccc23)C(=O)NC(=O)C4(CCCCC4)c5ccccc5,6.38
258,CHEMBL194866,C[C@@]1(CCC[C@@]2(C)[C@H]1CCc3ccccc23)C(=O)CC(=O)C45CC6CC(CC(C6)C4)C5,5.78
320,CHEMBL207188,CCCc1c(OCCCN(C)c2ccc(CC(=O)O)cn2)ccc3c(noc13)C(F)(F)F,6.98
323,CHEMBL427040,CCCc1c(OCCCN(C)c2ccc(CC(=O)O)c(C)c2)ccc3c(noc13)C(F)(F)F,6.93
324,CHEMBL209563,CCCc1c(OCCCN(C)c2ccc(CC(=O)O)cc2C)ccc3c(noc13)C(F)(F)F,6.24
329,CHEMBL208567,CCCc1c(OCCCn2nnc3cc(CC(=O)O)ccc23)ccc4c(noc14)C(F)(F)F,6.39
331,CHEMBL210613,CCCc1c(OCCCn2cnc3cc(CC(=O)O)ccc23)ccc4c(noc14)C(F)(F)F,6.75
334,CHEMBL207236,CCCc1c(OCCCN(C)c2ccccc2)ccc3c(noc13)C(F)(F)F,6.43
335,CHEMBL207442,CCCc1c(OCCCN(C)c2cccc(CC(=O)O)c2)ccc3c(noc13)C(F)(F)F,6.99
336,CHEMBL207093,CCCc1c(OCCCN(C(=O)C)c2ccc(CC(=O)O)cc2)ccc3c(noc13)C(F)(F)F,5.19
337,CHEMBL210429,CCCc1c(OCCCN(C=O)c2ccc(CC(=O)O)cc2)ccc3c(noc13)C(F)(F)F,5.19
338,CHEMBL208711,CCCc1c(OCCCN(CC)c2ccc(CC(=O)O)cc2)ccc3c(noc13)C(F)(F)F,6.96
341,CHEMBL383646,CCCc1c(OCCCN(C)c2ccc(CC(=O)O)cc2Cl)ccc3c(noc13)C(F)(F)F,6.2
342,CHEMBL210454,CCCc1c(OCCCCc2ccc(CC(=O)O)cc2)ccc3c(noc13)C(F)(F)F,6.28
343,CHEMBL210973,CCCc1c(OCCCOc2ccc(CC(=O)O)cc2)ccc3c(noc13)C(F)(F)F,6.14
382,CHEMBL215959,CCN(C(COc1ccc(CC(=O)OC)cc1)c2ccccc2)c3ccc(cc3Cl)C(O)(C(F)(F)F)C(F)(F)F,6.7
384,CHEMBL215129,CCN(C(COCC(=O)N(C)C)c1ccccc1)c2ccc(cc2)C(O)(C(F)(F)F)C(F)(F)F,6.05
385,CHEMBL385546,CCN(C(COCC(=O)NC)c1ccccc1)c2ccc(cc2)C(O)(C(F)(F)F)C(F)(F)F,4.75
386,CHEMBL215445,CCN(C(COCC(=O)O)c1ccccc1)c2ccc(cc2)C(O)(C(F)(F)F)C(F)(F)F,4.22
387,CHEMBL214915,CCN(C(COCCO)c1ccccc1)c2ccc(cc2)C(O)(C(F)(F)F)C(F)(F)F,4.92
388,CHEMBL385052,CCN(C(COCC(=O)OC)c1ccccc1)c2ccc(cc2)C(O)(C(F)(F)F)C(F)(F)F,6.22
389,CHEMBL215647,CCN(C(COCc1ccccc1)c2ccccc2)c3ccc(cc3)C(O)(C(F)(F)F)C(F)(F)F,6.7
390,CHEMBL215598,CCN(C(COC)c1ccccc1)c2ccc(cc2)C(O)(C(F)(F)F)C(F)(F)F,6.4
391,CHEMBL214832,CCN([C@H](CO)c1ccccc1)c2ccc(cc2)C(O)(C(F)(F)F)C(F)(F)F,6.3
392,CHEMBL385489,CCN([C@@H](CO)c1ccccc1)c2ccc(cc2)C(O)(C(F)(F)F)C(F)(F)F,5.89
393,CHEMBL214741,CCN(C(CO)c1ccccc1)c2ccc(cc2Cl)C(O)(C(F)(F)F)C(F)(F)F,6.7
394,CHEMBL385411,CCN(C(CO)c1ccccc1)c2ccc(cc2)C(O)(C(F)(F)F)C(F)(F)F,5.96
395,CHEMBL448111,CCN(CC(O)c1ccccc1)c2ccc(cc2)C(O)(C(F)(F)F)C(F)(F)F,6.3
398,CHEMBL214948,CCN(c1ccc(cc1)C(O)(C(F)(F)F)C(F)(F)F)C(C)(C(=O)N(C)C)c2ccccc2,6.7
402,CHEMBL385544,CCN(C(C(=O)N1CCOCC1)c2ccccc2)c3ccc(cc3)C(O)(C(F)(F)F)C(F)(F)F,5.27
403,CHEMBL409212,CCN(C(C(=O)N1CCCCC1)c2ccccc2)c3ccc(cc3)C(O)(C(F)(F)F)C(F)(F)F,5.66
404,CHEMBL215775,CCN(C(C(=O)N(C)C)c1ccccc1)c2ccc(cc2)C(O)(C(F)(F)F)C(F)(F)F,4.86
405,CHEMBL215154,CCN(C(C(=O)NC)c1ccccc1)c2ccc(cc2)C(O)(C(F)(F)F)C(F)(F)F,4.95
406,CHEMBL215327,CCN(C(C(=O)O)c1ccccc1)c2ccc(cc2)C(O)(C(F)(F)F)C(F)(F)F,5.28
407,CHEMBL214942,CCN(C(C(=O)OC)c1ccccc1)c2ccc(cc2)C(O)(C(F)(F)F)C(F)(F)F,6.16
415,CHEMBL215585,CCN(CCc1ccccc1)c2ccc(cc2)C(O)(C(F)(F)F)C(F)(F)F,6.92
416,CHEMBL214275,CCN(Cc1ccncc1)c2ccc(cc2)C(O)(C(F)(F)F)C(F)(F)F,5.77
417,CHEMBL216055,CCN(Cc1cccnc1)c2ccc(cc2)C(O)(C(F)(F)F)C(F)(F)F,5.57
418,CHEMBL214727,CCN(Cc1ccccn1)c2ccc(cc2)C(O)(C(F)(F)F)C(F)(F)F,5.82
420,CHEMBL386174,CCN(Cc1cscn1)c2ccc(cc2)C(O)(C(F)(F)F)C(F)(F)F,6.22
521,CHEMBL214324,CN(Cc1ccc(CC(=O)O)cc1)c2cccc(c2)c3c(Cc4ccccc4)cnc5c(cccc35)C(F)(F)F,6.56
526,CHEMBL214465,OC(=O)c1ccc(COc2ccc(cc2)c3c(cnc4c(cccc34)C(F)(F)F)C(=O)c5ccccc5)cc1,6.14
527,CHEMBL217376,OC(=O)c1cccc(COc2cccc(c2)c3c(cnc4c(cccc34)C(F)(F)F)C(=O)c5ccccc5)c1,5.73
529,CHEMBL214074,OC(=O)c1ccc(COc2cccc(c2)c3c(cnc4c(cccc34)C(F)(F)F)C(=O)c5ccccc5)cc1,6.89
530,CHEMBL425099,FC(F)(F)c1cccc2c(c3ccccc3)c(cnc12)C(=O)c4ccccc4,6.59
539,CHEMBL225879,OC(=O)Cc1ccc(CNc2cccc(c2)c3c(cnc4ccccc34)C(=O)c5ccccc5)cc1,6.19
540,CHEMBL225878,OC(=O)Cc1ccc(CNc2cccc(c2)c3c(cnc4c(F)cccc34)C(=O)c5ccccc5)cc1,6.98
544,CHEMBL387653,OC(=O)Cc1ccc(CNc2cccc(c2)c3c(cnc4c(cccc34)C(F)(F)F)C#N)cc1,6.82
545,CHEMBL226462,OC(c1ccccc1)c2cnc3c(cccc3c2c4cccc(NCc5ccc(CC(=O)O)cc5)c4)C(F)(F)F,6.42
549,CHEMBL90590,FC(F)(F)c1cccc2c(c3cccc(NCc4ccc(\C=C/5\SC(=S)NC5=O)cc4)c3)c(cnc12)C(=O)c6ccccc6,6.32
550,CHEMBL376595,FC(F)(F)c1cccc2c(c3cccc(NCc4ccc(\C=C\5/SC(=O)NC5=O)cc4)c3)c(cnc12)C(=O)c6ccccc6,6.34
552,CHEMBL226097,FC(F)(F)c1cccc2c(c3cccc(NCc4ccccc4)c3)c(cnc12)C(=O)c5ccccc5,6.62
559,CHEMBL225996,OC(=O)c1ccc(CNc2cccc(c2)c3c(cnc4c(cccc34)C(F)(F)F)C(=O)c5ccccc5)cc1,6.38
620,CHEMBL233369,CC(C)(C)OC(=O)n1c(cc2ccccc12)c3ccc4CC(Cc4c3)NS(=O)(=O)c5ccccc5,5.82
621,CHEMBL392996,O=C(c1ccccc1)n2c(cc3ccccc23)c4ccc(CCC#N)cc4,6.66
622,CHEMBL393966,CC(C)(C)OC(=O)n1c(cc2ccccc12)c3ccc(CCC(=O)N)cc3,5.96
623,CHEMBL397612,CC(C)(C)OC(=O)n1c(cc2ccccc12)c3ccc(CCC(=O)O)cc3,5.94
624,CHEMBL397564,CC(C)(C)OC(=O)n1c(cc2ccccc12)c3ccc(CCC#N)cc3,5.92
631,CHEMBL251538,CC(C)(C)OC(=O)n1c(cc2ccccc12)c3ccc4CC(Cc4c3)NS(=O)(=O)c5cccs5,6.27
632,CHEMBL251331,CC(C)(C)OC(=O)n1c(cc2ccccc12)c3ccc4CC(Cc4c3)NS(=O)(=O)c5c(F)cccc5F,6.24
633,CHEMBL398680,CC(C)(C)OC(=O)n1c(cc2ccccc12)c3ccc4CC(Cc4c3)NS(=O)(=O)c5ccc(F)cc5,5.37
645,CHEMBL245943,CCCCCCc1ccccc1N2C(=O)c3ccccc3C2=O,4.89
646,CHEMBL246144,O=C1N(C(=O)c2ccccc12)c3ccccc3CCc4ccccc4,5.01
661,CHEMBL253731,OC(=O)Cc1cccc2c(NCc3cccc(c3)c4ccnc5c(cccc45)C(F)(F)F)cccc12,6.13
662,CHEMBL442437,Cc1cnc2c(cccc2c1c3cccc(CNc4cccc5c(CC(=O)O)cccc45)c3)C(F)(F)F,6.68
663,CHEMBL253312,OC(=O)c1cccc2c(NCc3cccc(c3)c4c(Cc5ccccc5)cnc6c(cccc46)C(F)(F)F)cccc12,6.8
665,CHEMBL404265,OC(=O)Cc1cccc2c(OCc3cccc(c3)c4c(Cc5ccccc5)cnc6c(cccc46)C(F)(F)F)cccc12,6.79
666,CHEMBL253311,OC(=O)Cc1cccc2c(NCc3cccc(c3)c4c(Cc5ccccc5)cnc6c(cccc46)C(F)(F)F)cccc12,6.91
674,CHEMBL404036,CCC#CCC(CC#CCC)(C(=O)O)c1ccc(COc2cccc(c2)c3ccc(c4ncc(cc34)C(=O)c5ccccc5)C(F)(F)F)cc1,6.83
678,CHEMBL254335,OC(=O)C(Cc1ccc(cc1)c2ccccc2)c3ccc(COc4cccc(c4)c5ccc(c6ncc(cc56)C(=O)c7ccccc7)C(F)(F)F)cc3,6.28
680,CHEMBL253398,OC(=O)C(Cc1ccccc1)c2ccc(COc3cccc(c3)c4ccc(c5ncc(cc45)C(=O)c6ccccc6)C(F)(F)F)cc2,6.95
693,CHEMBL410486,C1Cc2cccc(Oc3ccc(CCc4ccccc4c5ccc1cc5)cc3)c2,5.15
694,CHEMBL411912,Oc1cc2CCc3cccc(Oc4ccc(CCc5ccccc5c1cc2)cc4)c3,5.5
695,CHEMBL429324,Oc1ccc2CCc3ccc(cc3)c4ccccc4CCc5ccc(Oc1c2)cc5,5.24
696,CHEMBL411246,Oc1ccc2c(CCc3ccc(Oc4cccc(CCc5ccc2c(O)c5)c4)cc3)c1,5.08
697,CHEMBL260632,Oc1ccc2c(CCc3ccc(Oc4cc(CCc5ccc2cc5)ccc4O)cc3)c1,5.36
698,CHEMBL409652,Oc1ccc2CCc3ccc(c(O)c3)c4ccccc4CCc5ccc(Oc1c2)cc5,5.18
699,CHEMBL258490,COc1cc2CCc3cccc(Oc4ccc(CCc5ccccc5c1cc2)cc4)c3,5.6
700,CHEMBL258706,COc1ccc2CCc3ccc(cc3)c4ccccc4CCc5ccc(Oc1c2)cc5,5.12
701,CHEMBL258491,COc1ccc2c(CCc3ccc(Oc4cccc(CCc5ccc2c(OC)c5)c4)cc3)c1,4.6
702,CHEMBL258527,COc1ccc2c(CCc3ccc(Oc4cc(CCc5ccc2cc5)ccc4OC)cc3)c1,5.44
703,CHEMBL407178,COc1ccc2CCc3ccc(c(OC)c3)c4ccccc4CCc5ccc(Oc1c2)cc5,5.66
704,CHEMBL258528,COc1ccc2c(CCc3ccc(Oc4cc(CCc5ccc2c(OC)c5)ccc4OC)cc3)c1,5.7
708,CHEMBL44,Oc1ccc(cc1)C2=COc3cc(O)cc(O)c3C2=O,4.51
709,CHEMBL411317,Oc1ccc2c(CCc3ccc(Oc4cc(CCc5ccc2c(O)c5)ccc4O)cc3)c1,5.31
711,CHEMBL455204,COC(=O)[C@](C)([C@@H]1CCc2c(C1)[nH]c3ccc(Cl)cc23)S(=O)(=O)c4ccc(F)cc4,5.48
713,CHEMBL454408,COC(=O)[C@](C)([C@@H]1CCc2c(C1)[nH]c3ccc(Cl)cc23)S(=O)(=O)c4ccc(Cl)c(Cl)c4,4.06
715,CHEMBL510874,COC(=O)[C@](C)([C@@H]1CCc2c(C1)[nH]c3ccc(Cl)cc23)S(=O)(=O)c4cccc(Cl)c4,6.09
717,CHEMBL454409,COC(=O)[C@](C)([C@@H]1CCc2c(C1)[nH]c3ccc(Cl)cc23)S(=O)(=O)c4ccccc4Cl,6.27
719,CHEMBL454410,COC(=O)[C@](C)([C@@H]1CCc2c(C1)[nH]c3ccc(Cl)cc23)S(=O)(=O)c4ccccc4OC,5.65
727,CHEMBL459473,COC(=O)[C@](F)([C@H]1Cc2[nH]c3ccc(Cl)cc3c2C1)S(=O)(=O)c4cccc(Cl)c4,5.92
733,CHEMBL453391,COC(=O)[C@](F)([C@H]1Cc2[nH]c3ccc(Cl)cc3c2C1)S(=O)(=O)c4cccnc4,4.7
735,CHEMBL516657,COC(=O)[C@](F)([C@H]1Cc2[nH]c3ccc(Cl)cc3c2C1)S(=O)(=O)c4ccccn4,4.91
737,CHEMBL454622,COC(=O)[C@](F)([C@H]1Cc2[nH]c3ccc(Cl)nc3c2C1)S(=O)(=O)c4ccccc4,5.59
739,CHEMBL507805,CNC(=O)[C@](F)([C@H]1Cc2[nH]c3ccc(Cl)cc3c2C1)S(=O)(=O)c4ccccc4,5.57
741,CHEMBL454623,CN(C)C(=O)[C@](F)([C@H]1Cc2[nH]c3ccc(Cl)cc3c2C1)S(=O)(=O)c4ccccc4,5.75
743,CHEMBL455432,F[C@]([C@H]1Cc2[nH]c3ccc(Cl)cc3c2C1)(c4ocnn4)S(=O)(=O)c5ccccc5,5.64
745,CHEMBL460108,Cc1oc(nn1)[C@](F)([C@H]2Cc3[nH]c4ccc(Cl)cc4c3C2)S(=O)(=O)c5ccccc5,6.04
751,CHEMBL518171,F[C@]([C@H]1Cc2[nH]c3ccc(Cl)cc3c2C1)(c4oc(nn4)C5CC5)S(=O)(=O)c6ccccc6,6.54
753,CHEMBL462446,CN(C)c1oc(nn1)[C@](F)([C@H]2Cc3[nH]c4ccc(Cl)cc4c3C2)S(=O)(=O)c5ccccc5,6.52
755,CHEMBL462447,Cc1noc(n1)[C@](F)([C@H]2Cc3[nH]c4ccc(Cl)cc4c3C2)S(=O)(=O)c5ccccc5,6.68
757,CHEMBL517246,COC(=O)c1noc(n1)[C@](F)([C@H]2Cc3[nH]c4ccc(Cl)cc4c3C2)S(=O)(=O)c5ccccc5,5.79
765,CHEMBL460111,COC(=O)[C@](C)([C@H]1Cc2[nH]c3ccc(Cl)cc3c2C1)S(=O)(=O)c4ccccc4,5.96
772,CHEMBL492798,CN(c1ccc(NC(=O)[C@](C)(O)C(F)(F)F)c(Cl)c1)S(=O)(=O)c2ccccc2,5.48
774,CHEMBL521866,CN(c1ccc(NC(=O)[C@](C)(O)C(F)(F)F)c(Cl)c1)S(=O)(=O)c2ccc(C)cc2,5.71
775,CHEMBL523211,CCN(c1ccc(NC(=O)C(C)(O)C(F)(F)F)c(Cl)c1)S(=O)(=O)c2ccccc2Cl,6.0
777,CHEMBL495020,CC(O)(C(=O)Nc1ccc(cc1Cl)N(CC2CC2)S(=O)(=O)c3ccccc3Cl)C(F)(F)F,5.97
778,CHEMBL522370,CC(O)(C(=O)Nc1ccc(cc1Cl)N(CC=C)S(=O)(=O)c2ccccc2Cl)C(F)(F)F,6.33
779,CHEMBL495196,CN(c1ccc(NC(=O)C(C)(O)C(F)(F)F)c(Cl)c1)S(=O)(=O)c2ccc(cc2)C#N,5.47
780,CHEMBL495197,COC(=O)c1ccc(cc1)S(=O)(=O)N(C)c2ccc(NC(=O)C(C)(O)C(F)(F)F)c(Cl)c2,5.51
782,CHEMBL521811,COC(=O)CCc1ccc(cc1)S(=O)(=O)N(C)c2ccc(NC(=O)C(C)(O)C(F)(F)F)c(Cl)c2,5.46
801,CHEMBL465148,Cc1cc(O)cc2O[C@@]3(C)Cc4cc5c(C(=O)c6c(O)cc(O)cc6C5(C)C)c(O)c4[C@H](O3)c12,5.7
802,CHEMBL463906,COc1cc(C)c2[C@H]3O[C@](C)(Cc4cc5c(C(=O)c6c(O)c(Cl)c(O)c(Cl)c6C5(C)C)c(O)c34)Oc2c1,5.0
804,CHEMBL492421,CCCCN(Cc1cc(Cl)c(OC)c(Cl)c1)c2ccc(cc2)C(O)(C(F)(F)F)C(F)(F)F,6.77
805,CHEMBL493242,CCCCN(Cc1cc(Cl)cc(Cl)c1)c2ccc(cc2)C(O)(C(F)(F)F)C(F)(F)F,6.71
806,CHEMBL493241,CCCCN(Cc1cc(Cl)c(O)c(Cl)c1)c2ccc(cc2)C(O)(C(F)(F)F)C(F)(F)F,6.75
807,CHEMBL493033,CCCCN(Cc1cc(Cl)c(OC)c(OC)c1)c2ccc(cc2)C(O)(C(F)(F)F)C(F)(F)F,6.78
808,CHEMBL524014,CCCCN(Cc1cc(Cl)c(O)c(OC)c1)c2ccc(cc2)C(O)(C(F)(F)F)C(F)(F)F,6.11
809,CHEMBL492440,CCCCN(Cc1ccc(O)c(Cl)c1)c2ccc(cc2)C(O)(C(F)(F)F)C(F)(F)F,6.25
810,CHEMBL521981,CCCCN(Cc1cc(Cl)ccc1O)c2ccc(cc2)C(O)(C(F)(F)F)C(F)(F)F,6.66
811,CHEMBL492243,CCCCN(Cc1cc(Cl)cc(Cl)c1O)c2ccc(cc2)C(O)(C(F)(F)F)C(F)(F)F,6.05
812,CHEMBL493468,CCCCN(Cc1cc(OC(F)(F)F)ccc1O)c2ccc(cc2)C(O)(C(F)(F)F)C(F)(F)F,6.72
813,CHEMBL522159,CCCCN(Cc1cccc(F)c1O)c2ccc(cc2)C(O)(C(F)(F)F)C(F)(F)F,6.21
814,CHEMBL492845,CCCCN(Cc1ccc(O)cc1)c2ccc(cc2)C(O)(C(F)(F)F)C(F)(F)F,6.02
815,CHEMBL492844,CCCCN(Cc1cccc(O)c1)c2ccc(cc2)C(O)(C(F)(F)F)C(F)(F)F,6.8
816,CHEMBL492637,CCCCN(Cc1ccccc1O)c2ccc(cc2)C(O)(C(F)(F)F)C(F)(F)F,6.75
818,CHEMBL494674,CCCCN(Cc1ccccn1)c2ccc(cc2)C(O)(C(F)(F)F)C(F)(F)F,6.92
819,CHEMBL494471,CCCCN(Cc1cccc(CCO)c1)c2ccc(cc2)C(O)(C(F)(F)F)C(F)(F)F,6.94
820,CHEMBL522039,OC(c1ccc(cc1)N(Cc2ccccc2)Cc3ccccc3)(C(F)(F)F)C(F)(F)F,6.5
821,CHEMBL494676,CCCCN(Cc1ccccc1)c2ccc(cc2)C(O)(C(F)(F)F)C(F)(F)F,6.77
822,CHEMBL495494,CN(Cc1ccccc1)c2ccc(cc2)C(O)(C(F)(F)F)C(F)(F)F,6.51
835,CHEMBL464189,FC(F)(F)c1cccc2c(c3ccccc3)n(Cc4ccccc4)nc12,6.55
837,CHEMBL456237,Fc1ccc(cc1)c2c3cccc(c3nn2Cc4ccc(F)cc4Cl)C(F)(F)F,6.75
838,CHEMBL457977,Fc1ccc(cc1)c2c3cccc(c3nn2Cc4ccccc4F)C(F)(F)F,6.61
839,CHEMBL514428,Fc1ccc(cc1)c2c3cccc(c3nn2Cc4ccccc4Cl)C(F)(F)F,6.53
840,CHEMBL515852,Fc1ccc(Cn2nc3c(cccc3c2c4ccc(F)cc4)C(F)(F)F)cc1,6.5
841,CHEMBL458597,Fc1ccc(cc1)c2c3cccc(c3nn2Cc4ccc(Cl)cc4)C(F)(F)F,6.4
842,CHEMBL488173,Fc1cc(Cl)ccc1Cn2nc3c(cccc3c2c4ccc(Cl)cc4)C(F)(F)F,6.59
843,CHEMBL521398,Fc1ccc(Cn2nc3c(cccc3c2c4ccc(Cl)cc4)C(F)(F)F)c(Cl)c1,6.6
844,CHEMBL488174,FC(F)(F)c1cccc2c(c3ccc(Cl)cc3)n(Cc4ccccc4Cl)nc12,6.42
845,CHEMBL520883,Fc1ccccc1Cn2nc3c(cccc3c2c4ccc(Cl)cc4)C(F)(F)F,6.52
846,CHEMBL486955,FC(F)(F)c1ccccc1Cn2nc3c(cccc3c2c4ccc(Cl)cc4)C(F)(F)F,6.33
847,CHEMBL488802,FC(F)(F)c1ccc(Cn2nc3c(cccc3c2c4ccc(Cl)cc4)C(F)(F)F)cc1,5.51
890,CHEMBL445689,CC(=CCC\C(=C\C[C@H]1C[C@@]2(CC=C(C)C)C(=C(C(=O)c3ccc(O)c(O)c3)C(=O)[C@](CC=C(C)C)(C2=O)[C@]1(C)CCC=C(C)C)O)\C)C,5.47
943,CHEMBL471608,COC(=O)c1cccc(Oc2cccc(c2)c3c(Cc4ccccc4)cnc5c(cccc35)C(F)(F)F)c1,6.64
950,CHEMBL541472,COC(=O)c1cccc(Oc2cccc(c2)c3c(C)cnc4c(Cl)cccc34)c1,6.0
952,CHEMBL461891,CCNC(=O)c1cccc(Oc2cccc(c2)c3c(C)cnc4c(Cl)cccc34)c1,6.57
953,CHEMBL518033,CCCNC(=O)c1cccc(Oc2cccc(c2)c3c(C)cnc4c(Cl)cccc34)c1,6.55
954,CHEMBL459562,CC(C)NC(=O)c1cccc(Oc2cccc(c2)c3c(C)cnc4c(Cl)cccc34)c1,6.45
955,CHEMBL459563,CCN(CC)C(=O)c1cccc(Oc2cccc(c2)c3c(C)cnc4c(Cl)cccc34)c1,6.97
958,CHEMBL460198,Cc1cnc2c(Cl)cccc2c1c3cccc(Oc4cccc(c4)C(=O)N5CCOCC5)c3,6.8
987,CHEMBL471641,Cc1cc(OCCCN(CC(c2ccccc2)c3ccccc3)Cc4cccc(c4Cl)C(F)(F)F)n[nH]1,7.64
988,CHEMBL518000,COC(=O)c1onc(OCCCN(CC(c2ccccc2)c3ccccc3)Cc4cccc(c4Cl)C(F)(F)F)c1,7.2
989,CHEMBL480493,FC(F)(F)c1cccc(CN(CCCOc2n[nH]c3ccccc23)CC(c4ccccc4)c5ccccc5)c1Cl,6.96
991,CHEMBL450200,CC1=NC2=N(=NC=N2)C(=C1)OCCCN(CC(c3ccccc3)c4ccccc4)Cc5cccc(c5Cl)C(F)(F)F,6.1
992,CHEMBL499550,COC(=O)Cc1c[nH]c2ccc(OCCCN(CC(c3ccccc3)c4ccccc4)Cc5cccc(c5Cl)C(F)(F)F)cc12,6.2
993,CHEMBL513949,FC(F)(F)c1cccc(CN(CCCOc2ccc3[nH]ccc3c2)CC(c4ccccc4)c5ccccc5)c1Cl,6.65
994,CHEMBL457452,FC(F)(F)c1cccc(CN(CCCOc2cccc3[nH]ccc23)CC(c4ccccc4)c5ccccc5)c1Cl,7.22
995,CHEMBL505520,Cn1ccc2c(OCCCN(CC(c3ccccc3)c4ccccc4)Cc5cccc(c5Cl)C(F)(F)F)cccc12,7.41
996,CHEMBL505808,CS(=O)(=O)n1ccc2c(OCCCN(CC(c3ccccc3)c4ccccc4)Cc5cccc(c5Cl)C(F)(F)F)cccc12,7.7
997,CHEMBL446208,OC(=O)Cn1ccc2c(OCCCN(CC(c3ccccc3)c4ccccc4)Cc5cccc(c5Cl)C(F)(F)F)cccc12,7.85
1008,CHEMBL468714,CC(C)c1onc(C[S+]([O-])c2c(Cl)cccc2Cl)c1COc3ccc(\C=C\c4cccc(c4)C(=O)O)c(Cl)c3,5.85
1016,CHEMBL549418,Clc1ccccc1COc2cccc(c2)c3c(Cc4ccccc4)nnc5c(Cl)cccc35,4.04
1017,CHEMBL564506,FC(F)(F)c1cccc(COc2cccc(c2)c3c(Cc4ccccc4)nnc5c(Cl)cccc35)c1,4.21
1034,CHEMBL558495,Cn1ccc2cccc(CNc3cccc(c3)c4c(nnc5c(Cl)cccc45)c6ccccc6)c12,4.21
1063,CHEMBL575856,COc1ccc(CCc2ccc(cc2)N3C(=O)c4ccccc4C3=O)cc1,6.7
1064,CHEMBL572484,COc1cccc(CCc2ccc(cc2)N3C(=O)c4ccccc4C3=O)c1,5.62
1065,CHEMBL573383,Oc1cccc(CCc2cccc(c2)N3C(=O)c4c(Cl)c(Cl)c(Cl)c(Cl)c4C3=O)c1,5.59
1066,CHEMBL577573,Oc1ccc(CCc2cccc(c2)N3C(=O)c4c(Cl)c(Cl)c(Cl)c(Cl)c4C3=O)cc1,5.59
1067,CHEMBL574342,Oc1ccc(\C=C\c2ccc(cc2)N3C(=O)c4c(Cl)c(Cl)c(Cl)c(Cl)c4C3=O)cc1O,5.57
1068,CHEMBL575857,Oc1ccc(CCc2ccc(cc2)N3C(=O)c4ccccc4C3=O)cc1,5.54
1069,CHEMBL575008,COc1cccc(CCc2ccc(cc2)N3C(=O)c4c(Cl)c(Cl)c(Cl)c(Cl)c4C3=O)c1,5.43
1070,CHEMBL572477,Oc1cccc(CCc2ccc(cc2)N3C(=O)c4c(Cl)c(Cl)c(Cl)c(Cl)c4C3=O)c1,5.41
1071,CHEMBL577578,COc1cccc(CCc2cccc(c2)N3C(=O)c4c(Cl)c(Cl)c(Cl)c(Cl)c4C3=O)c1,5.38
1072,CHEMBL575000,Oc1ccc(CCc2ccc(cc2)N3C(=O)c4c(Cl)c(Cl)c(Cl)c(Cl)c4C3=O)cc1O,5.29
1073,CHEMBL573399,COc1ccc(CCc2cccc(c2)N3C(=O)c4c(Cl)c(Cl)c(Cl)c(Cl)c4C3=O)cc1,5.26
1075,CHEMBL574298,COc1ccc(CCc2ccccc2N3C(=O)c4c(Cl)c(Cl)c(Cl)c(Cl)c4C3=O)cc1OC,5.22
1076,CHEMBL575007,Oc1ccc(CCc2cccc(c2)N3C(=O)c4c(Cl)c(Cl)c(Cl)c(Cl)c4C3=O)cc1O,5.2
1077,CHEMBL577149,Oc1ccc(\C=C\c2cccc(c2)N3C(=O)c4c(Cl)c(Cl)c(Cl)c(Cl)c4C3=O)cc1O,5.18
1079,CHEMBL574107,Oc1cccc(CCc2ccc(cc2)N3C(=O)c4ccccc4C3=O)c1,5.13
1080,CHEMBL574082,COc1ccc(CCc2ccc(cc2)N3C(=O)c4c(Cl)c(Cl)c(Cl)c(Cl)c4C3=O)cc1,5.06
1081,CHEMBL575001,Oc1ccc(CCc2ccccc2N3C(=O)c4c(Cl)c(Cl)c(Cl)c(Cl)c4C3=O)cc1O,4.82
1180,CHEMBL584567,CCC(CC)(C(=O)O)c1cccc(OCCCN(CC(c2ccccc2)c3ccccc3)Cc4cccc(c4Cl)C(F)(F)F)c1,6.42
1183,CHEMBL584566,OC(=O)Cc1ccc2cc(CCN(CC(c3ccccc3)c4ccccc4)Cc5cccc(c5Cl)C(F)(F)F)oc2c1,6.48
1184,CHEMBL573678,OC(=O)Cc1ccc2oc(CCN(CC(c3ccccc3)c4ccccc4)Cc5cccc(c5Cl)C(F)(F)F)cc2c1,6.52
1186,CHEMBL584364,C[C@@H](CCOc1cccc(CC(=O)O)c1)N(CC(c2ccccc2)c3ccccc3)Cc4cccc(c4Cl)C(F)(F)F,6.68
1221,CHEMBL593960,OCc1ccc(Oc2cccc(c2)c3c(cnc4c(cccc34)C(F)(F)F)c5ccccc5)cc1,6.97
1222,CHEMBL592985,Oc1ccc(Oc2cccc(c2)c3c(Cc4ccccc4)cnc5c(cccc35)C(F)(F)F)cc1,6.94
1223,CHEMBL595125,Cc1cnc2c(cccc2c1c3cccc(Oc4ccc(CO)cc4)c3)C(F)(F)F,6.88
1225,CHEMBL596233,COc1ccc(Oc2cccc(c2)c3c(Cc4ccccc4)cnc5c(cccc35)C(F)(F)F)cc1,6.31
1233,CHEMBL595482,Cc1nc2ccccc2n1c3cccc(Oc4cccc(c4)S(=O)(=O)C)c3,6.57
1269,CHEMBL593740,CS(=O)(=O)c1cccc(Oc2cccc(c2)c3c(cnc4c(F)cccc34)C(=O)N)c1,4.9
1270,CHEMBL604259,Cc1cccc2c(c3cccc(Oc4cccc(c4)S(=O)(=O)C)c3)c(cnc12)C(=O)N,6.12
1271,CHEMBL593739,CC(C)S(=O)(=O)c1cccc(Oc2cccc(c2)c3c(cnc4c(cccc34)C(F)(F)F)C(=O)N)c1,6.54
1272,CHEMBL606139,CCCS(=O)(=O)c1cccc(Oc2cccc(c2)c3c(cnc4c(cccc34)C(F)(F)F)C(=O)N)c1,5.87
1273,CHEMBL589613,CCS(=O)(=O)c1cccc(Oc2cccc(c2)c3c(cnc4c(cccc34)C(F)(F)F)C(=O)N)c1,6.34
1274,CHEMBL602446,CS(=O)(=O)c1cc(Cl)cc(Oc2cccc(c2)c3c(cnc4c(cccc34)C(F)(F)F)C(=O)N)c1,5.75
1275,CHEMBL590828,CS(=O)(=O)c1cc(F)cc(Oc2cccc(c2)c3c(cnc4c(cccc34)C(F)(F)F)C(=O)N)c1,6.26
1276,CHEMBL590586,CS(=O)(=O)c1cccc(Oc2cccc(c2)c3c(cnc4c(cccc34)C(F)(F)F)C(=N)N)c1,4.53
1277,CHEMBL590584,CS(=O)(=O)c1cccc(Oc2cccc(c2)c3c(CN)cnc4c(cccc34)C(F)(F)F)c1,6.35
1278,CHEMBL590351,CS(=O)(=O)c1cccc(Oc2cccc(c2)c3c(cnc4c(cccc34)C(F)(F)F)n5cnnn5)c1,4.58
1280,CHEMBL590350,CS(=O)(=O)c1cccc(Oc2cccc(c2)c3c(cnc4c(cccc34)C(F)(F)F)C(=O)O)c1,5.2
1282,CHEMBL600851,CCNC(=O)c1cnc2c(cccc2c1c3cccc(Oc4cccc(c4)S(=O)(=O)C)c3)C(F)(F)F,5.16
1304,CHEMBL595045,Cc1cnc2c(cccc2c1c3cccc(Oc4ccccc4S(=O)(=O)C)c3)C(F)(F)F,6.25
1316,CHEMBL604701,Cc1nc2c(cccn2c1c3cccc(Oc4cccc(c4)S(=O)(=O)CCCO)c3)C(F)(F)F,6.73
1324,CHEMBL612005,CS(=O)(=O)c1cccc(Oc2cccc(c2)c3c(CN4CCCC4)nc5c(cccn35)C(F)(F)F)c1,6.55
1330,CHEMBL596158,CC(C)c1nc2c(cccn2c1c3cccc(Oc4cccc(c4)S(=O)(=O)C(F)(F)F)c3)C(F)(F)F,6.71
1333,CHEMBL605107,CC(C)c1nc2c(Cl)cccn2c1c3cccc(Oc4cccc(c4)S(=O)(=O)N)c3,6.87
1335,CHEMBL604797,CC(C)c1nc2c(cccn2c1c3cccc(Oc4cccc(CS(=O)(=O)C)c4)c3)C(F)(F)F,6.73
1337,CHEMBL604905,CCc1nc2c(cccn2c1c3cccc(COc4cccc(c4)S(=O)(=O)C)c3)C(F)(F)F,6.54
1340,CHEMBL595006,CC(C)c1nc2c(cccn2c1c3ccc(cc3)c4cccc(c4)S(=O)(=O)C)C(F)(F)F,6.78
1406,CHEMBL1089232,CCc1nc2c(cccc2nc1c3ccc(cc3)c4cccc(c4)S(=O)(=O)C)C(F)(F)F,6.78
1408,CHEMBL1093499,Cc1nc2c(Cl)cccc2nc1c3ccc(cc3)c4cccc(c4)S(=O)(=O)C,6.13
1487,CHEMBL1093828,Cc1cc(C)c(c(C)c1)S(=O)(=O)N(Cc2ccc(cc2)c3cccc(c3)S(=O)(=O)C)Cc4ccc(F)cc4Cl,6.9
1504,CHEMBL1098402,CS(=O)(=O)c1ccc(cc1)c2cccc(c2)c3c(Cc4ccccc4)cnc5c(cccc35)C(F)(F)F,6.43
1508,CHEMBL1098831,CCS(=O)(=O)c1cccc(c1)c2cccc(c2)c3ccnc4c(cccc34)C(F)(F)F,6.44
1542,CHEMBL2012762,CN(c1ccc(cc1)C(O)(c2cccn2Cc3ccccc3)C(F)(F)F)S(=O)(=O)c4ccccc4,6.1
1544,CHEMBL2012764,COCCn1cccc1C(O)(c2ccc(cc2)N(C)S(=O)(=O)c3ccccc3)C(F)(F)F,5.82
1545,CHEMBL2012765,COCCn1cccc1C(OC)(c2ccc(cc2)N(C)S(=O)(=O)c3ccccc3)C(F)(F)F,6.4
1546,CHEMBL2012766,COCCn1cccc1C(c2ccc(cc2)N(C)S(=O)(=O)c3ccccc3)C(F)(F)F,6.7
1547,CHEMBL2012767,CCOCCn1cccc1C(O)(c2ccc(cc2)N(C)S(=O)(=O)c3ccccc3)C(F)(F)F,6.3
1548,CHEMBL2012768,CCOCCn1cccc1C(c2ccc(cc2)N(C)S(=O)(=O)c3ccccc3)C(F)(F)F,6.7
1581,CHEMBL2171905,CN1C(=O)c2ccccc2C(=C)c3cc(ccc13)C(=O)C,5.31
1582,CHEMBL2171904,CN1C(=O)c2ccccc2C(=C)c3cc(ccc13)C(=O)O,4.85
1584,CHEMBL2171902,CN1C(=O)c2ccccc2C(=C)c3cc(O)ccc13,5.39
1585,CHEMBL2169907,CN1C(=O)c2ccccc2C(=C)c3cc(N)ccc13,4.72
1586,CHEMBL2171901,CN1C(=O)c2ccccc2C(=C)c3cc(ccc13)[N+](=O)[O-],5.22
1593,CHEMBL2171829,CCc1ccc2N(C)C(=O)c3cc(ccc3C(=C)c2c1)c4ccc(CC(=O)O)cc4,5.66
1594,CHEMBL2171828,CCc1ccc2N(C)C(=O)c3cc(ccc3C(=C)c2c1)c4cccc(CC(=O)O)c4,4.68
1595,CHEMBL2171827,CCc1ccc2N(C)C(=O)c3cc(ccc3C(=C)c2c1)c4ccc(cc4)C(=O)O,5.89
1616,CHEMBL2171915,CC(C)c1ccc2N(C)C(=O)c3ccccc3C(=C)c2c1,5.77
1632,CHEMBL2171906,CN1C(=O)c2ccccc2c3cc(ccc13)C(O)(C(F)(F)F)C(F)(F)F,5.39
1645,CHEMBL2204435,CCOC(=O)c1c(O)cc(O)cc1O,5.82
1693,CHEMBL2326408,COc1cc(O)c(C(CC(=O)N2C[C@H](C)C[C@H](C)C2)c3ccc4OCOc4c3)c(OC)c1,5.0
1706,CHEMBL2381196,Cc1cc(Cl)ccc1CN(Cc2ccc(Cl)cc2)Cc3ccc(s3)[N+](=O)[O-],4.2
1707,CHEMBL2381212,Clc1ccc(CN(Cc2cccnc2)Cc3nccs3)cc1,4.3
1708,CHEMBL2381211,Clc1ccc(CN(Cc2cccnc2)Cc3sccc3n4cccc4)cc1,4.4
1709,CHEMBL2381210,Clc1ccc(CN(Cc2cccnc2)Cc3cc4ccccc4s3)cc1,4.4
1710,CHEMBL2381202,[O-][N+](=O)c1ccc(CN(Cc2ccc(F)cc2)Cc3cccnc3)s1,4.4
1711,CHEMBL2381201,Cc1ccc(CN(Cc2cccnc2)Cc3ccc(s3)[N+](=O)[O-])cc1,4.4
1712,CHEMBL2381195,Fc1ccccc1CN(Cc2cccnc2)Cc3ccc(C#N)s3,4.5
1713,CHEMBL2381209,Cc1sc(CN(Cc2ccc(Cl)cc2)Cc3cccnc3)cc1Br,4.5
1714,CHEMBL2381205,COc1ccc(CN(Cc2cccnc2)Cc3ccc(s3)[N+](=O)[O-])cc1,4.5
1715,CHEMBL2381203,Cc1ccccc1CN(Cc2cccnc2)Cc3ccc(s3)[N+](=O)[O-],4.5
1716,CHEMBL2381204,Cc1cccc(CN(Cc2cccnc2)Cc3ccc(s3)[N+](=O)[O-])c1,4.6
1717,CHEMBL2381208,Clc1ccc(CN(Cc2cccnc2)Cc3ccc(C#N)s3)cc1,4.7
1718,CHEMBL2381198,[O-][N+](=O)c1ccc(CN(Cc2ccc(Cl)cc2)Cc3ccccc3F)s1,4.7
1719,CHEMBL2381193,Fc1ccc(CN(Cc2cccnc2)Cc3ccc(C#N)s3)cc1F,4.8
1720,CHEMBL2381207,[O-][N+](=O)c1ccc(CN(Cc2cccnc2)Cc3cccc(c3)C(F)(F)F)s1,4.8
1721,CHEMBL2381199,CC(C)CCN(Cc1ccc(Cl)cc1)Cc2ccc(s2)[N+](=O)[O-],4.8
1722,CHEMBL2381200,[O-][N+](=O)c1ccc(CN(Cc2ccc(Cl)cc2)Cc3cccnc3)s1,4.89
1724,CHEMBL2381206,COc1cccc(CN(Cc2cccnc2)Cc3ccc(s3)[N+](=O)[O-])c1,5.0
1725,CHEMBL2381194,Fc1ccc(F)c(CN(Cc2cccnc2)Cc3ccc(C#N)s3)c1,5.2
1727,CHEMBL1961795,CC(C)(C)OC(=O)CN(Cc1ccc(Cl)cc1)Cc2ccc(s2)[N+](=O)[O-],5.3
1778,CHEMBL3263695,CC(C)CN(Cc1ccc(s1)c2cccc(c2)S(=O)(=O)C)S(=O)(=O)Cc3ccccc3,4.54
1780,CHEMBL3263696,CC(C)CN(Cc1ccc(s1)c2ccc(cc2)S(=O)(=O)C)S(=O)(=O)Cc3ccccc3,5.43
1781,CHEMBL3263710,CC(C)CN(Cc1ccc(cc1)c2ccc(cc2)S(=O)(=O)C)S(=O)(=O)Cc3ccccc3,5.64
1782,CHEMBL3263714,CC(C)CN(Cc1ccc(cc1)c2ccc(NS(=O)(=O)C)cc2)S(=O)(=O)Cc3ccccc3,5.44
1814,CHEMBL3360975,CC(C)(O)c1cn(c2ccc(cc2)c3cccc(c3)S(=O)(=O)C)c(n1)C(C)(C)c4ccccc4Cl,6.64
1816,CHEMBL3360973,CC(C)(O)c1cn(c(Cc2ccccc2C(F)(F)F)n1)c3ccc(cc3)c4cccc(c4)S(=O)(=O)C,6.7
1820,CHEMBL3360969,CC(C)(O)c1cc(c2ccc(s2)c3cccc(c3)S(=O)(=O)C)n(n1)c4ccccc4Cl,6.27
1822,CHEMBL3360967,CS(=O)(=O)c1cccc(c1)c2cccc(c2)c3cc(nn3c4ccccc4Cl)C(F)(F)F,6.5
1823,CHEMBL3360966,CS(=O)(=O)c1cccc(c1)c2ccc(cc2)c3cc(nn3c4ccccc4Cl)C(F)(F)F,6.66
1824,CHEMBL3360965,CS(=O)(=O)c1cccc(c1)c2ccc(s2)c3cc(nn3c4ccccc4C(F)(F)F)C(F)(F)F,6.92
1825,CHEMBL3360964,CS(=O)(=O)c1cccc(c1)c2ccc(s2)c3cc(nn3c4ccccc4Cl)C(F)(F)F,6.85
1827,CHEMBL3360962,Cc1cc(CC(=O)O)ccc1c2ccc(s2)C3=CC(=C(C#N)C(=O)N3Cc4ccc(F)cc4F)C(F)(F)F,6.24
1853,CHEMBL3403708,CCCc1c(OCCCCN2C(=O)N(C)C(C)(C)C2=O)ccc3C(=CC(=O)Oc13)C(F)(F)F,5.62
1868,CHEMBL3403693,CCCc1cc2C(=CC(=O)Oc2c(CCC)c1OCCCCN3C(=O)NC(C)C3=O)C(F)(F)F,5.82
1869,CHEMBL3403692,CCCc1cc2C(=CC(=O)Oc2c(CCC)c1OCCCCN3C(=O)N(C)C(C)(C)C3=O)C(F)(F)F,4.96
1870,CHEMBL3403691,CCCc1cc2C(=CC(=O)Oc2c(CCC)c1OCCCCN3C(=O)C(C)N(C)C3=O)C(F)(F)F,5.77
1874,CHEMBL3403687,CCCc1cc2C(=CC(=O)Oc2c(CCC)c1OCCCCN3C(=O)CN(C)C3=O)C(F)(F)F,5.59
1875,CHEMBL3403686,CCCc1cc2C(=CC(=O)Oc2c(CCC)c1OCCCCN3C(=O)CSC3=O)C(F)(F)F,5.59
1908,CHEMBL3403715,CCCc1c(OCCCN2C(=O)CSC2=O)ccc3c(noc13)C(F)(F)F,5.89
1910,CHEMBL3581533,CC(=O)N1CCN(CC1)c2ccc(CN(C3CCC3)S(=O)(=O)Cc4ccccc4F)c(F)c2,5.04
2018,CHEMBL3617295,Fc1ccc(cc1)S(=O)(=O)N2CCCc3ccc(NC(=O)c4c(F)cccc4F)cc23,5.39
2020,CHEMBL3617297,Fc1ccc(cc1)S(=O)(=O)N2CCc3ccc(NC(=O)c4c(F)cccc4F)cc23,5.38
2022,CHEMBL3617309,Fc1ccc(cc1)S(=O)(=O)N2CCCc3ccc(NC(=O)c4ccccc4Cl)cc23,5.59
2024,CHEMBL3314003,Fc1ccc(cc1)S(=O)(=O)N2CCCc3ccc(NC(=O)c4c(F)cccc4Cl)cc23,5.41
2089,CHEMBL3673689,CC(C)[C@H]1N(CCn2c1nc3cc(CO)c(cc23)S(=O)(=O)C)c4ncc(C(=O)N)c(n4)C(F)(F)F,6.01
2090,CHEMBL3673693,CC(C)[C@H]1N(CCn2c1nc3cc(CO)c(cc23)S(=O)(=O)C)c4ncc(C(=O)N(C)C)c(n4)C(F)(F)F,5.67
2093,CHEMBL3672843,CC(C)C1N(CCn2c1nc3ccc(cc23)S(=O)(=O)C)c4nccc(n4)C(F)(F)F,5.75
2094,CHEMBL3673683,CCCC(O)c1cnc(nc1C(F)(F)F)N2CCn3c(nc4cc(CO)c(cc34)S(=O)(=O)C)[C@H]2C(C)C,6.8
2101,CHEMBL3673702,CC(C)[C@H]1N(CCn2c1nc3ccc(cc23)S(=O)(=O)C)c4ncc(c(n4)C(F)(F)F)C(C)(C)O,6.63
2103,CHEMBL3672844,CC(C)[C@H]1N(CCn2c1nc3cc(CO)c(cc23)S(=O)(=O)C)c4nccc(n4)C(F)(F)F,6.5
2110,CHEMBL3673710,COC(=O)c1cnc(nc1C(F)(F)F)N2CCn3c(nc4cc(CO)c(cc34)S(=O)(=O)C)[C@H]2C(C)C,6.89
2112,CHEMBL3673676,CC(C)[C@@H]1N(CCn2c1nc3cc(CO)c(cc23)S(=O)(=O)C)c4ncc(c(n4)C(F)(F)F)C(C)(C)O,5.49
2114,CHEMBL3673673,CC(C)[C@H]1N(CCn2c1nc3cc(CO)c(cc23)S(=O)(=O)C)c4ncc(C(=O)C)c(n4)C(F)(F)F,6.56
2119,CHEMBL3673668,CC(C)C1N(CCn2c1nc3ccc(cc23)S(=O)(=O)C)c4ncc(C(=O)C)c(n4)C(F)(F)F,5.85
2124,CHEMBL3673700,CC(C)[C@H]1N(CCn2c1nc3ccc(cc23)S(=O)(=O)C)c4ncc(C(=O)C)c(n4)C(F)(F)F,6.83
2127,CHEMBL3673669,CC(C)C1N(CCn2c1nc3ccc(cc23)S(=O)(=O)C)c4ncc(c(n4)C(F)(F)F)C(C)(C)O,5.8
2133,CHEMBL3673697,CC(C)[C@H]1N(CCn2c1nc3cc(CO)c(cc23)S(=O)(=O)C)c4ncc(CO)c(n4)C5CC5,5.75
2134,CHEMBL3672846,CC(C)[C@H]1N(CCn2c1cc3ccc(cc23)S(=O)(=O)C)c4nccc(n4)C(F)(F)F,6.4
2135,CHEMBL3673679,CCC(=O)c1cnc(nc1C(F)(F)F)N2CCn3c(nc4cc(CO)c(cc34)S(=O)(=O)C)[C@H]2C(C)C,6.87
2139,CHEMBL3673685,CC(C)[C@H]1N(CCn2c1nc3cc(CO)c(cc23)S(=O)(=O)C)c4ncc(CO)c(n4)C(F)(F)F,6.39
2141,CHEMBL3673671,CC(C)C1N(CCn2c1nc3ccc(cc23)S(=O)(=O)C)c4ncc(CO)c(n4)C(F)(F)F,5.81
2154,CHEMBL3809583,CN(C)C(=O)c1ccc(cc1Cl)c2cnc(N3CCN(CC3)C(=O)OC(C)(C)C)c(c2)C#N,5.83
2161,CHEMBL3808992,CN(C)C(=O)c1ccc(cc1Cl)N2CCC(CC2)C3CCN(CC3)C(=O)[C@](O)(c4ccccc4)C(F)(F)F,6.3
2169,CHEMBL3809555,CC(C)[C@](O)(C(=O)N1CCC(CC1)C2CCN(CC2)c3ccc(C(=O)N(C)C)c(Cl)c3)C(F)(F)F,5.7
2182,CHEMBL3813875,CS(=O)(=O)c1cccc(c1)N2CCN(C(C2)c3ccccc3)c4nccc(n4)C(F)(F)F,5.96
2185,CHEMBL3814017,CCCc1cc(cc(CCC)c1OC\C=C\CN2C(=O)NC(C)(C2=O)c3ccc(OC(C)C)cc3)C(O)(C(F)(F)F)C(F)(F)F,5.91
2186,CHEMBL3814026,CCCc1cc(cc(CCC)c1OCC#CCN2C(=O)NC(C)(C2=O)c3ccc(OC(C)C)cc3)C(O)(C(F)(F)F)C(F)(F)F,6.07
2187,CHEMBL3814025,CCCc1cc(ccc1Oc2cccc(CN3C(=O)NC(C)(C3=O)c4ccc(OC(C)C)cc4)c2)C(O)(C(F)(F)F)C(F)(F)F,5.71
2188,CHEMBL3814000,CCCc1cc(ccc1Oc2cccc(CCN3C(=O)NC(C)(C3=O)c4ccc(OC(C)C)cc4)c2)C(O)(C(F)(F)F)C(F)(F)F,5.54
2189,CHEMBL3814071,CCCc1cc(ccc1Oc2ccc(CCN3C(=O)NC(C)(C3=O)c4ccc(OC(C)C)cc4)c(C)c2)C(O)(C(F)(F)F)C(F)(F)F,5.5
2190,CHEMBL3814381,CCCc1cc(ccc1Oc2ccc(cc2)C(=O)CN3C(=O)NC(C)(C3=O)c4ccc(OC(C)C)cc4)C(O)(C(F)(F)F)C(F)(F)F,6.44
2191,CHEMBL3813703,CCCc1cc(ccc1Oc2ccc(C(=O)CN3C(=O)NC(C)(C3=O)c4ccc(OC(C)C)cc4)c(C)c2)C(O)(C(F)(F)F)C(F)(F)F,6.4
2192,CHEMBL3814351,CCCc1cc(ccc1Oc2ccc(C(=O)CN3C(=O)NC(C)(C3=O)c4ccc(OC(C)C)cc4)c(OC)c2)C(O)(C(F)(F)F)C(F)(F)F,5.43
2193,CHEMBL3814980,CCCc1cc(ccc1Oc2ccc(C(=O)CN3C(=O)NC(C)(C3=O)c4ccc(OC(C)C)cc4)c(O)c2)C(O)(C(F)(F)F)C(F)(F)F,6.47
2194,CHEMBL3814799,CCCc1cc(ccc1Oc2ccc(C(=O)CN3C(=O)NC(C)(C3=O)c4ccc(OC(C)C)cn4)c(O)c2)C(O)(C(F)(F)F)C(F)(F)F,6.48
2228,CHEMBL3815001,CC(C)[C@@H]1CN(CCN1c2ncc(CO)c(n2)C(F)(F)F)c3ccc(F)c(c3)S(=O)(=O)C,6.84
2229,CHEMBL3814478,CC(C)[C@@H]1CN(CCN1c2ncc(c(n2)C(F)(F)F)C(C)(C)O)c3ccc(F)c(c3)S(=O)(=O)C,6.8
2231,CHEMBL3813863,CC(C)[C@H]1CN(CCN1c2ncc(CO)c(n2)C(F)(F)F)c3ccc(CO)c(c3)S(=O)(=O)C,5.97
