,molecule_chembl_id,canonical_smiles,pchembl_value
0,CHEMBL459562,CC(C)NC(=O)c1cccc(Oc2cccc(c2)c3c(C)cnc4c(Cl)cccc34)c1,7.0
1,CHEMBL381064,CCCc1c(OCCCN(C)c2ncc(CC(=O)O)s2)ccc3c(noc13)C(F)(F)F,7.0
2,CHEMBL210973,CCCc1c(OCCCOc2ccc(CC(=O)O)cc2)ccc3c(noc13)C(F)(F)F,7.0
3,CHEMBL3589801,CCCc1cc(cc(CCC)c1OCCCCN2C(=O)NC(C)(C2=O)c3ccc4OCOc4c3)C(O)(C(F)(F)F)C(F)(F)F,7.0
4,CHEMBL593814,CCS(=O)(=O)c1cccc(Oc2cccc(c2)n3c(C)nc4c(Cl)cccc34)c1,7.0
5,CHEMBL1098401,CS(=O)(=O)c1cccc(c1)c2cccc(c2)c3c(Cc4ccccc4)cnc5c(cccc35)C(F)(F)F,7.0
6,CHEMBL194409,C[C@@]1(CCC[C@@]2(C)[C@H]1CCc3ccc(O)cc23)C(=O)NC4C5CC6CC(CC4C6)C5,7.0
7,CHEMBL196340,C[C@@]1(CCC[C@@]2(C)[C@H]1CCc3ccccc23)C(=O)N4CCCC(C4)c5ccccc5,7.0
8,CHEMBL1093828,Cc1cc(C)c(c(C)c1)S(=O)(=O)N(Cc2ccc(cc2)c3cccc(c3)S(=O)(=O)C)Cc4ccc(F)cc4Cl,7.0
9,CHEMBL594994,Cc1nc2c(Cl)cccc2n1c3cccc(Oc4cccc(c4)S(=O)(=O)C)c3,7.0
10,CHEMBL3609361,OC(=O)c1cccc(OCCCN(CC(c2ccccc2)c3ccccc3)Cc4cccc(c4Cl)C(F)(F)F)c1,7.0
11,CHEMBL62136,OC(c1ccc(cc1)N(CC(F)(F)F)S(=O)(=O)c2ccccc2)(C(F)(F)F)C(F)(F)F,7.0
12,CHEMBL207442,CCCc1c(OCCCN(C)c2cccc(CC(=O)O)c2)ccc3c(noc13)C(F)(F)F,7.01
13,CHEMBL387997,COc1cccc(C2SC(=NN2C(=O)c3c(F)cc(F)cc3F)c4ccc(Cl)cc4)c1OC,7.01
14,CHEMBL502579,FC(F)(F)c1cccc2c(c(Cc3ccccc3)cnc12)c4cccc(Oc5cccc(c5)C(=O)N6CCCC6)c4,7.01
15,CHEMBL595011,CS(=O)(=O)c1cccc(Oc2cccc(c2)n3c(nc4c(cccc34)C(F)(F)F)C5CC5)c1,7.03
16,CHEMBL3813875,CS(=O)(=O)c1cccc(c1)N2CCN(C(C2)c3ccccc3)c4nccc(n4)C(F)(F)F,7.03
17,CHEMBL214719,OC(=O)Cc1ccc(COc2cccc(c2)c3c(Cc4ccccc4)cnc5c(cccc35)C(F)(F)F)cc1,7.03
18,CHEMBL1097799,CC(C)c1cnc2c(cccc2c1c3cccc(c3)c4cccc(c4)S(=O)(=O)C)C(F)(F)F,7.04
19,CHEMBL611734,CS(=O)(=O)c1cccc(Oc2cccc(c2)c3c(nc4c(cccn34)C(F)(F)F)c5ccccc5)c1,7.04
20,CHEMBL518171,F[C@]([C@H]1Cc2[nH]c3ccc(Cl)cc3c2C1)(c4oc(nn4)C5CC5)S(=O)(=O)c6ccccc6,7.04
21,CHEMBL207103,CCCc1c(OCCCNc2ccc(CC(=O)O)cc2)ccc3c(noc13)C(F)(F)F,7.05
22,CHEMBL214741,CCN(C(CO)c1ccccc1)c2ccc(cc2Cl)C(O)(C(F)(F)F)C(F)(F)F,7.05
23,CHEMBL217118,OC(=O)Cc1ccc(CNc2cccc(c2)c3c(Cc4ccccc4)cnc5c(cccc35)C(F)(F)F)cc1,7.05
24,CHEMBL210917,CCCc1c(OCCCn2ncc3cc(CC(=O)O)ccc23)ccc4c(noc14)C(F)(F)F,7.06
25,CHEMBL584364,C[C@@H](CCOc1cccc(CC(=O)O)c1)N(CC(c2ccccc2)c3ccccc3)Cc4cccc(c4Cl)C(F)(F)F,7.06
26,CHEMBL573587,C[C@@H](COc1cccc(CC(=O)O)c1)CN(CC(c2ccccc2)c3ccccc3)Cc4cccc(c4Cl)C(F)(F)F,7.07
27,CHEMBL605723,Cc1nc2c(Cl)cccc2n1c3cc(Oc4cccc(c4)S(=O)(=O)C(F)(F)F)ccc3Cl,7.07
28,CHEMBL253730,CC(C)(C)c1ccc(CC(C(=O)O)c2ccc(COc3cccc(c3)c4ccc(c5ncc(cc45)C(=O)c6ccccc6)C(F)(F)F)cc2)cc1,7.09
29,CHEMBL1090916,CNS(=O)(=O)c1cccc(c1)c2ccc(cc2)c3nc4cccc(c4nc3C)C(F)(F)F,7.09
30,CHEMBL3814478,CC(C)[C@@H]1CN(CCN1c2ncc(c(n2)C(F)(F)F)C(C)(C)O)c3ccc(F)c(c3)S(=O)(=O)C,7.1
31,CHEMBL1092952,Cn1cnc(c1)S(=O)(=O)N(Cc2ccc(cc2)c3cccc(c3)S(=O)(=O)C)Cc4c(F)cccc4Cl,7.1
32,CHEMBL590584,CS(=O)(=O)c1cccc(Oc2cccc(c2)c3c(CN)cnc4c(cccc34)C(F)(F)F)c1,7.11
33,CHEMBL59030,OC(=O)Cc1cccc(OCCCN(CC(c2ccccc2)c3ccccc3)Cc4cccc(c4Cl)C(F)(F)F)c1,7.11
34,CHEMBL1098403,CCc1cnc2c(cccc2c1c3cccc(c3)c4cccc(c4)S(=O)(=O)C)C(F)(F)F,7.12
35,CHEMBL462446,CN(C)c1oc(nn1)[C@](F)([C@H]2Cc3[nH]c4ccc(Cl)cc4c3C2)S(=O)(=O)c5ccccc5,7.12
36,CHEMBL595915,COc1ccc(CN(C)S(=O)(=O)c2cccc(Oc3cccc(c3)c4c(nc5c(Cl)cccn45)C(C)C)c2)cc1,7.15
37,CHEMBL194733,C[C@@]1(CCC[C@@]2(C)[C@H]1CCc3ccccc23)C(=O)N4CCC(CC4)c5ccccc5,7.16
38,CHEMBL460108,Cc1oc(nn1)[C@](F)([C@H]2Cc3[nH]c4ccc(Cl)cc4c3C2)S(=O)(=O)c5ccccc5,7.16
39,CHEMBL364666,O=C1N(Cc2ccccc2)C(=O)C(=C1Nc3ccccc3)c4ccccc4,7.16
40,CHEMBL3815001,CC(C)[C@@H]1CN(CCN1c2ncc(CO)c(n2)C(F)(F)F)c3ccc(F)c(c3)S(=O)(=O)C,7.17
41,CHEMBL3360965,CS(=O)(=O)c1cccc(c1)c2ccc(s2)c3cc(nn3c4ccccc4C(F)(F)F)C(F)(F)F,7.17
42,CHEMBL253398,OC(=O)C(Cc1ccccc1)c2ccc(COc3cccc(c3)c4ccc(c5ncc(cc45)C(=O)c6ccccc6)C(F)(F)F)cc2,7.17
43,CHEMBL214074,OC(=O)c1ccc(COc2cccc(c2)c3c(cnc4c(cccc34)C(F)(F)F)C(=O)c5ccccc5)cc1,7.17
44,CHEMBL3360974,CC(C)(O)c1cn(c(Cc2ccccc2Cl)n1)c3ccc(cc3)c4cccc(c4)S(=O)(=O)C,7.18
45,CHEMBL210768,CCCc1c(OCCCOc2ccc(CC(=O)O)cc2Cl)ccc3c(noc13)C(F)(F)F,7.19
46,CHEMBL3813703,CCCc1cc(ccc1Oc2ccc(C(=O)CN3C(=O)NC(C)(C3=O)c4ccc(OC(C)C)cc4)c(C)c2)C(O)(C(F)(F)F)C(F)(F)F,7.19
47,CHEMBL3360968,COC(=O)c1cc(c2ccc(s2)c3cccc(c3)S(=O)(=O)C)n(n1)c4ccccc4Cl,7.19
48,CHEMBL427697,COc1cccc([C@H]2SC(=NN2C(=O)c3c(F)cc(F)cc3F)c4ccc(Cl)cc4)c1OC,7.2
49,CHEMBL584566,OC(=O)Cc1ccc2cc(CCN(CC(c3ccccc3)c4ccccc4)Cc5cccc(c5Cl)C(F)(F)F)oc2c1,7.2
50,CHEMBL602446,CS(=O)(=O)c1cc(Cl)cc(Oc2cccc(c2)c3c(cnc4c(cccc34)C(F)(F)F)C(=O)N)c1,7.21
51,CHEMBL595345,CC(C)CS(=O)(=O)c1cccc(Oc2cccc(c2)c3c(C)cnc4c(cccc34)C(F)(F)F)c1,7.22
52,CHEMBL214948,CCN(c1ccc(cc1)C(O)(C(F)(F)F)C(F)(F)F)C(C)(C(=O)N(C)C)c2ccccc2,7.22
53,CHEMBL3360970,CS(=O)(=O)c1cccc(c1)c2ccc(cc2)n3cc(nc3c4ccccc4Cl)C(F)(F)F,7.22
54,CHEMBL214777,OC(c1ccc(cc1)N(Cc2ccccc2)CC(F)(F)F)(C(F)(F)F)C(F)(F)F,7.22
55,CHEMBL606139,CCCS(=O)(=O)c1cccc(Oc2cccc(c2)c3c(cnc4c(cccc34)C(F)(F)F)C(=O)N)c1,7.24
56,CHEMBL3814799,CCCc1cc(ccc1Oc2ccc(C(=O)CN3C(=O)NC(C)(C3=O)c4ccc(OC(C)C)cn4)c(O)c2)C(O)(C(F)(F)F)C(F)(F)F,7.24
57,CHEMBL458597,Fc1ccc(cc1)c2c3cccc(c3nn2Cc4ccc(Cl)cc4)C(F)(F)F,7.24
58,CHEMBL517245,COC(=O)[C@](F)([C@H]1Cc2[nH]c3ccc(Cl)cc3c2C1)S(=O)(=O)c4cccc(OC)c4,7.25
59,CHEMBL607090,COc1ccc(Oc2cccc(c2)c3c(C)cnc4c(cccc34)C(F)(F)F)cc1S(=O)(=O)C,7.25
60,CHEMBL226462,OC(c1ccccc1)c2cnc3c(cccc3c2c4cccc(NCc5ccc(CC(=O)O)cc5)c4)C(F)(F)F,7.25
61,CHEMBL210990,CCCc1c(OCCCN(C)c2ncc(CC(=O)O)cn2)ccc3c(noc13)C(F)(F)F,7.26
62,CHEMBL3814153,CC(C)[C@@H]1CN(CCN1c2nccc(n2)C(F)(F)F)c3ccc(F)c(c3)S(=O)(=O)C,7.28
63,CHEMBL3815014,CC(C)[C@@H]1CN(CCN1c2nccc(n2)C(F)(F)F)c3cccc(c3)S(=O)(=O)C,7.28
64,CHEMBL471608,COC(=O)c1cccc(Oc2cccc(c2)c3c(Cc4ccccc4)cnc5c(cccc35)C(F)(F)F)c1,7.28
65,CHEMBL1093532,Cc1nc2c(cccc2nc1c3ccc(cc3)c4cccc(c4)S(=O)(=O)C)C(F)(F)F,7.28
66,CHEMBL3673689,CC(C)[C@H]1N(CCn2c1nc3cc(CO)c(cc23)S(=O)(=O)C)c4ncc(C(=O)N)c(n4)C(F)(F)F,7.3
67,CHEMBL492440,CCCCN(Cc1ccc(O)c(Cl)c1)c2ccc(cc2)C(O)(C(F)(F)F)C(F)(F)F,7.3
68,CHEMBL214687,CCN(C(COc1ccc(CCC(=O)OC)cc1)c2ccccc2)c3ccc(cc3Cl)C(O)(C(F)(F)F)C(F)(F)F,7.3
69,CHEMBL386174,CCN(Cc1cscn1)c2ccc(cc2)C(O)(C(F)(F)F)C(F)(F)F,7.3
70,CHEMBL459905,COC(=O)[C@](F)([C@H]1Cc2[nH]c3ccc(Cl)cc3c2C1)S(=O)(=O)c4ccccc4,7.3
71,CHEMBL386603,Cc1oc(nc1CN(CC(F)(F)F)c2ccc(cc2)C(O)(C(F)(F)F)C(F)(F)F)c3cccc(Cl)c3,7.3
72,CHEMBL3360966,CS(=O)(=O)c1cccc(c1)c2ccc(cc2)c3cc(nn3c4ccccc4Cl)C(F)(F)F,7.31
73,CHEMBL515852,Fc1ccc(Cn2nc3c(cccc3c2c4ccc(F)cc4)C(F)(F)F)cc1,7.31
74,CHEMBL486955,FC(F)(F)c1ccccc1Cn2nc3c(cccc3c2c4ccc(Cl)cc4)C(F)(F)F,7.32
75,CHEMBL595248,CC(C)S(=O)(=O)c1cccc(Oc2ccc(Cl)c(c2)n3cnc4c(cccc34)C(F)(F)F)c1,7.35
76,CHEMBL524014,CCCCN(Cc1cc(Cl)c(O)c(OC)c1)c2ccc(cc2)C(O)(C(F)(F)F)C(F)(F)F,7.35
77,CHEMBL226097,FC(F)(F)c1cccc2c(c3cccc(NCc4ccccc4)c3)c(cnc12)C(=O)c5ccccc5,7.35
78,CHEMBL595455,Cc1nc2c(Cl)cccc2n1c3cc(Oc4cc(F)cc(c4)S(=O)(=O)C)ccc3Cl,7.36
79,CHEMBL573651,C[C@H](CCN(CC(c1ccccc1)c2ccccc2)Cc3cccc(c3Cl)C(F)(F)F)Oc4cccc(CC(=O)O)c4,7.39
80,CHEMBL464189,FC(F)(F)c1cccc2c(c3ccccc3)n(Cc4ccccc4)nc12,7.39
81,CHEMBL494676,CCCCN(Cc1ccccc1)c2ccc(cc2)C(O)(C(F)(F)F)C(F)(F)F,7.4
82,CHEMBL492637,CCCCN(Cc1ccccc1O)c2ccc(cc2)C(O)(C(F)(F)F)C(F)(F)F,7.4
83,CHEMBL378074,CCCc1c(OCCCN(C)c2cnc(CC(=O)O)cn2)ccc3c(noc13)C(F)(F)F,7.4
84,CHEMBL263089,CCN(c1ccc(cc1)C(O)(C(F)(F)F)C(F)(F)F)C(CC)(C(=O)OC)c2ccccc2,7.4
85,CHEMBL189938,COc1ccc(NC2=C(C(=O)N(Cc3ccccc3)C2=O)c4ccccc4)cc1,7.4
86,CHEMBL593241,CS(=O)(=O)c1cccc(Oc2cccc(c2)c3ccnc4c(cccc34)C(F)(F)F)c1,7.4
87,CHEMBL3342785,Cc1nc(c(Cl)n1c2ccc(cc2n3nncc3c4ccc(OC(F)(F)F)cc4)c5cc(F)c(CO)c(c5)S(=O)(=O)C)C(F)(F)F,7.4
88,CHEMBL488174,FC(F)(F)c1cccc2c(c3ccc(Cl)cc3)n(Cc4ccccc4Cl)nc12,7.4
89,CHEMBL488173,Fc1cc(Cl)ccc1Cn2nc3c(cccc3c2c4ccc(Cl)cc4)C(F)(F)F,7.42
90,CHEMBL520883,Fc1ccccc1Cn2nc3c(cccc3c2c4ccc(Cl)cc4)C(F)(F)F,7.42
91,CHEMBL595454,CC(C)S(=O)(=O)c1cccc(Oc2ccc(Cl)c(c2)n3c(C)nc4c(Cl)cccc34)c1,7.44
92,CHEMBL594367,CCS(=O)(=O)c1cccc(Oc2ccc(Cl)c(c2)n3cnc4c(cccc34)C(F)(F)F)c1,7.46
93,CHEMBL253312,OC(=O)c1cccc2c(NCc3cccc(c3)c4c(Cc5ccccc5)cnc6c(cccc46)C(F)(F)F)cccc12,7.46
94,CHEMBL594288,CS(=O)(=O)c1cccc(Oc2ccc(Cl)c(c2)n3cnc4c(cccc34)C(F)(F)F)c1,7.47
95,CHEMBL1093499,Cc1nc2c(Cl)cccc2nc1c3ccc(cc3)c4cccc(c4)S(=O)(=O)C,7.47
96,CHEMBL387653,OC(=O)Cc1ccc(CNc2cccc(c2)c3c(cnc4c(cccc34)C(F)(F)F)C#N)cc1,7.47
97,CHEMBL1098831,CCS(=O)(=O)c1cccc(c1)c2cccc(c2)c3ccnc4c(cccc34)C(F)(F)F,7.48
98,CHEMBL457977,Fc1ccc(cc1)c2c3cccc(c3nn2Cc4ccccc4F)C(F)(F)F,7.48
99,CHEMBL1093266,Cc1cc(C)c(c(C)c1)S(=O)(=O)N(Cc2oc(cc2)C(F)(F)F)Cc3ccc(cc3)c4cccc(c4)S(=O)(=O)C,7.5
100,CHEMBL514428,Fc1ccc(cc1)c2c3cccc(c3nn2Cc4ccccc4Cl)C(F)(F)F,7.5
101,CHEMBL511891,COC(=O)[C@](F)([C@@H]1CCc2c(C1)[nH]c3ccc(Cl)cc23)S(=O)(=O)c4cccc(Cl)c4,7.51
102,CHEMBL595125,Cc1cnc2c(cccc2c1c3cccc(Oc4ccc(CO)cc4)c3)C(F)(F)F,7.51
103,CHEMBL3809850,CC(C)[C@@](O)(C(=O)N1CCC(CC1)C2CCN(CC2)c3ccc(C(=O)N(C)C)c(Cl)c3)C(F)(F)F,7.52
104,CHEMBL493241,CCCCN(Cc1cc(Cl)c(O)c(Cl)c1)c2ccc(cc2)C(O)(C(F)(F)F)C(F)(F)F,7.52
105,CHEMBL492421,CCCCN(Cc1cc(Cl)c(OC)c(Cl)c1)c2ccc(cc2)C(O)(C(F)(F)F)C(F)(F)F,7.52
106,CHEMBL493242,CCCCN(Cc1cc(Cl)cc(Cl)c1)c2ccc(cc2)C(O)(C(F)(F)F)C(F)(F)F,7.52
107,CHEMBL492844,CCCCN(Cc1cccc(O)c1)c2ccc(cc2)C(O)(C(F)(F)F)C(F)(F)F,7.52
108,CHEMBL494674,CCCCN(Cc1ccccn1)c2ccc(cc2)C(O)(C(F)(F)F)C(F)(F)F,7.52
109,CHEMBL215959,CCN(C(COc1ccc(CC(=O)OC)cc1)c2ccccc2)c3ccc(cc3Cl)C(O)(C(F)(F)F)C(F)(F)F,7.52
110,CHEMBL383959,CCN(Cc1ccccc1)c2ccc(cc2)C(O)(C(F)(F)F)C(F)(F)F,7.52
111,CHEMBL215167,CCN(c1ccc(cc1Cl)C(O)(C(F)(F)F)C(F)(F)F)C(CC)(C(=O)OC)c2ccccc2,7.52
112,CHEMBL383945,COC(=O)C1(CCCCN1c2ccc(cc2)C(O)(C(F)(F)F)C(F)(F)F)c3ccccc3,7.52
113,CHEMBL384298,COC(=O)C1(CCCN1c2ccc(cc2)C(O)(C(F)(F)F)C(F)(F)F)c3ccccc3,7.52
114,CHEMBL455206,COC(=O)[C@](F)([C@H]1Cc2[nH]c3ccc(Cl)cc3c2C1)S(=O)(=O)c4cccc(Br)c4,7.52
115,CHEMBL3814006,CS(=O)(=O)c1cc(ccc1CO)c2ccc(CN(Cc3ccccc3)S(=O)(=O)c4ccccc4C(F)(F)F)s2,7.52
116,CHEMBL521398,Fc1ccc(Cn2nc3c(cccc3c2c4ccc(Cl)cc4)C(F)(F)F)c(Cl)c1,7.52
117,CHEMBL364012,C[C@@]1(CCC[C@@]2(C)[C@H]1CCc3ccc(O)cc23)C(=O)Oc4ccc5CC[C@H]6C(C)(CCC[C@]6(C)c5c4)C(=O)O,7.54
118,CHEMBL23296,CCCc1c(OCCCSc2ccc(CC(=O)O)cc2Cl)ccc3c(noc13)C(F)(F)F,7.55
119,CHEMBL604259,Cc1cccc2c(c3cccc(Oc4cccc(c4)S(=O)(=O)C)c3)c(cnc12)C(=O)N,7.55
120,CHEMBL594176,Cc1cnc2c(cccc2c1c3cccc(Oc4cc(Cl)cc(c4)S(=O)(=O)C)c3)C(F)(F)F,7.55
121,CHEMBL592985,Oc1ccc(Oc2cccc(c2)c3c(Cc4ccccc4)cnc5c(cccc35)C(F)(F)F)cc1,7.55
122,CHEMBL3672846,CC(C)[C@H]1N(CCn2c1cc3ccc(cc23)S(=O)(=O)C)c4nccc(n4)C(F)(F)F,7.57
123,CHEMBL462447,Cc1noc(n1)[C@](F)([C@H]2Cc3[nH]c4ccc(Cl)cc4c3C2)S(=O)(=O)c5ccccc5,7.57
124,CHEMBL594063,CC(C)c1nc2c(Cl)cccc2n1c3cccc(Oc4cccc(c4)S(=O)(=O)C)c3,7.59
125,CHEMBL427040,CCCc1c(OCCCN(C)c2ccc(CC(=O)O)c(C)c2)ccc3c(noc13)C(F)(F)F,7.59
126,CHEMBL455205,COC(=O)[C@](F)([C@H]1Cc2[nH]c3ccc(Cl)cc3c2C1)S(=O)(=O)c4cccc(F)c4,7.59
127,CHEMBL254542,OC(=O)C(CC#C)(CC#C)c1ccc(COc2cccc(c2)c3ccc(c4ncc(cc34)C(=O)c5ccccc5)C(F)(F)F)cc1,7.59
128,CHEMBL493033,CCCCN(Cc1cc(Cl)c(OC)c(OC)c1)c2ccc(cc2)C(O)(C(F)(F)F)C(F)(F)F,7.6
129,CHEMBL494073,CCCCN(Cc1ccncc1)c2ccc(cc2)C(O)(C(F)(F)F)C(F)(F)F,7.6
130,CHEMBL518033,CCCNC(=O)c1cccc(Oc2cccc(c2)c3c(C)cnc4c(Cl)cccc34)c1,7.6
131,CHEMBL207019,CCCc1c(OCCCN(C)c2ccc(CC(=O)O)cc2)ccc3c(noc13)C(F)(F)F,7.6
132,CHEMBL573677,C[C@H](CCOc1cccc(CC(=O)O)c1)N(CC(c2ccccc2)c3ccccc3)Cc4cccc(c4Cl)C(F)(F)F,7.6
133,CHEMBL456237,Fc1ccc(cc1)c2c3cccc(c3nn2Cc4ccc(F)cc4Cl)C(F)(F)F,7.62
134,CHEMBL3673683,CCCC(O)c1cnc(nc1C(F)(F)F)N2CCn3c(nc4cc(CO)c(cc34)S(=O)(=O)C)[C@H]2C(C)C,7.64
135,CHEMBL595580,CCCS(=O)(=O)c1cccc(Oc2cccc(c2)c3c(C)cnc4c(cccc34)C(F)(F)F)c1,7.64
136,CHEMBL595936,CCc1nc2c(cccc2n1c3cccc(Oc4cccc(c4)S(=O)(=O)C)c3)C(F)(F)F,7.66
137,CHEMBL3814206,CC(C)[C@@H]1CN(CCN1c2ncc(CO)c(n2)C(F)(F)F)c3ccc(CO)c(c3)S(=O)(=O)C,7.68
138,CHEMBL3814501,CC(C)[C@@H]1CN(CCN1c2ncc(Cl)c(n2)C(F)(F)F)c3ccc(F)c(c3)S(=O)(=O)C,7.68
139,CHEMBL3673702,CC(C)[C@H]1N(CCn2c1nc3ccc(cc23)S(=O)(=O)C)c4ncc(c(n4)C(F)(F)F)C(C)(C)O,7.68
140,CHEMBL459472,COC(=O)[C@](F)([C@@H]1CCc2c(C1)[nH]c3ccc(Cl)cc23)S(=O)(=O)c4cccc(F)c4,7.68
141,CHEMBL3672844,CC(C)[C@H]1N(CCn2c1nc3cc(CO)c(cc23)S(=O)(=O)C)c4nccc(n4)C(F)(F)F,7.7
142,CHEMBL3673704,CC(C)[C@H]1N(CCn2c1nc3ccc(cc23)S(=O)(=O)C)c4ncc(C(C)O)c(n4)C(F)(F)F,7.7
143,CHEMBL214546,CCN(C(COc1ccc(CC(=O)O)cc1)c2ccccc2)c3ccc(cc3Cl)C(O)(C(F)(F)F)C(F)(F)F,7.7
144,CHEMBL386260,CCN(C(COc1ccc(cc1)C(=O)O)c2ccccc2)c3ccc(cc3Cl)C(O)(C(F)(F)F)C(F)(F)F,7.7
145,CHEMBL215130,CCN(C(COc1ccc(cc1)C(=O)OC)c2ccccc2)c3ccc(cc3Cl)C(O)(C(F)(F)F)C(F)(F)F,7.7
146,CHEMBL461891,CCNC(=O)c1cccc(Oc2cccc(c2)c3c(C)cnc4c(Cl)cccc34)c1,7.7
147,CHEMBL203682,CN(c1ccc(cc1)C(O)(C(F)(F)F)C(F)(F)F)S(=O)(=O)c2ccccc2,7.7
148,CHEMBL1093840,CS(=O)(=O)c1cccc(c1)c2ccc(CN(Cc3c(F)cccc3Cl)S(=O)(=O)C4CC4)cc2,7.7
149,CHEMBL372612,C[C@@]1(CCC[C@@]2(C)[C@H]1CCc3ccc(O)cc23)C(=O)NCC4(CCCCC4)c5ccccc5,7.7
150,CHEMBL215042,Cc1oc(nc1CN(CC(F)(F)F)c2ccc(cc2)C(O)(C(F)(F)F)C(F)(F)F)c3cccc(c3)C(F)(F)F,7.7
151,CHEMBL3360961,Fc1ccc(CN2C(=O)C(=C(C=C2c3ccc(Oc4ccccc4)cc3)C(F)(F)F)C#N)c(F)c1,7.7
152,CHEMBL595804,COCCCS(=O)(=O)c1cccc(Oc2cccc(c2)c3c(C)cnc4c(cccc34)C(F)(F)F)c1,7.72
153,CHEMBL382789,CCCc1c(OCCCN(C)c2ccc(CC(=O)O)c(c2)C(F)(F)F)ccc3c(noc13)C(F)(F)F,7.75
154,CHEMBL1089232,CCc1nc2c(cccc2nc1c3ccc(cc3)c4cccc(c4)S(=O)(=O)C)C(F)(F)F,7.75
155,CHEMBL590828,CS(=O)(=O)c1cc(F)cc(Oc2cccc(c2)c3c(cnc4c(cccc34)C(F)(F)F)C(=O)N)c1,7.75
156,CHEMBL591582,CS(=O)(=O)c1cccc(Oc2cccc(c2)c3c(cnc4c(cccc34)C(F)(F)F)C(=O)N)c1,7.75
157,CHEMBL3673685,CC(C)[C@H]1N(CCn2c1nc3cc(CO)c(cc23)S(=O)(=O)C)c4ncc(CO)c(n4)C(F)(F)F,7.77
158,CHEMBL3673679,CCC(=O)c1cnc(nc1C(F)(F)F)N2CCn3c(nc4cc(CO)c(cc34)S(=O)(=O)C)[C@H]2C(C)C,7.77
159,CHEMBL225878,OC(=O)Cc1ccc(CNc2cccc(c2)c3c(cnc4c(F)cccc34)C(=O)c5ccccc5)cc1,7.77
160,CHEMBL603636,CC(C)c1nc2c(cccc2n1c3cccc(Oc4cccc(c4)S(=O)(=O)C)c3)C(F)(F)F,7.8
161,CHEMBL3342788,CC(C)c1oc(c2ccc(OC(F)(F)F)cc2)c(n1)c3cc(ccc3n4cc(nc4C)C(F)(F)F)c5cc(F)c(CO)c(c5)S(=O)(=O)C,7.8
162,CHEMBL383728,CCCc1c(OCCCn2ccc3cc(CC(=O)O)ccc23)ccc4c(noc14)C(F)(F)F,7.8
163,CHEMBL593267,CS(=O)(=O)c1cccc(Oc2cccc(c2)c3c(cnc4c(Cl)cccc34)C(=O)N)c1,7.8
164,CHEMBL1093523,Cc1cc(C)c(c(C)c1)S(=O)(=O)N(Cc2ccc(cc2)c3cccc(c3)S(=O)(=O)C)Cc4c(F)cccc4Cl,7.8
165,CHEMBL573603,CC(C(=O)O)c1cccc(OCCCN(CC(c2ccccc2)c3ccccc3)Cc4cccc(c4Cl)C(F)(F)F)c1,7.82
166,CHEMBL573679,CC(C)(C(=O)O)c1cccc(OCCCN(CC(c2ccccc2)c3ccccc3)Cc4cccc(c4Cl)C(F)(F)F)c1,7.82
167,CHEMBL494471,CCCCN(Cc1cccc(CCO)c1)c2ccc(cc2)C(O)(C(F)(F)F)C(F)(F)F,7.82
168,CHEMBL253731,OC(=O)Cc1cccc2c(NCc3cccc(c3)c4ccnc5c(cccc45)C(F)(F)F)cccc12,7.82
169,CHEMBL3673673,CC(C)[C@H]1N(CCn2c1nc3cc(CO)c(cc23)S(=O)(=O)C)c4ncc(C(=O)C)c(n4)C(F)(F)F,7.85
170,CHEMBL3673675,CC(C)[C@H]1N(CCn2c1nc3cc(CO)c(cc23)S(=O)(=O)C)c4ncc(c(n4)C(F)(F)F)C(C)(C)O,7.85
171,CHEMBL3360963,CS(=O)(=O)c1cccc(c1)c2ccc(s2)c3cc(nn3Cc4ccc(F)cc4F)C(F)(F)F,7.85
172,CHEMBL606143,Cc1nc2c(Cl)cccc2n1c3cc(Oc4cccc(c4)S(=O)(=O)C)ccc3Cl,7.85
173,CHEMBL603743,OCc1cccc(Oc2cccc(c2)c3c(cnc4c(cccc34)C(F)(F)F)c5ccccc5)c1,7.85
174,CHEMBL3673678,CC(C)[C@H]1N(CCn2c1nc3cc(CO)c(cc23)S(=O)(=O)C)c4ncc(C(C)O)c(n4)C(F)(F)F,7.89
175,CHEMBL207690,CCCc1c(OCCCN2C(=O)Cc3cc(CC(=O)O)ccc23)ccc4c(noc14)C(F)(F)F,7.89
176,CHEMBL453616,CN(C)c1noc(n1)[C@](F)([C@H]2Cc3[nH]c4ccc(Cl)cc4c3C2)S(=O)(=O)c5ccccc5,7.89
177,CHEMBL226098,OCc1ccc(CNc2cccc(c2)c3c(cnc4c(cccc34)C(F)(F)F)C(=O)c5ccccc5)cc1,7.89
178,CHEMBL1091976,Cc1ccccc1S(=O)(=O)N(Cc2ccc(cc2)c3cccc(c3)S(=O)(=O)C)Cc4c(F)cccc4Cl,7.9
179,CHEMBL3673700,CC(C)[C@H]1N(CCn2c1nc3ccc(cc23)S(=O)(=O)C)c4ncc(C(=O)C)c(n4)C(F)(F)F,7.92
180,CHEMBL195184,CC1(COC(=O)[C@@]2(C)CCC[C@@]3(C)[C@H]2CCc4ccc(O)cc34)CCC[C@@]5(C)[C@H]1CCc6ccc(O)cc56,7.92
181,CHEMBL459563,CCN(CC)C(=O)c1cccc(Oc2cccc(c2)c3c(C)cnc4c(Cl)cccc34)c1,7.92
182,CHEMBL595249,CCS(=O)(=O)c1cccc(Oc2ccc(Cl)c(c2)n3c(C)nc4c(Cl)cccc34)c1,7.92
183,CHEMBL596047,Cc1cnc2c(Cl)cccc2c1c3cccc(Oc4cccc(CO)c4)c3,7.92
184,CHEMBL595118,Cc1cnc2c(cccc2c1c3cccc(Oc4cccc(CO)c4)c3)C(F)(F)F,7.92
185,CHEMBL225994,OC(=O)COc1ccc(CNc2cccc(c2)c3c(cnc4c(cccc34)C(F)(F)F)C(=O)c5ccccc5)cc1,7.92
186,CHEMBL604479,OCc1cccc(Oc2cccc(c2)c3c(Cc4ccccc4)cnc5c(cccc35)C(F)(F)F)c1,7.93
187,CHEMBL589613,CCS(=O)(=O)c1cccc(Oc2cccc(c2)c3c(cnc4c(cccc34)C(F)(F)F)C(=O)N)c1,7.96
188,CHEMBL584568,C[C@H](CCOc1cccc(c1)C(C)(C)C(=O)O)N(CC(c2ccccc2)c3ccccc3)Cc4cccc(c4Cl)C(F)(F)F,7.96
189,CHEMBL404265,OC(=O)Cc1cccc2c(OCc3cccc(c3)c4c(Cc5ccccc5)cnc6c(cccc46)C(F)(F)F)cccc12,7.96
190,CHEMBL191965,CC(=O)Oc1ccc2CC[C@H]3[C@](C)(CCC[C@]3(C)c2c1)C(=O)OC(=O)C4(C)CCC[C@@]5(C)[C@H]4CCc6ccc(OC(=O)C)cc56,8.0
191,CHEMBL457037,CC(C)NC(=O)c1cccc(Oc2cccc(c2)c3c(Cc4ccccc4)cnc5c(cccc35)C(F)(F)F)c1,8.0
192,CHEMBL3673699,CC(C)[C@H]1N(CCn2c1nc3cc(CO)c(cc23)S(=O)(=O)C)c4ncc(C)c(n4)C(F)(F)F,8.0
193,CHEMBL254541,CCC#CCC(C(=O)O)c1ccc(COc2cccc(c2)c3ccc(c4ncc(cc34)C(=O)c5ccccc5)C(F)(F)F)cc1,8.0
194,CHEMBL208967,CCCc1c(OCCCN(C)c2ccc(CC(=O)O)c(Cl)c2)ccc3c(noc13)C(F)(F)F,8.0
195,CHEMBL2326845,CCN(c1ccc(cc1)C(O)(C(F)(F)F)C(F)(F)F)S(=O)(=O)c2ccccc2,8.0
196,CHEMBL3673710,COC(=O)c1cnc(nc1C(F)(F)F)N2CCn3c(nc4cc(CO)c(cc34)S(=O)(=O)C)[C@H]2C(C)C,8.0
197,CHEMBL517015,Cc1ccc(Cn2nc3c(cccc3c2c4ccc(F)cc4)C(F)(F)F)c(C)c1,8.0
198,CHEMBL442437,Cc1cnc2c(cccc2c1c3cccc(CNc4cccc5c(CC(=O)O)cccc45)c3)C(F)(F)F,8.0
199,CHEMBL593960,OCc1ccc(Oc2cccc(c2)c3c(cnc4c(cccc34)C(F)(F)F)c5ccccc5)cc1,8.0
200,CHEMBL461890,CNC(=O)c1cccc(Oc2cccc(c2)c3c(C)cnc4c(Cl)cccc34)c1,8.05
201,CHEMBL612007,CS(=O)(=O)c1cccc(Oc2cccc(c2)c3c(CN4CCSC4)nc5c(cccn35)C(F)(F)F)c1,8.05
202,CHEMBL480298,CCCNC(=O)c1cccc(Oc2cccc(c2)c3c(Cc4ccccc4)cnc5c(cccc35)C(F)(F)F)c1,8.07
203,CHEMBL226047,OC(C(=O)O)c1ccc(CNc2cccc(c2)c3c(cnc4c(cccc34)C(F)(F)F)C(=O)c5ccccc5)cc1,8.07
204,CHEMBL596262,OCc1ccc(Oc2cccc(c2)c3c(cnc4c(Cl)cccc34)c5ccccc5)cc1,8.08
205,CHEMBL595113,CC(C)S(=O)(=O)c1cccc(Oc2cccc(c2)c3c(C)cnc4c(cccc34)C(F)(F)F)c1,8.1
206,CHEMBL215904,CCN(c1ccc(cc1)C(O)(C(F)(F)F)C(F)(F)F)C(C)(C(=O)OC)c2ccccc2,8.1
207,CHEMBL3809494,CN(C)C(=O)c1ccc(cc1Cl)c2cnc(N3CCN(CC3)C(=O)[C@](O)(c4ccccc4)C(F)(F)F)c(c2)C#N,8.1
208,CHEMBL3673695,COc1nc(ncc1C(F)(F)F)N2CCn3c(nc4cc(CO)c(cc34)S(=O)(=O)C)[C@H]2C(C)C,8.1
209,CHEMBL376568,OC(=O)C(F)(F)c1ccc(CNc2cccc(c2)c3c(cnc4c(cccc34)C(F)(F)F)C(=O)c5ccccc5)cc1,8.11
210,CHEMBL3673708,CC(C)C1N(CCn2c1nc3cc(CO)c(cc23)S(=O)(=O)C)c4ncc(C(=O)C)c(n4)C(F)(F)F,8.16
211,CHEMBL3673682,CCC(O)c1cnc(nc1C(F)(F)F)N2CCn3c(nc4cc(CO)c(cc34)S(=O)(=O)C)[C@H]2C(C)C,8.16
212,CHEMBL269442,CCN(C(COc1ccc(CCC(=O)O)cc1)c2ccccc2)c3ccc(cc3Cl)C(O)(C(F)(F)F)C(F)(F)F,8.16
213,CHEMBL383944,CCN(Cc1nc(oc1C)c2cccc(c2)C(F)(F)F)c3ccc(cc3Cl)C(O)(C(F)(F)F)C(F)(F)F,8.16
214,CHEMBL460198,Cc1cnc2c(Cl)cccc2c1c3cccc(Oc4cccc(c4)C(=O)N5CCOCC5)c3,8.16
215,CHEMBL216645,OC(=O)Cc1ccc(NCc2cccc(c2)c3c(Cc4ccccc4)cnc5c(cccc35)C(F)(F)F)cc1,8.16
216,CHEMBL594175,Cc1cnc2c(cccc2c1c3cccc(Oc4cc(F)cc(c4)S(=O)(=O)C)c3)C(F)(F)F,8.18
217,CHEMBL3673706,CC(C)[C@H]1N(CCn2c1nc3ccc(cc23)S(=O)(=O)C)c4ncc(CO)c(n4)C(F)(F)F,8.22
218,CHEMBL207907,CCCc1c(OCCCn2ccc3cc(CCC(=O)O)ccc23)ccc4c(noc14)C(F)(F)F,8.22
219,CHEMBL3673684,CCOC(=O)c1cnc(nc1C(F)(F)F)N2CCn3c(nc4cc(CO)c(cc34)S(=O)(=O)C)[C@H]2C(C)C,8.22
220,CHEMBL593473,CCS(=O)(=O)c1cccc(Oc2cccc(c2)c3c(C)cnc4c(cccc34)C(F)(F)F)c1,8.22
221,CHEMBL460197,Cc1cnc2c(Cl)cccc2c1c3cccc(Oc4cccc(c4)C(=O)N5CCCCC5)c3,8.22
222,CHEMBL225937,OC(=O)Cc1cccc(CNc2cccc(c2)c3c(cnc4c(cccc34)C(F)(F)F)C(=O)c5ccccc5)c1,8.22
223,CHEMBL611735,CS(=O)(=O)c1cccc(Oc2cccc(c2)c3c(Cc4ccccc4)nc5c(cccn35)C(F)(F)F)c1,8.23
224,CHEMBL387484,Cc1cccc2c(c3cccc(NCc4ccc(CC(=O)O)cc4)c3)c(cnc12)C(=O)c5ccccc5,8.26
225,CHEMBL226096,OCCc1ccc(CNc2cccc(c2)c3c(cnc4c(cccc34)C(F)(F)F)C(=O)c5ccccc5)cc1,8.27
226,CHEMBL1098832,CCS(=O)(=O)c1cccc(c1)c2cccc(c2)c3c(C)cnc4c(cccc34)C(F)(F)F,8.28
227,CHEMBL605730,CS(=O)(=O)c1cccc(Oc2cccc(c2)n3c(nc4c(cccc34)C(F)(F)F)C(F)(F)F)c1,8.29
228,CHEMBL593739,CC(C)S(=O)(=O)c1cccc(Oc2cccc(c2)c3c(cnc4c(cccc34)C(F)(F)F)C(=O)N)c1,8.3
229,CHEMBL215789,CCN(Cc1nc(oc1C)c2cccc(Cl)c2)c3ccc(cc3)C(O)(C(F)(F)F)C(F)(F)F,8.3
230,CHEMBL3673709,CCOC(=O)c1cnc(nc1C(F)(F)F)N2CCn3c(nc4cc(CO)c(cc34)S(=O)(=O)C)C2C(C)C,8.3
231,CHEMBL1093554,CS(=O)(=O)c1cccc(c1)c2ccc(CN(Cc3c(F)cccc3Cl)S(=O)(=O)c4ccccc4)cc2,8.3
232,CHEMBL225828,Cc1cccc2c(c(Cc3ccccc3)cnc12)c4cccc(NCc5ccc(CC(=O)O)cc5)c4,8.3
233,CHEMBL403958,OC(=O)C(CC=C)c1ccc(COc2cccc(c2)c3ccc(c4ncc(cc34)C(=O)c5ccccc5)C(F)(F)F)cc1,8.3
234,CHEMBL386772,OC(=O)Cc1ccc(COc2cccc(c2)c3c(cnc4c(cccc34)C(F)(F)F)C(=O)c5ccccc5)cc1,8.3
235,CHEMBL254333,OC(=O)Cc1ccc(COc2cccc(c2)c3ccc(c4ncc(cc34)C(=O)c5ccccc5)C(F)(F)F)cc1,8.3
236,CHEMBL253311,OC(=O)Cc1cccc2c(NCc3cccc(c3)c4c(Cc5ccccc5)cnc6c(cccc46)C(F)(F)F)cccc12,8.3
237,CHEMBL1097140,CS(=O)(=O)c1cc(c(F)cc1F)c2cccc(c2)c3ccnc4c(cccc34)C(F)(F)F,8.31
238,CHEMBL595224,CS(=O)(=O)c1cccc(Oc2cccc(c2)n3c(nc4c(cccc34)C(F)(F)F)c5ccccc5)c1,8.33
239,CHEMBL593472,Cc1cnc2c(cccc2c1c3cccc(Oc4cccc(c4)S(=O)(=O)CCCO)c3)C(F)(F)F,8.33
240,CHEMBL1095714,CS(=O)(=O)c1cccc(c1)c2cccc(c2)c3ccnc4c(cccc34)C(F)(F)F,8.36
241,CHEMBL389859,Cc1cnc2c(cccc2c1c3cccc(NCc4ccc(CC(=O)O)cc4)c3)C(F)(F)F,8.37
242,CHEMBL595344,CC(C)S(=O)(=O)c1cccc(Oc2cccc(c2)c3ccnc4c(cccc34)C(F)(F)F)c1,8.4
243,CHEMBL3672848,CC(C)[C@H]1N(CCn2c1cc3cc(CO)c(cc23)S(=O)(=O)C)c4nccc(n4)C(F)(F)F,8.4
244,CHEMBL215108,CCN(Cc1nc(oc1C)c2cccc(Cl)c2)c3ccc(cc3Cl)C(O)(C(F)(F)F)C(F)(F)F,8.4
245,CHEMBL1091034,CS(=O)(=O)c1cccc(c1)c2ccc(CN(Cc3ccc(F)cc3Cl)S(=O)(=O)c4ccccc4)cc2,8.4
246,CHEMBL253521,Cc1c(C)c(NCc2cccc(c2)c3c(Cc4ccccc4)cnc5c(cccc35)C(F)(F)F)ccc1CC(=O)O,8.4
247,CHEMBL404468,Cc1cc(OCc2cccc(c2)c3c(Cc4ccccc4)cnc5c(cccc35)C(F)(F)F)c(C)cc1CC(=O)O,8.4
248,CHEMBL225884,CC(C)(C(=O)O)c1ccc(CNc2cccc(c2)c3c(cnc4c(cccc34)C(F)(F)F)C(=O)c5ccccc5)cc1,8.42
249,CHEMBL1096719,CCCc1cnc2c(cccc2c1c3cccc(c3)c4cccc(c4)S(=O)(=O)C)C(F)(F)F,8.42
250,CHEMBL226461,OC(=O)Cc1ccc(CNc2cccc(c2)c3c(cnc4c(cccc34)C(F)(F)F)c5ccccc5)cc1,8.43
251,CHEMBL595782,Cc1cnc2c(Cl)cccc2c1c3cccc(Oc4cccc(c4)S(=O)(=O)C)c3,8.47
252,CHEMBL595124,CC(C)(O)c1cccc(Oc2cccc(c2)c3c(Cc4ccccc4)cnc5c(cccc35)C(F)(F)F)c1,8.48
253,CHEMBL606539,CS(=O)(=O)c1cccc(Oc2cccc(c2)c3c(Cc4ccccc4)cnc5c(Cl)cccc35)c1,8.48
254,CHEMBL1097159,Cc1cnc2c(cccc2c1c3cccc(c3)c4cc(c(F)cc4F)S(=O)(=O)C)C(F)(F)F,8.48
255,CHEMBL595012,CC(C)Cc1nc2c(cccc2n1c3cccc(Oc4cccc(c4)S(=O)(=O)C)c3)C(F)(F)F,8.5
256,CHEMBL1098850,Cc1ccc(cc1S(=O)(=O)C)c2cccc(c2)c3c(C)cnc4c(cccc34)C(F)(F)F,8.5
257,CHEMBL386530,CCN(CCc1ccccc1)c2ccc(cc2Cl)C(O)(C(F)(F)F)C(F)(F)F,8.52
258,CHEMBL215663,CCN(Cc1ccccc1)c2ccc(cc2Cl)C(O)(C(F)(F)F)C(F)(F)F,8.52
259,CHEMBL214867,CCN(Cc1nc(oc1C)c2cccc(c2)C(F)(F)F)c3ccc(cc3)C(O)(C(F)(F)F)C(F)(F)F,8.52
260,CHEMBL254945,Cc1cc(CC(=O)O)c(C)cc1COc2cccc(c2)c3c(Cc4ccccc4)cnc5c(cccc35)C(F)(F)F,8.52
261,CHEMBL516464,Cc1cnc2c(Cl)cccc2c1c3cccc(Oc4cccc(c4)C(=O)N5CCCC5)c3,8.52
262,CHEMBL384246,OC(c1ccc(N(Cc2ccccc2)CC(F)(F)F)c(Cl)c1)(C(F)(F)F)C(F)(F)F,8.52
263,CHEMBL454596,FC(F)(F)c1cccc2c(c(Cc3ccccc3)cnc12)c4cccc(Oc5cccc(c5)C(=O)N6CCCCC6)c4,8.54
264,CHEMBL505445,CCN(CC)C(=O)c1cccc(Oc2cccc(c2)c3c(Cc4ccccc4)cnc5c(cccc35)C(F)(F)F)c1,8.55
265,CHEMBL225935,OC(=O)Cc1ccc(CNc2cccc(c2)c3c(cnc4c(Cl)cccc34)C(=O)c5ccccc5)cc1,8.57
266,CHEMBL374804,CC(C(=O)O)c1ccc(CNc2cccc(c2)c3c(cnc4c(cccc34)C(F)(F)F)C(=O)c5ccccc5)cc1,8.59
267,CHEMBL1097160,CS(=O)(=O)c1cc(ccc1F)c2cccc(c2)c3ccnc4c(cccc34)C(F)(F)F,8.59
268,CHEMBL594062,CS(=O)(=O)c1cccc(Oc2cccc(c2)n3c(Cc4ccc(F)cc4)nc5c(cccc35)C(F)(F)F)c1,8.59
269,CHEMBL606157,Cc1cnc2c(Cl)cccc2c1c3cccc(Oc4cccc(c4)C(C)(C)O)c3,8.6
270,CHEMBL595689,Cc1cnc2c(cccc2c1c3cccc(Oc4cccc(c4)S(=O)(=O)C)c3)C(F)(F)F,8.62
271,CHEMBL226408,OC(=O)Cc1ccc(CNc2cccc(c2)c3c(cnc4c(cccc34)C(F)(F)F)C(=O)c5ccccc5)cc1,8.62
272,CHEMBL600244,CS(=O)(=O)c1cccc(Oc2cccc(c2)c3c(cnc4c(cccc34)C(F)(F)F)C#N)c1,8.66
273,CHEMBL254539,CC#CCC(C(=O)O)c1ccc(COc2cccc(c2)c3ccc(c4ncc(cc34)C(=O)c5ccccc5)C(F)(F)F)cc1,8.7
274,CHEMBL215036,CCN(Cc1cscn1)c2ccc(cc2Cl)C(O)(C(F)(F)F)C(F)(F)F,8.7
275,CHEMBL590098,CCOC(=O)c1cnc2c(cccc2c1c3cccc(Oc4cccc(c4)S(=O)(=O)C)c3)C(F)(F)F,8.7
276,CHEMBL592506,CS(=O)(=O)c1cccc(Oc2cccc(c2)c3c(Cc4ccccc4)cnc5c(cccc35)C(F)(F)F)c1,8.7
277,CHEMBL3360960,CS(=O)(=O)c1cccc(c1)c2ccc(s2)C3=CC(=C(C#N)C(=O)N3Cc4ccc(F)cc4F)C(F)(F)F,8.7
278,CHEMBL403418,Cc1cc(NCc2cccc(c2)c3c(Cc4ccccc4)cnc5c(cccc35)C(F)(F)F)c(C)cc1CC(=O)O,8.7
279,CHEMBL404469,OC(=O)Cc1ccc(NCc2cccc(c2)c3c(Cc4ccccc4)cnc5c(cccc35)C(F)(F)F)c6ccccc16,8.7
280,CHEMBL450409,FC(F)(F)c1cccc2c(c(Cc3ccccc3)cnc12)c4cccc(Oc5cccc(c5)C(=O)N6CCOCC6)c4,8.72
281,CHEMBL1094741,Cc1cnc2c(cccc2c1c3cccc(c3)c4cccc(c4)S(=O)(=O)C)C(F)(F)F,8.75
282,CHEMBL1097158,Cc1cnc2c(cccc2c1c3cccc(c3)c4ccc(F)c(c4)S(=O)(=O)C)C(F)(F)F,8.77
283,CHEMBL226049,NC(=O)Cc1ccc(CNc2cccc(c2)c3c(cnc4c(cccc34)C(F)(F)F)C(=O)c5ccccc5)cc1,8.85
284,CHEMBL225936,OC(=O)Cc1ccc(CNc2cccc(c2)c3c(Cc4ccccc4)cnc5c(Cl)cccc35)cc1,8.85
285,CHEMBL555373,CC1(CCC[C@@]2(C)[C@H]1CCc3ccc(O)cc23)C(=O)OC(=O)C4(C)CCCC5(C)C4CCc6ccc(O)cc56,9.0
286,CHEMBL365544,C[C@@]1(CCC[C@@]2(C)[C@H]1CCc3ccc(O)cc23)C(=O)NC(=O)C4(C)CCC[C@@]5(C)[C@H]4CCc6ccc(O)cc56,9.0
5,CHEMBL190901,Clc1ccc(NC2=C(C(=O)N(Cc3ccccc3)C2=O)c4ccccc4)cc1,6.96
6,CHEMBL191263,CCN1C(=O)C(=C(C1=O)c2ccccc2)Nc3ccc(OC)cc3,6.7
7,CHEMBL189228,COc1ccc(NC2=C(C(=O)N(C2=O)c3ccccc3)c4ccccc4)cc1,6.59
8,CHEMBL191419,COc1ccc(NC2=C(C(=O)N(C)C2=O)c3ccccc3)cc1,6.52
9,CHEMBL370285,CCN1C(=O)C(=C(C1=O)c2ccccc2)Nc3ccccc3,6.25
10,CHEMBL189532,CCN1C(=O)C(=C(C1=O)c2ccccc2)Nc3ccc(Cl)cc3,6.24
11,CHEMBL158781,CN1C(=O)C(=C(C1=O)c2ccccc2)Nc3ccccc3,6.07
44,CHEMBL192837,C[C@@]1(CCC[C@@]2(C)[C@H]1CCc3ccc(O)cc23)C(=O)CC(=O)C4(C)CCC[C@@]5(C)[C@H]4CCc6ccc(O)cc56,6.79
68,CHEMBL427183,C[C@@]1(CCC[C@@]2(C)[C@H]1CCc3ccc(O)cc23)C(=O)OCc4ccccc4,5.54
76,CHEMBL194192,C[C@@]1(CCC[C@@]2(C)[C@H]1CCc3ccc(O)cc23)C(=O)OCCC=C,5.42
80,CHEMBL426289,C[C@@]1(CCC[C@@]2(C)[C@H]1CCc3ccc(O)cc23)C(=O)OCCCC=C,5.3
84,CHEMBL196145,C[C@@]1(CCC[C@@]2(C)[C@H]1CCc3ccc(O)cc23)C(=O)NCCc4ccccc4,5.65
88,CHEMBL424831,C[C@@]1(CCC[C@@]2(C)[C@H]1CCc3ccc(O)cc23)C(=O)NC4CC5CCC4C5,5.39
92,CHEMBL194642,C[C@@]1(CCC[C@@]2(C)[C@H]1CCc3ccc(O)cc23)C(=O)NCC45CC6CC(CC(C6)C4)C5,6.72
96,CHEMBL371990,CC(NC(=O)[C@@]1(C)CCC[C@@]2(C)[C@H]1CCc3ccc(O)cc23)C45CC6CC(CC(C6)C4)C5,6.75
100,CHEMBL197522,CC1(C)C2CCC(NC(=O)[C@@]3(C)CCC[C@@]4(C)[C@H]3CCc5ccc(O)cc45)C1C2,6.51
104,CHEMBL382942,C[C@H]1[C@@H](C[C@@H]2C[C@H]1C2(C)C)NC(=O)[C@@]3(C)CCC[C@@]4(C)[C@H]3CCc5ccc(O)cc45,6.7
108,CHEMBL199255,C[C@@]1(CCC[C@@]2(C)[C@H]1CCc3ccc(O)cc23)C(=O)NC45CC6CC(CC(C6)C4)C5,6.77
116,CHEMBL196335,CCOC(=O)C12CC3CC(CC(C3)(C1)NC(=O)[C@@]4(C)CCC[C@@]5(C)[C@H]4CCc6ccc(O)cc56)C2,6.28
120,CHEMBL370175,C[C@@]1(CCC[C@@]2(C)[C@H]1CCc3ccc(O)cc23)C(=O)N4C5CCCCC5C6CCCCC46,6.72
128,CHEMBL194353,C[C@@]1(CCC[C@@]2(C)[C@H]1CCc3ccccc23)C(=O)NCC4(CCCCC4)c5ccccc5,6.89
132,CHEMBL365750,CC(CNC(=O)[C@@]1(C)CCC[C@@]2(C)[C@H]1CCc3ccccc23)(c4ccccc4)c5ccccc5,6.38
140,CHEMBL197265,C[C@@]1(CCC[C@@]2(C)[C@H]1CCc3ccccc23)C(=O)N4CCC5(CC4)C=Cc6ccccc56,6.3
148,CHEMBL194679,C[C@@]1(CCC[C@@]2(C)[C@H]1CCc3ccccc23)C(=O)NC(=O)C45CC6CC(CC(C6)C4)C5,6.54
152,CHEMBL194573,C[C@@]1(CCC[C@@]2(C)[C@H]1CCc3ccccc23)C(=O)NC(=O)C4(CCCCC4)c5ccccc5,6.92
156,CHEMBL194866,C[C@@]1(CCC[C@@]2(C)[C@H]1CCc3ccccc23)C(=O)CC(=O)C45CC6CC(CC(C6)C4)C5,6.0
164,CHEMBL207188,CCCc1c(OCCCN(C)c2ccc(CC(=O)O)cn2)ccc3c(noc13)C(F)(F)F,6.2
168,CHEMBL209563,CCCc1c(OCCCN(C)c2ccc(CC(=O)O)cc2C)ccc3c(noc13)C(F)(F)F,6.5
169,CHEMBL377218,CCCc1c(OCCCn2ccc3cc(ccc23)C(=O)O)ccc4c(noc14)C(F)(F)F,6.7
171,CHEMBL207382,CCCc1c(OCCCN2C(=O)Cc3cc(ccc23)C(=O)O)ccc4c(noc14)C(F)(F)F,6.16
173,CHEMBL208567,CCCc1c(OCCCn2nnc3cc(CC(=O)O)ccc23)ccc4c(noc14)C(F)(F)F,6.46
175,CHEMBL210613,CCCc1c(OCCCn2cnc3cc(CC(=O)O)ccc23)ccc4c(noc14)C(F)(F)F,6.39
177,CHEMBL207142,CCCc1c(OCCCN(C)c2ccc(cc2)C(=O)O)ccc3c(noc13)C(F)(F)F,6.72
178,CHEMBL207236,CCCc1c(OCCCN(C)c2ccccc2)ccc3c(noc13)C(F)(F)F,6.37
182,CHEMBL208711,CCCc1c(OCCCN(CC)c2ccc(CC(=O)O)cc2)ccc3c(noc13)C(F)(F)F,6.85
185,CHEMBL383646,CCCc1c(OCCCN(C)c2ccc(CC(=O)O)cc2Cl)ccc3c(noc13)C(F)(F)F,6.77
186,CHEMBL210454,CCCc1c(OCCCCc2ccc(CC(=O)O)cc2)ccc3c(noc13)C(F)(F)F,6.01
225,CHEMBL215129,CCN(C(COCC(=O)N(C)C)c1ccccc1)c2ccc(cc2)C(O)(C(F)(F)F)C(F)(F)F,6.3
226,CHEMBL385546,CCN(C(COCC(=O)NC)c1ccccc1)c2ccc(cc2)C(O)(C(F)(F)F)C(F)(F)F,4.51
227,CHEMBL215445,CCN(C(COCC(=O)O)c1ccccc1)c2ccc(cc2)C(O)(C(F)(F)F)C(F)(F)F,4.05
228,CHEMBL214915,CCN(C(COCCO)c1ccccc1)c2ccc(cc2)C(O)(C(F)(F)F)C(F)(F)F,4.5
229,CHEMBL385052,CCN(C(COCC(=O)OC)c1ccccc1)c2ccc(cc2)C(O)(C(F)(F)F)C(F)(F)F,6.3
230,CHEMBL215647,CCN(C(COCc1ccccc1)c2ccccc2)c3ccc(cc3)C(O)(C(F)(F)F)C(F)(F)F,6.52
231,CHEMBL215598,CCN(C(COC)c1ccccc1)c2ccc(cc2)C(O)(C(F)(F)F)C(F)(F)F,6.52
232,CHEMBL214832,CCN([C@H](CO)c1ccccc1)c2ccc(cc2)C(O)(C(F)(F)F)C(F)(F)F,6.4
233,CHEMBL385489,CCN([C@@H](CO)c1ccccc1)c2ccc(cc2)C(O)(C(F)(F)F)C(F)(F)F,6.3
235,CHEMBL385411,CCN(C(CO)c1ccccc1)c2ccc(cc2)C(O)(C(F)(F)F)C(F)(F)F,6.05
236,CHEMBL448111,CCN(CC(O)c1ccccc1)c2ccc(cc2)C(O)(C(F)(F)F)C(F)(F)F,6.3
243,CHEMBL385544,CCN(C(C(=O)N1CCOCC1)c2ccccc2)c3ccc(cc3)C(O)(C(F)(F)F)C(F)(F)F,5.85
244,CHEMBL409212,CCN(C(C(=O)N1CCCCC1)c2ccccc2)c3ccc(cc3)C(O)(C(F)(F)F)C(F)(F)F,5.92
245,CHEMBL215775,CCN(C(C(=O)N(C)C)c1ccccc1)c2ccc(cc2)C(O)(C(F)(F)F)C(F)(F)F,5.2
246,CHEMBL215154,CCN(C(C(=O)NC)c1ccccc1)c2ccc(cc2)C(O)(C(F)(F)F)C(F)(F)F,4.66
247,CHEMBL215327,CCN(C(C(=O)O)c1ccccc1)c2ccc(cc2)C(O)(C(F)(F)F)C(F)(F)F,4.86
248,CHEMBL214942,CCN(C(C(=O)OC)c1ccccc1)c2ccc(cc2)C(O)(C(F)(F)F)C(F)(F)F,6.05
256,CHEMBL214275,CCN(Cc1ccncc1)c2ccc(cc2)C(O)(C(F)(F)F)C(F)(F)F,5.78
257,CHEMBL216055,CCN(Cc1cccnc1)c2ccc(cc2)C(O)(C(F)(F)F)C(F)(F)F,5.64
258,CHEMBL214727,CCN(Cc1ccccn1)c2ccc(cc2)C(O)(C(F)(F)F)C(F)(F)F,6.34
304,CHEMBL215585,CCN(CCc1ccccc1)c2ccc(cc2)C(O)(C(F)(F)F)C(F)(F)F,6.7
364,CHEMBL214324,CN(Cc1ccc(CC(=O)O)cc1)c2cccc(c2)c3c(Cc4ccccc4)cnc5c(cccc35)C(F)(F)F,6.94
369,CHEMBL214465,OC(=O)c1ccc(COc2ccc(cc2)c3c(cnc4c(cccc34)C(F)(F)F)C(=O)c5ccccc5)cc1,5.56
370,CHEMBL217376,OC(=O)c1cccc(COc2cccc(c2)c3c(cnc4c(cccc34)C(F)(F)F)C(=O)c5ccccc5)c1,5.99
373,CHEMBL425099,FC(F)(F)c1cccc2c(c3ccccc3)c(cnc12)C(=O)c4ccccc4,6.97
404,CHEMBL225879,OC(=O)Cc1ccc(CNc2cccc(c2)c3c(cnc4ccccc34)C(=O)c5ccccc5)cc1,6.81
436,CHEMBL90590,FC(F)(F)c1cccc2c(c3cccc(NCc4ccc(\C=C/5\SC(=S)NC5=O)cc4)c3)c(cnc12)C(=O)c6ccccc6,6.51
437,CHEMBL376595,FC(F)(F)c1cccc2c(c3cccc(NCc4ccc(\C=C\5/SC(=O)NC5=O)cc4)c3)c(cnc12)C(=O)c6ccccc6,6.56
446,CHEMBL225996,OC(=O)c1ccc(CNc2cccc(c2)c3c(cnc4c(cccc34)C(F)(F)F)C(=O)c5ccccc5)cc1,6.86
499,CHEMBL242620,COc1cccc(C2SC(=NN2C(=O)c3c(F)cc(F)cc3F)c4ccc(F)cc4)c1OC,7.12
501,CHEMBL243927,COc1cccc(C2SC(=NN2C(=O)c3cc(F)c(F)c(OC)c3F)c4ccc(F)cc4)c1OC,7.09
502,CHEMBL243719,COc1cccc(C2SC(=NN2C(=O)c3c(F)cc(Br)cc3F)c4ccc(F)cc4)c1OC,6.8
503,CHEMBL243718,COc1cc(F)c(C(=O)N2N=C(SC2c3cccc(OC)c3OC)c4ccc(F)cc4)c(F)c1,6.77
504,CHEMBL395491,COc1cccc(C2SC(=NN2C(=O)c3cc(F)ccc3C)c4ccc(F)cc4)c1OC,6.85
505,CHEMBL413795,COc1cccc(C2SC(=NN2C(=O)c3cccc(Cl)c3)c4ccc(F)cc4)c1OC,6.6
506,CHEMBL429818,COc1cccc(C2SC(=NN2C(=O)c3cc(F)cc(F)c3)c4ccc(F)cc4)c1OC,6.33
507,CHEMBL243494,COc1cccc(C2SC(=NN2C(=O)c3cccc(F)c3)c4ccc(F)c(F)c4)c1OC,6.25
508,CHEMBL397656,COc1cccc(C2SC(=NN2C(=O)c3cc(F)c(F)cc3F)c4ccc(F)cc4)c1OC,6.22
509,CHEMBL243493,COc1cccc(C2SC(=NN2C(=O)c3c(F)ccc(F)c3F)c4ccc(F)cc4)c1OC,6.01
510,CHEMBL442416,COc1cccc(C2SC(=NN2C(=O)c3ccc(F)cc3F)c4ccc(Cl)cc4)c1OC,6.01
511,CHEMBL243276,COc1cccc(C2SC(=NN2C(=O)c3ccccc3F)c4ccc(Cl)cc4)c1OC,5.11
512,CHEMBL243275,COc1ccccc1C2(C)SC(=NN2C(=O)c3c(F)cc(F)cc3F)c4ccc(F)cc4,5.4
513,CHEMBL243531,Fc1cc(F)c(C(=O)N2N=C(SC2c3cccc4OC(F)(F)Oc34)c5ccc(Cl)cc5)c(F)c1,6.1
514,CHEMBL243063,FC(F)Oc1ccccc1C2SC(=NN2C(=O)c3c(F)cc(F)cc3F)c4ccc(F)cc4,6.82
515,CHEMBL389564,Fc1cc(F)c(C(=O)N2N=C(SC2c3ccccc3OC(F)(F)F)c4ccc(Cl)cc4)c(F)c1,5.47
516,CHEMBL242842,COc1cc(F)ccc1C2SC(=NN2C(=O)c3c(F)cc(F)cc3F)c4ccc(F)cc4,8.22
517,CHEMBL242841,COc1cccc(c1)C2SC(=NN2C(=O)c3c(F)cc(F)cc3F)c4ccc(Cl)cc4,5.43
518,CHEMBL242840,COc1ccccc1C2SC(=NN2C(=O)c3c(F)cc(F)cc3F)c4ccc(Cl)cc4,7.46
520,CHEMBL242622,COc1cccc(C2SC(=NN2C(=O)c3c(F)cc(F)cc3F)c4ccc(C)cc4)c1OC,6.7
565,CHEMBL233369,CC(C)(C)OC(=O)n1c(cc2ccccc12)c3ccc4CC(Cc4c3)NS(=O)(=O)c5ccccc5,6.72
566,CHEMBL234806,O=C(NCCc1ccc(cc1)c2cc3ccccc3n2C(=O)c4ccccc4)c5ccccc5,5.75
567,CHEMBL392996,O=C(c1ccccc1)n2c(cc3ccccc23)c4ccc(CCC#N)cc4,7.92
568,CHEMBL234595,CC(C)(C)OC(=O)n1c(cc2ccccc12)c3ccc(CCC(=O)Nc4ccccc4)cc3,5.75
569,CHEMBL393967,CC(C)CNC(=O)CCc1ccc(cc1)c2cc3ccccc3n2C(=O)OC(C)(C)C,5.82
570,CHEMBL234594,CNC(=O)CCc1ccc(cc1)c2cc3ccccc3n2C(=O)OC(C)(C)C,6.31
571,CHEMBL234593,CC(C)(C)OC(=O)n1c(cc2ccccc12)c3ccc(\C=C\C(=O)N)cc3,5.31
572,CHEMBL393966,CC(C)(C)OC(=O)n1c(cc2ccccc12)c3ccc(CCC(=O)N)cc3,7.24
573,CHEMBL397612,CC(C)(C)OC(=O)n1c(cc2ccccc12)c3ccc(CCC(=O)O)cc3,6.66
574,CHEMBL234388,CC(C)(C)OC(=O)n1c(cc2ccccc12)c3ccc(OCCO)cc3,6.38
575,CHEMBL234387,CC(C)(C)OC(=O)n1c(cc2ccccc12)c3ccc(CCCO)cc3,6.42
576,CHEMBL397564,CC(C)(C)OC(=O)n1c(cc2ccccc12)c3ccc(CCC#N)cc3,6.89
577,CHEMBL234802,CC(C)(C)OC(=O)n1c(cc2ccccc12)c3ccc(CC#N)cc3,6.52
578,CHEMBL234592,CC(C)(C)OC(=O)n1c(cc2ccccc12)c3ccc(CN)cc3,5.25
579,CHEMBL234591,CC(C)(C)OC(=O)n1c(cc2ccccc12)c3ccc(CCCNC(=O)c4ccccc4)cc3,6.44
580,CHEMBL391417,CC(C)(C)OC(=O)n1c(cc2ccccc12)c3ccc(CCNC(=O)c4ccccc4)cc3,5.76
581,CHEMBL233428,CC(C)(C)OC(=O)n1c(cc2ccccc12)c3ccc(CNC(=O)c4ccccc4)cc3,5.75
582,CHEMBL233426,CC(C)(C)OC(=O)n1c(cc2ccccc12)c3ccc(CCc4ccc(s4)c5ccccn5)cc3,6.64
583,CHEMBL398381,CC(C)(C)OC(=O)n1c(cc2ccccc12)c3ccc(CCNS(=O)(=O)c4cccs4)cc3,7.24
584,CHEMBL391854,CC(C)(C)OC(=O)n1c(cc2ccccc12)c3ccc(NS(=O)(=O)c4ccccc4)cc3,5.88
585,CHEMBL231782,CC(C)(C)OC(=O)n1c(cc2ccccc12)c3ccc(CCCNS(=O)(=O)c4ccccc4)cc3,6.46
586,CHEMBL233571,CC(C)(C)OC(=O)n1c(cc2ccccc12)c3ccc(CNS(=O)(=O)c4ccccc4)cc3,6.66
587,CHEMBL391853,CC(C)(C)OC(=O)n1c(cc2ccccc12)c3ccc(CCNS(=O)(=O)c4ccccc4)cc3,6.92
588,CHEMBL233569,CC(C)(C)OC(=O)n1c(cc2ccccc12)c3cccc(CCNS(=O)(=O)c4ccccc4)c3,6.38
606,CHEMBL249313,CC(C)(C)OC(=O)n1c(cc2ccccc12)c3ccc4C[C@@H](Cc4c3)NS(=O)(=O)c5ccccc5,6.89
607,CHEMBL249106,CC(C)(C)OC(=O)n1c(cc2ccccc12)c3ccc4C[C@H](Cc4c3)NS(=O)(=O)c5ccccc5,6.18
608,CHEMBL249105,CC(C)(C)OC(=O)n1c(cc2ccc(O)cc12)c3ccc4CC(Cc4c3)NS(=O)(=O)c5ccccc5,6.17
609,CHEMBL401089,Cc1ccc2cc(c3ccc4CC(Cc4c3)NS(=O)(=O)c5ccccc5)n(C(=O)OC(C)(C)C)c2c1,6.52
610,CHEMBL428051,COc1ccc2cc(c3ccc4CC(Cc4c3)NS(=O)(=O)c5ccccc5)n(C(=O)OC(C)(C)C)c2c1,5.8
612,CHEMBL248901,Cc1ccc2c(c1)cc(c3ccc4CC(Cc4c3)NS(=O)(=O)c5ccccc5)n2C(=O)OC(C)(C)C,4.75
613,CHEMBL427707,COc1ccc2c(c1)cc(c3ccc4CC(Cc4c3)NS(=O)(=O)c5ccccc5)n2C(=O)OC(C)(C)C,4.55
614,CHEMBL399453,CC(C)(C)OC(=O)n1c(cc2cc(ccc12)C#N)c3ccc4CC(Cc4c3)NS(=O)(=O)c5ccccc5,4.59
615,CHEMBL248900,CC(C)(C)OC(=O)n1c(cc2cc(F)ccc12)c3ccc4CC(Cc4c3)NS(=O)(=O)c5ccccc5,5.82
627,CHEMBL400701,CCCCCC(=O)n1c(cc2ccccc12)c3ccc4CC(Cc4c3)NS(=O)(=O)c5ccccc5,5.68
628,CHEMBL249718,O=C(C1CCCC1)n2c(cc3ccccc23)c4ccc5CC(Cc5c4)NS(=O)(=O)c6ccccc6,6.05
629,CHEMBL399266,O=C(CC1CC1)n2c(cc3ccccc23)c4ccc5CC(Cc5c4)NS(=O)(=O)c6ccccc6,5.94
632,CHEMBL399065,CC(C)(C)COC(=O)n1c(cc2ccccc12)c3ccc4CC(Cc4c3)NS(=O)(=O)c5ccccc5,5.85
633,CHEMBL249512,CC(C)CCOC(=O)n1c(cc2ccccc12)c3ccc4CC(Cc4c3)NS(=O)(=O)c5ccccc5,5.89
634,CHEMBL249315,CCOC(=O)n1c(cc2ccccc12)c3ccc4CC(Cc4c3)NS(=O)(=O)c5ccccc5,5.8
637,CHEMBL250332,CC(C)(C)OC(=O)n1c(cc2ccccc12)c3ccc4CC(Cc4c3)NS(=O)(=O)c5ccc(Cl)cc5,5.94
638,CHEMBL251332,CC(C)(C)OC(=O)n1c(cc2ccccc12)c3ccc4CC(Cc4c3)NS(=O)(=O)c5ccccc5Cl,6.12
639,CHEMBL251331,CC(C)(C)OC(=O)n1c(cc2ccccc12)c3ccc4CC(Cc4c3)NS(=O)(=O)c5c(F)cccc5F,7.05
640,CHEMBL399116,CC(C)(C)OC(=O)n1c(cc2ccccc12)c3ccc4CC(Cc4c3)NS(=O)(=O)c5ccccc5F,7.0
641,CHEMBL399115,CC(C)(C)OC(=O)n1c(cc2ccccc12)c3ccc4CC(Cc4c3)NS(=O)(=O)c5ccccc5C#N,7.22
642,CHEMBL251141,CC(C)(C)OC(=O)n1c(cc2ccccc12)c3ccc4CC(Cc4c3)NS(=O)(=O)c5ccccc5C(F)(F)F,6.1
643,CHEMBL251140,COc1ccccc1S(=O)(=O)NC2Cc3ccc(cc3C2)c4cc5ccccc5n4C(=O)OC(C)(C)C,6.22
644,CHEMBL400122,Cc1ccccc1S(=O)(=O)NC2Cc3ccc(cc3C2)c4cc5ccccc5n4C(=O)OC(C)(C)C,6.7
645,CHEMBL250940,CC(C)(C)OC(=O)n1c(cc2ccccc12)c3ccc4CC(Cc4c3)NS(=O)(=O)c5ccccc5C(=O)O,5.48
646,CHEMBL250939,COC(=O)c1ccccc1S(=O)(=O)NC2Cc3ccc(cc3C2)c4cc5ccccc5n4C(=O)OC(C)(C)C,6.22
647,CHEMBL250742,CC(C)(C)OC(=O)n1c(cc2ccccc12)c3ccc4CC(Cc4c3)NS(=O)(=O)c5cccc(c5)C#N,6.34
648,CHEMBL250741,COc1cccc(c1)S(=O)(=O)NC2Cc3ccc(cc3C2)c4cc5ccccc5n4C(=O)OC(C)(C)C,6.02
649,CHEMBL250538,Cc1cccc(c1)S(=O)(=O)NC2Cc3ccc(cc3C2)c4cc5ccccc5n4C(=O)OC(C)(C)C,5.88
650,CHEMBL400121,CC(C)(C)OC(=O)n1c(cc2ccccc12)c3ccc4CC(Cc4c3)NS(=O)(=O)c5cccc(Cl)c5,5.74
651,CHEMBL250537,CC(C)(C)OC(=O)n1c(cc2ccccc12)c3ccc4CC(Cc4c3)NS(=O)(=O)c5ccc(cc5)C(F)(F)F,6.14
652,CHEMBL250333,Cc1ccc(cc1)S(=O)(=O)NC2Cc3ccc(cc3C2)c4cc5ccccc5n4C(=O)OC(C)(C)C,6.37
653,CHEMBL428757,CCc1ccc(cc1)S(=O)(=O)NC2Cc3ccc(cc3C2)c4cc5ccccc5n4C(=O)OC(C)(C)C,6.19
654,CHEMBL398680,CC(C)(C)OC(=O)n1c(cc2ccccc12)c3ccc4CC(Cc4c3)NS(=O)(=O)c5ccc(F)cc5,6.34
655,CHEMBL398554,CCS(=O)(=O)NC1Cc2ccc(cc2C1)c3cc4ccccc4n3C(=O)OC(C)(C)C,6.4
656,CHEMBL438524,CC(C)(C)OC(=O)n1c(cc2ccccc12)c3ccc4CC(Cc4c3)NS(=O)(=O)C,6.68
657,CHEMBL251539,CC(C)(C)OC(=O)n1c(cc2ccccc12)c3ccc4CC(Cc4c3)NS(=O)(=O)Cc5ccccc5,6.28
658,CHEMBL250241,CC(C)(C)OC(=O)n1c(cc2ccccc12)c3ccc4CC(Cc4c3)NS(=O)(=O)c5ccc(cc5)c6ccccc6,5.68
659,CHEMBL429117,Cc1onc(C)c1S(=O)(=O)NC2Cc3ccc(cc3C2)c4cc5ccccc5n4C(=O)OC(C)(C)C,6.89
660,CHEMBL400937,CC(C)(C)OC(=O)n1c(cc2ccccc12)c3ccc4CC(Cc4c3)NS(=O)(=O)c5ccc(s5)c6ccon6,6.17
661,CHEMBL251538,CC(C)(C)OC(=O)n1c(cc2ccccc12)c3ccc4CC(Cc4c3)NS(=O)(=O)c5cccs5,6.96
662,CHEMBL251736,CC(C)(C)OC(=O)n1c(cc2ccccc12)c3ccc4CC(Cc4c3)NC(=O)Nc5ccccc5,5.82
663,CHEMBL251532,CC(C)(C)OC(=O)n1c(cc2ccccc12)c3ccc4CC(Cc4c3)NC(=O)c5ccccc5O,6.28
664,CHEMBL251531,COc1ccccc1C(=O)NC2Cc3ccc(cc3C2)c4cc5ccccc5n4C(=O)OC(C)(C)C,6.33
665,CHEMBL399428,CC(C)(C)OC(=O)n1c(cc2ccccc12)c3ccc4CC(Cc4c3)NC(=O)c5ccccc5F,6.77
666,CHEMBL251530,CC(C)(C)OC(=O)n1c(cc2ccccc12)c3ccc4CC(Cc4c3)NC(=O)c5ccccc5,6.72
687,CHEMBL245943,CCCCCCc1ccccc1N2C(=O)c3ccccc3C2=O,4.19
688,CHEMBL246144,O=C1N(C(=O)c2ccccc12)c3ccccc3CCc4ccccc4,4.36
716,CHEMBL404036,CCC#CCC(CC#CCC)(C(=O)O)c1ccc(COc2cccc(c2)c3ccc(c4ncc(cc34)C(=O)c5ccccc5)C(F)(F)F)cc1,6.66
720,CHEMBL254335,OC(=O)C(Cc1ccc(cc1)c2ccccc2)c3ccc(COc4cccc(c4)c5ccc(c6ncc(cc56)C(=O)c7ccccc7)C(F)(F)F)cc3,6.33
735,CHEMBL410486,C1Cc2cccc(Oc3ccc(CCc4ccccc4c5ccc1cc5)cc3)c2,4.11
736,CHEMBL411912,Oc1cc2CCc3cccc(Oc4ccc(CCc5ccccc5c1cc2)cc4)c3,5.14
737,CHEMBL429324,Oc1ccc2CCc3ccc(cc3)c4ccccc4CCc5ccc(Oc1c2)cc5,4.85
738,CHEMBL411246,Oc1ccc2c(CCc3ccc(Oc4cccc(CCc5ccc2c(O)c5)c4)cc3)c1,5.0
739,CHEMBL260632,Oc1ccc2c(CCc3ccc(Oc4cc(CCc5ccc2cc5)ccc4O)cc3)c1,5.12
740,CHEMBL409652,Oc1ccc2CCc3ccc(c(O)c3)c4ccccc4CCc5ccc(Oc1c2)cc5,4.89
741,CHEMBL258490,COc1cc2CCc3cccc(Oc4ccc(CCc5ccccc5c1cc2)cc4)c3,4.96
742,CHEMBL258706,COc1ccc2CCc3ccc(cc3)c4ccccc4CCc5ccc(Oc1c2)cc5,4.39
743,CHEMBL258491,COc1ccc2c(CCc3ccc(Oc4cccc(CCc5ccc2c(OC)c5)c4)cc3)c1,4.34
744,CHEMBL258527,COc1ccc2c(CCc3ccc(Oc4cc(CCc5ccc2cc5)ccc4OC)cc3)c1,4.59
745,CHEMBL407178,COc1ccc2CCc3ccc(c(OC)c3)c4ccccc4CCc5ccc(Oc1c2)cc5,4.92
746,CHEMBL258528,COc1ccc2c(CCc3ccc(Oc4cc(CCc5ccc2c(OC)c5)ccc4OC)cc3)c1,4.85
750,CHEMBL44,Oc1ccc(cc1)C2=COc3cc(O)cc(O)c3C2=O,4.66
751,CHEMBL411317,Oc1ccc2c(CCc3ccc(Oc4cc(CCc5ccc2c(O)c5)ccc4O)cc3)c1,5.18
753,CHEMBL455204,COC(=O)[C@](C)([C@@H]1CCc2c(C1)[nH]c3ccc(Cl)cc23)S(=O)(=O)c4ccc(F)cc4,5.48
755,CHEMBL454408,COC(=O)[C@](C)([C@@H]1CCc2c(C1)[nH]c3ccc(Cl)cc23)S(=O)(=O)c4ccc(Cl)c(Cl)c4,4.51
757,CHEMBL510874,COC(=O)[C@](C)([C@@H]1CCc2c(C1)[nH]c3ccc(Cl)cc23)S(=O)(=O)c4cccc(Cl)c4,6.82
759,CHEMBL454409,COC(=O)[C@](C)([C@@H]1CCc2c(C1)[nH]c3ccc(Cl)cc23)S(=O)(=O)c4ccccc4Cl,6.1
761,CHEMBL454410,COC(=O)[C@](C)([C@@H]1CCc2c(C1)[nH]c3ccc(Cl)cc23)S(=O)(=O)c4ccccc4OC,5.47
769,CHEMBL459473,COC(=O)[C@](F)([C@H]1Cc2[nH]c3ccc(Cl)cc3c2C1)S(=O)(=O)c4cccc(Cl)c4,6.16
775,CHEMBL453391,COC(=O)[C@](F)([C@H]1Cc2[nH]c3ccc(Cl)cc3c2C1)S(=O)(=O)c4cccnc4,6.3
777,CHEMBL516657,COC(=O)[C@](F)([C@H]1Cc2[nH]c3ccc(Cl)cc3c2C1)S(=O)(=O)c4ccccn4,5.4
779,CHEMBL454622,COC(=O)[C@](F)([C@H]1Cc2[nH]c3ccc(Cl)nc3c2C1)S(=O)(=O)c4ccccc4,6.4
781,CHEMBL507805,CNC(=O)[C@](F)([C@H]1Cc2[nH]c3ccc(Cl)cc3c2C1)S(=O)(=O)c4ccccc4,5.41
783,CHEMBL454623,CN(C)C(=O)[C@](F)([C@H]1Cc2[nH]c3ccc(Cl)cc3c2C1)S(=O)(=O)c4ccccc4,6.77
785,CHEMBL455432,F[C@]([C@H]1Cc2[nH]c3ccc(Cl)cc3c2C1)(c4ocnn4)S(=O)(=O)c5ccccc5,6.31
803,CHEMBL460111,COC(=O)[C@](C)([C@H]1Cc2[nH]c3ccc(Cl)cc3c2C1)S(=O)(=O)c4ccccc4,6.46
807,CHEMBL434302,C[C@H](CC[C@@H]1OC1(C)C)[C@H]2CC[C@H]3[C@@H]4CC=C5C[C@@H](O)CC[C@]5(C)[C@H]4CC[C@]23C,6.54
810,CHEMBL492798,CN(c1ccc(NC(=O)[C@](C)(O)C(F)(F)F)c(Cl)c1)S(=O)(=O)c2ccccc2,5.72
811,CHEMBL495173,CN(c1ccc(NC(=O)[C@](C)(O)C(F)(F)F)c(Cl)c1)S(=O)(=O)c2ccccc2Cl,6.2
812,CHEMBL521866,CN(c1ccc(NC(=O)[C@](C)(O)C(F)(F)F)c(Cl)c1)S(=O)(=O)c2ccc(C)cc2,5.82
813,CHEMBL523211,CCN(c1ccc(NC(=O)C(C)(O)C(F)(F)F)c(Cl)c1)S(=O)(=O)c2ccccc2Cl,6.1
814,CHEMBL494843,CC(O)(C(=O)Nc1ccc(cc1Cl)N(Cc2ccccc2)S(=O)(=O)c3ccccc3Cl)C(F)(F)F,6.06
815,CHEMBL495020,CC(O)(C(=O)Nc1ccc(cc1Cl)N(CC2CC2)S(=O)(=O)c3ccccc3Cl)C(F)(F)F,6.03
816,CHEMBL522370,CC(O)(C(=O)Nc1ccc(cc1Cl)N(CC=C)S(=O)(=O)c2ccccc2Cl)C(F)(F)F,6.24
817,CHEMBL495196,CN(c1ccc(NC(=O)C(C)(O)C(F)(F)F)c(Cl)c1)S(=O)(=O)c2ccc(cc2)C#N,5.59
818,CHEMBL495197,COC(=O)c1ccc(cc1)S(=O)(=O)N(C)c2ccc(NC(=O)C(C)(O)C(F)(F)F)c(Cl)c2,5.64
820,CHEMBL521811,COC(=O)CCc1ccc(cc1)S(=O)(=O)N(C)c2ccc(NC(=O)C(C)(O)C(F)(F)F)c(Cl)c2,5.46
839,CHEMBL465148,Cc1cc(O)cc2O[C@@]3(C)Cc4cc5c(C(=O)c6c(O)cc(O)cc6C5(C)C)c(O)c4[C@H](O3)c12,5.7
848,CHEMBL521981,CCCCN(Cc1cc(Cl)ccc1O)c2ccc(cc2)C(O)(C(F)(F)F)C(F)(F)F,6.94
849,CHEMBL492243,CCCCN(Cc1cc(Cl)cc(Cl)c1O)c2ccc(cc2)C(O)(C(F)(F)F)C(F)(F)F,6.54
850,CHEMBL493468,CCCCN(Cc1cc(OC(F)(F)F)ccc1O)c2ccc(cc2)C(O)(C(F)(F)F)C(F)(F)F,6.78
851,CHEMBL522159,CCCCN(Cc1cccc(F)c1O)c2ccc(cc2)C(O)(C(F)(F)F)C(F)(F)F,6.92
852,CHEMBL492845,CCCCN(Cc1ccc(O)cc1)c2ccc(cc2)C(O)(C(F)(F)F)C(F)(F)F,6.13
858,CHEMBL522039,OC(c1ccc(cc1)N(Cc2ccccc2)Cc3ccccc3)(C(F)(F)F)C(F)(F)F,6.76
860,CHEMBL495494,CN(Cc1ccccc1)c2ccc(cc2)C(O)(C(F)(F)F)C(F)(F)F,6.77
889,CHEMBL488802,FC(F)(F)c1ccc(Cn2nc3c(cccc3c2c4ccc(Cl)cc4)C(F)(F)F)cc1,5.73
993,CHEMBL541472,COC(=O)c1cccc(Oc2cccc(c2)c3c(C)cnc4c(Cl)cccc34)c1,6.64
1030,CHEMBL471641,Cc1cc(OCCCN(CC(c2ccccc2)c3ccccc3)Cc4cccc(c4Cl)C(F)(F)F)n[nH]1,7.82
1031,CHEMBL518000,COC(=O)c1onc(OCCCN(CC(c2ccccc2)c3ccccc3)Cc4cccc(c4Cl)C(F)(F)F)c1,7.59
1032,CHEMBL480493,FC(F)(F)c1cccc(CN(CCCOc2n[nH]c3ccccc23)CC(c4ccccc4)c5ccccc5)c1Cl,7.22
1033,CHEMBL451889,Cc1cc(C)c2c(OCCCN(CC(c3ccccc3)c4ccccc4)Cc5cccc(c5Cl)C(F)(F)F)n[nH]c2n1,6.29
1034,CHEMBL450200,CC1=NC2=N(=NC=N2)C(=C1)OCCCN(CC(c3ccccc3)c4ccccc4)Cc5cccc(c5Cl)C(F)(F)F,6.25
1035,CHEMBL499550,COC(=O)Cc1c[nH]c2ccc(OCCCN(CC(c3ccccc3)c4ccccc4)Cc5cccc(c5Cl)C(F)(F)F)cc12,6.54
1036,CHEMBL513949,FC(F)(F)c1cccc(CN(CCCOc2ccc3[nH]ccc3c2)CC(c4ccccc4)c5ccccc5)c1Cl,7.64
1037,CHEMBL457452,FC(F)(F)c1cccc(CN(CCCOc2cccc3[nH]ccc23)CC(c4ccccc4)c5ccccc5)c1Cl,7.82
1038,CHEMBL505520,Cn1ccc2c(OCCCN(CC(c3ccccc3)c4ccccc4)Cc5cccc(c5Cl)C(F)(F)F)cccc12,7.92
1039,CHEMBL505808,CS(=O)(=O)n1ccc2c(OCCCN(CC(c3ccccc3)c4ccccc4)Cc5cccc(c5Cl)C(F)(F)F)cccc12,8.16
1040,CHEMBL446208,OC(=O)Cn1ccc2c(OCCCN(CC(c3ccccc3)c4ccccc4)Cc5cccc(c5Cl)C(F)(F)F)cccc12,8.4
1052,CHEMBL468714,CC(C)c1onc(C[S+]([O-])c2c(Cl)cccc2Cl)c1COc3ccc(\C=C\c4cccc(c4)C(=O)O)c(Cl)c3,5.6
1059,CHEMBL552157,Clc1cccc2c(c(Cc3ccccc3)nnc12)c4cccc(OCc5ccccc5)c4,4.34
1060,CHEMBL549418,Clc1ccccc1COc2cccc(c2)c3c(Cc4ccccc4)nnc5c(Cl)cccc35,4.85
1061,CHEMBL564506,FC(F)(F)c1cccc(COc2cccc(c2)c3c(Cc4ccccc4)nnc5c(Cl)cccc35)c1,5.0
1062,CHEMBL550983,FC(F)(F)c1cccc(COc2cccc(c2)c3c(Cc4ccccc4)nnc5c(Cl)cccc35)c1Cl,4.62
1063,CHEMBL554698,FC(F)(F)c1ccc(Cl)c(COc2cccc(c2)c3c(Cc4ccccc4)nnc5c(Cl)cccc35)c1,4.92
1064,CHEMBL560648,FC(F)(F)c1ccc(Cl)cc1COc2cccc(c2)c3c(Cc4ccccc4)nnc5c(Cl)cccc35,4.07
1065,CHEMBL552310,Fc1ccc(c(COc2cccc(c2)c3c(Cc4ccccc4)nnc5c(Cl)cccc35)c1)C(F)(F)F,4.36
1066,CHEMBL550035,FC(F)(F)c1cccc(CNc2cccc(c2)c3c(Cc4ccccc4)nnc5c(Cl)cccc35)c1Cl,4.4
1067,CHEMBL551584,Fc1ccc(c(CNc2cccc(c2)c3c(Cc4ccccc4)nnc5c(Cl)cccc35)c1)C(F)(F)F,4.21
1068,CHEMBL557702,FC(F)(F)c1ccc(Cl)cc1COc2cccc(c2)c3c(nnc4c(Cl)cccc34)c5ccccc5,4.19
1069,CHEMBL552518,FC(F)(F)c1cccc(CNc2cccc(c2)c3c(nnc4c(Cl)cccc34)c5ccccc5)c1Cl,4.72
1070,CHEMBL563706,FC(F)(F)c1ccc(Cl)cc1COc2cccc(c2)c3c(Cc4ccccc4)nnc5c(cccc35)C(F)(F)F,4.24
1071,CHEMBL550568,Fc1ccc(c(COc2cccc(c2)c3c(Cc4ccccc4)nnc5c(cccc35)C(F)(F)F)c1)C(F)(F)F,4.42
1072,CHEMBL550441,Fc1c(COc2cccc(c2)c3c(Cc4ccccc4)nnc5c(cccc35)C(F)(F)F)cccc1C(F)(F)F,4.2
1073,CHEMBL561449,FC(F)(F)c1cccc(COc2cccc(c2)c3c(Cc4ccccc4)nnc5c(cccc35)C(F)(F)F)c1Cl,4.37
1074,CHEMBL561450,Cn1c(COc2cccc(c2)c3c(Cc4ccccc4)nnc5c(cccc35)C(F)(F)F)cc6ccccc16,4.38
1075,CHEMBL554508,Cn1ccc2cccc(COc3cccc(c3)c4c(Cc5ccccc5)nnc6c(cccc46)C(F)(F)F)c12,4.85
1076,CHEMBL558494,Cn1ccc2cccc(CNc3cccc(c3)c4c(Cc5ccccc5)nnc6c(Cl)cccc46)c12,4.62
1077,CHEMBL550847,Cn1c(CNc2cccc(c2)c3c(Cc4ccccc4)nnc5c(Cl)cccc35)cc6ccccc16,4.62
1078,CHEMBL558495,Cn1ccc2cccc(CNc3cccc(c3)c4c(nnc5c(Cl)cccc45)c6ccccc6)c12,5.0
1079,CHEMBL558496,Cn1ccc2cccc(CNc3cccc(c3)c4c(Cc5ccccc5)cnc6c(cccc46)C(F)(F)F)c12,4.47
1080,CHEMBL551248,Cn1ccc2cccc(COc3cccc(c3)c4c(Cc5ccccc5)cnc6c(cccc46)C(F)(F)F)c12,4.7
1081,CHEMBL551981,Cn1c(CNc2cccc(c2)c3c(Cc4ccccc4)cnc5c(cccc35)C(F)(F)F)cc6ccccc16,4.41
1082,CHEMBL549892,FC(F)(F)c1cccc2c(c(Cc3ccccc3)cnc12)c4cccc(NCc5cccc6cc[nH]c56)c4,4.42
1106,CHEMBL572484,COc1cccc(CCc2ccc(cc2)N3C(=O)c4ccccc4C3=O)c1,5.46
1108,CHEMBL574298,COc1ccc(CCc2ccccc2N3C(=O)c4c(Cl)c(Cl)c(Cl)c(Cl)c4C3=O)cc1OC,5.11
1119,CHEMBL575001,Oc1ccc(CCc2ccccc2N3C(=O)c4c(Cl)c(Cl)c(Cl)c(Cl)c4C3=O)cc1O,4.77
1221,CHEMBL573591,C[C@@H](CCN(CC(c1ccccc1)c2ccccc2)Cc3cccc(c3Cl)C(F)(F)F)Oc4cccc(CC(=O)O)c4,6.84
1225,CHEMBL573678,OC(=O)Cc1ccc2oc(CCN(CC(c3ccccc3)c4ccccc4)Cc5cccc(c5Cl)C(F)(F)F)cc2c1,6.84
1229,CHEMBL584567,CCC(CC)(C(=O)O)c1cccc(OCCCN(CC(c2ccccc2)c3ccccc3)Cc4cccc(c4Cl)C(F)(F)F)c1,6.76
1283,CHEMBL594757,Cc1nc2c(cccc2n1c3cccc(Oc4cccc(c4)S(=O)(=O)C)c3)C(F)(F)F,6.96
1285,CHEMBL595482,Cc1nc2ccccc2n1c3cccc(Oc4cccc(c4)S(=O)(=O)C)c3,5.19
1286,CHEMBL595483,CCS(=O)(=O)c1cccc(Oc2cccc(c2)n3c(C)nc4c(cccc34)C(F)(F)F)c1,6.89
1288,CHEMBL594050,CC(C)S(=O)(=O)c1cccc(Oc2cccc(c2)n3c(C)nc4c(cccc34)C(F)(F)F)c1,6.61
1289,CHEMBL596591,CC(C)S(=O)(=O)c1cccc(Oc2cccc(c2)n3c(C)nc4c(Cl)cccc34)c1,6.86
1290,CHEMBL604907,CCCS(=O)(=O)c1cccc(Oc2cccc(c2)n3c(C)nc4c(cccc34)C(F)(F)F)c1,6.34
1291,CHEMBL596592,Cc1nc2c(cccc2n1c3cccc(Oc4cccc(c4)S(=O)(=O)CCCO)c3)C(F)(F)F,6.36
1292,CHEMBL596593,Cc1nc2c(Cl)cccc2n1c3cccc(Oc4cccc(c4)S(=O)(=O)C(F)(F)F)c3,6.74
1293,CHEMBL594983,Cc1nc2c(cccc2n1c3cccc(Oc4cc(F)cc(c4)S(=O)(=O)C)c3)C(F)(F)F,6.5
1294,CHEMBL594984,CCS(=O)(=O)c1cc(F)cc(Oc2cccc(c2)n3c(C)nc4c(cccc34)C(F)(F)F)c1,6.31
1295,CHEMBL595222,CS(=O)(=O)c1cccc(Oc2cccc(c2)n3cnc4c(cccc34)C(F)(F)F)c1,6.06
1320,CHEMBL606862,CS(=O)(=O)c1cccc(Oc2cccc(c2)c3c(cnc4ccccc34)C(=O)N)c1,5.55
1321,CHEMBL593740,CS(=O)(=O)c1cccc(Oc2cccc(c2)c3c(cnc4c(F)cccc34)C(=O)N)c1,6.23
1328,CHEMBL590586,CS(=O)(=O)c1cccc(Oc2cccc(c2)c3c(cnc4c(cccc34)C(F)(F)F)C(=N)N)c1,5.29
1330,CHEMBL590351,CS(=O)(=O)c1cccc(Oc2cccc(c2)c3c(cnc4c(cccc34)C(F)(F)F)n5cnnn5)c1,5.28
1332,CHEMBL590350,CS(=O)(=O)c1cccc(Oc2cccc(c2)c3c(cnc4c(cccc34)C(F)(F)F)C(=O)O)c1,5.97
1334,CHEMBL600851,CCNC(=O)c1cnc2c(cccc2c1c3cccc(Oc4cccc(c4)S(=O)(=O)C)c3)C(F)(F)F,6.14
1335,CHEMBL591815,CNC(=O)c1cnc2c(cccc2c1c3cccc(Oc4cccc(c4)S(=O)(=O)C)c3)C(F)(F)F,6.44
1343,CHEMBL604582,Cc1cnc2c(cccc2c1c3cccc(Oc4cccc(c4)S(=O)(=O)CCC(C)(C)O)c3)C(F)(F)F,6.92
1345,CHEMBL594174,CC(C)CCS(=O)(=O)c1cccc(Oc2cccc(c2)c3c(C)cnc4c(cccc34)C(F)(F)F)c1,6.93
1351,CHEMBL593471,CS(=O)(=O)c1cccc(Oc2cccc(c2)c3ccnc4c(Cl)cccc34)c1,6.89
1358,CHEMBL593884,Cc1cnc2c(cccc2c1c3cccc(Oc4ccc(cc4)S(=O)(=O)C)c3)C(F)(F)F,6.82
1365,CHEMBL605314,Cc1nc2c(cccn2c1c3cccc(Oc4cccc(c4)S(=O)(=O)C)c3)C(F)(F)F,6.1
1366,CHEMBL595937,CCS(=O)(=O)c1cccc(Oc2cccc(c2)c3c(C)nc4c(cccn34)C(F)(F)F)c1,6.25
1367,CHEMBL596357,CC(C)S(=O)(=O)c1cccc(Oc2cccc(c2)c3c(C)nc4c(cccn34)C(F)(F)F)c1,6.02
1369,CHEMBL611465,CCc1nc2c(cccn2c1c3cccc(Oc4cccc(c4)S(=O)(=O)C)c3)C(F)(F)F,6.66
1370,CHEMBL611466,CC(C)c1nc2c(cccn2c1c3cccc(Oc4cccc(c4)S(=O)(=O)C)c3)C(F)(F)F,6.86
1371,CHEMBL611467,CC(C)(C)c1nc2c(cccn2c1c3cccc(Oc4cccc(c4)S(=O)(=O)C)c3)C(F)(F)F,6.65
1379,CHEMBL608531,CS(=O)(=O)c1cccc(Oc2cccc(c2)c3c(nc4c(cccn34)C(F)(F)F)n5ccnc5)c1,6.44
1380,CHEMBL603956,CC(C)c1nc2c(Cl)cccn2c1c3cccc(Oc4cccc(c4)S(=O)(=O)C)c3,6.52
1386,CHEMBL595917,CNS(=O)(=O)c1cccc(Oc2cccc(c2)c3c(nc4c(Cl)cccn34)C(C)C)c1,6.62
1455,CHEMBL1093260,CCS(=O)(=O)c1cccc(c1)c2ccc(cc2)c3nc4cccc(c4nc3C)C(F)(F)F,6.88
1525,CHEMBL1093916,COc1cccc2nc(c(C)nc12)c3ccc(cc3)c4cccc(c4)S(=O)(=O)C,6.4
1526,CHEMBL1093915,Cc1nc2c(cccc2nc1c3ccc(cc3)c4cccc(c4)S(=O)(=O)C)C#N,6.52
1544,CHEMBL1090569,Fc1ccc(CN(Cc2ccc(cc2)c3ccccc3)S(=O)(=O)c4ccccc4)c(Cl)c1,5.5
1545,CHEMBL1090238,Fc1ccc(cc1)S(=O)(=O)N(Cc2ccccc2)Cc3ccc(cc3)c4cccc(CN5CCNCC5)c4,6.4
1569,CHEMBL1094742,Cc1cnc2c(cccc2c1c3cccc(c3)c4ccc(cc4)S(=O)(=O)C)C(F)(F)F,6.45
1571,CHEMBL1098402,CS(=O)(=O)c1ccc(cc1)c2cccc(c2)c3c(Cc4ccccc4)cnc5c(cccc35)C(F)(F)F,6.96
1578,CHEMBL1099133,COc1ccc(cc1S(=O)(=O)C)c2cccc(c2)c3c(C)cnc4c(cccc34)C(F)(F)F,6.2
1625,CHEMBL1712120,OC(c1ccc(NS(=O)(=O)c2ccc(Cl)c3nonc23)cc1)(C(F)(F)F)C(F)(F)F,4.92
1628,CHEMBL1709579,OC(c1ccc(NS(=O)(=O)c2cccc3ccccc23)cc1)(C(F)(F)F)C(F)(F)F,5.24
1630,CHEMBL1735739,COc1cccc(c1)S(=O)(=O)Nc2ccc(cc2)C(O)(C(F)(F)F)C(F)(F)F,4.75
1635,CHEMBL2012762,CN(c1ccc(cc1)C(O)(c2cccn2Cc3ccccc3)C(F)(F)F)S(=O)(=O)c4ccccc4,6.1
1637,CHEMBL2012764,COCCn1cccc1C(O)(c2ccc(cc2)N(C)S(=O)(=O)c3ccccc3)C(F)(F)F,5.75
1638,CHEMBL2012765,COCCn1cccc1C(OC)(c2ccc(cc2)N(C)S(=O)(=O)c3ccccc3)C(F)(F)F,6.05
1639,CHEMBL2012766,COCCn1cccc1C(c2ccc(cc2)N(C)S(=O)(=O)c3ccccc3)C(F)(F)F,6.1
1640,CHEMBL2012767,CCOCCn1cccc1C(O)(c2ccc(cc2)N(C)S(=O)(=O)c3ccccc3)C(F)(F)F,5.82
1641,CHEMBL2012768,CCOCCn1cccc1C(c2ccc(cc2)N(C)S(=O)(=O)c3ccccc3)C(F)(F)F,6.16
1668,CHEMBL203824,COC(c1ccc(cc1)N(C)S(=O)(=O)c2ccccc2)(C(F)(F)F)C(F)(F)F,5.66
1669,CHEMBL2070345,CN(c1ccc(cc1)C(O)(C(F)(F)F)C(F)(F)C(F)(F)F)S(=O)(=O)c2ccccc2,6.8
1673,CHEMBL2070347,CN(c1ccc(cc1)C(O)(c2cccs2)C(F)(F)F)S(=O)(=O)c3ccccc3,5.82
1674,CHEMBL2070348,CN(c1ccc(cc1)C(O)(c2ccccc2)C(F)(F)F)S(=O)(=O)c3ccccc3,5.44
1675,CHEMBL2070349,CN(c1ccc(cc1)C(O)(c2nccs2)C(F)(F)F)S(=O)(=O)c3ccccc3,5.13
1679,CHEMBL2070352,CN(c1ccc(cc1)C(O)(C#CC(F)(F)F)C(F)(F)F)S(=O)(=O)c2ccccc2,5.39
1681,CHEMBL2070354,CN(c1ccc(cc1)C(O)(C#Cc2ccccc2)C(F)(F)F)S(=O)(=O)c3ccccc3,5.85
1682,CHEMBL2070355,OC(C#Cc1ccc(F)cc1)(c2ccc(cc2)N(CC(F)(F)F)S(=O)(=O)c3ccccc3)C(F)(F)F,5.96
1683,CHEMBL2070356,CC(C)CN(c1ccc(cc1)C(O)(C#Cc2ccccc2)C(F)(F)F)S(=O)(=O)c3ccccc3,6.22
1684,CHEMBL2070357,CC(C)CN(c1ccc(cc1)C(O)(C#CC(C)(C)C)C(F)(F)F)S(=O)(=O)c2ccccc2,5.96
1685,CHEMBL2070358,CC(C)CN(c1ccc(cc1)C(O)(C#CCc2ccccc2)C(F)(F)F)S(=O)(=O)c3ccccc3,6.22
1686,CHEMBL2070359,CC(C)CN(c1ccc(cc1)C(O)(C#CC2=CCCCC2)C(F)(F)F)S(=O)(=O)c3ccccc3,5.96
1687,CHEMBL2070360,CC(C)CN(c1ccc(cc1)C(O)(C#Cc2ccccn2)C(F)(F)F)S(=O)(=O)c3ccccc3,5.42
1688,CHEMBL2070361,CC(C)CN(c1ccc(cc1)C(O)(C#Cc2cccnc2)C(F)(F)F)S(=O)(=O)c3ccccc3,6.4
1689,CHEMBL2070362,CC(C)CN(c1ccc(cc1)C(O)(C#Cc2cncn2C)C(F)(F)F)S(=O)(=O)c3ccccc3,5.29
1690,CHEMBL2070363,CC(C)CN(c1ccc(cc1)C(O)(C#Cc2c(C)onc2C)C(F)(F)F)S(=O)(=O)c3ccccc3,5.5
1691,CHEMBL2070364,CCn1cc(cn1)C#CC(O)(c2ccc(cc2)N(CC(C)C)S(=O)(=O)c3ccccc3)C(F)(F)F,5.77
1692,CHEMBL2070365,CC(C)CN(c1ccc(cc1)C(O)(C#Cc2ccccc2)C(F)(F)F)S(=O)(=O)c3cccc(c3)C#N,6.52
1693,CHEMBL2070366,CC(C)CN(c1ccc(cc1)C(O)(C#Cc2ccccc2)C(F)(F)F)S(=O)(=O)c3cc(Cl)ccc3Cl,5.85
1694,CHEMBL2070367,CC(C)CN(c1ccc(cc1)C(O)(C#Cc2ccc(Cl)cc2)C(F)(F)F)S(=O)(=O)c3cccc(c3)C#N,6.22
1695,CHEMBL2070368,CC(C)CN(c1ccc(cc1)C(O)(C#Cc2cccc(c2)C(F)(F)F)C(F)(F)F)S(=O)(=O)c3ccccc3,6.3
1696,CHEMBL2070369,CC(C)CN(c1ccc(cc1)C(O)(C#Cc2ccc(cc2)C(F)(F)F)C(F)(F)F)S(=O)(=O)c3ccccc3,5.6
1697,CHEMBL2070370,COc1cccc(c1)C#CC(O)(c2ccc(cc2)N(CC(C)C)S(=O)(=O)c3ccccc3)C(F)(F)F,6.0
1698,CHEMBL2070371,COc1ccc(cc1)C#CC(O)(c2ccc(cc2)N(CC(C)C)S(=O)(=O)c3ccccc3)C(F)(F)F,6.16
1699,CHEMBL2070372,CCOc1ccc(cc1)C#CC(O)(c2ccc(cc2)N(CC(C)C)S(=O)(=O)c3ccccc3)C(F)(F)F,6.16
1700,CHEMBL2070448,CC(C)CN(c1ccc(cc1)C(O)(C#Cc2ccc(C)cc2)C(F)(F)F)S(=O)(=O)c3ccccc3,6.22
1701,CHEMBL2070449,CCCCc1ccc(cc1)C#CC(O)(c2ccc(cc2)N(CC(C)C)S(=O)(=O)c3ccccc3)C(F)(F)F,5.46
1702,CHEMBL2070450,CC(C)CN(c1ccc(cc1)C(O)(C#Cc2ccc(F)cc2F)C(F)(F)F)S(=O)(=O)c3ccccc3,6.1
1703,CHEMBL2069319,CC(C)CN(c1ccc(cc1)C(O)(C#Cc2ccc(cc2C)[N+](=O)[O-])C(F)(F)F)S(=O)(=O)c3ccccc3,5.55
1704,CHEMBL2070451,CC(C)CN(c1ccc(cc1)C(O)(C#Cc2cccc(c2)C#N)C(F)(F)F)S(=O)(=O)c3ccccc3,6.22
1705,CHEMBL2070452,CC(C)CN(c1ccc(cc1)C(O)(C#Cc2ccc(cc2)C#N)C(F)(F)F)S(=O)(=O)c3cccc(c3)C#N,6.22
1706,CHEMBL2070453,CC(C)CN(c1ccc(cc1)C(O)(C#Cc2cccc(c2)S(=O)(=O)C)C(F)(F)F)S(=O)(=O)c3ccccc3,6.22
1707,CHEMBL2070454,CC(C)CN(c1ccc(cc1)C(O)(C#Cc2cccc(c2)S(=O)(=O)C)C(F)(F)F)S(=O)(=O)c3cccc(c3)C#N,6.4
1708,CHEMBL2070455,CC(C)CN(c1ccc(cc1)C(O)(C#Cc2ccc(cc2)S(=O)(=O)C)C(F)(F)F)S(=O)(=O)c3ccccc3,6.22
1709,CHEMBL2070456,CC(C)CN(c1ccc(cc1)C(O)(C#Cc2ccc(cc2)S(=O)(=O)C)C(F)(F)F)S(=O)(=O)c3cccc(c3)C#N,6.22
1710,CHEMBL2070457,CC(C)CN(c1ccc(cc1)C(O)(C#Cc2ccc(cc2)S(=O)(=O)C(F)(F)F)C(F)(F)F)S(=O)(=O)c3cccc(c3)C#N,5.37
1712,CHEMBL2070459,CC(C)CN(c1ccc(cc1)C(O)(C#Cc2cccc(c2)C(=O)O)C(F)(F)F)S(=O)(=O)c3ccccc3,5.75
1713,CHEMBL2070460,CC(C)CN(c1ccc(cc1)C(O)(C#Cc2ccc(cc2)C(=O)O)C(F)(F)F)S(=O)(=O)c3cccc(c3)C#N,6.3
1714,CHEMBL2070461,CS(=O)(=O)c1ccc(cc1)C#CC(O)(c2ccc(cc2)N(CC(F)(F)F)S(=O)(=O)c3ccccc3)C(F)(F)F,6.0
1715,CHEMBL2070462,CS(=O)(=O)c1ccc(cc1)C#CC(O)(c2ccc(cc2)N(CCC(F)(F)F)S(=O)(=O)c3ccccc3)C(F)(F)F,6.3
1716,CHEMBL2070463,CC(C)(C)CN(c1ccc(cc1)C(O)(C#Cc2ccc(cc2)S(=O)(=O)C)C(F)(F)F)S(=O)(=O)c3ccccc3,5.92
1717,CHEMBL2070464,CS(=O)(=O)c1ccc(cc1)C#CC(O)(c2ccc(cc2)N(CC3CC3)S(=O)(=O)c4ccccc4)C(F)(F)F,6.3
1718,CHEMBL2070465,CS(=O)(=O)c1ccc(cc1)C#CC(O)(c2ccc(cc2)N(CC3CCC3)S(=O)(=O)c4ccccc4)C(F)(F)F,6.52
1719,CHEMBL2070466,CS(=O)(=O)c1ccc(cc1)C#CC(O)(c2ccc(cc2)N(CC3CCCC3)S(=O)(=O)c4ccccc4)C(F)(F)F,6.82
1775,CHEMBL2171905,CN1C(=O)c2ccccc2C(=C)c3cc(ccc13)C(=O)C,5.13
1776,CHEMBL2171904,CN1C(=O)c2ccccc2C(=C)c3cc(ccc13)C(=O)O,4.59
1778,CHEMBL2171902,CN1C(=O)c2ccccc2C(=C)c3cc(O)ccc13,4.96
1779,CHEMBL2169907,CN1C(=O)c2ccccc2C(=C)c3cc(N)ccc13,4.57
1780,CHEMBL2171901,CN1C(=O)c2ccccc2C(=C)c3cc(ccc13)[N+](=O)[O-],4.89
1787,CHEMBL2171829,CCc1ccc2N(C)C(=O)c3cc(ccc3C(=C)c2c1)c4ccc(CC(=O)O)cc4,4.82
1788,CHEMBL2171828,CCc1ccc2N(C)C(=O)c3cc(ccc3C(=C)c2c1)c4cccc(CC(=O)O)c4,4.57
1789,CHEMBL2171827,CCc1ccc2N(C)C(=O)c3cc(ccc3C(=C)c2c1)c4ccc(cc4)C(=O)O,5.02
1825,CHEMBL2204435,CCOC(=O)c1c(O)cc(O)cc1O,5.52
2599,CHEMBL3263695,CC(C)CN(Cc1ccc(s1)c2cccc(c2)S(=O)(=O)C)S(=O)(=O)Cc3ccccc3,6.35
2601,CHEMBL3263696,CC(C)CN(Cc1ccc(s1)c2ccc(cc2)S(=O)(=O)C)S(=O)(=O)Cc3ccccc3,5.41
2602,CHEMBL3263710,CC(C)CN(Cc1ccc(cc1)c2ccc(cc2)S(=O)(=O)C)S(=O)(=O)Cc3ccccc3,5.6
2603,CHEMBL3263714,CC(C)CN(Cc1ccc(cc1)c2ccc(NS(=O)(=O)C)cc2)S(=O)(=O)Cc3ccccc3,5.42
2610,CHEMBL3260000,CCCCN1C(=O)c2ccc(Cl)cc2c3cc(ccc13)C(O)(C(F)(F)F)C(F)(F)F,6.17
2631,CHEMBL3360975,CC(C)(O)c1cn(c2ccc(cc2)c3cccc(c3)S(=O)(=O)C)c(n1)C(C)(C)c4ccccc4Cl,6.6
2633,CHEMBL3360973,CC(C)(O)c1cn(c(Cc2ccccc2C(F)(F)F)n1)c3ccc(cc3)c4cccc(c4)S(=O)(=O)C,6.85
2634,CHEMBL3360972,CC(C)(O)c1cn(c2ccc(cc2)c3cccc(c3)S(=O)(=O)C)c(n1)c4c(Cl)cccc4Cl,6.17
2635,CHEMBL3360971,CC(C)(O)c1cn(c2ccc(cc2)c3cccc(c3)S(=O)(=O)C)c(n1)c4ccccc4Cl,6.22
2637,CHEMBL3360969,CC(C)(O)c1cc(c2ccc(s2)c3cccc(c3)S(=O)(=O)C)n(n1)c4ccccc4Cl,6.21
2639,CHEMBL3360967,CS(=O)(=O)c1cccc(c1)c2cccc(c2)c3cc(nn3c4ccccc4Cl)C(F)(F)F,6.64
2642,CHEMBL3360964,CS(=O)(=O)c1cccc(c1)c2ccc(s2)c3cc(nn3c4ccccc4Cl)C(F)(F)F,6.96
2644,CHEMBL3360962,Cc1cc(CC(=O)O)ccc1c2ccc(s2)C3=CC(=C(C#N)C(=O)N3Cc4ccc(F)cc4F)C(F)(F)F,6.5
2666,CHEMBL3342786,Cc1nc(cn1c2ccc(cc2n3nncc3Cc4cccc(Cl)c4)c5cccc(c5)S(=O)(=O)C)C(F)(F)F,6.19
2667,CHEMBL3342787,Cc1nc(cn1c2c(F)cc(cc2n3nncc3c4ccc(Cl)cc4)c5cccc(c5)S(=O)(=O)C)C(F)(F)F,6.96
2674,CHEMBL3403686,CCCc1cc2C(=CC(=O)Oc2c(CCC)c1OCCCCN3C(=O)CSC3=O)C(F)(F)F,5.85
2675,CHEMBL3403687,CCCc1cc2C(=CC(=O)Oc2c(CCC)c1OCCCCN3C(=O)CN(C)C3=O)C(F)(F)F,5.89
2676,CHEMBL3403688,CCCc1cc2C(=CC(=O)Oc2c(CCC)c1OCCCCN3C(=O)CCC3=O)C(F)(F)F,5.85
2677,CHEMBL3403689,CCCc1cc2C(=CC(=O)Oc2c(CCC)c1OCCCCN3CCOC3=O)C(F)(F)F,5.66
2679,CHEMBL3403691,CCCc1cc2C(=CC(=O)Oc2c(CCC)c1OCCCCN3C(=O)C(C)N(C)C3=O)C(F)(F)F,5.89
2680,CHEMBL3403692,CCCc1cc2C(=CC(=O)Oc2c(CCC)c1OCCCCN3C(=O)N(C)C(C)(C)C3=O)C(F)(F)F,5.33
2681,CHEMBL3403693,CCCc1cc2C(=CC(=O)Oc2c(CCC)c1OCCCCN3C(=O)NC(C)C3=O)C(F)(F)F,5.89
2683,CHEMBL3403695,CCCc1cc2C(=CC(=O)Oc2c(CCC)c1OCCCCN3C(=O)NC(C)(C3=O)c4ccccc4)C(F)(F)F,5.28
2684,CHEMBL3403696,CCCc1cc2C(=CC(=O)Oc2c(CCC)c1OCCCCN3C(=O)NC(C)(C3=O)c4ccc(C)cc4)C(F)(F)F,5.62
2687,CHEMBL3403699,CCCc1cc2C(=CC(=O)Oc2c(CCC)c1OCCCCN3C(=O)NC(C)(C3=O)c4ccc(OC)cc4)C(F)(F)F,6.02
2689,CHEMBL3403701,CCCc1cc2C(=CC(=O)Oc2c(CCC)c1OCCCCN3C(=O)NC(C)(C3=O)c4ccc5OCOc5c4)C(F)(F)F,5.92
2692,CHEMBL3403704,CCCc1cc2C(=CC(=O)Oc2c(CCC)c1OCCCCN3C(=O)NC(C)(C3=O)c4ccc(cc4)[N+](=O)[O-])C(F)(F)F,5.1
2695,CHEMBL3403707,CCCc1c(OCCCCN2C(=O)CN(C)C2=O)ccc3C(=CC(=O)Oc13)C(F)(F)F,5.89
2696,CHEMBL3403708,CCCc1c(OCCCCN2C(=O)N(C)C(C)(C)C2=O)ccc3C(=CC(=O)Oc13)C(F)(F)F,5.99
2697,CHEMBL3403709,CCCc1c(OCCCCN2C(=O)NC(C)(C2=O)c3ccccc3)ccc4C(=CC(=O)Oc14)C(F)(F)F,5.7
2698,CHEMBL3403710,CCCc1c(OCCCCN2C(=O)NC(C)(C2=O)c3ccc(OC)cc3)ccc4C(=CC(=O)Oc14)C(F)(F)F,5.85
2699,CHEMBL3403711,CCCc1c(OCCCCN2C(=O)NC(C)(C2=O)c3ccc(OC)c(OC)c3)ccc4C(=CC(=O)Oc14)C(F)(F)F,5.52
2700,CHEMBL3403712,CCCc1c(OCCCCN2C(=O)NC(C)(C2=O)c3ccc4OCOc4c3)ccc5C(=CC(=O)Oc15)C(F)(F)F,5.96
2735,CHEMBL3403715,CCCc1c(OCCCN2C(=O)CSC2=O)ccc3c(noc13)C(F)(F)F,6.16
2753,CHEMBL3589805,CCCc1cc(cc(CCC)c1OCCCCN2C(=O)NC(C)(C2=O)c3ccc(OC)cc3)C(O)(C(F)(F)F)C(F)(F)F,5.85
2754,CHEMBL3588882,CCCc1cc(cc(CCC)c1OCCCCN2C(=O)N(C)C(C)(C)C2=O)C(O)(C(F)(F)F)C(F)(F)F,6.25
2755,CHEMBL3588883,CCCc1cc(ccc1OCCCCN2C(=O)NC(C)(C2=O)c3ccc(OC)cc3)C(O)(C(F)(F)F)C(F)(F)F,5.75
2756,CHEMBL3588884,CCCc1cc(ccc1OCCCCN2C(=O)N(C)C(C)(C)C2=O)C(O)(C(F)(F)F)C(F)(F)F,5.72
2757,CHEMBL3588885,CCCc1c(OCCCCN2C(=O)NC(C)(C2=O)c3ccc(OC)cc3)ccc4c1COC4(C(F)(F)F)C(F)(F)F,6.0
2758,CHEMBL3588886,CCCc1c(OCCCCN2C(=O)N(C)C(C)(C)C2=O)ccc3c1COC3(C(F)(F)F)C(F)(F)F,6.07
2759,CHEMBL3588887,CCCc1c(OCCCCN2C(=O)N(C)C(C)(C)C2=O)ccc3C(CCOc13)C(F)(F)F,5.7
2762,CHEMBL3588892,CCCc1cc(cc(CCC)c1OCCCCN2C(=O)NC(CC)(C2=O)c3ccc4OCOc4c3)C(O)(C(F)(F)F)C(F)(F)F,6.16
2763,CHEMBL3588891,CCCc1cc(cc(CCC)c1OCCCCN2C(=O)NC(CC)(C2=O)c3ccc(OC)cc3)C(O)(C(F)(F)F)C(F)(F)F,5.96
2764,CHEMBL3588890,CCCc1cc(cc(CCC)c1OCCCCN2C(=O)NC(C)(C2=O)c3ccc(cc3)c4ccccc4)C(O)(C(F)(F)F)C(F)(F)F,5.8
2765,CHEMBL3588889,CCCc1cc(cc(CCC)c1OCCCCN2C(=O)NC(C)(C2=O)c3ccc(cc3)C(C)C)C(O)(C(F)(F)F)C(F)(F)F,5.77
2766,CHEMBL3588888,CCCc1cc(cc(CCC)c1OCCCCN2C(=O)NC(C)(C2=O)c3ccc4OCCOc4c3)C(O)(C(F)(F)F)C(F)(F)F,6.22
2768,CHEMBL3589802,CCCc1cc(cc(CCC)c1OCCCCN2C(=O)NC(C)(C2=O)c3ccc(OC(F)(F)F)cc3)C(O)(C(F)(F)F)C(F)(F)F,5.57
2769,CHEMBL3589803,CCCc1cc(cc(CCC)c1OCCCCN2C(=O)NC(C)(C2=O)c3ccc(OC(C)C)cc3)C(O)(C(F)(F)F)C(F)(F)F,5.92
2770,CHEMBL3589804,CCCc1cc(cc(CCC)c1OCCCCN2C(=O)NC(C)(C2=O)c3ccc(OCC)cc3)C(O)(C(F)(F)F)C(F)(F)F,6.1
2771,CHEMBL3589806,CCCc1cc(ccc1OCCCCN2C(=O)NC(CC)(C2=O)c3ccc4OCCOc4c3)C(O)(C(F)(F)F)C(F)(F)F,6.16
2772,CHEMBL3590258,CCCc1cc(ccc1OCCCCN2C(=O)NC(CCC)(C2=O)c3ccc4OCOc4c3)C(O)(C(F)(F)F)C(F)(F)F,5.89
2773,CHEMBL3590259,CCCc1cc(ccc1OCCCCN2C(=O)NC(CC)(C2=O)c3ccc4OCOc4c3)C(O)(C(F)(F)F)C(F)(F)F,6.16
2774,CHEMBL3590260,CCCc1cc(ccc1OCCCCN2C(=O)NC(CC)(C2=O)c3ccc(OC)cc3)C(O)(C(F)(F)F)C(F)(F)F,6.0
2775,CHEMBL3590261,CCCc1cc(ccc1OCCCCN2C(=O)NC(C)(C2=O)c3ccc(cc3)[N+](=O)[O-])C(O)(C(F)(F)F)C(F)(F)F,5.72
2776,CHEMBL3590262,CCCc1cc(ccc1OCCCCN2C(=O)NC(C)(C2=O)c3ccc(cc3)C(F)(F)F)C(O)(C(F)(F)F)C(F)(F)F,5.75
2845,CHEMBL3617295,Fc1ccc(cc1)S(=O)(=O)N2CCCc3ccc(NC(=O)c4c(F)cccc4F)cc23,5.5
2847,CHEMBL3617297,Fc1ccc(cc1)S(=O)(=O)N2CCc3ccc(NC(=O)c4c(F)cccc4F)cc23,5.24
2849,CHEMBL3617309,Fc1ccc(cc1)S(=O)(=O)N2CCCc3ccc(NC(=O)c4ccccc4Cl)cc23,5.42
2851,CHEMBL3314003,Fc1ccc(cc1)S(=O)(=O)N2CCCc3ccc(NC(=O)c4c(F)cccc4Cl)cc23,5.59
2925,CHEMBL3673705,CC(C)[C@@H]1N(CCn2c1nc3ccc(cc23)S(=O)(=O)C)c4ncc(C(C)O)c(n4)C(F)(F)F,5.77
2929,CHEMBL3672847,CC(C)[C@@H]1N(CCn2c1cc3ccc(cc23)S(=O)(=O)C)c4nccc(n4)C(F)(F)F,5.76
2933,CHEMBL3673680,CCC(=O)c1cnc(nc1C(F)(F)F)N2CCn3c(nc4cc(CO)c(cc34)S(=O)(=O)C)[C@@H]2C(C)C,5.87
2942,CHEMBL3672843,CC(C)C1N(CCn2c1nc3ccc(cc23)S(=O)(=O)C)c4nccc(n4)C(F)(F)F,6.59
2944,CHEMBL3673674,CC(C)[C@@H]1N(CCn2c1nc3cc(CO)c(cc23)S(=O)(=O)C)c4ncc(C(=O)C)c(n4)C(F)(F)F,5.92
2946,CHEMBL3673693,CC(C)[C@H]1N(CCn2c1nc3cc(CO)c(cc23)S(=O)(=O)C)c4ncc(C(=O)N(C)C)c(n4)C(F)(F)F,6.66
2947,CHEMBL3673681,CCC(O)c1cnc(nc1C(F)(F)F)N2CCn3c(nc4cc(CO)c(cc34)S(=O)(=O)C)[C@@H]2C(C)C,5.71
2950,CHEMBL3673686,CC(C)[C@@H]1N(CCn2c1nc3cc(CO)c(cc23)S(=O)(=O)C)c4ncc(CO)c(n4)C(F)(F)F,5.98
2952,CHEMBL3673677,CC(C)[C@@H]1N(CCn2c1nc3cc(CO)c(cc23)S(=O)(=O)C)c4ncc(C(C)O)c(n4)C(F)(F)F,5.88
2956,CHEMBL3673691,CNC(=O)c1cnc(nc1C(F)(F)F)N2CCn3c(nc4cc(CO)c(cc34)S(=O)(=O)C)[C@H]2C(C)C,6.43
2957,CHEMBL3673697,CC(C)[C@H]1N(CCn2c1nc3cc(CO)c(cc23)S(=O)(=O)C)c4ncc(CO)c(n4)C5CC5,6.96
2964,CHEMBL3673670,CCOC(=O)c1cnc(nc1C(F)(F)F)N2CCn3c(nc4ccc(cc34)S(=O)(=O)C)C2C(C)C,5.94
2968,CHEMBL3673671,CC(C)C1N(CCn2c1nc3ccc(cc23)S(=O)(=O)C)c4ncc(CO)c(n4)C(F)(F)F,6.86
2969,CHEMBL3673703,CC(C)[C@@H]1N(CCn2c1nc3ccc(cc23)S(=O)(=O)C)c4ncc(c(n4)C(F)(F)F)C(C)(C)O,5.61
2972,CHEMBL3673669,CC(C)C1N(CCn2c1nc3ccc(cc23)S(=O)(=O)C)c4ncc(c(n4)C(F)(F)F)C(C)(C)O,6.75
2974,CHEMBL3673668,CC(C)C1N(CCn2c1nc3ccc(cc23)S(=O)(=O)C)c4ncc(C(=O)C)c(n4)C(F)(F)F,6.72
2982,CHEMBL3672849,CC(C)[C@@H]1N(CCn2c1cc3cc(CO)c(cc23)S(=O)(=O)C)c4nccc(n4)C(F)(F)F,6.07
2987,CHEMBL3809583,CN(C)C(=O)c1ccc(cc1Cl)c2cnc(N3CCN(CC3)C(=O)OC(C)(C)C)c(c2)C#N,6.03
2994,CHEMBL3808992,CN(C)C(=O)c1ccc(cc1Cl)N2CCC(CC2)C3CCN(CC3)C(=O)[C@](O)(c4ccccc4)C(F)(F)F,6.26
3000,CHEMBL3809555,CC(C)[C@](O)(C(=O)N1CCC(CC1)C2CCN(CC2)c3ccc(C(=O)N(C)C)c(Cl)c3)C(F)(F)F,6.08
3011,CHEMBL3814017,CCCc1cc(cc(CCC)c1OC\C=C\CN2C(=O)NC(C)(C2=O)c3ccc(OC(C)C)cc3)C(O)(C(F)(F)F)C(F)(F)F,6.1
3012,CHEMBL3814026,CCCc1cc(cc(CCC)c1OCC#CCN2C(=O)NC(C)(C2=O)c3ccc(OC(C)C)cc3)C(O)(C(F)(F)F)C(F)(F)F,6.22
3013,CHEMBL3814025,CCCc1cc(ccc1Oc2cccc(CN3C(=O)NC(C)(C3=O)c4ccc(OC(C)C)cc4)c2)C(O)(C(F)(F)F)C(F)(F)F,6.3
3014,CHEMBL3814224,CCCc1cc(ccc1Oc2ccc(CN3C(=O)NC(C)(C3=O)c4ccc(OC(C)C)cc4)cc2)C(O)(C(F)(F)F)C(F)(F)F,5.74
3015,CHEMBL3814000,CCCc1cc(ccc1Oc2cccc(CCN3C(=O)NC(C)(C3=O)c4ccc(OC(C)C)cc4)c2)C(O)(C(F)(F)F)C(F)(F)F,5.55
3016,CHEMBL3814807,CCCc1cc(ccc1Oc2ccc(CCN3C(=O)NC(C)(C3=O)c4ccc(OC(C)C)cc4)cc2)C(O)(C(F)(F)F)C(F)(F)F,5.73
3017,CHEMBL3814071,CCCc1cc(ccc1Oc2ccc(CCN3C(=O)NC(C)(C3=O)c4ccc(OC(C)C)cc4)c(C)c2)C(O)(C(F)(F)F)C(F)(F)F,6.16
3018,CHEMBL3814297,CCCc1cc(ccc1Oc2ccc(CCN3C(=O)NC(C)(C3=O)c4ccc(OC(C)C)cc4)c(OC)c2)C(O)(C(F)(F)F)C(F)(F)F,5.78
3019,CHEMBL3813961,CCCc1cc(ccc1Oc2ccc(CCN3C(=O)NC(C)(C3=O)c4ccc(OC(C)C)cc4)c(O)c2)C(O)(C(F)(F)F)C(F)(F)F,5.54
3020,CHEMBL3814806,CCCc1cc(ccc1Oc2ccc(cc2)C(O)CN3C(=O)NC(C)(C3=O)c4ccc(OC(C)C)cc4)C(O)(C(F)(F)F)C(F)(F)F,5.63
3021,CHEMBL3814381,CCCc1cc(ccc1Oc2ccc(cc2)C(=O)CN3C(=O)NC(C)(C3=O)c4ccc(OC(C)C)cc4)C(O)(C(F)(F)F)C(F)(F)F,6.92
3023,CHEMBL3814351,CCCc1cc(ccc1Oc2ccc(C(=O)CN3C(=O)NC(C)(C3=O)c4ccc(OC(C)C)cc4)c(OC)c2)C(O)(C(F)(F)F)C(F)(F)F,6.44
3024,CHEMBL3814980,CCCc1cc(ccc1Oc2ccc(C(=O)CN3C(=O)NC(C)(C3=O)c4ccc(OC(C)C)cc4)c(O)c2)C(O)(C(F)(F)F)C(F)(F)F,6.96
3050,CHEMBL3814372,CS(=O)(=O)c1cccc(c1)N2CCN(Cc3ccc(nc3)C(F)(F)F)C(C2)c4ccccc4,5.89
3062,CHEMBL3813863,CC(C)[C@H]1CN(CCN1c2ncc(CO)c(n2)C(F)(F)F)c3ccc(CO)c(c3)S(=O)(=O)C,6.8
