,molecule_chembl_id,canonical_smiles,pchembl_value
0,ursodiol,[H][C@@]1(CC[C@@]2([H])[C@]3([H])[C@@H](O)C[C@]4([H])C[C@H](O)CC[C@]4(C)[C@@]3([H])CC[C@]12C)[C@H](C)CCC(O)=O,
1,chenodiol,[H][C@@]1(CC[C@@]2([H])[C@]3([H])[C@H](O)C[C@]4([H])C[C@H](O)CC[C@]4(C)[C@@]3([H])CC[C@]12C)[C@H](C)CCC(O)=O,5.47
2,obeticholic acid,[H][C@@](C)(CCC(O)=O)[C@@]1([H])CC[C@@]2([H])[C@]3([H])[C@H](O)[C@]([H])(CC)[C@]4([H])C[C@]([H])(O)CC[C@]4(C)[C@@]3([H])CC[C@]12C,7.00436497
3,CHEMBL319861,CC(C)c1onc(c1COc2cc(C)c(\C=C\c3cccc(c3)C(=O)O)c(C)c2)c4c(Cl)cccc4Cl,7.0
4,CHEMBL1209229,CC(Nc1ccc(cc1)C(=O)O)c2ccc(OCc3c(onc3c4c(Cl)cccc4Cl)C5CC5)nc2C(F)(F)F,7.0
5,CHEMBL101547,CCc1onc(c1COc2cc(C)c(\C=C\c3ccc(cc3)C(=O)O)c(C)c2)c4c(Cl)cccc4Cl,7.0
6,CHEMBL187456,COC(=O)\C=C\c1cccc(c1)N(Cc2ccc(cc2)c3cccc(OC)c3)C(=O)C4CCCCC4,7.0
7,CHEMBL188141,COC(=O)\C=C\c1cccc(c1)N(Cc2ccc(cc2)c3ccc(OC)cc3)C(=O)C(C)C,7.01
8,CHEMBL363212,COC(=O)\C=C\c1cccc(c1)N(Cc2ccc(cc2)c3c(OC)cccc3OC)C(=O)C(C)C,7.02
9,CHEMBL191236,COC(=O)\C=C\c1cccc(c1)N(Cc2ccc(cc2)c3ccc4OCOc4c3)C(=O)NC(C)C,7.02
10,CHEMBL466323,CC(C)c1onc(c1COc2ccc(c(C)c2)c3ccc4c(cn(C)c4c3)C(=O)O)c5c(Cl)cncc5Cl,7.03
11,CHEMBL190844,COC(=O)\C=C\c1cccc(c1)N(Cc2ccc(cc2)c3cccc(Cl)c3)C(=O)C4CCCCC4,7.03
12,CHEMBL3823491,OC(=O)c1cccc(c1)[C@@H]2C[C@@H](C2)c3ccc(OCc4c(onc4c5c(Cl)cccc5Cl)C6CC6)cc3Cl,7.04
13,CHEMBL1209059,CC(C)c1onc(c1COc2cc(C)c(cn2)[N+](=O)[O-])c3c(Cl)cccc3Cl,7.05
14,CHEMBL189930,COC(=O)\C=C\c1cccc(c1)N(Cc2ccc(cc2)c3ccc(OC)cc3)C(=O)C4CCCCC4,7.05
15,CHEMBL3823213,CS(=O)(=O)NC(=O)c1ccc(cc1)C2CC2c3ccc(OCc4c(onc4c5c(Cl)cccc5Cl)C6CC6)cc3Cl,7.05
16,CHEMBL1668253,Cc1nc(NC(=O)C(C2CCCCC2)n3c(nc4cc(F)c(F)cc34)c5ccc(Cl)cc5)sc1C(=O)O,7.05
17,CHEMBL3824077,OC(=O)c1cccc(c1)[C@H]2C[C@@H]2c3ccc(OCc4c(onc4c5c(Cl)cccc5Cl)C6CC6)cc3Cl,7.05
18,CHEMBL467053,CC(C)c1onc(COc2c(Cl)cc(F)cc2Cl)c1COc3ccc(\C=C\c4cccc(c4)C(=O)O)c(Cl)c3,7.06
19,CHEMBL1835049,CC(C)c1onc(c1COc2ccc(cc2)c3ccc4[nH]c(cc4c3)C(=O)O)c5c(Cl)cccc5Cl,7.06
20,CHEMBL476302,CC(C)c1onc(c1COc2ccc(cc2)c3ccc4c(cccc4c3)C(=O)O)c5c(Cl)cccc5Cl,7.06
21,CHEMBL3335674,COc1ccc(C(=O)Nc2ccc(C)c(c2)C(=O)O)c(NC(=O)c3ccc(cc3)C(C)(C)C)c1,7.06
22,CHEMBL427528,COC(=O)\C=C\c1cccc(c1)N(Cc2ccc(\C=C\c3cccc(F)c3)cc2)C(=O)C4CCCCC4,7.07
23,CHEMBL3823564,OC(=O)c1cccc(c1)N2CC(O)(C2)c3ccc(OCc4c(onc4c5c(Cl)cccc5Cl)C6CC6)cc3Cl,7.07
24,CHEMBL554727,CC(C)c1onc(c1COc2ccc3c(Nc4cccc(c4)C(=O)O)cccc3c2)c5c(Cl)cccc5Cl,7.09
25,CHEMBL3823637,CO[C@@]1(C[C@@H](C1)c2cccc(c2)C(=O)O)c3ccc(OCc4c(onc4c5c(Cl)cccc5Cl)C6CC6)cc3Cl,7.1
26,CHEMBL3822464,OC(=O)c1ccc(cc1)[C@@H]2C[C@H]2c3ccc(OCc4c(onc4c5c(Cl)cccc5Cl)C6CC6)cc3Cl,7.1
27,CHEMBL466451,CC(C)c1onc(COc2c(Cl)cccc2Cl)c1COc3ccc(\C=C\c4cccc(c4)C(=O)O)c(Cl)c3,7.11
28,CHEMBL3264650,CC(C)n1cc(C(=O)Nc2ccc(C)c(c2)S(=O)(=O)N3CCOCC3)c(n1)c4ccc(cc4)C(F)(F)F,7.11
29,CHEMBL426273,COC(=O)\C=C\c1cccc(c1)N(Cc2ccc(cc2)c3c(OC)cccc3OC)C(=O)C4CCCCC4,7.11
30,CHEMBL189224,COC(=O)\C=C\c1cccc(c1)N(Cc2ccc(cc2)c3cccc(Cl)c3)C(=O)C(C)C,7.11
31,CHEMBL3264643,Cc1ccc(cc1)c2nn(CC3CC3)cc2C(=O)Nc4ccc(C)c(c4)S(=O)(=O)N5CCOCC5,7.11
32,CHEMBL1209294,OC(=O)c1ccc(OCc2ccc(OCc3c(onc3c4c(Cl)cccc4Cl)C5CC5)nc2C(F)(F)F)cc1,7.12
33,CHEMBL3822803,OC(=O)c1ccc(cc1)C2CC2c3ccc(OCc4c(onc4c5c(Cl)cccc5Cl)C6CC6)cc3Cl,7.12
34,CHEMBL3822953,OS(=O)(=O)CCNC(=O)c1ccc(cc1)C2CC2c3ccc(OCc4c(onc4c5c(Cl)cccc5Cl)C6CC6)cc3Cl,7.12
35,CHEMBL3335650,CC(C)(C)c1ccc(cc1)C(=O)Nc2ccccc2C(=O)Nc3cccc(c3)C(=O)N,7.13
36,CHEMBL495365,CC(C)c1onc(COc2c(F)cccc2Cl)c1COc3ccc(\C=C\c4cccc(c4)C(=O)O)c(Cl)c3,7.13
37,CHEMBL466452,CC(C)c1onc(CNc2c(Cl)cccc2Cl)c1COc3ccc(\C=C\c4cccc(c4)C(=O)O)c(Cl)c3,7.14
38,CHEMBL365028,COC(=O)\C=C\c1cccc(c1)N(Cc2ccc(cc2)c3ccc(F)c(F)c3)C(=O)C4CCCCC4,7.14
39,CHEMBL364915,COC(=O)\C=C\c1cccc(c1)N(Cc2ccc(cc2)c3cccc(OC)c3)C(=O)C(C)C,7.14
40,CHEMBL192772,COC(=O)\C=C\c1cccc(c1)N(Cc2ccc(\C=C\c3cccc(F)c3)cc2)C(=O)C(C)C,7.15
41,CHEMBL425374,COC(=O)\C=C\c1cccc(c1)N(Cc2ccc(\C=C\c3ccccc3F)cc2)C(=O)C(C)C,7.15
42,CHEMBL3335651,COc1ccc(NC(=O)c2ccccc2NC(=O)c3ccc(cc3)C(C)(C)C)cc1OC,7.15
43,CHEMBL318457,CC(C)c1onc(c1COc2ccc(\C=C\c3cccc(c3)C(=O)O)c(Cl)c2)c4c(Cl)cccc4Cl,7.16
44,CHEMBL364008,COC(=O)\C=C\c1cccc(c1)N(Cc2ccc(cc2)c3ccc(SC)cc3)C(=O)C4CCCCC4,7.16
45,CHEMBL319544,Cc1onc(c1COc2cc(C)c(\C=C\c3cccc(c3)C(=O)O)c(C)c2)c4c(Cl)cccc4Cl,7.16
46,CHEMBL1642346,Clc1ccc(cc1)c2nc3ccccc3n2C(C4CCCCC4)C(=O)NC5CCCCC5,7.16
47,CHEMBL3357416,CC(C)C1=C(COc2ccc(\C=C\c3cccc(c3)C(=O)O)c(Cl)c2)N(CCc4c(Cl)cccc4Cl)C(=O)O1,7.18
48,CHEMBL371385,COC(=O)\C=C\c1cccc(c1)N(Cc2ccc(cc2)c3ccc(F)c(Cl)c3)C(=O)C4CCCCC4,7.18
49,CHEMBL3823070,OC(=O)c1ccc(cn1)C2CC2c3ccc(OCc4c(onc4c5c(Cl)cccc5Cl)C6CC6)cc3Cl,7.18
50,CHEMBL3335654,CC(C)(C)c1ccc(cc1)C(=O)Nc2ccccc2C(=O)Nc3cccc(CCC(=O)O)c3,7.19
51,CHEMBL371346,COC(=O)\C=C\c1cccc(c1)N(Cc2ccc(\C=C\c3ccccc3)cc2)C(=O)C(C)C,7.19
52,CHEMBL189728,COC(=O)\C=C\c1cccc(c1)N(Cc2ccc(\C=C\c3ccccc3F)cc2)C(=O)C4CCCCC4,7.19
53,CHEMBL558143,CC(C)c1onc(c1COc2ccc3cc(sc3c2)c4cccc(c4)C(=O)O)c5c(Cl)cccc5Cl,7.2
54,CHEMBL3823938,OC(=O)c1ccc(cc1)[C@@H]2C[C@](O)(C2)c3ccc(OCc4c(onc4c5c(Cl)cccc5Cl)C6CC6)cc3Cl,7.2
55,CHEMBL318280,CCc1onc(Cc2c(Cl)cccc2Cl)c1COc3ccc(\C=C\c4cccc(c4)C(=O)O)c(Cl)c3,7.22
56,CHEMBL3335670,Cc1ccc(C(=O)Nc2cccc(c2)C(=O)O)c(NC(=O)c3ccc(cc3)C(C)(C)C)c1,7.22
57,CHEMBL1668247,OC(=O)CCc1ccc(NC(=O)C(C2CCCCC2)n3c(nc4cc(F)c(F)cc34)c5ccc(Cl)cc5)cc1,7.22
58,CHEMBL466641,CC(C)c1onc(COc2c(Cl)cc(Cl)cc2Cl)c1COc3ccc(\C=C\c4cccc(c4)C(=O)O)c(Cl)c3,7.24
59,CHEMBL190508,COC(=O)\C=C\c1cccc(c1)N(Cc2ccc(cc2)c3ccc(cc3)N(C)C)C(=O)C(C)C,7.24
60,CHEMBL558267,CC(C)c1onc(c1COc2ccc3sc(cc3c2)c4cccc(c4)C(=O)O)c5c(Cl)cccc5Cl,7.26
61,CHEMBL3357415,CC(C)C1=C(COc2ccc(\C=C\c3cccc(c3)C(=O)O)c(Cl)c2)N(Cc4c(Cl)cccc4Cl)C(=O)O1,7.27
62,CHEMBL101327,CCc1onc(c1COc2ccc(\C=C\c3cccc(c3)C(=O)O)c(Cl)c2)c4c(F)cccc4C(F)(F)F,7.27
63,CHEMBL3264641,CCCCn1cc(C(=O)Nc2ccc(C)c(c2)S(=O)(=O)N3CCOCC3)c(n1)c4ccc(C)cc4,7.28
64,CHEMBL466621,CC(C)c1onc(CSc2c(Cl)cccc2Cl)c1COc3ccc(\C=C\c4cccc(c4)C(=O)O)c(Cl)c3,7.29
65,CHEMBL1835048,CC(C)c1onc(c1COc2ccc(cc2)c3ccc4oc(cc4c3)C(=O)O)c5c(Cl)cccc5Cl,7.29
66,CHEMBL372258,COC(=O)\C=C\c1cccc(c1)N(Cc2ccc(cc2)c3ccc(SC)cc3)C(=O)C(C)C,7.29
67,CHEMBL3822477,Cn1nc(C(=O)O)c2ccc(cc12)[C@@H]3C[C@](O)(C3)c4ccc(OCc5c(onc5c6c(Cl)cccc6Cl)C7CC7)cc4Cl,7.3
68,CHEMBL1615153,OC(=O)c1ccc(NC(=O)[C@H](C2CCCCC2)n3c(nc4cc(F)c(F)cc34)c5ccc(Cl)cc5)cc1,7.3
69,CHEMBL3264640,CC(C)n1cc(C(=O)Nc2ccc(C)c(c2)S(=O)(=O)N3CCOCC3)c(n1)c4ccc(C)cc4,7.31
70,CHEMBL3335671,CC(C)(C)c1ccc(cc1)C(=O)Nc2cc(Br)ccc2C(=O)Nc3cccc(c3)C(=O)O,7.32
71,CHEMBL466227,CC(C)c1onc(COc2c(C)cccc2Cl)c1COc3ccc(\C=C\c4cccc(c4)C(=O)O)c(Cl)c3,7.32
72,CHEMBL1209171,CC(C)c1onc(c1COc2ccc(N(C)Cc3cccc(c3)C(=O)NS(=O)(=O)C)c(n2)C(F)(F)F)c4c(Cl)cccc4Cl,7.32
73,CHEMBL419721,CCc1onc(c1COc2ccc(\C=C\c3cccc(c3)C(=O)O)c(Cl)c2)c4ccccc4OC(F)(F)F,7.32
74,CHEMBL3823077,CS(=O)(=O)NC(=O)c1ccc(cc1)[C@@H]2C[C@H]2c3ccc(OCc4c(onc4c5c(Cl)cccc5Cl)C6CC6)cc3Cl,7.32
75,CHEMBL3335667,CC(C)(C)c1ccc(cc1)C(=O)Nc2cc(Cl)ccc2C(=O)Nc3cccc(c3)C(=O)O,7.33
76,CHEMBL103394,CC(C)c1onc(c1COc2ccc(\C=C\c3cccc(c3)C(=O)O)c(C)c2)c4c(Cl)cccc4Cl,7.33
77,CHEMBL3335661,COc1ccc(NC(=O)c2ccccc2NC(=O)c3ccc(cc3)C(C)(C)C)cc1C(=O)O,7.33
78,CHEMBL1367639,Cc1ccc(cc1)c2nn(cc2C(=O)Nc3ccc(C)c(c3)S(=O)(=O)N4CCOCC4)c5ccccc5,7.33
79,CHEMBL466523,CC(C)c1onc(c1COc2ccc(c(C)c2)c3ccc4c(cn(C)c4c3)C(=O)O)c5c(Cl)c[n+]([O-])cc5Cl,7.35
80,CHEMBL3335660,Cc1ccc(NC(=O)c2ccccc2NC(=O)c3ccc(cc3)C(C)(C)C)cc1C(=O)O,7.35
81,CHEMBL3264649,COc1cccc(Cn2cc(C(=O)Nc3ccc(C)c(c3)S(=O)(=O)N4CCOCC4)c(n2)c5cccc(OC)c5)c1,7.37
82,CHEMBL3335675,Cc1ccc(C(=O)Nc2ccc(C)c(c2)C(=O)O)c(NC(=O)c3ccc(cc3)C(C)(C)C)c1,7.37
83,CHEMBL1209293,OC(=O)c1cccc(OCc2ccc(OCc3c(onc3c4c(Cl)cccc4Cl)C5CC5)nc2C(F)(F)F)c1,7.37
84,CHEMBL3357422,CC(C)c1cnn(c1COc2ccc(\C=C\c3cccc(c3)C(=O)O)c(Cl)c2)c4c(Cl)cccc4Cl,7.38
85,CHEMBL3335656,Cc1c(NC(=O)c2ccccc2NC(=O)c3ccc(cc3)C(C)(C)C)cccc1C(=O)O,7.38
86,CHEMBL1668239,O[C@@H]1CC[C@H](CC1)NC(=O)[C@H](C2CCCCC2)n3c(nc4cc(F)c(F)cc34)c5ccc(Cl)cc5,7.39
87,CHEMBL1209112,CC(C)c1onc(c1COc2ccc(N(C)Cc3ccc(cc3)C(=O)NS(=O)(=O)C)c(n2)C(F)(F)F)c4c(Cl)cccc4Cl,7.4
88,CHEMBL1668258,OC(=O)c1ccc(NC(=O)[C@H](C2CCCCC2)n3c(nc4cc(F)ccc34)c5ccc(Cl)cc5)c(F)c1,7.4
89,CHEMBL191578,COC(=O)\C=C\c1cccc(c1)N(Cc2ccc(cc2)c3ccc4OCOc4c3)C(=O)C5CCCCC5,7.42
90,CHEMBL319606,CC(C)c1onc(c1COc2cc(C)c(\C=C\c3ccc(cc3)C(=O)O)c(C)c2)c4c(Cl)cccc4Cl,7.43
91,CHEMBL1615152,OC(=O)c1ccc(NC(=O)[C@H](C2CCCCC2)n3c(nc4cc(F)c(F)cc34)c5ccc(Cl)cc5)c(F)c1,7.43
92,CHEMBL1209172,CC(C)c1onc(c1COc2ccc(N(C)Cc3cccc(c3)C(=O)NCCOP(=O)(O)O)c(n2)C(F)(F)F)c4c(Cl)cccc4Cl,7.44
93,CHEMBL571961,CC(C)OC(=O)C1=CN(CC(C)(C)c2cc(C#N)[nH]c12)C(=O)c3ccc(cc3)C#N,7.46
94,CHEMBL3357421,CC(C)c1nnn(c1COc2ccc(\C=C\c3cccc(c3)C(=O)O)c(Cl)c2)c4c(Cl)cccc4Cl,7.46
95,CHEMBL1209113,CC(C)c1onc(c1COc2ccc(N(C)Cc3ccc(OCC(=O)O)cc3)c(n2)C(F)(F)F)c4c(Cl)cccc4Cl,7.46
96,CHEMBL3822597,OC(=O)c1cccc(c1)C2CC2c3ccc(OCc4c(onc4c5c(Cl)cccc5Cl)C6CC6)cc3Cl,7.47
97,CHEMBL3264651,COc1cccc(Cn2cc(C(=O)Nc3ccc(C)c(c3)S(=O)(=O)N4CCOCC4)c(n2)c5ccc(cc5)C(F)(F)F)c1,7.51
98,CHEMBL3824162,OC(=O)c1cccc(c1)[C@@H]2C[C@H]2c3ccc(OCc4c(onc4c5c(Cl)cccc5Cl)C6CC6)cc3Cl,7.54
99,CHEMBL3822901,OC(=O)c1cccc(c1)[C@@H]2C[C@](O)(C2)c3ccc(OCc4c(onc4c5c(Cl)cccc5Cl)C6CC6)cc3Cl,7.54
100,CHEMBL468714,CC(C)c1onc(C[S+]([O-])c2c(Cl)cccc2Cl)c1COc3ccc(\C=C\c4cccc(c4)C(=O)O)c(Cl)c3,7.55
101,CHEMBL192966,COC(=O)\C=C\c1cccc(c1)N(Cc2ccc(cc2)c3ccc(cc3)N(C)C)C(=O)C4CCCCC4,7.6
102,CHEMBL3264635,Cc1ccc(cc1)c2nn(cc2C(=O)Nc3ccc(C)c(c3)S(=O)(=O)N4CCOCC4)c5ccc(F)cc5,7.61
103,CHEMBL3264638,Cc1ccc(cc1)c2nn(cc2C(=O)Nc3ccc(C)c(c3)S(=O)(=O)N4CCOCC4)c5cccc(c5)C(F)(F)F,7.62
104,CHEMBL3822859,OC(=O)c1cccc(c1)[C@@H]2C[C@H](C2)c3ccc(OCc4c(onc4c5c(Cl)cccc5Cl)C6CC6)cc3Cl,7.62
105,CHEMBL1209109,CC(C)c1onc(c1COc2ccc(N(C)Cc3ccc(cc3)C(=O)O)c(n2)C(F)(F)F)c4c(Cl)cccc4Cl,7.66
106,CHEMBL1834968,CC(C)c1onc(c1COc2ccc(cc2)c3ccc4c(csc4c3)C(=O)O)c5c(Cl)cccc5Cl,7.68
107,CHEMBL510862,CCOC(=O)C1=CN(CC(C)(C)c2c1[nH]c3ccccc23)C(=O)c4ccc(F)c(F)c4,7.68
108,CHEMBL1835044,CC(C)c1onc(c1COc2ccc(cc2)c3ccc4c(c[nH]c4c3)C(=O)O)c5c(Cl)cccc5Cl,7.7
109,CHEMBL1615150,Cc1cc(ccc1NC(=O)[C@H](C2CCCCC2)n3c(nc4cc(F)c(F)cc34)c5ccc(Cl)cc5)C(=O)O,7.7
110,CHEMBL371360,COC(=O)\C=C\c1cccc(c1)N(Cc2ccc(cc2)c3ccc4OCOc4c3)C(=O)C(C)C,7.72
111,CHEMBL1478,C[C@H](CCC(=O)O)[C@H]1CC[C@H]2[C@@H]3CC[C@@H]4C[C@H](O)CC[C@]4(C)[C@H]3CC[C@]12C,7.74
112,CHEMBL3264645,Cc1ccc(cc1)c2nn(Cc3cccc(c3)C(F)(F)F)cc2C(=O)Nc4ccc(C)c(c4)S(=O)(=O)N5CCOCC5,7.74
113,CHEMBL3264639,Cc1ccc(cc1)c2nn(cc2C(=O)Nc3ccc(C)c(c3)S(=O)(=O)N4CCOCC4)c5nc6ccccc6s5,7.75
114,CHEMBL468939,CC(C)c1onc(COc2c(C)cccc2C)c1COc3ccc(\C=C\c4cccc(c4)C(=O)O)c(Cl)c3,7.77
115,CHEMBL1209110,CC(C)c1onc(c1COc2ccc(N(C)Cc3ccc(CCC(=O)O)cc3)c(n2)C(F)(F)F)c4c(Cl)cccc4Cl,7.77
116,CHEMBL454138,CC(C)OC(=O)C1=CN(CC(C)(C)c2c1[nH]c3ccccc23)C(=O)c4ccc(F)c(F)c4,7.8
117,CHEMBL578756,CC(C)OC(=O)C1=CN(CC(C)(C)c2cc(C#N)[nH]c12)C(=O)c3cccs3,7.8
118,CHEMBL1209174,CN(Cc1ccc(cc1)C(=O)NCCS(=O)(=O)O)c2ccc(OCc3c(onc3c4c(Cl)cccc4Cl)C5CC5)nc2C(F)(F)F,7.85
119,CHEMBL3264637,Cc1ccc(cc1)c2nn(cc2C(=O)Nc3ccc(C)c(c3)S(=O)(=O)N4CCOCC4)c5ccc(Cl)cc5Cl,7.85
120,CHEMBL3824337,Cn1nc(C(=O)O)c2ccc(cc12)C3CC3c4ccc(OCc5c(onc5c6c(Cl)cccc6Cl)C7CC7)cc4Cl,7.85
121,CHEMBL3824163,OC(=O)c1cncc(c1)C2CC2c3ccc(OCc4c(onc4c5c(Cl)cccc5Cl)C6CC6)cc3Cl,7.85
122,CHEMBL1642362,Fc1cc2nc(c3ccc(Cl)cc3)n([C@@H](C4CCCCC4)C(=O)NC5CCCCC5)c2cc1Cl,7.89
123,CHEMBL1668248,OC(=O)CCc1ccc(NC(=O)[C@H](C2CCCCC2)n3c(nc4cc(F)c(F)cc34)c5ccc(Cl)cc5)c(F)c1,7.89
124,CHEMBL578757,CC(C)OC(=O)C1=CN(CC(C)(C)c2cc(C#N)[nH]c12)C(=O)c3cccc(Cl)c3,7.92
125,CHEMBL1209111,CC(C)c1onc(c1COc2ccc(N(C)Cc3cccc(c3)C(=O)O)c(n2)C(F)(F)F)c4c(Cl)cccc4Cl,7.92
126,CHEMBL101381,CC(C)c1onc(c1COc2ccc(\C=C\c3cccc(c3)C(=O)O)c(Cl)c2)c4c(Cl)cccc4Br,7.92
127,CHEMBL1209173,CN(Cc1ccc(cc1)C(=O)O)c2ccc(OCc3c(onc3c4c(Cl)cccc4Cl)C5CC5)nc2C(F)(F)F,7.92
128,CHEMBL3264636,Cc1ccc(cc1)c2nn(cc2C(=O)Nc3ccc(C)c(c3)S(=O)(=O)N4CCOCC4)c5cccc(Cl)c5,7.98
129,CHEMBL3264642,Cc1ccc(cc1)c2nn(Cc3ccc4ccccc4c3)cc2C(=O)Nc5ccc(C)c(c5)S(=O)(=O)N6CCOCC6,7.99
130,CHEMBL1668238,Fc1cc2nc(c3ccc(Cl)cc3)n([C@@H](C4CCCCC4)C(=O)NC5CCCCC5)c2cc1F,8.0
131,CHEMBL1668259,OC(=O)c1ccc(NC(=O)[C@H](C2CCCCC2)n3c(nc4ccccc34)c5ccc(Cl)cc5)c(c1)C(F)(F)F,8.0
132,CHEMBL3824207,CC(C)n1nc(cc1[C@@H]2C[C@](O)(C2)c3ccc(OCc4c(onc4c5c(Cl)cccc5Cl)C6CC6)cc3Cl)C(=O)O,8.05
133,CHEMBL1668243,OC(=O)c1ccc(NC(=O)[C@H](C2CCCCC2)n3c(nc4cc(F)c(F)cc34)c5ccc(Cl)cc5)c(Cl)c1,8.05
134,CHEMBL576415,CC(C)OC(=O)C1=CN(CC(C)(C)c2cc(C#N)[nH]c12)C(=O)c3cccc(c3)C(F)(F)F,8.07
135,CHEMBL3335672,COc1ccc(C(=O)Nc2cccc(c2)C(=O)O)c(NC(=O)c3ccc(cc3)C(C)(C)C)c1,8.1
136,CHEMBL1668257,Fc1cc2nc(c3ccc(Cl)cc3)n([C@@H](C4CCCCC4)C(=O)Nc5ccc(cc5F)c6nnn[nH]6)c2cc1F,8.1
137,CHEMBL1668244,OC(=O)c1ccc(NC(=O)[C@H](C2CCCCC2)n3c(nc4cc(F)c(F)cc34)c5ccc(Cl)cc5)c(c1)C(F)(F)F,8.1
138,CHEMBL3264644,COc1cccc(Cn2cc(C(=O)Nc3ccc(C)c(c3)S(=O)(=O)N4CCOCC4)c(n2)c5ccc(C)cc5)c1,8.13
139,CHEMBL3589975,Cc1ccccc1c2noc(n2)c3cccc(c3)C(=O)O,8.14
140,CHEMBL3822798,CC(C)n1nc(cc1C2CC2c3ccc(OCc4c(onc4c5c(Cl)cccc5Cl)C6CC6)cc3Cl)C(=O)O,8.16
141,CHEMBL3823517,OC(=O)c1cncc(c1)N2CC(O)(C2)c3ccc(OCc4c(onc4c5c(Cl)cccc5Cl)C6CC6)cc3Cl,8.16
142,CHEMBL568235,CC(C)OC(=O)C1=CN(CC(C)(C)c2cc(C#N)[nH]c12)C(=O)C3CCCCC3,8.19
143,CHEMBL565728,CC(C)OC(=O)C1=CN(CC(C)(C)c2cc(C#N)[nH]c12)C(=O)c3ccc(F)c(F)c3,8.2
144,CHEMBL578150,CC(C)OC(=O)C1=CN(CC(C)(C)c2cc(C#N)[nH]c12)C(=O)c3ccc(F)cc3,8.3
145,CHEMBL3822755,CC(C)n1nc(cc1[C@@H]2C[C@H]2c3ccc(OCc4c(onc4c5c(Cl)cccc5Cl)C6CC6)cc3Cl)C(=O)O,8.4
146,CHEMBL1615154,OC(=O)c1cc(F)c(NC(=O)[C@H](C2CCCCC2)n3c(nc4cc(F)c(F)cc34)c5ccc(Cl)cc5)c(F)c1,8.4
147,CHEMBL1209170,CN(Cc1cccc(c1)C(=O)O)c2ccc(OCc3c(onc3c4c(Cl)cccc4Cl)C5CC5)nc2C(F)(F)F,8.52
148,CHEMBL578970,CC(C)OC(=O)C1=CN(CC(C)(C)c2cc(C#N)[nH]c12)C(=O)c3cccc(F)c3,8.6
149,CHEMBL1668249,OC(=O)C1(CC1)Oc2ccc(NC(=O)[C@H](C3CCCCC3)n4c(nc5cc(F)c(F)cc45)c6ccc(Cl)cc6)c(F)c2,9.0
0,CHEMBL1552,C[C@H](CCC(=O)NCC(=O)O)[C@H]1CC[C@H]2[C@@H]3[C@H](O)C[C@@H]4C[C@H](O)CC[C@]4(C)[C@H]3CC[C@]12C,5.52
2,CHEMBL240597,C[C@H](CCC(=O)O)[C@H]1CC[C@H]2[C@@H]3[C@H](O)C[C@@H]4C[C@H](O)CC[C@]4(C)[C@H]3CC[C@]12C,5.06
3,CHEMBL3137829,C[C@H](CCC(=O)O)C1CC[C@H]2[C@@H]3[C@H](O)[C@H](C)C4C[C@H](O)CC[C@]4(C)[C@H]3CC[C@]12C,6.13
4,CHEMBL185878,C[C@H](CCC(=O)NCCS(=O)(=O)O)[C@H]1CC[C@H]2[C@@H]3[C@H](O)C[C@@H]4C[C@H](O)CC[C@]4(C)[C@H]3CC[C@]12C,5.52
5,CHEMBL3138184,CCC[C@H]1[C@@H](O)[C@H]2[C@@H]3CCC([C@H](C)CCC(=O)O)[C@@]3(C)CC[C@@H]2[C@@]4(C)CC[C@@H](O)CC14,5.96
6,CHEMBL566315,CC[C@H]1[C@@H](O)[C@H]2[C@@H]3CC[C@H]([C@H](C)CCC(=O)O)[C@@]3(C)CC[C@@H]2[C@@]4(C)CC[C@@H](O)C[C@@H]14,7.0
50,CHEMBL3138060,C[C@H](CCC(=O)O)C1CC[C@H]2[C@@H]3[C@H](O)[C@H](CC=C)C4C[C@H](O)CC[C@]4(C)[C@H]3CC[C@]12C,6.32
52,CHEMBL3138046,C[C@H](CCC(=O)O)C1CC[C@H]2[C@@H]3[C@H](O)[C@H](CCO)C4C[C@H](O)CC[C@]4(C)[C@H]3CC[C@]12C,4.21
54,CHEMBL3138036,C[C@H](CCC(=O)O)C1CC[C@H]2[C@@H]3[C@H](O)[C@H](CC#C)C4C[C@H](O)CC[C@]4(C)[C@H]3CC[C@]12C,6.27
58,CHEMBL3138054,CO[C@H]1[C@@H](O)[C@H]2[C@@H]3CCC([C@H](C)CCC(=O)O)[C@@]3(C)CC[C@@H]2[C@@]4(C)CC[C@@H](O)CC14,4.83
60,CHEMBL3138311,C[C@H](CCC(=O)O)C1CC[C@H]2[C@@H]3[C@H](O)[C@H](F)C4C[C@H](O)CC[C@]4(C)[C@H]3CC[C@]12C,4.82
62,CHEMBL3138327,C[C@H](CCC(=O)O)C1CC[C@H]2[C@@H]3[C@H](O)[C@@H](F)C4C[C@H](O)CC[C@]4(C)[C@H]3CC[C@]12C,5.92
64,CHEMBL270311,C[C@H](CCC(=O)O)[C@H]1CC[C@H]2[C@@H]3[C@H](O)C[C@@H]4CCCC[C@]4(C)[C@H]3CC[C@]12C,5.89
66,CHEMBL3138037,C[C@H]([C@H](O)CC(=O)O)C1CC[C@H]2[C@@H]3[C@H](O)CC4C[C@H](O)CC[C@]4(C)[C@H]3CC[C@]12C,4.48
68,CHEMBL3138406,C[C@H](C[C@H](O)C(=O)O)C1CC[C@H]2[C@@H]3[C@H](O)CC4C[C@H](O)CC[C@]4(C)[C@H]3CC[C@]12C,4.88
70,CHEMBL3138040,C[C@H](C[C@@H](O)C(=O)O)C1CC[C@H]2[C@@H]3[C@H](O)CC4C[C@H](O)CC[C@]4(C)[C@H]3CC[C@]12C,4.99
72,CHEMBL3138043,C[C@H](CC(C)C(=O)O)C1CC[C@H]2[C@@H]3[C@H](O)[C@H](C)C4C[C@H](O)CC[C@]4(C)[C@H]3CC[C@]12C,4.81
78,CHEMBL3138041,C[C@H]([C@@H]1C[C@H]1C(=O)O)C2CC[C@H]3[C@@H]4[C@H](O)CC5C[C@H](O)CC[C@]5(C)[C@H]4CC[C@]23C,5.61
80,CHEMBL3138035,C[C@H]([C@H]1C[C@@H]1C(=O)O)C2CC[C@H]3[C@@H]4[C@H](O)CC5C[C@H](O)CC[C@]5(C)[C@H]4CC[C@]23C,4.37
84,CHEMBL3138044,C[C@H](CCN)C1CC[C@H]2[C@@H]3[C@H](O)CC4C[C@H](O)CC[C@]4(C)[C@H]3CC[C@]12C,5.01
86,CHEMBL3138403,CCOC(=O)NCC[C@@H](C)C1CC[C@H]2[C@@H]3[C@H](O)CC4C[C@H](O)CC[C@]4(C)[C@H]3CC[C@]12C,5.57
88,CHEMBL3138034,C[C@H](CCN1OC(=O)NC1=O)C2CC[C@H]3[C@@H]4[C@H](O)CC5C[C@H](O)CC[C@]5(C)[C@H]4CC[C@]23C,5.91
90,CHEMBL3138058,C[C@H](CCCOS(=O)(=O)O)C1CC[C@H]2[C@@H]3[C@H](O)CC4C[C@H](O)CC[C@]4(C)[C@H]3CC[C@]12C,5.22
92,CHEMBL3138038,C[C@H](CCCS(=O)(=O)O)C1CC[C@H]2[C@@H]3[C@H](O)CC4C[C@H](O)CC[C@]4(C)[C@H]3CC[C@]12C,5.34
94,CHEMBL193099,COC(=O)\C=C\c1cccc(c1)N(Cc2ccc(\C=C\c3c(Cl)cccc3Cl)cc2)C(=O)C(C)C,6.71
95,CHEMBL193148,COC(=O)\C=C\c1cccc(c1)N(Cc2ccc(\C=C\c3cc(cc(c3)C(F)(F)F)C(F)(F)F)cc2)C(=O)C4CCCCC4,5.83
96,CHEMBL189944,COC(=O)\C=C\c1cccc(c1)N(Cc2ccc(\C=C\c3cc(cc(c3)C(F)(F)F)C(F)(F)F)cc2)C(=O)C(C)C,5.71
97,CHEMBL189425,COC(=O)\C=C\c1cccc(c1)N(Cc2ccc(\C=C\c3cccc(c3)C(F)(F)F)cc2)C(=O)C(C)C,6.57
98,CHEMBL192701,COC(=O)\C=C\c1cccc(c1)N(Cc2ccc(\C=C\c3cccc(c3)C(F)(F)F)cc2)C(=O)NC(C)C,6.03
99,CHEMBL447784,COC(=O)\C=C\c1cccc(c1)N(Cc2ccc(\C=C\c3c(F)cccc3F)cc2)C(=O)C(C)C,6.97
101,CHEMBL190440,COC(=O)\C=C\c1cccc(c1)N(Cc2ccc(\C=C\c3ccccc3F)cc2)C(=O)NC(C)C,6.37
102,CHEMBL190553,COC(=O)\C=C\c1cccc(c1)N(Cc2ccc(\C=C\c3c(C)cc(C)cc3C)cc2)C(=O)C(C)C,6.83
103,CHEMBL190499,COC(=O)\C=C\c1cccc(c1)N(Cc2ccc(\C=C\c3c(C)cc(C)cc3C)cc2)C(=O)NC(C)C,6.37
106,CHEMBL364810,COC(=O)\C=C\c1cccc(c1)N(Cc2ccc(\C=C\c3ccc(F)cc3)cc2)C(=O)C(C)C,6.92
107,CHEMBL194004,COC(=O)\C=C\c1cccc(c1)N(Cc2ccc(\C=C\c3ccc(F)cc3)cc2)C(=O)NC(C)C,6.46
108,CHEMBL370742,COC(=O)\C=C\c1cccc(c1)N(Cc2ccc(\C=C\c3ccccn3)cc2)C(=O)C4CCCCC4,6.51
109,CHEMBL364289,COC(=O)\C=C\c1cccc(c1)N(Cc2ccc(\C=C\c3ccccn3)cc2)C(=O)C(C)C,6.51
110,CHEMBL372916,COC(=O)\C=C\c1cccc(c1)N(Cc2ccc(\C=C\c3scnc3C)cc2)C(=O)C4CCCCC4,6.64
111,CHEMBL192932,COC(=O)\C=C\c1cccc(c1)N(Cc2ccc(\C=C\c3scnc3C)cc2)C(=O)C(C)C,6.64
117,CHEMBL191097,COC(=O)\C=C\c1cccc(c1)N(Cc2ccc(cc2)c3cccc(OC)c3)C(=O)NC(C)C,5.86
118,CHEMBL364746,CCOc1cccc(c1)c2ccc(CN(C(=O)C3CCCCC3)c4cccc(\C=C\C(=O)OC)c4)cc2,6.83
119,CHEMBL190166,CCOc1cccc(c1)c2ccc(CN(C(=O)C(C)C)c3cccc(\C=C\C(=O)OC)c3)cc2,6.76
124,CHEMBL189155,COC(=O)\C=C\c1cccc(c1)N(Cc2ccc(cc2)c3ccc(C)cc3)C(=O)C(C)C,6.93
125,CHEMBL190421,COC(=O)\C=C\c1cccc(c1)N(Cc2ccc(cc2)c3ccc(C)cc3)C(=O)NC(C)C,6.35
126,CHEMBL364749,COC(=O)\C=C\c1cccc(c1)N(Cc2ccc(cc2)c3cccc(C)c3)C(=O)C4CCCCC4,6.96
127,CHEMBL373308,COC(=O)\C=C\c1cccc(c1)N(Cc2ccc(cc2)c3cccc(C)c3)C(=O)C(C)C,6.79
128,CHEMBL191439,COC(=O)\C=C\c1cccc(c1)N(Cc2ccc(cc2)c3cc(Cl)ccc3OC)C(=O)C(C)C,6.65
134,CHEMBL192752,COC(=O)\C=C\c1cccc(c1)N(Cc2ccc(cc2)c3ccc(OC(F)(F)F)cc3)C(=O)C(C)C,6.66
135,CHEMBL190566,COC(=O)\C=C\c1cccc(c1)N(Cc2ccc(cc2)c3cccc(OC(F)(F)F)c3)C(=O)C(C)C,6.61
140,CHEMBL363132,COC(=O)\C=C\c1cccc(c1)N(Cc2ccc(cc2)c3ccc(cc3)N(C)C)C(=O)NC(C)C,6.79
141,CHEMBL192270,COC(=O)\C=C\c1cccc(c1)N(Cc2ccc(cc2)c3ccc(cc3)C(C)(C)C)C(=O)C4CCCCC4,6.88
143,CHEMBL192769,COC\C=C\c1cccc(c1)N(Cc2ccc(\C=C\C(=O)OC(C)(C)C)cc2)C(=O)C3CCCCC3,6.61
144,CHEMBL190304,CCOC\C=C\c1cccc(c1)N(Cc2ccc(\C=C\C(=O)OC(C)(C)C)cc2)C(=O)C3CCCCC3,6.66
145,CHEMBL435492,COC(=O)\C=C\c1cccc(c1)N(Cc2ccc(\C=C\C(=O)OC(C)(C)C)cc2)C(=O)c3ccccc3,6.63
146,CHEMBL189309,COC(=O)\C=C\c1cccc(c1)N(Cc2ccc(\C=C\C(=O)OC(C)(C)C)cc2)C(=O)c3occc3,6.69
147,CHEMBL190181,COC(=O)\C=C\c1cccc(c1)N(Cc2ccc(\C=C\C(=O)OC(C)(C)C)cc2)C(=O)NC(C)C,6.67
152,CHEMBL193213,COC(=O)\C=C\c1cccc(c1)N(C(=O)C2CCCCC2)c3ccc4ccccc4c3,6.17
158,CHEMBL189741,COC(=O)\C=C\c1cccc(c1)N(Cc2ccc3C=CC(C)(C)Oc3c2OC)C(=O)C4CCCCC4,6.45
159,CHEMBL373297,COC(=O)\C=C\c1cccc(c1)N(Cc2ccc3C4C(C(C)(C)Oc3c2OC)C4(Cl)Cl)C(=O)c5ccccc5,6.48
165,CHEMBL189265,COC\C=C\c1ccc(CN(C(=O)C2CCCCC2)c3cccc(\C=C\C(=O)OC)c3)cc1,6.63
174,CHEMBL191984,COC(=O)\C=C\c1cccc(c1)N(Cc2ccc(cc2)c3cccc(c3)C(=O)C)C(=O)C4CCCCC4,6.64
176,CHEMBL189897,COC(=O)\C=C\c1cccc(c1)N(Cc2ccc(cc2)c3ccc(C)s3)C(=O)C4CCCCC4,6.69
177,CHEMBL189685,COC(=O)\C=C\c1cccc(c1)N(Cc2ccc(cc2)c3ccc(s3)C(=O)C)C(=O)C4CCCCC4,6.59
178,CHEMBL192070,COC(=O)\C=C\c1cccc(c1)N(Cc2ccc(\C=C\c3ccc(OC)cc3)cc2)C(=O)C4CCCCC4,6.68
181,CHEMBL192174,COC(=O)\C=C\c1cccc(c1)N(Cc2cc(OC)cc(OC)c2)C(=O)C3CCCCC3,6.22
187,CHEMBL189735,COC(=O)\C=C\c1cccc(c1)N(Cc2ccc(\C=C\c3c(Cl)cccc3Cl)cc2)C(=O)C4CCCCC4,6.82
189,CHEMBL371414,COC(=O)\C=C\c1cccc(c1)N(Cc2ccc(\C=C\c3cccc(Cl)c3)cc2)C(=O)C4CCCCC4,6.78
191,CHEMBL370479,COC(=O)\C=C\c1cccc(c1)N(Cc2ccc(\C=C\c3cccc(Cl)c3)cc2)C(=O)C(C)C,6.79
197,CHEMBL363873,COC(=O)\C=C\c1cccc(c1)N(Cc2ccc(\C=C\c3cccc(F)c3)cc2)C(=O)NC(C)C,6.33
199,CHEMBL190830,COC(=O)\C=C\c1cccc(c1)N(Cc2ccc(\C=C\c3ccc(F)cc3)cc2)C(=O)C4CCCCC4,6.73
203,CHEMBL365791,COC(=O)\C=C\c1cccc(c1)N(Cc2ccc(cc2)c3cccc(Cl)c3)C(=O)NC(C)C,5.85
205,CHEMBL362898,COC(=O)\C=C\c1cccc(c1)N(Cc2ccc(cc2)c3cccc(C)c3)C(=O)NC(C)C,5.88
207,CHEMBL191379,COC(=O)\C=C\c1cccc(c1)N(Cc2ccc(cc2)c3cc(Cl)ccc3OC)C(=O)C4CCCCC4,6.63
209,CHEMBL425555,COC(=O)\C=C\c1cccc(c1)N(Cc2ccc(cc2)c3ccc(F)c(Cl)c3)C(=O)C(C)C,6.89
211,CHEMBL194104,COC(=O)\C=C\c1cccc(c1)N(Cc2ccc(cc2)c3ccc(OC(F)(F)F)cc3)C(=O)C4CCCCC4,6.58
213,CHEMBL364932,COC(=O)\C=C\c1cccc(c1)N(Cc2ccc(cc2)c3cccc(OC(F)(F)F)c3)C(=O)C4CCCCC4,6.38
215,CHEMBL189432,COC(=O)\C=C\c1cccc(c1)N(Cc2ccc(cc2)c3c(OC)cccc3OC)C(=O)NC(C)C,6.25
224,CHEMBL197473,COc1c(CN(C(=O)C2CC2)c3ccccc3)ccc4C=CC(C)(C)Oc14,5.0
226,CHEMBL410683,C\C=C\1/C(=O)C[C@H]2[C@@H]3CCC4=CC(=O)CC[C@]4(C)[C@H]3CC[C@]12C,4.0
228,CHEMBL402063,C\C=C/1\C(=O)C[C@H]2[C@@H]3CCC4=CC(=O)CC[C@]4(C)[C@H]3CC[C@]12C,4.0
233,CHEMBL209145,CCC(CC)(c1ccc(OCC(=O)O)c(C)c1)c2ccc(OCc3c(onc3c4c(Cl)cccc4Cl)C(C)C)c(C)c2,5.47
246,CHEMBL3138091,C[C@H](CCNC(=O)OCc1ccc(cc1)C(=O)O)C2CC[C@H]3[C@@H]4[C@H](O)CC5C[C@H](O)CC[C@]5(C)[C@H]4CC[C@]23C,5.15
280,CHEMBL373765,CC(=O)OC[C@@]12CCC3C(C)(C)CCC[C@]3(C)C1C[C@@H](OC(=O)C)[C@@]4(C)C2CC=C5CO[C@@H](O)[C@H]45,5.09
282,CHEMBL413656,CC(=O)O[C@@H]1CC2[C@@]3(C)CCCC(C)(C)C3CC[C@@]2(C)C4CC=C5CO[C@@H](O)[C@@H]5[C@@]14C,4.09
283,CHEMBL216782,CC(=O)OC[C@@]12CCC3C(C)(C)CCC[C@]3(C)C1C[C@@H](O)[C@@]4(C)C2CC=C5CO[C@@H](O)[C@H]45,4.6
284,CHEMBL218308,CO[C@@H]1OCC2=CCC3[C@]4(C)CCC5C(C)(C)CCC[C@]5(C)C4C[C@@H](O)[C@]3(C)[C@@H]12,4.61
285,CHEMBL219377,CC1(C)CCC[C@@]2(C)C1CC[C@@]3(CO)C4CC=C5CO[C@@H](O)[C@@H]5[C@@]4(C)[C@H](O)CC23,4.19
290,CHEMBL245001,C[C@H](C[C@@H](C)C(=O)O)[C@H]1CC[C@H]2[C@@H]3[C@H](O)CC4C[C@H](O)CC[C@]4(C)[C@H]3CC[C@]12C,4.98
291,CHEMBL244785,CC[C@H]1[C@@H](O)[C@H]2[C@@H]3CC[C@H]([C@H](C)C[C@H](C)C(=O)O)[C@@]3(C)CC[C@@H]2[C@@]4(C)CC[C@@H](O)CC14,4.93
292,CHEMBL244784,C[C@H](C[C@H](C)C(=O)O)[C@H]1CC[C@H]2[C@@H]3[C@H](O)[C@H](C)C4C[C@H](O)CC[C@]4(C)[C@H]3CC[C@]12C,4.94
308,CHEMBL231899,OC(=O)c1cccc(\C=C\c2ccc(OCc3c(onc3c4c(Cl)cccc4Cl)c5ccc6ccccc6c5)cc2Cl)c1,4.65
309,CHEMBL398012,OC(=O)c1cccc(\C=C\c2ccc(OCc3c(onc3c4c(Cl)cccc4Cl)c5ccc(cc5)c6ccccc6)cc2Cl)c1,4.47
310,CHEMBL234371,OC(=O)c1cccc(NC(=O)c2ccc(OCc3c(onc3c4c(Cl)cccc4Cl)c5ccc6ccccc6c5)cc2Cl)c1,5.4
311,CHEMBL234747,OC(=O)c1cccc(NC(=O)c2ccc(OCc3c(onc3c4c(Cl)cccc4Cl)c5ccc(cc5)c6ccccc6)cc2Cl)c1,5.43
312,CHEMBL274652,OC(=O)c1cccc(\C=C\c2ccc(OCc3c(onc3c4c(Cl)cccc4Cl)c5ccccc5)cc2Cl)c1,4.8
360,CHEMBL250263,CC1(C)CCC[C@@]2(C)[C@H]1CC[C@]3(C)[C@@H]2C[C@@H](O)[C@]4(C)[C@H]5COC(=O)C5=CC[C@@H]34,4.5
362,CHEMBL269105,CC(=O)O[C@@H]1C[C@@H]2[C@@]3(C)CCCC(C)(C)[C@@H]3CC[C@@]2(C)[C@@H]4CC=C5[C@H]([C@H](O)OC5=O)[C@@]14C,4.22
363,CHEMBL399743,CC1(C)CCC[C@@]2(C)[C@H]1CC[C@]3(C)[C@@H]2C[C@@H](O)[C@@]4(C)[C@H]3CC=C5[C@@H]4[C@H](O)OC5=O,4.13
364,CHEMBL251696,CO[C@@H]1OC(=O)C2=CC[C@H]3[C@]4(C)CC[C@H]5C(C)(C)CCC[C@]5(C)[C@H]4C[C@@H](O)[C@]3(C)[C@@H]12,4.62
366,CHEMBL251695,C[C@@]1(CO)CCC[C@@]2(C)[C@H]1CC[C@@]3(C)[C@@H]4CC=C5[C@H](COC5=O)[C@@]4(C)[C@H](O)C[C@H]23,5.62
388,CHEMBL261826,C[C@H](CCC(=O)NCCS(=O)(=O)O)[C@H]1CC[C@H]2[C@@H]3[C@@H](C)C[C@@H]4CCCC[C@]4(C)[C@H]3CC[C@]12C,4.98
398,CHEMBL523785,CCOC(=O)C1=CN(CCc2c1[nH]c3ccccc23)C(=O)c4ccc(F)cc4,6.22
399,CHEMBL454366,CC(C)OC(=O)C1=CN(CCc2c1[nH]c3ccccc23)C(=O)c4ccc(F)cc4,6.3
400,CHEMBL509912,CCCOC(=O)C1=CN(CCc2c1[nH]c3ccccc23)C(=O)c4ccc(F)cc4,6.3
401,CHEMBL454367,CCCCOC(=O)C1=CN(CCc2c1[nH]c3ccccc23)C(=O)c4ccc(F)cc4,5.96
402,CHEMBL507745,CCOC(=O)C1=CN(CC(C)c2c1[nH]c3ccccc23)C(=O)c4ccc(F)cc4,7.24
403,CHEMBL453098,CCOC(=O)C1=CN(CC(C)c2c1[nH]c3ccccc23)C(=O)c4ccc(Cl)cc4,7.14
404,CHEMBL509416,CCOC(=O)C1=CN(CC(C)c2c1[nH]c3ccccc23)C(=O)c4ccc(OC)cc4,7.22
405,CHEMBL453912,CCOC(=O)C1=CN(CC(C)c2c1[nH]c3ccccc23)C(=O)c4ccc(F)c(F)c4,7.5
406,CHEMBL453913,CCOC(=O)C1=CN(CC(C)(C)c2c1[nH]c3ccccc23)C(=O)c4ccc(F)cc4,7.66
408,CHEMBL454136,CCOC(=O)C1=CN(CC(C)(C)c2c1[nH]c3ccccc23)C(=O)c4ccc(Cl)cc4,7.6
409,CHEMBL507786,CCOC(=O)C1=CN(CC(C)(C)c2c1[nH]c3ccccc23)C(=O)c4ccc(OC)cc4,7.54
410,CHEMBL454137,CC(C)OC(=O)C1=CN(CC(C)(C)c2c1[nH]c3ccccc23)C(=O)c4ccc(F)cc4,8.1
473,CHEMBL466315,COc1ccccc1c2noc(C(C)C)c2COc3ccc(\C=C\c4cccc(c4)C(=O)O)c(Cl)c3,6.6
474,CHEMBL466318,CC(C)c1onc(c1COc2ccc(\C=C\c3cccc(c3)C(=O)O)c(Cl)c2)c4ccc(cc4Cl)S(=O)(=O)C,6.77
475,CHEMBL469135,CC(C)c1onc(c1COc2ccc(\C=C\c3cccc(c3)C(=O)O)c(Cl)c2)c4c(Cl)cncc4Cl,6.16
478,CHEMBL513149,CC(C)c1onc(C2=C(Cl)C(=O)NC=C2)c1COc3ccc(c(C)c3)c4ccc5c(cn(C)c5c4)C(=O)O,5.96
479,CHEMBL466471,CC(C)c1onc(C2=C(Cl)C(=O)N(C)C=C2)c1COc3ccc(c(C)c3)c4ccc5c(cn(C)c5c4)C(=O)O,5.76
480,CHEMBL466880,CC(C)c1onc(C2=C(Cl)C(=O)N(C)C=C2Cl)c1COc3ccc(c(C)c3)c4ccc5c(cn(C)c5c4)C(=O)O,5.56
481,CHEMBL511389,CC(C)c1onc(C2=C(Cl)C=CC(=O)N2C)c1COc3ccc(c(C)c3)c4ccc5c(cn(C)c5c4)C(=O)O,6.63
482,CHEMBL466887,COc1ccc(Cl)c(n1)c2noc(C(C)C)c2COc3ccc(c(C)c3)c4ccc5c(cn(C)c5c4)C(=O)O,6.51
483,CHEMBL511559,CC(C)c1onc(C2=C(Cl)C=CC(=O)N2)c1COc3ccc(c(C)c3)c4ccc5c(cn(C)c5c4)C(=O)O,5.38
510,CHEMBL517365,CC(C)c1onc(c1COc2ccc(cc2)c3ccc4cccc(C(=O)O)c4c3)c5c(Cl)cccc5Cl,5.64
511,CHEMBL514398,CC(C)c1onc(c1COc2ccc(cc2)c3ccc4ccc(cc4c3)C(=O)O)c5c(Cl)cccc5Cl,6.38
512,CHEMBL515776,CC(C)c1onc(c1COc2ccc(cc2)c3ccc4cc(ccc4c3)C(=O)O)c5c(Cl)cccc5Cl,7.0
563,CHEMBL466831,CC[C@@H](C)c1onc(c1COc2ccc(\C=C\c3cccc(c3)C(=O)O)c(Cl)c2)c4c(Cl)cccc4Cl,7.03
710,CHEMBL560805,CC(C)c1onc(c1COc2ccc3sc(cc3c2)c4ccc(cc4)C(=O)O)c5c(Cl)cccc5Cl,6.55
718,CHEMBL551019,CC(C)c1onc(c1COc2ccc3cc(sc3c2)c4ccc(cc4)C(=O)O)c5c(Cl)cccc5Cl,6.7
722,CHEMBL551344,CC(C)c1onc(c1COc2ccc3nc(sc3c2)c4cccc(c4)C(=O)O)c5c(Cl)cccc5Cl,6.39
726,CHEMBL558724,CC(C)c1onc(c1COc2ccc3[nH]c(cc3c2)c4cccc(c4)C(=O)O)c5c(Cl)cccc5Cl,6.32
730,CHEMBL559554,CC(C)c1onc(c1COc2ccc3cc(ccc3c2)c4cccc(c4)C(=O)O)c5c(Cl)cccc5Cl,6.96
734,CHEMBL551345,CC(C)c1onc(c1COc2ccc3cc(ccc3c2)c4ccc(cc4)C(=O)O)c5c(Cl)cccc5Cl,6.36
738,CHEMBL564917,CC(C)c1onc(c1COc2ccc3C(=O)N(Cc3c2)c4cccc(c4)C(=O)O)c5c(Cl)cccc5Cl,6.17
742,CHEMBL559950,CC(C)c1onc(c1COc2ccc3C(=O)N(CCc3c2)c4cccc(c4)C(=O)O)c5c(Cl)cccc5Cl,6.15
746,CHEMBL558662,CC(C)c1onc(c1COc2ccc3CN(C(=O)Cc3c2)c4cccc(c4)C(=O)O)c5c(Cl)cccc5Cl,5.96
749,CHEMBL563241,CC(C)c1onc(c1CNc2nc3ccc(cc3s2)c4cccc(c4)C(=O)O)c5c(Cl)cccc5Cl,6.02
753,CHEMBL556311,CC(C)c1onc(c1CCc2oc3ccc(cc3n2)c4cccc(c4)C(=O)O)c5c(Cl)cccc5Cl,5.92
757,CHEMBL562086,CC(C)c1onc(c1COc2ccc3c(ccn3Cc4cccc(c4)C(=O)O)c2)c5c(Cl)cccc5Cl,6.5
761,CHEMBL560147,CC(C)c1onc(c1COc2ccc3c(ccn3Cc4ccc(cc4)C(=O)O)c2)c5c(Cl)cccc5Cl,6.8
765,CHEMBL552352,CC(C)c1onc(c1COc2ccc3c(Cc4cccc(c4)C(=O)O)c[nH]c3c2)c5c(Cl)cccc5Cl,6.23
769,CHEMBL549310,CC(C)c1onc(c1COc2ccc3c(ccn3S(=O)(=O)c4cccc(c4)C(=O)O)c2)c5c(Cl)cccc5Cl,6.8
773,CHEMBL562011,CC(C)c1onc(c1COc2ccc3c(ccn3C(=O)c4cccc(c4)C(=O)O)c2)c5c(Cl)cccc5Cl,6.82
777,CHEMBL2094007,CC(C)c1onc(c1COc2ccc3[nH]cc(Cc4cccc(c4)C(=O)O)c3c2)c5c(Cl)cccc5Cl,5.82
780,CHEMBL550070,CC(C)c1onc(c1COc2ccc3c(c2)ncn3Cc4cccc(c4)C(=O)O)c5c(Cl)cccc5Cl,5.85
788,CHEMBL559890,CC(C)c1onc(c1CCc2oc3c(Nc4cccc(c4)C(=O)O)cccc3n2)c5c(Cl)cccc5Cl,5.77
802,CHEMBL566985,CC[C@H]1[C@@H](O)[C@H]2[C@@H]3CC[C@H]([C@H](C)C[C@H](O)C(=O)O)[C@@]3(C)CC[C@@H]2[C@@]4(C)CC[C@@H](O)C[C@@H]14,4.93
868,CHEMBL568014,CC(C)OC(=O)C1CN(CC(C)(C)c2cc(C#N)[nH]c12)C(=O)c3ccc(F)c(F)c3,6.55
869,CHEMBL584048,CC(C)OC(=O)C1CN(CC(C)(C)c2cc(C#N)[nH]c12)C(=O)c3cccc(F)c3,5.89
870,CHEMBL565729,CC(C)OC(=O)C1CN(CC(C)(C)c2cc(C#N)[nH]c12)C(=O)c3ccc(F)cc3,6.19
871,CHEMBL579197,CC(C)OC(=O)C1CN(CC(C)(C)c2cc(C#N)[nH]c12)C(=O)C3CCCCC3,5.72
872,CHEMBL579263,CC(C)OC(=O)C1CN(CC(C)(C)c2cc(C#N)[nH]c12)C(=O)c3ccc(cc3)C#N,5.24
873,CHEMBL565752,CC(C)OC(=O)C1CN(CC(C)(C)c2cc(C#N)[nH]c12)C(=O)c3cccc(Cl)c3,5.89
874,CHEMBL565981,CC(C)OC(=O)C1CN(CC(C)(C)c2cc(C#N)[nH]c12)C(=O)c3cccc(c3)C(F)(F)F,5.57
875,CHEMBL584897,CC(C)OC(=O)C1CN(CC(C)(C)c2cc(C#N)[nH]c12)C(=O)c3ccc(Cl)cc3,5.39
876,CHEMBL576636,CC(C)OC(=O)C1CN(CC(C)(C)c2cc(C#N)[nH]c12)C(=O)C3CCOCC3,5.48
896,CHEMBL603278,CC(C)OC(=O)C1=CN(CC(C)(C)c2c1[nH]c3ccc(F)cc23)C(=O)c4ccc(F)c(F)c4,7.35
897,CHEMBL604334,CC(C)OC(=O)C1=CN(CC(C)(C)c2c1[nH]c3ccccc23)C(=O)c4cccc(CN5CCOCC5)c4,5.8
898,CHEMBL601434,CC(C)OC(=O)C1=CN(CC(C)(C)c2c1[nH]c3ccccc23)C(=O)c4cccc(CN5CCN(C)CC5)c4,6.43
899,CHEMBL601647,CC(C)OC(=O)C1=CN(CC(C)(C)c2c1[nH]c3ccccc23)C(=O)c4cccc(CN5CCCCC5)c4,6.27
900,CHEMBL602883,CC(C)OC(=O)C1=CN(CC(C)(C)c2c1[nH]c3ccccc23)C(=O)c4cccc(CN5CCCC5)c4,6.47
901,CHEMBL603086,CC(C)OC(=O)C1=CN(CC(C)(C)c2c1[nH]c3ccccc23)C(=O)c4ccc(CN5CCOCC5)cc4,7.64
902,CHEMBL603282,CC(C)OC(=O)C1=CN(CC(C)(C)c2c1[nH]c3cc(F)ccc23)C(=O)c4ccc(CN5CCOCC5)cc4,6.35
903,CHEMBL602681,CC(C)OC(=O)C1=CN(CC(C)(C)c2c1[nH]c3ccccc23)C(=O)c4ccc(CCN5CCOCC5)cc4,6.22
904,CHEMBL611221,CC(C)OC(=O)C1=CN(CC(C)(C)c2c1[nH]c3cc(F)ccc23)C(=O)c4ccc(CCN5CCOCC5)cc4,6.47
905,CHEMBL601873,CC(C)OC(=O)C1=CN(CC(C)(C)c2c1[nH]c3ccccc23)C(=O)c4ccc(OCCCN5CCOCC5)cc4,7.0
906,CHEMBL603492,CC(C)OC(=O)C1=CN(CC(C)(C)c2c1[nH]c3ccccc23)C(=O)c4ccc(OCCN5CCCCC5)cc4,5.97
907,CHEMBL604761,CC(C)OC(=O)C1=CN(CC(C)(C)c2c1[nH]c3ccccc23)C(=O)c4ccc(OCCN(C)C)cc4,6.36
908,CHEMBL600415,CC(C)OC(=O)C1=CN(CC(C)(C)c2c1[nH]c3ccccc23)C(=O)c4ccc(OCCN5CCCC5)cc4,6.16
909,CHEMBL602894,CC(C)OC(=O)C1=CN(CC(C)(C)c2c1[nH]c3ccccc23)C(=O)c4ccc(OCCN5CCOCC5)cc4,6.6
910,CHEMBL602895,CC(C)OC(=O)C1=CN(CC(C)(C)c2c1[nH]c3ccccc23)C(=O)c4ccc(OCCN5CCN(C)CC5)cc4,6.54
911,CHEMBL603099,CC(C)OC(=O)C1=CN(CC(C)(C)c2c1[nH]c3ccccc23)C(=O)c4ccc(OCCCN(C)C)cc4,6.57
912,CHEMBL602494,CC(C)OC(=O)C1=CN(CC(C)(C)c2c1[nH]c3ccccc23)C(=O)c4ccc(OCCCN5CCCC5)cc4,6.44
913,CHEMBL602495,CC(C)OC(=O)C1=CN(CC(C)(C)c2c1[nH]c3ccccc23)C(=O)c4ccc(OCCCN5CCCCC5)cc4,6.37
914,CHEMBL592647,CC(C)OC(=O)C1=CN(CC(C)(C)c2c1[nH]c3ccccc23)C(=O)c4ccc(OCCCN5CCN(C)CC5)cc4,6.71
915,CHEMBL602693,CC(C)OC(=O)C1=CN(CC(C)(C)c2c1[nH]c3ccccc23)C(=O)c4cccc(OCCN(C)C)c4,5.86
916,CHEMBL602287,CC(C)OC(=O)C1=CN(CC(C)(C)c2c1[nH]c3ccccc23)C(=O)c4cccc(OCCN5CCCC5)c4,5.88
917,CHEMBL602288,CC(C)OC(=O)C1=CN(CC(C)(C)c2c1[nH]c3ccccc23)C(=O)c4cccc(OCCN5CCCCC5)c4,6.05
918,CHEMBL605996,CC(C)OC(=O)C1=CN(CC(C)(C)c2c1[nH]c3ccccc23)C(=O)c4cccc(OCCN5CCOCC5)c4,6.07
919,CHEMBL601251,CC(C)OC(=O)C1=CN(CC(C)(C)c2c1[nH]c3ccccc23)C(=O)c4cccc(OCCN5CCN(C)CC5)c4,5.54
920,CHEMBL601459,CC(C)OC(=O)C1=CN(CC(C)(C)c2c1[nH]c3ccccc23)C(=O)c4cccc(OCCCN(C)C)c4,6.21
921,CHEMBL602059,CC(C)OC(=O)C1=CN(CC(C)(C)c2c1[nH]c3ccccc23)C(=O)c4cccc(OCCCN5CCCC5)c4,5.8
922,CHEMBL604335,CC(C)OC(=O)C1=CN(CC(C)(C)c2c1[nH]c3ccccc23)C(=O)c4cccc(OCCCN5CCCCC5)c4,5.95
923,CHEMBL602061,CC(C)OC(=O)C1=CN(CC(C)(C)c2c1[nH]c3ccccc23)C(=O)c4cccc(OCCCN5CCOCC5)c4,6.1
924,CHEMBL602709,CC(C)OC(=O)C1=CN(CC(C)(C)c2c1[nH]c3ccccc23)C(=O)c4cccc(OCCCN5CCN(C)CC5)c4,5.99
955,CHEMBL589766,CC(C)OC(=O)C1=CN(CC(C)(C)c2c1[nH]c3cc(F)ccc23)C(=O)c4ccc(OCCCN5CCOCC5)cc4,7.06
957,CHEMBL601221,CC(C)OC(=O)C1=CN(CC(C)(C)c2c1[nH]c3cc(F)ccc23)C(=O)c4ccc(OCCN5CCOCC5)cc4,7.0
960,CHEMBL1208794,CC(C)c1onc(c1COc2ccc(N(C)C(=O)c3ccc(cc3)C(=O)O)c(n2)C(F)(F)F)c4c(Cl)cccc4Cl,6.63
961,CHEMBL1209002,CC(C)c1onc(c1COc2ccc(NC(=O)c3ccc(cc3)C(=O)O)c(n2)C(F)(F)F)c4c(Cl)cccc4Cl,6.35
962,CHEMBL1209003,CC(C)c1onc(c1COc2ccc(N(C)C(=O)c3ccc(cc3)C(=O)O)c(C)n2)c4c(Cl)cccc4Cl,6.44
963,CHEMBL1209058,CC(C)c1onc(c1COc2ccc(N(C)C(=O)c3cccc(c3)C(=O)O)c(n2)C(F)(F)F)c4c(Cl)cccc4Cl,6.36
965,CHEMBL1209060,CC(C)c1onc(c1COc2cc(C)c3ccccc3n2)c4c(Cl)cccc4Cl,6.83
966,CHEMBL1209061,CC(C)c1onc(c1COc2cc(cc(C)n2)C(F)(F)F)c3c(Cl)cccc3Cl,6.65
967,CHEMBL1209108,CC(C)c1onc(c1COc2ccc(NCc3ccc(cc3)C(=O)O)c(n2)C(F)(F)F)c4c(Cl)cccc4Cl,6.79
973,CHEMBL1209169,CC(C)c1onc(c1COc2ccc(N(C)Cc3ccc(OCCO)cc3)c(n2)C(F)(F)F)c4c(Cl)cccc4Cl,6.79
979,CHEMBL1209175,CCN(Cc1ccc(cc1)C(=O)O)c2ccc(OCc3c(onc3c4c(Cl)cccc4Cl)C5CC5)nc2C(F)(F)F,6.71
980,CHEMBL1209227,CC(C)c1onc(c1COc2cnc(N(C)Cc3ccc(cc3)C(=O)O)c(Cl)c2)c4c(Cl)cccc4Cl,6.62
981,CHEMBL1209228,CC(C)c1onc(c1COc2cnc(N(C)Cc3cccc(c3)C(=O)O)c(Cl)c2)c4c(Cl)cccc4Cl,6.72
983,CHEMBL1209230,CC(N(C)c1ccc(cc1)C(=O)O)c2ccc(OCc3c(onc3c4c(Cl)cccc4Cl)C5CC5)nc2C(F)(F)F,6.75
984,CHEMBL1209292,OC(=O)c1ccccc1OCc2ccc(OCc3c(onc3c4c(Cl)cccc4Cl)C5CC5)nc2C(F)(F)F,6.36
987,CHEMBL1209364,CC(Oc1cccc(c1)C(=O)O)c2ccc(OCc3c(onc3c4c(Cl)cccc4Cl)C5CC5)nc2C(F)(F)F,6.81
988,CHEMBL1209365,CC(Oc1ccc(cc1)C(=O)O)c2ccc(OCc3c(onc3c4c(Cl)cccc4Cl)C5CC5)nc2C(F)(F)F,6.45
1145,CHEMBL1642361,OCc1ccc2nc(c3ccc(Cl)cc3)n(C(C4CCCCC4)C(=O)NC5CCCCC5)c2c1,5.21
1146,CHEMBL1642360,OC(=O)c1ccc2nc(c3ccc(Cl)cc3)n(C(C4CCCCC4)C(=O)NC5CCCCC5)c2c1,5.24
1147,CHEMBL1642359,CN(C)c1ccc2nc(c3ccc(Cl)cc3)n(C(C4CCCCC4)C(=O)NC5CCCCC5)c2c1,5.29
1148,CHEMBL1642358,COc1ccc2nc(c3ccc(Cl)cc3)n(C(C4CCCCC4)C(=O)NC5CCCCC5)c2c1,6.35
1149,CHEMBL1642357,Clc1ccc(cc1)c2nc3ccccc3n2C(C4CCCCC4)C(=O)NC5CCOCC5,5.43
1150,CHEMBL1642356,Clc1ccc(cc1)c2nc3ccccc3n2C(C4CCCCC4)C(=O)NC5CC5,5.44
1151,CHEMBL1642355,FC1(F)CCC(CC1)NC(=O)C(C2CCCCC2)n3c(nc4ccccc34)c5ccc(Cl)cc5,5.57
1152,CHEMBL1642354,Clc1ccc(cc1)c2nc3ccccc3n2C(C4CCCCC4)C(=O)Nc5ccccc5,6.82
1153,CHEMBL1642353,Clc1ccc(cc1)c2nc3ccccc3n2C(C(=O)NC4CCCCC4)c5ccncc5,4.6
1154,CHEMBL1642352,CC(=O)C1CCN(CC1)C(C(=O)NC2CCCCC2)n3c(nc4ccccc34)c5ccc(Cl)cc5,4.83
1155,CHEMBL1642351,Clc1ccc(cc1)c2nc3ccccc3n2C(C4CCOCC4)C(=O)NC5CCCCC5,5.42
1156,CHEMBL1642350,CCC(C)CC(C(=O)NC1CCCCC1)n2c(nc3ccccc23)c4ccc(Cl)cc4,6.04
1157,CHEMBL1642349,O=C(NC1CCCCC1)C(C2CCCCC2)n3c(nc4ccccc34)c5ccncc5,4.52
1158,CHEMBL1642348,CS(=O)(=O)c1ccc(cc1)c2nc3ccccc3n2C(C4CCCCC4)C(=O)NC5CCCCC5,4.91
1159,CHEMBL1642347,O=C(NC1CCCCC1)C(C2CCCCC2)n3c(nc4ccccc34)c5ccc(cc5)C#N,5.9
1185,CHEMBL1668254,OC(=O)c1sc(NC(=O)C(C2CCCCC2)n3c(nc4cc(F)c(F)cc34)c5ccc(Cl)cc5)nc1C(F)(F)F,6.7
1186,CHEMBL1668255,OC(=O)c1ccc(NC(=O)C(C2CCCCC2)n3c(nc4cc(F)c(F)cc34)c5ccc(Cl)cc5)nc1,6.7
1187,CHEMBL1668261,COc1ccc(c(OC)n1)c2nc3cc(F)c(F)cc3n2[C@@H](C4CCCCC4)C(=O)N[C@@H]5CC[C@H](CC5)C(=O)O,6.68
1188,CHEMBL1668262,COc1ccc(c(Cl)n1)c2nc3cc(F)c(F)cc3n2[C@@H](C4CCCCC4)C(=O)N[C@@H]5CC[C@H](CC5)C(=O)O,6.54
1193,CHEMBL1668241,OC(=O)c1ccccc1NC(=O)C(C2CCCCC2)n3c(nc4cc(F)c(F)cc34)c5ccc(Cl)cc5,6.5
1196,CHEMBL1668240,OC(=O)[C@@H]1CC[C@H](CC1)NC(=O)[C@H](C2CCCCC2)n3c(nc4cc(F)c(F)cc34)c5ccc(Cl)cc5,6.22
1197,CHEMBL1668251,OC(=O)C[C@@H]1CC[C@H](CC1)NC(=O)[C@H](C2CCCCC2)n3c(nc4cc(F)c(F)cc34)c5ccc(Cl)cc5,6.22
1198,CHEMBL1668245,COc1cc(ccc1NC(=O)[C@H](C2CCCCC2)n3c(nc4cc(F)c(F)cc34)c5ccc(Cl)cc5)C(=O)O,6.13
1199,CHEMBL1668252,OC(=O)CO[C@@H]1CC[C@H](CC1)NC(=O)[C@H](C2CCCCC2)n3c(nc4cc(F)c(F)cc34)c5ccc(Cl)nc5,6.08
1203,CHEMBL1668242,OC(=O)c1cccc(NC(=O)C(C2CCCCC2)n3c(nc4cc(F)c(F)cc34)c5ccc(Cl)cc5)c1,5.89
1205,CHEMBL1668246,OC(=O)Cc1ccc(NC(=O)C(C2CCCCC2)n3c(nc4cc(F)c(F)cc34)c5ccc(Cl)cc5)cc1,5.85
1206,CHEMBL1668260,OC(=O)[C@@H]1CC[C@H](CC1)NC(=O)[C@H](C2CCCCC2)n3c(nc4cc(F)c(F)cc34)c5ccc(Cl)nc5,5.77
1211,CHEMBL1668256,OC(=O)c1ccc(NC(=O)C(C2CCCCC2)n3c(nc4cc(F)c(F)cc34)c5ccc(Cl)cc5)cn1,5.51
1212,CHEMBL1668250,OC(=O)[C@@H]1CC[C@@H](CNC(=O)[C@H](C2CCCCC2)n3c(nc4cc(F)c(F)cc34)c5ccc(Cl)cc5)CC1,5.41
1255,CHEMBL1668773,CC(=CCCC1=C[C@@H](C\C(=C\CCC(=O)C)\C)OC1=O)C,5.41
1256,CHEMBL1668774,CC(=CCCC1=C[C@@H](C\C(=C\CC[C@]2(C)Oc3c(C)cc(O)cc3C=C2)\C)OC1=O)C,5.82
1257,CHEMBL1668775,CC(=CCCC1=C[C@@H](C\C(=C\CC[C@@]2(C)Oc3c(C)cc(O)cc3C=C2)\C)OC1=O)C,5.6
1258,CHEMBL1668776,CC(=CCCC1=C[C@@H](C\C(=C\CC\C(=C\CC2=CC(=O)C=C(C)C2=O)\C)\C)OC1=O)C,5.23
1259,CHEMBL1668777,CC(=CCC\C(=C\CC\C(=C\CC[C@@]1(C)Oc2c(C)cc(O)cc2C=C1)\C)\C(=O)O)C,5.05
1260,CHEMBL1668778,CC(=CCC\C(=C\CC\C(=C\CC[C@]1(C)Oc2c(C)cc(O)cc2C=C1)\C)\C(=O)O)C,4.77
1268,CHEMBL1672448,CC(C)c1onc(c1COc2ccc(cc2)c3ccc4nc(ccc4c3)C(=O)O)c5c(Cl)cccc5Cl,6.92
1273,CHEMBL1672449,CC(C)c1onc(c1COc2ccc(cc2)c3ccc4c(ccnc4c3)C(=O)O)c5c(Cl)cccc5Cl,6.47
1277,CHEMBL1672450,CC(C)c1onc(c1COc2ccc(cc2)c3ccc4cc(cnc4c3)C(=O)O)c5c(Cl)cccc5Cl,6.7
1281,CHEMBL1672451,CC(C)c1onc(c1COc2ccc(cc2)c3ccc4cc(ncc4c3)C(=O)O)c5c(Cl)cccc5Cl,6.92
1286,CHEMBL1672452,CC(C)c1onc(c1COc2ccc(cc2)c3ccc4c(nccc4c3)C(=O)O)c5c(Cl)cccc5Cl,6.42
1290,CHEMBL1672453,CC(C)c1onc(c1COc2ccc(cc2)c3ccc4nc(nc(C)c4c3)C(=O)O)c5c(Cl)cccc5Cl,6.85
1294,CHEMBL1672454,CC(C)c1onc(c1COc2ccc(cc2)c3ccc4nc(cnc4c3)C(=O)O)c5c(Cl)cccc5Cl,6.82
1298,CHEMBL1672455,CC(C)c1onc(c1COc2ccc(cc2)c3ccc4nc(nnc4c3)C(=O)O)c5c(Cl)cccc5Cl,6.44
1301,CHEMBL1672456,CC(C)c1onc(c1COc2ccc(cc2)c3ccc4nc(C(=O)O)c(C)cc4c3)c5c(Cl)cccc5Cl,6.85
1305,CHEMBL1672457,CC(C)c1onc(c1COc2ccc(cc2)c3cc4ccc(nc4cc3F)C(=O)O)c5c(Cl)cccc5Cl,6.62
1309,CHEMBL1672458,CC(C)c1onc(c1COc2ccc(c(C)c2)c3ccc4nc(ccc4c3)C(=O)O)c5c(Cl)cccc5Cl,6.6
1313,CHEMBL1672459,CC(C)c1onc(c1COc2ccc(cc2C)c3ccc4nc(ccc4c3)C(=O)O)c5c(Cl)cccc5Cl,6.96
1317,CHEMBL1672460,CC(C)c1onc(c1COc2ccc(cc2)c3ccc4nc(cc(O)c4c3)C(=O)O)c5c(Cl)cccc5Cl,7.29
1320,CHEMBL1672461,CC(C)c1onc(c1COc2ccc(cc2)c3ccc4nc(cc(C)c4c3)C(=O)O)c5c(Cl)cccc5Cl,7.09
1324,CHEMBL1672462,CCc1cc(nc2ccc(cc12)c3ccc(OCc4c(onc4c5c(Cl)cccc5Cl)C(C)C)cc3)C(=O)O,7.13
1328,CHEMBL1672463,COc1cc(nc2ccc(cc12)c3ccc(OCc4c(onc4c5c(Cl)cccc5Cl)C(C)C)cc3)C(=O)O,7.24
1332,CHEMBL1672464,CCOc1cc(nc2ccc(cc12)c3ccc(OCc4c(onc4c5c(Cl)cccc5Cl)C(C)C)cc3)C(=O)O,7.28
1336,CHEMBL1672465,CC(C)Oc1cc(nc2ccc(cc12)c3ccc(OCc4c(onc4c5c(Cl)cccc5Cl)C(C)C)cc3)C(=O)O,7.4
1340,CHEMBL1672466,CCCOc1cc(nc2ccc(cc12)c3ccc(OCc4c(onc4c5c(Cl)cccc5Cl)C(C)C)cc3)C(=O)O,7.23
1344,CHEMBL1672467,CC(C)COc1cc(nc2ccc(cc12)c3ccc(OCc4c(onc4c5c(Cl)cccc5Cl)C(C)C)cc3)C(=O)O,7.11
1385,CHEMBL1709579,OC(c1ccc(NS(=O)(=O)c2cccc3ccccc23)cc1)(C(F)(F)F)C(F)(F)F,4.92
1469,CHEMBL1834966,CC(C)c1onc(c1COc2ccc(cc2)c3nc4cccc(C(=O)O)c4[nH]3)c5c(Cl)cccc5Cl,5.92
1472,CHEMBL1834967,CC(C)c1onc(c1COc2ccc(cc2)c3ccc4C(CCCc4c3)C(=O)O)c5c(Cl)cccc5Cl,6.26
1475,CHEMBL1835045,CC(C)c1onc(c1COc2ccc(Cn3ccc4ccc(cc34)C(=O)O)cc2)c5c(Cl)cccc5Cl,6.0
1476,CHEMBL1835047,CC(C)c1onc(c1COc2ccc(cc2)c3ccc4sc(cc4c3)C(=O)O)c5c(Cl)cccc5Cl,6.6
1477,CHEMBL1835046,CC(C)c1onc(c1COc2ccc(Sc3cccc4sc(cc34)C(=O)O)cc2)c5c(Cl)cccc5Cl,6.72
1479,CHEMBL1833985,CC(C)c1onc(c1COc2ccc(cc2)c3ccc4cc([nH]c4c3)C(=O)O)c5c(Cl)cccc5Cl,6.68
1481,CHEMBL1835050,CC(C)c1onc(c1COc2ccc(cc2)c3ccc4sc(cc4n3)C(=O)O)c5c(Cl)cccc5Cl,6.17
1482,CHEMBL1835051,CC(C)c1onc(c1COc2ccc(cc2)c3ccc4CC(Cc4c3)C(=O)O)c5c(Cl)cccc5Cl,6.13
2474,CHEMBL406393,C[C@H](CCC(=O)O)[C@H]1CC[C@H]2[C@@H]3CC[C@@H]4C[C@H](O)CC[C@]4(C)[C@H]3C[C@H](O)[C@]12C,4.3
2496,CHEMBL2037335,COc1ccccc1n2nc(C)c3[C@H](S[C@@H](C)C(=O)Nc23)c4ccc(Oc5ccccc5)cc4,5.48
2497,CHEMBL2037334,CC1SC(c2ccc(Oc3ccccc3)cc2)c4c(C)nn(c4NC1=O)c5ccccc5I,5.89
2498,CHEMBL2037333,CC1SC(c2ccc(Oc3ccccc3)cc2)c4c(C)nn(c4NC1=O)c5ccccc5Br,5.75
2499,CHEMBL2037332,CC1SC(c2ccc(Oc3ccccc3)cc2)c4c(C)nn(c4NC1=O)c5ccccc5Cl,5.57
2500,CHEMBL2037331,CC1SC(c2ccc(Oc3ccccc3)cc2)c4c(C)nn(c4NC1=O)c5ccccc5F,5.41
2501,CHEMBL2037330,CC1SC(c2ccc(Oc3ccccc3)cc2)c4c(C)nn(c4NC1=O)c5ccccc5C(F)(F)F,5.7
2502,CHEMBL2037329,CC(C)c1ccccc1n2nc(C)c3[C@H](S[C@@H](C)C(=O)Nc23)c4ccc(Oc5ccccc5)cc4,5.72
2503,CHEMBL2037328,CCCc1ccccc1n2nc(C)c3[C@H](S[C@@H](C)C(=O)Nc23)c4ccc(Oc5ccccc5)cc4,5.96
2504,CHEMBL2037327,CCc1ccccc1n2nc(C)c3[C@H](S[C@@H](C)C(=O)Nc23)c4ccc(Oc5ccccc5)cc4,5.96
2595,CHEMBL2158160,COC(=O)\C=C\c1cccc(c1)N(Cc2ccc(cc2)c3ccc(cc3)C(C)(C)C)C(=O)C(C)C,6.47
2596,CHEMBL2158161,COC(=O)\C=C\c1cccc(c1)N(Cc2ccc(cc2)c3ccccc3OC)C(=O)C(C)C,6.42
2597,CHEMBL2158162,COC(=O)\C=C\c1cccc(c1)N(Cc2ccc(\C=C\c3ccccc3)cc2)C(=O)C4CCCCC4,7.44
2600,CHEMBL2158163,NC(=O)c1ccc(NC(=O)[C@@H](Cc2ccccc2)NC(=O)c3ccc(Cl)cc3)cc1,5.59
2601,CHEMBL2158166,Oc1ccc(cc1)C(=O)OCC(=O)Nc2sc3CCCCc3c2C(=O)c4ccccc4,5.42
2602,CHEMBL2158165,C[C@@H]1CCc2c(C1)sc3nc(CN4CCOCC4)nc(N[C@H](c5ccccc5)c6ccccn6)c23,5.09
2605,CHEMBL2158164,CC(C)c1onc(c1COc2ccc(c(C)c2)c3ccc4c(c3)c(cn4C)C(=O)O)c5c(Cl)cncc5Cl,7.03
2712,CHEMBL409450,O\N=C/1\C(=C/2\C(=O)Nc3cc(Br)ccc23)\Nc4ccccc14,5.47
2713,CHEMBL1256761,[Cl-].CCCCCCCCCCCCCCCC(=O)OC(CC(=O)O)C[N+](C)(C)C,5.01
2716,CHEMBL104,Clc1ccccc1C(c2ccccc2)(c3ccccc3)n4ccnc4,5.49
2717,CHEMBL45281,CCCN(CC1CC1)c2nc(C)nc(Nc3c(Cl)cc(Cl)cc3Cl)c2Cl,5.56
2718,CHEMBL1200633,CC[C@H](C)[C@H]1O[C@]2(CC[C@@H]1C)C[C@@H]3C[C@@H](C\C=C(/C)\[C@@H](O[C@H]4C[C@H](OC)[C@@H](O[C@H]5C[C@H](OC)[C@@H](O)[C@H](C)O5)[C@H](C)O4)[C@@H](C)\C=C\C=C\6/CO[C@@H]7[C@H](O)C(=C[C@@H](C(=O)O3)[C@]67O)C)O2.CO[C@H]8C[C@H](O[C@H]9[C@H](C)O[C@H](C[C@@H]9OC)O[C@H]%10[C@@H](C)\C=C\C=C\%11/CO[C@@H]%12[C@H](O)C(=C[C@@H](C(=O)O[C@H]%13C[C@@H](C\C=C\%10/C)O[C@@]%14(CC[C@H](C)[C@H](O%14)C(C)C)C%13)[C@]%11%12O)C)O[C@@H](C)[C@@H]8O,6.59
2719,CHEMBL306764,CCCn1c(C)c(C(=O)c2cccc3ccccc23)c4ccccc14,5.49
2720,CHEMBL109037,NC(Cc1cc(O)c(O)cc1O)C(=O)O,5.1
2721,CHEMBL998,CCOC(=O)N1CCC(=C2c3ccc(Cl)cc3CCc4cccnc24)CC1,5.51
2722,CHEMBL81,Oc1ccc(cc1)c2sc3cc(O)ccc3c2C(=O)c4ccc(OCCN5CCCCC5)cc4,4.94
2723,CHEMBL1221,Clc1ccc(CSC(Cn2ccnc2)c3ccc(Cl)cc3Cl)cc1,5.16
2725,CHEMBL2107430,Fc1ccc(cc1)C(c2ccccc2)(c3ccccc3F)n4ccnc4,4.86
2726,CHEMBL1358,C[C@]12CC[C@H]3[C@@H]([C@H](CCCCCCCCC[S+]([O-])CCCC(F)(F)C(F)(F)F)Cc4cc(O)ccc34)[C@@H]1CC[C@@H]2O,6.1
2727,CHEMBL1624,N[C@@H](Cc1cc(I)c(Oc2cc(I)c(O)c(I)c2)c(I)c1)C(=O)O,5.11
2728,CHEMBL1480,CCOC(=O)C1=C(C)NC(=C(C1c2cccc(Cl)c2Cl)C(=O)OC)C,5.31
2782,CHEMBL3114109,CCCCc1cc(C(=O)C)c(OCc2ccccc2)cc1OCCCCCC(C)(C)c3nnn[nH]3,5.11
2783,CHEMBL3114126,CCCCc1cc(CC)c(O)cc1OCCCCCC(C)(C)c2nnn[nH]2,5.06
2784,CHEMBL3114125,CCc1cc(CC)c(OCc2ccccc2)cc1OCCCCCC(C)(C)c3nnn[nH]3,5.46
2785,CHEMBL3114124,CCCCCCc1cc(C(=O)C)c(O)cc1OCCCCCC(C)(C)c2nnn[nH]2,5.5
2786,CHEMBL3114123,CCCCc1cc(C(=O)C)c(O)cc1OCCCCCC(C)(C)c2nnn[nH]2,5.82
2787,CHEMBL3114122,CC(C)Cc1cc(C(=O)C)c(O)cc1OCCCCCC(C)(C)c2nnn[nH]2,5.24
2788,CHEMBL3114121,CCCc1cc(C(=O)C)c(O)cc1OCCCCCC(C)(C)c2nnn[nH]2,4.6
2789,CHEMBL3114120,CCc1cc(C(=O)c2ccccc2)c(O)cc1OCCCCCC(C)(C)c3nnn[nH]3,5.51
2790,CHEMBL3114119,CCCCCCC(=O)c1cc(CC)c(OCCCCCC(C)(C)c2nnn[nH]2)cc1O,5.08
2791,CHEMBL3114118,CCCCC(=O)c1cc(CC)c(OCCCCCC(C)(C)c2nnn[nH]2)cc1O,5.27
2792,CHEMBL3114117,CCc1cc(C(=O)C(C)C)c(O)cc1OCCCCCC(C)(C)c2nnn[nH]2,5.07
2793,CHEMBL3114116,CCC(=O)c1cc(CC)c(OCCCCCC(C)(C)c2nnn[nH]2)cc1O,5.07
2794,CHEMBL1205188,CCc1cc(CC)c(OCCCCCC(C)(C)c2nn[nH]n2)cc1O,5.51
2797,CHEMBL3114115,CCc1cc(C(=O)C)c(OCC2CCCCC2)cc1OCCCCCC(C)(C)c3nnn[nH]3,5.54
2798,CHEMBL3114114,CCc1cc(C(=O)C)c(OC2CCCC2)cc1OCCCCCC(C)(C)c3nnn[nH]3,5.48
2799,CHEMBL3114113,CCc1cc(C(=O)C)c(OC(C)c2ccccc2)cc1OCCCCCC(C)(C)c3nnn[nH]3,5.77
2800,CHEMBL3114112,CCc1cc(C(=O)C)c(OCc2cccc(C)c2)cc1OCCCCCC(C)(C)c3nnn[nH]3,5.92
2802,CHEMBL3114110,CCc1cc(C(=O)C)c(OC)cc1OCCCCCC(C)(C)c2nnn[nH]2,5.26
2803,CHEMBL15766,CCc1cc(C(=O)C)c(O)cc1OCCCCCC(C)(C)c2nn[nH]n2,4.45
2804,CHEMBL3219412,Cc1ccc2nc(c(NCc3ccc4OCOc4c3)n2c1)c5cccs5,6.32
2851,CHEMBL3262946,CCc1ccc(cc1)C(=O)Nc2ccccc2C(=O)NCCCC(=O)O,5.24
2852,CHEMBL3262947,CC(C)(C)c1ccc(cc1)C(=O)Nc2ccccc2C(=O)NCCCC(=O)O,5.6
2853,CHEMBL3263236,OC(=O)CCCNC(=O)c1ccccc1NC(=O)c2ccc3ccccc3c2,5.07
2854,CHEMBL3263240,OC(=O)CCCNC(=O)c1ccccc1NC(=O)\C=C\c2ccccc2,6.14
2855,CHEMBL3263243,COC(=O)CCCNC(=O)c1ccccc1NC(=O)c2ccc3ccccc3c2,5.15
2856,CHEMBL3263244,OC(=O)CCCCNC(=O)c1ccccc1NC(=O)c2ccc3ccccc3c2,5.08
2857,CHEMBL3263245,OC(=O)CCCCCNC(=O)c1ccccc1NC(=O)c2ccc3ccccc3c2,5.36
2858,CHEMBL3263246,OC(=O)c1ccc(NC(=O)c2ccccc2NC(=O)c3ccc4ccccc4c3)cc1,6.0
2859,CHEMBL3263247,OC(=O)c1cccc(NC(=O)c2ccccc2NC(=O)c3ccc4ccccc4c3)c1,5.82
2860,CHEMBL3263248,OC(=O)c1ccc(CNC(=O)c2ccccc2NC(=O)c3ccc4ccccc4c3)cc1,5.89
2861,CHEMBL3263249,OC(=O)Cc1ccc(NC(=O)c2ccccc2NC(=O)c3ccc4ccccc4c3)cc1,5.51
2889,CHEMBL3260994,[Na+].CC[C@H]1[C@@H](O)[C@H]2[C@@H]3CC[C@H]([C@H](C)CCCOS(=O)(=O)[O-])[C@@]3(C)CC[C@@H]2[C@@]4(C)CC[C@@H](O)C[C@@H]14,6.0
2907,CHEMBL3264624,Cc1ccc(NC(=O)c2c(C)nn(c2C)c3ccccc3)cc1S(=O)(=O)N4CCOCC4,5.48
2908,CHEMBL3264626,Fc1ccc(NC(=O)c2cnn(c2)c3ccccc3)cc1S(=O)(=O)N4CCOCC4,5.08
2909,CHEMBL3264627,Cc1ccc(NC(=O)c2cnn(c3ccccc3)c2C(F)(F)F)cc1S(=O)(=O)N4CCOCC4,6.0
2910,CHEMBL3264629,O=C(Nc1cccc(c1)S(=O)(=O)N2CCOCC2)c3cn(nc3c4cccnc4)c5ccccc5,5.89
2911,CHEMBL3264630,Cc1cccc(c1)n2ncc(C(=O)Nc3cccc(c3)S(=O)(=O)N4CCOCC4)c2C,5.18
3033,CHEMBL3264990,COc1cccc(Cn2cc(C(=O)N(C)c3ccc(C)c(c3)S(=O)(=O)N4CCOCC4)c(n2)c5cccc(OC)c5)c1,5.42
3034,CHEMBL3264991,CC(C)n1cc(CNc2ccc(C)c(c2)S(=O)(=O)N3CCOCC3)c(n1)c4ccc(C)cc4,5.69
3035,CHEMBL3264992,COc1cccc(Cn2cc(CNc3ccc(C)c(c3)S(=O)(=O)N4CCOCC4)c(n2)C(C)C)c1,5.64
3100,CHEMBL3357418,CC(C)n1cnc(COc2c(Cl)cccc2Cl)c1COc3ccc(\C=C\c4cccc(c4)C(=O)O)c(Cl)c3,6.25
3108,CHEMBL3357419,CC(C)c1ncn(CCc2c(Cl)cccc2Cl)c1COc3ccc(\C=C\c4cccc(c4)C(=O)O)c(Cl)c3,6.21
3110,CHEMBL3357420,CC(C)n1nnc(c1COc2ccc(\C=C\c3cccc(c3)C(=O)O)c(Cl)c2)c4c(Cl)cccc4Cl,6.91
3304,CHEMBL3335622,CC(C)(C)c1ccc(cc1)C(=O)Nc2ccccc2C(=O)Nc3cccc(c3)C(=O)O,6.55
3305,CHEMBL3335623,OC(=O)c1cccc(NC(=O)c2ccccc2NC(=O)c3ccc(cc3)C(F)(F)F)c1,5.16
3306,CHEMBL3335624,OC(=O)c1cccc(NC(=O)c2ccccc2NC(=O)c3ccc(Br)cc3)c1,5.43
3307,CHEMBL3335625,OC(=O)c1cccc(NC(=O)c2ccccc2NC(=O)c3ccc4OCOc4c3)c1,5.0
3309,CHEMBL3335627,OC(=O)c1cccc(NC(=O)c2ccccc2NC(=O)c3ccc4OCCOc4c3)c1,5.31
3310,CHEMBL3335628,OC(=O)c1cccc(NC(=O)c2ccccc2NC(=O)c3ccc(c(F)c3)C(F)(F)F)c1,5.3
3311,CHEMBL3335644,OC(=O)c1cccc(NC(=O)c2ccccc2NC(=O)\C=C\c3ccccc3)c1,5.28
3312,CHEMBL3335645,CC(=O)c1cccc(NC(=O)c2ccccc2NC(=O)c3ccc(cc3)C(C)(C)C)c1,6.32
3313,CHEMBL3335646,CC(C)(C)c1ccc(cc1)C(=O)Nc2ccccc2C(=O)Nc3cccc(c3)C#N,6.64
3314,CHEMBL3335647,COc1cccc(NC(=O)c2ccccc2NC(=O)c3ccc(cc3)C(C)(C)C)c1,6.42
3315,CHEMBL3335648,CSc1cccc(NC(=O)c2ccccc2NC(=O)c3ccc(cc3)C(C)(C)C)c1,6.7
3316,CHEMBL3335649,CC(C)(C)c1ccc(cc1)C(=O)Nc2ccccc2C(=O)Nc3cccc(c3)c4nnn[nH]4,5.54
3319,CHEMBL3335653,CC(C)(C)c1ccc(cc1)C(=O)Nc2ccccc2C(=O)Nc3cccc(CC(=O)O)c3,6.38
3322,CHEMBL3335657,COc1ccc(cc1NC(=O)c2ccccc2NC(=O)c3ccc(cc3)C(C)(C)C)C(=O)O,5.33
3323,CHEMBL3335658,CC(C)(C)c1ccc(cc1)C(=O)Nc2ccccc2C(=O)Nc3cc(ccc3F)C(=O)O,6.32
3324,CHEMBL3335659,CC(C)(C)c1ccc(cc1)C(=O)Nc2ccccc2C(=O)Nc3cc(ccc3Cl)C(=O)O,5.96
3327,CHEMBL3335662,CC(C)(C)c1ccc(cc1)C(=O)Nc2ccccc2C(=O)Nc3ccc(Cl)c(c3)C(=O)O,6.55
3328,CHEMBL3335663,CC(C)(C)c1ccc(cc1)C(=O)Nc2ccccc2C(=O)Nc3ccc(Br)c(c3)C(=O)O,6.82
3333,CHEMBL3335673,Cc1ccc(NC(=O)c2ccc(Cl)cc2NC(=O)c3ccc(cc3)C(C)(C)C)cc1C(=O)O,6.96
3381,CHEMBL3335666,CC(C)(C)c1ccc(cc1)C(=O)Nc2ccc(Cl)cc2C(=O)Nc3cccc(c3)C(=O)O,4.91
3486,CHEMBL3393177,OC(=O)c1cccc(NC(=O)c2cc(Cl)ccc2NC(=O)c3ccc(cc3)C(F)(F)F)c1,5.47
3487,CHEMBL3393178,OC(=O)c1cccc(NC(=O)c2ccc(Cl)cc2NC(=O)c3ccc(cc3)C(F)(F)F)c1,5.68
3488,CHEMBL3393179,OC(=O)Cc1cccc(NC(=O)c2ccccc2NC(=O)c3ccc(cc3)C(F)(F)F)c1,5.59
3489,CHEMBL3393180,OC(=O)CCc1cccc(NC(=O)c2ccccc2NC(=O)c3ccc(cc3)C(F)(F)F)c1,5.64
3490,CHEMBL3393181,OC(=O)Cc1cccc(NC(=O)c2ccccc2NC(=O)c3ccc(cc3)c4ccccc4)c1,6.16
3491,CHEMBL3393182,CSc1ccc(cc1)C(=O)Nc2ccccc2C(=O)Nc3cccc(CC(=O)O)c3,5.07
3492,CHEMBL3393183,OC(=O)Cc1cccc(NC(=O)c2ccccc2NC(=O)c3ccc(SC(F)(F)F)cc3)c1,5.16
3493,CHEMBL3393187,OC(=O)Cc1cccc(NC(=O)c2ccccc2NC(=O)c3ccc4ccccc4c3)c1,5.6
3510,CHEMBL3581533,CC(=O)N1CCN(CC1)c2ccc(CN(C3CCC3)S(=O)(=O)Cc4ccccc4F)c(F)c2,5.22
3518,CHEMBL3589968,COc1ccc(cc1)c2onc(n2)c3ccccc3,4.79
3561,CHEMBL3613412,CC(C)(C)c1cc(OC(=O)c2ccc(cc2)[N+](=O)[O-])ccc1O,4.9
3570,CHEMBL3613277,CC(C)(C)c1cc(OC(=O)c2ccc(Cl)cc2Cl)ccc1O,4.99
3571,CHEMBL3613413,CC(C)(C)c1cc(OC(=O)c2ccc(cc2Cl)[N+](=O)[O-])ccc1O,5.06
3572,CHEMBL3613414,CC(C)(C)c1cc(OC(=O)c2c(Cl)cc(cc2Cl)[N+](=O)[O-])ccc1O,5.23
3573,CHEMBL3613415,CC(C)(C)c1cc(OC(=O)c2ccc(N)cc2)ccc1O,4.47
3574,CHEMBL3613416,CC(C)(C)c1cc(OC(=O)c2ccc(N)cc2Cl)ccc1O,5.14
3575,CHEMBL3613417,CC(C)(C)c1cc(OC(=O)c2c(Cl)cc(N)cc2Cl)ccc1O,6.22
3577,CHEMBL3613418,CC(C)(C)c1cc(NC(=O)c2ccc(Cl)cc2Cl)ccc1O,4.87
3584,CHEMBL3613425,CC(=O)Oc1ccc(NC(=O)c2ccc(Cl)cc2Cl)cc1C(C)(C)C,4.81
3585,CHEMBL3613426,CC(C)(C)c1cc(NC(=O)c2c(Cl)cc(N)cc2Cl)ccc1O,5.28
3586,CHEMBL3613427,CC(C)(C)c1cc(NC(=O)c2c(Cl)cc(NCc3cccnc3)cc2Cl)ccc1O,5.44
3587,CHEMBL3613428,CC(C)(C)c1cc(NC(=O)c2c(Cl)cc(NCc3ccncc3)cc2Cl)ccc1O,5.01
3588,CHEMBL3613429,CC(C)(C)c1cc(NC(=O)c2c(Cl)cc(NCc3cccs3)cc2Cl)ccc1O,5.07
3589,CHEMBL3613430,CNc1cc(Cl)c(C(=O)Nc2ccc(O)c(c2)C(C)(C)C)c(Cl)c1,4.86
3590,CHEMBL3613431,CCNc1cc(Cl)c(C(=O)Nc2ccc(O)c(c2)C(C)(C)C)c(Cl)c1,4.54
3591,CHEMBL3613432,CC(C)(C)c1cc(NC(=O)c2c(Cl)cc(NC3CCCC3)cc2Cl)ccc1O,5.3
3592,CHEMBL3613433,CC(C)(C)c1cc(NC(=O)c2c(Cl)cc(NC3CCCCC3)cc2Cl)ccc1O,5.6
3593,CHEMBL3613434,CN(C)c1cc(Cl)c(C(=O)Nc2ccc(O)c(c2)C(C)(C)C)c(Cl)c1,5.85
3597,CHEMBL3613438,CN(C)c1cc(Cl)c(C(=O)N(C)c2ccc(O)c(c2)C(C)(C)C)c(Cl)c1,5.41
3598,CHEMBL3613439,CN(C)c1cc(Cl)c(C(=O)N(Cc2cccnc2)c3ccc(O)c(c3)C(C)(C)C)c(Cl)c1,5.2
3602,CHEMBL3617295,Fc1ccc(cc1)S(=O)(=O)N2CCCc3ccc(NC(=O)c4c(F)cccc4F)cc23,5.12
3604,CHEMBL3617297,Fc1ccc(cc1)S(=O)(=O)N2CCc3ccc(NC(=O)c4c(F)cccc4F)cc23,5.38
3606,CHEMBL3617309,Fc1ccc(cc1)S(=O)(=O)N2CCCc3ccc(NC(=O)c4ccccc4Cl)cc23,5.23
3608,CHEMBL3314003,Fc1ccc(cc1)S(=O)(=O)N2CCCc3ccc(NC(=O)c4c(F)cccc4Cl)cc23,5.28
3610,CHEMBL3740161,CC(C)(C)OC(=O)N\C(=N\C(=O)OC(C)(C)C)\NCCCc1onc(c1)C(=O)NCc2ccncc2,4.81
3611,CHEMBL3741084,CC(C)(C)OC(=O)N\C(=N/C(=O)OC(C)(C)C)\NCCc1onc(NC(=O)Nc2ccncc2)c1,4.52
3616,CHEMBL3746388,Cn1cc(C(=O)O)c2ccc(cc12)N3CCC(CC3)OCc4c(onc4c5c(Cl)cccc5Cl)C6CC6,6.71
3625,CHEMBL3781062,C[Si](C)(O)c1ccc(cc1)N(CC(F)(F)F)S(=O)(=O)c2ccccc2,4.96
3629,CHEMBL3793436,COc1ccc(cc1OC)C(C)(C)c2cnc(SCCOc3ccc(cc3)n4ccnc4)n2c5ccc(F)cc5,5.19
3639,CHEMBL241106,CNC(=O)O[C@@H](CC(C)C)c1nc(cs1)[C@H]2OC(=O)\C(=C\C\C(=C\[C@@H](O)[C@@H](C)\C=C(\C)/C=C(/C)\C=C\[C@@H](O)[C@H](C)[C@H](OC)\C(=C\C=C\[C@@H]2C)\C)\C)\C,6.7
3652,CHEMBL3822773,OC(=O)c1ccc(cc1)[C@H]2C[C@@H]2c3ccc(OCc4c(onc4c5c(Cl)cccc5Cl)C6CC6)cc3Cl,5.96
3655,CHEMBL3823312,Clc1cccc(Cl)c1c2noc(C3CC3)c2COc4ccc(C5CC5c6ccc(nc6)c7nnn[nH]7)c(Cl)c4,6.88
3656,CHEMBL3822935,OC(=O)CNC(=O)c1ccc(cc1)C2CC2c3ccc(OCc4c(onc4c5c(Cl)cccc5Cl)C6CC6)cc3Cl,6.82
3663,CHEMBL3823688,CCO[C@@]1(C[C@@H](C1)c2cccc(c2)C(=O)O)c3ccc(OCc4c(onc4c5c(Cl)cccc5Cl)C6CC6)cc3Cl,6.56
3664,CHEMBL3823467,OCCO[C@@]1(C[C@@H](C1)c2cccc(c2)C(=O)O)c3ccc(OCc4c(onc4c5c(Cl)cccc5Cl)C6CC6)cc3Cl,6.43
