,molecule_chembl_id,canonical_smiles,pchembl_value
0,meclozine,CC1=CC=CC(CN2CCN(CC2)C(C2=CC=CC=C2)C2=CC=C(Cl)C=C2)=C1,7.15999985
1,CHEMBL104,Clc1ccccc1C(c2ccccc2)(c3ccccc3)n4ccnc4,7.0
2,CHEMBL3763979,CC(C)OC(=O)Nc1ccc2CCc3ccccc3N(C(=O)COC4CC4)c2c1,7.09
3,CHEMBL458603,Clc1ccc(cc1)c2nc3sccn3c2\C=N\OCc4ccc(Cl)c(Cl)c4,7.13
4,CHEMBL3765243,CCOC(=O)Nc1ccc2CCc3ccccc3N(C(=O)COC(C)(C)C)c2c1,7.15
5,CHEMBL3763758,CC(C)OCC(=O)N1c2ccccc2CCc3ccc(NC(=O)OC(C)C)cc13,7.22
6,CHEMBL3764324,CC(C)OC(=O)Nc1ccc2CCc3ccccc3N(C(=O)COC4CCC4)c2c1,7.43
7,CHEMBL3763695,CCOC(=O)Nc1ccc2CCc3ccccc3N(C(=O)Cn4cccc4)c2c1,7.43
8,CHEMBL3765692,CCC(C)OCC(=O)N1c2ccccc2CCc3ccc(NC(=O)OC(C)C)cc13,7.45
9,CHEMBL3764583,CC(C)(C)OC(=O)Nc1ccc2CCc3ccccc3N(C(=O)Cn4cccc4)c2c1,7.5
10,CHEMBL3764168,CC(C)OC(=O)Nc1ccc2CCc3ccccc3N(C(=O)COC4CCCCC4)c2c1,7.62
11,CHEMBL3763725,O=C(Nc1ccc2CCc3ccccc3N(C(=O)Cn4cccc4)c2c1)OC5CC5,7.66
12,CHEMBL3765064,CC(C)OC(=O)Nc1ccc2CCc3ccccc3N(C(=O)COCC(C)(C)C)c2c1,7.67
13,CHEMBL3764750,CC(C)OC(=O)Nc1ccc2CCc3ccccc3N(C(=O)Cn4cccc4)c2c1,7.68
14,CHEMBL3763664,O=C(Nc1ccc2CCc3ccccc3N(C(=O)Cn4cccc4)c2c1)OC5CCC5,7.7
15,CHEMBL3763536,CC(C)OC(=O)Nc1ccc2CCc3ccccc3N(C(=O)COC4CCCC4)c2c1,7.71
16,CHEMBL3763399,O=C(Nc1ccc2CCc3ccccc3N(C(=O)Cn4cccc4)c2c1)OC5CCCC5,7.86
17,CHEMBL3763793,O=C(Nc1ccc2CCc3ccccc3N(C(=O)Cn4cccc4)c2c1)OC5CCCCC5,7.93
9,CHEMBL142348,C[C@]12CC[C@H]3[C@@H](CC[C@H]4C[C@H](O)CC[C@]34C)[C@@H]1CC=C2,6.6
