,molecule_chembl_id,canonical_smiles,pchembl_value
0,spironolactone,CC(=O)S[C@@H]1CC2=CC(=O)CC[C@]2(C)[C@H]3CC[C@@]4(C)[C@@H](CC[C@@]45CCC(=O)O5)[C@H]13,9.8844
1,eplerenone,[H][C@@]12CC[C@@]3(CCC(=O)O3)[C@@]1(C)C[C@H]1O[C@@]11[C@@]2([H])[C@@H](CC2=CC(=O)CC[C@]12C)C(=O)OC,7.0
2,drospirenone,[H][C@@]12[C@@H]3C[C@@H]3[C@@]3(CCC(=O)O3)[C@@]1(C)CC[C@@]1([H])[C@@]2([H])[C@H]2C[C@H]2C2=CC(=O)CC[C@]12C,10.5
3,desoxycorticosterone pivalate,[H][C@@]12CC[C@H](C(=O)COC(=O)C(C)(C)C)[C@@]1(C)CC[C@@]1([H])[C@@]2([H])CCC2=CC(=O)CC[C@]12C,11.0
4,fludrocortisone acetate,[H][C@@]12CC[C@](O)(C(=O)COC(C)=O)[C@@]1(C)C[C@H](O)[C@@]1(F)[C@@]2([H])CCC2=CC(=O)CC[C@]12C,9.92000008
5,desoxycorticosterone acetate,[H][C@@]12CC[C@H](C(=O)COC(C)=O)[C@@]1(C)CC[C@@]1([H])[C@@]2([H])CCC2=CC(=O)CC[C@]12C,
6,desoxycortone,[H][C@@]12CC[C@H](C(=O)CO)[C@@]1(C)CC[C@@]1([H])[C@@]2([H])CCC2=CC(=O)CC[C@]12C,11.0
7,canrenone,[H][C@@]12CC[C@@]3(CCC(=O)O3)[C@@]1(C)CC[C@@]1([H])[C@@]2([H])C=CC2=CC(=O)CC[C@]12C,6.52287865
8,CHEMBL2407682,C[C@@H](N1C(=O)O[C@](Cc2ccccc2)(C(=O)Nc3ccc(F)cc3)C1=O)c4ccccc4,7.0
9,CHEMBL2407684,C[C@@H](N1C(=O)O[C@](Cc2ccccc2)(C(=O)Nc3ccc(cc3)C#N)C1=O)c4ccccc4,7.0
10,CHEMBL3093457,Cc1cc(C)c(c(C)c1)S(=O)(=O)NC(Cn2ccc3c(cccc23)C#N)C(F)(F)F,7.0
11,CHEMBL3337731,Cc1nn(Cc2ccccc2)c(c3ccc(F)cc3)c1c4ccc5OCC(=O)Nc5c4,7.0
12,CHEMBL3643678,NC(=O)Nc1cc(CC(C2CC2)c3ccccc3)ccn1,7.0
13,CHEMBL3643689,NC(=O)Nc1cc(CCc2ccc(cc2)C(F)(F)F)ccn1,7.0
14,CHEMBL373497,CC(C)(CC(O)(CN1C=CC(=O)c2ccccc12)C(F)(F)F)c3cccc4CCOc34,7.01
15,CHEMBL3337832,Cc1nn(CCC(F)(F)CO)c(c2ccc(F)cc2)c1c3ccc4OCC(=O)Nc4c3,7.02
16,CHEMBL2419298,CC1NC(=O)C(=C1c2ccc3OCC(=O)Nc3c2)c4ccc(F)cc4,7.03
17,CHEMBL2419299,CC1NC(=O)C(=C1c2cc(F)c3OCC(=O)Nc3c2)c4ccc(F)cc4,7.04
18,CHEMBL219561,COc1ccc(C)c(c1)C(C)(C)CC(O)(CN2C=CC(=O)c3ccccc23)C(F)(F)F,7.04
19,CHEMBL3692346,C[C@]12CC[C@@H]3[C@H]4CCC(=O)C=C4C=C[C@H]3[C@@H]1CC[C@]25OCC=C5,7.04
20,CHEMBL3093448,Cc1cc(C)c(c(C)c1)S(=O)(=O)NC(Cc2c[nH]c3c(C)cccc23)C(F)(F)F,7.05
21,CHEMBL3093446,Cc1ccc2[nH]cc(CC(NS(=O)(=O)c3c(C)cc(C)cc3C)C(F)(F)F)c2c1,7.05
22,CHEMBL1672540,COc1ccc(cc1)C(c2ccccc2)c3c[nH]c4ccccc34,7.06
23,CHEMBL3643669,NC(=O)Nc1cc(CCc2cccc(F)c2)ccn1,7.07
24,CHEMBL2419301,CC1NC(=O)C(=C1c2cc(C)c3OCC(=O)Nc3c2)c4ccc(F)cc4,7.08
25,CHEMBL3126951,Cc1ccc(F)cc1C(C)(C)CC(O)(Cc2cc3cnncc3[nH]2)C(F)(F)F,7.08
26,CHEMBL3337730,CCCn1nc(C)c(c2ccc3OCC(=O)Nc3c2)c1c4ccc(F)cc4,7.09
27,CHEMBL3234863,C[C@@H](N1C(=O)O[C@@](Cc2ccccc2)(C1=O)c3oc(nn3)C4(CC4)c5ccccc5)c6ccccc6,7.09
28,CHEMBL216272,CC1=NOC(=O)c2ccc(NC(=O)C(O)(CC(C)(C)c3cccc4CCOc34)C(F)(F)F)cc12,7.1
29,CHEMBL415621,C[C@H](CCC(=O)O)[C@H]1CC[C@H]2[C@@H]3[C@H](O)C[C@@H]4CC(CC[C@]4(C)[C@H]3C[C@H](O)[C@]12C)OCCCN(C)c5ccc(cc5)[C@H]6C[C@@]7(C)[C@@H](CC[C@@]7(O)C#C)[C@@H]8CCC9=CC(=O)CCC9=C68,7.1
30,CHEMBL3093445,Cc1cc(C)c(c(C)c1)S(=O)(=O)NC(Cc2c[nH]c3cccc(C)c23)C(F)(F)F,7.1
31,CHEMBL3093443,Cc1cc(C)c(c(C)c1)S(=O)(=O)NC(Cc2c[nH]c3ccccc23)C(F)(F)F,7.1
32,CHEMBL1929036,Cc1ccccc1n2nc(cc2c3ccc4OCC(=O)Nc4c3)C(F)(F)F,7.1
33,CHEMBL3093442,FC(F)(F)C(Cc1c[nH]c2ccccc12)NS(=O)(=O)c3c(Cl)cc(Cl)cc3Cl,7.1
34,CHEMBL3643682,Cc1cccc(CCc2ccnc(NC(=O)N)c2)c1,7.11
35,CHEMBL1929040,Cc1cc(F)ccc1n2nc(cc2c3cc(F)c4OCC(=O)Nc4c3)C(F)(F)F,7.12
36,CHEMBL3643685,NC(=O)Nc1cc(CCc2ccccc2F)ccn1,7.12
37,CHEMBL3337734,Cc1nn(CCCCO)c(c2ccc(F)cc2)c1c3ccc4OCC(=O)Nc4c3,7.13
38,CHEMBL3578291,C[C@@H](N1C(=O)O[C@@](Cc2ccccc2)(C1=O)c3nc4c(F)cccc4[nH]3)c5ccc(F)cc5,7.14
39,CHEMBL3643681,NC(=O)Nc1cc(CCc2cccc(c2)C(F)(F)F)ccn1,7.14
40,CHEMBL3337829,Cc1nn(CC(F)(F)CO)c(c2ccc(F)cc2)c1c3ccc4OCC(=O)Nc4c3,7.15
41,CHEMBL3093452,Cc1cc(C)c(c(C)c1)S(=O)(=O)NC(Cc2c[nH]c3c(cccc23)C#N)C(F)(F)F,7.16
42,CHEMBL1928878,O=C1COc2ccc(cc2N1)C3=Nc4ccccc4SC3c5ccccc5,7.16
43,CHEMBL2419296,CC1N(C2CC2)C(=O)C(=C1c3ccc4OCC(=O)Nc4c3)c5ccc(F)cc5,7.17
44,CHEMBL3234850,COc1cc(OC)cc(c1)c2cnc([nH]2)[C@@]3(Cc4ccccc4)OC(=O)N([C@H](C)c5ccccc5)C3=O,7.17
45,CHEMBL3692352,CC[C@]12CC[C@@H]3[C@H]4CCC(=O)C=C4C=C[C@H]3[C@@H]1CC[C@]25OCC=C5,7.18
46,CHEMBL3578289,C[C@@H](N1C(=O)O[C@@](Cc2ccccc2)(C1=O)c3nc4cc(ccc4[nH]3)c5cccnc5Cl)c6ccc(F)cc6,7.19
47,CHEMBL3093456,Cc1cc(C)c(c(C)c1)S(=O)(=O)NC(Cn2cc(C#N)c3ccccc23)C(F)(F)F,7.19
48,CHEMBL3578283,C[C@@H](N1C(=O)O[C@@](Cc2ccccc2)(C1=O)c3nc4cc(ccc4[nH]3)c5conc5)c6ccc(F)cc6,7.21
49,CHEMBL3643648,NC(=O)Nc1cc(ccn1)c2ccnn2c3ccc(F)cc3,7.21
50,CHEMBL195021,CC(C)(CC(C)(O)C(=O)Nc1ccc2C(=O)OCc2c1)c3ccccc3,7.22
51,CHEMBL3337824,CC(C)Cn1nc(C)c(c2ccc3OCC(=O)Nc3c2)c1c4ccc(F)cc4,7.22
52,CHEMBL1253819,COc1ccc(F)cc1C(C)(C)C[C@@](O)(Cc2cc3cnccc3[nH]2)C(F)(F)F,7.24
53,CHEMBL3692349,C[C@]12CC[C@@H]3[C@H]4CCC(=O)C=C4C[C@@H](C=C)[C@H]3[C@@H]1CC[C@]25OCC=C5,7.24
54,CHEMBL3263758,COc1nc(ccc1C(=O)O)C2=NN([C@H](C2)C3CCCC3)c4ccc(C#N)c(Cl)c4,7.25
55,CHEMBL2407645,COc1cc(CNC(=O)[C@@]2(Cc3ccccc3)OC(=O)N([C@H](C)c4ccc(Cl)cc4)C2=O)cc(OC)c1,7.26
56,CHEMBL2407668,COc1cc(CNC(=O)[C@@]2(Cc3ccccc3)OC(=O)N([C@H](C)c4ccccc4)C2=O)cc(OC)c1,7.27
57,CHEMBL3643680,Cc1ccccc1C(Cc2ccnc(NC(=O)N)c2)c3ccccc3,7.27
58,CHEMBL2440888,CC(=O)[C@H]1CC[C@H]2[C@@H]3CCC4=CC(=O)CC[C@]4(C)[C@H]3[C@@H](O)C[C@]12C,7.3
59,CHEMBL397920,CO\N=C(/C)\c1ccsc1\C=C\2/Oc3ccc(O)c(OC)c3c4ccc5NC(C)(C)C=C(C)c5c24,7.32
60,CHEMBL1254994,COc1ccc(F)cc1C(C)(C)CC(O)(Cn2ccc3ncccc23)C(F)(F)F,7.32
61,CHEMBL3643645,NC(=O)Nc1cc(ccn1)c2cc(nn2c3ccc(F)cc3)C(F)(F)F,7.33
62,CHEMBL3337823,CCCCn1nc(C)c(c2ccc3OCC(=O)Nc3c2)c1c4ccc(F)cc4,7.35
63,CHEMBL3605929,COc1cc(F)ccc1c2c(C)[nH]c3c(NS(=O)(=O)C)cc(F)cc23,7.35
64,CHEMBL1911650,COc1ccc(F)cc1C(C)(C)C[C@@](O)(Cc2cc3cc(ccc3[nH]2)C#N)C(F)(F)F,7.35
65,CHEMBL3086014,COc1ccc(cc1c2ccc(CNS(=O)(=O)c3c(C)onc3C)cc2)C#N,7.35
66,prednisolone,[H][C@@]12CC[C@](O)(C(=O)CO)[C@@]1(C)C[C@H](O)[C@@]1([H])[C@@]2([H])CCC2=CC(=O)C=C[C@]12C,7.36
67,CHEMBL1929039,Cc1cc(F)ccc1n2nc(cc2c3ccc4OCC(=O)Nc4c3)C(F)(F)F,7.37
68,CHEMBL428922,CC\C=C(/C)\c1ccsc1\C=C\2/Oc3ccc(O)c(OC)c3c4ccc5NC(C)(C)C=C(C)c5c24,7.38
69,CHEMBL3578281,C[C@@H](N1C(=O)O[C@@](Cc2ccccc2)(C1=O)c3nc4cc(ccc4[nH]3)c5cn[nH]c5)c6ccc(F)cc6,7.38
70,CHEMBL196374,CC1=NOC(=O)c2ccc(NC(=O)C(O)(CC(C)(C)c3cc(F)ccc3O)C(F)(F)F)cc12,7.39
71,CHEMBL3578285,C[C@@H](N1C(=O)O[C@@](Cc2ccccc2)(C1=O)c3nc4cc(ccc4[nH]3)N5CCOCC5)c6ccc(F)cc6,7.4
72,CHEMBL3086013,Cc1onc(C)c1S(=O)(=O)NCc2ccc(cc2)c3cccc(c3)C#N,7.4
73,CHEMBL3234858,COc1cc(OC)cc(c1)c2oc(nn2)[C@@]3(Cc4ccccc4)OC(=O)N([C@H](C)c5ccccc5)C3=O,7.41
74,CHEMBL3578284,C[C@@H](N1C(=O)O[C@@](Cc2ccccc2)(C1=O)c3nc4cc(ccc4[nH]3)c5conc5C)c6ccc(F)cc6,7.41
75,CHEMBL402063,C\C=C/1\C(=O)C[C@H]2[C@@H]3CCC4=CC(=O)CC[C@]4(C)[C@H]3CC[C@]12C,7.41
76,CHEMBL3692353,CC[C@]12CC[C@@H]3[C@H]4CCC(=O)C=C4C[C@@H](C)[C@H]3[C@@H]1CC[C@]25OCC=C5,7.42
77,CHEMBL3605924,COc1cc(NS(=O)(=O)C)c2[nH]c(C)c(c3cc(F)ccc3OC)c2c1,7.42
78,CHEMBL3643656,Cc1cc(F)ccc1n2nccc2c3ccnc(NC(=O)N)c3,7.42
79,CHEMBL3337830,Cc1nn(CC(F)(F)CCO)c(c2ccc(F)cc2)c1c3ccc4OCC(=O)Nc4c3,7.42
80,CHEMBL2407644,COc1cc(CNC(=O)[C@@]2(Cc3ccccc3)OC(=O)N([C@H](C)c4ccc(F)cc4)C2=O)cc(OC)c1,7.43
81,CHEMBL410683,C\C=C\1/C(=O)C[C@H]2[C@@H]3CCC4=CC(=O)CC[C@]4(C)[C@H]3CC[C@]12C,7.43
82,CHEMBL3643687,NC(=O)Nc1cc(CCc2ccccc2)ccn1,7.43
83,CHEMBL3578288,C[C@@H](N1C(=O)O[C@@](Cc2ccccc2)(C1=O)c3nc4cc(ccc4[nH]3)c5ccncc5)c6ccc(F)cc6,7.44
84,CHEMBL3337821,Cc1nn(Cc2cccnc2)c(c3ccc(F)cc3)c1c4ccc5OCC(=O)Nc5c4,7.44
85,CHEMBL1928877,O=C1COc2ccc(cc2N1)C3=Nn4ccnc4SC3c5ccccc5,7.44
86,CHEMBL3578286,C[C@@H](N1C(=O)O[C@@](Cc2ccccc2)(C1=O)c3nc4cc(ccc4[nH]3)c5cccnc5)c6ccc(F)cc6,7.47
87,CHEMBL3643677,CC(Cc1ccnc(NC(=O)N)c1)c2ccccc2,7.48
88,CHEMBL2419295,CCN1C(C)C(=C(C1=O)c2ccc(F)cc2)c3ccc4OCC(=O)Nc4c3,7.48
89,CHEMBL2407647,COc1cc(CNC(=O)[C@@]2(Cc3ccccc3)OC(=O)N([C@@H]4CCc5ccccc45)C2=O)cc(OC)c1,7.48
90,CHEMBL3578282,C[C@@H](N1C(=O)O[C@@](Cc2ccccc2)(C1=O)c3nc4cc(ccc4[nH]3)c5cnn(C)c5)c6ccc(F)cc6,7.48
91,CHEMBL384467,C[C@@H]1C[C@H]2[C@@H]3CCC4=CC(=O)C=C[C@]4(C)[C@@]3(F)[C@@H](O)C[C@]2(C)[C@@]1(O)C(=O)CO,7.48
92,CHEMBL3337825,Cc1nn(CCCC(F)(F)F)c(c2ccc(F)cc2)c1c3ccc4OCC(=O)Nc4c3,7.48
93,CHEMBL257152,CC1CC(C)(C)Nc2c(C)cc(c(Cl)c12)c3ccc(F)c4cc[nH]c34,7.5
94,CHEMBL3263759,COc1nc(ccc1C(=O)O)C2=NN([C@H](C2)C(C)C)c3ccc(C#N)c(C)n3,7.51
95,CHEMBL3687970,C[C@]12CC[C@H]3[C@@H](CCC4=CC(=O)CC[C@H]34)[C@@H]1CC[C@]25OCC=C5,7.51
96,CHEMBL194745,CC(C)(CC(O)(C(=O)Nc1ccc2C(=O)OCc2c1)C(F)(F)F)c3cc(F)ccc3O,7.52
97,CHEMBL3578290,C[C@@H](N1C(=O)O[C@@](Cc2ccccc2)(C1=O)c3nc4cc(ccc4[nH]3)c5cncnc5)c6ccc(F)cc6,7.52
98,CHEMBL3643668,NC(=O)Nc1cc(CCc2ccc(F)cc2)ccn1,7.52
99,CHEMBL3605933,COc1ccccc1c2c[nH]c3c(NS(=O)(=O)C)cccc23,7.56
100,CHEMBL1215197,CCOc1cc(ccc1C(=O)O)C2=NN([C@H](C2)C3CCCC3)c4ccc(C#N)c(Cl)c4,7.59
101,CHEMBL3643662,COc1ccc(cc1)n2nccc2c3ccnc(NC(=O)N)c3,7.6
102,CHEMBL3643684,COc1ccccc1CCc2ccnc(NC(=O)N)c2,7.6
103,CHEMBL2419300,CC1NC(=O)C(=C1c2cc(Cl)c3OCC(=O)Nc3c2)c4ccc(F)cc4,7.64
104,CHEMBL3643675,Cc1ccccc1C(Cc2ccnc(NC(=O)N)c2)C3CC3,7.66
105,CHEMBL3263756,Cc1nc(ccc1C#N)N2N=C(C[C@@H]2C3CCCC3)c4ccc(cc4)C(=O)O,7.67
106,CHEMBL258191,CC1CC(C)(C)Nc2c(C)cc(c(Cl)c12)c3cccc4cc[nH]c34,7.68
107,CHEMBL397919,COc1c(O)ccc2O\C(=C/c3sccc3\C(=N\O)\C)\c4c(ccc5NC(C)(C)C=C(C)c45)c12,7.68
108,CHEMBL1929042,Cc1cc(cc2NC(=O)COc12)c3cc(nn3c4ccc(F)cc4C)C(F)(F)F,7.68
109,CHEMBL2112397,CC(=O)C1CC[C@H]2[C@@H]3CCC4=CC(=O)CCC4(C)[C@H]3CCC12C(=O)C=[N+]=[N-],7.7
110,CHEMBL2112398,C[C@@H](O)C1CC[C@H]2[C@@H]3CCC4=CC(=O)CCC4(C)[C@H]3CCC12C(=O)C=[N+]=[N-],7.7
111,CHEMBL2181927,CCOc1ncc(C)c2NC(=C([C@@H](c3ccc(cc3OC)C#N)c12)C(=O)N)C,7.75
112,CHEMBL3263761,CNC(=O)c1ccc(nc1OC)C2=NN([C@H](C2)C3CCCC3)c4ccc(C#N)c(C)c4,7.75
113,CHEMBL3263755,COc1cc(ccc1C(=O)O)C2=NN([C@H](C2)C3CCCC3)c4ccc(C#N)c(C)n4,7.75
114,CHEMBL3337831,Cc1nn(CCC(C)(F)F)c(c2ccc(F)cc2)c1c3ccc4OCC(=O)Nc4c3,7.75
115,CHEMBL3692347,C[C@@H]1CC2=CC(=O)CC[C@@H]2[C@H]3CC[C@@]4(C)[C@@H](CC[C@]45OCC=C5)[C@H]13,7.77
116,CHEMBL1215130,COc1cc(ccc1C(=O)O)C2=NN([C@H](C2)C3CCCC3)c4ccc(C#N)c(Cl)c4,7.82
117,progesterone,[H][C@@]12CC[C@H](C(C)=O)[C@@]1(C)CC[C@@]1([H])[C@@]2([H])CCC2=CC(=O)CC[C@]12C,7.85
118,CHEMBL2407646,COc1cc(CNC(=O)[C@@]2(Cc3ccccc3)OC(=O)N([C@H](C)C4CCCCC4)C2=O)cc(OC)c1,7.85
119,CHEMBL3643658,Cc1ccc(cc1)n2nccc2c3ccnc(NC(=O)N)c3,7.85
120,CHEMBL3643673,NC(=O)Nc1cc(CC(c2ccccc2)c3ccccc3)ccn1,7.89
121,CHEMBL3643686,NC(=O)Nc1cc(CCc2ccccc2C(F)(F)F)ccn1,7.89
122,CHEMBL1929041,Cc1cc(F)ccc1n2nc(cc2c3cc(Cl)c4OCC(=O)Nc4c3)C(F)(F)F,7.92
123,CHEMBL3643674,CC(Cc1ccnc(NC(=O)N)c1)c2ccccc2C,7.96
124,CHEMBL3263751,CCOc1cc(ccc1C(=O)O)C2=NN([C@H](C2)C3CCCC3)c4ccc(C#N)c(C)c4,7.97
125,CHEMBL395716,COCc1ccsc1\C=C\2/Oc3ccc(O)c(OC)c3c4ccc5NC(C)(C)C=C(C)c5c24,8.0
126,CHEMBL3263765,COc1nc(ccc1C(=O)N(C)C)C2=NN([C@H](C2)C3CCCC3)c4ccc(C#N)c(C)n4,8.03
127,CHEMBL3643660,NC(=O)Nc1cc(ccn1)c2ccnn2c3ccc(Cl)cc3,8.03
128,CHEMBL1215331,OC(=O)c1ccc2C3=NN([C@@H](C4CCCC4)[C@H]3CCc2c1)c5ccc(C#N)c(Cl)c5,8.04
129,CHEMBL3263750,COc1cc(ccc1C(=O)O)C2=NN([C@H](C2)C3CCCC3)c4ccc(C#N)c(C)c4,8.05
130,CHEMBL263091,COc1ccc(F)cc1C(C)(C)CC(O)(C(=O)Nc2ccc3C(=O)ON=C(C)c3c2)C(F)(F)F,8.1
131,CHEMBL3263754,COc1nc(ccc1C(=O)O)C2=NN([C@H](C2)C3CCCC3)c4ccc(C#N)c(C)n4,8.12
132,CHEMBL391439,C[C@](C1CC1)(c2ccc(F)cc2)c3c[nH]c4c(NS(=O)(=O)C)cccc34,8.13
133,CHEMBL2181933,Cc1ccccc1CCc2ccnc(NC(=O)N)c2,8.15
134,CHEMBL3120317,CC\C(=C\1/c2ccccc2OCc3cccc(OC)c13)\c4cccc(NS(=O)(=O)C)c4,8.22
135,CHEMBL3692351,CC[C@]12CC[C@H]3[C@@H](CCC4=CC(=O)CC[C@H]34)[C@@H]1CC[C@]25OCC=C5,8.3
136,CHEMBL3643690,Cc1cc(F)ccc1CCc2ccnc(NC(=O)N)c2,8.33
137,CHEMBL3263752,COc1nc(ccc1C(=O)O)C2=NN([C@H](C2)C3CCCC3)c4ccc(C#N)c(C)c4,8.35
138,CHEMBL3263757,CCOc1nc(ccc1C(=O)O)C2=NN([C@H](C2)C3CCCC3)c4ccc(C#N)c(C)c4,8.36
139,CHEMBL3263763,COc1nc(ccc1C(=O)N)C2=NN([C@H](C2)C3CCCC3)c4ccc(C#N)c(C)n4,8.37
140,CHEMBL3263767,COc1nc(ccc1C(=O)NS(=O)(=O)C)C2=NN([C@H](C2)C3CCCC3)c4ccc(C#N)c(C)n4,8.39
141,CHEMBL273453,C[C@]12CCC(=O)C=C1CC[C@H]3[C@@H]4CC[C@H](C(=O)CO)[C@]4(C[C@H](O)[C@H]23)C=O,8.42
142,CHEMBL3263762,COc1nc(ccc1C(=O)N(C)C)C2=NN([C@H](C2)C3CCCC3)c4ccc(C#N)c(C)c4,8.43
143,CHEMBL3263764,CNC(=O)c1ccc(nc1OC)C2=NN([C@H](C2)C3CCCC3)c4ccc(C#N)c(C)n4,8.48
144,CHEMBL3658375,C[C@]12CCC(=O)C=C1[C@@H]3C[C@@H]3[C@@H]4[C@@H]2CC[C@@]5(C)[C@H]4[C@@H]6C[C@@H]6[C@@]57CCC(=O)O7,8.48
145,CHEMBL3263766,COc1nc(ccc1C(=O)NS(=O)(=O)C)C2=NN([C@H](C2)C3CCCC3)c4ccc(C#N)c(C)c4,8.55
146,CHEMBL3263760,COc1nc(ccc1C(=O)N)C2=NN([C@H](C2)C3CCCC3)c4ccc(C#N)c(C)c4,8.57
147,CHEMBL3120320,CS(=O)(=O)Nc1cccc(C=C2c3ccccc3CCc4ccccc24)c1,8.61
148,CHEMBL391231,C[C@](C1CC1)(c2ccc(F)cc2F)c3c[nH]c4c(NS(=O)(=O)C)cccc34,8.65
149,CHEMBL3263768,COc1nc(ccc1C(=O)Nc2nnn[nH]2)C3=NN([C@H](C3)C4CCCC4)c5ccc(C#N)c(C)c5,8.66
150,CHEMBL3605932,CS(=O)(=O)Nc1cccc2c(c[nH]c12)c3cccc(Cl)c3,8.68
151,CHEMBL3578271,C[C@@H](N1C(=O)O[C@@](Cc2ccccc2)(C1=O)c3nc4cc(Cl)ccc4[nH]3)c5ccc(F)cc5,8.7
152,CHEMBL235209,C[C@@](C1CC1)(c2ccc(F)cc2)c3c[nH]c4c(NS(=O)(=O)C)cccc34,8.81
153,CHEMBL3120318,CC\C(=C/1\c2ccccc2COc3ccccc13)\c4cccc(NS(=O)(=O)C)c4,9.02
154,CHEMBL97531,CC12CCC3C(CCC4=CC(=O)CCC34C)C1CCC2C(=O)C=[N+]=[N-],9.13
155,CHEMBL1672542,CC(C1CC1)(c2ccc(F)cc2)c3c[nH]c4c(NS(=O)(=O)C)cccc34,9.19
156,CHEMBL166444,C[C@]1(O)CC[C@H]2[C@@H]3CCC4=CC(=O)CCC4=C3C=C[C@]12C,9.27
157,CHEMBL235206,C[C@@](C1CC1)(c2ccc(F)cc2F)c3c[nH]c4c(NS(=O)(=O)C)cccc34,9.31
158,CHEMBL2181925,Fc1ccc2\C(=C\c3ccc4N([C@H]5C[C@H]6COCCN6C5)C(=O)Nc4c3)\c7ccccc7COc2c1,9.4
159,CHEMBL3120319,C\C(=C/1\c2ccccc2COc3ccccc13)\c4cccc(NS(=O)(=O)C)c4,9.47
87,CHEMBL417729,COc1cc(C[C@H]2C(=C)CCCC2(C)C)c(O)cc1Br,5.82
166,CHEMBL63768,COc1cccc2OC(c3ccccc3)c4c(Br)c(NS(=O)(=O)C)ccc4c12,6.34
171,CHEMBL293452,COc1cccc2OC(c3cc(C)cc(C)c3)c4cc(NS(=O)(=O)C)ccc4c12,5.91
174,CHEMBL65021,COc1cccc2OC(c3ccccc3)c4cc(NS(=O)(=O)C)ccc4c12,4.64
175,CHEMBL65354,COc1cccc2OC(c3cccc(F)c3)c4cc(NS(=O)(=O)C)ccc4c12,6.17
176,CHEMBL294800,COc1cccc2OC(c3cccc(C)c3)c4cc(NS(=O)(=O)C)ccc4c12,6.48
177,CHEMBL65695,COc1cccc2OC(c3cccc(Cl)c3)c4cc(NS(=O)(=O)C)ccc4c12,5.67
178,CHEMBL66598,CCOc1cccc2OC(c3ccccc3)c4cc(NS(=O)(=O)C)ccc4c12,6.05
182,CHEMBL293388,COc1cccc2OC(c3cccs3)c4cc(NS(=O)(=O)C)ccc4c12,5.65
183,CHEMBL65221,CS(=O)(=O)Nc1ccc2c(c1)C(Oc3cccc(OC(F)F)c23)c4ccccc4,6.79
184,CHEMBL65868,COc1cccc2OC(c3ccc(C)cc3)c4cc(NS(=O)(=O)C)ccc4c12,6.19
187,CHEMBL65657,COc1cccc2OC(c3ccc(F)cc3)c4cc(NS(=O)(=O)C)ccc4c12,5.61
236,CHEMBL136322,CC1(C)OC(=O)Nc2ccc(cc12)c3cc(F)cc(c3)C#N,5.63
237,CHEMBL343306,CC1(C)OC(=O)Nc2ccc(cc12)c3ccc(F)c(Cl)c3,5.6
239,CHEMBL139749,CC1(C)OC(=O)Nc2ccc(cc12)c3csc(c3)C#N,5.86
241,CHEMBL318409,CC1=CC(C)(C)Nc2ccc3c4cc(Cl)ccc4OC(c5ccccc5)c3c12,5.96
243,CHEMBL99046,COc1cccc2OC(c3ccccc3)c4c(ccc5NC(C)(C)C=C(C)c45)c12,5.77
244,CHEMBL131,C[C@]12C[C@H](O)[C@H]3[C@@H](CCC4=CC(=O)C=C[C@]34C)[C@@H]1CC[C@]2(O)C(=O)CO,7.43
245,CHEMBL95644,COc1cccc2OC(c3cccc(c3)C(F)(F)F)c4c(ccc5NC(C)(C)C=C(C)c45)c12,6.31
246,CHEMBL97206,COc1cccc2OC(c3cccc(OCSC)c3)c4c(ccc5NC(C)(C)C=C(C)c45)c12,5.42
247,CHEMBL317578,COc1cccc2OC(c3cccc(OC(=O)N(C)C)c3)c4c(ccc5NC(C)(C)C=C(C)c45)c12,5.41
288,CHEMBL70381,Cc1c(NS(=O)(=O)C)cccc1N(Cc2ccccc2)Cc3ccc(Cl)cc3F,5.4
289,CHEMBL419633,Cc1c(NS(=O)(=O)C)cccc1N(Cc2ccccc2)Cc3ccccc3,6.51
290,CHEMBL414318,C[C@H](CCC(=O)NCC(=O)O)[C@H]1CC[C@H]2[C@@H]3[C@H](O)C[C@@H]4CC(CC[C@]4(C)[C@H]3C[C@H](O)[C@]12C)OCCN(C)c5ccc(cc5)[C@H]6C[C@@]7(C)[C@@H](CC[C@@]7(O)C#C)[C@@H]8CCC9=CC(=O)CCC9=C68,6.29
291,CHEMBL407672,C[C@H](CCC(=O)NCCS(=O)(=O)O)[C@H]1CC[C@H]2[C@@H]3[C@H](O)C[C@@H]4CC(CC[C@]4(C)[C@H]3C[C@H](O)[C@]12C)OCCN(C)c5ccc(cc5)[C@H]6C[C@@]7(C)[C@@H](CC[C@@]7(O)C#C)[C@@H]8CCC9=CC(=O)CCC9=C68,6.85
294,CHEMBL436859,C[C@H](CCC(=O)N[C@@H](CCC(=O)N(C)c1ccc(cc1)[C@H]2C[C@@]3(C)[C@@H](CC[C@@]3(O)C#C)[C@@H]4CCC5=CC(=O)CCC5=C24)C(=O)O)[C@H]6CC[C@H]7[C@@H]8[C@H](O)C[C@@H]9C[C@H](O)CC[C@]9(C)[C@H]8C[C@H](O)[C@]67C,6.23
295,CHEMBL411185,C[C@H](CCC(=O)O)[C@H]1CC[C@H]2[C@@H]3[C@H](O)C[C@@H]4CC(CC[C@]4(C)[C@H]3C[C@H](O)[C@]12C)OC(=O)NCC(=O)N(C)c5ccc(cc5)[C@H]6C[C@@]7(C)[C@@H](CC[C@@]7(O)C#C)[C@@H]8CCC9=CC(=O)CCC9=C68,6.51
299,CHEMBL408376,C[C@H](CCC(=O)O)[C@H]1CC[C@H]2[C@@H]3[C@H](O)C[C@@H]4CC(CC[C@]4(C)[C@H]3C[C@H](O)[C@]12C)N(C)C(=O)CCCN(C)c5ccc(cc5)[C@H]6C[C@@]7(C)[C@@H](CC[C@@]7(O)C#C)[C@@H]8CCC9=CC(=O)CCC9=C68,6.72
300,CHEMBL384975,C[C@H](CCC(=O)O)[C@H]1CC[C@H]2[C@@H]3[C@H](O)C[C@@H]4CC(CC[C@]4(C)[C@H]3C[C@H](O)[C@]12C)N(C)C(=O)NCCN(C)c5ccc(cc5)[C@H]6C[C@@]7(C)[C@@H](CC[C@@]7(O)C#C)[C@@H]8CCC9=CC(=O)CCC9=C68,6.07
301,CHEMBL406027,C[C@H](CCC(=O)O)[C@H]1CC[C@H]2[C@@H]3[C@H](O)C[C@@H]4CC(CC[C@]4(C)[C@H]3C[C@H](O)[C@]12C)N(C)S(=O)(=O)CCCN(C)c5ccc(cc5)[C@H]6C[C@@]7(C)[C@@H](CC[C@@]7(O)C#C)[C@@H]8CCC9=CC(=O)CCC9=C68,6.52
303,CHEMBL2096804,C[C@H](CCC(=O)O)[C@H]1CC[C@H]2[C@@H]3[C@H](O)C[C@@H]4C[C@@H](CC[C@]4(C)[C@H]3C[C@H](O)[C@]12C)OCCOCCN(C)c5ccc(cc5)[C@H]6C[C@@]7(C)[C@@H](CC[C@@]7(O)C#C)[C@@H]8CCC9=CC(=O)CCC9=C68,6.77
304,CHEMBL2096708,C[C@H](CCC(=O)O)[C@H]1CC[C@H]2[C@@H]3[C@H](O)C[C@@H]4C[C@H](CC[C@]4(C)[C@H]3C[C@H](O)[C@]12C)OCCOCCN(C)c5ccc(cc5)[C@H]6C[C@@]7(C)[C@@H](CC[C@@]7(O)C#C)[C@@H]8CCC9=CC(=O)CCC9=C68,6.82
311,CHEMBL414041,C[C@H](CCC(=O)O)[C@H]1CC[C@H]2[C@@H]3[C@@H](C[C@@H]4CC(O)CC[C@]4(C)[C@H]3C[C@H](O)[C@]12C)OC(=O)NCCN(C)c5ccc(cc5)[C@H]6C[C@@]7(C)[C@@H](CC[C@@]7(O)C#C)[C@@H]8CCC9=CC(=O)CCC9=C68,6.51
314,CHEMBL190225,Cc1c(NS(=O)(=O)C)cccc1N(Cc2ccccc2)Cc3ccc(Oc4ccc(OCC(=O)O)cc4)cc3,6.16
315,CHEMBL190109,Cc1c(NS(=O)(=O)C)cccc1N(Cc2ccc(Oc3ccc(Cl)c(OCC(=O)O)c3)cc2)Cc4ccc(F)cc4F,6.0
317,CHEMBL363151,CC#C[C@]1(O)CC[C@H]2[C@@H]3CCC4=CC(=O)CC[C@]4(Cc5ccc(C)cc5)C3=CC[C@]12C,5.2
318,CHEMBL185265,Cc1c(NS(=O)(=O)C)cccc1N(Cc2ccccc2)Cc3ccc(Oc4cccc(OCCCC(=O)NCCCC(=O)O)c4)cc3,6.92
321,CHEMBL196067,CC(C)(CC(O)(C(=O)Nc1ccc2C(=O)OCc2c1)C(F)(F)F)c3ccccc3,6.67
323,CHEMBL196373,CC(C)C(O)(CC(C)(C)c1ccccc1)C(=O)Nc2ccc3C(=O)OCc3c2,6.5
324,CHEMBL363137,CC(C)(CC(O)(CC1CCCCC1)C(=O)Nc2ccc3C(=O)OCc3c2)c4ccccc4,6.77
325,CHEMBL197161,CC(C)(CC(O)(Cc1ccccc1)C(=O)Nc2ccc3C(=O)OCc3c2)c4ccccc4,6.8
326,CHEMBL196237,CC(C)(C)c1ccc(CC(O)(CC(C)(C)c2ccccc2)C(=O)Nc3ccc4C(=O)OCc4c3)cc1,6.76
327,CHEMBL196051,CC(C)(CC(O)(Cc1ccccc1)C(=O)Nc2ccc3C(=O)OCc3c2)c4cc(F)ccc4O,6.72
329,CHEMBL194802,CC(C)(CC(O)(CC1CCCCC1)C(=O)Nc2ccc3C(=O)OCc3c2)c4cc(F)ccc4O,6.85
330,CHEMBL195962,CC1=NOC(=O)c2ccc(NC(=O)C(O)(CC3CCCCC3)CC(C)(C)c4cc(F)ccc4O)cc12,6.98
331,CHEMBL372102,CC1=NOC(=O)c2ccc(NC(=O)C(O)(Cc3ccccc3)CC(C)(C)c4cc(F)ccc4O)cc12,6.98
332,CHEMBL197100,COc1ccc(F)cc1C(C)(C)CC(O)(CNc2ccc3C(=O)OCc3c2)Cc4ccccc4,6.71
339,CHEMBL211039,CC(CCC(=O)O)C1CC[C@@]2(C)C3=C(C(=O)C[C@]12C)[C@@]4(C)CCC(OC(=O)C)C(C)(C)[C@@H]4CC3=O,4.68
344,CHEMBL216273,COc1ccc(F)cc1C(C)(C)CC(O)(CN2C[C@@H](C)C(=O)[C@@H](C)C2)C(F)(F)F,6.37
350,CHEMBL220023,COc1ccc(F)cc1C(C)(C)CC(O)(Cn2cc(C)nc2C)C(F)(F)F,6.21
351,CHEMBL219015,COc1ccc(F)cc1C(C)(C)CC(O)(CN2C=C(C)C(=O)C(=C2)C)C(F)(F)F,5.72
352,CHEMBL375348,COc1ccc(F)cc1C(C)(C)CC(O)(CN2C[C@@H](C)O[C@@H](C)C2)C(F)(F)F,6.35
353,CHEMBL218830,COc1ccc(F)cc1C(C)(C)CC(O)(CN2C[C@H](C)O[C@@H](C)C2)C(F)(F)F,5.82
355,CHEMBL386916,COc1ccc(F)cc1C(C)(C)CC(O)(CN2C=CC(=O)c3cnccc23)C(F)(F)F,6.76
356,CHEMBL219140,COc1ccc(F)cc1C(C)(C)CC(O)(CN2C=CC(=O)c3ncccc23)C(F)(F)F,5.96
357,CHEMBL373498,COc1ccc(F)cc1C(C)(C)CC(O)(Cn2cnc3ccccc23)C(F)(F)F,6.11
358,CHEMBL218976,COc1ccc(F)cc1C(C)(C)CC(O)(CN2CCCc3ccccc23)C(F)(F)F,5.8
359,CHEMBL219314,COc1ccc(F)cc1C(C)(C)CC(O)(CN2CCC(=O)c3ccccc23)C(F)(F)F,6.89
360,CHEMBL386915,COc1ccc(F)cc1C(C)(C)CC(O)(CN2CCOc3ccccc23)C(F)(F)F,6.51
361,CHEMBL386465,COc1ccc(F)cc1C(C)(C)CC(O)(CN2C=CC(=O)c3ccccc23)C(F)(F)F,6.92
364,CHEMBL219207,CC(C)(CC(O)(CN1C=CC(=O)c2ccccc12)C(F)(F)F)c3ccc(F)cc3O,6.06
366,CHEMBL384081,Cc1ccc(O)c(c1)C(C)(C)CC(O)(CN2C=CC(=O)c3ccccc23)C(F)(F)F,6.8
367,CHEMBL216173,Cc1ccc(F)cc1C(C)(C)CC(O)(CN2C=CC(=O)c3ccccc23)C(F)(F)F,6.92
368,CHEMBL425970,Cc1ccccc1C(C)(C)CC(O)(CN2C=CC(=O)c3ccccc23)C(F)(F)F,6.82
369,CHEMBL375838,CC(C)(CC(O)(CN1C=CC(=O)c2ccccc12)C(F)(F)F)c3ccccc3O,6.35
370,CHEMBL219069,CC(C)(CC(O)(CN1C=CC(=O)c2ccccc12)C(F)(F)F)c3ccccc3,6.46
371,CHEMBL219973,CC(C)(CC(O)(CN1C=CC(=O)c2ccccc12)C(F)(F)F)c3cc(F)ccc3O,6.24
381,CHEMBL230675,O=C1NC(=O)C(=C(N1)N2CCC(CC2)c3ccccc3)Cc4ccccc4,6.03
382,CHEMBL396020,COc1cccc(c1)C2CCN(CC2)C3=C(Cc4ccccc4)C(=O)NC(=O)N3,5.9
383,CHEMBL231399,Clc1cccc(c1)C2CCN(CC2)C3=C(Cc4ccccc4)C(=O)NC(=O)N3,6.28
384,CHEMBL231296,COc1ccccc1C2CCN(CC2)C3=C(Cc4ccccc4)C(=O)NC(=O)N3,6.53
385,CHEMBL230989,Clc1cccc(CC2=C(NC(=O)NC2=O)N3CCC(CC3)c4ccccc4)c1,6.23
386,CHEMBL398171,Clc1ccccc1CC2=C(NC(=O)NC2=O)N3CCC(CC3)c4ccccc4,5.46
389,CHEMBL541908,Br.COc1ccc(F)cc1c2ccc3NC(C)(C)C=C(C(C)OCC=C)c3c2,5.96
391,CHEMBL395506,COc1ccc(F)cc1c2ccc3NC(C)(C)C=C(C(C)OCC=C)c3c2,6.01
396,CHEMBL244537,COc1c(O)ccc2O\C(=C/c3sccc3C(C)O)\c4c(ccc5NC(C)(C)C=C(C)c45)c12,6.39
398,CHEMBL243656,COc1c(O)ccc2O\C(=C/c3sccc3C(O)C(F)(F)F)\c4c(ccc5NC(C)(C)C=C(C)c45)c12,6.17
400,CHEMBL394369,COc1c(O)ccc2O\C(=C/c3sccc3CO)\c4c(ccc5NC(C)(C)C=C(C)c45)c12,6.01
405,CHEMBL395795,C[C@@H](Cc1c[nH]c2ccccc12)NS(=O)(=O)c3c(C)cc(C)cc3C,6.0
406,CHEMBL243863,C[C@H](Cc1c[nH]c2ccccc12)NS(=O)(=O)c3c(C)cc(C)cc3C,6.28
408,CHEMBL232452,CC(Cc1c[nH]c2ccccc12)NS(=O)(=O)c3c(C)cc(C)cc3C,6.54
409,CHEMBL396029,CC(Cc1c[nH]c2ccccc12)NS(=O)(=O)c3c(Cl)cc(Cl)cc3Cl,6.89
410,CHEMBL232250,CC(Cc1c[nH]c2ccccc12)NS(=O)(=O)c3cc(Cl)c(Cl)cc3Cl,6.0
411,CHEMBL233660,CC(Cc1c[nH]c2ccccc12)NS(=O)(=O)c3c(Cl)cccc3Cl,5.8
412,CHEMBL233659,CC(Cc1c[nH]c2ccccc12)NS(=O)(=O)c3ccc(Cl)cc3Cl,6.07
413,CHEMBL231803,CC(Cc1c[nH]c2ccccc12)NS(=O)(=O)c3ccc(cc3)C(C)C,5.85
414,CHEMBL233038,CC(Cc1c[nH]c2ccccc12)NS(=O)(=O)c3ccc(cc3)C(C)(C)C,5.97
415,CHEMBL3706940,COc1c(O)ccc2O\C(=C/c3ccc(F)cc3CO)\c4c(ccc5NC(C)(C)C=C(C)c45)c12,5.96
416,CHEMBL3706946,COc1c(O)ccc2O\C(=C/c3cccc(O)c3)\c4c(ccc5NC(C)(C)C=C(C)c45)c12,6.54
418,CHEMBL3706942,COCOCc1cc(F)ccc1\C=C\2/Oc3ccc(O)c(OC)c3c4ccc5NC(C)(C)C=C(C)c5c24,6.37
423,CHEMBL236403,COc1ccc(F)cc1C(C)(C)CC(O)(c2ccccc2)C(F)(F)F,5.8
430,CHEMBL237595,COc1ccc(F)cc1C(C)(C)CC(O)(Cc2ccccc2Cl)C(F)(F)F,6.15
431,CHEMBL237385,COc1ccc(F)cc1C(C)(C)CC(O)(Cc2ccccc2F)C(F)(F)F,5.87
433,CHEMBL429627,COc1ccc(F)cc1C(C)(C)CC(O)(Cc2ccc(Cl)cc2)C(F)(F)F,5.75
434,CHEMBL401219,COc1ccc(F)cc1C(C)(C)CC(O)(Cc2cccc(c2)C#N)C(F)(F)F,6.4
436,CHEMBL237843,COc1ccc(F)cc1C(C)(C)CC(O)(Cc2cccc3ccccc23)C(F)(F)F,5.85
437,CHEMBL429987,COc1ccc(F)cc1C(C)(C)CC(O)(Cc2ccc(cc2)C#N)C(F)(F)F,6.29
438,CHEMBL391917,COc1ccc(F)cc1C(C)(C)CC(O)(Cc2ccc(C=O)cc2)C(F)(F)F,6.19
439,CHEMBL392568,COc1ccc(F)cc1C(C)(C)CC(O)(Cc2ccc(Cl)cc2Cl)C(F)(F)F,6.06
440,CHEMBL237807,COc1ccc(F)cc1C(C)(C)CC(O)(Cc2cccc(Cl)c2Cl)C(F)(F)F,6.05
441,CHEMBL393392,COc1ccc(F)cc1C(C)(C)CC(O)(Cc2cc(C)cc(C)c2)C(F)(F)F,6.66
442,CHEMBL235688,COc1ccc(F)cc1C(C)(C)CC(O)(Cc2c(Cl)cccc2Cl)C(F)(F)F,5.96
443,CHEMBL235480,COc1ccc(F)cc1C(C)(C)CC(O)(Cc2cc(Cl)cc(Cl)c2)C(F)(F)F,6.12
444,CHEMBL237377,COc1ccc(F)cc1C(C)(C)CC(O)(Cc2cc(Cl)ccc2Cl)C(F)(F)F,6.27
445,CHEMBL235689,COc1ccc(F)cc1C(C)(C)CC(O)(Cc2cc(Cl)cc(c2)C#N)C(F)(F)F,6.14
446,CHEMBL392499,COc1ccc(F)cc1C(C)(C)CC(O)(Cc2cc(C)cc(Cl)c2)C(F)(F)F,6.03
447,CHEMBL392289,COc1ccc(F)cc1C(C)(C)CC(O)(Cc2ccc(C=O)cc2Cl)C(F)(F)F,6.46
448,CHEMBL235280,COc1ccc(F)cc1C(C)(C)CC(O)(Cc2ccc(C)c3ccccc23)C(F)(F)F,5.98
449,CHEMBL235063,COc1ccc(F)cc1C(C)(C)CC(O)(Cc2ccc(cc2Cl)C#N)C(F)(F)F,6.5
450,CHEMBL400609,COc1ccc(F)cc1C(C)(C)CC(O)(Cc2ccc(cc2F)C#N)C(F)(F)F,6.3
451,CHEMBL392501,COc1ccc(F)cc1C(C)(C)CC(O)(Cc2cc(C)cc(C)c2C#N)C(F)(F)F,6.6
452,CHEMBL236755,COc1ccc(F)cc1C(C)(C)CC(O)(Cc2cc(C)c(C#N)c(C)c2)C(F)(F)F,6.52
453,CHEMBL236754,COc1ccc(F)cc1C(C)(C)CC(O)(Cc2c(C)ccc3ccccc23)C(F)(F)F,6.35
454,CHEMBL392500,COc1ccc(F)cc1C(C)(C)CC(O)(Cc2ccc(C#N)c3ccccc23)C(F)(F)F,6.37
456,CHEMBL237122,COC(=O)[C@@H]1CC2=CC(=O)CC[C@]2(C)C3[C@@H]4O[C@@H]4[C@@]5(C)C(CC[C@@]56CCC(=O)O6)C13,6.91
467,CHEMBL250104,OC(=O)CCc1cc(Br)c(OCc2cccc(Br)c2)c(Br)c1,5.06
499,CHEMBL259820,COc1c(O)ccc2O\C(=C/c3cccc(C)c3F)\c4c(ccc5NC(C)(C)C=C(C)c45)c12,6.83
501,CHEMBL253745,COc1ccc2cc[nH]c2c1c3cc(C)c4NC(C)(C)CC(C)c4c3Cl,6.81
502,CHEMBL429842,CC1CC(C)(C)Nc2c(C)cc(c(Cl)c12)c3cc(F)c(F)c4cc[nH]c34,6.84
505,CHEMBL522432,Cn1c(ccc1c2ccc3NC(=O)COC(C)(c4ccsc4)c3c2)C#N,6.36
506,CHEMBL489788,Cn1c(ccc1c2ccc3NC(=O)COC(C)(c4occc4)c3c2)C#N,6.81
507,CHEMBL520169,Cn1c(ccc1c2ccc3NC(=O)COC(c4cccs4)(c5cccs5)c3c2)C#N,5.64
508,CHEMBL483246,Cn1c(ccc1c2ccc3NC(=O)COC(c4occc4)(c5occc5)c3c2)C#N,5.55
538,CHEMBL558664,CN1CC[C@@H](C1)N(Cc2ccccc2C(F)(F)F)c3ccc(C#N)c(Cl)c3,5.3
616,CHEMBL1097751,CC1=C(C#N)[C@H](C(=C(C)N1)C(=O)OC(C)(C)C)c2ccc(F)cc2Cl,8.43
617,CHEMBL1094797,CCCC1=C([C@@H](C(=C(C)N1)C#N)c2ccnc3ccccc23)C(=O)OCC,8.0
618,CHEMBL1098089,CCCC1=C(C(C(=C(C)N1)C#N)c2ccnc3ccccc23)C(=O)OCC,7.51
619,CHEMBL1094169,COC(=O)C1=C(CCl)NC(=C(C#N)[C@H]1c2ccc(F)cc2Cl)C,7.39
620,CHEMBL1099083,COC(=O)C1=C(C)NC(=C([C@@H]1c2cccc(c2)[N+](=O)[O-])C(=O)OC(C)(C)C)C,7.34
621,CHEMBL1094114,CC1=C(C#N)C(C(=C(C)N1)C(=O)OC(C)(C)C)c2ccc(F)cc2Cl,7.23
622,CHEMBL1097753,COC(=O)C1=C(C)NC(=C(C#N)[C@H]1c2ccnc3ccccc23)C,7.11
623,CHEMBL1095098,COC(=O)C1=C(C)NC(=C(C1c2cccc(c2)[N+](=O)[O-])C(=O)OC(C)(C)C)C,6.9
624,CHEMBL1095097,COC(=O)[C@@H]1CC2=CC(=O)CC[C@]2(C)[C@@]34O[C@@H]3C[C@@]5(C)[C@@H](CC[C@@]56CCC(=O)O6)[C@H]14,6.87
625,CHEMBL1094798,COC(=O)C1=C(CCl)NC(=C(C#N)[C@H]1c2ccnc3ccccc23)C,6.47
626,CHEMBL1097752,COC(=O)C1=C(C)NC(=C(C#N)[C@@H]1c2ccnc3ccccc23)C,6.33
627,CHEMBL1094113,COC(=O)C1=C(C)NC(=C([C@H]1c2cccc(c2)[N+](=O)[O-])C(=O)OC(C)(C)C)C,6.27
628,CHEMBL1094801,COC(=O)C1=C(CCl)NC(=C(C#N)[C@@H]1c2ccc(F)cc2Cl)C,5.66
629,CHEMBL1096306,COC(=O)C1=C(CCl)NC(=C(C#N)[C@@H]1c2ccnc3ccccc23)C,5.55
630,CHEMBL1094796,CCCC1=C([C@H](C(=C(C)N1)C#N)c2ccnc3ccccc23)C(=O)OCC,5.48
631,CHEMBL1097750,CC1=C(C#N)[C@@H](C(=C(C)N1)C(=O)OC(C)(C)C)c2ccc(F)cc2Cl,5.45
654,CHEMBL1215045,COC(=O)C1=C(C)NC(=C(C1c2ccccc2Cl)C(=O)OC(C)(C)C)C,6.21
655,CHEMBL1215046,COC(=O)C1=C(C)NC(=C(C1c2ccccc2F)C(=O)OC(C)(C)C)C,5.7
656,CHEMBL1215047,COC(=O)C1=C(C)NC(=C(C1c2ccccc2C(F)(F)F)C(=O)OC(C)(C)C)C,6.65
657,CHEMBL1215048,COC(=O)C1=C(C)NC(=C(C1c2ccccc2C)C(=O)OC(C)(C)C)C,6.68
658,CHEMBL1215049,COC(=O)C1=C(C)NC(=C(C1c2ccccc2OC)C(=O)OC(C)(C)C)C,6.26
659,CHEMBL1215121,COC(=O)C1=C(C)NC(=C(C1c2cccc(C)c2)C(=O)OC(C)(C)C)C,5.55
660,CHEMBL1215122,COC(=O)C1=C(C)NC(=C(C1c2cccc(c2)C#N)C(=O)OC(C)(C)C)C,5.5
661,CHEMBL1215123,COC(=O)C1=C(C)NC(=C(C1c2cccc(OC)c2)C(=O)OC(C)(C)C)C,6.05
662,CHEMBL1215124,COC(=O)C1=C(C)NC(=C(C1c2cccc(Cl)c2)C(=O)OC(C)(C)C)C,6.29
663,CHEMBL1215125,COC(=O)C1=C(C)NC(=C(C1c2cccc(c2)C(F)(F)F)C(=O)OC(C)(C)C)C,6.15
664,CHEMBL1215191,COC(=O)C1=C(C)NC(=C(C1c2cccc(O)c2)C(=O)OC(C)(C)C)C,5.55
665,CHEMBL1215192,COC(=O)C1=C(C)NC(=C(C1c2cccc(F)c2)C(=O)OC(C)(C)C)C,5.86
666,CHEMBL1215193,COC(=O)C1=C(C)NC(=C(C1c2ccc(cc2)C(F)(F)F)C(=O)OC(C)(C)C)C,6.51
667,CHEMBL1215194,COC(=O)C1=C(C)NC(=C(C1c2ccc(O)cc2)C(=O)OC(C)(C)C)C,5.59
668,CHEMBL1215195,COC(=O)C1=C(C)NC(=C(C1c2ccc(F)cc2)C(=O)OC(C)(C)C)C,6.54
669,CHEMBL1215257,COC(=O)C1=C(C)NC(=C(C1c2ccc(C)cc2)C(=O)OC(C)(C)C)C,4.92
670,CHEMBL1215258,COC(=O)C1=C(C)NC(=C(C1c2ccc(OC)cc2)C(=O)OC(C)(C)C)C,5.58
671,CHEMBL1215259,COC(=O)C1=C(C)NC(=C(C1c2ccc(Cl)cc2)C(=O)OC(C)(C)C)C,6.5
672,CHEMBL1215260,COC(=O)C1=C(C)NC(=C(C1c2ccc(F)cc2Cl)C(=O)OC(C)(C)C)C,7.11
673,CHEMBL1215261,COC(=O)C1=C(C)NC(=C(C1c2ccc(Cl)c(F)c2)C(=O)OC(C)(C)C)C,6.24
675,CHEMBL1215325,CC1=C(C#N)C(C(=C(C)N1)C(=O)OC(C)(C)C)c2ccc(F)cc2,6.48
676,CHEMBL1215326,CC1=C(C#N)C(C)(C(=C(C)N1)C(=O)OC(C)(C)C)c2ccc(F)cc2,6.18
677,CHEMBL1215327,CC1=C(C#N)C(C(=C(C)N1)C(=O)OC(C)(C)C)c2ccc(F)cc2F,6.7
678,CHEMBL1215328,CCN1C(=C(C#N)C(C(=C1C)C(=O)OC(C)(C)C)c2ccc(F)cc2F)C,5.79
679,CHEMBL1215402,COCCN1C(=C(C#N)C(C(=C1C)C(=O)OC(C)(C)C)c2ccc(F)cc2F)C,5.43
680,CHEMBL1215403,COC(=O)C1=C(C)NC(=C(C#N)C1c2ccc(F)cc2Cl)C,7.04
681,CHEMBL1215404,COC(=O)C1=C(C)NC(=C(C#N)C1c2ccccc2Cl)C,6.23
682,CHEMBL1215405,CCC1=C(C(C(=C(C)N1)C#N)c2ccccc2Cl)C(=O)OC,6.64
683,CHEMBL1215406,CCCC1=C(C(C(=C(C)N1)C#N)c2ccccc2Cl)C(=O)OC,7.19
684,CHEMBL1215407,COC(=O)C1=C(NC(=C(C#N)C1c2ccccc2Cl)C)C(C)C,6.68
685,CHEMBL1215480,CCCCC1=C(C(C(=C(C)N1)C#N)c2ccccc2Cl)C(=O)OC,7.24
686,CHEMBL1215481,COCC1=C(C(C(=C(C)N1)C#N)c2ccccc2Cl)C(=O)OC,6.18
687,CHEMBL1215482,CCOC(=O)C1=C(NC(=C(C#N)C1c2ccccc2Cl)C)c3ccccc3,6.04
688,CHEMBL1215483,CCOC(=O)C1=C(NC(=C(C#N)C1c2ccccc2Cl)C)c3ccc(Cl)cc3,5.96
689,CHEMBL1215484,COC(=O)C1=C(Cc2ccccc2)NC(=C(C#N)C1c3ccccc3Cl)C,6.07
690,CHEMBL1215548,CCCC1=C(C(C(=C(C)N1)C#N)c2ccccc2)C(=O)OC,5.13
691,CHEMBL1215549,CCCC1=C(C(C(=C(C)N1)C#N)c2ccc(F)cc2Cl)C(=O)OC,7.8
692,CHEMBL1215550,COC(=O)C1=C(NC(=C(C#N)C1c2ccc(F)cc2Cl)C)C(F)(F)F,7.28
693,CHEMBL1215551,COC(=O)C1=C(N(C)C(=C(C#N)C1c2ccc(F)cc2Cl)C)C(F)(F)F,6.56
694,CHEMBL1215552,COC(=O)C1=C(Cn2ccnc2)NC(=C(C#N)C1c3ccc(F)cc3Cl)C,8.05
695,CHEMBL1215620,COC(=O)C1=C(Cn2cccn2)NC(=C(C#N)C1c3ccc(F)cc3Cl)C,7.27
696,CHEMBL1215621,COC(=O)C1=C(Cn2cncn2)NC(=C(C#N)C1c3ccc(F)cc3Cl)C,6.91
697,CHEMBL1215622,COC(=O)C1=C(Cn2cnnn2)NC(=C(C#N)C1c3ccc(F)cc3Cl)C,7.19
698,CHEMBL1215623,COC(=O)C1=C(Cn2cnnn2)NC(=C(C#N)[C@H]1c3ccc(F)cc3Cl)C,7.28
700,CHEMBL1215689,Oc1ccc(cc1)C2=NN(C(C2)c3ccc(F)cc3)c4ccc(cc4)[N+](=O)[O-],6.34
701,CHEMBL1215690,Fc1ccc(cc1)C2CC(=NN2c3ccc(cc3)C#N)c4ccc5NC(=O)Oc5c4,7.24
702,CHEMBL1215691,Fc1ccc(cc1)[C@H]2CC(=NN2c3ccc(cc3)C#N)c4ccc5NC(=O)Oc5c4,7.39
703,CHEMBL1215692,Fc1ccc(cc1)[C@@H]2CC(=NN2c3ccc(cc3)C#N)c4ccc5NC(=O)Oc5c4,5.68
704,CHEMBL1215693,Cc1nc(C)c(s1)C2=NN([C@H](C2)c3ccc(F)cc3)c4ccc(cc4)C#N,7.5
705,CHEMBL1215755,CN(C)CCN(C)C(=O)c1ccc(cc1)C2=NN(C(C2)c3ccc(F)cc3)c4ccc(cc4)C#N,7.08
707,CHEMBL1215757,OC(=O)c1ccc(cc1)N2N=C(CC2c3ccc(F)cc3)c4ccc5NC(=O)Oc5c4,6.11
708,CHEMBL1215758,OC(=O)c1ccc(cc1)C2=NN(C(C2)c3ccc(F)cc3)c4ccc(cc4)C#N,6.61
709,CHEMBL1214685,OC(=O)c1ccc(cc1)C2=NN([C@H](C2)c3ccc(F)cc3)c4ccc(cc4)C#N,7.0
710,CHEMBL1214686,OC(=O)c1ccc(cc1)C2=NN([C@@H](C2)c3ccc(F)cc3)c4ccc(cc4)C#N,5.08
711,CHEMBL1214687,OC(=O)c1ccc(cc1)C2=NN(C(C2)c3ccc(F)cc3)c4ccccc4,5.01
712,CHEMBL1214688,CCOC(=O)c1ccc(cc1)N2N=C(CC2c3ccc(F)cc3)c4ccc(cc4)C(=O)O,6.75
714,CHEMBL1214765,COc1ccc(cc1)N2N=C(CC2c3ccc(F)cc3)c4ccc(cc4)C(=O)O,5.84
715,CHEMBL1214766,OC(=O)c1ccc(cc1)C2=NN(C(C2)c3ccc(F)cc3)c4ccc(C#N)c(F)c4,6.61
716,CHEMBL1214767,OC(=O)c1ccc(cc1)C2=NN(C(C2)c3ccc(F)cc3)c4ccc(cc4F)C#N,6.27
717,CHEMBL1214838,OC(=O)c1ccc(cc1)C2=NN(C(C2)c3ccc(F)cc3)c4ccc(C#N)c(Cl)c4,7.25
718,CHEMBL1214840,OC(=O)c1ccc(cc1)C2=NN(C(C2)c3ccc(F)cc3)c4ccc(cc4Cl)C#N,6.55
719,CHEMBL1214841,Cc1cc(ccc1C#N)N2N=C(CC2c3ccc(F)cc3)c4ccc(cc4)C(=O)O,7.25
724,CHEMBL1214967,OC(=O)c1ccc(cc1)C2=NN(C(C2)c3ccccn3)c4ccc(cc4)C#N,5.0
725,CHEMBL1214968,OC(=O)c1ccc(cc1)C2=NN(C(C2)c3occc3)c4ccc(cc4)C#N,6.39
726,CHEMBL1214969,OC(=O)c1ccc(cc1)C2=NN(C(C2)c3cccs3)c4ccc(cc4)C#N,6.12
727,CHEMBL1214970,OC(=O)c1ccc(cc1)C2=NN(C(Cc3ccccc3)C2)c4ccc(cc4)C#N,5.44
728,CHEMBL1214971,OC(=O)c1ccc(cc1)C2=NN(C(C2)c3cccc(F)c3)c4ccc(cc4)C#N,6.36
729,CHEMBL1215050,COc1cccc(c1)C2CC(=NN2c3ccc(cc3)C#N)c4ccc(cc4)C(=O)O,5.8
730,CHEMBL1215051,OC(=O)c1ccc(cc1)C2=NN(C(C2)C3CCCCC3)c4ccc(cc4)C#N,5.89
731,CHEMBL1215052,OC(=O)c1ccc(cc1)C2=NN(C(C2)C3CCCC3)c4ccc(cc4)C#N,6.82
732,CHEMBL1215053,CC(C)C1CC(=NN1c2ccc(C#N)c(Cl)c2)c3ccc(cc3)C(=O)O,6.42
733,CHEMBL1215054,CC(C)CC1CC(=NN1c2ccc(cc2)C#N)c3ccc(cc3)C(=O)O,5.6
734,CHEMBL1215126,OC(=O)c1ccc(cc1)C2=NN(C(C2)C3CCCC3)c4ccc(C#N)c(Cl)c4,7.27
735,CHEMBL1215127,OC(=O)c1ccc(cc1)C2=NN([C@H](C2)C3CCCC3)c4ccc(C#N)c(Cl)c4,7.8
736,CHEMBL1215128,OC(=O)c1ccc(cc1F)C2=NN([C@H](C2)C3CCCC3)c4ccc(C#N)c(Cl)c4,7.28
737,CHEMBL1215129,OC(=O)c1ccc(cc1Cl)C2=NN([C@H](C2)C3CCCC3)c4ccc(C#N)c(Cl)c4,7.59
739,CHEMBL1215196,COc1cc(ccc1C2=NN([C@H](C2)C3CCCC3)c4ccc(C#N)c(Cl)c4)C(=O)O,8.7
741,CHEMBL1215198,OCCCOc1cc(ccc1C(=O)O)C2=NN([C@H](C2)C3CCCC3)c4ccc(C#N)c(Cl)c4,7.89
742,CHEMBL1215199,OC(=O)c1ccc(cc1OC(F)(F)F)C2=NN([C@H](C2)C3CCCC3)c4ccc(C#N)c(Cl)c4,7.1
743,CHEMBL1215262,OC(=O)Cc1ccc(cc1)C2=NN([C@H](C2)C3CCCC3)c4ccc(C#N)c(Cl)c4,6.87
744,CHEMBL1215263,COc1cc(ccc1C(=O)O)C2=NN([C@@H](C3CCCC3)[C@H]2C)c4ccc(C#N)c(Cl)c4,7.16
745,CHEMBL1215264,OC(=O)c1ccc2C3=NN([C@H]([C@H]3Cc2c1)c4ccc(F)cc4)c5ccc(cc5)C#N,5.36
746,CHEMBL1215265,OC(=O)c1ccc2C3=NN([C@H]([C@H]3CCc2c1)c4ccc(F)cc4)c5ccc(cc5)C#N,6.26
747,CHEMBL1215329,OC(=O)c1ccc2C3=NN([C@@H]([C@@H]3CCc2c1)c4ccc(F)cc4)c5ccc(C#N)c(Cl)c5,6.65
748,CHEMBL1215330,OC(=O)c1ccc2C3=NN([C@H]([C@H]3CCc2c1)c4ccc(F)cc4)c5ccc(C#N)c(Cl)c5,7.39
751,CHEMBL1215408,OC(=O)c1ccc2C3=NN([C@@H](C4CCC4)[C@H]3CCc2c1)c5ccc(C#N)c(Cl)c5,7.68
752,CHEMBL1215409,OC(=O)c1ccc2C3=NN([C@@H](C4CC=CC4)[C@H]3CCc2c1)c5ccc(C#N)c(Cl)c5,7.82
753,CHEMBL1215410,OC(=O)c1ccc2C3=NN([C@@H](C4CCCO4)[C@H]3CCc2c1)c5ccc(C#N)c(Cl)c5,6.14
754,CHEMBL1215411,OC(=O)c1ccc2C3=NN([C@@H](C4OC=CC=C4)[C@H]3CCc2c1)c5ccc(C#N)c(Cl)c5,6.9
755,CHEMBL1215485,OC(=O)c1ccc2C3=NN([C@@H](C4CCCC4)[C@H]3CCc2c1)c5ccc(cc5)C#N,7.05
756,CHEMBL1215486,Cc1cc(ccc1C#N)N2N=C3[C@H](CCc4cc(ccc34)C(=O)O)[C@@H]2C5CCCC5,8.4
757,CHEMBL1215487,COc1cc(ccc1C#N)N2N=C3[C@H](CCc4cc(ccc34)C(=O)O)[C@@H]2C5CCCC5,8.16
758,CHEMBL1215488,COCc1cc(ccc1C#N)N2N=C3[C@H](CCc4cc(ccc34)C(=O)O)[C@@H]2C5CCCC5,6.82
759,CHEMBL1215553,OC(=O)c1ccc2C3=NN([C@@H](C4CCCC4)[C@H]3CCc2c1)c5ccc(C#N)c(OCc6ccccc6)c5,6.31
761,CHEMBL1215555,OC(=O)c1ccc2C3=NN([C@H]([C@H]3OCc2c1)c4ccc(F)cc4)c5ccc(C#N)c(Cl)c5,6.07
762,CHEMBL1215556,OC(=O)c1ccc2C3=NN([C@@H](C4CCCC4)[C@H]3OCc2c1)c5ccc(C#N)c(Cl)c5,7.19
763,CHEMBL1215624,OC(=O)c1ccc2C3=NN([C@H](C4CCCC4)[C@@H]3OCc2c1)c5ccc(C#N)c(Cl)c5,6.84
764,CHEMBL1215625,Cc1cc(ccc1C#N)N2N=C3[C@@H](OCc4cc(ccc34)C(=O)O)[C@H]2C5CCCC5,7.41
765,CHEMBL1215626,C[C@]12CCc3cc(ccc3C1=NN([C@H]2C4CCCC4)c5ccc(C#N)c(Cl)c5)C(=O)O,7.6
768,CHEMBL1215627,Cc1cc(ccc1C#N)N2N=C3[C@H](OCc4cc(ccc34)C(=O)O)[C@@H]2C5CCCC5,7.59
769,CHEMBL1214839,OC(=O)c1ccc(cc1)C2=NN([C@H](C2)c3ccc(F)cc3)c4ccc(C#N)c(Cl)c4,7.51
773,CHEMBL1254907,COc1ccc(F)cc1C(C)(C)CC(O)(Cc2cc3ccncc3s2)C(F)(F)F,6.66
774,CHEMBL1254735,COc1ccc(F)cc1C(C)(C)CC(O)(Cc2cc3cnccc3[nH]2)C(F)(F)F,6.5
775,CHEMBL1254651,COc1ccc(F)cc1C(C)(C)CC(O)(Cc2cc3ccccc3[nH]2)C(F)(F)F,6.42
776,CHEMBL1254734,COc1ccc(F)cc1C(C)(C)CC(O)(Cc2cc3ccncc3[nH]2)C(F)(F)F,6.24
777,CHEMBL1254652,COc1ccc(F)cc1C(C)(C)CC(O)(Cc2cc3cccnc3[nH]2)C(F)(F)F,6.04
778,CHEMBL1254906,COc1ccc(F)cc1C(C)(C)CC(O)(Cc2oc3cnccc3c2)C(F)(F)F,5.98
783,CHEMBL1255080,COc1ccc(F)cc1C(C)(C)C[C@@](O)(Cc2cc3ccncc3[nH]2)C(F)(F)F,6.42
786,CHEMBL1254265,CC(C)(CC(O)(Cc1cc2ccncc2[nH]1)C(F)(F)F)c3cc(ccc3O)c4ccccc4,6.8
787,CHEMBL1253898,CC(C)(C[C@@](O)(Cc1cc2ccncc2[nH]1)C(F)(F)F)c3cc(F)ccc3O,6.68
788,CHEMBL1253899,CC(C)(C[C@@](O)(Cc1cc2cnccc2[nH]1)C(F)(F)F)c3cc(F)ccc3O,6.66
789,CHEMBL1254344,CC(C)(CC(O)(Cc1cc2ccncc2[nH]1)C(F)(F)F)c3cc(ccc3O)c4cccnc4,6.64
790,CHEMBL1254420,CC(C)(CC(O)(Cc1cc2ccncc2[nH]1)C(F)(F)F)c3cc(F)cc4CCOc34,6.55
791,CHEMBL1254173,COc1ccc(cc1C(C)(C)CC(O)(Cc2cc3ccncc3[nH]2)C(F)(F)F)c4ccncc4,6.41
792,CHEMBL1254080,COc1ccc(cc1C(C)(C)CC(O)(Cc2cc3ccncc3[nH]2)C(F)(F)F)c4ccccc4,6.32
793,CHEMBL1254494,CC(C)(CC(O)(Cc1cc2ccncc2[nH]1)C(F)(F)F)c3cc(Cl)cc4CCOc34,6.27
794,CHEMBL1254079,Cc1ccc(F)cc1C(C)(C)CC(O)(Cc2cc3ccncc3[nH]2)C(F)(F)F,6.23
795,CHEMBL1254419,CC(C)(CC(O)(Cc1cc2ccncc2[nH]1)C(F)(F)F)c3cccc4CCOc34,6.11
796,CHEMBL1253986,CC(C)(CC(O)(Cc1cc2ccncc2[nH]1)C(F)(F)F)c3ccccc3,6.09
797,CHEMBL1254345,CC(C)(CC(O)(Cc1cc2ccncc2[nH]1)C(F)(F)F)c3cc(ccc3O)c4cncnc4,5.77
835,CHEMBL1644759,C[C@@H]1[C@@H](O)C(C)(C)Nc2c(C)cc(c(Cl)c12)c3cccc4cc[nH]c34,6.1
836,CHEMBL1644761,Cc1cc(c(Cl)c2c1NC(C)(C)C(O)C2(C)C)c3cccc4cc[nH]c34,6.05
837,CHEMBL1644765,C[C@@H]1[C@H](O)C(C)(C)Nc2c(C)cc(c(Cl)c12)c3cccc4cc[nH]c34,5.92
853,CHEMBL1672548,CC[C@H](C)n1cc(c2ccc(cc2)C#N)c3ccc(NS(=O)(=O)C)cc13,5.01
854,CHEMBL1672547,CC(C)n1cc(c2ccc(C#N)c(F)c2)c3ccc(NS(=O)(=O)C)cc13,5.09
855,CHEMBL1672546,COc1cc(ccc1C#N)c2cn(C(C)C)c3cc(NS(=O)(=O)C)ccc23,5.62
886,CHEMBL1682441,C[C@@H]1[C@@H](O)C(C)(C)Nc2cc(F)c(c(F)c12)c3cccc4cc[nH]c34,5.82
887,CHEMBL1684342,C[C@@H]1[C@@H](OC(=O)NCc2ccccc2)C(C)(C)Nc3cc(F)c(c(F)c13)c4cccc5c(Cl)c[nH]c45,6.18
888,CHEMBL1684343,CC(C)NC(=O)O[C@@H]1[C@@H](C)c2c(F)c(c(F)cc2NC1(C)C)c3cccc4c(Cl)c[nH]c34,6.42
889,CHEMBL1684344,C[C@@H]1[C@@H](OC(=O)NC2CCCCC2)C(C)(C)Nc3cc(F)c(c(F)c13)c4cccc5c(Cl)c[nH]c45,5.65
890,CHEMBL1684357,C[C@@H]1[C@@H](OC(=O)Nc2ccc(cc2)C(=O)C)C(C)(C)Nc3cc(F)c(c(F)c13)c4cccc5cc[nH]c45,5.95
891,CHEMBL1684358,C[C@@H]1[C@@H](OC(=O)Nc2cccc(c2)C#N)C(C)(C)Nc3cc(F)c(c(F)c13)c4cccc5cc[nH]c45,5.83
892,CHEMBL1684359,C[C@@H]1[C@@H](OC(=O)Nc2cccc(c2)C(=O)C)C(C)(C)Nc3cc(F)c(c(F)c13)c4cccc5cc[nH]c45,5.5
895,CHEMBL1760023,CO\N=C\1/C(O)C(C)(C)Nc2cc(F)c(c(F)c12)c3cccc4c(C)c[nH]c34,5.77
896,CHEMBL1762209,Cc1c[nH]c2c(cccc12)c3c(F)cc4NC(C)(C)C\C(=N/OC(C)(C)CO)\c4c3F,5.57
897,CHEMBL1762204,CC(C)O\N=C\1/CC(C)(C)Nc2cc(F)c(c(F)c12)c3cccc4c(C)c[nH]c34,5.55
898,CHEMBL1762203,CC(C)(C)O\N=C\1/CC(C)(C)Nc2cc(F)c(c(F)c12)c3cccc4c(Cl)c[nH]c34,5.98
899,CHEMBL1762202,Cc1c[nH]c2c(cccc12)c3c(F)cc4NC(C)(C)C\C(=N/OC(C)(C)C)\c4c3F,5.8
919,CHEMBL1911542,COc1ccc(F)cc1C(C)(C)C[C@@](O)(Cc2cc3ccccc3[nH]2)C(F)(F)F,6.72
920,CHEMBL1911543,COc1ccc(F)cc1C(C)(C)C[C@](O)(Cc2cc3ccccc3[nH]2)C(F)(F)F,5.96
921,CHEMBL1911544,COc1ccc(F)cc1C(C)(C)CC(O)(Cc2cc3cccc(F)c3[nH]2)C(F)(F)F,6.36
922,CHEMBL1911545,COc1ccc(F)cc1C(C)(C)CC(O)(Cc2cc3cccc(C)c3[nH]2)C(F)(F)F,5.99
923,CHEMBL1911546,COc1ccc(F)cc1C(C)(C)CC(O)(Cc2cc3cccc(c3[nH]2)C(F)(F)F)C(F)(F)F,5.78
924,CHEMBL1911547,COc1ccc(F)cc1C(C)(C)CC(O)(Cc2cc3cccc(C#N)c3[nH]2)C(F)(F)F,5.85
925,CHEMBL1911548,COc1ccc(F)cc1C(C)(C)CC(O)(Cc2cc3c(C)cccc3[nH]2)C(F)(F)F,6.38
927,CHEMBL1911644,COc1ccc(F)cc1C(C)(C)CC(O)(Cc2cc3c(cccc3[nH]2)C#N)C(F)(F)F,6.65
928,CHEMBL1911645,CCc1cccc2[nH]c(CC(O)(CC(C)(C)c3cc(F)ccc3OC)C(F)(F)F)cc12,6.1
929,CHEMBL1911646,COc1ccc(F)cc1C(C)(C)CC(O)(Cc2cc3cc(F)ccc3[nH]2)C(F)(F)F,6.39
930,CHEMBL1911647,COc1ccc(F)cc1C(C)(C)CC(O)(Cc2cc3cc(C)ccc3[nH]2)C(F)(F)F,5.9
932,CHEMBL1911649,COc1ccc(F)cc1C(C)(C)CC(O)(Cc2cc3cc(ccc3[nH]2)C#N)C(F)(F)F,6.38
934,CHEMBL1911651,COc1ccc(F)cc1C(C)(C)CC(O)(Cc2cc3ccc(F)cc3[nH]2)C(F)(F)F,6.46
935,CHEMBL1911652,COc1ccc(F)cc1C(C)(C)CC(O)(Cc2cc3ccc(C)cc3[nH]2)C(F)(F)F,6.14
936,CHEMBL1911653,COc1ccc(F)cc1C(C)(C)CC(O)(Cc2cc3ccc(cc3[nH]2)C(F)(F)F)C(F)(F)F,6.04
937,CHEMBL1911654,COc1ccc(F)cc1C(C)(C)CC(O)(Cc2cc3ccc(cc3[nH]2)C#N)C(F)(F)F,6.36
938,CHEMBL1911655,CC(C)(CC(O)(Cc1cc2ccccc2[nH]1)C(F)(F)F)c3cccc4CCOc34,6.4
939,CHEMBL1911656,CC(C)(CC(O)(Cc1cc2ccccc2[nH]1)C(F)(F)F)c3cc(F)cc4CCOc34,6.58
940,CHEMBL1911657,Cc1cc2CCOc2c(c1)C(C)(C)CC(O)(Cc3cc4ccccc4[nH]3)C(F)(F)F,6.62
941,CHEMBL1911658,CC(C)(CC(O)(Cc1cc2ccccc2[nH]1)C(F)(F)F)c3cc(Br)cc4CCOc34,6.23
942,CHEMBL1911659,CC(C)(CC(O)(Cc1cc2ccccc2[nH]1)C(F)(F)F)c3cc(cc4CCOc34)C#N,6.39
943,CHEMBL1911660,CC(C)(CC(O)(Cc1cc2ccccc2[nH]1)C(F)(F)F)c3cc(cc4CCOc34)S(=O)(=O)C,6.22
944,CHEMBL1911661,CC(C)(CC(O)(Cc1cc2cc(ccc2[nH]1)C#N)C(F)(F)F)c3cc(cc4CCOc34)S(=O)(=O)C,5.84
945,CHEMBL1911662,CC(C)(CC(O)(Cc1cc2ccc(cc2[nH]1)C#N)C(F)(F)F)c3cc(cc4CCOc34)S(=O)(=O)C,6.37
946,CHEMBL1911663,CC(C)(C[C@](O)(Cc1cc2ccc(cc2[nH]1)C#N)C(F)(F)F)c3cc(cc4CCOc34)S(=O)(=O)C,6.39
947,CHEMBL1911664,CC(C)(C[C@@](O)(Cc1cc2ccc(cc2[nH]1)C#N)C(F)(F)F)c3cc(cc4CCOc34)S(=O)(=O)C,6.64
948,CHEMBL1928869,O=C1COc2ccc(cc2N1)C3=Nn4cnnc4SC3,5.7
949,CHEMBL1928870,CCCC1Sc2nncn2N=C1c3ccc4OCC(=O)Nc4c3,5.39
950,CHEMBL1928871,O=C1COc2ccc(cc2N1)C3=Nn4cnnc4SC3Cc5ccccc5,5.89
951,CHEMBL1928872,O=C1COc2ccc(cc2N1)C3=Nn4cnnc4SC3c5ccccc5,6.29
953,CHEMBL1928874,Fc1ccccc1C2Sc3nncn3N=C2c4ccc5OCC(=O)Nc5c4,6.22
954,CHEMBL1928875,Fc1cccc(c1)C2Sc3nncn3N=C2c4ccc5OCC(=O)Nc5c4,6.51
955,CHEMBL1928876,Fc1ccc(cc1)C2Sc3nncn3N=C2c4ccc5OCC(=O)Nc5c4,6.57
960,CHEMBL1928881,Cc1cc(c2ccc3OCC(=O)Nc3c2)n(n1)c4ccccc4,5.28
961,CHEMBL1928882,Cc1cc(c2ccc3OCC(=O)Nc3c2)n(n1)c4ccc(F)cc4,5.96
962,CHEMBL1928883,CCc1cc(c2ccc3OCC(=O)Nc3c2)n(n1)c4ccc(F)cc4,6.02
963,CHEMBL1928884,Fc1ccc(cc1)n2nc(cc2c3ccc4OCC(=O)Nc4c3)C(F)(F)F,6.59
964,CHEMBL1928885,Fc1ccc(cc1)n2nc(cc2c3ccc4OCC(=O)Nc4c3)C(F)(F)C(F)(F)F,6.24
966,CHEMBL1929029,Fc1ccc(cc1)n2nc(cc2c3ccc4OCC(=O)Nc4c3)C#N,6.04
967,CHEMBL1929030,OCc1cc(c2ccc3OCC(=O)Nc3c2)n(n1)c4ccc(F)cc4,5.17
968,CHEMBL1929031,Fc1ccc(cc1)n2ncc(c2c3ccc4OCC(=O)Nc4c3)C(F)(F)F,5.57
969,CHEMBL1929032,Fc1ccccc1n2nc(cc2c3ccc4OCC(=O)Nc4c3)C(F)(F)F,6.36
970,CHEMBL1929033,Fc1cccc(c1)n2nc(cc2c3ccc4OCC(=O)Nc4c3)C(F)(F)F,5.96
971,CHEMBL1929034,FC(F)(F)c1cc(c2ccc3OCC(=O)Nc3c2)n(n1)c4ccccc4Cl,6.37
972,CHEMBL1929035,FC(F)(F)c1cc(c2ccc3OCC(=O)Nc3c2)n(n1)c4ccc(Cl)cc4,6.5
974,CHEMBL1929037,Cc1ccc(cc1)n2nc(cc2c3ccc4OCC(=O)Nc4c3)C(F)(F)F,6.23
975,CHEMBL1929038,CCc1ccccc1n2nc(cc2c3ccc4OCC(=O)Nc4c3)C(F)(F)F,6.16
996,CHEMBL2181932,Cc1c(cn(CCO)c1c2ccccc2C(F)(F)F)C(=O)Nc3ccc(cc3)S(=O)(=O)C,8.62
997,CHEMBL2181928,C[C@@H]1CN([C@@H](CO1)c2ccccc2)c3ccc4OCC(=O)Nc4n3,7.36
998,CHEMBL2181930,CC1(C)OC(=S)Nc2ccc(NS(=O)(=O)c3cccs3)cc12,6.89
1000,CHEMBL2181926,CCOC(=O)C1=C(C)NC(=C([C@H]1c2cccc3C(=O)C=C(C)Oc23)C(=O)C)C,7.55
1009,CHEMBL2407660,C[C@@H](N1C(=O)N[C@](Cc2ccccc2)(C(=O)N3CCc4ccccc4C3)C1=O)c5ccccc5,6.0
1010,CHEMBL2407659,C[C@@H](N1C(=O)O[C@](Cc2ccccc2)(C(=O)N3CCc4ccccc4C3)C1=O)c5ccccc5,6.47
1018,CHEMBL2407651,C[C@@H](N1C(=O)O[C@](Cc2ccc(F)cc2)(C(=O)NCc3ccc(Cl)c(Cl)c3)C1=O)c4ccc(F)cc4,6.75
1019,CHEMBL2407650,COc1cc(CNC(=O)[C@@]2(Cc3ccccc3)OC(=O)N(C4CCN(CC4)C(=O)C(F)(F)F)C2=O)cc(OC)c1,5.54
1020,CHEMBL2407649,CC[C@@H](N1C(=O)O[C@](Cc2ccccc2)(C(=O)NCc3cc(OC)cc(OC)c3)C1=O)c4ccccc4,6.4
1021,CHEMBL2407648,COc1cc(CNC(=O)[C@@]2(Cc3ccccc3)OC(=O)N(C4CCCc5ccccc45)C2=O)cc(OC)c1,6.77
1026,CHEMBL2407643,COc1cc(CNC(=O)[C@@]2(Cc3ccccc3)OC(=O)N([C@@H](C)c4ccccc4)C2=O)cc(OC)c1,6.3
1027,CHEMBL2407642,COc1cc(CNC(=O)[C@@]2(Cc3ccccc3)OC(=O)N(C(C)C)C2=O)cc(OC)c1,6.3
1031,CHEMBL2407638,COc1cc(CNC(=O)[C@@]2(Cc3ccccc3Cl)OC(=O)N([C@H](C)c4ccccc4)C2=O)cc(OC)c1,6.35
1032,CHEMBL2407637,COc1cc(CNC(=O)[C@@]2(Cc3cccc(Cl)c3)OC(=O)N([C@H](C)c4ccccc4)C2=O)cc(OC)c1,6.13
1034,CHEMBL2407875,COc1cc(CNC(=O)[C@@]2(Cc3ccccc3F)OC(=O)N([C@H](C)c4ccccc4)C2=O)cc(OC)c1,6.52
1035,CHEMBL2407874,COc1cc(CNC(=O)[C@@]2(Cc3cccc(F)c3)OC(=O)N([C@H](C)c4ccccc4)C2=O)cc(OC)c1,6.55
1036,CHEMBL2407873,COc1cc(CNC(=O)[C@@]2(Cc3ccc(F)cc3)OC(=O)N([C@H](C)c4ccccc4)C2=O)cc(OC)c1,6.7
1037,CHEMBL2407872,COc1cc(CNC(=O)[C@@]2(Cc3ccccn3)OC(=O)N([C@H](C)c4ccccc4)C2=O)cc(OC)c1,5.52
1042,CHEMBL2407867,C[C@@H](N1C(=O)O[C@](Cc2ccccc2)(C(=O)NCCc3ccccn3)C1=O)c4ccccc4,4.82
1043,CHEMBL2407866,C[C@@H](N1C(=O)O[C@](Cc2ccccc2)(C(=O)NCCc3ccncc3)C1=O)c4ccccc4,5.4
1044,CHEMBL2407865,C[C@@H](N1C(=O)O[C@](Cc2ccccc2)(C(=O)NCc3cccc4ccnn34)C1=O)c5ccccc5,6.52
1045,CHEMBL2407864,C[C@@H](N1C(=O)O[C@](Cc2ccccc2)(C(=O)NCc3cccc4cnccc34)C1=O)c5ccccc5,5.52
1046,CHEMBL2407863,C[C@@H](N1C(=O)O[C@](Cc2ccccc2)(C(=O)NCc3ccc4cnccc4c3)C1=O)c5ccccc5,5.82
1047,CHEMBL2407862,C[C@@H](N1C(=O)O[C@](Cc2ccccc2)(C(=O)NCc3ccc4ccccc4n3)C1=O)c5ccccc5,5.6
1049,CHEMBL2407860,C[C@@H](N1C(=O)O[C@](Cc2ccccc2)(C(=O)NCc3ccccn3)C1=O)c4ccccc4,4.8
1050,CHEMBL2407859,C[C@@H](N1C(=O)O[C@](Cc2ccccc2)(C(=O)NCc3cccnc3)C1=O)c4ccccc4,4.89
1053,CHEMBL2407856,C[C@@H](N1C(=O)O[C@](Cc2ccccc2)(C(=O)NCc3onc(C)c3)C1=O)c4ccccc4,5.52
1054,CHEMBL2407855,C[C@@H](N1C(=O)O[C@](Cc2ccccc2)(C(=O)N[C@@H]3C[C@H]3c4ccccc4)C1=O)c5ccccc5,6.6
1055,CHEMBL2407854,C[C@@H](N1C(=O)O[C@](Cc2ccccc2)(C(=O)N[C@@H]3C[C@H](C3)c4ccccc4)C1=O)c5ccccc5,6.72
1056,CHEMBL2407853,C[C@@H](N1C(=O)O[C@](Cc2ccccc2)(C(=O)N[C@@H]3C[C@@H](C3)c4ccccc4)C1=O)c5ccccc5,6.19
1057,CHEMBL2407852,C[C@@H](N1C(=O)O[C@](Cc2ccccc2)(C(=O)NC3CC3)C1=O)c4ccccc4,5.7
1058,CHEMBL2407851,C[C@@H](N1C(=O)O[C@](Cc2ccccc2)(C(=O)NC3CCC3)C1=O)c4ccccc4,5.92
1059,CHEMBL2407850,C[C@@H](N1C(=O)O[C@](Cc2ccccc2)(C(=O)NC3CCCCC3)C1=O)c4ccccc4,5.4
1061,CHEMBL2407683,C[C@@H](N1C(=O)O[C@](Cc2ccccc2)(C(=O)Nc3cccc(F)c3)C1=O)c4ccccc4,6.52
1063,CHEMBL2407681,C[C@@H](N1C(=O)O[C@](Cc2ccccc2)(C(=O)Nc3ccccc3Cl)C1=O)c4ccccc4,6.0
1064,CHEMBL2407680,C[C@@H](N1C(=O)O[C@](Cc2ccccc2)(C(=O)Nc3cccc(Cl)c3)C1=O)c4ccccc4,5.7
1065,CHEMBL2407679,C[C@@H](N1C(=O)O[C@](Cc2ccccc2)(C(=O)Nc3ccc(Cl)cc3)C1=O)c4ccc(F)cc4,6.75
1066,CHEMBL2407678,C[C@@H](N1C(=O)O[C@](Cc2ccccc2)(C(=O)Nc3ccccc3)C1=O)c4ccc(F)cc4,6.57
1067,CHEMBL2407677,C[C@@H](N1C(=O)O[C@](Cc2ccccc2)(C(=O)Nc3ccc4ccccc4c3)C1=O)c5ccccc5,6.22
1068,CHEMBL2407676,C[C@@H](N1C(=O)O[C@](Cc2ccccc2)(C(=O)NCc3cccc(c3)S(=O)(=O)C)C1=O)c4ccccc4,5.52
1070,CHEMBL2407674,C[C@@H](N1C(=O)O[C@](Cc2ccccc2)(C(=O)NCc3cccc(c3)C(F)(F)F)C1=O)c4ccccc4,6.3
1071,CHEMBL2407673,C[C@@H](N1C(=O)O[C@](Cc2ccccc2)(C(=O)NCc3ccc(cc3)C(F)(F)F)C1=O)c4ccccc4,6.24
1072,CHEMBL2407672,C[C@H](NC(=O)[C@@]1(Cc2ccccc2)OC(=O)N([C@H](C)c3ccccc3)C1=O)c4cccc(Cl)c4,5.59
1073,CHEMBL2407671,C[C@@H](NC(=O)[C@@]1(Cc2ccccc2)OC(=O)N([C@H](C)c3ccccc3)C1=O)c4cccc(Cl)c4,6.4
1074,CHEMBL2407670,C[C@@H](N1C(=O)O[C@](Cc2ccccc2)(C(=O)NCc3cccc(Cl)c3)C1=O)c4ccccc4,6.55
1075,CHEMBL2407669,C[C@@H](N1C(=O)O[C@](Cc2ccccc2)(C(=O)NCc3ccc(Cl)cc3)C1=O)c4ccccc4,6.7
1077,CHEMBL2407667,COc1cc(CNC(=O)[C@@]2(Cc3ccccc3)OC(=O)N(Cc4ccccc4)C2=O)cc(OC)c1,5.52
1078,CHEMBL2407666,COc1ccccc1CNC(=O)[C@@]2(Cc3ccccc3)OC(=O)N([C@H](C)c4ccccc4)C2=O,6.3
1079,CHEMBL2407665,COc1ccc(CNC(=O)[C@@]2(Cc3ccccc3)OC(=O)N([C@H](C)c4ccccc4)C2=O)cc1,6.0
1080,CHEMBL2407664,COc1cccc(CNC(=O)[C@@]2(Cc3ccccc3)OC(=O)N([C@H](C)c4ccccc4)C2=O)c1,6.52
1081,CHEMBL2407663,COc1cccc(CNC(=O)[C@@]2(Cc3ccccc3)OC(=O)N(Cc4ccccc4)C2=O)c1,6.0
1083,CHEMBL2407661,O=C(NCc1ccccc1)[C@@]2(Cc3ccccc3)OC(=O)N(Cc4ccccc4)C2=O,5.22
1089,CHEMBL2419297,CC1N(CCO)C(=O)C(=C1c2ccc3OCC(=O)Nc3c2)c4ccc(F)cc4,5.8
1092,CHEMBL2419309,CC1N(C)C(=O)C(=C1c2ccc3OCC(=O)Nc3c2)c4ccc(F)cc4,6.77
1093,CHEMBL2419308,CCC1OC(=O)C(=C1c2ccc3OCC(=O)Nc3c2)c4ccc(F)cc4,5.92
1094,CHEMBL2419307,CC1(F)OC(=O)C(=C1c2ccc3OCC(=O)Nc3c2)c4ccc(F)cc4,6.26
1095,CHEMBL2419306,CC1OC(=O)C(=C1c2ccc3OCC(=O)Nc3c2)c4ccc(F)cc4,6.92
1096,CHEMBL2419305,CC1(C)OC(=O)C(=C1c2ccc3OCC(=O)Nc3c2)c4ccc(F)cc4,5.92
1097,CHEMBL2419304,Cc1cc(F)ccc1C2=C(COC2=O)c3ccc4OCC(=O)Nc4c3,6.13
1098,CHEMBL2419303,Fc1ccc(C2=C(COC2=O)c3ccc4OCC(=O)Nc4c3)c(F)c1,6.18
1099,CHEMBL2419302,Fc1ccc(cc1)C2=C(COC2=O)c3ccc4OCC(=O)Nc4c3,6.3
1106,CHEMBL2440887,CC(=O)[C@H]1CC[C@H]2[C@@H]3CCC4=CC(=O)CC[C@]4(C)[C@H]3[C@H](C[C@]12C)NS(=O)(=O)c5ccccc5[N+](=O)[O-],4.96
1108,CHEMBL2440895,CC(=O)[C@H]1CC[C@H]2[C@@H]3CCC4=CC(=O)CC[C@]4(C)[C@H]3[C@H](C[C@]12C)N=[N+]=[N-],5.46
1114,CHEMBL3086019,Cc1onc(C)c1S(=O)(=O)NCc2ccc(cc2)n3ccnc3C.OC(=O)C(F)(F)F,5.33
1115,CHEMBL3086024,Cc1nccn1c2ccc(CNS(=O)(=O)c3ccc(F)cc3F)cc2.OC(=O)C(F)(F)F,5.68
1116,CHEMBL3086015,Cc1onc(C)c1S(=O)(=O)NCc2ccc(cc2)c3cccc(c3)C(=O)N,5.69
1117,CHEMBL3086018,Cc1onc(C)c1S(=O)(=O)NCc2ccc(cc2)c3cncc(c3)C#N,5.71
1118,CHEMBL3086023,Cc1nccn1c2ccc(CNS(=O)(=O)c3ccccc3F)cc2.OC(=O)C(F)(F)F,5.73
1119,CHEMBL3086017,Cc1onc(C)c1S(=O)(=O)NCc2ccc(cc2)c3cccnc3.OC(=O)C(F)(F)F,5.82
1120,CHEMBL3086016,Cc1onc(C)c1S(=O)(=O)NCc2ccc(cc2)c3cccc(NS(=O)(=O)C)c3,5.86
1121,CHEMBL3086027,Cc1cn(c(C)n1)c2ccc(CNS(=O)(=O)c3cc(F)ccc3F)cc2,5.88
1122,CHEMBL3086021,Cc1ccccc1S(=O)(=O)NCc2ccc(cc2)n3ccnc3C.OC(=O)C(F)(F)F,5.92
1123,CHEMBL3086025,Cc1nccn1c2ccc(CNS(=O)(=O)c3cc(F)ccc3F)cc2,6.2
1124,CHEMBL3086012,Cc1onc(C)c1S(=O)(=O)NCc2ccc(s2)c3ccccc3,6.22
1125,CHEMBL1645393,Cc1onc(C)c1S(=O)(=O)NCc2ccc(cc2)c3ccccc3,6.45
1126,CHEMBL3086022,Cc1nccn1c2ccc(CNS(=O)(=O)c3ccccc3Cl)cc2.OC(=O)C(F)(F)F,6.47
1128,CHEMBL3086026,Cc1nccn1c2ccc(CNS(=O)(=O)c3cc(F)ccc3F)cc2F,6.78
1129,CHEMBL3086020,Cc1cc(C)c(c(C)c1)S(=O)(=O)NCc2ccc(cc2)n3ccnc3C.OC(=O)C(F)(F)F,6.92
1134,CHEMBL3093461,CC[C@@H](Cn1ccc2ccccc12)NS(=O)(=O)c3c(N)cc(Cl)cc3Cl,6.29
1135,CHEMBL3093440,CC(Cc1c[nH]c2ccccc12)NS(=O)(=O)c3c(N)cc(Cl)cc3Cl,6.29
1136,CHEMBL3093444,CC(C)(Cc1c[nH]c2ccccc12)NS(=O)(=O)c3c(N)cc(Cl)cc3Cl,6.33
1137,CHEMBL3093459,Cc1cc(C)c(c(C)c1)S(=O)(=O)NC(COc2ccccc2)C(F)(F)F,6.47
1138,CHEMBL3093463,CC[C@@H](Cn1cc(C#N)c2ccccc12)NS(=O)(=O)c3c(N)cc(Cl)cc3Cl,6.48
1140,CHEMBL3093460,Cc1cc(C)c(c(C)c1)S(=O)(=O)NC(CSc2ccccc2)C(F)(F)F,6.55
1141,CHEMBL3093451,Cc1cc(C)c(c(C)c1)S(=O)(=O)NC(Cc2c[nH]c3cc(ccc23)C#N)C(F)(F)F,6.55
1142,CHEMBL3093441,Nc1cc(Cl)cc(Cl)c1S(=O)(=O)NC(Cc2c[nH]c3ccccc23)C(F)(F)F,6.57
1143,CHEMBL3093462,CC[C@@H](Cn1cc(C)c2ccccc12)NS(=O)(=O)c3c(N)cc(Cl)cc3Cl,6.59
1144,CHEMBL3093458,Cc1cc(C)c(c(C)c1)S(=O)(=O)NC(CNc2ccccc2)C(F)(F)F,6.59
1145,CHEMBL3093455,Cc1cc(C)c(c(C)c1)S(=O)(=O)NC(Cn2ccc3ncccc23)C(F)(F)F,6.66
1146,CHEMBL3093450,Cc1cc(C)c(c(C)c1)S(=O)(=O)NC(Cc2c[nH]c3ccc(cc23)C#N)C(F)(F)F,6.68
1147,CHEMBL3093449,Cc1cc(C)c(c(C)c1)S(=O)(=O)NC(Cc2c[nH]c3cccc(C#N)c23)C(F)(F)F,6.77
1148,CHEMBL3093447,Cc1ccc2c(CC(NS(=O)(=O)c3c(C)cc(C)cc3C)C(F)(F)F)c[nH]c2c1,6.85
1150,CHEMBL3093454,Cc1cc(C)c(c(C)c1)S(=O)(=O)NC(Cn2ccc3ccccc23)C(F)(F)F,6.92
1151,CHEMBL3093453,Cc1cc(C)c(c(C)c1)S(=O)(=O)NC(Cc2c[nH]c3c(cc(C)cc23)C#N)C(F)(F)F,6.96
1161,CHEMBL3094468,CC[C@@H](Cc1ccc(O)c(C)c1C)NS(=O)(=O)c2c(C)cc(C)cc2C,6.57
1162,CHEMBL3094467,CC[C@@H](Cc1ccc(O)c(C)c1)NS(=O)(=O)c2c(C)cc(C)cc2C,5.64
1163,CHEMBL3094487,CC[C@@H](Cc1ccc(O)cc1C)NS(=O)(=O)c2c(C)cc(C)cc2C,6.0
1164,CHEMBL3094486,CC[C@@H](Cc1ccc(O)cc1)NS(=O)(=O)c2c(C)cc(C)cc2C,5.28
1165,CHEMBL3094485,CCC(Cc1ccc(O)c2ccccc12)NS(=O)(=O)c3c(C)cc(C)cc3C,6.96
1166,CHEMBL3094484,CCC(Cc1cc(C)c(O)c(C)c1)NS(=O)(=O)c2c(C)cc(C)cc2C,6.32
1167,CHEMBL3094483,CCC(Cc1cc(C)c(OC)c(C)c1)NS(=O)(=O)c2c(C)cc(C)cc2C,5.85
1168,CHEMBL3094482,CCC(Cc1ccc(O)c(C)c1C)NS(=O)(=O)c2c(C)cc(C)cc2C,6.62
1169,CHEMBL3094481,CCC(Cc1ccc(OC)c(C)c1C)NS(=O)(=O)c2c(C)cc(C)cc2C,6.48
1170,CHEMBL3094480,CCC(Cc1ccc2ccccc2c1)NS(=O)(=O)c3c(C)cc(C)cc3C,6.4
1171,CHEMBL3094479,CCC(Cc1cccc2ccccc12)NS(=O)(=O)c3c(C)cc(C)cc3C,6.72
1172,CHEMBL3094478,CCC(Cc1cc(Cl)cc(Cl)c1)NS(=O)(=O)c2c(C)cc(C)cc2C,6.82
1173,CHEMBL3094477,CCC(Cc1cc(F)cc(F)c1)NS(=O)(=O)c2c(C)cc(C)cc2C,6.4
1174,CHEMBL3094476,CCC(Cc1cc(C)cc(C)c1)NS(=O)(=O)c2c(C)cc(C)cc2C,6.44
1175,CHEMBL3094475,CCC(Cc1cc(C)ccc1C)NS(=O)(=O)c2c(C)cc(C)cc2C,6.5
1176,CHEMBL3094474,CCC(Cc1ccc(C)cc1C)NS(=O)(=O)c2c(C)cc(C)cc2C,5.62
1177,CHEMBL3094473,CCC(Cc1cccc(C)c1C)NS(=O)(=O)c2c(C)cc(C)cc2C,6.46
1179,CHEMBL3094471,CCC(Cc1ccc(C)cc1)NS(=O)(=O)c2c(C)cc(C)cc2C,5.96
1180,CHEMBL3094470,CCC(Cc1cccc(C)c1)NS(=O)(=O)c2c(C)cc(C)cc2C,6.4
1181,CHEMBL3094469,CCC(Cc1ccccc1C)NS(=O)(=O)c2c(C)cc(C)cc2C,6.16
1194,CHEMBL3126949,Cc1ccc(F)cc1C(C)(C)C[C@@](O)(Cc2cc3ncncc3[nH]2)C(F)(F)F,6.32
1195,CHEMBL3126948,Cc1ccc(F)cc1C(C)(C)C[C@@](O)(Cc2cc3nnccc3[nH]2)C(F)(F)F,6.59
1198,CHEMBL3126945,CC(C)(CC(O)(Cc1cc2ncncc2[nH]1)C(F)(F)F)c3cc(Cl)cc4CCOc34,6.47
1199,CHEMBL3126944,CC(C)(CC(O)(Cc1cc2ncncc2[nH]1)C(F)(F)F)c3cc(F)cc4CCOc34,5.89
1200,CHEMBL3126943,Cc1ccccc1C(C)(C)CC(O)(Cc2cc3ncncc3[nH]2)C(F)(F)F,5.96
1201,CHEMBL3126942,CC(C)(CC(O)(Cc1cc2ncncc2[nH]1)C(F)(F)F)c3ccc(F)cc3O,5.92
1202,CHEMBL3126941,CC(C)(CC(O)(Cc1cc2ncncc2[nH]1)C(F)(F)F)c3cc(F)ccc3O,5.94
1205,CHEMBL3126938,Cc1ccc(F)cc1C(C)(C)CC(O)(Cc2cc3nc(ncc3[nH]2)N4CCOCC4)C(F)(F)F,6.77
1208,CHEMBL3126935,Cc1ccc(F)cc1C(C)(C)CC(O)(Cc2cc3nc(ncc3[nH]2)c4ccccc4)C(F)(F)F,5.72
1212,CHEMBL3126954,COc1ccc(F)cc1C(C)(C)CC(O)(Cc2cc3cncnc3[nH]2)C(F)(F)F,6.8
1213,CHEMBL3126953,Cc1ccc(F)cc1C(C)(C)CC(O)(Cc2cc3ncncc3[nH]2)C(F)(F)F,6.07
1216,CHEMBL3126950,Cc1ccc(F)cc1C(C)(C)CC(O)(Cc2cc3nnccc3[nH]2)C(F)(F)F,6.21
1220,CHEMBL3234845,C[C@@H](N1C(=O)O[C@@](Cc2ccccc2)(C1=O)c3occ(n3)c4ccccc4)c5ccccc5,5.77
1221,CHEMBL3234846,C[C@@H](N1C(=O)O[C@@](Cc2ccccc2)(C1=O)c3oc(cn3)c4ccccc4)c5ccccc5,5.96
1222,CHEMBL3234847,C[C@@H](N1C(=O)O[C@@](Cc2ccccc2)(C1=O)c3oc(Cc4ccccc4)cn3)c5ccccc5,6.62
1223,CHEMBL3234848,C[C@@H](N1C(=O)O[C@@](Cc2ccccc2)(C1=O)c3ncc([nH]3)c4ccccc4)c5ccccc5,6.62
1224,CHEMBL3234849,C[C@@H](N1C(=O)O[C@@](Cc2ccccc2)(C1=O)c3ncc(Cc4ccccc4)[nH]3)c5ccccc5,6.57
1226,CHEMBL3234851,C[C@@H](N1C(=O)O[C@@](Cc2ccccc2)(C1=O)c3nnc([nH]3)c4ccccc4)c5ccccc5,5.84
1227,CHEMBL3234852,C[C@@H](N1C(=O)O[C@@](Cc2ccccc2)(C1=O)c3nnc(Cc4ccccc4)[nH]3)c5ccccc5,6.18
1228,CHEMBL3234853,C[C@@H](N1C(=O)O[C@@](Cc2ccccc2)(C1=O)c3nnc([nH]3)c4ccc(Cl)c(Cl)c4)c5ccccc5,5.88
1229,CHEMBL3234854,COc1cc(OC)cc(c1)c2nnc([nH]2)[C@@]3(Cc4ccccc4)OC(=O)N([C@H](C)c5ccccc5)C3=O,6.17
1230,CHEMBL3234855,C[C@@H](N1C(=O)O[C@@](Cc2ccccc2)(C1=O)c3oc(nn3)c4ccccc4)c5ccccc5,6.42
1231,CHEMBL3234856,C[C@@H](N1C(=O)O[C@@](Cc2ccccc2)(C1=O)c3oc(Cc4ccccc4)nn3)c5ccccc5,6.8
1232,CHEMBL3234857,C[C@@H](N1C(=O)O[C@@](Cc2ccccc2)(C1=O)c3oc(nn3)c4ccc(Cl)c(Cl)c4)c5ccccc5,5.17
1234,CHEMBL3234859,C[C@@H](N1C(=O)O[C@@](Cc2ccccc2)(C1=O)c3oc(nn3)c4cc(F)cc(F)c4)c5ccccc5,6.57
1235,CHEMBL3234860,C[C@@H](N1C(=O)O[C@@](Cc2ccccc2)(C1=O)c3oc(nn3)c4ccncc4)c5ccccc5,5.82
1236,CHEMBL3234861,COc1cc(OC)nc(n1)c2oc(nn2)[C@@]3(Cc4ccccc4)OC(=O)N([C@H](C)c5ccccc5)C3=O,6.89
1237,CHEMBL3234862,C[C@@H](N1C(=O)O[C@@](Cc2ccccc2)(C1=O)c3oc(CC4CC4)nn3)c5ccccc5,6.33
1245,CHEMBL3233271,COc1ccc(F)cc1C(C)(C)CC(O)(Cc2cc3ccncc3[nH]2)C(C)C,6.0
1246,CHEMBL3233272,COc1ccc(F)cc1C(C)(C)CC(O)(Cc2cc3ccncc3[nH]2)C(C)(C)C,5.75
1247,CHEMBL3233273,CCC(C)(C)C(O)(Cc1cc2ccncc2[nH]1)CC(C)(C)c3cc(F)ccc3OC,5.72
1250,CHEMBL3233276,COc1ccc(F)cc1C(C)(C)CC(O)(Cc2cc3ccncc3[nH]2)C4CCCC4,5.96
1251,CHEMBL3233277,COc1ccc(F)cc1C(C)(C)CC(O)(Cc2cc3cnccc3[nH]2)C(C)(C)C,6.19
1252,CHEMBL3233278,COc1ccc(F)cc1C(C)(C)CC(O)(Cc2cc3cnccc3[nH]2)C4CC4,5.75
1253,CHEMBL3233279,Cc1ccc(F)cc1C(C)(C)CC(O)(Cc2cc3cnccc3[nH]2)C(C)(C)C,6.14
1254,CHEMBL3233280,Cc1ccc(F)cc1C(C)(C)CC(O)(Cc2cc3cnccc3[nH]2)C4CC4,5.81
1255,CHEMBL3233281,Cc1ccc(F)cc1C(C)(C)C[C@@](O)(Cc2cc3cnccc3[nH]2)C(C)(C)C,6.38
1256,CHEMBL3233282,Cc1ccc(F)cc1C(C)(C)C[C@](O)(Cc2cc3cnccc3[nH]2)C(C)(C)C,5.89
1266,CHEMBL3263753,COc1nc(ccc1C(=O)O)C2=NN([C@@H](C2)C3CCCC3)c4ccc(C#N)c(C)c4,5.35
1335,CHEMBL3337723,Cc1[nH]nc(c2ccc3OCC(=O)Nc3c2)c1c4ccc(F)cc4,5.43
1390,CHEMBL3578301,C[C@@H](N1C(=O)O[C@@](Cc2ccccc2)(C1=O)c3nc4c(cccc4[nH]3)c5cncnc5)c6ccc(F)cc6,6.43
1391,CHEMBL3578300,C[C@@H](N1C(=O)O[C@@](Cc2ccccc2)(C1=O)c3nc4c(cccc4[nH]3)c5ccncc5)c6ccc(F)cc6,6.64
1392,CHEMBL3578299,C[C@@H](N1C(=O)O[C@@](Cc2ccccc2)(C1=O)c3nc4c(cccc4[nH]3)c5cccnc5)c6ccc(F)cc6,6.77
1393,CHEMBL3578298,C[C@@H](N1C(=O)O[C@@](Cc2ccccc2)(C1=O)c3nc4c(cccc4[nH]3)c5cnn(C)c5)c6ccc(F)cc6,6.82
1394,CHEMBL3578297,C[C@@H](N1C(=O)O[C@@](Cc2ccccc2)(C1=O)c3nc4c(cccc4[nH]3)c5cc[nH]n5)c6ccc(F)cc6,5.8
1395,CHEMBL3578296,C[C@@H](N1C(=O)O[C@@](Cc2ccccc2)(C1=O)c3nc4c(cccc4[nH]3)c5conc5)c6ccc(F)cc6,6.1
1396,CHEMBL3578295,C[C@@H](N1C(=O)O[C@@](Cc2ccccc2)(C1=O)c3nc4c(NS(=O)(=O)C)cccc4[nH]3)c5ccc(F)cc5,6.68
1397,CHEMBL3578294,C[C@@H](N1C(=O)O[C@@](Cc2ccccc2)(C1=O)c3nc4c(NC(=O)C)cccc4[nH]3)c5ccc(F)cc5,5.96
1398,CHEMBL3578293,C[C@@H](N1C(=O)O[C@@](Cc2ccccc2)(C1=O)c3nc4c(cccc4[nH]3)C(F)(F)F)c5ccc(F)cc5,6.82
1399,CHEMBL3578292,C[C@@H](N1C(=O)O[C@@](Cc2ccccc2)(C1=O)c3nc4c(Cl)cccc4[nH]3)c5ccc(F)cc5,6.89
1404,CHEMBL3578287,C[C@@H](N1C(=O)O[C@@](Cc2ccccc2)(C1=O)c3nc4cc(ccc4[nH]3)c5ccccn5)c6ccc(F)cc6,6.92
1409,CHEMBL3576885,C[C@@H](N1C(=O)O[C@@](Cc2ccccc2)(C1=O)c3nc4cc(ccc4[nH]3)c5cc[nH]n5)c6ccc(F)cc6,6.92
1412,CHEMBL3578280,C[C@@H](N1C(=O)O[C@@](Cc2ccccc2)(C1=O)c3nc4cc(ccc4[nH]3)n5cnnn5)c6ccc(F)cc6,6.92
1413,CHEMBL3578279,C[C@@H](N1C(=O)O[C@@](Cc2ccccc2)(C1=O)c3nc4cc(ccc4[nH]3)C#N)c5ccc(F)cc5,6.38
1414,CHEMBL3578278,CNC(=O)c1ccc2[nH]c(nc2c1)[C@@]3(Cc4ccccc4)OC(=O)N([C@H](C)c5ccc(F)cc5)C3=O,6.4
1415,CHEMBL3578277,C[C@@H](N1C(=O)O[C@@](Cc2ccccc2)(C1=O)c3nc4cc(NC(=O)C)ccc4[nH]3)c5ccc(F)cc5,5.92
1416,CHEMBL3578276,C[C@@H](N1C(=O)O[C@@](Cc2ccccc2)(C1=O)c3nc4cc(NS(=O)(=O)C)ccc4[nH]3)c5ccc(F)cc5,6.66
1417,CHEMBL3578275,C[C@@H](N1C(=O)O[C@@](Cc2ccccc2)(C1=O)c3nc4cc(OC(F)(F)F)ccc4[nH]3)c5ccc(F)cc5,6.75
1418,CHEMBL3578274,C[C@@H](N1C(=O)O[C@@](Cc2ccccc2)(C1=O)c3nc4cc(ccc4[nH]3)C(F)(F)F)c5ccc(F)cc5,6.92
1419,CHEMBL3578273,C[C@@H](N1C(=O)O[C@@](Cc2ccccc2)(C1=O)c3nc4cc(F)ccc4[nH]3)c5ccc(F)cc5,6.64
1420,CHEMBL3578272,C[C@@H](N1C(=O)O[C@@](Cc2ccccc2)(C1=O)c3nc4ccccc4[nH]3)c5ccc(F)cc5,6.72
1457,CHEMBL3582109,Cc1onc(C)c1c2ccc3NC(C)(C)C(=O)C(C)(C)c3c2,6.47
1478,CHEMBL3605919,COc1cc(F)ccc1c2c(CN(C)Cc3ccccc3)[nH]c4c(NS(=O)(=O)C)cc(cc24)C(C)C,5.8
1480,CHEMBL3605921,COc1cc(F)ccc1c2c(CN(C)Cc3ccccc3)[nH]c4c(N)cc(F)cc24,5.67
1481,CHEMBL3605922,COc1ccc(F)cc1c2c[nH]c3c(NC(=O)C)cccc23,5.19
1482,CHEMBL3605923,COc1cc(NS(=O)(=O)C)c2[nH]c(C)c(c3ccccc3)c2c1,5.41
1484,CHEMBL3605925,CS(=O)(=O)Nc1cccc2cc[nH]c12,6.02
1485,CHEMBL3605926,COc1cc(F)ccc1c2c(CN(C)Cc3ccccc3)[nH]c4c(NS(=O)(=O)C)cc(cc24)C(C)(C)C,5.41
1486,CHEMBL3605927,COc1cc(F)ccc1c2c(Cc3ccccc3)[nH]c4c(NS(=O)(=O)C)cc(cc24)C(C)C,5.37
1487,CHEMBL3605928,COc1ccc(F)cc1c2c([nH]c3c(NS(=O)(=O)C)cccc23)c4ccccc4,5.41
1489,CHEMBL3605930,COc1ccc(Cl)cc1c2c[nH]c3c(NS(=O)(=O)C)cccc23,5.35
1493,CHEMBL3605934,CS(=O)(=O)Nc1cccc2c(c[nH]c12)c3ccc(F)cc3,6.65
1496,CHEMBL3643646,NC(=O)Nc1cc(ccn1)c2cc(nn2c3ccccc3)C(F)(F)F,6.89
1497,CHEMBL3643647,NC(=O)Nc1cc(ccn1)c2cc(nn2C3CCCC3)C(F)(F)F,5.38
1499,CHEMBL3643649,NC(=O)Nc1cc(ccn1)c2ccnn2c3ccccc3,6.17
1500,CHEMBL3643650,NC(=O)Nc1cc(ccn1)c2ccnn2C3CCCC3,5.96
1501,CHEMBL3643651,Cc1ccccc1n2nccc2c3ccnc(NC(=O)N)c3,6.55
1502,CHEMBL3643652,NC(=O)Nc1cc(ccn1)c2ccnn2c3ccccc3Cl,6.1
1503,CHEMBL3643653,COc1ccccc1n2nccc2c3ccnc(NC(=O)N)c3,5.22
1504,CHEMBL3643654,CCCn1nccc1c2ccnc(NC(=O)N)c2,5.1
1505,CHEMBL3643655,CC(C)n1nccc1c2ccnc(NC(=O)N)c2,5.75
1507,CHEMBL3643657,Cc1cccc(c1)n2nccc2c3ccnc(NC(=O)N)c3,6.8
1509,CHEMBL3643659,NC(=O)Nc1cc(ccn1)c2ccnn2c3cccc(Cl)c3,6.72
1513,CHEMBL3643663,NC(=O)Nc1cc(ccn1)c2ccnn2c3cccc(F)c3,6.51
1514,CHEMBL3643664,NC(=O)Nc1cc(ccn1)c2ccnn2c3ccccc3F,6.52
1515,CHEMBL3643665,NC(=O)Nc1cc(ccn1)c2ccnn2c3nccs3,5.11
1516,CHEMBL3643666,NC(=O)Nc1cc(ccn1)c2ccnn2Cc3ccc(F)cc3,5.62
1517,CHEMBL3643667,NC(=O)Nc1cc(ccn1)c2ccnn2c3ccc(F)cc3Cl,6.72
1521,CHEMBL3639425,COc1cccc(CCc2ccnc(NC(=O)N)c2)c1,5.8
1522,CHEMBL3643670,Cc1ccc(CCc2ccnc(NC(=O)N)c2)cc1,6.32
1523,CHEMBL3643671,Cc1ccc(cc1)C(O)Cc2ccnc(NC(=O)N)c2,5.15
1528,CHEMBL3643676,CC(O)(Cc1ccnc(NC(=O)N)c1)c2ccccc2,5.17
1531,CHEMBL3643679,NC(=O)Nc1cc(CC(CCC#N)c2ccccc2)ccn1,5.75
1535,CHEMBL3643683,Cc1ccccc1CC(C)(O)c2ccnc(NC(=O)N)c2,5.77
1540,CHEMBL3643688,COc1ccc(CCc2ccnc(NC(=O)N)c2)cc1,6.8
1543,CHEMBL3643691,NC(=O)Nc1cc(CCc2ccc(F)c(c2)C(F)(F)F)ccn1,6.48
1544,CHEMBL3643692,Cn1cnc(c2ccc(F)cc2)c1c3ccnc(NC(=O)N)c3,6.89
1545,CHEMBL3643693,COc1ccc(Cn2cnc(c3ccc(F)cc3)c2c4ccnc(NC(=O)N)c4)c(OC)c1,6.48
1546,CHEMBL3643694,NC(=O)Nc1cc(ccn1)c2nc[nH]c2c3ccc(F)cc3,6.07
1547,CHEMBL3643695,Cn1cnc(c2ccnc(NC(=O)N)c2)c1c3ccc(F)cc3,5.47
1548,CHEMBL3643696,NC(=O)Nc1cc(ccn1)c2ocnc2c3ccc(F)cc3,6.96
1549,CHEMBL3643697,NC(=O)Nc1cc(ccn1)N2CCCC2c3ccc(F)cc3,5.57
1550,CHEMBL3643698,NC(=O)Nc1cc(ccn1)C2=C(CCCC2)c3ccc(F)cc3,6.85
1551,CHEMBL3643699,NC(=O)Nc1cc(ccn1)C2CCCCC2c3ccc(F)cc3,6.57
1556,CHEMBL3692348,CC[C@@H]1CC2=CC(=O)CC[C@@H]2[C@H]3CC[C@@]4(C)[C@@H](CC[C@]45OCC=C5)[C@H]13,6.51
1558,CHEMBL3692350,C[C@]12CC[C@H]3[C@@H](CCC4=CC(=O)CC[C@H]34)[C@@H]1CC5(CC5)[C@]26OCC=C6,6.0
1562,CHEMBL3692354,CC[C@@H]1CC2=CC(=O)CC[C@@H]2[C@H]3CC[C@@]4(CC)[C@@H](CC[C@]45OCC=C5)[C@H]13,6.07
1563,CHEMBL3692357,CC[C@]12CC[C@H]3[C@@H](C[C@@H](CO)C4=CC(=O)CC[C@H]34)[C@@H]1CC[C@]25OCC=C5,6.96
1566,CHEMBL3765823,Cc1c(Cl)c(ccc1N[C@@H]2CCCC[C@@]2(C)O)C#N,6.38
1567,CHEMBL3765171,Cc1c(Cl)c(ccc1N[C@@H]2CCC[C@]2(C)O)C#N,5.74
1568,CHEMBL3764185,Cc1c(Cl)c(ccc1N[C@@H]2CCC[C@@]2(C)O)C#N,5.84
