,molecule_chembl_id,canonical_smiles,pchembl_value
0,CHEMBL246652,O=C1NC(=Cc2onc(c3ccccc3)c12)c4ccccc4,7.11
1,CHEMBL246654,COc1ccc(C2=Cc3onc(c4ccccc4)c3C(=O)N2C)c(OC)c1,7.23
2,CHEMBL393713,CN1CCN(Cc2ccc(cc2)C3=Cc4onc(c5ccccc5)c4C(=O)N3C)CC1,7.5
3,CHEMBL247879,CN(C)Cc1ccc(cc1)C2=Cc3onc(c4ccccc4)c3C(=O)N2C,7.59
4,CHEMBL399602,COc1ccc(cc1)C2=Cc3onc(c4ccccc4)c3C(=O)N2C,8.39
5,CHEMBL401032,COCCOCc1ccc(cc1)C2=Cc3onc(c4ccccc4)c3C(=O)N2C,8.41
6,CHEMBL399807,CN1C(=O)c2c(onc2c3ccccc3)C=C1c4ccc(COCCO)cc4,8.46
7,CHEMBL399603,CN1C(=O)c2c(onc2c3ccccc3)C=C1c4ccc5OCOc5c4,9.1
2,CHEMBL393714,CN1C(=O)c2c(onc2c3ccccc3)C=C1c4ccncc4,6.89
6,CHEMBL247478,CC(C)OCCOCc1ccc(cc1)C2=Cc3onc(c4ccccc4)c3C(=O)N2C,6.95
