,molecule_chembl_id,canonical_smiles,pchembl_value
0,CHEMBL410341,CCC\C=C(/CCC)\C1=C(c2cccc(OC)c2)[C@@]3(CCC[C@@H]3C1)Nc4ccccc4,7.0
1,CHEMBL214772,CCC\C=C(/CCC)\C1=C(C)[C@@]2(CCC[C@@H]2C1)Nc3ccccc3,7.05
2,CHEMBL213816,CCCCC(C)C1=C(c2ccccc2)[C@@]3(CCC[C@@H]3C1)Nc4ccccc4,7.16
3,CHEMBL216778,CCC\C=C(/CCC)\C1=C(c2ccc3ccccc3c2)[C@@]4(CCC[C@@H]4C1)Nc5ccccc5,7.22
4,CHEMBL384153,CCCCCCC1=C(c2ccccc2)[C@@]3(CCC[C@@H]3C1)Nc4ccccc4,7.47
5,CHEMBL216179,CCCCCCC1=C(c2ccccc2)[C@@]3(CCC[C@@H]3C1)Nc4cccc(C)c4C,7.52
6,CHEMBL425623,CCCCC1=C(C[C@H]2CCC[C@@]12Nc3ccccc3)\C(=C\CCC)\CCC,7.66
7,CHEMBL384424,CCC\C=C(/CCC)\C1=C(C2CCCCC2)[C@@]3(CCC[C@@H]3C1)Nc4ccccc4,7.92
16,CHEMBL385911,CCC\C=C(/CCC)\C1=C(c2ccccc2)[C@@]3(CCC[C@@H]3C1)Nc4ccccc4,6.37
44,CHEMBL468714,CC(C)c1onc(C[S+]([O-])c2c(Cl)cccc2Cl)c1COc3ccc(\C=C\c4cccc(c4)C(=O)O)c(Cl)c3,5.38
66,CHEMBL1765932,CCCCCCC1=C(c2ccccc2)[C@@]3(CCC[C@@H]3C1)OCc4ccccc4,7.0
68,CHEMBL1765955,C[Si](C)(C1=C(c2ccccc2)[C@@]3(CCC[C@@H]3C1)C(=C)c4ccccc4)c5ccccc5,6.8
69,CHEMBL1765953,CCCCC1=C(c2ccccc2)[C@@]3(CCC[C@@H]3C1)C(=C)c4ccccc4,6.7
70,CHEMBL1765962,CCCCCCC1=C(c2ccccc2)[C@@]3(CC[C@H](OC(=O)C)[C@@H]3C1)C(=C)c4ccccc4,6.6
72,CHEMBL1765945,CCCCCCC1=C(c2cccc(OC)c2)[C@@]3(CCC[C@@H]3C1)C(=C)c4ccccc4,6.6
73,CHEMBL1765933,CCCCCCC1=C(c2ccccc2)[C@@]3(CCC[C@@H]3C1)C(=C)c4ccccc4,6.6
74,CHEMBL1765956,CCCCCCC1=C(c2ccccc2)[C@@]3(CCCC[C@@H]3C1)C(=C)c4ccccc4,6.6
75,CHEMBL1765958,CCCCCCC1=C(c2ccccc2)[C@@]3(CN(Cc4ccccc4)C[C@@H]3C1)C(=C)c5ccccc5,6.5
76,CHEMBL1765934,CCCCCCC1=C(c2ccccc2)[C@@]3(CCC[C@@H]3C1)C(=C)c4cccc(OC)c4,6.5
77,CHEMBL1765961,CCCCCCC1=C(c2ccccc2)[C@@]3(CC[C@@H](OC(=O)C)[C@@H]3C1)C(=C)c4ccccc4,6.4
78,CHEMBL1765960,CCCCCCC1=C(c2ccccc2)[C@@]3(CC[C@H](O)[C@@H]3C1)C(=C)c4ccccc4,6.4
79,CHEMBL1765966,CCCCCCC1=C(c2ccccc2)[C@@]3(C[C@@H](C[C@@H]3C1)OC(=O)C)C(=C)c4ccccc4,6.3
82,CHEMBL1765931,CCCCCCC1=C(c2ccccc2)[C@@]3(CCC[C@@H]3C1)OC4CCCCC4,6.1
83,CHEMBL1765963,CCCCCCC1=C(c2ccccc2)[C@@]3(C[C@@H](O)C[C@@H]3C1)C(=C)c4ccccc4,6.0
84,CHEMBL1765938,CCCCCCC1=C(c2ccccc2)[C@@]3(CCC[C@@H]3C1)C(=C)c4ccc(CCCC)cc4,6.0
86,CHEMBL1765950,CCCCCCC1=C(C2CCCCC2)[C@@]3(CCC[C@@H]3C1)C(=C)c4ccccc4,5.9
87,CHEMBL1765964,CCCCCCC1=C(c2ccccc2)[C@@]3(C[C@H](O)C[C@@H]3C1)C(=C)c4ccccc4,5.8
88,CHEMBL1765954,CCCCCCCCC1=C(c2ccccc2)[C@@]3(CCC[C@@H]3C1)C(=C)c4ccccc4,5.8
89,CHEMBL1765936,CCCCCCC1=C(c2ccccc2)[C@@]3(CCC[C@@H]3C1)C(=C)c4ccc(C)cc4,5.7
91,CHEMBL1765930,CCCCCCC1=C(c2ccccc2)[C@@]3(CCC[C@@H]3C1)OCC(C)CC,5.6
92,CHEMBL1765927,CCCCCCC1=C(c2ccccc2)[C@@]3(CCC[C@@H]3C1)OCCC,5.6
93,CHEMBL1765926,CCCCCCC1=C(c2ccccc2)[C@@]3(CCC[C@@H]3C1)OCC,5.6
94,CHEMBL1765941,CCCCCCC1=C(c2ccccc2)[C@@]3(CCC[C@@H]3C1)C(=C)CCC,5.5
95,CHEMBL1765928,CCCCCCC1=C(c2ccccc2)[C@@]3(CCC[C@@H]3C1)OC(C)C,5.5
96,CHEMBL1765929,CCCCCCC1=C(c2ccccc2)[C@@]3(CCC[C@@H]3C1)OCCCC,5.3
