,molecule_chembl_id,canonical_smiles,pchembl_value
0,alitretinoin,C\C(\C=C\C1=C(C)CCCC1(C)C)=C\C=C\C(\C)=C\C(O)=O,6.52
1,tretinoin,C\C(=C/C=C/C(=C/C(=O)O)/C)\C=C\C1=C(C)CCCC1(C)C,6.7
2,etretinate,CCOC(=O)\C=C(/C)\C=C\C=C(/C)\C=C\C1=C(C)C(C)=C(OC)C=C1C,
3,acitretin,COC1=C(C)C(C)=C(\C=C\C(\C)=C\C=C\C(\C)=C\C(O)=O)C(C)=C1,
4,tazarotene,CCOC(=O)C1=CN=C(C=C1)C#CC1=CC=C2SCCC(C)(C)C2=C1,7.2
5,CHEMBL284937,CCc1cc2c(cc1\C(=C\c3ccc(cc3)C(=O)O)\C)C(C)(C)CCC2(C)C,7.0
6,CHEMBL344973,CC1(C)CC=C(c2cccs2)c3cc(ccc13)C(=O)Nc4ccc(cc4)C(=O)O,7.03
7,CHEMBL62047,CC1(C)CCC(C)(C)c2cc(ccc12)c3oc(\C=C\C(=O)O)cc3,7.03
8,CHEMBL155421,CC(C)c1ccc(cc1)C2=CCC(C)(C)c3ccc(cc23)C#Cc4ccc(cc4)C(=O)O,7.05
9,CHEMBL157272,CC1(C)CC=C(c2ccc(F)cc2)c3cc(ccc13)C#Cc4ccc(cc4)C(=O)O,7.07
10,CHEMBL275311,C\C(=C/c1ccc(cc1)C(=O)O)\c2ccc3c(c2)C(C)(C)CCC3(C)C,7.07
11,CHEMBL336311,CC1(C)CCC(C)(C)c2nc(cnc12)c3csc(n3)c4ccc(cc4)C(=O)O,7.08
12,CHEMBL69367,CC1(C)CCC(C)(C)c2cc(ccc12)C(=O)Nc3ccc(cc3)C(=O)O,7.1
13,CHEMBL27226,Cc1ccc(cc1c2ccc3c(c2)C(C)(C)CCC3(C)C)c4ccc(cc4)C(=O)O,7.1
14,CHEMBL25202,CC1(C)CCC(C)(C)c2cc(NC(=O)c3ccc(cc3)C(=O)O)ccc12,7.11
15,CHEMBL78587,CC1(C)CCC(C)(C)c2cc(ccc12)C(=C(F)F)c3ccc4cc(ccc4c3)C(=O)O,7.14
16,CHEMBL86663,C\C(=C\c1ccc(cc1)C(=O)O)\c2ccc3c(c2)C(C)(C)CCC3(C)C,7.14
17,CHEMBL82716,CC1(C)CCC(C)(C)c2cc(ccc12)C(=C)c3ccc4cc(ccc4c3)C(=O)O,7.17
18,CHEMBL3400677,CC(C)(O)C1Cc2c(O1)ccc3Oc4c5C=CC(C)(C)Oc5cc(O)c4C(=O)c23,7.19
19,CHEMBL89241,C\C(=C/C(=O)O)\C=C\C=C(/C)\c1cc(cc(c1)C(C)(C)C)C(C)(C)C,7.2
20,CHEMBL346202,COc1ccc(cc1)C2=CCC(C)(C)c3ccc(cc23)C#Cc4ccc(cc4)C(=O)O,7.22
21,CHEMBL89331,C\C(=C/C(=O)O)\C=C\CC1(CC1)c2ccc3c(c2)C(C)(C)CCC3(C)C,7.23
22,CHEMBL430616,CC(C)N1C(=O)CC(C)(C)c2ccc(cc12)C#Cc3ccc(cc3)C(=O)O,7.24
23,CHEMBL157160,CC1(C)CC=C(c2ccc(Cl)cc2)c3cc(ccc13)C#Cc4ccc(cc4)C(=O)O,7.24
24,CHEMBL42314,C\C(=C/C(=O)O)\C=C\C=C(\C)/c1cc(cc(c1OCC(F)F)C(C)(C)C)C(C)(C)C,7.27
25,CHEMBL80271,CC(C)N1CCC(C)(C)c2ccc(cc12)C#Cc3ccc(cc3)C(=O)O,7.28
26,CHEMBL73321,C\C(=C/c1ccc2SCCC(C)(C)c2c1)\c3ccc(cc3)C(=O)O,7.35
27,CHEMBL156997,CC1(C)CC=C(c2ccc(cc2)C(F)(F)F)c3cc(ccc13)C#Cc4ccc(cc4)C(=O)O,7.36
28,CHEMBL432592,CC1(C)CCC(C)(C)c2nc(cnc12)C(=O)Nc3ccc(cc3)C(=O)O,7.4
29,CHEMBL155474,CCc1ccc(cc1)C2=CCC(C)(C)c3ccc(cc23)C#Cc4ccc(cc4)C(=O)O,7.4
30,CHEMBL111589,COc1cc2c(cc1\C(=C/C=C/C(=C/C(=O)O)/C)\C)C(C)(C)CCC2(C)C,7.4
31,CHEMBL346703,CC1(C)CC=C(c2ccc(cc2)C#N)c3cc(ccc13)C#Cc4ccc(cc4)C(=O)O,7.42
32,CHEMBL285179,C\C(=C/c1ccc2c(c1)C(C)(C)CCC2(C)C)\c3ccc(cc3)C(=O)O,7.43
33,CHEMBL165843,CC1(C)CCC(C)(C)c2cc(C\C=C\c3ccc(cc3)C(=O)O)ccc12,7.44
34,CHEMBL132033,CC1(C)CCC(C)(C)c2nc(cnc12)c3oc(cc3)c4ccc(cc4)C(=O)O,7.5
35,CHEMBL39344,C\C(=C/c1ccc(cc1)C(=O)O)\c2ccc3SCCC(C)(C)c3c2,7.57
36,CHEMBL131925,CC1(C)CCC(C)(C)c2nc(cnc12)c3occ(c3)c4ccc(cc4)C(=O)O,7.72
37,CHEMBL358145,Cc1ccc(cc1)C2=CCC(C)(C)c3ccc(cc23)C#Cc4ccc(cc4)C(=O)O,7.77
38,CHEMBL163530,Cc1ccc(s1)C2=CC(C)(C)Oc3cc4ccc(cc4cc23)c5ccc(cc5)C(=O)O,7.77
39,CHEMBL550796,C\C(=C/C1=COc2cc3c(cc2C1=O)C(C)(C)CCC3(C)C)\C=C(/C)\C(=O)O,7.82
40,CHEMBL441231,Cc1cc2c(cc1\C=C\c3ccc(cc3)C(=O)O)C(C)(C)CCC2(C)C,7.82
41,CHEMBL165417,Cc1ccc(s1)C2=CCC(C)(C)c3cc4ccc(cc4cc23)c5ccc(cc5)C(=O)O,7.82
42,CHEMBL109847,CCOc1cc2c(cc1\C(=C/C=C/C(=C/C(=O)O)/C)\C)C(C)(C)CCC2(C)C,7.85
43,CHEMBL25337,Cc1cc2c(cc1C3=NOC(C3)c4ccc(cc4)C(=O)O)C(C)(C)CCC2(C)C,7.85
44,CHEMBL162345,Cc1ccc(cc1)C2=CC(C)(C)Oc3cc4ccc(cc4cc23)c5ccc(cc5)C(=O)O,7.85
45,CHEMBL162393,Cc1ccc(cc1)C2=CCC(C)(C)c3cc4ccc(cc4cc23)c5ccc(cc5)C(=O)O,7.89
46,CHEMBL163223,Cc1ccc(s1)C2=CC(C)(C)Sc3cc4ccc(cc4cc23)c5ccc(cc5)C(=O)O,7.89
47,CHEMBL12585,CC1(C)CCC(C)(C)c2cc(\C=C\c3ccc(cc3)C(=O)O)ccc12,7.96
48,CHEMBL439780,CC1(C)CCC(C)(C)c2c(Br)c(O)c(cc12)C(=O)Nc3cc(F)c(C(=O)O)c(F)c3,8.08
49,CHEMBL106527,CC1(C)CCC(C)(C)c2cc(ccc12)C(=O)Nc3cc(F)c(C(=O)O)c(F)c3,8.16
50,CHEMBL165629,Cc1ccc(cc1)C2=CC(C)(C)Sc3cc4ccc(cc4cc23)c5ccc(cc5)C(=O)O,8.26
51,CHEMBL36768,CC1(C)CCC(C)(C)c2cc3cc(ccc3cc12)c4ccc(cc4)C(=O)O,8.28
52,CHEMBL317873,CC1(C)CCC(C)(C)c2c(Br)c(O)c(cc12)C(=O)Nc3ccc(C(=O)O)c(F)c3,8.36
53,CHEMBL109581,CCCOc1cc2c(cc1\C(=C/C=C/C(=C/C(=O)O)/C)\C)C(C)(C)CCC2(C)C,8.4
54,CHEMBL74331,C\C(=C/C(=O)O)\C=C\C1CC1\C=C\C2=CC(C)(C)CCC2(C)C,8.51
55,CHEMBL107430,CC1(C)CCC(C)(C)c2c(Cl)c(O)c(cc12)C(=O)Nc3cc(F)c(C(=O)O)c(F)c3,8.52
56,CHEMBL107054,CC1(C)CCC(C)(C)c2cc(C(=O)Nc3cc(F)c(C(=O)O)c(F)c3)c(O)cc12,8.52
57,CHEMBL131850,CC1(C)CCC(C)(C)c2nc(cnc12)c3cc(cs3)c4ccc(cc4)C(=O)O,8.62
58,CHEMBL133725,CC1(C)CCC(C)(C)c2nc(cnc12)c3ccc([nH]3)c4ccc(cc4)C(=O)O,8.66
59,CHEMBL326911,CC1(C)CCC(C)(C)c2cc(ccc12)C(=O)Nc3ccc(C(=O)O)c(F)c3,8.7
60,CHEMBL418570,CC1(C)CCC(C)(C)c2cc(ccc12)c3cccc(c3)c4ccc(cc4)C(=O)O,9.0
61,CHEMBL451835,CC1(C)CCC(C)(C)c2cc(ccc12)C#Cc3ccc(cc3)C(=O)O,9.22
62,CHEMBL134375,CC1(C)CCC(C)(C)c2cc(ccc12)c3ccc([nH]3)c4ccc(cc4)C(=O)O,9.35
0,CHEMBL111217,C\C(=C/C(=O)O)\C=C\C(=C(\C)/c1cc(cc(c1OCC(F)F)C(C)(C)C)C(C)(C)C)\F,5.08
2,CHEMBL130231,CCC(C)(C)c1cc(\C(=C(\F)/C=C/C(=C/C(=O)O)/C)\C)c(OCC(F)F)c(c1)C(C)(C)CC,5.18
6,CHEMBL131826,CCCCOc1c(cc(cc1\C(=C(\F)/C=C/C(=C/C(=O)O)/C)\C)C(C)C)C(C)C,5.43
8,CHEMBL335242,C\C(=C/C(=O)O)\C=C\C(=C(\C)/c1cc(cc(c1OCC(F)(F)F)C(C)(C)C)C(C)(C)C)\F,5.33
18,CHEMBL38,C\C(=C/C=C/C(=C/C(=O)O)/C)\C=C\C1=C(C)CCCC1(C)C,9.05
20,CHEMBL133915,CC(C)c1cc(cc(\C(=C/C=C/C(=C/C(=O)O)/C)\C)c1OCC(F)F)c2ccc(F)cc2,5.34
24,CHEMBL422088,CC(C)c1cc(cc(\C(=C/C=C/C(=C/C(=O)O)/C)\C)c1OCC(F)F)c2ccccc2F,5.17
34,CHEMBL424269,CCCCOc1c(cc(cc1\C(=C/C=C/C(=C/C(=O)O)/C)\C)C(F)(F)C(F)(F)F)C(C)C,5.56
40,CHEMBL132568,CCCOc1c(cc(cc1\C(=C/C=C/C(=C/C(=O)O)/C)\C)C(F)(F)C(F)(F)F)C(C)C,5.6
44,CHEMBL288436,Cc1cc2c(cc1C3(CC3)c4ccc(cn4)C(=O)O)C(C)(C)CCC2(C)C,5.81
46,CHEMBL130374,CC(C)c1cc(cc(\C(=C/C=C/C(=C/C(=O)O)/C)\C)c1OCC(F)F)c2cccs2,5.34
50,CHEMBL424639,CC(C)c1cc(\C(=C/C=C/C(=C/C(=O)O)/C)\C)c(OCC(F)F)c(c1)c2ccccc2,5.33
109,CHEMBL1265,COc1ccc(cc1C23CC4CC(CC(C4)C2)C3)c5ccc6cc(ccc6c5)C(=O)O,5.96
111,CHEMBL75527,CC1(C)CCC(C)(C)c2cc(ccc12)C3COc4cc(ccc4C3)C(=O)O,5.24
112,CHEMBL350485,Cc1ccc(cc1)C2=CCC(C)(C)C=C2\C=C\C#Cc3ccc(cc3)C(=O)O,6.89
115,CHEMBL75732,COc1ccc(cc1C23C[C@@H]4C[C@@H](C[C@@H](C4)C2)C3)C5=Cc6ccc(cc6OC5)C(=O)O,6.12
116,CHEMBL424190,CC(C)(C)c1ccc(cc1)C2=C(\C=C\C#Cc3ccc(cc3)C(=O)O)C(C)(C)CCC2,6.46
119,CHEMBL308170,CC(C)(C)c1cc(cc(c1O)C(C)(C)C)C2=Cc3ccc(cc3OC2)C(=O)O,5.83
123,CHEMBL349018,Cc1ccc(cc1)C2=C(\C=C\C#Cc3ccc(cc3)C(=O)O)C(C)(C)CCC2,6.83
126,CHEMBL349935,CCc1ccc(cc1)C2=C(\C=C\C#Cc3ccc(cc3)C(=O)O)C(C)(C)CCC2,6.87
129,CHEMBL75048,OC(=O)c1ccc2C=C(COc2c1)c3ccc(O)c(c3)C45C[C@@H]6C[C@@H](C[C@@H](C6)C4)C5,6.09
132,CHEMBL151870,CC1=C(\C=C\C#Cc2ccc(cc2)C(=O)O)C(C)(C)CCC1,6.36
138,CHEMBL75848,CC1(C)CCC(C)(C)c2cc(ccc12)C3=Cc4ccc(cc4OC3)C(=O)O,6.31
139,CHEMBL25361,CC1(C)CCC(C)(C)c2cc(ccc12)c3ccc4cc(ccc4c3)C(=O)O,6.24
146,CHEMBL44478,C\C(=C/C=C/C(=C/C(=O)O)/C)\C=C/C1=C(C)CCCC1(C)C,6.99
158,CHEMBL423654,CC1(C)CCC(C)(C)c2cc(ccc12)c3cccc(n3)c4ccc(cc4)C(=O)O,6.43
197,CHEMBL92926,C\C(=C/c1ccc(cn1)C(=O)O)\c2cc3c(cc2C)C(C)(C)CCC3(C)C,5.57
199,CHEMBL32505,C\C(=C/c1ccc(cc1)C(=O)O)\c2cc3c(cc2C)C(C)(C)CCC3(C)C,5.34
206,CHEMBL284167,C\C(=C/c1ccc(cc1)C(=O)O)\c2cc3c(cc2Br)C(C)(C)CCC3(C)C,6.01
250,CHEMBL146646,OC(=O)c1ccc(\C=C\c2ccc(O)c(c2)C34CC5CC(CC(C5)C3)C4)cc1,6.22
252,CHEMBL1180,OC(=O)c1ccc2cc(ccc2c1)c3ccc(O)c(c3)C45CC6CC(CC(C6)C4)C5,5.19
253,CHEMBL342051,CC1(C)CCOc2ccc(cc12)c3ccc4cc(ccc4c3)C(=O)O,5.07
255,CHEMBL74826,COc1ccc(cc1C(C)(C)C)\C(=C\c2ccc(cc2)C(=O)O)\C,6.89
256,CHEMBL348449,C\C(=C/c1ccc(cc1)C(=O)O)\c2ccc(O)c(c2)C(C)(C)C,6.08
257,CHEMBL345022,C\C(=C/c1ccc(cc1)C(=O)O)\c2ccc(O)c(c2)C3(C)CCCCC3,5.98
260,CHEMBL357917,OCCCc1ccc(cc1C23CC4CC(CC(C4)C2)C3)c5ccc6cc(ccc6c5)C(=O)O,6.16
264,CHEMBL146092,COc1ccc(cc1C(C)(C)C)c2ccc3cc(ccc3c2)C(=O)O,5.19
265,CHEMBL345298,COc1ccc(cc1C2(C)CCCCC2)c3ccc4cc(ccc4c3)C(=O)O,5.95
268,CHEMBL421773,C\C(=C/c1ccc(cc1)C(=O)O)\c2ccc(O)c(c2)C34CC5CC(CC(C5)C3)C4,5.94
270,CHEMBL356326,COc1ccc(cc1C2(C)CCCCC2)\C(=C\c3ccc(cc3)C(=O)O)\C,6.38
271,CHEMBL147545,OCC(O)COc1ccc(cc1C23CC4CC(CC(C4)C2)C3)c5ccc6cc(ccc6c5)C(=O)O,5.3
275,CHEMBL146449,COc1ccc(cc1C23CC4CC(CC(C4)C2)C3)\C(=C\c5ccc(cc5)C(=O)O)\C,6.34
306,CHEMBL80820,CC1(C)CCNc2ccc(cc12)C#Cc3ccc(cc3)C(=O)O,5.64
340,CHEMBL131810,CC1(C)CCC(C)(C)c2nc(cnc12)c3ccc(s3)c4ccc(cc4)C(=O)O,6.89
358,CHEMBL41675,CCCOc1c(cc(cc1c2cccc3cc(oc23)\C(=C\C(=O)O)\C)C(C)C)C(C)C,5.07
364,CHEMBL44420,C\C(=C/C(=O)O)\c1cc2c(cccc2s1)c3cc(cc(c3C)C(C)(C)C)C(C)(C)C,5.75
366,CHEMBL41146,C\C(=C/C(=O)O)\c1cc2c(cccc2s1)c3cc(cc(c3OCCCF)C(C)(C)C)C(C)(C)C,5.14
368,CHEMBL290761,C\C(=C/C(=O)O)\c1cc2c(cccc2s1)c3cc(cc(c3OCC(F)F)C(C)(C)C)C(C)(C)C,5.08
370,CHEMBL41742,CCCOc1c(cc(cc1c2cccc3sc(cc23)\C(=C\C(=O)O)\C)C(C)C)C(C)C,5.16
374,CHEMBL417520,CCOc1c(cc(cc1c2cccc3cc(sc23)\C(=C\C(=O)O)\C)C(C)C)C(C)C,5.22
380,CHEMBL334534,CC1(C)CCC(C)(C)c2cc3C(=Nc4ccccc4Oc3cc12)c5ccc(cc5)C(=O)O,6.01
400,CHEMBL37708,CN1c2ccccc2C(=Nc3cc4c(cc13)C(C)(C)CCC4(C)C)c5ccc(cc5)C(=O)O,5.85
401,CHEMBL298373,CN1c2cc3c(cc2N=C(c4ccc(cc4)C(=O)O)c5ccc6ccccc6c15)C(C)(C)CCC3(C)C,5.89
402,CHEMBL334428,CC1c2ccccc2N=C(c3ccc(cc3)C(=O)O)c4cc5c(cc14)C(C)(C)CCC5(C)C,5.7
409,CHEMBL134834,CC1(C)CCC(C)(C)c2cc3C(=Nc4ccccc4Cc3cc12)c5ccc(cc5)C(=O)O,5.8
413,CHEMBL337859,CC1(C)CCC(C)(C)c2cc3C(=Nc4ccccc4Sc3cc12)c5ccc(cc5)C(=O)O,6.05
414,CHEMBL120759,C\C(=C/c1ccc(cc1)C(=O)O)\c2ccc3OCC(C)(C)c3c2,5.64
417,CHEMBL125587,COC(=O)c1ccc(\C=C(/C)\c2ccc3SCCC(C)(C)c3c2)cc1,6.21
418,CHEMBL34464,COC(=O)c1ccc(\C=C(/C)\c2ccc3OCCC(C)(C)c3c2)cc1,5.96
419,CHEMBL93538,C\C(=C/c1ccc(s1)C(=O)O)\c2ccc3c(c2)C(C)(C)CCC3(C)C,6.16
422,CHEMBL34292,C\C(=C/C(=O)O)\C=C\C=C(/C)\c1ccc2SCCC(C)(C)c2c1,5.85
423,CHEMBL118754,C\C(=C/c1ccc(cc1)C(=O)O)\c2ccc3SCC(C)(C)c3c2,6.38
428,CHEMBL21518,C\C(=C/c1ccc(cc1)C(=O)O)\c2ccc3OCCC(C)(C)c3c2,5.96
436,CHEMBL93577,C\C(=C/c1ncc(s1)C(=O)O)\c2ccc3c(c2)C(C)(C)CCC3(C)C,6.68
443,CHEMBL35136,C\C(=C/C(=O)O)\C=C\C=C(/C)\c1ccc2OCCC(C)(C)c2c1,6.13
444,CHEMBL330998,C\C(=C/C(=O)O)\C=C\C=C(/C)\c1ccc2SCC(C)(C)c2c1,6.0
445,CHEMBL340495,C\C(=C/C(=O)O)\C=C\C=C(/C)\c1ccc2OCC(C)(C)c2c1,6.1
462,CHEMBL148327,CC1(C)CC=C(c2cccs2)c3cc(ccc13)C(=O)Oc4ccc(cc4)C(=O)O,6.52
465,CHEMBL147937,CC1(C)CC=C(c2cccs2)c3cc(ccc13)C#Cc4ccc(cc4)C(=O)O,6.89
466,CHEMBL80992,CC1(C)CCC(C)(C)c2cc(ccc12)[C@H](O)c3ccc4cc(ccc4c3)C(=O)O,5.13
467,CHEMBL82089,CC1(C)CCC(C)(C)c2cc(ccc12)C(O)c3ccc4cc(ccc4c3)C(=O)O,5.13
468,CHEMBL77961,CC1(C)CCC(C)(C)c2cc(ccc12)\C(=N/O)\c3ccc4cc(ccc4c3)C(=O)O,6.16
469,CHEMBL78835,COC(c1ccc2c(c1)C(C)(C)CCC2(C)C)c3ccc4cc(ccc4c3)C(=O)O,5.19
470,CHEMBL309282,CC1(C)CCC(C)(C)c2cc(ccc12)C(=O)c3ccc4cc(ccc4c3)C(=O)O,6.93
471,CHEMBL309469,CC1(C)CCC(C)(C)c2cc(ccc12)\C(=N\NS(=O)(=O)C)\c3ccc4cc(ccc4c3)C(=O)O,4.96
472,CHEMBL81273,CC1(C)CCC(C)(C)c2cc(ccc12)[C@@H](O)c3ccc4cc(ccc4c3)C(=O)O,4.78
473,CHEMBL82609,CC1(C)CCC(C)(C)c2cc(ccc12)\C(=N\N)\c3ccc4cc(ccc4c3)C(=O)O,5.66
479,CHEMBL69091,C\C(=C/C(=O)O)\C=C\C1CC1(C)c2ccc3c(c2)C(C)(C)CCC3(C)C,5.02
491,CHEMBL308377,C\C(=C/C(=O)O)\C=C\[C@H]1C[C@@]1(C)c2ccc3c(c2)C(C)(C)CCC3(C)C,5.24
497,CHEMBL153974,Cc1cccc(c1)C2=CCC(C)(C)c3ccc(cc23)C#Cc4ccc(cc4)C(=O)O,6.56
498,CHEMBL152740,CC1(C)CC=C(c2ccc(O)cc2)c3cc(ccc13)C#Cc4ccc(cc4)C(=O)O,6.64
503,CHEMBL423954,CC(C)(C)c1ccc(cc1)C2=CCC(C)(C)c3ccc(cc23)C#Cc4ccc(cc4)C(=O)O,6.75
507,CHEMBL156903,CC1(C)CC=C(c2ccccc2)c3cc(ccc13)C#Cc4ccc(cc4)C(=O)O,6.83
508,CHEMBL156940,Cc1ccccc1C2=CCC(C)(C)c3ccc(cc23)C#Cc4ccc(cc4)C(=O)O,6.99
518,CHEMBL155325,Cc1cc(C)cc(c1)C2=CCC(C)(C)c3ccc(cc23)C#Cc4ccc(cc4)C(=O)O,5.98
519,CHEMBL346429,CC1(C)CC=C(c2cccc(O)c2)c3cc(ccc13)C#Cc4ccc(cc4)C(=O)O,6.04
558,CHEMBL89581,C\C(=C/C(=O)O)\C=C\CC1(CC1)c2cc(cc(c2)C(C)(C)C)C(C)(C)C,6.14
574,CHEMBL419166,CC1(C)CCC(C)(C)c2cc(C(=O)c3ccc(cc3)C(=O)O)c(F)cc12,5.54
592,CHEMBL139536,COC(=O)c1ccc(cc1)C(=O)Nc2ccc3SC(C)(C)CC(C)(C)c3c2,6.65
750,CHEMBL422607,CCOC(=O)c1ccc(OC(=O)c2ccc3N(C)CCC(C)(C)c3c2)cc1,5.95
756,CHEMBL331642,CCOC(=O)c1ccc(OC(=O)c2cc3c(cc2C)N(C)CCC3(C)C)cc1,6.1
772,CHEMBL120210,CCOC(=O)c1ccc(OC(=O)c2ccc3N(CCC(C)(C)c3c2)C(C)C)cc1,6.66
851,CHEMBL57765,C\C(=C/C=C/C(=C/C(=O)O)/C)\C=C\C1=C(C)C(CCC1(C)C)n2ccnc2,4.7
853,CHEMBL387639,C\C(=C\C(=O)O)\C=C\C=C(/C)\C=C\C1=C(C)C(CCC1(C)C)n2ccnc2,4.0
854,CHEMBL388283,C\C(=C/C=C/C(=C/C(=O)n1cncn1)/C)\C=C\C2=C(C)CCCC2(C)C,4.7
912,CHEMBL468623,CC1(C)CCC(C)(C)c2cc(ccc12)C(=O)Nc3ccc(cc3)C4=NOC(=O)N4,6.28
913,CHEMBL1657,CCOC(=O)c1ccc(nc1)C#Cc2ccc3SCCC(C)(C)c3c2,7.2
1055,CHEMBL3114297,Cc1cc(O)c(cc1c2ncc(s2)c3ccc(cc3)C(=O)O)C45CC6CC(CC(C6)C4)C5,5.89
1106,CHEMBL373364,OC(=O)c1ccc(NC(=O)c2cc(OCc3ccccc3F)cc(OCc4ccccc4F)c2)nc1,7.96
1107,CHEMBL381434,CC(C)COc1cc(OC(C)C)cc(c1)C(=O)Nc2ccc(cn2)C(=O)O,8.0
1108,CHEMBL205627,COC[C@H](C)Oc1cc(O[C@@H](C)Cc2ccccc2)cc(c1)C(=O)Nc3ccc(cn3)C(=O)O,6.33
