,molecule_chembl_id,canonical_smiles,pchembl_value
0,alitretinoin,C\C(\C=C\C1=C(C)CCCC1(C)C)=C\C=C\C(\C)=C\C(O)=O,7.13
1,tretinoin,C\C(=C/C=C/C(=C/C(=O)O)/C)\C=C\C1=C(C)CCCC1(C)C,6.7
2,tazarotene,CCOC(=O)C1=CN=C(C=C1)C#CC1=CC=C2SCCC(C)(C)C2=C1,7.4
3,adapalene,COC1=CC=C(C=C1C12CC3CC(CC(C3)C1)C2)C1=CC=C2C=C(C=CC2=C1)C(O)=O,6.89
4,acitretin,COC1=C(C)C(C)=C(\C=C\C(\C)=C\C=C\C(\C)=C\C(O)=O)C(C)=C1,
5,CHEMBL89253,CC1(C)CCC(C)(C)c2cc(ccc12)c3ccccc3c4ccc(cc4)C(=O)O,7.0
6,CHEMBL152740,CC1(C)CC=C(c2ccc(O)cc2)c3cc(ccc13)C#Cc4ccc(cc4)C(=O)O,7.01
7,CHEMBL82609,CC1(C)CCC(C)(C)c2cc(ccc12)\C(=N\N)\c3ccc4cc(ccc4c3)C(=O)O,7.02
8,CHEMBL146449,COc1ccc(cc1C23CC4CC(CC(C4)C2)C3)\C(=C\c5ccc(cc5)C(=O)O)\C,7.02
9,CHEMBL423954,CC(C)(C)c1ccc(cc1)C2=CCC(C)(C)c3ccc(cc23)C#Cc4ccc(cc4)C(=O)O,7.03
10,CHEMBL468608,CC1(C)CCC(C)(C)c2cc(ccc12)C#Cc3ccc(cc3)C4=NOC(=O)N4,7.04
11,CHEMBL284167,C\C(=C/c1ccc(cc1)C(=O)O)\c2cc3c(cc2Br)C(C)(C)CCC3(C)C,7.04
12,CHEMBL348449,C\C(=C/c1ccc(cc1)C(=O)O)\c2ccc(O)c(c2)C(C)(C)C,7.07
13,CHEMBL125587,COC(=O)c1ccc(\C=C(/C)\c2ccc3SCCC(C)(C)c3c2)cc1,7.08
14,CHEMBL157272,CC1(C)CC=C(c2ccc(F)cc2)c3cc(ccc13)C#Cc4ccc(cc4)C(=O)O,7.09
15,CHEMBL36464,C\C(=C/c1ccc(cc1)C(=O)O)\c2cc3c(cc2Cl)C(C)(C)CCC3(C)C,7.11
16,CHEMBL1180,OC(=O)c1ccc2cc(ccc2c1)c3ccc(O)c(c3)C45CC6CC(CC(C6)C4)C5,7.11
17,CHEMBL81273,CC1(C)CCC(C)(C)c2cc(ccc12)[C@@H](O)c3ccc4cc(ccc4c3)C(=O)O,7.13
18,CHEMBL311269,CC(C)N1CCC(C)(C)c2cc(ccc12)C#Cc3ccc(cc3)C(=O)O,7.14
19,CHEMBL357917,OCCCc1ccc(cc1C23CC4CC(CC(C4)C2)C3)c5ccc6cc(ccc6c5)C(=O)O,7.14
20,CHEMBL84681,C\C(=C\c1ccc(cc1)C(=O)O)\c2ccc3C4CCC(C4)c3c2,7.16
21,CHEMBL25361,CC1(C)CCC(C)(C)c2cc(ccc12)c3ccc4cc(ccc4c3)C(=O)O,7.17
22,CHEMBL153974,Cc1cccc(c1)C2=CCC(C)(C)c3ccc(cc23)C#Cc4ccc(cc4)C(=O)O,7.17
23,CHEMBL82089,CC1(C)CCC(C)(C)c2cc(ccc12)C(O)c3ccc4cc(ccc4c3)C(=O)O,7.19
24,CHEMBL156997,CC1(C)CC=C(c2ccc(cc2)C(F)(F)F)c3cc(ccc13)C#Cc4ccc(cc4)C(=O)O,7.24
25,CHEMBL75741,CC1(C)CCNc2cc(ccc12)C#Cc3ccc(cc3)C(=O)O,7.27
26,CHEMBL80271,CC(C)N1CCC(C)(C)c2ccc(cc12)C#Cc3ccc(cc3)C(=O)O,7.28
27,CHEMBL421773,C\C(=C/c1ccc(cc1)C(=O)O)\c2ccc(O)c(c2)C34CC5CC(CC(C5)C3)C4,7.28
28,CHEMBL346703,CC1(C)CC=C(c2ccc(cc2)C#N)c3cc(ccc13)C#Cc4ccc(cc4)C(=O)O,7.29
29,CHEMBL73321,C\C(=C/c1ccc2SCCC(C)(C)c2c1)\c3ccc(cc3)C(=O)O,7.33
30,CHEMBL156903,CC1(C)CC=C(c2ccccc2)c3cc(ccc13)C#Cc4ccc(cc4)C(=O)O,7.38
31,CHEMBL550796,C\C(=C/C1=COc2cc3c(cc2C1=O)C(C)(C)CCC3(C)C)\C=C(/C)\C(=O)O,7.4
32,CHEMBL35136,C\C(=C/C(=O)O)\C=C\C=C(/C)\c1ccc2OCCC(C)(C)c2c1,7.41
33,CHEMBL91718,C\C(=C/c1ccc(s1)C(=O)O)\c2cc3c(cc2C)C(C)(C)CCC3(C)C,7.43
34,CHEMBL349935,CCc1ccc(cc1)C2=C(\C=C\C#Cc3ccc(cc3)C(=O)O)C(C)(C)CCC2,7.44
35,CHEMBL346202,COc1ccc(cc1)C2=CCC(C)(C)c3ccc(cc23)C#Cc4ccc(cc4)C(=O)O,7.44
36,CHEMBL284264,C\C(=C/c1ccc(cc1)C(=O)O)\C=C\C2=C(C)CCCC2(C)C,7.46
37,CHEMBL156940,Cc1ccccc1C2=CCC(C)(C)c3ccc(cc23)C#Cc4ccc(cc4)C(=O)O,7.46
38,CHEMBL146636,OCC(O)Cc1ccc(cc1C23CC4CC(CC(C4)C2)C3)c5ccc6cc(ccc6c5)C(=O)O,7.47
39,CHEMBL163530,Cc1ccc(s1)C2=CC(C)(C)Oc3cc4ccc(cc4cc23)c5ccc(cc5)C(=O)O,7.48
40,CHEMBL74331,C\C(=C/C(=O)O)\C=C\C1CC1\C=C\C2=CC(C)(C)CCC2(C)C,7.5
41,CHEMBL118754,C\C(=C/c1ccc(cc1)C(=O)O)\c2ccc3SCC(C)(C)c3c2,7.52
42,CHEMBL39344,C\C(=C/c1ccc(cc1)C(=O)O)\c2ccc3SCCC(C)(C)c3c2,7.52
43,CHEMBL356326,COc1ccc(cc1C2(C)CCCCC2)\C(=C\c3ccc(cc3)C(=O)O)\C,7.54
44,CHEMBL157160,CC1(C)CC=C(c2ccc(Cl)cc2)c3cc(ccc13)C#Cc4ccc(cc4)C(=O)O,7.57
45,CHEMBL131925,CC1(C)CCC(C)(C)c2nc(cnc12)c3occ(c3)c4ccc(cc4)C(=O)O,7.57
46,CHEMBL345022,C\C(=C/c1ccc(cc1)C(=O)O)\c2ccc(O)c(c2)C3(C)CCCCC3,7.57
47,CHEMBL165843,CC1(C)CCC(C)(C)c2cc(C\C=C\c3ccc(cc3)C(=O)O)ccc12,7.59
48,CHEMBL275311,C\C(=C/c1ccc(cc1)C(=O)O)\c2ccc3c(c2)C(C)(C)CCC3(C)C,7.59
49,CHEMBL86663,C\C(=C\c1ccc(cc1)C(=O)O)\c2ccc3c(c2)C(C)(C)CCC3(C)C,7.59
50,CHEMBL69367,CC1(C)CCC(C)(C)c2cc(ccc12)C(=O)Nc3ccc(cc3)C(=O)O,7.6
51,CHEMBL89331,C\C(=C/C(=O)O)\C=C\CC1(CC1)c2ccc3c(c2)C(C)(C)CCC3(C)C,7.62
52,CHEMBL430616,CC(C)N1C(=O)CC(C)(C)c2ccc(cc12)C#Cc3ccc(cc3)C(=O)O,7.64
53,CHEMBL284937,CCc1cc2c(cc1\C(=C\c3ccc(cc3)C(=O)O)\C)C(C)(C)CCC2(C)C,7.64
54,CHEMBL134375,CC1(C)CCC(C)(C)c2cc(ccc12)c3ccc([nH]3)c4ccc(cc4)C(=O)O,7.68
55,CHEMBL349018,Cc1ccc(cc1)C2=C(\C=C\C#Cc3ccc(cc3)C(=O)O)C(C)(C)CCC2,7.68
56,CHEMBL146646,OC(=O)c1ccc(\C=C\c2ccc(O)c(c2)C34CC5CC(CC(C5)C3)C4)cc1,7.7
57,CHEMBL75848,CC1(C)CCC(C)(C)c2cc(ccc12)C3=Cc4ccc(cc4OC3)C(=O)O,7.72
58,CHEMBL155474,CCc1ccc(cc1)C2=CCC(C)(C)c3ccc(cc23)C#Cc4ccc(cc4)C(=O)O,7.72
59,CHEMBL285179,C\C(=C/c1ccc2c(c1)C(C)(C)CCC2(C)C)\c3ccc(cc3)C(=O)O,7.72
60,CHEMBL163223,Cc1ccc(s1)C2=CC(C)(C)Sc3cc4ccc(cc4cc23)c5ccc(cc5)C(=O)O,7.75
61,CHEMBL76313,CC(C)N1C(=O)CC(C)(C)c2cc(ccc12)C#Cc3ccc(cc3)C(=O)O,7.77
62,CHEMBL131810,CC1(C)CCC(C)(C)c2nc(cnc12)c3ccc(s3)c4ccc(cc4)C(=O)O,7.77
63,CHEMBL111589,COc1cc2c(cc1\C(=C/C=C/C(=C/C(=O)O)/C)\C)C(C)(C)CCC2(C)C,7.77
64,CHEMBL162345,Cc1ccc(cc1)C2=CC(C)(C)Oc3cc4ccc(cc4cc23)c5ccc(cc5)C(=O)O,7.85
65,CHEMBL74826,COc1ccc(cc1C(C)(C)C)\C(=C\c2ccc(cc2)C(=O)O)\C,7.89
66,CHEMBL34292,C\C(=C/C(=O)O)\C=C\C=C(/C)\c1ccc2SCCC(C)(C)c2c1,7.92
67,CHEMBL165417,Cc1ccc(s1)C2=CCC(C)(C)c3cc4ccc(cc4cc23)c5ccc(cc5)C(=O)O,7.96
68,CHEMBL457775,CC(C)(C)c1ccc(cc1)C#Cc2ccc(cc2)C(=O)O,8.0
69,CHEMBL151870,CC1=C(\C=C\C#Cc2ccc(cc2)C(=O)O)C(C)(C)CCC1,8.0
70,CHEMBL330998,C\C(=C/C(=O)O)\C=C\C=C(/C)\c1ccc2SCC(C)(C)c2c1,8.1
71,CHEMBL78587,CC1(C)CCC(C)(C)c2cc(ccc12)C(=C(F)F)c3ccc4cc(ccc4c3)C(=O)O,8.13
72,CHEMBL162393,Cc1ccc(cc1)C2=CCC(C)(C)c3cc4ccc(cc4cc23)c5ccc(cc5)C(=O)O,8.16
73,CHEMBL358145,Cc1ccc(cc1)C2=CCC(C)(C)c3ccc(cc23)C#Cc4ccc(cc4)C(=O)O,8.16
74,CHEMBL44478,C\C(=C/C=C/C(=C/C(=O)O)/C)\C=C/C1=C(C)CCCC1(C)C,8.22
75,CHEMBL424190,CC(C)(C)c1ccc(cc1)C2=C(\C=C\C#Cc3ccc(cc3)C(=O)O)C(C)(C)CCC2,8.3
76,CHEMBL165629,Cc1ccc(cc1)C2=CC(C)(C)Sc3cc4ccc(cc4cc23)c5ccc(cc5)C(=O)O,8.3
77,CHEMBL132033,CC1(C)CCC(C)(C)c2nc(cnc12)c3oc(cc3)c4ccc(cc4)C(=O)O,8.34
78,CHEMBL350485,Cc1ccc(cc1)C2=CCC(C)(C)C=C2\C=C\C#Cc3ccc(cc3)C(=O)O,8.4
79,CHEMBL336311,CC1(C)CCC(C)(C)c2nc(cnc12)c3csc(n3)c4ccc(cc4)C(=O)O,8.44
80,CHEMBL77961,CC1(C)CCC(C)(C)c2cc(ccc12)\C(=N/O)\c3ccc4cc(ccc4c3)C(=O)O,8.48
81,CHEMBL309282,CC1(C)CCC(C)(C)c2cc(ccc12)C(=O)c3ccc4cc(ccc4c3)C(=O)O,8.52
82,CHEMBL418570,CC1(C)CCC(C)(C)c2cc(ccc12)c3cccc(c3)c4ccc(cc4)C(=O)O,8.64
83,CHEMBL36768,CC1(C)CCC(C)(C)c2cc3cc(ccc3cc12)c4ccc(cc4)C(=O)O,8.7
84,CHEMBL131850,CC1(C)CCC(C)(C)c2nc(cnc12)c3cc(cs3)c4ccc(cc4)C(=O)O,8.7
85,CHEMBL89241,C\C(=C/C(=O)O)\C=C\C=C(/C)\c1cc(cc(c1)C(C)(C)C)C(C)(C)C,8.72
86,CHEMBL441231,Cc1cc2c(cc1\C=C\c3ccc(cc3)C(=O)O)C(C)(C)CCC2(C)C,8.85
87,CHEMBL82716,CC1(C)CCC(C)(C)c2cc(ccc12)C(=C)c3ccc4cc(ccc4c3)C(=O)O,8.89
88,CHEMBL25088,Cc1ccc(cc1c2cc3c(cc2C)C(C)(C)CCC3(C)C)c4ccc(cc4)C(=O)O,9.0
89,CHEMBL451835,CC1(C)CCC(C)(C)c2cc(ccc12)C#Cc3ccc(cc3)C(=O)O,9.22
90,CHEMBL12585,CC1(C)CCC(C)(C)c2cc(\C=C\c3ccc(cc3)C(=O)O)ccc12,9.4
10,CHEMBL38,C\C(=C/C=C/C(=C/C(=O)O)/C)\C=C\C1=C(C)CCCC1(C)C,9.21
15,CHEMBL422088,CC(C)c1cc(cc(\C(=C/C=C/C(=C/C(=O)O)/C)\C)c1OCC(F)F)c2ccccc2F,5.06
30,CHEMBL288436,Cc1cc2c(cc1C3(CC3)c4ccc(cn4)C(=O)O)C(C)(C)CCC2(C)C,5.0
100,CHEMBL1265,COc1ccc(cc1C23CC4CC(CC(C4)C2)C3)c5ccc6cc(ccc6c5)C(=O)O,6.89
102,CHEMBL75527,CC1(C)CCC(C)(C)c2cc(ccc12)C3COc4cc(ccc4C3)C(=O)O,5.99
106,CHEMBL75732,COc1ccc(cc1C23C[C@@H]4C[C@@H](C[C@@H](C4)C2)C3)C5=Cc6ccc(cc6OC5)C(=O)O,6.76
110,CHEMBL308170,CC(C)(C)c1cc(cc(c1O)C(C)(C)C)C2=Cc3ccc(cc3OC2)C(=O)O,6.28
111,CHEMBL74218,CC(C)(C)c1cc(ccc1O)c2ccc3cc(ccc3c2)C(=O)O,6.7
120,CHEMBL75048,OC(=O)c1ccc2C=C(COc2c1)c3ccc(O)c(c3)C45C[C@@H]6C[C@@H](C[C@@H](C6)C4)C5,6.83
158,CHEMBL25038,Cc1cc2c(cc1c3ncc(s3)c4ccc(cc4)C(=O)O)C(C)(C)CCC2(C)C,6.66
163,CHEMBL428708,Cc1cc2c(cc1c3cccc(n3)c4ccc(cc4)C(=O)O)C(C)(C)CCC2(C)C,6.0
186,CHEMBL92926,C\C(=C/c1ccc(cn1)C(=O)O)\c2cc3c(cc2C)C(C)(C)CCC3(C)C,6.43
188,CHEMBL32505,C\C(=C/c1ccc(cc1)C(=O)O)\c2cc3c(cc2C)C(C)(C)CCC3(C)C,6.82
209,CHEMBL92050,CCOc1c(cc(cc1C(C)(C)C)C(C)(C)C)\C(=C/C=C/C(=C/C(=O)O)/C)\C,5.07
245,CHEMBL109847,CCOc1cc2c(cc1\C(=C/C=C/C(=C/C(=O)O)/C)\C)C(C)(C)CCC2(C)C,5.38
251,CHEMBL342051,CC1(C)CCOc2ccc(cc12)c3ccc4cc(ccc4c3)C(=O)O,6.07
252,CHEMBL148231,CC1(CCCCC1)c2cc(ccc2O)c3ccc4cc(ccc4c3)C(=O)O,6.92
259,CHEMBL422490,OCc1ccc(cc1C23CC4CC(CC(C4)C2)C3)c5ccc6cc(ccc6c5)C(=O)O,6.41
260,CHEMBL357603,OCC(O)c1ccc(cc1C23CC4CC(CC(C4)C2)C3)c5ccc6cc(ccc6c5)C(=O)O,6.82
262,CHEMBL146092,COc1ccc(cc1C(C)(C)C)c2ccc3cc(ccc3c2)C(=O)O,6.37
263,CHEMBL345298,COc1ccc(cc1C2(C)CCCCC2)c3ccc4cc(ccc4c3)C(=O)O,6.8
269,CHEMBL147545,OCC(O)COc1ccc(cc1C23CC4CC(CC(C4)C2)C3)c5ccc6cc(ccc6c5)C(=O)O,6.82
270,CHEMBL109581,CCCOc1cc2c(cc1\C(=C/C=C/C(=C/C(=O)O)/C)\C)C(C)(C)CCC2(C)C,5.22
288,CHEMBL308967,CCCCCCCN1CCC(C)(C)c2cc(ccc12)C#Cc3ccc(cc3)C(=O)O,6.59
294,CHEMBL306999,CC1(C)CC(=O)Nc2cc(ccc12)C#Cc3ccc(cc3)C(=O)O,6.7
300,CHEMBL80820,CC1(C)CCNc2ccc(cc12)C#Cc3ccc(cc3)C(=O)O,6.89
304,CHEMBL133725,CC1(C)CCC(C)(C)c2nc(cnc12)c3ccc([nH]3)c4ccc(cc4)C(=O)O,6.51
330,CHEMBL337003,CC1(C)CCC(C)(C)c2nc(cnc12)c3cc(c[nH]3)c4ccc(cc4)C(=O)O,6.82
359,CHEMBL298373,CN1c2cc3c(cc2N=C(c4ccc(cc4)C(=O)O)c5ccc6ccccc6c15)C(C)(C)CCC3(C)C,6.31
370,CHEMBL120759,C\C(=C/c1ccc(cc1)C(=O)O)\c2ccc3OCC(C)(C)c3c2,6.34
374,CHEMBL34464,COC(=O)c1ccc(\C=C(/C)\c2ccc3OCCC(C)(C)c3c2)cc1,6.48
375,CHEMBL93538,C\C(=C/c1ccc(s1)C(=O)O)\c2ccc3c(c2)C(C)(C)CCC3(C)C,7.82
377,CHEMBL37672,COC(=O)c1ccc(\C=C(/C)\c2ccc3OCC(C)(C)c3c2)cc1,6.4
380,CHEMBL328481,C\C(=C/c1ncc(s1)C(=O)O)\c2cc3c(cc2C)C(C)(C)CCC3(C)C,6.7
384,CHEMBL21518,C\C(=C/c1ccc(cc1)C(=O)O)\c2ccc3OCCC(C)(C)c3c2,6.7
392,CHEMBL93577,C\C(=C/c1ncc(s1)C(=O)O)\c2ccc3c(c2)C(C)(C)CCC3(C)C,7.47
401,CHEMBL340495,C\C(=C/C(=O)O)\C=C\C=C(/C)\c1ccc2OCC(C)(C)c2c1,6.64
418,CHEMBL148327,CC1(C)CC=C(c2cccs2)c3cc(ccc13)C(=O)Oc4ccc(cc4)C(=O)O,5.83
421,CHEMBL147937,CC1(C)CC=C(c2cccs2)c3cc(ccc13)C#Cc4ccc(cc4)C(=O)O,6.98
422,CHEMBL80992,CC1(C)CCC(C)(C)c2cc(ccc12)[C@H](O)c3ccc4cc(ccc4c3)C(=O)O,6.09
425,CHEMBL78835,COC(c1ccc2c(c1)C(C)(C)CCC2(C)C)c3ccc4cc(ccc4c3)C(=O)O,6.4
427,CHEMBL309469,CC1(C)CCC(C)(C)c2cc(ccc12)\C(=N\NS(=O)(=O)C)\c3ccc4cc(ccc4c3)C(=O)O,5.36
430,CHEMBL66228,C\C(=C/C=C/C(=C/C(=O)NC1OC(CO)C(O)C(O)C1O)/C)\C=C\C2=C(C)CCCC2(C)C,6.15
432,CHEMBL305760,C\C(=C/C=C/C(=C/C(=O)NC1OC(C(O)C(O)C1O)C(=O)O)/C)\C=C\C2=C(C)CCCC2(C)C,6.55
441,CHEMBL69091,C\C(=C/C(=O)O)\C=C\C1CC1(C)c2ccc3c(c2)C(C)(C)CCC3(C)C,4.8
462,CHEMBL155421,CC(C)c1ccc(cc1)C2=CCC(C)(C)c3ccc(cc23)C#Cc4ccc(cc4)C(=O)O,6.77
476,CHEMBL155325,Cc1cc(C)cc(c1)C2=CCC(C)(C)c3ccc(cc23)C#Cc4ccc(cc4)C(=O)O,6.39
477,CHEMBL346429,CC1(C)CC=C(c2cccc(O)c2)c3cc(ccc13)C#Cc4ccc(cc4)C(=O)O,6.6
482,CHEMBL119781,CC1(C)CCC(C)(C)c2cc(Sc3ccc(cc3)C(=O)O)ccc12,6.47
497,CHEMBL107054,CC1(C)CCC(C)(C)c2cc(C(=O)Nc3cc(F)c(C(=O)O)c(F)c3)c(O)cc12,5.25
500,CHEMBL106527,CC1(C)CCC(C)(C)c2cc(ccc12)C(=O)Nc3cc(F)c(C(=O)O)c(F)c3,5.25
502,CHEMBL326911,CC1(C)CCC(C)(C)c2cc(ccc12)C(=O)Nc3ccc(C(=O)O)c(F)c3,6.0
508,CHEMBL843,CN(CCOc1ccc(CC2SC(=O)NC2=O)cc1)c3ccccn3.OC(=O)\C=C/C(=O)O,5.0
509,CHEMBL90824,COc1c(cc(cc1\C(=C/C=C/C(=C/C(=O)O)/C)\C)C(C)C)C(C)C,5.0
513,CHEMBL414218,CCCCOc1c(cc(cc1\C(=C/C=C/C(=C/C(=O)O)/C)\C)C(C)C)C(C)C,5.0
514,CHEMBL91779,CCCOc1c(cc(cc1\C(=C/C=C/C(=C/C(=O)O)/C)\C)C(C)C)C(C)C,5.0
517,CHEMBL90254,CCCOc1c(cc(cc1C(C)(C)CC)C(C)(C)CC)\C(=C/C=C/C(=C/C(=O)O)/C)\C,5.0
519,CHEMBL92430,CC(C)c1cc(C(C)C)c(OCCF)c(c1)\C(=C/C=C/C(=C/C(=O)O)/C)\C,5.0
520,CHEMBL329334,COc1c(cc(cc1C(C)(C)C)C(C)(C)C)\C(=C/C=C/C(=C/C(=O)O)/C)\C,5.0
521,CHEMBL91185,CCC(C)(C)c1cc(\C(=C/C=C/C(=C/C(=O)O)/C)\C)c(OC)c(c1)C(C)(C)CC,5.0
522,CHEMBL313647,CCC(C)(C)c1cc(\C(=C/C=C/C(=C/C(=O)O)/C)\C)c(OCC(F)F)c(c1)C(C)(C)CC,5.0
524,CHEMBL88931,CC(C)c1cc(C(C)C)c(OCC(F)F)c(c1)\C(=C/C=C/C(=C/C(=O)O)/C)\C,5.0
526,CHEMBL88740,CCOc1c(cc(cc1\C(=C/C=C/C(=C/C(=O)O)/C)\C)C(C)C)C(C)C,5.0
528,CHEMBL315986,CCOc1c(cc(cc1C(C)(C)CC)C(C)(C)CC)\C(=C/C=C/C(=C/C(=O)O)/C)\C,5.6
533,CHEMBL423503,CC(C)c1cc(C(C)C)c(OCC(F)(F)F)c(c1)\C(=C/C=C/C(=C/C(=O)O)/C)\C,5.73
536,CHEMBL92487,C\C(=C/C(=O)O)\C=C\C=C(\C)/c1cc(cc(c1OCC(F)(F)F)C(C)(C)C)C(C)(C)C,5.4
538,CHEMBL420249,CCCOc1c(cc(cc1C(C)(C)C)C(C)(C)C)\C(=C/C=C/C(=C/C(=O)O)/C)\C,5.0
547,CHEMBL89581,C\C(=C/C(=O)O)\C=C\CC1(CC1)c2cc(cc(c2)C(C)(C)C)C(C)(C)C,6.41
553,CHEMBL92284,C\C(=C/C(=O)O)\C=C\C1(CC1)c2cc3c(cc2C)C(C)(C)CCC3(C)C,6.84
563,CHEMBL419166,CC1(C)CCC(C)(C)c2cc(C(=O)c3ccc(cc3)C(=O)O)c(F)cc12,5.99
573,CHEMBL92394,C\C(=C/C(=O)O)\C=C\C1(CCCC1)c2cc3c(cc2C)C(C)(C)CCC3(C)C,5.75
576,CHEMBL93518,C\C(=C/C(=O)O)\C=C\C1(CC1)c2ccc3c(c2)C(C)(C)CCC3(C)C,6.4
581,CHEMBL139536,COC(=O)c1ccc(cc1)C(=O)Nc2ccc3SC(C)(C)CC(C)(C)c3c2,6.82
588,CHEMBL101609,CC1(C)CCC(C)(C)c2cc(C(=C)c3ccc(cc3)C(=O)O)c(Cl)cc12,5.84
604,CHEMBL330593,CC1(C)CCC(C)(C)c2cc(C(=C)c3ccc(cc3)C(=O)O)c(F)cc12,6.4
739,CHEMBL312233,C\C(=C/C(=O)O)\C=C\[C@H]1CC(=C)C[C@@H]1c2ccc3c(c2)C(C)(C)CCC3(C)C,6.45
745,CHEMBL79234,C\C(=C/C(=O)O)\C=C\C1=C(CCC1)c2ccc3c(c2)C(C)(C)CCC3(C)C,5.94
748,CHEMBL310047,C\C(=C/C(=O)O)\C=C\[C@]12CCC[C@]1(C2)c3ccc4c(c3)C(C)(C)CCC4(C)C,6.68
751,CHEMBL80236,C\C(=C/C(=O)O)\C=C\[C@H]1CCC[C@@H]1c2ccc3c(c2)C(C)(C)CCC3(C)C,5.89
754,CHEMBL312395,C\C(=C/C(=O)O)\C=C\[C@@]1(C)CCC[C@@H]1c2ccc3c(c2)C(C)(C)CCC3(C)C,5.75
839,CHEMBL1657,CCOC(=O)c1ccc(nc1)C#Cc2ccc3SCCC(C)(C)c3c2,7.4
919,CHEMBL373364,OC(=O)c1ccc(NC(=O)c2cc(OCc3ccccc3F)cc(OCc4ccccc4F)c2)nc1,5.92
920,CHEMBL381434,CC(C)COc1cc(OC(C)C)cc(c1)C(=O)Nc2ccc(cn2)C(=O)O,4.66
922,CHEMBL1778373,COC[C@H](C)Oc1cc(Oc2cc(F)cc(F)c2)cc(c1)C(=O)Nc3ccc(cn3)C(=O)O,4.72
