,molecule_chembl_id,canonical_smiles,pchembl_value
0,CHEMBL3105681,CCS(=O)(=O)c1ccc(CC(=O)Nc2nc(c3cccc(Cl)c3)c(s2)C(=O)c4ccccc4Cl)cc1,7.1
1,tretinoin,C\C(=C/C=C/C(=C/C(=O)O)/C)\C=C\C1=C(C)CCCC1(C)C,9.82
0,CHEMBL2326845,CCN(c1ccc(cc1)C(O)(C(F)(F)F)C(F)(F)F)S(=O)(=O)c2ccccc2,5.4
1,CHEMBL3094369,OC(c1ccc(cc1)N(CC(F)(F)F)S(=O)(=O)c2ccc(F)cc2)(C(F)(F)F)C(F)(F)F,5.22
2,CHEMBL3094367,OC(c1ccc(cc1)N(CC(F)(F)F)S(=O)(=O)c2ccc(cc2)C#N)(C(F)(F)F)C(F)(F)F,5.3
3,CHEMBL62136,OC(c1ccc(cc1)N(CC(F)(F)F)S(=O)(=O)c2ccccc2)(C(F)(F)F)C(F)(F)F,5.22
52,CHEMBL38,C\C(=C/C=C/C(=C/C(=O)O)/C)\C=C\C1=C(C)CCCC1(C)C,6.55
55,CHEMBL3263695,CC(C)CN(Cc1ccc(s1)c2cccc(c2)S(=O)(=O)C)S(=O)(=O)Cc3ccccc3,5.3
56,CHEMBL3263696,CC(C)CN(Cc1ccc(s1)c2ccc(cc2)S(=O)(=O)C)S(=O)(=O)Cc3ccccc3,5.66
57,CHEMBL3263710,CC(C)CN(Cc1ccc(cc1)c2ccc(cc2)S(=O)(=O)C)S(=O)(=O)Cc3ccccc3,5.6
58,CHEMBL3263714,CC(C)CN(Cc1ccc(cc1)c2ccc(NS(=O)(=O)C)cc2)S(=O)(=O)Cc3ccccc3,5.43
60,CHEMBL3260000,CCCCN1C(=O)c2ccc(Cl)cc2c3cc(ccc13)C(O)(C(F)(F)F)C(F)(F)F,5.31
61,CHEMBL1091940,CCCCCCN1C(=O)c2ccccc2c3cc(ccc13)C(O)(C(F)(F)F)C(F)(F)F,5.27
62,CHEMBL3260002,CCCCN1C(=O)c2ccc(O)cc2c3cc(ccc13)C(O)(C(F)(F)F)C(F)(F)F,5.26
63,CHEMBL3260001,CCCCN1C(=O)c2ccc(cc2c3cc(ccc13)C(O)(C(F)(F)F)C(F)(F)F)C(F)(F)F,5.25
64,CHEMBL1091939,CCCCN1C(=O)c2ccccc2c3cc(ccc13)C(O)(C(F)(F)F)C(F)(F)F,5.19
65,CHEMBL3259999,CCCCN1C(=O)c2ccc(C)cc2c3cc(ccc13)C(O)(C(F)(F)F)C(F)(F)F,5.15
66,CHEMBL1765175,CCCCN1C(=O)c2cccc(OC)c2c3cc(ccc13)C(O)(C(F)(F)F)C(F)(F)F,5.13
67,CHEMBL1765174,CCCCN1C(=O)c2ccc(OC)cc2c3cc(ccc13)C(O)(C(F)(F)F)C(F)(F)F,5.11
68,CHEMBL1092222,CCCCN1C(=O)c2ccccc2c3cc(CC)ccc13,5.1
69,CHEMBL3259996,CCCN1C(=O)c2ccccc2c3cc(ccc13)C(O)(C(F)(F)F)C(F)(F)F,5.09
70,CHEMBL1090463,OC(c1ccc2N(CC3CCCCC3)C(=O)c4ccccc4c2c1)(C(F)(F)F)C(F)(F)F,5.06
71,CHEMBL3259995,CC(C)N1C(=O)c2ccccc2c3cc(ccc13)C(O)(C(F)(F)F)C(F)(F)F,5.01
72,CHEMBL1093518,OC(c1ccc2N(CC(F)(F)F)C(=O)c3ccccc3c2c1)(C(F)(F)F)C(F)(F)F,5.0
73,CHEMBL1765167,CCCCN1C(=O)c2ccccc2c3cc(c(OC)cc13)C(O)(C(F)(F)F)C(F)(F)F,4.96
74,CHEMBL3259997,CCCCCCc1ccc2N(CCCC)C(=O)c3ccccc3c2c1,4.95
75,CHEMBL3259993,OC(c1ccc2N(CC3CC3)C(=O)c4ccccc4c2c1)(C(F)(F)F)C(F)(F)F,4.93
76,CHEMBL1089421,CCCCN1C(=O)c2ccccc2c3cc(ccc13)C(C)(C)C,4.89
77,CHEMBL1093016,CCCCN1C(=O)c2ccccc2c3ccccc13,4.87
78,CHEMBL1088839,CCCCN1C(=O)c2ccccc2c3cc(ccc13)C(C)C,4.77
79,CHEMBL1093312,CCCCN1C(=O)c2ccccc2c3cc(C)ccc13,4.77
89,CHEMBL3361050,CC(C)CN(Cc1ccccc1C(F)(F)F)S(=O)(=O)c2ccc(NC3CCN(CC3)S(=O)(=O)C)cc2,5.42
99,CHEMBL3317840,CC(C)N(Cc1ccc(cc1)N2CCN(CC2)C(=O)C)S(=O)(=O)Cc3ccccc3,5.92
101,CHEMBL3105674,CCS(=O)(=O)c1ccc(CC(=O)Nc2nc(c3ccccc3)c(s2)C(=O)c4ccccc4)cc1,5.7
116,CHEMBL3581533,CC(=O)N1CCN(CC1)c2ccc(CN(C3CCC3)S(=O)(=O)Cc4ccccc4F)c(F)c2,5.57
123,CHEMBL3586247,CCCC[Si]1(CCCC)c2ccccc2c3cc(ccc13)C(O)(C(F)(F)F)C(F)(F)F,5.17
124,CHEMBL3586250,CCCC[Si]1(C)c2ccccc2c3cc(ccc13)C(O)(C(F)(F)F)C(F)(F)F,5.16
127,CHEMBL3598044,[2H]C([2H])([2H])N(C(=O)c1c(F)cccc1Cl)c2ccc(cc2OCC3CCC3)c4cc(NC(=O)C)nn4C(C)C,6.05
128,CHEMBL3598047,[2H]C([2H])([2H])N(C(=O)c1c(F)cccc1Cl)c2ccc(cc2N3CC4CC4C3)c5cc(NC(=O)C)nn5C(C)C,5.89
129,CHEMBL3598048,[2H]C([2H])([2H])N(C(=O)c1c(F)cccc1Cl)c2ccc(cc2N3CCCC3)c4cc(NC(=O)C)nn4C(C)C,6.0
130,CHEMBL3598049,[2H]C([2H])([2H])N(C(=O)c1c(F)cccc1Cl)c2ccc(cc2N3CCCCC3)c4cc(NC(=O)C)nn4C(C)C,6.1
131,CHEMBL3598050,[2H]C([2H])([2H])N(C(=O)c1c(F)cccc1Cl)c2ccc(cc2c3ccccc3)c4cc(NC(=O)C)nn4C(C)C,5.96
132,CHEMBL3598051,CC(C)n1nc(NC(=O)C)cc1c2ccc(N(C)C(=O)c3c(F)cccc3Cl)c(c2)N4CC5CC5C4,5.77
133,CHEMBL3598052,[2H]C([2H])([2H])N(C(=O)c1c(Cl)cccc1Cl)c2ccc(cc2N3CC4CC4C3)c5cc(NC(=O)C)nn5C(C)C,6.22
134,CHEMBL3598053,[2H]C([2H])([2H])N(C(=O)c1c(C)cccc1F)c2ccc(cc2N3CC4CC4C3)c5cc(NC(=O)C)nn5C(C)C,5.82
135,CHEMBL3598054,[2H]C([2H])([2H])N(C(=O)c1c(F)cccc1Cl)c2ncc(cc2N3CC4CC4C3)c5cc(NC(=O)C)nn5C(C)C,5.21
136,CHEMBL3598070,[2H]C([2H])([2H])N(C(=O)c1c(F)cccc1Cl)c2ccc(cc2N3CC4CC4C3)c5cc(NC(=O)C)nn5C6CCCC6,5.89
137,CHEMBL3598074,[2H]C([2H])([2H])N(C(=O)c1c(F)cccc1Cl)c2ccc(cc2N3CC4CC4C3)c5cc(NC(=O)C)nn5CC6CC6,5.75
138,CHEMBL3598075,[2H]C([2H])([2H])N(C(=O)c1c(F)cccc1Cl)c2ccc(cc2N3CC4CC4C3)c5cc(NC(=O)C)nn5C(C)C6CC6,5.89
139,CHEMBL3598076,CC(C)n1nc(NC(=O)C)cc1c2cnc(N(C)C(=O)c3c(F)cccc3Cl)c(c2)N4CCCCC4,5.64
140,CHEMBL3598077,CC(C)c1nc(NC(=O)C)sc1c2cnc(N(C)C(=O)c3c(F)cccc3Cl)c(c2)N4CCCCC4,6.1
147,CHEMBL3596632,[2H]C([2H])([2H])N(C(=O)c1c(F)cccc1Cl)c2ccc(cc2OCC(F)(F)F)c3cc(ccc3Cl)C(=O)N,5.71
148,CHEMBL3617295,Fc1ccc(cc1)S(=O)(=O)N2CCCc3ccc(NC(=O)c4c(F)cccc4F)cc23,5.27
149,CHEMBL3617297,Fc1ccc(cc1)S(=O)(=O)N2CCc3ccc(NC(=O)c4c(F)cccc4F)cc23,5.1
150,CHEMBL3617309,Fc1ccc(cc1)S(=O)(=O)N2CCCc3ccc(NC(=O)c4ccccc4Cl)cc23,5.39
151,CHEMBL3314003,Fc1ccc(cc1)S(=O)(=O)N2CCCc3ccc(NC(=O)c4c(F)cccc4Cl)cc23,5.47
154,CHEMBL3781062,C[Si](C)(O)c1ccc(cc1)N(CC(F)(F)F)S(=O)(=O)c2ccccc2,4.22
156,CHEMBL3596591,NC(=O)c1ccc(Cl)c(c1)c2ccc3N(CCCc3c2)C(=O)c4c(F)cccc4Cl,5.96
