,molecule_chembl_id,canonical_smiles,pchembl_value
0,levothyroxine,N[C@@H](CC1=CC(I)=C(OC2=CC(I)=C(O)C(I)=C2)C(I)=C1)C(O)=O,
1,liothyronine,N[C@@H](CC1=CC(I)=C(OC2=CC(I)=C(O)C=C2)C(I)=C1)C(O)=O,10.24
2,dextrothyroxine,N[C@H](CC1=CC(I)=C(OC2=CC(I)=C(O)C(I)=C2)C(I)=C1)C(O)=O,
3,CHEMBL3126376,CC(C)c1cc(Cn2c(C)c(CCCCC(=O)O)c3ccccc23)ccc1O,7.0
4,CHEMBL250104,OC(=O)CCc1cc(Br)c(OCc2cccc(Br)c2)c(Br)c1,7.0
5,CHEMBL236438,OC(=O)Cc1cc(Cl)c(Oc2ccc(O)c(c2)c3cccc(OC(F)(F)F)c3)c(Cl)c1,7.0
6,CHEMBL195079,OC(=O)Cc1cc(Cl)c(c(Cl)c1)c2cccc3c(Br)c(O)ccc23,7.0
7,CHEMBL392925,COc1ccccc1CCNC(=O)c2cc(Oc3c(Br)cc(CC(=O)O)cc3Br)ccc2O,7.02
8,CHEMBL109279,CC(C)c1cc(Cc2c(C)cc(OCC(=O)O)cc2C)cc(C#Cc3ccc(cc3)[N+](=O)[O-])c1O,7.03
9,CHEMBL238178,COc1cccc(CCNC(=O)c2cc(Oc3c(Br)cc(CC(=O)O)cc3Br)ccc2O)c1,7.03
10,CHEMBL2312262,Cc1cc(NC(=O)CC(=O)O)c2CCCc2c1Oc3ccc(O)c(CC4=NNC(=O)C=C4)c3,7.04
11,CHEMBL3397346,Cc1cn(Cc2ccc(O)c(c2)c3ccccc3)c4ccc(OCC(=O)O)cc14,7.05
12,CHEMBL236499,CC(C)[C@H](NC(=O)Cc1cc(Br)c(Oc2cc(F)c(O)c(c2)C(C)C)c(Br)c1)C(=O)O,7.06
13,CHEMBL264153,CCc1cc(Oc2c(I)cc(CC3NC(=O)NC3=O)cc2I)ccc1O,7.06
14,CHEMBL249445,OC(=O)Cc1cc(Br)c(Oc2ccc(O)c(c2)C(=O)NCc3ccccc3)c(Br)c1,7.07
15,CHEMBL440975,CC(C)c1cc(Oc2c(Br)cc(CC(=O)N[C@H](C)C(=O)O)cc2Br)ccc1O,7.08
16,CHEMBL264410,COc1cc(Oc2c(I)cc(CC3NC(=O)NC3=O)cc2I)ccc1O,7.09
17,CHEMBL250308,CCNc1cccc(COc2c(Br)cc(CCC(=O)O)cc2Br)c1,7.11
18,CHEMBL2035879,CC(C)c1cc(Oc2c(Br)cc(NC(=O)CC(=O)O)c3CCCc23)ccc1O,7.16
19,CHEMBL485928,CCc1cc(Cc2c(C)cc(OCP(=O)(O)O)cc2C)ccc1O,7.21
20,CHEMBL372428,OC(=O)CCC(=O)Nc1cc(Cl)c(c(Cl)c1)c2cccc3c(Br)c(O)ccc23,7.21
21,CHEMBL235384,OC(=O)Cc1cc(Br)c(Oc2ccc(O)c(Oc3cccc(c3)C(F)(F)F)c2)c(Br)c1,7.3
22,CHEMBL193615,Cc1c(O)ccc2c(cccc12)c3c(Cl)cc(NC(=O)O)cc3Cl,7.32
23,CHEMBL3397345,Cc1cn(Cc2ccc(O)c(CC3CCCCC3)c2)c4ccc(OCC(=O)O)cc14,7.33
24,CHEMBL107400,CC(C)c1cc(Cc2c(C)cc(OCC(=O)O)cc2C)ccc1O,7.35
25,CHEMBL258886,Oc1ccc(Oc2c(I)cc(CC3NC(=O)NC3=O)cc2I)cc1Br,7.36
26,CHEMBL486359,CC(C)c1cc(Oc2c(Br)cc(CCP(=O)(O)O)cc2Br)ccc1O,7.38
27,CHEMBL264152,Cc1cc(Oc2c(I)cc(CC3NC(=O)NC3=O)cc2I)ccc1O,7.38
28,CHEMBL159682,CCOC(=O)C(=O)Nc1cc(C)c(Oc2ccc(O)c(c2)C(O)c3ccc(F)cc3)c(C)c1,7.4
29,CHEMBL442243,OC(=O)Cc1cc(Cl)c(Oc2ccc(O)c(c2)c3cccc(c3)C(F)(F)F)c(Cl)c1,7.4
30,CHEMBL3126374,CC(C)c1cc(Cn2c(C)c(CCC(=O)O)c3ccccc23)ccc1O,7.41
31,CHEMBL260482,Oc1ccc(Oc2c(I)cc(CC3NC(=O)NC3=O)cc2I)cc1C4CC4,7.41
32,CHEMBL203828,CC(C)c1cc(Oc2c(Br)cc3CC(Cc3c2Br)C(=O)O)ccc1O,7.42
33,CHEMBL401392,CC(C)c1cc(Oc2c(Br)cc3NC(Cc3c2Br)C(=O)O)ccc1O,7.42
34,CHEMBL217221,CC(C)c1cc(Oc2c(Br)cc(CCC(=O)O)cc2Br)cc(\C=C\c3ccncc3)c1O,7.44
35,CHEMBL3397343,Cc1cn(Cc2ccc(O)c(Cc3ccccc3)c2)c4ccc(OCC(=O)O)cc14,7.44
36,CHEMBL471488,CC(C)c1cc(Cc2c(C)cc(OCP(=O)(O)O)cc2C)ccc1O,7.45
37,CHEMBL263630,CC(C)c1cc(Oc2c(I)cc(CC3NC(=O)NC3=O)cc2I)ccc1O,7.47
38,CHEMBL3397344,Cc1cn(Cc2ccc(O)c(c2)C3CCCC3)c4ccc(OCC(=O)O)cc14,7.49
39,CHEMBL448595,CCC(C)c1cc(Cc2c(C)cc(OCP(=O)(O)O)cc2C)ccc1O,7.52
40,CHEMBL2312281,Cc1cc(NC(=O)CC(=O)O)c2CCCc2c1Oc3ccc(O)c(Cc4ccc(F)cc4)c3,7.52
41,CHEMBL236436,OC(=O)Cc1cc(Cl)c(Oc2ccc(O)c(c2)c3cccc(OC(F)F)c3)c(Cl)c1,7.52
42,CHEMBL485758,CC(C)c1cc(Cc2c(C)cc(NCP(=O)(O)O)cc2C)ccc1O,7.55
43,CHEMBL236080,CC(C)c1cc(Oc2c(Br)cc(CC(=O)NCC(=O)O)cc2Br)ccc1O,7.59
44,CHEMBL41036,CC(C)c1cc(Oc2c(Cl)cc(CC(=O)O)cc2Cl)ccc1O,7.6
45,CHEMBL2035876,CC(C)c1cc(Oc2c(Cl)cc(NC(=O)CC(=O)O)c(Cl)c2Cl)ccc1O,7.61
46,CHEMBL259096,Oc1ccc(Oc2c(I)cc(CC3NC(=O)NC3=O)cc2I)cc1I,7.62
47,CHEMBL125242,Oc1ccc(Oc2c(Cl)cc(cc2Cl)N3N=CC(=O)NC3=O)cc1C(=O)N4CCCCC4,7.7
48,CHEMBL193864,OC(=O)CNc1cc(Cl)c(c(Cl)c1)c2cccc3c(Br)c(O)ccc23,7.72
49,CHEMBL457527,CC(C)c1cc(Oc2c(Br)cc(OCP(=O)(O)O)cc2Br)ccc1O,7.73
50,CHEMBL235177,OC(=O)Cc1cc(Br)c(Oc2ccc(O)c(c2)C(=O)NCC(c3ccccc3)c4ccccc4)c(Br)c1,7.74
51,CHEMBL442280,OC(=O)Cc1cc(Cl)c(Oc2ccc(O)c(c2)c3ccccc3C(F)(F)F)c(Cl)c1,7.74
52,CHEMBL2203702,OC(=O)Cc1cc(Cl)c(Oc2ccc(O)c(c2)C(=O)NCC(c3ccccc3)c4ccccc4)c(Cl)c1,7.75
53,CHEMBL263631,CC(C)c1cc(Oc2c(Br)cc(CC3NC(=O)NC3=O)cc2Br)ccc1O,7.77
54,CHEMBL3397334,CC(C)c1cc(Cn2c(C)cc3cc(OCC(=O)O)ccc23)ccc1O,7.79
55,CHEMBL459148,Oc1ccc(Oc2c(I)cc(CP(=O)(O)O)cc2I)cc1I,7.8
56,CHEMBL235609,OC(=O)Cc1cc(Br)c(Oc2ccc(O)c(c2)C(=O)NCCc3ccccc3)c(Br)c1,7.82
57,CHEMBL196642,COc1ccc2c(cccc2c1C(C)C)c3c(Cl)cc(NC(=O)CC(=O)O)cc3Cl,7.85
58,CHEMBL3397333,CC(C)c1cc(Cn2ccc3cc(OCC(=O)O)ccc23)ccc1O,7.87
59,CHEMBL251456,CCc1cccc(c1)c2cc(Oc3c(Cl)cc(CC(=O)O)cc3Cl)ccc2O,7.89
60,CHEMBL198875,OC(=O)CCNc1cc(Cl)c(c(Cl)c1)c2cccc3c(Br)c(O)ccc23,7.89
61,CHEMBL124205,CC1(C)C2CCC(NC(=O)c3cc(Oc4c(Cl)cc(cc4Cl)N5N=CC(=O)NC5=O)ccc3O)C1C2,7.92
62,CHEMBL511862,CC(C)c1cc(Oc2c(Br)cc(NCP(=O)(O)O)cc2Br)ccc1O,7.99
63,CHEMBL391367,CC(C)c1cc(Oc2c(Br)cc(CC(=O)N[C@@H](C)C(=O)O)cc2Br)ccc1O,8.0
64,CHEMBL3397342,Cc1cn(Cc2ccc(O)c(c2)C(C)(C)C)c3ccc(OCC(=O)O)cc13,8.0
65,CHEMBL391512,CC(C)[C@@H](NC(=O)Cc1cc(Br)c(Oc2ccc(O)c(c2)C(C)C)c(Br)c1)C(=O)O,8.01
66,CHEMBL289965,CC(C)c1cc(Oc2c(Br)cc(cc2Br)C(=O)O)ccc1O,8.01
67,CHEMBL2035874,CC(C)c1cc(Oc2c(Br)cc(NC(=O)CC(=O)O)cc2Br)ccc1O,8.02
68,CHEMBL163228,N[C@@H](Cc1cc(Br)c(Oc2ccc(O)c(Cc3ccc(O)nn3)c2)c(Br)c1)C(=O)O,8.06
69,CHEMBL105983,CC(C)c1cc(Oc2c(C)cc(C[C@H](N)C(=O)O)cc2C)ccc1O,8.07
70,CHEMBL594024,Oc1ccc(Oc2c(Cl)cc(cc2Cl)N3N=CC(=O)NC3=O)cc1Cc4ccc(F)cc4,8.1
71,CHEMBL3397335,CC(C)c1cc(Cn2cc(C)c3cc(OCC(=O)O)ccc23)ccc1O,8.11
72,CHEMBL236290,CC(C)c1cc(Oc2c(Br)cc(CC(=O)N[C@H](C(=O)O)c3ccccc3)cc2Br)ccc1O,8.13
73,CHEMBL236291,CC(C)c1cc(Oc2c(Br)cc(CC(=O)N[C@@H](C(=O)O)c3ccccc3)cc2Br)ccc1O,8.26
74,CHEMBL198367,OC(=O)C(=O)Nc1cc(Cl)c(c(Cl)c1)c2cccc3c(Br)c(O)ccc23,8.27
75,CHEMBL109430,CCCCCc1ccc(cc1)C#Cc2cc(Cc3c(C)cc(OCC(=O)O)cc3C)cc(C(C)C)c2O,8.28
76,CHEMBL236289,CC(C)[C@H](NC(=O)Cc1cc(Br)c(Oc2ccc(O)c(c2)C(C)C)c(Br)c1)C(=O)O,8.37
77,CHEMBL194242,OC(=O)CC(=O)Nc1cc(Cl)c(c(Cl)c1)c2cccc3c(Br)c(O)ccc23,8.37
78,CHEMBL457528,CC(C)c1cc(Oc2c(I)cc(OCP(=O)(O)O)cc2I)ccc1O,8.43
79,CHEMBL594025,Cc1cc(cc(C)c1Oc2ccc(O)c(Cc3ccc(F)cc3)c2)N4N=CC(=O)NC4=O,8.52
80,CHEMBL3397340,CC(C)c1cc(Cn2cc(C)c3cc(OCC(=O)O)cc(C)c23)ccc1O,8.56
81,CHEMBL425939,CC(C)c1cc(Oc2c(Br)cc3[nH]c(cc3c2Br)C(=O)O)ccc1O,8.6
82,CHEMBL2035881,CC(C)c1cc(Oc2c(C)cc(NC(=O)C(=O)O)c3CCCc23)ccc1O,8.61
83,CHEMBL419016,CC(C)c1cc(Oc2c(C)cc(OCC(=O)O)cc2C)ccc1O,8.62
84,CHEMBL594047,Cc1cc(NC(=O)CC(=O)O)cc(Cl)c1Oc2ccc(O)c(c2)S(=O)(=O)CC3CCC3,8.68
85,CHEMBL3397338,CC(C)c1cc(Cn2c(C)cc3cc(OCC(=O)O)cc(C)c23)ccc1O,8.69
86,CHEMBL110335,CC(C)c1cc(Cc2c(C)cc(C[C@H](N)C(=O)O)cc2C)ccc1O,8.7
87,CHEMBL512383,CC(C)c1cc(Oc2c(I)cc(CP(=O)(O)O)cc2I)ccc1O,8.74
88,CHEMBL39174,CC(C)c1cc(Oc2c(Br)cc(CC(=O)O)cc2Br)ccc1O,8.81
89,CHEMBL203777,CC(C)c1cc(Oc2c(Cl)cc3[nH]c(cc3c2Cl)C(=O)O)ccc1O,8.85
90,CHEMBL3397336,CC(C)c1cc(Cn2ccc3cc(OCC(=O)O)cc(C)c23)ccc1O,8.96
91,CHEMBL418432,CC(C)c1cc(Oc2c(Cl)cc(CCC(=O)O)cc2Cl)ccc1O,9.12
92,CHEMBL322361,CC(C)c1cc(Cc2c(C)cc(CCC(=O)O)cc2C)ccc1O,9.16
93,CHEMBL608990,Cc1cc(NC(=O)C(=O)O)cc(C)c1Oc2ccc(O)c3CCCc23,9.16
94,CHEMBL3397341,CC(C)c1cc(Cn2cc(C)c3cc(OCC(=O)O)cc(Cl)c23)ccc1O,9.29
95,CHEMBL46882,CC(C)c1cc(Oc2c(C)cc(NC(=O)C(=O)O)cc2C)ccc1O,9.29
96,CHEMBL3397339,CC(C)c1cc(Cn2c(C)cc3cc(OCC(=O)O)cc(Cl)c23)ccc1O,9.42
97,CHEMBL3397337,CC(C)c1cc(Cn2ccc3cc(OCC(=O)O)cc(Cl)c23)ccc1O,9.46
98,CHEMBL557,N[C@H](Cc1cc(I)c(Oc2ccc(O)c(I)c2)c(I)c1)C(=O)O,9.62
99,CHEMBL41314,CC(C)c1cc(Oc2c(I)cc(C[C@@H](N)C(=O)O)cc2I)ccc1O,9.85
100,CHEMBL41632,OC(=O)Cc1cc(I)c(Oc2ccc(O)c(I)c2)c(I)c1,9.85
101,CHEMBL289343,CC(C)c1cc(Oc2c(Br)cc(CCC(=O)O)cc2Br)ccc1O,10.0
102,CHEMBL291053,OC(=O)CCc1cc(I)c(Oc2ccc(O)c(I)c2)c(I)c1,10.39
0,CHEMBL1544,N[C@@H](Cc1cc(I)c(Oc2ccc(O)c(I)c2)c(I)c1)C(=O)O,10.0
3,CHEMBL111953,CC(C)c1cc(Cc2c(C)cc(OCC(=O)O)cc2C)cc(C#Cc3ccccc3)c1O,6.31
8,CHEMBL110158,CC(C)c1cc(Cc2c(C)cc(OCC(=O)O)cc2C)cc(C#Cc3ccc(N)cc3)c1O,6.48
12,CHEMBL112087,CC(C)c1cc(Cc2c(C)cc(OCC(=O)O)cc2C)cc(c1O)c3ccc(cc3)[N+](=O)[O-],6.7
21,CHEMBL83953,NN(C(=N)c1ccccn1)S(=O)(=O)c2cc(Cl)c(Oc3ccc(cc3Cl)[N+](=O)[O-])c(Cl)c2,4.41
22,CHEMBL86271,NN(C(=N)CCl)S(=O)(=O)c1cc(Cl)c(Oc2ccc(cc2Cl)[N+](=O)[O-])c(Cl)c1,5.75
24,CHEMBL82131,[O-][N+](=O)c1cccc(c1)C(=O)Nc2ccc(Cc3ccc(NC(=O)c4cccc(c4)[N+](=O)[O-])cc3)cc2,4.74
25,CHEMBL85322,CN1N=C(Cc2ccc(SCC(=O)c3ccc(Cl)cc3Cl)n2C)c4ccccc4C1=O,4.16
26,CHEMBL83829,NN(C(=N)c1cc(Cl)cc(Cl)c1)S(=O)(=O)c2cc(Cl)c(Oc3ccc(cc3Cl)[N+](=O)[O-])c(Cl)c2,6.03
29,CHEMBL97187,COc1ccc(C(c2ccc(O)c(c2)C(C)C)c3c(C)cc(OCC(=O)O)cc3C)c(OC)c1,5.85
30,CHEMBL318132,CCCCN(C)C(=O)CCCCCCCCCCC(c1ccc(O)c(c1)C(C)C)c2c(C)cc(OCC(=O)O)cc2C,6.95
31,CHEMBL97613,CC(C)c1cc(ccc1O)C(CC=C)c2c(C)cc(OCC(=O)O)cc2C,6.37
32,CHEMBL98135,CC(C)c1cc(ccc1O)C(CCCO)c2c(C)cc(OCC(=O)O)cc2C,5.85
34,CHEMBL264527,CCCCN(C)C(=O)CCCCCC\C=C/CCC(c1ccc(O)c(c1)C(C)C)c2c(C)cc(OCC(=O)O)cc2C,6.62
35,CHEMBL160883,Cc1oc2ccccc2c1C(=O)c3cc(I)c(OCC(=O)O)c(I)c3,6.09
36,CHEMBL160703,CCCCc1oc2ccccc2c1C(=O)c3cc(I)c(OCC(=O)O)c(I)c3,5.85
37,CHEMBL633,CCCCc1oc2ccccc2c1C(=O)c3cc(I)c(OCCN(CC)CC)c(I)c3,6.19
38,CHEMBL157885,Cc1oc2ccccc2c1Cc3cc(I)c(OCC(=O)O)c(I)c3,5.35
43,CHEMBL40738,CC(C)c1cc(Oc2c(Cl)cc(cc2Cl)C(=O)O)ccc1O,6.89
54,CHEMBL125946,Oc1ccc(Oc2c(Cl)cc(cc2Cl)N3N=CC(=O)NC3=O)cc1S(=O)(=O)N4C5CCC4CC6(CCCO6)C5,5.82
66,CHEMBL364368,CN(C(=O)C)c1ccc(cc1)[C@H]2C[C@@]3(C)[C@@H](CC[C@@]3(O)C#C)[C@@H]4CCC5=CC(=O)CCC5=C24,6.1
67,CHEMBL436859,C[C@H](CCC(=O)N[C@@H](CCC(=O)N(C)c1ccc(cc1)[C@H]2C[C@@]3(C)[C@@H](CC[C@@]3(O)C#C)[C@@H]4CCC5=CC(=O)CCC5=C24)C(=O)O)[C@H]6CC[C@H]7[C@@H]8[C@H](O)C[C@@H]9C[C@H](O)CC[C@]9(C)[C@H]8C[C@H](O)[C@]67C,5.92
68,CHEMBL411185,C[C@H](CCC(=O)O)[C@H]1CC[C@H]2[C@@H]3[C@H](O)C[C@@H]4CC(CC[C@]4(C)[C@H]3C[C@H](O)[C@]12C)OC(=O)NCC(=O)N(C)c5ccc(cc5)[C@H]6C[C@@]7(C)[C@@H](CC[C@@]7(O)C#C)[C@@H]8CCC9=CC(=O)CCC9=C68,5.96
85,CHEMBL193198,CC(C)c1cc(Oc2c(Br)cc(cc2Br)C(=O)O)cc(C(C)C)c1O,5.8
87,CHEMBL425557,CCCCc1oc2ccccc2c1C(=O)c3cc(I)c(CCN(CC)CC)c(I)c3,6.19
93,CHEMBL192490,CCCCOc1c(Br)cc(CC(=O)O)cc1Br,4.59
95,CHEMBL193152,CCCCCOc1c(Br)cc(CC(=O)O)cc1Br,4.7
97,CHEMBL192508,CC(C)CCOc1c(Br)cc(CC(=O)O)cc1Br,4.89
99,CHEMBL192639,CCCCCCOc1c(Br)cc(CC(=O)O)cc1Br,5.28
101,CHEMBL425366,CCC(CC)COc1c(Br)cc(CC(=O)O)cc1Br,5.16
103,CHEMBL192142,OC(=O)Cc1cc(Br)c(OCC2CCCCC2)c(Br)c1,5.57
105,CHEMBL195855,CC(C)CCOc1c(Br)cc(CCC(=O)O)cc1Br,5.36
107,CHEMBL195556,CCCCCCOc1c(Br)cc(CCC(=O)O)cc1Br,5.96
109,CHEMBL192426,CCC(CC)COc1c(Br)cc(CCC(=O)O)cc1Br,5.8
111,CHEMBL192427,OC(=O)CCc1cc(Br)c(OCC2CCCCC2)c(Br)c1,6.34
115,CHEMBL193851,OC(=O)Cc1cc(Cl)c(Oc2ccc(O)cc2)c(Cl)c1,5.44
116,CHEMBL371245,OC(=O)Cc1cc(Cl)c(Oc2ccc(O)c(Br)c2)c(Cl)c1,6.96
117,CHEMBL195327,OC(=O)Cc1cc(Cl)c(c(Cl)c1)c2cccc3cc(O)ccc23,5.81
125,CHEMBL196613,OC(=O)Nc1cc(Cl)c(c(Cl)c1)c2cccc3c(c(O)ccc23)c4ccccc4,6.9
127,CHEMBL202521,CCC(=O)Nc1ccc(Oc2c(Cl)cc(CC(=O)O)cc2Cl)cc1Br,5.48
128,CHEMBL202336,CCCC(CCC)C(=O)Nc1ccc(Oc2c(Cl)cc(CC(=O)O)cc2Cl)cc1Br,5.92
129,CHEMBL204609,CCC(CC)C(=O)Nc1ccc(Oc2c(Cl)cc(CC(=O)O)cc2Cl)cc1Br,6.22
130,CHEMBL205171,CCCC(C)C(=O)Nc1ccc(Oc2c(Cl)cc(CC(=O)O)cc2Cl)cc1Br,5.89
131,CHEMBL381937,CCC(C)C(=O)Nc1ccc(Oc2c(Cl)cc(CC(=O)O)cc2Cl)cc1Br,6.62
132,CHEMBL202940,CC(C)C(=O)Nc1ccc(Oc2c(Cl)cc(CC(=O)O)cc2Cl)cc1Br,6.2
136,CHEMBL203555,CC(C)c1cc(Oc2c(C)cc3nc(ccc3c2C)C(=O)O)ccc1O,6.7
137,CHEMBL251439,CC(C)c1cc(Oc2c(C)cc3NC(=CC(=O)c3c2C)C(=O)O)ccc1O,6.21
138,CHEMBL250880,CC(C)c1cc(Oc2c(Cl)cc3NC(=CC(=O)c3c2Cl)C(=O)O)ccc1O,5.46
139,CHEMBL378593,CC(C)c1cc(Oc2c(Br)cc3nc(cc(O)c3c2Br)C(=O)O)ccc1O,6.6
155,CHEMBL217298,OC(=O)CCc1ccccc1OCC2C(Br)CCCC2Br,6.34
174,CHEMBL236500,CC(C)[C@H](NC(=O)Cc1cc(Br)c(Oc2cc(C)c(O)c(c2)C(C)C)c(Br)c1)C(=O)O,5.82
175,CHEMBL393201,CC(C)[C@H](NC(=O)Cc1cc(Br)c(Oc2cc(Cl)c(O)c(c2)C(C)C)c(Br)c1)C(=O)O,6.17
177,CHEMBL236498,CC(C)c1cc(Oc2c(Br)cc(CC(=O)N[C@H](CC(=O)O)C(=O)O)cc2Br)ccc1O,6.78
178,CHEMBL391513,CC(C)c1cc(Oc2c(Br)cc(CC(=O)N[C@@H](CC(=O)O)C(=O)O)cc2Br)ccc1O,6.34
188,CHEMBL235252,CCCCCCc1ccc(cc1)C(=O)CCN(C)CCc2ccccc2,5.44
189,CHEMBL396873,CCCCCCc1ccc(cc1)C(=O)CCNCCC,4.59
190,CHEMBL428375,CCCCCCc1ccc(cc1)C(=O)CCN(C2CCCCC2)C3CCCCC3,4.78
191,CHEMBL236134,CCCCCCc1ccc(cc1)C(=O)CCN(C)Cc2occc2,4.65
192,CHEMBL236033,CCCCCCc1ccc(cc1)C(=O)CCN(C)C,4.98
193,CHEMBL396086,CCCCCCc1ccc(cc1)C(=O)CCN(CCCC)CCCC,5.16
194,CHEMBL236133,CCCCCCc1ccc(cc1)C(=O)CCN2CCC(CC2)C(=O)OC,5.2
195,CHEMBL236132,CCCCCCc1ccc(cc1)C(=O)CCN2CCOCC2,5.39
196,CHEMBL236131,CCCCCCc1ccc(cc1)C(=O)CCN(C(C)C)C(C)C,5.39
197,CHEMBL235922,CCCCCCc1ccc(cc1)C(=O)CCN(C)CCO,5.52
202,CHEMBL237605,CCCCCCCc1ccc(cc1)C(=O)C(=C)C,4.28
203,CHEMBL396089,CCCCCCCc1ccc(cc1)C(=O)\C=C\C,4.72
204,CHEMBL237601,CCCCCCc1ccc(cc1)C(=O)\C=C/C(=O)O,4.72
205,CHEMBL237600,CCCCCCc1ccc(cc1)C(=O)C=C,4.55
206,CHEMBL394913,CCCC(=O)Nc1cccc2CCCCc12,4.07
208,CHEMBL237456,CCCCCCc1ccccc1OC(=O)C=C,4.41
211,CHEMBL394678,CC(C)(C)C[C@@H]1CC[C@H](CC1)C(=O)C=C,4.12
212,CHEMBL237241,CCCCCCCCc1ccc(cc1)C(=O)C=C,4.67
213,CHEMBL237035,CCCCCCCc1ccc(cc1)C(=O)C=C,4.64
215,CHEMBL237611,CC(C)(C)Cc1ccc(cc1)C(=O)C=C,4.16
216,CHEMBL235113,CCCCCc1ccc(cc1)C(=O)C=C,4.22
217,CHEMBL237823,CCCCc1ccc(cc1)C(=O)C=C,4.15
224,CHEMBL235904,CCCCCCc1ccc(NC(=O)\C=C/C(=O)O)cc1,4.76
225,CHEMBL398106,CCCCCCc1ccc(NC(=O)C=C)cc1,4.67
226,CHEMBL236543,CCCCCCc1ccc(cc1)C(=O)C2CO2,4.48
228,CHEMBL395602,CCCCCCc1ccc(cc1)C(=O)CCBr,5.38
230,CHEMBL236339,CCCCCCc1ccc(cc1)C(=O)CCl,4.32
231,CHEMBL236338,CCCCCCc1ccc(OC(=O)C#C)cc1,4.78
232,CHEMBL235491,CCCCCCc1ccc(NC(=O)C#C)cc1,4.16
233,CHEMBL402713,OC(=O)CCc1cc(Br)c(OCc2ccccc2)c(Br)c1,6.17
234,CHEMBL250513,CCN(CC)c1cccc(COc2c(Br)cc(CCC(=O)O)cc2Br)c1,6.32
236,CHEMBL250307,Nc1cccc(COc2c(Br)cc(CCC(=O)O)cc2Br)c1,5.59
238,CHEMBL250103,OC(=O)CCc1cc(Br)c(OCc2cccc(Cl)c2)c(Br)c1,6.3
239,CHEMBL250101,OC(=O)CCc1cc(Br)c(OCc2cccc(c2)C(F)(F)F)c(Br)c1,6.43
240,CHEMBL249897,Cc1ccc(COc2c(Br)cc(CCC(=O)O)cc2Br)cc1,6.22
241,CHEMBL249895,Cc1cccc(COc2c(Br)cc(CCC(=O)O)cc2Br)c1,6.44
242,CHEMBL402714,Cc1ccccc1COc2c(Br)cc(CCC(=O)O)cc2Br,5.89
248,CHEMBL237936,OC(=O)Cc1cc(Cl)c(Oc2ccc(O)c(c2)c3cncnc3)c(Cl)c1,6.57
253,CHEMBL235608,OC(=O)Cc1cc(Br)c(Oc2ccc(O)c(c2)C(=O)Nc3ccccc3)c(Br)c1,6.37
254,CHEMBL251090,OC(=O)Cc1cc(Br)c(Oc2ccc(O)c(Cc3ccc(cc3)C(F)(F)F)c2)c(Br)c1,6.47
255,CHEMBL236863,OC(=O)Cc1cc(Cl)c(Oc2ccc(O)c(c2)c3cccc(O)c3)c(Cl)c1,5.93
257,CHEMBL442082,OC(=O)Cc1cc(Cl)c(Oc2ccc(O)c(c2)c3cccc(c3)c4ccccc4)c(Cl)c1,6.34
259,CHEMBL235788,OC(=O)Cc1cc(Cl)c(Oc2ccc(O)c(c2)c3ccccc3)c(Cl)c1,6.89
280,CHEMBL252717,OC(=O)CCc1cc(Br)c(OC2CCCCC2)c(Br)c1,6.34
281,CHEMBL253123,OC(=O)Cc1cc(Br)c(OC2CCCCC2)c(Br)c1,5.57
286,CHEMBL236864,OC(=O)Cc1cc(Cl)c(Oc2ccc(O)c(c2)c3ccc(O)cc3)c(Cl)c1,6.07
287,CHEMBL235385,OC(=O)Cc1cc(Br)c(Oc2ccc(O)c(Oc3cccc(O)c3)c2)c(Br)c1,6.26
288,CHEMBL237721,OC(=O)Cc1cc(Cl)c(Oc2ccc(O)c(c2)c3ccccn3)c(Cl)c1,5.82
290,CHEMBL235166,OC(=O)Cc1cc(Br)c(Oc2ccc(O)c(Oc3ccccc3O)c2)c(Br)c1,5.83
293,CHEMBL235607,OC(=O)Cc1cc(Br)c(Oc2ccc(O)c(Oc3ccc(O)cc3)c2)c(Br)c1,6.62
295,CHEMBL394644,COc1cccc(c1)c2cc(Oc3c(Cl)cc(CC(=O)O)cc3Cl)ccc2O,6.53
297,CHEMBL429078,OC(=O)Cc1cc(Br)c(Oc2ccc(O)c(c2)C(=O)NCCCCc3ccccc3)c(Br)c1,6.55
298,CHEMBL393489,CC(C)c1cccc(c1)c2cc(Oc3c(Cl)cc(CC(=O)O)cc3Cl)ccc2O,6.91
299,CHEMBL238179,OC(=O)Cc1cc(Br)c(Oc2ccc(O)c(c2)C(=O)NCCc3ccccn3)c(Br)c1,5.94
302,CHEMBL237958,COc1ccc(CCNC(=O)c2cc(Oc3c(Br)cc(CC(=O)O)cc3Br)ccc2O)cc1,6.64
303,CHEMBL235383,OC(=O)Cc1cc(Br)c(Oc2ccc(O)c(Oc3ccccc3C(F)(F)F)c2)c(Br)c1,6.61
305,CHEMBL235165,OC(=O)Cc1cc(Br)c(Oc2ccc(O)c(Oc3ccccc3)c2)c(Br)c1,6.91
306,CHEMBL254607,OC(=O)Cc1cc(Cl)c(Oc2ccc(O)c(c2)C(=O)NCc3ccccc3)c(Cl)c1,6.9
309,CHEMBL237722,OC(=O)Cc1cc(Cl)c(Oc2ccc(O)c(c2)c3cccnc3)c(Cl)c1,6.09
311,CHEMBL235816,OC(=O)Cc1cc(Br)c(Oc2ccc(O)c(c2)C(=O)NCCCc3ccccc3)c(Br)c1,6.69
312,CHEMBL236648,OC(=O)Cc1cc(Cl)c(Oc2ccc(O)c(c2)c3ccccc3O)c(Cl)c1,5.98
313,CHEMBL235164,OC(=O)Cc1cc(Cl)c(Oc2ccc(O)c(c2)c3nccs3)c(Cl)c1,6.25
314,CHEMBL394199,OC(=O)Cc1cc(Br)c(Oc2ccc(O)c(Oc3cccc(c3)c4ccccc4)c2)c(Br)c1,6.3
315,CHEMBL428729,OC(=O)Cc1cc(Cl)c(Oc2ccc(O)c(c2)c3ccncc3)c(Cl)c1,6.84
321,CHEMBL407819,Oc1ccc(Oc2c(I)cc(CC3NC(=O)NC3=O)cc2I)cc1,5.77
349,CHEMBL471897,CC(C)c1cc(Cc2c(C)cc(OCP3(=O)OCC[C@H](O3)c4cccc(Cl)c4)cc2C)ccc1O,4.9
356,CHEMBL500875,NC(Cc1cc(I)c(Oc2ccc(O)c(I)c2)c(I)c1)P(=O)(O)O,5.85
357,CHEMBL505084,CC(C)c1cc(Oc2c(C)cc(NC(=O)P(=O)(O)O)cc2C)ccc1O,6.55
358,CHEMBL485927,Cc1cc(Cc2c(C)cc(OCP(=O)(O)O)cc2C)ccc1O,6.05
361,CHEMBL485939,Cc1cc(OCP(=O)(O)O)cc(C)c1Cc2ccc(O)c(c2)c3ccccc3,5.93
363,CHEMBL520857,COc1cc(OCP(=O)(O)O)cc(OC)c1Cc2ccc(O)c(c2)C(C)C,5.48
364,CHEMBL447378,CC(C)c1cc(Cc2c(C)cc(OCCP(=O)(O)O)cc2C)ccc1O,6.23
365,CHEMBL519215,CC(C)c1cc(Cc2c(C)cc(CCP(=O)(O)O)cc2C)ccc1O,6.42
367,CHEMBL486158,CC(C)c1cc(Oc2c(C)cc(CP(=O)(O)O)cc2C)ccc1O,5.75
368,CHEMBL486358,CC(C)c1cc(Oc2c(Cl)cc(CP(=O)(O)O)cc2Cl)ccc1O,6.52
369,CHEMBL519721,CC(C)c1cc(Oc2c(Br)cc(CP(=O)(O)O)cc2Br)ccc1O,6.63
375,CHEMBL457529,CC(C)c1cc(Oc2c(C)cc(OCP(=O)(O)O)cc2C)ccc1O,6.74
376,CHEMBL516330,CC(C)c1cc(Oc2c(Cl)cc(NCP(=O)(O)O)cc2Cl)ccc1O,6.73
378,CHEMBL458784,CC(C)c1cc(Oc2c(C)cc(SCP(=O)(O)O)cc2C)ccc1O,6.85
437,CHEMBL550845,CCCCCCOc1cc(Cl)c(cc1Cl)C(=O)CCN(C)C,6.22
438,CHEMBL560311,CCCCCCOc1ccc(C(=O)CCN(C)C)c(Cl)c1Cl,6.09
439,CHEMBL551791,CCCCCCOc1ccc(C(=O)CCN(C)C)c(Br)c1,5.96
440,CHEMBL561050,CCCCCCOc1ccc(cc1I)C(=O)CCN(C)C,5.92
441,CHEMBL549483,CCCCCCOc1cc(C)c(C(=O)CCN(C)C)c(C)c1,5.89
442,CHEMBL550094,CCCCCCOc1ccc2C(=O)C(CN(C)C)COc2c1,5.89
443,CHEMBL558106,CCCCCCOc1ccc(C(=O)CCN(C)C)c(c1)C(F)(F)F,5.85
444,CHEMBL565150,CCCCCCOc1ccc(C(=O)CCN(C)C)c(I)c1,5.72
445,CHEMBL555749,CCCCCCOc1ccc2C(=O)C(CN(C)C)Cc2c1,5.72
446,CHEMBL552392,CCCCCCOc1ccc2C(=O)C(CN(C)C)CCc2c1,5.72
447,CHEMBL559716,CCCCCCOc1ccc(cc1Br)C(=O)CCN(C)C,5.64
448,CHEMBL572348,CCCCCCOc1ccc(cc1Cl)C(=O)CCN(C)C,5.59
449,CHEMBL560114,CCCCCCOc1cc(C(C)C)c(cc1C)C(=O)CCN(C)C,5.52
450,CHEMBL563368,CCCCCCOc1ccc(cc1)C(=O)CCN2CCN(CC2)c3ccccc3,5.52
451,CHEMBL563181,CCCCCCOc1ccc(C(=O)CCN(C)C)c(Cl)c1,5.5
452,CHEMBL560972,CCCCCCOc1ccc(cc1C(F)(F)F)C(=O)CCN(C)C,5.47
453,CHEMBL539393,CCCCCCOc1ccc(cc1C)C(=O)CCN(C)C,5.46
454,CHEMBL552158,CCCCCCOc1ccc(cc1F)C(=O)CCN(C)C,5.46
455,CHEMBL558107,CCCCCCOc1ccc(cc1[N+](=O)[O-])C(=O)CCN(C)C,5.43
456,CHEMBL551184,CCCCCCOc1ccc(cc1OC)C(=O)CCN(C)C,5.42
457,CHEMBL559520,CCCCCCOc1ccc(C(=O)CCN(C)C)c(C)c1,5.4
458,CHEMBL552185,CCCCCCOc1ccc(C(=O)CCN(C)C)c2ccccc12,5.39
459,CHEMBL552105,CCCCCCOc1ccc(cc1SC)C(=O)CCN(C)C,5.37
460,CHEMBL557905,CCCCCCOc1ccc(C(=O)CCN(C)C)c(c1)S(=O)(=O)C,5.33
461,CHEMBL553652,CCCCCCOc1ccc(cc1)C(=O)CCN2CCCC2,5.32
462,CHEMBL551710,CCCCCCOc1cccc(c1)C(=O)CCN(C)C,5.28
463,CHEMBL551979,CCCCCCOc1ccc(cc1C(C)(C)C)C(=O)CCN(C)C,5.27
464,CHEMBL552106,CCCCCCOc1ccc(C(=O)CCN(C)C)c(SC)c1,5.24
465,CHEMBL560510,CCCCCCS(=O)(=O)c1ccc(cc1)C(=O)CCN(C)C,5.21
466,CHEMBL560911,CCCCCCOc1ccc(cc1)C(=O)CCN(CCCC)CCCC,5.2
467,CHEMBL553190,CCCCCCSc1ccc(cc1)C(=O)CCN(C)C,5.17
468,CHEMBL560512,CCCCCCOc1ccc(cc1c2ccccc2)C(=O)CCN(C)C,5.15
469,CHEMBL549482,CCCCCCOc1c(C)cc(cc1C)C(=O)CCN(C)C,5.11
470,CHEMBL561245,CCCCCCOc1ccc(cc1)C(=O)CCN2CCOCC2,5.11
471,CHEMBL551450,CCCCCCOc1ccc(cc1)C(=O)CCN2CCN(C)CC2,5.08
472,CHEMBL121893,CCCCCCOc1ccc(cc1)C(=O)CCN2CCCCC2,5.04
473,CHEMBL549557,CCCCCCOc1ccc(cc1S(=O)(=O)C)C(=O)CCN(C)C,5.03
474,CHEMBL558889,CCCCCC(=O)Nc1ccc(cc1)C(=O)CCN(C)C,5.01
475,CHEMBL538150,CCCCCCOc1ccc2cc(ccc2c1)C(=O)CCN(C)C,4.87
476,CHEMBL549685,CCCCCCOc1ccc(cc1Cc2ccccc2)C(=O)CCN(C)C,4.83
477,CHEMBL560172,CCCCCCOc1ccc(cc1)C(=O)CCN(C)C,4.78
478,CHEMBL561648,CCCCCCNC(=O)c1ccc(cc1)C(=O)CCN(C)C,4.78
479,CHEMBL562250,CCCCCCOc1ccc(cc1)C(=O)CCN2CC2C,4.7
480,CHEMBL551185,CCCCCCOc1ccc(C(=O)CCN(C)C)c(OC)c1,4.65
481,CHEMBL539139,CCOCCOc1ccc(cc1)C(=O)CCN(C)C,4.51
482,CHEMBL555726,CCCCCS(=O)(=O)Nc1ccc(cc1)C(=O)CCN(C)C,4.48
497,CHEMBL561850,CCCCCCCc1ccc(cc1)C(=O)CCN(C)C,5.13
500,CHEMBL596350,Oc1ccc(Oc2c(Cl)cc(cc2Cl)N3N=CC(=O)NC3=O)cc1C(=O)N4CCc5ccccc5C4,6.9
514,CHEMBL2035875,CC(C)c1cc(Oc2c(C)cc(NC(=O)CC(=O)O)cc2C)ccc1O,6.83
516,CHEMBL2035877,CC(C)c1cc(Oc2c(C)cc(NC(=O)CC(=O)O)c(C)c2C)ccc1O,6.71
517,CHEMBL2035878,CC(C)c1cc(Oc2c(C)cc(NC(=O)CC(=O)O)c3CCCc23)ccc1O,6.76
519,CHEMBL2035880,CC(C)c1cc(Oc2c(Br)cc(NC(=O)CC(=O)O)c3CCCCc23)ccc1O,6.52
521,CHEMBL2035882,CC(C)c1cc(Oc2c(C)cc(C(=O)NCC(=O)O)c3CCCc23)ccc1O,6.9
522,CHEMBL2035883,CC(C)c1cc(Oc2c(C)cc(NS(=O)(=O)CC(=O)O)c3CCCc23)ccc1O,5.9
523,CHEMBL2035884,CC(C)c1cc(Cc2c(C)cc(NC(=O)CC(=O)O)c3CCCc23)ccc1O,6.81
538,CHEMBL2070097,CC1CCN(CC1)C(=O)c2sc(nc2C(F)(F)F)c3ccc(c(c3)[N+](=O)[O-])S(=O)(=O)C,6.72
539,CHEMBL2070098,CS(=O)(=O)c1ccc(cc1[N+](=O)[O-])c2nc(c(s2)C(=O)N3CCCCC3)C(F)(F)F,7.0
540,CHEMBL2070099,CS(=O)(=O)c1ccc(cc1[N+](=O)[O-])c2ncc(s2)C(=O)N3CCCCC3,5.62
541,CHEMBL2070232,CS(=O)(=O)c1ccc(cc1[N+](=O)[O-])c2nc(c3ccccc3)c(s2)C(=O)N4CCCCC4,5.8
542,CHEMBL2070233,CCc1nc(sc1C(=O)N2CCCCC2)c3ccc(c(c3)[N+](=O)[O-])S(=O)(=O)C,5.59
543,CHEMBL2070234,CS(=O)(=O)c1ccc(cc1[N+](=O)[O-])c2ncc(s2)C(=O)NC34CC5CC(CC(C5)C3)C4,5.96
544,CHEMBL2070235,Cc1nc(sc1C(=O)N2CCCCC2)c3ccc(c(c3)[N+](=O)[O-])S(=O)(=O)C,5.6
545,CHEMBL2070236,CC1(C)CC2CC(C)(CN2C(=O)c3sc(nc3C(F)(F)F)c4ccc(c(c4)[N+](=O)[O-])S(=O)(=O)C)C1,6.37
546,CHEMBL2070237,CCc1nc(sc1C(=O)N2CC3(C)CC2CC(C)(C)C3)c4ccc(c(c4)[N+](=O)[O-])S(=O)(=O)C,5.6
547,CHEMBL2070238,CN(Cc1cccc(F)c1)C(=O)c2sc(nc2C(F)(F)F)c3ccc(c(c3)[N+](=O)[O-])S(=O)(=O)C,6.0
548,CHEMBL2070096,CN(Cc1ccccc1)C(=O)c2sc(nc2C(F)(F)F)c3ccc(c(c3)[N+](=O)[O-])S(=O)(=O)C,6.34
549,CHEMBL2070095,CN(Cc1ccccc1F)C(=O)c2sc(nc2C(F)(F)F)c3ccc(c(c3)[N+](=O)[O-])S(=O)(=O)C,6.52
550,CHEMBL2070094,CS(=O)(=O)c1ccc(cc1[N+](=O)[O-])c2nc(c(s2)C(=O)N3CCc4ccccc4C3)C(F)(F)F,5.96
551,CHEMBL2070093,CC1Cc2ccccc2N1C(=O)c3sc(nc3C(F)(F)F)c4ccc(c(c4)[N+](=O)[O-])S(=O)(=O)C,5.96
552,CHEMBL2070092,Cc1nc(sc1C(=O)N2CC3(C)CC2CC(C)(C)C3)c4ccc(c(c4)[N+](=O)[O-])S(=O)(=O)C,5.46
553,CHEMBL2070091,CC1CCN(CC1)C(=O)c2sc(nc2C)c3ccc(c(c3)[N+](=O)[O-])S(=O)(=O)C,5.25
554,CHEMBL2070090,CCCN(C(=O)c1csc(n1)c2ccc(c(c2)[N+](=O)[O-])S(=O)(=O)C)c3ccccc3,5.33
555,CHEMBL2070239,CN(Cc1cccc(F)c1)C(=O)c2cnc(s2)c3ccc(c(c3)[N+](=O)[O-])S(=O)(=O)C,5.5
559,CHEMBL457748,CC(C)c1cc(Cc2c(C)cc(OC[P@@]3(=O)OCC[C@H](O3)c4cccc(Cl)c4)cc2C)ccc1O,4.9
631,CHEMBL2326408,COc1cc(O)c(C(CC(=O)N2C[C@H](C)C[C@H](C)C2)c3ccc4OCOc4c3)c(OC)c1,5.35
680,CHEMBL2348912,CS(=O)(=O)c1ccc(cc1[N+](=O)[O-])C(=O)NCCCC(=O)N(Cc2ccccc2)Cc3ccccc3,4.54
701,CHEMBL2348891,CS(=O)(=O)c1ccc(cc1[N+](=O)[O-])C(=O)NCCC(=O)N(Cc2ccccc2)Cc3ccccc3,4.48
702,CHEMBL2348890,CN(Cc1cccc(F)c1)C(=O)CCNC(=O)c2ccc(c(c2)[N+](=O)[O-])S(=O)(=O)C,4.54
705,CHEMBL2348887,CCCN(C(=O)CCNC(=O)c1ccc(c(c1)[N+](=O)[O-])S(=O)(=O)C)c2ccccc2,4.5
706,CHEMBL2348886,CN(C(=O)CCNC(=O)c1ccc(c(c1)[N+](=O)[O-])S(=O)(=O)C)c2ccccc2,4.43
708,CHEMBL2348884,CS(=O)(=O)c1ccc(cc1[N+](=O)[O-])C(=O)NCCC(=O)NC23CC4CC(CC(C4)C2)C3,4.6
710,CHEMBL2348882,CC1CCN(CC1)C(=O)CNC(=O)c2ccc(c(c2)[N+](=O)[O-])S(=O)(=O)C,4.48
711,CHEMBL2348881,CS(=O)(=O)c1ccc(cc1[N+](=O)[O-])C(=O)NCC(=O)N2CCCCC2,4.36
713,CHEMBL2348879,CS(=O)(=O)c1ccc(cc1[N+](=O)[O-])C(=O)NCC(=O)N2CCN(CC2)c3ccc(F)cc3,4.24
717,CHEMBL2348875,CS(=O)(=O)c1ccc(cc1[N+](=O)[O-])C(=O)NCC(=O)N2CCC(CC2)c3ccccc3,4.36
718,CHEMBL2348874,CS(=O)(=O)c1ccc(cc1[N+](=O)[O-])C(=O)NCC(=O)N(Cc2ccccc2)Cc3ccccc3,5.77
723,CHEMBL2348869,CCCN(C(=O)CNC(=O)c1ccc(c(c1)[N+](=O)[O-])S(=O)(=O)C)c2ccccc2,5.72
724,CHEMBL2348868,CN(C(=O)CNC(=O)c1ccc(c(c1)[N+](=O)[O-])S(=O)(=O)C)c2ccccc2,5.38
726,CHEMBL2348866,CS(=O)(=O)c1ccc(cc1[N+](=O)[O-])C(=O)NCC(=O)NC23CC4CC(CC(C4)C2)C3,5.02
729,CHEMBL3126375,CC(C)c1cc(Cn2c(C)c(CCCC(=O)O)c3ccccc23)ccc1O,6.75
731,CHEMBL3126373,CC(C)c1cc(Cn2c(C)c(CC(=O)O)c3ccccc23)ccc1O,6.35
734,CHEMBL3126377,CC(C)c1cc(Cn2c(C)c(CC(=O)NCC(=O)O)c3ccccc23)ccc1O,5.09
738,CHEMBL3126372,CC(C)c1cc(Cn2ccc3c(NC(=O)CC(=O)O)ccc(C)c23)ccc1O,5.28
739,CHEMBL3126371,CC(C)c1cc(Cn2c(C)cc3c(NC(=O)CC(=O)O)cccc23)ccc1O,5.28
740,CHEMBL3126370,CC(C)c1cc(Cn2ccc3c(NC(=O)C(=O)O)cccc23)ccc1O,5.92
741,CHEMBL3126369,CC(C)c1cc(Cn2ccc3c(NC(=O)C(=O)O)ccc(C)c23)ccc1O,6.72
742,CHEMBL3126368,CC(C)c1cc(Cn2c(C)cc3cc(NC(=O)C(=O)O)ccc23)ccc1O,6.64
743,CHEMBL3126367,CC(C)c1cc(Cn2c(C)cc3c(NC(=O)C(=O)O)cccc23)ccc1O,6.64
748,CHEMBL3261325,CC(C)C1=CC(=NNC1=O)Oc2c(Cl)cc(NC(=O)C(=O)O)cc2Cl,6.68
749,CHEMBL3261333,CC(C)C1=CC(=NN(C)C1=O)Oc2c(Cl)cc(cc2Cl)N3N=C(C#N)C(=O)NC3=O,6.48
750,CHEMBL3261322,CC(C)C1=CC(=NNC1=O)Oc2c(Br)cc(CCC(=O)O)cc2Br,6.41
751,CHEMBL3261335,CC(C)C1=CC(=NNC1=O)Oc2c(Cl)cc(cc2Cl)N3N=CC(=O)NC3=O,6.39
752,CHEMBL3261324,CC(C)C1=CC(=NNC1=O)Oc2c(Cl)cc(NCC(=O)O)cc2Cl,6.16
753,CHEMBL3261327,CC(C)C1=CC(=NNC1=O)Cc2c(Br)cc(CC(=O)O)cc2Br,6.13
754,CHEMBL3261323,CC(C)C1=CC(=NN(C)C1=O)Oc2c(Cl)cc(CC(=O)O)cc2Cl,6.11
755,CHEMBL3261336,CC(C)C1=CC(=NNC1=O)Cc2c(Cl)cc(cc2Cl)N3N=CC(=O)NC3=O,6.09
756,CHEMBL3261334,CC(C)C1=CC(=NN(C)C1=O)Cc2c(Cl)cc(cc2Cl)N3N=C(C#N)C(=O)NC3=O,5.9
757,CHEMBL3261332,CC(C)C1=CC(=NNC1=O)Cc2c(Cl)cc(cc2Cl)N3N=C(C#N)C(=O)NC3=O,5.56
758,CHEMBL3261321,CC(C)C1=CC(=NNC1=O)Oc2c(Br)cc(CC(=O)O)cc2Br,5.48
759,CHEMBL3261331,CC(C)C1=CC(=NNC1=O)Oc2c(Cl)cc(cc2Cl)N3N=C(C#N)C(=O)NC3=O,5.43
760,CHEMBL3261326,CC(C)C1=CC(=NNC1=O)Cc2c(Cl)cc(CC(=O)O)cc2Cl,5.37
761,CHEMBL3261320,CC(C)C1=CC(=NNC1=O)Oc2c(Cl)cc(CC(=O)O)cc2Cl,5.15
762,CHEMBL3261328,CC(C)C1=CC(=NNC1=O)Sc2c(Cl)cc(CC(=O)O)cc2Cl,5.05
763,CHEMBL3261319,CC(C)C1=CC(=NNC1=O)Oc2c(C)cc(CC(=O)O)cc2Cl,4.92
766,CHEMBL3261318,CC(C)C1=CC(=NNC1=O)Oc2c(C)cc(CC(=O)O)cc2C,4.81
805,CHEMBL3397347,Cc1cn(Cc2ccc(O)c(c2)C3CCCCC3)c4ccc(OCC(=O)O)cc14,6.7
