,molecule_chembl_id,canonical_smiles,pchembl_value
0,CHEMBL253613,Clc1ccc(cc1)c2ccc(cc2)C(=O)NCC(c3ccccc3)n4ccnc4,6.21
1,CHEMBL389014,C[C@H](CCS(=N)(=O)c1ccccc1)[C@H]2CC[C@H]3\C(=C\C=C/4\C[C@@H](O)C[C@H](O)C4=C)\CCC[C@]23C,6.26
2,CHEMBL255088,C[C@H](CC[S+](=N)([O-])c1ccccc1)C2=CCC3\C(=C\C=C/4\C[C@@H](O)C[C@H](O)C4=C)\CCC[C@]23C,6.26
13,CHEMBL846,C[C@H](CCCC(C)(C)O)[C@H]1CC[C@H]2\C(=C\C=C/3\C[C@@H](O)C[C@H](O)C3=C)\CCC[C@]12C,10.19
14,CHEMBL318617,C[C@@H](CSc1ccc(cc1)C(C)(C)O)C2CC[C@H]3\C(=C\C=C/4\C[C@@H](O)C[C@H](O)C4=C)\CCC[C@]23C,10.05
15,CHEMBL318267,C[C@@H](COc1ccc(cc1)C(C)(C)O)C2CC[C@H]3\C(=C\C=C/4\C[C@@H](O)C[C@H](O)C4=C)\CCC[C@]23C,10.14
121,CHEMBL3350951,C[C@H](\C=C\C[C@H](O)C12CC3CC(CC(C3)C1)C2)[C@H]4CC[C@H]5\C(=C\C=C6C[C@@H](O)C[C@H](O)C6)\CCC[C@]45C,7.3
122,CHEMBL263638,C[C@H](C[C@H]1CC(=C)C(=O)O1)[C@H]2CC[C@H]3\C(=C\C=C4C[C@@H](O)C(=C)[C@H](O)C4)\CCC[C@]23C,6.52
129,CHEMBL381178,C[C@H](C[C@H]1C[C@](C)(O)C(=O)N1Cc2ccccc2)[C@H]3CCC4\C(=C\C=C/5\C[C@@H](O)C[C@H](O)C5=C)\CCC[C@]34C,6.16
137,CHEMBL203485,COc1ccc(CN2[C@@H](C[C@@H](C)[C@H]3CCC4\C(=C\C=C/5\C[C@@H](O)C[C@H](O)C5=C)\CCC[C@]34C)C[C@](C)(O)C2=O)cc1,6.18
141,CHEMBL426664,C[C@H](C[C@H]1C[C@](C)(O)C(=O)N1CCCCc2ccccc2)[C@H]3CCC4\C(=C\C=C/5\C[C@@H](O)C[C@H](O)C5=C)\CCC[C@]34C,6.41
145,CHEMBL383014,C[C@H](C[C@H]1C[C@](C)(O)C(=O)N1CCCc2ccccc2)[C@H]3CCC4\C(=C\C=C/5\C[C@@H](O)C[C@H](O)C5=C)\CCC[C@]34C,5.66
149,CHEMBL205727,C[C@H](C[C@H]1C[C@](C)(O)C(=O)N1CCc2ccccc2)[C@H]3CCC4\C(=C\C=C/5\C[C@@H](O)C[C@H](O)C5=C)\CCC[C@]34C,6.68
371,CHEMBL376093,CCC(O)(CC)CCCO[C@H](C)[C@H]1CC[C@H]2\C(=C\C=C/3\C[C@@H](O)C[C@H](C(F)F)C3=C)\CCC[C@]12C,7.71
372,CHEMBL220140,CCC(O)(CC)C(F)(F)CC[C@@H](C)C1=CC[C@H]2\C(=C\C=C/3\C[C@@H](O)C[C@H](C(F)F)C3=C)\CCC[C@]12C,7.3
373,CHEMBL219315,C[C@H](CCCC(C)(C)O)[C@H]1CC[C@H]2\C(=C\C=C/3\C[C@@H](O)C[C@H](C(F)F)C3=C)\CCC[C@]12C,7.52
381,CHEMBL375811,CCCC[C@H](CCC(C)(C)O)[C@H](C)[C@H]1CCC2\C(=C\C=C/3\C[C@@H](O)C[C@H](O)C3=C)\CCC[C@]12C,9.7
425,CHEMBL272502,CCC(CC)(c1ccc(OC[C@H](O)CO)c(C)c1)c2ccc(OC[C@@H](O)C(C)(C)C)c(C)c2,7.81
426,CHEMBL403670,CCC(CC)(c1ccc(OC[C@H](O)CO)c(C)c1)c2ccc(OC[C@H](O)C(C)(C)C)c(C)c2,8.33
427,CHEMBL403885,CCC(CC)(c1ccc(OC[C@@H](O)CO)c(C)c1)c2ccc(OC[C@@H](O)C(C)(C)C)c(C)c2,8.78
428,CHEMBL272304,CCC(CC)(c1ccc(OC[C@@H](O)CO)c(C)c1)c2ccc(OC[C@H](O)C(C)(C)C)c(C)c2,10.4
443,CHEMBL261197,C[C@H](C[C@@H]1CC(=C)C(=O)O1)[C@H]2CC[C@H]3\C(=C\C=C4C[C@@H](O)C(=C)[C@H](O)C4)\CCC[C@]23C,6.82
445,CHEMBL429347,C[C@@H](C[C@@H]1CC(=C)C(=O)O1)[C@H]2CC[C@H]3\C(=C\C=C4C[C@@H](O)C(=C)[C@H](O)C4)\CCC[C@]23C,8.22
446,CHEMBL409470,C[C@@H](C[C@H]1CC(=C)C(=O)O1)[C@H]2CC[C@H]3\C(=C\C=C4C[C@@H](O)C(=C)[C@H](O)C4)\CCC[C@]23C,8.0
530,CHEMBL449990,C[C@H](C[C@H]1C[C@](C)(O)C(=O)N1Cc2ccccc2)[C@H]3CC[C@H]4\C(=C\C=C/5\C[C@@H](O)C[C@H](O)C5=C)\CCC[C@]34C,6.16
531,CHEMBL452939,CCCCOc1cc(CN2[C@@H](C[C@@H](C)[C@H]3CC[C@H]4\C(=C\C=C/5\C[C@@H](O)C[C@H](O)C5=C)\CCC[C@]34C)C[C@](C)(O)C2=O)cc(OCCCC)c1,6.27
532,CHEMBL449281,CCCOc1cc(CN2[C@@H](C[C@@H](C)[C@H]3CC[C@H]4\C(=C\C=C/5\C[C@@H](O)C[C@H](O)C5=C)\CCC[C@]34C)C[C@](C)(O)C2=O)cc(OCCC)c1,6.75
533,CHEMBL443390,CCOc1cc(CN2[C@@H](C[C@@H](C)[C@H]3CC[C@H]4\C(=C\C=C/5\C[C@@H](O)C[C@H](O)C5=C)\CCC[C@]34C)C[C@](C)(O)C2=O)cc(OCC)c1,7.05
534,CHEMBL499517,COc1cc(CCCN2[C@@H](C[C@@H](C)[C@H]3CC[C@H]4\C(=C\C=C/5\C[C@@H](O)C[C@H](O)C5=C)\CCC[C@]34C)C[C@](C)(O)C2=O)cc(OC)c1,6.11
535,CHEMBL442812,COc1cc(CCN2[C@@H](C[C@@H](C)[C@H]3CC[C@H]4\C(=C\C=C/5\C[C@@H](O)C[C@H](O)C5=C)\CCC[C@]34C)C[C@](C)(O)C2=O)cc(OC)c1,6.07
539,CHEMBL472857,COc1cc(CN2[C@@H](C[C@@H](C)[C@H]3CC[C@H]4\C(=C\C=C/5\C[C@@H](O)C[C@H](O)C5=C)\CCC[C@]34C)C[C@](C)(O)C2=O)cc(OC)c1,6.52
540,CHEMBL509677,C[C@H](C[C@H]1C[C@](C)(O)C(=O)N1CCCCc2ccccc2)[C@H]3CC[C@H]4\C(=C\C=C/5\C[C@@H](O)C[C@H](O)C5=C)\CCC[C@]34C,6.41
541,CHEMBL460967,C[C@H](C[C@H]1C[C@](C)(O)C(=O)N1CCCc2ccccc2)[C@H]3CC[C@H]4\C(=C\C=C/5\C[C@@H](O)C[C@H](O)C5=C)\CCC[C@]34C,5.66
542,CHEMBL450080,C[C@H](C[C@H]1C[C@](C)(O)C(=O)N1CCc2ccccc2)[C@H]3CC[C@H]4\C(=C\C=C/5\C[C@@H](O)C[C@H](O)C5=C)\CCC[C@]34C,6.71
584,CHEMBL1086744,CC(C)CCN1Cc2cc(C=C(C)C)c(N)cc2N[C@@H](CC(C)C)C1=O,4.7
600,CHEMBL1086741,CC(C)CCN1Cc2cc(CC(C)C)c(NCCNC(=O)OC(C)(C)C)cc2N[C@@H](CC(C)C)C1=O,4.89
601,CHEMBL1086742,CC(C)CCN1Cc2cc(CC(C)C)c(NCCN)cc2N[C@@H](CC(C)C)C1=O,4.55
710,CHEMBL1270546,CCC(CC)(c1ccc(OC[C@@H](O)CO)c(C)c1)c2ccc(OCC(=O)C(C)(C)Cc3ccccc3)c(C)c2,4.68
711,CHEMBL1270644,CCC(CC)(c1ccc(OC[C@@H](O)CO)c(C)c1)c2ccc(OCC(=O)C(C)(C)CCc3ccccc3)c(C)c2,4.64
716,CHEMBL1270948,CCC(CC)(c1ccc(OC[C@@H](O)CO)c(C)c1)c2ccc(OCC(O)C(C)(C)Cc3ccccc3)c(C)c2,4.96
717,CHEMBL1271050,CCC(CC)(c1ccc(OC[C@@H](O)CO)c(C)c1)c2ccc(OCC(O)C(C)(C)CCc3ccccc3)c(C)c2,5.15
718,CHEMBL1271154,CCC(CC)(c1ccc(OC[C@@H](O)CO)c(C)c1)c2ccc(OCC(O)C(C)(C)CCCc3ccccc3)c(C)c2,5.44
720,CHEMBL1271259,CCC(CC)(c1ccc(OC[C@@H](O)CO)c(C)c1)c2ccc(OCC(O)C34CC5CC(CC(C5)C3)C4)c(C)c2,4.66
740,CHEMBL3392394,CC(OC(=O)c1ccc(c(c1)[N+](=O)[O-])S(=O)(=O)C)C(=O)Nc2cccc(c2)C(=O)C,4.04
741,CHEMBL1502095,CC(=O)c1cccc(NC(=O)COC(=O)c2ccc(c(c2)[N+](=O)[O-])S(=O)(=O)C)c1,4.22
742,CHEMBL1465144,CS(=O)(=O)c1ccc(cc1[N+](=O)[O-])C(=O)OCC(=O)NC23CC4CC(CC(C4)C2)C3,4.27
743,CHEMBL3392375,CS(=O)(=O)c1ccc(cc1[N+](=O)[O-])C(=O)OCC(=O)NC(=O)NC2CCCCC2,4.31
744,CHEMBL3392487,CS(=O)(=O)c1ccc(cc1[N+](=O)[O-])C(=O)OCC(=O)Nc2cc(ccc2Cl)C(F)(F)F,4.16
745,CHEMBL3392357,CC1(C)C2CCC1(C)C(C2)NC(=O)COC(=O)c3ccc(c(c3)[N+](=O)[O-])S(=O)(=O)C,4.4
746,CHEMBL3392429,CS(=O)(=O)c1ccc(cc1[N+](=O)[O-])C(=O)OCC(=O)N2CC(=O)Nc3ccccc23,4.2
747,CHEMBL1702773,Cn1cccc1C(=O)NC(=O)COC(=O)c2ccc(c(c2)[N+](=O)[O-])S(=O)(=O)C,4.1
774,CHEMBL1834889,CCC(CC)(c1ccc(OC[C@H](O)C(C)(C)C)c(C)c1)c2ccc(OC(CCO)CCO)c(C)c2,7.71
775,CHEMBL1834890,CCC(CC)(c1ccc(OCC(CO)CO)c(C)c1)c2ccc(OC[C@H](O)C(C)(C)C)c(C)c2,8.96
776,CHEMBL1834891,CCC(CC)(c1ccc(OC[C@H](O)C(C)(C)C)c(C)c1)c2ccc(O[C@@H](CO)[C@@H](O)CO)c(C)c2,9.04
777,CHEMBL1834892,CCC(CC)(c1ccc(OC[C@H](O)C(C)(C)C)c(C)c1)c2ccc(O[C@H](CO)[C@H](O)CO)c(C)c2,8.9
778,CHEMBL1834893,CCC(CC)(c1ccc(OC[C@H](O)C(C)(C)C)c(C)c1)c2ccc(O[C@@H](CO)CCO)c(C)c2,10.22
779,CHEMBL1834894,CCC(CC)(c1ccc(OC[C@H](O)C(C)(C)C)c(C)c1)c2ccc(O[C@H](CO)CCO)c(C)c2,8.89
24582,CHEMBL2058272,CCC(O)(CC)CC[C@@H](C)[C@H]1CC[C@H]2\C(=C\C=C3C[C@@H](O)C(=C)[C@H](O)C3)\CCC[C@]12C,10.54
24583,CHEMBL2058273,CC[C@@H](CC(O)(CC)CC)[C@@H](C)[C@H]1CC[C@H]2\C(=C\C=C3C[C@@H](O)C(=C)[C@H](O)C3)\CCC[C@]12C,9.42
24584,CHEMBL2058274,CCCC[C@@H](CC(O)(CC)CC)[C@@H](C)[C@H]1CC[C@H]2\C(=C\C=C3C[C@@H](O)C(=C)[C@H](O)C3)\CCC[C@]12C,9.39
24624,CHEMBL2070850,CC(C)c1ccc(cc1)C(Nc2ccccn2)c3c(C)[nH]c4ccccc34,5.04
24625,CHEMBL2070844,CC(C)S(=O)(=O)c1oc(nc1S(=O)(=O)c2ccccc2)c3cccs3,5.59
24626,CHEMBL2070843,CC(C)CS(=O)(=O)c1oc(nc1S(=O)(=O)c2ccc(F)cc2)c3cccs3,5.21
24627,CHEMBL2070842,CCS(=O)(=O)c1oc(nc1S(=O)(=O)c2ccccc2)c3cccs3,5.28
24628,CHEMBL2070841,CCCS(=O)(=O)c1oc(nc1S(=O)(=O)c2ccc(F)cc2)c3cccs3,5.8
24629,CHEMBL1626334,COC(=O)c1ccc2c(c1)C(C)(C)C(=[N+]2C)\C=C\c3ccc(O)cc3,5.17
24630,CHEMBL2070840,COC(=O)c1ccc(\C=C\C2=[N+](C)c3ccc(OC)cc3C2(C)C)cc1,4.94
24631,CHEMBL2070839,CCOc1ccc(\C=C\C2=[N+](C)c3ccc(cc3C2(C)C)C(=O)OC)cc1,5.24
24632,CHEMBL2070858,COc1ccc(\C=C\C2=[N+](C)c3ccc(OC)cc3C2(C)C)cc1,5.26
24633,CHEMBL2070859,COC(=O)c1ccc2c(c1)C(C)(C)C(=[N+]2C)\C=C\c3ccc(OC)cc3,5.22
24772,CHEMBL2171448,CC\C(=C/C=C/C(O)(C(F)(F)F)C(F)(F)F)\c1cccc(OCc2ccc(CO)c(CO)c2)c1,8.3
24773,CHEMBL2171447,CC\C(=C/C=C/C(O)(C(F)(F)F)C(F)(F)F)\c1cccc(CCc2ccc(CO)c(CO)c2)c1,8.77
24776,CHEMBL2171446,CC\C(=C/C=C/C(O)(CC)CC)\c1cccc(OCc2ccc(CO)c(CO)c2)c1,7.31
24778,CHEMBL2171449,CCCc1cc(ccc1c2cc(OCc3ccc(CO)c(CO)c3)ccc2CC)C(O)(CC)CC,8.66
24780,CHEMBL2170202,C[C@H](\C=C\C[C@H](O)CC12CC3CC(CC(C3)C1)C2)[C@H]4CC[C@H]5\C(=C\C=C6C[C@@H](O)C(=C)[C@H](O)C6)\CCC[C@]45C,8.52
24880,CHEMBL2325060,CCOC(=O)c1ccc(c(OCCO)c1)c2cc3CN(CCC(C)C)C(=O)[C@H](CC(C)C)Nc3cc2N,4.7
24882,CHEMBL2325058,CCOC(=O)c1ccc(cc1)c2cc3CN(CCC(C)C)C(=O)[C@H](CC(C)C)Nc3cc2N,4.85
24883,CHEMBL2325057,CC(C)CCN1Cc2cc(c(N)cc2N[C@@H](CC(C)C)C1=O)c3ccccc3,4.62
24885,CHEMBL2325055,CCCCc1cc2CN(CCC(C)C)C(=O)[C@H](CC(C)C)Nc2cc1N,4.6
24887,CHEMBL2325052,CC(C)CCN1Cc2cc(I)c(N)cc2N[C@@H](CC(C)C)C1=O,4.52
25020,CHEMBL2348918,CS(=O)(=O)c1ccc(cc1[N+](=O)[O-])C(=O)NCCCC(=O)N2CCN(CC2)c3ccc(cc3)C(F)(F)F,5.16
25021,CHEMBL2348917,CS(=O)(=O)c1ccc(cc1[N+](=O)[O-])C(=O)NCCCC(=O)N2CCN(CC2)c3ccc(F)cc3,4.19
25035,CHEMBL2348903,CC1Cc2ccccc2N1C(=O)CCNC(=O)c3ccc(c(c3)[N+](=O)[O-])S(=O)(=O)C,4.26
25042,CHEMBL2348896,CS(=O)(=O)c1ccc(cc1[N+](=O)[O-])C(=O)NCCC(=O)N2CCN(CC2)c3ccccc3F,4.18
25047,CHEMBL2348891,CS(=O)(=O)c1ccc(cc1[N+](=O)[O-])C(=O)NCCC(=O)N(Cc2ccccc2)Cc3ccccc3,4.42
25051,CHEMBL2348887,CCCN(C(=O)CCNC(=O)c1ccc(c(c1)[N+](=O)[O-])S(=O)(=O)C)c2ccccc2,4.4
25054,CHEMBL2348884,CS(=O)(=O)c1ccc(cc1[N+](=O)[O-])C(=O)NCCC(=O)NC23CC4CC(CC(C4)C2)C3,4.36
25059,CHEMBL2348879,CS(=O)(=O)c1ccc(cc1[N+](=O)[O-])C(=O)NCC(=O)N2CCN(CC2)c3ccc(F)cc3,4.29
25063,CHEMBL2348875,CS(=O)(=O)c1ccc(cc1[N+](=O)[O-])C(=O)NCC(=O)N2CCC(CC2)c3ccccc3,4.43
25071,CHEMBL2348867,CS(=O)(=O)c1ccc(cc1[N+](=O)[O-])C(=O)NCC(=O)N2CCc3ccccc3C2,4.3
25074,CHEMBL2409531,CC(C)C[C@H](N)C(=O)N[C@@H](CC(C)C)C(=O)N[C@H]1CCOCC(O)C(O)COCC[C@H](NC(=O)[C@H](CC(C)C)NC(=O)[C@H](CC(C)C)NC(=O)C(C)(C)NC1=O)C(=O)O,5.5
25103,CHEMBL2407826,C[C@H](CCCC(C)(C)O)[C@H]1CC[C@H]2\C(=C\C=C/3\C[C@@H](O)[C@H](CCn4ccnc4)[C@H](O)C3=C)\CCC[C@]12C,9.17
25104,CHEMBL2407825,C[C@H](CCCC(C)(C)O)[C@H]1CC[C@H]2\C(=C\C=C/3\C[C@@H](O)[C@H](CCn4ccnn4)[C@H](O)C3=C)\CCC[C@]12C,9.68
25105,CHEMBL2407824,C[C@H](CCCC(C)(C)O)[C@H]1CC[C@H]2\C(=C\C=C/3\C[C@@H](O)[C@H](CCn4nccn4)[C@H](O)C3=C)\CCC[C@]12C,10.36
25106,CHEMBL2407823,C[C@H](CCCC(C)(C)O)[C@H]1CC[C@H]2\C(=C\C=C/3\C[C@@H](O)[C@H](CCn4cncn4)[C@H](O)C3=C)\CCC[C@]12C,9.82
25107,CHEMBL2407822,C[C@H](CCCC(C)(C)O)[C@H]1CC[C@H]2\C(=C\C=C/3\C[C@@H](O)[C@H](CCn4cnnn4)[C@H](O)C3=C)\CCC[C@]12C,9.54
25108,CHEMBL2407821,C[C@H](CCCC(C)(C)O)[C@H]1CC[C@H]2\C(=C\C=C/3\C[C@@H](O)[C@H](CCn4ncnn4)[C@H](O)C3=C)\CCC[C@]12C,11.0
25155,CHEMBL2437031,CCn1c(ccc1C(CC)(CC)c2ccc(OCC(O)C(C)(C)C)c(C)c2)C(=O)N[C@@H](C)C(=O)O,8.39
25156,CHEMBL2437030,CCn1c(ccc1C(CC)(CC)c2ccc(OCC(O)C(C)(C)C)c(C)c2)C(=O)NCCC(=O)O,4.48
25157,CHEMBL2437026,CCC(CC)(c1ccc(OCC(O)C(C)(C)C)c(C)c1)c2ccc(C(=O)NCCC(=O)O)n2C,5.8
25158,CHEMBL2437025,CCC(CC)(c1ccc(OCC(O)C(C)(C)C)c(C)c1)c2ccc(C(=O)NCC(=O)O)n2C,5.31
25159,CHEMBL2437049,CCC(CC)(c1ccc(OCC(=O)C(C)(C)C)c(C)c1)c2ccc(C(=O)N[C@@H](CC(=O)O)C(=O)O)n2C,6.39
25160,CHEMBL2437048,CCC(CC)(c1ccc(OCC(=O)C(C)(C)C)c(C)c1)c2ccc(C(=O)N[C@@H](C)C(=O)O)n2C,5.58
25161,CHEMBL2437045,CCn1c(ccc1C(CC)(CC)c2ccc(OCC(O)C(C)(C)C)c(C)c2)C(=O)N[C@H](CO)CCO,6.96
25162,CHEMBL2434990,CCn1c(ccc1C(CC)(CC)c2ccc(OCC(O)C(C)(C)C)c(C)c2)C(=O)N[C@@H](C)CO,8.98
25163,CHEMBL2437043,CCn1c(ccc1C(CC)(CC)c2ccc(OCC(O)C(C)(C)C)c(C)c2)C(=O)NCCO,5.25
25164,CHEMBL2437042,CCC(CC)(c1ccc(OCC(O)C(C)(C)C)c(C)c1)c2ccc(C(=O)N[C@H](CO)CCO)n2C,6.7
25165,CHEMBL2437041,CCC(CC)(c1ccc(OCC(O)C(C)(C)C)c(C)c1)c2ccc(C(=O)N[C@@H](C)CO)n2C,6.24
25166,CHEMBL2437040,CCC(CC)(c1ccc(OCC(O)C(C)(C)C)c(C)c1)c2ccc(C(=O)NCCCO)n2C,6.82
25167,CHEMBL2437035,CCn1c(ccc1C(CC)(CC)c2ccc(OCC(=O)C(C)(C)C)c(C)c2)C(=O)NCC(=O)OC,5.74
25168,CHEMBL2437053,CCC(CC)(c1ccc(OCC(=O)C(C)(C)C)c(C)c1)c2ccc(C(=O)NCCC(=O)OC)n2C,6.1
25169,CHEMBL2437052,CCC(CC)(c1ccc(OCC(=O)C(C)(C)C)c(C)c1)c2ccc(C(=O)NCC(=O)OC)n2C,7.64
25170,CHEMBL2437291,Cc1ccc(cc1)C2=CSC(=N)N2CC(=O)N3CCN(CC3)c4ccccc4,5.99
25171,CHEMBL2437292,Clc1ccc(cc1)C2=CSC(=N)N2CC(=O)N3CCN(CC3)c4ccccc4,5.51
25172,CHEMBL2437293,N=C1SC=C(N1CC(=O)N2CCN(CC2)c3ccccc3)c4ccccc4,5.8
25173,CHEMBL2437294,CC(=O)N1CCN(CC1)C(=O)CN2C(=N)SC=C2c3ccc(C)cc3,5.55
25174,CHEMBL2437295,CC(=O)N1CCN(CC1)C(=O)CN2C(=N)SC=C2c3ccc(Cl)cc3,5.64
25175,CHEMBL2437297,CC(=O)N1CCN(CC1)C(=O)CN2C(=N)SC=C2c3ccccc3,5.33
25176,CHEMBL2437296,CN1CCN(CC1)C(=O)CN2C(=N)SC=C2c3ccc(C)cc3,4.77
25177,CHEMBL2437298,CN1CCN(CC1)C(=O)CN2C(=N)SC=C2c3ccc(Cl)cc3,5.44
25178,CHEMBL2437300,CN1CCN(CC1)C(=O)CN2C(=N)SC=C2c3ccccc3,4.55
25179,CHEMBL2437299,Cc1ccc(cc1)C2=CSC(=N)N2CC(=O)N3CCOCC3,4.86
25180,CHEMBL2437302,Clc1ccc(cc1)C2=CSC(=N)N2CC(=O)N3CCOCC3,5.38
25181,CHEMBL2437301,N=C1SC=C(N1CC(=O)N2CCOCC2)c3ccccc3,4.61
25193,CHEMBL3109622,COc1ncccc1NC(c2cccnc2)c3c(C)[nH]c4cc(C)ccc34,5.27
25194,CHEMBL3109621,COc1ccc(NC(c2nccs2)c3c(C)[nH]c4ccccc34)cc1OC,5.07
25195,CHEMBL3109620,Cc1ccc2c(C(Nc3cccnc3)c4ccccc4Cl)c(C)[nH]c2c1,5.17
25196,CHEMBL3109619,COc1ncccc1NC(c2ccccc2Cl)c3c(C)[nH]c4cc(C)ccc34,4.91
25199,CHEMBL3109614,Cc1[nH]c2ccccc2c1C(Nc3ccc(Cl)cc3)c4nccs4,5.42
25200,CHEMBL3109613,Cc1[nH]c2ccccc2c1C(Nc3ccc(Cl)cc3)c4ncc[nH]4,5.22
25201,CHEMBL3109611,COc1ncccc1C(Nc2ccc(Cl)cc2)c3c(C)[nH]c4ccccc34,4.85
25202,CHEMBL3109610,Cc1[nH]c2ccccc2c1C(Nc3ccc(Cl)cc3)c4ccncc4,5.43
25203,CHEMBL3109609,Cc1[nH]c2ccccc2c1C(Nc3ccc(Cl)cc3)c4cccnc4,5.5
25204,CHEMBL3109608,Cc1ccc(CNC(c2ccccc2Cl)c3c(C)[nH]c4cc(C)ccc34)cc1,5.47
25205,CHEMBL3109607,Cc1ccc2c(C(NCc3ccc(cc3)C(F)(F)F)c4ccccc4Cl)c(C)[nH]c2c1,5.04
25206,CHEMBL3109606,Cc1ccc2c(C(NCc3ccccc3)c4ccccc4Cl)c(C)[nH]c2c1,5.24
25207,CHEMBL3109605,Cc1[nH]c2ccccc2c1C(NCc3ccccc3)c4ccccc4Cl,5.27
25209,CHEMBL3109603,Cc1ccc2c(C(Nc3ccc(cc3)C(F)(F)F)c4ccccc4Cl)c(C)[nH]c2c1,5.24
25210,CHEMBL3109602,COc1ccc2c(C(Nc3ccc(Cl)cc3)c4ccccc4Cl)c(C)[nH]c2c1,5.14
25211,CHEMBL3109601,Cc1ccc2c(C(Nc3ccc(Cl)cc3)c4ccccc4Cl)c(C)[nH]c2c1,5.28
25212,CHEMBL3109600,Cc1ccc2c(C(Nc3ccc(OC(F)(F)F)cc3)c4ccccc4Cl)c(C)[nH]c2c1,5.3
25213,CHEMBL3109599,COc1ccc(NC(c2ccccc2Cl)c3c(C)[nH]c4cc(C)ccc34)cc1OC,5.03
25214,CHEMBL3108789,COc1ccc(cc1)C(Nc2ccc(OC)c(OC)c2)c3c(C)[nH]c4ccccc34,5.5
25215,CHEMBL3109598,COc1ccc(NC(c2ccc(cc2)C(F)(F)F)c3c(C)[nH]c4ccccc34)cc1OC,5.36
25216,CHEMBL3109597,COc1ccc(NC(c2ccc(OC(F)(F)F)cc2)c3c(C)[nH]c4ccccc34)cc1OC,5.66
25217,CHEMBL3109596,COc1ccc(NC(c2ccccc2Cl)c3c(C)[nH]c4ccccc34)cc1OC,5.52
25218,CHEMBL3109624,Cc1ccc(NC(c2ccccc2Cl)c3c(C)[nH]c4ccccc34)cc1C,6.23
25227,CHEMBL3109612,Cc1[nH]c2ccccc2c1C(Nc3ccc(Cl)cc3)c4nccn4C,4.18
25245,CHEMBL3264160,CCCC[C@H](CCO)[C@@H](C)[C@H]1CC[C@H]2\C(=C\C=C3C[C@@H](O)C(=C)[C@H](O)C3)\CCC[C@]12C,9.59
25246,CHEMBL3264161,CC[C@H](CCO)[C@@H](C)[C@H]1CC[C@H]2\C(=C\C=C3C[C@@H](O)C(=C)[C@H](O)C3)\CCC[C@]12C,8.54
25247,CHEMBL3264162,CCCC[C@H](CC(C)(C)O)[C@@H](C)[C@H]1CC[C@H]2\C(=C\C=C3C[C@@H](O)C(=C)[C@H](O)C3)\CCC[C@]12C,9.92
25248,CHEMBL3264163,CC[C@H](CC(C)(C)O)[C@@H](C)[C@H]1CC[C@H]2\C(=C\C=C3C[C@@H](O)C(=C)[C@H](O)C3)\CCC[C@]12C,8.81
25249,CHEMBL3264164,CCCC[C@H](CCCO)[C@@H](C)[C@H]1CC[C@H]2\C(=C\C=C3C[C@@H](O)C(=C)[C@H](O)C3)\CCC[C@]12C,9.05
25250,CHEMBL3264165,CC[C@H](CCCO)[C@@H](C)[C@H]1CC[C@H]2\C(=C\C=C3C[C@@H](O)C(=C)[C@H](O)C3)\CCC[C@]12C,8.15
25251,CHEMBL3264166,CCCC[C@H](CCC(C)(C)O)[C@@H](C)[C@H]1CC[C@H]2\C(=C\C=C3C[C@@H](O)C(=C)[C@H](O)C3)\CCC[C@]12C,9.54
25252,CHEMBL3264167,CC[C@H](CCC(C)(C)O)[C@@H](C)[C@H]1CC[C@H]2\C(=C\C=C3C[C@@H](O)C(=C)[C@H](O)C3)\CCC[C@]12C,8.62
25253,CHEMBL3264168,CCCC[C@H](CC(O)(CC)CC)[C@@H](C)[C@H]1CC[C@H]2\C(=C\C=C3C[C@@H](O)C(=C)[C@H](O)C3)\CCC[C@]12C,8.75
25254,CHEMBL3264169,CC[C@H](CC(O)(CC)CC)[C@@H](C)[C@H]1CC[C@H]2\C(=C\C=C3C[C@@H](O)C(=C)[C@H](O)C3)\CCC[C@]12C,8.81
25301,CHEMBL3263870,C[C@H](CC#C[C@H](O)C12CC3CC(CC(C3)C1)C2)[C@H]4CC[C@H]5\C(=C\C=C6C[C@@H](O)C(=C)[C@H](O)C6)\CCC[C@]45C,8.18
25303,CHEMBL3263873,C[C@H](CC#C[C@@H](O)CC12CC3CC(CC(C3)C1)C2)[C@H]4CC[C@H]5\C(=C\C=C6C[C@@H](O)C(=C)[C@H](O)C6)\CCC[C@]45C,7.92
25305,CHEMBL3263872,C[C@H](CC#C[C@H](O)CC12CC3CC(CC(C3)C1)C2)[C@H]4CC[C@H]5\C(=C\C=C6C[C@@H](O)C(=C)[C@H](O)C6)\CCC[C@]45C,7.89
25358,CHEMBL3397914,CC(C)C[C@H](NC(=O)C)C(=O)N[C@@H](CC(C)C)C(=O)N[C@H]1CCOCCCCOCC[C@H](NC(=O)[C@H](CC(C)C)NC(=O)[C@H](CC(C)C)NC(=O)C(CO)(CO)NC1=O)C(=O)N,4.7
25359,CHEMBL3397913,CC(C)C[C@H](NC(=O)C)C(=O)N[C@@H](CC(C)C)C(=O)N[C@H]1CCOCC(O)C(O)COCC[C@H](NC(=O)[C@H](CC(C)C)NC(=O)[C@H](CC(C)C)NC(=O)C(C)(C)NC1=O)C(=O)N,4.17
25381,CHEMBL333950,C[C@H](OCCC(C)(C)O)[C@H]1CC[C@H]2\C(=C\C=C/3\C[C@@H](O)C[C@H](O)C3=C)\CCC[C@]12C,7.42
25383,CHEMBL3623500,CC(C)[C@@H](O)CC[C@](C)(O)[C@H]1CC[C@H]2\C(=C\C=C/3\C[C@@H](O)C[C@H](O)C3=C)\CCC[C@]12C,6.57
25384,CHEMBL3623498,CC(C)[C@H](O)CC[C@](C)(O)[C@H]1CC[C@H]2\C(=C\C=C/3\C[C@@H](O)C[C@H](O)C3=C)\CCC[C@]12C,7.19
25440,CHEMBL3747243,C[C@]12CCC\C(=C/C=C3C[C@@H](O)C(=C)[C@H](O)C3)\[C@@H]1CC[C@@H]2C#CC#C[C@H](O)C45CC6CC(CC(C6)C4)C5,7.9
25441,CHEMBL3745849,C[C@]12CCC\C(=C/C=C3C[C@@H](O)C(=C)[C@H](O)C3)\[C@@H]1CC[C@@H]2C#CC#C[C@@H](O)C45CC6CC(CC(C6)C4)C5,8.3
25442,CHEMBL3745746,C[C@]12CCC\C(=C/C=C3C[C@@H](O)C(=C)[C@H](O)C3)\[C@@H]1CC[C@@H]2C#CC#C[C@H](O)CC45CC6CC(CC(C6)C4)C5,7.46
25443,CHEMBL3747761,C[C@]12CCC\C(=C/C=C3C[C@@H](O)C(=C)[C@H](O)C3)\[C@@H]1CC[C@@H]2C#CC#C[C@@H](O)CC45CC6CC(CC(C6)C4)C5,7.46
25483,CHEMBL3747341,CCN(CC)CCCNC(=O)c1ccc(n1CC)C(CC)(CC)c2ccc(OCC(=O)C(C)(C)C)c(C)c2,6.06
25484,CHEMBL3747293,CCn1c(ccc1C(CC)(CC)c2ccc(OCC(=O)C(C)(C)C)c(C)c2)C(=O)NCCCN3CCOCC3,5.45
25485,CHEMBL3747314,CCn1c(ccc1C(CC)(CC)c2ccc(OCC(=O)C(C)(C)C)c(C)c2)C(=O)NCCN,6.0
25486,CHEMBL3746465,CCn1c(ccc1C(CC)(CC)c2ccc(OCC(O)C(C)(C)C)c(C)c2)C(=O)NCCCN(C)C,6.71
25487,CHEMBL3747730,CCN(CC)CCCNC(=O)c1ccc(n1CC)C(CC)(CC)c2ccc(OCC(O)C(C)(C)C)c(C)c2,7.15
25489,CHEMBL3747642,CCn1c(ccc1C(CC)(CC)c2ccc(OCC(O)C(C)(C)C)c(C)c2)C(=O)NCC(OC)OC,5.28
25490,CHEMBL3746013,CCn1c(ccc1C(CC)(CC)c2ccc(OCC(O)C(C)(C)C)c(C)c2)C(=O)NCCCN3CCOCC3,5.93
25491,CHEMBL3747184,CCn1c(ccc1C(CC)(CC)c2ccc(OCC(O)C(C)(C)C)c(C)c2)C(=O)NCCN,6.71
25493,CHEMBL3747394,CC[C@@H](C)[C@H](NC(=O)c1ccc(n1CC)C(CC)(CC)c2ccc(OCC(=O)C(C)(C)C)c(C)c2)C(=O)O,6.25
25494,CHEMBL3747703,CC[C@@H](C)[C@H](NC(=O)c1ccc(n1CC)C(CC)(CC)c2ccc(OCC(O)C(C)(C)C)c(C)c2)C(=O)O,6.41
25495,CHEMBL3747395,CCOc1ccc(NC(=O)c2ccc(n2CC)C(CC)(CC)c3ccc(OCC(O)C(C)(C)C)c(C)c3)cc1,5.03
25497,CHEMBL3746116,CC[C@@H](C)[C@H](NC(=O)c1ccc(n1CC)C(CC)(CC)c2ccc(OCC(=O)C(C)(C)C)c(C)c2)C(=O)OC,6.23
25499,CHEMBL3746078,CCN(CC)CCNC(=O)c1ccc(n1CC)C(CC)(CC)c2ccc(OCC(=O)C(C)(C)C)c(C)c2,7.04
25500,CHEMBL3747383,CCn1c(ccc1C(CC)(CC)c2ccc(OCC(=O)C(C)(C)C)c(C)c2)C(=O)NCCN(C)C,7.11
25501,CHEMBL3747675,CCn1c(ccc1C(CC)(CC)c2ccc(OCC(=O)C(C)(C)C)c(C)c2)C(=O)NCCCN(C)C,7.02
25503,CHEMBL3746676,CCn1c(ccc1C(CC)(CC)c2ccc(OCC(=O)C(C)(C)C)c(C)c2)C(=O)NCC#C,5.66
25504,CHEMBL3747213,CCn1c(ccc1C(CC)(CC)c2ccc(OCC(=O)C(C)(C)C)c(C)c2)C(=O)NCC(OC)OC,6.89
25506,CHEMBL3746290,CCn1c(ccc1C(CC)(CC)c2ccc(OCC(=O)C(C)(C)C)c(C)c2)C(=O)NCCBr,5.72
25508,CHEMBL3747624,CCn1c(ccc1C(CC)(CC)c2ccc(OCC(=O)C(C)(C)C)c(C)c2)C(=O)N(C)CCC#N,5.01
25509,CHEMBL3745944,CCn1c(ccc1C(CC)(CC)c2ccc(OCC(=O)C(C)(C)C)c(C)c2)C(=O)N(C)CC=C,4.67
25510,CHEMBL3745834,CCn1c(ccc1C(CC)(CC)c2ccc(OCC(=O)C(C)(C)C)c(C)c2)C(=O)N(C)c3ccccc3,4.73
25511,CHEMBL3747768,CCn1c(ccc1C(CC)(CC)c2ccc(OCC(=O)C(C)(C)C)c(C)c2)C(=O)N(CCC#N)CCC#N,6.06
25512,CHEMBL3746415,CCn1c(ccc1C(CC)(CC)c2ccc(OCC(=O)C(C)(C)C)c(C)c2)C(=O)OC(C)C#C,6.68
25513,CHEMBL3747092,CCn1c(ccc1C(CC)(CC)c2ccc(OCC(=O)C(C)(C)C)c(C)c2)C(=O)OCCC#C,4.54
25515,CHEMBL3747296,CC[C@@H](C)[C@H](NC(=O)c1ccc(n1CC)C(CC)(CC)c2ccc(OCC(O)C(C)(C)C)c(C)c2)C(=O)OC,7.59
25516,CHEMBL3747701,CCOC(=O)CN(C)C(=O)c1ccc(n1CC)C(CC)(CC)c2ccc(OCC(O)C(C)(C)C)c(C)c2,6.68
25517,CHEMBL3747640,CCN(CC)CCNC(=O)c1ccc(n1CC)C(CC)(CC)c2ccc(OCC(O)C(C)(C)C)c(C)c2,6.96
25518,CHEMBL3746520,CCn1c(ccc1C(CC)(CC)c2ccc(OCC(O)C(C)(C)C)c(C)c2)C(=O)NCCN(C)C,7.85
25524,CHEMBL3746222,CCn1c(ccc1C(CC)(CC)c2ccc(OCC(O)C(C)(C)C)c(C)c2)C(=O)NCCBr,6.89
25526,CHEMBL3745792,CCn1c(ccc1C(CC)(CC)c2ccc(OCC(O)C(C)(C)C)c(C)c2)C(=O)N(C)CCC#N,5.71
25527,CHEMBL3746653,CCn1c(ccc1C(CC)(CC)c2ccc(OCC(O)C(C)(C)C)c(C)c2)C(=O)N(C)CC=C,5.4
25528,CHEMBL3747711,CCn1c(ccc1C(CC)(CC)c2ccc(OCC(O)C(C)(C)C)c(C)c2)C(=O)N(C)c3ccccc3,5.19
25530,CHEMBL3747246,CCn1c(ccc1C(CC)(CC)c2ccc(OCC(O)C(C)(C)C)c(C)c2)C(=O)OC(C)C#C,6.7
25531,CHEMBL3747284,CCn1c(ccc1C(CC)(CC)c2ccc(OCC(O)C(C)(C)C)c(C)c2)C(=O)OCCC#C,5.99
25532,CHEMBL3746576,CCn1c(ccc1C(CC)(CC)c2ccc(OCC(=O)C(C)(C)C)c(C)c2)C(=O)OC(C)CCO,6.42
25534,CHEMBL3746130,CCn1c(ccc1C(CC)(CC)c2ccc(OCC(=O)C(C)(C)C)c(C)c2)C(=O)N(C)CC(=O)O,5.86
25536,CHEMBL3746880,CCn1c(ccc1C(CC)(CC)c2ccc(OCC(O)C(C)(C)C)c(C)c2)C(=O)N(C)CC(=O)O,6.13
25540,CHEMBL3746619,CCOC(=O)c1ccc(OC(=O)c2ccc(n2CC)C(CC)(CC)c3ccc(OCC(=O)C(C)(C)C)c(C)c3)cc1,4.34
25541,CHEMBL3746829,CCn1c(ccc1C(CC)(CC)c2ccc(OCC(=O)C(C)(C)C)c(C)c2)C(=O)Oc3ccc(CC(=O)OC)cc3,5.64
25546,CHEMBL3746817,CCn1c(ccc1C(CC)(CC)c2ccc(OCC(O)C(C)(C)C)c(C)c2)C(=O)Oc3ccc(CCO)cc3,5.29
25548,CHEMBL3746161,CCn1c(ccc1C(CC)(CC)c2ccc(OCC(=O)C(C)(C)C)c(C)c2)C(=O)OCc3ccc(F)cc3,5.02
25629,CHEMBL3822994,CC(C)C[C@H](O)C[C@](C)(O)[C@H]1CC[C@H]2\C(=C\C=C/3\C[C@@H](O)C[C@H](O)C3=C)\CCC[C@]12C,6.69
25630,CHEMBL3822832,CC(C)C[C@@H](O)C[C@](C)(O)[C@H]1CC[C@H]2\C(=C\C=C/3\C[C@@H](O)C[C@H](O)C3=C)\CCC[C@]12C,7.51
25631,CHEMBL3823776,CC(C)C[C@@H](O)C[C@](C)(O)[C@H]1CC[C@H]2\C(=C\C=C/3\C[C@@H](O)CCC3=C)\CCC[C@]12C,6.32
