id,smiles,name,assay_type,activity_value
2359224,CN1CCN(CC2=CC=C(NC(=O)C3=CC=C(C)C(=C3)C#CC3=CN=C4C=CC=NN34)C=C2C(F)(F)F)CC1,ponatinib,IC50,9.43179798
985681,CC1=NC(NC2=NC=C(S2)C(=O)NC2=C(C)C=CC=C2Cl)=CC(=N1)N1CCN(CCO)CC1,dasatinib,IC50,9.60000038
1119248,CN1CCN(CC2=CC=C(C=C2)C(=O)NC2=CC=C(C)C(NC3=NC=CC(=N3)C3=CN=CC=C3)=C2)CC1,imatinib,Kd,8.96
1502412,CC1=CN(C=N1)C1=CC(=CC(NC(=O)C2=CC(NC3=NC=CC(=N3)C3=CN=CC=C3)=C(C)C=C2)=C1)C(F)(F)F,nilotinib,Kd,8.44
293662,COc1cc(Nc2c(cnc3cc(OCCCN4CCN(C)CC4)c(OC)cc23)C#N)c(Cl)cc1Cl,bosutinib,Kd,10.54
3989716,CC1=CN(C=N1)C1=CC(NC(=O)C2=CC=C(C)C(NC3=NC=CC(=N3)C3=CN=CC=N3)=C2)=CC(=C1)C(F)(F)F,radotinib,IC50,7.51427841
3989759,CCC(=O)Nc1ccc(cn1)C#Cc2cc(ccc2C)C(=O)Nc3ccc(CN4CCN(C)CC4)c(c3)C(F)(F)F,CHEMBL1784628,IC50,7.54
3989770,CN1CCN(Cc2ccc(NC(=O)c3ccc(C)c(c3)C#Cc4ccc5[nH]ncc5c4)cc2C(F)(F)F)CC1,CHEMBL2316579,IC50,7.54
3989781,CN1CCN(Cc2ccc(NC(=O)c3ccc(C)c(c3)C#Cc4cnc(N)s4)cc2C(F)(F)F)CC1,CHEMBL1784640,IC50,7.54
3989792,CN1CCN(Cc2ccc(NC(=O)c3ccc(C4CC4)c(c3)C#Cc5cnc6[nH]ncc6c5)cc2C(F)(F)F)CC1,CHEMBL2316585,IC50,7.54
3989803,Cc1cn(cn1)c2cccc(NC(=O)c3ccc(C)c(Nc4nccc(n4)c5cccnc5)c3)c2,CHEMBL2311808,Kd,7.54
3989813,CN(C)CCCNC(=O)c1cc2cc(NC(=O)c3ccccc3Br)cnc2[nH]1,CHEMBL3347647,IC50,7.55
3989823,CNN=Nc1ccc(cc1C(F)(F)F)C(=O)Nc2ccc(C)c(Nc3nccc(n3)c4cccnc4)c2,CHEMBL230065,IC50,7.55
3989834,COC(=O)c1cc2cc(NC(=O)c3c(C)cccc3Cl)cnc2[nH]1,CHEMBL3347638,IC50,7.55
325048,COC(=O)c1ccc2\C(=C(\Nc3ccc(cc3)N(C)C(=O)CN4CCN(C)CC4)/c5ccccc5)\C(=O)Nc2c1,nintedanib,Kd,7.55
3989846,Cc1ccc(cc1C#Cn2cnc3c(NC4CC4)cccc23)C(=O)Nc5cc(on5)C(F)(F)F,CHEMBL1171280,IC50,7.55
1502512,CN1CCN(Cc2ccc(NC(=O)Nc3cc(C#Cc4cnc5cccnn45)n(C)n3)cc2C(F)(F)F)CC1,CHEMBL2324926,IC50,7.57
26231,CN[C@@H]1C[C@H]2O[C@@](C)([C@@H]1OC)n3c4ccccc4c5c6CNC(=O)c6c7c8ccccc8n2c7c35,CHEMBL388978,Kd,7.57
3989862,COC[C@@H](C)Oc1ccc2cc(NC(=O)C3CC3)ncc2c1,CHEMBL3685188,Ki,7.57
3989872,Cc1cc(cc2nnc(Nc3ccc(cc3)S(=O)(=O)NCCN4CCCC4)nc12)c5c(Cl)ccc(O)c5Cl,CHEMBL400303,Ki,7.57
3989882,Cc1ccc(F)cc1c2ccc3cc(NS(=O)(=O)C)ncc3c2,CHEMBL3685070,Ki,7.57
1502443,Cc1ccc(NC(=O)c2ccc(CN3CCN(CCO)CC3)c(c2)C(F)(F)F)cc1C#Cc4cnc5ccccn45,CHEMBL2324931,IC50,7.57
3989893,Fc1ccc(NC(=O)C2CCOCC2)cc1c3ccc4cc(NC(=O)C5CC5)ncc4c3,CHEMBL3685196,Ki,7.57
3989902,O=C(Nc1cc2ccc(OC3CCCCC3)cc2cn1)C4CC4,CHEMBL3685082,Ki,7.57
3989912,CN1CCCN(Cc2ccc(cc2)C(=O)Nc3ccc(C)c(c3)n4cc(cn4)c5cccnc5)CC1,CHEMBL3597615,IC50,7.58
1178636,CC(C)n1nc(c2cc(O)cc(Br)c2)c3c(N)ncnc13,CHEMBL1242285,IC50,7.59
3989925,CN(C)[C@H]1CCN(Cc2ccc(cc2C(F)(F)F)C(=O)Nc3ccc(C)c(Nc4nccc(n4)c5cncnc5)c3)C1,CHEMBL206834,IC50,7.59
3989936,COc1cc(ccc1N)c2nn(C3CCCC3)c4ncnc(N)c24,CHEMBL1241581,IC50,7.59
3989946,Cc1ccc(F)cc1c2ccc3cc(NC(=O)c4ccc(F)cc4)ncc3c2,CHEMBL3685006,Ki,7.59
3989956,Cc1ccc(cc1C#Cc2cnc3ccccn23)C(=O)Nc4cc(cc(c4)C(F)(F)F)n5ccnc5,CHEMBL1172586,IC50,7.59
3989967,Cc1ccc(cc1C#Cc2cnc3ccccn23)C(=O)Nc4cc(cc(c4)C(F)(F)F)n5cnc(CN6CCCC6)c5,CHEMBL1171038,IC50,7.59
3989977,Brc1ccc2cc(NC(=O)C3CC3)ncc2c1,CHEMBL3689693,Ki,7.6
76701,CCN1CCN(Cc2ccc(NC(=O)Nc3ccc(Oc4cc(NC)ncn4)cc3)cc2C(F)(F)F)CC1,CHEMBL574738,Kd,7.6
2754777,CN1CCN(Cc2ccc(cc2)C(=O)Nc3ccc(C)c(Nc4nc(cs4)c5cccnc5)c3)CC1,CHEMBL1908391,Kd,7.6
3989993,CO[C@@H](C(=O)N1Cc2n[nH]c(NC(=O)c3ccc(cc3)N4CCN(C)CC4)c2C1)c5ccccc5,CHEMBL402548,IC50,7.6
3990004,C[C@H](Nc1nc(Nc2cn(C)cn2)c3cc[nH]c3n1)c4ncc(F)cn4,CHEMBL3116050,IC50,7.6
3990014,C[S+]([O-])c1cc(C)c(cn1)c2ccc3cc(NC(=O)C4CC4F)ncc3c2,CHEMBL3689724,Ki,7.6
3990024,Cc1cn(cn1)c2cc(NC(=O)c3ccc(C)c(\C=C\N4CNc5c(NC6CC6)ncnc45)c3)cc(c2)C(F)(F)F,CHEMBL1077317,IC50,7.6
3990035,C1COc2cc3c(Nc4cccc(c4)c5ccccc5)ncnc3cc2O1,CHEMBL3040806,IC50,7.62
3990046,CN1CCN(Cc2cc(NC(=O)c3ccc(C)c(c3)C#Cc4cnc5ccccn45)cc(c2)C(F)(F)F)CC1,CHEMBL1171282,IC50,7.62
633168,[H][C@](C)(OC1=C(N)N=CC(=C1)C1=CN(N=C1)C1CCNCC1)C1=C(Cl)C=CC(F)=C1Cl,crizotinib,IC50,7.62
3990059,Cc1cc(cc2nnc(Nc3ccc(cc3)S(=O)(=O)NCCN4CCCC4)nc12)c5cccc6[nH]ccc56,CHEMBL251015,Ki,7.62
3990069,Cc1ncc(cc1c2ccc3cc(N)ncc3c2)C(=O)NC4CCC4,CHEMBL3689752,Ki,7.62
3990079,Cl.C1COc2cc3c(Nc4cccc(c4)c5ccccc5)ncnc3cc2O1,CHEMBL2419761,IC50,7.62
3990090,Nc1ncnc2c1c(nn2C3CCCC3)c4cc(O)cc(F)c4,CHEMBL1242199,IC50,7.62
617948,O=C(N1CCNCC1)c2ccc(\C=C\c3n[nH]c4ccccc34)cc2,CHEMBL1908397,Kd,7.62
3990103,CC(C)(C)c1cc(NC(=O)Nc2cccc(Nc3ncnc4ccccc34)c2)n(n1)c5cccc(N)c5,CHEMBL2403875,IC50,7.64
3990114,CCN1CCN(Cc2ccc(NC(=O)c3ccc(C)c(c3)C#Cc4cnc5ccccn45)cc2C(F)(F)F)CC1,CHEMBL1169882,IC50,7.64
3990124,CN1CCN(CC1)C2CCc3cc(ccc23)C(=O)Nc4ccc(C)c(Nc5nccc(n5)c6ccncc6)c4,CHEMBL3690083,IC50,7.64
634976,CN1CCN(CC1)c2cc(Nc3cc(C)[nH]n3)nc(Sc4ccc(NC(=O)C5CC5)cc4)n2,CHEMBL572878,Kd,7.64
478442,CNC(=O)C1=C(SC2=CC=C3C(NN=C3\C=C\C3=CC=CC=N3)=C2)C=CC=C1,axitinib,Kd,7.64
3990137,C[C@H](CCO)Oc1ccc2cc(NC(=O)C3CC3)ncc2c1,CHEMBL3685189,Ki,7.64
3990147,Cc1ccc(cc1\C=C\n2cnc3c(NC4CC4)ncnc23)C(=O)Nc5cc(on5)C(F)(F)F,CHEMBL1169876,IC50,7.64
1129213,Nc1ncnc2c1c(nn2C3CCC3)c4ccc(Br)c(O)c4,CHEMBL1242287,IC50,7.64
3990160,CC(C)n1nc(c2cnc3[nH]ccc3c2)c4c(N)ncnc14,CHEMBL1242293,IC50,7.66
3990171,CC1CN(Cc2ccc(NC(=O)c3ccc(C)c(c3)C#Cc4cnc5ccccn45)cc2C(F)(F)F)CCN1,CHEMBL1170078,IC50,7.66
3990181,CCCS(=O)(=O)Nc1ccc(F)c(c1F)c2ccc3cc(NC(=O)C)ncc3c2,CHEMBL3689712,Ki,7.66
3990191,CCc1cccc(Nc2ncc3C=C(C(=O)N(C)c3n2)c4c(Cl)cccc4Cl)c1,CHEMBL565372,IC50,7.66
3990202,CN1CCN(Cc2ccc(NC(=O)Nc3cc(C#Cc4ccc(N)nc4)n(C)n3)cc2C(F)(F)F)CC1,CHEMBL2324929,IC50,7.66
3990213,COc1cc2Cc3c(Nc4cccc(F)c4)[nH]nc3c2cc1OC,CHEMBL120077,IC50,7.66
3990223,Cc1ccc(cc1c2ccc3cc(NC(=O)C4CC4)ncc3c2)C(C)(C)O,CHEMBL3685127,Ki,7.66
3990232,F[C@H]1C[C@H]1C(=O)Nc2cc3cnc(cc3cn2)c4ccccc4OC(F)(F)F,CHEMBL3689747,Ki,7.66
517176,Fc1ccc(Nc2ncnc3cc(OCCCN4CCOCC4)c(NC(=O)C=C)cc23)cc1Cl,CHEMBL31965,Kd,7.66
3990243,O[C@@H]1COCC1Oc2ccc3cc(NC(=O)C4CC4)ncc3c2,CHEMBL3689557,Ki,7.66
3990252,O[C@H]1COCC1Oc2ccc3cc(NC(=O)C4CC4)ncc3c2,CHEMBL3689556,Ki,7.66
1129279,CC(C)n1nc(c2ccc(Br)c(O)c2)c3c(N)ncnc13,CHEMBL1241578,IC50,7.68
3990264,CN1C(=O)C(=Cc2cnc(Nc3ccc(F)cc3)nc12)c4c(Cl)cccc4Cl,CHEMBL574059,IC50,7.68
3990276,Cc1ccc(F)cc1c2ccc3cc(NC4=CC=CC(=O)N4)ncc3c2,CHEMBL3685125,Ki,7.68
3990286,ClC(Cn1ncc2c(NCc3cccc(Cl)c3)ncnc12)c4ccc(Br)cc4,CHEMBL2397804,Ki,7.68
3990297,Nc1ncnc2c1c(nn2[C@@H]3CCOC3)c4ccc(F)c(O)c4,CHEMBL1242749,IC50,7.68
1129032,Nc1ncnc2c1c(nn2[C@H]3CCOC3)c4ccc(Cl)c(O)c4,CHEMBL1241678,IC50,7.68
3990310,Nc1ncnc2c1c(nn2[C@H]3CCOC3)c4ccc(F)c(O)c4,CHEMBL1242748,IC50,7.68
3990321,CC(C)n1nc(C#Cc2ccc(O)cc2)c3c(N)ncnc13,CHEMBL3736466,IC50,7.7
3990332,CN1C(=O)C(=Cc2cnc(NCc3cccc(NC(=O)CN)c3)nc12)c4c(Cl)cccc4Cl,CHEMBL1223482,Ki,7.7
3990343,CN1C(=O)C(=Cc2cnc(NCc3cccc(c3)C(=O)CCCC[C@@H]4SC[C@@H]5NC(=O)N[C@H]45)nc12)c6c(Cl)cccc6Cl,CHEMBL1223483,Ki,7.7
1152722,CN1CCN(Cc2ccc(NC(=O)CNc3ccc(cc3F)c4ccc(NC(=O)C5CC5)nc4)cc2C(F)(F)F)CC1,CHEMBL3806189,IC50,7.7
478654,COc1cc2c(Nc3ccc(Br)cc3F)ncnc2cc1OCC4CCN(C)CC4,vandetanib,Kd,7.7
479349,COc1cc2c(Oc3ccc(NC(=O)C4(CC4)C(=O)Nc5ccc(F)cc5)cc3F)ccnc2cc1OCCCN6CCOCC6,CHEMBL1230609,Kd,7.7
479470,COc1cc2c(Oc3ccc4[nH]c(C)cc4c3F)ncnc2cc1OCCCN5CCCC5,CHEMBL491473,Kd,7.7
3990362,COc1ccccc1Oc2ccc3[nH]nc(c4nc5cc(ccc5[nH]4)N6CCC(CC6)N7CCCCC7)c3c2,CHEMBL211508,IC50,7.7
3990372,Cc1cc(c(C)cn1)c2ccc3cc(NC(=O)C4CC4)ncc3c2,CHEMBL3689581,Ki,7.7
3990384,Cc1cc(cc2nnc(Nc3ccc(OCCN4CCCC4)cc3)nc12)c5c(Cl)cccc5Cl,CHEMBL230686,Ki,7.7
3990395,Cc1ccc(cc1)C(=O)Nc2ccc(C)c(Nc3nccc(n3)c4cccnc4)c2,CHEMBL20867,IC50,7.7
3990405,Cc1ccc(cc1c2ccc3cc(NC(=O)C4CC4)ncc3c2)C(F)(F)F,CHEMBL3685076,Ki,7.7
3990416,Cc1cccc(C)c1c2cc(C)c3nc(Nc4ccc(OCCN5CCCC5)cc4)nnc3c2,CHEMBL436137,IC50,7.7
3990426,Fc1ccc(Oc2ccc3cc(NC(=O)C4CC4)ncc3c2)cc1,CHEMBL3685108,Ki,7.7
3990436,Fc1ccc(cc1)C(Cl)Cn2ncc3c(NCc4ccccc4F)ncnc23,CHEMBL270492,Ki,7.7
3990446,Oc1c(ncc2cc(NC(=O)C3CC3)ncc12)c4ccccc4Cl,CHEMBL3689638,Ki,7.7
3990456,Cc1cccc(C)c1\C=C\n2cnc3c(Nc4ccc(cc4)P(=O)(C)C)nc(nc23)N5CCCC5,CHEMBL451790,IC50,7.71
3990466,FC(F)(F)c1cccc(Cl)c1c2ccc3cc(NC(=O)C4CC4)ncc3c2,CHEMBL3689705,Ki,7.71
3990476,CN1CCN(Cc2ccc(NC(=O)c3ccc(C)c(CCc4cnc5cccnn45)c3)cc2C(F)(F)F)CC1,CHEMBL1173200,IC50,7.72
3990487,CN1CCN(Cc2ccc(NC(=O)c3ccc(C)c(c3)C#Cc4cnc5[nH]ccc5c4)cc2C(F)(F)F)CC1,CHEMBL1171479,IC50,7.72
3990498,COC(=O)c1cc2cc(NCc3ccccc3C)cnc2[nH]1,CHEMBL3347452,IC50,7.72
26279,COc1cc(ccc1Nc2ncc(Cl)c(Nc3ccccc3S(=O)(=O)C(C)C)n2)N4CCC(CC4)N5CCN(C)CC5,CHEMBL509032,Kd,7.72
3990509,Cc1ccc(F)cc1c2cc(C)c3cc(NC(=O)C4CC4)ncc3n2,CHEMBL3689686,Ki,7.72
3990519,Cc1ccc(cc1C#Cc2cnc3ccccn23)C(=O)Nc4ccc(CN5CCN(CCO)CC5)c(c4)C(F)(F)F,CHEMBL1171044,IC50,7.72
3990530,Cc1ccc(cc1C#Cc2cnc3cccnn23)C(=O)Nc4cccc(c4)C(F)(F)F,CHEMBL1172720,IC50,7.72
3990540,COC(=O)c1cc2cc(NC(=O)c3c(F)cccc3OC)cnc2[nH]1,CHEMBL3347624,IC50,7.73
3990550,CN1CCN(Cc2ccc(NC(=O)c3ccc(C)c(c3)C#Cc4cnc5ncnn5c4)cc2C(F)(F)F)CC1,CHEMBL2316581,IC50,7.74
3990561,CN(C)N=Nc1ccc(cc1C(F)(F)F)C(=O)Nc2ccc(C)c(Nc3nccc(n3)c4cccnc4)c2,CHEMBL230178,IC50,7.75
3990572,CN(C)c1nc(Nc2ccc(cc2)P(=O)(C)C)c3ncn(\C=C\c4c(C)cccc4C)c3n1,CHEMBL454873,IC50,7.75
3990583,CN1CCN(Cc2ccc(NC(=O)c3ccc(C)c(c3)C#Cc4ccc(NC(=O)C)nc4)cc2C(F)(F)F)CC1,CHEMBL1784627,IC50,7.75
3990594,CN1CCN(Cc2ccc(NC(=O)c3ccc(C)c(c3)C#Cc4cnc5[nH]cnc5c4)cc2C(F)(F)F)CC1,CHEMBL1171657,IC50,7.75
3991396,Nc1ncnc2c1c(nn2C3CCCC3)c4cnc5[nH]ccc5c4,CHEMBL1081312,IC50,7.75
3991405,O=C(Nc1cc2ccc(cc2cn1)c3cnccn3)C4CC4,CHEMBL3685120,Ki,7.75
3991415,CCCP(=O)(CCC)c1ccc(Nc2ncnc3c2ncn3\C=C\c4c(C)cccc4C)cc1,CHEMBL454872,IC50,7.76
3991426,CNC(=O)c1ncc(C#Cc2cc(ccc2C)C(=O)Nc3ccc(CN4CCN(C)CC4)c(c3)C(F)(F)F)n1C,CHEMBL1784635,IC50,7.76
479438,CNC(=O)c1ncc(C#Cc2cc(ccc2C)C(=O)Nc3ccc(CN4CCN(CCO)CC4)c(c3)C(F)(F)F)n1C,CHEMBL1784637,IC50,7.76
3991439,CC(C)n1nc(\C=C\c2cccc(O)c2)c3c(N)ncnc13,CHEMBL3735312,IC50,7.77
3991450,CCN1CCN(Cc2ccc(cc2)C(=O)Nc3ccc(C)c(c3)n4cc(cn4)c5cccnc5)CC1,CHEMBL3597701,IC50,7.77
3991460,Cc1cc2cc(NC(=O)C3CC3)ncc2nc1c4cc(F)ccc4Cl,CHEMBL3689685,Ki,7.77
3991470,Nc1ncnc2c1c(nn2[C@@H]3CCOC3)c4ccc(Cl)c(O)c4,CHEMBL1241768,IC50,7.77
3991480,O=C(Nc1cc2ccc(cc2cn1)N3CCCC3)C4CC4,CHEMBL3685026,Ki,7.77
3991489,OCCNc1ccc2cc(NC(=O)C3CC3)ncc2c1,CHEMBL3689573,Ki,7.77
3991499,COc1n[nH]c2ncc(cc12)C#Cc3cc(ccc3C)C(=O)Nc4ccc(CN5CCN(C)CC5)c(c4)C(F)(F)F,CHEMBL2316872,IC50,7.78
3991510,CP(=O)(C)c1ccc(Nc2ncnc3c2ncn3\C=C\c4cccc5[nH]ccc45)cc1,CHEMBL454868,IC50,7.78
3991521,CC(C)c1nc(Nc2ccc(cc2)P(=O)(C)C)c3ncn(\C=C\c4c(C)cccc4C)c3n1,CHEMBL459877,IC50,7.8
3991531,CN1C(=O)C=CC=C1c2ccc3cc(NC(=O)C4CC4)ncc3c2,CHEMBL3685040,Ki,7.8
3991541,COc1ccc(Cc2cnc(NC(=O)c3cccs3)s2)cc1,CHEMBL476304,Ki,7.8
3991552,Cc1cc(cc2nnc(Nc3ccc(cc3)S(=O)(=O)NCCN4CCCC4)nc12)c5cc(N)ccc5Cl,CHEMBL231524,Ki,7.8
3991563,Cc1ccc(NC(=O)c2cccc(Cl)c2)cc1n3cc(cn3)c4cccnc4,CHEMBL3597606,IC50,7.8
3991574,CN(C)[C@H]1CCN(Cc2ccc(NC(=O)c3ccc(C)c(c3)C#Cc4cnc5ccccn45)cc2C(F)(F)F)C1,CHEMBL1171473,IC50,7.82
1502501,CN1CCN(Cc2ccc(cc2C(F)(F)F)C(=O)Nc3ccc(C)c(c3)C#Cc4cnc5cccnn45)CC1,CHEMBL2324930,IC50,7.82
3991586,Cc1ccc(F)cc1c2ccc3c(Cl)c(N)ncc3c2,CHEMBL3685094,Ki,7.82
3991595,Cc1ccc(F)cc1c2ccc3cc(NC(=O)C4(F)CC4)ncc3c2,CHEMBL3685007,Ki,7.82
3991604,Clc1cccc(Cl)c1c2ccc3cc(NC(=O)C4CC4)ncc3n2,CHEMBL3689682,Ki,7.82
3991614,CC(C)n1nc(c2ccc(F)c(O)c2)c3c(N)ncnc13,CHEMBL1242377,IC50,7.85
3991625,CCN1CCN(Cc2ccc(NC(=O)c3ccc(C)c(c3)C#Cc4cnc5cccnn45)cc2C(F)(F)F)CC1,CHEMBL1172004,IC50,7.85
3991636,Cc1ccc(NC(=O)c2cccc(c2)C(F)(F)F)cc1n3cc(cn3)c4cccnc4,CHEMBL3597605,IC50,7.85
3991647,Cc1ccc(cc1C#Cc2cnc3ccccn23)C(=O)Nc4ccc(CN5CCNCC5)c(c4)C(F)(F)F,CHEMBL1170077,IC50,7.85
3991660,CC(C)(C)Oc1ccc2cc(NC(=O)C3CC3)ncc2c1,CHEMBL3685185,Ki,7.89
3991670,CN1C(=O)C(=Cc2cnc(Nc3ccc(I)cc3)nc12)c4c(Cl)cccc4Cl,CHEMBL570175,IC50,7.89
3991681,CN1CCCN(Cc2ccc(NC(=O)c3ccc(C)c(c3)C#Cc4cnc5ccccn45)cc2C(F)(F)F)CC1,CHEMBL1169705,IC50,7.89
3991691,Cc1ccc(F)cc1c2cc3cnc(NC(=O)C4CC4)cc3c(n2)c5ccncc5,CHEMBL3689664,Ki,7.89
3991700,Cc1nc(cs1)c2ccc3cc(NC(=O)C4CC4)ncc3c2,CHEMBL3685061,Ki,7.89
3991709,O=C(Nc1cc2ccc(Sc3ccccc3)cc2cn1)C4CC4,CHEMBL3685083,Ki,7.89
3991718,OC1(CCCCC1)c2ccc3cc(NC(=O)C4CC4)ncc3n2,CHEMBL3689688,Ki,7.89
3991727,O[C@@H]1CCCC1Oc2ccc3cc(NC(=O)C4CC4)ncc3c2,CHEMBL3689588,Ki,7.89
3991736,CC(C)COc1ccc2cc(NC(=O)C3CC3)ncc2c1,CHEMBL3685141,Ki,7.92
3991746,CN1C(=O)C(=Cc2cnc(Nc3ccc(NC(=O)CCNC(=O)OC(C)(C)C)cc3)nc12)c4c(Cl)cccc4Cl,CHEMBL565609,IC50,7.92
1502454,CN1CCN(Cc2ccc(NC(=O)Nc3cc(C#Cc4cncc5nccn45)n(C)n3)cc2C(F)(F)F)CC1,CHEMBL2324923,IC50,7.92
3991759,CN1CCN(Cc2ccc(NC(=O)c3ccc(C)c(c3)C#Cc4cnc(NC(=O)C)s4)cc2C(F)(F)F)CC1,CHEMBL1784641,IC50,7.92
3991770,CN1CCN(Cc2ccc(cc2Br)C(=O)Nc3ccc(C)c(Nc4nccc(n4)c5cccnc5)c3)CC1,CHEMBL383010,IC50,7.92
3991780,Cc1ccc(F)cc1c2cc3cnc(NC(=O)C4CC4)cc3c(Oc5ccccc5)n2,CHEMBL3689654,Ki,7.92
3991789,Cc1ccc(F)cc1c2ccc3cc(NC(=O)C4CCCC4)ncc3c2,CHEMBL3685003,Ki,7.92
3991798,Cc1ccc(NC(=O)c2ccc3C(CCc3c2)N4CCN(CCO)CC4)cc1Nc5nccc(n5)c6cccnc6,CHEMBL3690077,IC50,7.92
3991808,Cc1ccc(cc1C#Cc2cnc3cccnn23)C(=O)Nc4ccc(CN5CCN(CCO)CC5)c(c4)C(F)(F)F,CHEMBL1171432,IC50,7.92
3991819,Cl.CN(C)[C@@H]1CCN(Cc2ccc(cc2C(F)(F)F)C(=O)Nc3ccc(C)c(Nc4nccc(n4)c5cncnc5)c3)C1,CHEMBL536073,IC50,7.92
480757,Nc1ncc(c2cnn(CCO)c2)c3scc(c4ccc(NC(=O)Nc5cccc(F)c5)cc4)c13,CHEMBL1980297,IC50,7.92
3991831,CC(C)(CO)Oc1ccc2cc(NC(=O)C3CC3)ncc2c1,CHEMBL3685159,Ki,7.96
3991840,CCc1nc2cc(NC(=O)C3CC3)ncc2cc1c4ccccc4Cl,CHEMBL3689681,Ki,7.96
3991849,C[C@H](CO)Oc1ccc2cc(NC(=O)C3CC3)ncc2c1,CHEMBL3685167,Ki,7.96
3991858,Cc1ccc(F)cc1c2cc3cnc(NC(=O)C4CC4)cc3c(Nc5ccccc5)n2,CHEMBL3689656,Ki,7.96
3991867,Cc1ccc(cc1c2ccc3cc(NC(=O)C4CC4)ncc3c2)C(=O)NC(C)(C)CO,CHEMBL3689615,Ki,7.96
3991876,O=C(Nc1cc2ccc(cc2cn1)c3ccc4cn[nH]c4c3)C5CC5,CHEMBL3685135,Ki,7.96
3991886,CN1CCN(Cc2ccc(NC(=O)c3ccc(C)c(c3)C#Cc4cnc5[nH]nc(c6ccccc6)c5c4)cc2C(F)(F)F)CC1,CHEMBL2316871,IC50,7.98
3991897,C(Nc1ccc2[nH]nc(c3nc4cc(ccc4[nH]3)N5CCC(CC5)N6CCCCC6)c2c1)c7nccs7,CHEMBL376945,IC50,8.0
3991907,CN(C)Cc1nc(cc2cnc(NC(=O)C3CC3)cc12)c4cc(F)ccc4C,CHEMBL3689672,Ki,8.0
3991916,CNC(=O)c1cc(C)c(cn1)c2ccc3cc(NC(=O)C4CC4)ncc3c2,CHEMBL3689545,Ki,8.0
3804300,COc1cc2nccc(Oc3ccc(NC(=O)C4=C(C)N(C)N(C4=O)c5ccccc5)cc3F)c2cc1OC,CHEMBL2031893,IC50,8.0
3991927,Cc1cc(ncc1c2ccc3cc(NC(=O)C4C[C@@H]4F)ncc3c2)[C@@H](N)C(F)(F)F,CHEMBL3689725,Ki,8.0
3991936,Cc1cc(ncc1c2ccc3cc(NC(=O)C4C[C@@H]4F)ncc3c2)[C@H](N)C(F)(F)F,CHEMBL3689726,Ki,8.0
3991945,Cc1ccc(NS(=O)(=O)C2CCCC2)cc1c3ccc4cc(NC(=O)C5CC5)ncc4c3,CHEMBL3689599,Ki,8.0
3991954,Cc1ccc(cc1c2ccc3cc(NC(=O)[C@@H]4C[C@@H]4F)ncc3c2)C(=O)NC5(C)COC5,CHEMBL3689630,Ki,8.0
3991964,O=C(NCCC1CCCNC1)Nc2nc3ccc(cc3[nH]2)C(=O)c4ccccc4,CHEMBL2059165,IC50,8.0
1830915,Cn1cc(\C=C\2/Oc3cccc(O)c3C2=O)c4c(ccnc14)c5ccc(cc5)C(=O)NCCO,CHEMBL1092754,IC50,8.01
3991977,CCc1ccc(cc1C#Cc2cnc3[nH]ncc3c2)C(=O)Nc4ccc(CN5CCN(C)CC5)c(c4)C(F)(F)F,CHEMBL2316584,IC50,8.03
3991988,Cc1cn(cn1)c2cc(F)cc(NC(=O)c3ccc(C)c(Nc4nccc(n4)c5cccnc5)c3)c2,CHEMBL2311807,Kd,8.03
3991999,CN1CCC(CC1)Oc2ccc(NC(=O)c3ccc(C)c(c3)C#Cc4cnc5ccccn45)cc2C(F)(F)F,CHEMBL1169881,IC50,8.04
3992010,Cc1nc(Nc2ncc(s2)C(=O)Nc3c(C)cccc3Cl)cc(n1)N4CCN(CCF)CC4,CHEMBL240158,IC50,8.04
3992021,CC(C)(C)c1cc(NC(=O)Nc2cccc(Nc3ncnc4ccccc34)c2)n(n1)c5cccc(c5)[N+](=O)[O-],CHEMBL2403874,IC50,8.05
3992031,CC(C)C(=O)Nc1cc2ccc(cc2cn1)c3cc(F)ccc3C,CHEMBL3685058,Ki,8.05
3992042,CN1CCN(Cc2ccc(NC(=O)c3ccc(C)c(c3)C#Cc4cnc5ccccn45)cc2C(F)(F)F)CC1,CHEMBL1171086,IC50,8.05
3992053,CN1CCN(Cc2ccc(cc2C(F)(F)F)C(=O)Nc3ccc(C)c(c3)C#Cc4cnc5ccccn45)CC1,CHEMBL1171281,IC50,8.05
3992063,Cc1ncc(NC(=O)C2CCOCC2)cc1c3ccc4cc(NC(=O)C5CC5)ncc4c3,CHEMBL3689572,Ki,8.05
3992072,Cn1ncc2c(cccc12)c3ccc4cc(NC(=O)C5CC5)ncc4c3,CHEMBL3685149,Ki,8.05
3992081,O[C@@H]1CCCCC1Oc2ccc3cc(NC(=O)C4CC4)ncc3c2,CHEMBL3689570,Ki,8.05
3992090,O[C@H]1CCCCC1Oc2ccc3cc(NC(=O)C4CC4)ncc3c2,CHEMBL3689571,Ki,8.05
3992100,CN1CCN(Cc2ccc(cc2C(F)(F)F)C(=O)Nc3ccc(C)c(Nc4nccc(n4)c5cncnc5)c3)CC1,CHEMBL205723,IC50,8.06
3992114,CN1C(=O)C(=Cc2cnc(Nc3ccc(CCO)cc3)nc12)c4c(Cl)cccc4Cl,CHEMBL576218,IC50,8.09
3992125,CC(C)n1nc(C#Cc2cccc(O)c2)c3c(N)ncnc13,CHEMBL1213120,IC50,8.1
3992136,CN1C(=O)C(=Cc2cnc(NCc3cccc(N)c3)nc12)c4c(Cl)cccc4Cl,CHEMBL1223343,Ki,8.1
3992146,COC[C@H](C)Oc1ccc2cc(NC(=O)C3CC3)ncc2c1,CHEMBL3685168,Ki,8.1
3992155,Cc1ccc(F)cc1c2cc(O)c3cc(NC(=O)C4CC4)ncc3n2,CHEMBL3689687,Ki,8.1
3992164,Clc1cccc(Oc2ccc3cc(NC(=O)C4CC4)ncc3c2)c1,CHEMBL3685107,Ki,8.1
3992174,Cc1cc(cc2nnc(Nc3ccc(cc3)S(=O)(=O)N)nc12)c4cc(O)ccc4Cl,CHEMBL249820,Ki,8.11
3992184,Cc1ccc(cc1c2ccc3cc(N)ncc3c2)C(=O)NC4(C)CCC4,CHEMBL3689750,Ki,8.11
3992194,CN1C(=O)C(=Cc2cnc(Nc3ccc(NC(=O)CCl)cc3)nc12)c4c(Cl)cccc4Cl,CHEMBL565587,IC50,8.12
3992205,CC(C)Oc1nc(Nc2ccc(cc2)P(=O)(C)C)c3ncn(\C=C\c4c(C)cccc4C)c3n1,CHEMBL516498,IC50,8.14
3992216,C(N1CCC(CC1)Nc2ccc3[nH]nc(c4nc5cc(ccc5[nH]4)N6CCC(CC6)N7CCCCC7)c3c2)c8ccccc8,CHEMBL209753,IC50,8.16
3992226,CCOc1ccc2cc(NC(=O)C3CC3)ncc2c1,CHEMBL3685164,Ki,8.16
3992235,CN1CCC(CC1)C(=O)Nc2ccc(C)c(c2)c3ccc4cc(NC(=O)C5CC5)ncc4c3,CHEMBL3685176,Ki,8.16
1502490,CN1CCN(Cc2ccc(NC(=O)Nc3cc(C#Cc4cnc5cnccn45)n(C)n3)cc2C(F)(F)F)CC1,CHEMBL2324925,IC50,8.16
3992247,CN1CCN(Cc2ccc(NC(=O)c3ccc(C)c(c3)C#Cc4cnc5NC(=O)Nc5c4)cc2C(F)(F)F)CC1,CHEMBL1171658,IC50,8.16
3992257,Cc1cc(ccc1c2ccc3cc(NC(=O)C4CC4)ncc3c2)C(C)(C)O,CHEMBL3689627,Ki,8.16
3992266,Cc1ccc(F)cc1c2ccc3cc(NC(=O)C4CC4c5ccccc5)ncc3c2,CHEMBL3685151,Ki,8.16
3992275,Cc1ccc(F)cc1c2ccc3cc(NC(=O)c4ccncc4)ncc3c2,CHEMBL3685032,Ki,8.16
3992284,Clc1ccccc1c2ccc3cc(Nc4ccccn4)ncc3c2,CHEMBL3684997,Ki,8.16
3992293,Cn1ccc(Oc2ccc3cc(NC(=O)C4CC4)ncc3c2)n1,CHEMBL3685132,Ki,8.16
3992302,Nc1cc(ccn1)c2ccc3cc(NC(=O)C4CC4)ncc3c2,CHEMBL3685144,Ki,8.16
3992311,O=C(Nc1cc2ccc(OC3CCC3)cc2cn1)C4CC4,CHEMBL3685190,Ki,8.16
3992320,OC1(CCCC1)c2ccc3cc(NC(=O)C4CC4)ncc3n2,CHEMBL3689690,Ki,8.16
3992330,CN1CCN(CC1)c2nc(Nc3ccc(cc3)P(=O)(C)C)c4ncn(\C=C\c5c(C)cccc5C)c4n2,CHEMBL509941,IC50,8.17
3992341,CN1CCN(Cc2ccc(cc2)c3cnc4[nH]cc(c5ccc6[nH]ccc6c5)c4c3)CC1,CHEMBL2436978,IC50,8.17
3992352,CC(=O)Nc1cccn2c(cnc12)C#Cc3cc(ccc3C)C(=O)Nc4cc(cc(c4)C(F)(F)F)n5ccnc5,CHEMBL1172585,IC50,8.19
3992363,CC1CCC(C1)n2nc(c3ccc(F)c(O)c3)c4c(N)ncnc24,CHEMBL1242656,IC50,8.19
3992373,CCN1CCN(CC1)C2CCc3cc(ccc23)C(=O)Nc4ccc(C)c(Nc5nccc(n5)c6cccnc6)c4,CHEMBL3690075,IC50,8.2
3992382,Cc1ccc(NC(=O)c2ccc3C(CCc3c2)N4CCNCC4)cc1Nc5nccc(n5)c6cccnc6,CHEMBL3690074,IC50,8.21
810888,COC(=O)c1cc2cc(NCc3cc(NC(=O)c4cc(cc(c4)C(F)(F)F)n5cnc(C)c5)ccc3C)cnc2[nH]1,CHEMBL3808884,IC50,8.22
3992393,O=C(Nc1cc2ccc(Oc3cccnc3)cc2cn1)C4CC4,CHEMBL3685109,Ki,8.22
3992402,O=C(Nc1cc2ccc(cc2cn1)N3CCCCC3)C4CC4,CHEMBL3684995,Ki,8.22
3992411,OCCOc1ccc2cc(NC(=O)C3CC3)ncc2c1,CHEMBL3685165,Ki,8.22
3992420,Oc1cc(nc2cnc(NC(=O)C3CC3)cc12)c4ccccc4Cl,CHEMBL3689689,Ki,8.22
3992430,CCCP(=O)(CCC)c1ccc(Nc2nc(nc3c2ncn3\C=C\c4c(C)cccc4C)C(C)C)cc1,CHEMBL528330,IC50,8.23
3992440,CN1CCN(CC1)C2CCc3cc(ccc23)C(=O)Nc4ccc(C)c(Nc5nccc(n5)c6cccnc6)c4,CHEMBL3690072,IC50,8.24
3992449,O=C(Nc1cc2ccc(cc2cn1)c3ccncc3)C4CC4,CHEMBL3689703,Ki,8.25
1129290,CC(C)n1nc(c2ccc(Cl)c(O)c2)c3c(N)ncnc13,CHEMBL1241484,IC50,8.26
3992460,CC(C)N1CCN(CC1)C2CCc3cc(ccc23)C(=O)Nc4ccc(C)c(Nc5nccc(n5)c6cccnc6)c4,CHEMBL3690076,IC50,8.27
3992470,CN1CCN(Cc2ccc(NC(=O)c3ccc(C)c(c3)C#Cc4cnc5c(cnn5C)c4)cc2C(F)(F)F)CC1,CHEMBL2316580,IC50,8.27
3992481,CN1C(=O)C(=Cc2cnc(Nc3ccc(O)cc3)nc12)c4c(Cl)cccc4Cl,CHEMBL323405,IC50,8.28
3992491,CN1CCN(CC1)C2CCc3cc(ccc23)C(=O)Nc4ccc(C)c(Nc5nccc(n5)c6cncnc6)c4,CHEMBL3690079,IC50,8.28
3992501,CN1CCN(Cc2ccc(NC(=O)c3ccc(C)c(c3)C#Cc4cnc5cccnn45)cc2C6CC6)CC1,CHEMBL1172719,IC50,8.28
3992512,COC(=O)c1cc2cc(NCc3c(Cl)cccc3Cl)cnc2[nH]1,CHEMBL3347468,IC50,8.28
38372,CSc1cccc(Nc2ncc3C=C(C(=O)N(C)c3n2)c4c(Cl)cccc4Cl)c1,CHEMBL386051,Kd,8.28
3992524,CN(CCN1CCOCC1)S(=O)(=O)c2ccc(Nc3nnc4cc(cc(C)c4n3)c5cc(O)ccc5Cl)cc2,CHEMBL250423,Ki,8.29
3992535,CN1CCN(Cc2ccc(cc2C(F)(F)F)C(=O)Nc3ccc(C)c(Nc4nccc(n4)c5cccnc5)c3)CC1,CHEMBL203343,IC50,8.29
3992545,CC(C)OC(=O)Nc1cc2ccc(cc2cn1)c3cc(F)ccc3C,CHEMBL3685142,Ki,8.3
1596708,CC1(C)CC(CC(C)(C)N1[O])N=C(O)c2cccc(c2)c3cc4nccc(Nc5cccc(O)c5)n4n3,CHEMBL1163016,IC50,8.3
3992556,CCc1cc(Nc2cc3ccc(cc3cn2)c4c(Cl)cccc4Cl)nc(n1)N5CCOCC5,CHEMBL3689711,Ki,8.3
3992566,CN1C(=O)C(=Cc2cnc(Nc3cccc(NC(=O)C)c3)nc12)c4c(Cl)cccc4Cl,CHEMBL565801,IC50,8.3
3992576,CNCc1nc(cc2cnc(NC(=O)C3CC3)cc12)c4cc(F)ccc4C,CHEMBL3689674,Ki,8.3
3992585,C[C@@H](CNC(=O)c1ccc(CN2CCN(C)CC2)cc1)Cc3ccc4cc(NC(=O)C5CC5)ncc4c3,CHEMBL3685193,Ki,8.3
3992594,C[C@H](CNC(=O)c1ccc(CN2CCN(C)CC2)cc1)Cc3ccc4cc(NC(=O)C5CC5)ncc4c3,CHEMBL3685192,Ki,8.3
3992603,Cc1cc(CO)cc(Nc2cc3ccc(cc3cn2)c4cc(F)ccc4C)n1,CHEMBL3685152,Ki,8.3
3992612,Cc1cc(cc(Nc2cc3ccc(cc3cn2)c4cc(F)ccc4C)n1)C(C)(C)O,CHEMBL3685153,Ki,8.3
3992622,Cc1cc(cc2nnc(Nc3ccc(cc3)S(=O)(=O)NCCN4CCCC4)nc12)c5c(O)cccc5Cl,CHEMBL231220,Ki,8.3
3992632,Cc1ccc(F)cc1c2cc3cnc(NC(=O)C4CC4)cc3c(NC5CCCC5)n2,CHEMBL3689657,Ki,8.3
3992641,Cc1ccc2[nH]ncc2c1c3ccc4cc(NC(=O)[C@@H]5C[C@@H]5F)ncc4c3,CHEMBL3689748,Ki,8.3
3992650,Cc1ccncc1c2ccc3c(C#N)c(N)ncc3c2,CHEMBL3689619,Ki,8.3
3992660,ClC(Cn1ncc2c(NCc3ccccc3Cl)ncnc12)c4ccc(Br)cc4,CHEMBL2397805,Ki,8.3
3992670,Clc1ccccc1C2=Cc3cnc(NC(=O)C4CC4)cc3C(=O)N2,CHEMBL3689639,Ki,8.3
3992679,Clc1ccccc1Oc2ccc3cc(NC(=O)C4CC4)ncc3c2,CHEMBL3685105,Ki,8.3
3992688,Fc1cccc(Oc2ccc3cc(NC(=O)C4CC4)ncc3c2)c1,CHEMBL3685106,Ki,8.3
3992698,CN1C(=O)C(=Cc2cnc(Nc3cccc(COCC(O)CO)c3)nc12)c4c(Cl)cccc4Cl,CHEMBL566834,IC50,8.31
3992709,CN1C(=O)C(=Cc2cnc(Nc3ccc(NC(=O)C)cc3)nc12)c4c(Cl)cccc4Cl,CHEMBL566850,IC50,8.32
3992720,COCCN1CCN(Cc2ccc(NC(=O)c3ccc(C)c(c3)C#Cc4cnc(C(=O)N)n4C)cc2C(F)(F)F)CC1,CHEMBL1784638,IC50,8.32
3992731,CN1C(=O)C(=Cc2cnc(Nc3ccc(NC(=O)CCN)cc3)nc12)c4c(Cl)cccc4Cl,CHEMBL566635,IC50,8.33
3992742,Cc1cc(cc2nnc(Nc3ccc(cc3)S(=O)(=O)N4CCNCC4)nc12)c5cc(O)ccc5Cl,CHEMBL250623,Ki,8.36
3992753,Cc1ccc(cc1C#Cc2cnc(C(=O)N)n2C)C(=O)Nc3ccc(CN4CCN(CC(=O)O)CC4)c(c3)C(F)(F)F,CHEMBL1784639,IC50,8.37
3992764,Nc1ncnc2c1c(nn2C3CCCC3)c4ccc(F)c(O)c4,CHEMBL1242568,IC50,8.37
3992775,Cc1cc(cc2nnc(Nc3ccc(cc3)C(=O)N4CCS(=O)(=O)CC4)nc12)c5cc(O)ccc5Cl,CHEMBL249819,Ki,8.38
3992786,CN1CCN(Cc2ccc(NC(=O)c3ccc(C)c(c3)C#Cc4cnc5[nH]nc(C6CC6)c5c4)cc2C(F)(F)F)CC1,CHEMBL2316870,IC50,8.39
3992796,CCNC(=O)Nc1ncc2cc(ccc2c1F)c3cc(F)ccc3C,CHEMBL3685117,Ki,8.4
3992805,CN1CCN(CC1)C(=O)Nc2cc3ccc(cc3cn2)c4cc(F)ccc4C,CHEMBL3685129,Ki,8.4
3992814,CO[C@H](C)C(=O)Nc1ccc(C)c(c1)c2ccc3cc(NC(=O)C4CC4)ncc3c2,CHEMBL3689586,Ki,8.4
3992823,COc1cccc(Nc2cc3ccc(cc3cn2)c4cc(F)ccc4C)n1,CHEMBL3685128,Ki,8.4
3992832,C[C@@H]1CC1C(=O)Nc2cc3ccc(cc3cn2)c4cc(F)ccc4C,CHEMBL3685170,Ki,8.4
3992841,C[C@H]1CC1C(=O)Nc2cc3ccc(cc3cn2)c4cc(F)ccc4C,CHEMBL3685169,Ki,8.4
3992850,Cc1ccc(F)cc1c2cc3cnc(NC(=O)C4CC4)cc3c(OC5CCCC5)n2,CHEMBL3689652,Ki,8.4
3992859,Cc1ccccc1c2ccc3cnc(NC(=O)C4CC4)cc3c2,CHEMBL3685197,Ki,8.4
3992868,Cc1cnc(CO)cc1c2ccc3cc(NC(=O)C4CC4)ncc3c2,CHEMBL3639884,Ki,8.4
3992877,Cc1ncc(N)cc1c2ccc3cc(NC(=O)C4CC4)ncc3c2,CHEMBL3689566,Ki,8.4
3992886,Cc1ncc(cc1F)c2ccc3cc(NC(=O)C4CC4)ncc3c2,CHEMBL3685126,Ki,8.4
3992895,FC(F)Oc1ccc2cc(NC(=O)C3CC3)ncc2c1,CHEMBL3685093,Ki,8.4
3992904,Nc1cncc(c1)c2ccc3cc(NC(=O)C4CC4)ncc3c2,CHEMBL3685143,Ki,8.4
327281,O=C(NC1CC1)Nc2c[nH]nc2c3nc4cc(CN5CCOCC5)ccc4[nH]3,CHEMBL495727,IC50,8.4
3992915,O=C(Nc1cc2ccc(cc2cn1)c3cncnc3)C4CC4,CHEMBL3685059,Ki,8.4
3992924,O[C@H]1CCCC1Oc2ccc3cc(NC(=O)C4CC4)ncc3c2,CHEMBL3689569,Ki,8.4
3992934,CN1CCN(CC1)C(=O)c2ccc(Nc3ncc4C=C(C(=O)N(C)c4n3)c5c(Cl)cccc5Cl)cc2,CHEMBL565366,IC50,8.44
3992945,CN1CCN(Cc2ccc(NC(=O)c3ccc(C)c(c3)C#Cc4cnc(C(=O)N)n4C)cc2C(F)(F)F)CC1,CHEMBL1784634,IC50,8.44
3992956,Cc1ccc(cc1C#Cc2cnc(C(=O)N)n2C)C(=O)Nc3ccc(CN4CCN(CCO)CC4)c(c3)C(F)(F)F,CHEMBL1236871,IC50,8.44
1177331,Cc1cccc(C)c1\C=C\n2cnc3c(Nc4ccc(cc4)P(=O)(C)C)ncnc23,CHEMBL488840,IC50,8.45
3992968,CC(C)C(=O)Nc1cc2ccc(cc2cn1)c3cnc(cc3C)[C@@H](O)C(F)(F)F,CHEMBL3689734,Ki,8.46
3992977,CC(C)C(=O)Nc1cc2ccc(cc2cn1)c3cnc(cc3C)[C@H](O)C(F)(F)F,CHEMBL3689733,Ki,8.46
3992987,CCN(CC)CCN1CCC(CC1)S(=O)(=O)c2ccc(Nc3nnc4cc(cc(C)c4n3)c5cc(O)ccc5Cl)cc2,CHEMBL398845,Ki,8.46
3992998,CN1CCN(Cc2ccc(NC(=O)c3ccc(Cl)c(c3)C#Cc4cnc5[nH]ncc5c4)cc2C(F)(F)F)CC1,CHEMBL2316586,IC50,8.46
3993010,Cc1cc(cc2nnc(Nc3ccc(cc3)S(=O)(=O)C4CCNCC4)nc12)c5cc(O)ccc5Cl,CHEMBL250625,Ki,8.46
3993020,C[C@@H]1CCC(=O)N1c2ccc3cc(NC(=O)C4C[C@@H]4F)ncc3c2,CHEMBL3689736,Ki,8.47
3993029,C[C@H]1CCC(=O)N1c2ccc3cc(NC(=O)C4C[C@@H]4F)ncc3c2,CHEMBL3689737,Ki,8.47
3993039,Cc1cc(NC(=O)c2ccc(C)c(Nc3nccc(n3)c4cccnc4)c2)cc(c1)n5cnc(C)c5,CHEMBL2311806,Kd,8.47
3993050,Cc1cc(cc2nnc(Nc3ccc(cc3)S(=O)(=O)NCCN4CCCC4)nc12)c5c(F)ccc(O)c5F,CHEMBL440963,Ki,8.47
2338185,Cc1nc(Nc2nc3ccc(nc3s2)c4cccc(c4)C(=O)Nc5cccc(c5)C(F)(F)F)cc(n1)N6CCNCC6,CHEMBL2148120,Kd,8.48
3993062,CN1CCN(Cc2ccc(NC(=O)c3ccc(C)c(c3)C#Cc4cnc5[nH]ncc5c4)cc2C(F)(F)F)CC1,CHEMBL2316582,Kd,8.5
3993072,Cc1ccncc1c2ccc3cc(NC(=O)C4CCO4)ncc3c2,CHEMBL3689692,Ki,8.51
3993081,CC(=Cc1ccc2cc(NC(=O)C3CC3)ncc2c1)C,CHEMBL3685145,Ki,8.52
3993090,CCS(=O)(=O)Nc1ccc(C)c(c1)c2ccc3cc(NC(=O)C4CC4)ncc3c2,CHEMBL3689593,Ki,8.52
3993099,CN(C)C(=O)Nc1cc2ccc(cc2cn1)c3cc(F)ccc3C,CHEMBL3685079,Ki,8.52
3993108,CN1CCC(C1)C(=O)Nc2cc3ccc(cc3cn2)c4cc(F)ccc4C,CHEMBL3685112,Ki,8.52
3993117,COC(C)(C)C(=O)Nc1ccc(C)c(c1)c2ccc3cc(NC(=O)C4CC4)ncc3c2,CHEMBL3689590,Ki,8.52
3993127,COc1cc2[nH]nc(c3nc4cc(ccc4[nH]3)N5CCC(CC5)N6CCCCC6)c2cc1OCc7ccccc7,CHEMBL210827,IC50,8.52
3858661,COc1cc2ncnc(Oc3cccc(NC(=O)Nc4cc(on4)C(C)(C)C(F)(F)F)c3)c2cc1OC,CHEMBL2029988,Kd,8.52
3993139,COc1cccc(C#N)c1c2ccc3cc(NC(=O)C4CC4)ncc3c2,CHEMBL3685046,Ki,8.52
3993150,Cc1cc(cc2nnc(Nc3ccc(cc3)S(=O)(=O)NCCN4CCCC4)nc12)c5cc(O)ccc5Cl,CHEMBL249821,Ki,8.52
3993160,Cc1cc(ncc1c2ccc3cc(NC(=O)C4CC4)ncc3c2)C(=O)O,CHEMBL3689621,Ki,8.52
3993169,Cc1ccc(F)cc1c2cc3cnc(NC(=O)C4CC4)cc3c(n2)N5CCCCC5,CHEMBL3689651,Ki,8.52
3993178,Cc1ccc(F)cc1c2ccc3cc(NC(=O)C4CCOCC4)ncc3c2,CHEMBL3685030,Ki,8.52
3993187,Cc1ccc(F)cc1c2ccc3cc(NC(=O)CC(F)(F)F)ncc3c2,CHEMBL3685042,Ki,8.52
3993196,Cc1ccc(cc1c2ccc3cc(NC(=O)C4CC4)ncc3c2)C(=O)NC5CCOC5,CHEMBL3689613,Ki,8.52
3993206,Cc1cccc(C)c1\C=C\n2cnc3c(Nc4ccc(cc4)P(=O)(C)C)nc(nc23)N5CCOCC5,CHEMBL454358,IC50,8.52
3993216,Cc1cnc(C)c(c1)c2ccc3cc(NC(=O)C4CC4)ncc3c2,CHEMBL3685011,Ki,8.52
3993225,Cc1n[nH]c(C)c1c2ccc3cc(NC(=O)C4CC4)ncc3c2,CHEMBL3685022,Ki,8.52
3993234,Cc1ncc(CO)cc1c2ccc3cc(NC(=O)C4CC4)ncc3c2,CHEMBL3685156,Ki,8.52
3993243,Clc1ccccc1c2ccc3cc(NC(=O)C4CC4)ncc3n2,CHEMBL3689684,Ki,8.52
3993252,Cn1cc(cn1)c2ccc3cc(NC(=O)C4CC4)ncc3c2,CHEMBL3685021,Ki,8.52
3993261,O=C(Nc1cc2ccc(Oc3ccccc3)cc2cn1)C4CC4,CHEMBL3685104,Ki,8.52
3993270,OC1CCN(CC1)c2ccc3cc(NC(=O)C4CC4)ncc3c2,CHEMBL3685038,Ki,8.52
3993280,CC(C)N(CCN1CCCC1)S(=O)(=O)c2ccc(Nc3nnc4cc(cc(C)c4n3)c5cc(O)ccc5Cl)cc2,CHEMBL250218,Ki,8.54
3993292,CN1C(=O)C(=Cc2cnc(Nc3cccc(CO)c3)nc12)c4c(Cl)cccc4Cl,CHEMBL327127,IC50,8.55
3993303,Cc1cccc(Cl)c1\C=C\n2cnc3c(Nc4ccc(cc4)P(=O)(C)C)ncnc23,CHEMBL454611,IC50,8.56
3993314,CN1C(=O)C(=Cc2cnc(Nc3cccc(O)c3)nc12)c4c(Cl)cccc4Cl,CHEMBL321193,IC50,8.59
3993325,Cc1cc(cc2nnc(Nc3ccc(cc3)C(=O)NCCN4CCCC4)nc12)c5cc(O)ccc5Cl,CHEMBL400403,Ki,8.59
3993335,Cc1cc(ncc1c2cc3cnc(NC(=O)C4C[C@@H]4F)cc3cn2)[C@H](O)C(F)(F)F,CHEMBL3689741,Ki,8.59
3993345,CN1C(=O)C(=Cc2cnc(Nc3cccc(N)c3)nc12)c4c(Cl)cccc4Cl,CHEMBL577269,IC50,8.6
3993355,CN1CCN(CC1)c2nccc(Nc3cc4ccc(cc4cn3)c5c(Cl)cccc5Cl)n2,CHEMBL3689709,Ki,8.62
3993365,CN1CCN(Cc2ccc(NC(=O)c3ccc(C)c(c3)C#Cc4cnc5cccnn45)cc2Cl)CC1,CHEMBL1172718,IC50,8.62
3993376,CP(=O)(C)c1ccc(Nc2ncnc3c2ncn3\C=C\c4cccc5[nH]ncc45)cc1,CHEMBL452563,IC50,8.63
3993387,CN1C(=O)C(=Cc2cnc(Nc3ccc(N)cc3)nc12)c4c(Cl)cccc4Cl,CHEMBL566636,IC50,8.64
3993398,CN1C(=O)C(=Cc2cnc(Nc3ccc(NCC(O)CO)cc3)nc12)c4c(Cl)cccc4Cl,CHEMBL567068,IC50,8.64
3993409,CN1CCN(Cc2ccc(NC(=O)c3ccc(C)c(c3)C#Cc4cnc5cnccn45)cc2C(F)(F)F)CC1,CHEMBL1171836,IC50,8.64
3993420,Cc1ccc(cc1C#Cc2cnc3c(N)cccn23)C(=O)Nc4cc(cc(c4)C(F)(F)F)n5ccnc5,CHEMBL1172397,IC50,8.64
3993431,Cc1ccc(cc1C#Cc2cnc3cccnn23)C(=O)Nc4ccc(CN5CCNCC5)c(c4)C(F)(F)F,CHEMBL1173352,IC50,8.64
3993441,CN1CCN(CC1)[C@H]2CCc3cc(ccc23)C(=O)Nc4ccc(C)c(Nc5nccc(n5)c6cccnc6)c4,CHEMBL3690082,IC50,8.66
3993450,Cc1cc(ncc1c2ccc3cc(NC(=O)[C@@H]4C[C@@H]4F)ncc3c2)C(C)(C)O,CHEMBL3689739,Ki,8.68
1178961,Cc1cc(cc2nnc(Nc3ccc(OCC[N+]4([O-])CCCC4)cc3)nc12)c5c(Cl)cccc5Cl,CHEMBL256101,Ki,8.69
3993461,CCN1CCC(CC1)C(=O)Nc2cc3ccc(cc3cn2)c4cc(F)ccc4C,CHEMBL3685113,Ki,8.7
3993470,CN1CCC(CC1)C(=O)Nc2cc3ccc(cc3cn2)c4cnccc4C,CHEMBL3685114,Ki,8.7
3993480,CN1CCN(CC1)c2ccc(Nc3ncc(NC(=O)c4cc(NC(=O)c5cccc(c5)C(F)(F)F)ccc4C)cn3)cc2,CHEMBL272888,IC50,8.7
3993490,COCC(=O)Nc1ccc(C)c(c1)c2ccc3cc(NC(=O)C4CC4)ncc3c2,CHEMBL3689585,Ki,8.7
3993499,CO[C@@H](C)C(=O)Nc1ccc(C)c(c1)c2ccc3cc(NC(=O)C4CC4)ncc3c2,CHEMBL3689587,Ki,8.7
3993508,COc1cc(C)c(cn1)c2ccc3cc(NC(=O)C4CC4)ncc3c2,CHEMBL3689555,Ki,8.7
3993517,COc1ccc(Cl)cc1c2ccc3cc(NC(=O)C4CC4)ncc3c2,CHEMBL3685000,Ki,8.7
3993526,COc1ccncc1c2ccc3cc(NC(=O)C4CC4)ncc3c2,CHEMBL3689598,Ki,8.7
3993535,COc1nc(cc2cnc(NC(=O)C3CC3)cc12)c4ccccc4Cl,CHEMBL3689641,Ki,8.7
3993544,C[C@@H](CCO)Oc1ccc2cc(NC(=O)C3CC3)ncc2c1,CHEMBL3685194,Ki,8.7
3993553,C[C@@H](CO)Oc1ccc2cc(NC(=O)C3CC3)ncc2c1,CHEMBL3685158,Ki,8.7
3993562,Cc1c(Cl)c(ncc1c2ccc3cc(NC(=O)C4C[C@@H]4F)ncc3c2)[C@@H](O)C(F)(F)F,CHEMBL3689713,Ki,8.7
3993571,Cc1c(Cl)c(ncc1c2ccc3cc(NC(=O)C4C[C@@H]4F)ncc3c2)[C@H](O)C(F)(F)F,CHEMBL3689714,Ki,8.7
3993580,Cc1c(F)cc(NC(=O)C2CCC2)cc1c3ccc4cc(NC(=O)C5CC5)ncc4c3,CHEMBL3689626,Ki,8.7
3993589,Cc1ccc(C)c(c1)c2ccc3cc(NC(=O)C4CC4)ncc3c2,CHEMBL3685130,Ki,8.7
3993598,Cc1ccc(F)cc1c2cc3cnc(NC(=O)C4CC4)cc3c(OC5CCNC5)n2,CHEMBL3689675,Ki,8.7
3993607,Cc1ccc(F)cc1c2ccc3c(Cl)c(NC(=O)C4CC4)ncc3c2,CHEMBL3685100,Ki,8.7
3993616,Cc1ccc(F)cc1c2ccc3cc(NC(=O)C(C)(C)C)ncc3c2,CHEMBL3685043,Ki,8.7
3993625,Cc1ccc(F)cc1c2ccc3cc(NC(=O)C4CCNCC4)ncc3c2,CHEMBL3685111,Ki,8.7
3993634,Cc1ccc(NC(=O)N2CCS(=O)(=O)CC2)cc1c3ccc4cc(NC(=O)C5CC5)ncc4c3,CHEMBL3689601,Ki,8.7
3993643,Cc1ccc(NC(=O)c2cccc(c2)C(F)(F)F)cc1c3ccc4cc(NC(=O)C5CC5)ncc4c3,CHEMBL3685175,Ki,8.7
3993652,Cc1ccc(cc1c2ccc3cc(NC(=O)C4CC4)ncc3c2)C(=O)NC5(C)COC5,CHEMBL3689629,Ki,8.7
3993661,Cc1cnc(F)cc1c2ccc3cc(NC(=O)C4CC4)ncc3c2,CHEMBL3689580,Ki,8.7
3993670,Cc1cnccc1c2ccc3cc(NC(=O)C4CC4)ncc3c2,CHEMBL3685078,Ki,8.7
3993679,Cc1nc(N)ncc1c2ccc3cc(NC(=O)C4CC4)ncc3c2,CHEMBL3689560,Ki,8.7
3993688,Cc1ncnc(C)c1c2ccc3cc(NC(=O)C4CC4)ncc3c2,CHEMBL3685081,Ki,8.7
3993697,Clc1ccc(NC(=O)C2CCOCC2)cc1c3ccc4cc(NC(=O)C5CC5)ncc4c3,CHEMBL3685195,Ki,8.7
3993706,Clc1ccccc1c2cc3cnc(NC(=O)C4CC4)cc3c(n2)C5CC5,CHEMBL3689643,Ki,8.7
3993715,Cn1nccc1c2ccc3cc(NC(=O)C4CC4)ncc3c2,CHEMBL3685084,Ki,8.7
3993724,O=C(Nc1cc2ccc(cc2cn1)C3CCCC3)C4CC4,CHEMBL3685029,Ki,8.7
3993733,O=C(Nc1cc2ccc(cc2cn1)C3CCCCC3)C4CC4,CHEMBL3685027,Ki,8.7
3993742,O=C(Nc1cc2ccc(cc2cn1)c3ccccn3)C4CC4,CHEMBL3685047,Ki,8.7
3993751,O=C(Nc1cc2cnc(cc2cn1)C3CCCCC3)C4CC4,CHEMBL3689644,Ki,8.7
3993760,OCc1cccc(c1)c2ccc3cc(NC(=O)C4CC4)ncc3c2,CHEMBL3685161,Ki,8.7
3993770,COc1nc(Nc2ccc(cc2)P(=O)(C)C)c3ncn(\C=C\c4c(C)cccc4C)c3n1,CHEMBL509002,IC50,8.75
3993782,Cc1cc(cc2nnc(Nc3ccc(cc3)C(=O)N4CCNCC4)nc12)c5cc(O)ccc5Cl,CHEMBL250214,Ki,8.77
3993793,Cc1cc(cc2nnc(Nc3ccc(cc3)S(=O)(=O)CCCN4CCCC4)nc12)c5cc(O)ccc5Cl,CHEMBL399268,Ki,8.77
3993803,Cc1cc(ncc1c2cc3cnc(NC(=O)C4C[C@@H]4F)cc3cn2)[C@@H](O)C(F)(F)F,CHEMBL3689742,Ki,8.77
3993813,Cc1cccc(C)c1\C=C\n2cnc3c(Nc4ccc(cc4)P(=O)(C)C)nc(nc23)n5ccnc5,CHEMBL455384,IC50,8.79
3993824,COCCOc1nc(Nc2ccc(cc2)P(=O)(C)C)c3ncn(\C=C\c4c(C)cccc4C)c3n1,CHEMBL461767,IC50,8.8
3993835,Cc1cn(cn1)c2cc(NC(=O)c3ccc(C)c(\C=C\n4cnc5c(N)ncnc45)c3)cc(c2)C(F)(F)F,CHEMBL1171679,IC50,8.8
3993846,CN1CCN(Cc2ccc(NC(=O)c3ccc(C)c(c3)C#Cc4cnc5[nH]nc(C)c5c4)cc2C(F)(F)F)CC1,CHEMBL2316869,IC50,8.82
3993857,CN1C(=O)C(=Cc2cnc(Nc3ccc(OC4OC(CO)C(O)C(O)C4O)cc3)nc12)c5c(Cl)cccc5Cl,CHEMBL585666,IC50,8.85
3993868,COC(=O)c1cc2cc(NCc3c(C)cccc3Cl)cnc2[nH]1,CHEMBL3347388,IC50,8.85
3993877,Clc1cnccc1c2ccc3cc(NC(=O)C4CC4)ncc3c2,CHEMBL3689702,Ki,8.86
3993887,CC(C)n1nc(C#Cc2cccc(c2)C(=O)Nc3cccc(c3)C(F)(F)F)c4c(N)ncnc14,CHEMBL3735207,IC50,8.89
1178681,Cc1cc(cc2nnc(Nc3ccc(OCCN4CCCC4)cc3)nc12)c5cc(O)ccc5Cl,CHEMBL400402,Ki,8.89
3993900,Cc1cc(cc2nnc(Nc3ccc(cc3)S(=O)(=O)NCCN4CCCC4)nc12)c5c(Cl)ccc(O)c5F,CHEMBL250821,Ki,8.89
528630,CC(C)Oc1cc(n[nH]1)n2cnc3ccc(N[C@@H](C)c4ccc(F)cn4)nc23,CHEMBL2151321,IC50,8.92
812747,CN(C)Cc1cc(cc(c1)C(F)(F)F)C(=O)N[C@@H]2CCc3ccc(Oc4ccnc5NC(=O)CCc45)cc3C2,CHEMBL1688860,IC50,8.92
1129438,Nc1ncnc2c1c(nn2C3CCCC3)c4ccc(Cl)c(O)c4,CHEMBL1241676,IC50,8.92
3993916,Cc1c(F)cncc1c2cc3cnc(NC(=O)C4CC4F)cc3c[n+]2[O-],CHEMBL3689717,Ki,8.98
3993925,Clc1cccc(Cl)c1c2ccc3cc(Nc4ccnc(n4)N5CCOCC5)ncc3c2,CHEMBL3689710,Ki,8.99
3993934,CC(C)Cc1ccc2cc(NC(=O)C3CC3)ncc2c1,CHEMBL3685148,Ki,9.0
3993943,CC(C)NC(=O)Nc1cc2ccc(cc2cn1)c3cc(F)ccc3C,CHEMBL3685123,Ki,9.0
3993952,CC(C)S(=O)(=O)c1ccc2cc(NC(=O)C3CC3)ncc2c1,CHEMBL3689552,Ki,9.0
3993961,CC(C)Sc1ccc2cc(NC(=O)C3CC3)ncc2c1,CHEMBL3689550,Ki,9.0
3993970,CC(C)[S+]([O-])c1ccc2cc(NC(=O)C3CC3)ncc2c1,CHEMBL3689551,Ki,9.0
3993979,CC(O)c1ccc(C)c(c1)c2ccc3cc(NC(=O)C4CC4)ncc3c2,CHEMBL3685160,Ki,9.0
3993988,CC[C@@H](O)c1cc(C)c(cn1)c2ccc3cc(NC(=O)C4CC4)ncc3c2,CHEMBL3689563,Ki,9.0
3993997,CC[C@H](O)c1cc(C)c(cn1)c2ccc3cc(NC(=O)C4CC4)ncc3c2,CHEMBL3689564,Ki,9.0
3994006,CN(C)CC(=O)Nc1cc2ccc(cc2cn1)c3cc(F)ccc3C,CHEMBL3685050,Ki,9.0
3994015,CN(C)c1ccc(C)c(c1)c2ccc3cc(NC(=O)C4CC4)ncc3c2,CHEMBL3685077,Ki,9.0
3994024,CN1CCC(CC1)C(=O)Nc2cc3ccc(cc3cn2)c4cc(F)ccc4C,CHEMBL3685031,Ki,9.0
1502527,CN1CCN(Cc2ccc(NC(=O)c3ccc(C)c(c3)C#Cc4cncc5nccn45)cc2C(F)(F)F)CC1,CHEMBL2324924,IC50,9.0
3994036,CN1CCN(Cc2ccc(NC(=O)c3cccc(c3)C#Cc4cnc5[nH]ncc5c4)cc2C(F)(F)F)CC1,CHEMBL2316583,IC50,9.0
3994046,COCCNC(=O)c1ccc(C)c(c1)c2ccc3cc(NC(=O)C4CC4)ncc3c2,CHEMBL3689614,Ki,9.0
3994055,C[C@@H](CO)Cc1ccc2cc(NC(=O)C3CC3)ncc2c1,CHEMBL3689542,Ki,9.0
3994064,C[C@H](CO)Cc1ccc2cc(NC(=O)C3CC3)ncc2c1,CHEMBL3689541,Ki,9.0
3994073,Cc1c(Cl)cccc1c2ccc3cc(NC(=O)C4CC4)ncc3c2,CHEMBL3685015,Ki,9.0
3994082,Cc1c(F)cc(cc1c2ccc3cc(NC(=O)C4CC4)ncc3c2)C(=O)NC5COC5,CHEMBL3689623,Ki,9.0
3994091,Cc1c2cc(NC(=O)C3CC3)ncc2cc(c4ccccc4Cl)[n+]1[O-],CHEMBL3689669,Ki,9.0
3994100,Cc1cc(Cl)ccc1c2ccc3cc(NC(=O)C4CC4)ncc3c2,CHEMBL3685017,Ki,9.0
3994110,Cc1cc(cc2nnc(Nc3ccc(cc3)S(=O)(=O)NCCN4CCCC4)nc12)c5cc(O)ccc5Br,CHEMBL398279,Ki,9.0
3994120,Cc1ccc(C(=O)NC2CCOCC2)c(F)c1c3ccc4cc(NC(=O)C5CC5)ncc4c3,CHEMBL3689625,Ki,9.0
3994129,Cc1ccc(C(=O)NC2COC2)c(F)c1c3ccc4cc(NC(=O)C5CC5)ncc4c3,CHEMBL3689624,Ki,9.0
3994138,Cc1ccc(F)cc1c2cc3cnc(NC(=O)C4CC4)cc3c(n2)C#N,CHEMBL3689650,Ki,9.0
3994147,Cc1ccc(F)cc1c2cc3cnc(NC(=O)C4CC4)cc3c(n2)N5CCNCC5,CHEMBL3689673,Ki,9.0
3994156,Cc1ccc(F)cc1c2ccc3cc(NC(=O)C(F)F)ncc3c2,CHEMBL3685069,Ki,9.0
3994165,Cc1ccc(F)cc1c2ccc3cc(NC(=O)C4CCC4)ncc3c2,CHEMBL3685002,Ki,9.0
3994174,Cc1ccc(NC(=O)c2cnn(C)c2)cc1c3ccc4cc(NC(=O)C5CC5)ncc4c3,CHEMBL3685171,Ki,9.0
3994183,Cc1ccc(cc1c2ccc3cc(NC(=O)C4CC4)ncc3c2)C(=O)NC5(C)CCS(=O)(=O)C5,CHEMBL3689611,Ki,9.0
3994192,Cc1ccc(cc1c2ccc3cc(NC(=O)C4CC4)ncc3c2)C(=O)NC5COC5,CHEMBL3689591,Ki,9.0
3994201,Cc1ccncc1c2nc(cc3cnc(NC(=O)C4CC4)cc23)c5cc(F)ccc5C,CHEMBL3689663,Ki,9.0
3994210,Cc1cncc(C)c1c2ccc3cc(NC(=O)C4CC4)ncc3c2,CHEMBL3689618,Ki,9.0
3994219,Cc1ncccc1c2ccc3cc(NC(=O)C4CC4)ncc3c2,CHEMBL3685036,Ki,9.0
3994228,Cc1nccnc1c2ccc3cc(NC(=O)C4CC4)ncc3c2,CHEMBL3685137,Ki,9.0
3994237,Nc1ccc(cn1)c2ccc3cc(NC(=O)C4CC4)ncc3c2,CHEMBL3685012,Ki,9.0
3994246,O=C(Nc1cc2ccc(Nc3ccccc3)cc2cn1)C4CC4,CHEMBL3685073,Ki,9.0
3994255,O=C(Nc1cc2ccc(cc2cn1)c3ccc4[nH]ccc4c3)C5CC5,CHEMBL3685037,Ki,9.0
3994264,O=C(Nc1cc2ccc(cc2cn1)c3cccc4[nH]cnc34)C5CC5,CHEMBL3689589,Ki,9.0
3994273,O=C(Nc1cc2ccc(cc2cn1)c3cncc4[nH]ncc34)C5CC5,CHEMBL3689583,Ki,9.0
3994282,O=C(Nc1cc2ccc(cc2cn1)c3cnccc3C#N)C4CC4,CHEMBL3685013,Ki,9.0
3994291,OC1CCN(C1)c2ccc3cc(NC(=O)C4CC4)ncc3c2,CHEMBL3685182,Ki,9.0
1166950,COc1ccccc1n2c(cn3c4C(=O)NC(=O)N(C)c4nc23)c5cc(O)ccc5C,CHEMBL566515,IC50,9.04
3994302,Cc1cc(N)ncc1c2ccc3cc(NC(=O)C4CC4)ncc3c2,CHEMBL3685154,Ki,9.05
3994311,Cc1ccc(F)cc1c2ccc3c(Br)c(NC(=O)C4CC4)ncc3c2,CHEMBL3685103,Ki,9.05
3994320,Cc1ccc(F)cc1c2ccc3cc(NC(=O)CC4CC4)ncc3c2,CHEMBL3685118,Ki,9.05
3994329,Cc1ccc(NC(=O)C2COCCO2)cc1c3ccc4cc(NC(=O)C5CC5)ncc4c3,CHEMBL3689565,Ki,9.05
3994338,Cc1ccc(cc1c2ccc3cc(NC(=O)C4CC4)ncc3c2)C(=O)N,CHEMBL3685098,Ki,9.05
3994347,Clc1ccc(C#N)c(c1)c2ccc3cc(NC(=O)C4CC4)ncc3c2,CHEMBL3685067,Ki,9.05
3994356,Fc1cnc(C#N)c(c1)c2ccc3cc(NC(=O)C4CC4)ncc3c2,CHEMBL3685014,Ki,9.05
3994365,CC(C)Oc1ccc2cc(NC(=O)C3CC3)ncc2c1,CHEMBL3685092,Ki,9.1
3994375,CC(C)n1nc(C#Cc2cccc(NC(=O)c3cccc(c3)C(F)(F)F)c2)c4c(N)ncnc14,CHEMBL3736320,IC50,9.1
3994385,CC(CO)Cc1ccc2cc(NC(=O)C3CC3)ncc2c1,CHEMBL3685166,Ki,9.1
3994395,C[C@@H](O)Cn1cc(cn1)c2cnc(N)c3c(csc23)c4ccc(NC(=O)Nc5cccc(F)c5)cc4,CHEMBL2022856,Ki,9.1
3994405,C[C@@H](O)c1nccc(C)c1c2ccc3cc(NC(=O)C4C[C@@H]4F)ncc3c2,CHEMBL3689729,Ki,9.1
3994414,C[C@H](O)c1nccc(C)c1c2ccc3cc(NC(=O)C4C[C@@H]4F)ncc3c2,CHEMBL3689732,Ki,9.1
3994423,Cc1cc(ccn1)C(=O)Nc2ccc(C)c(c2)c3ccc4cc(NC(=O)C5CC5)ncc4c3,CHEMBL3685173,Ki,9.1
3994432,Cc1ccc(NC(=O)C2CCOC2)cc1c3ccc4cc(NC(=O)C5CC5)ncc4c3,CHEMBL3689543,Ki,9.1
3994441,Cc1ccc(cc1c2ccc3cc(NC(=O)C4CC4)ncc3c2)C(=O)NC5CCOCC5,CHEMBL3689582,Ki,9.1
3994450,Cc1nc(Cl)ncc1c2ccc3cc(NC(=O)C4CC4)ncc3c2,CHEMBL3689691,Ki,9.1
3994459,Clc1ccccc1c2cc3cnc(NC(=O)C4CC4)cc3c(Cl)n2,CHEMBL3689635,Ki,9.1
3994468,OCc1ccc(F)c(c1)c2ccc3cc(NC(=O)C4CC4)ncc3c2,CHEMBL3685163,Ki,9.1
3994477,[O-][n+]1cc2cc(NC(=O)C3CC3)ncc2cc1c4ccccc4Cl,CHEMBL3689640,Ki,9.1
3994486,Cc1ccc(cc1c2ccc3cc(NC(=O)C4CC4)ncc3c2)C(=O)NC5CC(F)(F)C5,CHEMBL3689738,Ki,9.15
3994495,O=C(Nc1cc2ccc(cc2cn1)c3cccnc3)C4CC4,CHEMBL3689704,Ki,9.15
3994504,CC(C)Nc1ccc2cc(NC(=O)C3CC3)ncc2c1,CHEMBL3685138,Ki,9.16
3994513,CN1CCC(C1)c2ccc(cc2)C(=O)Nc3ccc(C)c(c3)c4ccc5cc(NC(=O)C6CC6)ncc5c4,CHEMBL3689559,Ki,9.16
3994522,CN1CCN(Cc2ccc(cc2Cl)C(=O)Nc3ccc(C)c(c3)c4ccc5cc(NC(=O)C6CC6)ncc5c4)CC1,CHEMBL3685140,Ki,9.16
3994531,Cc1cc(C)c(cn1)c2ccc3cc(NC(=O)C4CC4)ncc3c2,CHEMBL3685060,Ki,9.16
3994540,Cc1ccc(F)cc1c2cc3cnc(NC(=O)C4CC4)cc3c(OC5CCNCC5)n2,CHEMBL3689671,Ki,9.16
3994549,Cc1ccc(F)cc1c2ccc3c(F)c(NC(=O)C4CC4)ncc3c2,CHEMBL3685115,Ki,9.16
3994558,Cc1ccncc1c2ccc3c(C#N)c(NC(=O)C4CC4)ncc3c2,CHEMBL3689620,Ki,9.16
3994567,Cc1ncc(F)cc1c2ccc3cc(NC(=O)C4CC4)ncc3c2,CHEMBL3685063,Ki,9.16
3994576,O=C(Nc1cc2ccc(cc2cn1)c3ccc[nH]3)C4CC4,CHEMBL3685087,Ki,9.16
3994585,Cc1ccc(Cl)cc1c2ccc3cc(NC(=O)C4CC4)ncc3c2,CHEMBL3689701,Ki,9.17
3994594,Cc1ccncc1c2cc3cnc(NC(=O)C4CC4F)cc3cn2,CHEMBL3689715,Ki,9.2
3994603,COc1ccc(C)c(c1)c2ccc3cc(NC(=O)C4CC4)ncc3c2,CHEMBL3685075,Ki,9.22
3994612,COc1ccc(F)cc1c2ccc3cc(NC(=O)C4CC4)ncc3c2,CHEMBL3685018,Ki,9.22
3994621,Cc1ccc(F)cc1c2ccc3cc(NC(=O)NC4CCOCC4)ncc3c2,CHEMBL3685133,Ki,9.22
3994630,Cc1ccc(F)cc1c2ccc3cc(Nc4cc(CO)ccn4)ncc3c2,CHEMBL3685119,Ki,9.22
3994639,Cc1ccc(NC(=O)N2CC[C@H](O)C2)cc1c3ccc4cc(NC(=O)C5CC5)ncc4c3,CHEMBL3689605,Ki,9.22
3994648,Cc1ccc(NC(=O)[C@H]2CCCO2)cc1c3ccc4cc(NC(=O)C5CC5)ncc4c3,CHEMBL3685198,Ki,9.22
3994657,Cc1ccc(cc1c2ccc3cc(NC(=O)C4CC4)ncc3c2)C(=O)Nc5cnn(C)c5,CHEMBL3689616,Ki,9.22
3994666,O=C(Nc1cc2ccc(cc2cn1)c3cccc4NC(=O)Cc34)C5CC5,CHEMBL3685150,Ki,9.22
3994675,Cc1ccc(cc1c2ccc3cc(NC(=O)C4CC4)ncc3c2)C(=O)NC5(CO)CCC5,CHEMBL3689745,Ki,9.23
3994684,Fc1ccccc1c2ccc3cc(NC(=O)C4CC4)ncc3c2,CHEMBL3689708,Ki,9.26
3994693,CCC(=O)Nc1cc2ccc(cc2cn1)c3cc(F)ccc3C,CHEMBL3685057,Ki,9.3
3994703,CN1CCN(CC1)C(=O)c2ccc(Nc3nnc4cc(cc(C)c4n3)c5cc(O)ccc5Cl)cc2,CHEMBL399246,Ki,9.3
3994713,CN1CCN(Cc2ccc(cc2)C(=O)Nc3ccc(F)c(c3)c4ccc5cc(NC(=O)C6CC6)ncc5c4)CC1,CHEMBL3689538,Ki,9.3
3994722,Cc1cc(F)c(F)cc1c2ccc3cc(NC(=O)C4CC4)ncc3c2,CHEMBL3685024,Ki,9.3
3994731,Cc1ccc(NC(=O)N2CCOC(CO)C2)cc1c3ccc4cc(NC(=O)C5CC5)ncc4c3,CHEMBL3689549,Ki,9.3
3994740,Cc1ccc(cc1c2ccc3cc(NC(=O)C4CC4)ncc3c2)C(=O)NC5CCCC5,CHEMBL3689612,Ki,9.3
3994750,Cc1cccc(C)c1\C=C\n2cnc3c(Nc4ccc(cc4)P(=O)(C)C)nc(Oc5cccnc5)nc23,CHEMBL518166,IC50,9.3
3994760,Cc1ncncc1c2ccc3cc(NC(=O)C4CC4)ncc3c2,CHEMBL3685074,Ki,9.3
3994769,Fc1cncc(c1)c2ccc3cc(NC(=O)C4CC4)ncc3c2,CHEMBL3685085,Ki,9.3
3994778,O=C(Nc1cc2ccc(cc2cn1)c3cc[nH]n3)C4CC4,CHEMBL3685062,Ki,9.3
3994787,CCO[C@@H]1CC1C(=O)Nc2cc3ccc(cc3cn2)c4cnccc4C,CHEMBL3689727,Ki,9.35
3994796,CCO[C@H]1CC1C(=O)Nc2cc3ccc(cc3cn2)c4cnccc4C,CHEMBL3689728,Ki,9.35
3994806,COc1cc(Nc2c(cnc3cc(c(OC)cc23)c4coc(CN(C)C)c4)C#N)c(Cl)cc1Cl,CHEMBL219964,IC50,9.37
3994817,COc1cc(Nc2c(cnc3cc(c(OC)cc23)c4coc(CN5CCN(CC5)c6ccccc6)c4)C#N)c(Cl)cc1Cl,CHEMBL278495,IC50,9.37
3994828,COc1cc(Nc2c(cnc3cc(ccc23)c4coc(CN5CCN(C)CC5)c4)C#N)c(Cl)cc1Cl,CHEMBL219260,IC50,9.37
3994838,Cc1ccc(cc1c2ccc3cc(NC(=O)C4CC4)ncc3c2)C(=O)NC5CCC5,CHEMBL3689749,Ki,9.38
3994847,CC(C)Oc1ccc(F)cc1c2ccc3cc(NC(=O)C4CC4)ncc3c2,CHEMBL3685019,Ki,9.4
3994857,CCN(CCN1CCCC1)S(=O)(=O)c2ccc(Nc3nnc4cc(cc(C)c4n3)c5cc(O)ccc5Cl)cc2,CHEMBL250021,Ki,9.4
3994867,CN1CCN(Cc2ccc(cc2)C(=O)Nc3ccc(C)c(c3)c4ccc5cc(N)ncc5c4)CC1,CHEMBL3689576,Ki,9.4
3994876,CN1CCN(Cc2ccc(cc2)C(=O)Nc3ccc(Cl)c(c3)c4ccc5cc(NC(=O)C6CC6)ncc5c4)CC1,CHEMBL3689539,Ki,9.4
3994886,COc1cc(Nc2c(cnc3cc(\C=C\CCN4CCN(C)CC4)c(OC)cc23)C#N)c(Cl)cc1Cl,CHEMBL1088240,IC50,9.4
3994897,COc1cc(Nc2c(cnc3cc(c(OC)cc23)c4coc(CN5CCN(C)CC5)c4)C#N)c(Cl)cc1Cl,CHEMBL219557,IC50,9.4
3994907,Cc1ccc(F)cc1c2cc3cnc(NC(=O)C4CC4)cc3c(n2)C5CCOC5,CHEMBL3689676,Ki,9.4
3994916,Cc1ccc(F)cc1c2cc3cnc(NC(=O)C4CC4)cc3c(n2)c5ccccc5,CHEMBL3689661,Ki,9.4
3994925,Cc1ccc(F)cc1c2cc3cnc(NC(=O)C4CC4)cc3c[n+]2[O-],CHEMBL3689648,Ki,9.4
3994934,Cc1ccc(F)cc1c2ccc3cc(NC(=O)C4CC4(F)F)ncc3c2,CHEMBL3685010,Ki,9.4
3994943,Cc1ccc(NC(=O)N2CCOCC2)cc1c3ccc4cc(NC(=O)C5CC5)ncc4c3,CHEMBL3689546,Ki,9.4
3994952,Cc1ccc(NC(=O)N2CC[C@@H](O)C2)cc1c3ccc4cc(NC(=O)C5CC5)ncc4c3,CHEMBL3689604,Ki,9.4
3994961,Cc1ccc(NC(=O)[C@@H]2CCCO2)cc1c3ccc4cc(NC(=O)C5CC5)ncc4c3,CHEMBL3685199,Ki,9.4
3994970,Cc1ccnc([C@@H](O)C(F)(F)F)c1c2ccc3cc(NC(=O)C4C[C@@H]4F)ncc3c2,CHEMBL3689730,Ki,9.4
3994979,Cc1ccnc([C@H](O)C(F)(F)F)c1c2ccc3cc(NC(=O)C4C[C@@H]4F)ncc3c2,CHEMBL3689731,Ki,9.4
3994988,Cc1ccncc1c2cc3cnc(NC(=O)[C@@H]4C[C@@H]4F)cc3cn2,CHEMBL3689677,Ki,9.4
3994997,Cc1ccncc1c2ccc3cc(NC(=O)C4C5COCC45)ncc3c2,CHEMBL3689579,Ki,9.4
3995006,Cc1ccncc1c2ccc3cc(NC(=O)C4CC4(F)F)ncc3c2,CHEMBL3689607,Ki,9.4
3995015,Fc1ccc(Cl)c(c1)c2cc3cnc(NC(=O)C4CC4)cc3cn2,CHEMBL3689634,Ki,9.4
3995024,OCc1ccncc1c2ccc3cc(NC(=O)C4CC4)ncc3c2,CHEMBL3685191,Ki,9.4
3995033,Fc1ccc(F)c(c1)c2ccc3cc(NC(=O)C4CC4)ncc3c2,CHEMBL3689698,Ki,9.46
3995042,Clc1ccccc1c2ccc3cc(NC(=O)C4CC4)ncc3c2,CHEMBL3689707,Ki,9.51
3995051,CC(=O)Nc1cc2ccc(cc2cn1)c3cc(F)ccc3C,CHEMBL3685041,Ki,9.52
3995060,CC(N(C)C)c1ccc(cc1)C(=O)Nc2ccc(C)c(c2)c3ccc4cc(NC(=O)C5CC5)ncc4c3,CHEMBL3685186,Ki,9.52
3995069,CCc1nc(cc2cnc(NC(=O)C3CC3)cc12)c4ccccc4Cl,CHEMBL3689642,Ki,9.52
3995079,CN(CCN1CCCC1)S(=O)(=O)c2ccc(Nc3nnc4cc(cc(C)c4n3)c5cc(O)ccc5Cl)cc2,CHEMBL250019,Ki,9.52
3995089,CN1CCCC1c2ccc(cc2)C(=O)Nc3ccc(C)c(c3)c4ccc5cc(NC(=O)C6CC6)ncc5c4,CHEMBL3689558,Ki,9.52
3995098,CN1CCN(Cc2ccc(cc2)C(=O)Nc3ccc(C)c(c3)c4ccc5cc(NC(=O)C6CC6)ncc5c4)CC1,CHEMBL3685139,Ki,9.52
3995107,COCC(=O)Nc1cc2ccc(cc2cn1)c3cc(F)ccc3C,CHEMBL3685044,Ki,9.52
3995116,Cc1cc(F)ccc1c2ccc3cc(NC(=O)C4CC4)ncc3c2,CHEMBL3685016,Ki,9.52
3995125,Cc1ccc(F)cc1c2cc3cnc(NC(=O)C4CC4)cc3c(C)[n+]2[O-],CHEMBL3689647,Ki,9.52
3995134,Cc1ccc(F)cc1c2cc3cnc(NC(=O)C4CC4)cc3c(n2)S(=O)(=O)C,CHEMBL3689660,Ki,9.52
3995143,Cc1ccc(F)cc1c2cc3cnc(NC(=O)C4CC4)cc3c(n2)c5ccnn5C,CHEMBL3689659,Ki,9.52
3995152,Cc1ccc(F)cc1c2cc3cnc(NC(=O)C4CC4)cc3c(n2)c5sc(C)nc5C,CHEMBL3689662,Ki,9.52
3995161,Cc1ccc(F)cc1c2ccc3cc(NC(=O)C4CC4F)ncc3c2,CHEMBL3685009,Ki,9.52
3995170,Cc1ccc(NC(=O)C2(O)CCC2)cc1c3ccc4cc(NC(=O)C5CC5)ncc4c3,CHEMBL3689594,Ki,9.52
3995179,Cc1ccc(NC(=O)C2CCC2)cc1c3ccc4cc(NC(=O)C5CC5)ncc4c3,CHEMBL3689540,Ki,9.52
3995188,Cc1ccc(NC(=O)N2CCC2)cc1c3ccc4cc(NC(=O)C5CC5)ncc4c3,CHEMBL3689600,Ki,9.52
3995197,Cc1ccc(cc1c2ccc3cc(NC(=O)C4CC4)ncc3c2)C(=O)NC5(C)CCC5,CHEMBL3689610,Ki,9.52
3995206,Cc1ccnc(C)c1c2ccc3cc(NC(=O)C4CC4)ncc3c2,CHEMBL3685080,Ki,9.52
3995215,Cc1ccncc1c2cc3cnc(NC(=O)C4CC4)cc3cn2,CHEMBL3689645,Ki,9.52
3995224,Clc1ccccc1c2cc3cnc(NC(=O)C4CC4)cc3cn2,CHEMBL3689637,Ki,9.52
3995233,FC(F)(F)c1ccncc1c2ccc3cc(NC(=O)C4CC4)ncc3c2,CHEMBL3689553,Ki,9.52
3995242,Fc1ccc(Cl)c(c1)c2cnc3cc(NC(=O)C4CC4)ncc3c2,CHEMBL3689680,Ki,9.52
3995251,O=C(Nc1cc2ccc(cc2cn1)c3cccc4[nH]ccc34)C5CC5,CHEMBL3685054,Ki,9.52
3995260,Cc1c(F)c(ncc1c2ccc3cc(NC(=O)[C@@H]4C[C@@H]4F)ncc3c2)C(C)(C)O,CHEMBL3689721,Ki,9.57
3995269,Fc1cc(F)c(c(Cl)c1)c2ccc3cc(NC(=O)C4CC4)ncc3c2,CHEMBL3689694,Ki,9.63
3995278,Cc1cc(ncc1c2cc3cnc(NC(=O)[C@@H]4C[C@@H]4F)cc3cn2)C(C)(C)O,CHEMBL3689740,Ki,9.66
3995287,Cc1cccc(C)c1c2ccc3cc(NC(=O)C4CC4)ncc3c2,CHEMBL3639885,Ki,9.69
3995296,CCNC(=O)Nc1cc2ccc(cc2cn1)c3cc(F)ccc3C,CHEMBL3685099,Ki,9.7
3995305,CN(C)Cc1ccc(cc1)C2CC2C(=O)Nc3cc4ccc(cc4cn3)c5cc(F)ccc5C,CHEMBL3689584,Ki,9.7
3995314,CN1CCN(Cc2ccc(cc2C(F)(F)F)C(=O)Nc3cnc(C)c(c3)c4ccc5cc(NC(=O)C6CC6)ncc5c4)CC1,CHEMBL3689592,Ki,9.7
3995323,CN1CCOC(C1)C(=O)Nc2ccc(C)c(c2)c3ccc4cc(NC(=O)C5CC5)ncc4c3,CHEMBL3689547,Ki,9.7
3995332,COCCNC(=O)Nc1cc2ccc(cc2cn1)c3cc(F)ccc3C,CHEMBL3685110,Ki,9.7
3995341,Cc1c(CO)cncc1c2ccc3cc(NC(=O)C4CC4)ncc3c2,CHEMBL3685184,Ki,9.7
3995350,Cc1cc(ncc1c2ccc3cc(NC(=O)C4CC4)ncc3c2)[C@@H](O)C(F)(F)F,CHEMBL3689597,Ki,9.7
3995359,Cc1cc(ncc1c2ccc3cc(NC(=O)C4CC4)ncc3c2)[C@H](O)C(F)(F)F,CHEMBL3689596,Ki,9.7
3995368,Cc1ccc(F)cc1c2cc3cnc(NC(=O)C4CC4)cc3c(CF)n2,CHEMBL3689658,Ki,9.7
3995377,Cc1ccc(F)cc1c2cc3cnc(NC(=O)C4CC4)cc3c(CO)n2,CHEMBL3689653,Ki,9.7
3995386,Cc1ccc(F)cc1c2cc3cnc(NC(=O)C4CC4)cc3c(n2)C(C)(C)O,CHEMBL3689668,Ki,9.7
3995395,Cc1ccc(F)cc1c2cc3cnc(NC(=O)C4CC4)cc3c(n2)c5cc[nH]n5,CHEMBL3689665,Ki,9.7
3995404,Cc1ccc(F)cc1c2cc3cnc(NC(=O)C4CC4)cc3c(n2)c5cccnc5,CHEMBL3689655,Ki,9.7
3995413,Cc1ccc(F)cc1c2ccc3cc(NC(=O)NC4COC4)ncc3c2,CHEMBL3685124,Ki,9.7
3995422,Cc1ccc(NC(=O)C2CCC2)c(F)c1c3ccc4cc(NC(=O)C5CC5)ncc4c3,CHEMBL3689628,Ki,9.7
3995431,Cc1ccc(NC(=O)C2CCOCC2)cc1c3ccc4cc(NC(=O)C5CC5)ncc4c3,CHEMBL3685174,Ki,9.7
3995440,Cc1ccc(NC(=O)N2CCC[C@@H]2CO)cc1c3ccc4cc(NC(=O)C5CC5)ncc4c3,CHEMBL3689602,Ki,9.7
3995449,Cc1ccc(NC(=O)N2CCC[C@H]2CO)cc1c3ccc4cc(NC(=O)C5CC5)ncc4c3,CHEMBL3689603,Ki,9.7
3995458,Cc1ccc(cc1c2ccc3cc(NC(=O)C4CC4)ncc3c2)C#N,CHEMBL3685045,Ki,9.7
3995467,Cc1ccncc1c2ccc3cc(Nc4cccc(CO)n4)ncc3c2,CHEMBL3685187,Ki,9.7
3995476,Fc1ccc(C#N)c(c1)c2ccc3cc(NC(=O)C4CC4)ncc3c2,CHEMBL3685066,Ki,9.7
3995485,OCc1ccc(Cl)c(c1)c2ccc3cc(NC(=O)C4CC4)ncc3c2,CHEMBL3685162,Ki,9.7
3995494,Oc1ccc(C#N)c(c1)c2ccc3cc(NC(=O)C4CC4)ncc3c2,CHEMBL3685088,Ki,9.7
3995503,Cc1ccnc(CO)c1c2ccc3cc(NC(=O)[C@@H]4C[C@@H]4F)ncc3c2,CHEMBL3689746,Ki,9.71
3995512,Fc1cccc(F)c1c2ccc3cc(NC(=O)C4CC4)ncc3c2,CHEMBL3689699,Ki,9.76
3995521,O=C(Nc1cc2ccc(cc2cn1)c3ccccc3C#N)C4CC4,CHEMBL3689706,Ki,9.76
3995530,Cc1c(F)cncc1c2cc3cnc(NC(=O)[C@@H]4C[C@@H]4F)cc3cn2,CHEMBL3689718,Ki,9.78
3995539,Cc1cc[n+]([O-])cc1c2ccc3cc(NC(=O)C4CC4)ncc3c2,CHEMBL3689743,Ki,9.78
3995548,Fc1ccc(F)c(c1Cl)c2ccc3cc(NC(=O)C4CC4)ncc3c2,CHEMBL3689695,Ki,9.79
3995557,Cc1cccc(Cl)c1c2ccc3cc(NC(=O)C4CC4)ncc3c2,CHEMBL3689697,Ki,9.8
3995566,Fc1cc(c2ccc3cc(NC(=O)C4CC4)ncc3c2)c5cn[nH]c5c1,CHEMBL3689720,Ki,9.8
3995575,Cc1ccc(F)cc1c2ccc3cc(NC(=O)C4CC4)ncc3c2,CHEMBL3689700,Ki,9.94
3995584,CN(C)Cc1ccc(cc1)C(=O)Nc2ccc(C)c(c2)c3ccc4cc(NC(=O)C5CC5)ncc4c3,CHEMBL3685177,Ki,10.0
3995593,CNC(=O)Nc1cc2ccc(cc2cn1)c3cc(F)ccc3C,CHEMBL3685072,Ki,10.0
3995602,CNC(=O)Nc1cc2ccc(cc2cn1)c3cnccc3C,CHEMBL3689633,Ki,10.0
3995611,Cc1c[nH]nc1c2ccc3cc(NC(=O)C4CC4)ncc3c2,CHEMBL3685102,Ki,10.0
3995620,Cc1cc(Cl)ncc1c2ccc3cc(NC(=O)C4CC4)ncc3c2,CHEMBL3685146,Ki,10.0
3995629,Cc1cc(ncc1c2ccc3cc(NC(=O)C4CC4)ncc3c2)C(C)(C)O,CHEMBL3689544,Ki,10.0
3995638,Cc1cc(ncc1c2ccc3cc(NC(=O)C4C[C@@H]4F)ncc3c2)[C@@H](O)C(F)(F)F,CHEMBL3689632,Ki,10.0
3995647,Cc1ccc(CO)cc1c2cc3cnc(NC(=O)C4CC4)cc3cn2,CHEMBL3689670,Ki,10.0
3995656,Cc1ccc(F)cc1c2cc3cnc(NC(=O)C4CC4)cc3c(n2)c5cn[nH]c5,CHEMBL3689667,Ki,10.0
3995665,Cc1ccc(F)cc1c2cc3cnc(NC(=O)C4CC4)cc3c(n2)c5cnn(C)c5,CHEMBL3689666,Ki,10.0
3995674,Cc1ccc(F)cc1c2cc3cnc(NC(=O)C4CC4)cc3cn2,CHEMBL3689646,Ki,10.0
3995683,Cc1ccc(F)cc1c2ccc3cc(NC(=O)C4C[C@@H]4F)ncc3c2,CHEMBL3685048,Ki,10.0
3995692,Cc1ccc(F)cc1c2ccc3cc(NC(=O)C4C[C@H]4F)ncc3c2,CHEMBL3685049,Ki,10.0
3995701,Cc1cccnc1c2ccc3cc(NC(=O)C4CC4)ncc3c2,CHEMBL3685035,Ki,10.0
3995710,Cc1ccncc1c2ccc3cc(Nc4cc(CO)ccn4)ncc3c2,CHEMBL3685155,Ki,10.0
3995719,Cc1nc(cc2cnc(NC(=O)C3CC3)cc12)c4ccccc4Cl,CHEMBL3689636,Ki,10.0
3995728,Cc1ncc(O)cc1c2ccc3cc(NC(=O)C4CC4)ncc3c2,CHEMBL3689606,Ki,10.0
3995737,OCc1ncccc1c2ccc3cc(NC(=O)C4CC4)ncc3c2,CHEMBL3685172,Ki,10.0
3995746,C[C@@H](O)c1cc(C)c(cn1)c2ccc3cc(NC(=O)C4CC4)ncc3c2,CHEMBL3689567,Ki,10.05
3995755,C[C@H](O)c1cc(C)c(cn1)c2ccc3cc(NC(=O)C4CC4)ncc3c2,CHEMBL3689568,Ki,10.05
3995764,Cc1c(N)cncc1c2ccc3cc(NC(=O)C4CC4)ncc3c2,CHEMBL3685178,Ki,10.05
3995773,Cc1ccc(NC(=O)N2CCCC2)cc1c3ccc4cc(NC(=O)C5CC5)ncc4c3,CHEMBL3689548,Ki,10.05
3995782,Cc1ccc[n+]([O-])c1c2ccc3cc(NC(=O)C4CC4)ncc3c2,CHEMBL3689723,Ki,10.05
3995791,Oc1cc(ccc1F)c2ccc3cc(NC(=O)C4CC4)ncc3c2,CHEMBL3685097,Ki,10.05
3995800,Cc1ccc(F)cc1c2cc3cnc(NC(=O)C4CC4)cc3c(C)n2,CHEMBL3689649,Ki,10.1
3995809,O=C(Nc1cc2ccc(cc2cn1)c3cccc4[nH]nnc34)C5CC5,CHEMBL3689719,Ki,10.14
3995818,Cc1cccc(F)c1c2ccc3cc(NC(=O)C4CC4)ncc3c2,CHEMBL3689696,Ki,10.15
3995827,Cc1ccnc(CO)c1c2ccc3cc(NC(=O)C4CC4)ncc3c2,CHEMBL3685181,Ki,10.15
3995836,Cc1ccncc1c2ccc3cc(NC(=O)C4C[C@@H]4F)ncc3c2,CHEMBL3689609,Ki,10.15
3995845,Cc1ccncc1c2ccc3cc(NC(=O)C4C[C@H]4F)ncc3c2,CHEMBL3689608,Ki,10.15
3995854,Clc1ccncc1c2ccc3cc(NC(=O)C4CC4)ncc3c2,CHEMBL3685147,Ki,10.15
3995863,Fc1cc(C#N)c(cc1F)c2ccc3cc(NC(=O)C4CC4)ncc3c2,CHEMBL3685055,Ki,10.15
3995874,Cc1cc(cc2nnc(Nc3ccc(CCCN4CCCC4)cc3)nc12)c5cc(O)ccc5Cl,CHEMBL250213,Ki,10.21
3995884,Cc1ccncc1c2ccc3cc(NC(=O)[C@H]4C[C@H]4F)ncc3c2,CHEMBL3689577,Ki,10.22
3995893,Fc1ccc(c2ccc3cc(NC(=O)C4CC4)ncc3c2)c(c1)C#N,CHEMBL3685068,Ki,10.22
3995902,Cc1ccncc1c2ccc3cc(NC(=O)[C@@H]4C[C@@H]4F)ncc3c2,CHEMBL3689578,Ki,10.3
3995911,Cc1c(O)cncc1c2ccc3cc(NC(=O)C4CC4)ncc3c2,CHEMBL3685179,Ki,10.4
3995920,Cc1ncc2[nH]ncc2c1c3ccc4cc(NC(=O)C5CC5)ncc4c3,CHEMBL3689575,Ki,10.4
3995929,O=C(Nc1cc2ccc(cc2cn1)c3cccc4[nH]ncc34)C5CC5,CHEMBL3685134,Ki,10.4
3995938,Oc1ccc(Cl)c(c1)c2ccc3cc(NC(=O)C4CC4)ncc3c2,CHEMBL3685023,Ki,10.4
3995947,Cc1c(O)cccc1c2ccc3cc(NC(=O)C4CC4)ncc3c2,CHEMBL3685089,Ki,10.52
3995956,Cc1cc(F)c(O)cc1c2ccc3cc(NC(=O)C4CC4)ncc3c2,CHEMBL3685095,Ki,10.52
3995965,Cc1ccc(CO)cc1c2ccc3cc(NC(=O)C4CC4)ncc3c2,CHEMBL3685096,Ki,10.52
3995974,Cc1ccc2[nH]ncc2c1c3ccc4cc(NC(=O)C5CC5)ncc4c3,CHEMBL3689574,Ki,10.52
3995983,Cc1ccncc1c2ccc3cc(NC(=O)C4CC4)ncc3c2,CHEMBL3685020,Ki,10.52
3995993,CN1C(=O)C(=Cc2cnc(Nc3cccc(NC(=O)CN)c3)nc12)c4c(Cl)cccc4Cl,CHEMBL1221411,Ki,10.7
3996003,Cc1c(F)c(CO)ncc1c2ccc3cc(NC(=O)C4CC4)ncc3c2,CHEMBL3689554,Ki,10.7
3996012,Cc1c(F)cncc1c2ccc3cc(NC(=O)C4CC4)ncc3c2,CHEMBL3639840,Ki,10.7
3996021,Cc1cc(CO)ncc1c2ccc3cc(NC(=O)C4CC4)ncc3c2,CHEMBL3685180,Ki,10.7
3996030,Cc1cc(ncc1c2ccc3cc(NC(=O)C4C[C@@H]4F)ncc3c2)[C@H](O)C(F)(F)F,CHEMBL3689631,Ki,10.7
3996039,Cc1ccc(O)cc1c2ccc3cc(NC(=O)C4CC4)ncc3c2,CHEMBL3685056,Ki,10.7
3996048,Cc1ccc2[nH]ncc2c1c3cc4cnc(NC(=O)[C@@H]5C[C@@H]5F)cc4cn3,CHEMBL3689678,Ki,10.7
3996057,Cc1ccncc1c2ccc3cc(NC(=O)C4CC4F)ncc3c2,CHEMBL3685101,Ki,10.7
3996066,Cc1c(F)cncc1c2ccc3cc(NC(=O)[C@@H]4C[C@@H]4F)ncc3c2,CHEMBL3689722,Ki,10.73
