id,smiles,name,assay_type,activity_value
985681,CC1=NC(NC2=NC=C(S2)C(=O)NC2=C(C)C=CC=C2Cl)=CC(=N1)N1CCN(CCO)CC1,dasatinib,Kd,9.77
1119248,CN1CCN(CC2=CC=C(C=C2)C(=O)NC2=CC=C(C)C(NC3=NC=CC(=N3)C3=CN=CC=C3)=C2)CC1,imatinib,Kd,8.22
1502412,CC1=CN(C=N1)C1=CC(=CC(NC(=O)C2=CC(NC3=NC=CC(=N3)C3=CN=CC=C3)=C(C)C=C2)=C1)C(F)(F)F,nilotinib,Kd,7.59
293662,COc1cc(Nc2c(cnc3cc(OCCCN4CCN(C)CC4)c(OC)cc23)C#N)c(Cl)cc1Cl,bosutinib,Kd,8.82
479349,COc1cc2c(Oc3ccc(NC(=O)C4(CC4)C(=O)Nc5ccc(F)cc5)cc3F)ccnc2cc1OCCCN6CCOCC6,CHEMBL1230609,Kd,7.57
1502443,Cc1ccc(NC(=O)c2ccc(CN3CCN(CCO)CC3)c(c2)C(F)(F)F)cc1C#Cc4cnc5ccccn45,CHEMBL2324931,IC50,7.75
1502454,CN1CCN(Cc2ccc(NC(=O)Nc3cc(C#Cc4cncc5nccn45)n(C)n3)cc2C(F)(F)F)CC1,CHEMBL2324923,IC50,7.82
1502465,CN1CCN(Cc2ccc(NC(=O)Nc3cc(C#Cc4cccnc4)n(C)n3)cc2C(F)(F)F)CC1,CHEMBL2324928,IC50,7.85
1502479,CN1CCN(Cc2ccc(NC(=O)Nc3cc(C#Cc4cnc5ccccn45)n(C)n3)cc2C(F)(F)F)CC1,CHEMBL2324927,IC50,7.92
1502490,CN1CCN(Cc2ccc(NC(=O)Nc3cc(C#Cc4cnc5cnccn45)n(C)n3)cc2C(F)(F)F)CC1,CHEMBL2324925,IC50,8.0
1502501,CN1CCN(Cc2ccc(cc2C(F)(F)F)C(=O)Nc3ccc(C)c(c3)C#Cc4cnc5cccnn45)CC1,CHEMBL2324930,IC50,8.1
1502512,CN1CCN(Cc2ccc(NC(=O)Nc3cc(C#Cc4cnc5cccnn45)n(C)n3)cc2C(F)(F)F)CC1,CHEMBL2324926,IC50,8.22
634976,CN1CCN(CC1)c2cc(Nc3cc(C)[nH]n3)nc(Sc4ccc(NC(=O)C5CC5)cc4)n2,CHEMBL572878,Kd,8.4
76701,CCN1CCN(Cc2ccc(NC(=O)Nc3ccc(Oc4cc(NC)ncn4)cc3)cc2C(F)(F)F)CC1,CHEMBL574738,Kd,8.47
1502527,CN1CCN(Cc2ccc(NC(=O)c3ccc(C)c(c3)C#Cc4cncc5nccn45)cc2C(F)(F)F)CC1,CHEMBL2324924,IC50,8.7
38372,CSc1cccc(Nc2ncc3C=C(C(=O)N(C)c3n2)c4c(Cl)cccc4Cl)c1,CHEMBL386051,Kd,9.16
