id,smiles,name,assay_type,activity_value
26279,COc1cc(ccc1Nc2ncc(Cl)c(Nc3ccccc3S(=O)(=O)C(C)C)n2)N4CCC(CC4)N5CCN(C)CC5,CHEMBL509032,Kd,7.54
7687525,CN(C)CCCOc1ccc(cc1)c2cnc3c(cnn3c2)c4ccnc5ccccc45,CHEMBL3668019,IC50,7.57
1586000,COc1cc(cc(OC)c1OC)c2cc(cnc2C)c3ccc(cc3)N4CCNCC4,CHEMBL3341789,IC50,7.57
1586114,C1CN(CCN1)c2ccc(cc2)c3cnc4c(cnn4c3)c5cccc6ncccc56,CHEMBL2385591,IC50,7.58
7687539,COc1ccc(cc1OC)c2cc(cnc2N)c3ccc(cc3)N4CCNCC4,CHEMBL3341946,IC50,7.64
7687550,COc1cc(cc(OC)c1OC)c2cc(cnc2N)c3cccc(c3)N4CCNCC4,CHEMBL3341944,IC50,7.77
7687561,COc1cc(cc(OC)c1OC)c2cncc(c2)c3ccc(cc3)N4CCNCC4,CHEMBL3341787,IC50,7.82
7687572,COc1cc(OC)cc(c1)c2cc(cnc2N)c3ccc(cc3)N4CCNCC4,CHEMBL3341947,IC50,7.85
7687583,COc1cc(cc(OC)c1OC)c2cc(cnc2N)c3ccc(cc3)N4CCNCC4,CHEMBL3341945,IC50,8.0
7687594,COc1cc(cc(OC)c1OC)c2cnn3cc(cnc23)c4ccc(cc4)N5CCNCC5,CHEMBL3341794,IC50,8.0
334918,Cc1cc2cn[nH]c2cc1c3cccc4c(N)c(nnc34)C(=O)N,CHEMBL3586447,IC50,8.16
7687607,COc1cc(cc(OC)c1OC)c2cc(cnc2N)c3cccc(NS(=O)(=O)C)c3,CHEMBL3341943,IC50,8.22
38384,CC(C)n1nc(c2cc3cc(O)ccc3[nH]2)c4c(N)ncnc14,CHEMBL1241674,Kd,8.4
1586280,Clc1cnc2OCOc2c1Nc3ccnc(NC(=O)C4CC4)c3,CHEMBL3818173,IC50,8.92
