id,smiles,name,assay_type,activity_value
1585988,CC(C)Oc1ccc(cc1)c2cnc3c(cnn3c2)c4ccnc5ccccc45,CHEMBL2385597,IC50,7.57
1586000,COc1cc(cc(OC)c1OC)c2cc(cnc2C)c3ccc(cc3)N4CCNCC4,CHEMBL3341789,IC50,7.57
1586011,COc1ccc(cc1)c2cnc3c(cnn3c2)c4ccnc5ccccc45,CHEMBL511563,IC50,7.58
1586022,CN(c1ccnc(NC(=O)C2CC2)c1)c3c(Cl)cnc4OCOc34,CHEMBL3818656,IC50,7.59
1586031,Nc1ncnn2c(cc(c3ccc(CO)c(F)c3)c12)N4CCOCC4,CHEMBL3668002,IC50,7.6
1586040,CC(Cc1c(F)c(F)cc(F)c1F)NC2=C(C(=O)NC=C2)c3nc4cc5CN(C6CCN(C)CC6)C(=O)c5c(C)c4[nH]3,CHEMBL3671319,IC50,7.63
1586049,Nc1ncnn2c(cc(c3cc(F)c(CO)c(F)c3)c12)C4CCNC4,CHEMBL3667970,IC50,7.68
1586058,Nc1ncnn2c(CN3CCOCC3)cc(c4ccc(CO)cc4)c12,CHEMBL3667981,IC50,7.72
1586068,Clc1ccc2OCOc2c1Nc3ccnc(NC(=O)C4CC4)c3,CHEMBL3819089,IC50,7.77
1586077,Nc1ncnn2c(CN3CCOCC3)cc(c4ccc(CO)c(Cl)c4)c12,CHEMBL3667983,IC50,7.77
1586086,CC(Cc1cc(F)ccc1F)NC2=C(C(=O)NC=C2)c3nc4cc5C(=O)N(C6CCN(C)CC6)C(=O)c5cc4[nH]3,CHEMBL3671312,IC50,7.82
1586095,C[C@@H](Cc1c(F)c(F)cc(F)c1F)NC2=C(C(=O)NC=C2)c3nc4cc5C(=O)N(C(O)c5cc4[nH]3)c6cccnc6,CHEMBL3671314,IC50,7.82
1586104,Nc1ncnn2c(cc(c3cc(F)c(CO)c(F)c3)c12)C4(O)CCCCC4,CHEMBL3667994,IC50,7.82
1586114,C1CN(CCN1)c2ccc(cc2)c3cnc4c(cnn4c3)c5cccc6ncccc56,CHEMBL2385591,IC50,7.84
1586124,CC(Cc1c(F)c(F)cc(F)c1F)NC2=C(C(=O)NC=C2)c3nc4c(C)c5CN(C6CCN(C)CC6)C(=O)c5cc4[nH]3,CHEMBL3671320,IC50,7.84
1586133,C[C@@H](Cc1c(F)c(F)cc(F)c1F)NC2=C(C(=O)NC=C2)c3nc4cc5C(=O)N(CCN(C)C)C(=O)c5cc4[nH]3,CHEMBL3671310,IC50,7.85
1586143,C1CN(CCN1)c2ccc(cc2)c3cnc4c(cnn4c3)c5ccnc6ccccc56,CHEMBL513147,IC50,7.88
1586153,C[C@@H](Cc1c(F)c(F)cc(F)c1F)NC2=C(C(=O)NC=C2)c3nc4cc5C(=O)N(Cc5cc4[nH]3)C6CCN(C)CC6,CHEMBL3671309,IC50,8.01
1586162,CC(Cc1cc(F)ccc1F)NC2=C(C(=O)NC=C2)c3nc4cc5CN(CCN(C)C)C(=O)c5cc4[nH]3,CHEMBL3671318,IC50,8.04
1586171,Nc1ncnn2c(cc(c3ccc(CO)cc3)c12)C4CCNCC4,CHEMBL3667972,IC50,8.1
1586180,Nc1ncnn2c(cc(c3cc(F)c(CO)c(F)c3)c12)[C@@H]4CC[C@@H](O)CC4,CHEMBL3667969,IC50,8.17
1586189,Nc1ncnn2c(cc(c3cc(F)c(CO)c(F)c3)c12)[C@H]4CCCNC4,CHEMBL3667974,IC50,8.23
1586198,CCc1cc(cc(F)c1CO)c2cc(C(O)C3CC3)n4ncnc(N)c24,CHEMBL3667998,IC50,8.24
1586207,Nc1ncnn2c(cc(c3cc(F)c(CO)c(F)c3)c12)C4(O)CCCNC4,CHEMBL3667971,IC50,8.24
1586216,Cc1nc(cs1)c2cc(c3cc(F)c(CO)c(F)c3)c4c(N)ncnn24,CHEMBL3667976,IC50,8.28
1586225,C[C@@H](Cc1c(F)c(F)cc(F)c1F)NC2=C(C(=O)NC=C2)c3nc4cc5C(=O)N(CCN(C)C)Cc5cc4[nH]3,CHEMBL3671311,IC50,8.33
1586234,NCc1nc(cs1)c2cc(c3cc(F)c(CO)c(F)c3)c4c(N)ncnn24,CHEMBL3667995,IC50,8.39
1586243,CCc1cc(cc(F)c1CO)c2cc(C3CCCNC3)n4ncnc(N)c24,CHEMBL3667997,IC50,8.4
1586252,Cc1cc(cc(F)c1CO)c2cc(C3CCCNC3)n4ncnc(N)c24,CHEMBL3667992,IC50,8.4
1586261,Cc1cc(cc(F)c1CO)c2cc(C3CCNC3)n4ncnc(N)c24,CHEMBL3667993,IC50,8.4
1586270,Cc1nc(cs1)c2cc(c3ccc(CO)cc3)c4c(N)ncnn24,CHEMBL3667975,IC50,8.4
1586280,Clc1cnc2OCOc2c1Nc3ccnc(NC(=O)C4CC4)c3,CHEMBL3818173,IC50,8.4
1586289,Nc1ncnn2c(CCCO)cc(c3ccc(CO)cc3)c12,CHEMBL3667965,IC50,8.4
1586298,CC(O)c1cc(c2cc(F)c(CO)c(F)c2)c3c(N)ncnn13,CHEMBL3668001,IC50,8.42
1586307,COc1cc(ccc1CO)c2cc(C(O)C3CC3)n4ncnc(N)c24,CHEMBL3667999,IC50,8.46
1586316,Nc1ncnn2c(cc(c3cc(F)c(CO)c(F)c3)c12)[C@@H]4CCCNC4,CHEMBL3667973,IC50,8.52
38384,CC(C)n1nc(c2cc3cc(O)ccc3[nH]2)c4c(N)ncnc14,CHEMBL1241674,Kd,8.54
1586327,CCCc1cc(c2cc(F)c(CO)c(F)c2)c3c(N)ncnn13,CHEMBL3667964,IC50,8.55
1586336,CCc1nc(cs1)c2cc(c3cc(F)c(CO)c(F)c3)c4c(N)ncnn24,CHEMBL3667978,IC50,8.59
1586345,CCCc1cc(c2ccc(CO)cc2)c3c(N)ncnn13,CHEMBL3667963,IC50,8.7
1586354,COc1cc(cc(F)c1CO)c2cc(C3CCCNC3)n4ncnc(N)c24,CHEMBL3667991,IC50,8.7
1586363,Nc1nc(cs1)c2cc(c3ccc(CO)cc3)c4c(N)ncnn24,CHEMBL3667979,IC50,8.7
1586372,CC(C)c1cc(c2cc(F)c(CO)c(F)c2)c3c(N)ncnn13,CHEMBL3668000,IC50,8.72
1586381,CNC1CC2OC(C)(C1OC)n3c4ccccc4c5c6CNC(=O)c6c7c8ccccc8n2c7c35,CHEMBL1980995,IC50,8.87
1586390,Nc1ncnn2c(cc(c3cc(F)c(CO)c(F)c3)c12)C(O)C4CC4,CHEMBL3667967,IC50,8.89
1586399,COc1cc(cc(F)c1CO)c2cc([C@@H]3CC[C@@H](O)CC3)n4ncnc(N)c24,CHEMBL3667990,IC50,9.0
1586408,Nc1ncnn2c(CCCCO)cc(c3ccc(CO)cc3)c12,CHEMBL3667966,IC50,9.0
