id,smiles,name,assay_type,activity_value
7225265,Nc1ncnc2nc(cc(c3cccc(Br)c3)c12)c4ccc(nc4)N5CCC6(CC5)OCCO6,CHEMBL65665,IC50,7.55
7225277,CNC(=O)Nc1ncnc2c1c(cn2[C@@H]3O[C@H](C)[C@@H](O)[C@H]3O)c4ccccc4,CHEMBL198972,IC50,7.57
7225288,CN(C)c1cc(cnc1N2CCOCC2)C#Cc3ncnc(N)c3c4ccc5OCOc5c4,CHEMBL376844,IC50,7.59
7225299,C[C@H]1O[C@H]([C@H](O)[C@@H]1O)n2cc(c3ccc(F)cc3)c4c(Nc5ccc(F)cc5)ncnc24,CHEMBL100262,IC50,7.59
7225313,Nc1ncnc2c1c(I)cn2[C@@H]3O[C@H](CO)[C@@H](O)[C@H]3O,CHEMBL99203,IC50,7.59
7225324,CC(C)NC(=O)CNc1ncnc2c1c(cn2[C@@H]3O[C@H](C)[C@@H](O)[C@H]3O)c4ccccc4,CHEMBL425752,IC50,7.6
7225335,COc1ccc(cc1OC)c2c(nc3ncnc(N)c3c2c4cc(Br)cs4)c5cccs5,CHEMBL150478,IC50,7.6
7225346,C[C@H]1O[C@H]([C@H](O)[C@@H]1O)n2cc(c3ccccc3)c4c(Nc5cccnc5)ncnc24,CHEMBL99536,IC50,7.6
7225357,Cc1ccc(cc1)C#Cc2ncnc(N)c2c3ccc(Cl)cc3,CHEMBL390827,IC50,7.6
7225369,OC[C@H]1O[C@H]([C@H](O)[C@@H]1O)n2cc(I)c3c(Cl)ncnc23,CHEMBL328824,IC50,7.62
7225380,Nc1ncnc2nc(cc(NCCc3c[nH]c4ccccc34)c12)c5ccc(nc5)N6CCOCC6,CHEMBL356339,IC50,7.64
7225391,Nc1ncnc2nc(cc(c3cccc(Br)c3)c12)c4ccc(nn4)N5CCC(CCOC6CCOCC6)CC5,CHEMBL317711,IC50,7.64
7225402,Brc1cccc(c1)c2[nH]nc3ncnc(C#Cc4ccc(nc4)N5CCOCC5)c23,CHEMBL183535,IC50,7.66
7225413,CC(C)c1ccc(cc1)c2c(N)ncnc2C#Cc3ccc(cc3)N(C)C,CHEMBL225705,IC50,7.66
7225424,Nc1ncnc(C#Cc2ccc(nc2)N3CCOCC3)c1Cc4cccc(Br)c4,CHEMBL120650,IC50,7.66
7225436,CN(C)c1ccc(cc1)C#Cc2ncnc(N)c2c3ccccc3,CHEMBL216119,IC50,7.7
7225447,CN(C)c1ccc(cc1)c2nc3ncnc(N)c3cc2c4ccc(Br)cc4,CHEMBL191161,IC50,7.7
7225458,COc1ccc(cc1OC)c2c(N)ncnc2C#Cc3ccc(cc3)N(C)C,CHEMBL226515,IC50,7.7
7225469,O[C@@H]1CO[C@H]([C@@H]1O)n2cc(c3ccccc3)c4c(NCC(=O)NC5CC5)ncnc24,CHEMBL200196,IC50,7.7
7225480,Nc1ncnc2nc(cc(c3cccc(Br)c3)c12)c4ccc(nc4)N5CC6CC5CO6,CHEMBL104983,IC50,7.71
7225491,OC[C@H]1O[C@H]([C@H](O)[C@@H]1O)n2c(Nc3ccccc3)nc4c(ncnc24)N5CCc6ccccc56,CHEMBL364496,IC50,7.72
7225502,CON=C1CCN(CC1)c2ccc(nn2)c3cc(c4cccc(Br)c4)c5c(N)ncnc5n3,CHEMBL102524,IC50,7.73
7225513,CC(C)NC(=O)Nc1cc(cnc1N2CCOCC2)C#Cc3ncnc(N)c3c4ccc5OCOc5c4,CHEMBL225679,IC50,7.75
7225524,COc1ccc(cc1)c2c(N)ncnc2C#Cc3ccc(cc3)N(C)C,CHEMBL388192,IC50,7.75
7225535,Nc1ncnc2nc(cc(c3cccc(Br)c3)c12)c4ccc(nn4)N5CCC(COC6CCOCC6)CC5,CHEMBL101805,IC50,7.76
7225546,Nc1ncnc(C#Cc2ccc(cc2)N3CCOCC3)c1c4ccc(Cl)cc4,CHEMBL225833,IC50,7.77
7225557,Nc1ncnc2nc(cc(c3cccc(Br)c3)c12)c4ccc(nn4)N5CCC[C@H]5CO,CHEMBL319412,IC50,7.79
7225568,CN(C)c1ccc(cc1)C#Cc2ncnc(N)c2c3cccc(c3)[N+](=O)[O-],CHEMBL375294,IC50,7.8
7225579,C[C@H]1O[C@H]([C@H](O)[C@@H]1O)n2cc(c3ccccc3)c4c(NCC(=O)NCCCO)ncnc24,CHEMBL197072,IC50,7.8
7225590,NC[C@@H]1O[C@H]([C@H](O)[C@@H]1O)n2cc(I)c3c(N)ncnc23,CHEMBL144936,IC50,7.8
7225601,COCCOC1CCN(CC1)c2ccc(nn2)c3cc(c4cccc(Br)c4)c5c(N)ncnc5n3,CHEMBL103729,IC50,7.82
7225612,COC[C@@H]1O[C@H]([C@H](O)[C@@H]1O)n2cc(c3ccccc3)c4c(Nc5ccccc5)ncnc24,CHEMBL358584,IC50,7.82
7225623,CNc1ncnc(C#Cc2ccc(cc2)N(C)C)c1c3ccc(Cl)cc3,CHEMBL427272,IC50,7.85
7225634,C[C@H]1O[C@H]([C@H](O)[C@@H]1O)n2cc(c3ccccc3)c4c(Nc5ccc(cc5)C#N)ncnc24,CHEMBL318645,IC50,7.85
7225645,Nc1ccc(cn1)C#Cc2ncnc(N)c2c3ccc(Cl)cc3,CHEMBL225887,IC50,7.85
7225656,CN(C)c1ccc(cc1)C#Cc2ncnc(N)c2c3ccc(C)cc3,CHEMBL225696,IC50,7.89
7225667,CN(C)c1ccc(cc1)C#Cc2ncnc(N3CCN(CC3)S(=O)(=O)N(C)C)c2c4ccc(Cl)cc4,CHEMBL226505,IC50,7.89
7225678,Nc1ncnc(C#Cc2ccc(nc2)N3CCOCC3)c1c4cccs4,CHEMBL225782,IC50,7.89
7225689,CCCCc1cc2c(N)ncnc2nc1c3cccs3,CHEMBL193253,IC50,7.96
7225700,CCOC1CCN(CC1)c2ccc(nn2)c3cc(c4cccc(Br)c4)c5c(N)ncnc5n3,CHEMBL106386,IC50,7.98
7225711,CN(C)c1ccc(cc1)C#Cc2ncnc(N)c2c3cccc(Cl)c3,CHEMBL389409,IC50,8.0
7225722,CN(C)c1ccc(cn1)c2oc3ncnc(N4CC5CCN(Cc6ccccc6)C5C4)c3n2,CHEMBL366539,IC50,8.0
7225733,Nc1ccc(cc1)C#Cc2ncnc(N)c2c3ccc(Cl)cc3,CHEMBL387486,IC50,8.0
7225744,Nc1cccc(c1)c2cn([C@@H]3OC[C@@H](O)[C@H]3O)c4ncnc(Nc5ccc(F)cc5)c24,CHEMBL380998,IC50,8.0
7225755,Nc1ncnc(C#Cc2ccc(nc2)N3CCOCC3)c1c4ccc5OCOc5c4,CHEMBL375255,IC50,8.0
7225766,Nc1ncnc2nc(cc(NCc3c[nH]c4ccccc34)c12)c5ccc(nc5)N6CCOCC6,CHEMBL116872,IC50,8.0
7225777,Nc1ncnc2nc(cc(c3cccc(Br)c3)c12)c4ccc(nc4)N5CCC(=NOC6CCOCC6)CC5,CHEMBL65664,IC50,8.0
7225789,Nc1ncnc2nc(cc(c3cccc(Br)c3)c12)c4ccc(nc4)N5CCOCC5,CHEMBL66089,IC50,8.0
7225800,OC[C@H]1O[C@H]([C@H](O)[C@@H]1O)n2nc(c3ccccc3)c4c(NCC(=O)NC5CC5)ncnc24,CHEMBL200457,IC50,8.0
7225812,CN(C)c1ccc(cc1)C#Cc2ncnc(N)c2c3ccc4OCOc4c3,CHEMBL386316,IC50,8.05
7225823,COc1ccc(Nc2ncnc3c2c(cn3[C@@H]4O[C@H](C)[C@@H](O)[C@H]4O)c5occc5)cc1,CHEMBL99025,IC50,8.05
7225837,C[C@H]1O[C@H]([C@H](O)[C@@H]1O)n2cc(I)c3c(N)ncnc23,CHEMBL66280,IC50,8.05
7225848,Cc1ccc(cc1)c2cc3c(N)ncnc3nc2c4cccs4,CHEMBL193286,IC50,8.05
7225859,Nc1ncnc(C#Cc2ccc(nc2)N3CCCCC3)c1c4ccc(Cl)cc4,CHEMBL225781,IC50,8.05
7225871,O[C@@H]1[C@@H](CN=[N+]=[N-])O[C@H]([C@@H]1O)n2cc(I)c3c(Cl)ncnc23,CHEMBL449407,IC50,8.05
7225882,Nc1ncnc2nc(cc(c3cccc(Br)c3)c12)c4ccc(nc4)N5CCC6(CC5)COCO6,CHEMBL102712,IC50,8.08
7225893,Nc1ncnc2nc(cc(c3cccc(Br)c3)c12)c4ccc(nc4)N5CCC(O)(CC5)C6CCOC6=O,CHEMBL103909,IC50,8.09
7225904,CN(C)c1ccc(cc1)C#Cc2ncnc(N3CCNCC3)c2c4ccc(Cl)cc4,CHEMBL226504,IC50,8.1
7225915,COc1ccc(cc1Br)c2cc3c(N)ncnc3nc2c4cccs4,CHEMBL372666,IC50,8.1
7225926,Nc1ncnc(C#Cc2cnc(nc2)N3CCOCC3)c1c4ccc(Cl)cc4,CHEMBL438476,IC50,8.1
7225937,Nc1ncnc(C#Cc2cncc(c2)N3CCOCC3)c1c4ccc(Cl)cc4,CHEMBL225886,IC50,8.1
7225948,CN(C)c1ccc(cn1)C#Cc2ncnc3c2c(nn3C)c4cccc(Br)c4,CHEMBL185372,IC50,8.13
7225959,Nc1ncnc2nc(cc(c3cccc(Br)c3)c12)c4ccc(nc4)N5C[C@@H](O)[C@H](C5)C#N,CHEMBL319197,IC50,8.13
7225970,CCO[C@H]1CN(C[C@H]1OCC)c2ccc(nn2)c3cc(c4cccc(Br)c4)c5c(N)ncnc5n3,CHEMBL102989,IC50,8.14
7225981,Nc1ncnc2nc(cc(c3cccc(Br)c3)c12)c4ccc(nn4)N5CCC(=NOC6CCOCC6)CC5,CHEMBL103812,IC50,8.15
7225992,CCCNC(=O)CNc1ncnc2c1c(cn2[C@@H]3O[C@H](C)[C@@H](O)[C@H]3O)c4ccccc4,CHEMBL200219,IC50,8.16
7226003,O[C@@H]1CO[C@H]([C@@H]1O)n2cc(c3ccc(Cl)cc3)c4c(Nc5ccc(cc5)C#N)ncnc24,CHEMBL198143,IC50,8.16
7226014,Nc1ncnc2nc(cc(c3cccc(Br)c3)c12)c4ccc(nc4)N5C[C@@H](O)[C@@H](O)C5,CHEMBL105216,IC50,8.19
7226025,NC[C@H]1O[C@H]([C@H](O)[C@@H]1O)n2cc(c3ccccc3)c4c(Nc5ccccc5)ncnc24,CHEMBL99829,IC50,8.2
7226036,CN(C)S(=O)(=O)N1CCN(CC1)c2ccc(cn2)C#Cc3ncnc(N)c3c4ccc(Cl)cc4,CHEMBL225727,IC50,8.22
7226047,CN(C)c1ccc(cc1)C#Cc2ncnc(N3CCOCC3)c2c4ccc(Cl)cc4,CHEMBL387630,IC50,8.22
7226058,CN(C)c1ccc(cn1)C#Cc2ncnc(N)c2c3ccc(Cl)cc3,CHEMBL225670,IC50,8.22
7226069,COc1ccc(Nc2ncnc3c2c(cn3[C@@H]4O[C@H](C)[C@@H](O)[C@H]4O)c5ccccc5)cc1,CHEMBL98744,IC50,8.22
7226080,C[C@H]1O[C@H]([C@H](O)[C@@H]1O)n2cc(c3ccccc3)c4c(NCC(=O)NCC5CC5)ncnc24,CHEMBL381229,IC50,8.22
7226091,C[C@H]1O[C@H]([C@H](O)[C@@H]1O)n2nc(c3ccccc3)c4c(NCC(=O)NC5CC5)ncnc24,CHEMBL436096,IC50,8.22
7226102,Nc1ncnc2c1c(I)cn2[C@@H]3OC[C@@H](O)[C@H]3O,CHEMBL194952,IC50,8.22
7226113,O[C@@H]1CO[C@H]([C@@H]1O)n2cc(c3ccccc3)c4c(Nc5ccc(F)cc5)ncnc24,CHEMBL197801,IC50,8.22
7226124,CCOc1ccc(cc1)c2cn([C@@H]3OC[C@@H](O)[C@H]3O)c4ncnc(Nc5ccccc5OC)c24,CHEMBL196483,IC50,8.28
7226135,CCONC(=O)CNc1ncnc2c1c(cn2[C@@H]3O[C@H](C)[C@@H](O)[C@H]3O)c4ccccc4,CHEMBL438796,IC50,8.3
7226146,CN(C)c1ccc(cc1)C#Cc2ncnc(N)c2c3ccc(cc3)N(C)C,CHEMBL226392,IC50,8.3
7226159,C[C@H]1O[C@H]([C@H](O)[C@@H]1O)n2cc(c3ccccc3)c4c(Nc5ccc(F)cc5)ncnc24,CHEMBL66277,IC50,8.3
7226170,O[C@@H]1CO[C@H]([C@@H]1O)n2cc(c3ccccc3)c4c(Nc5ccc(Br)cc5)ncnc24,CHEMBL381682,IC50,8.3
7226181,CN(Cc1cccnc1)c2ccc(cn2)c3cc(c4cccc(Br)c4)c5c(N)ncnc5n3,CHEMBL62524,IC50,8.39
7226192,CO[C@@H]1CCCN1c2ccc(cn2)c3cc(c4cccc(Br)c4)c5c(N)ncnc5n3,CHEMBL62342,IC50,8.39
7226203,CC(C)CNC(=O)CNc1ncnc2c1c(cn2[C@@H]3O[C@H](C)[C@@H](O)[C@H]3O)c4ccccc4,CHEMBL371044,IC50,8.4
7226214,CCCOC(=O)Nc1ncnc2c1c(cn2[C@@H]3O[C@H](C)[C@@H](O)[C@H]3O)c4ccccc4,CHEMBL435123,IC50,8.4
7226225,NC[C@H]1O[C@H]([C@H](O)[C@@H]1O)n2nc(Br)c3c(N)ncnc23,CHEMBL356141,IC50,8.4
7226236,O[C@@H]1CO[C@H]([C@@H]1O)n2cc(c3ccccc3)c4c(Nc5ccc6OCCOc6c5)ncnc24,CHEMBL364049,IC50,8.4
7226247,O[C@@H]1CO[C@H]([C@@H]1O)n2cc(c3ccccc3)c4c(Nc5ccccc5)ncnc24,CHEMBL373218,IC50,8.4
7226258,Nc1ncnc2nc(c(Cc3cccc(Br)c3)cc12)c4cccs4,CHEMBL191309,IC50,8.42
7226269,C[C@H]1O[C@H]([C@H](O)[C@@H]1O)n2cc(c3occc3)c4c(Nc5ccccc5)ncnc24,CHEMBL99565,IC50,8.44
7226280,Nc1ncnc2nc(cc(c3cccc(Br)c3)c12)c4ccc(nc4)N5CCCC5,CHEMBL302404,IC50,8.47
7226291,CCOc1ccc(Nc2ncnc3c2c(cn3[C@@H]4OC[C@@H](O)[C@H]4O)c5ccccc5)cc1,CHEMBL197756,IC50,8.52
7226302,CN(C)c1ccc(cc1)C#Cc2ncnc(N)c2c3ccc(Br)cc3,CHEMBL225695,IC50,8.52
7226313,CN(C)c1ccc(cc1)C#Cc2ncnc(N)c2c3ccc(Cl)cc3,CHEMBL225633,IC50,8.52
7226325,C[C@H]1O[C@H]([C@H](O)[C@@H]1O)n2cc(I)c3c(Cl)ncnc23,CHEMBL329724,IC50,8.52
7226336,C[C@H]1O[C@H]([C@H](O)[C@@H]1O)n2cc(c3ccccc3)c4c(NCC(=O)NC5CC5)ncnc24,CHEMBL371909,IC50,8.52
7226347,Nc1ncnc(C#Cc2ccc(nc2)N3CCOCC3)c1c4ccc(Cl)cc4,CHEMBL225671,IC50,8.52
7226358,OC[C@H]1O[C@H]([C@H](O)[C@@H]1O)n2cc(c3ccccc3)c4c(NCC(=O)NC5CC5)ncnc24,CHEMBL198635,IC50,8.52
7226369,OC[C@@H]1O[C@H]([C@H](O)[C@@H]1O)n2nc(c3ccccc3)c4c(Nc5ccccc5)ncnc24,CHEMBL141327,IC50,8.55
7226540,C[C@H]1O[C@H]([C@H](O)[C@@H]1O)n2cc(c3ccc(Cl)cc3)c4c(Nc5ccc(Cl)cc5)ncnc24,CHEMBL432062,IC50,8.57
7226551,Nc1ncnc(C#Cc2ccc(nc2)N3CCOCC3)c1CCCc4ccccc4,CHEMBL338508,IC50,8.6
7226562,C[C@H]1O[C@H]([C@H](O)[C@@H]1O)n2cc(c3ccccc3)c4c(Nc5ccc(Cl)cc5)ncnc24,CHEMBL317818,IC50,8.64
7226573,CCOc1ccc(cc1)c2cn([C@@H]3OC[C@@H](O)[C@H]3O)c4ncnc(Nc5ccc(cc5)C#N)c24,CHEMBL435120,IC50,8.7
7226584,CCOc1cccc(Nc2ncnc3c2c(cn3[C@@H]4OC[C@@H](O)[C@H]4O)c5ccccc5)c1,CHEMBL371704,IC50,8.7
7226595,CN(C)c1ccc(cc1)c2c(N)ncnc2C#Cc3ccc(nc3)N4CCOCC4,CHEMBL216697,IC50,8.7
7226606,COCCCNC(=O)CNc1ncnc2c1c(cn2[C@@H]3O[C@H](C)[C@@H](O)[C@H]3O)c4ccccc4,CHEMBL200575,IC50,8.7
7226617,C[C@H]1O[C@H]([C@H](O)[C@@H]1O)n2cc(c3ccccc3)c4c(NCC(=O)N)ncnc24,CHEMBL197112,IC50,8.7
7226628,Nc1ncnc2nc(cc(c3cccc(Br)c3)c12)c4ccc(nc4)N5CCC(O)CC5,CHEMBL62974,IC50,8.75
7226639,C(N1CC[C@H]2CN(C[C@@H]12)c3ncnc4oc(nc34)c5ccccc5)c6ccccc6,CHEMBL360273,IC50,8.82
7226650,C[C@H]1O[C@H]([C@H](O)[C@@H]1O)n2cc(c3ccccc3)c4c(Nc5ccc(C)cc5)ncnc24,CHEMBL318929,IC50,8.82
7226661,OC[C@@H]1O[C@H]([C@H](O)[C@@H]1O)n2cc(c3ccccc3)c4c(Nc5ccc(F)cc5)ncnc24,CHEMBL344529,IC50,8.82
7226672,O[C@@H]1[C@@H](CN=[N+]=[N-])O[C@H]([C@@H]1O)n2cc(c3ccccc3)c4c(Nc5ccccc5)ncnc24,CHEMBL98867,IC50,8.82
7226683,C[C@H]1O[C@H]([C@H](O)[C@@H]1O)n2cc(c3ccccc3)c4c(NC(=O)C(=O)NC5CC5)ncnc24,CHEMBL372796,IC50,8.89
7226694,C[C@H]1O[C@H]([C@H](O)[C@@H]1O)n2cc(c3ccccc3)c4c(NCC(=O)NC5CCC5)ncnc24,CHEMBL370654,IC50,8.89
7226705,Nc1ncnc2nc(cc(c3cccc(Br)c3)c12)c4ccc(nc4)N5CCSCC5,CHEMBL62576,IC50,8.89
7226716,C[C@H]1O[C@H]([C@H](O)[C@@H]1O)n2cc(c3ccc(Cl)cc3)c4c(Nc5ccccc5)ncnc24,CHEMBL318918,IC50,8.92
7226727,C(N1C[C@@H]2CCCN([C@@H]2C1)c3ncnc4oc(nc34)c5ccccc5)c6ccccc6,CHEMBL174158,IC50,9.0
7226738,CC(=O)N1CCN(CC1)c2ccc(cn2)C#Cc3ncnc(N)c3c4ccc(Cl)cc4,CHEMBL225729,IC50,9.0
7226749,COCCN(C)c1ccc(cn1)C#Cc2ncnc(N)c2c3ccc(Cl)cc3,CHEMBL225672,IC50,9.0
7226760,COc1ccc(cc1)c2cn([C@@H]3O[C@H](C)[C@@H](O)[C@H]3O)c4ncnc(Nc5ccc(cc5)C#N)c24,CHEMBL317603,IC50,9.0
7226772,C[C@H]1O[C@H]([C@H](O)[C@@H]1O)n2c(Br)c(c3ccccc3)c4c(Nc5ccccc5)ncnc24,CHEMBL328826,IC50,9.0
7226783,C[C@H]1O[C@H]([C@H](O)[C@@H]1O)n2cc(c3ccccc3)c4c(NCC(=O)NC5CCCC5)ncnc24,CHEMBL438449,IC50,9.0
7226794,C[C@H]1O[C@H]([C@H](O)[C@@H]1O)n2cc(c3ccccc3)c4c(Nc5ccc(O)cc5)ncnc24,CHEMBL98551,IC50,9.0
7226805,Cc1ccccc1c2cn([C@@H]3OC[C@@H](O)[C@H]3O)c4ncnc(Nc5ccc6OCCOc6c5)c24,CHEMBL370218,IC50,9.0
7226816,Nc1ncnc(C#Cc2ccc(nc2)N3CCOCC3)c1c4oc5ccccc5c4,CHEMBL449402,IC50,9.0
7226827,OC[C@H]1O[C@H]([C@H](O)[C@@H]1O)n2nc(c3ccccc3)c4c(NCC(=O)Nc5ccccc5)ncnc24,CHEMBL198566,IC50,9.05
7226838,CNC(=O)CNc1ncnc2c1c(cn2[C@@H]3O[C@H](C)[C@@H](O)[C@H]3O)c4ccccc4,CHEMBL200630,IC50,9.1
7226850,C[C@@H]1O[C@H]([C@H](O)[C@@H]1O)n2cc(c3ccccc3)c4c(Nc5ccccc5)ncnc24,CHEMBL436598,IC50,9.1
7226862,OC[C@H]1O[C@H]([C@H](O)[C@@H]1O)n2cc(c3ccccc3)c4c(Nc5ccccc5)ncnc24,CHEMBL319315,IC50,9.1
7226874,NC[C@H]1O[C@H]([C@H](O)[C@@H]1O)n2cc(I)c3c(N)ncnc23,CHEMBL322611,IC50,9.22
7226885,O[C@@H]1CO[C@H]([C@@H]1O)n2cc(c3ccccc3)c4c(NCC(=O)Nc5ccccc5)ncnc24,CHEMBL200169,IC50,9.22
7226896,C[C@H]1O[C@H]([C@H](O)[C@@H]1O)n2cc(c3ccccc3)c4c(NCC(=O)Nc5ccccc5)ncnc24,CHEMBL426472,IC50,9.3
7226907,C[C@H]1O[C@H]([C@H](O)[C@@H]1O)n2cc(c3ccccc3)c4c(NC\C(=N/C5CC5)\S)ncnc24,CHEMBL370011,IC50,9.3
7226920,C[C@H]1O[C@H]([C@H](O)[C@@H]1O)n2cc(c3ccccc3)c4c(Nc5ccccc5)ncnc24,CHEMBL100421,IC50,9.3
7226931,OC[C@@H]1O[C@H]([C@H](O)[C@@H]1O)n2cc(c3ccccc3)c4c(Nc5ccccc5)ncnc24,CHEMBL343247,IC50,9.33
7226942,Nc1ncnc(C#Cc2ccc(nc2)N3CCOCC3)c1c4cc5ccccc5s4,CHEMBL226486,IC50,9.4
7226953,O[C@@H]1[C@H](O)C2(CC2)O[C@H]1n3cc(c4ccccc4)c5c(Nc6ccc(F)cc6)ncnc35,CHEMBL194294,IC50,9.52
7226964,C[C@H]1O[C@H]([C@H](O)[C@@H]1O)n2cc(c3ccccc3)c4c(NCC(=O)Nc5ccc(Cl)cc5)ncnc24,CHEMBL370164,IC50,9.7
7226976,NC[C@H]1O[C@H]([C@H](O)[C@@H]1O)n2cc(Br)c3c(N)ncnc23,CHEMBL99707,IC50,9.7
7226988,NC[C@H]1O[C@H]([C@H](O)[C@@H]1O)n2cc(I)c3c(Cl)ncnc23,CHEMBL330432,IC50,10.0
