id,smiles,name,assay_type,activity_value
1740988,CC(C)Oc1cc(C2CCNCC2)c(C)cc1Nc3ncc(Cl)c(Nc4ccccc4S(=O)(=O)C(C)C)n3,ceritinib,IC50,9.69896984
1167501,CCc1cc2C(=O)c3c([nH]c4cc(ccc34)C#N)C(C)(C)c2cc1N5CCC(CC5)N6CCOCC6,alectinib,IC50,8.72124672
633168,[H][C@](C)(OC1=C(N)N=CC(=C1)C1=CN(N=C1)C1CCNCC1)C1=C(Cl)C=CC(F)=C1Cl,crizotinib,Ki,9.13
2433505,CCN1CCC(CC1)c2cc(OC(C)C)c(Nc3ncc(C)c(Nc4ccccc4S(=O)(=O)C(C)C)n3)cc2C,CHEMBL2403827,IC50,7.53
2433516,CC(C)C(=O)c1cc(OC2CC2)c(Nc3ncc(Cl)c(Nc4cn(C)nc4S(=O)(=O)C(C)C)n3)cc1C,CHEMBL3604653,IC50,7.54
2433526,CC(C)Oc1cc(C2CCN(CC2)C(=O)Cn3ccnc3)c(C)cc1Nc4nc(Nc5ccccc5S(=O)(=O)C(C)C)c6c(C)[nH]nc6n4,CHEMBL3651850,IC50,7.54
2433535,CC(C)Oc1cc(C2CCN(C[C@@H](O)C(F)(F)F)CC2)c(C)cc1Nc3nc(Nc4ccccc4S(=O)(=O)C(C)C)c5c[nH]nc5n3,CHEMBL3651845,IC50,7.54
2433546,CC(C)Oc1cc2CN(C3CCN(CC3)C(=O)[C@@H]4CCCN4)C(=O)c2cc1Nc5ncc(Cl)c(Nc6ccccc6S(=O)(=O)C(C)C)n5,CHEMBL3651836,IC50,7.54
2433556,COc1cc2c(CC\C(=N/NC(=O)N)\C2(C)C)cc1Nc3ncc(Cl)c(Nc4ccccc4S(=O)(=O)C(C)C)n3,CHEMBL3786127,IC50,7.54
2433566,COc1ccc(F)cc1c2c(CO)sc3cnc(Nc4ccc(cc4OC(C)C)N5CCN(C)CC5)nc23,CHEMBL3669151,IC50,7.54
2433576,Cn1cc(cn1)c2cnc3[nH]cc(c4cnn(Cc5cc(F)ccc5F)c4)c3c2,CHEMBL2418761,IC50,7.54
2433587,Cn1ncc2CCCOc3ccc(F)cc3COc4cc(cnc4N)c12,CHEMBL3286816,Ki,7.54
2433598,NC(=O)[C@H]1[C@H]2C[C@H](C=C2)[C@H]1Nc3c(Br)cnc4[nH]c(nc34)c5ccc(cc5)N6CCOCC6,CHEMBL3218860,IC50,7.54
2433608,CC(C)Oc1cc(C2CCNCC2)c(C)cc1Nc3ncc(Cl)c(Nc4c[nH]nc4S(=O)(=O)C(C)C)n3,CHEMBL3786006,IC50,7.55
2433619,CC(C)S(=O)(=O)c1ccccc1Nc2nc(Nc3cccc(NC(=O)[C@@H](N)Cc4c[nH]cn4)c3)ncc2Cl,CHEMBL3357448,IC50,7.55
2433630,CC(C)c1cc(C2CCN(C)CC2)c(C)cc1Nc3ncc(Cl)c(Nc4cn(C)nc4S(=O)(=O)C(C)C)n3,CHEMBL3604640,IC50,7.55
2433641,CCn1cc(Nc2nc(Nc3cc(C)c(cc3OC(C)C)C4CCNCC4)ncc2Cl)c(n1)S(=O)(=O)C(C)C,CHEMBL3787103,IC50,7.55
2433652,COc1cc(Nc2nccc(n2)N3CCC[C@@H](C3)C(=O)NCc4cccc(c4)N5CCOCC5)cc(OC)c1OC,CHEMBL2024001,IC50,7.55
2433662,COc1cc(ccc1Nc2ncc3sc(C(=O)N)c(c4ccccc4)c3n2)N5CCN(CC5)C(C)C,CHEMBL3669134,IC50,7.55
2433672,COc1ccc(cc1Nc2ncc3ccc(c4ccccc4N(C)S(=O)(=O)C)n3n2)N5CCN(C)CC5,CHEMBL2158523,IC50,7.55
2433685,Cn1cc(cn1)c2cnc3[nH]cc(c4cnn(Cc5cccc(N)c5)c4)c3c2,CHEMBL2418759,IC50,7.55
2433697,CC1(C)c2cc(ccc2C(=O)c3c1[nH]c4cc(ccc34)C#N)N5CCN(CC5)C6COC6,CHEMBL1779201,IC50,7.57
2433708,CCc1cc2C(=O)c3c([nH]c4cc(ccc34)C#N)C(C)(C)c2cc1c5cnn(CC(=O)N)c5,CHEMBL3735980,IC50,7.57
2433719,COc1cc2CCC(N)C(C)(C)c2cc1Nc3ncc(Cl)c(Nc4ccccc4S(=O)(=O)C(C)C)n3,CHEMBL3786431,IC50,7.57
2433730,Clc1cccc(Cl)c1CN2CCNc3ncc(cc23)c4ccc(cc4)C(=O)N5CCC[C@H]5CN6CCCC6,CHEMBL1165334,IC50,7.57
2433741,CC1(C)c2cc(OCCNC(=O)N)ccc2C(=O)c3c1[nH]c4cc(ccc34)C#N,CHEMBL1779195,IC50,7.58
2433752,CC(C)Oc1cc(C2CCN(CC2)C(=O)CN(C)C)c(C)cc1Nc3ncc(Cl)c(Nc4ccccc4S(=O)(=O)C(C)C)n3,CHEMBL2403842,IC50,7.59
2433762,CC(C)S(=O)(=O)c1ccccc1Nc2nc(Nc3cccc(NC(=O)CN4C[C@@H](C)O[C@@H](C)C4)c3)ncc2Cl,CHEMBL3357454,IC50,7.59
2433773,CCN1CCc2ccc(Nc3ncc(Cl)c(N[C@@H]4CCCC[C@H]4NC(=O)C(F)(F)F)n3)cc2CC1,CHEMBL1796246,IC50,7.59
2433784,CN1CCN(CC1)c2ccc(C(=O)Nc3n[nH]c4ccc(Cc5cc(F)cc(F)c5)cc34)c(NCCO)c2,CHEMBL3805749,IC50,7.59
2433795,Cc1nn(Cc2cc(F)cc(F)c2)c(C)c1c3c[nH]c4ncc(cc34)c5cnn(C)c5,CHEMBL2418749,IC50,7.59
2433806,CC(C)Oc1cc(C2CCN(C)CC2)c(C)cc1Nc3ncc(Cl)c(Nc4ccccc4S(=O)(=O)N(C)C)n3,CHEMBL2403833,IC50,7.6
2433816,CNC(=O)CCN1CCC(CC1)c2cc(OC(C)C)c(Nc3nc(Nc4ccccc4S(=O)(=O)C(C)C)c5c(C)[nH]nc5n3)cc2C,CHEMBL3651867,IC50,7.6
2433826,Cn1cc(\C=C\2/C(=O)NN=C2c3nccs3)c4c(OCc5cccc(F)c5)cccc14,CHEMBL1922981,IC50,7.6
2433837,CC(C)Oc1cc(ccc1Nc2ncc(Cl)c(Nc3ccccc3S(=O)(=O)C(C)C)n2)N4CCC(CC4)N5CCN(C)CC5,CHEMBL2403844,IC50,7.61
2433848,CC(C)S(=O)(=O)c1ccccc1Nc2nc(Nc3nc4CCN(CCc4s3)C(=O)C5CCOCC5)ncc2Cl,CHEMBL3330859,IC50,7.62
2433859,CCN(CC)C(=O)[C@@H]1CC[C@@H](CC1)N2\C(=N\C(=O)c3ccccc3)\Nc4ccc(CN5CCCCC5)cc24,CHEMBL2172326,IC50,7.62
2433870,CCc1cc2C(=O)c3c([nH]c4cc(ccc34)C#N)C(C)(C)c2cc1NC(=O)CN5CC6CN(C)CC6C5,CHEMBL3735802,IC50,7.62
2433883,CNC(=O)c1ccccc1Nc2nc(Nc3ccc4CCN(C)CC(C)c4c3)ncc2Cl,CHEMBL3263971,IC50,7.62
2433894,CNC(=O)c1nn(C)cc1Nc2nc(Nc3cc(C)c(cc3OC4CC4)C5CCN(C)CC5)ncc2Cl,CHEMBL3786830,IC50,7.62
2433905,C[C@@H](Oc1cc(cnc1N)c2ccn(n2)C3CCNCC3)c4c(Cl)ccc(F)c4Cl,CHEMBL3734798,IC50,7.63
2433915,CC(C)Oc1cc(C2CCN(CCS(=O)(=O)C)CC2)c(C)cc1Nc3nc(Nc4ccccc4S(=O)(=O)C(C)C)c5c(C)[nH]nc5n3,CHEMBL3651861,IC50,7.64
2433924,CC(C)Oc1cc2CN(C3CCN(CC3)C(=O)[C@@H]4CCCN4C)C(=O)c2cc1Nc5ncc(Cl)c(Nc6ccccc6S(=O)(=O)C(C)C)n5,CHEMBL3651838,IC50,7.64
2433934,CC(C)S(=O)(=O)c1nn(C)cc1Nc2nc(Nc3cc(C)c(cc3OC(CF)CF)C4CCN(C)CC4)ncc2Cl,CHEMBL3604637,IC50,7.64
2433945,CCc1cc2C(=O)c3c([nH]c4cc(ccc34)C#N)C(C)(C)c2cc1NC(=O)CN5C[C@@H]6C(CO)[C@@H]6C5,CHEMBL3735241,IC50,7.64
2433955,COc1ncccc1c2c(sc3cnc(Nc4cccc(N5CCN(C)CC5)c4OC(C)C)nc23)C(=O)N,CHEMBL3669149,IC50,7.64
2433965,Cc1nnsc1C2=NNC(=O)/C/2=C\c3cn(C)c4cccc(OCc5ccccc5)c34,CHEMBL1922961,IC50,7.64
2433975,CC(C)Oc1cc(C2CCN(CC2)C(=O)Cn3cccn3)c(C)cc1Nc4nc(Nc5ccccc5S(=O)(=O)C(C)C)c6c(C)[nH]nc6n4,CHEMBL3651849,IC50,7.66
2433985,CC(C)S(=O)(=O)c1nc(C)sc1Nc2nc(Nc3cc(C)c(cc3OC4CC4)C5CCN(C)CC5)ncc2Cl,CHEMBL3787297,IC50,7.66
2433996,CC(C)S(=O)(=O)c1nn(C)cc1Nc2nc(Nc3cc(C)c(cc3C(F)(F)F)C4CCN(C)CC4)ncc2Cl,CHEMBL3604639,IC50,7.66
2434007,COCCN1CCc2ccc(Nc3ncc(Cl)c(N[C@@H]4CCCC[C@H]4NC(=O)C(F)(F)F)n3)cc2CC1,CHEMBL1796247,IC50,7.66
2434018,COc1ccccc1Nc2nc(Nc3ccc(cc3)N4CCN(C)CC4)ncc2Cl,CHEMBL1946608,IC50,7.66
2434029,C[C@@H](Oc1cc(cnc1N)c2cn(C)nc2C)c3cc(F)ccc3C(=O)N(C)C,CHEMBL3286810,Ki,7.66
2434040,Nc1ncc2cc1OCc3cc(F)ccc3OCCc4n[nH]c(C#N)c24,CHEMBL3286814,IC50,7.66
2434050,CC(C)Oc1cc(C2CCN(CCC(=O)N3CCC3)CC2)c(C)cc1Nc4nc(Nc5ccccc5S(=O)(=O)C(C)C)c6c(C)[nH]nc6n4,CHEMBL3651865,IC50,7.68
2434060,CC(C)S(=O)(=O)c1ccccc1Nc2nc(Nc3cccc(NC(=O)C4CNC4)c3)ncc2Cl,CHEMBL3352867,IC50,7.68
2434071,CCc1cc2C(=O)c3c([nH]c4cc(ccc34)C#N)C(C)(C)c2cc1NC(=O)N5CCC(CC5)C(C)(C)O,CHEMBL3735811,IC50,7.68
2434081,CNC(=O)CN1CCC(CC1)c2cc(OC(C)C)c(Nc3nc(Nc4ccccc4S(=O)(=O)C(C)C)c5c(C)[nH]nc5n3)cc2C,CHEMBL3651856,IC50,7.68
2434091,COCCN[C@H]1CCc2ccc(Nc3ncc(Cl)c(N[C@@H]4[C@@H]5C[C@@H](C=C5)[C@@H]4C(=O)N)n3)c(OC)c2CC1,CHEMBL2064662,IC50,7.68
2434102,COc1cc2c(CCC(O)C2(C)C)cc1Nc3ncc(Cl)c(Nc4ccccc4S(=O)(=O)C(C)C)n3,CHEMBL3786270,IC50,7.68
2434113,COc1cc2c(CC\C(=N/NC(=O)C)\C2(C)C)cc1Nc3ncc(Cl)c(Nc4ccccc4S(=O)(=O)C(C)C)n3,CHEMBL3785497,IC50,7.68
2434124,C[C@H]1Oc2cc(cnc2N)c3c(CCCOc4ccc(F)cc14)nn(C)c3C#N,CHEMBL3286819,IC50,7.68
26254,C[C@H]1Oc2cc(cnc2N)c3c(CN(C)C(=O)c4ccc(F)cc14)nn(C)c3C#N,CHEMBL3286830,IC50,7.68
2434137,C[C@H]1Oc2cc(cnc2N)c3cc(ccc3CN(C)C(=O)c4ccc(F)cc14)S(=O)(=O)C,CHEMBL3286827,IC50,7.68
2434148,Cc1nnsc1C2=NNC(=O)/C/2=C\c3cn(C)c4cccc(OCc5c(F)cccc5Cl)c34,CHEMBL1922972,IC50,7.68
2434158,CC(C)Oc1cc(C2CCN(C)CC2)c(C)cc1Nc3nc(Nc4ccccc4S(=O)(=O)C(C)C)c5c(C)[nH]nc5n3,CHEMBL3651854,IC50,7.7
2434169,CC(C)Oc1cc(C2CCNCC2)c(C)cc1Nc3ncc(Cl)c(Nc4cn(C)nc4S(=O)(=O)C(C)C)n3,CHEMBL3604631,IC50,7.7
2434180,CC(C)S(=O)(=O)c1nn(C)cc1Nc2nc(Nc3cc(C)c(cc3OC4CC4)[C@@H]5CC[C@@H](CC5)NC6CC6)ncc2Cl,CHEMBL3786818,IC50,7.7
2434191,CC(C)S(=O)(=O)c1nn(C)cc1Nc2nc(Nc3cc(C)c(cc3OC4CC4)[C@@H]5CC[C@H](CC5)NS(=O)(=O)C)ncc2Cl,CHEMBL3787494,IC50,7.7
2434202,CCN([C@@H]1CCCC[C@H]1Nc2nc(Nc3cc4CCN(CCOC)CCc4cc3OC)ncc2Cl)S(=O)(=O)C,CHEMBL1796258,IC50,7.7
2434213,CNS(=O)(=O)c1ccccc1Nc2nc(Nc3ccc4N(C)C(=O)CCCc4c3)ncc2Cl,CHEMBL2042694,IC50,7.7
2434224,COc1c2CCC(CCc2ccc1Nc3ncc(Cl)c(N[C@@H]4[C@@H]5C[C@@H](C=C5)[C@@H]4C(=O)N)n3)N6CCN(C)CC6,CHEMBL2064722,IC50,7.7
430205,COc1c2CC[C@H](CCc2ccc1Nc3ncc(Cl)c(N[C@@H]4[C@@H]5C[C@@H](C=C5)[C@@H]4C(=O)N)n3)N6CCOCC6,CHEMBL2064666,IC50,7.7
2434238,COc1ccccc1c2ccc3cnc(Nc4ccc(cc4)N5CCN(C)CC5)nn23,CHEMBL1822515,IC50,7.7
2434249,C[C@H]1Oc2cc(cnc2N)c3c(CCOc4ccc(F)cc14)nn(C)c3C#N,CHEMBL3286818,IC50,7.7
2434260,Cc1nnsc1C2=NNC(=O)/C/2=C\c3cn(C)c4cccc(OCc5cccc(F)c5)c34,CHEMBL1922968,IC50,7.7
2434270,CC(C)Oc1cc(C2CCN(CC2)[C@H]3CCS(=O)(=O)C3)c(C)cc1Nc4nc(Nc5ccccc5S(=O)(=O)C(C)C)c6c(C)[nH]nc6n4,CHEMBL3651873,IC50,7.72
2434280,CC(C)S(=O)(=O)c1ccccc1Nc2nc(Nc3cccc(NC(=O)CCCN)c3)ncc2Cl,CHEMBL3357450,IC50,7.72
2434291,CC(C)S(=O)(=O)c1nn(C)cc1Nc2nc(Nc3cc(C)c(cc3OC4CC4)C5CCOCC5)ncc2Cl,CHEMBL3786171,IC50,7.72
2434302,CC(C)S(=O)(=O)c1sc(C)nc1Nc2nc(Nc3cc(C)c(cc3OC4CC4)C5CCN(C)CC5)ncc2Cl,CHEMBL3786916,IC50,7.72
2434315,CNC(=O)c1ccccc1Nc2nc(Nc3ccc4CCNCC(=C)c4c3)ncc2Cl,CHEMBL3263973,IC50,7.72
2434326,COc1cc(Nc2nccc(n2)N3CCC[C@@H](C3)C(=O)NCc4cccc(c4)c5ccccc5)cc(OC)c1OC,CHEMBL2023998,IC50,7.72
2434337,COc1cc(ccc1Nc2ncc3ccc(c4ccccc4C#N)n3n2)C5CCN(CC(=O)N)CC5,CHEMBL2158513,IC50,7.72
2434348,C[C@H](c1ccc2[nH]nc(NC(=O)c3ccc(cc3NC4CCOCC4)N5CCN(C)CC5)c2c1)c6cc(F)cc(F)c6,CHEMBL3805214,IC50,7.72
2434359,CC1(C)c2cc(ccc2C(=O)c3c1[nH]c4cc(ccc34)C#N)N5CCOCC5,CHEMBL1779197,IC50,7.73
2434369,CC(C)Oc1cc(C2CCN(CC2)C(=O)CCN(C)C)c(C)cc1Nc3nc(Nc4ccccc4S(=O)(=O)C(C)C)c5c(C)[nH]nc5n3,CHEMBL3651876,IC50,7.75
2434378,CC(C)Oc1cc(C2CCN(CC2)[C@@H]3CCS(=O)(=O)C3)c(C)cc1Nc4nc(Nc5ccccc5S(=O)(=O)C(C)C)c6c(C)[nH]nc6n4,CHEMBL3651874,IC50,7.75
2434387,CC(C)Oc1cc(C2CCN(CCC(=O)N)CC2)c(C)cc1Nc3nc(Nc4ccccc4S(=O)(=O)C(C)C)c5c(C)[nH]nc5n3,CHEMBL3651864,IC50,7.75
2434397,CC(C)S(=O)(=O)c1ccccc1Nc2nc(Nc3cccc(NC(=O)CN4CCOCC4)c3)ncc2Cl,CHEMBL3357453,IC50,7.75
2434408,CC(C)S(=O)(=O)c1ccccc1Nc2nc(Nc3nc4CCN(CC5CCOCC5)CCc4s3)ncc2Cl,CHEMBL3330858,IC50,7.75
2434419,CC(C)S(=O)(=O)c1nn(C)cc1Nc2nc(Nc3cc(C)c(cc3OC4CC4)C5CCN(C)CC5)ncc2F,CHEMBL3787598,IC50,7.75
2434430,CC(C)S(=O)(=O)c1nn(C)cc1Nc2nc(Nc3cc(C)c(cc3OC4CC4)[C@@H]5CC[C@H](CC5)N6CCN(CC6)C(=O)C)ncc2Cl,CHEMBL3787658,IC50,7.75
2434441,CC(C)S(=O)(=O)c1nn(C)cc1Nc2nc(Nc3cc(C)c(cc3OC4CC4)[C@@H]5CC[C@H](CC5)NC6CC6)ncc2Cl,CHEMBL3785665,IC50,7.75
2434452,CC1(C)c2cc(ccc2C(=O)c3c1[nH]c4cc(ccc34)C#N)C5CCN(CC6CCOCC6)CC5,CHEMBL3735648,IC50,7.75
2434463,CCOC(=O)[C@@H]1CC[C@@H](CC1)N2\C(=N\C(=O)c3ccccc3)\Nc4ccc(CN5CCCCC5)cc24,CHEMBL2172324,IC50,7.75
2434474,CCc1cc2C(=O)c3c([nH]c4cc(ccc34)C#N)C(C)(C)c2cc1C5=CCN(CC5)C(=O)C6CCOCC6,CHEMBL3736388,IC50,7.75
2434485,CN1C(=O)CCCc2cc(Nc3ncc(Cl)c(N[C@@H]4[C@@H]5C[C@@H](C=C5)[C@@H]4C(=O)N)n3)ccc12,CHEMBL2042695,IC50,7.75
2434496,COc1cc2c(CC\C(=N/NC(=N)N)\C2(C)C)cc1Nc3ncc(Cl)c(Nc4ccccc4S(=O)(=O)C(C)C)n3,CHEMBL3786763,IC50,7.75
2434507,Fc1cc(F)cc(Cc2ccc3[nH]nc(NC(=O)c4ccc(CN5CCCCC5)cc4NC6CCOCC6)c3c2)c1,CHEMBL3806112,IC50,7.75
2434518,NC(=O)[C@@H]1CC[C@@H](CC1)N2\C(=N\C(=O)c3ccccc3)\Nc4ccc(CN5CCCCC5)cc24,CHEMBL2172327,IC50,7.75
1732158,CC(C)S(=O)(=O)c1ccccc1Nc2nc(Nc3cc(C)c(cc3OC4CCC4)C5CCNCC5)ncc2Cl,CHEMBL2403848,IC50,7.76
2434799,CCc1cc2C(=O)c3c([nH]c4cc(ccc34)C#N)C(C)(C)c2cc1c5cnn(CC(=O)N(C)C)c5,CHEMBL3735401,IC50,7.76
2434810,CC(=O)N1CCN(CC1)c2cc(ccn2)c3cnc4NCCN(Cc5cc(Cl)ccc5C(F)(F)F)c4c3,CHEMBL1163565,IC50,7.77
2434820,CC(C)Oc1cc(ccc1Nc2ncc3sc(C(=O)N)c(c4ccoc4C)c3n2)C5CCN(C)CC5,CHEMBL3669140,IC50,7.77
2434829,CC(C)S(=O)(=O)c1ccccc1Nc2nc(Nc3ccc(cc3)C4CCNCC4)nc5n[nH]c(C)c25,CHEMBL3651870,IC50,7.77
2434839,CC(C)S(=O)(=O)c1nn(C)cc1Nc2nc(Nc3cc(C)c(cc3OCC4CC4)C5CCNCC5)ncc2Cl,CHEMBL3604635,IC50,7.77
2434850,CCN(CC)[C@@H]1CC[C@@H](CC1)c2cc(OC3CC3)c(Nc4ncc(Cl)c(Nc5cn(C)nc5S(=O)(=O)C(C)C)n4)cc2C,CHEMBL3786173,IC50,7.77
2434860,CCc1nc(C(=O)N)c(Nc2ccc(cc2)N3CCOCC3)nc1N[C@@H]4CC[C@@H](O)CC4,CHEMBL3687199,IC50,7.77
2434869,CCc1nc(C(=O)N)c(Nc2cccc(c2)S(=O)(=O)C)nc1N[C@@H]3CC[C@@H](O)CC3,CHEMBL3687188,IC50,7.77
2434879,CNC(=O)c1ccccc1Nc2nc(Nc3cc4CCCCCN(C)CCc4cc3OC)ncc2Cl,CHEMBL3263977,IC50,7.77
2434890,CNC(=O)c1ccccc1Nc2nc(Nc3ccc4CCN(C)C\C(=C/C)\c4c3)ncc2Cl,CHEMBL3263975,IC50,7.77
2434901,COc1cc2CCC(CCc2cc1Nc3ncc(Cl)c(N[C@@H]4[C@@H]5C[C@@H](C=C5)[C@@H]4C(=O)N)n3)N6CCN(C)CC6,CHEMBL2064723,IC50,7.77
2434911,COc1ncccc1c2c(sc3cnc(Nc4cc(C)c(cc4OC(C)C)n5ccnc5C)nc23)C(=O)N,CHEMBL3669145,IC50,7.77
2434921,C[C@@H]1Oc2cc(cnc2N)c3c(C)nn(C)c3CN(C)C(=O)c4ccc(F)cc14,CHEMBL3286821,Ki,7.77
2434932,C[C@@H]1Oc2nc(cnc2N)c3c(C)nn(C)c3CN(C)C(=O)c4ccc(F)cc14,CHEMBL3286824,Ki,7.77
2434943,Cn1cc(\C=C\2/C(=O)NN=C2c3nccs3)c4c(OCc5cc(F)ccc5F)cccc14,CHEMBL1922987,IC50,7.77
2434954,Oc1ccc(cc1)C2C(=O)Nc3ccccc3c4ccnc5[nH]cc2c45,CHEMBL584052,Ki,7.77
2434965,CC(C)Oc1cc(C2CCN(CC(=O)N)CC2)c(C)cc1Nc3ncc(Cl)c(Nc4ccccc4S(=O)(=O)C(C)C)n3,CHEMBL2403841,IC50,7.78
2434976,CC1(C)c2cc(ccc2C(=O)c3c1[nH]c4cc(ccc34)C#N)C5CCN(CC5)C(=O)C6COCCN6,CHEMBL3735587,IC50,7.78
2434987,CC1(C)c2cc(ccc2C(=O)c3c1[nH]c4cc(ccc34)C#N)C5CCN(CC6(O)CCOCC6)CC5,CHEMBL3736267,IC50,7.79
2434998,CC1(C)c2cc(ccc2C(=O)c3c1[nH]c4cc(ccc34)C#N)N5CCC(CC5)N6CCOCC6,CHEMBL1940180,IC50,7.8
2435009,CNC(=O)c1ccc(F)cc1[C@@H](C)Oc2nc(cnc2N)c3cccnc3OC,CHEMBL3286812,IC50,7.8
2435020,COc1cc(Nc2nccc(n2)N3CCC[C@@H](C3)C(=O)NCc4cccc(OC(F)(F)F)c4)cc(OC)c1OC,CHEMBL2023556,IC50,7.8
2435031,COc1cc2CCC(CCc2cc1Nc3ncc(Cl)c(N[C@@H]4[C@@H]5C[C@@H](C=C5)[C@@H]4C(=O)N)n3)N6CCOCC6,CHEMBL2064667,IC50,7.8
2435042,COc1cc2CC\C(=N/NC(=N)N)\C(C)(C)c2cc1Nc3ncc(Cl)c(Nc4ccccc4S(=O)(=O)C(C)C)n3,CHEMBL3785093,IC50,7.8
2435053,COc1cc2CC\C(=N/NC(=O)N)\C(C)(C)c2cc1Nc3ncc(Cl)c(Nc4ccccc4S(=O)(=O)C(C)C)n3,CHEMBL3785115,IC50,7.8
2435064,COc1ccccc1c2nc3c(N[C@@H]4[C@@H]5C[C@@H](C=C5)[C@@H]4C(=O)N)c(Cl)cnc3[nH]2,CHEMBL3218848,IC50,7.8
2435074,C[C@@H](Oc1cc(cnc1N)c2c[nH]nc2C)c3cc(F)ccc3F,CHEMBL3128071,Ki,7.8
2435085,CCc1cc2C(=O)c3c([nH]c4cc(ccc34)C#N)C(C)(C)c2cc1c5cnn(c5)C6CCNCC6,CHEMBL3736273,IC50,7.81
2435095,CC(C)Oc1cc(C2CCN(CCC(=O)N(C)C)CC2)c(C)cc1Nc3nc(Nc4ccccc4S(=O)(=O)C(C)C)c5c(C)[nH]nc5n3,CHEMBL3651866,IC50,7.82
2435105,CC(C)S(=O)(=O)c1ccccc1Nc2nc(Nc3cccc(NC(=O)CN)c3)ncc2Cl,CHEMBL3357439,IC50,7.82
2435116,CC(C)S(=O)(=O)c1nn(C)cc1Nc2nc(Nc3cc(C)c(cc3OCC4CC4)C5CCN(C)CC5)ncc2Cl,CHEMBL3604636,IC50,7.82
2435127,CCCc1cc2C(=O)c3c([nH]c4cc(ccc34)C#N)C(C)(C)c2cc1N5CCN(CC5)C6COC6,CHEMBL1823222,IC50,7.82
2435138,CN(C)CCN(C)C(=O)c1ccc(C(=O)Nc2n[nH]c3ccc(Cc4cc(F)cc(F)c4)cc23)c(NC5CCOCC5)c1,CHEMBL3805741,IC50,7.82
2435149,CN1CCC(CC1)Nc2cc(ccc2C(=O)Nc3n[nH]c4ccc(Cc5cc(F)cc(F)c5)cc34)N6CCN(C)CC6,CHEMBL3805020,IC50,7.82
2435160,CNC(=O)c1ccccc1Nc2nc(Nc3ccc4N(C)C(=O)CCCc4c3)ncc2Cl,CHEMBL1644799,IC50,7.82
2435171,COCCN1CCc2cc(Nc3ncc(Cl)c(N[C@@H]4CCCC[C@H]4N(C)S(=O)(=O)C)n3)c(OC)cc2CC1,CHEMBL1796257,IC50,7.82
2435182,COc1cc(ccc1Nc2ncc3ccc(c4ccccc4N(C)S(=O)(=O)C)n3n2)C5CCN(CC(=O)N)CC5,CHEMBL2158516,IC50,7.82
2435193,COc1cc(ccc1Nc2ncc3ccc(c4ccccc4N(C)S(=O)(=O)C)n3n2)N5CCN(C[C@@H](C)O)CC5,CHEMBL1822526,IC50,7.82
2435204,COc1cc(ccc1Nc2ncc3ccc(c4ccccc4N(C)S(=O)(=O)C)n3n2)[C@@]5(O)CCN(CC(=O)N)C[C@@H]5O,CHEMBL3398170,IC50,7.82
2435215,COc1cc(ccc1Nc2ncc3ccc(c4ccccc4OC)n3n2)[C@@H]5CCN(CC(=O)N)C[C@@H]5O,CHEMBL3398173,IC50,7.82
2435226,COc1cc2CC(=O)NCCc2cc1Nc3ncc(Cl)c(Nc4ccccc4S(=O)(=O)C(C)C)n3,CHEMBL3608521,IC50,7.82
2435237,COc1ncncc1c2cnc(N)c(O[C@H](C)c3cc(F)ccc3n4nccn4)c2,CHEMBL3128062,Ki,7.82
2435248,Fc1ccc(F)c(CN2CCNc3ncc(cc23)c4ccc(cc4)C(=O)N5CCC[C@H]5CN6CCCC6)c1,CHEMBL1165318,IC50,7.82
2435259,Nc1ncc2cc1OCc3cc(F)ccc3OCCCc4n[nH]c(C#N)c24,CHEMBL3286815,IC50,7.82
2435270,CC(C)[C@H](N)C(=O)Nc1cccc(Nc2ncc(Cl)c(Nc3ccccc3S(=O)(=O)C(C)C)n2)c1,CHEMBL3357445,IC50,7.83
1742094,CC(C)Oc1cc(C2CCN(C)CC2)c(C)cc1Nc3ncc(C)c(Nc4ccccc4S(=O)(=O)C(C)C)n3,CHEMBL2403843,IC50,7.84
2435282,CC(C)Oc1cc(C2CCN(CC(=O)N)CC2)c(C)cc1Nc3nc(Nc4ccccc4S(=O)(=O)C(C)C)c5c(C)[nH]nc5n3,CHEMBL3651855,IC50,7.85
2435292,CCN1C(=O)CCCc2c(OC)c(Nc3ncc(Cl)c(N[C@@H]4[C@@H]5C[C@@H](C=C5)[C@@H]4C(=O)N)n3)ccc12,CHEMBL2042829,IC50,7.85
2435303,CN1CCN(CC1)c2ccc(C(=O)Nc3n[nH]c4ccc(Cc5cc(F)cc(F)c5)cc34)c(NCCF)c2,CHEMBL3805899,IC50,7.85
2435315,CNC(=O)c1ccccc1Nc2nc(Nc3ccc4CCN(C)CC(c5ccccc5)c4c3)ncc2Cl,CHEMBL3263970,IC50,7.85
2435325,COc1cc(C2CCN(C)CC2)c(C)cc1Nc3ncc4sc(C(=O)N)c(c5ccccc5)c4n3,CHEMBL3669135,IC50,7.85
2435335,COc1cc(N2CCN(C[C@H](C)O)CC2)c(F)cc1Nc3ncc4ccc(c5ccccc5N(C)S(=O)(=O)C)n4n3,CHEMBL2158521,IC50,7.85
2435347,C[C@@H](Oc1cc(cnc1N)c2cn(C)nc2C)c3cc(F)ccc3n4nccn4,CHEMBL3128075,IC50,7.85
2435358,C[C@H]1Oc2cc(cnc2N)c3c(C)nn(C)c3CN(C)C(=O)c4ccc(F)cc14,CHEMBL3286820,IC50,7.85
2435369,Cc1nnsc1C2=NNC(=O)/C/2=C\c3cn(C)c4cccc(OCc5c(F)ccc(F)c5Cl)c34,CHEMBL1922973,IC50,7.85
2435380,Cn1cc(\C=C\2/C(=O)NN=C2c3nccs3)c4c(OCc5cccc(F)c5F)cccc14,CHEMBL1922986,IC50,7.85
2435391,CC(C)NC(=O)[C@@H]1CC[C@@H](CC1)N2\C(=N\C(=O)c3ccc(F)cc3)\Nc4ccc(CN5CCC[C@H]5C(C)(C)O)cc24,CHEMBL2172309,IC50,7.89
2435401,CC(C)Oc1cc(C2CCN(CC2)C(=O)CN(C)C)c(C)cc1Nc3nc(Nc4ccccc4S(=O)(=O)C(C)C)c5c[nH]nc5n3,CHEMBL3651844,IC50,7.89
2435410,CC(C)Oc1cc(C2CCN(CC2)C(=O)[C@@H]3CCCN3)c(C)cc1Nc4ncc(Cl)c(Nc5ccccc5S(=O)(=O)C(C)C)n4,CHEMBL3651831,IC50,7.89
2435420,CC(C)Oc1cc(C2CNC2)c(C)cc1Nc3ncc(Cl)c(Nc4cn(C)nc4S(=O)(=O)C(C)C)n3,CHEMBL3604645,IC50,7.89
2435431,CC(C)S(=O)(=O)c1nn(C)cc1Nc2nc(Nc3cc(C#N)c(cc3OC4CC4)C5CCN(C)CC5)ncc2Cl,CHEMBL3604644,IC50,7.89
2435442,CNC(=O)c1ccccc1Nc2nc(Nc3ccc4CCN(C)C\C(=C\C)\c4c3)ncc2Cl,CHEMBL3263976,IC50,7.89
2435452,COc1ncc(F)cc1c2c(sc3cnc(Nc4cc(nn4C(C)C)C5CCOCC5)nc23)C(=O)N,CHEMBL3669148,IC50,7.89
2435462,Cc1nnsc1C2=NNC(=O)/C/2=C\c3cn(C)c4cccc(OCc5ccccc5F)c34,CHEMBL1922967,IC50,7.89
2435473,Cn1cc(\C=C\2/C(=O)NN=C2c3nccs3)c4c(OCc5c(F)cccc5Cl)cccc14,CHEMBL1922985,IC50,7.89
2435484,CC(C)Oc1cc(C2CCNCC2)c(C)cc1Nc3ncc(Cl)c(Nc4cn(nc4S(=O)(=O)C(C)C)C5CC5)n3,CHEMBL3786976,IC50,7.92
2435494,CC(C)Oc1cc2CN(C3CCN(CC3)C(=O)C4CN(C)C4)C(=O)c2cc1Nc5ncc(Cl)c(Nc6ccccc6S(=O)(=O)C(C)C)n5,CHEMBL3651840,IC50,7.92
2435504,CCC(C)S(=O)(=O)c1nn(C)cc1Nc2nc(Nc3cc(C)c(cc3OC(C)C)C4CCNCC4)ncc2Cl,CHEMBL3785232,IC50,7.92
2435515,CCN(CC)[C@@H]1CC[C@H](CC1)c2cc(OC3CC3)c(Nc4ncc(Cl)c(Nc5cn(C)nc5S(=O)(=O)C(C)C)n4)cc2C,CHEMBL3785934,IC50,7.92
528712,CN1CCN(CC1)c2ccc(C(=O)Nc3n[nH]c4ccc(Cc5cc(F)cc(F)c5)cc34)c(NC6CCOCC6)c2,CHEMBL1983268,IC50,7.92
2435527,COCCN1CCC(CC1)c2cc(OC(C)C)c(Nc3nc(Nc4ccccc4S(=O)(=O)C(C)C)c5c(C)[nH]nc5n3)cc2C,CHEMBL3651858,IC50,7.92
2435536,COc1cc(C2CCNCC2)c(C)cc1Nc3nc(Nc4ccccc4S(=O)(=O)C(C)C)c5c(C)[nH]nc5n3,CHEMBL3651863,IC50,7.92
2435546,COc1cc2CCCNC(=O)c2cc1Nc3ncc(Cl)c(Nc4ccccc4S(=O)(=O)C(C)C)n3,CHEMBL3608520,IC50,7.92
2435556,COc1cc2CN(C3CN(C3)C(=O)[C@@H]4CCCN4)C(=O)c2cc1Nc5ncc(Cl)c(Nc6ccccc6S(=O)(=O)C(C)C)n5,CHEMBL3651842,IC50,7.92
2435566,COc1ccc(c(OC)c1)c2ccc3cnc(Nc4ccc(cc4OC)C5CCN(CC(=O)N)CC5)nn23,CHEMBL2158512,IC50,7.92
2435577,Cc1nnsc1C2=NNC(=O)/C/2=C\c3cn(C)c4cccc(OCc5c(F)cccc5F)c34,CHEMBL1922970,IC50,7.92
2435588,Cc1nnsc1C2=NNC(=O)/C/2=C\c3cn(C)c4cccc(OCc5ccc(F)cc5)c34,CHEMBL1922969,IC50,7.92
2435599,Cc1nnsc1C2=NNC(=O)/C/2=C\c3cn(C)c4cccc(OCc5ccc(F)cc5F)c34,CHEMBL1922971,IC50,7.92
2435610,CCc1cc2C(=O)c3c([nH]c4cc(ccc34)C#N)C(C)(C)c2cc1c5cnn(c5)C6CCOC6,CHEMBL3735859,IC50,7.93
2435621,CC(=O)NCCOc1ccc2C(=O)c3c([nH]c4cc(ccc34)C#N)C(C)(C)c2c1,CHEMBL1779194,IC50,7.94
1730984,CC(C)Oc1cc(C2CCN(C)CC2)c(C)cc1Nc3ncc(Cl)c(Nc4ccccc4S(=O)(=O)C(C)C)n3,CHEMBL2403849,IC50,7.94
2435634,CC1(C)c2cc(ccc2C(=O)c3c1[nH]c4cc(ccc34)C#N)N5CCC(O)CC5,CHEMBL1779198,IC50,7.94
2435645,CCc1cc2C(=O)c3c([nH]c4cc(ccc34)C#N)C(C)(C)c2cc1C5=CCN(CC6CCOCC6)CC5,CHEMBL3735386,IC50,7.95
2435656,CCc1cc2C(=O)c3c([nH]c4cc(ccc34)C#N)C(C)(C)c2cc1c5cnn(c5)C6CCOCC6,CHEMBL3734844,IC50,7.95
2435666,CC(C)Oc1cc(C2CCN(CCO)CC2)c(C)cc1Nc3nc(Nc4ccccc4S(=O)(=O)C(C)C)c5c(C)[nH]nc5n3,CHEMBL3651857,IC50,7.96
2435676,CC(C)S(=O)(=O)c1nn(C)cc1Nc2nc(Nc3cc(C)c(cc3OC4CC4)S(=O)(=O)C)ncc2Cl,CHEMBL3604654,IC50,7.96
2435687,CCN1C(=O)CCCc2c(OC)c(Nc3ncc(Cl)c(Nc4ccccc4C(=O)NC)n3)ccc12,CHEMBL2042827,IC50,7.96
2435697,CCc1nc(C(=O)N)c(Nc2ccc(N3CCN(C)CC3)c(F)c2)nc1NC4CCOCC4,CHEMBL3687222,IC50,7.96
2435706,CCc1nc(C(=O)N)c(Nc2ccc(cc2)N3CCN(C)CC3)nc1NC4CCOCC4,CHEMBL3687219,IC50,7.96
2435716,CN1CCC(CC1)c2cc(OC3CC3)c(Nc4ncc(Cl)c(Nc5cn(C)nc5C#N)n4)cc2C,CHEMBL3786148,IC50,7.96
2435727,CN1CCN(CC1)c2ccc(cn2)c3cnc4NCCN(Cc5c(F)ccc(F)c5Cl)c4c3,CHEMBL1164265,IC50,7.96
2435738,CN1CCN(CC1)c2ccc(cn2)c3cnc4NCCN(Cc5cc(Cl)ccc5Cl)c4c3,CHEMBL1164181,IC50,7.96
2435750,COCCNC1CCc2cc(Nc3ncc(Cl)c(N[C@@H]4[C@@H]5C[C@@H](C=C5)[C@@H]4C(=O)N)n3)c(OC)cc2CC1,CHEMBL2064664,IC50,7.96
2435761,COc1cc(ccc1Nc2ncc3c(O)cc(c4ccccc4N(C)S(=O)(=O)C)n3n2)C5CCN(CC(=O)N)CC5,CHEMBL2158517,IC50,7.96
2435772,COc1ccccc1c2ccc3cnc(Nc4ccc(cc4OC)C5CCN(CC5)C(=O)C6CCN6)nn23,CHEMBL2158587,IC50,7.96
2435783,C[C@H](Oc1cc(cnc1N)c2c[nH]nc2C)c3cc(F)ccc3C#N,CHEMBL3128072,Ki,7.96
1725191,CC(C)Oc1cc(ccc1Nc2ncc(Cl)c(Nc3ccccc3S(=O)(=O)C(C)C)n2)C4CCNCC4,CHEMBL2403845,IC50,7.98
2435796,CC1(C)c2cc(ccc2C(=O)c3c1[nH]c4cc(ccc34)C#N)N5CCN(CC5)C(=O)C6CNC6,CHEMBL3735113,IC50,7.98
2435807,Cc1cc2C(=O)c3c([nH]c4cc(ccc34)C#N)C(C)(C)c2cc1N5CCN(CC5)C6COC6,CHEMBL1823219,IC50,7.98
2435818,CC(C)N[C@@H]1CC[C@@H](CC1)c2cc(OC3CC3)c(Nc4ncc(Cl)c(Nc5cn(C)nc5S(=O)(=O)C(C)C)n4)cc2C,CHEMBL3785825,IC50,8.0
2435829,CC(C)S(=O)(=O)c1nn(C)cc1Nc2nc(Nc3cc(C)c(cc3OC(F)(F)F)C4CCN(C)CC4)ncc2Cl,CHEMBL3604638,IC50,8.0
2435840,CC(C)S(=O)(=O)c1nn(C)cc1Nc2nc(Nc3cc(C)c(cc3OC4CC4)C5COC5)ncc2Cl,CHEMBL3604651,IC50,8.0
2435851,CC(C)S(=O)(=O)c1nn(C)cc1Nc2nc(Nc3cc(Cl)c(cc3OC4CC4)C5CCN(C)CC5)ncc2Cl,CHEMBL3604643,IC50,8.0
2435861,CCN1CCC(C1)c2ccc(Nc3nc(Nc4ccccc4S(=O)(=O)C(C)C)c5c(C)[nH]nc5n3)cc2,CHEMBL3651872,IC50,8.0
2435871,CN1CCN(CC1)c2ccc(C(=O)Nc3n[nH]c4ccc(Cc5cc(F)cc(F)c5)cc34)c(N[C@@H]6CC[C@@H](O)CC6)c2,CHEMBL3805123,IC50,8.0
2435882,CN1CCN(CC1)c2ccc(cn2)c3cnc4NCCN(Cc5cc(Cl)ccc5C(F)(F)F)c4c3,CHEMBL1164180,IC50,8.0
2435893,CNC(=O)CN1CCC(CC1)c2ccc(Nc3ncc4ccc(c5ccccc5OC)n4n3)c(OC)c2,CHEMBL2158511,IC50,8.0
2435904,COc1cc(N2CCN(C)CC2)c3CCc4ccc(N(C)S(=O)(=O)C)c(Nc5nc(Nc1c3)ncc5Cl)c4,CHEMBL1946804,IC50,8.0
2435915,COc1cc(Nc2nccc(n2)N3CCC[C@@H](C3)C(=O)NCc4ccc(OC(F)(F)F)cc4)cc(OC)c1OC,CHEMBL2023990,IC50,8.0
2435926,COc1cc(ccc1Nc2ncc(Cl)c(N[C@@H]3CCCC[C@H]3NS(=O)(=O)C)n2)N4CCOCC4,CHEMBL1796242,IC50,8.0
2435937,COc1cc(ccc1Nc2ncc(Cl)c(Nc3ccccc3)n2)N4CCC(CC4)N5CCN(C)CC5,CHEMBL3824185,IC50,8.0
2435948,COc1cc(ccc1Nc2ncc3ccc(c4ccccc4N(C)S(=O)(=O)C)n3n2)C5CCNCC5,CHEMBL2158527,IC50,8.0
1717419,COc1cc(ccc1Nc2ncc3ccc(c4ccccc4N(C)S(=O)(=O)C)n3n2)N5CCN(C[C@H](C)O)CC5,CHEMBL1822525,IC50,8.0
2435961,COc1cc(ccc1c2nc3c(N[C@@H]4[C@@H]5C[C@@H](C=C5)[C@@H]4C(=O)N)c(Cl)cnc3[nH]2)N6CCC(CC6)N7CCN(C)CC7,CHEMBL3218857,IC50,8.0
2435971,COc1cc2CCN(CCS(=O)(=O)C)CCc2cc1Nc3ncc(Cl)c(Nc4ccc(cc4OC)N5CCOCC5)n3,CHEMBL1642257,IC50,8.0
2435982,COc1cc2c(CCC(NC(=O)CO)C2(C)C)cc1Nc3ncc(Cl)c(Nc4ccccc4S(=O)(=O)C(C)C)n3,CHEMBL3786402,IC50,8.0
2435993,FC(F)(F)c1ccc(Cl)cc1CN2CCNc3ncc(cc23)c4ccc(cc4)C(=O)N5CCC(CC5)N6CCCC6,CHEMBL1163559,IC50,8.0
2436004,FC(F)(F)c1ccc(Cl)cc1CN2CCNc3ncc(cc23)c4ccnc(c4)N5CCNCC5,CHEMBL1163566,IC50,8.0
2436015,COc1ncccc1c2cnc(N)c(O[C@H](C)c3cc(F)ccc3n4nccn4)n2,CHEMBL3286811,IC50,8.01
2436026,CCc1cc2C(=O)c3c([nH]c4cc(ccc34)C#N)C(C)(C)c2cc1N5CCC(CC5)N(C)C6COC6,CHEMBL3735531,IC50,8.02
2436037,CC(C)N[C@@H]1CC[C@H](CC1)c2cc(OC3CC3)c(Nc4ncc(Cl)c(Nc5cn(C)nc5S(=O)(=O)C(C)C)n4)cc2C,CHEMBL3785928,IC50,8.05
2436047,CC(C)Oc1cc(C2CCN(C)CC2)c(C)cc1Nc3nc(Nc4ccccc4S(=O)(=O)C(C)C)c5c(C)c[nH]c5n3,CHEMBL3651881,IC50,8.05
2436057,CC(C)S(=O)(=O)c1ccccc1Nc2nc(Nc3cccc(NC(=O)CN4CCN(CC4)C(=O)CO)c3)ncc2Cl,CHEMBL3357459,IC50,8.05
2436068,CC(C)S(=O)(=O)c1nn(C)cc1Nc2nc(Nc3cc(C)c(cc3OC4CC4)C5CCS(=O)(=O)CC5)ncc2Cl,CHEMBL3785607,IC50,8.05
2436079,CCN1CCc2ccc(Nc3ncc(Cl)c(N[C@@H]4CCCC[C@H]4NC(=O)C)n3)cc2CC1,CHEMBL1796253,IC50,8.05
2436090,CCN1CCc2ccc(Nc3ncc(Cl)c(N[C@@H]4CCCC[C@H]4NS(=O)(=O)C)n3)cc2CC1,CHEMBL1796244,IC50,8.05
2436100,CCc1nc(C(=O)N)c(Nc2ccc(cc2OC)N3CCC(CC3)N4CCN(C)CC4)nc1N[C@@H]5CC[C@@H](O)CC5,CHEMBL3687190,IC50,8.05
2436110,CN1CCC(CC1)Oc2ccc(C(=O)Nc3n[nH]c4ccc(Cc5cc(F)cc(F)c5)cc34)c(NC6CCOCC6)c2,CHEMBL3806122,IC50,8.05
2436121,COCCN1CCc2ccc(Nc3ncc(Cl)c(N[C@@H]4CCCC[C@H]4NS(=O)(=O)C)n3)cc2CC1,CHEMBL1796245,IC50,8.05
2436132,COCCN[C@@H]1CCc2ccc(Nc3ncc(Cl)c(N[C@@H]4[C@@H]5C[C@@H](C=C5)[C@@H]4C(=O)N)n3)c(OC)c2CC1,CHEMBL2064663,IC50,8.05
2436143,COc1cc(ccc1Nc2ncc3ccc(c4ccccc4N(C)S(=O)(=O)C)n3n2)N5CCN(C)CC5,CHEMBL1822524,IC50,8.05
2436154,COc1cc(ccc1Nc2ncc3ccc(c4ccccc4OC)n3n2)N5CCN(C)CC5,CHEMBL1822519,IC50,8.05
2436165,COc1cc(ccc1Nc2ncc3ccc(c4ccncc4OC)n3n2)C5CCN(CC(=O)N)CC5,CHEMBL2158515,IC50,8.05
2436175,COc1ccccc1c2c(sc3cnc(Nc4ccc(CN5CCN(C)CC5)cc4OC(C)C)nc23)C(=O)N,CHEMBL3669146,IC50,8.05
2436185,COc1ccccc1c2ccc3cnc(Nc4ccc(cc4OC)N5CCN(CC5)N6CCOCC6)nn23,CHEMBL1822522,IC50,8.05
2436196,C[C@@H](Oc1cc(cnc1N)c2cnnn2C)c3cc(F)ccc3n4nccn4,CHEMBL3128060,Ki,8.05
2436207,Cn1cc(\C=C\2/C(=O)NN=C2c3nccs3)c4c(OCc5c(F)cccc5F)cccc14,CHEMBL1922984,IC50,8.05
2436218,COc1ccccc1c2ccc3cnc(Nc4ccc(cc4OC)N5CCN(CC5)N6CCN(C)CC6)nn23,CHEMBL1822523,IC50,8.06
2436229,CC(C)NC(=O)[C@@H]1CC[C@@H](CC1)N2\C(=N\C(=O)c3ccc(F)cc3)\Nc4ccc(Oc5ccccn5)cc24,CHEMBL2172337,IC50,8.08
2436240,COc1cc2c(CC\C(=N/N3CCN(C)CC3)\C2(C)C)cc1Nc4ncc(Cl)c(Nc5ccccc5S(=O)(=O)C(C)C)n4,CHEMBL3785774,IC50,8.08
1733486,CC(C)Oc1cc(C2CCN(CCO)CC2)c(C)cc1Nc3ncc(Cl)c(Nc4ccccc4S(=O)(=O)C(C)C)n3,CHEMBL2403836,IC50,8.09
2436253,CC1(C)c2cc(ccc2C(=O)c3c1[nH]c4cc(ccc34)C#N)C5CCN(CC6COC6)CC5,CHEMBL3735064,IC50,8.09
2436264,CC(C)NC(=O)[C@@H]1CC[C@@H](CC1)N2\C(=N\C(=O)c3ccc(F)cc3)\Nc4ccc(CN5CCC(C5)C(C)(C)O)cc24,CHEMBL2172310,IC50,8.1
2436275,CC(C)NC(=O)[C@@H]1CC[C@@H](CC1)N2\C(=N\C(=O)c3ccc(F)cc3)\Nc4ccc(CN5CCC(CN)CC5)cc24,CHEMBL2172335,IC50,8.1
2436286,CC(C)NC(=O)[C@@H]1CC[C@@H](CC1)N2\C(=N\C(=O)c3ccc(F)cc3)\Nc4ccc(CN5CCC[C@H]5C(=O)N)cc24,CHEMBL2172307,IC50,8.1
2436297,CC(C)NC(=O)[C@@H]1CC[C@@H](CC1)N2\C(=N\C(=O)c3ccc(F)cc3)\Nc4ccc(CN5CCS(=O)(=O)CC5)cc24,CHEMBL2172331,IC50,8.1
2436308,CC(C)Oc1cc(C2CCN(C)CC2)c(C)cc1Nc3ncc(Cl)c(Nc4cn(C)nc4S(=O)(=O)C(C)C)n3,CHEMBL3604632,IC50,8.1
2436319,CCN(CC)CCOc1ccc2C(=O)c3c([nH]c4cc(ccc34)C#N)C(C)(C)c2c1,CHEMBL1779192,IC50,8.1
2436330,CCN1C(=O)CCCc2c(OC)c(Nc3ncc(Cl)c(Nc4ccccc4S(=O)(=O)N(C)C)n3)ccc12,CHEMBL2042831,IC50,8.1
2436341,CNC(=O)c1ccccc1Nc2nc(Nc3ccc4CCNCC(C)c4c3)ncc2Cl,CHEMBL3263979,IC50,8.1
2436351,COc1cc(C2CCN(CC2)C(=O)CN(C)C)c(C)cc1Nc3ncc(Cl)c(Nc4ccccc4S(=O)(=O)C(C)C)n3,CHEMBL3651827,IC50,8.1
2436361,COc1cc(CN2CCN(C)CC2)ccc1c3nc4c(N[C@@H]5[C@@H]6C[C@@H](C=C6)[C@@H]5C(=O)N)c(Cl)cnc4[nH]3,CHEMBL3218859,IC50,8.1
2436371,COc1cc(ccc1Nc2ncc3ccc(c4ccccc4OC)n3n2)[C@@H]5CCNC[C@@H]5O,CHEMBL3397057,IC50,8.1
2436382,COc1cc(ccc1c2nc3c(N[C@@H]4[C@@H]5C[C@@H](C=C5)[C@@H]4C(=O)N)c(Cl)cnc3[nH]2)N6CCN(C)CC6,CHEMBL3218855,IC50,8.1
2436392,CCCCC1CN(C)CCc2ccc(Nc3ncc(Cl)c(Nc4ccccc4C(=O)NC)n3)cc12,CHEMBL3263972,IC50,8.11
2436402,CCc1nc(C(=O)N)c(Nc2ccc(cc2)N3CCC(CC3)N4CCN(C)CC4)nc1NC5CCOCC5,CHEMBL3687220,IC50,8.11
2436412,CN(c1ccccc1Nc2nc(Nc3cccc(NC(=O)CN)c3)ncc2Cl)S(=O)(=O)C,CHEMBL3357442,IC50,8.11
2436423,C[C@@H](Oc1cc(cnc1N)c2ccnn2C)c3cc(F)ccc3n4nccn4,CHEMBL3128059,Ki,8.13
2436434,CC1CN(C)CCc2ccc(Nc3ncc(Cl)c(Nc4ccccc4S(=O)(=O)C5CC5)n3)cc12,CHEMBL3263991,IC50,8.15
26231,CN[C@@H]1C[C@H]2O[C@@](C)([C@@H]1OC)n3c4ccccc4c5c6CNC(=O)c6c7c8ccccc8n2c7c35,CHEMBL388978,IC50,8.15
2436447,CC(C)CS(=O)(=O)c1nn(C)cc1Nc2nc(Nc3cc(C)c(cc3OC(C)C)C4CCNCC4)ncc2Cl,CHEMBL3785711,IC50,8.16
2436458,CC(C)NC(=O)[C@@H]1CC[C@@H](CC1)N2\C(=N\C(=O)c3ccc(F)cc3)\Nc4ccccc24,CHEMBL2172329,IC50,8.16
2436469,CC(C)Oc1cc(C2CCN(C)C2)c(C)cc1Nc3ncc(Cl)c(Nc4cn(C)nc4S(=O)(=O)C(C)C)n3,CHEMBL3604648,IC50,8.16
2436479,CC(C)Oc1cc(C2CCN(CC(=O)N)CC2)c(C)cc1Nc3nc(Nc4ccccc4S(=O)(=O)C(C)C)c5c(C)c[nH]c5n3,CHEMBL3651880,IC50,8.16
2436488,CC(C)Oc1cc(C2CCN(CC2)C(=O)CN(C)C)c(C)cc1Nc3nc(Nc4ccccc4S(=O)(=O)C(C)C)c5c(C)[nH]nc5n3,CHEMBL3651848,IC50,8.16
2436498,CC(C)S(=O)(=O)c1nn(C)cc1Nc2nc(Nc3cc(C)c(cc3OC4CC4)C5CCCN(C)C5)ncc2Cl,CHEMBL3604656,IC50,8.16
2436509,CCN1C(=O)CCCc2cc(Nc3ncc(Cl)c(N[C@@H]4[C@@H]5C[C@@H](C=C5)[C@@H]4C(=O)N)n3)c(OC)cc12,CHEMBL2042830,IC50,8.16
2436520,CCNC(=O)[C@@H]1CC[C@@H](CC1)N2\C(=N\C(=O)c3ccccc3)\Nc4ccc(CN5CCCCC5)cc24,CHEMBL2172325,IC50,8.16
2436531,CCc1cc2C(=O)c3c([nH]c4cc(ccc34)C#N)C(C)(C)c2cc1N5CCN(CC6(CO)COC6)CC5,CHEMBL3736021,IC50,8.16
2436543,CN(c1ccccc1c2ccc3cnc(Nc4ccc(cc4)N5CCN(C)CC5)nn23)S(=O)(=O)C,CHEMBL1821735,IC50,8.16
2436554,COCCN1CCc2cc(Nc3ncc(Cl)c(Nc4ccc(cc4OC)N5CCOCC5)n3)c(OC)cc2CC1,CHEMBL1642255,IC50,8.16
2436565,COCCc1cc(OC2CC2)c(Nc3ncc(Cl)c(Nc4cn(C)nc4S(=O)(=O)C(C)C)n3)cc1C,CHEMBL3604650,IC50,8.16
2436576,COc1cc(N2CCN(C)CC2)c3\C=C/c4ccc(N(C)S(=O)(=O)C)c(Nc5nc(Nc1c3)ncc5Cl)c4,CHEMBL1947001,IC50,8.16
2436587,COc1cc(ccc1Nc2ncc3ccc(c4ccccc4N(C)S(=O)(=O)C)n3n2)N5CCC(CC5)N6CCOCC6,CHEMBL1822527,IC50,8.16
2436598,COc1cc(ccc1c2nc3c(N[C@@H]4[C@@H]5C[C@@H](C=C5)[C@@H]4C(=O)N)c(Cl)cnc3[nH]2)N6CCOCC6,CHEMBL3218854,IC50,8.16
2436608,COc1cc2CCN(CC(=O)N(C)C)CCc2cc1Nc3ncc(Cl)c(Nc4ccc(cc4OC)C#N)n3,CHEMBL1642264,IC50,8.16
2436618,COc1ccccc1c2c(sc3cnc(Nc4ccc(cc4OC(C)C)C5CCN(C)CC5)nc23)C(=O)N,CHEMBL3669136,IC50,8.16
2436627,COc1ccccc1c2c(sc3cnc(Nc4cnc(cc4OC(C)C)C5CCN(C)CC5)nc23)C(=O)N,CHEMBL3669138,IC50,8.16
2436637,COc1ccccc1c2ccc3cnc(Nc4ccc(cc4OC)C5CCN(CC5)C(=O)C(C)(C)N)nn23,CHEMBL2158586,IC50,8.16
2436648,COc1cc(CN2CCOCC2)ccc1c3nc4c(N[C@@H]5[C@@H]6C[C@@H](C=C6)[C@@H]5C(=O)N)c(Cl)cnc4[nH]3,CHEMBL3218858,IC50,8.17
2436658,CCc1cc2C(=O)c3c([nH]c4cc(ccc34)C#N)C(C)(C)c2cc1N5CC6CC5CN6CC7CCOCC7,CHEMBL3734855,IC50,8.18
26266,C[C@@H](Oc1cc(cnc1N)c2sc(nc2C)[C@](C)(O)CO)c3cc(F)ccc3n4nccn4,CHEMBL3128069,IC50,8.18
2436671,CN1Cc2c(c(C)nn2C)c3cnc(N)c(OCc4cc(F)ccc4C1=O)c3,CHEMBL3286822,IC50,8.19
2436682,CC(C)NC(=O)[C@@H]1CC[C@@H](CC1)N2\C(=N\C(=O)c3ccc(F)cc3)\Nc4ccc(CN5CCNC(=O)C5)cc24,CHEMBL2172334,IC50,8.22
2436693,CC(C)NC(=O)[C@@H]1CC[C@@H](CC1)N2\C(=N\C(=O)c3cccnc3)\Nc4ccc(CN5CCC(CC5)C(C)(C)O)cc24,CHEMBL2172318,IC50,8.22
2436703,CC(C)Oc1cc(C2CCN(CCO)CC2)c(C)cc1Nc3nc(Nc4ccccc4S(=O)(=O)C(C)C)c5c(C)c[nH]c5n3,CHEMBL3651882,IC50,8.22
2436712,CC(C)Oc1cc2CN(C3CCN(CC3)C(=O)CN(C)C)C(=O)c2cc1Nc4ncc(Cl)c(Nc5ccccc5S(=O)(=O)C(C)C)n4,CHEMBL3651833,IC50,8.22
2436722,CC(C)S(=O)(=O)c1nn(C)cc1Nc2nc(Nc3cc(C)c(cc3OC4CC4)C5CCN(C)CC5)ncc2C,CHEMBL3785722,IC50,8.22
2436733,CCNC(=O)c1cc(OC2CC2)c(Nc3ncc(Cl)c(Nc4cn(C)nc4S(=O)(=O)C(C)C)n3)cc1C,CHEMBL3604655,IC50,8.22
2436744,CNC(=O)CN1CCc2cc(Nc3ncc(Cl)c(Nc4ccc(cc4OC)N5CCOCC5)n3)c(OC)cc2CC1,CHEMBL1642262,IC50,8.22
2436755,COCCN1CCc2cc(Nc3ncc(Cl)c(N[C@@H]4CCCC[C@H]4NS(=O)(=O)C)n3)c(OC)cc2CC1,CHEMBL1796254,IC50,8.22
2436765,COc1cc(C2CCOCC2)c(C)cc1Nc3nc(Nc4ccccc4S(=O)(=O)C(C)C)c5c(C)[nH]nc5n3,CHEMBL3651875,IC50,8.22
2436775,COc1cc(ccc1Nc2ncc3c(C)cc(c4ccccc4N(C)S(=O)(=O)C)n3n2)C5CCN(CC(=O)N)CC5,CHEMBL2158518,IC50,8.22
2436786,COc1cc(ccc1Nc2ncc3ccc(c4ccccc4N(C)S(=O)(=O)C)n3n2)C5CCN(CCO)CC5,CHEMBL2158525,IC50,8.22
2436797,COc1cc(ccc1Nc2ncc3ccc(c4ccccc4N(C)S(=O)(=O)C)n3n2)C5CCN(C[C@@H](C)O)CC5,CHEMBL2158526,IC50,8.22
2436808,COc1cc(ccc1Nc2ncc3ccc(c4ccccc4N(C)S(=O)(=O)C)n3n2)[C@@]5(O)CCNC[C@@H]5O,CHEMBL3398168,IC50,8.22
2436819,COc1cc(ccc1Nc2ncc3ccc(c4ccccc4OC)n3n2)C5CCN(C)CC5,CHEMBL2158529,IC50,8.22
2436830,COc1cc2CCN(CC(=O)N(C)C)CCc2cc1Nc3ncc(Cl)c(Nc4ccc(cc4OC)C(=O)N)n3,CHEMBL1642261,IC50,8.22
2436840,COc1cc2CN(C3CN(C3)C(=O)CN(C)C)C(=O)c2cc1Nc4ncc(Cl)c(Nc5ccccc5S(=O)(=O)C(C)C)n4,CHEMBL3651841,IC50,8.22
2436851,COc1ccccc1c2ccc3cnc(Nc4ccc(cc4OC)C5CCN(CC(=O)N)CC5)nn23,CHEMBL1934334,IC50,8.22
2436862,COc1ccccc1c2ccc3cnc(Nc4ccc(cc4OC)[C@@]5(O)CCN(CC(=O)N)C[C@@H]5O)nn23,CHEMBL3398171,IC50,8.22
2436873,C[C@@H](Oc1cc(cnc1N)c2ccc(nc2C)C(C)(C)O)c3cc(F)ccc3n4nccn4,CHEMBL3128063,Ki,8.22
2436884,Cc1nn(Cc2cccc(F)c2)cc1c3c[nH]c4ncc(cc34)c5cnn(C)c5,CHEMBL2418746,IC50,8.22
2436895,Cn1cc(cn1)c2cnc3[nH]cc(c4cnn(Cc5cc(F)cc(F)c5)c4)c3c2,CHEMBL2418763,IC50,8.22
2436906,COc1cc2OCCNCc2cc1Nc3ncc(Cl)c(Nc4ccccc4S(=O)(=O)C(C)C)n3,CHEMBL3608525,IC50,8.24
2436917,C[C@H]1Oc2cc(cnc2N)c3c(CN(C)C(=O)c4ccc(F)cc14)n(C)nc3C5CC5,CHEMBL3286829,IC50,8.24
2436928,Cn1cc(cn1)c2cnc3[nH]cc(c4cnn(Cc5cccc(F)c5)c4)c3c2,CHEMBL2418752,IC50,8.25
2436939,CC(C)S(=O)(=O)c1ccccc1Nc2nc(Nc3cccc(NC(=O)C(C)(C)N)c3)ncc2Cl,CHEMBL3357447,IC50,8.26
2436950,CC(C)S(=O)(=O)c1ccccc1Nc2nc(Nc3cccc(NC(=O)CN4CC5CNCC5C4)c3)ncc2Cl,CHEMBL3357464,IC50,8.26
2436961,CCc1cc2C(=O)c3c([nH]c4cc(ccc34)C#N)C(C)(C)c2cc1N5CCN(CC5)C6CC6,CHEMBL1940178,IC50,8.28
2436971,CCc1nc(C(=O)N)c(Nc2ccc(cc2)N3CCN(C)CC3)nc1N[C@@H]4CC[C@@H](O)CC4,CHEMBL3687191,IC50,8.28
2436981,CC(C)N1CCC(CC1)c2cc(OC3CC3)c(Nc4ncc(Cl)c(Nc5cn(C)nc5S(=O)(=O)C(C)C)n4)cc2C,CHEMBL3604649,IC50,8.3
2436992,CC(C)NC(=O)[C@@H]1CC[C@@H](CC1)N2\C(=N\C(=O)c3ccc(F)cc3)\Nc4ccc(CN5CCNCC5)cc24,CHEMBL2172333,IC50,8.3
2437003,CC(C)NC(=O)[C@@H]1CC[C@@H](CC1)N2\C(=N\C(=O)c3ccccc3)\Nc4ccc(CN5CCCCC5)cc24,CHEMBL2172328,IC50,8.3
2437014,CC(C)Oc1cc(C2CCNC2)c(C)cc1Nc3ncc(Cl)c(Nc4cn(C)nc4S(=O)(=O)C(C)C)n3,CHEMBL3604647,IC50,8.3
2437025,CC(C)Oc1cc(C2CN(C)C2)c(C)cc1Nc3ncc(Cl)c(Nc4cn(C)nc4S(=O)(=O)C(C)C)n3,CHEMBL3604646,IC50,8.3
2437035,CC(C)Oc1cc2CN(C3CCN(CC3)C(=O)C4CCCN4C)C(=O)c2cc1Nc5ncc(Cl)c(Nc6ccccc6S(=O)(=O)C(C)C)n5,CHEMBL3651837,IC50,8.3
2437045,CC(C)S(=O)(=O)c1nn(C)cc1Nc2nc(Nc3cc(C)c(CCN(C)C)cc3OC4CC4)ncc2Cl,CHEMBL3604652,IC50,8.3
2437056,CC(C)S(=O)(=O)c1nn(C)cc1Nc2nc(Nc3ccc(cc3OC4CC4)C5CCN(C)CC5)ncc2Cl,CHEMBL3604641,IC50,8.3
2437067,CCN1C(=O)CCCc2c(OC)c(Nc3ncc(Cl)c(Nc4ccccc4S(=O)(=O)C(C)C)n3)ccc12,CHEMBL2042982,IC50,8.3
2437078,CCN1C(=O)CCCc2cc(Nc3ncc(Cl)c(Nc4ccccc4C(=O)NC)n3)c(OC)cc12,CHEMBL2042828,IC50,8.3
2203985,CNC(=O)c1ccccc1Nc2nc(Nc3ccc(cc3OC)N4CCOCC4)ncc2Cl,CHEMBL458997,IC50,8.3
2437090,COc1cc(C2CCN(CC2)C(=O)CN(C)C)c(C)cc1Nc3nc(Nc4ccccc4S(=O)(=O)C(C)C)c5c(C)[nH]nc5n3,CHEMBL3651847,IC50,8.3
2437100,COc1cc(N2CCN(C)CC2)c3CCc4cccc(Nc5nc(Nc1c3)ncc5Cl)c4,CHEMBL1946802,IC50,8.3
2437110,COc1cc2CN(C3CN(C3)C(=O)[C@@H]4CCCN4C)C(=O)c2cc1Nc5ncc(Cl)c(Nc6ccccc6S(=O)(=O)C(C)C)n5,CHEMBL3651843,IC50,8.3
2437120,COc1ccc(Nc2nc(Nc3cc4CCN(CC(=O)N(C)C)CCc4cc3OC)ncc2Cl)c(OC)c1,CHEMBL1642265,IC50,8.3
2437131,COc1ccccc1c2ccc3cnc(Nc4ccc(cc4OC)N5CCN(C[C@H](C)O)CC5)nn23,CHEMBL1822520,IC50,8.3
1721947,COc1ccccc1c2ccc3cnc(Nc4ccc(cc4OC)[C@H]5CCN(CCO)C[C@@H]5O)nn23,CHEMBL3398175,IC50,8.3
2437144,C[C@@H](Oc1cc(cnc1N)c2cnn(c2)C3CCNCC3)c4cc(F)ccc4Cl,CHEMBL3128070,Ki,8.3
2437155,Cc1nnsc1C2=NNC(=O)/C/2=C\c3cn(C)c4cccc(OCc5c(F)ccc(Cl)c5F)c34,CHEMBL1922974,IC50,8.3
2437166,Cn1ncc2CCCCOc3ccc(F)cc3COc4cc(cnc4N)c12,CHEMBL3286817,Ki,8.3
2437177,OC[C@@H]1CC[C@@H](CC1)N2\C(=N\C(=O)c3cccc(c3)S(=O)(=O)NCC=C)\Nc4cc(CN5CCCCC5)ccc24,CHEMBL2172322,IC50,8.3
2437188,CC(C)S(=O)(=O)c1ccccc1Nc2nc(Nc3cccc(NC(=O)CN4CCN(CC4)C5COC5)c3)ncc2Cl,CHEMBL3357457,IC50,8.31
2437199,COc1cc(ccc1Nc2ncc(Cl)c(Nc3ccccc3C(=O)N(C)C)n2)N4CCC(CC4)N5CCN(C)CC5,CHEMBL3823016,IC50,8.32
2437210,COc1cc(ccc1Nc2ncc3c(Cl)cc(c4ccccc4N(C)S(=O)(=O)C)n3n2)C5CCN(CC(=O)N)CC5,CHEMBL2158519,IC50,8.33
2437221,CCc1cc2C(=O)c3c([nH]c4cc(ccc34)C#N)C(C)(C)c2cc1c5cnn(CC(O)CO)c5,CHEMBL3735510,IC50,8.34
2437232,C[C@@H](Oc1cc(cnc1N)c2cccc(c2)S(=O)(=O)C)c3cc(F)ccc3n4nccn4,CHEMBL3286813,IC50,8.34
2437242,CC(C)c1nc(C(=O)N)c(Nc2ccc(cc2)N3CCN(C)CC3)nc1NC4CCOCC4,CHEMBL3687224,IC50,8.35
2437252,CCc1cc2C(=O)c3c([nH]c4cc(ccc34)C#N)C(C)(C)c2cc1N5CCN(CC6CCOCC6)CC5,CHEMBL3735384,IC50,8.35
2437263,CCc1cc2C(=O)c3c([nH]c4cc(ccc34)C#N)C(C)(C)c2cc1N5CCN(C[C@@H]6CCC(=O)N6)CC5,CHEMBL3735794,IC50,8.35
2437274,CCc1cc2C(=O)c3c([nH]c4cc(ccc34)C#N)C(C)(C)c2cc1N5CCN(CC5)C(=O)C6COCCN6,CHEMBL3734938,IC50,8.37
2437285,COc1cc2c(CCC(NC(=O)CN(C)C)C2(C)C)cc1Nc3ncc(Cl)c(Nc4ccccc4S(=O)(=O)C(C)C)n3,CHEMBL3785299,IC50,8.38
2437296,CCc1cc2C(=O)c3c([nH]c4cc(ccc34)C#N)C(C)(C)c2cc1N5CCN(CC5)C(=O)C6CNC6,CHEMBL3735650,IC50,8.39
2437306,CCc1nc(C(=O)N)c(Nc2ccc(N3CCC(CC3)N4CCN(C)CC4)c(C)c2)nc1NC5CCC(O)(CC5)C(C)C,CHEMBL3687214,IC50,8.39
2437316,CC(C)NC(=O)[C@@H]1CC[C@@H](CC1)N2\C(=N\C(=O)c3ccc(F)cc3)\Nc4ccc(CN5CCC(CC5)C(=O)N)cc24,CHEMBL2172306,IC50,8.4
1596719,CC(C)NC(=O)[C@@H]1CC[C@@H](CC1)N2\C(=N\C(=O)c3ccc(F)cc3)\Nc4ccc(CN5CCC(CC5)C(C)(C)O)cc24,CHEMBL2172308,IC50,8.4
2437329,CC(C)NC(=O)[C@@H]1CC[C@@H](CC1)N2\C(=N\C(=O)c3ccc(F)cc3)\Nc4ccc(CN5CCCCC5)cc24,CHEMBL2172330,IC50,8.4
2437340,CC(C)NC(=O)[C@@H]1CC[C@@H](CC1)N2\C(=N\C(=O)c3ccc(F)cc3)\Nc4ccc(Cn5cncn5)cc24,CHEMBL2172332,IC50,8.4
2437351,CC(C)S(=O)(=O)c1nn(C)cc1Nc2nc(Nc3cc(C)c(cc3OC4CC4)C5CCN(C)CC5)ncc2C#N,CHEMBL3785890,IC50,8.4
2437363,CC(C)S(=O)(=O)c1nn(C)cc1Nc2nc(Nc3cc(C)c(cc3OC4CC4)C5CCN(C)CC5)ncc2Cl,CHEMBL3604634,IC50,8.4
2437374,CC(C)S(=O)(=O)c1nn(C)cc1Nc2nc(Nc3cc(C)c(cc3OC4CC4)C5CCNCC5)ncc2Cl,CHEMBL3604633,IC50,8.4
2437385,CC(C)S(=O)(=O)c1nn(C)cc1Nc2nc(Nc3cc(F)c(cc3OC4CC4)C5CCN(C)CC5)ncc2Cl,CHEMBL3604642,IC50,8.4
2437396,CCN1C(=O)CCCc2cc(Nc3ncc(Cl)c(Nc4ccccc4S(=O)(=O)N(C)C)n3)c(OC)cc12,CHEMBL2042981,IC50,8.4
2437406,CCN1CCC(CC1)c2cc(Nc3ncc4sc(C(=O)N)c(c5ccccc5OC(F)(F)F)c4n3)n(n2)C(C)C,CHEMBL3669142,IC50,8.4
2437416,CN1CCN(CC1)c2ccc(cc2)c3nc4c(N[C@@H]5[C@@H]6C[C@@H](C=C6)[C@@H]5C(=O)N)c(Cl)cnc4[nH]3,CHEMBL3218851,IC50,8.4
2437426,COCCOc1ccc(Nc2nc(Nc3cc4CCN(CC(=O)N(C)C)CCc4cc3OC)ncc2Cl)c(OC)c1,CHEMBL1642263,IC50,8.4
1729466,COc1cc(ccc1Nc2nc(Nc3cc4CCN(CC(=O)N(C)C)CCc4cc3OC)ncc2Cl)N5CCOCC5,CHEMBL1642258,IC50,8.4
2437439,COc1cc(ccc1Nc2ncc(Cl)c(Nc3ccc(cc3OC)N4CCOCC4)n2)N5CCOCC5,CHEMBL1642253,IC50,8.4
26279,COc1cc(ccc1Nc2ncc(Cl)c(Nc3ccccc3S(=O)(=O)C(C)C)n2)N4CCC(CC4)N5CCN(C)CC5,CHEMBL509032,IC50,8.4
2437452,COc1cc(ccc1c2nc3c(N[C@@H]4[C@@H]5C[C@@H](C=C5)[C@@H]4C(=O)N)c(Cl)cnc3[nH]2)N6CCC(CC6)N7CCOCC7,CHEMBL3218856,IC50,8.4
2437462,COc1ccc(F)cc1[C@@H](C)Oc2cc(cnc2N)c3cnnn3C,CHEMBL3286808,Ki,8.4
2437473,COc1ccccc1Nc2nc(Nc3cc4CCN(CC(=O)N(C)C)CCc4cc3OC)ncc2Cl,CHEMBL1642260,IC50,8.4
2437484,COc1ccccc1c2ccc3cnc(Nc4ccc(cc4OC)[C@@]5(O)CCNC[C@@H]5O)nn23,CHEMBL3398169,IC50,8.4
2437495,CCc1cc2C(=O)c3c([nH]c4cc(ccc34)C#N)C(C)(C)c2cc1C5=CCN(CC5)C(=O)C6COCCN6,CHEMBL3735314,IC50,8.42
2437506,COc1ccccc1c2ccc3cnc(Nc4ccc(cc4OC)N5CCN(C[C@@H](C)O)CC5)nn23,CHEMBL1822521,IC50,8.42
2437517,CC(C)S(=O)(=O)c1ccc2CCc3cc(Nc4ncc(Cl)c(Nc1c2)n4)ccc3N5CCN(C)CC5,CHEMBL1946800,IC50,8.43
2437528,CC1(C)c2cc(OCCN3CCS(=O)(=O)CC3)ccc2C(=O)c4c1[nH]c5cc(ccc45)C#N,CHEMBL1779193,IC50,8.43
2437539,CC(C)S(=O)(=O)c1ccccc1Nc2nc(Nc3ccc4CCN(C)CC(C)c4c3)ncc2Cl,CHEMBL3263990,IC50,8.46
2437550,CN(c1ccc2CCc3cc(Nc4ncc(Cl)c(Nc1c2)n4)ccc3N5CCN(C)CC5)S(=O)(=O)C,CHEMBL1946801,IC50,8.47
2437561,COc1cc2CCCNCc2cc1Nc3ncc(Cl)c(Nc4ccccc4S(=O)(=O)C(C)C)n3,CHEMBL3608523,IC50,8.47
2437572,COc1ccccc1c2ccc3cnc(Nc4ccc(cc4OC)C5CCN(C[C@@H](C)O)CC5)nn23,CHEMBL2158528,IC50,8.47
2437583,COc1cc(ccc1Nc2ncc(C3CC3)c(Nc4ccccc4P(=O)(C)C)n2)N5CCC(CC5)N6CCN(C)CC6,CHEMBL3822524,IC50,8.49
2437594,CC(C)S(=O)(=O)c1ccccc1Nc2nc(Nc3cccc(NC(=O)CCN)c3)ncc2Cl,CHEMBL3357449,IC50,8.51
2437605,CCc1cc2C(=O)c3c([nH]c4cc(ccc34)C#N)C(C)(C)c2cc1C5=CCN(CC5)C(=O)C6CNC6,CHEMBL3736182,IC50,8.51
2437615,CCc1nc(C(=O)N)c(Nc2ccc(N3CCC(CC3)N4CCN(C)CC4)c(C)c2)nc1NC5CCC(O)(CC)CC5,CHEMBL3687213,IC50,8.51
2437625,CNC(=O)CN1CCN(CC1)c2ccc(Nc3ncc(Cl)c(Nc4ccccc4P(=O)(C)C)n3)c(OC)c2,CHEMBL3823872,IC50,8.51
2437636,COc1ccc2CCc3cc(Nc4ncc(Cl)c(Nc1c2)n4)ccc3N5CCN(C)CC5,CHEMBL1946614,IC50,8.51
2437647,CC(C)NC(=O)[C@@H]1CC[C@@H](CC1)N2\C(=N\C(=O)c3cc(F)cc(Cl)c3)\Nc4ccc(CN5CCC(CC5)C(C)(C)O)cc24,CHEMBL2172301,IC50,8.52
2437658,CC(C)NC(=O)[C@@H]1CC[C@@H](CC1)N2\C(=N\C(=O)c3cc(F)cc(c3)C#N)\Nc4ccc(CN5CCC(CC5)C(C)(C)O)cc24,CHEMBL2172320,IC50,8.52
2437669,CC(C)NC(=O)[C@@H]1CC[C@@H](CC1)N2\C(=N\C(=O)c3ccc(F)c(Cl)c3)\Nc4ccc(CN5CCC(CC5)C(C)(C)O)cc24,CHEMBL2172303,IC50,8.52
2437680,CC(C)NC(=O)[C@@H]1CC[C@@H](CC1)N2\C(=N\C(=O)c3ccc(F)cc3)\Nc4ccc(CN5CCCCC5C(=O)O)cc24,CHEMBL2172336,IC50,8.52
2437691,CC(C)S(=O)(=O)c1ccccc1Nc2nc(Nc3cccc(NC(=O)CN4CC5CC4CC5O)c3)ncc2Cl,CHEMBL3357462,IC50,8.52
2437702,COC(=O)[C@@H]1CC[C@@H](CC1)N2\C(=N\C(=O)c3ccccc3)\Nc4ccc(CN5CCCCC5)cc24,CHEMBL2172323,IC50,8.52
2437713,COc1cc(ccc1Nc2ncc3ccc(c4ccccc4OC)n3n2)C5CCN(CC(O)CF)CC5,CHEMBL2158530,IC50,8.52
2437724,COc1cc2C(=O)NCCCc2cc1Nc3ncc(Cl)c(Nc4ccccc4S(=O)(=O)C(C)C)n3,CHEMBL3608519,IC50,8.52
2437735,COc1ccccc1c2ccc3cnc(Nc4ccc(cc4OC)C5CCN(C)CC5O)nn23,CHEMBL3398172,IC50,8.52
2437746,COc1ccccc1c2ccc3cnc(Nc4ccc(cc4OC)[C@@H]5CCN(CCO)C[C@@H]5O)nn23,CHEMBL3398174,IC50,8.52
2437757,COc1ccccc1c2ccc3cnc(Nc4ccc(cc4OC)[C@@]5(O)CCN(C)C[C@@H]5O)nn23,CHEMBL3398166,IC50,8.52
2437767,COc1ncccc1c2c(sc3cnc(Nc4cc(C)c(cc4OC(C)C)N5CCN(C)CC5)nc23)C(=O)N,CHEMBL3669139,IC50,8.52
2437776,COc1ncccc1c2c(sc3cnc(Nc4cc(F)c(cc4OC(C)C)C5CCN(C)CC5)nc23)C(=O)N,CHEMBL3669144,IC50,8.52
2437786,Fc1cc(F)cc(Cc2ccc3[nH]nc(NC(=O)c4ccc(cc4NC5CCOCC5)N6CCNCC6)c3c2)c1,CHEMBL3805643,IC50,8.52
2437797,CCc1cc2C(=O)c3c([nH]c4cc(ccc34)C#N)C(C)(C)c2cc1N5CCN(CC5)C6COC6,CHEMBL1823221,IC50,8.54
2437808,COc1cc(ccc1Nc2ncc3ccc(c4ccccc4OC)n3n2)C5CCN(C[C@H](O)CO)CC5,CHEMBL2158531,IC50,8.54
2437818,CCc1nc(C(=O)N)c(Nc2ccc(cc2)N3CCC(CC3)N4CCN(C)CC4)nc1N[C@@H]5CC[C@@H](O)CC5,CHEMBL3687194,IC50,8.55
2437828,CNC(=O)c1ccc(F)cc1[C@@H](C)Oc2cc(cnc2N)c3cn(C)nc3C,CHEMBL3286809,Ki,8.55
2437839,C[C@@H](Oc1cc(cnc1N)c2cn(C)nc2C#N)c3cc(F)ccc3n4nccn4,CHEMBL3128058,Ki,8.55
2437850,CC1(C)c2cc(N3CCN(CC3)C4COC4)c(cc2C(=O)c5c1[nH]c6cc(ccc56)C#N)C#C,CHEMBL1823220,IC50,8.57
2437861,CCN1C(=O)CCCc2cc(Nc3ncc(Cl)c(Nc4ccccc4S(=O)(=O)C(C)C)n3)c(OC)cc12,CHEMBL2042983,IC50,8.57
2437872,CN1CCN(CC1)c2ccc(cc2)c3nc4c(N[C@@H]5[C@@H]6C[C@@H](C=C6)[C@@H]5C(=O)N)c(Br)cnc4[nH]3,CHEMBL3218861,IC50,8.57
2437882,COc1cc2CNCCCc2cc1Nc3ncc(Cl)c(Nc4ccccc4S(=O)(=O)C(C)C)n3,CHEMBL3608522,IC50,8.57
1463888,COc1ccc(Cn2ncc(NC(=O)c3cc(NC(=O)Nc4ccc(Cl)c(c4)C(F)(F)F)ccc3C)c2N)cc1,CHEMBL1684800,IC50,8.57
2437895,C[C@@H](Oc1cc(cnc1N)c2c[nH]nc2C)c3cc(F)ccc3n4nccn4,CHEMBL3128074,Ki,8.59
2437906,C[C@@H](Oc1cc(cnc1N)c2sc(nc2C)C3(O)CCS(=O)(=O)C3)c4cc(F)ccc4n5nccn5,CHEMBL3128068,Ki,8.59
2437917,CC(C)S(=O)(=O)c1ccccc1Nc2nc(Nc3cccc(NC(=O)CN4CCNCC4)c3)ncc2Cl,CHEMBL3357455,IC50,8.6
2437928,CCc1cc2C(=O)c3c([nH]c4cc(ccc34)C#N)C(C)(C)c2cc1N5CCN(CC5)C6CCC6,CHEMBL1940179,IC50,8.62
2437939,CC(C)S(=O)(=O)c1ccccc1Nc2nc(Nc3cccc(NC(=O)CN4CC5CC4CN5)c3)ncc2Cl,CHEMBL3357460,IC50,8.64
2437950,CC(C)S(=O)(=O)c1ccccc1Nc2nc(Nc3cccc(NC(=O)CN4CCC5CNCC45)c3)ncc2Cl,CHEMBL3357463,IC50,8.64
2437960,CN1CCN(CC1)C2CCN(CC2)c3ccc(Nc4nc(N[C@@H]5CC[C@@H](O)CC5)c(Cl)nc4C(=O)N)cc3C,CHEMBL3687217,IC50,8.64
2437969,CCc1nc(C(=O)N)c(Nc2ccc(N3CCN(CC3)C4CCN(C)CC4)c(C)c2)nc1NC5CCOCC5,CHEMBL3687225,IC50,8.66
2437978,CC(C)c1nc(C(=O)N)c(Nc2ccc(cc2)N3CCC(CC3)N4CCN(C)CC4)nc1NC5CCOCC5,CHEMBL3687221,IC50,8.68
2437987,CC(C)c1nc(C(=O)N)c(Nc2ccc(cc2)N3CCN(C)CC3)nc1N[C@@H]4CC[C@@H](O)CC4,CHEMBL3687195,IC50,8.68
2437997,COc1ccccc1Nc2ncc(Cl)c(Nc3ccccc3S(=O)(=O)C(C)C)n2,CHEMBL3822973,IC50,8.68
2438008,COc1nn(C)c2CN(C)C(=O)c3ccc(F)cc3[C@@H](C)Oc4cc(cnc4N)c12,CHEMBL3286825,IC50,8.68
2438019,CC(C)NC(=O)[C@@H]1CC[C@@H](CC1)N2\C(=N\C(=O)c3ccc(F)c(F)c3)\Nc4ccc(CN5CCC(CC5)C(C)(C)O)cc24,CHEMBL2172319,IC50,8.7
2438030,CC(C)NC(=O)[C@@H]1CC[C@@H](CC1)N2\C(=N\C(=O)c3ccc(F)cc3)\Nc4ccc(CN5CC(C5)C(C)(C)O)cc24,CHEMBL2172312,IC50,8.7
2438041,CC(C)NC(=O)[C@@H]1CC[C@@H](CC1)N2\C(=N\C(=O)c3ccc(F)cc3)\Nc4ccc(CN5CCC(CC5)C(=O)O)cc24,CHEMBL2172305,IC50,8.7
2438052,CC(C)NC(=O)[C@@H]1CC[C@@H](CC1)N2\C(=N\C(=O)c3cccc(Cl)c3)\Nc4ccc(CN5CCC(CC5)C(C)(C)O)cc24,CHEMBL2172302,IC50,8.7
2438063,CC(C)NC(=O)[C@@H]1CC[C@@H](CC1)N2\C(=N\C(=O)c3ccccc3)\Nc4ccc(CN5CCC(CC5)C(C)(C)O)cc24,CHEMBL2172313,IC50,8.7
2438073,CC(C)Oc1cc2CN(C3CCN(CC3)C(=O)CN(C)C)C(=O)c2cc1Nc4ncc(Cl)c(Nc5ccccc5S(=O)(=O)C6CCC6)n4,CHEMBL3651835,IC50,8.7
2438082,COc1cc(C2CCN(C)CC2)c(C)cc1Nc3nc(Nc4ccccc4S(=O)(=O)C(C)C)c5c(C)[nH]nc5n3,CHEMBL3651862,IC50,8.7
2438092,COc1ccc(F)cc1[C@@H](C)Oc2cc(cnc2N)c3c[nH]nc3C,CHEMBL3128073,Ki,8.7
2438102,COc1ccccc1c2c(sc3cnc(Nc4cc(C)c(cc4OC(C)C)N5CCC(C5)N(C)C)nc23)C(=O)N,CHEMBL3669141,IC50,8.7
2438112,C[C@H]1Oc2cc(cnc2N)c3c(CN(C)C(=O)c4ccc(F)cc14)nc5ncc(C)cn35,CHEMBL3286831,Ki,8.7
2438122,CCc1nc(C(=O)N)c(Nc2ccc(N3CCC(CC3)N4CCN(C)CC4)c(C)c2)nc1NC5CCN(C)CC5,CHEMBL3687218,IC50,8.72
2438132,C[C@H]1Oc2nc(cnc2N)c3cc(ccc3CN(C)C(=O)c4ccc(F)cc14)S(=O)(=O)C,CHEMBL3286828,IC50,8.72
2438143,COc1cc(ccc1Nc2ncc(Cl)c(Nc3ccccc3C#N)n2)N4CCC(CC4)N5CCN(C)CC5,CHEMBL3823864,IC50,8.73
2438154,COc1ccccc1Nc2nc(Nc3ccc(cc3OC)N4CCC(CC4)N5CCN(C)CC5)ncc2Cl,CHEMBL3823045,IC50,8.73
2438165,CC(C)N1CCN(CC1)c2ccc3C(=O)c4c([nH]c5cc(ccc45)C#N)C(C)(C)c3c2,CHEMBL1779200,IC50,8.75
2438176,COc1cc2CCNCCc2cc1Nc3ncc(Cl)c(Nc4ccccc4S(=O)(=O)C(C)C)n3,CHEMBL3608524,IC50,8.75
2438187,C[C@H](N)C(=O)Nc1cccc(Nc2ncc(Cl)c(Nc3ccccc3S(=O)(=O)C(C)C)n2)c1,CHEMBL3357444,IC50,8.75
2438198,CC(C)S(=O)(=O)c1ccccc1Nc2nc(Nc3cccc(NC(=O)CN4CCN(C)CC4)c3)ncc2Cl,CHEMBL3357456,IC50,8.77
2438208,CCc1nc(C(=O)N)c(Nc2cccc(c2)N3CCN(C)CC3)nc1N[C@@H]4CC[C@@H](O)CC4,CHEMBL3687196,IC50,8.77
2438218,CC(C)NC(=O)[C@@H]1CC[C@@H](CC1)N2\C(=N\C(=O)c3ccc(F)cc3)\Nc4ccc(CNCC(C)(C)O)cc24,CHEMBL2172311,IC50,8.8
2438229,COc1cc(ccc1Nc2ncc(Cl)c(Nc3ccccc3C(=O)C)n2)N4CCC(CC4)N5CCN(C)CC5,CHEMBL3824301,IC50,8.8
2438241,CC1(C)c2cc(ccc2C(=O)c3c1[nH]c4cc(ccc34)C#N)C5CCN(CC5)C6COC6,CHEMBL1779202,IC50,8.82
2438251,CCc1nc(C(=O)N)c(Nc2ccc(N3CCC(CC3)N4CCN(C)CC4)c(C)c2)nc1NC5CCOCC5,CHEMBL3687215,IC50,8.82
2438260,CCc1nc(C(=O)N)c(Nc2ccc(N3CCC(CC3)N4CCN(C)CC4)c(OC)c2)nc1NC5CCOCC5,CHEMBL3301622,IC50,8.82
2438270,COc1cc(N2CCN(C)CC2)c3CCc4ccc(c(Nc5nc(Nc1c3)ncc5Cl)c4)S(=O)(=O)C(C)C,CHEMBL1946803,IC50,8.82
2438281,COc1cc2c(CCC(N)C2(C)C)cc1Nc3ncc(Cl)c(Nc4ccccc4S(=O)(=O)C(C)C)n3,CHEMBL3786892,IC50,8.82
2438291,COc1cc(Nc2nc(NC3CCOCC3)c(nc2C(=O)N)C(C)C)ccc1N4CCN(C)CC4,CHEMBL3687223,IC50,8.85
2438301,C[C@H]1Oc2nc(cnc2N)c3c(C)nn(C)c3CN(C)C(=O)c4ccc(F)cc14,CHEMBL3286823,IC50,8.85
2438312,COc1cc(ccc1Nc2ncc(Cl)c(Nc3ccccc3I)n2)N4CCC(CC4)N5CCN(C)CC5,CHEMBL3822664,IC50,8.87
2438323,CNS(=O)(=O)c1ccccc1Nc2nc(Nc3ccc4CCN(C)CC(C)c4c3)ncc2Cl,CHEMBL3263992,IC50,8.89
2438334,COc1ncccc1c2cnc(N)c(O[C@H](C)c3cc(F)ccc3n4nccn4)c2,CHEMBL3128061,Ki,8.89
2438345,COc1cc(ccc1Nc2ncc(OC)c(Nc3ccccc3P(=O)(C)C)n2)N4CCC(CC4)N5CCN(C)CC5,CHEMBL3823198,IC50,8.92
2438356,CCCc1cc2C(=O)c3c([nH]c4cc(ccc34)C#N)C(C)(C)c2cc1N5CCC(CC5)N6CCOCC6,CHEMBL1940182,IC50,8.96
2438367,C[C@@H](Oc1cc(cnc1N)c2sc(nc2C)[C@@](C)(O)CO)c3cc(F)ccc3n4nccn4,CHEMBL3124972,Ki,8.96
2438378,Cc1cc2C(=O)c3c([nH]c4cc(ccc34)C#N)C(C)(C)c2cc1N5CCC(CC5)N6CCOCC6,CHEMBL1940181,IC50,8.96
2438389,COc1cc(ccc1Nc2ncc(Cl)c(Nc3ccccc3P(=O)(C)C)n2)P(=O)(C)C,CHEMBL3823165,IC50,8.98
2438400,COc1cc(N2CCC(CC2)N3CCN(C)CC3)c(F)cc1Nc4ncc(Cl)c(Nc5ccccc5P(=O)(C)C)n4,CHEMBL3823078,IC50,8.99
1596697,CC(C)NC(=O)[C@@H]1CC[C@@H](CC1)N2\C(=N\C(=O)c3cc(F)cc(F)c3)\Nc4ccc(CN5CCC(CC5)C(C)(C)O)cc24,CHEMBL2172315,IC50,9.0
2438413,CC(C)NC(=O)[C@@H]1CC[C@@H](CC1)N2\C(=N\C(=O)c3ccc(C#N)c(F)c3)\Nc4ccc(CN5CCC(CC5)C(C)(C)O)cc24,CHEMBL2172304,IC50,9.0
2438424,CC(C)NC(=O)[C@@H]1CC[C@@H](CC1)N2\C(=N\C(=O)c3ccc(cc3)C#N)\Nc4ccc(CN5CCC(CC5)C(C)(C)O)cc24,CHEMBL2172317,IC50,9.0
2438435,CC(C)NC(=O)[C@@H]1CC[C@@H](CC1)N2\C(=N\C(=O)c3cccc(F)c3)\Nc4ccc(CN5CCC(CC5)C(C)(C)O)cc24,CHEMBL2172314,IC50,9.0
2438446,CC(C)NC(=O)[C@@H]1CC[C@@H](CC1)N2\C(=N\C(=O)c3cccc(c3)C#N)\Nc4ccc(CN5CCC(CC5)C(C)(C)O)cc24,CHEMBL2172321,IC50,9.0
2438457,CC(C)NC(=O)[C@@H]1CC[C@@H](CC1)N2\C(=N\C(=O)c3ccncc3)\Nc4ccc(CN5CCC(CC5)C(C)(C)O)cc24,CHEMBL2172316,IC50,9.0
2438468,CCCN1CCC=C(C1)c2ccc(Nc3nc(Nc4ccccc4C(=O)N)c5cc[nH]c5n3)c(C)c2,CHEMBL513897,IC50,9.0
2438478,CCc1nc(C(=O)N)c(Nc2ccc(N3CCC(CC3)N4CCN(C)CC4)c(C)c2)nc1NC5CCNCC5,CHEMBL3687216,IC50,9.0
2438487,CCc1nc(C(=O)N)c(Nc2cccc(c2)S(=O)(=O)C)nc1N[C@@H]3CC[C@@](C)(O)CC3,CHEMBL3687189,IC50,9.0
2438497,COc1cc(ccc1Nc2ncc(Cl)c(Nc3ccccc3C(C)O)n2)N4CCC(CC4)N5CCN(C)CC5,CHEMBL3822499,IC50,9.0
2438508,COc1ccccc1Nc2nc(Nc3ccc(cc3OC)P(=O)(C)C)ncc2Cl,CHEMBL3822982,IC50,9.02
2438518,CCc1nc(C(=O)N)c(Nc2ccc(N3CCC(CC3)N4CCN(C)CC4)c(C)c2)nc1N[C@@H]5CC[C@@](C)(O)CC5,CHEMBL3687212,IC50,9.03
2438527,CCc1nc(C(=O)N)c(Nc2ccc(N3CCN(CC3)C4CC4)c(c2)C(F)(F)F)nc1N[C@@H]5CC[C@@H](O)CC5,CHEMBL3687208,IC50,9.03
2438537,COc1cc(ccc1Nc2ncc(Cl)c(Nc3ccccc3P(=O)(C)C)n2)N4CCC(C4)N5CCCCC5,CHEMBL3823243,IC50,9.06
2438548,COc1cc(ccc1Nc2ncc(Cl)c(Nc3ccccc3P(=O)(C)C)n2)N4CCC(CN5CCC5)CC4,CHEMBL3823218,IC50,9.06
2438559,COc1cc(N2CCC(CC2)N3CCN(C)CC3)c(C)cc1Nc4ncc(Cl)c(Nc5ccccc5P(=O)(C)C)n4,CHEMBL3823836,IC50,9.07
2438570,CC(C)S(=O)(=O)c1ccccc1Nc2nc(Nc3cccc(NC(=O)C4CN(C4)C(=O)CCCN(C)C)c3)ncc2Cl,CHEMBL3357452,IC50,9.1
2438581,COc1cc(ccc1Nc2ncc(Cl)c(Nc3ccccc3C(=O)C)n2)P(=O)(C)C,CHEMBL3824326,IC50,9.1
2438592,COc1cc(ccc1Nc2ncc(Cl)c(Nc3ccccc3C(=O)N)n2)N4CCC(CC4)N5CCN(C)CC5,CHEMBL3824246,IC50,9.1
2438602,CCc1nc(C(=O)N)c(Nc2ccc(N3CCN(C)CC3)c(c2)C(F)(F)F)nc1N[C@@H]4CC[C@@H](O)CC4,CHEMBL3687197,IC50,9.11
2438612,COc1cc(ccc1Nc2ncc(Cl)c(Nc3ccccc3P(=O)(C)C)n2)c4cnn(c4)C5CCNCC5,CHEMBL3822645,IC50,9.12
2438623,CCOc1cc(ccc1Nc2ncc(Cl)c(Nc3ccccc3P(=O)(C)C)n2)N4CCC(CC4)N5CCN(C)CC5,CHEMBL3824318,IC50,9.13
2438634,COc1cc(ccc1Nc2ncc(Cl)c(Nc3ccccc3S(=O)(=O)N(C)C)n2)N4CCC(CC4)N5CCN(C)CC5,CHEMBL3822672,IC50,9.13
2438645,COc1nn(C)c2CN(C)C(=O)c3ccc(F)cc3[C@@H](C)Oc4nc(cnc4N)c12,CHEMBL3286826,IC50,9.13
2438656,COc1cc(ccc1Nc2ncc(Cl)c(Nc3ccccc3P(=O)(C)C)n2)N4CCCN(C)CC4,CHEMBL3824130,IC50,9.14
2438667,CC(C)S(=O)(=O)c1ccccc1Nc2nc(Nc3cccc(NC(=O)CN4CCN(CC4)C(=O)\C=C\CN(C)C)c3)ncc2Cl,CHEMBL3357458,IC50,9.16
2438678,CC(C)Oc1cc(ccc1Nc2ncc(Cl)c(Nc3ccccc3P(=O)(C)C)n2)N4CCC(CC4)N5CCN(C)CC5,CHEMBL3823224,IC50,9.17
2438689,COc1cc(ccc1Nc2ncc(Cl)c(Nc3ccccc3C(=O)N)n2)P(=O)(C)C,CHEMBL3823268,IC50,9.17
2438699,CCc1nc(C(=O)N)c(Nc2ccc(N3CCC(CC3)N4CCN(C)CC4)c(c2)C(F)(F)F)nc1N[C@@H]5CC[C@@H](O)CC5,CHEMBL3687200,IC50,9.19
2438710,COc1cc(ccc1Nc2ncc(Cl)c(Nc3ccccc3P(=O)(C)C)n2)N4CCC(CC4)N(C)C,CHEMBL3397300,IC50,9.21
2438721,C[C@@H](Oc1cc(cnc1N)c2sc(nc2C)C3(O)CCOC3)c4cc(F)ccc4n5nccn5,CHEMBL3128067,Ki,9.22
2438732,C[C@H](O)CNc1cc(nc(n1)c2cccnc2)c3cn(CC#N)nc3c4cc(C)cc(O)c4,CHEMBL560733,IC50,9.22
2438743,COc1cc(ccc1Nc2ncc(Cl)c(Nc3ccccc3P(=O)(C)C)n2)N4CCN(CC4)C(=O)C,CHEMBL3824007,IC50,9.23
2438754,COc1cc(ccc1Nc2ncc(Cl)c(Nc3ccccc3S(=O)(=O)C)n2)N4CCC(CC4)N5CCN(C)CC5,CHEMBL3822475,IC50,9.23
2438765,C[C@H]1Oc2nc(cnc2N)c3c(CN(C)C(=O)c4ccc(F)cc14)nc5ccc(cn35)C#N,CHEMBL3286832,Ki,9.25
26243,CNC(=O)c1c(F)cccc1Nc2nc(Nc3cc4N(CCc4cc3OC)C(=O)CN(C)C)nc5[nH]ccc25,CHEMBL464552,Kd,9.26
2438778,COc1cc(OC2CCN(C)CC2)ccc1Nc3ncc(Cl)c(Nc4ccccc4P(=O)(C)C)n3,CHEMBL3823916,IC50,9.27
2438789,COc1cc(ccc1Nc2ncc(Cl)c(Nc3ccccc3P(=O)(C)C)n2)N4CCC(CC4)N5CCCC5,CHEMBL3823031,IC50,9.28
2438799,CC(C)Oc1cc(ccc1Nc2ncc3sc(C(=O)N)c(c4ccccc4OC(F)(F)F)c3n2)C5CCN(C)CC5,CHEMBL3669137,IC50,9.3
2438809,COc1cc(ccc1Nc2nc(Nc3cccc(F)c3C(=O)N)c4cc[nH]c4n2)N5CCN(CC5)C(C)C,CHEMBL507625,IC50,9.3
2438819,CCc1nc(C(=O)N)c(Nc2ccc(N3CCN(CC3)C(C)C)c(C)c2)nc1N[C@@H]4CC[C@@H](O)CC4,CHEMBL3687210,IC50,9.31
2438829,COc1cc(ccc1Nc2ncc(Cl)c(Nc3ccccc3P(=O)(C)C)n2)N4CCC(CC4)N5CCCN(C)CC5,CHEMBL3824290,IC50,9.31
2438840,COc1cc(ccc1Nc2ncc(Cl)c(Nc3ccccc3P(=O)(C)C)n2)N4CCC(CC4)N5CCOCC5,CHEMBL3822557,IC50,9.31
2438851,COc1cc(ccc1Nc2ncc(C)c(Nc3ccccc3P(=O)(C)C)n2)N4CCC(CC4)N5CCN(C)CC5,CHEMBL3823577,IC50,9.38
2438862,COc1cc2CCN(C(=O)CN(C)C)c2cc1Nc3nc(Nc4ccsc4C(=O)N)c5cc[nH]c5n3,CHEMBL514873,IC50,9.4
2438873,C[C@@H](Oc1cc(cnc1N)c2sc(nc2C)C(C)(C)O)c3cc(F)ccc3n4nccn4,CHEMBL3128064,Ki,9.4
2438884,COc1cc(ccc1Nc2ncc(F)c(Nc3ccccc3P(=O)(C)C)n2)N4CCC(CC4)N5CCN(C)CC5,CHEMBL3823296,IC50,9.41
2438895,COc1cc(ccc1Nc2ncc(Cl)c(Nc3ccccc3P(=O)(C)C)n2)C4CCN(C)CC4,CHEMBL3823190,IC50,9.42
2438905,CCc1nc(C(=O)N)c(Nc2ccc(N3CCC(CC3)N4CCN(C)CC4)c(OC)c2)nc1N[C@@H]5CC[C@@H](O)CC5,CHEMBL3687193,IC50,9.43
2438915,COc1cc(ccc1Nc2ncc(Cl)c(Nc3ccccc3P(=O)(C)C)n2)N4CCC(CC4)N5CCN(C)CC5,CHEMBL3545311,IC50,9.43
2438926,COc1cc(ccc1Nc2ncc(Cl)c(Nc3ccccc3P(=O)(C)C)n2)N4CCC(O)CC4,CHEMBL3823017,IC50,9.44
2438936,CCc1nc(C(=O)N)c(Nc2ccc(N3CCC(C3)N(C)C)c(c2)C(F)(F)F)nc1N[C@@H]4CC[C@@H](O)CC4,CHEMBL3687209,IC50,9.47
2438945,CCc1nc(C(=O)N)c(Nc2ccc(N3CCN(C)CC3)c(OC)c2)nc1N[C@@H]4CC[C@@H](O)CC4,CHEMBL3687198,IC50,9.48
2438955,COc1cc(OC2CCN(C)C2)ccc1Nc3ncc(Cl)c(Nc4ccccc4P(=O)(C)C)n3,CHEMBL3823603,IC50,9.48
2438966,COc1cc(ccc1Nc2ncc(Cl)c(Nc3ccccc3P(=O)(C)C)n2)N4CC[C@H](C4)N(C)C,CHEMBL3823107,IC50,9.48
2438977,COc1cc(ccc1Nc2ncc(Cl)c(Nc3ccccc3S(=O)(=O)C)n2)P(=O)(C)C,CHEMBL3823256,IC50,9.48
2438988,COc1cc(ccc1Nc2ncc(Cl)c(Nc3ccccc3S(=O)(=O)C(C)C)n2)P(=O)(C)C,CHEMBL3824304,IC50,9.51
2438999,C[C@@H](Oc1cc(cnc1N)c2sc(nc2C)C3(O)CN(C)C3)c4cc(F)ccc4n5nccn5,CHEMBL3128066,Ki,9.52
2439010,COc1cc(ccc1Nc2ncc(Cl)c(Nc3ccccc3P(=O)(C)C)n2)N4CCN(CC4)C5CCN(C)CC5,CHEMBL3824327,IC50,9.55
2439020,CCOc1cc(Nc2nc(N[C@@H]3CC[C@@H](O)CC3)c(CC)nc2C(=O)N)ccc1N4CCC(CC4)N5CCN(C)CC5,CHEMBL3687211,IC50,9.59
2439029,CCc1nc(C(=O)N)c(Nc2ccc(N3CCC(CC3)N4CCN(C)CC4)c(C)c2)nc1N[C@@H]5CC[C@@H](O)CC5,CHEMBL3687202,IC50,9.59
2439038,CCc1nc(C(=O)N)c(Nc2ccc(cc2)C3CCN(C)CC3)nc1N[C@@H]4CC[C@@H](O)CC4,CHEMBL3687204,IC50,9.59
2439047,CCc1nc(C(=O)N)c(Nc2ccc(N3CCN(C)CC3)c(C)c2)nc1N[C@@H]4CC[C@@H](O)CC4,CHEMBL3687201,IC50,9.62
2439057,COc1cc(ccc1Nc2ncc(Cl)c(Nc3ccccc3P(=O)(C)C)n2)N4CCOCC4,CHEMBL3823416,IC50,9.62
2439067,CCc1nc(C(=O)N)c(Nc2ccc(OC)c(c2)N3CCN(C)CC3)nc1N[C@@H]4CC[C@@H](O)CC4,CHEMBL3687203,IC50,9.64
2439076,CCc1nc(C(=O)N)c(Nc2ccc(N3CCN(C)CC3)c(C)c2)nc1N[C@@H]4CC[C@](C)(O)CC4,CHEMBL3687206,IC50,9.66
2439086,COc1cc(OCCCN2CCCC2)ccc1Nc3ncc(Cl)c(Nc4ccccc4P(=O)(C)C)n3,CHEMBL3823549,IC50,9.66
2439096,CCc1nc(C(=O)N)c(Nc2ccc(N3CCC(CC3)N4CCN(C)CC4)c(C)c2)nc1N[C@@H]5CC[C@](C)(O)CC5,CHEMBL3687207,IC50,9.68
2439106,COc1cc(ccc1Nc2ncc(Cl)c(Nc3ccccc3P(=O)(C)C)n2)N4CCN(C)CC4,CHEMBL3822611,IC50,9.75
2439117,COc1cc(ccc1Nc2ncc(Cl)c(Nc3ccccc3P(=O)(C)C)n2)N4CCN(CCO)CC4,CHEMBL3823235,IC50,9.75
2439127,CC(C)c1nc(C(=O)N)c(Nc2ccc(N3CCC(CC3)N4CCN(C)CC4)c(c2)C(F)(F)F)nc1N[C@@H]5CC[C@@H](O)CC5,CHEMBL3687205,IC50,9.77
2439137,CCP(=O)(CC)c1ccccc1Nc2nc(Nc3ccc(cc3OC)N4CCC(CC4)N5CCN(C)CC5)ncc2Cl,CHEMBL3824308,IC50,9.92
