id,smiles,name,assay_type,activity_value
1263394,COc1cc2ncnc(c2cc1OC)n3nc(nc3N)c4ccccn4,CHEMBL2143829,IC50,7.7
8780144,O=C1C=C(OC(=C1)c2cccc3Sc4ccccc4Sc23)N5CCOCC5,CHEMBL222102,IC50,7.85
5358034,CN1C(=O)N(c2ccc(cc2)C(C)(C)C#N)c3c1cnc4ccc(cc34)c5cnc6ccccc6c5,CHEMBL1879463,IC50,8.16
8780157,C[C@@H]1CN(CC(=O)Nc2ccc3Sc4c(Sc3c2)cccc4C5=CC(=O)C=C(O5)N6CCOCC6)C[C@H](C)O1,CHEMBL3765783,IC50,8.2
8780168,C[C@@H]1CN(CC(=O)Nc2ccc3Sc4c(Cc3c2)cccc4C5=CC(=O)C=C(O5)N6CCOCC6)C[C@H](C)O1,CHEMBL2140173,IC50,8.22
