id,smiles,name,assay_type,activity_value
478442,CNC(=O)C1=C(SC2=CC=C3C(NN=C3\C=C\C3=CC=CC=N3)=C2)C=CC=C1,axitinib,Kd,8.89
689238,OC(=O)c1ccc(Nc2ncc3CN=C(c4cc(Cl)ccc4c3n2)c5c(F)cccc5F)cc1,CHEMBL259084,Kd,7.59
26231,CN[C@@H]1C[C@H]2O[C@@](C)([C@@H]1OC)n3c4ccccc4c5c6CNC(=O)c6c7c8ccccc8n2c7c35,CHEMBL388978,Kd,7.64
1732263,CN1CCN(CC1)c2nc3c(N4CCN(Cc5cc(C)on5)CC4)c(Br)cnc3[nH]2,CHEMBL1086579,IC50,7.72
3358001,CCN(CCCOc1ccc2c(Nc3cc(CC(=O)Nc4cccc(F)c4)[nH]n3)ncnc2c1)CCOP(=O)(O)O,CHEMBL415049,IC50,7.77
3358015,CCN(CCO)CCCOc1ccc2c(Nc3cc(CC(=O)Nc4cccc(F)c4)[nH]n3)ncnc2c1,CHEMBL215152,Ki,7.77
3358027,CN(C)S(=O)(=O)c1ccc2NC(=O)\C(=C/c3cc4CCCCc4[nH]3)\c2c1,CHEMBL605003,IC50,7.77
3358038,Cc1cc(Nc2nc(Sc3ccc(NC(=O)CN4CCOCC4)cc3)nn5cccc25)n[nH]1,CHEMBL1822493,Kd,7.77
3358049,Cc1cc(Nc2nc(Sc3ccc(NC(=O)CNC4CCCC4)cc3)nn5cccc25)n[nH]1,CHEMBL1822492,Kd,7.85
3358060,Cc1cc(Nc2nc(Sc3ccc(NC(=O)C4CC4)cc3)nn5cc(NC(=O)CN6CCCC6)cc25)n[nH]1,CHEMBL1822488,Kd,7.89
479349,COc1cc2c(Oc3ccc(NC(=O)C4(CC4)C(=O)Nc5ccc(F)cc5)cc3F)ccnc2cc1OCCCN6CCOCC6,CHEMBL1230609,Kd,7.92
3358074,CC(=O)Nc1ccc(Sc2nc(Nc3cc(C)n[nH]3)c4ccccc4n2)cc1,CHEMBL484950,Ki,7.96
3358085,Cc1cc(Nc2nc(Sc3ccc(NC(=O)C4CC4)cc3)nn5cc(NC(=O)CCN6CCCCC6)cc25)n[nH]1,CHEMBL1822486,Kd,8.0
3358096,CCn1cc(c2ccnc3[nH]c(cc23)c4cccc(CN(C)C)c4)c(n1)c5ccc(NC(=O)N(C)C)cc5,CHEMBL1090479,IC50,8.19
634976,CN1CCN(CC1)c2cc(Nc3cc(C)[nH]n3)nc(Sc4ccc(NC(=O)C5CC5)cc4)n2,CHEMBL572878,Kd,8.2
3358109,Cc1cc(Nc2nc(Sc3ccc(NC(=O)CNC4CC4)cc3)nn5cccc25)n[nH]1,CHEMBL1822491,Kd,8.22
3358120,CN(C)CC(=O)Nc1ccc(Sc2nc(Nc3cc(C)[nH]n3)c4cccn4n2)cc1,CHEMBL1822494,Kd,8.3
3358131,CN1CCN(CC1)C(=O)C(=O)Nc2cc3c(Nc4cc(C)[nH]n4)nc(Sc5ccc(NC(=O)C6CC6)cc5)nn3c2,CHEMBL1822490,Kd,8.3
26212,C[C@]12O[C@H](C[C@]1(O)CO)n3c4ccccc4c5c6C(=O)NCc6c7c8ccccc8n2c7c35,CHEMBL603469,Kd,8.39
3358144,Cc1cc(Nc2nc(Sc3ccc(NC(=O)C4CC4)cc3)nn5cccc25)n[nH]1,CHEMBL1822485,Kd,8.4
3358155,CCOC(=O)c1[nH]cc2[C@@H](C3=C(CCCC3=O)Nc12)c4cccc(Oc5nc6ccccc6[nH]5)c4,CHEMBL3393498,IC50,8.52
3358166,Cc1cc(Nc2nc(Sc3ccc(NC(=O)C4CC4)cc3)nn5cc(NC(=O)CN6CCOCC6)cc25)n[nH]1,CHEMBL1822487,Kd,8.52
3358177,Cc1cc(Nc2nc(Sc3ccc(NC(=O)CN4CC(F)(F)C[C@H]4CO)cc3)nn5cccc25)n[nH]1,CHEMBL1822638,Kd,8.7
3358188,Cc1cc(Nc2nc(Sc3ccc(NC(=O)CN4C[C@@H](C[C@H]4CO)OC(C)(C)C)cc3)nn5cccc25)n[nH]1,CHEMBL1822637,Kd,8.7
3358201,Cc1cc(Nc2nc(Sc3ccc(NC(=O)CN4CCC[C@H]4CO)cc3)nn5cccc25)n[nH]1,CHEMBL1822495,Kd,9.0
