id,smiles,name,assay_type,activity_value
478442,CNC(=O)C1=C(SC2=CC=C3C(NN=C3\C=C\C3=CC=CC=N3)=C2)C=CC=C1,axitinib,Kd,7.96
7723075,COc1cc(OC)cc(c1)C(=O)NC(=O)Nc2ccc3\C(=C\c4ccc[nH]4)\C(=O)Nc3c2,CHEMBL3329662,IC50,7.53
5638860,COc1ccc(NC(=O)CC(=O)Nc2ccc3\C(=C\c4ccc[nH]4)\C(=O)Nc3c2)cc1,CHEMBL3322564,IC50,7.53
7723088,CC1=CNC=C(C(=O)Nc2ccc3\C(=C\c4ccc[nH]4)\C(=O)Nc3c2)C1=O,CHEMBL3322591,IC50,7.54
480852,COc1ccc(NC(=O)Nc2ccc(cc2)c3csc4c(cnc(N)c34)c5cnn(C[C@H](O)CO)c5)cc1,CHEMBL3646211,IC50,7.54
1342701,COc1ccc(cc1)c2nc3c(NCCCNC(=O)C4(CN)CC4)c(Br)cnc3[nH]2,CHEMBL2011932,IC50,7.54
6111949,COc1ccc2NC(=O)[C@@]3(C[C@H]3c4ccc5c(\C=C\c6ccc(CN7CCOCC7)cc6)n[nH]c5c4)c2c1,CHEMBL3353355,IC50,7.54
3358177,Cc1cc(Nc2nc(Sc3ccc(NC(=O)CN4CC(F)(F)C[C@H]4CO)cc3)nn5cccc25)n[nH]1,CHEMBL1822638,IC50,7.54
5845921,Cc1cc(Nc2nc(Sc3ccc(NC(=O)CN4CC[C@H](C4)S(=O)(=O)C(C)(C)C)cc3)nn5cccc25)n[nH]1,CHEMBL2163401,IC50,7.54
6978992,Cn1cc(Nc2ncc(Cl)c(N[C@@H]3[C@@H]4C[C@@H](C=C4)[C@@H]3C(=O)N)n2)cn1,CHEMBL2071202,IC50,7.54
7723110,Cn1cc(Nc2ncc(F)c(N[C@@H]3[C@@H]4C[C@@H](C=C4)[C@@H]3C(=O)N)n2)cn1,CHEMBL2071194,IC50,7.54
7723121,CC1CCCN(Cc2cc(Nc3nc(C)cn4c(cnc34)c5cnn(CC(=O)Nc6cccc(F)n6)c5)sn2)C1,CHEMBL2022712,IC50,7.55
5844538,CCC(C)(C)O[C@H]1CN(CC(=O)Nc2ccc(Sc3nc(Nc4cc(C)[nH]n4)c5cccn5n3)cc2)C[C@@H]1O,CHEMBL1822650,IC50,7.55
7723134,CNc1nccc(n1)c2cccnc2Oc3ccc(NC(=O)c4ccccc4Nc5ccc(F)cc5)cc3,CHEMBL1243231,EC50,7.55
1421081,COc1cc2c(Nc3ccc(cc3F)c4nc5ccccc5s4)ncnc2cc1OCCCN6CCN(C)CC6,CHEMBL594228,IC50,7.55
5844607,Cc1cc(Nc2nc(Sc3ccc(NC(=O)CN4C[C@@H](F)C[C@H]4CO)cc3)nn5cccc25)n[nH]1,CHEMBL1822640,IC50,7.55
5844018,Cc1cc(Nc2nc(Sc3ccc(NC(=O)CN4C[C@H](O)[C@H](C4)Oc5ccccc5F)cc3)nn6cccc26)n[nH]1,CHEMBL1822656,IC50,7.55
5844334,Cc1cc(Nc2nc(Sc3ccc(NC(=O)CN4C[C@H](OC(C)(C)C)C(=NO)C4)cc3)nn5cccc25)n[nH]1,CHEMBL1822655,IC50,7.55
7723153,Cc1cn2c(cnc2c(Nc3cc(CN4CCCCC4)ns3)n1)c5cnn(CC(=O)N)c5,CHEMBL2022114,IC50,7.55
6981945,Cn1cc(Nc2ncc(c(N[C@@H]3[C@@H]4C[C@@H](C=C4)[C@@H]3C(=O)N)n2)C(F)(F)F)cn1,CHEMBL2071200,IC50,7.55
7723166,Nc1n[nH]c2cccc(C(=O)Nc3cccc(CNC(=O)Nc4ccc(F)c(F)c4)c3)c12,CHEMBL2063456,IC50,7.55
7723177,COc1cc2c(Nc3ccc(NC(=O)c4ccccc4)cc3)ncnc2cc1OCCO,CHEMBL3343037,IC50,7.56
3358074,CC(=O)Nc1ccc(Sc2nc(Nc3cc(C)n[nH]3)c4ccccc4n2)cc1,CHEMBL484950,Ki,7.57
5844962,CN(C)CCCOC1CC=C(C=C1)C(=O)Nc2cccc(CNc3ncnc4c(cccc34)C(=O)N)c2,CHEMBL3685203,IC50,7.57
1421956,COc1cc2c(Nc3ccc(c(F)c3)c4nc5ccccc5s4)ncnc2cc1OCCCN6CCN(C)CC6,CHEMBL593987,IC50,7.57
5845422,Cc1cc(Nc2nc(Sc3ccc(NC(=O)CN4CC[C@H](C4)OCCCN5CCOCC5)cc3)nn6cccc26)n[nH]1,CHEMBL2163411,IC50,7.57
5845195,Cc1cc(Nc2nc(Sc3ccc(NC(=O)CN4C[C@H](O)[C@H](C4)OC(C)(C)C(F)(F)F)cc3)nn5cccc25)n[nH]1,CHEMBL1822649,IC50,7.57
6983310,NC(=O)[C@H]1[C@H]2C[C@H](C=C2)[C@H]1Nc3nc(Nc4cnn(CCN5CCOCC5)c4)ncc3Cl,CHEMBL2071274,IC50,7.57
5844953,NC(=O)c1cc(OCCCN2CCC[C@H]2CO)cc3c(NCc4ccc(cc4)C(F)(F)F)ncnc13,CHEMBL3675321,IC50,7.57
5845120,CCOC(=O)c1[nH]cc2C(C3=C(CN(CC3=O)C(=O)OC(C)(C)C)Nc12)c4oc(Sc5nc6ccccc6[nH]5)cc4,CHEMBL3393490,IC50,7.59
7723202,CCn1cc(c2ccnc3[nH]c(cc23)c4ccc(CN(C)C)cc4C)c(n1)c5ccc(NC(=O)Nc6ccccc6)cc5,CHEMBL1099348,IC50,7.59
7723213,CCn1cc(c2ccnc3[nH]ccc23)c(n1)c4ccc(NC(=O)N(C)C)cc4,CHEMBL1090156,IC50,7.59
7723224,CN1CCN(Cc2cccc(\C=C\c3n[nH]c4ccc(NC(=O)Cc5cccs5)cc34)c2)CC1,CHEMBL1091232,IC50,7.59
6984522,CNC(=O)Cn1cc(Nc2ncc(Cl)c(N[C@@H]3[C@@H]4C[C@@H](C=C4)[C@@H]3C(=O)N)n2)cn1,CHEMBL2071273,IC50,7.59
5843343,Cc1cc(Nc2nc(cn3c(cnc23)c4cn[nH]c4)C(=O)N5CCCC5)sn1,CHEMBL1801135,IC50,7.59
7723239,Fc1ccccc1C2=CNC=C(C(=O)Nc3ccc4\C(=C\c5ccc[nH]5)\C(=O)Nc4c3)C2=O,CHEMBL3322590,IC50,7.59
5842149,Fc1cnc(Nc2ccc(cc2)N3CCOCC3)nc1Nc4ccccc4Cl,CHEMBL2170411,IC50,7.59
3891564,Nc1n[nH]c2ccc(cc12)c3onc(Cc4ccccc4)c3,CHEMBL1682358,Ki,7.59
7723254,CCN1CCN(CC1)c2cc(Nc3cc(C)[nH]n3)nc(Sc4ccc(NC(=O)CC)cc4)n2,CHEMBL485351,IC50,7.6
7723265,CCOC(=O)c1[nH]cc2C(C3=C(CCCC3=O)Nc12)c4oc(Sc5nc6c(N)cccc6[nH]5)cc4,CHEMBL3393483,IC50,7.6
7723276,CCn1ncc(c2ccnc3[nH]ccc23)c1c4ccc(NC(=O)Nc5ccccc5)cc4,CHEMBL1095828,IC50,7.6
1732263,CN1CCN(CC1)c2nc3c(N4CCN(Cc5cc(C)on5)CC4)c(Br)cnc3[nH]2,CHEMBL1086579,IC50,7.6
1342632,COc1ccc(cc1)c2nc3c(NCCCNC(=O)C4CC4)c(Br)cnc3[nH]2,CHEMBL2011931,IC50,7.6
109725,Cl.CCN(Cc1cc(Nc2nc(C)cn3c(cnc23)c4cn[nH]c4)sn1)C(C)(C)CO,CHEMBL1650533,IC50,7.6
5639455,Fc1ccc(NC(=O)CC(=O)Nc2ccc3\C(=C\c4ccc[nH]4)\C(=O)Nc3c2)cc1,CHEMBL3322563,IC50,7.6
6979773,NC(=O)Cn1cc(Nc2ncc(Cl)c(N[C@@H]3[C@@H]4C[C@@H](C=C4)[C@@H]3C(=O)N)n2)cn1,CHEMBL2071272,IC50,7.6
5319575,NC(=O)c1cccc2c(NCc3cccc(NC(=O)c4ccnc(Cl)c4)c3)ncnc12,CHEMBL3670493,IC50,7.6
7723298,Nc1nc(cc(n1)c2ccc3c(N)n[nH]c3c2)N4CCCC(C4)NC(=O)c5ccccc5,CHEMBL1765745,IC50,7.6
5842078,CCSc1cn2c(cnc2c(Nc3cc(C)ns3)n1)c4cn[nH]c4,CHEMBL1801131,IC50,7.62
7723311,CCn1cc(c2ccnc3[nH]c(CNCCS(=O)(=O)C)cc23)c(n1)c4ccc(NC(=O)Nc5ccccc5)cc4,CHEMBL1096492,IC50,7.62
7723322,CNc1nccc(n1)c2cccnc2Oc3ccc(Nc4nnc(c5ccc(F)cc5)c6ccccc46)cc3,CHEMBL1243326,EC50,7.62
7723333,COc1ccc(cc1)c2nc3c(NCCCNC(=O)C)c(Br)cnc3[nH]2,CHEMBL2011928,IC50,7.62
7723344,Nc1ncnn2ccc(C(=O)Nc3cccc(CNC(=O)Nc4ccc(cc4)C(F)(F)F)c3)c12,CHEMBL2063460,IC50,7.62
5843489,O=C(Nc1cccnc1)Nc2c[nH]nc2c3nc4cc(CN5CCOCC5)ccc4[nH]3,CHEMBL523923,IC50,7.62
6111794,O=C1Nc2ccccc2/C/1=C\c3ccc4c(\C=C\c5ccncc5)n[nH]c4c3,CHEMBL2407749,IC50,7.62
5844527,CC(C)O[C@H]1CN(CC(=O)Nc2ccc(Sc3nc(Nc4cc(C)[nH]n4)c5cccn5n3)cc2)C[C@@H]1O,CHEMBL1822652,IC50,7.64
5846583,CCC(=O)Nc1ccc(Sc2nc(Nc3cc(C)[nH]n3)cc(n2)N4CCC4)cc1,CHEMBL563682,Ki,7.64
7723363,CCn1cc(c2ccnc3[nH]c(cc23)c4ccc(CN(C)C)cc4)c(n1)c5ccc(NC(=O)Nc6ccccc6)cc5,CHEMBL1099347,IC50,7.64
1422881,CNc1nccc(n1)c2cccnc2Oc3ccc(NC(=O)Nc4ccccc4)c5ccccc35,CHEMBL457099,IC50,7.64
5843837,Cc1cc(Nc2nc(Sc3ccc(NC(=O)CN4C[C@H](O)[C@H](C4)OC5CCCC5)cc3)nn6cccc26)n[nH]1,CHEMBL1822654,IC50,7.64
5844839,Cc1cc(Nc2nc(Sc3ccc(NC(=O)CN4C[C@H](O)[C@H](C4)OCC5CC5)cc3)nn6cccc26)n[nH]1,CHEMBL1822653,IC50,7.64
7723380,Cn1cc(Nc2ncc3cnn(C4CCCCCC4)c3n2)cc1C(=O)N,CHEMBL2012399,IC50,7.64
6987374,Cn1cc(cn1)c2cnc(N)c3c(csc23)c4ccc(NC(=O)Nc5cccc(c5)C(=O)N)cc4,CHEMBL2022850,IC50,7.64
5841517,NC(=O)c1cccc2c(NCCNCc3ccccc3)ncnc12,CHEMBL3670466,IC50,7.64
7723394,CCn1cc(c2ccnc3[nH]c(CNCCN4CCOCC4)cc23)c(n1)c5ccc(NC(=O)Nc6ccccc6)cc5,CHEMBL1095988,IC50,7.66
7723405,CNc1nccc(n1)c2cccnc2Oc3ccc(Nc4nnc(c5ccccc5)c6ccccc46)cc3,CHEMBL1243294,IC50,7.66
7723415,COC1CC=C(C=C1)C(=O)Nc2cccc(CNC3=NC=NC4=C(CC(CN5CCN(C)CC5)C=C34)C(=O)N)c2,CHEMBL3685231,IC50,7.66
7723425,Cc1[nH]nc2C3Nc4ccccc4C3CCCc12,CHEMBL512833,IC50,7.66
5843469,Cn1cc(Nc2ncc3cnn([C@@H]4CC[C@H]5CCC[C@@H]45)c3n2)cc1C(=O)N,CHEMBL2012403,IC50,7.66
5845967,FC(F)(F)c1cc(CN2CCCC2)cc(NC(=O)Nc3ncc(CCNc4ncnc5ccsc45)s3)c1,CHEMBL486850,IC50,7.66
5845680,NC(=O)c1cccc2c(NCc3cccc(NC(=O)Nc4ccccc4C(F)(F)F)c3)ncnc12,CHEMBL3670453,IC50,7.66
7723441,COc1ccc(cc1)C(=O)NC(=O)Nc2ccc3\C(=C/c4cccs4)\C(=O)Nc3c2,CHEMBL3361346,IC50,7.67
7723452,Cc1cc(Nc2nc(Sc3ccc(NC(=O)CN4C[C@@H](C[C@H]4CO)Oc5ccc(F)cc5)cc3)nn6cccc26)n[nH]1,CHEMBL1822642,Kd,7.68
5841730,Cc1cc(Nc2nc(Sc3ccc(NC(=O)CN4C[C@H](O)[C@H](C4)Oc5cc(F)cc(F)c5)cc3)nn6cccc26)n[nH]1,CHEMBL1822660,Kd,7.68
7723465,Cc1cn2c(cnc2c(Nc3cc(CN4CCCCC4)ns3)n1)c5cnn(Cc6nc(c[nH]6)c7ccccc7)c5,CHEMBL2023292,IC50,7.68
7723476,Fc1cc(CCNc2ncnc3ccsc23)ccc1Nc4nc5cc(ccc5[nH]4)C(F)(F)F,CHEMBL1078061,IC50,7.68
5319927,NC(=O)c1cccc2c(NCc3cccc(NC(=O)c4cncc(c4)N5CCOCC5)c3)ncnc12,CHEMBL3675533,IC50,7.68
7723488,O=C(Nc1ncc(Nc2ccnc3NC(=O)c4ccccc4c23)cn1)c5ccccc5,CHEMBL2380848,IC50,7.68
5847077,CCC(=O)Nc1ccc(Sc2nc(Nc3cc(C)[nH]n3)cc(n2)N4CCN(C)CC4)cc1,CHEMBL484609,IC50,7.7
7723501,CCn1cc(c2ccnc3[nH]c(cc23)c4cccc(CN(C)C)c4)c(n1)c5ccc(NC(=O)Nc6ccccc6)cc5,CHEMBL1099345,IC50,7.7
7723512,CNc1nccc(n1)c2cccnc2Oc3ccc(NC(=O)c4cc(F)ccc4Nc5ccccc5)cc3,CHEMBL1243265,EC50,7.7
5844781,COCCNc1cc(ccn1)C(=O)Nc2cccc(CNc3ncnc4c(cccc34)C(=O)N)c2,CHEMBL3680523,IC50,7.7
5842655,COc1ccc(cc1)C(=O)Nc2ccc3CCN(Cc3c2)c4ncnc5c(cccc45)C(=O)N,CHEMBL3685216,IC50,7.7
3358144,Cc1cc(Nc2nc(Sc3ccc(NC(=O)C4CC4)cc3)nn5cccc25)n[nH]1,CHEMBL1822485,Kd,7.7
3358027,CN(C)S(=O)(=O)c1ccc2NC(=O)\C(=C/c3cc4CCCCc4[nH]3)\c2c1,CHEMBL605003,IC50,7.72
26231,CN[C@@H]1C[C@H]2O[C@@](C)([C@@H]1OC)n3c4ccccc4c5c6CNC(=O)c6c7c8ccccc8n2c7c35,CHEMBL388978,Kd,7.72
5637451,Cc1nc(N)sc1c2ccnc(Nc3ccc(cc3)N4CCOCC4)n2,CHEMBL482967,IC50,7.72
7723533,Cn1cc(Nc2ncc3cnn(C4CCC5(CC5)C4)c3n2)cc1C(=O)N,CHEMBL2012309,IC50,7.72
6984771,NC(=O)[C@H]1[C@H]2C[C@H](C=C2)[C@H]1Nc3nc(Nc4cnn(CCO)c4)ncc3Cl,CHEMBL2071270,IC50,7.72
7723546,NC(=O)c1[nH]nc2C(C3=C(CCCC3=O)Nc12)c4oc(Sc5nc6ccccc6[nH]5)cc4,CHEMBL3393465,IC50,7.72
7723557,O=C(Nc1cccc2cc[nH]c12)Nc3ncc(CCNc4ncnc5ccsc45)s3,CHEMBL486877,IC50,7.72
7723568,COc1ccc(C(=O)NC(=O)Nc2ccc3\C(=C\c4[nH]c(C)c(CCC(=O)N5CCN(C)CC5)c4C)\C(=O)Nc3c2)c(F)c1,CHEMBL3329679,IC50,7.74
7723579,Cc1ccc(cc1)C(=O)NC(=O)Nc2ccc3\C(=C\c4ccc[nH]4)\C(=O)Nc3c2,CHEMBL3329661,IC50,7.74
7723589,CC(C)n1cc(cn1)c2cc(C(=O)N)c3ncnc(N[C@H]4CCCNC4)c3c2,CHEMBL3685317,IC50,7.75
5846086,CCC(=O)Nc1ccc(Sc2nc(Nc3cc(C)[nH]n3)cc(n2)N4CCNCC4)cc1,CHEMBL482779,IC50,7.75
7723601,CCCN(CCO)CCCOc1cc2ncnc(Nc3cc(CC(=O)Nc4cccc(F)c4F)[nH]n3)c2cc1OC,CHEMBL214849,IC50,7.75
7723612,CN1CCN(CC1)C(=O)c2cc(Nc3ncc4ccn(C5CCCC5)c4n3)cn2C,CHEMBL2029902,IC50,7.75
634976,CN1CCN(CC1)c2cc(Nc3cc(C)[nH]n3)nc(Sc4ccc(NC(=O)C5CC5)cc4)n2,CHEMBL572878,Ki,7.75
5847327,COCCOc1cccc(c1)C(=O)Nc2cccc(CNc3ncnc4c(cccc34)C(=O)N)c2,CHEMBL3685202,IC50,7.75
480896,COc1cc2nccc(Oc3ccc4c(cccc4c3)C(=O)Nc5ccc(Cl)cc5)c2cc1OC,CHEMBL429743,IC50,7.75
5845162,CS(=O)(=O)N1CCC(CC1)c2cc(Nc3nccn4c(cnc34)c5cn[nH]c5)sn2,CHEMBL1801109,IC50,7.75
5844197,Cc1nc(C)c(s1)c2ccnc(Nc3ccc(cc3)N4CCN(CC4)S(=O)(=O)C)n2,CHEMBL1083484,Ki,7.75
5841849,Cn1cc(Nc2ncc3cnn(C4C5CC6CC(CC4C6)C5)c3n2)cc1C(=O)N,CHEMBL2012397,IC50,7.75
6986580,Cn1cc(cn1)c2cnc(N)c3c(csc23)c4ccc(NC(=O)Nc5ccccc5F)cc4,CHEMBL2023227,IC50,7.75
5841983,Fc1cccc(NC(=O)Nc2ncc(CCNc3ncnc4ccsc34)s2)c1,CHEMBL512184,IC50,7.75
5845740,NC(=O)c1cccc2c(NCc3cccc(NC(=O)c4ccnc(NCCO)c4)c3)ncnc12,CHEMBL3680497,IC50,7.75
7723907,Nc1n[nH]c2cccc(C(=O)Nc3cccc(CNC(=O)Nc4cccc(F)c4)c3)c12,CHEMBL2063455,IC50,7.75
7723918,Nc1noc2cccc(C(=O)Nc3cccc(CNC(=O)Nc4ccccc4)c3)c12,CHEMBL2063441,IC50,7.75
3358015,CCN(CCO)CCCOc1ccc2c(Nc3cc(CC(=O)Nc4cccc(F)c4)[nH]n3)ncnc2c1,CHEMBL215152,IC50,7.77
7723931,CNc1nccc(n1)c2cccnc2Oc3ccc(NC(=O)c4ccccc4Nc5ccccc5)cc3C,CHEMBL1243137,IC50,7.77
5843456,Cc1cc(Nc2nc(Sc3ccc(NC(=O)CN4C[C@H](O)[C@H](C4)Oc5ccc(F)cc5F)cc3)nn6cccc26)n[nH]1,CHEMBL1822659,Kd,7.77
5844850,Cc1nn(C)cc1c2nc3c(N4CCC[C@@H](CNS(=O)(=O)C)C4)c(Cl)cnc3[nH]2,CHEMBL3087780,IC50,7.77
6986547,Cn1cc(cn1)c2cnc(N)c3c(csc23)c4ccc(NC(=O)Nc5ccc(OC(F)(F)F)cc5)cc4,CHEMBL2023232,IC50,7.77
5847128,NC(=O)c1cccc2c(NCc3cccc(NC(=O)c4ccc(cc4)N5CCCCC5=O)c3)ncnc12,CHEMBL3680584,IC50,7.77
5844632,Nc1ncnn2ccc(C(=O)Nc3ccc(NC(=O)Nc4ccsc4)cc3)c12,CHEMBL2063467,IC50,7.77
7723951,OC1CCN(CCOc2ccc(cc2)c3oc4ncnc(NCCc5ccc(NC(=O)Nc6ccccc6)cc5)c4c3)CC1,CHEMBL2398642,IC50,7.77
7723962,COc1ccc(C(=O)NC(=O)Nc2ccc3\C(=C\c4[nH]c(C)c(C(=O)N5CCOCC5)c4C)\C(=O)Nc3c2)c(F)c1,CHEMBL3329680,IC50,7.78
7723973,COc1ccc(C(=O)NC(=O)Nc2ccc3\C(=C\c4[nH]c(C)c(CCC(=O)N5CCOCC5)c4C)\C(=O)Nc3c2)c(F)c1,CHEMBL3329681,IC50,7.79
5841751,CC(N)c1cccc(NC(=O)c2ccoc2CN3CCOCC3)c1,CHEMBL3685218,IC50,7.8
6986014,COc1cc2nccc(Oc3ccc4c(cccc4c3)C(=O)NCC(F)(F)F)c2cc1OC,CHEMBL410840,IC50,7.8
1342991,COc1ccc(cc1)c2nc3c(NCCCNC(=O)C4CC(O)C4)c(Br)cnc3[nH]2,CHEMBL2011935,IC50,7.8
5349240,COc1ccc(cc1OC)c2nc3c(NCC4CCNCC4)c(Cl)cnc3[nH]2,CHEMBL3747305,IC50,7.8
5846613,COc1ccc2nc(Nc3cccc(CNc4ncnc5c(cccc45)C(=O)N)c3)sc2c1,CHEMBL3639794,IC50,7.8
26212,C[C@]12O[C@H](C[C@]1(O)CO)n3c4ccccc4c5c6C(=O)NCc6c7c8ccccc8n2c7c35,CHEMBL603469,Kd,7.8
5843996,Cc1cc(Nc2nc(Sc3ccc(NC(=O)C4CC4)cc3)nn5cc(NC(=O)CN6CCC[C@@H]6CO)cc25)n[nH]1,CHEMBL1822489,Kd,7.8
5843621,Cc1cc(Nc2nc(Sc3ccc(NC(=O)CN4C[C@H](O)[C@H](C4)OC(C)(C)C)cc3)nn5cccc25)n[nH]1,CHEMBL1822647,IC50,7.8
6981243,Cc1cccc(NC(=O)Nc2ccc(cc2)c3csc4c(cnc(N)c34)c5cnn(C)c5)c1,CHEMBL1967116,IC50,7.8
7724000,Cn1cc(Nc2ncc(c(Nc3ccccc3C(=O)N)n2)C(F)(F)F)cn1,CHEMBL2071209,IC50,7.8
7724011,FC(F)(F)Cn1cc(c2ccnc3[nH]ccc23)c(n1)c4ccc(NC(=O)Nc5ccccc5)cc4,CHEMBL1095817,IC50,7.8
7724022,Fc1ccccc1Cn2cc(nn2)c3ccc4[nH]ncc4c3,CHEMBL1682350,Ki,7.8
5847421,NC(=O)c1cccc2c(NCc3cccc(NC(=O)c4ccccc4OCCO)c3)ncnc12,CHEMBL3685264,IC50,7.8
7724033,NC(=O)c1cccc2c(N[C@H](CN3CCCC3)c4ccccc4)ncnc12,CHEMBL3680521,IC50,7.8
7724043,OC(=O)c1[nH]cc2C(C3=C(CCCC3=O)Nc12)c4oc(Sc5nc6ccccc6[nH]5)cc4,CHEMBL3393471,IC50,7.8
7724054,CC(=O)Nc1ccc(Sc2nc(Nc3cc([nH]n3)C4CC4)c5ccccc5n2)cc1,CHEMBL561421,Ki,7.82
5846988,CC(Nc1ncnc2c(cccc12)C(=O)N)c3cccc(NC(=O)C(F)(F)C(F)(F)F)c3,CHEMBL3680589,IC50,7.82
5844800,CN(C)c1ccc(Nc2nccc(n2)c3sc(C)nc3C)cc1,CHEMBL46817,Ki,7.82
5843986,CNc1cccc(c1)C(=O)Nc2cccc(CNc3ncnc4c(cccc34)C(=O)N)c2,CHEMBL3685238,IC50,7.82
7724069,CNc1nccc(n1)c2cccnc2Oc3ccc(NC(=O)c4ccccc4Nc5ccccc5)cc3,CHEMBL1243200,EC50,7.82
5637924,COc1ccc2NC(=O)[C@@]3(C[C@H]3c4ccc5c(\C=C\c6ccc(CN(C)C)cc6)n[nH]c5c4)c2c1,CHEMBL3353348,IC50,7.82
3358188,Cc1cc(Nc2nc(Sc3ccc(NC(=O)CN4C[C@@H](C[C@H]4CO)OC(C)(C)C)cc3)nn5cccc25)n[nH]1,CHEMBL1822637,IC50,7.82
7724084,Cc1cc(Nc2nc(Sc3ccc(NC(=O)CN4C[C@H](O)C[C@H]4CO)cc3)nn5cccc25)n[nH]1,CHEMBL1822645,Kd,7.82
5843008,Cc1cc(Nc2nc(Sc3ccc(NC(=O)CN4C[C@H]5C[C@H]5[C@H]4CO)cc3)nn6cccc26)n[nH]1,CHEMBL1822641,Kd,7.82
7724097,Cc1cccc(Cn2cc(nn2)c3ccc4[nH]ncc4c3)c1,CHEMBL1682353,Ki,7.82
7724108,Cn1cc(Nc2ncc(c(N[C@@H]3[C@@H]4C[C@@H](C=C4)[C@@H]3C(=O)N)n2)[N+](=O)[O-])cn1,CHEMBL2071199,IC50,7.82
7724119,FC(F)(F)c1cc(ccc1Cl)C(=O)NC(=O)Nc2ccc3\C(=C\c4ccc[nH]4)\C(=O)Nc3c2,CHEMBL3329660,IC50,7.82
6980985,NC(=O)[C@H]1[C@H]2C[C@H](C=C2)[C@H]1Nc3nc(Nc4cnn(C[C@H]5CCCN5)c4)ncc3Cl,CHEMBL2071277,IC50,7.82
5846129,NC(=O)c1cccc2c(NCc3cccc(Nc4ccc(cn4)C(F)(F)F)c3)ncnc12,CHEMBL3680604,IC50,7.82
5846157,O=C(Nc1c[nH]nc1c2nc3cc(CN4CCOCC4)ccc3[nH]2)c5ccccc5,CHEMBL496569,IC50,7.82
480446,COc1ccc(NC(=O)Nc2ccc(cc2)c3csc4c(cnc(N)c34)c5cnn(CC(C)(C)O)c5)cc1,CHEMBL2004290,IC50,7.83
7724136,COc1ccc(cc1)C(=O)NC(=O)Nc2ccc3\C(=C\c4ccc[nH]4)\C(=O)Nc3c2,CHEMBL3329652,IC50,7.83
7724147,Cc1cc(Nc2nc(Sc3ccc(NC(=O)CN4CC[C@H](O)C4)cc3)nn5cccc25)n[nH]1,CHEMBL2163405,Kd,7.83
5845910,Cc1cc(Nc2nc(Sc3ccc(NC(=O)CN4CC[C@H](C4)C(=O)N5CCOCC5)cc3)nn6cccc26)n[nH]1,CHEMBL2163390,IC50,7.84
5843929,CC(Nc1ncnc2c(cccc12)C(=O)N)c3cccc(NC(=O)c4ccc(O)c(F)c4)c3,CHEMBL3685263,IC50,7.85
5847027,CCC(=O)Nc1ccc(Sc2nc(Nc3cc(C)[nH]n3)cc(n2)N4CCOCC4)cc1,CHEMBL482778,IC50,7.85
7724163,CN1C=CC=C(C(=O)Nc2ccc3\C(=C\c4[nH]c(C)c(C(=O)O)c4C)\C(=O)Nc3c2)C1=O,CHEMBL3322582,IC50,7.85
5841816,Cc1cc(Nc2nc(Sc3ccc(NC(=O)CN4CC[C@H](C4)SC(C)(C)C)cc3)nn5cccc25)n[nH]1,CHEMBL2163399,Kd,7.85
5842127,FC(F)(F)c1cccc(NC(=O)Nc2ncc(CCNc3ncnc4ccsc34)s2)c1,CHEMBL472193,IC50,7.85
5639076,O=C1Nc2ccccc2[C@]13C[C@H]3c4ccc5c(\C=C\c6ccc(CN7CCCCC7)cc6)n[nH]c5c4,CHEMBL3353362,IC50,7.85
1342823,Brc1cnc2[nH]c(nc2c1NCCCNC(=O)C3CCC3)c4ccc(OCCN5CCCCC5)cc4,CHEMBL2011941,IC50,7.89
5844498,CC(=O)N1CCN(CC1)c2ccc(Nc3nccc(n3)c4sc(C)nc4C)cc2,CHEMBL1083786,Ki,7.89
6987115,CNC(=O)c1cnc(N)c2c(csc12)c3ccc(NC(=O)Nc4cccc(C)c4)cc3,CHEMBL2023221,IC50,7.89
5842227,CNCCOc1cccc(c1)C(=O)Nc2cccc(CNc3ncnc4c(cccc34)C(=O)N)c2,CHEMBL3680451,IC50,7.89
5846205,COc1ccc(cc1)C(=O)Nc2cccc(CN(C)c3ncnc4c(cccc34)C(=O)N)c2,CHEMBL3685253,IC50,7.89
7724187,COc1ccc(cc1)C(=O)Nc2cccc(CNc3c(cnc4c(cccc34)C(=O)N)C(=O)N)c2,CHEMBL3685225,IC50,7.89
5845710,Cc1cc(Nc2nc(Sc3ccc(NC(=O)CN4CC[C@H](C4)OCCO)cc3)nn5cccc25)n[nH]1,CHEMBL2163407,IC50,7.89
7724199,Clc1ccc(NC(=O)Nc2ncc(CCNc3ncnc4ccsc34)s2)cc1Cl,CHEMBL505037,IC50,7.89
5845662,NC(=O)c1cc(N)cc2c(NCc3ccc(Cl)c(c3)C(F)(F)F)ncnc12,CHEMBL3675381,IC50,7.89
5845781,NC(=O)c1cccc2c(NCC3CC=C\C(=N/C(O)c4c[nH]c5ncccc45)\C3)ncnc12,CHEMBL3680606,IC50,7.89
5319517,NC(=O)c1cccc2c(NCc3cccc(NC(=O)c4cccc(OCCCO)c4)c3)ncnc12,CHEMBL3680410,IC50,7.89
7724213,O=C(Nc1ccc(Nc2ccnc3NC(=O)c4ccccc4c23)cn1)c5ccccc5,CHEMBL2380846,IC50,7.89
5846298,CN(C)S(=O)(=O)c1ccccc1Nc2nc(Nc3ccc(CN4CCN(C)CC4)cc3)ncc2Cl,CHEMBL2022968,IC50,7.91
5842908,CCOC(=O)c1[nH]cc2C(C3=C(CCCC3=O)Nc12)c4cccc(Oc5nc6ccccc6[nH]5)c4,CHEMBL3393497,IC50,7.92
7724228,CCOC(=O)c1[nH]cc2C(C3=C(CCCC3=O)Nc12)c4oc(Sc5nc6cccnc6[nH]5)cc4,CHEMBL3393481,IC50,7.92
5848527,COc1ccc(cc1)C(=O)Nc2cccc(CNc3ncnc4c(cc(CCCCO)cc34)C(=O)N)c2,CHEMBL3685246,IC50,7.92
5846463,Cc1cc(Nc2nc(Sc3ccc(NC(=O)CN4CC[C@H](C4)[S+]([O-])C(C)(C)C)cc3)nn5cccc25)n[nH]1,CHEMBL2163400,IC50,7.92
5842204,Cn1cc(Nc2ncc3cnn([C@H]4CC[C@H]5CCC[C@@H]45)c3n2)cc1C(=O)N,CHEMBL2012398,IC50,7.92
6984334,NC(=O)[C@H]1[C@H]2C[C@H](C=C2)[C@H]1Nc3nc(Nc4cnn(Cc5ccccc5)c4)ncc3Cl,CHEMBL2071217,IC50,7.92
6987396,NC(=O)[C@H]1[C@H]2C[C@H](C=C2)[C@H]1Nc3nc(Nc4cnn(c4)C5CCNCC5)ncc3Cl,CHEMBL2071275,IC50,7.92
6987407,NC(=O)[C@H]1[C@H]2C[C@H](C=C2)[C@H]1Nc3nc(Nc4cnn(c4)[C@@H]5CCCNC5)ncc3Cl,CHEMBL2071276,IC50,7.92
5846034,NC(=O)c1cccc2c(NCc3cccc(c3)C(F)(F)F)ccnc12,CHEMBL3675379,IC50,7.92
7724251,Nc1noc2cccc(C(=O)Nc3cccc(CNC(=O)Nc4ccc(cc4)C(F)(F)F)c3)c12,CHEMBL2063447,IC50,7.92
7724262,Nc1nsc2cccc(C(=O)Nc3cccc(CNC(=O)Nc4ccc(cc4)C(F)(F)F)c3)c12,CHEMBL2063453,IC50,7.92
480766,C[C@H](O)Cn1cc(cn1)c2cnc(N)c3c(csc23)c4ccc(NC(=O)Nc5cccc(C)c5)cc4,CHEMBL3646210,IC50,7.95
5847194,CCC(=O)Nc1ccc(Sc2nc(Nc3cc(C)[nH]n3)cc(n2)N4CCN(CC4)C(C)(C)C)cc1,CHEMBL484006,IC50,7.96
5843124,CCOC(=O)c1[nH]cc2C(C3=C(CCCC3=O)Nc12)c4oc(Sc5nc6cc(F)ccc6[nH]5)cc4,CHEMBL3393473,IC50,7.96
5842089,CCn1cc(c2ccnc3[nH]c(cc23)c4cccc(CN5CCCC5)c4)c(n1)c6ccc(NC(=O)Nc7ccccc7)cc6,CHEMBL1099349,IC50,7.96
6983549,CN(C)CC#Cc1cnc(N)c2c(csc12)c3ccc(NC(=O)Nc4cccc(C)c4)cc3,CHEMBL1979883,IC50,7.96
5319795,CN(CCO)c1ccc(cn1)C(=O)Nc2cccc(CNc3ncnc4c(cccc34)C(=O)N)c2,CHEMBL3680387,IC50,7.96
5841570,CN1CCN(CC1)C(=O)c2cc(Nc3ncc4cc(C(=O)N)n(C5CCCC5)c4n3)cn2C,CHEMBL2029903,IC50,7.96
6988298,CS(=O)(=O)CCn1cc(cn1)c2cnc(N)c3c(csc23)c4ccc(NC(=O)Nc5cccc(F)c5)cc4,CHEMBL2022853,IC50,7.96
5847736,C[C@@H](Nc1ncnc2c(cccc12)C(=O)N)c3cccc4ccccc34,CHEMBL3670439,IC50,7.96
6280444,C[C@@H](Oc1c(N)ncc2c(coc12)C3=CCN(CC3)C(=O)N)c4c(Cl)ccc(F)c4Cl,CHEMBL2401832,IC50,7.96
5844745,NC(=O)c1cccc2c(NCc3cccc(NC(=O)c4ccc(CN5CCCC5)cc4)c3)ncnc12,CHEMBL3680518,IC50,7.96
7724293,Cc1[nH]c(\C=C\2/C(=O)Nc3cc(NC(=O)C4=CC=CN(C4=O)c5ccc(F)cc5)ccc23)c(C)c1C(=O)O,CHEMBL3322581,IC50,7.97
5843219,NC(=O)c1ccc(Nc2ncc(F)c(Nc3ccccc3Cl)n2)cc1,CHEMBL2170414,IC50,7.97
5638882,COc1ccc(C(=O)NC(=O)Nc2ccc3\C(=C\c4[nH]c(C)c(C(=O)NCCN(C)C)c4C)\C(=O)Nc3c2)c(F)c1,CHEMBL3329682,IC50,7.98
7724308,COc1ccc(cc1)C2=CNC=C(C(=O)Nc3ccc4\C(=C\c5ccc[nH]5)\C(=O)Nc4c3)C2=O,CHEMBL3322584,IC50,7.99
5841548,C(Cc1ccc(Nc2nc3ccccc3[nH]2)cc1)Nc4ncnc5ccsc45,CHEMBL1078906,IC50,8.0
7724321,CCOC(=O)c1[nH]cc2C(C3=C(CCCC3=O)Nc12)c4oc(Sc5nc6cc(Cl)ccc6[nH]5)cc4,CHEMBL3393480,IC50,8.0
1421399,CNc1nccc(n1)c2cccnc2Oc3ccc(Nc4nc5ccccc5[nH]4)c6ccccc36,CHEMBL465793,IC50,8.0
6982237,COc1cc2nccc(Oc3ccc4c(cccc4c3)C(=O)NCC5CC5)c2cc1OC,CHEMBL270755,IC50,8.0
5845002,Cc1cc(Nc2nc(Sc3ccc(NC(=O)CN4CC[C@H](C4)C(=O)N5CCCCC5)cc3)nn6cccc26)n[nH]1,CHEMBL2163389,IC50,8.0
5842997,Cc1cc(Nc2nc(Sc3ccc(NC(=O)CN4C[C@H](O)[C@H](C4)Oc5cccc(F)c5)cc3)nn6cccc26)n[nH]1,CHEMBL1822657,Kd,8.0
6111771,Cc1ccc(\C=C\c2n[nH]c3cc(ccc23)[C@@H]4C[C@@]45C(=O)Nc6ccccc56)c(C)n1,CHEMBL3353344,IC50,8.0
5842323,Clc1cnc2[nH]c(Nc3ccc(CCNc4ncnc5ccsc45)cc3)nc2c1,CHEMBL1079713,IC50,8.0
5846474,Fc1ccccc1NC(=O)Nc2c[nH]nc2c3nc4cc(CN5CCOCC5)ccc4[nH]3,CHEMBL516003,IC50,8.0
7724346,Nc1ncnn2ccc(C(=O)Nc3cccc(CNC(=O)Nc4cccc(Cl)c4)c3)c12,CHEMBL2063463,IC50,8.0
5841741,O=C(NC1CCOCC1)Nc2c[nH]nc2c3nc4cc(CN5CCOCC5)ccc4[nH]3,CHEMBL522214,IC50,8.0
4968816,CNc1nc(C)c(s1)c2ccnc(Nc3ccc(cc3)N4CCN(CC4)C(=O)C)n2,CHEMBL1083785,Ki,8.01
5845368,COc1cccc(OC)c1C(=O)Nc2cccc(CNc3ncnc4c(cccc34)C(=O)N)c2,CHEMBL3685279,IC50,8.01
7724362,CCC(=O)Nc1ccc(Sc2nc(Nc3cc(C)[nH]n3)cc(n2)N4CCN(CC4)C5CC5)cc1,CHEMBL485186,IC50,8.02
5321242,NCC[C@@H](Nc1ncnc2c(cccc12)C(=O)N)c3ccccc3,CHEMBL3675478,IC50,8.02
5847047,CC(Nc1ncnc2c(cccc12)C(=O)N)C3=CC(=CCC3)NC(=O)C4(CCC4)C(F)(F)F,CHEMBL3680586,IC50,8.03
5842643,CNc1nc(C)c(s1)c2ccnc(Nc3ccc(cc3)N4CCOCC4)n2,CHEMBL1084629,Ki,8.03
5845771,Cc1cc(Nc2nc(Sc3ccc(NC(=O)CN4CC[C@H](C4)C(=O)NC5CCC5)cc3)nn6cccc26)n[nH]1,CHEMBL2163395,IC50,8.03
689238,OC(=O)c1ccc(Nc2ncc3CN=C(c4cc(Cl)ccc4c3n2)c5c(F)cccc5F)cc1,CHEMBL259084,IC50,8.03
5845350,CN(C)CCC(Nc1ncnc2c(cccc12)C(=O)N)c3cccc(NC(=O)c4cc(F)ccc4F)c3,CHEMBL3680458,IC50,8.04
7724382,CN(C)Cc1ccc(cc1)c2cc3c(c(Cl)cnc3[nH]2)c4cnn(C)c4,CHEMBL1090832,IC50,8.05
5845510,CN(C[C@H]1CCCN(C1)c2c(Cl)cnc3[nH]c(nc23)c4cn(C)nc4C)S(=O)(=O)C,CHEMBL3087781,IC50,8.05
3358166,Cc1cc(Nc2nc(Sc3ccc(NC(=O)C4CC4)cc3)nn5cc(NC(=O)CN6CCOCC6)cc25)n[nH]1,CHEMBL1822487,Kd,8.05
5844429,Cc1cc(Nc2nc(Sc3ccc(NC(=O)CN4CCC(C4)C(=O)N5CCCC5)cc3)nn6cccc26)n[nH]1,CHEMBL2163398,IC50,8.05
5841805,Cc1cc(Nc2nc(Sc3ccc(NC(=O)CN4CC[C@H](C4)OC(C)(C)C)cc3)nn5cccc25)n[nH]1,CHEMBL2163412,IC50,8.05
5843150,Cc1cc(Nc2nc(Sc3ccc(NC(=O)CN4C[C@H](F)C[C@H]4CO)cc3)nn5cccc25)n[nH]1,CHEMBL1822639,Kd,8.05
5845943,Cc1nc(C)c(s1)c2ccnc(Nc3ccc(cc3)N4CCOCC4)n2,CHEMBL1085626,Ki,8.05
6986558,Cn1cc(cn1)c2cnc(N)c3c(csc23)c4ccc(NC(=O)Nc5cccc(F)c5)cc4,CHEMBL1970317,IC50,8.05
5845359,NC(=O)c1cccc2c(NCC3CC=CC(=C3)NC(=O)c4ccncc4)ncnc12,CHEMBL3685200,IC50,8.05
7724408,Nc1ncnn2ccc(C(=O)Nc3ccc(NC(=O)Nc4cccc(F)c4)cc3)c12,CHEMBL1990583,IC50,8.05
7724418,COc1ccc(cc1)C(=O)NCc2cccc(Nc3ncnc4c(cc(O)cc34)C(=O)N)c2,CHEMBL3685232,IC50,8.06
480843,Cc1cccc(NC(=O)Nc2ccc(cc2)c3csc4c(cnc(N)c34)c5cn[nH]c5)c1,CHEMBL1969102,IC50,8.07
7724429,CCn1cc(c2ccnc3[nH]c(cc23)c4ccc(CN5CCOCC5)cc4)c(n1)c6ccc(NC(=O)N(C)C)cc6,CHEMBL1094703,IC50,8.09
5844772,COc1cc(CNc2cncc3c(cccc23)C(=O)N)cc(OC)c1,CHEMBL3670416,IC50,8.09
5847066,CCC(=O)Nc1ccc(Sc2nc(Nc3cc(C)[nH]n3)cc(n2)N4CCCCC4)cc1,CHEMBL484951,IC50,8.1
5841761,CCOC(=O)c1[nH]cc2C(C3=C(CCCC3=O)Nc12)c4oc(Sc5nc6c(O)cccc6[nH]5)cc4,CHEMBL3393482,IC50,8.1
5844240,CCOC(=O)c1[nH]cc2C(C3=C(CCCC3=O)Nc12)c4oc(Sc5nc6ccccc6[nH]5)cc4,CHEMBL3393469,IC50,8.1
5843748,CCOC(=O)c1[nH]cc2C(C3=C(CN(Cc4ccccc4)CC3=O)Nc12)c5oc(Sc6nc7ccccc7[nH]6)cc5,CHEMBL3393491,IC50,8.1
6983536,CCn1cc(Nc2ncc(Cl)c(N[C@@H]3[C@@H]4C[C@@H](C=C4)[C@@H]3C(=O)N)n2)cn1,CHEMBL2071216,IC50,8.1
7724451,CCn1cc(c2ccnc3[nH]c(cc23)C(=O)NCCCN4CCN(C)CC4)c(n1)c5ccc(NC(=O)Nc6ccccc6)cc5,CHEMBL1094705,IC50,8.1
3358120,CN(C)CC(=O)Nc1ccc(Sc2nc(Nc3cc(C)[nH]n3)c4cccn4n2)cc1,CHEMBL1822494,Kd,8.1
5844828,Cc1cc(Nc2nc(Sc3ccc(NC(=O)CN4C[C@@H](O)[C@H](C4)Oc5ccc(F)cc5)cc3)nn6cccc26)n[nH]1,CHEMBL1822661,Kd,8.1
5843162,Cc1cc(Nc2nc(Sc3ccc(NC(=O)CN4C[C@H](O)[C@H](C4)Oc5ccc(F)cc5)cc3)nn6cccc26)n[nH]1,CHEMBL1822658,Kd,8.1
6987342,Cc1ccccc1NC(=O)Nc2ccc(cc2)c3csc4c(cnc(N)c34)c5cnn(C)c5,CHEMBL2023225,IC50,8.1
5845630,Cc1nn(C)cc1c2nc3c(N4CCC[C@H](CNS(=O)(=O)C)C4)c(Cl)cnc3[nH]2,CHEMBL3087779,IC50,8.1
5841592,Clc1ccc2[nH]c(Nc3ccc(CCNc4ncnc5ccsc45)cc3)nc2c1,CHEMBL1078060,IC50,8.1
6979314,Cn1cc(Nc2ncc(Cl)c(N[C@@H]3[C@H]4CC[C@H](C4)[C@@H]3C(=O)N)n2)cn1,CHEMBL2071210,IC50,8.1
6985884,Nc1ncc(c2cnn(CCN3CCCCC3)c2)c4scc(c5ccc(NC(=O)Nc6cccc(F)c6)cc5)c14,CHEMBL2022854,IC50,8.1
480757,Nc1ncc(c2cnn(CCO)c2)c3scc(c4ccc(NC(=O)Nc5cccc(F)c5)cc4)c13,CHEMBL1980297,IC50,8.1
5320986,CCOc1cc(C(=O)N)c2ncnc(NCc3cccc(NC(=O)c4ccc(F)cc4)c3)c2c1,CHEMBL3670479,IC50,8.11
5319777,CN(C)CCC(Nc1ncnc2c(cccc12)C(=O)N)C3=CCCC(=C3)NC(=O)c4ccccc4F,CHEMBL3680393,IC50,8.11
7724481,Clc1ccc(cc1Cl)C(=O)NC(=O)Nc2ccc3\C(=C\c4ccc[nH]4)\C(=O)Nc3c2,CHEMBL3329657,IC50,8.11
5845340,C1Cc2ccccc2CN1c3ncnc4scc(c5ccccc5)c34,CHEMBL1483261,IC50,8.12
5640607,CCN(CC)CCNC(=O)c1c(C)[nH]c(\C=C\2/C(=O)Nc3cc(NC(=O)NC(=O)c4ccc(OC)cc4F)ccc23)c1C,CHEMBL3329683,IC50,8.12
7724495,COCC[C@H](Nc1ncnc2c(cccc12)C(=O)N)c3cccc(NC(=O)c4ccc(OC)cc4)c3,CHEMBL3685274,IC50,8.12
5844517,NC(=O)c1cccc2c(NCc3ccccc3C(F)(F)F)ncnc12,CHEMBL3675352,IC50,8.12
7724506,CCN(CCO)CCCOc1ccc2c(Nc3cc(CC(=O)Nc4cccc(F)c4F)[nH]n3)ncnc2c1,CHEMBL215322,IC50,8.13
6111864,O=C1Nc2ccccc2[C@]13C[C@H]3c4ccc5c(\C=C\c6ccncc6)n[nH]c5c4,CHEMBL3353340,IC50,8.13
5846979,COc1ccccc1C(CNC(=O)C)Nc2ncnc3c(cccc23)C(=O)N,CHEMBL3675330,IC50,8.15
5844219,CC(=O)NC[C@@H]1CCN(C1)c2c(Cl)cnc3[nH]c(nc23)c4cn(C)nc4C,CHEMBL3087778,IC50,8.16
7724522,CCOC(=O)c1[nH]cc2C(C3=C(CCCC3=O)Nc12)c4cccc(Sc5nc6ccccc6[nH]5)c4,CHEMBL3393494,IC50,8.16
7724533,CCOC(=O)c1[nH]cc2C(C3=C(CCCC3=O)Nc12)c4cccc(Sc5nc6ccccc6[nH]5)n4,CHEMBL3393495,IC50,8.16
5842045,CCOC(=O)c1[nH]cc2C(C3=C(CCCC3=O)Nc12)c4oc(Sc5nc6c(F)c(F)c(F)cc6[nH]5)cc4,CHEMBL3393478,IC50,8.16
5843961,CCOC(=O)c1[nH]cc2C(C3=C(CCCC3=O)Nc12)c4oc(Sc5nc6ccc(F)c(F)c6[nH]5)cc4,CHEMBL3393477,IC50,8.16
5845824,CCOC(=O)c1[nH]cc2C(C3=C(CCCC3=O)Nc12)c4oc(Sc5nc6cccc(Cl)c6[nH]5)cc4,CHEMBL3393479,IC50,8.16
7724550,COc1cc2c(Nc3ncc(CC(=O)Nc4cccc(F)c4)s3)ncnc2cc1OCCCN5CCC(CO)CC5,CHEMBL201307,IC50,8.16
1343155,COc1ccc(cc1)c2nc3c(NCCCN(C)C(=O)C4CCC4)c(Br)cnc3[nH]2,CHEMBL2011934,IC50,8.16
5846550,Cc1cc(Nc2nc(Sc3ccc(NC(=O)CN4CC[C@H](C4)C(=O)NCC(F)(F)F)cc3)nn5cccc25)n[nH]1,CHEMBL2163388,IC50,8.16
5842354,Cc1cc(Nc2nc(Sc3ccc(NC(=O)CN4CC[C@H](C4)C(=O)Nc5ccc(F)cc5)cc3)nn6cccc26)n[nH]1,CHEMBL2163393,Kd,8.16
5848826,NC(=O)c1cccc2c(NCc3cccc(NC(=O)C4=CCC(C=C4)N5CCOCC5)c3)ncnc12,CHEMBL3685256,IC50,8.16
7724568,Nc1noc2cccc(C(=O)Nc3cccc(CNC(=O)Nc4ccc(F)c(F)c4)c3)c12,CHEMBL2063448,IC50,8.16
5846493,CC(Nc1ncnc2c(cccc12)C(=O)N)c3cccc(NC(=O)C4=CNC(=O)C=C4)c3,CHEMBL3680601,IC50,8.17
5843919,Cc1cc(Nc2nc(Sc3ccc(NC(=O)CN4CC[C@@H](O)C4)cc3)nn5cccc25)n[nH]1,CHEMBL2163406,Kd,8.18
5843826,Cc1cc(Nc2nc(Sc3ccc(NC(=O)CN4CC[C@H](C4)OCCN5CCOCC5)cc3)nn6cccc26)n[nH]1,CHEMBL2163409,Kd,8.18
5847495,CC(Nc1ncnc2c(cccc12)C(=O)N)c3cccc(NC(=O)C4CC(F)(F)C4)c3,CHEMBL3680574,IC50,8.19
5845671,CCN(CC)CCOc1cc(C(=O)N)c2ncnc(NCc3cccc(NC(=O)c4ccc(OC)cc4)c3)c2c1,CHEMBL3685239,IC50,8.19
5639429,CN(C)Cc1ccc(\C=C\c2n[nH]c3cc(ccc23)[C@@H]4C[C@@]45C(=O)Nc6ccccc56)cc1,CHEMBL3353347,IC50,8.19
7724588,Clc1ccc(cc1)C(=O)NC(=O)Nc2ccc3\C(=C\c4ccc[nH]4)\C(=O)Nc3c2,CHEMBL3329656,IC50,8.19
7724599,Fc1ccccc1C(=O)NC(=O)Nc2ccc3\C(=C\c4ccc[nH]4)\C(=O)Nc3c2,CHEMBL3329658,IC50,8.19
7724609,NC(=O)c1cccc2c(NCc3cccc(NC(=O)c4n[nH]c5ccc(Br)cc45)c3)ncnc12,CHEMBL3685230,IC50,8.19
5845035,Cc1cc(Nc2nc(Sc3ccc(NC(=O)CN4CC[C@H](C4)C(=O)N5CCCC5)cc3)nn6cccc26)n[nH]1,CHEMBL2163403,IC50,8.2
5844944,CN1CCN(CCCOc2cc(C(=O)N)c3ncnc(NCc4ccc(cc4)C(F)(F)F)c3c2)CC1,CHEMBL3675323,IC50,8.21
5843695,COCCO[C@@H]1CCN(CC(=O)Nc2ccc(Sc3nc(Nc4cc(C)[nH]n4)c5cccn5n3)cc2)C1,CHEMBL2163408,IC50,8.21
5845329,Cc1cc(Nc2nc(Sc3ccc(NC(=O)CN4CC[C@H](C4)C(=O)NC(C)(C)C)cc3)nn5cccc25)n[nH]1,CHEMBL2163387,IC50,8.21
5846278,CCNc1nc(C)c(s1)c2ccnc(Nc3cc(OC)c(OC)c(OC)c3)n2,CHEMBL1086088,Ki,8.22
5843242,CCNc1nc(C)c(s1)c2ccnc(Nc3ccc(cc3)N4CCOCC4)n2,CHEMBL1084630,Ki,8.22
5842056,CCOC(=O)c1[nH]cc2C(C3=C(CCCC3=O)Nc12)c4oc(Sc5nc6cc(F)c(F)cc6[nH]5)cc4,CHEMBL3393476,IC50,8.22
5845835,CCOC(=O)c1[nH]cc2C(C3=C(CCCC3=O)Nc12)c4oc(Sc5nc6cccc(F)c6[nH]5)cc4,CHEMBL3393474,IC50,8.22
5844560,CCOC(=O)c1[nH]cc2C(C3=C(CN(CC)CC3=O)Nc12)c4oc(Sc5nc6ccccc6[nH]5)cc4,CHEMBL3393484,IC50,8.22
5843099,COC[C@H]1CCCN1C(=O)c2cc(Nc3ncc4cnn(C5C[C@@H]6C[C@@H]6C5)c4n3)cn2C,CHEMBL2012414,IC50,8.22
5845267,COc1ccc(cc1)C(=O)Nc2cccc(c2)C(CCN3CCC3)Nc4ncnc5c(cccc45)C(=O)N,CHEMBL3685289,IC50,8.22
5842986,Cc1cc(Nc2nc(Sc3ccc(NC(=O)CN4CCC(C4)C(=O)C(C)(C)C)cc3)nn5cccc25)n[nH]1,CHEMBL2163397,Kd,8.22
5845298,Cc1cc(Nc2nc(Sc3ccc(NC(=O)CN4CC[C@H](C4)C(=O)N5CCC(F)(F)C5)cc3)nn6cccc26)n[nH]1,CHEMBL2163404,IC50,8.22
6986569,Cn1cc(cn1)c2cnc(N)c3c(csc23)c4ccc(NC(=O)Nc5ccccc5)cc4,CHEMBL2023226,IC50,8.22
5841704,FC(F)(F)c1ccc(cc1)C(=O)Nc2ccc(Nc3ccnc4NC(=O)c5ccccc5c34)cc2,CHEMBL2380828,IC50,8.22
7724647,FC(F)(F)c1ccc2[nH]c(Nc3ccc(CCNc4ncnc5ccsc45)cc3)nc2c1,CHEMBL1077729,IC50,8.22
5319418,CN(C)CCC(Nc1ncnc2c(cccc12)C(=O)N)C3=CCCC(=C3)NC(=O)c4c(F)cccc4F,CHEMBL3680418,IC50,8.23
5640223,COc1ccc(NC(=O)CC(=O)Nc2ccc3\C(=C\c4[nH]c(C)c(C(=O)O)c4C)\C(=O)Nc3c2)cc1,CHEMBL3322565,IC50,8.23
5843387,CC(C)C(=O)N[C@@H]1CCN(CC(=O)Nc2ccc(Sc3nc(Nc4cc(C)[nH]n4)c5cccn5n3)cc2)C1,CHEMBL2163413,Kd,8.24
5846178,CN1CCN(CC1)c2ccc(cc2C(F)(F)F)C(=O)Nc3cccc(CNc4nncc5c(cccc45)C(=O)N)c3,CHEMBL3680492,IC50,8.24
5847289,NC(=O)c1cccc2c(NCc3cccc(NC(=O)Nc4cccc(F)c4)c3)ncnc12,CHEMBL3670425,IC50,8.25
5847016,NC(=O)c1cccc2c(NCc3cccc(NC(=O)c4cccc(c4)N5CCOCC5)c3)ncnc12,CHEMBL3680590,IC50,8.26
5848895,COCCC(Nc1ncnc2c(cccc12)C(=O)N)c3cccc(NC(=O)c4ccc(OC(F)(F)F)cc4)c3,CHEMBL3680479,IC50,8.28
5847280,COc1ccc(cc1)C(=O)Nc2cccc(CNc3ncnc4c(cc(OCCCN(C)C)cc34)C(=O)N)c2,CHEMBL3685297,IC50,8.28
7724668,O=C(NC(=O)c1ccccc1)Nc2ccc3\C(=C\c4ccc[nH]4)\C(=O)Nc3c2,CHEMBL3329655,IC50,8.28
5845318,O=C(NC1CCCCC1)Nc2c[nH]nc2c3nc4cc(CN5CCOCC5)ccc4[nH]3,CHEMBL496754,IC50,8.28
4809506,CCCN1CCC=C(C1)c2ccc(Nc3nc(Nc4ccccc4C(=O)N)c5cc[nH]c5n3)cc2,CHEMBL476451,IC50,8.3
5641140,CCN1C(=O)C(C)(C)c2cc3[nH]c4c(CCCc5c(C)n[nH]c45)c3cc12,CHEMBL223147,IC50,8.3
7724685,CCNC(=O)Nc1ccc(cc1)c2nn(CC)cc2c3ccnc4[nH]c(cc34)c5cccc(CN6CCOCC6)c5,CHEMBL1094700,IC50,8.3
5842067,CCOC(=O)c1[nH]cc2C(C3=C(CNCC3=O)Nc12)c4oc(Sc5nc6cccc(Cl)c6[nH]5)cc4,CHEMBL3393487,IC50,8.3
7724698,CCn1cc(c2ccnc3[nH]c(cc23)C(=O)NCCN4CCN(C)CC4)c(n1)c5ccc(NC(=O)Nc6ccccc6)cc5,CHEMBL1094706,IC50,8.3
7724709,CCn1cc(c2ccnc3[nH]c(cc23)C(=O)NCCN4CCOCC4)c(n1)c5ccc(NC(=O)Nc6ccccc6)cc5,CHEMBL1094704,IC50,8.3
3358096,CCn1cc(c2ccnc3[nH]c(cc23)c4cccc(CN(C)C)c4)c(n1)c5ccc(NC(=O)N(C)C)cc5,CHEMBL1090479,IC50,8.3
6984509,CN1CCC(C1=O)n2cc(cn2)c3cnc(N)c4c(csc34)c5ccc(NC(=O)Nc6cccc(F)c6)cc5,CHEMBL2022855,IC50,8.3
5846752,CN1CCN(CC1)C(=O)c2cc(Nc3ncc4cc(c5cncn5C)n(C6CCCC6)c4n3)cn2C,CHEMBL2029910,IC50,8.3
5843793,COC(=O)c1csc2C(C3=C(CCCC3=O)Nc12)c4oc(Sc5nc6ccccc6[nH]5)cc4,CHEMBL3393467,IC50,8.3
5845855,COC[C@@H]1CCCN1C(=O)c2cc(Nc3ncc4cnn(C5C[C@@H]6C[C@@H]6C5)c4n3)cn2C,CHEMBL2012411,IC50,8.3
7724730,Cn1cc(Nc2ncc3cnn(C4CCC(C)(C)CC4)c3n2)cc1C(=O)N,CHEMBL2012401,IC50,8.3
7724741,Cn1cc(Nc2ncc3cnn(C4CCC5(CC4)CC5)c3n2)cc1C(=O)N,CHEMBL2012400,IC50,8.3
5844094,Cn1cc(Nc2ncc3cnn(C4C[C@@H]5C[C@@H]5C4)c3n2)cc1C(=O)N6CCC[C@H]6CN7CCCC7,CHEMBL2012410,IC50,8.3
5843063,FC(F)(F)c1cnc2[nH]c(Nc3ccc(CCNc4ncnc5ccsc45)cc3)nc2c1,CHEMBL1079538,IC50,8.3
5841508,NC(=O)c1cccc2c(NC(CCN3CCCC3)c4cccc(Nc5ccccn5)c4)ncnc12,CHEMBL3685221,IC50,8.3
5846484,NC(=O)c1cccc2c(NCC3CC=C\C(=N/C(O)c4ccn[nH]4)\C3)ncnc12,CHEMBL3685276,IC50,8.3
5842344,NC(=O)c1cccc2c(NCc3cccc(NC(=O)c4n[nH]c5ccc(Cl)cc45)c3)ncnc12,CHEMBL3685217,IC50,8.3
5843869,NC(=O)c1cccc2c(NCc3cccc(Nc4nc5ccc(cc5[nH]4)C(F)(F)F)c3)ncnc12,CHEMBL3685275,IC50,8.3
5844971,NC(=O)c1cccc2c(NCc3occc3)ncnc12,CHEMBL3670417,IC50,8.3
5842833,O=C1CCCC2=C1C(c3oc(Sc4nc5ccccc5[nH]4)cc3)c6cn[nH]c6N2,CHEMBL3393462,IC50,8.3
7724763,O[C@@H]1CC[C@H](CC1)Nc2nc(Nc3ncc(Cc4ccccc4)s3)cc(n2)C(F)(F)c5ccc(F)cc5,CHEMBL2441283,Ki,8.3
5841959,CCNC(=O)Nc1ccc(cc1)c2nn(CC)cc2c3ccnc4[nH]c(cc34)c5ccc(CN6CCOCC6)cc5,CHEMBL1094702,IC50,8.33
7724776,CCn1cc(c2ccnc3[nH]c(cc23)c4cccc(CN5CCOCC5)c4)c(n1)c6ccc(NC(=O)N(C)C)cc6,CHEMBL1094701,IC50,8.33
5847388,NC(=O)c1cccc2c(NCc3cccc(NC(=O)c4ccc5nc[nH]c5c4)c3)ncnc12,CHEMBL3680578,IC50,8.33
5845790,NC(=O)c1cccc2c(Nc3cccc(CNC(=O)c4ccc(cc4)C(F)(F)F)c3)ncnc12,CHEMBL3680605,IC50,8.33
5848209,COc1ccccc1C(=O)Nc2cccc(CNc3ncnc4c(cccc34)C(=O)N)c2,CHEMBL3685259,IC50,8.34
7724790,CCn1cc(c2ccnc3[nH]c(cc23)c4ccc(CN5CCCC5)cc4)c(n1)c6ccc(NC(=O)N(C)C)cc6,CHEMBL1097521,IC50,8.35
7724801,COc1ccc(cc1)C2=CNC=C(C(=O)Nc3ccc4\C(=C\c5[nH]c(C)c(C(=O)O)c5C)\C(=O)Nc4c3)C2=O,CHEMBL3322592,IC50,8.35
5320073,NC(=O)c1cccc2c(NC(CCN3CCC3)c4cccc(NC(=O)c5ccc(Br)cc5)c4)ncnc12,CHEMBL3675518,IC50,8.35
5842664,Cc1cc(nn1CC(=O)Nc2cccc(CNc3ncnc4c(cccc34)C(=O)N)c2)C(F)(F)F,CHEMBL3685215,IC50,8.36
5321601,CN(C)CCC(Nc1ncnc2c(cccc12)C(=O)N)c3cccc(NC(=O)c4ccc(F)cc4F)c3,CHEMBL3675445,IC50,8.37
5846711,Cc1cccc(NC(=O)Nc2cccc(CNc3ncnc4c(cccc34)C(=O)N)c2)c1,CHEMBL3670454,IC50,8.37
5846238,CC(Nc1ncnc2c(cccc12)C(=O)N)c3cccc(NC(=O)CC(F)(F)F)c3,CHEMBL3680602,IC50,8.38
5843479,NC(=O)c1cccc(CNc2ncnc3c(cccc23)C(=O)N)c1,CHEMBL3670445,IC50,8.39
5846741,CC(C)CCn1cc(cn1)c2cc3cnc(Nc4cc(C(=O)N5CCN(C)CC5)n(C)c4)nc3n2C6CCCC6,CHEMBL2029912,IC50,8.4
4531944,CCNc1nc(C)c(s1)c2ccnc(Nc3ccc(CNC(=O)C)cc3)n2,CHEMBL1084715,Ki,8.4
5844549,CCOC(=O)c1[nH]cc2C(C3=C(CCCC3=O)Nc12)c4oc(Sc5nc6c(F)cc(F)cc6[nH]5)cc4,CHEMBL3393475,IC50,8.4
5842378,CN(C)C(=O)[C@@H]1CCCN1C(=O)c2cc(Nc3ncc4cnn(C5C[C@H]6C[C@H]6C5)c4n3)cn2C,CHEMBL2012404,IC50,8.4
3358131,CN1CCN(CC1)C(=O)C(=O)Nc2cc3c(Nc4cc(C)[nH]n4)nc(Sc5ccc(NC(=O)C6CC6)cc5)nn3c2,CHEMBL1822490,Kd,8.4
5844724,CN1CCN(CC1)C(=O)c2cc(Nc3ncc4cc(C#N)n(C5CCCC5)c4n3)cn2C,CHEMBL2029901,IC50,8.4
5845521,CN1CCN(CC1)C(=O)c2cc(Nc3ncc4cc(c5ccnn5C)n(C6CCCC6)c4n3)cn2C,CHEMBL2029913,IC50,8.4
5846763,CN1CCN(CC1)C(=O)c2cc(Nc3ncc4cc(c5cnn(C)c5)n(C6CCCC6)c4n3)cn2C,CHEMBL2029909,IC50,8.4
5846774,CN1CCN(CC1)C(=O)c2cc(Nc3ncc4cc(c5cnn(C)c5C)n(C6CCCC6)c4n3)cn2C,CHEMBL2029911,IC50,8.4
5846785,CN1CCN(CC1)C(=O)c2cc(Nc3ncc4cc(c5cnn(Cc6ccccc6)c5)n(C7CCCC7)c4n3)cn2C,CHEMBL2029914,IC50,8.4
5846796,CN1CCN(CC1)C(=O)c2cc(Nc3ncc4cc(c5ocnc5)n(C6CCCC6)c4n3)cn2C,CHEMBL2029908,IC50,8.4
5846879,C[C@@H]1CCCN1C(=O)c2cc(Nc3ncc4cnn(C5C[C@H]6C[C@H]6C5)c4n3)cn2C,CHEMBL2012406,IC50,8.4
3358201,Cc1cc(Nc2nc(Sc3ccc(NC(=O)CN4CCC[C@H]4CO)cc3)nn5cccc25)n[nH]1,CHEMBL1822495,Kd,8.4
7724844,Cc1ccc(NC(=O)NCc2cccc(NC(=O)c3cccc4onc(N)c34)c2)cc1,CHEMBL2063443,IC50,8.4
5842312,Cl.CCOC(=O)c1[nH]cc2[C@@H](C3=C(CN(CC3=O)C(=O)CN)Nc12)c4oc(Sc5nc6ccccc6[nH]5)cc4,CHEMBL3393485,IC50,8.4
5843041,Cn1cc(Nc2ncc3cnn(C4C[C@@H]5C[C@@H]5C4)c3n2)cc1C(=O)N,CHEMBL2012402,IC50,8.4
5847107,Cn1cc(Nc2ncc3cnn(C4C[C@@H]5C[C@@H]5C4)c3n2)cc1C(=O)N6CCC[C@@H]6CN7CCOCC7,CHEMBL2012415,IC50,8.4
5845217,Cn1cc(Nc2ncc3cnn(C4C[C@@H]5C[C@@H]5C4)c3n2)cc1C(=O)N6CCC[C@H]6C(=O)N,CHEMBL2012408,IC50,8.4
5846411,Cn1cc(Nc2ncc3cnn(C4C[C@@H]5C[C@@H]5C4)c3n2)cc1C(=O)N6CCC[C@H]6CN7CCOCC7,CHEMBL2012412,IC50,8.4
5846187,NC(=O)c1cc(OCCCN2CCN(CCO)CC2)cc3c(NCc4ccc(cc4)C(F)(F)F)ncnc13,CHEMBL3670505,IC50,8.4
1343273,Nc1cccc(c1)c2nc3c(NCCCNC(=O)C4CCC4)c(Br)cnc3[nH]2,CHEMBL2011940,IC50,8.4
7724868,Nc1ncnn2ccc(C(=O)Nc3cccc(CNC(=O)Nc4cccc(F)c4)c3)c12,CHEMBL2063462,IC50,8.4
5847514,NC(=O)c1cccc2c(NCc3cc(F)cc(F)c3)ncnc12,CHEMBL3670427,IC50,8.41
5319436,NC(=O)c1cccc2c(NCc3ccc4OCOc4c3)ncnc12,CHEMBL3675353,IC50,8.41
5844703,CC(=O)N1CCN(CC1)c2ccc(Nc3nccc(n3)c4sc(N)nc4C)cc2,CHEMBL1084969,Ki,8.42
5848486,NC(=O)c1cccc2c(NCc3cccc(NC(=O)c4ccccc4C(F)(F)F)c3)ncnc12,CHEMBL3685309,IC50,8.42
5845899,Cc1cc(Nc2nc(Sc3ccc(NC(=O)CN4CC[C@H](C4)C(=O)N5CCC(O)CC5)cc3)nn6cccc26)n[nH]1,CHEMBL2163391,Kd,8.43
7724886,CCn1cc(c2ccnc3[nH]c(cc23)c4ccc(CN(C)C)cc4)c(n1)c5ccc(NC(=O)N(C)C)cc5,CHEMBL1095149,IC50,8.44
5847603,COc1ccc(C(=O)Nc2cccc(CNc3ncnc4c(cccc34)C(=O)N)c2)c(OC)c1,CHEMBL3680509,IC50,8.44
5319481,COCCN(C)c1cc(ccn1)C(=O)Nc2cccc(CNc3ncnc4c(cccc34)C(=O)N)c2,CHEMBL3680411,IC50,8.46
5845812,CC(Nc1ncnc2c(cccc12)C(=O)N)c3cccc(NC(=O)c4ccc(CN5CCCC5)cc4)c3,CHEMBL3685285,IC50,8.48
5843878,NC(=O)c1cccc2c(NCc3cccc(Nc4ncccn4)c3)ncnc12,CHEMBL3685212,IC50,8.48
5843522,Cc1cc(Nc2nc(Sc3ccc(NC(=O)CN4CC[C@H](C4)NS(=O)(=O)C)cc3)nn5cccc25)n[nH]1,CHEMBL2163396,Kd,8.5
5319842,COCCC(Nc1ncnc2c(cccc12)C(=O)N)c3cccc(NC(=O)c4ccc(F)c(F)c4)c3,CHEMBL3675538,IC50,8.51
7724904,CCNC(=O)Nc1ccc(cc1)c2nn(CC)cc2c3ccnc4[nH]c(cc34)c5cccc(CN(C)C)c5,CHEMBL1095157,IC50,8.52
5842182,CCOC(=O)c1[nH]cc2C(C3=C(CNCC3=O)Nc12)c4oc(Sc5nc6c(F)cccc6[nH]5)cc4,CHEMBL3393488,IC50,8.52
5843760,CCS(=O)(=O)Nc1ccc2NC(=O)\C(=C(/Nc3ccc(CN4CCCCC4)cc3)\c5ccccc5)\c2c1,CHEMBL514409,IC50,8.52
4532027,CNc1nc(C)c(s1)c2ccnc(Nc3cc(OC)c(OC)c(OC)c3)n2,CHEMBL1083152,Ki,8.52
7724921,COc1ccc(C(=O)NC(=O)Nc2cc3NC(=O)\C(=C/c4[nH]c(C)c(C(=O)O)c4C)\c3cc2F)c(F)c1,CHEMBL3329674,IC50,8.52
7724932,COc1ccc(cc1)C(=O)NC(=O)Nc2cc3NC(=O)\C(=C/c4[nH]c(C)c(CCC(=O)O)c4C)\c3cc2F,CHEMBL3329671,IC50,8.52
5848536,COc1ccc(cc1C)C(O)\N=C/2\CC(CNc3ncnc4c(cccc34)C(=O)N)CC=C2,CHEMBL3680429,IC50,8.52
5844167,Cc1cc(Nc2nc(Sc3ccc(NC(=O)CN4CC[C@H](C4)C(=O)NC5CCCC5)cc3)nn6cccc26)n[nH]1,CHEMBL2163394,EC50,8.52
5845956,Cn1cc(Nc2ncc3cnn(C4C[C@@H]5C[C@@H]5C4)c3n2)cc1C(=O)N6CCC[C@H]6CO,CHEMBL2012409,IC50,8.52
5320194,NC(=O)c1cccc2c(NCc3cccc(NC(=O)c4ccc(F)c(F)c4)c3)ncnc12,CHEMBL3670473,IC50,8.52
7724949,Nc1noc2cccc(C(=O)Nc3cccc(CNC(=O)Nc4ccc(Cl)cc4)c3)c12,CHEMBL2063444,IC50,8.52
327281,O=C(NC1CC1)Nc2c[nH]nc2c3nc4cc(CN5CCOCC5)ccc4[nH]3,CHEMBL495727,IC50,8.52
7724962,OCCn1cc(c2ccnc3[nH]ccc23)c(n1)c4ccc(NC(=O)Nc5ccccc5)cc4,CHEMBL1099010,IC50,8.52
5843511,CN1CCN(CCO[C@@H]2CCN(CC(=O)Nc3ccc(Sc4nc(Nc5cc(C)[nH]n5)c6cccn6n4)cc3)C2)CC1,CHEMBL2163410,Kd,8.54
7724975,Cc1[nH]c(\C=C\2/C(=O)Nc3cc(NC(=O)C4=CNC=C(C4=O)c5ccc(F)cc5)ccc23)c(C)c1C(=O)N6CCOCC6,CHEMBL3322595,IC50,8.54
5845046,Cc1cc(Nc2nc(Sc3ccc(NC(=O)CN4CC[C@H](C4)C(=O)NCCN5CCOCC5)cc3)nn6cccc26)n[nH]1,CHEMBL2163392,Kd,8.54
5845651,NC(=O)c1cccc2c(NCc3cccc(NC(=O)c4cccc(Cl)n4)c3)ncnc12,CHEMBL3670487,IC50,8.54
5847612,COc1ccc(cc1)C(=O)Nc2cccc(c2)C(CCN3CCCC3)Nc4ncnc5c(cccc45)C(=O)N,CHEMBL3685288,IC50,8.55
5848876,COCCOc1cc(C(=O)N)c2ncnc(NCc3cccc(NC(=O)c4ccc(OC)cc4)c3)c2c1,CHEMBL3685244,IC50,8.57
5846442,COc1ccc(cc1)C(=O)Nc2ccc(F)c(CNc3ncnc4c(cccc34)C(=O)N)c2,CHEMBL3685265,IC50,8.57
5320946,CN(C)c1cc(ccn1)C(=O)Nc2cccc(CNc3ncnc4c(cccc34)C(=O)N)c2,CHEMBL3639693,IC50,8.59
5847118,Fc1cccc(F)c1NC(=O)Nc2c[nH]nc2c3nc4cc(CN5CCOCC5)ccc4[nH]3,CHEMBL458421,IC50,8.59
5320879,CN(C)CCC(Nc1ncnc2c(cccc12)C(=O)N)C3=CCCC(=C3)NC(=O)c4cccc(F)c4F,CHEMBL3675504,IC50,8.6
5846503,COc1ccccc1NC(=O)Nc2cccc(CNc3ncnc4c(cccc34)C(=O)N)c2,CHEMBL3670424,IC50,8.6
5843643,NC(=O)C1=C2N=CN=C(NC(CCN3CCCC3)c4cccc(NC(=O)c5ccccc5)c4)C2=CCC1,CHEMBL3680531,IC50,8.6
5846660,NC(=O)c1cccc2c(NCc3cccc(Nc4nc5ccccc5s4)c3)ncnc12,CHEMBL3680597,IC50,8.6
5319759,CC(Nc1ncnc2c(cccc12)C(=O)N)c3cccc(NC(=O)c4ccccc4)c3,CHEMBL3680388,IC50,8.62
5321628,CN(C)C[C@@H](Nc1ncnc2c(cccc12)C(=O)N)c3ccccc3,CHEMBL3675442,IC50,8.62
5847758,NC(=O)c1cccc2c(NCc3cccc(NC(=O)c4ccc(cc4)C#N)c3)ncnc12,CHEMBL3685261,IC50,8.62
5847914,COc1cc(ccn1)C(=O)NC2=CCCC(=C2)C(C)Nc3ncnc4c(cccc34)C(=O)N,CHEMBL3680436,IC50,8.64
7725003,COc1ccc(C(=O)NC(=O)Nc2ccc3\C(=C\c4[nH]c(C)c(C(=O)O)c4C)\C(=O)Nc3c2)c(F)c1,CHEMBL3329672,IC50,8.64
5319806,COc1ccc(C(=O)NC2=CC(=CCC2)C(CCN(C)C)Nc3ncnc4c(cccc34)C(=O)N)c(F)c1,CHEMBL3680391,IC50,8.64
5848017,Cc1cc([nH]n1)C(=O)Nc2cccc(CNc3ncnc4c(cccc34)C(=O)N)c2,CHEMBL3685240,IC50,8.64
7725016,Cc1ccc2[nH]c(nc2c1)c3n[nH]cc3Nc4cc(Cl)nc(n4)S(=O)(=O)C,CHEMBL2392112,IC50,8.64
5847174,NC(=O)c1cccc2c(NCc3cccc(NC(=O)c4ccc(N5CCOCC5)c(c4)C(F)(F)F)c3)ncnc12,CHEMBL3680582,IC50,8.64
5847459,NC(=O)c1cccc2c(NCc3cccc(NC(=O)c4ccnc(c4)N5CCCCC5)c3)ncnc12,CHEMBL3680464,IC50,8.64
3065722,[O-][N+](=O)c1ccccc1c2n[nH]cc2\C=C\3/C(=O)Nc4ccccc34,CHEMBL2347053,IC50,8.64
5319732,CN(C)CCC(Nc1ncnc2c(cccc12)C(=O)N)c3cccc(NC(=O)c4ccc(OC(F)(F)F)cc4)c3,CHEMBL3680395,IC50,8.66
5841475,CS(=O)(=O)c1nc(Cl)cc(Nc2c[nH]nc2c3nc4cc(CN5CCOCC5)ccc4[nH]3)n1,CHEMBL2392111,IC50,8.66
5848326,Cc1cc(ccc1N2CCOCC2)C(=O)Nc3cccc(CNc4ncnc5c(cccc45)C(=O)N)c3,CHEMBL3680557,IC50,8.66
5844488,NC(=O)c1cccc2c(NCc3cccc(NC(=O)N4CCCCC4)c3)ncnc12,CHEMBL3670465,IC50,8.66
5848008,CCOc1cc(ccn1)C(=O)Nc2cccc(c2)C(C)Nc3ncnc4c(cccc34)C(=O)N,CHEMBL3680480,IC50,8.68
7725037,CCn1cc(c2ccnc3[nH]c(cc23)c4cccc(CN5CCCC5)c4)c(n1)c6ccc(NC(=O)N(C)C)cc6,CHEMBL1095788,IC50,8.68
5846512,NC(=O)c1cccc2c(NCc3cccc(NC(=O)Cc4ccccc4)c3)ncnc12,CHEMBL3670472,IC50,8.68
5319824,NC(=O)c1cccc2c(NCc3cccc(NC(=O)c4ccnc(c4)N5CCCC5)c3)ncnc12,CHEMBL3680392,IC50,8.68
5845800,CC(=O)N[C@@H]1CCN(C1)c2c(Cl)cnc3[nH]c(nc23)c4cn(C)nc4C,CHEMBL3087777,IC50,8.7
7725053,CCCN(CCO)CCCOc1cc2ncnc(Nc3cc(CC(=O)Nc4cccc(F)c4)[nH]n3)c2cc1OC,CHEMBL217804,IC50,8.7
5843728,CCOC(=O)c1[nH]cc2C(C3=C(CCCC3=O)Nc12)c4cc(Sc5nc6ccccc6[nH]5)cs4,CHEMBL3393065,IC50,8.7
5848648,CCOC(=O)c1cnc(Nc2cccc(CNc3ncnc4c(cccc34)C(=O)N)c2)s1,CHEMBL3680544,IC50,8.7
7725067,CCn1cc(c2ccnc3[nH]ccc23)c(n1)c4ccc(NC(=O)Nc5ccccc5)cc4,CHEMBL1089116,IC50,8.7
5846816,COC(=O)c1[nH]cc2C(C3=C(CCCC3=O)Nc12)c4oc(Sc5nc6ccccc6[nH]5)cc4,CHEMBL3393470,IC50,8.7
5845544,COCCO[C@H]1CN(CC(=O)Nc2ccc(Sc3nc(Nc4cc(C)[nH]n4)c5cccn5n3)cc2)C[C@@H]1O,CHEMBL1822651,Kd,8.7
4531812,COc1cc(Nc2nccc(n2)c3sc(C)nc3C)cc(OC)c1OC,CHEMBL1083151,Ki,8.7
5846828,COc1cc2c(Nc3cc(CC(=O)Nc4cccc(F)c4)[nH]n3)ncnc2cc1OCCCN5CCC(CO)CC5,CHEMBL216769,IC50,8.7
5844815,COc1ccccc1C(=O)Nc2ccc(Nc3ccnc4NC(=O)c5ccccc5c34)cc2,CHEMBL2380839,IC50,8.7
5846890,Cc1[nH]nc2c1CCCc3c2[nH]c4cc5c(NC(=O)C5(C)C)cc34,CHEMBL469205,IC50,8.7
5846354,Cc1ccc(cc1)C(=O)Nc2ccc(Nc3ccnc4NC(=O)c5ccccc5c34)cc2,CHEMBL2380826,IC50,8.7
5843199,Cl.CCOC(=O)c1[nH]cc2[C@@H](C3=C(CN(CC3=O)C(=O)CN)Nc12)c4oc(Sc5nc6c(F)cccc6[nH]5)cc4,CHEMBL3393486,IC50,8.7
5844389,Fc1ccccc1C(=O)Nc2ccc(Nc3ccnc4NC(=O)c5ccccc5c34)cc2,CHEMBL2380823,IC50,8.7
5847671,NC(=O)c1cccc2c(NCc3cccc(NC(=O)c4cccc(OC(F)(F)F)c4)c3)ncnc12,CHEMBL3685258,IC50,8.7
5847096,NC(=O)c1cccc2c(NCc3cccc(NC(=O)c4ccccc4F)c3)ncnc12,CHEMBL3685280,IC50,8.7
6987418,Nc1ncc(c2cnn(CCCN3CC[C@@H](O)C3)c2)c4scc(c5ccc(NC(=O)Nc6cccc(F)c6)cc5)c14,CHEMBL2022857,IC50,8.7
5846431,O.Cl.CCOC(=O)c1[nH]cc2C(C3=C(CNCC3=O)Nc12)c4oc(Sc5nc6ccccc6[nH]5)cc4,CHEMBL3393472,IC50,8.7
7725102,OCCCn1cc(c2ccnc3[nH]ccc23)c(n1)c4ccc(NC(=O)Nc5ccccc5)cc4,CHEMBL1097454,IC50,8.7
7725112,CC(C)N1CCC(CC1)C(=O)Nc2cccc(CNC3=NC=NC4C(=CCC=C34)C(=O)N)c2,CHEMBL3685222,IC50,8.72
5848572,CN(C)CCC(Nc1ncnc2c(cccc12)C(=O)N)c3cccc(NC(=O)c4ccccc4)c3,CHEMBL3685255,IC50,8.72
7725123,COc1ccc(cc1)C(=O)NC(=O)Nc2ccc3\C(=C\c4[nH]c(C)c(C(=O)O)c4C)\C(=O)Nc3c2,CHEMBL3329664,IC50,8.72
5321774,COc1ccc(cc1F)C(=O)Nc2cccc(c2)C(CN(C)C)NC3=NC=NC4=C(CCC=C34)C(=O)N,CHEMBL3675431,IC50,8.72
5844007,Cc1cc(Nc2nc(Sc3ccc(NC(=O)CN4CC[C@@H](C4)C(=O)N5CCCC5)cc3)nn6cccc26)n[nH]1,CHEMBL2163402,Kd,8.72
5848708,CCOc1ccc(cc1)C(=O)Nc2cccc(CNc3ncnc4c(cccc34)C(=O)N)c2,CHEMBL3685247,IC50,8.75
7725138,COc1ccc(cc1)C(=O)NC(=O)Nc2ccc3\C(=C\c4[nH]c(C)c(CC(=O)O)c4C)\C(=O)Nc3c2,CHEMBL3329668,IC50,8.75
5320055,COc1ccc(cc1)C(=O)Nc2cccc(c2)C(CCN(C)CC=C)Nc3ncnc4c(cccc34)C(=O)N,CHEMBL3675516,IC50,8.75
5848745,COc1ccc(cc1C(F)(F)F)C(=O)Nc2cccc(CNc3ncnc4c(cccc34)C(=O)N)c2,CHEMBL3680532,IC50,8.75
5848468,NC(=O)c1cccc2c(NCc3ccc(F)c(NC(=O)c4ccc(OC(F)(F)F)cc4)c3)ncnc12,CHEMBL3685287,IC50,8.75
7725152,CCNC(=O)Nc1ccc(cc1)c2nn(CC)cc2c3ccnc4[nH]c(cc34)c5ccc(CN(C)C)cc5,CHEMBL1094838,IC50,8.77
5848449,CN(C)c1cccc(c1)C(=O)Nc2cccc(CNC3=NC=NC4=C(CCC=C34)C(=O)N)c2,CHEMBL3685242,IC50,8.77
5321914,COc1cc(C(=O)N)c2ncnc(NCc3cccc(NC(=O)c4ccc(F)cc4)c3)c2c1,CHEMBL3670476,IC50,8.77
5321545,CN(C)CCC(Nc1ncnc2c(cccc12)C(=O)N)c3cccc(NC(=O)c4ccc(cc4)C(F)(F)F)c3,CHEMBL3675449,IC50,8.8
5845308,NC(=O)c1cc(OCCCNCCO)cc2c(NCc3ccc(cc3)C(F)(F)F)ncnc12,CHEMBL3675325,IC50,8.8
5846421,NC(=O)c1cccc2c(NCc3cccc(NC(=O)C4CCCNC4)c3)ncnc12,CHEMBL3685254,IC50,8.8
5844479,NC(=O)c1cccc2c(NCc3cccc(NC(=O)Cc4ccc(Cl)cc4)c3)ncnc12,CHEMBL3670478,IC50,8.8
5844399,NC(=O)c1cccc2c(NCc3cccc(NC(=O)c4cnn5CCNCc45)c3)ncnc12,CHEMBL3685210,IC50,8.8
7725170,CCNC(=O)Nc1ccc(cc1)c2nn(CC)cc2c3ccnc4[nH]c(cc34)c5ccc(CN6CCCC6)cc5,CHEMBL1097191,IC50,8.82
5638871,COc1ccc(C(=O)NC(=O)Nc2cc3NC(=O)\C(=C/c4[nH]c(C)c(CCC(=O)O)c4C)\c3cc2F)c(F)c1,CHEMBL3329675,IC50,8.82
7725183,COc1ccc(cc1)C(=O)NC(=O)Nc2cc3NC(=O)\C(=C/c4[nH]c(C)c(C(=O)O)c4C)\c3cc2F,CHEMBL3329670,IC50,8.82
5847006,COc1ccc(cc1)C(=O)Nc2cccc(c2)C(CCN3CCCCC3)Nc4ncnc5c(cccc45)C(=O)N,CHEMBL3685294,IC50,8.82
5847156,CS(=O)(=O)c1ccc(cc1)C(=O)Nc2cccc(CNc3ncnc4c(cccc34)C(=O)N)c2,CHEMBL3680481,IC50,8.82
5844736,NC(=O)c1cccc2c(NC(CCN3CCCCC3)c4cccc(NC(O)c5ccccc5)c4)ncnc12,CHEMBL3685286,IC50,8.82
5843209,NC(=O)c1cccc2c(NC(CCN3CCCCC3)c4cccc(Nc5ccccn5)c4)ncnc12,CHEMBL3685214,IC50,8.82
7725197,NC(=O)c1cccc2c(NCc3cccc(F)c3)ncnc12,CHEMBL3675337,IC50,8.82
5847087,NC(=O)c1cccc2c(NCc3cccc(NC(=O)Nc4ccccc4)c3)ncnc12,CHEMBL3675371,IC50,8.82
5321141,CCC(Nc1ncnc2c(cccc12)C(=O)N)c3cccc(NC(=O)c4ccc(nc4)C(F)(F)F)c3,CHEMBL3675487,IC50,8.85
7725209,CCNC(=O)Nc1ccc(cc1)c2nn(CC)cc2c3ccnc4[nH]c(cc34)c5cccc(CN6CCCC6)c5,CHEMBL1095475,IC50,8.85
5322145,CN(C)CC(Nc1ncnc2c(cccc12)C(=O)N)c3cccc(NC(=O)c4ccnc(c4)N5CCCC5)c3,CHEMBL3675406,IC50,8.85
5319815,NC(=O)C1=C2N=CN=C(NC(CCN3CCCC3)c4cccc(NC(=O)c5ccc(Br)cc5)c4)C2=CCC1,CHEMBL3680390,IC50,8.85
5322208,NC[C@@H](Nc1ncnc2c(cccc12)C(=O)N)c3ccccc3,CHEMBL3670464,IC50,8.85
5321363,CC(Nc1ncnc2c(cccc12)C(=O)N)c3cccc(NC(=O)c4cc(n[nH]4)C(C)(C)C)c3,CHEMBL3675465,IC50,8.89
5321206,COCCC(Nc1ncnc2c(cccc12)C(=O)N)c3cccc(NC(=O)c4ccc(cc4)C(F)(F)F)c3,CHEMBL3675480,IC50,8.89
5639538,COc1ccc(C(=O)NC(=O)Nc2ccc3\C(=C\c4[nH]c(C)c(CCC(=O)O)c4C)\C(=O)Nc3c2)c(F)c1,CHEMBL3329673,IC50,8.89
5321060,CC(Nc1ncnc2c(cccc12)C(=O)N)c3cccc(NC(=O)c4ccc(Cl)c(F)c4)c3,CHEMBL3675491,IC50,8.92
5641904,COc1ccc(NC(=O)Nc2ccc3\C(=C\c4[nH]cc(C(=O)O)c4C)\C(=O)Nc3c2)cc1,CHEMBL1173411,IC50,8.92
5641041,COc1ccc(cc1)C(=O)NC(=O)Nc2ccc3\C(=C\c4[nH]c(C)c(CCC(=O)O)c4C)\C(=O)Nc3c2,CHEMBL3329669,IC50,8.92
5848795,Cc1ccccc1C(=O)Nc2cccc(CNc3ncnc4c(cccc34)C(=O)N)c2,CHEMBL3685241,IC50,8.92
5848171,NC(=O)c1cccc2c(NCc3cccc(NC(=O)c4ccc(SC(F)(F)F)cc4)c3)ncnc12,CHEMBL3670474,IC50,8.92
5321105,NC(=O)c1cccc2c(NCc3cccc(NC(=O)c4ccc5OCOc5c4)c3)ncnc12,CHEMBL3670471,IC50,8.92
5848545,NC(=O)c1cccc2c(NCc3cccc(NC(=O)c4cn[nH]c4N)c3)ncnc12,CHEMBL3680549,IC50,8.92
5848045,CN(C)CCC(Nc1ncnc2c(cccc12)C(=O)N)c3cccc(NC(O)c4cc(n[nH]4)C5CC5)c3,CHEMBL3680470,IC50,8.96
5848667,NC(=O)c1cccc2c(NCc3cccc(NC(=O)C4CCCCC4)c3)ncnc12,CHEMBL3685248,IC50,8.96
5321509,NC(=O)c1cccc2c(NCc3cccc(NC(=O)c4cncc(c4)N5CCCC5)c3)ncnc12,CHEMBL3675453,IC50,8.96
7725240,CCN(CCO)CCCOc1cc2ncnc(Nc3cc(CC(=O)Nc4cccc(F)c4)[nH]n3)c2cc1OC,CHEMBL215275,IC50,9.0
3358155,CCOC(=O)c1[nH]cc2[C@@H](C3=C(CCCC3=O)Nc12)c4cccc(Oc5nc6ccccc6[nH]5)c4,CHEMBL3393498,IC50,9.0
5846138,COCCN(C)CCCOc1cc(C(=O)N)c2ncnc(NCc3ccc(cc3)C(F)(F)F)c2c1,CHEMBL3670504,IC50,9.0
7725254,COc1cc2c(Nc3cc(CC(=O)Nc4cccc(F)c4)[nH]n3)ncnc2cc1OCCCN5CCC[C@@H]5CO,CHEMBL424899,Ki,9.0
7725265,COc1cc2c(Nc3cc(CC(=O)Nc4cccc(F)c4)[nH]n3)ncnc2cc1OCCCNCCO,CHEMBL386253,Ki,9.0
7725276,COc1cc2c(Nc3cc(CC(=O)Nc4cccc(F)c4F)[nH]n3)ncnc2cc1OCCCN5CCC[C@@H]5CO,CHEMBL385049,Ki,9.0
5846321,COc1cc2c(Nc3cnc(NC(=O)c4ccccc4)nc3)ncnc2cc1OCCCN5CCOCC5,CHEMBL381724,IC50,9.0
5847542,COc1ccc(cc1)C(=O)Nc2cccc(c2)C(CCN(C)C)Nc3ncnc4c(cccc34)C(=O)N,CHEMBL3680476,IC50,9.0
5846332,COc1cccc(F)c1C(=O)Nc2ccc(Nc3ccnc4NC(=O)c5ccccc5c34)cc2,CHEMBL2380838,IC50,9.0
3994395,C[C@@H](O)Cn1cc(cn1)c2cnc(N)c3c(csc23)c4ccc(NC(=O)Nc5cccc(F)c5)cc4,CHEMBL2022856,IC50,9.0
5845608,Cc1cc(Nc2nc(Sc3ccc(NC(=O)CN4C[C@H](O)[C@@H](F)C4)cc3)nn5cccc25)n[nH]1,CHEMBL1822648,Kd,9.0
7725296,Cc1ccc(NC(=O)NCc2cccc(NC(=O)c3ccn4ncnc(N)c34)c2)cc1,CHEMBL2063461,IC50,9.0
5845978,FC(F)(F)c1ccccc1C(=O)Nc2ccc(Nc3ccnc4NC(=O)c5ccccc5c34)cc2,CHEMBL2380824,IC50,9.0
5844872,Fc1c(cccc1C(F)(F)F)C(=O)Nc2ccc(Nc3ccnc4NC(=O)c5ccccc5c34)cc2,CHEMBL2380835,IC50,9.0
5846937,Fc1ccc(C(=O)Nc2ccc(Nc3ccnc4NC(=O)c5ccccc5c34)cc2)c(F)c1,CHEMBL2380830,IC50,9.0
5845989,Fc1ccc(cc1)C(=O)Nc2ccc(Nc3ccnc4NC(=O)c5ccccc5c34)cc2,CHEMBL2380827,IC50,9.0
5844905,Fc1cccc(c1)C(=O)Nc2ccc(Nc3ccnc4NC(=O)c5ccccc5c34)cc2,CHEMBL2380825,IC50,9.0
5848339,NC(=O)c1cccc2c(NCc3cccc(NC(=O)c4ccc(cc4)c5ncc[nH]5)c3)ncnc12,CHEMBL3680556,IC50,9.0
5848554,NC(=O)c1cccc2c(NCc3cccc(Nc4nccs4)c3)ncnc12,CHEMBL3680548,IC50,9.0
5846000,O=C(Nc1ccc(Nc2ccnc3NC(=O)c4ccccc4c23)cc1)c5ccccc5,CHEMBL2380845,IC50,9.0
7725321,OCC(O)Cn1cc(c2ccnc3[nH]ccc23)c(n1)c4ccc(NC(=O)Nc5ccccc5)cc4,CHEMBL1097106,IC50,9.0
5847839,COc1ccc(cc1)C(=O)Nc2cccc(CNc3ncnc4c(cc(CO)cc34)C(=O)N)c2,CHEMBL3680567,IC50,9.02
5847056,CC(Nc1ncnc2c(cccc12)C(=O)N)c3cccc(NC(=O)c4cc(C)oc4C(F)(F)F)c3,CHEMBL3680474,IC50,9.03
5320185,CN(C)c1ccc(cn1)C(=O)Nc2cccc(CNc3ncnc4c(cccc34)C(=O)N)c2,CHEMBL3670497,IC50,9.03
5848075,COCCC(Nc1ncnc2c(cccc12)C(=O)N)c3cccc(NC(=O)c4ccc(OC)cc4)c3,CHEMBL3680499,IC50,9.03
5848699,NC(=O)c1cccc2c(NCc3cccc(Nc4ccccn4)c3)ncnc12,CHEMBL3680542,IC50,9.03
5320019,CC(Nc1ncnc2c(cccc12)C(=O)N)c3cccc(NC(=O)c4ccc5OCCOc5c4)c3,CHEMBL3675520,IC50,9.05
7725338,Nc1ncnn2ccc(C(=O)Nc3cccc(CNC(=O)Nc4ccc(Cl)cc4)c3)c12,CHEMBL2063459,IC50,9.05
5848298,NC(=O)c1cccc2c(NCc3cccc(NC(=O)c4c(F)cccc4F)c3)ncnc12,CHEMBL3685266,IC50,9.06
5846869,C[C@@H](Nc1ncnc2c(cccc12)C(=O)N)c3ccccc3,CHEMBL3675380,IC50,9.09
5848084,NC(=O)c1cccc2c(NC(CCN3CCCCC3)c4cccc(NC(=O)c5ccc(Br)cc5)c4)ncnc12,CHEMBL3680507,IC50,9.09
5848143,NC(=O)c1cccc2c(NCc3cccc(NC(=O)c4ccc(nc4)N5CCCCC5)c3)ncnc12,CHEMBL3685293,IC50,9.09
5848242,COc1ccc(cc1)C(=O)Nc2cc(CNc3ncnc4c(cccc34)C(=O)N)ccc2C,CHEMBL3685267,IC50,9.1
5844894,Fc1ccc(cc1F)C(=O)Nc2ccc(Nc3ccnc4NC(=O)c5ccccc5c34)cc2,CHEMBL2380832,IC50,9.1
5847895,NC(=O)c1cccc2c(NCc3cccc(NC(=O)c4cccc(Br)c4)c3)ncnc12,CHEMBL3685251,IC50,9.1
5847397,NC(=O)c1cccc2c(NCc3cccc(Nc4ccc(CC#N)cn4)c3)ncnc12,CHEMBL3680577,IC50,9.12
5848504,NCc1cnc(Nc2cccc(CNc3ncnc4c(cccc34)C(=O)N)c2)s1,CHEMBL3680551,IC50,9.13
5845014,CN(C)c1cccc(n1)C(=O)Nc2cccc(CNc3ncnc4c(cccc34)C(=O)N)c2,CHEMBL3670498,IC50,9.14
5847533,NC(=O)c1cccc2c(NCc3cccc(NC(=O)c4ccc(CO)cc4)c3)ncnc12,CHEMBL3680571,IC50,9.14
5321224,NC(=O)c1cccc2c(NCc3cccc(NC(=O)c4ccc(Br)cc4)c3)ncnc12,CHEMBL3670468,IC50,9.15
5844883,Fc1cc(F)cc(c1)C(=O)Nc2ccc(Nc3ccnc4NC(=O)c5ccccc5c34)cc2,CHEMBL2380833,IC50,9.16
5320825,NC(=O)c1cccc2c(NCc3ccc(F)c(NC(=O)c4ccc(Br)cc4)c3)ncnc12,CHEMBL3675506,IC50,9.16
5848600,NC(=O)C1=C2N=CN=C(NCc3cccc(NC(=O)c4ccc(cc4)C(F)(F)F)c3)C2=CCC1,CHEMBL3685308,IC50,9.17
5321354,CC(Nc1ncnc2c(cccc12)C(=O)N)c3cccc(NC(=O)C4=CCC(Br)C=C4)c3,CHEMBL3675466,IC50,9.18
5846247,CC(Nc1ncnc2c(cccc12)C(=O)N)c3cccc(NC(=O)c4ccc(CN(C)C)cc4)c3,CHEMBL3685268,IC50,9.21
5848736,COc1ccc(cc1)C(=O)Nc2cccc(CNc3ncnc4c(cc(O)cc34)C(=O)N)c2,CHEMBL3685307,IC50,9.22
5845641,Fc1cccc(F)c1C(=O)Nc2ccc(Nc3ccnc4NC(=O)c5ccccc5c34)cc2,CHEMBL2380831,IC50,9.22
5846680,NC(=O)c1cccc2c(NCc3ccc(F)cc3F)ncnc12,CHEMBL3639742,IC50,9.23
5319391,CCn1nc(cc1C(=O)Nc2cccc(c2)C(C)Nc3ncnc4c(cccc34)C(=O)N)C(F)(F)F,CHEMBL3680421,IC50,9.24
5848391,COc1ccc(cc1F)C(=O)Nc2cccc(c2)C(C)Nc3ncnc4c(cccc34)C(=O)N,CHEMBL3680446,IC50,9.24
5847981,NC(=O)c1cccc2c(NCC3CC(=CC=C3)NC=O)ncnc12,CHEMBL3680467,IC50,9.24
5846530,CCC(Nc1ncnc2c(cccc12)C(=O)N)c3cccc(NC(=O)C4CC4(F)F)c3,CHEMBL3680599,IC50,9.27
5320995,CN(C)c1ccc(cc1)C(=O)Nc2cccc(CNc3ncnc4c(cccc34)C(=O)N)c2,CHEMBL3670470,IC50,9.28
5848844,NC(=O)c1cccc2c(NCc3cccc(NC(=O)c4ccc(Cl)c(c4)C(F)(F)F)c3)ncnc12,CHEMBL3685272,IC50,9.28
5848477,NC(=O)c1cccc2c(NCc3cccc(NC(=O)c4cc(n[nH]4)C(F)(F)F)c3)ncnc12,CHEMBL3680455,IC50,9.29
5847745,CC(=O)Nc1ccc(cc1)C(=O)Nc2cccc(CNc3ncnc4c(cccc34)C(=O)N)c2,CHEMBL3685249,IC50,9.3
5846997,CCC(Nc1ncnc2c(cccc12)C(=O)N)c3cccc(NC(=O)C4CC(F)(F)C4)c3,CHEMBL3680588,IC50,9.3
5847651,COc1ccc(cc1F)C(=O)Nc2cccc(CNc3ccnc4c(cccc34)C(=O)N)c2,CHEMBL3680522,IC50,9.3
5494607,Cc1cnc(Nc2cc(Cc3ccccc3)nc(N[C@@H]4CC[C@@H](O)CC4)n2)s1,CHEMBL2441267,Ki,9.3
5847038,Cc1onc(n1)c2cccc(c2)C(=O)Nc3cccc(CNc4ncnc5c(cccc45)C(=O)N)c3,CHEMBL3680587,IC50,9.3
5846948,Fc1cccc(C(=O)Nc2ccc(Nc3ccnc4NC(=O)c5ccccc5c34)cc2)c1F,CHEMBL2380829,IC50,9.3
5320176,NC(=O)c1cccc2c(NCc3cccc(NC(=O)C4=CC(F)C(Cl)C=C4)c3)ncnc12,CHEMBL3675510,IC50,9.33
5321004,NC(=O)c1cccc2c(NCc3cccc(NC(=O)c4ccc(Cl)nc4)c3)ncnc12,CHEMBL3670485,IC50,9.34
5319445,NC(=O)c1cccc2c(NCc3cccc(NC(=O)c4ccc5OCCc5c4)c3)ncnc12,CHEMBL3680417,IC50,9.34
5321673,CC(Nc1ncnc2c(cccc12)C(=O)N)c3cccc(NC(=O)c4ccc5OCOc5c4)c3,CHEMBL3675438,IC50,9.37
5848717,COc1ccc(cc1F)C(=O)Nc2cccc(c2)[C@@H](C)Nc3ncnc4c(cccc34)C(=O)N,CHEMBL3680460,IC50,9.39
5321051,CC(Nc1ncnc2c(cccc12)C(=O)N)c3cccc(NC(=O)C4=CCC(Cl)N=C4)c3,CHEMBL3675493,IC50,9.4
5321619,CC(Nc1ncnc2c(cccc12)C(=O)N)c3cccc(NC(=O)c4ccc(F)c(O)c4)c3,CHEMBL3675444,IC50,9.4
1717034,COc1ccc(C(=O)NC(=O)Nc2ccc3\C(=C\c4[nH]c(C)c(C(=O)NCCN5CCCC5)c4C)\C(=O)Nc3c2)c(F)c1,CHEMBL3329684,IC50,9.4
334874,Fc1ccc(C(=O)Nc2ccc(Nc3ccnc4NC(=O)c5ccccc5c34)cc2)c(c1)C(F)(F)F,CHEMBL2380834,IC50,9.4
5847505,Cc1ccnc(Nc2cccc(CNc3ncnc4c(cccc34)C(=O)N)c2)c1,CHEMBL3680572,IC50,9.41
5848515,COCC[C@@H](Nc1ncnc2c(cccc12)C(=O)N)c3cccc(NC(=O)c4ccc(OC)cc4)c3,CHEMBL3680550,IC50,9.42
5848785,NC(=O)c1cccc2c(NCc3cccc(NC(=O)c4ccc(nc4)C(F)(F)F)c3)ncnc12,CHEMBL3685250,IC50,9.42
5848638,NC(=O)c1cccc2c(NCc3cccc(NC(=O)c4cccc(Cl)c4)c3)ncnc12,CHEMBL3685252,IC50,9.42
3358001,CCN(CCCOc1ccc2c(Nc3cc(CC(=O)Nc4cccc(F)c4)[nH]n3)ncnc2c1)CCOP(=O)(O)O,CHEMBL415049,Ki,9.43
5321446,CN(C)CCC(Nc1ncnc2c(cccc12)C(=O)N)c3cccc(NC(=O)c4ccc(Br)cc4)c3,CHEMBL3675459,IC50,9.46
5319851,COc1ccc(cc1)C(=O)Nc2cccc(CNc3ncnc4c(cccc34)C(=O)N)c2,CHEMBL3670467,IC50,9.46
5321581,NC(=O)c1cccc2c(NCc3cccc(NC(=O)c4ccc(Cl)cc4Cl)c3)ncnc12,CHEMBL3675446,IC50,9.46
5848726,CC(C)c1cc([nH]n1)C(=O)Nc2cccc(CNc3ncnc4c(cccc34)C(=O)N)c2,CHEMBL3685237,IC50,9.48
5320937,CC(Nc1ncnc2c(cccc12)C(=O)N)c3cccc(NC(=O)c4ccc(C)nc4)c3,CHEMBL3675501,IC50,9.5
5848289,COc1ccc(cc1OC)C(=O)Nc2cccc(CNc3ncnc4c(cccc34)C(=O)N)c2,CHEMBL3685257,IC50,9.51
5848412,NC(=O)c1cccc2c(NCc3cccc(NC(=O)c4[nH]nc5CCCCc45)c3)ncnc12,CHEMBL3680554,IC50,9.52
5319620,NC(=O)c1cccc2c(NCc3cccc(NC(=O)c4ccc(Cl)c(Cl)c4)c3)ncnc12,CHEMBL3680403,IC50,9.52
5319382,CC(C)c1cc([nH]n1)C(=O)Nc2cccc(c2)C(C)Nc3ncnc4c(cccc34)C(=O)N,CHEMBL3680420,IC50,9.57
5847690,CNc1ccc(cn1)C(=O)Nc2cccc(CNc3ncnc4c(cccc34)C(=O)N)c2,CHEMBL3680500,IC50,9.59
5321637,NC(=O)c1cccc2c(NCc3cccc(NC(=O)c4ccc(F)cc4F)c3)ncnc12,CHEMBL3675441,IC50,9.6
5319694,NC(=O)c1cc(O)cc2c(NCc3ccc(cc3)C(F)(F)F)ncnc12,CHEMBL3670499,IC50,9.62
5848775,COc1cc(F)c(C(=O)Nc2cccc(CNc3ncnc4c(cccc34)C(=O)N)c2)c(F)c1,CHEMBL3685306,IC50,9.66
5848765,NC(=O)c1cccc2c(NCc3cccc(NC(=O)c4ccc(cc4F)C(F)(F)F)c3)ncnc12,CHEMBL3685245,IC50,9.68
5848885,NC(=O)c1cccc2c(NCc3cccc(NC(=O)c4ccc5OC(F)(F)Oc5c4)c3)ncnc12,CHEMBL3639841,IC50,9.7
5848853,NC(=O)c1cccc2c(NCc3cccc(NC(=O)c4ccc(Cl)cc4)c3)ncnc12,CHEMBL3685262,IC50,9.75
5846651,NC(=O)c1cccc2c(NCc3cccc(Nc4cc(CC#N)ccn4)c3)ncnc12,CHEMBL3680596,IC50,9.75
5320010,NC(=O)c1cccc2c(NCc3cccc(NC(O)c4cc(ccc4F)C(F)(F)F)c3)ncnc12,CHEMBL3675525,IC50,9.77
5848430,NC(=O)c1cccc2c(NCc3cccc(NC(=O)c4cc(n[nH]4)C5CC5)c3)ncnc12,CHEMBL3685277,IC50,10.05
5848620,Cc1cccc(c1)C(=O)Nc2cccc(CNc3ncnc4c(cccc34)C(=O)N)c2,CHEMBL3685243,IC50,10.21
5848495,NC(=O)c1cccc2c(NCc3cccc(Nc4cc(ccn4)C#N)c3)ncnc12,CHEMBL3680552,IC50,10.22
5848191,CCN(CC)c1ccc(cc1)C(=O)Nc2cccc(c2)C(C)Nc3ncnc4c(cccc34)C(=O)N,CHEMBL3680447,IC50,10.34
5847849,NC(=O)c1cccc2c(NCc3ccc(NC(=O)c4cc(n[nH]4)C(F)(F)F)cc3)ncnc12,CHEMBL3680508,IC50,10.35
5847727,COc1ccc(cn1)C(=O)Nc2cccc(CNc3ncnc4c(cccc34)C(=O)N)c2,CHEMBL3680444,IC50,10.38
