id,smiles,name,assay_type,activity_value
1607213,CC(C)(Nc1cccc(O)c1)C(=O)Nc2nc3ccc4[nH]ncc4c3s2,CHEMBL3718495,IC50,7.54
1423220,CNc1nccc(n1)c2cccnc2Oc3c(C)cc(Nc4nc5ccccc5[nH]4)c6ccccc36,CHEMBL458023,IC50,7.54
5841464,COc1ccc(cc1)N2N=C(Nc3cc(C)[nH]n3)c4ccccc4C2=O,CHEMBL1651469,IC50,7.54
5841475,CS(=O)(=O)c1nc(Cl)cc(Nc2c[nH]nc2c3nc4cc(CN5CCOCC5)ccc4[nH]3)n1,CHEMBL2392111,IC50,7.54
5841486,Cc1nn(C)cc1c2nc3c(Oc4ccc(cc4)C(=O)Nc5ccccc5)c(Cl)cnc3[nH]2,CHEMBL3087784,IC50,7.54
5841498,Cc1onc(CN2CCN(CC2)c3c(Cl)cnc4[nH]c(nc34)c5ccc(OCCO)cc5)c1,CHEMBL1085387,IC50,7.54
5841508,NC(=O)c1cccc2c(NC(CCN3CCCC3)c4cccc(Nc5ccccn5)c4)ncnc12,CHEMBL3685221,IC50,7.54
5841517,NC(=O)c1cccc2c(NCCNCc3ccccc3)ncnc12,CHEMBL3670466,IC50,7.54
5319575,NC(=O)c1cccc2c(NCc3cccc(NC(=O)c4ccnc(Cl)c4)c3)ncnc12,CHEMBL3670493,IC50,7.54
5841527,NC(=O)c1cccc2c(NCc3cccc(c3)N4C(=O)Nc5ccccc5C4=O)ncnc12,CHEMBL3685220,IC50,7.54
5841537,OC(=O)CCc1c(\C=C\2/C(=O)Nc3ccc(cc23)S(=O)(=O)N4CCOCC4)[nH]c5CCCC(=O)c15,CHEMBL1215145,IC50,7.54
5841548,C(Cc1ccc(Nc2nc3ccccc3[nH]2)cc1)Nc4ncnc5ccsc45,CHEMBL1078906,IC50,7.55
5841559,CN(C)CCNC(=O)c1ccc(Nc2nccc(Nc3ccccc3Cl)n2)cc1,CHEMBL2170591,IC50,7.55
5841570,CN1CCN(CC1)C(=O)c2cc(Nc3ncc4cc(C(=O)N)n(C5CCCC5)c4n3)cn2C,CHEMBL2029903,IC50,7.55
5841581,Cc1cc(Nc2cc(C)c(C#N)c(SCCCCCCN)n2)n[nH]1,CHEMBL1777842,Ki,7.55
5841592,Clc1ccc2[nH]c(Nc3ccc(CCNc4ncnc5ccsc45)cc3)nc2c1,CHEMBL1078060,IC50,7.55
5841603,OC(=O)c1ccc(Nc2nccc(Nc3ccccc3OC(F)(F)F)n2)cc1,CHEMBL2170430,IC50,7.55
5841614,Oc1ccc(Nc2ncc(F)c(Nc3ccc(cc3)C(=O)Nc4ccccc4O)n2)cc1,CHEMBL522598,IC50,7.55
5841625,CC1CCCN(Cc2cc(Nc3nc(C)cn4c(cnc34)c5cnn(CC(=O)NCc6cccs6)c5)sn2)C1,CHEMBL2022369,IC50,7.57
5841637,CCc1cccc(CC)c1NC(=O)N2Cc3[nH]nc(NC(=O)c4ccc(cc4)N5CCN(C)CC5)c3C2,CHEMBL363160,IC50,7.57
5841648,CN1CCN(CC1)c2ccc(cc2)C(=O)Nc3n[nH]c4cc(sc34)C(=O)N[C@H](CN5CCCC5)c6ccccc6,CHEMBL1258346,IC50,7.57
3860137,COc1cc2c(Nc3ccc(c(Cl)c3)c4nc5ccccc5s4)ncnc2cc1OCCCN6CCN(C)CC6,CHEMBL593274,IC50,7.57
5320955,COc1ccc(COc2cc(C(=O)N)c3ncnc(NC(CN(C)C)c4cccc(F)c4)c3c2)cc1,CHEMBL3675502,IC50,7.57
5841661,COc1ccc(cc1)C(=O)Nc2cccc(CNc3ncnc4c(cc(CN5CCOCC5)cc34)C(=O)N)c2,CHEMBL3685219,IC50,7.57
5841671,Cc1cc(Nc2nc(cn3c(cnc23)c4cn[nH]c4)C(F)(F)F)sn1,CHEMBL1801112,IC50,7.57
5841682,Cc1nn(C)cc1c2nc3c(N4CCN(Cc5cnccn5)CC4)c(Cl)cnc3[nH]2,CHEMBL2207505,IC50,7.57
5841693,Clc1ccccc1Nc2ccnc(Nc3ccc(cc3)N4CCOCC4)n2,CHEMBL2170409,IC50,7.57
5841704,FC(F)(F)c1ccc(cc1)C(=O)Nc2ccc(Nc3ccnc4NC(=O)c5ccccc5c34)cc2,CHEMBL2380828,IC50,7.57
1717001,CN1CCN(CC1)c2cccc(c2)c3nc4c(N5CCN(Cc6cc(C)on6)CC5)c(Cl)cnc4[nH]3,CHEMBL2203775,IC50,7.59
5841717,COc1cc2c(Nc3ccc(cc3)c4nc5ccc(F)cc5s4)ncnc2cc1OCCCN6CCN(C)CC6,CHEMBL604992,IC50,7.59
1421081,COc1cc2c(Nc3ccc(cc3F)c4nc5ccccc5s4)ncnc2cc1OCCCN6CCN(C)CC6,CHEMBL594228,IC50,7.59
5841730,Cc1cc(Nc2nc(Sc3ccc(NC(=O)CN4C[C@H](O)[C@H](C4)Oc5cc(F)cc(F)c5)cc3)nn6cccc26)n[nH]1,CHEMBL1822660,Kd,7.59
5841741,O=C(NC1CCOCC1)Nc2c[nH]nc2c3nc4cc(CN5CCOCC5)ccc4[nH]3,CHEMBL522214,IC50,7.59
5841751,CC(N)c1cccc(NC(=O)c2ccoc2CN3CCOCC3)c1,CHEMBL3685218,IC50,7.6
5841761,CCOC(=O)c1[nH]cc2C(C3=C(CCCC3=O)Nc12)c4oc(Sc5nc6c(O)cccc6[nH]5)cc4,CHEMBL3393482,IC50,7.6
5841772,COC(=O)c1ccc(Nc2nc(Nc3cc(C)[nH]n3)cc(n2)N4CCOCC4)cc1,CHEMBL3237174,IC50,7.6
5841783,COc1ccc(cc1)c2cc3ncc(c(c4ccccc4)n3n2)S(=O)(=O)c5ccccc5,CHEMBL1830670,IC50,7.6
5841794,Cc1cc(NC2=NN(Cc3cc(F)ccc3F)C(=O)c4ccccc24)n[nH]1,CHEMBL516231,IC50,7.6
5841805,Cc1cc(Nc2nc(Sc3ccc(NC(=O)CN4CC[C@H](C4)OC(C)(C)C)cc3)nn5cccc25)n[nH]1,CHEMBL2163412,Kd,7.6
5841816,Cc1cc(Nc2nc(Sc3ccc(NC(=O)CN4CC[C@H](C4)SC(C)(C)C)cc3)nn5cccc25)n[nH]1,CHEMBL2163399,Kd,7.6
5841827,Cc1onc(NC(=O)Nc2ccc(cc2)c3cnc(NC(=O)c4ccc(OCCN5CCOCC5)cc4)s3)c1,CHEMBL3593296,IC50,7.6
5841838,Clc1c(CNc2nccc(Nc3cc([nH]n3)C4CCCO4)n2)ccc5[nH]cnc15,CHEMBL3593823,Ki,7.6
5841849,Cn1cc(Nc2ncc3cnn(C4C5CC6CC(CC4C6)C5)c3n2)cc1C(=O)N,CHEMBL2012397,IC50,7.6
5841860,O=C(N[C@H](CN1CCOCC1)c2ccccc2)c3cc4[nH]nc(NC(=O)c5ccc(cc5)N6CCOCC6)c4s3,CHEMBL1258680,IC50,7.6
5841871,Oc1ccc(Nc2ncc(F)c(Nc3ccc(cc3)C(=O)Nc4ccc(F)cc4)n2)cc1,CHEMBL522791,IC50,7.6
5841882,CC(=O)Nc1ccc(Sc2nc(Nc3cc[nH]n3)c4ccccc4n2)cc1,CHEMBL560158,Ki,7.62
5841893,CN(C)CCOc1ccc(cc1)c2oc3ncnc(NCCc4ccc(NC(=O)Nc5ccccc5)cc4)c3c2,CHEMBL2398657,IC50,7.62
5841904,COc1cc2c(Nc3ccc(cc3)c4nc5cc(Cl)ccc5s4)ncnc2cc1OCCCN6CCN(C)CC6,CHEMBL596292,IC50,7.62
5841915,COc1ccccc1Sc2nc(Nc3cc(C)[nH]n3)c4ccccc4n2,CHEMBL551634,Ki,7.62
5841926,C[C@@H](C(=O)N1Cc2[nH]nc(NC(=O)c3ccc(cc3)N4CCN(C)CC4)c2C1)c5ccccc5,CHEMBL427787,IC50,7.62
3927574,Cc1cc(Nc2nc(Nc3ccccc3)nc4ccccc24)n[nH]1,CHEMBL552038,Ki,7.62
5841939,Cc1cccc(c1)N2N=C(Nc3cc(C)[nH]n3)c4ccccc4C2=O,CHEMBL1651471,IC50,7.62
5841949,NC(=O)c1cc(OCc2ccccc2)cc3c(NCc4cccc(NC(=O)c5ccnc(c5)N6CCCC6)c4)ncnc13,CHEMBL3685302,IC50,7.62
5841959,CCNC(=O)Nc1ccc(cc1)c2nn(CC)cc2c3ccnc4[nH]c(cc34)c5ccc(CN6CCOCC6)cc5,CHEMBL1094702,IC50,7.64
3358060,Cc1cc(Nc2nc(Sc3ccc(NC(=O)C4CC4)cc3)nn5cc(NC(=O)CN6CCCC6)cc25)n[nH]1,CHEMBL1822488,Kd,7.64
5841972,Cc1ccc(cc1)N2N=C(Nc3cc(C)[nH]n3)c4ccccc4C2=O,CHEMBL1651470,IC50,7.64
5841983,Fc1cccc(NC(=O)Nc2ncc(CCNc3ncnc4ccsc34)s2)c1,CHEMBL512184,IC50,7.64
5841994,Fc1cnc(Nc2ccc(CN3CCOCC3)cc2)nc1Nc4ccccc4Cl,CHEMBL2170412,IC50,7.64
5842004,O=C1CCCC2=C1C(c3cccc(Oc4nc5ccccc5[nH]4)c3)c6c[nH]nc6N2,CHEMBL3663735,IC50,7.64
5842014,Oc1ccc(Nc2ncc(C#N)c(Nc3ccc(O)cc3)n2)cc1,CHEMBL491956,IC50,7.64
5842025,CC(C)OC(=O)c1ccc(Nc2nc(Nc3cc(C)[nH]n3)cc(n2)N4CCN(C)CC4)cc1,CHEMBL3237181,IC50,7.66
5842035,CC1(C)CC2=C(C(c3cccc(Oc4nc5ccccc5[nH]4)c3)c6c[nH]nc6N2)C(=O)C1,CHEMBL3663740,IC50,7.66
5842045,CCOC(=O)c1[nH]cc2C(C3=C(CCCC3=O)Nc12)c4oc(Sc5nc6c(F)c(F)c(F)cc6[nH]5)cc4,CHEMBL3393478,IC50,7.66
5842056,CCOC(=O)c1[nH]cc2C(C3=C(CCCC3=O)Nc12)c4oc(Sc5nc6cc(F)c(F)cc6[nH]5)cc4,CHEMBL3393476,IC50,7.66
5842067,CCOC(=O)c1[nH]cc2C(C3=C(CNCC3=O)Nc12)c4oc(Sc5nc6cccc(Cl)c6[nH]5)cc4,CHEMBL3393487,IC50,7.66
5842078,CCSc1cn2c(cnc2c(Nc3cc(C)ns3)n1)c4cn[nH]c4,CHEMBL1801131,IC50,7.66
5842089,CCn1cc(c2ccnc3[nH]c(cc23)c4cccc(CN5CCCC5)c4)c(n1)c6ccc(NC(=O)Nc7ccccc7)cc6,CHEMBL1099349,IC50,7.66
5319472,CN(C)Cc1cccc(c1)C(=O)Nc2cccc(CNc3ncnc4c(cccc34)C(=O)N)c2,CHEMBL3680412,IC50,7.66
26231,CN[C@@H]1C[C@H]2O[C@@](C)([C@@H]1OC)n3c4ccccc4c5c6CNC(=O)c6c7c8ccccc8n2c7c35,CHEMBL388978,IC50,7.66
5842103,COc1cccc(Nc2nc(Nc3cc(C)[nH]n3)cc(n2)N4CCN(C)CC4)c1,CHEMBL3237184,IC50,7.66
5842114,Cc1cn2c(cnc2c(Nc3cc(CN4CCCCC4)ns3)n1)c5cnn(CC(=O)NCc6cc(F)cc(F)c6)c5,CHEMBL2023297,IC50,7.66
5640379,Cc1nn(C)cc1c2nc3c(N4CCN(Cc5cncnc5)CC4)c(Cl)cnc3[nH]2,CHEMBL2207504,IC50,7.66
5842127,FC(F)(F)c1cccc(NC(=O)Nc2ncc(CCNc3ncnc4ccsc34)s2)c1,CHEMBL472193,IC50,7.66
5842138,O=C(Cc1ccccc1)Nc2ccc3[nH]nc(\C=C\c4ccccc4)c3c2,CHEMBL1090912,IC50,7.66
5842149,Fc1cnc(Nc2ccc(cc2)N3CCOCC3)nc1Nc4ccccc4Cl,CHEMBL2170411,IC50,7.67
5842160,NS(=O)(=O)c1ccc(Nc2ncc(F)c(Nc3ccccc3Cl)n2)cc1,CHEMBL2170415,IC50,7.67
5842171,CC1CCCN(Cc2cc(Nc3nc(C)cn4c(cnc34)c5cnn(CC(=O)NCc6ccccc6)c5)sn2)C1,CHEMBL2022120,IC50,7.68
5842182,CCOC(=O)c1[nH]cc2C(C3=C(CNCC3=O)Nc12)c4oc(Sc5nc6c(F)cccc6[nH]5)cc4,CHEMBL3393488,IC50,7.68
5842193,CN(C)S(=O)(=O)c1ccc2NC(=O)\C(=C/c3[nH]c4CCCC(=O)c4c3CCC(=O)O)\c2c1,CHEMBL1215071,IC50,7.68
5842204,Cn1cc(Nc2ncc3cnn([C@H]4CC[C@H]5CCC[C@@H]45)c3n2)cc1C(=O)N,CHEMBL2012398,IC50,7.68
5842215,CN1CCN(CC1)C(=O)c2cc(Nc3ncc4cc(CO)n(C5CCCC5)c4n3)cn2C,CHEMBL2029906,IC50,7.7
634976,CN1CCN(CC1)c2cc(Nc3cc(C)[nH]n3)nc(Sc4ccc(NC(=O)C5CC5)cc4)n2,CHEMBL572878,IC50,7.7
5842227,CNCCOc1cccc(c1)C(=O)Nc2cccc(CNc3ncnc4c(cccc34)C(=O)N)c2,CHEMBL3680451,IC50,7.7
5842237,COc1ccccc1Nc2nc(Nc3ccc(O)cc3)ncc2F,CHEMBL522476,IC50,7.7
5842248,CS(=O)(=O)N(CCN)c1ccc(Nc2ncc3cnn(C4CCCCCC4)c3n2)cc1,CHEMBL1825093,IC50,7.7
5842258,C[C@@H](Nc1ncnc2c(cccc12)C(=O)N)c3cccc(N)c3,CHEMBL3685283,IC50,7.7
5842268,Cc1cc(Nc2cc(C)c(C#N)c(NCCO)n2)n[nH]1,CHEMBL1777839,Ki,7.7
5842279,Cc1cc(Nc2cc(nc(Sc3ccc(NC(=O)C4CC4)cc3)n2)N5CCN(CC(=O)O)CC5)n[nH]1,CHEMBL1213077,Ki,7.7
5842290,Cc1cc(Nc2nc(Sc3ccccc3)nc4ccccc24)n[nH]1,CHEMBL549322,Ki,7.7
5842301,Cc1ccccc1NC(=O)c2ccc(Nc3nc(Nc4ccc(O)cc4)ncc3F)cc2,CHEMBL491739,IC50,7.7
5842312,Cl.CCOC(=O)c1[nH]cc2[C@@H](C3=C(CN(CC3=O)C(=O)CN)Nc12)c4oc(Sc5nc6ccccc6[nH]5)cc4,CHEMBL3393485,IC50,7.7
5842323,Clc1cnc2[nH]c(Nc3ccc(CCNc4ncnc5ccsc45)cc3)nc2c1,CHEMBL1079713,IC50,7.7
5842334,Fc1cnc(Nc2ccccc2)nc1Nc3ccccc3Cl,CHEMBL2170420,IC50,7.7
5842344,NC(=O)c1cccc2c(NCc3cccc(NC(=O)c4n[nH]c5ccc(Cl)cc45)c3)ncnc12,CHEMBL3685217,IC50,7.7
5842354,Cc1cc(Nc2nc(Sc3ccc(NC(=O)CN4CC[C@H](C4)C(=O)Nc5ccc(F)cc5)cc3)nn6cccc26)n[nH]1,CHEMBL2163393,Kd,7.71
5842365,CC(C)(Nc1ccc(Cl)c(c1)C(=O)O)C(=O)Nc2nc3c(cc4[nH]ncc4c3s2)C(F)(F)F,CHEMBL3717203,IC50,7.72
5495027,CC1(C)CCc2c(C1)[nH]nc2C(=O)Nc3cnn(c3)[C@@H](C4CCNCC4)c5ccccc5,CHEMBL3298373,Ki,7.72
5321792,CCN(CC)C1CCN(C1)c2cc(ccn2)C(=O)Nc3cccc(c3)C(CN(C)C)Nc4ncnc5c(cccc45)C(=O)N,CHEMBL3675430,IC50,7.72
5842378,CN(C)C(=O)[C@@H]1CCCN1C(=O)c2cc(Nc3ncc4cnn(C5C[C@H]6C[C@H]6C5)c4n3)cn2C,CHEMBL2012404,IC50,7.72
5319777,CN(C)CCC(Nc1ncnc2c(cccc12)C(=O)N)C3=CCCC(=C3)NC(=O)c4ccccc4F,CHEMBL3680393,IC50,7.72
5842643,CNc1nc(C)c(s1)c2ccnc(Nc3ccc(cc3)N4CCOCC4)n2,CHEMBL1084629,Ki,7.72
1421399,CNc1nccc(n1)c2cccnc2Oc3ccc(Nc4nc5ccccc5[nH]4)c6ccccc36,CHEMBL465793,IC50,7.72
5842655,COc1ccc(cc1)C(=O)Nc2ccc3CCN(Cc3c2)c4ncnc5c(cccc45)C(=O)N,CHEMBL3685216,IC50,7.72
5842664,Cc1cc(nn1CC(=O)Nc2cccc(CNc3ncnc4c(cccc34)C(=O)N)c2)C(F)(F)F,CHEMBL3685215,IC50,7.72
5842674,Cc1cc2[nH]nc(\C=C\c3ccccc3)c2cc1NC(=O)Cc4ccccc4,CHEMBL1091643,IC50,7.72
5842685,Cc1cnc(Nc2ccccc2)nc1c3c[nH]c(c3)C(=O)N[C@H](CO)c4cccc(Cl)c4,CHEMBL577193,Ki,7.72
5842696,Oc1ccc(Nc2ncc(F)c(Nc3ccc(cc3)C(=O)Nc4cccc(O)c4)n2)cc1,CHEMBL489913,IC50,7.72
5842707,Oc1ccc(Nc2ncc(F)c(Nc3ccc(cc3)C(=O)Nc4ccccc4)n2)cc1,CHEMBL490711,IC50,7.72
5842718,OC(=O)c1cccc(Nc2nccc(Nc3ccccc3Cl)n2)c1,CHEMBL2170441,IC50,7.73
5842729,OC(=O)c1cccc(Nc2nccc(Nc3ccccc3C(=O)O)n2)c1,CHEMBL2170421,IC50,7.74
5842740,CC(=O)Nc1ccc(Sc2nc(C)cc(Nc3cc(C)[nH]n3)n2)cc1,CHEMBL562497,Ki,7.75
5842751,CC1CCCN(Cc2cc(Nc3nc(C)cn4c(cnc34)c5cnn(Cc6nc7ccccc7[nH]6)c5)sn2)C1,CHEMBL2022123,IC50,7.75
5842762,CCN(CC)CCOc1ccc(cc1)c2oc3ncnc(NCCc4ccc(NC(=O)Nc5ccccc5)cc4)c3c2,CHEMBL2398658,IC50,7.75
5842773,CN1CCN(CC1)c2ccc(cc2)C(=O)Nc3n[nH]c4cc(sc34)C(=O)N[C@H](CN5CCOCC5)c6ccccc6,CHEMBL1258793,IC50,7.75
5842784,CNc1ccc(Nc2nccc(n2)c3sc(C)nc3C)cc1,CHEMBL1083150,Ki,7.75
5842795,COCCNC(=O)c1ccc(Nc2nccc(Nc3ccccc3Cl)n2)cc1,CHEMBL2170404,IC50,7.75
5842807,COc1cc2c(Nc3cc(CC(=O)Nc4cccc(F)c4F)[nH]n3)ncnc2cc1OCCCN(CCO)CC(C)C,CHEMBL216053,IC50,7.75
5842818,COc1cc2c(Nc3cc(CC(=O)Nc4ccccc4)[nH]n3)ncnc2cc1OCCCN5CCC(CO)CC5,CHEMBL387190,Ki,7.75
3097244,COc1cccc(F)c1C2=NCc3cnc(Nc4ccc(cc4)C(=O)O)nc3c5ccc(Cl)cc25,CHEMBL3586473,IC50,7.75
4228963,O=C(N[C@H](CN1CCCC1)c2ccccc2)c3cc4[nH]nc(NC(=O)c5ccc(cc5)N6CCOCC6)c4s3,CHEMBL1258913,IC50,7.75
5842833,O=C1CCCC2=C1C(c3oc(Sc4nc5ccccc5[nH]4)cc3)c6cn[nH]c6N2,CHEMBL3393462,IC50,7.75
5842844,Oc1ccc(Nc2ncc(F)c(Nc3ccc(NC(=O)c4ccccc4)cc3)n2)cc1,CHEMBL492410,IC50,7.75
5842855,Oc1cc(Nc2ncc(F)c(Nc3ccccc3Cl)n2)ccc1c4nnn[nH]4,CHEMBL2170417,IC50,7.76
5842866,CC(C)n1ncc2cnc(Nc3cc(C(=O)N)n(C)c3)nc12,CHEMBL2012308,IC50,7.77
5842875,CC(Nc1ncnc2c(cccc12)C(=O)N)c3cccc(NC(=O)c4cc[n+]([O-])cc4)c3,CHEMBL3680471,IC50,7.77
5842886,CCCCC(=O)Nc1ncc(Nc2ncnc3cc(OCCCN4CCOCC4)c(OC)cc23)cn1,CHEMBL204318,IC50,7.77
5842897,CCOC(=O)c1[nH]cc2C(C3=C(CC(C)(C)CC3=O)Nc12)c4oc(Sc5nc6ccccc6[nH]5)cc4,CHEMBL3393489,IC50,7.77
5842908,CCOC(=O)c1[nH]cc2C(C3=C(CCCC3=O)Nc12)c4cccc(Oc5nc6ccccc6[nH]5)c4,CHEMBL3393497,IC50,7.77
5842919,CN(Cc1ccc2[nH]cnc2c1Cl)c3nccc(Nc4cc([nH]n4)C5CCC(=O)C5)n3,CHEMBL3593824,Ki,7.77
5842930,CN(c1ccccc1)c2nc(Nc3cc(C)[nH]n3)c4ccccc4n2,CHEMBL550825,Ki,7.77
5842941,COc1ccc(Sc2nc(Nc3cc(C)[nH]n3)c4ccccc4n2)cc1OC,CHEMBL564290,Ki,7.77
5842953,COc1ccc(cc1)c2nc3c(N4CCN(Cc5cc(C)on5)CC4)c(Br)cnc3[nH]2,CHEMBL1083774,IC50,7.77
5842964,CS(=O)(=O)Nc1ccc(Nc2ncc3cnn(C4CCCCCC4)c3n2)cn1,CHEMBL1825096,IC50,7.77
5842975,Cc1cc(NC2=NN(Cc3cccnc3)C(=O)c4ccccc24)n[nH]1,CHEMBL1651482,IC50,7.77
5842986,Cc1cc(Nc2nc(Sc3ccc(NC(=O)CN4CCC(C4)C(=O)C(C)(C)C)cc3)nn5cccc25)n[nH]1,CHEMBL2163397,Kd,7.77
5842997,Cc1cc(Nc2nc(Sc3ccc(NC(=O)CN4C[C@H](O)[C@H](C4)Oc5cccc(F)c5)cc3)nn6cccc26)n[nH]1,CHEMBL1822657,Kd,7.77
5843008,Cc1cc(Nc2nc(Sc3ccc(NC(=O)CN4C[C@H]5C[C@H]5[C@H]4CO)cc3)nn6cccc26)n[nH]1,CHEMBL1822641,Kd,7.77
5843019,Cc1cc(Nc2nc(cn3c(cnc23)c4cn[nH]c4)C5CC5)sn1,CHEMBL1801115,IC50,7.77
5843030,Cc1cc2[nH]nc(\C=C\c3ccccc3)c2cc1NC(=O)Cc4cccs4,CHEMBL1090568,IC50,7.77
5843041,Cn1cc(Nc2ncc3cnn(C4C[C@@H]5C[C@@H]5C4)c3n2)cc1C(=O)N,CHEMBL2012402,IC50,7.77
5843052,Cn1cc(Nc2ncc3cnn(C4C[C@H]5C[C@H]5C4)c3n2)cc1C(=O)N6CCCC6,CHEMBL2012407,IC50,7.77
5843063,FC(F)(F)c1cnc2[nH]c(Nc3ccc(CCNc4ncnc5ccsc45)cc3)nc2c1,CHEMBL1079538,IC50,7.77
5843075,CN(C)Cc1ccc(cc1)c2nc3c(N4CCN(CC(=O)Nc5nccs5)CC4)c(Br)cnc3[nH]2,CHEMBL1082507,IC50,7.8
5843086,CN1CCN(CC1)c2cc(Nc3cc(C)[nH]n3)nc(Nc4cccc(c4)[N+](=O)[O-])n2,CHEMBL3237165,IC50,7.8
1421149,CNc1nccc(n1)c2cccnc2Oc3ccc(Nc4nc5ccc(cc5[nH]4)C(F)(F)F)c6ccccc36,CHEMBL463323,IC50,7.8
5843099,COC[C@H]1CCCN1C(=O)c2cc(Nc3ncc4cnn(C5C[C@@H]6C[C@@H]6C5)c4n3)cn2C,CHEMBL2012414,IC50,7.8
26212,C[C@]12O[C@H](C[C@]1(O)CO)n3c4ccccc4c5c6C(=O)NCc6c7c8ccccc8n2c7c35,CHEMBL603469,Kd,7.8
5843112,Cn1nc(C(=O)O)c2CCc3cnc(Nc4ccccc4)nc3c12,CHEMBL1098060,IC50,7.8
5321673,CC(Nc1ncnc2c(cccc12)C(=O)N)c3cccc(NC(=O)c4ccc5OCOc5c4)c3,CHEMBL3675438,IC50,7.82
5843124,CCOC(=O)c1[nH]cc2C(C3=C(CCCC3=O)Nc12)c4oc(Sc5nc6cc(F)ccc6[nH]5)cc4,CHEMBL3393473,IC50,7.82
5843134,CCc1[nH]cc2C(C3=C(CNCC3=O)Nc12)c4cccc(Sc5nc6ccccc6[nH]5)c4,CHEMBL3663739,IC50,7.82
5492476,CN(C)CC[C@@H](c1ccccc1)n2cc(NC(=O)c3n[nH]c4cc(ccc34)c5cn[nH]c5)cn2,CHEMBL3263053,Ki,7.82
1732252,CN1CCN(CC1)c2ccc(cc2)c3nc4ncc(Br)c(N5CCN(Cc6cc(C)on6)CC5)c4[nH]3,CHEMBL1236904,IC50,7.82
1732263,CN1CCN(CC1)c2nc3c(N4CCN(Cc5cc(C)on5)CC4)c(Br)cnc3[nH]2,CHEMBL1086579,IC50,7.82
5843150,Cc1cc(Nc2nc(Sc3ccc(NC(=O)CN4C[C@H](F)C[C@H]4CO)cc3)nn5cccc25)n[nH]1,CHEMBL1822639,Kd,7.82
5843162,Cc1cc(Nc2nc(Sc3ccc(NC(=O)CN4C[C@H](O)[C@H](C4)Oc5ccc(F)cc5)cc3)nn6cccc26)n[nH]1,CHEMBL1822658,Kd,7.82
5843173,Cc1cnc(Nc2cccc3OCOc23)nc1c4c[nH]c(c4)C(=O)N[C@H](CO)c5cccc(Cl)c5,CHEMBL571484,Ki,7.82
4936395,Cc1cnc(Nc2ccccc2)nc1c3c[nH]c(c3)C(=O)N[C@H](CO)c4ccccc4,CHEMBL565459,Ki,7.82
5843186,Cc1nn(C)cc1c2nc3c(Oc4ccc(cc4)C(=O)NC5CCC5)c(Cl)cnc3[nH]2,CHEMBL3087823,IC50,7.82
5639193,Cc1onc(CN2CCN(CC2)c3c(Br)cnc4[nH]c(nc34)c5cncn5C)c1,CHEMBL2207506,IC50,7.82
5843199,Cl.CCOC(=O)c1[nH]cc2[C@@H](C3=C(CN(CC3=O)C(=O)CN)Nc12)c4oc(Sc5nc6c(F)cccc6[nH]5)cc4,CHEMBL3393486,IC50,7.82
5843209,NC(=O)c1cccc2c(NC(CCN3CCCCC3)c4cccc(Nc5ccccn5)c4)ncnc12,CHEMBL3685214,IC50,7.82
5843219,NC(=O)c1ccc(Nc2ncc(F)c(Nc3ccccc3Cl)n2)cc1,CHEMBL2170414,IC50,7.84
5843230,CC(=O)c1cccc(c1)c2ccc(cc2)c3nc4c(N5CCN(Cc6cc(C)on6)CC5)c(Br)cnc4[nH]3,CHEMBL1651454,IC50,7.85
1607093,CC(C)(Nc1cccc(c1)S(=O)(=O)N)C(=O)Nc2nc3c(cc4[nH]ncc4c3s2)C(F)(F)F,CHEMBL3717691,IC50,7.85
5843242,CCNc1nc(C)c(s1)c2ccnc(Nc3ccc(cc3)N4CCOCC4)n2,CHEMBL1084630,Ki,7.85
5843253,CN(C)Cc1ccc(cc1)c2nc3c(N4CCN(Cc5cc(C)on5)CC4)c(Br)cnc3[nH]2,CHEMBL1085833,IC50,7.85
4820280,CN1CCN(CC1)c2cc(Nc3cc(C)[nH]n3)nc(\C=C\c4ccccc4)n2,CHEMBL482968,IC50,7.85
5843266,CN1CCN(CC1)c2cc(Nc3cc(C)[nH]n3)nc(\C=C\c4ccccc4)n2.OC(C(O)C(=O)O)C(=O)O,CHEMBL3237191,IC50,7.85
5843277,COc1cc2c(Nc3cc(CC(=O)Nc4ccccc4F)[nH]n3)ncnc2cc1OCCCN5CCC(CO)CC5,CHEMBL425280,Ki,7.85
5843288,COc1cc2c(Nc3ccc(cc3)c4nc5ccccc5s4)ncnc2cc1OCCCN6CCN(C)CC6,CHEMBL595615,IC50,7.85
5843299,COc1ccc(NC(=O)c2ccc(Nc3nc(Nc4ccc(O)cc4)ncc3F)cc2)cc1,CHEMBL491575,IC50,7.85
5843309,COc1ccc(cc1F)C(=O)NC2=CCCC(=C2)[C@H](C)Nc3ncnc4c(cccc34)C(=O)N,CHEMBL3680539,IC50,7.85
5843319,CS(=O)(=O)N(CCN1CCOCC1)c2ccc(Nc3ncc4cnn(C5CCCCCC5)c4n3)cc2,CHEMBL1825089,IC50,7.85
5843330,Cc1cc(NC2=NN(Cc3ccc(F)cc3)C(=O)c4ccccc24)n[nH]1,CHEMBL1651476,IC50,7.85
3358201,Cc1cc(Nc2nc(Sc3ccc(NC(=O)CN4CCC[C@H]4CO)cc3)nn5cccc25)n[nH]1,CHEMBL1822495,Kd,7.85
5843343,Cc1cc(Nc2nc(cn3c(cnc23)c4cn[nH]c4)C(=O)N5CCCC5)sn1,CHEMBL1801135,IC50,7.85
5843354,OC(=O)CCc1c(\C=C\2/C(=O)Nc3ccc(cc23)S(=O)(=O)N4CCCCC4)[nH]c5CCCC(=O)c15,CHEMBL1215073,IC50,7.85
5843365,Oc1ccc(Nc2ncc(F)c(Nc3ccc(NC(=O)c4ccccc4F)cc3)n2)cc1,CHEMBL523713,IC50,7.85
5843376,Oc1ccc(Nc2ncc(c(Nc3ccc(O)cc3)n2)C(F)(F)F)cc1,CHEMBL491774,IC50,7.85
5843387,CC(C)C(=O)N[C@@H]1CCN(CC(=O)Nc2ccc(Sc3nc(Nc4cc(C)[nH]n4)c5cccn5n3)cc2)C1,CHEMBL2163413,Kd,7.88
5843398,CC(NC(=O)c1cc2[nH]nc(NC(=O)c3ccc(cc3)N4CCN(C)CC4)c2s1)c5ccccc5,CHEMBL1257179,IC50,7.89
5321372,CN(CC(Nc1ncnc2c(cccc12)C(=O)N)c3cccc(NC(=O)c4ccccc4)c3)C(=O)OC(C)(C)C,CHEMBL3675467,IC50,7.89
5843410,CN1CCN(CC1)C(=O)Nc2cccc(\C=C\c3n[nH]c4cc(C)c(NC(=O)Cc5cccs5)cc34)c2,CHEMBL1093265,IC50,7.89
5843421,CN1CCN(CC1)c2cc(Nc3cc(C)[nH]n3)nc(Nc4ccc(Cl)cc4)n2,CHEMBL3237188,IC50,7.89
3989993,CO[C@@H](C(=O)N1Cc2n[nH]c(NC(=O)c3ccc(cc3)N4CCN(C)CC4)c2C1)c5ccccc5,CHEMBL402548,IC50,7.89
5843434,COc1cc2c(Nc3cc(CC(=O)Nc4cccc(c4)C(F)(F)F)[nH]n3)ncnc2cc1OCCCN5CCC(CO)CC5,CHEMBL405120,Ki,7.89
5843445,CS(=O)(=O)N(CCO)c1ccc(Nc2ncc3cnn(C4CCCCCC4)c3n2)cc1,CHEMBL1821761,IC50,7.89
5843456,Cc1cc(Nc2nc(Sc3ccc(NC(=O)CN4C[C@H](O)[C@H](C4)Oc5ccc(F)cc5F)cc3)nn6cccc26)n[nH]1,CHEMBL1822659,Kd,7.89
1723080,Cc1onc(CN2CCN(CC2)c3c(Cl)cnc4[nH]c(nc34)c5cn(C)nc5C)c1,CHEMBL2207518,IC50,7.89
5843469,Cn1cc(Nc2ncc3cnn([C@@H]4CC[C@H]5CCC[C@@H]45)c3n2)cc1C(=O)N,CHEMBL2012403,IC50,7.89
5843479,NC(=O)c1cccc(CNc2ncnc3c(cccc23)C(=O)N)c1,CHEMBL3670445,IC50,7.89
5843489,O=C(Nc1cccnc1)Nc2c[nH]nc2c3nc4cc(CN5CCOCC5)ccc4[nH]3,CHEMBL523923,IC50,7.89
5843500,Oc1ccc(NC(=O)c2ccc(Nc3nc(Nc4ccc(O)cc4)ncc3F)cc2)cc1,CHEMBL489914,IC50,7.89
5843511,CN1CCN(CCO[C@@H]2CCN(CC(=O)Nc3ccc(Sc4nc(Nc5cc(C)[nH]n5)c6cccn6n4)cc3)C2)CC1,CHEMBL2163410,Kd,7.9
5843522,Cc1cc(Nc2nc(Sc3ccc(NC(=O)CN4CC[C@H](C4)NS(=O)(=O)C)cc3)nn5cccc25)n[nH]1,CHEMBL2163396,Kd,7.91
5843533,OCCNC(=O)c1ccc(Nc2nccc(Nc3ccccc3Cl)n2)cc1,CHEMBL2170413,IC50,7.91
5843544,CC1CCCN(Cc2cc(Nc3nc(C)cn4c(cnc34)c5cnn(CC(=O)Nc6ccncc6)c5)sn2)C1,CHEMBL2022379,IC50,7.92
5843554,CC[C@@H](Nc1ncnc2c(cccc12)C(=O)N)C3=CC(=CCC3)NC(=O)c4ccc(OC)c(F)c4,CHEMBL3685299,IC50,7.92
5843564,CN1CCC(CC1)NC(=O)c2ccc(Nc3ncc(Br)c(NC4CCCC4)n3)cc2,CHEMBL3417325,IC50,7.92
5843575,CN1CCN(CC1)c2cc(Nc3cc(C)[nH]n3)nc(Nc4ccc(cc4)[N+](=O)[O-])n2,CHEMBL3237164,IC50,7.92
5843585,CN1CCN(CC1)c2ccc(cc2)C(=O)Nc3cccc(CNc4ncnc5c(cccc45)C(=O)N)c3,CHEMBL3685273,IC50,7.92
4968816,CNc1nc(C)c(s1)c2ccnc(Nc3ccc(cc3)N4CCN(CC4)C(=O)C)n2,CHEMBL1083785,Ki,7.92
5843597,COCCN1CCN(CC1)c2ccc(cc2)c3nc4c(N5CCN(Cc6cc(C)on6)CC5)c(Br)cnc4[nH]3,CHEMBL2203768,IC50,7.92
5843608,COc1cc2c(Nc3ncc(CNS(=O)(=O)c4cccc(F)c4)s3)ncnc2cc1OCCCN5CCC(CO)CC5,CHEMBL382054,IC50,7.92
3358144,Cc1cc(Nc2nc(Sc3ccc(NC(=O)C4CC4)cc3)nn5cccc25)n[nH]1,CHEMBL1822485,Kd,7.92
5843621,Cc1cc(Nc2nc(Sc3ccc(NC(=O)CN4C[C@H](O)[C@H](C4)OC(C)(C)C)cc3)nn5cccc25)n[nH]1,CHEMBL1822647,Kd,7.92
5843633,Clc1ccc(CN2CCN(CC2)c3c(Br)cnc4[nH]c(nc34)c5ccc(CN6CCOCC6)cc5)cc1,CHEMBL1083772,IC50,7.92
5843643,NC(=O)C1=C2N=CN=C(NC(CCN3CCCC3)c4cccc(NC(=O)c5ccccc5)c4)C2=CCC1,CHEMBL3680531,IC50,7.92
5843652,NC(=O)c1cc(OCCN2CCOCC2)cc3c(NCc4cccc(NC(=O)c5ccnc(c5)N6CCCC6)c4)ncnc13,CHEMBL3685298,IC50,7.92
5843661,NC(=O)c1cccc2c(NCc3cccc(NC(=O)c4csc(N)n4)c3)ncnc12,CHEMBL3680513,IC50,7.92
480757,Nc1ncc(c2cnn(CCO)c2)c3scc(c4ccc(NC(=O)Nc5cccc(F)c5)cc4)c13,CHEMBL1980297,IC50,7.92
5843673,O=C(Nc1ccccc1)Nc2c[nH]nc2c3nc4cc(CN5CCOCC5)ccc4[nH]3,CHEMBL458420,IC50,7.92
5843684,OC(=O)CCc1c(\C=C\2/C(=O)Nc3ccc(NS(=O)(=O)c4ccccc4)cc23)[nH]c5CCCC(=O)c15,CHEMBL1215148,IC50,7.92
5843695,COCCO[C@@H]1CCN(CC(=O)Nc2ccc(Sc3nc(Nc4cc(C)[nH]n4)c5cccn5n3)cc2)C1,CHEMBL2163408,Kd,7.94
5843706,OC(=O)c1ccccc1Nc2nc(Nc3ccccc3)ncc2F,CHEMBL244793,IC50,7.95
5843717,CC(O)c1cc2cnc(Nc3cc(C(=O)N4CCN(C)CC4)n(C)c3)nc2n1C5CCCC5,CHEMBL2029905,IC50,7.96
5843728,CCOC(=O)c1[nH]cc2C(C3=C(CCCC3=O)Nc12)c4cc(Sc5nc6ccccc6[nH]5)cs4,CHEMBL3393065,IC50,7.96
5843738,CCOC(=O)c1[nH]cc2C(C3=C(CCCC3=O)Nc12)c4oc(Sc5nc6cccc(OC)c6[nH]5)cc4,CHEMBL3663742,IC50,7.96
5843748,CCOC(=O)c1[nH]cc2C(C3=C(CN(Cc4ccccc4)CC3=O)Nc12)c5oc(Sc6nc7ccccc7[nH]6)cc5,CHEMBL3393491,IC50,7.96
5843760,CCS(=O)(=O)Nc1ccc2NC(=O)\C(=C(/Nc3ccc(CN4CCCCC4)cc3)\c5ccccc5)\c2c1,CHEMBL514409,IC50,7.96
5843771,CN1CCN(CC1)C(=O)c2cc(Nc3ncc4cc(\C=N\O)n(C5CCCC5)c4n3)cn2C,CHEMBL2029900,IC50,7.96
5843782,CN1CCN(CC1)c2ccc(cc2F)c3nc4c(N5CCN(Cc6cc(C)on6)CC5)c(Cl)cnc4[nH]3,CHEMBL2203770,IC50,7.96
5843793,COC(=O)c1csc2C(C3=C(CCCC3=O)Nc12)c4oc(Sc5nc6ccccc6[nH]5)cc4,CHEMBL3393467,IC50,7.96
5843804,COc1cc2c(Nc3ccc(s3)C(=O)Nc4ccccc4)ncnc2cc1OCCCN5CCOCC5,CHEMBL485337,IC50,7.96
5843815,Cc1cc(Nc2cc(nc(Nc3ccc(cc3)[N+](=O)[O-])n2)N4CCOCC4)n[nH]1,CHEMBL3237168,IC50,7.96
5843826,Cc1cc(Nc2nc(Sc3ccc(NC(=O)CN4CC[C@H](C4)OCCN5CCOCC5)cc3)nn6cccc26)n[nH]1,CHEMBL2163409,Kd,7.96
5843837,Cc1cc(Nc2nc(Sc3ccc(NC(=O)CN4C[C@H](O)[C@H](C4)OC5CCCC5)cc3)nn6cccc26)n[nH]1,CHEMBL1822654,Kd,7.96
1200717,Cc1cnc(Nc2cccc3OCCOc23)nc1c4c[nH]c(c4)C(=O)N[C@H](CO)c5cccc(Cl)c5,CHEMBL571722,Ki,7.96
5843850,Fc1ccc(NC(=O)Nc2ncc(CCNc3ncnc4ccsc34)s2)cc1Cl,CHEMBL520053,IC50,7.96
5843860,NC(=O)c1cccc2c(NC(CCN3CCOCC3)c4cccc(NC(=O)c5cc(n[nH]5)C6CC6)c4)ncnc12,CHEMBL3685332,IC50,7.96
5843869,NC(=O)c1cccc2c(NCc3cccc(Nc4nc5ccc(cc5[nH]4)C(F)(F)F)c3)ncnc12,CHEMBL3685275,IC50,7.96
5843878,NC(=O)c1cccc2c(NCc3cccc(Nc4ncccn4)c3)ncnc12,CHEMBL3685212,IC50,7.96
5843887,NC(=O)c1cccc2c(Nc3cccc(CNC(=O)c4cccnc4)c3)ncnc12,CHEMBL3685213,IC50,7.96
5843897,Nc1nc(Nc2ccc(cc2)S(=O)(=O)N)nn1C(O)c3c(F)cccc3F,CHEMBL259605,IC50,7.96
5843908,O=C(Nc1n[nH]c2cc(sc12)C(=O)NCc3ccccc3)c4ccc(cc4)N5CCOCC5,CHEMBL1258794,IC50,7.96
5843919,Cc1cc(Nc2nc(Sc3ccc(NC(=O)CN4CC[C@@H](O)C4)cc3)nn5cccc25)n[nH]1,CHEMBL2163406,Kd,7.98
5843929,CC(Nc1ncnc2c(cccc12)C(=O)N)c3cccc(NC(=O)c4ccc(O)c(F)c4)c3,CHEMBL3685263,IC50,8.0
5843939,CCC(=O)Nc1ccc(Sc2nc(Nc3cc(C)[nH]n3)cc(n2)C(C)(C)C)cc1,CHEMBL565183,Ki,8.0
5843950,CCC(NC(=O)c1cc2[nH]nc(NC(=O)c3ccc(cc3)N4CCN(C)CC4)c2s1)c5ccccc5,CHEMBL1257180,IC50,8.0
5843961,CCOC(=O)c1[nH]cc2C(C3=C(CCCC3=O)Nc12)c4oc(Sc5nc6ccc(F)c(F)c6[nH]5)cc4,CHEMBL3393477,IC50,8.0
5843972,CN1CCN(CC1)c2cc(Nc3cc(C)[nH]n3)nc(Nc4cccc(Cl)c4)n2,CHEMBL3237187,IC50,8.0
1735136,CN1CCN(CC1)c2ccc(cc2)c3nc4c(N5CCN(Cc6cc(C)on6)CC5)c(Cl)cnc4[nH]3,CHEMBL1651456,IC50,8.0
1735146,CN1CCN(CC1)c2nc3c(N4CCN(Cc5cc(C)on5)CC4)c(Cl)cnc3[nH]2,CHEMBL1086582,IC50,8.0
5843986,CNc1cccc(c1)C(=O)Nc2cccc(CNc3ncnc4c(cccc34)C(=O)N)c2,CHEMBL3685238,IC50,8.0
5843996,Cc1cc(Nc2nc(Sc3ccc(NC(=O)C4CC4)cc3)nn5cc(NC(=O)CN6CCC[C@@H]6CO)cc25)n[nH]1,CHEMBL1822489,Kd,8.0
5844007,Cc1cc(Nc2nc(Sc3ccc(NC(=O)CN4CC[C@@H](C4)C(=O)N5CCCC5)cc3)nn6cccc26)n[nH]1,CHEMBL2163402,Kd,8.0
5844018,Cc1cc(Nc2nc(Sc3ccc(NC(=O)CN4C[C@H](O)[C@H](C4)Oc5ccccc5F)cc3)nn6cccc26)n[nH]1,CHEMBL1822656,Kd,8.0
5844029,Cc1onc(CN2CCN(CC2)c3c(Br)cnc4[nH]c(nc34)N5CCNCC5)c1,CHEMBL1084636,IC50,8.0
5844040,Cc1onc(CN2CCN(CC2)c3c(Br)cnc4[nH]c(nc34)c5ccc(CN)cc5)c1,CHEMBL1082597,IC50,8.0
5844051,Cc1onc(CN2CCN(CC2)c3c(Br)cnc4[nH]c(nc34)c5ccc(CN6CCNCC6)cc5)c1,CHEMBL1085607,IC50,8.0
5844062,Cc1onc(CN2CCN(CC2)c3c(Br)cnc4[nH]c(nc34)c5ccc(Cn6cccn6)cc5)c1,CHEMBL1651457,IC50,8.0
5844072,Cc1onc(CN2CCN(CC2)c3c(Br)cnc4[nH]c(nc34)c5ccc(cc5)N6CCNCC6)c1,CHEMBL1651455,IC50,8.0
5844083,Cc1onc(CN2CCN(CC2)c3c(Cl)cnc4[nH]c(nc34)N5CCN(Cn6cccn6)CC5)c1,CHEMBL1086584,IC50,8.0
5844094,Cn1cc(Nc2ncc3cnn(C4C[C@@H]5C[C@@H]5C4)c3n2)cc1C(=O)N6CCC[C@H]6CN7CCCC7,CHEMBL2012410,IC50,8.0
5844105,Fc1ccc(cc1)C(=O)Nc2c[nH]nc2c3nc4ccc(CN5CCOCC5)cc4[nH]3,CHEMBL522563,IC50,8.0
5844116,OC(=O)c1ccc(Nc2nccc(Nc3ccccc3)n2)cc1,CHEMBL2170597,IC50,8.0
5844127,Oc1ccc(Nc2ncc(F)c(Nc3ccc(cc3)C(=O)Nc4ccccc4Cl)n2)cc1,CHEMBL521949,IC50,8.0
5844137,CCN(CC)CCOC1CC=C(C=C1)C(O)Nc2cccc(CNc3ncnc4c(cccc34)C(=O)N)c2,CHEMBL3685229,IC50,8.01
5844147,Cc1cc(Nc2cc(C)c(C#N)c(SCCCCCC(C)(C)O)n2)n[nH]1,CHEMBL1778660,Ki,8.01
5844157,CN(C)CCCOC1=CC(=CCC1)C(=O)N\C=C\C(CNc2ncnc3c(cccc23)C(=O)N)CC=C,CHEMBL3685228,IC50,8.02
5844167,Cc1cc(Nc2nc(Sc3ccc(NC(=O)CN4CC[C@H](C4)C(=O)NC5CCCC5)cc3)nn6cccc26)n[nH]1,CHEMBL2163394,Kd,8.03
5844177,CCN1\C(=C\C=C\C2=[N+](CC)c3ccc(cc3C2(C)C)S(=O)(=O)O)\C(C)(CCCC(=O)NCCCC[C@@H](NC(=O)[C@@H](CCCNC(=N)N)NC(=O)[C@@H](CCCNC(=N)N)NC(=O)[C@@H](CCCNC(=N)N)NC(=O)[C@@H](CCCNC(=N)N)NC(=O)[C@@H](CCCNC(=N)N)NC(=O)[C@@H](CCCNC(=N)N)NC(=O)[C@H](Cc4ccc(cc4)C(=O)c5ccccc5)NC(=O)[C@H](Cc6ccc(cc6)C(=O)c7ccccc7)NC(=O)CCCNC(=O)[C@@]8(Cc9cccc(Nc%10nccs%10)n9)CC[C@@H](CC8)Oc%11cccc(Cl)c%11F)C(=O)N)c%12cc(ccc1%12)S(=O)(=O)O,CHEMBL3600762,Kd,8.04
5844187,COc1ccc(cc1)C(=O)Nc2ccc(C)c(CNc3ncnc4c(cccc34)C(=O)N)c2,CHEMBL3685211,IC50,8.04
5844197,Cc1nc(C)c(s1)c2ccnc(Nc3ccc(cc3)N4CCN(CC4)S(=O)(=O)C)n2,CHEMBL1083484,Ki,8.04
5844208,CC(=O)N1CCN(CC1)c2ccc(cc2)c3nc4c(N5CCN(Cc6cc(C)on6)CC5)c(Br)cnc4[nH]3,CHEMBL2203766,IC50,8.05
5844219,CC(=O)NC[C@@H]1CCN(C1)c2c(Cl)cnc3[nH]c(nc23)c4cn(C)nc4C,CHEMBL3087778,IC50,8.05
5844229,CC(Nc1ncnc2c(cc(OCc3ccccc3)cc12)C(=O)N)c4cccc(NC(=O)c5ccc(Br)cc5)c4,CHEMBL3685260,IC50,8.05
5844240,CCOC(=O)c1[nH]cc2C(C3=C(CCCC3=O)Nc12)c4oc(Sc5nc6ccccc6[nH]5)cc4,CHEMBL3393469,IC50,8.05
5844251,CC[C@@H](NC(=O)c1cc2[nH]nc(NC(=O)c3ccc(cc3)N4CCN(C)CC4)c2s1)c5ccccc5,CHEMBL1230201,IC50,8.05
5844262,CN1CCN(CC1)c2ccc(cc2)C(=O)Nc3n[nH]c4CN(Cc34)C(=O)[C@H](F)c5ccccc5,CHEMBL385266,IC50,8.05
1421956,COc1cc2c(Nc3ccc(c(F)c3)c4nc5ccccc5s4)ncnc2cc1OCCCN6CCN(C)CC6,CHEMBL593987,IC50,8.05
5844275,COc1ccc(Sc2nc(Nc3cc(C)[nH]n3)c4ccccc4n2)cc1,CHEMBL552500,Ki,8.05
5844286,COc1ccc(cc1)c2nc3c(N4CCN(Cc5cccnc5)CC4)c(Br)cnc3[nH]2,CHEMBL1083801,IC50,8.05
5844297,COc1ccc(cc1)c2nc3c(N4CCN(Cc5ccncc5)CC4)c(Br)cnc3[nH]2,CHEMBL1651451,IC50,8.05
5844308,COc1cccc(NC(=O)Cc2cc(Nc3ncnc4cc(OCCCN5CCC(CO)CC5)c(OC)cc34)[nH]n2)c1,CHEMBL385597,Ki,8.05
5844319,CS(=O)(=O)N(CCCN1CCCCC1)c2ccc(Nc3ncc4cnn(C5CCCCCC5)c4n3)cc2,CHEMBL1825095,IC50,8.05
526839,CS(=O)(=O)O.OC(=Nc1cccc(Cl)c1)Nc2ncc(CCN=C3NC=Nc4ccsc34)s2,CHEMBL518051,IC50,8.05
3358188,Cc1cc(Nc2nc(Sc3ccc(NC(=O)CN4C[C@@H](C[C@H]4CO)OC(C)(C)C)cc3)nn5cccc25)n[nH]1,CHEMBL1822637,Kd,8.05
5844334,Cc1cc(Nc2nc(Sc3ccc(NC(=O)CN4C[C@H](OC(C)(C)C)C(=NO)C4)cc3)nn5cccc25)n[nH]1,CHEMBL1822655,Kd,8.05
5844345,Cc1cc(Nc2nc(Sc3ccc(NC(=O)OC(C)(C)C)cc3)nc4ccccc24)n[nH]1,CHEMBL556460,Ki,8.05
5844356,Cc1cccc(NC(=O)Nc2ncc(CCNc3ncnc4ccsc34)s2)c1,CHEMBL513078,IC50,8.05
5844367,Fc1cc(cc(c1)C(F)(F)F)C(=O)Nc2ccc(Nc3ccnc4NC(=O)c5ccccc5c34)cc2,CHEMBL2380837,IC50,8.05
5844378,Fc1cc(ccc1C(=O)Nc2ccc(Nc3ccnc4NC(=O)c5ccccc5c34)cc2)C(F)(F)F,CHEMBL2380836,IC50,8.05
5844389,Fc1ccccc1C(=O)Nc2ccc(Nc3ccnc4NC(=O)c5ccccc5c34)cc2,CHEMBL2380823,IC50,8.05
5844399,NC(=O)c1cccc2c(NCc3cccc(NC(=O)c4cnn5CCNCc45)c3)ncnc12,CHEMBL3685210,IC50,8.05
5844409,Oc1ccc(Nc2ncc(F)c(Nc3ccc(cc3)C(=O)Nc4ccccc4F)n2)cc1,CHEMBL522941,IC50,8.05
5844419,CC(Nc1ncnc2c(cccc12)C(=O)N)c3cccc(NC(=O)c4ccc(cc4)N5CCN(C)CC5)c3,CHEMBL3680487,IC50,8.06
5844429,Cc1cc(Nc2nc(Sc3ccc(NC(=O)CN4CCC(C4)C(=O)N5CCCC5)cc3)nn6cccc26)n[nH]1,CHEMBL2163398,Kd,8.06
5844440,CN(c1ccnc(Nc2ccc(cc2)C(=O)O)n1)c3ccccc3Cl,CHEMBL2170587,IC50,8.07
5844451,Cc1cc(Nc2cc(C)c(C#N)c(SCCCCCCO)n2)n[nH]1,CHEMBL1777841,Ki,8.07
5844461,Cc1nc2ccnc(Nc3cccc(CNc4ncnc5c(cccc45)C(=O)N)c3)c2[nH]1,CHEMBL3685209,IC50,8.07
5844470,COc1ccc(cc1F)C(=O)Nc2cccc(c2)C(CN(C)C(=O)OC(C)(C)C)Nc3ncnc4c(cccc34)C(=O)N,CHEMBL3680502,IC50,8.08
5844479,NC(=O)c1cccc2c(NCc3cccc(NC(=O)Cc4ccc(Cl)cc4)c3)ncnc12,CHEMBL3670478,IC50,8.08
5844488,NC(=O)c1cccc2c(NCc3cccc(NC(=O)N4CCCCC4)c3)ncnc12,CHEMBL3670465,IC50,8.08
5844498,CC(=O)N1CCN(CC1)c2ccc(Nc3nccc(n3)c4sc(C)nc4C)cc2,CHEMBL1083786,Ki,8.09
5844508,CN(C)CC(Nc1ncnc2c(cccc12)C(=O)N)c3cccc(NCc4ccc(Br)cc4)c3,CHEMBL3680433,IC50,8.09
5844517,NC(=O)c1cccc2c(NCc3ccccc3C(F)(F)F)ncnc12,CHEMBL3675352,IC50,8.09
5844527,CC(C)O[C@H]1CN(CC(=O)Nc2ccc(Sc3nc(Nc4cc(C)[nH]n4)c5cccn5n3)cc2)C[C@@H]1O,CHEMBL1822652,Kd,8.1
5844538,CCC(C)(C)O[C@H]1CN(CC(=O)Nc2ccc(Sc3nc(Nc4cc(C)[nH]n4)c5cccn5n3)cc2)C[C@@H]1O,CHEMBL1822650,Kd,8.1
5844549,CCOC(=O)c1[nH]cc2C(C3=C(CCCC3=O)Nc12)c4oc(Sc5nc6c(F)cc(F)cc6[nH]5)cc4,CHEMBL3393475,IC50,8.1
5844560,CCOC(=O)c1[nH]cc2C(C3=C(CN(CC)CC3=O)Nc12)c4oc(Sc5nc6ccccc6[nH]5)cc4,CHEMBL3393484,IC50,8.1
5844571,CN1CCN(CC1)c2cc(Nc3cc(C)[nH]n3)nc(Nc4ccc(cc4)C#N)n2,CHEMBL3237166,IC50,8.1
5844582,COc1cc2c(Nc3cc(CC(=O)Nc4cccc(Cl)c4)[nH]n3)ncnc2cc1OCCCN5CCC(CO)CC5,CHEMBL215636,Ki,8.1
5844594,COc1ccc(cc1)c2nc3c(N4CCN(Cc5cncnc5)CC4)c(Br)cnc3[nH]2,CHEMBL1084859,IC50,8.1
3358177,Cc1cc(Nc2nc(Sc3ccc(NC(=O)CN4CC(F)(F)C[C@H]4CO)cc3)nn5cccc25)n[nH]1,CHEMBL1822638,Kd,8.1
5844607,Cc1cc(Nc2nc(Sc3ccc(NC(=O)CN4C[C@@H](F)C[C@H]4CO)cc3)nn5cccc25)n[nH]1,CHEMBL1822640,Kd,8.1
5844618,Cc1cc(Nc2nc(cn3c(cnc23)c4cn[nH]c4)c5cccnc5)sn1,CHEMBL1800086,IC50,8.1
5637451,Cc1nc(N)sc1c2ccnc(Nc3ccc(cc3)N4CCOCC4)n2,CHEMBL482967,Ki,8.1
5319346,NC(=O)c1cccc2c(NC(CCN3CCCCC3)c4cccc(NC(=O)c5ccc(F)cc5F)c4)ncnc12,CHEMBL3680425,IC50,8.1
5844632,Nc1ncnn2ccc(C(=O)Nc3ccc(NC(=O)Nc4ccsc4)cc3)c12,CHEMBL2063467,IC50,8.1
5844643,OC(=O)CCc1c(\C=C\2/C(=O)Nc3ccc(cc23)S(=O)(=O)N4CCc5ccccc45)[nH]c6CCCC(=O)c16,CHEMBL1215146,IC50,8.1
5844654,Oc1ccc(Nc2ncc(Cl)c(Nc3ccc(O)cc3)n2)cc1,CHEMBL491773,IC50,8.1
5844664,CN(C)CCOc1cc(C(=O)N)c2ncnc(NCc3cccc(NC(=O)c4ccnc(c4)N5CCCC5)c3)c2c1,CHEMBL3685296,IC50,8.11
5844674,COC(=O)c1ccc(Nc2nc(Nc3cc(C)[nH]n3)cc(n2)N4CCN(C)CC4)cc1Cl,CHEMBL3237169,IC50,8.11
5844684,NC(=O)c1cccc2c(NCc3cccc(NC(=O)Nc4cccc(OCCN5CCOCC5)c4)c3)ncnc12,CHEMBL3680525,IC50,8.11
5844693,NC(=O)c1cccc2c(NCc3cccc(NC(=O)c4ccccc4C#N)c3)ncnc12,CHEMBL3685269,IC50,8.11
5844703,CC(=O)N1CCN(CC1)c2ccc(Nc3nccc(n3)c4sc(N)nc4C)cc2,CHEMBL1084969,Ki,8.12
5844713,NC(=O)c1cccc2c(NCc3cccc(Nc4ccc(N)cn4)c3)ncnc12,CHEMBL3685208,IC50,8.12
5321150,CN(CC(Nc1ncnc2c(cccc12)C(=O)N)c3cccc(NC(=O)c4ccc(F)c(F)c4)c3)C(=O)OC(C)(C)C,CHEMBL3675488,IC50,8.13
5844724,CN1CCN(CC1)C(=O)c2cc(Nc3ncc4cc(C#N)n(C5CCCC5)c4n3)cn2C,CHEMBL2029901,IC50,8.13
5640236,Cc1nn(C)cc1c2nc3c(N4CCN(Cc5ccc(Cl)cc5)CC4)c(Cl)cnc3[nH]2,CHEMBL2207503,Kd,8.13
5844736,NC(=O)c1cccc2c(NC(CCN3CCCCC3)c4cccc(NC(O)c5ccccc5)c4)ncnc12,CHEMBL3685286,IC50,8.13
5844745,NC(=O)c1cccc2c(NCc3cccc(NC(=O)c4ccc(CN5CCCC5)cc4)c3)ncnc12,CHEMBL3680518,IC50,8.13
5844754,CN1CCN(Cc2ccc(cc2)C(=O)Nc3cccc(CNc4ncnc5c(cccc45)C(=O)N)c3)CC1,CHEMBL3685270,IC50,8.14
5844763,COCCOc1ccccc1C(=O)Nc2cccc(CNc3ncnc4c(cccc34)C(=O)N)c2,CHEMBL3685207,IC50,8.14
5844772,COc1cc(CNc2cncc3c(cccc23)C(=O)N)cc(OC)c1,CHEMBL3670416,IC50,8.14
5844781,COCCNc1cc(ccn1)C(=O)Nc2cccc(CNc3ncnc4c(cccc34)C(=O)N)c2,CHEMBL3680523,IC50,8.15
5844790,CCN(CC)CCNCc1cc(C(=O)N)c2ncnc(NCc3cccc(NC(O)c4ccc(OC)cc4)c3)c2c1,CHEMBL3685205,IC50,8.16
5844800,CN(C)c1ccc(Nc2nccc(n2)c3sc(C)nc3C)cc1,CHEMBL46817,Ki,8.16
3358131,CN1CCN(CC1)C(=O)C(=O)Nc2cc3c(Nc4cc(C)[nH]n4)nc(Sc5ccc(NC(=O)C6CC6)cc5)nn3c2,CHEMBL1822490,Kd,8.16
3097070,COc1cccc(F)c1C2=NCc3cnc(Nc4ccc(C(=O)O)c(OC)c4)nc3c5ccc(Cl)cc25,CHEMBL483158,IC50,8.16
5844815,COc1ccccc1C(=O)Nc2ccc(Nc3ccnc4NC(=O)c5ccccc5c34)cc2,CHEMBL2380839,IC50,8.16
3358166,Cc1cc(Nc2nc(Sc3ccc(NC(=O)C4CC4)cc3)nn5cc(NC(=O)CN6CCOCC6)cc25)n[nH]1,CHEMBL1822487,Kd,8.16
5844828,Cc1cc(Nc2nc(Sc3ccc(NC(=O)CN4C[C@@H](O)[C@H](C4)Oc5ccc(F)cc5)cc3)nn6cccc26)n[nH]1,CHEMBL1822661,Kd,8.16
5844839,Cc1cc(Nc2nc(Sc3ccc(NC(=O)CN4C[C@H](O)[C@H](C4)OCC5CC5)cc3)nn6cccc26)n[nH]1,CHEMBL1822653,Kd,8.16
5844850,Cc1nn(C)cc1c2nc3c(N4CCC[C@@H](CNS(=O)(=O)C)C4)c(Cl)cnc3[nH]2,CHEMBL3087780,IC50,8.16
5844861,Cc1onc(CN2CCN(CC2)c3c(Br)cnc4[nH]c(nc34)c5ccc(cc5)N6CCOCC6)c1,CHEMBL2203765,IC50,8.16
5844872,Fc1c(cccc1C(F)(F)F)C(=O)Nc2ccc(Nc3ccnc4NC(=O)c5ccccc5c34)cc2,CHEMBL2380835,IC50,8.16
5844883,Fc1cc(F)cc(c1)C(=O)Nc2ccc(Nc3ccnc4NC(=O)c5ccccc5c34)cc2,CHEMBL2380833,IC50,8.16
5844894,Fc1ccc(cc1F)C(=O)Nc2ccc(Nc3ccnc4NC(=O)c5ccccc5c34)cc2,CHEMBL2380832,IC50,8.16
5844905,Fc1cccc(c1)C(=O)Nc2ccc(Nc3ccnc4NC(=O)c5ccccc5c34)cc2,CHEMBL2380825,IC50,8.16
5844915,NC(=O)c1cccc2c(NCc3cccc(NC(=O)[C@@H]4CCCN4C(=O)C(F)(F)F)c3)ncnc12,CHEMBL3685206,IC50,8.16
5844924,NC(=O)c1cccc2c(NCc3cccc(Nc4ncnc5nc[nH]c45)c3)ncnc12,CHEMBL3685204,IC50,8.16
5844934,OC(=O)CCc1c(\C=C\2/C(=O)Nc3ccc(cc23)S(=O)(=O)N4CCCC4)[nH]c5CCCC(=O)c15,CHEMBL1215072,IC50,8.16
5844944,CN1CCN(CCCOc2cc(C(=O)N)c3ncnc(NCc4ccc(cc4)C(F)(F)F)c3c2)CC1,CHEMBL3675323,IC50,8.17
5844953,NC(=O)c1cc(OCCCN2CCC[C@H]2CO)cc3c(NCc4ccc(cc4)C(F)(F)F)ncnc13,CHEMBL3675321,IC50,8.17
5844962,CN(C)CCCOC1CC=C(C=C1)C(=O)Nc2cccc(CNc3ncnc4c(cccc34)C(=O)N)c2,CHEMBL3685203,IC50,8.18
5844971,NC(=O)c1cccc2c(NCc3occc3)ncnc12,CHEMBL3670417,IC50,8.18
5844981,OC(=O)c1ccc(Nc2nccc(Nc3ccccc3Cl)n2)cc1O,CHEMBL2170437,IC50,8.18
5844991,CCN1\C(=C\C=C\C2=[N+](CC)c3ccc(cc3C2(C)C)S(=O)(=O)O)\C(C)(CCCC(=O)NCCCC[C@@H](NC(=O)[C@@H](CCCNC(=N)N)NC(=O)[C@@H](CCCNC(=N)N)NC(=O)[C@@H](CCCNC(=N)N)NC(=O)[C@@H](CCCNC(=N)N)NC(=O)[C@@H](CCCNC(=N)N)NC(=O)[C@@H](CCCNC(=N)N)NC(=O)[C@@H](Cc4ccc(cc4)C(=O)c5ccccc5)NC(=O)[C@@H](Cc6ccc(cc6)C(=O)c7ccccc7)NC(=O)CCCNC(=O)[C@@]8(Cc9cccc(Nc%10nccs%10)n9)CC[C@@H](CC8)Oc%11cccc(Cl)c%11F)C(=O)N)c%12cc(ccc1%12)S(=O)(=O)O,CHEMBL3600763,Kd,8.19
5845002,Cc1cc(Nc2nc(Sc3ccc(NC(=O)CN4CC[C@H](C4)C(=O)N5CCCCC5)cc3)nn6cccc26)n[nH]1,CHEMBL2163389,Kd,8.19
689238,OC(=O)c1ccc(Nc2ncc3CN=C(c4cc(Cl)ccc4c3n2)c5c(F)cccc5F)cc1,CHEMBL259084,Kd,8.19
5845014,CN(C)c1cccc(n1)C(=O)Nc2cccc(CNc3ncnc4c(cccc34)C(=O)N)c2,CHEMBL3670498,IC50,8.2
5845024,COc1ccccc1CCNc2nc(NC(Cc3c[nH]c4ncccc34)C(=O)N)nc(n2)N(C)[C@@H](C)c5ccccc5,CHEMBL1213110,IC50,8.2
5845035,Cc1cc(Nc2nc(Sc3ccc(NC(=O)CN4CC[C@H](C4)C(=O)N5CCCC5)cc3)nn6cccc26)n[nH]1,CHEMBL2163403,Kd,8.2
5845046,Cc1cc(Nc2nc(Sc3ccc(NC(=O)CN4CC[C@H](C4)C(=O)NCCN5CCOCC5)cc3)nn6cccc26)n[nH]1,CHEMBL2163392,Kd,8.2
5845056,C[C@@H](Nc1ncnc2c(cccc12)C(=O)N)c3cccc(Nc4ccc(CN5CCOCC5)cn4)c3,CHEMBL3685201,IC50,8.21
5845066,Brc1cnc2[nH]c(nc2c1N3CCN(Cc4cncnc4)CC3)c5ccc(CN6CCOCC6)cc5,CHEMBL1084860,IC50,8.22
5845077,Brc1cnc2[nH]c(nc2c1N3CCN(Cc4cscn4)CC3)c5ccc(CN6CCOCC6)cc5,CHEMBL1082492,IC50,8.22
5845088,CCCCc1cnc(Nc2ncnc3cc(OCCCN4CCOCC4)c(OC)cc23)s1,CHEMBL201655,IC50,8.22
5845099,CCN1CCN(CC1)c2ccc(cc2)c3nc4c(N5CCN(Cc6cc(C)on6)CC5)c(Cl)cnc4[nH]3,CHEMBL2203767,IC50,8.22
5845109,CCN1\C(=C\C=C\C2=[N+](CC)c3ccc(cc3C2(C)C)S(=O)(=O)O)\C(C)(CCCC(=O)NCCCC[C@@H](NC(=O)[C@H](CCCNC(=N)N)NC(=O)[C@H](CCCNC(=N)N)NC(=O)[C@H](CCCNC(=N)N)NC(=O)[C@H](CCCNC(=N)N)NC(=O)[C@H](CCCNC(=N)N)NC(=O)[C@H](CCCNC(=N)N)NC(=O)[C@@H](Cc4ccc(cc4)N=[N+]=[N-])NC(=O)[C@@H](Cc5ccc(cc5)N=[N+]=[N-])NC(=O)CCNC(=O)[C@@]6(Cc7cccc(Nc8nccs8)n7)CC[C@@H](CC6)Oc9cccc(Cl)c9F)C(=O)N)c%10cc(ccc1%10)S(=O)(=O)O,CHEMBL3600868,Kd,8.22
5845120,CCOC(=O)c1[nH]cc2C(C3=C(CN(CC3=O)C(=O)OC(C)(C)C)Nc12)c4oc(Sc5nc6ccccc6[nH]5)cc4,CHEMBL3393490,IC50,8.22
5845130,CCc1[nH]cc2C(C3=C(CCCC3=O)Nc12)c4cccc(Oc5nc6ccccc6[nH]5)c4,CHEMBL3663733,IC50,8.22
5845140,CN1CCN(CC1)c2ccc(cc2)C(=O)Nc3n[nH]c4CN(Cc34)C(=O)[C@H](O)c5ccccc5,CHEMBL385872,IC50,8.22
5845151,CS(=O)(=O)N(CCCO)c1ccc(Nc2ncc3cnn(C4CCCCCC4)c3n2)cc1,CHEMBL1825091,IC50,8.22
5845162,CS(=O)(=O)N1CCC(CC1)c2cc(Nc3nccn4c(cnc34)c5cn[nH]c5)sn2,CHEMBL1801109,IC50,8.22
5845173,C[C@@H](NC(=O)c1cc2[nH]nc(NC(=O)c3ccc(cc3)N4CCN(C)CC4)c2s1)c5ccccc5,CHEMBL1257296,IC50,8.22
5845184,Cc1cc(Nc2nc(Sc3ccc(Cl)cc3)nc4ccccc24)n[nH]1,CHEMBL562157,Ki,8.22
5845195,Cc1cc(Nc2nc(Sc3ccc(NC(=O)CN4C[C@H](O)[C@H](C4)OC(C)(C)C(F)(F)F)cc3)nn5cccc25)n[nH]1,CHEMBL1822649,Kd,8.22
5845206,Cc1nonc1CN2CCN(CC2)c3c(Cl)cnc4[nH]c(nc34)c5cn(C)nc5C,CHEMBL2207499,IC50,8.22
5845217,Cn1cc(Nc2ncc3cnn(C4C[C@@H]5C[C@@H]5C4)c3n2)cc1C(=O)N6CCC[C@H]6C(=O)N,CHEMBL2012408,IC50,8.22
5845227,NC(=O)c1cccc2c(NC(CCN3CCCCC3)c4cccc(NC(=O)c5ccc(cc5F)C(F)(F)F)c4)ncnc12,CHEMBL3680432,IC50,8.22
5845237,OC(=O)c1ccc(Nc2nccc(Nc3ccccc3C(=O)O)n2)cc1,CHEMBL2170592,IC50,8.22
5845248,Oc1ccc(Nc2ncc(F)c(Nc3ccc(NC(=O)c4ccccc4Cl)cc3)n2)cc1,CHEMBL523991,IC50,8.22
5845258,CC(C)OC(=O)N(C)CC(NC1=NC=NC2=C(CCC=C12)C(=O)N)c3cccc(NC(=O)c4ccc(Br)cc4)c3,CHEMBL3680534,IC50,8.23
5845267,COc1ccc(cc1)C(=O)Nc2cccc(c2)C(CCN3CCC3)Nc4ncnc5c(cccc45)C(=O)N,CHEMBL3685289,IC50,8.23
5845277,O=C(Nc1c[nH]nc1c2nc3ccccc3[nH]2)c4ccccc4,CHEMBL522891,IC50,8.23
5845287,CCN1\C(=C\C=C\C2=[N+](CC)c3ccc(cc3C2(C)C)S(=O)(=O)O)\C(C)(CCCC(=O)NCCCC[C@@H](NC(=O)[C@@H](CCCNC(=N)N)NC(=O)[C@@H](CCCNC(=N)N)NC(=O)[C@@H](CCCNC(=N)N)NC(=O)[C@@H](CCCNC(=N)N)NC(=O)[C@@H](CCCNC(=N)N)NC(=O)[C@@H](CCCNC(=N)N)NC(=O)[C@H](Cc4ccc(cc4)N=[N+]=[N-])NC(=O)[C@H](Cc5ccc(cc5)N=[N+]=[N-])NC(=O)CCNC(=O)[C@@]6(Cc7cccc(Nc8nccs8)n7)CC[C@@H](CC6)Oc9cccc(Cl)c9F)C(=O)N)c%10cc(ccc1%10)S(=O)(=O)O,CHEMBL3600764,Kd,8.24
5845298,Cc1cc(Nc2nc(Sc3ccc(NC(=O)CN4CC[C@H](C4)C(=O)N5CCC(F)(F)C5)cc3)nn6cccc26)n[nH]1,CHEMBL2163404,Kd,8.24
5845308,NC(=O)c1cc(OCCCNCCO)cc2c(NCc3ccc(cc3)C(F)(F)F)ncnc12,CHEMBL3675325,IC50,8.24
5845318,O=C(NC1CCCCC1)Nc2c[nH]nc2c3nc4cc(CN5CCOCC5)ccc4[nH]3,CHEMBL496754,IC50,8.24
5845329,Cc1cc(Nc2nc(Sc3ccc(NC(=O)CN4CC[C@H](C4)C(=O)NC(C)(C)C)cc3)nn5cccc25)n[nH]1,CHEMBL2163387,Kd,8.25
5845340,C1Cc2ccccc2CN1c3ncnc4scc(c5ccccc5)c34,CHEMBL1483261,IC50,8.26
5845350,CN(C)CCC(Nc1ncnc2c(cccc12)C(=O)N)c3cccc(NC(=O)c4cc(F)ccc4F)c3,CHEMBL3680458,IC50,8.26
5845359,NC(=O)c1cccc2c(NCC3CC=CC(=C3)NC(=O)c4ccncc4)ncnc12,CHEMBL3685200,IC50,8.26
5845368,COc1cccc(OC)c1C(=O)Nc2cccc(CNc3ncnc4c(cccc34)C(=O)N)c2,CHEMBL3685279,IC50,8.27
5845378,CC(=O)Nc1ccc(Sc2nc(Nc3cc(C)[nH]n3)cc(C)c2C#N)cc1,CHEMBL1780257,Ki,8.28
5845389,CCN(Cc1ccc2[nH]cnc2c1Cl)c3nccc(Nc4cc([nH]n4)C5CC5)n3,CHEMBL3580976,Ki,8.28
5845400,CCC(=O)Nc1ccc(Sc2nc(C)cc(Nc3cc(C)[nH]n3)n2)cc1,CHEMBL560556,Ki,8.29
5845411,CNc1nc(NCCc2ccccc2OC)nc(Nc3ccc4ncccc4c3)n1,CHEMBL1213153,IC50,8.29
5845422,Cc1cc(Nc2nc(Sc3ccc(NC(=O)CN4CC[C@H](C4)OCCCN5CCOCC5)cc3)nn6cccc26)n[nH]1,CHEMBL2163411,Kd,8.29
5845432,Cn1cnc2c(Nc3cccc(CNc4ncnc5c(cccc45)C(=O)N)c3)nccc12,CHEMBL3680457,IC50,8.29
5845442,OC(=O)c1cccc(Nc2ncc(F)c(Nc3ccccc3C(=O)O)n2)c1,CHEMBL2170422,IC50,8.29
5845453,Brc1cnc2[nH]c(nc2c1N3CCN(Cc4cccnc4)CC3)c5ccc(CN6CCOCC6)cc5,CHEMBL1084858,IC50,8.3
5845464,Brc1cnc2[nH]c(nc2c1N3CCN(Cc4ccncc4)CC3)c5ccc(CN6CCOCC6)cc5,CHEMBL1651453,IC50,8.3
5845475,CC(C)(C)c1ccc(cc1)C(=O)Nc2[nH]nc3CN(Cc23)C(=O)Cc4ccsc4,CHEMBL192928,IC50,8.3
5845486,CC(C)(C)c1ccc(cc1)C(=O)Nc2n[nH]c3CN(Cc23)C(=O)Cc4cccs4,CHEMBL484007,IC50,8.3
5845497,CC(C)N(c1ccc(Nc2ncc3cnn(C4CCCCCC4)c3n2)cc1)S(=O)(=O)C,CHEMBL1825092,IC50,8.3
4531944,CCNc1nc(C)c(s1)c2ccnc(Nc3ccc(CNC(=O)C)cc3)n2,CHEMBL1084715,Ki,8.3
5845510,CN(C[C@H]1CCCN(C1)c2c(Cl)cnc3[nH]c(nc23)c4cn(C)nc4C)S(=O)(=O)C,CHEMBL3087781,IC50,8.3
5845521,CN1CCN(CC1)C(=O)c2cc(Nc3ncc4cc(c5ccnn5C)n(C6CCCC6)c4n3)cn2C,CHEMBL2029913,IC50,8.3
5845532,CN1CCN(CC1)c2cc(Nc3cc(C)[nH]n3)nc(Nc4ccc(cc4)S(=O)(=O)N)n2,CHEMBL3237167,IC50,8.3
5319481,COCCN(C)c1cc(ccn1)C(=O)Nc2cccc(CNc3ncnc4c(cccc34)C(=O)N)c2,CHEMBL3680411,IC50,8.3
5845544,COCCO[C@H]1CN(CC(=O)Nc2ccc(Sc3nc(Nc4cc(C)[nH]n4)c5cccn5n3)cc2)C[C@@H]1O,CHEMBL1822651,Kd,8.3
5845555,COc1cc2c(Nc3ncc(CC(=O)Nc4cccc(F)c4)s3)ncnc2cc1OCCCNCCO,CHEMBL373013,IC50,8.3
5845565,COc1ccc(cc1F)C(=O)Nc2cccc(c2)C(CCN(C)C)Nc3ncnc4c(cccc34)C(=O)N,CHEMBL3680505,IC50,8.3
5845575,CS(=O)(=O)N(CCCN1CCOCC1)c2ccc(Nc3ncc4cnn(C5CCCCCC5)c4n3)cc2,CHEMBL1825090,IC50,8.3
5845586,C[C@@H](NC(=O)c1cc2[nH]nc(NC(=O)c3ccc(cc3)N4CCOCC4)c2s1)c5ccccc5,CHEMBL1258912,IC50,8.3
5845597,Cc1cc(Nc2nc(Sc3c(Cl)cccc3Cl)nc4ccccc24)n[nH]1,CHEMBL561834,Ki,8.3
5845608,Cc1cc(Nc2nc(Sc3ccc(NC(=O)CN4C[C@H](O)[C@@H](F)C4)cc3)nn5cccc25)n[nH]1,CHEMBL1822648,Kd,8.3
5845619,Cc1cc(Nc2nc(Sc3ccccc3Cl)nc4ccccc24)n[nH]1,CHEMBL562415,Ki,8.3
5845630,Cc1nn(C)cc1c2nc3c(N4CCC[C@H](CNS(=O)(=O)C)C4)c(Cl)cnc3[nH]2,CHEMBL3087779,IC50,8.3
5845641,Fc1cccc(F)c1C(=O)Nc2ccc(Nc3ccnc4NC(=O)c5ccccc5c34)cc2,CHEMBL2380831,IC50,8.3
5845651,NC(=O)c1cccc2c(NCc3cccc(NC(=O)c4cccc(Cl)n4)c3)ncnc12,CHEMBL3670487,IC50,8.3
5319355,NC(=O)c1cccc2c(NCc3cccc(NC(=O)c4cccc(OCCO)c4)c3)ncnc12,CHEMBL3680424,IC50,8.3
5322044,CN(C)CC(Nc1ncnc2c(cccc12)C(=O)N)c3cccc(NC(=O)c4ccnc(c4)N(C)C)c3,CHEMBL3675418,IC50,8.31
5845662,NC(=O)c1cc(N)cc2c(NCc3ccc(Cl)c(c3)C(F)(F)F)ncnc12,CHEMBL3675381,IC50,8.31
5845671,CCN(CC)CCOc1cc(C(=O)N)c2ncnc(NCc3cccc(NC(=O)c4ccc(OC)cc4)c3)c2c1,CHEMBL3685239,IC50,8.32
5845680,NC(=O)c1cccc2c(NCc3cccc(NC(=O)Nc4ccccc4C(F)(F)F)c3)ncnc12,CHEMBL3670453,IC50,8.33
5845689,COCCCOC1CC=CC(=C1)C(=O)Nc2cccc(CNc3ncnc4c(cccc34)C(=O)N)c2,CHEMBL3680450,IC50,8.35
5845699,Cc1cc(Nc2cc(C)c(C#N)c(NCCCCCCO)n2)n[nH]1,CHEMBL1777840,Ki,8.35
5845710,Cc1cc(Nc2nc(Sc3ccc(NC(=O)CN4CC[C@H](C4)OCCO)cc3)nn5cccc25)n[nH]1,CHEMBL2163407,Kd,8.35
5845721,OC(=O)c1cccc(Nc2ncc(F)c(Nc3ccccc3Cl)n2)c1,CHEMBL2170589,IC50,8.35
5845731,C[C@@H](Nc1ncnc2c(cccc12)C(=O)N)c3cccc(NC(=O)c4ccc(CN5CCCC5)cc4)c3,CHEMBL3639793,IC50,8.36
5845740,NC(=O)c1cccc2c(NCc3cccc(NC(=O)c4ccnc(NCCO)c4)c3)ncnc12,CHEMBL3680497,IC50,8.36
5319927,NC(=O)c1cccc2c(NCc3cccc(NC(=O)c4cncc(c4)N5CCOCC5)c3)ncnc12,CHEMBL3675533,IC50,8.36
5845751,CC(=O)N1CCN(CC1)C(=O)Cc2ccc(Nc3ncc(F)c(Nc4ccc(cc4)C(=O)Nc5ccccc5Cl)n3)cc2,CHEMBL508307,IC50,8.37
5845761,CCN1CCC(C1)C(=O)Nc2cccc(c2)[C@@H](C)Nc3ncnc4c(cccc34)C(=O)N,CHEMBL3680607,IC50,8.38
5845771,Cc1cc(Nc2nc(Sc3ccc(NC(=O)CN4CC[C@H](C4)C(=O)NC5CCC5)cc3)nn6cccc26)n[nH]1,CHEMBL2163395,Kd,8.38
5845781,NC(=O)c1cccc2c(NCC3CC=C\C(=N/C(O)c4c[nH]c5ncccc45)\C3)ncnc12,CHEMBL3680606,IC50,8.38
5845790,NC(=O)c1cccc2c(Nc3cccc(CNC(=O)c4ccc(cc4)C(F)(F)F)c3)ncnc12,CHEMBL3680605,IC50,8.38
5845800,CC(=O)N[C@@H]1CCN(C1)c2c(Cl)cnc3[nH]c(nc23)c4cn(C)nc4C,CHEMBL3087777,IC50,8.4
3358074,CC(=O)Nc1ccc(Sc2nc(Nc3cc(C)n[nH]3)c4ccccc4n2)cc1,CHEMBL484950,Ki,8.4
5845812,CC(Nc1ncnc2c(cccc12)C(=O)N)c3cccc(NC(=O)c4ccc(CN5CCCC5)cc4)c3,CHEMBL3685285,IC50,8.4
5641140,CCN1C(=O)C(C)(C)c2cc3[nH]c4c(CCCc5c(C)n[nH]c45)c3cc12,CHEMBL223147,IC50,8.4
5845824,CCOC(=O)c1[nH]cc2C(C3=C(CCCC3=O)Nc12)c4oc(Sc5nc6cccc(Cl)c6[nH]5)cc4,CHEMBL3393479,IC50,8.4
5845835,CCOC(=O)c1[nH]cc2C(C3=C(CCCC3=O)Nc12)c4oc(Sc5nc6cccc(F)c6[nH]5)cc4,CHEMBL3393474,IC50,8.4
5845845,CCOC(=O)c1[nH]cc2[C@H](C3=C(CCCC3=O)Nc12)c4oc(Sc5nc6ccccc6[nH]5)cc4,CHEMBL3663741,IC50,8.4
5845855,COC[C@@H]1CCCN1C(=O)c2cc(Nc3ncc4cnn(C5C[C@@H]6C[C@@H]6C5)c4n3)cn2C,CHEMBL2012411,IC50,8.4
5845866,COc1cc2c(Nc3ncc(s3)C(=O)Nc4ccccc4)ncnc2cc1OCCCN5CCOCC5,CHEMBL482774,IC50,8.4
5845877,COc1ccc(cc1)c2nc3c(N4CCN(Cc5cscn5)CC4)c(Br)cnc3[nH]2,CHEMBL1082291,IC50,8.4
5845888,COc1ccccc1Nc2ccnc(Nc3ccc(cc3)C(=O)O)n2,CHEMBL2170431,IC50,8.4
5845899,Cc1cc(Nc2nc(Sc3ccc(NC(=O)CN4CC[C@H](C4)C(=O)N5CCC(O)CC5)cc3)nn6cccc26)n[nH]1,CHEMBL2163391,Kd,8.4
5845910,Cc1cc(Nc2nc(Sc3ccc(NC(=O)CN4CC[C@H](C4)C(=O)N5CCOCC5)cc3)nn6cccc26)n[nH]1,CHEMBL2163390,Kd,8.4
5845921,Cc1cc(Nc2nc(Sc3ccc(NC(=O)CN4CC[C@H](C4)S(=O)(=O)C(C)(C)C)cc3)nn5cccc25)n[nH]1,CHEMBL2163401,Kd,8.4
5845932,Cc1cc(Nc2nc(Sc3cccc(Cl)c3)nc4ccccc24)n[nH]1,CHEMBL562416,Ki,8.4
5845943,Cc1nc(C)c(s1)c2ccnc(Nc3ccc(cc3)N4CCOCC4)n2,CHEMBL1085626,Ki,8.4
1734445,Cc1onc(CN2CCN(CC2)c3c(Cl)cnc4[nH]c(nc34)c5cn(C)nc5C6CC6)c1,CHEMBL2203764,IC50,8.4
5845956,Cn1cc(Nc2ncc3cnn(C4C[C@@H]5C[C@@H]5C4)c3n2)cc1C(=O)N6CCC[C@H]6CO,CHEMBL2012409,IC50,8.4
5845967,FC(F)(F)c1cc(CN2CCCC2)cc(NC(=O)Nc3ncc(CCNc4ncnc5ccsc45)s3)c1,CHEMBL486850,IC50,8.4
5845978,FC(F)(F)c1ccccc1C(=O)Nc2ccc(Nc3ccnc4NC(=O)c5ccccc5c34)cc2,CHEMBL2380824,IC50,8.4
5845989,Fc1ccc(cc1)C(=O)Nc2ccc(Nc3ccnc4NC(=O)c5ccccc5c34)cc2,CHEMBL2380827,IC50,8.4
5846000,O=C(Nc1ccc(Nc2ccnc3NC(=O)c4ccccc4c23)cc1)c5ccccc5,CHEMBL2380845,IC50,8.4
5846011,CCC(=O)Nc1ccc(Sc2nc(Nc3cc(C)[nH]n3)cc(n2)C4CC4)cc1,CHEMBL561617,Ki,8.41
5846022,CCC(=O)Nc1ccc(Sc2nc(Nc3cc(C)[nH]n3)cc(n2)c4cccnc4)cc1,CHEMBL557682,Ki,8.41
5320879,CN(C)CCC(Nc1ncnc2c(cccc12)C(=O)N)C3=CCCC(=C3)NC(=O)c4cccc(F)c4F,CHEMBL3675504,IC50,8.41
5320908,NC(=O)c1cccc2c(NC(CCN3CCCC3)c4cccc(NC(=O)c5ccc(F)cc5F)c4)ncnc12,CHEMBL3675505,IC50,8.41
5846034,NC(=O)c1cccc2c(NCc3cccc(c3)C(F)(F)F)ccnc12,CHEMBL3675379,IC50,8.41
5846044,OC(=O)c1ccc(Nc2ncc(F)c(Nc3ccccc3C(=O)O)n2)cc1,CHEMBL2170602,IC50,8.41
5846054,CC(Nc1ncnc2c(cc(OCc3ccccc3)cc12)C(=O)N)c4cccc(NC(=O)OC(C)(C)C)c4,CHEMBL3685301,IC50,8.42
5846064,CCCCCCSc1nc(Nc2cc(C)[nH]n2)cc(C)c1C#N,CHEMBL1780258,Ki,8.42
5846075,CCCCN(C)c1nc(NCCc2ccccc2OC)nc(NC(Cc3c[nH]c4ncccc34)C(=O)N)n1,CHEMBL1213108,IC50,8.42
5846086,CCC(=O)Nc1ccc(Sc2nc(Nc3cc(C)[nH]n3)cc(n2)N4CCNCC4)cc1,CHEMBL482779,IC50,8.43
5320037,CN(CC(Nc1ncnc2c(cccc12)C(=O)N)c3cccc(NC(=O)c4c(F)cccc4F)c3)C(=O)OC(C)(C)C,CHEMBL3675521,IC50,8.43
5846098,COc1ccccc1CCNc2nc(NC(Cc3c[nH]c4ncccc34)C(=O)N)nc(Nc5ccc6ncccc6c5)n2,CHEMBL1213111,IC50,8.43
5846109,OC(=O)c1ccc(Nc2nccc(Nc3ccccc3F)n2)cc1,CHEMBL2170427,IC50,8.43
5319658,CC(Nc1ncnc2c(cccc12)C(=O)N)c3cccc(NC(=O)c4cnc(C)cn4)c3,CHEMBL3680399,IC50,8.44
5846120,FC1CC=CC(=C1C(=O)Nc2cccc(c2)C(CCN3CCCC3)NC4\C=C\CC\C=C\N=C/N=4)F,CHEMBL3680439,IC50,8.44
5846129,NC(=O)c1cccc2c(NCc3cccc(Nc4ccc(cn4)C(F)(F)F)c3)ncnc12,CHEMBL3680604,IC50,8.44
5846138,COCCN(C)CCCOc1cc(C(=O)N)c2ncnc(NCc3ccc(cc3)C(F)(F)F)c2c1,CHEMBL3670504,IC50,8.46
5846147,Cc1ccc2ccnc(Nc3cccc(CNc4ncnc5c(cccc45)C(=O)N)c3)c2c1,CHEMBL3680603,IC50,8.46
5846157,O=C(Nc1c[nH]nc1c2nc3cc(CN4CCOCC4)ccc3[nH]2)c5ccccc5,CHEMBL496569,IC50,8.46
5846168,CCN1CCN(CC1)C(=O)Cc2ccc(Nc3ncc(F)c(Nc4ccc(cc4)C(=O)Nc5ccccc5Cl)n3)cc2,CHEMBL502124,IC50,8.47
5846178,CN1CCN(CC1)c2ccc(cc2C(F)(F)F)C(=O)Nc3cccc(CNc4nncc5c(cccc45)C(=O)N)c3,CHEMBL3680492,IC50,8.47
5846187,NC(=O)c1cc(OCCCN2CCN(CCO)CC2)cc3c(NCc4ccc(cc4)C(F)(F)F)ncnc13,CHEMBL3670505,IC50,8.47
5846196,NC(=O)c1cccc2c(NCc3cccc(NC(=O)c4c[nH]c5ccccc45)c3)ncnc12,CHEMBL3680517,IC50,8.47
5846205,COc1ccc(cc1)C(=O)Nc2cccc(CN(C)c3ncnc4c(cccc34)C(=O)N)c2,CHEMBL3685253,IC50,8.48
327281,O=C(NC1CC1)Nc2c[nH]nc2c3nc4cc(CN5CCOCC5)ccc4[nH]3,CHEMBL495727,IC50,8.48
5846217,OC(=O)Cc1ccc(Nc2nccc(Nc3ccccc3Cl)n2)cc1,CHEMBL2170436,IC50,8.48
5846228,OC(=O)c1ccc(Nc2ncc(Cl)c(Nc3ccccc3C(=O)O)n2)cc1,CHEMBL2170424,IC50,8.5
5846238,CC(Nc1ncnc2c(cccc12)C(=O)N)c3cccc(NC(=O)CC(F)(F)F)c3,CHEMBL3680602,IC50,8.51
5846247,CC(Nc1ncnc2c(cccc12)C(=O)N)c3cccc(NC(=O)c4ccc(CN(C)C)cc4)c3,CHEMBL3685268,IC50,8.51
5846256,C[C@@H](Nc1ncnc2c(cccc12)C(=O)N)c3cccc(NC(=O)c4cnc(C)cn4)c3,CHEMBL3680438,IC50,8.51
5846266,Clc1ccccc1Nc2ccnc(Nc3ccc(cc3)c4nnn[nH]4)n2,CHEMBL2170416,IC50,8.51
5319427,NC(=O)c1cccc2c(NC(CCN3CCCCC3)c4cccc(NC(=O)c5c(F)cccc5F)c4)ncnc12,CHEMBL3680419,IC50,8.51
5846278,CCNc1nc(C)c(s1)c2ccnc(Nc3cc(OC)c(OC)c(OC)c3)n2,CHEMBL1086088,Ki,8.52
5846288,CCc1[nH]cc2C(C3=C(CC(C)(C)CC3=O)Nc12)c4cccc(Oc5nc6ccccc6[nH]5)c4,CHEMBL3663737,IC50,8.52
5846298,CN(C)S(=O)(=O)c1ccccc1Nc2nc(Nc3ccc(CN4CCN(C)CC4)cc3)ncc2Cl,CHEMBL2022968,IC50,8.52
5846309,CN(Cc1ccc2[nH]cnc2c1Cl)c3nccc(Nc4cc([nH]n4)C5CC5)n3,CHEMBL3580975,Ki,8.52
5846321,COc1cc2c(Nc3cnc(NC(=O)c4ccccc4)nc3)ncnc2cc1OCCCN5CCOCC5,CHEMBL381724,IC50,8.52
5846332,COc1cccc(F)c1C(=O)Nc2ccc(Nc3ccnc4NC(=O)c5ccccc5c34)cc2,CHEMBL2380838,IC50,8.52
5846343,Cc1cc(Nc2nc(Sc3cccc(Cl)c3Cl)nc4ccccc24)n[nH]1,CHEMBL564459,Ki,8.52
5846354,Cc1ccc(cc1)C(=O)Nc2ccc(Nc3ccnc4NC(=O)c5ccccc5c34)cc2,CHEMBL2380826,IC50,8.52
5846365,Cc1onc(CN2CCN(CC2)c3c(Br)cnc4[nH]c(nc34)N5CCN(Cn6cccn6)CC5)c1,CHEMBL1086583,IC50,8.52
5846375,Cc1onc(CN2CCN(CC2)c3c(Cl)cnc4[nH]c(nc34)c5ccc(Cn6cccn6)cc5)c1,CHEMBL1651458,IC50,8.52
5846386,Clc1ccccc1Nc2nc(Nc3ccc(cc3)c4nnn[nH]4)ncc2Cl,CHEMBL2170418,IC50,8.52
5846398,Clc1cnc2[nH]c(nc2c1N3CCN(CC(=O)Nc4nccs4)CC3)c5ccc(CN6CCOCC6)cc5,CHEMBL1085848,IC50,8.52
5641660,Cn1cc(Nc2ncc(Br)c(N[C@@H]3[C@@H]4C[C@@H](C=C4)[C@@H]3C(=O)N)n2)cn1,CHEMBL2071201,IC50,8.52
5846411,Cn1cc(Nc2ncc3cnn(C4C[C@@H]5C[C@@H]5C4)c3n2)cc1C(=O)N6CCC[C@H]6CN7CCOCC7,CHEMBL2012412,IC50,8.52
5846421,NC(=O)c1cccc2c(NCc3cccc(NC(=O)C4CCCNC4)c3)ncnc12,CHEMBL3685254,IC50,8.52
5846431,O.Cl.CCOC(=O)c1[nH]cc2C(C3=C(CNCC3=O)Nc12)c4oc(Sc5nc6ccccc6[nH]5)cc4,CHEMBL3393472,IC50,8.52
5319391,CCn1nc(cc1C(=O)Nc2cccc(c2)C(C)Nc3ncnc4c(cccc34)C(=O)N)C(F)(F)F,CHEMBL3680421,IC50,8.54
5846442,COc1ccc(cc1)C(=O)Nc2ccc(F)c(CNc3ncnc4c(cccc34)C(=O)N)c2,CHEMBL3685265,IC50,8.54
5846452,Fc1cnc(Nc2ccc(cc2)c3nnn[nH]3)nc1Nc4ccccc4Cl,CHEMBL2169893,IC50,8.54
5846463,Cc1cc(Nc2nc(Sc3ccc(NC(=O)CN4CC[C@H](C4)[S+]([O-])C(C)(C)C)cc3)nn5cccc25)n[nH]1,CHEMBL2163400,Kd,8.55
5846474,Fc1ccccc1NC(=O)Nc2c[nH]nc2c3nc4cc(CN5CCOCC5)ccc4[nH]3,CHEMBL516003,IC50,8.55
5846484,NC(=O)c1cccc2c(NCC3CC=C\C(=N/C(O)c4ccn[nH]4)\C3)ncnc12,CHEMBL3685276,IC50,8.55
5846493,CC(Nc1ncnc2c(cccc12)C(=O)N)c3cccc(NC(=O)C4=CNC(=O)C=C4)c3,CHEMBL3680601,IC50,8.57
5319517,NC(=O)c1cccc2c(NCc3cccc(NC(=O)c4cccc(OCCCO)c4)c3)ncnc12,CHEMBL3680410,IC50,8.57
5846503,COc1ccccc1NC(=O)Nc2cccc(CNc3ncnc4c(cccc34)C(=O)N)c2,CHEMBL3670424,IC50,8.59
5846512,NC(=O)c1cccc2c(NCc3cccc(NC(=O)Cc4ccccc4)c3)ncnc12,CHEMBL3670472,IC50,8.59
5846521,CC(CC(F)(F)F)C(=O)Nc1cccc(c1)[C@@H](C)Nc2ncnc3c(cccc23)C(=O)N,CHEMBL3680600,IC50,8.6
5846530,CCC(Nc1ncnc2c(cccc12)C(=O)N)c3cccc(NC(=O)C4CC4(F)F)c3,CHEMBL3680599,IC50,8.6
5846539,CCN1\C(=C\C=C\C2=[N+](CC)c3ccc(cc3C2(C)C)S(=O)(=O)O)\C(C)(CCCC(=O)NCCCC[C@@H](NC(=O)[C@@H](CCCNC(=N)N)NC(=O)[C@@H](CCCNC(=N)N)NC(=O)[C@@H](CCCNC(=N)N)NC(=O)[C@@H](CCCNC(=N)N)NC(=O)[C@@H](CCCNC(=N)N)NC(=O)[C@@H](CCCNC(=N)N)NC(=O)[C@@H](Cc4ccc(cc4)N=[N+]=[N-])NC(=O)[C@@H](Cc5ccc(cc5)N=[N+]=[N-])NC(=O)CCNC(=O)[C@@]6(Cc7cccc(Nc8nccs8)n7)CC[C@@H](CC6)Oc9cccc(Cl)c9F)C(=O)N)c%10cc(ccc1%10)S(=O)(=O)O,CHEMBL3600869,Kd,8.6
5846550,Cc1cc(Nc2nc(Sc3ccc(NC(=O)CN4CC[C@H](C4)C(=O)NCC(F)(F)F)cc3)nn5cccc25)n[nH]1,CHEMBL2163388,Kd,8.6
5846561,OC(=O)c1ccc(Nc2nccc(Nc3ccccc3Cl)n2)cc1,CHEMBL2170601,IC50,8.6
5846572,CC(=O)Nc1ccc(Sc2nc(Nc3cc(C)[nH]n3)cc(n2)c4ccccc4)cc1,CHEMBL557279,Ki,8.62
5846583,CCC(=O)Nc1ccc(Sc2nc(Nc3cc(C)[nH]n3)cc(n2)N4CCC4)cc1,CHEMBL563682,Ki,8.62
5846593,COc1ccc(cc1F)C(=O)Nc2cccc(c2)C(C)Nc3ncnc4c(cc(C)cc34)C(=O)N,CHEMBL3685300,IC50,8.62
5846602,NC(=O)c1cccc2c(NC(CCN3CCCC3)c4cccc(NC(=O)C5CC5(F)F)c4)ncnc12,CHEMBL3680598,IC50,8.62
5321601,CN(C)CCC(Nc1ncnc2c(cccc12)C(=O)N)c3cccc(NC(=O)c4ccc(F)cc4F)c3,CHEMBL3675445,IC50,8.64
5320888,CN1CCN(CC1)c2ccc(cn2)C(=O)Nc3cccc(CNc4ncnc5c(cccc45)C(=O)N)c3,CHEMBL3675503,IC50,8.64
5846613,COc1ccc2nc(Nc3cccc(CNc4ncnc5c(cccc45)C(=O)N)c3)sc2c1,CHEMBL3639794,IC50,8.64
5846622,C[C@@H](Nc1ncnc2c(cccc12)C(=O)N)c3cccc(Nc4ncc(cc4Cl)C(F)(F)F)c3,CHEMBL3680595,IC50,8.64
5846632,Cc1cc(Nc2cc(C)c(C#N)c(NCCCCCC(C)(C)O)n2)n[nH]1,CHEMBL1778661,Ki,8.64
5846642,NC(=O)c1cc(O)cc2c(NCc3cccc(NC(=O)c4ccnc(c4)N5CCCC5)c3)ncnc12,CHEMBL3680468,IC50,8.64
5846651,NC(=O)c1cccc2c(NCc3cccc(Nc4cc(CC#N)ccn4)c3)ncnc12,CHEMBL3680596,IC50,8.64
5846660,NC(=O)c1cccc2c(NCc3cccc(Nc4nc5ccccc5s4)c3)ncnc12,CHEMBL3680597,IC50,8.64
5846669,CN(C)c1ccc2C(=C3C=CC(=[N+](C)C)C=C3Oc2c1)c4ccc(cc4C(=O)O)C(=O)NCCCOCCOCCOCCCNC(=O)[C@@H](Cc5ccc(cc5)N=[N+]=[N-])NC(=O)CCNC(=O)[C@@]6(Cc7cccc(Nc8nccs8)n7)CC[C@@H](CC6)Oc9cccc(Cl)c9F,CHEMBL3600760,Kd,8.66
5321215,COc1ccc(C(=O)Nc2cccc(c2)C(CN(C)C(=O)OC(C)(C)C)Nc3ncnc4c(cccc34)C(=O)N)c(F)c1,CHEMBL3675481,IC50,8.66
5846680,NC(=O)c1cccc2c(NCc3ccc(F)cc3F)ncnc12,CHEMBL3639742,IC50,8.66
5641904,COc1ccc(NC(=O)Nc2ccc3\C(=C\c4[nH]cc(C(=O)O)c4C)\C(=O)Nc3c2)cc1,CHEMBL1173411,IC50,8.68
5846692,COc1ccc(Nc2nc(NCCc3ccccc3F)nc(Nc4ccc5ncccc5c4)n2)cc1OC,CHEMBL1213151,IC50,8.68
5846702,C[C@@H](Nc1ncnc2c(cccc12)C(=O)N)c3cccc(NC(=O)Oc4ccccc4)c3,CHEMBL3680593,IC50,8.68
5846711,Cc1cccc(NC(=O)Nc2cccc(CNc3ncnc4c(cccc34)C(=O)N)c2)c1,CHEMBL3670454,IC50,8.68
5846720,Cn1cc(C(=O)Nc2cccc(CNc3ncnc4c(cccc34)C(=O)N)c2)c5ccccc15,CHEMBL3680594,IC50,8.68
5846730,OC(=O)c1ccc(Nc2nccc(Nc3ccccc3Br)n2)cc1,CHEMBL2170435,IC50,8.68
5846741,CC(C)CCn1cc(cn1)c2cc3cnc(Nc4cc(C(=O)N5CCN(C)CC5)n(C)c4)nc3n2C6CCCC6,CHEMBL2029912,IC50,8.7
5846752,CN1CCN(CC1)C(=O)c2cc(Nc3ncc4cc(c5cncn5C)n(C6CCCC6)c4n3)cn2C,CHEMBL2029910,IC50,8.7
5846763,CN1CCN(CC1)C(=O)c2cc(Nc3ncc4cc(c5cnn(C)c5)n(C6CCCC6)c4n3)cn2C,CHEMBL2029909,IC50,8.7
5846774,CN1CCN(CC1)C(=O)c2cc(Nc3ncc4cc(c5cnn(C)c5C)n(C6CCCC6)c4n3)cn2C,CHEMBL2029911,IC50,8.7
5846785,CN1CCN(CC1)C(=O)c2cc(Nc3ncc4cc(c5cnn(Cc6ccccc6)c5)n(C7CCCC7)c4n3)cn2C,CHEMBL2029914,IC50,8.7
5846796,CN1CCN(CC1)C(=O)c2cc(Nc3ncc4cc(c5ocnc5)n(C6CCCC6)c4n3)cn2C,CHEMBL2029908,IC50,8.7
5846806,CNCc1cc(C(=O)N)c2ncnc(NCc3cccc(NC(=O)c4ccc(OC)cc4)c3)c2c1,CHEMBL3680592,IC50,8.7
5846816,COC(=O)c1[nH]cc2C(C3=C(CCCC3=O)Nc12)c4oc(Sc5nc6ccccc6[nH]5)cc4,CHEMBL3393470,IC50,8.7
5846828,COc1cc2c(Nc3cc(CC(=O)Nc4cccc(F)c4)[nH]n3)ncnc2cc1OCCCN5CCC(CO)CC5,CHEMBL216769,Ki,8.7
5846839,COc1cc2c(Nc3cc(CC(=O)Nc4cccc(F)c4F)[nH]n3)ncnc2cc1OCCCN5CCC(CO)CC5,CHEMBL263067,Ki,8.7
5846850,COc1cc2c(Nc3ncc(CC(=O)Nc4cccc(F)c4F)s3)ncnc2cc1OCCCN5CCC[C@H]5CO,CHEMBL201197,IC50,8.7
5846860,C[C@@H](Nc1ncnc2c(cccc12)C(=O)N)c3cccc(Nc4ccc(cn4)C(F)(F)F)c3,CHEMBL3680591,IC50,8.7
5846869,C[C@@H](Nc1ncnc2c(cccc12)C(=O)N)c3ccccc3,CHEMBL3675380,IC50,8.7
5846879,C[C@@H]1CCCN1C(=O)c2cc(Nc3ncc4cnn(C5C[C@H]6C[C@H]6C5)c4n3)cn2C,CHEMBL2012406,IC50,8.7
5846890,Cc1[nH]nc2c1CCCc3c2[nH]c4cc5c(NC(=O)C5(C)C)cc34,CHEMBL469205,IC50,8.7
5846901,Cc1cc(Nc2nc(Sc3ccc(Cl)c(Cl)c3)nc4ccccc24)n[nH]1,CHEMBL552385,Ki,8.7
3930605,Cc1cc(Nc2nc(Sc3ccc(Cl)cc3Cl)nc4ccccc24)n[nH]1,CHEMBL551633,Ki,8.7
5846914,Cc1cc(Nc2nc(Sc3ccc(NS(=O)(=O)C)cc3)nc4ccccc24)n[nH]1,CHEMBL552033,Ki,8.7
5846926,Cc1onc(CN2CCN(CC2)c3c(Br)cnc4[nH]c(nc34)c5ccc(CN6CCOCC6)cc5)c1,CHEMBL1084079,IC50,8.7
5846937,Fc1ccc(C(=O)Nc2ccc(Nc3ccnc4NC(=O)c5ccccc5c34)cc2)c(F)c1,CHEMBL2380830,IC50,8.7
5846948,Fc1cccc(C(=O)Nc2ccc(Nc3ccnc4NC(=O)c5ccccc5c34)cc2)c1F,CHEMBL2380829,IC50,8.7
5846959,OC(=O)c1ccc(Nc2nccc(Nc3ccc(F)cc3Cl)n2)cc1,CHEMBL2170429,IC50,8.7
5846969,CN(C)c1ccc2C(=C3C=CC(=[N+](C)C)C=C3Oc2c1)c4ccc(cc4C(=O)O)C(=O)NCCCC[C@H](NC(=O)[C@H](Cc5ccc(cc5)N=[N+]=[N-])NC(=O)[C@H](Cc6ccc(cc6)N=[N+]=[N-])NC(=O)CCCNC(=O)[C@@]7(Cc8cccc(Nc9nccs9)n8)CC[C@@H](CC7)Oc%10cccc(Cl)c%10F)C(=O)N,CHEMBL3600653,Kd,8.72
5846979,COc1ccccc1C(CNC(=O)C)Nc2ncnc3c(cccc23)C(=O)N,CHEMBL3675330,IC50,8.72
5846988,CC(Nc1ncnc2c(cccc12)C(=O)N)c3cccc(NC(=O)C(F)(F)C(F)(F)F)c3,CHEMBL3680589,IC50,8.75
5846997,CCC(Nc1ncnc2c(cccc12)C(=O)N)c3cccc(NC(=O)C4CC(F)(F)C4)c3,CHEMBL3680588,IC50,8.75
5847006,COc1ccc(cc1)C(=O)Nc2cccc(c2)C(CCN3CCCCC3)Nc4ncnc5c(cccc45)C(=O)N,CHEMBL3685294,IC50,8.75
5319750,NC(=O)c1cccc2c(NC(CCO)C3=CCCC(=C3)NC(=O)c4ccccc4)ncnc12,CHEMBL3680396,IC50,8.75
5847016,NC(=O)c1cccc2c(NCc3cccc(NC(=O)c4cccc(c4)N5CCOCC5)c3)ncnc12,CHEMBL3680590,IC50,8.75
5319824,NC(=O)c1cccc2c(NCc3cccc(NC(=O)c4ccnc(c4)N5CCCC5)c3)ncnc12,CHEMBL3680392,IC50,8.75
5847027,CCC(=O)Nc1ccc(Sc2nc(Nc3cc(C)[nH]n3)cc(n2)N4CCOCC4)cc1,CHEMBL482778,IC50,8.77
5321455,CN(CCO)c1cc(ccn1)C(=O)Nc2cccc(CNc3ncnc4c(cccc34)C(=O)N)c2,CHEMBL3675458,IC50,8.77
5847038,Cc1onc(n1)c2cccc(c2)C(=O)Nc3cccc(CNc4ncnc5c(cccc45)C(=O)N)c3,CHEMBL3680587,IC50,8.77
5847047,CC(Nc1ncnc2c(cccc12)C(=O)N)C3=CC(=CCC3)NC(=O)C4(CCC4)C(F)(F)F,CHEMBL3680586,IC50,8.8
5847056,CC(Nc1ncnc2c(cccc12)C(=O)N)c3cccc(NC(=O)c4cc(C)oc4C(F)(F)F)c3,CHEMBL3680474,IC50,8.8
5847066,CCC(=O)Nc1ccc(Sc2nc(Nc3cc(C)[nH]n3)cc(n2)N4CCCCC4)cc1,CHEMBL484951,IC50,8.8
5847077,CCC(=O)Nc1ccc(Sc2nc(Nc3cc(C)[nH]n3)cc(n2)N4CCN(C)CC4)cc1,CHEMBL484609,IC50,8.8
5847087,NC(=O)c1cccc2c(NCc3cccc(NC(=O)Nc4ccccc4)c3)ncnc12,CHEMBL3675371,IC50,8.8
5847096,NC(=O)c1cccc2c(NCc3cccc(NC(=O)c4ccccc4F)c3)ncnc12,CHEMBL3685280,IC50,8.8
5320946,CN(C)c1cc(ccn1)C(=O)Nc2cccc(CNc3ncnc4c(cccc34)C(=O)N)c2,CHEMBL3639693,IC50,8.82
5847107,Cn1cc(Nc2ncc3cnn(C4C[C@@H]5C[C@@H]5C4)c3n2)cc1C(=O)N6CCC[C@@H]6CN7CCOCC7,CHEMBL2012415,IC50,8.82
5847118,Fc1cccc(F)c1NC(=O)Nc2c[nH]nc2c3nc4cc(CN5CCOCC5)ccc4[nH]3,CHEMBL458421,IC50,8.82
5847128,NC(=O)c1cccc2c(NCc3cccc(NC(=O)c4ccc(cc4)N5CCCCC5=O)c3)ncnc12,CHEMBL3680584,IC50,8.82
5847137,NC(=O)c1cccc2c(NCc3cccc(Nc4ccc(cn4)C5CCNCC5)c3)ncnc12,CHEMBL3680585,IC50,8.82
5847146,CCOC(=O)c1coc(Nc2cccc(CNc3ncnc4c(cccc34)C(=O)N)c2)n1,CHEMBL3680583,IC50,8.85
5319806,COc1ccc(C(=O)NC2=CC(=CCC2)C(CCN(C)C)Nc3ncnc4c(cccc34)C(=O)N)c(F)c1,CHEMBL3680391,IC50,8.85
5847156,CS(=O)(=O)c1ccc(cc1)C(=O)Nc2cccc(CNc3ncnc4c(cccc34)C(=O)N)c2,CHEMBL3680481,IC50,8.85
5847165,NC(=O)c1cccc2c(NC(CCN3CCCCC3)c4cccc(NC(=O)c5ccc(F)c(F)c5)c4)ncnc12,CHEMBL3680512,IC50,8.85
5847174,NC(=O)c1cccc2c(NCc3cccc(NC(=O)c4ccc(N5CCOCC5)c(c4)C(F)(F)F)c3)ncnc12,CHEMBL3680582,IC50,8.85
5847183,C[C@@H](Nc1ncnc2c(cccc12)C(=O)N)c3cccc(NC(=O)c4nc(cs4)C(C)(C)C)c3,CHEMBL3685236,IC50,8.88
5321051,CC(Nc1ncnc2c(cccc12)C(=O)N)c3cccc(NC(=O)C4=CCC(Cl)N=C4)c3,CHEMBL3675493,IC50,8.89
5847194,CCC(=O)Nc1ccc(Sc2nc(Nc3cc(C)[nH]n3)cc(n2)N4CCN(CC4)C(C)(C)C)cc1,CHEMBL484006,IC50,8.89
5847204,CCn1nc(cc1C)C(=O)Nc2ccccc2,CHEMBL3680486,IC50,8.89
5322089,CN(C)CC(Nc1ncnc2c(cccc12)C(=O)N)c3cccc(NC(=O)c4ccnc(Cl)c4)c3,CHEMBL3675411,IC50,8.89
5847214,CN1CCN(CCC(Nc2ncnc3c(cccc23)C(=O)N)c4cccc(NC(=O)c5cc(n[nH]5)C6CC6)c4)CC1,CHEMBL3680581,IC50,8.89
5321774,COc1ccc(cc1F)C(=O)Nc2cccc(c2)C(CN(C)C)NC3=NC=NC4=C(CCC=C34)C(=O)N,CHEMBL3675431,IC50,8.89
5847225,CCCCN(C)c1nc(NCCc2ccccc2OC)nc(NCCc3c[nH]c4ncccc34)n1,CHEMBL1213109,IC50,8.92
5321078,COCCC(Nc1ncnc2c(cccc12)C(=O)N)c3cccc(NC(=O)c4cccc(F)c4F)c3,CHEMBL3675492,IC50,8.92
5847236,C[C@@H](Nc1ncnc2c(cccc12)C(=O)N)c3cccc(NC(=O)c4cncnc4)c3,CHEMBL3680490,IC50,8.92
4819744,Cl.CC(CCCC(C)(C)O)Nc1nc(Nc2cc(C)[nH]n2)cc(C)c1C#N,CHEMBL1778662,Ki,8.92
5847247,NC(=O)c1cccc2c(NC(CCN3CCCC3)c4cccc(NC(=O)c5ccc(cc5F)C(F)(F)F)c4)ncnc12,CHEMBL3685278,IC50,8.92
5847256,NC(=O)c1cccc2c(NC(CCN3CCNCC3)c4cccc(NC(=O)c5cc(n[nH]5)C6CC6)c4)ncnc12,CHEMBL3680580,IC50,8.92
5321932,NCC(Nc1ncnc2c(cccc12)C(=O)N)c3cccc(NC(=O)c4ccc(F)cc4)c3,CHEMBL3670412,IC50,8.92
5320019,CC(Nc1ncnc2c(cccc12)C(=O)N)c3cccc(NC(=O)c4ccc5OCCOc5c4)c3,CHEMBL3675520,IC50,8.96
5321810,CC1CCCN1c2cc(ccn2)C(=O)Nc3cccc(c3)C(CN(C)C)Nc4ncnc5c(cccc45)C(=O)N,CHEMBL3675428,IC50,8.96
5847268,CCC(C)C(=O)Nc1cccc(c1)[C@@H](C)Nc2ncnc3c(cccc23)C(=O)N,CHEMBL3680579,IC50,8.96
5321141,CCC(Nc1ncnc2c(cccc12)C(=O)N)c3cccc(NC(=O)c4ccc(nc4)C(F)(F)F)c3,CHEMBL3675487,IC50,8.96
5319418,CN(C)CCC(Nc1ncnc2c(cccc12)C(=O)N)C3=CCCC(=C3)NC(=O)c4c(F)cccc4F,CHEMBL3680418,IC50,8.96
5322053,CNCC(Nc1ncnc2c(cccc12)C(=O)N)c3cccc(NC(=O)c4ccc(OC)c(F)c4)c3,CHEMBL3675416,IC50,8.96
5847280,COc1ccc(cc1)C(=O)Nc2cccc(CNc3ncnc4c(cc(OCCCN(C)C)cc34)C(=O)N)c2,CHEMBL3685297,IC50,8.96
5847289,NC(=O)c1cccc2c(NCc3cccc(NC(=O)Nc4cccc(F)c4)c3)ncnc12,CHEMBL3670425,IC50,8.96
5320194,NC(=O)c1cccc2c(NCc3cccc(NC(=O)c4ccc(F)c(F)c4)c3)ncnc12,CHEMBL3670473,IC50,8.96
5319629,NC(=O)c1cccc2c(NCc3cccc(NC(=O)c4ccnc(c4)N5CCOCC5)c3)ncnc12,CHEMBL3680404,IC50,8.96
5847301,CCC(=O)Nc1ccc(Sc2nc(Nc3cc(C)[nH]n3)c4ccccc4n2)cc1,CHEMBL564941,Ki,9.0
5321545,CN(C)CCC(Nc1ncnc2c(cccc12)C(=O)N)c3cccc(NC(=O)c4ccc(cc4)C(F)(F)F)c3,CHEMBL3675449,IC50,9.0
5322080,CNCC(Nc1ncnc2c(cccc12)C(=O)N)c3cccc(NC(=O)c4c(F)cccc4F)c3,CHEMBL3675413,IC50,9.0
4532027,CNc1nc(C)c(s1)c2ccnc(Nc3cc(OC)c(OC)c(OC)c3)n2,CHEMBL1083152,Ki,9.0
5319557,COCCC(Nc1ncnc2c(cccc12)C(=O)N)C3=CCCC(=C3)NC(=O)c4ccccc4F,CHEMBL3680406,IC50,9.0
5847317,COCCOc1cc2ncnc(Nc3ncc(CC(=O)Nc4cccc(F)c4)s3)c2cc1OC,CHEMBL201297,IC50,9.0
5847327,COCCOc1cccc(c1)C(=O)Nc2cccc(CNc3ncnc4c(cccc34)C(=O)N)c2,CHEMBL3685202,IC50,9.0
5847337,COc1cc2c(Nc3cc(CC(=O)Nc4cc(F)cc(F)c4)[nH]n3)ncnc2cc1OCCCN5CCC(CO)CC5,CHEMBL262434,Ki,9.0
5847348,COc1cc2c(Nc3ncc(s3)C(=O)Nc4ccc(F)cc4)ncnc2cc1OCCCN5CCOCC5,CHEMBL202567,IC50,9.0
5847358,COc1ccc(cc1)C(=O)Nc2cccc(c2)C(CCN(C)C(=O)OC(C)(C)C)Nc3ncnc4c(cccc34)C(=O)N,CHEMBL3680456,IC50,9.0
5847367,Cc1cc(Nc2nc(CC3(CCN(CC3)C(=O)c4cccc(Cl)c4F)C(=O)N5CCC5)ccc2F)n[nH]1,CHEMBL3692213,IC50,9.0
5847377,Cc1cc(Nc2nc(Sc3ccc4ccccc4c3)nc5ccccc25)n[nH]1,CHEMBL559900,Ki,9.0
5319815,NC(=O)C1=C2N=CN=C(NC(CCN3CCCC3)c4cccc(NC(=O)c5ccc(Br)cc5)c4)C2=CCC1,CHEMBL3680390,IC50,9.0
5847388,NC(=O)c1cccc2c(NCc3cccc(NC(=O)c4ccc5nc[nH]c5c4)c3)ncnc12,CHEMBL3680578,IC50,9.0
5847397,NC(=O)c1cccc2c(NCc3cccc(Nc4ccc(CC#N)cn4)c3)ncnc12,CHEMBL3680577,IC50,9.0
5321619,CC(Nc1ncnc2c(cccc12)C(=O)N)c3cccc(NC(=O)c4ccc(F)c(O)c4)c3,CHEMBL3675444,IC50,9.01
5320185,CN(C)c1ccc(cn1)C(=O)Nc2cccc(CNc3ncnc4c(cccc34)C(=O)N)c2,CHEMBL3670497,IC50,9.01
5320046,COCC(Nc1ncnc2c(cccc12)C(=O)N)c3cccc(NC(=O)c4ccc(OC)cc4)c3,CHEMBL3675519,IC50,9.01
5320102,CC(Nc1ncnc2c(cccc12)C(=O)N)c3cccc(NC(=O)c4cccc(F)c4)c3,CHEMBL3675512,IC50,9.03
5319768,CC(Nc1ncnc2c(cccc12)C(=O)N)c3cccc(NC(=O)c4ccoc4C)c3,CHEMBL3680389,IC50,9.03
5847411,COc1cc(ccn1)C(=O)Nc2cccc(CNc3ncnc4c(cccc34)C(=O)N)c2,CHEMBL3680437,IC50,9.03
5319759,CC(Nc1ncnc2c(cccc12)C(=O)N)c3cccc(NC(=O)c4ccccc4)c3,CHEMBL3680388,IC50,9.04
5847421,NC(=O)c1cccc2c(NCc3cccc(NC(=O)c4ccccc4OCCO)c3)ncnc12,CHEMBL3685264,IC50,9.04
5847430,CNC(=O)C1(Cc2ccc(F)c(Nc3cc(C)[nH]n3)n2)CCN(CC1)C(=O)c4cccc(Cl)c4F,CHEMBL3692211,IC50,9.05
5847439,Cc1cc(Nc2nc(CC3(CCN(CC3)C(=O)c4cccc(Cl)c4F)C(=O)NC5CC5)ccc2F)n[nH]1,CHEMBL3692212,IC50,9.05
5847449,Fc1c(cccc1C(F)(F)F)C(=O)N2CCN(Cc3cccc(Nc4cc[nH]n4)n3)CC2,CHEMBL1643138,IC50,9.05
5847459,NC(=O)c1cccc2c(NCc3cccc(NC(=O)c4ccnc(c4)N5CCCCC5)c3)ncnc12,CHEMBL3680464,IC50,9.05
5847468,C[C@@H](Nc1ncnc2c(cccc12)C(=O)N)c3cccc(NC(=O)c4cnc(cn4)C(F)(F)F)c3,CHEMBL3680576,IC50,9.06
5847477,CC(Nc1ncnc2c(cc(Cl)cc12)C(=O)N)c3cccc(NC(=O)c4ccc(C)nc4)c3,CHEMBL3680573,IC50,9.07
5847486,CC(Nc1ncnc2c(cccc12)C(=O)N)c3cccc(NC(=O)C4(CC4)C(F)(F)F)c3,CHEMBL3680575,IC50,9.07
5847495,CC(Nc1ncnc2c(cccc12)C(=O)N)c3cccc(NC(=O)C4CC(F)(F)C4)c3,CHEMBL3680574,IC50,9.07
5320937,CC(Nc1ncnc2c(cccc12)C(=O)N)c3cccc(NC(=O)c4ccc(C)nc4)c3,CHEMBL3675501,IC50,9.07
5847505,Cc1ccnc(Nc2cccc(CNc3ncnc4c(cccc34)C(=O)N)c2)c1,CHEMBL3680572,IC50,9.07
5847514,NC(=O)c1cccc2c(NCc3cc(F)cc(F)c3)ncnc12,CHEMBL3670427,IC50,9.07
5322006,CN(C)CC(Nc1ncnc2c(cccc12)C(=O)N)c3cccc(NC(=O)c4cncc(c4)N5CCCC5)c3,CHEMBL3675420,IC50,9.08
5847524,COc1ccc(cc1F)C(=O)Nc2cccc(c2)C(C)Nc3ncnc4c(cc(F)cc34)C(=O)N,CHEMBL3685290,IC50,9.08
5847533,NC(=O)c1cccc2c(NCc3cccc(NC(=O)c4ccc(CO)cc4)c3)ncnc12,CHEMBL3680571,IC50,9.08
5847542,COc1ccc(cc1)C(=O)Nc2cccc(c2)C(CCN(C)C)Nc3ncnc4c(cccc34)C(=O)N,CHEMBL3680476,IC50,9.09
5847553,COc1cc2c(Nc3cnc(NC(=O)c4cccc(Cl)c4)nc3)ncnc2cc1OCCCN5CCCCC5,CHEMBL203945,IC50,9.1
5847564,COc1cc2c(Nc3cnc(NC(=O)c4ccccc4)nc3)ncnc2cc1OC[C@@H](O)CN5CCCCC5,CHEMBL427212,IC50,9.1
5847574,Cc1cc(Nc2nc(CC3(CCN(CC3)C(=O)c4cccc(Cl)c4F)c5onc(C)n5)ccc2F)n[nH]1,CHEMBL3692217,IC50,9.1
5847584,OC(=O)c1ccc(Nc2ncc(F)c(Nc3ccccc3Cl)n2)cc1,CHEMBL2170419,IC50,9.1
5847594,CC(C)c1csc(n1)C(=O)Nc2cccc(c2)[C@@H](C)Nc3ncnc4c(cccc34)C(=O)N,CHEMBL3680504,IC50,9.11
5847603,COc1ccc(C(=O)Nc2cccc(CNc3ncnc4c(cccc34)C(=O)N)c2)c(OC)c1,CHEMBL3680509,IC50,9.11
5847612,COc1ccc(cc1)C(=O)Nc2cccc(c2)C(CCN3CCCC3)Nc4ncnc5c(cccc45)C(=O)N,CHEMBL3685288,IC50,9.11
5847621,COc1ccc(cc1)C(=O)Nc2cccc(c2)[C@@H](CCN3CCCC3)Nc4ncnc5c(cccc45)C(=O)N,CHEMBL3685291,IC50,9.11
5322217,CN(C)CC(Nc1ncnc2c(cccc12)C(=O)N)c3cccc(NC(=O)c4ccccc4F)c3,CHEMBL3675402,IC50,9.12
5322098,CNCC(Nc1ncnc2c(cccc12)C(=O)N)c3cccc(NC(=O)c4ccccc4)c3,CHEMBL3675412,IC50,9.13
5847632,C[C@@H](Nc1ncnc2c(cccc12)C(=O)N)c3cccc(NC(=O)C4CC4(C)C)c3,CHEMBL3680570,IC50,9.13
5847641,CN(C)c1ccc2C(C3C=CC(=[N+](C)C)C=C3Oc2c1)c4ccc(cc4C(=O)O)C(=O)NCCCC[C@@H](NC(=O)[C@H](CCCNC(=N)N)NC(=O)[C@H](CCCNC(=N)N)NC(=O)[C@H](CCCNC(=N)N)NC(=O)[C@H](CCCNC(=N)N)NC(=O)[C@H](CCCNC(=N)N)NC(=O)[C@H](CCCNC(=N)N)NC(=O)[C@H](Cc5ccc(cc5)N=[N+]=[N-])NC(=O)CCCCCNC(=O)[C@@]6(Cc7cccc(Nc8nccs8)n7)CC[C@@H](CC6)Oc9cccc(Cl)c9F)C(=O)N,CHEMBL3600870,Kd,9.14
5847651,COc1ccc(cc1F)C(=O)Nc2cccc(CNc3ccnc4c(cccc34)C(=O)N)c2,CHEMBL3680522,IC50,9.14
5847660,C[C@@H](Nc1ncnc2c(cccc12)C(=O)N)c3cccc(NC(=O)N4CCC(F)(F)C4)c3,CHEMBL3680527,IC50,9.14
5321123,C[C@@H](Nc1ncnc2c(cccc12)C(=O)N)c3cccc(NC(=O)c4sc(C)nc4C)c3,CHEMBL3675490,IC50,9.14
5320825,NC(=O)c1cccc2c(NCc3ccc(F)c(NC(=O)c4ccc(Br)cc4)c3)ncnc12,CHEMBL3675506,IC50,9.14
5847671,NC(=O)c1cccc2c(NCc3cccc(NC(=O)c4cccc(OC(F)(F)F)c4)c3)ncnc12,CHEMBL3685258,IC50,9.14
5847680,NC(=O)c1cccc2c(NCc3cccc(NC(=O)c4cccc5[nH]ccc45)c3)ncnc12,CHEMBL3680569,IC50,9.14
5319795,CN(CCO)c1ccc(cn1)C(=O)Nc2cccc(CNc3ncnc4c(cccc34)C(=O)N)c2,CHEMBL3680387,IC50,9.16
5847690,CNc1ccc(cn1)C(=O)Nc2cccc(CNc3ncnc4c(cccc34)C(=O)N)c2,CHEMBL3680500,IC50,9.16
5847699,Cc1oc(nn1)C2(Cc3ccc(F)c(Nc4cc(C)[nH]n4)n3)CCN(CC2)C(=O)c5cccc(Cl)c5F,CHEMBL3692216,IC50,9.16
5847708,Cc1onc(n1)C2(Cc3ccc(F)c(Nc4cc(C)[nH]n4)n3)CCN(CC2)C(=O)c5cccc(Cl)c5F,CHEMBL3692214,IC50,9.16
5321979,COc1ccc(cc1)C(=O)Nc2cccc(c2)C(CN(C)C)Nc3ncnc4c(cccc34)C(=O)N,CHEMBL3675422,IC50,9.17
5847718,COCCNc1ccc(cn1)C(=O)Nc2cccc(CNc3ncnc4c(cccc34)C(=O)N)c2,CHEMBL3680528,IC50,9.18
5847727,COc1ccc(cn1)C(=O)Nc2cccc(CNc3ncnc4c(cccc34)C(=O)N)c2,CHEMBL3680444,IC50,9.18
5847736,C[C@@H](Nc1ncnc2c(cccc12)C(=O)N)c3cccc4ccccc34,CHEMBL3670439,IC50,9.18
5847745,CC(=O)Nc1ccc(cc1)C(=O)Nc2cccc(CNc3ncnc4c(cccc34)C(=O)N)c2,CHEMBL3685249,IC50,9.19
5321224,NC(=O)c1cccc2c(NCc3cccc(NC(=O)c4ccc(Br)cc4)c3)ncnc12,CHEMBL3670468,IC50,9.19
5321004,NC(=O)c1cccc2c(NCc3cccc(NC(=O)c4ccc(Cl)nc4)c3)ncnc12,CHEMBL3670485,IC50,9.19
5320986,CCOc1cc(C(=O)N)c2ncnc(NCc3cccc(NC(=O)c4ccc(F)cc4)c3)c2c1,CHEMBL3670479,IC50,9.2
5320138,COCCC(Nc1ncnc2c(cccc12)C(=O)N)C3=CCCC(=C3)NC(=O)c4cc(F)ccc4F,CHEMBL3675511,IC50,9.2
5847758,NC(=O)c1cccc2c(NCc3cccc(NC(=O)c4ccc(cc4)C#N)c3)ncnc12,CHEMBL3685261,IC50,9.2
5321572,CNCC(NC1=NC=NC2=C(CCC=C12)C(=O)N)c3cccc(NC(=O)c4ccc(cc4)C(F)(F)F)c3,CHEMBL3675448,IC50,9.21
5847768,CC(Nc1ncnc2c(cc(F)cc12)C(=O)N)c3cccc(NC(=O)c4ccc(nc4)C(F)(F)F)c3,CHEMBL3680519,IC50,9.22
5847777,CCOC(=O)Nc1cccc(c1)[C@@H](C)Nc2ncnc3c(cccc23)C(=O)N,CHEMBL3680568,IC50,9.22
3358155,CCOC(=O)c1[nH]cc2[C@@H](C3=C(CCCC3=O)Nc12)c4cccc(Oc5nc6ccccc6[nH]5)c4,CHEMBL3393498,IC50,9.22
5322116,CN(C)CC(Nc1ncnc2c(cccc12)C(=O)N)c3cccc(NC(=O)c4ccnc(c4)N5CCCCC5)c3,CHEMBL3675410,IC50,9.22
5847789,COc1ccc(CC2(CCN(CC2)C(=O)c3cccc(Cl)c3F)C(=O)O)nc1Nc4cc(C)[nH]n4,CHEMBL3692208,IC50,9.22
5847798,COc1cccc(F)c1C2=NCc3cnc(Nc4ccc(C(=O)O)c(OC)c4)nc3c5cccc(Cl)c25,CHEMBL3692218,IC50,9.22
5847807,NC(=O)c1cccc2c(NC(CCN3CCCC3)c4cccc(NC(=O)c5ccc(F)c(F)c5)c4)ncnc12,CHEMBL3680443,IC50,9.22
5847817,OC(=O)c1cccc(Nc2ncc3ccn(C4CCCCC4)c3n2)c1,CHEMBL1643136,IC50,9.22
5847828,C[C@@H](CCCC(C)(C)O)Nc1nc(Nc2cc(C)[nH]n2)cc(C)c1C#N,CHEMBL1778663,Ki,9.23
5322172,CN(C)CC(Nc1ncnc2c(cccc12)C(=O)N)c3cccc(NC(=O)c4ccc(Br)cc4)c3,CHEMBL3675404,IC50,9.24
5847839,COc1ccc(cc1)C(=O)Nc2cccc(CNc3ncnc4c(cc(CO)cc34)C(=O)N)c2,CHEMBL3680567,IC50,9.24
5320073,NC(=O)c1cccc2c(NC(CCN3CCC3)c4cccc(NC(=O)c5ccc(Br)cc5)c4)ncnc12,CHEMBL3675518,IC50,9.24
5847849,NC(=O)c1cccc2c(NCc3ccc(NC(=O)c4cc(n[nH]4)C(F)(F)F)cc3)ncnc12,CHEMBL3680508,IC50,9.24
5847858,CC(Nc1ncnc2c(cccc12)C(=O)N)c3cccc(NC(=O)c4cocc4)c3,CHEMBL3680462,IC50,9.25
5320064,C[C@@H](Nc1ncnc2c(cccc12)C(=O)N)c3cccc(NC(=O)c4ccc(C)c(Cl)c4)c3,CHEMBL3675517,IC50,9.25
5847868,Cn1ccc2cc(ccc12)C(=O)Nc3cccc(CNc4ncnc5c(cccc45)C(=O)N)c3,CHEMBL3680566,IC50,9.25
5847877,COCC(Nc1ncnc2c(cccc12)C(=O)N)c3cccc(NC(=O)c4ccc(Br)cc4)c3,CHEMBL3685303,IC50,9.26
5847886,NC(=O)c1cccc2c(NC(CCN3CCCCC3)c4cccc(NC(=O)c5cc(n[nH]5)C6CC6)c4)ncnc12,CHEMBL3680565,IC50,9.27
5847895,NC(=O)c1cccc2c(NCc3cccc(NC(=O)c4cccc(Br)c4)c3)ncnc12,CHEMBL3685251,IC50,9.27
5847904,CC(Nc1ncnc2c(cccc12)C(=O)N)c3cccc(NC(=O)c4ccc(OC(F)(F)F)cc4)c3,CHEMBL3680491,IC50,9.28
5321527,COCCC(Nc1ncnc2c(cccc12)C(=O)N)C3=CCCC(=C3)NC(=O)c4ccc(F)cc4F,CHEMBL3675450,IC50,9.28
5847914,COc1cc(ccn1)C(=O)NC2=CCCC(=C2)C(C)Nc3ncnc4c(cccc34)C(=O)N,CHEMBL3680436,IC50,9.28
5847923,NC(=O)c1cccc2c(NCc3cccc(NC(=O)c4ccc5OCCOc5c4)c3)ncnc12,CHEMBL3680564,IC50,9.28
5847932,COc1cnc(cn1)C(=O)Nc2cccc(c2)[C@@H](C)Nc3ncnc4c(cccc34)C(=O)N,CHEMBL3680563,IC50,9.29
5321105,NC(=O)c1cccc2c(NCc3cccc(NC(=O)c4ccc5OCOc5c4)c3)ncnc12,CHEMBL3670471,IC50,9.29
5847942,Cc1cc(Nc2nc(CC3(CCN(CC3)C(=O)c4cccc(Cl)c4F)c5nocn5)ccc2F)n[nH]1,CHEMBL3692215,IC50,9.3
5847951,Cc1cc(Nc2nc(CC3(CCN(CC3)C(=O)c4cccc(c4F)C(F)(F)F)C(=O)O)ccc2F)n[nH]1,CHEMBL3692207,IC50,9.3
5847961,Clc1cccc(C(=O)N2CCN(Cc3cccc(Nc4nccs4)c3)CC2)c1Cl,CHEMBL1643135,IC50,9.3
5319786,CN(CCC(Nc1ncnc2c(cccc12)C(=O)N)c3cccc(NC(=O)c4ccccc4)c3)CC=C,CHEMBL3675540,IC50,9.31
5847972,NC(=O)c1cccc2c(NC(CCO)c3cccc(NC(=O)C4CC4(F)F)c3)ncnc12,CHEMBL3680562,IC50,9.31
5847981,NC(=O)c1cccc2c(NCC3CC(=CC=C3)NC=O)ncnc12,CHEMBL3680467,IC50,9.31
5847990,CC(C)CNc1ccc(cn1)C(=O)Nc2cccc(CNc3ncnc4c(cccc34)C(=O)N)c2,CHEMBL3680530,IC50,9.32
5847999,NC(=O)c1cccc2c(NCc3cccc(NC(=O)c4ccc(nc4)N5CCOCC5)c3)ncnc12,CHEMBL3680529,IC50,9.32
5848008,CCOc1cc(ccn1)C(=O)Nc2cccc(c2)C(C)Nc3ncnc4c(cccc34)C(=O)N,CHEMBL3680480,IC50,9.33
5848017,Cc1cc([nH]n1)C(=O)Nc2cccc(CNc3ncnc4c(cccc34)C(=O)N)c2,CHEMBL3685240,IC50,9.33
5321132,CC(Nc1ncnc2c(cccc12)C(=O)N)c3cccc(NC(=O)c4ccc(C#N)c(F)c4)c3,CHEMBL3675486,IC50,9.34
5848027,CCC(Nc1ncnc2c(cccc12)C(=O)N)c3cccc(NC(=O)c4ccc(OC)c(F)c4)c3,CHEMBL3685281,IC50,9.34
5848036,NC(=O)c1cccc2c(NCc3cccc(NC(=O)c4ccc5[nH]ccc5c4)c3)ncnc12,CHEMBL3680561,IC50,9.34
5848045,CN(C)CCC(Nc1ncnc2c(cccc12)C(=O)N)c3cccc(NC(O)c4cc(n[nH]4)C5CC5)c3,CHEMBL3680470,IC50,9.36
5848054,CN(C)c1ccc2C(=C3C=CC(=[N+](C)C)C=C3Oc2c1)c4ccc(cc4C(=O)O)C(=O)NCCCC[C@H](NC(=O)[C@H](Cc5ccccc5)NC(=O)[C@H](Cc6ccccc6)NC(=O)CCCNC(=O)[C@@]7(Cc8cccc(Nc9nccs9)n8)CC[C@@H](CC7)Oc%10cccc(Cl)c%10F)C(=O)N,CHEMBL3600871,Kd,9.36
5322280,CNCC(Nc1ncnc2c(cccc12)C(=O)N)c3cccc(NC(=O)c4ccc(F)c(F)c4)c3,CHEMBL3675398,IC50,9.36
5848065,C[C@@H](Nc1ncnc2c(cccc12)C(=O)N)c3ccc(F)c(NC(=O)c4ccc(OC(F)(F)F)cc4)c3,CHEMBL3685235,IC50,9.36
5319732,CN(C)CCC(Nc1ncnc2c(cccc12)C(=O)N)c3cccc(NC(=O)c4ccc(OC(F)(F)F)cc4)c3,CHEMBL3680395,IC50,9.38
5848075,COCCC(Nc1ncnc2c(cccc12)C(=O)N)c3cccc(NC(=O)c4ccc(OC)cc4)c3,CHEMBL3680499,IC50,9.38
5848084,NC(=O)c1cccc2c(NC(CCN3CCCCC3)c4cccc(NC(=O)c5ccc(Br)cc5)c4)ncnc12,CHEMBL3680507,IC50,9.38
5848093,C[C@@H](Nc1ncnc2c(cccc12)C(=O)N)c3cccc(NC(=O)c4ccc(c(F)c4)C(F)(F)F)c3,CHEMBL3680485,IC50,9.39
5848102,CN(C)CCNC(=O)CC(Nc1ncnc2c(cccc12)C(=O)N)c3cccc(NC(=O)c4ccc(Br)cc4)c3,CHEMBL3680454,IC50,9.4
5321691,CN(CCC(Nc1ncnc2c(cccc12)C(=O)N)c3cccc(NC(=O)c4ccc(Br)cc4)c3)CC=C,CHEMBL3675436,IC50,9.4
5321325,COCCC(Nc1ncnc2c(cccc12)C(=O)N)c3cccc(NC(=O)c4c(F)cccc4F)c3,CHEMBL3675469,IC50,9.4
5321914,COc1cc(C(=O)N)c2ncnc(NCc3cccc(NC(=O)c4ccc(F)cc4)c3)c2c1,CHEMBL3670476,IC50,9.4
4531812,COc1cc(Nc2nccc(n2)c3sc(C)nc3C)cc(OC)c1OC,CHEMBL1083151,Ki,9.4
5848116,Cc1cc(Nc2nc(CC3(CCN(CC3)C(=O)c4cccc(Cl)c4Cl)C(=O)O)ccc2F)n[nH]1,CHEMBL3692206,IC50,9.4
5848125,Cc1cc(Nc2nc(CC3(CCN(CC3)C(=O)c4cccc(Cl)c4F)C(=O)O)ccc2Cl)n[nH]1,CHEMBL3692209,IC50,9.4
5848134,Cc1cc(Nc2nc(CC3(CCN(CC3)C(=O)c4cccc(Cl)c4F)C(=O)O)ccc2F)n[nH]1,CHEMBL3692210,IC50,9.4
5848143,NC(=O)c1cccc2c(NCc3cccc(NC(=O)c4ccc(nc4)N5CCCCC5)c3)ncnc12,CHEMBL3685293,IC50,9.4
5848152,CC(Nc1ncnc2c(cccc12)C(=O)N)c3cccc(Nc4cc(C)ccn4)c3,CHEMBL3685234,IC50,9.41
5321269,COCC(Nc1ncnc2c(cccc12)C(=O)N)c3cccc(NC(=O)c4ccccc4)c3,CHEMBL3675475,IC50,9.41
5848162,NC(=O)c1cccc2c(NC(CCN3CCCCC3)c4cccc(NC(=O)c5cc(ccc5F)C(F)(F)F)c4)ncnc12,CHEMBL3685282,IC50,9.41
5848171,NC(=O)c1cccc2c(NCc3cccc(NC(=O)c4ccc(SC(F)(F)F)cc4)c3)ncnc12,CHEMBL3670474,IC50,9.41
5848180,CC(NC1=NC=NC2C(=CCC=C12)C(=O)N)c3cccc(NC(=O)c4ccc(cc4)N5CCOCC5)c3,CHEMBL3680466,IC50,9.42
5319676,COCCC(Nc1ncnc2c(cccc12)C(=O)N)c3cccc(NC(=O)c4ccccc4)c3,CHEMBL3639792,IC50,9.42
5321314,C[C@@H](Nc1ncnc2c(cccc12)C(=O)N)c3cccc(NC(=O)c4ccc(Cl)c(C)c4)c3,CHEMBL3675470,IC50,9.42
5848191,CCN(CC)c1ccc(cc1)C(=O)Nc2cccc(c2)C(C)Nc3ncnc4c(cccc34)C(=O)N,CHEMBL3680447,IC50,9.43
5848200,COCCC(Nc1ncnc2c(cccc12)C(=O)N)c3cccc(NC(=O)c4ccc(OC)c(F)c4)c3,CHEMBL3680520,IC50,9.43
5848209,COc1ccccc1C(=O)Nc2cccc(CNc3ncnc4c(cccc34)C(=O)N)c2,CHEMBL3685259,IC50,9.43
5319436,NC(=O)c1cccc2c(NCc3ccc4OCOc4c3)ncnc12,CHEMBL3675353,IC50,9.43
5848219,NC(=O)c1cccc2c(NCc3cccc(NC(=O)c4cc5cc(Cl)ccc5[nH]4)c3)ncnc12,CHEMBL3680560,IC50,9.43
5848228,CC(Nc1ncnc2c(cccc12)C(=O)N)c3cccc(NC(=O)c4cccn4C)c3,CHEMBL3680442,IC50,9.44
5321042,C[C@@H](Nc1ncnc2c(cccc12)C(=O)N)c3cccc(NC(=O)c4cnc(C)s4)c3,CHEMBL3675499,IC50,9.46
5320176,NC(=O)c1cccc2c(NCc3cccc(NC(=O)C4=CC(F)C(Cl)C=C4)c3)ncnc12,CHEMBL3675510,IC50,9.46
5321819,CNCC(Nc1ncnc2c(cccc12)C(=O)N)c3cccc(NC(=O)c4ccc(OC)cc4F)c3,CHEMBL3675427,IC50,9.47
5321509,NC(=O)c1cccc2c(NCc3cccc(NC(=O)c4cncc(c4)N5CCCC5)c3)ncnc12,CHEMBL3675453,IC50,9.47
5321563,CCC(Nc1ncnc2c(cccc12)C(=O)N)c3cccc(NC(=O)c4ccc(OC)nc4)c3,CHEMBL3675447,IC50,9.48
5848242,COc1ccc(cc1)C(=O)Nc2cc(CNc3ncnc4c(cccc34)C(=O)N)ccc2C,CHEMBL3685267,IC50,9.48
5848251,COc1ccc(cc1)C(=O)Nc2cccc(c2)[C@@H](CCN3CCCCC3)Nc4ncnc5c(cccc45)C(=O)N,CHEMBL3685295,IC50,9.48
5848260,NC(=O)c1cccc2c(NC(CCN3CCCC3)c4cccc(NC(=O)c5cc(n[nH]5)C6CC6)c4)ncnc12,CHEMBL3680559,IC50,9.48
5319714,CCC(Nc1ncnc2c(cccc12)C(=O)N)c3cccc(NC(=O)c4ccc(OC(F)(F)F)cc4)c3,CHEMBL3680394,IC50,9.5
5319694,NC(=O)c1cc(O)cc2c(NCc3ccc(cc3)C(F)(F)F)ncnc12,CHEMBL3670499,IC50,9.5
5848271,CC(Nc1ncnc2c(cccc12)C(=O)N)c3cccc(Nc4cc(ccn4)C(F)(F)F)c3,CHEMBL3680533,IC50,9.51
5848280,CNCCC(Nc1ncnc2c(cccc12)C(=O)N)c3cccc(NC(O)c4cc(n[nH]4)C5CC5)c3,CHEMBL3680558,IC50,9.51
5848289,COc1ccc(cc1OC)C(=O)Nc2cccc(CNc3ncnc4c(cccc34)C(=O)N)c2,CHEMBL3685257,IC50,9.51
5848298,NC(=O)c1cccc2c(NCc3cccc(NC(=O)c4c(F)cccc4F)c3)ncnc12,CHEMBL3685266,IC50,9.51
5848307,COCCC(Nc1ncnc2c(cccc12)C(=O)N)c3cccc(NC(=O)c4cc(n[nH]4)C5CC5)c3,CHEMBL3680430,IC50,9.52
5848316,COc1ccc(cc1F)C(=O)Nc2cccc(c2)C(C)NC3=NC=NC4C(=CC(Cl)C=C34)C(=O)N,CHEMBL3685292,IC50,9.52
5321554,C[C@@H](Nc1ncnc2c(cccc12)C(=O)N)c3cccc(NC(=O)c4ccc(C)nc4)c3,CHEMBL3639743,IC50,9.52
5848326,Cc1cc(ccc1N2CCOCC2)C(=O)Nc3cccc(CNc4ncnc5c(cccc45)C(=O)N)c3,CHEMBL3680557,IC50,9.52
334874,Fc1ccc(C(=O)Nc2ccc(Nc3ccnc4NC(=O)c5ccccc5c34)cc2)c(c1)C(F)(F)F,CHEMBL2380834,IC50,9.52
5319851,COc1ccc(cc1)C(=O)Nc2cccc(CNc3ncnc4c(cccc34)C(=O)N)c2,CHEMBL3670467,IC50,9.54
5319620,NC(=O)c1cccc2c(NCc3cccc(NC(=O)c4ccc(Cl)c(Cl)c4)c3)ncnc12,CHEMBL3680403,IC50,9.54
5848339,NC(=O)c1cccc2c(NCc3cccc(NC(=O)c4ccc(cc4)c5ncc[nH]5)c3)ncnc12,CHEMBL3680556,IC50,9.54
5322145,CN(C)CC(Nc1ncnc2c(cccc12)C(=O)N)c3cccc(NC(=O)c4ccnc(c4)N5CCCC5)c3,CHEMBL3675406,IC50,9.57
5848350,COc1ccc(Nc2nc(NC(Cc3c[nH]c4ncccc34)C(=O)N)nc(Nc5ccc6ncccc6c5)n2)cc1OC,CHEMBL1213152,IC50,9.57
5321482,C[C@@H](Nc1ncnc2c(cccc12)C(=O)N)c3cccc(NC(=O)c4ccc(C)c(C)c4)c3,CHEMBL3675455,IC50,9.57
5321354,CC(Nc1ncnc2c(cccc12)C(=O)N)c3cccc(NC(=O)C4=CCC(Br)C=C4)c3,CHEMBL3675466,IC50,9.59
5322226,CN(C)CC(Nc1ncnc2c(cccc12)C(=O)N)c3cccc(NC(=O)c4ccc(cc4)C(F)(F)F)c3,CHEMBL3675401,IC50,9.59
5848363,COc1ccc(cc1F)C(=O)Nc2cccc(c2)C(C)Nc3ncnc4c(cc(cc34)C#N)C(=O)N,CHEMBL3685310,IC50,9.59
5848372,NC(=O)c1cccc2c(NCc3cccc(NC(=O)c4cccc5cc[nH]c45)c3)ncnc12,CHEMBL3680555,IC50,9.59
5322035,CN(C)CC(Nc1ncnc2c(cccc12)C(=O)N)c3cccc(NC(=O)c4ccc(cc4F)C(F)(F)F)c3,CHEMBL3675417,IC50,9.6
5848382,COc1ccc(cc1)C(=O)Nc2cccc(CNc3ncnc4c(cc(F)cc34)C(=O)N)c2,CHEMBL3685271,IC50,9.6
5848391,COc1ccc(cc1F)C(=O)Nc2cccc(c2)C(C)Nc3ncnc4c(cccc34)C(=O)N,CHEMBL3680446,IC50,9.6
5319490,COc1ncc(cn1)C(=O)Nc2cccc(c2)[C@@H](C)Nc3ncnc4c(cccc34)C(=O)N,CHEMBL3680416,IC50,9.6
5848401,C[C@@H](Nc1ncnc2c(cccc12)C(=O)N)c3cccc(NC(=O)c4ccc(cc4)n5cccc5)c3,CHEMBL3685233,IC50,9.6
5321765,C[C@@H](Nc1ncnc2c(cccc12)C(=O)N)c3cccc(NC(=O)c4ccc(cc4F)C(F)(F)F)c3,CHEMBL3675432,IC50,9.6
5322015,CNCC(Nc1ncnc2c(cccc12)C(=O)N)c3cccc(NC(=O)c4ccc(OC)cc4)c3,CHEMBL3675419,IC50,9.62
5848412,NC(=O)c1cccc2c(NCc3cccc(NC(=O)c4[nH]nc5CCCCc45)c3)ncnc12,CHEMBL3680554,IC50,9.62
5848421,CCOC(=O)c1ccc(cn1)C(=O)NC2=CCCC(=C2)[C@H](C)Nc3ncnc4c(cccc34)C(=O)N,CHEMBL3680489,IC50,9.64
5848430,NC(=O)c1cccc2c(NCc3cccc(NC(=O)c4cc(n[nH]4)C5CC5)c3)ncnc12,CHEMBL3685277,IC50,9.64
5319445,NC(=O)c1cccc2c(NCc3cccc(NC(=O)c4ccc5OCCc5c4)c3)ncnc12,CHEMBL3680417,IC50,9.64
5848440,CC(C)CNc1cc(ccn1)C(=O)Nc2cccc(CNc3ncnc4c(cccc34)C(=O)N)c2,CHEMBL3680495,IC50,9.66
5848449,CN(C)c1cccc(c1)C(=O)Nc2cccc(CNC3=NC=NC4=C(CCC=C34)C(=O)N)c2,CHEMBL3685242,IC50,9.66
5321401,COc1cc(ccn1)C(=O)Nc2cccc(c2)[C@@H](C)Nc3ncnc4c(cccc34)C(=O)N,CHEMBL3675463,IC50,9.66
5848459,COc1ccc(cc1)C(O)Nc2cccc(CNc3ncnc4c(cccc34)C(=O)N)c2F,CHEMBL3680553,IC50,9.66
5848468,NC(=O)c1cccc2c(NCc3ccc(F)c(NC(=O)c4ccc(OC(F)(F)F)cc4)c3)ncnc12,CHEMBL3685287,IC50,9.66
5848477,NC(=O)c1cccc2c(NCc3cccc(NC(=O)c4cc(n[nH]4)C(F)(F)F)c3)ncnc12,CHEMBL3680455,IC50,9.66
5848486,NC(=O)c1cccc2c(NCc3cccc(NC(=O)c4ccccc4C(F)(F)F)c3)ncnc12,CHEMBL3685309,IC50,9.66
5848495,NC(=O)c1cccc2c(NCc3cccc(Nc4cc(ccn4)C#N)c3)ncnc12,CHEMBL3680552,IC50,9.66
5848504,NCc1cnc(Nc2cccc(CNc3ncnc4c(cccc34)C(=O)N)c2)s1,CHEMBL3680551,IC50,9.66
5321260,CC(Nc1ncnc2c(cccc12)C(=O)N)c3cccc(NC(=O)c4ccc(Br)c(F)c4)c3,CHEMBL3675474,IC50,9.68
5321168,CC(Nc1ncnc2c(cccc12)C(=O)N)c3cccc(NC(=O)c4ccc(nc4)C(F)(F)F)c3,CHEMBL3675483,IC50,9.68
5848515,COCC[C@@H](Nc1ncnc2c(cccc12)C(=O)N)c3cccc(NC(=O)c4ccc(OC)cc4)c3,CHEMBL3680550,IC50,9.68
5320928,CC(Nc1ncnc2c(cccc12)C(=O)N)c3cccc(NC(=O)c4cc(n[nH]4)C(F)F)c3,CHEMBL3675500,IC50,9.7
5321060,CC(Nc1ncnc2c(cccc12)C(=O)N)c3cccc(NC(=O)c4ccc(Cl)c(F)c4)c3,CHEMBL3675491,IC50,9.7
5319842,COCCC(Nc1ncnc2c(cccc12)C(=O)N)c3cccc(NC(=O)c4ccc(F)c(F)c4)c3,CHEMBL3675538,IC50,9.7
5848527,COc1ccc(cc1)C(=O)Nc2cccc(CNc3ncnc4c(cc(CCCCO)cc34)C(=O)N)c2,CHEMBL3685246,IC50,9.7
5848536,COc1ccc(cc1C)C(O)\N=C/2\CC(CNc3ncnc4c(cccc34)C(=O)N)CC=C2,CHEMBL3680429,IC50,9.7
5848545,NC(=O)c1cccc2c(NCc3cccc(NC(=O)c4cn[nH]c4N)c3)ncnc12,CHEMBL3680549,IC50,9.72
5848554,NC(=O)c1cccc2c(NCc3cccc(Nc4nccs4)c3)ncnc12,CHEMBL3680548,IC50,9.72
5848563,CC(Nc1ncnc2c(cccc12)C(=O)N)c3cccc(NC(=O)C4CC4(F)F)c3,CHEMBL3680547,IC50,9.75
5848572,CN(C)CCC(Nc1ncnc2c(cccc12)C(=O)N)c3cccc(NC(=O)c4ccccc4)c3,CHEMBL3685255,IC50,9.75
5848581,COCCC(Nc1ncnc2c(cccc12)C(=O)N)c3cccc(NC(=O)c4ccc(OC)cc4F)c3,CHEMBL3680428,IC50,9.75
5321206,COCCC(Nc1ncnc2c(cccc12)C(=O)N)c3cccc(NC(=O)c4ccc(cc4)C(F)(F)F)c3,CHEMBL3675480,IC50,9.75
5848591,C[C@@H](Nc1ncnc2c(cccc12)C(=O)N)c3cccc(NC(=O)c4ccc(OC(F)(F)F)c(F)c4)c3,CHEMBL3685284,IC50,9.75
5848600,NC(=O)C1=C2N=CN=C(NCc3cccc(NC(=O)c4ccc(cc4)C(F)(F)F)c3)C2=CCC1,CHEMBL3685308,IC50,9.75
5848609,NC(=O)c1cc(OCCCN2CCCCC2)cc3c(NCc4ccc(cc4)C(F)(F)F)ncnc13,CHEMBL3675324,IC50,9.75
5322181,CNCC(Nc1ncnc2c(cccc12)C(=O)N)c3cccc(NC(=O)c4ccc(Br)cc4)c3,CHEMBL3675403,IC50,9.77
5321941,CNCC(Nc1ncncc(cccc1)C(=O)N)c2cccc(NC(=O)c3ccc(OC(F)(F)F)cc3)c2,CHEMBL3675425,IC50,9.77
5848620,Cc1cccc(c1)C(=O)Nc2cccc(CNc3ncnc4c(cccc34)C(=O)N)c2,CHEMBL3685243,IC50,9.77
5848629,NC(=O)c1cccc2c(NCc3cccc(NC(=O)c4ccc5cc[nH]c5c4)c3)ncnc12,CHEMBL3680546,IC50,9.77
5848638,NC(=O)c1cccc2c(NCc3cccc(NC(=O)c4cccc(Cl)c4)c3)ncnc12,CHEMBL3685252,IC50,9.77
5320010,NC(=O)c1cccc2c(NCc3cccc(NC(O)c4cc(ccc4F)C(F)(F)F)c3)ncnc12,CHEMBL3675525,IC50,9.77
5848648,CCOC(=O)c1cnc(Nc2cccc(CNc3ncnc4c(cccc34)C(=O)N)c2)s1,CHEMBL3680544,IC50,9.8
5848657,COc1ccc(cc1)C(=O)Nc2cccc(c2)C(CCCO)Nc3ncnc4c(cccc34)C(=O)N,CHEMBL3680545,IC50,9.8
5320055,COc1ccc(cc1)C(=O)Nc2cccc(c2)C(CCN(C)CC=C)Nc3ncnc4c(cccc34)C(=O)N,CHEMBL3675516,IC50,9.8
5848667,NC(=O)c1cccc2c(NCc3cccc(NC(=O)C4CCCCC4)c3)ncnc12,CHEMBL3685248,IC50,9.8
5321637,NC(=O)c1cccc2c(NCc3cccc(NC(=O)c4ccc(F)cc4F)c3)ncnc12,CHEMBL3675441,IC50,9.8
5319887,CNc1cc(ccn1)C(=O)Nc2cccc(CNc3ncnc4c(cccc34)C(=O)N)c2,CHEMBL3675532,IC50,9.82
5848680,COc1cc2c(Nc3cnc(NC(=O)c4ccc(F)c(Cl)c4)nc3)ncnc2cc1OCCCN5CCOCC5,CHEMBL382667,IC50,9.82
5848690,NC(=O)c1cccc2c(NCc3cccc(Nc4cc(ccn4)C(F)(F)F)c3)ncnc12,CHEMBL3680543,IC50,9.82
5848699,NC(=O)c1cccc2c(NCc3cccc(Nc4ccccn4)c3)ncnc12,CHEMBL3680542,IC50,9.82
5848708,CCOc1ccc(cc1)C(=O)Nc2cccc(CNc3ncnc4c(cccc34)C(=O)N)c2,CHEMBL3685247,IC50,9.89
5848717,COc1ccc(cc1F)C(=O)Nc2cccc(c2)[C@@H](C)Nc3ncnc4c(cccc34)C(=O)N,CHEMBL3680460,IC50,9.89
5848726,CC(C)c1cc([nH]n1)C(=O)Nc2cccc(CNc3ncnc4c(cccc34)C(=O)N)c2,CHEMBL3685237,IC50,9.92
5321446,CN(C)CCC(Nc1ncnc2c(cccc12)C(=O)N)c3cccc(NC(=O)c4ccc(Br)cc4)c3,CHEMBL3675459,IC50,9.92
5848736,COc1ccc(cc1)C(=O)Nc2cccc(CNc3ncnc4c(cc(O)cc34)C(=O)N)c2,CHEMBL3685307,IC50,9.92
5848745,COc1ccc(cc1C(F)(F)F)C(=O)Nc2cccc(CNc3ncnc4c(cccc34)C(=O)N)c2,CHEMBL3680532,IC50,9.92
5319602,COc1ccc(cc1F)C(=O)Nc2cc(ccc2F)[C@@H](C)Nc3nccc4c(cccc34)C(=O)N,CHEMBL3680402,IC50,9.92
5848755,C[C@@H](Nc1ncnc2c(cccc12)C(=O)N)c3cccc(NC(=O)C4CCCC4)c3,CHEMBL3680488,IC50,9.92
5321581,NC(=O)c1cccc2c(NCc3cccc(NC(=O)c4ccc(Cl)cc4Cl)c3)ncnc12,CHEMBL3675446,IC50,9.92
5848765,NC(=O)c1cccc2c(NCc3cccc(NC(=O)c4ccc(cc4F)C(F)(F)F)c3)ncnc12,CHEMBL3685245,IC50,9.92
5320995,CN(C)c1ccc(cc1)C(=O)Nc2cccc(CNc3ncnc4c(cccc34)C(=O)N)c2,CHEMBL3670470,IC50,9.96
5848775,COc1cc(F)c(C(=O)Nc2cccc(CNc3ncnc4c(cccc34)C(=O)N)c2)c(F)c1,CHEMBL3685306,IC50,9.96
5321464,C[C@@H](Nc1ncnc2c(cccc12)C(=O)N)c3cccc(NC(=O)c4cc(ccc4F)C(F)(F)F)c3,CHEMBL3675457,IC50,9.96
5848785,NC(=O)c1cccc2c(NCc3cccc(NC(=O)c4ccc(nc4)C(F)(F)F)c3)ncnc12,CHEMBL3685250,IC50,9.96
5321177,COc1ccc(cn1)C(=O)Nc2cccc(c2)C(C)Nc3ncnc4c(cccc34)C(=O)N,CHEMBL3675484,IC50,10.0
5848795,Cc1ccccc1C(=O)Nc2cccc(CNc3ncnc4c(cccc34)C(=O)N)c2,CHEMBL3685241,IC50,10.0
5848804,NC(=O)c1cccc2c(NC(CCO)c3cccc(NC(O)c4cc(n[nH]4)C5CC5)c3)ncnc12,CHEMBL3680541,IC50,10.0
5321610,CC(Nc1ncnc2c(cccc12)C(=O)N)c3cccc(NC(=O)C4=CCC(C)C(=C4)F)c3,CHEMBL3675443,IC50,10.05
5848814,COCCN(C)c1ccc(cn1)C(=O)Nc2cccc(CNc3ncnc4c(cccc34)C(=O)N)c2,CHEMBL3680477,IC50,10.05
5319990,COc1ccc(cc1)C(=O)Nc2cccc(c2)C(CCO)Nc3ncnc4c(cccc34)C(=O)N,CHEMBL3675524,IC50,10.05
5321363,CC(Nc1ncnc2c(cccc12)C(=O)N)c3cccc(NC(=O)c4cc(n[nH]4)C(C)(C)C)c3,CHEMBL3675465,IC50,10.1
5319869,C[C@@H](Nc1ncnc2c(cccc12)C(=O)N)c3cccc(Nc4cc(ccn4)C#N)c3,CHEMBL3675537,IC50,10.1
5848826,NC(=O)c1cccc2c(NCc3cccc(NC(=O)C4=CCC(C=C4)N5CCOCC5)c3)ncnc12,CHEMBL3685256,IC50,10.1
5848835,NC(=O)c1cccc2c(NCc3cccc(NC(=O)c4c(F)cc(Cl)cc4F)c3)ncnc12,CHEMBL3685305,IC50,10.1
5848844,NC(=O)c1cccc2c(NCc3cccc(NC(=O)c4ccc(Cl)c(c4)C(F)(F)F)c3)ncnc12,CHEMBL3685272,IC50,10.1
5848853,NC(=O)c1cccc2c(NCc3cccc(NC(=O)c4ccc(Cl)cc4)c3)ncnc12,CHEMBL3685262,IC50,10.1
5321682,COc1ccc(cn1)C(=O)Nc2cccc(c2)[C@@H](C)Nc3ncnc4c(cccc34)C(=O)N,CHEMBL3675437,IC50,10.15
5320156,C[C@@H](Nc1ncnc2c(cccc12)C(=O)N)c3cccc(NC(=O)c4ccc(nc4)C(F)(F)F)c3,CHEMBL3675509,IC50,10.15
5848865,OC(=O)[C@@]1(Cc2cccc(Nc3nccs3)n2)CC[C@@H](CC1)Oc4cccc(Cl)c4F,CHEMBL3600873,IC50,10.19
5319382,CC(C)c1cc([nH]n1)C(=O)Nc2cccc(c2)C(C)Nc3ncnc4c(cccc34)C(=O)N,CHEMBL3680420,IC50,10.22
5848876,COCCOc1cc(C(=O)N)c2ncnc(NCc3cccc(NC(=O)c4ccc(OC)cc4)c3)c2c1,CHEMBL3685244,IC50,10.22
5848885,NC(=O)c1cccc2c(NCc3cccc(NC(=O)c4ccc5OC(F)(F)Oc5c4)c3)ncnc12,CHEMBL3639841,IC50,10.22
5320147,COCCC(Nc1ncnc2c(cccc12)C(=O)N)c3cccc(NC(=O)c4ccc(Br)cc4)c3,CHEMBL3675508,IC50,10.3
5848895,COCCC(Nc1ncnc2c(cccc12)C(=O)N)c3cccc(NC(=O)c4ccc(OC(F)(F)F)cc4)c3,CHEMBL3680479,IC50,10.3
5848904,C[C@@H](Nc1ncnc2c(cccc12)C(=O)N)c3cccc(NC(=O)C4CC4(F)F)c3,CHEMBL3680540,IC50,10.4
5321646,CC(C)c1cc([nH]n1)C(=O)Nc2cccc(c2)[C@@H](C)Nc3ncnc4c(cccc34)C(=O)N,CHEMBL3675439,IC50,10.52
5321410,C[C@@H](Nc1ncnc2c(cccc12)C(=O)N)c3cccc(NC(=O)c4cc(n[nH]4)C(C)(C)C)c3,CHEMBL3675462,IC50,10.52
5848915,C[C@@H](Nc1ncnc2c(cccc12)C(=O)N)c3cccc(NC(=O)c4ccc(F)c(O)c4)c3,CHEMBL3685304,IC50,11.0
