id,smiles,name,assay_type,activity_value
807584,CC(C)(C)C1=NC(=C(S1)C1=NC(N)=NC=C1)C1=C(F)C(NS(=O)(=O)C2=C(F)C=CC=C2F)=CC=C1,dabrafenib,IC50,9.1549015
308739,CNC(=O)C1=CC(OC2=CC=C(NC(=O)NC3=CC=C(Cl)C(=C3)C(F)(F)F)C=C2)=CC=N1,sorafenib,Ki,7.66
807597,CCCS(=O)(=O)NC1=CC=C(F)C(C(=O)C2=CNC3=NC=C(C=C23)C2=CC=C(Cl)C=C2)=C1F,vemurafenib,IC50,7.68
807607,CNC(=O)C1=CC(OC2=CC(F)=C(NC(=O)NC3=CC(=C(Cl)C=C3)C(F)(F)F)C=C2)=CC=N1,regorafenib,IC50,7.55
807644,Cc1ccc(cc1Nc2ncccc2c3ncnc4[nH]cnc34)C(=O)Nc5cccc(c5)C#N,CHEMBL3352837,IC50,7.53
807654,CCCS(=O)(=O)Nc1ccc(F)c(c1F)n2cc(c3cncnc3)c4nc(ncc24)N(C)C5CCN(CC5)C6CC6,CHEMBL3702563,IC50,7.54
807663,CN(C)CCN(C)c1ncc2ncnc(Nc3cc(ccc3C)C(=O)Nc4ccc(F)c(c4)C(F)(F)F)c2n1,CHEMBL3697777,IC50,7.54
807672,Cc1ccc(cc1Nc2ncnc3cnc(nc23)N4CCCCC4)C(=O)NCc5ccc(cc5)C(F)(F)F,CHEMBL3697792,IC50,7.54
807681,CN(c1cc(ccc1C)C(=O)Nc2cc(on2)C(C)(C)C)c3ncnc4cnc(nc34)N5CCOCC5,CHEMBL3641188,IC50,7.55
807693,CNc1cc2nc(C)c(cc2cn1)c3cc(NC(=O)NCCC(C)(C)C)c(F)cc3C,CHEMBL3577121,IC50,7.55
807703,C[C@H](O)CNc1nccc(n1)c2nc([nH]c2c3cccc(NS(=O)(=O)C)c3F)C4CC4,CHEMBL3651694,IC50,7.55
807713,Fc1ccc(NS(=O)(=O)c2ccccc2)c(F)c1Nc3ncccc3c4ncnc5[nH]cnc45,CHEMBL3798308,IC50,7.55
807723,Oc1cccc(Nc2ncnc3ccc(cc23)c4cccc(O)c4)c1,CHEMBL3661242,IC50,7.56
807733,CCC(C)S(=O)(=O)Nc1ccc(F)c(Nc2ncccc2c3ncnc4[nH]cnc34)c1F,CHEMBL3800227,IC50,7.57
807744,CNc1cc2nc(C)c(cc2cn1)c3cc(NC(=O)NCCC(C)(C)C)ccc3C,CHEMBL3577118,IC50,7.57
807755,CNc1ncc2cc(cnc2n1)c3cc(NC(=O)NCCC(C)(C)C)c(F)cc3C,CHEMBL3577123,IC50,7.57
807765,COc1c(NC(=O)c2ccc(C)c(Nc3ncnc4cnc(nc34)N5CCN(C)CC5)c2)cc(cc1NS(=O)(=O)C)C(F)(F)F,CHEMBL3697857,IC50,7.57
807774,COc1cc(ccc1O)c2ccc3ncnc(Nc4ccc(Cl)c(O)c4)c3c2,CHEMBL3665858,IC50,7.57
807783,COc1ccc(NC(=O)c2ccc(C)c(c2)N(C)c3ncnc4cnc(NC5CCOC5)nc34)cc1C(F)(F)F,CHEMBL3641193,IC50,7.57
807793,O\N=C\c1ccc(cc1O)c2[nH]c(nc2c3ccncc3)c4ccccc4,CHEMBL200942,Kd,7.57
807806,CCn1cc(c2ccnc3[nH]ccc23)c(n1)c4cccc(NC(=O)Nc5c(F)cccc5F)c4,CHEMBL496275,IC50,7.59
807817,CN(C)CCc1ccc(cc1)c2cnn3c(ccnc23)c4cccc(NC(=O)c5cccc(c5)C(F)(F)F)c4,CHEMBL1087892,IC50,7.59
807827,CN1CCN(CC1)c2nc(N)c3ncnc(Nc4cc(NC(=O)c5cccc(c5)C(F)(F)F)ccc4C)c3n2,CHEMBL3694046,IC50,7.59
807836,CN1CCN(CC1)c2ncc3ncnc(Nc4cc(ccc4C)C(=O)Nc5ccc6N(CCN7CCCC7)C(=O)C(C)(C)c6c5)c3n2,CHEMBL3697732,IC50,7.59
807846,CNc1nccc(CNc2ccccc2C(=O)Nc3ccc4OC(F)(F)Oc4c3)n1,CHEMBL246424,IC50,7.59
807856,COc1ccc(NC(=O)c2ccc(C)c(Nc3ncnc4c(N)nc(nc34)N5CCN(C)CC5)c2)cc1C(F)(F)F,CHEMBL3689901,IC50,7.59
807865,COc1ccc(NC(=O)c2ccc(C)c(Nc3ncnc4ccc(nc34)N5CCN(CC6CCN(C)CC6)CC5)c2)cc1C(F)(F)F,CHEMBL3659922,IC50,7.59
807875,Fc1ccc(NS(=O)(=O)C2CCOC2)c(F)c1Nc3ncccc3c4ncnc5[nH]cnc45,CHEMBL3798235,IC50,7.59
807886,Fc1ccc(NS(=O)(=O)CC2CC2)c(F)c1Nc3ncccc3c4ncnc5[nH]cnc45,CHEMBL3798570,IC50,7.59
807896,CC(C)Nc1nccc(n1)c2nc([nH]c2c3cc(F)cc(NS(=O)(=O)C)c3Cl)C4CC4,CHEMBL3651650,IC50,7.6
807905,CCN1CCN(CC1)c2cc(NC(=O)c3ccc(C)c(Nc4ncnc5cnc(nc45)N(C)CC6CCCCO6)c3)cc(c2)C(F)(F)F,CHEMBL3641035,IC50,7.6
807914,COCCN1CCN(CC1)c2ncc3ncnc(Nc4cc(ccc4C)C(=O)Nc5cc(N6CCN(C)CC6)c(F)c(c5)C(F)(F)F)c3n2,CHEMBL3641116,IC50,7.6
807923,COc1c(NC(=O)c2ccc(C)c(Nc3ncnc4ccc(nc34)N5CC[C@@H](F)C5)c2)cc(cc1NS(=O)(=O)C)C(C)(C)C,CHEMBL3659929,IC50,7.6
807932,Cc1ccc(NC(=O)c2cccc(c2)C(F)(F)F)cc1Nc3ncnc4c(N)nc(nc34)N5CCCN(CC5)C6CC6,CHEMBL3694055,IC50,7.6
807942,Cc1n[nH]c2ncc(cc12)C#Cc3c(F)ccc(NS(=O)(=O)c4cccnc4)c3F,CHEMBL3582393,IC50,7.6
807953,FC(F)(F)c1cccc(NC(=O)Nc2cccc(c2)c3ccnc4cc(nn34)c5ccncc5)c1,CHEMBL1091843,IC50,7.6
807964,NC(=O)c1sc2nc(NC3CC3)nc(c4cc(O)cc(Cl)c4)c2c1N,CHEMBL1934513,IC50,7.6
807975,Nc1ncc(c2cccnc2)c3scc(c4cccc(NC(=O)Nc5ccc(cc5)C(F)(F)F)c4)c13,CHEMBL2315060,IC50,7.6
807986,CCCS(=O)(=O)Nc1ccc(F)c(Nc2ncccc2c3ncnc4[nH]cnc34)c1F,CHEMBL3798357,IC50,7.62
807997,CN(C)CCCNC(=O)c1nc(c2ccc(Cl)c(O)c2)c([nH]1)c3ccncc3,CHEMBL426476,Kd,7.62
808008,CN(C)Cc1ccc(cc1)c2cnn3c(ccnc23)c4cccc(NC(=O)c5cccc(c5)C(F)(F)F)c4,CHEMBL1087397,IC50,7.62
808019,CNC(=O)Nc1cc(CNc2ccccc2C(=O)Nc3ccc4OC(F)(F)Oc4c3)ccn1,CHEMBL394503,IC50,7.62
808029,COc1c(NC(=O)c2ccc(C)c(Nc3ncnc4ccc(nc34)N(C)C5CCOC5)c2)cc(cc1NS(=O)(=O)C)C(C)(C)C,CHEMBL3659927,IC50,7.62
808038,COc1ccc(cc1Nc2ncnc3cnc(nc23)N4CCCC4)C(=O)Nc5ccc(OC)c(c5)C(F)(F)F,CHEMBL3694089,IC50,7.62
808047,Cc1ccc(NC(=O)c2cccc(c2)C(F)(F)F)cc1Nc3ncnc4c(N)nc(nc34)N5CCN(CC5)C6CCCC6,CHEMBL3694054,IC50,7.62
808056,COc1cc(ccc1O)c2ccc3ncnc(Nc4ccc(F)c(O)c4)c3c2,CHEMBL3665862,IC50,7.63
808067,COc1c(NC(=O)c2ccc(C)c(Nc3ncnc4cnc(nc34)N(C)CCN(C)C)c2)cc(cc1NS(=O)(=O)C)C(C)(C)C,CHEMBL3697745,IC50,7.64
808076,COc1c(NC(=O)c2ccc(C)c(Nc3ncnc4cnc(nc34)N5CCCC5)c2)cc(cc1NS(=O)(=O)C)C(C)(C)C,CHEMBL3639966,IC50,7.64
808085,COc1cc(ccc1O)c2ccc3nccc(Nc4cccc(O)c4)c3c2,CHEMBL3661276,IC50,7.64
808094,COc1cc(ccc1O)c2ccc3ncnc(Nc4cc(O)ccc4F)c3c2,CHEMBL3661237,IC50,7.64
808103,COc1ccc(NC(=O)c2ccc(C)c(Nc3ncnc4cnc(nc34)N5CCC(CC5)N6CCOCC6)c2)cc1C(F)(F)F,CHEMBL3641173,IC50,7.64
808112,Cc1ccc(cc1Nc2ncnc3ccc(nc23)C4=CCNCC4)C(=O)Nc5cc(on5)C(C)(C)C,CHEMBL3659958,IC50,7.64
808121,Cc1ccc(cc1Nc2ncnc3cnc(nc23)N4CCCC4)C(=O)Nc5ccc6N(CCN7CCCC7)C(=O)C(C)(C)c6c5,CHEMBL3697801,IC50,7.64
808131,Cn1cc(c2ccc3c(CCc4c[nH]nc34)c2)c(n1)c5ccncc5,CHEMBL1780149,IC50,7.64
808142,N[C@@H]1CC[C@@H](CC1)n2cc(c3ccc4c(Cc5c[nH]nc45)c3)c(n2)c6ccncc6,CHEMBL1780171,IC50,7.64
808153,OCCN1C2CCC1CC(C2)c3ccnc4c(c5cccc6[nH]ncc56)c(nn34)c7ccncc7,CHEMBL570443,IC50,7.64
808164,CCN(C)S(=O)(=O)Nc1ccc(F)c(Nc2ncccc2c3ncnc4[nH]cnc34)c1F,CHEMBL3797223,IC50,7.66
808176,CCN(CCO)CCCOc1ccc2c(Nc3cccc(NC(=O)Nc4ccc(F)c(Cl)c4)c3)ncnc2c1,CHEMBL3133758,IC50,7.66
808185,CN1CCC(CC1)N2CCN(CC2)c3nc(N)c4ncnc(Nc5cccc(c5)C(=O)Nc6cccc(c6)C(F)(F)F)c4n3,CHEMBL3689920,IC50,7.66
808195,CNc1cc2nc(C)c(cc2cn1)c3cc(NC(=O)NC[C@@H](O)C(C)(C)C)c(F)cc3C,CHEMBL3577117,IC50,7.66
808206,Cc1ccc2c(Nc3ccc(Cl)cc3)nccc2c1Nc4ncccc4c5ncnc6[nH]cnc56,CHEMBL1197798,EC50,7.66
808217,Nc1ncnc2c(csc12)C(=O)Nc3c(Cl)ccc(NS(=O)(=O)CCCF)c3F,CHEMBL2047879,IC50,7.66
808228,OCc1ccc(cc1O)c2[nH]c(nc2c3ccncc3)c4ccccc4,CHEMBL427196,Kd,7.66
808239,Nc1ncc(c2cccnc2)c3scc(c4cccc(NC(=O)Nc5cc(ccc5F)C(F)(F)F)c4)c13,CHEMBL2315061,IC50,7.67
808250,CC(C)(CNC(=O)Nc1ccc(Cl)cc1)c2nc(c3ccc(Cl)c(O)c3)c([nH]2)c4ccncc4,CHEMBL200863,Kd,7.68
808261,CNc1nccc(n1)c2[nH]c(nc2c3cccc(NC(=O)Nc4ccc(Cl)c(c4)C(F)(F)F)c3)C5CC5,CHEMBL430413,IC50,7.68
808272,COc1cc(ccc1F)c2c(nn3c(ccnc23)c4ccc(cc4)N5C[C@@H]6C[C@H]5CN6C)c7ccncc7,CHEMBL1080616,IC50,7.68
808282,COc1cc(ccc1O)c2ccc3nccc(Nc4cc(O)ccc4F)c3c2,CHEMBL3661277,IC50,7.68
808291,COc1ccc(cc1NC(=O)c2ccc(C)c(Nc3ncnc4c(N)nc(nc34)N5CCN(C)CC5)c2)C(C)(C)C,CHEMBL3689944,IC50,7.68
808300,COc1ccc(cc1NC(=O)c2ccc(C)c(Nc3ncnc4cnc(nc34)N5CC[C@H](F)C5)c2)C(C)(C)C,CHEMBL3697836,IC50,7.68
808310,Fc1ccc(NS(=O)(=O)C2CCCC2)c(F)c1Nc3ncccc3c4ncnc5[nH]cnc45,CHEMBL3800364,IC50,7.68
808321,Fc1ccc(NS(=O)(=O)c2ccccn2)c(F)c1Nc3ncccc3c4ncnc5[nH]cnc45,CHEMBL3799483,IC50,7.68
808332,Fc1ccc(NS(=O)(=O)c2cccnc2)c(F)c1C#Cc3cnc4[nH]nc(c5ccc(Cl)cc5)c4c3,CHEMBL3582399,IC50,7.68
808343,Nc1ncc(c2cccnc2)c3scc(c4cccc(NC(=O)NCc5ccccc5)c4)c13,CHEMBL2315075,IC50,7.68
808354,CC(C)(C)c1cccc(c1)C(=O)Nc2cccc(Nc3ccnc(NC(=O)C4CC4)c3)c2,CHEMBL3797670,IC50,7.7
808365,CC(C)N1CCC(CC1)C(=O)Nc2cc(Oc3ccc4c(c3)nc(Nc5cccc(c5)C(C)(C)C)n4C)ccn2,CHEMBL3335384,IC50,7.7
808376,CCCS(=O)(=O)Nc1ccc(Cl)c(c1Cl)c2cc3cnc4[nH]ncc4c3cc2OC,CHEMBL3751892,IC50,7.7
479438,CNC(=O)c1ncc(C#Cc2cc(ccc2C)C(=O)Nc3ccc(CN4CCN(CCO)CC4)c(c3)C(F)(F)F)n1C,CHEMBL1784637,IC50,7.7
808388,COc1ccc(cc1Nc2ncnc3cnc(nc23)N4CCCC4)C(=O)Nc5cc(on5)C(C)(C)C,CHEMBL3694145,IC50,7.7
808397,Cc1ccc(NC(=O)c2cccc(c2)C(F)(F)F)cc1Nc3ncnc4c(N)nc(nc34)N5CCCNCC5,CHEMBL3694056,IC50,7.7
808406,Cc1ccc(cc1Nc2ncnc3cnc(NC4CCOC4)nc23)C(=O)n5nc(cc5N)C(C)(C)C,CHEMBL3697897,IC50,7.7
808415,Cc1ccc(cc1Nc2ncnc3cnc(nc23)N4CCCC4)C(=O)Nc5cccc(OC(F)(F)F)c5,CHEMBL3697816,IC50,7.7
808425,FC(F)(F)c1cccc(c1)C(=O)Nc2cccc(c2)c3ccnc4c(cnn34)c5ccc(CN6CCCC6)cc5,CHEMBL1087522,IC50,7.7
808435,COc1cc(ccc1O)c2ccc3ncnc(Nc4cc(O)c(Cl)cc4F)c3c2,CHEMBL3665860,IC50,7.71
808445,Nc1ncc(c2cccnc2)c3scc(c4cccc(NC(=O)Nc5c(F)cccc5F)c4)c13,CHEMBL2315078,IC50,7.71
808456,CC(C)c1cccc(NC(=O)c2ccc(C)c(Nc3ncccc3c4ncnc5[nH]cnc45)c2)c1,CHEMBL3354382,IC50,7.72
808466,CCN1CCN(CC1)c2cc(NC(=O)c3ccc(C)c(Nc4ncnc5c(N)nc(nc45)N(C)C)c3)cc(c2)C(F)(F)F,CHEMBL3694036,IC50,7.72
808475,CN(C)S(=O)(=O)c1cccc(NC(=O)c2ccc(C)c(Nc3ncnc4cnc(nc34)N5CCCN(C)CC5)c2)c1,CHEMBL3697797,IC50,7.72
808484,Cc1ccc(cc1Nc2ncnc3cnc(nc23)N4CC[C@@H](F)C4)C(=O)NCc5ccc(cc5)C(F)(F)F,CHEMBL3697788,IC50,7.72
808494,Clc1cc2C(=O)NNC(=O)c2cc1Nc3cccc(NC(=O)c4cccc(Br)c4)c3,CHEMBL1922595,IC50,7.72
808505,Cn1cc(cn1)S(=O)(=O)Nc2ccc(F)c(Nc3ncccc3c4ncnc5[nH]cnc45)c2F,CHEMBL3799568,IC50,7.72
808516,Nc1ncc(c2cccnc2)c3scc(c4cccc(NC(=O)Cc5ccccc5)c4)c13,CHEMBL2315070,IC50,7.72
808526,Oc1cc(Nc2ncnc3ccc(cc23)c4ccc(Cl)cc4)c(F)cc1F,CHEMBL3665861,IC50,7.72
808536,Cn1cc(c2ccc(cc2)\C(=N/O)\N)c(n1)c3ccncc3,CHEMBL497866,IC50,7.74
808547,CCCC(C)S(=O)(=O)Nc1ccc(F)c(Nc2ncccc2c3ncnc4[nH]cnc34)c1F,CHEMBL3799288,IC50,7.75
808558,CNc1cc2N([C@H]3CCOC3)C(=O)C(=Cc2cn1)c4ccc(F)c(NC(=O)Nc5onc(c5)C(C)(C)C)c4,CHEMBL3577114,IC50,7.75
808569,CNc1ncc2cc(c(C)nc2n1)c3ccc(F)c(NC(=O)NCCC(C)(C)C)c3,CHEMBL3577119,IC50,7.75
808579,COCCN1CCN(CC1)c2ccc3ncnc(Nc4cc(NC(=O)c5cccc(c5)C(C)(C)C#N)ccc4C)c3n2,CHEMBL3659965,IC50,7.75
808588,COc1ccc(NC(=O)c2ccc(C)c(Nc3ncnc4cnc(nc34)N5CCN6CCCCC6C5)c2)cc1C(F)(F)F,CHEMBL3641170,IC50,7.75
808597,COc1ccc(NC(=O)c2ccc(C)c(c2)N(C)c3ncnc4cnc(nc34)N5CCOCC5)cc1C(F)(F)F,CHEMBL3641192,IC50,7.75
808607,FC(F)(F)Oc1cccc(c1)C(=O)Nc2cccc(Nc3cc4C(=O)NNC(=O)c4cc3Cl)c2,CHEMBL1922598,IC50,7.75
809783,Fc1ccc(NC(=O)c2cccc(c2)C(F)(F)F)cc1c3ccnc4c(cnn34)c5cn[nH]c5,CHEMBL1080438,IC50,7.75
809794,Fc1ccc(NS(=O)(=O)C2CCCCC2)c(F)c1Nc3ncccc3c4ncnc5[nH]cnc45,CHEMBL3799451,IC50,7.75
809805,CCn1cc(c2ccnc3[nH]ccc23)c(n1)c4cccc(NC(=O)Nc5ccccc5)c4,CHEMBL498307,IC50,7.76
809816,CC(C)(C)c1cc(NC(=O)Nc2cccc(Cl)c2Cl)n(n1)c3cccc(CC(=O)N)c3,CHEMBL1271376,IC50,7.77
809827,CC(C)CS(=O)(=O)Nc1ccc(F)c(Nc2ncccc2c3ncnc4[nH]cnc34)c1F,CHEMBL3799488,IC50,7.77
809838,CCCCS(=O)(=O)Nc1ccc(F)c(c1Cl)c2cc3cnc4[nH]nc(C5CC5)c4c3cc2OC,CHEMBL3753363,IC50,7.77
809849,CCN1C2CCC1CC(C2)c3ccnc4c(c5ccc(C)c6[nH]ncc56)c(nn34)c7ccncc7,CHEMBL570444,IC50,7.77
809859,CN(CC1CCCCO1)c2ncc3ncnc(Nc4cc(ccc4C)C(=O)Nc5cc(nn5C)C(C)(C)C)c3n2,CHEMBL3639399,IC50,7.77
809868,COc1c(NC(=O)c2ccc(C)c(Nc3ncnc4cnc(nc34)N5CCCN(C)CC5)c2)cc(cc1NS(=O)(=O)C)C(C)(C)C,CHEMBL3697727,IC50,7.77
809877,COc1c(NC(=O)c2ccc(C)c(Nc3ncnc4cnc(nc34)N5CC[C@H](F)C5)c2)cc(cc1NS(=O)(=O)C)C(C)(C)C,CHEMBL3697840,IC50,7.77
809886,COc1ccc(NC(=O)c2ccc(C)c(Nc3ncnc4cnc(nc34)N5CCN(CCN6CCOCC6)CC5)c2)cc1C(F)(F)F,CHEMBL3641167,IC50,7.77
809896,COc1cccc(c1)c2c(nn3c(ccnc23)c4ccc(cc4)N5CC6CCC(C5)N6C)c7ccncc7,CHEMBL1080832,IC50,7.77
809907,COc1n[nH]c2ncc(cc12)C#Cc3c(F)ccc(NS(=O)(=O)c4cccnc4)c3F,CHEMBL3582391,IC50,7.77
809917,Cc1ccc(cc1Nc2ncnc3cnc(nc23)N4CCCCC4)C(=O)Nc5ccc(F)c(c5)C(F)(F)F,CHEMBL3697873,IC50,7.77
809927,FC(F)(F)c1cccc(c1)C(=O)Nc2cccc(Nc3cc4C(=O)NNC(=O)c4cc3Cl)c2,CHEMBL1922597,IC50,7.77
809938,O\N=C/1\CCCc2cc(ccc12)c3[nH]c(nc3c4ccncc4)c5ccccc5,CHEMBL200164,Kd,7.77
809949,Oc1ccccc1C2CC(=NN2C(=O)c3ccc(s3)c4ccccn4)c5cccnc5,CHEMBL1778666,IC50,7.77
809960,Nc1ncc(c2cccnc2)c3scc(c4cccc(NC(=O)Nc5ccc(Cl)c(c5)C(F)(F)F)c4)c13,CHEMBL2315062,IC50,7.78
809970,CCCS(=O)(=O)Nc1ccc(F)c(c1F)n2cc(c3cncc(OC)c3)c4nc(cnc24)N(C)C5CCN(C)CC5,CHEMBL3702558,IC50,7.8
809979,CCCS(=O)(=O)Nc1ccc(F)c(c1F)n2cc(c3cncnc3)c4nc(ncc24)N(C)C5CCN(CC)CC5,CHEMBL3702562,IC50,7.8
809988,CN(C)CCN(C)c1ncc2ncnc(Nc3cc(ccc3C)C(=O)Nc4ccc5N(CCN6CCCC6)C(=O)C(C)(C)c5c4)c2n1,CHEMBL3697742,IC50,7.8
809998,CNS(=O)(=O)c1cccc(Nc2ncnc3[nH]c(Br)cc23)c1,CHEMBL3613183,IC50,7.8
810009,CNS(=O)(=O)c1cccc(Nc2ncnc3[nH]cc(c4ccc(cc4)C(=O)O)c23)c1,CHEMBL3613182,IC50,7.8
810020,Cc1ccc(cc1Nc2ncccc2c3ncnc4[nH]cnc34)C(=O)Nc5ccc(Cl)c(C)c5,CHEMBL3354384,IC50,7.8
810031,Cn1cc(c2ccc3\C(=N/O)\NCCc3c2)c(n1)c4ccncc4,CHEMBL498524,IC50,7.8
810042,Fc1ccc(NS(=O)(=O)c2cccnc2)c(F)c1C#Cc3cnc4[nH]nc(c5ccccc5)c4c3,CHEMBL3582395,IC50,7.8
810053,O[C@@H]1CCN(C1)S(=O)(=O)Nc2ccc(F)c(Nc3ncccc3c4ncnc5[nH]cnc45)c2F,CHEMBL3797494,IC50,7.8
810064,O\N=C\1/CCc2cc(ccc12)c3nc(CN4CCOCC4)[nH]c3c5ccncc5,CHEMBL477987,Kd,7.8
525208,CCn1nc(C#Cc2cc(ccc2C)C(=O)Nc3ccc(CN4CCN(C)CC4)c(c3)C(F)(F)F)c5c(N)ncnc15,CHEMBL3426225,IC50,7.82
810076,CN(C)c1cccc(NC(=O)c2ccc(C)c(Nc3ncnc4cnc(nc34)N5CCCN(C)CC5)c2)c1,CHEMBL3697769,IC50,7.82
810085,CN(C)c1cccc(NC(=O)c2ccc(C)c(Nc3ncnc4cnc(nc34)N5CCNCC5)c2)c1,CHEMBL3697809,IC50,7.82
810094,CN(C)c1nc(N)c2ncnc(Nc3cc(NC(=O)c4cccc(c4)C(F)(F)F)ccc3C)c2n1,CHEMBL3694052,IC50,7.82
810103,CN1CCC(CN2CCN(CC2)c3nc(N)c4ncnc(Nc5cc(ccc5Br)C(=O)Nc6cccc(c6)C(F)(F)F)c4n3)CC1,CHEMBL3689928,IC50,7.82
810113,CNc1ncc2cc(c(C)nc2n1)c3cc(NC(=O)NCCC(C)(C)C)c(F)cc3C,CHEMBL3577124,IC50,7.82
810123,COc1c(CN2CCCC2)cc(cc1NC(=O)c3ccc(C)c(Nc4ncnc5cnc(nc45)N6CC[C@H](F)C6)c3)C(F)(F)F,CHEMBL3641156,IC50,7.82
810132,COc1ccc(cc1NC(=O)c2ccc(C)c(Nc3ncnc4cnc(nc34)N(C)CCN(C)C)c2)C(F)(F)F,CHEMBL3697780,IC50,7.82
810141,Cc1ccc(cc1Nc2ncnc3ccc(nc23)N4CCOCC4)C(=O)Nc5cc(nn5C)C(C)(C)C,CHEMBL3659913,IC50,7.82
810151,Fc1ccc(NS(=O)(=O)N2CCCCC2)c(F)c1Nc3ncccc3c4ncnc5[nH]cnc45,CHEMBL3798505,IC50,7.82
810163,Fc1ccc(Oc2ccc3nc(NC(=O)C4CC4)sc3c2C#N)cc1NC(=O)Cc5cccc(c5)C(F)(F)F,CHEMBL3125890,IC50,7.82
810174,Fc1cccc(c1)S(=O)(=O)Nc2ccc(F)c(Nc3ncccc3c4ncnc5[nH]cnc45)c2F,CHEMBL3799014,IC50,7.82
810185,CC(C)(CNS(=O)(=O)C)c1nc(c2ccc(Cl)c(O)c2)c([nH]1)c3ccncc3,CHEMBL381447,IC50,7.85
810196,CC(C)S(=O)(=O)Nc1ccc(F)c(Nc2ncccc2c3ncnc4[nH]cnc34)c1F,CHEMBL3798327,IC50,7.85
810206,CN(CCN1CCCC1)c2ncc3ncnc(Nc4cc(ccc4F)C(=O)Nc5cc(on5)C(C)(C)C)c3n2,CHEMBL3697862,IC50,7.85
810215,CN1CCN(CC1)c2nc(N)c3ncnc(Nc4cc(ccc4Cl)C(=O)Nc5cccc(c5)C(F)(F)F)c3n2,CHEMBL3689922,IC50,7.85
26231,CN[C@@H]1C[C@H]2O[C@@](C)([C@@H]1OC)n3c4ccccc4c5c6CNC(=O)c6c7c8ccccc8n2c7c35,CHEMBL388978,IC50,7.85
810226,COc1ccc(NC(=O)c2ccc(C)c(Nc3ncnc4cnc(nc34)N5CCC(CC5)N6C[C@@H](C)O[C@@H](C)C6)c2)cc1C(F)(F)F,CHEMBL3641174,IC50,7.85
810235,COc1ccc(cc1Nc2ncnc3c(N)nc(nc23)N4CCN(CC4)C5CCN(C)CC5)C(=O)Nc6cccc(c6)C(F)(F)F,CHEMBL3689931,IC50,7.85
810244,C[C@@H]1CN(C[C@H](C)O1)c2ncc3ncnc(Nc4cc(ccc4C)C(=O)Nc5cc(on5)C(C)(C)C)c3n2,CHEMBL3697910,IC50,7.85
810253,Cc1ccc(cc1Nc2ncnc3cncnc23)C(=O)Nc4cc(nn4C)C(C)(C)C,CHEMBL3643298,IC50,7.85
810263,Oc1cc(ccc1Cl)c2[nH]c(nc2c3ccncn3)c4ccccc4,CHEMBL370353,Kd,7.85
810274,Nc1ncc(c2cccnc2)c3scc(c4cccc(NC(=O)Nc5ccccc5)c4)c13,CHEMBL2315076,IC50,7.86
810285,FC(F)(F)c1cc(NC(=O)c2cccc(Nc3ncccc3c4ncnc5[nH]cnc45)c2)ccc1Cl,CHEMBL3354379,IC50,7.87
810295,CC(C)(C)c1onc(NC(=O)c2ccc(c(Nc3ncnc4cnc(nc34)N5CCOCC5)c2)C(F)(F)F)c1,CHEMBL3694126,IC50,7.89
810304,CC(C)CN1CCN(CC1)c2ncc3ncnc(Nc4cc(ccc4C)C(=O)Nc5cc(n[nH]5)C(C)(C)C)c3n2,CHEMBL3641073,IC50,7.89
810313,CC(C)CNc1ncc2ncnc(Nc3cc(ccc3C)C(=O)Nc4cc(on4)C(C)(C)C)c2n1,CHEMBL3641103,IC50,7.89
810322,CC(C)N1CCN(CC1)c2nc(N)c3ncnc(Nc4cc(NC(=O)c5cccc(c5)C(F)(F)F)ccc4C)c3n2,CHEMBL3694061,IC50,7.89
810332,CC(C)c1cccc(c1)C(=O)Nc2cccc(Nc3ccnc(NC(=O)C4CC4)c3)c2,CHEMBL3800043,IC50,7.89
810343,CCCS(=O)(=O)Nc1cc(F)c(C(=O)c2c[nH]c3ncc(Cl)cc23)c(F)c1,CHEMBL3415554,IC50,7.89
810355,CCCS(=O)(=O)Nc1ccc(F)c(C(=O)c2c[nH]c3ncc(Cl)cc23)c1F,CHEMBL1230020,IC50,7.89
810365,CN1CCC(CC1)N2CCN(CC2)c3nc(N)c4ncnc(Nc5cc(ccc5Br)C(=O)Nc6cccc(c6)C(F)(F)F)c4n3,CHEMBL3689927,IC50,7.89
810374,CN1CCC(CN2CCN(CC2)c3nc(N)c4ncnc(Nc5cccc(c5)C(=O)Nc6cccc(c6)C(F)(F)F)c4n3)CC1,CHEMBL3689921,IC50,7.89
810385,CNS(=O)(=O)c1cccc(Nc2ncnc3[nH]cc(Cl)c23)c1,CHEMBL3612665,IC50,7.89
810396,CNc1ncc2ccc(Oc3cc(ccc3Cl)C(=O)C4=C(N(C)N(C4=O)c5ccccc5)c6ccccc6)cc2n1,CHEMBL3407851,IC50,7.89
810406,CNc1ncnc2c(Nc3cccc(NC(=O)c4cccc(c4)C(C)(C)C#N)c3)ncnc12,CHEMBL3643302,IC50,7.89
810415,COCCN1CCN(CC1)c2ncc3ncnc(Nc4cc(ccc4C)C(=O)Nc5cc(ccc5C#N)C(F)(F)F)c3n2,CHEMBL3641146,IC50,7.89
810424,COc1ccc(cc1C(F)(F)F)C(=O)Nc2ccc(C)c(Nc3ncnc4cnc(OC)nc34)c2,CHEMBL3641241,IC50,7.89
810433,COc1ccc(cc1C(F)(F)F)C(=O)Nc2ccc(C)c(Nc3ncnc4cnc(nc34)N5CCN(C)CC5)c2,CHEMBL3641213,IC50,7.89
810442,Cc1ccc(cc1Nc2ncnc3cnc(nc23)N4CC[C@H](F)C4)C(=O)Nc5ccc(Cl)c(c5)C(F)(F)F,CHEMBL3697834,IC50,7.89
810452,Oc1cc(ccc1Cl)c2[nH]c(nc2c3ccncc3)c4occc4,CHEMBL371952,IC50,7.89
810463,CC(C)(C)c1nc(c2ccc(Cl)c(O)c2)c([nH]1)c3ccncc3,CHEMBL200172,IC50,7.92
810473,CN1CCC(CN2CCN(CC2)c3ccc4ncnc(Nc5cc(ccc5C)C(=O)Nc6cc(on6)C(C)(C)C)c4n3)CC1,CHEMBL3659919,IC50,7.92
810482,CN1CCN(CC1)c2ccc3ncnc(Nc4cc(ccc4C)C(=O)Nc5cc(on5)C(C)(C)C)c3n2,CHEMBL3659917,IC50,7.92
810491,CN1CCN(CC1)c2nc(N)c3ncnc(Nc4cc(ccc4C)C(=O)Nc5cc(nn5C)C(C)(C)C)c3n2,CHEMBL3694029,IC50,7.92
810500,CN1CCN(CC1)c2ncc3ncnc(Nc4cc(NC(=O)c5cccc(c5)C(F)(F)F)ccc4C)c3n2,CHEMBL3641215,IC50,7.92
810509,COCCN1CCN(CC1)c2ncc3ncnc(Nc4cc(ccc4C)C(=O)Nc5cc(ccc5n6ccnn6)C(F)(F)F)c3n2,CHEMBL3641152,IC50,7.92
810518,COCCN1CCN(CC1)c2ncc3ncnc(Nc4cc(ccc4C)C(=O)Nc5cc(nn5C)C(C)(C)C)c3n2,CHEMBL3641048,IC50,7.92
810527,COc1c(CNC(C)C)cc(cc1NC(=O)c2ccc(C)c(Nc3ncnc4cnc(nc34)N5CC[C@H](F)C5)c2)C(F)(F)F,CHEMBL3641157,IC50,7.92
810536,COc1ccc(cc1Nc2ncnc3c(N)nc(nc23)N4CCN(CC5CCN(C)CC5)CC4)C(=O)Nc6cccc(c6)C(F)(F)F,CHEMBL3689932,IC50,7.92
810546,COc1cccc(c1)c2c(nn3c(ccnc23)c4ccc(cc4)N5C[C@@H]6C[C@H]5CN6)c7ccncc7,CHEMBL1080651,IC50,7.92
810556,CS(=O)(=O)Nc1cc(F)cc(c1Cl)c2[nH]c(nc2c3ccnc(N)n3)C4CC4,CHEMBL3651673,IC50,7.92
810566,FC(F)(F)c1cc(NC(=O)Nc2cccc(Nc3ncccc3c4ncnc5[nH]cnc45)c2)ccc1Cl,CHEMBL3354377,IC50,7.92
810577,Fc1ccc(NS(=O)(=O)c2ccccc2F)c(F)c1Nc3ncccc3c4ncnc5[nH]cnc45,CHEMBL3800226,IC50,7.92
810587,COC(=O)N[C@@H](C)CNc1nccc(n1)c2nc([nH]c2c3cc(NS(=O)(=O)C(C)C)cc(OC(F)F)c3)C(C)(C)C,CHEMBL3651620,IC50,7.95
810598,CC(C)(C)c1onc(NC(=O)c2ccc(Cl)c(Nc3ncnc4cnc(nc34)N5CCCC5)c2)c1,CHEMBL3694139,IC50,7.96
810607,CC(C)CN1CCN(CC1)c2nc(N)c3ncnc(Nc4cc(ccc4C)C(=O)Nc5cc(nn5C)C(C)(C)C)c3n2,CHEMBL3694041,IC50,7.96
810616,CC(CNc1nccc(n1)c2nc([nH]c2c3cccc(NS(=O)(=O)C)c3Cl)C4CC4)C#N,CHEMBL3651641,IC50,7.96
810626,CCCS(=O)(=O)Nc1ccc(F)c(c1Cl)c2cc3cnc4[nH]ncc4c3cc2OC,CHEMBL3752457,IC50,7.96
810637,CCN1C(=O)C(=Cc2cnc(NC)cc12)c3cc(NC(=O)NCCC(C)(C)C)c(F)cc3C,CHEMBL3577116,IC50,7.96
810647,CCNc1nccc(n1)c2nc([nH]c2c3cc(F)cc(NS(=O)(=O)C)c3Cl)C4CC4,CHEMBL3651647,IC50,7.96
810656,CN(C)CCN(C)c1ncc2ncnc(Nc3cc(ccc3C)C(=O)Nc4cccc(c4)C(C)(C)C#N)c2n1,CHEMBL3697744,IC50,7.96
810666,CNc1ncc2cc(ccc2n1)c3c(C)ccc(C(=O)Nc4ccc(OC)c(c4)C(F)(F)F)c3N,CHEMBL3407847,IC50,7.96
810676,COC(=O)N[C@H](C)CNc1nccc(n1)c2nc([nH]c2c3cc(F)cc(NS(=O)(=O)C)c3Cl)C4CC4,CHEMBL3651652,IC50,7.96
810685,COc1c(NC(=O)c2ccc(C)c(Nc3ncnc4cnc(nc34)N5CCOCC5)c2)cc(cc1NS(=O)(=O)C)C(C)(C)C,CHEMBL3697867,IC50,7.96
810694,COc1ccc(NC(=O)c2ccc(C)c(Nc3ncnc4ccc(nc34)N5CCOCC5)c2)cc1C(F)(F)F,CHEMBL3659908,IC50,7.96
810703,COc1ncc2ncnc(Nc3cc(ccc3C)C(=O)Nc4cc(nn4C)C(C)(C)C)c2n1,CHEMBL3641179,IC50,7.96
810713,C\C(=N/O)\c1ccc(cc1)c2[nH]c(nc2c3ccncc3)c4ccccc4,CHEMBL200637,Kd,7.96
810723,Cc1ccc(NC(=O)c2cccc(c2)C(C)(C)C#N)cc1Nc3ncnc4ccc(nc34)N5CC[C@H](F)C5,CHEMBL3659966,IC50,7.96
810732,Cc1ccc(cc1Nc2ncnc3cnc(nc23)N4CC[C@@H](F)C4)C(=O)NCc5cccc(c5)C(F)(F)F,CHEMBL3697753,IC50,7.96
810742,Cn1cc(c2ccc3c(Cc4n[nH]nc34)c2)c(n1)c5ccncc5,CHEMBL1780151,IC50,7.96
810753,Fc1ccc(cc1)c2n[nH]c3ncc(cc23)C#Cc4c(F)ccc(NS(=O)(=O)c5cccnc5)c4F,CHEMBL3582400,IC50,7.96
810764,FC(F)(F)c1cc(NC(=O)c2ccc(Cl)c(Nc3ncccc3c4ncnc5[nH]cnc45)c2)ccc1Cl,CHEMBL3354388,IC50,7.97
810775,Oc1c(Br)cc(\C=C\2/C(=O)Nc3ccc(I)cc23)cc1Br,CHEMBL72365,IC50,7.97
810786,CCn1cc(c2ccnc3[nH]ccc23)c(n1)c4cccc(NC(=O)Nc5cccc(Cl)c5)c4,CHEMBL497484,IC50,7.98
810797,Cc1ccc(cc1Nc2ncccc2c3ncnc4[nH]cnc34)C(=O)Nc5cccc(c5)C(F)(F)F,CHEMBL3354381,IC50,7.98
810808,C(N1C[C@@H]2C[C@H]1CO2)c3ccc(cc3)c4ccnc5c(c6cccc7[nH]ncc67)c(nn45)c8ccncc8,CHEMBL1277056,IC50,8.0
810819,CCN1C(=O)C(=Cc2cnc(NC)cc12)c3ccc(F)c(NC(=O)Nc4onc(c4)C(C)(C)C)c3,CHEMBL3577115,IC50,8.0
810829,CCN1CCN(CC1)c2cc(NC(=O)c3ccc(C)c(Nc4ncnc5c(N)nc(nc45)N6CC[C@H](F)C6)c3)cc(c2)C(F)(F)F,CHEMBL3694045,IC50,8.0
810838,CN(C)CCN(C)c1cc(NC(=O)c2ccc(C)c(Nc3ncnc4cnc(nc34)N(C)CC5CCCCO5)c2)cc(c1)C(F)(F)F,CHEMBL3641034,IC50,8.0
810847,CN(C)S(=O)(=O)c1cccc(NC(=O)c2ccc(C)c(Nc3ncnc4cnc(nc34)N5CCCCC5)c2)c1,CHEMBL3697878,IC50,8.0
810856,CN(C)c1cccc(NC(=O)c2ccc(C)c(Nc3ncnc4cnc(nc34)N5CCCC5)c2)c1,CHEMBL3697817,IC50,8.0
810866,CN1CCC(CC1)C(=O)Nc2cc(Oc3ccc4c(c3)nc(Nc5cccc(c5)C(C)(C)C)n4C)ccn2,CHEMBL3335383,IC50,8.0
810877,CNS(=O)(=O)c1cccc(Nc2ncnc3[nH]cc(c4ccccc4Cl)c23)c1,CHEMBL3613176,IC50,8.0
810888,COC(=O)c1cc2cc(NCc3cc(NC(=O)c4cc(cc(c4)C(F)(F)F)n5cnc(C)c5)ccc3C)cnc2[nH]1,CHEMBL3808884,IC50,8.0
810898,COCCN1CCN(CC1)c2ncc3ncnc(Nc4cc(ccc4C)C(=O)Nc5cc(ccc5n6cccn6)C(F)(F)F)c3n2,CHEMBL3641153,IC50,8.0
810907,COc1ccc(cc1NC(=O)c2ccc(C)c(Nc3ncnc4cnc(nc34)N5CCCCC5)c2)C(C)(C)C,CHEMBL3697795,IC50,8.0
810916,Cc1ccc(cc1Nc2ncnc3cnc(nc23)N4CCCCC4)C(=O)Nc5ccc(Cl)c(c5)C(F)(F)F,CHEMBL3697875,IC50,8.0
810926,Clc1ccc(Cl)c(c1)c2nc([nH]c2c3ccnc(NCCN4CCNC4=O)n3)C5CC5,CHEMBL401710,IC50,8.0
810937,FC(F)(F)c1cccc(c1)C(=O)Nc2cccc(Nc3cc4C(=O)NC(=O)c4cc3Cl)c2,CHEMBL1922476,IC50,8.0
810948,Fc1ccc(NS(=O)(=O)CC(F)(F)F)c(F)c1Nc2ncccc2c3ncnc4[nH]cnc34,CHEMBL3800014,IC50,8.0
810959,Fc1ccc(NS(=O)(=O)c2cccnc2)c(F)c1C#Cc3cnc4[nH]nc(C5CC5)c4c3,CHEMBL3582394,IC50,8.0
810970,Fc1ccc(NS(=O)(=O)c2cccnc2)c(F)c1Nc3ncccc3c4ncnc5[nH]cnc45,CHEMBL3798195,IC50,8.0
810981,Oc1cc(ccc1Cl)c2nc([nH]c2c3ccncc3)c4ccccc4,CHEMBL373011,IC50,8.0
810992,COc1cc(ccc1Cl)c2c(nn3c(ccnc23)c4ccc(cc4)N5CC6CCC(C5)N6C)c7ccncc7,CHEMBL1088288,IC50,8.01
811003,CN1C[C@@H]2C[C@H]1CN2c3c(F)cc(cc3F)c4ccnc5c(c6cccc7[nH]ncc67)c(nn45)c8ccncc8,CHEMBL1276180,IC50,8.02
811014,COc1cccc(NC(=O)Nc2cccc(c2)c3csc4c(cnc(N)c34)c5cccnc5)c1,CHEMBL2315077,IC50,8.02
811025,FC(F)(F)c1cc(cc(c1)c2cc[nH]n2)C(=O)N[C@@H]3CCc4ccc(Oc5ccnc6NC(=O)CCc56)cc4C3,CHEMBL3765074,IC50,8.02
811036,CC(=O)N1C2CCC1CC(C2)c3ccnc4c(c5cccc6[nH]ncc56)c(nn34)c7ccncc7,CHEMBL570458,IC50,8.04
811047,CC(=O)Nc1cc(Oc2ccc3c(c2)nc(Nc4ccc(cc4)C(C)(C)C)n3C)ccn1,CHEMBL3335376,IC50,8.05
811057,CCN1CCN(CC1)c2cc(NC(=O)c3ccc(C)c(Nc4ncnc5c(N)nc(nc45)N6CCCC6)c3)cc(c2)C(F)(F)F,CHEMBL3694044,IC50,8.05
811066,CCN1CCN(CC1)c2ncc3ncnc(Nc4cc(ccc4C)C(=O)Nc5ccc(OC)c(c5)C(F)(F)F)c3n2,CHEMBL3641176,IC50,8.05
811075,CN(C)CCN(C)c1cc(NC(=O)c2ccc(C)c(Nc3ncnc4cnc(nc34)N5CCC(F)(F)CC5)c2)cc(c1)C(F)(F)F,CHEMBL3694225,IC50,8.05
811084,CN(C)CCN(C)c1ncc2ncnc(Nc3cc(NC(=O)c4cc(cc(c4)C(F)(F)F)N5CCN(C)CC5)ccc3C)c2n1,CHEMBL3641223,IC50,8.05
811093,CN(C)c1ccc2ncnc(Nc3cc(ccc3C)C(=O)Nc4cc(on4)C(C)(C)C)c2n1,CHEMBL3659924,IC50,8.05
811102,CN1CC2CC1CN2c3nc(N)c4ncnc(Nc5cc(NC(=O)c6cccc(c6)C(F)(F)F)ccc5C)c4n3,CHEMBL3694062,IC50,8.05
811111,CN1CCCN(CC1)c2nc(N)c3ncnc(Nc4cc(ccc4C)C(=O)Nc5ccc(cc5)C(F)(F)F)c3n2,CHEMBL3639887,IC50,8.05
811120,CN1CCCN(CC1)c2nc(N)c3ncnc(Nc4cc(ccc4Cl)C(=O)Nc5cccc(c5)C(F)(F)F)c3n2,CHEMBL3689923,IC50,8.05
811129,CN1CCN(CC1)c2nc(N)c3ncnc(Nc4cc(ccc4C)C(=O)Nc5cc(Br)cc(c5)C(F)(F)F)c3n2,CHEMBL3689902,IC50,8.05
811139,CNc1nccc(n1)c2[nH]c(nc2c3cccc(NC(=O)Cc4ccc(Cl)cc4)c3)C5CC5,CHEMBL403854,IC50,8.05
811149,COc1ccc(NC(=O)c2ccc(C)c(Nc3ncnc4cnc(nc34)N(C)CC5CCCCO5)c2)cc1C(F)(F)F,CHEMBL3641036,IC50,8.05
811158,COc1ccc(NC(=O)c2ccc(Cl)c(Nc3ncnc4cnc(nc34)N5CCCC5)c2)cc1C(F)(F)F,CHEMBL3694076,IC50,8.05
811167,COc1ccc(cc1NC(=O)c2ccc(C)c(Nc3ncnc4cnc(nc34)N5CCCCC5)c2)C(F)(F)F,CHEMBL3697808,IC50,8.05
811176,Cc1ccc(NC(=O)c2cccc(c2)C(F)(F)F)cc1Nc3ncnc4c(N)nc(nc34)N5CCNCC5,CHEMBL3694063,IC50,8.05
811185,Cc1ccc(cc1Nc2ncnc3c(N)nc(nc23)N4CCN(CC4)C5CC5)C(=O)Nc6cc(n[nH]6)C(C)(C)C,CHEMBL3689941,IC50,8.05
811194,Cc1ccc(cc1Nc2ncnc3cnc(nc23)N4CCN(CC5CCOC5)CC4)C(=O)Nc6cc(n[nH]6)C(C)(C)C,CHEMBL3641206,IC50,8.05
811203,Cc1ccc(cc1Nc2ncnc3cnc(nc23)N4CCOCC4)C(=O)Nc5ccc(F)c(c5)C(F)(F)F,CHEMBL3697859,IC50,8.05
811213,O[C@H]1CCN(C1)S(=O)(=O)Nc2ccc(F)c(Nc3ncccc3c4ncnc5[nH]cnc45)c2F,CHEMBL3800002,IC50,8.05
309010,O\N=C\1/CCc2cc(ccc12)c3cn(nc3c4ccncc4)C5CCNCC5,CHEMBL526479,IC50,8.05
811226,CCCS(=O)(=O)Nc1ccc(F)c(c1F)c2ccc3cc(N)ncc3c2,CHEMBL2023335,IC50,8.06
811237,COc1cc(ccc1F)c2c(nn3c(ccnc23)c4ccc(cc4)N5C[C@@H]6C[C@H]5CN6)c7ccncc7,CHEMBL1079785,IC50,8.06
811248,COc1cc(ccc1Cl)c2c(nn3c(ccnc23)C4CC5CCC(C4)N5)c6ccncc6,CHEMBL583678,IC50,8.07
811259,CCOC(=O)N1C2CCC1CC(C2)c3c(C)cnc4c(c5cccc6[nH]ncc56)c(nn34)c7ccncc7,CHEMBL585335,IC50,8.08
811270,CNc1cc2nc(C)c(cc2cn1)c3ccc(F)c(NC(=O)NCCC(C)(C)C)c3,CHEMBL3577120,IC50,8.08
811281,CC(C)c1cccc(NC(=O)c2ccc(Cl)c(Nc3ncccc3c4ncnc5[nH]cnc45)c2)c1,CHEMBL3354390,IC50,8.09
811292,COc1cccc(c1)c2c(nn3c(ccnc23)c4ccc(cc4)N5C[C@@H]6C[C@H]5CN6C)c7ccncc7,CHEMBL1080615,IC50,8.09
811302,CC(C)(C)c1onc(NC(=O)c2ccc(Cl)c(Nc3ncnc4cnc(nc34)N5CCCCCC5)c2)c1,CHEMBL3694131,IC50,8.1
811311,CC(C)CN1CCN(CC1)c2cc(NC(=O)c3ccc(C)c(Nc4ncnc5cnc(nc45)N6CC[C@H](F)C6)c3)cc(c2)C(F)(F)F,CHEMBL3641078,IC50,8.1
811320,CN(C)CCN(C)c1cc(NC(=O)c2ccc(C)c(Nc3ncnc4c(N)nc(nc34)N(C)C)c2)cc(c1)C(F)(F)F,CHEMBL3694035,IC50,8.1
811330,CN(C)S(=O)(=O)Nc1ccc(F)c(Nc2ncccc2c3ncnc4[nH]cnc34)c1F,CHEMBL3798256,IC50,8.1
811341,CN1CCC(CC1)n2cc(c3ccc4c(Cc5c[nH]nc45)c3)c(n2)c6ccncc6,CHEMBL1780166,IC50,8.1
811351,CN1CCCN(CC1)c2ncc3ncnc(Nc4cc(ccc4C)C(=O)Nc5ccc6N(CCN7CCCC7)C(=O)C(C)(C)c6c5)c3n2,CHEMBL3697798,IC50,8.1
811360,CN1CCN(CC1)c2ccc3ncnc(Nc4cc(NC(=O)c5cccc(c5)C(C)(C)C#N)ccc4C)c3n2,CHEMBL3659964,IC50,8.1
811369,CN1CCN(CC1)c2ncc3ncnc(Nc4cc(Cl)cc(c4)C(=O)Nc5cc(nn5C)C(C)(C)C)c3n2,CHEMBL3697919,IC50,8.1
811378,CN1CCN(CC1)c2ncc3ncnc(Nc4cc(cc(C)c4C)C(=O)Nc5cc(nn5C)C(C)(C)C)c3n2,CHEMBL3697914,IC50,8.1
811387,CN1CCN(CC1)c2ncc3ncnc(Nc4cc(ccc4C)C(=O)Nc5cc(n[nH]5)C(C)(C)C)c3n2,CHEMBL3641074,IC50,8.1
811397,CNS(=O)(=O)c1ccc(N2CCOCC2)c(Nc3ncnc4[nH]c(Br)cc34)c1,CHEMBL3613308,IC50,8.1
811408,CNS(=O)(=O)c1ccc(N2CCOCC2)c(Nc3ncnc4[nH]ccc34)c1,CHEMBL3613196,IC50,8.1
811419,CNc1ncc2ccc(Oc3cc(ccc3C)C(=O)C4=C(N(C)N(C4=O)c5ccccc5)c6ccccc6)cc2n1,CHEMBL3407849,IC50,8.1
811429,COC(=O)N[C@@H](C)CNc1nccc(n1)c2nc([nH]c2c3cccc(NS(=O)(=O)C)c3)C4CC4,CHEMBL3651705,IC50,8.1
811438,COCCN1CCN(CC1)c2ncc3ncnc(Nc4cc(ccc4C)C(=O)Nc5cc(cc(c5)C(F)(F)F)n6cnc(C)c6)c3n2,CHEMBL3641117,IC50,8.1
811447,COc1ccc(NC(=O)c2ccc(C)c(Nc3ncnc4cnc(nc34)n5cnc(C)c5)c2)cc1C(F)(F)F,CHEMBL3641164,IC50,8.1
811456,COc1ccc(cc1NC(=O)c2ccc(C)c(Nc3ncnc4cnc(nc34)N5CCCN(C)CC5)c2)C(F)(F)F,CHEMBL3697765,IC50,8.1
811465,COc1ccc(cc1Nc2ncnc3cnc(NCCN(C)C)nc23)C(=O)Nc4ccc(OC)c(c4)C(F)(F)F,CHEMBL3694090,IC50,8.1
811474,COc1ccc(cc1Nc2ncnc3cnc(nc23)N(C)C)C(=O)Nc4cc(on4)C(C)(C)C,CHEMBL3694146,IC50,8.1
811484,Cc1cc(F)c(NC(=O)NCCC(C)(C)C)cc1c2cc3cnc(N)nc3nc2C,CHEMBL3577122,IC50,8.1
811494,Cc1ccc(cc1Nc2ncnc3cnc(nc23)N4CCCCC4)C(=O)Nc5cc(ccn5)C(F)(F)F,CHEMBL3697879,IC50,8.1
811504,Clc1cc2C(=O)NC(=O)c2cc1Nc3cccc(NC(=O)c4cccc(I)c4)c3,CHEMBL1922475,IC50,8.1
811515,Clc1cc2C(=O)NNC(=O)c2cc1Nc3cccc(NC(=O)c4cccc(I)c4)c3,CHEMBL1922596,IC50,8.1
811526,NCc1ccc(cc1)c2nc(c3ccc(Cl)c(O)c3)c([nH]2)c4ccncc4,CHEMBL200320,IC50,8.1
811538,Oc1cccc(c1)c2nc([nH]c2c3ccncc3)c4ccccc4,CHEMBL304624,Kd,8.1
811549,CC(C)c1cccc(NC(=O)c2ccc(C)c(Nc3ncccc3c4ncnc5c4ncn5C)c2)c1,CHEMBL3354841,IC50,8.13
811560,CN(C)c1cc(ccc1c2ccnc3c(c4cccc5[nH]ncc45)c(nn23)c6ccncc6)N7C[C@@H]8C[C@H]7CN8C,CHEMBL1276173,IC50,8.14
811571,O\N=C\1/CCc2cc(ccc12)c3cc(CN4CCOCC4)oc3c5ccncc5,CHEMBL476732,Kd,8.14
811581,COc1cc(ccc1O)c2ccc3ncnc(Nc4cc(O)c(F)cc4F)c3c2,CHEMBL3665859,IC50,8.15
811590,CC(C)(C)c1onc(NC(=O)c2ccc(F)c(Nc3ncnc4cnc(nc34)N5CCCCCC5)c2)c1,CHEMBL3694148,IC50,8.16
811599,CCCS(=O)(=O)Nc1ccc(F)c(c1F)n2cc(c3cncc(OC)c3)c4nc(ncc24)N(C)C5CCN(C)CC5,CHEMBL3702560,IC50,8.16
811608,CN(C)CCN(C)c1cc(NC(=O)c2ccc(C)c(Nc3ncnc4cnc(nc34)N5CCCCCC5)c2)cc(c1)C(F)(F)F,CHEMBL3694220,IC50,8.16
811617,CN(C)S(=O)(=O)c1cccc(NC(=O)c2ccc(C)c(Nc3ncnc4cnc(nc34)N5CCN(C)CC5)c2)c1,CHEMBL3697848,IC50,8.16
811626,CN(C)S(=O)(=O)c1cccc(NC(=O)c2ccc(C)c(Nc3ncnc4cnc(nc34)N5CCNCC5)c2)c1,CHEMBL3697888,IC50,8.16
811635,CN(C)S(=O)(=O)c1cccc(NC(=O)c2ccc(C)c(Nc3ncnc4cnc(nc34)N5CC[C@H](F)C5)c2)c1,CHEMBL3697838,IC50,8.16
811644,CN1CCC(CN2CCN(CC2)c3ncc4ncnc(Nc5cc(ccc5C)C(=O)Nc6cc(nn6C)C(C)(C)C)c4n3)CC1,CHEMBL3641041,IC50,8.16
811653,CN1CCN(CC1)c2nc(N)c3ncnc(Nc4cc(ccc4C)C(=O)Nc5ccc(C#N)c(c5)C(F)(F)F)c3n2,CHEMBL3694028,IC50,8.16
811662,COC(=O)N[C@@H](C)CNc1nccc(n1)c2nc([nH]c2c3cc(Cl)cc(NS(=O)(=O)c4ccc(cc4)C(F)(F)F)c3F)C5CC5,CHEMBL3651670,IC50,8.16
811671,COCCN1CCN(CC1)c2ncc3ncnc(Nc4cc(ccc4C)C(=O)Nc5cc(n[nH]5)C(C)(C)C)c3n2,CHEMBL3641052,IC50,8.16
811680,COCCN1CCN(CC1)c2ncc3ncnc(Nc4cc(ccc4C)C(=O)Nc5ccc6c(OC(F)(F)OC6(F)F)c5)c3n2,CHEMBL3641212,IC50,8.16
811690,COc1cc2c(cnc3[nH]nc(C4CC4)c23)cc1c5c(F)ccc(NS(=O)(=O)CCCF)c5Cl,CHEMBL3751896,IC50,8.16
811701,COc1cc2c(cnc3[nH]ncc23)cc1c4c(F)ccc(NS(=O)(=O)CCCF)c4Cl,CHEMBL3752478,IC50,8.16
811711,COc1ccc(NC(=O)c2ccc(C)c(Nc3ncnc4cnc(nc34)N5CCC(CC5)N6CCCC6)c2)cc1C(F)(F)F,CHEMBL3641175,IC50,8.16
811720,COc1ccc(NC(=O)c2ccc(C)c(Nc3ncnc4cnc(nc34)N5CCC(CC5)N6CCCCC6)c2)cc1C(F)(F)F,CHEMBL3641171,IC50,8.16
811729,COc1ccc(NC(=O)c2ccc(C)c(Nc3ncnc4cnc(nc34)N5CCN(CC5)C6CC6)c2)cc1C(F)(F)F,CHEMBL3641060,IC50,8.16
811738,COc1ccc(NC(=O)c2ccc(Cl)c(Nc3ncnc4cnc(nc34)N5CCCCCC5)c2)cc1C(F)(F)F,CHEMBL3694069,IC50,8.16
811747,COc1ccc(NC(=O)c2ccc(Cl)c(Nc3ncnc4cnc(nc34)N5CCN(C)CC5)c2)cc1C(F)(F)F,CHEMBL3694072,IC50,8.16
811756,COc1ccc(cc1Nc2ncnc3cnc(nc23)N4CCCCC4)C(=O)Nc5ccc(OC)c(c5)C(F)(F)F,CHEMBL3694086,IC50,8.16
811765,C[C@H]1CN([C@H](C)CN1)c2nc(N)c3ncnc(Nc4cc(NC(=O)c5cccc(c5)C(F)(F)F)ccc4C)c3n2,CHEMBL3694058,IC50,8.16
811775,Cc1c[nH]nc1c2ccc(cc2)c3cn(C)nc3c4ccncc4,CHEMBL498468,IC50,8.16
811785,Cc1ccc(NC(=O)c2cccc(c2)C(F)(F)F)cc1Nc3ncnc4c(N)nc(nc34)N5CCCN(CC5)c6ccncc6,CHEMBL3694057,IC50,8.16
811794,Cc1ccc(cc1Nc2ncnc3c(N)nc(nc23)N4CCN5CCCC5C4)C(=O)Nc6cc(nn6C)C(C)(C)C,CHEMBL3694042,IC50,8.16
811803,Cc1ccc(cc1Nc2ncnc3c(N)nc(nc23)N4CCNCC4)C(=O)Nc5ccc(cc5)C(F)(F)F,CHEMBL3689903,IC50,8.16
811812,Cc1ccc(cc1Nc2ncnc3ccc(nc23)N4CCOCC4)C(=O)Nc5cc(n[nH]5)C(C)(C)C,CHEMBL3659912,IC50,8.16
811821,Cc1ccc(cc1Nc2ncnc3ccc(nc23)N4CCOCC4)C(=O)Nc5cccc(c5)C(C)(C)[N+]#[C-],CHEMBL3659910,IC50,8.16
811830,Cc1ccc(cc1Nc2ncnc3cnc(NCc4ccccc4)nc23)C(=O)Nc5cccc(c5)C(C)(C)C#N,CHEMBL3641057,IC50,8.16
811840,Clc1ccc(CC(=O)Nc2cccc(c2)c3nc([nH]c3c4ccnc(NCCN5CCNC5=O)n4)C6CC6)cc1,CHEMBL429498,IC50,8.16
811851,Cn1c(Nc2cccc(c2)C(C)(C)C)nc3cc(Oc4ccnc(NC(=O)C5CCNCC5)c4)ccc13,CHEMBL3335382,IC50,8.16
811861,Cn1nc(cc1NC(=O)c2cc(Cl)cc(Nc3ncnc4cnc(nc34)N5CCOCC5)c2)C(C)(C)C,CHEMBL3697917,IC50,8.16
811871,Fc1ccc(NS(=O)(=O)c2cccs2)c(F)c1Nc3ncccc3c4ncnc5[nH]cnc45,CHEMBL3798780,IC50,8.16
811882,CCNC(=O)N1C2CCC1CC(C2)c3ccnc4c(c5cccc6[nH]ncc56)c(nn34)c7ccncc7,CHEMBL570658,IC50,8.17
811893,CN(C)C(=O)N1C2CCC1CC(C2)c3ccnc4c(c5cccc6[nH]ncc56)c(nn34)c7ccncc7,CHEMBL584942,IC50,8.19
811904,CN(C)c1cccc(c1)C(=O)Nc2ccc(C)c(Nc3ncccc3c4ncnc5[nH]cnc45)c2,CHEMBL3354840,IC50,8.2
811915,CNS(=O)(=O)c1ccc(N(C)C)c(Nc2ncnc3[nH]c(Br)cc23)c1,CHEMBL3613306,IC50,8.2
811926,COCCN1CCC(CC1)c2nc(c3ccc4\C(=N\O)\CCc4c3)c([nH]2)c5ccncc5,CHEMBL477774,Kd,8.2
811937,CC(C)(C)CS(=O)(=O)Nc1ccc(F)c(Nc2ncccc2c3ncnc4[nH]cnc34)c1F,CHEMBL3799342,IC50,8.22
811948,CC(C)(CN)c1nc(c2ccc(Cl)c(O)c2)c([nH]1)c3ccncc3,CHEMBL200889,IC50,8.22
811959,CC(C)N1CCN(CC(=O)Nc2cc(Oc3ccc4c(c3)nc(Nc5cc(ccc5F)C(F)(F)F)n4C)ccn2)CC1,CHEMBL3335386,IC50,8.22
811969,CC1=Nc2ccc(NC(=O)c3ccc(C)c(Nc4ncnc5cnc(nc45)N6CCC(CN7CCCC7)CC6)c3)cc2C1(C)C,CHEMBL3641205,IC50,8.22
811979,CCN1CCN(CC(=O)Nc2cc(Oc3ccc4c(c3)nc(Nc5cc(ccc5F)C(F)(F)F)n4C)ccn2)CC1,CHEMBL3335387,IC50,8.22
811989,CCN1CCN(CC1)c2cc(NC(=O)c3ccc(C)c(Nc4ncnc5cnc(nc45)N6CCN(CCOC)CC6)c3)cc(c2)C(F)(F)F,CHEMBL3641051,IC50,8.22
811998,CN(C)C1CCN(C1)c2ncc3ncnc(Nc4cc(Cl)cc(c4)C(=O)Nc5cc(nn5C)C(C)(C)C)c3n2,CHEMBL3697920,IC50,8.22
812007,CN(C)CCN(C)c1cc(NC(=O)c2ccc(C)c(Nc3ncnc4cnc(nc34)N5CC[C@H](F)C5)c2)cc(c1)C(F)(F)F,CHEMBL3641064,IC50,8.22
812016,CN(C)CCN(C)c1cc(NC(=O)c2ccc(C)c(Nc3ncnc4cnc(nc34)N5CC[S+]([O-])CC5)c2)cc(c1)C(F)(F)F,CHEMBL3694223,IC50,8.22
812025,CN(C)CCN(C)c1ncc2ncnc(Nc3cc(ccc3C)C(=O)Nc4cc(ccn4)C(F)(F)F)c2n1,CHEMBL3697824,IC50,8.22
812034,CN(C)CCN(C)c1ncc2ncnc(Nc3cc(ccc3C)C(=O)Nc4cccc(c4)C(C)(C)C)c2n1,CHEMBL3697785,IC50,8.22
812043,CN(C)c1ncc2ncnc(Nc3cc(ccc3Cl)C(=O)Nc4cc(on4)C(C)(C)C)c2n1,CHEMBL3694132,IC50,8.22
812052,CN1CCCN(CC1)c2ncc3ncnc(Nc4cc(ccc4C)C(=O)Nc5cc(n[nH]5)C(C)(C)C)c3n2,CHEMBL3641072,IC50,8.22
812063,CNS(=O)(=O)c1ccc(N(C)C)c(Nc2ncnc3[nH]ccc23)c1,CHEMBL3613195,IC50,8.22
812074,CNS(=O)(=O)c1cccc(Nc2ncnc3[nH]c(cc23)c4cccc(c4)C(F)(F)F)c1,CHEMBL3613188,IC50,8.22
812085,CNS(=O)(=O)c1cccc(Nc2ncnc3[nH]c(cc23)c4ccccc4C)c1,CHEMBL3613185,IC50,8.22
812096,CNS(=O)(=O)c1cccc(Nc2ncnc3[nH]cc(c4ccc(CN)cc4)c23)c1,CHEMBL3613181,IC50,8.22
812106,CNc1ncc2ncnc(Nc3cc(ccc3F)C(=O)Nc4cc(on4)C(C)(C)C)c2n1,CHEMBL3694157,IC50,8.22
812115,COCCN(C)c1ncc2ncnc(Nc3cc(ccc3OC)C(=O)Nc4cc(on4)C(C)(C)C)c2n1,CHEMBL3694143,IC50,8.22
812124,COCCN1CCN(CC1)c2ncc3ncnc(Nc4cc(ccc4C)C(=O)Nc5cc(ccc5Cl)C(F)(F)F)c3n2,CHEMBL3641148,IC50,8.22
812133,COc1ccc(NC(=O)c2ccc(C)c(Nc3ncnc4cnc(nc34)N5CCN(CC6CCOC6)CC5)c2)cc1C(F)(F)F,CHEMBL3641059,IC50,8.22
812142,COc1ccc(NC(=O)c2ccc(Cl)c(Nc3ncnc4cnc(nc34)N5CCCCC5)c2)cc1C(F)(F)F,CHEMBL3694073,IC50,8.22
812151,COc1ccc(NC(=O)c2ccc(F)c(Nc3ncnc4cnc(nc34)N5CCN(CC6CC6)CC5)c2)cc1C(F)(F)F,CHEMBL3641031,IC50,8.22
812160,COc1ccc(cc1NC(=O)c2ccc(C)c(Nc3ncnc4cnc(nc34)N5CCN(C)CC5)c2)C(C)(C)C,CHEMBL3697776,IC50,8.22
812169,COc1ccc(cc1Nc2ncnc3cnc(nc23)N4CCN(C)CC4)C(=O)Nc5ccc(OC)c(c5)C(F)(F)F,CHEMBL3694085,IC50,8.22
812178,C[C@@H]1CN(C[C@H](C)O1)C2CCN(CC2)c3ncc4ncnc(Nc5cc(ccc5C)C(=O)Nc6cc(on6)C(C)(C)C)c4n3,CHEMBL3641104,IC50,8.22
812187,Cc1ccc(cc1Nc2ncnc3c(N)nc(nc23)N4CCN(CC5CCCO5)CC4)C(=O)Nc6cc(n[nH]6)C(C)(C)C,CHEMBL3689937,IC50,8.22
812196,Cc1ccc(cc1Nc2ncnc3cnc(nc23)N4CC(F)(F)C4)C(=O)Nc5cc(on5)C(C)(C)C,CHEMBL3697908,IC50,8.22
812205,Cc1ccc(cc1Nc2ncnc3cnc(nc23)N4CCCC4)C(=O)Nc5cccc(c5)C(C)(C)C#N,CHEMBL3697822,IC50,8.22
812214,Cc1ccc(cc1Nc2ncnc3cnc(nc23)N4CCCCC4)C(=O)Nc5cccc(c5)C(F)(F)F,CHEMBL3697874,IC50,8.22
812223,Cc1cn(cn1)c2ncc3ncnc(Nc4cc(ccc4C)C(=O)Nc5cc(n[nH]5)C(C)(C)C)c3n2,CHEMBL3641209,IC50,8.22
812233,FC(F)(F)Oc1cccc(c1)C(=O)Nc2cccc(Nc3cc4C(=O)NC(=O)c4cc3Cl)c2,CHEMBL1922591,IC50,8.22
812244,Fc1ccc(NS(=O)(=O)c2cn[nH]c2)c(F)c1Nc3ncccc3c4ncnc5[nH]cnc45,CHEMBL3797403,IC50,8.22
734367,OC[C@@H](O)CONC(=O)c1ccc(F)c(F)c1Nc2ccc(I)cc2F,CHEMBL507361,IC50,8.22
812257,O\N=C\c1ccc(cc1Cl)c2[nH]c(nc2c3ccncc3)c4ccccc4,CHEMBL200412,Kd,8.22
812268,Oc1cc(ccc1Cl)c2[nH]c(nc2c3ccncc3)c4cccnc4,CHEMBL381250,IC50,8.22
38372,CSc1cccc(Nc2ncc3C=C(C(=O)N(C)c3n2)c4c(Cl)cccc4Cl)c1,CHEMBL386051,Kd,8.24
812281,Nc1nccc(n1)c2[nH]c(nc2c3ccc(Cl)c(O)c3)c4ccccc4,CHEMBL200258,Kd,8.24
812292,CCn1cc(c2ccnc3[nH]ccc23)c(n1)c4cccc(NC(=O)Nc5ccc(Cl)c(c5)C(F)(F)F)c4,CHEMBL456983,IC50,8.27
812303,CCn1cc(c2ccnc3[nH]ccc23)c(n1)c4cccc(NC(=O)Nc5ccccc5Cl)c4,CHEMBL525896,IC50,8.28
812314,Nc1ncc(c2cccnc2)c3scc(c4cccc(NC(=O)c5cccc(c5)C(F)(F)F)c4)c13,CHEMBL2315069,IC50,8.29
812325,C1OCC2CC(CC1N2)n3cc(c4ccc5c(Cc6c[nH]nc56)c4)c(n3)c7ccncc7,CHEMBL1780176,IC50,8.3
812336,CC(=O)Nc1cc(CNc2ccccc2C(=O)Nc3ccc4OC(F)(F)Oc4c3)ccn1,CHEMBL248256,IC50,8.3
812346,CC(C)(C)c1nc(c2ccnc(N)n2)c([nH]1)c3cc(F)cc(NS(=O)(=O)C)c3Cl,CHEMBL3651666,IC50,8.3
812355,CC(C)(C)c1onc(NC(=O)c2ccc(F)c(Nc3ncnc4cnc(nc34)N5CCCC5)c2)c1,CHEMBL3694153,IC50,8.3
812364,CC(C)(C)c1onc(NC(=O)c2ccc(F)c(Nc3ncnc4cnc(nc34)N5CCCCC5)c2)c1,CHEMBL3694151,IC50,8.3
812373,CC(C)CNc1nccc(n1)c2nc([nH]c2c3cc(F)cc(NS(=O)(=O)C)c3Cl)C4CC4,CHEMBL3651648,IC50,8.3
812382,CCCNc1nccc(n1)c2nc([nH]c2c3cc(F)cc(NS(=O)(=O)C)c3Cl)C4CC4,CHEMBL3651646,IC50,8.3
812391,CCCS(=O)(=O)Nc1cc(F)cc(c1Cl)c2[nH]c(nc2c3ccnc(NC(C)C)n3)C4CC4,CHEMBL3651651,IC50,8.3
812400,CCN1CCN(CC1)c2ncc3ncnc(Nc4cc(ccc4F)C(=O)Nc5ccc(OC)c(c5)C(F)(F)F)c3n2,CHEMBL3641032,IC50,8.3
812409,CN(C)CCN(C)c1cc(NC(=O)c2ccc(C)c(Nc3ncnc4cnc(nc34)N5CCCCC5)c2)cc(c1)C(F)(F)F,CHEMBL3694229,IC50,8.3
812418,CN(C)CCN(C)c1cc(NC(=O)c2ccc(C)c(Nc3ncnc4cnc(nc34)N5CCSCC5)c2)cc(c1)C(F)(F)F,CHEMBL3694221,IC50,8.3
812427,CN(C)CCN(C)c1ccc(NC(=O)c2ccc(C)c(Nc3ncnc4cnc(NCCc5ccccc5)nc34)c2)cc1C(F)(F)F,CHEMBL3694202,IC50,8.3
812436,CN(C)CCN(C)c1ncc2ncnc(Nc3cc(ccc3C)C(=O)Nc4ccc(C#N)c(c4)C(F)(F)F)c2n1,CHEMBL3697826,IC50,8.3
812445,CN(C)c1cccc(NC(=O)c2ccc(C)c(Nc3ncnc4cnc(nc34)N5CCN(C)CC5)c2)c1,CHEMBL3697774,IC50,8.3
812454,CN(C1CC(C1)N2CCN(C)CC2)c3ncc4ncnc(Nc5cc(ccc5C)C(=O)Nc6ccnc(c6)C(C)(C)C)c4n3,CHEMBL3641201,IC50,8.3
812463,CN(C1CCOCC1)c2ncc3ncnc(Nc4cc(NC(=O)c5cccc(c5)C(C)(C)C#N)ccc4C)c3n2,CHEMBL3641232,IC50,8.3
812472,CN1CCC(CN2CCN(CC2)c3ncc4ncnc(Nc5cc(ccc5C)C(=O)Nc6cc(N7CCN(C)CC7)c(F)c(c6)C(F)(F)F)c4n3)CC1,CHEMBL3641124,IC50,8.3
812481,CN1CCCN(CC1)c2cc(NC(=O)c3ccc(C)c(Nc4ncnc5ccc(nc45)N6CCOCC6)c3)cc(c2)C(F)(F)F,CHEMBL3659915,IC50,8.3
812490,CN1CCCN(CC1)c2ncc3ncnc(Nc4cc(ccc4C)C(=O)Nc5ccc(Cl)c(c5)C(F)(F)F)c3n2,CHEMBL3697766,IC50,8.3
812499,CN1CCN(CC1)c2nc(N)c3ncnc(Nc4cc(ccc4C)C(=O)Nc5ccc(cc5)C(F)(F)F)c3n2,CHEMBL3689904,IC50,8.3
812510,CNS(=O)(=O)c1cccc(Nc2ncnc3[nH]cc(Br)c23)c1,CHEMBL3612666,IC50,8.3
812520,COC(=O)N[C@@H](C)CNc1nccc(n1)c2nc([nH]c2c3c(F)ccc(NS(=O)(=O)C)c3Cl)C4CC4,CHEMBL3651688,IC50,8.3
812529,COCCN(C)c1ncc2ncnc(Nc3cc(ccc3Cl)C(=O)Nc4cc(on4)C(C)(C)C)c2n1,CHEMBL3694130,IC50,8.3
812538,COCCN1CCN(CC1)c2nc(N)c3ncnc(Nc4cc(ccc4C)C(=O)Nc5cc(n[nH]5)C(C)(C)C)c3n2,CHEMBL3689940,IC50,8.3
812547,COCCN1CCN(CC1)c2ncc3ncnc(Nc4cc(ccc4C)C(=O)Nc5cc(ccc5OC)C(C)(C)C)c3n2,CHEMBL3641049,IC50,8.3
812556,COc1c(CNC(C)C)cc(cc1NC(=O)c2ccc(C)c(Nc3ncnc4cnc(nc34)N5CCOCC5)c2)C(F)(F)F,CHEMBL3641155,IC50,8.3
812565,COc1cc(NC(=O)c2ccc(C)c(Nc3ncnc4c(N)nc(nc34)N5CCN(C)CC5)c2)cc(c1)C(F)(F)F,CHEMBL3694011,IC50,8.3
812574,COc1ccc(NC(=O)c2ccc(Cl)c(Nc3ncnc4cnc(NCCN5CCOCC5)nc34)c2)cc1C(F)(F)F,CHEMBL3694078,IC50,8.3
812583,COc1ccc(NC(=O)c2ccc(F)c(Nc3ncnc4cnc(nc34)N5CCCC5)c2)cc1C(F)(F)F,CHEMBL3694101,IC50,8.3
812592,COc1ccc(NC(=O)c2ccc(F)c(Nc3ncnc4cnc(nc34)N5CCCCC5)c2)cc1C(F)(F)F,CHEMBL3694098,IC50,8.3
812601,COc1ccc(NC(=O)c2ccc(c(Nc3ncnc4cnc(nc34)N5CCOCC5)c2)C(F)(F)F)cc1C(F)(F)F,CHEMBL3694113,IC50,8.3
812610,COc1ccc(cc1NC(=O)c2ccc(C)c(Nc3ncnc4cnc(nc34)N5CCN(C)CC5)c2)C(F)(F)F,CHEMBL3697844,IC50,8.3
812619,COc1ccc(cc1Nc2ncnc3cnc(NCCCN4CCOCC4)nc23)C(=O)Nc5ccc(OC)c(c5)C(F)(F)F,CHEMBL3694087,IC50,8.3
812628,Cc1cc(cc(Nc2ncnc3cnc(nc23)N4CCOCC4)c1C)C(=O)Nc5cc(nn5C)C(C)(C)C,CHEMBL3697913,IC50,8.3
812637,Cc1ccc(NC(=O)c2cccc(c2)C(C)(C)C#N)cc1Nc3ncnc4ccc(N[C@H]5CCOC5)nc34,CHEMBL3659967,IC50,8.3
812646,Cc1ccc(cc1Nc2ncnc3c(N)nc(nc23)N4CCN(CC4)C5CCCC5)C(=O)Nc6cc(n[nH]6)C(C)(C)C,CHEMBL3689938,IC50,8.3
812655,Cc1ccc(cc1Nc2ncnc3cnc(nc23)N4CCN(CC4)C5CC5)C(=O)Nc6cc(on6)C(C)(C)C,CHEMBL3641109,IC50,8.3
812664,Cc1ccc(cc1Nc2ncnc3cnc(nc23)N4CCSCC4)C(=O)Nc5cc(CN6CCCC6)cc(c5)C(F)(F)F,CHEMBL3694161,IC50,8.3
812673,Cc1ccc(cc1Nc2ncnc3cnc(nc23)N4CC[C@H](F)C4)C(=O)Nc5cc(on5)C(C)(C)C,CHEMBL3641039,IC50,8.3
812682,Cc1ccc(cc1Nc2ncnc3cncnc23)C(=O)Nc4cc(n[nH]4)C(C)(C)C,CHEMBL3643297,IC50,8.3
812692,O\N=C\c1ccc(cc1)c2[nH]c(nc2c3ccncc3)c4ccccc4,CHEMBL200783,Kd,8.3
812703,CC(C)(CN)c1nc(c2ccc3\C(=N\O)\CCc3c2)c([nH]1)c4ccncc4,CHEMBL478823,Kd,8.31
812714,CS(=O)(=O)N1C2CCC1CC(C2)c3ccnc4c(c5cccc6[nH]ncc56)c(nn34)c7ccncc7,CHEMBL570453,IC50,8.31
812725,O[C@@H]1CNCC[C@H]1n2cc(c3ccc4c(Cc5c[nH]nc45)c3)c(n2)c6ccncc6,CHEMBL1780175,IC50,8.31
812736,Fc1ccc(cc1Nc2ncccc2c3ncnc4[nH]cnc34)C(=O)Nc5ccc(Cl)c(c5)C(F)(F)F,CHEMBL3354392,IC50,8.32
812747,CN(C)Cc1cc(cc(c1)C(F)(F)F)C(=O)N[C@@H]2CCc3ccc(Oc4ccnc5NC(=O)CCc45)cc3C2,CHEMBL1688860,IC50,8.33
812758,C1c2cc(ccc2c3n[nH]cc13)c4cn(nc4c5ccncc5)c6ccccc6,CHEMBL1780174,IC50,8.34
812768,COc1cc(ccc1O)c2ccc3ncnc(Nc4ccc(F)c(O)c4F)c3c2,CHEMBL3665863,IC50,8.35
812777,Oc1c(F)ccc(Nc2ncnc3ccc(cc23)c4ccc5[nH]ncc5c4)c1F,CHEMBL3665864,IC50,8.35
812787,CCN1C2CCC1CC(C2)c3ccnc4c(c5ccc(Cl)c6[nH]ncc56)c(nn34)c7ccncc7,CHEMBL583245,IC50,8.36
812798,CCOC(=O)N1C2CCC1CC(C2)c3ccnc4c(c5ccc(c6[nH]ncc56)C(F)(F)F)c(nn34)c7ccncc7,CHEMBL571744,IC50,8.36
812809,CC(C)(N)c1cc(cc(c1)C(F)(F)F)C(=O)N[C@@H]2CCc3ccc(Oc4ccnc5NC(=O)CCc45)cc3C2,CHEMBL1688861,IC50,8.38
812820,Cc1ccc(NC(=O)Nc2ccc(Cl)c(c2)C(F)(F)F)cc1Nc3ncccc3c4ncnc5[nH]cnc45,CHEMBL3354378,IC50,8.38
812831,Cn1cc(c2ccc3\C(=N\O)\CCc3c2)c(n1)c4ocnc4,CHEMBL496478,IC50,8.39
812841,CC(=O)N1CCN(CC1)c2ncc3ncnc(Nc4cc(NC(=O)c5cccc(c5)C(C)(C)C#N)ccc4C)c3n2,CHEMBL3641236,IC50,8.4
812851,CC(=O)Nc1cc(Oc2ccc3c(c2)nc(Nc4ccc(cc4)C(F)(F)F)n3C)ccn1,CHEMBL3335380,IC50,8.4
812861,CC(C)(C#N)c1cccc(NC(=O)c2ccc(F)c(Nc3ncnc4cnc(nc34)N5CCOCC5)c2)c1,CHEMBL3697923,IC50,8.4
812870,CC(C)(C)c1onc(NC(=O)c2ccc(Cl)c(Nc3ncnc4cnc(nc34)N5CCCCC5)c2)c1,CHEMBL3694136,IC50,8.4
812879,CC(C)(C)c1onc(NC(=O)c2ccc(F)c(Nc3ncnc4cnc(nc34)N5CCN(CC6CC6)CC5)c2)c1,CHEMBL3697937,IC50,8.4
812888,CC(C)(C)c1onc(NC(=O)c2ccc(F)c(Nc3ncnc4cnc(nc34)N5CCOCC5)c2)c1,CHEMBL3694152,IC50,8.4
812897,CC(C)CN1CCN(CC1)c2cc(NC(=O)c3ccc(C)c(Nc4ncnc5cnc(nc45)N6CCOCC6)c3)cc(c2)C(F)(F)F,CHEMBL3641083,IC50,8.4
812906,CC(C)CN1CCN(CC1)c2nc(N)c3ncnc(Nc4cc(ccc4C)C(=O)Nc5cc(n[nH]5)C(C)(C)C)c3n2,CHEMBL3689936,IC50,8.4
812915,CC(C)CN1CCN(CC1)c2ncc3ncnc(Nc4cc(ccc4C)C(=O)Nc5cc(on5)C(C)(C)C)c3n2,CHEMBL3641110,IC50,8.4
812925,CC(C)c1ccc(Nc2nc3cc(Oc4ccnc(NC(=O)C)c4)ccc3n2C)cc1,CHEMBL3335378,IC50,8.4
812935,CCCS(=O)(=O)Nc1cc(F)cc(c1Cl)c2[nH]c(nc2c3ccncn3)C4CC4,CHEMBL3651692,IC50,8.4
812944,CCCS(=O)(=O)Nc1ccc(F)c(c1F)n2cc(c3cncnc3)c4nc(ncc24)N(C)C5CCN(C)CC5,CHEMBL3702561,IC50,8.4
812953,CCN(CC)c1ncc2ncnc(Nc3cc(ccc3C)C(=O)Nc4cc(cc(c4)C(F)(F)F)N(C)CCN(C)C)c2n1,CHEMBL3697723,IC50,8.4
812962,CCN1CCN(CC1)c2cc(NC(=O)c3ccc(C)c(Nc4ncnc5cnc(nc45)N6CC[C@H](F)C6)c3)cc(c2)C(F)(F)F,CHEMBL3641065,IC50,8.4
812971,CN(C)CCCN(C)c1ncc2ncnc(Nc3cc(NC(=O)c4cc(cc(c4)C(F)(F)F)N5CCN(C)CC5)ccc3C)c2n1,CHEMBL3641225,IC50,8.4
812980,CN(C)CCN(C)c1cc(NC(=O)c2ccc(C)c(Nc3ncnc4c(N)nc(nc34)N5CC[C@H](F)C5)c2)cc(c1)C(F)(F)F,CHEMBL3694043,IC50,8.4
812989,CN(C)CCN(C)c1cc(NC(=O)c2ccc(C)c(Nc3ncnc4cnc(NCCc5ccccc5)nc34)c2)cc(c1)C(F)(F)F,CHEMBL3639965,IC50,8.4
812998,CN(C)CCN(C)c1cc(NC(=O)c2ccc(C)c(Nc3ncnc4cnc(NCc5ccccc5)nc34)c2)cc(c1)C(F)(F)F,CHEMBL3694228,IC50,8.4
813007,CN(C)CCN(C)c1ccc(NC(=O)c2ccc(C)c(Nc3ncnc4cnc(NCc5ccccn5)nc34)c2)cc1C(F)(F)F,CHEMBL3694197,IC50,8.4
813016,CN(C)CCN(C)c1ccc(NC(=O)c2ccc(C)c(Nc3ncnc4cnc(nc34)N5CCC(F)CC5)c2)cc1C(F)(F)F,CHEMBL3694187,IC50,8.4
813025,CN(C)CCN(C)c1ncc2ncnc(Nc3cc(ccc3C)C(=O)Nc4cccc(c4)C(F)(F)F)c2n1,CHEMBL3697778,IC50,8.4
813034,CN(C)CCOc1cc(NC(=O)c2ccc(C)c(Nc3ncnc4cnc(NCc5ccccn5)nc34)c2)cc(c1)C(F)(F)F,CHEMBL3694216,IC50,8.4
813044,CN(C)CCn1cc(c2ccc3\C(=N\O)\CCc3c2)c(n1)c4ccncc4,CHEMBL498327,IC50,8.4
813054,CN(C)c1cccc(NC(=O)c2ccc(C)c(Nc3ncnc4cnc(nc34)N5CCOCC5)c2)c1,CHEMBL3697854,IC50,8.4
813063,CN(C1CCN(C)C1)c2ncc3ncnc(Nc4cc(ccc4F)C(=O)Nc5cc(on5)C(C)(C)C)c3n2,CHEMBL3641027,IC50,8.4
813072,CN(CC1CCCCO1)c2ncc3ncnc(Nc4cc(ccc4C)C(=O)Nc5cc(on5)C(C)(C)C)c3n2,CHEMBL3641096,IC50,8.4
813081,CN(CC1CCOCC1)c2ncc3ncnc(Nc4cc(NC(=O)c5cccc(c5)C(C)(C)C#N)ccc4C)c3n2,CHEMBL3641239,IC50,8.4
813090,CN1CCC(CC1)N2CCN(CC2)c3ncc4ncnc(Nc5cc(ccc5C)C(=O)Nc6cc(on6)C(C)(C)C)c4n3,CHEMBL3641102,IC50,8.4
813099,CN1CCC(CN2CCN(CC2)c3nc(N)c4ncnc(Nc5cc(NC(=O)c6cccc(c6)C(F)(F)F)ccc5C)c4n3)CC1,CHEMBL3694059,IC50,8.4
813108,CN1CCC(CN2CCN(CC2)c3nc(N)c4ncnc(Nc5cc(ccc5C)C(=O)Nc6cc(n[nH]6)C(C)(C)C)c4n3)CC1,CHEMBL3689912,IC50,8.4
813117,CN1CCCN(CC1)c2ncc3ncnc(Nc4cc(ccc4Cl)C(=O)Nc5cc(on5)C(C)(C)C)c3n2,CHEMBL3694133,IC50,8.4
813126,CN1CCN(CC1)c2cc(NC(=O)c3ccc(C)c(Nc4ncnc5ccc(nc45)N6CCOCC6)c3)cc(c2)C(F)(F)F,CHEMBL3659914,IC50,8.4
813135,CN1CCN(CC1)c2cc(NC(=O)c3ccc(C)c(Nc4ncnc5cnc(NC6CCOC6)nc45)c3)cc(c2F)C(F)(F)F,CHEMBL3641121,IC50,8.4
813144,CN1CCN(CC1)c2cc(NC(=O)c3ccc(C)c(Nc4ncnc5cnc(nc45)N6CC[C@H](F)C6)c3)cc(c2)C(F)(F)F,CHEMBL3641080,IC50,8.4
813153,CN1CCN(CC1)c2cc(NC(=O)c3ccc(C)c(Nc4ncnc5cnc(nc45)N6CC[C@H](F)C6)c3)cc(c2F)C(F)(F)F,CHEMBL3641126,IC50,8.4
813162,CN1CCN(CC1)c2ncc3ncnc(Nc4cc(ccc4C)C(=O)Nc5ccc(Cl)c(c5)C(F)(F)F)c3n2,CHEMBL3697845,IC50,8.4
813171,CN1CCN(CC1)c2ncc3ncnc(Nc4cc(ccc4Cl)C(=O)Nc5cc(on5)C(C)(C)C)c3n2,CHEMBL3694135,IC50,8.4
813180,CN1C[C@H]2C[C@@H]1CN2c3nc(N)c4ncnc(Nc5cc(ccc5C)C(=O)Nc6cc(n[nH]6)C(C)(C)C)c4n3,CHEMBL3689935,IC50,8.4
813190,CNS(=O)(=O)c1cccc(Nc2ncnc3[nH]cc(c4ccc(Cl)cc4)c23)c1,CHEMBL3613178,IC50,8.4
813201,CNS(=O)(=O)c1cccc(Nc2ncnc3[nH]cc(c4ccc(OC)cc4)c23)c1,CHEMBL3613179,IC50,8.4
813213,CNS(=O)(=O)c1cccc(Nc2ncnc3[nH]cc(c4ccccc4)c23)c1,CHEMBL3612667,IC50,8.4
813223,COCCN(C)c1ncc2ncnc(Nc3cc(ccc3C)C(=O)Nc4cc(n[nH]4)C(C)(C)C)c2n1,CHEMBL3641092,IC50,8.4
813232,COCCN1CCN(CC1)c2ncc3ncnc(Nc4cc(ccc4C)C(=O)Nc5cc(OC)cc(c5)C(F)(F)F)c3n2,CHEMBL3641150,IC50,8.4
813241,COCCN1CCN(CC1)c2ncc3ncnc(Nc4cc(ccc4F)C(=O)Nc5cc(on5)C(C)(C)C)c3n2,CHEMBL3697935,IC50,8.4
813250,COc1ccc(NC(=O)c2ccc(C)c(Nc3ncnc4cnc(nc34)N5CCC[C@H]5CO)c2)cc1C(F)(F)F,CHEMBL3641161,IC50,8.4
813259,COc1ccc(NC(=O)c2ccc(C)c(Nc3ncnc4cnc(nc34)N5CCN(CC(C)C)CC5)c2)cc1C(F)(F)F,CHEMBL3641070,IC50,8.4
813268,COc1ccc(NC(=O)c2ccc(C)c(Nc3ncnc4cnc(nc34)N5CCN(CC5)C6CCN(C)CC6)c2)cc1C(F)(F)F,CHEMBL3641172,IC50,8.4
813277,COc1ccc(NC(=O)c2ccc(C)c(Nc3ncnc4cnc(nc34)N5C[C@@H](C)O[C@@H](C)C5)c2)cc1C(F)(F)F,CHEMBL3641165,IC50,8.4
813286,COc1ccc(NC(=O)c2ccc(Cl)c(Nc3ncnc4cnc(NCCCN5CCOCC5)nc34)c2)cc1C(F)(F)F,CHEMBL3694074,IC50,8.4
813295,COc1ccc(NC(=O)c2ccc(F)c(Nc3ncnc4cnc(nc34)N5CCOCC5)c2)cc1C(F)(F)F,CHEMBL3694100,IC50,8.4
813304,COc1ccc(cc1NC(=O)c2ccc(C)c(Nc3ncnc4cnc(nc34)N(C)CCN(C)C)c2)C(C)(C)C,CHEMBL3697786,IC50,8.4
813313,COc1ccc(cc1NC(=O)c2ccc(C)c(Nc3ncnc4cnc(nc34)N5CCOCC5)c2)C(C)(C)C,CHEMBL3697851,IC50,8.4
813322,COc1ccc(cc1Nc2ncnc3cnc(nc23)N(C)CCN(C)C)C(=O)Nc4ccc(OC)c(c4)C(F)(F)F,CHEMBL3694081,IC50,8.4
813331,COc1ccc(cc1Nc2ncnc3cnc(nc23)N(C)CCN4CCCC4)C(=O)Nc5cc(on5)C(C)(C)C,CHEMBL3639930,IC50,8.4
813340,CS(=O)(=O)Nc1cc(Cl)cc(c1F)c2[nH]c(nc2c3ccnc(N)n3)C4CC4,CHEMBL3651663,IC50,8.4
813349,CS(=O)(=O)Nc1cccc(c1F)c2[nH]c(nc2c3ccnc(NCCC#N)n3)C4CC4,CHEMBL3651687,IC50,8.4
813358,Cc1ccc(NC(=O)c2cccc(c2)C(C)(C)C#N)cc1Nc3ncnc4ccc(nc34)N5CCOCC5,CHEMBL3659963,IC50,8.4
813367,Cc1ccc(cc1Nc2ncnc3c(N)nc(nc23)N4CCN5CCCCC5C4)C(=O)Nc6cc(n[nH]6)C(C)(C)C,CHEMBL3689942,IC50,8.4
813376,Cc1ccc(cc1Nc2ncnc3ccc(nc23)N4CCOCC4)C(=O)Nc5cc(CN6CCCC6)cc(c5)C(F)(F)F,CHEMBL3659916,IC50,8.4
813385,Cc1ccc(cc1Nc2ncnc3cnc(nc23)N4CCC(F)(F)CC4)C(=O)Nc5cc(CN6CCCC6)cc(c5)C(F)(F)F,CHEMBL3694164,IC50,8.4
813394,Cc1ccc(cc1Nc2ncnc3cnc(nc23)N4CCC4)C(=O)Nc5cc(CN6CCCC6)cc(c5)C(F)(F)F,CHEMBL3694162,IC50,8.4
813403,Cc1ccc(cc1Nc2ncnc3cnc(nc23)N4CCCC4)C(=O)Nc5ccc(F)c(c5)C(F)(F)F,CHEMBL3697811,IC50,8.4
813412,Cc1ccc(cc1Nc2ncnc3cnc(nc23)N4CCCCC4)C(=O)Nc5ccc6N(CCN7CCCC7)C(=O)C(C)(C)c6c5,CHEMBL3697757,IC50,8.4
813421,Cc1ccc(cc1Nc2ncnc3cnc(nc23)N4CCCCC4)C(=O)Nc5cccc(OC(F)(F)F)c5,CHEMBL3697876,IC50,8.4
813430,Cc1ccc(cc1Nc2ncnc3cnc(nc23)N4CCN(CC5CCOC5)CC4)C(=O)Nc6cc(on6)C(C)(C)C,CHEMBL3641098,IC50,8.4
813439,Cc1ccc(cc1Nc2ncnc3cnc(nc23)N4CCOCC4)C(=O)Nc5cc(cc(c5)C(F)(F)F)N6CCN(CCO)CC6,CHEMBL3641141,IC50,8.4
813448,Cc1ccc(cc1Nc2ncnc3cnc(nc23)N4CCOCC4)C(=O)Nc5ccc(C#N)c(c5)C(F)(F)F,CHEMBL3697884,IC50,8.4
813457,Cc1ccc(cc1Nc2ncnc3cnc(nc23)N4CC[C@@H](F)C4)C(=O)Nc5ccc6N(CCN7CCCC7)C(=O)C(C)(C)c6c5,CHEMBL3697750,IC50,8.4
813466,Cc1ccc(cc1Nc2ncnc3cncnc23)C(=O)Nc4cc(CN5CCCC5)cc(c4)C(F)(F)F,CHEMBL3643296,IC50,8.4
813475,Cc1cn(cn1)c2cc(NC(=O)c3ccc(C)c(Nc4ncnc5cnc(nc45)N6CC[C@H](F)C6)c3)cc(c2)C(F)(F)F,CHEMBL3641077,IC50,8.4
813484,Cn1nc(cc1NC(=O)c2cc(Cl)cc(Nc3ncnc4cnc(nc34)N5CCCC5)c2)C(C)(C)C,CHEMBL3697918,IC50,8.4
813494,Fc1ccc(NS(=O)(=O)C2CCC2)c(F)c1Nc3ncccc3c4ncnc5[nH]cnc45,CHEMBL3798630,IC50,8.4
813505,NC(=O)c1cccc(Nc2nccc(n2)c3[nH]c(nc3c4cccc(NC(=O)Cc5ccc(Cl)cc5)c4)C6CC6)c1,CHEMBL254966,IC50,8.4
813516,OCC1COCCN1Cc2cc(cc(c2)C(F)(F)F)C(=O)N[C@@H]3CCc4ccc(Oc5ccnc6NC(=O)CCc56)cc4C3,CHEMBL3764275,IC50,8.4
813527,Oc1cccc(c1)c2c(nn3c(ccnc23)C4CC5CCC(C4)N5)c6ccncc6,CHEMBL583025,IC50,8.4
813538,CCn1cc(c2ccnc3[nH]ccc23)c(n1)c4cccc(NC(=O)Nc5cc(ccc5F)C(F)(F)F)c4,CHEMBL526268,IC50,8.41
813549,O\N=C\1/CCc2cc(ccc12)c3cn(nc3c4ccncc4)[C@H]5CCC[C@H]5O,CHEMBL498343,IC50,8.41
813560,F[C@H]1CNCC[C@H]1n2cc(c3ccc4c(Cc5c[nH]nc45)c3)c(n2)c6ccncc6,CHEMBL1780178,IC50,8.42
813571,Fc1ccc(c2c(nn3c(ccnc23)C4CC5CCC(C4)N5)c6ccncc6)c7cn[nH]c17,CHEMBL584527,IC50,8.42
813582,C1CNCC(C1)n2cc(c3ccc4c(Cc5c[nH]nc45)c3)c(n2)c6ccncc6,CHEMBL1780168,IC50,8.43
813593,Cc1ccc(cc1Nc2ncccc2c3ncnc4[nH]cnc34)C(=O)Nc5ccc(Cl)c(Br)c5,CHEMBL3354386,IC50,8.44
813604,O\N=C\1/CCc2cc(ccc12)c3cn(nc3c4ccncc4)C5CCCC5,CHEMBL503089,IC50,8.46
813615,C1CNCCC(C1)n2cc(c3ccc4c(Cc5c[nH]nc45)c3)c(n2)c6ccncc6,CHEMBL1780169,IC50,8.5
813626,Cc1ccc(cc1Nc2ncccc2c3ncnc4[nH]cnc34)C(=O)Nc5ccc(Cl)c(c5)C(F)(F)F,CHEMBL3354380,IC50,8.5
813637,F[C@H]1CCNC[C@H]1n2cc(c3ccc4c(Cc5c[nH]nc45)c3)c(n2)c6ccncc6,CHEMBL1780179,IC50,8.5
813647,COC(=O)N[C@@H](C)CNc1nccc(n1)c2nc([nH]c2c3cc(C)cc(NS(=O)(=O)C(C)C)c3)C(C)(C)C,CHEMBL3651621,IC50,8.51
813657,Cn1cc(c2ccc3\C(=N\O)\CCc3c2)c(n1)c4ccncn4,CHEMBL497701,IC50,8.51
813668,FC(F)(F)c1cccc(c1)C(=O)N[C@@H]2CCc3ccc(Oc4ccnc5NC(=O)CCc45)cc3C2,CHEMBL3765596,IC50,8.51
813679,C1CC(CCN1)n2cc(c3ccc4c(Cc5c[nH]nc45)c3)c(n2)c6ccncc6,CHEMBL1780165,IC50,8.52
813691,CC(=O)Nc1cc(Oc2ccc3c(c2)nc(Nc4cccc(c4)C(C)(C)C)n3C)ccn1,CHEMBL3335371,IC50,8.52
813702,CC(=O)Nc1cc(Oc2ccc3c(c2)nc(Nc4cccc(c4)C(F)(F)F)n3C)ccn1,CHEMBL3335375,IC50,8.52
813712,CC(C)(C)c1cc(NC(=O)c2ccc(F)c(Nc3ncnc4cnc(NC5CCOC5)nc34)c2)[nH]n1,CHEMBL3697932,IC50,8.52
813721,CC(C)(C)c1nc(c2ccnc(N)n2)c([nH]1)c3cc(Cl)cc(NS(=O)(=O)C)c3F,CHEMBL3651660,IC50,8.52
813730,CC(C)(C)c1onc(NC(=O)c2ccc(F)c(Nc3ncnc4cnc(NC5CCOC5)nc34)c2)c1,CHEMBL3639967,IC50,8.52
813739,CC(C)CN1CCN(CC1)c2ncc3ncnc(Nc4cc(ccc4C)C(=O)Nc5cc(ccn5)C(F)(F)F)c3n2,CHEMBL3641075,IC50,8.52
813748,CC(C)CNc1ncc2ncnc(Nc3cc(ccc3C)C(=O)Nc4cc(cc(c4)C(F)(F)F)N(C)CCN(C)C)c2n1,CHEMBL3697718,IC50,8.52
813757,CC(C)CNc1ncc2ncnc(Nc3cc(ccc3C)C(=O)Nc4cc(nn4C)C(C)(C)C)c2n1,CHEMBL3641114,IC50,8.52
813766,CC(C)N1CCN(CC1)c2cc(NC(=O)c3ccc(C)c(Nc4ncnc5cnc(nc45)N6CC[C@H](F)C6)c3)cc(c2)C(F)(F)F,CHEMBL3641079,IC50,8.52
813775,CC(C)N1CCN(CC1)c2ncc3ncnc(Nc4cc(ccc4F)C(=O)Nc5cc(on5)C(C)(C)C)c3n2,CHEMBL3697936,IC50,8.52
813784,CCN(CC)c1ncc2ncnc(Nc3cc(ccc3C)C(=O)Nc4cc(OCCN(C)C)cc(c4)C(F)(F)F)c2n1,CHEMBL3694219,IC50,8.52
813793,CCN(CC)c1ncc2ncnc(Nc3cc(ccc3C)C(=O)Nc4ccc(N(C)CCN(C)C)c(c4)C(F)(F)F)c2n1,CHEMBL3694201,IC50,8.52
813803,CCN1C2CCC1CC(C2)c3ccnc4c(c5ccc(F)c(O)c5)c(nn34)c6ccncc6,CHEMBL568855,IC50,8.52
813813,CCN1CCN(CC1)c2cc(NC(=O)c3ccc(C)c(Nc4ncnc5c(N)nc(nc45)N6CCCOCC6)c3)cc(c2)C(F)(F)F,CHEMBL3694038,IC50,8.52
813822,CN(C)C1CCN(CC1)c2ncc3ncnc(Nc4cc(ccc4F)C(=O)Nc5cc(on5)C(C)(C)C)c3n2,CHEMBL3641028,IC50,8.52
813831,CN(C)CCC1CCN(CC1)c2ncc3ncnc(Nc4cc(ccc4C)C(=O)Nc5ccnc(c5)C(C)(C)C)c3n2,CHEMBL3641210,IC50,8.52
813840,CN(C)CCN(C)c1cc(NC(=O)c2ccc(C)c(Nc3ncnc4c(N)nc(nc34)N5CCCOCC5)c2)cc(c1)C(F)(F)F,CHEMBL3694027,IC50,8.52
813849,CN(C)CCN(C)c1cc(NC(=O)c2ccc(C)c(Nc3ncnc4cnc(nc34)N5CCC5)c2)cc(c1)C(F)(F)F,CHEMBL3694222,IC50,8.52
813858,CN(C)CCN(C)c1ccc(NC(=O)c2ccc(C)c(Nc3ncnc4cnc(NCc5ccccc5)nc34)c2)cc1C(F)(F)F,CHEMBL3694189,IC50,8.52
813867,CN(C)CCN(C)c1ccc(NC(=O)c2ccc(C)c(Nc3ncnc4cnc(NCc5ccncc5)nc34)c2)cc1C(F)(F)F,CHEMBL3694198,IC50,8.52
813876,CN(C)CCN(C)c1ccc(NC(=O)c2ccc(C)c(Nc3ncnc4cnc(nc34)N(C)C)c2)cc1C(F)(F)F,CHEMBL3694199,IC50,8.52
813885,CN(C)CCN(C)c1ccc(NC(=O)c2ccc(C)c(Nc3ncnc4cnc(nc34)N5CCC(F)(F)CC5)c2)cc1C(F)(F)F,CHEMBL3694186,IC50,8.52
813894,CN(C)CCN(C)c1ccc(NC(=O)c2ccc(C)c(Nc3ncnc4cnc(nc34)N5CCCCC5)c2)cc1C(F)(F)F,CHEMBL3694190,IC50,8.52
813903,CN(C)CCN(C)c1ccc(NC(=O)c2ccc(C)c(Nc3ncnc4cnc(nc34)N5CCCCCC5)c2)cc1C(F)(F)F,CHEMBL3694182,IC50,8.52
813912,CN(C)CCN(C)c1ccc(NC(=O)c2ccc(C)c(Nc3ncnc4cnc(nc34)N5CCOCC5)c2)cc1C(F)(F)F,CHEMBL3694192,IC50,8.52
813921,CN(C)CCN(C)c1ncc2ncnc(Nc3cc(ccc3F)C(=O)Nc4cc(on4)C(C)(C)C)c2n1,CHEMBL3697861,IC50,8.52
813930,CN(C)CCOc1cc(NC(=O)c2ccc(C)c(Nc3ncnc4cnc(nc34)N5CCSCC5)c2)cc(c1)C(F)(F)F,CHEMBL3694204,IC50,8.52
813939,CN(C)S(=O)(=O)c1cccc(NC(=O)c2ccc(C)c(Nc3ncnc4cnc(nc34)N5CCCC5)c2)c1,CHEMBL3697820,IC50,8.52
813948,CN(C)c1ncc2ncnc(Nc3cc(NC(=O)c4cc(cc(c4)C(F)(F)F)N5CCN(C)CC5)ccc3C)c2n1,CHEMBL3641221,IC50,8.52
813957,CN(CC1CCOC1)c2ncc3ncnc(Nc4cc(ccc4C)C(=O)Nc5cc(on5)C(C)(C)C)c3n2,CHEMBL3697903,IC50,8.52
813966,CN(CCN1CCCC1)c2ncc3ncnc(Nc4cc(ccc4Cl)C(=O)Nc5cc(on5)C(C)(C)C)c3n2,CHEMBL3694134,IC50,8.52
813975,CN1CCC(CC1)N2CCN(CC2)c3nc(N)c4ncnc(Nc5cc(ccc5C)C(=O)Nc6ccc(cc6)C(F)(F)F)c4n3,CHEMBL3689906,IC50,8.52
813984,CN1CCC(CC1)N2CCN(CC2)c3nc(N)c4ncnc(Nc5cc(ccc5Cl)C(=O)Nc6cccc(c6)C(F)(F)F)c4n3,CHEMBL3689924,IC50,8.52
813993,CN1CCCC(CN2CCN(CC2)c3nc(N)c4ncnc(Nc5cc(ccc5C)C(=O)Nc6cc(n[nH]6)C(C)(C)C)c4n3)C1,CHEMBL3689939,IC50,8.52
814002,CN1CCCN(CC1)c2nc(N)c3ncnc(Nc4cc(ccc4C)C(=O)Nc5cc(n[nH]5)C(C)(C)C)c3n2,CHEMBL3689913,IC50,8.52
814011,CN1CCCN(CC1)c2ncc3ncnc(Nc4cc(ccc4C)C(=O)Nc5cc(ccn5)C(F)(F)F)c3n2,CHEMBL3697828,IC50,8.52
814020,CN1CCCN(CC1)c2ncc3ncnc(Nc4cc(ccc4C)C(=O)Nc5ccc(C#N)c(c5)C(F)(F)F)c3n2,CHEMBL3697829,IC50,8.52
814029,CN1CCCN(CC1)c2ncc3ncnc(Nc4cc(ccc4C)C(=O)Nc5ccc(F)c(c5)C(F)(F)F)c3n2,CHEMBL3697762,IC50,8.52
814038,CN1CCCN(CC1)c2ncc3ncnc(Nc4cc(ccc4C)C(=O)Nc5cccc(c5)C(C)(C)C#N)c3n2,CHEMBL3697726,IC50,8.52
814047,CN1CCN(CC1)c2cc(cc(c2)C(C)(C)C#N)C(=O)Nc3ccc(C)c(Nc4ncnc5cnc(nc45)N6CCOCC6)c3,CHEMBL3643294,IC50,8.52
814056,CN1CCN(CC1)c2nc(N)c3ncnc(Nc4cc(ccc4C)C(=O)Nc5cc(n[nH]5)C(C)(C)C)c3n2,CHEMBL3689917,IC50,8.52
814065,CN1CCN(CC1)c2nc(N)c3ncnc(Nc4cc(ccc4C)C(=O)Nc5cc(on5)C(C)(C)C)c3n2,CHEMBL3689908,IC50,8.52
814074,CN1CCN(CC1)c2nc(N)c3ncnc(Nc4cc(ccc4C)C(=O)Nc5ccc(Cl)c(c5)C(F)(F)F)c3n2,CHEMBL3694031,IC50,8.52
814083,COCCN(C)c1ncc2ncnc(Nc3cc(ccc3C)C(=O)Nc4ccc(N(C)CCN(C)C)c(c4)C(F)(F)F)c2n1,CHEMBL3694181,IC50,8.52
814092,COCCN(C)c1ncc2ncnc(Nc3cc(ccc3OC)C(=O)Nc4ccc(OC)c(c4)C(F)(F)F)c2n1,CHEMBL3694080,IC50,8.52
814101,COCCN1CCN(CC1)c2ncc3ncnc(Nc4cc(ccc4C)C(=O)Nc5cc(on5)C(C)(C)C)c3n2,CHEMBL3641132,IC50,8.52
814110,COC[C@@H]1CCCN1c2ncc3ncnc(Nc4cc(ccc4C)C(=O)Nc5cc(on5)C(C)(C)C)c3n2,CHEMBL3697905,IC50,8.52
814119,COc1ccc(NC(=O)c2ccc(C)c(Nc3ncnc4cnc(nc34)N(C)C5CCOC5)c2)cc1C(F)(F)F,CHEMBL3641163,IC50,8.52
814128,COc1ccc(NC(=O)c2ccc(C)c(Nc3ncnc4cnc(nc34)N(C)CC5CCCO5)c2)cc1C(F)(F)F,CHEMBL3641158,IC50,8.52
814137,COc1ccc(NC(=O)c2ccc(C)c(Nc3ncnc4cnc(nc34)N5CCN(CC6CCCN(C)C6)CC5)c2)cc1C(F)(F)F,CHEMBL3641169,IC50,8.52
814146,COc1ccc(NC(=O)c2ccc(C)c(Nc3ncnc4cnc(nc34)N5CC[C@H](F)C5)c2)cc1C(F)(F)F,CHEMBL3641038,IC50,8.52
814155,COc1ccc(NC(=O)c2ccc(C)c(Nc3ncnc4cnc(nc34)N5C[C@H]6C[C@@H]5CN6C)c2)cc1C(F)(F)F,CHEMBL3641058,IC50,8.52
814164,COc1ccc(NC(=O)c2ccc(Cl)c(Nc3ncnc4cnc(NCCN(C)C)nc34)c2)cc1C(F)(F)F,CHEMBL3694077,IC50,8.52
814173,COc1ccc(NC(=O)c2ccc(Cl)c(Nc3ncnc4cnc(nc34)N(C)CCN5CCCC5)c2)cc1C(F)(F)F,CHEMBL3694071,IC50,8.52
814182,COc1ccc(NC(=O)c2ccc(F)c(Nc3ncnc4cnc(NCCCN5CCOCC5)nc34)c2)cc1C(F)(F)F,CHEMBL3694099,IC50,8.52
814191,COc1ccc(NC(=O)c2ccc(F)c(Nc3ncnc4cnc(nc34)N5CCC(CC5)N(C)C)c2)cc1C(F)(F)F,CHEMBL3641033,IC50,8.52
814200,COc1ccc(NC(=O)c2ccc(F)c(Nc3ncnc4cnc(nc34)N5CCN(CC5)C(C)C)c2)cc1C(F)(F)F,CHEMBL3641030,IC50,8.52
814209,COc1ccc(cc1C(F)(F)F)C(=O)Nc2ccc(C)c(Nc3ncnc4cnc(nc34)N(C)C)c2,CHEMBL3641222,IC50,8.52
814218,COc1ccc(cc1NC(=O)c2ccc(C)c(Nc3ncnc4cnc(nc34)N5CCN(CC6CCN(C)CC6)CC5)c2)C(C)(C)C,CHEMBL3641042,IC50,8.52
814227,COc1ccc(cc1Nc2ncnc3cnc(NCCN4CCOCC4)nc23)C(=O)Nc5ccc(OC)c(c5)C(F)(F)F,CHEMBL3694091,IC50,8.52
814236,COc1ccc(cc1Nc2ncnc3cnc(nc23)N(C)CCN4CCCC4)C(=O)Nc5ccc(OC)c(c5)C(F)(F)F,CHEMBL3694084,IC50,8.52
814245,COc1ccc(cc1Nc2ncnc3cnc(nc23)N4CCCCCC4)C(=O)Nc5cc(on5)C(C)(C)C,CHEMBL3694150,IC50,8.52
814254,COc1ccc(cc1Nc2ncnc3cnc(nc23)N4CCCN(C)CC4)C(=O)Nc5ccc(OC)c(c5)C(F)(F)F,CHEMBL3694083,IC50,8.52
814263,COc1ncc2ncnc(Nc3cc(NC(=O)c4cc(cc(c4)C(F)(F)F)N5CCN(C)CC5)ccc3C)c2n1,CHEMBL3641242,IC50,8.52
814272,COc1ncc2ncnc(Nc3cc(ccc3C)C(=O)Nc4cc(n[nH]4)C(C)(C)C)c2n1,CHEMBL3641186,IC50,8.52
814281,C[C@@H]1CN(C[C@H](C)N1)c2cc(NC(=O)c3ccc(C)c(Nc4ncnc5cnc(nc45)N6CCOCC6)c3)cc(c2)C(F)(F)F,CHEMBL3641139,IC50,8.52
814290,Cc1ccc(cc1Nc2ncnc3c(N)nc(nc23)N4CCCN(CC4)c5ccccn5)C(=O)Nc6cccc(c6)C(F)(F)F,CHEMBL3694024,IC50,8.52
814299,Cc1ccc(cc1Nc2ncnc3cnc(NCc4ccccc4)nc23)C(=O)Nc5cc(CN6CCCC6)cc(c5)C(F)(F)F,CHEMBL3694167,IC50,8.52
814308,Cc1ccc(cc1Nc2ncnc3cnc(NCc4ccccc4)nc23)C(=O)Nc5cc(ccn5)C(F)(F)F,CHEMBL3641137,IC50,8.52
814317,Cc1ccc(cc1Nc2ncnc3cnc(nc23)N4CCC(CC4)N5CCCCC5)C(=O)Nc6cc(on6)C(C)(C)C,CHEMBL3641101,IC50,8.52
814326,Cc1ccc(cc1Nc2ncnc3cnc(nc23)N4CCC(CN5CCCC5)CC4)C(=O)Nc6cc(n[nH]6)C(C)(C)C,CHEMBL3641204,IC50,8.52
814335,Cc1ccc(cc1Nc2ncnc3cnc(nc23)N4CCC(CN5CCCC5)CC4)C(=O)Nc6ccnc(c6)C(C)(C)C,CHEMBL3641208,IC50,8.52
814344,Cc1ccc(cc1Nc2ncnc3cnc(nc23)N4CCCCC4)C(=O)Nc5cccc(c5)C(C)(C)C#N,CHEMBL3697759,IC50,8.52
814353,Cc1ccc(cc1Nc2ncnc3cnc(nc23)N4CCN5CCCC5C4)C(=O)Nc6cc(on6)C(C)(C)C,CHEMBL3641100,IC50,8.52
814362,Cc1ccc(cc1Nc2ncnc3cnc(nc23)N4CCOCC4)C(=O)Nc5cc(OCCN6CCOCC6)cc(c5)C(F)(F)F,CHEMBL3641144,IC50,8.52
814371,Cc1ccc(cc1Nc2ncnc3cnc(nc23)N4CCOCC4)C(=O)Nc5cc(cc(c5)C(F)(F)F)N6CCOCC6,CHEMBL3641140,IC50,8.52
814380,Cc1ccc(cc1Nc2ncnc3cnc(nc23)N4CC[C@H](F)C4)C(=O)Nc5cc(n[nH]5)C(C)(C)C,CHEMBL3641123,IC50,8.52
814389,Cc1ccc(cc1Nc2ncnc3cnc(nc23)N4CC[C@H](F)C4)C(=O)Nc5ccc(F)c(c5)C(F)(F)F,CHEMBL3697831,IC50,8.52
814398,Cc1cn(cn1)c2cc(NC(=O)c3ccc(C)c(Nc4ncnc5cnc(nc45)N6CCC(F)(F)C6)c3)cc(c2)C(F)(F)F,CHEMBL3641076,IC50,8.52
814408,Cn1c(Nc2ccc(cc2)C(F)(F)F)nc3ccc(Oc4ccnc(c4)c5cnc([nH]5)C(F)(F)F)cc13,CHEMBL1946171,IC50,8.52
814419,FC(F)(F)c1cc(ccc1Cl)C(=O)Nc2cccc(Nc3ncccc3c4ncnc5[nH]cnc45)c2,CHEMBL3354393,IC50,8.52
814430,Fc1ccc(NS(=O)(=O)c2cccnc2)c(F)c1C#Cc3cnc4[nH]nc(c5ccncc5)c4c3,CHEMBL3582396,IC50,8.52
814441,Cl.Cl.NCc1cc(cc(c1)C(F)(F)F)C(=O)N[C@@H]2CCc3ccc(Oc4ccnc5NC(=O)CCc45)cc3C2,CHEMBL3764101,IC50,8.54
814452,Cl.FC(F)(F)c1cc(cc(c1)c2cn[nH]c2)C(=O)N[C@@H]3CCc4ccc(Oc5ccnc6NC(=O)CCc56)cc4C3,CHEMBL3765708,IC50,8.54
814463,Cn1cc(c2ccc3\C(=N\O)\CCc3c2)c(n1)c4ccnc(O)c4,CHEMBL497700,IC50,8.54
814474,FC(F)(F)c1cccc(NC(=O)c2ccc(Cl)c(Nc3ncccc3c4ncnc5[nH]cnc45)c2)c1,CHEMBL3354389,IC50,8.56
814485,COCCN1CCC(CC1)c2oc(c3ccncc3)c(c2)c4ccc5\C(=N\O)\CCc5c4,CHEMBL515796,Kd,8.57
814496,Cc1ccc(NC(=O)c2ccc(Cl)c(c2)C(F)(F)F)cc1Nc3ncccc3c4ncnc5[nH]cnc45,CHEMBL3354394,IC50,8.57
814507,Cl.Cl.CN(C)Cc1cc(cc(c1)C(F)(F)F)C(=O)N[C@@H]2CCc3ccc(Oc4ccnc5NC(=O)CCc45)cc3C2,CHEMBL3764357,IC50,8.57
814518,Cc1ccc(NC(=O)c2ccc(Cl)c(C)c2)cc1Nc3ncccc3c4ncnc5[nH]cnc45,CHEMBL3354837,IC50,8.59
814529,CCn1cc(c2ccnc3[nH]ccc23)c(n1)c4cccc(NC(=O)Nc5ccc(cc5)C(F)(F)F)c4,CHEMBL523411,IC50,8.6
814540,Cc1ccc(NC(=O)c2cccc(c2)C(F)(F)F)cc1Nc3ncccc3c4ncnc5[nH]cnc45,CHEMBL3354835,IC50,8.6
814551,CN(C)CCOc1ccc(cc1)c2cc(c3ccncc3)c([nH]2)c4ccc5\C(=N\O)\CCc5c4,CHEMBL1964267,Kd,8.62
814562,NCCn1cc(c2ccc3\C(=N\O)\CCc3c2)c(n1)c4ccncc4,CHEMBL496276,IC50,8.62
814573,O\N=C\1/CCc2cc(ccc12)c3cc(oc3c4ccncc4)C5CCNCC5,CHEMBL477149,Kd,8.62
814584,C(N1C[C@@H]2C[C@H]1CN2)c3ccc(cc3)c4ccnc5c(c6cccc7[nH]ncc67)c(nn45)c8ccncc8,CHEMBL1276191,IC50,8.64
814595,Cl.Cl.CNCc1cc(cc(c1)C(F)(F)F)C(=O)N[C@@H]2CCc3ccc(Oc4ccnc5NC(=O)CCc45)cc3C2,CHEMBL3764238,IC50,8.66
814606,Cl.Cl.OC1(CNC1)c2cc(cc(c2)C(F)(F)F)C(=O)N[C@@H]3CCc4ccc(Oc5ccnc6NC(=O)CCc56)cc4C3,CHEMBL3764870,IC50,8.66
814617,CCn1cc(c2ccnc3[nH]ccc23)c(n1)c4cccc(NC(=O)Nc5cccc(OC)c5)c4,CHEMBL456350,IC50,8.68
814628,Cl.Cl.CC(C)(N)c1cc(cc(c1)C(F)(F)F)C(=O)N[C@@H]2CCc3ccc(Oc4ccnc5NC(=O)CCc45)cc3C2,CHEMBL3764895,IC50,8.68
814639,Cl.Cl.Cn1cnc(c1)c2cc(cc(c2)C(F)(F)F)C(=O)N[C@@H]3CCc4ccc(Oc5ccnc6NC(=O)CCc56)cc4C3,CHEMBL3763694,IC50,8.68
814650,Cl.Cn1cc(cn1)c2cc(cc(c2)C(F)(F)F)C(=O)N[C@@H]3CCc4ccc(Oc5ccnc6NC(=O)CCc56)cc4C3,CHEMBL3763646,IC50,8.68
814661,Cn1cc(c2ccc3\C(=N\O)\CCc3c2)c(n1)c4ccnc(N)c4,CHEMBL496479,IC50,8.68
814672,OC(=O)[C@H]1CCCN1C(=O)N2C3CCC2CC(C3)c4ccnc5c(c6cccc7[nH]ncc67)c(nn45)c8ccncc8,CHEMBL571748,IC50,8.68
814682,CC(C)(C)c1onc(NC(=O)c2ccc(Cl)c(Nc3ncnc4cnc(NCCN5CCOCC5)nc34)c2)c1,CHEMBL3694141,IC50,8.7
814691,CC(C)CNc1ncc2ncnc(Nc3cc(ccc3C)C(=O)Nc4cc(CN5CCCC5)cc(c4)C(F)(F)F)c2n1,CHEMBL3694174,IC50,8.7
814700,CC(C)CNc1ncc2ncnc(Nc3cc(ccc3C)C(=O)Nc4ccc(N(C)CCN(C)C)c(c4)C(F)(F)F)c2n1,CHEMBL3694196,IC50,8.7
814709,CC(C)CNc1ncc2ncnc(Nc3cc(ccc3C)C(=O)Nc4cccc(c4)C(C)(C)C#N)c2n1,CHEMBL3641135,IC50,8.7
814719,CC(C)N1CCC(CC1)C(=O)Nc2cc(Oc3ccc4c(c3)nc(Nc5cc(ccc5F)C(F)(F)F)n4C)ccn2,CHEMBL3335385,IC50,8.7
814729,CC(C)N1CCN(CC1)c2cc(NC(=O)c3ccc(C)c(Nc4ncnc5cnc(nc45)N6CCOCC6)c3)cc(c2)C(F)(F)F,CHEMBL3641084,IC50,8.7
814738,CC(C)N1CCN(CC1)c2ncc3ncnc(Nc4cc(ccc4C)C(=O)Nc5cc(on5)C(C)(C)C)c3n2,CHEMBL3641108,IC50,8.7
814747,CC1CN(CC(C)N1)c2nc(N)c3ncnc(Nc4cc(ccc4C)C(=O)Nc5cccc(c5)C(F)(F)F)c3n2,CHEMBL3694019,IC50,8.7
814756,CCCS(=O)(=O)Nc1cccc(c1F)c2[nH]c(nc2c3ccnc(NCCC(=O)N)n3)C4CC4,CHEMBL3651702,IC50,8.7
814765,CCN(CC)c1ncc2ncnc(Nc3cc(ccc3C)C(=O)Nc4cc(CN5CCCC5)cc(c4)C(F)(F)F)c2n1,CHEMBL3694179,IC50,8.7
814774,CCN1CCN(CC1)c2cc(NC(=O)c3ccc(C)c(Nc4ncnc5c(N)nc(nc45)N6CCOCC6)c3)cc(c2)C(F)(F)F,CHEMBL3694034,IC50,8.7
814783,CCN1CCN(CC1)c2cc(NC(=O)c3ccc(C)c(Nc4ncnc5cnc(nc45)N(C)CCOC)c3)cc(c2)C(F)(F)F,CHEMBL3641091,IC50,8.7
814792,CCN1CCN(CC1)c2cc(NC(=O)c3ccc(C)c(Nc4ncnc5cnc(nc45)N6CCOCC6)c3)cc(c2)C(F)(F)F,CHEMBL3641067,IC50,8.7
814801,CCN1CCN(CC1)c2cc(cc(c2)C(C)(C)C#N)C(=O)Nc3ccc(C)c(Nc4ncnc5cnc(nc45)N6CCOCC6)c3,CHEMBL3643293,IC50,8.7
814810,CCN1CCN(CC1)c2ncc3ncnc(Nc4cc(ccc4C)C(=O)Nc5cc(on5)C(C)(C)C)c3n2,CHEMBL3641107,IC50,8.7
814820,CCOC(=O)N1C2CCC1CC(C2)c3ccnc4c(c5cccc6[nH]ncc56)c(nn34)c7ccncc7,CHEMBL585334,IC50,8.7
814830,CN(C)C1CCN(C1)c2ncc3ncnc(Nc4cc(ccc4F)C(=O)Nc5cc(on5)C(C)(C)C)c3n2,CHEMBL3641026,IC50,8.7
814839,CN(C)C1CCN(CC1)c2ncc3ncnc(Nc4cc(ccc4C)C(=O)Nc5cc(on5)C(C)(C)C)c3n2,CHEMBL3641111,IC50,8.7
814848,CN(C)CCCN(C)c1ncc2ncnc(Nc3cc(NC(=O)c4cccc(c4)C(C)(C)C#N)ccc3C)c2n1,CHEMBL3641224,IC50,8.7
814857,CN(C)CCN(C)c1cc(NC(=O)c2ccc(C)c(Nc3ncnc4cnc(NCC(F)(F)F)nc34)c2)cc(c1)C(F)(F)F,CHEMBL3697724,IC50,8.7
814866,CN(C)CCN(C)c1cc(NC(=O)c2ccc(C)c(Nc3ncnc4cnc(NCc5ccccn5)nc34)c2)cc(c1)C(F)(F)F,CHEMBL3697719,IC50,8.7
814875,CN(C)CCN(C)c1cc(NC(=O)c2ccc(C)c(Nc3ncnc4cnc(nc34)N(C)C)c2)cc(c1)C(F)(F)F,CHEMBL3697721,IC50,8.7
814884,CN(C)CCN(C)c1cc(NC(=O)c2ccc(C)c(Nc3ncnc4cnc(nc34)N5CCC(F)CC5)c2)cc(c1)C(F)(F)F,CHEMBL3694226,IC50,8.7
814893,CN(C)CCN(C)c1ccc(NC(=O)c2ccc(C)c(Nc3ncnc4cnc(NCc5cccnc5)nc34)c2)cc1C(F)(F)F,CHEMBL3694191,IC50,8.7
814902,CN(C)CCN(C)c1ccc(NC(=O)c2ccc(C)c(Nc3ncnc4cnc(nc34)N5CCC5)c2)cc1C(F)(F)F,CHEMBL3694184,IC50,8.7
814911,CN(C)CCN(C)c1ccc(NC(=O)c2ccc(C)c(Nc3ncnc4cnc(nc34)N5CCCC5)c2)cc1C(F)(F)F,CHEMBL3694193,IC50,8.7
814920,CN(C)CCN(C)c1ccc(NC(=O)c2ccc(C)c(Nc3ncnc4cnc(nc34)N5CCSCC5)c2)cc1C(F)(F)F,CHEMBL3694183,IC50,8.7
814929,CN(C)CCN(C)c1ncc2ncnc(Nc3cc(ccc3C)C(=O)Nc4ccc(Cl)c(c4)C(F)(F)F)c2n1,CHEMBL3697781,IC50,8.7
814938,CN(C)CCN(C)c1ncc2ncnc(Nc3cc(ccc3C)C(=O)Nc4cccc(OC(F)(F)F)c4)c2n1,CHEMBL3697783,IC50,8.7
814947,CN(C)CCNc1ncc2ncnc(Nc3cc(ccc3Cl)C(=O)Nc4cc(on4)C(C)(C)C)c2n1,CHEMBL3694140,IC50,8.7
814956,CN(C)CCOc1cc(NC(=O)c2ccc(C)c(Nc3ncnc4cnc(nc34)N(C)C)c2)cc(c1)C(F)(F)F,CHEMBL3694217,IC50,8.7
814965,CN(C)CCOc1cc(NC(=O)c2ccc(C)c(Nc3ncnc4cnc(nc34)N5CCC(F)CC5)c2)cc(c1)C(F)(F)F,CHEMBL3694207,IC50,8.7
814974,CN(C)CCOc1cc(NC(=O)c2ccc(C)c(Nc3ncnc4cnc(nc34)N5CCC5)c2)cc(c1)C(F)(F)F,CHEMBL3694205,IC50,8.7
814983,CN(C)CCOc1cc(NC(=O)c2ccc(C)c(Nc3ncnc4cnc(nc34)N5CCCC5)c2)cc(c1)C(F)(F)F,CHEMBL3694212,IC50,8.7
814992,CN(C)S(=O)(=O)c1cccc(NC(=O)c2ccc(C)c(Nc3ncnc4cnc(nc34)N5CCOCC5)c2)c1,CHEMBL3697864,IC50,8.7
815001,CN(C)c1ncc2ncnc(Nc3cc(ccc3C)C(=O)Nc4cc(CN5CCCC5)cc(c4)C(F)(F)F)c2n1,CHEMBL3694177,IC50,8.7
815010,CN(C1CC(C1)N2CCN(C)CC2)c3ncc4ncnc(Nc5cc(ccc5C)C(=O)Nc6cc(on6)C(C)(C)C)c4n3,CHEMBL3641200,IC50,8.7
815019,CN(CCF)c1ncc2ncnc(Nc3cc(ccc3C)C(=O)Nc4cc(cc(c4)C(F)(F)F)N5CCN(C)CC5)c2n1,CHEMBL3641133,IC50,8.7
815028,CN1CCC(CC1)N2CCN(CC2)c3nc(N)c4ncnc(Nc5cc(NC(=O)c6cccc(c6)C(F)(F)F)ccc5C)c4n3,CHEMBL3694053,IC50,8.7
815037,CN1CCC(CC1)N2CCN(CC2)c3nc(N)c4ncnc(Nc5cc(ccc5C)C(=O)Nc6cc(n[nH]6)C(C)(C)C)c4n3,CHEMBL3689911,IC50,8.7
815046,CN1CCC(CN2CCN(CC2)c3nc(N)c4ncnc(Nc5cc(ccc5C)C(=O)Nc6ccc(cc6)C(F)(F)F)c4n3)CC1,CHEMBL3689907,IC50,8.7
815055,CN1CCC(CN2CCN(CC2)c3ncc4ncnc(Nc5cc(ccc5C)C(=O)Nc6cc(n[nH]6)C(C)(C)C)c4n3)CC1,CHEMBL3641045,IC50,8.7
815064,CN1CCCN(CC1)c2cc(NC(=O)c3ccc(C)c(Nc4ncnc5cnc(nc45)N6CCOCC6)c3)cc(c2)C(F)(F)F,CHEMBL3641086,IC50,8.7
815073,CN1CCCN(CC1)c2ncc3ncnc(Nc4cc(ccc4C)C(=O)Nc5cccc(c5)C(F)(F)F)c3n2,CHEMBL3697763,IC50,8.7
815082,CN1CCN(CC1)c2cc(NC(=O)c3ccc(F)c(Nc4ncnc5cnc(nc45)N6CCOCC6)c3)cc(c2F)C(F)(F)F,CHEMBL3697925,IC50,8.7
815091,CN1CCN(CC1)c2nc(N)c3ncnc(Nc4cc(ccc4C)C(=O)Nc5cc(ccn5)C(F)(F)F)c3n2,CHEMBL3694030,IC50,8.7
815100,CN1CCN(CC1)c2nc(N)c3ncnc(Nc4cc(ccc4C)C(=O)Nc5cccc(c5)C(C)(C)C)c3n2,CHEMBL3694037,IC50,8.7
815109,CN1CCN(CC1)c2ncc3ncnc(Nc4cc(ccc4C)C(=O)Nc5cc(on5)C(C)(C)C)c3n2,CHEMBL3641119,IC50,8.7
815118,CN1CCN(CC1)c2ncc3ncnc(Nc4cc(ccc4C)C(=O)Nc5ccc(C#N)c(c5)C(F)(F)F)c3n2,CHEMBL3697856,IC50,8.7
815127,CN1CCN(CC1)c2ncc3ncnc(Nc4cc(ccc4C)C(=O)Nc5cccc(c5)C(C)(C)C#N)c3n2,CHEMBL3697850,IC50,8.7
815136,CN1CCN(CC1)c2ncc3ncnc(Nc4cc(ccc4F)C(=O)Nc5cc(on5)C(C)(C)C)c3n2,CHEMBL3697863,IC50,8.7
815146,CN1C[C@@H]2C[C@H]1CN2c3ccc(cc3C(F)(F)F)c4ccnc5c(c6cccc7[nH]ncc67)c(nn45)c8ccncc8,CHEMBL1276175,IC50,8.7
815156,CN1C[C@H]2C[C@@H]1CN2c3ncc4ncnc(Nc5cc(ccc5C)C(=O)Nc6cc(on6)C(C)(C)C)c4n3,CHEMBL3641113,IC50,8.7
815165,COC(=O)N[C@@H](C)CNc1nccc(n1)c2nc([nH]c2c3cc(F)cc(NS(=O)(=O)C)c3Cl)c4ccc(cc4)C(F)(F)F,CHEMBL3651682,IC50,8.7
815174,COCCN(C)c1ncc2ncnc(Nc3cc(ccc3C)C(=O)Nc4cc(CN5CCCC5)cc(c4)C(F)(F)F)c2n1,CHEMBL3694160,IC50,8.7
815183,COCCN(C)c1ncc2ncnc(Nc3cc(ccc3C)C(=O)Nc4cc(OCCN(C)C)cc(c4)C(F)(F)F)c2n1,CHEMBL3694203,IC50,8.7
815192,COCCN(C)c1ncc2ncnc(Nc3cc(ccc3C)C(=O)Nc4cc(ccn4)C(F)(F)F)c2n1,CHEMBL3641093,IC50,8.7
815201,COCCN(C)c1ncc2ncnc(Nc3cc(ccc3C)C(=O)Nc4cc(nn4C)C(C)(C)C)c2n1,CHEMBL3641087,IC50,8.7
815210,COCCN(C)c1ncc2ncnc(Nc3cc(ccc3C)C(=O)Nc4cccc(c4)C(F)(F)F)c2n1,CHEMBL3641088,IC50,8.7
815219,COCCN(C)c1ncc2ncnc(Nc3cc(ccc3Cl)C(=O)Nc4ccc(OC)c(c4)C(F)(F)F)c2n1,CHEMBL3694067,IC50,8.7
815228,COCCN(C)c1ncc2ncnc(Nc3cc(ccc3F)C(=O)Nc4cc(on4)C(C)(C)C)c2n1,CHEMBL3694147,IC50,8.7
815237,COCCN(C)c1ncc2ncnc(Nc3cc(ccc3F)C(=O)Nc4ccc(OC)c(c4)C(F)(F)F)c2n1,CHEMBL3694093,IC50,8.7
815246,COCCN1CCN(CC1)c2ncc3ncnc(Nc4cc(ccc4C)C(=O)Nc5ccc(C#N)c(c5)C(F)(F)F)c3n2,CHEMBL3641147,IC50,8.7
815255,COCCN1CCN(CC1)c2ncc3ncnc(Nc4cc(ccc4C)C(=O)Nc5ccc(OC)c(c5)C(F)(F)F)c3n2,CHEMBL3641054,IC50,8.7
815264,COCCN1CCN(CC1)c2ncc3ncnc(Nc4cc(ccc4F)C(=O)Nc5ccc(OC)c(c5)C(F)(F)F)c3n2,CHEMBL3641029,IC50,8.7
815273,COC[C@@H]1CCCN1c2ncc3ncnc(Nc4cc(ccc4C)C(=O)Nc5ccc(OC)c(c5)C(F)(F)F)c3n2,CHEMBL3641160,IC50,8.7
815282,COc1c(CN2CCCC2)cc(cc1NC(=O)c3ccc(C)c(Nc4ncnc5cnc(nc45)N6CCOCC6)c3)C(F)(F)F,CHEMBL3641154,IC50,8.7
815291,COc1ccc(NC(=O)c2ccc(C)c(Nc3ncnc4cnc(OC)nc34)c2)cc1C(F)(F)F,CHEMBL3641182,IC50,8.7
815300,COc1ccc(NC(=O)c2ccc(C)c(Nc3ncnc4cnc(nc34)N5CCC(C5)N(C)C)c2)cc1C(F)(F)F,CHEMBL3641177,IC50,8.7
815309,COc1ccc(NC(=O)c2ccc(C)c(Nc3ncnc4cnc(nc34)N5CCCC5)c2)cc1C(F)(F)F,CHEMBL3641071,IC50,8.7
815318,COc1ccc(NC(=O)c2ccc(C)c(Nc3ncnc4cnc(nc34)N5CCN(C)CC5)c2)cc1C(F)(F)F,CHEMBL3694064,IC50,8.7
815327,COc1ccc(NC(=O)c2ccc(C)c(Nc3ncnc4cnc(nc34)N5CCN(CC5)C(C)C)c2)cc1C(F)(F)F,CHEMBL3641063,IC50,8.7
815336,COc1ccc(NC(=O)c2ccc(C)c(Nc3ncnc4cnc(nc34)N5CCN(CCCN6CCCC6)CC5)c2)cc1C(F)(F)F,CHEMBL3641168,IC50,8.7
815345,COc1ccc(NC(=O)c2ccc(C)c(Nc3ncnc4cnc(nc34)N5C[C@@H](C)N[C@@H](C)C5)c2)cc1C(F)(F)F,CHEMBL3641062,IC50,8.7
815354,COc1ccc(NC(=O)c2ccc(Cl)c(Nc3ncnc4cnc(nc34)N(C)C)c2)cc1C(F)(F)F,CHEMBL3694079,IC50,8.7
815363,COc1ccc(NC(=O)c2ccc(Cl)c(Nc3ncnc4cnc(nc34)N(C)CCN(C)C)c2)cc1C(F)(F)F,CHEMBL3694068,IC50,8.7
815372,COc1ccc(NC(=O)c2ccc(Cl)c(Nc3ncnc4cnc(nc34)N5CCOCC5)c2)cc1C(F)(F)F,CHEMBL3694075,IC50,8.7
815381,COc1ccc(NC(=O)c2ccc(F)c(Nc3ncnc4cnc(NCCN(C)C)nc34)c2)cc1C(F)(F)F,CHEMBL3694102,IC50,8.7
815390,COc1ccc(NC(=O)c2ccc(F)c(Nc3ncnc4cnc(NCCN5CCOCC5)nc34)c2)cc1C(F)(F)F,CHEMBL3694103,IC50,8.7
815399,COc1ccc(NC(=O)c2ccc(F)c(Nc3ncnc4cnc(nc34)N5CCN(C)CC5)c2)cc1C(F)(F)F,CHEMBL3694097,IC50,8.7
815408,COc1ccc(cc1NC(=O)c2ccc(C)c(Nc3ncnc4cnc(nc34)N5CCCN(C)CC5)c2)C(C)(C)C,CHEMBL3697771,IC50,8.7
815417,COc1ccc(cc1NC(=O)c2ccc(C)c(Nc3ncnc4cnc(nc34)N5CCNCC5)c2)C(C)(C)C,CHEMBL3697887,IC50,8.7
815426,COc1ccc(cc1NC(=O)c2ccc(C)c(Nc3ncnc4cnc(nc34)N5CC[C@H](F)C5)c2)C(F)(F)F,CHEMBL3697833,IC50,8.7
815435,COc1ccc(cc1Nc2ncnc3cnc(nc23)N(C)C)C(=O)Nc4ccc(OC)c(c4)C(F)(F)F,CHEMBL3694092,IC50,8.7
815444,COc1ccc(cc1Nc2ncnc3cnc(nc23)N4CCCN(C)CC4)C(=O)Nc5cc(on5)C(C)(C)C,CHEMBL3694159,IC50,8.7
815453,COc1ccc(cc1Nc2ncnc3cnc(nc23)N4CCN(C)CC4)C(=O)Nc5cc(on5)C(C)(C)C,CHEMBL3694158,IC50,8.7
815462,COc1ccc(cc1Nc2ncnc3cnc(nc23)N4CCOCC4)C(=O)Nc5cc(on5)C(C)(C)C,CHEMBL3694144,IC50,8.7
815471,COc1ccc(cc1Nc2ncnc3cnc(nc23)N4CCOCC4)C(=O)Nc5ccc(OC)c(c5)C(F)(F)F,CHEMBL3694088,IC50,8.7
815480,COc1ncc2ncnc(Nc3cc(NC(=O)c4cccc(c4)C(C)(C)C#N)ccc3C)c2n1,CHEMBL3641240,IC50,8.7
815489,COc1ncc2ncnc(Nc3cc(ccc3C)C(=O)Nc4cc(cc(c4)C(F)(F)F)N(C)CCN(C)C)c2n1,CHEMBL3641184,IC50,8.7
815498,COc1ncc2ncnc(Nc3cc(ccc3C)C(=O)Nc4cc(cc(c4)C(F)(F)F)N5CCN(CC5)C(C)C)c2n1,CHEMBL3641180,IC50,8.7
815507,COc1ncc2ncnc(Nc3cc(ccc3C)C(=O)Nc4cc(on4)C(C)(C)C)c2n1,CHEMBL3641187,IC50,8.7
815516,C[C@@H]1CN(C[C@H](C)N1)c2nc(N)c3ncnc(Nc4cc(ccc4C)C(=O)Nc5cc(n[nH]5)C(C)(C)C)c3n2,CHEMBL3689934,IC50,8.7
815525,C[C@@H]1CN(C[C@H](C)N1)c2ncc3ncnc(Nc4cc(ccc4C)C(=O)Nc5cc(on5)C(C)(C)C)c3n2,CHEMBL3641112,IC50,8.7
815534,Cc1ccc(NC(=O)c2cccc(c2)C(C)(C)C#N)cc1Nc3ncnc4cnc(NC5CCOCC5)nc34,CHEMBL3641238,IC50,8.7
815543,Cc1ccc(NC(=O)c2cccc(c2)C(C)(C)C#N)cc1Nc3ncnc4cnc(nc34)N5CCC(F)(F)C5,CHEMBL3641233,IC50,8.7
815552,Cc1ccc(NC(=O)c2cccc(c2)C(C)(C)C#N)cc1Nc3ncnc4cnc(nc34)N5CCN(CC5)C6CC6,CHEMBL3641227,IC50,8.7
815561,Cc1ccc(NC(=O)c2cccc(c2)C(C)(C)C#N)cc1Nc3ncnc4cnc(nc34)N5CC[C@@H](F)C5,CHEMBL3641234,IC50,8.7
815570,Cc1ccc(NC(=O)c2cccc(c2)C(C)(C)C#N)cc1Nc3ncnc4cnc(nc34)N5CC[C@H](F)C5,CHEMBL3641235,IC50,8.7
815579,Cc1ccc(cc1Nc2ncnc3c(N)nc(nc23)N4CCN5CCCC5C4)C(=O)Nc6cc(n[nH]6)C(C)(C)C,CHEMBL3689933,IC50,8.7
815588,Cc1ccc(cc1Nc2ncnc3c(N)nc(nc23)N4C[C@@H]5C[C@H]4CN5)C(=O)Nc6cc(n[nH]6)C(C)(C)C,CHEMBL3694026,IC50,8.7
815597,Cc1ccc(cc1Nc2ncnc3cnc(NCC4CCCCO4)nc23)C(=O)Nc5cc(on5)C(C)(C)C,CHEMBL3697904,IC50,8.7
815606,Cc1ccc(cc1Nc2ncnc3cnc(NCC4CCOC4)nc23)C(=O)Nc5cc(on5)C(C)(C)C,CHEMBL3697902,IC50,8.7
815615,Cc1ccc(cc1Nc2ncnc3cnc(NCCc4ccccc4)nc23)C(=O)Nc5cc(CN6CCCC6)cc(c5)C(F)(F)F,CHEMBL3694180,IC50,8.7
815624,Cc1ccc(cc1Nc2ncnc3cnc(NCc4ccccc4)nc23)C(=O)Nc5cc(n[nH]5)C(C)(C)C,CHEMBL3641127,IC50,8.7
815633,Cc1ccc(cc1Nc2ncnc3cnc(NCc4ccccc4)nc23)C(=O)Nc5cc(nn5C)C(C)(C)C,CHEMBL3641056,IC50,8.7
815642,Cc1ccc(cc1Nc2ncnc3cnc(NCc4ccccc4)nc23)C(=O)Nc5cc(on5)C(C)(C)C,CHEMBL3641136,IC50,8.7
815651,Cc1ccc(cc1Nc2ncnc3cnc(NCc4ccccn4)nc23)C(=O)Nc5cc(CN6CCCC6)cc(c5)C(F)(F)F,CHEMBL3694175,IC50,8.7
815660,Cc1ccc(cc1Nc2ncnc3cnc(NCc4ccncc4)nc23)C(=O)Nc5cc(CN6CCCC6)cc(c5)C(F)(F)F,CHEMBL3694176,IC50,8.7
815669,Cc1ccc(cc1Nc2ncnc3cnc(nc23)N4CCC(CC4)N5CCCC5)C(=O)Nc6cc(on6)C(C)(C)C,CHEMBL3641106,IC50,8.7
815678,Cc1ccc(cc1Nc2ncnc3cnc(nc23)N4CCC(F)CC4)C(=O)Nc5cc(CN6CCCC6)cc(c5)C(F)(F)F,CHEMBL3694165,IC50,8.7
815687,Cc1ccc(cc1Nc2ncnc3cnc(nc23)N4CCCC4)C(=O)Nc5cc(CN6CCCC6)cc(c5)C(F)(F)F,CHEMBL3694171,IC50,8.7
815696,Cc1ccc(cc1Nc2ncnc3cnc(nc23)N4CCCC4)C(=O)Nc5cc(ccn5)C(F)(F)F,CHEMBL3697821,IC50,8.7
815705,Cc1ccc(cc1Nc2ncnc3cnc(nc23)N4CCCC4)C(=O)Nc5cccc(c5)C(C)(C)C,CHEMBL3697818,IC50,8.7
815714,Cc1ccc(cc1Nc2ncnc3cnc(nc23)N4CCCCC4)C(=O)Nc5cc(CN6CCCC6)cc(c5)C(F)(F)F,CHEMBL3694168,IC50,8.7
815723,Cc1ccc(cc1Nc2ncnc3cnc(nc23)N4CCCCC4)C(=O)Nc5cccc(c5)C(C)(C)C,CHEMBL3697794,IC50,8.7
815732,Cc1ccc(cc1Nc2ncnc3cnc(nc23)N4CCCOCC4)C(=O)Nc5cc(on5)C(C)(C)C,CHEMBL3697911,IC50,8.7
815741,Cc1ccc(cc1Nc2ncnc3cnc(nc23)N4CCOCC4)C(=O)Nc5cc(CN6CCCC6)c(Cl)c(c5)C(F)(F)F,CHEMBL3641143,IC50,8.7
815750,Cc1ccc(cc1Nc2ncnc3cnc(nc23)N4CCOCC4)C(=O)Nc5ccc(Cl)c(c5)C(F)(F)F,CHEMBL3697881,IC50,8.7
815759,Cc1ccc(cc1Nc2ncnc3cnc(nc23)N4CCOCC4)C(=O)Nc5ccc6N(CCN7CCCC7)C(=O)C(C)(C)c6c5,CHEMBL3697738,IC50,8.7
815768,Cc1ccc(cc1Nc2ncnc3cnc(nc23)N4CC[C@@H](F)C4)C(=O)Nc5cccc(c5)C(C)(C)C#N,CHEMBL3697752,IC50,8.7
815777,Cc1ccc(cc1Nc2ncnc3cnc(nc23)N4CC[C@H](F)C4)C(=O)Nc5cc(CN6CCCC6)cc(c5)C(F)(F)F,CHEMBL3641082,IC50,8.7
815786,Cc1ccc(cc1Nc2ncnc3cncnc23)C(=O)Nc4cc(on4)C(C)(C)C,CHEMBL3643295,IC50,8.7
815795,Cc1cn(cn1)c2ncc3ncnc(Nc4cc(ccc4C)C(=O)Nc5cc(on5)C(C)(C)C)c3n2,CHEMBL3697909,IC50,8.7
815804,Cn1nc(cc1NC(=O)c2ccc(F)c(Nc3ncnc4cnc(NC5CCOC5)nc34)c2)C(C)(C)C,CHEMBL3697927,IC50,8.7
815813,Cn1nc(cc1NC(=O)c2ccc(F)c(Nc3ncnc4cnc(nc34)N5CCOCC5)c2)C(C)(C)C,CHEMBL3697924,IC50,8.7
815823,FC(F)(F)c1cc(cc(c1)c2cnc[nH]2)C(=O)N[C@@H]3CCc4ccc(Oc5ccnc6NC(=O)CCc56)cc4C3,CHEMBL3765355,IC50,8.7
815834,Fc1ccc(NS(=O)(=O)N2CCCC2)c(F)c1Nc3ncccc3c4ncnc5[nH]cnc45,CHEMBL3799949,IC50,8.7
815845,Fc1ccc(NS(=O)(=O)c2nccs2)c(F)c1Nc3ncccc3c4ncnc5[nH]cnc45,CHEMBL3800081,IC50,8.7
815856,O[C@@H]1CCC[C@@H](C1)n2cc(c3ccc4c(Cc5c[nH]nc45)c3)c(n2)c6ccncc6,CHEMBL1780173,IC50,8.7
815867,Oc1cccc(c1)c2c(nn3c(ccnc23)c4ccc(NCC56CCN(CC5)CC6)cc4)c7ccncc7,CHEMBL1088289,IC50,8.7
815878,CN1C[C@@H]2C[C@H]1CN2c3ccc(cc3F)c4ccnc5c(c6cccc7[nH]ncc67)c(nn45)c8ccncc8,CHEMBL1276174,IC50,8.72
815889,Cl.Cl.CCNCc1cc(cc(c1)C(F)(F)F)C(=O)N[C@@H]2CCc3ccc(Oc4ccnc5NC(=O)CCc45)cc3C2,CHEMBL3765509,IC50,8.72
815900,Cc1ccc(NC(=O)c2cccc(Cl)c2)cc1Nc3ncccc3c4ncnc5[nH]cnc45,CHEMBL3354838,IC50,8.75
815911,Cl.Cl.NC1(CCC1)c2cc(cc(c2)C(F)(F)F)C(=O)N[C@@H]3CCc4ccc(Oc5ccnc6NC(=O)CCc56)cc4C3,CHEMBL3765012,IC50,8.75
815922,Cl.N[C@H](CO)c1cc(cc(c1)C(F)(F)F)C(=O)N[C@@H]2CCc3ccc(Oc4ccnc5NC(=O)CCc45)cc3C2,CHEMBL3763999,IC50,8.77
815933,Cl.ON=C1CCc2cc(ccc12)c3nc([nH]c3c4ccncc4)C5CCNCC5,CHEMBL1794071,Kd,8.77
815944,COC(=O)C1CC2N(C)C1Cc3cnc4c(c5ccc(Cl)c(O)c5)c(nn4c23)c6ccncc6,CHEMBL585148,IC50,8.8
815955,Clc1ccc(NC(=O)c2ccc(Cl)c(Nc3ncccc3c4ncnc5[nH]cnc45)c2)cc1Cl,CHEMBL3354391,IC50,8.8
815966,F[C@@H]1CNCC[C@H]1n2cc(c3ccc4c(Cc5c[nH]nc45)c3)c(n2)c6ccncc6,CHEMBL1780177,IC50,8.8
815977,Cc1ccc(cc1Nc2ncccc2c3ncnc4[nH]cnc34)C(=O)Nc5ccc(cc5)C(F)(F)F,CHEMBL3354387,IC50,8.82
815988,Cl.Cn1nccc1c2cc(cc(c2)C(F)(F)F)C(=O)N[C@@H]3CCc4ccc(Oc5ccnc6NC(=O)CCc56)cc4C3,CHEMBL3764588,IC50,8.82
815999,Cn1cc(c2ccc3c(Cc4c[nH]nc34)c2)c(n1)c5ccncc5,CHEMBL523261,IC50,8.82
816010,Oc1cccc(c1)c2c(nn3c(ccnc23)c4ccc(N[C@@H]5CN6CCC5CC6)cc4)c7ccncc7,CHEMBL1087510,IC50,8.82
816021,CN1C[C@@H]2C[C@H]1CC2c3cc(F)ccc3c4ccnc5c(c6cccc7[nH]ncc67)c(nn45)c8ccncc8,CHEMBL1276182,IC50,8.85
816032,CN1C[C@@H]2C[C@H]1CN2c3ccc(c4ccnc5c(c6cccc7[nH]ncc67)c(nn45)c8ccncc8)c(c3)C(F)(F)F,CHEMBL1276172,IC50,8.85
816043,Cn1cc(c2ccc3c(O)cccc3c2)c(n1)c4ccncc4,CHEMBL1780161,IC50,8.85
816054,O\N=C\1/CCc2cc(ccc12)c3nc([nH]c3c4ccncc4)C(=O)NCCN5CCOCC5,CHEMBL515491,Kd,8.85
816064,COC(=O)N[C@@H](C)CNc1nccc(n1)c2nc([nH]c2c3cc(Cl)cc(NS(=O)(=O)C(C)C)c3)C(C)(C)C,CHEMBL3651614,IC50,8.87
816074,CN(C)Cc1cccc(NC(=O)c2nc(c3ccc4\C(=N\O)\CCc4c3)c([nH]2)c5ccncc5)c1,CHEMBL515322,Kd,8.89
816085,CNS(=O)(=O)c1ccc(N2CCOCC2)c(Nc3ncnc4[nH]c(cc34)c5cccc(c5)C(F)(F)F)c1,CHEMBL3613309,IC50,8.89
816096,CNS(=O)(=O)c1ccc(N2CCOCC2)c(Nc3ncnc4[nH]cc(C)c34)c1,CHEMBL3613199,IC50,8.89
816107,Cc1ccc(cc1Nc2ncccc2c3ncnc4[nH]cnc34)C(=O)Nc5cccc(Cl)c5,CHEMBL3354385,IC50,8.89
816118,O\N=C/1\CCc2cc(ccc12)c3[nH]c(nc3c4ccncc4)c5ccccc5,CHEMBL372543,Kd,8.89
816129,F[C@H]1CNCC[C@@H]1n2cc(c3ccc4c(Cc5c[nH]nc45)c3)c(n2)c6ccncc6,CHEMBL1780180,IC50,8.9
816140,CN1C[C@@H]2C[C@H]1CN2c3ccc(cc3)c4ccnc5c(c6cccc7[nH]ncc67)c(nn45)c8ccncc8,CHEMBL1278218,IC50,8.92
816151,COc1cccc(c1)C(=O)Nc2ccc(C)c(Nc3ncccc3c4ncnc5[nH]cnc45)c2,CHEMBL3354839,IC50,8.92
816162,Fc1cc(CN2C[C@@H]3C[C@H]2CO3)ccc1c4ccnc5c(c6cccc7[nH]ncc67)c(nn45)c8ccncc8,CHEMBL1276189,IC50,8.92
816173,O\N=C\1/CCc2cc(ccc12)c3cn(CC4CCNCC4)nc3c5ccncc5,CHEMBL497670,IC50,8.92
816184,COCCn1cc(c2ccc3\C(=N\O)\CCc3c2)c(n1)c4ccncc4,CHEMBL496472,IC50,8.94
816194,COC(=O)N[C@@H](C)CNc1nccc(n1)c2nc([nH]c2c3cc(C)cc(NS(=O)(=O)C)c3Cl)C4CC4,CHEMBL3651632,IC50,8.96
816203,COC(=O)N[C@@H](C)CNc1nccc(n1)c2nc([nH]c2c3cccc(NS(=O)(=O)CCC(F)(F)F)c3F)C(C)(C)C,CHEMBL3651699,IC50,8.97
816213,Cc1ccc(cc1Nc2ncccc2c3ncnc4[nH]cnc34)C(=O)Nc5cccc(F)c5,CHEMBL3354383,IC50,8.99
816224,CC(=O)Nc1cc(Oc2ccc3c(c2)nc(Nc4cc(ccc4F)C(F)(F)F)n3C)ccn1,CHEMBL3335381,IC50,9.0
816235,CC(=O)Nc1cc(Oc2ccc3c(c2)nc(Nc4ccc(OC(F)(F)F)cc4)n3C)ccn1,CHEMBL3335379,IC50,9.0
816245,CC(C)(C#N)c1cccc(NC(=O)c2ccc(F)c(Nc3ncnc4cnc(NC5CCOC5)nc34)c2)c1,CHEMBL3697926,IC50,9.0
816254,CC(C)(C)c1cc(NC(=O)c2ccc(F)c(Nc3ncnc4cnc(nc34)N5CCOCC5)c2)[nH]n1,CHEMBL3697931,IC50,9.0
816263,CC(C)(C)c1onc(NC(=O)c2ccc(Cl)c(Nc3ncnc4cnc(NCCCN5CCOCC5)nc34)c2)c1,CHEMBL3694137,IC50,9.0
816272,CC(C)(C)c1onc(NC(=O)c2ccc(Cl)c(Nc3ncnc4cnc(nc34)N5CCOCC5)c2)c1,CHEMBL3694138,IC50,9.0
816281,CC(C)(C)c1onc(NC(=O)c2ccc(F)c(Nc3ncnc4cnc(NCCN5CCOCC5)nc34)c2)c1,CHEMBL3694155,IC50,9.0
816290,CC1(CC1)c2nc(c3ccnc(NCCC#N)n3)c([nH]2)c4cccc(NS(=O)(=O)C)c4Cl,CHEMBL3651659,IC50,9.0
816299,CCCS(=O)(=O)Nc1cc(F)cc(c1Cl)c2[nH]c(nc2c3ccnc(NCC)n3)C4CC4,CHEMBL3651649,IC50,9.0
816308,CCCS(=O)(=O)Nc1cc(F)cc(c1Cl)c2[nH]c(nc2c3ccnc(NC[C@H](C)NC(=O)OC)n3)C(C)(C)C,CHEMBL3651638,IC50,9.0
816317,CCCS(=O)(=O)Nc1cccc(c1)c2[nH]c(nc2c3ccnc(NC[C@H](C)NC(=O)OC)n3)C4CC4,CHEMBL3651704,IC50,9.0
816326,CCN1CCN(CC1)c2ncc3ncnc(Nc4cc(NC(=O)c5cccc(c5)C(C)(C)C#N)ccc4C)c3n2,CHEMBL3641228,IC50,9.0
816335,CCN1CCN(CC1)c2ncc3ncnc(Nc4cc(ccc4F)C(=O)Nc5cc(on5)C(C)(C)C)c3n2,CHEMBL3641025,IC50,9.0
816345,CCOC(=O)N1C2CCC1CC(C2)c3ccnc4c(c5cccc(O)c5)c(nn34)c6ccncc6,CHEMBL571129,IC50,9.0
816356,CCc1ccc(Nc2nc3cc(Oc4ccnc(NC(=O)C)c4)ccc3n2C)cc1,CHEMBL3335377,IC50,9.0
816366,CN(C)CCN(C)c1cc(NC(=O)c2ccc(C)c(Nc3ncnc4c(N)nc(nc34)N5CCOCC5)c2)cc(c1)C(F)(F)F,CHEMBL3694033,IC50,9.0
816375,CN(C)CCN(C)c1cc(NC(=O)c2ccc(C)c(Nc3ncnc4cnc(NCc5ccncc5)nc34)c2)cc(c1)C(F)(F)F,CHEMBL3697720,IC50,9.0
816384,CN(C)CCN(C)c1cc(NC(=O)c2ccc(C)c(Nc3ncnc4cnc(nc34)N5CCOCC5)c2)cc(c1)C(F)(F)F,CHEMBL3641068,IC50,9.0
816393,CN(C)CCN(C)c1ncc2ncnc(Nc3cc(ccc3Cl)C(=O)Nc4cc(on4)C(C)(C)C)c2n1,CHEMBL3694142,IC50,9.0
816402,CN(C)CCN1CCN(CC1)c2ncc3ncnc(Nc4cc(ccc4C)C(=O)Nc5ccc6OC(F)(F)C(F)(F)Oc6c5)c3n2,CHEMBL3641211,IC50,9.0
816411,CN(C)CCNc1ncc2ncnc(Nc3cc(ccc3F)C(=O)Nc4cc(on4)C(C)(C)C)c2n1,CHEMBL3694154,IC50,9.0
816420,CN(C)CCOc1cc(NC(=O)c2ccc(C)c(Nc3ncnc4cnc(NCc5ccccc5)nc34)c2)cc(c1)C(F)(F)F,CHEMBL3694209,IC50,9.0
816429,CN(C)CCOc1cc(NC(=O)c2ccc(C)c(Nc3ncnc4cnc(NCc5cccnc5)nc34)c2)cc(c1)C(F)(F)F,CHEMBL3694210,IC50,9.0
816438,CN(C)c1cccc(NC(=O)c2ccc(C)c(Nc3ncnc4cnc(nc34)N5CCCCC5)c2)c1,CHEMBL3697793,IC50,9.0
816447,CN(C)c1ncc2ncnc(Nc3cc(NC(=O)c4cccc(c4)C(C)(C)C#N)ccc3C)c2n1,CHEMBL3641220,IC50,9.0
816456,CN(C)c1ncc2ncnc(Nc3cc(ccc3F)C(=O)Nc4cc(on4)C(C)(C)C)c2n1,CHEMBL3694156,IC50,9.0
816465,CN(C1CCN(C)CC1)c2ncc3ncnc(Nc4cc(NC(=O)c5cccc(c5)C(C)(C)C#N)ccc4C)c3n2,CHEMBL3641230,IC50,9.0
816474,CN(C1CCOC1)c2ncc3ncnc(Nc4cc(NC(=O)c5cccc(c5)C(C)(C)C#N)ccc4C)c3n2,CHEMBL3641237,IC50,9.0
816483,CN(C1CCOC1)c2ncc3ncnc(Nc4cc(ccc4C)C(=O)Nc5cc(on5)C(C)(C)C)c3n2,CHEMBL3697907,IC50,9.0
816492,CN(CCF)c1ncc2ncnc(Nc3cc(ccc3C)C(=O)Nc4cc(cc(c4)C(F)(F)F)N5CCCN(C)CC5)c2n1,CHEMBL3641129,IC50,9.0
816501,CN1CCC(CC1)N2CCN(CC2)c3nc(N)c4ncnc(Nc5cc(ccc5C)C(=O)Nc6cc(on6)C(C)(C)C)c4n3,CHEMBL3689909,IC50,9.0
816510,CN1CCC(CC1)Nc2ncc3ncnc(Nc4cc(NC(=O)c5cccc(c5)C(C)(C)C#N)ccc4C)c3n2,CHEMBL3641229,IC50,9.0
816519,CN1CCC(CC1)Nc2ncc3ncnc(Nc4cc(ccc4C)C(=O)Nc5ccnc(c5)C(C)(C)C)c3n2,CHEMBL3641199,IC50,9.0
816528,CN1CCC(CN2CCN(CC2)c3ncc4ncnc(Nc5cc(ccc5C)C(=O)Nc6cc(on6)C(C)(C)C)c4n3)CC1,CHEMBL3641047,IC50,9.0
816537,CN1CCC(CN2CCN(CC2)c3ncc4ncnc(Nc5cc(ccc5C)C(=O)Nc6cccc(c6)C(C)(C)C)c4n3)CC1,CHEMBL3641043,IC50,9.0
816546,CN1CCC(CN2CCN(CC2)c3ncc4ncnc(Nc5cc(ccc5F)C(=O)Nc6cc(on6)C(C)(C)C)c4n3)CC1,CHEMBL3697934,IC50,9.0
816555,CN1CCC2(CCN(C2)c3ncc4ncnc(Nc5cc(ccc5C)C(=O)Nc6cc(on6)C(C)(C)C)c4n3)C1,CHEMBL3641207,IC50,9.0
816564,CN1CCCC(CN2CCN(CC2)c3ncc4ncnc(Nc5cc(ccc5C)C(=O)Nc6cc(on6)C(C)(C)C)c4n3)C1,CHEMBL3641099,IC50,9.0
816573,CN1CCCN(CC1)c2cc(NC(=O)c3ccc(C)c(Nc4ncnc5cnc(nc45)N6CC[C@H](F)C6)c3)cc(c2)C(F)(F)F,CHEMBL3641081,IC50,9.0
816582,CN1CCCN(CC1)c2nc(N)c3ncnc(Nc4cc(ccc4C)C(=O)Nc5cc(on5)C(C)(C)C)c3n2,CHEMBL3689910,IC50,9.0
816591,CN1CCN(CC1)c2cc(NC(=O)c3ccc(C)c(Nc4ncnc5cnc(nc45)N6CCOCC6)c3)cc(c2)C(F)(F)F,CHEMBL3641085,IC50,9.0
816600,CN1CCN(CC1)c2cc(NC(=O)c3ccc(C)c(Nc4ncnc5cnc(nc45)N6CCOCC6)c3)cc(c2F)C(F)(F)F,CHEMBL3641118,IC50,9.0
816609,CN1CCN(CC1)c2ncc3ncnc(Nc4cc(NC(=O)c5cccc(c5)C(C)(C)C#N)ccc4C)c3n2,CHEMBL3641218,IC50,9.0
816618,CN1CCN(CC1)c2ncc3ncnc(Nc4cc(ccc4C)C(=O)Nc5ccc(F)c(c5)C(F)(F)F)c3n2,CHEMBL3697842,IC50,9.0
816627,CN1CCN(CC1)c2ncc3ncnc(Nc4cc(ccc4C)C(=O)Nc5cccc(c5)C(C)(C)C)c3n2,CHEMBL3697775,IC50,9.0
816636,CN1CCN(CC1)c2ncc3ncnc(Nc4cc(ccc4C)C(=O)Nc5cccc(c5)C(F)(F)F)c3n2,CHEMBL3697843,IC50,9.0
816646,CN1C[C@@H]2C[C@H]1CN2c3ccc(c4ccnc5c(c6cccc7[nH]ncc67)c(nn45)c8ccncc8)c9ccccc39,CHEMBL1276176,IC50,9.0
816657,CNS(=O)(=O)c1cccc(Nc2ncnc3[nH]c(cc23)c4ccc(C)cc4)c1,CHEMBL3613187,IC50,9.0
816668,CNS(=O)(=O)c1cccc(Nc2ncnc3[nH]c(cc23)c4ccc(O)cc4)c1,CHEMBL3613189,IC50,9.0
816679,CNS(=O)(=O)c1cccc(Nc2ncnc3[nH]c(cc23)c4cccc(C)c4)c1,CHEMBL3613186,IC50,9.0
816690,CNS(=O)(=O)c1cccc(Nc2ncnc3[nH]c(cc23)c4ccccc4)c1,CHEMBL3613184,IC50,9.0
816701,CNS(=O)(=O)c1cccc(Nc2ncnc3[nH]c(cc23)c4ccncc4)c1,CHEMBL3613190,IC50,9.0
816713,CNS(=O)(=O)c1cccc(Nc2ncnc3[nH]cc(c4cccc(Cl)c4)c23)c1,CHEMBL3613177,IC50,9.0
816723,CNc1nccc(n1)c2nc([nH]c2c3cc(F)cc(NS(=O)(=O)c4c(F)cccc4F)c3Cl)C5CC5,CHEMBL3651678,IC50,9.0
816732,CNc1ncnc2c(Nc3cc(ccc3C)C(=O)Nc4cc(on4)C(C)(C)C)ncnc12,CHEMBL3643299,IC50,9.0
816741,COC(=O)N[C@@H](C)CNc1nccc(n1)c2nc([nH]c2c3cc(C)cc(NS(=O)(=O)C)c3F)C4(C)CC4,CHEMBL3651643,IC50,9.0
816750,COC(=O)N[C@@H](C)CNc1nccc(n1)c2nc([nH]c2c3cc(Cl)cc(NS(=O)(=O)C)c3F)C4(C)CC4,CHEMBL3651642,IC50,9.0
816759,COC(=O)N[C@@H](C)CNc1nccc(n1)c2nc([nH]c2c3cc(Cl)cc(NS(=O)(=O)c4ccc(F)cc4)c3F)C5CC5,CHEMBL3651653,IC50,9.0
816768,COC(=O)N[C@@H](C)CNc1nccc(n1)c2nc([nH]c2c3cc(F)cc(NS(=O)(=O)C)c3Cl)C(C)(C)C,CHEMBL3651637,IC50,9.0
816777,COC(=O)N[C@@H](C)CNc1nccc(n1)c2nc([nH]c2c3cc(F)cc(NS(=O)(=O)C)c3Cl)C4CCC4,CHEMBL3651677,IC50,9.0
816786,COC(=O)N[C@@H](C)CNc1nccc(n1)c2nc([nH]c2c3cccc(NS(=O)(=O)C)c3Cl)C4(C)CC4,CHEMBL3651645,IC50,9.0
816795,COCCN(C)c1ncc2ncnc(Nc3cc(ccc3C)C(=O)Nc4cc(on4)C(C)(C)C)c2n1,CHEMBL3641095,IC50,9.0
816804,COCCN(C)c1ncc2ncnc(Nc3cc(ccc3C)C(=O)Nc4ccc(OC)c(c4)C(F)(F)F)c2n1,CHEMBL3641094,IC50,9.0
816813,COCCN1CCC(CC1)Nc2ncc3ncnc(Nc4cc(ccc4C)C(=O)Nc5cc(on5)C(C)(C)C)c3n2,CHEMBL3641198,IC50,9.0
816822,COCCN1CCN(CC1)c2ncc3ncnc(Nc4cc(ccc4C)C(=O)Nc5ccc(F)c(c5)C(F)(F)F)c3n2,CHEMBL3641151,IC50,9.0
816831,COCCNc1ncc2ncnc(Nc3cc(ccc3C)C(=O)Nc4cc(CN5CCCC5)cc(c4)C(F)(F)F)c2n1,CHEMBL3694172,IC50,9.0
816840,COCCNc1ncc2ncnc(Nc3cc(ccc3C)C(=O)Nc4cc(OCCN(C)C)cc(c4)C(F)(F)F)c2n1,CHEMBL3694213,IC50,9.0
816849,COCCNc1ncc2ncnc(Nc3cc(ccc3C)C(=O)Nc4cc(cc(c4)C(F)(F)F)N(C)CCN(C)C)c2n1,CHEMBL3694231,IC50,9.0
816858,COCCNc1ncc2ncnc(Nc3cc(ccc3C)C(=O)Nc4cc(on4)C(C)(C)C)c2n1,CHEMBL3697901,IC50,9.0
816868,COc1cc(ccc1F)c2c(nn3c(ccnc23)c4ccc(cc4C)N5C[C@@H]6C[C@H]5CN6C)c7ccncc7,CHEMBL1076233,IC50,9.0
816878,COc1ccc(NC(=O)c2ccc(C)c(Nc3ncnc4c(N)nc(nc34)N5CCCN(C)CC5)c2)cc1C(F)(F)F,CHEMBL3689916,IC50,9.0
816887,COc1ccc(NC(=O)c2ccc(C)c(Nc3ncnc4c(N)nc(nc34)N5CCN(CC5)C6CCN(C)CC6)c2)cc1C(F)(F)F,CHEMBL3689914,IC50,9.0
816896,COc1ccc(NC(=O)c2ccc(C)c(Nc3ncnc4c(N)nc(nc34)N5CCN(CC6CCN(C)CC6)CC5)c2)cc1C(F)(F)F,CHEMBL3689915,IC50,9.0
816905,COc1ccc(NC(=O)c2ccc(C)c(Nc3ncnc4cnc(NC5CC(C5)N6CCN(C)CC6)nc34)c2)cc1C(F)(F)F,CHEMBL3641197,IC50,9.0
816914,COc1ccc(NC(=O)c2ccc(C)c(Nc3ncnc4cnc(NCC5CCCCO5)nc34)c2)cc1C(F)(F)F,CHEMBL3641159,IC50,9.0
816923,COc1ccc(NC(=O)c2ccc(C)c(Nc3ncnc4cnc(nc34)N(C)C5CCN(C)C5)c2)cc1C(F)(F)F,CHEMBL3641178,IC50,9.0
816932,COc1ccc(NC(=O)c2ccc(C)c(Nc3ncnc4cnc(nc34)N5CCC(CC5)N(C)C)c2)cc1C(F)(F)F,CHEMBL3641061,IC50,9.0
816941,COc1ccc(NC(=O)c2ccc(C)c(Nc3ncnc4cnc(nc34)N5CCC(CN(C)C)CC5)c2)cc1C(F)(F)F,CHEMBL3641203,IC50,9.0
816950,COc1ccc(NC(=O)c2ccc(C)c(Nc3ncnc4cnc(nc34)N5CCCN(C)CC5)c2)cc1C(F)(F)F,CHEMBL3641069,IC50,9.0
816959,COc1ccc(NC(=O)c2ccc(C)c(Nc3ncnc4cnc(nc34)N5CCCOCC5)c2)cc1C(F)(F)F,CHEMBL3641166,IC50,9.0
816968,COc1ccc(NC(=O)c2ccc(C)c(Nc3ncnc4cnc(nc34)N5CCN(CC6CCN(C)CC6)CC5)c2)cc1C(F)(F)F,CHEMBL3641046,IC50,9.0
816977,COc1ccc(NC(=O)c2ccc(Cl)c(Nc3ncnc4cnc(nc34)N5CCCN(C)CC5)c2)cc1C(F)(F)F,CHEMBL3694070,IC50,9.0
816986,COc1ccc(NC(=O)c2ccc(F)c(Nc3ncnc4cnc(nc34)N(C)C)c2)cc1C(F)(F)F,CHEMBL3694104,IC50,9.0
816995,COc1ccc(NC(=O)c2ccc(F)c(Nc3ncnc4cnc(nc34)N(C)CCN5CCCC5)c2)cc1C(F)(F)F,CHEMBL3694096,IC50,9.0
817004,COc1ccc(NC(=O)c2ccc(F)c(Nc3ncnc4cnc(nc34)N5CCCCCC5)c2)cc1C(F)(F)F,CHEMBL3694095,IC50,9.0
817013,COc1ccc(cc1NC(=O)c2ccc(C)c(Nc3ncnc4cnc(NC5CCOC5)nc34)c2)C(F)(F)F,CHEMBL3697891,IC50,9.0
817022,COc1ccc(cc1Nc2ncnc3cnc(nc23)N4CCCCCC4)C(=O)Nc5ccc(OC)c(c5)C(F)(F)F,CHEMBL3694082,IC50,9.0
817031,COc1ncc2ncnc(Nc3cc(ccc3C)C(=O)Nc4cc(CN5CCCC5)cc(c4)C(F)(F)F)c2n1,CHEMBL3641185,IC50,9.0
817040,COc1ncc2ncnc(Nc3cc(ccc3C)C(=O)Nc4cccc(c4)C(F)(F)F)c2n1,CHEMBL3641181,IC50,9.0
817049,Cc1ccc(NC(=O)c2cccc(c2)C(C)(C)C#N)cc1Nc3ncnc4cnc(NC5CCOC5)nc34,CHEMBL3641231,IC50,9.0
817058,Cc1ccc(cc1Nc2ncnc3c(N)nc(nc23)N4CCCN(CC4)C5CC5)C(=O)Nc6cccc(c6)C(F)(F)F,CHEMBL3694015,IC50,9.0
817067,Cc1ccc(cc1Nc2ncnc3c(N)nc(nc23)N4CCCN(CC4)c5ncccn5)C(=O)Nc6cccc(c6)C(F)(F)F,CHEMBL3694020,IC50,9.0
817076,Cc1ccc(cc1Nc2ncnc3c(N)nc(nc23)N4CCCNCC4)C(=O)Nc5cccc(c5)C(F)(F)F,CHEMBL3694016,IC50,9.0
817085,Cc1ccc(cc1Nc2ncnc3cnc(NCC4CCOC4)nc23)C(=O)Nc5cc(CN6CCCC6)cc(c5)C(F)(F)F,CHEMBL3694166,IC50,9.0
817094,Cc1ccc(cc1Nc2ncnc3cnc(NCCF)nc23)C(=O)Nc4cc(CN5CCCC5)cc(c4)C(F)(F)F,CHEMBL3694163,IC50,9.0
817103,Cc1ccc(cc1Nc2ncnc3cnc(NCc4cccnc4)nc23)C(=O)Nc5cc(CN6CCCC6)cc(c5)C(F)(F)F,CHEMBL3694169,IC50,9.0
817112,Cc1ccc(cc1Nc2ncnc3cnc(nc23)N4CCC(CC4)N5CCOCC5)C(=O)Nc6cc(on6)C(C)(C)C,CHEMBL3641105,IC50,9.0
817121,Cc1ccc(cc1Nc2ncnc3cnc(nc23)N4CCCC4)C(=O)Nc5cccc(c5)C(F)(F)F,CHEMBL3697812,IC50,9.0
817130,Cc1ccc(cc1Nc2ncnc3cnc(nc23)N4CCN(CCCN5CCCC5)CC4)C(=O)Nc6cc(on6)C(C)(C)C,CHEMBL3641097,IC50,9.0
817139,Cc1ccc(cc1Nc2ncnc3cnc(nc23)N4CCN(CCN5CCOCC5)CC4)C(=O)Nc6cc(on6)C(C)(C)C,CHEMBL3697912,IC50,9.0
817148,Cc1ccc(cc1Nc2ncnc3cnc(nc23)N4CCNCC4)C(=O)Nc5cccc(c5)C(F)(F)F,CHEMBL3697883,IC50,9.0
817157,Cc1ccc(cc1Nc2ncnc3cnc(nc23)N4CCOCC4)C(=O)Nc5cc(OCCN6CCCC6)cc(c5)C(F)(F)F,CHEMBL3641138,IC50,9.0
817166,Cc1ccc(cc1Nc2ncnc3cnc(nc23)N4CCOCC4)C(=O)Nc5cc(nn5C)C(C)(C)C,CHEMBL3641128,IC50,9.0
817175,Cc1ccc(cc1Nc2ncnc3cnc(nc23)N4CCOCC4)C(=O)Nc5cccc(OC(F)(F)F)c5,CHEMBL3641037,IC50,9.0
817184,Cc1ccc(cc1Nc2ncnc3cnc(nc23)N4CCOCC4)C(=O)Nc5cccc(c5)C(C)(C)C,CHEMBL3697839,IC50,9.0
817193,Cc1ccc(cc1Nc2ncnc3cnc(nc23)N4CCOCC4)C(=O)Nc5cccc(c5)C(C)(C)C#N,CHEMBL3697866,IC50,9.0
817202,Cc1ccc(cc1Nc2ncnc3cnc(nc23)N4CC[C@H](F)C4)C(=O)Nc5cc(ccn5)C(F)(F)F,CHEMBL3697889,IC50,9.0
817211,Cc1ccc(cc1Nc2ncnc3cnc(nc23)N4CC[C@H](F)C4)C(=O)Nc5cccc(OC(F)(F)F)c5,CHEMBL3697835,IC50,9.0
817220,Cc1ccc(cc1Nc2ncnc3cnc(nc23)N4CC[C@H](F)C4)C(=O)Nc5cccc(c5)C(F)(F)F,CHEMBL3697832,IC50,9.0
817229,Cc1ccc(cc1Oc2ncnc3cnc(nc23)N4CCOCC4)C(=O)Nc5cc(nn5C)C(C)(C)C,CHEMBL3641195,IC50,9.0
817238,Cc1cn(cn1)c2cc(NC(=O)c3ccc(C)c(Nc4ncnc5cnc(NC6CCOC6)nc45)c3)cc(c2)C(F)(F)F,CHEMBL3641122,IC50,9.0
817247,Fc1cc(NS(=O)(=O)c2c(F)cccc2F)c(Cl)c(c1)c3[nH]c(nc3c4ccncn4)C5CC5,CHEMBL3651690,IC50,9.0
817257,Fc1ccc(NS(=O)(=O)c2cocc2)c(F)c1Nc3ncccc3c4ncnc5[nH]cnc45,CHEMBL3354844,IC50,9.0
817267,Fc1ccc(cc1Nc2ncnc3cnc(nc23)N4CCOCC4)C(=O)Nc5cc(ccn5)C(F)(F)F,CHEMBL3697933,IC50,9.0
817276,Nc1nccc(n1)c2nc([nH]c2c3cccc(NS(=O)(=O)c4c(F)cccc4F)c3Cl)C5CC5,CHEMBL3651689,IC50,9.0
817286,Oc1cccc(c1)c2c(nn3c(ccnc23)c4ccc(N[C@H]5CN6CCC5CC6)cc4)c7ccncc7,CHEMBL1086871,IC50,9.0
817296,COC(=O)N[C@@H](C)CNc1nccc(n1)c2nc([nH]c2c3cc(C)cc(NS(=O)(=O)C(C)C)c3)C4CC4,CHEMBL3651698,IC50,9.02
817305,CCCS(=O)(=O)Nc1cc(Cl)cc(c1F)c2[nH]c(nc2c3ccnc(NC[C@H](C)NC(=O)OC)n3)C4CC4,CHEMBL3651627,IC50,9.05
817315,CN(C)CCOc1ccc(cc1)c2oc(c3ccc4\C(=N\O)\CCc4c3)c(c2)c5ccncc5,CHEMBL1964266,Kd,9.05
817326,CN1C2CCC1CN(C2)c3ccc(cc3)c4ccnc5c(c6cccc(O)c6)c(nn45)c7ccncc7,CHEMBL1080476,IC50,9.05
308896,OCC(O)Cn1cc(c2ccc3\C(=N\O)\CCc3c2)c(n1)c4ccncc4,CHEMBL498317,IC50,9.06
817339,O\N=C\1/CCc2cc(ccc12)c3cn(CC4CCCNC4)nc3c5ccncc5,CHEMBL524445,IC50,9.07
817350,CCCS(=O)(=O)Nc1ccc(F)c(c1F)c2cc3cnc(N)cc3cc2OC,CHEMBL3752762,IC50,9.1
817361,CCCS(=O)(=O)Nc1ccc(F)c(c1F)c2ccc3cc(NC[C@H](C)NC(=O)OC)ncc3c2,CHEMBL3754618,IC50,9.1
817372,CN1C2Cc3cnc4c(c5ccc(Cl)c(O)c5)c(nn4c3C1CC2S(=O)(=O)c6ccccc6)c7ccncc7,CHEMBL571112,IC50,9.1
817382,COC(=O)N[C@@H](C)CNc1nccc(n1)c2nc([nH]c2c3cccc(NS(=O)(=O)C(C)C)c3F)C(C)(C)C,CHEMBL3651686,IC50,9.11
817392,Fc1cc(CN2C3COCC2COC3)ccc1c4ccnc5c(c6cccc7[nH]ncc67)c(nn45)c8ccncc8,CHEMBL1276192,IC50,9.11
817403,CN1C[C@@H]2CC[C@H]1CN2c3ccc(cc3)c4ccnc5c(c6cccc7[nH]ncc67)c(nn45)c8ccncc8,CHEMBL1276187,IC50,9.15
817414,CCOC(=O)N1C2CCC1CC(C2)c3ccnc4c(c5ccc(C)c6[nH]ncc56)c(nn34)c7ccncc7,CHEMBL583133,IC50,9.16
817425,CN(C)CCOc1cc(c2ccc3\C(=N\O)\CCc3c2)c([nH]1)c4ccncc4,CHEMBL477565,Kd,9.16
817436,Cc1ccc(NC(=O)c2cccc(c2)C#N)cc1Nc3ncccc3c4ncnc5[nH]cnc45,CHEMBL3354836,IC50,9.18
817447,N[C@@H]1CC[C@H](CC1)n2cc(c3ccc4c(Cc5c[nH]nc45)c3)c(n2)c6ccncc6,CHEMBL1780170,IC50,9.18
817457,COC(=O)N[C@@H](C)CNc1nccc(n1)c2nc([nH]c2c3cc(Cl)cc(NS(=O)(=O)C(C)C)c3)C4CC4,CHEMBL3651617,IC50,9.2
817467,CCCS(=O)(=O)Nc1ccc(F)c(c1F)c2cc3cnc(NC[C@H](C)NC(=O)OC)cc3cc2CC,CHEMBL3753260,IC50,9.22
817477,CN1C2Cc3cnc4c(c5ccc(Cl)c(O)c5)c(nn4c3C1CC2CO)c6ccncc6,CHEMBL570873,IC50,9.22
817488,CN1C[C@@H]2C[C@H]1CN2c3ccc(c(F)c3F)c4ccnc5c(c6cccc7[nH]ncc67)c(nn45)c8ccncc8,CHEMBL1276177,IC50,9.22
817499,CNS(=O)(=O)c1ccc(N(C)C)c(Nc2ncnc3[nH]c(cc23)c4cccc(c4)C(F)(F)F)c1,CHEMBL3613307,IC50,9.22
817510,CNS(=O)(=O)c1ccc(N2CCOCC2)c(Nc3ncnc4[nH]cc(Cl)c34)c1,CHEMBL3814798,IC50,9.22
817520,COC(=O)N[C@@H](C)CNc1nccc(n1)c2nc([nH]c2c3cc(Cl)cc(NS(=O)(=O)CCC(F)(F)F)c3F)C4CC4,CHEMBL3651631,IC50,9.22
817529,COC(=O)N[C@@H](C)CNc1nccc(n1)c2nc([nH]c2c3cccc(NS(=O)(=O)C)c3F)C(C)(C)C,CHEMBL3651685,IC50,9.22
817539,C1CC2CC(CC1N2)n3cc(c4ccc5c(Cc6c[nH]nc56)c4)c(n3)c7ccncc7,CHEMBL1780167,IC50,9.24
308953,CCn1cc(c2ccc3\C(=N\O)\CCc3c2)c(n1)c4ccncc4,CHEMBL502816,IC50,9.24
817552,OCC(CO)n1cc(c2ccc3\C(=N\O)\CCc3c2)c(n1)c4ccncc4,CHEMBL498487,IC50,9.25
817562,COC(=O)N[C@@H](C)CNc1nccc(n1)c2nc([nH]c2c3cccc(NS(=O)(=O)C)c3F)C4CC4,CHEMBL3651625,IC50,9.26
817571,CCCS(=O)(=O)Nc1cc(Cl)cc(c1F)c2[nH]c(nc2c3ccnc(NC[C@H](C)NC(=O)OC)n3)C(C)(C)C,CHEMBL3651700,IC50,9.28
817581,Fc1cc(CN2C[C@H]3C[C@@H]2CO3)ccc1c4ccnc5c(c6cccc7[nH]ncc67)c(nn45)c8ccncc8,CHEMBL1276190,IC50,9.28
817592,CCN1C[C@@H]2C[C@H]1CN2c3ccc(cc3)c4ccnc5c(c6ccc(F)c(O)c6)c(nn45)c7ccncc7,CHEMBL1080650,IC50,9.29
817603,CN1C[C@@H]2C[C@H]1CN2c3ccc(c(C)c3)c4ccnc5c(c6cccc7[nH]ncc67)c(nn45)c8ccncc8,CHEMBL1276168,IC50,9.29
817614,CC(=O)N1C[C@@H]2C[C@H]1CN2c3ccc(cc3)c4ccnc5c(c6ccc(F)c(O)c6)c(nn45)c7ccncc7,CHEMBL1076206,IC50,9.3
817625,CC(COc1nccc(n1)c2nc(c3ccc4\C(=N\O)\CCc4c3)c([nH]2)c5ccncc5)N(C)C,CHEMBL478190,Kd,9.3
817635,CCC(C)S(=O)(=O)Nc1cc(Cl)cc(c1)c2[nH]c(nc2c3ccnc(NC[C@H](C)NC(=O)OC)n3)C(C)(C)C,CHEMBL3651612,IC50,9.3
817645,CCN1C2CCC1CC(C2)c3ccnc4c(c5ccc(Cl)c(O)c5)c(nn34)c6ccncc6,CHEMBL571130,IC50,9.3
817656,CN(C)CCNC(=O)c1oc(c2ccncc2)c(c1)c3ccc4\C(=N\O)\CCc4c3,CHEMBL514210,Kd,9.3
817667,CN1C[C@@H]2C[C@H]1CN2c3ccc(cc3)c4ccnc5c(c6ccc(F)c7[nH]ncc67)c(nn45)c8ccncc8,CHEMBL1276183,IC50,9.3
817678,CNS(=O)(=O)c1ccc(N(C)C)c(Nc2ncnc3[nH]cc(C)c23)c1,CHEMBL3613197,IC50,9.3
817690,CNS(=O)(=O)c1ccc(N2CCOCC2)c(Nc3ncnc4[nH]cc(Br)c34)c1,CHEMBL3613305,IC50,9.3
817701,Cl.CN(C)CCOc1ccc(cc1)c2oc(c3ccncc3)c(c2)c4ccc5C(=NO)CCc5c4,CHEMBL1794072,Kd,9.3
817713,Cn1c(Nc2ccc(cc2)C(F)(F)F)nc3cc(Oc4ccnc(c4)c5ncc([nH]5)C(F)(F)F)ccc13,CHEMBL558752,IC50,9.3
817724,Oc1cccc(c1)c2c(nn3c(ccnc23)c4ccc(cc4)N5C[C@@H]6C[C@H]5CN6)c7ccncc7,CHEMBL1087000,IC50,9.31
817734,COC(=O)N[C@@H](C)CNc1nccc(n1)c2nc([nH]c2c3cc(Cl)cc(NS(=O)(=O)C)c3)C4CC4,CHEMBL3651623,IC50,9.32
817744,Cn1ncc(c2ccc3\C(=N\O)\CCc3c2)c1c4ccncc4,CHEMBL500660,IC50,9.32
817755,CN(C)CCCn1cc(c2ccc3\C(=N\O)\CCc3c2)c(n1)c4ccncc4,CHEMBL498503,IC50,9.33
817765,COC(=O)N[C@@H](C)CNc1nccc(n1)c2nc([nH]c2c3cccc(NS(=O)(=O)C)c3Cl)C4CC4,CHEMBL3651624,IC50,9.33
817774,CCS(=O)(=O)Nc1cc(Cl)cc(c1F)c2[nH]c(nc2c3ccnc(NC[C@H](C)NC(=O)OC)n3)C(C)(C)C,CHEMBL3651640,IC50,9.34
817783,CCCS(=O)(=O)Nc1ccc(F)c(c1Cl)c2[nH]c(nc2c3ccnc(NC[C@H](C)NC(=O)OC)n3)C4CC4,CHEMBL3651636,IC50,9.35
817793,COc1cccc(c1)c2c(nn3c(ccnc23)c4ccc(cc4F)N5C[C@@H]6C[C@H]5CN6)c7ccncc7,CHEMBL1080652,IC50,9.36
817803,CCS(=O)(=O)Nc1cc(F)cc(c1Cl)c2[nH]c(nc2c3ccnc(NC[C@H](C)NC(=O)OC)n3)C4CC4,CHEMBL3651634,IC50,9.37
817813,CN1C[C@@H]2CC[C@H]1CN2c3ccc(c(F)c3)c4ccnc5c(c6cccc7[nH]ncc67)c(nn45)c8ccncc8,CHEMBL1276188,IC50,9.39
817824,CC(=O)Nc1cc(Oc2ccc3c(c2)nc(Nc4cccc(OC(F)(F)F)c4)n3C)ccn1,CHEMBL3335374,IC50,9.4
817835,CCOC(=O)N1C2CCC1CC(C2)c3ccnc4c(c5ccc(Cl)c6[nH]ncc56)c(nn34)c7ccncc7,CHEMBL585144,IC50,9.4
817846,CCOC(=O)N1C2CCC1CC(C2)c3ccnc4c(c5ccc(F)c6[nH]ncc56)c(nn34)c7ccncc7,CHEMBL570681,IC50,9.4
817856,COC(=O)N[C@@H](C)CNc1nccc(n1)c2nc([nH]c2c3cc(F)cc(NS(=O)(=O)C)c3Cl)C4CC4,CHEMBL3651706,IC50,9.4
817866,Oc1cc(ccc1Cl)c2c(nn3c(ccnc23)C4CC5CCC(C4)N5)c6ccncc6,CHEMBL569081,IC50,9.4
817876,CCCNc1nccc(n1)c2nc([nH]c2c3cc(F)cc(NS(=O)(=O)CCC)c3Cl)C4CC4,CHEMBL3651644,IC50,9.41
308929,NCCCn1cc(c2ccc3\C(=N\O)\CCc3c2)c(n1)c4ccncc4,CHEMBL498496,IC50,9.41
817887,CCCS(=O)(=O)Nc1cccc(c1F)c2[nH]c(nc2c3ccnc(NC[C@H](C)NC(=O)OC)n3)C(C)(C)C,CHEMBL3651696,IC50,9.42
817897,CN1C[C@@H]2C[C@H]1CN2c3cc(F)c(cc3F)c4ccnc5c(c6cccc7[nH]ncc67)c(nn45)c8ccncc8,CHEMBL1276178,IC50,9.42
817908,CN1C[C@@H]2C[C@H]1CN2c3ccc(cc3)c4ccnc5c(c6cccc(O)c6)c(nn45)c7ccncc7,CHEMBL1087650,IC50,9.42
817918,COC(=O)N[C@@H](C)CNc1nccc(n1)c2nc([nH]c2c3cc(Cl)cc(NS(=O)(=O)c4cc(F)cc(F)c4)c3F)C5CC5,CHEMBL3651669,IC50,9.43
817927,Cc1cc(NS(=O)(=O)C)c(F)c(c1)c2[nH]c(nc2c3ccnc(NCCC#N)n3)C4(C)CC4,CHEMBL3651657,IC50,9.43
817937,CN1C[C@@H]2C[C@H]1CN2c3c(F)c(F)c(c(F)c3F)c4ccnc5c(c6cccc7[nH]ncc67)c(nn45)c8ccncc8,CHEMBL1276181,IC50,9.46
308998,CN1CCC(CC1)n2cc(c3ccc4\C(=N\O)\CCc4c3)c(n2)c5ccncc5,CHEMBL498674,IC50,9.47
817949,COC(=O)N[C@@H](C)CNc1nccc(n1)c2nc([nH]c2c3cc(Cl)cc(NS(=O)(=O)c4cccc(F)c4)c3F)C5CC5,CHEMBL3651654,IC50,9.48
817959,O\N=C\1/CCc2cc(ccc12)c3cn(nc3c4ccncc4)[C@H]5CCC[C@@H]5O,CHEMBL524640,IC50,9.48
817969,COC(=O)N[C@@H](C)CNc1nccc(n1)c2nc([nH]c2c3cc(Cl)cc(NS(=O)(=O)C)c3)C(C)(C)C,CHEMBL3651607,IC50,9.5
817979,CC(=O)N1C2CCC1CC(C2)c3ccnc4c(c5ccc(Cl)c(O)c5)c(nn34)c6ccncc6,CHEMBL578391,IC50,9.52
817993,CN(C)CCOc1ccc(cc1)c2nc(c3ccncc3)c([nH]2)c4ccc5\C(=N\O)\CCc5c4,CHEMBL477989,Ki,9.52
818003,COC(=O)N[C@@H](C)CNc1nccc(n1)c2nc([nH]c2c3cc(Cl)cc(NS(=O)(=O)CC(C)C)c3)C(C)(C)C,CHEMBL3651611,IC50,9.52
818012,COC(=O)N[C@@H](C)CNc1nccc(n1)c2nc([nH]c2c3cc(F)cc(NS(=O)(=O)C4CC4)c3Cl)C5CC5,CHEMBL3651635,IC50,9.52
818021,Cc1cc(NS(=O)(=O)C)c(Cl)c(c1)c2[nH]c(nc2c3ccnc(NCCC#N)n3)C4(C)CC4,CHEMBL3651656,IC50,9.54
818030,COC(=O)N[C@@H](C)CNc1nccc(n1)c2nc([nH]c2c3cc(Cl)cc(NS(=O)(=O)C)c3F)C(C)(C)C,CHEMBL3651639,IC50,9.55
818039,COC(=O)N[C@@H](C)CNc1nccc(n1)c2nc([nH]c2c3cccc(NS(=O)(=O)C4CC4)c3F)C(C)(C)C,CHEMBL3651684,IC50,9.57
818048,CC(C)(C)c1nc(c2ccnc(N)n2)c([nH]1)c3cc(F)cc(NS(=O)(=O)c4c(F)cccc4F)c3Cl,CHEMBL3651672,IC50,9.59
818057,COC(=O)N[C@@H](C)CNc1nccc(n1)c2nc([nH]c2c3cc(Cl)cc(NS(=O)(=O)CC4CC4)c3F)C5CC5,CHEMBL3651633,IC50,9.59
818066,COC(=O)N[C@@H](C)CNc1nccc(n1)c2nc([nH]c2c3cc(C)cc(NS(=O)(=O)CC(F)(F)F)c3F)C4CC4,CHEMBL3651671,IC50,9.6
818075,CCS(=O)(=O)Nc1cc(Cl)cc(c1F)c2[nH]c(nc2c3ccnc(NC[C@H](C)NC(=O)OC)n3)C4CC4,CHEMBL3651630,IC50,9.62
818084,CC1(CC1)c2nc(c3ccnc(NCCC#N)n3)c([nH]2)c4cc(F)cc(NS(=O)(=O)C)c4Cl,CHEMBL3651655,IC50,9.64
818094,CN1C[C@@H]2C[C@H]1CN2c3ccc(c(F)c3)c4ccnc5c(c6cccc7[nH]ncc67)c(nn45)c8ccncc8,CHEMBL1276169,IC50,9.64
308964,CNC1CCCC(C1)n2cc(c3ccc4\C(=N\O)\CCc4c3)c(n2)c5ccncc5,CHEMBL498688,IC50,9.64
818106,COC(=O)N[C@@H](C)CNc1nccc(n1)c2nc([nH]c2c3cc(Cl)cc(NS(=O)(=O)C)c3F)C4CCC4,CHEMBL3651676,IC50,9.64
818115,CC(C)(C)c1nc(c2ccnc(N)n2)c([nH]1)c3cccc(NS(=O)(=O)c4c(F)cccc4F)c3Cl,CHEMBL3651667,IC50,9.66
818126,O\N=C\1/CCc2cc(ccc12)c3cn(nc3c4ccncc4)C5CCOCC5,CHEMBL497671,IC50,9.66
818136,CCCS(=O)(=O)Nc1cc(F)cc(c1Cl)c2[nH]c(nc2c3ccnc(N)n3)C4CC4,CHEMBL3651675,IC50,9.7
818146,CNS(=O)(=O)c1ccc(N(C)C)c(Nc2ncnc3[nH]cc(Br)c23)c1,CHEMBL3613198,IC50,9.7
818156,COC(=O)N[C@@H](C)CNc1nccc(n1)c2nc([nH]c2c3cc(C)cc(NS(=O)(=O)C)c3F)C4CC4,CHEMBL3651606,IC50,9.7
818165,COC(=O)N[C@@H](C)CNc1nccc(n1)c2nc([nH]c2c3cc(F)cc(NS(=O)(=O)C)c3F)C4CC4,CHEMBL3651626,IC50,9.7
818174,Cl.COC(=O)N[C@@H](C)CNc1nccc(n1)c2[nH]c(nc2c3cc(Cl)cc(NS(=O)(=O)C)c3F)C4CC4,CHEMBL3651605,IC50,9.7
818183,Nc1nccc(n1)c2nc([nH]c2c3cc(F)cc(NS(=O)(=O)c4c(F)cccc4F)c3Cl)C5CC5,CHEMBL3651674,IC50,9.72
818195,OCCn1cc(c2ccc3\C(=N\O)\CCc3c2)c(n1)c4ccncc4,CHEMBL525191,Kd,9.72
818205,COC(=O)N[C@@H](C)CNc1nccc(n1)c2nc([nH]c2c3cc(Cl)cc(NS(=O)(=O)C)c3Cl)C4CC4,CHEMBL3651628,IC50,9.75
818214,COC(=O)N[C@@H](C)CNc1nccc(n1)c2nc([nH]c2c3cc(Cl)cc(NS(=O)(=O)C4CC4)c3F)C5CC5,CHEMBL3651629,IC50,9.75
818223,CCCS(=O)(=O)Nc1cccc(c1F)c2[nH]c(nc2c3ccnc(NC[C@H](C)NC(=O)OC)n3)C4CC4,CHEMBL3651697,IC50,9.8
818233,CN1C[C@@H]2C[C@H]1CN2c3cc(F)c(c(F)c3)c4ccnc5c(c6cccc7[nH]ncc67)c(nn45)c8ccncc8,CHEMBL1276179,IC50,9.8
818244,O\N=C\1/CCc2cc(ccc12)c3c[nH]nc3c4ccncc4,CHEMBL500406,IC50,9.82
818254,CC(C)(C)c1nc(c2ccnc(N)n2)c([nH]1)c3cc(Cl)cc(NS(=O)(=O)c4c(F)cccc4F)c3F,CHEMBL3651661,IC50,9.89
818263,CCCS(=O)(=O)Nc1cccc(c1Cl)c2[nH]c(nc2c3ccnc(NC[C@H](C)NC(=O)OC)n3)C4CC4,CHEMBL3651695,IC50,9.89
818272,CCCS(=O)(=O)Nc1cccc(c1F)c2[nH]c(nc2c3ccnc(NCCC#N)n3)C4CC4,CHEMBL3651701,IC50,9.89
818281,CCCS(=O)(=O)Nc1c(F)ccc(c1F)c2[nH]c(nc2c3ccnc(NC[C@H](C)NC(=O)OC)n3)C(C)(C)C,CHEMBL3651703,IC50,9.92
818290,CC1(CC1)c2nc(c3ccnc(NCCC#N)n3)c([nH]2)c4cc(Cl)cc(NS(=O)(=O)C)c4F,CHEMBL3651658,IC50,9.96
818299,CCCS(=O)(=O)Nc1cc(F)cc(c1Cl)c2[nH]c(nc2c3ccnc(NC)n3)C4CC4,CHEMBL3651680,IC50,9.96
818309,CN1C[C@@H]2C[C@H]1CN2c3cc(F)c(c(F)c3)c4ccnc5c(c6ccc(F)c7[nH]ncc67)c(nn45)c8ccncc8,CHEMBL1276186,IC50,9.96
818319,CCCS(=O)(=O)Nc1cc(Cl)cc(c1)c2[nH]c(nc2c3ccnc(NC[C@H](C)NC(=O)OC)n3)C(C)(C)C,CHEMBL3651609,IC50,10.0
818329,CCCS(=O)(=O)Nc1ccc(F)c(c1F)c2cc3cnc(NC[C@H](C)NC(=O)OC)cc3cc2OC,CHEMBL3752213,IC50,10.0
818339,CCS(=O)(=O)Nc1cc(Cl)cc(c1)c2[nH]c(nc2c3ccnc(NC[C@H](C)NC(=O)OC)n3)C(C)(C)C,CHEMBL3651613,IC50,10.0
818348,COC(=O)N[C@@H](C)CNc1nccc(n1)c2nc([nH]c2c3cc(Cl)cc(NS(=O)(=O)C4CC4)c3)C(C)(C)C,CHEMBL3651610,IC50,10.0
818357,COC(=O)N[C@@H](C)CNc1nccc(n1)c2nc([nH]c2c3cc(F)cc(NS(=O)(=O)c4c(F)cccc4F)c3Cl)C5CC5,CHEMBL3651665,IC50,10.0
818366,Nc1nccc(n1)c2nc([nH]c2c3cc(Cl)cc(NS(=O)(=O)c4c(F)cccc4F)c3F)C5CC5,CHEMBL3651662,IC50,10.0
308975,O\N=C\1/CCc2cc(ccc12)c3cn(nc3c4ccncc4)[C@@H]5CCC[C@@H](O)C5,CHEMBL521562,IC50,10.05
818377,CCCS(=O)(=O)Nc1cc(Cl)cc(c1F)c2[nH]c(nc2c3ccnc(N)n3)C(C)(C)C,CHEMBL3651664,IC50,10.1
818386,CS(=O)(=O)Nc1cc(Cl)cc(c1F)c2[nH]c(nc2c3ccnc(NCCC#N)n3)C4CC4,CHEMBL3651683,IC50,10.1
308819,OCCCn1cc(c2ccc3\C(=N\O)\CCc3c2)c(n1)c4ccncc4,CHEMBL527029,IC50,10.3
309021,O\N=C\1/CCc2cc(ccc12)c3cn(nc3c4ccncc4)[C@@H]5CCC[C@H](O)C5,CHEMBL498344,IC50,10.4
818400,Cn1cc(c2ccc3\C(=N\O)\CCc3c2)c(n1)c4ccncc4,CHEMBL500659,IC50,10.7
