id,smiles,name,assay_type,activity_value
4939333,CC(C)n1c(C)ncc1c2ccnc(Nc3ccc(C(=O)NCCN(C)C)c(F)c3)n2,CHEMBL453629,IC50,7.54
9698109,CN(C)C(=O)c1cc2cnc(Nc3ccc(cn3)C(=O)N4C[C@H]5CC[C@@H](C4)N5)nc2n1C6CCCC6,CHEMBL3691684,IC50,7.54
9698119,COCc1cccc2[nH]c(nc12)c3n[nH]c4ncc(cc34)c5cccnc5,CHEMBL400859,IC50,7.54
4939497,NS(=O)(=O)c1ccc(NC=C2C(=O)Nc3ccc4ncsc4c23)cc1,CHEMBL1794055,IC50,7.54
4939507,NS(=O)(=O)c1ccc(N\C=C\2/C(=O)Nc3ccc4ncsc4c23)cc1,CHEMBL271595,IC50,7.54
9698134,CCn1cnc2c(Nc3cccc(c3)C#N)nc(N[C@@H]4CC[C@@H](O)CC4)nc12,CHEMBL172140,IC50,7.55
9698145,CCn1cnc2c(Nc3cccc(c3)C(F)(F)F)nc(N[C@@H]4CC[C@@H](O)CC4)nc12,CHEMBL368215,IC50,7.55
4937925,CN(C)c1ccc(CC(=O)Nc2n[nH]c3ccc(cc23)N4CCCS4(=O)=O)cc1,CHEMBL257831,IC50,7.55
5846796,CN1CCN(CC1)C(=O)c2cc(Nc3ncc4cc(c5ocnc5)n(C6CCCC6)c4n3)cn2C,CHEMBL2029908,IC50,7.55
4935741,COc1ccccc1C(=O)c2cnc(NC3CCN(CC3)S(=O)(=O)C)nc2N,CHEMBL216126,Ki,7.55
4938329,Oc1ccc(CC(=O)Nc2n[nH]c3ccc(cc23)N4CCCS4(=O)=O)cc1,CHEMBL255718,IC50,7.55
4938185,CCOC(=O)N=S(=O)(C)c1ccc(Nc2ncc(Br)c(N[C@H](C)C(C)(C)O)n2)cc1,CHEMBL3648084,IC50,7.57
4938710,COC[C@H](Nc1nc(Nc2ccc(cc2)S(=N)(=O)C)ncc1Br)[C@H](C)O,CHEMBL3648119,IC50,7.57
9698166,C[C@@H]1CNc2c(sc3ccc(O)cc23)C(=O)N1,CHEMBL559487,IC50,7.59
9698177,CC(C)Oc1nc(Nc2ccc3[nH]cnc3c2)ncc1C(F)(F)F,CHEMBL191893,IC50,7.6
9698188,CCn1cnc2c(Nc3cccc(Cl)c3)nc(N[C@@H]4CCCC[C@@H]4N)nc12,CHEMBL367625,IC50,7.6
1830171,COc1ccc2sc3C(=O)N[C@H](CO)CNc3c2c1,CHEMBL553397,IC50,7.6
1831454,C[C@@H]1CNc2c(sc3ccc4nc(Cl)ccc4c23)C(=O)N1,CHEMBL556392,IC50,7.6
4939210,C[C@H](Nc1nc(Nc2ccc(cc2)S(=N)(=O)CCO)ncc1Br)C(C)(C)O,CHEMBL3648108,IC50,7.6
4332676,C1CCC(CC1)Oc2nccc(n2)c3cnc(Nc4ccccn4)s3,CHEMBL424696,IC50,7.62
5842866,CC(C)n1ncc2cnc(Nc3cc(C(=O)N)n(C)c3)nc12,CHEMBL2012308,IC50,7.62
4937676,C[C@@H](O)[C@@H](C)Oc1nc(Nc2ccc(cc2)S(=O)(=O)C(F)F)ncc1C(F)(F)F,CHEMBL3644021,IC50,7.62
7724730,Cn1cc(Nc2ncc3cnn(C4CCC(C)(C)CC4)c3n2)cc1C(=O)N,CHEMBL2012401,IC50,7.62
5843041,Cn1cc(Nc2ncc3cnn(C4C[C@@H]5C[C@@H]5C4)c3n2)cc1C(=O)N,CHEMBL2012402,IC50,7.62
3930191,O=C1Cc2c([nH]c3ccc(cc23)C#N)c4ccccc4N1,CHEMBL299756,IC50,7.62
4935911,C[C@@H](O)[C@@H](C)Oc1nc(Nc2ccc(cc2)S(=O)(=O)C3CCCC3)ncc1C(F)(F)F,CHEMBL3644022,IC50,7.64
9698215,NC1CCC(CC1)Nc2nc(NCc3cc(Cl)ccc3O)c4ncn(C5CCCC5)c4n2,CHEMBL2402947,IC50,7.64
9698226,Nc1nc(cc(n1)c2cc(ccc2O)N3C[C@H](O)[C@@H](O)C3)C4CCCC4,CHEMBL1800455,IC50,7.64
9698237,c1ccc2c(cncc2c1)c3cnc4[nH]nc(c5nc6ccccc6[nH]5)c4c3,CHEMBL391437,IC50,7.64
4938504,Brc1ccc(CC(=O)Nc2n[nH]c3ccc(cc23)N4CCCS4(=O)=O)cc1,CHEMBL402370,IC50,7.66
4936178,CCC(Sc1nc(Nc2ccc(cc2)S(=N)(=O)C)ncc1Br)C(C)O,CHEMBL3648103,IC50,7.66
5845855,COC[C@@H]1CCCN1C(=O)c2cc(Nc3ncc4cnn(C5C[C@@H]6C[C@@H]6C5)c4n3)cn2C,CHEMBL2012411,IC50,7.66
9698253,FC(F)(F)c1cnc(Nc2cccc(Cl)c2)nc1Nc3ccc4[nH]cnc4c3,CHEMBL372672,IC50,7.66
8466116,N[C@H](COc1cncc(c1)c2ccc3cnc(N)cc3c2)Cc4c[nH]c5ccccc45,CHEMBL210390,IC50,7.66
4937458,CCOC(=O)N=S(=O)(C)c1ccc(Nc2ncc(Br)c(O[C@H](C)[C@H](C)O)n2)cc1,CHEMBL3648093,IC50,7.68
5846411,Cn1cc(Nc2ncc3cnn(C4C[C@@H]5C[C@@H]5C4)c3n2)cc1C(=O)N6CCC[C@H]6CN7CCOCC7,CHEMBL2012412,IC50,7.68
9698269,OCCCNc1cc(ccn1)c2ncnc(Nc3cccc(Cl)c3)n2,CHEMBL191336,IC50,7.68
9698280,Brc1cnc2Nc3cccc(c3)S(=O)(=O)NCCCNc1n2,CHEMBL1235529,IC50,7.7
9698291,CC(C)[C@H](CO)Nc1nc(NCc2ccc3OCOc3c2)c4ncn(C(C)C)c4n1,CHEMBL3085239,IC50,7.7
9698302,CCCCOc1c(c[nH]c2nncc12)C(=O)c3c(F)cc(F)cc3F,CHEMBL79049,IC50,7.7
9698313,Cc1cc(nc(N)n1)c2cc(ccc2O)N3C[C@H](O)[C@@H](O)C3,CHEMBL1800450,IC50,7.7
9698324,Nc1nc(NC2CCCCC2)cc(n1)c3cc(ccc3O)N4C[C@H](O)[C@@H](O)C4,CHEMBL1800465,IC50,7.7
9698335,O=C1N=C(N[C@@H]2C[C@H]2c3ccccc3)S/C/1=C\c4ccc5ncccc5c4,CHEMBL235345,Ki,7.7
4939322,CC(C)COC(=O)c1ccc2NC(=O)\C(=C/Nc3ccc(cc3)S(=O)(=O)N)\c2c1,CHEMBL269883,IC50,7.72
4939872,CC(C)Cc1cccc2NC(=O)\C(=N/Nc3ccc(cc3)S(=O)(=O)N)\c12,CHEMBL411224,IC50,7.72
4937784,CC(Sc1nc(Nc2ccc(cc2)S(=N)(=O)C)ncc1Br)C(C)(C)O,CHEMBL3648104,IC50,7.72
9698351,Cc1cc(N2CCCS2(=O)=O)c3OC(=C(O)C(=O)c3c1)c4ccc(O)c(Br)c4,CHEMBL392776,IC50,7.72
7724741,Cn1cc(Nc2ncc3cnn(C4CCC5(CC4)CC5)c3n2)cc1C(=O)N,CHEMBL2012400,IC50,7.72
4937422,Nc1nc(NC2CCCC2)cc(n1)c3cc(ccc3O)N4C[C@H](O)[C@@H](O)C4,CHEMBL1800464,IC50,7.72
9698366,O=C1N=C(NCc2cccs2)S/C/1=C\c3ccc4ncccc4c3,CHEMBL393929,IC50,7.72
4938307,O=C1Nc2ccc(cc2/C/1=C/Nc3ccc4CS(=O)(=O)Cc4c3)c5ocnc5,CHEMBL1234087,IC50,7.72
4939070,CC(CO)Sc1nc(Nc2ccc(cc2)S(=N)(=O)C)ncc1Br,CHEMBL3648106,IC50,7.75
26231,CN[C@@H]1C[C@H]2O[C@@](C)([C@@H]1OC)n3c4ccccc4c5c6CNC(=O)c6c7c8ccccc8n2c7c35,CHEMBL388978,IC50,7.75
9698381,CN(C)C(=O)c1cc2cnc(Nc3ccc(cn3)C(=O)N4C[C@H]5CC[C@@H](C4)N5C)nc2n1C6CCCC6,CHEMBL3691683,IC50,7.76
4938372,CC(O)C(C)Sc1nc(Nc2ccc(cc2)S(=N)(=O)C)ncc1Br,CHEMBL3648102,IC50,7.77
4937547,COc1cccc(F)c1C(=O)c2cnc(NC3CCN(CC3)S(=O)(=O)C)nc2N,CHEMBL385733,Ki,7.77
4939532,NS(=O)(=O)c1ccc(N\C=C\2/C(=O)Nc3ccc(cc23)c4ocnc4)cc1,CHEMBL270132,IC50,7.77
9698396,OCCCNc1cc(ccn1)c2ccnc(Nc3cccc(Cl)c3)n2,CHEMBL300389,IC50,7.77
4939811,CC(C)CC(=O)c1ccc2NC(=O)\C(=C/Nc3ccc(cc3)S(=O)(=O)N)\c2c1,CHEMBL429142,IC50,7.8
4937632,CCOC(=O)N=S(=O)(C)c1ccc(Nc2ncc(Br)c(N[C@H](C)[C@H](C)O)n2)cc1,CHEMBL3648085,IC50,7.8
4938536,CCS(=N)(=O)c1ccc(Nc2ncc(Br)c(N[C@H](COC)[C@H](C)O)n2)cc1,CHEMBL3648094,IC50,7.8
4936385,C[C@@H](O)[C@@H](C)Oc1nc(Nc2ccc(cc2)S(=O)(=O)C3CC3)ncc1C(F)(F)F,CHEMBL3644032,IC50,7.8
5842204,Cn1cc(Nc2ncc3cnn([C@H]4CC[C@H]5CCC[C@@H]45)c3n2)cc1C(=O)N,CHEMBL2012398,IC50,7.8
4939847,CC(=Cc1cccc2NC(=O)\C(=N/Nc3ccc(cc3)S(=O)(=O)N)\c12)C,CHEMBL270544,IC50,7.82
4938215,CCS(=N)(=O)c1ccc(Nc2ncc(Br)c(N[C@H](COC)[C@@H](C)O)n2)cc1,CHEMBL3648120,IC50,7.82
4938848,CN(C)CCNS(=O)(=O)c1ccc(Nc2cccc(c2)c3cnc4ccccn34)cc1,CHEMBL1241849,IC50,7.82
4938859,CN(C)CCNS(=O)(=O)c1ccc(Nc2nccc(n2)c3cnc4ccccn34)cc1,CHEMBL72548,IC50,7.82
4938739,COc1cc(Nc2ncc(Br)c(N[C@H](C)[C@H](C)O)n2)ccc1S(=O)(=NC)C,CHEMBL3648114,IC50,7.82
9698422,Cc1cccc(Nc2ncc(c(Nc3ccc4[nH]cnc4c3)n2)C(F)(F)F)c1,CHEMBL444874,IC50,7.82
7723380,Cn1cc(Nc2ncc3cnn(C4CCCCCC4)c3n2)cc1C(=O)N,CHEMBL2012399,IC50,7.82
9698435,FC(F)(F)c1ccc(Nc2ncc(c(Nc3ccc4[nH]cnc4c3)n2)C(F)(F)F)cc1,CHEMBL363138,IC50,7.82
4939859,NS(=O)(=O)c1ccc(N\C=C\2/C(=O)Nc3ccc4ncccc4c23)cc1,CHEMBL445945,IC50,7.82
4935964,Nc1nccc(n1)c2cc(ccc2O)N3C[C@H](O)[C@@H](O)C3,CHEMBL1800449,IC50,7.82
9698450,Brc1cnc(Nc2ccc3[nH]cnc3c2)nc1Nc4ccc5[nH]cnc5c4,CHEMBL372503,IC50,7.85
9698461,CN1CCN(CC1)c2ccc3[nH]c(nc3c2)c4n[nH]c5ncc(cc45)c6cncc7ccccc67,CHEMBL249304,IC50,7.85
4938556,CN=S(=O)(C)c1ccc(Nc2ncc(Br)c(N[C@H](C)[C@H](C)O)n2)cc1,CHEMBL3648083,IC50,7.85
4938720,COc1cc(F)c(F)cc1C(=O)c2cnc(NC3CCN(CC3)S(=O)(=O)C)nc2N,CHEMBL215086,Ki,7.85
4938566,COc1ccc(F)cc1C(=O)c2cnc(NC3CCN(CC3)S(=O)(=O)C)nc2N,CHEMBL268507,Ki,7.85
4938458,C[C@@H](Nc1nc(Nc2ccc(cc2)S(=N)(=O)C3CC3)ncc1Br)C(C)(C)O,CHEMBL3648074,IC50,7.85
9698478,CC(C)NCc1cccc2[nH]c(nc12)c3n[nH]c4ncc(cc34)c5cncc6ccccc56,CHEMBL401064,IC50,7.89
4937970,C[C@H](O)[C@@H](C)Oc1nc(Nc2ccc(cc2)S(=N)(=O)C)ncc1Br,CHEMBL3648073,IC50,7.89
5843469,Cn1cc(Nc2ncc3cnn([C@@H]4CC[C@H]5CCC[C@@H]45)c3n2)cc1C(=O)N,CHEMBL2012403,IC50,7.89
4939894,CC(C)n1c(C)ncc1c2nc(Nc3ccc(C(=O)NC4CCN(C)CC4)c(F)c3)ncc2F,CHEMBL509406,IC50,7.92
4939569,COC(=O)c1ccc2NC(=O)\C(=C/Nc3ccc(cc3)S(=O)(=O)N)\c2c1,CHEMBL409731,IC50,7.92
9698496,COc1ccc2sc3C(=O)N[C@H](C)CNc3c2c1,CHEMBL99780,IC50,7.92
4938757,C[C@@H](O)[C@@H](C)Oc1nc(Nc2ccc(cc2)S(=O)(=O)C(C)C)ncc1C(F)(F)F,CHEMBL3644024,IC50,7.92
4937991,Clc1ccc(CC(=O)Nc2n[nH]c3ccc(cc23)N4CCCS4(=O)=O)cc1,CHEMBL402157,IC50,7.92
4939834,NS(=O)(=O)c1ccc(N\N=C\2/C(=O)Nc3ccc4ncccc4c23)cc1,CHEMBL409892,IC50,7.92
487819,NS(=O)(=O)c1cccc(Nc2nccc(n2)c3ccnc(NCCCO)c3)c1,CHEMBL2158843,IC50,7.92
4939973,OCCOCCNS(=O)(=O)c1ccc(N\C=C\2/C(=O)Nc3ccc4ncsc4c23)cc1,CHEMBL1964259,IC50,7.92
9698516,CC(C)COc1ccc2sc3C(=O)N[C@H](C)CNc3c2c1,CHEMBL563308,IC50,7.96
4939637,CC(C)n1c(C)ncc1c2nc(Nc3ccc(cc3)C(=O)N4CC[C@@H](C4)N(C)C)ncc2F,CHEMBL460102,IC50,7.96
4938678,CC(C)n1c(C)ncc1c2nc(Nc3ccc(cc3)C(=O)N4CC[C@H](C4)N(C)C)ncc2F,CHEMBL460103,IC50,7.96
4939090,CCS(=N)(=O)c1ccc(Nc2ncc(Br)c(N[C@@H](C)[C@H](C)O)n2)cc1,CHEMBL3648122,IC50,7.96
4939154,COC[C@@H](Nc1nc(Nc2ccc(cc2)S(=N)(=O)C)ncc1Br)[C@@H](C)O,CHEMBL3648118,IC50,7.96
9698533,FC(F)(F)c1cnc(Nc2ccc(Br)cc2)nc1Nc3ccc4[nH]cnc4c3,CHEMBL364935,IC50,7.96
9698544,CC(C)C(CO)Nc1nc(NCc2ccccc2O)c3ncn(C(C)C)c3n1,CHEMBL83320,IC50,8.0
6385453,CN(C)CCCOc1cc2c(cc1O)c3c4C(=O)NC(=O)c4c(cc3n2C)c5ccccc5Cl,CHEMBL410261,IC50,8.0
4938748,C[C@@H](Nc1nc(Nc2ccc(cc2)S(=N)(=O)C)ncc1Br)C(C)(C)O,CHEMBL3648072,IC50,8.0
5845217,Cn1cc(Nc2ncc3cnn(C4C[C@@H]5C[C@@H]5C4)c3n2)cc1C(=O)N6CCC[C@H]6C(=O)N,CHEMBL2012408,IC50,8.0
5845956,Cn1cc(Nc2ncc3cnn(C4C[C@@H]5C[C@@H]5C4)c3n2)cc1C(=O)N6CCC[C@H]6CO,CHEMBL2012409,IC50,8.0
9699081,FC(F)(F)c1cnc(Nc2ccc(NC#N)c(NC#N)c2)nc1Nc3ccc4[nH]cnc4c3,CHEMBL195641,IC50,8.0
9699092,FC(F)(F)c1cnc(Nc2ccc3[nH]cnc3c2)nc1Nc4ccc5[nH]cnc5c4,CHEMBL193519,IC50,8.0
4939450,Fc1ccc(NC(=O)c2n[nH]cc2NC(=O)c3c(F)cccc3F)cc1,CHEMBL518383,IC50,8.0
4939545,NS(=O)(=O)c1ccc(N\N=C\2/C(=O)Nc3ccc(cc23)c4ocnc4)cc1,CHEMBL269827,IC50,8.0
4938285,NS(=O)(=O)c1ccc(Nc2nc(OCC3CCCCC3)c4nc[nH]c4n2)cc1,CHEMBL319467,IC50,8.02
4939822,COc1cccc(OC)c1CNC(=O)c2ccc3NC(=O)\C(=N/Nc4ccc(cc4)S(=O)(=O)N)\c3c2,CHEMBL271136,IC50,8.03
9699111,Brc1cnc(Nc2ccc3[nH]cnc3c2)nc1Nc4ccc5OCOc5c4,CHEMBL372465,IC50,8.05
9699122,CN1CCC(CC1)c2c(O)cc(O)c3C(=O)\C(=C\c4ccc(cc4)S(=O)(=O)N)\Oc23,CHEMBL48362,IC50,8.05
9699133,CNCc1cncc(c1)c2cnc3[nH]nc(c4nc5cc(OC(F)(F)F)ccc5[nH]4)c3c2,CHEMBL400906,IC50,8.05
4939694,CN[C@H]1CCN(C1)C(=O)c2ccc(Nc3nccc(n3)c4cnc(C)n4C(C)C)cc2,CHEMBL460087,IC50,8.05
4938467,C[C@@H](O)[C@@H](C)Oc1nc(Nc2ccc(cc2)S(=O)(=O)C)ncc1C(F)(F)F,CHEMBL3644033,IC50,8.05
4937685,C[C@@H](Oc1nc(Nc2ccc(cc2)S(=O)(=O)C)ncc1C(F)(F)F)C(C)(C)O,CHEMBL3644034,IC50,8.05
4938585,C[C@H](Nc1nc(Nc2ccc(c(C)c2)S(=N)(=O)C)ncc1Br)C(C)(C)O,CHEMBL3648125,IC50,8.05
9699149,Clc1cccc(Nc2ncc(Br)c(Nc3ccc4[nH]cnc4c3)n2)c1,CHEMBL370728,IC50,8.05
9699160,C1CN(CCO1)c2ccc3[nH]c(nc3c2)c4n[nH]c5ncc(cc45)c6cncc7ccccc67,CHEMBL249500,IC50,8.07
4935599,CCS(=N)(=O)c1ccc(Nc2ncc(Br)c(N[C@H](C)C(C)(C)O)n2)cc1,CHEMBL3648123,IC50,8.1
4938730,COc1cc(Nc2ncc(Br)c(N[C@H](C)C(C)(C)O)n2)ccc1S(=N)(=O)C,CHEMBL3648115,IC50,8.1
9699173,COc1ccc(Nc2nc(Nc3ccc4[nH]cnc4c3)ncc2C(F)(F)F)cc1,CHEMBL372464,IC50,8.1
4938576,C[C@@H](Nc1nc(Nc2ccc(c(C)c2)S(=N)(=O)C)ncc1Br)C(C)(C)O,CHEMBL3639469,IC50,8.1
9699185,CCCNCc1cncc(c1)c2cnc3[nH]nc(c4nc5c(COC)cccc5[nH]4)c3c2,CHEMBL400568,IC50,8.13
487852,CCN(CC)c1cc(ccn1)c2ccnc(Nc3cccc(c3)S(=O)(=O)N)n2,CHEMBL2158853,IC50,8.13
4939761,C\C(=C/1\C(=O)Nc2ccc(cc12)c3ocnc3)\Nc4ccc(cc4)S(=O)(=O)N,CHEMBL411887,IC50,8.15
4939172,COc1cc(Nc2ncc(Br)c(N[C@H](C)[C@@H](C)O)n2)ccc1S(=O)(=NC)C,CHEMBL3648113,IC50,8.16
4939201,C[C@@H](Nc1nc(Nc2ccc(cc2)S(=N)(=O)CCO)ncc1Br)C(C)(C)O,CHEMBL3648107,IC50,8.16
2513222,CC(C)[C@H](CO)Nc1nc(Nc2ccc(C(=O)O)c(Cl)c2)c3ncn(C(C)C)c3n1,CHEMBL23254,IC50,8.22
5844724,CN1CCN(CC1)C(=O)c2cc(Nc3ncc4cc(C#N)n(C5CCCC5)c4n3)cn2C,CHEMBL2029901,IC50,8.22
4939144,COCCCNS(=O)(=O)c1ccc(Nc2nccc(n2)c3cnc4ccccn34)cc1,CHEMBL73243,IC50,8.22
4938262,NC1=NC(=C(N=O)C(=O)N1)N,CHEMBL291324,IC50,8.22
2510480,Nc1nc(Nc2ccc(cc2)S(=O)(=O)N)nn1C(=O)c3c(F)cccc3F,CHEMBL191003,IC50,8.22
9699212,COCc1cccc2[nH]c(nc12)c3n[nH]c4ncc(cc34)c5cncc6ccccc56,CHEMBL248891,IC50,8.25
4939626,CC(C)n1c(C)ncc1c2nc(Nc3ccc(cc3)C(=O)N4CCCN(C)CC4)ncc2F,CHEMBL462192,IC50,8.3
4939099,CCS(=N)(=O)c1ccc(Nc2ncc(Br)c(N[C@H](C)[C@H](C)O)n2)cc1,CHEMBL3648095,IC50,8.3
4937903,CN(C)CC(O)COc1ccc(Nc2nccc(n2)c3c(C)nc4ccccn34)cc1,CHEMBL102926,IC50,8.3
4939705,COc1cc(F)c(F)c(F)c1C(=O)c2cnc(NC3CCN(CC3)S(=O)(=O)C)nc2N,CHEMBL213713,Ki,8.3
4938438,COc1cc(Nc2ncc(Br)c(O[C@H](C)[C@H](C)O)n2)ccc1S(=N)(=O)C,CHEMBL3648082,IC50,8.3
4939192,C[C@@H](Nc1nc(Nc2ccc(cc2)S(=N)(=O)CC3CC3)ncc1Br)C(C)(C)O,CHEMBL3648076,IC50,8.3
1829568,C[C@@H]1CNc2c(sc3ccc4OCCc4c23)C(=O)N1,CHEMBL562754,IC50,8.3
4939741,C[C@H](Nc1nc(Nc2ccc(cc2)S(=N)(=O)C)ncc1Br)C(C)(C)O,CHEMBL3648116,IC50,8.3
4939750,C[C@H](O)[C@@H](C)Nc1nc(Nc2ccc(cc2)S(=N)(=O)C)ncc1Br,CHEMBL3648117,IC50,8.3
4938594,C[C@H](O)[C@@H](C)Nc1nc(Nc2ccc(cc2)S(=N)(=O)CCO)ncc1Br,CHEMBL3648110,IC50,8.3
4939883,Nc1nc(Nc2ccc(cc2)S(=O)(=O)N)nc(OCC3CCCCC3)c1N=O,CHEMBL318999,IC50,8.3
5821605,O=C(Nc1n[nH]c2ccc(cc12)c3cn(Cc4ccccc4)nn3)c5ccccc5,CHEMBL1999931,Ki,8.3
5869936,O\N=C/1\C(=C/2\C(=O)Nc3ccc(cc23)S(=O)(=O)O)\Nc4ccccc14,CHEMBL440411,IC50,8.3
3930429,Oc1[nH]c2ccc(I)cc2c1c3[nH]c4ccccc4c3N=O,CHEMBL337300,IC50,8.3
4939060,CC(C)[C@H](CO)Nc1nc(Nc2cccc(Cl)c2)c3ncn(C(C)C)c3n1,CHEMBL23327,IC50,8.4
4939219,C[C@H](O)[C@@H](C)Nc1nc(Nc2ccc(c(C)c2)S(=N)(=O)C)ncc1Br,CHEMBL3648096,IC50,8.4
9699248,Cc1ccccc1Oc2nc(Nc3ccc4[nH]cnc4c3)ncc2C(F)(F)F,CHEMBL370522,IC50,8.4
9699259,FC(F)(F)c1cnc(Nc2ccc3[nH]cnc3c2)nc1Nc4ccc(Cl)cc4,CHEMBL193367,IC50,8.4
9699270,Fc1ccc(Nc2nc(Nc3ccc4[nH]cnc4c3)ncc2Br)cc1,CHEMBL195423,IC50,8.4
6977319,CCNCc1cncc(c1)c2cnc3[nH]nc(c4nc5cc(ccc5[nH]4)N6CCN(C)CC6)c3c2,CHEMBL400569,IC50,8.52
5843771,CN1CCN(CC1)C(=O)c2cc(Nc3ncc4cc(\C=N\O)n(C5CCCC5)c4n3)cn2C,CHEMBL2029900,IC50,8.52
4939181,COc1cc(Nc2ncc(Br)c(N[C@H](C)[C@H](C)O)n2)ccc1S(=N)(=O)C,CHEMBL3648112,IC50,8.52
4939411,C[C@@H](O)[C@@H](C)Nc1nc(Nc2ccc(cc2)S(=N)(=O)CCO)ncc1Br,CHEMBL3648109,IC50,8.52
4939420,C[C@@H](O)[C@@H](C)Oc1nc(Nc2ccc(cc2)S(=O)(=O)CCO)ncc1C(F)(F)F,CHEMBL3644026,IC50,8.52
9699288,FC(F)(F)c1cnc(Nc2ccc3[nH]cnc3c2)nc1Nc4cccc(Cl)c4,CHEMBL193922,IC50,8.52
4939025,NC(=O)c1ccc2NC(=O)\C(=N/Nc3ccc(cc3)S(=O)(=O)N)\c2c1,CHEMBL410883,IC50,8.55
9699301,CNCc1cncc(c1)c2cnc3[nH]nc(c4nc5c(COC)cccc5[nH]4)c3c2,CHEMBL400749,IC50,8.6
9699312,CC(C)COc1nc(Nc2ccc3[nH]cnc3c2)ncc1C(F)(F)F,CHEMBL192216,IC50,8.7
4939683,CN[C@H]1CCN(C1)C(=O)c2ccc(Nc3ncc(F)c(n3)c4cnc(C)n4C(C)C)cc2,CHEMBL455657,IC50,8.7
4939163,COc1cc(Nc2ncc(Br)c(N[C@H](C)[C@@H](C)O)n2)ccc1S(=N)(=O)C,CHEMBL3648111,IC50,8.7
418434,COc1ccc(F)c(F)c1C(=O)c2cnc(NC3CCN(CC3)S(=O)(=O)C)nc2N,CHEMBL384304,Ki,8.7
9699328,CCN(CC)Cc1cccc2[nH]c(nc12)c3n[nH]c4ncc(cc34)c5cncc6ccccc56,CHEMBL249303,IC50,8.75
9699339,CCNCc1cncc(c1)c2cnc3[nH]nc(c4nc5cc(F)c(F)cc5[nH]4)c3c2,CHEMBL248712,IC50,8.96
1830072,C[C@@H]1CNc2c(sc3ccc4occc4c23)C(=O)N1,CHEMBL557318,IC50,9.0
2515554,C[C@@H]1C[C@H]2CN1CCn3nc4c(cccc4c3O)c5nc6c(O2)cccc6nc5O,CHEMBL215803,IC50,9.0
4939777,FC(F)(F)c1cnc(Nc2ccc3[nH]cnc3c2)nc1Nc4ccccc4Cl,CHEMBL194721,IC50,9.0
9699356,CCNCc1cncc(c1)c2cnc3[nH]nc(c4nc5cc(OC)ccc5[nH]4)c3c2,CHEMBL429478,IC50,9.1
1831586,C[C@@H]1CNc2c(sc3ccc4ncccc4c23)C(=O)N1,CHEMBL561334,IC50,9.1
9699369,CCNCc1cncc(c1)c2cnc3N=NC(c3c2)c4nc5cc(F)ccc5[nH]4,CHEMBL511394,IC50,9.16
9699380,CCNCc1cncc(c1)c2cnc3[nH]nc(c4nc5cc(F)ccc5[nH]4)c3c2,CHEMBL248713,IC50,9.16
9699391,NS(=O)(=O)c1ccc(Nc2ncc(c(Nc3ccc4[nH]cnc4c3)n2)C(F)(F)F)cc1,CHEMBL194540,IC50,10.0
