id,smiles,name,assay_type,activity_value
4935484,Brc1cnn2c(NCc3ccncc3)cc(nc12)c4ccccc4,CHEMBL401377,IC50,7.54
4935495,CNC(=O)c1nn(C)c2c3nc(Nc4ccc(OC5CCN(C)CC5)cc4)ncc3CC(C)(C)c12,CHEMBL565137,IC50,7.54
4935506,COc1cc(F)c(C(=S)c2c(N)nc3ccc(cn23)C(=O)c4c(F)cccc4F)c(F)c1,CHEMBL185971,IC50,7.54
4935517,COc1ccc(cc1)c2nn(cc2C(=O)NC(=S)Nc3ccc(C)cc3)c4ccccc4,CHEMBL2426394,IC50,7.54
4935528,COc1cccc(CC(=O)Nc2cc([nH]n2)C3CC3)c1,CHEMBL114917,IC50,7.54
4935538,Fc1ccccc1c2cc(NCc3ccncc3)n4ncc(Cl)c4n2,CHEMBL3642649,IC50,7.54
4935548,CC(C)(C)c1oc(CSc2cnc(NC3CCCC(O)C3)s2)nc1,CHEMBL495558,IC50,7.55
4935558,CCOC(=O)N=S(=O)(C)c1ccc(Nc2ncc(Br)c(N[C@@H](COC)[C@H](C)O)n2)cc1,CHEMBL3648087,IC50,7.55
4935568,NCC[S+]([O-])c1cc(c2ccc[nH]2)c3C(=O)Nc4ccc(F)c1c34,CHEMBL79356,IC50,7.55
4935580,NS(=O)(=O)c1ccc(N\C=C\2/C(=O)Nc3ccc(cc23)C(=O)O)cc1,CHEMBL272668,IC50,7.55
4935590,CCC(Sc1nc(Nc2ccc(cc2)S(=N)(=O)C)ncc1Br)C(C)(C)O,CHEMBL3648105,IC50,7.57
4935599,CCS(=N)(=O)c1ccc(Nc2ncc(Br)c(N[C@H](C)C(C)(C)O)n2)cc1,CHEMBL3648123,IC50,7.57
3931159,Cn1cc(C2=C(C(=O)NC2=O)c3coc4cc(CO)ccc34)c5cccc(CO)c15,CHEMBL491447,IC50,7.57
4935611,CNS(=O)(=O)Cc1ccc(N\C=C\2/C(=O)Nc3ccc4ncsc4c23)cc1,CHEMBL1964256,IC50,7.59
4935622,Nc1nc2ccc(cn2c1C(=S)c3c(F)cccc3F)C(=O)c4c(F)cccc4F,CHEMBL186163,IC50,7.59
1724955,CC(=O)N1CCC(CC1)n2cc(Nc3ncc(Cl)c(n3)c4cnc5ccccn45)cn2,CHEMBL3823659,IC50,7.6
4935635,CN(C)CCNS(=O)(=O)c1ccc(Nc2nccc(n2)c3cnc(C)n3C)cc1,CHEMBL485431,IC50,7.6
4935646,COC[C@H](Cc1ccc(O)cc1)NC(=O)c2cc(C(=O)O)c3cc(\C=C\c4ccc(Cl)cc4)ccc3n2,CHEMBL3099753,Kd,7.6
2514746,COc1ccc(NC(=S)NC(=O)c2cn(nc2c3ccc(OC)cc3)c4ccccc4)cc1,CHEMBL2426395,IC50,7.6
4935658,CS(=O)(=O)c1ccc(Nc2ncc(c(OCC#C)n2)C(F)(F)F)cc1,CHEMBL3644028,IC50,7.6
4935667,C[C@@H](Nc1nc(Nc2ccc(cc2)S(=N)(=O)C3CCCC3)ncc1Br)C(C)(C)O,CHEMBL3648078,IC50,7.6
4935677,Fc1cccc(F)c1C(=O)Nc2c[nH]nc2C(=O)NCC3CC3,CHEMBL510578,IC50,7.6
4935688,NS(=O)(=O)c1ccc(N\N=C\2/C(=O)Nc3ccc(cc23)C(=O)NCCCn4ccnc4)cc1,CHEMBL272026,IC50,7.6
4935699,Nc1nc(Nc2cccnc2)sc1C(=O)c3ccccc3F,CHEMBL1761791,IC50,7.6
4935710,COc1cccc(c1)c2cc(Nc3ccc(cc3)S(=O)(=O)N)[nH]n2,CHEMBL319685,IC50,7.61
4935721,CC(C)n1c(C)ncc1c2ccnc(Nc3ccc(cc3)N(C)C)n2,CHEMBL476518,IC50,7.62
4935731,CCS(=N)(=O)c1ccc(Nc2ncc(Br)c(N[C@@H](C)C(C)(C)O)n2)cc1,CHEMBL3648124,IC50,7.62
4935741,COc1ccccc1C(=O)c2cnc(NC3CCN(CC3)S(=O)(=O)C)nc2N,CHEMBL216126,Ki,7.62
4935752,Clc1ccccc1CC(=O)Nc2n[nH]c3ccc(cc23)N4CCCS4(=O)=O,CHEMBL255463,IC50,7.62
4935763,Cn1nc(C(=O)N)c2c1c3nc(Nc4ccccc4)ncc3CC2(C)C,CHEMBL560818,IC50,7.62
4935773,Fc1ccccc1c2cc(NCc3ccncc3)n4ncc(Br)c4n2,CHEMBL3642646,IC50,7.62
4935783,N[C@H](CNc1nnc(s1)c2ccc3[nH]ncc3c2)Cc4ccc(cc4)C(F)(F)F,CHEMBL1081628,IC50,7.62
4935794,NS(=O)(=O)c1ccc(Nc2cc([nH]n2)c3cccc(Br)c3)cc1,CHEMBL103285,IC50,7.63
4935805,CCn1c(C)ncc1c2ccnc(Nc3ccc(cc3)S(=O)(=O)C)n2,CHEMBL514913,IC50,7.64
4935816,CNC(=O)Nc1ccc(cc1)c2cc(ccn2)c3ccnc(Nc4cccc(c4)S(=O)(=O)N)n3,CHEMBL2158858,IC50,7.64
1205753,C[C@@H](NC(=O)N1CCc2cnc(Nc3ccnn3C)nc2C1)c4ccc(Cl)c(Cl)c4,CHEMBL3357951,IC50,7.64
4935829,NCCS(=O)(=O)c1cc(c2ccc[nH]2)c3C(=O)Nc4ccc(F)c1c34,CHEMBL309767,IC50,7.64
2510480,Nc1nc(Nc2ccc(cc2)S(=O)(=O)N)nn1C(=O)c3c(F)cccc3F,CHEMBL191003,Kd,7.64
4935842,CN1C\C=C\CCOc2cc(ccn2)c3ccnc(Nc4cccc(C1)c4)n3,CHEMBL2035044,IC50,7.66
4935853,COc1ccc2NC(=O)\C(=C/c3cnc[nH]3)\c2c1,CHEMBL258805,IC50,7.66
4935864,CS(=O)(=O)c1ccc(CC(=O)Nc2n[nH]c3ccc(cc23)N4CCCS4(=O)=O)cc1,CHEMBL254170,IC50,7.66
4935877,C\C(=C/1\C(=O)Nc2ccc(Cl)cc12)\Nc3ccc(cc3)S(=O)(=O)N,CHEMBL412097,IC50,7.66
4935888,Oc1[nH]c2ccc(cc2c1C3=Nc4ccccc4C3=O)S(=O)(=O)O,CHEMBL1207227,IC50,7.66
4935901,CCc1ccc2\C(=N\Nc3ccc(cc3)S(=O)(=O)N)\C(=O)Nc2c1,CHEMBL271182,IC50,7.68
4935911,C[C@@H](O)[C@@H](C)Oc1nc(Nc2ccc(cc2)S(=O)(=O)C3CCCC3)ncc1C(F)(F)F,CHEMBL3644022,IC50,7.68
4935920,C[C@@H](Oc1nc(Nc2ccc(cc2)S(=O)(=O)C3CC3)ncc1C(F)(F)F)C(C)(C)O,CHEMBL3644019,IC50,7.68
4935929,Fc1ccccc1c2cc(NCc3cccnc3)n4ncc(Cl)c4n2,CHEMBL3642648,IC50,7.68
4935940,NS(=O)(=O)c1ccc(N\N=C\2/C(=O)Nc3cccc(CCc4ccncc4)c23)cc1,CHEMBL1794054,IC50,7.68
4935951,NS(=O)(=O)c1ccc(N\N=C\2/C(=O)Nc3cccc(OCCc4ccncc4)c23)cc1,CHEMBL272217,IC50,7.68
487841,NS(=O)(=O)c1cccc(Nc2nccc(n2)c3ccnc(c3)N4CC5CCC(C4)O5)c1,CHEMBL2158855,IC50,7.68
4935964,Nc1nccc(n1)c2cc(ccc2O)N3C[C@H](O)[C@@H](O)C3,CHEMBL1800449,IC50,7.68
4935975,CC(C)(C)c1oc(CSc2cnc(NC(=O)C3CCCNC3)s2)nc1,CHEMBL297570,IC50,7.7
4935986,CC(C)(C)c1oc(CSc2cnc(N[C@@H]3CC[C@@H](N)CC3)s2)nc1,CHEMBL496567,IC50,7.7
4935996,CC[C@H](Nc1nc(NCc2cccc(F)c2)c3ncn(C(C)C)c3n1)[C@@H](C)O,CHEMBL3655765,IC50,7.7
4936005,CC[C@H](Nc1nc(NCc2cnc(C)cc2C)c3ncn(C(C)C)c3n1)[C@@H](C)O,CHEMBL3655762,IC50,7.7
4936015,CN(C)c1ccc(Nc2nccc(n2)c3sc(C)nc3C)cc1[N+](=O)[O-],CHEMBL295484,Ki,7.7
796240,CN1CCN(CC1)c2ccc(Nc3ncc(Cl)c(n3)c4c[nH]c5cnccc45)cc2,CHEMBL3421973,IC50,7.7
3929925,COc1cc(Nc2nccc(n2)c3cnn4nc(C)ccc34)cc(c1)C(F)(F)F,CHEMBL186680,Ki,7.7
4936030,COc1ccc2c(cnn2n1)c3ccnc(Nc4ccc(cc4)[N+](=O)[O-])n3,CHEMBL186288,Ki,7.7
4936041,COc1ccc2nc3[nH]nc(C)c3c(OC)c2c1,CHEMBL603097,IC50,7.7
4936051,C[C@@H](O)[C@@H](C)Nc1nc(Nc2ccc(cc2)S(=N)(=O)C)ncc1Br,CHEMBL3648071,IC50,7.7
4532078,C[C@@H]1CNC[C@@H](C1)C(=O)Nc2ncc(SCc3oc(cn3)C(C)(C)C)s2,CHEMBL452602,IC50,7.7
4936063,C[C@H](C(=O)Nc1cc([nH]n1)C2CC2)c3ccc(cc3)N4CCOC4=O,CHEMBL191834,IC50,7.7
26212,C[C@]12O[C@H](C[C@]1(O)CO)n3c4ccccc4c5c6C(=O)NCc6c7c8ccccc8n2c7c35,CHEMBL603469,Kd,7.7
4936076,Fc1ccc(CC(=O)Nc2n[nH]c3ccc(cc23)N4CCCS4(=O)=O)cc1,CHEMBL255263,IC50,7.7
4936087,O=C(Cc1cccc2ccccc12)Nc3n[nH]c4ccc(cc34)N5CCCS5(=O)=O,CHEMBL254367,IC50,7.7
3931350,[O-][N+](=O)c1ccc(Nc2nccc(n2)c3cnn4ncccc34)cc1,CHEMBL188938,Ki,7.7
4936100,CC(C)n1c(C)ncc1c2ccnc(Nc3ccc(cc3)S(=O)(=O)Cc4ccccc4)n2,CHEMBL457979,IC50,7.72
4936110,CCOC(=O)N=S(=O)(CC)c1ccc(Nc2ncc(Br)c(O[C@H](C)[C@H](C)O)n2)cc1,CHEMBL3648092,IC50,7.72
4936120,CNC(=O)c1nn(C)c2c1CCc3cnc(Nc4ccccc4)nc23,CHEMBL562104,IC50,7.72
4936131,Cc1n[nH]c2ccc(cc12)c3nnc(NC[C@@H](N)Cc4ccc(F)c(F)c4)s3,CHEMBL1080913,IC50,7.72
4936144,NS(=O)(=O)c1ccc(N\N=C\2/C(=O)Nc3cccc(c4cc[nH]n4)c23)cc1,CHEMBL272684,IC50,7.72
487830,NS(=O)(=O)c1cccc(Nc2nccc(n2)c3ccnc(c3)N4CCOCC4)c1,CHEMBL2158845,IC50,7.72
4936157,O[C@@H]1CC[C@H](CC1)NC(=O)c2n[nH]cc2NC(=O)c3c(F)cccc3F,CHEMBL457177,IC50,7.72
4936168,CC(C)n1c(C)ncc1c2nc(Nc3ccc(cc3)C(=O)N4CCN(C)CC4)ncc2F,CHEMBL451462,IC50,7.75
4936178,CCC(Sc1nc(Nc2ccc(cc2)S(=N)(=O)C)ncc1Br)C(C)O,CHEMBL3648103,IC50,7.75
4936188,COc1cc(c2ccc[nH]2)c3C(=O)Nc4ccc(F)c1c34,CHEMBL83775,IC50,7.75
4936199,Fc1ccc2NC(=O)c3c(cc(SC[C@@H]4CCCN4)c1c23)c5ccc[nH]5,CHEMBL442186,IC50,7.75
4936210,OCCCOc1cc(c2ccc[nH]2)c3C(=O)Nc4ccc(F)c1c34,CHEMBL79364,IC50,7.75
4936221,NS(=O)(=O)c1ccc(Nc2cc([nH]n2)c3ccc(F)cc3)cc1,CHEMBL103382,IC50,7.76
4936232,CC(C)C1CC(CCN1)C(=O)Nc2ncc(SCc3oc(cn3)C(C)(C)C)s2,CHEMBL509012,IC50,7.77
4936243,CC(C)c1cnn2c(Nc3ccc(cc3)S(=O)(=O)N(C)C)cc(O[C@@H]4CC[C@@H](N)CC4)nc12,CHEMBL180814,IC50,7.77
1721433,CC(C)n1c(C)ncc1c2ccnc(Nc3ccc(cc3)C(=O)NC4CC4)n2,CHEMBL487066,IC50,7.77
4936256,CC(C)n1c(C)ncc1c2ccnc(Nc3ccc(cc3)N4CCN(CC4)C(=O)CO)n2,CHEMBL477786,IC50,7.77
4936267,CN(C)C(=O)c1ccc2NC(=O)\C(=N/Nc3ccc(cc3)S(=O)(=O)N)\c2c1,CHEMBL409868,IC50,7.77
4936278,CN1CCN(CC1)c2ccc(Nc3ncc4CC(C)(C)c5c(nn(C)c5c4n3)C(=O)N)cc2,CHEMBL563641,IC50,7.77
4936289,C[C@H](C(=O)Nc1cc([nH]n1)C2CC2)c3ccc(cc3)N4CCN(C)C4=O,CHEMBL192042,IC50,7.77
4936300,C[C@H](O)C(=O)N1CCN(CC1)c2ccc(Nc3nccc(n3)c4cnc(C)n4C(C)C)cc2,CHEMBL515311,IC50,7.77
4936311,Cc1n[nH]c2ccc(cc12)c3nnc(NC[C@@H](N)Cc4ccc(cc4)C(F)(F)F)s3,CHEMBL1080911,IC50,7.77
4936322,Cc1n[nH]c2ccc(cc12)c3nnc(NC[C@@H](N)Cc4cccc(Cl)c4)s3,CHEMBL1080893,IC50,7.77
4936332,CC(C)Nc1nc(Nc2ccc(cc2)S(=N)(=O)C)ncc1Br,CHEMBL3648126,IC50,7.8
4936342,CC(C)n1c(C)ncc1c2ccnc(Nc3ccc(cc3)N4CCN(CC4)C(=O)CN(C)C)n2,CHEMBL478241,IC50,7.8
4936352,CCC(CO)Sc1nc(Nc2ccc(cc2)S(=N)(=O)C)ncc1Br,CHEMBL3648127,IC50,7.8
4936362,COCCNS(=O)(=O)c1ccc(Nc2nccc(n2)c3cnc4ccc(Sc5ccccc5)cn34)cc1,CHEMBL307808,IC50,7.8
4936375,CS(=O)(=O)c1ccc2NC(=O)\C(=N/Nc3ccc(cc3)S(=O)(=O)N)\c2c1,CHEMBL272389,IC50,7.8
4936385,C[C@@H](O)[C@@H](C)Oc1nc(Nc2ccc(cc2)S(=O)(=O)C3CC3)ncc1C(F)(F)F,CHEMBL3644032,IC50,7.8
4936395,Cc1cnc(Nc2ccccc2)nc1c3c[nH]c(c3)C(=O)N[C@H](CO)c4ccccc4,CHEMBL565459,Ki,7.8
3928263,NC(=O)c1ccc(Nc2nccc(n2)c3cnn4ncccc34)cc1,CHEMBL523735,IC50,7.8
487863,NS(=O)(=O)c1cccc(Nc2nccc(n2)c3ccnc(c3)N4CCCCC4)c1,CHEMBL2158857,IC50,7.8
4936410,N[C@@H]1CC[C@H](CC1)Nc2cc(Nc3ccc(cc3)S(=O)(=O)c4ccccc4)n5ncc(Br)c5n2,CHEMBL361833,IC50,7.8
4937341,Nc1ccc(CC(=O)Nc2n[nH]c3ccc(cc23)N4CCCS4(=O)=O)cc1,CHEMBL255932,IC50,7.8
1205820,OC[C@@H](NC(=O)N1CCc2cnc(NC3CCOCC3)nc2C1)c4ccc(F)c(Cl)c4,CHEMBL3298414,IC50,7.8
4937354,N[C@H](CNc1ncc(s1)c2ccc3cnc(N)cc3c2)Cc4ccc(cc4)C(F)(F)F,CHEMBL1081295,IC50,7.81
4937365,CC1CC(CCN1)C(=O)Nc2ncc(SCc3oc(cn3)C(C)(C)C)s2,CHEMBL455194,IC50,7.82
4937376,COCCNS(=O)(=O)c1ccc(Nc2nccc(n2)c3cnc(C)n3CC(C)C)cc1,CHEMBL485619,IC50,7.82
4937387,CS(=O)(=O)N1CCC(CC1)Nc2ncc(C(=O)c3c(F)cccc3F)c(N)n2,CHEMBL265903,Ki,7.82
4937398,NS(=O)(=O)c1ccc(N\N=C\2/C(=O)Nc3ccc(cc23)S(=O)(=O)O)cc1,CHEMBL412091,IC50,7.82
4937411,NS(=O)(=O)c1ccc(N\N=C\2/C(=O)Nc3ccc(cc23)[N+](=O)[O-])cc1,CHEMBL411886,IC50,7.82
4937422,Nc1nc(NC2CCCC2)cc(n1)c3cc(ccc3O)N4C[C@H](O)[C@@H](O)C4,CHEMBL1800464,IC50,7.82
4937433,OCCS(=O)(=O)c1cc(c2ccc[nH]2)c3C(=O)Nc4ccc(F)c1c34,CHEMBL310529,IC50,7.82
3928311,[O-][N+](=O)c1ccc2[nH]c3c(CC(=O)Nc4ccccc34)c2c1,CHEMBL50894,IC50,7.82
4332676,C1CCC(CC1)Oc2nccc(n2)c3cnc(Nc4ccccn4)s3,CHEMBL424696,IC50,7.85
4937448,CC1CCC(CN1)C(=O)Nc2ncc(SCc3oc(cn3)C(C)(C)C)s2,CHEMBL454645,IC50,7.85
4937458,CCOC(=O)N=S(=O)(C)c1ccc(Nc2ncc(Br)c(O[C@H](C)[C@H](C)O)n2)cc1,CHEMBL3648093,IC50,7.85
4937468,COCCS(=O)(=O)c1ccc(Nc2nccc(n2)c3cnc(C)n3C(C)C)cc1,CHEMBL515854,IC50,7.85
4937479,Cn1nc(C(=O)N)c2CCc3cnc(Nc4ccc(cc4)N5CCOCC5)nc3c12,CHEMBL556881,IC50,7.85
4937490,O=C(Cc1ccc(cc1)c2ccccc2)Nc3n[nH]c4ccc(cc34)N5CCCS5(=O)=O,CHEMBL402759,IC50,7.85
4937501,O=C1Nc2ccc3ncsc3c2/C/1=C/Nc4ccc5CS(=O)(=O)Cc5c4,CHEMBL391229,IC50,7.85
4937512,OCCSc1cc(c2ccc[nH]2)c3C(=O)Nc4ccc(F)c1c34,CHEMBL83369,IC50,7.85
4937523,CN1CCN(CC1)c2cccc3[nH]c(nc23)c4n[nH]c5cc(ccc45)c6ccc(O)cc6,CHEMBL473631,IC50,7.88
4937534,CC(C)n1c(C)ncc1c2ccnc(Nc3ccc(cc3)S(=O)(=O)CC4CCCO4)n2,CHEMBL515839,IC50,7.89
1203847,CC[C@@H](NC(=O)N1CCc2cnc(N[C@@H](C)CO)nc2C1)c3ccc(F)c(F)c3,CHEMBL3298309,IC50,7.89
4937547,COc1cccc(F)c1C(=O)c2cnc(NC3CCN(CC3)S(=O)(=O)C)nc2N,CHEMBL385733,Ki,7.89
1201661,C[C@@H](NC(=O)N1CCc2cnc(NC3CCOCC3)nc2C1)c4ccc(Cl)c(F)c4,CHEMBL3298984,IC50,7.89
4937562,Cc1ccc2NC(=O)\C(=N/Nc3ccc(cc3)S(=O)(=O)N)\c2c1Cl,CHEMBL411490,IC50,7.89
4937574,NS(=O)(=O)c1ccc(N\N=C\2/C(=O)Nc3ccc4[nH]ncc4c23)cc1,CHEMBL272833,IC50,7.89
4937587,NS(=O)(=O)c1ccc(N\N=C\2/C(=O)Nc3cccc(Oc4ccccc4)c23)cc1,CHEMBL409104,IC50,7.89
4937598,OCCNS(=O)(=O)Cc1ccc(N\C=C\2/C(=O)Nc3ccc4ncsc4c23)cc1,CHEMBL1964258,IC50,7.89
3930661,Oc1ccc(cc1)c2ccc3c(NC(=O)C4CC4)n[nH]c3n2,CHEMBL405145,IC50,7.89
4937611,NS(=O)(=O)c1ccc(Nc2cc(n[nH]2)c3ccc(O)c(F)c3)cc1,CHEMBL103115,IC50,7.9
4937622,N[C@H](CNc1ncc(s1)c2ccc3cnccc3c2)Cc4ccc(cc4)C(F)(F)F,CHEMBL1081263,IC50,7.91
4937632,CCOC(=O)N=S(=O)(C)c1ccc(Nc2ncc(Br)c(N[C@H](C)[C@H](C)O)n2)cc1,CHEMBL3648085,IC50,7.92
1200276,CC[C@@H](NC(=O)N1CCc2cnc(N[C@@H](C)CO)nc2C1)c3ccc(Cl)c(Cl)c3,CHEMBL3298310,IC50,7.92
4937644,COCCNS(=O)(=O)c1ccc(Nc2nccc(n2)c3cnc4ccccn34)cc1,CHEMBL309573,IC50,7.92
4937654,COC[C@@H](C)Oc1nc(Nc2ccc(cc2)S(=O)(=O)C)ncc1C(F)(F)F,CHEMBL3644027,IC50,7.92
4937666,COc1ccc2NC(=O)\C(=N/Nc3ccc(cc3)S(=O)(=O)N)\c2c1,CHEMBL260103,IC50,7.92
4937676,C[C@@H](O)[C@@H](C)Oc1nc(Nc2ccc(cc2)S(=O)(=O)C(F)F)ncc1C(F)(F)F,CHEMBL3644021,IC50,7.92
4937685,C[C@@H](Oc1nc(Nc2ccc(cc2)S(=O)(=O)C)ncc1C(F)(F)F)C(C)(C)O,CHEMBL3644034,IC50,7.92
4937695,Fc1cccc(F)c1C(=O)Nc2c[nH]nc2C(=O)NC3CCCCC3,CHEMBL456963,IC50,7.92
4937706,NC(=O)c1nn(CC2CCNCC2)c3c1CCc4cnc(Nc5ccccc5)nc34,CHEMBL1171949,IC50,7.92
4937717,NCCNc1cc(c2ccc[nH]2)c3C(=O)Nc4ccc(F)c1c34,CHEMBL82767,IC50,7.92
4937728,NCCOc1cc(c2ccc[nH]2)c3C(=O)Nc4ccc(F)c1c34,CHEMBL311992,IC50,7.92
4937739,NS(=O)(=O)c1ccc(N\N=C\2/C(=O)Nc3ccc(cc23)C(=O)NCCc4c[nH]cn4)cc1,CHEMBL272028,IC50,7.92
4937752,NS(=O)(=O)c1ccc(N\N=C\2/C(=O)Nc3cccc(CCc4ccc(O)cc4)c23)cc1,CHEMBL411865,IC50,7.92
4937763,NS(=O)(=O)c1ccc2NC(=O)\C(=C/c3[nH]cc4C(=O)OCCc34)\c2c1,CHEMBL432491,IC50,7.92
4937774,CC(C)n1c(C)ncc1c2ccnc(Nc3ccc(C(=O)NC4CCN(C)CC4)c(F)c3)n2,CHEMBL453895,IC50,7.96
4937784,CC(Sc1nc(Nc2ccc(cc2)S(=N)(=O)C)ncc1Br)C(C)(C)O,CHEMBL3648104,IC50,7.96
4937793,CCOC(=O)N=S(=O)(CC)c1ccc(Nc2ncc(Br)c(N[C@H](C)[C@H](C)O)n2)cc1,CHEMBL3648089,IC50,7.96
4937802,C[C@@H](Oc1nc(Nc2ccc(cc2)S(=O)(=O)CC=C)ncc1C(F)(F)F)C(C)(C)O,CHEMBL3644023,IC50,7.96
4937812,Cc1ncc(c2ccnc(Nc3ccc(cc3)S(=O)(=O)N)n2)n1C,CHEMBL484738,IC50,7.96
4937822,Fc1ccccc1c2cc(NCc3cccnc3)n4ncc(Br)c4n2,CHEMBL3642647,IC50,7.96
4937834,NS(=O)(=O)c1ccc(N\N=C\2/C(=O)Nc3ccc(I)cc23)cc1,CHEMBL273060,IC50,7.96
4937845,N[C@@H]1CC[C@H](CC1)Nc2cc(Nc3ccc(cc3)S(=O)(=O)c4cccs4)n5ncc(Cl)c5n2,CHEMBL181114,IC50,7.96
1200580,OC[C@@H](NC(=O)N1CCc2cnc(NC3CCOCC3)nc2C1)c4ccc(Cl)c(Cl)c4,CHEMBL3298982,IC50,7.96
4937858,CS(=O)(=O)Nc1cccc(c1)c2cc(Nc3ccc(cc3)S(=O)(=O)N)[nH]n2,CHEMBL421578,IC50,7.97
4937869,NS(=O)(=O)c1ccc(Nc2cc([nH]n2)c3cccc(NS(=O)(=O)c4ccccc4)c3)cc1,CHEMBL319103,IC50,7.97
4937880,C1Oc2ccc(Nc3nccc(n3)c4cnn5ncccc45)cc2O1,CHEMBL189455,Ki,8.0
3929026,CC(C)c1ccc(Nc2nccc(n2)c3cnn4ncccc34)cc1,CHEMBL359963,Ki,8.0
4937892,CC[C@H](Nc1nc(NCc2cccc(Cl)c2)c3ncn(C(C)C)c3n1)[C@@H](C)O,CHEMBL3655764,IC50,8.0
4937903,CN(C)CC(O)COc1ccc(Nc2nccc(n2)c3c(C)nc4ccccn34)cc1,CHEMBL102926,IC50,8.0
4937914,CN(C)S(=O)(=O)c1ccc(Nc2cc(N[C@@H]3CC[C@@H](N)CC3)nc4c(Br)cnn24)cc1,CHEMBL178785,IC50,8.0
4937925,CN(C)c1ccc(CC(=O)Nc2n[nH]c3ccc(cc23)N4CCCS4(=O)=O)cc1,CHEMBL257831,IC50,8.0
4937936,COC1CCN(CC1)c2nccc(Nc3cc4c(cn3)cc(c5cn[nH]c5)n4C(C)C)n2,CHEMBL3354187,IC50,8.0
3929936,COc1cc(Nc2nccc(n2)c3cnn4ncccc34)cc(OC)c1,CHEMBL359999,Ki,8.0
4937949,COc1cc(Nc2nccc(n2)c3cnn4ncccc34)cc(c1)C(F)(F)F,CHEMBL360206,Ki,8.0
4937960,CSc1ccc(CC(=O)Nc2n[nH]c3ccc(cc23)N4CCCS4(=O)=O)cc1,CHEMBL415789,IC50,8.0
4937970,C[C@H](O)[C@@H](C)Oc1nc(Nc2ccc(cc2)S(=N)(=O)C)ncc1Br,CHEMBL3648073,IC50,8.0
4937980,Cc1cccc(CC(=O)Nc2n[nH]c3ccc(cc23)N4CCCS4(=O)=O)c1,CHEMBL403605,IC50,8.0
4937991,Clc1ccc(CC(=O)Nc2n[nH]c3ccc(cc23)N4CCCS4(=O)=O)cc1,CHEMBL402157,IC50,8.0
4938002,Clc1cccc(CC(=O)Nc2n[nH]c3ccc(cc23)N4CCCS4(=O)=O)c1,CHEMBL404504,IC50,8.0
4938012,Clc1ccccc1c2cc(NCc3ccncc3)n4ncc(Br)c4n2,CHEMBL3642650,IC50,8.0
4938022,FC(F)(F)c1cc(Br)cc(Nc2nccc(n2)c3cnn4ncccc34)c1,CHEMBL365229,Ki,8.0
4938033,FC(F)(F)c1cc(Nc2nccc(n2)c3cnn4ncccc34)ccc1Cl,CHEMBL188665,Ki,8.0
4938044,Fc1cccc(CC(=O)Nc2n[nH]c3ccc(cc23)N4CCCS4(=O)=O)c1,CHEMBL255262,IC50,8.0
4938055,NC(=O)Cn1nc(C(=O)N)c2CCc3cnc(Nc4ccccc4)nc3c12,CHEMBL1171948,IC50,8.0
4938068,NS(=O)(=O)c1ccc(N\N=C\2/C(=O)Nc3ccc(O)cc23)cc1,CHEMBL409690,IC50,8.0
4938079,NS(=O)(=O)c1ccc(Nc2cc([nH]n2)c3ccc(Br)cc3)cc1,CHEMBL319903,IC50,8.0
527323,O=C1Nc2ccc3ncsc3c2/C/1=C/Nc4ccc(cc4)S(=O)(=O)Nc5ccccn5,CHEMBL1276446,IC50,8.0
1200115,OC[C@@H](NC(=O)N1CCc2cnc(NC3CCOCC3)nc2C1)c4ccc(Cl)c(F)c4,CHEMBL3298678,IC50,8.0
4938095,NS(=O)(=O)c1ccc(N\N=C\2/C(=O)Nc3ccc4[nH]nnc4c23)cc1,CHEMBL271952,IC50,8.02
4938106,O=C1Nc2ccc3ncsc3c2/C/1=C/Nc4ccc(cc4)S(=O)(=O)N[n+]5ccc6ccccc6c5,CHEMBL2112297,IC50,8.02
4938118,NS(=O)(=O)c1ccc(N\N=C\2/C(=O)Nc3cccc(\C=C\c4ccc(O)cc4)c23)cc1,CHEMBL272380,IC50,8.03
4938129,NS(=O)(=O)c1ccc(Nc2cc(n[nH]2)c3cccc(O)c3)cc1,CHEMBL103104,IC50,8.04
4938140,CC(C)(C)c1oc(CSc2cnc(NC3CCCCC3)s2)nc1,CHEMBL496785,IC50,8.05
2513222,CC(C)[C@H](CO)Nc1nc(Nc2ccc(C(=O)O)c(Cl)c2)c3ncn(C(C)C)c3n1,CHEMBL23254,IC50,8.05
4938153,CC(C)n1c(C)ncc1c2ccnc(Nc3ccc(cc3)C(=O)N4CCN(C)CC4)n2,CHEMBL455467,IC50,8.05
4938164,CC(C)n1c(C)ncc1c2ccnc(Nc3ccc(cc3)N4CCOCC4)n2,CHEMBL514690,IC50,8.05
4938175,CC(C)n1c(C)ncc1c2nc(Nc3ccc(C(=O)N(C)C)c(C)c3)ncc2F,CHEMBL508739,IC50,8.05
4938185,CCOC(=O)N=S(=O)(C)c1ccc(Nc2ncc(Br)c(N[C@H](C)C(C)(C)O)n2)cc1,CHEMBL3648084,IC50,8.05
4938196,CCOC(=O)c1cccc2NC(=O)\C(=C/Nc3ccc(cc3)S(=O)(=O)N)\c12,CHEMBL408210,IC50,8.05
4938206,CCS(=N)(=O)c1ccc(Nc2ncc(Br)c(N[C@@H](COC)[C@H](C)O)n2)cc1,CHEMBL3648121,IC50,8.05
4938215,CCS(=N)(=O)c1ccc(Nc2ncc(Br)c(N[C@H](COC)[C@@H](C)O)n2)cc1,CHEMBL3648120,IC50,8.05
4938225,CNS(=O)(=O)c1ccc2NC(=O)\C(=C/c3[nH]cc4C(=O)NCCc34)\c2c1,CHEMBL294884,IC50,8.05
2513255,COc1ccc(cc1)c2[nH]nc3c4cccc(NC(=O)NNC(=O)c5ccc(O)cc5)c4C(=O)c23,CHEMBL362560,IC50,8.05
1200300,C[C@@H](NC(=O)N1CCc2cnc(Nc3ccnc(C)c3)nc2C1)c4ccc(Cl)c(Cl)c4,CHEMBL3298418,IC50,8.05
4938240,Cc1cc(CC(=O)Nc2cc([nH]n2)C3CC3)ccc1c4ccccc4,CHEMBL490480,IC50,8.05
4938251,Clc1cccc(Nc2nccc(n2)c3ccnc(c3)N4CCOCC4)c1,CHEMBL2158844,IC50,8.05
4938262,NC1=NC(=C(N=O)C(=O)N1)N,CHEMBL291324,IC50,8.05
4938273,NS(=O)(=O)c1ccc(N\N=C\2/C(=O)Nc3ccc(cc23)C(=O)NCc4ccncc4)cc1,CHEMBL272165,IC50,8.05
4938285,NS(=O)(=O)c1ccc(Nc2nc(OCC3CCCCC3)c4nc[nH]c4n2)cc1,CHEMBL319467,IC50,8.05
4938296,O=C(Cc1ccc2ccccc2c1)Nc3n[nH]c4ccc(cc34)N5CCCS5(=O)=O,CHEMBL254979,IC50,8.05
4938307,O=C1Nc2ccc(cc2/C/1=C/Nc3ccc4CS(=O)(=O)Cc4c3)c5ocnc5,CHEMBL1234087,IC50,8.05
4938318,O=C1Nc2cccc(C3CCNCC3)c2/C/1=C/c4[nH]cc5C(=O)OCCc45,CHEMBL58224,IC50,8.05
4938329,Oc1ccc(CC(=O)Nc2n[nH]c3ccc(cc23)N4CCCS4(=O)=O)cc1,CHEMBL255718,IC50,8.05
26231,CN[C@@H]1C[C@H]2O[C@@](C)([C@@H]1OC)n3c4ccccc4c5c6CNC(=O)c6c7c8ccccc8n2c7c35,CHEMBL388978,Kd,8.09
4938341,CC(C)(O)CSc1nc(Nc2ccc(cc2)S(=N)(=O)C)ncc1Br,CHEMBL3648128,IC50,8.1
4938351,CC(C)n1c(C)ncc1c2ccnc(Nc3ccc(cc3)C(=O)N(C)C)n2,CHEMBL488085,IC50,8.1
4938362,CC(C)n1c(C)ncc1c2nc(Nc3ccc(cc3)N4CCOCC4)ncc2F,CHEMBL515001,IC50,8.1
4938372,CC(O)C(C)Sc1nc(Nc2ccc(cc2)S(=N)(=O)C)ncc1Br,CHEMBL3648102,IC50,8.1
4938382,CCCS(=O)(=O)c1ccc(Nc2nccc(n2)c3cnc(C)n3C(C)C)cc1,CHEMBL485240,IC50,8.1
4938395,CCc1cccc2NC(=O)\C(=N/Nc3ccc(cc3)S(=O)(=O)N)\c12,CHEMBL411425,IC50,8.1
4938406,CN(C)CCNS(=O)(=O)c1ccc(Nc2nccc(n2)c3cnc4cccnn34)cc1,CHEMBL484571,IC50,8.1
4938417,CN(C)S(=O)(=O)c1ccc(Nc2cc(N[C@@H]3CC[C@@H](N)CC3)nc4c(Cl)cnn24)cc1,CHEMBL367150,IC50,8.1
4938428,COCCNS(=O)(=O)c1ccc(Nc2nccc(n2)c3cnc(C)n3C)cc1,CHEMBL520187,IC50,8.1
4938438,COc1cc(Nc2ncc(Br)c(O[C@H](C)[C@H](C)O)n2)ccc1S(=N)(=O)C,CHEMBL3648082,IC50,8.1
4938448,COc1ccc(Nc2nccc(n2)c3cnc(C)n3C(C)C)cc1,CHEMBL478828,IC50,8.1
4938458,C[C@@H](Nc1nc(Nc2ccc(cc2)S(=N)(=O)C3CC3)ncc1Br)C(C)(C)O,CHEMBL3648074,IC50,8.1
4938467,C[C@@H](O)[C@@H](C)Oc1nc(Nc2ccc(cc2)S(=O)(=O)C)ncc1C(F)(F)F,CHEMBL3644033,IC50,8.1
3928734,N(c1ccccc1)c2nccc(n2)c3cnn4ncccc34,CHEMBL359554,IC50,8.1
3930235,Oc1ccc2c(cnn2n1)c3ccnc(Nc4cccc(c4)C(F)(F)F)n3,CHEMBL187750,Ki,8.1
4938481,NS(=O)(=O)Cc1ccc(N\C=C\2/C(=O)Nc3ccc4ncsc4c23)cc1,CHEMBL1964257,IC50,8.13
4938493,NS(=O)(=O)c1ccc(N\N=C\2/C(=O)Nc3ccc4ncsc4c23)cc1,CHEMBL407709,IC50,8.15
4938504,Brc1ccc(CC(=O)Nc2n[nH]c3ccc(cc23)N4CCCS4(=O)=O)cc1,CHEMBL402370,IC50,8.16
4938515,Brc1cccc(CC(=O)Nc2n[nH]c3ccc(cc23)N4CCCS4(=O)=O)c1,CHEMBL402158,IC50,8.16
4938526,CC(C)(C)c1oc(CSc2cnc(N[C@@H]3CC[C@@H](O)CC3)s2)nc1,CHEMBL495557,IC50,8.16
4938536,CCS(=N)(=O)c1ccc(Nc2ncc(Br)c(N[C@H](COC)[C@H](C)O)n2)cc1,CHEMBL3648094,IC50,8.16
4938546,CN(C)S(=O)(=O)c1ccc(Nc2cc(N[C@@H]3CC[C@@H](N)CC3)nc4c(cnn24)C#N)cc1,CHEMBL360573,IC50,8.16
4938556,CN=S(=O)(C)c1ccc(Nc2ncc(Br)c(N[C@H](C)[C@H](C)O)n2)cc1,CHEMBL3648083,IC50,8.16
4938566,COc1ccc(F)cc1C(=O)c2cnc(NC3CCN(CC3)S(=O)(=O)C)nc2N,CHEMBL268507,Ki,8.16
4938576,C[C@@H](Nc1nc(Nc2ccc(c(C)c2)S(=N)(=O)C)ncc1Br)C(C)(C)O,CHEMBL3639469,IC50,8.16
4938585,C[C@H](Nc1nc(Nc2ccc(c(C)c2)S(=N)(=O)C)ncc1Br)C(C)(C)O,CHEMBL3648125,IC50,8.16
4938594,C[C@H](O)[C@@H](C)Nc1nc(Nc2ccc(cc2)S(=N)(=O)CCO)ncc1Br,CHEMBL3648110,IC50,8.16
4938604,Cc1ccc(CC(=O)Nc2n[nH]c3ccc(cc23)N4CCCS4(=O)=O)cc1,CHEMBL256558,IC50,8.16
887061,Cn1cnc2c(NCc3ccccc3)nc(NCCO)nc12,CHEMBL280074,IC50,8.16
4938617,NCCCc1cc(c2ccc[nH]2)c3C(=O)Nc4ccc(F)c1c34,CHEMBL312726,IC50,8.16
4938628,CC(C)(CO)CNC(=O)c1ccc2NC(=O)\C(=N/Nc3ccc(cc3)S(=O)(=O)N)\c2c1,CHEMBL410072,IC50,8.17
487819,NS(=O)(=O)c1cccc(Nc2nccc(n2)c3ccnc(NCCCO)c3)c1,CHEMBL2158843,IC50,8.17
4938641,C1COc2cc(Nc3nccc(n3)c4cnn5ncccc45)ccc2O1,CHEMBL361894,Ki,8.22
4938652,C1COc2ccc(Nc3nccc(n3)c4cnn5ncccc45)cc2OC1,CHEMBL186708,Ki,8.22
4938663,CC(C)OCCCNS(=O)(=O)c1ccc(Nc2nccc(n2)c3cnc(C)n3C)cc1,CHEMBL520353,IC50,8.22
1732169,CC(C)n1c(C)ncc1c2ccnc(Nc3ccc(C(=O)N(C)C)c(F)c3)n2,CHEMBL510436,IC50,8.22
1731417,CC(C)n1c(C)ncc1c2ccnc(Nc3ccc(cc3)S(=O)(=O)C)n2,CHEMBL488436,IC50,8.22
4938678,CC(C)n1c(C)ncc1c2nc(Nc3ccc(cc3)C(=O)N4CC[C@H](C4)N(C)C)ncc2F,CHEMBL460103,IC50,8.22
4938689,CC(C)n1c(C)ncc1c2nc(Nc3ccc(cc3)N4CCN(CC4)C(=O)CO)ncc2F,CHEMBL476993,IC50,8.22
4938700,CCCCOc1c(ccc2[nH]ncc12)C(=O)c3c(F)cc(C)cc3F,CHEMBL1241567,IC50,8.22
4938710,COC[C@H](Nc1nc(Nc2ccc(cc2)S(=N)(=O)C)ncc1Br)[C@H](C)O,CHEMBL3648119,IC50,8.22
4938720,COc1cc(F)c(F)cc1C(=O)c2cnc(NC3CCN(CC3)S(=O)(=O)C)nc2N,CHEMBL215086,Ki,8.22
4938730,COc1cc(Nc2ncc(Br)c(N[C@H](C)C(C)(C)O)n2)ccc1S(=N)(=O)C,CHEMBL3648115,IC50,8.22
4938739,COc1cc(Nc2ncc(Br)c(N[C@H](C)[C@H](C)O)n2)ccc1S(=O)(=NC)C,CHEMBL3648114,IC50,8.22
4938748,C[C@@H](Nc1nc(Nc2ccc(cc2)S(=N)(=O)C)ncc1Br)C(C)(C)O,CHEMBL3648072,IC50,8.22
4938757,C[C@@H](O)[C@@H](C)Oc1nc(Nc2ccc(cc2)S(=O)(=O)C(C)C)ncc1C(F)(F)F,CHEMBL3644024,IC50,8.22
4938767,Cc1ccc(F)c(Nc2ccnc(Nc3ccc(cc3)S(=O)(=O)N)n2)c1,CHEMBL103355,IC50,8.22
3930067,Cc1ccc2c(cnn2n1)c3ccnc(Nc4ccc5OCCOc5c4)n3,CHEMBL434337,Ki,8.22
4938780,CNS(=O)(=O)Cc1ccc(N\N=C\2/C(=O)Nc3ccc4ncsc4c23)cc1,CHEMBL1234086,IC50,8.24
4938791,CS(=O)(=O)c1ccc(N\C=C\2/C(=O)Nc3ccc4ncsc4c23)cc1,CHEMBL1964260,IC50,8.24
4938802,CN(c1ccccn1)S(=O)(=O)c2ccc(N\C=C\3/C(=O)Nc4ccc5ncsc5c34)cc2,CHEMBL1964253,IC50,8.25
4938814,CNS(=O)(=O)c1ccc(N\C=C\2/C(=O)Nc3ccc4ncsc4c23)cc1,CHEMBL1964245,IC50,8.25
4938826,O=C1Nc2ccc3ncsc3c2/C/1=C/Nc4ccc(cc4)S(=O)(=O)NCc5ccccc5,CHEMBL1964242,IC50,8.25
4938837,CN(C)CCCN(C)S(=O)(=O)c1ccc(Nc2nccc(n2)c3cnc4ccccn34)cc1,CHEMBL70824,IC50,8.3
4938848,CN(C)CCNS(=O)(=O)c1ccc(Nc2cccc(c2)c3cnc4ccccn34)cc1,CHEMBL1241849,IC50,8.3
4938859,CN(C)CCNS(=O)(=O)c1ccc(Nc2nccc(n2)c3cnc4ccccn34)cc1,CHEMBL72548,IC50,8.3
4938870,COC(=O)[C@H](Cc1ccc(O)cc1)NC(=O)c2cc(C(=O)O)c3cc(\C=C\c4ccc(Cl)cc4)ccc3n2,CHEMBL3099763,Kd,8.3
4938881,COC1CCN(CC1)c2nccc(Nc3cc4[nH]c(cc4cn3)c5cn[nH]c5)n2,CHEMBL3354186,IC50,8.3
4938892,C[C@H]1CNC[C@@H](C1)C(=O)Nc2ncc(SCc3oc(cn3)C(C)(C)C)s2,CHEMBL452601,IC50,8.3
4938903,Clc1cccc(Nc2nccc(n2)c3cnc4ccccn34)c1,CHEMBL72509,IC50,8.3
4938914,Fc1ccc2NC(=O)c3c(cc(CCC#N)c1c23)c4ccc[nH]4,CHEMBL415471,IC50,8.3
4938925,Fc1ccc2NC(=O)c3c(cc(S[C@H]4CCNC4)c1c23)c5ccc[nH]5,CHEMBL79498,IC50,8.3
4938936,O=C(NC1=NNC2=CC=CC12)C3CC3,CHEMBL500804,IC50,8.3
4938947,Oc1ccc(cc1)c2cc3[nH]nc(C(=O)NC4CC4)c3cc2Br,CHEMBL481562,IC50,8.3
3929270,Oc1ccc(cc1)c2ccc3c(NC(=O)C4CC4)n[nH]c3c2,CHEMBL260163,IC50,8.3
3932445,Oc1ccc(cc1)c2nc3[nH]nc(NC(=O)C4CC4)c3cc2Br,CHEMBL260417,IC50,8.3
3927641,Oc1ccc(cc1)c2nc3[nH]nc(NC(=O)C4CC4)c3cc2c5ccccc5,CHEMBL427909,IC50,8.3
4938965,OCCNS(=O)(=O)c1ccc(N\C=C\2/C(=O)Nc3ccc4ncsc4c23)cc1,CHEMBL1964246,IC50,8.33
4938977,CN(C)S(=O)(=O)c1ccc(N\C=C\2/C(=O)Nc3ccc4ncsc4c23)cc1,CHEMBL1964247,IC50,8.34
4938990,Cc1c2\C(=N\Nc3ccc(cc3)S(=O)(=O)N)\C(=O)Nc2ccc1[N+](=O)[O-],CHEMBL272667,IC50,8.34
4939003,NS(=O)(=O)c1ccc(cc1)N=Nc2c(O)[nH]c3cccc(I)c23,CHEMBL314397,IC50,8.34
4939014,COCCOCCOCCOCCNS(=O)(=O)c1ccc(N\C=C\2/C(=O)Nc3ccc4ncsc4c23)cc1,CHEMBL1964250,IC50,8.35
4939025,NC(=O)c1ccc2NC(=O)\C(=N/Nc3ccc(cc3)S(=O)(=O)N)\c2c1,CHEMBL410883,IC50,8.35
4939037,O=C1Nc2ccc3ncsc3c2/C/1=C/Nc4ccc(cc4)S(=O)(=O)Nc5ccccc5,CHEMBL1964244,IC50,8.37
4939048,COc1cc(ccc1O)c2ccc3c(n[nH]c3c2)c4nc5c(cccc5[nH]4)N6CCN(C)CC6,CHEMBL514197,IC50,8.39
4939060,CC(C)[C@H](CO)Nc1nc(Nc2cccc(Cl)c2)c3ncn(C(C)C)c3n1,CHEMBL23327,IC50,8.4
4939070,CC(CO)Sc1nc(Nc2ccc(cc2)S(=N)(=O)C)ncc1Br,CHEMBL3648106,IC50,8.4
4939080,CCCN(C)[C@H]1CCN(C1)C(=O)c2ccc(Nc3nccc(n3)c4cnc(C)n4C(C)C)cc2,CHEMBL518826,IC50,8.4
4939090,CCS(=N)(=O)c1ccc(Nc2ncc(Br)c(N[C@@H](C)[C@H](C)O)n2)cc1,CHEMBL3648122,IC50,8.4
4939099,CCS(=N)(=O)c1ccc(Nc2ncc(Br)c(N[C@H](C)[C@H](C)O)n2)cc1,CHEMBL3648095,IC50,8.4
4939109,CCn1c(C)ncc1c2ccnc(Nc3ccc(cc3)S(=O)(=O)NCCOC)n2,CHEMBL485618,IC50,8.4
4939120,CN(C)S(=O)(=O)c1ccc(Nc2cc(N[C@@H]3CC[C@@H](N)CC3)nc4c(cnn24)C5CCCC5)cc1,CHEMBL178179,IC50,8.4
3929059,CN1CCN(CC1)c2ccc(Nc3nccc(n3)c4cnn5ncccc45)cc2C(F)(F)F,CHEMBL468963,IC50,8.4
4939133,CNS(=O)(=O)c1ccc2NC(=O)\C(=C/c3[nH]cc4C(=O)OCCc34)\c2c1,CHEMBL60541,IC50,8.4
4939144,COCCCNS(=O)(=O)c1ccc(Nc2nccc(n2)c3cnc4ccccn34)cc1,CHEMBL73243,IC50,8.4
4939154,COC[C@@H](Nc1nc(Nc2ccc(cc2)S(=N)(=O)C)ncc1Br)[C@@H](C)O,CHEMBL3648118,IC50,8.4
4939163,COc1cc(Nc2ncc(Br)c(N[C@H](C)[C@@H](C)O)n2)ccc1S(=N)(=O)C,CHEMBL3648111,IC50,8.4
4939172,COc1cc(Nc2ncc(Br)c(N[C@H](C)[C@@H](C)O)n2)ccc1S(=O)(=NC)C,CHEMBL3648113,IC50,8.4
4939181,COc1cc(Nc2ncc(Br)c(N[C@H](C)[C@H](C)O)n2)ccc1S(=N)(=O)C,CHEMBL3648112,IC50,8.4
1205764,C[C@@H](NC(=O)N1CCc2cnc(Nc3cnn(C)c3)nc2C1)c4ccc(Cl)c(Cl)c4,CHEMBL3357950,IC50,8.4
4939192,C[C@@H](Nc1nc(Nc2ccc(cc2)S(=N)(=O)CC3CC3)ncc1Br)C(C)(C)O,CHEMBL3648076,IC50,8.4
4939201,C[C@@H](Nc1nc(Nc2ccc(cc2)S(=N)(=O)CCO)ncc1Br)C(C)(C)O,CHEMBL3648107,IC50,8.4
4939210,C[C@H](Nc1nc(Nc2ccc(cc2)S(=N)(=O)CCO)ncc1Br)C(C)(C)O,CHEMBL3648108,IC50,8.4
4939219,C[C@H](O)[C@@H](C)Nc1nc(Nc2ccc(c(C)c2)S(=N)(=O)C)ncc1Br,CHEMBL3648096,IC50,8.4
4939229,Fc1cc(CC(=O)Nc2cc([nH]n2)C3CC3)ccc1c4ccccc4,CHEMBL489477,IC50,8.4
4939240,N[C@@H]1CC[C@H](CC1)Nc2cc(Nc3ccc(F)c(Cl)c3)n4ncc(C#N)c4n2,CHEMBL2163997,IC50,8.4
4939251,OC(=O)c1ccc2NC(=O)\C(=C/c3[nH]cc4C(=O)OCCc34)\c2c1,CHEMBL293068,IC50,8.4
4939262,O=C1Nc2ccc3ncsc3c2/C/1=C/Nc4ccc(cc4)S(=O)(=O)NCCc5c[nH]cn5,CHEMBL1964251,IC50,8.44
4939275,CC(C)Oc1cccc2NC(=O)\C(=N/Nc3ccc(cc3)S(=O)(=O)N)\c12,CHEMBL271160,IC50,8.47
4939286,CN(C)C[C@@H](NC(=O)c1ccc2[nH]nc(c3nc4ccccc4[nH]3)c2c1)c5ccccc5,CHEMBL2064555,Ki,8.47
2515554,C[C@@H]1C[C@H]2CN1CCn3nc4c(cccc4c3O)c5nc6c(O2)cccc6nc5O,CHEMBL215803,IC50,8.47
4939299,N[C@@H]1CC[C@H](CC1)Nc2cc(Nc3ccc(F)c(Cl)c3)n4ncc(Br)c4n2,CHEMBL2163995,IC50,8.47
4939310,NC(=N)NS(=O)(=O)c1ccc(N\C=C\2/C(=O)Nc3ccc4ncsc4c23)cc1,CHEMBL1964255,IC50,8.48
4939322,CC(C)COC(=O)c1ccc2NC(=O)\C(=C/Nc3ccc(cc3)S(=O)(=O)N)\c2c1,CHEMBL269883,IC50,8.52
4939333,CC(C)n1c(C)ncc1c2ccnc(Nc3ccc(C(=O)NCCN(C)C)c(F)c3)n2,CHEMBL453629,IC50,8.52
4939344,CC(C)n1c(C)ncc1c2ccnc(Nc3ccc(F)cc3)n2,CHEMBL478407,IC50,8.52
4939355,CC(C)n1c(C)ncc1c2ccnc(Nc3ccc(cc3)C(=O)N)n2,CHEMBL488084,IC50,8.52
4939366,CC(C)n1c(C)ncc1c2ccnc(Nc3ccc(cc3)N4CCN(CC4)S(=O)(=O)CCN(C)C)n2,CHEMBL477785,IC50,8.52
4939377,CCC1CC(CCN1)C(=O)Nc2ncc(SCc3oc(cn3)C(C)(C)C)s2,CHEMBL455195,IC50,8.52
4939388,CNC(=O)c1ccc(Nc2ncc(F)c(n2)c3cnc(C)n3C(C)C)cc1,CHEMBL453655,IC50,8.52
4939399,CNC(=O)c1ccc(Nc2nccc(n2)c3cnc(C)n3C(C)C)cc1,CHEMBL508129,IC50,8.52
418434,COc1ccc(F)c(F)c1C(=O)c2cnc(NC3CCN(CC3)S(=O)(=O)C)nc2N,CHEMBL384304,Ki,8.52
4939411,C[C@@H](O)[C@@H](C)Nc1nc(Nc2ccc(cc2)S(=N)(=O)CCO)ncc1Br,CHEMBL3648109,IC50,8.52
4939420,C[C@@H](O)[C@@H](C)Oc1nc(Nc2ccc(cc2)S(=O)(=O)CCO)ncc1C(F)(F)F,CHEMBL3644026,IC50,8.52
4939430,Cc1cc(C)cc(Nc2nccc(n2)c3cnn4ncccc34)c1,CHEMBL186101,Ki,8.52
4939440,Clc1ccccc1c2cc(NCc3cccnc3)n4ncc(Br)c4n2,CHEMBL401303,IC50,8.52
4939450,Fc1ccc(NC(=O)c2n[nH]cc2NC(=O)c3c(F)cccc3F)cc1,CHEMBL518383,IC50,8.52
3930638,N(c1cccc(c1)c2cocn2)c3nccc(n3)c4cnn5ncccc45,CHEMBL497564,IC50,8.52
4939463,NCCSc1cc(c2ccc[nH]2)c3C(=O)Nc4ccc(F)c1c34,CHEMBL311464,IC50,8.52
4939474,N[C@@H]1CC[C@H](CC1)Nc2cc(Nc3ccc(F)c(Cl)c3)n4ncc(Cl)c4n2,CHEMBL2163996,IC50,8.52
4939485,O=C(Cc1ccc(Cc2cccs2)cc1)Nc3cc([nH]n3)C4CC4,CHEMBL490481,IC50,8.52
4939497,NS(=O)(=O)c1ccc(NC=C2C(=O)Nc3ccc4ncsc4c23)cc1,CHEMBL1794055,IC50,8.55
4939507,NS(=O)(=O)c1ccc(N\C=C\2/C(=O)Nc3ccc4ncsc4c23)cc1,CHEMBL271595,IC50,8.55
4939520,CC(C)c1cccc2NC(=O)\C(=N/Nc3ccc(cc3)S(=O)(=O)N)\c12,CHEMBL411426,IC50,8.6
4939532,NS(=O)(=O)c1ccc(N\C=C\2/C(=O)Nc3ccc(cc23)c4ocnc4)cc1,CHEMBL270132,IC50,8.6
4939545,NS(=O)(=O)c1ccc(N\N=C\2/C(=O)Nc3ccc(cc23)c4ocnc4)cc1,CHEMBL269827,IC50,8.64
4939557,NS(=O)(=O)c1ccc(N\N=C\2/C(=O)Nc3ccc4[nH]nc(Cl)c4c23)cc1,CHEMBL269882,IC50,8.66
4939569,COC(=O)c1ccc2NC(=O)\C(=C/Nc3ccc(cc3)S(=O)(=O)N)\c2c1,CHEMBL409731,IC50,8.68
4939580,NS(=O)(=O)c1ccc(N\N=C\2/C(=O)Nc3ccc(cc23)C(=O)NCc4cccnc4)cc1,CHEMBL271953,IC50,8.68
4939591,CC(C)n1c(C)ncc1c2ccnc(Nc3ccc(cc3)C(=O)NCCO)n2,CHEMBL487067,IC50,8.7
1723547,CC(C)n1c(C)ncc1c2nc(Nc3ccc(C(=O)N(C)C)c(F)c3)ncc2F,CHEMBL454648,IC50,8.7
4939604,CC(C)n1c(C)ncc1c2nc(Nc3ccc(C(=O)NCCN(C)C)c(F)c3)ncc2F,CHEMBL462385,IC50,8.7
4939615,CC(C)n1c(C)ncc1c2nc(Nc3ccc(cc3)C(=O)N(C)C)ncc2F,CHEMBL453862,IC50,8.7
4939626,CC(C)n1c(C)ncc1c2nc(Nc3ccc(cc3)C(=O)N4CCCN(C)CC4)ncc2F,CHEMBL462192,IC50,8.7
4939637,CC(C)n1c(C)ncc1c2nc(Nc3ccc(cc3)C(=O)N4CC[C@@H](C4)N(C)C)ncc2F,CHEMBL460102,IC50,8.7
1203273,CC[C@@H](NC(=O)N1CCc2cnc(NC3CCOCC3)nc2C1)c4ccc(C#N)c(Cl)c4,CHEMBL3298985,IC50,8.7
4939650,CN(C)S(=O)(=O)c1ccc(Nc2cc(N[C@@H]3CC[C@@H](N)CC3)nc4c(Br)cnn24)cc1Cl,CHEMBL178769,IC50,8.7
4939661,CN1CCN(CC1)c2ccc(Nc3ncc4CCc5c(nn(C)c5c4n3)C(=O)N)cc2,CHEMBL560817,IC50,8.7
4939672,CNC(=O)c1ccc(Nc2nccc(n2)c3cnc(C)n3C4CCCC4)cc1,CHEMBL488257,IC50,8.7
4939683,CN[C@H]1CCN(C1)C(=O)c2ccc(Nc3ncc(F)c(n3)c4cnc(C)n4C(C)C)cc2,CHEMBL455657,IC50,8.7
4939694,CN[C@H]1CCN(C1)C(=O)c2ccc(Nc3nccc(n3)c4cnc(C)n4C(C)C)cc2,CHEMBL460087,IC50,8.7
4939705,COc1cc(F)c(F)c(F)c1C(=O)c2cnc(NC3CCN(CC3)S(=O)(=O)C)nc2N,CHEMBL213713,Ki,8.7
3929948,COc1cccc(Nc2nccc(n2)c3cnn4ncccc34)c1,CHEMBL187081,Ki,8.7
1202289,C[C@@H](NC(=O)N1CCc2cnc(N[C@H]3CCO[C@@H](CO)C3)nc2C1)c4ccc(Cl)c(Cl)c4,CHEMBL3298199,IC50,8.7
4939720,C[C@H](C(=O)Nc1cc([nH]n1)C2CC2)c3ccc(cc3)N4CCNC4=O,CHEMBL192602,IC50,8.7
4939731,C[C@H](C(=O)Nc1cc([nH]n1)C2CC2)c3ccc(cc3)N4Cc5ccccc5C4=O,CHEMBL190446,IC50,8.7
4939741,C[C@H](Nc1nc(Nc2ccc(cc2)S(=N)(=O)C)ncc1Br)C(C)(C)O,CHEMBL3648116,IC50,8.7
4939750,C[C@H](O)[C@@H](C)Nc1nc(Nc2ccc(cc2)S(=N)(=O)C)ncc1Br,CHEMBL3648117,IC50,8.7
4939761,C\C(=C/1\C(=O)Nc2ccc(cc12)c3ocnc3)\Nc4ccc(cc4)S(=O)(=O)N,CHEMBL411887,IC50,8.7
3928199,Cc1nc(N)sc1c2ccnc(Nc3cccc(c3)[N+](=O)[O-])n2,CHEMBL298445,Ki,8.7
2289209,Cn1nc(C(=O)N)c2CCc3cnc(Nc4ccccc4)nc3c12,CHEMBL559845,IC50,8.7
4939777,FC(F)(F)c1cnc(Nc2ccc3[nH]cnc3c2)nc1Nc4ccccc4Cl,CHEMBL194721,IC50,8.7
3930144,Fc1ccc(Nc2nccc(n2)c3cnn4ncccc34)cc1F,CHEMBL364370,Ki,8.7
3931249,N#Cc1ccc(Nc2nccc(n2)c3cnn4ncccc34)cc1,CHEMBL359794,IC50,8.7
3930166,N#Cc1cccc(Nc2nccc(n2)c3cnn4ncccc34)c1,CHEMBL495696,IC50,8.7
4939795,NS(=O)(=O)c1ccc(Nc2nccc(n2)c3cnc4ccccn34)cc1,CHEMBL73303,IC50,8.7
3931338,Oc1ccc(cc1Br)c2ccc3c(NC(=O)C4CC4)n[nH]c3n2,CHEMBL260416,IC50,8.7
3930901,Oc1ccc(cc1Cl)c2ccc3c(NC(=O)C4CC4)n[nH]c3n2,CHEMBL259838,IC50,8.7
4939811,CC(C)CC(=O)c1ccc2NC(=O)\C(=C/Nc3ccc(cc3)S(=O)(=O)N)\c2c1,CHEMBL429142,IC50,8.72
4939822,COc1cccc(OC)c1CNC(=O)c2ccc3NC(=O)\C(=N/Nc4ccc(cc4)S(=O)(=O)N)\c3c2,CHEMBL271136,IC50,8.77
4939834,NS(=O)(=O)c1ccc(N\N=C\2/C(=O)Nc3ccc4ncccc4c23)cc1,CHEMBL409892,IC50,8.8
4939847,CC(=Cc1cccc2NC(=O)\C(=N/Nc3ccc(cc3)S(=O)(=O)N)\c12)C,CHEMBL270544,IC50,8.82
4939859,NS(=O)(=O)c1ccc(N\C=C\2/C(=O)Nc3ccc4ncccc4c23)cc1,CHEMBL445945,IC50,8.82
4939872,CC(C)Cc1cccc2NC(=O)\C(=N/Nc3ccc(cc3)S(=O)(=O)N)\c12,CHEMBL411224,IC50,8.92
4939883,Nc1nc(Nc2ccc(cc2)S(=O)(=O)N)nc(OCC3CCCCC3)c1N=O,CHEMBL318999,IC50,8.96
4939894,CC(C)n1c(C)ncc1c2nc(Nc3ccc(C(=O)NC4CCN(C)CC4)c(F)c3)ncc2F,CHEMBL509406,IC50,9.0
4939905,CN1CCN(CC1)c2cccc(Nc3ncc4CCc5c(nn(C)c5c4n3)C(=O)N)c2,CHEMBL559513,IC50,9.0
4939916,COCCNS(=O)(=O)c1ccc(Nc2nccc(n2)c3cnc(C)n3C(C)C)cc1,CHEMBL478409,IC50,9.0
4939927,COCCOCCOCCOCCN(C)S(=O)(=O)c1ccc(N\C=C\2/C(=O)Nc3ccc4ncsc4c23)cc1,CHEMBL1964249,IC50,9.0
3930078,Clc1ccc(Nc2nccc(n2)c3cnn4ncccc34)cc1Cl,CHEMBL186890,Ki,9.0
4939940,Fc1cc(F)cc(Nc2nccc(n2)c3cnn4ncccc34)c1,CHEMBL184510,Ki,9.0
4939951,NCCCn1nc(C(=O)N)c2CCc3cnc(Nc4ccccc4)nc3c12,CHEMBL1171950,IC50,9.0
4939962,CC[C@H](CO)Nc1nc(NCc2ccccc2)c3ncn(C(C)C)c3n1,CHEMBL14762,IC50,9.22
4939973,OCCOCCNS(=O)(=O)c1ccc(N\C=C\2/C(=O)Nc3ccc4ncsc4c23)cc1,CHEMBL1964259,IC50,9.27
4939984,CC(C)n1c(C)ncc1c2nc(Nc3ccc(cc3)N4CC(C4)NC(=O)C)ncc2F,CHEMBL476577,IC50,9.3
4939995,Nc1ccc(cc1)c2cc(Nc3ccc(cc3)S(=O)(=O)N)[nH]n2,CHEMBL321517,IC50,9.47
4940006,NS(=O)(=O)c1ccc(Nc2cc([nH]n2)c3ccc(cc3)[N+](=O)[O-])cc1,CHEMBL317703,IC50,9.48
3932086,[O-][N+](=O)c1cccc(Nc2nccc(n2)c3cnn4ncccc34)c1,CHEMBL526110,IC50,9.52
