id,smiles,name,assay_type,activity_value
2514715,CC(=O)C1=C(C)C2=C(N=C(NC3=NC=C(C=C3)N3CCNCC3)N=C2)N(C2CCCC2)C1=O,palbociclib,IC50,7.9586072
2514730,CN(C)C(=O)C1=CC2=C(N=C(NC3=NC=C(C=C3)N3CCNCC3)N=C2)N1C1CCCC1,ribociclib,IC50,8.0
4968525,CN1CCN(CC1)c2ccc(Nc3ncc4c5C=CNC(=O)c5n(C6CCCC6)c4n3)nn2,CHEMBL3702036,IC50,7.54
4939777,FC(F)(F)c1cnc(Nc2ccc3[nH]cnc3c2)nc1Nc4ccccc4Cl,CHEMBL194721,IC50,7.54
4968537,Oc1nc2cccc3O[C@H]4CCN(CCn5nc6c(cccc6c5O)c1nc23)C4,CHEMBL385415,IC50,7.54
4968547,CN(C)C(=O)c1cc2cnc(Nc3ccc(cn3)C(=O)N4CC5CCCC(C4)N5)nc2n1C6CCCC6,CHEMBL3691594,IC50,7.57
4968556,CN(C)C(=O)c1cc2cnc(Nc3ccc(cn3)N4CC5CC5(N)C4)nc2n1C6CCCC6,CHEMBL3691617,IC50,7.57
4968565,CN(C)C(=O)c1cc2cnc(Nc3ccc(cn3)N4CCN5CCC[C@@H]5C4=O)nc2n1C6CCCC6,CHEMBL3691682,IC50,7.57
2514801,CN(C)C1CCN(CC1)c2ccc(Nc3ncc4c5ccncc5n(C6CCC6)c4n3)nn2,CHEMBL3702247,IC50,7.57
2515417,N#Cc1nccc2c3cnc(Nc4ccc(cn4)N5CCNCC5)nc3n(C6CCCC6)c12,CHEMBL3237447,IC50,7.57
4968576,NC1[C@H]2CN(C[C@@H]12)c3ccc(Nc4ncc5c6ccncc6n(C7CCCC7)c5n4)nn3,CHEMBL3702174,IC50,7.57
4968586,Oc1cccc(c1)c2ccc3C(=O)NC(=O)\C(=C/Nc4ccc(CN5CCCCC5)cc4)\c3c2,CHEMBL520458,IC50,7.57
4968596,COC(=O)N1CCN(CC1)c2ccc(Nc3ncc4c5ccnc(F)c5n(C6CCCC6)c4n3)nc2,CHEMBL3702097,IC50,7.58
4968605,C1CCC(C1)n2c3nnccc3c4cnc(Nc5ccc(cn5)N6CCC(CC6)N7CCCC7)nc24,CHEMBL3702105,IC50,7.59
4968614,CC(CO)N1C2CCC1CN(C2)C(=O)c3ccc(Nc4ncc5cc(C(=O)N(C)C)n(C6CCCC6)c5n4)nc3,CHEMBL3691578,IC50,7.59
4968623,CN(C)C(=O)c1cc2cnc(Nc3ccc(cn3)N4CCN(CCO)CC4)nc2n1C5CCCC5,CHEMBL3654258,IC50,7.59
4968633,CN1CCN(CC1)c2ccc(Nc3nccc(n3)c4cnn5nc(ccc45)c6ccc(F)cc6)cc2,CHEMBL522718,IC50,7.59
4968644,CCc1nn2ncccc2c1c3ccnc(Nc4ccc(cc4)N5CCN(C)CC5)n3,CHEMBL496360,IC50,7.6
4968654,CN(C)C(=O)c1cc2cnc(Nc3ccc(cn3)C(=O)N4CC5CCC(C4)N5)nc2n1C6CCC6,CHEMBL3691597,IC50,7.6
3931249,N#Cc1ccc(Nc2nccc(n2)c3cnn4ncccc34)cc1,CHEMBL359794,IC50,7.6
4968665,C1CN(CCN1)c2ccc(Nc3ncc4c5ccncc5n([C@@H]6CCOC6)c4n3)nn2,CHEMBL3641985,IC50,7.62
4968674,CN(C)C(=O)c1cc2cnc(Nc3ccc(cn3)C(=O)N4CCN5CCC4CC5)nc2n1C6CCCC6,CHEMBL3691590,IC50,7.62
4968683,COC(=O)CNC1CCN(CC1)c2ccc(Nc3ncc4c5ccncc5n(C6CCCC6)c4n3)nc2,CHEMBL3642027,IC50,7.62
4938467,C[C@@H](O)[C@@H](C)Oc1nc(Nc2ccc(cc2)S(=O)(=O)C)ncc1C(F)(F)F,CHEMBL3644033,IC50,7.62
4937685,C[C@@H](Oc1nc(Nc2ccc(cc2)S(=O)(=O)C)ncc1C(F)(F)F)C(C)(C)O,CHEMBL3644034,IC50,7.62
4968694,C1CCC(C1)n2c3cnccc3c4cnc(Nc5ccc(nn5)N6CCC(CC6)N7CCCC7)nc24,CHEMBL3641993,IC50,7.64
4968703,CN(C)C(=O)c1cc2cnc(Nc3cc(C)c(cn3)C(O)N4CC5CCC(C4)N5)nc2n1C6CCCC6,CHEMBL3691593,IC50,7.64
4968712,CN(C)C(=O)c1cc2cnc(Nc3ccc(cn3)N4CC5CCC(CC4=O)N5)nc2n1C6CCCC6,CHEMBL3691659,IC50,7.64
4968722,C[C@@H]1CC[C@H](CC1)n2c3cnccc3c4cnc(Nc5ccc(nn5)N6CCC(CC6)N(C)C)nc24,CHEMBL3237710,IC50,7.64
4968733,C[C@@H]1CC[C@H](CC1)n2c3cnccc3c4cnc(Nc5ccc6CN(CCc6n5)C(=O)CO)nc24,CHEMBL3237719,IC50,7.64
4968743,CN(C)C(=O)c1cc2cnc(Nc3ccc(cn3)N4CC5CCC(C4)N5)nc2n1C6CCCC6,CHEMBL3691649,IC50,7.65
4968752,C1CCC(C1)n2c3cnccc3c4cnc(Nc5ccc(nn5)N6CCC=CC6)nc24,CHEMBL3702156,IC50,7.66
4968761,C1CCC(C1)n2c3cnccc3c4cnc(Nc5cnc(cn5)N6CCOCC6)nc24,CHEMBL3698714,IC50,7.66
4968770,CC[C@@H](C)n1c2cnccc2c3cnc(Nc4ccc(nn4)N5CC[C@@H](O)C5)nc13,CHEMBL3702219,IC50,7.66
4968779,CC[C@H](C)n1c2cnccc2c3cnc(Nc4ccc(nn4)N5CC[C@@H](O)C5)nc13,CHEMBL3702237,IC50,7.66
4968788,CN(C)C(=O)c1cc2cnc(Nc3ccc(cn3)C(=O)N4CC5CCC(C4)N5CCO)nc2n1C6CCCC6,CHEMBL3691571,IC50,7.66
4968797,CN(C)C1C2CCC1CN(C2)C(=O)c3ccc(Nc4ncc5cc(C(=O)N(C)C)n(C6CCCC6)c5n4)nc3,CHEMBL3691577,IC50,7.66
4968806,CN(C)C1CCN(CC1)c2ccc(Nc3ncc4c5ccccc5n(C6CCCC6)c4n3)nn2,CHEMBL3702200,IC50,7.66
4968816,CNc1nc(C)c(s1)c2ccnc(Nc3ccc(cc3)N4CCN(CC4)C(=O)C)n2,CHEMBL1083785,Ki,7.66
4968826,CN(C)C(=O)c1cc2cnc(Nc3ccc(cn3)N4C5CCN(CC5)CC4=O)nc2n1C6CCCCCC6,CHEMBL3691633,IC50,7.67
2515062,CN(C)C1CCN(CC1)S(=O)(=O)c2ccc(Nc3ncc4c5ccncc5n(C6CCCC6)c4n3)nc2,CHEMBL3702131,IC50,7.67
4968836,CC1(C)CN(CCN1)c2ccc(Nc3ncc4c5ccncc5n([C@@H]6CCOC6)c4n3)nn2,CHEMBL3641987,IC50,7.68
4968845,CN(C)C(=O)c1cc2cnc(Nc3ccc(C(=O)N4CC5CCC(C4)N5)c(C)n3)nc2n1C6CCCC6,CHEMBL3691592,IC50,7.68
4968854,CN(C)C(=O)c1cc2cnc(Nc3ccc(cn3)C(=O)N4CC5CCC(C4)N5)nc2n1[C@H]6C[C@@H]7CC[C@H]6C7,CHEMBL3691616,IC50,7.68
4968863,CN(C)C(=O)c1cc2cnc(Nc3ccc(cn3)C(=O)N4CC5CCC4C5O)nc2n1C6CCCCCC6,CHEMBL3691550,IC50,7.68
2515246,CN(C)C1CCN(CC1)c2ccc(Nc3ncc4c5ccncc5n(C6CCC6)c4n3)nc2,CHEMBL3702241,IC50,7.68
2515345,CNC1CCN(CC1)c2ccc(Nc3ncc4c5ccncc5n(C6CCC6)c4n3)nc2,CHEMBL3702245,IC50,7.68
4968874,CN(C)C(=O)c1cc2cnc(Nc3ccc(nn3)N4CC5CCC(C4)N5)nc2n1C6CCCCC6,CHEMBL3691662,IC50,7.69
4968883,C[C@@H]1CC[C@H](CC1)n2c3cnccc3c4cnc(Nc5ccc6CN(CCO)CC(C)c6n5)nc24,CHEMBL3684983,IC50,7.69
4968893,CC(C)(C)c1ccc2C(=O)NC(=O)\C(=C/NCc3cc(O)c(cn3)c4cocc4)\c2c1,CHEMBL489629,IC50,7.7
4968903,CC1(C)CN(CCN1)c2ccc(Nc3ncc4c5C=CNC(=O)c5n(C6CCCC6)c4n3)nn2,CHEMBL3702038,IC50,7.7
2514963,CC1CN(CC(C)N1)c2ccc(Nc3ncc4c5ccnc(F)c5n(C6CCCC6)c4n3)nc2,CHEMBL3702094,IC50,7.7
4968914,CCCOc1ccc(CN\C=C\2/C(=O)NC(=O)c3ccc(I)cc23)cc1O,CHEMBL477861,IC50,7.7
4968925,CCCOc1ccc(CN\C=C\2/C(=O)NC(=O)c3ccc(I)cc23)nc1O,CHEMBL477863,IC50,7.7
4968936,CCCOc1cnc(CN\C=C\2/C(=O)NC(=O)c3ccc(cc23)C(C)(C)C)cc1O,CHEMBL515631,IC50,7.7
4968947,CCOc1ccc(NC2=CC(=O)c3sc(C)nc3C2=O)cc1,CHEMBL40362,IC50,7.7
4968957,CN(C)C(=O)c1cc2cnc(Nc3ccc(cn3)C(=O)N4CC5CCC(C4)N5C(=O)C6CCCN6)nc2n1C7CCCC7,CHEMBL3691603,IC50,7.7
4968966,CN(C)C(=O)c1cc2cnc(Nc3ccc(cn3)N4CC5(CC6CCC(C5)N6)OC4=O)nc2n1C7CCCC7,CHEMBL3691638,IC50,7.7
4968975,CN(C)C(=O)c1cc2cnc(Nc3ccc(cn3)N4CC5(CCCN(C)CC5)OC4=O)nc2n1C6CCCC6,CHEMBL3691641,IC50,7.7
4968984,CN(C)C1CCN(CC1)c2ccc(Nc3ncc4c5ccnc(Cl)c5n(C6CCCC6)c4n3)nn2,CHEMBL3702061,IC50,7.7
4968993,CN(C)C1CCN(CC1)c2cnc(Nc3ncc4c5ccncc5n(C6CCCC6)c4n3)cn2,CHEMBL3698715,IC50,7.7
26231,CN[C@@H]1C[C@H]2O[C@@](C)([C@@H]1OC)n3c4ccccc4c5c6CNC(=O)c6c7c8ccccc8n2c7c35,CHEMBL388978,Kd,7.7
4936385,C[C@@H](O)[C@@H](C)Oc1nc(Nc2ccc(cc2)S(=O)(=O)C3CC3)ncc1C(F)(F)F,CHEMBL3644032,IC50,7.7
2515970,C[C@H]1CN(CCN1)c2ccc(Nc3ncc4c5ccncc5n(C6CCC6)c4n3)nc2,CHEMBL3702244,IC50,7.7
4969007,Cc1nccc2c3cnc(Nc4ccc(cn4)N5CCNCC5)nc3n(C6CCCC6)c12,CHEMBL3237445,IC50,7.7
2510517,Clc1cccc(Cl)c1C(=O)Nc2c[nH]nc2C(=O)NC3CCNCC3,CHEMBL445813,Kd,7.7
3931350,[O-][N+](=O)c1ccc(Nc2nccc(n2)c3cnn4ncccc34)cc1,CHEMBL188938,Ki,7.7
4969020,CC1CCN(C1)c2ccc(Nc3ncc4c5ccncc5n(C6CCCC6)c4n3)nn2,CHEMBL3702028,IC50,7.72
4969029,CN(C)C(=O)c1cc2cnc(Nc3ccc(cn3)C(=O)N4CC5CC5(N)C4)nc2n1C6CCCC6,CHEMBL3691557,IC50,7.72
4969038,CN(C)C(=O)c1cc2cnc(Nc3ccc(cn3)C(=O)N4CC5CCC(C4)N5C(=O)CN)nc2n1C6CCCC6,CHEMBL3691602,IC50,7.72
4969047,CN(C)C(=O)c1cc2cnc(Nc3ccc(cn3)C(=O)N4CC5CCC(C4)N5C)nc2n1C6CCCC6,CHEMBL3691587,IC50,7.72
4969056,CN(C)C(=O)c1cc2cnc(Nc3ccc(cn3)N4CCC5(CCCN5)C4=O)nc2n1C6CCCC6,CHEMBL3691650,IC50,7.72
4969065,CN(C)C(=O)c1cc2cnc(Nc3ccc(cn3)N4C[C@@H]5CC[C@H](CC4=O)N5)nc2n1C6CCCCC6,CHEMBL3691668,IC50,7.72
4969074,CN(C)C(=O)c1cc2cnc(Nc3ccc(cn3)N4C[C@H]5CC[C@@H](CC4=O)N5CC(F)(F)F)nc2n1C6CCCC6,CHEMBL3691679,IC50,7.72
4969083,CN(CCO)C1CCN(CC1)c2ccc(Nc3ncc4c5ccncc5n(C6CCCC6)c4n3)nc2,CHEMBL3642013,IC50,7.72
4969092,COCC(C)(C)n1c2cnccc2c3cnc(Nc4ccc(cn4)N5CCC(CC5)N(C)C)nc13,CHEMBL3702175,IC50,7.72
4969101,C[C@@H]1CC[C@H](CC1)n2c3cnccc3c4cnc(Nc5ccc6CN(CCO)CC(O)c6n5)nc24,CHEMBL3684985,IC50,7.72
4969110,Cc1nc(Nc2ncc3c4ccnc(F)c4n(C5CCCC5)c3n2)ccc1N6CCNCC6,CHEMBL3702078,IC50,7.72
4969119,C[C@@H]1CC[C@H](CC1)n2c3cnccc3c4cnc(Nc5ccc6CN(C[C@@H](C)c6n5)C(=O)C)nc24,CHEMBL3684986,IC50,7.73
4969128,C[C@@H]1CC[C@H](CC1)n2c3cnccc3c4cnc(Nc5cc6CN(CCO)CCc6cn5)nc24,CHEMBL3684980,IC50,7.74
4969137,C1CCC2(CC1)CN(CCN2)c3ccc(Nc4ncc5c6ccncc6n(C7CCCC7)c5n4)nn3,CHEMBL3702150,IC50,7.75
4969146,CCN(CC)C1CCN(CC1)c2ccc(Nc3ncc4c5ccnc(F)c5n(C6CCCC6)c4n3)nn2,CHEMBL3640010,IC50,7.75
4969155,CN(C)C(=O)c1cc2cnc(Nc3ccc(cn3)C(=O)N4CC5CNCC5C4)nc2n1C6CCCC6,CHEMBL3691575,IC50,7.75
4969164,CN(C)C(=O)c1cc2cnc(Nc3ccc(cn3)C(=O)N4C[C@@H]5C[C@@]5(N)C4)nc2n1C6CCCC6,CHEMBL3691558,IC50,7.75
4969173,CN(C)C(=O)c1cc2cnc(Nc3ccc(cn3)N4CC5(CC6CCC(C5)N6C)OC4=O)nc2n1C7CCCC7,CHEMBL3691639,IC50,7.75
4969182,C1CCC(C1)n2c3cnccc3c4cnc(Nc5ccc(NC6CCNCC6)cn5)nc24,CHEMBL3698700,IC50,7.77
4969191,CC(=O)N1CCN(CC1)c2ccc(Nc3ncc4c5ccncc5n(C6CCCC6)c4n3)nc2,CHEMBL3702057,IC50,7.77
2515526,CC1(C)CN(CCN1)c2ccc(Nc3ncc4c5ccncc5n(C6CCC6)c4n3)nn2,CHEMBL3702248,IC50,7.77
4969201,CC1(C)CN(CCN1)c2ccc(Nc3ncc4c5ccncc5n([C@@H]6CCOC6)c4n3)nc2,CHEMBL3641989,IC50,7.77
4969210,CC1CN(CC(C)N1)c2ccc(Nc3ncc4c5C=CNC(=O)c5n(C6CCCC6)c4n3)nc2,CHEMBL3702032,IC50,7.77
2515228,CCC(CC)n1c2cnccc2c3cnc(Nc4ccc(nn4)N5CCC(CC5)N(C)C)nc13,CHEMBL3702070,IC50,7.77
4969220,CN(C)C(=O)c1cc2cnc(Nc3ccc(cn3)C(=O)N4C[C@H]5CNC[C@@H](C4)C5O)nc2n1C6CCCC6,CHEMBL3691544,IC50,7.77
4969229,CN(C)C(=O)c1cc2cnc(Nc3ccc(cn3)N4CC5(CCCNCC5)OC4=O)nc2n1C6CCCC6,CHEMBL3691640,IC50,7.77
4969238,CN(C)C1CCN(CC1)c2ccc(Nc3ncc4c5ccncc5n(C6CCSCC6)c4n3)nn2,CHEMBL3702177,IC50,7.77
4969247,COC1CCN(C1)c2ccc(Nc3ncc4c5ccncc5n(C6CCCC6)c4n3)nc2,CHEMBL3698704,IC50,7.77
4969256,C[C@@H]1CC[C@H](CC1)n2c3cnccc3c4cnc(Nc5ccc6CNCC(O)c6n5)nc24,CHEMBL3684984,IC50,7.78
2515499,C1CCC(C1)n2c3cnccc3c4cnc(Nc5ccc(NC6CCNCC6)nn5)nc24,CHEMBL3698726,IC50,7.79
2516197,CCN1CCN(CC1)c2ccc(Nc3ncc4c5ccncc5n(C6CCCC6)c4n3)nc2,CHEMBL3702047,IC50,7.8
4969269,CC[C@H](C)n1c2cnccc2c3cnc(Nc4ccc(nn4)N5CCNC(C)(C)C5)nc13,CHEMBL3702232,IC50,7.8
4969278,CN(C)C(=O)c1cc2cnc(Nc3ccc(cn3)C(=O)N4CC5(CNC5)C4)nc2n1C6CCCC6,CHEMBL3691584,IC50,7.8
4969287,CN(C)C(=O)c1cc2cnc(Nc3ccc(cn3)C(=O)N4CC5CCC(C4)N5)nc2n1C6CCCC6,CHEMBL3691561,IC50,7.8
2515237,CN(C)C1CCN(CC1)C(=O)c2ccc(Nc3ncc4c5ccncc5n(C6CCCC6)c4n3)nc2,CHEMBL3702132,IC50,7.8
4970194,C[C@H]1CN(CCN1)c2ccc(Nc3ncc4c5C=CNC(=O)c5n(C6CCCC6)c4n3)nn2,CHEMBL3702037,IC50,7.8
2515291,Fc1nccc2c3cnc(Nc4ccc(cn4)C5=CCS(=O)(=O)CC5)nc3n(C6CCCC6)c12,CHEMBL3702173,IC50,7.8
3930638,N(c1cccc(c1)c2cocn2)c3nccc(n3)c4cnn5ncccc45,CHEMBL497564,IC50,7.8
4970206,O=C1COC2(CCN(CC2)c3ccc(Nc4ncc5c6ccncc6n(C7CCCC7)c5n4)nn3)CN1,CHEMBL3702152,IC50,7.8
4970215,CC(C)N1C2CCC1CN(C2)C(=O)c3ccc(Nc4ncc5cc(C(=O)N(C)C)n(C6CCCC6)c5n4)nc3,CHEMBL3691572,IC50,7.81
4970224,C1CCC(C1)n2c3cncnc3c4cnc(Nc5ccc(cn5)N6CCNCC6)nc24,CHEMBL3698690,IC50,7.82
4970233,CCN(CC)C1CCN(CC1)c2ccc(Nc3ncc4c5ccnc(C)c5n(C6CCCC6)c4n3)nc2,CHEMBL3702056,IC50,7.82
4970242,CC[C@@H](C)n1c2cnccc2c3cnc(Nc4ccc(cn4)N5CC[C@@H](O)C5)nc13,CHEMBL3702222,IC50,7.82
4970251,CN(C)C(=O)c1cc2cnc(Nc3ccc(cn3)C(=O)N4C[C@@H]5[C@@H](N)[C@@H]5C4)nc2n1C6CCCC6,CHEMBL3691585,IC50,7.82
4970260,CN(C)C(=O)c1cc2cnc(Nc3ccc(cn3)C(=O)N4C[C@H]5C[C@@]5(N)C4)nc2n1C6CCCC6,CHEMBL3691559,IC50,7.82
4970269,CN(C)C(=O)c1cc2cnc(Nc3ccc(cn3)N4C[C@]5(CCCNCC5)OC4=O)nc2n1C6CCCC6,CHEMBL3691643,IC50,7.82
4970278,CN1CCN(CC1)c2cnc(Nc3ncc4c5ccncc5n(C6CCCC6)c4n3)cn2,CHEMBL3698709,IC50,7.82
4970287,CNC(=O)c1cc2cnc(Nc3ccc(cn3)N4C[C@H]5CC[C@@H](CC4=O)N5C)nc2n1C6CCCC6,CHEMBL3691661,IC50,7.82
2514864,FC(F)(F)c1cccc(c1)n2c3cnccc3c4cnc(Nc5ccc(cn5)N6CCNCC6)cc24,CHEMBL3702136,IC50,7.82
2516470,Fc1nccc2c3cnc(Nc4ccc(cn4)S(=O)(=O)N5CCNCC5)nc3n(C6CCCC6)c12,CHEMBL3702130,IC50,7.82
2515143,OC1CCN(CC1)C2CCN(CC2)c3ccc(Nc4ncc5c6ccncc6n(C7CCCC7)c5n4)nc3,CHEMBL3642018,IC50,7.82
2514873,O[C@H]1CCN(Cc2csc(Nc3ncc4c5ccnc(F)c5n(C6CCCC6)c4n3)n2)C1,CHEMBL3702086,IC50,7.82
4970300,CC1(C)CCC(CC1)n2c3cnccc3c4cnc(Nc5ccc(cn5)N6CCC(CC6)N7CCCC7)nc24,CHEMBL3702108,IC50,7.85
4970309,CN(C)[C@H]1CCN(C1)c2ccc(Nc3ncc4c5ccncc5n(C6CCCC6)c4n3)nc2,CHEMBL3702188,IC50,7.85
4970318,C[C@H](O)Cn1c2cnccc2c3cnc(Nc4ccc(nn4)N5CCN[C@@H](C)C5)nc13,CHEMBL3641970,IC50,7.85
4970327,OC1(CCS(=O)(=O)CC1)c2ccc(Nc3ncc4c5ccncc5n(C6CCCC6)c4n3)nc2,CHEMBL3702165,IC50,7.85
2515053,Oc1nccc2c3cnc(Nc4ccc(CN5CCNCC5)cn4)nc3n(C6CCCC6)c12,CHEMBL3702116,IC50,7.85
4970337,C(C1CCCCC1)n2c3cnccc3c4cnc(Nc5ccc(cn5)N6CCNCC6)nc24,CHEMBL3698667,IC50,7.89
4970346,CC1CN(CC(C)N1)c2ccc(Nc3ncc4c5ccccc5n(C6CCCC6)c4n3)nn2,CHEMBL3702206,IC50,7.89
4970355,CN(C)C(=O)c1cc2cnc(Nc3ccc(cn3)C(=O)N4CC5CCC(C4)N5)nc2n1[C@@H]6CC[C@H](CC6)C(C)(C)C,CHEMBL3691580,IC50,7.89
4970364,CN(C)C(=O)c1cc2cnc(Nc3ccc(cn3)N4CC5(CCCN(C)C5)OC4=O)nc2n1C6CCCC6,CHEMBL3691645,IC50,7.89
4970373,CN(C)C(=O)c1cc2cnc(Nc3ccc(nn3)C(=O)N4CC5CCC(C4)N5)nc2n1C6CCCC6,CHEMBL3691581,IC50,7.89
4970382,CN(CCO)C1CCN(CC1)c2ccc(Nc3ncc4c5ccnc(F)c5n(C6CCCC6)c4n3)nc2,CHEMBL3702100,IC50,7.89
2515961,CN1CCN(CC1)c2ccc(Nc3ncc4c5ccncc5n(C6CCCC6)c4n3)nc2,CHEMBL3698638,IC50,7.89
4970393,CN1CCOc2cccc3nc(O)c(nc23)c4cccc5c(O)n(CC1)nc45,CHEMBL1189501,IC50,7.89
2515125,CNC1CCN(CC1)c2ccc(Nc3ncc4c5ccncc5n(C6CCC6)c4n3)nn2,CHEMBL3641990,IC50,7.89
2516332,C[C@H](CO)NC1CCN(CC1)c2ccc(Nc3ncc4c5ccncc5n(C6CCCC6)c4n3)nc2,CHEMBL3641992,IC50,7.89
4530632,Cc1cnc(OC2CCCCC2)nc1c3cnc(Nc4ccccn4)s3,CHEMBL212049,IC50,7.89
2515152,O[C@@H]1CCCN(C1)C2CCN(CC2)c3ccc(Nc4ncc5c6ccncc6n(C7CCCC7)c5n4)nn3,CHEMBL3642007,IC50,7.89
4970408,Oc1nccc2c3cnc(Nc4ccc(cn4)C(=O)N5CCNCC5)nc3n(C6CCCC6)c12,CHEMBL3702125,IC50,7.89
4970417,C1CCC(C1)n2c3cnccc3c4cnc(Nc5cnc(NC6CCNCC6)cn5)nc24,CHEMBL3639975,IC50,7.92
4970426,CC1CN(CC(C)N1)c2ccc(Nc3ncc4c5C=CNC(=O)c5n(C6CCCC6)c4n3)nn2,CHEMBL3702033,IC50,7.92
4970435,CC1CN(CC(C)N1)c2cnc(Nc3ncc4c5ccncc5n(C6CCCC6)c4n3)cn2,CHEMBL3698710,IC50,7.92
4970445,CCN(CC)Cc1cccc(Nc2nccc(n2)c3cnn4ncccc34)c1,CHEMBL513354,IC50,7.92
2515017,CC[C@@H](C)n1c2cnccc2c3cnc(Nc4ccc(nn4)N5CCN[C@@H](C)C5)nc13,CHEMBL3702217,IC50,7.92
4970456,CN(C)C(=O)c1cc2cnc(Nc3ccc(cn3)C(=O)N4CCC5(CC4)CNC5)nc2n1C6CCCCCC6,CHEMBL3691548,IC50,7.92
4970465,CN(C)C(=O)c1cc2cnc(Nc3ccc(cn3)N4CC5(CCNCC5)OC4=O)nc2n1C6CCCC6,CHEMBL3691656,IC50,7.92
4970474,CN(C)C(=O)c1cc2cnc(Nc3ccc(cn3)N4C[C@@]5(CCCNC5)OC4=O)nc2n1C6CCCC6,CHEMBL3691646,IC50,7.92
4970483,CN(C)C(=O)c1cc2cnc(Nc3ccc(cn3)N4C[C@@]5(CCCNCC5)OC4=O)nc2n1C6CCCC6,CHEMBL3691642,IC50,7.92
4970493,CN1CCN(CC1)c2ccc(Nc3nccc(n3)c4cnn5ncccc45)cc2,CHEMBL495545,IC50,7.92
4970503,CNC1CCN(CC1)c2ccc(Nc3ncc4c5ccncc5n([C@@H]6CCOC6)c4n3)nc2,CHEMBL3641988,IC50,7.92
2514981,COc1nccc2c3cnc(Nc4ccc(cn4)N5CCNCC5)nc3n(C6CCCC6)c12,CHEMBL3698687,IC50,7.92
2515399,C[C@H](O)CNC1CCN(CC1)c2ccc(Nc3ncc4c5ccncc5n(C6CCCC6)c4n3)nc2,CHEMBL3642015,IC50,7.92
3928734,N(c1ccccc1)c2nccc(n2)c3cnn4ncccc34,CHEMBL359554,IC50,7.92
2515300,N[C@H]1CCN(C1)c2ccc(Nc3ncc4c5ccncc5n(C6CCCC6)c4n3)nn2,CHEMBL3698738,IC50,7.92
4970517,O[C@@H]1CCN(C1)C2CCN(CC2)c3ccc(Nc4ncc5c6ccncc6n(C7CCCC7)c5n4)nn3,CHEMBL3642005,IC50,7.92
4970526,CN(C)C(=O)c1cc2cnc(Nc3ccc(cn3)C(=O)N4CCC5CCC(C4)N5)nc2n1C6CCCC6,CHEMBL3691610,IC50,7.94
2516042,C1CCC(C1)n2c3ccccc3c4cnc(Nc5ccc(nn5)N6CCNCC6)nc24,CHEMBL3702207,IC50,7.96
4970536,C1CCC(C1)n2c3cnccc3c4cnc(Nc5ccc(OC6CCNCC6)nn5)nc24,CHEMBL3702170,IC50,7.96
4970545,C1CCC(C1)n2c3cnccc3c4cnc(Nc5ccc(cn5)N6CCN(CC6)C7CC7)nc24,CHEMBL3702058,IC50,7.96
2515427,C1CCC(CC1)n2c3cnccc3c4cnc(Nc5ccc(cn5)N6CCNCC6)nc24,CHEMBL3237451,IC50,7.96
2515008,C1CCCC(CC1)n2c3cnccc3c4cnc(Nc5ccc(cn5)N6CCNCC6)nc24,CHEMBL3698669,IC50,7.96
4970556,CCN(CC)C1CCN(CC1)c2ccc(Nc3ncc4c5ccnc(OC)c5n(C6CCCC6)c4n3)nn2,CHEMBL3702184,IC50,7.96
4970565,CCN(CC)C1CCN(CC1)c2ccc(Nc3ncc4c5ccnnc5n(C6CCCC6)c4n3)nc2,CHEMBL3702182,IC50,7.96
2514783,CCN1CCN(CC1)c2ccc(Nc3ncc4c5ccncc5n(C6CCCC6)c4n3)nn2,CHEMBL3702045,IC50,7.96
4970575,CC[C@@H](C)n1c2cnccc2c3cnc(Nc4ccc(cn4)N5CCC(CC5)NC)nc13,CHEMBL3702225,IC50,7.96
2515089,CC[C@@H](C)n1c2cnccc2c3cnc(Nc4ccc(nn4)N5CCNC(C)(C)C5)nc13,CHEMBL3702224,IC50,7.96
2515535,CN(C)C1CCN(CC1)c2ccc(Nc3ncc4c5ccccc5n(C6CCCC6)c4n3)nc2,CHEMBL3702209,IC50,7.96
4970586,COc1nccc2c3cnc(Nc4ccc(cn4)N5CCC(CC5)N6CCCC6)nc3n(C7CCC(C)(C)CC7)c12,CHEMBL3702111,IC50,7.96
4970595,C[C@@H](CO)n1c2cnccc2c3cnc(Nc4ccc(nn4)N5CCNC(C)(C)C5)nc13,CHEMBL3641937,IC50,7.96
4970605,Cl.CN1CCOc2cccc3nc(O)c(nc23)c4cccc5C(=O)N(CC1)Sc45,CHEMBL539855,IC50,7.96
2515035,FC(F)(F)C1CN(CCN1)c2ccc(Nc3ncc4c5ccncc5n(C6CCCC6)c4n3)nc2,CHEMBL3702074,IC50,7.96
4970616,FC(F)(F)CNC1CCN(CC1)c2ccc(Nc3ncc4c5ccncc5n(C6CCCC6)c4n3)nc2,CHEMBL3642025,IC50,7.96
2516096,NC1CCN(CC1)c2ccc(Nc3ncc4c5ccccc5n(C6CCCC6)c4n3)nn2,CHEMBL3702208,IC50,7.96
4970626,O=C(Cc1ccc(Nc2ncc3c4ccncc4n(C5CCCC5)c3n2)nc1)N6CCOCC6,CHEMBL3702146,IC50,7.96
2514891,OCC1(CCCC1)n2c3cnccc3c4cnc(Nc5ccc(cn5)N6CCNCC6)nc24,CHEMBL3698679,IC50,7.96
4970637,Oc1nc2cccc3OCCCCCCN4Sc5c(cccc5c1nc23)C4=O,CHEMBL424722,IC50,7.96
4970647,COCCN1CCc2nc(Nc3ncc4c5ccncc5n([C@@H]6CC[C@@H](C)CC6)c4n3)ccc2C1,CHEMBL3684978,IC50,7.98
4938641,C1COc2cc(Nc3nccc(n3)c4cnn5ncccc45)ccc2O1,CHEMBL361894,Ki,8.0
4970658,CC(C)[C@@H](N)C(=O)N1C2CCC1CN(C2)C(=O)c3ccc(Nc4ncc5cc(C(=O)N(C)C)n(C6CCCC6)c5n4)nc3,CHEMBL3691604,IC50,8.0
4970669,CN(C)CC(O)COc1ccc(Nc2ncc(Br)c(n2)N(CCCC(F)(F)F)c3ccccc3)cc1,CHEMBL419720,IC50,8.0
3929936,COc1cc(Nc2nccc(n2)c3cnn4ncccc34)cc(OC)c1,CHEMBL359999,Ki,8.0
4970682,COc1ccc(CN\C=C\2/C(=O)NC(=O)c3ccc(I)cc23)cc1O,CHEMBL489245,IC50,8.0
4970693,COc1ccc(CN\C=C\2/C(=O)NC(=O)c3ccc(cc23)c4ccccc4)cc1O,CHEMBL523780,IC50,8.0
2515026,COc1ccc(cc1)n2c3cnccc3c4cnc(Nc5ccc(cn5)N6CCNCC6)nc24,CHEMBL3698652,IC50,8.0
4970705,COc1cnc(CN\C=C\2/C(=O)NC(=O)c3ccc(I)cc23)cc1O,CHEMBL477063,IC50,8.0
4970715,COc1nccc2c3cnc(Nc4ccc(cn4)N5CCNCC5)nc3n(C6CCC(C)(C)CC6)c12,CHEMBL3702109,IC50,8.0
4938033,FC(F)(F)c1cc(Nc2nccc(n2)c3cnn4ncccc34)ccc1Cl,CHEMBL188665,Ki,8.0
2515354,OC1CCCN(Cc2ccc(Nc3ncc4c5ccncc5n(C6CCCC6)c4n3)nc2)C1,CHEMBL3702118,IC50,8.0
2514990,OC1CN(C1)C2CCN(CC2)c3ccc(Nc4ncc5c6ccncc6n(C7CCCC7)c5n4)nn3,CHEMBL3642004,IC50,8.0
2515318,O[C@H]1CCN(C1)C2CCN(CC2)c3ccc(Nc4ncc5c6ccncc6n(C7CCCC7)c5n4)nn3,CHEMBL3642006,IC50,8.0
4970730,Oc1cc(CN\C=C\2/C(=O)NC(=O)c3ccc(I)cc23)ccc1c4cccnc4,CHEMBL452447,IC50,8.0
2514774,CCN(CCO)C1CCN(CC1)c2ccc(Nc3ncc4c5ccncc5n(C6CCCC6)c4n3)nc2,CHEMBL3642028,IC50,8.01
4970741,CN(C)C1CCN(CC1)c2ccc(Nc3ncc4c5ccnc(O)c5n(C6CCC(C)(C)CC6)c4n3)nn2,CHEMBL3702113,IC50,8.01
2514945,CC[C@@H](C)n1c2cnccc2c3cnc(Nc4ccc(nn4)N5CCNCC5)nc13,CHEMBL3702223,IC50,8.02
4970751,CN(C)C(=O)c1cc2cnc(Nc3ccc(cn3)N4CC5(CC6CCC(C5)N6)CC4=O)nc2n1C7CCCC7,CHEMBL3691655,IC50,8.02
4970760,CN(C)C1CCN(CC1)c2ccc(Nc3ncc4c5ccncc5n(C6CCCC6)c4n3)nc2,CHEMBL3698648,IC50,8.02
2514927,O=S1(=O)CCC(C1)Nc2ccc(Nc3ncc4c5ccncc5n(C6CCCC6)c4n3)nc2,CHEMBL3698696,IC50,8.02
2515189,Oc1cc(ccn1)c2ccc(Nc3ncc4c5ccncc5n(C6CCCC6)c4n3)nn2,CHEMBL3702166,IC50,8.03
2516115,CN1CCN(Cc2cnc(Nc3ncc(s3)c4cc(C)nc(OC5CCCCC5)n4)cn2)CC1,CHEMBL210540,IC50,8.04
4970773,C[C@H]1CN(CCN1)c2cnc(Nc3ncc4c5ccncc5n(C6CCCC6)c4n3)cn2,CHEMBL3698712,IC50,8.04
4970782,CN(C)C(=O)c1cc2cnc(Nc3ccc(cn3)C(=O)N4C[C@H]5CN[C@H](C5)C4)nc2n1C6CCCC6,CHEMBL3691554,IC50,8.05
4970791,CN(C)C(=O)c1cc2cnc(Nc3ccc(cn3)N4CC5(CCCNC5)OC4=O)nc2n1C6CCCC6,CHEMBL3691644,IC50,8.05
4970800,CN(C)C(=O)c1cc2cnc(Nc3ccc(cn3)N4CC5CCC(CC4=O)N5)nc2n1c6ccccc6,CHEMBL3691664,IC50,8.05
4970809,CN(C)C(=O)c1cc2cnc(Nc3ccc(cn3)N4C[C@H]5CC[C@@H](CC4=O)N5)nc2n1c6ccccc6,CHEMBL3691666,IC50,8.05
3031094,CN1CC[C@@H]([C@H](O)C1)c2c(O)cc(O)c3C(=O)C=C(Oc23)c4ccccc4Cl,CHEMBL428690,Kd,8.05
2515327,C1CCC(C1)n2c3cnccc3c4cnc(Nc5ccc(N[C@H]6CCNC6)nn5)nc24,CHEMBL3698722,IC50,8.06
4970821,O=C1NC=Cc2c1n(C3CCCC3)c4nc(Nc5ccc(nn5)N6CCNCC6)ncc24,CHEMBL3702030,IC50,8.06
4970830,CN1C(=O)C=Cc2c1n(C3CCCC3)c4nc(Nc5ccc(cn5)N6CCNCC6)ncc24,CHEMBL3702089,IC50,8.07
4970839,C[C@@H]1CC[C@H](CC1)n2c3cnccc3c4cnc(Nc5ccc6CCNCc6n5)nc24,CHEMBL3684990,IC50,8.07
2514936,O[C@H]1CCN(C1)c2ccc(Nc3ncc4c5ccnc(F)c5n(C6CCCC6)c4n3)nn2,CHEMBL3702211,IC50,8.07
2515180,O[C@H]1CCN(Cc2csc(Nc3ncc4c5ccncc5n(C6CCCC6)c4n3)n2)C1,CHEMBL3702072,IC50,8.07
4970850,C1CCN(CC1)c2ccc(Nc3ncc4c5ccncc5n(C6CCCC6)c4n3)nn2,CHEMBL3698737,IC50,8.08
2514999,C1CCC(C1)n2c3ncccc3c4cnc(Nc5ccc(cn5)N6CCNCC6)nc24,CHEMBL3698670,IC50,8.09
4970860,C1CN(CCN1)c2ccc(Nc3ncc4c5ccncc5n(C6CCOCC6)c4n3)nc2,CHEMBL3698656,IC50,8.09
4970869,CC(C)N1CCN(CC1)c2ccc(Nc3ncc4cc(C(=O)N(C)C)n(C5CCCC5)c4n3)nc2,CHEMBL3658050,IC50,8.1
3927969,CCN(CC)CCNC(=O)c1cccc(Nc2nccc(n2)c3cnn4ncccc34)c1,CHEMBL495751,IC50,8.1
4970880,CN(C)C(=O)c1cc2cnc(Nc3ccc(cn3)C(=O)N4CCC[C@@H]5CCN[C@@H]5C4)nc2n1C6CCCC6,CHEMBL3691568,IC50,8.1
4970889,CN(C)C(=O)c1cc2cnc(Nc3ccc(cn3)N4CC5CCC(CC4=O)N5)nc2n1C6CCC6,CHEMBL3691670,IC50,8.1
4970898,CN(C)C(=O)c1cc2cnc(Nc3ccc(cn3)N4CCN5CCCC5C4)nc2n1C6CCCC6,CHEMBL3691654,IC50,8.1
4970907,CN(C)C(=O)c1cc2cnc(Nc3ccc(cn3)N4C[C@]5(CCCNC5)OC4=O)nc2n1C6CCCC6,CHEMBL3691647,IC50,8.1
2515170,CN(C)CCN(C)C1CCN(CC1)c2ccc(Nc3ncc4c5ccncc5n(C6CCCC6)c4n3)nn2,CHEMBL3642034,IC50,8.1
4970917,CSCC[C@@H](N)C(=O)N1C2CCC1CN(C2)C(=O)c3ccc(Nc4ncc5cc(C(=O)N(C)C)n(C6CCCC6)c5n4)nc3,CHEMBL3691601,IC50,8.1
2515582,OC[C@@H](O)CNC1CCN(CC1)c2ccc(Nc3ncc4c5ccncc5n(C6CCCC6)c4n3)nn2,CHEMBL3642036,IC50,8.1
4970928,Oc1cc(CN\C=C\2/C(=O)NC(=O)c3ccc(I)cc23)ccc1c4ccncc4,CHEMBL477860,IC50,8.1
4970938,N[C@H]1CCN(C1)c2cnc(Nc3ncc4c5ccncc5n(C6CCCC6)c4n3)cn2,CHEMBL3698719,IC50,8.12
2515472,Fc1ccc(cc1)n2c3cnccc3c4cnc(Nc5ccc(cn5)N6CCNCC6)nc24,CHEMBL3698651,IC50,8.13
4970948,O=C(Cc1ccc(Nc2ncc3c4ccncc4n(C5CCCC5)c3n2)nc1)N6CCNCC6,CHEMBL3702147,IC50,8.13
4970957,C1CCC(C1)n2c3cnccc3c4cnc(Nc5ccc(nn5)N6CCC7(CCCN7)CC6)nc24,CHEMBL3702134,IC50,8.14
4970966,CN(C)[C@@H]1CCN(C1)c2ccc(Nc3ncc4c5ccncc5n(C6CCCC6)c4n3)nc2,CHEMBL3702189,IC50,8.14
2515044,FCCNC1CCN(CC1)c2ccc(Nc3ncc4c5ccncc5n(C6CCCC6)c4n3)nc2,CHEMBL3642022,IC50,8.14
2516305,C1CCC(C1)n2c3cnccc3c4cnc(Nc5ccc(cn5)C6CCNCC6)nc24,CHEMBL3702159,IC50,8.16
4970977,CC1(C)CN(CCN1)c2ccc(Nc3ncc4c5ccncc5n(C6CCCC6)c4n3)nc2,CHEMBL3702044,IC50,8.16
2515363,CCC(C)(C)n1c2cnccc2c3cnc(Nc4ccc(nn4)N5CCC(CC5)N(C)C)nc13,CHEMBL3702063,IC50,8.16
2515897,CC[C@@H](C)n1c2cnccc2c3cnc(Nc4ccc(cn4)N5CCN[C@@H](C)C5)nc13,CHEMBL3702221,IC50,8.16
4970988,CN(C)C(=O)c1cc2cnc(Nc3ccc(cn3)N4C[C@@H]5CC[C@H](CC4=O)N5)nc2n1C6CCC6,CHEMBL3691671,IC50,8.16
4970997,CN(C)C(=O)c1cc2cnc(Nc3ccc(cn3)N4C[C@@H]5CN(C)C[C@@H]5C4=O)nc2n1C6CCCC6,CHEMBL3691632,IC50,8.16
4971006,CN(C)C1CCN(CC1)C(=O)Cc2ccc(Nc3ncc4c5ccncc5n(C6CCCC6)c4n3)nc2,CHEMBL3702145,IC50,8.16
4971016,Cc1nc2C(=O)C(=CC(=O)c2s1)Nc3ccc(Cl)cc3,CHEMBL38694,IC50,8.16
2516033,OC1CCN(CC1)C2CCN(CC2)c3ccc(Nc4ncc5c6ccncc6n(C7CCCC7)c5n4)nn3,CHEMBL3642011,IC50,8.16
4971027,O[C@H]1CCCN(C1)C2CCN(CC2)c3ccc(Nc4ncc5c6ccncc6n(C7CCCC7)c5n4)nn3,CHEMBL3642008,IC50,8.16
2515161,C1CN(CCN1)c2ccc(Nc3cc4c(cn3)c5ccncc5n4C6CCSC6)nc2,CHEMBL3702141,IC50,8.17
4971037,C[C@H](CO)Nc1ccc(Nc2ncc3c4ccncc4n(C5CCCC5)c3n2)nn1,CHEMBL3702195,IC50,8.17
4971047,Cc1nc2C(=O)C(=CC(=O)c2s1)Nc3ccc(Br)cc3,CHEMBL142788,IC50,8.17
4971058,Cc1nc2C(=O)C(=CC(=O)c2s1)Nc3ccc(O)cc3,CHEMBL140584,IC50,8.17
2516143,O[C@H]1CCCN(C1)c2ccc(Nc3ncc4c5ccncc5n(C6CCCC6)c4n3)nn2,CHEMBL3698735,IC50,8.17
4971069,CC1(C)CCC(CC1)n2c3nc(Nc4ccc(cn4)N5CCC(CC5)N6CCCC6)ncc3c7ccnc(O)c27,CHEMBL3702112,IC50,8.18
4971078,C1CCC(C1)n2c3cnccc3c4cnc(Nc5cnc(cn5)N6CCCNCC6)nc24,CHEMBL3698716,IC50,8.19
4971087,CN(C)C(=O)c1cc2cnc(Nc3ccc(cn3)C(=O)N4CC5CCC(C4)N5)nc2n1c6ccc(cc6)C(C)(C)C#N,CHEMBL3691609,IC50,8.19
4971096,CN(C)C(=O)c1cc2cnc(Nc3ccc(cn3)C(=O)N4C[C@@H]5CC4CN5)nc2n1C6CCCC6,CHEMBL3691562,IC50,8.19
2515554,C[C@@H]1C[C@H]2CN1CCn3nc4c(cccc4c3O)c5nc6c(O2)cccc6nc5O,CHEMBL215803,IC50,8.19
2516125,OCCC1CCN(CC1)c2ccc(Nc3ncc4c5ccnc(F)c5n(C6CCCC6)c4n3)nc2,CHEMBL3702095,IC50,8.19
4971108,C[C@@H]1CC[C@H](CC1)n2c3cnccc3c4cnc(Nc5ccc6CCN(Cc6n5)C(=O)CO)nc24,CHEMBL3684992,IC50,8.2
4971118,Cc1nc2C(=O)C(=CC(=O)c2s1)Nc3ccc(F)cc3,CHEMBL40326,IC50,8.2
4971128,C(Nc1ccc(Nc2ncc3c4ccncc4n(C5CCCC5)c3n2)nn1)C6COCCN6,CHEMBL3698730,IC50,8.21
2515436,CN(C)C1CN(CCC1O)c2ccc(Nc3ncc4c5ccncc5n(C6CCCC6)c4n3)nn2,CHEMBL3642038,IC50,8.21
2515600,C1CCC(C1)n2c3cnccc3c4cnc(Nc5ccc(N[C@@H]6CCNC6)nn5)nc24,CHEMBL3698721,IC50,8.22
4971139,CN(C)C(=O)c1cc2cnc(Nc3ccc(cn3)C(=O)N4CC5CC(C4)N(C)C5)nc2n1C6CCCC6,CHEMBL3691556,IC50,8.22
4971148,CN(C)C(=O)c1cc2cnc(Nc3ccc(cn3)N4C[C@@H]5CNC[C@@H]5C4=O)nc2n1C6CCCC6,CHEMBL3691623,IC50,8.22
4971157,CN(C)C(=O)c1cc2cnc(Nc3ccc(cn3)N4C[C@@H]5CNC[C@@H]5CC4=O)nc2n1C6CCCC6,CHEMBL3691629,IC50,8.22
4971166,CN(C)C(=O)c1cc2cnc(Nc3ccc(cn3)N4C[C@H]5CNC[C@H]5CC4=O)nc2n1C6CCCC6,CHEMBL3691628,IC50,8.22
3929059,CN1CCN(CC1)c2ccc(Nc3nccc(n3)c4cnn5ncccc45)cc2C(F)(F)F,CHEMBL468963,IC50,8.22
4971178,Cc1ccc(NC2=CC(=O)c3sc(C)nc3C2=O)cc1,CHEMBL290904,IC50,8.22
4971189,Cc1nc2C(=O)C(=CC(=O)c2s1)Nc3ccccc3,CHEMBL38693,IC50,8.22
4971199,Fc1nccc2c3cnc(Nc4ccc(cn4)C(=O)N5CCNCC5)nc3n(C6CCCC6)c12,CHEMBL3702124,IC50,8.22
4971209,Oc1nc2cccc3OCCNCCN4Sc5c(cccc5c1nc23)C4=O,CHEMBL383961,IC50,8.22
4971220,Oc1nc2ccccc2nc1c3cccc4C(=O)N(Sc34)C5CCCC5,CHEMBL386467,IC50,8.22
4971230,C1CCC(C1)n2c3cnccc3c4cnc(Nc5ccc(cn5)N6CCC(CC6)N7CCCC7)nc24,CHEMBL3698707,IC50,8.23
4971239,CN1CCN(CC1)c2ccc(Nc3ncc4c5ccncc5n(C6CCCC6)c4n3)nn2,CHEMBL3698742,IC50,8.23
2514855,C[C@H](O)CNc1ccc(Nc2ncc3c4ccncc4n(C5CCCC5)c3n2)nn1,CHEMBL3702194,IC50,8.23
2515080,CC(C)NC1CCN(CC1)c2ccc(Nc3ncc4c5ccncc5n(C6CCCC6)c4n3)nc2,CHEMBL3642024,IC50,8.24
2515381,CN(CCO)C1CCN(CC1)c2ccc(Nc3ncc4c5ccncc5n(C6CCCC6)c4n3)nn2,CHEMBL3641996,IC50,8.24
4971251,C1CCC(C1)n2c3cnccc3c4cnc(Nc5ccc(nn5)C6=CCNCC6)nc24,CHEMBL3702157,IC50,8.25
4971260,CC(C)(O)CN1CCN(CC1)c2ccc(Nc3ncc4c5ccnc(F)c5n(C6CCCC6)c4n3)nc2,CHEMBL3702079,IC50,8.25
4971270,COc1ccc(NC2=CC(=O)c3sc(C)nc3C2=O)cc1,CHEMBL143570,IC50,8.25
4971280,N[C@@H]1CCN(C1)c2cnc(Nc3ncc4c5ccncc5n(C6CCCC6)c4n3)cn2,CHEMBL3698720,IC50,8.25
2516623,OCC1CCN(CC1)c2ccc(Nc3ncc4c5ccncc5n(C6CCCC6)c4n3)nn2,CHEMBL3698733,IC50,8.25
2516179,C1CCC(C1)n2c3cnccc3c4cnc(Nc5ccc(nn5)N6CCCNCC6)nc24,CHEMBL3698747,IC50,8.26
2516161,CC(C)(C)n1c2cnccc2c3cnc(Nc4ccc(cn4)N5CCNCC5)nc13,CHEMBL3698662,IC50,8.26
4971292,CN(C)C(=O)c1cc2cnc(Nc3ccc(cn3)C(=O)N4CC5CCC(C4)N5)nc2n1C6CCCCC6,CHEMBL3691607,IC50,8.26
4971301,CN(C)C(=O)c1cc2cnc(Nc3ccc(cn3)C(=O)N4CC[C@@H]5CC[C@H](C4)N5)nc2n1C6CCCC6,CHEMBL3691612,IC50,8.26
4971310,CN(C)C(=O)c1cc2cnc(Nc3ccc(cn3)N4C[C@H]5CC[C@@H](CC4=O)N5C)nc2n1C6CCCC6,CHEMBL3691676,IC50,8.26
4971319,CN(C)C(=O)c1cc2cnc(Nc3ccc(cn3)N4C[C@H]5CNC[C@H]5C4=O)nc2n1C6CCCC6,CHEMBL3691622,IC50,8.26
2515390,C[C@@H](CO)Nc1ccc(Nc2ncc3c4ccncc4n(C5CCCC5)c3n2)nn1,CHEMBL3702196,IC50,8.26
4971329,OCCN1CCN(CC1)c2ccc(Nc3ncc4c5ccnc(Cl)c5n(C6CCCC6)c4n3)nc2,CHEMBL3702073,IC50,8.26
2516314,CN(C)C1CC2CCC(C1)N2c3ccc(Nc4ncc5c6ccncc6n(C7CCCC7)c5n4)nc3,CHEMBL3702065,IC50,8.27
4971339,O=S1(=O)CCN(CC1)c2ccc(Nc3ncc4c5ccncc5n(C6CCCC6)c4n3)nc2,CHEMBL3698697,IC50,8.27
2516024,CC1(CCC1)n2c3cnccc3c4cnc(Nc5ccc(cn5)N6CCNCC6)nc24,CHEMBL3698668,IC50,8.28
2515609,CCN(CCO)C1CCN(CC1)c2ccc(Nc3ncc4c5ccncc5n(C6CCCC6)c4n3)nn2,CHEMBL3642010,IC50,8.28
2515618,CCOC(=O)CN1CCN(Cc2ccc(Nc3ncc4c5ccncc5n(C6CCCC6)c4n3)nc2)CC1,CHEMBL3702121,IC50,8.28
4971351,CN(C)C1CCN(CC1)c2ccc(Nc3ncc4c5C=CNC(=O)c5n(C6CCCC6)c4n3)nn2,CHEMBL3702035,IC50,8.28
4971360,Fc1cncc2c1c3cnc(Nc4ccc(cn4)N5CCNCC5)nc3n2C6CCCC6,CHEMBL3698689,IC50,8.28
4971369,F[C@@H]1CCN(C1)c2ccc(Nc3ncc4c5ccncc5n(C6CCCC6)c4n3)nn2,CHEMBL3698749,IC50,8.29
4971379,CC1=C(Br)C(=O)N(C2CCCC2)c3nc(Nc4ccc(cc4)N5CCNCC5)ncc13,CHEMBL189937,IC50,8.3
4971389,CCN(CC)C1CCN(CC1)c2ccc(Nc3ncc4c5ccnc(O)c5n(C6CCCC6)c4n3)nc2,CHEMBL3702185,IC50,8.3
4971398,CN(C)C(=O)c1cc2cnc(Nc3ccc(cn3)C(=O)N4C[C@@H]5CN[C@@H](C5)C4)nc2n1C6CCCC6,CHEMBL3691553,IC50,8.3
4971407,CN(C)C(=O)c1cc2cnc(Nc3ccc(cn3)C(=O)N4C[C@H]5CNC[C@@H](C4)C5O)nc2n1C6CCCCCC6,CHEMBL3691545,IC50,8.3
4971416,CN(C)C(=O)c1cc2cnc(Nc3ccc(cn3)N4CC5CCC(CC4=O)N5)nc2n1c6ccc(cc6)C(C)(C)C#N,CHEMBL3691663,IC50,8.3
4971425,CN(C)C(=O)c1cc2cnc(Nc3ccc(cn3)N4CC5CNCC5CC4=O)nc2n1C6CCCC6,CHEMBL3691627,IC50,8.3
4971434,CN(C)C(=O)c1cc2cnc(Nc3ccc(cn3)N4C[C@H]5CNC[C@H]5CC4=O)nc2n1C6CCCCCC6,CHEMBL3691625,IC50,8.3
2514918,CN(C)[C@H]1CN(CC[C@@H]1O)c2ccc(Nc3ncc4c5ccncc5n(C6CCCC6)c4n3)nn2,CHEMBL3702160,IC50,8.3
2515454,CNC1CCN(CC1)c2ccc(Nc3ncc4c5ccnc(F)c5n(C6CCCC6)c4n3)nc2,CHEMBL3702210,IC50,8.3
4971445,C[C@@H]1CN(CCN1)c2ccc(Nc3ncc4c5ccnc(F)c5n(C6CCCC6)c4n3)nc2,CHEMBL3702083,IC50,8.3
4971454,C[C@H]1CNCCN1c2ccc(Nc3ncc4c5ccnc(F)c5n(C6CCCC6)c4n3)nc2,CHEMBL3702082,IC50,8.3
2515564,OC1CN(C1)C2CCN(CC2)c3ccc(Nc4ncc5c6ccncc6n(C7CCCC7)c5n4)nc3,CHEMBL3642029,IC50,8.3
4971464,C(Nc1ccc(Nc2ncc3c4ccncc4n(C5CCCC5)c3n2)nn1)C6CCCCN6,CHEMBL3698729,IC50,8.31
2516605,C1CN(CCN1)c2ccc(Nc3ncc4c5ccncc5n(C6CC7CCC6C7)c4n3)cc2,CHEMBL3698675,IC50,8.31
2515952,CN(C)CCNC1CCN(CC1)c2ccc(Nc3ncc4c5ccncc5n(C6CCCC6)c4n3)nn2,CHEMBL3642035,IC50,8.31
2516015,O=S1(=O)CCN(CC1)c2ccc(Nc3ncc4c5ccncc5n(C6CCCC6)c4n3)nn2,CHEMBL3698724,IC50,8.31
2515198,OCCNc1ccc(Nc2ncc3c4ccncc4n(C5CCCC5)c3n2)nn1,CHEMBL3702192,IC50,8.31
2515255,CNCCN(C)C1CCN(CC1)c2ccc(Nc3ncc4c5ccncc5n(C6CCCC6)c4n3)nn2,CHEMBL3641999,IC50,8.32
2516350,OCCNC1CCN(CC1)c2ccc(Nc3ncc4c5ccncc5n(C6CCCC6)c4n3)nc2,CHEMBL3642014,IC50,8.32
2515372,CCCNC1CCN(CC1)c2ccc(Nc3ncc4c5ccncc5n(C6CCCC6)c4n3)nc2,CHEMBL3642021,IC50,8.33
4971480,C[C@@H]1CC[C@H](CC1)n2c3cnccc3c4cnc(Nc5cc6CCNCc6cn5)nc24,CHEMBL3684991,IC50,8.33
2515943,Oc1nccc2c3cnc(Nc4ccc(cn4)N5CCNCC5)nc3n(C6CCCC6)c12,CHEMBL3237446,IC50,8.33
2516242,C1CC(C1)n2c3cnccc3c4cnc(Nc5ccc(cn5)N6CCNCC6)nc24,CHEMBL3698665,IC50,8.34
2515517,C1CN(CCN1)c2ccc(Nc3cc4c(cn3)c5ccncc5n4c6ccccc6)nc2,CHEMBL3702135,IC50,8.34
4971492,CCN(CC)C1CCN(CC1)c2ccc(Nc3ncc4c5ccnc(F)c5n(C6CCCC6)c4n3)nc2,CHEMBL3702179,IC50,8.34
2515282,C[C@@H](O)CNc1ccc(Nc2ncc3c4ccncc4n(C5CCCC5)c3n2)nn1,CHEMBL3702193,IC50,8.34
4971502,C[C@@H]1CC[C@H](CC1)n2c3cnccc3c4cnc(Nc5ccc6CN(CCCO)CCc6n5)nc24,CHEMBL3680382,IC50,8.34
2515481,OCCCNC1CCN(CC1)c2ccc(Nc3ncc4c5ccncc5n(C6CCCC6)c4n3)nn2,CHEMBL3642009,IC50,8.34
4971512,OC[C@@H]1CN(CCN1)c2ccc(Nc3ncc4c5ccncc5n(C6CCCC6)c4n3)nc2,CHEMBL3702103,IC50,8.34
2515544,C[C@@H](O)CNC1CCN(CC1)c2ccc(Nc3ncc4c5ccncc5n(C6CCCC6)c4n3)nc2,CHEMBL3642016,IC50,8.35
4971522,C[C@@H]1CC[C@H](CC1)n2c3cnccc3c4cnc(Nc5ccc6CN(CCc6n5)C(=O)C)nc24,CHEMBL3680380,IC50,8.35
4971531,OC[C@@H]1CN(CCN1)c2ccc(Nc3ncc4c5ccnc(F)c5n(C6CCCC6)c4n3)nc2,CHEMBL3702104,IC50,8.35
4971540,C1CCC(C1)n2c3cnccc3c4cnc(Nc5ccc(nn5)N6CCC7(CC6)COCCN7)nc24,CHEMBL3702151,IC50,8.36
2515098,C1CCC(C1)n2c3cnccc3c4cnc(Nc5ccc(nn5)N6CCCC6)nc24,CHEMBL3698741,IC50,8.36
2516413,C1CCC(CC1)n2c3cnccc3c4cnc(Nc5ccc(cn5)N6CCNCC6)cc24,CHEMBL3702142,IC50,8.36
4971551,C[C@@H]1CC[C@H](CC1)n2c3cnccc3c4cnc(Nc5ccc6CN(CC(C)c6n5)C(=O)C)nc24,CHEMBL3684982,IC50,8.36
4971560,NCC1CCCN(C1)c2ccc(Nc3ncc4c5ccncc5n(C6CCCC6)c4n3)nn2,CHEMBL3698725,IC50,8.36
2516060,OC1CCN(Cc2ccc(Nc3ncc4c5ccncc5n(C6CCCC6)c4n3)nc2)CC1,CHEMBL3702117,IC50,8.36
2516377,OCCN1CCN(CC1)c2ccc(Nc3ncc4c5ccncc5n(C6CCCC6)c4n3)nc2,CHEMBL3702096,IC50,8.36
2516677,C1CCC(C1)n2c3ccccc3c4cnc(Nc5ccc(cn5)N6CCNCC6)nc24,CHEMBL3698672,IC50,8.37
4971572,CCC1CN(CCN1)c2ccc(Nc3ncc4c5ccncc5n(C6CCCC6)c4n3)nn2,CHEMBL3702029,IC50,8.37
2515116,C1CCC(C1)n2c3cnccc3c4cnc(Nc5ccc(cn5)N6CCC(CC6)NC7CCC7)nc24,CHEMBL3642023,IC50,8.38
4332676,C1CCC(CC1)Oc2nccc(n2)c3cnc(Nc4ccccn4)s3,CHEMBL424696,IC50,8.38
4971584,CC1CN(CC(C)N1)c2ccc(Nc3ncc4c5ccncc5n(C6CCCC6)c4n3)nn2,CHEMBL3698743,IC50,8.38
4971593,N#CC1CCN(C1)c2ccc(Nc3ncc4c5ccncc5n(C6CCCC6)c4n3)nn2,CHEMBL3698748,IC50,8.38
2515573,OCCNC1CCN(CC1)c2ccc(Nc3ncc4c5ccncc5n(C6CCCC6)c4n3)nn2,CHEMBL3641994,IC50,8.38
4971603,OC[C@H]1CN(CCN1)c2ccc(Nc3ncc4c5ccncc5n(C6CCCC6)c4n3)nc2,CHEMBL3702102,IC50,8.38
4971612,C(Nc1ccc(Nc2ncc3c4ccncc4n(C5CCCC5)c3n2)nc1)C6CCCNC6,CHEMBL3698702,IC50,8.39
2515508,C1CCC(C1)n2c3cnccc3c4cnc(Nc5ccc(cn5)N6CCC(CC6)NC7CC7)nc24,CHEMBL3642020,IC50,8.39
4971622,CN(C1CCCNC1)c2ccc(Nc3ncc4c5ccncc5n(C6CCCC6)c4n3)nc2,CHEMBL3698699,IC50,8.39
2515134,CN(CC(=O)O)C1CCN(CC1)c2ccc(Nc3ncc4c5ccncc5n(C6CCCC6)c4n3)nc2,CHEMBL3642026,IC50,8.39
4971632,Cc1nc(Nc2ncc3c4ccnc(Cl)c4n(C5CCCC5)c3n2)ccc1N6CCNCC6,CHEMBL3702062,IC50,8.39
2514900,C1CCC(C1)n2c3cnccc3c4cnc(Nc5ccc(nn5)N6CCOCC6)nc24,CHEMBL3698736,IC50,8.4
4971642,CN(C)C(=O)c1cc2cnc(Nc3ccc(cn3)C(=O)N4CC5CCC(C4)N5)nc2n1C6CCCCCC6,CHEMBL3691547,IC50,8.4
4971651,CN(C)C(=O)c1cc2cnc(Nc3ccc(cn3)N4CC5CCC(CC4=O)N5)nc2n1C6CCCCC6,CHEMBL3691667,IC50,8.4
4971660,CN(C)C(=O)c1cc2cnc(Nc3ccc(cn3)N4C[C@@H]5CNC[C@@H]5C4=O)nc2n1C6CCCCCC6,CHEMBL3691621,IC50,8.4
4971670,COc1ccc(CN\C=C\2/C(=O)NC(=O)c3ccc(cc23)n4cccc4)cc1O,CHEMBL489445,IC50,8.4
3930166,N#Cc1cccc(Nc2nccc(n2)c3cnn4ncccc34)c1,CHEMBL495696,IC50,8.4
4971682,NCC1CCN(CC1)c2ccc(Nc3ncc4c5ccncc5n(C6CCCC6)c4n3)nc2,CHEMBL3698691,IC50,8.4
2516051,NCC1CCN(CC1)c2ccc(Nc3ncc4c5ccncc5n(C6CCCC6)c4n3)nn2,CHEMBL3698731,IC50,8.4
2516551,O=C1CN(Cc2ccc(Nc3ncc4c5ccncc5n(C6CCCC6)c4n3)nc2)CCN1,CHEMBL3702127,IC50,8.4
2515997,O[C@H]1CCN(C1)c2ccc(Nc3ncc4c5ccncc5n(C6CCCC6)c4n3)nn2,CHEMBL3698655,IC50,8.4
2516170,CN(CCO)c1ccc(Nc2ncc3c4ccncc4n(C5CCCC5)c3n2)nn1,CHEMBL3702191,IC50,8.41
2516269,C[C@@H](C1CCCCC1)n2c3cnccc3c4cnc(Nc5ccc(cn5)N6CCNCC6)nc24,CHEMBL3698664,IC50,8.41
2514810,C[C@@H]1CN(CCN1)c2ccc(Nc3ncc4c5ccnc(F)c5n(C6CCCC6)c4n3)nn2,CHEMBL3702155,IC50,8.41
2515591,C[C@@H]1CN(CCN1)c2ccc(Nc3ncc4c5ccncc5n(C6CCCC6)c4n3)nn2,CHEMBL3698640,IC50,8.41
2515264,COCCN1CCN(CC1)c2ccc(Nc3ncc4c5ccncc5n(C6CCCC6)c4n3)nn2,CHEMBL3702051,IC50,8.42
2515107,C[C@H]1CN(CCN1)c2ccc(Nc3ncc4c5ccncc5n(C6CCCC6)c4n3)nn2,CHEMBL3698645,IC50,8.42
2516278,C[C@H](O)CNC1CCN(CC1)c2ccc(Nc3ncc4c5ccncc5n(C6CCCC6)c4n3)nn2,CHEMBL3641995,IC50,8.43
2516233,C(N1CCNCC1)c2csc(Nc3ncc4c5ccncc5n(C6CCCC6)c4n3)n2,CHEMBL3702071,IC50,8.44
4971702,C(Nc1ccc(Nc2ncc3c4ccncc4n(C5CCCC5)c3n2)nc1)C6CCNC6,CHEMBL3698701,IC50,8.44
2515219,CCC(CC)n1c2cnccc2c3cnc(Nc4ccc(cn4)N5CCNCC5)nc13,CHEMBL3702068,IC50,8.44
2516006,CCOC(=O)CN1CCN(CC1)c2ccc(Nc3ncc4c5ccncc5n(C6CCCC6)c4n3)nn2,CHEMBL3702119,IC50,8.44
2515627,CC[C@@H](C)n1c2cnccc2c3cnc(Nc4ccc(cn4)N5CCNCC5)nc13,CHEMBL3702220,IC50,8.44
4971715,Oc1nc2cccc3OCCCCCN4Sc5c(cccc5c1nc23)C4=O,CHEMBL386796,IC50,8.44
2516696,CC1(C)CCC(CC1)n2c3cnccc3c4cnc(Nc5ccc(cn5)N6CCNCC6)nc24,CHEMBL3237704,IC50,8.46
4971726,C[C@@H]1CN(CCN1)c2cnc(Nc3ncc4c5ccncc5n(C6CCCC6)c4n3)cn2,CHEMBL3698711,IC50,8.46
2515071,C1CCC(C1)n2c3cnccc3c4cnc(Nc5ccc(N[C@@H]6CCNC6)cn5)nc24,CHEMBL3698694,IC50,8.47
4971736,C1CCC(C1)n2c3cnccc3c4cnc(Nc5ccc(nn5)N6CCNC7(CCCC7)C6)nc24,CHEMBL3702149,IC50,8.47
2516422,CCN(CC)C1CCN(CC1)c2ccc(Nc3ncc4c5ccncc5n(C6CCCC6)c4n3)nc2,CHEMBL3702052,IC50,8.47
4971746,COC1CCN(C1)c2ccc(Nc3ncc4c5ccncc5n(C6CCCC6)c4n3)nn2,CHEMBL3698740,IC50,8.47
4971755,C[C@H]1CN(CCN1)c2ccc(Nc3ncc4c5ccnc(F)c5n(C6CCCC6)c4n3)nc2,CHEMBL3702084,IC50,8.47
4971764,C1CCC(C1)n2c3cnccc3c4cnc(Nc5ccc(cn5)N6CCC7(CCCN7)CC6)nc24,CHEMBL3702133,IC50,8.48
2515408,O[C@@H]1CCCN(C1)c2ccc(Nc3ncc4c5ccncc5n(C6CCCC6)c4n3)nn2,CHEMBL3698734,IC50,8.48
2516432,C1CCC(C1)n2c3cnccc3c4cnc(Nc5ccc(cn5)N6CCNCC6)nc24,CHEMBL3237442,IC50,8.5
4971775,CN1CCOC2(CCN(CC2)c3ccc(Nc4ncc5c6ccncc6n(C7CCCC7)c5n4)nn3)C1,CHEMBL3702153,IC50,8.5
2516587,O=C1CNCCN1Cc2ccc(Nc3ncc4c5ccncc5n(C6CCCC6)c4n3)nc2,CHEMBL3702128,IC50,8.5
2515979,NC1CCN(CC1)c2ccc(Nc3ncc4c5ccncc5n(C6CCCC6)c4n3)nc2,CHEMBL3698647,IC50,8.51
2515309,O=S1(=O)CCC(C1)Nc2ccc(Nc3ncc4c5ccncc5n(C6CCCC6)c4n3)nn2,CHEMBL3698723,IC50,8.51
2515933,OC1CCN(CC1)c2ccc(Nc3ncc4c5ccncc5n(C6CCCC6)c4n3)nn2,CHEMBL3698732,IC50,8.51
2516215,Oc1ccc(cn1)c2ccc(Nc3ncc4c5ccncc5n(C6CCCC6)c4n3)nn2,CHEMBL3702168,IC50,8.51
4971789,CC(C)n1c2cnccc2c3cnc(Nc4ccc(cn4)N5CCNCC5)nc13,CHEMBL3702066,IC50,8.52
4971798,CCN(CC)CC(=O)N1CCc2nc(Nc3ncc4c5ccncc5n([C@@H]6CC[C@@H](C)CC6)c4n3)ccc2C1,CHEMBL3684993,IC50,8.52
4971807,CN(C)C(=O)c1cc2cnc(Nc3ccc(cn3)C(=O)N4CC5CC4CN5)nc2n1C6CCCCC6,CHEMBL3691608,IC50,8.52
4971816,CN(C)C(=O)c1cc2cnc(Nc3ccc(cn3)C(=O)N4CC5CCC(C4)N5)nc2n1[C@@H]6C[C@H]7CC[C@@H]6C7,CHEMBL3691579,IC50,8.52
4971825,CN(C)C(=O)c1cc2cnc(Nc3ccc(cn3)C(=O)N4CC5CCC(C4)N5)nc2n1c6ccc(cc6)C(C)(C)C,CHEMBL3691595,IC50,8.52
4971834,CN(C)C(=O)c1cc2cnc(Nc3ccc(cn3)C(=O)N4CC5CCC(C4)N5)nc2n1c6cccc(c6)C(C)(C)C,CHEMBL3691596,IC50,8.52
4971843,CN(C)C(=O)c1cc2cnc(Nc3ccc(cn3)N4C[C@@H]5CNC[C@@H]5CC4=O)nc2n1C6CCCCCC6,CHEMBL3691626,IC50,8.52
4971852,CN(C)C(=O)c1cc2cnc(Nc3ccc(cn3)N4C[C@H]5CC[C@@H](CC4=O)N5)nc2n1C6CCCC6,CHEMBL3691660,IC50,8.52
4971861,CN(C)C(=O)c1cc2cnc(Nc3ccc(cn3)N4C[C@H]5CNC[C@H]5C4=O)nc2n1C6CCCCCC6,CHEMBL3691620,IC50,8.52
2515906,CNC1CCN(CC1)c2ccc(Nc3ncc4c5ccncc5n(C6CCCC6)c4n3)nn2,CHEMBL3698708,IC50,8.52
4971872,Cc1nc2C(=O)C(=CC(=O)c2s1)Nc3ccc(I)cc3,CHEMBL142789,IC50,8.52
2516542,O=S(=O)(N1CCNCC1)c2ccc(Nc3ncc4c5ccncc5n(C6CCCC6)c4n3)nc2,CHEMBL3702129,IC50,8.52
4971883,OCC(=O)N1CCN(CC1)c2ccc(Nc3ncc4c5ccncc5n(C6CCCC6)c4n3)nc2,CHEMBL3702059,IC50,8.52
2514792,CC[C@@H](C)n1c2cnccc2c3cnc(Nc4ccc(nn4)N5CCC(CC5)NC)nc13,CHEMBL3702218,IC50,8.54
2516578,OCC1CCN(CC1)c2ccc(Nc3ncc4c5ccnc(F)c5n(C6CCCC6)c4n3)nc2,CHEMBL3702093,IC50,8.54
2514909,C1CCC(C1)n2c3cnccc3c4cnc(Nc5ccc(N[C@H]6CCNC6)cn5)nc24,CHEMBL3698695,IC50,8.55
2514837,C1CCC(C1)n2c3cnccc3c4cnc(Nc5ccc(nn5)N6CCC(CC6)N7CCOCC7)nc24,CHEMBL3642003,IC50,8.55
4971896,CCN(CC)C1CCN(CC1)c2ccc(Nc3ncc4c5ccnc(O)c5n(C6CCCC6)c4n3)nn2,CHEMBL3702183,IC50,8.55
2516134,N#Cc1ccc2c3cnc(Nc4ccc(cn4)N5CCNCC5)nc3n(C6CCCC6)c2c1,CHEMBL3698676,IC50,8.57
4971906,CCN(CC)C1CCN(CC1)c2ccc(Nc3ncc4c5ccnc(OC)c5n(C6CCCC6)c4n3)nc2,CHEMBL3702186,IC50,8.59
4971915,CN(C)C1CCN(CC1)c2ccc(Nc3ncc4c5ccncc5n(C6CCC(C)(C)CC6)c4n3)cn2,CHEMBL3702107,IC50,8.59
2516087,C[C@@H](CO)NC1CCN(CC1)c2ccc(Nc3ncc4c5ccncc5n(C6CCCC6)c4n3)nc2,CHEMBL3642030,IC50,8.59
4971925,C[C@@H]1CC[C@H](CC1)n2c3cnccc3c4cnc(Nc5ccc6CN(CCO)CCc6n5)nc24,CHEMBL3680381,IC50,8.59
4971934,C[C@H](O)Cn1c2cnccc2c3cnc(Nc4ccc(nn4)N5CC[C@@H](O)C5)nc13,CHEMBL3641972,IC50,8.59
4971943,NC1CCN(CC1)c2cnc(Nc3ncc4c5ccncc5n(C6CCCC6)c4n3)cn2,CHEMBL3698713,IC50,8.59
2514828,C(Nc1ccc(Nc2ncc3c4ccncc4n(C5CCCC5)c3n2)nn1)C6CCNC6,CHEMBL3698728,IC50,8.6
2516386,CC(C)n1c2cnccc2c3cnc(Nc4ccc(nn4)N5CCC(CC5)N(C)C)nc13,CHEMBL3702067,IC50,8.6
2516206,O=C(N1CCNCC1)c2csc(Nc3ncc4c5ccncc5n(C6CCCC6)c4n3)n2,CHEMBL3698684,IC50,8.6
2516251,OC1CCC(CC1)n2c3cnccc3c4cnc(Nc5ccc(cn5)N6CCNCC6)nc24,CHEMBL3698666,IC50,8.6
4971956,OCCN1CCN(CC1)c2ccc(Nc3ncc4c5ccnc(F)c5n(C6CCCC6)c4n3)nc2,CHEMBL3702077,IC50,8.6
4971965,C[C@@H]1CC[C@H](CC1)n2c3cnccc3c4cnc(Nc5ccc6CN(CCS(=O)(=O)C)CCc6n5)nc24,CHEMBL3680385,IC50,8.62
4971974,OC[C@H]1CN(CCN1)c2ccc(Nc3ncc4c5ccnc(F)c5n(C6CCCC6)c4n3)nc2,CHEMBL3702101,IC50,8.62
4971983,CC1CN(CC(C)N1)c2ccc(Nc3ncc4c5ccncc5n(C6CCCC6)c4n3)nc2,CHEMBL3698703,IC50,8.64
4971993,Clc1ccc2C[C@@H](Cc2c1)NCc3cc(NC(=O)Nc4cccc5C(=O)N6CCC[C@H]6c45)[nH]n3,CHEMBL336242,IC50,8.64
4972003,O=C1CN(CCN1)c2ccc(Nc3ncc4c5ccncc5n(C6CCCC6)c4n3)nn2,CHEMBL3698745,IC50,8.64
2516596,C(N1CCOCC1)c2ccc(Nc3ncc4c5ccncc5n(C6CCCC6)c4n3)nc2,CHEMBL3702049,IC50,8.66
2516069,C1CN(CCN1)c2ccc(Nc3ncc4c5ccncc5n(c6ccccc6)c4n3)nc2,CHEMBL3698650,IC50,8.66
4972014,CC1(C)CN(CCN1)c2ccc(Nc3ncc4c5ccncc5n(C6CCCC6)c4n3)nn2,CHEMBL3698646,IC50,8.66
2516641,O=S1(=O)CCC(=CC1)c2ccc(Nc3ncc4c5ccncc5n(C6CCCC6)c4n3)nc2,CHEMBL3702167,IC50,8.66
2516224,OCC(CO)NC1CCN(CC1)c2ccc(Nc3ncc4c5ccncc5n(C6CCCC6)c4n3)nn2,CHEMBL3642001,IC50,8.66
2516524,C1CCCC(CC1)n2c3ccccc3c4cnc(Nc5ccc(cn5)N6CCNCC6)nc24,CHEMBL3698674,IC50,8.68
2515336,C1CN(CCN1)c2ccc(Nc3ncc4c5ccccc5n(C6CCOCC6)c4n3)nc2,CHEMBL3698673,IC50,8.68
4972027,C[C@@H]1CC[C@H](CC1)n2c3cnccc3c4cnc(Nc5ccc6CNCCc6n5)nc24,CHEMBL3680379,IC50,8.68
4972037,BrC1=Cc2cnc(Nc3ccc(cc3)N4CCNCC4)nc2N(C5CCCC5)C1=O,CHEMBL190281,IC50,8.7
2516488,C1CCC(C1)n2c3ccccc3c4cnc(Nc5ccc(cc5)N6CCNCC6)nc24,CHEMBL3698682,IC50,8.7
2516705,C1CN(CCN1)c2ccc(Nc3ncc4c5ccccc5n(C6CCOCC6)c4n3)cc2,CHEMBL3698681,IC50,8.7
4972050,CC(=O)C1=C(C)c2cnc(Nc3ccc(cc3)N4CCNCC4)nc2N(C5CCCC5)C1=O,CHEMBL365847,IC50,8.7
2516533,CCNC1CCN(CC1)c2ccc(Nc3ncc4c5ccncc5n(C6CCCC6)c4n3)nc2,CHEMBL3642019,IC50,8.7
4972061,CC[C@H](C)n1c2cnccc2c3cnc(Nc4ccc(cn4)N5CC[C@@H](O)C5)nc13,CHEMBL3702236,IC50,8.7
2516359,CN(C)C1CCN(CC1)c2ccc(Nc3ncc4c5ccnc(F)c5n(C6CCCC6)c4n3)nn2,CHEMBL3702154,IC50,8.7
4972072,COc1ccc(CN\C=C\2/C(=O)NC(=O)c3ccc(cc23)c4ccsc4)cc1O,CHEMBL489646,IC50,8.7
4972083,COc1ccc(CN\C=C\2/C(=O)NC(=O)c3ccc(cc23)c4cocc4)cc1O,CHEMBL489853,IC50,8.7
4972093,C[C@@H]1CNCCN1c2ccc(Nc3ncc4c5ccnc(F)c5n(C6CCCC6)c4n3)nc2,CHEMBL3702085,IC50,8.7
4972102,C[C@H]1CN(CCN1)c2ccc(Nc3ncc4c5ccncc5n(C6CCCC6)c4n3)nc2,CHEMBL3698693,IC50,8.7
1737011,Clc1nccc2c3cnc(Nc4ccc(cn4)N5CCNCC5)nc3n(C6CCCC6)c12,CHEMBL3237444,IC50,8.7
1745877,Fc1nccc2c3cnc(Nc4ccc(cn4)N5CCNCC5)nc3n(C6CCCC6)c12,CHEMBL3237443,IC50,8.7
4972113,NC1CCCN(C1)c2ccc(Nc3ncc4c5ccncc5n(C6CCCC6)c4n3)nn2,CHEMBL3698746,IC50,8.7
4972122,NC1CCN(CC1)c2ccc(Nc3ncc4c5C=CNC(=O)c5n(C6CCCC6)c4n3)nn2,CHEMBL3702034,IC50,8.7
4972132,O=C(Nc1ccccn1)Nc2cccc3C(=O)N4CCC[C@@H]4c23,CHEMBL141247,IC50,8.7
2516341,OC(=O)CNC1CCN(CC1)c2ccc(Nc3ncc4c5ccncc5n(C6CCCC6)c4n3)nc2,CHEMBL3642032,IC50,8.7
2516287,OC(=O)CNC1CCN(CC1)c2ccc(Nc3ncc4c5ccncc5n(C6CCCC6)c4n3)nn2,CHEMBL3642033,IC50,8.7
2516404,O[C@H]1CCN(C1)c2ccc(Nc3ncc4c5ccnc(F)c5n(C6CCCC6)c4n3)nc2,CHEMBL3702092,IC50,8.7
2515915,C[C@H](CO)NC1CCN(CC1)c2ccc(Nc3ncc4c5ccncc5n(C6CCCC6)c4n3)nn2,CHEMBL3642000,IC50,8.72
2515924,N[C@@H]1CCN(C1)c2ccc(Nc3ncc4c5ccncc5n(C6CCCC6)c4n3)nn2,CHEMBL3698739,IC50,8.72
2516650,O[C@@H]1CCN(C1)c2ccc(Nc3ncc4c5ccnc(F)c5n(C6CCCC6)c4n3)nc2,CHEMBL3702091,IC50,8.72
4972148,CC1(C)CCC(CC1)n2c3nc(Nc4ccc(cn4)N5CCNCC5)ncc3c6ccnc(O)c26,CHEMBL3702110,IC50,8.75
2516368,COCCN1CCN(CC1)c2ccc(Nc3ncc4c5ccncc5n(C6CCCC6)c4n3)nc2,CHEMBL3702050,IC50,8.75
2514846,COC(=O)CNC1CCN(CC1)c2ccc(Nc3ncc4c5ccncc5n(C6CCCC6)c4n3)nn2,CHEMBL3642031,IC50,8.77
2516479,C[C@@H](O)CNC1CCN(CC1)c2ccc(Nc3ncc4c5ccncc5n(C6CCCC6)c4n3)nn2,CHEMBL3641997,IC50,8.77
4972160,C[C@@H]1CN(CCN1)c2ccc(Nc3ncc4c5ccncc5n(C6CCCC6)c4n3)nc2,CHEMBL3698692,IC50,8.77
2516296,C1CCC(C1)n2c3cnccc3c4cnc(Nc5ccc(cn5)N6CCCNCC6)nc24,CHEMBL3698683,IC50,8.8
2516506,C1CN(CCN1)c2ccc(Nc3ncc4c5ccncc5n(c4n3)C67CC8CC(CC(C8)C6)C7)nc2,CHEMBL3698661,IC50,8.8
2515988,NC1CCN(CC1)c2ccc(Nc3ncc4c5ccncc5n(C6CCCC6)c4n3)nn2,CHEMBL3698744,IC50,8.8
2516659,O[C@@H]1CCN(C1)c2ccc(Nc3ncc4c5ccncc5n(C6CCCC6)c4n3)nn2,CHEMBL3698654,IC50,8.8
2516188,C1CCC(C1)n2c3cnccc3c4cnc(Nc5ccc(nn5)N6CCNCC6)nc24,CHEMBL3698642,IC50,8.82
2515463,C[C@@H](CO)NC1CCN(CC1)c2ccc(Nc3ncc4c5ccncc5n(C6CCCC6)c4n3)nn2,CHEMBL3641998,IC50,8.82
2516668,C1CCC(C1)n2c3cnccc3c4cnc(Nc5ccc(nc5)N6CCNCC6)nc24,CHEMBL3698643,IC50,8.85
4972176,CNC1CCN(CC1)c2ccc(Nc3ncc4c5ccncc5n(C6CCCC6)c4n3)nc2,CHEMBL3698706,IC50,8.85
2516105,O=C(N1CCNCC1)c2ccc(Nc3ncc4c5ccncc5n(C6CCCC6)c4n3)nc2,CHEMBL3702123,IC50,8.85
2515490,OCCCNc1ccc(Nc2ncc3c4ccncc4n(C5CCCC5)c3n2)nn1,CHEMBL3702197,IC50,8.85
2516497,OC(=O)CN1CCN(CC1)c2ccc(Nc3ncc4c5ccncc5n(C6CCCC6)c4n3)nn2,CHEMBL3702120,IC50,8.86
2516152,C1CCC(C1)n2c3cnccc3c4cnc(Nc5ccc(cn5)C6=CCNCC6)nc24,CHEMBL3702158,IC50,8.89
2516632,C1CCC(CC1)n2c3ccccc3c4cnc(Nc5ccc(cn5)N6CCNCC6)nc24,CHEMBL3698658,IC50,8.89
4972190,NCC1CCCN(C1)c2ccc(Nc3ncc4c5ccncc5n(C6CCCC6)c4n3)nc2,CHEMBL3698698,IC50,8.89
2516395,OC[C@H](O)CNC1CCN(CC1)c2ccc(Nc3ncc4c5ccncc5n(C6CCCC6)c4n3)nn2,CHEMBL3642002,IC50,8.89
4972200,CC(C)N1CCN(CC1)c2ccc(Nc3ncc4c5ccncc5n(C6CCCC6)c4n3)nc2,CHEMBL3702046,IC50,8.92
2516451,CC1CCC(CC1)n2c3cnccc3c4cnc(Nc5ccc(cn5)N6CCNCC6)nc24,CHEMBL3237702,IC50,8.92
2516714,C1CCC(CC1)n2c3ccccc3c4cnc(Nc5ccc(cc5)N6CCNCC6)nc24,CHEMBL3698657,IC50,9.0
2516260,CCN(CC)C1CCN(CC1)c2ccc(Nc3ncc4c5ccncc5n(C6CCCC6)c4n3)nn2,CHEMBL3702053,IC50,9.0
4972212,CN(C)C(=O)c1cc2cnc(Nc3ccc(cn3)C(=O)N4CC5CC4CN5)nc2n1C6CCCCCC6,CHEMBL3691546,IC50,9.0
2516569,CN(C)C1CCN(CC1)c2ccc(Nc3ncc4c5ccnc(Cl)c5n(C6CCCC6)c4n3)nc2,CHEMBL3702060,IC50,9.0
2516614,CN(C)C1CCN(CC1)c2ccc(Nc3ncc4c5ccncc5n(C6CCCC6)c4n3)nn2,CHEMBL3698649,IC50,9.0
4972223,CN(C)[C@@H]1CN(CC[C@H]1O)c2ccc(Nc3ncc4c5ccncc5n(C6CCCC6)c4n3)nn2,CHEMBL3642037,IC50,9.0
2516515,OC(=O)CN1CCN(Cc2ccc(Nc3ncc4c5ccncc5n(C6CCCC6)c4n3)nc2)CC1,CHEMBL3702122,IC50,9.0
4972233,CN(C)C1CCN(CC1)c2ccc(Nc3ncc4c5ccncc5n(C6CCCC6)c4n3)cn2,CHEMBL3698688,IC50,9.01
2516323,C1CN(CCN1)c2ccc(Nc3ncc4c5ccncc5n(C6CC7CCC6C7)c4n3)nc2,CHEMBL3698659,IC50,9.03
2516461,Cc1cc(Nc2ncc3c4ccncc4n(C5CCCC5)c3n2)cnc1N6CCNCC6,CHEMBL3698641,IC50,9.04
2516441,C1CCC(C1)n2c3ncccc3c4cnc(Nc5ccc(cc5)N6CCNCC6)nc24,CHEMBL3698671,IC50,9.08
418434,COc1ccc(F)c(F)c1C(=O)c2cnc(NC3CCN(CC3)S(=O)(=O)C)nc2N,CHEMBL384304,Kd,9.09
2516560,C1CCC(C1)n2c3cnccc3c4cnc(Nc5ccc(cc5)N6CCNCC6)nc24,CHEMBL3698639,IC50,9.35
2516723,C1CN(CCN1)c2ccc(Nc3ncc4c5ccncc5n(c6ccccc6)c4n3)cc2,CHEMBL3698653,IC50,9.5
3932086,[O-][N+](=O)c1cccc(Nc2nccc(n2)c3cnn4ncccc34)c1,CHEMBL526110,IC50,9.52
2516686,C1CCC(C1)n2c3cnccc3c4cnc(Nc5cnc(nc5)N6CCNCC6)nc24,CHEMBL3698644,IC50,9.89
