id,smiles,name,assay_type,activity_value
2513073,O=C(Cc1ccccc1)Nc2ncc(s2)C3CCC3,CHEMBL365855,IC50,7.6
2513085,CC(C)c1n[nH]c2c(NCc3ccc(cc3)c4ccccn4)nc(NCC(O)CO)nc12,CHEMBL3775677,IC50,7.68
2513096,CC(C)c1n[nH]c2c(NCc3ccc(cc3)c4ccccn4)nc(NCC(N)CO)nc12,CHEMBL3775608,IC50,7.77
2513107,O=C(Cc1c[nH]c2ccccc12)Nc3ncc(s3)C4CCC4,CHEMBL186240,IC50,7.8
2513118,Cc1cc2ncn(CC(=O)Nc3ncc(s3)C4CCC4)c2cc1C,CHEMBL187903,IC50,7.89
2513129,O=C(Cc1cccc2cnccc12)Nc3ncc(s3)C4CCC4,CHEMBL184404,IC50,7.89
2513140,O=C(Nc1cccc2ncccc12)Nc3ncc(s3)C4CCC4,CHEMBL187256,IC50,7.89
2510480,Nc1nc(Nc2ccc(cc2)S(=O)(=O)N)nn1C(=O)c3c(F)cccc3F,CHEMBL191003,IC50,7.9
2513153,Cc1nc2ccc(CC(=O)Nc3ncc(s3)C4CCC4)cc2s1,CHEMBL186470,IC50,7.92
2513164,O=C(Cc1ccc2ncccc2c1)Nc3ncc(s3)C4CCC4,CHEMBL363954,IC50,8.0
2513175,CCC(CO)Nc1nc(NCc2ccc(cc2)c3ccccn3)c4[nH]nc(C(C)C)c4n1,CHEMBL3774932,IC50,8.05
2513186,CC(C)c1n[nH]c2c(NCc3ccc(cc3)c4ccccn4)nc(NCCN)nc12,CHEMBL3775470,IC50,8.1
2513197,O=C(Nc1cccc2cnccc12)Nc3ncc(s3)C4CCC4,CHEMBL364213,IC50,8.1
418434,COc1ccc(F)c(F)c1C(=O)c2cnc(NC3CCN(CC3)S(=O)(=O)C)nc2N,CHEMBL384304,Kd,8.13
2513210,O=C(Cc1ccc2[nH]cnc2c1)Nc3ncc(s3)C4CCC4,CHEMBL186898,IC50,8.16
2513222,CC(C)[C@H](CO)Nc1nc(Nc2ccc(C(=O)O)c(Cl)c2)c3ncn(C(C)C)c3n1,CHEMBL23254,IC50,8.22
2513233,CC(C)c1n[nH]c2c(NCc3ccc(cc3)c4ccccn4)nc(nc12)N5CCOCC5,CHEMBL3775509,IC50,8.3
2513244,CC(O)CNc1nc(NCc2ccc(cc2)c3ccccn3)c4[nH]nc(C(C)C)c4n1,CHEMBL3774632,IC50,8.3
2513255,COc1ccc(cc1)c2[nH]nc3c4cccc(NC(=O)NNC(=O)c5ccc(O)cc5)c4C(=O)c23,CHEMBL362560,IC50,8.3
2513266,O=C(Nc1cc(c[nH]1)C2CCC2)Nc3cccc4ccncc34,CHEMBL1241758,IC50,8.3
2513277,O=C(Nc1cccc2ccncc12)Nc3ncc(s3)C4CCC4,CHEMBL186342,IC50,8.3
26231,CN[C@@H]1C[C@H]2O[C@@](C)([C@@H]1OC)n3c4ccccc4c5c6CNC(=O)c6c7c8ccccc8n2c7c35,CHEMBL388978,IC50,8.4
2513290,CC(C)c1n[nH]c2c(NCc3ccc(cc3)c4ccccn4)nc(NCC(C)(C)O)nc12,CHEMBL3775792,IC50,9.0
