id,smiles,name,assay_type,activity_value
4530472,C(Nc1cncc(n1)c2ccnc3[nH]c(cc23)C4CCNCC4)c5cccnc5,CHEMBL3673505,IC50,7.54
4530482,CN1CCC(CC1)c2cc3c(ccnc3[nH]2)c4cccc(NCc5cccnc5)n4,CHEMBL3668364,IC50,7.54
4530491,COc1ccc(F)cc1c2ccnc3[nH]c(cc23)C4CCN(CCNC(=O)OC(C)(C)C)C4,CHEMBL3668388,IC50,7.54
4530500,COc1ccc(F)cc1c2ccnc3[nH]c(cc23)[C@@H]4CC[C@H](CC4)NCC5CC5C(=O)O,CHEMBL3668417,IC50,7.54
4530509,Clc1ccc(NCc2ccccc2)cc1c3ccnc4[nH]c(cc34)C5CCCNC5,CHEMBL3668469,IC50,7.54
4530520,Nc1nccc(n1)c2cc3C(=O)NCCc3[nH]2,CHEMBL402272,IC50,7.54
4530530,CN1CCC(CC1)c2cc3c(ccnc3[nH]2)c4nc(NCc5ccc(cc5)C(=O)N)ccc4Cl,CHEMBL3668433,IC50,7.55
4530539,CNC(=O)N1CCC(=CC1)c2[nH]c3nccc(c4cc(F)ccc4OC)c3c2C#N,CHEMBL3668516,IC50,7.55
4530548,COc1ccc(F)cc1c2ccnc3[nH]c(cc23)C4=CCN(CC(=O)N)CC4,CHEMBL3668496,IC50,7.55
4530557,COc1ccc(F)cc1c2ccnc3[nH]c(cc23)[C@@H]4CC[C@H](CC4)NCC(O)CO,CHEMBL3668395,IC50,7.55
4530567,Nc1nccc(n1)c2cc3C(=O)NC[C@H](CCF)c3[nH]2,CHEMBL524266,IC50,7.55
4530577,OCC(O)CN1CCC(CC1)c2cc3c(ccnc3[nH]2)c4cncc(NCc5ccccc5)n4,CHEMBL3673514,IC50,7.55
4530586,COc1ccc(F)cc1c2ccnc3[nH]c(cc23)C4=CCN(CC4)C(=O)NC#N,CHEMBL3668510,IC50,7.57
4530595,COc1ccccc1c2ccnc3[nH]c(cc23)C4CCNCC4,CHEMBL3663768,IC50,7.57
4530604,Fc1ccc(CNc2ccc(Cl)c(n2)c3ccnc4[nH]c(cc34)C5CCCNC5)cc1,CHEMBL3668474,IC50,7.57
4530613,OCC(=O)N1CCC(CC1)c2cc3c(ccnc3[nH]2)c4cncc(OCc5cccc(F)c5)n4,CHEMBL3673522,IC50,7.57
4530622,COc1cc(F)c(F)cc1c2ccnc3[nH]c(cc23)C4CCCNC4,CHEMBL3668471,IC50,7.59
4530632,Cc1cnc(OC2CCCCC2)nc1c3cnc(Nc4ccccn4)s3,CHEMBL212049,IC50,7.59
4530642,CN1CCC(CC1)c2cc3c(ccnc3[nH]2)c4cc(NCc5ccc(cc5)C(=O)N)ccc4F,CHEMBL3668462,IC50,7.6
4530651,CN1CCC(CC1)c2cc3c(ccnc3[nH]2)c4nc(NCC5CCS(=O)(=O)CC5)ccc4Cl,CHEMBL3668445,IC50,7.6
4530660,COc1cc(F)ccc1c2ccnc3[nH]c(cc23)C4CCNC4,CHEMBL3663800,IC50,7.6
4530669,Clc1ccc(NCc2ccccc2)cc1c3ccnc4[nH]c(cc34)C5CCNCC5,CHEMBL3663793,IC50,7.6
4530678,Clc1ccc(NCc2ccccc2)nc1c3ccnc4[nH]c(cc34)C5CCNC5,CHEMBL3663804,IC50,7.6
4530687,Clc1ccc(NCc2ccncc2)nc1c3ccnc4[nH]c(cc34)C5CCNCC5,CHEMBL3663781,IC50,7.6
4530696,Clc1cnc2[nH]c(cc2c1c3cccc(NCc4ccccc4)n3)C5CCNCC5,CHEMBL3668351,IC50,7.6
4530705,Clc1cnc2[nH]c(cc2c1c3ccnc(NCc4ccccc4)c3)C5CCCNC5,CHEMBL3668483,IC50,7.6
4530714,CC(=O)N1CCC(CC1)c2cc3c(ccnc3[nH]2)c4cncc(OCc5cccc(F)c5)n4,CHEMBL3673528,IC50,7.62
4530723,CN1CCC(CC1)c2cc3c(ccnc3[nH]2)c4cccc(NCc5ccccc5Cl)n4,CHEMBL3668413,IC50,7.62
4530732,COc1ccc(F)cc1c2ccnc3[nH]c(cc23)C4CCC(N)CC4,CHEMBL3668348,IC50,7.62
4530741,Clc1ccc(OCc2ccccc2)nc1c3ccnc4[nH]c(cc34)C5CCNCC5,CHEMBL3663798,IC50,7.62
4530750,CN1CCC(CC1)c2cc3c(ccnc3[nH]2)c4cc(NCc5ccncc5)ccc4F,CHEMBL3668460,IC50,7.64
4530759,CNC(=O)N1CCC(=CC1)c2cc3c(ccnc3[nH]2)c4cc(F)c(F)cc4OC,CHEMBL3668500,IC50,7.64
4530768,COc1cc(F)ccc1c2ccnc3[nH]c(cc23)C4CCN(C)CC4,CHEMBL3663770,IC50,7.64
4530777,COc1ccc(F)cc1c2ccnc3[nH]c(C4=CCN(CC4)S(=O)(=O)C)c(C#N)c23,CHEMBL3668515,IC50,7.64
4530786,COc1ccc(F)cc1c2ccnc3[nH]c(cc23)C4CCCC(N)C4,CHEMBL3668349,IC50,7.64
4530795,COc1ccc(F)cc1c2ccnc3[nH]c(cc23)C4CCCN(CCCNC(=O)OCc5ccccc5)C4,CHEMBL3668399,IC50,7.64
4530804,COc1ccc(F)cc1c2ccnc3[nH]c(cc23)C4CCN(CC4)C(=O)CN5CCCCC5,CHEMBL3668451,IC50,7.64
4530813,COc1ccc(F)cc1c2ccnc3[nH]c(cc23)C4CCN(CC4)C(=O)CO,CHEMBL3668408,IC50,7.64
4530822,COc1ccc(F)cc1c2ccnc3[nH]c(cc23)C4CCN(Cc5ccncc5)C4,CHEMBL3668386,IC50,7.64
4530831,COc1ccc(F)cc1c2ccnc3[nH]c(cc23)[C@H]4CCCNC4,CHEMBL3663745,IC50,7.64
4530840,COc1ccc(F)cc1c2ccnc3[nH]c(cc23)[C@H]4CCNC4,CHEMBL3663801,IC50,7.64
4530849,Clc1cnc(NCc2ccccc2)cc1c3ccnc4[nH]c(cc34)C5CCCNC5,CHEMBL3668475,IC50,7.64
4530858,COC(=O)CCCN[C@@H]1CC[C@H](CC1)c2cc3c(ccnc3[nH]2)c4cc(F)ccc4OC,CHEMBL3668393,IC50,7.66
4530867,COc1cc(F)ccc1c2ccnc3[nH]c(cc23)C4CCCNC4,CHEMBL3663744,IC50,7.66
4530876,COc1ccc(F)cc1c2ccnc3[nH]c(cc23)C4CCN(C)C4,CHEMBL3663803,IC50,7.66
4530885,COc1ccc(F)cc1c2ccnc3[nH]c(cc23)C4CCN(CC4)C(=O)CNC5CCC(O)CC5,CHEMBL3668453,IC50,7.66
4530894,COc1ccc(F)cc1c2ccnc3[nH]c(cc23)C4CCN(CC4)C(=O)CNCCO,CHEMBL3668454,IC50,7.66
4530903,CC(=O)N1CCC(CC1)c2cc3c(ccnc3[nH]2)c4cncc(NCc5cccc(F)c5)n4,CHEMBL3673519,IC50,7.68
4530912,CN(Cc1ccccc1)c2ccc(Cl)c(n2)c3ccnc4[nH]c(cc34)C5CCNCC5,CHEMBL3663786,IC50,7.68
4530921,COc1ccc(F)cc1c2ccnc3[nH]c(cc23)C4=CCN(CC4)C(=O)CC#N,CHEMBL3668491,IC50,7.68
4530930,COc1ccc(F)cc1c2ccnc3[nH]c(cc23)C4CCCN(CCO)C4,CHEMBL3668400,IC50,7.68
4530939,COc1ccc(F)cc1c2ccnc3[nH]c(cc23)C4CCN(CC(O)CO)CC4,CHEMBL3668420,IC50,7.68
4530948,COc1ccc(F)cc1c2ccnc3[nH]c(cc23)C4CCN(CC4)S(=O)(=O)C,CHEMBL3639672,IC50,7.68
4530957,Clc1ccc(CNc2ccc(Cl)c(n2)c3ccnc4[nH]c(cc34)C5CCNCC5)cc1,CHEMBL3663776,IC50,7.68
4530966,Clc1ccc(NCc2ccccc2)nc1c3ccnc4[nH]c(cc34)C5CCNCC5,CHEMBL3663773,IC50,7.68
4530975,Fc1cc(NCc2ccccc2)nc(c1)c3ccnc4[nH]c(cc34)C5CCCNC5,CHEMBL3668482,IC50,7.68
4530984,Fc1cccc(CNc2ccc(F)c(c2)c3ccnc4[nH]c(cc34)C5CCCNC5)c1,CHEMBL3668484,IC50,7.68
4530993,OC(=O)C1CCC(=CC1)c2cc3c(ccnc3[nH]2)c4cncc(NCc5ccccc5)n4,CHEMBL3673546,IC50,7.68
3031094,CN1CC[C@@H]([C@H](O)C1)c2c(O)cc(O)c3C(=O)C=C(Oc23)c4ccccc4Cl,CHEMBL428690,IC50,7.7
4531004,Clc1ccccc1CNc2cccc(n2)c3ccnc4[nH]c(cc34)C5CCNCC5,CHEMBL3668412,IC50,7.7
4531013,Fc1ccc(CNc2ccc(Cl)c(n2)c3ccnc4[nH]c(cc34)C5CCCNC5)cc1F,CHEMBL3668472,IC50,7.7
4531022,CCN(C(=O)O)S(=O)(=O)N1CCC(=CC1)c2cc3c(ccnc3[nH]2)c4cc(F)ccc4OC,CHEMBL3668497,IC50,7.72
4531031,CN1CCC(CC1)c2cc3c(ccnc3[nH]2)c4nc(NCc5ccccc5)ccc4Cl,CHEMBL3663794,IC50,7.72
4531040,CNC(=O)N1CCC(=CC1)c2cc3c(ccnc3[nH]2)c4cc(F)ccc4OC,CHEMBL3668485,IC50,7.72
4531049,CNC(=O)N1CCC(CC1)c2cc3c(ccnc3[nH]2)c4cncc(NCc5cccc(F)c5)n4,CHEMBL3673526,IC50,7.72
4531058,COc1cc(Cl)ccc1c2ccnc3[nH]c(cc23)C4CCNCC4,CHEMBL3663761,IC50,7.72
4531067,COc1cc(F)ccc1c2ccnc3[nH]c(cc23)C4CCNCC4,CHEMBL3663760,IC50,7.72
4531076,COc1ccc(F)cc1c2ccnc3[nH]c(cc23)C4CCN(CC4)C(=O)CN5CCOCC5,CHEMBL3668452,IC50,7.72
4531085,Fc1ccc(CNc2ccc(Cl)c(n2)c3ccnc4[nH]c(cc34)C5CCNCC5)cc1F,CHEMBL3663780,IC50,7.72
4531094,Clc1ccc(NCc2cccnc2)nc1c3ccnc4[nH]c(cc34)C5CCNCC5,CHEMBL3663775,IC50,7.75
4531103,Fc1cnc(NCc2ccccc2)cc1c3ccnc4[nH]c(cc34)C5CCCNC5,CHEMBL3668481,IC50,7.75
4531112,OC(=O)C1CCC(=CC1)c2cc3c(ccnc3[nH]2)c4cncc(OCc5cccc(F)c5)n4,CHEMBL3673549,IC50,7.75
4531122,CCC1CNC(=O)c2cc([nH]c12)c3ccnc(N)n3,CHEMBL526092,IC50,7.77
4531132,CN1CCC(CC1)c2cc3c(ccnc3[nH]2)c4cccc(NCCc5ccccc5)n4,CHEMBL3668421,IC50,7.77
4531141,CNC(=O)N1CCC(=CC1)c2cc3c(ccnc3[nH]2)c4cncc(NCc5cccc(F)c5)n4,CHEMBL3673533,IC50,7.77
4531150,COc1ccc(F)cc1c2ccnc3[nH]c(C4CCNCC4)c(C)c23,CHEMBL3668350,IC50,7.77
4531159,COc1ccc(F)cc1c2ccnc3[nH]c(cc23)C4CCN(C)CC4,CHEMBL3663769,IC50,7.77
4531168,COc1ccc(F)cc1c2ccnc3[nH]c(cc23)C4CCNC4,CHEMBL3663799,IC50,7.77
4531177,Fc1ccc(F)c(CNc2ccc(Cl)c(n2)c3ccnc4[nH]c(cc34)C5CCNCC5)c1,CHEMBL3663777,IC50,7.77
4531186,Fc1cncc(CNc2ccc(Cl)c(n2)c3ccnc4[nH]c(cc34)C5CCCNC5)c1,CHEMBL3668480,IC50,7.77
4531195,COc1ccc(F)cc1c2ccnc3[nH]c(cc23)C4CCCNC4,CHEMBL3663743,IC50,7.8
4531204,C(Nc1cncc(n1)c2ccnc3[nH]c(cc23)C4=CCNCC4)c5ccccc5,CHEMBL3673521,IC50,7.82
4531213,CCN(C(=O)O)S(=O)(=O)N1CCC(CC1)c2cc3c(ccnc3[nH]2)c4cncc(NCc5ccccc5)n4,CHEMBL3673515,IC50,7.82
4531222,CN1CCC(CC1)c2cc3c(ccnc3[nH]2)c4cccc(NCc5cc[nH]n5)n4,CHEMBL3668427,IC50,7.82
4531231,CN1CCC(CC1)c2cc3c(ccnc3[nH]2)c4cccc(NCc5ccccc5)n4,CHEMBL3663796,IC50,7.82
4531240,CN1CCC(CC1)c2cc3c(ccnc3[nH]2)c4nc(NCc5cccc(F)c5)ccc4Cl,CHEMBL3663797,IC50,7.82
418434,COc1ccc(F)c(F)c1C(=O)c2cnc(NC3CCN(CC3)S(=O)(=O)C)nc2N,CHEMBL384304,Kd,7.82
4531251,COc1ccc(F)cc1c2ccnc3[nH]c(cc23)[C@@H]4CCCNC4,CHEMBL3663746,IC50,7.82
4531260,COc1ccc(F)cc1c2ccnc3[nH]c(cc23)[C@@H]4CCNC4,CHEMBL3663802,IC50,7.82
4531269,CS(=O)(=O)N1CCC(CC1)c2cc3c(ccnc3[nH]2)c4cncc(NCc5ccccc5)n4,CHEMBL3673500,IC50,7.82
4531278,Fc1cccc(CNc2cc(c(Cl)cn2)c3ccnc4[nH]c(cc34)C5CCNCC5)c1,CHEMBL3673493,IC50,7.82
4531287,Fc1cccc(CNc2ccc(Cl)c(n2)c3ccnc4[nH]c(cc34)C5CCNCC5)c1,CHEMBL3663774,IC50,7.82
4531297,O=C1N=C(NCc2ccccc2)S/C/1=C\c3c[nH]c4ncccc34,CHEMBL484990,IC50,7.82
4531307,CCOC(=O)NS(=O)(=O)N1CCC(CC1)c2cc3c(ccnc3[nH]2)c4cncc(NCc5cccc(F)c5)n4,CHEMBL3673524,IC50,7.85
4531316,CN1CCC(CC1)c2cc3c(ccnc3[nH]2)c4cccc(NCc5cccc(Cl)c5)n4,CHEMBL3668370,IC50,7.85
4531325,CN1CCC(CC1)c2cc3c(ccnc3[nH]2)c4cncc(NCc5cccc(F)c5)n4,CHEMBL3673518,IC50,7.85
4531334,COc1ccc(F)cc1c2ccnc3[nH]c(cc23)C4CCCN(CCCN)C4,CHEMBL3668401,IC50,7.85
4531343,COc1ccc(F)cc1c2ccnc3[nH]c(cc23)C4CCN(Cc5cccnc5)C4,CHEMBL3668385,IC50,7.85
4531352,Clc1cnc(NCc2ccccc2)cc1c3ccnc4[nH]c(cc34)C5CCNCC5,CHEMBL3663792,IC50,7.85
4531361,OCC(O)CN1CCC(=CC1)c2cc3c(ccnc3[nH]2)c4cncc(NCc5cccc(F)c5)n4,CHEMBL3673531,IC50,7.85
4531748,CN1CCC(CC1)c2cc3c(ccnc3[nH]2)c4cccc(NCc5ccc6OCOc6c5)n4,CHEMBL3668378,IC50,7.89
4531757,CN1CCC(CC1)c2cc3c(ccnc3[nH]2)c4cncc(OCc5cccc(F)c5)n4,CHEMBL3673520,IC50,7.89
4531766,CN1CCC(CC1)c2cc3c(ccnc3[nH]2)c4cccc(NCc5c(F)cccc5F)n4,CHEMBL3668375,IC50,7.92
4531775,COc1cc(F)c(F)cc1c2ccnc3[nH]c(cc23)C4CCNCC4,CHEMBL3663764,IC50,7.92
4531784,COc1ccc(F)cc1c2ccnc3[nH]c(cc23)C4CNC4,CHEMBL3668418,IC50,7.92
4531793,Fc1cccc(COc2cncc(n2)c3ccnc4[nH]c(cc34)C5CCNCC5)c1,CHEMBL3673517,IC50,7.92
4531802,CNC(=O)C1CCC(=CC1)c2cc3c(ccnc3[nH]2)c4cncc(NCc5ccccc5)n4,CHEMBL3673547,IC50,7.96
4531812,COc1cc(Nc2nccc(n2)c3sc(C)nc3C)cc(OC)c1OC,CHEMBL1083151,Ki,7.96
4531822,COc1ccc(F)cc1c2ccnc3[nH]c(cc23)C4CCNCC4,CHEMBL3663759,IC50,7.96
4531831,Fc1ccc(NCc2ccccc2)cc1c3ccnc4[nH]c(cc34)C5CCCNC5,CHEMBL3668476,IC50,7.96
4531840,OCC(=O)N1CCC(CC1)c2cc3c(ccnc3[nH]2)c4cncc(NCc5cccc(F)c5)n4,CHEMBL3673509,IC50,7.96
4531849,OCC(O)CN1CCC(CC1)c2cc3c(ccnc3[nH]2)c4cncc(OCc5cccc(F)c5)n4,CHEMBL3673523,IC50,7.96
4531858,CN1CCC(CC1)c2cc3c(ccnc3[nH]2)c4cncc(NCc5ccccc5)n4,CHEMBL3673512,IC50,8.0
4531867,CNC(=O)N1CCC(CC1)c2cc3c(ccnc3[nH]2)c4nc(NCc5cccc(F)c5)c(F)cc4F,CHEMBL3673544,IC50,8.0
4531876,COc1cc(F)ccc1c2ccnc(NC(=O)C3CCC(C3)NC(=O)C)c2,CHEMBL3673435,IC50,8.0
4531885,COc1ccc(F)cc1c2ccnc3[nH]c(cc23)C4=CCNCC4,CHEMBL3668361,IC50,8.0
4531894,COc1ccccc1c2cc(ncn2)N(C)C(=O)[C@@H]3CCCNC3,CHEMBL3694399,IC50,8.0
4531903,Fc1cccc(CNc2cncc(n2)c3ccnc4[nH]c(cc34)C5CCNCC5)c1,CHEMBL3673504,IC50,8.0
4531912,Fc1cncc(CNc2ccc(Cl)c(n2)c3ccnc4[nH]c(cc34)C5CCNCC5)c1,CHEMBL3663778,IC50,8.0
4531922,NC(=O)c1cc([nH]c1c2ccc(Cl)cc2Cl)c3ccnc(N)n3,CHEMBL1965660,IC50,8.0
4531933,CC(C)c1nn(c2N=C(Cc3ccc(OCCO)cc3)NC(=O)c12)c4c(Cl)cccc4Cl,CHEMBL258721,IC50,8.05
4531944,CCNc1nc(C)c(s1)c2ccnc(Nc3ccc(CNC(=O)C)cc3)n2,CHEMBL1084715,Ki,8.05
4531954,Fc1ccc(CNc2cncc(n2)c3ccnc4[nH]c(cc34)C5CCNCC5)cc1F,CHEMBL3673507,IC50,8.05
4531963,Fc1cccc(CNc2cncc(n2)c3ccnc4[nH]c(cc34)C5=CCNCC5)c1,CHEMBL3673530,IC50,8.05
4531972,NC1CCCC(C1)c2cc3c(ccnc3[nH]2)c4cccc(NCc5cccc(F)c5)n4,CHEMBL3673494,IC50,8.05
4531981,OCC(=O)N1CCC(=CC1)c2cc3c(ccnc3[nH]2)c4cncc(NCc5cccc(F)c5)n4,CHEMBL3673538,IC50,8.05
4531990,CN1CCC(CC1)c2cc3c(ccnc3[nH]2)c4cc(NCc5ccc(cc5)S(=O)(=O)C)ccc4F,CHEMBL3668461,IC50,8.1
4531999,CS(=O)(=O)N1CCC(=CC1)c2cc3c(ccnc3[nH]2)c4cncc(OCc5cccc(F)c5)n4,CHEMBL3673539,IC50,8.1
4532008,Fc1cccc(CNc2ccc(Cl)c(n2)c3ccnc4[nH]c(cc34)C5CCCNC5)c1,CHEMBL3668473,IC50,8.1
4532017,Fc1cccc(COc2cncc(n2)c3ccnc4[nH]c(cc34)C5=CCNCC5)c1,CHEMBL3673532,IC50,8.16
4532027,CNc1nc(C)c(s1)c2ccnc(Nc3cc(OC)c(OC)c(OC)c3)n2,CHEMBL1083152,Ki,8.22
4532037,OCC(=O)N1CCC(CC1)c2cc3c(ccnc3[nH]2)c4nc(NCc5cccc(F)c5)c(F)cc4F,CHEMBL3673545,IC50,8.22
2510517,Clc1cccc(Cl)c1C(=O)Nc2c[nH]nc2C(=O)NC3CCNCC3,CHEMBL445813,Kd,8.24
4532048,C(Nc1cncc(n1)c2ccnc3[nH]c(cc23)C4CCNCC4)c5ccccc5,CHEMBL3673501,IC50,8.3
4532057,Fc1cc(F)cc(CNc2cncc(n2)c3ccnc4[nH]c(cc34)C5CCNCC5)c1,CHEMBL3673503,IC50,8.3
2510506,CC(C)(C)c1oc(CSc2cnc(NC(=O)C3CCNCC3)s2)nc1,CHEMBL296468,IC50,8.4
4532068,COc1ccc(F)cc1c2ccnc3[nH]c(cc23)C4=CCN(CC(O)CO)CC4,CHEMBL3668457,IC50,8.4
4532078,C[C@@H]1CNC[C@@H](C1)C(=O)Nc2ncc(SCc3oc(cn3)C(C)(C)C)s2,CHEMBL452602,IC50,8.4
3928199,Cc1nc(N)sc1c2ccnc(Nc3cccc(c3)[N+](=O)[O-])n2,CHEMBL298445,Ki,8.4
26231,CN[C@@H]1C[C@H]2O[C@@](C)([C@@H]1OC)n3c4ccccc4c5c6CNC(=O)c6c7c8ccccc8n2c7c35,CHEMBL388978,IC50,8.48
4532092,COc1cc(F)ccc1c2ccnc(NC(=O)[C@H]3CCC[C@H](C3)NC(=O)C)c2,CHEMBL3673434,IC50,8.52
4332676,C1CCC(CC1)Oc2nccc(n2)c3cnc(Nc4ccccn4)s3,CHEMBL424696,IC50,8.6
4532103,CNC(=O)N1CCC(=CC1)c2cc3c(ccnc3[nH]2)c4cncc(OCc5cccc(F)c5)n4,CHEMBL3673541,IC50,8.7
4532112,Fc1cccc(CNc2nc(c(F)cc2F)c3ccnc4[nH]c(cc34)C5CCNCC5)c1,CHEMBL3673540,IC50,8.7
4532121,OCC(=O)N1CCC(=CC1)c2cc3c(ccnc3[nH]2)c4cncc(OCc5cccc(F)c5)n4,CHEMBL3673542,IC50,8.7
4532130,COc1ccccc1c2cc(NC(=O)c3ccc(NS(=O)(=O)C)cc3)ncn2,CHEMBL3694403,IC50,8.9
4532139,COc1ccccc1c2cc(NC(=O)c3cccc(NS(=O)(=O)C)c3)ncn2,CHEMBL3694405,IC50,8.97
4532148,COc1ccccc1c2cc(NC(=O)C3CCC(=O)NC3)ncn2,CHEMBL3694402,IC50,9.76
4532157,COc1ccccc1c2cc(NC(=O)c3ccc(C)c(NS(=O)(=O)C)c3)ncn2,CHEMBL3694404,IC50,9.94
4532166,COc1cccc(F)c1c2cc(NC(=O)C3CCCNC3)ncn2,CHEMBL3694401,IC50,10.41
4532175,COc1ccc(F)cc1c2cc(NC(=O)Cc3ccncc3)ncn2,CHEMBL3694407,IC50,10.54
4532184,COc1ccc(F)cc1c2cc(NC(=O)C3CCCNC3)ncn2,CHEMBL3694400,IC50,10.74
4532193,COc1ccc(F)cc1c2cc(NC(=O)Cc3cccnc3)ncn2,CHEMBL3694406,IC50,10.82
