id,smiles,name,assay_type,activity_value
6384948,C1CN(CCN1)c2ccnc(Nc3ncc(s3)c4cncnc4)c2,CHEMBL2013062,IC50,7.54
6384960,CN(C)CCCn1c2ccc(O)cc2c3c4C(=O)NC(=O)c4c(cc13)c5ccccc5Cl,CHEMBL454908,IC50,7.54
6384971,COc1cc(Nc2cnc(C#N)c(O[C@@H]3CCNC3)n2)ncc1c4cnn(C)c4,CHEMBL2203844,IC50,7.54
1726079,COc1cc(Nc2cnc(C#N)c(O[C@H](C)CN(C)C)n2)ncc1c3cnn(C)c3,CHEMBL2203843,IC50,7.54
6384984,COc1cc2CCN(Cc2cc1OC)c3nc(cs3)C(=O)Nc4ccccc4N5CCNCC5,CHEMBL2381236,IC50,7.54
6384995,COc1ccc(CNCc2ccc(cc2)c3cc(C(=O)N)c(NC(=O)N)s3)cc1,CHEMBL510101,IC50,7.54
6385006,Cc1[nH]nc2c3cc4ccccc4cc3NC(=O)c12,CHEMBL251210,IC50,7.54
6385017,Cc1ncc(cn1)c2cnc(Nc3cc(ccn3)N4CCNCC4)s2,CHEMBL2011337,IC50,7.54
6385028,Cc1ncc(cn1)c2cnc(Nc3cccc(NCCCN)n3)s2,CHEMBL2011340,IC50,7.54
6385039,NC1=NC(=O)\C(=C\2/CCNC(=O)c3[nH]c4c(csc4c23)C#N)\N1,CHEMBL480187,IC50,7.54
6385050,Oc1ccc(cc1)c2ccc3\C(=C\c4cc[nH]c4)\C(=O)Nc3c2,CHEMBL199643,IC50,7.54
6385061,Oc1cccc(c1)c2ccc3NC(=O)C(=Cc3c2)c4cc5cc(CN6CCCCC6)ccc5[nH]4,CHEMBL220902,IC50,7.54
6385072,CNc1cc(Nc2cnc(C#N)c(O[C@@H]3CCNC3)n2)ncc1C(=O)OC,CHEMBL2203848,IC50,7.55
1742937,CNc1cc(Nc2cnc(C#N)c(O[C@H](C)CN(C)C)n2)ncc1C(F)(F)F,CHEMBL2204587,IC50,7.55
6385085,COc1cc2c(Cc3c(n[nH]c23)c4ccc(cc4)c5ccc(O)c(F)c5)cc1CN6CCN(C)CC6,CHEMBL233831,IC50,7.55
6385097,Clc1ccc2OCCCCCCOc3nc(NC(=O)Nc2c1)cnc3C#N,CHEMBL374417,IC50,7.55
6385108,Cn1cc(cn1)c2cnn3c(Nc4ccccn4)cc(nc23)C5CCCNC5,CHEMBL1643462,IC50,7.55
6385119,Cn1cc(cn1)c2cnn3c(Nc4nccs4)cc(nc23)C5CCCNC5,CHEMBL1643463,IC50,7.55
6385130,O=C(Nc1cnccc1N2CCNCC2)c3csc(n3)c4ccc5occc5c4,CHEMBL2381109,IC50,7.55
6385141,CC(CN(C)C)Oc1nc(Nc2cc3cccc(Cl)c3cn2)cnc1C#N,CHEMBL1928704,IC50,7.57
6385152,CN(C)CCNC(=O)CCn1c2ccc(O)cc2c3c4C(=O)NC(=O)c4c(cc13)c5ccccc5,CHEMBL518048,IC50,7.57
1742948,CNc1cc(Nc2cnc(C#N)c(O[C@H](C)CN(C)C)n2)ncc1Cl,CHEMBL2204586,IC50,7.57
6385165,CNc1cc(Nc2cnc(C#N)c(O[C@H](C)CN(C)C)n2)ncc1c3cnn(C)c3,CHEMBL2204592,IC50,7.57
6385175,COc1cc(CCNCc2ccccc2)ccc1NC(=O)Nc3cnc(C)cn3,CHEMBL3694365,IC50,7.57
6385185,COc1cc2c(Cc3c(n[nH]c23)c4ccc(cc4)c5ccc(O)c(F)c5)cc1C(=O)NCc6ccccn6,CHEMBL233641,IC50,7.57
1719553,CSc1cc(Nc2cnc(C#N)c(O[C@H](C)CN(C)C)n2)ncc1c3cnn(C)c3,CHEMBL2203846,IC50,7.57
6385198,Cc1ccc(cn1)c2cnc(Nc3cccc(NCCCN)n3)s2,CHEMBL2013059,IC50,7.57
6385209,NC(=O)c1cnc(N[C@H]2CCCNC2)c3nc(cn13)c4ccc(F)cc4,CHEMBL2381605,IC50,7.57
6385220,OCc1cccc(c1)c2cnc3[nH]c4cnc(cc4c3c2)C#N,CHEMBL3582192,IC50,7.57
6385231,Oc1ccc2[nH]c3c4C(=O)C=CC(=O)c4c5C(=O)NC(=O)c5c3c2c1,CHEMBL243931,IC50,7.57
6385242,Oc1ccc2[nH]c3c4[nH]c5ccncc5c4c6C(=O)NC(=O)c6c3c2c1,CHEMBL493391,IC50,7.57
6385253,c1ccc2[nH]c(cc2c1)c3n[nH]c4cc(ccc34)c5nnn[nH]5,CHEMBL376479,IC50,7.57
6385264,S=C(Nc1ccccc1)Nc2nc(cc(c3ccccc3)c2C#N)c4ccccc4,CHEMBL3408381,IC50,7.58
6385275,CC(O)C#Cc1cc2OCCCCCOc3nc(NC(=O)Nc2cc1Cl)cnc3C#N,CHEMBL219635,IC50,7.59
6385286,CC1=CC2=NNC(=O)N2c3cc(ccc13)c4cc[nH]c4,CHEMBL1223527,IC50,7.59
1723672,CNc1cc(Nc2cnc(C#N)c(O[C@H](C)CN(C)C)n2)ncc1C3CC3,CHEMBL2204588,IC50,7.59
6385299,Cn1cc(cn1)c2cnn3c(N)c(CCO)c(nc23)C4CCCNC4,CHEMBL1643213,IC50,7.59
6385309,Fc1ccc(CNCCOc2ccc(NC(=O)Nc3cnc(cn3)C#N)cc2Cl)c(F)c1,CHEMBL3694340,IC50,7.59
6385319,Oc1ccc2[nH]c3cc(c4cc[nH]c4)c5C(=O)NC(=O)c5c3c2c1,CHEMBL213422,IC50,7.59
6385330,CN(C)CCOCCOc1cc(N2CCCC2)c(NC(=O)Nc3cnc(cn3)C#N)cc1Cl,CHEMBL206663,IC50,7.6
6385341,COc1cc(ccc1O)c2ccc3\C(=C\c4cc[nH]c4)\C(=O)Nc3c2,CHEMBL199918,IC50,7.6
6385352,COc1cc2Cc3c(n[nH]c3c4ccc(CO)cc4)c2cc1OC,CHEMBL247237,IC50,7.6
6385363,COc1cc2Cc3c(n[nH]c3c4ccc(O)cc4)c2cc1OC,CHEMBL401274,IC50,7.6
6385374,COc1ccc2OCCCCCOc3nc(NC(=O)Nc2c1)cnc3C#N,CHEMBL238355,IC50,7.6
6385385,COc1ccccc1N2CCN(CCCOc3cc4Cc5c(n[nH]c5c6ccc(cc6)c7ccc(O)cc7)c4cc3OC)CC2,CHEMBL248000,IC50,7.6
6385396,Clc1ccc(OC2CCNC2)c(NC(=O)Nc3cnc(cn3)C#N)c1,CHEMBL558470,Ki,7.6
6385407,NCCCc1cc2C=CNC(=O)c2c3cc(ccc13)C#N,CHEMBL250224,IC50,7.6
6385418,Nc1c(Br)c(nc2c(cnn12)c3cocc3)C4CCCNC4,CHEMBL1643224,IC50,7.6
6385429,O=C1NC(=O)c2c1c3c4ccc(OCc5ccccc5)cc4[nH]c3c6[nH]c7ccncc7c26,CHEMBL493205,IC50,7.6
6385440,O=C1Nc2ccsc2C(=C1c3nc4ccccc4[nH]3)NC5CCNC5,CHEMBL3330237,IC50,7.61
4894986,C(N1CCCCC1)c2ccc(cc2)c3cnc4[nH]c5cnc(cc5c4c3)c6ocnc6,CHEMBL3582223,EC50,7.62
6385453,CN(C)CCCOc1cc2c(cc1O)c3c4C(=O)NC(=O)c4c(cc3n2C)c5ccccc5Cl,CHEMBL410261,IC50,7.62
6385464,CN1CCN(Cc2ccc3c(Cc4c(n[nH]c34)c5ccc(cc5)c6ccc(O)cc6)c2)CC1,CHEMBL399215,IC50,7.62
6385475,COc1cc2Cc3c(n[nH]c3c4ccc(cc4)c5ccc(O)cc5)c2cc1OCc6ccccn6,CHEMBL248038,IC50,7.62
6385486,COc1ccc(F)cc1c2cc3c(N[C@H]4CCCNC4)ncc(C(=O)N)c3s2,CHEMBL1288277,IC50,7.62
6385498,O=C1NC(=O)c2c1c3c4ccccc4[nH]c3c5cccn25,CHEMBL393545,IC50,7.62
6385509,O=C1NCc2c1c3C(=O)NC(=O)c3c4c5ccccc5[nH]c24,CHEMBL265446,IC50,7.62
6385520,OCCCc1ccc2OCCCCCOc3nc(NC(=O)Nc2c1)cnc3C#N,CHEMBL236856,IC50,7.62
6385531,CCN(CC)c1cc2OCCCCOc3nc(NC(=O)Nc2cc1Cl)cnc3C#N,CHEMBL248756,IC50,7.64
6385542,CCc1ccc(CCOc2cc3Cc4c(n[nH]c4c5ccc(cc5)c6ccc(O)cc6)c3cc2OC)nc1,CHEMBL248010,IC50,7.64
6385553,CN(C)CCOc1nc(Nc2cc3cccc(Cl)c3cn2)cnc1C#N,CHEMBL1928702,IC50,7.64
6385564,COC(=O)CCCCCCC(=O)Nc1cc(OC)c(NC(=O)Nc2cnc(cn2)C#N)cc1Cl,CHEMBL206997,IC50,7.64
6385575,COc1cc2Cc3c(n[nH]c3c4ccc(cc4)c5ccc(O)cc5)c2cc1OCc6cccnc6,CHEMBL248040,IC50,7.64
6385586,Cc1cc2C(=C(C(=O)Nc2s1)c3nc4ccccc4[nH]3)NC5CCNC5,CHEMBL3330235,IC50,7.64
6385597,NC(=O)c1cnc(N[C@H]2CCCNC2)c3nc(cn13)c4ccc5ccccc5c4,CHEMBL2381604,IC50,7.64
6385608,Oc1ccc2[nH]c3c(c4C(=O)NC(=O)c4c5c(O)ccc(O)c35)c2c1,CHEMBL397022,IC50,7.64
6385619,O=C1CS\C(=N/c2nc(cc(c3ccccc3)c2C#N)c4ccccc4)\N1c5ccccc5,CHEMBL3408391,IC50,7.65
6385630,CCOCCC(=O)Nc1cc(OC)c(NC(=O)Nc2cnc(cn2)C#N)cc1Cl,CHEMBL206213,IC50,7.66
6385641,COC(=O)CCc1cc2Nc3cc(ccc3C(=O)Nc2cc1OC)c4ccc(c(OC)c4)[N+](=O)[O-],CHEMBL255816,IC50,7.66
6385652,COc1ccc(NC(=O)C)cc1NC(=O)Nc2cnc(cn2)C#N,CHEMBL239412,IC50,7.66
6385663,Cl.NC(=N)NCCCNC(=O)c1cccc(CNC(=O)c2cc3C(=O)NC(=O)c3c4c5cc(O)ccc5[nH]c24)c1,CHEMBL1277132,IC50,7.66
6385674,Clc1cccc2cc(Nc3cnc(C#N)c(OCC4CCNCC4)n3)ncc12,CHEMBL1928699,IC50,7.66
6385685,OCCn1c2cc(CCCCN3CCOCC3)c(O)cc2c4c5C(=O)NC(=O)c5c(cc14)c6ccccc6Cl,CHEMBL258067,IC50,7.66
6385696,Oc1cc2c(cc1CCCCN3CCCC3)[nH]c4cc(c5ccccc5Cl)c6C(=O)NC(=O)c6c24,CHEMBL272946,IC50,7.66
6385707,Oc1nc2ccc(Cl)c(Cl)c2c(N[C@@H]3CN4CCC3CC4)c1c5nc6ccccc6[nH]5,CHEMBL209256,IC50,7.66
6385718,CC(=O)C1=NN(\C(=N\c2nc(cc(c3ccccc3)c2C#N)c4ccccc4)\S1)c5ccccc5,CHEMBL3408383,IC50,7.67
6385729,Brc1cncc(c1)c2cnc(Nc3cc(ccn3)N4CCNCC4)s2,CHEMBL2013064,IC50,7.68
6385740,CN(C)CCCn1c2ccc(O)cc2c3c4C(=O)NC(=O)c4c(cc13)c5ccccc5,CHEMBL508515,IC50,7.68
6385751,COC(=O)c1cnc(Nc2cnc(cn2)C#N)cc1NCC3CCNCC3,CHEMBL1928692,IC50,7.68
6385761,COc1cc(CNCc2cccc(F)c2)ccc1NC(=O)Nc3cnc(cn3)C#N,CHEMBL3694391,IC50,7.68
6385771,COc1cc(ccc1O)c2ccc3\C(=C\C4=CC=C[Se]4)\C(=O)Nc3c2,CHEMBL1223040,IC50,7.68
6385782,COc1cc2Cc3c(n[nH]c3c4ccc(cc4)c5ccc(O)cc5)c2cc1OC(=O)NCCN6CCCC6,CHEMBL246845,IC50,7.68
6385792,C[C@H](NCCc1ccc(NC(=O)Nc2cnc(cn2)C#N)cc1Cl)c3ccc(F)cc3,CHEMBL3694352,IC50,7.68
6385802,Cc1onc(Nc2cc(nc3c(cnn23)c4cnn(C)c4)C5CCCNC5)c1,CHEMBL1643464,IC50,7.68
6385812,Fc1ccc(CNCCOc2ccc(NC(=O)Nc3cnc(cn3)C#N)cc2Cl)cc1,CHEMBL3694359,IC50,7.68
6385822,NC(=O)c1cnc(N[C@H]2CCCNC2)c3cc(sc13)c4ccccc4Cl,CHEMBL1287948,IC50,7.68
6385833,Nc1ccc(cc1)c2cc3[nH]c4ccc(O)cc4c3c5C(=O)NC(=O)c25,CHEMBL211929,IC50,7.68
6385844,Oc1ccc(cc1)c2cc3[nH]c4ccc(O)cc4c3c5C(=O)NC(=O)c25,CHEMBL212660,IC50,7.68
6385855,CC(=O)C1=NN(\C(=N\c2nc(cc(c3ccccc3)c2C#N)c4ccccc4)\S1)c5ccc(C)cc5,CHEMBL3408384,IC50,7.69
6385866,CC1=CC2=NNC(=O)N2c3cc(ccc13)c4cccs4,CHEMBL1223524,IC50,7.7
6385877,CCNC(=O)c1ccc(cc1)c2ccc3C(=CC4=NNC(=O)N4c3c2)C,CHEMBL1223317,IC50,7.7
6385888,CN(C)CCNC(=O)C1=CC2=NNC(=O)N2c3cc(ccc13)c4ccc[nH]4,CHEMBL2012842,IC50,7.7
6385899,CN(C)CCNC(=O)C1=CC2=NNC(=O)N2c3cc(ccc13)c4csc(CN5CCN(C)CC5)c4,CHEMBL2012853,IC50,7.7
6385910,CN(C)S(=O)(=O)c1cccc(c1)c2cc3c(N[C@H]4CCCNC4)ncc(C(=O)N)c3s2,CHEMBL1287893,IC50,7.7
6385921,CNCCNC(=O)C1=CC2=NNC(=O)N2c3cc(ccc13)c4ccc[nH]4,CHEMBL2012841,IC50,7.7
6385932,COc1cc(ccc1O)c2ccc3C(=O)Nc4cc(ccc4Nc3c2)C(=O)NCCCN5CCCC5,CHEMBL554904,Ki,7.7
6385943,COc1cc(ccc1O)c2ccc3NC(=O)C(=Cc3c2)c4cc5cc(CN6CCCCC6)ccc5[nH]4,CHEMBL220903,IC50,7.7
6385954,COc1cc2c(Cc3c2n[nH]c3c4ccc(cc4)C#N)cc1OCc5ccncc5,CHEMBL248668,IC50,7.7
6385965,COc1cc2c(Cc3c2n[nH]c3c4ccc(cc4)c5ccc(O)cc5)cc1OCc6ccccn6,CHEMBL398851,IC50,7.7
6385976,COc1cc2c(cn1)[nH]c3ncc(cc23)c4ccc(CN5CCCCC5)cc4,CHEMBL3582220,IC50,7.7
6386611,COc1ccc(Cl)cc1NC(=O)Nc2cncc(OC(C)CN(C)C)n2,CHEMBL550821,Ki,7.7
6386622,C[C@@H]1CC[C@@H](CC1)NCc2ccc3c(Cc4c(n[nH]c34)c5ccc(cc5)C(=O)O)c2,CHEMBL242737,Ki,7.7
6386633,C[C@@H]1CC[C@H](CC1)NCc2ccc3c(Cc4c(n[nH]c34)c5ccc(cc5)C(=O)O)c2,CHEMBL395752,Ki,7.7
6386644,Cc1[nH]nc2c3cc(Cl)ccc3N(CCCCN)C(=O)c12,CHEMBL250844,IC50,7.7
2620608,Cc1cn2c(cnc2c(Nc3cc(CN4CCCCC4)ns3)n1)c5cn[nH]c5,CHEMBL1739550,IC50,7.7
6386657,Cc1cn2c(cnc2c(Nc3cc(CN4CCCCC4)ns3)n1)c5cnn(CC(=O)Nc6cccc(F)c6F)c5,CHEMBL2022373,IC50,7.7
6386668,Cl.NC(=O)Nc1cc(sc1C(=O)N[C@H]2CCCNC2)c3ccc(F)cc3,CHEMBL2070702,EC50,7.7
6386679,Cl.NC(=O)Nc1cc(sc1C(=O)N[C@H]2CCCNC2)c3ccc(F)cc3F,CHEMBL2070710,EC50,7.7
6386690,Cl.NC(=O)Nc1cc(sc1C(=O)N[C@H]2CCCNC2)c3cccc(F)c3F,CHEMBL2070708,IC50,7.7
6386701,Cl.NC(=O)Nc1cc(sc1C(=O)N[C@H]2CCCNC2)c3ccccc3,CHEMBL2070697,EC50,7.7
6386712,Cl.NC(=O)Nc1cc(sc1C(=O)N[C@H]2CCCNC2)c3ccccc3F,CHEMBL2070699,EC50,7.7
6386723,Cl.NC(=O)Nc1sc(cc1C(=O)N[C@H]2CCCNC2)c3cccc(F)c3,CHEMBL2070700,EC50,7.7
6386734,N#Cc1cc2c(cn1)[nH]c3ncc(cc23)c4cccs4,CHEMBL3582194,IC50,7.7
6386746,NC(=O)Nc1sc(cc1C(=O)N[C@H]2CCCNC2)c3ccccc3,CHEMBL487273,EC50,7.7
6386757,NC1=CC2=NNC(=O)N2c3cc(ccc13)c4cn[nH]c4,CHEMBL2012860,IC50,7.7
6386768,NC1CN(C1)C(=O)C2=CC3=NNC(=O)N3c4cc(ccc24)c5ccsc5,CHEMBL2012850,IC50,7.7
6386779,O=C(Nc1cnc(cn1)C#N)Nc2cc3ccccc3cn2,CHEMBL540497,Ki,7.7
6386790,O=C1NC(=O)c2c1c3C(=O)NC(=O)c3c4c5ccccc5[nH]c24,CHEMBL388648,IC50,7.7
6386801,OCC1=CC2=NNC(=O)N2c3cc(ccc13)c4ccc[nH]4,CHEMBL2012881,IC50,7.7
6386812,OCC1=CC2=NNC(=O)N2c3cc(ccc13)c4cn[nH]c4,CHEMBL2012880,IC50,7.7
6386823,OCC1=CC2=NNC(=O)N2c3cc(ccc13)c4occc4,CHEMBL2012882,IC50,7.7
6386834,COc1ccc(cc1)N2N=C(S/C/2=N\c3nc(cc(c4ccccc4)c3C#N)c5ccccc5)C(=O)C,CHEMBL3408385,IC50,7.71
6386845,C1CN(CCO1)c2ccnc(Nc3ncc(s3)c4cncc(c4)c5cccnc5)c2,CHEMBL2011344,IC50,7.72
6386856,CCOc1ccc2OC\C=C/CCOc3nc(NC(=O)Nc2c1)cnc3C#N,CHEMBL237921,IC50,7.72
6386867,CN(C)c1ccc(cc1)c2nc(cs2)C(=O)Nc3ccccc3N4CCNCC4,CHEMBL2037097,IC50,7.72
6386878,COc1cc2Cc3c(C#Cc4ccc(O)cc4)[nH]nc3c2cc1OC,CHEMBL248395,IC50,7.72
6386889,COc1ccccc1c2cc3c(N[C@H]4CCCNC4)ncc(C(=O)N)c3s2,CHEMBL1287978,IC50,7.72
6386899,Fc1ccc(CNCCc2ccc(NC(=O)Nc3cnc(cn3)C#N)cc2Br)cc1,CHEMBL3694374,IC50,7.72
6386909,NC(=O)Nc1sc(cc1C(=O)N[C@H]2CCCNC2)c3ccc(cc3)C(F)(F)F,CHEMBL469686,IC50,7.72
6386920,O=C(Nc1ccccc1N2CCNCC2)c3csc(n3)c4ccc5occc5c4,CHEMBL2037111,IC50,7.72
6386931,O=C1Nc2cnc(C#N)c(OCC\C=C/COc3ccc(OCCOC4CCCCO4)cc3N1)n2,CHEMBL237497,IC50,7.72
6386942,C(N1CCCCC1)c2ccc(cc2)c3cnc4[nH]c5cnccc5c4c3,CHEMBL3582217,IC50,7.73
6386953,CC1=CC=C([Se]1)\C=C\2/C(=O)Nc3cc(ccc23)c4ccc(O)cc4,CHEMBL1223265,IC50,7.73
6386964,OCc1cc2c(cn1)[nH]c3ncc(cc23)c4ccc(CN5CCCCC5)cc4,CHEMBL3582221,IC50,7.74
6386975,CCN1C(=O)c2c(C)[nH]nc2c3cc4CCN(Cc4cc13)C(=O)CN,CHEMBL400503,IC50,7.75
6386986,COC(=O)c1cnc(Nc2cnc(C#N)c(O[C@@H]3CCNC3)n2)cc1SC,CHEMBL2203300,IC50,7.75
6386997,COCCOCC(=O)Nc1cc(OC)c(NC(=O)Nc2cnc(cn2)C#N)cc1Cl,CHEMBL207060,IC50,7.75
6387008,COc1cc(ccc1O)c2ccc3\C(=C\c4ncc[nH]4)\C(=O)Nc3c2,CHEMBL199299,IC50,7.75
6387019,COc1cc2c(Cc3c2n[nH]c3c4ccc(cc4)c5ccc(O)cc5)cc1OCc6cccnc6,CHEMBL391596,IC50,7.75
6387030,COc1cc2c3[nH]nc(c4ccc(cc4)c5ccc(O)cc5)c3C(C)(C)c2cc1C(=O)N[C@@H]6CC[C@@H](O)CC6,CHEMBL233640,IC50,7.75
6387041,COc1ccccc1c2cc3c(c4C(=O)NC(=O)c24)c5cc(O)ccc5n3CCCO,CHEMBL512341,IC50,7.75
6387051,Clc1cc(NC(=O)Nc2cnc(cn2)C#N)ccc1CCNCc3ccc(cc3)N4CCOCC4,CHEMBL3694358,IC50,7.75
6387061,NC(=O)c1ncc(N[C@H]2CCCNC2)c3nc(cn13)c4ccc(Cl)cc4,CHEMBL2381611,IC50,7.75
6387072,CC(=O)C1=NN(\C(=N\c2nc(cc(c3ccccc3)c2C#N)c4ccccc4)\S1)c5ccc(Cl)cc5,CHEMBL3408386,IC50,7.76
6387083,CC(=O)N1CCN(Cc2ccc3[nH]c(cc3c2)c4n[nH]c5cc(ccc45)C#N)CC1,CHEMBL220688,IC50,7.77
6387094,CC(C)CNc1cc2OCCCCCOc3nc(NC(=O)Nc2cc1Cl)cnc3C#N,CHEMBL223879,IC50,7.77
6387105,CC1(C)CCCC(C)(C)N1Cc2ccc(cc2)c3cc(C(=O)N)c(NC(=O)N)s3,CHEMBL460685,IC50,7.77
6387116,COc1cc(ccc1N)c2ccc3C(=O)Nc4cc(N)ccc4Nc3c2,CHEMBL428566,IC50,7.77
6387127,COc1cc2c(Cc3c2n[nH]c3c4ccc(cc4)C#N)cc1CN[C@@H]5CC[C@@H](O)CC5,CHEMBL445410,IC50,7.77
6387138,Cn1cc(cn1)c2cnn3c(N)c(C4CC4)c(nc23)C5CCCNC5,CHEMBL1643212,IC50,7.77
6387149,N#Cc1ncc(Nc2cc3ccccc3cn2)nc1OCC4CCNCC4,CHEMBL1928697,IC50,7.77
6387160,NCCCc1cc2C=CNC(=O)c2c3cc(Br)ccc13,CHEMBL249595,IC50,7.77
6387171,Nc1c(Br)c(nc2c(cnn12)c3cccnc3)C4CCCNC4,CHEMBL1643223,IC50,7.77
6387182,Oc1ccc2[nH]c3cc(c4ccsc4)c5C(=O)NC(=O)c5c3c2c1,CHEMBL377839,IC50,7.77
6387193,N#Cc1cc2c(cn1)[nH]c3ncc(cc23)c4cocc4,CHEMBL3582193,IC50,7.78
6387204,COc1cc2NC(=O)c3ccc(cc3Nc2cc1CCc4ccncc4)c5ccc(c(OC)c5)[N+](=O)[O-],CHEMBL427720,IC50,7.79
6387215,CC(=O)Nc1ccc2OC\C=C/CCOc3nc(NC(=O)Nc2c1)cnc3C#N,CHEMBL393604,IC50,7.8
6387226,CN(C)S(=O)(=O)c1ccc(cc1)c2cc3c(N[C@H]4CCCNC4)ncc(C(=O)N)c3s2,CHEMBL1287894,IC50,7.8
6387237,COc1cc(ccc1C(O)c2nccs2)c3ccc4C(=O)Nc5cc(CCOc6ccc(cc6)N7CCOCC7)ccc5Nc4c3,CHEMBL558271,Ki,7.8
6387248,COc1cc(ccc1N)c2ccc3C(=O)Nc4cccc(OC)c4Nc3c2,CHEMBL428923,IC50,7.8
6387259,COc1cc2Cc3c(n[nH]c3c4cnc(Cl)c(Cl)c4)c2cc1OC,CHEMBL247028,IC50,7.8
6387269,Fc1ccc(CCNCCc2ccc(NC(=O)Nc3cnc(cn3)C#N)cc2Cl)cc1,CHEMBL3694341,IC50,7.8
6387279,NC(=O)c1cnc(N[C@H]2CCCNC2)c3cc(sc13)c4ccc5cc[nH]c5c4,CHEMBL1288073,IC50,7.8
6387290,NCCNC(=O)c1cncc(c1)c2cnc(Nc3cc(Cl)ccn3)s2,CHEMBL2013160,IC50,7.8
6387301,Nc1oc2c(cccc2n1)c3ccc4C(=O)Nc5cc(CCOc6ccc(cc6)N7CCOCC7)ccc5Nc4c3,CHEMBL557757,Ki,7.8
6387312,O=C(CCN1CCOCC1)Nc2ccc3Cc4c(n[nH]c4c3c2)c5ccc(nc5)C#N,CHEMBL249116,IC50,7.8
6387323,O=C1Nc2cnc(C#N)c(OCCCCCOc3ccccc3N1)n2,CHEMBL236441,IC50,7.8
6387334,OC(=O)c1cncc(c1)c2cnc(Nc3cc(ccn3)N4CCNCC4)s2,CHEMBL2013068,IC50,7.8
6387345,OC1COc2cncc(NC(=O)Nc3cc(Cl)ccc3OCC1O)n2,CHEMBL560149,Ki,7.8
6387356,Oc1ccc(cc1)c2ccc3C(=O)Nc4cc(CCOc5ccc(cc5)N6CCOCC6)ccc4Nc3c2,CHEMBL550616,Ki,7.8
6387367,Oc1ccc2[nH]c3c(c4C(=O)NC(=O)c4n5cccc35)c2c1,CHEMBL239698,IC50,7.8
6387378,Brc1cc2C(=C(C(=O)Nc2s1)c3nc4ccccc4[nH]3)NC5CCNC5,CHEMBL3330231,IC50,7.81
6387389,CCOC(=O)C1=NN(\C(=N\c2nc(cc(c3ccccc3)c2C#N)c4ccccc4)\S1)c5ccccc5,CHEMBL3408387,IC50,7.81
6387400,COc1cc2Nc3cc(ccc3C(=O)Nc2cc1C(=O)N(C)C)c4ccc(c(OC)c4)[N+](=O)[O-],CHEMBL404498,IC50,7.81
6387411,O=C1Nc2sccc2C(=C1c3nc4ccccc4[nH]3)NC5CCCNC5,CHEMBL3330132,IC50,7.81
6387422,CC1=C(C=C([Se]1)\C=C\2/C(=O)Nc3cc(ccc23)c4ccc(O)cc4)C(=O)O,CHEMBL1223267,IC50,7.82
6387433,CCCCNc1cc2OCCCCCOc3nc(NC(=O)Nc2cc1Cl)cnc3C#N,CHEMBL223542,IC50,7.82
6387444,CN(C)CCOc1ccc2OC\C=C/CCOc3nc(NC(=O)Nc2c1)cnc3C#N,CHEMBL391110,IC50,7.82
6387455,COC(=O)CCC(=O)Nc1cc(OC)c(NC(=O)Nc2cnc(cn2)C#N)cc1Cl,CHEMBL206098,IC50,7.82
6387466,COc1cc2Cc3c(n[nH]c3c4cccnc4)c2cc1OC,CHEMBL440959,IC50,7.82
6387477,CS(=O)(=O)Nc1cc2OCCCCCOc3nc(NC(=O)Nc2cc1Cl)cnc3C#N,CHEMBL223460,IC50,7.82
6387488,Cc1ccc2OC\C=C/CCOc3nc(NC(=O)Nc2c1)cnc3C#N,CHEMBL236017,IC50,7.82
6387499,Clc1cc(NC(=O)Nc2cnc(cn2)C#N)c(cc1OCC3CCCO3)N4CCCC4,CHEMBL208728,IC50,7.82
6387509,Fc1ccc(CNCCc2ccc(NC(=O)Nc3cnc(cn3)C#N)cc2Cl)cc1,CHEMBL3694338,IC50,7.82
6387519,O=C1NC(=O)c2c1c3c4ccccc4n5C6CCC(O6)n7c8ccccc8c2c7c35,CHEMBL304428,IC50,7.82
6387530,OCCNC(=O)c1cncc(c1)c2cnc(Nc3cc(ccn3)N4CCOCC4)s2,CHEMBL2013166,IC50,7.82
6387541,N#Cc1cc2c(cn1)[nH]c3ncc(cc23)c4ncc[nH]4,CHEMBL3582196,IC50,7.83
6387552,CC1=CC2=NNC(=O)N2c3cc(ccc13)c4ccncc4,CHEMBL1223458,IC50,7.85
6387563,COc1cc(C=O)c(Cl)cc1NC(=O)Nc2cnc(cn2)C#N,CHEMBL207995,IC50,7.85
6387574,COc1cc2c(Cc3c2n[nH]c3c4ccc(cc4)C#N)cc1OCc5cccnc5,CHEMBL248667,IC50,7.85
6387585,COc1ccc2Nc3cc(ccc3C(=O)Nc2c1)c4ccc(N)c(OC)c4,CHEMBL396060,IC50,7.85
6387596,Cc1[nH]nc2c3cc(C4CCCCC4)c(cc3N(CC(F)(F)CN)C(=O)c12)C5CCCCC5,CHEMBL250685,IC50,7.85
6387607,Cc1cc(Nc2nc(cn3c(cnc23)c4cnn(C)c4)C5=CCCNC5)sn1,CHEMBL2037018,IC50,7.85
6387618,Cl.NC(=O)Nc1sc(cc1C(=O)N[C@H]2CCCNC2)c3cccc(Cl)c3,CHEMBL2070703,IC50,7.85
6387629,Cn1c2cc(OCCCN3CCCC3)c(O)cc2c4c5C(=O)NC(=O)c5c(cc14)c6ccccc6Cl,CHEMBL255427,IC50,7.85
6387640,NC(=O)Nc1sc(cc1C(=O)N[C@H]2CCCNC2)c3cccc(Cl)c3,CHEMBL513377,IC50,7.85
6387651,NC(=O)c1cnc(N[C@H]2CCNC2)c3cc(sc13)c4ccc(Cl)cc4,CHEMBL1288130,IC50,7.85
6387662,NC1=NC(=O)\C(=C\2/CCNC(=O)c3[nH]c4c(Br)csc4c23)\N1,CHEMBL507188,IC50,7.85
6387673,O=C(Nc1ccccc1N2CCNCC2)c3csc(Nc4cc(n[nH]4)c5ccccc5)n3,CHEMBL2381250,IC50,7.85
6387684,O=C1Nc2ccc(cc2C=C1c3cc4cc(CN5CCCCC5)ccc4[nH]3)n6nccn6,CHEMBL222006,IC50,7.85
6387695,O=C1Nc2sccc2C(=C1c3nc4ccccc4[nH]3)NC5CN6CCC5CC6,CHEMBL3330136,IC50,7.85
6387706,OCCn1c2cc(CCCCN3CCCC3)c(O)cc2c4c5C(=O)NC(=O)c5c(cc14)c6ccccc6Cl,CHEMBL255565,IC50,7.85
6387717,Oc1ccc2c(c1)[nH]c3c4[nH]c5ccncc5c4c6C(=O)NC(=O)c6c23,CHEMBL494212,IC50,7.85
6387728,N#Cc1cc2c(cn1)[nH]c3ncc(cc23)c4ccc(CN5CCOCC5)cc4,CHEMBL3582211,IC50,7.86
6387739,CC(=O)Nc1cccc(c1)c2cnc3[nH]c4cnc(cc4c3c2)C#N,CHEMBL3582190,IC50,7.87
1717167,CCOC(=O)C1=NN(\C(=N\c2nc(cc(c3ccccc3)c2C#N)c4ccccc4)\S1)c5ccc(C)cc5,CHEMBL3408388,IC50,7.87
4904943,N#Cc1cc2c(cn1)[nH]c3ncc(cc23)c4nc(CN5CCCCC5)cs4,CHEMBL3582214,IC50,7.87
6387754,COc1cc(ccc1O)c2ccc3\C(=C\C4=CC=C(C)[Se]4)\C(=O)Nc3c2,CHEMBL1223041,IC50,7.88
6387765,CC(C)Oc1cc2OCCCCCOc3nc(NC(=O)Nc2cc1Cl)cnc3C#N,CHEMBL223833,IC50,7.89
109692,CCN(Cc1cc(Nc2nc(C)cn3c(cnc23)c4cn[nH]c4)sn1)C(C)(C)CO,CHEMBL1232515,IC50,7.89
1718594,CCOC(=O)C1=NN(\C(=N\c2nc(cc(c3ccccc3)c2C#N)c4ccccc4)\S1)c5ccc(Cl)cc5,CHEMBL3408389,IC50,7.89
6387780,CNC(=O)c1ccc2c(n[nH]c2c1)c3cc4cc(CN5CCOCC5)ccc4[nH]3,CHEMBL375981,IC50,7.89
6387791,COc1cc(CN2CCCC2)ccc1NC(=O)Nc3cnc(cn3)C#N,CHEMBL207778,IC50,7.89
6387801,COc1cc(CNCc2ccccc2F)ccc1NC(=O)Nc3cnc(cn3)C#N,CHEMBL3694392,IC50,7.89
6387811,COc1cc2c(Cc3c2n[nH]c3c4ccc(cc4)c5ccc(O)cc5)cc1OCCc6cccnc6,CHEMBL398852,IC50,7.89
6387821,COc1ccccc1CNCCc2ccc(NC(=O)Nc3cnc(cn3)C#N)cc2Cl,CHEMBL3694350,IC50,7.89
6387830,C[C@@H](NCCc1ccc(NC(=O)Nc2cnc(cn2)C#N)cc1Cl)c3ccc(F)cc3,CHEMBL3639932,IC50,7.89
1726162,C[C@H](CN(C)C)Oc1nc(Nc2cc3cccc(Cl)c3cn2)cnc1C#N,CHEMBL1928705,IC50,7.89
109725,Cl.CCN(Cc1cc(Nc2nc(C)cn3c(cnc23)c4cn[nH]c4)sn1)C(C)(C)CO,CHEMBL1650533,IC50,7.89
6387844,Cl.NC(=O)Nc1sc(cc1C(=O)N[C@H]2CCCNC2)c3ccc(F)cc3F,CHEMBL2070709,IC50,7.89
6387856,Clc1cc2NC(=O)Nc3cnc(C#N)c(OCCCCCOc2cc1NCc4ccncc4)n3,CHEMBL220035,IC50,7.89
6387867,NC(=O)Nc1sc(cc1C(=O)N[C@H]2CCCNC2)c3ccc(N)cc3,CHEMBL487437,IC50,7.89
6387878,OCCOc1ccc2OC\C=C/CCOc3nc(NC(=O)Nc2c1)cnc3C#N,CHEMBL237706,IC50,7.89
6387889,Oc1ccc(cc1)c2ccc3\C(=C\C4=CC=C[Se]4)\C(=O)Nc3c2,CHEMBL1223264,IC50,7.89
6387900,COC(=O)Cc1ccc2Nc3cc(ccc3C(=O)Nc2c1)c4cccc5cnccc45,CHEMBL549459,Ki,7.9
6387911,COc1cc(ccc1[N+](=O)[O-])c2ccc3C(=O)Nc4cc(CCOc5ccc(cc5)N6CCOCC6)ccc4Nc3c2,CHEMBL540484,Ki,7.9
6387923,COc1cc2Cc3c(n[nH]c3c4ccc(cc4)c5nn[nH]n5)c2cc1OC,CHEMBL245605,Ki,7.9
6387934,Fc1cc(F)cc(Cn2cc(c3ccc4C(=O)Nc5cc(CCOc6ccc(cc6)N7CCOCC7)ccc5Nc4c3)c8ccncc28)c1,CHEMBL540993,Ki,7.9
6387945,Brc1ccc2OCCCCCOc3nc(NC(=O)Nc2c1)cnc3C#N,CHEMBL236231,IC50,7.92
6387956,Brc1ccc2OC\C=C/CCOc3nc(NC(=O)Nc2c1)cnc3C#N,CHEMBL235364,IC50,7.92
4332687,C(N1CCCCC1)c2ccc3[nH]c(cc3c2)c4n[nH]c5cc(ccc45)c6cnsc6,CHEMBL415055,IC50,7.92
6387969,CCN1C(=O)c2c(C)[nH]nc2c3cc4CCN(Cc4cc13)C(=O)NCCN,CHEMBL398281,IC50,7.92
6387980,CNCCCn1c2ccc(O)cc2c3c4C(=O)NC(=O)c4c(cc13)c5ccccc5Cl,CHEMBL508541,IC50,7.92
6387991,COc1cc(CN2CCCCC2)c(Cl)cc1NC(=O)Nc3cnc(cn3)C#N,CHEMBL202635,IC50,7.92
6388002,COc1cc(ccc1O)c2ccc3\C(=C\C4=CC(=C(C)[Se]4)C(=O)O)\C(=O)Nc3c2,CHEMBL1223043,IC50,7.92
6388013,Cc1ccc(NC(=O)c2cncc(c2)c3cnc(Nc4cc(ccn4)N5CCOCC5)s3)s1,CHEMBL2013158,IC50,7.92
6388024,Cl.NC(=O)Nc1sc(cc1C(=O)N[C@H]2CCCNC2)c3cc(F)cc(F)c3,CHEMBL2070705,IC50,7.92
6388034,Clc1cc(NC(=O)Nc2cnc(cn2)C#N)ccc1CCNCc3cccc(c3)N4CCOCC4,CHEMBL3694372,IC50,7.92
6388044,Clc1cc2NC(=O)Nc3cnc(C#N)c(OCCCCCOc2cc1NCc4cccnc4)n3,CHEMBL373837,IC50,7.92
6388055,Clc1cc2NC(=O)Nc3cnc(C#N)c(OCCCCCOc2cc1OCc4ccncc4)n3,CHEMBL223312,IC50,7.92
6388066,NC(=O)c1ccc2c(n[nH]c2c1)c3cc4cc(CN5CCOCC5)ccc4[nH]3,CHEMBL221427,IC50,7.92
6388077,NCC1CCN(Cc2ccc3[nH]c(cc3c2)c4n[nH]c5cc(ccc45)C#N)CC1,CHEMBL221181,IC50,7.92
6388088,NCCCCc1cncc(c1)c2cnc(Nc3cc(ccn3)N4CCOCC4)s2,CHEMBL2013164,IC50,7.92
6388099,NCCCc1cc2C=CNC(=O)c2c3cc(Cl)ccc13,CHEMBL249594,IC50,7.92
6388110,NCCCc1cncc(c1)c2cnc(Nc3cc(ccn3)N4CCOCC4)s2,CHEMBL2011358,IC50,7.92
6388121,O=C1Nc2cnc(C#N)c(OCC\C=C/COc3ccccc3N1)n2,CHEMBL392963,IC50,7.92
6388132,OCCNCc1ccc2Cc3c(n[nH]c3c2c1)c4ccc(cc4)c5ccc(O)cc5,CHEMBL234866,IC50,7.92
1718806,O=C(Nc1ccccc1)C2=NN(\C(=N\c3nc(cc(c4ccccc4)c3C#N)c5ccccc5)\S2)c6ccccc6,CHEMBL3408390,IC50,7.93
6388145,N#CC1CCN(Cc2ccc(cc2)c3cnc4[nH]c5cnc(cc5c4c3)C#N)CC1,CHEMBL3582210,IC50,7.94
6388156,NCCCc1cc2C(=CNC(=O)c2c3cc(ccc13)c4cn[nH]c4)c5cccc(Cl)c5,CHEMBL248665,IC50,7.94
6388167,OCc1ccc(cc1)c2cnc3[nH]c4cnc(cc4c3c2)C#N,CHEMBL3582191,IC50,7.94
6388178,COC(=O)c1cc2NC(=O)c3ccc(cc3Nc2cc1OC)c4ccc(c(OC)c4)[N+](=O)[O-],CHEMBL271727,IC50,7.95
6388189,CC(C)Nc1cc2OCCCCCOc3nc(NC(=O)Nc2cc1Cl)cnc3C#N,CHEMBL220034,IC50,7.96
1719399,CNc1cc(Nc2cnc(C#N)c(O[C@H](C)CN(C)C)n2)ncc1C#C,CHEMBL2204589,IC50,7.96
6388202,COc1cc(NC(=O)c2cccnc2)c(Cl)cc1NC(=O)Nc3cnc(cn3)C#N,CHEMBL379458,IC50,7.96
6388213,COc1cc(ccc1N)c2ccc3C(=O)Nc4cc(O)ccc4Nc3c2,CHEMBL243491,IC50,7.96
6388223,COc1cccc(CNCCc2ccc(NC(=O)Nc3cnc(cn3)C#N)cc2Cl)c1,CHEMBL3694346,IC50,7.96
6388233,Cl.NC(=O)Nc1sc(cc1C(=O)N[C@H]2CCCNC2)c3cccc(F)c3F,CHEMBL2070707,IC50,7.96
6388243,Clc1ccc(CNCCc2ccc(NC(=O)Nc3cnc(cn3)C#N)cc2Cl)cc1,CHEMBL3694342,IC50,7.96
6388255,Clc1ccc2OCCCCCOc3nc(NC(=O)Nc2c1)cnc3C#N,CHEMBL220002,IC50,7.96
6388265,Fc1ccccc1CNCCc2ccc(NC(=O)Nc3cnc(cn3)C#N)cc2Cl,CHEMBL3694357,IC50,7.96
6388275,NC(=O)Nc1sc(cc1C(=O)N[C@H]2CCCNC2)c3ccc(cc3)C(=O)N4CCCCC4,CHEMBL486234,IC50,7.96
6388286,NC(=O)Nc1sc(cc1C(=O)N[C@H]2CCCNC2)c3cccc(F)c3,CHEMBL517553,IC50,7.96
6388297,NCCCc1cc2C=CNC(=O)c2c3cc(ccc13)C(=O)N,CHEMBL250225,IC50,7.96
6388308,NCCc1cc2C=CNC(=O)c2c3cc(Cl)ccc13,CHEMBL249597,IC50,7.96
6388319,OCCOc1ccc2OCCCCCOc3nc(NC(=O)Nc2c1)cnc3C#N,CHEMBL394198,IC50,7.96
4893080,CC(C)(N1CCCCC1)c2ccc(cc2)c3cnc4[nH]c5cnc(cc5c4c3)C#N,CHEMBL3582206,IC50,7.99
4332661,C(N1CCOCC1)c2ccc3[nH]c(cc3c2)c4n[nH]c5cc(ccc45)c6cn[nH]c6,CHEMBL221428,IC50,8.0
6388334,CC(C)(O)c1ccc2Nc3cc(Nc4ccnc(Nc5ccnc(Cl)c5)c4)ccc3C(=O)Nc2c1,CHEMBL549661,Ki,8.0
6388345,CC1=CC2=NNC(=O)N2c3cc(ccc13)c4ccc(CO)cc4,CHEMBL1223456,IC50,8.0
6388356,CC1=CC2=NNC(=O)N2c3cc(ccc13)c4occc4,CHEMBL1222443,IC50,8.0
6388367,CCN(CC)CCNC(=O)C1=CC=C([Se]1)\C=C\2/C(=O)Nc3cc(ccc23)c4ccc(O)c(OC)c4,CHEMBL1223115,IC50,8.0
6388378,CCN(CC)CCOc1ccc(cc1)c2cc(C(=O)NC3CCCNC3)c(NC(=O)N)s2,CHEMBL518661,IC50,8.0
6388389,CCN(CC)CCOc1ccc(cc1)c2ccc3C(=CC4=NNC(=O)N4c3c2)C,CHEMBL1223168,IC50,8.0
6388400,CCN(CC)CCOc1cccc(c1)c2cc(C(=O)NC3CCCNC3)c(NC(=O)N)s2,CHEMBL471549,IC50,8.0
6388411,CCN1C(=O)c2c(C)[nH]nc2c3cc4CCN(Cc4cc13)S(=O)(=O)CCN,CHEMBL250032,IC50,8.0
6388422,CN(C)CCOc1cc(N2CCCC2)c(NC(=O)Nc3cnc(cn3)C#N)cc1Cl,CHEMBL206812,IC50,8.0
6388433,CN1CCC(CC1)Oc2ccc(Cl)cc2NC(=O)Nc3cnc(cn3)C#N,CHEMBL193117,IC50,8.0
5815052,CN[C@@H]1C[C@H]2O[C@@](C)([C@@H]1OC)n3c4ccccc4c5c6[C@H](O)NC(=O)c6c7c8ccccc8n2c7c35,CHEMBL574737,IC50,8.0
6388446,COC(=O)Cc1ccc2Nc3cc(Nc4ccncc4)ccc3C(=O)Nc2c1,CHEMBL564542,Ki,8.0
6388457,COc1cc(CN2CCCCC2)ccc1NC(=O)Nc3cnc(cn3)C#N,CHEMBL205449,IC50,8.0
6388468,COc1cc(O)ccc1c2ccc3\C(=C\c4cc[nH]c4)\C(=O)Nc3c2,CHEMBL381028,IC50,8.0
6388480,COc1cc(OC)c(NC(=O)Nc2cnc(cn2)C#N)cc1Cl,CHEMBL207994,Ki,8.0
6388491,COc1cc(ccc1N)c2ccc3C(=O)Nc4cc(CCC(=O)Nc5ccc(cc5)N6CCOCC6)ccc4Nc3c2,CHEMBL243499,IC50,8.0
6388502,COc1cc(ccc1N)c2ccc3C(=O)Nc4ccc(cc4Nc3c2)C(C)(C)C(=O)Nc5ccc(cc5)N6CCOCC6,CHEMBL387787,IC50,8.0
6388513,COc1cc(ccc1[N+](=O)[O-])c2ccc3C(=O)Nc4cc(ccc4Nc3c2)C(C)(C)C(=O)O,CHEMBL564952,Ki,8.0
6388526,COc1cc(ccc1[N+](=O)[O-])c2ccc3C(=O)Nc4ccccc4Nc3c2,CHEMBL389816,IC50,8.0
6388537,COc1cc2Cc3c(n[nH]c3c4ccc(cc4)c5ccc(O)cc5)c2cc1OCCCN6CCN(CC6)c7cccc(Cl)c7,CHEMBL248001,IC50,8.0
6388548,COc1cc2c(Cc3c2n[nH]c3c4ccc(cc4)C#N)cc1OCc5ccccn5,CHEMBL247193,IC50,8.0
6388559,COc1ccc2CN(C(=O)c2c1)c3nc(cs3)C(=O)Nc4cnc(C)cc4N5CCNCC5,CHEMBL2381224,IC50,8.0
6388569,Cc1cc(NC(=O)Nc2cnc(cn2)C#N)ccc1CCNCc3ccc(F)cc3,CHEMBL3694369,IC50,8.0
6388579,Cc1ccc(cc1)c2cc(C(=O)N[C@H]3CCCNC3)c(NC(=O)N)s2,CHEMBL513191,IC50,8.0
323688,Cl.CN(C)CC(=O)N1CCC(CC1)c2ccc(NC(=O)c3nc(c[nH]3)C#N)c(c2)C4=CCCCC4,CHEMBL1908395,Kd,8.0
6388592,Cl.NC(=O)Nc1cc(sc1C(=O)N[C@H]2CCCNC2)c3cc(F)cc(F)c3,CHEMBL2070706,IC50,8.0
6388603,Cl.NC(=O)Nc1cc(sc1C(=O)N[C@H]2CCCNC2)c3cccc(Cl)c3,CHEMBL2070704,EC50,8.0
6388614,Clc1cc2NC(=O)Nc3cnc(C#N)c(OC\C=C/COc2cc1N4CCOC4=O)n3,CHEMBL250375,IC50,8.0
6388626,Clc1ccc2OCCCCCOc3cncc(NC(=O)Nc2c1)n3,CHEMBL223512,IC50,8.0
6388637,Clc1ccc2OC\C=C/CCOc3nc(NC(=O)Nc2c1)cnc3C#N,CHEMBL394668,IC50,8.0
1720513,N#Cc1c(cc(nc1\N=C\2/SC(=NN2c3ccccc3)c4ccccc4)c5ccccc5)c6ccccc6,CHEMBL3408382,IC50,8.0
6388650,N#Cc1ccc(cn1)c2n[nH]c3c2Cc4cc(OC5CCOCC5)ccc34,CHEMBL563331,Ki,8.0
6388661,NC(=O)Nc1cc(sc1C(=O)N[C@H]2CCCNC2)c3cccc(F)c3,CHEMBL2041933,EC50,8.0
6388672,NC(=O)Nc1sc(cc1C(=O)N[C@H]2CCCNC2)c3ccc(Cl)cc3,CHEMBL470288,IC50,8.0
6388683,NC(=O)Nc1sc(cc1C(=O)N[C@H]2CCCNC2)c3ccc(cc3)C(=O)N4CCOCC4,CHEMBL488835,IC50,8.0
6388694,NC(=O)c1cncc(c1)c2cnc(Nc3cc(ccn3)N4CCOCC4)s2,CHEMBL2013069,IC50,8.0
6388705,NC1=CC2=NNC(=O)N2c3cc(ccc13)c4cccs4,CHEMBL2012856,IC50,8.0
6388716,NC1=CC2=NNC(=O)N2c3cc(ccc13)c4occc4,CHEMBL2012863,IC50,8.0
6388727,O=C(Nc1cnccc1N2CCNCC2)c3csc(n3)c4ccc5[nH]ccc5c4,CHEMBL2381110,IC50,8.0
6388738,O=C1Nc2sccc2C(=C1c3nc4ccccc4[nH]3)NC5CCNCC5,CHEMBL3330135,IC50,8.0
6388749,OCC#Cc1cc2OCCCCCOc3nc(NC(=O)Nc2cc1Cl)cnc3C#N,CHEMBL219952,IC50,8.0
6388760,OCC1=CC2=NNC(=O)N2c3cc(ccc13)c4cccs4,CHEMBL2012877,IC50,8.0
6388771,OCC1=CC2=NNC(=O)N2c3cc(ccc13)c4ccsc4,CHEMBL2012878,IC50,8.0
6388782,Oc1cc2c(cc1OCCCN3CCCC3)[nH]c4cc(c5ccccc5Cl)c6C(=O)NC(=O)c6c24,CHEMBL271071,IC50,8.0
6388793,CN[C@@H]1C[C@H]2O[C@@](C)([C@@H]1OC)n3c4ccccc4c5c6[C@@H](O)NC(=O)c6c7c8ccccc8n2c7c35,CHEMBL1236539,IC50,8.01
6388803,COc1cc(CNCc2ccc(F)cc2)c(Cl)cc1NC(=O)Nc3cnc(cn3)C#N,CHEMBL3694396,IC50,8.01
6388813,Cc1cc2C(=C(C(=O)Nc2s1)c3nc4ccccc4[nH]3)NC5CCCNC5,CHEMBL3330234,IC50,8.01
26231,CN[C@@H]1C[C@H]2O[C@@](C)([C@@H]1OC)n3c4ccccc4c5c6CNC(=O)c6c7c8ccccc8n2c7c35,CHEMBL388978,IC50,8.02
6388826,CC1(C)CCCN(Cc2ccc(cc2)c3cnc4[nH]c5cnc(cc5c4c3)C#N)C1,CHEMBL3582204,IC50,8.03
6388837,Oc1ccc(cc1)c2ccc(cc2)c3n[nH]c4c3Cc5cc(ccc45)C(=O)NCc6ccccn6,CHEMBL234479,IC50,8.03
4891432,C(N1CCCCC1)c2ccc(cc2)c3cnc4[nH]c5cnc(cc5c4c3)c6ccncc6,CHEMBL3582229,IC50,8.04
6388849,CN1CCN(CC1)c2cccc(CNCCc3ccc(NC(=O)Nc4cnc(cn4)C#N)cc3Cl)c2,CHEMBL3694371,IC50,8.04
6388859,Cn1cc(cn1)c2ccc3c(CCCN)cc4C=CNC(=O)c4c3c2,CHEMBL428580,IC50,8.04
6388870,C1CN(CCO1)c2ccnc(Nc3ncc(s3)c4cncc(c4)n5ccnn5)c2,CHEMBL2013065,IC50,8.05
6388881,CC1=CC2=NNC(=O)N2c3cc(ccc13)c4ccc(CN5CCOCC5)cc4,CHEMBL1223387,IC50,8.05
6388892,CCc1cc2NC(=O)c3ccc(cc3Nc2cc1OC)c4ccc(c(OC)c4)[N+](=O)[O-],CHEMBL257317,IC50,8.05
6388903,CN(C)C(=O)c1ccc(cc1)c2cc(C(=O)N[C@H]3CCCNC3)c(NC(=O)N)s2,CHEMBL527881,IC50,8.05
6388914,CN1CCN(Cc2ccc(cc2)c3ccc4C(=CC5=NNC(=O)N5c4c3)C)CC1,CHEMBL1223386,IC50,8.05
6388925,CNC(=O)c1ccc(cc1)c2cc(C(=O)N[C@H]3CCCNC3)c(NC(=O)N)s2,CHEMBL487622,IC50,8.05
6388936,CNCc1cc(cs1)c2ccc3C(=CC4=NNC(=O)N4c3c2)C(=O)NCCN(C)C,CHEMBL2012852,IC50,8.05
6388947,COCCOCCOc1cc2OCCCCCOc3nc(NC(=O)Nc2cc1Cl)cnc3C#N,CHEMBL376037,IC50,8.05
6388957,COc1cc(CNCc2ccc(F)cc2)ccc1NC(=O)Nc3cnc(cn3)C#N,CHEMBL3694390,IC50,8.05
6388967,COc1cc(NC(=O)COC(=O)C)c(Cl)cc1NC(=O)Nc2cnc(cn2)C#N,CHEMBL207606,IC50,8.05
6388978,COc1cc(NC(=O)Cc2cccnc2)c(Cl)cc1NC(=O)Nc3cnc(cn3)C#N,CHEMBL379095,IC50,8.05
6388989,COc1cc2c(Cc3c2n[nH]c3c4ccc(cc4)C#N)cc1OCCc5ncsc5C,CHEMBL247394,IC50,8.05
6389000,Cc1cc(Nc2cc(nc3c(cnn23)c4cnn(C)c4)C5CCCNC5)sn1,CHEMBL1643206,IC50,8.05
6389011,Cl.NC(=O)Nc1sc(cc1C(=O)N[C@H]2CCCNC2)c3ccc(F)cc3,CHEMBL2070701,IC50,8.05
6389022,Cl.NC(=O)Nc1sc(cc1C(=O)N[C@H]2CCCNC2)c3cccc(c3)C#N,CHEMBL2070715,IC50,8.05
6389033,Cl.NC(=O)Nc1sc(cc1C(=O)N[C@H]2CCCNC2)c3ccccc3F,CHEMBL2070698,IC50,8.05
6389044,Clc1cc2NC(=O)Nc3cnc(C#N)c(OCCCCCOc2cc1OCc4cccnc4)n3,CHEMBL222413,IC50,8.05
4890410,Cn1cc(cn1)c2cc3c(cn2)[nH]c4ncc(cc34)c5ccc(CN6CCCCC6)cc5,CHEMBL3582227,EC50,8.05
6389057,NC(=O)Nc1sc(cc1C(=O)N[C@H]2CCCNC2)c3ccc(F)cc3,CHEMBL516784,IC50,8.05
6389068,NC(=O)Nc1sc(cc1C(=O)N[C@H]2CCCNC2)c3ccccc3F,CHEMBL459631,IC50,8.05
6389079,NC(=O)c1cnc(N[C@H]2CCCNC2)c3cc(sc13)c4ccc(Cl)c(F)c4,CHEMBL1288103,IC50,8.05
6389090,NC(=O)c1cnc(N[C@H]2CCCNC2)c3cc(sc13)c4ccc(F)cc4F,CHEMBL1288102,IC50,8.05
6389101,NC(=O)c1cnc(N[C@H]2CCCNC2)c3cc(sc13)c4ccc(OC(F)(F)F)cc4,CHEMBL1288193,IC50,8.05
6389112,NC(=O)c1cnc(N[C@H]2CCCNC2)c3nc(sc13)c4ccc(Cl)cc4,CHEMBL1287922,IC50,8.05
6389123,COC(=O)c1cnc(Nc2cnc(C#N)c(O[C@@H]3CCNC3)n2)cc1N(C)C,CHEMBL2204583,IC50,8.06
6389134,COc1cc(ccc1O)c2ccc3\C(=C\C4=CC=C([Se]4)C(=O)NCCN5CCOCC5)\C(=O)Nc3c2,CHEMBL1223117,IC50,8.06
6389144,COc1cc(OCCNCc2ccc(F)cc2)c(Cl)cc1NC(=O)Nc3cnc(cn3)C#N,CHEMBL3694380,IC50,8.08
6389154,COc1cc2NC(=O)c3ccc(cc3Nc2cc1OCCN4CCOCC4)c5ccc(c(OC)c5)[N+](=O)[O-],CHEMBL411098,IC50,8.09
6389165,C1CN(CCN1)c2ccnc(Nc3ncc(s3)c4cncc(c4)c5cn[nH]c5)c2,CHEMBL2011349,IC50,8.1
6389176,CC(=O)Nc1ccc2OCCCCCOc3nc(NC(=O)Nc2c1)cnc3C#N,CHEMBL236230,IC50,8.1
6389187,CC(=O)Nc1cccc(c1)c2cc(C(=O)N[C@H]3CCCNC3)c(NC(=O)N)s2,CHEMBL504542,IC50,8.1
6389198,CC(CN(C)C)Oc1ccc(Cl)cc1NC(=O)Nc2cnc(cn2)C#N,CHEMBL425904,IC50,8.1
6389209,CN[C@@H]1C[C@@H]2O[C@](C)([C@@H]1OC)n3c4ccccc4c5c6CNC(=O)c6c7c8ccccc8n2c7c35,CHEMBL364347,Ki,8.1
6389220,COC(=O)Cc1ccc2Nc3cc(ccc3C(=O)Nc2c1)c4cc(OC)ncc4C,CHEMBL549313,Ki,8.1
6389231,COc1cc(NC(=O)c2ccncc2)c(Cl)cc1NC(=O)Nc3cnc(cn3)C#N,CHEMBL208332,IC50,8.1
6389242,COc1cc2NC(=O)c3ccc(cc3Nc2cc1CCC(=O)N(C)C)c4ccc(c(OC)c4)[N+](=O)[O-],CHEMBL272711,IC50,8.1
6389253,COc1cc2c(Cc3c2n[nH]c3c4ccc(cc4)c5ccc(O)cc5)cc1OCCCN6CCN(CC6)c7cccc(Cl)c7,CHEMBL247821,IC50,8.1
6389264,COc1cc2c(Cc3c2n[nH]c3c4ccc(cc4)c5ccc(O)cc5)cc1OCc6ccncc6,CHEMBL400665,IC50,8.1
6389275,Cc1ccc2OCCCCCOc3nc(NC(=O)Nc2c1)cnc3C#N,CHEMBL236644,IC50,8.1
6389286,Cc1ncc(s1)c2cnn3c(N)c(Br)c(nc23)C4CCCNC4,CHEMBL1643225,IC50,8.1
6389297,Cl.NC(=O)Nc1sc(cc1C(=O)N[C@H]2CCCNC2)c3ccc(cc3)C#N,CHEMBL2070713,EC50,8.1
6389308,Cn1ccc2cc(ccc12)c3cc4c(N[C@H]5CCCNC5)ncc(C(=O)N)c4s3,CHEMBL1288304,IC50,8.1
6389318,Fc1ccc(CNCCc2ccc(NC(=O)Nc3cnc(cn3)C#N)cc2Cl)cc1F,CHEMBL3694373,IC50,8.1
6389328,NCCNC(=O)c1cccc(c1)c2cnc(Nc3cc(ccn3)N4CCC(F)(F)CC4)s2,CHEMBL2013163,IC50,8.1
6389339,O=C(Nc1ccccc1N2CCNCC2)c3csc(n3)N4Cc5ccccc5C4,CHEMBL2381238,IC50,8.1
6389350,O=C(Nc1cnccc1N2CCNCC2)c3csc(n3)N4Cc5ccccc5C4,CHEMBL2381114,IC50,8.1
6389361,OC(=O)c1ccc(cc1)c2n[nH]c3c2Cc4cc(CN5CCOCC5)ccc34,CHEMBL389780,Ki,8.1
6389372,OCCOc1cc2OCCCCOc3nc(NC(=O)Nc2cc1Cl)cnc3C#N,CHEMBL249155,IC50,8.1
6389384,OCc1ccc2c(Cc3c(n[nH]c23)c4ccc(cc4)c5ccc(O)cc5)c1,CHEMBL391450,Ki,8.1
6389396,OCc1cccc2c1Cc3c(n[nH]c23)c4ccc(cc4)c5ccc(O)cc5,CHEMBL232392,Ki,8.1
6389407,OP(=O)(O)c1cc2OCCCCOc3nc(NC(=O)Nc2cc1Cl)cnc3C#N,CHEMBL249154,IC50,8.1
6389418,Oc1ccc(cc1)c2ccc3\C(=C\C4=CC=C([Se]4)C(=O)NCCCn5ccnc5)\C(=O)Nc3c2,CHEMBL1223406,IC50,8.1
6389428,COc1ccccc1CNCc2ccc(NC(=O)Nc3cnc(cn3)C#N)c(OC)c2,CHEMBL3694395,IC50,8.11
6389438,CN(C)CCNC(=O)C1=CC=C([Se]1)\C=C\2/C(=O)Nc3cc(ccc23)c4ccc(O)cc4,CHEMBL1223337,IC50,8.12
1722007,N#Cc1c(cc(nc1\N=C\2/SC=C(N2c3ccccc3)c4ccccc4)c5ccccc5)c6ccccc6,CHEMBL3408392,IC50,8.12
6389451,O=C1Nc2ccsc2C(=C1c3nc4ccccc4[nH]3)NC5CCCNC5,CHEMBL3330236,IC50,8.12
6389462,Oc1nc2ccccc2c(N[C@@H]3CN4CCC3CC4)c1c5nc6ccccc6[nH]5,CHEMBL377554,IC50,8.12
6389472,COc1cccc(CNCc2ccc(NC(=O)Nc3cnc(cn3)C#N)c(OC)c2)c1,CHEMBL3694394,IC50,8.13
6389482,Oc1nc2ccc(Cl)cc2c(N[C@@H]3CCNC3)c1c4nc5ccccc5[nH]4,CHEMBL210035,IC50,8.14
6389493,Oc1ccc(cc1)c2ccc(cc2)c3n[nH]c4c3Cc5ccc(CNCCN6CCCC6)cc45,CHEMBL393603,IC50,8.15
6389504,CC(=O)Nc1cc2OCCCCCOc3nc(NC(=O)Nc2cc1Cl)cnc3C#N,CHEMBL223255,IC50,8.16
6389515,CC(=O)c1ccc(cc1)c2cc(C(=O)N[C@H]3CCCNC3)c(NC(=O)N)s2,CHEMBL488044,IC50,8.16
5815120,CC1(COc2ccc(Cl)cc2NC(=O)Nc3cnc(cn3)C#N)COC1,CHEMBL192161,IC50,8.16
6389528,CC1=CC2=NNC(=O)N2c3cc(ccc13)c4cccc(CN5CCNCC5)c4,CHEMBL1223321,IC50,8.16
6389539,CN(C)c1cc2OCCCCCOc3nc(NC(=O)Nc2cc1Cl)cnc3C#N,CHEMBL387341,IC50,8.16
6389550,CNC(=O)c1cncc(c1)c2cnc(Nc3cc(ccn3)N4CCOCC4)s2,CHEMBL2013159,IC50,8.16
6389561,CNCCNc1ncc(C(=O)N)c2sc(cc12)c3ccc(Cl)cc3,CHEMBL1288191,IC50,8.16
1725990,CNc1cc(Nc2cnc(C#N)c(O[C@H](C)CN(C)C)n2)ncc1C(=O)OC,CHEMBL2203847,IC50,8.16
6389574,COc1cc(NC(=O)Cc2ccc(cc2)S(=O)(=O)C)c(Cl)cc1NC(=O)Nc3cnc(cn3)C#N,CHEMBL206460,IC50,8.16
6389585,COc1cc(ccc1N)c2ccc3C(=O)Nc4cc(CC(=O)Nc5ccc(cc5)N6CCOCC6)ccc4Nc3c2,CHEMBL395080,IC50,8.16
6389597,COc1cc(ccc1O)c2ccc3\C(=C\c4ccc[nH]4)\C(=O)Nc3c2,CHEMBL202930,IC50,8.16
6389608,COc1cc2Cc3c(n[nH]c3c4ccc(cc4)C#N)c2cc1OC,CHEMBL395894,IC50,8.16
6389619,Cl.NC(=O)Nc1cc(sc1C(=O)N[C@H]2CCCNC2)c3cccc(c3)C#N,CHEMBL2070716,IC50,8.16
6389630,Clc1cc2NC(=O)Nc3cnc(C#N)c(OCCCCCOc2cc1NCc4ocnc4)n3,CHEMBL374416,IC50,8.16
6389641,Cn1c2cc([S+]([O-])CCCN3CCCC3)c(O)cc2c4c5C(=O)NC(=O)c5c(cc14)c6ccccc6Cl,CHEMBL270866,IC50,8.16
6389652,Cn1cc(cn1)c2cnn3c(N)c(Br)c(CC4CCCNC4)nc23,CHEMBL1643235,IC50,8.16
6389663,Cn1cc(cn1)c2cnn3c(N)c(Br)c(CC4CCNC4)nc23,CHEMBL1643234,IC50,8.16
6389674,N#Cc1ccc(cn1)c2n[nH]c3c2Cc4ccc(NCCN5CCOCC5)cc34,CHEMBL249115,IC50,8.16
6389685,N#Cc1ncc(Nc2cc3ccccc3cn2)nc1OC4CCCNC4,CHEMBL1928700,IC50,8.16
6389696,NC(=O)Nc1sc(cc1C(=O)N[C@H]2CCCNC2)c3ccc(O)cc3,CHEMBL459428,IC50,8.16
6389707,NC(=O)c1cnc(N[C@H]2CCCNC2)c3cc(sc13)c4cccc(c4)C#N,CHEMBL1288163,IC50,8.16
6389718,O=C(Nc1ccccc1N2CCNCC2)c3csc(n3)c4cc5ccccc5s4,CHEMBL2037114,IC50,8.16
6389729,O=C(Nc1cnccc1N2CCNCC2)c3csc(n3)c4ccc5sccc5c4,CHEMBL2381111,IC50,8.16
6389740,O=C1Nc2cnc(C#N)c(OCCCCCOc3ccc(OCCCN4CCOCC4)cc3N1)n2,CHEMBL235368,IC50,8.16
6389751,COc1cc(ccc1N)c2ccc3C(=O)Nc4cc(ccc4Nc3c2)C(C)(C)C(=O)Nc5ccc(cc5)N6CCOCC6,CHEMBL389745,IC50,8.17
6389762,COc1cc2NC(=O)c3ccc(cc3Nc2cc1OCc4ccncc4)c5ccc(c(OC)c5)[N+](=O)[O-],CHEMBL257512,IC50,8.17
6389772,COc1cc(CCNCc2ccc(F)cc2F)ccc1NC(=O)Nc3cnc(cn3)C#N,CHEMBL3694363,IC50,8.19
6389782,Cc1ncsc1CCOc2ccc3Cc4c(n[nH]c4c3c2)c5ccc(nc5)C#N,CHEMBL249077,IC50,8.19
6389793,Cn1nnc(n1)c2ccc3NC(=O)C(=Cc3c2)c4cc5cc(CN6CCCCC6)ccc5[nH]4,CHEMBL221603,IC50,8.19
6389804,N#Cc1ccc(cn1)c2n[nH]c3c2Cc4cc(OCCCN5CCOCC5)ccc34,CHEMBL249324,IC50,8.19
6389815,N#Cc1ccc(cn1)c2n[nH]c3c2Cc4cc(OCCN5CCOCC5)ccc34,CHEMBL400570,IC50,8.19
6389826,NCCCc1cc2C=CNC(=O)c2c3cc(ccc13)c4ccc(CN)cc4,CHEMBL249236,IC50,8.19
6389837,Oc1ccc(cc1)c2ccc(cc2)c3n[nH]c4c3Cc5cc(NC(=O)CNCc6ccncc6)ccc45,CHEMBL234482,IC50,8.19
6389848,COc1cc(Nc2cnc(C#N)c(O[C@@H]3CCN(C)C3)n2)ncc1c4cnn(C)c4,CHEMBL2203845,IC50,8.2
6389859,COc1cc(ccc1[N+](=O)[O-])c2ccc3C(=O)Nc4cc(CC(=O)N(C)C)ccc4Nc3c2,CHEMBL562875,Ki,8.2
6389870,COc1cc(ccc1[N+](=O)[O-])c2ccc3C(=O)Nc4cc(ccc4Nc3c2)C(C)(C)C(=O)Nc5ccc(cc5)N6CCOCC6,CHEMBL540992,Ki,8.2
6389881,COc1cccc(c1)c2ccc3C(=O)Nc4cc(OC)c(OCc5ccncc5)cc4Nc3c2,CHEMBL559498,Ki,8.2
6389892,OC1CCC(C1)Oc2ccc(Cl)cc2NC(=O)Nc3cnc(cn3)C#N,CHEMBL549660,Ki,8.2
6389904,O[C@@H]1CC[C@H](CC1)NC(=O)c2ccc3c(Cc4c(n[nH]c34)c5ccc(cc5)c6ccc(O)cc6)c2,CHEMBL438485,Ki,8.2
6389916,Oc1ccc(cc1)c2ccc(cc2)c3n[nH]c4c3Cc5cc(O)ccc45,CHEMBL391449,Ki,8.2
6389927,Clc1cc2C(=C(C(=O)Nc2s1)c3nc4ccccc4[nH]3)NC5CN6CCC5CC6,CHEMBL3330229,IC50,8.21
6389938,CC1=CC2=NNC(=O)N2c3cc(ccc13)c4ccc(CN5CCNCC5)cc4,CHEMBL1223320,IC50,8.22
6389949,CCOc1cc2OCCCCCOc3nc(NC(=O)Nc2cc1Cl)cnc3C#N,CHEMBL223311,IC50,8.22
6389960,COc1cc(ccc1N)c2ccc3C(=O)Nc4cc(CC(=O)N(C)C)ccc4Nc3c2,CHEMBL243934,IC50,8.22
6389971,COc1cc(ccc1N)c2ccc3C(=O)Nc4ccc(CC(=O)N(C)C)cc4Nc3c2,CHEMBL437384,IC50,8.22
6389982,COc1cc(ccc1N)c2ccc3C(=O)Nc4ccc(N)cc4Nc3c2,CHEMBL243500,IC50,8.22
6389993,COc1cc2c(Cc3c2n[nH]c3c4ccc(cc4)C#N)cc1OC[C@H](O)CO,CHEMBL399532,IC50,8.22
6390004,COc1cc2c(Cc3c2n[nH]c3c4ccc(cc4)c5ccc(O)cc5)cc1OCCCN6CCOCC6,CHEMBL247460,IC50,8.22
6390015,CS(=O)(=O)c1ccc(cc1)c2cc(C(=O)N[C@H]3CCCNC3)c(NC(=O)N)s2,CHEMBL520902,IC50,8.22
6390026,Cl.NC(=O)Nc1cc(sc1C(=O)N[C@H]2CCCNC2)c3ccc(cc3)C#N,CHEMBL2070714,IC50,8.22
6390037,Clc1cc(ccn1)C(=O)Nc2cc3OC\C=C/COc4nc(NC(=O)Nc3cc2Cl)cnc4C#N,CHEMBL249972,IC50,8.22
6390048,Clc1cc2NC(=O)Nc3cnc(C#N)c(OCCCCCOc2cc1NCc4cncs4)n3,CHEMBL223347,IC50,8.22
6390059,Clc1cc2NC(=O)Nc3cnc(C#N)c(OCCCCOc2cc1N4CCOC4=O)n3,CHEMBL248953,IC50,8.22
6390070,Clc1cc2NC(=O)Nc3cnc(C#N)c(OC\C=C/COc2cc1NC(=O)c4ccncc4)n3,CHEMBL398875,IC50,8.22
6390083,Clc1ccc2OCCCCOc3nc(NC(=O)Nc2c1)cnc3C#N,CHEMBL375097,IC50,8.22
6390094,Cn1cc(cn1)c2cncc(c2)c3cnc(Nc4cc(ccn4)N5CCNCC5)s3,CHEMBL2013066,IC50,8.22
6390105,Cn1cc(cn1)c2cnn3c(N)c(Br)c(nc23)C4CNCCS4,CHEMBL1643230,IC50,8.22
6390116,NC(=O)Nc1sc(cc1C(=O)N[C@H]2CCCNC2)c3ccc(cc3)C#N,CHEMBL469481,IC50,8.22
6390127,NC(=O)Nc1sc(cc1C(=O)N[C@H]2CCCNC2)c3cccnc3,CHEMBL488230,IC50,8.22
6390138,NC(=O)Nc1sc(cc1C(=O)N[C@H]2CCCNC2)c3ccsc3,CHEMBL520734,IC50,8.22
6390149,NC1=CC2=NNC(=O)N2c3cc(ccc13)c4ccsc4,CHEMBL2012857,IC50,8.22
6390160,O=C1Nc2cnc(C#N)c(OCC\C=C/COc3ccc(OCCCCN4CCOCC4)cc3N1)n2,CHEMBL238145,IC50,8.22
6390171,OCC#Cc1cncc(c1)c2cnc(Nc3cc(ccn3)N4CCOCC4)s2,CHEMBL2011343,IC50,8.22
6390182,OCCOc1cc2OCCCCCOc3nc(NC(=O)Nc2cc1Cl)cnc3C#N,CHEMBL413779,IC50,8.22
6390193,O[C@@H]1CC[C@H](CC1)NC(=O)c2ccc3c(Cc4c3n[nH]c4c5ccc(cc5)C#N)c2,CHEMBL401326,IC50,8.22
6390204,Oc1cc2OCCCCCOc3nc(NC(=O)Nc2cc1Cl)cnc3C#N,CHEMBL375644,IC50,8.22
6390215,N#Cc1ccc(cn1)c2n[nH]c3c2Cc4ccc(OCCN5CCOCC5)cc34,CHEMBL249282,IC50,8.23
6390226,Oc1ccc(cc1)c2ccc3\C(=C\C4=CC=C([Se]4)C(=O)NCCN5CCCC5)\C(=O)Nc3c2,CHEMBL1223339,IC50,8.23
6390237,O=C1Nc2ccc(cc2C=C1c3cc4cc(CN5CCCCC5)ccc4[nH]3)c6cc[nH]n6,CHEMBL221496,IC50,8.25
6390248,CC(=O)Nc1cccc2c1Cc3c(n[nH]c23)c4ccc(cc4)c5ccc(O)cc5,CHEMBL232391,IC50,8.26
6390259,COc1ccc2[nH]c(nc2c1)C3=C(NC4CN5CCC4CC5)c6cc(Cl)sc6NC3=O,CHEMBL3330233,IC50,8.27
6390270,CN(C)CCNCc1ccc2Cc3c(n[nH]c3c2c1)c4ccc(cc4)c5ccc(O)cc5,CHEMBL234867,IC50,8.28
4897396,N#Cc1cc2c(cn1)[nH]c3ncc(cc23)c4ccc(CN5CCCCC5)nc4,CHEMBL3582213,IC50,8.28
6390283,O=C1Nc2sccc2C(=C1c3nc4ccccc4[nH]3)N[C@H]5CCCNC5,CHEMBL3330133,IC50,8.28
4895888,C(N1CCCCC1)c2ccc(cc2)c3cnc4[nH]c5cnc(cc5c4c3)c6cncnc6,CHEMBL3582232,IC50,8.29
6390295,COc1cc(CCN[C@@H](C)c2ccc(F)cc2)ccc1NC(=O)Nc3cnc(cn3)C#N,CHEMBL3694377,IC50,8.29
6390305,C1CN(CCN1)c2ccnc(Nc3ncc(s3)c4cncc(c4)c5cccnc5)c2,CHEMBL2013067,IC50,8.3
6390316,CCc1cc2c(Cc3c(n[nH]c23)c4cccnc4)cc1OC5CCOC5,CHEMBL563792,Ki,8.3
6390327,CNCCCn1c2ccc(O)cc2c3c4C(=O)NC(=O)c4c(cc13)c5c(Cl)cccc5Cl,CHEMBL452336,IC50,8.3
6390338,CNCc1cc(cs1)c2ccc3C(=CC4=NNC(=O)N4c3c2)N,CHEMBL2012858,IC50,8.3
6390349,COCCOc1cc2OCCCCCOc3nc(NC(=O)Nc2cc1Cl)cnc3C#N,CHEMBL374334,IC50,8.3
6390360,COc1cc(N)c(Cl)cc1NC(=O)Nc2cnc(cn2)C#N,CHEMBL207596,IC50,8.3
6390372,COc1cc(ccc1O)C#Cc2[nH]nc3c2Cc4cc(OC)c(OC)cc34,CHEMBL248396,Ki,8.3
6390383,COc1cc2Cc3c(n[nH]c3c4ccc(cc4)c5ccc(O)cc5)c2cc1O,CHEMBL248200,IC50,8.3
6390394,COc1cc2Cc3c(n[nH]c3c4ccc(cc4)c5ccc(O)cc5)c2cc1OCCN6CCOCC6,CHEMBL248212,IC50,8.3
6390405,COc1cc2c(Cc3c2n[nH]c3c4ccc(cc4)c5ccc(O)cc5)cc1OCCc6ccncc6,CHEMBL247824,IC50,8.3
6390416,COc1cc2c(Cc3c2n[nH]c3c4ccc(cc4)c5ccc(O)cc5)cc1OCCn6ccnc6,CHEMBL248011,IC50,8.3
6390427,COc1cc2c(cc1OCCCN3CCOCC3)C(=O)c4c(n[nH]c24)c5ccccc5,CHEMBL550820,Ki,8.3
6390438,COc1ccc2CN(C(=O)c2c1)c3nc(cs3)C(=O)Nc4ccccc4N5CCNCC5,CHEMBL2381248,IC50,8.3
6390449,Clc1ccc(OC2CCOCC2)c(NC(=O)Nc3cnc(cn3)C#N)c1,CHEMBL426811,IC50,8.3
6390460,Clc1ccc2OC\C=C/COc3nc(NC(=O)Nc2c1)cnc3C#N,CHEMBL444365,IC50,8.3
6390471,Cn1cc(cn1)c2cnn3c(N)c(Br)c(C[C@H]4CCC[C@@H](N)C4)nc23,CHEMBL1643236,IC50,8.3
4890260,FC1CCN(Cc2ccc(cc2)c3cnc4[nH]c5cnc(cc5c4c3)C#N)CC1,CHEMBL3582209,IC50,8.3
6390484,NC(=O)Nc1sc(cc1C(=O)N[C@H]2CCCNC2)c3ccc(cc3)C(=O)N,CHEMBL519248,IC50,8.3
6390495,NC(=O)Nc1sc(cc1C(=O)N[C@H]2CCCNC2)c3cccc(c3)C(=O)N,CHEMBL470289,IC50,8.3
6390506,NC(=O)c1cnc(N[C@H]2CCCNC2)c3cc(sc13)c4cc(F)cc(F)c4,CHEMBL1288302,IC50,8.3
6390517,NC(=O)c1cnc(N[C@H]2CCCNC2)c3cc(sc13)c4ccc(F)cc4,CHEMBL1288164,IC50,8.3
6390528,NC(=O)c1cnc(N[C@H]2CCCNC2)c3cc(sc13)c4ccc(cc4)C(F)(F)F,CHEMBL1288132,IC50,8.3
6390539,NC(=O)c1cnc(N[C@H]2CCCNC2)c3cc(sc13)c4ccc5ncccc5c4,CHEMBL1288279,IC50,8.3
6390550,NC(=O)c1cnc(N[C@H]2CCCNC2)c3cc(sc13)c4cccc5[nH]ccc45,CHEMBL1287949,IC50,8.3
6390561,NC(=O)c1cnc(N[C@H]2CCCNC2)c3cc(sc13)c4cccnc4,CHEMBL1287919,IC50,8.3
6390572,O=C(Nc1ccccc1N2CCNCC2)c3csc(n3)c4ccc(Oc5ccccc5)cc4,CHEMBL2037096,IC50,8.3
6390583,O=C(Nc1ccccc1N2CCNCC2)c3csc(n3)c4ccc5sccc5c4,CHEMBL2037113,IC50,8.3
6390594,O=C1Nc2cnc(C#N)c(OCC\C=C/COc3ccc(OCCCCCN4CCOCC4)cc3N1)n2,CHEMBL238351,IC50,8.3
6390605,O=C1Nc2cnc(C#N)c(OCC\C=C/COc3ccc(OCCCN4CCOCC4)cc3N1)n2,CHEMBL393569,IC50,8.3
6390616,OC1CCN(C1)c2ccc(Cl)cc2NC(=O)Nc3cnc(cn3)C#N,CHEMBL555940,Ki,8.3
6390627,OCC(O)Cc1cc2OCCCCCOc3nc(NC(=O)Nc2cc1Cl)cnc3C#N,CHEMBL219637,IC50,8.3
6390638,OCCCc1cc2OCCCCCOc3nc(NC(=O)Nc2cc1Cl)cnc3C#N,CHEMBL223367,IC50,8.3
6390649,OCCNC(=O)c1ccc2Cc3c(n[nH]c3c2c1)c4ccc(cc4)c5ccc(O)cc5,CHEMBL232805,IC50,8.3
6390660,O[C@H]1CC(C[C@@H]1O)Oc2ccc(Cl)cc2NC(=O)Nc3cnc(cn3)C#N,CHEMBL550417,Ki,8.3
6390671,Brc1cc2C(=C(C(=O)Nc2s1)c3nc4ccccc4[nH]3)NC5CCCNC5,CHEMBL3330230,IC50,8.32
6390682,COc1cc2NC(=O)c3ccc(cc3Nc2cc1OCC4CCCCO4)c5ccc(c(OC)c5)[N+](=O)[O-],CHEMBL272347,IC50,8.32
6390693,OCCCOc1cc2OCCCCCOc3nc(NC(=O)Nc2cc1Cl)cnc3C#N,CHEMBL373598,Ki,8.33
1724177,CC(=O)C1=NN(\C(=C/2\S\C(=N/c3nc(cc(c4ccccc4)c3C#N)c5ccccc5)\N(C2=O)c6ccccc6)\S1)c7ccccc7,CHEMBL3408394,IC50,8.34
6390706,CCN(CC)CCNC(=O)C1=CC=C([Se]1)\C=C\2/C(=O)Nc3cc(ccc23)c4ccc(O)cc4,CHEMBL1223338,IC50,8.34
6390717,O=C1Nc2ccc(cc2C=C1c3cc4cc(CN5CCCCC5)ccc4[nH]3)C#N,CHEMBL415656,IC50,8.34
6390728,COc1cc(ccc1O)c2ccc3\C(=C\C4=CC=C([Se]4)C(=O)NCCN5CCCC5)\C(=O)Nc3c2,CHEMBL1223116,IC50,8.35
6390739,Oc1ccc(cc1)c2ccc3\C(=C\C4=CC=C([Se]4)C(=O)NCCN5CCCCO5)\C(=O)Nc3c2,CHEMBL1223340,IC50,8.35
4905938,CC1(C)CCN(Cc2ccc(cc2)c3cnc4[nH]c5cnc(cc5c4c3)C#N)CC1,CHEMBL3582205,IC50,8.36
6390752,CNc1cc(Nc2cnc(C#N)c(O[C@@H]3CCN(C)C3)n2)ncc1c4cnn(C)c4,CHEMBL2203841,IC50,8.36
6390764,OCc1ccc2Cc3c(n[nH]c3c2c1)c4ccc(cc4)c5ccc(O)cc5,CHEMBL232804,IC50,8.36
4896756,NC(=O)c1cc2c(cn1)[nH]c3ncc(cc23)c4ccc(CN5CCCCC5)cc4,CHEMBL3582218,IC50,8.37
6390777,NCCCc1cc2C=CNC(=O)c2c3cc(ccc13)c4ccn[nH]4,CHEMBL400323,IC50,8.37
6390788,O=C1Nc2ccc(cc2C=C1c3cc4cc(CN5CCCCC5)ccc4[nH]3)n6ccnc6,CHEMBL218171,IC50,8.37
6390799,C[C@@H]1C[C@H](C)CN(Cc2ccc(cc2)c3cnc4[nH]c5cnc(cc5c4c3)C#N)C1,CHEMBL3582203,IC50,8.38
6390810,CN1CCN(CC1)c2ccc(cc2)c3cnc4[nH]c5cnc(cc5c4c3)C(=O)O,CHEMBL3359893,IC50,8.39
6390820,COc1cc(OCCNCc2ccc(F)cc2)ccc1NC(=O)Nc3cnc(cn3)C#N,CHEMBL3694355,IC50,8.39
6390830,Clc1cc2C(=C(C(=O)Nc2s1)c3nc4ccccc4[nH]3)NC5CCCNC5,CHEMBL3330148,IC50,8.39
6390841,CC1=CC2=NNC(=O)N2c3cc(ccc13)c4cn[nH]c4,CHEMBL1223528,IC50,8.4
6390852,CCNc1cc2OCCCCCOc3nc(NC(=O)Nc2cc1Cl)cnc3C#N,CHEMBL220525,IC50,8.4
6390863,CN1CCN(Cc2cc(cs2)c3ccc4C(=CC5=NNC(=O)N5c4c3)N)CC1,CHEMBL2012859,IC50,8.4
6390874,COc1cc(ccc1N)c2ccc3C(=O)Nc4cc(ccc4Nc3c2)N5CCCC5=O,CHEMBL413224,IC50,8.4
6390885,COc1cc(ccc1N)c2ccc3C(=O)Nc4ccc(cc4Nc3c2)N5CCOCC5,CHEMBL243721,IC50,8.4
6390896,COc1cc(ccc1O)c2ccc3\C(=C\c4c[nH]c5ncccc45)\C(=O)Nc3c2,CHEMBL383316,IC50,8.4
6390907,COc1cc2Cc3c(n[nH]c3c4ccc(Cl)nc4)c2cc1OC,CHEMBL399254,IC50,8.4
6390918,COc1cc2NC(=O)c3ccc(cc3Nc2cc1CCC(C)(C)O)c4ccc(c(OC)c4)[N+](=O)[O-],CHEMBL404479,IC50,8.4
6390929,COc1cc2NC(=O)c3ccc(cc3Nc2cc1OCc4csc(C)n4)c5ccc(c(OC)c5)[N+](=O)[O-],CHEMBL257703,IC50,8.4
6390940,COc1cc2c(Cc3c2n[nH]c3c4ccc(cc4)C#N)cc1OCCCN(C)C,CHEMBL247201,IC50,8.4
6390951,COc1cc2c(Cc3c2n[nH]c3c4ccc(cc4)c5ccc(O)cc5)cc1OCCCN6CCCCC6,CHEMBL247459,IC50,8.4
6390962,COc1ccc2CN(C(=O)c2c1)c3nc(cs3)C(=O)Nc4cc(F)ccc4N5CCNCC5,CHEMBL2381223,IC50,8.4
6390973,COc1cccc(c1)c2ccc3C(=O)Nc4cc(OC)c(OCc5csc(C)n5)cc4Nc3c2,CHEMBL549527,Ki,8.4
6390984,Clc1cc(ccn1)C(=O)Nc2cc3OCCCCOc4nc(NC(=O)Nc3cc2Cl)cnc4C#N,CHEMBL400804,IC50,8.4
6390995,Clc1cc2NC(=O)Nc3cnc(C#N)c(OCCCCOc2cc1NC(=O)c4ccncc4)n3,CHEMBL248951,IC50,8.4
6391006,Clc1cc2NC(=O)Nc3cnc(C#N)c(OCCCCOc2cc1NCc4cncs4)n3,CHEMBL248757,IC50,8.4
6391017,Clc1cc2NC(=O)Nc3cnc(C#N)c(OC\C=C/COc2cc1NCc4cncs4)n3,CHEMBL249971,IC50,8.4
6391028,Cn1c2cc(CCCCN3CCCC3)c(O)cc2c4c5C(=O)NC(=O)c5c(cc14)c6ccccc6Cl,CHEMBL271084,IC50,8.4
6391039,NC(=O)Nc1sc(cc1C(=O)N[C@H]2CCCNC2)c3ccncc3,CHEMBL488231,IC50,8.4
6391050,NC(=O)c1cnc(N[C@H]2CCCNC2)c3cc(sc13)c4ccc(F)c(Cl)c4,CHEMBL1288221,IC50,8.4
6391061,NC(=O)c1cnc(N[C@H]2CCCNC2)c3cc(sc13)c4ccc(Oc5ccccc5)cc4,CHEMBL1288043,IC50,8.4
6391072,NC(=O)c1cnc(N[C@H]2CCCNC2)c3cc(sc13)c4ccc5sccc5c4,CHEMBL1288042,IC50,8.4
6391083,NC(=O)c1cnc(N[C@H]2CCCNC2)c3cc(sc13)c4cccc(Cl)c4,CHEMBL1288303,IC50,8.4
6391094,NC(=O)c1cnc(N[C@H]2CCCNC2)c3cc(sc13)c4ccccc4,CHEMBL1287920,IC50,8.4
6391105,NCC1CCN(Cc2ccc3[nH]c(cc3c2)C4=Cc5cc(ccc5NC4=O)C#N)CC1,CHEMBL221862,IC50,8.4
6391116,O=C(Nc1ccccc1N2CCNCC2)c3csc(n3)c4ccc5[nH]ccc5c4,CHEMBL2037112,IC50,8.4
6391127,O=C1Nc2cnc(C#N)c(OCCCCOc3ccc(OCCCCN4CCOCC4)cc3N1)n2,CHEMBL235605,IC50,8.4
6391138,O=C1Nc2cnc(C#N)c(OC\C=C/COc3ccc(OCCCCN4CCOCC4)cc3N1)n2,CHEMBL235163,IC50,8.4
6391149,O=C1Nc2cnc(C#N)c(OC\C=C/COc3ccc(OCCCN4CCOCC4)cc3N1)n2,CHEMBL235161,IC50,8.4
6391160,OCCN(CCO)c1cc2OCCCCCOc3nc(NC(=O)Nc2cc1Cl)cnc3C#N,CHEMBL223640,IC50,8.4
6391171,Oc1cc2ccccc2cc1NC(=O)Nc3cnc(cn3)C#N,CHEMBL560210,Ki,8.4
6391182,COc1cc2c(Cc3c(n[nH]c23)c4ccc(nc4)C#N)cc1OCCN5CCOCC5,CHEMBL248680,IC50,8.42
6391193,Clc1cccc2cc(Nc3cnc(C#N)c(OC4CCCNC4)n3)ncc12,CHEMBL1928701,IC50,8.42
6391204,COc1cc(ccc1O)c2ccc3\C(=C\C4=CC=C([Se]4)C(=O)NCCCn5ccnc5)\C(=O)Nc3c2,CHEMBL1223118,IC50,8.43
6391215,COc1cc2c(Cc3c(n[nH]c23)c4ccc(nc4)C#N)cc1OCc5ccccn5,CHEMBL400744,IC50,8.43
6391226,COc1ccc2CN(C(=O)c2c1)c3nc(cs3)C(=O)Nc4cnccc4N5CCNCC5,CHEMBL2381116,IC50,8.43
6391237,NCCCc1cc2C(=CNC(=O)c2c3cc(ccc13)c4cn[nH]c4)c5cccc(F)c5,CHEMBL249834,IC50,8.43
6391248,NCCCc1cc2C(=CNC(=O)c2c3cc(ccc13)c4cn[nH]c4)C=C,CHEMBL401156,IC50,8.44
6391259,Clc1cc2C(=C(C(=O)Nc2s1)c3nc4ccccc4[nH]3)N[C@H]5CCCNC5,CHEMBL3330227,IC50,8.45
6391270,CC(C)NCc1ccc(Nc2cc([nH]n2)c3ccc(cc3)c4ccc(O)cc4O)cc1,CHEMBL398606,IC50,8.46
1727329,CCOC(=O)C1=NN(\C(=C/2\S\C(=N/c3nc(cc(c4ccccc4)c3C#N)c5ccccc5)\N(C2=O)c6ccccc6)\S1)c7ccccc7,CHEMBL3408395,IC50,8.46
6391283,COc1cc2NC(=O)c3ccc(cc3Nc2cc1CCO)c4ccc(c(OC)c4)[N+](=O)[O-],CHEMBL257067,IC50,8.46
6391293,COc1ccc(CNCCc2ccc(NC(=O)Nc3cnc(cn3)C#N)cc2Cl)cc1,CHEMBL3694349,IC50,8.46
6391303,NCCCc1cc2C(=CNC(=O)c2c3cc(ccc13)c4cn[nH]c4)c5ccc(F)cc5,CHEMBL250033,IC50,8.46
6391314,NCCCc1cc2C=CNC(=O)c2c3cc(ccc13)c4cn[nH]c4,CHEMBL249224,IC50,8.46
6391325,CNc1cc(Nc2cnc(C#N)c(O[C@H]3CCN(C)C3)n2)ncc1c4cnn(C)c4,CHEMBL2203842,IC50,8.47
6391336,COc1cc2NC(=O)c3ccc(cc3Nc2cc1CC(C)(C)O)c4ccc(c(OC)c4)[N+](=O)[O-],CHEMBL403192,IC50,8.47
6391346,COc1cc(CCNCc2ccc(cc2)N3CCN(C)CC3)ccc1NC(=O)Nc4cnc(cn4)C#N,CHEMBL3694384,IC50,8.48
6391355,COc1cc(CCN[C@H](C)c2ccc(F)cc2)ccc1NC(=O)Nc3cnc(cn3)C#N,CHEMBL3694376,IC50,8.48
6391365,Cc1ccc2nc(O)c(c(NC3CCNCC3)c2c1)c4nc5ccccc5[nH]4,CHEMBL210242,IC50,8.48
6391376,Oc1nc2ccc(Cl)cc2c(NC3CCNCC3)c1c4nc5ccccc5[nH]4,CHEMBL381952,IC50,8.48
6391387,Cc1[nH]nc2c3cc(C4CCCCC4)c(cc3N(C[C@@H](F)CN)C(=O)c12)C5CCCCC5,CHEMBL249177,IC50,8.5
6391398,Clc1ccc(N2CCCC2)c(NC(=O)Nc3cnc(cn3)C#N)c1,CHEMBL550209,Ki,8.5
6391410,Clc1ccc(OC2CCOC2)c(NC(=O)Nc3cnc(cn3)C#N)c1,CHEMBL195373,Ki,8.5
6391421,N#Cc1ccc(cn1)c2n[nH]c3c2Cc4ccc(OCCCN5CCOCC5)cc34,CHEMBL248911,IC50,8.5
6391432,COCCOCCOc1cc2Nc3cc(ccc3C(=O)Nc2cc1OC)c4ccc(c(OC)c4)[N+](=O)[O-],CHEMBL404152,IC50,8.51
6391443,COc1cc2c(Cc3c(n[nH]c23)c4ccc(nc4)C#N)cc1OCCO,CHEMBL248870,IC50,8.51
6391454,Cc1[nH]nc2c3cc(C4CCCCC4)c(cc3N(C[C@H](F)CN)C(=O)c12)C5CCCCC5,CHEMBL398612,IC50,8.51
6391465,CC(=O)N1CCN(Cc2ccc3[nH]c(cc3c2)C4=Cc5cc(ccc5NC4=O)c6cnn(C)c6)CC1,CHEMBL220973,IC50,8.52
6391476,CCNc1cc2OCCCCOc3nc(NC(=O)Nc2cc1Cl)cnc3C#N,CHEMBL400575,IC50,8.52
6391487,CN(C)CCCOc1cc2[nH]c3cc(c4ccccc4Cl)c5C(=O)NC(=O)c5c3c2cc1O,CHEMBL272479,IC50,8.52
6391498,CNCC(O)Cn1c2ccc(O)cc2c3c4C(=O)NC(=O)c4c(cc13)c5ccccc5Cl,CHEMBL516488,IC50,8.52
6391509,COC(=O)Cc1ccc2Nc3cc(ccc3C(=O)Nc2c1)c4ccc(N)c(OC)c4,CHEMBL429819,IC50,8.52
6391520,COCC1=CC2=NNC(=O)N2c3cc(ccc13)c4ccsc4,CHEMBL2012879,IC50,8.52
6391531,COCCCOc1cc2OCCCCOc3nc(NC(=O)Nc2cc1Cl)cnc3C#N,CHEMBL400806,IC50,8.52
6391542,COc1cc(NC(=O)CN(C)C)c(Cl)cc1NC(=O)Nc2cnc(cn2)C#N,CHEMBL381517,IC50,8.52
6391552,COc1cc(OCCNCc2ccc(F)cc2F)ccc1NC(=O)Nc3cnc(cn3)C#N,CHEMBL3694366,IC50,8.52
6391562,COc1cc2Cc3c(n[nH]c3c2cc1OCCN4CCOCC4)c5ccc(nc5)C#N,CHEMBL248871,IC50,8.52
6391573,COc1cc2Cc3c(n[nH]c3c4ccc(cc4)c5ccc(O)cc5)c2cc1OCCn6ccnc6,CHEMBL400790,IC50,8.52
6391584,COc1cc2c(Cc3c2n[nH]c3c4ccc(cc4)C#N)cc1C(=O)N[C@@H]5CC[C@@H](O)CC5,CHEMBL245401,IC50,8.52
6391595,COc1cc2c(Cc3c2n[nH]c3c4ccc(cc4)C#N)cc1OC(CO)CO,CHEMBL400893,IC50,8.52
6391606,COc1cc2c(Cc3c2n[nH]c3c4ccc(cc4)C#N)cc1OCC5CCOC5,CHEMBL247588,IC50,8.52
6391617,COc1cc2c(Cc3c2n[nH]c3c4ccc(cc4)C#N)cc1OCCCN5CCOCC5,CHEMBL400689,IC50,8.52
6391628,COc1ccc(cc1)c2cc(Nc3nc(cs3)C(=O)Nc4ccccc4N5CCNCC5)[nH]n2,CHEMBL2381102,IC50,8.52
6391639,COc1ccc(cc1)c2cc3c(N[C@H]4CCCNC4)ncc(C(=O)N)c3s2,CHEMBL1288009,IC50,8.52
6391650,COc1ccc(cn1)c2cc3c(N[C@H]4CCCNC4)ncc(C(=O)N)c3s2,CHEMBL1287865,IC50,8.52
6391661,COc1cccc(c1)c2cc3c(N[C@H]4CCCNC4)ncc(C(=O)N)c3s2,CHEMBL1287979,IC50,8.52
6391672,C[C@H](N)C(=O)Nc1cc2OC\C=C/COc3nc(NC(=O)Nc2cc1Cl)cnc3C#N,CHEMBL250173,IC50,8.52
6391683,Clc1cc2NC(=O)Nc3cnc(C#N)c(OCCCCCOc2cc1OCCn4ccnc4)n3,CHEMBL219979,IC50,8.52
6391694,Clc1cc2NC(=O)Nc3cnc(C#N)c(OCCCCOc2cc1NC(=O)OCCN4CCOCC4)n3,CHEMBL248952,IC50,8.52
6391705,Clc1cc2NC(=O)Nc3cnc(C#N)c(OC\C=C/COc2cc1NC(=O)OCCN4CCOCC4)n3,CHEMBL400668,IC50,8.52
6391716,Cn1cc(cn1)c2cnn3c(N)c(Br)c(nc23)C4CCCNC4,CHEMBL1643208,IC50,8.52
6391727,Cn1cc(cn1)c2cnn3c(N)c(Br)c(nc23)[C@@H]4CCCNC4,CHEMBL2386889,IC50,8.52
6391738,Cn1cc(cn1)c2cnn3c(N)c(Cl)c(nc23)C4CCCNC4,CHEMBL1643207,IC50,8.52
6391749,Cn1cc(cn1)c2cnn3c(N)c(I)c(nc23)C4CCCNC4,CHEMBL1643209,IC50,8.52
6391760,NC(=O)Nc1sc(cc1C(=O)N[C@@H]2CCCCNC2)c3ccccc3,CHEMBL471096,IC50,8.52
6391771,NC(=O)Nc1sc(cc1C(=O)N[C@H]2CCCNC2)c3cccs3,CHEMBL519913,IC50,8.52
6391782,NC(=O)c1cnc(N[C@H]2CCCCNC2)c3cc(sc13)c4ccc(Cl)cc4,CHEMBL1288162,IC50,8.52
6391793,NC(=O)c1cnc(N[C@H]2CCCNC2)c3cc(sc13)c4ccc(Cl)cc4,CHEMBL1231626,IC50,8.52
6391804,NC(=O)c1cnc(N[C@H]2CCCNC2)c3cc(sc13)c4cccc(CO)c4,CHEMBL1288010,IC50,8.52
6391815,NC(=O)c1cnc(N[C@H]2CCCNC2)c3cc(sc13)c4cccc(c4)N5CCCC5,CHEMBL1288305,IC50,8.52
6391826,NC(=O)c1cnc(N[C@H]2CCCNC2)c3cc(sc13)c4ccncc4,CHEMBL1287891,IC50,8.52
6391837,NCCc1cc2C=CNC(=O)c2c3cc(Br)ccc13,CHEMBL249796,IC50,8.52
6391848,NCCc1cc2C=CNC(=O)c2c3cc(ccc13)c4cn[nH]c4,CHEMBL428409,IC50,8.52
6391859,Nc1cc2OCCCCCOc3nc(NC(=O)Nc2cc1Cl)cnc3C#N,CHEMBL373897,IC50,8.52
6391870,O=C(Nc1cnccc1N2CCNCC2)c3csc(Nc4n[nH]c5ccccc45)n3,CHEMBL2381222,IC50,8.52
6391881,O=C(Nc1cnccc1N2CCNCC2)c3csc(n3)c4cc5ccccc5s4,CHEMBL2381112,IC50,8.52
6391892,O=C(Nc1cnccc1N2CCNCC2)c3csc(n3)n4ncc5ccccc45,CHEMBL2381221,IC50,8.52
6391903,O=C1Nc2cnc(C#N)c(OCCCCCOc3ccc(OCCCCCN4CCOCC4)cc3N1)n2,CHEMBL236023,IC50,8.52
6391914,O=C1Nc2cnc(C#N)c(OCCCCCOc3ccc(OCCCCN4CCOCC4)cc3N1)n2,CHEMBL235801,IC50,8.52
6391925,O=C1Nc2cnc(C#N)c(OCCCCOc3ccc(OCCCCCN4CCCOC4)cc3N1)n2,CHEMBL235606,IC50,8.52
6391936,OCC(O)COc1cc2OCCCCCOc3nc(NC(=O)Nc2cc1Cl)cnc3C#N,CHEMBL223257,IC50,8.52
6391947,Brc1ccc2NC(=O)C(=Cc2c1)c3cc4cc(CN5CCCCC5)ccc4[nH]3,CHEMBL221863,IC50,8.54
6391958,C(N1CCCCC1)c2ccc(cc2)c3cnc4[nH]c5cnc(cc5c4c3)c6ccnnc6,CHEMBL3582231,IC50,8.54
6391969,CNc1cc(Nc2cnc(C#N)c(O[C@H](C)CN(C)C)n2)ncc1C#CC(C)(C)O,CHEMBL2204590,IC50,8.54
6391979,COc1cc(CCNCc2ccc(F)cc2)ccc1NC(=O)Nc3cnc(cn3)C#N,CHEMBL3694354,IC50,8.55
6391988,COc1cc(CNCc2ccccc2)c(Cl)cc1NC(=O)Nc3cnc(cn3)C#N,CHEMBL3694389,IC50,8.55
26212,C[C@]12O[C@H](C[C@]1(O)CO)n3c4ccccc4c5c6C(=O)NCc6c7c8ccccc8n2c7c35,CHEMBL603469,Kd,8.55
6392000,Cl.CO[C@@H]1[C@@H](CN)O[C@@H]2[C@H]([C@H]1O)n3c4ccccc4c5c6C(=O)NC(=O)c6c7c8ccccc8n2c7c35,CHEMBL491263,IC50,8.55
6392011,Cl.NC(=N)NCCNC(=O)c1cccc(CNC(=O)c2cc3C(=O)NC(=O)c3c4c5cc(O)ccc5[nH]c24)c1,CHEMBL1276955,IC50,8.55
6392021,COc1cc(CCNCCc2ccc(F)cc2)ccc1NC(=O)Nc3cnc(cn3)C#N,CHEMBL3694364,IC50,8.57
6392031,C(N1CCCCC1)c2ccc3[nH]c(cc3c2)c4n[nH]c5cc(ccc45)n6ccnn6,CHEMBL220946,IC50,8.59
6392042,COc1cc(ccc1O)c2ccc3\C(=C\C4=CC=C([Se]4)C(=O)NCCN(C)C)\C(=O)Nc3c2,CHEMBL1223044,IC50,8.59
6392053,COc1cc2Cc3c(n[nH]c3c2cc1OCCO)c4ccc(nc4)C#N,CHEMBL400796,IC50,8.59
6392064,COc1cc2NC(=O)c3ccc(cc3Nc2cc1CCCO)c4ccc(c(OC)c4)[N+](=O)[O-],CHEMBL255183,IC50,8.59
6392075,N#Cc1ccc(cn1)c2n[nH]c3c2Cc4ccc(OCCCN5CCCCC5)cc34,CHEMBL248720,IC50,8.59
6392086,NCCCc1cc2C(=CNC(=O)c2c3cc(ccc13)c4cn[nH]c4)c5ccccc5F,CHEMBL249632,IC50,8.59
1730940,O=C(Nc1ccccc1)C2=NN(\C(=C/3\S\C(=N/c4nc(cc(c5ccccc5)c4C#N)c6ccccc6)\N(C3=O)c7ccccc7)\S2)c8ccccc8,CHEMBL3408396,IC50,8.59
6392099,CC(=O)N1CCN(Cc2ccc3[nH]c(cc3c2)C4=Cc5cc(ccc5NC4=O)c6cn[nH]c6)CC1,CHEMBL220653,IC50,8.6
6392110,CC(C)(O)c1ccc2Nc3cc(Nc4ccncc4)ccc3C(=O)Nc2c1,CHEMBL540756,Ki,8.6
6392121,COc1cc2c(Cc3c(n[nH]c23)c4ccc(nc4)C#N)cc1OCCc5scnc5C,CHEMBL400795,IC50,8.6
6392132,COc1cc2c(Cc3c(n[nH]c23)c4ccccc4)cc1OCCCN5CCOCC5,CHEMBL559621,Ki,8.6
6392143,COc1cccc(c1)c2ccc3C(=O)Nc4cc(CCC(=O)N(C)C)ccc4Nc3c2,CHEMBL559425,Ki,8.6
6392154,N#Cc1cc2c(cn1)[nH]c3ncc(cc23)c4ccc(CN5CCC6(CC5)COC6)cc4,CHEMBL3582212,IC50,8.6
6392165,NCCc1cc2C=CNC(=O)c2c3cc(ccc13)c4ccn[nH]4,CHEMBL400127,IC50,8.6
6392176,NCCCc1cc2C=CNC(=O)c2c3cc(ccc13)c4ccc[nH]4,CHEMBL400350,IC50,8.62
6392187,COc1ccc2[nH]c(nc2c1)C3=C(N[C@H]4CCCNC4)c5cc(Cl)sc5NC3=O,CHEMBL3330232,IC50,8.63
6392198,C(N1CCCCC1)c2ccc(cc2)c3cnc4[nH]c5cnc(cc5c4c3)c6cnccn6,CHEMBL3582230,IC50,8.64
6392209,CC(=O)N1CCN(Cc2ccc3[nH]c(cc3c2)c4n[nH]c5cc(ccc45)c6nnn[nH]6)CC1,CHEMBL219731,IC50,8.64
4897926,CCN1CCc2cc(ccc2C1)c3cnc4[nH]c5cnc(cc5c4c3)C#N,CHEMBL3582215,IC50,8.64
6392222,CN1CCN(CC1)c2ccc(cc2)c3cnc4[nH]c5cnc(cc5c4c3)C(=O)N,CHEMBL3359894,IC50,8.64
6392233,CNC(=O)c1ccc2Cc3c(n[nH]c3c2c1)c4ccc(cc4)c5ccc(O)cc5,CHEMBL232806,IC50,8.64
6392244,COc1cc2c(Cc3c(n[nH]c23)c4ccc(cc4)c5ccc(O)cc5)cc1C(=O)N6CCN(C)CC6,CHEMBL444630,IC50,8.64
6392255,NCCCc1cc2C(=CNC(=O)c2c3cc(ccc13)c4cn[nH]c4)Br,CHEMBL249044,IC50,8.64
6392266,CCCCNCC(=O)Nc1ccc2c(Cc3c(n[nH]c23)c4ccc(cc4)c5ccc(O)cc5)c1,CHEMBL392516,IC50,8.68
6392277,COCC(=O)N1CCN(Cc2ccc3[nH]c(cc3c2)C4=Cc5cc(ccc5NC4=O)c6cn[nH]c6)CC1,CHEMBL374518,IC50,8.68
4898476,C[C@@H]1CCC[C@H](C)N1Cc2ccc(cc2)c3cnc4[nH]c5cnc(cc5c4c3)C#N,CHEMBL3582202,IC50,8.68
6392290,CC(=O)Nc1cccc(c1)c2cc3c(N[C@H]4CCCNC4)ncc(C(=O)N)c3s2,CHEMBL1287862,IC50,8.7
6392301,CCN(CC)CC#Cc1cc2OCCCCCOc3nc(NC(=O)Nc2cc1Cl)cnc3C#N,CHEMBL219689,IC50,8.7
6392312,CCN(CC)CC(CN(CC)CC)Oc1cc2c(Cc3c2n[nH]c3c4ccc(cc4)c5ccc(O)cc5)cc1OC,CHEMBL246842,IC50,8.7
6392323,CN(C)CCNC(=O)c1ccc2c(CCCN)cc3C=CNC(=O)c3c2c1,CHEMBL249238,IC50,8.7
6392334,CN(C)c1cc2OCCCCOc3nc(NC(=O)Nc2cc1Cl)cnc3C#N,CHEMBL400574,IC50,8.7
6392345,CN(C)c1cc2OC\C=C/COc3nc(NC(=O)Nc2cc1Cl)cnc3C#N,CHEMBL400693,IC50,8.7
6392356,CNCCCn1c2ccc(O)cc2c3c4C(=O)NC(=O)c4c(cc13)c5ccccc5,CHEMBL455192,IC50,8.7
6392367,CNc1cc2OCCCCCOc3nc(NC(=O)Nc2cc1Cl)cnc3C#N,CHEMBL223672,IC50,8.7
6392378,CNc1cc2OCCCCOc3nc(NC(=O)Nc2cc1Cl)cnc3C#N,CHEMBL248755,IC50,8.7
6392389,CNc1cc2OC\C=C/COc3nc(NC(=O)Nc2cc1Cl)cnc3C#N,CHEMBL249764,IC50,8.7
6392400,COc1cc(ccc1N)c2ccc3C(=O)Nc4cc(CCC(=O)N(C)C)ccc4Nc3c2,CHEMBL395775,IC50,8.7
6392411,COc1cc(ccc1N)c2ccc3C(=O)Nc4cc(ccc4Nc3c2)N5CCCS5(=O)=O,CHEMBL242412,IC50,8.7
6392422,COc1cc2Cc3c(n[nH]c3c4ccc(F)nc4)c2cc1OC,CHEMBL247026,IC50,8.7
6392433,COc1cc2Cc3c(n[nH]c3c4ccc(cc4)C(=O)O)c2cc1OC,CHEMBL397313,IC50,8.7
6392446,COc1cc2Cc3c(n[nH]c3c4ccc(cc4)c5ccc(O)cc5)c2cc1OC,CHEMBL245796,IC50,8.7
6392457,COc1cc2Cc3c(n[nH]c3c4ccc(cc4)c5ccc(O)cc5)c2cc1OC(C)CN(C)C,CHEMBL398465,IC50,8.7
6392468,COc1cc2Cc3c(n[nH]c3c4ccc(cc4)c5ccc(O)cc5)c2cc1OCCN6CCCC6,CHEMBL245602,IC50,8.7
6392479,COc1cc2NC(=O)c3ccc(Nc4cc(F)nc(F)c4)cc3Nc2cc1OCCCCO,CHEMBL541515,Ki,8.7
6392490,COc1cc2c(Cc3c2n[nH]c3c4ccc(cc4)C#N)cc1Cn5ccnc5,CHEMBL247396,IC50,8.7
6392501,COc1cc2c(Cc3c2n[nH]c3c4ccc(cc4)C#N)cc1O,CHEMBL247222,IC50,8.7
6392512,COc1cc2c(Cc3c2n[nH]c3c4ccc(cc4)C#N)cc1OC5CCOC5,CHEMBL247590,IC50,8.7
6392523,COc1cc2c(Cc3c2n[nH]c3c4ccc(cc4)c5ccc(O)cc5)cc1OC(C)CN(C)C,CHEMBL247827,IC50,8.7
6392534,COc1cc2c(Cc3c2n[nH]c3c4ccc(cc4)c5ccc(O)cc5)cc1OCCN(C)C,CHEMBL391989,IC50,8.7
6392545,COc1cc2c(Cc3c2n[nH]c3c4ccc(cc4)c5ccc(O)cc5)cc1OCCN6CCOCC6,CHEMBL429294,IC50,8.7
6392556,COc1cc2c(Cc3c2n[nH]c3c4ccc(cc4)c5ccc(O)cc5)cc1OCC[C@@H]6CCCN6,CHEMBL248007,IC50,8.7
6392567,CS(=O)(=O)c1ccc(cc1)c2cc3c(N[C@H]4CCCNC4)ncc(C(=O)N)c3s2,CHEMBL1288133,IC50,8.7
6392578,Clc1cc2NC(=O)Nc3cnc(C#N)c(OCCCCCOc2cc1NC(=O)CCNC4CCCC4)n3,CHEMBL223589,IC50,8.7
6392589,Cn1cncc1CNc2cc3OCCCCCOc4nc(NC(=O)Nc3cc2Cl)cnc4C#N,CHEMBL375144,IC50,8.7
6392599,Fc1cccc(CNCCc2ccc(NC(=O)Nc3cnc(cn3)C#N)cc2Cl)c1,CHEMBL3694343,IC50,8.7
6392609,NC(=O)Nc1sc(cc1C(=O)NC2CCCCC2)c3ccc(Cl)cc3,CHEMBL1288101,IC50,8.7
6392620,NC(=O)c1cnc(N[C@H]2CCCNC2)c3cc(sc13)c4ccc(F)c(F)c4,CHEMBL1287892,IC50,8.7
6392631,NC(=O)c1cnc(N[C@H]2CCCNC2)c3cc(sc13)c4cccc(N)c4,CHEMBL1287863,IC50,8.7
6392642,NC(=O)c1cnc(N[C@H]2CCCNC2)c3cc(sc13)c4oc5ccccc5c4,CHEMBL1288222,IC50,8.7
6392653,NCCCc1cc2C(=CNC(=O)c2c3cc(ccc13)c4cn[nH]c4)c5ccccc5,CHEMBL249240,IC50,8.7
6392664,NCCCc1cc2C(=CNC(=O)c2c3cc(ccc13)c4cn[nH]c4)c5ccccc5O,CHEMBL249241,IC50,8.7
6392675,O=C(Nc1ccccc1N2CCNCC2)c3csc(Nc4n[nH]c5ccccc45)n3,CHEMBL2381249,IC50,8.7
6392686,O=C(Nc1ccccc1N2CCNCC2)c3csc(n3)n4ncc5ccccc45,CHEMBL2381246,IC50,8.7
6392697,O=C(Nc1cnccc1N2CCNCC2)c3csc(n3)N4Cc5ccccc5C4=O,CHEMBL2381115,IC50,8.7
6392708,O=C1Nc2cnc(C#N)c(OCCCCOc3ccc(OCCCN4CCOCC4)cc3N1)n2,CHEMBL235604,IC50,8.7
6392719,O=C1Nc2cnc(C#N)c(OC\C=C/COc3ccc(OCCCCCN4CCCOC4)cc3N1)n2,CHEMBL235381,IC50,8.7
6392730,OCCCOc1cc2OC\C=C/COc3nc(NC(=O)Nc2cc1Cl)cnc3C#N,CHEMBL398757,IC50,8.7
6392741,OCCNc1cc2OCCCCCOc3nc(NC(=O)Nc2cc1Cl)cnc3C#N,CHEMBL222421,IC50,8.7
6392752,OCCNc1cc2OC\C=C/COc3nc(NC(=O)Nc2cc1Cl)cnc3C#N,CHEMBL249765,IC50,8.7
6392763,O[C@@H]1CC(COc2ccc(Cl)cc2NC(=O)Nc3cnc(cn3)C#N)C[C@@H]1O,CHEMBL551086,Ki,8.7
6392774,CN1CCN(CC1)c2cccc(c2)c3cnc4[nH]c5cnc(cc5c4c3)C#N,CHEMBL3582200,IC50,8.72
6392785,COc1cc2Nc3cc(ccc3C(=O)Nc2cc1CCCO)c4ccc(c(OC)c4)[N+](=O)[O-],CHEMBL270417,IC50,8.72
4891810,O[C@@H]1CCCN(Cc2ccc(cc2)c3cnc4[nH]c5cnc(cc5c4c3)C#N)C1,CHEMBL3582208,IC50,8.72
6392798,N#Cc1ccc(cn1)c2n[nH]c3c2Cc4ccc(OCCOCCN5CCOCC5)cc34,CHEMBL400797,IC50,8.75
4894372,OC1CCN(Cc2ccc(cc2)c3cnc4[nH]c5cnc(cc5c4c3)C#N)CC1,CHEMBL3582207,IC50,8.75
6392811,CS(=O)(=O)N1CCN(CC1)c2ccnc(Nc3ncc(s3)c4cncc(c4)C(=O)NCC(F)(F)F)c2,CHEMBL2013168,IC50,8.77
1734601,O=C1N(\C(=N\c2nc(cc(c3ccccc3)c2C#N)c4ccccc4)\S/C/1=C/5\SC(=NN5c6ccccc6)c7ccccc7)c8ccccc8,CHEMBL3408393,IC50,8.78
6392823,COc1cc(CCNCc2ccc(F)cc2)c(Cl)cc1NC(=O)Nc3cnc(cn3)C#N,CHEMBL3694370,IC50,8.8
6392833,COc1cc(ccc1[N+](=O)[O-])c2ccc3C(=O)Nc4cc(ccc4Nc3c2)C(C)(C)CO,CHEMBL558077,Ki,8.8
6392843,COc1ccc(CNCc2ccc(NC(=O)Nc3cnc(cn3)C#N)c(OC)c2)cc1,CHEMBL3694393,IC50,8.8
6392853,FC(F)(F)CNC(=O)c1cncc(c1)c2cnc(Nc3cc(ccn3)N4CCOCC4)s2,CHEMBL2013167,IC50,8.8
6392864,Nc1cc2OC\C=C\CCOc3cncc(NC(=O)Nc2cc1Cl)n3,CHEMBL542007,Ki,8.8
6392875,CC(=O)N1CCN(CCCCOc2ccc3Cc4c(n[nH]c4c3c2)c5ccc(nc5)C#N)CC1,CHEMBL249283,IC50,8.82
6392886,CN1CCN(CCCOc2ccc3Cc4c(n[nH]c4c3c2)c5ccc(nc5)C#N)CC1,CHEMBL398754,IC50,8.82
6392896,CN1CCN(CC1)c2ccc(CNCCc3ccc(NC(=O)Nc4cnc(cn4)C#N)cc3Cl)cc2,CHEMBL3694368,IC50,8.85
6392906,Cc1ccc2nc(O)c(c(NC3CCCNC3)c2c1)c4nc5ccccc5[nH]4,CHEMBL382437,IC50,8.85
6392917,N#Cc1ccc(cn1)c2n[nH]c3c2Cc4ccc(OCCCCCN5CCOCC5)cc34,CHEMBL249114,IC50,8.85
6392928,NCCCNC(=O)c1cncc(c1)c2cnc(Nc3cc(ccn3)N4CCOCC4)s2,CHEMBL2011351,IC50,8.85
4893270,C(N1CCCCC1)c2ccc(cc2)c3cnc4[nH]c5cnc(cc5c4c3)c6cncs6,CHEMBL3582224,IC50,8.89
4904909,CN1CCN(CC1)c2ccc(cc2)c3cnc4[nH]c5cnc(cc5c4c3)C#N,CHEMBL3359895,IC50,8.89
6392943,O[C@H]1CCCN(C1)c2ccc(Br)cc2NC(=O)Nc3cnc(cn3)C#N,CHEMBL537964,Ki,8.9
6392953,CCOc1cc(CCNCc2ccc(F)cc2)c(Cl)cc1NC(=O)Nc3cnc(cn3)C#N,CHEMBL3694378,IC50,8.92
6392962,COc1cc(CCNCc2cccc(F)c2)c(Cl)cc1NC(=O)Nc3cnc(cn3)C#N,CHEMBL3694353,IC50,8.92
6392972,Cc1[nH]nc2c3cc(Cl)ccc3N(CCCN)C(=O)c12,CHEMBL250843,IC50,8.92
6392983,N#Cc1ccc(cn1)c2n[nH]c3c2Cc4ccc(CCCCN5CCOCC5)cc34,CHEMBL249323,IC50,8.92
6392994,NCCCc1cc2C(=CNC(=O)c2c3cc(ccc13)c4cn[nH]c4)c5ccc(Cl)cc5,CHEMBL250272,IC50,8.92
6393005,NCCCc1cc2C(=CNC(=O)c2c3cc(ccc13)c4cn[nH]c4)c5ccc(Cl)cc5Cl,CHEMBL250459,IC50,8.92
6393016,O[C@@H]1CC[C@H](CC1)NCC(=O)Nc2ccc3c(Cc4c(n[nH]c34)c5ccc(cc5)c6ccc(O)cc6)c2,CHEMBL234654,IC50,8.92
6393027,Oc1ccc(c(O)c1)c2ccc(cc2)c3cc(Nc4ccccc4)n[nH]3,CHEMBL241024,Ki,8.92
4892051,C(N1CCCCC1)c2ccc(cc2)c3cnc4[nH]c5cnc(cc5c4c3)c6conc6,CHEMBL3582226,IC50,8.96
6393040,COc1cc2Cc3c(n[nH]c3c2cc1OCCc4scnc4C)c5ccc(nc5)C#N,CHEMBL249075,IC50,8.96
6393051,COc1cc2c(Cc3c(n[nH]c23)c4ccc(cc4)c5ccc(O)cc5)cc1CN6CCC(O)CC6,CHEMBL234402,IC50,8.96
1725316,Cc1[nH]nc2c3cc(C4CCCCC4)c(cc3N(CCCN)C(=O)c12)C5CCCCC5,CHEMBL250481,IC50,8.96
6393064,Cn1cc(cn1)c2ccc3NC(=O)C(=Cc3c2)c4cc5cc(CN6CCCCC6)ccc5[nH]4,CHEMBL221864,IC50,8.96
6393075,N#Cc1ccc(cn1)c2n[nH]c3c2Cc4ccc(OCCCn5ccnc5)cc34,CHEMBL251755,IC50,8.96
6393086,Oc1nc2ccc(Cl)cc2c(NC3CCCNC3)c1c4nc5ccccc5[nH]4,CHEMBL210639,IC50,8.98
6393097,CN(C)C(=O)c1ccc(cc1)c2cc3c(N[C@H]4CCCNC4)ncc(C(=O)N)c3s2,CHEMBL1287864,IC50,9.0
6393108,CN(C)CC(=O)Nc1cc2OCCCCCOc3nc(NC(=O)Nc2cc1Cl)cnc3C#N,CHEMBL220473,IC50,9.0
6393119,CN(C)CCOc1cc2OCCCCCOc3nc(NC(=O)Nc2cc1Cl)cnc3C#N,CHEMBL219875,IC50,9.0
6393130,CNCCNC(=O)c1cncc(c1)c2cnc(Nc3cc(ccn3)N4CCOCC4)s2,CHEMBL2011355,IC50,9.0
6393141,COc1cc(ccc1O)c2ccc3\C(=C\C4=CC(=C(C)[Se]4)C(=O)NCCN5CCOCC5)\C(=O)Nc3c2,CHEMBL1223185,IC50,9.0
6393152,COc1cc2c(Cc3c2n[nH]c3c4ccc(cc4)C#N)cc1OC5CCOCC5,CHEMBL396372,IC50,9.0
6393163,COc1cc2c(Cc3c2n[nH]c3c4ccc(cc4)c5ccc(O)cc5)cc1O,CHEMBL400286,IC50,9.0
6393174,COc1cc2c(Cc3c2n[nH]c3c4ccc(cc4)c5ccc(O)cc5)cc1OCCN6CCCCC6,CHEMBL248008,IC50,9.0
6393185,C[C@@H]1CN(CCCOc2ccc3Cc4c(n[nH]c4c3c2)c5ccc(nc5)C#N)C[C@H](C)O1,CHEMBL401177,IC50,9.0
6393196,Clc1cc2NC(=O)Nc3cnc(C#N)c(OCCCCOc2cc1OC(=O)N4CCC(CC4)N5CCCCC5)n3,CHEMBL401196,IC50,9.0
6393207,Clc1cc2NC(=O)Nc3cnc(C#N)c(OCCCCOc2cc1OCCCN4CCOCC4)n3,CHEMBL249364,IC50,9.0
6393218,Clc1cc2NC(=O)Nc3cnc(C#N)c(OC\C=C/COc2cc1OC(=O)N4CCC(CC4)N5CCCCC5)n3,CHEMBL248554,IC50,9.0
6393229,Clc1cc2NC(=O)Nc3cnc(C#N)c(OC\C=C/COc2cc1OCCN4CCOCC4)n3,CHEMBL248553,IC50,9.0
6393240,FC1CCN(Cc2ccc3[nH]c(cc3c2)C4=Cc5cc(ccc5NC4=O)c6cn[nH]c6)CC1,CHEMBL220956,IC50,9.0
4894954,N#Cc1cc2c(cn1)[nH]c3ncc(cc23)c4ccc(CN5CCCCC5)cc4,CHEMBL3582201,IC50,9.0
6393253,N#Cc1ccc(cn1)c2n[nH]c3c2Cc4ccc(OCCCC5CCNCC5)cc34,CHEMBL248910,IC50,9.0
6393264,NC(=O)c1ccc(cc1)c2cc3c(N[C@H]4CCCNC4)ncc(C(=O)N)c3s2,CHEMBL1288278,IC50,9.0
6393275,NC(=O)c1nnc(N[C@H]2CCCNC2)c3cc(sc13)c4ccc(Cl)cc4,CHEMBL1231624,IC50,9.0
6393286,NCCCOc1cc2OCCCCCOc3nc(NC(=O)Nc2cc1Cl)cnc3C#N,CHEMBL373732,IC50,9.0
6393297,NCCCc1cc2C(=CNC(=O)c2c3cc(ccc13)c4cn[nH]c4)c5cccc(O)c5,CHEMBL249441,IC50,9.0
6393308,Nc1cc2OCCCCOc3nc(NC(=O)Nc2cc1Cl)cnc3C#N,CHEMBL248555,IC50,9.0
6393319,OCCCOc1cc2OCCCCOc3nc(NC(=O)Nc2cc1Cl)cnc3C#N,CHEMBL249156,IC50,9.0
6393330,OCCN(CCO)c1cc2OC\C=C/COc3nc(NC(=O)Nc2cc1Cl)cnc3C#N,CHEMBL437772,IC50,9.0
6393341,OCCOc1cc2OC\C=C/COc3nc(NC(=O)Nc2cc1Cl)cnc3C#N,CHEMBL401337,IC50,9.0
6393352,COc1cc2NC(=O)c3ccc(cc3Nc2cc1OCCCN)c4ccc(c(OC)c4)[N+](=O)[O-],CHEMBL256192,IC50,9.01
4893259,C(N1CCCCC1)c2ccc(cc2)c3cnc4[nH]c5cnc(cc5c4c3)c6cccnc6,CHEMBL3582228,IC50,9.02
4893502,C(N1CCCCC1)c2ccc(cc2)c3cnc4[nH]c5cnc(cc5c4c3)c6ocnn6,CHEMBL3582225,IC50,9.02
6393367,N#Cc1ccc(cn1)c2n[nH]c3c2Cc4ccc(OCCCN5CCCOCC5)cc34,CHEMBL248719,IC50,9.04
6393378,COc1cc2NC(=O)c3ccc(cc3Nc2cc1O)c4ccc(c(OC)c4)[N+](=O)[O-],CHEMBL410195,IC50,9.05
6393389,COc1cc2c(Cc3c(n[nH]c23)c4ccc(cc4)c5ccc(O)cc5)cc1C(=O)NCCN6CCCC6,CHEMBL234869,IC50,9.08
6393400,O=C1Nc2ccc(cc2C=C1c3cc4cc(CN5CCOCC5)ccc4[nH]3)c6cn[nH]c6,CHEMBL220601,IC50,9.08
6393412,COc1cc2Cc3c(n[nH]c3c2cc1OC)c4ccc(nc4)C#N,CHEMBL398750,IC50,9.09
6393423,CC1=C(C=C([Se]1)\C=C\2/C(=O)Nc3cc(ccc23)c4ccc(O)cc4)C(=O)NCCN5CCCCO5,CHEMBL1223477,IC50,9.1
6393434,COc1cc2Cc3c(n[nH]c3c4ccc(cc4)c5ccc(O)cc5)c2cc1OCCC6CCCN6C,CHEMBL247649,IC50,9.1
6393445,COc1cc2Cc3c(n[nH]c3c4ccc(cc4)c5ccc(O)cc5)c2cc1OCCN(C)C,CHEMBL245600,IC50,9.1
6393456,COc1cc2c(Cc3c2n[nH]c3c4ccc(cc4)c5ccc(O)cc5)cc1OCC6CCOC6,CHEMBL248198,IC50,9.1
6393467,COc1cc2c(Cc3c2n[nH]c3c4ccc(cc4)c5ccc(O)cc5)cc1OCCN6CCCC6,CHEMBL248190,IC50,9.1
6393478,NCCCc1cc2C(=CNC(=O)c2c3cc(ccc13)c4cn[nH]c4)c5ccccc5Cl,CHEMBL250035,IC50,9.1
6393489,Oc1ccc(c(O)c1)c2ccc(cc2)c3cc(Nc4ccc(CNCC5CC5)nc4)n[nH]3,CHEMBL241447,Ki,9.1
4895975,CCN1CCc2sc(cc2C1)c3cnc4[nH]c5cnc(cc5c4c3)C#N,CHEMBL3582216,IC50,9.11
6393502,N#Cc1ccc(cn1)c2n[nH]c3c2Cc4ccc(OCCCCN5CCOCC5)cc34,CHEMBL398951,IC50,9.13
6393513,O=C1Nc2ccc(cc2C=C1c3cc4cc(CN5CCCCC5)ccc4[nH]3)n6ccnn6,CHEMBL221287,IC50,9.13
6393524,OCCNCC(=O)Nc1ccc2c(Cc3c(n[nH]c23)c4ccc(cc4)c5ccc(O)cc5)c1,CHEMBL234656,IC50,9.13
6393534,COc1cccc(c1)[C@H](C)NCCc2cc(OC)c(NC(=O)Nc3cnc(cn3)C#N)cc2Cl,CHEMBL3694398,IC50,9.14
6393544,COc1cc2NC(=O)c3ccc(cc3Nc2cc1OCCCCO)c4ccc(c(OC)c4)[N+](=O)[O-],CHEMBL256193,IC50,9.16
6393555,COc1cc2c(Cc3c2n[nH]c3c4ccc(cc4)c5ccc(O)cc5)cc1OCCCN(C)C,CHEMBL248002,IC50,9.16
6393566,COc1cc2c(Cc3c2n[nH]c3c4ccc(cc4)c5ccc(O)cc5)cc1OC[C@@H]6CCC=CC6,CHEMBL247826,IC50,9.16
6393577,NCC1CCN(Cc2ccc3[nH]c(cc3c2)C4=Cc5cc(ccc5NC4=O)C(=O)N)CC1,CHEMBL218489,IC50,9.16
6393588,O=C1Nc2ccc(cc2C=C1c3cc4cc(CN5CCCCC5)ccc4[nH]3)c6cn[nH]c6,CHEMBL374662,IC50,9.19
6393599,O=C1Nc2ccc(cc2C=C1c3cc4cc(CN5CCCCC5)ccc4[nH]3)c6cnsc6,CHEMBL221554,IC50,9.19
6393610,Cn1cc(c2ccc3C(=O)Nc4cc(CCOc5ccc(cc5)N6CCOCC6)ccc4Nc3c2)c7ccncc17,CHEMBL538671,Ki,9.2
6393621,CCN(CC)CCNC(=O)C1=C(C)[Se]C(=C1)\C=C\2/C(=O)Nc3cc(ccc23)c4ccc(O)c(OC)c4,CHEMBL1223183,IC50,9.22
6393632,CCN1CCCC(C1)Oc2cc3c(Cc4c3n[nH]c4c5ccc(cc5)c6ccc(O)cc6)cc2OC,CHEMBL400740,IC50,9.22
6393643,CN(C)CCNC(=O)C1=C(C)[Se]C(=C1)\C=C\2/C(=O)Nc3cc(ccc23)c4ccc(O)cc4,CHEMBL1223407,IC50,9.22
6393654,COc1cc2Cc3c(n[nH]c3c4ccc(cc4)c5ccc(O)cc5)c2cc1OCC(C)CN(C)C,CHEMBL245601,IC50,9.22
6393665,COc1cc2NC(=O)c3ccc(cc3Nc2cc1OC)c4ccc(c(OC)c4)[N+](=O)[O-],CHEMBL404189,IC50,9.22
6393676,NCCc1cc2C=CNC(=O)c2c3cc(ccc13)c4ccc(CN5CCOCC5)cc4,CHEMBL249237,IC50,9.22
6393687,COc1cc2NC(=O)c3ccc(cc3Nc2cc1OCCO)c4ccc(c(OC)c4)[N+](=O)[O-],CHEMBL270181,IC50,9.24
6393698,COc1cc2c(Cc3c(n[nH]c23)c4ccc(cc4)c5ccc(O)cc5)cc1CN[C@@H]6CC[C@@H](O)CC6,CHEMBL234871,IC50,9.25
6393708,COc1ccc(cc1)[C@H](C)NCCc2cc(OC)c(NC(=O)Nc3cnc(cn3)C#N)cc2Cl,CHEMBL3694386,IC50,9.25
6393718,COc1cc2c(Cc3c(n[nH]c23)c4ccc(cc4)c5ccc(O)cc5)cc1C(=O)N6CCOCC6,CHEMBL232808,IC50,9.26
6393729,COc1cc2c(Cc3c(n[nH]c23)c4ccc(cc4)c5ccc(O)cc5)cc1CN6CCN(C)CC6,CHEMBL393993,IC50,9.29
6393740,CC1=C(C=C([Se]1)\C=C\2/C(=O)Nc3cc(ccc23)c4ccc(O)cc4)C(=O)NCCCn5ccnc5,CHEMBL1223478,IC50,9.3
6393751,COc1cc(ccc1O)c2ccc3\C(=C\C4=CC(=C(C)[Se]4)C(=O)NCCCn5ccnc5)\C(=O)Nc3c2,CHEMBL1223263,IC50,9.3
6393762,COc1cc(ccc1O)c2ccc3\C(=C\C4=CC(=C(C)[Se]4)C(=O)NCCN(C)C)\C(=O)Nc3c2,CHEMBL1223182,IC50,9.3
6393773,COc1cc2Cc3c(n[nH]c3c2cc1OCCN4CCCCC4)c5ccc(cc5)c6ccc(O)cc6,CHEMBL550479,Ki,9.3
6393785,COc1cc2Cc3c(n[nH]c3c4ccc(nc4)c5ccc(O)cc5)c2cc1OC,CHEMBL245802,IC50,9.3
6393796,NCCc1cc2C=CNC(=O)c2c3cc(ccc13)c4ccc[nH]4,CHEMBL249429,IC50,9.3
6393807,Oc1ccc(NC(=O)c2ccc3c(n[nH]c3c2)c4nc5ccccc5[nH]4)c(O)c1,CHEMBL239737,Ki,9.3
6393818,Oc1nc2ccc(Cl)cc2c(N[C@H]3CCNC3)c1c4nc5ccccc5[nH]4,CHEMBL209982,IC50,9.3
6393828,COc1ccccc1CNCCc2cc(OC)c(NC(=O)Nc3cnc(cn3)C#N)cc2Cl,CHEMBL3694388,IC50,9.32
6393837,COc1cccc(CNCCc2cc(OC)c(NC(=O)Nc3cnc(cn3)C#N)cc2Cl)c1,CHEMBL3694381,IC50,9.33
6393846,COc1cc(CCNCc2ccc(F)cc2)c(Br)cc1NC(=O)Nc3cnc(cn3)C#N,CHEMBL3694375,IC50,9.35
6393855,COc1cc(CCNCc2ccc(cc2)N3CCN(C)CC3)c(Cl)cc1NC(=O)Nc4cnc(cn4)C#N,CHEMBL3694383,IC50,9.35
6393865,COc1cc2c(Cc3c(n[nH]c23)c4ccc(cc4)c5ccc(O)cc5)cc1CNCCO,CHEMBL232809,IC50,9.37
6393876,CC1=C(C=C([Se]1)\C=C\2/C(=O)Nc3cc(ccc23)c4ccc(O)cc4)C(=O)NCCN5CCCC5,CHEMBL1223409,IC50,9.4
6393887,CCN(CC)CCNC(=O)C1=C(C)[Se]C(=C1)\C=C\2/C(=O)Nc3cc(ccc23)c4ccc(O)cc4,CHEMBL1223408,IC50,9.4
6393898,COc1cc2c(Cc3c2n[nH]c3c4ccc(cc4)c5ccc(O)cc5)cc1OC6CCOC6,CHEMBL248199,IC50,9.4
6393909,Cc1cccnc1Nc2ncc(s2)c3cncc(c3)C(=O)NCCN,CHEMBL2013162,IC50,9.4
6393920,NCCNC(=O)c1cncc(c1)c2cnc(Nc3cc(CN4CCOCC4)ccn3)s2,CHEMBL2011356,IC50,9.4
6393931,Oc1ccc(c(O)c1)c2ccc(cc2)c3cc(Nc4ccc(CNC5CC5)cc4)n[nH]3,CHEMBL241232,Ki,9.42
6393942,Cc1ccc2nc(O)c(c(N[C@@H]3CN4CCC3CC4)c2c1)c5nc6ccccc6[nH]5,CHEMBL378967,IC50,9.46
6393953,NC(=O)c1ccc2NC(=O)C(=Cc2c1)c3cc4cc(CN5CCCCC5)ccc4[nH]3,CHEMBL221448,IC50,9.47
6393963,CC(C)Oc1cc(CCNCc2ccc(F)cc2)c(Cl)cc1NC(=O)Nc3cnc(cn3)C#N,CHEMBL3694379,IC50,9.5
6393973,Clc1ccc2NC(=O)C(=C(N[C@@H]3CN4CCC3CC4)c2c1)c5nc6ccccc6[nH]5,CHEMBL377312,IC50,9.5
6393985,Nc1cc2OC\C=C/COc3nc(NC(=O)Nc2cc1Cl)cnc3C#N,CHEMBL249363,Ki,9.5
6393996,COc1cc(ccc1O)c2ccc3\C(=C\C4=CC(=C(C)[Se]4)C(=O)NCCN5CCCC5)\C(=O)Nc3c2,CHEMBL1223184,IC50,9.52
6394007,Clc1cc2NC(=O)Nc3cnc(C#N)c(OC\C=C/COc2cc1OCCCN4CCOCC4)n3,CHEMBL400397,IC50,9.52
6394018,NCCCc1cc2C(=CNC(=O)c2c3cc(ccc13)c4cn[nH]c4)c5ccc(O)cc5,CHEMBL249443,IC50,9.52
6394029,NCCNC(=O)c1cncc(c1)c2cnc(Nc3ncccc3Cl)s2,CHEMBL2013161,IC50,9.52
6394040,OCc1n[nH]nc1c2ccc3c(n[nH]c3c2)c4cc5cc(CN6CCCCC6)ccc5[nH]4,CHEMBL374713,IC50,9.52
6394051,OCc1nn[nH]c1c2ccc3c(n[nH]c3c2)c4cc5cc(CN6CCC(F)CC6)ccc5[nH]4,CHEMBL219788,IC50,9.52
6394062,Oc1cc2OCCCCOc3nc(NC(=O)Nc2cc1Cl)cnc3C#N,CHEMBL400805,IC50,9.52
6394073,Oc1cc2OC\C=C/COc3nc(NC(=O)Nc2cc1Cl)cnc3C#N,CHEMBL399916,IC50,9.52
6394084,Oc1ccc(c(O)c1)c2ccc(cc2)c3cc(Nc4ccc(CN5CCCCC5)nc4)n[nH]3,CHEMBL241233,Ki,9.52
6394094,COc1ccc(CNCCc2cc(OC)c(NC(=O)Nc3cnc(cn3)C#N)cc2Cl)cc1,CHEMBL3694382,IC50,9.55
6394104,NCCC(=O)c1cncc(c1)c2cnc(Nc3cc(ccn3)N4CCOCC4)s2,CHEMBL2011359,IC50,9.57
6394115,COc1cc(ccc1O)c2ccc3c(n[nH]c3c2)c4cc5cc(CN6CCCCC6)ccc5[nH]4,CHEMBL374424,IC50,9.6
6394126,COc1cc2c(Cc3c(n[nH]c23)c4ccc(cc4)c5ccc(O)cc5)cc1C(=O)N6CCC(O)CC6,CHEMBL234868,IC50,9.62
6394137,COc1cc2c(Cc3c(n[nH]c23)c4ccc(cc4)c5ccc(O)cc5)cc1C(=O)N[C@@H]6CC[C@@H](O)CC6,CHEMBL428196,IC50,9.62
6394147,COc1cc(CCNCc2ccc3OCOc3c2)c(Cl)cc1NC(=O)Nc4cnc(cn4)C#N,CHEMBL3694387,IC50,9.64
6394157,COc1cc2c(Cc3c(n[nH]c23)c4ccc(cc4)c5ccc(O)cc5)cc1CNCCN6CCCC6,CHEMBL232810,IC50,9.68
6394168,CCC(C)NCc1ccc(Nc2cc([nH]n2)c3ccc(cc3)c4ccc(O)cc4O)cn1,CHEMBL392900,Ki,9.7
6394179,COc1cc2Cc3c(n[nH]c3c4ccc(cc4)c5ccc(O)cc5)c2cc1OCCCN6CCN(C)CC6,CHEMBL248036,IC50,9.7
6394190,COc1cc2c(Cc3c2n[nH]c3c4ccc(cc4)c5ccc(O)cc5)cc1OC6CCOCC6,CHEMBL247825,IC50,9.7
6394201,CN(C)Cc1ccc(Nc2cc([nH]n2)c3ccc(cc3)c4ccc(O)cc4O)cc1,CHEMBL392692,Ki,9.72
6394212,Oc1ccc(c(O)c1)c2ccc(cc2)c3cc(Nc4ccc(CN5CCCC5)cc4)n[nH]3,CHEMBL241231,Ki,9.75
6394222,COc1cc(CCN[C@@H](C)c2ccc(cc2)N3CCNCC3)c(Cl)cc1NC(=O)Nc4cnc(cn4)C#N,CHEMBL3694385,IC50,9.89
6394232,NCc1nn[nH]c1c2ccc3c(n[nH]c3c2)c4cc5cc(CN6CCC(F)CC6)ccc5[nH]4,CHEMBL219789,IC50,9.96
6394243,CC1=CC2=NNC(=O)N2c3cc(ccc13)c4ccc[nH]4,CHEMBL1223526,IC50,10.0
6394254,COc1cc2c(Cc3c2n[nH]c3c4ccc(cc4)c5ccc(O)cc5)cc1OC(CO)CO,CHEMBL248194,Ki,10.0
6394265,COc1cc2c(Cc3c2n[nH]c3c4ccc(cc4)c5ccc(O)cc5)cc1OC[C@@H](O)CO,CHEMBL247646,IC50,10.0
6394276,COc1cc2c(Cc3c2n[nH]c3c4ccc(cc4)c5ccc(O)cc5)cc1OC[C@H](O)CO,CHEMBL248012,IC50,10.0
6394287,NCNC(=O)c1cncc(c1)c2cnc(Nc3cc(ccn3)N4CCC(F)CC4)s2,CHEMBL2013169,IC50,10.15
6394298,NCCNC(=O)c1cncc(c1)c2cnc(Nc3cc(ccn3)N4CCC(F)(F)CC4)s2,CHEMBL2011354,IC50,10.3
6394309,NCCNC(=O)c1cncc(c1)c2cnc(Nc3cc(ccn3)N4CCNCC4)s2,CHEMBL2011350,IC50,10.3
6394320,NCCNC(=O)c1cncc(c1)c2cnc(Nc3cc(ccn3)N4CCOCC4)s2,CHEMBL2010809,IC50,10.3
6394331,NCNC(=O)c1cncc(c1)c2cnc(Nc3cc(ccn3)N4CCC(F)(F)CC4)s2,CHEMBL2013170,IC50,10.3
6394342,CC(=O)N1CCN(CC1)c2ccnc(Nc3ncc(s3)c4cncc(c4)C(=O)NCCN)c2,CHEMBL2011353,IC50,10.52
6394352,COc1cc(CCNCc2ccc(cc2)N3CCNCC3)c(Cl)cc1NC(=O)Nc4cnc(cn4)C#N,CHEMBL3694397,IC50,10.52
6394362,CS(=O)(=O)N1CCN(CC1)c2ccnc(Nc3ncc(s3)c4cncc(c4)C(=O)NCCN)c2,CHEMBL2011352,IC50,10.52
