id,smiles,name,assay_type,activity_value
129147,CCN(CC)CCNC(=O)c1c(C)[nH]c(\C=C\2/C(=O)Nc3ccc(F)cc23)c1C,sunitinib,Kd,8.15
430205,COc1c2CC[C@H](CCc2ccc1Nc3ncc(Cl)c(N[C@@H]4[C@@H]5C[C@@H](C=C5)[C@@H]4C(=O)N)n3)N6CCOCC6,CHEMBL2064666,IC50,7.54
5814769,COc1ccc2c(N[C@H]3CCNC3)nc(nc2c1)c4ccccc4O,CHEMBL1650119,IC50,7.54
5814780,COc1cc2nc(nc(N[C@H]3CCNC3)c2cc1OC)c4ccccc4O,CHEMBL1650123,IC50,7.55
5814791,NCCNC(=O)c1cc(cnc1N)c2scc3OCCOc23,CHEMBL599171,IC50,7.55
5814802,O=C1NCC\C(=C/2\NC(=NC2=O)NCc3ccccc3)\c4cc([nH]c14)c5ccccc5,CHEMBL1947253,IC50,7.55
26231,CN[C@@H]1C[C@H]2O[C@@](C)([C@@H]1OC)n3c4ccccc4c5c6CNC(=O)c6c7c8ccccc8n2c7c35,CHEMBL388978,IC50,7.57
4227590,COc1cc2Nc3n[nH]c(C)c3N=C(c4ccccc4Cl)c2cc1F,CHEMBL1980391,IC50,7.62
5814817,Cc1ccc(Oc2ccc(cc2)c3nc4cc(ccc4[nH]3)C(=O)N)cc1,CHEMBL175879,IC50,7.62
5814828,COc1ccc(Oc2ccc(cc2)c3nc4cc(ccc4[nH]3)C(=O)N)cc1,CHEMBL176164,IC50,7.64
5814839,NC(=O)c1ccc2[nH]c(nc2c1)c3ccc(OCCC4CCN(CC4)C(=O)c5ccccc5)cc3,CHEMBL250360,IC50,7.64
5814850,CC(C)(O)[C@@H]1CNC[C@H]1Nc2nc(nc3ccccc23)c4cc(F)ccc4O,CHEMBL1650117,IC50,7.68
5814861,NC1=NC(=O)\C(=C\2/CCNC(=O)c3[nH]c(cc23)c4ccccc4)\N1,CHEMBL1947250,IC50,7.7
5814872,NC(=O)c1ccc2[nH]c(nc2c1)c3ccc(cc3)S(=O)(=O)Nc4ccccc4,CHEMBL195320,IC50,7.75
5814885,NC(=O)c1ccc2[nH]c(nc2c1)c3ccc(Oc4cccc(Cl)c4)cc3,CHEMBL178972,IC50,7.77
5814898,NC(=O)c1ccc2[nH]c(nc2c1)c3ccc(Oc4ccc(Cl)cc4)cc3,CHEMBL179583,IC50,7.8
5814909,CC(C)(O)[C@@H]1CNC[C@H]1Nc2nc(nc3ccccc23)c4cc(ccc4O)c5cn[nH]c5,CHEMBL1650130,IC50,7.85
5814920,COc1ccc(cc1)c2cc3\C(=C\4/NC(=NC4=O)N)\CCNC(=O)c3[nH]2,CHEMBL1947251,IC50,7.85
5814931,COc1ccc(cc1OC)c2cc3\C(=C\4/NC(=NC4=O)N)\CCNC(=O)c3[nH]2,CHEMBL1947252,IC50,7.85
5814942,NC(=O)c1ccc2[nH]c(nc2c1)c3ccc(OCC4CCCN(Cc5ccc(Cl)cc5)C4)cc3,CHEMBL248935,IC50,7.85
5814953,NC(=O)c1ccc2[nH]c(nc2c1)c3ccc(cc3)S(=O)(=O)Nc4ccc(Cl)cc4,CHEMBL195846,IC50,7.85
5814964,CC(CO)NC(=N)c1c(O)nsc1Nc2ccc(Nc3ccccc3)cc2,CHEMBL253116,IC50,7.89
5814975,NC(=O)c1ccc2[nH]c(nc2c1)c3ccc(cc3)[S+]([O-])c4ccc(Cl)cc4,CHEMBL364978,IC50,7.89
5814986,COc1cc2nc(nc(N[C@H]3CCNC3)c2cc1OC)c4cc(F)ccc4O,CHEMBL1650125,IC50,7.92
5814997,Cc1ccc(Oc2ccc(cc2)c3nc4cc(ccc4[nH]3)C(=O)N)cc1C,CHEMBL362255,IC50,7.92
5815008,NC(=O)c1ccc2[nH]c(nc2c1)c3ccc(Oc4cc(ccc4F)C(F)(F)F)cc3,CHEMBL361378,IC50,7.92
5815019,NC(=O)c1ccc2[nH]c(nc2c1)c3ccc(Oc4ccc5ccccc5c4)cc3,CHEMBL369254,IC50,7.92
5815030,COCCOc1ccc2c(N[C@H]3CCNC3)nc(nc2c1)c4cc(F)ccc4O,CHEMBL1650126,IC50,7.96
5815041,COc1cc2nc(nc(N[C@@H]3CNC[C@H]3CO)c2cc1OC)c4cc(F)ccc4O,CHEMBL1650129,IC50,7.96
5815052,CN[C@@H]1C[C@H]2O[C@@](C)([C@@H]1OC)n3c4ccccc4c5c6[C@H](O)NC(=O)c6c7c8ccccc8n2c7c35,CHEMBL574737,IC50,8.0
5815063,NC(=O)c1ccc2[nH]c(nc2c1)c3ccc(Oc4ccc(Cl)c(O)c4)cc3,CHEMBL175472,IC50,8.01
5815074,Oc1ccc(cc1c2nc(N[C@H]3CCNC3)c4ccccc4n2)c5ccn[nH]5,CHEMBL1234108,IC50,8.05
5815085,NC(=O)c1ccc2[nH]c(nc2c1)c3ccc(Sc4ccc(Cl)cc4)cc3,CHEMBL191969,IC50,8.09
5815096,CC(C)(O)[C@@H]1CNC[C@H]1Nc2nc(nc3ccccc23)c4cc(ccc4O)c5cc[nH]n5,CHEMBL1650131,IC50,8.1
5815109,Nc1nc(C2=C3C(=Nc4ccccc34)C(=O)NCC2)c(O)[nH]1,CHEMBL332551,IC50,8.1
5815120,CC1(COc2ccc(Cl)cc2NC(=O)Nc3cnc(cn3)C#N)COC1,CHEMBL192161,IC50,8.16
5815131,NC(=O)c1ccc2[nH]c(nc2c1)c3ccc(cc3)S(=O)(=O)c4ccc(Cl)cc4,CHEMBL193990,IC50,8.18
5815142,NC(=O)c1ccc2[nH]c(nc2c1)c3ccc(Oc4ccc(Cl)c(Cl)c4)cc3,CHEMBL175553,IC50,8.26
5815153,COCCOc1cc2nc(nc(N[C@@H]3CNC[C@H]3C(C)(C)O)c2cc1OC)c4cc(F)ccc4O,CHEMBL1650128,IC50,8.3
5815164,NC(=O)c1ccc2[nH]c(nc2c1)c3ccc(Oc4ccc(Cl)c(c4)C(F)(F)F)cc3,CHEMBL179717,IC50,8.35
5815175,Cc1ccc(Oc2ccc(cc2)c3nc4cc(ccc4[nH]3)C(=O)N)cc1Cl,CHEMBL359881,IC50,8.36
5815186,NC(=O)c1ccc2[nH]c(nc2c1)c3ccc(cc3)S(=O)(=O)Nc4ccc(Cl)c(Cl)c4,CHEMBL195177,IC50,8.47
5815198,NC(=O)c1ccc2[nH]c(nc2c1)c3ccc(Sc4ccc(O)cc4)cc3,CHEMBL195041,IC50,8.64
