id,smiles,name,assay_type,activity_value
3124465,CC(C)(C)c1cc2c(ccnc2[nH]1)c3ccc(cc3)S(=O)(=O)NC4CCS(=O)(=O)CC4,CHEMBL2164413,IC50,7.6
3124477,CNc1nc2[nH]c(cc2c3c1ncn3C)c4cccc(CNC(=O)CO)c4,CHEMBL561447,IC50,7.6
3124489,Nc1nc(cc(C2CCCNC2)c1C#N)c3ccccc3O,CHEMBL360077,IC50,7.6
3124500,CNc1nc2[nH]c(cc2c3c1ncn3C)c4cccc(CNC(=O)CCC(=O)N)c4,CHEMBL562370,IC50,7.66
3124511,CNc1nc2[nH]c(cc2c3c1ncn3C)c4cccc(CNC(=O)C)c4,CHEMBL552183,IC50,7.85
3124523,Cc1cc2c(ccnc2[nH]1)c3ccc(cc3)S(=O)(=O)NC4CCS(=O)(=O)CC4,CHEMBL483165,IC50,7.9
3124534,CNc1nc2[nH]c(cc2c3c1ncn3C)c4cccc(CNC(=O)CCOC)c4,CHEMBL562971,IC50,7.92
3124545,CNc1nc2[nH]c(cc2c3c1ncn3C)c4cccc(CN)c4,CHEMBL562720,IC50,7.96
26212,C[C@]12O[C@H](C[C@]1(O)CO)n3c4ccccc4c5c6C(=O)NCc6c7c8ccccc8n2c7c35,CHEMBL603469,Kd,8.05
3124558,CNc1nc2[nH]c(cc2c3c1ncn3C)c4cccc(OC)c4,CHEMBL551773,IC50,8.1
3124569,Cc1cc2c(ccnc2[nH]1)c3ccc(nc3)S(=O)(=O)NC4CCS(=O)(=O)CC4,CHEMBL2164417,IC50,8.1
3124580,CNc1nc2[nH]c(cc2c3c1ncn3C)c4cccc(F)c4,CHEMBL549478,IC50,8.16
3124591,CNc1nc2[nH]c(cc2c3c1ncn3C)c4cccc(c4)C#N,CHEMBL558491,IC50,8.16
3124602,CC(C)c1cc2c(ccnc2[nH]1)c3ccc(cc3)S(=O)(=O)NC4CCS(=O)(=O)CC4,CHEMBL2164411,IC50,8.2
3124613,CCc1cc2c(ccnc2[nH]1)c3ccc(cc3)S(=O)(=O)NC4CCS(=O)(=O)CC4,CHEMBL2164410,IC50,8.2
3124624,O=S(=O)(NC1CCS(=O)(=O)CC1)c2ccc(cc2)c3ccnc4[nH]c(cc34)C5CC5,CHEMBL2164412,IC50,8.2
26231,CN[C@@H]1C[C@H]2O[C@@](C)([C@@H]1OC)n3c4ccccc4c5c6CNC(=O)c6c7c8ccccc8n2c7c35,CHEMBL388978,Kd,8.24
