id,smiles,name,assay_type,activity_value
129147,CCN(CC)CCNC(=O)c1c(C)[nH]c(\C=C\2/C(=O)Nc3ccc(F)cc23)c1C,sunitinib,Kd,8.7
478430,CN(C1=CC2=NN(C)C(C)=C2C=C1)C1=NC(NC2=CC(=C(C)C=C2)S(N)(=O)=O)=NC=C1,pazopanib,Kd,8.1
7967898,COc1cc2ncc(C(=O)N)c(Nc3cccc(Cl)c3C)c2cc1OC,CHEMBL481407,IC50,7.54
308739,CNC(=O)C1=CC(OC2=CC=C(NC(=O)NC3=CC=C(Cl)C(=C3)C(F)(F)F)C=C2)=CC=N1,sorafenib,Kd,7.55
7967911,CO[C@@H]1CC[C@H](CC1)N2C(=O)CNc3ncc(nc23)c4ccc(nc4)C(C)(C)O,CHEMBL3586404,IC50,7.55
529895,COc1cc(Cn2c(N)nc3cc(cnc23)c4cnn(C)c4)ccc1OCc5ccc(cc5)C(F)(F)C(F)(F)F,CHEMBL3673489,IC50,7.55
7967923,COc1cc2ncc(C(=O)N)c(Nc3ccc(F)c(F)c3)c2cc1OC,CHEMBL479846,IC50,7.55
7967933,COc1ccc(COc2ccc(Cn3cnc4cc(ccc34)c5oc(nn5)C6CCCNC6)cc2OC)cn1,CHEMBL3673444,IC50,7.55
7967942,COc1ccc(COc2ccc(Cn3cnc4cc(ccc34)C5CCOCC5)cc2OC)cn1,CHEMBL3673446,IC50,7.57
478614,COc1ccc(c2ccc(NC(=O)Nc3cc(C)ccc3F)cc2)c4c(N)noc14,CHEMBL270084,IC50,7.57
7967954,COc1cc2ncc(C(=O)N)c(Nc3cccc(F)c3F)c2cc1OC,CHEMBL482192,IC50,7.59
7967965,CN(c1ccc(NC(=O)c2oc(cc2)C#N)c(c1)N3CCCCC3)S(=O)(=O)C,CHEMBL400259,IC50,7.6
525770,COc1cc(Cn2cnc3cc(cnc23)C#CCCO)ccc1OCc4ccc(nc4)C(F)F,CHEMBL3678302,IC50,7.6
7967977,COc1cc2ncc(C(=O)N)c(Nc3ccc(F)cc3F)c2cc1OC,CHEMBL479847,IC50,7.6
7967988,COc1ccc(cc1)c2ccc3c(Nc4ccccc4)c(cnc3c2)C(=O)N,CHEMBL251174,IC50,7.6
7967999,CS(=O)(=O)Cc1cccc(c1)c2ccc3c(Nc4ccccc4)c(cnc3c2)C(=O)N,CHEMBL249139,IC50,7.6
7968010,Fc1cccc(c1)C(=O)Nc2ccc(Cl)c(c2)C(=O)Nc3cccnc3,CHEMBL512385,IC50,7.6
7968021,OCc1ccc(N2CCCCC2)c(NC(=O)c3oc(cc3)C#N)c1,CHEMBL399542,IC50,7.6
7968032,CC1CCN(CC1)c2ccc(CO)cc2NC(=O)c3oc(cc3)C#N,CHEMBL400754,IC50,7.62
7968043,COc1cc2c(Nc3ccc(Cl)c(Cl)c3)c(cnc2cc1N4CCN(C)CC4)C(=O)N,CHEMBL519924,IC50,7.62
7968054,COc1cc2c(Nc3ccc(F)cc3F)c(cnc2cc1NCCN(C)C)C(=O)N,CHEMBL479447,IC50,7.64
7968065,COc1cc2c(Nc3cccc(Cl)c3Cl)c(cnc2cc1N4CCN(C)CC4)C(=O)N,CHEMBL480617,IC50,7.64
7968076,Nc1ccc(cc1)c2ccc(NC(=O)c3nc(c[nH]3)C#N)c(c2)C4=CCCCC4,CHEMBL1172530,IC50,7.64
7968087,O=C(Nc1ccc(cc1C2=CCCCC2)c3nnn[nH]3)c4nc(c[nH]4)C#N,CHEMBL3086169,IC50,7.64
5750248,CC(C)Nc1c(nnc2cc(ccc12)N3CCOCC3)C(=O)N,CHEMBL2333120,IC50,7.66
7968100,COc1cc(ccc1O)c2cncc(NC(C)c3cccc(NC(=O)c4cccnc4)c3)n2,CHEMBL473487,IC50,7.66
7968111,COc1cc2ncc(C(=O)N)c(Nc3cc(Cl)cc(Cl)c3)c2cc1OC,CHEMBL479267,IC50,7.66
7968122,COc1cc2ncc(C(=O)N)c(Nc3ccc(F)cc3F)c2cc1NCCN4CCCCC4,CHEMBL518760,IC50,7.66
7968133,COc1cc2ncc(C(=O)N)c(Nc3ccccc3Cl)c2cc1OC,CHEMBL450208,IC50,7.66
7968144,NC(=O)C1=CN(c2ccc3CCCc3c2)c4nc(Nc5ccc(CN6CCOCC6)cc5)ncc4C1=O,CHEMBL256406,IC50,7.66
7968155,O=C(Nc1ccc(cc1C2=CCCCC2)C3CCN(CC3)c4ccccn4)c5nc(c[nH]5)C#N,CHEMBL2158222,IC50,7.66
7968166,CCOc1ccc(NC(=O)c2oc(cc2)C#N)c(c1)N3CCCCC3,CHEMBL253884,IC50,7.68
7968177,CN(C)Cc1ccc(Nc2ncc3C(=O)C(=CN(c4ccc5CCCc5c4)c3n2)C(=O)N)cc1,CHEMBL256405,IC50,7.68
478442,CNC(=O)C1=C(SC2=CC=C3C(NN=C3\C=C\C3=CC=CC=N3)=C2)C=CC=C1,axitinib,Kd,7.68
7968190,COCCOc1ccn2c(cnc2c1)c3ccc4cccc(O[C@H]5CCCNC5)c4n3,CHEMBL3109344,IC50,7.68
6377506,CCn1cc(NC(=O)Cc2ncc(Oc3ccnc4cc(OC)ccc34)cc2OC)cn1,CHEMBL2023495,IC50,7.7
7968203,CN(C)S(=O)(=O)c1ccc(cc1)c2ccc(NC(=O)c3nc(c[nH]3)C#N)c(c2)C4=CCCCC4,CHEMBL1172529,IC50,7.7
6377831,COc1cc(Oc2ccnc3cc(OC)c(OC)cc23)ccc1CC(=O)Nc4noc(C)c4C,CHEMBL2023477,IC50,7.7
480896,COc1cc2nccc(Oc3ccc4c(cccc4c3)C(=O)Nc5ccc(Cl)cc5)c2cc1OC,CHEMBL429743,IC50,7.7
5640942,COc1cc2ncnc(Oc3cnn(CC(=O)Nc4ccc(cn4)N(C)C)c3)c2cc1OC,CHEMBL1940107,IC50,7.7
7968220,CC(C)(Nc1ccccn1)c2ccc(NC(=O)c3nc(c[nH]3)C#N)c(c2)C4=CCC(C)(C)CC4,CHEMBL3085827,IC50,7.72
1119248,CN1CCN(CC2=CC=C(C=C2)C(=O)NC2=CC=C(C)C(NC3=NC=CC(=N3)C3=CN=CC=C3)=C2)CC1,imatinib,Kd,7.72
529904,COc1cc(ccc1OCc2ccc(cc2)C(F)(F)F)[C@H](C)n3c(N)nc4cc(cnc34)c5cnn(C)c5,CHEMBL3678297,IC50,7.72
529877,COc1cc(ccc1OCc2ccc(nc2)C(F)(F)F)C(C)n3c(N)nc4cc(cnc34)c5cnn(C)c5,CHEMBL3678300,IC50,7.72
7968236,OCC(O)COCc1ccc(N2CCCCC2)c(NC(=O)c3oc(cc3)C#N)c1,CHEMBL398360,IC50,7.72
7968246,CSc1ccn2c(cnc2c1)C(=O)Nc3cccc4c3c(nn4Cc5cccc(C)n5)C6CC6,CHEMBL3644248,IC50,7.73
7968256,CN1CCN(CC1)c2ccc(NC(=O)c3oc(cc3)C#N)c(c2)C4=CCCCC4,CHEMBL265432,IC50,7.75
7968267,COCCN(C)CCOc1cc2ncc(C(=O)N)c(Nc3ccc(F)c(Cl)c3)c2cc1OC,CHEMBL481222,IC50,7.75
529940,COc1cc(Cn2c(N)nc3cc(cnc23)c4cnn(C)c4)ccc1OCc5ccc(SC(F)(F)F)cc5,CHEMBL3678284,IC50,7.75
7968279,COc1cc2ncc(C(=O)N)c(Nc3ccc(Cl)cc3F)c2cc1OC,CHEMBL479845,IC50,7.75
7968290,COc1cc2ncc(C(=O)N)c(Nc3cccc(Cl)c3)c2cc1OC,CHEMBL517544,IC50,7.75
479159,Clc1ccc(Nc2nnc(Cc3ccncc3)c4ccccc24)cc1,CHEMBL101253,Kd,7.75
7968303,COc1cc2c(Nc3ccc(F)c(Cl)c3)c(cnc2cc1OCCN4CCCC4)C(=O)N,CHEMBL521422,IC50,7.77
7968314,COc1cc2c(Nc3ccc(F)c(Cl)c3)c(cnc2cc1OCCNC4CC4)C(=O)N,CHEMBL521255,IC50,7.77
5751201,C[C@@H](Nc1c(nnc2cc(ccc12)c3ccc(cc3)S(=O)(=O)C)C(=O)N)C4CC4,CHEMBL2333128,IC50,7.77
7968327,O=C(Nc1cc(ccc1N2CCCCC2)N3CCCCC3)c4oc(cc4)C#N,CHEMBL249957,IC50,7.77
7968338,O=C(Nc1ccc(cc1N2CCCCC2)N3CCCCC3)c4oc(cc4)C#N,CHEMBL398238,IC50,7.77
7968349,Oc1ccc(N2CCCCC2)c(NC(=O)c3oc(cc3)C#N)c1,CHEMBL249747,IC50,7.77
7968360,CC1CCN(CC1)c2cc(ccc2NC(=O)c3oc(cc3)C#N)C#CCN(C)S(=O)(=O)C,CHEMBL430214,IC50,7.8
7968371,CN(C)c1cccc(c1)C(=O)Nc2ccc(Cl)c(c2)C(=O)Nc3cccnc3,CHEMBL516813,IC50,7.8
7968382,COc1cc2ncc(C(=O)N)c(Nc3ccc(F)c(Cl)c3)c2cc1OC,CHEMBL482000,IC50,7.8
7968392,COc1ccc(COc2ccc(Cn3cnc4cc(cnc34)N5CCN(C)CC5)cc2OC)cn1,CHEMBL3673454,IC50,7.8
7968401,COc1ccc(COc2ccc(Cn3cnc4cc(cnc34)N5CCN(CC5)C6CC6)cc2OC)cn1,CHEMBL3673457,IC50,7.8
7968411,CS(=O)(=O)c1ccc(cc1)c2ccc3c(Nc4ccccc4)c(cnc3c2)C(=O)N,CHEMBL250364,IC50,7.8
7968422,FC(F)(F)c1cccc(c1)C(=O)Nc2ccc(Cl)c(c2)C(=O)Nc3cccnc3,CHEMBL510386,IC50,7.8
7968433,NC(=O)c1cnc2cc(ccc2c1Nc3ccccc3)c4ccc(Br)cc4,CHEMBL399441,IC50,7.8
7968444,NC(=O)c1cnc2cc(ccc2c1Nc3ccccc3)c4ccc(cc4)C(=O)N5CCCCC5,CHEMBL250161,IC50,7.8
7968455,NC(=O)c1cnc2cc(ccc2c1Nc3ccccc3)c4ccncc4,CHEMBL249169,IC50,7.8
480757,Nc1ncc(c2cnn(CCO)c2)c3scc(c4ccc(NC(=O)Nc5cccc(F)c5)cc4)c13,CHEMBL1980297,IC50,7.8
7968468,CC1CCN(CC1)c2cc(ccc2NC(=O)c3oc(cc3)C#N)C#CCN(C)C,CHEMBL255501,IC50,7.82
7968479,CCCCNc1ncc2C(=O)C(=CN(c3ccc4CCCc4c3)c2n1)C(=O)NOC,CHEMBL523802,IC50,7.82
5641173,CN1C(C)(C)CC(CC1(C)C)Oc2ccc(nc2)C(=O)Nc3ccc(NC(=O)Nc4cc(on4)C(C)(C)C)cc3,CHEMBL2206277,IC50,7.82
7968492,COc1cc2c(Nc3cccc(Cl)c3Cl)c(cnc2cc1NCCN4CCCCC4)C(=O)N,CHEMBL480813,IC50,7.82
7968503,COc1cc2ncc(C(=O)N)c(Nc3cc(F)ccc3F)c2cc1OC,CHEMBL480825,IC50,7.82
7968513,COc1ccc(COc2ccc(Cn3cnc4cc(ccc34)c5noc(n5)C6CCNCC6)cc2OC)cn1,CHEMBL3673465,IC50,7.82
7968522,COc1ccc(COc2ccc(Cn3cnc4cc(cnc34)C5=CC6(C)CCCN5C6)cc2OC)cn1,CHEMBL3673471,IC50,7.82
526839,CS(=O)(=O)O.OC(=Nc1cccc(Cl)c1)Nc2ncc(CCN=C3NC=Nc4ccsc34)s2,CHEMBL518051,IC50,7.82
7968534,C[C@H](Nc1cncc(Cl)n1)c2cccc(NC(=O)c3ccnc(C)c3)c2,CHEMBL456008,IC50,7.82
5641625,CN1CCN(Cc2ccc(Nc3ncc4C(=O)C(=CN(c5ccc6CCCc6c5)c4n3)C(=O)N)cc2)CC1,CHEMBL256893,IC50,7.85
7968547,Clc1ccc(NC(=O)c2cccc(Br)c2)cc1C(=O)Nc3cccnc3,CHEMBL461951,IC50,7.85
7968558,CC(C)c1ncc(NC(=O)c2cc(NC(=O)c3cccc(c3)C(F)(F)F)ccc2Cl)s1,CHEMBL472342,IC50,7.89
5640909,CN1CCN(CC1)c2ccc(Nc3ncc4C(=O)C(=CN(c5ccc6CCCc6c5)c4n3)C(=O)N)cc2,CHEMBL414001,IC50,7.89
479470,COc1cc2c(Oc3ccc4[nH]c(C)cc4c3F)ncnc2cc1OCCCN5CCCC5,CHEMBL491473,Kd,7.89
7968573,COc1cc2ncc(C(=O)N)c(Nc3cc(C)ccc3F)c2cc1OC,CHEMBL521248,IC50,7.89
7968584,COc1cc2ncc(C(=O)N)c(Nc3ccc(F)c(Cl)c3)c2cc1OCCN4CCCC4,CHEMBL480646,IC50,7.89
7968595,COc1cc2ncc(C(=O)N)c(Nc3cccc(Cl)c3F)c2cc1OC,CHEMBL520925,IC50,7.89
527651,COc1ccc(COc2ccc(Cn3c(N)nc4cc(cnc34)C#CCCO)cc2OC)cn1,CHEMBL3678289,IC50,7.89
7968606,COc1ccc(COc2ccc(Cn3cnc4cc(ccc34)N5CCC(CC5)C(C)(C)N)cc2OC)cn1,CHEMBL3673447,IC50,7.89
7968615,COc1ccc(COc2ccc(Cn3cnc4cc(cnc34)c5oc(nn5)C6CCNCC6)cc2OC)cn1,CHEMBL3673466,IC50,7.89
7968625,O=C(Nc1ccc(CS(=O)(=O)N2CCOCC2)cc1C3=CCCCC3)c4nc(c[nH]4)C#N,CHEMBL3085985,IC50,7.89
7968636,O=C(Nc1ccc(Cc2nnn[nH]2)cc1C3=CCCCC3)c4nc(c[nH]4)C#N,CHEMBL3085986,IC50,7.89
5639842,CC(C)(C)c1onc(NC(=O)Nc2ccc(cc2)c3cn4c5ccc(OCCN6CCOCC6)cc5sc4n3)c1,CHEMBL576982,Kd,7.92
5748771,CC(C)Nc1c(nnc2cc(ccc12)c3ccc(cc3)S(=O)(=O)C)C(=O)N,CHEMBL2333126,IC50,7.92
7968651,CCN(CC)CCNC(=O)c1c(C)[nH]c(\C=C\2/C(=O)Nc3ccc(F)cc23)c1C.O[C@@H](CC(=O)O)C(=O)O,CHEMBL1567,IC50,7.92
26231,CN[C@@H]1C[C@H]2O[C@@](C)([C@@H]1OC)n3c4ccccc4c5c6CNC(=O)c6c7c8ccccc8n2c7c35,CHEMBL388978,Kd,7.92
7968664,COc1cc2c(Nc3ccc(F)c(Cl)c3)c(cnc2cc1OCCN(C)C)C(=O)N,CHEMBL517069,IC50,7.92
7968674,COc1ccc(COc2ccc(Cn3cnc4cc(ccc34)N5CC6(CCNCC6)C5)cc2OC)cn1,CHEMBL3673448,IC50,7.92
7968683,COc1ccc(COc2ccc(Cn3cnc4cc(cnc34)N5CCC(N)CC5)cc2OC)cn1,CHEMBL3673460,IC50,7.92
7968693,COc1ccc(COc2ncc(Oc3nc(cnc3N)c4cnn(C)c4)cc2OC)cc1,CHEMBL1087280,IC50,7.92
7968704,NC(=O)C1=CN(c2ccc3CCCc3c2)c4nc(Nc5ccc(C[C@H]6COC(=O)N6)cc5)ncc4C1=O,CHEMBL273193,IC50,7.92
7968715,CC1CCN(CC1)c2cc(ccc2NC(=O)c3oc(cc3)C#N)N4CCOCC4,CHEMBL254496,IC50,7.96
7968726,COc1cc(ccc1O)c2cncc(N[C@@H](C)c3cccc(NC(=O)c4cccnc4)c3)n2,CHEMBL516200,IC50,7.96
7969201,COc1cc2c(Nc3ccc(F)cc3F)c(cnc2cc1N4CCN(C)CC4)C(=O)N,CHEMBL480618,IC50,7.96
7969211,COc1ccc(COc2ccc(Cn3c(N)nc4cc(cnc34)c5cncnc5)cc2OC)cn1,CHEMBL3673484,IC50,7.96
7969221,Cc1ccc(NC(=O)c2cccc(c2)C(F)(F)F)cc1NC(=O)c3cccnc3,CHEMBL507803,IC50,7.96
7969232,Cc1ncc(NC(=O)c2cc(NC(=O)c3cc(F)cc(Cl)c3)ccc2Cl)s1,CHEMBL513588,IC50,7.96
7969243,O=C(Nc1ccc(cc1C2=CCCCC2)c3ccccn3)c4nc(c[nH]4)C#N,CHEMBL1172117,IC50,7.96
5641151,CCN1C(C)(C)CC(CC1(C)C)Oc2ccc(nc2)C(=O)Nc3ccc(NC(=O)Nc4cc(on4)C(C)(C)C)cc3,CHEMBL2206278,IC50,7.98
5641370,CC(C)(C)c1onc(NC(=O)Nc2ccc(NC(=O)c3cn4c5ccccc5sc4n3)cc2)c1,CHEMBL575925,Kd,8.0
7969258,CC1CCN(CC1)c2cc(ccc2NC(=O)c3oc(cc3)C#N)c4ccncc4,CHEMBL258709,IC50,8.0
7969269,CC1CCN(CC1)c2nc(ccc2NC(=O)c3oc(cc3)C#N)N4CCN(C)CC4,CHEMBL252834,IC50,8.0
7969280,CN1CCN(CC1)c2cc(cc(c2)C(F)(F)F)C(=O)Nc3ccc(C)c(NC(=O)c4cnoc4C)c3,CHEMBL3616960,IC50,8.0
4227645,CN1CCN(CC1)c2ccc(Nc3ncc4C=C(C#N)C(=O)N(C5CCCC5)c4n3)cc2,CHEMBL3115681,IC50,8.0
529922,COc1cc(Cn2c(N)nc3cc(cnc23)c4cnn(C)c4)ccc1OCc5ccc(CC(F)(F)F)cc5,CHEMBL3678286,IC50,8.0
7969294,COc1cc2c(Nc3ccc(F)c(Cl)c3)c(cnc2cc1OCCN(C)CCO)C(=O)N,CHEMBL481230,IC50,8.0
7969305,COc1cc2ncc(C(=O)N)c(Nc3ccc(C)cc3F)c2cc1OC,CHEMBL516601,IC50,8.0
7969316,COc1cc2ncc(C(=O)N)c(Nc3ccc(F)c(Cl)c3)c2cc1OCCCN4CCN(C)CC4,CHEMBL481402,IC50,8.0
6377794,COc1ccc2c(Oc3ccc(CC(=O)Nc4ncc(C)s4)c(OC)c3)ccnc2c1,CHEMBL2023476,IC50,8.0
5641217,COc1cccc(NC(=O)Cn2cc(Oc3ncnc4cc(OC)c(OC)cc34)cn2)c1,CHEMBL1940108,IC50,8.0
7969331,C[C@H](Nc1cncc(Cl)n1)c2cccc(NC(=O)c3cccc(c3)C(F)(F)F)c2,CHEMBL473061,IC50,8.0
480606,Cc1cc(C(=O)Nc2cc(Oc3ccc4nc(NC(=O)C5CC5)cn4n3)ccc2C)n(C)n1,CHEMBL2180604,IC50,8.0
7969344,Cc1ccc(NC(=O)c2cccc(c2)C(F)(F)F)cc1C(=O)Nc3cnc(C)s3,CHEMBL461574,IC50,8.0
7969355,Cc1cccc(c1)C(=O)Nc2ccc(Cl)c(c2)C(=O)Nc3cccnc3,CHEMBL454876,IC50,8.0
7969366,Clc1cccc(c1)C(=O)Nc2ccc(Cl)c(c2)C(=O)Nc3cccnc3,CHEMBL461950,IC50,8.0
7969377,O=C(Nc1ccc(cc1C2=CCCCC2)S(=O)(=O)N3CCOCC3)c4nc(c[nH]4)C#N,CHEMBL3086168,IC50,8.0
6765862,COCCOCC#Cc1cc(cs1)c2n[nH]c3c2Cc4ccc(Cn5cncn5)cc34,CHEMBL223971,IC50,8.05
7969390,COc1cc2ncc(C(=O)N)c(Nc3ccc(Cl)c(Cl)c3)c2cc1OC,CHEMBL480630,IC50,8.05
7969401,COc1cc2ncc(C(=O)N)c(Nc3ccccc3F)c2cc1OC,CHEMBL442591,IC50,8.05
3858661,COc1cc2ncnc(Oc3cccc(NC(=O)Nc4cc(on4)C(C)(C)C(F)(F)F)c3)c2cc1OC,CHEMBL2029988,Kd,8.05
527248,COc1ccc(COc2ccc(Cn3c(N)nc4cc(cnc34)c5ccc(F)cc5)cc2OC)cn1,CHEMBL3673482,IC50,8.05
6377176,COc1ccc2c(Oc3ccc(CC(=O)Nc4cc(C)cc(CN(C)C)c4)c(OC)c3)ccnc2c1,CHEMBL2023494,IC50,8.05
7969417,COc1cccc(c1)C(=O)Nc2ccc(Cl)c(c2)C(=O)Nc3cccnc3,CHEMBL461952,IC50,8.05
7969428,C[C@H](Nc1cncc(Cl)n1)c2cccc(NC(=O)c3ccc(C)cc3)c2,CHEMBL472864,IC50,8.05
7969439,C[C@H](Nc1cncc(Cl)n1)c2cccc(NC(=O)c3ccc(F)c(Cl)c3)c2,CHEMBL474489,IC50,8.05
5641535,CC(C)(C)c1onc(NC(=O)Nc2ccc(NC(=O)c3cc4ccccc4cn3)cc2)c1,CHEMBL1081509,Kd,8.07
7969452,CC(C)(CN1CCOCC1)c2ccc(NC(=O)c3nc(c[nH]3)C#N)c(c2)C4=CCC(C)(C)CC4,CHEMBL3085970,IC50,8.1
7969465,CN1CCN(CC1)c2ccc3ncc(C(=O)N)c(Nc4cccc(Cl)c4Cl)c3c2,CHEMBL480457,IC50,8.1
7969476,CN1CCN(CC1)c2cccc(Nc3ncc4C(=O)C(=CN(c5ccc6CCCc6c5)c4n3)C(=O)N)c2,CHEMBL255584,IC50,8.1
5641614,CN1CCN(CCc2ccc(Nc3ncc4C(=O)C(=CN(c5ccc6CCCc6c5)c4n3)C(=O)N)cc2)CC1,CHEMBL403776,IC50,8.1
480778,CN1CCN(Cc2ccc3c(Cc4c(n[nH]c34)c5csc(c5)C#CCOc6ccccc6)c2)CC1,CHEMBL390156,IC50,8.1
5641195,COCCOc1cc2ncnc(Oc3cnn(CC(=O)Nc4cccc(OC)c4)c3)c2cc1OC,CHEMBL1940109,IC50,8.1
529931,COc1cc(Cn2c(N)nc3cc(cnc23)c4cnn(C)c4)ccc1OCc5ccc(OC(F)(F)F)cc5,CHEMBL3678283,IC50,8.1
7969493,COc1ccc(COc2ccc(Cn3cnc4cc(cnc34)N5CCOCC5)cc2OC)cn1,CHEMBL3673456,IC50,8.1
480446,COc1ccc(NC(=O)Nc2ccc(cc2)c3csc4c(cnc(N)c34)c5cnn(CC(C)(C)O)c5)cc1,CHEMBL2004290,IC50,8.1
7969504,Cc1cc(C)cc(c1)C(=O)Nc2ccc(Cl)c(c2)C(=O)Nc3cccnc3,CHEMBL459470,IC50,8.1
7969515,Cc1ccc(Nc2c(cnc3cc(ccc23)c4ccc(cc4)S(=O)(=O)C)C(=O)N)cc1C,CHEMBL250571,IC50,8.1
7969526,Cc1cccc(NC(=O)Nc2ccc(cc2)c3csc4c(cnc(N)c34)C#CC(C)(C)N)c1,CHEMBL1979577,Ki,8.1
7969537,NC(=O)C1=CN(c2ccc3CCCc3c2)c4nc(Nc5ccc(CCN6CCOCC6)cc5)ncc4C1=O,CHEMBL404188,IC50,8.1
7969548,NC(=O)C1=CN(c2ccc3CCCc3c2)c4nc(Nc5ccc(cc5)C6CCNCC6)ncc4C1=O,CHEMBL257528,IC50,8.1
7969559,O=C(Nc1ccc(cc1C2=CCCC2)C3CCNCC3)c4ncc(C#N)[nH]4,CHEMBL256950,IC50,8.1
2754777,CN1CCN(Cc2ccc(cc2)C(=O)Nc3ccc(C)c(Nc4nc(cs4)c5cccnc5)c3)CC1,CHEMBL1908391,Kd,8.12
985681,CC1=NC(NC2=NC=C(S2)C(=O)NC2=C(C)C=CC=C2Cl)=CC(=N1)N1CCN(CCO)CC1,dasatinib,IC50,8.13
7969574,CN(CCS(=O)(=O)C)C(C)(C)c1ccc(NC(=O)c2nc(c[nH]2)C#N)c(c1)C3=CCC(C)(C)CC3,CHEMBL3086323,IC50,8.14
7969585,[O-][n+]1ccccc1c2ccc(NC(=O)c3nc(c[nH]3)C#N)c(c2)C4=CCCCC4,CHEMBL1172116,IC50,8.15
7969596,CC1CN(CC(C)N1)c2ccc(Nc3ncc4C(=O)C(=CN(c5ccc6CCCc6c5)c4n3)C(=O)N)cc2,CHEMBL255794,IC50,8.16
5641591,CCN1CCC(CC1)Oc2ccc(nc2)C(=O)Nc3ccc(NC(=O)Nc4cc(on4)C(C)(C)C)cc3,CHEMBL2203434,IC50,8.16
7969609,CCN1CCCC(O)(C1)c2cccc(Nc3ncc4C(=O)C(=CN(c5cnc6CCCc6c5)c4n3)C(=O)NOC)c2,CHEMBL450914,IC50,8.16
529985,COc1cc(Cn2c(N)nc3cc(cnc23)c4cnn(C)c4)ccc1OCc5csc(n5)C(F)(F)F,CHEMBL3678287,IC50,8.16
7969621,COc1cc2c(Nc3ccc(F)c(Cl)c3)c(cnc2cc1OCCCN4CCN(C)CC4)C(=O)N,CHEMBL481231,IC50,8.16
7969632,COc1cc2ncc(C(=O)N)c(Nc3ccc(F)cc3F)c2cc1NCCN(C)C,CHEMBL479445,IC50,8.16
7969643,COc1cc2ncc(C(=O)N)c(Nc3ccc(F)cc3F)c2cc1NCCN4CCOCC4,CHEMBL479446,IC50,8.16
7969654,COc1cc2ncc(C(=O)N)c(Nc3cccc(Cl)c3Cl)c2cc1NCCN4CCCCC4,CHEMBL481595,IC50,8.16
527818,COc1ccc(COc2ccc(Cn3c(N)nc4cc(cnc34)c5ccccc5)cc2OC)cn1,CHEMBL3673481,IC50,8.16
525352,COc1ccc(COc2ccc(Cn3cnc4cc(cnc34)N5CC6(CCNCC6)C5)cc2OC)cn1,CHEMBL3673459,IC50,8.16
525325,COc1ccc(COc2ccc(Cn3cnc4cc(cnc34)c5noc(n5)C6CCNCC6)cc2OC)cn1,CHEMBL3673464,IC50,8.16
7969667,COc1ccc(COc2ccc(Cn3cnc4cc(cnc34)n5cc(nn5)C(C)(C)N)cc2OC)cn1,CHEMBL3673467,IC50,8.16
7969677,Cc1ccc(NC(=O)c2cccc(Cl)c2)cc1C(=O)Nc3cnc(C)s3,CHEMBL462130,IC50,8.16
7969688,Cc1ncc(NC(=O)c2cc(NC(=O)c3cc(F)cc(c3)C(F)(F)F)ccc2Cl)s1,CHEMBL459675,IC50,8.16
7969699,Cc1ncc(NC(=O)c2cc(NC(=O)c3cccc(c3)C(F)(F)F)ccc2Cl)s1,CHEMBL462132,IC50,8.16
7969710,NS(=O)(=O)c1ccc(NC(=O)c2nc(c[nH]2)C#N)c(c1)C3=CCCCC3,CHEMBL3086161,IC50,8.16
7969721,OCCc1ccc(NC(=O)c2nc(c[nH]2)C#N)c(c1)C3=CCCCC3,CHEMBL3086173,IC50,8.17
7969732,CN1CCN(CC1)c2ccc(NC(=O)c3oc(cc3)C#N)c(c2)N4CCCC(F)C4,CHEMBL252633,IC50,8.2
7969743,CCOc1cc2ncc(C(=O)N)c(Nc3ccc(F)cc3F)c2cc1N4CCN(C)CC4,CHEMBL481806,IC50,8.22
7969754,CCOc1cc2ncc(C(=O)N)c(Nc3cccc(Cl)c3Cl)c2cc1NCCN4CCCCC4,CHEMBL480815,IC50,8.22
7969765,COc1cc2ncc(C(=O)N)c(Nc3ccc(F)cc3F)c2cc1N4CCN(C)CC4,CHEMBL480445,IC50,8.22
7969776,COc1cc2ncc(C(=O)N)c(Nc3cccc(Cl)c3Cl)c2cc1OC,CHEMBL519779,IC50,8.22
528094,COc1ccc(COc2ccc(Cn3c(N)nc4cc(cnc34)c5cccnc5)cc2OC)cn1,CHEMBL3673487,IC50,8.22
7969787,COc1ccc(COc2ccc(Cn3cnc4cc(ccc34)n5cc(nn5)C6CCCNC6)cc2OC)cn1,CHEMBL3673443,IC50,8.22
7969797,Cc1cc(C)cc(c1)C(=O)Nc2ccc(Cl)c(c2)C(=O)Nc3cnc(C)s3,CHEMBL462128,IC50,8.22
7969808,OC(=O)CCc1ccc(NC(=O)c2nc(c[nH]2)C#N)c(c1)C3=CCCCC3,CHEMBL3085979,IC50,8.23
7969819,CC(=O)N1CCN(CC(C)(C)c2ccc(NC(=O)c3nc(c[nH]3)C#N)c(c2)C4=CCC(C)(C)CC4)CC1,CHEMBL3085971,IC50,8.24
76701,CCN1CCN(Cc2ccc(NC(=O)Nc3ccc(Oc4cc(NC)ncn4)cc3)cc2C(F)(F)F)CC1,CHEMBL574738,Kd,8.24
478994,CC1(C)CNc2cc(NC(=O)c3cccnc3NCc4ccncc4)ccc12,CHEMBL572881,Kd,8.25
480766,C[C@H](O)Cn1cc(cn1)c2cnc(N)c3c(csc23)c4ccc(NC(=O)Nc5cccc(C)c5)cc4,CHEMBL3646210,IC50,8.25
7969835,NNS(=O)(=O)CCc1ccc(NC(=O)c2nc(c[nH]2)C#N)c(c1)C3=CCCCC3,CHEMBL3086177,IC50,8.25
7969846,CONC(=O)C1=CN(c2ccc3CCCc3c2)c4nc(Nc5ccc(OC)nc5)ncc4C1=O,CHEMBL491078,IC50,8.28
7969857,CC(C)(C(=O)N)n1cc(cn1)c2cnc(N)c3c(csc23)c4ccc(NC(=O)Nc5cccc(F)c5)cc4,CHEMBL1967720,Ki,8.3
7969868,CC1CCN(CC1)c2cc(ccc2NC(=O)c3oc(cc3)C#N)C#CCN4CCOCC4,CHEMBL402908,IC50,8.3
6377725,CCc1cc(NC(=O)Cc2ccc(Oc3ccnc4cc(OC)ccc34)cc2OC)n[nH]1,CHEMBL2023486,IC50,8.3
6377708,CCn1cc(NC(=O)Cc2ccc(Oc3ccnc4cc(OC)ccc34)cc2OC)cn1,CHEMBL2023118,IC50,8.3
7969883,CNCC#Cc1cnc(N)c2c(csc12)c3ccc(NC(=O)Nc4cccc(C)c4)cc3,CHEMBL1964441,Ki,8.3
7969894,CONC(=O)C1=CN(C2CCCCC2)c3nc(Nc4ccc(cc4)C5CCN(C)CC5)ncc3C1=O,CHEMBL489883,IC50,8.3
529949,COc1cc(Cn2c(N)nc3cc(cnc23)c4cnn(C)c4)ccc1OCc5ccc(cc5)C(F)(F)F,CHEMBL3673478,IC50,8.3
529958,COc1cc(Cn2c(N)nc3cc(cnc23)c4cnn(C)c4)ccc1OCc5ccc(nc5)C(C)C,CHEMBL3678285,IC50,8.3
529967,COc1cc(Cn2c(N)nc3cc(cnc23)c4cnn(C)c4)ccc1OCc5ccc(nc5)C(F)(F)F,CHEMBL3673477,IC50,8.3
529841,COc1cc(Cn2c(N)nc3cc(cnc23)c4cnn(C)c4)ccc1OCc5csc(C)n5,CHEMBL3673480,IC50,8.3
526009,COc1ccc(COc2ccc(Cn3c(N)nc4cc(cnc34)c5c(C)nn(C)c5C)cc2OC)cn1,CHEMBL3673485,IC50,8.3
528400,COc1ccc(COc2ccc(Cn3c(N)nc4cc(cnc34)c5ccccn5)cc2OC)cn1,CHEMBL3673488,IC50,8.3
528742,COc1ccc(COc2ccc(Cn3c(N)nc4cc(cnc34)c5ccn(C)n5)cc2OC)cn1,CHEMBL3673483,IC50,8.3
7969911,COc1ccc(COc2ccc(Cn3cnc4cc(cnc34)N5CCC(CC5)C(C)(C)N)cc2OC)cn1,CHEMBL3673455,IC50,8.3
7969921,C[C@H](Nc1cncc(Br)c1)c2cccc(NC(=O)c3cncc(C)c3)c2,CHEMBL514619,IC50,8.3
7969932,C[C@H](Nc1cncc(Cl)n1)c2cccc(NC(=O)c3cncc(C)c3)c2,CHEMBL472860,IC50,8.3
7969943,Cc1ccc(cc1C)C(=O)Nc2ccc(Cl)c(c2)C(=O)Nc3cccnc3,CHEMBL459471,IC50,8.3
7969954,Clc1cccc(c1)C(=O)Nc2ccc(Cl)c(c2)C(=O)Nc3cncs3,CHEMBL461572,IC50,8.3
7969965,NC(=O)C1=CN(c2ccc3CCCc3c2)c4nc(Nc5ccc(cc5)N6CCNCC6)ncc4C1=O,CHEMBL271461,IC50,8.3
7969976,Nc1ncc(NC(=O)c2cc(NC(=O)c3cccc(c3)C(F)(F)F)ccc2Cl)cc1Cl,CHEMBL475817,IC50,8.3
5641697,CN1CCN(Cc2ccc(nc2)C(=O)Nc3ccc(NC(=O)Nc4cc(on4)C(C)(C)C)cc3)CC1,CHEMBL2203428,Kd,8.31
5637220,COc1cc2c(ncnc2cc1OCCCN3CCCCC3)N4CCN(CC4)C(=O)Nc5ccc(OC(C)C)cc5,CHEMBL124660,Kd,8.31
7969991,CC1(C)CCC(=CC1)c2cc(CCO)ccc2NC(=O)c3nc(c[nH]3)C#N,CHEMBL3086174,IC50,8.34
7970002,CC1(C)CCC(=CC1)c2cc(CCS(=O)(=O)N3CCOCC3)ccc2NC(=O)c4nc(c[nH]4)C#N,CHEMBL3086314,IC50,8.35
7970013,Nc1ccc(cn1)c2ccc(NC(=O)c3nc(c[nH]3)C#N)c(c2)C4=CCCCC4,CHEMBL1172313,IC50,8.35
7970024,O=C(Nc1ccc(cc1C2=CCCCC2)c3ccncc3)c4nc(c[nH]4)C#N,CHEMBL1172346,IC50,8.35
5641798,CC(C)(C)c1onc(NC(=O)Nc2ccc(NC(=O)c3ncccc3O)cc2)c1,CHEMBL1079545,Kd,8.36
7970037,CONC(=O)C1=CN(C2CCCCC2)c3nc(Nc4ccc(CCN5CCCC5)cc4)ncc3C1=O,CHEMBL490080,IC50,8.39
6377747,CCc1onc(NC(=O)Cc2ccc(Oc3ccnc4cc(OC)ccc34)cc2OC)c1,CHEMBL2023482,IC50,8.4
7970050,CN1CCN(Cc2ccc(cc2)C(=O)Nc3ccc(C)c(c3)c4ccc5ccncc5c4)CC1,CHEMBL521887,IC50,8.4
7970060,COc1ccc(COc2ccc(Cn3c(N)nc4cc(ccc34)c5cncnc5)cc2OC)cc1,CHEMBL3673437,IC50,8.4
528733,COc1ccc(COc2ccc(Cn3c(N)nc4cc(ccc34)c5cnn(CCN6CCOCC6)c5)cc2OC)cc1,CHEMBL3673439,IC50,8.4
7970071,C[C@H](Nc1cncc(Cl)n1)c2cccc(NC(=O)c3cncc(Br)c3)c2,CHEMBL515867,IC50,8.4
7970082,Cc1cc(C)cc(c1)C(=O)Nc2ccc(C)c(c2)C(=O)Nc3cnc(C)s3,CHEMBL444671,IC50,8.4
480715,Cc1cccc(NC(=O)Nc2ccc(cc2)c3cnc4c(ccn4c3N)c5cnn(C)c5)c1,CHEMBL453057,IC50,8.4
7970095,Cc1ncc(NC(=O)c2cc(NC(=O)c3cccc(Cl)c3)ccc2Cl)s1,CHEMBL462133,IC50,8.4
7970106,NC(=O)C1=CN(c2ccc3CCCc3c2)c4nc(Nc5cccc(c5)C(=O)N6CCCCC6)ncc4C1=O,CHEMBL402852,IC50,8.4
7970117,O=C(CN1CCOCC1)N2CCC(CC2)c3ccc(NC(=O)c4nc(c[nH]4)C#N)c(c3)C5=CCCCC5,CHEMBL2158299,IC50,8.42
7970128,CC(C)(O)Cc1ccc(NC(=O)c2nc(c[nH]2)C#N)c(c1)C3=CCCCC3,CHEMBL3086171,IC50,8.43
7970139,CC1(C)CCC(=CC1)c2cc(ccc2NC(=O)c3nc(c[nH]3)C#N)c4nnn[nH]4,CHEMBL3086170,IC50,8.43
213374,Cc1[nH]c(\C=C\2/C(=O)Nc3ccc(F)cc23)c(C)c1C(=O)NC[C@H](O)CN4CCOCC4,CHEMBL1721885,Kd,8.44
7970152,NC(=O)c1ccc(NC(=O)c2nc(c[nH]2)C#N)c(c1)C3=CCCCC3,CHEMBL3086325,IC50,8.44
7970163,CC(C)(CN1CCS(=O)(=O)CC1)c2ccc(NC(=O)c3nc(c[nH]3)C#N)c(c2)C4=CCC(C)(C)CC4,CHEMBL3085972,IC50,8.46
7970174,CC(C)(N1CCS(=O)(=O)CC1)c2ccc(NC(=O)c3nc(c[nH]3)C#N)c(c2)C4=CCC(C)(C)CC4,CHEMBL3085829,IC50,8.46
7970185,O=C(Nc1ccc(CCS(=O)(=O)N2CCOCC2)cc1C3=CCCCC3)c4nc(c[nH]4)C#N,CHEMBL3086179,IC50,8.46
5640836,CC(C)(C)c1onc(NC(=O)Nc2ccc(NC(=O)c3ccc(OC4CCN(CC(F)(F)F)CC4)cn3)cc2)c1,CHEMBL2203436,Kd,8.47
479271,Cc1ccc(F)c(NC(=O)Nc2ccc(cc2)c3cccc4[nH]nc(N)c34)c1,CHEMBL223360,Kd,8.47
7970200,NC(=O)N1CCC(CC1)c2ccc(NC(=O)c3nc(c[nH]3)C#N)c(c2)C4=CCCCC4,CHEMBL2158303,IC50,8.48
7970211,CCNC(=O)C1=CN(c2ccc3CCCc3c2)c4nc(Nc5ccc(CCN6CCN(C)CC6)cc5)ncc4C1=O,CHEMBL507619,IC50,8.5
3994395,C[C@@H](O)Cn1cc(cn1)c2cnc(N)c3c(csc23)c4ccc(NC(=O)Nc5cccc(F)c5)cc4,CHEMBL2022856,Ki,8.5
323688,Cl.CN(C)CC(=O)N1CCC(CC1)c2ccc(NC(=O)c3nc(c[nH]3)C#N)c(c2)C4=CCCCC4,CHEMBL1908395,Kd,8.5
7970226,O=C(Nc1ccc(CN2CCOCC2)cc1C3=CCCCC3)c4nc(c[nH]4)C#N,CHEMBL3085983,IC50,8.5
5641417,CCN1CCC(CC1)c2ccc(nc2)C(=O)Nc3ccc(NC(=O)Nc4cc(on4)C(C)(C)C)cc3,CHEMBL2203426,Kd,8.51
5641602,CCN1CCC(CC1)Oc2ccnc(c2)C(=O)Nc3ccc(NC(=O)Nc4cc(on4)C(C)(C)C)cc3,CHEMBL2203432,Kd,8.52
7970241,CCOc1cc2ncc(C(=O)N)c(Nc3cccc(Cl)c3Cl)c2cc1NCCN(C)C,CHEMBL480814,IC50,8.52
6377680,CCn1cc(NC(=O)Cc2ccc(Oc3ccnc4cc(OC)c(OC)cc34)cc2OC)cn1,CHEMBL2023117,IC50,8.52
7970254,CN(C)CCc1ccc(Nc2ncc3C(=O)C(=CN(c4ccc5CCCc5c4)c3n2)C(=O)N)cc1,CHEMBL256459,IC50,8.52
7970265,CN1CCN(CC1)c2cc3c(Nc4cccc(Cl)c4Cl)c(cnc3cc2F)C(=O)N,CHEMBL481401,IC50,8.52
480664,CN1CCN(CC1)c2ccc3nc([nH]c3c2)C4=C(N)c5c(F)cccc5NC4=O,CHEMBL522892,IC50,8.52
529976,COc1cc(Cn2c(N)nc3cc(cnc23)c4cnn(C)c4)ccc1OCc5ccc(nc5)C6CC6,CHEMBL3673479,IC50,8.52
529677,COc1cc(Cn2cnc3cc(cnc23)c4cnn(c4)C5CCNCC5)ccc1OCc6ccc(C)nc6,CHEMBL3673463,IC50,8.52
7970280,COc1cc2c(Nc3cccc(Cl)c3Cl)c(cnc2cc1NCCN(C)C)C(=O)N,CHEMBL521262,IC50,8.52
7970291,COc1cc2ncc(C(=O)N)c(Nc3ccc(Cl)cc3Cl)c2cc1N4CCN(C)CC4,CHEMBL481223,IC50,8.52
529776,COc1ccc(COc2ccc(Cn3c(N)nc4cc(cnc34)c5cnn(C)c5)cc2OC)cn1,CHEMBL3673476,IC50,8.52
7970302,COc1ccc(COc2ccc(Cn3cnc4cc(cnc34)n5cc(nn5)C6CCCNC6)cc2OC)cn1,CHEMBL3673468,IC50,8.52
7970312,Cc1cc(C)cc(c1)C(=O)Nc2ccc(Cl)c(c2)C(=O)Nc3cncs3,CHEMBL461573,IC50,8.52
1177331,Cc1cccc(C)c1\C=C\n2cnc3c(Nc4ccc(cc4)P(=O)(C)C)ncnc23,CHEMBL488840,IC50,8.52
480799,Cc1cccc(NC(=O)Nc2ccc(cc2)c3csc4ncnc(N)c34)c1,CHEMBL196363,IC50,8.52
7970327,Clc1cc(Cl)cc(c1)C(=O)Nc2ccc(Cl)c(c2)C(=O)Nc3cccnc3,CHEMBL459674,IC50,8.52
7970338,Clc1ccc(cc1Cl)C(=O)Nc2ccc(Cl)c(c2)C(=O)Nc3cccnc3,CHEMBL461365,IC50,8.52
7970349,FC(F)(F)c1cccc(c1)C(=O)Nc2ccc(Cl)c(c2)C(=O)Nc3cncs3,CHEMBL517437,IC50,8.52
480424,Nc1n[nH]c2nccc(c3ccc(NC(=O)Nc4cccc(c4)C(F)(F)F)cc3)c12,CHEMBL255955,IC50,8.52
7970362,O=C(Nc1ccc(cc1N2CCCCC2)n3ccnc3)c4oc(cc4)C#N,CHEMBL253027,IC50,8.52
7970373,O=C(Nc1ccc(cc1C2=CCCCC2)C3CNS(=O)(=O)NC3)c4nc(c[nH]4)C#N,CHEMBL1171606,IC50,8.54
7970384,CN(C)C(=O)c1ccc(NC(=O)c2nc(c[nH]2)C#N)c(c1)C3=CCC(C)(C)CC3,CHEMBL3086163,IC50,8.55
480843,Cc1cccc(NC(=O)Nc2ccc(cc2)c3csc4c(cnc(N)c34)c5cn[nH]c5)c1,CHEMBL1969102,IC50,8.56
7970396,NC(=O)CCc1ccc(NC(=O)c2nc(c[nH]2)C#N)c(c1)C3=CCCCC3,CHEMBL3085980,IC50,8.57
7970407,O=C(Nc1ccc(cc1C2=CCCCC2)C3CCN(CC3)C(=O)c4cccnc4)c5nc(c[nH]5)C#N,CHEMBL2158231,IC50,8.57
7970418,CC1(C)CCC(=CC1)c2cc(CCS(=O)(=O)NN)ccc2NC(=O)c3nc(c[nH]3)C#N,CHEMBL3086178,IC50,8.59
7970429,CS(=O)(=O)CC(=O)N1CCC(CC1)c2ccc(NC(=O)c3nc(c[nH]3)C#N)c(c2)C4=CCCCC4,CHEMBL2158290,IC50,8.59
7970440,CC1(C)CCC(=CC1)c2cc(ccc2NC(=O)c3nc(c[nH]3)C#N)C4CNC(=NC#N)NC4,CHEMBL1170997,IC50,8.6
7970453,CCc1ccc(cc1)C2=C(C(=O)Nc3ccc(cc23)C#N)c4cnc(C)[nH]4,CHEMBL273198,IC50,8.6
7970464,O=C(Cc1ccccn1)N2CCC(CC2)c3ccc(NC(=O)c4nc(c[nH]4)C#N)c(c3)C5=CCCCC5,CHEMBL2158295,IC50,8.6
7970476,CC(=O)N1CCC(CC1)c2ccc(NC(=O)c3ncc(C#N)[nH]3)c(c2)C4=CCCCC4,CHEMBL256712,IC50,8.62
7970487,CC1(C)CCC(=CC1)c2cc(CC(=O)NCCCO)ccc2NC(=O)c3nc(c[nH]3)C#N,CHEMBL3086172,IC50,8.62
7970498,CONC(=O)C1=CN(c2ccc3CCCc3c2)c4nc(Nc5ccc(CCS(=O)(=O)NC(=O)C)cc5)ncc4C1=O,CHEMBL444454,IC50,8.62
7970509,NS(=O)(=O)CCc1ccc(NC(=O)c2nc(c[nH]2)C#N)c(c1)C3=CCCCC3,CHEMBL3085982,IC50,8.62
1720337,O=C(Nc1ccc(cc1C2=CCCCC2)C3CCN(Cc4ccccn4)CC3)c5nc(c[nH]5)C#N,CHEMBL2158224,IC50,8.62
7970522,CC1(C)CCC(=CC1)c2cc(ccc2NC(=O)c3nc(c[nH]3)C#N)S(=O)(=O)C,CHEMBL3086166,IC50,8.64
7970533,CN1CCN(CC1)C(C)(C)c2ccc(NC(=O)c3nc(c[nH]3)C#N)c(c2)C4=CCC(C)(C)CC4,CHEMBL3085830,IC50,8.64
7970544,O=C(Nc1ccc(cc1C2=CCCCC2)C3CNC(=O)NC3)c4nc(c[nH]4)C#N,CHEMBL1170785,IC50,8.64
7970555,O=C(Nc1ccc(cc1C2=CCCCC2)c3cccnc3)c4nc(c[nH]4)C#N,CHEMBL1172528,IC50,8.64
7970566,CC1(C)CCC(=CC1)c2cc(ccc2NC(=O)c3nc(c[nH]3)C#N)C(=O)N,CHEMBL3086162,IC50,8.66
6765769,CONC(=O)C1=CN(c2ccc3CCCc3c2)c4nc(Nc5ccc(cc5)C6CCN(CC(=O)O)CC6)ncc4C1=O,CHEMBL452965,IC50,8.66
7970580,COc1ccc(COc2ccc(Cc3cnc(N)nc3N)cc2OC)cc1,CHEMBL261849,Kd,8.66
7970591,CCc1ccc(cc1)C2=C(C(=O)Nc3ccc(Cl)cc23)c4cnc(C)[nH]4,CHEMBL403661,IC50,8.68
7970602,CN(C)CCOC(C)(C)c1ccc(NC(=O)c2nc(c[nH]2)C#N)c(c1)C3=CCC(C)(C)CC3,CHEMBL3086316,IC50,8.68
7970613,COCCN(C)C(C)(C)c1ccc(NC(=O)c2nc(c[nH]2)C#N)c(c1)C3=CCC(C)(C)CC3,CHEMBL3086321,IC50,8.68
7970624,CC(C)(CN1CCN(CCO)CC1)c2ccc(NC(=O)c3nc(c[nH]3)C#N)c(c2)C4=CCC(C)(C)CC4,CHEMBL3085975,IC50,8.7
7970635,CC(C)(CO)c1ccc(NC(=O)c2nc(c[nH]2)C#N)c(c1)C3=CCC(C)(C)CC3,CHEMBL3085969,IC50,8.7
7970646,CC1(C)CCC(=CC1)c2cc(Cc3nnn[nH]3)ccc2NC(=O)c4nc(c[nH]4)C#N,CHEMBL3086160,IC50,8.7
7970657,CC1CCN(CC1)c2cc(\C=C\C(=O)O)ccc2NC(=O)c3oc(cc3)C#N,CHEMBL261699,IC50,8.7
7970668,CN1CCN(CC1)c2ccc(NC(=O)c3cc(c[nH]3)C#N)c(c2)N4CCCCC4,CHEMBL399763,IC50,8.7
7970679,COc1cc2ncc(C(=O)N)c(Nc3ccc(Cl)c(Cl)c3)c2cc1N4CCN(C)CC4,CHEMBL481423,IC50,8.7
527450,COc1ccc(COc2ccc(Cn3c(N)nc4cc(ccc34)c5ccncc5)cc2OC)cc1,CHEMBL3673438,IC50,8.7
529588,COc1ccc(COc2ccc(Cn3c(N)nc4cc(ccc34)c5cnn(C)c5)cc2OC)cc1,CHEMBL3673436,IC50,8.7
529850,COc1ccc(COc2ccc(Cn3c(N)nc4cc(cnc34)c5ccc(nc5)P(=O)(C)C)cc2OC)cc1,CHEMBL3673453,IC50,8.7
529160,COc1ccc(COc2ccc(Cn3c(N)nc4cc(cnc34)c5ccncc5)cc2OC)cn1,CHEMBL3673486,IC50,8.7
529913,COc1ccc(COc2ccc(Cn3c(N)nc4cc(cnc34)c5cnn(C)c5)cc2OC)cc1,CHEMBL3673452,IC50,8.7
527827,COc1ccc(COc2ccc(Cn3cnc4cc(ccc34)c5cnn(c5)C6CCNCC6)cc2OC)cn1,CHEMBL3673442,IC50,8.7
529597,COc1ccc(COc2ccc(Cn3cnc4cc(cnc34)c5cnn(c5)C6CCNCC6)cc2OC)cn1,CHEMBL3673462,IC50,8.7
7970697,C[C@H](Nc1cncc(Cl)n1)c2cccc(NC(=O)c3cc(C)ccc3F)c2,CHEMBL474695,IC50,8.7
479427,C[C@H](Nc1cncc(Cl)n1)c2cccc(NC(=O)c3cccc(C)c3)c2,CHEMBL504075,IC50,8.7
479324,Cc1cccc(NC(=O)Nc2ccc(cc2)c3cncc4c3c(N)nn4C)c1,CHEMBL404367,IC50,8.7
5641721,Cc1ccnc(c1)C(=O)Nc2ccc(NC(=O)Nc3cc(on3)C(C)(C)C)cc2,CHEMBL2203429,Kd,8.7
6986558,Cn1cc(cn1)c2cnc(N)c3c(csc23)c4ccc(NC(=O)Nc5cccc(F)c5)cc4,CHEMBL1970317,Ki,8.7
7970716,CC(C)(O)c1ccc(NC(=O)c2nc(c[nH]2)C#N)c(c1)C3=CCC(C)(C)CC3,CHEMBL3086315,IC50,8.72
7970727,CC(C)(OCCN1CCOCC1)c2ccc(NC(=O)c3nc(c[nH]3)C#N)c(c2)C4=CCC(C)(C)CC4,CHEMBL3086318,IC50,8.72
7970738,CC1(C)CCC(=CC1)c2cc(ccc2NC(=O)c3nc(c[nH]3)C#N)S(=O)(=O)N,CHEMBL3086167,IC50,8.72
7970749,CN1CC(CN(C)C1=NS(=O)(=O)C)c2ccc(NC(=O)c3nc(c[nH]3)C#N)c(c2)C4=CCC(C)(C)CC4,CHEMBL1169980,IC50,8.72
5641487,CC(C)(C)c1onc(NC(=O)Nc2ccc(NC(=O)c3cc(OC4CCNCC4)ccn3)cc2)c1,CHEMBL2203431,Kd,8.75
5641970,CC(C)(C)c1onc(NC(=O)Nc2ccc(NC(=O)c3ccc(OC4CC(C)(C)NC(C)(C)C4)cn3)cc2)c1,CHEMBL2206279,Kd,8.75
479349,COc1cc2c(Oc3ccc(NC(=O)C4(CC4)C(=O)Nc5ccc(F)cc5)cc3F)ccnc2cc1OCCCN6CCOCC6,CHEMBL1230609,Kd,8.75
7970766,O=C(Nc1ccc(cc1C2=CCCCC2)C3CCN(CCC#N)CC3)c4nc(c[nH]4)C#N,CHEMBL2158223,IC50,8.75
7970777,CC(=O)N1CCN(CC1)C(C)(C)c2ccc(NC(=O)c3nc(c[nH]3)C#N)c(c2)C4=CCC(C)(C)CC4,CHEMBL3085832,IC50,8.77
7970788,CC1(C)CCC(=CC1)c2cc(CCC(=O)N)ccc2NC(=O)c3nc(c[nH]3)C#N,CHEMBL3085981,IC50,8.77
7970799,CN1CC(CN(C)S1(=O)=O)c2ccc(NC(=O)c3nc(c[nH]3)C#N)c(c2)C4=CCCCC4,CHEMBL1171607,IC50,8.77
7970810,CONC(=O)C1=CN(c2ccc3CCCc3c2)c4nc(Nc5ccc(CCN6CCC(F)(F)CC6)cc5)ncc4C1=O,CHEMBL455591,IC50,8.77
7970821,O=C(CCN1CCOCC1)N2CCC(CC2)c3ccc(NC(=O)c4nc(c[nH]4)C#N)c(c3)C5=CCCCC5,CHEMBL2158298,IC50,8.77
7970832,O=C(Cc1cccnc1)N2CCC(CC2)c3ccc(NC(=O)c4nc(c[nH]4)C#N)c(c3)C5=CCCCC5,CHEMBL2158296,IC50,8.77
7970843,CC1(C)CCC(=CC1)c2cc(CCS(=O)(=O)N)ccc2NC(=O)c3nc(c[nH]3)C#N,CHEMBL3086176,IC50,8.8
5641875,Cc1ccc(nc1)C(=O)Nc2ccc(NC(=O)Nc3cc(on3)C(C)(C)C)cc2,CHEMBL2203430,Kd,8.8
7970856,Cn1cnc(CC(=O)N2CCC(CC2)c3ccc(NC(=O)c4nc(c[nH]4)C#N)c(c3)C5=CCCCC5)c1,CHEMBL2158294,IC50,8.8
7970867,OCC(CO)N1CCC(CC1)c2ccc(NC(=O)c3nc(c[nH]3)C#N)c(c2)C4=CCCCC4,CHEMBL2158226,IC50,8.8
7970878,CC(C)(CNCCS(=O)(=O)C)c1ccc(NC(=O)c2nc(c[nH]2)C#N)c(c1)C3=CCC(C)(C)CC3,CHEMBL3085974,IC50,8.82
7970889,CC(C)(NCCS(=O)(=O)C)c1ccc(NC(=O)c2nc(c[nH]2)C#N)c(c1)C3=CCC(C)(C)CC3,CHEMBL3086322,IC50,8.82
7970900,CC1(C)CCC(=CC1)c2cc(ccc2NC(=O)c3nc(c[nH]3)C#N)C(=O)O,CHEMBL3086164,IC50,8.82
7970911,CCN1CCN(CC1)C(C)(C)c2ccc(NC(=O)c3nc(c[nH]3)C#N)c(c2)C4=CCC(C)(C)CC4,CHEMBL3085831,IC50,8.82
6765875,CS(=O)(=O)CCN1CCC(CC1)c2ccc(NC(=O)c3nc(c[nH]3)C#N)c(c2)C4=CCCCC4,CHEMBL2158227,IC50,8.82
7970924,[O-][n+]1ccc(cc1)c2ccc(NC(=O)c3nc(c[nH]3)C#N)c(c2)C4=CCCCC4,CHEMBL1172345,IC50,8.82
7970935,CC(O)c1ccc(NC(=O)c2nc(c[nH]2)C#N)c(c1)C3=CCC(C)(C)CC3,CHEMBL3086165,IC50,8.85
7970946,CNC(=O)C1=CN(c2ccc3CCCc3c2)c4nc(Nc5ccc(CCN6CCOCC6)cc5)ncc4C1=O,CHEMBL472403,IC50,8.85
7970957,NC(=O)CN1CCC(CC1)c2ccc(NC(=O)c3nc(c[nH]3)C#N)c(c2)C4=CCCCC4,CHEMBL2158228,IC50,8.85
7970968,O=C(Nc1ccc(CCN2CCOCC2)cc1C3=CCCCC3)c4nc(c[nH]4)C#N,CHEMBL3086175,IC50,8.85
7970979,[O-][n+]1cccc(c1)C(=O)N2CCC(CC2)c3ccc(NC(=O)c4nc(c[nH]4)C#N)c(c3)C5=CCCCC5,CHEMBL2158291,IC50,8.85
7970990,[O-][n+]1cccc(c1)c2ccc(NC(=O)c3nc(c[nH]3)C#N)c(c2)C4=CCCCC4,CHEMBL1172347,IC50,8.85
480852,COc1ccc(NC(=O)Nc2ccc(cc2)c3csc4c(cnc(N)c34)c5cnn(C[C@H](O)CO)c5)cc1,CHEMBL3646211,IC50,8.87
5641930,CC(C)(C)c1onc(NC(=O)Nc2ccc(NC(=O)c3ccc(OC4CCN(CC4)C5CC5)cn3)cc2)c1,CHEMBL2203438,Kd,8.89
7971004,CC(C)(N)C(=O)N1CCC(CC1)c2ccc(NC(=O)c3nc(c[nH]3)C#N)c(c2)C4=CCCCC4,CHEMBL2158301,IC50,8.89
6766392,COCCN1CCN(CC1)C(C)(C)c2ccc(NC(=O)c3nc(c[nH]3)C#N)c(c2)C4=CCC(C)(C)CC4,CHEMBL3085834,IC50,8.89
7971017,CONC(=O)C1=CN(c2ccc3CCCc3c2)c4nc(Nc5ccc(CCN6CCOCC6)cc5)ncc4C1=O,CHEMBL522834,IC50,8.89
7971028,CONC(=O)C1=CN(c2ccc3CCCc3c2)c4nc(Nc5ccc(cc5)C6CCN(CCO)CC6)ncc4C1=O,CHEMBL451931,IC50,8.89
7971039,O=C(Cc1ccncc1)N2CCC(CC2)c3ccc(NC(=O)c4nc(c[nH]4)C#N)c(c3)C5=CCCCC5,CHEMBL2158297,IC50,8.89
7971050,OC(=O)CN1CCC(CC1)c2ccc(NC(=O)c3nc(c[nH]3)C#N)c(c2)C4=CCCCC4,CHEMBL2158229,IC50,8.89
7971061,[O-][n+]1ccc(cc1)C(=O)N2CCC(CC2)c3ccc(NC(=O)c4nc(c[nH]4)C#N)c(c3)C5=CCCCC5,CHEMBL2158292,IC50,8.89
7971072,CC(C)(NCCN1CCOCC1)c2ccc(NC(=O)c3nc(c[nH]3)C#N)c(c2)C4=CCC(C)(C)CC4,CHEMBL3085976,IC50,8.92
6763578,CC(C)(OCCN1CCCC1)c2ccc(NC(=O)c3nc(c[nH]3)C#N)c(c2)C4=CCC(C)(C)CC4,CHEMBL3086317,IC50,8.92
5641842,CC(C)N1CCC(CC1)Oc2ccc(nc2)C(=O)Nc3ccc(NC(=O)Nc4cc(on4)C(C)(C)C)cc3,CHEMBL2203435,Kd,8.92
7971087,CNC(=O)C1=CN(c2ccc3CCCc3c2)c4nc(Nc5ccc(CCN6CCN(C)CC6)cc5)ncc4C1=O,CHEMBL511484,IC50,8.92
7971098,OC[C@@H](O)C(=O)N1CCC(CC1)c2ccc(NC(=O)c3nc(c[nH]3)C#N)c(c2)C4=CCCCC4,CHEMBL2158287,IC50,8.92
5641919,CC(C)(C)N1CCC(CC1)Oc2ccc(nc2)C(=O)Nc3ccc(NC(=O)Nc4cc(on4)C(C)(C)C)cc3,CHEMBL2203437,Kd,8.95
7971111,O=C(Cc1c[nH]cn1)N2CCC(CC2)c3ccc(NC(=O)c4nc(c[nH]4)C#N)c(c3)C5=CCCCC5,CHEMBL2158293,IC50,8.96
525702,O=C(Nc1ccc(cc1C2=CCCCC2)C3CCN(CCN4CCOCC4)CC3)c5nc(c[nH]5)C#N,CHEMBL2158230,IC50,8.96
7971124,OC(=O)C(F)(F)F.O=C(Nc1ccc(cc1C2=CCCCC2)C3CCNCC3)c4nc(c[nH]4)C#N,CHEMBL2158221,IC50,8.96
6763568,OCCN1CCC(CC1)c2ccc(NC(=O)c3nc(c[nH]3)C#N)c(c2)C4=CCCCC4,CHEMBL2158225,IC50,8.96
7971137,CC1CCN(CC1)c2cc(ccc2NC(=O)c3cc(c[nH]3)C#N)N4CCNCC4,CHEMBL254908,IC50,9.0
7971148,CC1CCN(CC1)c2cc(ccc2NC(=O)c3oc(cc3)C#N)N4CCN(C)CC4,CHEMBL252436,IC50,9.0
5641941,CCN1CCC(Cc2ccc(nc2)C(=O)Nc3ccc(NC(=O)Nc4cc(on4)C(C)(C)C)cc3)CC1,CHEMBL2203427,Kd,9.0
7971161,CN(CCO)CC(=O)N1CCC(CC1)c2ccc(NC(=O)c3nc(c[nH]3)C#N)c(c2)C4=CCCCC4,CHEMBL2158289,IC50,9.0
527642,COc1ccc(COc2ccc(Cn3c(N)nc4cc(ccc34)c5ccc(nc5)P(=O)(C)C)cc2OC)cc1,CHEMBL3673440,IC50,9.0
7971173,O=C(Nc1ccc(cc1C2=CCCCC2)C3CC(=O)NC(=O)C3)c4nc(c[nH]4)C#N,CHEMBL1171777,IC50,9.0
7971184,O=C(Nc1ccc(cc1C2=CCCCC2)C3CCNCC3)c4nc(c[nH]4)C#N,CHEMBL257154,IC50,9.0
7971195,CC(C)(N1CCOCC1)c2ccc(NC(=O)c3nc(c[nH]3)C#N)c(c2)C4=CCC(C)(C)CC4,CHEMBL3085828,IC50,9.05
7971206,CC1CCN(CC1)c2cc(ccc2NC(=O)c3oc(cc3)C#N)N4CCN(CC4)S(=O)(=O)C,CHEMBL254910,IC50,9.05
7971217,CN1CC(CN(C)C1=O)c2ccc(NC(=O)c3nc(c[nH]3)C#N)c(c2)C4=CCCCCC4,CHEMBL1171605,IC50,9.05
2338165,COc1cc(Oc2ccnc3cc(OC)c(OC)cc23)ccc1NC(=O)NC(C)c4nccs4,CHEMBL1908396,Kd,9.08
7971230,OCCNCC(=O)N1CCC(CC1)c2ccc(NC(=O)c3nc(c[nH]3)C#N)c(c2)C4=CCCCC4,CHEMBL2158288,IC50,9.08
7971241,CC1(C)CCC(=CC1)c2cc(CCN3CCOCC3)ccc2NC(=O)c4nc(c[nH]4)C#N,CHEMBL3085978,IC50,9.1
7971252,CC1(C)CCC(=CC1)c2cc(CN3CCN(CCO)CC3)ccc2NC(=O)c4nc(c[nH]4)C#N,CHEMBL3085984,IC50,9.1
7971263,CC1(C)CCC(=CC1)c2cc(ccc2NC(=O)c3nc(c[nH]3)C#N)C4CC(=O)NC(=O)C4,CHEMBL1171385,IC50,9.1
526966,CC1CCN(CC1)c2cc(ccc2NC(=O)c3cc(c[nH]3)C#N)N4CCN(C)CC4,CHEMBL254702,IC50,9.1
7971276,CC1CCN(CC1)c2cc(ccc2NC(=O)c3oc(cc3)C#N)C4=CCNCC4,CHEMBL255443,IC50,9.1
7971287,CC1CCN(CC1)c2cc(ccc2NC(=O)c3oc(cc3)C#N)C4CCN(CC4)C(=O)C,CHEMBL257620,IC50,9.1
7971298,CCN1CCCC(O)(C1)c2cccc(Nc3ncc4C(=O)C(=CN(c5ccc6CCCc6c5)c4n3)C(=O)NOC)c2,CHEMBL448339,IC50,9.1
7971309,CN1CCN(CC1)c2ccc(NC(=O)c3oc(cc3)C#N)c(c2)N4CCCCC4,CHEMBL398509,IC50,9.1
7971320,CONC(=O)C1=CN(c2ccc3CCCc3c2)c4nc(Nc5ccc(CCN6CCN(C)C(=O)C6)cc5)ncc4C1=O,CHEMBL508935,IC50,9.1
7971331,CONC(=O)C1=CN(c2ccc3CCCc3c2)c4nc(Nc5ccc(CCN6CCNC(=O)C6)cc5)ncc4C1=O,CHEMBL448117,IC50,9.1
7971342,CC(=O)NCCNC(C)(C)c1ccc(NC(=O)c2nc(c[nH]2)C#N)c(c1)C3=CCC(C)(C)CC3,CHEMBL3085977,IC50,9.16
6765725,CC(C)(N1CCN(CCO)CC1)c2ccc(NC(=O)c3nc(c[nH]3)C#N)c(c2)C4=CCC(C)(C)CC4,CHEMBL3085833,IC50,9.16
7971355,CC1CCN(CC1)c2cc(ccc2NC(=O)c3cc(c[nH]3)C#N)N4CCN(CC4)C(=O)C,CHEMBL254909,IC50,9.16
525934,CN(C)CC(=O)N1CCC(CC1)c2ccc(NC(=O)c3nc(c[nH]3)C#N)c(c2)C4=CCCCC4,CHEMBL1908842,IC50,9.16
7971368,CN1CCN(CCc2ccc(Nc3ncc4C(=O)C(=CN(c5ccc6CCCc6c5)c4n3)C(=O)NCCO)cc2)CC1,CHEMBL451918,IC50,9.16
6766403,CONC(=O)C1=CN(c2ccc3CCCc3c2)c4nc(Nc5ccc(CCN6CCN(C)CC6)cc5)ncc4C1=O,CHEMBL505830,IC50,9.16
7971381,CONC(=O)C1=CN(c2ccc3CCCc3c2)c4nc(Nc5ccc(cc5)C6CCN(C)CC6(F)F)ncc4C1=O,CHEMBL445519,IC50,9.16
7971392,O=C(Nc1ccc(cc1N2CCCCC2)N3CCS(=O)(=O)CC3)c4oc(cc4)C#N,CHEMBL252822,IC50,9.16
7971403,OCCNC(=O)N1CCC(CC1)c2ccc(NC(=O)c3nc(c[nH]3)C#N)c(c2)C4=CCCCC4,CHEMBL2158302,IC50,9.16
38372,CSc1cccc(Nc2ncc3C=C(C(=O)N(C)c3n2)c4c(Cl)cccc4Cl)c1,CHEMBL386051,Kd,9.17
6766439,CC(C)(N)CC(=O)N1CCC(CC1)c2ccc(NC(=O)c3nc(c[nH]3)C#N)c(c2)C4=CCCCC4,CHEMBL2158300,IC50,9.21
5641810,CC(C)(C)c1onc(NC(=O)Nc2ccc(NC(=O)c3ccc(OC4CCNCC4)cn3)cc2)c1,CHEMBL2203433,Kd,9.22
7971420,CC1CCN(CC1)c2cc(ccc2NC(=O)c3oc(cc3)C#N)N4CCN(CCO)CC4,CHEMBL398237,IC50,9.22
7971431,COCCNC(C)(C)c1ccc(NC(=O)c2nc(c[nH]2)C#N)c(c1)C3=CCC(C)(C)CC3,CHEMBL3086320,IC50,9.22
7971442,COCCNCC(C)(C)c1ccc(NC(=O)c2nc(c[nH]2)C#N)c(c1)C3=CCC(C)(C)CC3,CHEMBL3085973,IC50,9.22
7971453,CC(C)ONC(=O)C1=CN(c2ccc3CCCc3c2)c4nc(Nc5ccc(CCN6CCN(C)CC6)cc5)ncc4C1=O,CHEMBL509044,IC50,9.3
7971464,CCONC(=O)C1=CN(c2ccc3CCCc3c2)c4nc(Nc5ccc(CCN6CCN(C)CC6)cc5)ncc4C1=O,CHEMBL451575,IC50,9.3
7971475,CN1C(=O)CC(CC1=O)c2ccc(NC(=O)c3nc(c[nH]3)C#N)c(c2)C4=CCCCC4,CHEMBL1170784,IC50,9.3
7971486,CN1CC(CN(C)C1=O)c2ccc(NC(=O)c3nc(c[nH]3)C#N)c(c2)C4=CCCCC4,CHEMBL1170786,IC50,9.3
7971497,CONC(=O)C1=CN(c2ccc3CCCc3c2)c4nc(Nc5ccc(cc5)C6CCNCC6)ncc4C1=O,CHEMBL489298,IC50,9.3
7971508,CC1CCC(=CC1)c2cc(ccc2NC(=O)c3ncc(C#N)[nH]3)C4CCNCC4,CHEMBL402337,IC50,9.4
7971519,CCc1cccc(c1)N2C=C(C(=O)NOC)C(=O)c3cnc(Nc4ccc(cc4)C5CCN(C)CC5)nc23,CHEMBL489881,IC50,9.4
7971530,CN1CC(CN(C)C1=NC#N)c2ccc(NC(=O)c3nc(c[nH]3)C#N)c(c2)C4=CCC(C)(C)CC4,CHEMBL3349454,IC50,9.4
7971541,CONC(=O)C1=CN(C2CCC(C)(C)CC2)c3nc(Nc4ccc(cc4)C5CCN(C)CC5)ncc3C1=O,CHEMBL521580,IC50,9.4
5640273,CONC(=O)C1=CN(c2ccc3CCCc3c2)c4nc(Nc5ccc(cc5)C6CCN(C)CC6)ncc4C1=O,CHEMBL492809,IC50,9.4
7971554,CC1CCN(CC1)c2cc(ccc2NC(=O)c3oc(cc3)C#N)C4CCNCC4,CHEMBL438533,IC50,9.52
7971565,CCc1ccc(cc1)N2C=C(C(=O)NOC)C(=O)c3cnc(Nc4ccc(cc4)C5CCN(C)CC5)nc23,CHEMBL489684,IC50,9.52
7971576,CN1CC(CN(C)C1=O)c2ccc(NC(=O)c3nc(c[nH]3)C#N)c(c2)C4=CCC(C)(C)CC4,CHEMBL1171604,IC50,9.52
