id,smiles,name,assay_type,activity_value
7384191,COCCNC1CCN(CC1)c2cc(cc(Nc3nc(NC4CC4)c5ncc(C#N)n5n3)c2Cl)C#N,CHEMBL3699249,IC50,7.6
7384202,Cn1c(SCC(=O)O)nc2c(Br)c(Br)c(Br)c(Br)c12,CHEMBL1928905,Ki,7.62
7384213,CN(C)c1nc2c(Br)c(Br)c(Br)c(Br)c2n1CC(=O)O,CHEMBL1233807,Ki,7.68
7384223,FC(F)(F)CNC1CCN(CC1)c2cc(cc(Nc3nc(NC4CC4)c5ncc(C#N)n5n3)c2Cl)C#N,CHEMBL3699246,IC50,7.68
7384233,Ic1c(I)c(I)c2[nH]cnc2c1I,CHEMBL595730,Ki,7.68
7384243,CN1C(C)(C)CC(CC1(C)C)Oc2cc(F)c(Nc3nc(NC4CC4)c5ncc(C#N)n5n3)cc2C#N,CHEMBL3699298,IC50,7.71
7384253,COc1ccc(cc1)C(=O)Nc2ncc(s2)c3ccc(cc3OCc4ccc(Cl)cc4)C(=O)O,CHEMBL3759193,IC50,7.72
7384263,CC1(C)CC(CC(C)(C)N1)Oc2cc(F)c(Nc3nc(NC4CC4)c5ncc(C#N)n5n3)cc2C#N,CHEMBL3699299,IC50,7.8
7384272,CC(C)NC1CCN(CC1)c2cc(cc(Nc3nc(NC4CC4)c5ncc(C#N)n5n3)c2Cl)C#N,CHEMBL3699243,IC50,7.81
478842,COc1cc(Nc2ncc(F)c(Nc3ccc4OC(C)(C)C(=O)Nc4n3)n2)cc(OC)c1OC,CHEMBL475251,Kd,7.85
7384284,COc1ccc(cc1)C(=O)Nc2ncc(s2)c3ccc(cc3OCc4ccccc4Br)C(=O)O,CHEMBL3758777,IC50,7.85
7384295,COc1ccc(cc1)C(=O)Nc2ncc(s2)c3ccc(cc3OCc4ccccc4OC)C(=O)O,CHEMBL3758895,IC50,7.89
7384306,COc1ccc(cc1)C(=O)Nc2ncc(s2)c3ccc(cc3COc4ccccc4)C(=O)O,CHEMBL3760064,IC50,7.92
7384317,COc1ccc(cc1)C(=O)Nc2ncc(s2)c3ccc(cc3OCc4ccccc4)C(=O)O,CHEMBL3758270,IC50,7.92
7384328,COc1ccc(cc1)C(=O)Nc2ncc(s2)c3ccc(cc3)C(=O)O,CHEMBL2087023,IC50,7.96
7384339,COc1ccc(cc1)C(=O)Nc2ncc(s2)c3ccc(cc3OCCc4ccccc4)C(=O)O,CHEMBL3760009,IC50,7.96
7384350,COc1ccc(cc1)C(=O)Nc2ncc(s2)c3ccc(cc3OCc4ccccc4C#N)C(=O)O,CHEMBL3759349,IC50,7.96
2264169,OC(=O)c1ccc2c(c1)nc(Nc3cccc(Cl)c3)c4ccncc24,CHEMBL1230165,IC50,7.96
7384363,COc1ccc(cc1)C(=O)Nc2ncc(s2)c3ccc(cc3Oc4ccccc4)C(=O)O,CHEMBL3758519,IC50,8.0
7384374,COc1ccc(cc1)C(=O)Nc2ncc(s2)c3ccc(cn3)C(=O)O,CHEMBL3759755,IC50,8.0
7384385,COc1ccc(cc1)C(=O)Nc2ncc(s2)c3ccc(cc3OCc4ccccc4Cl)C(=O)O,CHEMBL3759512,IC50,8.01
395187,COc1ccc(cc1)C(=O)Nc2ncc(s2)c3ccc(cc3OCc4ccccn4)C(=O)O,CHEMBL3758606,IC50,8.02
7384398,COc1ccc(cc1)C(=O)Nc2ncc(s2)c3ccc(nn3)C(=O)O,CHEMBL3758317,IC50,8.02
7384409,COc1ccc(cc1)C(=O)Nc2ncc(s2)c3ccc(cc3OCc4ccccc4F)C(=O)O,CHEMBL3759871,IC50,8.06
7384419,CC(C)(C)[Si](C)(C)O[C@@H]1CC(CC[C@H]1N)N2CCC(CC2)c3cc(cc(Nc4nc(NC5CC5)c6ncc(C#N)n6n4)c3Cl)C#N,CHEMBL3699263,IC50,8.09
26231,CN[C@@H]1C[C@H]2O[C@@](C)([C@@H]1OC)n3c4ccccc4c5c6CNC(=O)c6c7c8ccccc8n2c7c35,CHEMBL388978,Kd,8.19
7384430,COC1CN(C1)C2CN(C2)c3cc(cc(Nc4nc(NC5CC5)c6ncc(C#N)n6n4)c3Cl)C(F)F,CHEMBL3699270,IC50,8.23
7384439,Clc1cnc(nc1Nc2nc(NC3CC3)c4ncc([N+]#[C-])n4n2)C#N,CHEMBL3699304,IC50,8.29
7384448,CN1CC(CN2CCN(CC2)c3cc(cc(Nc4nc(NC5CC5)c6ncc(C#N)n6n4)c3Cl)C(F)F)C1,CHEMBL3699271,IC50,8.33
7384457,CCNc1nc(Nc2cc(cc(N3CCN(CC3)C4COC4)c2Cl)C(F)F)nn5c(cnc15)[N+]#[C-],CHEMBL3699288,IC50,8.34
7384467,COc1ccc(cc1)C(=O)Nc2ncc(s2)c3ccc(nc3)C(=O)O,CHEMBL3760043,IC50,8.34
7384477,CCN1CCCC1CNC(=O)[C@@H]2CC[C@H](CC2)NC(=O)c3cc(c4ccnc(OC)c4)n5ncnc(N)c35,CHEMBL3681207,IC50,8.41
7384486,COc1cc(ccn1)c2cc(C(=O)N[C@@H]3CC[C@H](CC3)NC(=O)C(C)(C)CN4CCCC4)c5c(N)ncnn25,CHEMBL3681208,IC50,8.43
7384495,COc1cc(ccn1)c2cc(C(=O)N[C@@H]3CC[C@H](CC3)C(=O)O)c4c(N)ncnn24,CHEMBL3681205,IC50,8.44
7384504,COc1cc(ccn1)c2cc(C(=O)N[C@@H]3CC[C@H](CC3)NC(=O)C4(CN)CC4)c5c(N)ncnn25,CHEMBL3681200,IC50,8.44
7384513,COc1cc(ccn1)c2cc(C(=O)N[C@@H]3CC[C@H](CO)CC3)c4c(N)ncnn24,CHEMBL3681203,IC50,8.47
7384522,FC(F)c1cc(Nc2nc(NC3CC3)c4ncc(C#N)n4n2)c(Cl)c(c1)N5CCN(CC5)C6(COC6)C#N,CHEMBL3699272,IC50,8.49
7384531,COc1cc(ccn1)c2cc(C(=O)NC[C@@H]3CC[C@@H](O)CC3)c4c(N)ncnn24,CHEMBL3681204,IC50,8.5
7384540,FC(F)c1cc(Nc2nc(NC3CC3)c4ncc(C#N)n4n2)c(Cl)c(c1)N5CCN(CC5)C6(CS(=O)(=O)c7ccccc7)COC6,CHEMBL3699273,IC50,8.5
7384549,FC(F)c1cc(Nc2nc(NC3CC3)c4ncc(C#N)n4n2)c(Cl)c(c1)N5CCC(CC5)C6COC6,CHEMBL3699275,IC50,8.52
7384558,CCNc1nc(Nc2cc(cc(N3CC[C@@H](NC(=O)OC)[C@H](O)C3)c2Cl)C#N)nn4c(cnc14)[N+]#[C-],CHEMBL3699281,IC50,8.53
7384567,CCOC(=O)NC1CCC(CC1)NC(=O)c2cc(c3ccnc(OC)c3)n4ncnc(N)c24,CHEMBL3681194,IC50,8.55
7384576,Fc1cc(OC2CCNCC2)c(Nc3nc(NC4CC4)c5ncc(C#N)n5n3)cc1C#N,CHEMBL3699302,IC50,8.56
7384585,COc1cc(ccn1)c2cc(C(=O)N[C@@H]3CC[C@H](CC3)NC(=O)C(C)(C)O)c4c(N)ncnn24,CHEMBL3681202,IC50,8.57
3990004,C[C@H](Nc1nc(Nc2cn(C)cn2)c3cc[nH]c3n1)c4ncc(F)cn4,CHEMBL3116050,IC50,8.57
7384596,COc1cc(ccn1)c2cc(C(=O)N[C@@H]3CCCN(C3)C(=O)C4(N)CC4)c5c(N)ncnn25,CHEMBL3681201,IC50,8.6
7384605,C[C@@H](O)Cn1nc(C#N)c2cc(Nc3nc(Nc4nc(C)n(C)n4)c5ncc([N+]#[C-])n5n3)ccc12,CHEMBL3699290,IC50,8.61
7384614,COc1cc(ccn1)c2cc(C(=O)N[C@H]3CCOC3)c4c(N)ncnn24,CHEMBL3681206,IC50,8.66
7384623,FC(F)(F)CCN1CCC(CC1)c2cc(cc(Nc3nc(NC4CC4)c5ncc(C#N)n5n3)c2Cl)C#N,CHEMBL3699265,IC50,8.69
7384632,COC(=O)N[C@@H]1CN(C[C@@H]1C)C2CCN(CC2)c3cc(cc(Nc4nc(NC5CC5)c6ncc(C#N)n6n4)c3Cl)C#N,CHEMBL3699251,IC50,8.79
7384641,Clc1c(Nc2nc(NC3CC3)c4ncc(C#N)n4n2)cc(cc1N5CCC(CC5)NC6CC(C6)C#N)C#N,CHEMBL3699245,IC50,8.82
7384650,CN1C(C)(C)CC(CC1(C)C)Oc2cc(F)c(cc2Nc3nc(NC4CC4)c5ncc(C#N)n5n3)C#N,CHEMBL3699300,IC50,8.85
7384659,Clc1c(Nc2nc(NC3CC3)c4ncc([N+]#[C-])n4n2)cc(cc1N5CCN(C6COC6)C(C5)C(=O)N7CCOCC7)C#N,CHEMBL3699279,IC50,8.88
7384668,CO[C@@H]1CN(C[C@@H]1NC(=O)OC)c2cc(cc(Nc3nc(NC4CC4)c5ncc(C#N)n5n3)c2Cl)C(F)F,CHEMBL3699268,IC50,8.93
7384677,CS(=O)(=O)CCN1CCN(CC1)c2cc(cc(Nc3nc(NC4CC4)c5ncc(C#N)n5n3)c2Cl)C#N,CHEMBL3699241,IC50,9.0
7384686,CCNc1nc(Nc2ccc3c(c2)c(nn3C4CCN(CC4)C5COC5)C#N)nn6c(cnc16)C#N,CHEMBL3699293,IC50,9.03
7384695,COC(=O)N1CCC(CC1)N2CCN(CC2)c3cc(cc(Nc4nc(NC5CC5)c6ncc(C#N)n6n4)c3Cl)C#N,CHEMBL3699240,IC50,9.03
7384704,CN1CC2(C1)CN(C2)c3cc(cc(Nc4nc(NC5CC5)c6ncc(C#N)n6n4)c3Cl)C#N,CHEMBL3699236,IC50,9.06
7384713,Clc1c(NC2CCN(CC2)C3COC3)cc(cc1Nc4nc(NC5CC5)c6ncc(C#N)n6n4)C#N,CHEMBL3699297,IC50,9.09
7384722,CCNc1nc(Nc2cc(cc(C3CCNCC3)c2Cl)C#N)nn4c(cnc14)[N+]#[C-],CHEMBL3699284,IC50,9.12
7384731,OCC1(CO)CC(C1)N2CCC(CC2)c3cc(cc(Nc4nc(NC5CC5)c6ncc(C#N)n6n4)c3Cl)C#N,CHEMBL3699264,IC50,9.12
7384740,CC1(COC1)N2CCN(CC2)c3cc(cc(Nc4nc(NC5CC5)c6ncc(C#N)n6n4)c3Cl)C(F)F,CHEMBL3699274,IC50,9.13
7384749,CCNc1nc(Nc2cc(cc(N3CCN(CC(F)F)CC3)c2Cl)C#N)nn4c(cnc14)C#N,CHEMBL3699303,IC50,9.13
7384758,FC1(F)CC(C1)NC2CCN(CC2)c3cc(cc(Nc4nc(NC5CC5)c6ncc([N+]#[C-])n6n4)c3Cl)C#N,CHEMBL3699242,IC50,9.16
7384767,CN1CCN(CC(=O)N[C@@H]2CCN(C[C@H]2O)c3cc(cc(Nc4nc(NC5CC5)c6ncc(C#N)n6n4)c3Cl)C#N)CC1,CHEMBL3699260,IC50,9.19
7384776,CCNc1nc(Nc2cc(cc(N3CCC(CC3)NC[C@@H](C)O)c2Cl)C#N)nn4c(cnc14)[N+]#[C-],CHEMBL3699285,IC50,9.22
7384785,CN1CCN(CC1)C2CN(C2)c3cc(cc(Nc4nc(NC5CC5)c6ncc([N+]#[C-])n6n4)c3F)C#N,CHEMBL3699287,IC50,9.22
7384794,O[C@@H]1C[C@@H](C1)NC2CCN(CC2)c3cc(cc(Nc4nc(NC5CC5)c6ncc(C#N)n6n4)c3Cl)C#N,CHEMBL3699250,IC50,9.27
7384803,CCNc1nc(Nc2cc(cc(N3CC[C@@H]4[C@@H](C3)OCCN4C5COC5)c2Cl)C#N)nn6c(cnc16)C#N,CHEMBL3699286,IC50,9.28
7384812,COC(=O)N[C@@H]1CN(C[C@H]1C)C2CN(C2)c3cc(cc(Nc4nc(NC5CC5)c6ncc(C#N)n6n4)c3Cl)C#N,CHEMBL3699254,IC50,9.31
7384821,COCCOC(=O)N[C@@H]1CCN(C[C@H]1O)c2cc(cc(Nc3nc(NC4CC4)c5ncc(C#N)n5n3)c2Cl)C#N,CHEMBL3699258,IC50,9.31
7384830,CN1CC(C1)N2CCN(CC2)c3cc(cc(Nc4nc(NC5CC5)c6ncc(C#N)n6n4)c3Cl)C(F)F,CHEMBL3699269,IC50,9.33
7384839,COC(=O)N[C@@H]1CCN(C[C@@H]1F)c2cc(cc(Nc3nc(NC4CC4)c5ncc(C#N)n5n3)c2Cl)C#N,CHEMBL3699277,IC50,9.35
7384848,COC(=O)N[C@H]1CCN(C[C@@H]1O)c2cc(cc(Nc3nc(NC4CC4)c5ncc(C#N)n5n3)c2Cl)C#N,CHEMBL3699257,IC50,9.46
7384857,COC1CCN(C1)C2CN(C2)c3cc(cc(Nc4nc(NC5CC5)c6ncc(C#N)n6n4)c3Cl)C#N,CHEMBL3699253,IC50,9.51
7384866,C[C@@H](O)CN1CCN(CC1)c2cc(cc(Nc3nc(NC4CC4)c5ncc(C#N)n5n3)c2Cl)C#N,CHEMBL3699239,IC50,9.55
7384875,CCNc1nc(Nc2ccc3c(c2)c(nn3C4CCN(C[C@H](C)O)CC4)C#N)nn5c(cnc15)C#N,CHEMBL3699291,IC50,9.57
7384884,COC(=O)N[C@@H]1CCN(C[C@H]1O)c2cc(cc(Nc3nc(NC4CC4)c5ncc(C#N)n5n3)c2Cl)C#N,CHEMBL3699256,IC50,9.57
7384893,Clc1c(Nc2nc(NC3CC3)c4ncc(C#N)n4n2)cc(cc1C5CCN(CC5)C(=O)OC6COC6)C#N,CHEMBL3699267,IC50,9.57
7384902,OC1CN(C1)C2CN(C2)c3cc(cc(Nc4nc(NC5CC5)c6ncc(C#N)n6n4)c3Cl)C#N,CHEMBL3699255,IC50,9.57
7384911,O[C@@H]1CN(CC[C@H]1NC(=O)OC2COC2)c3cc(cc(Nc4nc(NC5CC5)c6ncc(C#N)n6n4)c3Cl)C#N,CHEMBL3699259,IC50,9.59
7384920,CC(=O)N1CC(C1)N2CCC(CC2)c3cc(cc(Nc4nc(NC5CC5)c6ncc(C#N)n6n4)c3Cl)C#N,CHEMBL3699280,IC50,9.6
7384929,CCNc1nc(Nc2cc(cc(N3CCN(CC3)C4COC4)c2Cl)C#N)nn5c(cnc15)C#N,CHEMBL3699296,IC50,9.64
7384938,CN1CCC(=CC1)c2cc(cc(Nc3nc(NC4CC4)c5ncc(C#N)n5n3)c2Cl)C#N,CHEMBL3699262,IC50,9.64
7384947,CCNc1nc(Nc2ccc3c(c2)c(nn3C4CCN(C[C@@H](C)O)CC4)C#N)nn5c(cnc15)C#N,CHEMBL3699292,IC50,9.68
7384956,FC1CN(CCN(C1)c2cc(cc(Nc3nc(NC4CC4)c5ncc([N+]#[C-])n5n3)c2Cl)C#N)C6COC6,CHEMBL3699278,IC50,9.68
7384965,Clc1c(Nc2nc(NC3CC3)c4ncc(C#N)n4n2)cc(cc1N5CCN(CC5)C6CCOC6)C#N,CHEMBL3699238,IC50,9.7
7384974,CC(=O)N1CCC(CC1)c2cc(cc(Nc3nc(NC4CC4)c5ncc(C#N)n5n3)c2Cl)C#N,CHEMBL3699266,IC50,9.8
7384983,Clc1c(Nc2nc(NC3CC3)c4ncc(C#N)n4n2)cc(cc1C=C)C#N,CHEMBL3699294,IC50,9.8
7384992,Clc1c(Nc2nc(NC3CC3)c4ncc(C#N)n4n2)cc(cc1N5CCC(CC5)NC6CCS(=O)(=O)C6)C#N,CHEMBL3699244,IC50,9.82
7385001,CCNc1nc(Nc2cc(cc(N3CC[C@H](NC(=O)OC)[C@@H](O)C3)c2Cl)C#N)nn4c(cnc14)[N+]#[C-],CHEMBL3699282,IC50,9.89
7385010,CS(=O)(=O)C1CCN(C1)C2CN(C2)c3cc(cc(Nc4nc(NC5CC5)c6ncc(C#N)n6n4)c3Cl)C#N,CHEMBL3699252,IC50,9.96
7385019,Clc1c(NN2CCOCC2)cc(cc1Nc3nc(NC4CC4)c5ncc(C#N)n5n3)C#N,CHEMBL3699237,IC50,9.96
7385028,OCc1cc(cc(Nc2nc(NC3CC3)c4ncc(C#N)n4n2)c1Cl)C#N,CHEMBL3699295,IC50,9.96
7385037,COC(=O)N[C@@H]1CCN(C[C@H]1OP(=O)(O)O)c2cc(cc(Nc3nc(NC4CC4)c5ncc(C#N)n5n3)c2Cl)C#N,CHEMBL3699276,IC50,10.05
7385046,Cn1nc(C#N)c2cc(Nc3nc(NC4CC4)c5ncc(C#N)n5n3)ccc12,CHEMBL3699234,IC50,10.05
7385055,OC1CCN(C1)c2cc(cc(Nc3nc(NC4CC4)c5ncc(C#N)n5n3)c2Cl)C#N,CHEMBL3699235,IC50,10.15
7385064,Cc1nc(Nc2nc(Nc3ccc4c(c3)c(nn4C)C#N)nn5c(cnc25)[N+]#[C-])nn1C,CHEMBL3699289,IC50,10.52
