id,smiles,name,assay_type,activity_value
2104820,COc1ccc(cc1OCCNS(=O)(=O)C)c2nc([C@@H](C)Sc3nc(N)cc(N)n3)c(C)s2,CHEMBL3358097,IC50,7.56
2104832,Cc1cc(Cl)ccc1Oc2cc(ncn2)N3CCC(CC3)Oc4ncc(F)c(N)n4,CHEMBL1081544,EC50,7.57
2104844,CCCc1sc(nc1CSc2nc(N)cc(N)n2)c3ccc(OC)c(O)c3,CHEMBL2426568,IC50,7.58
2104855,Nc1nc(OC2CCN(CC2)c3cc(Oc4ccccc4c5ccccc5)ncn3)ncc1F,CHEMBL1081350,EC50,7.59
2104866,COc1ccc(cc1OCCF)c2nc(C(C)Sc3nc(N)cc(N)n3)c(C)s2,CHEMBL3358094,IC50,7.61
2104877,COc1cccc(Oc2cc(ncn2)N3CCC(CC3)Oc4ncc(F)c(N)n4)c1,CHEMBL1076272,IC50,7.64
2104888,NC1=NC(=O)N(C=C1F)[C@H]2CC[C@@H](C2)NC(=O)c3cccc(c3)c4cccc(Cl)c4,CHEMBL1076274,IC50,7.64
2104899,CCCc1sc(nc1CSc2nccc(N)n2)c3ccc(OC)c(OCC(C)(C)O)c3,CHEMBL3358091,IC50,7.66
2104910,Nc1nc(OC2CCN(CC2)c3cc(Oc4cccc(Cl)c4)ncn3)ncc1F,CHEMBL1081352,IC50,7.66
2104921,Cc1c(Oc2ccccc2C#N)ncnc1N3CCC(CC3)Oc4ncc(F)c(N)n4,CHEMBL1080817,IC50,7.68
2104932,Cc1cc(Cl)ccc1c2cccc(c2)C(=O)N[C@H]3CC[C@@H](C3)N4C=C(F)C(=NC4=O)N,CHEMBL1079784,IC50,7.68
2104943,Cc1cc(Cl)ccc1c2cccc(c2)S(=O)(=O)N[C@H]3CC[C@@H](C3)N4C=C(F)C(=NC4=O)N,CHEMBL1079432,IC50,7.68
2104954,Cc1ccc(Oc2cc(ncn2)N3CCC(CC3)Oc4ncc(F)c(N)n4)cc1,CHEMBL1079602,IC50,7.68
2104965,NC1=NC(=O)N(C=C1F)[C@H]2CC[C@@H](C2)NS(=O)(=O)c3cccc(c3)c4ccc(Cl)cc4Cl,CHEMBL1079771,IC50,7.68
2104976,Nc1nc(OC2CCN(CC2)c3ncnc(Oc4ccc(cc4)C#N)c3F)ncc1F,CHEMBL1081727,EC50,7.7
2104987,Cc1ccccc1Oc2cc(ncn2)N3CCC(CC3)Oc4ncc(F)c(N)n4,CHEMBL1079603,EC50,7.72
2104998,Nc1nc(OC2CCN(CC2)c3cc(Oc4ccc(Cl)cc4)ncn3)ncc1F,CHEMBL1081351,IC50,7.72
2105010,CCCc1sc(nc1CSc2nc(N)cc(N)n2)c3ccc(OCCO)c(OCCO)c3,CHEMBL2426567,IC50,7.75
2105021,COc1ccc(cc1OCCF)c2nc(CSc3nc(N)cc(N)n3)c(C)s2,CHEMBL2426588,IC50,7.75
2105032,COc1ccccc1Oc2cc(ncn2)N3CCC(CC3)Oc4ncc(F)c(N)n4,CHEMBL1079601,EC50,7.77
2105043,NC1=NC(=O)N(C=C1F)[C@H]2CC[C@@H](C2)NC(=O)c3cc(ccn3)c4cc5ccccc5s4,CHEMBL1080444,EC50,7.77
2105054,CCCc1sc(nc1C(C)Sc2nc(N)cc(N)n2)c3ccc(OC)c(OCCF)c3,CHEMBL3358093,Ki,7.78
2105066,CCCc1sc(nc1CSc2nc(N)cc(N)n2)c3cccc(OCCNS(=O)(=O)C)c3,CHEMBL2426565,IC50,7.78
2105077,Nc1nc(OC2CCN(CC2)c3cc(Oc4ccccc4F)ncn3)ncc1F,CHEMBL1081901,EC50,7.82
2105089,CCCc1sc(nc1CSc2nc(N)cc(N)n2)c3ccc(OC)c(OCC(C)(C)O)c3,CHEMBL2426573,IC50,7.84
2105101,CCCc1sc(nc1CSc2nc(N)cc(N)n2)c3ccc(OC)c(OCCO)c3,CHEMBL2426570,IC50,7.84
2105113,CCCc1sc(nc1CSc2nc(N)cc(N)n2)c3ccc(OC)c(OCCNS(=O)(=O)C)c3,CHEMBL2426574,IC50,7.85
2105124,CCOc1cc(ccc1OCCOCCOCCOC)c2nc([C@@H](C)Sc3nc(N)cc(N)n3)c(C)s2,CHEMBL3358096,Ki,7.85
2105135,COc1ccc(Oc2ncnc(N3CCC(CC3)Oc4ncc(F)c(N)n4)c2F)cc1,CHEMBL1079379,EC50,7.85
2105146,Nc1nc(OC2CCN(CC2)c3cc(Oc4ccccc4C#N)ncn3)ncc1F,CHEMBL1079906,EC50,7.85
2105157,Nc1nc(OC2CCN(CC2)c3cc(Oc4cccc(c4)C#N)ncn3)ncc1F,CHEMBL1079907,IC50,7.89
2105168,Nc1nc(OC2CCN(CC2)c3cc(Oc4ccccc4Cl)ncn3)ncc1F,CHEMBL1080443,EC50,7.89
2105179,Nc1nc(OC2CCN(CC2)c3ncnc(Oc4cccc(c4)C#N)c3F)ncc1F,CHEMBL1079380,EC50,7.89
2105190,COc1ccc(Oc2cc(ncn2)N3CCC(CC3)Oc4ncc(F)c(N)n4)c(c1)C#N,CHEMBL1080636,EC50,7.92
2105201,CCc1sc(nc1CSc2nc(N)cc(N)n2)c3cccc(F)c3,CHEMBL2426557,IC50,7.96
2105212,CCc1ccccc1Oc2cc(ncn2)N3CCC(CC3)Oc4ncc(F)c(N)n4,CHEMBL1079735,IC50,8.0
2105223,Cc1nc(Oc2ccccc2C#N)cc(n1)N3CCC(CC3)Oc4ncc(F)c(N)n4,CHEMBL1080818,IC50,8.0
2105234,CCCc1sc(nc1CSc2nc(N)cc(N)n2)c3cc(F)cc(OCCNS(=O)(=O)C)c3,CHEMBL2426566,IC50,8.1
2105245,CCc1sc(nc1CSc2nc(N)cc(N)n2)c3ccc(OC)c(OCCF)c3,CHEMBL2426598,IC50,8.16
2105256,COc1ccc(Oc2ncnc(N3CCC(CC3)Oc4ncc(F)c(N)n4)c2F)c(c1)C#N,CHEMBL1081904,EC50,8.3
2105267,Nc1ccnc(OC2CCN(CC2)c3ncnc(Oc4ccccc4C#N)c3F)n1,CHEMBL1081002,EC50,8.3
2105278,Nc1nc(OC2CCN(CC2)c3ncnc(Oc4ccccc4C#N)c3Br)ncc1F,CHEMBL1080092,IC50,8.3
2105289,Nc1nc(OC2CCN(CC2)c3ncnc(Oc4ccccc4C#N)c3F)ncc1F,CHEMBL1080093,EC50,8.4
2105300,CCCc1sc(nc1CSc2nc(N)cc(N)n2)c3ccc(OC)c(OCCF)c3,CHEMBL2426558,IC50,8.52
2105311,Nc1nc(OCCC2CCN(CC2)c3cc(ncn3)c4cc5ccccc5s4)ncc1F,CHEMBL1079768,IC50,8.52
2105322,CCCc1sc(nc1CSc2nccc(N)n2)c3ccc(OC)c(OCCO)c3,CHEMBL2426571,IC50,8.54
2105333,CCCc1sc(nc1CSc2nc(N)cc(N)n2)c3cc(F)cc(OCCO)c3,CHEMBL2426564,IC50,8.55
2105344,CCCc1sc(nc1CSc2nc(N)cc(N)n2)c3ccc(OC)c(OCC(C)O)c3,CHEMBL2426572,IC50,8.55
2105355,CCCc1sc(nc1CSc2nc(N)cc(N)n2)c3cccc(OCCO)c3,CHEMBL2426562,IC50,8.61
2105366,COc1ccc(cc1Oc2ncnc(N3CCC(CC3)Oc4ncc(F)c(N)n4)c2F)C#N,CHEMBL1081903,EC50,8.7
2105377,CCCc1sc(nc1CSc2nc(N)cc(N)n2)c3ccc(OC)c(OCCCO)c3,CHEMBL2426569,IC50,8.81
2105388,CCCc1sc(nc1CSc2nc(N)cc(N)n2)c3ccc(F)c(OCCO)c3,CHEMBL2426563,IC50,8.97
