id,smiles,name,assay_type,activity_value
26212,C[C@]12O[C@H](C[C@]1(O)CO)n3c4ccccc4c5c6C(=O)NCc6c7c8ccccc8n2c7c35,CHEMBL603469,Kd,7.54
26231,CN[C@@H]1C[C@H]2O[C@@](C)([C@@H]1OC)n3c4ccccc4c5c6CNC(=O)c6c7c8ccccc8n2c7c35,CHEMBL388978,Kd,7.55
796225,COc1ccc2c(c1)[nH]c3c(C)nccc23,CHEMBL269538,IC50,7.55
418693,NCCC(NC(=O)c1ccc(Cl)c(NC(=O)C2=Cc3cnc(nc3NC2=O)N4CCC(N)CC4)c1)c5ccccc5,CHEMBL3094436,IC50,7.59
418570,CN(Cc1csc(C)n1)c2ncnc3ccc(cc23)c4ccc5OCOc5c4,CHEMBL1474834,IC50,7.6
796240,CN1CCN(CC1)c2ccc(Nc3ncc(Cl)c(n3)c4c[nH]c5cnccc45)cc2,CHEMBL3421973,IC50,7.6
418514,COC(=N)c1nc2ccc3ncnc(Nc4ccc(cc4)C(F)(F)F)c3c2s1,CHEMBL2386769,IC50,7.6
418559,COc1ncc2C=C(C(=O)Nc3cc(ccc3Cl)C(=O)NC(CCCN)c4ccccc4)C(=O)Nc2n1,CHEMBL3094456,IC50,7.68
796255,CS(=O)(=O)c1ccc(cc1)c2nccc(n2)c3c[nH]c4cnccc34,CHEMBL3421975,IC50,7.68
418592,COC(=N)c1nc2ccc3ncnc(Nc4ccc(OC)cc4)c3c2s1,CHEMBL2386761,IC50,7.72
418581,COC(=N)c1nc2ccc3ncnc(Nc4cccc(Cl)c4)c3c2s1,CHEMBL2386751,IC50,7.73
418638,Brc1cc(Br)cc(CNc2nccc(n2)c3ccc4OCOc4c3)c1,CHEMBL2392365,IC50,7.75
796272,Cc1ncc2C=C(C(=O)Nc3cc(ccc3Cl)C(=O)NC(CCN)c4ccccc4)C(=O)Nc2n1,CHEMBL3094438,IC50,7.75
418649,FC(F)(F)c1cccc(Nc2nccc(n2)c3ccc4OCOc4c3)c1,CHEMBL1868723,IC50,7.75
418682,COc1ncc2C=C(C(=O)Nc3cc(ccc3Cl)C(=O)N[C@H](CCN)c4ccccc4)C(=O)Nc2n1,CHEMBL3094460,IC50,7.77
796287,Cc1nccc(n1)c2c[nH]c3cnccc23,CHEMBL3421979,IC50,7.77
796298,COc1cc(ccc1Nc2cc(ncn2)c3c[nH]c4cnccc34)N5CCN(CC5)C(=O)C,CHEMBL3421964,IC50,7.8
796309,Cc1nccc2c(c[nH]c12)c3ccnc(n3)c4ccc(cc4)S(=O)(=O)C,CHEMBL3421977,IC50,7.85
418671,COc1ncc2C=C(C(=O)Nc3cc(ccc3Cl)C(=O)NC(CCN)c4ccccc4)C(=O)Nc2n1,CHEMBL3094455,IC50,7.89
418727,C(Nc1nccc(n1)c2ccc3OCOc3c2)c4cccnc4,CHEMBL1877990,IC50,7.92
796324,Cn1cc(c2ccnc(n2)c3ccc(cc3)S(=O)(=O)C)c4ccncc14,CHEMBL3421976,IC50,7.92
418660,COC(=N)c1nc2ccc3ncnc(Nc4ccc(OC)cc4OC)c3c2s1,CHEMBL2386743,IC50,7.95
418704,COC(=N)c1nc2ccc3ncnc(Nc4ccc(O)c(F)c4)c3c2s1,CHEMBL2386752,IC50,7.96
418627,COc1ncc2C=C(C(=O)Nc3cc(ccc3Cl)C(=O)NC(CCN)c4cccc(Cl)c4)C(=O)Nc2n1,CHEMBL3094462,IC50,7.96
418760,COC(=N)c1nc2ccc3ncnc(Nc4ccc(F)cc4)c3c2s1,CHEMBL2386765,IC50,8.02
796343,COc1cc(ccc1Nc2nccc(n2)c3c[nH]c4cnccc34)N5CCN(CC5)C(=O)C,CHEMBL3421966,IC50,8.05
796354,COc1cc(ccc1Nc2nccc(n2)c3cn(C)c4c(C)nccc34)N5CCN(C)CC5,CHEMBL3421971,IC50,8.05
418715,COc1ncc2C=C(C(=O)Nc3cc(ccc3Cl)C(=O)NC(CN)c4ccccc4)C(=O)Nc2n1,CHEMBL3094454,IC50,8.05
418793,NCCC(NC(=O)c1ccc(Cl)c(NC(=O)C2=Cc3cnc(nc3NC2=O)N4CC5CCC(C4)O5)c1)c6ccccc6,CHEMBL3094437,IC50,8.1
418738,CCOC(=N)c1nc2ccc3ncnc(Nc4ccc5OCOc5c4)c3c2s1,CHEMBL2386754,IC50,8.11
418828,COC(=N)c1nc2ccc3ncnc(Nc4ccc(cc4)C#N)c3c2s1,CHEMBL2386766,IC50,8.11
418782,COC(=O)c1nc2ccc3ncnc(Nc4ccc(Cl)cc4Cl)c3c2s1,CHEMBL2386760,IC50,8.11
796375,C(=C\c1nccc(n1)c2c[nH]c3cnccc23)/c4ccccc4,CHEMBL3421978,IC50,8.16
796386,Cc1nccc(n1)c2cn(Cc3ccccc3)c4cnccc24,CHEMBL3421980,IC50,8.16
418817,Clc1cc(Cl)cc(CNc2nccc(n2)c3ccc4OCOc4c3)c1,CHEMBL2392364,IC50,8.16
418839,COC(=N)c1nc2ccc3ncnc(Nc4ccc(F)cc4Br)c3c2s1,CHEMBL2386770,IC50,8.18
418804,COC(=N)c1nc2ccc3ncnc(Nc4ccc(O)c(c4)[N+](=O)[O-])c3c2s1,CHEMBL2386749,IC50,8.25
796403,COc1cc(ccc1Nc2nccc(n2)c3c[nH]c4c(C)nccc34)N5CCN(C)CC5,CHEMBL3421970,IC50,8.3
418884,COC(=N)c1nc2ccc3ncnc(Nc4ccc(Cl)cc4)c3c2s1,CHEMBL2386762,IC50,8.32
418873,COC(=N)c1nc2ccc3ncnc(Nc4ccc5OCOc5c4)c3c2s1,CHEMBL2386753,IC50,8.38
796418,COc1cc(ccc1Nc2nccc(n2)c3c[nH]c4cnc(C)cc34)N5CCN(C)CC5,CHEMBL3421969,IC50,8.4
796429,COc1cc(ccc1Nc2nccc(n2)c3c[nH]c4cnccc34)N5CCN(C)CC5,CHEMBL3421967,IC50,8.4
418851,Cc1n[nH]c2ccc(cc12)c3cncc(OC[C@@H](N)Cc4ccccc4)c3,CHEMBL379218,Kd,8.41
418862,COC(=N)c1nc2ccc3ncnc(Nc4ccccc4)c3c2s1,CHEMBL2386763,IC50,8.46
796444,COc1cc(ccc1Nc2nccc(n2)c3cn(C)c4cnccc34)N5CCN(C)CC5,CHEMBL3421968,IC50,8.52
796455,c1cc2c(c[nH]c2cn1)c3ccnc4[nH]ccc34,CHEMBL3421981,IC50,8.52
418906,COC(=N)c1nc2ccc3ncnc(Nc4ccc(C)cc4)c3c2s1,CHEMBL2386764,IC50,8.55
796468,CN1CCN(CC1)c2ccc(Nc3cc(ncn3)c4c[nH]c5cnccc45)cc2,CHEMBL3421962,IC50,8.7
418895,COC(=N)c1nc2ccc3ncnc(Nc4ccc(F)cc4Cl)c3c2s1,CHEMBL2386746,IC50,8.79
418917,COC(=N)c1nc2ccc3ncnc(Nc4ccc(F)cc4F)c3c2s1,CHEMBL2386748,IC50,8.97
796483,COc1cc(ccc1Nc2cc(ncn2)c3c[nH]c4cnccc34)N5CCN(C)CC5,CHEMBL3421963,IC50,9.0
418928,COC(=N)c1nc2ccc3ncnc(Nc4ccc(F)cc4OC)c3c2s1,CHEMBL2386745,IC50,9.23
418939,COC(=N)c1nc2ccc3ncnc(Nc4ccc(Cl)cc4Cl)c3c2s1,CHEMBL2386747,IC50,9.55
418950,COC(=N)c1nc2ccc3ncnc(Nc4ccc(Br)cc4F)c3c2s1,CHEMBL2386744,IC50,9.62
