id,smiles,name,assay_type,activity_value
418354,NCCOCCOCCOCCOc1ccc(NC2=N\C(=C/c3ccc4OCOc4c3)\C(=O)N2)cc1,CHEMBL3092863,IC50,7.55
418366,C(Nc1ncnc2ccc(cc12)c3ccc4OCOc4c3)C5CCOC5,CHEMBL1436585,Kd,7.57
418378,C(Nc1ncnc2ccc(cc12)c3ccc4OCOc4c3)c5cccs5,CHEMBL567331,Kd,7.57
418389,NC(=O)c1nc2ccc3ncnc(Nc4ccc(F)cc4Br)c3c2s1,CHEMBL2386759,IC50,7.58
418400,CN(Cc1nc(C)cs1)c2ncnc3ccc(cc23)c4ccc5OCOc5c4,CHEMBL1704879,IC50,7.59
418411,Clc1ccc(CNc2nccc(n2)c3ccc4OCOc4c3)cc1Cl,CHEMBL1898197,IC50,7.59
418422,C1Oc2ccc(Nc3nccc(n3)c4ccc5OCOc5c4)cc2O1,CHEMBL1885536,IC50,7.6
418434,COc1ccc(F)c(F)c1C(=O)c2cnc(NC3CCN(CC3)S(=O)(=O)C)nc2N,CHEMBL384304,Kd,7.64
418445,COc1ccc2c(c1)nc(C(=O)O)c3c4cccc(Cl)c4[nH]c23,CHEMBL3589665,IC50,7.64
418456,COc1ccc2c(c1)nc(C(=O)O)c3c4cccc(I)c4[nH]c23,CHEMBL3589667,IC50,7.66
418467,COc1ncc2C=C(C(=O)Nc3cc(ccc3Cl)C(=O)NCc4cccc(Cl)c4)C(=O)Nc2n1,CHEMBL3094448,IC50,7.66
418479,O=C1NC(=N/C/1=C\c2ccc3OCOc3c2)Nc4ccccc4,CHEMBL1802358,IC50,7.68
26212,C[C@]12O[C@H](C[C@]1(O)CO)n3c4ccccc4c5c6C(=O)NCc6c7c8ccccc8n2c7c35,CHEMBL603469,Kd,7.7
418492,O=C1NC(=S)S/C/1=C\c2ccc3ncccc3c2,CHEMBL3774448,IC50,7.7
418503,OC(=O)c1nc2ccccc2c3[nH]c4c(Br)cccc4c13,CHEMBL3589661,IC50,7.7
418514,COC(=N)c1nc2ccc3ncnc(Nc4ccc(cc4)C(F)(F)F)c3c2s1,CHEMBL2386769,IC50,7.74
418525,COc1ccc2c(c1)nc(C(=O)O)c3c4cccc(Br)c4[nH]c23,CHEMBL3589666,IC50,7.75
418537,Clc1ccc(CNc2nccc(n2)c3ccc4OCCOc4c3)cc1Cl,CHEMBL1904905,IC50,7.75
418548,CC(C)(C)CNc1ncnc2ccc(cc12)c3ccc4OCOc4c3,CHEMBL1551169,IC50,7.77
418559,COc1ncc2C=C(C(=O)Nc3cc(ccc3Cl)C(=O)NC(CCCN)c4ccccc4)C(=O)Nc2n1,CHEMBL3094456,IC50,7.82
418570,CN(Cc1csc(C)n1)c2ncnc3ccc(cc23)c4ccc5OCOc5c4,CHEMBL1474834,IC50,7.85
418581,COC(=N)c1nc2ccc3ncnc(Nc4cccc(Cl)c4)c3c2s1,CHEMBL2386751,IC50,7.87
418592,COC(=N)c1nc2ccc3ncnc(Nc4ccc(OC)cc4)c3c2s1,CHEMBL2386761,IC50,7.88
418603,CN1CCN(CCNc2ncc3C=C(C(=O)Nc4cc(ccc4Cl)C(=O)NC(CCN)c5ccccc5)C(=O)Nc3n2)CC1,CHEMBL3094435,IC50,7.89
418616,CCN1\C(=C\C(=O)C)\Sc2ccc(OC)cc12,CHEMBL408982,Kd,7.92
418627,COc1ncc2C=C(C(=O)Nc3cc(ccc3Cl)C(=O)NC(CCN)c4cccc(Cl)c4)C(=O)Nc2n1,CHEMBL3094462,IC50,7.92
418638,Brc1cc(Br)cc(CNc2nccc(n2)c3ccc4OCOc4c3)c1,CHEMBL2392365,IC50,7.96
418649,FC(F)(F)c1cccc(Nc2nccc(n2)c3ccc4OCOc4c3)c1,CHEMBL1868723,IC50,8.0
418660,COC(=N)c1nc2ccc3ncnc(Nc4ccc(OC)cc4OC)c3c2s1,CHEMBL2386743,IC50,8.02
418671,COc1ncc2C=C(C(=O)Nc3cc(ccc3Cl)C(=O)NC(CCN)c4ccccc4)C(=O)Nc2n1,CHEMBL3094455,IC50,8.05
418682,COc1ncc2C=C(C(=O)Nc3cc(ccc3Cl)C(=O)N[C@H](CCN)c4ccccc4)C(=O)Nc2n1,CHEMBL3094460,IC50,8.05
418693,NCCC(NC(=O)c1ccc(Cl)c(NC(=O)C2=Cc3cnc(nc3NC2=O)N4CCC(N)CC4)c1)c5ccccc5,CHEMBL3094436,IC50,8.05
418704,COC(=N)c1nc2ccc3ncnc(Nc4ccc(O)c(F)c4)c3c2s1,CHEMBL2386752,IC50,8.06
418715,COc1ncc2C=C(C(=O)Nc3cc(ccc3Cl)C(=O)NC(CN)c4ccccc4)C(=O)Nc2n1,CHEMBL3094454,IC50,8.1
418727,C(Nc1nccc(n1)c2ccc3OCOc3c2)c4cccnc4,CHEMBL1877990,IC50,8.16
418738,CCOC(=N)c1nc2ccc3ncnc(Nc4ccc5OCOc5c4)c3c2s1,CHEMBL2386754,IC50,8.22
418749,CN1CCN(CCCNc2ncc3C=C(C(=O)Nc4cc(ccc4Cl)C(=O)NC(CCN)c5ccccc5)C(=O)Nc3n2)CC1,CHEMBL3094434,IC50,8.22
418760,COC(=N)c1nc2ccc3ncnc(Nc4ccc(F)cc4)c3c2s1,CHEMBL2386765,IC50,8.22
418771,OC(=O)c1nc2ccccc2c3[nH]c4c(I)cccc4c13,CHEMBL3589662,IC50,8.22
418782,COC(=O)c1nc2ccc3ncnc(Nc4ccc(Cl)cc4Cl)c3c2s1,CHEMBL2386760,IC50,8.29
418793,NCCC(NC(=O)c1ccc(Cl)c(NC(=O)C2=Cc3cnc(nc3NC2=O)N4CC5CCC(C4)O5)c1)c6ccccc6,CHEMBL3094437,IC50,8.3
418804,COC(=N)c1nc2ccc3ncnc(Nc4ccc(O)c(c4)[N+](=O)[O-])c3c2s1,CHEMBL2386749,IC50,8.31
26231,CN[C@@H]1C[C@H]2O[C@@](C)([C@@H]1OC)n3c4ccccc4c5c6CNC(=O)c6c7c8ccccc8n2c7c35,CHEMBL388978,Kd,8.4
418817,Clc1cc(Cl)cc(CNc2nccc(n2)c3ccc4OCOc4c3)c1,CHEMBL2392364,IC50,8.4
418828,COC(=N)c1nc2ccc3ncnc(Nc4ccc(cc4)C#N)c3c2s1,CHEMBL2386766,IC50,8.41
418839,COC(=N)c1nc2ccc3ncnc(Nc4ccc(F)cc4Br)c3c2s1,CHEMBL2386770,IC50,8.44
418851,Cc1n[nH]c2ccc(cc12)c3cncc(OC[C@@H](N)Cc4ccccc4)c3,CHEMBL379218,Kd,8.68
418862,COC(=N)c1nc2ccc3ncnc(Nc4ccccc4)c3c2s1,CHEMBL2386763,IC50,8.74
418873,COC(=N)c1nc2ccc3ncnc(Nc4ccc5OCOc5c4)c3c2s1,CHEMBL2386753,IC50,8.78
418884,COC(=N)c1nc2ccc3ncnc(Nc4ccc(Cl)cc4)c3c2s1,CHEMBL2386762,IC50,8.95
418895,COC(=N)c1nc2ccc3ncnc(Nc4ccc(F)cc4Cl)c3c2s1,CHEMBL2386746,IC50,9.0
418906,COC(=N)c1nc2ccc3ncnc(Nc4ccc(C)cc4)c3c2s1,CHEMBL2386764,IC50,9.01
418917,COC(=N)c1nc2ccc3ncnc(Nc4ccc(F)cc4F)c3c2s1,CHEMBL2386748,IC50,9.03
418928,COC(=N)c1nc2ccc3ncnc(Nc4ccc(F)cc4OC)c3c2s1,CHEMBL2386745,IC50,9.44
418939,COC(=N)c1nc2ccc3ncnc(Nc4ccc(Cl)cc4Cl)c3c2s1,CHEMBL2386747,IC50,9.66
418950,COC(=N)c1nc2ccc3ncnc(Nc4ccc(Br)cc4F)c3c2s1,CHEMBL2386744,IC50,9.8
