id,smiles,name,assay_type,activity_value
2231409,COc1cc2ncnc(Nc3ccc4N(CCc4c3)C(=O)Cc5c(C)[nH]c6cc(F)ccc56)c2cc1OC,CHEMBL3355038,IC50,7.6
2231421,Cn1cc(c2ccc3N(CCc3c2)C(=O)Cc4cccnc4)c5c(N)ncnc15,CHEMBL2441337,IC50,7.63
2231432,CN1N(C(=O)C(=C1c2ccccc2)C(=O)c3ccc(C)c(c3N)c4ccc5nc(C)sc5c4)c6ccccc6,CHEMBL3407856,IC50,7.7
2231443,COc1cc2ncnc(Nc3ccc4N(CCc4c3)C(=O)Cc5c(C)[nH]c6ccccc56)c2cc1OC,CHEMBL3355037,IC50,7.7
2231454,Cn1cc(c2ccc3N(CC(=O)c4cc(F)cc(c4)C(F)(F)F)CCc3c2)c5c(N)ncnc15,CHEMBL3407846,IC50,7.7
2231465,Cn1cc(c2ccc3N(CCc3c2)C(=O)Cc4ccccn4)c5c(N)ncnc15,CHEMBL2441336,IC50,7.72
2231476,O\N=C\1/NCc2cc(Nc3c(oc4cnccc34)c5ncccn5)ccc12,CHEMBL1667899,IC50,7.75
2231487,Cc1ccc(CC(=O)N2CCc3cc(ccc23)c4cn(C)c5ncnc(N)c45)cc1,CHEMBL2171145,IC50,7.76
2231498,CNc1ncc2ccc(Oc3c(C)ccc(C(=O)C4=C(N(C)N(C4=O)c5ccccc5)c6ccccc6)c3N)cc2n1,CHEMBL3407504,IC50,7.77
2231509,Cc1ccnn1CC(=O)N2CCc3cc(ccc23)c4cn(C)c5ncnc(N)c45,CHEMBL2441344,IC50,7.78
2231520,CN1CCN(Cc2cnc(nc2)c3oc4cnccc4c3Nc5ccc6c(O)cccc6c5)CC1,CHEMBL1667911,IC50,7.8
2231531,COc1cc2ncnc(Nc3ccc4N(CCc4c3F)C(=O)Cc5c(C)[nH]c6ccccc56)c2cc1OC,CHEMBL3355046,IC50,7.9
2231542,Cc1nc(N)c2c(cn(C)c2n1)c3ccc4N(CC(=O)c5cc(F)cc(c5)C(F)(F)F)CCc4c3,CHEMBL3407863,IC50,7.92
2231553,Nc1nccc2scc(c3ccc4N(CCc4c3)C(=O)Cc5ccccc5)c12,CHEMBL2171133,IC50,7.93
2231564,CN1N(C(=O)C(=C1c2ccccc2)C(=O)c3ccc(C)c(c3N)c4ccc5nc(N)sc5c4)c6ccccc6,CHEMBL3407858,IC50,7.96
2231575,CN1N(C(=O)C(=C1c2ccccc2)C(=O)c3ccc(C)c(c3N)c4ccc5nc(sc5c4)C(F)F)c6ccccc6,CHEMBL3407860,IC50,7.96
2231586,Nc1ncnc2scc(c3ccc(NC(=O)Cc4cc(F)ccc4F)cc3)c12,CHEMBL2171127,IC50,7.96
2231597,COc1cc2ncnc(Nc3ccc4N(CCc4c3)C(=O)Cc5coc6ccccc56)c2cc1OC,CHEMBL3355045,IC50,8.0
2231608,CNc1nc2ccc(cc2s1)c3c(C)ccc(C(=O)C4=C(N(C)N(C4=O)c5ccccc5)c6ccccc6)c3N,CHEMBL3407857,IC50,8.05
2231619,Nc1nccc2occ(c3ccc4N(CCc4c3)C(=O)Cc5cc(F)ccc5F)c12,CHEMBL2171137,IC50,8.09
2231630,Nc1ncnc2occ(c3ccc4N(CCc4c3)C(=O)Cc5cc(F)ccc5F)c12,CHEMBL2171136,IC50,8.13
2231641,COc1cc2ncnc(Nc3ccc4N(CCc4c3)C(=O)Cn5ccc6ccccc56)c2cc1OC,CHEMBL3355042,IC50,8.2
2231652,CN1N(C(=O)C(=C1c2ccccc2)C(=O)c3ccc(C)c(c3N)c4ccc5nc(C)ccc5c4)c6ccccc6,CHEMBL3407862,IC50,8.22
2231663,CN1N(C(=O)C(=C1c2ccccc2)C(=O)c3ccc(C)c(c3N)c4ccc5nc(CF)sc5c4)c6ccccc6,CHEMBL3407859,IC50,8.22
2231674,CNc1ncc2c(Cl)cc(Oc3c(C)ccc(C(=O)C4=C(N(C)N(C4=O)c5ccccc5)c6ccccc6)c3N)cc2n1,CHEMBL3407853,IC50,8.22
2231685,Cn1nc(c2ccc3N(CCc3c2)C(=O)Cc4cc(F)ccc4F)c5c(N)ncnc15,CHEMBL2171138,IC50,8.27
2231696,CN1N(C(=O)C(=C1c2ccccc2)C(=O)c3ccc(C)c(Oc4ccc5cnc(C)nc5c4)c3N)c6ccccc6,CHEMBL3407854,IC50,8.3
810396,CNc1ncc2ccc(Oc3cc(ccc3Cl)C(=O)C4=C(N(C)N(C4=O)c5ccccc5)c6ccccc6)cc2n1,CHEMBL3407851,IC50,8.3
2231709,COc1cc2ncnc(Nc3ccc4N(CCc4c3)C(=O)Cc5c[nH]c6ccccc56)c2cc1OC,CHEMBL3355043,IC50,8.3
2231720,Oc1cccc2cc(Nc3c(oc4cnccc34)c5ncccn5)ccc12,CHEMBL1667910,IC50,8.39
2231731,CNc1ncc2c(F)cc(Oc3c(C)ccc(C(=O)C4=C(N(C)N(C4=O)c5ccccc5)c6ccccc6)c3N)cc2n1,CHEMBL3407852,IC50,8.4
2231742,COc1cc2nccc(Oc3ccc(NC(=O)C4=C(N(C)N(C4=O)c5ccccc5)c6ccccc6)nc3)c2cc1OC,CHEMBL3407848,IC50,8.4
2231753,COc1cc2ncnc(Nc3ccc4N(CCc4c3)C(=O)Cn5c(C)cc6ccc(F)cc56)c2cc1OC,CHEMBL3355041,IC50,8.5
2231764,Nc1ncc(c2cccnc2)c3scc(c4ccc5N(CCc5c4)C(=O)Cc6ccccc6)c13,CHEMBL2171128,IC50,8.5
2231775,CNc1ncc2ccc(Oc3cc(ccc3N)C(=O)C4=C(N(C)N(C4=O)c5ccccc5)c6ccccc6)cc2n1,CHEMBL3407850,IC50,8.52
2231786,Cc1cc(C)n(CC(=O)N2CCc3c(F)c(ccc23)c4cn(C)c5ncnc(N)c45)n1,CHEMBL2441346,IC50,8.57
2231797,Cc1cccc(CC(=O)N2CCc3cc(ccc23)c4cn(C)c5ncnc(N)c45)n1,CHEMBL2441339,IC50,8.6
2231808,Nc1nccc2scc(c3ccc4N(CCc4c3)C(=O)Cc5cc(F)ccc5F)c12,CHEMBL2171134,IC50,8.6
2231819,Cc1cc(C)n(CC(=O)N2CCc3cc(ccc23)c4cn(C)c5ncnc(N)c45)n1,CHEMBL2441345,IC50,8.72
2231830,Nc1ncc(C2CCNCC2)c3scc(c4ccc5N(CCc5c4)C(=O)Cc6ccccc6)c13,CHEMBL2171130,IC50,8.72
2231841,COc1cc2ncnc(Nc3ccc4N(CCc4c3)C(=O)Cc5c(C)[nH]c6c(F)cccc56)c2cc1OC,CHEMBL3355040,IC50,8.8
2231852,Cn1cc(c2ccc3N(CCc3c2)C(=O)Cc4ccc(F)cc4)c5c(N)ncnc15,CHEMBL2171142,IC50,8.82
2231863,Cn1cc(cn1)c2cnc(N)c3c(csc23)c4ccc5N(CCc5c4)C(=O)Cc6ccccc6,CHEMBL2171132,IC50,8.89
2231874,Nc1ncc(c2ccncc2)c3scc(c4ccc5N(CCc5c4)C(=O)Cc6ccccc6)c13,CHEMBL2171129,IC50,8.92
811419,CNc1ncc2ccc(Oc3cc(ccc3C)C(=O)C4=C(N(C)N(C4=O)c5ccccc5)c6ccccc6)cc2n1,CHEMBL3407849,IC50,9.0
2231887,Cn1cc(c2ccc3N(CCc3c2)C(=O)Cc4ccccc4Cl)c5c(N)ncnc15,CHEMBL2171121,IC50,9.05
2231898,Nc1ncc(c2cn[nH]c2)c3scc(c4ccc5N(CCc5c4)C(=O)Cc6ccccc6)c13,CHEMBL2171131,IC50,9.05
2231909,Cc1cccc(CC(=O)N2CCc3c(F)c(ccc23)c4cn(C)c5ncnc(N)c45)n1,CHEMBL2441340,IC50,9.1
2231920,Cn1cc(c2ccc3N(CCc3c2)C(=O)Cc4ccccc4F)c5c(N)ncnc15,CHEMBL2171140,IC50,9.16
2231931,Nc1ncnc2scc(c3ccc4N(CCc4c3)C(=O)Cc5cc(F)ccc5F)c12,CHEMBL2171135,IC50,9.22
2231942,COc1cccc(CC(=O)N2CCc3cc(ccc23)c4cn(C)c5ncnc(N)c45)c1,CHEMBL2171123,IC50,9.3
2231953,Cn1cc(c2ccc3N(CCc3c2)C(=O)Cc4cccc(n4)C(F)(F)F)c5c(N)ncnc15,CHEMBL2441341,IC50,9.3
2231964,Cn1cc(c2ccc3N(CCc3c2F)C(=O)Cc4cccc(n4)C(F)(F)F)c5c(N)ncnc15,CHEMBL2441342,IC50,9.3
2231975,COc1cc2ncnc(Nc3ccc4N(CCc4c3)C(=O)Cc5cc(F)ccc5F)c2cc1OC,CHEMBL3355039,IC50,9.4
2231986,Cn1cc(c2ccc3N(CCc3c2)C(=O)Cc4cc(F)ccc4F)c5c(N)ncnc15,CHEMBL2171139,IC50,9.4
2231997,Cn1cc(c2ccc3N(CCc3c2)C(=O)Cc4cccc(c4)C(F)(F)F)c5c(N)ncnc15,CHEMBL2171124,IC50,9.4
2232008,Cn1cc(c2ccc3N(CCc3c2)C(=O)Cc4cc(F)cc(c4)C(F)(F)F)c5c(N)ncnc15,CHEMBL2171125,IC50,9.52
2232019,Cc1cccc(CC(=O)N2CCc3cc(ccc23)c4cn(C)c5ncnc(N)c45)c1,CHEMBL2171144,IC50,9.7
2232030,Cc1ccccc1CC(=O)N2CCc3cc(ccc23)c4cn(C)c5ncnc(N)c45,CHEMBL2171143,IC50,9.7
2232041,Cn1cc(c2ccc3N(CCc3c2)C(=O)Cc4cc(F)cc(F)c4F)c5c(N)ncnc15,CHEMBL2171126,IC50,9.7
2232052,Cn1cc(c2ccc3N(CCc3c2)C(=O)Cc4cccc(Cl)c4)c5c(N)ncnc15,CHEMBL2171122,IC50,9.7
2232063,Cn1cc(c2ccc3N(CCc3c2)C(=O)Cc4cccc(F)c4)c5c(N)ncnc15,CHEMBL2171141,IC50,9.7
