id,smiles,name,assay_type,activity_value
510719,CS(=O)(=O)CCNCC1=CC=C(O1)C1=CC=C2N=CN=C(NC3=CC(Cl)=C(OCC4=CC(F)=CC=C4)C=C3)C2=C1,lapatinib,Kd,8.15
510733,CN(C)C\C=C\C(=O)NC1=CC2=C(C=C1O[C@H]1CCOC1)N=CN=C2NC1=CC(Cl)=C(F)C=C1,afatinib,Kd,8.3
510772,CCC1=C2C(N=CN=C2Nc3ccc4c(cnn4Cc5ccccc5)c3)N=C1NC(=O)OCC6CCCNC6,CHEMBL584714,IC50,7.54
510783,CN(C1CN[C@@H]([C@H](C1)C(=O)NO)C(=O)N2CC[C@@H](C2)c3ccccc3)C(=O)c4ccccc4,CHEMBL584960,IC50,7.54
510794,CN1CCN(CC1)[C@@H]2CC[C@H](CC2)n3nc(c4ccc(Nc5oc6c(Cl)cccc6n5)c(Cl)c4)c7c(N)ncnc37,CHEMBL1256433,IC50,7.54
510805,COC(=O)CCCC(=O)Nc1cccc(c1)C#Cc2cncnc2Nc3ccc(OCc4cccc(F)c4)c(Cl)c3,CHEMBL206782,IC50,7.54
510816,COCCOc1ccc2ncnc(Nc3ccc(OC4CCN(CC4)C(=O)C5CCCC5)c(C)c3)c2c1,CHEMBL228275,IC50,7.54
510827,Fc1cccc(COc2ccc(Nc3cc(Oc4cccc(NC(=O)C=C)c4)ncn3)cc2Cl)c1,CHEMBL1928947,IC50,7.54
510838,OCCNC(=O)C1=Cc2c(Nc3ccc(Oc4cccc(c4)C(F)(F)F)c(Cl)c3)ncnc2NCC1,CHEMBL2348414,IC50,7.54
510849,OCCn1ccc2ncnc(Nc3ccc(Oc4cccc(OC(F)(F)F)c4)c(Cl)c3)c12,CHEMBL1923008,IC50,7.54
510860,Oc1cccc(Nc2ccnc3[nH]c4ccc(Br)cc4c23)c1,CHEMBL3133833,IC50,7.54
510870,CCC1=C2C(N=CN=C2Nc3ccc4c(cnn4Cc5ccccc5)c3)N=C1NC(=O)OCCN6CCCCC6,CHEMBL566350,IC50,7.55
510881,CS(=O)(=O)CCNc1nc(cs1)c2ccc3ncnc(Nc4ccc5c(cnn5Cc6ccccc6)c4)c3c2,CHEMBL160303,IC50,7.55
510892,Cl.ONC(=O)[C@H]1CC(CN[C@@H]1C(=O)N2CC[C@@H](C2)c3ccccc3)OC(=O)N4CCCC4,CHEMBL1204013,IC50,7.55
510903,Fc1cccc(COc2ccc(Nc3ncnc4ccc(cc34)c5oc(COCCS(=O)(=O)c6ccccc6)cc5)cc2Cl)c1,CHEMBL212250,IC50,7.55
510914,OCCn1ccc2ncnc(Nc3ccc(Oc4ccc5NC(=O)Cc5c4)c(Cl)c3)c12,CHEMBL2048791,IC50,7.55
510925,ONC(=O)[C@H]1CC(CC(=O)N2CCCC2)CN[C@@H]1C(=O)N3CCN(CC3)c4ccccc4,CHEMBL495596,IC50,7.55
510936,CN1C[C@H](C[C@@H]([C@H]1C(=O)N2CCN(CC2)c3ccccc3)C(=O)NO)OC(=O)N4CCCCCCC4,CHEMBL572045,IC50,7.56
510947,COc1cc2ncnc(N[C@H](C)c3ccccc3)c2cc1OCCCCCCC(=O)NO,CHEMBL605976,IC50,7.56
510958,CN(C)CCc1ccc(Nc2nccc(n2)c3c(nc4sccn34)c5cccc(NC(=O)c6c(F)cccc6F)c5)cc1,CHEMBL1090357,IC50,7.57
510969,COCCOc1ccc2ncnc(Nc3ccc(OC4CCN(CC4)C(=O)Nc5c(F)cccc5F)c(C)c3)c2c1,CHEMBL231205,IC50,7.57
510980,CO\N=C\c1c(N)ncnc1Nc2ccc3c(ccn3Cc4cccc(F)c4)c2,CHEMBL257816,IC50,7.57
510991,C[C@@H](Oc1cccc2ncnc(Nc3ccc(Oc4ccc(C)nc4)c(Cl)c3)c12)C(=O)N5CCOCC5,CHEMBL402798,IC50,7.57
511002,Fc1cccc(Cn2ncc3cc(Nc4ncnn5ccc(CN6CCCNCC6)c45)ccc23)c1,CHEMBL392273,IC50,7.57
511013,NC(=O)Nc1ccc2ncnc(Nc3ccc(OCc4cccc(F)c4)c(Cl)c3)c2c1,CHEMBL3633928,IC50,7.57
511024,CN(C)[C@@H](CS(=O)(=O)C)c1oc(cc1)c2ccc3ncnc(Nc4ccc(OCc5cccc(F)c5)c(Cl)c4)c3c2,CHEMBL3344221,IC50,7.58
511035,CCCS(=O)(=O)CCNCc1oc(cc1)c2ccc3ncnc(Nc4ccc(OCc5cccc(F)c5)c(Cl)c4)c3c2,CHEMBL383965,IC50,7.59
511046,COc1cccc(Oc2ccc(Nc3ncnc4cc[nH]c34)cc2Cl)c1,CHEMBL1921813,IC50,7.59
511057,CS(=O)(=O)CCNCc1oc(cc1)c2cc3c(Nc4ccc(OCc5ccccc5)cc4)ncnc3cn2,CHEMBL3409484,IC50,7.59
511068,CS(=O)(=O)CCNCc1oc(cc1)c2ccc3ncnc(Nc4ccc(OCc5ccccc5)cc4)c3c2,CHEMBL213342,IC50,7.59
511079,C[C@@H](Oc1cccc2ncnc(Nc3ccc4c(cnn4Cc5nccs5)c3)c12)C(=O)N(C)C,CHEMBL257197,IC50,7.59
511090,Cn1ccnc1S(=O)(=O)CCNCc2oc(cc2)c3ccc4ncnc(Nc5ccc(OCc6cccc(F)c6)c(c5)C(F)(F)F)c4c3,CHEMBL265367,IC50,7.59
511101,Fc1ccc(Nc2ncnc3ccc(NC(=O)C=C)nc23)cc1Br,CHEMBL53665,IC50,7.59
511112,Fc1ccc(Nc2ncnc3cnc(NC(=O)C#CCN4CCOCC4)cc23)cc1Cl,CHEMBL202556,IC50,7.59
511123,NC1CCN(Cc2ccn3ncnc(Nc4ccc(OCc5cnccn5)c(Cl)c4)c23)CC1,CHEMBL248321,IC50,7.59
511134,CC(C)O\N=C\c1c(N)ncnc1Nc2ccc3c(cnn3Cc4cccc(F)c4)c2,CHEMBL402293,IC50,7.6
511145,CNc1cc2c(Nc3ccc(OC4CCN(CC4)C(=O)Nc5c(F)cccc5F)c(C)c3)ncnc2cn1,CHEMBL231302,IC50,7.6
511156,CS(=O)(=O)CCNCc1oc(cc1)c2ccc3ncnc(Nc4ccc(OCc5ccccc5)c(Br)c4)c3c2,CHEMBL214689,IC50,7.6
511168,Brc1cccc(Nc2ncnc3ccc(NC(=O)C=C)cc23)c1,CHEMBL285063,IC50,7.62
511179,CC(C)S(=O)(=O)CCNCc1oc(cc1)c2ccc3ncnc(Nc4ccc(OCc5cccc(F)c5)c(Cl)c4)c3c2,CHEMBL214487,IC50,7.62
511190,COCCOc1cc2ncnc(Nc3ccc(F)c(Cl)c3)c2cc1OCCCCCCC(=O)NO,CHEMBL597569,IC50,7.62
511203,COc1cc2ncnc(Nc3ccc(F)c(Cl)c3)c2cc1OC,CHEMBL301018,IC50,7.62
511214,COc1cc2ncnc(Nc3ccc(F)c(Cl)c3)c2cc1SCCCCCCC(=O)NO,CHEMBL596754,IC50,7.62
511225,COc1cccc2ncnc(Nc3ccc(OCc4ccccn4)c(Cl)c3)c12,CHEMBL194389,IC50,7.62
511236,C[C@H](Oc1cccc2ncnc(Nc3ccc4c(cnn4Cc5nccs5)c3)c12)C(=O)N(C)C,CHEMBL257198,IC50,7.62
511247,Cc1cc(Nc2ncnc3cnc(cc23)N4CCOCC4)ccc1Oc5ccc(cc5)C(=O)NCC(C)(C)C,CHEMBL375671,IC50,7.62
511258,Clc1cc(Nc2ncnc3cccc(OC4CCOCC4)c23)ccc1OCc5ccccn5,CHEMBL193578,IC50,7.62
511270,Fc1ccc(Nc2ncnc3cnc(NC(=O)\C=C\C(=O)NCCCN4CCOCC4)cc23)cc1Cl,CHEMBL138940,IC50,7.62
511281,OCCNC(=O)C1=Cc2c(Nc3ccc(Oc4cccc5sccc45)c(Cl)c3)ncnc2NCC1,CHEMBL2348417,IC50,7.62
511292,CN1CCN(Cc2oc(cc2)c3ccc4ncnc(Nc5ccc(OCc6cccc(F)c6)c(Cl)c5)c4c3)CC1.Cc7ccc(cc7)S(=O)(=O)O,CHEMBL3436355,IC50,7.63
511303,CCC1=C2C(N=CN=C2Nc3ccc4c(cnn4Cc5ccccc5)c3)N=C1NC(=O)OCC6CCNCC6,CHEMBL583218,IC50,7.64
511314,COCC(=O)NCC#Cc1ccc2ncnc(Nc3ccc(Oc4ccc(cc4)C(=O)NCC(C)(C)C)c(C)c3)c2c1,CHEMBL229037,IC50,7.64
511325,COc1cc(Nc2ncnc3cccc(O[C@H](C)C(=O)N4CCOCC4)c23)ccc1Oc5ccc(C)nc5,CHEMBL411799,IC50,7.64
511336,C[C@@H](Oc1cccc2ncnc(Nc3ccc(Oc4ccc(C)nc4)c(C)c3)c12)C(=O)N(C)C,CHEMBL256362,IC50,7.64
511348,Cc1c(NC(=O)OC[C@@H]2COCCN2)cn3ncnc(Nc4ccc5c(cnn5Cc6cccc(F)c6)c4)c13,CHEMBL1645462,IC50,7.64
511359,Cc1cc(Nc2ncnc3cnc(cc23)N4CCOCC4)ccc1OC5CCN(CC5)C(=O)CC(C)(C)C,CHEMBL411192,IC50,7.64
511371,NC1CCN(Cc2ccn3ncnc(Nc4ccc5c(cnn5Cc6cccc(F)c6)c4)c23)CC1,CHEMBL248108,IC50,7.64
511382,[O-][S+]1CCN(Cc2oc(cc2)c3ccc4ncnc(Nc5ccc(OCc6ccccc6)c(Cl)c5)c4c3)CC1,CHEMBL212965,IC50,7.64
511393,Nc1ncnc(Nc2ccc(OCc3ccccn3)c(Cl)c2)c1c4occ(CNC(=O)C=C)n4,CHEMBL2035810,IC50,7.65
511404,CCC1=C2C(N=CN=C2Nc3ccc4c(cnn4Cc5cccc(F)c5)c3)N=C1NC(=O)OC[C@@H]6COCCN6,CHEMBL583403,IC50,7.66
511415,CO\N=C\c1c(N)ncnc1Nc2ccc3c(cnn3Cc4ccccc4)c2,CHEMBL402113,IC50,7.66
511426,CS(=O)(=O)CCN(CC#N)Cc1oc(cc1)c2ccc3ncnc(Nc4ccc(OCc5cccc(F)c5)c(Cl)c4)c3c2,CHEMBL384407,IC50,7.66
511437,CS(=O)(=O)CCNCc1oc(cc1)c2ccc3ncnc(Nc4ccc(OCc5ccccc5)c(Cl)c4)c3c2,CHEMBL380247,IC50,7.66
511448,C[C@@H](CN(C)C(=O)CO)Oc1cccc2ncnc(Nc3ccc(OCc4ccccn4)c(Cl)c3)c12,CHEMBL413987,IC50,7.66
511459,C[C@@H](Oc1cccc2ncnc(Nc3ccc(Oc4ccc(C)nc4)c(C)c3)c12)C(=O)N5CCOCC5,CHEMBL402507,IC50,7.66
511470,C[C@@H](Oc1cccc2ncnc(Nc3ccc4c(cnn4Cc5cccc(F)c5)c3)c12)C(=O)N6CCOCC6,CHEMBL439425,IC50,7.66
511481,Cc1cccc(Nc2ncnc3ccc(NC(=O)C=C)cc23)c1,CHEMBL31815,IC50,7.66
511492,Clc1cc(Nc2ncnc3cc[nH]c23)ccc1OCc4ccccn4,CHEMBL1923001,IC50,7.66
511503,NC1CCN(Cc2ccn3ncnc(Nc4ccc(OCc5ccccn5)c(Cl)c4)c23)CC1,CHEMBL248116,IC50,7.66
511514,CN(C)C(=O)CN1CCN(CC1)[C@@H]2CC[C@H](CC2)n3nc(c4ccc(Nc5oc6c(Cl)cccc6n5)cc4)c7c(N)ncnc37,CHEMBL1256429,IC50,7.67
511525,COCCCN1CCN(CC1)[C@@H]2CC[C@H](CC2)n3nc(c4ccc(Nc5oc6c(Cl)cccc6n5)cc4)c7c(N)ncnc37,CHEMBL1256427,IC50,7.67
511536,CCC1=C2C(N=CN=C2Nc3ccc4c(cnn4Cc5ccccc5)c3)N=C1NC(=O)OC[C@@H]6COCCN6,CHEMBL567873,IC50,7.68
511547,CN(C)c1cc2c(Nc3ccc(OC4CCN(CC4)C(=O)Nc5c(F)cccc5F)c(C)c3)ncnc2cn1,CHEMBL398172,IC50,7.68
511558,[O-][S+]1CCN(Cc2oc(cc2)c3cc4c(Nc5ccc(OCc6cccc(F)c6)cc5)ncnc4cn3)CC1,CHEMBL3409483,IC50,7.68
511569,C#Cc1cccc(Nc2ncnn3ccc(COC[C@@H]4CNCCO4)c23)c1,CHEMBL1645465,IC50,7.7
511580,CCC1=C2C(N=CN=C2Nc3ccc4c(cnn4Cc5ccccc5)c3)N=C1NC(=O)O[C@@H]6CC[C@](C)(N)CC6,CHEMBL567197,IC50,7.7
511591,CCCN(CCS(=O)(=O)C)Cc1oc(cc1)c2ccc3ncnc(Nc4ccc(OCc5cccc(F)c5)c(Cl)c4)c3c2,CHEMBL212251,IC50,7.7
511602,CCNC(=O)O[C@H]1CN[C@H](C1)C#Cc2cc3ncnc(Nc4ccc(OCc5cccc(F)c5)c(Cl)c4)c3s2,CHEMBL466174,IC50,7.7
511613,CN(C)C(=O)O[C@H]1CN[C@H](C1)C#Cc2cc3ncnc(Nc4ccc(OCc5cccc(F)c5)c(Cl)c4)c3s2,CHEMBL466175,EC50,7.7
511624,CNC(=O)O[C@H]1CN[C@@H](C1)C#Cc2cc3ncnc(Nc4ccc(OCc5cccc(F)c5)c(Cl)c4)c3s2,CHEMBL466586,IC50,7.7
511635,COc1cc2ncnc(Nc3ccc(F)c(Cl)c3)c2cc1NC(=O)CCCCCCC(=O)NO,CHEMBL597773,IC50,7.7
511646,COc1cc2ncnc(Nc3ccc(F)c(Cl)c3)c2cc1OCCCCCC(=O)NO,CHEMBL598163,IC50,7.7
511657,Cc1ccc(cc1)S(=O)(=O)O.CS(=O)(=O)N2CCN(Cc3oc(cc3)c4ccc5ncnc(Nc6ccc(OCc7cccc(F)c7)c(Cl)c6)c5c4)CC2,CHEMBL3436358,IC50,7.7
511668,Cc1ccccc1Nc2ncnn3ccc(CN4CCC(N)CC4)c23,CHEMBL1645469,IC50,7.7
511680,Cl.Cl.Fc1ccc(Nc2ncnc3cc(OCCCN4CCOCC4)c(NC(=O)C=C)cc23)cc1Cl,CHEMBL545315,IC50,7.7
511691,Fc1cccc(COc2ccc(Nc3ncnc4cc(C#C[C@@H]5C[C@H](CN5)OC(=O)N6CCNCC6)sc34)cc2Cl)c1,CHEMBL499534,IC50,7.7
511702,Fc1cccc(Oc2ccc(Nc3ncnc4cc[nH]c34)cc2Cl)c1,CHEMBL1922899,IC50,7.7
511713,Nc1ncnc(Nc2ccc3c(cnn3Cc4cccc(F)c4)c2)c1\C=N\NCC(F)(F)F,CHEMBL497863,IC50,7.7
511724,COCCOc1ccc2ncnc(Nc3ccc(OC4CCN(CC4)C(=O)CC(C)(C)C)c(C)c3)c2c1,CHEMBL396204,IC50,7.72
511735,COc1cc2ncnc(Nc3ccc(F)c(Cl)c3)c2cc1OCCCCCCC(=O)NO,CHEMBL598377,IC50,7.72
511746,COc1cc2ncnc(Nc3ccc(OC4CCN(CC4)C(=O)Nc5c(F)cccc5F)c(C)c3)c2cc1OC,CHEMBL231101,IC50,7.72
511758,CS(=O)(=O)CCNCCCCOc1ccc2ncnc(Nc3ccc4c(cnn4Cc5cccc(F)c5)c3)c2c1,CHEMBL493428,IC50,7.72
511769,C[C@@H](COc1cccc2ncnc(Nc3ccc(OCc4ccccn4)c(Cl)c3)c12)N(C)C(=O)CO,CHEMBL403785,IC50,7.72
511780,C[C@@H](Oc1cccc2ncnc(Nc3ccc(OCc4ccccn4)c(Cl)c3)c12)C(=O)N5CCOCC5,CHEMBL403774,IC50,7.72
511791,Cc1ccc(NC(=O)c2cccc(c2)C(F)(F)F)cc1C(=O)Nc3cnc(Nc4cccc(NC(=O)C=C)c4)nc3,CHEMBL3290142,IC50,7.72
511802,Cc1ncnc(Nc2ccc(OCc3cccc(F)c3)c(Cl)c2)c1\C=C(/F)\C(=O)NCCN4CCCC4,CHEMBL1683967,IC50,7.72
511813,Fc1cccc(COc2ccc(Nc3ncnc4ccc(NC(=O)NCCN5CCCCC5)cc34)cc2Cl)c1,CHEMBL3814021,IC50,7.72
511824,OC(=O)CNCc1oc(cc1)c2cc3c(Nc4ccc(OCc5ccccc5)cc4)ncnc3cn2,CHEMBL477078,IC50,7.72
511835,OC1CCN(CCOc2n[nH]c3ncnc(Nc4ccc(OCc5cccc(F)c5)c(Cl)c4)c23)CC1,CHEMBL255376,IC50,7.72
511846,OCCOCCn1c(cc2ncnc(Nc3ccc(Oc4cccc(c4)C(F)(F)F)c(Cl)c3)c12)C#N,CHEMBL1923018,IC50,7.72
511857,CSCCNCc1oc(cc1)c2ccc3ncnc(Nc4ccc(OCc5cccc(F)c5)c(Cl)c4)c3c2.Cc6ccc(cc6)S(=O)(=O)O,CHEMBL2437223,IC50,7.74
511868,CC(C)NCc1ccc(cc1)C#Cc2c(C)ncnc2Nc3ccc(OCc4cccc(F)c4)c(Cl)c3,CHEMBL1934623,IC50,7.75
515989,CCC1=C2C(N=CN=C2Nc3ccc4c(cnn4Cc5ccccc5)c3)N=C1NC(=O)OCCN6CCNCC6,CHEMBL565714,IC50,7.75
516000,CCC1=C2C(N=CN=C2Nc3ccc4c(cnn4Cc5ccccc5)c3)N=C1NC(=O)O[C@@H]6CC[C@@H](N)CC6,CHEMBL565467,IC50,7.75
516011,COC(=O)C1=Cc2c(Nc3ccc(Oc4cccc5sccc45)c(Cl)c3)ncnc2NCC1,CHEMBL2348416,IC50,7.75
516022,COCC(=O)NCC#Cc1ccc2ncnc(Nc3ccc(Oc4cccc(c4)C(=O)NC(C)(C)C)c(C)c3)c2c1,CHEMBL230891,IC50,7.75
516033,COCCOc1cc2ncnc(Nc3ccc(F)c(Cl)c3F)c2cc1NC(=O)[C@@H]4CCCN4C(=O)C=C,CHEMBL569880,IC50,7.75
516044,CO\N=C\c1c(N)ncnc1Nc2ccc(OCc3cccc(F)c3)c(Cl)c2,CHEMBL256297,IC50,7.75
516055,Cc1cc(Nc2ncnc3cnc(cc23)N4CCOCC4)ccc1OC5CCN(CC5)C(=O)C6CCCC6,CHEMBL228276,IC50,7.75
516066,NC1CCN(Cc2ccn3ncnc(Nc4ccc(OCc5cccc[n+]5[O-])c(Cl)c4)c23)CC1,CHEMBL248322,IC50,7.75
516077,Nc1ncnc(Nc2ccc3c(cnn3Cc4cccc(F)c4)c2)c1\C=N\N5CCCCC5,CHEMBL524457,IC50,7.75
516088,OC(=O)COCc1ccn2ncnc(Nc3ccc4c(cnn4Cc5cccc(F)c5)c3)c12,CHEMBL394057,IC50,7.75
516099,OCCn1ccc2ncnc(Nc3ccc(Oc4ccc5C(=O)NCc5c4)c(Cl)c3)c12,CHEMBL2048790,IC50,7.75
516112,ONC(=O)[C@H]1CC2(CC2)CN[C@@H]1C(=O)N3CCC(=CC3)c4ccccc4,CHEMBL373532,IC50,7.75
516123,ONC(=O)[C@H]1C[C@@H](CC(=O)N2CCCCC2)CC[C@@H]1C(=O)N3CCN(CC3)c4ccccc4,CHEMBL496628,IC50,7.75
516134,[O-][S+]1CCN(Cc2oc(cc2)c3ccc4ncnc(Nc5ccc(OCc6cccc(F)c6)c(Cl)c5)c4c3)CC1,CHEMBL212954,IC50,7.75
516149,CC#CC(=O)Nc1ccc2ncnc(Nc3cccc(Br)c3)c2c1,CHEMBL91867,IC50,7.77
516160,CC(C)(C(=O)NCCn1ccc2ncnc(Nc3ccc(Oc4cccc(c4)C(F)(F)F)c(Cl)c3)c12)S(=O)(=O)C,CHEMBL2148049,IC50,7.77
516172,CC(C)(O)CC(=O)NCCn1ccc2ncnc(Nc3ccc(Oc4cccc(c4)C(F)(F)F)c(Cl)c3)c12,CHEMBL1614725,IC50,7.77
516183,COc1cc(Nc2ncnc3[nH]nc(OCCN4CCC(O)CC4)c23)ccc1OCc5ccccn5,CHEMBL401713,IC50,7.77
516194,COc1ccccc1Cc2nc3ccc(cc3[nH]2)c4nn([C@@H]5CC[C@H](CC5)N6CCN(CC6)C(=O)N(C)C)c7ncnc(N)c47,CHEMBL448628,IC50,7.77
516205,CS(=O)(=O)CCOCc1oc(cc1)c2ccc3ncnc(Nc4ccc(OCc5cccc(F)c5)c(Cl)c4)c3c2,CHEMBL215171,IC50,7.77
516216,Cn1ccc2ncnc(Nc3ccc(Oc4cccc(OC(F)(F)F)c4)c(Cl)c3)c12,CHEMBL1923005,IC50,7.77
516227,COc1cc2ncnc(Nc3ccc(F)c(Cl)c3)c2cc1NC(=O)\C=C\CN4CCCCC4,CHEMBL2110732,IC50,7.78
516237,CC(=O)Nc1ccc2ncnc(Nc3ccc(OCc4ccccn4)c(Cl)c3)c2c1,CHEMBL3633929,IC50,7.8
516249,CN(C)c1cc2c(Nc3ccc4c(cnn4Cc5ccccc5)c3)ncnc2cn1,CHEMBL30432,IC50,7.8
516260,CN1CCN(CC1)[C@@H]2CC[C@H](CC2)n3nc(c4ccc(Nc5oc6c(Cl)cccc6n5)c(F)c4)c7c(N)ncnc37,CHEMBL1256432,IC50,7.8
516271,COCC(=O)NCC#Cc1ccc2ncnc(Nc3ccc(OC4CCN(CC4)C(=O)CC(C)(C)C)c(C)c3)c2c1,CHEMBL230575,IC50,7.8
28628,COc1cc2ncnc(Nc3cccc(c3)C#C)c2cc1OCCCCCCC(=O)NO,CHEMBL598797,IC50,7.8
516284,Cc1cc(Nc2ncnc3cnc(cc23)N4CCOCC4)ccc1OC5CCN(CC5)C(=O)Nc6c(F)cccc6F,CHEMBL231102,IC50,7.8
516295,Cc1ccc(cc1)S(=O)(=O)O.CS(=O)(=O)NCCNCc2oc(cc2)c3ccc4ncnc(Nc5ccc(OCc6cccc(F)c6)c(Cl)c5)c4c3,CHEMBL2437225,IC50,7.8
516306,Clc1cc(Nc2ncnc3cc[nH]c23)ccc1Oc4ccccc4,CHEMBL1922897,IC50,7.8
516317,NC(=O)O[C@H]1CN[C@@H](C1)C#Cc2cc3ncnc(Nc4ccc(OCc5cccc(F)c5)c(Cl)c4)c3s2,CHEMBL461426,IC50,7.8
516328,OCC#CC(=O)Nc1ccc2ncnc(Nc3cccc(Br)c3)c2c1,CHEMBL94062,IC50,7.8
516339,O[C@H]1CNCCN(Cc2ccn3ncnc(Nc4ccc5c(cnn5Cc6cccc(F)c6)c4)c23)C1,CHEMBL233325,IC50,7.8
516350,CC(C)C(=O)N(C)C1CN[C@@H]([C@H](C1)C(=O)NO)C(=O)N2CCC(=CC2)c3ccccc3,CHEMBL569853,IC50,7.81
516361,CCNC(CS(=O)(=O)C)c1oc(cc1)c2ccc3ncnc(Nc4ccc(OCc5cccc(F)c5)c(Cl)c4)c3c2,CHEMBL3344211,IC50,7.81
516372,CN1CCN(CC1)[C@@H]2CC[C@H](CC2)n3nc(c4ccc(Nc5oc6c(Cl)cccc6n5)cc4Cl)c7c(N)ncnc37,CHEMBL1256435,IC50,7.81
516383,CC(C)(O)C(=O)NCCn1ccc2ncnc(Nc3ccc(Oc4cccc(c4)C(F)(F)F)c(Cl)c3)c12,CHEMBL1923021,IC50,7.82
516394,CC(C)N1CCC(CC1)N2CCC(CC2)n3nc(c4ccc(Nc5oc6c(Cl)cccc6n5)cc4)c7c(N)ncnc37,CHEMBL1256430,IC50,7.82
516405,CN(C)\N=C\c1c(N)ncnc1Nc2ccc3c(cnn3Cc4cccc(F)c4)c2,CHEMBL497459,IC50,7.82
516416,CN1CCN(CC1)c2cc3c(Nc4ccc(Oc5ccc(cc5)C(=O)NCC(C)(C)C)c(C)c4)ncnc3cn2,CHEMBL228977,IC50,7.82
516427,COc1cc2ncnc(Nc3ccc(F)c(Cl)c3)c2cc1OCCCCC(=O)NO,CHEMBL596736,IC50,7.82
516438,Cc1cc(Nc2ncnc3cnc(NCCN4CCOCC4)cc23)ccc1Oc5ccc(cc5)C(=O)NCC(C)(C)C,CHEMBL103005,IC50,7.82
516449,Nc1ccccc1NC(=O)\C=C\c2ccc(cc2)c3ccc4ncnc(Nc5ccc(OCc6cccc(F)c6)c(Cl)c5)c4c3,CHEMBL1630115,IC50,7.82
516460,OCCCCCn1ccc2ncnc(Nc3ccc(Oc4cccc(c4)C(F)(F)F)c(Cl)c3)c12,CHEMBL1923012,IC50,7.82
516471,CCOC(=O)N1CCN(Cc2oc(cc2)c3ccc4ncnc(Nc5ccc(OCc6cccc(F)c6)c(Cl)c5)c4c3)CC1.Cc7ccc(cc7)S(=O)(=O)O,CHEMBL3436357,IC50,7.84
516482,CN1CCC(CC1)N2CCC(CC2)n3nc(c4ccc(Nc5oc6c(Cl)cccc6n5)cc4)c7c(N)ncnc37,CHEMBL1258231,IC50,7.84
516493,CC(C)(C)S(=O)(=O)CC(=O)NCCn1ccc2ncnc(Nc3ccc(Oc4cccc(c4)C(F)(F)F)c(Cl)c3)c12,CHEMBL2148047,IC50,7.85
516504,CCN(CC)CCCNC(=O)\C=C\C(=O)Nc1cc2c(Nc3cccc(Br)c3)ncnc2cn1,CHEMBL434827,IC50,7.85
516515,CCN1CCN(CC1)c2ccc(Nc3nccc(n3)c4c(nc5sccn45)c6cccc(NC(=O)c7c(F)cccc7F)c6)cc2,CHEMBL1090358,IC50,7.85
516527,CN(C)CC#CC(=O)Nc1ccc2ncnc(Nc3cccc(Br)c3)c2c1,CHEMBL329856,IC50,7.85
516538,CNC(=O)CN1CCC(CC1)Oc2cc3c(Nc4cccc(Cl)c4F)ncnc3cc2OC,CHEMBL2408045,IC50,7.85
516549,CS(=O)(=O)CCNc1nc(cs1)c2ccc3ncnc(Nc4ccc(OCc5cccc(F)c5)c(Cl)c4)c3c2,CHEMBL155761,IC50,7.85
516560,CS(=O)(=O)CCNc1nc(cs1)c2ccc3ncnc(Nc4ccc(OCc5ccccc5)c(Cl)c4)c3c2,CHEMBL160846,IC50,7.85
516571,Fc1cccc(COc2ccc(Nc3ncnc4sc(cc34)c5occc5)cc2Cl)c1,CHEMBL514938,IC50,7.85
516582,Nc1ccccc1NC(=O)\C=C\c2cccc(c2)c3ccc4ncnc(Nc5ccc(OCc6cccc(F)c6)c(Cl)c5)c4c3,CHEMBL1630114,IC50,7.85
516593,COCCCN1CCC(CC1)N2CCC(CC2)n3nc(c4ccc(Nc5oc6c(Cl)cccc6n5)cc4)c7c(N)ncnc37,CHEMBL1256431,IC50,7.86
516604,Cc1ccc(cc1)S(=O)(=O)O.Fc2cccc(COc3ccc(Nc4ncnc5ccc(cc45)c6oc(CN7CCOCC7)cc6)cc3Cl)c2,CHEMBL3436354,IC50,7.88
516615,CC(=O)Nc1cccc(c1)C#Cc2cncnc2Nc3ccc(OCc4cccc(F)c4)c(Cl)c3,CHEMBL205798,IC50,7.89
516626,CC(=O)c1ccc2[nH]c3nccc(Nc4cccc(O)c4)c3c2c1,CHEMBL3133816,IC50,7.89
516636,CCOc1cc2ncc(C#N)c(Nc3ccc(Sc4nc(cs4)c5ccccc5)c(Cl)c3)c2cc1NC(=O)\C=C\CN(C)C,CHEMBL367492,IC50,7.89
516647,CN(C)CCCNC(=O)\C=C\C(=O)Nc1cc2c(Nc3cccc(Br)c3)ncnc2cn1,CHEMBL334801,IC50,7.89
516658,CNc1cc2c(Nc3ccc(Oc4ccc(cc4)C(=O)NCC(C)(C)C)c(C)c3)ncnc2cn1,CHEMBL228925,IC50,7.89
516669,COC(=O)CNCc1oc(cc1)c2cc3c(Nc4ccc(OCc5ccccc5)cc4)ncnc3cn2,CHEMBL488350,IC50,7.89
516680,COc1ccccc1Cc2nc3ccc(cc3[nH]2)c4nn([C@@H]5CC[C@H](CC5)N6CCN(CC7CC7)CC6)c8ncnc(N)c48,CHEMBL446250,IC50,7.89
516691,Cc1cncc(Cn2ncc3cc(Nc4ncnn5ccc(CN6CCC(N)CC6)c45)ccc23)c1,CHEMBL248114,IC50,7.89
516702,Fc1cccc(COc2ccc(Nc3ncnc4cc(C#C[C@H]5CCCN5)sc34)cc2Cl)c1,CHEMBL496174,IC50,7.89
516713,Fc1cccc(COc2ccc(Nc3ncnc4cc[nH]c34)cc2Cl)c1,CHEMBL1923000,IC50,7.89
516724,OCc1cccc(n1)C#Cc2cncnc2Nc3ccc(OCc4cccc(F)c4)c(Cl)c3,CHEMBL204570,IC50,7.89
516735,COc1cc2ncnc(Nc3ccc(F)c(Cl)c3)c2cc1OCCCC(=O)NO,CHEMBL597752,IC50,7.91
516746,Cc1ccc(cc1)S(=O)(=O)O.Fc2cccc(COc3ccc(Nc4ncnc5ccc(cc45)c6oc(CN7CCNCC7)cc6)cc3Cl)c2,CHEMBL3436356,IC50,7.91
516757,COCC(=O)NC\C=C\c1ccc2ncnc(Nc3ccc(Oc4ccc(C)nc4)c(C)c3)c2c1,CHEMBL483321,IC50,7.92
516768,CO\N=C\c1c(N)ncnc1Nc2ccc3c(cnn3Cc4cccc(F)c4)c2,CHEMBL255871,IC50,7.92
516779,C[C@H](Oc1cccc2ncnc(Nc3ccc4c(cnn4Cc5nccs5)c3)c12)C(=O)N6CCOCC6,CHEMBL404181,IC50,7.92
516790,Cc1cc2ncnc(Nc3ccc(Oc4cccc(c4)C(F)(F)F)c(Cl)c3)c2n1CCOCCO,CHEMBL1923017,IC50,7.92
516801,Fc1ccc(Nc2ncnc3cc(\C=C\CCN4CCOCC4)c(NC(=O)C=C)nc23)cc1Cl,CHEMBL417478,IC50,7.92
516812,Fc1ccc(Nc2ncnc3ccc(NC(=O)C=C)nc23)cc1Cl,CHEMBL28418,IC50,7.92
516823,Fc1cccc(COc2ccc(Nc3ncnc4ccc(NC(=S)NCCCN5CCOCC5)cc34)cc2Cl)c1,CHEMBL3814812,IC50,7.92
516834,Nc1nccc(n1)C#Cc2cncnc2Nc3ccc(OCc4cccc(F)c4)c(Cl)c3,CHEMBL381604,IC50,7.92
516845,OCCS(=O)(=O)CCn1ccc2ncnc(Nc3ccc(Oc4cccc(c4)C(F)(F)F)c(Cl)c3)c12,CHEMBL1923016,IC50,7.92
516856,OCC[S+]([O-])CCn1ccc2ncnc(Nc3ccc(Oc4cccc(c4)C(F)(F)F)c(Cl)c3)c12,CHEMBL1923015,IC50,7.92
516868,OCCn1ccc2ncnc(Nc3ccc(Oc4cccc(c4)C(F)(F)F)c(Cl)c3)c12,CHEMBL1923007,IC50,7.92
516879,ONC(=O)\C=C\c1ccc(cc1)c2ccc3ncnc(Nc4ccc(OCc5cccc(F)c5)c(Cl)c4)c3c2,CHEMBL1630110,IC50,7.92
516890,CN1C[C@H](C[C@@H]([C@H]1C(=O)N2CCN(CC2)c3ccccc3)C(=O)NO)OC(=O)N4CCCC4,CHEMBL585299,IC50,7.94
516901,CC(C)(C(=O)NCCn1ccc2ncnc(Nc3ccc(Oc4cccc(Cl)c4)c(Cl)c3)c12)S(=O)(=O)C,CHEMBL2148052,IC50,7.96
516912,CC(C)S(=O)(=O)CC(=O)NCCn1ccc2ncnc(Nc3ccc(Oc4cccc(c4)C(F)(F)F)c(Cl)c3)c12,CHEMBL2148046,IC50,7.96
516926,Cc1ccc(Oc2ccc(Nc3ncnc4[nH]nc(OCCN5CCC(O)CC5)c34)cc2C)cn1,CHEMBL257872,IC50,7.96
516937,Cc1ccc(cc1)S(=O)(=O)O.CC(C)(C(=O)NCCn2ccc3ncnc(Nc4ccc(Oc5cccc(Cl)c5)c(Cl)c4)c23)S(=O)(=O)C,CHEMBL2148053,IC50,7.96
516948,Clc1ccccc1Oc2ccc(Nc3ncnc4cc[nH]c34)cc2Cl,CHEMBL1922900,IC50,7.96
516959,Cn1ccc2ncnc(Nc3ccc(Oc4cccc(c4)C(F)(F)F)c(Cl)c3)c12,CHEMBL1923004,IC50,7.96
516970,OCCOCCn1ccc2ncnc(Nc3cnc(Oc4cccc(c4)C(F)(F)F)c(Cl)c3)c12,CHEMBL1614726,IC50,7.96
516981,ONC(=O)[C@H]1C[C@@H](CN[C@@H]1C(=O)N2CC=C(C2)c3ccccc3)OC(=O)N4CCCC4,CHEMBL568346,IC50,7.96
516992,ONC(=O)\C=C\c1cccc(c1)c2ccc3ncnc(Nc4ccc(OCc5cccc(F)c5)c(Cl)c4)c3c2,CHEMBL1630109,IC50,7.96
517003,O[C@H]1CN[C@@H](C1)C#Cc2cc3ncnc(Nc4ccc(OCc5cccc(F)c5)c(Cl)c4)c3s2,CHEMBL497804,IC50,7.96
517014,COc1cc2ncnc(Nc3ccc(F)c(Cl)c3)c2cc1OCCC(=O)NO,CHEMBL597551,IC50,7.98
517025,CS(=O)(=O)C[C@H](N)c1oc(cc1)c2ccc3ncnc(Nc4ccc(OCc5cccc(F)c5)c(Cl)c4)c3c2,CHEMBL3344220,IC50,7.98
517039,O.Cc1ccc(cc1)S(=O)(=O)O.Cc2ccc(cc2)S(=O)(=O)O.CS(=O)(=O)CCNCc3oc(cc3)c4ccc5ncnc(Nc6ccc(OCc7cccc(F)c7)c(Cl)c6)c5c4,CHEMBL1201179,IC50,7.99
517050,CCNC(=O)O[C@H]1CN[C@@H](C1)C#Cc2cc3ncnc(Nc4ccc(OCc5cccc(F)c5)c(Cl)c4)c3s2,CHEMBL512076,IC50,8.0
517061,CN(C)C(=O)O[C@H]1CN[C@@H](C1)C#Cc2cc3ncnc(Nc4ccc(OCc5cccc(F)c5)c(Cl)c4)c3s2,CHEMBL517123,IC50,8.0
517072,CN(C1CN[C@@H]([C@H](C1)C(=O)NO)C(=O)N2CCC(=CC2)c3ccccc3)C(=O)c4ccccc4,CHEMBL570760,IC50,8.0
517083,COc1cc2ncnc(Nc3ccc(OCc4cccc(F)c4)c(Cl)c3)c2cc1OCCCCCCC(=O)NO,CHEMBL598799,IC50,8.0
517095,CS(=O)(=O)CCNCCCCOc1ccc2ncnc(Nc3ccc(OCc4cccc(F)c4)c(Cl)c3)c2c1,CHEMBL514436,IC50,8.0
517107,CS(=O)(=O)CCNCc1nc(cs1)c2ccc3ncnc(Nc4ccc(OCc5cccc(F)c5)c(Cl)c4)c3c2,CHEMBL453376,IC50,8.0
517118,CC(C)N1CCN(CC1)[C@@H]2CC[C@H](CC2)n3nc(c4ccc(Nc5oc6c(Cl)cccc6n5)cc4)c7c(N)ncnc37,CHEMBL1256425,IC50,8.01
517129,Fc1ccccc1Oc2ccc(Nc3ncnc4cc[nH]c34)cc2Cl,CHEMBL1922898,IC50,8.03
517140,OCCSCCn1ccc2ncnc(Nc3ccc(Oc4cccc(c4)C(F)(F)F)c(Cl)c3)c12,CHEMBL1923014,IC50,8.03
517151,COCOCC#CC(=O)Nc1ccc2ncnc(Nc3cccc(Br)c3)c2c1,CHEMBL93049,IC50,8.05
517162,CS(=O)(=O)CCNC(=O)NCc1cccc(n1)C#Cc2cncnc2Nc3ccc(OCc4cccc(F)c4)c(Cl)c3,CHEMBL206029,IC50,8.05
517176,Fc1ccc(Nc2ncnc3cc(OCCCN4CCOCC4)c(NC(=O)C=C)cc23)cc1Cl,CHEMBL31965,IC50,8.05
517187,NC1CCN(Cc2ccn3ncnc(Nc4ccccc4)c23)CC1,CHEMBL1645467,IC50,8.05
517198,Cc1cccc(Nc2ncnc3cnc(NC(=O)C=C)cc23)c1,CHEMBL54088,IC50,8.06
517209,Nc1ccccc1NC(=O)\C=C\c2oc(cc2)c3ccc4ncnc(Nc5ccc(OCc6cccc(F)c6)c(Cl)c5)c4c3,CHEMBL1630113,IC50,8.06
517220,C=CC(=O)Nc1ccc2ncnc(Nc3ccc(Oc4ccccc4)cc3)c2c1,CHEMBL53203,IC50,8.07
517231,CC(C)OC(=O)N(C)C1CN[C@@H]([C@H](C1)C(=O)NO)C(=O)N2CCC(=CC2)c3ccccc3,CHEMBL572301,IC50,8.07
517242,CCS(=O)(=O)CC(=O)NCCn1ccc2ncnc(Nc3ccc(Oc4cccc(c4)C(F)(F)F)c(Cl)c3)c12,CHEMBL2148045,IC50,8.07
517253,Cc1ccc(cc1)S(=O)(=O)O.CS(=O)CCNCc2oc(cc2)c3ccc4ncnc(Nc5ccc(OCc6cccc(F)c6)c(Cl)c5)c4c3,CHEMBL2437224,IC50,8.07
517264,Cc1ccc(cc1)S(=O)(=O)O.Fc2cccc(COc3ccc(Nc4ncnc5ccc(cc45)c6oc(CNCCS(=O)(=O)CC(F)(F)F)cc6)cc3Cl)c2,CHEMBL2437227,IC50,8.07
517275,Clc1cccc(Oc2ccc(Nc3ncnc4cc[nH]c34)cc2Cl)c1,CHEMBL1921812,IC50,8.08
517286,OCCOCCn1ccc2ncnc(Nc3ccc(Oc4cccc(OC(F)(F)F)c4)c(Cl)c3)c12,CHEMBL1923011,IC50,8.08
517297,Brc1cccc(Nc2ncnc3cnc(NC(=O)\C=C\C(=O)NCCCn4ccnc4)cc23)c1,CHEMBL342828,IC50,8.09
517308,COC(=O)N1C[C@H](C[C@@H]([C@H]1C(=O)N2CCN(CC2)c3ccccc3)C(=O)NO)OC(=O)N4CCCC4,CHEMBL585886,IC50,8.09
517319,Clc1cc(Nc2ncnc3cc[nH]c23)ccc1Oc4cccc(c4)C#N,CHEMBL1922902,IC50,8.09
517330,Fc1ccc(Nc2ncnc3cc(OCCCN4CCOCC4)c(NC(=O)C=C)cc23)cc1Br,CHEMBL27685,IC50,8.09
517341,CCOc1cc2ncc(C#N)c(Nc3ccc(OCc4cccc(Cl)c4)c(Cl)c3)c2cc1NC(=O)\C=C\CN(C)C,CHEMBL179363,IC50,8.1
517352,CN1CCN(CC1)\N=C\c2c(N)ncnc2Nc3ccc4c(cnn4Cc5cccc(F)c5)c3,CHEMBL498134,IC50,8.1
517363,COc1cc(Nc2ncnc3ccc(cc23)c4ccc(CN5C[C@@H]6[C@H](CO)[C@@H]6C5)cc4)ccc1Oc7ccccc7,CHEMBL458098,IC50,8.1
517374,C[C@@H](Oc1cccc2ncnc(Nc3ccc4c(cnn4Cc5cccc(F)c5)c3)c12)C(=O)N(C)C,CHEMBL256783,IC50,8.1
517385,C[C@@H](Oc1cccc2ncnc(Nc3ccc4c(cnn4Cc5ccccn5)c3)c12)C(=O)N(C)C,CHEMBL402011,IC50,8.1
517396,Clc1cc(Nc2ncnc3cc[nH]c23)ccc1Oc4ccccc4C#N,CHEMBL1922901,IC50,8.1
517407,Nc1ncnc(Nc2ccc3c(cnn3Cc4cccc(F)c4)c2)c1\C=N\N5CCN(CCO)CC5,CHEMBL514566,IC50,8.1
517418,OCCNCCn1ccc2ncnc(Nc3ccc(Oc4cccc(c4)C(F)(F)F)c(Cl)c3)c12,CHEMBL1923013,IC50,8.11
517429,C=CC(=O)Nc1ccc2ncnc(Nc3ccc(OCc4ccccc4)cc3)c2c1,CHEMBL430571,IC50,8.12
517440,CN1CCN(CC1)[C@@H]2CC[C@H](CC2)n3nc(c4ccc(Nc5oc6c(Cl)cccc6n5)cc4)c7c(N)ncnc37,CHEMBL1257998,IC50,8.13
517451,CN1C[C@H](C[C@@H]([C@H]1C(=O)N2CCN(CC2)c3ccccc3)C(=O)NO)OC(=O)N4CCCCC4,CHEMBL584116,IC50,8.14
517462,Fc1ccc(Nc2ncnc3ccc(NC(=O)C=C)cc23)cc1Br,CHEMBL280757,IC50,8.14
517473,Fc1cccc(F)c1C(=O)Nc2cccc(c2)c3nc4sccn4c3c5ccnc(Nc6ccc7CNCCc7c6)n5,CHEMBL1090359,IC50,8.14
517484,CC(C(=O)NCCn1ccc2ncnc(Nc3ccc(Oc4cccc(c4)C(F)(F)F)c(Cl)c3)c12)S(=O)(=O)C,CHEMBL2148048,IC50,8.15
517495,CCN(CC)CCNC(=O)c1[nH]c2cnnc(Nc3ccc(OCc4cccc(F)c4)c(Cl)c3)c2c1C,CHEMBL1087368,IC50,8.16
517506,CCO\N=C\c1c(N)ncnc1Nc2ccc3c(cnn3Cc4cccc(F)c4)c2,CHEMBL402294,IC50,8.16
517517,Cc1ccc(NC(=O)c2cccc(c2)C(F)(F)F)cc1C(=O)Nc3cnc(Nc4cccc(NC(=O)CNC(=O)C=C)c4)nc3,CHEMBL3290148,IC50,8.16
517528,NC1CCN(Cc2ccn3ncnc(Nc4cccc(c4)C#C)c23)CC1,CHEMBL1645466,IC50,8.16
517539,Nc1ncnc(Nc2ccc3c(cnn3Cc4cccc(F)c4)c2)c1\C=N\N5CCOCC5,CHEMBL498133,IC50,8.16
517550,CC(=O)N1CCN(Cc2oc(cc2)c3ccc4ncnc(Nc5ccc(OCc6cccc(F)c6)c(Cl)c5)c4c3)CC1.Cc7ccc(cc7)S(=O)(=O)O,CHEMBL3436359,IC50,8.17
517561,Brc1cccc(Nc2ncnc3cc(OCCCN4CCOCC4)c(NC(=O)C=C)cc23)c1,CHEMBL31419,IC50,8.19
517572,CS(=O)(=O)CC(=O)NCCn1ccc2ncnc(Nc3ccc(Oc4cccc(c4)C(F)(F)F)c(Cl)c3)c12,CHEMBL2148044,IC50,8.2
517583,O=C(Nc1cccc(c1)c2nc3sccn3c2c4ccnc(Nc5ccccc5)n4)c6ccccc6,CHEMBL1093234,IC50,8.2
517594,CC(C)(C)C(=O)NCCn1ccc2ncnc(Nc3ccc(Oc4cccc5sncc45)c(Cl)c3)c12.CS(=O)(=O)O,CHEMBL2048910,IC50,8.22
293647,CCOc1cc2ncc(C#N)c(Nc3ccc(OCc4ccccn4)c(Cl)c3)c2cc1NC(=O)\C=C\CN(C)C,CHEMBL180022,Kd,8.22
517607,COCCO\N=C\c1c(N)ncnc1Nc2ccc3c(cnn3Cc4cccc(F)c4)c2,CHEMBL255237,IC50,8.22
517618,CS(=O)(=O)CCNCc1oc(cc1)c2cc3c(Nc4ccc(OCc5cccc(F)c5)c(Cl)c4)ncnc3s2,CHEMBL480349,IC50,8.22
517629,C[C@H](Oc1cccc2ncnc(Nc3ccc4c(cnn4Cc5cccc(F)c5)c3)c12)C(=O)N(C)C,CHEMBL256784,IC50,8.22
517640,Cc1ccc(Nc2ncnn3ccc(CN4CCC(N)CC4)c23)cc1,CHEMBL1645471,IC50,8.22
517651,NC1CCN(Cc2ccn3ncnc(Nc4ccc(F)c(Cl)c4)c23)CC1,CHEMBL1645476,IC50,8.22
517662,NC1CCN(Cc2ccn3ncnc(Nc4cccc(F)c4)c23)CC1,CHEMBL1645472,IC50,8.22
517673,OC1CCN(CCCOc2n[nH]c3ncnc(Nc4ccc(OCc5ccccn5)c(Cl)c4)c23)CC1,CHEMBL257860,IC50,8.22
517684,OCCn1ccc2ncnc(Nc3ccc(Oc4cccc5sccc45)c(Cl)c3)c12,CHEMBL2048798,IC50,8.22
517695,CN(CCn1ccc2ncnc(Nc3ccc(Oc4cccc(c4)C(F)(F)F)c(Cl)c3)c12)C(=O)CO,CHEMBL1923020,IC50,8.24
517706,Nc1ccccc1NC(=O)c2oc(cc2)c3ccc4ncnc(Nc5ccc(OCc6cccc(F)c6)c(Cl)c5)c4c3,CHEMBL1630111,IC50,8.24
517717,ONC(=O)[C@H]1CC(CC(=O)N2CCCC2)CN[C@@H]1C(=O)N3CC[C@@H](C3)c4ccccc4,CHEMBL576061,IC50,8.25
517728,ONC(=O)[C@H]1CC(CN[C@@H]1C(=O)N2CCC(=CC2)c3ccccc3)OC(=O)N4CCCC4,CHEMBL569388,IC50,8.25
517739,CCCCC#CC(=O)Nc1cc2c(Nc3ccc(F)c(Cl)c3)ncnc2cn1,CHEMBL202424,IC50,8.27
517750,OCCOCCn1ccc2ncnc(Nc3ccc(Oc4cccc(c4)C(F)(F)F)c(Cl)c3)c12,CHEMBL1923010,IC50,8.29
517761,Brc1cccc(Nc2ncnc3cnc(NC(=O)\C=C\C(=O)NCCCN4CCOCC4)cc23)c1,CHEMBL136058,IC50,8.3
517772,COc1cc(ON2CCC(C)CC2)c3c(Nc4ccc(OCc5ccccn5)c(Cl)c4)ncnc3c1,CHEMBL444619,IC50,8.3
517783,COc1cc2c(Nc3ccc(c(OC)c3)c4nc5ccccc5s4)ncnc2cc1OCCCN6CCN(C)CC6,CHEMBL593860,IC50,8.3
517794,Cc1cc(Nc2ncnc3[nH]nc(OCCN4CCC(O)CC4)c23)ccc1OCc5ccccn5,CHEMBL403435,IC50,8.3
517805,Cc1ccc(Oc2ccc(Nc3ncnc4[nH]nc(OCCN5CCC(O)CC5)c34)cc2F)cn1,CHEMBL257873,IC50,8.3
517816,Cc1cccc(Nc2ncnn3ccc(CN4CCC(N)CC4)c23)c1,CHEMBL1645470,IC50,8.3
517827,OC1CCN(CCOc2n[nH]c3ncnc(Nc4ccc(OCc5ccccn5)c(Cl)c4)c23)CC1,CHEMBL404405,IC50,8.3
517838,Nc1ccccc1NC(=O)c2ccc(s2)c3ccc4ncnc(Nc5ccc(OCc6cccc(F)c6)c(Cl)c5)c4c3,CHEMBL1630112,IC50,8.31
517849,O=C(Nc1cccc(c1)c2nc3sccn3c2c4ccnc(Nc5ccc(cc5)N6CCOCC6)n4)c7ccccc7,CHEMBL1090350,IC50,8.32
517860,Nc1ccccc1NC(=O)CCc2ccc(cc2)c3ccc4ncnc(Nc5ccc(OCc6cccc(F)c6)c(Cl)c5)c4c3,CHEMBL1630116,IC50,8.33
517871,Cc1cccc(Oc2ccc(Nc3ncnc4cc[nH]c34)cc2Cl)c1,CHEMBL1922999,IC50,8.34
517882,CN1C[C@H](C[C@@H]([C@H]1C(=O)N2CCN(CC2)c3ccccc3)C(=O)NO)OC(=O)N4CCCCCC4,CHEMBL572302,IC50,8.36
517893,Fc1ccc(Nc2ncnc3ccc(NC(=O)C=C)cc23)cc1Cl,CHEMBL31373,IC50,8.37
517904,OCC(=O)NCCn1ccc2ncnc(Nc3ccc(Oc4cccc(c4)C(F)(F)F)c(Cl)c3)c12,CHEMBL1923019,IC50,8.37
517915,ONC(=O)[C@H]1CC(CC(=O)N2CCCC2)CN[C@@H]1C(=O)N3CCC(=CC3)c4ccccc4,CHEMBL569166,IC50,8.37
517926,Cn1nc(cc1NC(=O)Nc2ccc(Cc3ccncc3)cc2)C(C)(C)C,CHEMBL288812,IC50,8.38
517937,CC(C(=O)NCCn1ccc2ncnc(Nc3ccc(Oc4cccc(Cl)c4)c(Cl)c3)c12)S(=O)(=O)C,CHEMBL2148051,IC50,8.39
517948,OCCn1ccc2ncnc(Nc3ccc(Oc4cccc(Cl)c4)c(Cl)c3)c12,CHEMBL1923006,IC50,8.39
517959,ONC(=O)\C=C\c1oc(cc1)c2ccc3ncnc(Nc4ccc(OCc5cccc(F)c5)c(Cl)c4)c3c2,CHEMBL1630107,IC50,8.39
517970,CN(CCOc1cccc2ncnc(Nc3ccc(OCc4ccccn4)c(Cl)c3)c12)C(=O)CO,CHEMBL249928,IC50,8.4
517981,CN1CCN(CCCOc2n[nH]c3ncnc(Nc4ccc(OCc5ccccn5)c(Cl)c4)c23)CC1,CHEMBL272935,IC50,8.4
517992,COC1CCN(CCOc2n[nH]c3ncnc(Nc4ccc(OCc5ccccn5)c(Cl)c4)c23)CC1,CHEMBL411897,IC50,8.4
518003,Cc1c([nH]c2cnnc(Nc3ccc(OCc4cccc(F)c4)c(Cl)c3)c12)C(=O)NCCN5CCOCC5,CHEMBL1080506,IC50,8.4
518014,NC1CCN(Cc2ccn3ncnc(Nc4cccc(Br)c4)c23)CC1,CHEMBL1645474,IC50,8.4
518025,NC1CCN(Cc2ccn3ncnc(Nc4cccc(Cl)c4)c23)CC1,CHEMBL1645473,IC50,8.4
518036,OCCOc1n[nH]c2ncnc(Nc3ccc(OCc4ccccn4)c(Cl)c3)c12,CHEMBL257861,IC50,8.4
518047,OCc1oc(cc1)c2cc3c(Nc4ccc(OCc5ccccc5)cc4)ncnc3cn2,CHEMBL479171,IC50,8.4
518058,Brc1cccc(Nc2ncnc3cnc(NC(=O)C=C)cc23)c1,CHEMBL51659,IC50,8.41
518069,Cc1ccc(cc1)S(=O)(=O)O.NS(=O)(=O)CCNCc2oc(cc2)c3ccc4ncnc(Nc5ccc(OCc6cccc(F)c6)c(Cl)c5)c4c3,CHEMBL2437226,IC50,8.41
518080,CCCC#CC(=O)Nc1cc2c(Nc3ccc(F)c(Cl)c3)ncnc2cn1,CHEMBL203645,IC50,8.42
518091,CN1C[C@H](C[C@@H]([C@H]1C(=O)N2CCN(CC2)c3ccccc3)C(=O)NO)OC(=O)N4CC=CC4,CHEMBL572091,IC50,8.42
518102,ONC(=O)[C@H]1C[C@@H](CN[C@@H]1C(=O)N2CCN(CC2)c3ccccc3)OC(=O)N4CCCC4,CHEMBL566233,IC50,8.42
518113,CN(C)C(CS(=O)(=O)C)c1oc(cc1)c2ccc3ncnc(Nc4ccc(OCc5cccc(F)c5)c(Cl)c4)c3c2,CHEMBL3344208,IC50,8.44
518124,ONC(=O)\C=C\c1ccc(s1)c2ccc3ncnc(Nc4ccc(OCc5cccc(F)c5)c(Cl)c4)c3c2,CHEMBL1630108,IC50,8.46
518135,ONC(=O)c1ccc(s1)c2ccc3ncnc(Nc4ccc(OCc5cccc(F)c5)c(Cl)c4)c3c2,CHEMBL1630118,IC50,8.46
518146,CS(=O)(=O)CC(N)c1oc(cc1)c2ccc3ncnc(Nc4ccc(OCc5cccc(F)c5)c(Cl)c4)c3c2,CHEMBL3344209,IC50,8.47
518157,CC(C)(CO)C(=O)NCCn1ccc2ncnc(Nc3ccc(Oc4cccc5sncc45)c(Cl)c3)c12,CHEMBL2048908,IC50,8.48
518168,Cn1ccc2ncnc(Nc3ccc(Oc4cccc(Cl)c4)c(Cl)c3)c12,CHEMBL1923003,IC50,8.48
518179,CN1CCC(CC1)Nc2ncc3ncnc(Nc4ccc(F)c(Cl)c4)c3n2,CHEMBL258940,IC50,8.52
518190,CNCCOc1n[nH]c2ncnc(Nc3ccc(OCc4ccccn4)c(Cl)c3)c12,CHEMBL255135,IC50,8.52
518201,COc1cc(Nc2ncnc3[nH]nc(OCCN4CCC(O)CC4)c23)ccc1OCc5cccc(F)c5,CHEMBL402339,IC50,8.52
518212,Clc1cc(Nc2ncnc3[nH]nc(OCCN4CCNCC4)c23)ccc1OCc5ccccn5,CHEMBL257430,IC50,8.52
518223,Fc1ccc(Nc2ncnc3cnc(NC(=O)C=C)cc23)cc1Cl,CHEMBL53555,IC50,8.52
518234,CS(=O)(=O)CC(=O)NCCn1ccc2ncnc(Nc3ccc(Oc4cccc(Cl)c4)c(Cl)c3)c12,CHEMBL2148050,IC50,8.54
518245,CS(=O)(=O)C[C@@H](N)c1oc(cc1)c2ccc3ncnc(Nc4ccc(OCc5cccc(F)c5)c(Cl)c4)c3c2,CHEMBL3344215,IC50,8.54
518256,CC(C)N(CC#CC(=O)Nc1ccc2ncnc(Nc3ccc(F)c(Cl)c3)c2c1)C(C)C,CHEMBL380669,IC50,8.55
518267,CS(=O)(=O)O.OCCC(=O)NCCn1ccc2ncnc(Nc3ccc(Oc4cccc(c4)C(F)(F)F)c(Cl)c3)c12,CHEMBL1923022,IC50,8.55
518278,C[C@@H](Oc1cccc2ncnc(Nc3ccc4c(cnn4Cc5nccs5)c3)c12)C(=O)N6CCOCC6,CHEMBL257411,Ki,8.57
518289,CCN(CC)CCC#CC(=O)Nc1ccc2ncnc(Nc3ccc(F)c(Cl)c3)c2c1,CHEMBL382073,IC50,8.59
518300,OCCn1ccc2ncnc(Nc3ccc(Oc4cccc5CNC(=O)c45)c(Cl)c3)c12,CHEMBL2048794,IC50,8.6
518311,OCCn1ccc2ncnc(Nc3ccc(Oc4cccc5[nH]ccc45)c(Cl)c3)c12,CHEMBL2048797,IC50,8.6
518322,Brc1cccc(Nc2ncnc3cnc(NC(=O)C#C)cc23)c1,CHEMBL378144,IC50,8.62
518333,CC(C)(C)NC(=O)c1cccc(Oc2ccc(Nc3ncnc4ccn(CCO)c34)cc2Cl)c1,CHEMBL2048788,IC50,8.64
518344,Fc1ccc(Nc2ncnc3ccc(NC(=O)C#CCCN4CCOCC4)cc23)cc1Cl,CHEMBL204085,IC50,8.64
518355,CC(C)(O)C(=O)NCCn1ccc2ncnc(Nc3ccc(Oc4cccc5sncc45)c(Cl)c3)c12.CS(=O)(=O)O,CHEMBL2048907,IC50,8.66
518366,Cn1ncc2c(Oc3ccc(Nc4ncnc5ccn(CCO)c45)cc3Cl)cccc12,CHEMBL2048904,IC50,8.68
518377,Fc1ccc(Nc2ncnc3cnc(NC(=O)C#CCCN4CCCCC4)cc23)cc1Cl,CHEMBL205059,IC50,8.68
518388,OCC#CC(=O)Nc1ccc2ncnc(Nc3ccc(F)c(Cl)c3)c2c1,CHEMBL202411,IC50,8.68
518399,OCCOCCn1ccc2ncnc(Nc3ccc(Oc4cccc(Cl)c4)c(Cl)c3)c12,CHEMBL1923009,IC50,8.68
518410,OCCn1ccc2ncnc(Nc3ccc(Oc4cccc5sncc45)c(Cl)c3)c12,CHEMBL2048905,IC50,8.68
518421,CC(C)(C(=O)NCCn1ccc2ncnc(Nc3ccc(Oc4cccc5sncc45)c(Cl)c3)c12)S(=O)(=O)C,CHEMBL2048909,IC50,8.7
518432,CC(C)(Oc1cccc2ncnc(Nc3ccc(OCc4ccccn4)c(Cl)c3)c12)C(=O)N,CHEMBL518750,IC50,8.7
518443,C[C@@H](Oc1cccc2ncnc(Nc3ccc(Oc4ccc(C)nc4)c(C)c3)c12)C(=O)N(C)CCO,CHEMBL257478,IC50,8.7
518454,Clc1cc(Nc2ncnc3[nH]nc(OCCN4CCCC4)c23)ccc1OCc5ccccn5,CHEMBL402553,IC50,8.7
518465,OCC(=O)N1CCC[C@H]1COc2cccc3ncnc(Nc4ccc(OCc5ccccn5)c(Cl)c4)c23,CHEMBL403569,IC50,8.7
518476,ONC(=O)c1oc(cc1)c2ccc3ncnc(Nc4ccc(OCc5cccc(F)c5)c(Cl)c4)c3c2,CHEMBL1630117,IC50,8.7
518487,Brc1cccc(Nc2ncnc3ccc(NC(=O)C#C)cc23)c1,CHEMBL202360,IC50,8.72
518498,OCCn1ccc2ncnc(Nc3ccc(Oc4cccc5[nH]ncc45)c(Cl)c3)c12,CHEMBL2048903,IC50,8.77
518509,CC(=O)NCCn1ccc2ncnc(Nc3ccc(Oc4cccc5sncc45)c(Cl)c3)c12,CHEMBL2048906,IC50,8.8
518520,OCCn1ccc2ncnc(Nc3ccc(Oc4cccc5NC(=O)Cc45)c(Cl)c3)c12,CHEMBL2048796,IC50,8.8
518531,OCCn1ccc2ncnc(Nc3ccc(Oc4cccc5CC(=O)Nc45)c(Cl)c3)c12,CHEMBL2048795,IC50,8.82
518542,CCOc1cc2ncnc(Nc3ccc(OCc4ccccn4)c(Cl)c3)c2cc1NC(=O)\C(=C\CN(C)C)\F,CHEMBL3357637,IC50,8.86
518553,OCCn1ccc2ncnc(Nc3ccc(Oc4ccc5CNC(=O)c5c4)c(Cl)c3)c12,CHEMBL2048789,IC50,8.89
518564,CC#CC(=O)Nc1cc2c(Nc3ccc(F)c(Cl)c3)ncnc2cn1,CHEMBL203644,IC50,8.96
518575,Fc1ccc(Nc2ncnc3cnc(NC(=O)C=C)cc23)cc1Br,CHEMBL54091,IC50,8.96
518586,CN1CCN(CCOc2n[nH]c3ncnc(Nc4ccc(OCc5ccccn5)c(Cl)c4)c23)CC1,CHEMBL258282,IC50,9.0
518597,CNC(CS(=O)(=O)C)c1oc(cc1)c2ccc3ncnc(Nc4ccc(OCc5cccc(F)c5)c(Cl)c4)c3c2,CHEMBL3344210,IC50,9.0
518608,CS(=O)(=O)CCNCc1oc(cc1)c2ccc3ncnc(Nc4ccc5c(cnn5Cc6ccccc6)c4)c3c2,CHEMBL490062,IC50,9.0
518619,C[C@H](CN(C)C)Oc1cccc2ncnc(Nc3ccc(OCc4cnccn4)c(Cl)c3)c12,CHEMBL483332,IC50,9.0
518630,CC(C)(N)C(=O)NCCn1ccc2ncnc(Nc3ccc(Oc4cccc5sncc45)c(Cl)c3)c12,CHEMBL2048912,IC50,9.01
518641,Cl.Clc1cc(Nc2ncnc3ccn(CCNC(=O)[C@@H]4CCCN4)c23)ccc1Oc5cccc6sncc56,CHEMBL2048911,IC50,9.04
518652,Fc1ccc(Nc2ncnc3cnc(NC(=O)C#CCCN4CCOCC4)cc23)cc1Cl,CHEMBL203661,IC50,9.1
518663,CN1CCN(CCC#CC(=O)Nc2cc3c(Nc4ccc(F)c(Cl)c4)ncnc3cn2)CC1,CHEMBL203599,IC50,9.16
518674,Fc1ccc(Nc2ncnc3cnc(NC(=O)C#CCCN4CCOCC4)cc23)cc1Br,CHEMBL204638,IC50,9.16
518685,CN(C)[C@H](CS(=O)(=O)C)c1oc(cc1)c2ccc3ncnc(Nc4ccc(OCc5cccc(F)c5)c(Cl)c4)c3c2,CHEMBL3344216,IC50,9.3
518696,CN1CCN(CCC#CC(=O)Nc2cc3c(Nc4ccc(F)c(Br)c4)ncnc3cn2)CC1,CHEMBL437890,IC50,9.3
