id,smiles,name,assay_type,activity_value
510733,CN(C)C\C=C\C(=O)NC1=CC2=C(C=C1O[C@H]1CCOC1)N=CN=C2NC1=CC(Cl)=C(F)C=C1,afatinib,Kd,8.2
26231,CN[C@@H]1C[C@H]2O[C@@](C)([C@@H]1OC)n3c4ccccc4c5c6CNC(=O)c6c7c8ccccc8n2c7c35,CHEMBL388978,IC50,7.55
293662,COc1cc(Nc2c(cnc3cc(OCCCN4CCN(C)CC4)c(OC)cc23)C#N)c(Cl)cc1Cl,bosutinib,Kd,7.59
3870165,COc1cc2ncnc(Nc3ccc(F)c(Cl)c3)c2cc1NC(=O)\C(=C\CN(C)C)\F,CHEMBL3357634,IC50,7.64
516249,CN(C)c1cc2c(Nc3ccc4c(cnn4Cc5ccccc5)c3)ncnc2cn1,CHEMBL30432,IC50,7.7
6974966,O=C(Cc1ccccc1)Nc2cccc(c2)c3nc4sccn4c3c5ccnc(Nc6cccc(c6)N7CCOCC7)n5,CHEMBL1090360,IC50,7.75
518289,CCN(CC)CCC#CC(=O)Nc1ccc2ncnc(Nc3ccc(F)c(Cl)c3)c2c1,CHEMBL382073,IC50,7.8
517176,Fc1ccc(Nc2ncnc3cc(OCCCN4CCOCC4)c(NC(=O)C=C)cc23)cc1Cl,CHEMBL31965,IC50,7.85
518322,Brc1cccc(Nc2ncnc3cnc(NC(=O)C#C)cc23)c1,CHEMBL378144,IC50,7.89
511168,Brc1cccc(Nc2ncnc3ccc(NC(=O)C=C)cc23)c1,CHEMBL285063,IC50,7.92
516149,CC#CC(=O)Nc1ccc2ncnc(Nc3cccc(Br)c3)c2c1,CHEMBL91867,IC50,7.92
7815384,Fc1ccc(Nc2ncnc3cc(O[C@H]4CCOC4)c(NC(=O)NCCN5CCCC5)cc23)cc1Cl,CHEMBL3092308,IC50,7.92
518256,CC(C)N(CC#CC(=O)Nc1ccc2ncnc(Nc3ccc(F)c(Cl)c3)c2c1)C(C)C,CHEMBL380669,IC50,7.96
38358,CC(C)c1nc(c2ccc(F)c(NS(=O)(=O)c3c(F)cccc3F)c2)c(s1)c4ccnc(Nc5ccc(nc5)N6CCOCC6)n4,CHEMBL1808264,IC50,8.0
7815399,CCN(CC)CCCNC(=O)Nc1cc2c(Nc3ccc(F)c(Cl)c3)ncnc2cc1O[C@H]4CCOC4,CHEMBL3092314,IC50,8.1
518388,OCC#CC(=O)Nc1ccc2ncnc(Nc3ccc(F)c(Cl)c3)c2c1,CHEMBL202411,IC50,8.14
517739,CCCCC#CC(=O)Nc1cc2c(Nc3ccc(F)c(Cl)c3)ncnc2cn1,CHEMBL202424,IC50,8.15
511112,Fc1ccc(Nc2ncnc3cnc(NC(=O)C#CCN4CCOCC4)cc23)cc1Cl,CHEMBL202556,IC50,8.21
511791,Cc1ccc(NC(=O)c2cccc(c2)C(F)(F)F)cc1C(=O)Nc3cnc(Nc4cccc(NC(=O)C=C)c4)nc3,CHEMBL3290142,IC50,8.26
518344,Fc1ccc(Nc2ncnc3ccc(NC(=O)C#CCCN4CCOCC4)cc23)cc1Cl,CHEMBL204085,IC50,8.37
3860183,Fc1ccc(Nc2ncnc3sc(NC(=O)C=C)cc23)cc1Cl,CHEMBL3233767,IC50,8.4
511393,Nc1ncnc(Nc2ccc(OCc3ccccn3)c(Cl)c2)c1c4occ(CNC(=O)C=C)n4,CHEMBL2035810,IC50,8.4
517517,Cc1ccc(NC(=O)c2cccc(c2)C(F)(F)F)cc1C(=O)Nc3cnc(Nc4cccc(NC(=O)CNC(=O)C=C)c4)nc3,CHEMBL3290148,IC50,8.48
518080,CCCC#CC(=O)Nc1cc2c(Nc3ccc(F)c(Cl)c3)ncnc2cn1,CHEMBL203645,IC50,8.62
293647,CCOc1cc2ncc(C#N)c(Nc3ccc(OCc4ccccn4)c(Cl)c3)c2cc1NC(=O)\C=C\CN(C)C,CHEMBL180022,Kd,8.62
518377,Fc1ccc(Nc2ncnc3cnc(NC(=O)C#CCCN4CCCCC4)cc23)cc1Cl,CHEMBL205059,IC50,8.75
518487,Brc1cccc(Nc2ncnc3ccc(NC(=O)C#C)cc23)c1,CHEMBL202360,IC50,8.77
518663,CN1CCN(CCC#CC(=O)Nc2cc3c(Nc4ccc(F)c(Cl)c4)ncnc3cn2)CC1,CHEMBL203599,IC50,8.92
518674,Fc1ccc(Nc2ncnc3cnc(NC(=O)C#CCCN4CCOCC4)cc23)cc1Br,CHEMBL204638,IC50,9.0
518652,Fc1ccc(Nc2ncnc3cnc(NC(=O)C#CCCN4CCOCC4)cc23)cc1Cl,CHEMBL203661,IC50,9.0
518696,CN1CCN(CCC#CC(=O)Nc2cc3c(Nc4ccc(F)c(Br)c4)ncnc3cn2)CC1,CHEMBL437890,IC50,9.1
518564,CC#CC(=O)Nc1cc2c(Nc3ccc(F)c(Cl)c3)ncnc2cn1,CHEMBL203644,IC50,9.3
