id,smiles,name,assay_type,activity_value
26212,C[C@]12O[C@H](C[C@]1(O)CO)n3c4ccccc4c5c6C(=O)NCc6c7c8ccccc8n2c7c35,CHEMBL603469,Kd,7.55
26231,CN[C@@H]1C[C@H]2O[C@@](C)([C@@H]1OC)n3c4ccccc4c5c6CNC(=O)c6c7c8ccccc8n2c7c35,CHEMBL388978,Kd,7.62
26243,CNC(=O)c1c(F)cccc1Nc2nc(Nc3cc4N(CCc4cc3OC)C(=O)CN(C)C)nc5[nH]ccc25,CHEMBL464552,Kd,8.03
26254,C[C@H]1Oc2cc(cnc2N)c3c(CN(C)C(=O)c4ccc(F)cc14)nn(C)c3C#N,CHEMBL3286830,IC50,8.48
26266,C[C@@H](Oc1cc(cnc1N)c2sc(nc2C)[C@](C)(O)CO)c3cc(F)ccc3n4nccn4,CHEMBL3128069,IC50,8.7
26279,COc1cc(ccc1Nc2ncc(Cl)c(Nc3ccccc3S(=O)(=O)C(C)C)n2)N4CCC(CC4)N5CCN(C)CC5,CHEMBL509032,Kd,8.85
