id,smiles,name,assay_type,activity_value
478430,CN(C1=CC2=NN(C)C(C)=C2C=C1)C1=NC(NC2=CC(=C(C)C=C2)S(N)(=O)=O)=NC=C1,pazopanib,Kd,6.21
325048,COC(=O)c1ccc2\C(=C(\Nc3ccc(cc3)N(C)C(=O)CN4CCN(C)CC4)/c5ccccc5)\C(=O)Nc2c1,nintedanib,Kd,7.03
6964827,CCNC(=O)Nc1cccc(c1)c2cnc3cc(ccn23)c4ncc(F)c(N)n4,CHEMBL3690515,IC50,7.53
6964836,CCNC(=O)Nc1cccc(c1)c2cnc3cc(ccn23)C#Cc4cncn4C,CHEMBL3694657,IC50,7.54
4230129,COc1cc2[nH]c(cc2cc1Cl)C(=O)c3cnn(c3N)c4ccc5[nH]c(C)nc5c4,CHEMBL3681303,IC50,7.54
4230727,COc1cc(CCc2cc(NC(=O)c3ccc(cc3)N4C[C@@H](C)N[C@@H](C)C4)n[nH]2)cc(OC)c1,CHEMBL3348846,IC50,7.57
4228222,Cc1nc2cc(ccc2[nH]1)n3ncc(C(=O)c4cc5ccc(cc5[nH]4)c6cccnn6)c3N,CHEMBL3681246,IC50,7.57
6964849,FC(F)(F)CNC(=O)Nc1cccc(c1)c2cnc3cc(ccn23)c4cncnc4,CHEMBL3690406,IC50,7.57
6964858,Cc1oc(nn1)c2ccn3c(cnc3c2)c4cccc(NC(=O)N)c4,CHEMBL3694717,IC50,7.58
6964867,CC(C)COC(=O)Nc1nc(ncc1F)c2ccn3c(cnc3c2)c4cccc(NC(=O)NCC(F)(F)F)c4,CHEMBL3694666,IC50,7.59
4230013,COCCNc1cccc2[nH]c(cc12)C(=O)c3cnn(c3N)c4ccc5[nH]c(C)nc5c4,CHEMBL3681281,IC50,7.59
6964877,Fc1cnc(nc1NC2CC2)c3ccn4c(cnc4c3)c5cccc(NC(=O)NCC(F)(F)F)c5,CHEMBL3690532,IC50,7.59
3065722,[O-][N+](=O)c1ccccc1c2n[nH]cc2\C=C\3/C(=O)Nc4ccccc34,CHEMBL2347053,IC50,7.6
6964888,OCCC#Cc1ccn2c(cnc2c1)c3cccc(NC(=O)NCC(F)(F)F)c3,CHEMBL3690384,IC50,7.61
6964897,CNc1nc(ncc1N)c2ccn3c(cnc3c2)c4cccc(NC(=O)NCC(F)(F)F)c4,CHEMBL3694703,IC50,7.62
6964906,FC(F)(F)CNC(=O)Nc1cccc(c1)c2cnc3cc(ccn23)C#Cc4ccsc4,CHEMBL3690381,IC50,7.62
6964915,FC(F)(F)CNC(=O)Nc1cccc(c1)c2cnc3cc(ccn23)c4nccc(n4)N5CCC5,CHEMBL3690551,IC50,7.62
6964924,NC1CN(C1)c2ccnc(n2)c3ccn4c(cnc4c3)c5cccc(NC(=O)NCC(F)(F)F)c5,CHEMBL3690547,IC50,7.62
6964933,OC1CN(C1)c2ccnc(n2)c3ccn4c(cnc4c3)c5cccc(NC(=O)NCC(F)(F)F)c5,CHEMBL3690553,IC50,7.62
6964942,Cc1ccnc(n1)c2ccn3c(cnc3c2)c4cccc(NC(=O)NCC(F)(F)F)c4,CHEMBL3690422,IC50,7.63
6964951,CCNC(=O)Nc1cccc(c1)c2cnc3cc(ccn23)c4ccnc(n4)C(F)(F)F,CHEMBL3690587,IC50,7.64
6964960,CNc1nc(ncc1F)c2ccn3c(cnc3c2)c4cccc(NC(=O)NCC(F)(F)F)c4,CHEMBL3690514,IC50,7.64
479470,COc1cc2c(Oc3ccc4[nH]c(C)cc4c3F)ncnc2cc1OCCCN5CCCC5,CHEMBL491473,Kd,7.64
6964971,Cc1cccnc1c2ccn3c(cnc3c2)c4cccc(NC(=O)NCC(F)(F)F)c4,CHEMBL3690467,IC50,7.64
6964980,Cc1cnc(N)nc1c2ccn3c(cnc3c2)c4cccc(NC(=O)NCC(F)(F)F)c4,CHEMBL3690528,IC50,7.64
6964989,FC(F)(F)CNC(=O)Nc1cccc(c1)c2cnc3cc(ccn23)C(=N)OC(=N)S,CHEMBL3647340,IC50,7.65
6964998,COc1cc(OC)c(Cl)c(c1Cl)c2ccc(C(=O)Nc3ccc(CN4CCN(C)CC4)cn3)c5nccnc25,CHEMBL3653100,IC50,7.66
6965007,COc1cc(OC)nc(n1)c2ccn3c(cnc3c2)c4cccc(NC(=O)NCC(F)(F)F)c4,CHEMBL3690412,IC50,7.66
6965016,Fc1ccc(cc1)c2ccn3c(cnc3c2)c4cccc(NC(=O)NC5CC5)c4,CHEMBL3690393,IC50,7.66
1463888,COc1ccc(Cn2ncc(NC(=O)c3cc(NC(=O)Nc4ccc(Cl)c(c4)C(F)(F)F)ccc3C)c2N)cc1,CHEMBL1684800,IC50,7.67
6965027,FC(F)(F)CNC(=O)Nc1cc(Cl)cc(c1)c2cnc3cc(ccn23)c4ccnc(n4)C(F)(F)F,CHEMBL3694689,IC50,7.68
4228030,CN1CCN(CC1)c2ccc(cc2)c3nc4c(N5CCN(CC(=O)Nc6nccs6)CC5)c(Cl)cnc4[nH]3,CHEMBL3401358,IC50,7.7
6965038,COc1cc(OC)c(Cl)c(c1Cl)c2ccc(C(=O)Nc3ccc(CN4CCN(CCO)CC4)cn3)c5nccnc25,CHEMBL3653117,IC50,7.7
6965047,CNC(=O)c1cc(C)nc(n1)c2ccn3c(cnc3c2)c4cccc(NC(=O)NCC(F)(F)F)c4,CHEMBL3690571,IC50,7.72
4228213,Cc1nc2cc(ccc2[nH]1)n3ncc(C(=O)C4=CC5=CC(F)C(CN6CCOCC6)C=C5N4)c3N,CHEMBL3681294,IC50,7.72
6965057,Nc1cc(nc(n1)c2ccn3c(cnc3c2)c4cccc(NC(=O)NCC(F)(F)F)c4)C(F)(F)F,CHEMBL3694711,IC50,7.72
6965066,OCCNc1nc(ncc1F)c2ccn3c(cnc3c2)c4cccc(NC(=O)NCC(F)(F)F)c4,CHEMBL3690516,IC50,7.72
6965075,OC1CCN(CC1)c2ccnc(n2)c3ccn4c(cnc4c3)c5cccc(NC(=O)NCC(F)(F)F)c5,CHEMBL3690472,IC50,7.73
6965084,CC#Cc1ccn2c(cnc2c1)c3cccc(NC(=O)NCC(F)(F)F)c3,CHEMBL3647345,IC50,7.74
6965093,CN(C)c1nc(ncc1C)c2ccn3c(cnc3c2)c4cccc(NC(=O)NCC(F)(F)F)c4,CHEMBL3690550,IC50,7.75
4229881,CN1CCC(CC1)c2ccc3cc([nH]c3c2)C(=O)c4cnn(c4N)c5ccc6[nH]c(C)nc6c5,CHEMBL3681270,IC50,7.75
26231,CN[C@@H]1C[C@H]2O[C@@](C)([C@@H]1OC)n3c4ccccc4c5c6CNC(=O)c6c7c8ccccc8n2c7c35,CHEMBL388978,IC50,7.75
4230261,Cc1nc2cc(ccc2[nH]1)n3ncc(C(=O)C4=CC5C=CC=CC5N4)c3N,CHEMBL3676312,IC50,7.75
4229713,Cc1nc2cc(ccc2[nH]1)n3ncc(C(=O)c4cc5c(NCCc6ccncc6)cccc5[nH]4)c3N,CHEMBL3681283,IC50,7.75
6965107,FC(F)(F)CNC(=O)Nc1cccc(c1)c2cnc3cc(ccn23)c4nccnn4,CHEMBL3690498,IC50,7.75
6965116,OCCN1CC(C1)n2cc(cn2)c3ccn4c(cnc4c3)c5cccc(NC(=O)NCC(F)(F)F)c5,CHEMBL3690566,IC50,7.75
6965125,CCNC(=O)Nc1cccc(c1)c2cnc3cc(ccn23)c4ccc(F)c(C)n4,CHEMBL3690577,IC50,7.77
6965134,CCOC(=O)Nc1nc(ncc1F)c2ccn3c(cnc3c2)c4cccc(NC(=O)NCC(F)(F)F)c4,CHEMBL3694705,IC50,7.77
6965143,CN(C)c1cc(nc(n1)C(F)(F)F)c2ccn3c(cnc3c2)c4cccc(NC(=O)NCC(F)(F)F)c4,CHEMBL3690563,IC50,7.77
6965152,Cc1cnnc(n1)c2ccn3c(cnc3c2)c4cccc(NC(=O)NCC(F)(F)F)c4,CHEMBL3690499,IC50,7.77
6965161,FC(F)(F)CNC(=O)Nc1cc(cc(c1)c2cnc3cc(ccn23)c4ccnc(n4)C(F)(F)F)C#N,CHEMBL3694691,IC50,7.77
6965170,OCC#Cc1ccn2c(cnc2c1)c3cccc(NC(=O)NCC(F)(F)F)c3,CHEMBL3690391,IC50,7.77
6965179,FC(F)(F)CNC(=O)Nc1cccc(c1)c2cnc3cc(ccn23)c4ncc(cn4)C(F)(F)F,CHEMBL3690592,IC50,7.78
6965188,FC(F)(F)CNC(=O)Nc1cncc(c1)c2cnc3cc(ccn23)C#CC4CC4,CHEMBL3690394,IC50,7.78
6965197,CC(C)(C)OC(=O)NC1CN(C1)c2ccnc(n2)c3ccn4c(cnc4c3)c5cccc(NC(=O)NCC(F)(F)F)c5,CHEMBL3690544,IC50,7.79
6965206,CN(N)\N=C(/N)\c1ccn2c(cnc2c1)c3cccc(NC(=O)NCC(F)(F)F)c3,CHEMBL3647341,IC50,7.79
6965215,COc1cc(OC)c(Cl)c(c1Cl)c2ccc(C(=O)Nc3ncc(CN4CCN(C)CC4)[nH]3)c5nccnc25,CHEMBL3653130,IC50,7.8
6965224,COc1cc(OC)c(F)c(c1F)c2ccc(C(=O)Nc3ccc(CN4CCN(C)CC4)cn3)c5ncccc25,CHEMBL3653127,IC50,7.8
6965233,COc1cc(OC)c(F)c(c1F)c2ccc(C(=O)Nc3ncc(CN(C)C)[nH]3)c4nccnc24,CHEMBL3653135,IC50,7.8
6965242,Cc1cc(NC(=O)NCC(F)(F)F)cc(c1)c2cnc3cc(ccn23)c4ncc(F)c(N)n4,CHEMBL3694683,IC50,7.8
6965251,Cc1oc(nn1)c2ccn3c(cnc3c2)c4cccc(NC(=O)NCC(F)(F)F)c4,CHEMBL3647339,IC50,7.8
858301,CN[C@@H]1CC2OC([C@@H]1OC)n3c4ccccc4c5c6CNC(=O)c6c7c8ccccc8n2c7c35,CHEMBL3683258,IC50,7.81
6965261,CN(C)c1nc(ncc1F)c2ccn3c(cnc3c2)c4cccc(NC(=O)NCC(F)(F)F)c4,CHEMBL3690521,IC50,7.82
6965270,Cc1cnc(nc1)c2ccn3c(cnc3c2)c4cccc(NC(=O)NCC(F)(F)F)c4,CHEMBL3690421,IC50,7.82
6965279,Cc1nc2cc(ccc2[nH]1)n3ncc(C(=O)c4cc5cc(ccc5[nH]4)C6=CCNCC6)c3N,CHEMBL3681265,IC50,7.82
6965288,Fc1cnc(nc1)c2ccn3c(cnc3c2)c4cccc(NC(=O)NCC(F)(F)F)c4,CHEMBL3690423,IC50,7.84
6965297,COc1cc(OC)c(Cl)c(c1Cl)c2ccc(C(=O)Nc3ccc(CN4CCN(C)CC4)cn3)c5nc(C)c(C)nc25,CHEMBL3653119,IC50,7.85
6965306,CS(=O)(=O)Nc1nc(ncc1F)c2ccn3c(cnc3c2)c4cccc(NC(=O)NCC(F)(F)F)c4,CHEMBL3694671,IC50,7.85
6965315,Cc1cncc(n1)c2ccn3c(cnc3c2)c4cccc(NC(=O)NCC(F)(F)F)c4,CHEMBL3690463,IC50,7.85
6965324,Cc1nnc(nc1C)c2ccn3c(cnc3c2)c4cccc(NC(=O)NCC(F)(F)F)c4,CHEMBL3690480,IC50,7.87
6965333,FC(F)(F)CNC(=O)Nc1cccc(c1)c2cnc3cc(ccn23)c4ncccn4,CHEMBL3690476,IC50,7.87
6965342,CC(O)C#Cc1ccn2c(cnc2c1)c3cccc(NC(=O)NCC(F)(F)F)c3,CHEMBL3690383,IC50,7.88
6965351,Nc1cnc(nc1)c2ccn3c(cnc3c2)c4cccc(NC(=O)NCC(F)(F)F)c4,CHEMBL3690526,IC50,7.88
6965360,CC(=O)N1CC(C1)n2cc(cn2)c3ccn4c(cnc4c3)c5cccc(NC(=O)NCC(F)(F)F)c5,CHEMBL3690561,IC50,7.89
6965369,CC1=CC(=O)N2N=C(SC2=N1)c3ccn4c(cnc4c3)c5cccc(NC(=O)NCC(F)(F)F)c5,CHEMBL3690392,IC50,7.89
6965378,CN(C)c1ccnc(n1)c2ccn3c(cnc3c2)c4cccc(NC(=O)NCC(F)(F)F)c4,CHEMBL3690482,IC50,7.89
1179053,CN1C(=O)N(Cc2cnc(N)nc12)c3cc(NC(=O)c4cccc(c4)C(F)(F)F)ccc3C,CHEMBL459850,IC50,7.89
6965389,Cc1nc(cc(n1)C(F)(F)F)c2ccn3c(cnc3c2)c4cccc(NC(=O)NCC(F)(F)F)c4,CHEMBL3690586,IC50,7.89
4230183,Cc1nc2cc(ccc2[nH]1)n3ncc(C(=O)c4cc5ccc(CN6CCC(O)CC6)cc5[nH]4)c3N,CHEMBL3676313,IC50,7.89
6965399,FC(F)(F)CNC(=O)Nc1cccc(c1)c2cnc3cc(ccn23)c4cnc(nc4)N5CC(F)(F)C5,CHEMBL3690450,IC50,7.89
6965408,FC(F)(F)CNC(=O)Nc1cccc(c1)c2cnc3cc(ccn23)c4nccc(n4)C(=O)N5CCOCC5,CHEMBL3690570,IC50,7.89
6965417,COc1cncc(n1)c2ccn3c(cnc3c2)c4cccc(NC(=O)NCC(F)(F)F)c4,CHEMBL3690453,IC50,7.91
4230879,CC1CCC(C)N1Cc2ccc3[nH]c(cc3c2)C(=O)c4cnn(c4N)c5ccc6[nH]c(C)nc6c5,CHEMBL3681271,IC50,7.92
4229558,CCN(CC)CCCCNc1ncc2CN(C(=O)N(Cc3cccc(NC(=O)C=C)c3)c2n1)c4c(Cl)c(OC)cc(OC)c4Cl,CHEMBL2216830,IC50,7.92
4230667,CN1CCN(Cc2ccc3[nH]c(cc3c2)C(=O)c4cnn(c4N)c5ccc6[nH]c(C)nc6c5)CC1,CHEMBL3681291,IC50,7.92
6965430,COc1cc(OC)c(Cl)c(c1F)c2ccc(C(=O)Nc3ncc(CN4CCNC(=O)C4)[nH]3)c5nccnc25,CHEMBL3653139,IC50,7.92
6965439,FC(F)(F)CNC(=O)Nc1cccc(c1)c2cnc3cc(ccn23)c4nccc(n4)C#N,CHEMBL3694649,IC50,7.92
6965448,FC(F)(F)CNC(=O)Nc1cccc(c1)c2cnc3cc(ccn23)c4nccc(n4)N5CCNCC5,CHEMBL3694662,IC50,7.92
6965457,COc1nccc(n1)c2ccn3c(cnc3c2)c4cccc(NC(=O)NCC(F)(F)F)c4,CHEMBL3690533,IC50,7.94
6965466,CC(C)c1cc(N)nc(n1)c2ccn3c(cnc3c2)c4cccc(NC(=O)NCC(F)(F)F)c4,CHEMBL3694712,IC50,7.96
6965475,CN(C)CC#Cc1ccn2c(cnc2c1)c3cccc(NC(=O)NCC(F)(F)F)c3,CHEMBL3690379,IC50,7.96
6965484,COc1cc(OC)c(Cl)c(c1F)c2ccc(C(=O)Nc3ncc(CN(C)C)[nH]3)c4nccnc24,CHEMBL3653137,IC50,7.96
6965493,COc1cc(OC)c(F)c(c1F)c2ccc(C(=O)Nc3ccc(CN(C)CC(=O)N)cn3)c4nccnc24,CHEMBL3653120,IC50,7.96
6965502,COc1cc(OC)c(F)c(c1F)c2ccc(C(=O)Nc3ncc(CN4CCOCC4)[nH]3)c5nccnc25,CHEMBL3653136,IC50,7.96
6965511,Cc1cc(nc(n1)C(F)(F)F)c2ccn3c(cnc3c2)c4cccc(NC(=O)NCC(F)(F)F)c4,CHEMBL3690585,IC50,7.96
6965520,Cn1ccnc1\C=C\c2ccn3c(cnc3c2)c4cccc(NC(=O)NCC(F)(F)F)c4,CHEMBL3690540,IC50,7.96
6965529,FC(F)(F)CNC(=O)Nc1cccc(c1)c2cnc3cc(ccn23)c4ccc(cn4)C(=O)N5CCOCC5,CHEMBL3690572,IC50,7.96
6965538,NC(=O)c1ccnc(c1)c2ccn3c(cnc3c2)c4cccc(NC(=O)NCC(F)(F)F)c4,CHEMBL3690559,IC50,7.96
479438,CNC(=O)c1ncc(C#Cc2cc(ccc2C)C(=O)Nc3ccc(CN4CCN(CCO)CC4)c(c3)C(F)(F)F)n1C,CHEMBL1784637,IC50,7.98
6965549,FC(F)(F)CNC(=O)Nc1cccc(c1)c2cnc3cc(ccn23)C#Cc4cccnc4,CHEMBL3690376,IC50,7.98
6965558,NC(=O)c1sccc1c2ccn3c(cnc3c2)c4cccc(NC(=O)NCC(F)(F)F)c4,CHEMBL3690407,IC50,7.99
6965567,COc1cc(OC)c(Cl)c(c1Cl)c2ccc(C(=O)Nc3ncc(CN(C)C)[nH]3)c4nccnc24,CHEMBL3653131,IC50,8.0
6965834,COc1cc(OC)c(Cl)c(c1F)c2ccc(C(=O)Nc3ncc(CN(C)C)[nH]3)c4ncccc24,CHEMBL3653142,IC50,8.0
6965843,COc1cc(OC)c(F)c(c1F)c2ccc(C(=O)Nc3ccc(CN4CCN(C)CC4)cn3)c5nccnc25,CHEMBL3674746,IC50,8.0
6965852,COc1cc(OC)c(F)c(c1F)c2ccc(C(=O)Nc3ccc(CN4CCNCC4)cn3)c5nccnc25,CHEMBL3653134,IC50,8.0
4230707,Cc1nc2cc(ccc2[nH]1)n3ncc(C(=O)c4cc5cc(CN6CCCC6)ccc5[nH]4)c3N,CHEMBL3681292,IC50,8.0
4230352,Cc1nc2cc(ccc2[nH]1)n3ncc(C(=O)c4cc5cc(ccc5[nH]4)C(=O)N6CCOCC6)c3N,CHEMBL3681285,IC50,8.0
327281,O=C(NC1CC1)Nc2c[nH]nc2c3nc4cc(CN5CCOCC5)ccc4[nH]3,CHEMBL495727,IC50,8.0
6965865,Cn1cncc1C#Cc2ccn3c(cnc3c2)c4cccc(NC(=O)N)c4,CHEMBL3694660,IC50,8.02
6965874,FC(F)(F)CNC(=O)Nc1cccc(c1)c2cnc3cc(ccn23)C4=CC(=O)NC=N4,CHEMBL3690536,IC50,8.02
6965883,COc1ccnc(n1)c2ccn3c(cnc3c2)c4cccc(NC(=O)NCC(F)(F)F)c4,CHEMBL3694723,IC50,8.03
6965892,FC(F)(F)CNC(=O)Nc1cccc(c1)c2cnc3cc(ccn23)c4ccnc(n4)C(F)(F)F,CHEMBL3690549,IC50,8.03
6965901,FC(F)(F)CNC(=O)Nc1cccc(c1)c2cnc3cc(ccn23)c4cnccn4,CHEMBL3690395,IC50,8.03
6965910,OCc1cnc(nc1)c2ccn3c(cnc3c2)c4cccc(NC(=O)NCC(F)(F)F)c4,CHEMBL3694668,IC50,8.03
6965919,Cc1cc(N)nc(n1)c2ccn3c(cnc3c2)c4cccc(NC(=O)NCC(F)(F)F)c4,CHEMBL3690523,IC50,8.04
6965928,Cc1cnc(cn1)c2ccn3c(cnc3c2)c4cccc(NC(=O)NCC(F)(F)F)c4,CHEMBL3690456,IC50,8.04
6965937,OCCN1CCN(CC1)c2ccnc(n2)c3ccn4c(cnc4c3)c5cccc(NC(=O)NCC(F)(F)F)c5,CHEMBL3694663,IC50,8.04
6965946,COc1cc(OC)c(Cl)c(c1F)c2ccc(C(=O)Nc3ncc(CN4CCN(C)CC4)[nH]3)c5nccnc25,CHEMBL3653138,IC50,8.05
6965955,COc1cc(OC)c(F)c(c1F)c2ccc(C(=O)Nc3ncc(CN(C)C)[nH]3)c4ncccc24,CHEMBL3653141,IC50,8.05
6965964,CC(C)n1ccnc1C#Cc2ccn3c(cnc3c2)c4cccc(NC(=O)NCC(F)(F)F)c4,CHEMBL3694659,IC50,8.06
6965973,COC(=O)c1cnc(nc1)c2ccn3c(cnc3c2)c4cccc(NC(=O)NCC(F)(F)F)c4,CHEMBL3694682,IC50,8.07
6965982,COc1cnc(cn1)c2ccn3c(cnc3c2)c4cccc(NC(=O)NCC(F)(F)F)c4,CHEMBL3690452,IC50,8.08
4230452,Cc1nc2cc(ccc2[nH]1)n3ncc(C(=O)c4cc5cc(ccc5[nH]4)C(=O)O)c3N,CHEMBL3681295,IC50,8.08
6965992,Cn1cncc1C#Cc2ccn3c(cnc3c2)c4cc(NC(=O)NCC(F)(F)F)ccc4F,CHEMBL3694716,IC50,8.09
6966001,FC(F)(F)CNC(=O)Nc1cc(Cl)cc(c1)c2cnc3cc(ccn23)c4ncccn4,CHEMBL3694699,IC50,8.09
6966010,OC(=O)c1cnc(nc1)c2ccn3c(cnc3c2)c4cccc(NC(=O)NCC(F)(F)F)c4,CHEMBL3694721,IC50,8.09
4222319,CCN1CCC(CC1)c2ccc(cc2)C(=O)Nc3cc(Oc4cc5ccn(C(=O)NC)c5cc4OC)ccn3,CHEMBL3686864,IC50,8.1
6966020,FC(F)(F)CNC(=O)Nc1cccc(c1)c2cnc3cc(ccn23)c4ccnnc4,CHEMBL3690451,IC50,8.1
6966029,FC(F)(F)CNC(=O)Nc1cncc(c1)c2cnc3cc(ccn23)c4nncs4,CHEMBL3690389,IC50,8.1
6966038,CN1CCC(O)(CC1)C#Cc2ccn3c(cnc3c2)c4cccc(NC(=O)NCC(F)(F)F)c4,CHEMBL3690428,IC50,8.11
6966047,COc1cnc(nc1)c2ccn3c(cnc3c2)c4cccc(NC(=O)NCC(F)(F)F)c4,CHEMBL3690496,IC50,8.11
6966056,OC\C=C\c1ccn2c(cnc2c1)c3cccc(NC(=O)NCC(F)(F)F)c3,CHEMBL3690556,IC50,8.11
6966065,NC(=O)c1ccnc(n1)c2ccn3c(cnc3c2)c4cccc(NC(=O)NCC(F)(F)F)c4,CHEMBL3690537,IC50,8.12
6966074,FC(F)(F)CNC(=O)Nc1cncc(c1)c2cnc3cc(ccn23)c4cccnn4,CHEMBL3690385,IC50,8.13
6966083,Nc1nc(cc(n1)C(F)(F)F)c2ccn3c(cnc3c2)c4cccc(NC(=O)NCC(F)(F)F)c4,CHEMBL3690593,IC50,8.13
6966092,Cn1ccnc1C#Cc2ccn3c(cnc3c2)c4cccc(NC(=O)NCC(F)(F)F)c4,CHEMBL3694674,IC50,8.14
6966101,COc1cc(OC)c(Cl)c(c1F)c2ccc(C(=O)Nc3ccc(CN4CCN(C)CC4)cn3)c5nccnc25,CHEMBL3653123,IC50,8.16
6966110,COc1cc(OC)c(F)c(c1F)c2ccc(C(=O)Nc3ncc(CN4CCCC4)[nH]3)c5nccnc25,CHEMBL3653133,IC50,8.16
6966119,Nc1nc(ncc1F)c2ccn3c(cnc3c2)c4cncc(NC(=O)NCC(F)(F)F)c4,CHEMBL3690520,IC50,8.16
4230461,Cc1nc2cc(ccc2[nH]1)n3ncc(C(=O)c4cc5ccc(OC6CCOCC6)cc5[nH]4)c3N,CHEMBL3676316,IC50,8.17
6966129,FC(F)(F)CNC(=O)Nc1cccc(c1)c2cnc3cc(\C=C\c4ccccn4)ccn23,CHEMBL3690538,IC50,8.17
6966138,Cc1nc(cc(n1)c2ccn3c(cnc3c2)c4cccc(NC(=O)NCC(F)(F)F)c4)N5CCN(CCO)CC5,CHEMBL3690545,IC50,8.19
6966147,Cc1ccc(nn1)c2ccn3c(cnc3c2)c4cncc(NC(=O)NCC(F)(F)F)c4,CHEMBL3690386,IC50,8.2
6966156,Cn1ccc(n1)C#Cc2ccn3c(cnc3c2)c4cccc(NC(=O)NCC(F)(F)F)c4,CHEMBL3690449,IC50,8.2
6966165,Nc1ccnc(n1)c2ccn3c(cnc3c2)c4cccc(NC(=O)NCC(F)(F)F)c4,CHEMBL3690473,IC50,8.2
6966174,FC(F)(F)CNC(=O)Nc1cccc(c1)c2cnc3cc(ccn23)C4=CNC(=O)C=N4,CHEMBL3690468,IC50,8.21
4222348,CNC(=O)n1ccc2cc(Oc3ccnc(NC(=O)c4ccc(cc4)C5CCN(C)CC5)c3)c(OCCOC)cc12,CHEMBL3686883,IC50,8.22
6966184,FC(F)(F)CNC(=O)Nc1cccc(c1)c2cnc3cc(ccn23)c4nnc(CCN5CCCC5)s4,CHEMBL3690589,IC50,8.22
6966193,COc1ncc(cc1C)c2ccn3c(cnc3c2)c4cccc(NC(=O)NCC(F)(F)F)c4,CHEMBL3690539,IC50,8.23
6966202,Cc1cnc(nc1N)c2ccn3c(cnc3c2)c4cccc(NC(=O)NCC(F)(F)F)c4,CHEMBL3690527,IC50,8.23
6966211,NC(=O)Nc1cccc(c1)c2cnc3cc(ccn23)c4ncc(F)c(N)n4,CHEMBL3690519,IC50,8.24
6966220,COCc1cc(N)nc(n1)c2ccn3c(cnc3c2)c4cccc(NC(=O)NCC(F)(F)F)c4,CHEMBL3694713,IC50,8.25
4230310,Cc1nc2cc(ccc2[nH]1)n3ncc(C(=O)c4cc5c(NC(CO)CO)cccc5[nH]4)c3N,CHEMBL3681282,IC50,8.25
6966230,Nc1nc(ncc1F)c2ccn3c(cnc3c2)c4cc(Cl)cc(NC(=O)NCC(F)(F)F)c4,CHEMBL3694692,IC50,8.26
4222378,CNC(=O)n1ccc2cc(Oc3ccnc(NC(=O)c4ccc(cc4)C5CCN(CCO)CC5)c3)c(OCCOC)cc12,CHEMBL3686884,IC50,8.27
4230519,C[C@H]1COCCN1Cc2ccc3cc([nH]c3c2)C(=O)c4cnn(c4N)c5ccc6[nH]c(C)nc6c5,CHEMBL3676328,IC50,8.27
4230528,Cc1nc2cc(ccc2[nH]1)n3ncc(C(=O)c4cc5ccc(OCCN6CCOCC6)cc5[nH]4)c3N,CHEMBL3676315,IC50,8.27
6966242,Nc1nc(ncc1CO)c2ccn3c(cnc3c2)c4cccc(NC(=O)NCC(F)(F)F)c4,CHEMBL3694720,IC50,8.27
6966251,CC(=O)c1cnc(nc1)c2ccn3c(cnc3c2)c4cccc(NC(=O)NCC(F)(F)F)c4,CHEMBL3694684,IC50,8.28
6966260,Nc1cnc(nc1N)c2ccn3c(cnc3c2)c4cccc(NC(=O)NCC(F)(F)F)c4,CHEMBL3694702,IC50,8.28
6966269,Fc1cc(NC(=O)NCC(F)(F)F)cc(c1)c2cnc3cc(ccn23)c4ccnc(n4)C(F)(F)F,CHEMBL3694647,IC50,8.29
4230804,COc1cc(CCc2cc(Nc3ncnc4cc(ccc34)N5CCN6CCCCC6C5)n[nH]2)cc(OC)c1,CHEMBL3800526,IC50,8.3
6966280,Cc1ncc(C#Cc2ccn3c(cnc3c2)c4cccc(NC(=O)NCC(F)(F)F)c4)n1C,CHEMBL3690427,IC50,8.31
6966289,NC(=O)Nc1cccc(c1)c2cnc3cc(ccn23)c4nncs4,CHEMBL3694661,IC50,8.31
6966298,Nc1cnc(cn1)c2ccn3c(cnc3c2)c4cccc(NC(=O)NCC(F)(F)F)c4,CHEMBL3690448,IC50,8.31
6966307,Cc1nsc(n1)c2ccn3c(cnc3c2)c4cccc(NC(=O)NCC(F)(F)F)c4,CHEMBL3647346,IC50,8.32
6966316,FC(F)(F)CNC(=O)Nc1cccc(c1)c2cnc3cc(ccn23)c4cnc(nc4)N5CCNC(=O)C5,CHEMBL3690457,IC50,8.32
6966325,Nc1nc(ncc1F)c2ccn3c(cnc3c2)c4cccc(NC(=O)NCC(F)(F)F)c4,CHEMBL3690465,IC50,8.32
6966334,CCOC(=O)c1cnc(nc1N)c2ccn3c(cnc3c2)c4cccc(NC(=O)NCC(F)(F)F)c4,CHEMBL3694679,IC50,8.34
6966343,Cn1cc(cn1)C#Cc2ccn3c(cnc3c2)c4cccc(NC(=O)NCC(F)(F)F)c4,CHEMBL3690419,IC50,8.34
6966352,Cn1cncc1\C=C\c2ccn3c(cnc3c2)c4cccc(NC(=O)NCC(F)(F)F)c4,CHEMBL3690508,IC50,8.34
6966361,FC(F)(F)CNC(=O)Nc1cccc(c1)c2cnc3cc(ccn23)c4nnc(NC5CC5)s4,CHEMBL3694646,IC50,8.34
6966370,Cn1cncc1C#Cc2ccn3c(cnc3c2)c4cccc(NC(=O)NCC(F)(F)F)c4,CHEMBL3690378,IC50,8.35
6966379,Fc1cc(NC(=O)NCC(F)(F)F)cc(c1)c2cnc3cc(ccn23)c4ncccn4,CHEMBL3694694,IC50,8.36
6966388,OCCn1ccnc1C#Cc2ccn3c(cnc3c2)c4cccc(NC(=O)NCC(F)(F)F)c4,CHEMBL3694655,IC50,8.36
6966397,CCN(CC)CCc1nnc(s1)c2ccn3c(cnc3c2)c4cccc(NC(=O)NCC(F)(F)F)c4,CHEMBL3690594,IC50,8.37
6966406,CC(C)(C)OC(=O)NCC1CCN(CC1)c2ccc(cn2)c3ccn4c(cnc4c3)c5cccc(NC(=O)NCC(F)(F)F)c5,CHEMBL3694707,IC50,8.38
6966415,CCOc1cccc(n1)c2ccn3c(cnc3c2)c4cccc(NC(=O)NCC(F)(F)F)c4,CHEMBL3690462,IC50,8.38
6966424,COc1cc(ncn1)c2ccn3c(cnc3c2)c4cccc(NC(=O)NCC(F)(F)F)c4,CHEMBL3690535,IC50,8.38
6966433,Cc1cnnc(c1)c2ccn3c(cnc3c2)c4cccc(NC(=O)NCC(F)(F)F)c4,CHEMBL3690495,IC50,8.38
6966442,Nc1nc(ncc1OCCO)c2ccn3c(cnc3c2)c4cccc(NC(=O)NCC(F)(F)F)c4,CHEMBL3694706,IC50,8.38
6966451,Cc1nccc(n1)c2ccn3c(cnc3c2)c4cccc(NC(=O)NCC(F)(F)F)c4,CHEMBL3690424,IC50,8.39
6966460,FC(F)(F)CNC(=O)Nc1cccc(c1)c2cnc3cc(ccn23)c4nnc(s4)C(F)(F)F,CHEMBL3690382,IC50,8.4
6966469,NC\C=C\C(=N)c1ccn2c(cnc2c1)c3cccc(NC(=O)NCC(F)(F)F)c3,CHEMBL3690374,IC50,8.4
6966478,COc1cnc(nc1N)c2ccn3c(cnc3c2)c4cccc(NC(=O)NCC(F)(F)F)c4,CHEMBL3690525,IC50,8.41
6966487,Nc1nc(ncc1C(F)(F)F)c2ccn3c(cnc3c2)c4cccc(NC(=O)NCC(F)(F)F)c4,CHEMBL3690530,IC50,8.41
6966496,CC(O)c1cnc(nc1)c2ccn3c(cnc3c2)c4cccc(NC(=O)NCC(F)(F)F)c4,CHEMBL3694670,IC50,8.42
6966505,CC(F)(F)c1cnc(nc1)c2ccn3c(cnc3c2)c4cccc(NC(=O)NCC(F)(F)F)c4,CHEMBL3694685,IC50,8.43
6966514,CN1CCN(CC1)c2ncc(cn2)c3ccn4c(cnc4c3)c5cccc(NC(=O)NCC(F)(F)F)c5,CHEMBL3690442,IC50,8.43
6966523,CN1N=C(C=CC1=O)c2ccn3c(cnc3c2)c4cccc(NC(=O)NCC(F)(F)F)c4,CHEMBL3690425,IC50,8.43
6966532,Cc1nc(ccc1F)c2ccn3c(cnc3c2)c4cccc(NC(=O)NCC(F)(F)F)c4,CHEMBL3690524,IC50,8.43
4230825,Cc1nc2cc(ccc2[nH]1)n3ncc(C(=O)c4cc5ccc(OCC6(C)COC6)cc5[nH]4)c3N,CHEMBL3676325,IC50,8.43
6966542,Cn1c(CO)cnc1C#Cc2ccn3c(cnc3c2)c4cccc(NC(=O)NCC(F)(F)F)c4,CHEMBL3694714,IC50,8.43
6966551,Fc1ccnc(c1)c2ccn3c(cnc3c2)c4cccc(NC(=O)NCC(F)(F)F)c4,CHEMBL3690466,IC50,8.43
6966560,Cc1cc(nnc1Cl)c2ccn3c(cnc3c2)c4cccc(NC(=O)NCC(F)(F)F)c4,CHEMBL3690493,IC50,8.45
6966569,Cc1cc(C)nc(c1)c2ccn3c(cnc3c2)c4cccc(NC(=O)NCC(F)(F)F)c4,CHEMBL3690503,IC50,8.46
4230716,Cc1nc2cc(ccc2[nH]1)n3ncc(C(=O)c4cc5ccc(CN6CCOCC6)cc5[nH]4)c3N,CHEMBL3681278,IC50,8.46
6966579,FC(F)(F)CNC(=O)Nc1cccc(c1)c2cnc3cc(ccn23)c4ccc(Cl)nn4,CHEMBL3639892,IC50,8.46
6966588,Nc1cc(nc(n1)C(F)(F)F)c2ccn3c(cnc3c2)c4cccc(NC(=O)NCC(F)(F)F)c4,CHEMBL3690560,IC50,8.46
6966597,FC(F)(F)CNC(=O)Nc1cccc(c1)c2cnc3cc(ccn23)c4cc(ncn4)C(F)(F)F,CHEMBL3690576,IC50,8.47
6966606,FC(F)(F)CNC(=O)Nc1cccc(c1)c2cnc3cc(ccn23)c4ncns4,CHEMBL3647352,IC50,8.48
6966615,Fc1ccc(cc1)c2ccn3c(cnc3c2)c4cccc(NC(=O)NCC(F)(F)F)c4,CHEMBL3647337,IC50,8.48
6966624,CN(C)S(=O)(=O)n1ccnc1c2ccnc(n2)c3ccn4c(cnc4c3)c5cccc(NC(=O)NCC(F)(F)F)c5,CHEMBL3690565,IC50,8.5
6966633,Cc1nc2cc(ccc2[nH]1)n3ncc(C(=O)c4cc5cc(ccc5[nH]4)C(=O)N6CCCC(F)(F)C6)c3N,CHEMBL3676320,IC50,8.51
480664,CN1CCN(CC1)c2ccc3nc([nH]c3c2)C4=C(N)c5c(F)cccc5NC4=O,CHEMBL522892,IC50,8.52
6966644,CNC(=O)c1ccnc(n1)c2ccn3c(cnc3c2)c4cccc(NC(=O)NCC(F)(F)F)c4,CHEMBL3690569,IC50,8.52
6966653,FC(F)(F)CNC(=O)Nc1cccc(c1)c2cnc3cc(ccn23)c4ccncn4,CHEMBL3690398,IC50,8.52
6966662,Nc1nc(ncc1C#N)c2ccn3c(cnc3c2)c4cccc(NC(=O)NCC(F)(F)F)c4,CHEMBL3690517,IC50,8.52
6966671,CN(C(=O)OC(C)(C)C)c1ncc(cc1C)c2ccn3c(cnc3c2)c4cccc(NC(=O)NCC(F)(F)F)c4,CHEMBL3690504,IC50,8.54
6966680,CC(C)(O)c1cnc(nc1)c2ccn3c(cnc3c2)c4cccc(NC(=O)NCC(F)(F)F)c4,CHEMBL3694651,IC50,8.55
6966689,CC(C)c1nc(C)cc(n1)c2ccn3c(cnc3c2)c4cccc(NC(=O)NCC(F)(F)F)c4,CHEMBL3690575,IC50,8.55
6966698,CCN(CC)CCNC(=O)C(C)(C)\N=C\C(C=N)c1ccn2c(cnc2c1)c3cccc(NC(=O)NCC(F)(F)F)c3,CHEMBL3690431,IC50,8.55
6966707,COc1cccc(n1)c2ccn3c(cnc3c2)c4cccc(NC(=O)NCC(F)(F)F)c4,CHEMBL3690464,IC50,8.55
6966716,FC(F)(F)CNC(=O)Nc1cccc(c1)c2cnc3cc(ccn23)c4cccnc4,CHEMBL3690441,IC50,8.55
6966725,OCCN1N=C(C=CC1=O)c2ccn3c(cnc3c2)c4cccc(NC(=O)NCC(F)(F)F)c4,CHEMBL3690488,IC50,8.57
6966734,OCCc1cccc(c1)c2ccn3c(cnc3c2)c4cccc(NC(=O)NCC(F)(F)F)c4,CHEMBL3690470,IC50,8.57
6966743,Cc1ccc(nn1)c2ccn3c(cnc3c2)c4cccc(NC(=O)NCC(F)(F)F)c4,CHEMBL3647351,IC50,8.59
6966752,Cc1cccc(n1)c2ccn3c(cnc3c2)c4cccc(NC(=O)NCC(F)(F)F)c4,CHEMBL3690461,IC50,8.59
6966761,Nc1nc(ncc1C(=O)O)c2ccn3c(cnc3c2)c4cccc(NC(=O)NCC(F)(F)F)c4,CHEMBL3694669,IC50,8.59
6966770,Nc1cc(ncc1C(F)(F)F)c2ccn3c(cnc3c2)c4cccc(NC(=O)NCC(F)(F)F)c4,CHEMBL3690582,IC50,8.6
6966779,CNc1ncc(cc1C)c2ccn3c(cnc3c2)c4cccc(NC(=O)NCC(F)(F)F)c4,CHEMBL3690513,IC50,8.61
6966788,FC(F)(F)CNC(=O)Nc1cccc(c1)c2cnc3cc(ccn23)C4=NNC(=O)C=C4,CHEMBL3690415,IC50,8.61
6966797,CN(C)CCCOc1ccc(cn1)c2ccn3c(cnc3c2)c4cccc(NC(=O)NCC(F)(F)F)c4,CHEMBL3690500,IC50,8.62
6966806,FC(F)(F)CNC(=O)Nc1cccc(c1)c2cnc3cc(ccn23)c4ccc(OC5CCNCC5)nn4,CHEMBL3690489,IC50,8.64
6966815,NC(=O)Nc1cccc(c1)c2cnc3cc(ccn23)c4ccc(F)cc4,CHEMBL3690507,IC50,8.64
6966824,FC(F)(F)CNC(=O)Nc1cccc(c1)c2cnc3cc(ccn23)c4ccc(nc4)N5CCCCC5,CHEMBL3690413,IC50,8.65
6966833,Nc1nc(ncc1CN2CCC2)c3ccn4c(cnc4c3)c5cccc(NC(=O)NCC(F)(F)F)c5,CHEMBL3694653,IC50,8.65
6966842,CC(=O)c1cnc(nc1N)c2ccn3c(cnc3c2)c4cccc(NC(=O)NCC(F)(F)F)c4,CHEMBL3694698,IC50,8.66
6966851,Cc1cn(cn1)c2ccn3c(cnc3c2)c4cccc(NC(=O)NCC(F)(F)F)c4,CHEMBL3647350,IC50,8.66
6966860,Cc1nc2cc(ccc2s1)c3ccn4c(cnc4c3)c5cccc(NC(=O)NCC(F)(F)F)c5,CHEMBL3690568,IC50,8.68
4230273,CCN1CCN(CC1)c2ccc(Nc3cc(ncn3)N(C)C(=O)Nc4c(Cl)c(OC)cc(OC)c4Cl)cc2.OP(=O)(O)O,CHEMBL1834657,IC50,8.7
6966871,CN(C)Cc1cnc(nc1N)c2ccn3c(cnc3c2)c4cccc(NC(=O)NCC(F)(F)F)c4,CHEMBL3694654,IC50,8.7
4230815,C[C@@H](Oc1ccc2[nH]nc(c3nc4cc(ccc4[nH]3)N5CCN(C)CC5)c2c1)c6c(Cl)cncc6Cl,CHEMBL3827178,IC50,8.7
6966882,FC(F)(F)CNC(=O)Nc1cccc(c1)c2cnc3cc(ccn23)c4nncs4,CHEMBL3647344,IC50,8.72
6966891,CC(C)(O)c1cccc(c1)c2ccn3c(cnc3c2)c4cccc(NC(=O)NCC(F)(F)F)c4,CHEMBL3694709,IC50,8.75
6966900,COc1ccc(nn1)c2ccn3c(cnc3c2)c4cccc(NC(=O)NCC(F)(F)F)c4,CHEMBL3690414,IC50,8.76
6966909,Fc1ccc(nc1)c2ccn3c(cnc3c2)c4cccc(NC(=O)NCC(F)(F)F)c4,CHEMBL3690459,IC50,8.76
6966918,FC(F)(F)CNC(=O)Nc1cccc(c1)c2cnc3cc(ccn23)c4ccc(OC5CCCNC5)nn4,CHEMBL3690490,IC50,8.78
6966927,FC(F)(F)CNC(=O)Nc1cccc(c1)c2cnc3cc(ccn23)c4ccc(nn4)C#N,CHEMBL3694650,IC50,8.78
4230548,Cc1nc2cc(ccc2[nH]1)n3ncc(C(=O)c4cc5ccc(cc5[nH]4)N6CCOCC6)c3N,CHEMBL3681284,IC50,8.8
6966937,NCCn1cc(cn1)c2ccn3c(cnc3c2)c4cccc(NC(=O)NCC(F)(F)F)c4,CHEMBL3647353,IC50,8.8
6966946,FC(F)(F)CNC(=O)Nc1cccc(c1)c2cnc3cc(ccn23)c4ccncc4,CHEMBL3690446,IC50,8.81
6966955,Cc1nc(N)cc(n1)c2ccn3c(cnc3c2)c4cccc(NC(=O)NCC(F)(F)F)c4,CHEMBL3690558,IC50,8.82
6966964,CC(C)(\N=C\C(C=N)c1ccn2c(cnc2c1)c3cccc(NC(=O)NCC(F)(F)F)c3)C(=O)N,CHEMBL3690435,IC50,8.84
6966973,Nc1cccc(n1)c2ccn3c(cnc3c2)c4cccc(NC(=O)NCC(F)(F)F)c4,CHEMBL3690469,IC50,8.86
6966982,CC(C)(C)OC(=O)N1CCCC(C1)n2cc(cn2)c3ccn4c(cnc4c3)c5cccc(NC(=O)NCC(F)(F)F)c5,CHEMBL3690403,IC50,8.89
6966991,CSc1nc(N)cc(n1)c2ccn3c(cnc3c2)c4cccc(NC(=O)NCC(F)(F)F)c4,CHEMBL3690555,IC50,8.89
6967000,Cc1ccnc(c1)c2ccn3c(cnc3c2)c4cccc(NC(=O)NCC(F)(F)F)c4,CHEMBL3690460,IC50,8.89
6967009,Nc1ccnc(c1)c2ccn3c(cnc3c2)c4cccc(NC(=O)NCC(F)(F)F)c4,CHEMBL3690471,IC50,8.89
6967018,Nc1nc(ncc1F)c2ccn3c(cnc3c2)c4cc(F)cc(NC(=O)NCC(F)(F)F)c4,CHEMBL3694696,IC50,8.89
6967027,CC(C)(C)OC(=O)N1CCc2nc(sc2C1)c3ccn4c(cnc4c3)c5cccc(NC(=O)NCC(F)(F)F)c5,CHEMBL3690417,IC50,8.9
6967036,CNC(=O)C(C)(C)\N=C\C(C=N)c1ccn2c(cnc2c1)c3cccc(NC(=O)NCC(F)(F)F)c3,CHEMBL3690432,IC50,8.9
6967045,Cc1nc(c(C)n1C)c2ccn3c(cnc3c2)c4cccc(NC(=O)NCC(F)(F)F)c4,CHEMBL3647349,IC50,8.91
4230634,CC(=O)N1CCN(Cc2ccc3cc([nH]c3c2)C(=O)c4cnn(c4N)c5ccc6[nH]c(C)nc6c5)CC1,CHEMBL3681290,IC50,8.92
6967055,Cc1cn2nc(sc2n1)c3ccn4c(cnc4c3)c5cccc(NC(=O)NCC(F)(F)F)c5,CHEMBL3690574,IC50,8.92
6967064,FC(F)(F)CNC(=O)Nc1cccc(c1)c2cnc3cc(ccn23)c4ccccn4,CHEMBL3686062,IC50,8.92
6967073,FC(F)(F)CNC(=O)Nc1cncc(c1)c2cnc3cc(ccn23)c4cnn(c4)C5CNC5,CHEMBL3690485,IC50,8.92
6967082,CC(C)(C(=O)O)n1cc(cn1)c2ccn3c(cnc3c2)c4cccc(NC(=O)NCC(F)(F)F)c4,CHEMBL3686064,IC50,8.94
6967091,CC(C)(C(=O)NC1CC1)n2cc(cn2)c3ccn4c(cnc4c3)c5cccc(NC(=O)NCC(F)(F)F)c5,CHEMBL3690434,IC50,8.96
6967100,CN1CCN(CC1)c2ccc(nn2)c3ccn4c(cnc4c3)c5cccc(NC(=O)NCC(F)(F)F)c5,CHEMBL3690377,IC50,8.96
6967109,FC(F)(F)CNC(=O)Nc1cccc(c1)c2cnc3cc(ccn23)c4nc5CCCc5s4,CHEMBL3690373,IC50,8.96
6967118,NC(=O)c1ccc(nc1)c2ccn3c(cnc3c2)c4cccc(NC(=O)NCC(F)(F)F)c4,CHEMBL3690557,IC50,8.96
6967127,CN1CC(C1)n2cc(cn2)c3ccn4c(cnc4c3)c5cccc(NC(=O)NCC(F)(F)F)c5,CHEMBL3690405,IC50,8.98
6967136,CNc1cc(nc(SC)n1)c2ccn3c(cnc3c2)c4cccc(NC(=O)NCC(F)(F)F)c4,CHEMBL3690567,IC50,9.0
6967145,COCc1cc(nc(N)n1)c2ccn3c(cnc3c2)c4cccc(NC(=O)NCC(F)(F)F)c4,CHEMBL3694722,IC50,9.0
6967154,COc1ccc(nc1)c2ccn3c(cnc3c2)c4cccc(NC(=O)NCC(F)(F)F)c4,CHEMBL3690554,IC50,9.0
6967163,FC(F)(F)CNC(=O)Nc1cccc(c1)c2cnc3cc(ccn23)c4nnc(Nc5cccnc5)s4,CHEMBL3694681,IC50,9.0
6967172,OCCc1nnc(s1)c2ccn3c(cnc3c2)c4cccc(NC(=O)NCC(F)(F)F)c4,CHEMBL3694656,IC50,9.0
6967181,CC(C)Oc1cc(NC(=O)NCC(F)(F)F)cc(c1)c2cnc3cc(ccn23)c4nn5cc(C)nc5s4,CHEMBL3694645,IC50,9.02
6967190,FC(F)(F)CNC(=O)Nc1cncc(c1)c2cnc3cc(ccn23)c4cnn(c4)C5CCNCC5,CHEMBL3690506,IC50,9.03
6967199,OCc1ccc(nc1)c2ccn3c(cnc3c2)c4cccc(NC(=O)NCC(F)(F)F)c4,CHEMBL3690455,IC50,9.03
6967208,COCCNc1ccc(nn1)c2ccn3c(cnc3c2)c4cccc(NC(=O)NCC(F)(F)F)c4,CHEMBL3690443,IC50,9.05
6967217,OCCc1ccc(cc1)c2ccn3c(cnc3c2)c4cccc(NC(=O)NCC(F)(F)F)c4,CHEMBL3690474,IC50,9.05
6967226,CCNC(=O)Nc1cccc(c1)c2cnc3cc(ccn23)c4ncc(c(N)n4)C(F)(F)F,CHEMBL3690583,IC50,9.06
6967235,CCOC(=O)C(C)(C)n1cc(cn1)c2ccn3c(cnc3c2)c4cccc(NC(=O)NCC(F)(F)F)c4,CHEMBL3686061,IC50,9.07
6967244,CC(C)c1cnc(N)nc1c2ccn3c(cnc3c2)c4cccc(NC(=O)NCC(F)(F)F)c4,CHEMBL3690590,IC50,9.08
6967253,Cc1ccc(nc1)c2ccn3c(cnc3c2)c4cccc(NC(=O)NCC(F)(F)F)c4,CHEMBL3690454,IC50,9.08
6967262,FC(F)(F)CNC(=O)Nc1cccc(c1)c2cnc3cc(ccn23)c4nnc(s4)C5CCCO5,CHEMBL3686060,IC50,9.08
6967271,CN(C)C1CCN(CC1)c2ccc(nn2)c3ccn4c(cnc4c3)c5cccc(NC(=O)NCC(F)(F)F)c5,CHEMBL3690400,IC50,9.09
6967280,FC(F)(F)CNC(=O)Nc1cccc(c1)c2cnc3cc(ccn23)c4cnn(c4)C5CNC5,CHEMBL3690401,IC50,9.09
6967289,Cc1c(nnn1C)c2ccn3c(cnc3c2)c4cccc(NC(=O)NCC(F)(F)F)c4,CHEMBL3647343,IC50,9.1
6967298,Nc1ccc(nc1)c2ccn3c(cnc3c2)c4cccc(NC(=O)NCC(F)(F)F)c4,CHEMBL3690486,IC50,9.1
6967307,Cc1nnc(s1)c2ccn3c(cnc3c2)c4cccc(NC(=O)NCC(F)(F)F)c4,CHEMBL3647338,IC50,9.11
6967316,CN(C)C(=O)C(C)(C)\N=C\C(C=N)c1ccn2c(cnc2c1)c3cccc(NC(=O)NCC(F)(F)F)c3,CHEMBL3690433,IC50,9.13
6967325,CN1CCC(CC1)Nc2ccc(nn2)c3ccn4c(cnc4c3)c5cccc(NC(=O)NCC(F)(F)F)c5,CHEMBL3690439,IC50,9.14
6967334,CNc1ccc(nn1)c2ccn3c(cnc3c2)c4cccc(NC(=O)NCC(F)(F)F)c4,CHEMBL3690491,IC50,9.15
6967343,FC(F)(F)CNC(=O)Nc1cccc(c1)c2cnc3cc(ccn23)c4ccc(nn4)N5CCC5,CHEMBL3690445,IC50,9.15
6967352,FC(F)(F)CNC(=O)Nc1cccc(c1)c2cnc3cc(ccn23)c4nnc(CCN5CCCCC5)s4,CHEMBL3690387,IC50,9.15
6967361,OCCc1ccc(nc1)c2ccn3c(cnc3c2)c4cccc(NC(=O)NCC(F)(F)F)c4,CHEMBL3690484,IC50,9.15
6967370,OCCn1cc(cn1)c2ccn3c(cnc3c2)c4cccc(NC(=O)NCC(F)(F)F)c4,CHEMBL3647347,IC50,9.15
4230488,COc1cc(OC)cc(c1)C#Cc2cn(C3CN(C3)C(=O)\C=C\CN(C)C)c4ncnc(N)c24,CHEMBL3701267,IC50,9.16
4230408,COc1cc(OC)cc(c1)C#Cc2cn(C3CN(C3)C(=O)\C=C\CN4CC[C@H](O)C4)c5ncnc(N)c25,CHEMBL3701274,IC50,9.16
6967381,FC(F)(F)CNC(=O)Nc1cccc(c1)c2cnc3cc(ccn23)c4nc5CCNCc5s4,CHEMBL3690416,IC50,9.17
6967390,COCCc1nnc(s1)c2ccn3c(cnc3c2)c4cccc(NC(=O)NCC(F)(F)F)c4,CHEMBL3694708,IC50,9.19
6967399,N\C(=C/CC(=N)N1CCOCC1)\c2ccn3c(cnc3c2)c4cccc(NC(=O)NCC(F)(F)F)c4,CHEMBL3690380,IC50,9.19
6967408,CC(C)N1CC(C1)\N=C\C(C=N)c2ccn3c(cnc3c2)c4cccc(NC(=O)NCC(F)(F)F)c4,CHEMBL3690397,IC50,9.21
6967417,FC(F)(F)CNC(=O)Nc1cccc(c1)c2cnc3cc(ccn23)c4cnn(c4)C5CCCNC5,CHEMBL3690404,IC50,9.21
6967426,CN(C)c1ccc(nn1)c2ccn3c(cnc3c2)c4cccc(NC(=O)NCC(F)(F)F)c4,CHEMBL3690475,IC50,9.22
6967435,CN1CCCC(C1)\N=C\C(C=N)c2ccn3c(cnc3c2)c4cccc(NC(=O)NCC(F)(F)F)c4,CHEMBL3690402,IC50,9.22
6967444,FC(F)(F)CNC(=O)Nc1cccc(c1)c2cnc3cc(ccn23)c4cnn(c4)C5CCNC5,CHEMBL3690409,IC50,9.22
6967453,CCN1CCC(C1)\N=C\C(C=N)c2ccn3c(cnc3c2)c4cccc(NC(=O)NCC(F)(F)F)c4,CHEMBL3690408,IC50,9.24
6967462,FC(F)(F)CNC(=O)Nc1cccc(c1)c2cnc3cc(ccn23)c4cnn(c4)C5CCNCC5,CHEMBL3686063,IC50,9.24
6967471,CC(=O)N1CCN(CC1)c2ccc(cn2)c3ccn4c(cnc4c3)c5cccc(NC(=O)NCC(F)(F)F)c5,CHEMBL3690501,IC50,9.25
6967480,OCCNc1ccc(nn1)c2ccn3c(cnc3c2)c4cccc(NC(=O)NCC(F)(F)F)c4,CHEMBL3690430,IC50,9.25
6967489,CN1CCC(CC1)n2cc(cn2)c3ccn4c(cnc4c3)c5cccc(NC(=O)NCC(F)(F)F)c5,CHEMBL3686065,IC50,9.26
6967498,FC(F)(F)CNC(=O)Nc1cccc(c1)c2cnc3cc(ccn23)c4ccc(nn4)N5CCCCC5,CHEMBL3686066,IC50,9.26
6967507,FC(F)(F)CNC(=O)Nc1cccc(c1)c2cnc3cc(ccn23)c4cnn(c4)C5CCOC5,CHEMBL3690411,IC50,9.27
6967516,NC1CCN(CC1)c2ccc(nn2)c3ccn4c(cnc4c3)c5cccc(NC(=O)NCC(F)(F)F)c5,CHEMBL3690438,IC50,9.27
6967525,Nc1nnc(s1)c2ccn3c(cnc3c2)c4cccc(NC(=O)NCC(F)(F)F)c4,CHEMBL3639935,IC50,9.27
6967534,FC(F)(F)CNC(=O)Nc1cccc(c1)c2cnc3cc(ccn23)c4ccc(nn4)N5CCNC(=O)C5,CHEMBL3690458,IC50,9.28
4228061,COc1cc(OC)cc(c1)C#Cc2cn([C@H]3CCN(C3)C(=O)C#CC(C)(C)O)c4ncnc(N)c24,CHEMBL3701262,IC50,9.3
4230381,COc1cc(OC)cc(c1)C#Cc2nn([C@H]3CCN(C3)C(=O)C=C)c4ncnc(N)c24,CHEMBL3701238,IC50,9.3
6967545,Cn1cnc(c1)c2ccn3c(cnc3c2)c4cccc(NC(=O)NCC(F)(F)F)c4,CHEMBL3647342,IC50,9.31
6967554,OC1CCCN(C1)c2ccc(nn2)c3ccn4c(cnc4c3)c5cccc(NC(=O)NCC(F)(F)F)c5,CHEMBL3690492,IC50,9.32
6967563,FC(F)(F)CNC(=O)Nc1cccc(c1)c2cnc3cc(ccn23)c4nccc(n4)n5ccnc5,CHEMBL3690562,IC50,9.34
6967572,CC(C)(CO)Nc1ccc(nn1)c2ccn3c(cnc3c2)c4cccc(NC(=O)NCC(F)(F)F)c4,CHEMBL3690444,IC50,9.35
4230399,COc1cc(OC)cc(c1)C#Cc2nn(C3CN(C3)C(=O)C=C)c4ncnc(N)c24,CHEMBL3701241,IC50,9.52
4230698,COc1cc(OC)cc(c1)C#Cc2nn([C@H]3CCN(C3)C(=O)C#C)c4ncnc(N)c24,CHEMBL3701239,IC50,9.7
4230737,COc1cc(OC)cc(c1)C#CC2=CN(C3CN(C3)C(=O)C=C)C4N=CN=C(N)C24,CHEMBL3701266,IC50,10.0
