id,smiles,name,assay_type,activity_value
478408,COC1=CC2=C(C=C1C(N)=O)C(OC1=CC=C(NC(=O)NC3CC3)C(Cl)=C1)=CC=N2,lenvatinib,IC50,7.33724213
325048,COC(=O)c1ccc2\C(=C(\Nc3ccc(cc3)N(C)C(=O)CN4CCN(C)CC4)/c5ccccc5)\C(=O)Nc2c1,nintedanib,IC50,7.42021656
478430,CN(C1=CC2=NN(C)C(C)=C2C=C1)C1=NC(NC2=CC(=C(C)C=C2)S(N)(=O)=O)=NC=C1,pazopanib,Kd,6.0
4227501,CCNC(=O)Nc1nc2cc(N)ncc2cc1c3cc(OC)cc(OC)c3,CHEMBL422625,IC50,7.54
4227512,CCNC(=O)Nc1nc2cc(NCCCCN(CC)CC)ncc2cc1c3c(Cl)cccc3Cl,CHEMBL190162,IC50,7.54
4227523,CN1CCN(CCCNc2ncc3cc(c(NC(=O)NC4CCCCC4)nc3n2)c5c(Cl)cccc5Cl)CC1,CHEMBL51028,IC50,7.54
4227533,Cc1nc2cc(ccc2[nH]1)n3ncc(C(=O)c4cc5ccc(cc5[nH]4)c6ccc(nc6)N7CCOCC7)c3N,CHEMBL3681238,IC50,7.54
4227543,CCN(CC)CCCCCNc1cc2nc(NC(=O)NC(C)(C)C)c(cc2cn1)c3cc(OC)cc(OC)c3,CHEMBL192856,IC50,7.55
4227556,CCN(CC)CCCCNc1ncc2cc(c(NC(=O)NC(C)(C)C)nc2n1)c3cc(OC)cc(OC)c3,CHEMBL189584,IC50,7.55
4227567,CCc1oc(nn1)c2cn3ncnc(Nc4cc(C(=O)NOC)c(F)cc4F)c3c2C(C)C,CHEMBL371373,IC50,7.55
4227578,CN1CCN(CC1)c2ccc(Nc3ncc4C=C(C(=O)N(C)c4n3)c5c(Cl)cccc5Cl)cc2,CHEMBL51283,IC50,7.55
4227590,COc1cc2Nc3n[nH]c(C)c3N=C(c4ccccc4Cl)c2cc1F,CHEMBL1980391,IC50,7.55
479101,C[C@@H](O)COc1cn2ncnc(Oc3ccc4[nH]c(C)cc4c3F)c2c1C,CHEMBL377300,IC50,7.55
4227602,Cc1nc2cc(ccc2[nH]1)n3ncc(C(=O)c4cc5ccc(CN6CCNCC6)cc5[nH]4)c3N,CHEMBL3676314,IC50,7.55
3860490,FC(F)(F)c1cc(NC(=O)Nc2ccncc2)cc(c1)c3cncnc3,CHEMBL3752008,IC50,7.55
479133,Fc1ccc2c([nH]nc2c1)c3nc4cc(ccc4[nH]3)N5CCC(CC5)N6CCCCC6,CHEMBL212054,IC50,7.55
4227616,CONC(=O)c1cc(Nc2ncnn3cc(c4oc(CC5CC5)nn4)c(C(C)C)c23)c(F)cc1F,CHEMBL191913,IC50,7.57
4227626,Cc1nc2cc(ccc2[nH]1)n3ncc(C(=O)c4cc5ccc(O)cc5[nH]4)c3N,CHEMBL3681316,IC50,7.57
4227635,CNC(=O)n1ccc2cc(Oc3ccnc(NC(=O)c4cnn(c4)C5CCN(C[C@H](C)O)CC5)c3)c(OC)cc12,CHEMBL3691273,IC50,7.58
4227645,CN1CCN(CC1)c2ccc(Nc3ncc4C=C(C#N)C(=O)N(C5CCCC5)c4n3)cc2,CHEMBL3115681,IC50,7.59
4227656,CN1CCN(CCCNc2cc3nc(NC(=O)NC(C)(C)C)c(cc3cn2)c4c(Cl)cccc4Cl)CC1,CHEMBL191389,IC50,7.59
4227667,C[C@H](COc1cn2ncnc(Oc3ccc4[nH]c(C)cc4c3F)c2c1C)OS(=O)(=O)O,CHEMBL3527569,IC50,7.59
4227678,CCCc1cc(Nc2nc(NCc3cccnc3)ncc2Br)n[nH]1,CHEMBL2088113,IC50,7.6
4227689,CCN(CC)CCCCNc1cc2nc(NC(=O)NC(C)(C)C)c(cc2cn1)c3c(Cl)cccc3Cl,CHEMBL365377,IC50,7.6
4227700,CCN(CC)CCCCNc1cc2nc(NC(=O)NC(C)(C)C)c(cc2cn1)c3cc(OC)cc(OC)c3,CHEMBL191023,IC50,7.6
4227711,COC(=O)c1ccc2\C(=C(\Nc3ccc(cc3)N(CCN(C)C)S(=O)(=O)C)/c4ccccc4)\C(=O)Nc2c1,CHEMBL498266,IC50,7.6
4227722,COCCCc1cc(Nc2ccnc(NCc3onc(c3)C4CC4)n2)n[nH]1,CHEMBL2088257,IC50,7.6
4227733,COc1cc(OC)cc(c1)c2cc3cnc(NC(=O)C)cc3nc2NC(=O)NC(C)(C)C,CHEMBL135889,IC50,7.6
4227744,Cc1cc(Nc2ccnc(NCc3onc(c3)C4CC4)n2)n[nH]1,CHEMBL2088108,IC50,7.6
4227754,Cc1nc2cc(ccc2[nH]1)n3ncc(C(=O)c4cc5ccc(NS(=O)(=O)C)cc5[nH]4)c3N,CHEMBL3681237,IC50,7.6
479052,CCN1CCC(CC1)Nc2ccc3NC(=O)C(=C(c4cc(F)cc(F)c4)c5nc(C)c[nH]5)c3c2,CHEMBL2087168,IC50,7.62
479304,CCN1CCC(CC1)Nc2ccc3NC(=O)C(=C(c4ccc(Cl)cc4)c5ncc[nH]5)c3c2,CHEMBL2086760,IC50,7.62
4227768,CCNC(=O)Nc1nc2cc(NCCCCN(CC)CC)ncc2cc1c3cc(OC)cc(OC)c3,CHEMBL190389,IC50,7.62
4227779,CN1CCN(CC1)c2ccc3[nH]c(nc3c2)C4=C(N)c5cc(Cl)ccc5NC4=O,CHEMBL523745,IC50,7.62
4227789,CNC(=O)n1ccc2cc(Oc3ccnc(NC(=O)c4ccc(CCN5CCC(O)CC5)cc4)c3)c(OC)cc12,CHEMBL3691287,IC50,7.62
4227798,CNC(=O)n1ccc2cc(Oc3ccnc(NC(=O)c4ccc(CN5CCC(O)CC5)cc4)c3)c(OCCCF)cc12,CHEMBL3691303,IC50,7.62
4227807,CNC(=O)n1ccc2cc(Oc3ccnc(NC(=O)c4cnn(c4)C5CCN(CC5)C(C)C)c3)c(OC)cc12,CHEMBL3691274,IC50,7.62
4227817,COc1cc(OC)cc(c1)c2cc3cnc(NCCCCN4CCN(C)CC4)cc3nc2NC(=O)NC(C)(C)C,CHEMBL190161,IC50,7.62
4227828,COc1cc(OC)cc(c1)c2cc3cnc(NCCCN4CCN(C)CC4)cc3nc2NC(=O)NC(C)(C)C,CHEMBL189995,IC50,7.62
4227838,Cc1nc2cc(ccc2[nH]1)n3ncc(C(=O)c4cc5cc(OCC6CC6)ccc5[nH]4)c3N,CHEMBL3681248,IC50,7.62
4227847,Nc1c(cnn1c2ccc3[nH]c(nc3c2)C(F)(F)F)C(=O)c4cc5ccccc5[nH]4,CHEMBL3681286,IC50,7.62
4227856,CNC(=O)n1ccc2cc(Oc3ccnc(NC(=O)c4ccc(CN5CC[C@@H](O)C5)cc4)c3)c(OC)cc12,CHEMBL3691278,IC50,7.63
4227865,CNC(=O)n1ccc2cc(Oc3ccnc(NC(=O)c4ccc(CN5CC[C@H](O)C5)cc4)c3)c(OC)cc12,CHEMBL3691277,IC50,7.63
479041,C(Oc1ccc2c([nH]nc2c1)c3nc4cc(ccc4[nH]3)N5CCC(CC5)N6CCCCC6)c7ccccc7,CHEMBL209704,IC50,7.64
4227876,CNC(=O)n1ccc2cc(Oc3ccnc(NC(=O)c4cnn(c4)C5CCN(C[C@@H](C)O)CC5)c3)c(OC)cc12,CHEMBL3691272,IC50,7.64
4227885,Cc1nc2cc(ccc2[nH]1)n3ncc(C(=O)c4cc5ccc(cc5[nH]4)c6cnn(C)c6)c3N,CHEMBL3681240,IC50,7.64
4227895,CC(Oc1ccc2[nH]nc(c3nc4cc(ccc4[nH]3)N5CCCCC5)c2c1)c6c(Cl)ccnc6Cl,CHEMBL3827325,IC50,7.65
4227905,CNC(=O)n1ccc2cc(Oc3ccnc(NC(=O)c4ccc(CN5CCC[C@@H]5CO)cc4)c3)c(OCCCOC)cc12,CHEMBL3691344,IC50,7.65
4227914,CNC(=O)n1ccc2cc(Oc3ccnc(NC(=O)c4ccc(CN5CC[C@@H](O)C5)cc4)c3)c(OCCCF)cc12,CHEMBL3691302,IC50,7.65
4227923,CCCCOc1ccc2[nH]c(cc2c1)C(=O)c3cnn(c3N)c4ccc5[nH]c(C)nc5c4,CHEMBL3681236,IC50,7.66
4227933,C[C@H](O)COc1cn2ncnc(Oc3ccc4[nH]c(C)cc4c3F)c2c1C,CHEMBL427202,IC50,7.66
4227943,Cc1nc2cc(ccc2[nH]1)n3ncc(C(=O)c4cc5ccc(cc5[nH]4)c6ccc(F)cn6)c3N,CHEMBL3681250,IC50,7.66
4227953,C(Oc1ccc2[nH]nc(c3nc4cc(ccc4[nH]3)N5CCCCC5)c2c1)c6ccncc6,CHEMBL3828723,IC50,7.68
4227964,CCNC(=O)Nc1nc2cc(NCCCN3CCN(C)CC3)ncc2cc1c4cc(OC)cc(OC)c4,CHEMBL188087,IC50,7.68
4227974,Cc1nc2cc(ccc2[nH]1)n3ncc(C(=O)c4cc5ccc(OC6COC6)cc5[nH]4)c3N,CHEMBL3681315,IC50,7.68
479017,NC1=C(C(=O)Nc2ccccc12)c3nc4cc(ccc4[nH]3)N5CCOCC5,CHEMBL204426,IC50,7.68
478687,CCN1CCC(CC1)Nc2ccc3NC(=O)C(=C(c4cccc(F)c4)c5nc(C)c[nH]5)c3c2,CHEMBL2087167,IC50,7.7
4227988,CCN1CCC(CC1)Oc2ccc3NC(=O)C(=C(c4ccccc4)c5nc6cc(OC)ccc6[nH]5)c3c2,CHEMBL2086749,IC50,7.7
4227998,CCN1CCC(CC1)c2ccc(cn2)C(=O)Nc3cc(Oc4cc5ccn(C(=O)NC)c5cc4OCCOC)ccn3,CHEMBL3691308,IC50,7.7
4228008,CN(C)[C@H]1CCN(C1)c2ccc3[nH]c(nc3c2)C4=C(N)c5ccccc5NC4=O,CHEMBL496150,IC50,7.7
4228019,CN1CCCN(CC1)c2ccc3[nH]c(nc3c2)C4=C(N)c5ccccc5NC4=O,CHEMBL523071,IC50,7.7
4228030,CN1CCN(CC1)c2ccc(cc2)c3nc4c(N5CCN(CC(=O)Nc6nccs6)CC5)c(Cl)cnc4[nH]3,CHEMBL3401358,IC50,7.7
4228040,CNC(=O)n1ccc2cc(Oc3ccnc(NC(=O)c4ccc(OCCN5CCC(O)CC5)cc4)c3)c(OC)cc12,CHEMBL3686874,IC50,7.7
4228051,CONC(=O)c1cc(Nc2ncnn3cc(c4oc(C)cn4)c(C(C)C)c23)c(F)cc1F,CHEMBL193306,IC50,7.7
4228061,COc1cc(OC)cc(c1)C#Cc2cn([C@H]3CCN(C3)C(=O)C#CC(C)(C)O)c4ncnc(N)c24,CHEMBL3701262,IC50,7.7
4228071,NC1=C(C(=O)Nc2ccccc12)c3nc4cc(OCCN5CCOCC5)ccc4[nH]3,CHEMBL526658,IC50,7.7
4228082,C=CCOC(=O)C1=C2C(=NC1=O)c3cccc4cccc2c34,CHEMBL1784734,IC50,7.72
4228092,CNC(=O)n1ccc2cc(Oc3ccnc(NC(=O)c4ccc(nc4)C5CCN(CC5)C(C)C)c3)c(OCCOC)cc12,CHEMBL3691307,IC50,7.72
4228103,CONC(=O)c1cc(Nc2ncnn3cc(c4oc(C)nn4)c(C(C)C)c23)c(F)cc1F,CHEMBL365318,IC50,7.72
4228114,COc1cc(OC)cc(c1)c2cc3cnc(NCCCN4CCN(C)CC4)nc3nc2NC(=O)NC(C)(C)C,CHEMBL189059,IC50,7.72
4228124,CCOc1cc2c(ccn2C(=O)NC)cc1Oc3ccnc(NC(=O)c4ccc(cc4)N5CCC(CC5)N6CCCC6)c3,CHEMBL3691292,IC50,7.73
4228133,CNC(=O)n1ccc2cc(Oc3ccnc(NC(=O)c4ccc(CN5CCC[C@H]5CO)cc4)c3)c(OC)cc12,CHEMBL3691276,IC50,7.74
4228142,CNC(=O)n1ccc2cc(Oc3ccnc(NC(=O)c4ccc(CN5CC[C@H](O)C5)cc4)c3)c(OCCCF)cc12,CHEMBL3691301,IC50,7.74
4228151,CCN1CCN(CCc2ccc(cc2)C(=O)Nc3cc(Oc4cc5ccn(C(=O)NC)c5cc4OC)ccn3)CC1,CHEMBL3686873,IC50,7.75
4228161,CCNC(=O)Nc1nc2nc(NCCCN3CCN(C)CC3)ncc2cc1c4cc(OC)cc(OC)c4,CHEMBL189851,IC50,7.75
479212,CN(C1CCN(C)CC1)c2ccc3[nH]c(nc3c2)c4[nH]nc5ccccc45,CHEMBL212429,IC50,7.75
4228173,CNC(=O)n1ccc2cc(Oc3ccnc(NC(=O)c4ccc(CN5CCC(O)CC5)cc4)c3)c(OCCCOC)cc12,CHEMBL3691350,IC50,7.75
4228183,COC(=O)c1ccc2\C(=C(\Nc3ccc(cc3)N(CCN(C)C)C(=O)C)/c4ccccc4)\C(=O)Nc2c1,CHEMBL498265,IC50,7.75
4228193,COCCOc1ccc2[nH]c(cc2c1)C(=O)c3cnn(c3N)c4ccc5[nH]c(C)nc5c4,CHEMBL3681247,IC50,7.75
4228203,CONC(=O)c1cc(Nc2ncnn3cc(c4oc(nn4)N(C)C)c(C(C)C)c23)c(F)cc1F,CHEMBL195847,IC50,7.75
4228213,Cc1nc2cc(ccc2[nH]1)n3ncc(C(=O)C4=CC5=CC(F)C(CN6CCOCC6)C=C5N4)c3N,CHEMBL3681294,IC50,7.75
4228222,Cc1nc2cc(ccc2[nH]1)n3ncc(C(=O)c4cc5ccc(cc5[nH]4)c6cccnn6)c3N,CHEMBL3681246,IC50,7.75
479335,Cl.CNC(=O)c1cccc2cc(Oc3ccnc4cc(OCC5(N)CC5)c(OC)cc34)ccc12,CHEMBL2180605,IC50,7.76
478570,CCN1CCC(CC1)Nc2ccc3NC(=O)C(=C(c4cccc(F)c4)c5ncc[nH]5)c3c2,CHEMBL2086759,IC50,7.77
4228236,CCN1CCC(CC1)Nc2ccc3NC(=O)C(=C(c4ccccc4)c5nc6ccccc6[nH]5)c3c2,CHEMBL2086753,IC50,7.77
4228246,CN(CC#C)Cc1ccc2cc([nH]c2c1)C(=O)c3cnn(c3N)c4ccc5[nH]c(C)nc5c4,CHEMBL3676327,IC50,7.77
478526,COC(=O)c1ccc2\C(=C(\Nc3ccc(cc3)N(CCCN(C)C)C(=O)C)/c4ccccc4)\C(=O)Nc2c1,CHEMBL525909,IC50,7.77
4228257,CNC(=O)n1ccc2cc(Oc3ccnc(NC(=O)c4ccc(CN5CC[C@H](O)C5)cc4)c3)c(OCCCOC)cc12,CHEMBL3691348,IC50,7.78
4228267,CC(Oc1ccc2[nH]nc(c3nc4c(C)cccc4[nH]3)c2c1)c5c(Cl)cncc5Cl,CHEMBL3827322,IC50,7.79
4228277,CCOCCOc1cc2c(ccn2C(=O)NC)cc1Oc3ccnc(NC(=O)c4ccc(CN5CCC(F)CC5)cc4)c3,CHEMBL3691339,IC50,7.79
4228286,CNC(=O)n1ccc2cc(Oc3ccnc(NC(=O)c4ccc(CN5CC[C@@H](O)C5)cc4)c3)c(OCCCOC)cc12,CHEMBL3691349,IC50,7.79
478676,C(Nc1ccc2[nH]nc(c3nc4cc(ccc4[nH]3)N5CCC(CC5)N6CCCCC6)c2c1)C7CCCCC7,CHEMBL379108,IC50,7.8
4228298,CCNC(=O)Nc1nc2cc(NCCCN3CCN(C)CC3)ncc2cc1c4c(Cl)cccc4Cl,CHEMBL190188,IC50,7.8
4228309,CONC(=O)c1cc(Nc2ncnn3cc(c4oc(CS(=O)(=O)C)nn4)c(C(C)C)c23)c(F)cc1F,CHEMBL195398,IC50,7.8
4228319,Cc1nc2cc(ccc2[nH]1)n3ncc(C(=O)c4cc5ccc(I)cc5[nH]4)c3N,CHEMBL3676331,IC50,7.8
478493,C1CCN(CC1)C2CCN(CC2)c3ccc4[nH]c(nc4c3)c5[nH]nc6ccc(Oc7ccccc7)cc56,CHEMBL211662,IC50,7.82
478482,CCN1CCC(CC1)Nc2ccc3NC(=O)C(=C(c4ccccc4F)c5nc(C)c[nH]5)c3c2,CHEMBL2087169,IC50,7.82
4228333,CNc1cccc2NC(=O)C(=C(N)c12)c3nc4cc(ccc4[nH]3)N5CCN(C)CC5,CHEMBL496762,IC50,7.82
4228343,Cc1nc2cc(ccc2[nH]1)n3ncc(C(=O)c4cc5ccc(CO)cc5[nH]4)c3N,CHEMBL3676323,IC50,7.82
4228352,CNC(=O)n1ccc2cc(Oc3ccnc(NC(=O)c4ccc(CN5CCC(O)CC5)cc4)c3)c(OCCOC)cc12,CHEMBL3691323,IC50,7.83
4228361,CCOCCOc1cc2c(ccn2C(=O)NC)cc1Oc3ccnc(NC(=O)c4ccc(CN5C[C@@H](C)N[C@@H](C)C5)cc4)c3,CHEMBL3691261,IC50,7.84
4228370,CNC(=O)n1ccc2cc(Oc3ccnc(NC(=O)c4ccc(cc4)C5CCNCC5)c3)c(OC(C)C)cc12,CHEMBL3686879,IC50,7.84
4228380,CCN1CCC(CC1)Nc2ccc3NC(=O)C(=C(c4ccc(OC)cc4)c5nc6ccccc6[nH]5)c3c2,CHEMBL2086755,IC50,7.85
4228941,CN1CCN(Cc2ccc(NC(=O)Nc3ccc(Oc4ncnc5ccn(C)c45)cc3Cl)cc2C(F)(F)F)CC1,CHEMBL1254755,IC50,7.85
4228952,CONC(=O)c1cc(Nc2ncnn3cc(c4oc(nn4)C5CC5)c(C(C)C)c23)c(F)cc1F,CHEMBL190980,IC50,7.85
4228963,O=C(N[C@H](CN1CCCC1)c2ccccc2)c3cc4[nH]nc(NC(=O)c5ccc(cc5)N6CCOCC6)c4s3,CHEMBL1258913,IC50,7.85
4228973,CNC(=O)n1ccc2cc(Oc3ccnc(NC(=O)c4ccc(CN5CCC(O)CC5)cc4)c3)c(OC(F)F)cc12,CHEMBL3686881,IC50,7.87
4228983,Clc1cnccc1COc2ccc3[nH]nc(c4nc5cc(ccc5[nH]4)N6CCCCC6)c3c2,CHEMBL3827165,IC50,7.87
4228993,CNC(=O)n1ccc2cc(Oc3ccnc(NC(=O)c4ccc(cc4)N5CCC(CC5)N6CCCC6)c3)c(OC)cc12,CHEMBL3686870,IC50,7.88
480628,CC(C)Cn1c2ccc(Nc3ncccn3)cc2c4c5CNC(=O)c5c6c(CCc7nn(C)cc67)c14,CHEMBL2010872,IC50,7.89
4229004,CNC(=O)n1ccc2cc(Oc3ccnc(NC(=O)c4ccc(OC5CCN(C[C@H](C)O)CC5)cc4)c3)c(OC)cc12,CHEMBL3691270,IC50,7.89
4229013,CNC(=O)n1ccc2cc(Oc3ccnc(NC(=O)c4ccc(cc4)C5CN(C5)C(C)C)c3)c(OC)cc12,CHEMBL3691283,IC50,7.89
4229023,Nc1ccc2NC(=O)C(=C(c3ccccc3)c4nc5ccccc5[nH]4)c2c1,CHEMBL2086739,IC50,7.89
4229033,CCN1CCC(CC1)Oc2ccc(cc2)C(=O)Nc3cc(Oc4cc5ccn(C(=O)NC)c5cc4OC)ccn3,CHEMBL3691271,IC50,7.9
4229042,CCOc1cc2c(ccn2C(=O)NC)cc1Oc3ccnc(NC(=O)c4ccc(cc4)C5CCNCC5)c3,CHEMBL3686877,IC50,7.9
4229051,CNC(=O)n1ccc2cc(Oc3ccnc(NC(=O)c4ccc(cc4)C5CCN(C[C@@H](C)O)CC5)c3)c(OC(C)C)cc12,CHEMBL3686880,IC50,7.9
4229060,CNC(=O)n1ccc2cc(Oc3ccnc(NC(=O)c4ccc(CN5CCC[C@@H]5CO)s4)c3)c(OC)cc12,CHEMBL3691265,IC50,7.91
4229069,CNC(=O)n1ccc2cc(Oc3ccnc(NC(=O)c4ccc(cc4)C5CCN(C)CC5)c3)c(OC(C)C)cc12,CHEMBL3691299,IC50,7.91
4229079,CCN1CCC(CC1)Nc2ccc3NC(=O)C(=C(c4ccccc4)c5ncc[nH]5)c3c2,CHEMBL2086758,IC50,7.92
4229089,CCOCCOc1cc2c(ccn2C(=O)NC)cc1Oc3ccnc(NC(=O)c4ccc(CN5CCC[C@@H]5CO)cc4)c3,CHEMBL3691329,IC50,7.92
4229099,CN(C)CCCc1cccc(Nc2ncc3CC(=S)Nc4cc(Cl)ccc4c3n2)c1,CHEMBL1945170,IC50,7.92
4229109,CNC(=O)n1ccc2cc(Oc3ccnc(NC(=O)c4ccc(cc4)C5CCN(CCCF)CC5)c3)c(OC)cc12,CHEMBL3686867,IC50,7.92
4229118,CNC(=O)n1ccc2cc(Oc3ccnc(NC(=O)c4ccc(cc4)C5CN(CC(C)(C)O)C5)c3)c(OC)cc12,CHEMBL3691284,IC50,7.92
4229128,COc1cc(OC)cc(c1)c2cc3cnc(NCCCN4CCOCC4)cc3nc2NC(=O)NC(C)(C)C,CHEMBL339856,IC50,7.92
3065722,[O-][N+](=O)c1ccccc1c2n[nH]cc2\C=C\3/C(=O)Nc4ccccc34,CHEMBL2347053,IC50,7.92
4229140,CCN1CC(C1)c2ccc(cc2)C(=O)Nc3cc(Oc4cc5ccn(C(=O)NC)c5cc4OC)ccn3,CHEMBL3691285,IC50,7.93
4229149,CCN1CCC(CC1)c2ccc(cc2)C(=O)Nc3cc(Oc4cc5ccn(C(=O)NC)c5cc4OC(C)C)ccn3,CHEMBL3691298,IC50,7.93
4229158,CCOc1cc2c(ccn2C(=O)NC)cc1Oc3ccnc(NC(=O)c4ccc(cc4)C5CCN(C)CC5)c3,CHEMBL3691294,IC50,7.93
4229167,CCOCCOc1cc2c(ccn2C(=O)NC)cc1Oc3ccnc(NC(=O)c4ccc(CN5CCN(CC)CC5)cc4)c3,CHEMBL3691340,IC50,7.94
4229176,CCOc1cc2c(ccn2C(=O)NC)cc1Oc3ccnc(NC(=O)c4ccc(cc4)C5CCN(CC)CC5)c3,CHEMBL3686878,IC50,7.94
4229185,CNC(=O)n1ccc2cc(Oc3ccnc(NC(=O)c4ccc(cc4)C5(F)CCNCC5)c3)c(OC)cc12,CHEMBL3686869,IC50,7.94
4229194,CNC(=O)n1ccc2cc(Oc3ccnc(NC(=O)c4ccc(cc4)C5CN(C[C@H](C)O)C5)c3)c(OCCCOC)cc12,CHEMBL3691347,IC50,7.94
4229203,CCOCCOc1cc2c(ccn2C(=O)NC)cc1Oc3ccnc(NC(=O)c4ccc(nc4)C5CCN(CC)CC5)c3,CHEMBL3691259,IC50,7.95
4229212,CNC(=O)n1ccc2cc(Oc3ccnc(NC(=O)c4ccc(CN5C[C@@H](C)N[C@@H](C)C5)s4)c3)c(OC)cc12,CHEMBL3691267,IC50,7.95
4229221,CNC(=O)n1ccc2cc(Oc3ccnc(NC(=O)c4ccc(cc4)C5CCN(CCO)CC5)c3)c(OC(C)C)cc12,CHEMBL3691297,IC50,7.95
4229230,CC(C)N1CCC(CC1)c2ccc3[nH]c(cc3c2)C(=O)c4cnn(c4N)c5ccc6[nH]c(C)nc6c5,CHEMBL3681267,IC50,7.96
4229240,CCN1CCC(CC1)Nc2ccc3NC(=O)C(=C(c4ccccc4)c5nc6cc(OC)ccc6[nH]5)c3c2,CHEMBL2086751,IC50,7.96
4229250,CCN1CCN(Cc2ccc(s2)C(=O)Nc3cc(Oc4cc5ccn(C(=O)NC)c5cc4OC)ccn3)CC1,CHEMBL3691268,IC50,7.96
4229259,CCOCCOc1cc2c(ccn2C(=O)NC)cc1Oc3ccnc(NC(=O)c4ccc(cc4)C5CN(C)C5)c3,CHEMBL3691263,IC50,7.96
4229268,CCOCCOc1cc2c(ccn2C(=O)NC)cc1Oc3ccnc(NC(=O)c4ccc(cc4)C5CN(C[C@@H](C)O)C5)c3,CHEMBL3691326,IC50,7.96
4229278,CN(C)CCCc1cncc(Nc2ncc3CC(=S)Nc4cc(Cl)ccc4c3n2)c1,CHEMBL1945803,IC50,7.96
480664,CN1CCN(CC1)c2ccc3nc([nH]c3c2)C4=C(N)c5c(F)cccc5NC4=O,CHEMBL522892,IC50,7.96
4229290,CNC(=O)n1ccc2cc(Oc3ccnc(NC(=O)c4ccc(OC5CCN(CCO)CC5)cc4)c3)c(OC)cc12,CHEMBL3686876,IC50,7.96
4229299,CNC(=O)n1ccc2cc(Oc3ccnc(NC(=O)c4ccc(cc4)C5CCNCC5F)c3)c(OC)cc12,CHEMBL3686868,IC50,7.96
4229308,Cc1nc2cc(ccc2[nH]1)n3ncc(C(=O)c4cc5cc(ccc5[nH]4)C6CCN(CC6)C7CCCC7)c3N,CHEMBL3681274,IC50,7.96
4229317,CNC(=O)n1ccc2cc(Oc3ccnc(NC(=O)c4ccc(CN5CCC[C@H]5CO)cc4)c3)c(OCCCOC)cc12,CHEMBL3691345,IC50,7.97
4229326,CNC(=O)n1ccc2cc(Oc3ccnc(NC(=O)c4ccc(CN5CCC[C@H]5CO)s4)c3)c(OC)cc12,CHEMBL3691266,IC50,7.97
4229335,CCOCCOc1cc2c(ccn2C(=O)NC)cc1Oc3ccnc(NC(=O)c4ccc(nc4)C5CCN(CC5)C(C)C)c3,CHEMBL3691324,IC50,7.98
4229344,CNC(=O)n1ccc2cc(Oc3ccnc(NC(=O)c4ccc(CN5CCC(O)CC5)s4)c3)c(OC)cc12,CHEMBL3691269,IC50,7.98
4229353,CNC(=O)n1ccc2cc(Oc3ccnc(NC(=O)c4ccc(OC5CCN(C[C@@H](C)O)CC5)cc4)c3)c(OC)cc12,CHEMBL3691282,IC50,7.98
4229362,CNC(=O)n1ccc2cc(Oc3ccnc(NC(=O)c4ccc(cc4)C5CCN(C)CC5)c3)c(OCCCF)cc12,CHEMBL3691306,IC50,7.98
4229371,CCOCCOc1cc2c(ccn2C(=O)NC)cc1Oc3ccnc(NC(=O)c4ccc(CN5CCC(O)CC5)cc4)c3,CHEMBL3691343,IC50,7.99
4229380,CNC(=O)n1ccc2cc(Oc3ccnc(NC(=O)c4ccc(CN5CCC[C@H]5CO)s4)c3)c(OCCOC)cc12,CHEMBL3691313,IC50,7.99
4229389,CNC(=O)n1ccc2cc(Oc3ccnc(NC(=O)c4ccc(cc4)C5CCN(C[C@H](C)O)CC5)c3)c(OC(C)C)cc12,CHEMBL3691296,IC50,7.99
4229399,CCCc1cc(Nc2nc(NCc3onc(C)c3)ncc2Br)n[nH]1,CHEMBL2088094,IC50,8.0
4229410,CCN1CCC(CC1)Nc2ccc3NC(=O)C(=C(c4ccc(C)cc4)c5nc6ccccc6[nH]5)c3c2,CHEMBL2086754,IC50,8.0
4222319,CCN1CCC(CC1)c2ccc(cc2)C(=O)Nc3cc(Oc4cc5ccn(C(=O)NC)c5cc4OC)ccn3,CHEMBL3686864,IC50,8.0
4229421,CCOCCOc1cc2c(ccn2C(=O)NC)cc1Oc3ccnc(NC(=O)c4ccc(CN5CCC[C@H]5CO)cc4)c3,CHEMBL3691260,IC50,8.0
4229430,CCOc1cc2c(ccn2C(=O)NC)cc1Oc3ccnc(NC(=O)c4ccc(cc4)C5CCN(CCO)CC5)c3,CHEMBL3691293,IC50,8.0
4229440,CN1CCN(CC1)C(=O)c2ccc3[nH]c(nc3c2)C4=C(N)c5ccccc5NC4=O,CHEMBL498214,IC50,8.0
4229451,CN1CCN(CC1)c2ccc3[nH]c(nc3c2)C4=C(N)c5cc(ccc5NC4=O)C(=O)NCc6ccccc6,CHEMBL526507,IC50,8.0
478954,CN1CCN(CC1)c2ccc3[nH]c(nc3n2)c4c(O)nc5ccccc5c4N,CHEMBL204524,IC50,8.0
4229463,CN1CCN(CCOc2ccc3cc([nH]c3c2)C(=O)c4cnn(c4N)c5ccc6[nH]c(C)nc6c5)CC1,CHEMBL3676324,IC50,8.0
4229472,CNC(=O)n1ccc2cc(Oc3ccnc(NC(=O)c4ccc(cc4)C5CCN(C)CC5)c3)c(OC)cc12,CHEMBL3691288,IC50,8.0
4229482,COc1cc(OC)cc(c1)c2cc3cnc(NCCCCCN4CCN(C)CC4)cc3nc2NC(=O)NC(C)(C)C,CHEMBL189691,IC50,8.0
4229493,COc1cc(OC)cc(c1)c2cc3cnc(NCCCCCO)cc3nc2NC(=O)NC(C)(C)C,CHEMBL365727,IC50,8.0
480550,Nc1c(c(O)nc2cnccc12)c3nc4cc(ccc4[nH]3)N5CCOCC5,CHEMBL205108,IC50,8.0
480561,Nc1c(c(O)nc2cnccc12)c3nc4ccccc4[nH]3,CHEMBL383618,IC50,8.0
327281,O=C(NC1CC1)Nc2c[nH]nc2c3nc4cc(CN5CCOCC5)ccc4[nH]3,CHEMBL495727,IC50,8.0
4229509,CCOc1cc2c(ccn2C(=O)NC)cc1Oc3ccnc(NC(=O)c4ccc(cc4)C5CCN(CC(C)(C)O)CC5)c3,CHEMBL3639901,IC50,8.01
4229519,Cc1ccc(nc1C(=O)Nc2c(C)cc(cc2C)C(=O)O)N3CCC(O)CC3,CHEMBL3686863,IC50,8.01
4229528,CCOc1cc2c(ccn2C(=O)NC)cc1Oc3ccnc(NC(=O)c4ccc(cc4)C5CCN(C[C@@H](C)O)CC5)c3,CHEMBL3691290,IC50,8.02
4229537,COCCN(CCOC)Cc1ccc2cc([nH]c2c1)C(=O)C3C=NN(C3N)c4ccc5[nH]c(C)nc5c4,CHEMBL3676326,IC50,8.02
4229547,C[C@H](Oc1ccc2[nH]nc(c3nc4cc(ccc4[nH]3)N5CCN(C)CC5)c2c1)c6c(Cl)cncc6Cl,CHEMBL3828022,IC50,8.03
4229558,CCN(CC)CCCCNc1ncc2CN(C(=O)N(Cc3cccc(NC(=O)C=C)c3)c2n1)c4c(Cl)c(OC)cc(OC)c4Cl,CHEMBL2216830,IC50,8.04
4229568,CCOCCOc1cc2c(ccn2C(=O)NC)cc1Oc3ccnc(NC(=O)c4ccc(CN5CC[C@@H](O)C5)cc4)c3,CHEMBL3691338,IC50,8.05
4229577,CCOc1cc2c(ccn2C(=O)NC)cc1Oc3ccnc(NC(=O)c4ccc(cc4)C5CCN(C[C@H](C)O)CC5)c3,CHEMBL3691291,IC50,8.05
479088,CN1CCN(CC1)c2ccc3[nH]c(nc3c2)C4=C(N)c5ccccc5NC4=O,CHEMBL204427,IC50,8.05
4229589,CN1CCN(Cc2ccc3[nH]c(nc3c2)C4=C(N)c5ccccc5NC4=O)CC1,CHEMBL495961,IC50,8.05
4229599,CNC(=O)n1ccc2cc(Oc3ccnc(NC(=O)c4ccc(cc4)C5CCN(CC5)C(C)C)c3)c(OC)cc12,CHEMBL3691281,IC50,8.05
4229608,CNC(=O)n1ccc2cc(Oc3ccnc(NC(=O)c4ccc(cc4)C5CN(C5)C(C)C)c3)c(OCCCOC)cc12,CHEMBL3691351,IC50,8.05
26231,CN[C@@H]1C[C@H]2O[C@@](C)([C@@H]1OC)n3c4ccccc4c5c6CNC(=O)c6c7c8ccccc8n2c7c35,CHEMBL388978,IC50,8.05
4229620,COc1cc(OC)cc(c1)c2cc3cnc(NCCCCCN4CCOCC4)cc3nc2NC(=O)NC(C)(C)C,CHEMBL191070,IC50,8.05
4229630,Cc1nc2cc(ccc2[nH]1)n3ncc(C(=O)C4=CC5C=CC(=CC5N4)C#N)c3N,CHEMBL3681264,IC50,8.05
528630,CC(C)Oc1cc(n[nH]1)n2cnc3ccc(N[C@@H](C)c4ccc(F)cn4)nc23,CHEMBL2151321,IC50,8.06
4229641,CCOc1cc2c(ccn2C(=O)NC)cc1Oc3ccnc(NC(=O)c4ccc(cc4)C5CCN(CC5)C(C)C)c3,CHEMBL3691289,IC50,8.06
4229650,CCN1CC(C1)c2ccc(cc2)C(=O)Nc3cc(Oc4cc5ccn(C(=O)NC)c5cc4OCCCOC)ccn3,CHEMBL3691352,IC50,8.07
4229659,CCN1CCC(CC1)c2ccc(cc2)C(=O)Nc3cc(Oc4cc5ccn(C(=O)NC)c5cc4OCCCF)ccn3,CHEMBL3691264,IC50,8.07
4229668,CCOCCOc1cc2c(ccn2C(=O)NC)cc1Oc3ccnc(NC(=O)c4ccc(CN5CC[C@H](O)C5)cc4)c3,CHEMBL3691330,IC50,8.07
4229677,CNC(=O)n1ccc2cc(Oc3ccnc(NC(=O)c4ccc(CN5CC[C@H](O)C5)s4)c3)c(OCCOC)cc12,CHEMBL3691314,IC50,8.07
4229686,CNC(=O)n1ccc2cc(Oc3ccnc(NC(=O)c4ccc(cc4)C5CCN(C[C@@H](C)O)CC5)c3)c(OCCCF)cc12,CHEMBL3691304,IC50,8.07
4229695,CNC(=O)n1ccc2cc(Oc3ccnc(NC(=O)c4ccc(cc4)C5CN(CC(C)(C)O)C5)c3)c(OCCOC)cc12,CHEMBL3691309,IC50,8.07
4229704,CNC(=O)n1ccc2cc(Oc3ccnc(NC(=O)c4ccc(cc4)C5CN(C[C@@H](C)O)C5)c3)c(OCCOC)cc12,CHEMBL3691310,IC50,8.07
4229713,Cc1nc2cc(ccc2[nH]1)n3ncc(C(=O)c4cc5c(NCCc6ccncc6)cccc5[nH]4)c3N,CHEMBL3681283,IC50,8.07
480617,C(Oc1ccc2[nH]nc(c3nc4cc(ccc4[nH]3)N5CCC(CC5)N6CCCCC6)c2c1)c7ccccc7,CHEMBL377346,IC50,8.1
4229725,CCN(CC)CCCNc1cc2nc(NC(=O)NC(C)(C)C)c(cc2cn1)c3cc(OC)cc(OC)c3,CHEMBL363551,IC50,8.1
4229736,CCN1CCC(CC1)Nc2ccc3NC(=O)C(=C(c4cc(F)cc(F)c4)c5nc6ccccc6[nH]5)c3c2,CHEMBL2086757,IC50,8.1
4229746,CCOCCOc1cc2c(ccn2C(=O)NC)cc1Oc3ccnc(NC(=O)c4ccc(cc4)C5CN(CCO)C5)c3,CHEMBL3691258,IC50,8.1
4229756,CN1CCN(CC1)c2ccc3[nH]c(nc3c2)C4=C(N)c5cc(NCc6ccccc6)ccc5NC4=O,CHEMBL495735,IC50,8.1
4229766,CNC(=O)n1ccc2cc(Oc3ccnc(NC(=O)c4ccc(cc4)C5CCN(CC(C)(C)O)CC5)c3)c(OC)cc12,CHEMBL3691280,IC50,8.1
4229775,CNC(=O)n1ccc2cc(Oc3ccnc(NC(=O)c4ccc(cc4)C5CCN(CCO)CC5)c3)c(OC)cc12,CHEMBL3686865,IC50,8.1
4229784,CNC(=O)n1ccc2cc(Oc3ccnc(NC(=O)c4ccc(cc4)C5CCN(C[C@H](C)O)CC5)c3)c(OCCCF)cc12,CHEMBL3691305,IC50,8.1
858301,CN[C@@H]1CC2OC([C@@H]1OC)n3c4ccccc4c5c6CNC(=O)c6c7c8ccccc8n2c7c35,CHEMBL3683258,IC50,8.1
4229795,COc1cc(OC)cc(c1)c2cc3cnc(NCCCCO)cc3nc2NC(=O)NC(C)(C)C,CHEMBL425363,IC50,8.1
4229806,Cc1cc(CNc2nccc(Nc3cc(CCc4ccccc4)[nH]n3)n2)on1,CHEMBL2088100,IC50,8.1
4229816,Cc1nc2C=C(CCc2[nH]1)n3ncc(C(=O)c4cc5cc(CN6CCN(CC6)S(=O)(=O)C)ccc5[nH]4)c3N,CHEMBL3681289,IC50,8.1
4229826,CC(Oc1ccc2[nH]nc(c3nc4cc(ccc4[nH]3)N5CCCN(C)CC5)c2c1)c6c(Cl)cncc6Cl,CHEMBL3827594,IC50,8.12
4229836,CCOCCOc1cc2c(ccn2C(=O)NC)cc1Oc3ccnc(NC(=O)c4ccc(cc4)C5CN(C[C@H](C)O)C5)c3,CHEMBL3691327,IC50,8.14
4229845,CNC(=O)n1ccc2cc(Oc3ccnc(NC(=O)c4ccc(cc4)C5CCN(C[C@H](C)O)CC5)c3)c(OC)cc12,CHEMBL3686866,IC50,8.14
4229854,CNC(=O)n1ccc2cc(Oc3ccnc(NC(=O)c4ccc(cc4)C5CCN(CC5)C(C)C)c3)c(OCCCOC)cc12,CHEMBL3691355,IC50,8.15
4229863,CNC(=O)n1ccc2cc(Oc3ccnc(NC(=O)c4ccc(cc4)C5CN(C)C5)c3)c(OCCOC)cc12,CHEMBL3691317,IC50,8.15
4229872,CCN1CCC(CC1)c2ccc(cc2)C(=O)Nc3cc(Oc4cc5ccn(C(=O)NC)c5cc4OCCCOC)ccn3,CHEMBL3691357,IC50,8.16
4229881,CN1CCC(CC1)c2ccc3cc([nH]c3c2)C(=O)c4cnn(c4N)c5ccc6[nH]c(C)nc6c5,CHEMBL3681270,IC50,8.16
4229891,CN1CCN(CC1)c2ccc3[nH]c(nc3c2)C4=C(N)c5cc(N)ccc5NC4=O,CHEMBL496764,IC50,8.16
4229901,CNC(=O)n1ccc2cc(Oc3ccnc(NC(=O)c4ccc(cc4)C5CCN(C[C@@H](C)O)CC5)c3)c(OCCOC)cc12,CHEMBL3691320,IC50,8.16
4229910,CNC(=O)n1ccc2cc(Oc3ccnc(NC(=O)c4ccc(cc4)C5CN(C[C@@H](C)O)C5)c3)c(OCCCOC)cc12,CHEMBL3691346,IC50,8.16
4229919,CNC(=O)n1ccc2cc(Oc3ccnc(NC(=O)c4ccc(cc4)C5CN(C[C@H](C)O)C5)c3)c(OCCOC)cc12,CHEMBL3691311,IC50,8.16
4229929,COc1cc(OC)cc(c1)c2cc3cnc(NCCCCN4CCOCC4)cc3nc2NC(=O)NC(C)(C)C,CHEMBL187396,IC50,8.16
4229939,CNC(=O)n1ccc2cc(Oc3ccnc(NC(=O)c4ccc(CN5CC[C@@H](O)C5)s4)c3)c(OCCOC)cc12,CHEMBL3691315,IC50,8.17
4229948,CNC(=O)n1ccc2cc(Oc3ccnc(NC(=O)c4ccc(cc4)C5CN(C5)C(C)C)c3)c(OCCOC)cc12,CHEMBL3691318,IC50,8.17
4229957,CCOCCOc1cc2c(ccn2C(=O)NC)cc1Oc3ccnc(NC(=O)c4ccc(CN5CCC[C@@H]5CO)s4)c3,CHEMBL3691335,IC50,8.18
4229967,Clc1cncc(Cl)c1COc2ccc3[nH]nc(c4nc5cc(ccc5[nH]4)N6CCCCC6)c3c2,CHEMBL3827042,IC50,8.18
4229977,CCOCCOc1cc2c(ccn2C(=O)NC)cc1Oc3ccnc(NC(=O)c4ccc(CN5CC[C@@H](O)C5)s4)c3,CHEMBL3691262,IC50,8.19
4229986,CNC(=O)n1ccc2cc(Oc3ccnc(NC(=O)c4ccc(CN5CCC(O)CC5)s4)c3)c(OCCOC)cc12,CHEMBL3691316,IC50,8.19
4229995,CNC(=O)n1ccc2cc(Oc3ccnc(NC(=O)c4ccc(CN5CCC[C@@H]5CO)s4)c3)c(OCCOC)cc12,CHEMBL3691312,IC50,8.19
4230004,CNC(=O)n1ccc2cc(Oc3ccnc(NC(=O)c4ccc(cc4)C5CCN(C[C@H](C)O)CC5)c3)c(OCCCOC)cc12,CHEMBL3691354,IC50,8.19
4230013,COCCNc1cccc2[nH]c(cc12)C(=O)c3cnn(c3N)c4ccc5[nH]c(C)nc5c4,CHEMBL3681281,IC50,8.19
4230023,C[C@H](Oc1ccc2[nH]nc(c3nc4cc(CCO)ccc4[nH]3)c2c1)c5c(Cl)cncc5Cl,CHEMBL3827752,IC50,8.19
4230033,CCOCCOc1cc2c(ccn2C(=O)NC)cc1Oc3ccnc(NC(=O)c4ccc(cc4)C5CN(CC)C5)c3,CHEMBL3686888,IC50,8.2
4230042,CNC(=O)n1ccc2cc(Oc3ccnc(NC(=O)c4ccc(cc4)C5CCN(C)CC5)c3)c(OCCCOC)cc12,CHEMBL3691358,IC50,8.21
4230051,CNC(=O)n1ccc2cc(Oc3ccnc(NC(=O)c4ccc(cc4)C5CCN(CCO)CC5)c3)c(OCCCOC)cc12,CHEMBL3691356,IC50,8.22
4230061,CCC(Oc1ccc2[nH]nc(c3nc4cc(ccc4[nH]3)N5CCCCC5)c2c1)c6c(Cl)cncc6Cl,CHEMBL3827608,IC50,8.24
4230071,CCN1CC(C1)c2ccc(cc2)C(=O)Nc3cc(Oc4cc5ccn(C(=O)NC)c5cc4OCCOC)ccn3,CHEMBL3691319,IC50,8.24
4230080,CCOCCOc1cc2c(ccn2C(=O)NC)cc1Oc3ccnc(NC(=O)c4ccc(cc4)C5CN(CC(C)(C)O)C5)c3,CHEMBL3691325,IC50,8.24
4222348,CNC(=O)n1ccc2cc(Oc3ccnc(NC(=O)c4ccc(cc4)C5CCN(C)CC5)c3)c(OCCOC)cc12,CHEMBL3686883,IC50,8.24
4222378,CNC(=O)n1ccc2cc(Oc3ccnc(NC(=O)c4ccc(cc4)C5CCN(CCO)CC5)c3)c(OCCOC)cc12,CHEMBL3686884,IC50,8.24
4230092,COc1cc(CCc2cc(Nc3ccnc(NCc4onc(C)c4)n3)n[nH]2)cc(OC)c1,CHEMBL2088096,Kd,8.24
4230102,CCOCCOc1cc2c(ccn2C(=O)NC)cc1Oc3ccnc(NC(=O)c4ccc(CN5CCC(O)CC5)s4)c3,CHEMBL3691337,IC50,8.25
4230111,CNC(=O)n1ccc2cc(Oc3ccnc(NC(=O)c4ccc(cc4)C5CCNCC5)c3)c(OCCOC)cc12,CHEMBL3686882,IC50,8.25
4230120,CNC(=O)n1ccc2cc(Oc3ccnc(NC(=O)c4ccc(cc4)C5CCN(C[C@@H](C)O)CC5)c3)c(OC)cc12,CHEMBL3691279,IC50,8.26
4230129,COc1cc2[nH]c(cc2cc1Cl)C(=O)c3cnn(c3N)c4ccc5[nH]c(C)nc5c4,CHEMBL3681303,IC50,8.26
4230138,CCN1CCC(CC1)c2ccc(cc2)C(=O)Nc3cc(Oc4cc5ccn(C(=O)NC)c5cc4OCCOC)ccn3,CHEMBL3691322,IC50,8.27
4230147,CCOCCOc1cc2c(ccn2C(=O)NC)cc1Oc3ccnc(NC(=O)c4ccc(cc4)C5CCN(CC5)C(C)C)c3,CHEMBL3691331,IC50,8.27
4230156,CCOCCOc1cc2c(ccn2C(=O)NC)cc1Oc3ccnc(NC(=O)c4ccc(cc4)C5CCN(CCO)CC5)c3,CHEMBL3686887,IC50,8.28
4230165,CNC(=O)n1ccc2cc(Oc3ccnc(NC(=O)c4ccc(cc4)C5CCN(CC5)C(C)C)c3)c(OCCOC)cc12,CHEMBL3686885,IC50,8.28
4230174,CNC(=O)n1ccc2cc(Oc3ccnc(NC(=O)c4ccc(cc4)C5CCN(C[C@@H](C)O)CC5)c3)c(OCCCOC)cc12,CHEMBL3691353,IC50,8.28
4230183,Cc1nc2cc(ccc2[nH]1)n3ncc(C(=O)c4cc5ccc(CN6CCC(O)CC6)cc5[nH]4)c3N,CHEMBL3676313,IC50,8.28
4230193,CC(Oc1ccc2[nH]nc(c3oc4ccccc4n3)c2c1)c5c(Cl)cncc5Cl,CHEMBL3827803,IC50,8.29
4230203,CCOCCOc1cc2c(ccn2C(=O)NC)cc1Oc3ccnc(NC(=O)c4ccc(CN5CCC[C@H]5CO)s4)c3,CHEMBL3691336,IC50,8.29
4230212,Cc1nc2cc(ccc2[nH]1)n3ncc(C(=O)c4cc5c(NCCN6CCOCC6)cccc5[nH]4)c3N,CHEMBL3681279,IC50,8.29
4230222,CCN1CCC(CC1)Nc2ccc3NC(=O)C(=C(c4cccc(F)c4)c5nc6ccccc6[nH]5)c3c2,CHEMBL2086756,IC50,8.3
4230232,CCOCCOc1cc2c(ccn2C(=O)NC)cc1Oc3ccnc(NC(=O)c4ccc(cc4)C5CN(C5)C(C)C)c3,CHEMBL3691328,IC50,8.3
4230241,CNC(=O)n1ccc2cc(Oc3ccnc(NC(=O)c4ccc(cc4)C5CCN(C[C@H](C)O)CC5)c3)c(OCCOC)cc12,CHEMBL3691321,IC50,8.3
4230251,COc1cc(CCc2cc(Nc3ccnc(NCc4ccccn4)n3)n[nH]2)cc(OC)c1,CHEMBL2088259,IC50,8.3
4230261,Cc1nc2cc(ccc2[nH]1)n3ncc(C(=O)C4=CC5C=CC=CC5N4)c3N,CHEMBL3676312,IC50,8.3
308739,CNC(=O)C1=CC(OC2=CC=C(NC(=O)NC3=CC=C(Cl)C(=C3)C(F)(F)F)C=C2)=CC=N1,sorafenib,IC50,8.33
4230273,CCN1CCN(CC1)c2ccc(Nc3cc(ncn3)N(C)C(=O)Nc4c(Cl)c(OC)cc(OC)c4Cl)cc2.OP(=O)(O)O,CHEMBL1834657,IC50,8.34
4230283,CCOCCOc1cc2c(ccn2C(=O)NC)cc1Oc3ccnc(NC(=O)c4ccc(cc4)C5CCNCC5)c3,CHEMBL3686886,IC50,8.36
4230292,CCOCCOc1cc2c(ccn2C(=O)NC)cc1Oc3ccnc(NC(=O)c4ccc(cc4)C5CCN(CC)CC5)c3,CHEMBL3691334,IC50,8.38
4230301,CCOCCOc1cc2c(ccn2C(=O)NC)cc1Oc3ccnc(NC(=O)c4ccc(cc4)C5CCN(C[C@@H](C)O)CC5)c3,CHEMBL3691332,IC50,8.38
4230310,Cc1nc2cc(ccc2[nH]1)n3ncc(C(=O)c4cc5c(NC(CO)CO)cccc5[nH]4)c3N,CHEMBL3681282,IC50,8.38
4230320,C(Oc1ccc2[nH]nc(c3nc4cc(ccc4[nH]3)N5CCCCC5)c2c1)c6ccccn6,CHEMBL3828317,IC50,8.39
480650,CN1CCN(CC1)c2ccc3[nH]c(nc3c2)c4c(O)nc5cnccc5c4N,CHEMBL205893,IC50,8.4
4230333,COc1cc(OC)cc(c1)c2cc3cnc(NCCCO)cc3nc2NC(=O)NC(C)(C)C,CHEMBL278472,IC50,8.4
4230343,CCOCCOc1cc2c(ccn2C(=O)NC)cc1Oc3ccnc(NC(=O)c4ccc(cc4)C5CCN(CC(C)(C)O)CC5)c3,CHEMBL3691341,IC50,8.41
4230352,Cc1nc2cc(ccc2[nH]1)n3ncc(C(=O)c4cc5cc(ccc5[nH]4)C(=O)N6CCOCC6)c3N,CHEMBL3681285,IC50,8.42
4230361,CCOCCOc1cc2c(ccn2C(=O)NC)cc1Oc3ccnc(NC(=O)c4ccc(cc4)C5CCN(C)CC5)c3,CHEMBL3691342,IC50,8.43
4230371,CCN1CCN(CC1)c2ccc3[nH]c(nc3c2)c4n[nH]c5ccc(OC(C)c6c(Cl)cncc6Cl)cc45,CHEMBL3827706,IC50,8.44
4230381,COc1cc(OC)cc(c1)C#Cc2nn([C@H]3CCN(C3)C(=O)C=C)c4ncnc(N)c24,CHEMBL3701238,IC50,8.44
4230390,CCOCCOc1cc2c(ccn2C(=O)NC)cc1Oc3ccnc(NC(=O)c4ccc(cc4)C5CCN(C[C@H](C)O)CC5)c3,CHEMBL3691333,IC50,8.47
4230399,COc1cc(OC)cc(c1)C#Cc2nn(C3CN(C3)C(=O)C=C)c4ncnc(N)c24,CHEMBL3701241,IC50,8.5
4230408,COc1cc(OC)cc(c1)C#Cc2cn(C3CN(C3)C(=O)\C=C\CN4CC[C@H](O)C4)c5ncnc(N)c25,CHEMBL3701274,IC50,8.51
480490,CC(C)(C)NC(=O)Nc1cccc2[nH]nc(c3nc4cc(ccc4[nH]3)N5CCC(CC5)N6CCCCC6)c12,CHEMBL379740,IC50,8.52
4230420,CN(C)CC(=O)N(C)c1ccc2[nH]c(nc2c1)C3=C(N)c4ccccc4NC3=O,CHEMBL495962,IC50,8.52
4230431,CN1CCN(CC1)c2ccc3[nH]c(nc3c2)C4=C(N)c5c(C)cccc5NC4=O,CHEMBL495763,IC50,8.52
4230442,CN1CCN(CC1)c2ccc3[nH]c(nc3c2)C4=C(N)c5ccc(F)cc5NC4=O,CHEMBL498013,IC50,8.52
4230452,Cc1nc2cc(ccc2[nH]1)n3ncc(C(=O)c4cc5cc(ccc5[nH]4)C(=O)O)c3N,CHEMBL3681295,IC50,8.52
4230461,Cc1nc2cc(ccc2[nH]1)n3ncc(C(=O)c4cc5ccc(OC6CCOCC6)cc5[nH]4)c3N,CHEMBL3676316,IC50,8.52
4230470,CCc1nc2cc(ccc2[nH]1)n3ncc(C(=O)c4cc5ccccc5[nH]4)c3N,CHEMBL3681287,IC50,8.54
4230479,Cc1nc2cc(ccc2[nH]1)n3ncc(C(=O)c4cc5ccc(CN6CCC(F)(F)CC6)cc5[nH]4)c3N,CHEMBL3681314,IC50,8.54
4230488,COc1cc(OC)cc(c1)C#Cc2cn(C3CN(C3)C(=O)\C=C\CN(C)C)c4ncnc(N)c24,CHEMBL3701267,IC50,8.55
4230498,COc1ccc2[nH]c(nc2c1)c3n[nH]c4ccc(OC(C)c5c(Cl)cncc5Cl)cc34,CHEMBL3828142,IC50,8.55
4230509,CC(Oc1ccc2[nH]nc(c3nc4cc(ccc4[nH]3)N5CCCCC5)c2c1)c6c(Cl)cncc6Cl,CHEMBL3828561,IC50,8.57
4230519,C[C@H]1COCCN1Cc2ccc3cc([nH]c3c2)C(=O)c4cnn(c4N)c5ccc6[nH]c(C)nc6c5,CHEMBL3676328,IC50,8.57
4230528,Cc1nc2cc(ccc2[nH]1)n3ncc(C(=O)c4cc5ccc(OCCN6CCOCC6)cc5[nH]4)c3N,CHEMBL3676315,IC50,8.57
4230538,Cc1cc(CNc2ncc(Br)c(Nc3cc(CCc4ccccc4)[nH]n3)n2)on1,CHEMBL2088095,IC50,8.6
4230548,Cc1nc2cc(ccc2[nH]1)n3ncc(C(=O)c4cc5ccc(cc5[nH]4)N6CCOCC6)c3N,CHEMBL3681284,IC50,8.6
4230558,CC(Oc1ccc2[nH]nc(c3cc4ccccc4[nH]3)c2c1)c5c(Cl)cncc5Cl,CHEMBL3828173,IC50,8.62
4230569,CC(Oc1ccc2[nH]nc(c3nc4cc(F)ccc4[nH]3)c2c1)c5c(Cl)cncc5Cl,CHEMBL3827601,IC50,8.68
4230580,CNc1ccc2[nH]c(nc2c1)c3n[nH]c4ccc(OC(C)c5c(Cl)cncc5Cl)cc34,CHEMBL3828649,IC50,8.68
4230591,CC(Oc1ccc2[nH]nc(c3nc4cc(C)ccc4[nH]3)c2c1)c5c(Cl)cncc5Cl,CHEMBL3827387,IC50,8.7
4230601,CN1CCN(CC1)C(=O)c2ccc3[nH]c(cc3c2)C(=O)c4cnn(c4N)c5ccc6[nH]c(C)nc6c5,CHEMBL3681280,IC50,8.7
4230611,CN1CCN(CC1)c2ccc3[nH]c(nc3c2)C4=C(N)c5c(Cl)cccc5NC4=O,CHEMBL495762,IC50,8.7
4230622,COc1cc(CCc2cc(Nc3ccnc(NCc4cc(C)on4)n3)n[nH]2)cc(OC)c1,CHEMBL2088260,IC50,8.7
480810,FC(F)(F)c1ccc2c([nH]nc2c1)c3nc4cc(ccc4[nH]3)N5CCC(CC5)N6CCCCC6,CHEMBL377230,IC50,8.7
4230634,CC(=O)N1CCN(Cc2ccc3cc([nH]c3c2)C(=O)c4cnn(c4N)c5ccc6[nH]c(C)nc6c5)CC1,CHEMBL3681290,IC50,8.75
4230644,CC(Oc1ccc2[nH]nc(c3nc4ccccc4[nH]3)c2c1)c5c(Cl)cncc5Cl,CHEMBL3827659,IC50,8.75
479438,CNC(=O)c1ncc(C#Cc2cc(ccc2C)C(=O)Nc3ccc(CN4CCN(CCO)CC4)c(c3)C(F)(F)F)n1C,CHEMBL1784637,IC50,8.75
4230657,C(Oc1ccc2[nH]nc(c3nc4cc(ccc4[nH]3)N5CCCCC5)c2c1)c6cccnc6,CHEMBL3827145,IC50,8.77
4230667,CN1CCN(Cc2ccc3[nH]c(cc3c2)C(=O)c4cnn(c4N)c5ccc6[nH]c(C)nc6c5)CC1,CHEMBL3681291,IC50,8.8
4230677,CC(Oc1ccc2[nH]nc(c3nc4cc(CCO)ccc4[nH]3)c2c1)c5c(Cl)cncc5Cl,CHEMBL3827180,IC50,8.82
4230688,CC(Oc1ccc2[nH]nc(c3nc4cc(ccc4[nH]3)N5C[C@@H](C)N[C@@H](C)C5)c2c1)c6c(Cl)cncc6Cl,CHEMBL3828122,IC50,8.85
4230698,COc1cc(OC)cc(c1)C#Cc2nn([C@H]3CCN(C3)C(=O)C#C)c4ncnc(N)c24,CHEMBL3701239,IC50,8.85
4230707,Cc1nc2cc(ccc2[nH]1)n3ncc(C(=O)c4cc5cc(CN6CCCC6)ccc5[nH]4)c3N,CHEMBL3681292,IC50,8.85
4230716,Cc1nc2cc(ccc2[nH]1)n3ncc(C(=O)c4cc5ccc(CN6CCOCC6)cc5[nH]4)c3N,CHEMBL3681278,IC50,8.85
4230727,COc1cc(CCc2cc(NC(=O)c3ccc(cc3)N4C[C@@H](C)N[C@@H](C)C4)n[nH]2)cc(OC)c1,CHEMBL3348846,IC50,8.89
4230737,COc1cc(OC)cc(c1)C#CC2=CN(C3CN(C3)C(=O)C=C)C4N=CN=C(N)C24,CHEMBL3701266,IC50,8.92
4230747,C[C@@H](Oc1ccc2[nH]nc(c3nc4cc(CCO)ccc4[nH]3)c2c1)c5c(Cl)cncc5Cl,CHEMBL3827330,IC50,8.92
480874,CC(C)(C)NC(=O)Nc1ccc2[nH]nc(c3nc4cc(ccc4[nH]3)N5CCC(CC5)N6CCCCC6)c2c1,CHEMBL378024,IC50,9.0
4230760,CC(Oc1ccc2[nH]nc(c3nc4cc(ccc4[nH]3)C5CCN(C)CC5)c2c1)c6c(Cl)cncc6Cl,CHEMBL3827268,IC50,9.0
4230771,CC(Oc1ccc2[nH]nc(c3nc4cc(ccc4[nH]3)N5CCN(C)CC5)c2c1)c6c(Cl)cncc6Cl,CHEMBL3828740,IC50,9.0
4230782,CN1CCCC(C1)Oc2cccc3NC(=O)C(=C(N)c23)c4nc5ccccc5[nH]4,CHEMBL495749,IC50,9.0
4230793,CN1CCN(CC1)c2cccc3NC(=O)C(=C(N)c23)c4nc5ccccc5[nH]4,CHEMBL498551,IC50,9.0
4230804,COc1cc(CCc2cc(Nc3ncnc4cc(ccc34)N5CCN6CCCCC6C5)n[nH]2)cc(OC)c1,CHEMBL3800526,IC50,9.0
4230815,C[C@@H](Oc1ccc2[nH]nc(c3nc4cc(ccc4[nH]3)N5CCN(C)CC5)c2c1)c6c(Cl)cncc6Cl,CHEMBL3827178,IC50,9.05
4230825,Cc1nc2cc(ccc2[nH]1)n3ncc(C(=O)c4cc5ccc(OCC6(C)COC6)cc5[nH]4)c3N,CHEMBL3676325,IC50,9.09
4230835,CC(Oc1ccc2[nH]nc(c3nc4cc(ccc4[nH]3)N5CCC(CC5)N6CCCCC6)c2c1)c7c(Cl)cncc7Cl,CHEMBL3828465,IC50,9.1
2359224,CN1CCN(CC2=CC=C(NC(=O)C3=CC=C(C)C(=C3)C#CC3=CN=C4C=CC=NN34)C=C2C(F)(F)F)CC1,ponatinib,IC50,9.16
4230848,Cc1nc2cc(ccc2[nH]1)n3ncc(C(=O)c4cc5cc(CN6CCCC(F)C6)ccc5[nH]4)c3N,CHEMBL3681272,IC50,9.17
4230858,COCCNc1ccc2[nH]c(nc2c1)c3n[nH]c4ccc(OC(C)c5c(Cl)cncc5Cl)cc34,CHEMBL3827725,IC50,9.22
4230869,CC(Oc1ccc2[nH]nc(c3nc4cc(ccc4[nH]3)N(C)C(=O)CN(C)C)c2c1)c5c(Cl)cncc5Cl,CHEMBL3828439,IC50,9.4
4230879,CC1CCC(C)N1Cc2ccc3[nH]c(cc3c2)C(=O)c4cnn(c4N)c5ccc6[nH]c(C)nc6c5,CHEMBL3681271,IC50,9.5
4230889,CC(Oc1ccc2[nH]nc(c3nc4cc(NCCN(C)C)ccc4[nH]3)c2c1)c5c(Cl)cncc5Cl,CHEMBL3827492,IC50,9.52
4230900,C[C@@H](Oc1ccc2[nH]nc(\C=C\c3cnn(CCO)c3)c2c1)c4c(Cl)cncc4Cl,CHEMBL3828009,IC50,9.52
4230911,CC(Oc1ccc2[nH]nc(c3nc4cc(ccc4[nH]3)N5CCOCC5)c2c1)c6c(Cl)cncc6Cl,CHEMBL3827818,IC50,9.7
