id,smiles,name,assay_type,activity_value
325048,COC(=O)c1ccc2\C(=C(\Nc3ccc(cc3)N(C)C(=O)CN4CCN(C)CC4)/c5ccccc5)\C(=O)Nc2c1,nintedanib,Kd,5.74
4230488,COc1cc(OC)cc(c1)C#Cc2cn(C3CN(C3)C(=O)\C=C\CN(C)C)c4ncnc(N)c24,CHEMBL3701267,IC50,7.68
4228030,CN1CCN(CC1)c2ccc(cc2)c3nc4c(N5CCN(CC(=O)Nc6nccs6)CC5)c(Cl)cnc4[nH]3,CHEMBL3401358,IC50,7.7
4230408,COc1cc(OC)cc(c1)C#Cc2cn(C3CN(C3)C(=O)\C=C\CN4CC[C@H](O)C4)c5ncnc(N)c25,CHEMBL3701274,IC50,7.72
4228061,COc1cc(OC)cc(c1)C#Cc2cn([C@H]3CCN(C3)C(=O)C#CC(C)(C)O)c4ncnc(N)c24,CHEMBL3701262,IC50,7.96
4230815,C[C@@H](Oc1ccc2[nH]nc(c3nc4cc(ccc4[nH]3)N5CCN(C)CC5)c2c1)c6c(Cl)cncc6Cl,CHEMBL3827178,IC50,8.22
4230399,COc1cc(OC)cc(c1)C#Cc2nn(C3CN(C3)C(=O)C=C)c4ncnc(N)c24,CHEMBL3701241,IC50,8.31
4230381,COc1cc(OC)cc(c1)C#Cc2nn([C@H]3CCN(C3)C(=O)C=C)c4ncnc(N)c24,CHEMBL3701238,IC50,8.47
4230737,COc1cc(OC)cc(c1)C#CC2=CN(C3CN(C3)C(=O)C=C)C4N=CN=C(N)C24,CHEMBL3701266,IC50,8.77
4230698,COc1cc(OC)cc(c1)C#Cc2nn([C@H]3CCN(C3)C(=O)C#C)c4ncnc(N)c24,CHEMBL3701239,IC50,9.3
