id,smiles,name,assay_type,activity_value
985681,CC1=NC(NC2=NC=C(S2)C(=O)NC2=C(C)C=CC=C2Cl)=CC(=N1)N1CCN(CCO)CC1,dasatinib,Kd,9.3
293662,COc1cc(Nc2c(cnc3cc(OCCCN4CCN(C)CC4)c(OC)cc23)C#N)c(Cl)cc1Cl,bosutinib,Kd,8.2
26231,CN[C@@H]1C[C@H]2O[C@@](C)([C@@H]1OC)n3c4ccccc4c5c6CNC(=O)c6c7c8ccccc8n2c7c35,CHEMBL388978,Kd,7.77
1502922,Nc1ncnc2c1c(cn2C3CCNCC3)c4cccc(O)c4,CHEMBL450519,Kd,8.16
3803255,Oc1cccc(Nc2ccnc3cc(sc23)c4cccc(CN5CCOCC5)c4)c1,CHEMBL2336005,IC50,8.43
38372,CSc1cccc(Nc2ncc3C=C(C(=O)N(C)c3n2)c4c(Cl)cccc4Cl)c1,CHEMBL386051,Kd,8.62
528630,CC(C)Oc1cc(n[nH]1)n2cnc3ccc(N[C@@H](C)c4ccc(F)cn4)nc23,CHEMBL2151321,IC50,8.66
325552,Cc1cc(Nc2ncc(s2)C(=O)Nc3c(C)cccc3Cl)nc(C)n1,CHEMBL364623,IC50,9.1
1026360,Cc1ccc(O)cc1Nc2ccnc(Nc3cccc(c3)C(=O)N)n2,CHEMBL249097,Kd,9.52
