id,smiles,name,assay_type,activity_value
1421049,COC1=CC2=NC=CC(OC3=CC=C(NC(=O)C4(CC4)C(=O)NC4=CC=C(F)C=C4)C=C3)=C2C=C1OC,cabozantinib,IC50,7.94692135
129147,CCN(CC)CCNC(=O)c1c(C)[nH]c(\C=C\2/C(=O)Nc3ccc(F)cc23)c1C,sunitinib,Kd,9.66
308739,CNC(=O)C1=CC(OC2=CC=C(NC(=O)NC3=CC=C(Cl)C(=C3)C(F)(F)F)C=C2)=CC=N1,sorafenib,Kd,8.35
5637196,CCN(CC)CCOc1ccc2Nc3nccc(n3)c4cccc(COCC=CCOCc1c2)c4,CHEMBL2181329,IC50,7.54
5637207,COc1cc(\C=C\2/C(=O)Nc3ccc(Cl)cc23)ccc1OCCN(C)C,CHEMBL2206015,IC50,7.54
5637220,COc1cc2c(ncnc2cc1OCCCN3CCCCC3)N4CCN(CC4)C(=O)Nc5ccc(OC(C)C)cc5,CHEMBL124660,Kd,7.54
5637232,COc1ccc(c2ccc(NC(=O)Nc3cccc(C)c3)cc2)c4c(N)n[nH]c14,CHEMBL219998,IC50,7.54
893559,Cc1cnc(Nc2ccc(OCCN3CCCC3)cc2)nc1Nc4cccc(c4)S(=O)(=O)NC(C)(C)C,CHEMBL1287853,Kd,7.54
5637245,N#CCN1C\C=C\CCOc2cccc(c2)c3ccnc(Nc4ccc(OCCN5CCCC5)c(C1)c4)n3,CHEMBL1945823,IC50,7.54
5637256,O=C(Nc1cc(n[nH]1)c2cccc(NS(=O)(=O)c3ccccc3)c2)c4ccc(cc4)N5CCOCC5,CHEMBL1807477,IC50,7.54
4229099,CN(C)CCCc1cccc(Nc2ncc3CC(=S)Nc4cc(Cl)ccc4c3n2)c1,CHEMBL1945170,IC50,7.55
5637269,Cc1ccc2NC(=O)\C(=C/3\C(\c4c(N3)cccc4)=N\O)\c2c1,CHEMBL1097359,IC50,7.55
853503,FC(F)(F)c1cccc(c1)n2nnc3ccc(NCC4CC5(CCNCC5)C4)nc23,CHEMBL1952136,IC50,7.55
5637282,Nc1noc2cccc(c3ccc(NC(=O)Nc4ccc(F)c(c4)C(F)(F)F)cc3)c12,CHEMBL410663,IC50,7.55
5637293,CN1CCN(CC1)c2ccc(cc2)C(=O)Nc3cc(n[nH]3)c4ccc(CNC(=O)OCc5cc(C)on5)cc4,CHEMBL2063331,IC50,7.57
5637304,COc1ccc(cc1OC)C(=O)Nc2sc3CCCc3c2C(=O)N,CHEMBL210601,IC50,7.57
1421530,Cc1sc2ncnc(N)c2c1c3ccc(NC(=O)Nc4cc(ccc4F)C(F)(F)F)cc3,CHEMBL381207,IC50,7.57
5637317,Nc1nc(Nc2cc(ccc2F)N3CCOCC3)nn1c4ccccn4,CHEMBL1835743,IC50,7.57
5637328,Nc1noc2cccc(c3ccc(NC(=O)Nc4ccc(OC(F)(F)F)cc4)cc3)c12,CHEMBL271955,IC50,7.57
3803255,Oc1cccc(Nc2ccnc3cc(sc23)c4cccc(CN5CCOCC5)c4)c1,CHEMBL2336005,IC50,7.58
5637340,C(CN1CCCCC1)Oc2ccc3Nc4nccc(n4)c5cccc(COCC=CCOCc2c3)c5,CHEMBL2181331,IC50,7.59
5637351,CN(C)CCCn1cc(cn1)c2ccc3C(=O)c4c([nH]c5cc(ccc45)C#N)c3c2,CHEMBL3814657,IC50,7.59
325048,COC(=O)c1ccc2\C(=C(\Nc3ccc(cc3)N(C)C(=O)CN4CCN(C)CC4)/c5ccccc5)\C(=O)Nc2c1,nintedanib,IC50,7.59
5637364,Cc1nc(Nc2cc(n[nH]2)c3ccc(CNC(=O)Nc4cc(on4)C(C)(C)C)cc3)cc(n1)N5CCNCC5,CHEMBL2386809,IC50,7.59
5637375,Cc1nc(Nc2cc(n[nH]2)c3ccc(CNC(=O)Nc4cccc(Cl)c4)cc3)cc(n1)N5CCNCC5,CHEMBL2386810,IC50,7.59
5637387,Nc1n[nH]c2cccc(c3ccc(NC(=O)Nc4ccc(F)cc4)cc3)c12,CHEMBL220049,IC50,7.59
5637398,Nc1n[nH]c2cccc(c3ccc(NC(=O)Nc4cccc(O)c4)cc3)c12,CHEMBL223304,IC50,7.59
5637409,CC(C)(C)c1onc(NC(=O)Nc2ccc(cc2)C(=O)Nc3cccnc3)c1,CHEMBL1080783,Kd,7.6
5637420,CN(C)CCCOc1ccccc2c(\C=C/3\C(=O)Nc4ccc(F)cc34)cc(C)c12,CHEMBL1258149,IC50,7.6
5637430,CNc1nccc(n1)c2cnc3c(NC)nccn23,CHEMBL3656353,IC50,7.6
5637440,COCCOc1ccc2Nc3nccc(n3)c4cccc(OCC\C=C\CN(C)Cc1c2)c4,CHEMBL1945565,IC50,7.6
5637451,Cc1nc(N)sc1c2ccnc(Nc3ccc(cc3)N4CCOCC4)n2,CHEMBL482967,IC50,7.6
5637462,Nc1n[nH]c2cccc(c3ccc(NC(=O)Nc4cccc(F)c4)cc3)c12,CHEMBL373798,IC50,7.6
1720853,C(CN1CCCC1)Oc2ccc3Nc4nccc(n4)c5ccc(COC\C=C\COCc2c3)s5,CHEMBL2035183,IC50,7.62
5637475,COc1ccc(Nc2nc(N)n(n2)c3ccc(cc3)C(=O)O)cc1OC,CHEMBL1835663,Ki,7.62
5637487,COc1ccc2NC(=O)[C@@]3(C[C@H]3c4ccc5c(\C=C\c6ccc(nc6)N7CCN(C)CC7)n[nH]c5c4)c2c1,CHEMBL3353341,IC50,7.62
5637498,Cc1cccc(NC(=O)Nc2ccc(cc2)c3ccc(OCCN4CCOCC4)c5[nH]nc(N)c35)c1,CHEMBL223478,IC50,7.62
5637509,CN1C\C=C\CCOc2cccc(c2)c3ccnc(Nc4cc(C1)cc(NC(=O)C(F)(F)F)c4)n3,CHEMBL1946005,IC50,7.64
4172109,CNC(=O)c1cccc2c3cnccc3c(Nc4ccccc4Cl)nc12,CHEMBL1915644,IC50,7.64
5637522,Fc1ccc2NC(=O)\C(=C/c3cc(F)c4cccccc34)\c2c1,CHEMBL1257921,IC50,7.64
5637533,O=C(Nc1ccc(cc1)C(=O)N2CCN(CC2)c3ccccc3)c4n[nH]c5ccccc45,CHEMBL3793843,IC50,7.64
525702,O=C(Nc1ccc(cc1C2=CCCCC2)C3CCN(CCN4CCOCC4)CC3)c5nc(c[nH]5)C#N,CHEMBL2158230,IC50,7.64
5637546,C(CN1CCCC1)Oc2cc3COCC=CCOCc4cccc(c4)c5ccnc(Nc(c3)c2)n5,CHEMBL2181083,IC50,7.66
5637557,C(CN1CCCC1)Oc2ccc3Nc4nccc(n4)c5cccc(COCC=CCOCc2c3)c5,CHEMBL2181330,IC50,7.66
5637568,CCCCc1onc(NC(=O)Nc2ccc(cc2)c3cnc(Nc4cc(nc(C)n4)N5CCN(C)CC5)s3)c1,CHEMBL3593289,IC50,7.66
5637579,CN(C)CCCNC(=O)c1csc2nc(cn12)c3ccc(NC(=O)Nc4cc(on4)C(C)(C)C)cc3,CHEMBL3623375,IC50,7.66
5637590,CN(C)CCNC(=O)c1csc2nc(cn12)c3ccc(NC(=O)Nc4cc(on4)C(C)(C)C)cc3,CHEMBL3623372,IC50,7.66
479076,CN(C[C@@H]1COCCO1)S(=O)(=O)Nc2ccc3C=Cc4ncc(cc4C(=O)c3c2)c5cnn(C)c5,CHEMBL1822792,IC50,7.66
479382,CN1CCN(CC(=O)Nc2cccc3c2Cc4c3n[nH]c4c5csc(c5)C#CCOc6ccccc6)CC1,CHEMBL245377,IC50,7.66
5637605,CN1CCN(Cc2ccc(cc2)C(=O)Nc3cc(n[nH]3)c4ccc(CNC(=O)Nc5ccccc5)cc4)CC1,CHEMBL2386798,IC50,7.66
5637617,CN1C\C=C\CCOc2cccc(c2)c3nc(Nc4cccc(C1)c4)ncc3C,CHEMBL1933343,IC50,7.66
5637628,COCCOc1ccc2Nc3nccc(n3)c4ccc(COC\C=C\CN(C)Cc1c2)s4,CHEMBL2035182,IC50,7.66
5637639,COc1cc(ccc1Nc2nc(N)n(n2)c3ccc(cn3)C#N)N4CCOCC4,CHEMBL1835745,Ki,7.66
5637650,COc1ccc(Nc2nc(N)n(n2)c3ccc(cc3)C#N)cc1OC,CHEMBL1835662,Ki,7.66
5637661,Cc1ccc(F)c(NC(=O)Nc2ccc(cc2)c3cccc4onc(N)c34)c1,CHEMBL271170,IC50,7.66
4969007,Cc1nccc2c3cnc(Nc4ccc(cn4)N5CCNCC5)nc3n(C6CCCC6)c12,CHEMBL3237445,IC50,7.66
5637674,Nc1noc2cccc(c3ccc(NC(=O)Nc4ccc(F)c(Cl)c4)cc3)c12,CHEMBL273077,IC50,7.66
5637684,C[C@@H]1CC[C@H](CC1)n2c3cnccc3c4cnc(Nc5ccc6CN(CCC(F)(F)F)CCc6n5)nc24,CHEMBL3680384,IC50,7.67
525934,CN(C)CC(=O)N1CCC(CC1)c2ccc(NC(=O)c3nc(c[nH]3)C#N)c(c2)C4=CCCCC4,CHEMBL1908842,IC50,7.68
5637698,CN(\N=C\c1cnn2ccc(Cl)nc12)S(=O)(=O)c3cc(ccc3Cl)[N+](=O)[O-],CHEMBL3612501,IC50,7.68
5637709,CN1CCN(CC1)c2cc(Nc3cc(n[nH]3)c4ccc(CNC(=O)Nc5cc(C)on5)cc4)nc(C)n2,CHEMBL2386805,IC50,7.68
5637720,Cc1nc(Nc2cc(n[nH]2)c3ccc(CNC(=O)OCc4cccnc4)cc3)cc(n1)N5CCN(CCO)CC5,CHEMBL2063434,IC50,7.68
1152439,CCN1CCN(Cc2ccc(NC(=O)CNc3ccc(cc3)c4ccc(NC(=O)C5CC5)nc4)cc2C(F)(F)F)CC1,CHEMBL3805771,IC50,7.7
5637733,CCn1ccc(NC(=O)Cc2ccc(Oc3ncnc4cc(OC)c(OC)cc34)cc2)n1,CHEMBL1940269,IC50,7.7
5637744,CN1CCN(CC1)c2ccc(cc2)C(=O)Nc3cc(n[nH]3)c4cccc(NC(=O)Nc5ccccc5)c4,CHEMBL1807482,IC50,7.7
1152722,CN1CCN(Cc2ccc(NC(=O)CNc3ccc(cc3F)c4ccc(NC(=O)C5CC5)nc4)cc2C(F)(F)F)CC1,CHEMBL3806189,IC50,7.7
5637759,CNc1cc(ncn1)C2=CNC(=O)C(=C2)NC(=O)c3ccc(cc3)N4CCCCC4,CHEMBL1765775,Ki,7.7
5493907,CNc1cncc(n1)C2=CNC(=O)C(=C2)NC(=O)c3ccc(cc3)N4CCC[C@H]4CN5CCCC5,CHEMBL1765781,Ki,7.7
5637772,COc1cc2ncnc(Nc3ccc(CC(=O)Nc4cnn(c4)C(C)C)cc3)c2cc1OC,CHEMBL1940275,IC50,7.7
5637783,COc1cccc(COc2ccc(Oc3ncnc4cc(OC)c(OC)cc34)cc2)c1,CHEMBL1940267,IC50,7.7
5637794,COc1cccc(NC(=O)Cn2cc(Oc3ccnc4cc(OC)c(OC)cc34)cn2)c1,CHEMBL1940115,IC50,7.7
5637805,COc1cccc(NC(=O)Nc2ccc(Oc3ncnc4[nH]ncc34)cc2)c1,CHEMBL2332846,IC50,7.7
5637816,Cc1cc(ccc1NC(=O)Nc2cc(on2)C(C)(C)C)c3cc(NC(=O)c4ccc(OCCN5CCOCC5)cc4)[nH]n3,CHEMBL2386795,IC50,7.7
479271,Cc1ccc(F)c(NC(=O)Nc2ccc(cc2)c3cccc4[nH]nc(N)c34)c1,CHEMBL223360,IC50,7.7
5637829,Cc1nc(Nc2ncc(s2)c3ccc(NC(=O)Nc4cccc(Cl)c4)cc3)cc(n1)N5CCNCC5,CHEMBL3593286,IC50,7.7
323688,Cl.CN(C)CC(=O)N1CCC(CC1)c2ccc(NC(=O)c3nc(c[nH]3)C#N)c(c2)C4=CCCCC4,CHEMBL1908395,Kd,7.7
5637842,N[C@H]1CCCC[C@H]1Nc2cc3N=CNC(=O)c3c(Nc4cccc5cc[nH]c45)n2,CHEMBL3262356,IC50,7.7
5637853,N[C@H]1COCC[C@H]1Nc2cc3C=CNC(=O)c3c(Nc4cccc5cc[nH]c45)n2,CHEMBL3262624,IC50,7.7
617948,O=C(N1CCNCC1)c2ccc(\C=C\c3n[nH]c4ccccc34)cc2,CHEMBL1908397,Kd,7.7
5637866,O=C(NCc1ccc(cc1)c2cc(NC(=O)c3ccc(OCCN4CCOCC4)cc3)[nH]n2)OCc5cccnc5,CHEMBL2063330,IC50,7.7
5637877,C(CN1CCOCC1)Oc2cc3COCC=CCOCc4cccc(c4)c5ccnc(Nc(c3)c2)n5,CHEMBL2181084,IC50,7.72
5637888,CC(C)(C)c1onc(NC(=O)Nc2ccc(cc2)c3cc(NC(=O)c4ccc(OCCN5CCOCC5)cc4)[nH]n3)c1,CHEMBL2386793,IC50,7.72
5637899,CCOc1cccc2c1c(\C=C\3/C(=O)NN=C3c4snnc4C)cn2C,CHEMBL398610,IC50,7.72
5637910,CN1C\C=C\CCOc2cccc(c2)c3ccnc(Nc4cc(N)cc(C1)c4)n3,CHEMBL1946006,IC50,7.72
478853,COc1ccc(c2ccc(NC(=O)Nc3cccc(c3)C(F)(F)F)cc2)c4c(N)noc14,CHEMBL430090,IC50,7.72
5637924,COc1ccc2NC(=O)[C@@]3(C[C@H]3c4ccc5c(\C=C\c6ccc(CN(C)C)cc6)n[nH]c5c4)c2c1,CHEMBL3353348,IC50,7.72
5637935,Cc1cc(\C=C\2/C(=O)Nc3ccc(F)cc23)c4ccccc(OCCN5CCOCC5)c14,CHEMBL1257444,IC50,7.72
5637946,Cc1cnc2Nc3ccc(OCCN4CCCC4)c(COCC=CCOCc5cccc(c5)c1n2)c3,CHEMBL2181088,IC50,7.72
5637956,Clc1cccc(CNc2nccc(n2)c3cnc4c(NCCN5CCOCC5)nccn34)c1,CHEMBL3656383,IC50,7.72
5637966,Nc1nc(Nc2ccc(cc2)C(=O)NCCN3CCOCC3)nn1c4ccccn4,CHEMBL1835749,IC50,7.72
5637977,O=C(NCc1ccc(cc1)c2cc(NC(=O)c3ccc(OCCCN4CCCC4)cc3)[nH]n2)OCc5ccccc5,CHEMBL2063327,IC50,7.72
5637988,CC(C)(C)c1onc(NC(=O)NCc2ccc(cc2)c3cc(NC(=O)c4ccc(OCCN5CCOCC5)cc4)[nH]n3)c1,CHEMBL2386802,IC50,7.75
526966,CC1CCN(CC1)c2cc(ccc2NC(=O)c3cc(c[nH]3)C#N)N4CCN(C)CC4,CHEMBL254702,IC50,7.75
5638001,CCO\N=C\c1c(N)ncnc1N2CCN(CC2)C(=O)Nc3ccc(OC(C)C)cc3,CHEMBL392111,IC50,7.75
5638012,CN(C)C1CCN(CCOc2ccccc3c(\C=C\4/C(=O)Nc5ccc(F)cc45)cc(C)c23)CC1,CHEMBL1258710,IC50,7.75
5638023,CN(C)CCCn1cc(cn1)c2ccc3c(c2)C(=O)c4c3[nH]c5cc(ccc45)c6cn[nH]c6,CHEMBL3814908,IC50,7.75
5638034,CN1CCN(CC1)c2cc(Nc3cc(n[nH]3)c4ccc(CNC(=O)OCc5ccccc5)cc4)nc(C)n2,CHEMBL2063335,IC50,7.75
5638045,CO\N=C\c1c(N)ncnc1N2CCN(CC2)C(=O)Nc3ccc(OC4CCCC4)nc3,CHEMBL238223,IC50,7.75
5638060,COc1cc(cc(OC)c1OC)C2=C(C(=O)NC2=O)c3c[nH]c4ccccc34,CHEMBL201511,IC50,7.75
3930349,COc1cc(cc(OC)c1OC)C2=C(C(=O)NC2=O)c3c[nH]c4cnccc34,CHEMBL2180882,IC50,7.75
5638073,FC(F)(F)c1ccc(NC(=O)Nc2ccc(Oc3ncnc4[nH]ncc34)cc2)c(Cl)c1,CHEMBL2332871,IC50,7.75
5638733,Nc1nc(Nc2ccccc2Cl)nn1c3ccccn3,CHEMBL1835742,Ki,7.75
5638744,COc1ccc(NC(=O)Nc2ccc3\C(=C\c4[nH]ccc4c5ccc(s5)C(=O)O)\C(=O)Nc3c2)cc1,CHEMBL1172410,IC50,7.76
2516696,CC1(C)CCC(CC1)n2c3cnccc3c4cnc(Nc5ccc(cn5)N6CCNCC6)nc24,CHEMBL3237704,IC50,7.77
5638757,CCOC(=O)NCc1ccc(cc1)c2cc(NC(=O)c3ccc(cc3)N4CCN(C)CC4)[nH]n2,CHEMBL2063322,IC50,7.77
5638768,COc1cc(\C=C\2/C(=O)Nc3ccc(Cl)cc23)ccc1OCCCC#N,CHEMBL2206017,IC50,7.77
5638779,Cc1cc(C)cc(NC(=O)Nc2ccc(cc2)c3cccc4onc(N)c34)c1,CHEMBL409349,IC50,7.77
5638790,Cc1cc(\C=C\2/C(=O)Nc3ccc(F)c(F)c23)c4ccccc(OCCCN5CCCCC5)c14,CHEMBL1258945,IC50,7.77
5638801,Cc1cnc2Nc3ccc(OCCN4CCCC4)c(COC\C=C\Cn5ccc6ccc(cc56)c1n2)c3,CHEMBL2035050,IC50,7.77
5638812,Cc1nc(Nc2cc(n[nH]2)c3ccc(CNC(=O)OCc4ccccc4)cc3)cc(n1)N5CCNCC5,CHEMBL2063436,IC50,7.77
5638823,Cc1onc(NC(=O)NCc2ccc(cc2)c3cc(Nc4cc(nc(C)n4)N5CCN(CCO)CC5)[nH]n3)c1,CHEMBL2386807,IC50,7.77
4174754,Clc1cc(OCCN2CCOCC2)ccc1Nc3nc4c(cccc4c5cnccc35)c6nnc[nH]6,CHEMBL1915448,IC50,7.77
5638836,FC(F)(F)c1cc(NC(=O)Nc2ccc(Oc3ncnc4[nH]ncc34)cc2)cc(c1)C(F)(F)F,CHEMBL2332870,IC50,7.77
5638847,O=C(NCc1ccc(cc1)c2cc(NC(=O)c3ccc(OCCN4CCOCC4)cc3)[nH]n2)OCc5ccccc5,CHEMBL2063326,IC50,7.77
2515943,Oc1nccc2c3cnc(Nc4ccc(cn4)N5CCNCC5)nc3n(C6CCCC6)c12,CHEMBL3237446,IC50,7.77
5638860,COc1ccc(NC(=O)CC(=O)Nc2ccc3\C(=C\c4ccc[nH]4)\C(=O)Nc3c2)cc1,CHEMBL3322564,IC50,7.78
5638871,COc1ccc(C(=O)NC(=O)Nc2cc3NC(=O)\C(=C/c4[nH]c(C)c(CCC(=O)O)c4C)\c3cc2F)c(F)c1,CHEMBL3329675,IC50,7.79
5638882,COc1ccc(C(=O)NC(=O)Nc2ccc3\C(=C\c4[nH]c(C)c(C(=O)NCCN(C)C)c4C)\C(=O)Nc3c2)c(F)c1,CHEMBL3329682,IC50,7.79
5638893,CCNc1nc(C)c(s1)c2ccnc(Nc3ccc(cc3)N4CCNCC4)n2,CHEMBL1242995,IC50,7.8
1608923,CCOC1=C(C(=O)Nc2ccc(Oc3ccnc(N)c3Cl)c(F)c2)C(=O)N(C=C1)c4ccc(F)cc4,CHEMBL460702,IC50,7.8
5638906,CN1CCN(CC1)c2ccc(cc2)C(=O)Nc3cc(n[nH]3)c4ccc(CNC(=O)Oc5ccccc5)cc4,CHEMBL2063321,IC50,7.8
5638917,COc1ccc(c2ccc(NC(=O)Nc3cccc(Br)c3)cc2)c4c(N)noc14,CHEMBL271381,IC50,7.8
5638928,Clc1ccc(NC(=O)NCc2ccc(cc2)c3cc(NC(=O)c4ccc(OCCN5CCOCC5)cc4)[nH]n3)cc1,CHEMBL2386800,IC50,7.8
5638939,Fc1ccc(cc1)c2cnc3cc(ccn23)c4ccccc4,CHEMBL3416157,IC50,7.8
5638950,Nc1ncnc2NCCC(=Nc12)c3ccc(NC(=O)Nc4ccc(Cl)c(c4)C(F)(F)F)cc3,CHEMBL412102,IC50,7.8
5638961,CC(C)(C)c1onc(NC(=O)Nc2ccc(NC(=O)c3cccnc3)cc2)c1,CHEMBL1078027,Kd,7.82
5638972,CC(C)(C)c1onc(NC(=O)Nc2ccc(cc2)c3cc(NC(=O)c4ccc(OCCN5CCCC5)cc4)[nH]n3)c1,CHEMBL2386792,IC50,7.82
5638983,CN(\N=C\c1cnn2ccc(nc12)N3CCOCC3)S(=O)(=O)c4cc(ccc4C)[N+](=O)[O-],CHEMBL3612510,IC50,7.82
5638994,CN1CCN(CC1)c2ccc(cc2)C(=O)Nc3cc(n[nH]3)c4cccc(NS(=O)(=O)c5ccc(C)cc5)c4,CHEMBL1807470,IC50,7.82
324480,CO[C@@H]1[C@@H](C[C@H]2O[C@]1(C)n3c4ccccc4c5c6CNC(=O)c6c7c8ccccc8n2c7c35)N(C)C(=O)c9ccccc9,CHEMBL608533,IC50,7.82
5639007,CO\N=C\c1c(N)ncnc1N2CCN(CC2)C(=O)Nc3ccc(cc3)C(C)C,CHEMBL391368,IC50,7.82
26279,COc1cc(ccc1Nc2ncc(Cl)c(Nc3ccccc3S(=O)(=O)C(C)C)n2)N4CCC(CC4)N5CCN(C)CC5,CHEMBL509032,Kd,7.82
5639020,COc1ccccc1Nc2nc(N)n(n2)c3ccccn3,CHEMBL1835741,Ki,7.82
5639031,Cc1cccc(NC(=O)Nc2ccc(cc2)c3ccc(OCCN4CCCC4=O)c5[nH]nc(N)c35)c1,CHEMBL376245,IC50,7.82
5639042,Fc1ccc(cc1)c2cnc3cc(ccn23)c4cccs4,CHEMBL3416149,IC50,7.82
5639053,Fc1cnc2Nc3ccc(OCCN4CCCC4)c(COCC=CCOCc5cccc(c5)c1n2)c3,CHEMBL2181310,IC50,7.82
5639064,Nc1nc(Nc2ccccc2Cl)nn1c3ccc(cn3)C#N,CHEMBL1835744,Ki,7.82
5639076,O=C1Nc2ccccc2[C@]13C[C@H]3c4ccc5c(\C=C\c6ccc(CN7CCCCC7)cc6)n[nH]c5c4,CHEMBL3353362,IC50,7.82
5639087,O\N=C/1\C(=C/2\C(=O)Nc3ccc(F)cc23)\Nc4ccccc14,CHEMBL1077291,IC50,7.82
5639098,COc1ccc(NC(=O)Nc2ccc3\C(=C\c4[nH]c(C)c(C(=O)O)c4C)\C(=O)Nc3c2)cc1,CHEMBL1173174,IC50,7.83
2516432,C1CCC(C1)n2c3cnccc3c4cnc(Nc5ccc(cn5)N6CCNCC6)nc24,CHEMBL3237442,IC50,7.85
529263,CCCCNc1ncc2c(cn([C@@H]3CC[C@@H](O)CC3)c2n1)c4ccc(CN5CCN(C)CC5)cc4,CHEMBL3326006,IC50,7.85
5639113,CCN(CC)CCCOc1ccccc2c(\C=C\3/C(=O)Nc4ccc(F)c(F)c34)cc(C)c12,CHEMBL1258830,IC50,7.85
5639124,CCc1onc(NC(=O)Nc2ccc(cc2)c3cnc(Nc4cc(nc(C)n4)N5CCC(N)C5)s3)c1,CHEMBL3593291,IC50,7.85
634976,CN1CCN(CC1)c2cc(Nc3cc(C)[nH]n3)nc(Sc4ccc(NC(=O)C5CC5)cc4)n2,CHEMBL572878,Kd,7.85
5639137,CN1CCN(CC1)c2ccc(cc2)C(=O)Nc3cc(n[nH]3)c4ccc(CNC(=O)OCc5cccnc5)cc4,CHEMBL2063328,IC50,7.85
5639148,CN1CCN(CC1)c2ccc(cc2)C(=O)Nc3cc(n[nH]3)c4cccc(N)c4,CHEMBL1807386,IC50,7.85
5639159,CO\N=C\c1c(N)ncnc1N2CCN(CC2)C(=O)Nc3ccc(cc3)N(C)C,CHEMBL393822,IC50,7.85
5639171,Cc1cccc(NC(=O)Nc2ccc(cc2)c3ccc(F)c4[nH]nc(N)c34)c1,CHEMBL374752,IC50,7.85
5639182,Cc1cccc(NC(=O)Nc2ccc(cc2)c3cccc4onc(N)c34)c1,CHEMBL410130,IC50,7.85
5639193,Cc1onc(CN2CCN(CC2)c3c(Br)cnc4[nH]c(nc34)c5cncn5C)c1,CHEMBL2207506,Kd,7.85
5639204,Clc1ccc2NC(=O)\C(=C/c3ccc(OCCN4CCOCC4)cc3)\c2c1,CHEMBL2206013,IC50,7.85
5639215,Nc1ncc(cc1c2oc3c(c(O)ccc3n2)c4ccccc4)c5cnn(c5)C6CCNCC6.OC(=O)C(F)(F)F,CHEMBL2032283,IC50,7.85
5639226,CN1CCN(CC1)c2ccc(cc2)C(=O)Nc3cc(n[nH]3)c4ccc(CNC(=O)Nc5cc(C)on5)cc4,CHEMBL2386801,IC50,7.89
5639237,CN1CCN(CC1)c2ccc(cc2)C(=O)Nc3cc(n[nH]3)c4ccc(NC(=O)Nc5ccccc5)cc4,CHEMBL2386812,IC50,7.89
5639249,CN1CCN(CC1)c2ccc(cc2)C(=O)Nc3cc(n[nH]3)c4cccc(NS(=O)(=O)c5ccccc5)c4,CHEMBL1807392,IC50,7.89
325890,COc1cc(ccc1Nc2ncc(Cl)c(NCc3cccc(NC(=O)C=C)c3)n2)N4CCN(C)CC4,CHEMBL3601223,IC50,7.89
5639262,Cc1ccc(F)c(NC(=O)Nc2ccc(cc2)C3=Nc4c(N)ncnc4NCC3)c1,CHEMBL262607,IC50,7.89
5639273,Cc1cccc(NC(=O)Nc2ccc(cc2)c3ccc(Br)c4[nH]nc(N)c34)c1,CHEMBL219727,IC50,7.89
5639284,Nc1n[nH]c2cccc(c3ccc(NC(=O)C4CCCCC4)cc3)c12,CHEMBL222315,IC50,7.89
4227645,CN1CCN(CC1)c2ccc(Nc3ncc4C=C(C#N)C(=O)N(C5CCCC5)c4n3)cc2,CHEMBL3115681,IC50,7.91
5639297,CC(=O)Nc1ccc(Nc2nc(N)n(n2)c3ccccn3)cc1,CHEMBL1835865,Ki,7.92
5639308,CN(C)CCCOc1ccccc2c(\C=C\3/C(=O)Nc4ccc(F)cc34)cc(C)c12,CHEMBL1258150,IC50,7.92
5639319,CN1CCN(CC1)c2ccc(cc2)C(=O)Nc3cc(n[nH]3)c4ccc(NC(=O)Oc5ccccc5)cc4,CHEMBL2063318,IC50,7.92
5639330,CN1C\C=C\COCc2ccc(s2)c3ccnc(Nc4ccc(OCCN5CCCC5)c(C1)c4)n3,CHEMBL2035055,IC50,7.92
5639341,COc1ccc2COCC=CCOCc3cc(Nc4nccc(n4)c1c2)ccc3OCCN5CCCC5,CHEMBL2181311,IC50,7.92
5639352,Cc1cc(\C=C\2/C(=O)Nc3ccc(F)c(F)c23)c4ccccc(OCCCN5CCOCC5)c14,CHEMBL1258831,IC50,7.92
5639364,Cc1cccc(NC(=O)Nc2ccc(cc2)c3cccc4[nH]nc(N)c34)c1,CHEMBL220057,IC50,7.92
5639375,Cc1onc(CN2CCN(CC2)c3c(Cl)cnc4[nH]c(nc34)c5cnn(C)c5)c1,CHEMBL2207514,Kd,7.92
4174095,FC(F)(F)Oc1cccc(c1)n2nnc3ccc(NCC4CC5(CCNCC5)C4)nc23,CHEMBL1952126,IC50,7.92
5639388,Nc1nc(Nc2ccc(OCCCN3CCOCC3)cc2)nn1c4ccccn4,CHEMBL1835751,Ki,7.92
1421632,COc1cc2nccc(Oc3ccc(NC(=O)C4(CC4)C(=O)Nc5ccc(F)cc5)cc3)c2cc1OC,CHEMBL2105717,IC50,7.95
5639401,CC(C)(C)c1ccc(cc1)C(=O)NC2=CC(=CNC2=O)c3ccncc3,CHEMBL1765770,Ki,7.96
5639412,CC(C)c1cccc(NC(=O)Nc2ccc(Oc3ncnc4[nH]ncc34)cc2)c1,CHEMBL2332867,IC50,7.96
76701,CCN1CCN(Cc2ccc(NC(=O)Nc3ccc(Oc4cc(NC)ncn4)cc3)cc2C(F)(F)F)CC1,CHEMBL574738,Kd,7.96
3319768,CN(C)CCCn1cc(cn1)c2ccc3C(=O)c4c([nH]c5cc(ccc45)c6cn[nH]c6)c3c2,CHEMBL3815054,IC50,7.96
5639429,CN(C)Cc1ccc(\C=C\c2n[nH]c3cc(ccc23)[C@@H]4C[C@@]45C(=O)Nc6ccccc56)cc1,CHEMBL3353347,IC50,7.96
5639440,COc1cc(Nc2nc(N)n(n2)c3cccc(c3)N4CCOCC4)cc(OC)c1OC,CHEMBL1835736,Ki,7.96
3821651,COc1cc(O)c2C(=O)O[C@@H](C)C\C=C/C(=O)[C@@H](O)[C@@H](O)CCCc2c1,CHEMBL2012519,IC50,7.96
479349,COc1cc2c(Oc3ccc(NC(=O)C4(CC4)C(=O)Nc5ccc(F)cc5)cc3F)ccnc2cc1OCCCN6CCOCC6,CHEMBL1230609,Kd,7.96
5639455,Fc1ccc(NC(=O)CC(=O)Nc2ccc3\C(=C\c4ccc[nH]4)\C(=O)Nc3c2)cc1,CHEMBL3322563,IC50,7.96
1745877,Fc1nccc2c3cnc(Nc4ccc(cn4)N5CCNCC5)nc3n(C6CCCC6)c12,CHEMBL3237443,IC50,7.96
5639468,Nc1nc(Nc2ccc(cc2)C(=O)N3CCOCC3)nn1c4ccccn4,CHEMBL1835863,Ki,7.96
5639479,CC(C)(C)c1onc(NC(=O)Nc2ccc(NC(=O)c3ccncc3)cc2)c1,CHEMBL1082075,Kd,8.0
5639490,CCN1CCN(CC1)c2cc(Nc3ncc(s3)c4ccc(NC(=O)Nc5cc(CC)on5)cc4)nc(C)n2,CHEMBL3593290,IC50,8.0
5639501,CCn1cc(NC(=O)Cc2ccc(Oc3ncnc4cc(OC)c(OC)cc34)cc2)cn1,CHEMBL1940272,IC50,8.0
5639512,CN1CCN(CC1)c2cc(Nc3ncc(s3)c4ccc(NC(=O)Nc5cc(C)on5)cc4)nc(C)n2,CHEMBL3593287,IC50,8.0
1729453,COCCOc1ccn2c(cnc2c1)c3ccc4cccc(O[C@@H]5CCNC[C@H]5F)c4n3,CHEMBL3109337,IC50,8.0
478842,COc1cc(Nc2ncc(F)c(Nc3ccc4OC(C)(C)C(=O)Nc4n3)n2)cc(OC)c1OC,CHEMBL475251,EC50,8.0
5639527,COc1cc2ncnc(Nc3cnn(CC(=O)Nc4ccc(cn4)N(C)C)c3)c2cc1OC,CHEMBL1940106,IC50,8.0
5639538,COc1ccc(C(=O)NC(=O)Nc2ccc3\C(=C\c4[nH]c(C)c(CCC(=O)O)c4C)\C(=O)Nc3c2)c(F)c1,CHEMBL3329673,IC50,8.0
5639549,COc1cccc(CC(=O)Nc2ccc(Oc3ncnc4cc(OC)c(OC)cc34)cc2)c1,CHEMBL1940266,IC50,8.0
5639560,COc1cccc(NC(=O)Cn2cc(Oc3ncnc4cc(OC)c(OCCN5CCCCC5)cc34)cn2)c1,CHEMBL1940111,IC50,8.0
5639571,Cc1ccc(NC(=O)Nc2nnc(Sc3ncnc4cc(OCCCN5CCOCC5)ccc34)s2)cc1,CHEMBL2046883,IC50,8.0
5639583,Cc1cccc(NC(=O)Nc2ccc(c(F)c2)c3csc4ncnc(N)c34)c1,CHEMBL425749,IC50,8.0
5639594,Cc1nc(NCCCN2CCOCC2)cc(Nc3cc(n[nH]3)c4cccc(NS(=O)(=O)c5ccccc5)c4)n1,CHEMBL1807789,IC50,8.0
5639605,Cc1nc(Nc2cc(n[nH]2)c3ccc(CNC(=O)OCc4ccccc4)cc3)cc(n1)N5CCN(CCO)CC5,CHEMBL2063338,IC50,8.0
5639616,Cc1nc(Nc2cc(n[nH]2)c3cccc(NS(=O)(=O)c4ccccc4)c3)cc(n1)N5CCC(O)CC5,CHEMBL1807785,IC50,8.0
5639626,N[C@@H]1CC[C@H](CC1)Nc2nccn3c(cnc23)c4cccc(NCc5cccc(Cl)c5)n4,CHEMBL3656376,IC50,8.0
5639637,Nc1n[nH]c2cccc(c3ccc(NC(=O)Nc4cccc(c4)C(F)(F)F)cc3)c12,CHEMBL424943,IC50,8.0
5639648,Nc1nc(Nc2ccc(cc2)N3CCOCC3)nn1c4ccccn4,CHEMBL1835747,IC50,8.0
5639659,Nc1nc(Nc2cccc(c2)C(=O)N3CCOCC3)nn1c4ccccn4,CHEMBL1835864,Ki,8.0
327281,O=C(NC1CC1)Nc2c[nH]nc2c3nc4cc(CN5CCOCC5)ccc4[nH]3,CHEMBL495727,IC50,8.0
5639672,O=C(NCc1ccc(cc1)c2cc(NC(=O)c3ccc(OCCN4CCCC4)cc3)[nH]n2)OCc5ccccc5,CHEMBL2063324,IC50,8.0
5639683,O=C(Nc1ccc(CN2CCN(CC2)c3ccccc3)cc1)c4n[nH]c5ccccc45,CHEMBL3792850,IC50,8.0
5639694,CC(C)(C)c1onc(NC(=O)Nc2ccc(cc2)c3cn4c5ccc(OCCCN6CCN(CC6)S(=O)(=O)C)cc5sc4n3)c1,CHEMBL585002,Kd,8.01
5639705,CN1CCN(Cc2ccc(cc2)c3cnc4[nH]cc(c5cnc6[nH]ccc6c5)c4c3)CC1,CHEMBL2436977,IC50,8.02
5639716,COc1cc2c(Oc3ccc(NC(=O)C4=NN(C(=O)C=C4C)c5ccccc5C(F)(F)F)cc3F)ccnc2cc1OCCCN6CCOCC6,CHEMBL3290931,IC50,8.03
5639727,CC(=O)Nc1cccc(Nc2nc(N)n(n2)c3ccccn3)c1,CHEMBL1835866,Ki,8.05
5639738,CN1CCN(CC1)c2ccc(cc2)C(=O)Nc3cc(n[nH]3)c4ccc(NC(=O)Nc5cc(C)on5)c(C)c4,CHEMBL2386790,IC50,8.05
480778,CN1CCN(Cc2ccc3c(Cc4c(n[nH]c34)c5csc(c5)C#CCOc6ccccc6)c2)CC1,CHEMBL390156,IC50,8.05
5639751,COc1cc2c(Oc3ccc(NC(=O)c4cn(nn4)c5ccccc5Cl)cc3F)ccnc2cc1OCCCN6CCCCC6,CHEMBL3823520,IC50,8.05
5639762,COc1cc2ncnc(Oc3ccc(CC(=O)Nc4ccc(cn4)N(C)C)cc3)c2cc1OC,CHEMBL1940118,IC50,8.05
5639773,COc1cc2ncnc(Sc3nncs3)c2cc1OC,CHEMBL2046726,IC50,8.05
5639784,COc1ccccc1Nc2nc(N)n(n2)c3cc(NCCN(C)C)ncn3,CHEMBL1835746,IC50,8.05
5639795,FC(F)(F)c1cccc(NC(=O)Nc2ccc(Oc3ncnc4[nH]ncc34)cc2)c1,CHEMBL2331570,IC50,8.05
5639806,Nc1ncnc2NCCC(=Nc12)c3ccc(NC(=O)Nc4ccc(cc4)C(F)(F)F)cc3,CHEMBL259013,IC50,8.05
5639817,O=C(NCc1ccc(cc1)c2cc(NC(=O)c3ccc(OCCN4CCOCC4)cc3)[nH]n2)Nc5ccccc5,CHEMBL2386797,IC50,8.05
5639828,[Na+].O\N=C/1\C(=C/2\C(=O)Nc3ccc(cc23)S(=O)(=O)[O-])\Nc4ccccc14,CHEMBL1095687,IC50,8.05
5639842,CC(C)(C)c1onc(NC(=O)Nc2ccc(cc2)c3cn4c5ccc(OCCN6CCOCC6)cc5sc4n3)c1,CHEMBL576982,Kd,8.06
5639853,COc1cc2c(Oc3ccc(NC(=O)c4nnn(c5ccc(F)cc5)c4C(F)(F)F)cc3F)ccnc2cc1OCCCN6CCCC6,CHEMBL3343366,IC50,8.06
5639864,COc1cc2c(Oc3ccc(NC(=O)C4=NN(c5ccccc5C4=O)c6ccccc6C(F)(F)F)cc3F)ccnc2cc1OCCCN7CCCC7,CHEMBL2385195,IC50,8.07
26212,C[C@]12O[C@H](C[C@]1(O)CO)n3c4ccccc4c5c6C(=O)NCc6c7c8ccccc8n2c7c35,CHEMBL603469,Kd,8.07
5639877,Fc1ccc(cc1)N2C=CC=C(C(=O)Nc3ccc4\C(=C\c5ccc[nH]5)\C(=O)Nc4c3)C2=O,CHEMBL3322572,IC50,8.07
5639888,CC(C)(C)c1onc(NC(=O)Nc2ccc(cc2)C(=O)Nc3ccccn3)c1,CHEMBL1079354,Kd,8.09
3358015,CCN(CCO)CCCOc1ccc2c(Nc3cc(CC(=O)Nc4cccc(F)c4)[nH]n3)ncnc2c1,CHEMBL215152,Kd,8.09
5639901,C(CN1CCCC1)Oc2ccc3Nc4nccc(n4)c5ccc6ccn(C\C=C\COCc2c3)c6c5,CHEMBL2035049,IC50,8.1
5639911,C(CN1CCOCC1)Nc2nccn3c(cnc23)c4ccnc(NCc5ccccc5)n4,CHEMBL3656368,IC50,8.1
3358001,CCN(CCCOc1ccc2c(Nc3cc(CC(=O)Nc4cccc(F)c4)[nH]n3)ncnc2c1)CCOP(=O)(O)O,CHEMBL415049,Kd,8.1
5639923,CN(C)c1ccc(cc1)C(=O)NC2=CC(=CNC2=O)c3ccncc3,CHEMBL1765772,Ki,8.1
5639934,CN1CCN(CC1)c2ccc(Nc3nc(N)n(n3)c4ccccn4)cc2,CHEMBL1835748,Ki,8.1
5639945,CN1CCN(CC1)c2ccc(cc2)C(=O)Nc3cc(n[nH]3)c4cccc(NS(=O)(=O)c5cccc(Cl)c5)c4,CHEMBL1807467,IC50,8.1
5639956,CN1CCN(Cc2ccc(cc2)C(=O)Nc3cc(n[nH]3)c4ccc(NC(=O)Nc5cc(on5)C(C)(C)C)cc4)CC1,CHEMBL2386794,IC50,8.1
5639967,COCCOc1ccn2c(cnc2c1)c3ccc4cccc(O[C@H]5CCNC[C@@H]5F)c4n3,CHEMBL3109338,IC50,8.1
5639978,COc1ccc(NC(=O)Nc2ccc(cc2)c3cccc4onc(N)c34)cc1Cl,CHEMBL272453,IC50,8.1
5639989,COc1cccc(NC(=O)NCc2ccc(Oc3ncnc4cc(OC)c(OC)cc34)cc2)c1,CHEMBL1940262,IC50,8.1
5640000,C[C@@H]1CC[C@H](CC1)n2c3cnccc3c4cnc(Nc5ccc(nn5)N6CCC(CS(=O)(=O)C)CC6)nc24,CHEMBL3237715,IC50,8.1
5640011,C[C@@H]1CC[C@H](CC1)n2c3cnccc3c4cnc(Nc5ccc(nn5)N6CCN(CC6)C(=O)CO)nc24,CHEMBL3237714,IC50,8.1
5640022,Cc1cccc(NC(=O)Nc2ccc(cc2)c3cccc4c3c(N)nn4C)c1,CHEMBL387312,IC50,8.1
5640033,Fc1cc2COCC=CCOCc3cc(Nc4nccc(n4)c(c1)c2)ccc3OCCN5CCCC5,CHEMBL2181312,IC50,8.1
5640044,Nc1noc2cccc(c3ccc(NC(=O)Nc4ccccc4F)cc3)c12,CHEMBL410504,IC50,8.1
5640055,CC(C)(C)c1onc(NC(=O)Nc2ccc(cc2)C(=O)Nc3ccccc3)c1,CHEMBL1081510,Kd,8.13
5640066,CN(\N=C\c1cnn2ccc(nc12)c3cccnc3)S(=O)(=O)c4cc(ccc4C)[N+](=O)[O-],CHEMBL3612505,IC50,8.13
480664,CN1CCN(CC1)c2ccc3nc([nH]c3c2)C4=C(N)c5c(F)cccc5NC4=O,CHEMBL522892,Kd,8.13
479438,CNC(=O)c1ncc(C#Cc2cc(ccc2C)C(=O)Nc3ccc(CN4CCN(CCO)CC4)c(c3)C(F)(F)F)n1C,CHEMBL1784637,IC50,8.14
5640081,Cc1ccc(NC(=O)Nc2ccc3\C(=C\c4[nH]c(C)c(C(=O)O)c4C)\C(=O)Nc3c2)cc1,CHEMBL1172420,IC50,8.14
5640091,CC(CO)(CO)c1onc(NC(=O)Nc2ccc(cc2)c3cn4c5ccc(OCCN6CCOCC6)cc5sc4n3)c1,CHEMBL3645273,Kd,8.15
5640101,CN1CCN(CC1)c2ccc(cc2)C(=O)Nc3cc(n[nH]3)c4ccc(NC(=O)OCc5ccccc5)cc4,CHEMBL2063319,IC50,8.16
5640112,CN1CCN(CC1)c2ccc(cc2)C(=O)Nc3cc(n[nH]3)c4cccc(NS(=O)(=O)c5cccc(C)c5)c4,CHEMBL1807469,IC50,8.16
5640123,CN1CCN(Cc2ccc(cc2)C(=O)Nc3cc(n[nH]3)c4ccc(CNC(=O)OCc5ccccc5)cc4)CC1,CHEMBL2063325,IC50,8.16
5640134,COc1cc2ncnc(Oc3ccc(CC(=O)Nc4cnn(c4)C(C)C)cc3)c2cc1OC,CHEMBL1940274,IC50,8.16
5640145,COc1cc2ncnc(Sc3nccs3)c2cc1OC,CHEMBL2046699,IC50,8.16
5640156,COc1cccc(NC(=O)Cc2ccc(Oc3ncnc4cc(OC)c(OC)cc34)cc2)c1,CHEMBL1940259,IC50,8.16
5640168,Cc1cc(NC(=O)Nc2ccc(cc2)c3cccc4[nH]nc(N)c34)ccc1F,CHEMBL374044,IC50,8.16
5640179,Nc1nc(Nc2ccc(cc2)C(O)CCCN3CCOCC3)nn1c4ccccn4,CHEMBL1835750,Ki,8.16
5640190,Nc1ncnc2NCCC(=Nc12)c3ccc(NC(=O)Nc4ccc(F)c(c4)C(F)(F)F)cc3,CHEMBL429516,IC50,8.16
5640201,Nc1noc2cccc(c3ccc(NC(=O)Nc4ccccc4)cc3)c12,CHEMBL411725,IC50,8.16
5640212,O=C(Nc1cc(n[nH]1)c2cccc(NS(=O)(=O)c3ccccc3)c2)c4ccc(OCCN5CCCC5)cc4,CHEMBL1807478,IC50,8.16
5640223,COc1ccc(NC(=O)CC(=O)Nc2ccc3\C(=C\c4[nH]c(C)c(C(=O)O)c4C)\C(=O)Nc3c2)cc1,CHEMBL3322565,IC50,8.19
213374,Cc1[nH]c(\C=C\2/C(=O)Nc3ccc(F)cc23)c(C)c1C(=O)NC[C@H](O)CN4CCOCC4,CHEMBL1721885,Kd,8.2
5640236,Cc1nn(C)cc1c2nc3c(N4CCN(Cc5ccc(Cl)cc5)CC4)c(Cl)cnc3[nH]2,CHEMBL2207503,Kd,8.21
5640247,CN1CCN(CC1)c2cc(Nc3cc(n[nH]3)c4cccc(NS(=O)(=O)c5ccccc5)c4)nc(C)n2,CHEMBL1807483,IC50,8.22
478709,CN1CCN(CC1)c2ccc(cc2)C(=O)Nc3cc(n[nH]3)c4ccc(CNC(=O)OCc5ccccc5)cc4,CHEMBL2063323,IC50,8.22
5640260,CN1CCN(CC1)c2ccc(cc2)C(=O)Nc3cc(n[nH]3)c4ccc(NC(=O)Nc5cc(C)on5)cc4,CHEMBL2386788,IC50,8.22
5493896,CNc1cc(ccn1)C2=CNC(=O)C(=C2)NC(=O)c3ccc(cc3)N4CCCCC4,CHEMBL1765774,Ki,8.22
5640273,CONC(=O)C1=CN(c2ccc3CCCc3c2)c4nc(Nc5ccc(cc5)C6CCN(C)CC6)ncc4C1=O,CHEMBL492809,IC50,8.22
5640284,COc1cc2Nc3nccc(n3)c4cccc(COCC=CCOCc(c2)c1OCCN5CCCC5)c4,CHEMBL2181087,IC50,8.22
5640295,COc1ccc(cc1Nc2nc(N)n(n2)c3ccccn3)N4CCOCC4,CHEMBL1833992,Ki,8.22
1744060,C[C@@H](O)CN(C)C1CCN(CC1)c2ccc(Nc3ncc4c5ccncc5n([C@@H]6CC[C@@H](C)CC6)c4n3)nn2,CHEMBL3237713,IC50,8.22
5640308,C[C@@H]1CC[C@H](CC1)n2c3cnccc3c4cnc(Nc5ccc(nn5)N6CCNCC6)nc24,CHEMBL3237707,IC50,8.22
5640318,Clc1ccccc1CNc2nccc(n2)c3cnc4c(NCCN5CCOCC5)nccn34,CHEMBL3656382,IC50,8.22
5640327,N[C@@H]1CC[C@H](CC1)Nc2nccn3c(cnc23)c4cccc(NCc5ccccc5)n4,CHEMBL3656369,IC50,8.22
5640336,N[C@@H]1CC[C@H](CC1)Nc2nccn3c(cnc23)c4cccc(NCc5cccs5)n4,CHEMBL3656381,IC50,8.22
5640346,Nc1ncnc2NCCC(=Nc12)c3ccc(NC(=O)Nc4cccc(Cl)c4)cc3,CHEMBL409872,IC50,8.22
5640357,Nc1noc2cccc(c3ccc(NC(=O)Nc4cccc(Cl)c4)cc3)c12,CHEMBL271600,IC50,8.22
5640368,O=C(Nc1cccc(c1)C#C)Nc2nnc(Sc3ncnc4cc(OCCCN5CCOCC5)ccc34)s2,CHEMBL2046884,IC50,8.22
5640379,Cc1nn(C)cc1c2nc3c(N4CCN(Cc5cncnc5)CC4)c(Cl)cnc3[nH]2,CHEMBL2207504,Kd,8.23
1717082,Cc1onc(CN2CCN(CC2)c3c(Cl)cnc4[nH]c(nc34)c5cn(C)nc5C)n1,CHEMBL2207501,Kd,8.25
5640391,CC(C)(CO)c1onc(NC(=O)Nc2ccc(cc2)c3cn4c5ccc(OCCN6CCOCC6)cc5sc4n3)c1,CHEMBL3645272,Kd,8.26
1717001,CN1CCN(CC1)c2cccc(c2)c3nc4c(N5CCN(Cc6cc(C)on6)CC5)c(Cl)cnc4[nH]3,CHEMBL2203775,Kd,8.27
5640403,CC(C)(C)c1onc(NC(=O)Nc2ccc(cc2)c3cn4c(n3)sc5cccc(OCCN6CCOCC6)c45)c1,CHEMBL577406,Kd,8.28
5640414,CN(\N=C\c1cnc2ccc(Br)cn12)S(=O)(=O)c3cc(ccc3C)[N+](=O)[O-],CHEMBL393525,IC50,8.29
5640425,CC(=O)N1CCC(C1)c2ccc(Nc3nc(N)n(n3)c4ccccn4)cc2,CHEMBL1835869,Ki,8.3
480863,CCN(CC)CCNC(=O)c1c(C)[nH]c2\C(=C\3/C(=O)Nc4ccc(F)cc34)\CCCc12,CHEMBL2180602,IC50,8.3
5640438,CCc1cc(NC(=O)Cc2ccc(Oc3ncnc4cc(OC)c(OC)cc34)cc2)n[nH]1,CHEMBL1940268,IC50,8.3
5640449,CN(C)CCCOc1ccccc2c(\C=C\3/C(=O)Nc4ccc(F)c(F)c34)cc(C)c12,CHEMBL1258711,IC50,8.3
5640460,CN1CCN(CC1)c2cc(Nc3cc(n[nH]3)c4ccc(CNC(=O)OCc5cc(C)on5)cc4)nc(C)n2,CHEMBL2063337,IC50,8.3
5492790,CNc1nccc(n1)C2=CNC(=O)C(=C2)NC(=O)c3ccc(cc3)N4CCCCC4,CHEMBL1738829,Ki,8.3
5640473,COc1cccc(NC(=O)Cn2cc(Oc3ncnc4cc(OC)cc(OC)c34)cn2)c1,CHEMBL1940113,IC50,8.3
5640484,COc1cccc(NC(=O)Cn2cc(Oc3ncnc4cc(OCCN5CCCC5)c(OC)cc34)cn2)c1,CHEMBL1940112,IC50,8.3
5640495,C[C@@H]1CC[C@H](CC1)n2c3cnccc3c4cnc(Nc5ccc(nn5)N6CCC7(CC6)CCS(=O)(=O)C7)nc24,CHEMBL3237716,IC50,8.3
4968733,C[C@@H]1CC[C@H](CC1)n2c3cnccc3c4cnc(Nc5ccc6CN(CCc6n5)C(=O)CO)nc24,CHEMBL3237719,IC50,8.3
480715,Cc1cccc(NC(=O)Nc2ccc(cc2)c3cnc4c(ccn4c3N)c5cnn(C)c5)c1,CHEMBL453057,IC50,8.3
109725,Cl.CCN(Cc1cc(Nc2nc(C)cn3c(cnc23)c4cn[nH]c4)sn1)C(C)(C)CO,CHEMBL1650533,IC50,8.3
1737011,Clc1nccc2c3cnc(Nc4ccc(cn4)N5CCNCC5)nc3n(C6CCCC6)c12,CHEMBL3237444,IC50,8.3
5640514,FC(F)(F)c1ccc(CNc2ccc(Cc3c[nH]c4ncc(Cl)cc34)cn2)cn1,CHEMBL3813873,IC50,8.3
5640525,FC(F)(F)c1ccc(NC(=O)Nc2ccc(Oc3ncnc4[nH]ncc34)cc2)cc1,CHEMBL2332849,IC50,8.3
326440,N[C@@H]1CC[C@@H](CC1)NC2=C(C(=O)NC=C2)c3nc4ccccc4[nH]3,CHEMBL3780091,IC50,8.3
5640538,Nc1n[nH]c2cccc(c3ccc(NC(=O)Nc4ccsc4)cc3)c12,CHEMBL376307,IC50,8.3
5640549,Nc1nc(Nc2ccc(cc2)[C@@H]3CC[C@@H](CC3)N4CCOCC4)nn1c5ccccn5,CHEMBL1835871,Ki,8.3
5640560,Nc1noc2cccc(c3ccc(NC(=O)Nc4cccc(c4)[N+](=O)[O-])cc3)c12,CHEMBL272183,IC50,8.3
5640571,O[C@@H]1CC[C@H](CC1)n2c3cnccc3c4cnc(Nc5ccc(cn5)N6CCNCC6)nc24,CHEMBL3237450,IC50,8.3
5640582,CCCNc1nc(NCCc2ccncc2)ncc1c3oc(nn3)C4CC4,CHEMBL470163,IC50,8.31
479005,COc1cc(O)c2C(=O)O[C@@H](C)C\C=C/C(=O)[C@@H](O)[C@H](O)C\C=C\c2c1,CHEMBL1668411,IC50,8.31
5640595,Oc1ccc(Nc2nc(NCCc3ccncc3)ncc2c4oc(nn4)C5CC5)cc1,CHEMBL486949,IC50,8.32
858301,CN[C@@H]1CC2OC([C@@H]1OC)n3c4ccccc4c5c6CNC(=O)c6c7c8ccccc8n2c7c35,CHEMBL3683258,IC50,8.33
5640607,CCN(CC)CCNC(=O)c1c(C)[nH]c(\C=C\2/C(=O)Nc3cc(NC(=O)NC(=O)c4ccc(OC)cc4F)ccc23)c1C,CHEMBL3329683,IC50,8.36
5640618,Cc1nn(C)cc1c2nc3c(N4CCN(Cc5nocn5)CC4)c(Cl)cnc3[nH]2,CHEMBL2207500,Kd,8.36
5640630,FC(F)(F)c1cc(NC(=O)Nc2ccc(Oc3ncnc4[nH]ncc34)cc2)ccc1Cl,CHEMBL2332840,Kd,8.37
5640641,CCN(CC)CCOc1ccc(\C=C\2/C(=O)Nc3ccc(Cl)cc23)cc1,CHEMBL2206008,IC50,8.39
5640652,CC1(COc2ccc3c(c2)ncn3c4ccc5cccc(N6CCC(N)CC6)c5n4)COC1,CHEMBL2105728,IC50,8.4
5640663,CCc1cc2oc(nc2cc1O)c3cc(cnc3N)c4cnn(c4)C5CCNCC5.OC(=O)C(F)(F)F,CHEMBL2032278,IC50,8.4
5640674,CCn1cc(NC(=O)Cc2ccc(Oc3ccnc4cc(OC)c(OC)cc34)cc2)cn1,CHEMBL1940273,IC50,8.4
5640685,CCn1cc(NC(=O)Cn2cc(Oc3ncnc4cc(OC)c(OC)cc34)cn2)cn1,CHEMBL1940116,IC50,8.4
5640696,CN1CCN(CC1)c2cc(Nc3cc(n[nH]3)c4ccc(CNC(=O)OCc5cccnc5)cc4)nc(C)n2,CHEMBL2063336,IC50,8.4
5640707,CN1CCN(Cc2ccc(cc2)C(=O)Nc3cc(n[nH]3)c4ccc(CNC(=O)Nc5cc(on5)C(C)(C)C)cc4)CC1,CHEMBL2386803,IC50,8.4
3992341,CN1CCN(Cc2ccc(cc2)c3cnc4[nH]cc(c5ccc6[nH]ccc6c5)c4c3)CC1,CHEMBL2436978,IC50,8.4
5640720,COCCOc1ccn2c(cnc2c1)c3ccc4cccc(O[C@@H]5CCNC[C@@H]5F)c4n3,CHEMBL3109356,IC50,8.4
5640731,COc1cc2ncnc(Nc3cnn(CC(=O)Nc4ccc(cc4)N(C)C)c3)c2cc1OC,CHEMBL1940105,IC50,8.4
5640742,COc1cc2ncnc(Nc3cnn(CC(=O)Nc4cccc(F)c4)c3)c2cc1OC,CHEMBL1940103,IC50,8.4
5640753,COc1ccc(NC(=O)Nc2ccc3\C(=C\c4[nH]c(C)c(CC(=O)O)c4C)\C(=O)Nc3c2)cc1,CHEMBL1173150,IC50,8.4
4968722,C[C@@H]1CC[C@H](CC1)n2c3cnccc3c4cnc(Nc5ccc(nn5)N6CCC(CC6)N(C)C)nc24,CHEMBL3237710,IC50,8.4
5640766,Cc1ccc(NC(=O)Nc2ccc(cc2)c3cccc4onc(N)c34)cc1,CHEMBL272645,IC50,8.4
479324,Cc1cccc(NC(=O)Nc2ccc(cc2)c3cncc4c3c(N)nn4C)c1,CHEMBL404367,IC50,8.4
5640779,Fc1ccc(cc1)N2C=CC=C(C(=O)Nc3ccc(Oc4ccnc5[nH]ccc45)c(F)c3)C2=O,CHEMBL509101,IC50,8.4
5640790,Nc1ncc(cc1c2oc3cc(O)ccc3n2)c4cnn(c4)C5CCNCC5.OC(=O)C(F)(F)F,CHEMBL2032274,IC50,8.4
5640801,Nc1noc2cccc(c3ccc(NC(=O)Nc4ccc(F)cc4)cc3)c12,CHEMBL406660,IC50,8.4
854379,Oc1ccc(cc1)c2ccc3c(n[nH]c3n2)c4ccc(cc4)N5CCNCC5,CHEMBL1910893,IC50,8.4
5640814,Nc1ccc2nc(oc2c1)c3cc(cnc3N)c4cnn(c4)C5CCNCC5.OC(=O)C(F)(F)F,CHEMBL2032285,IC50,8.44
5640825,COc1cc2c(Oc3ccc(NC(=O)C4=NN(C(=O)c5ccccc45)c6ccc(F)cc6)cc3F)ccnc2cc1OCCCN7CCCC7,CHEMBL3309402,IC50,8.46
5640836,CC(C)(C)c1onc(NC(=O)Nc2ccc(NC(=O)c3ccc(OC4CCN(CC(F)(F)F)CC4)cn3)cc2)c1,CHEMBL2203436,Kd,8.47
5640846,C[C@@H]1CC[C@H](CC1)n2c3cnccc3c4cnc(Nc5ccc6CN(CCF)CCc6n5)nc24,CHEMBL3680386,IC50,8.47
26231,CN[C@@H]1C[C@H]2O[C@@](C)([C@@H]1OC)n3c4ccccc4c5c6CNC(=O)c6c7c8ccccc8n2c7c35,CHEMBL388978,Kd,8.48
5640857,C[C@@H]1CC[C@H](CC1)n2c3cnccc3c4cnc(Nc5ccc6CN(CCc6n5)C(=O)C(=O)O)nc24,CHEMBL3680383,IC50,8.48
4971551,C[C@@H]1CC[C@H](CC1)n2c3cnccc3c4cnc(Nc5ccc6CN(CC(C)c6n5)C(=O)C)nc24,CHEMBL3684982,IC50,8.5
4971522,C[C@@H]1CC[C@H](CC1)n2c3cnccc3c4cnc(Nc5ccc6CN(CCc6n5)C(=O)C)nc24,CHEMBL3680380,IC50,8.5
5640869,COc1ccc(cc1OC)c2ccn3ncc(\C=N\N(C)S(=O)(=O)c4cc(ccc4C)[N+](=O)[O-])c3n2,CHEMBL3612504,IC50,8.51
4968883,C[C@@H]1CC[C@H](CC1)n2c3cnccc3c4cnc(Nc5ccc6CN(CCO)CC(C)c6n5)nc24,CHEMBL3684983,IC50,8.51
5640881,CC1(C)CCCC(C1)n2c3cnccc3c4cnc(Nc5ccc(cn5)N6CCNCC6)nc24,CHEMBL3237705,IC50,8.52
1609328,CCCCNc1ncc2c(nn([C@@H]3CC[C@@H](O)CC3)c2n1)c4ccc(cc4)S(=O)(=O)N5CCOCC5,CHEMBL3326002,IC50,8.52
5640894,CN1CCC(CC1)c2ccc(Nc3nc(N)n(n3)c4ccccn4)cc2,CHEMBL1835867,IC50,8.52
1609273,CN1CCN(CC1)S(=O)(=O)c2ccc(c(F)c2)c3cn([C@@H]4CC[C@@H](O)CC4)c5nc(NCCC6CC6)ncc35,CHEMBL3326005,IC50,8.52
4820280,CN1CCN(CC1)c2cc(Nc3cc(C)[nH]n3)nc(\C=C\c4ccccc4)n2,CHEMBL482968,IC50,8.52
5640909,CN1CCN(CC1)c2ccc(Nc3ncc4C(=O)C(=CN(c5ccc6CCCc6c5)c4n3)C(=O)N)cc2,CHEMBL414001,IC50,8.52
5640920,COCCOc1cc2c(Oc3cnn(CC(=O)Nc4cccc(OC)c4)c3)ncnc2cc1OC,CHEMBL1940110,IC50,8.52
5640931,CO\N=C\c1c(N)ncnc1N2CCN(CC2)C(=O)Nc3ccc(cc3)N4CCCC4,CHEMBL401046,IC50,8.52
5640942,COc1cc2ncnc(Oc3cnn(CC(=O)Nc4ccc(cn4)N(C)C)c3)c2cc1OC,CHEMBL1940107,IC50,8.52
5640953,C[C@@H]1CC[C@H](CC1)n2c3cnccc3c4cnc(Nc5ccc(cn5)N6CCC7(CC6)CCC(=O)N7)nc24,CHEMBL3237717,IC50,8.52
5640964,Cc1ccccc1NC(=O)Nc2ccc(cc2)c3cccc4[nH]nc(N)c34,CHEMBL376077,IC50,8.52
5640974,NCCC(Nc1cccc(n1)c2cnc3c(N[C@@H]4CC[C@@H](N)CC4)nccn23)c5ccccc5,CHEMBL3656375,IC50,8.52
5640985,Nc1n[nH]c2cccc(c3ccc(NC(=O)Nc4cccc(Cl)c4)cc3)c12,CHEMBL375670,IC50,8.52
5640996,Nc1ncnc2NCCC(=Nc12)c3ccc(NC(=O)Nc4cccc(c4F)C(F)(F)F)cc3,CHEMBL410731,IC50,8.52
4969101,C[C@@H]1CC[C@H](CC1)n2c3cnccc3c4cnc(Nc5ccc6CN(CCO)CC(O)c6n5)nc24,CHEMBL3684985,IC50,8.54
5641008,COc1ccc(Nc2nc(N)n(n2)c3ccccn3)cc1OC,CHEMBL1835740,Ki,8.55
5641019,CC(C)(C)c1onc(NC(=O)Nc2ccc(cc2)c3cn4c5ccc(O)cc5sc4n3)c1,CHEMBL575307,Kd,8.57
5641030,COc1ccc(NC(=O)Nc2ccc3\C(=C\c4[nH]c(C)c(CCC(=O)O)c4C)\C(=O)Nc3c2)cc1,CHEMBL1173541,IC50,8.57
5641041,COc1ccc(cc1)C(=O)NC(=O)Nc2ccc3\C(=C\c4[nH]c(C)c(CCC(=O)O)c4C)\C(=O)Nc3c2,CHEMBL3329669,IC50,8.57
4969128,C[C@@H]1CC[C@H](CC1)n2c3cnccc3c4cnc(Nc5cc6CN(CCO)CCc6cn5)nc24,CHEMBL3684980,IC50,8.57
5641053,CC(C)(C)c1onc(NC(=O)Nc2ccc(NC(=O)c3cccc(O)n3)cc2)c1,CHEMBL1079544,Kd,8.6
1723080,Cc1onc(CN2CCN(CC2)c3c(Cl)cnc4[nH]c(nc34)c5cn(C)nc5C)c1,CHEMBL2207518,Kd,8.62
5641066,CC(C)(C)c1onc(NC(=O)Nc2ccc(cc2)c3cn4c5cc(OCCN6CCOCC6)ccc5sc4n3)c1,CHEMBL567839,Kd,8.64
5641076,C[C@@H]1CC[C@H](CC1)n2c3cnccc3c4cnc(Nc5ccc6CN(C[C@H](C)c6n5)C(=O)C)nc24,CHEMBL3684994,IC50,8.64
2338185,Cc1nc(Nc2nc3ccc(nc3s2)c4cccc(c4)C(=O)Nc5cccc(c5)C(F)(F)F)cc(n1)N6CCNCC6,CHEMBL2148120,Kd,8.64
5641087,O=C(Nc1ccccc1)Nc2ccc3\C(=C\c4ccc[nH]4)\C(=O)Nc3c2,CHEMBL1173482,IC50,8.64
480766,C[C@H](O)Cn1cc(cn1)c2cnc(N)c3c(csc23)c4ccc(NC(=O)Nc5cccc(C)c5)cc4,CHEMBL3646210,IC50,8.66
5641099,COc1cc2c(Oc3ccc(NC(=O)C4=C(Cl)c5ccccc5N(C4=O)c6ccc(F)cc6)cc3F)ccnc2cc1OCCCN7CCN(C)CC7,CHEMBL3780676,IC50,8.67
528630,CC(C)Oc1cc(n[nH]1)n2cnc3ccc(N[C@@H](C)c4ccc(F)cn4)nc23,CHEMBL2151321,IC50,8.68
2438915,COc1cc(ccc1Nc2ncc(Cl)c(Nc3ccccc3P(=O)(C)C)n2)N4CCC(CC4)N5CCN(C)CC5,CHEMBL3545311,IC50,8.68
5641114,COc1ccc(NC(=O)CC(=O)Nc2ccc3\C(=C\c4[nH]c(C)c(C(=O)NCCN5CCCC5)c4C)\C(=O)Nc3c2)cc1,CHEMBL3322566,IC50,8.68
5641125,Fc1ccc(cc1)n2nnc(C(=O)Nc3ccc(Oc4ccnc5[nH]ccc45)c(F)c3)c2C(F)(F)F,CHEMBL3774451,IC50,8.69
2515427,C1CCC(CC1)n2c3cnccc3c4cnc(Nc5ccc(cn5)N6CCNCC6)nc24,CHEMBL3237451,IC50,8.7
2516451,CC1CCC(CC1)n2c3cnccc3c4cnc(Nc5ccc(cn5)N6CCNCC6)nc24,CHEMBL3237702,IC50,8.7
5641140,CCN1C(=O)C(C)(C)c2cc3[nH]c4c(CCCc5c(C)n[nH]c45)c3cc12,CHEMBL223147,IC50,8.7
5641151,CCN1C(C)(C)CC(CC1(C)C)Oc2ccc(nc2)C(=O)Nc3ccc(NC(=O)Nc4cc(on4)C(C)(C)C)cc3,CHEMBL2206278,IC50,8.7
5641162,CCN1CCN(CC1)C(=O)CCc2ccc3c(c2)sc4nc(cn34)c5ccc(NC(=O)Nc6cc(on6)C(C)(C)C)cc5,CHEMBL574576,Kd,8.7
5641173,CN1C(C)(C)CC(CC1(C)C)Oc2ccc(nc2)C(=O)Nc3ccc(NC(=O)Nc4cc(on4)C(C)(C)C)cc3,CHEMBL2206277,IC50,8.7
5641184,CN1CCN(Cc2ccc(cc2)C(=O)Nc3cc(n[nH]3)c4ccc(NC(=O)Nc5cc(on5)C(C)(C)C)c(C)c4)CC1,CHEMBL2386796,IC50,8.7
5641195,COCCOc1cc2ncnc(Oc3cnn(CC(=O)Nc4cccc(OC)c4)c3)c2cc1OC,CHEMBL1940109,IC50,8.7
5641206,COCCOc1ccn2c(cnc2c1)c3ccc4cccc(OC5CCNCC5)c4n3,CHEMBL3109340,IC50,8.7
5641217,COc1cccc(NC(=O)Cn2cc(Oc3ncnc4cc(OC)c(OC)cc34)cn2)c1,CHEMBL1940108,IC50,8.7
5641228,C[C@@H]1CC[C@H](CC1)n2c3cnccc3c4cnc(Nc5ccc(cn5)N6CCC(CC6)N(C)C)nc24,CHEMBL3237709,IC50,8.7
5641239,C[C@@H]1CC[C@H](CC1)n2c3cnccc3c4cnc(Nc5ccc(cn5)N6CCNCC6)nc24,CHEMBL3237703,IC50,8.7
4971502,C[C@@H]1CC[C@H](CC1)n2c3cnccc3c4cnc(Nc5ccc6CN(CCCO)CCc6n5)nc24,CHEMBL3680382,IC50,8.7
5641251,Cc1cc2oc(nc2cc1O)c3cc(cnc3N)c4cnn(c4)C5CCNCC5.OC(=O)C(F)(F)F,CHEMBL2032276,IC50,8.7
5641263,Cc1ccc(NC(=O)Nc2ccc(cc2)c3cccc4[nH]nc(N)c34)cc1,CHEMBL374330,IC50,8.7
480799,Cc1cccc(NC(=O)Nc2ccc(cc2)c3csc4ncnc(N)c34)c1,CHEMBL196363,IC50,8.7
480424,Nc1n[nH]c2nccc(c3ccc(NC(=O)Nc4cccc(c4)C(F)(F)F)cc3)c12,CHEMBL255955,IC50,8.7
5641279,Nc1nc(Nc2ccc(cc2)[C@@H]3CC[C@H](CC3)N4CCOCC4)nn1c5ccccn5,CHEMBL1835870,Ki,8.7
5641290,Nc1ncnc2NCCC(=Nc12)c3ccc(NC(=O)Nc4cc(ccc4F)C(F)(F)F)cc3,CHEMBL411903,IC50,8.7
5641301,Nc1ncnc2NCCC(=Nc12)c3ccc(NC(=O)Nc4cccc(c4)C(F)(F)F)cc3,CHEMBL260092,IC50,8.7
480446,COc1ccc(NC(=O)Nc2ccc(cc2)c3csc4c(cnc(N)c34)c5cnn(CC(C)(C)O)c5)cc1,CHEMBL2004290,IC50,8.71
5641313,CC(C)(C)c1onc(NC(=O)Nc2ccc(cc2)c3cn4c5ccccc5sc4n3)c1,CHEMBL578024,Kd,8.72
5641324,Cc1ccc(cc1S(=O)(=O)n2cc(cn2)c3cnn4ccc(Cl)nc34)[N+](=O)[O-],CHEMBL3612514,IC50,8.72
5641335,Clc1ccc(NC(=O)Nc2ccc3\C(=C\c4ccc[nH]4)\C(=O)Nc3c2)cc1,CHEMBL1172886,IC50,8.72
480843,Cc1cccc(NC(=O)Nc2ccc(cc2)c3csc4c(cnc(N)c34)c5cn[nH]c5)c1,CHEMBL1969102,IC50,8.74
4971925,C[C@@H]1CC[C@H](CC1)n2c3cnccc3c4cnc(Nc5ccc6CN(CCO)CCc6n5)nc24,CHEMBL3680381,IC50,8.75
5641347,C[C@@H]1CC[C@H](CC1)n2c3cnccc3c4cnc(Nc5ccc6CNCC(C)c6n5)nc24,CHEMBL3684981,IC50,8.75
5641357,CN1CCN(CCCOc2ccc3c(c2)sc4nc(cn34)c5ccc(NC(=O)Nc6cc(on6)C(C)(C)C)cc5)CC1,CHEMBL574039,Kd,8.77
4970647,COCCN1CCc2nc(Nc3ncc4c5ccncc5n([C@@H]6CC[C@@H](C)CC6)c4n3)ccc2C1,CHEMBL3684978,IC50,8.77
5641370,CC(C)(C)c1onc(NC(=O)Nc2ccc(NC(=O)c3cn4c5ccccc5sc4n3)cc2)c1,CHEMBL575925,Kd,8.8
5641381,CC(C)(C)c1onc(NC(=O)Nc2ccc(cc2)c3cn4c5ccc(cc5sc4n3)C(=O)O)c1,CHEMBL584710,Kd,8.8
478830,CC(C)OCc1ccc2c(c1)c3c4CNC(=O)c4c5c(Cc6ccccc56)c3n2CCCO,CHEMBL150894,IC50,8.8
4969119,C[C@@H]1CC[C@H](CC1)n2c3cnccc3c4cnc(Nc5ccc6CN(C[C@@H](C)c6n5)C(=O)C)nc24,CHEMBL3684986,IC50,8.8
5641395,CC(C)(C)c1onc(NC(=O)Nc2ccc(cc2)c3cn4c5ccc(CCC(=O)N6CCOCC6)cc5sc4n3)c1,CHEMBL574526,Kd,8.82
5641406,CC(C)(C)c1onc(NC(=O)Nc2ccc(cc2)c3cn4c5ccc(OCCN6CCCCC6)cc5sc4n3)c1,CHEMBL575269,Kd,8.82
5641417,CCN1CCC(CC1)c2ccc(nc2)C(=O)Nc3ccc(NC(=O)Nc4cc(on4)C(C)(C)C)cc3,CHEMBL2203426,Kd,8.82
5641428,O=C(Nc1ccc(cc1)c2ccc3ccccc3c2)Nc4ccc5\C(=C\c6ccc[nH]6)\C(=O)Nc5c4,CHEMBL1172838,IC50,8.82
5641439,COc1ccc(NC(=O)Nc2ccc3\C(=C\c4ccc[nH]4)\C(=O)Nc3c2)cc1,CHEMBL1173149,IC50,8.85
4969256,C[C@@H]1CC[C@H](CC1)n2c3cnccc3c4cnc(Nc5ccc6CNCC(O)c6n5)nc24,CHEMBL3684984,IC50,8.85
5641451,CC(C)(C)c1onc(NC(=O)Nc2ccc(cc2)c3cn4c5ccc(CCC(=O)O)cc5sc4n3)c1,CHEMBL583418,Kd,8.89
5641462,CC(C)(C)c1onc(NC(=O)Nc2ccc(cc2)c3cn4c5ccc(CCCN6CCOCC6)cc5sc4n3)c1,CHEMBL584293,Kd,8.89
4972027,C[C@@H]1CC[C@H](CC1)n2c3cnccc3c4cnc(Nc5ccc6CNCCc6n5)nc24,CHEMBL3680379,IC50,8.89
5641474,Cc1ccc(cc1S(=O)(=O)n2ccc(n2)c3cnn4ccc(Cl)nc34)[N+](=O)[O-],CHEMBL3612515,IC50,8.89
480757,Nc1ncc(c2cnn(CCO)c2)c3scc(c4ccc(NC(=O)Nc5cccc(F)c5)cc4)c13,CHEMBL1980297,IC50,8.89
480852,COc1ccc(NC(=O)Nc2ccc(cc2)c3csc4c(cnc(N)c34)c5cnn(C[C@H](O)CO)c5)cc1,CHEMBL3646211,IC50,8.91
5641487,CC(C)(C)c1onc(NC(=O)Nc2ccc(NC(=O)c3cc(OC4CCNCC4)ccn3)cc2)c1,CHEMBL2203431,Kd,8.92
1609396,CCCCNc1ncc2c(cn([C@@H]3CC[C@@H](O)CC3)c2n1)c4ccc(c(F)c4)S(=O)(=O)N5CCN(C)CC5,CHEMBL3326004,IC50,8.92
1732252,CN1CCN(CC1)c2ccc(cc2)c3nc4ncc(Br)c(N5CCN(Cc6cc(C)on6)CC5)c4[nH]3,CHEMBL1236904,Kd,8.92
5641502,CN1CCN(CC1)c2ccc3c(c2)sc4nc(cn34)c5ccc(NC(=O)Nc6cc(on6)C(C)(C)C)cc5,CHEMBL575312,Kd,8.92
5641513,COc1ccc(NC(=O)Nc2ccc3\C(=C\c4ccc[nH]4)\C(=O)Nc3c2)cc1OC,CHEMBL1172814,IC50,8.92
5641524,COc1ccn2ncc(\C=N\N(C)S(=O)(=O)c3cc(ccc3C)[N+](=O)[O-])c2n1,CHEMBL3612508,IC50,8.92
5641535,CC(C)(C)c1onc(NC(=O)Nc2ccc(NC(=O)c3cc4ccccc4cn3)cc2)c1,CHEMBL1081509,Kd,8.96
5641546,CCN1CCN(Cc2ccc3c(c2)sc4nc(cn34)c5ccc(NC(=O)Nc6cc(on6)C(C)(C)C)cc5)CC1,CHEMBL581849,Kd,8.96
5641557,COc1cc2c(Oc3ccc(NC(=O)c4cc(ccn4)c5ccc(C)cc5)cc3F)ccnc2cc1OCCCN6CCN(C)CC6,CHEMBL2435999,IC50,8.97
5641569,C(CN1CCOCC1)Oc2ccc(cc2)c3cnc4c(cnn4c3)c5ccncc5,CHEMBL324153,IC50,9.0
5641580,CC(C)(C)c1onc(NC(=O)Nc2ccc(cc2)c3cn4c5ccc(OCCCN6CCOCC6)cc5sc4n3)c1,CHEMBL574349,Kd,9.0
5641591,CCN1CCC(CC1)Oc2ccc(nc2)C(=O)Nc3ccc(NC(=O)Nc4cc(on4)C(C)(C)C)cc3,CHEMBL2203434,IC50,9.0
5641602,CCN1CCC(CC1)Oc2ccnc(c2)C(=O)Nc3ccc(NC(=O)Nc4cc(on4)C(C)(C)C)cc3,CHEMBL2203432,Kd,9.0
5641614,CN1CCN(CCc2ccc(Nc3ncc4C(=O)C(=CN(c5ccc6CCCc6c5)c4n3)C(=O)N)cc2)CC1,CHEMBL403776,IC50,9.0
5641625,CN1CCN(Cc2ccc(Nc3ncc4C(=O)C(=CN(c5ccc6CCCc6c5)c4n3)C(=O)N)cc2)CC1,CHEMBL256893,IC50,9.0
1609306,CN1CCN(Cc2ccc(cc2)c3cn([C@@H]4CC[C@@H](O)CC4)c5nc(NCCC6CC6)ncc35)CC1,CHEMBL3326007,IC50,9.0
5641638,CO\N=C\c1c(N)ncnc1N2CCN(CC2)C(=O)Nc3ccc(Oc4ccccc4)cc3,CHEMBL235008,IC50,9.0
5641649,C[C@@H]1CC[C@H](CC1)n2c3cnccc3c4cnc(Nc5ccc(cn5)N6CCC(N)CC6)nc24,CHEMBL3237708,IC50,9.0
5641660,Cn1cc(Nc2ncc(Br)c(N[C@@H]3[C@@H]4C[C@@H](C=C4)[C@@H]3C(=O)N)n2)cn1,CHEMBL2071201,IC50,9.0
4820223,Nc1cc(ccn1)c2cnn3cc(cnc23)c4ccc(OCCN5CCOCC5)cc4,CHEMBL1271533,IC50,9.0
480832,Oc1ccc(cc1O)c2cnn3cc(cnc23)c4ccc(OCCN5CCOCC5)cc4,CHEMBL1271641,IC50,9.0
5641675,CC(C)(C)c1onc(NC(=O)Nc2ccc(NC(=O)c3ccccc3)cc2)c1,CHEMBL1081169,Kd,9.01
5641686,CCN1CCN(CC1)C(=O)c2ccc3c(c2)sc4nc(cn34)c5ccc(NC(=O)Nc6cc(on6)C(C)(C)C)cc5,CHEMBL574575,Kd,9.01
5641697,CN1CCN(Cc2ccc(nc2)C(=O)Nc3ccc(NC(=O)Nc4cc(on4)C(C)(C)C)cc3)CC1,CHEMBL2203428,Kd,9.05
5641708,Cc1ccc(NC(=O)Nc2ccc3\C(=C\c4ccc[nH]4)\C(=O)Nc3c2)cc1,CHEMBL1172815,IC50,9.05
479304,CCN1CCC(CC1)Nc2ccc3NC(=O)C(=C(c4ccc(Cl)cc4)c5ncc[nH]5)c3c2,CHEMBL2086760,IC50,9.07
5641721,Cc1ccnc(c1)C(=O)Nc2ccc(NC(=O)Nc3cc(on3)C(C)(C)C)cc2,CHEMBL2203429,Kd,9.1
5641732,O=C(Nc1ccc(Oc2ccccc2)cc1)Nc3ccc4\C(=C\c5ccc[nH]5)\C(=O)Nc4c3,CHEMBL1172887,IC50,9.1
5641743,Cc1ccc2sc(cc2c1)C(=O)Nc3ccc(NC(=O)Nc4cc(on4)C(C)(C)C)cc3,CHEMBL1080063,Kd,9.11
5641754,CC(C)(C)c1onc(NC(=O)Nc2ccc(NC(=O)c3ccccn3)cc2)c1,CHEMBL1081346,Kd,9.12
5641765,CN(\N=C\c1cnn2ccc(C)nc12)S(=O)(=O)c3cc(ccc3C)[N+](=O)[O-],CHEMBL3612503,IC50,9.12
5641776,CC(C)(C)c1onc(NC(=O)Nc2ccc(NC(=O)c3ccc4ccccc4c3)cc2)c1,CHEMBL1081345,Kd,9.13
5641787,CC(C)(C)c1onc(NC(=O)Nc2ccc(NC(=O)c3nccc4ccccc34)cc2)c1,CHEMBL1080064,Kd,9.13
5641798,CC(C)(C)c1onc(NC(=O)Nc2ccc(NC(=O)c3ncccc3O)cc2)c1,CHEMBL1079545,Kd,9.13
2437960,CN1CCN(CC1)C2CCN(CC2)c3ccc(Nc4nc(N[C@@H]5CC[C@@H](O)CC5)c(Cl)nc4C(=O)N)cc3C,CHEMBL3687217,IC50,9.14
5641810,CC(C)(C)c1onc(NC(=O)Nc2ccc(NC(=O)c3ccc(OC4CCNCC4)cn3)cc2)c1,CHEMBL2203433,Kd,9.16
5641821,O=C(Nc1ccc(cc1)c2ccccc2)Nc3ccc4\C(=C\c5ccc[nH]5)\C(=O)Nc4c3,CHEMBL1172837,IC50,9.16
2439127,CC(C)c1nc(C(=O)N)c(Nc2ccc(N3CCC(CC3)N4CCN(C)CC4)c(c2)C(F)(F)F)nc1N[C@@H]5CC[C@@H](O)CC5,CHEMBL3687205,IC50,9.18
5641832,OCC(=O)N1CCc2nc(Nc3ncc4c5ccncc5n(C6CCCC6)c4n3)ccc2C1,CHEMBL3684989,IC50,9.19
5641842,CC(C)N1CCC(CC1)Oc2ccc(nc2)C(=O)Nc3ccc(NC(=O)Nc4cc(on4)C(C)(C)C)cc3,CHEMBL2203435,Kd,9.22
5641853,COc1nc(Nc2ncc3c4ccncc4n([C@@H]5CC[C@@H](C)CC5)c3n2)ccc1N6CCC7(CC6)CCC(=O)N7,CHEMBL3237718,IC50,9.22
5641864,C[C@@H]1CC[C@H](CC1)n2c3cnccc3c4cnc(Nc5ccc(N6CCC(CC6)N(C)C)c(F)n5)nc24,CHEMBL3237711,IC50,9.22
5641875,Cc1ccc(nc1)C(=O)Nc2ccc(NC(=O)Nc3cc(on3)C(C)(C)C)cc2,CHEMBL2203430,Kd,9.22
5641886,Nc1ncc(cc1c2oc3c(cccc3n2)c4ccccn4)c5cnn(c5)C6CCNCC6.OC(=O)C(F)(F)F,CHEMBL2032155,IC50,9.22
2437978,CC(C)c1nc(C(=O)N)c(Nc2ccc(cc2)N3CCC(CC3)N4CCN(C)CC4)nc1NC5CCOCC5,CHEMBL3687221,IC50,9.25
2437242,CC(C)c1nc(C(=O)N)c(Nc2ccc(cc2)N3CCN(C)CC3)nc1NC4CCOCC4,CHEMBL3687224,IC50,9.28
2436402,CCc1nc(C(=O)N)c(Nc2ccc(cc2)N3CCC(CC3)N4CCN(C)CC4)nc1NC5CCOCC5,CHEMBL3687220,IC50,9.29
2437818,CCc1nc(C(=O)N)c(Nc2ccc(cc2)N3CCC(CC3)N4CCN(C)CC4)nc1N[C@@H]5CC[C@@H](O)CC5,CHEMBL3687194,IC50,9.29
2438699,CCc1nc(C(=O)N)c(Nc2ccc(N3CCC(CC3)N4CCN(C)CC4)c(c2)C(F)(F)F)nc1N[C@@H]5CC[C@@H](O)CC5,CHEMBL3687200,IC50,9.3
1717034,COc1ccc(C(=O)NC(=O)Nc2ccc3\C(=C\c4[nH]c(C)c(C(=O)NCCN5CCCC5)c4C)\C(=O)Nc3c2)c(F)c1,CHEMBL3329684,IC50,9.3
5641904,COc1ccc(NC(=O)Nc2ccc3\C(=C\c4[nH]cc(C(=O)O)c4C)\C(=O)Nc3c2)cc1,CHEMBL1173411,IC50,9.3
2438291,COc1cc(Nc2nc(NC3CCOCC3)c(nc2C(=O)N)C(C)C)ccc1N4CCN(C)CC4,CHEMBL3687223,IC50,9.31
2437987,CC(C)c1nc(C(=O)N)c(Nc2ccc(cc2)N3CCN(C)CC3)nc1N[C@@H]4CC[C@@H](O)CC4,CHEMBL3687195,IC50,9.34
2436971,CCc1nc(C(=O)N)c(Nc2ccc(cc2)N3CCN(C)CC3)nc1N[C@@H]4CC[C@@H](O)CC4,CHEMBL3687191,IC50,9.36
2438260,CCc1nc(C(=O)N)c(Nc2ccc(N3CCC(CC3)N4CCN(C)CC4)c(OC)c2)nc1NC5CCOCC5,CHEMBL3301622,IC50,9.39
5641919,CC(C)(C)N1CCC(CC1)Oc2ccc(nc2)C(=O)Nc3ccc(NC(=O)Nc4cc(on4)C(C)(C)C)cc3,CHEMBL2203437,Kd,9.4
5641930,CC(C)(C)c1onc(NC(=O)Nc2ccc(NC(=O)c3ccc(OC4CCN(CC4)C5CC5)cn3)cc2)c1,CHEMBL2203438,Kd,9.4
5641941,CCN1CCC(Cc2ccc(nc2)C(=O)Nc3ccc(NC(=O)Nc4cc(on4)C(C)(C)C)cc3)CC1,CHEMBL2203427,Kd,9.4
2439096,CCc1nc(C(=O)N)c(Nc2ccc(N3CCC(CC3)N4CCN(C)CC4)c(C)c2)nc1N[C@@H]5CC[C@](C)(O)CC5,CHEMBL3687207,IC50,9.41
2438518,CCc1nc(C(=O)N)c(Nc2ccc(N3CCC(CC3)N4CCN(C)CC4)c(C)c2)nc1N[C@@H]5CC[C@@](C)(O)CC5,CHEMBL3687212,IC50,9.43
2437969,CCc1nc(C(=O)N)c(Nc2ccc(N3CCN(CC3)C4CCN(C)CC4)c(C)c2)nc1NC5CCOCC5,CHEMBL3687225,IC50,9.43
5641955,CN(CCc1cnn2ccc(Cl)nc12)S(=O)(=O)c3cc(ccc3C)[N+](=O)[O-],CHEMBL3612512,IC50,9.43
2438251,CCc1nc(C(=O)N)c(Nc2ccc(N3CCC(CC3)N4CCN(C)CC4)c(C)c2)nc1NC5CCOCC5,CHEMBL3687215,IC50,9.44
2435697,CCc1nc(C(=O)N)c(Nc2ccc(N3CCN(C)CC3)c(F)c2)nc1NC4CCOCC4,CHEMBL3687222,IC50,9.44
2439029,CCc1nc(C(=O)N)c(Nc2ccc(N3CCC(CC3)N4CCN(C)CC4)c(C)c2)nc1N[C@@H]5CC[C@@H](O)CC5,CHEMBL3687202,IC50,9.46
2438819,CCc1nc(C(=O)N)c(Nc2ccc(N3CCN(CC3)C(C)C)c(C)c2)nc1N[C@@H]4CC[C@@H](O)CC4,CHEMBL3687210,IC50,9.47
5641970,CC(C)(C)c1onc(NC(=O)Nc2ccc(NC(=O)c3ccc(OC4CC(C)(C)NC(C)(C)C4)cn3)cc2)c1,CHEMBL2206279,Kd,9.52
2359224,CN1CCN(CC2=CC=C(NC(=O)C3=CC=C(C)C(=C3)C#CC3=CN=C4C=CC=NN34)C=C2C(F)(F)F)CC1,ponatinib,IC50,9.52
5641982,C[C@@H]1CC[C@H](CC1)n2c3cnccc3c4cnc(Nc5ccc(nc5)N6CCNCC6)nc24,CHEMBL3237706,IC50,9.52
5641993,CN(\N=C\c1cnn2ccc(nc12)C#N)S(=O)(=O)c3cc(ccc3C)[N+](=O)[O-],CHEMBL3612507,IC50,9.67
5642004,COc1nc(Nc2ncc3c4ccncc4n([C@@H]5CC[C@@H](C)CC5)c3n2)ccc1N6CCC(CC6)N(C)C,CHEMBL3237712,IC50,9.7
5642015,Cc1[nH]c(\C=C\2/C(=O)Nc3cc(NC(=O)Nc4ccccc4)ccc23)c(C)c1C(=O)O,CHEMBL1173107,IC50,9.7
5642026,CN(CCc1cnn2ccc(Cl)nc12)S(=O)(=O)c3cc(ccc3C)C#N,CHEMBL3612513,IC50,9.75
5642037,Cc1ccc(cc1S(=O)(=O)NCCc2cnn3ccc(Cl)nc23)[N+](=O)[O-],CHEMBL3612511,IC50,9.78
5642048,Cc1ccc(cc1S(=O)(=O)n2ccc(c2)c3cnn4ccc(Cl)nc34)[N+](=O)[O-],CHEMBL3612622,IC50,9.91
