id,smiles,name,assay_type,activity_value
478408,COC1=CC2=C(C=C1C(N)=O)C(OC1=CC=C(NC(=O)NC3CC3)C(Cl)=C1)=CC=N2,lenvatinib,IC50,8.28399658
129147,CCN(CC)CCNC(=O)c1c(C)[nH]c(\C=C\2/C(=O)Nc3ccc(F)cc23)c1C,sunitinib,Ki,7.77
325048,COC(=O)c1ccc2\C(=C(\Nc3ccc(cc3)N(C)C(=O)CN4CCN(C)CC4)/c5ccccc5)\C(=O)Nc2c1,nintedanib,IC50,8.30103016
478430,CN(C1=CC2=NN(C)C(C)=C2C=C1)C1=NC(NC2=CC(=C(C)C=C2)S(N)(=O)=O)=NC=C1,pazopanib,Kd,7.57
308739,CNC(=O)C1=CC(OC2=CC=C(NC(=O)NC3=CC=C(Cl)C(=C3)C(F)(F)F)C=C2)=CC=N1,sorafenib,Kd,7.8
478442,CNC(=O)C1=C(SC2=CC=C3C(NN=C3\C=C\C3=CC=CC=N3)=C2)C=CC=C1,axitinib,Kd,6.77
6950753,COc1cc(cc(OC)c1OC)C2=C(C(=O)NC2=O)c3c[nH]c4ccc(I)cc34,CHEMBL597492,IC50,7.53
5639501,CCn1cc(NC(=O)Cc2ccc(Oc3ncnc4cc(OC)c(OC)cc34)cc2)cn1,CHEMBL1940272,IC50,7.54
26231,CN[C@@H]1C[C@H]2O[C@@](C)([C@@H]1OC)n3c4ccccc4c5c6CNC(=O)c6c7c8ccccc8n2c7c35,CHEMBL388978,Kd,7.55
479427,C[C@H](Nc1cncc(Cl)n1)c2cccc(NC(=O)c3cccc(C)c3)c2,CHEMBL504075,Kd,7.57
6376811,COc1cccc(NC(=O)Cn2cc(Nc3ncnc4cc(OC)c(OC)cc34)cn2)c1,CHEMBL1940104,IC50,7.6
6950774,COC(=O)c1ccc2\C(=C(\Nc3ccc(NC(=O)CN4CCN(C)CC4)cc3)/c5ccccc5)\C(=O)Nc2c1,CHEMBL465015,IC50,7.62
6950784,CCN1C(=C(C(=O)NC)C(=O)c2ccc(nc12)C#CC(C)(C)O)N,CHEMBL3644860,IC50,7.64
6950793,CCN1C(=C(C(=O)NC)C(=O)c2ccc(nc12)C#CC(C)(O)COC)N,CHEMBL3644872,IC50,7.64
1421333,Nc1ncnc2snc(c3ccc(NC(=O)Nc4cc(ccc4F)C(F)(F)F)cc3)c12,CHEMBL214258,IC50,7.64
5641087,O=C(Nc1ccccc1)Nc2ccc3\C(=C\c4ccc[nH]4)\C(=O)Nc3c2,CHEMBL1173482,IC50,7.65
5638060,COc1cc(cc(OC)c1OC)C2=C(C(=O)NC2=O)c3c[nH]c4ccccc34,CHEMBL201511,IC50,7.66
5639762,COc1cc2ncnc(Oc3ccc(CC(=O)Nc4ccc(cn4)N(C)C)cc3)c2cc1OC,CHEMBL1940118,IC50,7.66
6950810,CCN1C(=C(C(=O)NC)C(=O)c2ccc(nc12)C#CC3(O)CCC3)N,CHEMBL3644863,IC50,7.68
6950820,COc1cc(cc(OC)c1OC)C2=C(C(=O)NC2=O)c3c[nH]c4ccc(Br)cc34,CHEMBL605957,IC50,7.68
4228963,O=C(N[C@H](CN1CCCC1)c2ccccc2)c3cc4[nH]nc(NC(=O)c5ccc(cc5)N6CCOCC6)c4s3,CHEMBL1258913,IC50,7.72
6950834,FC(F)(F)c1cccc(NC(=O)c2ccccc2NCc3ccncc3)c1,CHEMBL153843,IC50,7.75
26212,C[C@]12O[C@H](C[C@]1(O)CO)n3c4ccccc4c5c6C(=O)NCc6c7c8ccccc8n2c7c35,CHEMBL603469,Kd,7.77
5637899,CCOc1cccc2c1c(\C=C\3/C(=O)NN=C3c4snnc4C)cn2C,CHEMBL398610,IC50,7.8
479271,Cc1ccc(F)c(NC(=O)Nc2ccc(cc2)c3cccc4[nH]nc(N)c34)c1,CHEMBL223360,Kd,7.8
6950854,CCN1C(=C(C(=O)NC)C(=O)c2ccc(nc12)C#CC(C)(O)c3ccccc3)N,CHEMBL3644870,IC50,7.85
526839,CS(=O)(=O)O.OC(=Nc1cccc(Cl)c1)Nc2ncc(CCN=C3NC=Nc4ccsc34)s2,CHEMBL518051,IC50,7.85
6950866,CCS(=O)(=O)O.COC(=O)c1ccc2\C(=C(\Nc3ccc(cc3)N(C)C(=O)CN4CCN(C)CC4)/c5ccccc5)\C(=O)Nc2c1,CHEMBL3039504,IC50,7.89
5641030,COc1ccc(NC(=O)Nc2ccc3\C(=C\c4[nH]c(C)c(CCC(=O)O)c4C)\C(=O)Nc3c2)cc1,CHEMBL1173541,IC50,7.89
5641439,COc1ccc(NC(=O)Nc2ccc3\C(=C\c4ccc[nH]4)\C(=O)Nc3c2)cc1,CHEMBL1173149,IC50,7.89
480799,Cc1cccc(NC(=O)Nc2ccc(cc2)c3csc4ncnc(N)c34)c1,CHEMBL196363,IC50,7.89
5641428,O=C(Nc1ccc(cc1)c2ccc3ccccc3c2)Nc4ccc5\C(=C\c6ccc[nH]6)\C(=O)Nc5c4,CHEMBL1172838,IC50,7.89
5640674,CCn1cc(NC(=O)Cc2ccc(Oc3ccnc4cc(OC)c(OC)cc34)cc2)cn1,CHEMBL1940273,IC50,7.92
5640753,COc1ccc(NC(=O)Nc2ccc3\C(=C\c4[nH]c(C)c(CC(=O)O)c4C)\C(=O)Nc3c2)cc1,CHEMBL1173150,IC50,7.96
6950891,COC(=O)c1ccc2\C(=C(\Nc3ccc(CN(C)C(=O)N(C)C)cc3)/c4ccccc4)\C(=O)Nc2c1,CHEMBL525203,IC50,8.0
4227711,COC(=O)c1ccc2\C(=C(\Nc3ccc(cc3)N(CCN(C)C)S(=O)(=O)C)/c4ccccc4)\C(=O)Nc2c1,CHEMBL498266,IC50,8.0
479223,CO\N=C(/C)\c1ccc2c(c1)c3c4CNC(=O)c4c5c(CCc6nn(C)cc56)c3n2CC(C)C,CHEMBL258015,IC50,8.0
479335,Cl.CNC(=O)c1cccc2cc(Oc3ccnc4cc(OCC5(N)CC5)c(OC)cc34)ccc12,CHEMBL2180605,IC50,8.0
478994,CC1(C)CNc2cc(NC(=O)c3cccnc3NCc4ccncc4)ccc12,CHEMBL572881,Kd,8.01
6950910,CN1CCC(COc2ccc3c(Nc4ccc(NC(=O)Nc5cccc(F)c5)cc4)ncnc3c2)CC1,CHEMBL1934327,IC50,8.02
478842,COc1cc(Nc2ncc(F)c(Nc3ccc4OC(C)(C)C(=O)Nc4n3)n2)cc(OC)c1OC,CHEMBL475251,Kd,8.04
478819,CC(C)Cn1c2ccc(cc2c3c4CNC(=O)c4c5c(CCc6nn(C)cc56)c13)C7CCCCO7,CHEMBL1084337,IC50,8.05
6377165,COc1cc2ncnc(Oc3ccc(NC(=O)Nc4cccc(Br)c4)cc3)c2cc1OC,CHEMBL2018882,IC50,8.05
5641335,Clc1ccc(NC(=O)Nc2ccc3\C(=C\c4ccc[nH]4)\C(=O)Nc3c2)cc1,CHEMBL1172886,IC50,8.06
5640134,COc1cc2ncnc(Oc3ccc(CC(=O)Nc4cnn(c4)C(C)C)cc3)c2cc1OC,CHEMBL1940274,IC50,8.1
5640156,COc1cccc(NC(=O)Cc2ccc(Oc3ncnc4cc(OC)c(OC)cc34)cc2)c1,CHEMBL1940259,IC50,8.1
479190,Nc1ncnc2occ(c3ccc(NC(=O)Nc4cc(ccc4F)C(F)(F)F)cc3)c12,CHEMBL247228,IC50,8.12
6765675,Brc1cccc(NC(=O)Nc2ccc(Oc3ncnc4ccccc34)cc2)c1,CHEMBL3628807,IC50,8.16
6950937,COC(=O)c1ccc2\C(=C(\Nc3ccc(cc3)N(C)C(=O)Cn4ccnc4)/c5ccccc5)\C(=O)Nc2c1,CHEMBL524453,IC50,8.16
5640484,COc1cccc(NC(=O)Cn2cc(Oc3ncnc4cc(OCCN5CCCC5)c(OC)cc34)cn2)c1,CHEMBL1940112,IC50,8.16
6765921,Brc1cccc(NC(=O)Nc2ccc(Oc3ncnc4sccc34)cc2)c1,CHEMBL3628808,IC50,8.22
6950951,CCN1C(=C(C(=O)NC)C(=O)c2ccc(nc12)C#CC(C)(O)c3cccc(OC)c3)N,CHEMBL3644865,IC50,8.22
6950961,COC(=O)c1ccc2\C(=C(\Nc3ccc(cc3)N(CC(=O)N(C)C)C(=O)C)/c4ccccc4)\C(=O)Nc2c1,CHEMBL498088,IC50,8.22
5642015,Cc1[nH]c(\C=C\2/C(=O)Nc3cc(NC(=O)Nc4ccccc4)ccc23)c(C)c1C(=O)O,CHEMBL1173107,IC50,8.24
479245,Cl.CC1=[N+](C(=O)C(C=C1)C(=O)Nc2ccc(Oc3ccc4nc(NC(=O)C5CC5)cn4c3)c(F)c2)c6ccccc6,CHEMBL3765306,IC50,8.26
478515,CCCCn1c2ccc(cc2c3c4CNC(=O)c4c5c(CCc6nn(C)cc56)c13)C7CCCCO7,CHEMBL1082829,IC50,8.3
6950979,CNC(=O)C1=C(N)N(C2CCCCC2)c3nc(ccc3C1=O)C#CC(C)(O)COC,CHEMBL3644871,IC50,8.3
4228183,COC(=O)c1ccc2\C(=C(\Nc3ccc(cc3)N(CCN(C)C)C(=O)C)/c4ccccc4)\C(=O)Nc2c1,CHEMBL498265,IC50,8.3
1421194,COc1cc2c(Oc3ccc(cc3F)C4=CN=C(Nc5ccc(F)cc5)N(C)C4=O)ccnc2cc1OCCCN6CCOCC6,CHEMBL453737,IC50,8.3
479028,[2H]C([2H])([2H])Oc1cc2nccc(Oc3ccc(NC(=O)Nc4cc(C)on4)c(Cl)c3)c2cc1OC([2H])([2H])[2H],CHEMBL3426917,IC50,8.34
479470,COc1cc2c(Oc3ccc4[nH]c(C)cc4c3F)ncnc2cc1OCCCN5CCCC5,CHEMBL491473,Kd,8.37
478830,CC(C)OCc1ccc2c(c1)c3c4CNC(=O)c4c5c(Cc6ccccc56)c3n2CCCO,CHEMBL150894,IC50,8.4
6951000,CNC(=O)c1cc(COc2nnc(Nc3ccc(Cl)cc3)c4ccoc24)ccn1,CHEMBL2079588,IC50,8.4
6765862,COCCOCC#Cc1cc(cs1)c2n[nH]c3c2Cc4ccc(Cn5cncn5)cc34,CHEMBL223971,IC50,8.4
6765949,Cc1cccc(NC(=O)Nc2ccc(cc2)c3nsc4ncnc(N)c34)c1,CHEMBL376951,IC50,8.4
480735,Cn1ccnc1c2cc3c(Oc4ccc(NC(=S)NC(=O)Cc5ccccc5)cc4F)ccnc3s2,CHEMBL3764474,IC50,8.4
479304,CCN1CCC(CC1)Nc2ccc3NC(=O)C(=C(c4ccc(Cl)cc4)c5ncc[nH]5)c3c2,CHEMBL2086760,IC50,8.5
479371,COc1cc2nccc(Oc3ccc(NC(=O)Nc4cc(C)on4)c(Cl)c3)c2cc1OC,CHEMBL1289494,IC50,8.51
480664,CN1CCN(CC1)c2ccc3nc([nH]c3c2)C4=C(N)c5c(F)cccc5NC4=O,CHEMBL522892,IC50,8.52
480778,CN1CCN(Cc2ccc3c(Cc4c(n[nH]c34)c5csc(c5)C#CCOc6ccccc6)c2)CC1,CHEMBL390156,IC50,8.52
478526,COC(=O)c1ccc2\C(=C(\Nc3ccc(cc3)N(CCCN(C)C)C(=O)C)/c4ccccc4)\C(=O)Nc2c1,CHEMBL525909,IC50,8.52
479349,COc1cc2c(Oc3ccc(NC(=O)C4(CC4)C(=O)Nc5ccc(F)cc5)cc3F)ccnc2cc1OCCCN6CCOCC6,CHEMBL1230609,IC50,8.55
479438,CNC(=O)c1ncc(C#Cc2cc(ccc2C)C(=O)Nc3ccc(CN4CCN(CCO)CC4)c(c3)C(F)(F)F)n1C,CHEMBL1784637,IC50,8.59
6951030,CCN1C(=C(C(=O)NC)C(=O)c2ccc(nc12)C#CC(C)(O)c3ccsc3)N,CHEMBL3644873,IC50,8.7
480896,COc1cc2nccc(Oc3ccc4c(cccc4c3)C(=O)Nc5ccc(Cl)cc5)c2cc1OC,CHEMBL429743,IC50,8.7
478786,NC(=O)C1=C(N)C(=O)C=C(Nc2ccccc2O)C1=O,CHEMBL2332119,IC50,8.75
480863,CCN(CC)CCNC(=O)c1c(C)[nH]c2\C(=C\3/C(=O)Nc4ccc(F)cc34)\CCCc12,CHEMBL2180602,IC50,8.89
480606,Cc1cc(C(=O)Nc2cc(Oc3ccc4nc(NC(=O)C5CC5)cn4n3)ccc2C)n(C)n1,CHEMBL2180604,IC50,8.96
327281,O=C(NC1CC1)Nc2c[nH]nc2c3nc4cc(CN5CCOCC5)ccc4[nH]3,CHEMBL495727,IC50,9.0
5641904,COc1ccc(NC(=O)Nc2ccc3\C(=C\c4[nH]cc(C(=O)O)c4C)\C(=O)Nc3c2)cc1,CHEMBL1173411,IC50,9.1
479005,COc1cc(O)c2C(=O)O[C@@H](C)C\C=C/C(=O)[C@@H](O)[C@H](O)C\C=C\c2c1,CHEMBL1668411,IC50,9.3
5641217,COc1cccc(NC(=O)Cn2cc(Oc3ncnc4cc(OC)c(OC)cc34)cn2)c1,CHEMBL1940108,IC50,9.4
5641195,COCCOc1cc2ncnc(Oc3cnn(CC(=O)Nc4cccc(OC)c4)c3)c2cc1OC,CHEMBL1940109,IC50,9.7
