id,smiles,name,assay_type,activity_value
293662,COc1cc(Nc2c(cnc3cc(OCCCN4CCN(C)CC4)c(OC)cc23)C#N)c(Cl)cc1Cl,bosutinib,Kd,8.51
1596697,CC(C)NC(=O)[C@@H]1CC[C@@H](CC1)N2\C(=N\C(=O)c3cc(F)cc(F)c3)\Nc4ccc(CN5CCC(CC5)C(C)(C)O)cc24,CHEMBL2172315,Kd,7.6
1596708,CC1(C)CC(CC(C)(C)N1[O])N=C(O)c2cccc(c2)c3cc4nccc(Nc5cccc(O)c5)n4n3,CHEMBL1163016,IC50,7.62
1596719,CC(C)NC(=O)[C@@H]1CC[C@@H](CC1)N2\C(=N\C(=O)c3ccc(F)cc3)\Nc4ccc(CN5CCC(CC5)C(C)(C)O)cc24,CHEMBL2172308,Kd,7.96
617948,O=C(N1CCNCC1)c2ccc(\C=C\c3n[nH]c4ccccc34)cc2,CHEMBL1908397,Kd,7.96
26231,CN[C@@H]1C[C@H]2O[C@@](C)([C@@H]1OC)n3c4ccccc4c5c6CNC(=O)c6c7c8ccccc8n2c7c35,CHEMBL388978,Kd,8.06
26212,C[C@]12O[C@H](C[C@]1(O)CO)n3c4ccccc4c5c6C(=O)NCc6c7c8ccccc8n2c7c35,CHEMBL603469,Kd,8.33
