id,smiles,name,assay_type,activity_value
1606982,Cn1cc(c2cc(nc3[nH]ncc23)C(=O)N)c4cc(OCC(=O)N)ccc14,CHEMBL3715563,IC50,7.7
1606993,CC(C)(Nc1ccc(Cl)c(c1)N2C=CNC2=O)C(=O)Nc3nc4c(cc5[nH]ncc5c4s3)C(F)(F)F,CHEMBL3716599,IC50,7.92
1607003,CC(C)(Nc1ccc(Cl)c(c1)C(=O)NCC(=O)N)C(=O)Nc2nc3c(cc4[nH]ncc4c3s2)C(F)(F)F,CHEMBL3716786,IC50,8.0
1607013,COc1ccc(Oc2cccc(NCC(=O)N\N=C\c3ccncc3)c2)cc1,CHEMBL3728531,Ki,8.0
1607023,COc1cccc(NCC(=O)N\N=C\c2c(Cl)cncc2Cl)c1,CHEMBL3732018,Ki,8.0
1607033,COc1cccc(NCC(=O)N\N=C\c2ccncc2)c1,CHEMBL3728772,Ki,8.0
1607043,Cc1ccc(Oc2cccc(NCC(=O)N\N=C\c3ccncc3)c2)cc1,CHEMBL3731835,Ki,8.0
1607053,Clc1cncc(Cl)c1\C=N\NC(=O)CNc2cccc(c2)C(=O)NCCN3CCOCC3,CHEMBL3732468,Ki,8.0
1607063,Fc1ccc(Oc2cccc(NCC(=O)N\N=C\c3ccncc3)c2)c(F)c1,CHEMBL3732726,Ki,8.0
1607073,NC(=O)c1cccc(NCC(=O)N\N=C\c2ccncc2)c1,CHEMBL3729453,Ki,8.0
1607083,CC(=O)Nc1cc(NC(C(=O)Nc2nc3c(cc4[nH]ncc4c3s2)C(F)(F)F)c5ccccc5)ccc1Cl,CHEMBL3714810,IC50,8.01
1607093,CC(C)(Nc1cccc(c1)S(=O)(=O)N)C(=O)Nc2nc3c(cc4[nH]ncc4c3s2)C(F)(F)F,CHEMBL3717691,IC50,8.03
1607103,CCC(=O)Nc1cc(NC(C)(C)C(=O)Nc2nc3c(cc4[nH]ncc4c3s2)C(F)(F)F)ccc1F,CHEMBL3715431,IC50,8.03
1607113,CC(C)(Nc1ccc(Cl)c(O)c1)C(=O)Nc2nc3c(cc4[nH]ncc4c3s2)C(F)(F)F,CHEMBL3719241,IC50,8.06
1607123,CC(C)(Nc1ccc(Cl)c(c1)C(=O)NC2CC2)C(=O)Nc3nc4c(cc5[nH]ncc5c4s3)C(F)(F)F,CHEMBL3716279,IC50,8.06
1607133,CC(C)(Nc1ccc(Cl)cc1)C(=O)Nc2nc3ccc4[nH]ncc4c3s2,CHEMBL3716615,IC50,8.06
1607143,CCOC(=O)c1cc(NC2(CC2)C(=O)Nc3nc4ccc5[nH]ncc5c4s3)ccc1Cl,CHEMBL3715386,IC50,8.06
1607153,CC(=O)Nc1cc(NC(C)(C)C(=O)Nc2nc3c(cc4[nH]ncc4c3s2)C(F)(F)F)ccc1F,CHEMBL3716850,IC50,8.08
1607163,CC(=O)Nc1cc(NCC(=O)Nc2nc3ccc4[nH]ncc4c3s2)ccc1Cl,CHEMBL3716346,IC50,8.08
1607173,CC(C)(Nc1ccc(Cl)c(c1)C(=O)NCCC(=O)O)C(=O)Nc2nc3c(cc4[nH]ncc4c3s2)C(F)(F)F,CHEMBL3716523,IC50,8.1
1607183,CC(Nc1ccc(Cl)cc1)C(=O)Nc2nc3ccc4[nH]ncc4c3s2,CHEMBL3719183,IC50,8.1
1607193,CC(C)(Nc1ccc(Cl)c(c1)C(=O)NCC(=O)O)C(=O)Nc2nc3c(cc4[nH]ncc4c3s2)C(F)(F)F,CHEMBL3717935,IC50,8.11
1607203,CC(C)(Nc1ccc(Cl)c(c1)C(=O)NCCCC(=O)O)C(=O)Nc2nc3c(cc4[nH]ncc4c3s2)C(F)(F)F,CHEMBL3716175,IC50,8.11
1607213,CC(C)(Nc1cccc(O)c1)C(=O)Nc2nc3ccc4[nH]ncc4c3s2,CHEMBL3718495,IC50,8.11
1607223,OCC(Nc1ccc(Cl)cc1)C(=O)Nc2nc3ccc4[nH]ncc4c3s2,CHEMBL3716137,IC50,8.11
1607233,CNC(=O)c1cc(NC2(CC2)C(=O)Nc3nc4ccc5[nH]ncc5c4s3)ccc1Cl,CHEMBL3717989,IC50,8.13
1607243,CCNC(=O)c1cc(NC(C)(C)C(=O)Nc2nc3c(cc4[nH]ncc4c3s2)C(F)(F)F)ccc1F,CHEMBL3716102,IC50,8.19
1607253,CNC(=O)c1cc(NC(C)(C)C(=O)Nc2nc3c(cc4[nH]ncc4c3s2)C(F)(F)F)ccc1Cl,CHEMBL3717041,IC50,8.2
1607263,Cc1cc2[nH]ncc2c3sc(NC(=O)C4(CC4)Nc5ccc(Cl)cc5)nc13,CHEMBL3714916,IC50,8.21
1607273,CCC(=O)Nc1cc(NC2(CC2)C(=O)Nc3nc4ccc5[nH]ncc5c4s3)ccc1F,CHEMBL3715310,IC50,8.34
1607283,CCNC(=O)c1cc(NC(C)(C)C(=O)Nc2nc3c(cc4[nH]ncc4c3s2)C(F)(F)F)ccc1Cl,CHEMBL3719096,IC50,8.35
1607293,Oc1cc(NCC(=O)Nc2nc3ccc4[nH]ncc4c3s2)ccc1Cl,CHEMBL3716298,IC50,8.4
1607303,CCC(=O)Nc1cc(NC(C)(C)C(=O)Nc2nc3ccc4[nH]ncc4c3s2)ccc1Cl,CHEMBL3718849,IC50,8.41
1607313,Clc1ccc(NC2(CC2)C(=O)Nc3nc4ccc5[nH]ncc5c4s3)cc1,CHEMBL3718984,IC50,8.41
1607323,CC(=O)Nc1cc(NC2(CC2)C(=O)Nc3nc4ccc5[nH]ncc5c4s3)ccc1F,CHEMBL3718067,IC50,8.43
1607333,CC(C)(Nc1ccc(Cl)c(c1)C(=O)N)C(=O)Nc2nc3c(cc4[nH]ncc4c3s2)C(F)(F)F,CHEMBL3719041,IC50,8.5
1607343,CCC(=O)Nc1cc(NC(C)(C)C(=O)Nc2nc3c(cc4[nH]ncc4c3s2)C(F)(F)F)ccc1Cl,CHEMBL3716440,IC50,8.5
1607353,CC(=O)Nc1cc(NC(C)(C)C(=O)Nc2nc3ccc4[nH]ncc4c3s2)ccc1Cl,CHEMBL3718650,IC50,8.55
1607363,CC(=O)Nc1cc(NC(C)(C)C(=O)Nc2nc3c(cc4[nH]ncc4c3s2)C(F)(F)F)ccc1Cl,CHEMBL3716385,IC50,8.7
