id,smiles,name,assay_type,activity_value
3927157,[Li+].[Li+].[Li+].OC(CC([O-])=O)(CC([O-])=O)C([O-])=O,lithium citrate,N/A,N/A
2510506,CC(C)(C)c1oc(CSc2cnc(NC(=O)C3CCNCC3)s2)nc1,CHEMBL296468,Kd,7.55
26231,CN[C@@H]1C[C@H]2O[C@@](C)([C@@H]1OC)n3c4ccccc4c5c6CNC(=O)c6c7c8ccccc8n2c7c35,CHEMBL388978,IC50,7.55
3927286,OC(=O)c1cc(NC2=C(C(=O)NC2=O)c3ccccc3[N+](=O)[O-])ccc1Cl,CHEMBL160586,IC50,7.55
3927320,CCCC(=O)Nc1n[nH]c2ncc(cc12)c3ccccc3Cl,CHEMBL407003,IC50,7.57
3935116,COc1ccccc1C2C3=C(CC(C)(C)CC3=O)Nc4n[nH]c(C)c24,CHEMBL3673984,IC50,7.57
3935126,[O-][N+](=O)c1ccccc1c2ccc(CSc3oc(nn3)c4ccncc4)cc2,CHEMBL2391133,IC50,7.57
3927442,OC(=O)c1cc(NC2=C(C(=O)NC2=O)c3cccc(c3)[N+](=O)[O-])ccc1Cl,CHEMBL156379,IC50,7.59
3927641,Oc1ccc(cc1)c2nc3[nH]nc(NC(=O)C4CC4)c3cc2c5ccccc5,CHEMBL427909,IC50,7.62
2510517,Clc1cccc(Cl)c1C(=O)Nc2c[nH]nc2C(=O)NC3CCNCC3,CHEMBL445813,Kd,7.64
3927753,O=C1OC(Nc2ncc3nnn(c4ccccc4)c3n2)c5ccccc15,CHEMBL253956,IC50,7.64
3935145,CN(C)CCC(=O)Nc1n[nH]c2nnc(cc12)c3ccccc3,CHEMBL1242556,IC50,7.66
3927765,CN(C)CCCC(=O)Nc1n[nH]c2nnc(cc12)c3ccccc3,CHEMBL259744,IC50,7.66
478928,CC(C)(C)NC1=C(Nc2ccnc(Nc3ccc(cc3)c4ccncc4)n2)C(=O)C1=O,CHEMBL2205426,Ki,7.68
3927906,CCN1CCN(CCCC(=O)Nc2n[nH]c3nc(ccc23)c4cccc(O)c4)CC1,CHEMBL407730,IC50,7.68
3935162,CC(=O)Nc1cc(ccn1)c2oc(SCc3ccccc3)nn2,CHEMBL2391100,IC50,7.7
3927958,CCCC(=O)Nc1n[nH]c2ncc(cc12)c3cccc(F)c3,CHEMBL263907,IC50,7.7
3927618,OC(=O)CCc1ccc(Nc2ncc3nnn(c4ccccc4)c3n2)cc1,CHEMBL404565,IC50,7.7
3928689,CC(C)C(=O)Nc1n[nH]c2ncc(cc12)c3ccccc3,CHEMBL261596,IC50,7.72
3935179,COc1ccc(cc1)c2ccc(CSc3oc(nn3)c4ccc5OCCOc5c4)cc2,CHEMBL2391126,IC50,7.72
3935190,N#Cc1ccccc1c2ccc(CSc3oc(nn3)c4ccncc4)cc2,CHEMBL2064536,IC50,7.72
3928758,CCCC(=O)Nc1n[nH]c2ncc(cc12)c3ccccc3F,CHEMBL407373,IC50,7.75
3935203,CCN1CCC(CC(=O)Nc2n[nH]c3nc(c(Br)cc23)c4cccs4)CC1,CHEMBL101747,IC50,7.75
3928677,CC(=O)Nc1cc(ccn1)c2oc(SCc3cccc(c3)C#N)nn2,CHEMBL2391101,IC50,7.77
3929014,Brc1cc2c(NC(=O)C3CCCC3)n[nH]c2nc1c4nccs4,CHEMBL406644,IC50,7.8
3935218,COC[C@H]1COc2ccc(cc2O1)c3oc(SCc4ccc(cc4)c5ccccc5C#N)nn3,CHEMBL2064539,IC50,7.82
3935229,N#Cc1ccc(CSc2oc(nn2)c3ccc4OCOc4c3)cc1,CHEMBL2064517,IC50,7.82
3935240,N#Cc1cccc(CSc2oc(nn2)c3ccc4OCOc4c3)c1,CHEMBL2064516,IC50,7.82
3929270,Oc1ccc(cc1)c2ccc3c(NC(=O)C4CC4)n[nH]c3c2,CHEMBL260163,IC50,7.82
3935253,[O-][N+](=O)c1cccc(c1)c2ccc(CSc3oc(nn3)c4ccc5OCCOc5c4)cc2,CHEMBL2391128,IC50,7.82
3935264,[O-][N+](=O)c1cccc(c1)c2ccc(CSc3oc(nn3)c4ccc5OCOc5c4)cc2,CHEMBL2391120,IC50,7.82
3929282,Brc1cc2c(NC(=O)C3CCN(Cc4ccccc4)C3)n[nH]c2nc1c5occc5,CHEMBL317657,IC50,7.85
3929690,COc1ccccc1C2C3=C(CC(C)(C)CC3=O)Nc4n[nH]c(c24)C(F)(F)F,CHEMBL3673985,IC50,7.89
3930889,OC(=O)\C=C/c1ccc(Nc2ncc3nnn(c4ccccc4)c3n2)cc1,CHEMBL255735,IC50,7.89
3929660,CN1CCC(CC1)C(=O)Nc2n[nH]c3nc(ccc23)c4ccc(O)cc4,CHEMBL410926,IC50,7.92
3935282,COC(=O)c1ccc(CSc2oc(nn2)c3ccc4OCCOc4c3)cc1,CHEMBL2064520,IC50,7.92
3929756,Oc1cccc(c1)c2ccc3c(NC(=O)C4CC4)n[nH]c3n2,CHEMBL408019,IC50,7.92
3929790,CCCC(=O)Nc1n[nH]c2ncc(cc12)c3cccnc3,CHEMBL407002,IC50,7.96
3929804,O=C(CCCN1CCCC1)Nc2n[nH]c3nnc(cc23)c4ccccc4,CHEMBL261441,IC50,7.96
1830915,Cn1cc(\C=C\2/Oc3cccc(O)c3C2=O)c4c(ccnc14)c5ccc(cc5)C(=O)NCCO,CHEMBL1092754,IC50,7.98
3930867,Cc1c[nH]c(n1)c2cnc(NCCNc3ccc(cn3)C#N)nc2c4ccc(Cl)cc4Cl,CHEMBL412142,IC50,8.0
3935302,Cc1cc(Nc2n[nH]c3ncc(F)cc23)nc(c1C)c4ccccc4Cl,CHEMBL3661030,IC50,8.0
3935312,C(Sc1oc(nn1)c2ccc3OCOc3c2)c4ccc(cc4)c5ccccc5,CHEMBL2064531,IC50,8.05
3930327,CN1CCC(CC1)C(=O)Nc2n[nH]c3nnc(cc23)c4ccccc4,CHEMBL406125,IC50,8.05
3935325,N#Cc1cccc(c1)c2ccc(CSc3oc(nn3)c4ccc5OCCOc5c4)cc2,CHEMBL2391130,IC50,8.05
3929524,OC(=O)COc1ccc(Nc2ncc3nnn(c4ccccc4)c3n2)cc1,CHEMBL402541,IC50,8.05
3935338,[11CH3]n1cc(C2=C(C(=O)NC2=O)c3ccc(Cl)cc3Cl)c4ccccc14,CHEMBL3582401,Ki,8.05
3930661,Oc1ccc(cc1)c2ccc3c(NC(=O)C4CC4)n[nH]c3n2,CHEMBL405145,IC50,8.1
3930673,Oc1ccc(cc1O)c2ccc3c(NC(=O)C4CC4)n[nH]c3n2,CHEMBL260345,IC50,8.1
3930731,Brc1cc2c(NC(=O)C3CC3)n[nH]c2nc1c4occc4,CHEMBL408564,IC50,8.16
3930743,Brc1cc2c(NC(=O)C3CCCC3)n[nH]c2nc1c4cccs4,CHEMBL407980,IC50,8.16
3930755,CCCC(=O)Nc1n[nH]c2cnc(cc12)c3ccccc3,CHEMBL261549,IC50,8.16
3930767,CCCC(=O)Nc1n[nH]c2ncc(cc12)c3cccc(F)c3F,CHEMBL264161,IC50,8.16
3930779,CCN1CCN(CCCC(=O)Nc2n[nH]c3nnc(cc23)c4ccccc4)CC1,CHEMBL409738,IC50,8.16
3935363,COc1ccc(cc1)c2ccc(CSc3oc(nn3)c4ccc5OCOc5c4)cc2,CHEMBL2391119,IC50,8.16
3930901,Oc1ccc(cc1Cl)c2ccc3c(NC(=O)C4CC4)n[nH]c3n2,CHEMBL259838,IC50,8.16
3931047,Cc1cc2c(NC(=O)C3CC3)n[nH]c2nc1c4ccc(O)cc4,CHEMBL260662,IC50,8.22
3935378,N#Cc1ccc(cc1)c2ccc(CSc3oc(nn3)c4ccc5OCOc5c4)cc2,CHEMBL2064515,IC50,8.22
3931171,CCN1CCN(CCCCC(=O)Nc2n[nH]c3nnc(cc23)c4ccccc4)CC1,CHEMBL259271,IC50,8.3
3935391,CN(C)CCCC(=O)Nc1n[nH]c2nnc(cc12)c3cccc(F)c3F,CHEMBL41783,IC50,8.3
3935402,COc1ccc(c2ccc(CSc3oc(nn3)c4ccc5OCCOc5c4)cc2)c(c1)C#N,CHEMBL2391125,IC50,8.3
3929315,COc1ccc(c2ccc(CSc3oc(nn3)c4ccc5OCOc5c4)cc2)c(c1)C#N,CHEMBL2391118,IC50,8.3
3931270,O=C(CCCN1CCOCC1)Nc2n[nH]c3nnc(cc23)c4ccccc4,CHEMBL261518,IC50,8.3
3931282,O=C(Nc1n[nH]c2ncc(cc12)c3ccccc3)C4CCCC4,CHEMBL258483,IC50,8.3
3935420,O\N=C/1\C(=C/2\C(=O)Nc3cc(Br)ccc23)\Nc4ccccc14,CHEMBL409450,IC50,8.3
3931338,Oc1ccc(cc1Br)c2ccc3c(NC(=O)C4CC4)n[nH]c3n2,CHEMBL260416,IC50,8.3
3931830,OC(=O)c1ccc(Nc2ncc(c(NC34CC5CC(CC(O)(C5)C3)C4)n2)[N+](=O)[O-])cc1,CHEMBL402902,IC50,8.35
3935435,CCCC(=O)Nc1n[nH]c2nnc(cc12)c3ccccc3,CHEMBL288143,IC50,8.4
3931504,CCN1CCN(CCCC(=O)Nc2n[nH]c3nc(c(Br)cc23)c4ccc(O)cc4)CC1,CHEMBL407981,IC50,8.4
3927241,N#Cc1cccc(c1)c2ccc(CSc3oc(nn3)c4ccc5OCOc5c4)cc2,CHEMBL2391121,IC50,8.4
3928311,[O-][N+](=O)c1ccc2[nH]c3c(CC(=O)Nc4ccccc34)c2c1,CHEMBL50894,IC50,8.4
3935452,[O-][N+](=O)c1ccccc1c2ccc(CSc3oc(nn3)c4ccc5OCCOc5c4)cc2,CHEMBL2391129,IC50,8.4
3927947,CC(C)(O)c1cc(Nc2n[nH]c3ncc(F)cc23)nc(n1)C4CCCCC4,CHEMBL3652550,IC50,8.52
3930035,Cc1cc(Nc2n[nH]c3ncc(F)cc23)nc(n1)C4CCCCCC4,CHEMBL3652543,IC50,8.52
3935464,Cc1cc(Nc2n[nH]c3ncc(F)cc23)nc(n1)C4CCOCC4,CHEMBL3652547,IC50,8.52
3935473,Fc1cnc2[nH]nc(Nc3cc(cc(n3)c4ccccc4Cl)C(F)(F)F)c2c1,CHEMBL3661029,IC50,8.52
3927375,[O-][N+](=O)c1ccccc1c2ccc(CSc3oc(nn3)c4ccc5OCOc5c4)cc2,CHEMBL2391122,IC50,8.52
3928893,CC(=O)Nc1cc(ccn1)c2oc(SCc3ccc(cc3)c4ccccc4C#N)nn2,CHEMBL2391102,IC50,8.7
3928156,Cc1cc(Nc2c[nH]c3ncc(F)cc23)nc(n1)C45CC6CC(CC(C6)C4)C5,CHEMBL3652549,IC50,8.7
3927531,Cc1cc(Nc2n[nH]c3ccc(F)cc23)nc(n1)C4CCCCC4,CHEMBL3652551,IC50,8.7
3935488,Cc1cc(Nc2n[nH]c3ncc(F)cc23)nc(c1)c4ccccc4Cl,CHEMBL3661031,IC50,8.7
3935497,Cc1cc(Nc2n[nH]c3ncc(F)cc23)nc(n1)C4CCCC4,CHEMBL3652544,IC50,8.7
3935507,Fc1ccc(c2ccc(CSc3oc(nn3)c4ccc5OCCOc5c4)cc2)c(c1)C#N,CHEMBL2064535,IC50,8.7
3927856,Fc1ccc(c2ccc(CSc3oc(nn3)c4ccc5OCOc5c4)cc2)c(c1)C#N,CHEMBL2064532,IC50,8.7
2510493,Cn1cc(C2=C(C(=O)NC2=O)c3cccc(NCC(O)CO)c3)c4cc(F)ccc14,CHEMBL1082152,Kd,8.82
3932276,Fc1cc2CN(CCn3cc(C4=C(C(=O)NC4=O)c5cnc6ccccn56)c(c1)c23)C(=O)N7CCCCC7,CHEMBL362558,IC50,8.82
3932299,CN1CCC(CC1)C(=O)Nc2n[nH]c3nc(c(Br)cc23)c4ccc(O)cc4,CHEMBL261129,IC50,9.0
3935525,C[C@H]1CCCC[C@@H]1c2nc(C)cc(Nc3n[nH]c4ncc(F)cc34)n2,CHEMBL3652548,IC50,9.0
3928209,Cc1nc(Nc2n[nH]c3ncc(F)cc23)cc(n1)C4CCC(F)(F)CC4,CHEMBL3652541,IC50,9.0
3932357,Oc1ccc(cc1)c2nc3[nH]nc(NC(=O)C4CC4)c3cc2Cl,CHEMBL260664,IC50,9.0
3932445,Oc1ccc(cc1)c2nc3[nH]nc(NC(=O)C4CC4)c3cc2Br,CHEMBL260417,IC50,9.1
3929481,Cc1nc(nc(Nc2n[nH]c3ncc(F)cc23)c1C)C4CCCCC4,CHEMBL3652540,IC50,9.16
3932556,Nc1nc(NCCNc2ncc(c3ncc[nH]3)c(n2)c4ccc(Cl)cc4Cl)ccc1[N+](=O)[O-],CHEMBL1080901,IC50,9.19
3928165,Cc1cc(Nc2n[nH]c3ncc(F)cc23)nc(c1C)c4ccccc4,CHEMBL3661033,IC50,9.22
3931036,Cc1cc(Nc2n[nH]c3ncc(F)cc23)nc(n1)C4CCCCC4,CHEMBL3652545,IC50,9.3
