id,smiles,name,assay_type,activity_value
4803286,[H]NCC(=O)N1CCC[C@H]1C(=O)N[C@@H](CCC(O)=O)C(=O)N[C@@H]([C@@H](C)O)C(=O)N[C@@H](CC(C)C)C(=O)N[C@H]1CSSC[C@@H]2NC(=O)[C@@H]3CSSC[C@H](NC(=O)[C@H](CO)NC(=O)[C@H](CCCNC(N)=N)NC(=O)[C@H](CC4=CC=CC=C4)NC2=O)C(=O)N[C@@H](CC(O)=O)C(=O)N[C@@H](CC(C)C)C(=O)N[C@@H](CCCNC(N)=N)C(=O)N[C@@H](CCCNC(N)=N)C(=O)N[C@@H](CC(C)C)C(=O)N[C@@H](CCC(O)=O)C(=O)N[C@@H](CCSC)C(=O)N[C@@H](CC2=CC=C(O)C=C2)C(=O)N[C@@H](CSSC[C@H](NC(=O)[C@@H](NC(=O)[C@H](CC2=CC=CC=C2)NC(=O)[C@H](CCC(N)=O)NC(=O)[C@H](CC(C)C)NC(=O)[C@H](C)NC(=O)[C@H](CC(O)=O)NC(=O)[C@@H](NC(=O)[C@H](CC(C)C)NC(=O)[C@H](CCC(O)=O)NC(=O)[C@H](C)NC(=O)CNC1=O)C(C)C)C(C)C)C(=O)NCC(=O)N[C@@H](CC(O)=O)C(=O)N[C@@H](CCCNC(N)=N)C(=O)NCC(=O)N[C@@H](CC1=CC=CC=C1)C(=O)N[C@@H](CC1=CC=C(O)C=C1)C(=O)N[C@@H](CC1=CC=CC=C1)C(=O)N[C@@H](CC(N)=O)C(=O)N[C@@H](CCCCN)C(=O)N1CCC[C@H]1C(=O)N[C@@H]([C@@H](C)O)C(=O)NCC(=O)N[C@@H](CC1=CC=C(O)C=C1)C(=O)NCC(=O)N[C@@H](CO)C(=O)N[C@@H](CO)C(=O)N[C@@H](CO)C(=O)N[C@@H](CCCNC(N)=N)C(=O)N[C@@H](CCCNC(N)=N)C(=O)N[C@@H](C)C(=O)N1CCC[C@H]1C(=O)N[C@@H](CCC(N)=O)C(=O)N[C@@H]([C@@H](C)O)C(=O)NCC(=O)N[C@@H]([C@@H](C)CC)C(=O)N[C@@H](C(C)C)C(=O)N[C@@H](CC(O)=O)C(=O)N[C@@H](CCC(O)=O)C(=O)N3)C(=O)N[C@@H](C)C(=O)N1CCC[C@H]1C(=O)N[C@@H](CC(C)C)C(=O)N[C@@H](CCCCN)C(=O)N1CCC[C@H]1C(=O)N[C@@H](C)C(=O)N[C@@H](CCCCN)C(=O)N[C@@H](CO)C(=O)N[C@@H](C)C(O)=O,mecasermin,IC50,8.30980396
4803312,CC(=O)N1CCC(CC1)n2nc(C)c(Nc3ncc(Cl)c(n3)c4cnn5ccccc45)c2C,CHEMBL3823914,IC50,7.54
4803323,CC(C)Oc1cc(nc2cc(ccc12)c3nc([C@@H]4C[C@@H](C4)N5CCN(C)CC5)n6ccnc(N)c36)c7ccccc7,CHEMBL3037918,IC50,7.54
4803334,CC12CCC(COc3cccc(c3)c4cn([C@@H]5C[C@H](CO)C5)c6ncnc(N)c46)(CC1)O2,CHEMBL3786558,IC50,7.54
4803344,COc1cc(ccc1Nc2ncc3C(C)Cc4nn(C)c(c5ccccc5Cl)c4c3n2)C(=O)O,CHEMBL3660891,IC50,7.54
4803354,Cc1cc(cc2[nH]c(nc12)C3=C(NC[C@@H](O)c4cccc(Cl)c4)C=CNC3=O)N5CCC(CC5)N6C[C@@H]7C[C@@H]6CO7,CHEMBL474469,IC50,7.54
4803365,Cc1cc(cc2[nH]c(nc12)C3=C(NC[C@@H](O)c4cccc(Cl)c4)C=CNC3=O)N5CCC(CC5)N6C[C@@H]7C[C@H]6CO7,CHEMBL1077339,IC50,7.54
4803376,Cc1cc(cc2[nH]c(nc12)C3=C(NC[C@@H](O)c4cccc(Cl)c4)C=CNC3=O)N5CCC(O)CC5,CHEMBL520419,IC50,7.54
4803387,Cc1nn(C2CCN(CC2)C(=O)CO)c(C)c1Nc3ncc(Cl)c(n3)c4cnn5ccccc45,CHEMBL3822587,IC50,7.54
4803397,Cn1nc2CCc3cnc(Nc4ccccc4)nc3c2c1Cc5ccccc5,CHEMBL3656579,IC50,7.54
4803407,CC(=O)Nc1cc(CN2C(=O)N(C(=O)C2(C)C)c3ccc(SC(F)(F)F)cc3)ccn1,CHEMBL1762178,IC50,7.55
4803418,CN1CCN(CC1)C2CCN(CC2)c3cc(C)c4nc([nH]c4c3)C5=C(NC[C@@H](O)c6cccc(Cl)c6)C=CNC5=O,CHEMBL451331,IC50,7.55
4803429,COCC(=O)N1CCN(CC1)c2cc(C)c3nc([nH]c3c2)C4=C(NC[C@@H](O)c5cccc(Cl)c5)C=CNC4=O,CHEMBL1098712,IC50,7.55
4803440,COc1cc(ccc1Nc2nccc(n2)c3c(nc4ccccn34)c5cccc(c5)C(=O)Nc6c(F)cccc6F)N7CCC(CC7)N8CCN(C)CC8,CHEMBL449110,IC50,7.55
4803451,COc1cc2CCN(C(=O)CN(C)C)c2cc1Nc3nc(Nc4ccoc4C(=O)N)c5cc[nH]c5n3,CHEMBL515519,IC50,7.55
4803462,COc1ccc(NC(=O)CN(C)C)cc1Nc2nc(Nc3cccc(F)c3C(=O)N)c4cc[nH]c4n2,CHEMBL468619,IC50,7.55
4803472,COc1ccccc1Nc2ncc3C(C)Cc4nn(C)c(C(C)C)c4c3n2,CHEMBL3656746,IC50,7.55
4803481,C[C@]1(CCCN1c2nc(Nc3cc([nH]n3)C(=O)N)c4cccn4n2)C(=O)Nc5ccc(N)nc5,CHEMBL3655745,IC50,7.55
2437786,Fc1cc(F)cc(Cc2ccc3[nH]nc(NC(=O)c4ccc(cc4NC5CCOCC5)N6CCNCC6)c3c2)c1,CHEMBL3805643,IC50,7.55
4803493,Fc1cccc(Nc2nccc(n2)c3c(nc4ccccn34)c5cccc(c5)C(=O)Nc6c(F)cccc6F)c1,CHEMBL480544,IC50,7.55
2434452,CC1(C)c2cc(ccc2C(=O)c3c1[nH]c4cc(ccc34)C#N)C5CCN(CC6CCOCC6)CC5,CHEMBL3735648,IC50,7.56
4803506,CCc1cc(Nc2nccc(n2)c3c(nc4ccccn34)c5ccc(OC)c(c5)C(=O)Nc6c(F)cccc6F)c(OC)cc1N7CCC(CC7)N8CCN(CC8)S(=O)(=O)C,CHEMBL466397,IC50,7.57
4803517,CN(C)C(=O)[C@@H]1CC[C@H](CC1)c2nc(c3ccc4ccc(nc4c3F)c5ccccc5)c6c(N)nccn26,CHEMBL1667938,IC50,7.57
4803528,COC(=O)N1CCN(CC1)c2ccc(Nc3ncc(Cl)c(n3)c4cnc5ccccn45)c(OC)c2,CHEMBL1809066,IC50,7.57
2438559,COc1cc(N2CCC(CC2)N3CCN(C)CC3)c(C)cc1Nc4ncc(Cl)c(Nc5ccccc5P(=O)(C)C)n4,CHEMBL3823836,IC50,7.57
2438926,COc1cc(ccc1Nc2ncc(Cl)c(Nc3ccccc3P(=O)(C)C)n2)N4CCC(O)CC4,CHEMBL3823017,IC50,7.57
4803543,COc1cc(ccc1Nc2ncc(Cl)c(n2)c3cnc4ccccn34)N5CCN(CC5)C(=O)CO,CHEMBL1809069,IC50,7.57
4803554,COc1ccc2c(Oc3ccc(NC(=O)C4=C(N(C)N(C4=O)c5ccccc5)c6cccnc6)nc3)ccnc2c1,CHEMBL2032016,Ki,7.57
4803565,COc1ccccc1Cc2nc3ccc(cc3[nH]2)c4nn([C@@H]5CC[C@H](CC5)N6CCN(CC6)C(=O)C)c7ncnc(N)c47,CHEMBL452717,IC50,7.57
4803576,Cc1cc(cc2[nH]c(nc12)C3=C(NC[C@@H](O)c4cccc(Cl)c4)C=CNC3=O)N5CCC(CC5)N6CCCC6,CHEMBL480965,IC50,7.57
4803587,Cc1cc(cc2[nH]c(nc12)C3=C(NC[C@@H](O)c4cccc(Cl)c4)C=CNC3=O)N5CCN(CC5)S(=O)(=O)C,CHEMBL1097425,IC50,7.57
4803597,Cn1nc2CCc3cnc(Nc4ccccc4)nc3c2c1C(C)(C)C,CHEMBL3656591,IC50,7.57
4803607,Nc1ncnc2c1c(cn2[C@@H]3C[C@H](CN4CC[S+]([O-])CC4)C3)c5cc(OC[C@@H]6CCCO6)ccc5F,CHEMBL3787436,IC50,7.57
4803618,O=C(Cc1ccccc1)Nc2cccc(c2)c3nc4sccn4c3c5ccnc(Nc6ccc7CNCCc7c6)n5,CHEMBL1090364,IC50,7.57
4803629,COc1cc2nccc(Oc3ccc(NC(=O)C4=C(C)N(C)N(C4=O)c5ccccc5)c(Cl)c3)c2cc1OC,CHEMBL2031898,Ki,7.58
4803640,CC(C)Oc1cc(nc2c(F)c(ccc12)c3nc([C@@H]4C[C@@H](C4)N5CCN(C)CC5)n6ccnc(N)c36)c7ccccc7,CHEMBL3037922,IC50,7.59
4803650,CCc1c2c(CCc3cnc(Nc4cc(Cl)c(cc4OC)C(=O)NC5CCN(C)CC5)nc23)nn1C,CHEMBL3660944,IC50,7.59
4803660,CCn1c(C)c(C)nc1Sc2ccc(Nc3c(cnc4cc(NCCCN(CCO)CCO)c(OC)cc34)C#N)cc2Cl,CHEMBL504379,IC50,7.59
4803671,CN1CCC(CC1)c2cc(C)c3nc([nH]c3c2)C4=C(NCCn5cc(Cl)cn5)C=CNC4=O,CHEMBL461422,IC50,7.59
1728826,COc1cc(N2CC(C2)N(C)C)c(NC(=O)C=C)cc1Nc3ncc(Cl)c(n3)c4cnn5ccccc45,CHEMBL3353405,IC50,7.59
1724041,COc1cc(OC2CNC2)ccc1Nc3ncc(Cl)c(n3)c4cnc5ccccn45,CHEMBL1809052,IC50,7.59
4803686,COc1cc(ccc1Nc2ncc(Cl)c(n2)c3cnc4cc(C)ccn34)N5CCN(CC5)C(=O)C,CHEMBL1809205,IC50,7.59
4803697,COc1cc2c(Nc3ccc(Sc4nc(C)c(C)n4C)c(Cl)c3)c(cnc2cc1NCCCN(C)C)C#N,CHEMBL467438,IC50,7.59
4803708,COc1ccccc1Cc2nc3ccc(cc3[nH]2)c4nn([C@@H]5CC[C@H](CC5)N6CCNCC6)c7ncnc(N)c47,CHEMBL455208,IC50,7.59
4803719,Cc1cc(cc2[nH]c(nc12)C3=C(NC[C@@H](O)c4cccc(Cl)c4)C=CNC3=O)N5CCN(CCO)CC5,CHEMBL1097426,IC50,7.59
4803730,Nc1ncnn2c(nc(c3ccc4ccc(nc4c3)c5ccccc5)c12)[C@@H]6C[C@@H](C6)N7CCN(CC7)C=O,CHEMBL1688360,IC50,7.59
4803741,CCCN1CCC(CC1)Oc2cc(Nc3nc(Nc4cccc(F)c4C(=O)N)c5cc[nH]c5n3)c(OC)cc2Cl,CHEMBL517171,IC50,7.6
4803751,CCCc1c2c(CCc3cnc(Nc4ccc(cc4OC)C(=O)NC5CCN(C)CC5)nc23)nn1C,CHEMBL3656626,IC50,7.6
1720125,CN(C)C(=O)CN1CCC(CC1)n2nc(C)c(Nc3ncc(Cl)c(n3)c4cnn5ccccc45)c2C,CHEMBL3823095,IC50,7.6
4803763,CN1CCN(CC1)[C@@H]2C[C@@H](C2)c3nc(c4ccc5ccc(nc5c4)c6ccccc6)c7c(N)ncnn37,CHEMBL1688362,IC50,7.6
4803774,CNC(=O)CN1CCC(CC1)n2nc(C)c(Nc3ncc(Cl)c(n3)c4cnn5ccccc45)c2C,CHEMBL3823962,IC50,7.6
4803785,CNC(=O)c1cscc1Nc2nc(Nc3cc4N(CCc4cc3OC)C(=O)CN(C)C)nc5[nH]ccc25,CHEMBL457548,IC50,7.6
4803795,COC(=O)c1ccc(Nc2ncc3CCc4nn(C)c(c5ccccc5Cl)c4c3n2)c(OC)c1,CHEMBL3652812,IC50,7.6
4803805,COCCNC(=O)c1cc(F)ccc1Nc2nc(Nc3ccc(cc3OC)N4CCN(CC4)C(C)C)nc5[nH]ccc25,CHEMBL511013,IC50,7.6
4803816,COc1cc(ccc1Nc2nc(Nc3ccccc3n4cccn4)c5cc[nH]c5n2)N6CCN(CC6)C(C)C,CHEMBL463322,IC50,7.6
2438915,COc1cc(ccc1Nc2ncc(Cl)c(Nc3ccccc3P(=O)(C)C)n2)N4CCC(CC4)N5CCN(C)CC5,CHEMBL3545311,IC50,7.6
4803829,COc1cc(ccc1Nc2ncc(Cl)c(n2)c3cnc4cc(F)ccn34)N5CCN(CC5)C(=O)C,CHEMBL1809204,IC50,7.6
4803840,COc1cc2CCCN(C(=O)C)c2cc1Nc3nc(Nc4cccc(F)c4C(=O)N)c5cc[nH]c5n3,CHEMBL459538,IC50,7.6
4803851,C[C@@H](N)C(=O)N1CCC(CC1)n2nc(C)c(Nc3ncc(Cl)c(n3)c4cnn5ccccc45)c2C,CHEMBL3822644,IC50,7.6
4803862,Cc1cc(cc2[nH]c(nc12)C3=C(NCCn4cc(Cl)cn4)C=CNC3=O)C5CCN(CCO)CC5,CHEMBL460996,IC50,7.6
4803872,Cn1ccc(Nc2ncc3CCc4nn(C)c(Cc5cccc(c5)C(F)(F)F)c4c3n2)n1,CHEMBL3656745,IC50,7.6
4803883,Nc1ncnc2c1c(nn2[C@@H]3CC[C@H](CC3)N4CCOCC4)c5ccc6nc(Cc7cccs7)[nH]c6c5,CHEMBL248877,IC50,7.6
4803894,COc1ccc2c(Oc3ccc(NC(=O)C4=C(N(C)N(C4=O)c5ccccc5)c6csc(C)n6)nc3)ccnc2c1,CHEMBL2032019,Ki,7.61
4803905,CC(=O)N1CCC(CC1)n2ncc(Nc3ncc(Cl)c(n3)c4cnc5ccccn45)c2C,CHEMBL3822583,IC50,7.62
4803916,CCOc1cc(nc2cc(ccc12)c3nc([C@@H]4C[C@@H](C4)N5CCN(C)CC5)n6ccnc(N)c36)c7ccccc7,CHEMBL3037917,IC50,7.62
4803927,CCn1c(C)c(C)nc1Sc2ccc(Nc3c(cnc4cc(OCCCN(CCO)C(C)(C)C)c(OC)cc34)C#N)cc2Cl,CHEMBL457421,IC50,7.62
4803938,COc1cc(ccc1Nc2ncc(Cl)c(n2)c3cnc4c(F)cc(F)cn34)N5CCN(CC5)C(=O)C,CHEMBL1809229,IC50,7.62
4803949,COc1cc2CCN(C(=O)CN3CCCC3)c2cc1Nc4nc(Nc5cccc(F)c5C(=O)N)c6cc[nH]c6n4,CHEMBL517947,IC50,7.62
4803962,C[C@@]1(O)C[C@@H](C1)c2nc(c3ccc4ccc(nc4c3)c5ccccc5)c6c(N)nccn26,CHEMBL1091644,IC50,7.62
4803972,CC(=O)N1CCC(CC1)n2cc(Nc3ncc4CCc5nn(C)c(Cc6cccc(c6)C(F)(F)F)c5c4n3)cn2,CHEMBL3656744,IC50,7.64
4803982,COCCN1CCC(CC1)c2cc(C)c3nc([nH]c3c2)C4=C(NC[C@@H](O)c5ccc(OC)c(Cl)c5)C=CNC4=O,CHEMBL512126,IC50,7.64
4803992,COCCn1ccc(Nc2ncc3CCc4nn(C)c(c5cccc(Cl)c5)c4c3n2)n1,CHEMBL3656743,IC50,7.64
4804002,COc1cc(ccc1Nc2ncc(Cl)c(n2)c3cnc4ccccn34)N5CCCN(CC5)C(=O)C,CHEMBL1809048,IC50,7.64
4804012,COc1cc(ccc1Nc2ncc3CCc4nn(C)c(c5occc5)c4c3n2)N6CCN(C)CC6,CHEMBL3656602,IC50,7.64
4804021,COc1cccc(c1)c2c3c(CCc4cnc(Nc5cnn(C)c5)nc34)nn2C,CHEMBL3656742,IC50,7.64
4804031,C[C@@]1(O)C[C@@H](C1)c2nc(c3ccc4c(Oc5ccccc5)cc(nc4c3)c6ccccc6)c7c(N)nccn27,CHEMBL3037911,IC50,7.64
4804041,Cc1cc(Nc2ncc3CCc4nn(C)c(Cc5ccccc5)c4c3n2)nn1C,CHEMBL3656741,IC50,7.64
4804050,Cc1ccc(c(C)c1)c2c3c(CCc4cnc(Nc5ccccc5)nc34)nn2C,CHEMBL3656558,IC50,7.64
4804060,Cc1nn(C2CCN(CC2)C(=O)CN)c(C)c1Nc3ncc(Cl)c(n3)c4cnn5ccccc45,CHEMBL3823154,IC50,7.64
4804071,Nc1ncnc2c1c(nn2[C@@H]3CC[C@H](CC3)N4CCOCC4)c5ccc6CC(=Cc6c5)Cc7cccs7,CHEMBL589081,IC50,7.64
4804082,C1CN(CCO1)c2ccc(Nc3nccc(Nc4cnc5ccccc5c4)n3)cc2,CHEMBL1760056,IC50,7.66
4804092,CCn1ccc(Nc2ncc3CCc4nn(C)c(Cc5cccc(c5)C(F)(F)F)c4c3n2)n1,CHEMBL3656740,IC50,7.66
4804101,CCn1nccc1Nc2ncc3CCc4nn(C)c(Cc5ccccc5)c4c3n2,CHEMBL3652854,IC50,7.66
4804111,CN1CCC(CC1)c2cc(C)c3nc([nH]c3c2)C4=C(NC[C@@H](O)c5cccc(Cl)c5)C=CNC4=O,CHEMBL461198,IC50,7.66
4804122,CN1CCN(CC1)[C@@H]2CC[C@H](CC2)n3nc(c4ccc(Nc5oc6c(Cl)cccc6n5)cc4C)c7c(N)ncnc37,CHEMBL1256436,IC50,7.66
4804131,COCCNC(=O)c1cc2cccc(Nc3ncc4CCc5nn(C)c(Cc6ccccc6)c5c4n3)c2s1,CHEMBL3660957,IC50,7.66
4804141,COc1cc(ccc1Nc2ncc(Cl)c(n2)c3cnc4c(F)cccn34)N5CCN(CC5)C(=O)C,CHEMBL1809198,IC50,7.66
4804151,COc1cc(ccc1Nc2ncc3CCc4nn(C)c(CCc5ccccc5)c4c3n2)N6CCN(C)CC6,CHEMBL3656597,IC50,7.66
2438508,COc1ccccc1Nc2nc(Nc3ccc(cc3OC)P(=O)(C)C)ncc2Cl,CHEMBL3822982,IC50,7.66
1720864,CC(=O)N1CCC(CC1)n2cc(Nc3ncc(Cl)c(n3)c4cnn5ccccc45)c(C)n2,CHEMBL3822989,IC50,7.68
4804164,CCOc1cc(ccc1Nc2ncc3CCc4nn(C)c(c5ccccc5)c4c3n2)C(=O)NC6CCN(CC6)C7CCOCC7,CHEMBL3660901,IC50,7.68
4804173,CCn1nc2CCc3cnc(Nc4ccc(cc4OC)C(=O)NC5CCN(C)CC5)nc3c2c1C6CC6,CHEMBL3660994,IC50,7.68
4804182,CN(C)C(=O)Cn1ccc(Nc2ncc3CCc4nn(C)c(Cc5cccc(OC(F)F)c5)c4c3n2)n1,CHEMBL3656739,IC50,7.68
4804192,CN(C)C(=O)c1cccc(c1)c2cnc3[nH]cc(c4cccc(NC(=O)Nc5ccccc5Oc6ccccc6)c4)c3c2,CHEMBL540995,IC50,7.68
4804203,CN(C)C[C@@H]1C[C@H](C1)c2nc(c3ccc4ccc(nc4c3)c5ccccc5)c6c(N)nccn26,CHEMBL411062,IC50,7.68
4804213,CNC(=O)c1cc2cccc(Nc3ncc4CCc5nn(C)c(Cc6ccccc6)c5c4n3)c2s1,CHEMBL3660958,IC50,7.68
4804222,COc1cc(ccc1Nc2ncc3CCc4nn(C)c(c5ccccc5Cl)c4c3n2)C(=O)O,CHEMBL3660889,IC50,7.68
4804231,COc1cc(ccc1Nc2ncc3CCc4nn(C)c(c5ccccc5OC)c4c3n2)N6CCN(C)CC6,CHEMBL3656549,IC50,7.68
4804240,C[C@]1(CCCN1c2nc(Nc3cc([nH]n3)C4CC4)c5cccn5n2)C(=O)Nc6ncccn6,CHEMBL3655744,IC50,7.68
4804250,Nc1nccn2c(nc(c3ccc4ccc(nc4c3F)c5ccccc5)c12)[C@@H]6CC[C@H](CC6)C(=O)Nc7ccc8[nH]ccc8c7,CHEMBL1667949,IC50,7.68
4804261,Nc1ncnc2c1c(cn2[C@@H]3C[C@H](CN4CC[S+]([O-])CC4)C3)c5cccc(OCC67CCC(CC6)O7)c5,CHEMBL3786634,IC50,7.68
2438789,COc1cc(ccc1Nc2ncc(Cl)c(Nc3ccccc3P(=O)(C)C)n2)N4CCC(CC4)N5CCCC5,CHEMBL3823031,IC50,7.69
2439106,COc1cc(ccc1Nc2ncc(Cl)c(Nc3ccccc3P(=O)(C)C)n2)N4CCN(C)CC4,CHEMBL3822611,IC50,7.69
4805393,CC1CCN(CC1)c2nc3CCCc3c(Nc4cc([nH]n4)C5CC5)n2,CHEMBL3409716,IC50,7.7
4805404,CCCN1CCC=C(C1)c2ccc(Nc3nc(Nc4ccccc4C(=O)N)c5cc[nH]c5n3)c(c2)C(F)(F)F,CHEMBL472846,IC50,7.7
4805415,CCn1c(C)c(C)nc1Sc2ccc(Nc3c(cnc4cc(NCCCN5CCOCC5)c(OC)cc34)C#N)cc2Br,CHEMBL504929,IC50,7.7
4805426,CCn1c(C)c(C)nc1Sc2ccc(Nc3c(cnc4cc(OCCCN5CCC(O)C5)c(OC)cc34)C#N)cc2Cl,CHEMBL503167,IC50,7.7
4805437,COc1cc(C)c(cc1Nc2nc(Nc3cccc(F)c3C(=O)N)c4cc[nH]c4n2)N5CCN(CC5)C(C)C,CHEMBL465374,IC50,7.7
4805448,COc1cc(Nc2nccc(Nc3cnc4ccccc4c3)n2)cc(OC)c1,CHEMBL1760050,IC50,7.7
1727408,COc1cc(ccc1Nc2ncc(Cl)c(n2)c3cnc4ccccn34)N5CCNCC5,CHEMBL1809061,IC50,7.7
4805461,COc1cc(ccc1Nc2ncc(Cl)c(n2)c3cnn4ccccc34)N5CCN(CC5)C(=O)C,CHEMBL3823297,IC50,7.7
4805471,COc1cc(ccc1Nc2ncc3CCc4nn(C)c(c5cc(C)ccc5Cl)c4c3n2)C(=O)NC6CCN(C)CC6,CHEMBL3656555,IC50,7.7
4805481,COc1ccc(cc1Cl)[C@H](O)CNC2=C(C(=O)NC=C2)c3nc4c(C)cc(cc4[nH]3)C5CCN(CCCF)CC5,CHEMBL469292,IC50,7.7
4805491,COc1ccccc1c2c3c(CCc4cnc(Nc5ccc(OCCN6CCCC6)cc5OC)nc34)nn2C,CHEMBL3656547,IC50,7.7
4805501,Cc1nn(C2CCNCC2)c(C)c1Nc3ncc(Cl)c(n3)c4cnn5ccccc45,CHEMBL3824296,IC50,7.7
4805512,NCc1ccc(cc1)c2cnc3[nH]cc(c4cccc(NC(=O)Nc5cccc(Cl)c5)c4)c3c2,CHEMBL558869,IC50,7.7
4805524,Nc1nccn2c(nc(c3ccc4ccc(nc4c3)c5ccccc5)c12)[C@@H]6C[C@H](CN7CCC7)C6,CHEMBL410659,IC50,7.7
4805535,Nc1nccn2c(nc(c3ccc4ccc(nc4c3F)c5ccccc5)c12)[C@@H]6CC[C@H](CC6)C(=O)Nc7ncn[nH]7,CHEMBL1667944,IC50,7.7
4805546,Nc1nccn2cnc(c3ccc4ccc(nc4c3C5CC(C5)N6CC6)c7ccccc7)c12,CHEMBL551524,IC50,7.7
1752522,Nc1ncnc2c1c(cn2[C@@H]3C[C@H](CN4CCC4)C3)c5cccc(OCc6ccccc6)c5,CHEMBL1614712,IC50,7.7
4805559,C(COc1ccc(Nc2nccc(Nc3cnc4ccccc4c3)n2)cc1)CN5CCCCC5,CHEMBL1760057,IC50,7.72
4805570,CCN(C)CC(=O)N1CCc2cc(OC)c(Nc3nc(Nc4cccc(F)c4C(=O)N)c5cc[nH]c5n3)cc12,CHEMBL464344,IC50,7.72
4805581,CN(C)C[C@@H]1C[C@@H](C1)c2nc(c3ccc4ccc(nc4c3)c5ccccc5)c6c(N)nccn26,CHEMBL413828,IC50,7.72
4805592,CN1CCN(CC1)C2CC(C2)c3c(ccc4ccc(nc34)c5ccccc5)c6ncn7ccnc(N)c67,CHEMBL551263,IC50,7.72
4805603,CN1CCN(CC1)[C@@H]2C[C@@H](C2)c3nc(c4ccc5ccc(nc5c4)c6ccccc6)c7c(N)nccn37,CHEMBL249295,IC50,7.72
4805614,CNCC(=O)N1CCC(CC1)n2nc(C)c(Nc3ncc(Cl)c(n3)c4cnn5ccccc45)c2C,CHEMBL3822976,IC50,7.72
4805624,COCCn1ccc(Nc2ncc3CCc4nn(C)c(c5cccc(C)c5)c4c3n2)n1,CHEMBL3639556,IC50,7.72
4805634,COc1cc(Nc2nccc(Nc3cnc4ccccc4c3)n2)cc(OC)c1OC,CHEMBL1760035,IC50,7.72
4805645,COc1cc(ccc1Nc2ncc(Cl)c(n2)c3cnc4ccccn34)N5CCN(CC5)S(=O)(=O)C,CHEMBL1809065,IC50,7.72
4805655,Cc1cccc(Cc2c3c(CCc4cnc(Nc5cc(C)n(C)n5)nc34)nn2C)c1,CHEMBL3656738,IC50,7.72
4805665,COc1ccc2c(Oc3ccc(NC(=O)C4=C(N(C)N(C4=O)c5ccccc5)c6ccccn6)nc3)ccnc2c1,CHEMBL2032015,Ki,7.73
4805675,CC(=O)N1CCC(CC1)n2cc(Nc3ncc4CCc5nn(C)c(Cc6c(Cl)cccc6Cl)c5c4n3)cn2,CHEMBL3656737,IC50,7.75
4805684,CCn1ccc(Nc2ncc3CCc4nn(C)c(c5cccc(Cl)c5)c4c3n2)n1,CHEMBL3656667,IC50,7.75
4805693,CN(C)C(=O)Cn1ccc(Nc2ncc3CCc4nn(C)c(Cc5ccccc5Cl)c4c3n2)n1,CHEMBL3656736,IC50,7.75
4805703,CN1CCN(CC1)c2cc(C)c3nc([nH]c3c2)C4=C(NC[C@@H](O)c5cccc(Cl)c5)C=CNC4=O,CHEMBL1097358,IC50,7.75
4805714,COCCN1CCC(CC1)c2cc(C)c3nc([nH]c3c2)C4=C(NCCn5cc(Cl)cn5)C=CNC4=O,CHEMBL460997,IC50,7.75
4805725,COCCN1CCC(CC1)c2cc(C)c3nc([nH]c3c2)C4=C(NC[C@@H](O)c5cccc(Cl)c5)C=CNC4=O,CHEMBL468671,IC50,7.75
4805735,COCCn1ccc(Nc2ncc3[C@@H](C)Cc4nn(C)c(c5ccccc5)c4c3n2)n1,CHEMBL3656734,IC50,7.75
4805745,COc1cc(ccc1Nc2ncc(Cl)c(n2)c3cnc4ccccn34)C(CO)CO,CHEMBL1809057,IC50,7.75
4805756,COc1cc(ccc1Nc2ncc(Cl)c(n2)c3cnc4ccccn34)N5CCN(CC5)C(=O)N(C)C,CHEMBL1809068,IC50,7.75
4805767,COc1cc2CCCN(C(=O)CN(C)C)c2cc1Nc3nc(Nc4cccnc4C(=O)N)c5cc[nH]c5n3,CHEMBL458864,IC50,7.75
4805778,COc1ccc(Nc2nccc(Nc3cnc4ccccc4c3)n2)cc1OC,CHEMBL1760049,IC50,7.75
4805788,COc1cccc(c1)c2c3c(CCc4cnc(Nc5ccn(CCN(C)C)n5)nc34)nn2C,CHEMBL3656735,IC50,7.75
4805798,C[C@H](N)C(=O)N1CCC(CC1)n2nc(C)c(Nc3ncc(Cl)c(n3)c4cnn5ccccc45)c2C,CHEMBL3824103,IC50,7.75
4805809,Nc1nccn2c(nc(c3ccc4ccc(nc4c3)c5ccccc5)c12)[C@@H]6C[C@@H](C6)N7CCOCC7,CHEMBL258648,IC50,7.75
4805820,Nc1nccn2c(nc(c3ccc4ccc(nc4c3)c5ccccc5)c12)[C@@H]6C[C@H](CN7CCOCC7)C6,CHEMBL411074,IC50,7.75
2439086,COc1cc(OCCCN2CCCC2)ccc1Nc3ncc(Cl)c(Nc4ccccc4P(=O)(C)C)n3,CHEMBL3823549,IC50,7.76
4805833,CCN1CCN(CC1)c2cc(C)c3nc([nH]c3c2)C4=C(NC[C@@H](O)c5cccc(Cl)c5)C=CNC4=O,CHEMBL1098395,IC50,7.77
4805844,CCOC(=O)NN1CCN(CCCOc2cc3ncc(C#N)c(Nc4ccc(Sc5nc(C)c(C)n5CC)c(Cl)c4)c3cc2OC)CC1,CHEMBL442912,IC50,7.77
4805854,CCOc1cc(ccc1Nc2ncc3CCc4nn(C)c(c5ccccc5)c4c3n2)C(=O)NC6CN(C)C6,CHEMBL3660898,IC50,7.77
4805863,CCOc1cc(ccc1Nc2ncc3CCc4nn(C)c(c5ccccc5)c4c3n2)C(=O)N[C@@H]6CC[C@H](CC6)N7CCOCC7,CHEMBL3660897,IC50,7.77
4805872,CCn1ccc(Nc2ncc3CCc4nn(C)c(c5cccc(C)c5)c4c3n2)n1,CHEMBL3656732,IC50,7.77
4805881,COCCn1ccc(Nc2ncc3CCc4nn(C)c(Cc5cccc(c5)C(F)(F)F)c4c3n2)n1,CHEMBL3656733,IC50,7.77
1715398,COc1cc(OC2CCN(CC2)C(=O)C)ccc1Nc3ncc(Cl)c(n3)c4cnc5ccccn45,CHEMBL1809049,IC50,7.77
4805893,COc1cc(ccc1Nc2ncc(Cl)c(n2)c3cnc4ccccn34)N5CCN(CC5)C(=O)C,CHEMBL1809044,IC50,7.77
1729884,COc1cc(ccc1Nc2ncc(Cl)c(n2)c3cnc4ccccn34)N5CCN(CCO)CC5,CHEMBL1809062,IC50,7.77
1717233,COc1cc(ccc1Nc2ncc(Cl)c(n2)c3cnc4ccccn34)N5CCN(CCS(=O)(=O)C)CC5,CHEMBL1809064,IC50,7.77
4805907,COc1cc(ccc1Nc2ncc3CCc4nn(C)c(c5occc5C)c4c3n2)C(=O)NC6CCN(C)CC6,CHEMBL3656568,IC50,7.77
4805918,C[C@@]1(O)C[C@@H](C1)c2nc(c3ccc4ccc(nc4c3F)c5ccccc5)c6c(N)ncnn26,CHEMBL1667935,IC50,7.77
1717265,Cc1nn(C2CCN(CCO)CC2)c(C)c1Nc3ncc(Cl)c(n3)c4cnn5ccccc45,CHEMBL3824323,IC50,7.77
4805930,Cn1nc(cc1Nc2ncc3CCc4nn(C)c(c5ccccc5Cl)c4c3n2)C6CC6,CHEMBL3656573,IC50,7.77
4805940,Nc1nccn2c(nc(c3ccc4ccc(nc4c3)c5ccccc5)c12)[C@@H]6C[C@@H](CN7CCOCC7)C6,CHEMBL261253,IC50,7.77
4805951,CC(=O)N1CCN(CC1)[C@@H]2C[C@@H](C2)n3cc(c4cc(OC[C@@H]5CCCO5)ccc4F)c6c(N)ncnc36,CHEMBL3785951,IC50,7.8
4805962,CC(=O)N1CCN(CC1)[C@@H]2C[C@@H](C2)n3cc(c4cccc(OCC56CCC(CC5)O6)c4)c7c(N)ncnc37,CHEMBL3787636,IC50,7.8
4805973,CC(=O)N1CCN(CC1)[C@@H]2C[C@@H](C2)n3cc(c4cccc(OC[C@@H]5CCCO5)c4F)c6c(N)ncnc36,CHEMBL3786167,IC50,7.8
4805984,CCn1c(C)c(C)nc1Sc2ccc(Nc3c(cnc4cc(NCCCN5CCN(C)CC5)c(OC)cc34)C#N)cc2Cl,CHEMBL499661,IC50,7.8
4805995,CCn1c(C)c(C)nc1Sc2ccc(Nc3c(cnc4cc(OCCCN5CCN(CC5)C(=O)C)c(OC)cc34)C#N)cc2Cl,CHEMBL504954,IC50,7.8
4806005,CN(C)C(=O)Cn1cc(Nc2ncc3CCc4nn(C)c(Cc5ccccc5)c4c3n2)cn1,CHEMBL3656731,IC50,7.8
4806015,CN1CCN(CC1)C(=O)N2CCN(CC2)C3CCN(CC3)c4cc(C)c5nc([nH]c5c4)C6=C(NC[C@@H](O)c7cccc(Cl)c7)C=CNC6=O,CHEMBL454515,IC50,7.8
4806026,COCCN1CCN(CC1)c2cc(C)c3nc([nH]c3c2)C4=C(NC[C@@H](O)c5cccc(Cl)c5)C=CNC4=O,CHEMBL1094165,IC50,7.8
4806037,COc1cc(ccc1Nc2nc(Nc3ccc(F)cc3C(=O)NC[C@@H](O)CO)c4cc[nH]c4n2)N5CCN(CC5)C(C)C,CHEMBL450071,IC50,7.8
4806048,COc1cc(ccc1Nc2ncc(Cl)c(n2)c3cnc4ccccn34)N5CCN(CC5)C(=O)[C@@H](C)O,CHEMBL1809071,IC50,7.8
4806058,COc1cc(ccc1Nc2ncc3CCc4nn(C)c(c5ccccc5)c4c3n2)C(=O)NC6CCN(C)CC6,CHEMBL3656622,IC50,7.8
4806068,COc1cc(nc2cc(ccc12)c3nc([C@@H]4C[C@@H](C4)N5CCN(C)CC5)n6ccnc(N)c36)c7ccccc7,CHEMBL3037916,IC50,7.8
4806079,COc1cc2CCCN(C(=O)CN(C)C)c2cc1Nc3nc(Nc4cccc(F)c4C(=O)N)c5cc[nH]c5n3,CHEMBL516870,IC50,7.8
4806090,COc1cc2CCN(C(=O)CN(C)C)c2cc1Nc3nc(Nc4cccc5CNC(=O)c45)c6cc[nH]c6n3,CHEMBL517163,IC50,7.8
4806100,C[C@]1(CCCN1c2nc(Nc3cc(n[nH]3)C4CC4)c5cccn5n2)C(=O)Nc6ncc(Cl)s6,CHEMBL3655738,IC50,7.8
4806109,Cc1cc(Nc2ncc3CCc4nn(C)c(Cc5ccccc5Cl)c4c3n2)nn1C,CHEMBL3656730,IC50,7.8
4806119,Cc1cc(cc2[nH]c(nc12)C3=C(NC[C@@H](O)c4cccc(Cl)c4)C=CNC3=O)N5CCN(CCCO)CC5,CHEMBL1095439,IC50,7.8
4806129,CC(C)c1c2c(CC(C)c3cnc(Nc4ccccc4)nc23)nn1C,CHEMBL3656727,IC50,7.82
1722291,CCOc1nn(cc1Nc2ncc(Cl)c(n2)c3cnn4ccccc34)C5CCN(CC5)C(=O)C,CHEMBL3822943,IC50,7.82
4806141,CCn1c(C)c(C)nc1Sc2ccc(Nc3c(cnc4cc(OCCCN5CCOCC5)c(OC)cc34)C#N)cc2Cl,CHEMBL498816,IC50,7.82
4806151,CNC(=O)c1ccc(Nc2ncc3CCc4nn(C)c(c5ccccc5)c4c3n2)c(OC)c1,CHEMBL3660965,IC50,7.82
4806160,COc1cc(OCCN2CCCC2)ccc1Nc3ncc4CCc5nn(C)c(c6cc(C)ccc6Cl)c5c4n3,CHEMBL3656552,IC50,7.82
4806170,COc1cc(ccc1Nc2ncc(c(n2)c3cnc4ccccn34)C(F)(F)F)N5CCN(CC5)C(=O)C,CHEMBL1809196,IC50,7.82
4806181,COc1cc2CCCN(C(=O)CN(C)C)c2cc1Nc3nc(N4CCc5ccccc45)c6cc[nH]c6n3,CHEMBL457105,IC50,7.82
4806191,COc1ccc(c(Cl)c1)c2c3c(CCc4cnc(Nc5ccccc5OC)nc34)nn2C,CHEMBL3656610,IC50,7.82
4806200,Cn1cc(Nc2ncc3CCc4nn(C)c(Cc5cccc(Cl)c5)c4c3n2)cn1,CHEMBL3656729,IC50,7.82
4806209,Cn1ccc(Nc2ncc3CCc4nn(C)c(c5ccc(Cl)cc5)c4c3n2)n1,CHEMBL3656728,IC50,7.82
4806218,Cn1nc2CCc3cnc(Nc4ccccc4)nc3c2c1c5ccccc5,CHEMBL3652817,IC50,7.82
4806227,CCOc1cc(ccc1Nc2ncc3CCc4nn(C)c(Cc5ccccc5)c4c3n2)N6CCN(CC6)S(=O)(=O)C,CHEMBL3661014,IC50,7.85
4806237,CCn1c(C)c(C)nc1Sc2ccc(Nc3c(cnc4cc(OCCCN(C)CC(O)CO)c(OC)cc34)C#N)cc2Cl,CHEMBL447951,IC50,7.85
4806248,CCn1c(C)c(C)nc1Sc2ccc(Nc3c(cnc4cc(OCCCN(C)CCO)c(OC)cc34)C#N)cc2Cl,CHEMBL512412,IC50,7.85
4806258,CCn1ccc(Nc2ncc3CCc4nn(C)c(c5ccccc5)c4c3n2)n1,CHEMBL3656725,IC50,7.85
4806268,CN1CCN(CC1)[C@@H]2C[C@@H](C2)c3nc(c4ccc5ccc(nc5c4F)c6ccccc6)c7c(N)ncnn37,CHEMBL1688363,IC50,7.85
4806279,CNC1CCN(CC1)c2cc(C)c3nc([nH]c3c2)C4=C(NC[C@@H](O)c5cccc(Cl)c5)C=CNC4=O,CHEMBL482102,IC50,7.85
4806289,COC(=O)c1cc2cccc(Nc3ncc4CCc5nn(C)c(Cc6ccccc6)c5c4n3)c2s1,CHEMBL3652813,IC50,7.85
4806299,COc1cc(Nc2nccc(Nc3cc4ccccc4cn3)n2)cc(OC)c1OC,CHEMBL1760040,IC50,7.85
2257488,C[C@@H](O)C(=O)N1CCC(CC1)n2nc(C)c(Nc3ncc(Cl)c(n3)c4cnn5ccccc45)c2C,CHEMBL3823030,IC50,7.85
4806311,C[C@]1(CCCN1c2nc(Nc3ncc(s3)C(=O)N)c4cccn4n2)C(=O)Nc5ccc(F)nc5,CHEMBL3655760,IC50,7.85
4806321,Cc1c(Nc2ncc(Cl)c(n2)c3cnc4ccccn34)cnn1C5CCNCC5,CHEMBL3822543,IC50,7.85
4806332,Cn1c(NC(=O)[C@@H]2CC[C@H](CC2)c3nc(c4ccc5ccc(nc5c4F)c6ccccc6)c7c(N)nccn37)nc8ccccc18,CHEMBL1667950,IC50,7.85
4806342,Cn1ccc(Nc2ncc3CCc4nn(C)c(c5ccc(F)cc5)c4c3n2)n1,CHEMBL3656726,IC50,7.85
4806352,NCc1ccc(cc1)c2cnc3[nH]cc(c4cccc(NC(=O)Nc5ccccc5Oc6ccccc6)c4)c3c2,CHEMBL563292,IC50,7.85
1742418,Nc1ncnc2c1c(cn2[C@@H]3C[C@H](CN4CCC4)C3)c5cccc(OCC67CCC(CC6)O7)c5,CHEMBL3785500,IC50,7.85
4806365,CC(=O)N1CCN(CC1)[C@@H]2C[C@@H](C2)n3cc(c4cc(OCC56CCC(CC5)O6)ccc4F)c7c(N)ncnc37,CHEMBL3787271,IC50,7.89
4806375,CC1Cc2nn(C)c(c3ccccc3)c2c4nc(Nc5ccn(CC(=O)N(C)C)n5)ncc14,CHEMBL3656724,IC50,7.89
4806384,CCOc1cc(ccc1Nc2ncc3CCc4nn(C)c(c5ccccc5)c4c3n2)C(=O)NC6CCN(C)CC6,CHEMBL3660900,IC50,7.89
4806394,CCn1c(C)c(C)nc1Sc2ccc(Nc3c(cnc4cc(OCCCN(C)CCC5OCCO5)c(OC)cc34)C#N)cc2Cl,CHEMBL505519,IC50,7.89
4806404,CN(C)CCCOc1ccc(Nc2ncc3CCc4nn(C)c(c5ccccc5C)c4c3n2)c(Cl)c1,CHEMBL3661017,IC50,7.89
4806413,CN(C)CCn1cc(Nc2ncc3CCc4nn(C)c(Cc5cccc(F)c5)c4c3n2)cn1,CHEMBL3656723,IC50,7.89
4806422,COC(=O)c1oc2c(Nc3ncc4CCc5nn(C)c(Cc6ccccc6)c5c4n3)cccc2c1,CHEMBL3652814,IC50,7.89
4806432,COc1cc(C)c(CCCN(C)C)cc1Nc2nc(Nc3cccc(F)c3C(=O)N)c4cc[nH]c4n2,CHEMBL515036,IC50,7.89
4806443,COc1cc(Cl)c(OCCCN(C)C)cc1Nc2nc(Nc3cccc(F)c3C(=O)N)c4cc[nH]c4n2,CHEMBL518354,IC50,7.89
4806454,COc1cc(Nc2ncnc(Nc3ccc4ccccc4c3)n2)cc(OC)c1OC,CHEMBL1760034,IC50,7.89
4806464,COc1cc(OCCN2CCCC2)ccc1Nc3ncc4CCc5nn(C)c(c6occc6C)c5c4n3,CHEMBL3656565,IC50,7.89
4806474,COc1cc(ccc1Nc2nc(Nc3ccc4ncccc4c3)c5cc[nH]c5n2)N6CCN(CC6)C(C)C,CHEMBL458437,IC50,7.89
2439117,COc1cc(ccc1Nc2ncc(Cl)c(Nc3ccccc3P(=O)(C)C)n2)N4CCN(CCO)CC4,CHEMBL3823235,IC50,7.89
4806487,COc1cc(ccc1Nc2ncc(Cl)c(n2)c3cnc4c(C)cccn34)N5CCN(CC5)C(=O)C,CHEMBL1809199,IC50,7.89
4806498,COc1cc(ccc1Nc2ncc(Cl)c(n2)c3cnc4ccc(C)cn34)N5CCN(CC5)C(=O)C,CHEMBL1809225,IC50,7.89
4806509,COc1cc(ccc1Nc2ncc(Cl)c(n2)c3cnc4ccc(F)cn34)N5CCN(CC5)C(=O)C,CHEMBL1809224,IC50,7.89
4806520,COc1cc(ccc1Nc2ncc(Cl)c(n2)c3cnc4ccccn34)C5CCN(CC5)C(=O)C,CHEMBL1809045,IC50,7.89
4806531,COc1cc(ccc1Nc2ncc(Cl)c(n2)c3cnc4ccccn34)N5CCN(CC5)C(=O)[C@@H](C)N,CHEMBL1809075,IC50,7.89
1731633,COc1cc(ccc1Nc2ncc(Cl)c(n2)c3cnc4ccccn34)N5CCOCC5,CHEMBL1809053,IC50,7.89
4806543,COc1cc(ccc1Nc2ncc3CCc4nn(C)c(C5CCC5)c4c3n2)C(=O)NC6CCN(C)CC6,CHEMBL3656629,IC50,7.89
4806553,COc1cc2CCN(C(=O)CN3CCOCC3)c2cc1Nc4nc(Nc5cccc(F)c5C(=O)N)c6cc[nH]c6n4,CHEMBL501964,IC50,7.89
4806564,COc1ccc(CCCN(C)C)cc1Nc2nc(Nc3cccc(F)c3C(=O)N)c4cc[nH]c4n2,CHEMBL461875,IC50,7.89
4806574,COc1ccccc1Cc2c3c(CCc4cnc(Nc5cnn(CCN(C)C)c5)nc34)nn2C,CHEMBL3656722,IC50,7.89
4806583,COc1ccccc1Nc2ncc3C(C)Cc4nn(C)c(c5ccccc5Cl)c4c3n2,CHEMBL3656564,IC50,7.89
4806592,Cc1cccc(c1Cl)c2c3c(CCc4cnc(Nc5ccccc5)nc34)nn2C,CHEMBL3656613,IC50,7.89
4806601,Cc1ccccc1c2c3c(CCc4cnc(Nc5ccc(cc5Cl)C(=O)NC6CCN(CC6)C7CC7)nc34)nn2C,CHEMBL3660984,IC50,7.89
4806610,Cn1nc2CCc3cnc(Nc4ccccc4)nc3c2c1c5ccc(F)cc5Cl,CHEMBL3656618,IC50,7.89
4806620,O=C(Nc1ccccc1)[C@@H]2CCCN2c3nc(Nc4cc([nH]n4)C5CC5)c6cccn6n3,CHEMBL575681,IC50,7.89
517440,CN1CCN(CC1)[C@@H]2CC[C@H](CC2)n3nc(c4ccc(Nc5oc6c(Cl)cccc6n5)cc4)c7c(N)ncnc37,CHEMBL1257998,IC50,7.9
4806631,CN(C)CC(C)(C)COc1ccc(Nc2ncc3CCc4nn(C)c(c5ccccc5C)c4c3n2)c(Cl)c1,CHEMBL3661016,IC50,7.92
4806641,COCC(=O)N1CCC(CC1)n2nc(C)c(Nc3ncc(Cl)c(n3)c4cnn5ccccc45)c2C,CHEMBL3822651,IC50,7.92
4806652,COCC(=O)N1CCN(CC1)C2CCN(CC2)c3cc(C)c4nc([nH]c4c3)C5=C(NC[C@@H](O)c6cccc(Cl)c6)C=CNC5=O,CHEMBL499584,IC50,7.92
4806662,COCCNC(=O)c1ccc(Nc2ncc3CCc4nn(C)c(c5ccccc5C)c4c3n2)c(OC)c1,CHEMBL3660973,IC50,7.92
4806671,COCCn1cc(Nc2ncc3CCc4nn(C)c(Cc5ccccc5OC)c4c3n2)cn1,CHEMBL3656718,IC50,7.92
1726820,COc1cc(OC2CCNCC2)ccc1Nc3ncc(Cl)c(n3)c4cnc5ccccn45,CHEMBL1809050,IC50,7.92
4806683,COc1cc(ccc1Nc2ncc(Cl)c(n2)c3cnc4ccccn34)N5CCN(CC(=O)N(C)C)CC5,CHEMBL1809063,IC50,7.92
4806693,COc1cccc(Cc2c3c(CCc4cnc(Nc5cc(C)n(C)n5)nc34)nn2C)c1,CHEMBL3656720,IC50,7.92
4806702,COc1cccc(c1)c2c3c(CCc4cnc(Nc5cnn(c5)C6CCN(CC6)C(=O)C)nc34)nn2C,CHEMBL3656719,IC50,7.92
4806711,COc1ccccc1Nc2ncc3CCc4nn(C)c(c5ccccc5Cl)c4c3n2,CHEMBL3652821,IC50,7.92
4806720,Cc1ccccc1c2c3c(CCc4cnc(Nc5ccnn5C)nc34)nn2C,CHEMBL3656577,IC50,7.92
4806729,Cn1ccc(Nc2ncc3CCc4nn(C)c(Cc5cccc(Cl)c5)c4c3n2)n1,CHEMBL3656721,IC50,7.92
1730277,Nc1ncnc2c1c(cn2[C@@H]3C[C@H](CN4CCC4)C3)c5cccc(OC[C@@H]6CCCO6)c5,CHEMBL3787614,IC50,7.92
4806741,Nc1ncnc2c1c(cn2[C@@H]3C[C@H](CN4CC[S+]([O-])CC4)C3)c5ccc(F)c(OCC67CCC(CC6)O7)c5,CHEMBL3785995,IC50,7.92
4806752,CCn1c(C)c(C)nc1Sc2ccc(Nc3c(cnc4cc(OCCCN5CCN(CCO)CC5)c(OC)cc34)C#N)cc2Cl,CHEMBL453681,IC50,7.96
4806762,CCn1nccc1Nc2ncc3CCc4nn(C)c(c5ccccc5Cl)c4c3n2,CHEMBL3656570,IC50,7.96
4806771,COCCN1CCC(CC1)NC(=O)c2cc(OC)c(Nc3ncc4CCc5nn(C)c(C(C)C)c5c4n3)cc2C,CHEMBL3660948,IC50,7.96
4806780,COc1cc(OCCN2CCCC2)ccc1Nc3ncc4CCc5nn(C)c(C(C)c6ccccc6)c5c4n3,CHEMBL3652852,IC50,7.96
4806790,COc1cc(ccc1Nc2ncc(Cl)c(n2)c3cnc4ccccn34)N5CCN(CC5)C(=O)CN,CHEMBL1809072,IC50,7.96
4806800,COc1cc(ccc1Nc2ncc3CCc4nn(C)c(C5CCCC5)c4c3n2)C(=O)NC6CCN(C)CC6,CHEMBL3652844,IC50,7.96
4806809,COc1cc(ccc1Nc2ncc3CCc4nn(C)c(CC5CC5)c4c3n2)C(=O)NC6CCN(C)CC6,CHEMBL3656595,IC50,7.96
4806818,COc1cc(ccc1Nc2ncc3CCc4nn(C)c(c5cc(C)ccc5Cl)c4c3n2)N6CCN(C)CC6,CHEMBL3656554,IC50,7.96
4806827,COc1cc(ccc1Nc2ncc3CCc4nn(C)c(c5ccccc5)c4c3n2)C(=O)N[C@@H]6CC[C@H](CC6)N7CCN(CC8CC8)CC7,CHEMBL3660906,IC50,7.96
4806836,COc1cc(ccc1Nc2ncc3CCc4nn(C)c(c5occc5C)c4c3n2)N6CCN(C)CC6,CHEMBL3656567,IC50,7.96
4806846,COc1cc2CCCN(C(=O)CN3CCCCC3)c2cc1Nc4nc(Nc5cccc(F)c5C(=O)N)c6cc[nH]c6n4,CHEMBL467136,IC50,7.96
4806856,COc1ccc(Cc2c3c(CCc4cnc(Nc5ccc(cc5OC)C(=O)NC6CCN(C)CC6)nc34)nn2C)cc1,CHEMBL3656539,IC50,7.96
4806865,Cc1ccccc1c2c3c(CCc4cnc(Nc5ccc(cc5Cl)C(=O)NC6CCN(CC6)C7CCOCC7)nc34)nn2C,CHEMBL3660985,IC50,7.96
4806874,Cn1nccc1Nc2ncc3CCc4nn(C)c(Cc5ccccc5)c4c3n2,CHEMBL3652857,IC50,7.96
4806884,Fc1ccc(cn1)C(=O)N2[C@@H](CCC2=O)c3nc(Nc4cc([nH]n4)C5CC5)c6cccn6n3,CHEMBL1222790,IC50,7.96
4806895,Nc1ncnc2c1c(cn2[C@@H]3C[C@H](CO)C3)c4cccc(OCC56CCC(CC5)O6)c4,CHEMBL3787567,IC50,7.96
4806906,C1CCCN(CC1)c2nc3CCCc3c(Nc4cc([nH]n4)C5CC5)n2,CHEMBL3409721,IC50,8.0
4806917,CC(C)Oc1cc(nc2c(F)c(ccc12)c3nc([C@@H]4C[C@](C)(O)C4)n5ccnc(N)c35)c6ccccc6,CHEMBL3037914,IC50,8.0
4806928,CC(C)Oc1cc(nc2cc(ccc12)c3nc([C@@H]4C[C@](C)(O)C4)n5ccnc(N)c35)c6ccccc6,CHEMBL3037910,IC50,8.0
4806939,CCn1c(C)c(C)nc1Sc2ccc(Nc3c(cnc4cc(NCCCN(C)C)c(OC)cc34)C#N)cc2Cl,CHEMBL461662,IC50,8.0
4806949,CCn1ccc(Nc2ncc3CCc4nn(C)c(Cc5ccccc5OC)c4c3n2)n1,CHEMBL3656712,IC50,8.0
4806958,CN(C)CCn1ccc(Nc2ncc3CCc4nn(C)c(Cc5ccc6ccccc6c5)c4c3n2)n1,CHEMBL3656717,IC50,8.0
4806967,CN(C)CCn1ccc(Nc2ncc3CCc4nn(C)c(Cc5cccc(c5)C(F)(F)F)c4c3n2)n1,CHEMBL3656716,IC50,8.0
4806976,COCCN1CCC(CC1)NC(=O)c2ccc(Nc3ncc4CCc5nn(C)c(c6ccccc6C)c5c4n3)c(Cl)c2,CHEMBL3660986,IC50,8.0
4806985,COCCNC(=O)c1ccc(Nc2ncc3CCc4nn(C)c(c5ccccc5)c4c3n2)c(OC)c1,CHEMBL3660896,IC50,8.0
4806994,COCCn1ccc(Nc2ncc3CCc4nn(C)c(c5ccc(OC)cc5)c4c3n2)n1,CHEMBL3656713,IC50,8.0
4807004,COc1cc(ccc1Nc2nc(N3CCc4ccccc34)c5cc[nH]c5n2)N6CCN(CC6)C(C)C,CHEMBL1964271,IC50,8.0
4807015,COc1cc(ccc1Nc2ncc(Cl)c(n2)c3cnc4cc(Cl)ccn34)N5CCN(CC5)C(=O)C,CHEMBL1809222,IC50,8.0
4807025,COc1cc(ccc1Nc2ncc3CCc4nn(C)c(c5ccccc5C)c4c3n2)C(=O)N[C@@H]6CC[C@H](CC6)N7CCN(CC8CC8)CC7,CHEMBL3660970,IC50,8.0
4807035,COc1cc2CCCN(C(=O)CCN(C)C)c2cc1Nc3nc(Nc4cccc(F)c4C(=O)N)c5cc[nH]c5n3,CHEMBL465789,IC50,8.0
2438862,COc1cc2CCN(C(=O)CN(C)C)c2cc1Nc3nc(Nc4ccsc4C(=O)N)c5cc[nH]c5n3,CHEMBL514873,IC50,8.0
3804300,COc1cc2nccc(Oc3ccc(NC(=O)C4=C(C)N(C)N(C4=O)c5ccccc5)cc3F)c2cc1OC,CHEMBL2031893,IC50,8.0
4807049,COc1ccc(cc1)c2c3c(CCc4cnc(Nc5ccn(CC(=O)N(C)C)n5)nc34)nn2C,CHEMBL3656714,IC50,8.0
4807059,C[C@H](O)C(=O)N1CCC(CC1)n2nc(C)c(Nc3ncc(Cl)c(n3)c4cnn5ccccc45)c2C,CHEMBL3822947,IC50,8.0
4807069,Cc1cccc(Cc2c3c(CCc4cnc(Nc5ccn(C)n5)nc34)nn2C)c1,CHEMBL3656715,IC50,8.0
4807078,Cc1ccccc1c2c3c(CCc4cnc(Nc5ccc(cc5Cl)C(=O)NC6CCN(CCO)CC6)nc34)nn2C,CHEMBL3660987,IC50,8.0
4807088,Fc1cccc(F)c1NC(=O)c2cccc(c2)c3nc4ccccn4c3c5ccnc(Nc6cccc(CN7CCCC7)c6)n5,CHEMBL447450,IC50,8.0
4807099,Fc1ccc(NC(=O)[C@@H]2CCC[C@H]2c3nc(Nc4cc([nH]n4)C5CC5)c6cccn6n3)cn1,CHEMBL1222791,IC50,8.01
4807110,CC(=O)N1CCN(CC1)[C@@H]2C[C@@H](C2)n3cc(c4cccc(OCC56CCC(CC5)O6)c4F)c7c(N)ncnc37,CHEMBL3785376,IC50,8.02
4807121,CC1(C)CC[C@@H](COc2cccc(c2)c3cn([C@@H]4C[C@H](CN5CCC5)C4)c6ncnc(N)c36)O1,CHEMBL3786567,IC50,8.05
4807132,CCN1CCN(CCCOc2cc3ncc(C#N)c(Nc4ccc(Sc5nc(C)c(C)n5CC)c(Cl)c4)c3cc2OC)CC1,CHEMBL447167,IC50,8.05
4807143,CCOc1cc(nc2c(F)c(ccc12)c3nc([C@@H]4C[C@@H](C4)N5CCN(C)CC5)n6ccnc(N)c36)c7ccccc7,CHEMBL3037921,IC50,8.05
4807153,CN(C)CCn1ccc(Nc2ncc3CCc4nn(C)c(c5cccc(C)c5)c4c3n2)n1,CHEMBL3656710,IC50,8.05
1717012,CNCC(=O)N1CCN(CC1)c2ccc(Nc3ncc(Cl)c(n3)c4cnc5ccccn45)c(OC)c2,CHEMBL1809073,IC50,8.05
4807164,COCCn1ccc(Nc2ncc3CCc4nn(C)c(c5ccc(F)cc5)c4c3n2)n1,CHEMBL3656711,IC50,8.05
4807174,COc1cc(ccc1Nc2ncc(Br)c(n2)c3cnc4ccccn34)N5CCN(CC5)C(=O)C,CHEMBL1809194,IC50,8.05
1717407,COc1cc(ccc1Nc2ncc(Cl)c(n2)c3cnc4ccccn34)C5CCNCC5,CHEMBL1809046,IC50,8.05
1717222,COc1cc(ccc1Nc2ncc(Cl)c(n2)c3cnc4ccccn34)N5CCN(CC5)C(=O)[C@H](C)N,CHEMBL1809074,IC50,8.05
1718937,COc1cc(ccc1Nc2ncc(Cl)c(n2)c3cnc4ccccn34)N5CCN(CC5)C(=O)[C@H](C)O,CHEMBL1809070,IC50,8.05
4807190,COc1cc(ccc1Nc2ncc3CCc4nn(C)c(C5CCCCC5)c4c3n2)C(=O)NC6CCN(C)CC6,CHEMBL3652845,IC50,8.05
4807199,COc1cc(ccc1Nc2ncc3CCc4nn(C)c(c5ccccc5)c4c3n2)C(=O)NC6CCN(CC6)C7CCOCC7,CHEMBL3660912,IC50,8.05
4807208,COc1cc(ccc1Nc2ncc3CCc4nn(C)c(c5ccccc5)c4c3n2)C(=O)N[C@@H]6CC[C@H](CC6)N7CCOCC7,CHEMBL3660989,IC50,8.05
4807218,COc1cc(nc2c(F)c(ccc12)c3nc([C@@H]4C[C@@H](C4)N5CCN(C)CC5)n6ccnc(N)c36)c7ccccc7,CHEMBL3037920,IC50,8.05
4807229,COc1cc2CCCN(C(=O)CN(C)C)c2cc1Nc3nc(Nc4ccoc4C(=O)N)c5cc[nH]c5n3,CHEMBL458414,IC50,8.05
4807239,COc1ccc(Cc2c3c(CCc4cnc(Nc5ccc(OCCN6CCCC6)cc5OC)nc34)nn2C)cc1,CHEMBL3656536,IC50,8.05
4807249,Cc1cc(cc2[nH]c(nc12)C3=C(NC[C@@H](O)c4cccc(Cl)c4)C=CNC3=O)N5CCC(CC5)N6CCN(CC6)C(=O)N7CCOCC7,CHEMBL459118,IC50,8.05
4807260,Cc1ccc(N2CCC(CC2)N3CCN(CC3)C(=O)N4CCOCC4)c5[nH]c(nc15)C6=C(N[C@@H](CO)Cc7ccccc7Br)C=CNC6=O,CHEMBL590049,IC50,8.05
4807271,Nc1ncnc2c1c(cn2[C@@H]3C[C@H](CN4CC[S+]([O-])CC4)C3)c5cc(OCC67CCC(CC6)O7)ccc5F,CHEMBL3786100,IC50,8.05
4807282,O=C(Nc1cccnc1)[C@@H]2CCCN2c3nc(Nc4cc([nH]n4)C5CC5)c6cccn6n3,CHEMBL573246,IC50,8.05
2438154,COc1ccccc1Nc2nc(Nc3ccc(cc3OC)N4CCC(CC4)N5CCN(C)CC5)ncc2Cl,CHEMBL3823045,IC50,8.06
4807295,COc1cc(Nc2nccc(Nc3cnc4ccccc4c3)n2)ccc1N5CCOCC5,CHEMBL1738698,IC50,8.08
4807306,C[C@]1(CCCN1c2nc(Nc3cc([nH]n3)C4CC4)c5cccn5n2)C(=O)Nc6ccc(F)nc6,CHEMBL575448,IC50,8.08
2438895,COc1cc(ccc1Nc2ncc(Cl)c(Nc3ccccc3P(=O)(C)C)n2)C4CCN(C)CC4,CHEMBL3823190,IC50,8.09
4807318,CC(=O)N1CCC(CC1)n2cc(Nc3ncc4CCc5nn(C)c(Cc6cccc(Cl)c6)c5c4n3)cn2,CHEMBL3656709,IC50,8.1
4807328,CC(=O)N1CCC(CC1)n2ncc(Nc3ncc(Cl)c(n3)c4cnn5ccccc45)c2C,CHEMBL3823301,IC50,8.1
1740988,CC(C)Oc1cc(C2CCNCC2)c(C)cc1Nc3ncc(Cl)c(Nc4ccccc4S(=O)(=O)C(C)C)n3,ceritinib,IC50,8.1
4807340,CCn1ccc(Nc2ncc3CCc4nn(C)c(Cc5cccc(Cl)c5)c4c3n2)n1,CHEMBL3656707,IC50,8.1
4807349,CN(C)C(C)(C)COc1ccc(Nc2ncc3CCc4nn(C)c(c5ccccc5C)c4c3n2)c(Cl)c1,CHEMBL3661020,IC50,8.1
4807358,CN(C)CCn1cc(Nc2ncc3CCc4nn(C)c(c5ccc(Cl)cc5)c4c3n2)cn1,CHEMBL3656706,IC50,8.1
4807367,CN(C)CCn1ccc(Nc2ncc3CCc4nn(C)c(Cc5ccccc5Cl)c4c3n2)n1,CHEMBL3656658,IC50,8.1
4807376,COCCN1CCC(CC1)NC(=O)c2cc(OC)c(Nc3ncc4CCc5nn(C)c(C(C)C)c5c4n3)cc2Cl,CHEMBL3660950,IC50,8.1
4807385,COCCn1cc(Nc2ncc3CCc4nn(C)c(Cc5ccccc5Cl)c4c3n2)cn1,CHEMBL3656704,IC50,8.1
4807394,COCCn1ccc(Nc2ncc3CCc4nn(C)c(Cc5cccc(Cl)c5)c4c3n2)n1,CHEMBL3656708,IC50,8.1
4807403,COCCn1ccc(Nc2ncc3CCc4nn(C)c(Cc5ccccc5OC)c4c3n2)n1,CHEMBL3656705,IC50,8.1
4807413,COc1c(C)c(ccc1Nc2nc(Nc3cccc(F)c3C(=O)N)c4cc[nH]c4n2)N5CCN(CC5)C(C)C,CHEMBL515909,IC50,8.1
4807423,COc1cc(C(=O)NC2CCN(C)CC2)c(C)cc1Nc3ncc4CCc5nn(C)c(C(C)C)c5c4n3,CHEMBL3660947,IC50,8.1
4807433,COc1cc(ccc1NC2=Nc3[nH]ccc3C4=Nc5cccc(F)c5C(=O)N24)N6CCN(CC6)C(C)C,CHEMBL457322,IC50,8.1
4807444,COc1cc(ccc1Nc2ncc(Cl)c(n2)c3cnc4ccccn34)N5CCN(CC5)C(=O)N,CHEMBL1809067,IC50,8.1
4807454,COc1cc(ccc1Nc2ncc3CCc4nn(C)c(c4c3n2)C(C)(C)C)C(=O)NC5CCN(C)CC5,CHEMBL3656628,IC50,8.1
4807463,COc1cc(ccc1Nc2ncc3CCc4nn(C)c(c5ccccc5)c4c3n2)C(=O)NCCN6CCCC6,CHEMBL3660904,IC50,8.1
4807472,COc1cc(ccc1Nc2ncc3CCc4nn(C)c(c5ccccc5C)c4c3n2)C(=O)NC6CCN(CC6)C7CC7,CHEMBL3660976,IC50,8.1
4807481,COc1cc(ccc1Nc2ncc3CCc4nn(C)c(c5ccsc5)c4c3n2)C(=O)NC6CCN(C)CC6,CHEMBL3661001,IC50,8.1
4807491,COc1cc2CCN(C(=O)CCN(C)C)c2cc1Nc3nc(Nc4cccc(F)c4C(=O)N)c5cc[nH]c5n3,CHEMBL517340,IC50,8.1
4807502,COc1ccc(OCCCN(C)C)cc1Nc2nc(Nc3cccc(F)c3C(=O)N)c4cc[nH]c4n2,CHEMBL459753,IC50,8.1
4807513,COc1ccn2c(cnc2c1)c3nc(Nc4ccc(cc4OC)N5CCN(CC5)C(=O)C)ncc3Cl,CHEMBL1809206,IC50,8.1
4807524,C[C@@]1(O)C[C@@H](C1)c2nc(c3ccc4c(Oc5ccccc5)cc(nc4c3F)c6ccccc6)c7c(N)nccn27,CHEMBL3037915,IC50,8.1
4807535,Nc1nccn2c(nc(c3ccc4ccc(nc4c3F)c5ccccc5)c12)[C@@H]6CC[C@@H](CO)CC6,CHEMBL1667936,IC50,8.1
4807546,Nc1nccn2c(nc(c3ccc4ccc(nc4c3F)c5ccccc5)c12)[C@@H]6CC[C@H](CC6)C(=O)Nc7ccncn7,CHEMBL1667946,IC50,8.1
4807557,Nc1ncnn2c(nc(c3ccc4ccc(nc4c3F)c5ccccc5)c12)[C@@H]6C[C@@H](C6)N7CCN(CC7)C=O,CHEMBL1688361,IC50,8.1
516260,CN1CCN(CC1)[C@@H]2CC[C@H](CC2)n3nc(c4ccc(Nc5oc6c(Cl)cccc6n5)c(F)c4)c7c(N)ncnc37,CHEMBL1256432,IC50,8.12
4807569,COc1cc(nc2cc(ccc12)c3nc([C@@H]4C[C@](C)(O)C4)n5ccnc(N)c35)c6ccccc6,CHEMBL3037908,IC50,8.15
3858629,CCc1cc(Nc2nccc(n2)c3c(nc4ccccn34)c5cccc(c5)C(=O)Nc6c(F)cccc6F)c(OC)cc1N7CCC(CC7)N8CCN(CC8)S(=O)(=O)C,CHEMBL448929,IC50,8.16
4807581,CN(C)CCOc1ccc(Nc2ncc3CCc4nn(C)c(c5ccccc5C)c4c3n2)c(Cl)c1,CHEMBL3661019,IC50,8.16
4807590,CN1CC(C1)NC(=O)c2ccc(Nc3ncc4CCc5nn(C)c(c6ccccc6C)c5c4n3)c(Cl)c2,CHEMBL3660988,IC50,8.16
4807599,CN1CCC(CC1)NC(=O)c2ccc(Nc3ncc4CCc5nn(C)c(c6ccccc6C)c5c4n3)c(Cl)c2,CHEMBL3660981,IC50,8.16
26243,CNC(=O)c1c(F)cccc1Nc2nc(Nc3cc4N(CCc4cc3OC)C(=O)CN(C)C)nc5[nH]ccc25,CHEMBL464552,Kd,8.16
4807610,COc1cc(C(=O)NC2CCN(C)CC2)c(Cl)cc1Nc3ncc4CCc5nn(C)c(C(C)C)c5c4n3,CHEMBL3660949,IC50,8.16
1724597,COc1cc(N2CC[C@H](C2)N(C)C)c(NC(=O)C=C)cc1Nc3ncc(Cl)c(n3)c4cnn5ccccc45,CHEMBL3353403,IC50,8.16
1725279,COc1cc(ccc1Nc2ncc(Cl)c(n2)c3cnc4ccccn34)N5CC6CNCC(C5)O6,CHEMBL1809058,IC50,8.16
4807623,COc1cc(ccc1Nc2ncc3CCc4nn(C)c(C5CCC5)c4c3n2)N6CCN(C)CC6,CHEMBL3656593,IC50,8.16
4807632,COc1cc(ccc1Nc2ncc3CCc4nn(C)c(c5ccccc5)c4c3n2)C(=O)NCCN(C)C,CHEMBL3660902,IC50,8.16
4807641,C[C@]1(CCCN1c2nc(Nc3cc([nH]n3)C4CC4)c5cccn5n2)C(=O)Nc6ccncn6,CHEMBL3655739,IC50,8.16
4807650,Cc1cccc(Cc2c3c(CCc4cnc(Nc5cnn(C)c5)nc34)nn2C)c1,CHEMBL3656703,IC50,8.16
4807659,Cc1ccccc1c2c3c(CCc4cnc(Nc5ccc(OCCCN6CCCC6)cc5Cl)nc34)nn2C,CHEMBL3661021,IC50,8.16
4807668,Cc1ccccc1c2c3c(CCc4cnc(Nc5ccccc5)nc34)nn2C,CHEMBL3656543,IC50,8.16
4807678,Fc1ccc(cn1)C(=O)N2CCC[C@H]2c3nc(Nc4cc([nH]n4)C5CC5)c6cccn6n3,CHEMBL1222710,IC50,8.16
4807689,Fc1cccc(F)c1NC(=O)c2cccc(c2)c3nc4ccccn4c3c5ccnc(Nc6ccc7OCCOc7c6)n5,CHEMBL444031,IC50,8.16
4807700,COc1cc(ccc1Nc2nc(Nc3ccc(F)cc3C(=O)NO)c4cc[nH]c4n2)N5CCN(CC5)C(C)C,CHEMBL475482,IC50,8.2
2437199,COc1cc(ccc1Nc2ncc(Cl)c(Nc3ccccc3C(=O)N(C)C)n2)N4CCC(CC4)N5CCN(C)CC5,CHEMBL3823016,IC50,8.21
2438312,COc1cc(ccc1Nc2ncc(Cl)c(Nc3ccccc3I)n2)N4CCC(CC4)N5CCN(C)CC5,CHEMBL3822664,IC50,8.21
4807714,CC(=O)N1CCC(CC1)n2cc(Nc3ncc4CCc5nn(C)c(c6cccc(C)c6)c5c4n3)cn2,CHEMBL3656697,IC50,8.22
4807723,CC(=O)N1CCC(CC1)n2cc(Nc3ncc4CCc5nn(C)c(c6cccc(Cl)c6)c5c4n3)cn2,CHEMBL3656696,IC50,8.22
4807732,CC(C)n1ccc(Nc2ncc3CCc4nn(C)c(Cc5ccccc5)c4c3n2)n1,CHEMBL3656693,IC50,8.22
4807742,CCCN1CCC(CC1)Oc2ccc(OC)c(Nc3nc(Nc4cccc(F)c4C(=O)N)c5cc[nH]c5n3)c2,CHEMBL464347,IC50,8.22
4807752,CCn1ccc(Nc2ncc3CCc4nn(C)c(c5ccc(OC(F)F)cc5)c4c3n2)n1,CHEMBL3656701,IC50,8.22
4807761,CN(C)CCCNC(=O)c1ccc(Nc2ncc3CCc4nn(C)c(c5ccccc5Cl)c4c3n2)c(Cl)c1,CHEMBL3660982,IC50,8.22
4807770,CN(C)CCNC(=O)c1ccc(Nc2ncc3CCc4nn(C)c(c5ccccc5C)c4c3n2)c(Cl)c1,CHEMBL3660983,IC50,8.22
4807779,CN(C)CCn1cc(Nc2ncc3CCc4nn(C)c(Cc5ccccc5)c4c3n2)cn1,CHEMBL3656691,IC50,8.22
4807788,CN(C)CCn1cc(Nc2ncc3CCc4nn(C)c(c5ccc(OC(F)F)cc5)c4c3n2)cn1,CHEMBL3656700,IC50,8.22
4807797,CN(C)CCn1ccc(Nc2ncc3CCc4nn(C)c(c5ccc(F)cc5)c4c3n2)n1,CHEMBL3656698,IC50,8.22
4807806,CN1CCC(CC1)NC(=O)c2ccc(Nc3ncc4CCc5nn(C)c(c6ccccc6C)c5c4n3)c(C)c2,CHEMBL3660960,IC50,8.22
4807815,COCCn1cc(Nc2ncc3CCc4nn(C)c(Cc5ccccc5)c4c3n2)cn1,CHEMBL3656692,IC50,8.22
4807824,COCCn1ccc(Nc2ncc3CCc4nn(C)c(c5ccccc5)c4c3n2)n1,CHEMBL3656694,IC50,8.22
4807833,COc1cc(C(=O)NC2CCN(C)CC2)c(F)cc1Nc3ncc4CCc5nn(C)c(C(C)C)c5c4n3,CHEMBL3660946,IC50,8.22
1721924,COc1cc(N(C)CCN(C)C)c(NC(=O)C=C)cc1Nc2ncc(Cl)c(n2)c3cnn4ccccc34,CHEMBL3353404,IC50,8.22
4807845,COc1cc(ccc1Nc2nc(N3NC(=O)c4ccccc34)c5cc[nH]c5n2)N6CCN(CC6)C(C)C,CHEMBL1964270,IC50,8.22
4807855,COc1cc(ccc1Nc2ncc3CCc4nn(C)c(c5ccccc5C)c4c3n2)C(=O)N[C@@H]6CC[C@H](CC6)N7CCOCC7,CHEMBL3660967,IC50,8.22
4807864,COc1cc(ccc1Nc2ncc3CCc4nn(C)c(c5ccccc5Cl)c4c3n2)C(=O)NC6CCN(Cc7ccccc7)CC6,CHEMBL3660964,IC50,8.22
4807874,COc1cc2CCCN(C(=O)CN(C)C)c2cc1Nc3nc(Nc4ccsc4C(=O)N)c5cc[nH]c5n3,CHEMBL456252,IC50,8.22
4807885,COc1cc2CCN(C(=O)C)c2cc1Nc3nc(Nc4cccc(F)c4C(=O)N)c5cc[nH]c5n3,CHEMBL460815,IC50,8.22
4807896,COc1cc2CCN(C(=O)CCN3CCOCC3)c2cc1Nc4nc(Nc5cccc(F)c5C(=O)N)c6cc[nH]c6n4,CHEMBL507810,IC50,8.22
4807906,COc1ccc(cc1)c2c3c(CCc4cnc(Nc5ccn(C)n5)nc34)nn2C,CHEMBL3656699,IC50,8.22
4807915,COc1ccccc1Cc2c3c(CCc4cnc(Nc5cnn(c5)C6CCN(CC6)C(=O)C)nc34)nn2C,CHEMBL3656695,IC50,8.22
4807925,C[C@]1(CCCN1c2nc(Nc3cc([nH]n3)C4CC4)c5cccn5n2)C(=O)Nc6cccnc6,CHEMBL572581,IC50,8.22
4807935,Cc1cc(Nc2ncc3CCc4nn(C)c(c5ccccc5Cl)c4c3n2)nn1C,CHEMBL3656575,IC50,8.22
4807944,Cn1cc(Nc2ncc3CCc4nn(C)c(c5ccc(Cl)cc5)c4c3n2)cn1,CHEMBL3656702,IC50,8.22
4807954,NC(=O)[C@@H]1CC[C@H](CC1)c2nc(c3ccc4ccc(nc4c3F)c5ccccc5)c6c(N)nccn26,CHEMBL1667940,IC50,8.22
4807965,Nc1nccn2c(nc(c3ccc4ccc(nc4c3F)c5ccccc5)c12)[C@@H]6CC[C@H](CC6)C(=O)Nc7nc8ccccc8[nH]7,CHEMBL1667948,IC50,8.22
4807976,COc1cc(ccc1Nc2nccc(n2)c3c(nc4ccccn34)c5cccc(c5)C(=O)Nc6c(F)cccc6F)N7CCC(CC7)N8CCN(CC8)S(=O)(=O)C,CHEMBL507714,Ki,8.28
4807987,Fc1ccc(cn1)C(=O)NCc2nc(Nc3cc(n[nH]3)C4CC4)c5cccn5n2,CHEMBL1222855,IC50,8.28
4807997,CC(C)N1CCCC(C1)NC(=O)C2C[C@H](O)CN2c3nc(Nc4cn(cn4)C(C)C)c5cccn5n3,CHEMBL3655751,IC50,8.3
4808006,CC(C)n1ccc(Nc2ncc3CCc4nn(C)c(Cc5ccccc5Cl)c4c3n2)n1,CHEMBL3656683,IC50,8.3
4808015,CC1(CC1)c2cc(Nc3nc(nn4cccc34)N5C[C@H](F)C[C@H]5C(=O)Nc6ncns6)[nH]n2,CHEMBL3655758,IC50,8.3
4808024,CC1Cc2nn(C)c(c3ccccc3Cl)c2c4nc(Nc5ccccc5)ncc14,CHEMBL3652828,IC50,8.3
2438468,CCCN1CCC=C(C1)c2ccc(Nc3nc(Nc4ccccc4C(=O)N)c5cc[nH]c5n3)c(C)c2,CHEMBL513897,IC50,8.3
4808035,CCOc1cc(ccc1Nc2ncc3CCc4nn(C)c(Cc5ccccc5)c4c3n2)C(=O)NC6CCN(C)CC6,CHEMBL3660952,IC50,8.3
4808044,CCOc1cc(ccc1Nc2ncc3CCc4nn(C)c(Cc5ccccc5)c4c3n2)C(=O)NC6CCN(CC6)C7CC7,CHEMBL3660955,IC50,8.3
4808054,CCOc1cc(nc2c(F)c(ccc12)c3nc([C@@H]4C[C@](C)(O)C4)n5ccnc(N)c35)c6ccccc6,CHEMBL3037913,IC50,8.3
4808064,CCn1ccc(Nc2ncc3C(C)Cc4nn(C)c(c5ccccc5)c4c3n2)n1,CHEMBL3656685,IC50,8.3
4808073,CCn1ccc(Nc2ncc3CCc4nn(C)c(Cc5cccc(C)c5)c4c3n2)n1,CHEMBL3656688,IC50,8.3
4808082,CN(C)CCn1ccc(Nc2ncc3CCc4nn(C)c(Cc5cccc(Cl)c5)c4c3n2)n1,CHEMBL3656690,IC50,8.3
4808091,CN(C)CCn1ccc(Nc2ncc3CCc4nn(C)c(c5ccc(OC(F)F)cc5)c4c3n2)n1,CHEMBL3656686,IC50,8.3
4808100,CN1CCC(CC1)Oc2ccc(Nc3ncc4CCc5nn(C)c(c6ccccc6C)c5c4n3)c(Cl)c2,CHEMBL3661018,IC50,8.3
4808110,CNC(=O)[C@@H]1CC[C@H](CC1)c2nc(c3ccc4ccc(nc4c3F)c5ccccc5)c6c(N)nccn26,CHEMBL1667939,IC50,8.3
4808121,CNC(=O)c1c(F)cccc1Nc2nc(Nc3ccc(cc3OC)N4CCN(CC4)C(C)C)nc5[nH]ccc25,CHEMBL475074,IC50,8.3
4808131,COCCN1CCC(CC1)NC(=O)c2ccc(Nc3ncc4CCc5nn(C)c(c6ccccc6)c5c4n3)c(OC)c2,CHEMBL3660909,IC50,8.3
4808140,COCCN1CCC(CC1)NC(=O)c2ccc(Nc3ncc4CCc5nn(C)c(c6ccccc6C)c5c4n3)c(OC)c2,CHEMBL3660971,IC50,8.3
4808149,COCCn1ccc(Nc2ncc3CCc4nn(C)c(Cc5cccc(C)c5)c4c3n2)n1,CHEMBL3656689,IC50,8.3
4808158,COCCn1ccc(Nc2ncc3CCc4nn(C)c(Cc5ccccc5)c4c3n2)n1,CHEMBL3656682,IC50,8.3
4808167,COc1cc(OCCN2CCCC2)ccc1Nc3ncc4C(C)Cc5nn(C)c(C(C)C)c5c4n3,CHEMBL3656680,IC50,8.3
4808176,COc1cc(OCCN2CCCC2)ccc1Nc3ncc4CCc5nn(C)c(c6ccccc6)c5c4n3,CHEMBL3652823,IC50,8.3
4808185,COc1cc(OCCN2CCCC2)ccc1Nc3ncc4CCc5nn(C)c(c6ccsc6)c5c4n3,CHEMBL3656679,IC50,8.3
4808195,COc1cc(ccc1Nc2nc(Nc3ccc(F)cc3C(=O)NCCO)c4cc[nH]c4n2)N5CCN(CC5)C(C)C,CHEMBL505983,IC50,8.3
4808206,COc1cc(ccc1Nc2nc(Nc3ccsc3C(=O)N)c4cc[nH]c4n2)N5CCC(CC5)N6CCN(CC6)S(=O)(=O)C,CHEMBL1964269,IC50,8.3
4808216,COc1cc(ccc1Nc2ncc3C(C)Cc4nn(C)c(C(C)C)c4c3n2)C(=O)NC5CCN(C)CC5,CHEMBL3660999,IC50,8.3
4808225,COc1cc(ccc1Nc2ncc3CCc4nn(C)c(Cc5c(Cl)cccc5Cl)c4c3n2)C(=O)NC6CCN(C)CC6,CHEMBL3661000,IC50,8.3
4808234,COc1cc(ccc1Nc2ncc3CCc4nn(C)c(c5ccccc5)c4c3n2)C(=O)NC6CCN(CC6)C7CC7,CHEMBL3660911,IC50,8.3
4808243,COc1cc(ccc1Nc2ncc3CCc4nn(C)c(c5ccccc5)c4c3n2)C(=O)NC6CCN(CCO)CC6,CHEMBL3660910,IC50,8.3
4808252,COc1ccc(Cc2c3c(CCc4cnc(Nc5ccc(cc5OC)N6CCN(C)CC6)nc34)nn2C)cc1,CHEMBL3656538,IC50,8.3
4808261,COc1cccc(Cc2c3c(CCc4cnc(Nc5ccn(C)n5)nc34)nn2C)c1,CHEMBL3656681,IC50,8.3
4808270,COc1ccccc1Cc2c3c(CCc4cnc(Nc5ccn(CCN(C)C)n5)nc34)nn2C,CHEMBL3656684,IC50,8.3
4808279,Cn1nc2CCc3cnc(Nc4ccn(Cc5ccncc5)n4)nc3c2c1Cc6ccccc6Cl,CHEMBL3656687,IC50,8.3
4808289,Nc1nccn2c(nc(c3ccc4ccc(nc4c3F)c5ccccc5)c12)[C@@H]6CC[C@H](CC6)C(=O)Nc7ccccn7,CHEMBL1667945,IC50,8.3
4808300,Nc1nccn2c(nc(c3ccc4ccc(nc4c3F)c5ccccc5)c12)[C@@H]6CC[C@H](CC6)C(=O)Nc7ccn[nH]7,CHEMBL1667942,IC50,8.3
4808311,Nc1nccn2c(nc(c3ccc4ccc(nc4c3F)c5ccccc5)c12)[C@@H]6CC[C@H](CC6)C(=O)Nc7nncs7,CHEMBL1667941,IC50,8.3
4808321,O[C@@H]1C[C@H](N(C1)c2nc(Nc3cc(n[nH]3)C4CC4)c5cccn5n2)C(=O)Nc6nccs6,CHEMBL3655749,IC50,8.3
4808331,Nc1ncnc2c1c(cn2[C@@H]3C[C@H](CN4CC[S+]([O-])CC4)C3)c5cccc(OCC67CCC(CC6)O7)c5F,CHEMBL3787360,IC50,8.37
516372,CN1CCN(CC1)[C@@H]2CC[C@H](CC2)n3nc(c4ccc(Nc5oc6c(Cl)cccc6n5)cc4Cl)c7c(N)ncnc37,CHEMBL1256435,IC50,8.39
4808342,CC(=O)N1CCC(CC1)n2cc(Nc3ncc4CCc5nn(C)c(Cc6cccc(C)c6)c5c4n3)cn2,CHEMBL3656678,IC50,8.4
4808351,CC1Cc2nn(C)c(c3ccccc3Cl)c2c4nc(Nc5cc(C)n(C)n5)ncc14,CHEMBL3652840,IC50,8.4
4808360,CCOc1cc(ccc1Nc2ncc3CCc4nn(C)c(Cc5ccccc5)c4c3n2)N6CCN(CC6)C(=O)C,CHEMBL3652815,IC50,8.4
4808370,CCOc1cc(nc2cc(ccc12)c3nc([C@@H]4C[C@](C)(O)C4)n5ccnc(N)c35)c6ccccc6,CHEMBL3037909,IC50,8.4
4808380,CN(C)CCNC(=O)c1cc2cccc(Nc3ncc4CCc5nn(C)c(Cc6ccccc6)c5c4n3)c2s1,CHEMBL3660959,IC50,8.4
4808390,CN(C)CCNC(=O)c1ccc(cc1)c2cnc3[nH]cc(c4cccc(NC(=O)Nc5ccccc5Oc6ccccc6)c4)c3c2,CHEMBL564255,IC50,8.4
4808401,CN(C)CCNC(=O)c1cccc(c1)c2cnc3[nH]cc(c4cccc(NC(=O)Nc5ccccc5Oc6ccccc6)c4)c3c2,CHEMBL542008,IC50,8.4
4808411,CN(C)CCn1ccc(Nc2ncc3CCc4nn(C)c(Cc5cccc(C)c5)c4c3n2)n1,CHEMBL3656677,IC50,8.4
4808420,CN(C)CCn1ccc(Nc2ncc3CCc4nn(C)c(Cc5ccccc5)c4c3n2)n1,CHEMBL3656673,IC50,8.4
4808429,COCCn1cc(Nc2ncc3CCc4nn(C)c(Cc5ccccc5C)c4c3n2)cn1,CHEMBL3656676,IC50,8.4
4808438,COCCn1ccc(Nc2ncc3CCc4nn(C)c(Cc5cccc(OC(F)F)c5)c4c3n2)n1,CHEMBL3656675,IC50,8.4
4808448,COc1c(Nc2nc(Nc3cccc(F)c3C(=O)N)c4cc[nH]c4n2)ccc(N5CCN(CC5)C(C)C)c1F,CHEMBL473254,IC50,8.4
1739558,COc1cc(ccc1Nc2ncc(Cl)c(n2)c3cnc4ccccn34)N5CC6CN(CCO)CC(C5)O6,CHEMBL1809059,IC50,8.4
4808460,COc1cc(ccc1Nc2ncc3CCc4nn(C)c(C(C)C)c4c3n2)C(=O)NC5CCN(C)CC5,CHEMBL3656624,IC50,8.4
4808469,COc1cc(ccc1Nc2ncc3CCc4nn(C)c(C(C)c5ccccc5)c4c3n2)N6CCN(C)CC6,CHEMBL3652850,IC50,8.4
4808478,COc1cc(ccc1Nc2ncc3CCc4nn(C)c(c5ccccc5)c4c3n2)C(=O)NCCCN(C)C,CHEMBL3660905,IC50,8.4
4808487,COc1cc(ccc1Nc2ncc3CCc4nn(C)c(c5ccccc5)c4c3n2)C(=O)N[C@@H]6CN7CCC6CC7,CHEMBL3660990,IC50,8.4
4808496,COc1cc(ccc1Nc2ncc3CCc4nn(C)c(c5ccccc5)c4c3n2)C(=O)N[C@H]6CN7CCC6CC7,CHEMBL3660903,IC50,8.4
4808505,COc1cc(ccc1Nc2ncc3CCc4nn(C)c(c5ccccc5C)c4c3n2)C(=O)NC6CCN(CC6)C7CCOCC7,CHEMBL3660972,IC50,8.4
4808514,COc1cc(ccc1Nc2ncc3CCc4nn(C)c(c5ccccc5C)c4c3n2)C(=O)NC6CCN(CCO)CC6,CHEMBL3660969,IC50,8.4
4808523,COc1cc(ccc1Nc2ncc3CCc4nn(C)c(c5ccccc5C)c4c3n2)C(=O)NC6CN(C)C6,CHEMBL3660975,IC50,8.4
4808532,COc1cc(ccc1Nc2ncc3CCc4nn(C)c(c5ccccc5Cl)c4c3n2)C(=O)NC6CCN(Cc7ccncc7)CC6,CHEMBL3660928,IC50,8.4
4808542,COc1cc(ccc1Nc2nccc(n2)c3c(nc4ccccn34)c5cccc(c5)C(=O)Nc6c(F)cccc6F)N7CCC(CC7)N8C[C@@H](C)O[C@@H](C)C8,CHEMBL454796,IC50,8.4
4808553,COc1cc(nc2c(F)c(ccc12)c3nc([C@@H]4C[C@](C)(O)C4)n5ccnc(N)c35)c6ccccc6,CHEMBL3037912,IC50,8.4
4808564,COc1cc2CCN(C(=O)CCN3CCN(CC3)C(C)C)c2cc1Nc4nc(Nc5cccc(F)c5C(=O)N)c6cc[nH]c6n4,CHEMBL450919,IC50,8.4
4808575,COc1cc2CCN(C(=O)CN)c2cc1Nc3nc(Nc4cccc(F)c4C(=O)N)c5cc[nH]c5n3,CHEMBL517729,IC50,8.4
1728303,COc1ccc(NC(=O)\C=C\CN(C)C)cc1Nc2ncc(Cl)c(n2)c3cnn4ccccc34,CHEMBL2426288,IC50,8.4
4808587,COc1ccc(c(Cl)c1)c2c3c(CCc4cnc(Nc5ccccc5)nc34)nn2C,CHEMBL3656607,IC50,8.4
4808597,COc1ccc(cc1Nc2nc(Nc3cccc(F)c3C(=O)N)c4cc[nH]c4n2)N5CCN(CC5)C(C)C,CHEMBL516816,IC50,8.4
4808607,COc1cccc(Cc2c3c(CCc4cnc(Nc5cnn(CCN(C)C)c5)nc34)nn2C)c1,CHEMBL3656671,IC50,8.4
4808617,C[C@]1(CCCN1c2nc(Nc3cc([nH]n3)C4CC4)c5cccn5n2)C(=O)Nc6nccs6,CHEMBL577385,IC50,8.4
4808626,Cn1cc(Nc2ncc3CCc4nn(C)c(c5ccccc5)c4c3n2)cn1,CHEMBL3656674,IC50,8.4
4808636,Fc1cccc(F)c1NC(=O)c2cccc(c2)c3nc4ccccn4c3c5ccnc(Nc6ccc(CCN7CCOCC7)cc6)n5,CHEMBL500003,IC50,8.4
4808647,Nc1ccccc1NC(=O)[C@@H]2CC[C@H](CC2)c3nc(c4ccc5ccc(nc5c4F)c6ccccc6)c7c(N)nccn37,CHEMBL1667947,IC50,8.4
4808658,COc1cc(Nc2nccc(Nc3cnc4ccccc4c3)n2)ccc1OCCCN5CCCCC5,CHEMBL1760058,IC50,8.42
4808669,COc1cc(Nc2nccc(Nc3ccc4ncccc4c3)n2)cc(OC)c1OC,CHEMBL1760041,IC50,8.48
4808680,CCCN1CCC=C(C1)c2ccc(Nc3nc(Nc4cc(F)ccc4C(=O)N)c5cc[nH]c5n3)c(OC(C)C)c2,CHEMBL473669,IC50,8.5
4808691,CNC(=O)c1cc(F)ccc1Nc2nc(Nc3ccc(cc3OC)N4CCN(CC4)C(C)C)nc5[nH]ccc25,CHEMBL515602,IC50,8.5
4808702,COc1cc(N2CCN(CC2)C(C)C)c(OC)cc1Nc3nc(Nc4cccc(F)c4C(=O)N)c5cc[nH]c5n3,CHEMBL475286,IC50,8.5
2438710,COc1cc(ccc1Nc2ncc(Cl)c(Nc3ccccc3P(=O)(C)C)n2)N4CCC(CC4)N(C)C,CHEMBL3397300,IC50,8.5
4808714,CC(=O)N1CCC(CC1)n2cc(Nc3ncc4CCc5nn(C)c(Cc6ccccc6)c5c4n3)cn2,CHEMBL3656664,IC50,8.52
4808723,CC(=O)N1CCC(CC1)n2cc(Nc3ncc4CCc5nn(C)c(c6ccc(OC(F)F)cc6)c5c4n3)cn2,CHEMBL3656670,IC50,8.52
4808732,CC(C)n1ccc(Nc2ncc3C(C)Cc4nn(C)c(c5ccccc5Cl)c4c3n2)n1,CHEMBL3652839,IC50,8.52
4808741,CC1Cc2nn(C)c(c3ccccc3Cl)c2c4nc(Nc5cc(C)nn5C)ncc14,CHEMBL3652842,IC50,8.52
4808750,CCN1CCC(CC1)NC(=O)c2ccc(Nc3ncc4CCc5nn(C)c(c6ccccc6)c5c4n3)c(OC)c2,CHEMBL3660907,IC50,8.52
4808759,CCn1ccc(Nc2ncc3CCc4nn(C)c(Cc5ccccc5)c4c3n2)n1,CHEMBL3656665,IC50,8.52
4808768,CN(C)CCn1ccc(Nc2ncc3CCc4nn(C)c(c5cccc(Cl)c5)c4c3n2)n1,CHEMBL3656668,IC50,8.52
4808777,CN(C)CCn1ccc(Nc2ncc3CCc4nn(C)c(c5ccccc5)c4c3n2)n1,CHEMBL3656666,IC50,8.52
4808786,COCCN(C)CCn1ccc(Nc2ncc3CCc4nn(C)c(c5ccccc5)c4c3n2)n1,CHEMBL3656663,IC50,8.52
4808795,COCCNC(=O)c1ccc(Nc2ncc3CCc4nn(C)c(c5ccccc5Cl)c4c3n2)c(OC)c1,CHEMBL3660979,IC50,8.52
4808804,COCCn1ccc(Nc2ncc3C(C)Cc4nn(C)c(c5ccccc5)c4c3n2)n1,CHEMBL3656669,IC50,8.52
4808813,COCCn1ccc(Nc2ncc3CCc4nn(C)c(c5sccc5C)c4c3n2)n1,CHEMBL3656661,IC50,8.52
4808822,COc1cc(ccc1Nc2ncc3C(C)Cc4nn(C)c(c5ccccc5Cl)c4c3n2)C(=O)N[C@@H]6CC[C@H](CC6)N7CCN(CC8CC8)CC7,CHEMBL3660940,IC50,8.52
4808831,COc1cc(ccc1Nc2ncc3CCc4nn(C)c(c5ccccc5)c4c3n2)C(=O)NC6CC7CC(C)CC(C6)N7,CHEMBL3660908,IC50,8.52
4808840,COc1cc(ccc1Nc2ncc3CCc4nn(C)c(c5ccccc5C)c4c3n2)C(=O)NCCCN(C)C,CHEMBL3660974,IC50,8.52
4808849,COc1cc(ccc1Nc2ncc3CCc4nn(C)c(c5ccccc5C)c4c3n2)C(=O)NCCN(C)C,CHEMBL3660968,IC50,8.52
4808858,COc1cc(ccc1Nc2ncc3CCc4nn(C)c(c5ccccc5Cl)c4c3n2)C(=O)NC6CC(C6)N7CCN(CCF)CC7,CHEMBL3660929,IC50,8.52
4808867,COc1cc(ccc1Nc2ncc3CCc4nn(C)c(c5ccccc5Cl)c4c3n2)C(=O)NC6CCN(CC(=O)N)CC6,CHEMBL3660962,IC50,8.52
4808876,COc1cc(ccc1Nc2ncc3CCc4nn(C)c(c5ccccc5Cl)c4c3n2)C(=O)NC6CCN(CC7CC7)CC6,CHEMBL3660931,IC50,8.52
4808885,COc1cc(ccc1Nc2ncc3CCc4nn(C)c(c5ccccc5Cl)c4c3n2)C(=O)NC6CCN(Cc7cccnc7)CC6,CHEMBL3660930,IC50,8.52
4808894,COc1cc(ccc1Nc2ncc3CCc4nn(C)c(c5ccccc5Cl)c4c3n2)N6CCN(CC6)C(=O)C,CHEMBL3652816,IC50,8.52
4808903,COc1cc(ccc1Nc2ncc3CCc4nn(C)c(c5ccsc5)c4c3n2)N6CCN(C)CC6,CHEMBL3656636,IC50,8.52
4808913,COc1cc(ccc1Nc2nccc(n2)c3c(nc4ccccn34)c5cccc(c5)C(=O)Nc6c(F)cccc6F)N7CCC(CC7)N8CCN(CC8)C(=O)C,CHEMBL447639,IC50,8.52
4808923,COc1ccc(cc1)c2c3c(CCc4cnc(Nc5cnn(C)c5)nc34)nn2C,CHEMBL3656672,IC50,8.52
4808933,C[C@]1(CCCN1c2nc(Nc3cc([nH]n3)C4CC4)c5cccn5n2)C(=O)Nc6cnccn6,CHEMBL575447,IC50,8.52
4808943,Cn1nc2CCc3cnc(Nc4ccn(CCN5CCCC5)n4)nc3c2c1c6ccccc6,CHEMBL3656662,IC50,8.52
4808952,F[C@H]1C[C@H](N(C1)c2nc(Nc3cc(n[nH]3)C4CC4)c5cccn5n2)C(=O)Nc6ncns6,CHEMBL3655761,IC50,8.52
4808961,O[C@H]1C[C@H](N(C1)c2nc(Nc3cc(n[nH]3)C4CC4)c5cccn5n2)C(=O)Nc6ncns6,CHEMBL3655755,IC50,8.52
26279,COc1cc(ccc1Nc2ncc(Cl)c(Nc3ccccc3S(=O)(=O)C(C)C)n2)N4CCC(CC4)N5CCN(C)CC5,CHEMBL509032,Kd,8.57
4808973,Fc1ccc(NC(=O)[C@@H]2CCCN2c3nc(Nc4cc([nH]n4)C5CC5)c6cccn6n3)cn1,CHEMBL1222709,IC50,8.57
4808984,COc1cc(Nc2nccc(Nc3ccc4ccccc4c3)n2)cc(OC)c1OC,CHEMBL1760036,IC50,8.66
4808994,CC1(CC1)c2cc(Nc3nc(nn4cccc34)N5C[C@@H](O)C[C@H]5C(=O)Nc6cnccn6)[nH]n2,CHEMBL3655754,IC50,8.7
4809003,CC1Cc2nn(C)c(Cc3ccccc3Cl)c2c4nc(Nc5cnn(c5)C6CCNCC6)ncc14,CHEMBL3661003,IC50,8.7
4809012,CC1Cc2nn(C)c(c3ccccc3)c2c4nc(Nc5ccn(CCN(C)C)n5)ncc14,CHEMBL3656659,IC50,8.7
4809022,CCN(CC)CC(=O)N1CCc2cc(OC)c(Nc3nc(Nc4cccc(F)c4C(=O)N)c5cc[nH]c5n3)cc12,CHEMBL464757,IC50,8.7
4809032,CCOc1cc(ccc1Nc2ncc3CCc4nn(C)c(Cc5ccccc5)c4c3n2)N6CCN(CC6)C(=O)N(C)C,CHEMBL3661015,IC50,8.7
4809041,CCn1ccc(Nc2ncc3CCc4nn(C)c(c5ccccc5Cl)c4c3n2)n1,CHEMBL3652829,IC50,8.7
4809051,CN(C)CCCc1ccc(Nc2nccc(n2)c3c(nc4ccccn34)c5cccc(c5)C(=O)Nc6c(F)cccc6F)cc1,CHEMBL447668,IC50,8.7
4809061,CN(C)CCn1ccc(Nc2ncc3CCc4nn(C)c(Cc5cccc6ccccc56)c4c3n2)n1,CHEMBL3656660,IC50,8.7
4809070,CN(C)CCn1ccc(Nc2ncc3CCc4nn(C)c(c5sccc5C)c4c3n2)n1,CHEMBL3656654,IC50,8.7
4809079,CN1CCC(CC1)NC(=O)c2ccc(Nc3ncc4CCc5nn(C)c(Cc6ccccc6)c5c4n3)c(Cl)c2,CHEMBL3660953,IC50,8.7
4809089,CNCC(=O)N1CCc2cc(OC)c(Nc3nc(Nc4cccc(F)c4C(=O)N)c5cc[nH]c5n3)cc12,CHEMBL461018,IC50,8.7
4809099,COCCN1CCC(CC1)NC(=O)c2ccc(Nc3ncc4CCc5nn(C)c(c6ccccc6Cl)c5c4n3)c(OC)c2,CHEMBL3660918,IC50,8.7
4809108,COCCn1cc(Nc2ncc3CCc4nn(C)c(c5sccc5C)c4c3n2)cn1,CHEMBL3656655,IC50,8.7
4809117,COCCn1ccc(Nc2ncc3CCc4nn(C)c(Cc5ccccc5Cl)c4c3n2)n1,CHEMBL3656657,IC50,8.7
4809126,CO[C@H]1C[C@H](N(C1)c2nc(Nc3cc(n[nH]3)C4CC4)c5cccn5n2)C(=O)Nc6ncns6,CHEMBL3655753,IC50,8.7
1721302,COc1cc(N2CCN(C)CC2)c(NC(=O)C=C)cc1Nc3ncc(Cl)c(n3)c4cnn5ccccc45,CHEMBL2426277,IC50,8.7
4809138,COc1cc(N2CCN(CC2)C(C)C)c(C)cc1Nc3nc(Nc4cccc(F)c4C(=O)N)c5cc[nH]c5n3,CHEMBL475884,IC50,8.7
4809149,COc1cc(N2CCN(CC2)C(C)C)c(F)cc1Nc3nc(Nc4cccc(F)c4C(=O)N)c5cc[nH]c5n3,CHEMBL475883,IC50,8.7
4809159,COc1cc(OCCN2CCCC2)ccc1Nc3ncc4CCc5nn(C)c(c6ccc(C)cc6C)c5c4n3,CHEMBL3656557,IC50,8.7
4809168,COc1cc(OCCN2CCCC2)ccc1Nc3ncc4CCc5nn(C)c(c6ccc(F)cc6Cl)c5c4n3,CHEMBL3656617,IC50,8.7
2438809,COc1cc(ccc1Nc2nc(Nc3cccc(F)c3C(=O)N)c4cc[nH]c4n2)N5CCN(CC5)C(C)C,CHEMBL507625,IC50,8.7
4809179,COc1cc(ccc1Nc2ncc3C(C)Cc4nn(C)c(c5ccccc5Cl)c4c3n2)C(=O)NC6CCN(CC7CC7)CC6,CHEMBL3660935,IC50,8.7
4809188,COc1cc(ccc1Nc2ncc3C(C)Cc4nn(C)c(c5ccccc5Cl)c4c3n2)C(=O)N[C@@H]6CCC(C6)C7CCOCC7,CHEMBL3660943,IC50,8.7
4809197,COc1cc(ccc1Nc2ncc3C(C)Cc4nn(C)c(c5ccccc5Cl)c4c3n2)C(=O)N[C@@H]6CC[C@H](CC6)N7CCOCC7,CHEMBL3660938,IC50,8.7
4809206,COc1cc(ccc1Nc2ncc3CCc4nn(C)c(Cc5ccccc5)c4c3n2)C(=O)NC6CCN(C)CC6,CHEMBL3652848,IC50,8.7
4809215,COc1cc(ccc1Nc2ncc3CCc4nn(C)c(c5ccc(C)cc5C)c4c3n2)C(=O)NC6CCN(C)CC6,CHEMBL3656560,IC50,8.7
4809224,COc1cc(ccc1Nc2ncc3CCc4nn(C)c(c5ccc(F)cc5Cl)c4c3n2)C(=O)NC6CCN(C)CC6,CHEMBL3656621,IC50,8.7
4809233,COc1cc(ccc1Nc2ncc3CCc4nn(C)c(c5cccc(C)c5Cl)c4c3n2)C(=O)NC6CCN(C)CC6,CHEMBL3656616,IC50,8.7
4809242,COc1cc(ccc1Nc2ncc3CCc4nn(C)c(c5ccccc5)c4c3n2)C(=O)NC6CN(C)C6,CHEMBL3660966,IC50,8.7
4809251,COc1cc(ccc1Nc2ncc3CCc4nn(C)c(c5ccccc5)c4c3n2)N6CCN(C)CC6,CHEMBL3652825,IC50,8.7
4809260,COc1cc(ccc1Nc2ncc3CCc4nn(C)c(c5ccccc5C)c4c3n2)C(=O)NC6CCN(C)CC6,CHEMBL3656545,IC50,8.7
4809269,COc1cc(ccc1Nc2ncc3CCc4nn(C)c(c5ccccc5Cl)c4c3n2)C(=O)NC6CC(C6)N7CCOCC7,CHEMBL3660933,IC50,8.7
4809278,COc1cc(ccc1Nc2ncc3CCc4nn(C)c(c5ccccc5Cl)c4c3n2)C(=O)NC6CCC(CC6)N(C)C,CHEMBL3660921,IC50,8.7
4809287,COc1cc(ccc1Nc2ncc3CCc4nn(C)c(c5ccccc5Cl)c4c3n2)C(=O)NC6CCN(CC6)C7CC7,CHEMBL3660917,IC50,8.7
4809296,COc1cc(ccc1Nc2ncc3CCc4nn(C)c(c5ccccc5Cl)c4c3n2)C(=O)NCC(=O)N6CCN(C)CC6,CHEMBL3660927,IC50,8.7
4809305,COc1cc(ccc1Nc2ncc3CCc4nn(C)c(c5ccccc5Cl)c4c3n2)C(=O)NCCN6CCOCC6,CHEMBL3660924,IC50,8.7
4809314,COc1cc(ccc1Nc2ncc3CCc4nn(C)c(c5ccccc5Cl)c4c3n2)C(=O)N[C@@H]6CCN(C6)C7CCN(C)CC7,CHEMBL3660920,IC50,8.7
4809323,COc1cc(ccc1Nc2ncc3CCc4nn(C)c(c5ccccc5Cl)c4c3n2)C(=O)N[C@@H]6CCN(C6)C7CCOCC7,CHEMBL3660963,IC50,8.7
4809332,COc1cc(ccc1Nc2ncc3CCc4nn(C)c(c5ccccc5Cl)c4c3n2)C(=O)N[C@@H]6CC[C@H](CC6)N7CCN(CC8CC8)CC7,CHEMBL3660978,IC50,8.7
4809342,COc1cc(ccc1Nc2nccc(n2)c3c(nc4ccccn34)c5cccc(c5)C(=O)Nc6c(F)cccc6F)N7CCC(CC7)N8CCCC8,CHEMBL502198,IC50,8.7
4809353,COc1cc(ccc1Nc2nccc(n2)c3c(nc4ccccn34)c5cccc(c5)C(=O)Nc6c(F)cccc6F)N7CCC(CC7)N8CCCCC8,CHEMBL506862,IC50,8.7
4809364,COc1cc(ccc1Nc2nccc(n2)c3c(nc4ccccn34)c5cccc(c5)C(=O)Nc6c(F)cccc6F)N7CCC(CC7)N8CCOCC8,CHEMBL502652,IC50,8.7
4809375,COc1cc(ccc1Nc2nccc(n2)c3c(nc4ccccn34)c5cccc(c5)C(=O)Nc6c(F)cccc6F)N7CCC(CC7)N8CC[C@@H](F)C8,CHEMBL508627,IC50,8.7
4809385,COc1ccccc1Cc2c3c(CCc4cnc(Nc5ccc(cc5OC)C(=O)NC6CCN(C)CC6)nc34)nn2C,CHEMBL3652865,IC50,8.7
4809394,Cc1ccsc1c2c3c(CCc4cnc(Nc5ccccc5)nc34)nn2C,CHEMBL3656653,IC50,8.7
4809403,Cc1nnn(n1)[C@H]2C[C@H](N(C2)c3nc(Nc4cc(n[nH]4)C5CC5)c6cccn6n3)C(=O)Nc7ccc(F)nc7,CHEMBL3655759,IC50,8.7
4809412,Cn1nc2CCc3cnc(Nc4ccccc4)nc3c2c1c5ccccc5Cl,CHEMBL3652820,IC50,8.7
4809421,Cn1nc2CCc3cnc(Nc4ccn(CCN5CCOCC5)n4)nc3c2c1c6ccccc6,CHEMBL3656656,IC50,8.7
4809430,Cn1nccc1Nc2ncc3CCc4nn(C)c(c5ccccc5Cl)c4c3n2,CHEMBL3652822,IC50,8.7
4809439,F[C@@H]1C[C@H](N(C1)c2nc(Nc3cc(n[nH]3)C4CC4)c5cccn5n2)C(=O)Nc6ncns6,CHEMBL3655757,IC50,8.7
4809449,Fc1cccc(F)c1NC(=O)c2cccc(c2)c3nc4ccccn4c3c5ccnc(Nc6ccc(cc6)N7CCC(CC7)N8CCCCC8)n5,CHEMBL453438,IC50,8.7
4809460,Nc1nccn2c(nc(c3ccc4ccc(nc4c3F)c5ccccc5)c12)[C@@H]6CC[C@H](CC6)C(=O)Nc7nccs7,CHEMBL1667943,IC50,8.7
4809471,O=C(Nc1nccs1)[C@@H]2CCCN2c3nc(Nc4cc([nH]n4)C5CC5)c6cccn6n3,CHEMBL584355,IC50,8.7
4809481,O[C@H]1C[C@H](N(C1)c2nc(Nc3cc(n[nH]3)C4CC4)c5cccn5n2)C(=O)Nc6cnccn6,CHEMBL3655747,IC50,8.7
2438634,COc1cc(ccc1Nc2ncc(Cl)c(Nc3ccccc3S(=O)(=O)N(C)C)n2)N4CCC(CC4)N5CCN(C)CC5,CHEMBL3822672,IC50,8.71
2438988,COc1cc(ccc1Nc2ncc(Cl)c(Nc3ccccc3S(=O)(=O)C(C)C)n2)P(=O)(C)C,CHEMBL3824304,IC50,8.72
4809495,CCCN1CCC=C(C1)c2ccc(Nc3nc(Nc4ccccc4C(=O)N)c5cc[nH]c5n3)c(F)c2,CHEMBL1964272,IC50,8.8
4809506,CCCN1CCC=C(C1)c2ccc(Nc3nc(Nc4ccccc4C(=O)N)c5cc[nH]c5n3)cc2,CHEMBL476451,IC50,8.8
4809517,CCCN1CCN(CC1)c2ccc(Nc3nc(Nc4cc(F)ccc4C(=O)N)c5cc[nH]c5n3)c(OC)c2,CHEMBL476059,IC50,8.8
4809528,COc1cc(N2CCN(CC2)C(C)C)c(Cl)cc1Nc3nc(Nc4cccc(F)c4C(=O)N)c5cc[nH]c5n3,CHEMBL514615,IC50,8.8
4809539,COc1cc(ccc1Nc2nc(Nc3cc(F)ccc3C(=O)N)c4cc[nH]c4n2)N5CCOCC5,CHEMBL477950,IC50,8.8
4809550,COc1cc(ccc1Nc2nc(Nc3ccsc3C(=O)N)c4cc[nH]c4n2)N5CCN(CC5)C(C)C,CHEMBL514718,IC50,8.8
2438592,COc1cc(ccc1Nc2ncc(Cl)c(Nc3ccccc3C(=O)N)n2)N4CCC(CC4)N5CCN(C)CC5,CHEMBL3824246,IC50,8.85
2438229,COc1cc(ccc1Nc2ncc(Cl)c(Nc3ccccc3C(=O)C)n2)N4CCC(CC4)N5CCN(C)CC5,CHEMBL3824301,IC50,8.88
4809565,CCCN1CCC(CC1)c2ccc(Nc3nc(Nc4ccsc4C(=O)N)c5cc[nH]c5n3)c(OC)c2,CHEMBL515846,IC50,8.89
4809576,COc1cc(ccc1Nc2nc(Nc3ccc(F)c(F)c3C(=O)N)c4cc[nH]c4n2)N5CCN(CC5)C(C)C,CHEMBL463932,IC50,8.89
4809586,CC1(CC1)c2cc(Nc3nc(nn4cccc34)N5C[C@@H](O)C[C@H]5C(=O)Nc6ncns6)[nH]n2,CHEMBL3655756,IC50,9.0
4809595,CC1Cc2nn(C)c(Cc3ccccc3Cl)c2c4nc(Nc5cnn(c5)C6CCN(CC6)C7CCN(CC7)C(=O)C)ncc14,CHEMBL3661012,IC50,9.0
4809604,CC1Cc2nn(C)c(Cc3ccccc3Cl)c2c4nc(Nc5cnn(c5)C6CCN(CC6)C7CCOCC7)ncc14,CHEMBL3661011,IC50,9.0
4809613,CC1Cc2nn(C)c(Cc3ccccc3Cl)c2c4nc(Nc5cnn(c5)C6CCN(CCO)CC6)ncc14,CHEMBL3661013,IC50,9.0
4809622,CC1Cc2nn(C)c(c3ccccc3)c2c4nc(Nc5cnn(c5)C6CCN(CC6)C(=O)C)ncc14,CHEMBL3656651,IC50,9.0
4809631,CC1Cc2nn(C)c(c3ccccc3Cl)c2c4nc(Nc5ccn(C)n5)ncc14,CHEMBL3652841,IC50,9.0
4809640,CCN1CCC(CC1)NC(=O)c2ccc(Nc3ncc4C(C)Cc5nn(C)c(c6ccccc6Cl)c5c4n3)c(OC)c2,CHEMBL3660936,IC50,9.0
4809649,CCN1CCN(CC1)c2ccc(Nc3ncc4CCc5nn(C)c(Cc6cccc(Cl)c6)c5c4n3)c(OC)c2,CHEMBL3661010,IC50,9.0
4809659,CN(C)CCOc1cccc(Nc2nccc(n2)c3c(nc4ccccn34)c5cccc(c5)C(=O)Nc6c(F)cccc6F)c1,CHEMBL448668,IC50,9.0
4809670,CN(C)C[C@H](O)COc1cccc(Nc2nccc(n2)c3c(nc4ccccn34)c5cccc(c5)C(=O)Nc6c(F)cccc6F)c1,CHEMBL500198,IC50,9.0
4809680,CN1CCN(CCn2ccc(Nc3ncc4CCc5nn(C)c(c6ccccc6)c5c4n3)n2)CC1,CHEMBL3656650,IC50,9.0
4809689,COCCN1CCC(CC1)NC(=O)c2ccc(Nc3ncc4C(C)Cc5nn(C)c(c6ccccc6Cl)c5c4n3)c(OC)c2,CHEMBL3660937,IC50,9.0
4809698,COCCn1ccc(Nc2ncc3CCc4nn(C)c(Cc5ccccc5C)c4c3n2)n1,CHEMBL3656652,IC50,9.0
4809707,COCCn1ccc(Nc2ncc3[C@H](C)Cc4nn(C)c(c5ccccc5)c4c3n2)n1,CHEMBL3656634,IC50,9.0
4809716,CO[C@@H]1C[C@H](N(C1)c2nc(Nc3cc(n[nH]3)C4CC4)c5cccn5n2)C(=O)Nc6ccc(F)nc6,CHEMBL3655750,IC50,9.0
4809725,CO[C@H]1C[C@H](N(C1)c2nc(Nc3cc(n[nH]3)C4CC4)c5cccn5n2)C(=O)Nc6ccc(F)nc6,CHEMBL3655752,IC50,9.0
4809734,COc1cc(OCCN2CCCC2)ccc1Nc3ncc4CCc5nn(C)c(c6cccc(C)c6Cl)c5c4n3,CHEMBL3656612,IC50,9.0
4809743,COc1cc(OCCN2CCCC2)ccc1Nc3ncc4CCc5nn(C)c(c6ccccc6C)c5c4n3,CHEMBL3656542,IC50,9.0
4809753,COc1cc(ccc1Nc2nc(Nc3ccccc3C(=O)N)c4cc[nH]c4n2)N5CCN(CC5)C(C)C,CHEMBL514828,IC50,9.0
4809763,COc1cc(ccc1Nc2ncc3C(C)Cc4nn(C)c(c5ccccc5Cl)c4c3n2)C(=O)NC6CCN(C)CC6,CHEMBL3656623,IC50,9.0
4809772,COc1cc(ccc1Nc2ncc3C(C)Cc4nn(C)c(c5ccccc5Cl)c4c3n2)C(=O)NC6CCN(CC6)C(C)(C)C,CHEMBL3660934,IC50,9.0
4809781,COc1cc(ccc1Nc2ncc3C(C)Cc4nn(C)c(c5ccccc5Cl)c4c3n2)C(=O)NC6CCN(CC6)C7CCOCC7,CHEMBL3660941,IC50,9.0
4809790,COc1cc(ccc1Nc2ncc3C(C)Cc4nn(C)c(c5ccccc5Cl)c4c3n2)C(=O)NC6CCN(CCO)CC6,CHEMBL3660939,IC50,9.0
4809799,COc1cc(ccc1Nc2ncc3C(C)Cc4nn(C)c(c5ccccc5Cl)c4c3n2)C(=O)NC6CN(C)C6,CHEMBL3660942,IC50,9.0
4809808,COc1cc(ccc1Nc2ncc3CCc4nn(C)c(Cc5cccc(Cl)c5)c4c3n2)N6CCN(CC6)C7CCN(CC7)C(=O)C,CHEMBL3661008,IC50,9.0
4809817,COc1cc(ccc1Nc2ncc3CCc4nn(C)c(Cc5cccc(Cl)c5)c4c3n2)N6CCN(CC6)C7CCOCC7,CHEMBL3661007,IC50,9.0
4809826,COc1cc(ccc1Nc2ncc3CCc4nn(C)c(Cc5ccccc5)c4c3n2)N6CCN(C)CC6,CHEMBL3652849,IC50,9.0
4809835,COc1cc(ccc1Nc2ncc3CCc4nn(C)c(c5ccc(C)cc5C)c4c3n2)N6CCN(C)CC6,CHEMBL3656559,IC50,9.0
4809844,COc1cc(ccc1Nc2ncc3CCc4nn(C)c(c5ccc(F)cc5Cl)c4c3n2)N6CCN(C)CC6,CHEMBL3656619,IC50,9.0
4809853,COc1cc(ccc1Nc2ncc3CCc4nn(C)c(c5cccc(C)c5Cl)c4c3n2)N6CCN(C)CC6,CHEMBL3656614,IC50,9.0
4809862,COc1cc(ccc1Nc2ncc3CCc4nn(C)c(c5ccccc5Cl)c4c3n2)C(=O)NC6CC(C6)N7CCCC7,CHEMBL3660919,IC50,9.0
4809871,COc1cc(ccc1Nc2ncc3CCc4nn(C)c(c5ccccc5Cl)c4c3n2)C(=O)NC6CC(C6)N7CCN(C)CC7,CHEMBL3660932,IC50,9.0
4809880,COc1cc(ccc1Nc2ncc3CCc4nn(C)c(c5ccccc5Cl)c4c3n2)C(=O)NC6CCN(CC6)C(C)(C)C,CHEMBL3660926,IC50,9.0
4809889,COc1cc(ccc1Nc2ncc3CCc4nn(C)c(c5ccccc5Cl)c4c3n2)C(=O)NC6CCN(CC6)C7CCOCC7,CHEMBL3660914,IC50,9.0
4809898,COc1cc(ccc1Nc2ncc3CCc4nn(C)c(c5ccccc5Cl)c4c3n2)C(=O)NCC(C)(C)CN(C)C,CHEMBL3660922,IC50,9.0
4809907,COc1cc(ccc1Nc2ncc3CCc4nn(C)c(c5ccccc5Cl)c4c3n2)C(=O)NCC6CCN(C)CC6,CHEMBL3660925,IC50,9.0
4809916,COc1cc(ccc1Nc2ncc3CCc4nn(C)c(c5ccccc5Cl)c4c3n2)C(=O)NCCN(C)C,CHEMBL3660977,IC50,9.0
4809925,COc1cc(ccc1Nc2ncc3CCc4nn(C)c(c5ccccc5Cl)c4c3n2)C(=O)N[C@H]6CCCN(C6)C7CCOCC7,CHEMBL3660923,IC50,9.0
4809934,COc1cc(ccc1Nc2ncc3CCc4nn(C)c(c5sccc5C)c4c3n2)C(=O)NC6CCN(C)CC6,CHEMBL3660998,IC50,9.0
4809944,COc1cc2CCN(C(=O)CN(C)C)c2cc1Nc3nc(Nc4cccc(F)c4C(=O)N)c5cc[nH]c5n3,CHEMBL461876,IC50,9.0
4809955,COc1cc2CCN(C(=O)CN3CCC3)c2cc1Nc4nc(Nc5cccc(F)c5C(=O)N)c6cc[nH]c6n4,CHEMBL465168,IC50,9.0
4809965,COc1ccccc1Cc2c3c(CCc4cnc(Nc5ccc(OCCN6CCCC6)cc5OC)nc34)nn2C,CHEMBL3652862,IC50,9.0
4809974,COc1ccccc1Cc2c3c(CCc4cnc(Nc5ccc(cc5OC)N6CCN(C)CC6)nc34)nn2C,CHEMBL3652864,IC50,9.0
4809983,Cc1ccsc1c2c3c(CCc4cnc(Nc5cnn(C)c5)nc34)nn2C,CHEMBL3656649,IC50,9.0
4809992,O[C@H]1C[C@H](N(C1)c2nc(Nc3cc(n[nH]3)C4CC4)c5cccn5n2)C(=O)Nc6cccnc6,CHEMBL3639546,IC50,9.0
4810001,COc1cc(ccc1Nc2ncc3CCc4nn(C)c(c5ccccc5C)c4c3n2)N6CCN(C)CC6,CHEMBL3656544,IC50,9.04
4810011,COc1cc(ccc1Nc2nc(Nc3ccc(F)cc3C(=O)N)c4cc[nH]c4n2)N5CCN(CC5)C(C)C,CHEMBL458865,IC50,9.05
4810021,COc1cc(ccc1Nc2ncc3CCc4nn(C)c(c5ccccc5Cl)c4c3n2)C(=O)NC6CCN(C)CC6,CHEMBL3656578,IC50,9.06
4810030,COc1cc(ccc1Nc2ncc3CCc4nn(C)c(c5ccccc5Cl)c4c3n2)C(=O)NC6CN(C)C6,CHEMBL3660980,IC50,9.06
4810040,CCCN1CCC=C(C1)c2ccc(Nc3nc(Nc4cc(F)ccc4C(=O)N)c5cc[nH]c5n3)c(OC)c2,CHEMBL476044,IC50,9.1
4810050,COc1cc(OCCN2CCCC2)ccc1Nc3ncc4C(C)Cc5nn(C)c(c6ccccc6Cl)c5c4n3,CHEMBL3656562,IC50,9.1
4810060,COc1cc(ccc1Nc2nc(Nc3cc(F)cc(F)c3C(=O)N)c4cc[nH]c4n2)N5CCN(CC5)C(C)C,CHEMBL464971,IC50,9.1
4810071,COc1cc(ccc1Nc2nc(Nc3cc(F)ccc3C(=O)N)c4cc[nH]c4n2)N5CCN(CC5)C(C)C,CHEMBL459069,IC50,9.1
4810082,COc1cc2CCN(C(=O)CN(C)C)c2cc1Nc3nc(N4CCc5ccccc45)c6cc[nH]c6n3,CHEMBL458415,IC50,9.1
2438754,COc1cc(ccc1Nc2ncc(Cl)c(Nc3ccccc3S(=O)(=O)C)n2)N4CCC(CC4)N5CCN(C)CC5,CHEMBL3822475,IC50,9.12
4810094,COc1cc(ccc1Nc2ncc3CCc4nn(C)c(c5ccccc5Cl)c4c3n2)C(=O)NCCCN(C)C,CHEMBL3660913,IC50,9.13
4810103,COCCn1cc(Nc2ncc3CCc4nn(C)c(c5sccc5Cl)c4c3n2)cn1,CHEMBL3656648,IC50,9.16
4810112,COc1cc(ccc1Nc2ncc3CCc4nn(C)c([C@@H](C)c5ccccc5)c4c3n2)N6CCN(C)CC6,CHEMBL3652847,IC50,9.16
4810122,COc1cc2CCN(C(=O)CN(C)C)c2cc1Nc3nc(Nc4cccnc4C(=O)N)c5cc[nH]c5n3,CHEMBL514258,IC50,9.16
4810132,CCOc1cc(ccc1Nc2ncc3CCc4nn(C)c(Cc5ccccc5)c4c3n2)N6CCNCC6,CHEMBL3661002,IC50,9.2
4810141,CC(=O)N1CCC(CC1)n2cc(Nc3ncc4CCc5nn(C)c(c6sccc6C)c5c4n3)cn2,CHEMBL3656644,IC50,9.22
4810151,CCCN1CCC=C(C1)c2ccc(Nc3nc(Nc4ccccc4C(=O)N)c5cc[nH]c5n3)c(OC)c2,CHEMBL514868,IC50,9.22
4810161,CCn1ccc(Nc2ncc3CCc4nn(C)c(c5sccc5Cl)c4c3n2)n1,CHEMBL3656646,IC50,9.22
4810170,COCCN1CCN(CCn2ccc(Nc3ncc4CCc5nn(C)c(c6ccccc6)c5c4n3)n2)CC1,CHEMBL3656633,IC50,9.22
4810179,COCCn1ccc(Nc2ncc3CCc4nn(C)c(c5sccc5Cl)c4c3n2)n1,CHEMBL3656645,IC50,9.22
4810188,Cn1nc2CCc3cnc(Nc4ccn(CCN5CCN(CCO)CC5)n4)nc3c2c1c6ccccc6,CHEMBL3656632,IC50,9.22
4810197,Cn1nc2CCc3cnc(Nc4ccn(CCN5CCNCC5)n4)nc3c2c1c6ccccc6,CHEMBL3656647,IC50,9.22
4810206,CCOc1cc(ccc1Nc2ncc3CCc4nn(C)c(Cc5ccccc5)c4c3n2)C(=O)NC6CN(C)C6,CHEMBL3660954,IC50,9.24
4810215,COc1cc(ccc1Nc2ncc3CCc4nn(C)c(c5ccccc5Cl)c4c3n2)C(=O)NC6CCN(CCO)CC6,CHEMBL3660915,IC50,9.27
4810224,CC(=O)N1CCC(CC1)n2cc(Nc3ncc4CCc5nn(C)c(Cc6ccccc6C)c5c4n3)cn2,CHEMBL3656643,IC50,9.3
4810233,CN(C)CCn1ccc(Nc2ncc3CCc4nn(C)c(c5sccc5Cl)c4c3n2)n1,CHEMBL3656642,IC50,9.3
4810243,COc1cc(C)c(NC(=O)CN(C)C)cc1Nc2nc(Nc3cccc(F)c3C(=O)N)c4cc[nH]c4n2,CHEMBL511765,IC50,9.3
4810254,COc1cc(ccc1Nc2nc(Nc3cc(F)c(F)cc3C(=O)N)c4cc[nH]c4n2)N5CCN(CC5)C(C)C,CHEMBL475073,IC50,9.3
4810264,COc1cc(ccc1Nc2ncc3CCc4nn(C)c(Cc5cccc(Cl)c5)c4c3n2)N6CCN(CC6)C(C)C,CHEMBL3661009,IC50,9.3
4810273,COc1ccc(c(Cl)c1)c2c3c(CCc4cnc(Nc5ccc(OCCN6CCCC6)cc5OC)nc34)nn2C,CHEMBL3656606,IC50,9.3
2438581,COc1cc(ccc1Nc2ncc(Cl)c(Nc3ccccc3C(=O)C)n2)P(=O)(C)C,CHEMBL3824326,IC50,9.33
4810284,CCOc1cc(ccc1Nc2ncc3CCc4nn(C)c(Cc5ccccc5)c4c3n2)N6CCN(CC6)C7CCOCC7,CHEMBL3661004,IC50,9.37
4810294,CCCN1CCCC(C1)c2ccc(Nc3nc(Nc4cc(F)ccc4C(=O)N)c5cc[nH]c5n3)c(OC)c2,CHEMBL477069,IC50,9.4
4810304,CN(C)C1CCN(CCn2ccc(Nc3ncc4CCc5nn(C)c(c6ccccc6)c5c4n3)n2)CC1,CHEMBL3656640,IC50,9.4
2438977,COc1cc(ccc1Nc2ncc(Cl)c(Nc3ccccc3S(=O)(=O)C)n2)P(=O)(C)C,CHEMBL3823256,IC50,9.4
4810315,COc1cc(ccc1Nc2ncc3CCc4nn(C)c(Cc5ccccc5Cl)c4c3n2)C(=O)NC6CCN(C)CC6,CHEMBL3660997,IC50,9.4
4810324,COc1ccc(c(Cl)c1)c2c3c(CCc4cnc(Nc5ccc(cc5OC)C(=O)NC6CCN(C)CC6)nc34)nn2C,CHEMBL3656609,IC50,9.4
4810333,COc1ccc(cc1)c2c3c(CCc4cnc(Nc5cnn(c5)C6CCN(CC6)C(=O)C)nc34)nn2C,CHEMBL3656641,IC50,9.4
4810342,Cn1nc2CCc3cnc(Nc4ccccc4)nc3c2c1c5sccc5Cl,CHEMBL3656639,IC50,9.4
4810351,CCOc1cc(ccc1Nc2ncc3CCc4nn(C)c(Cc5ccccc5)c4c3n2)N6CCN(C)CC6,CHEMBL3661005,IC50,9.51
4810361,CCCN1CCC(CC1)c2ccc(Nc3nc(Nc4cc(F)ccc4C(=O)N)c5cc[nH]c5n3)c(OC)c2,CHEMBL476259,IC50,9.52
4810371,CCn1ccc(Nc2ncc3CCc4nn(C)c(c5sccc5C)c4c3n2)n1,CHEMBL3656638,IC50,9.52
4810380,COc1cc(ccc1Nc2ncc3CCc4nn(C)c(c5sccc5Cl)c4c3n2)C(=O)NC6CCN(C)CC6,CHEMBL3660996,IC50,9.52
4810389,COc1ccc(c(Cl)c1)c2c3c(CCc4cnc(Nc5ccc(cc5OC)N6CCN(C)CC6)nc34)nn2C,CHEMBL3656608,IC50,9.52
4810398,Cn1cc(Nc2ncc3CCc4nn(C)c(c5sccc5Cl)c4c3n2)cn1,CHEMBL3639555,IC50,9.52
4810407,COc1cc(ccc1Nc2ncc3CCc4nn(C)c(c5ccccc5Cl)c4c3n2)C(=O)N[C@@H]6CC[C@H](CC6)N7CCOCC7,CHEMBL3660916,IC50,9.57
4810416,CCOc1cc(ccc1Nc2ncc3CCc4nn(C)c(Cc5ccccc5)c4c3n2)N6CCN(CC6)C(C)C,CHEMBL3661006,IC50,9.59
4810425,CC(=O)N1CCC(CC1)n2cc(Nc3ncc4CCc5nn(C)c(c6sccc6Cl)c5c4n3)cn2,CHEMBL3656635,IC50,9.7
4810434,COCCn1ccc(Nc2ncc3CCc4nn(C)c(c5ccc(Cl)cc5)c4c3n2)n1,CHEMBL3656637,IC50,9.7
4810444,COc1cc2c(cc1Nc3nc(Nc4ccsc4C(=O)N)c5cc[nH]c5n3)N(CCC2(C)C)C(=O)CN(C)C,CHEMBL463931,IC50,9.7
4810454,COc1cc(ccc1Nc2ncc3C(C)Cc4nn(C)c(c5ccccc5Cl)c4c3n2)N6CCN(C)CC6,CHEMBL3656563,IC50,9.72
4810463,COc1cc(ccc1Nc2ncc3CCc4nn(C)c(c5ccccc5Cl)c4c3n2)N6CCN(C)CC6,CHEMBL3656576,IC50,9.72
4810472,COc1cc(OCCN2CCCC2)ccc1Nc3ncc4CCc5nn(C)c(c6ccccc6Cl)c5c4n3,CHEMBL3652826,IC50,9.75
2438689,COc1cc(ccc1Nc2ncc(Cl)c(Nc3ccccc3C(=O)N)n2)P(=O)(C)C,CHEMBL3823268,IC50,9.96
