id,smiles,name,assay_type,activity_value
478430,CN(C1=CC2=NN(C)C(C)=C2C=C1)C1=NC(NC2=CC(=C(C)C=C2)S(N)(=O)=O)=NC=C1,pazopanib,N/A,N/A
5492321,CCNCc1ccc(cc1)C(=O)Nc2ncc(Sc3cc(C(=O)N4CCN(CC4)C(=O)C)c(OC)cc3C)s2,CHEMBL210985,IC50,7.54
5492332,CC1(C)CCc2c(C1)[nH]nc2C(=O)Nc3cnn(c3)[C@@H](C4CC[S+]([O-])CC4)c5ccccc5,CHEMBL3426305,IC50,7.55
5492343,CC(CN(C)C)Nc1ccc2[nH]nc(c3cc4ccc(C)cc4[nH]3)c2c1,CHEMBL1684656,IC50,7.57
5492354,CCN(C(=O)c1ccccc1)c2ccc3c(c2)nc(NC(=O)c4oncc4)n3CCC(=O)N,CHEMBL517901,IC50,7.57
5492365,CN(C(=O)c1ccncc1)c2ccc3c(c2)nc(NC(=O)c4ccc(cc4)C#N)n3CCC(=O)N,CHEMBL485201,IC50,7.57
5492376,CN(Cc1ccc2c(c1)nc(NC(=O)c3ccc(cc3)C#N)n2CCCO)C4CCCCC4,CHEMBL486334,IC50,7.57
5492387,CNc1cc(cc(c1)C2=CNC(=O)C(=C2)NC(=O)c3ccc(cc3)N4CCC[C@H]4CN5CCCC5)C#N,CHEMBL1765784,Ki,7.57
5492398,O=C(Nc1cnn(Cc2ccc(cc2)C#N)c1)c3n[nH]c4ccccc34,CHEMBL3263046,Ki,7.57
5492409,CN(C(=O)c1ccccc1)c2ccc3N(CCC(=O)N)\C(=N\C(=O)c4ccc(Br)cc4)\Nc3c2,CHEMBL481361,IC50,7.59
5492420,Cc1ccc2cc([nH]c2c1)c3n[nH]c4ccc(NS(=O)(=O)c5cn(C)cn5)cc34,CHEMBL1684524,IC50,7.59
5492431,CC1(C)CCc2c(C1)[nH]nc2C(=O)Nc3cnn(c3)[C@@H](C4CCS(=O)(=O)C4)c5ccccc5,CHEMBL3426301,IC50,7.6
5492442,CN(C(=O)C1CCCCC1)c2ccc3c(c2)nc(NC(=O)c4cccs4)n3CCCN,CHEMBL233338,IC50,7.6
5492453,CN(C(=O)C1CCCCC1)c2ccc3c(c2)nc(NC(=O)c4ccncc4)n3CCC(=O)N,CHEMBL485402,IC50,7.6
5492465,CN(C(=O)c1ccccc1)c2ccc3c(c2)nc(NC(=O)c4cccs4)n3CCC(=O)N,CHEMBL457886,IC50,7.6
5492476,CN(C)CC[C@@H](c1ccccc1)n2cc(NC(=O)c3n[nH]c4cc(ccc34)c5cn[nH]c5)cn2,CHEMBL3263053,IC50,7.6
5492487,CN(C(=O)c1ccccc1)c2ccc3c(c2)nc(NC(=O)c4ccc(nc4)C#N)n3CCC(=O)N,CHEMBL457705,IC50,7.64
5492498,CNc1cncc(c1)C2=CNC(=O)C(=C2)NC(=O)c3ccc(cc3)N4CCCCC4,CHEMBL1765780,Ki,7.64
5492509,Cc1ccc2cc([nH]c2c1)c3n[nH]c4ccc(NC5CCN(Cc6ccccc6)CC5)cc34,CHEMBL1684543,IC50,7.64
5492520,CC1CCc2c(C1)[nH]nc2C(=O)Nc3cnn(Cc4ccccc4)c3,CHEMBL3298287,Ki,7.66
5492531,CC(C)C(=O)c1ccc(s1)C(=O)\N=C\2/Nc3cc(ccc3N2CCC(=O)N)N(C)C(=O)c4ccccc4,CHEMBL480554,IC50,7.7
5492542,CC(C)CN(C)C(=O)c1ccc2cc([nH]c2c1)c3n[nH]c4ccccc34,CHEMBL1684679,IC50,7.7
5492553,CC(C)c1ccc(NC(=O)c2cccc(c2)c3nn(C4CCCN(C4)C(=O)C=C)c5ncnc(N)c35)cc1,CHEMBL2179788,IC50,7.7
5492564,CN(C(=O)c1ccccc1)c2ccc3N(CCC(=O)N)\C(=N\C(=O)c4ccc(C=O)s4)\Nc3c2,CHEMBL482169,IC50,7.7
5492577,CN(C(=O)c1ccccc1)c2ccc3c(c2)nc(NC(=O)c4ccc(cc4)C#N)n3CCC(=O)N,CHEMBL460824,IC50,7.7
5492588,CNc1cc(F)cc(c1)C2=CNC(=O)C(=C2)NC(=O)c3ccc(cc3)N4CCC[C@H]4CN5CCCC5,CHEMBL1765783,Ki,7.7
5492599,CNc1cncc(c1)C2=CNC(=O)C(=C2)NC(=O)c3ccc(cc3)N4CCC[C@H]4CN5CCCC5,CHEMBL1765782,Ki,7.7
5492610,COCCCn1c(NC(=O)c2cccc(c2)C#N)nc3cc(CN(C)C4CCCCC4)ccc13,CHEMBL519088,IC50,7.7
5492621,COCc1ccc(cc1)C(=O)Nc2ncc(Sc3cc(C(=O)N4CCN(CC4)C(=O)C)c(OC)cc3C)s2,CHEMBL211291,IC50,7.7
5492632,COc1ccc2nc(Nc3cc(nc(N[C@@H]4CC[C@@H](O)CC4)n3)C(F)(F)c5ccc(F)cc5)sc2c1,CHEMBL2441286,Ki,7.7
5492643,C[C@@H](N(C)Cc1ccc2N(CC(C)(C)O)\C(=N\C(=O)c3ccc(s3)c4cn[nH]c4)\Nc2c1)C(C)(C)C,CHEMBL495181,IC50,7.7
5492654,C[C@@H](NCc1ccc2N(CC(C)(C)O)\C(=N\C(=O)c3ccc(s3)c4cn[nH]c4)\Nc2c1)C(C)(C)C,CHEMBL494993,IC50,7.7
5492665,Cn1cncc1CNC(=O)c2ccc3cc([nH]c3c2)c4n[nH]c5ccccc45,CHEMBL1684681,IC50,7.7
5492676,O[C@@H]1CC[C@H](CC1)Nc2cc(cc(Nc3cc([nH]n3)c4ccc(cc4)C(F)(F)F)n2)S(=O)(=O)c5ccccc5,CHEMBL3355734,Ki,7.7
5492687,CN(C(=O)c1ccccc1)c2ccc3N(CCC(=O)N)\C(=N\C(=O)c4ccc(s4)c5ccccn5)\Nc3c2,CHEMBL481721,IC50,7.72
26231,CN[C@@H]1C[C@H]2O[C@@](C)([C@@H]1OC)n3c4ccccc4c5c6CNC(=O)c6c7c8ccccc8n2c7c35,CHEMBL388978,Kd,7.72
5492700,COc1cc(C)c(Sc2cnc(NC(=O)C3CC3)s2)cc1C(=O)N4CCN(CC4)C(=O)CN(C)C,CHEMBL208901,IC50,7.72
5492712,COc1cc(C)c(Sc2cnc(NC(=O)c3ccc(CNC(C)C(C)(C)C)cc3)s2)cc1C(=O)N4CCN(CC4)C(=O)C,CHEMBL209148,IC50,7.72
5492723,CCCN(C(=O)c1ccccc1)c2ccc3c(c2)nc(NC(=O)c4ccc(cc4)C#N)n3CCC(=O)N,CHEMBL462514,IC50,7.75
5492734,CN(C(=O)C1CCCCC1)c2ccc3c(c2)nc(NC(=O)c4ccc(cc4)C#N)n3CCC(=O)N5CCN(C)CC5,CHEMBL444151,IC50,7.75
5492746,CN(C(=O)c1ccccc1)c2ccc3c(c2)nc(NC(=O)c4ccc(Cl)cc4)n3CCC(=O)N,CHEMBL485203,IC50,7.75
5492757,COc1cc(C)c(Sc2cnc(NC(=O)c3ccc(cc3)N(C)C)s2)cc1C(=O)N4CCN(CC4)C(=O)C,CHEMBL379114,IC50,7.75
5492768,CCCCn1c(NC(=O)c2ccc(cc2)C#N)nc3cc(ccc13)N(C)C(=O)C4CCCCC4,CHEMBL484390,IC50,7.8
5492779,CN(C(=O)C1CCCCC1)c2ccc3c(c2)nc(NC(=O)c4ccccc4)n3CCC(=O)N,CHEMBL519698,IC50,7.8
5492790,CNc1nccc(n1)C2=CNC(=O)C(=C2)NC(=O)c3ccc(cc3)N4CCCCC4,CHEMBL1738829,Ki,7.8
5492801,COCCCn1c(NC(=O)c2ccc(cc2)C#N)nc3cc(ccc13)N(C)C(=O)C4CCCCC4,CHEMBL484767,IC50,7.8
5492812,COc1ccc2nc(Nc3cc(nc(N[C@@H]4CC[C@@H](O)CC4)n3)C(F)(F)c5ccc(F)cc5)sc2n1,CHEMBL2441285,Ki,7.8
5492823,Cc1ccc2cc([nH]c2c1)c3n[nH]c4ccc(NC5CCNCC5)cc34,CHEMBL1684541,IC50,7.8
5492834,NC(=O)C1CCN1c2nc(Cc3ccccc3)cc(Nc4cc([nH]n4)C5CCC5)n2,CHEMBL2441278,Ki,7.8
5492845,CN(C(=O)c1ccccc1)c2ccc3N(CCC(=O)N)\C(=N\C(=O)c4ccc(Br)s4)\Nc3c2,CHEMBL481380,IC50,7.82
5492857,CN(C(=O)c1ccccc1)c2ccc3c(c2)nc(NC(=O)c4ccc(C#N)s4)n3CCC(=O)N,CHEMBL457706,IC50,7.82
5492868,CN(C)CC[C@H](c1ccccc1)n2cc(NC(=O)c3n[nH]c4CC(C)(C)CCc34)cn2,CHEMBL3298372,Ki,7.82
5492879,O=C(Nc1cnn(Cc2cccc(c2)C#N)c1)c3n[nH]c4ccccc34,CHEMBL3262780,Ki,7.82
5492890,OC(=O)C1CCN(CC1)C(=O)c2cc(Sc3cnc(Nc4cccc(Br)n4)s3)ccc2O,CHEMBL210123,IC50,7.82
5492901,CC1(C)CCc2c(C1)[nH]nc2C(=O)Nc3cnn(c3)[C@@H](C4CCCCS4(=O)=O)c5ccccc5,CHEMBL3426303,IC50,7.85
5492912,CN(C(=O)c1ccccc1)c2ccc3N(CCC(=O)N)\C(=N\C(=O)c4ccc(Cl)s4)\Nc3c2,CHEMBL481379,IC50,7.85
5492923,CN(C(=O)c1ccccc1)c2ccc3N(CCC(=O)N)\C(=N\C(=O)c4ccc(s4)C(=O)C)\Nc3c2,CHEMBL480573,IC50,7.85
5492934,CN(C(=O)c1ccccc1)c2ccc3N(CCC(=O)N)\C(=N\C(=O)c4ccc(s4)c5cocn5)\Nc3c2,CHEMBL521432,IC50,7.85
5492945,CN(C)C(=O)CCn1c(NC(=O)c2ccc(cc2)C#N)nc3cc(ccc13)N(C)C(=O)C4CCCCC4,CHEMBL483764,IC50,7.85
5492956,COc1cc(C)c(Sc2cnc(NC(=O)c3ccc[nH]3)s2)cc1C(=O)N4CCN(CC4)C(=O)C,CHEMBL209163,IC50,7.85
5492967,Cn1cnc(Nc2cc(cc(N[C@@H]3CC[C@@H](O)CC3)n2)S(=O)(=O)c4ccccc4)c1,CHEMBL3355727,Ki,7.85
129147,CCN(CC)CCNC(=O)c1c(C)[nH]c(\C=C\2/C(=O)Nc3ccc(F)cc23)c1C,sunitinib,Kd,7.89
5492980,CN(C(=O)c1ccccc1)c2ccc3N(CCC(=O)N)\C(=N\C(=O)c4ccc(s4)c5cnccn5)\Nc3c2,CHEMBL519927,IC50,7.89
5492991,COc1cccc(\C=C\c2ccc(s2)C(=O)\N=C\3/Nc4cc(ccc4N3CCC(=O)N)N(C)C(=O)c5ccccc5)c1,CHEMBL454220,IC50,7.89
5493002,C[C@H](NCc1ccc2N(CC(C)(C)O)\C(=N\C(=O)c3ccc(s3)c4cn[nH]c4)\Nc2c1)C(C)(C)C,CHEMBL522328,IC50,7.89
5493013,O[C@@H]1CC[C@H](CC1)Nc2nc(Cc3ccccc3)cc(Nc4nc5ccc(cc5s4)C(F)(F)F)n2,CHEMBL2441272,Ki,7.9
5493024,CN(C(=O)c1ccc(Cl)cc1)c2ccc3c(c2)nc(NC(=O)c4ccc(cc4)C#N)n3CCC(=O)N,CHEMBL484766,IC50,7.92
5493035,CN(C(=O)c1ccccc1)c2ccc3N(CCC(=O)N)\C(=N\C(=O)c4ccc(\C=C\n5ccnc5)s4)\Nc3c2,CHEMBL487571,IC50,7.92
5493046,CN(C)c1ccc(cc1)C(=O)Nc2ncc(Sc3cc(C(=O)N4CCN(CC4)C(=O)C)c(O)cc3C)s2,CHEMBL211355,IC50,7.92
5493057,COc1ccc(cc1)C(=O)Nc2nc3cc(ccc3n2CCC(=O)N)N(C)C(=O)C4CCCCC4,CHEMBL484940,IC50,7.92
5493068,CCC(O)(CC)c1cc(OCCN2CCOCC2)c3cc([nH]c3c1)c4n[nH]c5ccsc45,CHEMBL2017554,IC50,7.96
5493079,CC[C@@H](c1ccccc1)n2cc(NC(=O)c3n[nH]c4ccccc34)cn2,CHEMBL3263044,Ki,7.96
5493090,CN(C(=O)c1ccccc1)c2ccc3N(CCC(=O)N)\C(=N\C(=O)c4ccc(\C=C\c5ccccc5)s4)\Nc3c2,CHEMBL519239,IC50,7.96
5493101,CN(C(=O)c1ccccc1)c2ccc3N(CCC(=O)N)\C(=N\C(=O)c4ccc(s4)c5nccs5)\Nc3c2,CHEMBL481559,IC50,7.96
5493112,CNc1cncc(n1)C2=CNC(=O)C(=C2)NC(=O)c3ccc(cc3)N4CCCCC4,CHEMBL1765779,Ki,7.96
5493123,Cc1oc(cn1)c2ccc(s2)C(=O)\N=C\3/Nc4cc(CNc5ccccc5)ccc4N3CC(C)(C)O,CHEMBL492758,IC50,7.96
1737766,CC(C)(C)c1ccc(CNC(=O)c2cccc(c2)c3nn([C@@H]4CCCN(C4)C(=O)C=C)c5ncnc(N)c35)cc1,CHEMBL2179806,IC50,8.0
3803438,CC(C)(C)c1cccc(NC(=O)c2cccc(c2)c3nn(C4CCCN(C4)C(=O)C=C)c5ncnc(N)c35)c1,CHEMBL2179790,IC50,8.0
5493138,CC(C)c1ccc(NC(=O)c2cccc(c2)c3nn([C@@H]4CCCN(C4)C(=O)C#C)c5ncnc(N)c35)cc1,CHEMBL2179781,IC50,8.0
1742107,CC(C)c1ccc(NC(=O)c2cccc(c2)c3nn([C@@H]4CCCN(C4)C(=O)C=C)c5ncnc(N)c35)cc1,CHEMBL2179804,IC50,8.0
5493151,CN(C(=O)C1CCCCC1)c2ccc3c(c2)nc(NC(=O)c4occc4)n3CCC(=O)N,CHEMBL485233,IC50,8.0
5493162,CN(C(=O)C1CCCCC1)c2ccc3c(c2)nc(NC(=O)c4oncc4)n3CCC(=O)N,CHEMBL485565,IC50,8.0
5493173,CN(C(=O)c1ccc(C)cc1)c2ccc3c(c2)nc(NC(=O)c4ccc(cc4)C#N)n3CCC(=O)N,CHEMBL484945,IC50,8.0
5493184,CN(C(=O)c1ccccc1)c2ccc3N(CCC(=O)N)\C(=N\C(=O)c4ccc(s4)c5ccc(nc5)C#N)\Nc3c2,CHEMBL521113,IC50,8.0
5493195,CN(C(=O)c1ccccc1)c2ccc3N(CCC(=O)N)\C(=N\C(=O)c4ccc(s4)c5csc(N)n5)\Nc3c2,CHEMBL520432,IC50,8.0
5493206,CN(C(=O)c1ccccc1)c2ccc3c(c2)nc(NC(=O)c4cocc4)n3CCC(=O)N,CHEMBL460389,IC50,8.0
5493217,CN(C(=O)c1ccccc1)c2ccc3c(c2)nc(NC(=O)c4oncc4)n3CCC(=O)N,CHEMBL458796,IC50,8.0
5493228,CN1CCC(CC1)Nc2ccc3[nH]nc(c4cc5ccc(C)cc5[nH]4)c3c2,CHEMBL1684542,IC50,8.0
5493239,COC(=O)\C=C\c1ccc(s1)C(=O)\N=C\2/Nc3cc(ccc3N2CCC(=O)N)N(C)C(=O)c4ccccc4,CHEMBL487786,IC50,8.0
5493250,COc1cccc(c1)C(=O)Nc2nc3cc(ccc3n2CCC(=O)N)N(C)C(=O)C4CCCCC4,CHEMBL520312,IC50,8.0
5493261,O=C(Nc1cnn(Cc2cccc(c2)C#N)c1)c3n[nH]c4cc(ccc34)c5cccnc5,CHEMBL3262783,Ki,8.0
5493272,O=C(Nc1cnn(Cc2ccccc2)c1)c3n[nH]c4CC5(CCc34)CC5,CHEMBL3298291,Ki,8.0
5493284,O=C(Nc1cnn(Cc2cccc(c2)C#N)c1)c3n[nH]c4CCC(Cc34)c5cn[nH]c5,CHEMBL3298286,Ki,8.03
5493295,CN(C(=O)C1CCCCC1)c2ccc3c(c2)nc(NC(=O)c4cccc(Br)c4)n3CCC(=O)N,CHEMBL483397,IC50,8.05
5493306,CN(C(=O)c1ccccc1)c2ccc3N(CCC(=O)N)\C(=N\C(=O)c4ccc(\C=C\c5ccc(O)cc5)s4)\Nc3c2,CHEMBL280766,IC50,8.05
5493317,CN(C(=O)c1ccccc1)c2ccc3N(CCC(=O)N)\C(=N\C(=O)c4ccc(\C=C\c5cccc(N)c5)s4)\Nc3c2,CHEMBL499247,IC50,8.05
5493328,CN(C(=O)c1ccccc1)c2ccc3N(CCC(=O)N)\C(=N\C(=O)c4ccc(\C=C\c5cn[nH]c5)s4)\Nc3c2,CHEMBL485936,IC50,8.05
5493339,CNC(=O)CCn1c(NC(=O)c2ccc(cc2)C#N)nc3cc(ccc13)N(C)C(=O)C4CCCCC4,CHEMBL483763,IC50,8.05
5493350,COc1cc(C)c(Sc2cnc(NC(=O)C3CC3)s2)cc1C(=O)N4CCN(CC4)C(=O)C,CHEMBL211842,IC50,8.05
5493361,CCC(O)(CC)c1ccc2cc([nH]c2c1)c3n[nH]c4cc(sc34)c5ccccc5,CHEMBL2017557,IC50,8.07
5493372,CN(C)Cc1ccc(cc1)[C@H]2C[C@@H]2C(=O)Nc3nc4ccc(cc4s3)c5cccnc5,CHEMBL3086534,Ki,8.08
5493676,CC1(CO)CCc2c(C1)[nH]nc2C(=O)Nc3cnn(Cc4ccccc4)c3,CHEMBL3298293,Ki,8.1
5493687,CN(C(=O)C1CCC(F)(F)CC1)c2ccc3c(c2)nc(NC(=O)c4ccc(cc4)C#N)n3CCC(=O)N,CHEMBL519033,IC50,8.1
5493698,CN(C(=O)C1CCC1)c2ccc3c(c2)nc(NC(=O)c4ccc(cc4)C#N)n3CCC(=O)N,CHEMBL516958,IC50,8.1
5493709,CN(C(=O)c1ccccc1)c2ccc3N(CCC(=O)N)\C(=N\C(=O)c4ccc(\C=C\c5cnccn5)s4)\Nc3c2,CHEMBL488596,IC50,8.1
5493720,CN(C(=O)c1ccccc1)c2ccc3N(CCC(=O)N)\C(=N\C(=O)c4ccc(s4)c5ccnc(c5)C#N)\Nc3c2,CHEMBL481738,IC50,8.1
5493731,CN(C(=O)c1ccccc1)c2ccc3N(CCC(=O)N)\C(=N\C(=O)c4ccc(s4)c5occn5)\Nc3c2,CHEMBL482367,IC50,8.1
5493742,CN(Cc1ccc2N(CC(C)(C)O)\C(=N\C(=O)c3ccc(s3)c4cn[nH]c4)\Nc2c1)c5ccccc5,CHEMBL493318,IC50,8.1
5493753,CN(Cc1ccc2N(CC(C)(C)O)\C(=N\C(=O)c3ccc(s3)c4oc(C)nc4)\Nc2c1)C5CCCCC5,CHEMBL493106,IC50,8.1
5493764,C[C@H](N(C)Cc1ccc2N(CC(C)(C)O)\C(=N\C(=O)c3ccc(s3)c4cn[nH]c4)\Nc2c1)C(C)(C)C,CHEMBL522711,IC50,8.1
5493775,Cc1oc(cn1)c2ccc(s2)C(=O)\N=C\3/Nc4cc(CNC5CCCCC5)ccc4N3CC(C)(C)O,CHEMBL493107,IC50,8.1
5493786,O[C@@H]1CC[C@H](CC1)Nc2cc(cc(Nc3nc4ccccc4s3)n2)S(=O)(=O)c5ccccc5,CHEMBL3355729,Ki,8.1
5493797,O=C(Nc1cnn(Cc2cccc(c2)C#N)c1)c3n[nH]c4cc(ccc34)c5cc[nH]n5,CHEMBL3263037,Ki,8.11
5493808,CC(=O)N1CCN(CC1)C(=O)c2cc(Sc3cnc(Nc4cc(C)cc(C)n4)s3)ccc2O,CHEMBL379478,IC50,8.16
5493819,CC(=O)N1CCN(CC1)C(=O)c2cc(Sc3cnc(Nc4cccc(Br)n4)s3)ccc2O,CHEMBL210248,IC50,8.16
5493830,CCC(O)(CC)c1ccc2c(c3ccc(OC)cc3)c([nH]c2c1)c4n[nH]c5ccsc45,CHEMBL2017555,IC50,8.16
5493841,CCN(C(=O)C1CCCCC1)c2ccc3c(c2)nc(NC(=O)c4ccc(cc4)C#N)n3CCC(=O)N,CHEMBL458787,IC50,8.16
5493852,CCN(C(=O)c1ccccc1)c2ccc3c(c2)nc(NC(=O)c4ccc(cc4)C#N)n3CCC(=O)N,CHEMBL462301,IC50,8.16
5493863,CN(C(=O)c1ccccc1)c2ccc3N(CCC(=O)N)\C(=N\C(=O)c4ccc(C=C)s4)\Nc3c2,CHEMBL487785,IC50,8.16
5493874,CN(C(=O)c1ccccc1)c2ccc3N(CCC(=O)N)\C(=N\C(=O)c4ccc(\C=C\c5cccc(N)n5)s4)\Nc3c2,CHEMBL501661,IC50,8.16
5493885,CNCc1ccc([nH]1)C(=O)Nc2ncc(Sc3cc(C(=O)N4CCOCC4)c(OC)cc3C)s2,CHEMBL209881,IC50,8.16
5493896,CNc1cc(ccn1)C2=CNC(=O)C(=C2)NC(=O)c3ccc(cc3)N4CCCCC4,CHEMBL1765774,Ki,8.16
5493907,CNc1cncc(n1)C2=CNC(=O)C(=C2)NC(=O)c3ccc(cc3)N4CCC[C@H]4CN5CCCC5,CHEMBL1765781,Ki,8.16
5493918,COc1ccc(cc1)C(=O)N(C)c2ccc3c(c2)nc(NC(=O)c4ccc(cc4)C#N)n3CCC(=O)N,CHEMBL485626,IC50,8.16
5493929,COc1ccc(cc1)[C@H]2C[C@@H]2C(=O)Nc3nc4ccc(cc4s3)C5=CC(=O)NC=C5,CHEMBL3086328,Ki,8.18
5493940,OC[C@H](c1ccccc1)n2cc(NC(=O)c3n[nH]c4cc(ccc34)c5cn[nH]c5)cn2,CHEMBL3263051,Ki,8.18
5493951,COc1ccc(cc1)C2CC2C(=O)Nc3nc4ccc(cc4s3)c5cn[nH]c5,CHEMBL3086329,Ki,8.19
5493962,CS(=O)(=O)N1CCOC(CNc2nc(Cc3ccccc3)cc(Nc4cc([nH]n4)c5occc5)n2)C1,CHEMBL2441279,Ki,8.2
5493973,O[C@@H]1CC[C@H](CC1)Nc2nc(Nc3cc4ccccc4cn3)cc(n2)C(F)(F)c5ccc(F)cc5,CHEMBL2441281,Ki,8.2
5493985,CC1(C)CCc2c(C1)[nH]nc2C(=O)Nc3cnn(c3)[C@@H](CCS(=O)(=O)C)c4ccccc4,CHEMBL3298374,Ki,8.21
5493996,CN(C(=O)C1CCCCC1)c2ccc3c(c2)nc(NC(=O)c4ccc(cc4)C#N)n3CCc5ccccc5,CHEMBL519347,IC50,8.22
5494007,CN(C(=O)c1ccccc1)c2ccc3N(CCC(=O)N)\C(=N\C(=O)c4ccc(\C=C\c5ccc(N)cc5)s4)\Nc3c2,CHEMBL500349,IC50,8.22
5494018,CN(C(=O)c1ccccc1)c2ccc3N(CCC(=O)N)\C(=N\C(=O)c4ccc(\C=C\c5ccccc5N)s4)\Nc3c2,CHEMBL507769,IC50,8.22
5494029,CN(C(=O)c1ccccc1)c2ccc3N(CCC(=O)N)\C(=N\C(=O)c4ccc(\C=C\c5ccccn5)s4)\Nc3c2,CHEMBL486951,IC50,8.22
5494040,CN(C(=O)c1ccccc1)c2ccc3N(CCC(=O)N)\C(=N\C(=O)c4ccc(s4)c5oc(C)nc5)\Nc3c2,CHEMBL480754,IC50,8.22
5494051,COCCCn1c(NC(=O)c2cccnc2)nc3cc(CN(C)C4CCCCC4)ccc13,CHEMBL487357,IC50,8.22
5494062,COc1cc(C)c(Sc2cnc(Nc3cc(C)cc(C)n3)s2)cc1C(=O)N4CCN(CC4)C(=O)C,CHEMBL208846,IC50,8.22
5494074,CC1(C)CCc2c(C1)[nH]nc2C(=O)Nc3cnn(Cc4ccccc4)c3,CHEMBL3298288,Ki,8.28
5494085,COc1ccc(cc1)[C@H]2C[C@@H]2C(=O)Nc3nc4ccc(cc4s3)c5cncc(CO)c5,CHEMBL3086327,Ki,8.28
5494096,COc1cccc(c1)c2cc(Nc3cc(cc(N[C@@H]4CC[C@@H](O)CC4)n3)S(=O)(=O)c5ccccc5)n[nH]2,CHEMBL3355731,Ki,8.28
5494107,CN(C(=O)C1CCCCC1)c2ccc3c(c2)nc(NC(=O)c4ccc(cc4)C#N)n3CCC(=O)N5CCNCC5,CHEMBL491076,IC50,8.3
5494118,CN(C(=O)C1CCCCC1)c2ccc3c(c2)nc(NC(=O)c4ccc(cc4)C#N)n3CCCN5CCN(C)CC5,CHEMBL523633,IC50,8.3
5494129,CN(C(=O)C1CCCCC1)c2ccc3c(c2)nc(NC(=O)c4cccnc4)n3CCC(=O)N,CHEMBL485232,IC50,8.3
5494140,CN(C(=O)c1ccccc1)c2ccc3N(CCC(=O)N)\C(=N\C(=O)c4ccc(\C=C\C#N)s4)\Nc3c2,CHEMBL519250,IC50,8.3
5494151,CN(C(=O)c1ccccc1)c2ccc3N(CCC(=O)N)\C(=N\C(=O)c4ccc(\C=C\c5cccnc5)s4)\Nc3c2,CHEMBL485922,IC50,8.3
3804874,CN(C(=O)c1ccccc1)c2ccc3N(CCC(=O)N)\C(=N\C(=O)c4ccc(\C=C\c5ncc(N)cn5)s4)\Nc3c2,CHEMBL500517,IC50,8.3
5494164,CN(C(=O)c1ccccc1)c2ccc3N(CCC(=O)N)\C(=N\C(=O)c4ccc(s4)c5ccc(F)nc5)\Nc3c2,CHEMBL475593,IC50,8.3
5494175,CN(C(=O)c1ccccc1)c2ccc3N(CCC(=O)N)\C(=N\C(=O)c4ccc(s4)c5cccnc5)\Nc3c2,CHEMBL481378,IC50,8.3
5494186,C[C@H](NCc1cc(N[C@H]2CCN(C2)C(=O)C=C)nc(Nc3nc4cccnc4s3)c1)C(C)(C)C,CHEMBL3397909,IC50,8.3
5494197,CC(C)(O)CN1\C(=N\C(=O)c2ccc(s2)c3cn[nH]c3)\Nc4cc(CN)ccc14,CHEMBL499219,IC50,8.4
5494208,CN(C(=O)C1CCCCC1)c2ccc3c(c2)nc(NC(=O)c4ccc(Cl)cc4)n3CCC(=O)N,CHEMBL483403,IC50,8.4
5494219,CN(C(=O)C1CCCCC1)c2ccc3c(c2)nc(NC(=O)c4ccc(cc4)C#N)n3CCC(=O)N,CHEMBL485556,IC50,8.4
5494230,CN(C(=O)C1CCCCC1)c2ccc3c(c2)nc(NC(=O)c4ccc(cc4)C#N)n3CCCn5ccnc5,CHEMBL485031,IC50,8.4
5494241,CN(C(=O)C1CCCCC1)c2ccc3c(c2)nc(NC(=O)c4cccc(c4)C#N)n3CCC(=O)N,CHEMBL485555,IC50,8.4
5494252,CN(C(=O)c1cccnc1)c2ccc3c(c2)nc(NC(=O)c4ccc(cc4)C#N)n3CCC(=O)N,CHEMBL485030,IC50,8.4
5494263,COc1ccc2nc(Nc3cc(Cc4ccccc4)nc(N[C@@H]5CC[C@@H](O)CC5)n3)sc2c1,CHEMBL2441112,Ki,8.4
5494274,C[C@@]12Cc3[nH]nc(C(=O)Nc4cnn(c4)[C@@H]([C@H]5CCCCS5(=O)=O)c6ccccc6)c3C[C@@H]1C2(F)F,CHEMBL3426309,IC50,8.4
5494285,Cc1cc(Nc2cc(cc(N[C@@H]3CC[C@@H](O)CC3)n2)S(=O)(=O)c4ccccc4)n[nH]1,CHEMBL3355726,Ki,8.4
5494296,O[C@@H]1CC[C@H](CC1)Nc2nc(Cc3ccccc3)cc(Nc4nc5ccccc5s4)n2,CHEMBL2441269,Ki,8.4
5494307,O=C(Nc1ccn(Cc2ccccc2)n1)c3n[nH]c4ccccc34,CHEMBL3263038,Ki,8.47
5494318,CC(C(=O)C1CCCCC1)c2ccc3c(c2)nc(CC(=O)c4ccc(cc4)C#N)n3CCC(=O)N,CHEMBL485591,IC50,8.52
5494329,CC(C)(O)CN1\C(=N\C(=O)c2ccc(s2)c3cn[nH]c3)\Nc4cc(CN5CCCCC5)ccc14,CHEMBL493007,IC50,8.52
5494340,CC(C)(O)CN1\C(=N\C(=O)c2ccc(s2)c3cn[nH]c3)\Nc4cc(CN5CCCCC5CO)ccc14,CHEMBL493008,IC50,8.52
5494352,CC12CC1Cc3c(C2)[nH]nc3C(=O)Nc4cnn(Cc5ccccc5)c4,CHEMBL3298369,Ki,8.52
5494363,CN(C(=O)C1CCCCC1)c2ccc3c(c2)nc(NC(=O)c4ccc(Br)cc4)n3CCC(=O)N,CHEMBL485607,IC50,8.52
5494374,CN(C(=O)c1ccccc1)c2ccc3N(CC(C)(C)O)\C(=N\C(=O)c4ccc(s4)c5oc(C)nc5)\Nc3c2,CHEMBL492931,IC50,8.52
5494385,CN(C(=O)c1ccccc1)c2ccc3N(CCC(=O)N)\C(=N\C(=O)c4ccc(s4)c5ccnc(F)c5)\Nc3c2,CHEMBL520110,IC50,8.52
5494396,CN(C(=O)c1ccccc1)c2ccc3c(c2)nc(NC(=O)c4ccccc4)n3CCC(=O)N,CHEMBL485202,IC50,8.52
5494407,CN(C)Cc1ccc2N(CC(C)(C)O)\C(=N\C(=O)c3ccc(s3)c4cn[nH]c4)\Nc2c1,CHEMBL494136,IC50,8.52
5494418,COCCCn1c(NC(=O)c2oncc2)nc3cc(CNc4ccccc4)ccc13,CHEMBL528989,IC50,8.52
5494429,CC1(C)CCc2c(C1)[nH]nc2C(=O)Nc3cnn(c3)[C@@H](C4CCCS(=O)(=O)C4)c5ccccc5,CHEMBL3426302,Ki,8.59
5494440,COc1ccc(cc1)[C@H]2C[C@@H]2C(=O)Nc3nc4ccc(cc4s3)c5cn[nH]c5,CHEMBL3086533,Ki,8.6
5494451,CCC(O)(CC)c1ccc2cc([nH]c2c1)c3n[nH]c4ccsc34,CHEMBL2017553,IC50,8.62
5494462,O[C@@H]1CC[C@H](CC1)Nc2cc(cc(Nc3cc([nH]n3)c4ccccc4)n2)S(=O)(=O)c5ccccc5,CHEMBL3355730,Ki,8.64
5494473,CC(C)(O)CN1\C(=N\C(=O)c2ccc(s2)c3cn[nH]c3)\Nc4cc(CN5CCC(O)C5)ccc14,CHEMBL494743,IC50,8.7
5494484,CC(C)(O)CN1\C(=N\C(=O)c2ccc(s2)c3cn[nH]c3)\Nc4cc(CN5CCOCC5)ccc14,CHEMBL494027,IC50,8.7
5494495,CC(C)(O)CN1\C(=N\C(=O)c2ccc(s2)c3cn[nH]c3)\Nc4cc(CNc5ccccc5)ccc14,CHEMBL493319,IC50,8.7
1749903,CC(C)c1ccc(NC(=O)c2cccc(c2)c3nn([C@@H]4CCCN(C4)C(=O)C=C)c5ncnc(N)c35)cc1C,CHEMBL2179805,IC50,8.7
5494508,CCC(C)NCc1ccc2N(CC(C)(C)O)\C(=N\C(=O)c3ccc(s3)c4cn[nH]c4)\Nc2c1,CHEMBL495026,IC50,8.7
5494519,CN(C(=O)c1ccc(F)cc1)c2ccc3c(c2)nc(NC(=O)c4ccc(cc4)C#N)n3CCC(=O)N,CHEMBL483581,IC50,8.7
5494530,CN(C(=O)c1ccccc1)c2ccc3N(CCC(=O)N)\C(=N\C(=O)c4ccc(s4)c5ccncc5)\Nc3c2,CHEMBL519960,IC50,8.7
5494541,CN(C(=O)c1ccccc1)c2ccc3N(CCC(=O)N)\C(=N\C(=O)c4ccc(s4)c5cn[nH]c5)\Nc3c2,CHEMBL481720,IC50,8.7
5494552,CN(C(=O)c1ccccc1)c2ccc3N(CCC(=O)N)\C(=N\C(=O)c4ccc(s4)c5cncc(c5)C#N)\Nc3c2,CHEMBL481900,IC50,8.7
5494563,CN(C(=O)c1ccccc1)c2ccc3N(CCC(=O)N)\C(=N\C(=O)c4ccc(s4)c5ocnc5)\Nc3c2,CHEMBL481884,IC50,8.7
5494574,CN(C)CCN(C)Cc1ccc2N(CC(C)(C)O)\C(=N\C(=O)c3ccc(s3)c4cn[nH]c4)\Nc2c1,CHEMBL492990,IC50,8.7
5494585,CN(Cc1ccc2N(CC(C)(C)O)\C(=N\C(=O)c3ccc(s3)c4cn[nH]c4)\Nc2c1)C5CCCCC5,CHEMBL522849,IC50,8.7
5494596,CNCc1ccc2N(CC(C)(C)O)\C(=N\C(=O)c3ccc(s3)c4cn[nH]c4)\Nc2c1,CHEMBL494135,IC50,8.7
5494607,Cc1cnc(Nc2cc(Cc3ccccc3)nc(N[C@@H]4CC[C@@H](O)CC4)n2)s1,CHEMBL2441267,Ki,8.7
5494618,CC(C)(O)c1ccc2cc([nH]c2c1)c3n[nH]c4ccsc34,CHEMBL2017552,IC50,8.72
5494629,CN(C)Cc1cccc(c1)[C@H]2C[C@@H]2C(=O)Nc3nc4ccc(cc4s3)c5cn[nH]c5,CHEMBL3086537,Ki,8.72
5494640,O[C@@H]1CC[C@H](CC1)Nc2cc(cc(Nc3cc([nH]n3)c4ccc(F)cc4)n2)S(=O)(=O)c5ccccc5,CHEMBL3355733,Ki,8.75
5494651,O=C(Nc1cnc(Cc2ccccc2)s1)c3n[nH]c4ccccc34,CHEMBL3263039,Ki,8.77
5494662,CCc1ccc2nc(Nc3cc(Cc4ccccc4)nc(N[C@@H]5CC[C@@H](O)CC5)n3)sc2n1,CHEMBL2441277,Ki,8.8
5494673,O[C@@H]1CC[C@H](CC1)Nc2cc(cc(Nc3cc([nH]n3)C4CCC4)n2)S(=O)(=O)c5ccccc5,CHEMBL3355736,Ki,8.8
5494684,Nc1ccc(cn1)c2ccc3c(n[nH]c3c2)C(=O)Nc4cnn(Cc5cccc(c5)C#N)c4,CHEMBL3263035,Ki,8.85
5494695,CN(C)CC[C@@H](c1cccc(Cl)c1)n2cc(NC(=O)c3n[nH]c4CC(C)(C)CCc34)cn2,CHEMBL3298376,Ki,8.92
5494706,COc1ccc(cc1)c2cc(Nc3cc(cc(N[C@@H]4CC[C@@H](O)CC4)n3)S(=O)(=O)c5ccccc5)n[nH]2,CHEMBL3355732,Ki,8.92
5494717,O=C(Nc1cnn(Cc2cccc(c2)C#N)c1)c3n[nH]c4cc(ccc34)c5cn[nH]c5,CHEMBL3263036,Ki,8.96
5494728,CC(C)(O)CN1\C(=N\C(=O)c2ccc(s2)c3cn[nH]c3)\Nc4cc(CNC5CCCCC5)ccc14,CHEMBL493928,IC50,9.0
5494739,CC(C)(O)CN1\C(=N\C(=O)c2ccc(s2)c3cn[nH]c3)\Nc4cc(CNCc5ccccc5)ccc14,CHEMBL493537,IC50,9.0
5494750,CC(C)CNCc1ccc2N(CC(C)(C)O)\C(=N\C(=O)c3ccc(s3)c4cn[nH]c4)\Nc2c1,CHEMBL522871,IC50,9.0
5494761,CC1COCC(C)N1Cc2ccc3N(CC(C)(C)O)\C(=N\C(=O)c4ccc(s4)c5cn[nH]c5)\Nc3c2,CHEMBL522682,IC50,9.0
5494772,CC[C@@H](c1ccccc1)n2cc(NC(=O)c3n[nH]c4cc(ccc34)c5cn[nH]c5)cn2,CHEMBL3263049,Ki,9.0
5494783,CN(Cc1cccnc1)Cc2ccc3N(CC(C)(C)O)\C(=N\C(=O)c4ccc(s4)c5cn[nH]c5)\Nc3c2,CHEMBL521695,IC50,9.0
5494794,CN(C)CC[C@H](c1ccccc1)n2cc(NC(=O)c3n[nH]c4cc(ccc34)c5cn[nH]c5)cn2,CHEMBL3263052,Ki,9.03
5494805,CC(C)(O)[C@H](c1ccccc1)n2cc(NC(=O)c3n[nH]c4cc(ccc34)c5cn[nH]c5)cn2,CHEMBL3263054,Ki,9.1
5494816,CN(C)C[C@@H](c1ccccc1)n2cc(NC(=O)c3n[nH]c4CC(C)(C)CCc34)cn2,CHEMBL3298370,Ki,9.1
5494827,CN(C)CC[C@@H](c1cccc(C)c1)n2cc(NC(=O)c3n[nH]c4CC(C)(C)CCc34)cn2,CHEMBL3298375,Ki,9.16
5494838,CN(C)CC[C@@H](c1ccccc1)n2cc(NC(=O)c3n[nH]c4CC(C)(C)CCc34)cn2,CHEMBL3298371,Ki,9.16
5494849,CN(C)Cc1ccc(cc1)[C@H]2C[C@@H]2C(=O)Nc3nc4ccc(cc4s3)c5cn[nH]c5,CHEMBL3086536,Ki,9.16
110000,CCc1ccc2nc(Nc3cc(Cc4ccccc4)nc(N[C@@H]5CC[C@@H](O)CC5)n3)sc2c1,CHEMBL2441273,Ki,9.2
5494862,CN(C)Cc1ccc(cc1)C2CC2C(=O)Nc3nc4ccc(cc4s3)c5cn[nH]c5,CHEMBL3086535,Ki,9.22
5494873,OC[C@@H](c1ccccc1)n2cc(NC(=O)c3n[nH]c4cc(ccc34)c5cn[nH]c5)cn2,CHEMBL3263050,Ki,9.25
5494884,CC1(C)CCc2c(C1)[nH]nc2C(=O)Nc3cnn(c3)[C@@H](CS(=O)(=O)C)c4ccccc4,CHEMBL3426306,Ki,9.3
5494895,CCN(CC)Cc1cc(ccc1OC)[C@H]2C[C@@H]2C(=O)Nc3nc4ccc(cc4s3)c5cn[nH]c5,CHEMBL3086538,Ki,9.3
5494906,Cc1ccc2nc(Nc3cc(Cc4ccccc4)nc(N[C@@H]5CC[C@@H](O)CC5)n3)sc2c1,CHEMBL2441270,Ki,9.4
5494917,O[C@@H]1CC[C@H](CC1)Nc2cc(cc(Nc3cc([nH]n3)C4CCCCC4)n2)S(=O)(=O)c5ccccc5,CHEMBL3355738,Ki,9.42
5494928,O[C@@H]1CC[C@H](CC1)Nc2nc(Cc3ccccc3)cc(Nc4nc5ccc(Cl)cc5s4)n2,CHEMBL2441271,Ki,9.5
5494939,CC1(C)CCc2c(C1)[nH]nc2C(=O)Nc3cnn(c3)C(C4CN(CCF)C4)c5ccccc5,CHEMBL3287196,Ki,9.52
5494950,CC1(C)CCc2c(C1)[nH]nc2C(=O)Nc3cnn(c3)[C@@H](C4CCS(=O)(=O)CC4)c5ccccc5,CHEMBL3426304,Ki,9.52
5494961,CC12Cc3[nH]nc(C(=O)Nc4cnn(Cc5ccccc5)c4)c3CC1C2(F)F,CHEMBL3426307,Ki,9.52
5494972,CCC(O)(CC)c1ccc2cc([nH]c2c1)c3n[nH]c4cc(sc34)C(F)F,CHEMBL2017556,IC50,9.52
5494983,Cc1cnc(Nc2cc(cc(N[C@@H]3CC[C@@H](O)CC3)n2)S(=O)(=O)c4ccccc4)s1,CHEMBL3355728,Ki,9.57
5494994,O[C@@H]1CC[C@H](CC1)Nc2nc(Cc3ccccc3)cc(Nc4nc5ccc(cc5s4)C#N)n2,CHEMBL2441274,Ki,9.6
5495005,O[C@@H]1CC[C@H](CC1)Nc2nc(Cc3ccccc3)cc(Nc4nc5cccnc5s4)n2,CHEMBL2441276,Ki,9.6
5495016,CC(C)(O)[C@@H](c1ccccc1)n2cc(NC(=O)c3n[nH]c4cc(ccc34)c5cn[nH]c5)cn2,CHEMBL3263055,Ki,9.64
5495027,CC1(C)CCc2c(C1)[nH]nc2C(=O)Nc3cnn(c3)[C@@H](C4CCNCC4)c5ccccc5,CHEMBL3298373,Ki,9.7
5495038,COc1ccc2nc(Nc3cc(Cc4ccccc4)nc(N[C@@H]5CC[C@@H](O)CC5)n3)sc2n1,CHEMBL2441275,Ki,9.7
5495049,C[C@]12C[C@H]1Cc3c(C2)[nH]nc3C(=O)Nc4cnn(c4)[C@@H](C5CCS(=O)(=O)CC5)c6ccccc6,CHEMBL3426308,Ki,9.7
5495060,O[C@@H]1CC[C@H](CC1)Nc2cc(cc(Nc3cc([nH]n3)C4CCCC4)n2)S(=O)(=O)c5ccccc5,CHEMBL3355737,Ki,9.77
