id,smiles,name,assay_type,activity_value
322842,C[C@@H]1CCN(C[C@@H]1N(C)C1=C2C=CNC2=NC=N1)C(=O)CC#N,tofacitinib,IC50,7.25181198
322863,CC1CCN(CC1N(C)c2ncnc3[nH]ccc23)C(=O)C4CCC(=O)C4,CHEMBL1630795,IC50,7.54
322873,CS(=O)(=O)c1ccc(cc1)c2cccn3nc(Nc4cccc(c4)N5CCN(CC(=O)N)CC5)nc23,CHEMBL3642404,IC50,7.54
322882,Cc1cc(NC(=O)c2cnn3ccc(N)nc23)n(n1)c4ccccc4C,CHEMBL3670397,Ki,7.54
322892,FC(F)(F)CN1CCCC(C1)NC(=O)Nc2cnc3[nH]ccc3n2,CHEMBL3335678,IC50,7.54
322903,Fc1cc(NCCOc2cccc(NC3=C(C(=O)NC3=O)c4c[nH]c5ccccc45)c2)ccn1,CHEMBL3114774,IC50,7.54
322914,C[C@]1(O)CC[C@@H](Nc2c(cnn3cccc23)C(=O)N)C1(C)C,CHEMBL3359914,IC50,7.55
322925,Fc1ccc2OCCC(N3C(=O)Nc4cnc(nc34)n5cnc6ccccc56)c2c1,CHEMBL1081190,IC50,7.55
322936,Fc1cccc2[C@@H](CCOc12)N3C(=O)Nc4cnc(nc34)n5cnc6ccccc56,CHEMBL1081377,IC50,7.55
322947,O=C(CC#N)N1CCC[C@H](C1)N2C(=O)Nc3cnc4[nH]ccc4c23,CHEMBL3593590,IC50,7.55
322957,CS(=O)(=O)CCN1CCC(CC1)c2cccc(Nc3nc4c(cccn4n3)c5ccc(cc5)S(=O)(=O)C)c2,CHEMBL3642411,IC50,7.56
322967,CN1CCN(CC1)c2cc(Oc3ccccc3Cl)nc(n2)n4cnc5ccncc45,CHEMBL218439,IC50,7.57
322978,CS(=O)(=O)N1CCC[C@@H](C1)Nc2nccnc2c3cnc4[nH]ccc4n3,CHEMBL3357978,IC50,7.57
322988,CS(=O)(=O)c1ccc(cc1)c2cccn3nc(Nc4ccc(cc4)N5CCCCC5)nc23,CHEMBL3642262,IC50,7.57
322998,C[C@H]1CCCC[C@H]1N2C(=O)Nc3cnc4[nH]ccc4c23,CHEMBL3593580,IC50,7.57
323009,FC(F)(F)c1cnc(nc1C2=C(C(=O)NC2=O)c3c[nH]c4ccccc34)N5CCC(=O)CC5,CHEMBL1235315,IC50,7.57
323020,Nc1n[nH]c2C(=CN(C(=O)c12)c3ccccc3Cl)c4ccccn4,CHEMBL3764463,IC50,7.57
323031,O=C1Nc2ccc(cc2/C/1=C/c3ccc[nH]3)c4cccnc4,CHEMBL323994,IC50,7.57
323042,OCC1(O)Cn2c3ccccc3c4c5CNC(=O)c5c6c7ccccc7n(C1)c6c24,CHEMBL234718,IC50,7.57
323052,CS(=O)(=O)c1ccc(cc1)c2cccc3nc(Nc4ccc(CN5CCS(=O)(=O)CC5)cc4)nn23,CHEMBL3642340,IC50,7.58
323062,C(Nc1ccnc2oc(c3ccccc3)c(c4ccccc4)c12)[C@@H]5CCCO5,CHEMBL240429,IC50,7.59
323072,CN(c1ccc(cc1)c2cccn3nc(Nc4cccc(c4)N5CCN(C)CC5)nc23)S(=O)(=O)C,CHEMBL3642296,IC50,7.59
323082,C[C@@H]1CCN(C[C@@H]1N(C)c2ncnc3[nH]ccc23)C(=O)Nc4cc(C)ns4,CHEMBL1630789,IC50,7.59
323093,O=C(c1ccc2NC(=O)\C(=C/c3ccc[nH]3)\c2c1)c4cccs4,CHEMBL104963,IC50,7.59
323104,C(CN1CCNCC1)Nc2ccnc3oc(c4ccc(OCCn5ccnc5)cc4)c(c6ccccc6)c23,CHEMBL240432,IC50,7.6
323118,CCOc1cc2ncc(C#N)c(Nc3ccc(F)c(Cl)c3)c2cc1NC(=O)\C=C\CN(C)C,CHEMBL607707,Kd,7.6
323129,CCS(=O)(=O)N1CC(CC#N)(C1)n2cc(cn2)c3ncnc4[nH]ccc34,CHEMBL2105759,IC50,7.6
323139,COc1ccc(Nc2nc3cccc(c4ccc(CN5CCS(=O)(=O)CC5)cc4)n3n2)cc1,CHEMBL3642324,IC50,7.6
323148,Cn1nccc1c2cc3c(N[C@@H]4CC[C@](C)(O)C4(C)C)c(cnn3c2)C(=O)N,CHEMBL3671793,IC50,7.6
323158,NC(=O)c1cnc2[nH]ccc2c1NC3CCN(CC3)c4ccc(cn4)C(F)(F)F,CHEMBL3593772,IC50,7.6
323169,NC(=O)c1cnc2[nH]ccc2c1NC3CCN(Cc4cccc(c4)C#N)CC3,CHEMBL3593769,IC50,7.6
323179,Nc1ccn2ncc(C(=O)Nc3ccnn3c4cc(Cl)ccc4Cl)c2n1,CHEMBL3670394,Ki,7.6
323189,Nc1nn2cccnc2c1c3cc(NCc4ccc(Cl)cc4)ncn3,CHEMBL569012,IC50,7.6
323200,CC1(C)[C@H](N)CC[C@H]1Nc2c(cnn3cccc23)C(=O)N,CHEMBL3359918,IC50,7.62
323211,CCN(CC)CCCCNc1ncc(Cl)c(NCc2cccc(NC(=O)C=C)c2)n1,CHEMBL3601239,IC50,7.62
323225,C[C@]1(CO)CCC[C@H]1Nc2c(cnn3cccc23)C(=O)N,CHEMBL3359924,IC50,7.62
323236,O=C(CC#N)N1CCC[C@H](C1)n2nnc3cnc4[nH]ccc4c23,CHEMBL2392500,Ki,7.62
323246,C[C@@]1(O)CC[C@@H](Nc2c(cnn3cc(NS(=O)(=O)c4ccc(Cl)cc4)cc23)C(=O)N)C1(C)C,CHEMBL3666884,IC50,7.63
323256,OCC1Cn2c3ccccc3c4c5CNC(=O)c5c6c7cc(Br)ccc7n(C1)c6c24,CHEMBL397664,IC50,7.63
323267,CC(C)[C@H](C)N1C=C(c2ccc(cn2)N3CCOCC3)c4[nH]nc(N)c4C1=O,CHEMBL3763991,IC50,7.64
323278,CCn1c(cc2c1nc(Nc3nc(C)cs3)c4ncn(C)c24)C(=O)N(C5CC5)C6CC6,CHEMBL3622135,IC50,7.64
323289,NC(=O)c1cnc2[nH]ccc2c1NC3CCN(Cc4ccccc4)CC3,CHEMBL3593765,IC50,7.64
323300,CS(=O)(=O)c1ccc(cc1)c2cccn3nc(Nc4ccc(cc4)N5CCOCC5)nc23,CHEMBL2062803,IC50,7.65
323310,CN1C(=O)NC2=CN3(=C4NC=CC4=C12)CCCCC(C3)N5C(=O)Nc6cnc7[nH]ccc7c56,CHEMBL3593577,IC50,7.66
323321,CS(=O)(=O)N1CCC[C@@H](C1)NC(=O)Nc2cnc3[nH]ccc3n2,CHEMBL3335683,IC50,7.66
323332,C[C@@H]1CCN(Cc2ccccc2)C[C@@H]1n3cnc4cnc5[nH]ccc5c34,CHEMBL2152299,Ki,7.66
323342,C[C@@]1(O)CC[C@@H](Nc2c(cnn3cc(NS(=O)(=O)c4ccccc4)cc23)C(=O)N)C1(C)C,CHEMBL3666883,IC50,7.66
323352,C[C@H](NC(=O)c1c[nH]c2ncc(Oc3ccc4CC[C@@H](NC(=O)C)c4c3)nc12)C5CC5,CHEMBL2376436,IC50,7.66
323363,C[C@H](Nc1nc(nc2c1cc(C(=O)N3CCN(C)CC3)n2C)n4cnc5ccncc45)c6ccccc6,CHEMBL233151,IC50,7.66
323374,Cc1nc2cnc3[nH]ccc3c2n1[C@@H]4CCC[C@@H](O)C4,CHEMBL2159210,Ki,7.66
323384,CC(C)(C)OC(=O)N1CCC(CC1)n2cc(Nc3nc4c(cccn4n3)c5ccc(cc5)S(=O)(=O)C)cn2,CHEMBL3644960,IC50,7.68
323394,CC1CCCC(C1)N2C(=O)Nc3cnc4[nH]ccc4c23,CHEMBL3593581,IC50,7.68
323404,CC1CN(C(=O)CC#N)C12CCN(C2)c3ncnc4[nH]ccc34,CHEMBL3689518,IC50,7.68
323413,CS(=O)(=O)N1CCC[C@@H](C1)Nc2c(cnn3cc(cc23)c4ccccc4)C(=O)N,CHEMBL3667462,IC50,7.68
323423,C[C@H](Nc1ccnc(n1)n2cnc3ccncc23)c4ccccc4,CHEMBL221029,IC50,7.68
323434,C[C@H](Nc1nc(Nc2cc(C)[nH]n2)c(Cl)cc1C#N)c3ccc(F)cn3,CHEMBL1773082,IC50,7.68
323444,Clc1cnc2Nc3cccc(c3)C(=O)Nc4cccc(CNc1n2)c4,CHEMBL3694580,IC50,7.68
323454,CC(C)CS(=O)(=O)N1CCC[C@@H](C1)Nc2ncccc2c3cnc4[nH]ccc4n3,CHEMBL3335689,IC50,7.7
323465,CC1CCC(C)C(C1)N(C)c2ncnc3[nH]ccc23,CHEMBL1630774,IC50,7.7
323476,CN1CCN(CC1)c2c(Cl)cc(Nc3ncc(Cl)c(NCc4cccc(NC(=O)C=C)c4)n3)cc2Cl,CHEMBL3601229,IC50,7.7
323487,CS(=O)(=O)N1CCCC(C1)NC(=O)Nc2cnc3[nH]ccc3n2,CHEMBL3335682,IC50,7.7
323497,CS(=O)(=O)c1ccc(cc1)c2cccn3nc(Nc4cccc(c4)C5CCN(CC(=O)N)CC5)nc23,CHEMBL3642405,IC50,7.7
323507,C[C@@H](CO)[C@H]1CC[C@@H](C)[C@H](C1)N(C)c2ncnc3[nH]ccc23,CHEMBL1630783,IC50,7.7
323518,C[C@@H]1CCN(C[C@@H]1N(C)c2ncnc3[nH]ccc23)C(=O)CC4CC4,CHEMBL1630800,IC50,7.7
323529,C[C@H](Nc1nc(Nc2cc(C)[nH]n2)nc(N3CCN(CC3)S(=O)(=O)C)c1F)c4ccc(F)cn4,CHEMBL2381975,IC50,7.7
323540,C[C@H](Oc1nc(Nc2cc(C)[nH]n2)nc(N3CCOCC3)c1F)c4ncc(F)cn4,CHEMBL2381980,IC50,7.7
323551,Cc1ccc(cc1c2ccc3nc(N)ncc3c2)C(=O)Nc4cccc(c4)C(F)(F)F,CHEMBL385937,IC50,7.7
323562,Fc1cc(Nc2ncc(Cl)c(NCc3cccc(NC(=O)C=C)c3)n2)cc(F)c1N4CCOCC4,CHEMBL3601235,IC50,7.7
323572,C[C@@H]1C[C@@H](CS(=O)(=O)N2CCC[C@@H](O)C2)CC[C@@H]1N(C)c3ncnc4[nH]ccc34,CHEMBL3652398,IC50,7.71
323582,CCn1c(cc2c1nc(Nc3nc(C)c(s3)C(=O)NC)c4ncn(C)c24)C(=O)N(C5CC5)C6CC6,CHEMBL3622143,IC50,7.72
323593,C[C@@H](NC(=O)c1c[nH]c2ncc(nc12)C3CC3)C(C)(C)O,CHEMBL2325905,IC50,7.72
323604,C[C@@H]1CCN(C[C@@H]1N(C)c2ncnc3[nH]ccc23)C(=O)CC(F)(F)F,CHEMBL1630801,IC50,7.72
323615,C[C@H](Nc1cc(nc(n1)n2cnc3ccncc23)N(C)C)c4ccccc4,CHEMBL218579,IC50,7.72
323626,CONC(=O)c1cc2c(N[C@@H](C)c3ccccc3)nc(nc2n1C)n4cnc5ccncc45,CHEMBL391492,IC50,7.75
323637,COc1cc(ccc1Nc2ncc(c(NCc3cccc(NC(=O)C=C)c3)n2)C(F)(F)F)N4CCN(C)CC4,CHEMBL3601716,IC50,7.75
323647,COc1ccc(Cl)cc1c2c(NC(=O)c3cnn4cccnc34)cnn2CCO,CHEMBL3667515,Ki,7.75
323657,CS(=O)(=O)N1CCC[C@@H](C1)Nc2nc(N)ncc2c3cnc4[nH]ccc4n3,CHEMBL3335694,IC50,7.75
323668,CS(=O)(=O)N1CCC[C@@H](C1)Nc2nc(ncc2c3cnc4[nH]ccc4n3)N5CCOCC5,CHEMBL3335698,IC50,7.75
323678,CS(=O)(=O)c1ccc(cc1)c2cccc3nc(Nc4ccc(cc4)N5CCOCC5)nn23,CHEMBL3642258,IC50,7.75
323688,Cl.CN(C)CC(=O)N1CCC(CC1)c2ccc(NC(=O)c3nc(c[nH]3)C#N)c(c2)C4=CCCCC4,CHEMBL1908395,Kd,7.75
323699,NC(=O)c1cnc(N)c2cc(sc12)c3ccc(cc3)N4CCOCC4,CHEMBL1938642,IC50,7.75
323710,OCC1Cn2c3ccccc3c4c5CNC(=O)c5c6c7ccccc7n(C1)c6c24,CHEMBL396449,IC50,7.76
323721,CN1CCN(CC1)c2ccc(Nc3ncc4c(n3)N(Cc5cccc(NC(=O)C=C)c5)C(=O)C4(C)C)cc2,CHEMBL3601725,IC50,7.77
323732,COC(=O)C1CCc2[nH]c(nc2C1)C3=C(N[C@@H]4CC[C@H](N)CC4)C=CNC3=O,CHEMBL3780467,IC50,7.77
26279,COc1cc(ccc1Nc2ncc(Cl)c(Nc3ccccc3S(=O)(=O)C(C)C)n2)N4CCC(CC4)N5CCN(C)CC5,CHEMBL509032,Kd,7.77
323745,CS(=O)(=O)N1CCC[C@@H](C1)Nc2nc(O)ncc2c3cnc4[nH]ccc4n3,CHEMBL3335695,IC50,7.77
323756,C[C@@H](Nc1cc(ncn1)c2c(N)nn3cccnc23)c4ccccc4,CHEMBL568816,IC50,7.77
323766,C[C@@]1(O)CC[C@@H](CC1)Nc2c(cnn3cc(cc23)c4cncnc4)C(=O)N,CHEMBL3671798,IC50,7.77
323776,C[C@H](NC(=O)c1c[nH]c2ncc(nc12)C3CC3)C(C)(C)O,CHEMBL2325904,IC50,7.77
323786,Clc1cnc2Nc3cccc(COc4cccc(CNc1n2)c4)c3,CHEMBL3694577,IC50,7.77
323796,Fc1cccc(CN2C(=O)Nc3cnc(nc23)n4cnc5ccc(cc45)C#N)c1F,CHEMBL1080332,IC50,7.77
323809,O=C1NC(=O)C(=C1Nc2ccccc2)c3cn(CCCn4ccnc4)c5ccccc35,CHEMBL366266,IC50,7.77
323820,O=C1NC=CC(=C1c2nc3ccccc3[nH]2)NC4CCOCC4,CHEMBL3781427,IC50,7.77
323831,CC1(C)[C@@H](O)CC[C@H]1Nc2c(cnn3cccc23)C(=O)N,CHEMBL3359912,IC50,7.8
323842,CNc1ncc2cc(ccc2n1)c3cc(ccc3C)C(=O)Nc4ccc(Cl)c(c4)C(F)(F)F,CHEMBL215019,IC50,7.8
323853,CNc1ncc2cc(ccc2n1)c3cc(ccc3C)C(=O)Nc4cccc(c4)C(F)(F)F,CHEMBL212964,IC50,7.8
323863,Cc1cc(NC(=O)c2cnn3ccc(N)nc23)n(n1)c4cc(Cl)ccc4C,CHEMBL3670390,Ki,7.8
323872,CC1(F)COCC1Nc2c(cnn3cc(cc23)N4CCCC4=O)C(=O)N,CHEMBL3667461,IC50,7.82
323882,CN(C)C1CCN(C1)C(=O)[C@]2(O)Cn3c4ccccc4c5c6C(=O)NC(=O)c6c7c8ccccc8n(C[C@H]2O)c7c35,CHEMBL557559,IC50,7.82
323893,CS(=O)(=O)N1CCC[C@@H](C1)Nc2nc(ncc2c3cnc4[nH]ccc4n3)N5CC[C@@H](O)C5,CHEMBL3335697,IC50,7.82
324161,C[C@@]1(O)C[C@@H](Nc2c(cnn3cccc23)C(=O)N)C(C)(C)C1,CHEMBL3359917,IC50,7.82
324172,C[C@H](Nc1nc(Nc2cc(C)[nH]n2)c(F)cc1C#N)c3ccc(F)cn3,CHEMBL1774056,IC50,7.82
324183,C[C@H](Nc1nc(Nc2cc(C)[nH]n2)nc(N3CCN(C)CC3)c1F)c4ccc(F)cn4,CHEMBL2381987,IC50,7.82
324193,C[C@]1(N)CC[C@@H](Nc2c(cnn3cc(cc23)c4cncc(c4)C(=O)O)C(=O)N)C1(C)C,CHEMBL3671813,IC50,7.82
324202,Clc1cnc2Nc3cccc(CCCOc4cc(Br)cc(CNc1n2)c4)c3,CHEMBL3694592,IC50,7.82
324212,Fc1cccc2[C@@H](CCOc12)N3C(=O)Nc4cnc(nc34)n5cnc6ccc(Cl)cc56,CHEMBL1081379,IC50,7.82
324223,OCC1Cn2c3ccc(C=O)cc3c4c5CNC(=O)c5c6c7cc(Br)ccc7n(C1)c6c24,CHEMBL231821,IC50,7.82
324233,CN1CCN(CC1)c2ccc(Nc3nc4cccc(c5ccc(CN6CCS(=O)(=O)CC6)cc5)n4n3)cc2,CHEMBL3642302,IC50,7.83
324242,CS(=O)(=O)c1ccc(cc1)c2cccn3nc(Nc4cccc(CN5CCOCC5)c4)nc23,CHEMBL3639411,IC50,7.83
324255,N#CC[C@H](C1CCCC1)n2cc(cn2)c3ncnc4[nH]ccc34,CHEMBL1789941,IC50,7.84
324265,OC1CCC(CC1)NC(=O)c2cnn3ccc(NC4CCc5ccccc45)nc23,CHEMBL3670396,Ki,7.84
324274,CC1CCN(C(=O)CC#N)C12CCCN(C2)c3ncnc4[nH]ccc34,CHEMBL3693606,IC50,7.85
324283,CC1CN(C(=O)CC#N)C12CCCN(C2)c3ncnc4[nH]ccc34,CHEMBL3689514,IC50,7.85
324293,C[C@@H](NC(=O)c1c[nH]c2ncc(Oc3ccc4CC[C@@H](NC(=O)C)c4c3)nc12)C5CC5,CHEMBL2376437,IC50,7.85
324304,C[C@@H]1CCN(C[C@@H]1N(C)c2ncnc3[nH]ccc23)S(=O)(=O)CC(F)(F)F,CHEMBL1630788,IC50,7.85
324315,Clc1ccc2ncn(c3ncc4NC(=O)N(C5CCOCC5)c4n3)c2c1,CHEMBL1080322,IC50,7.85
324325,O=C(CC#N)N1CCCC12CCCN(C2)c3ncnc4[nH]ccc34,CHEMBL3689519,IC50,7.85
324335,OCC1Cn2c3ccc(CO)cc3c4c5CNC(=O)c5c6c7cc(CO)ccc7n(C1)c6c24,CHEMBL232033,IC50,7.85
324345,C[C@]1(N)CC[C@@H](Nc2c(cnn3cc(cc23)c4cccc5ncccc45)C(=O)N)C1(C)C,CHEMBL3671812,IC50,7.86
324355,OCC1(CO)Cn2c3ccccc3c4c5CNC(=O)c5c6c7ccccc7n(C1)c6c24,CHEMBL234292,IC50,7.87
324365,CS(=O)(=O)c1ccc(cc1)c2cccn3nc(Nc4cccc(c4)[C@@H]5CCN(CC(=O)N)C[C@@H]5O)nc23,CHEMBL3642412,IC50,7.88
324375,CC(C#N)C(=O)N1CCC(C)C(C1)N(C)c2ncnc3[nH]ccc23,CHEMBL1630803,IC50,7.89
324385,COc1ccc(Cl)cc1c2nc(C)sc2NC(=O)c3cnn4cccnc34,CHEMBL3667519,Ki,7.89
324395,C[C@@H](COCC(=O)NCc1ccccc1)[C@H]2CC[C@@H](C)[C@H](C2)N(C)c3ncnc4[nH]ccc34,CHEMBL1630786,IC50,7.89
324406,Fc1cc(ccn1)N2CC[C@@H](C2)Oc3cccc(NC4=C(C(=O)NC4=O)c5c[nH]c6ccccc56)c3,CHEMBL3114761,IC50,7.89
324416,O=C(CC#N)N1CCCCC12CCCN(C2)c3ncnc4[nH]ccc34,CHEMBL3693624,IC50,7.89
324425,Cc1ccccc1c2nc(C)sc2NC(=O)c3cnn4ccc(N)nc34,CHEMBL3670391,Ki,7.91
324435,CC(C)[C@@H](Nc1cc(ncn1)c2c(N)nn3cccnc23)c4ccc(F)cc4,CHEMBL570217,IC50,7.92
324446,CC1(C)[C@@H](N)CC[C@H]1Nc2c(cnn3cccc23)C(=O)N,CHEMBL3359919,IC50,7.92
324457,CC[C@@H](Nc1cc(ncn1)c2c(N)nn3cccnc23)c4ccc(F)cc4,CHEMBL569966,IC50,7.92
324467,CN(c1ccc(cc1)c2cccn3nc(Nc4ccc(cc4)N5CCN(C)CC5)nc23)S(=O)(=O)C,CHEMBL3642295,IC50,7.92
26231,CN[C@@H]1C[C@H]2O[C@@](C)([C@@H]1OC)n3c4ccccc4c5c6CNC(=O)c6c7c8ccccc8n2c7c35,CHEMBL388978,Kd,7.92
324480,CO[C@@H]1[C@@H](C[C@H]2O[C@]1(C)n3c4ccccc4c5c6CNC(=O)c6c7c8ccccc8n2c7c35)N(C)C(=O)c9ccccc9,CHEMBL608533,Kd,7.92
324491,COc1cc(ccc1Nc2ncc(Cl)c(SCc3cccc(NC(=O)C=C)c3)n2)N4CCN(C)CC4,CHEMBL3601711,IC50,7.92
324501,FC1(F)CN(C(=O)CC#N)C12CCN(C2)c3ncnc4[nH]ccc34,CHEMBL3689516,IC50,7.92
324511,Fc1cc(ccn1)N2CCC(C2)Oc3cccc(NC4=C(C(=O)NC4=O)c5c[nH]c6ccccc56)c3,CHEMBL3114786,IC50,7.92
324522,O[C@@H]1CCn2c3ccccc3c4c5CNC(=O)c5c6c7ccccc7n(CC[C@@H]1O)c6c24,CHEMBL558241,IC50,7.92
324532,CCOc1ncc(cn1)c2cc3c(N[C@@H]4CN(C[C@@H]4CF)C(=O)C5(CC5)C#N)c(cnn3c2)C(=O)N,CHEMBL3672464,IC50,7.93
324541,CC1(C)CN(CC[C@H]1Nc2c(cnn3cc(cc23)N4CC(CC4=O)c5ccccc5)C(=O)N)c6ccc(cn6)C#N,CHEMBL3667479,IC50,7.94
324550,CC1CCN(C(=O)CC#N)C12CCN(C2)c3ncnc4[nH]ccc34,CHEMBL3693601,IC50,7.96
324559,CCc1cc(O)c(F)cc1c2ccc3c(n[nH]c3c2)c4nc5cc(Cc6ccc7C=CCNc7n6)cnc5[nH]4,CHEMBL3644644,IC50,7.96
324568,CN(c1ccc(cc1)c2cccn3nc(Nc4ccc(CN5CCS(=O)(=O)CC5)cc4)nc23)S(=O)(=O)C,CHEMBL3642343,IC50,7.96
324577,C[C@@]1(O)CC[C@@H](CC1)Nc2c(cnn3cc(cc23)c4cncnc4N)C(=O)N,CHEMBL3671822,IC50,7.96
324587,OCC1Cn2c3ccccc3c4c5CNC(=O)c5c6c7cc(\C=C\Cn8ccnc8)ccc7n(C1)c6c24,CHEMBL243018,IC50,7.96
324598,C[C@@H](NC(=O)c1c[nH]c2ncc(nc12)n3ncc4cc(Cl)ccc34)C(=O)N5CC(C5)C#N,CHEMBL2376156,IC50,7.98
324608,CC(=C)C(=O)Nc1cccc(c1)c2ncnc3[nH]cc(c4cnc(C)s4)c23,CHEMBL3651054,IC50,7.99
324617,CC(=O)N1CCC[C@@H](C1)Nc2ncccc2c3cnc4[nH]ncc4n3,CHEMBL3665164,IC50,8.0
324626,CC(=O)N1CCC[C@@H](C1)Nc2ncccc2c3cnc4cc[nH]c4n3,CHEMBL3665169,IC50,8.0
324635,CC(=O)N1CCC[C@@H](C1)Nc2ncccc2c3cnc4ccn(C)c4n3,CHEMBL3665166,IC50,8.0
324647,CC(C)(C)c1nc2c3ccc(F)cc3c4C(=O)NC=Cc4c2[nH]1,CHEMBL21156,IC50,8.0
324657,CC(C)CC(=O)N1CC[C@H](C1)Nc2ncccc2c3cnc4[nH]ccc4n3,CHEMBL3665140,IC50,8.0
324667,CCCS(=O)(=O)N1CCC[C@@H](C1)NC(=O)Nc2cnc3[nH]ccc3n2,CHEMBL3335684,IC50,8.0
324678,CCC[C@@H](Nc1cc(ncn1)c2c(N)nn3cccnc23)c4ccc(F)cc4,CHEMBL584944,IC50,8.0
324689,CN1CCN(CC1)c2ccc(Nc3cc(NCc4cccc(NC(=O)C=C)c4)ncn3)cc2,CHEMBL3601722,IC50,8.0
324700,CN1CCN(CC1)c2ncc(c(N[C@H]3CCCN(C3)S(=O)(=O)C)n2)c4cnc5[nH]ccc5n4,CHEMBL3335699,IC50,8.0
324711,C[C@@H](NC(=O)c1c[nH]c2ncc(nc12)c3nn(C)c4cc(ccc34)C(C)(C)C)C(=O)N5CC(C5)C#N,CHEMBL2376151,IC50,8.0
324722,C[C@@]1(CCC[C@H]1Nc2c(cnn3cccc23)C(=O)N)C#N,CHEMBL3359926,IC50,8.0
324732,O=C(CC#N)N1CCC12CCCN(C2)c3ncnc4[nH]ccc34,CHEMBL3689515,IC50,8.0
324741,O=C(NCC#N)N1CCCC12CCCN(C2)c3ncnc4[nH]ccc34,CHEMBL3693599,IC50,8.0
324750,CC(=C)C(=O)Nc1cccc(c1)c2ncnc3[nH]cc(c4cccnc4)c23,CHEMBL3651052,IC50,8.01
324759,CCOC(=O)c1c[nH]c2ncnc(c3ccc4cc[nH]c4c3)c12,CHEMBL3650981,IC50,8.01
324768,CS(=O)(=O)N1C[C@H](CF)[C@@H](C1)Nc2c(cnn3cc(cc23)c4ccc(nc4)C(F)(F)F)C(=O)N,CHEMBL3672475,IC50,8.01
324778,CC[C@H](C)NC(=O)c1c[nH]c2ncc(nc12)C3CC3,CHEMBL2325902,IC50,8.02
324788,C[C@]1(N)CC[C@@H](Nc2c(cnn3cc(cc23)c4ccc(nc4)N5CCCC5)C(=O)N)C1(C)C,CHEMBL3671806,IC50,8.02
324797,C[C@@]1(N)CC[C@H](Nc2c(cnn3cc(cc23)c4ccc(cc4)C#N)C(=O)N)C1(C)C,CHEMBL3666891,IC50,8.03
324806,CCOC(=O)c1c[nH]c2ncnc(c3cccc(Nc4nc(Cl)ns4)c3)c12,CHEMBL3651031,IC50,8.04
324815,Clc1cnc2Nc3cccc(CCOc4cccc(CNc1n2)c4)c3,CHEMBL3694578,IC50,8.04
324825,NC(=O)c1cnc2[nH]ccc2c1NC3CCN(CC3)c4ccc(CO)cn4,CHEMBL3593774,IC50,8.04
324835,CCCOC(=O)c1c[nH]c2ncnc(c3ccc4cn(C)nc4c3)c12,CHEMBL3650984,IC50,8.05
324844,CCOC(=O)c1c[nH]c2ncnc(c3cccc(F)c3)c12,CHEMBL3703499,IC50,8.05
324853,CO[C@H]1CN(C[C@H]1Nc2c(cnn3cc(cc23)c4ccc(OC)nc4)C(=O)N)S(=O)(=O)C,CHEMBL3672469,IC50,8.05
324863,COc1cc(ccc1C(=O)NCC#N)c2ccnc(Nc3ccc(cc3)N4CCOCC4)n2,CHEMBL1078364,IC50,8.05
324873,COc1cccc(c1)c2cc3c(NC4C5CC6CC4CC(O)(C6)C5)c(cnn3c2)C(=O)N,CHEMBL3671799,IC50,8.05
324882,COc1ncc(cn1)c2cc3c(N[C@@H]4CN(C[C@@H]4CF)C(=O)C5(CC5)C#N)c(cnn3c2)C(=O)N,CHEMBL3672463,IC50,8.05
324892,C[C@H](Nc1nc(Nc2cc(C)[nH]n2)c(F)cc1C#N)c3ccc(F)cc3,CHEMBL1774055,IC50,8.05
324903,O[C@@H]1Cn2c3ccccc3c4c5C(=O)NC(=O)c5c6c7ccccc7n(CC[C@@H]1O)c6c24,CHEMBL557846,IC50,8.05
324914,O[C@@H]1Cn2c3ccccc3c4c5C(=O)NC(=O)c5c6c7ccccc7n(C[C@@]1(O)C(=O)O)c6c24,CHEMBL550791,IC50,8.05
324924,CCOC(=O)c1c[nH]c2ncnc(c3ccc4ccccc4c3)c12,CHEMBL3703497,IC50,8.06
324934,C[C@@H](NC(=O)c1c[nH]c2ncc(nc12)C3CC3)C(=O)N4CCC(C4)C#N,CHEMBL2325912,IC50,8.06
324944,C[C@]1(N)CC[C@@H](Nc2c(cnn3cc(cc23)N4CCC4=O)C(=O)N)C1(C)C,CHEMBL3671826,IC50,8.06
324954,CC(NC(=O)c1c[nH]c2ncc(nc12)C3CC3)C4CC4,CHEMBL2325900,IC50,8.07
324964,CCNC(=O)c1ccc(cn1)c2cc3c(N[C@@H]4CN(C[C@@H]4CC)C(=O)C(C)(C)C#N)c(cnn3c2)C(=O)N,CHEMBL3672461,IC50,8.07
324973,CC(=C)C(=O)Nc1cccc(c1)c2ncnc3[nH]cc(C4CCOCC4)c23,CHEMBL3651063,IC50,8.08
324982,CCOC(=O)c1c[nH]c2ncnc(c3ccc(CO)c(N)c3)c12,CHEMBL3703494,IC50,8.08
324991,CCOC(=O)c1c[nH]c2ncnc(c3cccc(Cl)c3)c12,CHEMBL3703496,IC50,8.08
325000,CCOC(=O)c1c[nH]c2ncnc(c3cccc(NC(=O)\C=C/C)c3)c12,CHEMBL3651020,IC50,8.08
325009,COc1ncc(cn1)c2cc3c(N[C@@H]4CC[C@](C)(N)C4(C)C)c(cnn3c2)C(=O)N,CHEMBL3671814,IC50,8.08
325018,CCOC(=O)c1c[nH]c2ncnc(c3ccc4c(F)n(C)nc4c3)c12,CHEMBL3703492,IC50,8.09
325027,CCOC(=O)c1c[nH]c2ncnc(c3cccc(NS(=O)(=O)\C=C\C)c3)c12,CHEMBL3651033,IC50,8.09
325036,CCS(=O)(=O)Nc1cc2c(N[C@@H]3CC[C@@](C)(O)C3(C)C)c(cnn2c1)C(=O)N,CHEMBL3666886,IC50,8.09
325048,COC(=O)c1ccc2\C(=C(\Nc3ccc(cc3)N(C)C(=O)CN4CCN(C)CC4)/c5ccccc5)\C(=O)Nc2c1,CHEMBL502835,Kd,8.09
325060,C[C@@H](NC(=O)c1c[nH]c2ncc(nc12)C3CC3)C(=O)N4CC(C4)C#N,CHEMBL2325894,IC50,8.09
325070,CC(=C)C(=O)Nc1cccc(c1)c2ncnc3[nH]cc(c4occn4)c23,CHEMBL3651062,IC50,8.1
325081,CC(C)(O)C(=O)N1CCN(CC1)c2ccc(c(c2)C3=C(C(=O)NC3=O)c4c[nH]c5ccccc45)C(F)(F)F,CHEMBL1650951,IC50,8.1
325092,CC[C@H](CO)Nc1ncc(c(N[C@H]2CCCN(C2)S(=O)(=O)C)n1)c3cnc4[nH]ccc4n3,CHEMBL3335696,IC50,8.1
325103,C[C@@H](Nc1c(cnn2cccc12)C(=O)N)C(C)(C)C,CHEMBL3359907,IC50,8.1
325114,C[C@H](Nc1nc(Nc2cc(C)[nH]n2)nc(N3CCOCC3)c1F)c4ncc(F)cc4F,CHEMBL2381983,IC50,8.1
325125,OC1CCCn2c3ccccc3c4c5C(=O)NC(=O)c5c6c7ccccc7n(C1)c6c24,CHEMBL565066,IC50,8.1
325136,CC(C)[C@H](C)NC(=O)c1c[nH]c2ncc(nc12)C3CC3,CHEMBL2325899,IC50,8.11
325146,CC[C@@H]1CN(CC[C@H]1Nc2c(cnn3cc(cc23)c4cnn(C)c4)C(=O)N)C(=O)[C@@H](C)O,CHEMBL3672450,IC50,8.11
325156,COCCn1cc(Nc2ncc(Cl)c(NCc3cccc(NC(=O)C(=C)C)c3)n2)cn1,CHEMBL3601123,IC50,8.11
325167,C[C@@H](O)c1nc2cnc3[nH]ccc3c2n1[C@@H]4CC[C@@H](CCC#N)CC4,CHEMBL2386636,Ki,8.11
325177,CCOC(=O)c1c[nH]c2ncnc(c3cccc(C)c3)c12,CHEMBL3703502,IC50,8.12
325186,NC(=O)c1cnn2cc(cc2c1NC3CCOCC3)c4ccc(F)cc4,CHEMBL3667453,IC50,8.12
325195,CC(=C)C(=O)Nc1cccc(c1)c2ncnc3[nH]cc(c4cnc[nH]4)c23,CHEMBL3651051,IC50,8.13
325204,CCOC(=O)c1c[nH]c2ncnc(c3ccc(Cl)c(N)c3)c12,CHEMBL3703491,IC50,8.13
325213,CCOC(=O)c1c[nH]c2ncnc(c3ccc(cc3)n4cccn4)c12,CHEMBL3650982,IC50,8.13
325222,CCOC(=O)c1c[nH]c2ncnc(c3ccccc3F)c12,CHEMBL3703498,IC50,8.13
325231,CNC(=O)c1ccc(cn1)c2cc3c(N[C@@H]4CN(C[C@@H]4C)C(=O)OC)c(cnn3c2)C(=O)N,CHEMBL3672457,IC50,8.13
325241,OC1CCN(CC1)c2c(F)cc(Nc3ncc(Cl)c(NCc4cccc(NC(=O)C=C)c4)n3)cc2F,CHEMBL3601237,IC50,8.13
325251,CCOC(=O)c1c[nH]c2ncnc(c3ccc4cn(C)nc4c3)c12,CHEMBL3703486,IC50,8.14
325260,NC(=O)c1cnn2cc(cc2c1NC34CC5CC(O)(CC(O)(C5)C3)C4)c6ccc7scnc7c6,CHEMBL3671818,IC50,8.14
325269,CC[C@@H]1CN(CC[C@H]1Nc2c(cnn3cc(cc23)c4ccnc(C)c4)C(=O)N)C(=O)C(C)(C)O,CHEMBL3667483,IC50,8.15
325278,C[C@]1(F)CCC[C@H]1Nc2c(cnn3cc(cc23)N4CCOCC4=O)C(=O)N,CHEMBL3671824,IC50,8.15
325288,CC(=O)\C\1=C\Cn2c3ccccc3c4c5C(=O)NC(=O)c5c6c7ccccc7n(C1)c6c24,CHEMBL557101,IC50,8.16
325299,CC(C)CS(=O)(=O)N1CCC[C@@H](C1)NC(=O)Nc2cnc3[nH]ccc3n2,CHEMBL3335685,IC50,8.16
325309,CC[C@@H]1CN(CC[C@H]1Nc2c(cnn3cc(cc23)c4ccnc(OC)c4)C(=O)N)C(=O)[C@H](C)O,CHEMBL3667484,IC50,8.16
325319,CN1CCN(CC1)c2ccc(Nc3ncc4CN(C)C(=O)N(Cc5cccc(NC(=O)C=C)c5)c4n3)cc2,CHEMBL3601727,IC50,8.16
325329,COc1ccccc1c2c[nH]c3ncnc(c4ccc5cn(C)nc5c4)c23,CHEMBL3651058,IC50,8.16
325339,C[C@@H](Nc1cc(ncn1)c2c(N)nn3cccnc23)c4ccc(F)cc4,CHEMBL583895,IC50,8.16
325350,O=C1Nc2cnc(nc2N1C3CCOCC3)n4cnc5ccc(cc45)C#N,CHEMBL1080323,IC50,8.16
325360,CCOC(=O)c1c[nH]c2ncnc(c3ccc(cc3)N4CCS(=O)(=O)CC4)c12,CHEMBL3650983,IC50,8.17
325369,CC[C@@H]1CN(CC[C@H]1Nc2c(cnn3cc(cc23)c4cnn(C)c4)C(=O)N)C(=O)CC(F)(F)F,CHEMBL3667486,IC50,8.17
325378,C[C@]1(F)CCC[C@H]1Nc2c(cnn3cc(cc23)N4CCOC4=O)C(=O)N,CHEMBL3671823,IC50,8.17
325387,FC1(F)CCN(C(=O)CC#N)C12CCCN(C2)c3ncnc4[nH]ccc34,CHEMBL3693603,IC50,8.17
325396,Oc1cc(CC(F)(F)F)c(cc1F)c2ccc3c(n[nH]c3c2)c4nc5CN(CCc5[nH]4)C(=O)c6ccc(F)cc6,CHEMBL3644639,IC50,8.17
325405,CCOC(=O)c1c[nH]c2ncnc(c3cccc(NC(=O)\C(=C\CN(C)C)\C)c3)c12,CHEMBL3651061,IC50,8.18
325414,CCOC(=O)c1c[nH]c2ncnc(c3cccc(NC(=O)\C=C\c4ccccn4)c3)c12,CHEMBL3651023,IC50,8.18
325423,CO[C@H]1CN(C[C@H]1Nc2c(cnn3cc(cc23)c4ccc(cc4)C#N)C(=O)N)C(=O)C5(CC5)C#N,CHEMBL3672468,IC50,8.18
325433,COc1cc(ccc1Nc2ncc(Cl)c(NC(C)c3cccc(NC(=O)C=C)c3)n2)N4CCN(C)CC4,CHEMBL3601709,IC50,8.18
325443,FC1(F)CCN(C(=O)CC#N)C12CCN(C2)c3ncnc4[nH]ccc34,CHEMBL3693602,IC50,8.18
325453,C(CN1CCCC1)Oc2ccc(cc2)c3[nH]c4ncnc(NCC5SCCS5)c4c3c6ccccc6,CHEMBL2087875,Ki,8.19
325464,CC(C)[C@H](C)N1C=C(c2ccn(C)n2)c3[nH]nc(N)c3C1=O,CHEMBL3764030,IC50,8.19
325474,CCOC(=O)c1c[nH]c2ncnc(c3ccc4[nH]ncc4c3)c12,CHEMBL3650979,IC50,8.19
325483,Clc1cnc2Nc3cccc(OCCOc4cccc(CNc1n2)c4)c3,CHEMBL3694583,IC50,8.19
325492,Cn1nccc1c2cc3c(NC4C5CC6CC4CC(O)(C6)C5)c(cnn3c2)C(=O)N,CHEMBL3671802,IC50,8.21
325502,Fc1cc(Nc2ncc(Cl)c(NCc3cccc(NC(=O)C=C)c3)n2)cc(F)c1OCCN4CCOCC4,CHEMBL3601238,IC50,8.21
325513,CC1(C)[C@H](O)CC[C@H]1Nc2c(cnn3cccc23)C(=O)N,CHEMBL3359913,IC50,8.22
325523,CCOC(=O)c1c[nH]c2ncnc(C3=CCCCC3)c12,CHEMBL3703490,IC50,8.22
325532,C[C@@]1(O)CC[C@@H](Nc2c(cnn3cc(NS(=O)(=O)C)cc23)C(=O)N)C1(C)C,CHEMBL3671832,IC50,8.22
325541,C[C@]1(N)CC[C@@H](Nc2c(cnn3cc(cc23)c4ccccc4C(=O)N)C(=O)N)C1(C)C,CHEMBL3671808,IC50,8.22
325552,Cc1cc(Nc2ncc(s2)C(=O)Nc3c(C)cccc3Cl)nc(C)n1,CHEMBL364623,IC50,8.22
325562,Cc1ccc(cc1)c2cc3c(NC4C5CC6CC4CC(O)(C6)C5)c(cnn3c2)C(=O)N,CHEMBL3671803,IC50,8.22
325571,Cc1ccncc1c2cc3c(N[C@@H]4CC[C@](C)(N)C4(C)C)c(cnn3c2)C(=O)N,CHEMBL3671805,IC50,8.22
325581,Fc1cccc(F)c1CN2C(=O)Nc3cnc(nc23)n4cnc5ccc(cc45)C#N,CHEMBL1079523,IC50,8.22
325592,O[C@@H]1Cn2c3ccccc3c4c5CNC(=O)c5c6c7ccccc7n(C[C@@H]1O)c6c24,CHEMBL559787,IC50,8.22
325603,C[C@@H](O)c1nc2cnc3[nH]ccc3c2n1[C@@H]4CC[C@@H](CC#N)CC4,CHEMBL2386635,Ki,8.23
325613,CCOC(=O)c1c[nH]c2ncnc(c3ccc(O)cc3)c12,CHEMBL3703495,IC50,8.24
325622,CCOC(=O)c1c[nH]c2ncnc(c3ccc(OC)cc3)c12,CHEMBL3703487,IC50,8.24
325631,CCOC(=O)c1c[nH]c2ncnc(c3cccc(O)c3)c12,CHEMBL3703501,IC50,8.25
325640,CC[C@H](O)C(=O)N1CC[C@@H](Nc2c(cnn3cc(cc23)c4cnn(C)c4)C(=O)N)[C@H](CC)C1,CHEMBL3667482,IC50,8.25
325649,CCc1cc(O)c(F)cc1c2ccc3c(n[nH]c3c2)c4nc5CN(Cc6cccc(O)c6)CCc5[nH]4,CHEMBL3644633,IC50,8.25
325658,Cn1nccc1c2cc3c(N[C@@H]4C[C@@H](O)[C@@H](O)C4(C)C)c(cnn3c2)C(=O)N,CHEMBL3671792,IC50,8.25
325667,CCOC(=O)c1c[nH]c2ncnc(c3ccccc3)c12,CHEMBL3703485,IC50,8.26
325676,COc1ccc(Cl)cc1c2c(NC(=O)c3c(N)nn4cccnc34)cnn2CC(=O)N,CHEMBL3667521,Ki,8.26
325685,COc1cncc(c1)c2cc3c(N[C@@H]4CC[C@](C)(N)C4(C)C)c(cnn3c2)C(=O)N,CHEMBL3671815,IC50,8.26
325694,CC(=C)C(=O)Nc1cccc(c1)c2ncnc3[nH]cc(c4ccc(C)cc4)c23,CHEMBL3651049,IC50,8.27
325703,CC(=C)C(=O)Nc1cccc(c1)c2ncnc3[nH]cc(c4ccccc4C)c23,CHEMBL3651048,IC50,8.28
325713,CC(C)C(C)N1C=C(c2ccc(cn2)N3CCOCC3)c4[nH]nc(N)c4C1=O,CHEMBL3763252,IC50,8.28
325723,CCOC(=O)c1c[nH]c2ncnc(c3cccc(NC(=O)\C=C\C(=O)C)c3)c12,CHEMBL3651022,IC50,8.28
325733,CCn1cc(cn1)c2cnc3[nH]cc(C(=O)N[C@H](C)C(=O)N4CC(C4)C#N)c3n2,CHEMBL2376142,IC50,8.28
325744,Fc1cc(N2CCOCC2)c(F)cc1Nc3ncc(Cl)c(NCc4cccc(NC(=O)C=C)c4)n3,CHEMBL3601234,IC50,8.28
325755,NC(=O)c1ccc(nc1)N2CCC(CC2)Nc3c(cnc4[nH]ccc34)C(=O)N,CHEMBL3593773,IC50,8.28
325766,C[C@@H]1CCCC[C@@H]1Nc2c(cnc3[nH]ccc23)C(=O)N,CHEMBL3593761,IC50,8.29
325776,C[C@]1(O)CCCC[C@@H]1Nc2c(cnn3cc(cc23)c4ccccc4)C(=O)N,CHEMBL3671821,IC50,8.29
325785,CC(=C)C(=O)Nc1cccc(c1)c2ncnc3[nH]cc(C4=CCOCC4)c23,CHEMBL3651053,IC50,8.3
325794,CC(=C)C(=O)Nc1cccc(c1)c2ncnc3[nH]cc(c4ocnc4)c23,CHEMBL3651065,IC50,8.3
325804,CC(=O)N[C@@H]1CCc2ccc(Oc3cnc4[nH]cc(C(=O)N[C@H](C5CC5)C(=O)N6CC(C6)C#N)c4n3)cc12,CHEMBL2376439,IC50,8.3
325815,CC(C)CS(=O)(=O)N1C[C@@H](C)C[C@@H](C1)NC(=O)Nc2cnc3[nH]ccc3n2,CHEMBL3335687,IC50,8.3
325826,CC(C)CS(=O)(=O)N1C[C@@H](C)C[C@@H](C1)Nc2ncccc2c3cnc4[nH]ccc4n3,CHEMBL3335692,IC50,8.3
325837,CC1(C)CCC[C@H]1Nc2c(cnn3cccc23)C(=O)N,CHEMBL3359908,IC50,8.3
325848,C[C@@H]1CCN(C[C@@H]1N2C(=O)N(C)c3cnc4[nH]ccc4c23)C(=O)CC#N,CHEMBL3593592,IC50,8.3
325859,C[C@]1(N)CC[C@@H](Nc2c(cnn3cccc23)C(=O)N)C1(C)C,CHEMBL3359921,IC50,8.3
325870,OC1CCn2c3ccccc3c4c5C(=O)NC(=O)c5c6c7ccccc7n(C1)c6c24,CHEMBL562934,IC50,8.3
325880,CCOC(=O)c1c[nH]c2ncnc(c3cc4ccccc4s3)c12,CHEMBL3703505,IC50,8.32
325890,COc1cc(ccc1Nc2ncc(Cl)c(NCc3cccc(NC(=O)C=C)c3)n2)N4CCN(C)CC4,CHEMBL3601223,IC50,8.32
325900,CC(=O)N1CCCC(C1)Nc2ncccc2c3cnc4nc[nH]c4n3,CHEMBL3665170,IC50,8.33
325909,NC(=O)c1cnn2cc(cc2c1NC34CC5CC(O)(CC(O)(C5)C3)C4)c6ccc(F)cc6,CHEMBL3671817,IC50,8.33
325919,CC(C)[C@H](C)N1C=C(c2cc(C3CCOCC3)n(C)n2)c4[nH]nc(N)c4C1=O,CHEMBL3764277,IC50,8.34
325929,CCOC(=O)c1c[nH]c2ncnc(c3ccc(C)c(N)c3)c12,CHEMBL3703489,IC50,8.34
325938,CCOC(=O)c1c[nH]c2ncnc(c3ccc4CCNc4c3)c12,CHEMBL3703493,IC50,8.34
325948,CN1CCN(CC1)c2cc(F)c(Nc3ncc(Cl)c(NCc4cccc(NC(=O)C=C)c4)n3)cc2F,CHEMBL3601230,IC50,8.34
325959,Cn1cc(Nc2ncc(Cl)c(NCc3ccc(F)c(NC(=O)C=C)c3)n2)cn1,CHEMBL3601127,IC50,8.36
325969,CCOC(=O)c1c[nH]c2ncnc(c3ccc(cc3)c4ccccc4)c12,CHEMBL3703500,IC50,8.38
325978,CCc1cc(O)c(F)cc1c2ccc3c(n[nH]c3c2)c4nc5CN(Cc6cccnc6C#N)CCc5[nH]4,CHEMBL3644638,IC50,8.39
325987,NC(=O)[C@@H]1CCCN(C1)c2ccc(Nc3ncc(C(=O)N)c(NC4CC4)n3)cc2,CHEMBL3645122,Kd,8.39
325997,CC(C)[C@H](C)N1C=C(c2cc(N3CCS(=O)(=O)CC3)n(C)n2)c4[nH]nc(N)c4C1=O,CHEMBL3765517,IC50,8.4
326008,CC1CC[C@@H](C[C@@H]1N(C)c2ncnc3[nH]ccc23)C(=C)C,CHEMBL1630781,IC50,8.4
326018,CCOC(=O)c1c[nH]c2ncnc(c3cccc(NC(=O)C(=C)C)c3)c12,CHEMBL3650985,IC50,8.4
326027,CCOC(=O)c1c[nH]c2ncnc(c3oc4ccccc4c3)c12,CHEMBL3650978,IC50,8.4
326037,C[C@H](Nc1nc(Nc2cc(C)[nH]n2)nc(N3CCS(=O)(=O)CC3)c1F)c4ccc(F)cn4,CHEMBL2381986,IC50,8.4
326047,FC1(F)CN(C(=O)CC#N)C12CCCN(C2)c3ncnc4[nH]ccc34,CHEMBL3689517,IC50,8.4
326056,CCOC(=O)c1c[nH]c2ncnc(c3cccc(NC(=O)\C=C\c4nccs4)c3)c12,CHEMBL3651028,IC50,8.41
326065,CN([C@@H]1CC[C@@H](CS(=O)(=O)N2CCC[C@H](C2)OC(=O)C(C)(C)C)CC1)c3ncnc4[nH]ccc34,CHEMBL3652403,IC50,8.41
326074,CCOC(=O)c1c[nH]c2ncnc(c3ccc4OCOc4c3)c12,CHEMBL3703504,IC50,8.42
326084,O=C(CC#N)N1CCC[C@H](C1)n2cnc3cnc4[nH]ccc4c23,CHEMBL2152300,Ki,8.42
326095,CC(=O)N1CCN(CC1)c2c(F)cc(Nc3ncc(Cl)c(NCc4cccc(NC(=O)C=C)c4)n3)cc2F,CHEMBL3601236,IC50,8.44
326105,CCc1cc(O)c(F)cc1c2ccc3c(n[nH]c3c2)c4nc5cc(cnc5[nH]4)C(=O)c6ccc(Oc7ccccc7F)cc6OCC(C)NN,CHEMBL3644642,IC50,8.44
326115,NC(=O)c1cnc2[nH]ccc2c1NC3CCN(CC3)c4cnc(cn4)C#N,CHEMBL3593775,IC50,8.44
326125,CCOC(=O)c1c[nH]c2ncnc(c3cccc(OCC(F)(F)F)c3)c12,CHEMBL3703488,IC50,8.46
326134,COc1ccccc1c2c[nH]c3ncnc(c4ccccc4)c23,CHEMBL3651057,IC50,8.47
326144,C[C@@H](NC(=O)c1c[nH]c2ncc(nc12)c3cnc4cc(Cl)ccn34)C(=O)N5CC(C5)C#N,CHEMBL2376159,IC50,8.47
326155,NC(=O)c1cnc2[nH]ccc2c1NC3CCN(CC3)c4ccc(cc4)C#N,CHEMBL3593770,IC50,8.47
326166,CC(C)[C@@H](C)N1C=C(c2cc(n(C)n2)C(C)(C)O)c3[nH]nc(N)c3C1=O,CHEMBL3765822,IC50,8.48
326176,CCOC(=O)c1c[nH]c2ncnc(c3ccc(cc3)N(C)C)c12,CHEMBL3703503,IC50,8.48
326185,CCOC(=O)c1c[nH]c2ncnc(c3cccc(OCc4ccccc4)c3)c12,CHEMBL3703506,IC50,8.48
326194,COc1ccc(cn1)c2cc3c(N[C@H]4CCN(CC4(C)C)C(=O)[C@H](C)O)c(cnn3c2)C(=O)N,CHEMBL3672471,IC50,8.48
326203,Cn1ccc2ncc(nc12)c3cccnc3N[C@H]4CCCN(C4)S(=O)(=O)C,CHEMBL3665154,IC50,8.49
326212,COC(=O)Cc1ccc(OC)c(c1)c2c[nH]c3ncnc(c4ccccc4)c23,CHEMBL3651056,IC50,8.51
326222,C[C@@H](NC(=O)c1c[nH]c2ncc(nc12)c3nn(C)c4cc(ccc34)C5CC5)C(=O)N6CC(C6)C#N,CHEMBL2376150,IC50,8.51
326232,CCCS(=O)(=O)N1CCC[C@@H](C1)Nc2ncccc2c3cnc4nc[nH]c4n3,CHEMBL3665162,IC50,8.52
326241,CNC(=O)[C@H]1CCCN(C1)c2ccc(Nc3ncc(C(=O)N)c(NC4CC4)n3)cc2,CHEMBL3645120,Kd,8.52
326250,CS(=O)(=O)N1CCC[C@@H](C1)Nc2ncccc2c3cnc4cc[nH]c4n3,CHEMBL3665165,IC50,8.52
326260,C[C@@H](NC(=O)c1c[nH]c2ncc(nc12)c3nn(C)c4ccc(Cl)cc34)C(=O)N5CC(C5)C#N,CHEMBL2376145,IC50,8.52
326271,C[C@@H]1CCCC[C@@H]1N2C(=O)Nc3cnc4[nH]ccc4c23,CHEMBL3593579,IC50,8.52
326282,C[C@@]1(O)CC[C@@H](Nc2c(cnn3cccc23)C(=O)N)C1(C)C,CHEMBL3359915,IC50,8.52
326293,Cl.CC[C@@H]1CCCC[C@@H]1N2C(=O)Nc3cnc4[nH]ccc4c23,CHEMBL3593584,IC50,8.52
326304,Fc1ccc2ncn(c3ncc4NC(=O)N([C@@H]5CCOc6c(F)cccc56)c4n3)c2c1,CHEMBL1079593,IC50,8.52
326315,OCC1Cn2c3ccc(CO)cc3c4c5CNC(=O)c5c6c7cc(\C=C\Cn8ccnc8)ccc7n(C1)c6c24,CHEMBL234066,IC50,8.52
326326,OCC1Cn2c3ccc(CO)cc3c4c5CNC(=O)c5c6c7ccccc7n(C1)c6c24,CHEMBL234936,IC50,8.52
326337,O[C@@H]1Cn2c3ccccc3c4c5C(=O)NC(=O)c5c6c7ccccc7n(C[C@@H]1O)c6c24,CHEMBL563588,IC50,8.52
326348,CN(c1ccccc1c2cc(Cl)c3cnc(Nc4ccc(cc4)C5CCN(CC(=O)N)CC5)nn23)S(=O)(=O)C,CHEMBL1934353,IC50,8.54
326358,COCC(=O)N1CCN(CC1)c2ccc(Nc3ncc(C(=O)N)c(NC4CC4)n3)cc2,CHEMBL3645119,Kd,8.54
326368,C[C@@H](NC(=O)c1c[nH]c2ncc(nc12)c3nn(C)c4ccccc34)C(=O)N5CC(C5)C#N,CHEMBL2376146,IC50,8.54
326379,Cc1ccc(C)c(c1)c2nn(C)cc2NC(=O)c3cnn4ccc(N)nc34,CHEMBL2178803,Ki,8.54
326389,Clc1cnc(Nc2conc2)nc1NCc3cccc(NC(=O)C=C)c3,CHEMBL3601244,IC50,8.54
326400,CC(C)[C@H](C)N1C=C(c2cc(N3CCOCC3)n(C)n2)c4[nH]nc(N)c4C1=O,CHEMBL3763213,IC50,8.55
326410,CS(=O)(=O)N1CCN(CC1)c2ccc(Nc3ncc(C(=O)N)c(NC4CC4)n3)cc2,CHEMBL3645121,Kd,8.57
326419,CCc1cc(O)c(F)cc1c2ccc3c(n[nH]c3c2)c4nc5CN(Cc6cccc(OC)c6)CCc5[nH]4,CHEMBL3644635,IC50,8.59
326429,CC[C@@](C)(Nc1ccnc(n1)c2c[nH]c3ncccc23)C(=O)NCC(F)(F)F,CHEMBL3039513,Ki,8.6
326440,N[C@@H]1CC[C@@H](CC1)NC2=C(C(=O)NC=C2)c3nc4ccccc4[nH]3,CHEMBL3780091,IC50,8.6
326450,CCOC(=O)c1c[nH]c2ncnc(c3cccc(NC(=O)\C=C\c4c[nH]c5ccccc45)c3)c12,CHEMBL3651025,IC50,8.62
326459,CCc1cc(O)c(F)cc1c2ccc3c(n[nH]c3c2)c4nc5CN(Cc6ccc(Oc7ccccc7)nc6)CCc5[nH]4,CHEMBL3644637,IC50,8.62
326468,Clc1cnc2Nc3cccc(CCCOc4cccc(CNc1n2)c4)c3,CHEMBL3694581,IC50,8.62
326477,CS(=O)(=O)N1CCC[C@@H](C1)Nc2ncccc2c3cnc4nc[nH]c4n3,CHEMBL3665155,IC50,8.63
326486,CCOC(=O)c1c[nH]c2ncnc(c3ccc(N)cc3)c12,CHEMBL3650980,IC50,8.64
326495,CCOC(=O)c1c[nH]c2ncnc(c3ccc4CCN(C(=O)C(=C)C)c4c3)c12,CHEMBL3651001,IC50,8.64
326505,COc1cc(ccc1Nc2ncc(Br)c(NCc3cccc(NC(=O)C=C)c3)n2)N4CCN(C)CC4,CHEMBL3601715,IC50,8.64
326516,C[C@@H](NC(=O)c1c[nH]c2ncc(nc12)c3nn(C)c4cc(ccc34)C#N)C(=O)N5CC(C5)C#N,CHEMBL2376148,IC50,8.64
26212,C[C@]12O[C@H](C[C@]1(O)CO)n3c4ccccc4c5c6C(=O)NCc6c7c8ccccc8n2c7c35,CHEMBL603469,Kd,8.64
326529,Clc1cnc(Nc2cnn(CCOCCOCCOCCNC(=O)CCCC[C@@H]3SC[C@@H]4NC(=O)N[C@H]34)c2)nc1NCc5cccc(NC(=O)C=C)c5,CHEMBL3601862,IC50,8.64
326539,CCc1cc(O)c(F)cc1c2ccc3c(n[nH]c3c2)c4nc5CN(Cc6ccc(O)cc6)CCc5[nH]4,CHEMBL3644632,IC50,8.66
326548,COc1ccc(cn1)c2cc3c(N[C@@H]4CN(C[C@@H]4C)C(=O)CC#N)c(cnn3c2)C(=O)N,CHEMBL3667465,IC50,8.66
326557,CCOC(=O)c1c[nH]c2ncnc(c3cccc(NC(=O)\C=C\COC)c3)c12,CHEMBL3651019,IC50,8.68
326567,CC(C)(C)CS(=O)(=O)N1CCC[C@@H](C1)NC(=O)Nc2cnc3[nH]ccc3n2,CHEMBL3335686,IC50,8.7
326578,CC(C)(C)CS(=O)(=O)N1CCC[C@@H](C1)Nc2ncccc2c3cnc4[nH]ccc4n3,CHEMBL3335690,IC50,8.7
326588,CCOC(=O)c1c[nH]c2ncnc(c3cccc(NC(=O)\C=C\c4ccncc4)c3)c12,CHEMBL3651024,IC50,8.7
326598,CN1CCN(CC1)c2ccc(Nc3ncc(Cl)c(NCc4cccc(NC(=O)C=C)c4)n3)cc2Cl,CHEMBL3601228,IC50,8.7
326609,CNC(=O)Cn1cc(Nc2ncc(Cl)c(NCc3ccc(NC(=O)C=C)cc3)n2)cn1,CHEMBL3601707,IC50,8.7
326619,COC(=O)c1c[nH]c2ncnc(c3cccc(NC(=O)C(=C)C)c3)c12,CHEMBL3651035,IC50,8.7
326629,C[C@@H]1CC[C@@H](C[C@@H]1N(C)c2ncnc3[nH]ccc23)C(=C)C,CHEMBL1630782,IC50,8.7
326639,CC1(C)[C@@H](CC[C@]1(C)C(=O)N)Nc2c(cnn3cc(cc23)c4ccc(F)nc4)C(=O)N,CHEMBL3671830,IC50,8.72
326648,CCOC(=O)c1c[nH]c2ncnc(c3cccc(NC(=O)\C=C(\C)/C(F)(F)F)c3)c12,CHEMBL3651026,IC50,8.72
326657,CCc1cc(O)c(F)cc1c2ccc3c(n[nH]c3c2)c4nc5CCN(CCc5[nH]4)C(=O)c6cc(ccn6)C#N,CHEMBL3644623,IC50,8.72
326666,CCc1cc(O)c(F)cc1c2ccc3c(n[nH]c3c2)c4nc5CN(CCc5[nH]4)C(=O)c6ccc(nc6)C#N,CHEMBL3644629,IC50,8.72
326675,CC(=C)C(=O)Nc1cccc(c1)c2ncnc3[nH]cc(c4cncs4)c23,CHEMBL3651055,IC50,8.75
326684,CCOP(=O)(OCC)O[C@@H]1CCCN(C1)S(=O)(=O)C[C@@H]2CC[C@H](CC2)N(C)c3ncnc4[nH]ccc34,CHEMBL3652409,IC50,8.75
326694,COc1ccc2c(nn(C)c2c1)c3cnc4[nH]cc(C(=O)N[C@H](C)C(=O)N5CC(C5)C#N)c4n3,CHEMBL2376149,IC50,8.75
326705,C[C@@H](NC(=O)c1c[nH]c2ncc(nc12)c3nn(C)c4cc(Cl)cc(F)c34)C(=O)N5CC(C5)C#N,CHEMBL2376152,IC50,8.75
326716,C[C@H](NC(=O)c1c[nH]c2ncc(nc12)C3CC3)C(C)(C)C#N,CHEMBL2325906,IC50,8.75
326726,C[C@H]1[C@@H](C[C@@H]2CN(C[C@H]12)S(=O)(=O)C)Nc3c(cnn4cc(cc34)N5CCN(C(=O)C)C5=O)C(=O)N,CHEMBL3667468,IC50,8.75
326735,COc1ccc(cn1)c2cc3c(N[C@@H]4CC[C@](C)(NS(=O)(=O)C)C4(C)C)c(cnn3c2)C(=O)N,CHEMBL3671827,IC50,8.77
326744,C[C@]1(N)CC[C@@H](Nc2c(cnn3cc(cc23)N4CCCC4=O)C(=O)N)C1(C)C,CHEMBL3671825,IC50,8.77
326754,Cc1nn(C)cc1Nc2ncc(Cl)c(NCc3cccc(NC(=O)C=C)c3)n2,CHEMBL3601243,IC50,8.77
326765,NC(=O)c1cnc2[nH]ccc2c1N[C@H]3CCN(C[C@H]3F)c4ccc(cn4)C#N,CHEMBL3593778,IC50,8.77
326775,Nc1ccn2ncc(C(=O)Nc3c[nH]nc3c4cc(Cl)ccc4Cl)c2n1,CHEMBL3670393,Ki,8.77
326784,CCOC(=O)c1c[nH]c2ncnc(c3cccc(NC(=O)\C=C\C)c3)c12,CHEMBL3650989,IC50,8.8
326793,CCc1cc(O)c(F)cc1c2ccc3c(n[nH]c3c2)c4nc5CN(CCc5[nH]4)S(=O)(=O)c6ccc(F)cc6,CHEMBL3644626,IC50,8.8
326803,COCCn1cc(Nc2ncc(Cl)c(NC(C)c3cccc(NC(=O)C=C)c3)n2)cn1,CHEMBL3601710,IC50,8.8
326813,C[C@@]1(O)CC[C@@H](CC1)Nc2c(cnn3cc(cc23)c4ccc(cc4)[N+]#[C-])C(=O)N,CHEMBL3671797,IC50,8.8
326822,C[C@]1(N)CC[C@@H](Nc2c(cnn3cc(cc23)c4ccc(cc4)C(=O)NC5CC5)C(=O)N)C1(C)C,CHEMBL3671807,IC50,8.8
326831,CC(=C)C(=O)Nc1cccc(c1)c2ncnc3[nH]cc(c4ccc(F)cc4)c23,CHEMBL3651046,IC50,8.82
326840,CC(=C)C(=O)Nc1cccc(c1)c2ncnc3[nH]cc(c4cccc(F)c4Cl)c23,CHEMBL3651047,IC50,8.82
326849,CCOC(=O)c1c[nH]c2ncnc(c3ccc(C(=O)N(C)C)c(NC(=O)C(=C)C)c3)c12,CHEMBL3651007,IC50,8.82
326858,CCOC(=O)c1c[nH]c2ncnc(c3ccc(CN(C)C)c(NC(=O)C(=C)C)c3)c12,CHEMBL3651009,IC50,8.82
326867,CCOC(=O)c1c[nH]c2ncnc(c3ccc4NCCc4c3)c12,CHEMBL3650977,IC50,8.82
326876,CC[C@@H]1CN(CC[C@H]1Nc2c(cnn3cc(cc23)c4cnn(CCC#N)c4)C(=O)N)S(=O)(=O)C,CHEMBL3667481,IC50,8.82
326885,CC[C@H]1CN(C[C@H]1Nc2c(cnn3cc(cc23)c4cn(C)nc4C)C(=O)N)C(=O)C5(CC5)C#N,CHEMBL3672458,IC50,8.82
326894,CC[C@H]1CN(C[C@H]1Nc2c(cnn3cc(cc23)c4cnn(C)c4)C(=O)N)c5ccc(cn5)C#N,CHEMBL3672452,IC50,8.82
326903,CCc1cc(O)c(F)cc1c2ccc3c(n[nH]c3c2)c4nc5CN(CCc5[nH]4)S(=O)(=O)c6ccc(Oc7ccccc7)nc6,CHEMBL3644622,IC50,8.82
326912,CN1CCN(CC1)c2ccc(Nc3nc4c(cccn4n3)c5ccc(CS(=O)(=O)C)cc5)cc2,CHEMBL3642285,IC50,8.82
326921,CNC(=O)c1cccc(c1)c2cc3c(N[C@@H]4CN(C[C@@H]4OC)C(=O)C5(CC5)C#N)c(cnn3c2)C(=O)N,CHEMBL3672466,IC50,8.82
326930,CO[C@H]1CN(C[C@H]1Nc2c(cnn3cc(cc23)c4ccc(F)cc4)C(=O)N)C(=O)C5(CC5)C#N,CHEMBL3672467,IC50,8.82
326939,C[C@H]1[C@@H](C[C@@H]2CN(C[C@H]12)C(=O)C(C)(C)O)Nc3c(cnn4cc(cc34)c5cnn(C)c5)C(=O)N,CHEMBL3667475,IC50,8.82
326948,C[C@H]1[C@@H](C[C@@H]2CN(C[C@H]12)C(=O)CF)Nc3c(cnn4cc(cc34)c5cnc(N)c(F)c5)C(=O)N,CHEMBL3667473,IC50,8.82
326957,CC1(C)CN(CC[C@H]1Nc2c(cnn3cc(cc23)N4CCC(CCCC(=O)O)C4=O)C(=O)N)c5ncc(cn5)C#N,CHEMBL3667480,IC50,8.85
326966,CCC(=O)N1C[C@H]2C[C@@H](Nc3c(cnn4cc(cc34)c5ccc(F)nc5)C(=O)N)[C@H](C)[C@H]2C1,CHEMBL3667477,IC50,8.85
326975,CC[C@@H]1CN(CC[C@H]1Nc2c(cnn3cc(cc23)c4cnn(CC(C)C)c4)C(=O)N)C(=O)[C@H](C)O,CHEMBL3667485,IC50,8.85
326984,CC[C@H]1CN(C[C@H]1Nc2c(cnn3cc(cc23)c4ccc(C)nc4)C(=O)N)C(=O)C5(CC5)C#N,CHEMBL3672459,IC50,8.85
326993,CCc1cc(O)c(F)cc1c2ccc3c(n[nH]c3c2)c4nc5CCN(CCc5[nH]4)C(=O)c6ccc(Cl)cn6,CHEMBL3644641,IC50,8.85
327002,CCc1cc(O)c(F)cc1c2ccc3c(n[nH]c3c2)c4nc5CCN(CCc5[nH]4)C(=O)c6ccc(nc6)C#N,CHEMBL3644630,IC50,8.85
327011,CCc1cc(O)c(F)cc1c2ccc3c(n[nH]c3c2)c4nc5CCN(Cc6ccccc6)CCc5[nH]4,CHEMBL3644627,IC50,8.85
327020,CCc1cc(O)c(F)cc1c2ccc3c(n[nH]c3c2)c4nc5CN(Cc6ccc7ncccc7c6)CCc5[nH]4,CHEMBL3644631,IC50,8.85
327029,CCc1cc(O)c(F)cc1c2ccc3c(n[nH]c3c2)c4nc5CN(Cc6ccnc(c6)C#N)CCc5[nH]4,CHEMBL3644634,IC50,8.85
327038,CCc1cc(O)c(F)cc1c2ccc3c(n[nH]c3c2)c4nc5cc(Cc6ccc(nc6)N7CC=CC=C7)cnc5[nH]4,CHEMBL3644643,IC50,8.85
327047,COc1ccc(F)cc1c2c[nH]c3ncnc(c4ccccc4)c23,CHEMBL3651059,IC50,8.85
327057,C[C@@H](NC(=O)c1c[nH]c2ncc(nc12)c3nn(C)c4cc(Cl)ccc34)C(=O)N5CC(C5)C#N,CHEMBL2376144,Kd,8.85
327068,C[C@H](NC(=O)c1c[nH]c2ncc(nc12)C3CC3)C(C)(C)C,CHEMBL2325903,IC50,8.85
327078,C[C@H]1CN(C[C@H]1Nc2c(cnn3cc(cc23)c4ccc(F)nc4)C(=O)N)C(=O)CC#N,CHEMBL3672455,IC50,8.85
327087,C[C@H]1CN(C[C@H]1Nc2c(cnn3cc(cc23)c4ccnc(F)c4)C(=O)N)C(=O)CC#N,CHEMBL3672456,IC50,8.85
327097,FC(F)n1cc(Nc2ncc(Cl)c(NCc3cccc(NC(=O)C=C)c3)n2)cn1,CHEMBL3601106,IC50,8.85
327108,Fc1cc(ccc1Nc2ncc(Cl)c(NCc3cccc(NC(=O)C=C)c3)n2)N4CCOCC4,CHEMBL3601232,IC50,8.85
327118,CCCS(=O)(=O)N1CCC[C@@H](C1)Nc2ncccc2c3cnc4ccn(C)c4n3,CHEMBL3665160,IC50,8.89
327127,CCc1cc(O)c(F)cc1c2ccc3c(n[nH]c3c2)c4nc5CCN(CCc5[nH]4)C(=O)c6ccc(F)cc6,CHEMBL3644624,IC50,8.89
327136,CCc1cc(O)c(F)cc1c2ccc3c(n[nH]c3c2)c4nc5CN(CCc5[nH]4)S(=O)(=O)c6ccc(nc6)N7CCOCC7,CHEMBL3644621,IC50,8.89
327145,CN([C@@H]1CC[C@@H](CS(=O)(=O)N2CCN(C)CC2)CC1)c3ncnc4[nH]ccc34,CHEMBL3652405,IC50,8.89
327155,COCCn1cc(Nc2ncc(Cl)c(NCc3ccc(NC(=O)C=C)cc3)n2)cn1,CHEMBL3601708,IC50,8.89
327166,Clc1cnc(Nc2ccc(cc2)N3CCOCC3)nc1NCc4cccc(NC(=O)C=C)c4,CHEMBL3601231,IC50,8.89
327177,NC(=O)c1cnc2[nH]ccc2c1NC3CCN(CC3)c4ccc(cn4)C#N,CHEMBL3593771,IC50,8.89
327187,CCc1cc(O)c(F)cc1c2ccc3c(n[nH]c3c2)c4nc5CN(Cc6cnc7ccccc7c6)CCc5[nH]4,CHEMBL3644636,IC50,8.92
327197,CN1CCN(CC1)c2ccc(Nc3ncc(Cl)c(NCc4cccc(NC(=O)C=C)c4)n3)cc2,CHEMBL3601226,IC50,8.92
327208,Cn1cc(Nc2ncc(Cl)c(SCc3cccc(NC(=O)C=C)c3)n2)cn1,CHEMBL3601712,IC50,8.92
327219,NC(=O)c1cnc2[nH]ccc2c1NC3CCN(CC3)c4ccc(nn4)C#N,CHEMBL3593776,IC50,8.92
327229,CC(C)CS(=O)(=O)N1CC[C@H](C1)Nc2ncccc2c3cnc4[nH]ccc4n3,CHEMBL3665136,IC50,8.94
327238,CC(C)CS(=O)(=O)N1CCC[C@@H](C1)Nc2ncccc2c3cnc4cc[nH]c4n3,CHEMBL3665168,IC50,8.96
327247,CCOC(=O)c1c[nH]c2ncnc(C3=CN(C)C(=O)C(=C3)NC(=O)C(=C)C)c12,CHEMBL3651013,IC50,8.96
327257,CN(C)C(=O)Cn1cc(Nc2ncc(Cl)c(NCc3cccc(NC(=O)C=C)c3)n2)cn1,CHEMBL3601111,IC50,8.96
327268,C[C@@H]1CCN(C[C@@H]1N2C(=O)Nc3cnc4[nH]ccc4c23)C(=O)CC#N,CHEMBL3593591,IC50,8.96
327281,O=C(NC1CC1)Nc2c[nH]nc2c3nc4cc(CN5CCOCC5)ccc4[nH]3,CHEMBL495727,IC50,8.96
327291,CCCS(=O)(=O)N1CCC[C@@H](C1)Nc2ncccc2c3cnc4cc[nH]c4n3,CHEMBL3665159,IC50,8.99
327300,CC(C)CS(=O)(=O)N1CCC[C@@H](C1)Nc2ncccc2c3cnc4nc[nH]c4n3,CHEMBL3665163,IC50,9.0
327309,CC1(C)[C@@H](CC[C@]1(C)C(=O)N)Nc2c(cnn3cc(cc23)c4ccc(nc4)C#N)C(=O)N,CHEMBL3671831,IC50,9.0
327318,CCc1cc(O)c(F)cc1c2ccc3c(n[nH]c3c2)c4nc5CCN(CCc5[nH]4)C(=O)c6ccsn6,CHEMBL3644625,IC50,9.0
327327,CCc1cc(O)c(F)cc1c2ccc3c(n[nH]c3c2)c4nc5CN(CCc5[nH]4)C(=O)c6ccc(Cl)cn6,CHEMBL3644628,IC50,9.0
327336,CCc1cc(O)c(F)cc1c2ccc3c(n[nH]c3c2)c4nc5CN(CCc5[nH]4)C(=O)c6ccsn6,CHEMBL3644619,IC50,9.0
327346,COC(=O)[C@]1(O)Cn2c3ccccc3c4c5C(=O)NC(=O)c5c6c7ccccc7n(C[C@H]1O)c6c24,CHEMBL564940,IC50,9.0
327356,COc1ccccc1c2cc3c(NC4C5CC6CC4CC(O)(C6)C5)c(cnn3c2)C(=O)N,CHEMBL3671801,IC50,9.0
327366,C[C@@H](NC(=O)c1c[nH]c2ncc(nc12)c3ncn4cc(F)cc(F)c34)C(=O)N5CC(C5)C#N,CHEMBL2376158,IC50,9.0
327376,C[C@@]1(CC[C@@H](Nc2c(cnn3cc(cc23)c4ccccc4)C(=O)N)C1(C)C)NS(=O)(=O)C,CHEMBL3671791,IC50,9.0
327385,C[C@H]1[C@@H](C[C@@H]2CN(C[C@H]12)C(=O)C(C)(C)O)Nc3c(cnn4cc(cc34)c5cnc(N)nc5)C(=O)N,CHEMBL3667470,IC50,9.0
327395,C[C@]1(F)CCC[C@H]1Nc2c(cnn3cccc23)C(=O)N,CHEMBL3359927,IC50,9.0
327406,Fc1cccc2[C@@H](CCOc12)N3C(=O)Nc4cnc(nc34)n5cnc6ccc(cc56)C#N,CHEMBL1079594,IC50,9.0
327417,O=S(=O)(CC#N)N1CCC[C@@H](C1)Nc2ncccc2c3cnc4[nH]ccc4n3,CHEMBL3335691,IC50,9.0
327427,CC(=C)C(=O)Nc1cccc(c1)c2ncnc3[nH]cc(c4ccccc4F)c23,CHEMBL3651045,IC50,9.02
327436,CC(=O)Nc1cc2c(N[C@@H]3CC[C@@](C)(O)C3(C)C)c(cnn2c1)C(=O)N,CHEMBL3666882,IC50,9.05
327446,CN1CCN(CC1)c2ccc(Nc3ncc(Cl)c(NCc4cccc(NC(=O)C=C)c4)n3)cc2F,CHEMBL3601227,IC50,9.05
327457,CN1CCN(CC1)c2ccc(Nc3ncc4CNC(=O)N(Cc5cccc(NC(=O)C=C)c5)c4n3)cc2,CHEMBL3601726,IC50,9.05
327467,COc1ccc(cn1)c2cc3c(N[C@@H]4CCN(CC4(C)C)C(=O)C(=O)N)c(cnn3c2)C(=O)N,CHEMBL3667466,IC50,9.05
327477,C[C@@H]1CCN(C[C@@H]1n2cnc3cnc4[nH]ccc4c23)C(=O)CC#N,CHEMBL2152297,Ki,9.05
327488,Fc1cc(Nc2ncc(Cl)c(NCc3cccc(NC(=O)C=C)c3)n2)ccc1N4CCOCC4,CHEMBL3601233,IC50,9.05
327499,Clc1cnc(Nc2ccc(cc2)N3CCOCC3)nc1NCc4ccc(NC(=O)C=C)cc4,CHEMBL3601705,IC50,9.06
327509,CSc1ncc(c(N[C@H]2CCCN(C2)C(=O)CC#N)n1)c3cnc4[nH]ccc4n3,CHEMBL3665194,IC50,9.07
327518,CC(C)S(=O)(=O)N1CC[C@H](C1)Nc2ncccc2c3cnc4[nH]ccc4n3,CHEMBL3665135,IC50,9.09
327527,CN(C)C(=O)c1ccc(cc1)c2cc3c(N[C@@H]4CC[C@](C)(N)C4(C)C)c(cnn3c2)C(=O)N,CHEMBL3671810,IC50,9.1
327537,C[C@@H](NC(=O)c1c[nH]c2ncc(nc12)c3cn(C)c4cc(Cl)ccc34)C(=O)N5CC(C5)C#N,CHEMBL2376143,IC50,9.1
327548,Cn1nc(c2cnc3[nH]cc(C(=O)N[C@@H](C(=O)N4CC(C4)C#N)C(C)(C)C)c3n2)c5ccc(Cl)cc15,CHEMBL2376155,IC50,9.1
327558,CC(C)S(=O)(=O)N1CCC[C@H](C1)Nc2ncccc2c3cnc4[nH]ccc4n3,CHEMBL3665132,IC50,9.11
327568,C[C@H]1CN(CC[C@H]1Nc2c(cnc3[nH]ccc23)C(=O)N)c4ccc(cn4)C#N,CHEMBL3593779,IC50,9.11
327578,CC(C)CS(=O)(=O)N1CCC[C@@H](C1)Nc2ncccc2c3cnc4ccn(C)c4n3,CHEMBL3665161,IC50,9.12
327587,CN([C@@H]1CC[C@@H](CS(=O)(=O)N2CCC[C@H](C2)OP(=O)(O)O)CC1)c3ncnc4[nH]ccc34,CHEMBL3652410,IC50,9.12
327597,NC(=O)c1cnc2[nH]ccc2c1N[C@@H]3[C@@H]4CC5C[C@H]3C[C@@](O)(C5)C4,CHEMBL3137308,IC50,9.15
327607,CCCC(=O)N1CC[C@H](C1)Nc2ncccc2c3cnc4[nH]ccc4n3,CHEMBL3665138,IC50,9.16
327617,CN(Cc1cccc(NC(=O)C=C)c1)c2nc(Nc3cnn(C)c3)ncc2Cl,CHEMBL3601713,IC50,9.16
327628,CN1CCN(CC1)c2ccc(Nc3ncc4ccn(Cc5cccc(NC(=O)C=C)c5)c4n3)cc2,CHEMBL3601723,IC50,9.16
327638,CNC(=O)c1ccc(cn1)c2cc3c(N[C@@H]4C[C@@H]5CN(C[C@@H]5[C@H]4C)C(=O)C(C)(C)O)c(cnn3c2)C(=O)N,CHEMBL3667471,IC50,9.16
327648,Clc1cnc(Nc2cnn(c2)C3CCOCC3)nc1NCc4cccc(NC(=O)C=C)c4,CHEMBL3601108,IC50,9.16
327659,FC(F)OCCn1cc(Nc2ncc(Cl)c(NCc3cccc(NC(=O)C=C)c3)n2)cn1,CHEMBL3601118,IC50,9.16
327669,CCOC(=O)c1c[nH]c2ncnc(c3cnc(OC)c(NC(=O)C(=C)C)c3)c12,CHEMBL3651011,IC50,9.17
327678,CCOC(=O)c1c[nH]c2ncnc(c3cccc(NC(=O)C(=C)CN4CCOCC4)c3)c12,CHEMBL3651029,IC50,9.18
327687,CC(=O)N1CCC(CC1)Nc2ncccc2c3cnc4[nH]ccc4n3,CHEMBL3665125,IC50,9.22
327697,CC(C)(O)Cn1cc(Nc2ncc(Cl)c(NCc3cccc(NC(=O)C=C)c3)n2)cn1,CHEMBL3601121,IC50,9.22
327707,CCOC(=O)c1c[nH]c2ncnc(c3cccc(NC(=O)C(=C)CC)c3)c12,CHEMBL3650990,IC50,9.22
327717,COCC(C)(C)n1cc(Nc2ncc(Cl)c(NCc3cccc(NC(=O)C=C)c3)n2)cn1,CHEMBL3601119,IC50,9.22
327727,CS(=O)(=O)OCC(=O)Nc1cccc(c1)c2cnc3ccccc3n2,CHEMBL3648433,IC50,9.22
327737,C[C@@H](NC(=O)c1c[nH]c2ncc(nc12)c3nn(C)c4cc(F)ccc34)C(=O)N5CC(C5)C#N,CHEMBL2376147,IC50,9.22
327747,C[C@H]1CN(C[C@H]1Nc2c(cnn3cc(cc23)c4cnn(CC(=O)N5CCC(F)(F)C5)c4)C(=O)N)c6ccc(cn6)C#N,CHEMBL3672454,IC50,9.22
327756,C[C@H]1[C@@H](C[C@@H]2CN(C[C@H]12)S(=O)(=O)C)Nc3c(cnn4cc(cc34)c5cnc(N)nc5)C(=O)N,CHEMBL3667467,IC50,9.22
327766,Clc1cnc(Nc2cnn(CC(=O)N3CCOCC3)c2)nc1NCc4cccc(NC(=O)C=C)c4,CHEMBL3601112,IC50,9.22
327777,Cn1cc(Nc2ncc(Cl)c(NCc3cccc(NC(=O)C=C)c3)n2)cn1,CHEMBL3601242,IC50,9.22
327788,Fc1ccc2c(c1)c3C(=O)NC=Cc3c4[nH]c(nc24)c5c(F)cccc5Cl,CHEMBL272424,IC50,9.22
327798,CC(=C)C(=O)Nc1cccc(c1)c2ncnc3[nH]cc(c4cccc(F)c4)c23,CHEMBL3651044,IC50,9.23
327808,Cn1cc(Nc2ncc(Cl)c(NCc3ccc(NC(=O)C=C)cc3)n2)cn1,CHEMBL3601706,IC50,9.24
327818,CC(C)CCS(=O)(=O)N1CC[C@H](C1)Nc2ncccc2c3cnc4[nH]ccc4n3,CHEMBL3665143,IC50,9.26
327827,CCCS(=O)(=O)N1CC[C@H](C1)Nc2ncccc2c3cnc4[nH]ccc4n3,CHEMBL3665134,IC50,9.27
327836,CC1(C)CCC[C@H]1Nc2c(cnn3cc(cc23)c4ccccc4)C(=O)N,CHEMBL3671819,IC50,9.3
327845,CC[C@H]1CN(C[C@H]1Nc2c(cnn3cc(cc23)c4cnn(CC(C)C)c4)C(=O)N)S(=O)(=O)C,CHEMBL3672460,IC50,9.3
327854,CC[C@H]1CN(C[C@H]1Nc2c(cnn3cc(cc23)c4onc(C)c4)C(=O)N)C(=O)OC(C)(C)C,CHEMBL3672465,IC50,9.3
327863,CCc1cc(O)c(F)cc1c2ccc3c(n[nH]c3c2)c4nc5CN(CCc5[nH]4)C(=O)c6cnc(cn6)N7CCCCC7,CHEMBL3644620,IC50,9.3
327872,CNC(=O)Cn1cc(cn1)c2cc3c(N[C@@H]4CN(C[C@@H]4C)c5ccc(Cl)cn5)c(cnn3c2)C(=O)N,CHEMBL3672474,IC50,9.3
327881,C[C@]1(F)CCC[C@H]1Nc2c(cnn3cc(cc23)N4CCCC4=O)C(=O)N,CHEMBL3671794,IC50,9.3
327890,C[C@]1(F)CCC[C@H]1Nc2c(cnn3cc(cc23)c4cccc(c4)C(=O)N)C(=O)N,CHEMBL3666890,IC50,9.3
327899,C[C@]1(N)CC[C@@H](Nc2c(cnn3cc(cc23)c4cccnc4)C(=O)N)C1(C)C,CHEMBL3671804,IC50,9.3
327909,FC(F)(F)CNC(=O)Cn1cc(Nc2ncc(Cl)c(NCc3cccc(NC(=O)C=C)c3)n2)cn1,CHEMBL3601110,IC50,9.3
327919,CCOC(=O)c1c[nH]c2ncnc(C3=CNC(=O)C(=C3)NC(=O)C(=C)C)c12,CHEMBL3651012,IC50,9.33
327928,CN(C)c1ncc(c(N[C@H]2CCCN(C2)S(=O)(=O)C)n1)c3cnc4[nH]cc(C#N)c4n3,CHEMBL3665187,IC50,9.35
327938,O=C(N[C@H](C1CC1)C(=O)N2CC[C@@H](C2)C#N)c3c[nH]c4ncc(nc34)C5CC5,CHEMBL2325898,IC50,9.36
327948,CC1(C)[C@@H](CC[C@]1(C)C(=O)N)Nc2c(cnn3cc(cc23)c4ccccc4)C(=O)N,CHEMBL3671828,IC50,9.4
327957,CC[C@H]1CN(C[C@H]1Nc2c(cnn3cc(cc23)C4=CN(C)C(=O)C=C4)C(=O)N)c5ccc(cn5)C#N,CHEMBL3672451,IC50,9.4
327966,COC(=O)c1c[nH]c2ncnc(c3ccc(F)c(NC(=O)C(=C)C)c3)c12,CHEMBL3651034,IC50,9.4
327976,COc1cc(cc(OC)c1OC)c2cnc3[nH]cc(C(=O)N[C@H](C)C(=O)N4CC(C4)C#N)c3n2,CHEMBL2376040,IC50,9.4
327986,C[C@H]1CN(C[C@H]1Nc2c(cnn3cc(cc23)c4cnn(CC(=O)N5CC(F)(F)C5)c4)C(=O)N)c6ccc(cn6)C#N,CHEMBL3672453,IC50,9.4
327995,C[C@H]1[C@@H](C[C@@H]2CN(C[C@H]12)C(=O)C)Nc3c(cnn4cc(cc34)c5cnn(C)c5)C(=O)N,CHEMBL3667476,IC50,9.4
328004,C[C@H]1[C@@H](C[C@@H]2CN(C[C@H]12)C(=O)CO)Nc3c(cnn4cc(cc34)c5ccc(cc5)C(=O)N)C(=O)N,CHEMBL3667469,IC50,9.4
328013,C[C@H]1[C@@H](C[C@@H]2CN(C[C@H]12)C(=O)CO)Nc3c(cnn4cc(cc34)c5ccc(cc5)C(=O)NC6CC6)C(=O)N,CHEMBL3667474,IC50,9.4
328022,C[C@H]1[C@@H](C[C@@H]2CN(C[C@H]12)S(=O)(=O)C)Nc3c(cnn4cc(cc34)c5nnn(C)n5)C(=O)N,CHEMBL3667472,IC50,9.4
328031,CS(=O)(=O)N1C[C@H](C[C@@H](C1)C(F)(F)F)Nc2ncccc2c3cnc4[nH]ccc4n3,CHEMBL3665218,IC50,9.41
328040,CCOC(=O)c1c[nH]c2ncnc(c3ccc4ccn(C(=O)C(=C)C)c4c3)c12,CHEMBL3651002,IC50,9.47
328049,COC(=O)N1CC[C@H](C1)Nc2ncccc2c3cnc4[nH]ccc4n3,CHEMBL3665121,IC50,9.47
328058,FC(F)(F)C(CC#N)N1CCC[C@@H](C1)Nc2ncccc2c3cnc4[nH]ccc4n3,CHEMBL3665223,IC50,9.49
328067,COC(=O)N1CCC(CC1)Nc2ncccc2c3cnc4[nH]ccc4n3,CHEMBL3665124,IC50,9.51
328076,BrCC(=O)Nc1cccc(c1)c2cnc3ccccc3n2,CHEMBL3648430,IC50,9.52
328087,CC(C)(C)[C@@H](NC(=O)c1c[nH]c2ncc(nc12)C3CC3)C(=O)N4CC(C4)C#N,CHEMBL2325895,IC50,9.52
328097,CC[C@H]1CN(C[C@H]1Nc2c(cnn3cc(cc23)c4ccnc(Cl)c4)C(=O)N)C(=O)C5(CCC5)C#N,CHEMBL3672462,IC50,9.52
328106,CC[C@H]1CN(C[C@H]1Nc2c(cnn3cc(cc23)c4cnn(C)c4)C(=O)N)c5ncc(C#N)s5,CHEMBL3672472,IC50,9.52
328115,CN([C@@H]1CC[C@@H](CS(=O)(=O)N2CCC(C)(O)C2)CC1)c3ncnc4[nH]ccc34,CHEMBL3652406,IC50,9.52
328124,COc1ccc(cn1)c2cc3c(N[C@@H]4CC[C@](C)(C(=O)N)C4(C)C)c(cnn3c2)C(=O)N,CHEMBL3671829,IC50,9.52
328134,C[C@@H](NC(=O)c1c[nH]c2ncc(nc12)c3ncn4cc(F)ccc34)C(=O)N5CC(C5)C#N,CHEMBL2376157,IC50,9.52
328144,C[C@]1(N)CC[C@@H](Nc2c(cnn3cc(cc23)c4ccc(CO)cc4)C(=O)N)C1(C)C,CHEMBL3671811,IC50,9.52
328153,Cc1cccc(c1)c2cc3c(N[C@@H]4CCC[C@]4(C)F)c(cnn3c2)C(=O)N,CHEMBL3666889,IC50,9.52
328163,Cn1nc(c2cnc3[nH]cc(C(=O)N[C@H](C4CC4)C(=O)N5CC(C5)C#N)c3n2)c6ccc(Cl)cc16,CHEMBL2376154,IC50,9.52
328174,NC(=O)c1cnc2[nH]ccc2c1N[C@@H]3CCN(C[C@@H]3F)c4ccc(cn4)C#N,CHEMBL3593777,IC50,9.52
328184,CC(C)CS(=O)(=O)N1CCC[C@@H](C1)Nc2ncccc2c3cnc4[nH]ncc4n3,CHEMBL3665158,IC50,9.54
328193,CS(=O)(=O)N1CCC[C@@H](C1)Nc2ncccc2c3cnc4[nH]ncc4n3,CHEMBL3665156,IC50,9.61
328202,CC(C)C(=O)N1CC[C@H](C1)Nc2ncccc2c3cnc4[nH]ccc4n3,CHEMBL3665139,IC50,9.66
328211,CCOC(=O)c1c[nH]c2ncnc(c3cccc(NC(=O)C(=C)Cl)c3)c12,CHEMBL3651018,IC50,9.66
328220,COC(=O)N1CC[C@@H](C1)Nc2ncccc2c3cnc4[nH]ccc4n3,CHEMBL3665127,IC50,9.66
328229,FC(F)(F)CN1CCC[C@@H](C1)Nc2ncccc2c3cnc4[nH]ccc4n3,CHEMBL3665147,IC50,9.69
328238,CC1(C)CN(CC[C@H]1Nc2c(cnn3cc(cc23)N4CC[C@@H](O)C4=O)C(=O)N)c5ccc(cn5)C#N,CHEMBL3667478,IC50,9.7
328247,CC1(CCCC1Nc2c(cnn3cc(cc23)c4ccccc4)C(=O)N)C#N,CHEMBL3671790,IC50,9.7
328256,CC[C@H]1CN(C[C@H]1Nc2c(cnn3cc(cc23)c4cnn(CC(C)C)c4)C(=O)N)c5ncc(C#N)s5,CHEMBL3672473,IC50,9.7
328265,C[C@@]1(O)CC[C@@H](Nc2c(cnn3cc(cc23)c4ccccc4)C(=O)N)C1(C)C,CHEMBL3671816,IC50,9.7
328274,C[C@H]1CN(C[C@@H]1CO)S(=O)(=O)C[C@@H]2CC[C@H](CC2)N(C)c3ncnc4[nH]ccc34,CHEMBL3652404,IC50,9.7
328283,ClCC(=O)Nc1cccc(c1)c2cnc3ccccc3n2,CHEMBL1427221,IC50,9.7
328292,CCC(=O)N1CC[C@H](C1)Nc2ncccc2c3cnc4[nH]ccc4n3,CHEMBL3665137,IC50,9.71
328301,CCOC(=O)c1c[nH]c2ncnc(c3cc(C)cc(NC(=O)C(=C)C)c3)c12,CHEMBL3651005,IC50,9.72
328310,CCOC(=O)c1c[nH]c2ncnc(c3cccc(NC(=O)C=C)c3C)c12,CHEMBL3650994,IC50,9.72
328319,CCS(=O)(=O)N1CC[C@H](C1)Nc2ncccc2c3cnc4[nH]ccc4n3,CHEMBL3665133,IC50,9.72
328328,C[C@H]1C[C@@H](CN(C1)C2(CC#N)COC2)Nc3ncccc3c4cnc5[nH]ccc5n4,CHEMBL3665221,IC50,9.72
328337,CC(=C)C(=O)Nc1cccc(c1)c2ncnc3[nH]cc(c4cccc(C)c4)c23,CHEMBL3651043,IC50,9.77
328346,CS(=O)(=O)N1CCC[C@@H](C1)Nc2nc(ncc2c3cnc4[nH]ccc4n3)C#N,CHEMBL3665204,IC50,9.79
328355,CCOC(=O)c1c[nH]c2ncnc(c3ccc(C)c(NC(=O)C(=C)C)c3)c12,CHEMBL3650992,IC50,9.82
328364,CS(=O)(=O)N1CCC[C@@H](C1)Nc2nc(Nc3ccncc3)ncc2c4cnc5[nH]ccc5n4,CHEMBL3665210,IC50,9.82
328373,CCOC(=O)c1c[nH]c2ncnc(c3ccc(C#N)c(NC(=O)C(=C)C)c3)c12,CHEMBL3651006,IC50,9.85
328382,CCOC(=O)c1c[nH]c2ncnc(c3cccc(NC(=O)C4=CC(=O)CC4)c3)c12,CHEMBL3651027,IC50,9.85
328391,CC(C)CS(=O)(=O)N1C[C@H](C[C@@H](C1)C(F)(F)F)Nc2ncccc2c3cnc4[nH]ccc4n3,CHEMBL3665219,IC50,9.87
328400,CC(C)COC1CCCN(C1)S(=O)(=O)C[C@@H]2CC[C@H](CC2)N(C)c3ncnc4[nH]ccc34,CHEMBL3652407,IC50,9.88
328409,CCOC(=O)c1c[nH]c2ncnc(c3cccc(c3)N(C)C(=O)C=C)c12,CHEMBL3651036,IC50,9.89
328418,CCCS(=O)(=O)N1CCC[C@@H](C1)Nc2ncccc2c3cnc4[nH]ncc4n3,CHEMBL3665157,IC50,9.9
328427,CCOC(=O)c1c[nH]c2ncnc(c3cc(NC(=O)C(=C)C)ccc3F)c12,CHEMBL3650998,IC50,9.96
328436,CCOC(=O)c1c[nH]c2ncnc(c3ccc(CO)c(NC(=O)C(=C)C)c3)c12,CHEMBL3651004,IC50,9.96
328445,CCOC(=O)c1c[nH]c2ncnc(c3ccc(O)c(NC(=O)C(=C)C)c3)c12,CHEMBL3651010,IC50,9.96
328454,CCOC(=O)c1c[nH]c2ncnc(c3ccc(OC)c(NC(=O)C(=C)C)c3)c12,CHEMBL3650997,IC50,9.96
328463,CCOC(=O)c1c[nH]c2ncnc(c3ccc(OC)c(NC(=O)C=C)c3)c12,CHEMBL3639498,IC50,9.96
328472,CC(=O)N1CCCCC(C1)Nc2ncccc2c3cnc4[nH]ccc4n3,CHEMBL3665129,IC50,9.97
328481,N#CCC1(COC1)N2CCC[C@@H](C2)Nc3ncccc3c4cnc5[nH]ccc5n4,CHEMBL3665220,IC50,10.0
328490,CS(=O)(=O)N1CCCCC(C1)Nc2ncccc2c3cnc4[nH]ccc4n3,CHEMBL3665131,IC50,10.01
328499,CCOC(=O)c1c[nH]c2ncnc(c3ccc(c(NC(=O)C(=C)C)c3)S(=O)(=O)C)c12,CHEMBL3651008,IC50,10.06
328508,CCOC(=O)c1c[nH]c2ncnc(c3cncc(NC(=O)C(=C)C)c3)c12,CHEMBL3650986,IC50,10.07
328517,CCOC(=O)c1c[nH]c2ncnc(c3ccc4CCN(C(=O)C=C)c4c3)c12,CHEMBL3651000,IC50,10.09
328526,CCOC(=O)c1c[nH]c2ncnc(c3cccc(NC(=O)C#CC)c3)c12,CHEMBL3651016,IC50,10.14
328535,CCOC(=O)c1c[nH]c2ncnc(c3ccc(F)c(NC(=O)C(=C)C)c3)c12,CHEMBL3650996,IC50,10.15
328544,CC(=O)N1CCCC(C1)Nc2nc(C)ccc2c3cnc4[nH]cc(Cl)c4n3,CHEMBL3639640,IC50,10.16
328553,CCOC(=O)c1c[nH]c2ncnc(c3cc(NC(=O)C(=C)C)cc(c3)C#N)c12,CHEMBL3651003,IC50,10.17
328562,CCOC(=O)c1c[nH]c2ncnc(c3ccc(Cl)c(NC(=O)C=C)c3)c12,CHEMBL3650995,IC50,10.18
328571,CC(C)(C)NS(=O)(=O)N1CCC[C@@H](C1)Nc2ncccc2c3cnc4[nH]ccc4n3,CHEMBL3665178,IC50,10.19
328580,CS(=O)(=O)N1CCC[C@@H](C1)Nc2nc(ncc2c3cnc4[nH]ccc4n3)N5CCN(CC5)c6ccccn6,CHEMBL3665208,IC50,10.19
328589,CC(=O)N1CC[C@@H](C1)Nc2ncccc2c3cnc4[nH]ccc4n3,CHEMBL3665126,IC50,10.2
328598,CC(=O)N1CCCC(C1)Nc2nc(C)ccc2c3cnc4[nH]ccc4n3,CHEMBL3665145,IC50,10.22
328607,CCOC(=O)c1c[nH]c2ncnc(c3cccc(NC(=O)C4(C)CO4)c3)c12,CHEMBL3651042,IC50,10.25
328616,CN(C)c1ncc(c(N[C@H]2CCCN(C2)S(=O)(=O)C)n1)c3cnc4[nH]ccc4n3,CHEMBL3665186,IC50,10.25
328625,CCOC(=O)c1c[nH]c2ncnc(c3cccc(NC(=O)C(=C)CNS(=O)(=O)C)c3)c12,CHEMBL3651037,IC50,10.28
328634,CS(=O)(=O)N1CCC[C@@H](C1)Nc2nc(Cl)ncc2c3cnc4[nH]ccc4n3,CHEMBL3665190,IC50,10.28
328643,CCS(=O)(=O)N1CCCC(C1)Nc2nc(C)ccc2c3cnc4[nH]ccc4n3,CHEMBL3665148,IC50,10.29
328652,CCOC(=O)c1c[nH]c2ncnc(c3cc(F)cc(NC(=O)C(=C)C)c3)c12,CHEMBL3650999,IC50,10.3
328661,CS(=O)(=O)N1CCC[C@@H](C1)Nc2nc(NCCN)ncc2c3cnc4[nH]ccc4n3,CHEMBL3665198,IC50,10.3
328670,CS(=O)(=O)N1CCC[C@@H](C1)Nc2nc(ncc2c3cnc4[nH]ccc4n3)N5CCS(=O)(=O)CC5,CHEMBL3665196,IC50,10.3
328679,CC(=O)N1CC[C@H](C1)Nc2ncccc2c3cnc4[nH]ccc4n3,CHEMBL3665120,IC50,10.31
328688,CCN1CCN(CC1)c2ncc(c(N[C@H]3CCCN(C3)S(=O)(=O)C)n2)c4cnc5[nH]ccc5n4,CHEMBL3665212,IC50,10.31
328697,CCOC(=O)c1c[nH]c2ncnc(c3cc(NC(=O)C(=C)C)nc(OC)c3)c12,CHEMBL3650987,IC50,10.31
328706,CCOC(=O)c1c[nH]c2ncnc(c3ccnc(NC(=O)C(=C)C)c3)c12,CHEMBL3651014,IC50,10.31
328715,COC(=O)N1CCCCC(C1)Nc2ncccc2c3cnc4[nH]ccc4n3,CHEMBL3665130,IC50,10.31
328724,CN(C)S(=O)(=O)N1CCC[C@@H](C1)Nc2ncccc2c3cnc4[nH]ccc4n3,CHEMBL3665177,IC50,10.32
328733,CSc1ncc(c(N[C@H]2CCCN(C2)S(=O)(=O)C)n1)c3cnc4[nH]ccc4n3,CHEMBL3665185,IC50,10.32
328742,CCOC(=O)c1c[nH]c2ncnc(c3cccc(NC(=O)C(=C)Br)c3)c12,CHEMBL3651017,IC50,10.37
328751,CS(=O)(=O)N1CCC[C@@H](C1)Nc2nc(ncc2c3cnc4[nH]ccc4n3)N5CC[C@H](O)C5,CHEMBL3665205,IC50,10.37
328760,C[C@@H]1C[C@@H](CS(=O)(=O)N2CC[C@H](CO)C2)CC[C@@H]1N(C)c3ncnc4[nH]ccc34,CHEMBL3652402,IC50,10.38
328769,CC(C)(O)CNc1ncc(c(N[C@H]2CCCN(C2)S(=O)(=O)C)n1)c3cnc4[nH]ccc4n3,CHEMBL3665195,IC50,10.4
328778,CCOC(=O)c1c[nH]c2ncnc(c3cccc(NC(=O)C=C)c3)c12,CHEMBL3650988,IC50,10.4
328787,CS(=O)(=O)N1CCCC(CC1)Nc2ncccc2c3cnc4[nH]ccc4n3,CHEMBL3665151,IC50,10.4
328796,Cc1ccc(c(NC2CCCN(C2)S(=O)(=O)CC3CC3)n1)c4cnc5[nH]ccc5n4,CHEMBL3665149,IC50,10.4
328805,CCOC(=O)c1c[nH]c2ncnc(c3cccc(NS(=O)(=O)C=C)c3)c12,CHEMBL3651032,IC50,10.43
328814,COCCOC1CCCN(C1)S(=O)(=O)C[C@@H]2CC[C@H](CC2)N(C)c3ncnc4[nH]ccc34,CHEMBL3652408,IC50,10.43
328823,C[C@H]1C[C@@H](CN(C1)S(=O)(=O)C)Nc2ncccc2c3cnc4[nH]ccc4n3,CHEMBL3665141,IC50,10.43
328832,CS(=O)(=O)N1CCC[C@@H](C1)Nc2ncncc2c3cnc4[nH]ccc4n3,CHEMBL3335693,IC50,10.44
328841,Cc1ccc(c(NC2CCCN(C2)S(=O)(=O)CC3CC3)n1)c4cnc5[nH]cc(Cl)c5n4,CHEMBL3665153,IC50,10.45
328850,CCOC(=O)c1c[nH]c2ncnc(c3ccc(C)c(NC(=O)C=C)c3)c12,CHEMBL3650993,IC50,10.48
328859,CCOc1ncc(c(N[C@H]2CCCN(C2)S(=O)(=O)C)n1)c3cnc4[nH]ccc4n3,CHEMBL3665191,IC50,10.49
328868,CN(C)CCNc1ncc(c(N[C@H]2CCCN(C2)S(=O)(=O)C)n1)c3cnc4[nH]ccc4n3,CHEMBL3665211,IC50,10.49
328877,CS(=O)(=O)N1CCC[C@@H](C1)Nc2ncccc2c3cnc4[nH]ccc4n3,CHEMBL3335688,IC50,10.51
328886,COC1CCN(CC1)c2ncc(c(N[C@H]3CCCN(C3)S(=O)(=O)C)n2)c4cnc5[nH]ccc5n4,CHEMBL3665197,IC50,10.52
328895,CC(C)S(=O)(=O)N1C[C@@H](C)C[C@@H](C1)Nc2ncccc2c3cnc4[nH]ccc4n3,CHEMBL3665144,IC50,10.53
328904,COc1ncc(c(N[C@H]2CCCN(C2)S(=O)(=O)C)n1)c3cnc4[nH]ccc4n3,CHEMBL3665189,IC50,10.57
328913,C[C@H]1C[C@@H](CN(C1)S(=O)(=O)C)Nc2nc(ncc2c3cnc4[nH]ccc4n3)N5CCN(C)CC5,CHEMBL3665217,IC50,10.57
328922,CN(C)C1CCN(CC1)c2ncc(c(N[C@H]3CCCN(C3)S(=O)(=O)C)n2)c4cnc5[nH]ccc5n4,CHEMBL3665203,IC50,10.59
328931,CCOC(=O)c1c[nH]c2ncnc(c3cccc(NC(=O)C(=C)COC)c3)c12,CHEMBL3651030,IC50,10.6
328940,CN1CCC(CC1)Nc2ncc(c(N[C@H]3CCCN(C3)S(=O)(=O)C)n2)c4cnc5[nH]ccc5n4,CHEMBL3665201,IC50,10.6
328949,CCOC(=O)c1c[nH]c2ncnc(c3cccc(NC(=O)C(=C)CF)c3)c12,CHEMBL3651040,IC50,10.62
328958,CCOC(=O)c1c[nH]c2ncnc(c3cccc(NC(=O)C(=C)F)c3)c12,CHEMBL3651015,IC50,10.62
328967,CS(=O)(=O)N1CCC[C@@H](C1)Nc2nc(ncc2c3cnc4[nH]ccc4n3)N5CCC(CC(=O)O)CC5,CHEMBL3665209,IC50,10.63
328976,CC(C)CS(=O)(=O)N1CCC[C@@H](C1)Nc2nccnc2c3cnc4[nH]ccc4n3,CHEMBL3665167,IC50,10.64
328985,CN(C)[C@@H]1CCN(C1)c2ncc(c(N[C@H]3CCCN(C3)S(=O)(=O)C)n2)c4cnc5[nH]ccc5n4,CHEMBL3665213,IC50,10.66
328994,CS(=O)(=O)N1CCC[C@@H](C1)Nc2ncccc2c3cnc4[nH]cc(C5CC5)c4n3,CHEMBL3665173,IC50,10.67
329003,CCOC(=O)c1c[nH]c2ncnc(c3cccc(NC(=O)C(=C)CO)c3)c12,CHEMBL3651041,IC50,10.7
329012,CCOC(=O)c1c[nH]c2ncnc(c3cccc(NC(=O)\C=C\CN(C)C)c3)c12,CHEMBL3651060,IC50,10.7
329021,Cc1ccc(c(NC2CCCN(C2)S(=O)(=O)C)n1)c3cnc4[nH]ccc4n3,CHEMBL3665146,IC50,10.71
329030,CS(=O)(=O)N1CC[C@@H](C1)Nc2ncccc2c3cnc4[nH]ccc4n3,CHEMBL3665128,IC50,10.75
329039,CS(=O)(=O)N1CCC[C@@H](C1)Nc2ncccc2c3cnc4[nH]cc(C#N)c4n3,CHEMBL3665171,IC50,10.76
329048,Cc1ccc(c(NC2CCCN(C2)S(=O)(=O)CC(C)(C)C)n1)c3cnc4[nH]ccc4n3,CHEMBL3665150,IC50,10.78
329057,CC(C)CS(=O)(=O)N1C[C@@H](C)C[C@@H](C1)Nc2nc(ncc2c3cnc4[nH]ccc4n3)N5CCN(C)CC5,CHEMBL3665215,Ki,10.79
329066,C=CC(=O)Nc1cccc(c1)c2ncnc3[nH]cc(c4ccccc4)c23,CHEMBL3651050,IC50,10.8
329075,CS(=O)(=O)N1CCC[C@@H](C1)Nc2nc(NC3CCC(CC3)C#N)ncc2c4cnc5[nH]ccc5n4,CHEMBL3665207,IC50,10.87
329084,CC(=O)N1CCC[C@H](C1)Nc2ncccc2c3cnc4[nH]ccc4n3,CHEMBL3665123,IC50,10.89
329093,CCOC(=O)c1c[nH]c2ncnc(c3ccc(Cl)c(NC(=O)C(=C)C)c3)c12,CHEMBL3650991,IC50,10.89
329102,CCOC(=O)c1c[nH]c2ncnc(c3ccc(F)c(NC(=O)C(=C)F)c3)c12,CHEMBL3651021,IC50,10.89
329111,CS(=O)(=O)N1CCC[C@@H](C1)Nc2nc(ncc2c3cnc4[nH]ccc4n3)N5CC(C5)C#N,CHEMBL3665206,IC50,10.9
329120,Cc1c[nH]c2ncc(nc12)c3cccnc3N[C@H]4CCCN(C4)S(=O)(=O)C,CHEMBL3665172,IC50,10.93
329129,CC[C@@H](CO)Nc1ncc(c(N[C@H]2CCCN(C2)S(=O)(=O)C)n1)c3cnc4[nH]ccc4n3,CHEMBL3665200,IC50,10.96
329138,COCCNc1ncc(c(N[C@H]2CCCN(C2)S(=O)(=O)C)n1)c3cnc4[nH]ccc4n3,CHEMBL3665193,IC50,10.97
329147,CC(C)CS(=O)(=O)N1CCC[C@@H](C1)Nc2nc(ncc2c3cnc4[nH]ccc4n3)N5CCOCC5,CHEMBL3665184,IC50,10.98
329156,CS(=O)(=O)N1CC[C@H](C1)Nc2ncccc2c3cnc4[nH]ccc4n3,CHEMBL3665122,IC50,10.98
