id,smiles,name,assay_type,activity_value
2150088,CSc1ccccc1Nc2nc(nc3c(NCC4CC4)ncnc23)N5CCC(CC5)N6CCNCC6,CHEMBL2063927,IC50,7.55
2150100,CSc1ccccc1Nc2nc(nc3c(NCC4CC4)ncnc23)N5CCC[C@H](N)C5,CHEMBL2017250,IC50,7.64
2150111,CSc1nn(c2ccc(F)cc2)c3cc(ccc13)C4=CCNCC4,CHEMBL1809168,IC50,7.64
2150122,CSc1ccccc1Nc2nc(nc3c(NCC4CC4)ncnc23)N5CCC[C@@H](N)C5,CHEMBL2017249,IC50,7.75
2150133,CSc1ccccc1Nc2nc(nc3c(NCC4CCC4)ncnc23)N5CCNCC5,CHEMBL2017242,IC50,7.75
2150144,CSc1ccccc1Nc2nc(nc3c(NCc4nccs4)ncnc23)N5CCNCC5,CHEMBL2017246,IC50,7.8
2150155,CSc1ccccc1Nc2nc(nc3c(NCC4CC4)ncnc23)N5CCC6(CCNCC6)CC5,CHEMBL2063925,IC50,7.82
2150167,CSc1ccccc1Nc2nc(nc3c(NCC4CC4)ncnc23)N5CCNCC5,CHEMBL2017214,IC50,7.92
2150178,CSc1ccccc1Nc2nc(nc3c(NCC4CC4)ncnc23)N5CCC(CN)CC5,CHEMBL2017251,IC50,8.0
2150189,CSc1ccccc1Nc2nc(nc3c(NCc4ccccn4)ncnc23)N5CCNCC5,CHEMBL2017247,IC50,8.01
2150200,CSc1ccccc1Nc2nc(nc3c(NCC4CC4)ncnc23)N5CC6(CNC6)C5,CHEMBL2017253,IC50,8.1
2150211,CSc1ccccc1Nc2nc(nc3c(N)ncnc23)N4CCNCC4,CHEMBL2017248,IC50,8.15
2150222,COCCNc1ncnc2c(Nc3ccccc3SC)nc(nc12)N4CCNCC4,CHEMBL2017244,IC50,8.16
2150233,CSc1ccccc1Nc2nc(nc3c(NCC4CC4)ncnc23)N5CCC6(CNC6)C5,CHEMBL2063924,IC50,8.7
