id,smiles,name,assay_type,activity_value
478408,COC1=CC2=C(C=C1C(N)=O)C(OC1=CC=C(NC(=O)NC3CC3)C(Cl)=C1)=CC=N2,lenvatinib,IC50,7.0
1421049,COC1=CC2=NC=CC(OC3=CC=C(NC(=O)C4(CC4)C(=O)NC4=CC=C(F)C=C4)C=C3)=C2C=C1OC,cabozantinib,IC50,8.33724213
129147,CCN(CC)CCNC(=O)c1c(C)[nH]c(\C=C\2/C(=O)Nc3ccc(F)cc23)c1C,sunitinib,Kd,9.68
478430,CN(C1=CC2=NN(C)C(C)=C2C=C1)C1=NC(NC2=CC(=C(C)C=C2)S(N)(=O)=O)=NC=C1,pazopanib,Kd,8.74
308739,CNC(=O)C1=CC(OC2=CC=C(NC(=O)NC3=CC=C(Cl)C(=C3)C(F)(F)F)C=C2)=CC=N1,sorafenib,Kd,7.8
985681,CC1=NC(NC2=NC=C(S2)C(=O)NC2=C(C)C=CC=C2Cl)=CC(=N1)N1CCN(CCO)CC1,dasatinib,Kd,9.24
1119248,CN1CCN(CC2=CC=C(C=C2)C(=O)NC2=CC=C(C)C(NC3=NC=CC(=N3)C3=CN=CC=C3)=C2)CC1,imatinib,Kd,7.89
6763289,Cc1ccc(cc1C#Cc2cnc3ccnn3c2)C(=O)Nc4ccc(Cl)cc4,CHEMBL2336038,IC50,7.53
3992021,CC(C)(C)c1cc(NC(=O)Nc2cccc(Nc3ncnc4ccccc34)c2)n(n1)c5cccc(c5)[N+](=O)[O-],CHEMBL2403874,IC50,7.54
325048,COC(=O)c1ccc2\C(=C(\Nc3ccc(cc3)N(C)C(=O)CN4CCN(C)CC4)/c5ccccc5)\C(=O)Nc2c1,nintedanib,Kd,7.54
5859985,COc1cc(cc(OC)c1OC)c2cnc3c(snc3c2)N4CCOCC4,CHEMBL3425865,Kd,7.54
5637220,COc1cc2c(ncnc2cc1OCCCN3CCCCC3)N4CCN(CC4)C(=O)Nc5ccc(OC(C)C)cc5,CHEMBL124660,Kd,7.54
6763308,COc1ccc(c(OC)c1)c2cnc3[nH]cc(c4ccc(OC)c(OC)c4)c3c2,CHEMBL3102946,IC50,7.54
6763319,COc1ccc(cc1OC)c2c[nH]c3ncc(cc23)c4cccc(c4)N(C)C,CHEMBL3319394,IC50,7.54
6763330,COc1cccc(c1)c2cnc3[nH]cc(c4ccc(OC)c(OC)c4)c3c2,CHEMBL3319476,IC50,7.54
1502412,CC1=CN(C=N1)C1=CC(=CC(NC(=O)C2=CC(NC3=NC=CC(=N3)C3=CN=CC=C3)=C(C)C=C2)=C1)C(F)(F)F,nilotinib,Kd,7.54
6763344,Cc1sc2ncnc(N)c2c1c3ccc(NC(=O)Nc4ccc(Cl)cc4)cc3,CHEMBL372174,IC50,7.54
6763355,FC(F)(F)Oc1ccc(NC(=O)c2sccc2NCc3ccnc4ccccc34)cc1,CHEMBL1614710,IC50,7.54
6763366,CC1=C(C(=O)N(C=C1)c2cccc(c2)C(F)(F)F)c3ccc4nc(N)ncc4c3,CHEMBL504805,IC50,7.55
6763377,CCCCc1ccc(Nc2noc3c(C(=O)Nc4cncnc4)c(Cl)ccc23)cc1,CHEMBL521788,IC50,7.55
6763389,CCc1sc2ncnc(N)c2c1c3ccc(NC(=O)Nc4cccc(C)c4)cc3,CHEMBL366241,IC50,7.55
6763400,CN(Cc1ccc(s1)c2[nH]nc3c2Cc4ccc(CN5CCN(C)CC5)cc34)C(=O)Nc6ccc(Cl)c(Cl)c6,CHEMBL215948,IC50,7.55
5641625,CN1CCN(Cc2ccc(Nc3ncc4C(=O)C(=CN(c5ccc6CCCc6c5)c4n3)C(=O)N)cc2)CC1,CHEMBL256893,IC50,7.55
6763416,COc1cc(ccc1NC(=O)Nc2cccc(C)c2)c3csc4ncnc(N)c34,CHEMBL370545,IC50,7.55
5637232,COc1ccc(c2ccc(NC(=O)Nc3cccc(C)c3)cc2)c4c(N)n[nH]c14,CHEMBL219998,IC50,7.55
6763429,COc1cccc(c1)N2C=CC(=C(C2=O)c3ccc4nc(N)ncc4c3)C,CHEMBL496916,IC50,7.55
5640996,Nc1ncnc2NCCC(=Nc12)c3ccc(NC(=O)Nc4cccc(c4F)C(F)(F)F)cc3,CHEMBL410731,IC50,7.55
1421333,Nc1ncnc2snc(c3ccc(NC(=O)Nc4cc(ccc4F)C(F)(F)F)cc3)c12,CHEMBL214258,IC50,7.55
6763443,COc1ccc(cc1)c2n[nH]c3c2Cc4sc(cc34)c5ccc(N)nc5,CHEMBL3644449,IC50,7.56
480757,Nc1ncc(c2cnn(CCO)c2)c3scc(c4ccc(NC(=O)Nc5cccc(F)c5)cc4)c13,CHEMBL1980297,IC50,7.56
5639401,CC(C)(C)c1ccc(cc1)C(=O)NC2=CC(=CNC2=O)c3ccncc3,CHEMBL1765770,Ki,7.57
6763456,CN1CCN(Cc2ccc3Cc4c(n[nH]c4c3c2)c5ccc(CNC(=O)Nc6ccc(C)cc6)s5)CC1,CHEMBL2096839,IC50,7.57
6763467,CN1CCN(Cc2ccc3c(Cc4c(n[nH]c34)c5ccc(CNC(=O)Nc6cc(C)cc(C)c6)s5)c2)CC1,CHEMBL209919,IC50,7.57
480766,C[C@H](O)Cn1cc(cn1)c2cnc(N)c3c(csc23)c4ccc(NC(=O)Nc5cccc(C)c5)cc4,CHEMBL3646210,IC50,7.57
5639583,Cc1cccc(NC(=O)Nc2ccc(c(F)c2)c3csc4ncnc(N)c34)c1,CHEMBL425749,IC50,7.57
6763482,Cc1sc2ncnc(N)c2c1c3ccc(NC(=O)Nc4cccc(F)c4)cc3,CHEMBL196747,IC50,7.57
6763493,NC(=S)c1cc(CNc2ccccc2C(=O)Nc3ccc4OC(F)(F)Oc4c3)ccn1,CHEMBL248258,IC50,7.57
6763504,Nc1noc2cccc(c3ccc(NC(=O)Nc4ccc(cc4)C(F)(F)F)cc3)c12,CHEMBL269886,IC50,7.57
6763515,COc1cc(N)cc(c1)c2cnc3[nH]cc(c4ccc(OC)c(OC)c4)c3c2,CHEMBL3319474,IC50,7.58
3992373,CCN1CCN(CC1)C2CCc3cc(ccc23)C(=O)Nc4ccc(C)c(Nc5nccc(n5)c6cccnc6)c4,CHEMBL3690075,IC50,7.59
480664,CN1CCN(CC1)c2ccc3nc([nH]c3c2)C4=C(N)c5c(F)cccc5NC4=O,CHEMBL522892,Kd,7.59
480778,CN1CCN(Cc2ccc3c(Cc4c(n[nH]c34)c5csc(c5)C#CCOc6ccccc6)c2)CC1,CHEMBL390156,IC50,7.59
26279,COc1cc(ccc1Nc2ncc(Cl)c(Nc3ccccc3S(=O)(=O)C(C)C)n2)N4CCC(CC4)N5CCN(C)CC5,CHEMBL509032,Kd,7.59
6763533,COc1ccc(cc1N)c2cnc3[nH]cc(c4ccc(OC)c(OC)c4)c3c2,CHEMBL3319470,IC50,7.59
6763545,Cc1cccc(NC(=O)Nc2ccc(cc2)c3c(CCCO)sc4ncnc(N)c34)c1,CHEMBL198297,IC50,7.59
6763557,Cc1cccc(NC(=O)Nc2ccc(cc2)c3ccc(OCCN4CCCC4)c5[nH]nc(N)c35)c1,CHEMBL223790,IC50,7.59
6763568,OCCN1CCC(CC1)c2ccc(NC(=O)c3nc(c[nH]3)C#N)c(c2)C4=CCCCC4,CHEMBL2158225,IC50,7.59
6763578,CC(C)(OCCN1CCCC1)c2ccc(NC(=O)c3nc(c[nH]3)C#N)c(c2)C4=CCC(C)(C)CC4,CHEMBL3086317,IC50,7.6
6763589,CCNC(=O)c1cc(CNc2ccccc2C(=O)Nc3ccc4OC(F)(F)Oc4c3)ccn1,CHEMBL248226,IC50,7.6
6763600,CN(Cc1ccc(s1)c2[nH]nc3c2Cc4cc(CN5CCN(C)CC5)ccc34)C(=O)Nc6cc(F)cc(c6)C(F)(F)F,CHEMBL378895,IC50,7.6
6763611,CNC(=O)c1cc(CNc2ncsc2C(=O)Nc3ccc4OC(F)(F)Oc4c3)ccn1,CHEMBL247248,IC50,7.6
6763622,CS(=O)(=O)Nc1cc(CNc2ccccc2C(=O)Nc3ccc4OC(F)(F)Oc4c3)ccn1,CHEMBL246423,IC50,7.6
6763632,COc1ccc(cc1)c2n[nH]c3c2Cc4sc(cc34)c5cccnc5,CHEMBL3644448,IC50,7.61
6763642,COc1ccc(cc1OC)c2c[nH]c3ncc(cc23)c4ccc(C)c(N)c4,CHEMBL3319469,IC50,7.61
6763653,CC(C)(C)c1cc(NC(=O)Nc2ccc(Nc3ncnc4ccccc34)cc2)n(n1)c5cccc(N)c5,CHEMBL2403816,IC50,7.62
6763664,CN1CCN(Cc2ccc3c(Cc4c(n[nH]c34)c5ccc(CNC(=O)Nc6ccc(C)cc6)s5)c2)CC1,CHEMBL415047,IC50,7.62
5639978,COc1ccc(NC(=O)Nc2ccc(cc2)c3cccc4onc(N)c34)cc1Cl,CHEMBL272453,IC50,7.62
3992460,CC(C)N1CCN(CC1)C2CCc3cc(ccc23)C(=O)Nc4ccc(C)c(Nc5nccc(n5)c6cccnc6)c4,CHEMBL3690076,IC50,7.64
478994,CC1(C)CNc2cc(NC(=O)c3cccnc3NCc4ccncc4)ccc12,CHEMBL572881,Kd,7.64
26231,CN[C@@H]1C[C@H]2O[C@@](C)([C@@H]1OC)n3c4ccccc4c5c6CNC(=O)c6c7c8ccccc8n2c7c35,CHEMBL388978,IC50,7.64
5638917,COc1ccc(c2ccc(NC(=O)Nc3cccc(Br)c3)cc2)c4c(N)noc14,CHEMBL271381,IC50,7.64
479257,Cc1cc(C(=O)Nc2cccc(Oc3ccc4nc(NC(=O)C5CC5)cn4n3)c2)n(C)n1,CHEMBL2348996,IC50,7.64
5637661,Cc1ccc(F)c(NC(=O)Nc2ccc(cc2)c3cccc4onc(N)c34)c1,CHEMBL271170,IC50,7.64
6763688,FC1(F)Oc2ccc(NC(=O)c3ccccc3NCc4ccnc(NCCc5cnc[nH]5)c4)cc2O1,CHEMBL247792,IC50,7.64
5637966,Nc1nc(Nc2ccc(cc2)C(=O)NCCN3CCOCC3)nn1c4ccccn4,CHEMBL1835749,IC50,7.64
617948,O=C(N1CCNCC1)c2ccc(\C=C\c3n[nH]c4ccccc34)cc2,CHEMBL1908397,Kd,7.64
525702,O=C(Nc1ccc(cc1C2=CCCCC2)C3CCN(CCN4CCOCC4)CC3)c5nc(c[nH]5)C#N,CHEMBL2158230,IC50,7.64
6763705,CC1=C(C(=O)N(C=C1)c2ccc(Cl)c(F)c2)c3ccc4nc(N)ncc4c3,CHEMBL497754,IC50,7.66
6763716,CC1=C(C(=O)N(C=C1)c2ccc(cc2)c3occn3)c4ccc5nc(N)ncc5c4,CHEMBL525893,IC50,7.66
6763727,CCC(=O)Nc1ccc2ncnc(Nc3ccc(NC(=O)Nc4cc(nn4c5cccc(C)c5)C(C)(C)C)cc3)c2c1,CHEMBL510516,IC50,7.66
6763738,CCC(=O)Nc1ccc2ncnc(Nc3ccc(NC(=O)Nc4cc(nn4c5cccc(N)c5)C(C)(C)C)cc3)c2c1,CHEMBL2403818,IC50,7.66
3992440,CN1CCN(CC1)C2CCc3cc(ccc23)C(=O)Nc4ccc(C)c(Nc5nccc(n5)c6cccnc6)c4,CHEMBL3690072,IC50,7.66
6763749,COc1ccc(cc1)c2cc3c(Cc4c(n[nH]c34)c5ccc(OC)cc5)s2,CHEMBL3644447,IC50,7.66
6763760,Cc1sc2ncnc(N)c2c1c3ccc(NC(=O)Nc4cccc(Cl)c4)cc3,CHEMBL382517,IC50,7.66
5640190,Nc1ncnc2NCCC(=Nc12)c3ccc(NC(=O)Nc4ccc(F)c(c4)C(F)(F)F)cc3,CHEMBL429516,IC50,7.66
6763775,CC(C)(C)c1cc(NC(=O)Nc2ccc(Nc3ncnc4ccc(N)cc34)cc2)n(n1)c5cccc(NC(=O)OCC6c7ccccc7c8ccccc68)c5,CHEMBL2403817,IC50,7.68
6763786,COc1cc2c(ncnc2cc1OCCCN3CCC(C)CC3)N4CCN(CC4)C(=O)Nc5ccc(OC(C)C)cc5,CHEMBL330863,IC50,7.68
479360,Cc1cc(C(=O)Nc2cccc(Oc3ccc4nc(NC(=O)C5CC5)cn4c3)c2)n(C)n1,CHEMBL2409779,IC50,7.68
479271,Cc1ccc(F)c(NC(=O)Nc2ccc(cc2)c3cccc4[nH]nc(N)c34)c1,CHEMBL223360,Kd,7.68
5639468,Nc1nc(Nc2ccc(cc2)C(=O)N3CCOCC3)nn1c4ccccn4,CHEMBL1835863,Ki,7.68
5640044,Nc1noc2cccc(c3ccc(NC(=O)Nc4ccccc4F)cc3)c12,CHEMBL410504,IC50,7.68
6763805,CC(=O)c1ccc(cc1)N2C=CC(=C(C2=O)c3ccc4nc(N)ncc4c3)C,CHEMBL496505,IC50,7.7
6763816,CC1=C(C(=O)N(C=C1)c2ccc(Cl)cc2)c3ccc4nc(N)ncc4c3,CHEMBL522905,IC50,7.7
4229278,CN(C)CCCc1cncc(Nc2ncc3CC(=S)Nc4cc(Cl)ccc4c3n2)c1,CHEMBL1945803,IC50,7.7
5641614,CN1CCN(CCc2ccc(Nc3ncc4C(=O)C(=CN(c5ccc6CCCc6c5)c4n3)C(=O)N)cc2)CC1,CHEMBL403776,IC50,7.7
5640273,CONC(=O)C1=CN(c2ccc3CCCc3c2)c4nc(Nc5ccc(cc5)C6CCN(C)CC6)ncc4C1=O,CHEMBL492809,IC50,7.7
817713,Cn1c(Nc2ccc(cc2)C(F)(F)F)nc3cc(Oc4ccnc(c4)c5ncc([nH]5)C(F)(F)F)ccc13,CHEMBL558752,IC50,7.7
6377667,Cn1c(Nc2cccc(c2)C(C)(C)C)nc3cc(Oc4ccnc(c4)c5ncc([nH]5)C(F)(F)F)ccc13,CHEMBL3632719,IC50,7.7
6763837,Cn1c(Nc2cccc(c2)C(C)(C)C)nc3cc(Oc4ccnc(c4)c5ncc[nH]5)ccc13,CHEMBL3632717,IC50,7.7
6763848,FC(F)(F)c1cccc(Nc2noc3c(C(=O)Nc4cnc(Cl)nc4)c(Cl)ccc23)c1,CHEMBL491238,IC50,7.7
6763859,FC1(F)Oc2ccc(NC(=O)c3ccccc3NCc4ccnc(NCCCn5ccnc5)c4)cc2O1,CHEMBL247424,IC50,7.7
5637387,Nc1n[nH]c2cccc(c3ccc(NC(=O)Nc4ccc(F)cc4)cc3)c12,CHEMBL220049,IC50,7.7
478581,CN(Cc1ccc(s1)c2[nH]nc3c2Cc4ccc(CN5CCN(C)CC5)cc34)C(=O)Nc6ccc(OC(F)(F)F)cc6,CHEMBL212932,IC50,7.72
6763874,COCCCNC(=O)c1cc(CNc2ccccc2C(=O)Nc3ccc4OC(F)(F)Oc4c3)ccn1,CHEMBL247030,IC50,7.72
6763886,COc1cccc(NC(=O)Nc2ccc(cc2)c3c(C)sc4ncnc(N)c34)c1,CHEMBL371889,IC50,7.72
6763898,Cc1cc(C)cc(NC(=O)Nc2ccc(cc2)c3c(C)sc4ncnc(N)c34)c1,CHEMBL371206,IC50,7.72
6763909,Cc1ccc(CNC(=O)Nc2cccc(F)c2)cc1NC(=O)c3cnc4ccccn34,CHEMBL3608786,IC50,7.72
6763920,FC1(F)Oc2ccc(NC(=O)c3ccccc3NCc4ccncc4)cc2OC1(F)F,CHEMBL391781,IC50,7.72
2754740,CN(C)c1cccc(NC(=O)c2ccc(C)c(c2)C#Cc3cnc4ccnn4c3)c1,CHEMBL2336024,IC50,7.73
6763933,CC1=C(C(=O)N(C=C1)c2ccc(F)c(C)c2)c3ccc4nc(N)ncc4c3,CHEMBL497958,IC50,7.75
6763944,CC1=C(C(=O)N(C=C1)c2ccc(cc2)C(F)(F)F)c3ccc4nc(N)ncc4c3,CHEMBL498557,IC50,7.75
6763955,CC1=C(C(=O)N(C=C1)c2ccc(cc2)n3cccn3)c4ccc5nc(N)ncc5c4,CHEMBL497343,IC50,7.75
76701,CCN1CCN(Cc2ccc(NC(=O)Nc3ccc(Oc4cc(NC)ncn4)cc3)cc2C(F)(F)F)CC1,CHEMBL574738,Kd,7.75
478940,CN(Cc1ccc(s1)c2[nH]nc3c2Cc4ccc(CN5CCN(C)CC5)cc34)C(=O)Nc6cccc(c6)C(F)(F)F,CHEMBL213910,IC50,7.75
6763970,COc1ccc(cc1)N2C=CC(=C(C2=O)c3ccc4nc(N)ncc4c3)C,CHEMBL506033,IC50,7.75
6765495,Cc1ccc(cc1C(=O)Nc2cccnc2)C(=O)Nc3cccc(c3)C(F)(F)F,CHEMBL469883,IC50,7.75
323688,Cl.CN(C)CC(=O)N1CCC(CC1)c2ccc(NC(=O)c3nc(c[nH]3)C#N)c(c2)C4=CCCCC4,CHEMBL1908395,Kd,7.75
5639648,Nc1nc(Nc2ccc(cc2)N3CCOCC3)nn1c4ccccn4,CHEMBL1835747,Ki,7.75
5640346,Nc1ncnc2NCCC(=Nc12)c3ccc(NC(=O)Nc4cccc(Cl)c4)cc3,CHEMBL409872,IC50,7.75
1421126,Nc1ncnc2snc(c3ccc(NC(=O)Nc4cccc(c4)C(F)(F)F)cc3)c12,CHEMBL213504,IC50,7.75
5640201,Nc1noc2cccc(c3ccc(NC(=O)Nc4ccccc4)cc3)c12,CHEMBL411725,IC50,7.75
6765516,OCCNC(=O)c1cc(CNc2ccccc2C(=O)Nc3ccc4OC(F)(F)Oc4c3)ccn1,CHEMBL246608,IC50,7.75
6765527,Brc1cccc(NC(=O)Nc2ccc(Oc3ncnc4sc5CCCCc5c34)cc2)c1,CHEMBL3628811,IC50,7.77
3358001,CCN(CCCOc1ccc2c(Nc3cc(CC(=O)Nc4cccc(F)c4)[nH]n3)ncnc2c1)CCOP(=O)(O)O,CHEMBL415049,Kd,7.77
3358015,CCN(CCO)CCCOc1ccc2c(Nc3cc(CC(=O)Nc4cccc(F)c4)[nH]n3)ncnc2c1,CHEMBL215152,Kd,7.77
6765542,CCOC(=O)c1ccc(cc1)N2C=CC(=C(C2=O)c3ccc4nc(N)ncc4c3)C,CHEMBL496713,IC50,7.77
6765553,CN(Cc1ccc(s1)c2[nH]nc3c2Cc4ccc(CN5CCN(C)CC5)cc34)C(=O)Nc6ccc(Br)cc6,CHEMBL211464,IC50,7.77
6765564,CN1CCN(Cc2ccc3c(Cc4c(n[nH]c34)c5ccc(CNC(=O)Nc6cccc(c6)C(F)(F)F)s5)c2)CC1,CHEMBL212986,IC50,7.77
6765575,CNC(=O)Nc1ccc(CNc2c(cnn2C)C(=O)Nc3ccc(SC(F)(F)F)cc3)cn1,CHEMBL247797,IC50,7.77
6765586,CS(=O)(=O)CCNC(=O)c1cc(CNc2ccccc2C(=O)Nc3ccc4OC(F)(F)Oc4c3)ccn1,CHEMBL245804,IC50,7.77
479101,C[C@@H](O)COc1cn2ncnc(Oc3ccc4[nH]c(C)cc4c3F)c2c1C,CHEMBL377300,Kd,7.77
5641263,Cc1ccc(NC(=O)Nc2ccc(cc2)c3cccc4[nH]nc(N)c34)cc1,CHEMBL374330,IC50,7.77
5639364,Cc1cccc(NC(=O)Nc2ccc(cc2)c3cccc4[nH]nc(N)c34)c1,CHEMBL220057,IC50,7.77
479159,Clc1ccc(Nc2nnc(Cc3ccncc3)c4ccccc24)cc1,CHEMBL101253,Kd,7.77
6765605,CCCCNC(=O)c1ccc(C)c(c1)C#Cc2cnc3ccnn3c2,CHEMBL2336029,IC50,7.78
5641732,O=C(Nc1ccc(Oc2ccccc2)cc1)Nc3ccc4\C(=C\c5ccc[nH]5)\C(=O)Nc4c3,CHEMBL1172887,IC50,7.79
6765618,CC1=C(C(=O)N(C=C1)c2ccc(cc2)C(C)(C)C)c3ccc4nc(N)ncc4c3,CHEMBL496494,IC50,7.8
324480,CO[C@@H]1[C@@H](C[C@H]2O[C@]1(C)n3c4ccccc4c5c6CNC(=O)c6c7c8ccccc8n2c7c35)N(C)C(=O)c9ccccc9,CHEMBL608533,Kd,7.8
6765631,COc1cc2c(ncnc2cc1OCCCN3CCCCC3C)N4CCN(CC4)C(=O)Nc5ccc(OC(C)C)cc5,CHEMBL107599,IC50,7.8
6377165,COc1cc2ncnc(Oc3ccc(NC(=O)Nc4cccc(Br)c4)cc3)c2cc1OC,CHEMBL2018882,IC50,7.8
3992382,Cc1ccc(NC(=O)c2ccc3C(CCc3c2)N4CCNCC4)cc1Nc5nccc(n5)c6cccnc6,CHEMBL3690074,IC50,7.8
6765645,FC1(F)Oc2ccc(NC(=O)c3ccccc3NCc4ccnc(c4)C(=O)NC5CC5)cc2O1,CHEMBL248398,IC50,7.8
3992491,CN1CCN(CC1)C2CCc3cc(ccc23)C(=O)Nc4ccc(C)c(Nc5nccc(n5)c6cncnc6)c4,CHEMBL3690079,IC50,7.82
6765660,COc1ccc(NC(=O)Nc2ccc(cc2)c3c(C)sc4ncnc(N)c34)cc1,CHEMBL365784,IC50,7.82
5637462,Nc1n[nH]c2cccc(c3ccc(NC(=O)Nc4cccc(F)c4)cc3)c12,CHEMBL373798,IC50,7.82
5641708,Cc1ccc(NC(=O)Nc2ccc3\C(=C\c4ccc[nH]4)\C(=O)Nc3c2)cc1,CHEMBL1172815,IC50,7.84
6765675,Brc1cccc(NC(=O)Nc2ccc(Oc3ncnc4ccccc34)cc2)c1,CHEMBL3628807,IC50,7.85
1717034,COc1ccc(C(=O)NC(=O)Nc2ccc3\C(=C\c4[nH]c(C)c(C(=O)NCCN5CCCC5)c4C)\C(=O)Nc3c2)c(F)c1,CHEMBL3329684,IC50,7.85
3993039,Cc1cc(NC(=O)c2ccc(C)c(Nc3nccc(n3)c4cccnc4)c2)cc(c1)n5cnc(C)c5,CHEMBL2311806,Kd,7.85
6765690,Cc1ccc(NC(=O)c2cccc(c2)C(F)(F)F)cc1C(=O)Nc3cncnc3,CHEMBL259247,IC50,7.85
6765701,Nc1noc2cccc(c3ccc(NC(=O)Nc4cc(F)cc(F)c4)cc3)c12,CHEMBL269862,IC50,7.85
5640560,Nc1noc2cccc(c3ccc(NC(=O)Nc4cccc(c4)[N+](=O)[O-])cc3)c12,CHEMBL272183,IC50,7.85
6765714,COc1ccc(cc1OC)c2c[nH]c3ncc(cc23)c4ccc(OCCN5CCOCC5)c(N)c4,CHEMBL3319475,IC50,7.86
6765725,CC(C)(N1CCN(CCO)CC1)c2ccc(NC(=O)c3nc(c[nH]3)C#N)c(c2)C4=CCC(C)(C)CC4,CHEMBL3085833,IC50,7.89
6765736,CC1=C(C(=O)N(C=C1)c2ccc(cc2)N3CCOCC3)c4ccc5nc(N)ncc5c4,CHEMBL525744,IC50,7.89
6765747,CN1CCN(Cc2ccc3c(Cc4c(n[nH]c34)c5ccc(CNC(=O)Nc6ccc(cc6)C(F)(F)F)s5)c2)CC1,CHEMBL212762,IC50,7.89
6765758,COCCNc1cc(CNc2ccccc2C(=O)Nc3ccc4OC(F)(F)Oc4c3)ccn1,CHEMBL248860,IC50,7.89
6765769,CONC(=O)C1=CN(c2ccc3CCCc3c2)c4nc(Nc5ccc(cc5)C6CCN(CC(=O)O)CC6)ncc4C1=O,CHEMBL452965,IC50,7.89
5640985,Nc1n[nH]c2cccc(c3ccc(NC(=O)Nc4cccc(Cl)c4)cc3)c12,CHEMBL375670,IC50,7.89
480852,COc1ccc(NC(=O)Nc2ccc(cc2)c3csc4c(cnc(N)c34)c5cnn(C[C@H](O)CO)c5)cc1,CHEMBL3646211,IC50,7.9
6765785,Cc1ccc(cc1C#Cc2cnc3ccnn3c2)C(=O)NC4CCCC4,CHEMBL2336032,IC50,7.9
6765795,COc1ccc(cc1)c2n[nH]c3c2Cc4sc(cc34)c5ccc(NC(=O)CN6CCCC6)nc5,CHEMBL3644450,IC50,7.91
6765805,CC1=C(C(=O)N(C=C1)c2ccc(C)c(F)c2)c3ccc4nc(N)ncc4c3,CHEMBL497957,IC50,7.92
6765815,CN(C)CC(=O)C1=CCC(C)(C)CC1OC(=O)c2ncc(C#N)[nH]2,CHEMBL3680626,IC50,7.92
2754777,CN1CCN(Cc2ccc(cc2)C(=O)Nc3ccc(C)c(Nc4nc(cs4)c5cccnc5)c3)CC1,CHEMBL1908391,Kd,7.92
6765827,CNC(=O)Nc1ccc(CNc2c(cnn2C)C(=O)Nc3ccc4OC(F)(F)C(F)(F)Oc4c3)cn1,CHEMBL247619,IC50,7.92
6765838,CNC(=O)c1cc(CNc2ncsc2C(=O)Nc3ccc4OC(F)(F)C(F)(F)Oc4c3)ccn1,CHEMBL247434,IC50,7.92
5493896,CNc1cc(ccn1)C2=CNC(=O)C(=C2)NC(=O)c3ccc(cc3)N4CCCCC4,CHEMBL1765774,Ki,7.92
6765851,COCCCNc1cc(CNc2ccccc2C(=O)Nc3ccc4OC(F)(F)Oc4c3)ccn1,CHEMBL247591,IC50,7.92
6765862,COCCOCC#Cc1cc(cs1)c2n[nH]c3c2Cc4ccc(Cn5cncn5)cc34,CHEMBL223971,IC50,7.92
5639020,COc1ccccc1Nc2nc(N)n(n2)c3ccccn3,CHEMBL1835741,Ki,7.92
6765875,CS(=O)(=O)CCN1CCC(CC1)c2ccc(NC(=O)c3nc(c[nH]3)C#N)c(c2)C4=CCCCC4,CHEMBL2158227,IC50,7.92
6765886,Cc1ccc(NC(=O)Nc2ccc(cc2)c3cccc4onc(N)c34)cc1F,CHEMBL410664,IC50,7.92
6765897,Cc1ccc(cc1NC(=O)Nc2cccc(c2)C(F)(F)F)C3=Nc4c(N)ncnc4NCC3,CHEMBL403706,IC50,7.92
5639182,Cc1cccc(NC(=O)Nc2ccc(cc2)c3cccc4onc(N)c34)c1,CHEMBL410130,IC50,7.92
6765910,O=C(NC1=CC(=CNC1=O)c2ccncc2)c3ccc(cc3)N4CCCCC4,CHEMBL1765097,Ki,7.92
6765921,Brc1cccc(NC(=O)Nc2ccc(Oc3ncnc4sccc34)cc2)c1,CHEMBL3628808,IC50,7.96
479304,CCN1CCC(CC1)Nc2ccc3NC(=O)C(=C(c4ccc(Cl)cc4)c5ncc[nH]5)c3c2,CHEMBL2086760,IC50,7.96
6765934,CNC(=O)c1cc(CNc2c(cnn2C)C(=O)Nc3ccc4OC(F)(F)Oc4c3)ccn1,CHEMBL247435,IC50,7.96
478842,COc1cc(Nc2ncc(F)c(Nc3ccc4OC(C)(C)C(=O)Nc4n3)n2)cc(OC)c1OC,CHEMBL475251,Kd,7.96
26212,C[C@]12O[C@H](C[C@]1(O)CO)n3c4ccccc4c5c6C(=O)NCc6c7c8ccccc8n2c7c35,CHEMBL603469,Kd,7.96
6765949,Cc1cccc(NC(=O)Nc2ccc(cc2)c3nsc4ncnc(N)c34)c1,CHEMBL376951,IC50,7.96
6765960,FC(F)(F)Oc1ccc(Nc2noc3c(C(=O)Nc4cncnc4)c(Cl)ccc23)cc1,CHEMBL484883,IC50,7.96
6765971,FC(F)(F)c1ccc(Nc2noc3c(C(=O)Nc4cncnc4)c(Cl)ccc23)cc1,CHEMBL490408,IC50,7.96
6765982,Fc1ccc(Nc2noc3c(C(=O)Nc4cncnc4)c(Cl)ccc23)cc1C(F)(F)F,CHEMBL491628,IC50,7.96
5641290,Nc1ncnc2NCCC(=Nc12)c3ccc(NC(=O)Nc4cc(ccc4F)C(F)(F)F)cc3,CHEMBL411903,IC50,7.96
6765995,Nc1noc2cccc(c3ccc(NC(=O)Nc4cccc(F)c4)cc3)c12,CHEMBL270086,IC50,7.96
6766006,COc1ccc(cc1OC)c2c[nH]c3ncc(cc23)c4cncc(N)c4,CHEMBL1289467,IC50,7.97
6766017,Cc1[nH]c2\C(=C\3/C(=O)Nc4ccc(F)cc34)\CCCc2c1C(=O)NCCCN5CCCC5,CHEMBL2430249,IC50,7.97
6375627,CCN(CC)CCCNC(=O)c1c(C)[nH]c2\C(=C\3/C(=O)Nc4ccc(F)cc34)\CCCc12,CHEMBL2430247,IC50,8.0
6377353,CCN(CC)CCNC(=O)c1c(C)[nH]c(\C=C\2/C(=O)Nc3ccc(Cl)cc23)c1C,CHEMBL13485,IC50,8.0
6376732,CNC(=O)c1cc(Oc2ccc3c(c2)nc(Nc4cccc(c4)C(C)(C)C)n3C)ccn1,CHEMBL470808,IC50,8.0
2338165,COc1cc(Oc2ccnc3cc(OC)c(OC)cc23)ccc1NC(=O)NC(C)c4nccs4,CHEMBL1908396,Kd,8.0
6766036,C[C@@H](O)Cn1cc(cn1)c2cnc(N)c3c(csc23)c4ccc(NC(=O)Nc5cccc(C)c5)cc4,CHEMBL2062935,Ki,8.0
5640168,Cc1cc(NC(=O)Nc2ccc(cc2)c3cccc4[nH]nc(N)c34)ccc1F,CHEMBL374044,IC50,8.0
6766050,Cc1cccc(NC(=O)Nc2ccc(cc2)c3ccc(C)c4[nH]nc(N)c34)c1,CHEMBL219887,IC50,8.0
3991988,Cc1cn(cn1)c2cc(F)cc(NC(=O)c3ccc(C)c(Nc4nccc(n4)c5cccnc5)c3)c2,CHEMBL2311807,IC50,8.0
5639659,Nc1nc(Nc2cccc(c2)C(=O)N3CCOCC3)nn1c4ccccn4,CHEMBL1835864,Ki,8.0
5640357,Nc1noc2cccc(c3ccc(NC(=O)Nc4cccc(Cl)c4)cc3)c12,CHEMBL271600,IC50,8.0
3065722,[O-][N+](=O)c1ccccc1c2n[nH]cc2\C=C\3/C(=O)Nc4ccccc34,CHEMBL2347053,IC50,8.0
6766069,Cc1ccc(CNC(=O)Nc2ccccc2)cc1NC(=O)c3cnc4ccccn34,CHEMBL3608785,IC50,8.01
479005,COc1cc(O)c2C(=O)O[C@@H](C)C\C=C/C(=O)[C@@H](O)[C@H](O)C\C=C\c2c1,CHEMBL1668411,IC50,8.02
479349,COc1cc2c(Oc3ccc(NC(=O)C4(CC4)C(=O)Nc5ccc(F)cc5)cc3F)ccnc2cc1OCCCN6CCOCC6,CHEMBL1230609,Kd,8.02
5639751,COc1cc2c(Oc3ccc(NC(=O)c4cn(nn4)c5ccccc5Cl)cc3F)ccnc2cc1OCCCN6CCCCC6,CHEMBL3823520,IC50,8.03
2754631,COc1ccc(NC(=O)c2ccc(C)c(c2)C#Cc3cnc4ccnn4c3)cc1,CHEMBL2336018,IC50,8.03
6766088,CC(C)(C)c1cc(NC(=O)Nc2ccc(Nc3ncnc4ccc(NC(=O)CCN5CCOCC5)cc34)cc2)n(n1)c6cccc(N)c6,CHEMBL2403821,IC50,8.04
6766099,COc1ccc(cc1OC)c2c[nH]c3ncc(cc23)c4ccc(N)cc4,CHEMBL3319472,IC50,8.04
6376029,CCN(CC)CCN1CCCCc2[nH]c(\C=C\3/C(=O)Nc4ccc(F)cc34)c(C)c2C1=O,CHEMBL1277161,IC50,8.05
5641008,COc1ccc(Nc2nc(N)n(n2)c3ccccn3)cc1OC,CHEMBL1835740,Ki,8.05
6766114,Cc1ccc(cc1C(=O)Nc2ccc(N)nc2)C(=O)NCCCC3CCCCC3,CHEMBL520718,IC50,8.05
6766126,Cc1cccc(NC(=O)Nc2ccc(cc2)c3c(C)sc4ncnc(N)c34)c1,CHEMBL371329,IC50,8.05
480715,Cc1cccc(NC(=O)Nc2ccc(cc2)c3cnc4c(ccn4c3N)c5cnn(C)c5)c1,CHEMBL453057,IC50,8.05
5641335,Clc1ccc(NC(=O)Nc2ccc3\C(=C\c4ccc[nH]4)\C(=O)Nc3c2)cc1,CHEMBL1172886,IC50,8.05
6766141,OCCCNc1cc(CNc2ccccc2C(=O)Nc3ccc4OC(F)(F)Oc4c3)ccn1,CHEMBL395700,IC50,8.05
6377055,OC[C@H]1CCCN1CCCOc2ccc3c(Nc4cnn(CC(=O)Nc5cccc(F)c5F)c4)nncc3c2,CHEMBL253968,IC50,8.05
6766154,COc1ccc(cc1OC)c2c[nH]c3ncc(cc23)c4cc(OC)c(OC)c(OC)c4,CHEMBL3319468,IC50,8.06
3993441,CN1CCN(CC1)[C@H]2CCc3cc(ccc23)C(=O)Nc4ccc(C)c(Nc5nccc(n5)c6cccnc6)c4,CHEMBL3690082,IC50,8.07
6766166,COc1ccc(cc1OC)c2c[nH]c3ncc(cc23)c4ccc(C(=O)N5CCOCC5)c(N)c4,CHEMBL3319467,IC50,8.07
6766177,Cc1[nH]c2\C(=C\3/C(=O)Nc4ccc(F)cc34)\CCCc2c1C(=O)N5CCC[C@H]5CN6CCCC6,CHEMBL2430253,IC50,8.07
529263,CCCCNc1ncc2c(cn([C@@H]3CC[C@@H](O)CC3)c2n1)c4ccc(CN5CCN(C)CC5)cc4,CHEMBL3326006,IC50,8.09
6766190,CC(C)(C)c1ccc(Nc2noc3c(C(=O)Nc4cncnc4)c(Cl)ccc23)cc1,CHEMBL490407,IC50,8.1
5641591,CCN1CCC(CC1)Oc2ccc(nc2)C(=O)Nc3ccc(NC(=O)Nc4cc(on4)C(C)(C)C)cc3,CHEMBL2203434,IC50,8.1
5641173,CN1C(C)(C)CC(CC1(C)C)Oc2ccc(nc2)C(=O)Nc3ccc(NC(=O)Nc4cc(on4)C(C)(C)C)cc3,CHEMBL2206277,IC50,8.1
6376120,Cc1c(\C=C\2/C(=O)Nc3ccc(F)cc23)[nH]c4CCCN(C[C@H](O)CN5CCOCC5)C(=O)c14,CHEMBL1277072,IC50,8.1
6766207,OCCNc1cc(CNc2ccccc2C(=O)Nc3ccc4OC(F)(F)Oc4c3)ccn1,CHEMBL398052,IC50,8.1
6766217,OC[C@@H](O)C(=O)N1CCC(CC1)c2ccc(OC(=O)c3ncc(C#N)[nH]3)c(c2)C4=CCCCC4,CHEMBL3680625,IC50,8.1
6766227,Cc1[nH]c2\C(=C\3/C(=O)Nc4ccc(F)cc34)\CCCc2c1C(=O)N5CCC(CC5)N6CCCCC6,CHEMBL2430252,IC50,8.11
6766238,CC(C)(C)c1cc(NC(=O)Nc2ccc(Nc3ncnc4ccc(N)cc34)cc2)n(n1)c5cccc(N)c5,CHEMBL2403815,IC50,8.12
5641370,CC(C)(C)c1onc(NC(=O)Nc2ccc(NC(=O)c3cn4c5ccccc5sc4n3)cc2)c1,CHEMBL575925,Kd,8.13
6766251,Cc1[nH]c2\C(=C\3/C(=O)Nc4ccc(F)cc34)\CCCc2c1C(=O)NCCN5CCCC5,CHEMBL2430260,IC50,8.13
6766262,CC(C)(C)c1cc(NC(=O)Nc2ccc(Nc3ncnc4ccccc34)cc2)n(n1)c5cccc(c5)[N+](=O)[O-],CHEMBL2403814,IC50,8.14
5641821,O=C(Nc1ccc(cc1)c2ccccc2)Nc3ccc4\C(=C\c5ccc[nH]5)\C(=O)Nc4c3,CHEMBL1172837,IC50,8.14
6766275,CCCc1ccc(Nc2noc3c(C(=O)Nc4cncnc4)c(Cl)ccc23)cc1,CHEMBL489786,IC50,8.16
6376007,CCN(CC)CCNC(=O)c1c(C)[nH]c2\C(=C\3/C(=O)Nc4ccc(cc34)[N+](=O)[O-])\CCCc12,CHEMBL2430254,IC50,8.16
6766288,CCNC(=O)Nc1cc(CNc2ccccc2C(=O)Nc3ccc4OC(F)(F)Oc4c3)ccn1,CHEMBL247793,IC50,8.16
6766299,CCc1ccc(Nc2noc3c(C(=O)Nc4cncnc4)c(Cl)ccc23)cc1,CHEMBL489579,IC50,8.16
6766310,CN1CCN(CCC(=O)Nc2ccc3ncnc(Nc4ccc(NC(=O)Nc5cc(nn5c6cccc(N)c6)C(C)(C)C)cc4)c3c2)CC1,CHEMBL2403820,IC50,8.16
479121,Cc1ccc(F)c(NC(=O)Nc2ccc(cc2)c3nsc4ncnc(N)c34)c1,CHEMBL262433,IC50,8.16
6766323,Cc1ccc(cc1C(=O)Nc2ccc(N)nc2)C(=O)Nc3cccc(c3)C(F)(F)F,CHEMBL470483,IC50,8.16
479324,Cc1cccc(NC(=O)Nc2ccc(cc2)c3cncc4c3c(N)nn4C)c1,CHEMBL404367,IC50,8.16
480424,Nc1n[nH]c2nccc(c3ccc(NC(=O)Nc4cccc(c4)C(F)(F)F)cc3)c12,CHEMBL255955,IC50,8.16
5640801,Nc1noc2cccc(c3ccc(NC(=O)Nc4ccc(F)cc4)cc3)c12,CHEMBL406660,IC50,8.16
6766340,Nc1noc2cccc(c3ccc(NC(=O)Nc4cccc(Br)c4)cc3)c12,CHEMBL272802,IC50,8.16
854379,Oc1ccc(cc1)c2ccc3c(n[nH]c3n2)c4ccc(cc4)N5CCNCC5,CHEMBL1910893,IC50,8.16
6375571,CN(C)CCNC(=O)c1c(C)[nH]c2\C(=C\3/C(=O)Nc4ccc(F)cc34)\CCCc12,CHEMBL2430261,IC50,8.18
5639842,CC(C)(C)c1onc(NC(=O)Nc2ccc(cc2)c3cn4c5ccc(OCCN6CCOCC6)cc5sc4n3)c1,CHEMBL576982,Kd,8.2
6766359,COc1ccc(cc1OC)c2c[nH]c3ncc(cc23)c4cccc(N)c4,CHEMBL2152262,IC50,8.2
6766370,Brc1cccc(NC(=O)Nc2ccc(Nc3ncnc4sc5CCCCc5c34)cc2)c1,CHEMBL3628799,IC50,8.22
6766381,CC1=C(C(=O)N(C=C1)c2ccc3c(NCC3(C)C)c2)c4ccc5nc(N)ncc5c4,CHEMBL493986,IC50,8.22
6766392,COCCN1CCN(CC1)C(C)(C)c2ccc(NC(=O)c3nc(c[nH]3)C#N)c(c2)C4=CCC(C)(C)CC4,CHEMBL3085834,IC50,8.22
6766403,CONC(=O)C1=CN(c2ccc3CCCc3c2)c4nc(Nc5ccc(CCN6CCN(C)CC6)cc5)ncc4C1=O,CHEMBL505830,IC50,8.22
6375469,COc1cc2c(ncnc2cc1OCCCN3CCCCC3C)N4CCN(CC4)C(=O)Nc5ccc(cc5)C#N,CHEMBL126699,IC50,8.22
5642015,Cc1[nH]c(\C=C\2/C(=O)Nc3cc(NC(=O)Nc4ccccc4)ccc23)c(C)c1C(=O)O,CHEMBL1173107,IC50,8.22
480799,Cc1cccc(NC(=O)Nc2ccc(cc2)c3csc4ncnc(N)c34)c1,CHEMBL196363,IC50,8.22
5641301,Nc1ncnc2NCCC(=Nc12)c3ccc(NC(=O)Nc4cccc(c4)C(F)(F)F)cc3,CHEMBL260092,IC50,8.22
6375897,Cc1[nH]c2\C(=C\3/C(=O)Nc4ccc(F)cc34)\CCCc2c1C(=O)NCCCN5CCOCC5,CHEMBL2430248,IC50,8.24
6375850,Cc1[nH]c2\C(=C\3/C(=O)Nc4ccc(F)cc34)\CCCc2c1C(=O)NCCN5CCCCC5,CHEMBL2430259,IC50,8.24
5641087,O=C(Nc1ccccc1)Nc2ccc3\C(=C\c4ccc[nH]4)\C(=O)Nc3c2,CHEMBL1173482,IC50,8.29
6766428,CC(C)(C)c1cccc(Nc2noc3c(C(=O)Nc4cncnc4)c(Cl)ccc23)c1,CHEMBL519520,IC50,8.3
6766439,CC(C)(N)CC(=O)N1CCC(CC1)c2ccc(NC(=O)c3nc(c[nH]3)C#N)c(c2)C4=CCCCC4,CHEMBL2158300,IC50,8.3
480863,CCN(CC)CCNC(=O)c1c(C)[nH]c2\C(=C\3/C(=O)Nc4ccc(F)cc34)\CCCc12,CHEMBL2180602,IC50,8.3
525934,CN(C)CC(=O)N1CCC(CC1)c2ccc(NC(=O)c3nc(c[nH]3)C#N)c(c2)C4=CCCCC4,CHEMBL1908842,IC50,8.3
808019,CNC(=O)Nc1cc(CNc2ccccc2C(=O)Nc3ccc4OC(F)(F)Oc4c3)ccn1,CHEMBL394503,IC50,8.3
6766455,CNC(=O)Nc1ccc(CNc2ncsc2C(=O)Nc3ccc4OC(F)(F)Oc4c3)cn1,CHEMBL247250,IC50,8.3
6766466,CNC(=O)c1cc(CNc2ccccc2C(=O)Nc3ccc4OC(F)(F)Oc4c3)ccn1,CHEMBL247437,IC50,8.3
6766477,COc1ccc(NC(=O)Nc2ccc(cc2)c3cccc4onc(N)c34)cc1,CHEMBL269885,IC50,8.3
5640766,Cc1ccc(NC(=O)Nc2ccc(cc2)c3cccc4onc(N)c34)cc1,CHEMBL272645,IC50,8.3
6766490,Cc1ccc(cc1C(=O)Nc2cnc(N)nc2)C(=O)Nc3cccc(c3)C(F)(F)F,CHEMBL272902,IC50,8.3
5639171,Cc1cccc(NC(=O)Nc2ccc(cc2)c3ccc(F)c4[nH]nc(N)c34)c1,CHEMBL374752,IC50,8.3
2359224,CN1CCN(CC2=CC=C(NC(=O)C3=CC=C(C)C(=C3)C#CC3=CN=C4C=CC=NN34)C=C2C(F)(F)F)CC1,ponatinib,IC50,8.31
2754887,Cc1ccc(cc1C#Cc2cnc3ccnn3c2)C(=O)Nc4cccc(Cl)c4,CHEMBL2336037,IC50,8.31
1421632,COc1cc2nccc(Oc3ccc(NC(=O)C4(CC4)C(=O)Nc5ccc(F)cc5)cc3)c2cc1OC,CHEMBL2105717,IC50,8.34
5641030,COc1ccc(NC(=O)Nc2ccc3\C(=C\c4[nH]c(C)c(CCC(=O)O)c4C)\C(=O)Nc3c2)cc1,CHEMBL1173541,IC50,8.35
6766511,[O-][N+](=O)c1ccc2ncnc(Nc3ccc(NC(=O)Nc4ccc(Cl)c(c4)C(F)(F)F)cc3)c2c1,CHEMBL2403878,IC50,8.35
3989803,Cc1cn(cn1)c2cccc(NC(=O)c3ccc(C)c(Nc4nccc(n4)c5cccnc5)c3)c2,CHEMBL2311808,Kd,8.36
5639716,COc1cc2c(Oc3ccc(NC(=O)C4=NN(C(=O)C=C4C)c5ccccc5C(F)(F)F)cc3F)ccnc2cc1OCCCN6CCOCC6,CHEMBL3290931,IC50,8.37
480843,Cc1cccc(NC(=O)Nc2ccc(cc2)c3csc4c(cnc(N)c34)c5cn[nH]c5)c1,CHEMBL1969102,IC50,8.37
6375839,CCN(CC)CC(O)CNC(=O)c1c(C)[nH]c2\C(=C\3/C(=O)Nc4ccc(F)cc34)\CCCc12,CHEMBL2430250,IC50,8.39
6375958,CCN(CC)CCNC(=O)c1c(C)[nH]c2\C(=C\3/C(=O)Nc4ccc(C)cc34)\CCCc12,CHEMBL2430266,IC50,8.39
6766531,CC(=O)Nc1ncc(NC(=O)c2c(Cl)ccc3c(Nc4cccc(c4)C(F)(F)F)noc23)cn1,CHEMBL488985,IC50,8.4
6376131,CCN(CC)CCN1CCCc2[nH]c(\C=C\3/C(=O)Nc4ccc(F)cc34)c(C)c2C1=O,CHEMBL1276981,IC50,8.4
6377341,CCN(CC)CCN1CCc2[nH]c(\C=C\3/C(=O)Nc4ccc(Br)cc34)c(C)c2C1=O,CHEMBL1278233,IC50,8.4
6377484,CCN(CC)CCN1CCc2[nH]c(\C=C\3/C(=O)Nc4ccc(Cl)cc34)c(C)c2C1=O,CHEMBL1278147,IC50,8.4
6766548,CCNC(=O)Nc1ccc(CNc2ncsc2C(=O)Nc3ccc4OC(F)(F)Oc4c3)cn1,CHEMBL247798,IC50,8.4
1179053,CN1C(=O)N(Cc2cnc(N)nc12)c3cc(NC(=O)c4cccc(c4)C(F)(F)F)ccc3C,CHEMBL459850,EC50,8.4
5640894,CN1CCC(CC1)c2ccc(Nc3nc(N)n(n3)c4ccccn4)cc2,CHEMBL1835867,IC50,8.4
5639853,COc1cc2c(Oc3ccc(NC(=O)c4nnn(c5ccc(F)cc5)c4C(F)(F)F)cc3F)ccnc2cc1OCCCN6CCCC6,CHEMBL3343366,IC50,8.4
6375605,COc1cc2c(ncnc2cc1OCCCN3CCC(C)CC3)N4CCN(CC4)C(=O)Nc5ccc(cc5)C#N,CHEMBL445636,IC50,8.4
6766567,COc1cccc(NC(=O)Nc2ccc(cc2)c3cccc4onc(N)c34)c1,CHEMBL269894,IC50,8.4
6377220,Cc1c(\C=C\2/C(=O)Nc3ccc(F)cc23)[nH]c4CCCN(CCN5CCOCC5)C(=O)c14,CHEMBL1277071,IC50,8.4
6766580,FC(F)(F)Oc1cccc(Nc2noc3c(C(=O)Nc4cncnc4)c(Cl)ccc23)c1,CHEMBL484885,IC50,8.4
6766591,Nc1cc(CNc2ccccc2C(=O)Nc3ccc4OC(F)(F)Oc4c3)ccn1,CHEMBL400109,IC50,8.4
5641279,Nc1nc(Nc2ccc(cc2)[C@@H]3CC[C@H](CC3)N4CCOCC4)nn1c5ccccn5,CHEMBL1835870,IC50,8.4
6766604,OCCOCCNc1cc(CNc2ccccc2C(=O)Nc3ccc4OC(F)(F)Oc4c3)ccn1,CHEMBL247423,IC50,8.4
5639864,COc1cc2c(Oc3ccc(NC(=O)C4=NN(c5ccccc5C4=O)c6ccccc6C(F)(F)F)cc3F)ccnc2cc1OCCCN7CCCC7,CHEMBL2385195,IC50,8.41
38372,CSc1cccc(Nc2ncc3C=C(C(=O)N(C)c3n2)c4c(Cl)cccc4Cl)c1,CHEMBL386051,Kd,8.43
526966,CC1CCN(CC1)c2cc(ccc2NC(=O)c3cc(c[nH]3)C#N)N4CCN(C)CC4,CHEMBL254702,IC50,8.46
478442,CNC(=O)C1=C(SC2=CC=C3C(NN=C3\C=C\C3=CC=CC=N3)=C2)C=CC=C1,axitinib,Kd,8.46
5639098,COc1ccc(NC(=O)Nc2ccc3\C(=C\c4[nH]c(C)c(C(=O)O)c4C)\C(=O)Nc3c2)cc1,CHEMBL1173174,IC50,8.48
5641904,COc1ccc(NC(=O)Nc2ccc3\C(=C\c4[nH]cc(C(=O)O)c4C)\C(=O)Nc3c2)cc1,CHEMBL1173411,IC50,8.51
813691,CC(=O)Nc1cc(Oc2ccc3c(c2)nc(Nc4cccc(c4)C(C)(C)C)n3C)ccn1,CHEMBL3335371,IC50,8.52
6766629,CNC(=O)c1cc(CNc2ccsc2C(=O)Nc3ccc4OC(F)(F)Oc4c3)ccn1,CHEMBL247618,IC50,8.52
6766640,CNc1cc(CNc2ccccc2C(=O)Nc3ccc4OC(F)(F)Oc4c3)ccn1,CHEMBL399534,IC50,8.52
807846,CNc1nccc(CNc2ccccc2C(=O)Nc3ccc4OC(F)(F)Oc4c3)n1,CHEMBL246424,IC50,8.52
6766653,COc1cc2ncnc(Nc3ccc(NC(=O)Nc4cccc(Br)c4)cc3)c2cc1OC,CHEMBL3628796,IC50,8.52
6377306,Cc1c(\C=C\2/C(=O)Nc3ccc(F)cc23)[nH]c4CCN(CCN5CCCC5)C(=O)c14,CHEMBL1276890,IC50,8.52
2754857,Cc1cccc(NC(=O)c2ccc(C)c(c2)C#Cc3cnc4ccnn4c3)c1,CHEMBL2331602,IC50,8.52
6766668,FC(F)(F)c1cccc(Nc2noc3c(C(=O)Nc4cccnc4)c(Cl)ccc23)c1,CHEMBL489196,IC50,8.52
6766679,FC(F)(F)c1cccc(Nc2noc3c(C(=O)Nc4cncnc4)c(Cl)ccc23)c1,CHEMBL491429,IC50,8.52
2338185,Cc1nc(Nc2nc3ccc(nc3s2)c4cccc(c4)C(=O)Nc5cccc(c5)C(F)(F)F)cc(n1)N6CCNCC6,CHEMBL2148120,Kd,8.54
6376062,CCN(CC)CCNC(=O)c1c(C)[nH]c2\C(=C\3/C(=O)Nc4ccc(Cl)cc34)\CCCc12,CHEMBL2430264,IC50,8.57
6766693,CN(C)CCCC(=O)Nc1ccc2ncnc(Nc3ccc(NC(=O)Nc4cc(nn4c5cccc(N)c5)C(C)(C)C)cc3)c2c1,CHEMBL2403819,IC50,8.57
6766704,Cc1ccc(NC(=O)c2ccc(C)c(c2)C#Cc3cnc4ccnn4c3)cc1,CHEMBL2336035,IC50,8.58
6766715,Cc1ccc(cc1c2ccc3c(nncc3c2)c4ccccc4F)C(=O)NC5CC5,CHEMBL1088796,Kd,8.62
6376973,CCN(CC)CCNC(=O)c1c(C)[nH]c2\C(=C\3/C(=O)Nc4ccc(Br)cc34)\CCCc12,CHEMBL2430265,IC50,8.64
5640825,COc1cc2c(Oc3ccc(NC(=O)C4=NN(C(=O)c5ccccc45)c6ccc(F)cc6)cc3F)ccnc2cc1OCCCN7CCCC7,CHEMBL3309402,IC50,8.66
479427,C[C@H](Nc1cncc(Cl)n1)c2cccc(NC(=O)c3cccc(C)c3)c2,CHEMBL504075,Kd,8.66
6766732,COc1ccc(cc1OC)c2cnc3[nH]cc(c4ccc(OC)c(OC)c4)c3c2,CHEMBL3102948,IC50,8.68
6766743,Cc1[nH]c2\C(=C\3/C(=O)Nc4ccc(F)cc34)\CCCc2c1C(=O)N5CCOCC5,CHEMBL2430251,IC50,8.68
6766754,CC(=O)Nc1ccc(NC(=O)c2cc(ccc2C)C(=O)Nc3cccc(c3)C(F)(F)F)cn1,CHEMBL487864,IC50,8.7
6377252,CCN(CC)CCN1CCc2[nH]c(\C=C\3/C(=O)Nc4ccc(F)cc34)c(C)c2C1=O,CHEMBL1278146,IC50,8.7
3858661,COc1cc2ncnc(Oc3cccc(NC(=O)Nc4cc(on4)C(C)(C)C(F)(F)F)c3)c2cc1OC,CHEMBL2029988,Kd,8.7
6376018,Cc1[nH]c2\C(=C\3/C(=O)Nc4ccc(F)cc34)\CCCc2c1C(=O)NCCN5CCOCC5,CHEMBL2430258,IC50,8.7
6766771,NC(=O)c1cc(CNc2ccccc2C(=O)Nc3ccc4OC(F)(F)Oc4c3)ccn1,CHEMBL248051,IC50,8.7
6766782,Nc1ccc(NC(=O)c2c(Cl)ccc3c(Nc4cccc(c4)C(F)(F)F)noc23)cn1,CHEMBL523816,IC50,8.7
2754871,COc1cccc(NC(=O)c2ccc(C)c(c2)C#Cc3cnc4ccnn4c3)c1,CHEMBL2336040,IC50,8.72
5641535,CC(C)(C)c1onc(NC(=O)Nc2ccc(NC(=O)c3cc4ccccc4cn3)cc2)c1,CHEMBL1081509,Kd,8.75
5641439,COc1ccc(NC(=O)Nc2ccc3\C(=C\c4ccc[nH]4)\C(=O)Nc3c2)cc1,CHEMBL1173149,IC50,8.82
6376051,Cc1[nH]c2\C(=C\3/C(=O)Nc4ccc(F)cc34)\CCCc2c1C(=O)NCCO,CHEMBL2430262,IC50,8.85
5641151,CCN1C(C)(C)CC(CC1(C)C)Oc2ccc(nc2)C(=O)Nc3ccc(NC(=O)Nc4cc(on4)C(C)(C)C)cc3,CHEMBL2206278,IC50,8.92
6766803,Brc1cccc(NC(=O)Nc2ccc(Nc3ncnc4ccccc34)cc2)c1,CHEMBL3628797,IC50,9.0
6766814,Brc1cccc(NC(=O)Nc2ccc(Nc3ncnc4sccc34)cc2)c1,CHEMBL3628798,IC50,9.0
812336,CC(=O)Nc1cc(CNc2ccccc2C(=O)Nc3ccc4OC(F)(F)Oc4c3)ccn1,CHEMBL248256,IC50,9.0
6766827,CC(=O)Nc1ccc(NC(=O)c2c(Cl)ccc3c(Nc4cccc(c4)C(F)(F)F)noc23)cn1,CHEMBL490823,IC50,9.0
6766838,CC1=C(C(=O)N(CCC2CCCC2)C=C1)c3ccc4nc(N)ncc4c3,CHEMBL494821,IC50,9.0
6377410,CN(C)CCN1CCc2[nH]c(\C=C\3/C(=O)Nc4ccc(F)cc34)c(C)c2C1=O,CHEMBL1278234,IC50,9.0
6376855,Cc1c(\C=C\2/C(=O)Nc3ccc(F)cc23)[nH]c4CCN(CCN5CCOCC5)C(=O)c14,CHEMBL1276891,IC50,9.0
6376959,Cc1c(\C=C\2/C(=O)Nc3ccc(F)cc23)[nH]c4CCN(C[C@H](O)CN5CCOCC5)C(=O)c14,CHEMBL1276980,IC50,9.0
6766855,Nc1ccc2ncnc(Nc3ccc(NC(=O)Nc4ccc(Cl)c(c4)C(F)(F)F)cc3)c2c1,CHEMBL2403879,IC50,9.0
6766866,Nc1ncc(NC(=O)c2c(Cl)ccc3c(Nc4cccc(c4)C(F)(F)F)noc23)cn1,CHEMBL488984,IC50,9.0
5641798,CC(C)(C)c1onc(NC(=O)Nc2ccc(NC(=O)c3ncccc3O)cc2)c1,CHEMBL1079545,Kd,9.02
213374,Cc1[nH]c(\C=C\2/C(=O)Nc3ccc(F)cc23)c(C)c1C(=O)NC[C@H](O)CN4CCOCC4,CHEMBL1721885,Kd,9.17
479470,COc1cc2c(Oc3ccc4[nH]c(C)cc4c3F)ncnc2cc1OCCCN5CCCC5,CHEMBL491473,Kd,9.27
858301,CN[C@@H]1CC2OC([C@@H]1OC)n3c4ccccc4c5c6CNC(=O)c6c7c8ccccc8n2c7c35,CHEMBL3683258,IC50,9.75
