id,smiles,name,assay_type,activity_value
478430,CN(C1=CC2=NN(C)C(C)=C2C=C1)C1=NC(NC2=CC(=C(C)C=C2)S(N)(=O)=O)=NC=C1,pazopanib,Kd,5.92
985681,CC1=NC(NC2=NC=C(S2)C(=O)NC2=C(C)C=CC=C2Cl)=CC(=N1)N1CCN(CCO)CC1,dasatinib,Kd,9.7
3990384,Cc1cc(cc2nnc(Nc3ccc(OCCN4CCCC4)cc3)nc12)c5c(Cl)cccc5Cl,CHEMBL230686,Ki,7.53
7248657,C(CN1CCNCC1)Nc2ccnc3oc(c4ccc(OCCN5CCCCC5)cc4)c(c6ccccc6)c23,CHEMBL393596,IC50,7.54
7248668,CN1CCN(CCNc2cc(ncn2)n3c(Nc4cc(NC(=O)c5cccc(c5)C(F)(F)F)ccc4C)nc6ccccc36)CC1,CHEMBL1076477,IC50,7.54
1596719,CC(C)NC(=O)[C@@H]1CC[C@@H](CC1)N2\C(=N\C(=O)c3ccc(F)cc3)\Nc4ccc(CN5CCC(CC5)C(C)(C)O)cc24,CHEMBL2172308,Kd,7.55
7248681,CCN(CC)CCOc1ccc(Nc2cc(ncn2)N(C)C(=O)Nc3c(C)cccc3Cl)cc1,CHEMBL210762,IC50,7.55
7248692,CN(C)CCOc1ccc(Nc2ncc3C(=O)N(c4c(C)cccc4C)c5nc6ccccc6n5c3n2)cc1,CHEMBL410892,IC50,7.55
6255607,CN(C)Cc1cccc(c1)c2cc3c(Nc4ccc5[nH]ccc5c4C)c(cnc3s2)C#N,CHEMBL402818,IC50,7.55
7248705,CN1CCN(CC1)c2cccc(c2)c3cnn4c(N)c(cnc34)c5ccc(NS(=O)(=O)c6cccc(Cl)c6Cl)cc5,CHEMBL1084974,IC50,7.55
7248716,COc1cc(ccc1NC(=O)CCc2ccccc2)c3nn([C@@H]4CC[C@H](CC4)N5CCN(C)CC5)c6ncnc(N)c36,CHEMBL295601,IC50,7.55
7248727,C(CN1CCNCC1)Nc2ncnc3oc(c4ccc(CN5CCOCC5)cc4)c(c6ccccc6)c23,CHEMBL248080,IC50,7.57
7248738,COc1cc(Nc2ncc3C(=O)N(c4c(C)cccc4C)c5nc6ccccc6n5c3n2)cc(OC)c1OC,CHEMBL270777,IC50,7.57
6988208,COc1cc2nccc(Oc3ccc4N(CCOc4c3)C(=O)Nc5ccccc5C)c2cc1OC,CHEMBL270058,IC50,7.57
7248751,Cc1ccc(NC(=O)c2cccc(c2)C(F)(F)F)cc1Nc3nc4ccccc4n3c5cc(NCCO)ncn5,CHEMBL1087638,IC50,7.57
7248762,Cc1cccc(Cl)c1NC(=O)c2ccc3nc(NC(=O)C4CC4c5ccccc5)sc3c2,CHEMBL68887,IC50,7.57
7248773,Cc1cccc(Cl)c1NC(=O)c2ccc3nc(Nc4ccncn4)sc3c2,CHEMBL408849,IC50,7.57
7248784,Cc1cccc(Cl)c1Nc2nc3c(ccc4c(C)c(C)nc(O)c34)[nH]2,CHEMBL117267,IC50,7.57
7248795,Cc1nc(O)c2c(ccc3nc(Nc4c(Cl)cccc4Cl)n(C)c23)c1CCO,CHEMBL27079,IC50,7.57
7248806,CC(Nc1nccc(n1)n2cnc3ccccc23)C4CN(CCN4S(=O)(=O)c5ccccc5)C(=O)Nc6cccc7ccccc67,CHEMBL572079,IC50,7.58
7248817,CN(C)c1ccc(Nc2ncc3C=C(N4N(CCC4=O)c3n2)c5c(Cl)cccc5Cl)cc1,CHEMBL214402,IC50,7.59
7248829,COC(=O)c1ccc2nc(Nc3c(C)cccc3Cl)c4cncn4c2c1,CHEMBL321464,IC50,7.59
7248840,COC(=O)c1cccc2c1nc(Nc3c(C)cccc3Cl)c4cncn24,CHEMBL313591,IC50,7.59
7248851,Cc1ccc(NC(=O)c2cccc(c2)C(F)(F)F)cc1Nc3nc4ccccc4n3c5cc(NCCCC6COCCN6)ncn5,CHEMBL1076471,IC50,7.59
7248862,Cc1cccc(Cl)c1Nc2nc3c(F)cccc3n4cncc24,CHEMBL316425,IC50,7.59
7248874,Cc1cccc(Cl)c1Nc2nc3ccc(F)cc3n4cncc24,CHEMBL322745,IC50,7.59
7248885,Cc1nc(O)c2c(cc(CNCCO)c3nc(Nc4c(Cl)cccc4Cl)n(C)c23)c1C,CHEMBL27199,IC50,7.59
4826784,Cc1nc(O)c2c(ccc3[nH]c(Nc4c(Cl)cccc4Cl)nc23)c1C,CHEMBL27085,IC50,7.59
7248898,CN1CCN(CC1)c2ccc(cc2)c3cnn4c(N)c(cnc34)c5ccc(NC(=O)Nc6ccccc6Cl)cc5,CHEMBL1084233,IC50,7.6
7248909,CN1CCN(CCCNc2cc(ncn2)n3c(Nc4cc(NC(=O)c5cccc(c5)C(F)(F)F)ccc4C)nc6ccccc36)CC1,CHEMBL1076478,IC50,7.6
7248920,CNc1ncc(C(=O)Nc2cc(ccc2C)C(=O)Nc3cccc(c3)C(F)(F)F)c(Oc4ccccc4)n1,CHEMBL271099,IC50,7.6
1421554,CNc1nccc(n1)c2cccnc2Oc3ccc(Nc4oc5ccccc5n4)c6ccccc36,CHEMBL456463,IC50,7.6
7248933,Cc1cccc(Cl)c1Nc2nc3ccccc3n2c4cc(Nc5cc(nc(C)n5)N6CCN(CCO)CC6)ncn4,CHEMBL447107,IC50,7.6
7248944,Cc1nc(O)c2c(ccc3[nH]c(Nc4c(Br)cc(Br)cc4Br)nc23)c1C,CHEMBL333374,IC50,7.6
7248955,CC(C)COC(=O)Nc1ccc(cc1)c2cnc3c(cnn3c2N)c4cccc(c4)N5CCN(C)CC5,CHEMBL1085317,IC50,7.62
6098376,CN1CCC(CC1)Oc2cc(cc(c2)C(F)(F)F)C(=O)Nc3ccc(C)c(Nc4nc5ccccc5n4c6cc(N)ncn6)c3,CHEMBL1076432,IC50,7.62
7248968,COc1cc(ccc1NC(=O)c2oc3ccccc3c2)c4nn([C@@H]5CC[C@H](CC5)N6CCN(C)CC6)c7ncnc(N)c47,CHEMBL43773,IC50,7.62
7248979,Cc1ccc(NC(=O)c2cccc(c2)C(F)(F)F)cc1C(=O)Nc3cnc(NCCCN4CCOCC4)nc3,CHEMBL259465,IC50,7.62
7248990,Cc1ccc(O)cc1Nc2ccnc(n2)n3cnc4ccccc34,CHEMBL220923,IC50,7.62
7249001,[O-][N+](=O)c1ccc2nc(Nc3c(Cl)cccc3Cl)c4cncn4c2c1,CHEMBL107826,IC50,7.62
7249012,[O-][N+](=O)c1cccc2c1nc(Nc3c(Cl)cccc3Cl)c4cncn24,CHEMBL84954,IC50,7.62
7249023,CC(C)COC(=O)Nc1ccc(c(C)c1)c2cnc3c(cnn3c2N)c4cccc(c4)N5CCN(C)CC5,CHEMBL1085996,IC50,7.64
7249034,CN1CCN(CC1)c2cccc(c2)c3cnn4c(N)c(cnc34)c5ccc(NC(=O)c6ccc(cc6)C(F)(F)F)cc5,CHEMBL1085240,IC50,7.64
7249045,CN1CCN(CCCNc2cc(ncn2)n3c(Nc4cc(ccc4C)C(=O)Nc5cccc(c5)C(F)(F)F)nc6ccccc36)CC1,CHEMBL1076201,IC50,7.64
7249056,CN1CCN(CCOc2ccc(Nc3ncc4C(=O)N(c5c(C)cccc5C)c6nc7ccccc7n6c4n3)cc2F)CC1,CHEMBL407516,IC50,7.64
1422824,CNc1cc(ncn1)c2cccnc2Nc3c(C)ccc4c(Nc5ccc6sc(C)nc6c5)nccc34,CHEMBL570573,IC50,7.64
7249069,COc1cc(ccc1NC(=O)c2ccc(cc2F)C(F)(F)F)c3nn(C4CCN(CC4)C5CCN(C)CC5)c6ncnc(N)c36,CHEMBL371295,IC50,7.64
7249080,COc1ccc(Cl)cc1N2C(=O)c3cnc(Nc4ccc(cc4)N5CCN(C)CC5)nc3n6c2nc7ccccc67,CHEMBL406684,IC50,7.64
7249091,Cc1ccc(NC(=O)c2cccc(c2)C(F)(F)F)cc1Nc3nc4ccccc4n3c5cc(NCCCN)ncn5,CHEMBL1076465,IC50,7.64
7249102,Cc1nc(O)c2c(ccc3nc(Nc4c(Cl)cccc4Cl)n(C)c23)c1C,CHEMBL28912,IC50,7.64
7249113,Nc1ncnc2c1c(cn2C3CC(O)C(O)C3)c4ccc(Oc5ccccc5)cc4,CHEMBL69827,IC50,7.64
7249124,CC(Nc1nccc(n1)n2cnc3ccccc23)C4CN(CCN4C)S(=O)(=O)C,CHEMBL568542,IC50,7.65
7249135,C(CN1CCNCC1)Nc2ccnc3oc(c4ccc(OCCN5CCOCC5)cc4)c(c6ccccc6)c23,CHEMBL240430,IC50,7.66
7249146,CC(C)COC(=O)Nc1ccc(cc1)c2cnc3c(cnn3c2N)c4ccc(cc4)N5CCN(C)CC5,CHEMBL1085511,IC50,7.66
7249157,CN(C)CCCCNc1cc(ncn1)n2c(Nc3cc(ccc3C)C(=O)Nc4cccc(C)c4)nc5ccccc25,CHEMBL1076194,IC50,7.66
7249168,COc1cc(ccc1OCCN2CCCCC2)c3oc4ncnc(NCCN5CCNCC5)c4c3c6ccccc6,CHEMBL394490,IC50,7.66
7249179,COc1nc(NCCN2CCOCC2)ncc1C(=O)Nc3cc(ccc3C)C(=O)Nc4cccc(c4)C(F)(F)F,CHEMBL270793,IC50,7.66
7249190,Cc1ccc(cc1Nc2nc3ccccc3n2c4cc(N)ncn4)C(=O)Nc5cccc(c5)C(C)(C)C,CHEMBL1087128,IC50,7.66
6763355,FC(F)(F)Oc1ccc(NC(=O)c2sccc2NCc3ccnc4ccccc34)cc1,CHEMBL1614710,IC50,7.66
7249203,O=C(N1CCCCC1)c2ccc(cc2)c3oc4ncnc(NCCN5CCNCC5)c4c3c6ccccc6,CHEMBL248081,IC50,7.66
3803255,Oc1cccc(Nc2ccnc3cc(sc23)c4cccc(CN5CCOCC5)c4)c1,CHEMBL2336005,IC50,7.67
1422012,CN(C)CCCN(C)c1ccc(cc1NC(=O)c2cc(ccc2F)C#Cc3cnc(N)nc3)C(F)(F)F,CHEMBL373621,IC50,7.68
7249217,CN(C)CCc1ccc(Nc2ncc3C=C(N4N(CCC4=O)c3n2)c5c(Cl)cccc5Cl)cc1,CHEMBL441361,IC50,7.68
7249228,CNc1ncc2cc(ccc2n1)c3c(C)ccc4c(Nc5cc(nn5C)C(C)(C)C)nccc34,CHEMBL569882,IC50,7.68
6988583,COc1cc2nccc(Oc3ccc4N(CCOc4c3)C(=O)Nc5ccc(Cl)cc5)c2cc1C(=O)N,CHEMBL409867,IC50,7.68
7249241,Cc1cc(Nc2nc3ccc(cc3s2)C(=O)Nc4c(C)cccc4Cl)ncn1,CHEMBL89072,IC50,7.68
7249253,Cc1cccc(Cl)c1Nc2nc3cc(N)ccc3n4cncc24,CHEMBL83008,IC50,7.68
7249264,CCN(CC)CCCCNc1cc(ncn1)n2c(Nc3cc(ccc3C)C(=O)Nc4cccc(C)c4)nc5ccccc25,CHEMBL1076195,IC50,7.7
7249275,CN(C)CCCOc1ccc(Nc2ncc3C(=O)N(c4c(C)cccc4C)c5nc6ccccc6n5c3n2)cc1,CHEMBL261174,IC50,7.7
7249286,CN1CCN(CCCNc2ncnc(n2)n3c(Nc4cc(ccc4C)C(=O)Nc5cccc(c5)C(F)(F)F)nc6ccccc36)CC1,CHEMBL1076203,IC50,7.7
26231,CN[C@@H]1C[C@H]2O[C@@](C)([C@@H]1OC)n3c4ccccc4c5c6CNC(=O)c6c7c8ccccc8n2c7c35,CHEMBL388978,Kd,7.7
7249299,CNc1nccc(Nc2nc3ccc(cc3s2)C(=O)Nc4c(C)cccc4Cl)n1,CHEMBL86386,IC50,7.7
7249310,COc1cc(ccc1NC(=O)c2cc3ccccc3[nH]2)c4nn([C@@H]5CC[C@H](CC5)N6CCN(C)CC6)c7ncnc(N)c47,CHEMBL431609,IC50,7.7
6988693,COc1cc2nccc(Oc3ccc4N(CCOc4c3)C(=O)Nc5ccc(Cl)cc5)c2cc1OC,CHEMBL270548,IC50,7.7
7249323,COc1ccccc1Oc2ccc(cc2)c3cn(C4CCCC4)c5ncnc(N)c35,CHEMBL66102,IC50,7.7
7249334,Cc1cc(C)c(NC(=O)c2ccc3nc(NC(=O)C4CC4)sc3c2)c(C)c1,CHEMBL68411,IC50,7.7
7249345,Cc1cc(Nc2nc3ccc(cc3s2)C(=O)Nc4c(C)cccc4Cl)nc(C)n1,CHEMBL84624,IC50,7.7
7249356,Cc1ccc(O)cc1Nc2ccnc3cc(ccc23)c4csc(C=O)n4,CHEMBL237127,Ki,7.7
7249367,Cc1ccc(cc1Nc2nc3ccccc3n2c4cc(N)ncn4)C(=O)Nc5cccc(c5)C(F)(F)F,CHEMBL1087524,IC50,7.7
4826586,Cc1cccc(C)c1Nc2ncc(c3ccccc3)n4cncc24,CHEMBL223873,IC50,7.7
7249380,Cc1cccc(Cl)c1NC(=O)c2ccc3nc(Nc4cc(Cl)ncn4)sc3c2,CHEMBL316246,IC50,7.7
7249391,Cc1ccnc(Nc2nc3ccc(cc3s2)C(=O)Nc4c(C)cccc4Cl)c1,CHEMBL87004,IC50,7.7
5494607,Cc1cnc(Nc2cc(Cc3ccccc3)nc(N[C@@H]4CC[C@@H](O)CC4)n2)s1,CHEMBL2441267,Ki,7.7
7249404,Nc1ncnc2c1c(c3ccc(Oc4ccccc4)cc3)c(C(=O)O)n2C5CCCC5,CHEMBL305748,IC50,7.7
480832,Oc1ccc(cc1O)c2cnn3cc(cnc23)c4ccc(OCCN5CCOCC5)cc4,CHEMBL1271641,IC50,7.7
7249417,C[C@H](Nc1nccc(n1)n2cnc3ccc(N)cc23)c4ccccc4,CHEMBL569240,IC50,7.71
7249428,CC(C)(C)n1cc(c2ccc(Oc3ccc(N)cc3)cc2)c4c(N)ncnc14,CHEMBL69068,IC50,7.72
7249439,CC(C)N(CCOc1ccc(cc1)c2oc3nccc(NCCN4CCNCC4)c3c2c5ccccc5)C(C)C,CHEMBL239590,IC50,7.72
6766381,CC1=C(C(=O)N(C=C1)c2ccc3c(NCC3(C)C)c2)c4ccc5nc(N)ncc5c4,CHEMBL493986,IC50,7.72
7249452,CCC(NC(=O)Nc1nc2ccc(cc2s1)C(=O)Nc3c(C)cccc3Cl)c4ccccc4,CHEMBL304300,IC50,7.72
7249463,CN1CCN(CCCNc2cc(ncn2)n3c(Nc4cc(ccc4C)C(=O)Nc5cccc(C)c5)nc6ccccc36)CC1,CHEMBL1076197,IC50,7.72
4819632,COc1cc(Cc2nn([C@@H]3CC[C@H](CC3)N4CCN(C)CC4)c5ncnc(N)c25)ccc1NC(=O)[C@@H]6C[C@H]6c7ccccc7,CHEMBL416091,IC50,7.72
7249476,COc1cc(Nc2ncc3C(=O)N(c4c(C)cccc4C)c5nc6ccccc6n5c3n2)ccc1OCCN7CCN(C)CC7,CHEMBL407279,IC50,7.72
6988681,COc1cc2nccc(Oc3ccc4N(CCOc4c3)C(=O)Nc5ccc(C)cc5)c2cc1C(=O)N,CHEMBL270954,IC50,7.72
7249489,COc1nc(NCCCN2CCN(C)CC2)ncc1C(=O)Nc3cc(ccc3C)C(=O)Nc4cccc(c4C)C(F)(F)F,CHEMBL255989,IC50,7.72
1421808,Nc1ncc(cn1)C#Cc2cccc(c2)C(=O)Nc3cccc(c3)C(F)(F)F,CHEMBL375819,IC50,7.72
7249502,CCN(CC)CCCCNc1cc(ncn1)n2c(Nc3cc(ccc3C)C(=O)Nc4cccc(c4)C(F)(F)F)nc5ccccc25,CHEMBL1076199,IC50,7.75
6098557,CN1CCN(Cc2cc(nn2C(C)(C)C)C(=O)Nc3ccc(C)c(Nc4nc5ccccc5n4c6cc(N)ncn6)c3)CC1,CHEMBL1075628,IC50,7.75
7249516,COc1cc2nc(Nc3c(C)cccc3Cl)c4cncn4c2cc1N5CC(C)NC(C)C5,CHEMBL322651,IC50,7.75
6988180,COc1cc2nccc(Oc3ccc4N(CCOc4c3)C(=O)N[C@@H](C)c5ccccc5)c2cc1OC,CHEMBL270306,IC50,7.75
7249529,COc1nccc(n1)c2c(ncn2[C@@H]3CC[C@@H](O)CC3)c4ccc(F)cc4,CHEMBL97162,IC50,7.75
7249540,Cc1cc(C)c(NC(=O)c2cnc(NC(=O)C3CC3)s2)c(C)c1,CHEMBL339037,IC50,7.75
7250181,Cc1nc(O)c2c(ccc3[nH]c(Nc4c(Cl)cc(Cl)cc4Cl)nc23)c1C,CHEMBL327060,IC50,7.75
7250192,CC(Nc1nccc(n1)n2cnc3ccccc23)C4CN(CCN4C)C(=O)Nc5cccc6ccccc56,CHEMBL569052,IC50,7.76
7250203,CC(C)(C)n1cc(c2ccc(Oc3ccc(O)cc3)cc2)c4c(N)ncnc14,CHEMBL302481,IC50,7.77
7250215,COc1c(C=O)c(O)cc2C(=O)c3ccccc3C(=O)c12,CHEMBL212948,IC50,7.77
478654,COc1cc2c(Nc3ccc(Br)cc3F)ncnc2cc1OCC4CCN(C)CC4,vandetanib,Kd,7.77
7250227,Cc1ccc(O)cc1Nc2cc(NCCN3CCOCC3)nc(n2)n4cnc5ccccc45,CHEMBL221233,IC50,7.77
7250238,Cc1ccc(cc1Nc2nc3ccccc3n2c4cc(N)ncn4)C(=O)Nc5cccc(OC(F)F)c5,CHEMBL1088027,IC50,7.77
7250249,Cc1cccc(Cl)c1NC(=O)c2cnc(NC(=O)c3ccsc3)s2,CHEMBL386167,IC50,7.77
7250260,Cc1cccc(Cl)c1Nc2nc3ccccc3n2c4cc(Nc5cc(CN6CCOCC6)ccn5)ncn4,CHEMBL477172,IC50,7.77
7250271,Cc1cnc(Nc2nc3ccc(cc3s2)C(=O)Nc4c(C)cc(C)cc4C)c(C)c1,CHEMBL85295,IC50,7.77
7250282,Nc1ncnc2c1c(c(CO)n2C3CCCC3)c4ccc(Oc5ccccc5)cc4,CHEMBL302279,IC50,7.77
76714,C(CN1CCCCC1)Oc2ccc(cc2)c3cnc4c(cnn4c3)c5ccncc5,CHEMBL478629,IC50,7.8
7250295,CN1CCN(CC1)c2cccc(c2)c3cnn4c(N)c(cnc34)c5ccc(NC(=O)NCC6CCCCC6)cc5,CHEMBL1084028,IC50,7.8
7250306,CN1CCN(CC1)c2cccc(c2)c3cnn4c(N)c(cnc34)c5ccc(NC(=O)Oc6ccccc6)cc5,CHEMBL1085564,IC50,7.8
325048,COC(=O)c1ccc2\C(=C(\Nc3ccc(cc3)N(C)C(=O)CN4CCN(C)CC4)/c5ccccc5)\C(=O)Nc2c1,nintedanib,IC50,7.8
7250319,Cc1ccc(NC(=O)c2cccc(c2)C(F)(F)F)cc1C(=O)Nc3cnc(Nc4cccc(c4)C(F)(F)F)nc3,CHEMBL3290119,IC50,7.8
7250331,Cc1cccc(C)c1Nc2nc3ccccc3n4cncc24,CHEMBL28632,IC50,7.8
7250342,Nc1ncnc2c1c(cn2C3CCCC3)c4ccc(Oc5ccccc5)cc4,CHEMBL47940,IC50,7.8
7250353,CC(C)(C)n1cc(c2ccc(Oc3cccc(N)c3)cc2)c4c(N)ncnc14,CHEMBL433097,IC50,7.82
7250364,CN(C)CCCCNc1cc(ncn1)n2c(Nc3cc(ccc3C)C(=O)Nc4cccc(c4)C(F)(F)F)nc5ccccc25,CHEMBL1076198,IC50,7.82
7250375,CN1CCN(CC1)[C@@H]2CC[C@@H](CC2)n3cc(c4ccc(Oc5ccccc5)cc4)c6c(N)ncnc36,CHEMBL47203,IC50,7.82
7250387,CN1CCN(CC1)[C@@H]2CC[C@H](CC2)n3cc(c4ccc(Oc5ccccc5)cc4)c6c(N)ncnc36,CHEMBL45177,IC50,7.82
6766490,Cc1ccc(cc1C(=O)Nc2cnc(N)nc2)C(=O)Nc3cccc(c3)C(F)(F)F,CHEMBL272902,IC50,7.82
7250400,Cc1cccc(C)c1NC(=O)c2ccc3nc(NC(=O)C4CC4)sc3c2,CHEMBL68352,IC50,7.82
7250411,Cc1cccc(Cl)c1NC(=O)c2ccc3nc(Nc4cnccn4)sc3c2,CHEMBL314053,IC50,7.82
7250422,Cc1cccc(Cl)c1Nc2nc3c(Br)cccc3n4cncc24,CHEMBL83251,IC50,7.82
7250434,Cc1cccc(Cl)c1Nc2nc3ccc(Br)cc3n4cncc24,CHEMBL321869,IC50,7.82
7250445,C(CC1CCNCC1)Nc2ncnc3oc(c4ccc(OCCN5CCCC5)cc4)c(c6ccccc6)c23,CHEMBL247469,IC50,7.85
7250456,CC(C)(C)n1cc(c2ccc(Oc3ccccc3)cc2)c4c(N)ncnc14,CHEMBL302281,IC50,7.85
7250467,CN(C)CCOc1ccc(cc1)c2oc3ncnc(NCCN4CCNCC4)c3c2c5ccccc5,CHEMBL248286,IC50,7.85
7250478,CN(CCCN1CCOCC1)c2ncc3cc(ccc3n2)c4cc(ccc4C)C(=O)Nc5cccc(c5C)C(F)(F)F,CHEMBL212195,IC50,7.85
7250489,CN1CCN(CC1)c2ccc(Nc3ncc(NC(=O)c4cc(NC(=O)c5cnoc5C)ccc4C)cn3)cc2,CHEMBL411050,IC50,7.85
4827048,CN1CCN(CC1)c2ccc(Nc3nccc(n3)N(C(=O)Oc4c(C)cccc4C)c5ccccc5)cc2,CHEMBL427047,IC50,7.85
7250502,CN1CCN(CC1)c2ccc(cc2)c3cnn4c(N)c(cnc34)c5ccc(NC(=O)Oc6ccccc6)cc5,CHEMBL1085512,IC50,7.85
7250513,Cc1ccc(NC(=O)c2cccc(c2)C(F)(F)F)cc1C(=O)Nc3cnc(N)nc3,CHEMBL411632,IC50,7.85
1026360,Cc1ccc(O)cc1Nc2ccnc(Nc3cccc(c3)C(=O)N)n2,CHEMBL249097,IC50,7.85
7250527,Cc1cccc(Cl)c1Nc2nc3cc(Br)ccc3n4cncc24,CHEMBL86068,IC50,7.85
6978956,Cc1cn(cn1)c2cc(NC(=O)c3ccc(C)c(Nc4nc5ccccc5n4c6cc(N)ncn6)c3)cc(c2)C(F)(F)F,CHEMBL1076193,IC50,7.85
7250541,CC1CN(CC(C)N1)c2ccc3c(c2)nc(Nc4c(C)cccc4Cl)c5cncn35,CHEMBL322600,IC50,7.89
4931544,CCOc1ccccc1Oc2nc(Nc3ccc(cc3)N4CCNCC4)ncc2C(=O)Nc5c(C)cccc5C,CHEMBL459044,Ki,7.89
7250554,CN(C1CCCCC1)C(=O)Nc2ccc(cc2)c3cnc4c(cnn4c3N)c5ccc(cc5)N6CCN(C)CC6,CHEMBL1082693,IC50,7.89
7250565,CN1CCN(CC1)c2ccc(Nc3nccc(n3)N(C(=O)Oc4c(C)cccc4C)c5ccc(cc5)c6ccccc6)cc2,CHEMBL209908,IC50,7.89
6098450,CN1CCN(CC1)c2ccc(cc2)c3cnn4c(N)c(cnc34)c5ccc(NC(=O)NCC6CCCCC6)cc5,CHEMBL1084234,IC50,7.89
7250578,COc1cc(Nc2nc3ccc(cc3s2)C(=O)Nc4c(C)cccc4Cl)ncn1,CHEMBL86738,IC50,7.89
7250589,Cc1ccc(NC(=O)c2cccc(c2)C(F)(F)F)cc1Nc3nc4ccccc4n3c5cc(NCCCCN)ncn5,CHEMBL1076466,IC50,7.89
3990416,Cc1cccc(C)c1c2cc(C)c3nc(Nc4ccc(OCCN5CCCC5)cc4)nnc3c2,CHEMBL436137,IC50,7.89
7250602,Cc1cccc(Cl)c1NC(=O)c2ccc3nc(Nc4cccc(CN5CCOCC5)n4)sc3c2,CHEMBL86742,IC50,7.89
7250613,Cc1cccc(Cl)c1Nc2nc3ccccc3n2c4cc(Nc5cc(NCCN6CCOCC6)nc(C)n5)ncn4,CHEMBL450092,IC50,7.89
7250624,CCN(CC)CCCCNc1cc(ncn1)n2c(Nc3cc(NC(=O)c4cccc(c4)C(F)(F)F)ccc3C)nc5ccccc25,CHEMBL1076470,IC50,7.92
1421240,CNc1cc(ncn1)c2cccnc2Nc3c(C)ccc4c(Nc5ccc(Cl)cc5)nccc34,CHEMBL565885,IC50,7.92
7250637,COc1cc(Nc2ncc3C(=O)N(c4c(C)cccc4C)c5nc6ccccc6n5c3n2)ccc1OCCCN7CCN(C)CC7,CHEMBL405430,IC50,7.92
4829261,COc1ccc(cc1)N(C(=O)Oc2c(C)cccc2C)c3ccnc(Nc4ccc(cc4)N5CCN(C)CC5)n3,CHEMBL215847,IC50,7.92
7250650,Cc1cccc(C)c1N2C(=O)c3cnc(Nc4ccc(OCCCN5CCCCC5)cc4)nc3n6c2nc7ccccc67,CHEMBL408030,IC50,7.92
2620608,Cc1cn2c(cnc2c(Nc3cc(CN4CCCCC4)ns3)n1)c5cn[nH]c5,CHEMBL1739550,IC50,7.92
7250663,CC(Nc1nccc(n1)n2cnc3ccccc23)C4CN(CCN4S(=O)(=O)C)C(=O)Nc5cccc6ccccc56,CHEMBL572200,IC50,7.93
1178961,Cc1cc(cc2nnc(Nc3ccc(OCC[N+]4([O-])CCCC4)cc3)nc12)c5c(Cl)cccc5Cl,CHEMBL256101,Ki,7.93
4931693,C(CN1CCCC1)Oc2ccc(cc2)c3oc4ncnc(NC[C@@H]5CCCO5)c4c3c6ccccc6,CHEMBL247480,IC50,7.96
4931678,C(CN1CCNCC1)Nc2ncnc3oc(c4ccc(cc4)N5CCOCC5)c(c6ccccc6)c23,CHEMBL247880,IC50,7.96
7250681,CC(=O)Nc1ccc2c(c1)nc(Nc3c(C)cccc3Cl)c4cncn24,CHEMBL313466,IC50,7.96
7250692,CC(C)n1cc(c2ccc(Oc3ccccc3)cc2)c4c(N)ncnc14,CHEMBL307982,IC50,7.96
7250703,CC(Nc1nccc(n1)n2cnc3ccccc23)C4CCCN(C4)C(=O)Nc5ccccc5,CHEMBL566362,IC50,7.96
7250714,CC1CC1C(=O)Nc2nc3ccc(cc3s2)C(=O)Nc4c(C)cccc4C,CHEMBL304146,IC50,7.96
4931708,CCN1CCN(CC1)C(=O)c2ccc(cc2)c3oc4ncnc(NC[C@@H]5CCCO5)c4c3c6ccccc6,CHEMBL247878,IC50,7.96
6098518,CCN1CCN(CC1)c2cc(cc(c2)C(F)(F)F)C(=O)Nc3ccc(C)c(Nc4nc5ccccc5n4c6cc(N)ncn6)c3,CHEMBL1076437,IC50,7.96
76701,CCN1CCN(Cc2ccc(NC(=O)Nc3ccc(Oc4cc(NC)ncn4)cc3)cc2C(F)(F)F)CC1,CHEMBL574738,Kd,7.96
6098474,CN1CCN(CC1)c2cc(cc(c2)C(F)(F)F)C(=O)Nc3ccc(C)c(Nc4nc5ccccc5n4c6cc(N)ncn6)c3,CHEMBL1076436,IC50,7.96
7250733,CN1CCN(CCNc2cc(ncn2)n3c(Nc4cc(ccc4C)C(=O)Nc5cccc(c5)C(F)(F)F)nc6ccccc36)CC1,CHEMBL1076200,IC50,7.96
4931599,COC(C)(C)CCn1nc(Nc2c(C)cccc2C)c3cnc(Nc4ccc(OCCN5CCCC5)c(F)c4)nc13,CHEMBL502156,Ki,7.96
7250746,Cc1ccc(NC(=O)c2cccc(c2)C(F)(F)F)cc1Nc3nc4ccccc4n3c5cc(N)ncn5,CHEMBL1079945,IC50,7.96
7250757,Cc1cccc(Cl)c1NC(=O)c2ccc3nc(NC(=O)C4CC4CN5CCCC5)sc3c2,CHEMBL68038,IC50,7.96
7250769,Cc1cccc(Cl)c1Nc2nc3cc(ccc3n4cncc24)N5CCNCC5,CHEMBL106822,IC50,7.96
7250780,Nc1ncnc2c1c(c(Cl)n2C3CCCC3)c4ccc(Oc5ccccc5)cc4,CHEMBL68430,IC50,7.96
38358,CC(C)c1nc(c2ccc(F)c(NS(=O)(=O)c3c(F)cccc3F)c2)c(s1)c4ccnc(Nc5ccc(nc5)N6CCOCC6)n4,CHEMBL1808264,IC50,8.0
7250794,CCNc1ccc2nc(Nc3c(C)cccc3Cl)c4cncn4c2c1,CHEMBL106482,IC50,8.0
7250805,CCNc1cccc2c1nc(Nc3c(C)cccc3Cl)c4cncn24,CHEMBL85976,IC50,8.0
7250817,CN(C)CCNc1ccc2c(c1)nc(Nc3c(C)cccc3Cl)c4cncn24,CHEMBL110932,IC50,8.0
7250828,CN(C)Cc1cccc(Nc2nc3ccc(cc3s2)C(=O)Nc4c(C)cccc4Cl)n1,CHEMBL87604,IC50,8.0
7250839,CN(C)c1ccc(Nc2ncc3C=C(N4N(CCC4=O)c3n2)c5cc(O)ccc5Cl)cc1,CHEMBL211852,IC50,8.0
7250850,CN(C\C=C\c1nc(O)c2c(ccc3nc(Nc4c(Cl)cccc4Cl)n(C)c23)c1C)Cc5ccccc5,CHEMBL26214,IC50,8.0
7250861,CN1CCN(CC1)c2ccc(Nc3ncc(NC(=O)c4c(Cl)cccc4Cl)cn3)cc2,CHEMBL541726,IC50,8.0
7250872,CN1CCN(CC1)c2ccc(Nc3ncc4C(=O)N(c5c(Cl)cccc5Cl)c6nc7ccccc7n6c4n3)cc2,CHEMBL406661,IC50,8.0
4826331,CN1CCN(CC1)c2ccc(Nc3nccc(n3)N(C(=O)Oc4c(C)cccc4C)c5ccc6ccccc6c5)cc2,CHEMBL377481,IC50,8.0
7250885,CN1CCN(CC1CNc2nccc(n2)n3cnc4ccccc34)C(=O)c5ccc6ccccc6c5,CHEMBL567241,IC50,8.0
7250896,CNc1ncc2cc(ccc2n1)c3cccc(c3)C(=O)Nc4cccc(c4)C(F)(F)F,CHEMBL386842,IC50,8.0
7250907,COC1CCN(CC1)C(=O)c2ccc(Nc3nc(C)cn4c(cnc34)c5cn[nH]c5)cc2Cl,CHEMBL1836813,IC50,8.0
7250918,COc1cc(Nc2ncc3C(=O)N(c4c(C)cccc4C)c5nc6ccccc6n5c3n2)cc(OC)c1OCCN7CCOCC7,CHEMBL406804,IC50,8.0
7250929,COc1cc2nc(Nc3c(C)cccc3Cl)c4cnc(C=O)n4c2cc1OC,CHEMBL85886,IC50,8.0
3804300,COc1cc2nccc(Oc3ccc(NC(=O)C4=C(C)N(C)N(C4=O)c5ccccc5)cc3F)c2cc1OC,CHEMBL2031893,IC50,8.0
7250943,COc1ccc2c(nc(Nc3c(C)cccc3Cl)c4cnc(C=O)n24)c1OC,CHEMBL28728,IC50,8.0
7250954,Cc1cc(Nc2nc3ccc(cc3s2)C(=O)Nc4c(C)cccc4Cl)nc(CN5CCOCC5)n1,CHEMBL423312,IC50,8.0
7250965,Cc1ccc(NC(=O)c2ccncc2C(C)(C)C)cc1Nc3nc4ccccc4n3c5cc(N)ncn5,CHEMBL1080475,IC50,8.0
7250976,Cc1cccc(Cl)c1Nc2nc3cc4OCCOc4cc3n5cncc25,CHEMBL421600,IC50,8.0
7250987,NC(=O)c1c2Nc3ccc(OCc4ccncc4)cc3CCn2nc1c5ccc(Oc6ccccc6)cc5,CHEMBL596078,IC50,8.0
7250998,CO[n+]1c(Nc2c(C)cccc2Cl)c3cncn3c4ccccc14,CHEMBL313798,IC50,8.03
7251010,COc1cccc2nc(Nc3c(C)cccc3Cl)c4cncn4c12,CHEMBL106378,IC50,8.03
7251021,Cc1cccc(Cl)c1NC(=O)c2cnc(Nc3ccncc3)s2,CHEMBL360810,IC50,8.03
7251032,C(CN1CCNCC1)Nc2ncnc3oc(c4ccc(OCCN5CCCC5)cc4)c(c6ccccc6)c23,CHEMBL247468,IC50,8.05
129147,CCN(CC)CCNC(=O)c1c(C)[nH]c(\C=C\2/C(=O)Nc3ccc(F)cc23)c1C,sunitinib,IC50,8.05
7251046,CCN(CC)c1ccc2c(c1)nc(Nc3c(C)cccc3Cl)c4cncn24,CHEMBL84877,IC50,8.05
7251057,CN(C(=O)Nc1c(C)cccc1Cl)c2cc(Nc3ccc(cc3)N4CCN(C)CC4)ncn2,CHEMBL211283,IC50,8.05
7251069,CN(C)CCCNc1ccc2c(c1)nc(Nc3c(C)cccc3Cl)c4cncn24,CHEMBL110394,IC50,8.05
7251080,CN(C)Cc1ccnc(Nc2nc3ccc(cc3s2)C(=O)Nc4c(C)cccc4Cl)c1,CHEMBL87917,IC50,8.05
7251092,CN1CCCN(CC1)c2ccc3nc(Nc4c(C)cccc4Cl)c5cncn5c3c2,CHEMBL110783,IC50,8.05
7251103,Cc1c(\C=C\O)nc(O)c2c1ccc3nc(Nc4c(Cl)cccc4Cl)n(C)c23,CHEMBL27485,IC50,8.05
7251114,Cc1cccc(Cl)c1NC(=O)c2ccc3nc(NC(=O)C4CC4)sc3c2,CHEMBL67758,IC50,8.05
7251126,Cc1cccc(Cl)c1Nc2nc3ccc(cc3n4cncc24)N5CCN(CC5)C=O,CHEMBL110550,IC50,8.05
7251138,Cc1cccc(Cl)c1Nc2nc3ccccc3n4cncc24,CHEMBL283212,IC50,8.05
7251149,Cc1cccc(Nc2nc3ccc(cc3s2)C(=O)Nc4c(C)cccc4Cl)n1,CHEMBL313912,IC50,8.05
7251161,Clc1cccc(Cl)c1Nc2nc3ccccc3n4cncc24,CHEMBL29457,IC50,8.05
7251173,COc1ccc2c(c1)nc(Nc3c(C)cccc3Cl)c4cncn24,CHEMBL311309,IC50,8.06
7251184,NC(=O)c1c2Nc3cc(OCc4cccnc4)ccc3CCn2nc1c5ccc(Oc6ccccc6)cc5,CHEMBL606459,IC50,8.09
7251195,CN(C1CCCCC1)C(=O)Nc2ccc(cc2)c3cnc4c(cnn4c3N)c5cccc(c5)N6CCN(C)CC6,CHEMBL1084302,IC50,8.1
7251206,CN1CCN(CC1)c2ccc(Nc3ncc4C(=O)N(c5c(Cl)cc(Cl)cc5Cl)c6nc7ccccc7n6c4n3)cc2,CHEMBL254674,IC50,8.1
4829622,CN1CCN(CC1)c2ccc(cc2)c3cnn4c(N)c(cnc34)c5cccc(O)c5,CHEMBL1083023,IC50,8.1
7251220,CN1CCN(CC1)c2ccc3c(c2)nc(Nc4c(C)cccc4Cl)c5cncn35,CHEMBL108044,IC50,8.1
7251231,CN1CCN(CC1)c2cccc(c2)c3cnn4c(N)c(cnc34)c5ccc(NC(=O)Nc6ccccc6Cl)cc5,CHEMBL1085061,IC50,8.1
7251242,CNc1ncc2cc(ccc2n1)c3cc(NC(=O)Nc4cccc(c4)C(F)(F)F)ccc3C,CHEMBL424719,IC50,8.1
7251253,COc1cc(ccc1OCCN2CCCCC2)c3oc4ncnc(NC[C@@H]5CCCO5)c4c3c6ccccc6,CHEMBL399212,IC50,8.1
3803151,COc1cc2c(Oc3ccc(cc3F)C4=CN=C(Cc5ccccc5)N(C)C4=O)ccnc2cc1OCCCN6CCOCC6,CHEMBL505896,IC50,8.1
7251266,Cc1cc(C)nc(Nc2nc3ccc(cc3s2)C(=O)Nc4c(C)cccc4Cl)c1,CHEMBL86392,IC50,8.1
7251277,Cc1cccc(Cl)c1NC(=O)c2ccc3nc(Nc4cc(N)ncn4)sc3c2,CHEMBL89562,IC50,8.1
7251288,Cc1cccc(Cl)c1NC(=O)c2ccc3nc(Nc4cc(NCCO)ncn4)sc3c2,CHEMBL89247,IC50,8.1
4825482,Cl.CN1CCCC(COc2ccc(cc2)c3cnc(Nc4c(C)cccc4C)c5cncn35)C1,CHEMBL534948,IC50,8.1
7251301,Nc1ncnc2c1c(cn2C3CCCC3)c4ccc(Oc5ccccc5O)cc4,CHEMBL67268,IC50,8.1
7251313,COc1ccc2c(nc(Nc3c(C)cccc3Cl)c4cnc(C)n24)c1OC,CHEMBL29858,IC50,8.13
6765618,CC1=C(C(=O)N(C=C1)c2ccc(cc2)C(C)(C)C)c3ccc4nc(N)ncc4c3,CHEMBL496494,IC50,8.14
7251326,CC(C)COC(=O)Nc1ccc(cc1)c2cnc3c(cnn3c2N)c4cccc(c4)N5CCN(CC5)C(=O)CN,CHEMBL1082404,IC50,8.16
7251337,CC(C)COC(=O)Nc1ccc(cc1)c2cnc3c(cnn3c2N)c4cccc(c4)N5CCNCC5,CHEMBL1083644,IC50,8.16
4820094,CC(C)c1cccc(NC(=O)c2ccc(C)c(Nc3nc4ccccc4n3c5cc(N)ncn5)c2)c1,CHEMBL1087127,IC50,8.16
7251350,CC1CC1C(=O)Nc2nc3ccc(cc3s2)C(=O)Nc4c(C)cccc4Cl,CHEMBL68882,IC50,8.16
3803449,CCC(=O)Nc1cccc(Nc2ncc(NC(=O)c3cc(NC(=O)c4cccc(c4)C(F)(F)F)ccc3C)cn2)c1,CHEMBL3290124,IC50,8.16
7251363,CN(C)CC1CC1C(=O)Nc2nc3ccc(cc3s2)C(=O)Nc4c(C)cccc4Cl,CHEMBL309103,IC50,8.16
6986324,CN1CCC(CC1)Nc2ccc3NC(=O)\C(=C/c4cc5CN(CCc5[nH]4)C(=O)N6CCOCC6)\c3c2,CHEMBL2403373,IC50,8.16
7251376,CN1CCCC1CCNC(=O)Nc2nc3ccc(cc3s2)C(=O)Nc4c(C)cccc4Cl,CHEMBL308432,IC50,8.16
7251387,CN1CCN(CC1)c2ccc(Nc3ncc4C(=O)N(c5c(C)cccc5C)c6nc7ccccc7n6c4n3)cc2,CHEMBL410295,IC50,8.16
7251398,CNCc1cc(Nc2nc3ccc(cc3s2)C(=O)Nc4c(C)cccc4Cl)nc(C)n1,CHEMBL315778,IC50,8.16
7251409,CNc1ncc(C(=O)Nc2cc(ccc2C)C(=O)Nc3cccc(c3F)C(F)(F)F)c(OC)n1,CHEMBL255533,IC50,8.16
4829250,COc1cc(Nc2nn3c(N[C@H](CO)Cc4ccccc4)cc(nc3c2C(=O)N)C5CC5)cc(OC)c1,CHEMBL260861,IC50,8.16
7251422,Cc1ccc(NC(=O)Nc2cccc(c2)C(F)(F)F)cc1c3ccc4nc(N)ncc4c3,CHEMBL409914,IC50,8.16
7251433,Cc1ccc(NC(=O)c2cccc(c2)C(F)(F)F)cc1C(=O)Nc3cnc(Nc4ccccc4)nc3,CHEMBL3290118,IC50,8.16
7251444,Cc1cccc(Cl)c1Nc2nc3c(N)cccc3n4cncc24,CHEMBL85974,IC50,8.16
7251456,Cc1cccc(Cl)c1Nc2nc3ccc(N)cc3n4cncc24,CHEMBL319199,IC50,8.16
7251468,Cc1cccc(Cl)c1Nc2nc3ccc(NCCN4CCOCC4)cc3n5cncc25,CHEMBL106654,IC50,8.16
7251479,Clc1ccc2OCOc2c1Nc3ncnc4cc(OCCCN5CCCC5)cc(OC6CCOCC6)c34,CHEMBL217090,IC50,8.16
5641660,Cn1cc(Nc2ncc(Br)c(N[C@@H]3[C@@H]4C[C@@H](C=C4)[C@@H]3C(=O)N)n2)cn1,CHEMBL2071201,IC50,8.16
7251492,Cc1ccc(N)cc1Nc2nccc(n2)c3noc4ccccc34,CHEMBL220924,IC50,8.17
7251503,Cc1cccc(Cl)c1NC(=O)c2cnc(Nc3cccnc3)s2,CHEMBL189675,IC50,8.17
4825777,CNc1cc(Nc2nc3ccc(cc3s2)C(=O)Nc4c(C)cccc4Cl)ncn1,CHEMBL90002,Ki,8.18
7251516,Cc1cnc(Nc2ncc(s2)C(=O)Nc3c(C)cccc3Cl)c(C)n1,CHEMBL384545,IC50,8.2
7251527,COc1cc2nc(Nc3c(C)cccc3Cl)c4cnc(CO)n4c2cc1OC,CHEMBL314819,IC50,8.21
7251539,COc1ccc2c(nc(Nc3c(C)cccc3Cl)c4cnc(CO)n24)c1OC,CHEMBL280546,IC50,8.21
7251550,CC(=O)NCCNc1cc(Nc2nc3ccc(cc3s2)C(=O)Nc4c(C)cccc4Cl)ncn1,CHEMBL89194,IC50,8.22
7251561,CCc1ccc(NC(=O)c2ccc3OC(F)(F)Oc3c2)cc1C(=O)Nc4cnc(Nc5ccc(cc5)N6CCN(C)CC6)nc4,CHEMBL270765,IC50,8.22
7251572,CN(C(=O)Nc1c(Cl)cccc1Cl)c2cc(Nc3ccc(cc3)N4CCN(C)CC4)ncn2,CHEMBL212632,IC50,8.22
7251584,CN(C)CCNc1ccc2nc(Nc3c(C)cccc3Cl)c4cncn4c2c1,CHEMBL110654,IC50,8.22
4931763,CN(C)CCOc1ccc(cc1)c2oc3ncnc(NC[C@@H]4CCCO4)c3c2c5ccccc5,CHEMBL247479,IC50,8.22
7251597,CN1CCN(CC1)c2ccc(Nc3ncc(NC(=O)c4c(C)ccc(NC(=O)c5cccc(c5)C(F)(F)F)c4C)cn3)cc2,CHEMBL438016,IC50,8.22
4931844,CN1CCN(Cc2ccc(cc2)c3oc4ncnc(NC[C@@H]5CCCO5)c4c3c6ccccc6)CC1,CHEMBL247677,IC50,8.22
7251610,COc1cc(Nc2ncc3C(=O)N(c4c(C)cccc4C)c5nc6ccccc6n5c3n2)cc(OC)c1OCCCN7CCN(C)CC7,CHEMBL260306,IC50,8.22
7251621,COc1cc(Nc2ncc3C(=O)N(c4c(C)cccc4C)c5nc6ccccc6n5c3n2)cc(OC)c1OCCN7CCN(C)CC7,CHEMBL260956,IC50,8.22
6984236,COc1cc(Nc2ncnc(n2)n3c(Nc4ccccc4)nc5ccccc35)cc(OC)c1OC,CHEMBL271131,IC50,8.22
479349,COc1cc2c(Oc3ccc(NC(=O)C4(CC4)C(=O)Nc5ccc(F)cc5)cc3F)ccnc2cc1OCCCN6CCOCC6,CHEMBL1230609,Kd,8.22
6255700,COc1ccc(CN(C)C)cc1c2cc3c(Nc4ccc5[nH]ccc5c4C)c(cnc3s2)C#N,CHEMBL516913,IC50,8.22
7251638,Cc1cc(Nc2nc3ccc(cc3s2)C(=O)Nc4c(C)cccc4Cl)nc(NCC(C)(C)O)n1,CHEMBL87102,IC50,8.22
7251649,Cc1ccc(cc1c2ccc3nc(NCCN4CCCC4)ncc3c2)C(=O)Nc5cccc(c5C)C(F)(F)F,CHEMBL214556,IC50,8.22
7251660,Cc1ccc(cc1c2ccc3nc(NCCN4CCCCC4)ncc3c2)C(=O)Nc5cccc(c5C)C(F)(F)F,CHEMBL384942,IC50,8.22
7251671,Cc1cccc(Cl)c1NC(=O)c2ccc3nc(Nc4cc(CN5CCOCC5)nc(C)n4)sc3c2,CHEMBL84846,IC50,8.22
7251682,Cc1cccc(Cl)c1NC(=O)c2ccc3nc(Nc4cccc(NCC(C)(C)N)n4)sc3c2,CHEMBL87727,IC50,8.22
7251694,Cc1cccc(Cl)c1Nc2nc3cc(ccc3n4cncc24)N5CCOCC5,CHEMBL84046,IC50,8.22
7251706,Cc1cccc(Cl)c1NC(=O)c2ccc3nc(NC(=O)NC(C)(C)C)sc3c2,CHEMBL67237,Ki,8.26
7251718,COc1cc2c(cc1NCCN3CCOCC3)nc(Nc4c(C)cccc4Cl)c5cncn25,CHEMBL322598,IC50,8.27
7251729,NC(=O)c1c2Nc3ccc(OCc4ccccn4)cc3CCn2nc1c5ccc(Oc6ccccc6)cc5,CHEMBL591091,IC50,8.27
4932125,C(Cc1ccccc1)Nc2ncnc3oc(c4ccc(OCCN5CCCC5)cc4)c(c6ccccc6)c23,CHEMBL247667,IC50,8.3
7251742,CC(C)n1cc(c2ccc(Oc3ccccc3N)cc2)c4c(N)ncnc14,CHEMBL303195,IC50,8.3
6098589,CCN1CCN(Cc2ccc(cc2Cl)C(=O)Nc3ccc(C)c(Nc4nc5ccccc5n4c6cc(N)ncn6)c3)CC1,CHEMBL1076433,IC50,8.3
7251755,CCc1cc(Nc2nc3ccc(cc3s2)C(=O)Nc4c(C)cccc4Cl)ncn1,CHEMBL313115,IC50,8.3
7251766,CCc1ccnc(Nc2nc3ccc(cc3s2)C(=O)Nc4c(C)cccc4Cl)c1,CHEMBL86338,IC50,8.3
7251777,CN(C)CCCCNc1cc(ncn1)n2c(Nc3cc(NC(=O)c4cccc(c4)C(F)(F)F)ccc3C)nc5ccccc25,CHEMBL1076469,IC50,8.3
7251789,CN(C)c1ccc2nc(Nc3c(C)cccc3Cl)c4cncn4c2c1,CHEMBL326476,IC50,8.3
7251800,CN(C)c1cccc2c1nc(Nc3c(C)cccc3Cl)c4cncn24,CHEMBL315066,IC50,8.3
1179053,CN1C(=O)N(Cc2cnc(N)nc12)c3cc(NC(=O)c4cccc(c4)C(F)(F)F)ccc3C,CHEMBL459850,EC50,8.3
7251813,CN1CCN(CC1)c2ccc(Nc3ncc(NC(=O)c4cc(NC(=O)c5ccccc5)ccc4C)cn3)cc2,CHEMBL271760,IC50,8.3
7251824,COc1cc(Nc2ncc3C(=O)N(c4c(C)cccc4C)c5nc6ccccc6n5c3n2)ccc1N7CCN(C)CC7,CHEMBL403522,IC50,8.3
4826561,COc1cc(ccc1NC(=O)OCc2ccccc2)c3nn([C@@H]4CC[C@H](CC4)N5CCN(C)CC5)c6ncnc(N)c36,CHEMBL47787,IC50,8.3
7251838,COc1cc2c(cc1NCCN(C)C)nc(Nc3c(F)cccc3Cl)c4cncn24,CHEMBL321862,IC50,8.3
7251849,COc1ccccc1C(=O)Nc2ccc(C)c(c2)C(=O)Nc3cnc(Nc4ccc(cc4)N5CCN(C)CC5)nc3,CHEMBL409734,IC50,8.3
7251860,Cc1cc(C)c(NC(=O)c2cnc(Nc3ccccn3)s2)c(C)c1,CHEMBL386371,IC50,8.3
3803575,Cc1ccc(NC(=O)c2cccc(c2)C(F)(F)F)cc1C(=O)Nc3cnc(Nc4cccc(N)c4)nc3,CHEMBL3290123,IC50,8.3
2528428,Cc1ccc(cc1)c2nn(c3ncnc(N)c23)C(C)(C)C,CHEMBL306380,IC50,8.3
7251874,Nc1ncnc2c1c(cn2C3CCC(O)C3)c4ccc(Oc5ccccc5)cc4,CHEMBL69129,IC50,8.3
7251885,Cc1cc(C)c(NC(=O)c2cnc(Nc3cnccn3)s2)c(C)c1,CHEMBL385172,IC50,8.31
7251896,COc1ccc2CCn3nc(c4ccc(Oc5ccccc5)cc4)c(C(=O)N)c3Nc2c1,CHEMBL592026,IC50,8.32
7251908,COc1ccc2c(nc(Nc3c(C)cccc3Cl)c4cnc(\C=N\O)n24)c1OC,CHEMBL29191,IC50,8.37
7251919,Cc1ccc(O)cc1Nc2nccc(n2)c3noc4ccccc34,CHEMBL220551,IC50,8.38
2528481,CC(C)(C)n1nc(c2ccc(Cl)cc2)c3c(N)ncnc13,CHEMBL406845,IC50,8.4
7251931,CCN(CC)CCOc1ccc(Nc2cc(ncn2)N(C)C(=O)Nc3cc(ccc3C)C(=O)Nc4cc(on4)C(C)(C)C)cc1,CHEMBL378882,IC50,8.4
7251942,CN(C(=O)Nc1cc(O)ccc1C)c2cc(Nc3ccc(cc3)N4CCOCC4)ncn2,CHEMBL383275,IC50,8.4
6098542,CN1CCN(CC1)c2ccc(cc2)c3cnn4c(N)c(cnc34)c5ccc(NC(=O)CCC6CCCC6)cc5,CHEMBL1083001,IC50,8.4
7251955,CN1CCN(CC1)c2cccc(c2)c3cnn4c(N)c(cnc34)c5ccc(NC(=O)CCC6CCCC6)cc5,CHEMBL1085316,IC50,8.4
4827062,CN1CCN(CCOc2cc(OC3CCOCC3)c4c(Nc5c(Cl)ccc6OCOc56)ncnc4c2)CC1,CHEMBL217092,IC50,8.4
1421968,COc1cc2nccc(Oc3ccc4N(CCOc4c3)C(=O)Nc5cccc(Cl)c5)c2cc1OC,CHEMBL272878,IC50,8.4
7251970,COc1cccc(Nc2ncc(NC(=O)c3cc(NC(=O)c4cccc(c4)C(F)(F)F)ccc3C)cn2)c1,CHEMBL3290120,IC50,8.4
7251981,Cc1c(\C=C\CN2CCOCC2)nc(O)c3c1ccc4nc(Nc5c(Cl)cccc5Cl)n(C)c34,CHEMBL424220,IC50,8.4
7251992,Cc1cc(C)nc(Nc2ncc(s2)C(=O)Nc3c(C)cccc3Cl)c1,CHEMBL188478,IC50,8.4
4828882,Cc1ccc(NC(=O)c2ccc(s2)C(C)(C)C)cc1Nc3nc4ccccc4n3c5cc(N)ncn5,CHEMBL1086731,IC50,8.4
3804501,Cc1ccc(NC(=O)c2cccc(c2)C(F)(F)F)cc1C(=O)Nc3cnc(Nc4ccc(N)cc4)nc3,CHEMBL3290122,IC50,8.4
7252007,Cc1ccc(NC(=O)c2cccc(c2)C(F)(F)F)cc1C(=O)Nc3cnc(Nc4cccc(F)c4)nc3,CHEMBL3290121,IC50,8.4
6985784,Cc1ccc(cc1C#Cc2cnc3ccccc3n2)C(=O)Nc4cccc(c4)C(F)(F)F,CHEMBL221019,IC50,8.4
7252020,Cc1cccc(Cl)c1NC(=O)c2ccc3nc(NC(=O)NC4CC(C)(C)NC(C)(C)C4)sc3c2,CHEMBL68871,IC50,8.4
7252031,Cc1cccc(Cl)c1NC(=O)c2cnc(Nc3cccnn3)s2,CHEMBL407005,IC50,8.4
7252042,Cc1cccc(Cl)c1Nc2nc3c(O)c(O)ccc3n4cncc24,CHEMBL86045,IC50,8.4
7252053,Cc1cccc(Cl)c1Nc2nc3c(cccc3n4cncc24)N5CCOCC5,CHEMBL314049,IC50,8.4
7252065,Cc1cccc(Cl)c1Nc2nc3cc(O)c(O)cc3n4cncc24,CHEMBL110220,IC50,8.4
7252076,Cc1cccc(Cl)c1Nc2nc3cc4OCOc4cc3n5cncc25,CHEMBL320280,IC50,8.4
7252088,Cc1cccc(Cl)c1Nc2nc3ccc(cc3n4cncc24)N5CCOCC5,CHEMBL320967,IC50,8.4
7252101,Nc1ncnc2c1c(c3ccc(Oc4ccccc4)cc3)c(C#N)n2C5CCCC5,CHEMBL68888,IC50,8.4
7252112,CC(=O)COc1ccc2CCn3nc(c4ccc(Oc5ccccc5)cc4)c(C(=O)N)c3Nc2c1,CHEMBL592507,IC50,8.41
7252123,CN(C)CCOc1ccc2Nc3c(C(=O)N)c(nn3CCc2c1)c4ccc(N)cc4,CHEMBL604694,IC50,8.41
1423016,Cc1ccc(cc1Nc2ncccc2c3ccncn3)C(=O)Nc4cccc(c4)C(F)(F)F,CHEMBL385956,IC50,8.46
3065722,[O-][N+](=O)c1ccccc1c2n[nH]cc2\C=C\3/C(=O)Nc4ccccc34,CHEMBL2347053,IC50,8.48
813691,CC(=O)Nc1cc(Oc2ccc3c(c2)nc(Nc4cccc(c4)C(C)(C)C)n3C)ccn1,CHEMBL3335371,IC50,8.52
7252141,CC(=O)Nc1ccc2nc(Nc3c(C)cccc3Cl)c4cncn4c2c1,CHEMBL110732,IC50,8.52
7252152,CC(=O)Nc1cccc2c1nc(Nc3c(C)cccc3Cl)c4cncn24,CHEMBL85637,IC50,8.52
7252164,CC1CN(CC(C)N1)c2ccc3nc(Nc4c(C)cccc4Cl)c5cncn5c3c2,CHEMBL109157,IC50,8.52
7252175,CCN(CC)CCNc1cc(Nc2cc(O)ccc2C)nc(n1)n3cnc4ccccc34,CHEMBL434369,IC50,8.52
7252186,CCN(CC)CCOc1ccc(Nc2cc(ncn2)N(C)C(=O)Nc3cc(NC(=O)c4cccc(c4)C(F)(F)F)ccc3C)cc1,CHEMBL378410,IC50,8.52
7252197,CCN(CC)CCOc1ccc(Nc2cc(ncn2)N(C)C(=O)Nc3cc(O)ccc3C)cc1,CHEMBL206873,IC50,8.52
7252208,CN(C)C\C=C\c1nc(O)c2c(ccc3nc(Nc4c(Cl)cccc4Cl)n(C)c23)c1C,CHEMBL287175,IC50,8.52
7252219,CN1CCN(CC1)c2cc(Nc3cc(O)ccc3C)nc(n2)n4cnc5ccccc45,CHEMBL220643,IC50,8.52
6978515,CNc1ncc2cc(ccc2n1)c3cc(ccc3C)C(=O)Nc4ccc(Cl)c(c4C)C(F)(F)F,CHEMBL212183,IC50,8.52
7252232,COc1cc2c(cc1NCCN(C)C)nc(Nc3c(C)cccc3Cl)c4cnc(C)n24,CHEMBL106213,IC50,8.52
7252244,COc1ccc2nc(Nc3c(C)cccc3Cl)c4cncn4c2c1,CHEMBL86230,IC50,8.52
7252255,COc1cccc2c1nc(Nc3c(C)cccc3Cl)c4cncn24,CHEMBL315272,IC50,8.52
7252266,C[C@H](Nc1nccc(n1)n2cnc3cc(ccc23)c4ccncc4)c5ccccc5,CHEMBL584721,IC50,8.52
7252277,Cc1cc(C)c(NC(=O)c2cnc(Nc3cc(C)nc(C)n3)s2)c(C)c1,CHEMBL384307,IC50,8.52
7252288,Cc1ccc(O)cc1Nc2cc(OCCN3CCOCC3)nc(n2)n4cnc5ccccc45,CHEMBL220645,IC50,8.52
6980893,Cc1ccc(cc1c2ccc3nc(NCCN4CCOCC4)ncc3c2)C(=O)Nc5cccc(c5C)C(F)(F)F,CHEMBL213290,IC50,8.52
7252301,Cc1cccc(Cl)c1NC(=O)c2ccc3nc(NC(=O)C4CC4CO)sc3c2,CHEMBL68261,IC50,8.52
7252312,Cc1cccc(Cl)c1NC(=O)c2ccc3nc(Nc4ccnc(NCCO)n4)sc3c2,CHEMBL431986,IC50,8.52
7252324,Cc1cccc(Cl)c1Nc2nc3ccc(NCCCN4CCOCC4)cc3n5cncc25,CHEMBL325986,IC50,8.52
7252336,Cc1cccc(Cl)c1Nc2nc3ccc(cc3n4cncc24)N5CCNCC5,CHEMBL110622,IC50,8.52
7252347,Clc1cccc(Cl)c1C2=Cc3cnc(Nc4ccc(cc4)N5CCOCC5)nc3N6CCC(=O)N26,CHEMBL213745,IC50,8.52
480757,Nc1ncc(c2cnn(CCO)c2)c3scc(c4ccc(NC(=O)Nc5cccc(F)c5)cc4)c13,CHEMBL1980297,IC50,8.52
7252360,NC(=O)c1c2Nc3ccc(OCc4cccnc4)cc3CCn2nc1c5ccc(Oc6ccccc6)cc5,CHEMBL600873,IC50,8.55
7252371,CC(Nc1nccc(n1)n2cnc3ccccc23)C4CN(CCN4Cc5ccccc5)C(=O)Nc6cccc7ccccc67,CHEMBL572199,IC50,8.59
7252383,COc1cc2c(cc1OCCN3CCOCC3)nc(Nc4c(C)cccc4Cl)c5cncn25,CHEMBL106457,IC50,8.62
7252395,COc1cc2nc(Nc3c(C)cccc3C)c4cncn4c2cc1OC,CHEMBL85920,IC50,8.62
7252407,COc1ccc2c(nc(Nc3c(C)cccc3C)c4cncn24)c1OC,CHEMBL281035,IC50,8.62
7252418,CN(C)CCOc1ccc2Nc3c(C(=O)N)c(nn3CCc2c1)c4ccc(NC(=O)Nc5ccccc5)cc4,CHEMBL592267,IC50,8.64
1717034,COc1ccc(C(=O)NC(=O)Nc2ccc3\C(=C\c4[nH]c(C)c(C(=O)NCCN5CCCC5)c4C)\C(=O)Nc3c2)c(F)c1,CHEMBL3329684,IC50,8.64
7252431,COc1ccc2Nc3c(C(=O)N)c(nn3CCc2c1)c4ccc(Oc5ccccc5)cc4,CHEMBL592259,IC50,8.64
858301,CN[C@@H]1CC2OC([C@@H]1OC)n3c4ccccc4c5c6CNC(=O)c6c7c8ccccc8n2c7c35,CHEMBL3683258,IC50,8.66
7252443,CC(=O)NCCNc1cccc(Nc2nc3ccc(cc3s2)C(=O)Nc4c(C)cccc4Cl)n1,CHEMBL86690,IC50,8.7
4829179,CCN(CC)CCOc1ccc(Nc2ncc3C=C(N4N(CCC4=O)c3n2)c5c(Cl)cccc5Cl)cc1,CHEMBL379517,IC50,8.7
7252457,CCN(CC)c1ccc2nc(Nc3c(C)cccc3Cl)c4cncn4c2c1,CHEMBL108686,IC50,8.7
7252468,CCN(CC)c1cccc2c1nc(Nc3c(C)cccc3Cl)c4cncn24,CHEMBL85835,IC50,8.7
7252480,CCN1CCN(CC1)c2ccc3nc(Nc4c(C)cccc4Cl)c5cncn5c3c2,CHEMBL107048,IC50,8.7
7252491,CCNC\C=C\c1nc(O)c2c(ccc3nc(Nc4c(Cl)cccc4Cl)n(C)c23)c1C,CHEMBL27350,IC50,8.7
7252502,CN(C)CCOc1ccc2Nc3c(C(=O)N)c(nn3CCc2c1)c4ccc(NC(=O)OCc5ccccc5)cc4,CHEMBL595625,IC50,8.7
7252513,CNc1ncc2cc(ccc2n1)c3cc(ccc3C)C(=O)Nc4cc(ccc4N5CC(C)(C)C5=O)C(F)(F)F,CHEMBL385055,IC50,8.7
7252524,CNc1ncc2cc(ccc2n1)c3cc(ccc3C)C(=O)Nc4cc(ccc4N5CCN(C)C5=O)C(F)(F)F,CHEMBL385598,IC50,8.7
7252536,COc1cc2nc(Nc3c(C)cccc3Cl)c4cncn4c2cc1OC,CHEMBL85629,IC50,8.7
3858661,COc1cc2ncnc(Oc3cccc(NC(=O)Nc4cc(on4)C(C)(C)C(F)(F)F)c3)c2cc1OC,CHEMBL2029988,Kd,8.7
4826735,COc1ccc(N(C(=O)Oc2c(C)cccc2C)c3ccnc(Nc4ccc(OCCCN5CCCCC5)c(F)c4)n3)c(OC)c1,CHEMBL215411,IC50,8.7
4828166,COc1ccc(N(C(=O)Oc2c(C)cccc2C)c3ccnc(Nc4ccc(cc4)N5CCN(C)CC5)n3)c(OC)c1,CHEMBL213100,IC50,8.7
7252554,COc1ccc2c(nc(Nc3c(C)cccc3Cl)c4cncn24)c1OC,CHEMBL29320,IC50,8.7
7252565,Cc1c(\C=C\CN)nc(O)c2c1ccc3nc(Nc4c(Cl)cccc4Cl)n(C)c23,CHEMBL30230,IC50,8.7
7252576,Cc1c(\C=C\CN2CCCC2)nc(O)c3c1ccc4nc(Nc5c(Cl)cccc5Cl)n(C)c34,CHEMBL432089,IC50,8.7
4827260,Cc1cc(Nc2nc3ccc(cc3s2)C(=O)Nc4c(C)cccc4Cl)nc(NCCO)n1,CHEMBL88009,IC50,8.7
7252589,Cc1cccc(Cl)c1NC(=O)c2ccc3nc(Nc4cccc(N)n4)sc3c2,CHEMBL313384,IC50,8.7
7252600,CCCCCCN1CCN(C[C@H]1[C@H](C)Nc2nccc(n2)n3cnc4ccccc34)C(=O)Nc5cccc6ccccc56,CHEMBL567592,IC50,8.75
6981478,CN1CCN(CC1)c2ccc(Nc3ncc(NC(=O)c4cc(NC(=O)c5ccc6OC(F)(F)Oc6c5)ccc4Cl)cn3)cc2,CHEMBL271154,IC50,8.75
7252614,COc1cc2c(cc1NCCN(C)C)nc(Nc3c(C)cccc3Cl)c4cncn24,CHEMBL108362,IC50,8.77
7252625,CN1CCN(CC1)c2ccc(Nc3ncc(NC(=O)c4cc(NC(=O)c5ccc(cc5)C(C)(C)C)ccc4C)cn3)cc2,CHEMBL405401,IC50,8.82
7252636,C[C@H](Nc1nccc(n1)n2cnc3cc(ccc23)c4ccnc(N)n4)c5ccccc5,CHEMBL565933,IC50,8.82
7252647,NC(=O)COc1ccc2CCn3nc(c4ccc(Oc5ccccc5)cc4)c(C(=O)N)c3Nc2c1,CHEMBL591559,IC50,8.82
7252658,NC(=O)c1c2Nc3cc(OCCO)ccc3CCn2nc1c4ccc(Oc5ccccc5)cc4,CHEMBL592261,IC50,8.82
7252669,COc1cc(OC)cc(c1)C(=O)Nc2ccc(C)c(c2)C(=O)Nc3cnc(Nc4ccc(cc4)N5CCN(C)CC5)nc3,CHEMBL272850,IC50,8.85
7252680,CN1CCN(CC1)c2ccc(Nc3ncc(NC(=O)c4cc(NC(=O)c5ccc6OC(F)(F)Oc6c5)ccc4C)cn3)cc2,CHEMBL271141,IC50,8.89
293662,COc1cc(Nc2c(cnc3cc(OCCCN4CCN(C)CC4)c(OC)cc23)C#N)c(Cl)cc1Cl,bosutinib,IC50,8.89
1166950,COc1ccccc1n2c(cn3c4C(=O)NC(=O)N(C)c4nc23)c5cc(O)ccc5C,CHEMBL566515,IC50,8.89
7252695,Cc1cccc(Cl)c1NC(=O)c2cnc(Nc3cc(nc(C)n3)N4CCOCC4)s2,CHEMBL217039,IC50,8.89
7252706,CN(C)CCOc1ccc2CCn3nc(c4ccc(Oc5ccccc5)cc4)c(C(=O)N)c3Nc2c1,CHEMBL591322,IC50,8.92
7252717,Cc1cccc(C)c1NC(=O)c2cnc(Nc3ccccn3)s2,CHEMBL386745,IC50,8.92
7252728,Cc1cccc(Cl)c1NC(=O)c2cnc(Nc3ccccn3)s2,CHEMBL189776,IC50,8.92
7252739,NC(=O)COc1ccc2Nc3c(C(=O)N)c(nn3CCc2c1)c4ccc(Oc5ccccc5)cc4,CHEMBL603737,IC50,8.92
7252750,CN1CCN(CCOc2ccc3Nc4c(C(=O)N)c(nn4CCc3c2)c5ccc(Oc6ccccc6)cc5)CC1,CHEMBL603859,IC50,8.96
38372,CSc1cccc(Nc2ncc3C=C(C(=O)N(C)c3n2)c4c(Cl)cccc4Cl)c1,CHEMBL386051,Kd,8.96
4826452,CC(C)Oc1cc(F)ccc1N(C(=O)Oc2c(C)cccc2C)c3ccnc(Nc4ccc(cc4)N5CCN(C)CC5)n3,CHEMBL263769,IC50,9.0
7252765,CC(Nc1nccc(n1)n2cnc3ccccc23)C4CCCN(C4)C(=O)Nc5cccc6ccccc56,CHEMBL567885,IC50,9.0
7252776,CCN1CCN(C1=O)c2ccc3c(c2)ncn3c4ccnc(N[C@@H](C)c5ccccc5)n4,CHEMBL566373,IC50,9.0
7252787,CN(C)CCCOc1ccc2Nc3c(C(=O)N)c(nn3CCc2c1)c4ccc(Oc5ccccc5)cc4,CHEMBL591326,IC50,9.0
7252798,CN(C)CCOc1ccc2Nc3c(C(=O)N)c(nn3CCc2c1)c4ccc(NCc5c(Cl)cccc5Cl)cc4,CHEMBL595401,IC50,9.0
7252810,CN1CCN(CC1)c2ccc3nc(Nc4c(C)cccc4Cl)c5cncn5c3c2,CHEMBL108907,IC50,9.0
7252821,CNN1CCN(Cc2ccnc(Nc3nc4ccc(cc4s3)C(=O)Nc5c(C)cccc5Cl)c2)CC1,CHEMBL86939,IC50,9.0
6983573,CNc1ncc2cc(ccc2n1)c3cc(ccc3C)C(=O)Nc4ccc(OC5CCN(C)CC5)cc4,CHEMBL427226,IC50,9.0
6985729,COc1cc(Nc2ncnc(n2)n3c(Nc4c(C)cccc4C)nc5ccccc35)cc(OC)c1OC,CHEMBL270692,IC50,9.0
1423326,COc1cc2nccc(Oc3ccc4N(CCOc4c3)C(=O)Nc5cccc(C)c5)c2cc1OC,CHEMBL270057,IC50,9.0
4830137,COc1ccc(N(C(=O)Oc2c(C)cccc2C)c3ccnc(Nc4cc(OC)c(N5CCN(C)CC5)c(OC)c4)n3)c(OC)c1,CHEMBL385898,IC50,9.0
4830159,COc1ccc(N(C(=O)Oc2c(C)cccc2C)c3ccnc(Nc4cc(OC)c(OCCN5CCN(C)CC5)c(OC)c4)n3)c(OC)c1,CHEMBL212143,IC50,9.0
4829666,COc1ccc(N(C(=O)Oc2c(C)cccc2C)c3ccnc(Nc4cc(OC)c(OCCN5CCOCC5)c(OC)c4)n3)c(OC)c1,CHEMBL264803,IC50,9.0
4829677,COc1ccc(N(C(=O)Oc2c(C)cccc2C)c3ccnc(Nc4ccc(N5CCN(C)CC5)c(F)c4)n3)c(OC)c1,CHEMBL211845,IC50,9.0
4829688,COc1ccc(N(C(=O)Oc2c(C)cccc2C)c3ccnc(Nc4ccc(N5CCN(C)CC5)c(OC)c4)n3)c(OC)c1,CHEMBL215730,IC50,9.0
4828838,COc1ccc(N(C(=O)Oc2c(C)cccc2C)c3ccnc(Nc4ccc(OCCCN(C)C)cc4)n3)c(OC)c1,CHEMBL214775,IC50,9.0
4828506,COc1ccc(N(C(=O)Oc2c(C)cccc2C)c3ccnc(Nc4ccc(OCCCN5CCN(C)CC5)c(F)c4)n3)c(OC)c1,CHEMBL215289,IC50,9.0
4829699,COc1ccc(N(C(=O)Oc2c(C)cccc2C)c3ccnc(Nc4ccc(OCCCN5CCN(C)CC5)c(OC)c4)n3)c(OC)c1,CHEMBL379080,IC50,9.0
4828849,COc1ccc(N(C(=O)Oc2c(C)cccc2C)c3ccnc(Nc4ccc(OCCN(C)C)cc4)n3)c(OC)c1,CHEMBL212721,IC50,9.0
4827916,COc1ccc(N(C(=O)Oc2c(C)cccc2C)c3ccnc(Nc4ccc(OCCN5CCCCC5)cc4)n3)c(OC)c1,CHEMBL379733,IC50,9.0
4828155,COc1ccc(N(C(=O)Oc2c(C)cccc2C)c3ccnc(Nc4ccc(OCCN5CCN(C)CC5)cc4)n3)c(OC)c1,CHEMBL212668,IC50,9.0
4830170,COc1ccc(OC)c(c1)N(C(=O)Oc2c(C)cccc2C)c3ccnc(Nc4ccc(cc4)N5CCN(C)CC5)n3,CHEMBL442485,IC50,9.0
4828871,COc1ccccc1N(C(=O)Oc2c(C)cccc2C)c3ccnc(Nc4ccc(cc4)N5CCN(C)CC5)n3,CHEMBL211460,IC50,9.0
7252864,C[C@H](Nc1nccc(n1)n2cnc3ccccc23)[C@]4(C)CN(CCN4C)C(=O)Nc5cccc6ccccc56,CHEMBL567029,IC50,9.0
4829126,Cc1cc(Nc2nc3ccc(cc3s2)C(=O)Nc4c(C)cccc4Cl)nc(NCC5CCCO5)n1,CHEMBL432189,IC50,9.0
325552,Cc1cc(Nc2ncc(s2)C(=O)Nc3c(C)cccc3Cl)nc(C)n1,CHEMBL364623,IC50,9.0
1423130,Cc1ccc(cc1C#Cc2ccc(N)nc2)C(=O)Nc3cccc(c3)C(F)(F)F,CHEMBL220874,IC50,9.0
1423141,Cc1ccc(cc1C#Cc2cnc(N)nc2)C(=O)Nc3cccc(c3)C(F)(F)F,CHEMBL427998,IC50,9.0
1421934,Cc1ccc(cc1C#Cc2cnc3ccccc3c2)C(=O)Nc4cccc(c4)C(F)(F)F,CHEMBL219584,IC50,9.0
6985794,Cc1ccc(cc1c2ccc3nc(Nc4ccccc4)ncc3c2)C(=O)Nc5cccc(c5C)C(F)(F)F,CHEMBL215863,IC50,9.0
7252887,Cc1cccc(Cl)c1NC(=O)c2ccc3nc(Nc4cc(CN5CCOCC5)ccn4)sc3c2,CHEMBL315643,IC50,9.0
7252898,NC(=O)c1c2Nc3cc(OCC(=O)O)ccc3CCn2nc1c4ccc(Oc5ccccc5)cc4,CHEMBL605724,IC50,9.0
7252909,CN(C)CCOc1ccc2Nc3c(C(=O)N)c(nn3CCc2c1)c4ccc(NC(=O)Nc5c(Cl)cccc5Cl)cc4,CHEMBL582959,IC50,9.03
3803544,CN(C)CCC(=O)Nc1cccc(Nc2ncc(NC(=O)c3cc(NC(=O)c4cccc(c4)C(F)(F)F)ccc3C)cn2)c1,CHEMBL3290125,IC50,9.05
7252922,Cc1cc(F)c(cc1c2ccc3nc(N)ncc3c2)C(=O)Nc4cccc(c4)C(F)(F)F,CHEMBL213428,IC50,9.05
4826619,Cc1cccc(Cl)c1NC(=O)c2ccc3nc(Nc4cccc(NCCO)n4)sc3c2,CHEMBL312933,Ki,9.05
7252935,CN(C)CCOc1ccc2Nc3c(C(=O)N)c(nn3CCc2c1)c4ccc(Nc5ccccc5)cc4,CHEMBL595624,IC50,9.1
7252946,CN1CCN(CC1)c2ccc(Nc3ncc(NC(=O)c4cc(NC(=O)c5cccc(c5C)C(F)(F)F)ccc4C)cn3)cc2,CHEMBL271140,IC50,9.1
7252957,NC(=O)c1c2Nc3cc(OCCN4CCOCC4)ccc3CCn2nc1c5ccc(Oc6ccccc6)cc5,CHEMBL591793,IC50,9.11
7252968,NC(=O)c1c2Nc3ccc(OCCO)cc3CCn2nc1c4ccc(Oc5ccccc5)cc4,CHEMBL601096,IC50,9.13
1026382,CN(C)CCOc1ccc2Nc3c(C(=O)N)c(nn3CCc2c1)c4ccc(Oc5ccccc5)cc4,CHEMBL591325,IC50,9.14
3806308,CCN(CC)C\C=C\c1nc(O)c2c(ccc3nc(Nc4c(Cl)cccc4Cl)n(C)c23)c1C,CHEMBL281957,IC50,9.16
7252983,Cc1cccc(Cl)c1NC(=O)c2cnc(Nc3cc(NCCCN4CCOCC4)nc(C)n3)s2,CHEMBL214617,IC50,9.16
7252994,Cc1cccc(Cl)c1NC(=O)c2cnc(Nc3cc(nc(C)n3)N4CCC(CO)CC4)s2,CHEMBL216240,IC50,9.16
7253005,CN1CCC(CC1)Nc2ncc3cc(ccc3n2)c4cc(ccc4C)C(=O)Nc5cccc(c5C)C(F)(F)F,CHEMBL215691,IC50,9.22
7253016,CN1CCN(CC1)c2ccc(Nc3ncc(NC(=O)c4cc(NC(=O)Nc5cccc(c5)C(F)(F)F)ccc4C)cn3)cc2,CHEMBL405666,IC50,9.22
3993480,CN1CCN(CC1)c2ccc(Nc3ncc(NC(=O)c4cc(NC(=O)c5cccc(c5)C(F)(F)F)ccc4C)cn3)cc2,CHEMBL272888,IC50,9.22
4830148,COc1ccc(N(C(=O)Oc2c(C)cccc2C)c3ccnc(Nc4cc(OC)c(OCCCN5CCN(C)CC5)c(OC)c4)n3)c(OC)c1,CHEMBL386760,IC50,9.22
7253031,COc1nc(Nc2ccc(cc2)N3CCN(C)CC3)ncc1C(=O)Nc4cc(ccc4C)C(=O)Nc5cccc(c5F)C(F)(F)F,CHEMBL257858,IC50,9.22
6980882,Cc1ccc(cc1c2ccc3nc(N)ncc3c2)C(=O)Nc4cccc(c4C)C(F)(F)F,CHEMBL215813,IC50,9.22
7253044,Cc1cccc(Nc2ncc(s2)C(=O)Nc3c(C)cccc3Cl)n1,CHEMBL365505,IC50,9.22
7253055,NC(=O)c1c2Nc3ccc(OCCN4CCOCC4)cc3CCn2nc1c5ccc(Oc6ccccc6)cc5,CHEMBL596079,IC50,9.25
7253066,CN1CCN(CCOc2ccc3CCn4nc(c5ccc(Oc6ccccc6)cc5)c(C(=O)N)c4Nc3c2)CC1,CHEMBL592262,IC50,9.26
7253077,CN(C)CCCOc1ccc2CCn3nc(c4ccc(Oc5ccccc5)cc4)c(C(=O)N)c3Nc2c1,CHEMBL592260,IC50,9.29
7253088,CCN(CC)CC(=O)Nc1ccc(cc1NC(=O)c2ccc(C)c(c2)c3ccc4nc(NC)ncc4c3)C(F)(F)F,CHEMBL212953,IC50,9.3
6985121,CN1CCN(CC1)c2ccc(Nc3ncc(NC(=O)c4cc(ccc4C)C(=O)Nc5cccc(c5)C(F)(F)F)cn3)cc2,CHEMBL408070,IC50,9.3
7253101,CNc1ncc2cc(ccc2n1)c3cc(C(=O)Nc4cccc(c4)C(F)(F)F)c(F)cc3C,CHEMBL215745,IC50,9.3
4825788,CNc1ncc2cc(ccc2n1)c3cc(ccc3C)C(=O)Nc4cc(ccc4OC5CCN(C)CC5)C(F)(F)F,CHEMBL386661,IC50,9.3
323842,CNc1ncc2cc(ccc2n1)c3cc(ccc3C)C(=O)Nc4ccc(Cl)c(c4)C(F)(F)F,CHEMBL215019,IC50,9.3
7253116,Cc1cccc(Cl)c1NC(=O)c2cnc(Nc3cc(ncn3)N4CCOCC4)s2,CHEMBL189649,IC50,9.3
7253127,Cc1cccc(Cl)c1NC(=O)c2cnc(Nc3cccc(NCCCN4CCOCC4)n3)s2,CHEMBL273250,IC50,9.3
7253138,Cc1ccnc(Nc2ncc(s2)C(=O)Nc3c(C)cccc3Cl)c1,CHEMBL186568,IC50,9.3
7253149,CCOC(=O)CN1CCN(C[C@H]1[C@H](C)Nc2nccc(n2)n3cnc4ccccc34)C(=O)Nc5cccc6ccccc56,CHEMBL566507,IC50,9.35
7253160,CN(C)CCOc1ccc2Nc3c(C(=O)N)c(nn3CCc2c1)c4ccc(O)cc4,CHEMBL595398,IC50,9.36
7253171,NCCOc1ccc2Nc3c(C(=O)N)c(nn3CCc2c1)c4ccc(Oc5ccccc5)cc4,CHEMBL591324,IC50,9.39
7253182,CCN1CCN(C1=O)c2ccc3c(c2)ncn3c4ccnc(N[C@@H](C)[C@@H]5CN(CCN5C)C(=O)Nc6cccc7ccccc67)n4,CHEMBL568759,IC50,9.4
7253193,CNc1ncc2cc(ccc2n1)c3cc(ccc3C)C(=O)Nc4cc(ccc4NC(=O)NCCN5CCOCC5)C(F)(F)F,CHEMBL213831,IC50,9.4
7253204,C[C@H](Nc1nccc(n1)n2cnc3ccccc23)[C@H]4CCCN(C4)C(=O)Nc5cccc6ccccc56,CHEMBL569272,IC50,9.4
1421366,Cc1ccc(NC(=O)c2cccc(c2)C(F)(F)F)cc1c3ccc4nc(N)ncc4c3,CHEMBL429582,IC50,9.4
6984274,Cc1ccc(cc1c2ccc3nc(NCCCN4CCOCC4)ncc3c2)C(=O)Nc5cccc(c5C)C(F)(F)F,CHEMBL214530,IC50,9.4
7253219,Nc1ncc2cc(ccc2n1)c3cc(ccc3Cl)C(=O)Nc4cccc(c4)C(F)(F)F,CHEMBL212900,IC50,9.4
6979932,CN1CCN(CC1)c2ccc(Nc3ncc(NC(=O)c4cc(NC(=O)c5cc(F)cc(c5)C(F)(F)F)ccc4C)cn3)cc2,CHEMBL407063,IC50,9.52
6985138,CNc1ncc2cc(ccc2n1)c3cc(NC(=O)c4cccc(c4)C(F)(F)F)ccc3C,CHEMBL212128,IC50,9.52
323853,CNc1ncc2cc(ccc2n1)c3cc(ccc3C)C(=O)Nc4cccc(c4)C(F)(F)F,CHEMBL212964,IC50,9.52
7253236,CNc1ncc2cc(ccc2n1)c3cc(ccc3C)C(=O)Nc4cccc5CCCc45,CHEMBL427233,IC50,9.52
7253247,Cc1cccc(C)c1NC(=O)c2cnc(Nc3cccnn3)s2,CHEMBL405630,IC50,9.52
7253258,NCCOc1ccc2CCn3nc(c4ccc(Oc5ccccc5)cc4)c(C(=O)N)c3Nc2c1,CHEMBL607366,IC50,9.52
7253269,CC(C)CN1CCN(C[C@H]1[C@H](C)Nc2nccc(n2)n3cnc4ccccc34)C(=O)Nc5cccc6ccccc56,CHEMBL568762,IC50,9.7
7253280,CCN(CC)CCOc1ccc(Nc2ncc3CN(C(=O)N(C)c3n2)c4c(Cl)cccc4Cl)cc1,CHEMBL1234002,Kd,9.7
7253291,C[C@H](Nc1nccc(n1)n2cnc3ccccc23)[C@@H]4CN(CCN4c5ccncc5)C(=O)Nc6cccc7ccccc67,CHEMBL565263,IC50,9.7
323551,Cc1ccc(cc1c2ccc3nc(N)ncc3c2)C(=O)Nc4cccc(c4)C(F)(F)F,CHEMBL385937,IC50,9.7
4829739,Cc1ccc(cc1c2ccc3nc(NCCN4CCOCC4)ncc3c2)C(=O)Nc5cccc(c5)C(F)(F)F,CHEMBL215943,IC50,9.7
7253306,Cc1cccc(Cl)c1NC(=O)c2cnc(Nc3cc(NCCO)nc(C)n3)s2,CHEMBL386118,IC50,9.7
7253316,C[C@H](Nc1nccc(n1)n2cnc3cc(ccc23)c4ccncc4)[C@@H]5CN(CCN5C)C(=O)Nc6cccc7ccccc67,CHEMBL572197,IC50,9.92
7253327,CCN1CCN(C[C@H]1[C@H](C)Nc2nccc(n2)n3cnc4ccccc34)C(=O)Nc5cccc6ccccc56,CHEMBL569496,IC50,10.15
7253338,C[C@H](Nc1nccc(n1)n2cnc3cc(ccc23)c4ccnc(N)n4)[C@@H]5CN(CCN5C)C(=O)Nc6cccc7ccccc67,CHEMBL566284,IC50,10.15
6984694,Cc1ccc(cc1c2ccc3nc(NC4CC4)ncc3c2)C(=O)Nc5cccc(c5C)C(F)(F)F,CHEMBL212181,IC50,10.15
7253351,C[C@H](Nc1nccc(n1)n2cnc3ccccc23)[C@@H]4CN(CCN4C)C(=O)Nc5cccc6ccccc56,CHEMBL566813,IC50,10.22
3806364,COC(C)(C)CCn1nc(Nc2c(C)cccc2C)c3cnc(Nc4ccc(OCCN5CCCC5)cc4)nc13,CHEMBL458333,Ki,10.4
6983584,CNc1ncc2cc(ccc2n1)c3cc(ccc3C)C(=O)Nc4cccc(c4C)C(F)(F)F,CHEMBL215969,IC50,11.0
