id,smiles,name,assay_type,activity_value
334593,COC(=O)c1cccc(NC(=O)C2(CN(C)C)CCN(CC2)c3ncnc4[nH]cc(C)c34)c1,CHEMBL3613600,IC50,7.57
334605,COc1ccc(cc1)N(CCN)C(=O)Nc2ccc(cc2)c3ncnc4[nH]cc(C)c34,CHEMBL3410049,IC50,7.57
334616,COC(=O)c1cccc(NC(=O)C2(CN(C)C)CCN(CC2)c3ncnc4[nH]c(C)c(C)c34)c1,CHEMBL3613623,IC50,7.59
334627,COC(=O)c1cccc(NC(=O)C2(CN(C)C)CCN(CC2)c3ncnc4[nH]cc(C#N)c34)c1,CHEMBL3613620,IC50,7.6
334638,Cc1c[nH]c2ncnc(c3ccc(NC(=O)N(CCO)c4ccc(Cl)cc4)cc3)c12,CHEMBL3410042,IC50,7.6
334649,CN(C)C(=O)Oc1cccc(NC(=O)C2(CN)CCN(CC2)c3ncnc4[nH]cc(C)c34)c1,CHEMBL3356433,IC50,7.62
334659,CN(C)C(=O)Oc1cccc(NC(=O)C2(CN)CCN(CC2)c3ncnc4[nH]c5CCCCc5c34)c1,CHEMBL3797874,IC50,7.64
334669,CNC(=O)Nc1ncc(s1)c2cc(nc(n2)c3cnccn3)c4c(C)cc(OC)cc4C,CHEMBL2070614,IC50,7.64
334680,COC(=O)c1cccc(NC(=O)C2(CN(C)C)CCN(CC2)c3ncnc4[nH]c(C)cc34)c1,CHEMBL3613622,IC50,7.64
334691,COC(=O)c1cccc(NC(=O)C2(CN(C)C)CCN(CC2)c3ncnc4[nH]ccc34)c1,CHEMBL3613610,IC50,7.64
334702,CN(C)C(=O)Oc1cccc(NC(=O)C2(CN)CCN(CC2)c3ncnc4[nH]c(C)c(C)c34)c1,CHEMBL3799326,IC50,7.66
334712,CN(C)C(=O)Oc1cccc(NC(=O)C2(N)CCN(CC2)c3ncnc4[nH]c5CCCCc5c34)c1,CHEMBL3797469,IC50,7.66
334722,CN(C)CC1(CCN(CC1)c2ncnc3[nH]c(C)c(C)c23)C(=O)Nc4cccc(OC(=O)N(C)C)c4,CHEMBL3613624,IC50,7.66
334733,Cc1[nH]c2ncnc(c3ccc(NC(=O)N(CCN)c4ccc(Cl)cc4)c(F)c3)c2c1C,CHEMBL3410054,IC50,7.68
334744,Cc1[nH]c2ncnc(c3ccc(NC(=O)N(CCO)c4ccc(Cl)cc4)c(F)c3)c2c1C,CHEMBL3410053,IC50,7.68
334755,Cc1c[nH]c2ncnc(c3ccc(NC(=O)N(CCN)c4ccc(Cl)cc4)cc3)c12,CHEMBL3410050,IC50,7.68
334766,CC(=O)Nc1ncc(s1)c2ccncc2c3ccccc3Cl,CHEMBL3623440,IC50,7.7
334777,CN(C)CC1(CCN(CC1)c2ncnc3[nH]c4CCCCc4c23)C(=O)Nc5cccc(OC(=O)N(C)C)c5,CHEMBL3800259,IC50,7.7
334787,CN(C)CCN(C(=O)Nc1ccc(cc1)c2ncnc3[nH]cc(C)c23)c4ccc(Cl)cc4,CHEMBL3410052,IC50,7.7
334798,COC(=O)c1cccc(NC(=O)C2(CN(C)C)CCN(CC2)c3ncnc4[nH]cc(F)c34)c1,CHEMBL3613621,IC50,7.7
334809,CN(C)CC1(CCN(CC1)c2ncnc3[nH]cc(C)c23)C(=O)Nc4cccc(OC(=O)N(C)C)c4,CHEMBL3613599,IC50,7.72
334820,CN(C)CCN(C(=O)Nc1ccc(cc1F)c2ncnc3[nH]c(C)c(C)c23)c4ccc(Cl)cc4,CHEMBL3410055,IC50,7.72
334831,Cc1cc(NC(=O)Nc2ccc(cc2F)c3ncnc4[nH]cc(C)c34)ccn1,CHEMBL3629278,IC50,7.72
334842,CC(C)NC(=O)c1cccc(NC(=O)Nc2ccc(cc2F)c3ncnc4[nH]cc(C)c34)c1,CHEMBL3407526,IC50,7.75
334853,CN(C)C(=O)Oc1cccc(NC(=O)C2(CCN(CC2)c3ncnc4[nH]c5CCCCc5c34)N(C)C)c1,CHEMBL3798142,IC50,7.75
334863,COC(=O)c1cccc(NC(=O)C2(N)CCN(CC2)c3ncnc4[nH]cc(C)c34)c1,CHEMBL3613601,IC50,7.75
334874,Fc1ccc(C(=O)Nc2ccc(Nc3ccnc4NC(=O)c5ccccc5c34)cc2)c(c1)C(F)(F)F,CHEMBL2380834,IC50,7.75
334885,COC(=O)c1cccc(NC(=O)C2(CN)CCN(CC2)c3ncnc4[nH]cc(C)c34)c1,CHEMBL3613598,IC50,7.8
334896,CCCNc1ncc(s1)c2ccncc2c3ccccc3Cl,CHEMBL3622867,IC50,7.82
334907,CCCNc1ncc(s1)c2ccncc2c3ccc(OC)cc3C(F)(F)F,CHEMBL3622874,IC50,7.89
334918,Cc1cc2cn[nH]c2cc1c3cccc4c(N)c(nnc34)C(=O)N,CHEMBL3586447,IC50,7.92
334929,Cc1ccc(NC(=O)Nc2ccc(cc2F)c3ncnc4[nH]cc(C)c34)cn1,CHEMBL3629277,IC50,7.96
334940,CC(C)C(=O)Nc1ncc(s1)c2cc(nn2c3c(Cl)cccc3Cl)C(F)F,CHEMBL2141887,IC50,8.0
334950,COc1ccc(NC(=O)Nc2ccc(cc2F)c3ncnc4[nH]cc(C)c34)cc1,CHEMBL3629276,IC50,8.0
334961,COCCN(C(=O)Nc1ccc(cc1F)c2ncnc3[nH]c(C)c(C)c23)c4ccc(Cl)cc4,CHEMBL3410056,IC50,8.1
334972,COc1ccc(c2cnccc2c3cnc(NC(=O)C(C)C)s3)c(c1)C(F)(F)F,CHEMBL3623443,IC50,8.1
334983,CN(C)CC1(CCN(CC1)c2ncnc3[nH]cc(C)c23)C(=O)Nc4cccc(c4)C(=O)OCC#C,CHEMBL3613609,IC50,8.12
334994,C[C@H]1CN(CCN1C(=O)Nc2ccc(F)c(Br)c2)c3ncnc4[nH]cc(C)c34,CHEMBL570820,IC50,8.18
335005,CC(C)CNc1ncc(s1)c2ccncc2c3ccccc3Cl,CHEMBL3623435,IC50,8.3
335016,CC(C)Nc1ncc(s1)c2cc(nc(NCCN(C)C)n2)c3ccccc3Cl,CHEMBL1258976,IC50,8.4
335027,C[C@@H](Nc1ncc(s1)c2ccncc2c3ccccc3Cl)c4ccccc4,CHEMBL3623437,IC50,8.4
335038,C[C@H]1CN(CCN1\C(=N\C#N)\Nc2ccc(F)c(Br)c2)c3ncnc4[nH]cc(C)c34,CHEMBL565452,IC50,8.43
335049,C[C@H]1CN(CCN1C(=O)Nc2cccc(OC(=O)N(C)C)c2)c3ncnc4[nH]cc(C)c34,CHEMBL570116,IC50,8.5
335060,CC(C)C(=O)Nc1ncc(s1)c2ccncc2c3ccccc3Cl,CHEMBL3623441,IC50,8.52
335071,Clc1ccccc1c2cnccc2c3cnc(Nc4ccccc4)s3,CHEMBL3623438,IC50,8.52
335082,CS(=O)(=O)O.Oc1cccc(CNC(=O)Nc2nc(cs2)c3ccncc3)c1,CHEMBL3218297,IC50,8.76
335093,CC(C)C(=O)Nc1ncc(s1)c2ccncc2c3ccc(C)cc3Cl,CHEMBL3623442,IC50,9.0
335104,CCNC(=O)Nc1ncc(s1)c2cc(nc(n2)c3cnccn3)c4c(C)cc(OC)cc4C,CHEMBL2070615,IC50,9.0
335114,C[C@H]1CN(CCN1\C(=N\C#N)\Nc2cccc(Br)c2)c3ncnc4[nH]cc(C)c34,CHEMBL570126,IC50,9.3
335125,Oc1ccc(Nc2ncc(s2)c3ccncc3c4ccccc4Cl)cc1,CHEMBL3623439,IC50,9.52
