id,smiles,name,assay_type,activity_value
365234,CCCNc1ncc(s1)c2cc(nc(n2)c3cnccn3)c4cc(OCCC5CCCCC5)ccc4Cl,CHEMBL2070504,IC50,7.55
365246,CN(C)C1(CCN(CC1)c2ncnc3[nH]c4CCCCc4c23)C(=O)Nc5ccc(OC(F)F)cc5,CHEMBL3797422,IC50,7.57
365256,CN(C)C(=O)Oc1cccc(NC(=O)N2CCN(CC2C(C)(C)C)c3ncnc4[nH]cc(C)c34)c1,CHEMBL3356419,IC50,7.59
365267,COC(=O)c1cccc(NC(=O)C2(CN)CCN(CC2)c3ncnc4[nH]c5CCCCc5c34)c1,CHEMBL3797937,IC50,7.64
365277,CN(C)c1ccc(NC(=O)C2(CCN(CC2)c3ncnc4[nH]c5CCCCc5c34)N(C)C)cc1,CHEMBL3798729,IC50,7.66
365287,CN(Cc1ccccc1)C(=O)c2ccc(cc2)S(=O)(=O)Nc3cccc(C)c3,CHEMBL3355491,IC50,7.66
365298,CN(Cc1ccccc1)C(=O)c2ccc(cc2)S(=O)(=O)Nc3cccc(F)c3,CHEMBL3355489,IC50,7.66
365309,O=S(=O)(Nc1ccccc1)c2ccc(cc2)c3nccn3Cc4ccccc4,CHEMBL3355515,IC50,7.66
365320,CN(Cc1ccc(CCC(=O)O)cc1)C(=O)c2ccc(cc2)S(=O)(=O)Nc3ccccc3,CHEMBL3355497,IC50,7.72
365331,OCCN(Cc1ccccc1)C(=O)c2ccc(cc2)S(=O)(=O)Nc3ccccc3,CHEMBL3355508,IC50,7.72
365342,CN(C)C1(CCN(CC1)c2ncnc3[nH]c4CCCCc4c23)C(=O)Nc5ccc(cc5)C#N,CHEMBL3798698,IC50,7.77
365352,CCCNc1ncc(s1)c2cc(nc(n2)c3cnccn3)c4c(Cl)cc(OC)cc4Cl,CHEMBL2070497,IC50,7.8
334669,CNC(=O)Nc1ncc(s1)c2cc(nc(n2)c3cnccn3)c4c(C)cc(OC)cc4C,CHEMBL2070614,IC50,7.8
365365,Cc1c[nH]c2ncnc(N3CC4CCC(C3)N4C(=O)Nc5cccc(Br)c5)c12,CHEMBL584968,IC50,7.8
365376,COC(=O)c1cccc(NC(=O)C2(CCN(CC2)c3ncnc4[nH]c5CCCCc5c34)N(C)C)c1,CHEMBL3797333,IC50,7.89
334691,COC(=O)c1cccc(NC(=O)C2(CN(C)C)CCN(CC2)c3ncnc4[nH]ccc34)c1,CHEMBL3613610,IC50,7.89
365388,CN(C)C1(CCN(CC1)c2ncnc3[nH]c4CCCCc4c23)C(=O)Nc5ccc(F)cc5,CHEMBL3799312,IC50,7.92
365398,CN(C)C1(CCN(CC1)c2ncnc3[nH]c4CCCCc4c23)C(=O)Nc5cccc(c5)S(=O)(=O)C,CHEMBL3797875,IC50,7.92
365408,CNC(=O)Nc1ncc(s1)c2cc(nc(n2)c3cnccn3)c4c(Cl)cc(OC)cc4Cl,CHEMBL2070618,IC50,7.92
365419,COC(=O)c1cccc(NC(=O)C2(CCN(CC2)c3ncnc4[nH]cc(C)c34)N(C)C)c1,CHEMBL3613602,IC50,7.92
365430,CN(C)C1(CCN(CC1)c2ncnc3[nH]c4CCCCc4c23)C(=O)Nc5cccc(CN6CCCCC6)c5,CHEMBL3798226,IC50,7.96
365440,Cc1c[nH]c2ncnc(N3CCN(CC3)\C(=N\C#N)\Nc4cccc(Br)c4)c12,CHEMBL568484,IC50,7.96
365451,C[C@H](NC(=O)N1CCN(C[C@@H]1C)c2ncnc3[nH]cc(C)c23)c4ccccc4,CHEMBL3352853,IC50,8.0
365462,COC(=O)c1cccc(NC(=O)C2(N)CCN(CC2)c3ncnc4[nH]ccc34)c1,CHEMBL3613614,IC50,8.02
365473,CC1CN(CCN1\C(=N\C#N)\Nc2cccc(Br)c2)c3ncnc4[nH]ccc34,CHEMBL572371,IC50,8.09
334680,COC(=O)c1cccc(NC(=O)C2(CN(C)C)CCN(CC2)c3ncnc4[nH]c(C)cc34)c1,CHEMBL3613622,IC50,8.1
365486,COc1cc(Cl)c(c(Cl)c1)c2cc(nc(n2)c3cnccn3)c4cnc(NC(=O)C)s4,CHEMBL2070619,IC50,8.1
365497,COC(=O)c1ccc(NC(=O)C2(CN(C)C)CCN(CC2)c3ncnc4[nH]cc(C)c34)cc1,CHEMBL3613605,IC50,8.11
334649,CN(C)C(=O)Oc1cccc(NC(=O)C2(CN)CCN(CC2)c3ncnc4[nH]cc(C)c34)c1,CHEMBL3356433,IC50,8.13
334863,COC(=O)c1cccc(NC(=O)C2(N)CCN(CC2)c3ncnc4[nH]cc(C)c34)c1,CHEMBL3613601,IC50,8.13
365512,CN(C)CCC1(CCN(CC1)c2ncnc3[nH]cc(C)c23)C(=O)Nc4cccc(OC(=O)N(C)C)c4,CHEMBL3356432,IC50,8.14
365523,CN(C)C1(CCN(CC1)c2ncnc3[nH]c4CCCCc4c23)C(=O)Nc5cccc(C)c5,CHEMBL3800515,IC50,8.15
365533,C[C@H]1CN(CCN1\C(=N\S(=O)(=O)C)\Nc2cccc(Br)c2)c3ncnc4[nH]cc(C)c34,CHEMBL571706,IC50,8.17
365544,CC(C)NC(=O)c1cccc(NC(=O)N2CCN(C[C@@H]2C)c3ncnc4[nH]cc(C)c34)c1,CHEMBL572170,IC50,8.26
365555,CN(C)C(=O)Oc1cccc(NC(=O)C2(CCN(CC2)c3ncnc4[nH]cc(C)c34)N(C)C)c1,CHEMBL3356429,IC50,8.29
365566,CC(C)Oc1cccc(NC(=O)C2(CCN(CC2)c3ncnc4[nH]c5CCCCc5c34)N(C)C)c1,CHEMBL3798086,IC50,8.32
365576,CN(C)C(=O)Oc1cccc(NC(=O)C2(C)CCN(CC2)c3ncnc4[nH]cc(C)c34)c1,CHEMBL3356427,IC50,8.32
365587,CCC(C)OC(=O)c1cccc(NC(=O)C2(CN(C)C)CCN(CC2)c3ncnc4[nH]cc(C)c34)c1,CHEMBL3613608,IC50,8.34
365598,CN(C)C1(CCN(CC1)c2ncnc3[nH]c4CCCCc4c23)C(=O)Nc5ccccc5,CHEMBL3800104,IC50,8.35
365608,CC(C)[C@H]1CN(CCN1\C(=N\C#N)\Nc2cccc(Br)c2)c3ncnc4[nH]cc(C)c34,CHEMBL570831,IC50,8.38
365619,C[C@H]1CN(CCN1\C(=N\C#N)\Nc2cccc(Br)c2)c3ncnc4[nH]c(C)cc34,CHEMBL570830,IC50,8.38
334627,COC(=O)c1cccc(NC(=O)C2(CN(C)C)CCN(CC2)c3ncnc4[nH]cc(C#N)c34)c1,CHEMBL3613620,IC50,8.4
365632,C[C@@H]1CN([C@@H](C)CN1c2ncnc3[nH]cc(C)c23)\C(=N\C#N)\Nc4cccc(Br)c4,CHEMBL570586,IC50,8.41
365643,C[C@H]1CN(CCN1C(=O)Nc2cccc(Br)c2)c3ncnc4[nH]cc(C)c34,CHEMBL571942,IC50,8.41
365654,CN(C)C1(CCN(CC1)c2ncnc3[nH]c4CCCCc4c23)C(=O)Nc5cccc(F)c5,CHEMBL3798406,IC50,8.43
365664,CC(C)NC(=O)c1cccc(N\C(=N/C#N)\N2CCN(C[C@@H]2C)c3ncnc4[nH]cc(C)c34)c1,CHEMBL585734,IC50,8.46
365675,C[C@H]1CN(CCN1\C(=N\C#N)\Nc2cccc(c2)C(=O)NCCN(C)C)c3ncnc4[nH]cc(C)c34,CHEMBL571940,IC50,8.47
334994,C[C@H]1CN(CCN1C(=O)Nc2ccc(F)c(Br)c2)c3ncnc4[nH]cc(C)c34,CHEMBL570820,IC50,8.5
365688,Cc1c[nH]c2ncnc(N3CCC(C)(CC3)C(=O)Nc4cccc(c4)C(C)(C)C)c12,CHEMBL3356425,IC50,8.5
335093,CC(C)C(=O)Nc1ncc(s1)c2ccncc2c3ccc(C)cc3Cl,CHEMBL3623442,IC50,8.52
335016,CC(C)Nc1ncc(s1)c2cc(nc(NCCN(C)C)n2)c3ccccc3Cl,CHEMBL1258976,IC50,8.52
365703,CCN(Cc1ccccc1)C(=O)c2ccc(cc2)S(=O)(=O)Nc3ccccc3,CHEMBL3355507,IC50,8.52
365714,C[C@H]1CN(CCN1C(=O)Nc2cccc(c2)C(=O)NC(CO)CO)c3ncnc4[nH]cc(C)c34,CHEMBL578615,IC50,8.52
365725,C[C@H]1CN(CCN1C(=O)Nc2cccc(c2)C(=O)NCCO)c3ncnc4[nH]cc(C)c34,CHEMBL570821,IC50,8.52
365736,C[C@H]1CN(CCN1\C(=N\C#N)\Nc2cccc(c2)S(=O)(=O)NCCO)c3ncnc4[nH]cc(C)c34,CHEMBL565453,IC50,8.54
334798,COC(=O)c1cccc(NC(=O)C2(CN(C)C)CCN(CC2)c3ncnc4[nH]cc(F)c34)c1,CHEMBL3613621,IC50,8.55
365749,COCCOCC1(CCN(CC1)c2ncnc3[nH]cc(C)c23)C(=O)Nc4cccc(OC(=O)N(C)C)c4,CHEMBL3356430,IC50,8.57
365760,COc1cccc(NC(=O)N2CCN(C[C@@H]2C)c3ncnc4[nH]cc(C)c34)c1,CHEMBL3356063,IC50,8.57
365771,C[C@H]1CN(CCN1C(=O)Nc2cccc(Cl)c2)c3ncnc4[nH]cc(C)c34,CHEMBL583464,IC50,8.64
365782,CC(C)OC(=O)c1cccc(NC(=O)C2(CN(C)C)CCN(CC2)c3ncnc4[nH]cc(C)c34)c1,CHEMBL3613607,IC50,8.66
365793,CN(C)C(=O)Oc1cccc(NC(=O)C2(CC=C)CCN(CC2)c3ncnc4[nH]cc(C)c34)c1,CHEMBL3356426,IC50,8.66
365804,CCCOC(=O)c1cccc(NC(=O)C2(CN(C)C)CCN(CC2)c3ncnc4[nH]cc(C)c34)c1,CHEMBL3613606,IC50,8.68
365815,COc1cccc(NC(=O)C2(CCN(CC2)c3ncnc4[nH]c5CCCCc5c34)N(C)C)c1,CHEMBL3800273,IC50,8.7
365825,C[C@H]1CN(CCN1\C(=N\C#N)\Nc2cccc(c2)C(F)(F)F)c3ncnc4[nH]cc(C)c34,CHEMBL571947,IC50,8.72
365836,Cc1c[nH]c2ncnc(N3CCC(CC=C)(CC3)C(=O)Nc4cccc(Cl)c4)c12,CHEMBL3356424,IC50,8.72
365847,C[C@H]1CN(CCN1\C(=N\C#N)\Nc2cccc(F)c2)c3ncnc4[nH]cc(C)c34,CHEMBL584090,IC50,8.75
365858,CC(C)NS(=O)(=O)c1cccc(N\C(=N/C#N)\N2CCN(C[C@@H]2C)c3ncnc4[nH]cc(C)c34)c1,CHEMBL566746,IC50,8.77
334616,COC(=O)c1cccc(NC(=O)C2(CN(C)C)CCN(CC2)c3ncnc4[nH]c(C)c(C)c34)c1,CHEMBL3613623,IC50,8.8
365871,C[C@H]1CN(CCN1\C(=N\C#N)\Nc2cccc(Cl)c2)c3ncnc4[nH]cc(C)c34,CHEMBL570832,IC50,8.8
334593,COC(=O)c1cccc(NC(=O)C2(CN(C)C)CCN(CC2)c3ncnc4[nH]cc(C)c34)c1,CHEMBL3613600,IC50,8.82
335038,C[C@H]1CN(CCN1\C(=N\C#N)\Nc2ccc(F)c(Br)c2)c3ncnc4[nH]cc(C)c34,CHEMBL565452,IC50,8.82
334702,CN(C)C(=O)Oc1cccc(NC(=O)C2(CN)CCN(CC2)c3ncnc4[nH]c(C)c(C)c34)c1,CHEMBL3799326,IC50,8.85
334722,CN(C)CC1(CCN(CC1)c2ncnc3[nH]c(C)c(C)c23)C(=O)Nc4cccc(OC(=O)N(C)C)c4,CHEMBL3613624,IC50,8.85
365889,COC(=O)Cc1cccc(NC(=O)C2(CCN(CC2)c3ncnc4[nH]c5CCCc5c34)N(C)C)c1,CHEMBL3800261,IC50,8.85
335049,C[C@H]1CN(CCN1C(=O)Nc2cccc(OC(=O)N(C)C)c2)c3ncnc4[nH]cc(C)c34,CHEMBL570116,IC50,8.92
365901,C[C@H]1CN(CCN1C(=O)Nc2ccccc2)c3ncnc4[nH]cc(C)c34,CHEMBL3356064,IC50,8.92
365912,C[C@H]1CN(CCN1\C(=N\C#N)\Nc2cccc(Br)c2)c3ncnc4[nH]cc(Cl)c34,CHEMBL577194,IC50,8.92
365923,C[C@H]1CN(CCN1\C(=N\C#N)\Nc2cccc(c2)C#N)c3ncnc4[nH]cc(C)c34,CHEMBL569861,IC50,8.92
365934,C[C@H]1CN(CCN1\C(=N\C#N)\Nc2cccc(c2)C(C)(C)C)c3ncnc4[nH]cc(C)c34,CHEMBL570115,IC50,8.96
365945,CN(C)C(=O)Oc1cccc(NC(=O)C2(Cc3c[nH]cn3)CCN(CC2)c4ncnc5[nH]cc(C)c45)c1,CHEMBL3356431,IC50,9.0
334712,CN(C)C(=O)Oc1cccc(NC(=O)C2(N)CCN(CC2)c3ncnc4[nH]c5CCCCc5c34)c1,CHEMBL3797469,IC50,9.0
335125,Oc1ccc(Nc2ncc(s2)c3ccncc3c4ccccc4Cl)cc1,CHEMBL3623439,IC50,9.0
365959,CN(C)C(=O)Oc1cccc(NC(=O)C2(CCN(CC2)c3ncnc4[nH]c5CCCc5c34)N(C)C)c1,CHEMBL3797634,IC50,9.05
365969,CN(C)C1(CCN(CC1)c2ncnc3[nH]c4CCCCc4c23)C(=O)Nc5cccc(c5)c6ocnc6,CHEMBL3799695,IC50,9.05
335114,C[C@H]1CN(CCN1\C(=N\C#N)\Nc2cccc(Br)c2)c3ncnc4[nH]cc(C)c34,CHEMBL570126,IC50,9.05
365981,COC(=O)Cc1cccc(NC(=O)C2(CCN(CC2)c3ncnc4[nH]c5CCCCc5c34)N(C)C)c1,CHEMBL3800144,IC50,9.1
365991,C[C@H]1CN(CCN1\C(=N\C#N)\Nc2cccc(c2)C(=O)NCCO)c3ncnc4[nH]cc(C)c34,CHEMBL571057,IC50,9.1
334659,CN(C)C(=O)Oc1cccc(NC(=O)C2(CN)CCN(CC2)c3ncnc4[nH]c5CCCCc5c34)c1,CHEMBL3797874,IC50,9.16
366003,CN(C)C1(CCN(CC1)c2ncnc3[nH]c4CCCCc4c23)C(=O)Nc5cccc(c5)c6ccccc6,CHEMBL3797519,IC50,9.16
366013,CN(C)C(=O)Oc1cccc(NC(=O)C2(CCN(CC2)c3ncnc4[nH]c5CCC(F)(F)Cc5c34)N(C)C)c1,CHEMBL3797658,IC50,9.4
366023,CN(C)C1(CCN(CC1)c2ncnc3[nH]c4CCCCc4c23)C(=O)Nc5cccc(NS(=O)(=O)C)c5,CHEMBL3800330,IC50,9.4
366033,CN(C)C1(CCN(CC1)c2ncnc3[nH]c4CCCCc4c23)C(=O)Nc5cccc(OC(=O)C)c5,CHEMBL3799236,IC50,9.4
366043,CN(C)C1(CCN(CC1)c2ncnc3[nH]c4CCCCc4c23)C(=O)Nc5cccc(c5)c6cccs6,CHEMBL3800357,IC50,9.52
366053,CN(C)C1(CCN(CC1)c2ncnc3[nH]c4CCCCc4c23)C(=O)Nc5cccc(c5)c6occc6,CHEMBL3799925,IC50,9.52
334853,CN(C)C(=O)Oc1cccc(NC(=O)C2(CCN(CC2)c3ncnc4[nH]c5CCCCc5c34)N(C)C)c1,CHEMBL3798142,IC50,9.7
366064,CN(C)C1(CCN(CC1)c2ncnc3[nH]c4CCCCc4c23)C(=O)Nc5cccc(c5)n6cccc6,CHEMBL3798662,IC50,9.7
334777,CN(C)CC1(CCN(CC1)c2ncnc3[nH]c4CCCCc4c23)C(=O)Nc5cccc(OC(=O)N(C)C)c5,CHEMBL3800259,IC50,9.7
366075,COC(=O)Cc1cccc(NC(=O)C2(CCN(CC2)c3ncnc4[nH]c5CCC(F)(F)Cc5c34)N(C)C)c1,CHEMBL3799270,IC50,9.7
366085,CN(C)C1(CCN(CC1)c2ncnc3[nH]c4CCCCc4c23)C(=O)Nc5cccc(c5)c6cccnc6,CHEMBL3800458,IC50,10.0
366095,CN(C)C1(CCN(CC1)c2ncnc3[nH]c4CCCCc4c23)C(=O)Nc5cccc(c5)c6oncn6,CHEMBL3799318,IC50,10.0
