id,smiles,name,assay_type,activity_value
1463128,[H][C@]1(CCCCN1)C1(O)CN(C1)C(=O)C1=C(NC2=CC=C(I)C=C2F)C(F)=C(F)C=C1,cobimetinib,IC50,9.04575729
1463140,CN1C(=O)C(C)=C2N(C(=O)N(C3CC3)C(=O)C2=C1NC1=C(F)C=C(I)C=C1)C1=CC(NC(C)=O)=CC=C1,trametinib,IC50,8.744727
1463174,CC(=O)c1c(F)c(C(=O)NOC[C@H](O)CO)c(Nc2ccc(I)cc2F)n1C,CHEMBL1171014,IC50,7.54
1463184,CCC(=O)N(Cc1cc(C(=O)NOCCO)c(Nc2ccc(I)cc2F)c(F)c1F)OC,CHEMBL3640632,IC50,7.54
1463194,CNS(=O)(=O)Nc1cccc(CC2=C(C)c3cc(C)c(OC(=O)N(C)C)cc3OC2=O)c1,CHEMBL3092179,IC50,7.54
1463205,COc1cc2c(Nc3ccc(Cc4cccnc4)cc3)c(cnc2cc1OCCCN5CCOCC5)C#N,CHEMBL287852,IC50,7.54
1463216,COc1cccc(Oc2ccc(Nc3c(cnn4cc(NC(=O)NCCN5CCOCC5)c(C)c34)C#N)cc2)c1,CHEMBL414856,IC50,7.54
1463227,OCCONC(=O)C1=C2CCCN2C(=O)C=C1Nc3ccc(I)cc3F,CHEMBL2012907,IC50,7.54
1463238,CC(=O)Nc1cccc(Oc2cc(F)cc(Nc3ccc(I)cc3F)c2C(=O)N)c1,CHEMBL2376684,IC50,7.55
1463249,CC(O)C\N=C(/N)\c1c(O)nsc1Nc2ccc(Oc3cc(Cl)ccc3Cl)cc2,CHEMBL385905,IC50,7.55
1463259,CNC(=O)CONCc1cc(C(=O)NOCCO)c(Nc2ccc(I)cc2F)c(F)c1F,CHEMBL3640627,IC50,7.55
1463268,COCC(=O)N(Cc1cc(C(=O)NOCCO)c(Nc2ccc(I)cc2F)c(F)c1F)OC,CHEMBL3640635,IC50,7.55
1463278,COc1cc2c(Nc3ccc(Sc4nccn4C)c(C)c3)c(cnc2cc1OCCCN5CCOCC5)C#N,CHEMBL321078,IC50,7.55
1463289,NC(=O)c1c(Oc2ccc(F)c(NS(=O)(=O)N)c2F)cc(F)c(F)c1Nc3ccc(I)cc3F,CHEMBL3746103,IC50,7.55
1463300,CN(C)C(=O)Oc1ccc2C(=C(Cc3cccc(c3)[N+](=O)[O-])C(=O)Oc2c1)C,CHEMBL3402993,IC50,7.56
1463311,CC(CO)\N=C(/N)\c1c(O)nsc1Nc2ccc(Oc3cc(F)cc(F)c3Cl)c(F)c2,CHEMBL387184,IC50,7.57
1463322,CC(CO)\N=C(/N)\c1c(O)nsc1Nc2ccc(Oc3cccc(Cl)c3Cl)c(Cl)c2,CHEMBL214614,IC50,7.57
1463333,CN(C)C(=O)Oc1ccc2C(=C(Cc3cccc(c3)N4CCCS4(=O)=O)C(=O)Oc2c1)C,CHEMBL3400287,IC50,7.57
1463344,OCC1(O)CN(C1)C(=O)c2ccc(F)c(F)c2Nc3ccc(I)cc3F,CHEMBL2146890,IC50,7.57
1463355,CC(CO)\N=C(/N)\c1c(O)nsc1Nc2ccc(Oc3cc(Cl)ccc3Cl)c(F)c2,CHEMBL385446,IC50,7.59
1463366,CC(CO)\N=C(/N)\c1c(O)nsc1Nc2ccc(Oc3ccccc3)cc2,CHEMBL437331,IC50,7.59
1463377,CCN(CC)CC\C=C\c1ccc2c(Nc3ccc(Sc4nccn4C)c(Cl)c3)c(cnc2c1)C#N,CHEMBL484368,IC50,7.59
1463388,CN1C=NC2=C(C(=CC(=O)N2C)Nc3ccc(I)cc3F)C1=O,CHEMBL1684060,IC50,7.59
1463399,CNS(=O)(=O)Nc1cccc(CC2=C(C)c3ccc(Oc4nccs4)cc3OC2=O)c1F,CHEMBL3092176,IC50,7.59
1463410,COc1cc2c(Nc3ccc(Oc4ccncc4)cc3)c(cnc2cc1OCCCN5CCOCC5)C#N,CHEMBL31497,IC50,7.59
1463421,NC(=O)c1c(Nc2ccc(I)cc2F)cc(F)cc1OC[C@@H]3CCCN3,CHEMBL2376676,IC50,7.59
1463432,OCCONC(=O)c1ccc(F)c(F)c1Nc2ccc(Cl)cc2F,CHEMBL2335185,IC50,7.59
1463443,CCN(CC)CCC\C=C\c1ccc2c(Nc3ccc(Sc4nccn4C)c(Cl)c3)c(cnc2c1)C#N,CHEMBL483398,IC50,7.6
1463453,CCNC(=O)C#Cc1ccc2\C(=C(\Nc3ccc(CN(C)C)cc3)/c4ccccc4)\C(=O)Nc2c1,CHEMBL3699142,IC50,7.6
1463463,COc1cc2c(Nc3ccc(Oc4ccccc4)cc3)c(cnc2cc1OCCN5CCOCC5)C#N,CHEMBL95002,IC50,7.6
1463474,C[C@H](CO)COc1ccc(cc1)[C@H]2NC(=O)N([C@@H]([C@@H](C)c3ccccc3)C(=O)Nc4ccc(I)cc4F)C2=O,CHEMBL2396995,IC50,7.6
1463485,C[C@H]([C@H](N1C(=O)N[C@@H](C1=O)c2ccc(OC[C@H](O)CO)cc2)C(=O)Nc3ccc(I)cc3F)c4ccccc4,CHEMBL1956073,IC50,7.6
1463496,N\C(=C(\C#N)/c1cccc(c1)C(O)c2ccc3OCCOc3c2)\Sc4ccccc4N,CHEMBL34072,IC50,7.6
1463507,N\C(=C(\C#N)/c1cccc(c1)C(O)c2cccc(c2)[N+](=O)[O-])\Sc3ccccc3O,CHEMBL36307,IC50,7.6
1463518,N\C(=C(\C#N)/c1cccc(c1)C(O)c2cccnc2)\Sc3ccccc3N,CHEMBL38321,IC50,7.6
1463529,OCCONC(=O)C1=C2CCCN2C(=O)C(=C1Nc3ccc(I)cc3F)F,CHEMBL2012902,IC50,7.6
1463540,OC[C@@H](O)CONC(=O)c1oc2ccncc2c1Nc3ccc(I)cc3F,CHEMBL2087077,IC50,7.6
26231,CN[C@@H]1C[C@H]2O[C@@](C)([C@@H]1OC)n3c4ccccc4c5c6CNC(=O)c6c7c8ccccc8n2c7c35,CHEMBL388978,IC50,7.62
1463553,COc1ccccc1Oc2ccc(Nc3c(cnn4cc(NC(=O)NCCN5CCOCC5)c(C)c34)C#N)cc2,CHEMBL202356,IC50,7.62
1463564,Cc1ccccc1C(O)c2cccc(c2)\C(=C(/N)\Sc3ccccc3N)\C#N,CHEMBL290017,IC50,7.62
1463575,CCC(=O)c1csc(NC(=O)[C@H]([C@@H](C)c2ccccc2)N3C(=O)N[C@@H](C3=O)c4ccc(OCCO)cc4)n1,CHEMBL2396994,IC50,7.64
1463586,CCOC(=O)c1cn2ncc(C#N)c(Nc3ccc(Oc4ccccc4OC)cc3)c2c1C,CHEMBL377288,IC50,7.64
1463597,COC(=O)Nc1cn2ncc(C#N)c(Nc3ccc(Oc4ccccc4)cc3)c2c1C,CHEMBL201389,IC50,7.64
1463608,COc1cc2c(Nc3ccc(Cc4ccsc4)cc3)c(cnc2cc1OCCCN5CCOCC5)C#N,CHEMBL30359,IC50,7.64
1463618,OCCCOCc1cc(C(=O)NOCCO)c(Nc2ccc(I)cc2F)c(F)c1F,CHEMBL3640620,IC50,7.64
1463628,CNS(=O)(=O)Nc1cccc(Oc2cc(F)cc(Nc3ccc(I)cc3F)c2C(=O)N)c1,CHEMBL2376665,IC50,7.66
1463639,NC(=O)c1c(Oc2cccc(CS(=O)(=O)N)c2)cc(F)c(F)c1Nc3ccc(I)cc3F,CHEMBL3746031,IC50,7.66
1463650,CN(C)CC\C=C\c1ccc2c(Nc3ccc(Sc4nccn4C)c(Cl)c3)c(cnc2c1)C#N,CHEMBL485574,IC50,7.68
1463661,CN(C)S(=O)(=O)Nc1cccc(Oc2cc(F)cc(Nc3ccc(I)cc3F)c2C(=O)N)c1,CHEMBL2376663,IC50,7.68
1463672,COc1cc2c(Nc3ccc(SC4CCCCC4)cc3)c(cnc2cc1OCCCN5CCOCC5)C#N,CHEMBL282361,IC50,7.68
1463683,CS(=O)(=O)Nc1cccc(Oc2cc(F)cc(Nc3ccc(I)cc3F)c2C(=O)N)c1,CHEMBL2375372,IC50,7.68
1463694,NC(=O)c1c(Nc2ccc(I)cc2F)cc(F)cc1Oc3cccc(NS(=O)(=O)N4CCCC4)c3,CHEMBL2376664,IC50,7.68
1463705,NC(=O)c1c(Oc2cccc(CNS(=O)(=O)N)c2)cc(F)c(F)c1Nc3ccc(I)cc3F,CHEMBL3746640,IC50,7.68
1463715,OCCOCc1cc(C(=O)NOCCO)c(Nc2ccc(I)cc2F)c(F)c1F,CHEMBL464238,IC50,7.68
1463725,CC(=O)c1cc(C(=O)NOC[C@H](O)CO)c(Nc2ccc(I)cc2F)n1C,CHEMBL1170804,IC50,7.7
1463736,CC(=O)n1cc(C(=O)NOCCO)c(Nc2ccc(I)cc2F)c1C,CHEMBL1169813,IC50,7.7
1463747,CC(CO)\N=C(/N)\c1c(O)nsc1Nc2ccc(Oc3cc(Cl)cc(Cl)c3)cc2,CHEMBL214734,IC50,7.7
1463758,CC(CO)\N=C(/N)\c1c(O)nsc1Nc2ccc(Oc3cccc(F)c3F)cc2,CHEMBL214613,IC50,7.7
1463769,COc1cc2c(Nc3ccc(Cc4cccs4)cc3)c(cnc2cc1OCCCN5CCOCC5)C#N,CHEMBL288081,IC50,7.7
1463780,COc1cc2c(Nc3ccc(Cc4occc4)cc3)c(cnc2cc1OCCCN5CCOCC5)C#N,CHEMBL31143,IC50,7.7
1463791,Cn1c(Nc2ccc(I)cc2F)c(C(=O)NOC[C@H](O)CO)c3CCCC(=O)c13,CHEMBL2012892,IC50,7.7
1463802,Cn1ccnc1Sc2ccc(Nc3c(cnc4cc(\C=C\CCN5CCCC5)ccc34)C#N)cc2Cl,CHEMBL521502,IC50,7.7
1463813,OC[C@@H](O)CONC(=O)c1ccc2cnsc2c1Nc3ccc(I)cc3F,CHEMBL2087462,IC50,7.7
1463824,OC(=O)c1ccc(F)c(F)c1Nc2ccc(I)cc2F,CHEMBL2146885,IC50,7.71
1463835,CC(=O)c1c(F)c(C(=O)NOC[C@@H](O)CO)c(Nc2ccc(I)cc2F)n1C,CHEMBL1171015,IC50,7.72
1463846,CC(=O)c1cc(C(=O)NOC(CO)CO)c(Nc2ccc(I)cc2F)n1C,CHEMBL1171012,IC50,7.72
1463857,CN1CCN(CC\C=C\c2ccc3c(Nc4ccc(Sc5nccn5C)c(Cl)c4)c(cnc3c2)C#N)CC1,CHEMBL520142,IC50,7.72
293662,COc1cc(Nc2c(cnc3cc(OCCCN4CCN(C)CC4)c(OC)cc23)C#N)c(Cl)cc1Cl,bosutinib,Kd,7.72
1463869,OCCCONCc1cc(C(=O)NOCCO)c(Nc2ccc(I)cc2F)c(F)c1F,CHEMBL3640626,IC50,7.72
1463878,OCCONCc1cc(C(=O)NOCCO)c(Nc2ccc(I)cc2F)c(F)c1F,CHEMBL1684491,IC50,7.72
1463888,COc1ccc(Cn2ncc(NC(=O)c3cc(NC(=O)Nc4ccc(Cl)c(c4)C(F)(F)F)ccc3C)c2N)cc1,CHEMBL1684800,IC50,7.74
1463899,CC(=O)c1c(Cl)c(C(=O)NOCCO)c(Nc2ccc(I)cc2F)n1C,CHEMBL1169999,IC50,7.75
1463910,CC(=O)c1cc(C(=O)NOCCO)c(Nc2ccc(I)cc2F)n1C,CHEMBL1169814,IC50,7.75
1463921,CC(C)S(=O)(=O)Nc1cccc(Oc2cc(F)cc(Nc3ccc(I)cc3F)c2C(=O)N)c1,CHEMBL2376662,IC50,7.75
1463932,CN1C=C(C(=O)NOCCO)C(=C(C)C1=O)Nc2ccc(Br)cc2F,CHEMBL199860,IC50,7.75
1463943,CNC(=O)Nc1cn2ncc(C#N)c(Nc3ccc(Oc4ccccc4)cc3)c2c1C,CHEMBL383108,IC50,7.75
1463954,COc1cc2c(Nc3ccc(Cc4ccccn4)cc3)c(cnc2cc1OCCCN5CCOCC5)C#N,CHEMBL281662,IC50,7.75
1463965,Cn1c(Nc2ccc(Br)cc2F)c(C(=O)NOCCO)c3CCCC(=O)c13,CHEMBL2012896,IC50,7.75
1463976,NC(=O)c1c(Nc2ccc(I)cc2F)cc(F)cc1Oc3cccc(NS(=O)(=O)N)c3Cl,CHEMBL3747359,IC50,7.75
1463987,Cn1c(Nc2ccc(I)cc2F)c(C(=O)NOC[C@@H](O)CO)c3CCCC(=O)c13,CHEMBL2012891,IC50,7.77
1463998,N\C(=C(\C#N)/c1cccc(c1)C(O)c2cccc(c2)[N+](=O)[O-])\Sc3ccccc3N,CHEMBL417687,IC50,7.77
1464009,N\C(=C(\C#N)/c1cccc(c1)C(O)c2cccs2)\Sc3ccccc3N,CHEMBL284708,IC50,7.77
1464020,N\C(=C(\C#N)/c1cccc(c1)C(O)c2ccsc2)\Sc3ccccc3N,CHEMBL38195,IC50,7.77
1464031,CN1C(=O)C(=C(Nc2ccc(Br)cc2F)C3=C1N=CN(C[C@@H](O)CO)C3=O)F,CHEMBL1684068,IC50,7.8
1464042,C[C@@H](N)C1(O)CN(C1)C(=O)c2ccc(F)c(F)c2Nc3ccc(I)cc3F,CHEMBL2146899,IC50,7.8
1464053,NC(=O)c1c(Nc2ccc(I)cc2F)cc(F)cc1OCC[C@@H](O)Cn3ccnc3,CHEMBL2376675,IC50,7.8
1464064,CCNS(=O)(=O)Nc1cccc(Oc2cc(F)cc(Nc3ccc(I)cc3F)c2C(=O)N)c1,CHEMBL3747136,IC50,7.82
1464075,CCS(=O)(=O)Nc1cccc(Oc2c(F)c(F)cc(Nc3ccc(I)cc3F)c2C(=O)N)c1,CHEMBL3746467,IC50,7.82
1464086,CCS(=O)(=O)Nc1cccc(Oc2cc(F)cc(Nc3ccc(I)cc3F)c2C(=O)N)c1,CHEMBL2376661,IC50,7.82
1464097,CN1C=C(C(=O)NO)C(=C(F)C1=O)Nc2ccc(Br)cc2F,CHEMBL203258,IC50,7.82
1464108,Cc1c(NS(=O)(=O)N)cccc1Oc2cc(F)cc(Nc3ccc(I)cc3F)c2C(=O)N,CHEMBL3747256,IC50,7.82
1464118,OCCONC(=O)c1cc(COCC(O)CO)c(F)c(F)c1Nc2ccc(I)cc2F,CHEMBL3640621,IC50,7.82
1464129,OCCONC(=O)c1ccc2cnsc2c1Nc3ccc(I)cc3F,CHEMBL2087461,IC50,7.82
734367,OC[C@@H](O)CONC(=O)c1ccc(F)c(F)c1Nc2ccc(I)cc2F,CHEMBL507361,IC50,7.82
1464142,OC[C@@H](O)CONC(=O)c1ccc2[nH]ncc2c1Nc3ccc(I)cc3F,CHEMBL2087080,IC50,7.82
1464153,CC(=O)Nc1cccc(c1)C(=O)Nc2cn3ncc(C#N)c(Nc4ccc(Oc5ccccc5)cc4)c3c2C,CHEMBL202286,IC50,7.85
293647,CCOc1cc2ncc(C#N)c(Nc3ccc(OCc4ccccn4)c(Cl)c3)c2cc1NC(=O)\C=C\CN(C)C,CHEMBL180022,Kd,7.85
1464166,CN1C=C(C(=O)N)C(=C(F)C1=O)Nc2ccc(Br)cc2F,CHEMBL371693,IC50,7.85
1464177,COC(=O)c1ccc(cc1)C(O)c2cccc(c2)\C(=C(/N)\Sc3ccccc3N)\C#N,CHEMBL290865,IC50,7.85
1464188,COc1cc2c(Nc3ccc(Cc4ccccc4)cc3)c(cnc2cc1OCCCN5CCOCC5)C#N,CHEMBL30728,IC50,7.85
1464199,COc1cc2c(Nc3ccc(Cc4cocc4)cc3)c(cnc2cc1OCCCN5CCOCC5)C#N,CHEMBL30790,IC50,7.85
1464210,Cc1c(NS(=O)(=O)N)cccc1Oc2cc(F)c(F)c(Nc3ccc(I)cc3F)c2C(=O)N,CHEMBL3747047,IC50,7.85
1464673,Cn1c(Nc2ccc(I)cc2F)c(C(=O)NOCCO)c3CCCC(=O)c13,CHEMBL2012890,IC50,7.85
1464684,Cn1cnc2c(F)c(Nc3ccc(Br)cc3Cl)c(cc12)C(=O)NOCCO,CHEMBL1614701,IC50,7.85
1464695,NC(=O)c1c(Nc2ccc(I)cc2F)cc(F)cc1Oc3cccc(NS(=O)(=O)N)c3,CHEMBL2376666,IC50,7.85
1464706,NC(=O)c1c(Oc2ccc(F)c(NS(=O)(=O)N)c2)cc(F)c(F)c1Nc3ccc(I)cc3F,CHEMBL3746559,IC50,7.85
1464717,CC1=NN(C[C@H](O)CO)C(=O)c2c(Nc3ccc(I)cc3F)cncc12,CHEMBL3261162,IC50,7.86
1464728,CC(=O)c1c(Cl)c(C(=O)NOC[C@@H](O)CO)c(Nc2ccc(I)cc2F)n1C,CHEMBL1171013,IC50,7.89
1464739,CC(=O)c1cc(C(=O)N2CC[C@@H](O)C2)c(Nc3ccc(I)cc3F)n1C,CHEMBL1169631,IC50,7.89
1464750,NC(=O)c1c(Nc2ccc(I)cc2F)cc(F)cc1OCC[C@@H](O)Cn3cccn3,CHEMBL2376674,IC50,7.89
1464761,NC(=O)c1c(Oc2cccc(NS(=O)(=O)N)c2)cc(F)c(F)c1Nc3ccc(I)cc3F,CHEMBL3746736,IC50,7.89
1464772,N\C(=C(\C#N)/c1cccc(c1)C(O)c2cccc(c2)C#N)\Sc3ccccc3N,CHEMBL37911,IC50,7.89
1464783,OCCONC(=O)c1ccc(F)c(F)c1Nc2ccc(I)cc2F,CHEMBL244488,IC50,7.89
1464794,OCCONC(=O)c1ccc2[nH]ncc2c1Nc3ccc(I)cc3F,CHEMBL2087076,IC50,7.89
1464805,OC[C@@H](O)CNC(=O)c1nc(Cl)ncc1Nc2ccc(I)cc2F,CHEMBL3261153,IC50,7.89
1464816,OC[C@@H](O)CN1C=Nc2cncc(Nc3ccc(I)cc3F)c2C1=O,CHEMBL3261157,IC50,7.91
1464827,CCN1CCN(CC\C=C\c2ccc3c(Nc4ccc(Sc5nccn5C)c(Cl)c4)c(cnc3c2)C#N)CC1,CHEMBL489058,IC50,7.92
1464838,CCS(=O)(=O)Nc1cccc(Oc2cc(F)c(F)c(Nc3ccc(I)cc3F)c2C(=O)N)c1,CHEMBL3747066,IC50,7.92
479349,COc1cc2c(Oc3ccc(NC(=O)C4(CC4)C(=O)Nc5ccc(F)cc5)cc3F)ccnc2cc1OCCCN6CCOCC6,CHEMBL1230609,Kd,7.92
1464850,C[S+]([O-])CCONCc1cc(C(=O)NOCCO)c(Nc2ccc(I)cc2F)c(F)c1F,CHEMBL3640630,IC50,7.92
1464860,N\C(=C(\C#N)/c1cccc(c1)C(O)c2ccncc2)\Sc3ccccc3N,CHEMBL37493,IC50,7.92
1464871,OCCONC(=O)c1oc2ccncc2c1Nc3ccc(I)cc3F,CHEMBL3330649,IC50,7.92
1464882,CC(=O)c1cc(C(=O)NOC[C@@H](O)CO)c(Nc2ccc(I)cc2F)n1C,CHEMBL1170805,IC50,7.96
1464893,CC(=O)n1cc(Nc2ccc(I)cc2F)c(c1)C(=O)NOCCO,CHEMBL1170802,IC50,7.96
1464904,Cn1c(Nc2ccc(I)cc2F)c(C(=O)NOC[C@@H](O)CO)c3CCC(=O)c13,CHEMBL2012894,IC50,7.96
1464915,Cn1ccnc1Sc2ccc(Nc3c(cnc4cc(\C=C\CN5CCOCC5)ccc34)C#N)cc2Cl,CHEMBL485237,IC50,7.96
1464926,NCCS(=O)(=O)Nc1cccc(Oc2cc(F)cc(Nc3ccc(I)cc3F)c2C(=O)N)c1,CHEMBL3746569,IC50,7.96
1464936,CC(O)CN1C=NC2=C(C1=O)C(=C(Cl)C(=O)N2C)Nc3ccc(I)cc3F,CHEMBL3644826,IC50,8.0
1464945,CCNC(=O)C#Cc1ccc2\C(=C(\Nc3ccc(cc3)N4CCN(C)CC4)/c5ccccc5)\C(=O)Nc2c1,CHEMBL3699137,IC50,8.0
1464955,CCOc1cc2ncc(C#N)c(Nc3ccc(Sc4nccn4C)c(Cl)c3)c2cc1OCC,CHEMBL321045,IC50,8.0
1464966,CN(C)S(=O)(=O)Nc1cccc(Oc2cc(F)c(F)c(Nc3ccc(I)cc3F)c2C(=O)N)c1,CHEMBL3747294,IC50,8.0
1464976,CN1C(=O)C(=C(Nc2ccc(Br)cc2F)C3=C1N=CN(CCCO)C3=O)Cl,CHEMBL3644822,IC50,8.0
1464985,CN1C(=O)C(=C(Nc2ccc(Br)cc2F)C3=C1N=CN(C[C@@H](O)CO)C3=O)Cl,CHEMBL3644818,IC50,8.0
1464994,CN1C(=O)C(=C(Nc2ccc(Br)cc2F)C3=C1N=CN(C[C@H](O)CO)C3=O)F,CHEMBL3644807,IC50,8.0
1465003,CN1C(=O)C(=C(Nc2ccc(I)cc2F)C3=C1N=CN(C(CO)CO)C3=O)C,CHEMBL3644828,IC50,8.0
1465013,CN1C(=O)C(=C(Nc2ccc(I)cc2F)C3=C1N=CN(CCO)C3=O)F,CHEMBL1684072,IC50,8.0
1465022,CN1C(=O)C(=C(Nc2ccc(cc2F)C#C)C3=C1N=CN(C[C@@H](O)CO)C3=O)C,CHEMBL3644814,IC50,8.0
1465031,CN1C(=O)C(=C(Nc2ccc(cc2F)C#C)C3=C1N=CN(C[C@H](O)CO)C3=O)C,CHEMBL3644829,IC50,8.0
1465040,CN1C(=O)C(=C(Nc2ccc(cc2F)C#N)C3=C1N=CN(C[C@H](O)CO)C3=O)F,CHEMBL3644805,IC50,8.0
1465049,CN1C(=O)C=C(Nc2ccc(I)cc2F)C3=C1N=CN(C(CO)CO)C3=O,CHEMBL3644815,IC50,8.0
1465059,CN1C(=O)C=C(Nc2ccc(I)cc2F)C3=C1N=CN(CCO)C3=O,CHEMBL1684061,IC50,8.0
1465069,CN1C(=O)C=C(Nc2ccc(I)cc2F)C3=C1N=CN(C[C@H](O)CO)C3=O,CHEMBL1684064,IC50,8.0
1465078,CN1C(=O)C=C(Nc2ccc(I)cc2F)C3=C1N=CN(OCCO)C3=O,CHEMBL3644816,IC50,8.0
1465087,CN1C(=O)C=C(Nc2ccc(I)cc2F)C3=C1N=CN(OC[C@H](O)CO)C3=O,CHEMBL3644817,IC50,8.0
1465096,CN1C=NC2=C(C(=C(C)C(=O)N2C)Nc3ccc(I)cc3F)C1=O,CHEMBL3644830,IC50,8.0
325048,COC(=O)c1ccc2\C(=C(\Nc3ccc(cc3)N(C)C(=O)CN4CCN(C)CC4)/c5ccccc5)\C(=O)Nc2c1,nintedanib,Kd,8.0
1465108,COc1cc2cc3ncc(C#N)c(Nc4ccc(Oc5ccccc5)cc4)c3cc2cc1OC,CHEMBL337728,IC50,8.0
1465119,Cn1ccnc1Sc2ccc(Nc3c(cnc4cc(\C=C\CCN5CCCCC5)ccc34)C#N)cc2Cl,CHEMBL485238,IC50,8.0
1465130,CN1C=C(C(=O)NOCCO)C(=C(F)C1=O)Nc2ccc(Br)cc2F,CHEMBL372600,IC50,8.03
1465141,COc1cc2c(Nc3ccc(Sc4nccs4)c(Cl)c3)c(cnc2cc1OCCCN5CCOCC5)C#N,CHEMBL102786,IC50,8.05
1465152,COc1cc2ncc(C#N)c(Nc3ccc(Oc4ccccc4)cc3)c2cc1OC,CHEMBL31733,IC50,8.05
1465163,Cn1c(Nc2ccc(I)cc2F)c(C(=O)NOCCO)c3CCC(=O)c13,CHEMBL2012893,IC50,8.05
1465174,OCCONC(=O)c1cc(CN2OCCCC2=O)c(F)c(F)c1Nc3ccc(I)cc3F,CHEMBL1614766,IC50,8.06
1465183,CON(Cc1cc(C(=O)NOCCO)c(Nc2ccc(I)cc2F)c(F)c1F)C(=O)C,CHEMBL1684492,IC50,8.07
1465193,COc1cc2c(Nc3ccc(Sc4ccccn4)c(Cl)c3)c(cnc2cc1OCCCN5CCOCC5)C#N,CHEMBL318326,IC50,8.1
1465204,N\C(=C(\C#N)/c1cccc(c1)C(O)c2ccc(cc2)C#N)\Sc3ccccc3O,CHEMBL35598,IC50,8.1
1465215,N\C(=C(\C#N)/c1cccc(c1)C(O)c2ccc(cc2)[N+](=O)[O-])\Sc3ccccc3N,CHEMBL36664,IC50,8.1
1465226,N\C(=C(\C#N)/c1cccc(c1)C(O)c2ccc(cc2[N+](=O)[O-])[N+](=O)[O-])\Sc3ccccc3N,CHEMBL34184,IC50,8.1
1465237,OCCONC(=O)c1ccc(F)c(F)c1Nc2ccc(Br)cc2F,CHEMBL2335186,IC50,8.11
1465248,OC1(CN2CCCC2)CN(C1)C(=O)c3ccc(F)c(F)c3Nc4ccc(I)cc4F,CHEMBL2146896,IC50,8.12
1465259,CCNCC1(O)CN(C1)C(=O)c2ccc(F)c(F)c2Nc3ccc(I)cc3F,CHEMBL2146892,IC50,8.14
1465270,C[C@H](O)CONC(=O)c1oc2c(F)cncc2c1Nc3ccc(I)cc3F,CHEMBL2087078,EC50,8.14
1465280,OCCONC(=O)c1cc(CN2OCCC2=O)c(F)c(F)c1Nc3ccc(I)cc3F,CHEMBL1684493,IC50,8.14
1465290,CC(=O)c1cc(C(=O)N2CC(N)C2)c(Nc3ccc(I)cc3F)n1C,CHEMBL1172521,IC50,8.16
1465301,CN1C(=O)C(=C(Nc2ccc(I)cc2F)C3=C1N=CN(C[C@@H](O)CO)C3=O)F,CHEMBL1615025,IC50,8.16
1465313,CNS(=O)(=O)Nc1cccc(CC2=C(C)c3cc(Cl)c(OC(=O)N(C)C)cc3OC2=O)c1,CHEMBL3086065,IC50,8.16
1465324,COc1cc2c(Nc3ccc(Oc4ccccc4)cc3)c(cnc2cc1OCCCN5CCOCC5)C#N,CHEMBL414139,IC50,8.16
1465335,N\C(=C(\C#N)/c1cccc(c1)C(O)c2ccc(cc2)C#N)\Sc3ccccc3N,CHEMBL288349,IC50,8.16
1465346,CN1C=C(C(=O)NOCC2CC2)C(=C(F)C1=O)Nc3ccc(Br)cc3F,CHEMBL201629,IC50,8.17
1465357,NCC1(O)CN(C1)C(=O)c2ccc(F)c(F)c2Nc3ccc(I)cc3F,CHEMBL2146888,IC50,8.18
1465368,OCCONC(=O)c1ccc2[nH]ncc2c1Nc3ccc(Br)cc3F,CHEMBL2087079,EC50,8.19
1465378,CN(C)Cc1ccc(N\C(=C\2/C(=O)Nc3cc(ccc23)C#CC(=O)NCC(F)F)\c4ccccc4)cc1,CHEMBL3699138,IC50,8.22
1465390,COc1cc(O)c2C(=O)O[C@@H](C)C\C=C/C(=O)[C@@H](O)[C@@H](O)C\C=C\c2c1,CHEMBL1077979,IC50,8.22
1465401,COc1cc2c(Nc3ccc(Sc4nccn4C)c(Cl)c3)c(cnc2cc1\C=C\CCCN5CCN(C)CC5)C#N,CHEMBL450271,IC50,8.22
1465411,FCCNC(=O)C#Cc1ccc2\C(=C(\Nc3ccc(CN4CCCC4)cc3)/c5ccccc5)\C(=O)Nc2c1,CHEMBL3699140,IC50,8.22
1202066,NC1=NC(=O)\C(=C\2/CCNC(=O)c3[nH]c(Br)cc23)\N1,CHEMBL361708,IC50,8.22
1465423,Nc1nc(c[nH]1)C2CCNC(=O)c3[nH]c(Br)c(Br)c23,CHEMBL151430,IC50,8.22
1465434,CN1C(=O)C(=C(Nc2ccc(I)cc2F)C3=C1N=CN(C[C@@H](O)CO)C3=O)Cl,CHEMBL1681812,IC50,8.23
1465445,COc1cc2c(Nc3ccc(Sc4ccccc4)cc3)c(cnc2cc1OCCCN5CCOCC5)C#N,CHEMBL29714,IC50,8.24
1465456,OC[C@@H](O)CNC(=O)c1ncncc1Nc2ccc(I)cc2F,CHEMBL3261144,IC50,8.27
1465467,CCNc1cc(O)c2C(=O)O[C@@H](C)[C@@H](C)\C=C/C(=O)[C@@H](O)[C@H](O)C\C=C\c2c1,CHEMBL2216826,IC50,8.28
1465478,C[C@H](N)C1(O)CN(C1)C(=O)c2ccc(F)c(F)c2Nc3ccc(I)cc3F,CHEMBL2146898,IC50,8.28
1465489,CN(C)CC1(O)CN(C1)C(=O)c2ccc(F)c(F)c2Nc3ccc(I)cc3F,CHEMBL2146895,IC50,8.29
1465499,CCNC(=O)C#Cc1ccc2\C(=C(\Nc3ccc(CN4CCCC4)cc3)/c5ccccc5)\C(=O)Nc2c1,CHEMBL3699141,IC50,8.3
1465509,CN1C(=O)C(=C(Nc2ccc(I)cc2F)C3=C1N=CN(C[C@H](O)CO)C3=O)C,CHEMBL1684071,IC50,8.3
1465520,CNS(=O)(=O)Nc1cccc(CC2=C(C)c3cc(I)c(OC(=O)N(C)C)cc3OC2=O)c1,CHEMBL3092178,IC50,8.3
1465531,COc1cc2c(Nc3ccc(Sc4nccn4C)c(Cl)c3)c(cnc2cc1\C=C\CCO)C#N,CHEMBL520025,IC50,8.3
1465542,COc1cc2c(Nc3ccc(Sc4nccn4C)cc3)c(cnc2cc1OCCCN5CCOCC5)C#N,CHEMBL322857,IC50,8.3
1465553,CN1C(=O)C=C(Nc2ccc(I)cc2F)C3=C1N=CN(CCCO)C3=O,CHEMBL1684062,IC50,8.31
1465564,CC(C)(C)NCC1(O)CN(C1)C(=O)c2ccc(F)c(F)c2Nc3ccc(I)cc3F,CHEMBL2146894,IC50,8.32
1465575,CN1C(=O)C(=C(Nc2ccc(cc2F)C#C)C3=C1N=CN(C[C@@H](O)CO)C3=O)F,CHEMBL1684069,IC50,8.32
1465586,CN1C(=O)C=C(Nc2ccc(I)cc2F)C3=C1N=CN(C[C@@H](O)CO)C3=O,CHEMBL1684063,IC50,8.34
1465600,CN1C(=O)C(=C(Nc2ccc(I)cc2F)C3=C1N=CN(CCO)C3=O)C,CHEMBL1684073,IC50,8.4
1465611,COc1cc2c(Nc3ccc(Sc4nccn4C)c(Cl)c3)c(cnc2cc1OCCCN5CCCC5)C#N,CHEMBL323515,IC50,8.4
1465622,COc1cc2c(Nc3ccc(Sc4nccn4C)c(Cl)c3)c(cnc2cc1\C=C\CCN5CCN(C)CC5)C#N,CHEMBL524111,IC50,8.4
1465633,CN1C(=O)C(=C(Nc2ccc(I)cc2F)C3=C1N=CN(C[C@@H](O)CO)C3=O)C,CHEMBL1684067,IC50,8.42
1465644,COc1cc2ncc(C#N)c(Nc3ccc(Cc4ccccc4)cc3)c2cc1OC,CHEMBL31806,IC50,8.44
26212,C[C@]12O[C@H](C[C@]1(O)CO)n3c4ccccc4c5c6C(=O)NCc6c7c8ccccc8n2c7c35,CHEMBL603469,Kd,8.46
1465658,OC[C@@H](O)CNC(=O)c1ccncc1Nc2ccc(I)cc2F,CHEMBL2107832,IC50,8.47
1465669,CN1C(=O)C(=C(Nc2ccc(I)cc2F)C3=C1N=CN(C(CO)CO)C3=O)F,CHEMBL1684074,IC50,8.48
1465680,CN1C(=O)C(=C(Nc2ccc(I)cc2F)C3=C1N=CN(C[C@H](O)CO)C3=O)F,CHEMBL1684070,IC50,8.5
1465691,CN1C(=O)C(=C(Nc2ccc(I)cc2F)C3=C1N=CN(OC[C@H](O)CO)C3=O)F,CHEMBL1684075,IC50,8.51
1465702,CCN(CC)CC\C=C\c1cc2ncc(C#N)c(Nc3ccc(Sc4nccn4C)c(Cl)c3)c2cc1OC,CHEMBL485615,IC50,8.52
1465714,CCN1CCN(CCCOc2cc3ncc(C#N)c(Nc4ccc(Sc5nccn5C)c(Cl)c4)c3cc2OC)CC1,CHEMBL103045,IC50,8.52
1465724,FC(F)CNC(=O)C#Cc1ccc2\C(=C(\Nc3ccc(CN4CCCC4)cc3)/c5ccccc5)\C(=O)Nc2c1,CHEMBL3699139,IC50,8.52
1465734,CCONC(=O)c1ccc2[nH]ncc2c1Nc3ccc(I)cc3F,CHEMBL2087082,EC50,8.62
479005,COc1cc(O)c2C(=O)O[C@@H](C)C\C=C/C(=O)[C@@H](O)[C@H](O)C\C=C\c2c1,CHEMBL1668411,IC50,8.7
1465747,COc1cc2c(Nc3ccc(Sc4nc(C)c(C)n4C)c(Cl)c3)c(cnc2cc1OCCCN5CCOCC5)C#N,CHEMBL102374,IC50,8.7
1465758,COc1cc2c(Nc3ccc(Sc4nccn4C)c(Br)c3)c(cnc2cc1OCCCN5CCOCC5)C#N,CHEMBL105220,IC50,8.7
1465769,COc1cc2c(Nc3ccc(Sc4nccn4C)c(Cl)c3)c(cnc2cc1OCCCN5CCOCC5)C#N,CHEMBL318804,IC50,8.7
1465780,COc1cc2c(Nc3ccc(Sc4nccn4C)c(Cl)c3)c(cnc2cc1OCCCN5CC[S+]([O-])CC5)C#N,CHEMBL105642,IC50,8.7
1465792,Fc1ccc(C(=O)NOCC2CC2)c(Nc3ccc(I)cc3Cl)c1F,CHEMBL105442,IC50,8.7
1465803,OC[C@@H](O)CN1N=Cc2cncc(Nc3ccc(I)cc3F)c2C1=O,CHEMBL3261161,IC50,8.71
1465814,CC(C)NCC1(O)CN(C1)C(=O)c2ccc(F)c(F)c2Nc3ccc(I)cc3F,CHEMBL2146893,IC50,8.75
1465825,Fc1cc(I)ccc1Nc2c(ccc3[nH]ncc23)C(=O)NOCC4CC4,CHEMBL2087081,EC50,8.82
1465836,COc1cc2c(Nc3ccc(Sc4ncc(C)n4C)c(Cl)c3)c(cnc2cc1OCCCN5CCOCC5)C#N,CHEMBL106489,IC50,9.0
1465847,COc1ccc(C[C@H]2COC(=O)[C@@H]2Cc3ccc(O)c(OC)c3)cc1OC,CHEMBL435734,IC50,9.0
1465858,OCC(O)CONC(=O)c1ccc(F)c(F)c1Nc2ccc(I)cc2F,CHEMBL450775,IC50,9.22
1465869,FC(F)c1nc2ccccc2n1c3nc(nc(n3)N4CCN(CC4)C(=O)CCCCCNC(=O)CNCCONC(=O)c5ccc(F)c(F)c5Nc6ccc(I)cc6F)N7CCOCC7,CHEMBL3819622,IC50,9.3
1465880,FC(F)c1nc2ccccc2n1c3nc(nc(n3)N4CCN(CC4)C(=O)CCCCCNCCONC(=O)c5ccc(F)c(F)c5Nc6ccc(I)cc6F)N7CCOCC7,CHEMBL3818677,IC50,10.72
1465891,FC(F)c1nc2ccccc2n1c3nc(nc(n3)N4CCN(CCOCCOCCOCCONC(=O)c5ccc(F)c(F)c5Nc6ccc(I)cc6F)CC4)N7CCOCC7,CHEMBL3819302,IC50,10.82
