id,smiles,name,assay_type,activity_value
8601047,Cc1oc(nn1)C(C)(O)C#Cc2ccc3OCCn4cc(nc4c3c2)C(=O)N,CHEMBL3696570,Ki,7.55
8601057,Cc1onc(c1)[C@](C)(O)C#Cc2ccc3OC[C@@](C)(O)c4cc(nn4c3c2)C(=O)N,CHEMBL3700203,Ki,7.55
8601066,Cc1onc(c1)[C@](C)(O)C#Cc2ccc3OC[C@](C)(O)c4cc(nn4c3c2)C(=O)N,CHEMBL3700209,Ki,7.55
8601075,CC(C)(O)C#Cc1cc2c(cc1F)C3CC(C3)n4c2nc(C(=O)N)c4C5(O)CCC5,CHEMBL3696621,Ki,7.56
8601084,CC(C)(O)C#Cc1cc2c(cc1F)C3CC(C3)n4c(CN5CCCC5)c(nc24)C(=O)N,CHEMBL3696529,Ki,7.57
8601093,CC(C)NC(=O)c1c(nc2c3cc(ccc3C4CC(C4)n12)C#C[C@]5(O)CCN(C)C5=O)C(=O)N,CHEMBL3700281,Ki,7.57
8601102,CC(O)(C#Cc1cc2c(cc1F)C3CC(C3)n4cc(nc24)C(=O)N)c5nc[nH]n5,CHEMBL3692513,Ki,7.57
8601111,CC(=O)N1CCN(Cc2c(nc3c4cc(C#CC(C)(C)O)c(F)cc4C5CC(C5)n23)C(=O)N)CC1,CHEMBL3696532,Ki,7.59
8601120,CC(C)(O)C#Cc1ccc2C3CC(C3)n4c(nc(C(=O)N)c4C(F)(F)F)c2c1,CHEMBL3692556,Ki,7.59
8601129,CNC(=O)[C@@H]1Cn2cc(nc2c3cc(ccc3O1)C#C[C@@](C)(O)c4cc(C)on4)C(=O)N,CHEMBL3700251,Ki,7.59
8601138,CNC(=O)[C@H]1Cn2cc(nc2c3cc(ccc3O1)C#C[C@@](C)(O)c4cc(C)on4)C(=O)N,CHEMBL3700250,Ki,7.59
8601147,Cc1onc(c1)[C@](C)(O)C#Cc2ccc3OCCn4c(nc(C(=O)N)c4C(=O)NC5CCC(F)(F)CC5)c3c2,CHEMBL3700237,Ki,7.59
8601156,Cc1onc(n1)[C@](C)(O)C#Cc2cc3c(OCCn4c(CN5CCCC5)c(nc34)C(=O)N)cc2F,CHEMBL3696686,Ki,7.59
8601165,CC(C)(O)C#Cc1cc2c(OCCn3c2nc(C(=O)N)c3C(=O)NC4(C)COC4)cc1F,CHEMBL3692414,Ki,7.6
8601174,CC(O)(C#Cc1cc2c(OCCn3cc(nc23)C(=O)N)cc1F)c4ncccc4F,CHEMBL3696557,Ki,7.6
8601183,CC(O)(C#Cc1cc2c(OCCn3cc(nc23)C(=O)N)cc1F)c4ncccn4,CHEMBL3692373,Ki,7.6
8601192,CN(C)[C@@H]1COc2cc(F)c(cc2c3nc(sc13)C(=O)N)C#CC(C)(C)O,CHEMBL3696536,Ki,7.6
8601201,CN(C)[C@H]1COc2cc(F)c(cc2c3nc(sc13)C(=O)N)C#CC(C)(C)O,CHEMBL3696538,Ki,7.6
8601210,Cc1c(nc2c3cc(C#CC(C)(C)O)c(F)cc3OCCn12)C(=O)N,CHEMBL3692389,Ki,7.6
8601219,Cc1onc(n1)[C@](C)(O)C#Cc2ccc3OC[C@@](C)(O)c4sc(nc4c3c2)C(=O)N,CHEMBL3700265,Ki,7.6
8601228,CC(O)(C#Cc1cc2c(OCCn3cc(nc23)C(=O)N)cc1F)c4ccccn4,CHEMBL3692409,Ki,7.62
8601237,C[C@@H]1COc2ccc(cc2n3nc(cc13)C(=O)N)C#C[C@@](C)(O)c4ncccn4,CHEMBL3700305,Ki,7.62
8601246,C[C@H]1COc2ccc(cc2n3nc(cc13)C(=O)N)C#C[C@@](C)(O)c4ncccn4,CHEMBL3700306,Ki,7.62
8601255,Cc1onc(c1)[C@](C)(O)C#Cc2ccc3OCCn4c(C(=O)NC(C)(C)CN5CCOCC5)c(nc4c3c2)C(=O)N,CHEMBL3700242,Ki,7.62
8601264,Cc1onc(c1)[C@](C)(O)C#Cc2ccc3O[C@@H](CO)Cn4cc(nc4c3c2)C(=O)N,CHEMBL3696724,Ki,7.62
8601273,Cc1onc(n1)[C@](C)(O)C#Cc2ccc3OC[C@@](C)(F)c4sc(nc4c3c2)C(=O)N,CHEMBL3696736,Ki,7.62
8601282,Cc1onc(n1)[C@](C)(O)C#Cc2ccc3OC[C@](C)(F)c4sc(nc4c3c2)C(=O)N,CHEMBL3696735,Ki,7.62
8601291,Cn1nccc1Cc2c(nc3c4cc(ccc4C5CC(C5)n23)C#CC(C)(C)O)C(=O)N,CHEMBL3696564,Ki,7.62
8601300,CC(C)(O)C#Cc1ccc2OCC(CC(=O)N)c3sc(nc3c2c1)C(=O)N,CHEMBL3692404,Ki,7.64
8601309,CC(C)(O)C#Cc1ccc2OCCn3c(nc(C(=O)N)c3c4cc[nH]n4)c2c1,CHEMBL3692464,Ki,7.64
8601318,Cc1nn(C)cc1C(O)c2c(nc3c4cc(C#CC(C)(C)O)c(F)cc4OCCn23)C(=O)N,CHEMBL3692519,Ki,7.64
8601327,CC(C)(O)C#Cc1cc2c(cc1F)C3CC(C3)n4c2nc(C(=O)N)c4C(O)c5ccn[nH]5,CHEMBL3696609,Ki,7.66
8601336,CC(C)(O)C#Cc1ccc2C3CC(C3)n4cc(nc4c2c1)C(=O)N,CHEMBL3692529,Ki,7.66
8601345,CC(C)(O)C#Cc1ccc2OCCn3c(nc(C(=O)N)c3c4cn[nH]c4)c2c1,CHEMBL3692458,Ki,7.66
8601354,C[C@@](O)(CF)C#Cc1ccc2OCC(F)(F)c3cc(nn3c2c1)C(=O)N,CHEMBL3639990,Ki,7.66
8601363,C[C@](O)(CF)C#Cc1ccc2OCC(F)(F)c3cc(nn3c2c1)C(=O)N,CHEMBL3700198,Ki,7.66
8601372,NC(=O)c1cn2CCOc3cc(F)c(cc3c2n1)C#CC(O)(CF)CF,CHEMBL3692469,Ki,7.66
8601381,CC(C)(O)C#Cc1cc2c(cc1F)C3CC(C3)n4c(CN5CCOCC5)c(nc24)C(=O)N,CHEMBL3692504,Ki,7.68
8601390,CC(O)(CF)C#Cc1ccc2OCCn3c(CN4CCOCC4)c(nc3c2c1)C(=O)N,CHEMBL3692467,Ki,7.7
8601399,CN1CC[C@](O)(C#Cc2ccc3C4CC(C4)c5c(nc(C(=O)N)n5Cc6nn(C)c7ccccc67)c3c2)C1=O,CHEMBL3700292,Ki,7.7
8601409,COCCOc1cnc(N)nc1c2c[nH]c3ccc(cc23)C#CC(C)(C)O,CHEMBL2334589,IC50,7.7
8601419,Cc1nc2ccccc2n1Cc3c(nc4c5cc(ccc5OCCn34)C#CC(C)(C)O)C(=O)N,CHEMBL3696667,Ki,7.7
8601428,Cc1onc(n1)[C@](C)(O)C#Cc2ccc3OC[C@@H](F)c4sc(nc4c3c2)C(=O)N,CHEMBL3696733,Ki,7.7
8601437,Cc1onc(n1)[C@](C)(O)C#Cc2ccc3OC[C@H](F)c4sc(nc4c3c2)C(=O)N,CHEMBL3696734,Ki,7.7
8601446,CC(C)(O)C#Cc1cc2c(OCCn3c(C(O)c4cccc(c4)C(F)(F)F)c(nc23)C(=O)N)cc1F,CHEMBL3692498,Ki,7.72
8601455,CC(C)(O)C#Cc1cc2c(cc1F)C3CC(C3)n4c2nc(C(=O)N)c4c5onc(n5)C6CC6,CHEMBL3692541,Ki,7.72
8601464,CN(C)C1COc2cc(F)c(cc2c3nc(sc13)C(=O)N)C#CC(C)(O)c4ccccn4,CHEMBL3696571,Ki,7.72
8601473,COc1ncc(F)cc1[C@@H](O)c2c(nc3c4cc(C#CC(C)(C)O)c(F)cc4C5CC(C5)n23)C(=O)N,CHEMBL3696640,Ki,7.72
8601482,C[C@@](O)(C#Cc1ccc2OC[C@@](C)(F)c3sc(nc3c2c1)C(=O)N)c4ncccn4,CHEMBL3700223,Ki,7.72
8601491,C[C@@](O)(C#Cc1ccc2OC[C@](C)(F)c3sc(nc3c2c1)C(=O)N)c4ncccn4,CHEMBL3700211,Ki,7.72
8601500,CC(C)(O)C#Cc1cc2c(OCCn3c(CO)c(nc23)C(=O)N)cc1F,CHEMBL3692403,Ki,7.75
8601509,CC(O)(C#Cc1cc2c(OCCn3cc(nc23)C(=O)N)cc1F)c4nc[nH]n4,CHEMBL3692410,Ki,7.75
8601518,CC(O)(C#Cc1ccc2C3CC(C3)n4cc(nc4c2c1)C(=O)N)c5nc[nH]n5,CHEMBL3692560,Ki,7.75
8601527,CC(C)(C)C(=O)NCc1c(nc2c3cc(C#CC(C)(C)O)c(F)cc3C4CC(C4)n12)C(=O)N,CHEMBL3696656,Ki,7.77
8601536,CC(C)(O)C#Cc1ccc2OCCn3c(Cn4cnc5ccccc45)c(nc3c2c1)C(=O)N,CHEMBL3696696,Ki,7.77
8601545,CN1CCC(O)(C#Cc2ccc3C4CC(C4)n5c(C#CC6(O)CCN(C)C6=O)c(nc5c3c2)C(=O)N)C1=O,CHEMBL3696606,Ki,7.77
8601554,COC[C@](C)(O)C#Cc1ccc2OCC(F)(F)c3sc(nc3c2c1)C(=O)N,CHEMBL3696728,Ki,7.77
8601563,CC(O)(C#Cc1cc2c(OCCn3cc(nc23)C(=O)N)cc1F)c4cc(F)ccn4,CHEMBL3692495,Ki,7.8
8601572,CC(O)(C#Cc1cc2c(OCCn3cc(nc23)C(=O)N)cc1F)c4cc(on4)C=C,CHEMBL3696611,Ki,7.8
8601581,CN1CC[C@@](O)(C#Cc2ccc3C4CC(C4)n5c(nc(C(=O)N)c5C(=O)NC6CC6)c3c2)C1=O,CHEMBL3700280,Ki,7.8
8601590,CN1CC[C@@](O)(C#Cc2ccc3OC[C@@](C)(F)c4cc(nn4c3c2)C(=O)N)C1=O,CHEMBL3700208,Ki,7.8
8601599,CN1CC[C@@](O)(C#Cc2ccc3OC[C@](C)(F)c4cc(nn4c3c2)C(=O)N)C1=O,CHEMBL3700202,Ki,7.8
8601608,Cc1onc(c1)[C@](C)(O)C#Cc2ccc3OCCn4c(nc(C(=O)N)c4C(=O)N[C@@H]5CCOC5)c3c2,CHEMBL3700239,Ki,7.8
8601617,Cc1onc(c1)[C@](C)(O)C#Cc2ccc3OCCn4c(nc(C(=O)N)c4C(=O)N[C@H]5CCOC5)c3c2,CHEMBL3700238,Ki,7.8
8601626,CNC(=O)c1c(nc2c3cc(ccc3C4CC(C4)n12)C#C[C@]5(O)CCN(C)C5=O)C(=O)N,CHEMBL3700282,Ki,7.82
8601635,COC[C@@](C)(O)C#Cc1cc2c(cc1F)C3CC(C3)n4c([C@@H](O)c5ccnn5C)c(nc24)C(=O)N,CHEMBL3696633,Ki,7.82
8601644,COC[C@@](C)(O)C#Cc1cc2c(cc1F)C3CC(C3)n4c([C@H](O)c5ccnn5C)c(nc24)C(=O)N,CHEMBL3696615,Ki,7.82
8601653,COC[C@@](C)(O)C#Cc1ccc2OC[C@@H](F)c3sc(nc3c2c1)C(=O)N,CHEMBL3700172,Ki,7.82
8601662,COC[C@@](C)(O)C#Cc1ccc2OC[C@H](F)c3sc(nc3c2c1)C(=O)N,CHEMBL3700166,Ki,7.82
8601671,COC[C@](C)(O)C#Cc1cc2c(cc1F)C3CC(C3)n4c([C@@H](O)c5ccnn5C)c(nc24)C(=O)N,CHEMBL3696632,Ki,7.82
8601680,COC[C@](C)(O)C#Cc1cc2c(cc1F)C3CC(C3)n4c([C@H](O)c5ccnn5C)c(nc24)C(=O)N,CHEMBL3696616,Ki,7.82
8601689,COC[C@](C)(O)C#Cc1ccc2OC[C@@H](F)c3sc(nc3c2c1)C(=O)N,CHEMBL3700171,Ki,7.82
8601698,COC[C@](C)(O)C#Cc1ccc2OC[C@H](F)c3sc(nc3c2c1)C(=O)N,CHEMBL3700173,Ki,7.82
8601707,CC(C)(O)C#Cc1cc2c(OCCn3c(C(=O)NCCN4CCOCC4)c(nc23)C(=O)N)cc1F,CHEMBL3692424,Ki,7.85
8601716,CC(C)[C@@]1(O)COc2cc(F)c(cc2c3nc(sc13)C(=O)N)C#C[C@]4(O)CCN(C)C4=O,CHEMBL3700287,Ki,7.85
8601725,CC(C)[C@]1(O)COc2cc(F)c(cc2c3nc(sc13)C(=O)N)C#C[C@]4(O)CCN(C)C4=O,CHEMBL3700286,Ki,7.85
8601734,CC(O)(CO)C#Cc1cc2c(cc1F)C3CC(C3)n4cc(nc24)C(=O)N,CHEMBL3692500,Ki,7.85
8601743,CN1CC[C@@](O)(C#Cc2ccc3OC[C@@](C)(O)c4c(c(nn4c3c2)C(=O)N)C(F)(F)F)C1=O,CHEMBL3700228,Ki,7.85
8601752,CN1CC[C@@](O)(C#Cc2ccc3OC[C@](C)(O)c4c(c(nn4c3c2)C(=O)N)C(F)(F)F)C1=O,CHEMBL3700222,Ki,7.85
8601761,COCC(C)(O)C#Cc1cc2c(cc1F)C3CC(C3)n4c(C5CC5)c(nc24)C(=O)N,CHEMBL3692544,Ki,7.85
8601770,COC[C@@](C)(O)C#Cc1cc2c(cc1F)C3CC(C3)n4cc(nc24)C(=O)N,CHEMBL3692518,Ki,7.85
8601779,COC[C@](C)(O)C#Cc1cc2c(cc1F)C3CC(C3)n4cc(nc24)C(=O)N,CHEMBL3692514,Ki,7.85
8601788,C[C@@H]1COc2ccc(cc2n3nc(cc13)C(=O)N)C#C[C@@](C)(O)c4noc(C)n4,CHEMBL3700187,Ki,7.85
8601797,C[C@H]1COc2ccc(cc2n3nc(cc13)C(=O)N)C#C[C@@](C)(O)c4noc(C)n4,CHEMBL3700182,Ki,7.85
8601806,Cn1cncc1C(O)c2c(nc3c4cc(C#CC5(O)CCCC5)c(F)cc4C6CC(C6)n23)C(=O)N,CHEMBL3696583,Ki,7.85
8601815,COc1ncc(F)cc1[C@H](O)c2c(nc3c4cc(C#CC(C)(C)O)c(F)cc4C5CC(C5)n23)C(=O)N,CHEMBL3696641,Ki,7.87
8601824,CC(C)(O)C#Cc1ccc2OCCn3c(COc4ccccc4Cl)c(nc3c2c1)C(=O)N,CHEMBL3696674,Ki,7.89
8601833,Cc1onc(c1)[C@](C)(O)C#Cc2ccc3OC[C@@H](O)c4sc(nc4c3c2)C(=O)N,CHEMBL3700256,Ki,7.89
8601842,Cc1onc(c1)[C@](C)(O)C#Cc2ccc3OC[C@H](O)c4sc(nc4c3c2)C(=O)N,CHEMBL3700257,Ki,7.89
8601851,NC(=O)c1nc2c3cc(C#CC4(O)CCCC4)c(F)cc3C5CC(C5)n2c1C(O)c6ccn[nH]6,CHEMBL3696610,Ki,7.89
8601860,CC(C)(O)C#Cc1cc2c(OCCn3c(Cc4ccccc4F)c(nc23)C(=O)N)cc1F,CHEMBL3692380,Ki,7.92
8601869,CN1CC[C@@](O)(C#Cc2ccc3C4CC(C4)n5c(C6CN(C6)C(=O)C7CC7)c(nc5c3c2)C(=O)N)C1=O,CHEMBL3696607,Ki,7.92
8601878,COC[C@@](C)(O)C#Cc1ccc2OCC(F)(F)c3sc(nc3c2c1)C(=O)N,CHEMBL3696730,Ki,7.92
8601887,C[C@@H]1COc2ccc(cc2c3nc(sc13)C(=O)N)C#C[C@@](C)(O)c4ncccn4,CHEMBL3700224,Ki,7.92
8601896,Cc1c(nc2c3cc(C#C[C@@](C)(O)c4ncccn4)c(F)cc3C5CC(C5)n12)C(=O)N,CHEMBL3696619,Ki,7.92
8601905,Cc1ncsc1C(O)c2c(nc3c4cc(C#CC(C)(C)O)c(F)cc4OCCn23)C(=O)N,CHEMBL3692520,Ki,7.92
8601914,Cc1onc(c1)[C@](C)(O)C#Cc2ccc3C4CC(C4)n5c(CN6CCCC6)c(nc5c3c2)C(=O)N,CHEMBL3696710,Ki,7.92
8601923,Cc1onc(c1)[C@](C)(O)C#Cc2ccc3OC[C@@H](O)c4cc(nn4c3c2)C(=O)N,CHEMBL3700170,Ki,7.92
8601932,Cc1onc(c1)[C@](C)(O)C#Cc2ccc3OC[C@H](O)c4cc(nn4c3c2)C(=O)N,CHEMBL3700177,Ki,7.92
8601941,C[C@H]1COc2ccc(cc2c3nc(sc13)C(=O)N)C#C[C@@](C)(O)c4ncccn4,CHEMBL3700212,Ki,7.94
8601973,CC(C)(O)C#Cc1cc2c(OCCn3c(Cc4ccccc4)c(nc23)C(=O)N)cc1F,CHEMBL3692379,Ki,7.96
8601982,Cc1onc(c1)[C@@](C)(O)C#Cc2cc3c(cc2F)C4CC(C4)n5cc(nc35)C(=O)N,CHEMBL3692481,Ki,7.96
8601991,Cn1cncc1C(O)c2c(nc3c4cc(C#CC(C)(C)O)c(F)cc4C5CC(C5)n23)C(=O)N,CHEMBL3696581,Ki,7.96
8602000,NC(=O)c1cn2CC(CO)Oc3ccc(cc3c2n1)C#CC4(O)CCCC4,CHEMBL3696698,Ki,7.96
8602009,NC(=O)c1cn2C[C@@H](CO)Oc3ccc(cc3c2n1)C#CC4(O)CCCC4,CHEMBL3696697,Ki,7.96
8602018,CC(C)(O)Cn1cc(cn1)c2c(nc3c4cc(C#CC(C)(C)O)c(F)cc4OCCn23)C(=O)N,CHEMBL3692399,Ki,8.0
8602027,CC(O)(C#Cc1ccc2OCCn3cc(nc3c2c1)C(=O)N)c4ocnn4,CHEMBL3696690,Ki,8.0
8602036,CNC(=O)c1c(nc2c3cc(C#CC(C)(O)CO)c(F)cc3C4CC(C4)n12)C(=O)N,CHEMBL3692491,Ki,8.0
8602045,Cc1oc(nn1)[C@](C)(O)C#Cc2ccc3OC[C@@](C)(F)c4sc(nc4c3c2)C(=O)N,CHEMBL3700189,Ki,8.0
8602054,Cc1oc(nn1)[C@](C)(O)C#Cc2ccc3OC[C@](C)(F)c4sc(nc4c3c2)C(=O)N,CHEMBL3700195,Ki,8.0
8602063,Cc1onc(n1)C(C)(O)C#Cc2cc3c(OCCn4cc(nc34)C(=O)N)cc2F,CHEMBL3692428,Ki,8.0
8602072,Cc1onc(n1)[C@](C)(O)C#Cc2ccc3OC[C@@H](O)c4sc(nc4c3c2)C(=O)N,CHEMBL3700258,Ki,8.0
8602081,Cc1onc(n1)[C@](C)(O)C#Cc2ccc3OC[C@H](O)c4sc(nc4c3c2)C(=O)N,CHEMBL3700259,Ki,8.0
8602090,Cn1cc(cn1)c2c(nc3c4cc(ccc4OCCn23)C#CC(C)(C)O)C(=O)N,CHEMBL3692460,Ki,8.0
8602099,NC(=O)c1cn2CCOc3cc(F)c(cc3c2n1)C#CC4(O)CCC4,CHEMBL3692374,Ki,8.0
8602108,CC1COc2ccc(cc2n3nc(cc13)C(=O)N)C#CC(C)(O)c4oc(C)nn4,CHEMBL3700186,Ki,8.01
8602117,COCC(C)(O)C#Cc1ccc2C3CC(C3)n4cc(nc4c2c1)C(=O)N,CHEMBL3692527,Ki,8.01
8602126,CC(C)(O)C#Cc1cc2c(cc1F)C3CC(C3)n4c2nc(C(=O)N)c4C(F)(F)F,CHEMBL3692547,Ki,8.02
8602135,CC(C)(O)c1c(nc2c3ccc(F)cc3C4CC(C4)n12)C(=O)N,CHEMBL3696622,Ki,8.05
8602144,CN1CC[C@@](O)(C#Cc2ccc3C4CC(C4)n5c(CN6CCCC6)c(nc5c3c2)C(=O)N)C1=O,CHEMBL3696694,Ki,8.05
8602153,COCC(C)(O)C#Cc1cc2c(OCCn3c2nc(C(=O)N)c3c4nc(n[nH]4)C5CC5)cc1F,CHEMBL3692563,Ki,8.05
8602162,COc1ncc(F)cc1[C@@H](O)c2c(nc3c4cc(C#CC5(O)CCCC5)c(F)cc4C6CC(C6)n23)C(=O)N,CHEMBL3696642,Ki,8.05
8602171,COc1ncc(F)cc1[C@H](O)c2c(nc3c4cc(C#CC5(O)CCCC5)c(F)cc4C6CC(C6)n23)C(=O)N,CHEMBL3696643,Ki,8.05
8602180,Cc1onc(n1)[C@](C)(O)C#Cc2cc3c(OCCn4c3nc(C(=O)N)c4c5cc(C)n[nH]5)cc2F,CHEMBL3696590,Ki,8.06
8602189,C[C@@H]1COc2ccc(cc2c3nc(sc13)C(=O)N)C#C[C@@](C)(O)c4noc(C)n4,CHEMBL3700191,Ki,8.07
8602198,C[C@H]1COc2ccc(cc2c3nc(sc13)C(=O)N)C#C[C@@](C)(O)c4noc(C)n4,CHEMBL3700196,Ki,8.07
8602207,Cc1onc(n1)[C@@](O)(CF)C#Cc2cc3c(OCCn4cc(nc34)C(=O)N)cc2F,CHEMBL3696700,Ki,8.07
8602216,CC(C)(O)C#Cc1cc2c(cc1F)C3CC(C3)n4c(CNC(=O)C5CCC5)c(nc24)C(=O)N,CHEMBL3696651,Ki,8.08
8602225,CC(O)(C#Cc1ccc2C3CC(C3)n4cc(nc4c2c1)C(=O)N)c5ncccn5,CHEMBL3692552,Ki,8.08
8602234,C[C@@H]1COc2ccc(cc2n3nc(cc13)C(=O)N)C#C[C@](C)(O)c4cc(C)on4,CHEMBL3700192,Ki,8.09
8602243,C[C@H]1COc2ccc(cc2n3nc(cc13)C(=O)N)C#C[C@](C)(O)c4cc(C)on4,CHEMBL3700197,Ki,8.09
8602252,Cc1onc(c1)[C@](C)(O)C#Cc2ccc3O[C@@H](CF)Cn4cc(nc4c3c2)C(=O)N,CHEMBL3700252,Ki,8.09
8602261,Cc1onc(c1)[C@](C)(O)C#Cc2ccc3O[C@H](CF)Cn4cc(nc4c3c2)C(=O)N,CHEMBL3700253,Ki,8.09
8602270,CC(C)(O)C#Cc1cc2c(OCCn3c2nc(C(=O)N)c3C(=O)NCC4CCOC4)cc1F,CHEMBL3692435,Ki,8.1
8602279,CC(O)(CF)C#Cc1cc2c(OCCn3cc(nc23)C(=O)N)cc1F,CHEMBL3692429,Ki,8.1
8602288,CNC(=O)c1c(nc2c3cc(C#C[C@@](C)(O)c4cc(C)on4)c(F)cc3C5CC(C5)n12)C(=O)N,CHEMBL3692489,Ki,8.1
8602297,Cc1onc(c1)[C@](C)(O)C#Cc2ccc3OCC4(CCC4)c5cc(nn5c3c2)C(=O)N,CHEMBL3700326,Ki,8.1
8602306,CC(C)(C)OC(=O)N1CC(C1)[C@@H](O)c2c(nc3c4cc(C#CC(C)(C)O)c(F)cc4C5CC(C5)n23)C(=O)N,CHEMBL3696645,Ki,8.11
8602315,CC(C)(C)OC(=O)N1CC(C1)[C@H](O)c2c(nc3c4cc(C#CC(C)(C)O)c(F)cc4C5CC(C5)n23)C(=O)N,CHEMBL3696646,Ki,8.11
8602324,CC(C)(C)OC(=O)N1CC(C1)c2c(nc3c4cc(C#CC(C)(C)O)c(F)cc4C5CC(C5)n23)C(=O)N,CHEMBL3692543,Ki,8.11
8602333,Cn1c(nc2c3cc(C#CC(C)(C)O)c(F)cc3C4CC(C4)c12)C(=O)N,CHEMBL3696585,Ki,8.11
8602342,Cn1nccc1Cc2c(nc3c4cc(C#CC(C)(C)O)c(F)cc4OCCn23)C(=O)N,CHEMBL3696573,Ki,8.11
8602351,CN1CC[C@@](O)(C#Cc2ccc3OC[C@@H](C#N)c4sc(nc4c3c2)C(=O)N)C1=O,CHEMBL3700164,Ki,8.12
8602360,CN1CC[C@@](O)(C#Cc2ccc3OC[C@H](C#N)c4sc(nc4c3c2)C(=O)N)C1=O,CHEMBL3700165,Ki,8.12
8602369,CC(O)(C#Cc1ccc2OCCn3cc(nc3c2c1)C(=O)N)c4nncs4,CHEMBL3696701,Ki,8.13
8602378,CC(C)(O)C#Cc1cc2c(OCCn3c2nc(C(=O)N)c3C(O)c4cc(F)cc(F)c4)cc1F,CHEMBL3692512,Ki,8.14
8602387,C[C@@](O)(C#Cc1ccc2OCCn3c(nc(C(=O)N)c3c4nc(n[nH]4)C5CC5)c2c1)c6ncccn6,CHEMBL3696582,Ki,8.14
8602396,Cc1onc(n1)[C@](C)(O)C#Cc2cc3c(cc2F)C4CC(C4)n5c3nc(C(=O)N)c5C(F)(F)F,CHEMBL3692555,Ki,8.14
8602405,Cn1nccc1C(O)c2c(nc3c4cc(C#CC(C)(C)O)c(F)cc4C5CC(C5)n23)C(=O)N,CHEMBL3696527,Ki,8.14
8602414,CC(O)(C#Cc1ccc2C3CC(C3)n4cc(nc4c2c1)C(=O)N)c5ccccn5,CHEMBL3692524,Ki,8.15
8602423,CC(C)(O)C#Cc1cc2c(cc1F)C3CC(C3)n4c2nc(C(=O)N)c4C5(O)COC5,CHEMBL3696635,Ki,8.16
8602432,CC(O)(C#Cc1cc2c(OCCc3sc(nc23)C(=O)N)cc1F)c4ccccn4,CHEMBL3692447,Ki,8.16
8602441,CC(O)(C#Cc1cc2c(cc1F)C3CC(C3)n4cc(nc24)C(=O)N)c5ncccn5,CHEMBL3692553,Ki,8.16
8602450,CN1CC[C@@](O)(C#Cc2cc3c(OCCc4cc(sc34)C(=O)N)cc2F)C1=O,CHEMBL3696716,Ki,8.16
8602459,CN1CC[C@@](O)(C#Cc2cc3c(cc2F)C4CC(C4)n5c3nc(C(=O)N)c5C(C)(C)O)C1=O,CHEMBL3696625,Ki,8.16
8602468,CNC(=O)c1c(nc2c3cc(C#C[C@@](C)(O)c4noc(C)n4)c(F)cc3OCCn12)C(=O)N,CHEMBL3692451,Ki,8.16
8602477,CNC(=O)c1c(nc2c3cc(ccc3OCCn12)C#CC(C)(O)COC)C(=O)N,CHEMBL3692465,Ki,8.16
8602486,C[C@@](O)(C#Cc1ccc2OCC(F)(F)c3sc(nc3c2c1)C(=O)N)c4ncccn4,CHEMBL3700270,Ki,8.16
8602495,Cc1onc(c1)[C@](C)(O)C#Cc2cc3c(OCCn4c3nc(C(=O)N)c4C(F)(F)F)cc2F,CHEMBL3639913,Ki,8.16
8602504,Cn1c(nc2c3cc(ccc3C4CC(C4)c12)C#CC(C)(C)O)C(=O)N,CHEMBL3696711,Ki,8.16
8602513,CC(O)(C#Cc1cc2c(cc1F)C3CC(C3)n4cc(nc24)C(=O)N)c5ccccn5,CHEMBL3692511,Ki,8.17
8602522,Cc1onc(n1)[C@](C)(O)C#Cc2ccc3OCC(F)(F)c4sc(nc4c3c2)C(=O)N,CHEMBL3700264,Ki,8.17
8602531,NC(=O)c1nc2c3cc(C#CC4(O)CCNC4=O)c(F)cc3C5CC(C5)n2c1C6CC6,CHEMBL3696614,Ki,8.17
8602540,Cc1onc(c1)[C@](C)(O)C#Cc2ccc3OCCc4cc(nn4c3c2)C(=O)N,CHEMBL3700296,Ki,8.18
8602549,Cn1nccc1C(O)c2c(nc3c4cc(ccc4C5CC(C5)n23)C#CC(C)(C)O)C(=O)N,CHEMBL3696562,Ki,8.18
8602558,CC(O)(CO)C#Cc1cc2c(cc1F)C3CC(C3)n4c2nc(C(=O)N)c4c5nc(n[nH]5)C6CC6,CHEMBL3692546,Ki,8.19
8602567,CN1CC[C@@](O)(C#Cc2ccc3OC[C@H](O)c4cc(nn4c3c2)C(=O)N)C1=O,CHEMBL3700175,Ki,8.2
8602576,Cc1onc(c1)[C@](C)(O)C#Cc2ccc3OCCn4c(nc(C(=O)N)c4C(=O)NC[C@@H]5CCOC5)c3c2,CHEMBL3700241,Ki,8.2
8602585,Cc1onc(c1)[C@](C)(O)C#Cc2ccc3OCCn4c(nc(C(=O)N)c4C(=O)NC[C@H]5CCOC5)c3c2,CHEMBL3700240,Ki,8.2
8602594,CN1CC[C@@](O)(C#Cc2ccc3OC[C@@H](O)c4cc(nn4c3c2)C(=O)N)C1=O,CHEMBL3700168,Ki,8.21
8602603,Cn1nccc1C(O)c2c(nc3c4cc(ccc4C5CC(C5)n23)C#C[C@@](C)(O)c6ncccn6)C(=O)N,CHEMBL3696647,Ki,8.21
8602612,CC(=O)N1CC(C1)c2c(nc3c4cc(ccc4C5CC(C5)n23)C#CC6(O)CCCC6)C(=O)N,CHEMBL3696602,Ki,8.22
8602621,CC(C)(O)C#Cc1cc2c(OCCn3c2nc(C(=O)N)c3C(=O)NC4CCOCC4)cc1F,CHEMBL3692438,Ki,8.22
8602630,CC(C)(O)C#Cc1cc2c(OCCn3c2nc(C(=O)N)c3C(=O)NC4COC4)cc1F,CHEMBL3692413,Ki,8.22
8602639,CN1CCC(O)(C#Cc2cc3c(cc2F)C4CC(C4)n5c(Cc6ccnn6C)c(nc35)C(=O)N)C1=O,CHEMBL3696603,Ki,8.22
8602648,CN1CC[C@@](O)(C#Cc2cc3c(OCCn4c(CN5CCCC5)c(nc34)C(=O)N)cc2F)C1=O,CHEMBL3696688,Ki,8.22
8602657,CN1CC[C@@](O)(C#Cc2cc3c(OC[C@@](C)(O)c4sc(nc34)C(=O)N)cc2F)C1=O,CHEMBL3696718,Ki,8.22
8602666,CN1CC[C@@](O)(C#Cc2cc3c(OC[C@](C)(O)c4sc(nc34)C(=O)N)cc2F)C1=O,CHEMBL3696720,Ki,8.22
8602675,CN1CC[C@@](O)(C#Cc2cc3c(cc2F)C4CC(C4)n5c([C@@H](O)c6ccnn6C)c(nc35)C(=O)N)C1=O,CHEMBL3696620,Ki,8.22
8602684,CN1CC[C@@](O)(C#Cc2cc3c(cc2F)C4CC(C4)n5c([C@H](O)c6ccnn6C)c(nc35)C(=O)N)C1=O,CHEMBL3696617,Ki,8.22
8602693,CN1CC[C@](O)(C#Cc2cc3c(cc2F)C4CC(C4)n5c([C@@H](O)c6ccnn6C)c(nc35)C(=O)N)C1=O,CHEMBL3696627,Ki,8.22
8602702,CN1CC[C@](O)(C#Cc2cc3c(cc2F)C4CC(C4)n5c([C@H](O)c6ccnn6C)c(nc35)C(=O)N)C1=O,CHEMBL3696626,Ki,8.22
8602711,CN1CCCC(O)(C#Cc2ccc3OCCn4cc(nc4c3c2)C(=O)N)C1=O,CHEMBL3692509,Ki,8.23
8602720,CNC(=O)c1c(nc2c3cc(ccc3OCCn12)C#CC4(O)CCCCC4)C(=O)N,CHEMBL3696541,Ki,8.24
8602729,COC[C@@](C)(O)C#Cc1cc2c(cc1F)C3CC(C3)n4c(Cc5ccnn5C)c(nc24)C(=O)N,CHEMBL3696613,Ki,8.24
8602738,COC[C@](C)(O)C#Cc1cc2c(cc1F)C3CC(C3)n4c(Cc5ccnn5C)c(nc24)C(=O)N,CHEMBL3696612,Ki,8.24
8602747,Cc1onc(c1)[C@](C)(O)C#Cc2cc3c(cc2F)C4CC(C4)n5c3nc(C(=O)N)c5C(C)(C)O,CHEMBL3696624,Ki,8.24
8602756,CN1CC[C@@](O)(C#Cc2cc3c(cc2F)C4CC(C4)n5c(C6CC6)c(nc35)C(=O)N)C1=O,CHEMBL3696631,Ki,8.25
8602765,Cc1onc(c1)[C@](C)(O)C#Cc2ccc3O[C@H](CO)Cn4cc(nc4c3c2)C(=O)N,CHEMBL3696725,Ki,8.25
8602774,CC(C)(O)C#Cc1cc2c(OCCn3c2nc(C(=O)N)c3c4cn[nH]c4)cc1F,CHEMBL3692400,Ki,8.27
8602783,CC(C)(O)C#Cc1cc2c(cc1F)C3CC(C3)n4c2nc(C(=O)N)c4C5(O)CN(C5)C(=O)C6CC6,CHEMBL3696636,Ki,8.28
8602792,NC(=O)c1cn2CCOc3ccc(cc3c2n1)C#CC4(O)CCc5cccnc45,CHEMBL3692503,Ki,8.29
8602801,CC(C)(O)C#Cc1cc2c(OCCc3sc(nc23)C(=O)N)cc1F,CHEMBL3692444,Ki,8.3
8602810,CC(C)(O)C#Cc1cc2c(OCCn3c2nc(C(=O)N)c3C(=O)NCC4CCOCC4)cc1F,CHEMBL3692434,Ki,8.3
8602819,CC(O)(CF)C#Cc1cc2c(OCCc3sc(nc23)C(=O)N)cc1F,CHEMBL3692471,Ki,8.3
8602828,CN1CCCC(O)(C#Cc2cc3c(OCCn4cc(nc34)C(=O)N)cc2F)C1=O,CHEMBL3692493,Ki,8.3
8602837,CN1CCN(CCNC(=O)c2c(nc3c4cc(C#CC(C)(C)O)c(F)cc4OCCn23)C(=O)N)CC1,CHEMBL3692425,Ki,8.3
8602846,COC[C@@H]1COc2ccc(cc2c3nc(sc13)C(=O)N)C#C[C@]4(O)CCN(C)C4=O,CHEMBL3700199,Ki,8.3
8602855,COC[C@H]1COc2ccc(cc2c3nc(sc13)C(=O)N)C#C[C@]4(O)CCN(C)C4=O,CHEMBL3700206,Ki,8.3
8602864,CC(C)(O)C#Cc1cc2c(cc1F)C3CC(C3)n4c(CNC=O)c(nc24)C(=O)N,CHEMBL3696618,Ki,8.31
8602873,Cc1onc(c1)[C@](C)(O)C#Cc2ccc3OCCn4c(nc(C(=O)N)c4C(F)(F)F)c3c2,CHEMBL3692551,Ki,8.31
8602882,C[C@@](O)(C#Cc1cc2c(OCCn3c2nc(C(=O)N)c3c4nc(n[nH]4)C5CC5)cc1F)c6ncccn6,CHEMBL3696580,Ki,8.33
8602891,CC(C)(O)C#Cc1cc2c(cc1F)C3CC(C3)n4c(CNC(=O)C5(O)CC5)c(nc24)C(=O)N,CHEMBL3696657,Ki,8.34
8602900,CC(C)(O)Cn1cc(cn1)c2c(nc3c4cc(ccc4C5CC(C5)n23)C#CC6(O)CCCC6)C(=O)N,CHEMBL3696591,Ki,8.34
8602909,Cc1onc(n1)[C@](C)(O)C#Cc2ccc3C4CC(C4)c5sc(nc5c3c2)C(=O)N,CHEMBL3696726,Ki,8.34
8602918,Cc1onc(c1)[C@](C)(O)C#Cc2cc3c(OCCn4c(CN5CCCC5)c(nc34)C(=O)N)cc2F,CHEMBL3696687,Ki,8.35
8602927,Cn1nccc1C(O)c2c(nc3c4cc(C#CC5(O)CCCC5)c(F)cc4C6CC(C6)n23)C(=O)N,CHEMBL3696604,Ki,8.35
8602936,CNC(=O)c1c(nc2c3cc(ccc3OCCn12)C#CC(C)(O)c4ccccn4)C(=O)N,CHEMBL3692526,Ki,8.37
8602945,CC(C)NCc1c(nc2c3cc(ccc3OCCn12)C#CC(C)(C)O)C(=O)N,CHEMBL3700315,Ki,8.38
8602954,CC(C)(O)C#Cc1cc2c(OCCn3c2nc(C(=O)N)c3C(=O)NCC4COC4)cc1F,CHEMBL3692445,Ki,8.4
8602963,CC(O)(C#Cc1cc2c(OCCn3cc(nc23)C(=O)N)cc1F)c4cccnn4,CHEMBL3692485,Ki,8.4
8602972,CN1CCC(O)(C#Cc2ccc3OCCn4cc(nc4c3c2)C(=O)N)C1=O,CHEMBL3696569,Ki,8.4
8602981,CN1CCC[C@@](O)(C#Cc2ccc3OCCn4c(nc(C(=O)N)c4C(=O)NC5CCOCC5)c3c2)C1=O,CHEMBL3700271,Ki,8.4
8602990,CN1CC[C@@](O)(C#Cc2ccc3OCCn4c(COc5ccccc5Cl)c(nc4c3c2)C(=O)N)C1=O,CHEMBL3700318,Ki,8.4
8602999,CN1CC[C@@](O)(C#Cc2ccc3OC[C@@](C)(O)c4sc(nc4c3c2)C(=O)N)C1=O,CHEMBL3700275,Ki,8.4
8603008,CN1CC[C@@](O)(C#Cc2ccc3OC[C@](C)(O)c4sc(nc4c3c2)C(=O)N)C1=O,CHEMBL3700274,Ki,8.4
8603017,CNC(=O)c1c(nc2c3cc(C#CC(C)(O)COC)c(F)cc3OCCn12)C(=O)N,CHEMBL3692462,Ki,8.4
8603026,C[C@@H]1COc2ccc(cc2c3nc(sc13)C(=O)N)C#C[C@]4(O)CCCN(C)C4=O,CHEMBL3700179,Ki,8.4
8603035,C[C@H]1COc2ccc(cc2c3nc(sc13)C(=O)N)C#C[C@]4(O)CCCN(C)C4=O,CHEMBL3700184,Ki,8.4
8603044,NC(=O)c1nc2c(CCOc3ccc(cc23)C#CC4(O)CCCC4)s1,CHEMBL3692361,Ki,8.4
8603053,CC(C)(O)C#Cc1cc2c(cc1F)C3CC(C3)n4c2nc(C(=O)N)c4C5CC5,CHEMBL3692545,Ki,8.43
8603062,NC(=O)c1cn2C3CC(C3)c4ccc(cc4c2n1)C#CC5(O)CCC5,CHEMBL3696660,Ki,8.43
8603071,CC(C)(O)C#Cc1cc2c(cc1F)C3CC(C3)c4c2nc(C(=O)N)n4Cc5ccccc5Cl,CHEMBL3696682,Ki,8.44
8603080,Cc1onc(c1)[C@](C)(O)C#Cc2ccc3OC[C@@H](F)c4cc(nn4c3c2)C(=O)N,CHEMBL3700169,Ki,8.46
8603089,CN1CC[C@@](O)(C#Cc2ccc3OCC4(COC4)c5cc(nn5c3c2)C(=O)N)C1=O,CHEMBL3700324,Ki,8.48
8603098,Cc1onc(c1)[C@](C)(O)C#Cc2cc3c(cc2F)C4CC(C4)n5c(CNC(=O)C6CC6)c(nc35)C(=O)N,CHEMBL3696654,Ki,8.48
8603107,Cc1onc(c1)[C@](C)(O)C#Cc2ccc3OCCn4c(nc(C(=O)N)c4C(=O)NCC5CCOCC5)c3c2,CHEMBL3700236,Ki,8.48
8603116,Cc1onc(n1)[C@](C)(O)C#Cc2cc3c(OCCn4c3nc(C(=O)N)c4C5CC5)cc2F,CHEMBL3692533,Ki,8.48
8603125,NC(=O)c1cn2CCOc3cc(F)c(cc3c2n1)C#CC4(O)CCNC4=O,CHEMBL3692542,Ki,8.5
8603134,CC(C)(O)C#Cc1cc2c(cc1F)C3CC(C3)n4c(CNC(=O)C5CC5(F)F)c(nc24)C(=O)N,CHEMBL3696658,Ki,8.51
8603143,CC(O)(CF)C#Cc1cc2c(cc1F)C3CC(C3)n4cc(nc24)C(=O)N,CHEMBL3692502,Ki,8.51
8603152,CN(C)[C@@H]1COc2cc(F)c(cc2c3nc(sc13)C(=O)N)C#C[C@@](C)(O)c4noc(C)n4,CHEMBL3696559,Ki,8.51
8603161,CN(C)[C@H]1COc2cc(F)c(cc2c3nc(sc13)C(=O)N)C#C[C@@](C)(O)c4noc(C)n4,CHEMBL3696561,Ki,8.51
8603170,CN1CC[C@@](O)(C#Cc2ccc3OC[C@@H](F)c4c(c(nn4c3c2)C(=O)N)C(F)(F)F)C1=O,CHEMBL3700210,Ki,8.51
8603179,CN1CC[C@@](O)(C#Cc2ccc3OC[C@@](O)(c4sc(nc4c3c2)C(=O)N)C(F)(F)F)C1=O,CHEMBL3696729,Ki,8.51
8603188,CN1CC[C@@](O)(C#Cc2ccc3OC[C@H](F)c4c(c(nn4c3c2)C(=O)N)C(F)(F)F)C1=O,CHEMBL3700204,Ki,8.51
8603197,CN1CC[C@@](O)(C#Cc2ccc3OC[C@](O)(c4sc(nc4c3c2)C(=O)N)C(F)(F)F)C1=O,CHEMBL3696727,Ki,8.51
8603206,CC(C)(O)C#Cc1cc2c(OCCn3c2nc(C(=O)N)c3c4cc[nH]n4)cc1F,CHEMBL3692390,Ki,8.52
8603215,CC(C)(O)C#Cc1cc2c(cc1F)C3CC(C3)n4cc(nc24)C(=O)O,CHEMBL3692477,Ki,8.52
8603224,CC(C)(O)C#Cc1ccc2C3CC(C3)n4c(nc(C(=O)N)c4c5nnc(s5)C6CC6)c2c1,CHEMBL3696680,Ki,8.52
8603233,CC(O)(C#Cc1cc2c(OCCn3cc(nc23)C(=O)N)cc1F)c4cc(CC#N)on4,CHEMBL3696677,Ki,8.52
8603242,CC(O)(CO)C#Cc1cc2c(OCCc3sc(nc23)C(=O)N)cc1F,CHEMBL3692443,Ki,8.52
8603251,CNC(=O)c1c(nc2c3cc(C#CC(C)(C)O)c(F)cc3OCCn12)C(=O)N,CHEMBL3692396,Ki,8.52
8603260,CNC(=O)c1c(nc2c3cc(ccc3OCCn12)C#CC(C)(O)CF)C(=O)N,CHEMBL3692466,Ki,8.52
8603269,CNC(=O)c1c(nc2c3cc(ccc3OCCn12)C#CC(C)(O)CO)C(=O)N,CHEMBL3692476,Ki,8.52
8603278,CO[C@@H]1COc2ccc(cc2c3nc(sc13)C(=O)N)C#C[C@]4(O)CCN(C)C4=O,CHEMBL3700262,Ki,8.52
8603287,CO[C@H]1COc2ccc(cc2c3nc(sc13)C(=O)N)C#C[C@]4(O)CCN(C)C4=O,CHEMBL3700263,Ki,8.52
8603296,Cc1oc(nn1)[C@](C)(O)C#Cc2ccc3OCC(F)(F)c4sc(nc4c3c2)C(=O)N,CHEMBL3696723,Ki,8.52
8603305,Cc1onc(c1)C(C)(O)C#Cc2ccc3OC(CO)Cn4cc(nc4c3c2)C(=O)N,CHEMBL3696692,Ki,8.52
8603314,Cc1onc(n1)[C@](C)(O)C#Cc2cc3c(cc2F)C4CC(C4)n5cc(nc35)C(=O)N,CHEMBL3692480,Ki,8.52
8603323,Cc1onc(n1)[C@](C)(O)C#Cc2ccc3C4CC(C4)n5cc(nc5c3c2)C(=O)N,CHEMBL3692499,Ki,8.52
8603332,NC(=O)c1cn2C3CC(C3)c4ccc(cc4c2n1)C#CC5(O)CCCC5,CHEMBL3692392,Ki,8.52
8603341,NC(=O)c1nc2c(CCOc3cc(F)c(cc23)C#CC(O)(CF)CF)s1,CHEMBL3692470,Ki,8.52
8603350,CN1CCCC(O)(C#Cc2ccc3OCCc4sc(nc4c3c2)C(=O)N)C1=O,CHEMBL3692508,Ki,8.54
8603359,CN1CC[C@@](O)(C#Cc2cc3c(cc2F)C4CC(C4)n5c(C)c(nc35)C(=O)N)C1=O,CHEMBL3696629,Ki,8.54
8603368,CN1CC[C@@](O)(C#Cc2ccc3OC[C@@](O)(CC#N)c4sc(nc4c3c2)C(=O)N)C1=O,CHEMBL3700194,Ki,8.54
8603377,CN1CC[C@@](O)(C#Cc2ccc3OC[C@](O)(CC#N)c4sc(nc4c3c2)C(=O)N)C1=O,CHEMBL3700188,Ki,8.54
8603386,Cc1onc(n1)[C@](C)(O)C#Cc2ccc3C4CC(C4)n5c(C(O)c6ccnn6C)c(nc5c3c2)C(=O)N,CHEMBL3696648,Ki,8.54
8603395,CC(O)(CO)C#Cc1cc2c(OCCn3c2nc(C(=O)N)c3c4nc(n[nH]4)C5CC5)cc1F,CHEMBL3692558,Ki,8.59
8603404,CN1CC[C@@](O)(C#Cc2ccc3OCC4(OCCO4)c5sc(nc5c3c2)C(=O)N)C1=O,CHEMBL3700230,Ki,8.59
8603413,C[C@@](O)(C#Cc1cc2c(cc1F)C3CC(C3)c4[nH]c(nc24)C(=O)N)c5ncccn5,CHEMBL3696574,Ki,8.59
8603422,Cc1onc(c1)[C@](C)(O)C#Cc2ccc3OCCn4c(nc(C(=O)N)c4C(=O)NCC5COC5)c3c2,CHEMBL3700234,Ki,8.59
8603431,CC(C)N(Cc1c(nc2c3cc(C#CC(C)(C)O)c(F)cc3C4CC(C4)n12)C(=O)N)C(=O)C,CHEMBL3696662,Ki,8.6
8603440,CN1CC[C@@](O)(C#Cc2cc3c(cc2F)C4CC(C4)n5cc(nc35)C(=O)N)C1=O,CHEMBL3696600,Ki,8.6
8603449,CC(C)(O)C#Cc1ccc2OCCn3c(nc(C(=O)N)c3c4nc(n[nH]4)C5CC5)c2c1,CHEMBL3692539,Ki,8.62
8603458,CN1CC[C@@](O)(C#Cc2ccc3OC[C@@H](F)c4cc(nn4c3c2)C(=O)N)C1=O,CHEMBL3700167,Ki,8.62
8603467,C[C@@H]1COc2ccc(cc2c3nc(sc13)C(=O)N)C#C[C@@](C)(O)c4cc(C)on4,CHEMBL3700200,Ki,8.62
8603476,C[C@H]1COc2ccc(cc2c3nc(sc13)C(=O)N)C#C[C@@](C)(O)c4cc(C)on4,CHEMBL3700207,Ki,8.62
8603485,Cc1cc(on1)[C@](C)(O)C#Cc2cc3c(cc2F)C4CC(C4)n5cc(nc35)C(=O)N,CHEMBL3696589,Ki,8.62
8603494,Cn1c(nc2c3cc(ccc3C4CC(C4)c12)C#C[C@@](C)(O)c5ncccn5)C(=O)N,CHEMBL3696713,Ki,8.62
8603503,Cn1nccc1Cc2c(nc3c4cc(C#CC(C)(C)O)c(F)cc4C5CC(C5)n23)C(=O)N,CHEMBL3696551,Ki,8.62
8603512,CNC(=O)c1c(nn2c1[C@@H](C)COc3ccc(cc23)C#C[C@@](C)(O)c4cc(C)on4)C(=O)N,CHEMBL3700226,Ki,8.64
8603521,CNC(=O)c1c(nn2c1[C@@H](C)COc3ccc(cc23)C#C[C@]4(O)CCN(C)C4=O)C(=O)N,CHEMBL3700231,Ki,8.64
8603530,CNC(=O)c1c(nn2c1[C@H](C)COc3ccc(cc23)C#C[C@@](C)(O)c4cc(C)on4)C(=O)N,CHEMBL3700220,Ki,8.64
8603539,CNC(=O)c1c(nn2c1[C@H](C)COc3ccc(cc23)C#C[C@]4(O)CCN(C)C4=O)C(=O)N,CHEMBL3700233,Ki,8.64
8603548,CN1CC[C@@](O)(C#Cc2ccc3C4CC(C4)c5c(nc(C(=O)N)n5Cc6nn(C)c7ccccc67)c3c2)C1=O,CHEMBL3700291,Ki,8.66
8603557,CNC(=O)c1c(nc2c3cc(C#CC(C)(C)O)c(F)cc3C4CC(C4)n12)C(=O)N,CHEMBL3696565,Ki,8.66
8603566,CNC(=O)c1c(nc2c3cc(ccc3OCCn12)C#CC4(O)CCC4)C(=O)N,CHEMBL3696661,Ki,8.66
8603575,CNC(=O)c1c(nn2c1[C@@H](F)COc3ccc(cc23)C#C[C@@](C)(O)c4cc(C)on4)C(=O)N,CHEMBL3700214,Ki,8.66
8603584,CNC(=O)c1c(nn2c1[C@H](F)COc3ccc(cc23)C#C[C@@](C)(O)c4cc(C)on4)C(=O)N,CHEMBL3700217,Ki,8.66
8603593,Cc1onc(c1)[C@](C)(O)C#Cc2ccc3OCCn4c(nc(C(=O)N)c4C5CC5)c3c2,CHEMBL3696539,Ki,8.66
8603602,CC(C)(O)C#Cc1cc2c(cc1F)C3CC(C3)n4c(CNC(=O)C5CC5)c(nc24)C(=O)N,CHEMBL3696544,Ki,8.68
8603611,CC(C)(O)C#Cc1cc2c(cc1F)C3CC(C3)n4c(Cc5ccccc5Cl)c(nc24)C(=O)N,CHEMBL3696554,Ki,8.68
8603620,CC(O)(C#Cc1cc2c(OCCc3sc(nc23)C(=O)N)cc1F)c4ncn[nH]4,CHEMBL3692532,Ki,8.68
8603629,CN1CC[C@@](O)(C#Cc2ccc3OCCc4c(c(nn4c3c2)C(=O)N)C(F)(F)F)C1=O,CHEMBL3700183,Ki,8.68
8603638,CN1CC[C@@](O)(C#Cc2ccc3OC[C@](F)(CO)c4sc(nc4c3c2)C(=O)N)C1=O,CHEMBL3700178,Ki,8.68
8603647,CNC(=O)c1c(nc2c3cc(ccc3C4CC(C4)n12)C#C[C@@](C)(O)c5ccccn5)C(=O)N,CHEMBL3696588,Ki,8.68
8603656,CNC(=O)c1c(nc2c3cc(ccc3C4CC(C4)n12)C#C[C@@](C)(O)c5noc(C)n5)C(=O)N,CHEMBL3692561,Ki,8.68
8603665,CC(C)(O)C#Cc1cc2c(OCCn3c2nc(C(=O)N)c3c4nc(n[nH]4)C5CC5)cc1F,CHEMBL3692478,Ki,8.7
8603674,CC(O)(C#Cc1cc2c(OCCn3cc(nc23)C(=O)N)cc1F)c4cc(CO)on4,CHEMBL3692387,Ki,8.7
8603683,CC(O)(C#Cc1cc2c(OCCn3cc(nc23)C(=O)N)cc1F)c4nccs4,CHEMBL3692496,Ki,8.7
8603692,CN1CCCC(O)(C#Cc2cc3c(OCCc4sc(nc34)C(=O)N)cc2F)C1=O,CHEMBL3692492,Ki,8.7
8603701,CN1CC[C@@](O)(C#Cc2cc3c(OC[C@@H](F)c4sc(nc34)C(=O)N)cc2F)C1=O,CHEMBL3696719,Ki,8.7
8603710,CN1CC[C@@](O)(C#Cc2cc3c(OC[C@H](F)c4sc(nc34)C(=O)N)cc2F)C1=O,CHEMBL3696717,Ki,8.7
8603719,CNC(=O)c1c(nc2c3cc(C#CC(C)(O)CF)c(F)cc3OCCn12)C(=O)N,CHEMBL3692463,Ki,8.7
8603728,CNC(=O)c1c(nc2c3cc(C#CC(C)(O)CO)c(F)cc3OCCn12)C(=O)N,CHEMBL3692475,Ki,8.7
8603737,CNC(=O)c1c(nc2c3cc(ccc3OCCn12)C#C[C@@](C)(O)c4noc(C)n4)C(=O)N,CHEMBL3692452,Ki,8.7
8603746,Cc1onc(c1)[C@](C)(O)C#Cc2ccc3OCCn4c(CN5CCOCC5)c(nc4c3c2)C(=O)N,CHEMBL3692457,Ki,8.7
8603755,Cn1nccc1Cn2c(nc3c4cc(C#CC(C)(C)O)c(F)cc4C5CC(C5)c23)C(=O)N,CHEMBL3696681,Ki,8.7
8603764,CC(C)(O)C#Cc1ccc2OCCn3c(CN4CCC(C4)C#N)c(nc3c2c1)C(=O)N,CHEMBL3700319,Ki,8.72
8603773,CN1CC[C@@](O)(C#Cc2cc3c(OCCn4c(C5CC5)c(nc34)C(=O)N)cc2F)C1=O,CHEMBL3696704,Ki,8.72
8603782,CN1CC[C@@](O)(C#Cc2ccc3OC[C@H](F)c4cc(nn4c3c2)C(=O)N)C1=O,CHEMBL3700174,Ki,8.72
8603791,C[C@@](O)(C#Cc1cc2c(cc1F)C3CC(C3)n4cc(nc24)C(=O)N)c5ccccn5,CHEMBL3696540,Ki,8.72
8603800,C[C@@H]1COc2ccc(cc2n3nc(cc13)C(=O)N)C#C[C@]4(O)CCN(C)C4=O,CHEMBL3700180,Ki,8.75
8603809,Cc1onc(c1)[C@](C)(O)C#Cc2ccc3C4CC(C4)c5sc(nc5c3c2)C(=O)N,CHEMBL3700255,Ki,8.75
8603818,Cc1onc(n1)[C@](C)(O)C#Cc2ccc3C4CC(C4)c5c(nc(C(=O)N)n5C)c3c2,CHEMBL3696712,Ki,8.75
8603827,CN1CCC[C@@](O)(C#Cc2ccc3OCC(F)(F)c4sc(nc4c3c2)C(=O)N)C1=O,CHEMBL3700190,Ki,8.77
8603836,Cc1onc(c1)C(C)(O)C#Cc2cc3c(cc2F)C4CC(C4)n5c3nc(C(=O)N)c5C(F)(F)F,CHEMBL3692554,Ki,8.77
8603845,Cc1onc(c1)[C@](C)(O)C#Cc2ccc3O[C@@H](Cn4cc(nc4c3c2)C(=O)N)C(C)(C)O,CHEMBL3700249,Ki,8.77
8603854,Cc1onc(c1)[C@](C)(O)C#Cc2ccc3O[C@H](Cn4cc(nc4c3c2)C(=O)N)C(C)(C)O,CHEMBL3700248,Ki,8.77
8603863,C[C@@H]1COc2ccc(cc2n3nc(C(=O)N)c(c13)C(F)(F)F)C#C[C@]4(O)CCN(C)C4=O,CHEMBL3700221,Ki,8.8
8603872,C[C@H]1COc2ccc(cc2n3nc(C(=O)N)c(c13)C(F)(F)F)C#C[C@]4(O)CCN(C)C4=O,CHEMBL3700227,Ki,8.8
8603881,CC(O)(CF)C#Cc1ccc2C3CC(C3)n4cc(nc4c2c1)C(=O)N,CHEMBL3692525,Ki,8.82
8603890,CN1CC[C@@](O)(C#Cc2cc3c(OC[C@@](C)(F)c4sc(nc34)C(=O)N)cc2F)C1=O,CHEMBL3700279,Ki,8.82
8603899,CN1CC[C@@](O)(C#Cc2cc3c(OC[C@](C)(F)c4sc(nc34)C(=O)N)cc2F)C1=O,CHEMBL3700278,Ki,8.82
8603908,CN1CC[C@@](O)(C#Cc2ccc3OC[C@@](F)(CO)c4sc(nc4c3c2)C(=O)N)C1=O,CHEMBL3700205,Ki,8.82
8603917,Cn1nccc1C(O)c2c(nc3c4cc(C#CC(C)(C)O)c(F)cc4OCCn23)C(=O)N,CHEMBL3692534,Ki,8.82
8603926,NC(=O)c1nc2c3cc(C#C[C@]4(O)CCNC4=O)c(F)cc3C5CC(C5)n2c1C6CC6,CHEMBL3639955,Ki,8.82
8603935,CNC(=O)c1c2CCOc3ccc(cc3n2nc1C(=O)N)C#C[C@@](C)(O)c4cc(C)on4,CHEMBL3700215,Ki,8.85
8603944,CC(C)(O)C#Cc1cc2c(cc1F)C3CC(C3)n4c2nc(C(=O)N)c4c5nc(n[nH]5)C6CC6,CHEMBL3696552,Ki,8.89
8603953,CC(O)(C#Cc1cc2c(OCCn3cc(nc23)C(=O)N)cc1F)c4cc(on4)C#C,CHEMBL3696593,Ki,8.89
8603962,CN1CC[C@@](O)(C#Cc2ccc3C4CC(C4)n5c(Cc6ccccc6Cl)c(nc5c3c2)C(=O)N)C1=O,CHEMBL3696608,Ki,8.89
8603971,CN1CC[C@@](O)(C#Cc2ccc3OC[C@@](O)(CF)c4sc(nc4c3c2)C(=O)N)C1=O,CHEMBL3639388,Ki,8.89
8603980,CN1CC[C@@](O)(C#Cc2ccc3OC[C@](O)(CF)c4sc(nc4c3c2)C(=O)N)C1=O,CHEMBL3696732,Ki,8.89
8603989,CN1CC[C@@](O)(C#Cc2ccc3OC[C@]4(CC4(F)F)c5sc(nc5c3c2)C(=O)N)C1=O,CHEMBL3700229,Ki,8.89
8603998,Cc1onc(c1)[C@](C)(O)C#Cc2cc3c(cc2F)C4CC(C4)n5c(C)c(nc35)C(=O)N,CHEMBL3696577,Ki,8.89
8604007,Cc1onc(n1)[C@](C)(O)C#Cc2ccc3C4CC(C4)n5c(nc(C(=O)N)c5C(F)(F)F)c3c2,CHEMBL3692550,Ki,8.89
8604016,Cn1nccc1Cc2c(nc3c4cc(ccc4C5CC(C5)n23)C#C[C@@](C)(O)c6ncccn6)C(=O)N,CHEMBL3696669,Ki,8.89
8604025,Cc1onc(c1)[C@](C)(O)C#Cc2cc3c(OCCn4c3nc(C(=O)N)c4c5cnn(CC(C)(C)O)c5)cc2F,CHEMBL3696528,Ki,8.9
8604034,CC(C)NC(=O)c1c(nc2c3cc(ccc3OCCn12)C#C[C@]4(O)CCN(C)C4=O)C(=O)N,CHEMBL3696707,Ki,8.92
8604043,CN1CC[C@@](O)(C#Cc2cc3c(OCC(C)(O)c4sc(nc34)C(=O)N)cc2F)C1=O,CHEMBL3700219,Ki,8.92
8604052,CN1CC[C@@](O)(C#Cc2ccc3C4CC(C4)n5cc(nc5c3c2)C(=O)N)C1=O,CHEMBL3696599,Ki,8.92
8604061,CNC(=O)c1c(nc2c3cc(C#CC(C)(O)c4ccccn4)c(F)cc3OCCn12)C(=O)N,CHEMBL3692530,Ki,8.92
8604070,CNC(=O)c1c2CCOc3ccc(cc3n2nc1C(=O)N)C#C[C@]4(O)CCN(C)C4=O,CHEMBL3700193,Ki,8.92
8604079,C[C@H]1COc2ccc(cc2n3nc(cc13)C(=O)N)C#C[C@]4(O)CCN(C)C4=O,CHEMBL3700185,Ki,8.92
8604088,C[C@](O)(C#Cc1ccc2OCCn3cc(nc3c2c1)C(=O)N)c4ncns4,CHEMBL3700313,Ki,8.92
8604097,Cc1onc(c1)[C@](C)(O)C#Cc2ccc3C4CC(C4)n5c(CC6(C)COC6)c(nc5c3c2)C(=O)N,CHEMBL3696526,Ki,8.92
8604106,Cc1onc(n1)[C@](C)(O)C#Cc2ccc3C4CC(C4)n5c(Cc6ccnn6C)c(nc5c3c2)C(=O)N,CHEMBL3696563,Ki,8.92
8604115,CN(C)[C@@H]1COc2cc(F)c(cc2c3nc(sc13)C(=O)N)C#C[C@@](C)(O)c4cc(C)on4,CHEMBL3696558,Ki,8.96
8604124,CN(C)[C@H]1COc2cc(F)c(cc2c3nc(sc13)C(=O)N)C#C[C@@](C)(O)c4cc(C)on4,CHEMBL3696560,Ki,8.96
8604133,CN1CC[C@@](O)(C#Cc2ccc3C4CC(C4)n5c(COc6ccccc6Cl)c(nc5c3c2)C(=O)N)C1=O,CHEMBL3696709,Ki,8.96
8604142,Cc1onc(c1)[C@](C)(O)C#Cc2ccc3C4CC(C4)n5c([C@@H](O)c6ccnn6C)c(nc5c3c2)C(=O)N,CHEMBL3696650,Ki,8.96
8604151,Cc1onc(c1)[C@](C)(O)C#Cc2ccc3C4CC(C4)n5c([C@H](O)c6ccnn6C)c(nc5c3c2)C(=O)N,CHEMBL3696649,Ki,8.96
8604160,Cc1onc(c1)[C@](C)(O)C#Cc2ccc3C4CC(C4)n5c(nc(C(=O)N)c5C(=O)NC6CCOCC6)c3c2,CHEMBL3696523,Ki,8.96
8604169,Cc1onc(c1)[C@](C)(O)C#Cc2ccc3OCC(F)(F)c4cc(nn4c3c2)C(=O)N,CHEMBL3700295,Ki,8.96
8604178,Cc1onc(c1)[C@](C)(O)C#Cc2ccc3OCCn4c(Cn5c(C)nc6ccccc56)c(nc4c3c2)C(=O)N,CHEMBL3696702,Ki,8.96
8604187,CNC(=O)c1c(nc2c3cc(ccc3C4CC(C4)n12)C#CC5(O)CCCC5)C(=O)N,CHEMBL3696556,Ki,8.97
8604196,CC(O)(C#Cc1cc2c(OCCn3cc(nc23)C(=O)N)cc1F)c4c[nH]cn4,CHEMBL3696592,Ki,9.0
8604205,CN1CCC(O)(C#Cc2cc3c(OCCn4cc(nc34)C(=O)N)cc2F)C1=O,CHEMBL3696535,Ki,9.0
8604214,CN1CC[C@@](O)(C#Cc2cc3c(OC[C@@H](O)c4sc(nc34)C(=O)N)cc2F)C1=O,CHEMBL3700284,Ki,9.0
8604223,CN1CC[C@@](O)(C#Cc2cc3c(OC[C@H](O)c4sc(nc34)C(=O)N)cc2F)C1=O,CHEMBL3700283,Ki,9.0
8604232,CN1CC[C@@](O)(C#Cc2ccc3C4CC(C4)c5c(nc(C(=O)N)n5C)c3c2)C1=O,CHEMBL3700289,Ki,9.0
8604241,CN1CC[C@@](O)(C#Cc2ccc3OCCc4c(CO)c(nn4c3c2)C(=O)N)C1=O,CHEMBL3700330,Ki,9.0
8604250,CN1CC[C@@](O)(C#Cc2ccc3OC[C@@H](CO)c4sc(nc4c3c2)C(=O)N)C1=O,CHEMBL3700260,Ki,9.0
8604259,CN1CC[C@@](O)(C#Cc2ccc3OC[C@H](CO)c4sc(nc4c3c2)C(=O)N)C1=O,CHEMBL3700261,Ki,9.0
8604268,CN1CC[C@](O)(C#Cc2ccc3C4CC(C4)c5c(nc(C(=O)N)n5C)c3c2)C1=O,CHEMBL3700290,Ki,9.0
8604277,CNC(=O)c1c(nc2c3cc(C#C[C@@](C)(O)c4cc(C)on4)c(F)cc3OCCn12)C(=O)N,CHEMBL3692453,Ki,9.0
8604286,Cc1onc(c1)[C@@](C)(O)C#Cc2cc3c(OCCn4c3nc(C(=O)N)c4C5CC5)cc2F,CHEMBL3692419,Ki,9.0
8604295,Cc1onc(c1)[C@](C)(O)C#Cc2cc3c(OCCn4c3nc(C(=O)N)c4C(=O)NCC#N)cc2F,CHEMBL3692461,Ki,9.0
8604304,Cc1onc(c1)[C@](C)(O)C#Cc2ccc3OCCn4c(nc(C(=O)N)c4C(=O)NCc5cccnc5)c3c2,CHEMBL3700235,Ki,9.0
8604313,Cc1onc(c1)[C@](C)(O)C#Cc2ccc3OCCn4cc(nc4c3c2)C(=O)N,CHEMBL3692365,Ki,9.0
8604322,Cc1onc(n1)[C@](C)(O)C#Cc2cc3c(OCCc4sc(nc34)C(=O)N)cc2F,CHEMBL3692474,Ki,9.0
8604331,CNC(=O)c1c(nn2c1[C@@H](F)COc3ccc(cc23)C#C[C@]4(O)CCN(C)C4=O)C(=O)N,CHEMBL3700216,Ki,9.01
8604340,CNC(=O)c1c(nn2c1[C@H](F)COc3ccc(cc23)C#C[C@]4(O)CCN(C)C4=O)C(=O)N,CHEMBL3700213,Ki,9.01
8604349,NC(=O)c1nc2c3cc(ccc3OCC(F)(F)c2s1)C#C[C@]4(O)CCNC4=O,CHEMBL3700273,Ki,9.01
8604358,NC(=O)c1cc2n(n1)c3cc(ccc3OCC2(F)F)C#C[C@]4(O)CCNC4=O,CHEMBL3700232,Ki,9.02
8604367,CC1COc2ccc(cc2c3nc(sc13)C(=O)N)C#C[C@@](C)(O)c4ccccn4,CHEMBL3700300,Ki,9.03
8604376,CN1CC[C@@](O)(C#Cc2ccc3C4CC(C4)c5sc(nc5c3c2)C(=O)N)C1=O,CHEMBL3700254,Ki,9.03
8604385,CN1CC[C@@](O)(C#Cc2ccc3OCCc4cc(nn4c3c2)C(=O)N)C1=O,CHEMBL3700297,Ki,9.03
8604394,CN1CC[C@@](O)(C#Cc2ccc3OC[C@@](F)(CF)c4sc(nc4c3c2)C(=O)N)C1=O,CHEMBL3700304,Ki,9.03
8604403,CN1CC[C@@](O)(C#Cc2ccc3OC[C@](F)(CF)c4sc(nc4c3c2)C(=O)N)C1=O,CHEMBL3700303,Ki,9.03
8604412,CN1CC[C@](O)(C#Cc2ccc3OCCc4cc(nn4c3c2)C(=O)N)C1=O,CHEMBL3639991,Ki,9.03
8604421,C[C@@H]1COc2ccc(cc2c3nc(sc13)C(=O)N)C#C[C@]4(O)CCNC4=O,CHEMBL3700225,Ki,9.05
8604430,C[C@H]1COc2ccc(cc2c3nc(sc13)C(=O)N)C#C[C@]4(O)CCNC4=O,CHEMBL3700218,Ki,9.05
8604439,NC(=O)c1cn2CCOc3cc(F)c(cc3c2n1)C#CC4(O)CCc5cccnc45,CHEMBL3692537,Ki,9.05
8604448,CN1CC[C@@](O)(C#Cc2ccc3C4CC(C4)n5c(Cn6c(C)nc7ccccc67)c(nc5c3c2)C(=O)N)C1=O,CHEMBL3696689,Ki,9.06
8604457,CN1CC[C@@](O)(C#Cc2ccc3OCC4(CC4)c5cc(nn5c3c2)C(=O)N)C1=O,CHEMBL3696731,Ki,9.08
8604466,CNC(=O)c1c(nc2c3cc(C#C[C@@](C)(O)c4ccccn4)c(F)cc3OCCn12)C(=O)N,CHEMBL3696548,Ki,9.08
8604475,CN1CC[C@@](O)(C#Cc2ccc3OCCc4c(Cl)c(nn4c3c2)C(=O)N)C1=O,CHEMBL3700302,Ki,9.09
8604484,CN1CC[C@@](O)(C#Cc2cc3c(OCC(F)c4sc(nc34)C(=O)N)cc2F)C1=O,CHEMBL3700201,Ki,9.1
8604493,CC(C)(O)C#Cc1cc2c(cc1F)C3CC(C3)n4c2nc(C(=O)N)c4c5nc(n[nH]5)c6cccnc6,CHEMBL3692557,Ki,9.11
8604502,CN1CC[C@@](O)(C#Cc2ccc3C4CC(C4)n5c(C(F)F)c(nc5c3c2)C(=O)N)C1=O,CHEMBL3700288,Ki,9.11
8604511,CN1CC[C@@](O)(C#Cc2ccc3OCCn4c(nc(C(=O)N)c4C(=O)NC5CCOCC5)c3c2)C1=O,CHEMBL3696708,Ki,9.14
8604520,CN1CC[C@@](O)(C#Cc2ccc3OCCn4c(nc(C(=O)N)c4C(F)(F)F)c3c2)C1=O,CHEMBL3696706,Ki,9.14
8604529,CN1CC[C@@](O)(C#Cc2ccc3OCCn4c(Cn5c(C)nc6ccccc56)c(nc4c3c2)C(=O)N)C1=O,CHEMBL3696703,Ki,9.15
8604538,Cc1onc(c1)[C@](C)(O)C#Cc2cc3c(cc2F)C4CC(C4)n5c3nc(C(=O)N)c5c6cnn(CC(C)(C)O)c6,CHEMBL3696543,Ki,9.15
8604547,CNC(=O)c1c(nc2c3cc(C#CC4(O)CCC4)c(F)cc3OCCn12)C(=O)N,CHEMBL3696653,Ki,9.16
8604556,C[C@@H]1COc2ccc(cc2c3nc(sc13)C(=O)N)C#C[C@]4(O)CCN(C)C4=O,CHEMBL3696721,Ki,9.16
8604565,C[C@H]1COc2ccc(cc2c3nc(sc13)C(=O)N)C#C[C@]4(O)CCN(C)C4=O,CHEMBL3696722,Ki,9.16
8604574,Cc1onc(n1)[C@](C)(O)C#Cc2cc3c(cc2F)C4CC(C4)n5c(C)c(nc35)C(=O)N,CHEMBL3696575,Ki,9.16
8604583,CC(C)(O)C#Cc1cc2c(cc1F)C3CC(C3)c4[nH]c(nc24)C(=O)N,CHEMBL3696524,Ki,9.17
8604592,CN1CC[C@@](O)(C#Cc2ccc3OC[C@@H](O)c4sc(nc4c3c2)C(=O)N)C1=O,CHEMBL3700277,Ki,9.22
8604601,CN1CC[C@@](O)(C#Cc2ccc3OC[C@H](O)c4sc(nc4c3c2)C(=O)N)C1=O,CHEMBL3700276,Ki,9.22
8604610,CNC(=O)c1c(nc2c3cc(ccc3C4CC(C4)n12)C#C[C@@](C)(O)c5cc(C)on5)C(=O)N,CHEMBL3692559,Ki,9.22
8604619,Cc1onc(c1)[C@](C)(O)C#Cc2cc3c(OCCc4sc(nc34)C(=O)N)cc2F,CHEMBL3692394,Ki,9.22
8604628,Cc1onc(c1)[C@](C)(O)C#Cc2ccc3C4CC(C4)n5c(nc(C(=O)N)c5c6cnn(CC(C)(C)O)c6)c3c2,CHEMBL3696568,Ki,9.23
8604637,CC(C)(O)C#Cc1ccc2OCCn3c(CNC4COC4)c(nc3c2c1)C(=O)N,CHEMBL3700314,Ki,9.27
8604646,CN1CCC(O)(C#Cc2cc3c(OCCc4sc(nc34)C(=O)N)cc2F)C1=O,CHEMBL3696533,Ki,9.28
8604655,NC(=O)c1cn2C3CC(C3)c4cc(F)c(cc4c2n1)C#CC5(O)CCC5,CHEMBL3696655,Ki,9.28
8604664,CC(C)(O)C#Cc1cc2c(cc1F)C3CC(C3)n4c2nc(C(=O)N)c4C(C)(C)O,CHEMBL3696553,Ki,9.3
8604673,CN1CC[C@@](O)(C#Cc2cc3c(cc2F)C4CC(C4)c5c3nc(C(=O)N)n5C)C1=O,CHEMBL3696671,Ki,9.3
8604682,CN1CC[C@@](O)(C#Cc2ccc3OCC4(CCC4)c5cc(nn5c3c2)C(=O)N)C1=O,CHEMBL3700327,Ki,9.3
8604691,CN1CC[C@](O)(C#Cc2cc3c(cc2F)C4CC(C4)c5c3nc(C(=O)N)n5C)C1=O,CHEMBL3696672,Ki,9.3
8604700,CNC(=O)c1c(nc2c3cc(ccc3OCCn12)C#C[C@]4(O)CCN(C)C4=O)C(=O)N,CHEMBL3696705,Ki,9.3
8604709,Cc1onc(c1)[C@](C)(O)C#Cc2ccc3C4CC(C4)n5c(nc(C(=O)N)c5C(F)(F)F)c3c2,CHEMBL3692549,Ki,9.3
8604718,Cc1onc(n1)[C@](C)(O)C#Cc2cc3c(cc2F)C4CC(C4)c5c3nc(C(=O)N)n5C,CHEMBL3696584,Ki,9.3
8604727,CC(C)(O)C#Cc1cc2c(OCCn3c2nc(C(=O)N)c3C(=O)NCC#N)cc1F,CHEMBL3692439,Ki,9.4
8604736,CC(C)(O)C#Cc1cc2c(OCCn3c2nc(C(=O)N)c3c4nc(n[nH]4)c5cccnc5)cc1F,CHEMBL3692522,Ki,9.4
8604745,CN1CC[C@@](O)(C#Cc2ccc3OCC(F)(F)c4c(Cl)c(nn4c3c2)C(=O)N)C1=O,CHEMBL3700329,Ki,9.4
8604754,CNC(=O)c1c(nc2c3cc(C#CC4(O)CCC4)c(F)cc3C5CC(C5)n12)C(=O)N,CHEMBL3696659,Ki,9.4
8604763,CN1CC[C@@](O)(C#Cc2ccc3OCC(F)(F)c4cc(nn4c3c2)C(=O)N)C1=O,CHEMBL3700298,Ki,9.48
8604772,CN1CC[C@](O)(C#Cc2ccc3OCC(F)(F)c4cc(nn4c3c2)C(=O)N)C1=O,CHEMBL3700299,Ki,9.48
8604781,Cc1onc(c1)[C@](C)(O)C#Cc2cc3c(cc2F)C4CC(C4)n5c3nc(C(=O)N)c5C6CC6,CHEMBL3696525,Ki,9.51
8604790,CC(C)(O)C#Cc1cc2c(cc1F)C3CC(C3)c4c2nc(C(=O)N)n4C(F)F,CHEMBL3696699,Ki,9.52
8604799,CN1CC[C@@](O)(C#Cc2ccc3OCCc4c(C(F)F)c(nn4c3c2)C(=O)N)C1=O,CHEMBL3700328,Ki,9.52
8604808,CNC(=O)c1c(nc2c3cc(ccc3OCCn12)C#C[C@@](C)(O)c4cc(C)on4)C(=O)N,CHEMBL3692450,Ki,9.52
8604817,Cc1onc(c1)[C@](C)(O)C#Cc2cc3c(OCCn4cc(nc34)C(=O)N)cc2F,CHEMBL3692363,Ki,9.52
8604826,Cc1onc(c1)[C@](C)(O)C#Cc2ccc3C4CC(C4)n5cc(nc5c3c2)C(=O)N,CHEMBL3692501,Ki,9.52
8604835,Cc1oc(nc1)[C@@](C)(O)C#Cc2ccc3C4CC(C4)n5cc(nc5c3c2)C(=O)N,CHEMBL3700285,Ki,9.54
8604844,CN1CC[C@@](O)(C#Cc2cc3c(OCCn4cc(nc34)C(=O)N)cc2F)C1=O,CHEMBL3696566,Ki,9.62
8604853,CN1CC[C@@](O)(C#Cc2cc3c(OCC(F)(F)c4sc(nc34)C(=O)N)cc2F)C1=O,CHEMBL3700272,Ki,9.7
8604862,CNC(=O)c1c(nc2c3cc(ccc3C4CC(C4)n12)C#CC5(O)CCC5)C(=O)N,CHEMBL3696652,Ki,9.7
8604871,Cc1onc(c1)[C@](C)(O)C#Cc2cc3c(cc2F)C4CC(C4)c5[nH]c(nc35)C(=O)N,CHEMBL3696572,Ki,9.7
8604880,Cc1onc(c1)[C@](C)(O)C#Cc2ccc3C4CC(C4)n5c(Cc6ccnn6C)c(nc5c3c2)C(=O)N,CHEMBL3696670,Ki,9.7
8604889,Cc1onc(c1)[C@](C)(O)C#Cc2ccc3OCCc4sc(nc4c3c2)C(=O)N,CHEMBL3692364,Ki,9.7
8604898,NC(=O)c1nc2c(CCOc3cc(F)c(cc23)C#CC4(O)CCCC4)s1,CHEMBL3692395,Ki,9.7
8604907,Cn1c(nc2c3cc(C#C[C@@](C)(O)c4ncccn4)c(F)cc3C5CC(C5)c12)C(=O)N,CHEMBL3696586,Ki,9.8
8604916,CNC(=O)c1c(nc2c3cc(C#CC4(O)CCCC4)c(F)cc3C5CC(C5)n12)C(=O)N,CHEMBL3696576,Ki,9.92
8604925,CNC(=O)c1c(nc2c3cc(ccc3C4CC(C4)n12)C#CC(C)(C)O)C(=O)N,CHEMBL3696555,Ki,9.92
8604934,CN1CC[C@@](O)(C#Cc2ccc3OCCc4sc(nc4c3c2)C(=O)N)C1=O,CHEMBL3696579,Ki,10.26
8604943,CN1CCC(O)(C#Cc2ccc3OCCc4sc(nc4c3c2)C(=O)N)C1=O,CHEMBL3696534,Ki,10.4
