id,smiles,name,assay_type,activity_value
1131593,Fc1ccc(Nc2c(cnc3c(Cl)cc(NCc4cn(CCN5CCCCCC5)nn4)cc23)C#N)cc1Cl,CHEMBL496594,IC50,7.55
1131605,CCCc1[nH]cnc1CNc2cc(Cl)c3ncc(C#N)c(Nc4ccc(F)c(Cl)c4)c3c2,CHEMBL230654,IC50,7.6
1131616,CC(=O)c1cc(NCc2c[nH]cn2)cc3c(Nc4ccc(F)c(Cl)c4)c(cnc13)C#N,CHEMBL397949,IC50,7.64
1131627,Fc1ccc(Nc2c(cnc3c(Br)cc(NCc4cn(CCC5CCCN5)nn4)cc23)C#N)cc1Cl,CHEMBL497883,IC50,7.64
1131638,CN1CCCC1CCn2cc(CNc3cc(Cl)c4ncc(C#N)c(Nc5ccc(F)c(Cl)c5)c4c3)nn2,CHEMBL524069,IC50,7.66
1131649,Fc1ccc(Nc2c(cnc3c(Cl)cc(NCc4cn(CCN5CCCCC5)nn4)cc23)C#N)cc1Cl,CHEMBL497228,IC50,7.66
1131660,CN(C)CCCn1cc(CNc2cc(Br)c3ncc(C#N)c(Nc4ccc(F)c(Cl)c4)c3c2)nn1,CHEMBL425834,IC50,7.7
1131671,C[S+]([O-])c1cc(NCc2c[nH]cn2)cc3c(Nc4ccc(F)c(Cl)c4)c(cnc13)C#N,CHEMBL242206,IC50,7.7
1131682,Fc1ccc(Nc2c(cnc3c(Br)cc(NCc4cn(Cc5cccnc5)nn4)cc23)C#N)cc1Cl,CHEMBL524638,IC50,7.7
1131694,Fc1ccc(Nc2c(cnc3c(Cl)cc(NCc4cnc[nH]4)cc23)C#N)cc1Cl,CHEMBL436817,IC50,7.7
1131705,Fc1ccc(Nc2c(cnc3c(F)cc(NCc4c[nH]cn4)cc23)C#N)cc1Cl,CHEMBL245212,IC50,7.7
1131716,Fc1ccc(Nc2c(cnc3ccc(NCc4c[nH]cn4)cc23)C#N)cc1Cl,CHEMBL220037,IC50,7.7
1131727,NCCCn1cc(CNc2cc(Cl)c3ncc(C#N)c(Nc4ccc(F)c(Cl)c4)c3c2)nn1,CHEMBL483484,IC50,7.7
1131738,Nc1ncc(c2cccc(c2)c3ccccc3)c4cc(sc14)C(=O)O,CHEMBL476442,IC50,7.7
1131749,CCN1CCC(CCn2cc(CNc3cc(Cl)c4ncc(C#N)c(Nc5ccc(F)c(Cl)c5)c4c3)nn2)CC1,CHEMBL499853,IC50,7.75
1131761,Fc1ccc(Nc2c(cnc3c(Br)cc(NCc4c[nH]nn4)cc23)C#N)cc1Cl,CHEMBL230232,IC50,7.75
1131772,[O-][n+]1ccccc1CNc2cc(Cl)c3ncc(C#N)c(Nc4ccc(F)c(Cl)c4)c3c2,CHEMBL395573,IC50,7.75
1131783,NCCn1cc(CNc2cc(Cl)c3ncc(C#N)c(Nc4ccc(F)c(Cl)c4)c3c2)nn1,CHEMBL482864,IC50,7.77
1131794,CC(C)c1[nH]cnc1CNc2cc(Cl)c3ncc(C#N)c(Nc4ccc(F)c(Cl)c4)c3c2,CHEMBL230554,IC50,7.8
1131805,CCc1[nH]cnc1CNc2cc(Cl)c3ncc(C#N)c(Nc4ccc(F)c(Cl)c4)c3c2,CHEMBL397986,IC50,7.8
1131816,C[C@@H](Nc1cc2c(Nc3ccc(F)c(Cl)c3)c(cnc2cn1)C#N)c4ccccc4,CHEMBL199230,IC50,7.8
1131827,Fc1ccc(Nc2c(cnc3c(Cl)cc(NCc4cccnc4)cc23)C#N)cc1Cl,CHEMBL242852,IC50,7.8
1131838,Cc1c(CNc2ccc3ncc(C#N)c(Nc4ccc(F)c(Cl)c4)c3c2)ncn1CCN5CCOCC5,CHEMBL219628,IC50,7.85
1131849,CN(C)CCn1cc(CNc2cc(Cl)c3ncc(C#N)c(Nc4ccc(F)c(Cl)c4)c3c2)nn1,CHEMBL483685,IC50,7.89
1131860,Fc1ccc(Nc2c(cnc3c(Br)cc(NCc4c[nH]cn4)cc23)C#N)cc1Cl,CHEMBL241988,IC50,8.0
1131871,Fc1ccc(Nc2c(cnc3c(Cl)cc(NCc4cn(Cc5cccnc5)nn4)cc23)C#N)cc1Cl,CHEMBL498222,IC50,8.0
1131882,Fc1ccc(Nc2c(cnc3c(Cl)cc(NCc4cn(nn4)C5CCN(CC5)C6CCC6)cc23)C#N)cc1Cl,CHEMBL501709,IC50,8.0
1131893,NC(=O)c1ccc(cc1)c2ccc(Oc3cncc4sc(cc34)c5nn[nH]n5)cc2,CHEMBL491228,IC50,8.0
1131904,OC(=O)Cn1cc(CNc2cc(Cl)c3ncc(C#N)c(Nc4ccc(F)c(Cl)c4)c3c2)nn1,CHEMBL495584,IC50,8.02
1131915,CC(C)N1CCC(CC1)n2cc(CNc3cc(Cl)c4ncc(C#N)c(Nc5ccc(F)c(Cl)c5)c4c3)nn2,CHEMBL523059,IC50,8.04
1131926,CCCN1CCC(CC1)n2cc(CNc3cc(Cl)c4ncc(C#N)c(Nc5ccc(F)c(Cl)c5)c4c3)nn2,CHEMBL495617,IC50,8.09
1131937,Fc1ccc(Nc2c(cnc3c(Cl)cc(NCc4cn(CCN5CCOCC5)nn4)cc23)C#N)cc1Cl,CHEMBL496595,IC50,8.1
1131948,Fc1ccc(Nc2c(cnc3c(Cl)cc(NCc4cn(nn4)c5cccnc5)cc23)C#N)cc1Cl,CHEMBL498072,IC50,8.12
1131959,OC(=O)Cn1cc(CNc2cc(Br)c3ncc(C#N)c(Nc4ccc(F)c(Cl)c4)c3c2)nn1,CHEMBL495867,IC50,8.16
1131970,Fc1ccc(Nc2c(cnc3c(Cl)cc(NCc4cn(nn4)C5CCNCC5)cc23)C#N)cc1Cl,CHEMBL498028,IC50,8.28
1131981,Fc1ccc(Nc2c(cnc3c(Cl)cc(NCc4cn(Cc5ccncc5)nn4)cc23)C#N)cc1Cl,CHEMBL498070,IC50,8.4
1131992,Cc1[nH]cnc1CNc2ccc3ncc(C#N)c(Nc4ccc(F)c(Cl)c4)c3c2,CHEMBL221221,IC50,8.52
1132003,Cc1c(CNc2ccc3ncc(C#N)c(Nc4ccc(F)c(Cl)c4)c3c2)ncn1C,CHEMBL219682,IC50,8.52
1132014,Fc1ccc(Nc2c(cnc3c(Cl)cc(NCc4cn(nn4)c5ccncc5)cc23)C#N)cc1Cl,CHEMBL482863,IC50,8.52
1132025,CN1CCC(CC1)n2cc(CNc3cc(Cl)c4ncc(C#N)c(Nc5ccc(F)c(Cl)c5)c4c3)nn2,CHEMBL498029,IC50,8.66
1132036,Fc1ccc(Nc2c(cnc3c(Cl)cc(NCc4cn(Cc5ccccn5)nn4)cc23)C#N)cc1Cl,CHEMBL498071,IC50,8.7
1132047,Fc1ccc(Nc2c(cnc3c(Cl)cc(NCc4nn[nH]n4)cc23)C#N)cc1Cl,CHEMBL230117,IC50,8.7
1132058,CCN1CCC(CC1)n2cc(CNc3cc(Cl)c4ncc(C#N)c(Nc5ccc(F)c(Cl)c5)c4c3)nn2,CHEMBL527026,IC50,8.8
