id,smiles,name,assay_type,activity_value
1393665,CCSCc1ccc2c(c1)c3c4CNC(=O)c4c5c6ccccc6n7[C@H]8C[C@](O)(C(=O)OC)[C@](C)(O8)n2c3c57,CHEMBL288229,IC50,7.55
1393676,CCOCc1ccc2c(c1)c3c4CNC(=O)c4c5c6cc(COCC)ccc6n7[C@H]8C[C@](O)(C(=O)OC)[C@](C)(O8)n2c3c57,CHEMBL277817,IC50,7.7
1393686,COCc1ccc2c(c1)c3c4CNC(=O)c4c5c6cc(COC)ccc6n7[C@H]8C[C@](O)(C(=O)OC)[C@](C)(O8)n2c3c57,CHEMBL288817,IC50,7.8
26212,C[C@]12O[C@H](C[C@]1(O)CO)n3c4ccccc4c5c6C(=O)NCc6c7c8ccccc8n2c7c35,CHEMBL603469,Kd,7.82
478842,COc1cc(Nc2ncc(F)c(Nc3ccc4OC(C)(C)C(=O)Nc4n3)n2)cc(OC)c1OC,CHEMBL475251,Kd,8.42
1393701,CCSCc1ccc2c(c1)c3c4CNC(=O)c4c5c6cc(CSCC)ccc6n7[C@H]8C[C@](O)(C(=O)OC)[C@](C)(O8)n2c3c57,CHEMBL290352,IC50,8.7
