id,smiles,name,assay_type,activity_value
1597232,CC(C)(C)c1nc(cc(n1)c2cnc(N)c(OC(F)F)c2)N3C[C@@H]4C[C@H]3CO4,CHEMBL3733309,Ki,7.53
1597243,COCCN1C[C@@H]2[C@H](C1)[C@H]2c3cc(nc(n3)N4CCC4)c5cnc(N)c(OC(F)F)c5,CHEMBL3728114,Ki,7.53
1597253,Cc1c[nH]c2ncc(cc12)c3cc(C4CCOC4)n(CC5CC5)n3,CHEMBL3717079,Ki,7.54
1597263,CC(C)n1nc(cc1C2CCN(CC(F)(F)F)CC2)c3cnc4[nH]cc(C#N)c4c3,CHEMBL3714930,Ki,7.55
1597273,CC(Oc1cc(cnc1N)c2cc(nc(n2)C3CC3)N4CCC4)c5nccs5,CHEMBL3732528,Ki,7.55
1597283,CC1(O)CCN(C1)c2cc(nc(n2)C3CC3)c4cnc(N)c(OC(F)F)c4,CHEMBL3732343,Ki,7.55
1597293,CCc1nc(cc(n1)c2cnc(N)c(OC(F)F)c2)[C@H]3[C@@H]4CC(C[C@H]34)N5CCOCC5,CHEMBL3727513,Ki,7.55
1597303,Nc1ncc(cc1OC(F)F)c2cc(nc(n2)C34CCC(CC3)CC4)N5C[C@@H]6C[C@H]5CO6,CHEMBL3733122,Ki,7.55
1597313,Nc1ncc(cc1OC(F)F)c2cc(nc(n2)N3CCC4(CC3)COC4)N5C[C@@H]6C[C@H]5CO6,CHEMBL3727772,Ki,7.55
1597323,Nc1ncc(cn1)c2cc(nc(n2)N3CC4CC3C4)N5CC6CC6C5,CHEMBL3733221,Ki,7.55
1597333,CC(C1CC1)c2nc(cc(n2)c3cnc(N)c(OC(F)F)c3)N4C[C@@H]5C[C@H]4CO5,CHEMBL3729883,Ki,7.56
1597343,CC1(F)CCN(C1)c2nc(cc(n2)c3cnc(N)c(OC(F)(F)F)c3)N4C[C@@H]5C[C@H]4CO5,CHEMBL3728594,Ki,7.56
1597353,Nc1ncc(cc1SC(F)(F)F)c2cc(nc(n2)C3CC3)N4C[C@@H]5C[C@H]4CO5.OC=O,CHEMBL3730744,Ki,7.56
1597363,CC(C)(C)n1nc(cc1[C@H]2[C@@H]3CN(C[C@H]23)C4COC4)c5cnc(N)c(c5)C(F)(F)F,CHEMBL3717314,Ki,7.57
1597373,CC(C)n1nc(cc1C2CN(C2)C3COC3)c4cnc(N)c(c4)C(F)(F)F,CHEMBL3715274,Ki,7.57
1597383,COCCN1C[C@@H]2[C@H](C1)[C@H]2c3cc(nn3CC4CC4)c5cnc(N)c(Cl)c5,CHEMBL3718090,Ki,7.57
1597393,COCCN1C[C@@H]2[C@H](C1)[C@H]2c3cc(nn3CC4CCC4)c5cnc(N)c(c5)C(F)(F)F,CHEMBL3717868,Ki,7.57
1597403,Nc1ncc(cc1OC(F)F)c2cc(cc(n2)C3CC3)C4CCN(C4)C5COC5,CHEMBL3732135,Ki,7.57
1597413,CC(C)n1nc(cc1C2CN(C2)C(=O)C)c3cnc4[nH]cc(C)c4c3,CHEMBL3718197,Ki,7.59
1597423,Cc1c[nH]c2ncc(cc12)c3cc([C@@H]4CCOC4)n(CC5CC5)n3,CHEMBL3717099,Ki,7.59
1597433,Cc1c[nH]c2ncc(cc12)c3cc([C@H]4CCOC4)n(CC5CC5)n3,CHEMBL3715643,Ki,7.59
1597443,Nc1ncc(cc1C#N)c2cc(nc(n2)N3CC4CC3C4)N5C[C@@H]6C[C@H]5CO6,CHEMBL3733147,Ki,7.59
1597454,Nc1ncc(cc1OC(F)F)c2cc(nc(n2)C3CC3F)N4C[C@@H]5C[C@H]4CO5,CHEMBL3728490,Ki,7.59
1597464,Nc1ncc(cn1)c2cc(nc(n2)N3CCC4(CC4)C3)N5C[C@@H]6C[C@H]5CO6,CHEMBL3727776,Ki,7.59
1597474,CC(=O)N1CCC(CC1)c2cc(Nc3cc(ccn3)C#N)nc(c2)N4CCC(F)(F)C4,CHEMBL3393328,Ki,7.6
1597485,CC(C)n1nc(cc1[C@H]2[C@@H]3CN(C[C@H]23)C4COC4)c5cnc6[nH]cc(C#N)c6c5,CHEMBL3715335,Ki,7.6
1597495,CCc1c[nH]c2ncc(cc12)c3cc(C4CCOC4)n(n3)C5CC(F)(F)C5,CHEMBL3715928,Ki,7.6
1597505,N#Cc1ccnc(Nc2cc(C3CCN(C3)C4COC4)n(n2)C5CCCC5)c1,CHEMBL3629019,Ki,7.6
1597516,Nc1ncc(cc1Cl)c2cc([C@H]3[C@@H]4CN(C[C@H]34)C5COC5)n(CC6CC6)n2,CHEMBL3718328,Ki,7.6
1597526,Nc1ncc(cc1OC(F)F)c2cc(nc(n2)C3CC3)N4CC5CC(C4)N5C6COC6,CHEMBL3733157,Ki,7.6
1597536,COCCN1C[C@@H]2C[C@H]1CN2c3cc(nc(n3)C4CC4)c5cnc(N)c(OC(F)(F)F)c5,CHEMBL3732927,Ki,7.61
1597546,Nc1ncc(cc1OC(F)F)c2cc(nc(n2)C34CCC(CC3)C4)N5C[C@@H]6C[C@H]5CO6,CHEMBL3728489,Ki,7.61
1597556,CC(Oc1cc(cnc1N)c2cc(nc(n2)C3CC3)N4C[C@@H]5C[C@H]4CO5)c6ccnn6C,CHEMBL3731616,Ki,7.62
1597566,CC1(F)CCN(C1)c2nc(cc(n2)c3cnc(N)c(OC(F)F)c3)N4CC(C4)N5CCOCC5,CHEMBL3731025,Ki,7.62
1597576,CCc1nc(cc(n1)c2cnc(N)c(OC(F)F)c2)[C@H]3[C@@H]4CN(CCOC)C[C@H]34,CHEMBL3730670,Ki,7.62
1597586,Cc1nc(Nc2cc(ccn2)C(F)(F)F)cc(n1)C3CCCN(C3)C(=O)c4ccccc4,CHEMBL3393312,Ki,7.62
1597597,Nc1ncc(cc1Cl)c2cc([C@H]3[C@@H]4CN(C[C@H]34)C5COC5)n(n2)C6CCCC6,CHEMBL3717180,Ki,7.62
1597607,Nc1ncc(cc1Cl)c2cc(nc(n2)N3CC4CC3C4)N5C[C@@H]6C[C@H]5CO6,CHEMBL3729826,Ki,7.62
1597617,Nc1ncc(cc1OC(F)F)c2cc(nc(n2)N3CC(F)(F)C3)N4C[C@@H]5C[C@H]4CO5,CHEMBL3732917,Ki,7.62
1597627,CC1CN(CC1(F)F)c2nc(cc(n2)c3cnc(N)nc3)N4C[C@@H]5C[C@H]4CO5,CHEMBL3728061,Ki,7.63
1597637,CCc1nc(cc(n1)c2cnc(N)c(OC(F)F)c2)N3CC(C)(C3)OC,CHEMBL3732147,Ki,7.63
1597647,C[C@H]1CN(C[C@H]1F)c2nc(cc(n2)c3cnc(N)nc3)N4C[C@@H]5C[C@H]4CO5,CHEMBL3729093,Ki,7.63
1597657,Nc1ncc(cc1OC(F)F)c2cc(nc(n2)N3CCCC3)N4C[C@H]5C[C@@H]4CO5,CHEMBL3727400,Ki,7.64
1597667,CC1(F)CCN(C1)c2nc(cc(n2)c3cnc(N)nc3)N4C[C@@H]5C[C@H]4CO5,CHEMBL3729456,Ki,7.65
1597677,CCc1nc(cc(n1)c2cnc(N)c(OC(F)F)c2)[C@H]3[C@@H]4CN(C[C@H]34)C5CCOC5,CHEMBL3731631,Ki,7.65
1597687,CC(C)n1nc(cc1C2CCN(C2)C3COC3)c4cnc5[nH]cc(Cl)c5c4,CHEMBL3715836,Ki,7.66
1597697,CC(C)n1nc(cc1[C@H]2[C@@H]3CN(C[C@H]23)C4COC4)c5cnc(N)c(c5)C#N,CHEMBL3715323,Ki,7.66
1597707,CC(C)n1nc(cc1[C@H]2[C@@H]3CN(C[C@H]23)C4COC4)c5cnc(N)c(c5)C6CC6,CHEMBL3715738,Ki,7.66
1597717,COC1CCN(C1)c2nc(cc(n2)c3cnc(N)c(OC(F)F)c3)N4CC5CC4CO5,CHEMBL3728848,Ki,7.66
479349,COc1cc2c(Oc3ccc(NC(=O)C4(CC4)C(=O)Nc5ccc(F)cc5)cc3F)ccnc2cc1OCCCN6CCOCC6,CHEMBL1230609,Kd,7.66
1597729,Nc1ncc(cc1Cl)c2cc([C@H]3[C@@H]4CN(C[C@H]34)C5COC5)n(CC(F)(F)F)n2,CHEMBL3716363,Ki,7.66
1597739,Nc1ncc(cc1OC(F)F)c2cc(nc(n2)N3CC[C@H](F)C3)[C@H]4CC[C@H](C4)N5CCOCC5,CHEMBL3727519,Ki,7.66
1597749,Nc1ncc(cc1C2CC2)c3cc([C@H]4[C@@H]5CN(C[C@H]45)C6COC6)n(CC7CC7)n3,CHEMBL3717907,Ki,7.68
1597759,Nc1ncc(cc1OC(F)F)c2cc(nc(n2)N3CCC(F)(F)CC3)N4C[C@@H]5C[C@H]4CO5,CHEMBL3733035,Ki,7.68
1597769,Nc1ncc(cc1OC(F)F)c2cc(cc(n2)N3CCC3)[C@H]4[C@@H]5CN(C[C@H]45)C6COC6,CHEMBL3729285,Ki,7.69
1597779,CC(=O)N1CC2C(C1)C2c3cc(nc(n3)N4CC5CC4C5)c6cnc(N)nc6,CHEMBL3731339,Ki,7.7
1597790,CC1CC1c2nc(cc(n2)c3cnc(N)c(OC(F)F)c3)N4C[C@@H]5C[C@H]4CO5,CHEMBL3732231,Ki,7.7
1597800,COc1cc(cnc1N)c2cc([C@H]3[C@@H]4CN(C[C@H]34)C5COC5)n(n2)C6CCC6,CHEMBL3719330,Ki,7.7
1597810,Nc1ncc(cc1C(F)(F)F)c2cc(nc(n2)N3CC4CC3C4)[C@@H]5[C@@H]6CN(C[C@H]56)C7COC7,CHEMBL3729569,Ki,7.7
1597820,Nc1ncc(cc1OC(F)(F)F)c2cc(nc(n2)C3CC3)N4C[C@@H]5C[C@H]4CO5,CHEMBL3731159,Ki,7.7
1597830,Nc1ncc(cc1OC(F)(F)F)c2cc(nc(n2)N3CC4CC3C4)[C@@H]5[C@@H]6CN(C[C@H]56)C7COC7,CHEMBL3733015,Ki,7.7
1597840,Nc1ncc(cc1OC(F)F)c2cc(cc(n2)C3CC3)C4CN(C4)C5COC5,CHEMBL3732769,Ki,7.7
1597850,Nc1ncc(cc1OC(F)F)c2cc(nc(n2)C3CC3)[C@@H]4[C@@H]5CN(C[C@H]45)C6COC6,CHEMBL3727638,Ki,7.7
1597860,Nc1ncc(cc1OC(F)F)c2cc(nc(n2)C3CCOC3)N4C[C@@H]5C[C@H]4CO5,CHEMBL3730851,Ki,7.7
1597870,Nc1ncc(cc1OC(F)F)c2cc(nc(n2)N3CC(F)C3)N4C[C@@H]5C[C@H]4CO5,CHEMBL3732234,Ki,7.7
1597880,Nc1ncc(cn1)c2cc(nc(n2)N3CC4CC3C4)N5C[C@@H]6C[C@H]5CO6,CHEMBL3729945,Ki,7.7
1597890,Nc1ncc(cc1OC(F)F)c2cc(nc(n2)C3(CC3)C(F)(F)F)N4C[C@@H]5C[C@H]4CO5,CHEMBL3728872,Ki,7.71
1597900,CC(C)n1nc(cc1C2CCN(CC2)C(=O)C)c3cnc4[nH]cc(C)c4c3,CHEMBL3717119,Ki,7.72
1597910,COCCN1C[C@@H]2[C@H](C1)[C@H]2c3cc(nc(n3)C4CC4)c5cnc(N)c(Oc6ccccn6)c5,CHEMBL3729227,Ki,7.72
1597920,FC(F)(F)c1c[nH]c2ncc(cc12)c3cc(C4CN(C4)C5COC5)n(n3)C6CCOC6,CHEMBL3715141,Ki,7.72
1597930,Nc1ncc(cc1OC(F)F)c2cc(nc(n2)N3CCC3)N4CCC5(CCOC5)C4,CHEMBL3729505,Ki,7.72
1597940,Nc1ncc(cc1OC(F)F)c2cc(nc(n2)N3CC[C@H](F)C3)N4CC(C4)N5CCOCC5,CHEMBL3729553,Ki,7.73
1597950,COCC1(F)CCN(C1)c2cc(nc(n2)N3CCC(F)(COC)C3)c4cnc(N)c(OC(F)F)c4,CHEMBL3733255,Ki,7.74
1597960,COCCN1C[C@@H]2C[C@H]1CN2c3cc(nc(n3)C4CC4)c5cnc(N)c(c5)C(F)(F)F,CHEMBL3729524,Ki,7.74
1597970,Nc1ncc(cc1OC(F)F)c2cc(nc(n2)N3CCC(F)CC3)N4C[C@@H]5C[C@H]4CO5,CHEMBL3729721,Ki,7.74
1597980,CCc1cc(cc(Nc2cc(ccn2)C#N)n1)C3CCN(CC3)C4COC4,CHEMBL3393339,Ki,7.75
1597991,Cc1nc(Nc2cc(ccn2)C3CC3)cc(n1)C4CCCN(C4)C(=O)c5ccccc5,CHEMBL3393315,Ki,7.75
1598002,Cc1nccn1c2cc(nc(n2)N3CC4CC3C4)c5cnc(N)c(OC(F)F)c5,CHEMBL3728313,Ki,7.75
1598012,Nc1ncc(cc1C(F)(F)F)c2cc(nc(n2)N3CC4CC3C4)N5C[C@@H]6C[C@H]5CO6,CHEMBL3730377,Ki,7.75
1598022,Nc1ncc(cc1Cl)c2cc([C@H]3[C@@H]4CN(C[C@H]34)C5COC5)n(n2)C6CCC6,CHEMBL3716053,Ki,7.75
1598033,Nc1ncc(cc1OC(F)F)c2cc(nc(n2)N3CC4CC3CC4F)N5C[C@@H]6C[C@H]5CO6,CHEMBL3730808,Ki,7.75
1598043,Nc1ncc(cc1OC(F)F)c2cc(nc(n2)N3C[C@@H](F)[C@@H](F)C3)N4CC(C4)N5CCOCC5,CHEMBL3727618,Ki,7.75
1598053,CCc1nc(cc(n1)c2cnc(N)c(OC(F)F)c2)[C@H]3[C@@H]4CN(CC(C)O)C[C@H]34,CHEMBL3728116,Ki,7.76
1598063,C[C@@]1(F)CCN(C1)c2nc(cc(n2)c3cnc(N)c(OC(F)F)c3)[C@@H]4C[C@@H](C4)N5CCOCC5,CHEMBL3731682,Ki,7.76
1598073,CC(c1nc(cc(n1)c2cnc(N)c(OC(F)F)c2)N3C[C@@H]4C[C@H]3CO4)C(F)(F)F,CHEMBL3730871,Ki,7.77
1598083,CCc1nc(cc(n1)c2cnc(N)c(OC(F)F)c2)N3CC(C3)OC,CHEMBL3727767,Ki,7.77
1598093,Nc1ncc(cc1OC(F)F)c2cc(nc(CC3CC3(F)F)n2)N4C[C@@H]5C[C@H]4CO5,CHEMBL3731464,Ki,7.77
1598103,Nc1ncc(cc1OC(F)F)c2cc(nc(n2)N3CC(C3)C(F)F)N4C[C@@H]5C[C@H]4CO5,CHEMBL3728939,Ki,7.77
1598113,Nc1ncc(cc1OC(F)F)c2cc(nc(n2)N3CCC3)N4CCC5(CC4)COC5,CHEMBL3727844,Ki,7.77
1598123,Nc1ncc(cc1OC(F)F)c2cc(nc(n2)N3CCC4(CCOC4)C3)N5C[C@@H]6C[C@H]5CO6,CHEMBL3733234,Ki,7.78
1598133,Nc1ncc(cc1OC(F)F)c2cc(nc(n2)N3C[C@H]4COC[C@H]4C3)N5C[C@@H]6C[C@H]5CO6,CHEMBL3732188,Ki,7.78
1598143,Nc1ncc(cc1OC2CC2)c3cc(nc(n3)N4CC5CC4C5)N6C[C@@H]7C[C@H]6CO7,CHEMBL3729112,Ki,7.78
1598153,Nc1ncc(cc1OC(F)F)c2cc(nc(n2)N3CC4CC3C4)[C@H]5[C@@H]6CN(C[C@H]56)c7nccs7,CHEMBL3729252,Ki,7.79
1598163,Nc1ncc(cc1OC(F)F)c2cc(nc(n2)N3CCC(F)(F)C3)C4CCN(C4)C5COC5,CHEMBL3729976,Ki,7.79
1598173,CC1CN(CCN1c2cc(nc(n2)C3CC3)c4cnc(N)c(OC(F)F)c4)C5COC5,CHEMBL3728354,Ki,7.8
1598183,COCCN1CCN(CC1C)c2cc(nc(n2)C3CC3)c4cnc(N)c(OC(F)F)c4,CHEMBL3733208,Ki,7.8
1598193,Nc1ncc(cc1C(F)F)c2cc([C@H]3[C@@H]4CN(C[C@H]34)C5COC5)n(n2)C6CCCC6,CHEMBL3717490,Ki,7.8
1598203,Nc1ncc(cc1OC(F)F)c2cc(nc(n2)C3CC3)N4CCC4,CHEMBL3732674,Ki,7.8
1598213,Nc1ncc(cc1OC(F)F)c2cc(nc(n2)N3CCC(F)(F)C3)N4CCN5CCCC5C4,CHEMBL3732217,Ki,7.8
1598223,Nc1ncc(cc1OC(F)F)c2cc(nc(n2)N3CC[C@H](F)C3)[C@H]4CC[C@@H](C4)N5CCOCC5,CHEMBL3732158,Ki,7.8
1598272,Nc1ncc(cc1OC(F)F)c2cc(nc(n2)C3CCC(F)(F)C3)N4C[C@@H]5C[C@H]4CO5,CHEMBL3728626,Ki,7.81
1598282,CC(C)n1nc(cc1C2CCN(CC2)C3COC3)c4cnc5[nH]cc(Cl)c5c4,CHEMBL3716456,Ki,7.82
1598292,CCc1nc(cc(n1)c2cnc(N)c(OC(F)F)c2)N3CC(F)C3,CHEMBL3730465,Ki,7.82
1598302,Cn1nc(cc1C2CCN(CC2)C3COC3)c4cnc5[nH]cc(c5c4)C(F)(F)F,CHEMBL3714830,Ki,7.82
1598312,Nc1ncc(cc1OC(F)F)c2cc(nc(n2)C3CC3)[C@H]4[C@@H]5CN(C[C@H]45)C6CCOC6,CHEMBL3732998,Ki,7.82
1598322,Nc1ncc(cc1OC(F)F)c2cc(nc(n2)N3CC4CC3C4)[C@H]5[C@@H]6COC[C@H]56,CHEMBL3731707,Ki,7.83
1598332,Nc1ncc(cc1OC(F)F)c2cc(nc(n2)N3CCC(F)(F)C3)[C@@H]4C[C@H](C4)N5CCOCC5,CHEMBL3733185,Ki,7.83
1598342,CN(C1CCOC1)C2CN(C2)c3cc(nc(n3)N4CCC(F)(F)C4)c5cnc(N)c(OC(F)F)c5,CHEMBL3731139,Ki,7.84
1598352,Nc1ncc(cc1OC(F)F)c2cc(nc(n2)N3CCC3)N4C[C@H]5COC[C@H]5C4,CHEMBL3730929,Ki,7.84
1598362,CC(C)(C#N)c1cc(Nc2cc(ccn2)C#N)nc(c1)N3CCC(F)(F)C3,CHEMBL3393331,Ki,7.85
1598373,CC(C)Oc1cc(cnc1N)c2cc([C@H]3[C@@H]4CN(C[C@H]34)C5COC5)n(n2)C(C)C,CHEMBL3714890,Ki,7.85
1598383,Nc1ncc(cc1OC(F)F)c2cc(nc(n2)C3CC3)N4C[C@H]5CN(C6COC6)[C@H]5C4,CHEMBL3729051,Ki,7.85
1598393,Nc1ncc(cc1OC(F)F)c2cc(nc(n2)N3CC4CCOC4C3)N5CC6CC5CO6,CHEMBL3731594,Ki,7.85
1598403,Nc1ncc(cc1OC(F)F)c2cc(nc(n2)N3CCC4(COC4)C3)N5C[C@@H]6C[C@H]5CO6,CHEMBL3729863,Ki,7.85
1598413,COCCN1C[C@@H]2C[C@H]1CN2c3cc(nc(n3)N4CC5CC4C5)c6cnc(N)c(OC(F)(F)F)c6,CHEMBL3733343,Ki,7.86
1598423,Nc1ncc(cc1OC(F)F)c2cc(nc(n2)N3CC4CC3CC4(F)F)N5C[C@@H]6C[C@H]5CO6,CHEMBL3733135,Ki,7.86
1598433,C[C@]1(F)CCN(C1)c2nc(cc(n2)c3cnc(N)c(Cl)c3)N4C[C@@H]5C[C@H]4CO5,CHEMBL3731724,Ki,7.89
1598443,FC(F)(F)c1c[nH]c2ncc(cc12)c3cc(C4CCOC4)n(n3)C5CCC(F)(F)C5,CHEMBL3715873,Ki,7.89
1598453,FC(F)(F)c1c[nH]c2ncc(cc12)c3cc(C4CN(C4)C5COC5)n(n3)C6CCC(F)(F)C6,CHEMBL3718960,Ki,7.89
1598463,Nc1ncc(cc1OC(F)(F)F)c2cc([C@H]3[C@@H]4CN(C[C@H]34)C5COC5)n(n2)C6CCC6,CHEMBL3714846,Ki,7.89
1598473,Nc1ncc(cc1OC(F)F)c2cc([C@H]3[C@@H]4CN(C[C@H]34)C5COC5)n(CC6CCC6)n2,CHEMBL3715610,Ki,7.89
1598483,Nc1ncc(cc1OC(F)F)c2cc(nc(n2)C3CC(F)(F)C3)N4C[C@@H]5C[C@H]4CO5,CHEMBL3729443,Ki,7.89
1598493,Nc1ncc(cc1OC(F)F)c2cc(nc(n2)C3CC3)N4CCC(C4)N5CCOCC5,CHEMBL3732948,Ki,7.89
1598503,Nc1ncc(cc1OC(F)F)c2cc(nc(n2)C3CCOCC3)N4C[C@@H]5C[C@H]4CO5,CHEMBL3733034,Ki,7.89
1598513,Nc1ncc(cc1OC(F)F)c2cc(nc(n2)N3CCC(F)(F)C3)C4CCC(C4)N5CCOCC5,CHEMBL3729943,Ki,7.89
1598523,CC1N(CCC1(F)F)c2nc(cc(n2)c3cnc(N)c(OC(F)F)c3)N4C[C@@H]5C[C@H]4CO5,CHEMBL3732543,Ki,7.9
1598533,CC(=O)N1CCC(CC1)c2cc(nn2C)c3cnc4[nH]cc(c4c3)C(F)(F)F,CHEMBL3716132,Ki,7.92
1598543,COC1(C)CN(C1)c2cc(nc(n2)C3CC3)c4cnc(N)c(OC(F)F)c4,CHEMBL3727644,Ki,7.92
1598553,COCCN1C[C@@H]2C[C@H]1CN2c3cc(nc(n3)N4CC5CC4C5)c6cnc(N)c(c6)C(F)(F)F,CHEMBL3731841,Ki,7.92
1598563,C[C@H]1CCCN1c2nc(cc(n2)c3cnc(N)c(OC(F)F)c3)N4C[C@@H]5C[C@H]4CO5,CHEMBL3732140,Ki,7.92
1598573,Nc1ncc(cc1C(F)F)c2cc([C@H]3[C@@H]4CN(C[C@H]34)C5COC5)n(n2)C6CC6,CHEMBL3715814,Ki,7.92
1598584,Nc1ncc(cc1OC(F)F)c2cc(nc(n2)C3CC3(F)F)N4C[C@@H]5C[C@H]4CO5,CHEMBL3731763,Ki,7.92
1598594,Nc1ncc(cc1OC(F)F)c2cc(nc(n2)N3CCC3)N4CCC4,CHEMBL3732260,Ki,7.92
1598604,Nc1ncc(cc1OC(F)F)c2cc(nc(n2)N3CCC(F)(F)C3)C4CC(O)C4,CHEMBL3729651,Ki,7.93
1598614,CCc1nc(cc(n1)c2cnc(N)c(OC(F)F)c2)N3CCC(C)(O)C3,CHEMBL3730375,Ki,7.94
1598624,COCCN1CC(C1)c2cc(nc(c2)c3cnc(N)c(OC(F)F)c3)C4CC4,CHEMBL3732627,Ki,7.94
1598634,Nc1ncc(cc1OC(F)F)c2cc(cc(n2)C3CC3)C4CCN(CC4)C5COC5,CHEMBL3728310,Ki,7.94
1598644,CC1(F)CCN(C1)c2nc(cc(n2)c3cnc(N)c(F)c3)N4C[C@@H]5C[C@H]4CO5,CHEMBL3728669,Ki,7.95
1598654,Nc1ncc(cc1OC(F)F)c2cc(nc(n2)N3CCC(F)(F)C3)N4CC(C4)N5CCC(F)(F)CC5,CHEMBL3732758,Ki,7.95
1598664,Nc1ncc(cc1OC(F)F)c2cc(nc(n2)N3CCC4(C3)CC4(F)F)N5C[C@@H]6C[C@H]5CO6,CHEMBL3728386,Ki,7.95
1598674,CC(C)Oc1cc(cnc1N)c2cc([C@H]3[C@@H]4CN(C[C@H]34)C5COC5)n(n2)C6CCC6,CHEMBL3717487,Ki,7.96
1598684,CC(C)n1nc(cc1[C@H]2[C@@H]3CN(CC(C)(C)O)C[C@H]23)c4cnc(N)c(c4)C(F)(F)F,CHEMBL3718678,Ki,7.96
1598694,CC1(F)CCN(C1)c2nc(cc(n2)c3cnc(N)nc3)N4C[C@@H]5C[C@H]4CN5CC(F)F,CHEMBL3732256,Ki,7.96
1598704,COCCN1C[C@@H]2[C@H](C1)[C@H]2c3cc(nn3CC(F)(F)F)c4cnc(N)c(Cl)c4,CHEMBL3718754,Ki,7.96
1598714,Nc1ncc(cc1C2CC2)c3cc([C@H]4[C@@H]5CN(C[C@H]45)C6COC6)n(n3)C7CCC7,CHEMBL3716550,Ki,7.96
1598725,Nc1ncc(cc1OC(F)F)c2cc(nc(n2)N3CC4CC3C(F)(F)C4)N5C[C@@H]6C[C@H]5CO6,CHEMBL3729085,Ki,7.96
1598735,Nc1ncc(cc1OC(F)F)c2cc(nc(n2)N3CCC(F)(F)C3)[C@@H]4C[C@H](C4)N5C[C@@H]6C[C@H]5CO6,CHEMBL3729751,Ki,7.96
1598745,CC1(F)CCN(C1)c2nc(cc(n2)c3cnc(N)c(OC(F)F)c3)C4CN(C4)C5COC5,CHEMBL3733205,Ki,7.97
1598755,Nc1ncc(cn1)c2cc(nc(n2)N3CCC4(C3)CC4(F)F)N5C[C@@H]6C[C@H]5CO6,CHEMBL3732465,Ki,7.97
1598765,CC(C)c1nc(cc(n1)c2cnc(N)c(OC(F)F)c2)N3C[C@@H]4C[C@H]3CO4,CHEMBL3732320,Ki,7.98
1598775,Nc1ncc(cc1OC(F)F)c2cc(nc(n2)N3CCC(F)(F)C3)[C@@H]4C[C@@H](C4)N5CCOCC5,CHEMBL3732962,Ki,7.98
1598786,Nc1ncc(cc1OC(F)F)c2cc(nc(n2)N3CC[C@@H](F)C3)N4C[C@@H]5C[C@H]4C[S+]5[O-],CHEMBL3727899,Ki,7.98
1598796,Nc1ncc(cc1OC(F)F)c2cc(nc(n2)C3CCC(F)C3)N4C[C@@H]5C[C@H]4CO5,CHEMBL3732707,Ki,7.99
1598806,Nc1ncc(cc1OC(F)F)c2cc(nc(n2)N3CC4CCC3C4)N5C[C@@H]6C[C@H]5CO6,CHEMBL3728371,Ki,7.99
1598816,Nc1ncc(cc1OC(F)F)c2cc(nc(n2)N3CCC(F)(F)C3)N4CC(C4)N5CCCC5,CHEMBL3728693,Ki,7.99
1598826,CC(=O)N1CC(C1)c2cc(nn2CC3CC3)c4cnc5[nH]cc(c5c4)C(F)(F)F,CHEMBL3717492,Ki,8.0
1598836,CC(=O)N1C[C@@H]2C[C@H]1CN2c3cc(nc(n3)N4CC5CC4C5)c6cnc(N)c(c6)C(F)(F)F,CHEMBL3732600,Ki,8.0
1598846,CC(=O)N1C[C@@H]2[C@H](C1)[C@H]2c3cc(nc(n3)C4CC4)c5cnc(N)c(OC(F)F)c5,CHEMBL3727625,Ki,8.0
1598856,CC(C)(O)CN1C[C@@H]2C[C@H]1CN2c3cc(nc(n3)N4CC5CC4C5)c6cnc(N)nc6,CHEMBL3728240,Ki,8.0
1598866,CC(C)(O)CN1C[C@@H]2[C@H](C1)[C@@H]2c3cc(nc(n3)N4CC5CC4C5)c6cnc(N)nc6,CHEMBL3732808,Ki,8.0
1598876,CC(Oc1cc(cnc1N)c2cc(nc(n2)C3CC3)N4CCC4)c5ccn(C)n5,CHEMBL3730738,Ki,8.0
1598886,CCC(=O)N1C[C@@H]2[C@H](C1)[C@H]2c3cc(nc(n3)C4CC4)c5cnc(N)c(OC(F)F)c5,CHEMBL3729672,Ki,8.0
1598896,COCCN1C[C@@H]2C[C@H]1CN2c3cc(nc(n3)N4CC5CC4C5)c6cnc(N)nc6,CHEMBL3730836,Ki,8.0
1598906,COCCN1C[C@@H]2[C@H](C1)[C@H]2c3cc(nc(n3)N4CC5CC4C5)c6cnc(N)c(OC(F)(F)F)c6,CHEMBL3729191,Ki,8.0
1598916,Nc1ncc(cc1OC(F)(F)F)c2cc(nc(n2)N3CC4CC3C4)N5C[C@@H]6C[C@H]5CO6,CHEMBL3729719,Ki,8.0
1598926,Nc1ncc(cc1OC(F)F)c2cc(nc(n2)N3CC4(CCC4)C3)N5C[C@@H]6C[C@H]5CO6,CHEMBL3731955,Ki,8.0
1598936,Nc1ncc(cc1OC(F)F)c2cc(nc(n2)N3CC4CC3C4)N5C[C@@H]6C[C@H]5CN6C7COC7,CHEMBL3732271,Ki,8.0
1598946,Nc1ncc(cc1OC(F)F)c2cc(nc(n2)N3CCC(F)(F)C3)N4CC(C4)n5cccn5,CHEMBL3732387,Ki,8.0
1598956,Nc1ncc(cn1)c2cc(nc(n2)N3CC4CC3C4)N5C[C@@H]6CC[C@H]5C6,CHEMBL3732560,Ki,8.0
1598966,Nc1ncc(cc1OC(F)F)c2cc(nc(n2)N3CC4C(C3)C4(Cl)Cl)N5C[C@@H]6C[C@H]5CO6,CHEMBL3731771,Ki,8.01
1598976,Nc1ncc(cc1OC(F)F)c2cc(nc(n2)N3CC4CC3C4)N5CCC(C5)N6CCOCC6,CHEMBL3728673,Ki,8.01
1598986,Nc1ncc(cc1OC(F)F)c2cc(nc(n2)N3CCC(F)(F)C3)N4CCC(C4)N5CCOCC5,CHEMBL3732400,Ki,8.01
1598996,C[C@@]1(F)CCN(C1)c2nc(cc(n2)c3cnc(N)c(OC(F)F)c3)N4C[C@H]5C[C@@H]4CO5,CHEMBL3732042,Ki,8.02
1599006,FC(F)(F)c1c[nH]c2ncc(cc12)c3cc([C@@H]4CCOC4)n(n3)[C@@H]5CCOC5,CHEMBL3719370,Ki,8.02
1599016,FC(F)(F)c1c[nH]c2ncc(cc12)c3cc([C@@H]4CCOC4)n(n3)[C@H]5CCOC5,CHEMBL3717402,Ki,8.02
1599026,FC(F)(F)c1c[nH]c2ncc(cc12)c3cc([C@H]4CCOC4)n(n3)[C@@H]5CCOC5,CHEMBL3716996,Ki,8.02
1599036,FC(F)(F)c1c[nH]c2ncc(cc12)c3cc([C@H]4CCOC4)n(n3)[C@H]5CCOC5,CHEMBL3715815,Ki,8.02
1599046,Nc1ncc(cc1OC(F)F)c2cc(nc(CC(F)F)n2)N3C[C@@H]4C[C@H]3CO4,CHEMBL3732918,Ki,8.02
1599056,Nc1ncc(cc1OC(F)F)c2cc(nc(n2)N3CC4CC3C4)N5CC(C5)N6CCOCC6,CHEMBL3730483,Ki,8.02
1599066,Nc1ncc(cc1OC(F)F)c2cc(nc(n2)N3CCC(F)(F)C3)[C@@H]4C[C@@H](C4)N5C[C@@H]6C[C@H]5CO6,CHEMBL3727603,Ki,8.02
1599076,Nc1ncc(cc1OC(F)F)c2cc(nc(n2)N3CCC3)N4CC5(CCOC5)C4,CHEMBL3728681,Ki,8.02
1599086,CC(C)(O)CN1CC(C1)c2cc(nc(c2)c3cnc(N)c(OC(F)F)c3)C4CC4,CHEMBL3732640,Ki,8.03
1599096,COCCN1C[C@@H]2[C@H](C1)[C@H]2c3cc(nn3C(C)C)c4cnc(N)c(c4)C(F)(F)F,CHEMBL3716231,Ki,8.03
1599106,Nc1ncc(cc1OC(F)F)c2cc(nc(n2)N3CCC(F)(F)C3)N4C[C@@H]5C[C@H]4CS5(=O)=O,CHEMBL3731838,Ki,8.03
1599116,Nc1ncc(cc1OC(F)F)c2cc(nc(n2)N3CCC3)N4C[C@@H]5C[C@H]4CS5,CHEMBL3730817,Ki,8.03
1599126,CC(C)n1nc(cc1[C@H]2[C@@H]3CN(C[C@H]23)C4COC4)c5cnc(N)c(c5)C(C)(F)F,CHEMBL3718242,Ki,8.04
1599136,CC(C)Oc1cc(cnc1N)c2cc(nc(n2)N3CC4CC3C4)N5C[C@@H]6C[C@H]5CO6,CHEMBL3729103,Ki,8.05
1599146,Nc1ncc(cc1C(F)(F)F)c2cc([C@H]3[C@@H]4CN(C[C@H]34)C5COC5)n(n2)C6CCCC6,CHEMBL3718574,Ki,8.05
1599156,Nc1ncc(cc1OC(F)F)c2cc(nc(n2)N3CC4CC(F)(F)C4C3)N5C[C@@H]6C[C@H]5CO6,CHEMBL3729060,Ki,8.05
1599166,Nc1ncc(cc1OC(F)F)c2cc(nc(n2)N3CC4CC3C4)N5CCC5,CHEMBL3727553,Ki,8.06
1599176,Nc1ncc(cc1OC(F)F)c2cc(nc(n2)N3CC4CC3C4)N5C[C@H]6C[C@@H]5CO6,CHEMBL3728516,Ki,8.06
1599186,CN(C)C1CN(C1)c2cc(nc(n2)N3CCC(F)(F)C3)c4cnc(N)c(OC(F)F)c4,CHEMBL3729913,Ki,8.07
1599196,COC1CN(C1)c2cc(nc(n2)C3CC3)c4cnc(N)c(OC(F)F)c4,CHEMBL3728459,Ki,8.07
1599206,Nc1ncc(cc1OC(F)F)c2cc(nc(n2)C3CC3)N4CC[C@@H](F)C4,CHEMBL3732429,Ki,8.08
1599216,Nc1ncc(cc1OC(F)F)c2cc(nc(n2)C3CC3)N4C[C@@H]5C[C@H]4CN5CC(F)F,CHEMBL3728789,Ki,8.08
1599226,Nc1ncc(cc1C(F)(F)F)c2cc([C@H]3[C@@H]4CN(C[C@H]34)C5COC5)n(CC6CCC6)n2,CHEMBL3714822,Ki,8.09
1599236,Nc1ncc(cc1OC(F)F)c2cc(nc(n2)N3CC4CC3C4)N5C[C@@H]6OC[C@H]5C6F,CHEMBL3731117,Ki,8.09
1599246,Nc1ncc(cc1OC(F)F)c2cc(nc(n2)N3CCC(F)(F)C3)N4CC(C4)N5CC(F)C5,CHEMBL3730533,Ki,8.09
1599256,Nc1ncc(cc1OC(F)F)c2cc(nc(n2)N3CCC(F)(F)C3)N4CC(C4)N5CCC(F)(F)C5,CHEMBL3729121,Ki,8.09
1599266,Nc1ncc(cc1OC(F)F)c2cc(nc(n2)N3CCC(F)(F)C3)N4C[C@@H]5OC[C@H]4C5F,CHEMBL3727990,Ki,8.09
1599276,Nc1ncc(cc1OC(F)F)c2cc(nc(n2)N3CC[C@@H](F)C3)N4C[C@@H]5C[C@H]4CS5(=O)=O,CHEMBL3727946,Ki,8.09
1599286,Nc1ncc(cc1OC(F)F)c2cc(nc(n2)N3C[C@@H](F)[C@@H](F)C3)[C@H]4CC[C@@H](C4)N5CCOCC5,CHEMBL3731965,Ki,8.09
1599296,CC(C)Oc1cc(cnc1N)c2cc(nc(n2)C3CC3)N4C[C@@H]5C[C@H]4CO5,CHEMBL3729351,Ki,8.1
1599306,CC(C)n1nc(cc1[C@H]2[C@@H]3CN(C[C@H]23)C4COC4)c5cnc(N)c(OC(F)F)c5,CHEMBL3714987,Ki,8.1
1599316,CC1(F)CCN(C1)c2nc(cc(n2)c3cnc(N)c(OC(F)F)c3)[C@@H]4C[C@H](C4)N5CCOCC5,CHEMBL3732496,Ki,8.1
1599326,CCC(=O)N1C[C@@H]2[C@H](C1)[C@@H]2c3cc(nc(n3)N4CC5CC4C5)c6cnc(N)c(OC(F)F)c6,CHEMBL3727659,Ki,8.1
1599336,COC1CN(C1)c2cc(cc(Nc3cc(ccn3)C#N)n2)C4CCN(CC4)C5COC5,CHEMBL3393335,Ki,8.1
1599348,COCC1(F)CCN(C1)c2nc(cc(n2)c3cnc(N)c(OC(F)F)c3)N4C[C@@H]5C[C@H]4CO5,CHEMBL3731696,Ki,8.1
1599358,COCCN1C[C@@H]2[C@H](C1)[C@H]2c3cc(nn3CC4CC4)c5cnc(N)c(c5)C(F)(F)F,CHEMBL3717538,Ki,8.1
1599368,N#Cc1ccnc(Nc2cc(cc(n2)N3CCC3)C4CCN(CC4)C5COC5)c1,CHEMBL3393336,Ki,8.1
1599379,Nc1ncc(cc1OC(F)F)c2cc(nc(n2)C3CCOC3)N4C[C@@H]5C[C@H]4CS5,CHEMBL3732209,Ki,8.1
1599389,Nc1ncc(cc1OC(F)F)c2cc(nc(n2)c3ccccn3)N4C[C@@H]5C[C@H]4CO5,CHEMBL3731804,Ki,8.1
1599399,C[C@@]1(F)CCN(C1)c2nc(cc(n2)c3cnc(N)c(OC(F)F)c3)N4C[C@@H]5C[C@H]4CO5,CHEMBL3732198,Ki,8.12
1599409,Nc1ncc(cc1OC(F)F)c2cc(nc(n2)N3CCC(F)(F)C3)N4CC(C4)N5CCCOCC5,CHEMBL3730195,Ki,8.12
1599419,CC1(F)CCN(C1)c2cc(cc(n2)c3cnc(N)c(OC(F)F)c3)C4CN(C4)C5COC5,CHEMBL3728986,Ki,8.13
1599429,CCC1(F)CCN(C1)c2nc(cc(n2)c3cnc(N)c(OC(F)F)c3)N4C[C@@H]5C[C@H]4CO5,CHEMBL3728651,Ki,8.13
1599439,COC1CCN(C1)c2cc(nc(n2)N3CC4CC3C4)c5cnc(N)c(OC(F)F)c5,CHEMBL3732417,Ki,8.13
1599449,COc1cc(cnc1N)c2cc([C@H]3[C@@H]4CN(C[C@H]34)C5COC5)n(n2)C(C)C,CHEMBL3715469,Ki,8.13
1599459,Nc1ncc(cc1OC(F)F)c2cc([C@H]3[C@@H]4CN(C[C@H]34)C5COC5)n(n2)C6CCCC6,CHEMBL3719037,Ki,8.13
1599469,Nc1ncc(cc1OC(F)F)c2cc(nc(n2)N3CCC(F)(F)C3)N4CC(C4)N5CC[C@H](F)C5,CHEMBL3731106,Ki,8.13
1599479,Nc1ncc(cc1OC(F)F)c2cc(nc(n2)C3CC3)N4CC[C@H](F)C4,CHEMBL3728901,Ki,8.14
1599489,Nc1ncc(cc1OC(F)F)c2cc(nc(n2)N3CC[C@H](F)C3)N4CCC4,CHEMBL3729735,Ki,8.14
1599499,C[C@]1(F)CCN(C1)c2nc(cc(n2)c3cnc(N)c(c3)C(F)(F)F)N4C[C@@H]5C[C@H]4CO5,CHEMBL3733168,Ki,8.15
1599509,Cc1c[nH]c2ncc(cc12)c3cc([C@@H]4CCOC4)n(n3)[C@@H]5CCC(F)(F)C5,CHEMBL3717622,Ki,8.15
1599519,Cc1c[nH]c2ncc(cc12)c3cc([C@@H]4CCOC4)n(n3)[C@H]5CCC(F)(F)C5,CHEMBL3718463,Ki,8.15
1599529,Cc1c[nH]c2ncc(cc12)c3cc([C@H]4CCOC4)n(n3)[C@@H]5CCC(F)(F)C5,CHEMBL3719179,Ki,8.15
1599539,Cc1c[nH]c2ncc(cc12)c3cc([C@H]4CCOC4)n(n3)[C@H]5CCC(F)(F)C5,CHEMBL3718217,Ki,8.15
1599549,CC1(CN2C[C@@H]3[C@H](C2)[C@H]3c4cc(nc(n4)C5CC5)c6cnc(N)c(OC(F)F)c6)COC1,CHEMBL3729547,Ki,8.16
1599559,COCCN1C[C@@H]2[C@H](C1)[C@H]2c3cc(nc(n3)N4CC5CC4C5)c6cnc(N)c(c6)C(F)(F)F,CHEMBL3729567,Ki,8.16
1599569,FC(F)(F)c1ccnc(Nc2cc(nc(n2)N3CCC(F)(F)C3)C4CCCNC4)c1,CHEMBL3393321,Ki,8.16
1599580,FC(F)(F)c1ccnc(Nc2cc(nc(n2)N3CCCC3)C4CCCNC4)c1,CHEMBL3393320,Ki,8.16
1599591,Nc1ncc(cc1OC(F)F)c2cc(nc(n2)N3C[C@@H](F)[C@@H](F)C3)[C@H]4CC[C@H](C4)N5CCOCC5,CHEMBL3730248,Ki,8.16
1599601,COC1(C)CN(C1)c2cc(nc(n2)N3CCC3)c4cnc(N)c(OC(F)F)c4,CHEMBL3730391,Ki,8.18
1599611,Nc1ncc(cc1OC(F)F)c2cc(nc(n2)C3CC3)N4CC(F)C4,CHEMBL3730621,Ki,8.18
1599621,Nc1ncc(cc1OC(F)F)c2cc(nc(n2)N3CCC(F)(F)C3)N4CC(C4)N5CC[C@@H](F)C5,CHEMBL3730475,Ki,8.18
1599631,Nc1ncc(cc1OC(F)F)c2cc(nc(n2)N3CC[C@@H]4C[C@H]34)N5C[C@@H]6C[C@H]5CO6,CHEMBL3732667,Ki,8.18
1599641,CC(C)n1nc(cc1C2CN(C2)C(=O)C)c3cnc4[nH]cc(c4c3)C(F)(F)F,CHEMBL3717882,Ki,8.19
1599651,CC1(F)CCN(C1)c2nc(cc(n2)c3cnc(N)c(OC(F)F)c3)N4CCCOCC4,CHEMBL3733212,Ki,8.19
1599661,Nc1ncc(cc1OC(F)F)c2cc(nc(n2)C3CC4CCC3C4)N5C[C@@H]6C[C@H]5CO6,CHEMBL3728640,Ki,8.19
1599671,Nc1ncc(cc1OC(F)F)c2cc(nc(n2)N3CC[C@@H](F)C3)N4C[C@@H]5C[C@H]4CS5.OC=O,CHEMBL3731322,Ki,8.19
1599681,Nc1ncc(cc1OC(F)F)c2cc(nc(n2)N3C[C@@H](F)[C@@H](F)C3)N4C[C@H]5C[C@@H]4CO5,CHEMBL3731770,Ki,8.19
1599691,COC1CC2CC1CN2c3cc(nc(n3)N4CCC(F)(F)C4)c5cnc(N)c(OC(F)F)c5,CHEMBL3732966,Ki,8.2
1599701,Nc1ncc(cc1OC(F)F)c2cc(nc(n2)N3CCC(F)(F)C3)N4CC(C4)N5CCOCC5,CHEMBL3728729,Ki,8.2
1599711,Nc1ncc(cc1OC(F)F)c2cc(nc(n2)N3CCC(F)(F)C3)N4CC(C4)N5C[C@@H]6C[C@H]5CO6,CHEMBL3731062,Ki,8.2
1599721,Nc1ncc(cc1OC(F)F)c2cc(nc(n2)N3CCC(F)(F)C3)N4CC(C4)N5CCC(F)CC5,CHEMBL3729772,Ki,8.21
1599731,Nc1ncc(cc1OC(F)F)c2cc(nc(n2)N3CCCC34CC4)N5C[C@@H]6C[C@H]5CO6,CHEMBL3730513,Ki,8.21
1599741,CC(C)n1nc(cc1[C@H]2[C@@H]3CN(CCC#N)C[C@H]23)c4cnc(N)c(c4)C(F)(F)F,CHEMBL3714894,Ki,8.23
1599751,CC(Oc1cc(cnc1N)c2cc(nc(n2)C3CC3)N4C[C@@H]5C[C@H]4CO5)c6ccccc6,CHEMBL3733088,Ki,8.23
1599761,Nc1ncc(cc1OC(F)F)c2cc(nc(n2)N3CC4CC3C4)N5CCC6(CC5)COC6,CHEMBL3729163,Ki,8.23
1599771,Nc1ncc(cc1OC(F)F)c2cc(nc(n2)N3CCCC(F)C3)N4C[C@@H]5C[C@H]4CO5,CHEMBL3727681,Ki,8.23
1599781,Nc1ncc(cc1OC(F)F)c2cc(nc(n2)N3C[C@@H](F)[C@@H](F)C3)N4CCC4,CHEMBL3728366,Ki,8.23
1599791,COCCN1C[C@@H]2[C@H](C1)[C@H]2c3cc(nn3C(C)C)c4cnc(N)c(OC(F)(F)F)c4,CHEMBL3715950,Ki,8.24
1599801,Nc1ncc(cc1OC(F)F)c2cc(nc(n2)C3CCC3)N4C[C@@H]5C[C@H]4CO5,CHEMBL3730252,Ki,8.24
1599811,Nc1ncc(cc1OC(F)F)c2cc(nc(n2)N3CCC(F)(F)C3)N4CC(C4)N5CCCC5=O,CHEMBL3727721,Ki,8.24
1599821,Nc1ncc(cc1OC(F)F)c2cc(nc(n2)N3CCC[C@H]3CF)N4C[C@@H]5C[C@H]4CO5,CHEMBL3727829,Ki,8.24
1599831,CC(C)OC(=O)N1C[C@@H]2[C@H](C1)[C@H]2c3cc(nn3C(C)C)c4cnc(N)c(c4)C(F)(F)F,CHEMBL3716069,Ki,8.25
1599841,CC(C)n1nc(cc1[C@H]2[C@@H]3CN(C[C@H]23)C(=O)C)c4cnc(N)c(c4)C(F)(F)F,CHEMBL3718265,Ki,8.25
1599851,CC(O)CN1C[C@@H]2[C@H](C1)[C@H]2c3cc(nc(n3)C4CC4)c5cnc(N)c(OC(F)F)c5,CHEMBL3729007,Ki,8.26
1599861,COCCN1C[C@@H]2[C@H](C1)[C@H]2c3cc(nn3C(C)C)c4cnc(N)c(OC(F)F)c4,CHEMBL3718292,Ki,8.26
1599871,Nc1ncc(cc1OC(F)F)c2cc([C@H]3[C@@H]4CN(C[C@H]34)C5COC5)n(n2)C6CCC6,CHEMBL3715482,Ki,8.26
1599881,Nc1ncc(cc1OC(F)F)c2cc(nc(n2)N3CCC4(CC4)C3)N5C[C@@H]6C[C@H]5CO6,CHEMBL3732434,Ki,8.26
1599891,CC(Oc1cc(cnc1N)c2cc(nc(n2)C3CC3)N4CCC4)c5ccccn5,CHEMBL3727660,Ki,8.27
1599901,C[C@]1(F)CCN(C1)c2nc(cc(n2)c3cnc(N)nc3)N4C[C@@H]5C[C@H]4CN5CC(F)F,CHEMBL3729886,Ki,8.27
1599911,Nc1ncc(cc1OC(F)F)c2cc(nc(n2)C3CC3)[C@H]4[C@@H]5CC(C[C@H]45)N6CCOCC6,CHEMBL3733164,Ki,8.28
1599921,Nc1ncc(cc1OC(F)F)c2cc(nc(n2)N3CC=C(F)C3)N4C[C@@H]5C[C@H]4CO5,CHEMBL3731104,Ki,8.29
1599931,CC(C)(O)c1cc(Nc2cc(ccn2)C#N)nc(c1)N3CCC(F)(F)C3,CHEMBL3393332,Ki,8.3
1599942,FC1(F)CCN(C1)c2cc(cc(Nc3cc(ccn3)C#N)n2)C4(CCOCC4)C#N,CHEMBL3393330,Ki,8.3
1599953,Nc1ncc(cc1OC(F)F)c2cc(nc(n2)C3CCC3)N4CCC4,CHEMBL3731967,Ki,8.3
1599963,Nc1ncc(cc1OC(F)F)c2cc(nc(n2)N3CC4CC3C4)N5CCOCC5,CHEMBL3727535,Ki,8.3
1599973,Nc1ncc(cc1OC(F)F)c2cc(nc(n2)N3CCC4(COC4)C3)N5C[C@@H]6C[C@H]5CS6,CHEMBL3728623,Ki,8.3
1599983,Nc1ncc(cc1OC(F)F)c2cc(nc(n2)N3CCC[C@H]3C(F)F)N4C[C@@H]5C[C@H]4CO5,CHEMBL3727565,Ki,8.3
1599993,Nc1ncc(cc1OC(F)F)c2cc(nc(n2)N3C[C@@H](F)[C@@H](F)C3)N4C[C@@H]5C[C@H]4CO5,CHEMBL3732123,Ki,8.3
1600003,CC(C)n1nc(cc1[C@H]2[C@@H]3CN(C[C@H]23)S(=O)(=O)C)c4cnc(N)c(c4)C(F)(F)F,CHEMBL3714884,Ki,8.31
1600013,CC1CCN(C1)c2nc(cc(n2)c3cnc(N)c(OC(F)F)c3)N4C[C@@H]5C[C@H]4CO5,CHEMBL3731156,Ki,8.31
1600023,Nc1ncc(cc1C(F)(F)F)c2cc([C@H]3[C@@H]4CN(C[C@H]34)C5COC5)n(n2)C6CC6,CHEMBL3717966,Ki,8.33
1600033,Nc1ncc(cc1OC(F)(F)F)c2cc([C@H]3[C@@H]4CN(C[C@H]34)C5COC5)n(n2)C6CCCC6,CHEMBL3716708,Ki,8.33
1600043,Nc1ncc(cc1OC(F)F)c2cc(nc(n2)c3nccs3)N4C[C@@H]5C[C@H]4CO5,CHEMBL3730276,Ki,8.33
1600053,Nc1ncc(cc1OC(F)F)c2cc(nc(n2)C3CC3)C4CC5CC(C4)CN(C5)C6COC6,CHEMBL3733108,Ki,8.34
1600063,Nc1ncc(cc1OC(F)F)c2cc(nc(n2)N3CC4CC3C4)N5CCC6(CCOC6)C5,CHEMBL3727508,Ki,8.34
1600073,CC(C)n1nc(cc1C2CCN(C2)C3COC3)c4cnc5[nH]cc(C)c5c4,CHEMBL3715377,Ki,8.35
1600083,CC(C)n1nc(cc1[C@H]2[C@@H]3CN(CC(F)(F)F)C[C@H]23)c4cnc(N)c(OC(F)F)c4,CHEMBL3715745,Ki,8.35
1600093,CC1CN(CC1F)c2nc(cc(n2)c3cnc(N)c(OC(F)F)c3)N4C[C@@H]5C[C@H]4CO5,CHEMBL3728441,Ki,8.35
1600103,CCc1cc(cc(n1)c2cnc(N)c(OC(F)F)c2)[C@H]3[C@@H]4CN(CCO)C[C@H]34,CHEMBL3729605,Ki,8.35
1600113,Nc1ncc(cc1OC(F)F)c2cc(nc(n2)N3CCC(F)(F)C3)N4CCC(C4)N5C[C@@H]6C[C@H]5CO6,CHEMBL3729960,Ki,8.35
1600123,Nc1ncc(cc1OC(F)F)c2cc(nc(n2)N3CCC(F)(F)C3)N4C[C@H]5C[C@@H]4CO5,CHEMBL3730390,Ki,8.35
1600133,CC(C)n1nc(cc1[C@H]2[C@@H]3CN(C[C@H]23)C(C)CC#N)c4cnc(N)c(c4)C(F)(F)F,CHEMBL3717559,Ki,8.36
1600143,Nc1ncc(cc1OC(F)F)c2cc(cc(n2)N3CC4CC3C4)C5CN(C5)C6COC6,CHEMBL3732702,Ki,8.37
1600153,COC1CN(C1)c2cc(nc(n2)N3CC4CC3C4)c5cnc(N)c(OC(F)F)c5,CHEMBL3730793,Ki,8.38
1600163,COCCN1CCN(C(C)C1)c2cc(nc(n2)C3CC3)c4cnc(N)c(OC(F)F)c4,CHEMBL3730191,Ki,8.38
1600173,Nc1ncc(cc1OC(F)F)c2cc(nc(n2)N3CC4CC3C4)N5C[C@H]6CCO[C@H]6C5,CHEMBL3730967,Ki,8.39
1600183,Nc1ncc(cc1OC(F)F)c2cc(nc(n2)N3CCC(F)(F)C3)N4CCC5CC4CO5,CHEMBL3731242,Ki,8.39
1600193,Nc1ncc(cc1OC(F)F)c2cc(nc(n2)N3CCC(F)C3)N4C[C@@H]5C[C@H]4CO5,CHEMBL3730923,Ki,8.39
1600203,CC(=O)N1C[C@@H]2C[C@H]1CN2c3cc(nc(n3)N4CC5CC4C5)c6cnc(N)c(OC(F)F)c6,CHEMBL3732744,Ki,8.4
1600213,CC(C)c1ccnc(Nc2cc(nc(C)n2)C3CCCN(C3)C(=O)c4ccccc4)c1,CHEMBL3393314,Ki,8.4
1600224,COCCN1CC2CC(CC(C2)c3cc(nc(n3)C4CC4)c5cnc(N)c(OC(F)F)c5)C1,CHEMBL3729832,Ki,8.4
1600234,Nc1ncc(cc1OC(F)F)c2cc([C@H]3[C@@H]4CN(C[C@H]34)C5COC5)n(CC6CC6)n2,CHEMBL3716545,Ki,8.41
1600244,Nc1ncc(cc1OC(F)F)c2cc(nc(n2)N3CCC(C3)C(F)F)N4C[C@@H]5C[C@H]4CO5,CHEMBL3732323,Ki,8.41
1600254,CC1C(c2nc(cc(n2)c3cnc(N)c(OC(F)F)c3)N4C[C@@H]5C[C@H]4CO5)C1(F)F,CHEMBL3730040,Ki,8.42
1600264,CC(C)n1nc(cc1C2CCN(CC2)C(=O)C)c3cnc4[nH]cc(c4c3)C(F)(F)F,CHEMBL3718645,Ki,8.43
1600274,CC(C)n1nc(cc1C2CCN(CC2)C3COC3)c4cnc5[nH]cc(C)c5c4,CHEMBL3718912,Ki,8.43
1600284,C[C@]1(F)CCN(C1)c2nc(cc(n2)c3cnc(N)c(OC(F)F)c3)N4CCN5CCC[C@@H]5C4,CHEMBL3732793,Ki,8.43
1600294,CO[C@@H](C)CN1C[C@@H]2[C@H](C1)[C@H]2c3cc(nc(n3)C4CC4)c5cnc(N)c(OC(F)F)c5,CHEMBL3733341,Ki,8.44
1600304,Nc1ncc(cc1OC(F)F)c2cc(nc(n2)N3CC[C@H](F)C3)N4C[C@H]5C[C@@H]4CO5,CHEMBL3731551,Ki,8.45
1600314,C[C@]1(F)CCN(C1)c2nc(cc(n2)c3cnc(N)c(OC(F)F)c3)N4C[C@@H]5C[C@H]4CS5(=O)=O,CHEMBL3732383,Ki,8.48
1600324,Nc1ncc(cc1OC(F)F)c2cc(nc(n2)N3CCC(F)(F)C3)N4CC5CC(C4)O5,CHEMBL3728997,Ki,8.48
1600334,Nc1ncc(cc1OC(F)F)c2cc(nc(n2)N3CCC(F)(F)C3)N4CC(C4)N5CCCCC5=O,CHEMBL3732864,Ki,8.49
1600344,Nc1ncc(cc1OC(F)F)c2cc(nc(n2)N3CCCC3)N4C[C@@H]5C[C@H]4CO5,CHEMBL3730236,Ki,8.49
1600354,CC1(C)CN(CCO1)C2CN(C2)c3cc(nc(n3)N4CCC(F)(F)C4)c5cnc(N)c(OC(F)F)c5,CHEMBL3732088,Ki,8.5
1600364,Nc1ncc(cc1OC(F)F)c2cc(nc(n2)C3CC3)N4C[C@@H]5C[C@H]4CS5,CHEMBL3730790,Ki,8.51
1600374,COCCN1C[C@@H]2[C@H](C1)[C@@H]2c3cc(nc(n3)C4CC4)c5cnc(N)c(OC(F)F)c5,CHEMBL3727692,Ki,8.52
1600384,Nc1ncc(cc1OC(F)F)c2cc(nc(n2)N3CC4CC3C4)[C@@H]5[C@@H]6CN(C[C@H]56)C7COC7,CHEMBL3731011,Ki,8.52
1600394,Nc1ncc(cc1OC(F)F)c2cc(nc(n2)N3CC4CC4C3)N5C[C@@H]6C[C@H]5CO6,CHEMBL3727797,Ki,8.52
1600404,Nc1ncc(cc1OC(F)F)c2cc(nc(n2)N3C[C@@H](F)[C@@H](F)C3)N4CCOCC4,CHEMBL3727942,Ki,8.52
1600414,CC1CN(CC1(F)F)c2nc(cc(n2)c3cnc(N)c(OC(F)F)c3)N4C[C@@H]5C[C@H]4CO5,CHEMBL3729389,Ki,8.53
1600424,Nc1ncc(cc1OC(F)F)c2cc(nc(n2)N3CC[C@@H](F)C3)N4C[C@@H]5C[C@H]4CO5,CHEMBL3728798,Ki,8.53
1600434,CC1=C(F)CN(C1)c2nc(cc(n2)c3cnc(N)c(OC(F)F)c3)N4C[C@@H]5C[C@H]4CO5,CHEMBL3728098,Ki,8.55
1600444,CC(Oc1cc(cnc1N)c2cc(nc(n2)C3CC3)N4C[C@@H]5C[C@H]4CO5)c6ccn(C)n6,CHEMBL3729535,Ki,8.56
1600454,CC(C)n1nc(cc1[C@H]2[C@@H]3CN(C[C@H]23)C4COC4)c5cnc(N)c(c5)C(F)(F)F,CHEMBL3717481,Ki,8.57
1600464,CCOC1(C)CN(C1)c2cc(nc(n2)N3CC4CC3C4)c5cnc(N)c(OC(F)F)c5,CHEMBL3731453,Ki,8.57
1600474,C[C@@H]1CCCN1c2nc(cc(n2)c3cnc(N)c(OC(F)F)c3)N4C[C@@H]5C[C@H]4CO5,CHEMBL3732536,Ki,8.58
1600484,C[C@]1(F)CCN(C1)c2nc(cc(n2)c3cnc(N)c(OC(F)F)c3)N4C[C@@H]5OC[C@H]4C5F,CHEMBL3730695,Ki,8.58
1600494,C[C@]1(F)CCN(C1)c2nc(cc(n2)c3cnc(N)c(OC(F)F)c3)[C@@H]4C[C@@H](C4)N5CCOCC5,CHEMBL3732366,Ki,8.59
1600504,Nc1ncc(cc1C(F)(F)F)c2cc([C@H]3[C@@H]4CNC[C@H]34)n(CC(F)(F)F)n2,CHEMBL3719039,Ki,8.62
1600514,CC1(F)CCN(C1)c2nc(cc(n2)c3cnc(N)c(OC(F)F)c3)N4C[C@@H]5C[C@H]4CN5CC(F)F,CHEMBL3732975,Ki,8.63
1600524,C[C@]1(F)CCN(C1)c2nc(cc(n2)c3cnc(N)c(OC(F)F)c3)[C@@H]4C[C@H](C4)N5C[C@@H]6C[C@H]5CO6,CHEMBL3732685,Ki,8.63
1600534,CC(C)n1nc(cc1C2CCN(CC2)C3COC3)c4cnc5[nH]cc(c5c4)C(F)(F)F,CHEMBL3718344,Ki,8.64
1600544,C[C@]1(F)CCN(C1)c2nc(cc(n2)c3cnc(N)c(OC(F)F)c3)N4C[C@H]5C[C@@H]4CO5,CHEMBL3732989,Ki,8.64
1600554,Nc1ncc(cc1OC(F)F)c2cc(nc(n2)N3CC4CC3C4)N5CCC6(COC6)C5,CHEMBL3731405,Ki,8.64
1600564,Nc1ncc(cc1OC(F)F)c2cc(nc(n2)N3CC[C@H](F)C3)N4C[C@@H]5C[C@H]4CS5,CHEMBL3733363,Ki,8.64
1600574,Nc1ncc(cc1OC(F)F)c2cc(nc(n2)N3CCCC(F)(F)C3)N4C[C@@H]5C[C@H]4CO5,CHEMBL3731916,Ki,8.69
1600584,CC(=O)N1C[C@@H]2[C@H](C1)[C@@H]2c3cc(nc(n3)N4CC5CC4C5)c6cnc(N)c(OC(F)F)c6,CHEMBL3729369,Ki,8.7
1600594,FC(F)(F)c1ccnc(Nc2cc(nc(n2)N3CCC(F)(F)C3)C4CCNCC4)c1,CHEMBL3393322,Ki,8.7
1600605,Nc1ncc(cc1OC(F)F)c2cc(nc(n2)N3CC4CC3C4)N5CC6CC6C5,CHEMBL3728219,Ki,8.7
1600615,Nc1ncc(cc1OC(F)F)c2cc(nc(n2)N3CC4CC3C4)N5C[C@@H]6CC[C@H]5C6,CHEMBL3727991,Ki,8.7
1600625,CC(Oc1cc(cnc1N)c2cc(nc(n2)C3CC3)N4C[C@@H]5C[C@H]4CO5)c6ccccn6,CHEMBL3728682,Ki,8.71
1600635,Nc1ncc(cc1OC(F)F)c2cc(cc(n2)C3CC3)[C@H]4[C@@H]5CN(C[C@H]45)C6COC6,CHEMBL3728287,Ki,8.71
1600645,CC(C)n1nc(cc1[C@H]2[C@@H]3CN(C[C@H]23)C4COC4)c5cnc(N)c(OC(F)(F)F)c5,CHEMBL3719135,Ki,8.72
1600655,COCCN1C[C@@H]2[C@H](C1)[C@H]2c3cc(nn3CC(F)(F)F)c4cnc(N)c(c4)C(F)(F)F,CHEMBL3716725,Ki,8.72
1600665,C[C@]1(F)CCN(C1)c2nc(cc(n2)c3cnc(N)c(OC(F)F)c3)N4CCN5CCC[C@H]5C4,CHEMBL3729681,Ki,8.72
1600675,CC(=O)N1C[C@@H]2CN(C[C@H]12)c3cc(nc(n3)C4CC4)c5cnc(N)c(OC(F)F)c5,CHEMBL3731498,Ki,8.75
1600685,Nc1ncc(cc1C(F)(F)F)c2cc([C@H]3[C@@H]4CN(C[C@H]34)C5COC5)n(CC(F)(F)F)n2,CHEMBL3718522,Ki,8.8
1600695,C[C@]1(F)CCN(C1)c2nc(cc(n2)c3cnc(N)c(OC(F)F)c3)N4C[C@@H]5C[C@H]4CO5,CHEMBL3727385,Ki,8.83
1600705,CC(Oc1cc(cnc1N)c2cc(nc(n2)C3CC3)N4CCC4)c5nc(C)cs5,CHEMBL3730558,Ki,8.85
1600715,COCC(C)N1C[C@@H]2[C@H](C1)[C@H]2c3cc(nn3C(C)C)c4cnc(N)c(c4)C(F)(F)F,CHEMBL3716760,Ki,8.89
1600725,COCCN1C[C@@H]2[C@H](C1)[C@H]2c3cc(nc(c3)c4cnc(N)c(OC(F)F)c4)C5CC5,CHEMBL3732684,Ki,8.9
1600735,Nc1ncc(cc1C(F)(F)F)c2cc([C@H]3[C@@H]4CN(C[C@H]34)C5COC5)n(n2)C6CCC6,CHEMBL3718810,Ki,8.92
1600745,Nc1ncc(cc1OC(F)F)c2cc(nc(n2)C3CCCC3)N4C[C@@H]5C[C@H]4CO5,CHEMBL3729696,Ki,8.92
1600755,C[C@]1(F)CCN(C1)c2nc(cc(n2)c3cnc(N)c(OC(F)F)c3)[C@@H]4C[C@@H](C4)N5CCCOCC5,CHEMBL3731609,Ki,8.94
1600765,CC(=O)N1CCC(CC1)c2cc(Nc3cc(ccn3)C(F)(F)F)nc(c2)N4CCC(F)(F)C4,CHEMBL3393327,Ki,9.0
1600776,CC(C)(O)CN1C[C@@H]2[C@H](C1)[C@@H]2c3cc(nc(n3)C4CC4)c5cnc(N)c(OC(F)F)c5,CHEMBL3730273,Ki,9.0
1600786,CC(C)(O)CN1C[C@@H]2[C@H](C1)[C@H]2c3cc(nc(n3)N4CC5CC4C5)c6cnc(N)c(OC(F)(F)F)c6,CHEMBL3730912,Ki,9.0
1600796,CC(C)(O)CN1C[C@@H]2[C@H](C1)[C@H]2c3cc(nc(n3)N4CC5CC4C5)c6cnc(N)c(OC(F)F)c6,CHEMBL3729148,Ki,9.0
1600806,CC(C)(O)CN1C[C@@H]2[C@H](C1)[C@H]2c3cc(nc(n3)N4CC5CC4C5)c6cnc(N)c(c6)C(F)(F)F,CHEMBL3727449,Ki,9.0
1600816,CC(C)n1nc(cc1C2CCN(CC2)C3CCC3)c4cnc5[nH]cc(c5c4)C(F)(F)F,CHEMBL3717104,Ki,9.0
1600826,CC(C)n1nc(cc1[C@H]2[C@@H]3CN(CC(F)F)C[C@H]23)c4cnc(N)c(c4)C(F)(F)F,CHEMBL3717769,Ki,9.0
1600836,COC(C)(C)C(=O)N1C[C@@H]2C[C@H]1CN2c3cc(nc(n3)N4CC5CC4C5)c6cnc(N)c(OC(F)F)c6,CHEMBL3732912,Ki,9.0
1600846,COCC(=O)N1C[C@@H]2C[C@H]1CN2c3cc(nc(n3)N4CC5CC4C5)c6cnc(N)c(OC(F)F)c6,CHEMBL3727397,Ki,9.0
1600856,COCCN1C[C@@H]2[C@H](C1)[C@@H]2c3cc(nc(n3)N4CC5CC4C5)c6cnc(N)c(OC(F)F)c6,CHEMBL3731284,Ki,9.0
1600866,N#Cc1ccnc(Nc2cc(cc(n2)C3CC3)C4CCN(CC4)C5COC5)c1,CHEMBL3393340,Ki,9.0
1600877,Nc1ncc(cc1OC(F)F)c2cc(nc(n2)N3CC4CC3C4)N5C[C@@H]6C[C@H]5CO6,CHEMBL3727796,Ki,9.0
1600887,Nc1ncc(cc1OC(F)F)c2cc(nc(n2)N3CCC(F)(F)C3)N4C[C@@H]5C[C@H]4CO5,CHEMBL3732012,Ki,9.0
1600897,Nc1ncc(cc1OC(F)F)c2cc(nc(n2)N3CC[C@H](F)C3)N4C[C@@H]5C[C@H]4CO5,CHEMBL3732360,Ki,9.0
1600906,Nc1ncc(cc1OC(F)F)c2cc(nc(n2)N3CC[C@H]4C[C@@H]34)N5C[C@@H]6C[C@H]5CO6,CHEMBL3732447,Ki,9.04
1600916,FC1(F)CCN(C1)c2cc(cc(Nc3cc(ccn3)C#N)n2)C4CCOCC4,CHEMBL3393329,Ki,9.05
1600927,COCCN1C[C@@H]2C[C@H]1CN2c3cc(nc(n3)C4CC4)c5cnc(N)c(OC(F)F)c5,CHEMBL3733275,Ki,9.11
1600937,FC1(F)CCN(C1)c2cc(cc(Nc3cc(ccn3)C#N)n2)C4CN(C4)C5COC5,CHEMBL3393334,Ki,9.16
1600948,CC1(Cn2nc(cc2[C@H]3[C@@H]4CN(C[C@H]34)C5COC5)c6cnc(N)c(c6)C(F)(F)F)CC1,CHEMBL3715788,Ki,9.17
1600958,Nc1ncc(cc1OC(F)F)c2cc(nc(n2)N3CCC(F)(F)C3)N4C[C@@H]5C[C@H]4CN5CC(F)F,CHEMBL3728902,Ki,9.24
1600968,CC1(F)CCN(C1)c2nc(cc(n2)c3cnc(N)c(OC(F)F)c3)N4C[C@@H]5C[C@H]4CO5,CHEMBL3731122,Ki,9.28
1600978,COCCN1C[C@@H]2C[C@H]1CN2c3cc(nc(n3)N4CC5CC4C5)c6cnc(N)c(OC(F)F)c6,CHEMBL3730823,Ki,9.29
1600988,CC(C)n1nc(cc1C2CN(C2)C3COC3)c4cnc5[nH]cc(c5c4)C(F)(F)F,CHEMBL3715325,Ki,9.32
1600998,CC(C)n1nc(cc1[C@H]2[C@@H]3CN(C[C@H]23)C4COC4)c5cnc6[nH]cc(c6c5)C(F)(F)F,CHEMBL3355005,Ki,9.4
1601008,Cn1ccnc1N2C[C@@H]3[C@H](C2)[C@H]3c4cc(nc(n4)N5CC6CC5C6)c7cnc(N)c(OC(F)F)c7,CHEMBL3729613,Ki,9.51
1601018,N#Cc1ccnc(Nc2cc(cc(OC3CCC3)n2)C4CCN(CC4)C5COC5)c1,CHEMBL3393337,Ki,9.7
1601029,CC(C)n1nc(cc1C2CCN(C)CC2)c3cnc4[nH]cc(c4c3)C(F)(F)F,CHEMBL3355003,Ki,9.77
1601039,CC(C)n1nc(cc1C2CCN(CC#N)CC2)c3cnc4[nH]cc(c4c3)C(F)(F)F,CHEMBL3716226,Ki,9.77
1601049,Nc1ncc(cc1C(F)(F)F)c2cc([C@H]3[C@@H]4CN(C[C@H]34)C5COC5)n(CC6CC6)n2,CHEMBL3715238,Ki,9.77
