id,smiles,name,assay_type,activity_value
7691911,CS(=O)(=O)C1CCN(CC1)c2cccc3c2ccn3c4ccnc(N[C@@H]5CC[C@H](CC5)C(=O)N6CCN(CC6)C7CC7)n4,CHEMBL3674720,IC50,7.53
7691922,CS(=O)(=O)N[C@@H]1CC[C@H](CC1)Nc2nccc(n2)n3ccc4c(cccc34)N5CCN(CC5)S(=O)(=O)C,CHEMBL2392826,IC50,7.53
7691932,CCNC(=O)N1CCC[C@@H](C1)Nc2ncc(Cl)c(n2)c3c[nH]c4ccccc34,CHEMBL392614,IC50,7.54
2204811,CN1C(=O)C(=Cc2cnc(NC3CCOCC3)nc12)Oc4ccc(F)cc4F,CHEMBL1230122,Kd,7.54
7691944,COC(=O)C1=C(CNC(=O)c2ccc(cc2)c3onc(C)n3)C(=O)c4ccc(Cl)cc4N1c5ccccc5,CHEMBL3679545,IC50,7.54
7691953,Clc1ccc2C(=O)C(=C(N(c3ccccc3)c2c1)c4occn4)CNC(=O)c5ccc(Cl)nc5,CHEMBL3679426,IC50,7.54
7691962,NC(=O)N1CCN(CC1)c2ccc(cn2)C(=O)NCC3=CN(c4ccccc4)c5cc(Cl)ccc5C3=O,CHEMBL3679493,IC50,7.54
7691971,O=C(NCC1=C(N(c2ccccc2)c3ncccc3C1=O)c4occn4)c5ccc(nc5)N6CCOCC6,CHEMBL3679430,IC50,7.54
7691981,OC(=O)c1ccccc1Nc2ccnc(Nc3ccc(F)cc3)n2,CHEMBL243299,IC50,7.54
7691992,O[C@@H]1CC[C@H](CC1)Nc2nccc(n2)n3nnc4ccccc34,CHEMBL2425654,IC50,7.54
7692003,Brc1csc(NC(=O)Cc2cccc3cnccc23)c1c4ncn[nH]4,CHEMBL1682016,IC50,7.55
7692014,CC(=O)NCC(=O)N1CCC(CC1)Nc2ncc(Cl)c(n2)c3c[nH]c4ccccc34,CHEMBL245535,IC50,7.55
7692025,CC(=O)N[C@@H]1CC[C@H](CC1)c2n[nH]cc2c3ccnc(NC4CCCC4)n3,CHEMBL482753,Ki,7.55
7692036,CCC(=O)C1=C(c2ccccc2)c3cc(Cl)ccc3C(=O)N1Cc4ccc(cc4)S(=O)(=O)C,CHEMBL259555,IC50,7.55
7692047,COC(=O)C1=C(c2ccccc2)c3cc(Cl)ccc3C(=O)N1Cc4ccc(cc4)S(=O)(=O)C,CHEMBL259812,IC50,7.55
7692058,OC(=O)c1ccccc1Nc2ccnc(Nc3cccc(F)c3)n2,CHEMBL243298,IC50,7.55
7692069,CCOC(=O)[C@@H]1CC[C@H](CC1)Nc2nccc(n2)n3ncc4c(cccc34)N5CCC(CC5)S(=O)(=O)C,CHEMBL2392836,IC50,7.57
7692078,CNC(=O)C1CCN(CC1)c2ccc(cn2)C(=O)NCC3=CN(c4ccccc4)c5cc(Cl)ccc5C3=O,CHEMBL3679492,IC50,7.57
7692087,COC(=O)C1=C(CNC(=O)c2ccc(cc2)C(=O)N)C(=O)c3ccc(nc3N1c4ccccc4)C(F)(F)F,CHEMBL3679574,IC50,7.57
7692097,COc1ccc(Oc2cc(Nc3ccccc3C(=O)N)c(cn2)C(F)(F)F)cc1,CHEMBL1923188,IC50,7.57
2203476,Cc1ncn(n1)c2ccc(Nc3cc(ccn3)c4nocc4c5cn[nH]c5)cc2,CHEMBL3099963,IC50,7.57
7692110,Clc1ccc(cc1)c2n[nH]cc2c3ccnc(NC4CCCCC4)n3,CHEMBL485348,Ki,7.57
7692120,O[C@@H]1CC[C@H](CC1)Nc2nccc(n2)c3cnc4c(OCc5ccccc5)cccn34,CHEMBL3655586,IC50,7.57
7692129,CC(C)(C)OC(=O)NCC(=O)N1CCN(CC1)c2cccc3c2ccn3c4ccnc(N[C@@H]5CC[C@H](CC5)NS(=O)(=O)C)n4,CHEMBL3674695,IC50,7.58
7692138,CC(=O)N1CCN(CC1)c2cccc3c2c(cn3c4ccnc(N[C@@H]5CC[C@@H](O)CC5)n4)C(=O)N,CHEMBL3674735,IC50,7.59
7692148,CCOc1nc(cc(N)c1C#N)C(=O)NCc2cccnc2,CHEMBL209534,IC50,7.59
7692158,COC(=O)C1=C(CNC(=O)c2ccc(cc2)S(=O)(=O)N)C(=O)c3ccc(nc3N1c4ccccc4)C(F)(F)F,CHEMBL3679573,IC50,7.59
7692167,COC(=O)C1=C(CNC(=O)c2cccc(Cl)c2)C(=O)c3ccc(OC)cc3N1c4ccccc4,CHEMBL3679579,IC50,7.59
7692176,COC1CCN(CC1)c2ccc(cn2)C(=O)NCC3=CN(c4ccccc4)c5cc(Cl)ccc5C3=O,CHEMBL3679491,IC50,7.59
7692186,COc1ccc(Oc2cc(Nc3ccccc3C(=O)N)c(F)cn2)cc1,CHEMBL1923186,IC50,7.59
7692197,Clc1ccc(cc1)c2n[nH]cc2c3ccnc(NC4CCCC4)n3,CHEMBL503206,Ki,7.59
7692207,O[C@@H]1CCN(C[C@@H]2CC[C@H](CC2)Nc3nccc(n3)n4ccc5c(cccc45)N6CCN(CC6)C(=O)CC#N)C1,CHEMBL3674698,IC50,7.59
2203322,Brc1csc(NC(=O)CN2C(=O)CCc3ccccc23)c1c4ncn[nH]4,CHEMBL1682013,IC50,7.6
7692218,CC(=O)N1CCN(CC1)c2cccc3c2ccn3c4ccnc(N[C@@H]5CC[C@@H](CS(=O)(=O)C)CC5)n4,CHEMBL3674714,IC50,7.6
7692227,COC(=O)c1ccc(cn1)C(=O)NCC2=C(N(c3ccccc3)c4cc(Cl)ccc4C2=O)c5occn5,CHEMBL3679425,IC50,7.6
7692236,Clc1ccc2C(=O)C(=C(N(c3ccccc3)c2c1)c4occn4)CNC(=O)c5ccc6OCOc6c5,CHEMBL3679428,IC50,7.6
7692246,OC(=O)c1ccccc1Nc2ccnc(Nc3cccc(O)c3)n2,CHEMBL243088,IC50,7.6
7692256,CN(C)CCN([C@@H]1CC[C@H](CC1)Nc2nccc(n2)n3ccc4c(cccc34)N5CCN(CC5)C(=O)CC#N)S(=O)(=O)C,CHEMBL3674699,IC50,7.61
7692267,CCOc1nc(cc(N)c1Cl)C(=O)NCc2ccc(cc2)S(=O)(=O)C,CHEMBL377383,IC50,7.62
7692277,CS(=O)(=O)C1CCN(CC1)c2ccc(cn2)C(=O)NCC3=CN(c4ccccc4)c5cc(Cl)ccc5C3=O,CHEMBL3679489,IC50,7.62
7692287,CS(=O)(=O)N[C@@H]1CC[C@H](CC1)Nc2nccc(n2)n3nnc4ccccc34,CHEMBL2425655,IC50,7.62
7692298,OCCCOc1cccc2c1cnn2c3ccnc(N[C@@H]4CC[C@@H](O)CC4)n3,CHEMBL2425640,IC50,7.62
7692308,O[C@@H]1CCN(C1)c2ccc(cn2)C(=O)NCC3=CN(c4ccccc4)c5cc(Cl)ccc5C3=O,CHEMBL3679490,IC50,7.62
7692317,CS(=O)(=O)N[C@@H]1CC[C@H](CC1)Nc2nccc(n2)c3cnc4c(OCc5ccccc5)cccn34,CHEMBL3655584,IC50,7.63
7692327,CS(=O)(=O)N[C@@H]1CC[C@H](CC1)Nc2nccc(n2)n3ccc4c(cccc34)N5CCC(CC5)S(=O)(=O)C,CHEMBL2392825,IC50,7.63
7692337,CCNC(=O)N[C@@H]1CC[C@H](CC1)Nc2ncc3C=CC(=O)N(C(C)C)c3n2,CHEMBL3577867,IC50,7.64
7692348,COC(=O)C1=C(CN2CCC(CC2)S(=O)(=O)C)C(=O)c3ccc(F)cc3N1c4ccccc4,CHEMBL2204096,IC50,7.64
7692358,COC(=O)C1=C(CNC(=O)c2ccc(cc2)c3ncc[nH]3)C(=O)c4ccc(nc4N1c5ccccc5)C(F)(F)F,CHEMBL3679572,IC50,7.64
7692367,COc1cc2ncnc(NCC3=CN(c4ccccc4)c5cc(Cl)ccc5C3=O)c2cc1OC,CHEMBL3679590,IC50,7.64
7692377,COc1cccc2c1cnn2c3ccnc(N[C@@H]4CC[C@@H](O)CC4)n3,CHEMBL2425641,IC50,7.64
7692388,CS(=O)(=O)c1ccc(CNC(=O)c2cc(N)c(C#N)c(OCC3CC3)n2)cc1,CHEMBL374269,IC50,7.64
7692398,O[C@@H]1CC[C@H](CC1)Nc2nccc(n2)n3ccc4c(cccc34)N5CCN(CC5)C(=O)CC#N,CHEMBL3674727,IC50,7.64
2203344,CC(C)(C)Oc1ccc(Oc2cc(Nc3ccccc3C(=O)N)c(cn2)C(F)(F)F)cc1,CHEMBL1923194,IC50,7.66
2204678,CCNC(=O)N1CCC(CC1)Nc2nccc(n2)c3c([nH]c4ccccc34)c5ccccc5,CHEMBL245936,IC50,7.66
7692411,COC(=O)C1=C(CNC(=O)c2ccc(cc2)c3noc(C)n3)C(=O)c4ccc(Cl)cc4N1c5ccccc5,CHEMBL3679544,IC50,7.66
7692420,CS(=O)(=O)C1CCN(CC1)c2cccc3c2ccn3c4ccnc(N[C@@H]5CC[C@H](CC5)C(=O)N6CCN7CCCC7C6)n4,CHEMBL3674725,IC50,7.66
7692430,C[C@@H](CO)Oc1nc(cc(N)c1C#N)C(=O)NCc2ccc(cc2)S(=O)(=O)C,CHEMBL495233,IC50,7.66
7692440,CS(=O)(=O)CCCOc1cccn2c(cnc12)c3ccnc(N[C@@H]4CC[C@H](CC4)C(=O)N5CCC(O)CC5)n3,CHEMBL3655582,IC50,7.67
2203863,CC(C)NC(=O)N[C@@H]1CC[C@H](CC1)Nc2ncc3C=CC(=O)N(C(C)C)c3n2,CHEMBL3577868,IC50,7.68
7692451,CN(C)S(=O)(=O)N[C@@H]1CC[C@H](CC1)Nc2nccc(n2)n3ccc4c(cccc34)N5CCC(CC5)S(=O)(=O)C,CHEMBL3674691,IC50,7.68
7692461,COC(=O)C1=C(c2cccc(CO)c2)c3cc(Cl)ccc3C(=O)N1Cc4ccc(cc4)S(=O)(=O)C,CHEMBL259092,IC50,7.68
7692471,CS(=O)(=O)C1CCN(CC1)c2ncc(s2)C(=O)NCC3=CN(c4ccccc4)c5cc(Cl)ccc5C3=O,CHEMBL3679511,IC50,7.68
7692480,Clc1ccc2C(=O)C(=CN(c3ccccc3)c2c1)CNC(=O)c4ccc(nc4)N5CCCCCC5,CHEMBL3679488,IC50,7.68
7692490,FC(F)(F)c1cnc2cccc(CC(=O)Nc3scc(Br)c3c4ncn[nH]4)c2c1,CHEMBL1822135,IC50,7.68
7692501,OC(=O)c1ccccc1Nc2nc(Nc3cccc(O)c3)ncc2F,CHEMBL243749,IC50,7.68
7692512,CC(C)C[C@H](NC(=O)[C@H](CC(=O)N)NC(=O)[C@H](CC(C)C)NC(=O)C)C(=O)NCC(=O)NCC(=O)NCCCNC(=O)c1ccc(cc1)c2n[nH]c3ccccc23,CHEMBL509847,IC50,7.7
7692523,COC(=O)C1=C(c2ccccc2)c3cc(Br)ccc3C(=O)N1Cc4ccc(cc4)C(=O)O,CHEMBL259706,IC50,7.7
7692534,Cc1ccc(cn1)c2cccc3cnc(Nc4ccc(cc4)n5cnc(n5)N6CCOCC6)nc23,CHEMBL1761563,IC50,7.7
7692545,OC(=O)c1ccccc1Nc2nc(Nc3cccc(O)c3)ncc2Br,CHEMBL243750,IC50,7.7
7692555,OCC1CCN(CC1)c2ccc(cn2)C(=O)NCC3=CN(c4ccccc4)c5cc(Cl)ccc5C3=O,CHEMBL3679487,IC50,7.7
7692564,CC(C)(O)[C@@H]1CC[C@H](CC1)Nc2nccc(n2)n3ccc4c(cccc34)N5CCC(CC5)S(=O)(=O)C,CHEMBL3674690,IC50,7.72
1515404,CCOc1nc(cc(N)c1C#N)C(=O)NCc2ccc(cc2)S(=O)(=O)C,CHEMBL424872,IC50,7.72
7692576,CN(C)S(=O)(=O)N[C@@H]1CC[C@H](CC1)Nc2nccc(n2)n3nnc4ccccc34,CHEMBL2425653,IC50,7.72
7692586,CN(CCO)c1ccc(cn1)C(=O)NCC2=CN(c3ccccc3)c4cc(Cl)ccc4C2=O,CHEMBL3679486,IC50,7.72
7692595,CS(=O)(=O)N(CCO)[C@@H]1CC[C@H](CC1)Nc2nccc(n2)n3ccc4c(cccc34)N5CCN(CC5)C(=O)CC#N,CHEMBL3674717,IC50,7.72
7692604,CS(=O)(=O)N[C@@H]1CC[C@H](CC1)Nc2nccc(n2)n3ccc4c(cccc34)N5CCN(CC5)C(=O)N,CHEMBL3674687,IC50,7.72
2204350,CS(=O)(=O)Nc1ccc(cc1)c2ccnc(Nc3ccc(cc3)S(=O)(=O)N)n2,CHEMBL585916,IC50,7.72
7692615,Clc1ccc2C(=O)C(=CN(c3ccccc3)c2c1)CNC(=O)c4ccc(nc4)N5CCCCC5,CHEMBL3679485,IC50,7.72
7692624,CCN1CCN(CC1)C(=O)[C@@H]2CC[C@H](CC2)Nc3nccc(n3)n4ccc5c(cccc45)N6CCN(CC6)C(=O)CC#N,CHEMBL3674728,IC50,7.73
7692633,CC(C)C[C@@H](NC(=O)CNC(=O)CNC(=O)CCCNC(=O)c1ccc(cc1)c2n[nH]c3ccccc23)C(=O)N[C@H](CC(=O)N)C(=O)N[C@H](CC(C)C)C(=O)N[C@H]([C@H](C)O)C(=O)N[C@H]([C@H](C)O)C(=O)N4CCC[C@@H]4C(=O)N[C@H](CCCNC(=N)N)C(=O)NCC(=O)NCC(=O)N[C@H](CCCNC(=N)N)C(=O)N[C@H](CCCNC(=N)N)C(=O)N[C@H](CCCNC(=N)N)C(=O)N[C@H](CCC(=O)N)C(=O)N[C@H](CCCNC(=N)N)C(=O)N[C@H](CCCNC(=N)N)C(=O)N[C@H](CCCCN)C(=O)N[C@H](CCCCN)C(=O)N[C@H](CCCNC(=N)N)C(=O)NCC(=O)N,CHEMBL1822314,IC50,7.75
7692644,CC(C)N1C(=O)C=Cc2cnc(N[C@@H]3CC[C@@H](O)CC3)nc12,CHEMBL3577855,IC50,7.75
7692655,CN1CCN(CC1)C(=O)N2CCC(CC2)Nc3ncc(Cl)c(n3)c4c[nH]c5ccccc45,CHEMBL245534,IC50,7.75
7692665,COC(=O)C1=C(CNC(=O)c2ccc(nc2)N3CCOCC3)C(=O)c4ccc(nc4N1c5ccccc5)C(F)(F)F,CHEMBL3679571,IC50,7.75
7692675,COC(=O)C1=C(Cc2ccc(cc2)S(=O)(=O)N3CCNCC3)C(=O)c4ccc(C)nc4N1c5ccccc5,CHEMBL2204113,IC50,7.75
7692686,CS(=O)(=O)C1CCN(CC1)c2cccc3c2ccn3c4ccnc(N[C@@H]5CC[C@@H](O)CC5)n4,CHEMBL2392833,IC50,7.75
7692695,Cn1cc(cn1)C(=O)NCC2=CN(c3ccccc3)c4cc(Cl)ccc4C2=O,CHEMBL3679450,IC50,7.75
7692704,OCCN(CCO)c1ccc(cn1)C(=O)NCC2=CN(c3ccccc3)c4cc(Cl)ccc4C2=O,CHEMBL3679484,IC50,7.75
7692713,COC(=O)C1=C(CNC(=O)c2ccc(cc2)c3cnns3)C(=O)c4ccc(Cl)cc4N1c5ccccc5,CHEMBL3679543,IC50,7.77
7692722,COC(=O)C1=C(CNC(=O)c2cccc(Cl)c2)C(=O)c3ccc(Cl)cc3N1c4ccccc4,CHEMBL3679561,IC50,7.77
7692732,COC(=O)C1=C(Cc2ccc(cc2)C(=O)N[C@@H]3CC[C@@H](O)CC3)C(=O)c4ccc(C)nc4N1c5ccccc5,CHEMBL2152390,IC50,7.77
2204328,COc1cc(NC(=O)c2cccc(c2)n3cc(NC(=O)Nc4cccc(C)c4)cn3)cc(OC)c1OC,CHEMBL3393599,IC50,7.77
7692745,Fc1cnc2cccc(CC(=O)Nc3scc(Br)c3c4ncn[nH]4)c2c1,CHEMBL1822133,IC50,7.77
7692755,OCCC1CCN(CC1)c2ccc(cn2)C(=O)NCC3=CN(c4ccccc4)c5cc(Cl)ccc5C3=O,CHEMBL3679483,IC50,7.77
7692765,CS(=O)(=O)C1CCN(CC1)c2cccc3c2cnn3c4ccnc(N[C@@H]5CC[C@@H](O)CC5)n4,CHEMBL2392832,IC50,7.78
7692774,COC(=O)C1=C(CNC(=O)c2ccc(cc2)N3CCOCC3)C(=O)c4ccc(Cl)cc4N1c5ccccc5,CHEMBL3679542,IC50,7.8
7692785,COc1ccc(OC)c(CNc2n[nH]c3ccnc(Oc4ccccc4)c23)c1,CHEMBL407960,IC50,7.8
7692796,CS(=O)(=O)CCCOc1cccc2c1ccn2c3ccnc(N[C@@H]4CC[C@H](CC4)C(=O)N5CCC(F)(F)CC5)n3,CHEMBL2425631,IC50,7.8
26781,CS(=O)(=O)CCCOc1cccc2c1ccn2c3ccnc(N[C@@H]4CC[C@H](CC4)C(=O)N5CCC(O)CC5)n3,CHEMBL2425628,IC50,7.8
2204734,CS(=O)(=O)Nc1ccc(cc1)c2ccnc(Nc3ccc(cc3)n4ccnn4)n2,CHEMBL571626,IC50,7.8
7692810,Clc1ccc2C(=O)C(=CN(c3ccccc3)c2c1)CNC(=O)c4cnc(s4)N5CCCCC5,CHEMBL3679510,IC50,7.8
2203487,Fc1ccc(CC(=O)Nc2scc(Br)c2c3ncn[nH]3)c4ccncc14,CHEMBL1822132,IC50,7.8
7696340,O[C@@H]1CC[C@@H](CC1)Nc2nccc(n2)n3ccc4c(cccc34)N5CCN(CC5)C(=O)CC#N,CHEMBL3674729,IC50,7.8
7696349,CS(=O)(=O)C1CCN(CC1)c2cccc3c2ccn3c4ccnc(N[C@@H]5CC[C@H](CC5)C(=O)N6CCN7CCCCC7C6)n4,CHEMBL3674723,IC50,7.81
7696359,CC(C)Oc1nc(cc(N)c1C#N)C(=O)NCc2ccc(cc2)S(=O)(=O)C,CHEMBL220504,IC50,7.82
7696370,CC1CCN(CC1)C(=O)N2CCC(CC2)Nc3ncc(Cl)c(n3)c4c[nH]c5ccccc45,CHEMBL245733,IC50,7.82
7696381,CN(C)C(=O)N1CCC(CC1)Nc2ncc(Cl)c(n2)c3c[nH]c4ccccc34,CHEMBL393659,IC50,7.82
7696392,CNC(=O)CN1CCC[C@H](C1)Nc2ncc(Cl)c(n2)c3c[nH]c4ccccc34,CHEMBL392615,IC50,7.82
7696402,COC(=O)C1=C(CNC(=O)c2ccc(Cl)cc2)C(=O)c3ccc(Cl)cc3N1c4ccccc4,CHEMBL3679551,IC50,7.82
7696411,COC(=O)C1=C(CNC(=O)c2ccc(F)c(Cl)c2)C(=O)c3ccc(Cl)cc3N1c4ccccc4,CHEMBL3679560,IC50,7.82
7696420,COC(=O)C1=C(CNC(=O)c2ccc(cc2)c3cc[nH]n3)C(=O)c4ccc(Cl)cc4N1c5ccccc5,CHEMBL3679541,IC50,7.82
7696429,COC(=O)C1=C(CNC(=O)c2ccc3cc[nH]c3c2)C(=O)c4ccc(Cl)cc4N1c5ccccc5,CHEMBL3679539,IC50,7.82
7696438,COC(=O)C1=C(CNC(=O)c2cnn(C)c2)C(=O)c3ccc(Cl)cc3N1c4ccccc4,CHEMBL3679540,IC50,7.82
7696447,CS(=O)(=O)C1CCN(CC1)c2cccc3c2ccn3c4ccnc(N[C@@H]5CC[C@H](CC5)C(=O)N6CCn7ccnc7C6)n4,CHEMBL3674726,IC50,7.82
2203432,Cc1n[nH]c(n1)c2c(C)csc2NC(=O)CN3C(=O)CCc4ccccc34,CHEMBL1682012,IC50,7.82
2203708,Clc1csc(NC(=O)Cc2cccc3ncccc23)c1c4ncn[nH]4,CHEMBL1682020,IC50,7.82
7696461,CCN(CC)C(=O)[C@@H]1CC[C@H](CC1)Nc2nccc(n2)n3ccc4c(OCCCS(=O)(=O)C)cccc34,CHEMBL2425633,IC50,7.85
7696471,COC(=O)C1=C(CNC(=O)c2ccc(F)cc2)C(=O)c3ccc(Cl)cc3N1c4ccccc4,CHEMBL3679559,IC50,7.85
7696481,COC(=O)C1=C(Cc2ccc(cc2)S(=O)(=O)C)C(=O)c3ccc(C)nc3N1c4cccc(N)c4,CHEMBL2208438,IC50,7.85
7696492,COC(=O)C1=C(c2ccccc2)c3cc(Br)ccc3C(=O)N1Cc4ccc(cc4)C(=O)OC,CHEMBL259916,IC50,7.85
2203697,COc1cc(c(OC)cc1CC(=O)Nc2cc(N)c(C#N)c(OC(C)C)n2)S(=O)(=O)C,CHEMBL378627,IC50,7.85
7696505,CS(=O)(=O)CCCOc1cccc2c1ccn2c3ccnc(N[C@@H]4CC[C@H](CC4)C(=O)N5CC[C@@H](F)C5)n3,CHEMBL2425632,IC50,7.85
7696515,CS(=O)(=O)N[C@@H]1CC[C@H](CC1)Nc2nccc(n2)n3ccc4c(cccc34)N5CCN(CC5)S(=O)(=O)N,CHEMBL3674688,IC50,7.85
7696524,Clc1ccc2C(=O)C(=C(N(c3ccccc3)c2c1)c4occn4)CNC(=O)c5ccc(nc5)N6CCCCC6,CHEMBL3679427,IC50,7.85
2204096,Clc1csc(NC(=O)Cc2cccc3cnccc23)c1c4ncn[nH]4,CHEMBL1682017,IC50,7.85
7696536,Fc1cc(CC(=O)Nc2scc(Br)c2c3ncn[nH]3)c4cccnc4c1,CHEMBL1822134,IC50,7.85
7696546,NC(=O)c1ccc(cc1)C(=O)NCC2=C(N(c3ccccc3)c4cc(Cl)ccc4C2=O)c5occn5,CHEMBL3679424,IC50,7.85
7696555,CC(=O)N1CCN(CC1)c2cccc3c2c(cn3c4ccnc(N[C@@H]5CC[C@@H](CS(=O)(=O)C)CC5)n4)C(=O)N,CHEMBL3674736,IC50,7.86
7696564,CS(=O)(=O)C[C@@H]1CC[C@H](CC1)Nc2nccc(n2)n3ccc4c(cccc34)N5CCN(CC5)C(=O)CC#N,CHEMBL3674715,IC50,7.87
2203841,Brc1csc(NC(=O)CN2C(=O)CCc3ncccc23)c1c4nccs4,CHEMBL1822154,IC50,7.89
7696576,CCNC(=O)N1CCC(CC1)Nc2ncc(Cl)c(n2)c3c[nH]c4ccccc34,CHEMBL248176,IC50,7.89
2203929,CNC(=O)CN1CCC(CC1)Nc2ncc(Cl)c(n2)c3c[nH]c4ccccc34,CHEMBL245336,IC50,7.89
7696588,COC(=O)C1=C(CNC(=O)c2cccc(F)c2)C(=O)c3ccc(Cl)cc3N1c4ccccc4,CHEMBL3679557,IC50,7.89
7696597,COC(=O)C1=C(CNC(=O)c2cccnc2)C(=O)c3ccc(Cl)cc3N1c4ccccc4,CHEMBL3679558,IC50,7.89
7696606,COC(=O)C1=C(CNC(=O)c2cnn(Cc3ccccc3)c2)C(=O)c4ccc(Cl)cc4N1c5ccccc5,CHEMBL3679538,IC50,7.89
2438809,COc1cc(ccc1Nc2nc(Nc3cccc(F)c3C(=O)N)c4cc[nH]c4n2)N5CCN(CC5)C(C)C,CHEMBL507625,IC50,7.89
2203786,Cc1ncn(n1)c2ccc(Nc3cc(ccn3)c4nocc4c5cn[nH]c5C)cc2,CHEMBL3100085,IC50,7.89
7696619,Clc1ccc2C(=O)C(=CN(c3ccccc3)c2c1)CNC(=O)C4=CC(=O)N(Cc5ccccc5)C=C4,CHEMBL3679449,IC50,7.89
7696628,OC[C@@H]1CC[C@H](CC1)Nc2nccc(n2)n3ccc4c(cccc34)N5CCN(CC5)C(=O)CC#N,CHEMBL3674700,IC50,7.89
7696637,CCO[C@H]1CCN(C1)C(=O)[C@@H]2CC[C@H](CC2)Nc3nccc(n3)n4ccc5c(cccc45)N6CCC(CC6)S(=O)(=O)C,CHEMBL3674705,IC50,7.91
7696647,C1CCC(C1)Nc2nccc(n2)c3c[nH]nc3C4CCCOC4,CHEMBL483741,Ki,7.92
7589927,CC(=O)Nc1cccc(c1)c2n[nH]c3cc(c(NC4CCCCC4)cc23)c5cnn(C)c5,CHEMBL2380587,IC50,7.92
2438468,CCCN1CCC=C(C1)c2ccc(Nc3nc(Nc4ccccc4C(=O)N)c5cc[nH]c5n3)c(C)c2,CHEMBL513897,IC50,7.92
7696662,CCCOc1cccc2c1cnn2c3ccnc(N[C@@H]4CC[C@@H](O)CC4)n3,CHEMBL2425639,IC50,7.92
7696673,CCOC1CCN(C1)C(=O)[C@@H]2CC[C@H](CC2)Nc3nccc(n3)n4ccc5c(cccc45)N6CCC(CC6)S(=O)(=O)C,CHEMBL2392839,IC50,7.92
7696684,CCOc1nc(cc(N)c1C#N)C(=O)NCc2ccccc2S(=O)(=O)N,CHEMBL377408,IC50,7.92
7696694,COC(=O)C1=C(CNC(=O)c2ccc(F)c(F)c2)C(=O)c3ccc(Cl)cc3N1c4ccccc4,CHEMBL3679556,IC50,7.92
7696703,COC(=O)C1=C(CNC(=O)c2ccccc2)C(=O)c3ccc(Cl)cc3N1c4ccccc4,CHEMBL3679569,IC50,7.92
7696712,COC(=O)C1=C(CNC(=O)c2ccncc2)C(=O)c3ccc(Cl)cc3N1c4ccccc4,CHEMBL3679555,IC50,7.92
7696722,COC(=O)C1=C(Cc2ccc(cc2)C(=O)N[C@@H]3[C@@H]4C[C@@H]5C[C@H]3C[C@@](O)(C5)C4)C(=O)c6cccnc6N1c7ccccc7,CHEMBL2152383,IC50,7.92
7696733,COC(=O)C1=C(Cc2ccc(cc2)C(=O)N[C@H](CO)C(C)(C)C)C(=O)c3cccnc3N1c4ccccc4,CHEMBL2152384,IC50,7.92
7696744,COC(=O)C1=C(c2ccccc2)c3cc(Br)ccc3C(=O)N1Cc4ccc(NS(=O)(=O)C)cc4,CHEMBL261841,IC50,7.92
7696755,C[C@@]1(O)CC[C@@H](CC1)Nc2nccc(n2)n3ccc4c(cccc34)N5CCC(CC5)S(=O)(=O)C,CHEMBL2392835,IC50,7.92
2204030,O=C(Cc1cccc2ncccc12)Nc3scc(C#N)c3c4ncn[nH]4,CHEMBL1682021,IC50,7.92
2203830,O[C@@H]1CC[C@H](CC1)c2n[nH]cc2c3ccnc(NC4CCCC4)n3,CHEMBL507249,Ki,7.92
7696770,CS(=O)(=O)C1CCN(CC1)c2cccc3c2ccn3c4ccnc(N[C@@H]5CC[C@H](CC5)C(=O)N6CCn7cnnc7C6)n4,CHEMBL2392840,IC50,7.93
7696779,C[C@@]1(O)CC[C@H](CC1)Nc2nccc(n2)n3ccc4c(cccc34)N5CCC(CC5)S(=O)(=O)C,CHEMBL3674692,IC50,7.93
7696788,CC(C)(C)OC(=O)N1CC2CC1CN2c3ccc(cn3)C(=O)NCC4=CN(c5ccccc5)c6cc(Cl)ccc6C4=O,CHEMBL3679482,IC50,7.96
7696798,CCC(=O)C1=C(c2ccccc2)c3cc(Cl)ccc3C(=O)N1Cc4cc(C(=O)N(C)C)n(C)n4,CHEMBL258631,IC50,7.96
7696809,CCC(=O)C1=C(c2ccccc2)c3cc(Cl)ccc3C(=O)N1Cc4cc(C(=O)N)n(CC)n4,CHEMBL258845,IC50,7.96
7696819,CNC(=O)c1ccc(cc1)C(=O)NCC2=C(N(c3ccccc3)c4cc(Cl)ccc4C2=O)C(=O)OC,CHEMBL3679537,IC50,7.96
26212,C[C@]12O[C@H](C[C@]1(O)CO)n3c4ccccc4c5c6C(=O)NCc6c7c8ccccc8n2c7c35,CHEMBL603469,Kd,7.96
2203675,FC(F)(F)Oc1ccc2C=CC(=O)N(CC(=O)Nc3scc(Br)c3c4ncn[nH]4)c2c1,CHEMBL1822150,IC50,7.96
2204545,O=C(Cc1cccc2cnccc12)Nc3scc(C#N)c3c4ncn[nH]4,CHEMBL1682018,IC50,7.96
7696834,CC(=O)OCC(=O)N1CCN(CC1)c2cccc3c2ccn3c4ccnc(N[C@@H]5CC[C@H](CC5)NS(=O)(=O)C)n4,CHEMBL3674689,IC50,7.98
7696843,CN([C@@H]1CC[C@H](CC1)Nc2nccc(n2)n3ccc4c(cccc34)N5CCN(CC5)C(=O)C)S(=O)(=O)C,CHEMBL3674686,IC50,7.99
7696853,CCC(=O)C1=C(c2ccccc2)c3cc(Cl)ccc3C(=O)N1Cc4cc(C(=O)NC5CC5)n(CC(F)F)n4,CHEMBL409350,IC50,8.0
7696864,CCC(=O)C1=C(c2ccccc2)c3cc(Cl)ccc3C(=O)N1Cc4cc(n(CC(F)F)n4)S(=O)(=O)C,CHEMBL411083,IC50,8.0
7696875,CCC(=O)C1=C(c2ccccc2)c3cc(Cl)ccc3C(=O)N1Cc4cc(n(CCC(C)(C)O)n4)S(=O)(=O)C,CHEMBL261413,IC50,8.0
7696885,COC(=O)C1=C(CNC(=O)c2ccc(Cl)nc2)C(=O)c3ccc(F)cc3N1c4ccccc4,CHEMBL3679589,IC50,8.0
7696894,COC(=O)C1=C(CNC(=O)c2ccc(cc2)C(=O)N)C(=O)c3ccc(Cl)cc3N1c4ccccc4,CHEMBL3679536,IC50,8.0
478842,COc1cc(Nc2ncc(F)c(Nc3ccc4OC(C)(C)C(=O)Nc4n3)n2)cc(OC)c1OC,CHEMBL475251,EC50,8.0
7696906,CS(=O)(=O)N[C@@H]1CC[C@H](CC1)Nc2nccc(n2)n3ccc4c(cccc34)N5CCN(CC5)C(=O)CO,CHEMBL2392828,IC50,8.0
2203619,Cc1ncn(n1)c2ccc(Nc3ncc4cccc(c5nccs5)c4n3)cc2,CHEMBL1761569,IC50,8.0
2203641,Cn1cc(cn1)c2cccc3cnc(Nc4ccc(cc4)n5cnc(n5)N6CCOCC6)nc23,CHEMBL1761564,IC50,8.0
2204107,O=C(CN1C(=O)CCc2ncccc12)Nc3scc(C#N)c3c4nccs4,CHEMBL1822306,IC50,8.0
7696922,CS(=O)(=O)CCCOc1cccc2c1ccn2c3ccnc(N[C@@H]4CC[C@H](CC4)C(=O)N5CC[C@@H](O)C5)n3,CHEMBL2425629,IC50,8.01
7696933,CCC(=O)C1=C(c2ccccc2)c3cc(Cl)ccc3C(=O)N1Cc4ccc(cc4)C(=O)O,CHEMBL259554,IC50,8.02
7696943,CCO[C@@H]1CCN(C1)C(=O)[C@@H]2CC[C@H](CC2)Nc3nccc(n3)n4ccc5c(cccc45)N6CCC(CC6)S(=O)(=O)C,CHEMBL3674704,IC50,8.02
7696953,CCC(=O)C1=C(c2ccccc2)c3cc(Cl)ccc3C(=O)N1Cc4cc(C(=O)NC)n(C)n4,CHEMBL259720,IC50,8.03
7696964,COC(=O)C1=C(c2ccccc2)c3cc(Br)ccc3C(=O)N1Cc4ccc(NC(=O)CCC(=O)O)cc4,CHEMBL261014,IC50,8.04
2203907,Brc1csc(NC(=O)CN2C(=O)CCc3ncccc23)c1c4ncn[nH]4,CHEMBL1822138,IC50,8.05
7696977,CS(=O)(=O)N[C@@H]1CC[C@H](CC1)c2n[nH]cc2c3ccnc(NC4CCCC4)n3,CHEMBL482559,Ki,8.05
7696987,Clc1ccc2C(=O)C(=C(N(c3ccccc3)c2c1)c4occn4)CNC(=O)c5ccc(nc5)N6CCOCC6,CHEMBL3679423,IC50,8.05
7696998,NC(=O)c1ccccc1Nc2ccnc(Nc3cccc(O)c3)n2,CHEMBL242237,IC50,8.05
2204612,O=C(CN1C(=O)CCc2ccccc12)Nc3scc(C#N)c3c4ncn[nH]4,CHEMBL1682015,IC50,8.05
2203819,O[C@@H]1CC[C@H](CC1)Nc2nccc(n2)c3c[nH]nc3C4CCCOC4,CHEMBL1089007,Ki,8.05
7697013,CCNC(=O)n1ccc(CN2C(=O)c3ccc(Cl)cc3C(=C2C(=O)CC)c4ccccc4)n1,CHEMBL258705,IC50,8.07
7697024,CS(=O)(=O)C1CCN(CC1)c2cccc3c2ccn3c4ccnc(N[C@@H]5CC[C@H](CC5)C(=O)N6CCC(O)CC6)n4,CHEMBL2392838,IC50,8.08
7697034,CCC(=O)C1=C(c2ccccc2)c3cc(Cl)ccc3C(=O)N1Cc4cc(n(CC(=O)N)n4)S(=O)(=O)C,CHEMBL260065,IC50,8.09
2204240,Brc1csc(NC(=O)CN2C(=O)C=Cn3nccc23)c1c4ncn[nH]4,CHEMBL1822143,IC50,8.1
7697046,COC(=O)C1=C(CNC(=O)c2ccc(cc2)S(=O)(=O)N)C(=O)c3ccc(Cl)cc3N1c4ccccc4,CHEMBL3679534,IC50,8.1
7697055,COC(=O)C1=C(CNC(=O)c2cccc(OC)c2)C(=O)c3ccc(Cl)cc3N1c4ccccc4,CHEMBL3679554,IC50,8.1
7697064,COC(=O)C1=C(CNC(=O)c2cnc(s2)N3CCOCC3)C(=O)c4ccc(Cl)cc4N1c5ccccc5,CHEMBL3679535,IC50,8.1
2203885,COc1ccc(Oc2cc(Nc3ccccc3C(=O)N)c(Cl)cn2)cc1,CHEMBL1923187,IC50,8.1
2203962,FC(F)(F)c1ccc2N(CC(=O)Nc3scc(Br)c3c4ncn[nH]4)C(=O)C=Cc2n1,CHEMBL1822142,IC50,8.1
7697078,CCC(=O)C1=C(c2ccccc2)c3cc(Cl)ccc3C(=O)N1Cc4cc(n(CC(=O)C)n4)S(=O)(=O)C,CHEMBL260064,IC50,8.12
7697089,CCC(=O)C1=C(c2ccccc2)c3cc(Cl)ccc3C(=O)N1Cc4cc(C(=O)N)n(C)n4,CHEMBL437107,IC50,8.14
2204568,Brc1csc(NC(=O)CN2C(=O)CCc3ncccc23)c1c4occn4,CHEMBL1822153,IC50,8.16
7697102,CC(=O)N[C@@H]1CC[C@H](CC1)Nc2nccc(n2)n3ccc4c(cccc34)N5CCC(CC5)S(=O)(=O)C,CHEMBL2392834,IC50,8.16
2204063,CC(C)NC(=O)N[C@@H]1CC[C@H](CC1)Nc2ncc3C=CC(=O)N(C4CCCC4)c3n2,CHEMBL3577877,IC50,8.16
7697115,CCOC(=O)[C@@H]1CC[C@H](CC1)Nc2nccc(n2)n3ccc4c(cccc34)N5CCC(CC5)S(=O)(=O)C,CHEMBL2392837,IC50,8.16
7697125,COC(=O)C1=C(CNC(=O)c2ccc(OC)cc2)C(=O)c3ccc(Cl)cc3N1c4ccccc4,CHEMBL3679553,IC50,8.16
7697134,COC(=O)C1=C(CNC(=O)c2ccc(cc2)c3ncc[nH]3)C(=O)c4ccc(Cl)cc4N1c5ccccc5,CHEMBL3679533,IC50,8.16
7697143,COC(=O)C1=C(CNC(=O)c2ccc3scnc3c2)C(=O)c4ccc(Cl)cc4N1c5ccccc5,CHEMBL3679532,IC50,8.16
7697152,Clc1ccc2C(=O)C(=C(N(c3ccccc3)c2c1)c4occn4)CNC(=O)c5ccnc(c5)N6CCOCC6,CHEMBL3679422,IC50,8.16
2204217,FC(F)(F)c1ccc2N(CC(=O)Nc3scc(C#N)c3c4nccs4)C(=O)C=Cc2c1,CHEMBL1822308,IC50,8.16
7697163,OCC1CCN(CC1)c2ccc(cn2)C(=O)NCC3=C(N(c4ccccc4)c5ncccc5C3=O)c6occn6,CHEMBL3679432,IC50,8.16
7697173,CCC(=O)C1=C(c2ccccc2)c3cc(Cl)ccc3C(=O)N1Cc4cn(C(=O)NC)c(C)n4,CHEMBL259484,IC50,8.17
7697184,CS(=O)(=O)N[C@@H]1CC[C@H](CC1)Nc2nccc(n2)n3ccc4c(OCC5CCS(=O)(=O)C5)cccc34,CHEMBL2392831,IC50,8.17
7697195,CCC(=O)C1=C(c2ccccc2)c3cc(Cl)ccc3C(=O)N1Cc4cc(C(=O)NC5CC5)n(C)n4,CHEMBL258618,IC50,8.19
7697205,CS(=O)(=O)C1CCN(CC1)c2cccc3c2ccn3c4ccnc(N[C@@H]5CC[C@H](CC5)C(=O)N6CCn7c(C6)nnc7C(F)(F)F)n4,CHEMBL3674724,IC50,8.21
7697215,CS(=O)(=O)CCCOc1cccc2c1cnn2c3ccnc(N[C@@H]4CC[C@@H](O)CC4)n3,CHEMBL2390974,IC50,8.21
7697225,CCNC(=O)[C@@H]1CC[C@H](CC1)Nc2nccc(n2)n3ccc4c(cccc34)N5CCC(CC5)S(=O)(=O)C,CHEMBL3674693,IC50,8.22
7697234,COC(=O)C1=C(CNC(=O)c2ccc(cc2)C(=O)OC)C(=O)c3ccc(Cl)cc3N1c4ccccc4,CHEMBL3679552,IC50,8.22
7697243,COC(=O)C1=C(CNC(=O)c2ccc(nc2)N3CCOCC3)C(=O)c4ccc(Cl)cc4N1c5ccccc5,CHEMBL3679531,IC50,8.22
2204195,FC(F)(F)c1ccc2C=CC(=O)N(CC(=O)Nc3scc(Br)c3c4ncn[nH]4)c2c1,CHEMBL1822147,IC50,8.22
7697255,CS(=O)(=O)N[C@@H]1CC[C@H](CC1)Nc2nccc(n2)n3ccc4c(cccc34)N5CCN(CC5)C(=O)CC#N,CHEMBL2392827,IC50,8.27
7697264,COC(=O)C1=C(CNC(=O)c2ccc(cc2)c3nnc[nH]3)C(=O)c4ccc(Cl)cc4N1c5ccccc5,CHEMBL3679530,IC50,8.3
2204623,O=C(CN1C(=O)CCc2ncccc12)Nc3scc(C#N)c3c4ncn[nH]4,CHEMBL1822139,IC50,8.3
7697275,O=C(CC#N)N1CCN(CC1)c2cccc3c2ccn3c4ccnc(NC5CCCCC5)n4,CHEMBL3674711,IC50,8.31
2204968,CN(C)C\C=C\C(=O)Nc1cccc(c1)C(=O)Nc2ccc(Nc3nccc(n3)c4cccnc4)c(C)c2,CHEMBL2216824,IC50,8.33
7697287,COC1CCN(CC1)C(=O)[C@@H]2CC[C@H](CC2)Nc3nccc(n3)n4ccc5c(OCCCS(=O)(=O)C)cccc45,CHEMBL2425630,IC50,8.33
2204295,Brc1csc(NC(=O)CN2C(=O)C=Cc3cnccc23)c1c4ncn[nH]4,CHEMBL1822140,IC50,8.4
7697300,CC(C)(O)[C@@H]1CC[C@H](CC1)Nc2nccc(n2)n3ccc4c(OCCCS(=O)(=O)C)cccc34,CHEMBL2425634,IC50,8.4
7697311,CC(C)(O)[C@@H]1CC[C@H](CC1)Nc2nccc(n2)n3ncc4c(OCCCS(=O)(=O)C)cccc34,CHEMBL2425635,IC50,8.4
7697322,CCOc1nc(cc(N)c1C#N)C(=O)NCc2ccc(nc2)c3ccc(cc3)C(=O)O,CHEMBL211584,IC50,8.4
7697332,COC(=O)C1=C(CNC(=O)c2ccc(cc2)S(=O)(=O)C)C(=O)c3ccc(Cl)cc3N1c4ccccc4,CHEMBL3679528,IC50,8.4
7697341,COC(=O)C1=C(CNC(=O)c2ccc(cc2)c3ocnc3)C(=O)c4ccc(Cl)cc4N1c5ccccc5,CHEMBL3679529,IC50,8.4
7697350,COC(=O)C1=C(CNC(=O)c2ccc(nc2)N3CCOCC3)C(=O)c4ccc(F)cc4N1c5ccccc5,CHEMBL3679588,IC50,8.4
2204339,COc1ccc(Oc2ncc(Cl)c(Nc3ccccc3C(=O)N)n2)cc1,CHEMBL1923217,IC50,8.4
2204700,Clc1csc(NC(=O)CN2C(=O)CCc3ccccc23)c1c4ncn[nH]4,CHEMBL1682014,IC50,8.4
2204590,FC(F)(F)c1cc2N(CC(=O)Nc3scc(Br)c3c4ncn[nH]4)C(=O)C=Cc2cn1,CHEMBL1822141,IC50,8.4
2204262,FC(F)(F)c1ccc2N(CC(=O)Nc3scc(C#N)c3c4occn4)C(=O)C=Cc2c1,CHEMBL1822307,IC50,8.4
7697367,O=C(NCC1=C(N(c2ccccc2)c3ncccc3C1=O)c4occn4)C5=CC(=O)N(Cc6ccccc6)C=C5,CHEMBL3679429,IC50,8.4
7697377,COC(=O)C1=C(c2ccccc2)c3cc(Br)ccc3C(=O)N1Cc4ccc(NS(=O)(=O)c5ccc(cc5)C(=O)O)cc4,CHEMBL260429,IC50,8.48
7697387,CCOc1nc(NC(=O)Cc2cc(OC)c(cc2OC)S(=O)(=O)C)cc(N)c1C#N,CHEMBL210963,Ki,8.52
7697398,CCOc1nc(NC(=O)Cc2cc(OC)c(cc2OC)S(=O)(=O)C)cc(N)c1Cl,CHEMBL210928,Ki,8.52
2204689,CN(C)c1c(cnn1Cc2ccccc2)c3ccnc(N[C@@H]4CC[C@@H](O)CC4)n3,CHEMBL1094014,Ki,8.52
2204990,COc1cc(ccc1Nc2ncc(Cl)c(Nc3ccccc3C(=O)N)n2)N4CCOCC4,CHEMBL3220495,IC50,8.52
2203951,FC(F)(F)c1cc2N(CC(=O)Nc3scc(Br)c3c4ncn[nH]4)C(=O)C=Cn2n1,CHEMBL1822144,IC50,8.52
2204711,Fc1cc2C=CC(=O)N(CC(=O)Nc3scc(Br)c3c4ncn[nH]4)c2cc1F,CHEMBL1822145,IC50,8.52
2204888,CCCn1c(nc(c2ccc(Cl)c(Cl)c2)c1c3ccnc(NC4CCCCC4)n3)C5CCNCC5,CHEMBL437747,IC50,8.7
7697419,CCOc1nc(NC(=O)Cc2cc(OC)ccc2OC)cc(N)c1C#N,CHEMBL210618,Ki,8.7
2204579,FC(F)(F)Oc1ccc2N(CC(=O)Nc3scc(Br)c3c4ncn[nH]4)C(=O)C=Cc2c1,CHEMBL1822149,IC50,8.7
2204206,FC(F)(F)c1ccc2N(CC(=O)Nc3scc(Br)c3c4ncn[nH]4)C(=O)C=Cc2c1,CHEMBL1822146,IC50,8.7
2204251,FC(F)(F)c1ccc2N(CC(=O)Nc3scc(C#N)c3c4cscn4)C(=O)C=Cc2c1,CHEMBL1822309,IC50,8.7
2205011,CN(C)C\C=C\C(=O)Nc1cccc(c1)C(=O)Nc2ccc(Nc3nccc(n3)c4cccnc4)cc2,CHEMBL3393607,IC50,8.82
2204162,CN(C)C\C=C\C(=O)Nc1cccc(c1)C(=O)Nc2ccc(Nc3nccc(n3)c4c(nn5ccccc45)c6ccccc6)cc2,CHEMBL3393608,IC50,8.89
2204866,Brc1csc(NC(=O)CN2C(=O)C=Cc3cc(ccc23)C#N)c1c4ncn[nH]4,CHEMBL1822151,IC50,9.0
2204877,Brc1csc(NC(=O)CN2C(=O)C=Cc3ccc(cc23)C#N)c1c4ncn[nH]4,CHEMBL1822152,IC50,9.0
7697443,Clc1ccc2C(=O)C(=C(N(c3ccccc3)c2c1)c4occn4)CNC(=O)C5=CC(=O)N(Cc6ccccc6)C=C5,CHEMBL3679421,IC50,9.0
2204822,Cn1cnc(n1)c2c(Br)csc2NC(=O)CN3C(=O)CCc4ncccc34,CHEMBL1822305,IC50,9.0
2205042,NC(=O)c1ccccc1Nc2nc(Nc3ccc(cc3)N4CCOCC4)ncc2Cl,CHEMBL3220493,IC50,9.0
7697456,CC(C)C[C@H](NC(=O)[C@@H](NC(=O)[C@@H](NC(=O)[C@@H]1CCCN1C(=O)[C@@H](N)CCCNC(=N)N)[C@@H](C)O)[C@@H](C)O)C(=O)N[C@@H](CC(=O)N)C(=O)NCC(=O)NCC(=O)NCCCNC(=O)c2ccc(cc2)c3n[nH]c4ccccc34,CHEMBL1822313,IC50,9.05
7697467,COc1ccc(CC(=O)Nc2cc3cc(ccc3cn2)c4cnn(C)c4)cc1,CHEMBL3393600,IC50,9.1
2205083,NC(=O)c1ccccc1Nc2nc(Nc3ccc(cc3)N4CCCC4=O)ncc2Cl,CHEMBL3220502,IC50,9.62
