id,smiles,name,assay_type,activity_value
2203299,Clc1ccccc1NC(=O)Nc2cnn(c2)c3cccc(c3)C(=O)NC4CCNC4,CHEMBL3355184,IC50,7.54
2203311,O=C1N(Cc2ccncc2)N=C(N1c3ccc4ccccc4c3)c5ccnc(NC6CCCCC6)c5,CHEMBL1644642,IC50,7.54
2203322,Brc1csc(NC(=O)CN2C(=O)CCc3ccccc23)c1c4ncn[nH]4,CHEMBL1682013,IC50,7.55
2203333,CC(C)NC(=O)N1CCC(CC1)Nc2ncc3C=CC(=O)N(C(C)C)c3n2,CHEMBL3577874,IC50,7.55
2203344,CC(C)(C)Oc1ccc(Oc2cc(Nc3ccccc3C(=O)N)c(cn2)C(F)(F)F)cc1,CHEMBL1923194,IC50,7.57
2203355,CNc1onc(c2ccnc(Nc3ccc(cc3)N4CCOCC4)c2)c1c5ccc(F)cc5,CHEMBL3099972,IC50,7.57
2203366,C(N1CCCCC1)c2onc(c3ccccc3)c2c4ccnc(NC5CCCCC5)n4,CHEMBL1080582,IC50,7.59
2203377,CCC(C)Nc1cc(ccn1)c2c(nc(S\C=C/C(=O)O)n2CC(OC)OC)c3ccc(F)cc3,CHEMBL3394121,IC50,7.59
2203388,Fc1ccc(cc1)c2conc2c3ccnc(Nc4ccc(cc4)N5CCOCC5)c3,CHEMBL3099965,IC50,7.59
2203399,CC(=O)Nc1cc(ccn1)c2c(nc(S\C=C/C(=O)O)n2CC3CCCCC3)c4ccc(F)cc4,CHEMBL3394107,IC50,7.6
2203410,COc1cc(NC(=O)c2cccc(c2)n3cc(NC(=O)Nc4ccccc4)cn3)cc(OC)c1OC,CHEMBL1233747,IC50,7.6
2203421,Cc1csc(NC(=O)CN2C(=O)CCc3ccccc23)c1c4ncn[nH]4,CHEMBL1614820,IC50,7.6
2203432,Cc1n[nH]c(n1)c2c(C)csc2NC(=O)CN3C(=O)CCc4ccccc34,CHEMBL1682012,IC50,7.6
2203443,COC(=O)N1CCC(CC1)N2N=C(N(C2=O)c3ccc4ccccc4c3)c5ccnc(NC6CCOCC6)c5,CHEMBL1644646,IC50,7.62
2203454,COc1cc(NC(=O)c2cccc(c2)n3ncc4cc(Nc5ccccc5)ccc34)cc(OC)c1OC,CHEMBL2376909,IC50,7.62
2203465,COc1ccc(Nc2ncc3nc(Nc4ccccc4F)n([C@@H]5CC[C@@H](CC5)C(=O)N)c3n2)cc1,CHEMBL1946495,IC50,7.62
2203476,Cc1ncn(n1)c2ccc(Nc3cc(ccn3)c4nocc4c5cn[nH]c5)cc2,CHEMBL3099963,IC50,7.62
2203487,Fc1ccc(CC(=O)Nc2scc(Br)c2c3ncn[nH]3)c4ccncc14,CHEMBL1822132,IC50,7.62
2203498,N[C@@H]1CC[C@H](CC1)Nc2ncc3nc(Nc4ccc(F)cc4F)n(C5CCCC5)c3n2,CHEMBL1946837,IC50,7.62
2203509,O=C1NN=C(N1c2ccc3ccccc3c2)c4ccnc(NC5CCCCC5)c4,CHEMBL1644618,IC50,7.62
2203520,Clc1ccccc1NC(=O)Nc2cnn(c2)c3cccc(c3)C(=O)Nc4cnn(CCN5CCCC5)c4,CHEMBL3355176,IC50,7.64
2203531,Clc1ccccc1NC(=O)Nc2cnn(c2)c3cccc(c3)C(=O)Nc4cnn(c4)C5CCNCC5,CHEMBL3355177,IC50,7.64
2203542,Fc1ccccc1Nc2ccc3c(cnn3c4cccc(c4)C(=O)NCCCN5CCOCC5)c2,CHEMBL2376918,IC50,7.66
2203553,O=C1N(CC2CCOCC2)N=C(N1c3ccc4ccccc4c3)c5ccnc(NC6CCCCC6)c5,CHEMBL1644638,IC50,7.66
2203564,Oc1c2ccccc2c3N=Nc4cccc1c34,CHEMBL1725279,Kd,7.66
2203575,CCN(CC)CCn1cc(NC(=O)c2cccc(c2)n3cc(NC(=O)Nc4ccccc4Cl)cn3)cn1,CHEMBL3355175,IC50,7.68
2203586,CN(C)CCNC(=O)c1cccc(c1)c2[nH]nc3cc(Nc4ccccc4Cl)ccc23,CHEMBL198821,IC50,7.68
2203597,COCCC(=O)Nc1cc(ccn1)c2ccnc(Nc3ccccc3)c2,CHEMBL379254,IC50,7.7
2203608,Cc1cc(Nc2nc3ccccc3[nH]2)c4ccccc4c1Oc5ncccc5c6ccnc(N[C@H]7CCCNC7)n6,CHEMBL3356002,IC50,7.7
2203619,Cc1ncn(n1)c2ccc(Nc3ncc4cccc(c5nccs5)c4n3)cc2,CHEMBL1761569,IC50,7.7
2203630,Cn1cc(cn1)c2ccc3cnc(Nc4ccc(cc4)n5cnc(n5)N6CCOCC6)nc3c2C7CC7,CHEMBL1761581,IC50,7.7
2203641,Cn1cc(cn1)c2cccc3cnc(Nc4ccc(cc4)n5cnc(n5)N6CCOCC6)nc23,CHEMBL1761564,IC50,7.7
2203653,CN1C(=O)C(=Cc2cnc(NC(CCO)CCO)nc12)Oc3ccc(F)cc3F,CHEMBL1090089,Kd,7.72
2203664,Cn1cc(cn1)c2conc2c3ccnc(Nc4ccc(cc4)N5CCOCC5)c3,CHEMBL3099977,IC50,7.72
2203675,FC(F)(F)Oc1ccc2C=CC(=O)N(CC(=O)Nc3scc(Br)c3c4ncn[nH]4)c2c1,CHEMBL1822150,IC50,7.72
2203686,CC(=O)Nc1cc(ccn1)c2c(nc(S\C=C/C(=O)O)n2CC3CC3)c4ccc(F)cc4,CHEMBL3394106,IC50,7.75
2203697,COc1cc(c(OC)cc1CC(=O)Nc2cc(N)c(C#N)c(OC(C)C)n2)S(=O)(=O)C,CHEMBL378627,Ki,7.75
2203708,Clc1csc(NC(=O)Cc2cccc3ncccc23)c1c4ncn[nH]4,CHEMBL1682020,IC50,7.75
2203719,O=C(Nc1cc(ccn1)c2ccnc(Nc3ccccc3)c2)c4occc4,CHEMBL380724,IC50,7.75
2203730,COc1ccc(Nc2ncc3nc(Nc4ccccc4F)n([C@@H]5CC[C@H](O)CC5)c3n2)cc1,CHEMBL1946340,IC50,7.77
2203741,COc1ccc(Oc2cc(Nc3cc(OC)ccc3C(=O)N)c(cn2)C(F)(F)F)cc1,CHEMBL1923211,IC50,7.77
2203752,Fc1ccc(Nc2cc(ccn2)c3ccnc(Nc4ccc(F)cc4)c3)cc1,CHEMBL205672,IC50,7.77
2203763,OC(=O)\C=C/Sc1nc(c2ccc(F)cc2)c([nH]1)c3ccnc(Nc4ccccc4)c3,CHEMBL3394125,IC50,7.77
2203775,C[C@H](CS(=O)(=O)C)Nc1ncc2C=C(Oc3ccc(F)cc3F)C(=O)N(C)c2n1,CHEMBL1232769,Kd,7.8
2203786,Cc1ncn(n1)c2ccc(Nc3cc(ccn3)c4nocc4c5cn[nH]c5C)cc2,CHEMBL3100085,IC50,7.8
2203797,N[C@@H]1CC[C@H](CC1)Nc2ncc3nc(Nc4c(F)cc(F)cc4F)n(C5CCCC5)c3n2,CHEMBL1946647,IC50,7.8
2203808,O=C1N(N=C(N1c2ccc3ccccc3c2)c4ccnc(NC5CCCCC5)c4)C6CCOCC6,CHEMBL1644639,IC50,7.8
2203819,O[C@@H]1CC[C@H](CC1)Nc2nccc(n2)c3c[nH]nc3C4CCCOC4,CHEMBL1089007,Ki,7.8
2203830,O[C@@H]1CC[C@H](CC1)c2n[nH]cc2c3ccnc(NC4CCCC4)n3,CHEMBL507249,IC50,7.8
2203841,Brc1csc(NC(=O)CN2C(=O)CCc3ncccc23)c1c4nccs4,CHEMBL1822154,IC50,7.82
2203852,CC(=O)N1CCCC(C1)C(=O)Nc2cc(ccn2)c3ccnc(Nc4ccc(F)cc4)c3,CHEMBL206466,IC50,7.82
2203863,CC(C)NC(=O)N[C@@H]1CC[C@H](CC1)Nc2ncc3C=CC(=O)N(C(C)C)c3n2,CHEMBL3577868,IC50,7.82
2203874,CO[C@@H]1CC[C@@H](CC1)C(=O)Nc2cc(ccn2)c3ccnc(Nc4ccc(F)cc4)c3,CHEMBL202676,IC50,7.82
2203885,COc1ccc(Oc2cc(Nc3ccccc3C(=O)N)c(Cl)cn2)cc1,CHEMBL1923187,IC50,7.82
2203896,Clc1ccccc1Nc2ccc3c(cnn3c4cccc(c4)C(=O)NCCCN5CCOCC5)c2,CHEMBL2376919,IC50,7.82
2203907,Brc1csc(NC(=O)CN2C(=O)CCc3ncccc23)c1c4ncn[nH]4,CHEMBL1822138,IC50,7.85
2203918,C1CNC[C@@H](C1)Nc2nccc(n2)c3cccnc3Oc4ccc(Nc5nc6ccccc6[nH]5)c7ccccc47,CHEMBL3355997,IC50,7.85
2203929,CNC(=O)CN1CCC(CC1)Nc2ncc(Cl)c(n2)c3c[nH]c4ccccc34,CHEMBL245336,IC50,7.85
2203940,Clc1cccc2ccc(cc12)N3C(=O)NN=C3c4ccnc(NC5CCOCC5)c4,CHEMBL1644637,IC50,7.85
2203951,FC(F)(F)c1cc2N(CC(=O)Nc3scc(Br)c3c4ncn[nH]4)C(=O)C=Cn2n1,CHEMBL1822144,IC50,7.85
2203962,FC(F)(F)c1ccc2N(CC(=O)Nc3scc(Br)c3c4ncn[nH]4)C(=O)C=Cc2n1,CHEMBL1822142,IC50,7.85
2203973,N[C@@H]1CC[C@H](CC1)Nc2ncc3nc(Nc4c(F)cccc4F)n(C5CCCC5)c3n2,CHEMBL1946646,IC50,7.89
2203985,CNC(=O)c1ccccc1Nc2nc(Nc3ccc(cc3OC)N4CCOCC4)ncc2Cl,CHEMBL458997,IC50,7.92
2203995,COC(Cn1c(S\C=C/C(=O)O)nc(c2ccc(F)cc2)c1c3ccnc(NC4CC4)c3)OC,CHEMBL3394120,IC50,7.92
2204006,COc1cc(NC(=O)c2cccc(c2)n3ncc4cc(Nc5ccccc5Cl)ccc34)cc(OC)c1OC,CHEMBL2376910,IC50,7.92
2204017,COc1ccc2OC(COc2c1)C(=O)NC(=O)N(CC(C)C)CC(=O)NCCCCCCNC(=O)c3ccc(cc3)c4n[nH]c5ccccc45,CHEMBL3393604,IC50,7.92
26212,C[C@]12O[C@H](C[C@]1(O)CO)n3c4ccccc4c5c6C(=O)NCc6c7c8ccccc8n2c7c35,CHEMBL603469,Kd,7.92
2204030,O=C(Cc1cccc2ncccc12)Nc3scc(C#N)c3c4ncn[nH]4,CHEMBL1682021,IC50,7.92
2204041,OCCNc1nccc(n1)c2cccnc2Oc3ccc(Nc4nc5ccccc5[nH]4)c6ccccc36,CHEMBL3355995,IC50,7.92
2204052,O[C@@H]1CC[C@H](CC1)Nc2ncc3nc(Nc4ccccc4F)n(C5CCCC5)c3n2,CHEMBL1946333,IC50,7.92
2204063,CC(C)NC(=O)N[C@@H]1CC[C@H](CC1)Nc2ncc3C=CC(=O)N(C4CCCC4)c3n2,CHEMBL3577877,IC50,7.96
2204074,CCCNc1nccc(n1)c2c(nc3CC[C@@H](COCc4ccc(OC)cc4)n23)c5ccc(F)cc5,CHEMBL383348,IC50,7.96
2204085,CCCNc1nccc(n1)c2c(nc3CC[C@@H](Cc4ccc(OC)cc4)n23)c5ccc(F)cc5,CHEMBL1094013,IC50,7.96
2204096,Clc1csc(NC(=O)Cc2cccc3cnccc23)c1c4ncn[nH]4,CHEMBL1682017,IC50,7.96
2204107,O=C(CN1C(=O)CCc2ncccc12)Nc3scc(C#N)c3c4nccs4,CHEMBL1822306,IC50,7.96
2204118,CC(=O)N1CCC[C@@H](C1)C(=O)Nc2cc(ccn2)c3ccnc(Nc4ccc(F)cc4)c3,CHEMBL202666,IC50,8.0
2204129,Cc1c(ccc2cnc(Nc3ccc(cc3)n4cnc(n4)N5CCOCC5)nc12)c6cnn(C)c6,CHEMBL1761579,IC50,8.0
2204140,Cn1cc(cn1)c2ccc3cnc(Nc4ccc(cc4)n5cnc(n5)N6CCOCC6)nc3c2c7ccccc7,CHEMBL1761583,IC50,8.0
2204151,CC(=O)N1CCCC(C1)C(=O)Nc2cc(ccn2)c3ccnc(Nc4ccccc4)c3,CHEMBL203225,IC50,8.05
2204162,CN(C)C\C=C\C(=O)Nc1cccc(c1)C(=O)Nc2ccc(Nc3nccc(n3)c4c(nn5ccccc45)c6ccccc6)cc2,CHEMBL3393608,IC50,8.05
2204173,COc1cc(NC(=O)c2cccc(c2)n3ncc4cc(Nc5ccccc5F)ccc34)cc(OC)c1OC,CHEMBL1233748,IC50,8.05
2204184,Cn1cc(cn1)c2ccc3cnc(Nc4ccc(cc4)n5cnc(n5)N6CCOCC6)nc3c2c7cnn(C)c7,CHEMBL1761582,IC50,8.05
2204195,FC(F)(F)c1ccc2C=CC(=O)N(CC(=O)Nc3scc(Br)c3c4ncn[nH]4)c2c1,CHEMBL1822147,IC50,8.05
2204206,FC(F)(F)c1ccc2N(CC(=O)Nc3scc(Br)c3c4ncn[nH]4)C(=O)C=Cc2c1,CHEMBL1822146,IC50,8.05
2204217,FC(F)(F)c1ccc2N(CC(=O)Nc3scc(C#N)c3c4nccs4)C(=O)C=Cc2c1,CHEMBL1822308,IC50,8.05
2204229,Fc1ccc(Nc2cc(ccn2)c3ccnc(NC(=O)C4CCOC4)c3)cc1,CHEMBL203839,IC50,8.05
2204240,Brc1csc(NC(=O)CN2C(=O)C=Cn3nccc23)c1c4ncn[nH]4,CHEMBL1822143,IC50,8.1
2204251,FC(F)(F)c1ccc2N(CC(=O)Nc3scc(C#N)c3c4cscn4)C(=O)C=Cc2c1,CHEMBL1822309,IC50,8.1
2204262,FC(F)(F)c1ccc2N(CC(=O)Nc3scc(C#N)c3c4occn4)C(=O)C=Cc2c1,CHEMBL1822307,IC50,8.1
2204273,O=C(Nc1cc(ccn1)c2ccnc(Nc3ccccc3)c2)C4CCOCC4,CHEMBL203059,IC50,8.1
2204284,N[C@@H]1CC[C@@H](CC1)Nc2nccc(n2)c3cccnc3Oc4ccc(Nc5nc6ccccc6[nH]5)c7ccccc47,CHEMBL3356000,IC50,8.13
2204295,Brc1csc(NC(=O)CN2C(=O)C=Cc3cnccc23)c1c4ncn[nH]4,CHEMBL1822140,IC50,8.16
2204306,C1CN(CCO1)c2ncn(n2)c3ccc(Nc4ncc5cccc(c6nccs6)c5n4)cc3,CHEMBL1761566,IC50,8.16
2204317,CNC(=O)[C@@H]1CC[C@H](CC1)Nc2ncc3nc(Nc4c(F)cc(F)cc4F)n([C@H]5CCOC5)c3n2,CHEMBL1950304,IC50,8.16
2204328,COc1cc(NC(=O)c2cccc(c2)n3cc(NC(=O)Nc4cccc(C)c4)cn3)cc(OC)c1OC,CHEMBL3393599,IC50,8.16
2204339,COc1ccc(Oc2ncc(Cl)c(Nc3ccccc3C(=O)N)n2)cc1,CHEMBL1923217,IC50,8.16
2204350,CS(=O)(=O)Nc1ccc(cc1)c2ccnc(Nc3ccc(cc3)S(=O)(=O)N)n2,CHEMBL585916,IC50,8.16
2204361,Cc1cc(Nc2oc3ccccc3n2)c4ccccc4c1Oc5ncccc5c6ccnc(N[C@@H]7CC[C@@H](N)CC7)n6,CHEMBL3356003,IC50,8.16
2204372,Cc1nc(C)n(n1)c2ccc(Nc3cc(ccn3)c4nn(C)cc4c5ccc(F)cc5)cc2,CHEMBL1771718,IC50,8.16
2204383,Fc1ccc(cc1)c2n[nH]cc2c3ccnc(Nc4ccc(cc4)N5CCOCC5)c3,CHEMBL3099962,IC50,8.16
2204534,Fc1ccc(cc1)c2nc3CC[C@@H](Cn4ccnc4)n3c2c5ccnc(NC6CCC6)n5,CHEMBL252762,IC50,8.16
2204545,O=C(Cc1cccc2cnccc12)Nc3scc(C#N)c3c4ncn[nH]4,CHEMBL1682018,IC50,8.16
2204557,O=C(Nc1cc(ccn1)c2ccnc(Nc3ccccc3)c2)C4CCOC4,CHEMBL203535,IC50,8.16
2204568,Brc1csc(NC(=O)CN2C(=O)CCc3ncccc23)c1c4occn4,CHEMBL1822153,IC50,8.22
2204579,FC(F)(F)Oc1ccc2N(CC(=O)Nc3scc(Br)c3c4ncn[nH]4)C(=O)C=Cc2c1,CHEMBL1822149,IC50,8.22
2204590,FC(F)(F)c1cc2N(CC(=O)Nc3scc(Br)c3c4ncn[nH]4)C(=O)C=Cc2cn1,CHEMBL1822141,IC50,8.22
2204601,Fc1ccc(Nc2cc(ccn2)c3ccnc(NC(=O)C4CCOCC4)c3)cc1,CHEMBL205078,IC50,8.22
2204612,O=C(CN1C(=O)CCc2ccccc12)Nc3scc(C#N)c3c4ncn[nH]4,CHEMBL1682015,IC50,8.22
2204623,O=C(CN1C(=O)CCc2ncccc12)Nc3scc(C#N)c3c4ncn[nH]4,CHEMBL1822139,IC50,8.22
2204634,O[C@@H]1CC[C@H](CC1)Nc2ncc3nc(Nc4c(F)cc(F)cc4F)n([C@H]5CCOC5)c3n2,CHEMBL1950289,IC50,8.22
2204645,CN1CCCC(C1)Nc2nccc(n2)c3cccnc3Oc4ccc(Nc5nc6ccccc6[nH]5)c7ccccc47,CHEMBL3355996,IC50,8.26
2204656,OC(=O)c1cccc(c1)c2[nH]nc3cc(Nc4ccccc4Cl)ccc23,CHEMBL197613,IC50,8.28
2204667,CC(=O)N1CCC[C@H](C1)C(=O)Nc2cc(ccn2)c3ccnc(Nc4ccc(F)cc4)c3,CHEMBL202639,IC50,8.3
2204678,CCNC(=O)N1CCC(CC1)Nc2nccc(n2)c3c([nH]c4ccccc34)c5ccccc5,CHEMBL245936,IC50,8.3
2204689,CN(C)c1c(cnn1Cc2ccccc2)c3ccnc(N[C@@H]4CC[C@@H](O)CC4)n3,CHEMBL1094014,Ki,8.3
2204700,Clc1csc(NC(=O)CN2C(=O)CCc3ccccc23)c1c4ncn[nH]4,CHEMBL1682014,IC50,8.3
2204711,Fc1cc2C=CC(=O)N(CC(=O)Nc3scc(Br)c3c4ncn[nH]4)c2cc1F,CHEMBL1822145,IC50,8.3
2204722,COc1c(ccc2cnc(Nc3ccc(cc3)n4cnc(n4)N5CCOCC5)nc12)c6cnn(C)c6,CHEMBL1761584,IC50,8.4
2204734,CS(=O)(=O)Nc1ccc(cc1)c2ccnc(Nc3ccc(cc3)n4ccnn4)n2,CHEMBL571626,IC50,8.4
2204745,Clc1ccccc1Nc2ccc3c([nH]nc3c2)c4cccc(c4)C(=O)NCCCN5CCOCC5,CHEMBL198687,IC50,8.47
2204756,NC(=O)c1cccc(c1)c2[nH]nc3cc(Nc4ccccc4Cl)ccc23,CHEMBL199136,IC50,8.48
2204767,COc1ccc(CCNc2nccc(n2)\C(=C\3/Nc4ccccc4S3)\C#N)cc1,CHEMBL370516,IC50,8.51
2204778,CCCNc1nccc(n1)c2c(nc3CC[C@H](CO)n23)c4ccc(F)cc4,CHEMBL383799,IC50,8.52
2204789,CN(C)CCCC(=O)Nc1cc(cc(c1)c2n[nH]c3cc(Nc4ccccc4Cl)ccc23)C(=O)O,CHEMBL1092764,IC50,8.52
2204800,CN(C1CCCCC1)c2nccc(n2)c3cnc4ccccn34,CHEMBL482708,IC50,8.52
2204811,CN1C(=O)C(=Cc2cnc(NC3CCOCC3)nc12)Oc4ccc(F)cc4F,CHEMBL1230122,Kd,8.52
2204822,Cn1cnc(n1)c2c(Br)csc2NC(=O)CN3C(=O)CCc4ncccc34,CHEMBL1822305,IC50,8.52
2204833,Fc1ccc(Nc2cc(ccn2)c3ccnc(NC(=O)[C@H]4CCOC4)c3)cc1,CHEMBL252763,IC50,8.52
2204845,CCCNc1nccc(n1)c2c(nc3CC[C@@H](CO)n23)c4ccc(F)cc4,CHEMBL198756,IC50,8.6
2204856,NC(=O)c1ccccc1Nc2nc(Nc3ccc(Cl)cc3)ncc2Cl,CHEMBL3220501,IC50,8.6
2204866,Brc1csc(NC(=O)CN2C(=O)C=Cc3cc(ccc23)C#N)c1c4ncn[nH]4,CHEMBL1822151,IC50,8.7
2204877,Brc1csc(NC(=O)CN2C(=O)C=Cc3ccc(cc23)C#N)c1c4ncn[nH]4,CHEMBL1822152,IC50,8.7
2204888,CCCn1c(nc(c2ccc(Cl)c(Cl)c2)c1c3ccnc(NC4CCCCC4)n3)C5CCNCC5,CHEMBL437747,IC50,8.7
2204900,CN(C)CCNC(=O)c1ccc(cc1)c2n[nH]c3cc(Nc4ccccc4Cl)ccc23,CHEMBL399167,IC50,8.72
2204911,Cc1cc(Nc2nc3ccccc3[nH]2)c4ccccc4c1Oc5ncccc5c6ccnc(N[C@@H]7CC[C@@H](N)CC7)n6,CHEMBL3356001,IC50,8.72
2204922,N[C@@H]1CC[C@H](CC1)Nc2nccc(n2)c3cccnc3Oc4ccc(Nc5nc6ccccc6[nH]5)c7ccccc47,CHEMBL3355999,IC50,8.72
26781,CS(=O)(=O)CCCOc1cccc2c1ccn2c3ccnc(N[C@@H]4CC[C@H](CC4)C(=O)N5CCC(O)CC5)n3,CHEMBL2425628,Kd,8.75
2204935,CCCn1c(nc(c2ccc(Cl)c(Cl)c2)c1c3ccnc(NC4CC4)n3)C5CCN(C)CC5,CHEMBL252967,IC50,8.8
2204947,Clc1ccccc1Nc2ccc3c(n[nH]c3c2)c4cccc(c4)C(=O)NC5CCNCC5,CHEMBL194806,IC50,8.85
2204958,NC(=O)c1ccccc1Nc2nc(Nc3ccc(F)cc3)ncc2Cl,CHEMBL3217784,IC50,8.92
2204968,CN(C)C\C=C\C(=O)Nc1cccc(c1)C(=O)Nc2ccc(Nc3nccc(n3)c4cccnc4)c(C)c2,CHEMBL2216824,IC50,9.0
2204979,Oc1onc(c2ccnc(Nc3ccc(cc3)N4CCOCC4)c2)c1c5ccc(F)cc5,CHEMBL3099975,IC50,9.0
2204990,COc1cc(ccc1Nc2ncc(Cl)c(Nc3ccccc3C(=O)N)n2)N4CCOCC4,CHEMBL3220495,IC50,9.1
2205001,NC(=O)c1ccccc1Nc2nc(Nc3ccc(cc3)C#N)ncc2Cl,CHEMBL3220500,IC50,9.11
2205011,CN(C)C\C=C\C(=O)Nc1cccc(c1)C(=O)Nc2ccc(Nc3nccc(n3)c4cccnc4)cc2,CHEMBL3393607,IC50,9.16
2205022,COc1ccc(Nc2ncc(Cl)c(Nc3ccccc3C(=O)N)n2)cc1,CHEMBL3220494,IC50,9.38
2205032,Cc1cc(Nc2ncc(Cl)c(Nc3ccccc3C(=O)N)n2)ccc1N4CCOCC4,CHEMBL3220498,IC50,9.51
2205042,NC(=O)c1ccccc1Nc2nc(Nc3ccc(cc3)N4CCOCC4)ncc2Cl,CHEMBL3220493,IC50,9.52
2205053,NC(=O)c1ccccc1Nc2nc(Nc3ccc(cc3F)N4CCOCC4)ncc2Cl,CHEMBL3220496,IC50,9.52
2205063,COc1cc(Nc2ncc(Cl)c(Nc3ccccc3C(=O)N)n2)ccc1N4CCOCC4,CHEMBL3220497,IC50,9.55
2205073,NC(=O)c1ccccc1Nc2nc(Nc3ccc(N4CCOCC4)c(F)c3)ncc2Cl,CHEMBL3220499,IC50,9.6
2205083,NC(=O)c1ccccc1Nc2nc(Nc3ccc(cc3)N4CCCC4=O)ncc2Cl,CHEMBL3220502,IC50,9.8
