id,smiles,name,assay_type,activity_value
1199983,Cc1cc(ccn1)c2n[nH]c3cc(NC(=O)NC4(CC4)c5ccc(Cl)cc5)ncc23,CHEMBL3654736,IC50,7.53
1199993,Cc1cc(ccn1)c2n[nH]c3cc(NC(=O)N[C@@H](CN)c4ccccc4)ncc23,CHEMBL3654800,IC50,7.54
1200002,COCCn1cc(cn1)c2n[nH]c3cc(NC(=O)N[C@H](C)c4ccccc4)ncc23,CHEMBL3658657,IC50,7.55
1200011,Cc1cc(ccn1)c2n[nH]c3cc(NC(=O)NC4CCCC(C4)Oc5cccc(F)c5)ncc23,CHEMBL3663090,IC50,7.55
1200020,CCCC(=O)c1n[nH]c2cc(NC(=O)N[C@H](COC)c3ccccc3)ncc12,CHEMBL3663122,IC50,7.57
1200029,CCS(=O)(=O)c1ccc(cn1)c2n[nH]c3cc(NC(=O)N[C@H](C)c4ccc(F)cc4)ncc23,CHEMBL3658679,IC50,7.58
1200038,CC(CNC(=O)Nc1cc2[nH]nc(c3ccc(F)cc3)c2cn1)N(C)C,CHEMBL3654854,IC50,7.59
1200047,CC(CO)NC(=O)Nc1cc2[nH]nc(c3ccnc(C)c3)c2cn1,CHEMBL3654827,IC50,7.59
1200056,CCO[C@@H]1CN(C)C[C@H]1NC(=O)Nc2cc3[nH]nc(c4ccc(F)cc4)c3cn2,CHEMBL3658688,IC50,7.59
1200066,C[C@@H](NC(=O)c1ccc2[nH]nc(c3ccncc3)c2c1)c4cccc(Cl)c4,CHEMBL3797667,IC50,7.59
1200076,Cc1cc(ccn1)c2n[nH]c3cc(NC(=O)NC4(CN)CCc5cc(F)ccc45)ncc23,CHEMBL3662948,IC50,7.59
1200085,Cc1cc(ccn1)c2n[nH]c3cc(NC(=O)N[C@@H](CO)c4cccc5cc[nH]c45)ncc23,CHEMBL3658727,IC50,7.59
1200095,Cc1onc(C)c1Nc2ncc3CCN(Cc3n2)C(=O)N[C@H](CO)c4ccc(F)c(Cl)c4,CHEMBL3298567,IC50,7.59
1200105,C[C@@H](NC(=O)Nc1cc2[nH]nc(CNCC(F)F)c2cn1)c3ccccc3,CHEMBL3663017,IC50,7.6
1200115,OC[C@@H](NC(=O)N1CCc2cnc(NC3CCOCC3)nc2C1)c4ccc(Cl)c(F)c4,CHEMBL3298678,IC50,7.6
734367,OC[C@@H](O)CONC(=O)c1ccc(F)c(F)c1Nc2ccc(I)cc2F,CHEMBL507361,IC50,7.6
1200127,COCCN(C)c1ncc(cn1)c2n[nH]c3cc(NC(=O)N[C@H](C)c4ccccc4)ncc23,CHEMBL3658661,IC50,7.61
1200136,COC[C@@H](NC(=O)Nc1cc2[nH]nc(c3ccc(nc3)C(F)(F)F)c2cn1)c4ccc(F)cc4,CHEMBL3658673,IC50,7.61
1200145,Cc1cc(ccn1)c2n[nH]c3cc(NC(=O)NCC(N4CCOCC4)c5ccccn5)ncc23,CHEMBL3658748,IC50,7.61
1200154,CC[C@H](CO)NC(=O)Nc1cc2[nH]nc(c3ccnc(C)c3)c2cn1,CHEMBL3654831,IC50,7.62
1200163,CN(C)CCNC(=O)Nc1cc2[nH]nc(c3ccc(F)cc3)c2cn1,CHEMBL3654851,IC50,7.62
1200172,COCC(NC(=O)Nc1cc2[nH]nc(c3ccnc(C)c3)c2cn1)c4ccc(cn4)C(F)(F)F,CHEMBL3654866,IC50,7.62
1200181,COC[C@@H](NC(=O)Nc1cc2[nH]nc(C3=NOC(C)C3)c2cn1)c4ccccc4,CHEMBL3663124,IC50,7.62
1200190,COCc1cccc(c1)c2cnc3ccc(NC(=O)N[C@H](C)CCCc4ccccc4)nc3n2,CHEMBL3671128,IC50,7.62
1200199,Cc1cc(ccn1)c2n[nH]c3cc(NC(=O)N[C@@H]([C@@H]4CCCO4)c5ccccc5)ncc23,CHEMBL3663007,IC50,7.62
1200209,OCC(NC(=O)c1cc(c[nH]1)c2[nH]ncc2c3cccc(Cl)c3)c4cccc(F)c4,CHEMBL219849,Ki,7.62
1200220,OCC(NC(=O)c1ccc2[nH]nc(c3ccncc3)c2c1)c4cccc(Cl)c4,CHEMBL3800134,IC50,7.62
1200230,COC[C@H](NC(=O)Nc1cc2[nH]nc(c3ccc(F)cc3)c2cn1)c4ccccn4,CHEMBL3658848,IC50,7.63
1200239,Cc1cc(ccn1)c2n[nH]c3cc(NC(=O)NC4CCOC(C)(C)C4)ncc23,CHEMBL3654823,IC50,7.63
1200248,Cc1onc(c1)c2n[nH]c3cc(NC(=O)N[C@H](COCC4CC4)c5ccccc5)ncc23,CHEMBL3663136,IC50,7.63
1200257,Fc1ccc(CNC(=O)Nc2cc3[nH]nc(C4CC4)c3cn2)cc1,CHEMBL3654770,IC50,7.63
1200266,CC(O)c1n[nH]c2cc(NC(=O)N[C@H](C)c3ccccc3)ncc12,CHEMBL3663067,IC50,7.64
1200276,CC[C@@H](NC(=O)N1CCc2cnc(N[C@@H](C)CO)nc2C1)c3ccc(Cl)c(Cl)c3,CHEMBL3298310,IC50,7.64
308874,COc1ccc(cc1)N2C(=O)\C(=C\c3ccc(OCC(=O)Nc4ccccc4)cc3)\N=C2c5ccccc5,CHEMBL3577636,IC50,7.64
1200289,COc1ccc(cc1)N2C(=O)\C(=C\c3ccc(OCC(=O)Nc4ccccc4C)cc3)\N=C2c5ccccc5,CHEMBL3577637,IC50,7.64
1200300,C[C@@H](NC(=O)N1CCc2cnc(Nc3ccnc(C)c3)nc2C1)c4ccc(Cl)c(Cl)c4,CHEMBL3298418,IC50,7.64
1200311,CC(NC(=O)c1ccc2[nH]nc(c3cc(F)c(O)c(F)c3)c2c1)c4cccc(Cl)c4,CHEMBL3798692,IC50,7.65
1200321,Cc1cc(ccn1)c2n[nH]c3cc(NC(=O)NCc4cn5c(C)cccc5n4)ncc23,CHEMBL3658756,IC50,7.65
1200330,Cc1ccc2nc(CNC(=O)Nc3cc4[nH]nc(c5ccnc(C)c5)c4cn3)cn2c1,CHEMBL3658755,IC50,7.65
308797,Clc1cc(CNC(=O)c2ccc3[nH]nc(c4ccncc4)c3c2)ccn1,CHEMBL3799614,IC50,7.65
1200341,CC1=NOC(C)(CNC(=O)Nc2cc3[nH]nc(c4ccnc(C)c4)c3cn2)C1,CHEMBL3654819,IC50,7.66
1200350,C[C@H](NC(=O)Nc1cc2[nH]nc(c3ccnc(C)c3)c2cn1)c4ccncc4,CHEMBL3654861,IC50,7.66
1200360,FC(F)(F)c1cnc(NC2CCOCC2)nc1Nc3ccccc3NC(=O)C=C,CHEMBL3590121,IC50,7.66
1200371,OCC(NC(=O)c1cc(c[nH]1)c2[nH]ncc2c3cccc(Cl)c3)c4ccc(F)c(F)c4,CHEMBL219790,Ki,7.66
1200381,C[C@@H](NC(=O)Nc1cc2[nH]nc(C(F)F)c2cn1)c3ccc(F)cc3,CHEMBL3663107,IC50,7.67
1200390,FC(F)c1n[nH]c2cc(NC(=O)N[C@H](COCC3CC3)c4ccccc4)ncc12,CHEMBL3663130,IC50,7.67
308907,COc1ccc(cc1)N2C(=O)\C(=C\c3ccc(OCC(=O)Nc4cccc(OC)c4)cc3)\N=C2c5ccccc5,CHEMBL3577641,IC50,7.68
1200402,C[C@@H](CO)Nc1ncc2CCN(Cc2n1)C(=O)N[C@H](C)c3ccc(Cl)c(Cl)c3,CHEMBL3298308,IC50,7.68
1200413,C[C@@H](NC(=O)N1CCc2cnc(NC3CCOCC3)nc2C1)c4ccc5cc[nH]c5c4,CHEMBL3298983,IC50,7.68
1200423,COC[C@H](NC(=O)Nc1cc2[nH]nc(c3ccnc(F)c3)c2cn1)c4ccccc4,CHEMBL3663052,IC50,7.69
1200433,CCNc1ncc2CCN(Cc2n1)C(=O)N[C@H](CO)c3ccc(F)c(Cl)c3,CHEMBL3298305,IC50,7.7
1200443,COC[C@H](NC(=O)Nc1cc2[nH]nc(c3ccnc(C)c3)c2cn1)c4ccccn4,CHEMBL3658779,IC50,7.7
1200452,Cc1cc(ccn1)c2n[nH]c3cc(NC(=O)NCCN4CCC(C4)c5ccccc5)ncc23,CHEMBL3658765,IC50,7.7
1200462,Oc1ccc(NC(=O)[C@@H]2CCN(CC(=O)N3CCN(CC3)c4ccc(cc4)c5ncccn5)C2)cc1Cl,CHEMBL3398598,IC50,7.7
1200472,C[C@@H](NC(=O)Nc1cc2[nH]nc(c3cc(CO)on3)c2cn1)c4ccccn4,CHEMBL3663117,IC50,7.71
1200482,O=C(NCCc1ccccc1)c2ccc3[nH]nc(c4ccncc4)c3c2,CHEMBL3798163,IC50,7.71
1200492,C[C@@H](NC(=O)Nc1cc2[nH]nc(C(=O)NCC(F)(F)CN3CCCC3)c2cn1)c4ccccc4,CHEMBL3654758,IC50,7.72
1200502,Clc1cnc(NC2CCOCC2)nc1Nc3ccccc3NC(=O)C=C,CHEMBL3590118,IC50,7.72
1200512,CN1C[C@H](NC(=O)Nc2cc3[nH]nc(c4ccnc(C)c4)c3cn2)[C@H](C1)c5ccccc5,CHEMBL3654810,IC50,7.73
1200521,Cc1cc(ccn1)c2n[nH]c3cc(NC(=O)NC4(CC4)c5ccc(F)cc5)ncc23,CHEMBL3658709,IC50,7.73
1200530,CC1=NOC(CNC(=O)Nc2cc3[nH]nc(c4ccnc(C)c4)c3cn2)C1,CHEMBL3654818,IC50,7.75
1200540,Cc1cc(ccn1)c2n[nH]c3ccc(cc23)C(=O)NC(CO)c4cccc(Cl)c4,CHEMBL3798015,IC50,7.75
1200550,COCCNC(=O)Nc1cc2[nH]nc(c3cc(C)nc(OC)c3)c2cn1,CHEMBL3663079,IC50,7.76
1200559,O=C(NCc1ccccc1)Nc2cc3[nH]nc(C4CC4)c3cn2,CHEMBL3654772,IC50,7.76
1200569,C=CS(=O)(=O)Nc1ccc2[nH]nc(c3ccncc3)c2c1,CHEMBL3590110,IC50,7.77
1200580,OC[C@@H](NC(=O)N1CCc2cnc(NC3CCOCC3)nc2C1)c4ccc(Cl)c(Cl)c4,CHEMBL3298982,IC50,7.77
308775,CC(NC(=O)c1ccc2[nH]nc(c3ccnc(C)c3)c2c1)c4c(Cl)cncc4Cl,CHEMBL3798257,IC50,7.78
1200593,CC(NC(=O)c1ccc2[nH]nc(c3ccncc3)c2c1)c4ccccc4Cl,CHEMBL3797587,IC50,7.78
1200603,CC(C)(N)C(=O)OC[C@@H](N1C=CC(=CC1=O)c2ccnc(NC3CCOCC3)n2)c4ccc(Cl)c(F)c4,CHEMBL3680612,IC50,7.8
1200613,CC(C)Nc1cc(c(Cl)cn1)c2c[nH]c(c2)C(=O)N[C@H](CO)c3ccccc3,CHEMBL3799819,IC50,7.8
1200623,COCCNC(=O)Nc1cc2[nH]nc(c3ccnc(OC(C)C)c3)c2cn1,CHEMBL3663054,IC50,7.8
1200632,Cc1cc(ccn1)c2n[nH]c3cc(NC(=O)NCc4ncccn4)ncc23,CHEMBL3654695,IC50,7.8
1200641,OC[C@@H](N1C=CC(=CC1=O)c2cc(NC3CCOCC3)ncn2)c4ccc(Cl)c(F)c4,CHEMBL3675714,IC50,7.8
1200651,Nc1cc(ccn1)c2n[nH]c3ccc(cc23)C(=O)NC(CO)c4cccc(Cl)c4,CHEMBL3797827,IC50,7.81
1200662,OCC(N1C=CC(=NC1=O)c2ccnc(NC3CCOCC3)n2)c4ccc(Cl)c(F)c4,CHEMBL3409594,IC50,7.81
1200671,COc1ccc(CNC(=O)Nc2cc3[nH]nc(c4ccc(F)cc4)c3cn2)cc1OC,CHEMBL3654684,IC50,7.82
1200680,C[C@@H](NC(=O)Nc1cc2[nH]nc(CNCC(F)(F)F)c2cn1)c3ccccc3,CHEMBL3663016,IC50,7.82
1200689,C[C@H]1CN(C)C[C@@H]1NC(=O)Nc2cc3[nH]nc(c4ccnc(C)c4)c3cn2,CHEMBL3654832,IC50,7.82
1200698,Cc1cc(ccn1)c2n[nH]c3cc(NC(=O)NC4(CCOCC4)c5ccc(Cl)cc5)ncc23,CHEMBL3654728,IC50,7.82
1200707,Cc1cc(ccn1)c2n[nH]c3cc(NC(=O)N[C@H]4COC[C@@H]4O)ncc23,CHEMBL3654815,IC50,7.82
1200717,Cc1cnc(Nc2cccc3OCCOc23)nc1c4c[nH]c(c4)C(=O)N[C@H](CO)c5cccc(Cl)c5,CHEMBL571722,Ki,7.82
1200727,C[C@@H](NC(=O)Nc1cc2[nH]nc(C(=O)NCC34CC5CC(C3)C(O)C(C5)C4)c2cn1)c6ccccc6,CHEMBL3639536,IC50,7.83
1200736,Cc1cc(ccn1)c2n[nH]c3cc(NC(=O)N[C@H]4CCOc5cc(F)ccc45)ncc23,CHEMBL3658646,IC50,7.83
1200745,CC(C)CC(O)CNC(=O)c1n[nH]c2cc(NC(=O)N[C@H](C)c3ccccc3)ncc12,CHEMBL3654765,IC50,7.84
1200754,CCn1nccc1Nc2nccc(n2)C3=CC(=O)N(C=C3)C(=C)c4ccc(Cl)c(F)c4,CHEMBL3680615,IC50,7.84
1200763,C[C@@H](NC(=O)Nc1cc2[nH]nc(CC#N)c2cn1)c3ccccc3,CHEMBL3663014,IC50,7.84
1200773,CC[C@@H](NC(=O)N1CCc2cnc(N[C@@H](C)CO)nc2C1)c3ccc(OC)c(Cl)c3,CHEMBL3298312,IC50,7.85
1200783,Cc1cc(ccn1)c2n[nH]c3cc(NC(=O)NCc4cncn4C)ncc23,CHEMBL3654693,IC50,7.85
1200792,Cc1cc(ccn1)c2n[nH]c3cc(NC(=O)N[C@@H]4CN[C@@H](C4)c5ccccc5)ncc23,CHEMBL3658769,IC50,7.85
1200802,OCC(N1C=CC(=CC1=O)c2cc(NC3CCOCC3)ncn2)c4ccc(Cl)c(F)c4,CHEMBL3409597,Ki,7.85
1200813,OCC(NC(=O)c1cc(c[nH]1)c2[nH]ncc2c3cccc(Cl)c3)c4ccc(Cl)cc4,CHEMBL375544,Ki,7.85
1200824,Oc1ccc(NC(=O)[C@@H]2CCN(CC(=O)N3CCN(CC3)c4ccc(cc4)c5cnccn5)C2)cc1Cl,CHEMBL3398603,IC50,7.85
1200834,CCc1nccc(Nc2nccc(n2)C3=CC(=O)N(C=C3)C(CO)c4ccc(Cl)c(F)c4)n1,CHEMBL3675716,IC50,7.86
1200843,C[C@@H](CO)Nc1nccc(n1)C2=CC(=O)N(C=C2)C(CO)c3cccc(Cl)c3,CHEMBL3675709,IC50,7.86
1200852,Cc1cc(ccn1)c2n[nH]c3cc(NC(=O)NCc4cn5cccc(C)c5n4)ncc23,CHEMBL3658757,IC50,7.86
1200861,COC(C)CNC(=O)c1n[nH]c2cc(NC(=O)N[C@H](C)c3ccccc3)ncc12,CHEMBL3654761,IC50,7.87
1200870,COCCNC(=O)Nc1cc2[nH]nc(c3ccc4cn(C)nc4c3)c2cn1,CHEMBL3639619,IC50,7.87
1200879,C[C@@H](NC(=O)Nc1cc2[nH]nc(C(=O)NCC3CCN(C3)C4CC4)c2cn1)c5ccccc5,CHEMBL3654759,IC50,7.87
1200888,C[C@@H](NC(=O)Nc1cc2[nH]nc(C(F)F)c2cn1)c3ccccc3,CHEMBL3663108,IC50,7.87
1200897,Cc1cc(ccn1)c2n[nH]c3cc(NC(=O)NC(CO)C(F)(F)F)ncc23,CHEMBL3654821,IC50,7.87
1201526,OC[C@@H](N1N=CC(=CC1=O)c2ccnc(NC3CCOCC3)n2)c4ccc(Cl)c(F)c4,CHEMBL3675704,IC50,7.87
308885,CC(NC(=O)c1ccc2[nH]nc(c3ccnc(C)c3)c2c1)c4c(Cl)cnc(Cl)c4Cl,CHEMBL3799117,IC50,7.88
1201537,C[C@@H](NC(=O)Nc1cc2[nH]nc(c3ccc(OC(F)(F)F)cc3)c2cn1)c4ccccc4,CHEMBL3663112,IC50,7.88
1201546,Cc1cc(ccn1)c2n[nH]c3cc(NC(=O)N[C@H]4CCCC(F)(F)[C@@H]4O)ncc23,CHEMBL3658747,IC50,7.88
1201555,CC(NC(=O)Nc1cc2[nH]nc(c3ccnc(C)c3)c2cn1)c4ccc(cc4)n5cncn5,CHEMBL3658739,IC50,7.89
1201564,CC1CC(NC(Nc2cc3[nH]nc(c4ccnc(C)c4)c3cn2)O1)c5ccc(Cl)cc5,CHEMBL3658766,IC50,7.89
1201574,Cc1cnc(Nc2cccc3CCCCc23)nc1c4c[nH]c(c4)C(=O)N[C@H](CO)c5cccc(Cl)c5,CHEMBL570111,Ki,7.89
1201585,Cn1nccc1Nc2ncc(Cl)c(Nc3ccccc3NC(=O)C=C)n2,CHEMBL3590123,IC50,7.89
1201595,Fc1ccc(CNC(=O)Nc2cc3[nH]nc(C4CCC4)c3cn2)cc1,CHEMBL3654776,IC50,7.89
1201604,CC(NC(=O)Nc1cc2[nH]nc(c3ccnc(C)c3)c2cn1)C4CCOC4,CHEMBL3662983,IC50,7.9
1201613,COC[C@H](NC(=O)Nc1cc2[nH]nc(c3ccnc(C)c3)c2cn1)c4ccccc4,CHEMBL3663040,IC50,7.9
1201623,Clc1cccc(CNC(=O)c2ccc3[nH]nc(c4ccncc4)c3c2)c1,CHEMBL3799716,IC50,7.9
1201633,Fc1ccc(cc1)c2n[nH]c3cc(NC(=O)NC4CCOC4)ncc23,CHEMBL3663059,IC50,7.9
1201642,CCOC[C@@H](NC(=O)Nc1cc2[nH]nc(C(F)F)c2cn1)c3ccccc3,CHEMBL3663129,IC50,7.92
1201651,COCCOC[C@@H](NC(=O)Nc1cc2[nH]nc(c3cc(C)on3)c2cn1)c4ccccc4,CHEMBL3663137,IC50,7.92
1201661,C[C@@H](NC(=O)N1CCc2cnc(NC3CCOCC3)nc2C1)c4ccc(Cl)c(F)c4,CHEMBL3298984,IC50,7.92
1201671,C[C@@H](NC(=O)Nc1cc2[nH]nc(C(=O)NCC3(O)CCC3)c2cn1)c4ccccc4,CHEMBL3654766,IC50,7.92
1201680,Cc1cc(ccn1)c2n[nH]c3cc(NC(=S)NCc4ccccc4)ncc23,CHEMBL3654745,IC50,7.92
308786,Fc1c(Cl)ccc(CNC(=O)c2ccc3[nH]nc(c4ccncc4)c3c2)c1Cl,CHEMBL3799113,IC50,7.92
1201691,OC[C@@H](N1C=CC(=CC1=O)c2ccnc(NC3CCOCC3)n2)c4cc5cc(F)ccc5[nH]4,CHEMBL3680613,IC50,7.92
1201700,COCC(C)NC(=O)Nc1cc2[nH]nc(c3ccnc(C)c3)c2cn1,CHEMBL3654829,IC50,7.93
1201709,C[C@@H](NC(=O)Nc1cc2[nH]nc(c3ccc(C)s3)c2cn1)c4ccc(F)cc4,CHEMBL3654874,IC50,7.93
1201718,Cc1cc(ccn1)c2n[nH]c3cc(NC(=O)NCc4ccc(Cl)cc4Cl)ncc23,CHEMBL3658806,IC50,7.93
1201727,COc1ccc(cc1F)[C@@H]([C@H]2CCCN2)N3C=CC(=CC3=O)c4ccnc(NC5CCOCC5)n4,CHEMBL3675708,IC50,7.94
1201736,Cc1cc(ccn1)c2n[nH]c3cc(NC(=O)NCc4ccc[n+]([O-])c4)ncc23,CHEMBL3662964,IC50,7.94
1201745,CN(C)[C@@H]1Cc2ccccc2[C@H]1NC(=O)Nc3cc4[nH]nc(c5ccnc(C)c5)c4cn3,CHEMBL3658852,IC50,7.95
1201754,O=C(NCc1ccccc1)Nc2cc3[nH]nc(C4CCC4)c3cn2,CHEMBL3654777,IC50,7.95
1201763,CCC(C)C(NC(=O)Nc1cc2[nH]nc(c3ccnc(C)c3)c2cn1)c4ccc(Cl)cc4,CHEMBL3658768,IC50,7.96
1201772,COCC(O)CNC(=O)c1n[nH]c2cc(NC(=O)N[C@H](C)c3ccccc3)ncc12,CHEMBL3654763,IC50,7.96
1201782,COC[C@@H](NC(=O)N1CCc2cnc(NC(C)C)nc2C1)c3ccc(F)c(Cl)c3,CHEMBL3297853,IC50,7.96
1201792,COC[C@@H](NC(=O)Nc1cc2[nH]nc(C(F)F)c2cn1)c3ccccc3,CHEMBL3663128,IC50,7.96
1201801,COc1cc(CNC(=O)Nc2cc3[nH]nc(c4ccnc(C)c4)c3cn2)on1,CHEMBL3658834,IC50,7.96
1201810,C[C@@H](NC(=O)Nc1cc2[nH]nc(C3CCC3)c2cn1)c4ccc(Cl)cc4,CHEMBL3654781,IC50,7.96
1201820,Fc1ccc(cc1)c2n[nH]c3CCN(Cc23)C4=CC(=O)N(Cc5ccccc5)C=C4,CHEMBL3604844,IC50,7.96
1201830,CN(C)C[C@H](NC(=O)Nc1cc2[nH]nc(c3ccnc(C)c3)c2cn1)c4ccccc4,CHEMBL3658843,IC50,7.97
1201839,COCCNC(=O)c1n[nH]c2cc(NC(=O)N[C@H](C)c3ccccc3)ncc12,CHEMBL3654747,IC50,7.97
1201848,C[C@@H](NC(=O)Nc1cc2[nH]nc(C3CC3)c2cn1)c4ccc(F)c(Cl)c4,CHEMBL3654733,IC50,7.97
1201857,Cc1cc(ccn1)c2n[nH]c3cc(NC(=O)NC4CCNC4)ncc23,CHEMBL3663033,IC50,7.97
1201866,C[C@@H](NC(=O)Nc1cc2[nH]nc(C3CC3)c2cn1)c4ccc(Cl)cc4,CHEMBL3654780,IC50,7.98
1201875,Cc1cc(ccn1)c2n[nH]c3cc(NC(=O)NC4(CC4)c5ccccc5)ncc23,CHEMBL3658715,IC50,7.98
1201884,OC[C@@H](N1C=CC(=CC1=O)c2ccnc(NC3CCOCC3)n2)c4cc(F)cc(F)c4,CHEMBL3675713,IC50,7.98
1201893,CCn1cc(CNC(=O)Nc2cc3[nH]nc(c4ccnc(C)c4)c3cn2)cn1,CHEMBL3658833,IC50,7.99
1201902,Cc1cc(ccn1)c2n[nH]c3cc(NC(=O)NC(C)(C)c4ccc(Cl)cc4)ncc23,CHEMBL3654721,IC50,7.99
1201911,Cc1cc(ccn1)c2n[nH]c3cc(NC(=O)NCC(O)C(F)F)ncc23,CHEMBL3654816,IC50,7.99
1201920,Cc1cc(ccn1)c2n[nH]c3cc(NC(=O)NCc4ncc(Cl)cc4F)ncc23,CHEMBL3658849,IC50,7.99
1201930,CC(C)CNc1ncc2CCN(Cc2n1)C(=O)N[C@H](CO)c3ccc(F)c(Cl)c3,CHEMBL3357949,IC50,8.0
1201940,COC[C@@H](NC(=O)Nc1cc2[nH]nc(C(F)F)c2cn1)c3ccc(F)cc3,CHEMBL3663118,IC50,8.0
1201949,Cc1cc(ccn1)c2n[nH]c3cc(NC(=O)NCC4(O)CC4)ncc23,CHEMBL3654688,IC50,8.0
1201958,CC(=O)OC[C@@H](N1C=CC(=CC1=O)c2ccnc(Nc3ccnn3C)n2)c4ccc(Cl)c(F)c4,CHEMBL3680614,IC50,8.01
1201967,COC[C@H](NC(=O)Nc1cc2[nH]nc(c3ccnc(C)c3)c2cn1)c4ccc(F)cc4,CHEMBL3658691,IC50,8.01
1201976,C[C@@H](NC(=O)Nc1cc2[nH]nc(c3ccc(nc3)N4CCCCC4)c2cn1)c5ccc(F)cc5,CHEMBL3654870,IC50,8.01
1201985,Cc1cc(ccn1)c2n[nH]c3cc(NC(=O)N[C@@H](c4ccc(F)cc4)C(F)(F)F)ncc23,CHEMBL3658650,IC50,8.01
308940,C[C@H](NC(=O)c1ccc2[nH]nc(c3ccnc(C)c3)c2c1)c4c(Cl)cccc4Cl,CHEMBL3798624,IC50,8.02
1201996,Cc1cc(ccn1)c2n[nH]c3cc(NC(=O)NC4CCOc5cc(F)ccc45)ncc23,CHEMBL3658655,IC50,8.02
1202005,COc1ccc(cc1)C2(CC2)NC(=O)Nc3cc4[nH]nc(c5ccnc(C)c5)c4cn3,CHEMBL3658723,IC50,8.03
1202014,C[C@@H](NC(=O)Nc1cc2[nH]nc(c3ccc(F)cc3)c2cn1)c4ccc(F)c(Cl)c4,CHEMBL3654724,IC50,8.03
1202024,Clc1cncc(Cl)c1CNC(=O)c2ccc3[nH]nc(c4ccncc4)c3c2,CHEMBL3797242,IC50,8.03
1202034,C[C@@H](NC(=O)Nc1cc2[nH]nc(C3=CNCN=C3)c2cn1)c4ccc(F)cc4,CHEMBL3663101,IC50,8.04
1202043,C[C@@H](NC(=O)Nc1cc2[nH]nc(C3CC3(F)F)c2cn1)c4ccc(F)cc4,CHEMBL3654793,IC50,8.05
1202052,C[C@@H](NC(=O)Nc1cc2[nH]nc(c3ccn(n3)C4COC4)c2cn1)c5ccccc5,CHEMBL3663086,IC50,8.05
1202066,NC1=NC(=O)\C(=C\2/CCNC(=O)c3[nH]c(Br)cc23)\N1,CHEMBL361708,IC50,8.05
1202077,OCCNc1ncc2CCN(Cc2n1)C(=O)N[C@H](CO)c3ccc(F)c(Cl)c3,CHEMBL3298306,IC50,8.05
1202087,FC(F)(F)Oc1ccc(CCN2C=CC(=CC2=O)c3ccnc(NC4CCOCC4)n3)cc1,CHEMBL3675717,IC50,8.06
1202096,Cc1cc(ccn1)c2n[nH]c3cc(NC(=O)NC4CC(=O)Nc5ccc(F)cc45)ncc23,CHEMBL3658760,IC50,8.07
1202105,Cc1cc(ccn1)c2n[nH]c3cc(NC(=O)NC4CCCOC4)ncc23,CHEMBL3658830,IC50,8.07
1202114,Cc1cc(ccn1)c2n[nH]c3cc(NC(=O)NCC4CCCO4)ncc23,CHEMBL3658820,IC50,8.07
1202123,Fc1cc(CN2C=CC(=CC2=O)c3ccnc(NC4CCOCC4)n3)cc5[nH]ccc15,CHEMBL3680611,IC50,8.07
1202132,CN1C[C@H](NC(=O)Nc2cc3[nH]nc(c4ccnc(C)c4)c3cn2)[C@H](C1)C5CC5,CHEMBL3654836,IC50,8.08
1202141,C[C@@H](NC(=O)Nc1cc2[nH]nc(C(=O)NCCC3(O)CCCC3)c2cn1)c4ccccc4,CHEMBL3654757,IC50,8.08
1202150,Cc1cc(ccn1)c2n[nH]c3cc(NC(=O)N[C@@H]4CCCOc5ccccc45)ncc23,CHEMBL3658642,IC50,8.08
1202159,Cc1cc(ccn1)c2n[nH]c3cc(NC(=O)N[C@H]4CCCOc5ccccc45)ncc23,CHEMBL3658654,IC50,8.08
1202168,Cc1cc(ccn1)c2n[nH]c3cc(NC(=O)NCC(O)C(F)(F)F)ncc23,CHEMBL3654822,IC50,8.09
1202178,CC(C)Nc1ncc2CCN(Cc2n1)C(=O)N[C@H](CNCCO)c3ccc(F)c(Cl)c3,CHEMBL3297857,IC50,8.1
308986,Cc1cc(ccn1)c2n[nH]c3ccc(cc23)C(=O)NCc4c(Cl)cnc(Cl)c4Cl,CHEMBL3797917,IC50,8.1
1202190,C[C@@H](NC(=O)Nc1cc2[nH]nc(C3CC3(F)F)c2cn1)c4ccccc4,CHEMBL3654792,IC50,8.11
1202199,C[C@@H](NC(=O)Nc1cc2[nH]nc(c3oc(C)nn3)c2cn1)c4ccccc4,CHEMBL3663119,IC50,8.11
1202208,COCc1n[nH]c2cc(NC(=O)N[C@H](C)c3ccccc3)ncc12,CHEMBL3663050,IC50,8.12
1202217,Cc1cc(ccn1)c2n[nH]c3cc(NC(=O)NCc4cc5ccccc5cn4)ncc23,CHEMBL3658759,IC50,8.12
1202227,OC[C@@H](N1C=CC(=CC1=O)c2ccnc(NC(CF)CF)n2)c3ccc(Cl)c(F)c3,CHEMBL3409608,Ki,8.13
1202237,COC[C@@H](NC(=O)Nc1cc2[nH]nc(c3ccnc(C)c3)c2cn1)c4cc(F)ccn4,CHEMBL3654797,IC50,8.14
1202246,Cc1cc(ccn1)c2n[nH]c3cc(NC(=O)NCCO)ncc23,CHEMBL3663027,IC50,8.14
1202256,CC(C)Nc1ncc2CCN(Cc2n1)C(=O)N[C@H](CNS(=O)(=O)C)c3ccc(F)c(Cl)c3,CHEMBL3297858,IC50,8.16
1202267,CN1C=C(C=CC1=O)c2n[nH]c3CCN(Cc23)C4=CC(=O)N(Cc5ccccc5)C=C4,CHEMBL3604846,IC50,8.16
1202278,COc1ccc(cc1)N2C(=O)\C(=C\c3ccc(OCC(=O)Nc4cccc(Cl)c4)cc3)\N=C2c5ccccc5,CHEMBL3577644,IC50,8.16
1202289,C[C@@H](NC(=O)N1CCc2cnc(N[C@H]3CCO[C@@H](CO)C3)nc2C1)c4ccc(Cl)c(Cl)c4,CHEMBL3298199,IC50,8.16
1202300,Cc1cc(Nc2ncc3CCN(Cc3n2)C(=O)N[C@H](CO)c4ccc(F)c(Cl)c4)ccn1,CHEMBL3298677,IC50,8.16
1202311,OCC(NC(=O)c1cc(c[nH]1)c2[nH]ncc2c3cccc(Cl)c3)c4cc(Cl)cc(Cl)c4,CHEMBL220897,Ki,8.16
308808,OC[C@@H](NC(=O)c1ccc2[nH]nc(c3ccncc3)c2c1)c4cccc(Cl)c4,CHEMBL3797756,IC50,8.16
1202323,CC(=O)OC1CCCC(C1)NC(=O)Nc2cc3[nH]nc(c4ccnc(C)c4)c3cn2,CHEMBL3658745,IC50,8.17
1202333,CC1=CN(C(CO)c2ccc(Cl)c(F)c2)C(=O)C=C1c3ccnc(NC4CCOCC4)n3,CHEMBL3409592,Ki,8.17
1202343,CCOC[C@@H](NC(=O)Nc1cc2[nH]nc(c3cc(C)on3)c2cn1)c4ccccc4,CHEMBL3663135,IC50,8.17
1202352,CN1C[C@H](NC(=O)Nc2cc3[nH]nc(c4ccnc(C)c4)c3cn2)[C@H](C1)C5CCCCC5,CHEMBL3654835,IC50,8.17
1202362,COCC[C@H](C)Nc1nccc(n1)C2=CC(=O)N(C=C2)[C@H](CO)c3ccc(Cl)c(F)c3,CHEMBL3409607,Ki,8.17
1202373,Clc1cnc(NC2CCOCC2)nc1Nc3ccncc3NC(=O)C=C,CHEMBL3590120,IC50,8.17
1202383,CC(NC(=O)Nc1cc2[nH]nc(c3ccnc(C)c3)c2cn1)c4ncccc4C,CHEMBL3658714,IC50,8.18
1202392,CCc1c(NC(=O)N[C@H](C)c2ccccc2)ncc3c(n[nH]c13)c4ccnc(C)c4,CHEMBL3654803,IC50,8.18
1202401,CN1CCC(O)(CNC(=O)Nc2cc3[nH]nc(c4ccnc(C)c4)c3cn2)CC1,CHEMBL3658752,IC50,8.18
1202410,Cc1cc(ccn1)c2n[nH]c3cc(NC(=O)NCc4nncs4)ncc23,CHEMBL3658801,IC50,8.18
1202419,COc1cc(ccn1)c2n[nH]c3cc(NC(=O)N[C@H](C)c4ccc(F)cc4)ncc23,CHEMBL3658678,IC50,8.19
1202428,C[C@@H](NC(=O)Nc1cc2[nH]nc(C(=O)NCC(F)(F)CN3CCOCC3)c2cn1)c4ccccc4,CHEMBL3654756,IC50,8.19
1202437,Cc1cc(ccn1)c2n[nH]c3cc(NC(=O)NCc4ccc(cc4)C(F)(F)F)ncc23,CHEMBL3654705,IC50,8.19
1202447,COC[C@@H](CO)Nc1nccc(n1)C2=CC(=O)N(C=C2)[C@H](CO)c3ccc(Cl)c(F)c3,CHEMBL3409609,IC50,8.2
1202456,C[C@@H](NC(=O)Nc1cc2[nH]nc(C(=O)NCC3(O)CC3)c2cn1)c4ccccc4,CHEMBL3654755,IC50,8.2
1202465,Cc1cc(ccn1)c2n[nH]c3c(Cl)c(NC(=O)NCc4ccccc4)ncc23,CHEMBL3654743,IC50,8.2
1202474,Cc1cc(ccn1)c2n[nH]c3cc(NC(=O)NCCc4nc5ccccc5n4C)ncc23,CHEMBL3658746,IC50,8.2
1202483,Cc1cc(ccn1)c2n[nH]c3cc(NC(=O)N[C@@H]4CCOc5cc(F)ccc45)ncc23,CHEMBL3658637,IC50,8.2
1202492,OC[C@@H](N1C=CC(=CC1=O)c2ccnc(N[C@@H]3C[C@@H]4C[C@H]3CO4)n2)c5ccc(Cl)c(F)c5,CHEMBL3675707,IC50,8.2
1202501,C[C@@H](NC(=O)Nc1cc2[nH]nc(CO)c2cn1)c3ccccc3,CHEMBL3663064,IC50,8.21
1202510,C[C@@H](NC(=O)Nc1cc2[nH]nc(c3ccc(cc3)C#N)c2cn1)c4cccc(Cl)c4,CHEMBL3654735,IC50,8.21
1202519,C[C@@H](NC(=O)Nc1cc2[nH]nc(c3ccnc(F)c3)c2cn1)c4ccc(F)cc4,CHEMBL3663081,IC50,8.21
1202528,Cc1cc(ccn1)c2n[nH]c3cc(NC(=O)NC4CCCC(O)C4)ncc23,CHEMBL3658744,IC50,8.21
1202538,CC(C)Nc1ncc2CCN(Cc2n1)C(=O)N[C@H]([C@H](C)O)c3ccc(F)c(Cl)c3,CHEMBL3297851,IC50,8.22
1202548,CC(NC(=O)Nc1cc2[nH]nc(c3ccnc(C)c3)c2cn1)c4ccc(C)cn4,CHEMBL3658705,IC50,8.22
1202557,COCCNC(=O)Nc1cc2[nH]nc(c3ccccc3)c2cn1,CHEMBL3663075,IC50,8.22
1202566,COCCOC[C@@H](NC(=O)Nc1cc2[nH]nc(C(F)F)c2cn1)c3ccccc3,CHEMBL3663131,IC50,8.22
1202575,COc1ccc(cc1OC)c2cnc3ccc(NC(=O)NCCCCc4ccccc4)nc3n2,CHEMBL3671116,IC50,8.22
1202584,COc1ccccc1c2cnc3ccc(NC(=O)N[C@H](C)CCCc4ccccc4)nc3n2,CHEMBL3671117,IC50,8.22
1202593,C[C@H](CCCc1ccccc1)NC(=O)Nc2ccc3ncc(nc3n2)c4c(C)n[nH]c4C,CHEMBL3671115,IC50,8.22
1202602,C[C@H](CCCc1ccccc1)NC(=O)Nc2ccc3ncc(nc3n2)c4cccc(CO)c4,CHEMBL3671119,IC50,8.22
1202611,C[C@H](CCCc1ccccc1)NC(=O)Nc2ccc3ncc(nc3n2)c4cnn(C)c4,CHEMBL3671118,IC50,8.22
1202620,Cc1cc(ccn1)c2n[nH]c3cc(NC(=O)NCc4ccc(Cl)cn4)ncc23,CHEMBL3658840,IC50,8.22
1202630,Cn1cc(Nc2ncc3CCN(Cc3n2)C(=O)N[C@H](CO)c4ccc(F)c(Cl)c4)cn1,CHEMBL3298676,IC50,8.22
1202640,NC1=N\C(=C\2/CCNC(=O)c3[nH]c(Br)cc23)\C(=O)N1,CHEMBL359106,IC50,8.22
1202650,O=C(NCCCCc1ccccc1)Nc2ccc3ncc(nc3n2)N4CCOCC4,CHEMBL3671114,IC50,8.22
1202660,OCC(NC(=O)c1cc(c[nH]1)c2[nH]ncc2c3cccc(Cl)c3)c4ccc(F)c(Cl)c4,CHEMBL220054,Ki,8.22
1202670,OCc1cccc(c1)c2cnc3ccc(NC(=O)NCCCCc4ccccc4)nc3n2,CHEMBL3671113,IC50,8.22
1202679,Oc1ccc(cc1F)c2cnc3ccc(NC(=O)NCCCCc4ccccc4)nc3n2,CHEMBL3671112,IC50,8.22
1202688,CC(CC1CCCO1)NC(=O)Nc2cc3[nH]nc(c4ccnc(C)c4)c3cn2,CHEMBL3654865,IC50,8.23
1202697,CN1CCOC(CNC(=O)Nc2cc3[nH]nc(c4ccnc(C)c4)c3cn2)C1,CHEMBL3654825,IC50,8.23
1202706,Cc1cc(ccn1)c2n[nH]c3cc(NC(=O)NC4CC(C)(C)Oc5ccccc45)ncc23,CHEMBL3658641,IC50,8.23
1202715,Cc1cc(ccn1)c2n[nH]c3cc(NC(=O)NCc4csc5ccc(Cl)cc45)ncc23,CHEMBL3658850,IC50,8.23
1202724,CCn1cc(Nc2nccc(n2)C3=CC(=O)N(C=C3)[C@H](CO)c4ccc(Cl)c(F)c4)c(C)n1,CHEMBL3675721,IC50,8.24
1202733,Cc1cc(ccn1)c2n[nH]c3cc(NC(=O)NC4CC(=O)Nc5ccccc45)ncc23,CHEMBL3658771,IC50,8.24
1202742,Cc1cc(ccn1)c2n[nH]c3cc(NC(=O)NCC4CNC(C4)c5ccccc5)ncc23,CHEMBL3658773,IC50,8.25
1202751,Cc1cc(ccn1)c2n[nH]c3cc(NC(=O)NCc4cnccn4)ncc23,CHEMBL3654699,IC50,8.25
1202760,Cc1cc(ccn1)c2n[nH]c3cc(NC(=O)NCc4nocn4)ncc23,CHEMBL3658789,IC50,8.25
1202769,CC[C@@H](CO)Nc1nccc(n1)C2=CC(=O)N(C=C2)C(C)c3ccc(Cl)c(F)c3,CHEMBL3675715,IC50,8.26
1202778,C[C@@H](NC(=O)Nc1cc2[nH]nc(C(=O)NCc3nc4ccncc4[nH]3)c2cn1)c5ccccc5,CHEMBL3654748,IC50,8.26
1202787,C[C@@H](NC(=O)Nc1cc2[nH]nc(c3ccc(cc3)n4ccnn4)c2cn1)c5ccc(F)cc5,CHEMBL3654868,IC50,8.26
1202796,COC[C@@H](NC(=O)Nc1cc2[nH]nc(c3cc(C)on3)c2cn1)c4ccc(F)cc4,CHEMBL3663126,IC50,8.27
1202806,COc1cccc(NC(=O)COc2ccc(\C=C\3/N=C(N(C3=O)c4cccc(OC)c4)c5ccccc5)cc2)c1,CHEMBL3577631,IC50,8.27
1202816,C[C@H](NC(=O)Nc1cc2[nH]nc(c3ccnc(C)c3)c2cn1)c4ccccn4,CHEMBL3654804,IC50,8.27
1202825,Cc1cc(ccn1)c2n[nH]c3cc(NC(=O)NC4CCc5ccccc45)ncc23,CHEMBL3654729,IC50,8.27
1202834,Cc1cc(ccn1)c2n[nH]c3cc(NC(=O)NC4CCc5ccncc5C4)ncc23,CHEMBL3658764,IC50,8.27
1202843,Cc1cc(ccn1)c2n[nH]c3cc(NC(=O)NCc4ncn[nH]4)ncc23,CHEMBL3658785,IC50,8.27
1202852,Fc1ccc(CNC(=O)Nc2cc3[nH]nc(c4cccc(c4)C#N)c3cn2)cc1,CHEMBL3663111,IC50,8.27
1202861,CCNC(=O)c1n[nH]c2cc(NC(=O)N[C@H](C)c3ccccc3)ncc12,CHEMBL3654768,IC50,8.28
1202871,COc1cccc(c1)N2C(=O)\C(=C\c3ccc(OCC(=O)Nc4ccccc4Cl)cc3)\N=C2c5ccccc5,CHEMBL3577633,IC50,8.28
1202881,COc1cncc(n1)c2n[nH]c3cc(NC(=O)N[C@H](C)c4ccc(F)cc4)ncc23,CHEMBL3654877,IC50,8.28
1202890,CNC(=O)c1cc(F)ccc1CNC(=O)Nc2cc3[nH]nc(c4ccnc(C)c4)c3cn2,CHEMBL3662974,IC50,8.29
1202899,Cc1onc(c1)c2n[nH]c3cc(NC(=O)NC4CCCOc5ccccc45)ncc23,CHEMBL3663127,IC50,8.29
1202909,CCc1cnc(nc1)c2ccc(cc2)N3CCN(CC3)C(=O)CN4CC[C@H](C4)C(=O)Nc5ccc(O)c(Cl)c5,CHEMBL3398599,IC50,8.3
1202919,C[C@H](CCCc1ccccc1)NC(=O)Nc2ccc3ncc(nc3n2)N4CCCC4,CHEMBL3671111,IC50,8.3
1202929,Cc1cc(Cl)ccc1Nc2ncc(C)c(n2)c3c[nH]c(c3)C(=O)N[C@H](CO)c4cccc(Cl)c4,CHEMBL568483,Ki,8.3
1202940,Cc1cnc(Nc2ccc(Cl)cc2F)nc1c3c[nH]c(c3)C(=O)N[C@H](CO)c4cccc(Cl)c4,CHEMBL576048,Ki,8.3
1202950,N[C@@H](Cc1ccc(cc1)c2cnc3ccc(NC(=O)NCCCCc4ccccc4)nc3n2)C(=O)O,CHEMBL3671124,IC50,8.3
1202959,O=C(NCCCCc1ccccc1)Nc2ccc3ncc(nc3n2)N4CCCC4,CHEMBL3671110,IC50,8.3
1202968,O=C(NCCCCc1ccccc1)Nc2ccc3ncc(nc3n2)c4cnn(CCN5CCOCC5)c4,CHEMBL3639699,IC50,8.3
1202978,O=C1NC=CC(=C1)N2CCc3[nH]nc(c3C2)c4ccncc4,CHEMBL3604856,IC50,8.3
1202989,Oc1ccc(NC(=O)[C@@H]2CCN(CC(=O)N3CCN(CC3)c4ccc(cc4)c5ncccn5)C2)cc1C(F)(F)F,CHEMBL3398605,IC50,8.3
1202999,CN1CC[C@H](C1)NC(=O)Nc2cc3[nH]nc(c4ccnc(C)c4)c3cn2,CHEMBL3663047,IC50,8.31
1203008,COC[C@@H](NC(=O)Nc1cc2[nH]nc(C3CC3(F)F)c2cn1)c4ccccc4,CHEMBL3654791,IC50,8.31
1203017,Cc1cc(ccn1)c2n[nH]c3cc(NC(=O)NCC(N4CCCCC4)c5ccccc5)ncc23,CHEMBL3658750,IC50,8.31
1203026,Cc1cc(ccn1)c2n[nH]c3cc(NC(=O)NCCF)ncc23,CHEMBL3654826,IC50,8.31
1203036,COc1cccc(c1)N2C(=O)\C(=C\c3ccc(OCC(=O)Nc4ccccc4OC)cc3)\N=C2c5ccccc5,CHEMBL3577567,IC50,8.33
1203047,Brc1ccccc1CN2C=CC(=CC2=O)N3CCc4[nH]nc(c4C3)c5ccncc5,CHEMBL3604855,IC50,8.34
1203057,CNC(=O)c1n[nH]c2cc(NC(=O)N[C@H](C)c3ccccc3)ncc12,CHEMBL3654767,IC50,8.34
1203067,COc1cccc(c1)N2C(=O)\C(=C\c3ccc(OCC(=O)Nc4ccc(Cl)cc4)cc3)\N=C2c5ccccc5,CHEMBL3577635,IC50,8.34
1203077,C[C@@H](NC(=O)Nc1cc2[nH]nc(c3ccc(nc3)C#N)c2cn1)c4ccc(F)cc4,CHEMBL3654880,IC50,8.34
1203086,Cc1cc(ccn1)c2n[nH]c3cc(NC(=O)N[C@@H]4CNC[C@@H]4c5ccccc5)ncc23,CHEMBL3654808,IC50,8.34
1203095,Cc1onc(c1)c2n[nH]c3cc(NC(=O)N[C@H](COCC(F)F)c4ccccc4)ncc23,CHEMBL3663138,IC50,8.34
1203105,COc1ccc(cc1)N2C(=O)\C(=C\c3ccc(OCC(=O)Nc4ccc(Cl)cc4)cc3)\N=C2c5ccccc5,CHEMBL3577645,IC50,8.35
1203115,C[C@@H](NC(=O)Nc1cc2[nH]nc(C(=O)NCC(O)C(F)F)c2cn1)c3ccccc3,CHEMBL3654754,IC50,8.35
1203124,C[C@@H](NC(=O)Nc1cc2[nH]nc(c3cnc(nc3)n4cccn4)c2cn1)c5ccccc5,CHEMBL3658659,IC50,8.35
1203133,Cc1cc(ccn1)c2n[nH]c3cc(NC(=O)NC(C4CC4)C(F)(F)F)ncc23,CHEMBL3654692,IC50,8.35
1203142,Cc1cc(ccn1)c2n[nH]c3cc(NC(=O)NCCC4CCOC4)ncc23,CHEMBL3658751,IC50,8.35
1203151,Cc1cc(ccn1)c2n[nH]c3cc(NC(=O)N[C@H]4[C@@H]5CC[C@@H](O5)[C@H]4CO)ncc23,CHEMBL3658731,IC50,8.35
1203160,Fc1ccc(cc1)c2n[nH]c3cc(NC(=O)NCc4occn4)ncc23,CHEMBL3654848,IC50,8.35
1203169,COCCNC(=O)Nc1cc2[nH]nc(c3ccc(cc3)C#N)c2cn1,CHEMBL3663073,IC50,8.36
1203178,COC[C@@H](NC(=O)Nc1cc2[nH]nc(c3cc(C)on3)c2cn1)c4ccccc4,CHEMBL3663121,IC50,8.36
1203187,COC[C@H](Cc1ccccc1)NC(=O)Nc2cc3[nH]nc(c4ccnc(C)c4)c3cn2,CHEMBL3662950,IC50,8.36
1203196,C[C@@H](NC(=O)Nc1cc2[nH]nc(C)c2cn1)c3ccccc3,CHEMBL3663085,IC50,8.36
1203205,Cc1cc(ccn1)c2n[nH]c3cc(NC(=O)NCc4cnn(C)c4)ncc23,CHEMBL3658784,IC50,8.36
1203215,COc1ccc(NC(=O)COc2ccc(\C=C\3/N=C(N(C3=O)c4cccc(OC)c4)c5ccccc5)cc2)cc1,CHEMBL3577632,IC50,8.37
1203225,C[C@@H](NC(=O)Nc1cc2[nH]nc(C3CCCC3)c2cn1)c4ccccc4,CHEMBL3663095,IC50,8.38
1203234,Cc1cc(ccn1)c2n[nH]c3cc(NC(=O)NCC(O)C4CCCCC4)ncc23,CHEMBL3658753,IC50,8.39
1203243,Cc1onc(CNC(=O)Nc2cc3[nH]nc(c4ccnc(C)c4)c3cn2)c1,CHEMBL3658832,IC50,8.39
1203253,CC(C)Nc1ncc2CCN(Cc2n1)C(=O)N[C@H](CO)c3ccc(F)c(Cl)c3,CHEMBL3297849,IC50,8.4
1203263,CCCn1cc(cn1)c2cnc3ccc(NC(=O)N[C@H](C)CCCc4ccccc4)nc3n2,CHEMBL3671108,IC50,8.4
1203273,CC[C@@H](NC(=O)N1CCc2cnc(NC3CCOCC3)nc2C1)c4ccc(C#N)c(Cl)c4,CHEMBL3298985,IC50,8.4
1203283,CCn1cc(cn1)c2cnc3ccc(NC(=O)NCCCCc4ccccc4)nc3n2,CHEMBL3671092,IC50,8.4
1203293,CNC[C@@H](NC(=O)N1CCc2cnc(NC(C)C)nc2C1)c3ccc(F)c(Cl)c3,CHEMBL3297856,IC50,8.4
1203303,C[C@H](CCCc1ccccc1)NC(=O)Nc2ccc3ncc(nc3n2)c4cccc(c4)C(=O)O,CHEMBL3671123,IC50,8.4
1203312,C[C@H](CCCc1ccccc1)NC(=O)Nc2ccc3ncc(nc3n2)c4cn[nH]c4,CHEMBL3671109,IC50,8.4
1203321,Cc1cc(ccn1)c2n[nH]c3cc(NC(=O)NC4CCOC4)ncc23,CHEMBL3663031,IC50,8.4
1203330,Cc1cc(ccn1)c2n[nH]c3cc(NC(=O)N[C@@H]4CNC[C@H]4F)ncc23,CHEMBL3658693,IC50,8.4
1203340,Cc1cnc(Nc2ccccc2C(F)(F)F)nc1c3c[nH]c(c3)C(=O)N[C@H](CO)c4ccccc4,CHEMBL571030,Ki,8.4
1203351,Cc1cnc(Nc2ccccc2O)nc1c3c[nH]c(c3)C(=O)N[C@H](CO)c4ccccc4,CHEMBL570366,Ki,8.4
1203361,Cn1cc(cn1)c2cnc3ccc(NC(=O)NCCCCc4ccccc4)nc3n2,CHEMBL3671093,IC50,8.4
1203370,NC[C@@H](N1C=CC(=CC1=O)c2ccnc(NC3CCOCC3)n2)c4ccc(Cl)c(F)c4,CHEMBL3680616,IC50,8.4
309032,O=C(CN1CC[C@H](C1)C(=O)Nc2ccc3[nH]nc(c4ccncc4)c3c2)N5CCN(CC5)c6ccc(cc6)c7ncccn7,CHEMBL3590107,IC50,8.4
1203381,OCCn1cc(cn1)c2cnc3ccc(NC(=O)NCCCCc4ccccc4)nc3n2,CHEMBL3671120,IC50,8.4
1203390,OC[C@@H](N1C=CC(=CC1=O)c2ccnc(N[C@@H]3CCOC[C@H]3F)n2)c4ccc(Cl)c(F)c4,CHEMBL3675702,IC50,8.4
1203400,OC[C@@H](NC(=O)N1CCc2cnc(NC3CCCC3)nc2C1)c4ccc(F)c(Cl)c4,CHEMBL3298307,IC50,8.4
1203410,Cc1cc(ccn1)c2n[nH]c3cc(NC(=O)NCc4cccc5ccccc45)ncc23,CHEMBL3654683,IC50,8.41
1203419,Cc1nc[nH]c1Nc2nccc(n2)C3=CC(=O)N(C=C3)[C@H](CO)c4ccc(Cl)c(F)c4,CHEMBL3675722,IC50,8.41
1203429,OC[C@@H](N1C=CC(=CC1=O)c2ccnc(NC3CCOCC3)n2)c4ccc(Cl)c(F)c4,CHEMBL3409588,IC50,8.41
1203438,CCNC(=O)Nc1cc2[nH]nc(c3ccc(F)cc3)c2cn1,CHEMBL3663058,IC50,8.42
1203447,C[C@@H](NC(=O)Nc1cc2[nH]nc(C(=O)NCC3CCOC3)c2cn1)c4ccccc4,CHEMBL3654752,IC50,8.42
1203456,C[C@@H](NC(=O)Nc1cc2[nH]nc(c3ccc(F)cc3)c2cn1)C4CCCCC4,CHEMBL3663013,IC50,8.42
1203465,Cc1cc(ccn1)c2n[nH]c3cc(NC(=O)NCC(F)(F)CO)ncc23,CHEMBL3654817,IC50,8.42
1203475,OCC(N1C=CC(=CC1=O)c2ccnc(NC3CCOCC3)n2)c4cc(F)cc(Cl)c4,CHEMBL3409585,IC50,8.42
1203484,OC[C@@H](N1C=CC(=CC1=O)c2ccnc(N[C@H]3CCOC[C@H]3F)n2)c4ccc(Cl)c(Cl)c4,CHEMBL3675703,IC50,8.42
1203493,Cc1cc(ccn1)c2n[nH]c3cc(NC(=O)NCc4ccc(cc4)C#N)ncc23,CHEMBL3658808,IC50,8.43
1203502,Cc1cc(ccn1)c2n[nH]c3cc(NC(=O)NCc4cncnc4)ncc23,CHEMBL3658812,IC50,8.43
1203511,Cc1cc(ccn1)c2n[nH]c3cc(NC(=O)N[C@@H]4CCc5ccc(F)cc45)ncc23,CHEMBL3658640,IC50,8.43
1203520,CC(C)Oc1ccc(cn1)c2n[nH]c3cc(NC(=O)N[C@H](C)c4ccccc4)ncc23,CHEMBL3654679,IC50,8.44
1203529,COC[C@@H](NC(=O)Nc1cc2[nH]nc(C3CC3(F)F)c2cn1)c4ccc(F)cc4,CHEMBL3654794,IC50,8.44
1203538,COc1ccc(cc1)c2n[nH]c3cc(NC(=O)NCc4ccc(F)cc4)ncc23,CHEMBL3663115,IC50,8.44
1203547,C[C@@H](NC(=O)Nc1cc2[nH]nc(c3cnc(nc3)N(C)S(=O)(=O)C)c2cn1)c4ccccc4,CHEMBL3658660,IC50,8.44
1203556,C[C@@H](NC(=O)Nc1cc2[nH]nc(c3conc3)c2cn1)c4ccccc4,CHEMBL3663088,IC50,8.44
1203565,Cc1cc(ccn1)c2n[nH]c3cc(NC(=O)NCc4cnccc4C(F)(F)F)ncc23,CHEMBL3662966,IC50,8.44
1203574,C[C@@H]1CN(C)C[C@H]1NC(=O)Nc2cc3[nH]nc(c4ccnc(C)c4)c3cn2,CHEMBL3654833,IC50,8.45
1203583,Cc1cc(ccn1)c2n[nH]c3cc(NC(=O)NC4CCOc5ccccc45)ncc23,CHEMBL3662987,IC50,8.45
1203592,Cc1cc(ccn1)c2n[nH]c3cc(NC(=O)NCC4COCCO4)ncc23,CHEMBL3658826,IC50,8.45
1203601,Cc1cc(ccn1)c2n[nH]c3cc(NC(=O)N[C@@H]4CCN(CC(F)(F)F)C4)ncc23,CHEMBL3658694,IC50,8.45
308841,COc1ccc(cc1)N2C(=O)\C(=C\c3ccc(OCC(=O)Nc4ccccc4Cl)cc3)\N=C2c5ccccc5,CHEMBL3577643,IC50,8.46
1203612,C[C@@H](NC(=O)Nc1cc2[nH]nc(C3CCC3)c2cn1)c4ccc(F)cc4,CHEMBL3654774,IC50,8.46
1203621,C[C@@H](NC(=O)Nc1cc2[nH]nc(c3ccnc(C)c3)c2cn1)C4CCC4,CHEMBL3663046,IC50,8.46
1203631,COc1cccc(c1)N2C(=O)\C(=C\c3ccc(OCC(=O)Nc4cccc(Cl)c4)cc3)\N=C2c5ccccc5,CHEMBL3577634,IC50,8.47
1203641,C[C@H](Cc1ccccc1)NC(=O)Nc2cc3[nH]nc(c4ccnc(C)c4)c3cn2,CHEMBL3663056,IC50,8.47
1203650,Cc1cc(ccn1)c2n[nH]c3cc(NC(=O)NCc4cccc(c4)c5ccccc5)ncc23,CHEMBL3658700,IC50,8.47
1203659,CC1=CC(=CC(=O)N1[C@H](CO)c2ccc(Cl)c(F)c2)c3ccnc(NC4CCOCC4)n3,CHEMBL3675711,IC50,8.48
1203668,C[C@@H](NC(=O)Nc1cc2[nH]nc(c3ccc(cc3)C#N)c2cn1)c4ccc(F)cc4,CHEMBL3654734,IC50,8.48
1203677,C[C@@H](NC(=O)Nc1cc2[nH]nc(c3ccnc(F)c3)c2cn1)C4CCCCC4,CHEMBL3663045,IC50,8.48
1203686,Cc1cc(ccn1)c2n[nH]c3cc(NC(=O)NCc4ccc(Cl)cc4F)ncc23,CHEMBL3662976,IC50,8.48
1203695,Cc1cc(ccn1)c2n[nH]c3cc(NC(=O)NCc4cccnn4)ncc23,CHEMBL3658809,IC50,8.48
309043,Cn1nccc1Nc2nccc(n2)C3=CC(=O)N(C=C3)[C@H](CO)c4ccc(Cl)c(F)c4,CHEMBL3544964,IC50,8.48
1203706,OCC(N1C=C(F)C(=CC1=O)c2ccnc(NC3CCOCC3)n2)c4ccc(Cl)c(F)c4,CHEMBL3409591,Ki,8.48
1203716,COC[C@@H](NC(=O)Nc1cc2[nH]nc(c3ccc(nc3)C#N)c2cn1)c4ccc(F)cc4,CHEMBL3658671,IC50,8.49
1203725,CCC(NC(=O)Nc1cc2[nH]nc(c3ccnc(C)c3)c2cn1)c4ccc(Cl)cc4,CHEMBL3658710,IC50,8.5
308830,COc1cccc(c1)N2C(=O)\C(=C\c3ccc(OCC(=O)Nc4ccc(C)cc4)cc3)\N=C2c5ccccc5,CHEMBL3577566,IC50,8.5
1203736,COc1cncc(c1)c2n[nH]c3cc(NC(=O)N[C@H](C)c4ccc(F)cc4)ncc23,CHEMBL3654879,IC50,8.5
1203745,C[C@@H](NC(=O)Nc1cc2[nH]nc(C(=O)NCC3CCCC(O)C3)c2cn1)c4ccccc4,CHEMBL3654762,IC50,8.5
1203754,OC[C@@H](N1C=CC(=CC1=O)c2ccnc(N[C@H]3CCOC[C@H]3F)n2)c4ccc(Cl)c(F)c4,CHEMBL3675701,IC50,8.5
1203763,COCCNC(=O)Nc1ncc2c(n[nH]c2c1F)c3ccnc(c3)C4CC4,CHEMBL3663060,IC50,8.51
1203772,COC[C@@H](NC(=O)Nc1cc2[nH]nc(c3cncc(OC)c3)c2cn1)c4ccc(F)cc4,CHEMBL3658670,IC50,8.51
1203781,C[C@@H](NC(=O)Nc1cc2[nH]nc(c3cnc(N)nc3)c2cn1)c4ccc(F)c(Cl)c4,CHEMBL3654731,IC50,8.51
1203790,C[C@@H](NC(=O)Nc1ncc2c(n[nH]c2c1Cl)c3ccnc(C)c3)c4ccccc4,CHEMBL3663026,IC50,8.51
1203799,Cc1cc(Nc2nccc(n2)C3=CC(=O)N(C=C3)[C@H](CO)c4ccc(Cl)c(F)c4)n(C)n1,CHEMBL3675719,IC50,8.51
1203808,Cc1cc(ccn1)c2n[nH]c3cc(NC(=O)NC(C(F)F)c4cccnc4)ncc23,CHEMBL3662965,IC50,8.51
1203817,Fc1ccc(cc1)c2n[nH]c3cc(NC(=O)NCC4CCC4)ncc23,CHEMBL3663020,IC50,8.51
1203827,CC(C)Nc1ncc2CCN(Cc2n1)C(=O)N[C@H]([C@@H](C)O)c3ccc(F)c(Cl)c3,CHEMBL3297850,IC50,8.52
1203837,CCNC(=O)Nc1cc2[nH]nc(c3ccnc(C)c3)c2cn1,CHEMBL3663053,IC50,8.52
1203847,CC[C@@H](NC(=O)N1CCc2cnc(N[C@@H](C)CO)nc2C1)c3ccc(F)c(F)c3,CHEMBL3298309,IC50,8.52
1203858,CCc1ccccc1Nc2ncc(C)c(n2)c3c[nH]c(c3)C(=O)N[C@H](CO)c4ccccc4,CHEMBL572361,Ki,8.52
1203869,COc1cccc(Nc2ncc(C)c(n2)c3c[nH]c(c3)C(=O)N[C@H](CO)c4cccc(Cl)c4)c1OC,CHEMBL569181,Ki,8.52
1203880,C[C@@H](CO)Nc1ncc2CCN(Cc2n1)C(=O)N[C@H](C)c3ccc(c(F)c3)C(F)(F)F,CHEMBL3298311,IC50,8.52
1203891,C[C@@H](CO)Nc1ncc2CCN(Cc2n1)C(=O)N[C@H](CO)c3ccc(F)c(Cl)c3,CHEMBL3357948,IC50,8.52
1203901,C[C@H](CCCc1ccccc1)NC(=O)Nc2ccc3ncc(nc3n2)N4CCOCC4,CHEMBL3671104,IC50,8.52
1203910,C[C@H](CCCc1ccccc1)NC(=O)Nc2ccc3ncc(nc3n2)c4ccc(CO)cc4,CHEMBL3671105,IC50,8.52
1203919,C[C@H](CCCc1ccccc1)NC(=O)Nc2ccc3ncc(nc3n2)c4cnn(CCN5CCOCC5)c4,CHEMBL3671106,IC50,8.52
1203928,Cc1cc(ccn1)c2n[nH]c3cc(NC(=O)NCc4ccccn4)ncc23,CHEMBL3658841,IC50,8.52
1203937,Cc1cc(ccn1)c2n[nH]c3cc(NC(=O)N[C@@H]4CN(CC(F)(F)F)C[C@H]4c5ccccc5)ncc23,CHEMBL3658698,IC50,8.52
1203947,Cc1cccc(c1)C(CO)N2C=CC(=CC2=O)c3ccnc(NC4CCOCC4)n3,CHEMBL3409576,IC50,8.52
1203956,Cn1cc(cn1)c2cnc3ccc(NC(=O)NCCCC(C)(C)c4ccccc4)nc3n2,CHEMBL3671107,IC50,8.52
1203966,O=C1C=C(C=CN1Cc2ccccc2)N3CCc4[nH]nc(c4C3)c5ccncc5,CHEMBL3604847,IC50,8.52
1203976,OC(=O)c1cccc(c1)c2cnc3ccc(NC(=O)NCCCCc4ccccc4)nc3n2,CHEMBL3671125,IC50,8.52
1203985,OC[C@@H](N1C=CC(=C(F)C1=O)c2ccnc(NC3CCOCC3)n2)c4ccc(Cl)c(F)c4,CHEMBL3675706,IC50,8.52
1203995,OC[C@@H](NC(=O)N1CCc2cnc(Nc3ccc(F)cc3)nc2C1)c4ccc(F)c(Cl)c4,CHEMBL3298566,IC50,8.52
1204005,OP(=O)(O)Oc1ccc(cc1)c2cnc3ccc(NC(=O)NCCCCc4ccccc4)nc3n2,CHEMBL3671103,IC50,8.52
1204014,Cc1cc(ccn1)c2n[nH]c3cc(NC(=O)NCc4ccc(F)cc4C(F)(F)F)ncc23,CHEMBL3662968,IC50,8.53
1204023,Cc1cc(ccn1)c2n[nH]c3cc(NC(=O)NCc4occn4)ncc23,CHEMBL3658796,IC50,8.53
1204032,Cc1cc(ccn1)c2n[nH]c3cc(NC(=O)Nc4n[nH]c5ccccc45)ncc23,CHEMBL3662988,IC50,8.53
1204041,COCCNC(=O)Nc1cc2[nH]nc(c3ccnc(C)c3)c2cn1,CHEMBL3654691,IC50,8.54
1204050,C[C@@H](NC(=O)Nc1cc2[nH]nc(c3ccnc(C)c3)c2cn1)c4ccc(Cl)c(C)c4,CHEMBL3658707,IC50,8.54
1204059,Cc1cc(Nc2nccc(n2)C3=CC(=O)N(C=C3)C(=C)c4ccc(Cl)c(F)c4)ccn1,CHEMBL3675720,IC50,8.54
1204068,Cc1cc(ccn1)c2n[nH]c3cc(NC(=O)NCc4c(C)cc(Cl)cc4Cl)ncc23,CHEMBL3662970,IC50,8.54
1204077,Cc1nn(C)cc1Nc2nccc(n2)C3=CC(=O)N(C=C3)C(CO)c4ccc(Cl)c(F)c4,CHEMBL3675718,IC50,8.54
1204086,CC(NC(=O)Nc1cc2[nH]nc(c3ccnc(C)c3)c2cn1)c4cc(C)ccn4,CHEMBL3662954,IC50,8.55
1204095,Cc1cc(ccn1)c2n[nH]c3cc(NC(=O)NCC4(CC4)c5ccc(F)cc5)ncc23,CHEMBL3658639,IC50,8.55
1204104,Cc1cc(ccn1)c2n[nH]c3cc(NC(=O)NCC4CNC(=O)O4)ncc23,CHEMBL3658828,IC50,8.55
1204113,Cc1cc(ccn1)c2n[nH]c3cc(NC(=O)NCc4ccc5[nH]cnc5c4)ncc23,CHEMBL3658732,IC50,8.55
1204123,OC[C@H](N1C=CC(=CC1=O)c2ccnc(NC3CCOCC3)n2)c4ccc(Cl)c(F)c4,CHEMBL3409610,Ki,8.55
1204133,CCCNC(=O)Nc1cc2[nH]nc(c3ccnc(C)c3)c2cn1,CHEMBL3654867,IC50,8.56
1204142,Cc1cc(ccn1)c2n[nH]c3cc(NC(=O)NCC4COc5ccccc5O4)ncc23,CHEMBL3658821,IC50,8.56
1204151,Cc1cc(ccn1)c2n[nH]c3cc(NC(=O)NCc4ccc5ccccc5c4)ncc23,CHEMBL3654696,IC50,8.56
1204160,Cc1cc(ccn1)c2n[nH]c3cc(NC(=O)NCc4cncs4)ncc23,CHEMBL3658793,IC50,8.56
1204169,Cc1cc(ccn1)c2n[nH]c3cc(NC(=O)NCc4nccc5ccccc45)ncc23,CHEMBL3658754,IC50,8.56
1204178,Cc1cc(ccn1)c2n[nH]c3cc(NC(=O)NCc4scnc4C)ncc23,CHEMBL3658781,IC50,8.56
1204187,C[C@@H](NC(=O)Nc1cc2[nH]nc(C3CC3C(=O)O)c2cn1)c4ccccc4,CHEMBL3663098,IC50,8.57
1204196,Cc1cc(ccn1)c2n[nH]c3cc(NC(=O)NCc4cc[nH]n4)ncc23,CHEMBL3658782,IC50,8.57
1204205,Cc1cc(ccn1)c2n[nH]c3cc(NC(=O)NCc4nc(N)cs4)ncc23,CHEMBL3658835,IC50,8.57
1204214,O=C(N[C@@H]1CCCOc2ccccc12)Nc3cc4[nH]nc(C5CC5)c4cn3,CHEMBL3658663,IC50,8.57
1204223,C[C@@H](NC(=O)Nc1cc2[nH]nc(c3ccnc(Cl)c3)c2cn1)c4ccc(F)c(Cl)c4,CHEMBL3654726,IC50,8.58
1204232,Cc1cc(ccn1)c2n[nH]c3cc(NC(=O)NCC4CCN(Cc5ccccc5)C4)ncc23,CHEMBL3658774,IC50,8.58
1204241,Cc1cc(ccn1)c2n[nH]c3cc(NC(=O)NC[C@H]4COCCO4)ncc23,CHEMBL3663004,IC50,8.58
1204250,Cc1cc(ccn1)c2n[nH]c3cc(NC(=O)NCc4nc(C)cs4)ncc23,CHEMBL3658839,IC50,8.58
1204259,Cc1cc(ccn1)c2n[nH]c3cc(NC(=O)NCc4ncccc4F)ncc23,CHEMBL3658810,IC50,8.58
1204268,C[C@@H](NC(=O)Nc1cc2[nH]nc(C(=O)NCc3cccnn3)c2cn1)c4ccccc4,CHEMBL3654753,IC50,8.59
1204277,Cc1cc(ccn1)c2n[nH]c3cc(NC(=O)NCc4cn[nH]c4)ncc23,CHEMBL3658783,IC50,8.59
1204286,Cc1cc(ccn1)c2n[nH]c3cc(NC(=O)NCc4ncnn4C)ncc23,CHEMBL3658787,IC50,8.59
1204295,OP(=O)(O)OCOC[C@@H](N1C=CC(=CC1=O)c2ccnc(NC3CCOCC3)n2)c4ccc(Cl)c(F)c4,CHEMBL3680618,IC50,8.59
26231,CN[C@@H]1C[C@H]2O[C@@](C)([C@@H]1OC)n3c4ccccc4c5c6CNC(=O)c6c7c8ccccc8n2c7c35,CHEMBL388978,IC50,8.6
1204306,COCCCc1n[nH]c2cc(NC(=O)N[C@H](C)c3ccccc3)ncc12,CHEMBL3654672,IC50,8.6
1204315,C[C@@H](NC(=O)Nc1cc2[nH]nc(c3cncc(F)c3)c2cn1)c4ccc(F)cc4,CHEMBL3663102,IC50,8.6
1204324,Cc1cc(ccn1)c2n[nH]c3cc(NC(=O)NCc4c[nH]nn4)ncc23,CHEMBL3658794,IC50,8.6
1204334,OC[C@@H](N1C=CC(=CC1=O)c2ccnc(NC3CCS(=O)(=O)C3)n2)c4ccc(Cl)c(F)c4,CHEMBL3409606,Ki,8.6
1204344,CC(NC(=O)Nc1ncc2c(n[nH]c2c1F)c3ccnc(C)c3)c4ccccn4,CHEMBL3654852,IC50,8.61
1204353,C[C@@H](NC(=O)Nc1cc2[nH]nc(C3CC3)c2cn1)c4ccc(F)cc4,CHEMBL3654771,IC50,8.61
1204362,C[C@@H](NC(=O)Nc1cc2[nH]nc(C3CCC3)c2cn1)c4ccccc4,CHEMBL3654775,IC50,8.61
1204371,Cc1cc(ccn1)c2n[nH]c3cc(NC(=O)NC[C@@H]4COCCO4)ncc23,CHEMBL3663005,IC50,8.61
1204380,Cc1cc(ccn1)c2n[nH]c3cc(NC(=O)NCc4ccc(Cl)cc4C)ncc23,CHEMBL3662971,IC50,8.61
1204389,Fc1ccc(cc1)c2n[nH]c3cc(NC(=O)NCC4CCOC4)ncc23,CHEMBL3654847,IC50,8.61
1204398,CC(NC(=O)Nc1cc2[nH]nc(c3ccnc(C)c3)c2cn1)c4ccccc4OC(F)(F)F,CHEMBL3662979,IC50,8.62
1204408,CC1=CC(=CC(=O)N1C(CO)c2ccc(Cl)c(F)c2)c3ccnc(NC4CCOCC4)n3,CHEMBL3409593,Ki,8.62
1204419,CC1CC(CCO1)Nc2nccc(n2)C3=CC(=O)N(C=C3)[C@H](CO)c4ccc(Cl)c(F)c4,CHEMBL3409605,Ki,8.62
1204429,Fc1cccc2[nH]c(CN3C=CC(=CC3=O)c4ccnc(NC5CCOCC5)n4)cc12,CHEMBL3680609,IC50,8.62
1204438,CC(C)Oc1ccc(cn1)c2n[nH]c3cc(NC(=O)N[C@H](C)c4ccc(F)cc4)ncc23,CHEMBL3654876,IC50,8.63
1204447,C[C@@H](NC(=O)Nc1cc2[nH]nc(c3cncnc3)c2cn1)c4ccc(F)cc4,CHEMBL3663109,IC50,8.63
1204456,Cc1cc(ccn1)c2n[nH]c3cc(NC(=O)NCCc4ccccn4)ncc23,CHEMBL3654698,IC50,8.63
1204465,Cc1cc(ccn1)c2n[nH]c3cc(NC(=O)NCc4ccc(F)cn4)ncc23,CHEMBL3662972,IC50,8.63
308852,COc1ccc(NC(=O)COc2ccc(\C=C\3/N=C(N(C3=O)c4ccc(OC)cc4)c5ccccc5)cc2)cc1,CHEMBL3577642,IC50,8.64
1204476,O=C(NC1CCCOc2ccccc12)Nc3cc4[nH]nc(C5CC5)c4cn3,CHEMBL3654783,IC50,8.64
1204486,OCC(N1C=CC(=CC1=O)c2ccnc(NC3CCOCC3)n2)c4cccc(c4)C(F)(F)F,CHEMBL3409577,Ki,8.64
1204496,COc1cccc(F)c1CN2CCC[C@H](C2)NC(=O)Nc3cc4[nH]nc(c5ccc(cc5)C#N)c4cn3,CHEMBL3663097,IC50,8.65
1204506,OC[C@@H](N1CCCn2cc(cc2C1=O)c3ccnc(N[C@H]4CC[C@@H](O)C4)n3)c5ccccc5,CHEMBL3608460,IC50,8.65
1204516,COC(=O)c1cc(Nc2nccc(n2)C3=CC(=O)N(C=C3)[C@H](CO)c4ccc(Cl)c(F)c4)ccn1,CHEMBL3680610,IC50,8.66
1204525,COCCNC(=O)Nc1cc2[nH]nc(c3ccc(F)cc3)c2cn1,CHEMBL3663080,IC50,8.66
1204534,COc1cccc(F)c1CN2CCC[C@H](C2)NC(=O)Nc3cc4[nH]nc(c5ccc(F)cc5)c4cn3,CHEMBL3663096,IC50,8.66
1204543,C[C@@H](NC(=O)Nc1cc2[nH]nc(c3ccn(C)n3)c2cn1)c4ccccc4,CHEMBL3654741,IC50,8.66
1204553,Cc1cnc(NC2CCOCC2)nc1C3=CC(=O)N(C=C3)C(CO)c4ccc(Cl)c(F)c4,CHEMBL3409598,Ki,8.66
1204563,CC(C)OCCNC(=O)Nc1cc2[nH]nc(c3ccnc(C)c3)c2cn1,CHEMBL3658814,IC50,8.67
1204572,COCC(NC(=O)Nc1cc2[nH]nc(c3ccnc(C)c3)c2cn1)c4ccccn4,CHEMBL3658713,IC50,8.67
1204581,COCCNC(=O)Nc1cc2[nH]nc(c3ccc(OC(C)C)nc3)c2cn1,CHEMBL3663078,IC50,8.67
1204590,COC[C@@H](NC(=O)Nc1cc2[nH]nc(C3CC3)c2cn1)c4ccc(F)cc4,CHEMBL3654788,IC50,8.67
1204599,Cc1cc(ccn1)c2n[nH]c3cc(NC(=O)NCc4nccs4)ncc23,CHEMBL3658799,IC50,8.67
1204608,Cc1cc(ccn1)c2n[nH]c3cc(NC(=O)NCC4CC4)ncc23,CHEMBL3654686,IC50,8.68
1204617,Cc1cc(ccn1)c2n[nH]c3cc(NC(=O)N[C@@H]4CCSc5ccccc45)ncc23,CHEMBL3658634,IC50,8.68
1204626,Cc1cc(ccn1)c2n[nH]c3cc(NC(=O)NCCC(=O)Nc4ccccc4Br)ncc23,CHEMBL3658763,IC50,8.69
1204635,Cn1cc(cn1)c2n[nH]c3cc(NC(=O)NCC4CCC4)ncc23,CHEMBL3663043,IC50,8.69
1204645,CC(C)Nc1ncc2CCN(Cc2n1)C(=O)N[C@H](CN)c3ccc(F)c(Cl)c3,CHEMBL3297855,IC50,8.7
1204655,CC(CCCc1ccccc1)NC(=O)Nc2ccc3ncc(nc3n2)c4cnn(C)c4,CHEMBL3671102,IC50,8.7
1204665,CC[C@H](O)[C@@H](NC(=O)N1CCc2cnc(NC(C)C)nc2C1)c3ccc(F)c(Cl)c3,CHEMBL3297852,IC50,8.7
1204675,COc1ncccc1c2cnc3ccc(NC(=O)N[C@H](C)CCCc4ccccc4)nc3n2,CHEMBL3671099,IC50,8.7
1204684,C[C@H](CCCc1ccccc1)NC(=O)Nc2ccc3ncc(nc3n2)c4ccncc4,CHEMBL3671095,IC50,8.7
1204693,Cc1cc(ccn1)c2n[nH]c3cc(NC(=O)N)ncc23,CHEMBL3654674,IC50,8.7
1204702,Cc1cc(ccn1)c2n[nH]c3cc(NC(=O)NCc4nc5ccccc5[nH]4)ncc23,CHEMBL3658772,IC50,8.7
1204711,FC(F)Cn1cc(cn1)c2cnc3ccc(NC(=O)NCCCCc4ccccc4)nc3n2,CHEMBL3671101,IC50,8.7
1204720,OCCCn1cc(cn1)c2cnc3ccc(NC(=O)NCCCCc4ccccc4)nc3n2,CHEMBL3671100,IC50,8.7
1204730,OC[C@@H](NC(=O)N1CCc2cnc(N[C@H]3CC[C@H](O)C3)nc2C1)c4ccc(F)c(Cl)c4,CHEMBL3298417,IC50,8.7
1204741,OC[C@@H](NC(=O)c1cc(c[nH]1)c2n[nH]cc2c3cccc(Cl)c3)c4ccc(F)c(Cl)c4,CHEMBL387385,Ki,8.7
1204751,C[C@@H](NC(=O)Nc1cc2[nH]nc(C3CC3)c2cn1)c4ccccc4,CHEMBL3654676,IC50,8.71
1204760,Cc1cc(ccn1)c2n[nH]c3cc(NC(=O)NCc4conc4)ncc23,CHEMBL3658800,IC50,8.71
1204769,Cc1cccc(CNC(=O)Nc2cc3[nH]nc(c4ccnc(C)c4)c3cn2)n1,CHEMBL3658683,IC50,8.71
1204778,C[C@@H](NC(=O)Nc1cc2[nH]nc(c3ccnc(F)c3)c2cn1)c4ccc(F)c(Cl)c4,CHEMBL3654732,IC50,8.72
1204787,C[C@@H](NC(=O)Nc1cc2[nH]nc(c3ccnc(c3)N4CCOCC4)c2cn1)c5ccc(F)cc5,CHEMBL3658651,IC50,8.72
1204796,C[C@@H](NC(=O)Nc1cc2[nH]nc(c3cnn(c3)C4COC4)c2cn1)c5ccccc5,CHEMBL3663072,IC50,8.72
1204805,Cc1cc(ccn1)c2n[nH]c3cc(NC(=O)NCc4ncc(F)cc4F)ncc23,CHEMBL3658813,IC50,8.72
1204814,CN1CC[C@H](C1)NC(=O)Nc2cc3[nH]nc(c4ccc(F)cc4)c3cn2,CHEMBL3658684,IC50,8.73
1204823,CN1C[C@@H](NC(=O)Nc2cc3[nH]nc(c4ccc(F)cc4)c3cn2)[C@H](c5ccccc5)C16COC6,CHEMBL3663012,IC50,8.73
1204832,C[C@@H](NC(=O)Nc1cc2[nH]nc(c3ccnc(F)c3)c2cn1)c4ccc(Cl)cc4,CHEMBL3654708,IC50,8.74
1204841,Cc1cc(ccn1)c2n[nH]c3cc(NC(=O)N[C@@H]4CCCc5ccncc45)ncc23,CHEMBL3658633,IC50,8.74
1204850,COC[C@@H](NC(=O)Nc1cc2[nH]nc(c3ccnc(F)c3)c2cn1)c4ccc(F)cc4,CHEMBL3654882,IC50,8.75
1204859,C[C@@H](NC(=O)Nc1cc2[nH]nc(c3ccnc(c3)C#N)c2cn1)c4ccc(F)cc4,CHEMBL3654884,IC50,8.75
1204868,C[C@@H](NC(=O)Nc1cc2[nH]nc(c3cncc(C)c3)c2cn1)c4ccc(F)cc4,CHEMBL3658676,IC50,8.75
1204878,Fc1ccc(CN2C=CC(=CC2=O)N3CCc4[nH]nc(c4C3)c5ccncc5)cc1,CHEMBL3604854,IC50,8.75
1204889,OCC(N1C=CC(=CC1=O)c2ccnc(NC3CCOCC3)c2)c4ccc(Cl)c(F)c4,CHEMBL3409596,Ki,8.75
1204900,OC[C@@H](N1C=CC(=CC1=O)c2ccnc(N[C@@H]3CCOC3)n2)c4ccc(Cl)c(F)c4,CHEMBL3409601,Ki,8.75
1204910,COC[C@@H](NC(=O)Nc1cc2[nH]nc(c3ccc(cc3)n4ccnn4)c2cn1)c5ccc(F)cc5,CHEMBL3658675,IC50,8.76
1204919,COC[C@@H](NC(=O)Nc1cc2[nH]nc(c3ccnc(c3)C#N)c2cn1)c4ccc(F)cc4,CHEMBL3658672,IC50,8.76
1204928,Cc1cc(ccn1)c2n[nH]c3cc(NC(=O)NCCC4=CCCC4)ncc23,CHEMBL3654839,IC50,8.76
1204937,CC(NC(=O)Nc1cc2[nH]nc(c3ccnc(C)c3)c2cn1)c4ccc(F)cn4,CHEMBL3658728,IC50,8.78
1204946,Fc1ccc(cc1)c2n[nH]c3cc(NC(=O)NCCC4CCOC4)ncc23,CHEMBL3654846,IC50,8.78
1204955,NC(=O)Nc1cc2[nH]nc(c3ccc(F)cc3)c2cn1,CHEMBL3654685,IC50,8.78
1204964,CCCc1n[nH]c2cc(NC(=O)N[C@H](C)c3ccccc3)ncc12,CHEMBL3654673,IC50,8.79
1204973,Cc1cc(ccn1)c2n[nH]c3cc(NC(=O)NCCOc4ccccc4)ncc23,CHEMBL3658816,IC50,8.79
1204982,Cc1cc(ccn1)c2n[nH]c3cc(NC(=O)N[C@@H]4CCCCc5ccccc45)ncc23,CHEMBL3658635,IC50,8.79
1204991,Cc1cc(ccn1)c2n[nH]c3cc(NC(=O)N[C@@H]4CCS(=O)(=O)c5ccccc45)ncc23,CHEMBL3658645,IC50,8.79
1205000,CN1CCOC(CNC(=O)Nc2cc3[nH]nc(c4ccc(F)cc4)c3cn2)C1,CHEMBL3654853,IC50,8.8
1205009,CN1C[C@H](F)[C@H](C1)NC(=O)Nc2cc3[nH]nc(c4ccnc(C)c4)c3cn2,CHEMBL3658696,IC50,8.8
1205018,C[C@@H](NC(=O)Nc1ncc2c(n[nH]c2c1C)c3ccnc(C)c3)c4ccccc4,CHEMBL3654802,IC50,8.8
1205027,Cc1cc(ccn1)c2n[nH]c3cc(NC(=O)NCC4(C)CCCO4)ncc23,CHEMBL3658825,IC50,8.8
1205036,Clc1ccc2cc(CN3C=CC(=CC3=O)c4ccnc(NC5CCOCC5)n4)[nH]c2c1,CHEMBL3680608,IC50,8.8
1205045,CC(NC(=O)Nc1cc2[nH]nc(c3ccnc(C)c3)c2cn1)c4oncc4,CHEMBL3662953,IC50,8.81
1205054,CN(C)CCC(NC(=O)Nc1cc2[nH]nc(c3ccnc(C)c3)c2cn1)c4ccccn4,CHEMBL3639575,IC50,8.81
1205063,CO[C@H](C)CNC(=O)Nc1cc2[nH]nc(c3ccnc(C)c3)c2cn1,CHEMBL3663049,IC50,8.81
1205072,COc1ccnc(c1)[C@@H](C)NC(=O)Nc2cc3[nH]nc(c4ccnc(C)c4)c3cn2,CHEMBL3654857,IC50,8.81
1205081,C[C@@H](NC(=O)Nc1cc2[nH]nc(c3cccc(c3)C#N)c2cn1)c4ccccc4,CHEMBL3663110,IC50,8.81
1205090,Cc1cc(ccn1)c2n[nH]c3cc(NC(=O)NC4(CCC4)c5ccccn5)ncc23,CHEMBL3658719,IC50,8.81
1205099,Cc1cc(ccn1)c2n[nH]c3cc(NC(=O)NCc4ccc(F)cc4F)ncc23,CHEMBL3662969,IC50,8.81
1205108,Fc1cc(ccn1)c2n[nH]c3cc(NC(=O)NCC4CCC4)ncc23,CHEMBL3663044,IC50,8.81
1205117,COCCNC(=O)Nc1cc2[nH]nc(c3ccnc(c3)C4CC4)c2cn1,CHEMBL3663077,IC50,8.82
1205126,C[C@@H](NC(=O)Nc1cc2[nH]nc(c3ccnc(C)c3)c2cn1)c4ccncc4,CHEMBL3654862,IC50,8.82
1205135,Cc1cc(ccn1)c2n[nH]c3cc(NC(=O)NC(C(F)F)c4ccccc4)ncc23,CHEMBL3658743,IC50,8.82
1205145,Fc1ccc(CN2C=CC(=CC2=O)c3ccnc(NC4CCOCC4)n3)cc1Cl,CHEMBL3409568,Ki,8.82
1205156,OCC(N1C=CC(=CC1=O)c2ccnc(NC3CCOCC3)n2)c4ccccc4,CHEMBL3409571,Ki,8.82
1205167,OC[C@@H](N1C=CC(=CC1=O)c2ccnc(N[C@H]3CCOC3)n2)c4ccc(Cl)c(F)c4,CHEMBL3409602,Ki,8.82
1205177,CN1C[C@H](NC(=O)Nc2cc3[nH]nc(c4ccnc(C)c4)c3cn2)[C@H]([C@H]1C(F)F)c5ccccc5,CHEMBL3663024,IC50,8.83
1205186,Cc1cc(ccn1)c2n[nH]c3cc(NC(=O)N[C@@H]4CCCc5ncccc45)ncc23,CHEMBL3654887,IC50,8.83
1205195,CN1C[C@H](NC(=O)Nc2cc3[nH]nc(c4ccnc(C)c4)c3cn2)[C@H](C1)c5ccc(F)nc5,CHEMBL3654807,IC50,8.84
1205204,Cc1cc(ccn1)c2n[nH]c3cc(NC(=O)NCC4CC(C)(C)OC(C)(C)C4)ncc23,CHEMBL3658734,IC50,8.84
1205213,Cc1cc(ccn1)c2n[nH]c3cc(NC(=O)NCc4nccn4C)ncc23,CHEMBL3658791,IC50,8.84
1205222,CC(NC(=O)Nc1cc2[nH]nc(c3ccnc(C)c3)c2cn1)c4cscn4,CHEMBL3662952,IC50,8.85
1205231,Cc1cc(ccn1)c2n[nH]c3cc(NC(=O)NCC4CCC4)ncc23,CHEMBL3663028,IC50,8.85
1205240,Cc1cc(ccn1)c2n[nH]c3cc(NC(=O)NCc4ccc5C(=O)NCc5c4)ncc23,CHEMBL3658733,IC50,8.85
1205249,Cc1cc(ccn1)c2n[nH]c3cc(NC(=O)NCc4cnccc4C)ncc23,CHEMBL3662947,IC50,8.85
1205258,Cc1cc(ccn1)c2n[nH]c3cc(NC(=O)Nc4noc5ccccc45)ncc23,CHEMBL3658704,IC50,8.85
1205267,COC[C@@H](NC(=O)Nc1cc2[nH]nc(C3CC3)c2cn1)c4ccccc4,CHEMBL3654790,IC50,8.86
1205276,CC(NC(=O)Nc1cc2[nH]nc(c3ccnc(C)c3)c2cn1)c4ccc(F)nc4,CHEMBL3662955,IC50,8.87
1205285,CCC(NC(=O)Nc1cc2[nH]nc(c3ccnc(C)c3)c2cn1)c4ccccn4,CHEMBL3658712,IC50,8.87
1205294,COC[C@@H](NC(=O)Nc1cc2[nH]nc(c3ccn4ncnc4c3)c2cn1)c5ccc(F)cc5,CHEMBL3658668,IC50,8.87
1205303,Cc1cc(ccn1)c2n[nH]c3cc(NC(=O)NC4C(O)Cc5ccccc45)ncc23,CHEMBL3658699,IC50,8.87
1205312,Cc1cc(ccn1)c2n[nH]c3cc(NC(=O)NC4CCN(c5ccccc45)S(=O)(=O)C)ncc23,CHEMBL3658647,IC50,8.87
1205321,Cc1cc(ccn1)c2n[nH]c3cc(NC(=O)NC4CCc5nc(N)sc5C4)ncc23,CHEMBL3662960,IC50,8.87
1205330,Cc1cc(ccn1)c2n[nH]c3cc(NC(=O)NCc4ncc[nH]4)ncc23,CHEMBL3658790,IC50,8.87
1205339,COC(=O)C1CC1c2n[nH]c3cc(NC(=O)N[C@H](C)c4ccccc4)ncc23,CHEMBL3663089,IC50,8.88
1205348,C[C@@H](NC(=O)Nc1cc2[nH]nc(c3ccc(cc3)S(=O)(=O)C)c2cn1)c4ccccc4,CHEMBL3654740,IC50,8.88
1205357,Cc1cc(ccn1)c2n[nH]c3cc(NC(=O)NCc4cccc(c4)c5ncc[nH]5)ncc23,CHEMBL3658736,IC50,8.88
1205366,Cc1cc(ccn1)c2n[nH]c3cc(NC(=O)NCc4csc5ccccc45)ncc23,CHEMBL3662958,IC50,8.88
1205375,CO[C@H](C)CNC(=O)Nc1cc2[nH]nc(c3ccc(F)cc3)c2cn1,CHEMBL3663082,IC50,8.89
1205384,C[C@@H](CNC(=O)Nc1cc2[nH]nc(c3ccnc(C)c3)c2cn1)c4ccccc4,CHEMBL3663070,IC50,8.89
1205393,Cc1cc(ccn1)c2n[nH]c3c(F)c(NC(=O)N[C@H](CO)c4ccccc4)ncc23,CHEMBL3662999,IC50,8.89
1205402,Cc1cc(ccn1)c2n[nH]c3cc(NC(=O)NCC4CNC4)ncc23,CHEMBL3663039,IC50,8.89
1205411,Cc1cc(ccn1)c2n[nH]c3cc(NC(=O)NCc4ccccc4Cl)ncc23,CHEMBL3658802,IC50,8.89
1205421,OCC(N1C=CC(=CC1=O)c2ccnc(NC3CCOCC3)n2)c4cccc(Cl)c4,CHEMBL3409574,Ki,8.89
1205432,OCC(N1C=CC(=CC1=O)c2ccnc(NC3CCOCC3)n2)c4cccc(F)c4,CHEMBL3409575,Ki,8.89
1205442,COC(C)CNC(=O)Nc1cc2[nH]nc(c3ccnc(C)c3)c2cn1,CHEMBL3663038,IC50,8.9
1205451,Cc1cc(ccn1)c2n[nH]c3cc(NC(=O)NC4COc5ccccc5C4)ncc23,CHEMBL3658829,IC50,8.9
1205460,Cc1cc(ccn1)c2n[nH]c3cc(NC(=O)N[C@@H]4CCCc5cccnc45)ncc23,CHEMBL3658632,IC50,8.9
1205469,Cc1cc(ccn1)c2n[nH]c3cc(NC(=O)NCc4ncccc4C)ncc23,CHEMBL3658842,IC50,8.91
1205478,C[C@@H](NC(=O)Nc1cc2[nH]nc(c3ccnc(C)c3)c2cn1)C4CCCCC4,CHEMBL3663029,IC50,8.92
1205487,Cc1cc(ccn1)c2n[nH]c3cc(NC(=O)NC4CNCc5ccccc45)ccc23,CHEMBL3658851,IC50,8.92
1205496,Cc1cc(ccn1)c2n[nH]c3cc(NC(=O)NCC4CCCCO4)ncc23,CHEMBL3658831,IC50,8.92
1205505,Cc1cc(ccn1)c2n[nH]c3cc(NC(=O)NCc4cnc(F)cc4Cl)ncc23,CHEMBL3662967,IC50,8.92
1205515,OC[C@@H](N1C=CC(=CC1=O)c2ccnc(NC3CC(F)(F)C3)n2)c4ccc(Cl)c(F)c4,CHEMBL3409604,Ki,8.92
1205525,CN1CC[C@H](CNC(=O)Nc2cc3[nH]nc(c4ccc(F)cc4)c3cn2)C1,CHEMBL3658690,IC50,8.93
1205534,COC[C@@H](NC(=O)Nc1cc2[nH]nc(c3ccnc(c3)N4CCOCC4)c2cn1)c5ccc(F)cc5,CHEMBL3658666,IC50,8.93
1205543,COC[C@@H](NC(=O)Nc1cc2[nH]nc(c3cnc(OC)nc3)c2cn1)c4ccc(F)cc4,CHEMBL3658667,IC50,8.94
1205552,C[C@@H](NC(=O)Nc1cc2[nH]nc(c3ccc4OCCOc4c3)c2cn1)c5ccccc5,CHEMBL3654739,IC50,8.94
1205561,Cc1cc(ccn1)c2n[nH]c3c(F)c(NC(=O)NCc4ccccc4)ncc23,CHEMBL3662991,IC50,8.94
1205570,Cc1cc(ccn1)c2n[nH]c3cc(NC(=O)NCc4cnc(C)s4)ncc23,CHEMBL3658797,IC50,8.94
1205579,CO[C@H]1CN(C)C[C@@H]1NC(=O)Nc2cc3[nH]nc(c4ccc(F)cc4)c3cn2,CHEMBL3658685,IC50,8.95
1205588,Cc1cc(ccn1)c2n[nH]c3cc(NC(=O)NCC4(CCOCC4)Nc5ccccc5)ncc23,CHEMBL3658762,IC50,8.95
1205597,Cc1cc(ccn1)c2n[nH]c3cc(NC(=O)NCc4c(C)cccc4Cl)ncc23,CHEMBL3658807,IC50,8.95
1205606,Cc1cc(ccn1)c2n[nH]c3cc(NC(=O)NCc4ccns4)ncc23,CHEMBL3658792,IC50,8.95
1205616,Fc1cc(CCN2C=CC(=CC2=O)c3ccnc(NC4CCOCC4)n3)ccc1Cl,CHEMBL3409570,Ki,8.96
1205626,CCN(CC)CCC(NC(=O)Nc1cc2[nH]nc(c3ccnc(C)c3)c2cn1)c4ccccc4,CHEMBL3658770,IC50,8.97
1205635,CCOCCNC(=O)Nc1cc2[nH]nc(c3ccnc(C)c3)c2cn1,CHEMBL3663066,IC50,8.97
1205644,COc1cccc(F)c1CN2CCC[C@H](C2)NC(=O)Nc3cc4[nH]nc(c5ccnc(F)c5)c4cn3,CHEMBL3663091,IC50,8.97
1205653,Cc1cc(ccn1)c2n[nH]c3cc(NC(=O)NCCC4COc5ccccc5O4)ncc23,CHEMBL3658737,IC50,8.97
1205662,Cc1cc(ccn1)c2n[nH]c3cc(NC(=O)NCc4oncc4)ncc23,CHEMBL3658798,IC50,8.97
1205671,CC(NC(=O)Nc1cc2[nH]nc(c3ccnc(C)c3)c2cn1)c4cccnc4,CHEMBL3654700,IC50,8.98
1205680,COC[C@@H](NC(=O)Nc1cc2[nH]nc(c3ccc(nc3)N4CCOCC4)c2cn1)c5ccc(F)cc5,CHEMBL3658665,IC50,8.98
1205689,C[C@@H](NC(=O)Nc1cc2[nH]nc(c3ccc(cc3)C#N)c2cn1)c4ccccc4,CHEMBL3654717,IC50,8.98
1205698,C[C@@H](NC(=O)Nc1cc2[nH]nc(c3ccnc(C)c3)c2cn1)c4cc(Cl)ccn4,CHEMBL3654856,IC50,8.98
1205707,Cc1cc(ccn1)c2n[nH]c3cc(NC(=O)NC(CO)c4cccnc4)ncc23,CHEMBL3658703,IC50,8.99
1205716,CC(NC(=O)Nc1cc2[nH]nc(c3ccnc(C)c3)c2cn1)c4ccc(F)c(F)c4,CHEMBL3658697,IC50,9.0
1205725,COc1c(CO)cccc1c2cnc3ccc(NC(=O)N[C@H](C)CCCc4ccccc4)nc3n2,CHEMBL3671096,IC50,9.0
1205734,COc1cc(CO)ccc1c2cnc3ccc(NC(=O)N[C@H](C)CCCc4ccccc4)nc3n2,CHEMBL3671094,IC50,9.0
1205743,COc1cc(ccc1C(=O)O)c2cnc3ccc(NC(=O)NCCCCc4ccccc4)nc3n2,CHEMBL3671121,IC50,9.0
1205753,C[C@@H](NC(=O)N1CCc2cnc(Nc3ccnn3C)nc2C1)c4ccc(Cl)c(Cl)c4,CHEMBL3357951,IC50,9.0
1205764,C[C@@H](NC(=O)N1CCc2cnc(Nc3cnn(C)c3)nc2C1)c4ccc(Cl)c(Cl)c4,CHEMBL3357950,IC50,9.0
1205774,C[C@H](CCCc1ccccc1)NC(=O)Nc2ccc3ncc(nc3n2)c4ccc(C[C@H](N)C(=O)O)cc4,CHEMBL3671122,IC50,9.0
1205783,Cc1cc(ccn1)c2n[nH]c3cc(NC(=O)NCc4cncc(F)c4)ncc23,CHEMBL3654702,IC50,9.0
1205792,Fc1cc(ccn1)c2n[nH]c3cc(NC(=O)NCc4ccc(F)c(Cl)c4)ncc23,CHEMBL3654709,IC50,9.0
1205801,Fc1ccc(cc1)c2n[nH]c3cc(NC(=O)NCc4oncc4)ncc23,CHEMBL3654849,IC50,9.0
1205810,O=C(NCCCCc1ccccc1)Nc2ccc3ncc(nc3n2)c4cn[nH]c4,CHEMBL3671097,IC50,9.0
1205820,OC[C@@H](NC(=O)N1CCc2cnc(NC3CCOCC3)nc2C1)c4ccc(F)c(Cl)c4,CHEMBL3298414,IC50,9.0
1205830,Oc1ccc(cc1)c2cnc3ccc(NC(=O)NCCCCc4ccccc4)nc3n2,CHEMBL3671098,IC50,9.0
1205839,CN1CC[C@@H](CNC(=O)Nc2cc3[nH]nc(c4ccc(F)cc4)c3cn2)C1,CHEMBL3658689,IC50,9.01
1205848,CNC(=O)[C@H]1CC1c2n[nH]c3cc(NC(=O)N[C@H](COC)c4ccccc4)ncc23,CHEMBL3654799,IC50,9.01
1205857,Cc1cc(ccn1)c2n[nH]c3cc(NC(=O)NC4CNc5ccccc5C4)ncc23,CHEMBL3662957,IC50,9.02
1205866,Cc1cc(ccn1)c2n[nH]c3cc(NC(=O)NCc4c(F)cc(F)cc4F)ncc23,CHEMBL3639618,IC50,9.02
1205875,Cc1cc(ccn1)c2n[nH]c3cc(NC(=O)NCc4ccc(F)cc4)ncc23,CHEMBL3658643,IC50,9.02
1205884,CO[C@@H](C)CNC(=O)Nc1cc2[nH]nc(c3ccnc(C)c3)c2cn1,CHEMBL3663048,IC50,9.03
1205893,COc1cc(ccn1)c2n[nH]c3cc(NC(=O)N[C@H](C)c4ccccc4)ncc23,CHEMBL3663099,IC50,9.03
1205902,COc1ccc(cc1)c2n[nH]c3cc(NC(=O)N[C@H](C)c4ccccc4)ncc23,CHEMBL3663114,IC50,9.03
1205911,COc1cccc(F)c1CN2CCC[C@H](C2)NC(=O)Nc3cc4[nH]nc(c5ccc6nn(C)cc6c5)c4cn3,CHEMBL3663100,IC50,9.03
1205920,Cc1cc(ccn1)c2n[nH]c3cc(NC(=O)NC(C4CCCO4)c5ccc(F)cc5)ncc23,CHEMBL3654864,IC50,9.03
1205929,Cc1cc(ccn1)c2n[nH]c3cc(NC(=O)NCC(c4ccccc4)C5(O)CCOCC5)ncc23,CHEMBL3658749,IC50,9.03
1205938,Cc1cc(ccn1)c2n[nH]c3cc(NC(=O)NCc4csc(C)n4)ncc23,CHEMBL3654694,IC50,9.03
1205947,C[C@@H](NC(=O)Nc1cc2[nH]nc(c3ccnc(C)c3)c2cn1)c4ccccn4,CHEMBL3654805,IC50,9.04
1205956,Cc1cc(ccn1)c2n[nH]c3cc(NC(=O)N[C@@H]4C[C@H]4c5ccccc5)ncc23,CHEMBL3663036,IC50,9.04
1205965,CN1CC(NC(Nc2cc3[nH]nc(c4ccc(F)cc4)c3cn2)O1)c5ccccc5,CHEMBL3654850,IC50,9.05
1205974,COC[C@@H](NC(=O)Nc1cc2[nH]nc(c3cnc(OC)nc3)c2cn1)c4ccccc4,CHEMBL3658682,IC50,9.06
1205983,CO[C@@H](C)CNC(=O)Nc1cc2[nH]nc(c3ccc(F)cc3)c2cn1,CHEMBL3663083,IC50,9.06
1205992,C[C@@H](NC(=O)Nc1cc2[nH]nc(c3cnnc(C)c3)c2cn1)c4ccccc4,CHEMBL3654742,IC50,9.06
1206001,Cc1cc(ccn1)c2n[nH]c3cc(NC(=O)NC4CCc5cccnc5C4)ncc23,CHEMBL3662961,IC50,9.06
1206010,C[C@@H](NC(=O)Nc1cc2[nH]nc(c3ccc(F)cc3)c2cn1)c4ccccc4,CHEMBL3654681,IC50,9.07
1206019,C[C@@H](NC(=O)Nc1cc2[nH]nc(c3ccnc(C)c3)c2cn1)c4ccc(F)cn4,CHEMBL3662959,IC50,9.07
1206028,C[C@@H](NC(=O)Nc1cc2[nH]nc(c3ccnc(C)c3)c2cn1)c4ccc(cc4)C#N,CHEMBL3654860,IC50,9.07
1206037,Cc1cc(ccn1)c2n[nH]c3cc(NC(=O)NCCc4cn[nH]c4)ncc23,CHEMBL3658758,IC50,9.07
1206047,Cc1cc(ccn1)c2n[nH]c3cc(NC(=O)NCc4ccccc4)ncc23,CHEMBL2408788,IC50,9.07
1206056,Cc1cc(ccn1)c2n[nH]c3cc(NC(=O)NCc4ncccc4Cl)ncc23,CHEMBL3658811,IC50,9.08
1206065,COC[C@@H](NC(=O)Nc1cc2[nH]nc(c3ccnc(c3)N4CCNCC4)c2cn1)c5ccc(F)cc5,CHEMBL3658674,IC50,9.09
1206074,C[C@@H](NC(=O)Nc1cc2[nH]nc(c3cnn(C)c3)c2cn1)C4CCCCC4,CHEMBL3663042,IC50,9.09
1206083,Cc1cc(ccn1)c2n[nH]c3cc(NC(=O)NC4CCc5[nH]ncc5C4)ncc23,CHEMBL3662962,IC50,9.09
1206092,Cc1cc(ccn1)c2n[nH]c3cc(NC(=O)NCc4ccccc4F)ncc23,CHEMBL3658805,IC50,9.09
1206101,COCCNC(=O)Nc1cc2[nH]nc(c3ccc4nn(C)cc4c3)c2cn1,CHEMBL3663074,IC50,9.1
1206110,C[C@H](CNC(=O)Nc1cc2[nH]nc(c3ccnc(C)c3)c2cn1)c4ccccc4,CHEMBL3663071,IC50,9.1
1206119,Cn1cc(cn1)C(N2C=CC(=CC2=O)c3nc(NC4CCOCC4)ncc3F)c5ccc(Cl)c(Cl)c5,CHEMBL3675723,IC50,9.1
1206129,O=C1C=C(C=CN1Cc2ccccc2)c3ccnc(NC4CCOCC4)n3,CHEMBL3409406,Ki,9.1
1206139,COC[C@@H](NC(=O)Nc1cc2[nH]nc(c3ccc(F)cc3)c2cn1)c4ccccn4,CHEMBL3662956,IC50,9.11
1206148,COC[C@@H](NC(=O)Nc1cc2[nH]nc(c3ccnc(C)c3)c2cn1)c4ccccn4,CHEMBL3658780,IC50,9.11
1206157,C[C@@H](NC(=O)Nc1cc2[nH]nc(c3ccc(nc3)N4CCOCC4)c2cn1)c5ccc(F)cc5,CHEMBL3654881,IC50,9.11
1206166,CC[C@@H](NC(=O)Nc1cc2[nH]nc(c3ccnc(C)c3)c2cn1)c4ccc(Cl)cc4,CHEMBL3658778,IC50,9.12
1206175,COc1ncc(cn1)c2n[nH]c3cc(NC(=O)N[C@@H]4CCCOc5ccccc45)ncc23,CHEMBL3658680,IC50,9.12
1206184,Cc1cc(ccn1)c2n[nH]c3cc(NC(=O)NC4CCc5[nH]nc(C)c5C4)ncc23,CHEMBL3662963,IC50,9.12
1206193,Cc1cc(ccn1)c2n[nH]c3cc(NC(=O)NCc4ncc(F)cc4Cl)ncc23,CHEMBL3662973,IC50,9.12
1206202,CN1CC(NC(Nc2cc3[nH]nc(c4ccnc(C)c4)c3cn2)O1)c5ccccc5,CHEMBL3658702,IC50,9.13
1206211,COc1ncc(cn1)c2n[nH]c3cc(NC(=O)N[C@H](C)c4ccc(F)cc4)ncc23,CHEMBL3654878,IC50,9.13
1206220,C[C@@H](NC(=O)Nc1cc2[nH]nc(c3ccc4nc(C)sc4c3)c2cn1)c5ccccc5,CHEMBL3654738,IC50,9.13
1206229,Cc1cc(ccn1)c2n[nH]c3cc(NC(=O)NCc4cscn4)ncc23,CHEMBL3658795,IC50,9.13
1206238,CN1C[C@H](NC(=O)Nc2cc3[nH]nc(c4ccnc(C)c4)c3cn2)[C@H](C1)c5ccc(F)cc5,CHEMBL3654838,IC50,9.14
1206247,C[C@@H](NC(=O)Nc1cc2[nH]nc(c3ccc4nc(C)oc4c3)c2cn1)c5ccccc5,CHEMBL3663094,IC50,9.14
1206256,C[C@@H](NC(=O)Nc1ncc2c(n[nH]c2c1F)c3ccnc(F)c3)c4ccccc4,CHEMBL3662994,IC50,9.14
1206265,CCNC(=O)[C@H]1CC1c2n[nH]c3cc(NC(=O)N[C@H](COC)c4ccccc4)ncc23,CHEMBL3654798,IC50,9.15
1206274,COc1ncc(cn1)c2n[nH]c3cc(NC(=O)N[C@H](C)c4ccccc4)ncc23,CHEMBL3658681,IC50,9.15
1206283,C[C@@H](NC(=O)Nc1cc2[nH]nc(c3cnn(C)c3)c2cn1)c4ccc(F)c(Cl)c4,CHEMBL3654723,IC50,9.15
1206292,Cc1cc(ccn1)c2n[nH]c3cc(NC(=O)NCc4cccc(Cl)c4)ncc23,CHEMBL3654678,IC50,9.15
1206301,C[C@@H](NC(=O)Nc1cc2[nH]nc(c3ccnc(C)c3)c2cn1)c4ncccc4F,CHEMBL3654858,IC50,9.16
1206311,Cc1cccc(CN2C=CC(=CC2=O)N3CCc4[nH]nc(c4C3)c5ccncc5)c1,CHEMBL3604853,IC50,9.16
1206322,Fc1cc(CN2C=CC(=CC2=O)c3ccnc(NC4CCOCC4)n3)ccc1Cl,CHEMBL3409569,Ki,9.16
1206332,CC(CNC(=O)Nc1cc2[nH]nc(c3ccnc(C)c3)c2cn1)c4ccccc4,CHEMBL3663037,IC50,9.17
1206341,C[C@@H](NC(=O)Nc1cc2[nH]nc(c3ccc4nn(C)cc4c3)c2cn1)c5cccc(Cl)c5,CHEMBL3654713,IC50,9.17
1206350,CN1C[C@H](NC(=O)Nc2cc3[nH]nc(c4ccnc(C)c4)c3cn2)[C@H](C1)c5ccccc5F,CHEMBL3654811,IC50,9.18
1206359,C[C@@H](NC(=O)Nc1cc2[nH]nc(c3ccn4ncnc4c3)c2cn1)c5ccccc5,CHEMBL3658662,IC50,9.18
1206368,Cc1cc(ccn1)c2n[nH]c3cc(NC(=O)NCc4c(F)cccc4F)ncc23,CHEMBL3654703,IC50,9.18
1206377,CCOCCNC(=O)Nc1cc2[nH]nc(c3ccc(F)cc3)c2cn1,CHEMBL3663065,IC50,9.22
1206386,COC[C@@H](NC(=O)Nc1cc2[nH]nc(c3cnn(C)c3)c2cn1)c4ccc(F)cc4,CHEMBL3658664,IC50,9.22
1206395,COc1ncccc1CNC(=O)Nc2cc3[nH]nc(c4ccnc(C)c4)c3cn2,CHEMBL3662951,IC50,9.22
1206404,C[C@@H](NC(=O)Nc1cc2[nH]nc(c3cn[nH]c3)c2cn1)c4ccc(F)c(Cl)c4,CHEMBL3654725,IC50,9.22
1206413,Cc1cc(ccn1)c2n[nH]c3cc(NC(=O)NC(CO)c4cc(F)cc(F)c4)ncc23,CHEMBL3658729,IC50,9.22
1206422,Cc1cc(ccn1)c2n[nH]c3cc(NC(=O)NCc4ccccc4OC(F)(F)F)ncc23,CHEMBL3662978,IC50,9.22
1206432,OCC(N1C=CC(=CC1=O)c2ccnc(NC3CCOCC3)n2)c4cccc(c4)C#N,CHEMBL3409579,Ki,9.22
1206443,OCC(N1N=CC(=CC1=O)c2ccnc(NC3CCOCC3)n2)c4ccc(Cl)c(F)c4,CHEMBL3409595,Ki,9.22
1206453,Cc1cc(ccn1)c2n[nH]c3cc(NC(=O)NCc4ccsn4)ncc23,CHEMBL3658838,IC50,9.23
1206462,Cc1cc(ccn1)c2n[nH]c3cc(NC(=O)NCc4cnsc4)ncc23,CHEMBL3658786,IC50,9.23
1206471,Cn1cc2cc(ccc2n1)c3n[nH]c4cc(NC(=O)NCc5ccc(F)c(Cl)c5)ncc34,CHEMBL3654715,IC50,9.23
1206480,CC(NC(=O)Nc1cc2[nH]nc(c3ccnc(C)c3)c2cn1)c4ccc(cc4)S(=O)(=O)C,CHEMBL3658740,IC50,9.24
1206489,C[C@@H](NC(=O)Nc1cc2[nH]nc(c3ccc4nncn4c3)c2cn1)c5ccc(F)cc5,CHEMBL3654872,IC50,9.24
1206498,COC[C@@H](NC(=O)Nc1cc2[nH]nc(c3ccc4c(c3)nnn4C)c2cn1)c5ccc(F)cc5,CHEMBL3658669,IC50,9.25
1206507,C[C@@H](NC(=O)Nc1cc2[nH]nc(c3ccc4nn(C)cc4c3)c2cn1)c5ccc(Cl)cc5,CHEMBL3654716,IC50,9.25
1206516,Cc1cc(ccn1)c2n[nH]c3cc(NC(=O)NC(C4CCCO4)c5ccccc5)ncc23,CHEMBL3654863,IC50,9.25
1206525,Cc1cc(ccn1)c2n[nH]c3cc(NC(=O)NCC4CCCCC4)ncc23,CHEMBL3663032,IC50,9.25
1206534,CCOc1ncccc1CNC(=O)Nc2cc3[nH]nc(c4ccnc(C)c4)c3cn2,CHEMBL3662981,IC50,9.26
1206543,C[C@@H](NC(=O)Nc1cc2[nH]nc(c3ccnc(C)c3)c2cn1)c4ccc(Cl)cc4,CHEMBL3654670,IC50,9.26
1206552,Cc1cc(ccn1)c2n[nH]c3cc(NC(=O)N[C@@H](c4ccccc4)C5(O)CCCC5)ncc23,CHEMBL3662986,IC50,9.26
1206561,CN1C[C@@H](NC(=O)Nc2cc3[nH]nc(c4ccnc(C)c4)c3cn2)[C@@H](C1)c5ccccc5C,CHEMBL3654842,IC50,9.27
1206570,CN1C[C@H](NC(=O)Nc2cc3[nH]nc(c4ccnc(C)c4)c3cn2)[C@H](C1)c5ccccc5C,CHEMBL3654834,IC50,9.27
1206579,C[C@@H](NC(=O)Nc1cc2[nH]nc(c3cnn(CC(C)(C)O)c3)c2cn1)c4ccccc4,CHEMBL3663087,IC50,9.27
1206588,CCO[C@H]1CN(C)C[C@@H]1NC(=O)Nc2cc3[nH]nc(c4ccc(F)cc4)c3cn2,CHEMBL3658687,IC50,9.28
1206597,CN1C[C@H](NC(=O)Nc2cc3[nH]nc(c4ccnc(C)c4)c3cn2)[C@H](C1)c5ccccc5C(F)(F)F,CHEMBL3654806,IC50,9.28
1206606,C[C@@H](NC(=O)Nc1cc2[nH]nc(c3cnn(C)c3)c2cn1)c4ccc(Cl)cc4,CHEMBL3654710,IC50,9.29
1206615,C[C@@H](NC(=O)Nc1ncc2c(n[nH]c2c1F)c3ccnc(C)c3)c4ccc(Cl)cc4,CHEMBL3662989,IC50,9.29
1206624,Cc1cc(ccn1)c2n[nH]c3cc(NC(=O)NCc4ccc(Cl)cc4)ncc23,CHEMBL3654677,IC50,9.29
1206634,Fc1cccc(CN2C=CC(=CC2=O)N3CCc4[nH]nc(c4C3)c5ccncc5)c1,CHEMBL3604849,IC50,9.3
1206645,OCC(N1C=CC(=CC1=O)c2ccnc(NC3CCOCC3)n2)c4cc(F)cc(F)c4,CHEMBL3409583,Ki,9.3
1206656,OCC(N1C=CC(=CC1=O)c2ccnc(NC3CCOCC3)n2)c4ccc(F)c(F)c4,CHEMBL3409580,Ki,9.3
1206666,CC[C@@H](NC(=O)Nc1cc2[nH]nc(c3ccnc(C)c3)c2cn1)c4ccccn4,CHEMBL3654845,IC50,9.31
1206675,Cc1cc(ccn1)c2n[nH]c3cc(NC(=O)NC4CCCOc5ccccc45)ncc23,CHEMBL3658644,IC50,9.31
1206684,COC[C@@H](NC(=O)Nc1cc2[nH]nc(c3ccc4cn(C)nc4c3)c2cn1)c5ccccc5,CHEMBL3663063,IC50,9.32
1206693,C[C@@H]1[C@H](NC(=O)Nc2cc3[nH]nc(c4ccnc(C)c4)c3cn2)[C@H](CN1C)c5ccccc5,CHEMBL3663023,IC50,9.32
1206702,Cc1cc(ccn1)c2n[nH]c3cc(NC(=O)NC(CF)c4ccccc4)ncc23,CHEMBL3658718,IC50,9.32
1206711,Cc1cc(ccn1)c2n[nH]c3cc(NC(=O)NCCc4nc5ccccc5[nH]4)ncc23,CHEMBL3658741,IC50,9.32
1206720,C[C@@H](NC(=O)Nc1cc2[nH]nc(c3cnn(C)c3)c2cn1)c4ccc(F)cc4,CHEMBL3654885,IC50,9.33
1206729,Cc1cc(ccn1)c2n[nH]c3cc(NC(=O)NCc4c(F)cccc4Cl)ncc23,CHEMBL3658803,IC50,9.33
1206738,Cc1cc(ccn1)c2n[nH]c3cc(NC(=O)N[C@H]4CCN(CC(F)(F)F)C4)ncc23,CHEMBL3658695,IC50,9.35
1206747,CN1C[C@H](NC(=O)Nc2cc3[nH]nc(c4ccnc(C)c4)c3cn2)[C@H]([C@@H]1C(F)F)c5ccccc5,CHEMBL3663022,IC50,9.36
1206756,COc1cc(F)ccc1CNC(=O)Nc2cc3[nH]nc(c4ccnc(C)c4)c3cn2,CHEMBL3662975,IC50,9.36
1206765,C[C@@H](NC(=O)Nc1cc2[nH]nc(c3ccnc(C)c3)c2cn1)c4ccc(F)c(Cl)c4,CHEMBL3654720,IC50,9.37
1206774,C[C@H]1[C@@H](NC(=O)Nc2cc3[nH]nc(c4ccnc(C)c4)c3cn2)[C@@H](CN1C)c5ccccc5C,CHEMBL3663010,IC50,9.37
1206783,C\C=C\c1n[nH]c2cc(NC(=O)N[C@H](C)c3ccccc3)ncc12,CHEMBL3654718,IC50,9.37
1206792,Cc1cc(ccn1)c2n[nH]c3cc(NC(=O)Nc4noc5cccnc45)ncc23,CHEMBL3662949,IC50,9.37
1206801,C[C@@H](NC(=O)Nc1cc2[nH]nc(c3ccc4nn(C)cc4c3)c2cn1)c5ccc(F)cc5,CHEMBL3654714,IC50,9.39
1206810,Cc1cc(ccn1)c2n[nH]c3cc(NC(=O)NCc4ccc(F)c(Cl)c4)ncc23,CHEMBL3654707,IC50,9.39
1206820,CS(=O)(=O)c1cccc(CN2C=CC(=CC2=O)N3CCc4[nH]nc(c4C3)c5ccncc5)c1,CHEMBL3604852,IC50,9.4
1206831,Clc1cccc(CN2C=CC(=CC2=O)c3ccnc(NC4CCOCC4)n3)c1,CHEMBL3409407,Ki,9.4
1206842,OCC(N1C=CC(=CC1=O)c2ccnc(NC3CCOCC3)n2)c4ccc(Cl)c(F)c4,CHEMBL3409581,Ki,9.4
1206853,OCC(N1C=CC(=CC1=O)c2ccnc(NC3CCOCC3)n2)c4ccccc4Cl,CHEMBL3409572,Ki,9.4
1206864,OC[C@@H](N1C=CC(=CC1=O)c2ccnc(NC3COC3)n2)c4ccc(Cl)c(F)c4,CHEMBL3409603,Ki,9.4
1206874,CN1C[C@@H](NC(=O)Nc2cc3[nH]nc(c4ccc(F)cc4)c3cn2)[C@@H](C1)c5ccccc5,CHEMBL3654841,IC50,9.41
1206883,Cc1cc(ccn1)c2n[nH]c3cc(NC(=O)N[C@H](CO)c4ccccc4)ncc23,CHEMBL3703715,IC50,9.41
1206892,C[C@@H](NC(=O)Nc1cc2[nH]nc(c3cc[n+]([O-])cc3)c2cn1)c4ccccc4,CHEMBL3654744,IC50,9.42
1206901,Cc1cc(ccn1)c2n[nH]c3cc(NC(=O)NCc4ccsc4)ncc23,CHEMBL3658837,IC50,9.42
1206910,Cc1cc(ccn1)c2n[nH]c3cc(NC(=O)Nc4noc5cnccc45)ncc23,CHEMBL3658724,IC50,9.42
1206919,C[C@@H](NC(=O)Nc1cc2[nH]nc(c3cnc(O)nc3)c2cn1)c4ccccc4,CHEMBL3658658,IC50,9.44
1206928,Cc1cc(ccn1)c2n[nH]c3cc(NC(=O)NC(CN)c4ccc(F)cc4)ncc23,CHEMBL3662977,IC50,9.45
1206937,Cc1cc(ccn1)c2n[nH]c3cc(NC(=O)NCc4ccccc4OCC(F)F)ncc23,CHEMBL3662980,IC50,9.45
1206946,OC[C@@H](NC(=O)Nc1cc2[nH]nc(c3ccncc3)c2cn1)c4ccccc4,CHEMBL3663001,IC50,9.45
1206955,C[C@H](NC(=O)Nc1cc2[nH]nc(c3ccnc(C)c3)c2cn1)c4ccc(F)cc4,CHEMBL3703711,IC50,9.47
1206964,Cc1cc(ccn1)c2n[nH]c3cc(NC(=O)NCc4cccc(NS(=O)(=O)C)c4)ncc23,CHEMBL3658730,IC50,9.47
1206973,COC[C@@H](NC(=O)Nc1cc2[nH]nc(c3ccc(cc3)C#N)c2cn1)c4ccccc4,CHEMBL3663057,IC50,9.48
1206982,C[C@@H](NC(=O)Nc1cc2[nH]nc(c3cnn(C)c3)c2cn1)c4ccccc4,CHEMBL3654680,IC50,9.48
1206991,Cc1cc(ccn1)c2n[nH]c3cc(NC(=O)NC(CCO)c4ccccc4)ncc23,CHEMBL3658701,IC50,9.48
1207000,COC[C@@H](NC(=O)Nc1cc2[nH]nc(c3ccnc(c3)C4CC4)c2cn1)c5ccccc5,CHEMBL3663055,IC50,9.49
1207009,Cc1cc(ccn1)c2n[nH]c3cc(NC(=O)NCc4cnsn4)ncc23,CHEMBL3658788,IC50,9.49
1207018,COc1ccc(cn1)c2n[nH]c3cc(NC(=O)N[C@H](C)c4ccccc4)ncc23,CHEMBL3663092,IC50,9.5
1207027,Cc1cc(ccn1)c2n[nH]c3cc(NC(=O)NC(CS(=O)(=O)C)c4ccccc4)ncc23,CHEMBL3663021,IC50,9.5
1207036,OC[C@@H](NC(=O)Nc1ncc2c(n[nH]c2c1F)c3ccncc3)c4ccccc4,CHEMBL3663003,IC50,9.5
1207045,COc1cccc(F)c1CNC(=O)Nc2cc3[nH]nc(c4ccnc(C)c4)c3cn2,CHEMBL3658847,IC50,9.51
1207054,C[C@@H](NC(=O)Nc1cc2[nH]nc(c3ccc4nnn(C)c4c3)c2cn1)c5ccc(F)cc5,CHEMBL3654886,IC50,9.51
1207063,Cc1cc(ccn1)c2n[nH]c3cc(NC(=O)NCc4ccccc4OC(F)F)ncc23,CHEMBL3658804,IC50,9.51
1207072,C[C@@H](NC(=O)Nc1cc2[nH]nc(C3=CNC(=O)C=C3)c2cn1)c4ccc(F)cc4,CHEMBL3658652,IC50,9.52
1207081,C[C@@H](NC(=O)Nc1cc2[nH]nc(c3ccnc(C)c3)c2cn1)c4ccc(F)c(F)c4,CHEMBL3658776,IC50,9.52
1207090,C[C@@H](NC(=O)Nc1ccc2c(n[nH]c2c1F)c3ccnc(C)c3)c4ccc(F)cc4,CHEMBL3662990,IC50,9.52
1207100,Clc1ccc(CN2C=CC(=CC2=O)c3ccnc(NC4CCOCC4)n3)cc1,CHEMBL3409408,Ki,9.52
1207111,Clc1cccc(CN2C=CC(=CC2=O)N3CCc4[nH]nc(c4C3)c5ccncc5)c1,CHEMBL3604850,IC50,9.52
1207122,OCC(N1C=CC(=CC1=O)c2ccnc(NC3CCOCC3)n2)c4ccc(F)c(Cl)c4,CHEMBL3409582,Ki,9.52
1207133,OC[C@@H](N1C=CC(=CC1=O)c2ccnc(NC3CCOCC3)n2)c4ccc(F)c(Cl)c4,CHEMBL3409589,Ki,9.52
1207144,OC[C@@H](N1C=CC(=CC1=O)c2ccnc(NC3CCOCC3)n2)c4cccc(Cl)c4,CHEMBL3409586,Ki,9.52
1207154,COC[C@@H](NC(=O)Nc1cc2[nH]nc(c3ccc4nn(C)cc4c3)c2cn1)c5ccccc5,CHEMBL3663062,IC50,9.53
1207163,COC[C@@H](NC(=O)Nc1cc2[nH]nc(c3ccnc(C)c3)c2cn1)c4ccccc4,CHEMBL3662993,IC50,9.53
1207172,COc1ccccc1CNC(=O)Nc2cc3[nH]nc(c4ccnc(C)c4)c3cn2,CHEMBL3662984,IC50,9.53
1207181,CN(C)C[C@@H](NC(=O)Nc1cc2[nH]nc(c3ccnc(C)c3)c2cn1)c4ccccc4,CHEMBL3658844,IC50,9.54
1207191,COc1cccc(F)c1CN2CCC[C@H](C2)NC(=O)Nc3cc4[nH]nc(c5ccnc(C)c5)c4cn3,CHEMBL2408790,IC50,9.54
1207200,C[C@@H](NC(=O)Nc1cc2[nH]nc(c3cc(C)nc(C)c3)c2cn1)c4ccccc4,CHEMBL3654682,IC50,9.54
1207209,Cc1cc(ccn1)c2n[nH]c3cc(NC(=O)N[C@H](CO)c4cccc5cc[nH]c45)ncc23,CHEMBL3658726,IC50,9.54
1207218,COC[C@@H](NC(=O)Nc1ncc2c(n[nH]c2c1F)c3ccnc(C)c3)c4ccccc4,CHEMBL3662997,IC50,9.57
1207227,COC[C@@H](NC(=O)Nc1ncc2c(n[nH]c2c1F)c3ccnc(F)c3)c4ccccc4,CHEMBL3662998,IC50,9.57
1207236,Cc1cc(ccn1)c2n[nH]c3cc(NC(=O)N[C@H]([C@@H]4CCCO4)c5ccccc5)ncc23,CHEMBL3663009,IC50,9.58
1207245,CSC[C@@H](NC(=O)Nc1cc2[nH]nc(c3ccnc(C)c3)c2cn1)c4ccccc4,CHEMBL3663025,IC50,9.59
1207254,Cc1cc(ccn1)c2n[nH]c3cc(NC(=O)N[C@H]([C@H]4CCCO4)c5ccccc5)ncc23,CHEMBL3663008,IC50,9.59
1207264,OC[C@@H](N1CCCn2cc(cc2C1=O)c3ccnc(N[C@@H]4C[C@H](O)C(F)(F)C4)n3)c5cccc(Cl)c5,CHEMBL3608459,IC50,9.59
1207274,C[C@@H](NC(=O)Nc1cc2[nH]nc(c3ccnc(F)c3)c2cn1)c4ccccc4,CHEMBL3663084,IC50,9.6
1207283,Cn1cc(cn1)c2n[nH]c3cc(NC(=O)NCc4ccc(F)c(Cl)c4)ncc23,CHEMBL3654711,IC50,9.6
1207292,Cc1cc(ccn1)c2n[nH]c3cc(NC(=O)NCc4cccc(F)c4)ncc23,CHEMBL3654704,IC50,9.61
1207301,CN1C[C@@H](NC(=O)Nc2cc3[nH]nc(c4ccnc(C)c4)c3cn2)[C@@H](C1)c5cccc(Cl)c5,CHEMBL3663035,IC50,9.63
1207310,CN1C[C@@H](NC(=O)Nc2cc3[nH]nc(c4ccnc(C)c4)c3cn2)[C@@H](C1)c5ccccc5,CHEMBL3654809,IC50,9.63
1207319,COC[C@@H](NC(=O)Nc1cc2[nH]nc(c3ccncc3)c2cn1)c4ccccc4,CHEMBL3663000,IC50,9.63
1207328,C[C@@H](NC(=O)Nc1ncc2c(n[nH]c2c1F)c3ccnc(C)c3)c4ccccc4,CHEMBL3654746,IC50,9.63
1207337,Cc1cc(ccn1)c2n[nH]c3cc(NC(=O)NC(CN)c4ccccc4)ncc23,CHEMBL3658725,IC50,9.64
1207346,COC[C@@H](NC(=O)Nc1cc2[nH]nc(c3ccnc(C)c3)c2cn1)c4ccc(F)cc4,CHEMBL3658692,IC50,9.65
1207355,C[C@@H](NC(=O)Nc1cc2[nH]nc(c3ccc4nn(C)cc4c3)c2cn1)c5ccccc5,CHEMBL3663093,IC50,9.65
1207364,COC[C@@H](NC(=O)Nc1cc2[nH]nc(c3ccc4nnn(C)c4c3)c2cn1)c5ccccc5,CHEMBL3663134,IC50,9.66
1207374,C[C@@H](NC(=O)Nc1cc2[nH]nc(c3ccnc(C)c3)c2cn1)c4ccccc4,CHEMBL2408789,IC50,9.69
1207384,Brc1cccc(CN2C=CC(=CC2=O)N3CCc4[nH]nc(c4C3)c5ccncc5)c1,CHEMBL3604851,IC50,9.7
1207395,OCC(N1C=CC(=CC1=O)c2ccnc(NC3CCOCC3)n2)c4cc(Cl)cc(Cl)c4,CHEMBL3409584,Ki,9.7
1207406,OCC(N1C=CC(=CC1=O)c2nc(NC3CCOCC3)ncc2Cl)c4ccc(Cl)c(F)c4,CHEMBL3409599,Ki,9.7
1207417,OC[C@@H](N1C=CC(=CC1=O)c2ccnc(NC3CCOCC3)n2)c4cccc(F)c4,CHEMBL3409587,Ki,9.7
1207427,Cc1cc(ccn1)c2n[nH]c3cc(NC(=O)N[C@@H]4COC[C@H]4c5ccccc5)ncc23,CHEMBL3663034,IC50,9.71
1207437,OC[C@@H](N1CCCn2cc(cc2C1=O)c3ccnc(N[C@@H]4C[C@H](O)[C@@H](F)C4)n3)c5ccccc5,CHEMBL3608458,IC50,9.72
1207448,OC[C@@H](N1CCCn2cc(cc2C1=O)c3ccnc(N[C@H]4CC[C@@H](O)C4)n3)c5cccc(Cl)c5,CHEMBL3608461,IC50,9.72
1207458,COC[C@@H](NC(=O)Nc1ncc2c(n[nH]c2c1F)c3ccncc3)c4ccccc4,CHEMBL3663002,IC50,9.74
1207467,CN1C[C@@H](NC(=O)Nc2cc3[nH]nc(c4ccnc(C)c4)c3cn2)[C@@H](C1)c5ccccc5F,CHEMBL3654812,IC50,9.77
1207476,C[C@@H](NC(=O)Nc1cc2[nH]nc(C3=CN(C)C(=O)C=C3)c2cn1)c4ccc(F)cc4,CHEMBL3654722,IC50,9.8
1207485,Cc1cc(ccn1)c2n[nH]c3cc(NC(=O)NCc4cccc(c4)S(=O)(=O)C)ncc23,CHEMBL3663068,IC50,9.8
1207495,OC[C@@H](N1CCn2cc(cc2C1=O)c3ccnc(NC4CCOCC4)n3)c5cccc(Cl)c5,CHEMBL3608591,IC50,9.8
1207505,Cc1cc(ccn1)c2n[nH]c3cc(NC(=O)N[C@H](CN)c4ccccc4)ncc23,CHEMBL3658845,IC50,9.82
1207515,COc1cccc(c1)C(CO)N2C=CC(=CC2=O)c3ccnc(NC4CCOCC4)n3,CHEMBL3409578,Ki,10.0
1207526,OCC(N1C=CC(=CC1=O)c2ccnc(NC3CCOCC3)n2)c4ccc(Cl)cc4,CHEMBL3409573,Ki,10.0
1207537,OCC(N1C=CC(=CC1=O)c2nc(NC3CCOCC3)ncc2F)c4ccc(Cl)c(F)c4,CHEMBL3409600,Ki,10.0
1207548,OC[C@@H](N1C[C@H](F)Cn2cc(cc2C1=O)c3ccnc(NC4CCOCC4)n3)c5cccc(Cl)c5,CHEMBL3608587,IC50,10.3
1207559,OC[C@@H](N1CCCn2cc(cc2C1=O)c3ccnc(NC4CC5(COC5)C4)n3)c6ccccc6,CHEMBL3608463,IC50,10.4
1207570,OC[C@@H](N1CCCn2cc(cc2C1=O)c3ccnc(NC4CCOCC4F)n3)c5cccc(Cl)c5,CHEMBL3608464,IC50,10.46
1207581,OC[C@@H](N1CCCn2cc(cc2C1=O)c3ccnc(NC4CCOCC4)n3)c5ccccc5,CHEMBL3608462,IC50,10.48
1207592,CC(C)Nc1cc(c(Cl)cn1)c2c[nH]c(c2)C(=O)N[C@H](CO)c3cccc(Cl)c3,CHEMBL3590106,IC50,10.52
1207603,OC[C@@H](N1CCCn2cc(cc2C1=O)c3ccnc(N[C@H]4[C@@H]5COC[C@H]45)n3)c6cccc(Cl)c6,CHEMBL3608586,IC50,10.59
1207614,OC[C@@H](N1CCCn2cc(cc2C1=O)c3ccnc(NC4CCOCC4)n3)c5cc(F)cc(Cl)c5,CHEMBL3608589,IC50,10.72
1207625,OC[C@@H](N1CCCn2cc(cc2C1=O)c3ccnc(NC4CCOCC4)n3)c5cccc(Cl)c5,CHEMBL3608588,IC50,11.0
