id,smiles,name,assay_type,activity_value
1829545,Fc1ccccc1c2nccc(n2)c3cc4C(=O)NCC5(CCNCC5)c4[nH]3,CHEMBL1779349,EC50,7.54
1829557,NCC1CNC(=O)c2cc3ccc(cc3n2C1)C(=O)Nc4cccnc4,CHEMBL272309,IC50,7.54
1829568,C[C@@H]1CNc2c(sc3ccc4OCCc4c23)C(=O)N1,CHEMBL562754,IC50,7.55
1829579,NCCn1nc(cc1C(=O)O)c2ccnc(c2)c3cnc4ccccc4c3,CHEMBL1738780,EC50,7.55
1829590,O=C1NCC2(CCCNC2)c3[nH]c(cc13)c4ccnc(n4)c5ccc6OCOc6c5,CHEMBL1779369,EC50,7.55
1829601,O=C1Nc2ccc(cc2Cc3cc(oc13)c4ccc(cc4)C#N)C5CCNCC5,CHEMBL2385538,IC50,7.55
1829612,COc1ccc(cc1)c2cc3c(ccc4c5C(=O)NCc5[nH]c34)cn2,CHEMBL1801377,IC50,7.57
1829623,Fc1ccc(cn1)c2cc3c(CCc4c3[nH]c5c4C(=O)NCC56CC6)cn2,CHEMBL1801283,IC50,7.57
1829634,O=C(N(Cc1ccccc1c2cncnc2)c3ccc(cc3)N4CCNCC4)c5oc(cc5)c6ccc(cc6)C#N,CHEMBL1940650,IC50,7.57
1829645,Clc1ccc(cc1)c2oc(cc2)c3nccn3c4ccc(cc4)C5CCCNC5,CHEMBL3314156,IC50,7.59
1829656,Clc1ccc(cc1)c2oc(cc2)c3nccn3c4ccc(cc4)N5CCNCC5,CHEMBL3314140,IC50,7.59
1829667,OC1(CCNCC1)c2ccc(cc2)n3ccnc3c4oc(cc4)c5ccc(Cl)cc5,CHEMBL3315290,IC50,7.59
1829678,OC1(CCNCC1)c2ccc(cc2)n3ccnc3c4oc(cc4)c5ccc(cc5)C#N,CHEMBL3315292,IC50,7.59
1829689,FC1(CCNCC1)c2ccc(cc2)n3ccnc3c4oc(cc4)c5ccc(cc5)C#N,CHEMBL3315291,IC50,7.6
1829700,O=C1NOCc2[nH]c3c(ccc4cnc(\C=C\c5ccccc5)cc34)c12,CHEMBL1801315,IC50,7.6
1829711,Oc1cccc(c1)c2cc(ccn2)c3cc4C(=O)NCCc4[nH]3,CHEMBL388619,IC50,7.6
1829722,COc1cc(ccn1)c2ccccc2CN(C(=O)c3oc(cc3)c4ccc(cc4)C#N)c5ccc(cc5)N6CCNCC6,CHEMBL1940654,IC50,7.62
1829733,COc1cncc(c1)c2nccc(n2)c3cc4C(=O)NCC5(CCCNC5)c4[nH]3,CHEMBL1779370,EC50,7.62
1829744,N#Cc1ccc(cc1)c2oc(cc2)c3nncn3c4ccc(cc4)N5CCNCC5,CHEMBL3314143,IC50,7.63
1829755,COc1ccc(cc1)c2cc3c(ccc4c5C(=O)NN(C)Cc5[nH]c34)cn2,CHEMBL1801316,IC50,7.64
1829766,C[C@@H]1CNc2c(sc3ccc4nc(ccc4c23)c5cncnc5)C(=O)N1,CHEMBL549585,IC50,7.64
1829777,Brc1cc(ccc1n2ccnc2c3oc(cc3)c4ccc(cc4)C#N)N5CCNCC5,CHEMBL3314150,IC50,7.65
1829788,Clc1ccc(cc1)c2oc3C(=O)N(Cc4ccccc4c5cccnc5)c6ccc(cc6Cc3c2)N7CCNCC7,CHEMBL2385543,IC50,7.66
1829799,OC(=O)c1ccc(cc1)c2cc(ccn2)c3cc4C(=O)NCCc4[nH]3,CHEMBL389658,IC50,7.66
1829809,CC1=CC(=C(Cl)C(=O)N1c2cc(ncc2C)c3ccnc(n3)C(C)(C)O)OCc4ncc(F)cc4F,CHEMBL3704901,IC50,7.68
1829819,CC1CNC(=O)c2[nH]c3ccc(cc3c12)C(=O)Nc4nc(cs4)C(=O)NCCC(=O)N,CHEMBL246090,IC50,7.68
1829830,COCCCOc1ccc(cn1)c2nccc(n2)c3cc4C(=O)NCC5(CCCNC5)c4[nH]3,CHEMBL1779371,EC50,7.68
1829841,COc1cc(ccn1)c2ccccc2CN3C(=O)c4oc(cc4Cc5cc(ccc35)N6CCNCC6)c7ccc(Cl)cc7,CHEMBL2385541,IC50,7.68
1829852,Cc1onc(C)c1c2ccccc2CN(C(=O)c3oc(cc3)c4ccc(cc4)C#N)c5ccc(cc5)N6CCNCC6,CHEMBL1940644,IC50,7.68
1829863,O=C1N(Cc2ccccc2c3cccnc3)c4ccc(cc4Cc5cc(oc15)c6ccc(cc6)C#N)N7CCNCC7,CHEMBL2385544,IC50,7.68
1829874,Oc1ccc(cc1)c2cc(ccn2)c3cc4C(=O)NCCc4[nH]3,CHEMBL374177,IC50,7.68
1829885,CC1CNC(=O)c2cc3ccc(cc3n12)C(=O)Nc4nc(cs4)C(=O)NC5CCCCC5,CHEMBL409727,IC50,7.7
1829896,CCCc1cnc(N)c(CNC(=S)Nc2ccc3NC(=O)Oc3c2)n1,CHEMBL1783710,IC50,7.7
1829907,COc1ccccc1c2ccc3c(ccc4sc5C(=O)N[C@H](C)CNc5c34)n2,CHEMBL562137,IC50,7.7
1829918,COc1ccccc1c2ccccc2CN(C(=O)c3oc(cc3)c4ccc(cc4)C#N)c5ccc(cc5)N6CCNCC6,CHEMBL1940656,IC50,7.7
1829929,COc1cncc(c1)c2ccccc2CN(C(=O)c3oc(cc3)c4ccc(cc4)C#N)c5ccc(cc5)N6CCNCC6,CHEMBL1940651,IC50,7.7
1829940,Cn1c2c(CCc3cnc(cc23)c4ccccc4F)c5C(=O)NCC6(CNC6)c15,CHEMBL1801311,IC50,7.7
1829951,Nc1ncc2c(n1)c(cn2CCC(=O)O)c3cc(c4cc5ccccc5s4)c6[nH]ncc6c3,CHEMBL594090,IC50,7.7
1829962,CC1(C)CNC(=O)c2cc3ccc(cc3n12)C(=O)Nc4nc(cs4)C(=O)NC5CCCCC5,CHEMBL270150,IC50,7.72
1829973,NCCn1cc(c2cc(c3cc4ccccc4s3)c5[nH]ncc5c2)c6nc(N)ncc16,CHEMBL590109,IC50,7.72
1829984,O=C(N(Cc1ccccc1c2cccc(c2)C#N)c3ccc(cc3)N4CCNCC4)c5oc(cc5)c6ccc(cc6)C#N,CHEMBL1940646,IC50,7.72
1829995,Clc1ccc(cc1)c2oc3c(COc4cc(ccc4n5ccnc35)N6CCNCC6)c2,CHEMBL1938691,IC50,7.75
1830006,O=C1NCC2(CCCNC2)c3[nH]c(cc13)c4ccnc(n4)c5cccnc5,CHEMBL1779487,EC50,7.75
1830017,Cc1cc(ccc1n2ccnc2c3oc(cc3)c4ccc(cc4)C#N)N5CCNCC5,CHEMBL3314149,IC50,7.76
1830028,CC1CNC(=O)c2[nH]c3ccc(cc3c12)C(=O)Nc4nc(cs4)C(=O)NCCN,CHEMBL396160,IC50,7.77
1830039,Fc1ccccc1c2cc3c(CCc4c3[nH]c5c4C(=O)NCC56CNC6)cn2,CHEMBL1801284,IC50,7.77
1830050,O=C(NC1CCCCC1)c2ccc(cc2)c3cc(ccn3)c4cc5C(=O)NCCc5[nH]4,CHEMBL226261,IC50,7.77
1830061,Fc1cc(ccc1n2ccnc2c3oc(cc3)c4ccc(cc4)C#N)N5CCNCC5,CHEMBL3314147,IC50,7.79
1830072,C[C@@H]1CNc2c(sc3ccc4occc4c23)C(=O)N1,CHEMBL557318,IC50,7.8
1830083,O=C1NCCc2[nH]c3c(ccc4cnc(cc34)c5cccc(OCCN6CCOCC6)c5)c12,CHEMBL1801387,IC50,7.8
1830094,COc1ccc(cc1F)c2cc3c(ccc4c5C(=O)NCCc5[nH]c34)cn2,CHEMBL1801386,IC50,7.82
1830105,FC(F)(F)c1cccc(c1)c2nccc(n2)c3cc4C(=O)NCC5(CCNCC5)c4[nH]3,CHEMBL1779356,EC50,7.82
1830116,Fc1ccc(cc1)C(=O)Nc2nccc(n2)c3cc4C(=O)NCC5(CCNCC5)c4[nH]3,CHEMBL1933167,EC50,7.82
1830127,Fc1ccc(cc1)c2oc3c(Cc4cc(ccc4n5cnnc35)N6CCNCC6)c2,CHEMBL1938688,IC50,7.82
1830138,Nc1ccc(cn1)c2nccc(n2)c3cc4C(=O)NCC5(CCNCC5)c4[nH]3,CHEMBL1779364,EC50,7.82
1830149,Nc1ncc(nc1CNC(=S)Nc2ccc3NC(=O)Oc3c2)C4CC4,CHEMBL1783712,IC50,7.82
1830160,O=C(NC1CC1)c2ccc(cc2)c3cc(ccn3)c4cc5C(=O)NCCc5[nH]4,CHEMBL226206,IC50,7.82
1830171,COc1ccc2sc3C(=O)N[C@H](CO)CNc3c2c1,CHEMBL553397,IC50,7.85
1830182,C[C@@H]1CNc2c(sc3ccc4nc(ccc4c23)c5ccccc5F)C(=O)N1,CHEMBL554286,IC50,7.85
1830193,C[C@@H]1CNc2c(sc3ccc4nc(ccc4c23)c5ccncc5)C(=O)N1,CHEMBL552339,IC50,7.85
1830204,Clc1ccc(cc1)c2oc(cc2)c3nncn3c4ccc(cc4)N5CCNCC5,CHEMBL3314142,IC50,7.85
1830215,Clc1ccc(cc1)c2oc3C(=O)Nc4ccc(cc4Cc3c2)C5CCNCC5,CHEMBL2385537,IC50,7.85
1830226,Fc1cncc(c1)c2ccccc2CN3C(=O)c4oc(cc4Cc5cc(ccc35)N6CCNCC6)c7ccc(cc7)C#N,CHEMBL2385540,IC50,7.85
1830237,NCc1[nH]c2c(ccc3cnc(\C=C\c4ccccc4)cc23)c1C(=O)O,CHEMBL1801313,IC50,7.85
1830248,O=C(N(Cc1ccccc1c2ccccn2)c3ccc(cc3)N4CCNCC4)c5oc(cc5)c6ccc(cc6)C#N,CHEMBL1940649,IC50,7.85
1830259,O=C(Nc1nccc(n1)c2cc3C(=O)NCC4(CCNCC4)c3[nH]2)c5cccc6ccccc56,CHEMBL1933165,EC50,7.85
1830270,CN1CC2(CNC(=O)c3c4CCc5cnc(cc5c4n(C)c23)c6ccccc6F)C1,CHEMBL1801312,IC50,7.89
1830281,CN1CCC2(CC1)CNC(=O)c3cc([nH]c23)c4ccnc(n4)c5oc6ccccc6c5,CHEMBL1779353,EC50,7.89
1830292,Clc1cc(ccc1n2ccnc2c3oc(cc3)c4ccc(cc4)C#N)N5CCNCC5,CHEMBL3314148,IC50,7.89
1830303,CC1CNC(=O)c2cc3ccc(cc3n12)C(=O)Nc4nc(cs4)C(=O)NC5CCOCC5,CHEMBL272072,IC50,7.92
1830314,COCCOc1cncc(c1)c2cc3c(ccc4c5C(=O)NCCc5[nH]c34)cn2,CHEMBL1614995,IC50,7.92
1830325,COc1ccc(cc1)c2cc3c(CCc4c3[nH]c5CC6(CNC6)NC(=O)c45)cn2,CHEMBL1801294,IC50,7.92
1830336,COc1cccc(c1)c2ccccc2CN(C(=O)c3oc(cc3)c4ccc(cc4)C#N)c5ccc(cc5)N6CCNCC6,CHEMBL1940647,IC50,7.92
1830347,COc1ccccc1c2ncccc2CN(C(=O)c3oc(cc3)c4ccc(cc4)C#N)c5ccc(cc5)N6CCNCC6,CHEMBL1940657,IC50,7.92
1830358,Clc1ccc(cc1)c2oc3C(=O)N(CC=C)c4ccc(cc4Cc3c2)N5CCNCC5,CHEMBL2385532,IC50,7.92
1830369,Fc1ccccc1c2ccccc2CN(C(=O)c3oc(cc3)c4ccc(cc4)C#N)c5ccc(cc5)N6CCNCC6,CHEMBL1940521,IC50,7.92
1830380,O=C(N(Cc1ccccc1c2ccncc2)c3ccc(cc3)N4CCNCC4)c5oc(cc5)c6ccc(cc6)C#N,CHEMBL1940524,IC50,7.92
1830391,CC(=O)c1cccc(c1)c2nccc(n2)c3cc4C(=O)NCC5(CCNCC5)c4[nH]3,CHEMBL1779355,EC50,7.96
1830402,FC(F)(F)Oc1cccc(c1)C(=O)Nc2cc(ccn2)c3cc4C(=O)NCC5(CCCNC5)c4[nH]3,CHEMBL1933183,EC50,7.96
1830413,O=C1NCC2(CCCNC2)c3[nH]c(cc13)c4ccnc(n4)c5oc6ccccc6c5,CHEMBL1779368,EC50,7.96
1830424,CC1CNC(=O)c2[nH]c3ccc(cc3c12)C(=O)Nc4nc(cs4)C(=O)NC5CCN(C)CC5,CHEMBL246301,IC50,8.0
1830435,O=C1NCC2(CCNCC2)c3[nH]c(cc13)c4ccnc(n4)c5ccc6OCCCOc6c5,CHEMBL1779347,EC50,8.0
1830446,O=C1NCCc2[nH]c3c(ccc4cnc(cc34)c5cncc(OCCN6CCOCC6)c5)c12,CHEMBL1801388,IC50,8.0
1830457,O=C1NCc2[nH]c3c(ccc4cnc(\C=C\c5cccc(CCN6CCOCC6)c5)cc34)c12,CHEMBL1801375,IC50,8.0
1830468,O=C1NCc2[nH]c3c(ccc4cnc(\C=C\c5ccccc5)cc34)c12,CHEMBL1801373,IC50,8.0
1830479,CC(=O)c1ccc(cc1)c2nccc(n2)c3cc4C(=O)NCC5(CCNCC5)c4[nH]3,CHEMBL1779346,EC50,8.01
1830490,COc1cncc(c1)c2nccc(n2)c3cc4C(=O)NC[C@@]5(CCCNC5)c4[nH]3,CHEMBL1779374,EC50,8.03
1830501,Clc1ccc(cc1)c2oc3c(Cc4cc(ccc4n5cnnc35)N6CCNCC6)c2,CHEMBL1938686,IC50,8.03
1830512,Cc1cnc2c3oc(cc3Cc4cc(ccc4n12)N5CCNCC5)c6ccc(Cl)cc6,CHEMBL1938689,IC50,8.04
1830523,FC(F)(F)c1ccc(cc1)C(=O)Nc2cc(ccn2)c3cc4C(=O)NCC5(CCCNC5)c4[nH]3,CHEMBL1933184,EC50,8.04
1830534,CC1CNC(=O)c2cc3ccc(cc3n12)C(=O)Nc4nc(cs4)C(=O)NC5CCN(Cc6ccccc6)CC5,CHEMBL403286,IC50,8.05
1830545,COc1ccncc1c2ncccc2CN(C(=O)c3oc(cc3)c4ccc(cc4)C#N)c5ccc(cc5)N6CCNCC6,CHEMBL1940658,IC50,8.05
1830556,C[C@@H]1CNc2c(sc3ccc4nc(ccc4c23)c5ccccc5)C(=O)N1,CHEMBL564076,IC50,8.05
1830567,FC1(F)c2cc(ccc2N(Cc3ccccc3c4cncnc4)C(=O)c5oc(cc15)c6ccc(cc6)C#N)C7CCNCC7,CHEMBL2385550,IC50,8.05
1830579,Fc1ccc(cc1)C(=O)Nc2cc(ccn2)c3cc4C(=O)NCC5(CCCNC5)c4[nH]3,CHEMBL1933181,EC50,8.05
1830590,O=C(N(Cc1ccccc1c2ccccc2)c3ccc(cc3)N4CCNCC4)c5oc(cc5)c6ccc(cc6)C#N,CHEMBL1940518,IC50,8.05
1830601,O=C(N(Cc1ccccc1c2cccnc2)c3ccc(cc3)N4CCNCC4)c5oc(cc5)c6ccc(cc6)C#N,CHEMBL1940648,IC50,8.05
1830613,O=C1NCCc2[nH]c(cc12)c3ccnc(c3)c4cnc5ccccc5c4,CHEMBL226403,IC50,8.07
1830624,COc1ncccc1c2ccccc2CN3C(=O)c4oc(cc4Cc5cc(ccc35)N6CCNCC6)c7ccc(cc7)C#N,CHEMBL2385545,IC50,8.08
1830635,Fc1cccc(c1)c2nccc(n2)c3cc4C(=O)NCC5(CCNCC5)c4[nH]3,CHEMBL1779350,EC50,8.08
1830705,Cc1ccc(cc1C)C(=O)Nc2cc(ccn2)c3cc4C(=O)NCC5(CCCNC5)c4[nH]3,CHEMBL1933178,EC50,8.09
1830716,COc1ccncc1c2ccccc2CN(C(=O)c3oc(cc3)c4ccc(cc4)C#N)c5ccc(cc5)N6CCNCC6,CHEMBL1940652,IC50,8.1
1830727,Fc1cccc(c1)c2cc3c(CCc4c3[nH]c5CCNC(=O)c45)cn2,CHEMBL1801274,IC50,8.1
1830738,N#Cc1ccc(cc1)c2oc(cc2)C3=NOC(N3c4ccc(cc4)N5CCNCC5)c6ccccc6c7cncnc7,CHEMBL2036616,IC50,8.1
1830749,O=C(N(Cc1ccccc1c2ccc(cc2)C#N)c3ccc(cc3)N4CCNCC4)c5oc(cc5)c6ccc(cc6)C#N,CHEMBL1940645,IC50,8.1
1830760,O=C(NC1CCCC1)c2ccc(cc2)c3cc(ccn3)c4cc5C(=O)NCCc5[nH]4,CHEMBL388853,IC50,8.1
1830771,O=C(NCc1ccccc1)c2ccc(cc2)c3cc(ccn3)c4cc5C(=O)NCCc5[nH]4,CHEMBL388530,IC50,8.1
1830782,O=C1NCc2[nH]c3c(ccc4cnc(\C=C\c5ccc(CN6CCOCC6)cc5)cc34)c12,CHEMBL1801374,IC50,8.1
1830793,Clc1cc(ccc1N2CCNCC2)n3ccnc3c4oc(cc4)c5ccc(cc5)C#N,CHEMBL3314153,IC50,8.11
1830805,O=C(Nc1cc(ccn1)c2cc3C(=O)NCC4(CCCNC4)c3[nH]2)c5ccc6ccccc6c5,CHEMBL1933179,EC50,8.12
1830816,O=C1NC[C@@]2(CCCNC2)c3[nH]c(cc13)c4ccnc(n4)c5ccc6OCOc6c5,CHEMBL1779372,EC50,8.13
1830827,CCN1CCC(CC1)NC(=O)c2csc(NC(=O)c3ccc4cc5C(=O)NCC(C)n5c4c3)n2,CHEMBL256196,IC50,8.16
1830838,CN1C(=O)C(=Cc2cnn(c12)c3c(F)cccc3F)c4cc(ccc4Cl)C(=O)NC5CC5,CHEMBL1091928,IC50,8.16
1830849,CN1CC2(CNC(=O)c3c4CCc5cnc(nc5c4[nH]c23)c6ccc(F)nc6)C1,CHEMBL1801307,IC50,8.16
1830860,COCCCOc1ccc(cn1)c2nccc(n2)c3cc4C(=O)NC[C@@]5(CCCNC5)c4[nH]3,CHEMBL1779485,EC50,8.16
1830871,COc1cncc(c1)c2nccc(n2)c3cc4C(=O)NCC5(CCNCC5)c4[nH]3,CHEMBL1779363,EC50,8.16
1830882,Clc1ccc(cc1)c2oc3c(Cc4cc(ccc4n5ccnc35)N6CCNCC6)c2,CHEMBL1938684,IC50,8.16
1830893,FC(F)(F)c1ccc(cc1)c2nccc(n2)c3cc4C(=O)NCC5(CCNCC5)c4[nH]3,CHEMBL1779357,EC50,8.16
1830904,COc1ccncc1c2ccccc2CN3C(=O)c4oc(cc4Cc5cc(ccc35)N6CCNCC6)c7ccc(cc7)C#N,CHEMBL2385546,IC50,8.17
1830915,Cn1cc(\C=C\2/Oc3cccc(O)c3C2=O)c4c(ccnc14)c5ccc(cc5)C(=O)NCCO,CHEMBL1092754,IC50,8.19
1830926,O=C1NC[C@@]2(CCCNC2)c3[nH]c(cc13)c4ccnc(n4)c5cccnc5,CHEMBL1779488,EC50,8.19
1830937,O=C1NCC2(CCNCC2)c3[nH]c(cc13)c4ccnc(n4)c5cnc6ccccc6c5,CHEMBL1779361,EC50,8.2
1830948,CC(C)(C)c1ccc(cc1)c2nccc(n2)c3cc4C(=O)NCC5(CCNCC5)c4[nH]3,CHEMBL1779358,EC50,8.21
1830959,Fc1cccc(c1)C(=O)Nc2cc(ccn2)c3cc4C(=O)NCC5(CCCNC5)c4[nH]3,CHEMBL1933182,EC50,8.21
1830970,CN1CC2(CNC(=O)c3c4CCc5cnc(nc5c4[nH]c23)c6cccc(F)c6)C1,CHEMBL1801305,IC50,8.22
1830981,COCCOc1cncc(c1)c2ncc3CCc4c([nH]c5c4C(=O)NCC56CN(C)C6)c3n2,CHEMBL1801304,IC50,8.22
1830992,O=C1NCC2(CCNCC2)c3[nH]c(cc13)c4ccnc(n4)c5oc6ccccc6c5,CHEMBL1779352,EC50,8.23
1831003,CN1C(=O)C(=Cc2cnn(c12)c3ccc(F)cc3F)c4cc(ccc4C)C(=O)NC5CC5,CHEMBL1091199,IC50,8.24
1831014,Clc1ccc(cc1)c2oc3C(=O)N(Cc4ccccc4c5cncnc5)c6ccc(cc6Cc3c2)N7CCNCC7,CHEMBL2385547,IC50,8.24
1831025,O=C(Nc1cc(ccn1)c2cc3C(=O)NCC4(CCCNC4)c3[nH]2)c5cccc6ccccc56,CHEMBL1933180,EC50,8.29
1831036,O=C(Nc1nccc(n1)c2cc3C(=O)NCC4(CCNCC4)c3[nH]2)c5ccc6ccccc6c5,CHEMBL1933163,EC50,8.29
1831047,O=C1NCC2(CCNCC2)c3[nH]c(cc13)c4ccnc(n4)c5ccc6ccccc6c5,CHEMBL1779359,EC50,8.29
1831058,CC1(C)CNC(=O)c2cc3ccc(cc3n12)C(=O)Nc4nc(cs4)C(=O)NC5CCN(Cc6ccccc6)CC5,CHEMBL429504,IC50,8.3
1831069,CC1CNC(=O)c2cc3ccc(cc3n12)C(=O)Nc4nc(cs4)C(=O)NC5CCN(C)CC5,CHEMBL271309,IC50,8.3
1831080,CN1CCC(CC1)NC(=O)c2csc(NC(=O)c3ccc4cc5C(=O)NCC(C)(C)n5c4c3)n2,CHEMBL270148,IC50,8.3
1831091,COCCOc1cncc(c1)c2cc3c(ccc4c5C(=O)NCc5[nH]c34)cn2,CHEMBL1801382,IC50,8.3
1831102,COc1ccc2sc3C(=O)N[C@H](CN)CNc3c2c1,CHEMBL555205,IC50,8.3
1831113,C[C@@H]1CNc2c(sc3ccc4nc(ccc4c23)c5ccc(C)nc5)C(=O)N1,CHEMBL1231206,IC50,8.3
1831124,C[C@@H]1CNc2c(sc3ccc4nc(ccc4c23)c5cccnc5)C(=O)N1,CHEMBL560075,IC50,8.3
1831135,C[C@@H]1CNc2c(sc3ccc4nc(ccc4c23)c5cnccc5C)C(=O)N1,CHEMBL549915,IC50,8.3
1831146,O=C1NCCc2[nH]c3c(ccc4cnc(\C=C\c5cccc(CCN6CCOCC6)c5)cc34)c12,CHEMBL1801385,IC50,8.3
1831157,O=C1NCc2[nH]c3c(ccc4cnc(cc34)c5cncc(OCCN6CCOCC6)c5)c12,CHEMBL1801381,IC50,8.3
1831168,COc1cncc(c1)c2ccccc2CN3C(=O)c4oc(cc4Cc5cc(ccc35)N6CCNCC6)c7ccc(cc7)C#N,CHEMBL2385542,IC50,8.31
1831179,Clc1cc(Cl)cc(c1)c2nccc(n2)c3cc4C(=O)NCC5(CCNCC5)c4[nH]3,CHEMBL1779360,EC50,8.35
1831190,CN1C(=O)C(=Cc2cnn(c12)c3c(F)cccc3F)c4cc(ccc4C)C(=O)NC5CC5,CHEMBL1089865,IC50,8.37
1831201,O=C1NCC2(CCNCC2)c3[nH]c(cc13)c4ccnc(n4)c5ccc6OCOc6c5,CHEMBL1738702,EC50,8.37
1831212,O=C(Nc1cc(ccn1)c2cc3C(=O)NCC4(CCCNC4)c3[nH]2)c5ccccn5,CHEMBL1933185,EC50,8.38
1831223,O=C(Nc1cc(ccn1)c2cc3C(=O)NCC4(CCNC4)c3[nH]2)c5ccccn5,CHEMBL1933193,EC50,8.39
1831234,CC(C)CN1CCC(CC1)NC(=O)c2csc(NC(=O)c3ccc4cc5C(=O)NCC(C)n5c4c3)n2,CHEMBL255991,IC50,8.4
1831245,CN1CCC2(CC1)CNC(=O)c3c4CCc5cnc(cc5c4[nH]c23)c6ccccc6F,CHEMBL1801296,IC50,8.4
1831256,N#Cc1ccc(cc1)c2oc3c(Cc4cc(ccc4n5cnnc35)N6CCNCC6)c2,CHEMBL1938687,IC50,8.42
1831267,CCC(=O)Nc1ccc(cn1)c2nccc(n2)c3cc4C(=O)NCC5(CCNCC5)c4[nH]3,CHEMBL1779365,EC50,8.44
1831278,FC(F)(F)c1cccc(c1)C(=O)Nc2cc(ccn2)c3cc4C(=O)NCC5(CCCNC5)c4[nH]3,CHEMBL1933187,EC50,8.48
1831289,Cc1ccc(cc1C)C(=O)Nc2nccc(n2)c3cc4C(=O)NCC5(CCNCC5)c4[nH]3,CHEMBL1933161,EC50,8.51
1831300,CC1CNC(=O)c2cc3ccc(cc3n12)C(=O)Nc4nc(cs4)C(=O)NC5CCN(CC(C)(C)C)CC5,CHEMBL256194,IC50,8.52
1831311,O=C(NC1CCN(Cc2ccccc2)CC1)c3csc(NC(=O)c4ccc5cc6C(=O)NCC7(CCC7)n6c5c4)n3,CHEMBL403258,IC50,8.52
1831322,O=C1N(Cc2ccccc2c3cncnc3)c4ccc(cc4Cc5cc(oc15)c6ccc(cc6)C#N)C7CCNCC7,CHEMBL2385549,IC50,8.52
1831333,N#Cc1ccc(cc1)c2oc3c(Cc4cc(ccc4n5ccnc35)N6CCNCC6)c2,CHEMBL1938685,IC50,8.54
1831344,CN1CCC2(CC1)CNC(=O)c3cc([nH]c23)c4ccnc(NC(=O)c5cccc(OC(F)(F)F)c5)c4,CHEMBL1933174,EC50,8.57
1831355,CN1CCC2(CC1)CNC(=O)c3cc([nH]c23)c4ccnc(NC(=O)c5ccc6ccccc6c5)c4,CHEMBL1933170,EC50,8.59
1831366,O=C(Nc1cc(ccn1)c2cc3C(=O)NCC4(CCNCC4)c3[nH]2)c5ccncc5,CHEMBL1933177,EC50,8.59
1831377,CN1CCC2(CC1)CNC(=O)c3cc([nH]c23)c4ccnc(NC(=O)c5cccc(F)c5)c4,CHEMBL1933172,EC50,8.6
1831388,Fc1cc(F)cc(c1)C(=O)Nc2cc(ccn2)c3cc4C(=O)NCC5(CCCNC5)c4[nH]3,CHEMBL1933186,EC50,8.6
1831399,CN1CCC2(CC1)CNC(=O)c3cc([nH]c23)c4ccnc(NC(=O)c5ccc(C)c(C)c5)c4,CHEMBL1933169,EC50,8.64
1831410,Nc1ncc(cn1)c2nccc(n2)c3cc4C(=O)NCC5(CCNCC5)c4[nH]3,CHEMBL1779366,EC50,8.68
1831421,CC(C)(C)CN1CCC(CC1)NC(=O)c2csc(NC(=O)c3ccc4cc5C(=O)NCC(C)(C)n5c4c3)n2,CHEMBL403154,IC50,8.7
1831432,CC(C)(C)CN1CCC(CC1)NC(=O)c2csc(NC(=O)c3ccc4cc5C(=O)NCC6(CCC6)n5c4c3)n2,CHEMBL257834,IC50,8.7
1831443,CN1CCC(CC1)NC(=O)c2csc(NC(=O)c3ccc4cc5C(=O)NCC6(CCC6)n5c4c3)n2,CHEMBL258045,IC50,8.7
1831454,C[C@@H]1CNc2c(sc3ccc4nc(Cl)ccc4c23)C(=O)N1,CHEMBL556392,IC50,8.7
1831465,Fc1cccc(c1)C(=O)Nc2cc(ccn2)c3cc4C(=O)NCC5(CCNC5)c4[nH]3,CHEMBL1933191,EC50,8.72
1831476,O=C1N(Cc2ccccc2c3cncnc3)c4ccc(cc4Cc5cc(oc15)c6ccc(cc6)C#N)N7CCNCC7,CHEMBL2385548,IC50,8.72
1831487,O=C1NCC2(CCNCC2)c3[nH]c(cc13)c4ccnc(n4)c5cnc(NC6CCCC6)nc5,CHEMBL1779367,EC50,8.77
1831498,FC(F)(F)Oc1cccc(c1)C(=O)Nc2cc(ccn2)c3cc4C(=O)NCC5(CCNC5)c4[nH]3,CHEMBL1933192,EC50,8.8
1831509,FC(F)(F)c1ccc(cc1)C(=O)Nc2cc(ccn2)c3cc4C(=O)NCC5(CCNCC5)c4[nH]3,CHEMBL1933175,EC50,8.8
1831520,Fc1ccc(cc1)C(=O)Nc2cc(ccn2)c3cc4C(=O)NCC5(CCNCC5)c4[nH]3,CHEMBL1933168,EC50,8.8
1831531,FC(F)(F)Oc1cccc(c1)C(=O)Nc2cc(ccn2)c3cc4C(=O)NCC5(CCNCC5)c4[nH]3,CHEMBL1933173,EC50,8.82
1831542,O=C(Nc1cc(ccn1)c2cc3C(=O)NCC4(CCNCC4)c3[nH]2)c5ccccn5,CHEMBL1933176,EC50,8.85
1831553,Fc1ccc(cc1)C(=O)Nc2cc(ccn2)c3cc4C(=O)NCC5(CCNC5)c4[nH]3,CHEMBL1933190,EC50,8.89
1831564,Fc1cccc(c1)C(=O)Nc2cc(ccn2)c3cc4C(=O)NCC5(CCNCC5)c4[nH]3,CHEMBL1933171,EC50,8.96
1831575,O=C1NCC2(CCNCC2)c3[nH]c(cc13)c4ccnc(n4)c5cccnc5,CHEMBL1779362,EC50,8.96
1831586,C[C@@H]1CNc2c(sc3ccc4ncccc4c23)C(=O)N1,CHEMBL561334,IC50,9.0
1831597,Cc1ccc(cc1C)C(=O)Nc2cc(ccn2)c3cc4C(=O)NCC5(CCNCC5)c4[nH]3,CHEMBL1933162,EC50,9.0
1831608,O=C1NCCc2[nH]c3c(ccc4cnc(\C=C\c5ccc(CN6CCOCC6)cc5)cc34)c12,CHEMBL1801384,IC50,9.0
1831619,O=C(Nc1cc(ccn1)c2cc3C(=O)NCC4(CCNCC4)c3[nH]2)c5cccc6ccccc56,CHEMBL1933166,EC50,9.02
1831630,O=C(Nc1cc(ccn1)c2cc3C(=O)NCC4(CCNCC4)c3[nH]2)c5ccc6ccccc6c5,CHEMBL1933164,EC50,9.14
1831641,Cc1ccc(cc1C)C(=O)Nc2cc(ccn2)c3cc4C(=O)NCC5(CCNC5)c4[nH]3,CHEMBL1933188,EC50,9.15
1831652,O=C(Nc1cc(ccn1)c2cc3C(=O)NCC4(CCNC4)c3[nH]2)c5ccc6ccccc6c5,CHEMBL1933189,EC50,9.21
