id,smiles,name,assay_type,activity_value
324480,CO[C@@H]1[C@@H](C[C@H]2O[C@]1(C)n3c4ccccc4c5c6CNC(=O)c6c7c8ccccc8n2c7c35)N(C)C(=O)c9ccccc9,CHEMBL608533,Kd,7.68
2219782,Cc1sc(cc1c2cnc3cccnn23)C(=O)NC4[C@H](N)CCCC4(F)F,CHEMBL3648447,IC50,7.7
1343002,Cn1cc(Nc2ncc(C3CC3)c(NCCCNC(=O)C4CCC4)n2)cn1,CHEMBL2207208,IC50,7.7
2219793,N[C@H]1CCCC(F)(F)C1NC(=O)c2cc(cs2)c3cnc4cccnn34,CHEMBL3648449,IC50,7.82
26279,COc1cc(ccc1Nc2ncc(Cl)c(Nc3ccccc3S(=O)(=O)C(C)C)n2)N4CCC(CC4)N5CCN(C)CC5,CHEMBL509032,Kd,7.92
1343195,O=C(NCCCNc1nc(Nc2ccc(cc2)N3CCOCC3)ncc1C4CC4)C5CCC5,CHEMBL2207198,IC50,7.92
26231,CN[C@@H]1C[C@H]2O[C@@](C)([C@@H]1OC)n3c4ccccc4c5c6CNC(=O)c6c7c8ccccc8n2c7c35,CHEMBL388978,Kd,8.52
2219808,N[C@@H]1CCCC(F)(F)C1NC(=O)c2cc(cs2)c3cnc4cc(cnn34)c5ccc(F)cc5,CHEMBL3648448,IC50,9.3
