id,smiles,name,assay_type,activity_value
325048,COC(=O)c1ccc2\C(=C(\Nc3ccc(cc3)N(C)C(=O)CN4CCN(C)CC4)/c5ccccc5)\C(=O)Nc2c1,nintedanib,Kd,8.31
8827983,CC(=O)c1cnc2ccc(cc2c1N[C@@H]3CC[C@H](CC3)NC(=O)[C@@H](N)C(C)(C)C)c4cc(F)c(O)c(Cl)c4,CHEMBL3684268,IC50,7.55
8827992,CN(C)C1CCN(C1)c2ccc(Nc3c(cnc4ccc(nc34)c5cc(F)c(O)c(Cl)c5)C(=O)C)cn2,CHEMBL3688384,IC50,7.57
8828001,CN(C)[C@@H]1CC[C@H](CC1)Nc2c(cnc3cc(F)c(cc23)c4cc(F)c(O)c(Cl)c4)C(=O)C5CC5,CHEMBL3674204,IC50,7.57
8828010,COc1cc(cc(Cl)c1O)c2ccc3ncc(C(=O)C(C)C)c(Nc4ccc(CN(C)C)cc4)c3c2,CHEMBL3679266,IC50,7.57
8828019,CN(C)CCc1cccc(Nc2c(cnc3ccc(cc23)c4cc(F)c(O)c(F)c4)C(=O)C5CC5)c1,CHEMBL3684159,IC50,7.59
8828028,COc1cc(ccc1O)c2ccc3ncc(C(=O)C4CC4)c(NC5CCN(C)CC5)c3c2,CHEMBL3674165,IC50,7.59
26212,C[C@]12O[C@H](C[C@]1(O)CO)n3c4ccccc4c5c6C(=O)NCc6c7c8ccccc8n2c7c35,CHEMBL603469,Kd,7.59
8828039,CN1CCN(CC1)C(=O)CNc2c(cnc3ccc(cc23)c4cc(F)c(O)c(Cl)c4)C(=O)C5CC5,CHEMBL3674245,IC50,7.6
8828048,CN1CCN(CC1)c2c(cnc3ccc(cc23)c4cc(F)c(O)c(Cl)c4)C(=O)C5CC5,CHEMBL3679173,IC50,7.6
8828058,CN1CCN(CC1)c2ccc(cc2)n3cc(cn3)c4ccncc4OCc5ccncc5,CHEMBL3824157,IC50,7.6
8828068,OC1CCN(C1)c2ccc(Nc3c(cnc4ccc(cc34)c5cc(F)c(O)c(Cl)c5)C(=O)C6CC6)cn2,CHEMBL3679295,IC50,7.6
8828077,COC1CCN(C[C@@H]2CC[C@H](CC2)Nc3c(cnc4ccc(cc34)c5cc(F)c(O)c(Cl)c5)C(=O)C6CC6)C1,CHEMBL3679254,IC50,7.62
8828086,Oc1c(Cl)cc(cc1Cl)c2ccc3ncc(C(=O)C4CC4)c(Nc5ccc(NC6CCNC6)nc5)c3c2,CHEMBL3679290,IC50,7.62
8828095,CC(C)C(=O)c1cnc2ccc(cc2c1N[C@@H]3CC[C@@H](N)CC3)c4ccc(O)c(Cl)c4,CHEMBL3674179,IC50,7.64
8828104,CN1CCN(CC1)c2ccc(Nc3c(cnc4ccc(cc34)c5cc(Cl)c(O)c(Cl)c5)C(=O)C6CC6)cn2,CHEMBL3674323,IC50,7.64
8828113,N[C@@H]1CC[C@H](CC1)Nc2c(cnc3ccc(cc23)c4cc(F)c(O)c(F)c4)C(=O)C5CC5,CHEMBL3639730,IC50,7.64
8828122,CN(C)C[C@@H]1CC[C@H](CC1)Nc2c(cnc3ccc(cc23)c4cc(Cl)c(O)c(Cl)c4)C(=O)C(C)(C)C,CHEMBL3684272,IC50,7.66
8828131,CN1CCCC1c2ccc(Nc3c(cnc4ccc(cc34)c5cc(Cl)c(O)c(Cl)c5)C(=O)C6CC6)nc2,CHEMBL3674296,IC50,7.66
8828140,CC(=O)c1cnc2ccc(cc2c1Nc3cc(CCN4CCCC4)cnc3C)c5cc(Cl)c(O)c(Cl)c5,CHEMBL3684252,IC50,7.68
8828149,CCN(CC)C1CCC(CC1)Nc2c(cnc3ccc(cc23)c4ccc(O)c(Cl)c4)C(=O)C,CHEMBL3674222,IC50,7.68
8828158,CN1CCC(CNc2c(cnc3ccc(cc23)c4cc(F)c(O)c(Cl)c4)C(=O)C5CC5)CC1,CHEMBL3674197,IC50,7.68
8828167,CN1CCN(CC1)c2ccc(Nc3c(cnc4ccc(cc34)c5cc(F)c(O)c(F)c5)C(=O)C6CC6)cn2,CHEMBL3684141,IC50,7.68
8828176,COc1cc(cc(Cl)c1O)c2cc3c(Nc4ccc(nc4)N5CCNCC5)c(cnc3cc2F)C(=O)C6CC6,CHEMBL3639780,IC50,7.68
8828185,N[C@@H]1CC[C@H](CC1)Nc2c(cnc3ccc(cc23)c4ccc(O)cc4)C(=O)C5CC5,CHEMBL3674154,IC50,7.68
8828194,CC(C)C(=O)c1cnc2ccc(cc2c1N3CCC(CN4CCCC4)CC3)c5ccc(O)c(Cl)c5,CHEMBL3674214,IC50,7.7
8828203,CCC(=O)c1cnc2ccc(cc2c1N[C@@H]3CC[C@H](CC3)N(C)C)c4cc(Cl)c(O)c(Cl)c4,CHEMBL3679371,IC50,7.7
8828212,CCCC(=O)c1cnc2ccc(cc2c1Nc3ccc(CN(C)C)cc3)c4cc(Cl)c(O)c(OC)c4,CHEMBL3679177,IC50,7.7
8828221,CN(C)Cc1ccc(Nc2c(cnc3cc(F)c(cc23)c4cc(Cl)c(O)c(Cl)c4)C(=O)C5CC5)cc1,CHEMBL3679185,IC50,7.7
478720,CNc1cc2ccc(cc2cn1)C#CCOc3ccc(CN4CCNCC4)c(c3)C(F)(F)F,CHEMBL3355065,IC50,7.7
8828232,Oc1c(Cl)cc(cc1Cl)c2ccc3ncc(C(=O)C4CC4)c(Nc5ccc(CN6CCOCC6)cc5)c3c2,CHEMBL3674314,IC50,7.7
8828241,CC(=O)c1cnc2cc(F)c(cc2c1N[C@@H]3CC[C@@H](CN4CCCC4)CC3)c5cc(F)c(O)c(Cl)c5,CHEMBL3684279,IC50,7.72
8828250,CC(=O)c1cnc2ccc(cc2c1Nc3ccc(cc3)C(=O)N)c4cc(Cl)c(O)c(Cl)c4,CHEMBL3679183,IC50,7.72
8828259,CCN(CC)C1CCC(CC1)Nc2c(cnc3ccc(cc23)c4ccc(O)c(Cl)c4)C(=O)C5CCCC5,CHEMBL3674240,IC50,7.72
8828268,CN(C)CCOc1ccc(Nc2c(cnc3ccc(nc23)c4cc(F)c(O)c(Cl)c4)S(=O)(=O)C)cn1,CHEMBL3688358,IC50,7.72
8828277,CN1CCN(CCc2cccc(Nc3c(cnc4ccc(cc34)c5cc(F)c(O)c(Cl)c5)C(=O)C)c2)CC1,CHEMBL3684187,IC50,7.72
8828286,CN1CCN(Cc2ccc(Nc3c(cnc4ccc(cc34)c5ccc(O)c(Cl)c5)C(=O)C6CC6)cc2)CC1,CHEMBL3674260,IC50,7.72
8828295,COc1cc(cc(Cl)c1O)c2ccc3ncc(C(=O)C4CC4)c(Nc5ccc(CN(C)C)cn5)c3c2,CHEMBL3674280,IC50,7.72
8828304,Oc1c(F)cc(cc1Cl)c2ccc3ncc(C(=O)C4CC4)c(Nc5ccc(Cn6ccnc6)cc5)c3c2,CHEMBL3674339,IC50,7.72
8828313,Oc1c(F)cc(cc1Cl)c2ccc3ncc(C(=O)C4CC4)c(Nc5cncc(CCN6CCCC6)c5)c3c2,CHEMBL3684237,IC50,7.72
8828322,CN(C)C1CCN(C1)c2ccc(Nc3c(cnc4ccc(cc34)c5cc(F)c(O)c(Cl)c5)C(=O)C)cn2,CHEMBL3684210,IC50,7.75
8828331,CN1CCN(CC1)C(=O)C2CCC(CC2)Nc3c(cnc4ccc(cc34)c5cc(F)c(O)c(Cl)c5)C(=O)C,CHEMBL3684206,IC50,7.75
8828340,CN1CCN(Cc2ccc(Nc3c(cnc4ccc(cc34)c5cc(Cl)c(O)c(Cl)c5)C(=O)C6CC6)cn2)CC1,CHEMBL3679306,IC50,7.75
8828349,COc1cc(cc(Cl)c1O)c2ccc3ncc(C(=O)C)c(Nc4ccc(cc4)C(=O)N)c3c2,CHEMBL3679182,IC50,7.75
8828358,COc1cc(cc(Cl)c1O)c2ccc3ncc(C(=O)C4CC4)c(c5ccc(cc5)N6CCN(C)CC6)c3c2,CHEMBL3674289,IC50,7.75
8828367,COc1cc(cc(Cl)c1O)c2ccc3ncc(C(=O)C4CCCC4)c(Nc5cccc(CCN6CCCC6)c5)c3c2,CHEMBL3684278,IC50,7.75
8828376,N[C@@H]1CC[C@H](CC1)Nc2c(cnc3ccc(cc23)c4ccc5[nH]cnc5c4)C(=O)C6CC6,CHEMBL3674158,IC50,7.75
8828385,Oc1c(Cl)cc(cc1Cl)c2ccc3ncc(C(=O)C4CC4)c(c5ccc(NCCN6CCOCC6)nc5)c3c2,CHEMBL3674301,IC50,7.75
8828394,CC(C)C(=O)c1cnc2ccc(cc2c1N[C@@H]3CC[C@@H](N)CC3)c4cc(F)c(O)c(F)c4,CHEMBL3674177,IC50,7.77
8828403,CCCC(=O)c1cnc2ccc(cc2c1N[C@@H]3CC[C@@H](N)CC3)c4cc(F)c(O)c(Cl)c4,CHEMBL3679171,IC50,7.77
8828412,CN(C)C[C@@H]1CC[C@H](CC1)Nc2c(cnc3cc(F)c(cc23)c4cc(F)c(O)c(Cl)c4)C(=O)C,CHEMBL3684259,IC50,7.77
8828421,CN(C)C[C@@H]1CC[C@H](CC1)Nc2c(cnc3ccc(nc23)c4ccc5[nH]cnc5c4)C(=O)C,CHEMBL3688387,IC50,7.77
8828430,CN(C)C[C@@H]1CC[C@H](CC1)Nc2c(cnc3ccc(nc23)c4cn[nH]c4)C(=O)C,CHEMBL3688374,IC50,7.77
8828439,CN1CCC(CC1)n2cc(Nc3c(cnc4ccc(cc34)c5cc(F)c(O)c(Cl)c5)C(=O)C(C)(C)C)cn2,CHEMBL3684284,IC50,7.77
8828448,CN1CCN(CCc2cccc(Nc3c(cnc4ccc(cc34)c5cc(F)c(O)c(Cl)c5)C(=O)C6CC6)c2)CC1,CHEMBL3684185,IC50,7.77
8828457,COc1cc(ccc1O)c2ccc3ncc(C(=O)C4CC4)c(Nc5ccc(CN6CCN(C)CC6)cc5)c3c2,CHEMBL3674259,IC50,7.77
8828466,Oc1c(Cl)cc(cc1Cl)c2ccc3ncc(C(=O)C4CC4)c(Nc5cnn(c5)C6CCNCC6)c3c2,CHEMBL3674358,IC50,7.77
8828475,Oc1ccc(cc1Cl)c2ccc3ncc(C(=O)C4CC4)c(NCCN5CCNCC5)c3c2,CHEMBL3674178,IC50,7.77
8828484,CC(=O)c1cnc2ccc(cc2c1Nc3cccc(CCN4CCCC4)c3)c5cc(F)c(O)c(Cl)c5,CHEMBL3684162,IC50,7.8
8828493,CCCC(=O)c1cnc2ccc(cc2c1Nc3ccc(CN(C)C)cc3)c4cc(F)c(O)c(Cl)c4,CHEMBL3679176,IC50,7.8
8828502,CN(C)CC1CCN(CC1)c2c(cnc3ccc(cc23)c4ccc(O)c(Cl)c4)[S+](C)[O-],CHEMBL3674317,IC50,7.8
8828511,CN(C)C[C@@H]1CC[C@H](CC1)Nc2c(cnc3ccc(nc23)c4ccncc4)C(=O)C,CHEMBL3692782,IC50,7.8
8828520,CN(C)Cc1ccc(Nc2c(cnc3ccc(cc23)c4cc(F)c(O)c(Cl)c4)S(=O)(=O)C)cc1,CHEMBL3674254,IC50,7.8
8828529,CN1CCCC1C(=O)N[C@@H]2CC[C@H](CC2)Nc3c(cnc4ccc(cc34)c5cc(F)c(O)c(Cl)c5)C(=O)C,CHEMBL3684229,IC50,7.8
8828538,COc1cc(cc(Cl)c1O)c2ccc3ncc(C(=O)C)c(N[C@@H]4CC[C@@H](CN5CCCC(N)C5)CC4)c3c2,CHEMBL3684168,IC50,7.8
8828547,COc1cc(cc(Cl)c1O)c2ccc3ncc(C(=O)C)c(Nc4ccc(nc4)N5CCN(C)CC5)c3c2,CHEMBL3674334,IC50,7.8
8828556,COc1cc(cc(Cl)c1O)c2ccc3ncc(C(=O)C4CC4)c(Nc5ccc(CN6CCN(C)CC6)nc5)c3c2,CHEMBL3679307,IC50,7.8
8828565,Oc1c(F)cc(cc1Cl)c2ccc3ncc(C(=O)C4CC4)c(N[C@@H]5CC[C@@H](CN6CC[C@@H](F)C6)CC5)c3c2,CHEMBL3679205,IC50,7.8
8828574,CC(=O)c1cnc2ccc(cc2c1N[C@@H]3CC[C@@H](N)CC3)c4cc(F)c(O)c(Cl)c4,CHEMBL3679167,IC50,7.82
8828583,CC(=O)c1cnc2ccc(nc2c1N[C@@H]3CC[C@@H](O)CC3)c4cc(F)c(O)c(Cl)c4,CHEMBL3692817,IC50,7.82
8828592,CC(N)C(=O)N[C@@H]1CC[C@H](CC1)Nc2c(cnc3ccc(cc23)c4cc(Cl)c(O)c(Cl)c4)C(=O)C(C)(C)C,CHEMBL3684282,IC50,7.82
8828601,CCC(=O)c1cnc2ccc(cc2c1Nc3ccc(CN(C)C)cc3)c4cc(F)c(O)c(Cl)c4,CHEMBL3684134,IC50,7.82
8828610,CN(C)CCOc1ccc(Nc2c(cnc3ccc(nc23)c4cc(F)c(O)c(Cl)c4)C(=O)C)cn1,CHEMBL3688355,IC50,7.82
8828619,COc1cc(cc(Cl)c1O)c2ccc3ncc(C(=O)C4CC4)c(Nc5ccc(nc5)N6CCN(C)CC6)c3c2,CHEMBL3674321,IC50,7.82
8828628,O=C(C1CC1)c2cnc3ccc(cc3c2Nc4ccc(CN5CCOCC5)cc4)c6cnc(nc6)C#N,CHEMBL3674312,IC50,7.82
8828637,CC(=O)c1cnc2ccc(cc2c1Nc3cnc(C)c(CCN4CCCC4)c3)c5cc(F)c(O)c(Cl)c5,CHEMBL3684222,IC50,7.85
8828646,CN(C)CC1CCN(CC1)c2c(cnc3ccc(cc23)c4ccc(O)c(c4)C(F)(F)F)C(=O)C5CC5,CHEMBL3674305,IC50,7.85
8828655,CN(C)CC1CCN(CC1)c2c(cnc3ccc(cc23)c4ccc5cc(O)ccc5c4)C(=O)C6CC6,CHEMBL3674300,IC50,7.85
8828664,CN(C)CCNc1ccc(Nc2c(cnc3ccc(cc23)c4cc(F)c(O)c(Cl)c4)C(=O)C)cn1,CHEMBL3684128,IC50,7.85
8828673,CN(C)Cc1ccc(Nc2c(cnc3ccc(cc23)c4cc(F)c(O)c(Cl)c4)C(=O)C5CCCC5)cc1,CHEMBL3674243,IC50,7.85
8828682,COc1cc(cc(Cl)c1O)c2ccc3ncc(C(=O)C4CC4)c(Nc5ccc(Cn6ccnc6)cc5)c3c2,CHEMBL3674340,IC50,7.85
8828691,COc1cc(cc(Cl)c1O)c2ccc3ncc(C(=O)C4CC4)c(Nc5ccc(NCCO)nc5)c3c2,CHEMBL3679301,IC50,7.85
8828700,COc1cc(cc(Cl)c1O)c2ccc3ncc(C(=O)C4CC4)c(c5ccc(CN6CCCC6)cc5)c3c2,CHEMBL3674287,IC50,7.85
8828709,Nc1ccc(Nc2c(cnc3ccc(cc23)c4cc(Cl)c(O)c(Cl)c4)C(=O)C5CC5)cn1,CHEMBL3679220,IC50,7.85
8828718,Oc1c(F)cc(cc1Cl)c2ccc3ncc(C(=O)C4CC4)c(Nc5ccc(CN6CCCC6)nc5)c3c2,CHEMBL3679296,IC50,7.85
8828727,CC(C)C(=O)c1cnc2ccc(cc2c1N3CCC(CN4CCCC4)CC3)c5cc(F)c(O)c(Cl)c5,CHEMBL3674216,IC50,7.89
8828736,CN(C)CCc1cccc(Nc2c(cnc3ccc(cc23)c4cc(F)c(O)c(Cl)c4)C(=O)C)c1,CHEMBL3684125,IC50,7.89
8828745,CN(C)C[C@@H]1CC[C@H](CC1)Nc2c(cnc3ccc(cc23)c4ccc(O)c(Cl)c4)S(=O)(=O)C,CHEMBL3674275,IC50,7.89
8828754,CN(C)C[C@@H]1CC[C@H](CC1)Nc2c(cnc3ccc(nc23)c4cnc5[nH]ccc5c4)C(=O)C,CHEMBL3692808,IC50,7.89
8828763,CN1CCN(C[C@@H]2CC[C@H](CC2)Nc3c(cnc4ccc(cc34)c5cc(F)c(O)c(Cl)c5)C(=O)C)CC1,CHEMBL3684144,IC50,7.89
8828772,COc1cc(cc(Cl)c1O)c2cc3c(N[C@@H]4CC[C@@H](N)CC4)c(cnc3cc2F)C(=O)C5CC5,CHEMBL3674202,IC50,7.89
8828781,COc1cc(cc(Cl)c1O)c2ccc3ncc(C(=O)C4CC4)c(N[C@@H]5CC[C@H](CN(C)CC#N)CC5)c3c2,CHEMBL3674364,IC50,7.89
8828790,COc1cc(cc(Cl)c1O)c2ccc3ncc(C(=O)C4CC4)c(Nc5ccc(CN6CCCC6)nc5)c3c2,CHEMBL3679283,IC50,7.89
8828799,COc1cc(cc(Cl)c1O)c2ccc3ncc(C(=O)C4CC4)c(Nc5ccc(nc5)N6CCC(C6)N(C)C)c3c2,CHEMBL3679312,IC50,7.89
8828809,Fc1ccccc1n2cc(cn2)c3ccncc3OCC4CCNCC4,CHEMBL3822876,IC50,7.89
8828819,CC(=O)c1cnc2ccc(cc2c1N[C@@H]3CC[C@H](CC3)NC(=O)[C@@H]4CCCN4)c5cc(F)c(O)c(Cl)c5,CHEMBL3684275,IC50,7.92
8828828,CC(=O)c1cnc2ccc(nc2c1N[C@@H]3CC[C@@H](O)CC3)c4cc(Cl)c(O)c(Cl)c4,CHEMBL3692818,IC50,7.92
8828837,CN(C)C1CCN(C1)c2ccc(Nc3c(cnc4ccc(cc34)c5cc(F)c(O)c(Cl)c5)C(=O)C6CC6)cn2,CHEMBL3679314,IC50,7.92
8828846,CN(C)C1CCN(Cc2ccc(Nc3c(cnc4ccc(cc34)c5cc(F)c(O)c(Cl)c5)C(=O)C6CC6)cc2)C1,CHEMBL3679318,IC50,7.92
8828855,CNC1CCN(C1)c2ccc(Nc3c(cnc4ccc(nc34)c5cc(F)c(O)c(Cl)c5)C(=O)C)cn2,CHEMBL3688386,IC50,7.92
8828864,COc1cc(cc(Cl)c1O)c2ccc3ncc(C(=O)C4CC4)c(Nc5ccc(nc5)N6CCC(O)C6)c3c2,CHEMBL3679293,IC50,7.92
8828928,Oc1c(F)cc(cc1Cl)c2ccc3ncc(C(=O)C4CC4)c(Nc5cccc(CCN6CCCC6)c5)c3c2,CHEMBL3639830,IC50,7.92
8828937,Oc1ccc(cc1OC(F)(F)F)c2ccc3ncc(C(=O)C4CC4)c(N5CCC(CN6CCCC6)CC5)c3c2,CHEMBL3674210,IC50,7.92
8828946,CC(C1CCN(CC1)c2c(cnc3ccc(cc23)c4cc(F)c(O)c(F)c4)C(=O)C5CC5)N(C)C,CHEMBL3674168,IC50,7.96
8828955,CCCC(=O)c1cnc2ccc(cc2c1Nc3ccc(nc3)N4CCNCC4)c5cc(F)c(O)c(Cl)c5,CHEMBL3679250,IC50,7.96
8828964,CCN(CC)C1CCC(CC1)Nc2c(cnc3ccc(cc23)c4ccc(O)c(Cl)c4)C(=O)C5CC5,CHEMBL3674171,IC50,7.96
8828973,CN(C)CC1CCN(CC1)c2c(cnc3ccc(cc23)c4cc(F)c(O)c(Cl)c4)[S+](C)[O-],CHEMBL3674318,IC50,7.96
8828982,CN(C)CCNc1ccc(Nc2c(cnc3ccc(nc23)c4cc(Cl)c(O)c(Cl)c4)C(=O)C)cn1,CHEMBL3688370,IC50,7.96
8828991,CN(C)CCOc1ccc(Nc2c(cnc3ccc(cc23)c4cc(F)c(O)c(Cl)c4)C(=O)C)cn1,CHEMBL3684205,IC50,7.96
8829000,CN(C)C[C@@H]1CC[C@H](C1)Nc2c(cnc3ccc(cc23)c4cc(F)c(O)c(Cl)c4)C(=O)C,CHEMBL3679338,IC50,7.96
8829009,CN(C)C[C@@H]1CC[C@H](CC1)Nc2c(cnc3ccc(nc23)c4ccc(O)nc4)C(=O)C,CHEMBL3692812,IC50,7.96
8829018,CN(C)[C@@H]1CC[C@@H](CNc2c(cnc3ccc(cc23)c4cc(Cl)c(O)c(Cl)c4)C(=O)C5CC5)CC1,CHEMBL3674218,IC50,7.96
8829027,CN1CCN(CC1)c2ccc(Nc3c(cnc4ccc(cc34)c5cc(F)c(O)c(Cl)c5)C(=O)C6CC6)cn2,CHEMBL3674322,IC50,7.96
8829036,COc1cc(cc(Cl)c1O)c2ccc3ncc(C(=O)C(C)C)c(Nc4ccc(nc4)N5CCNCC5)c3c2,CHEMBL3679304,IC50,7.96
8829045,COc1cc(cc(Cl)c1O)c2ccc3ncc(C(=O)C4CC4)c(N[C@@H]5CC[C@@H](CN(C)C)CC5)c3c2,CHEMBL3674213,IC50,7.96
8829054,COc1cc(cc(Cl)c1O)c2ccc3ncc(C(=O)C4CC4)c(N[C@@H]5CC[C@@H](CN6CC[C@@H](F)C6)CC5)c3c2,CHEMBL3679204,IC50,7.96
8829063,COc1cc(cc(Cl)c1O)c2ccc3ncc(C(=O)C4CC4)c(Nc5ccc(N)nc5)c3c2,CHEMBL3679219,IC50,7.96
8829072,CS(=O)(=O)c1cnc2ccc(cc2c1Nc3cccc(CCN4CCCC4)c3)c5cc(F)c(O)c(Cl)c5,CHEMBL3684234,IC50,7.96
8829081,OCCNc1ccc(Nc2c(cnc3ccc(cc23)c4cc(Cl)c(O)c(Cl)c4)C(=O)C5CC5)cn1,CHEMBL3679302,IC50,7.96
8829090,Oc1ccc(cc1Cl)c2ccc3ncc(C(=O)C4CC4)c(N5CCN(CCN6CCCC6)CC5)c3c2,CHEMBL3674257,IC50,7.96
8829099,CC(=O)c1cnc2ccc(nc2c1N3CCC(CCN4CCCC4)CC3)c5cc(F)c(O)c(Cl)c5,CHEMBL3688369,IC50,8.0
8829108,CC(=O)c1cnc2ccc(nc2c1N[C@@H]3CC[C@@H](CN4CCOCC4)CC3)c5cc(Cl)c(O)c(Cl)c5,CHEMBL3688379,IC50,8.0
8829117,CC(C)C(=O)c1cnc2ccc(cc2c1N[C@@H]3CC[C@@H](N)CC3)c4cc(F)c(O)c(Cl)c4,CHEMBL3674174,IC50,8.0
8829126,CC(C1CCN(CC1)c2c(cnc3ccc(cc23)c4ccc(O)c(Cl)c4)S(=O)(=O)C)N(C)C,CHEMBL3674184,IC50,8.0
8829135,CCN(CC)CCO[C@@H]1CC[C@H](CC1)Nc2c(cnc3ccc(cc23)c4cc(F)c(O)c(Cl)c4)C(=O)C,CHEMBL3684224,IC50,8.0
8829144,CN(C)Cc1ccc(Nc2c(cnc3ccc(cc23)c4cc(Cl)c(O)c(Cl)c4)C(=O)C5CC5)nc1,CHEMBL3674269,IC50,8.0
8829153,CN(CC#N)C[C@@H]1CC[C@@H](CC1)Nc2c(cnc3ccc(cc23)c4cc(F)c(O)c(Cl)c4)C(=O)C5CC5,CHEMBL3679164,IC50,8.0
8829162,CN1CCN(CC1)c2ccc(Nc3c(cnc4ccc(cc34)c5cc(F)c(O)c(Cl)c5)C(=O)C)cn2,CHEMBL3674338,IC50,8.0
8829171,COc1cc(cc(Cl)c1O)c2ccc3ncc(c(Nc4ccc(OCCN(C)C)nc4)c3n2)S(=O)(=O)C,CHEMBL3688359,IC50,8.0
8829180,Oc1c(Cl)cc(cc1Cl)c2cc3c(Nc4ccc(nc4)N5CCNCC5)c(cnc3cc2F)C(=O)C6CC6,CHEMBL3679195,IC50,8.0
8829189,Oc1c(F)cc(cc1Cl)c2ccc3ncc(C(=O)C4CC4)c(N[C@H]5C[C@H]6CC[C@@H](C5)N6)c3c2,CHEMBL3679248,IC50,8.0
8829198,Oc1c(F)cc(cc1Cl)c2ccc3ncc(C(=O)C4CC4)c(Nc5ccc(NC6CCNC6)nc5)c3c2,CHEMBL3679291,IC50,8.0
8829207,CN1CCN(C[C@@H]2CC[C@H](CC2)Nc3c(cnc4ccc(cc34)c5cc(F)c(O)c(Cl)c5)C(=O)C6CC6)CC1,CHEMBL3679262,IC50,8.01
8829216,COc1cc(cc(Cl)c1O)c2ccc3ncc(C(=O)C)c(Nc4ccc(CN5CCN(C)CC5)cc4)c3c2,CHEMBL3679278,IC50,8.01
8829225,CS(=O)(=O)c1cnc2ccc(cc2c1N[C@@H]3CC[C@@H](CN4CCCC4)CC3)c5cc(F)c(O)c(Cl)c5,CHEMBL3684246,IC50,8.02
8829234,Oc1c(Cl)cc(cc1Cl)c2ccc3ncc(C(=O)C4CCCC4)c(Nc5cccc(CCN6CCCC6)c5)c3c2,CHEMBL3684281,IC50,8.02
8829243,CN(C)C(=O)[C@@H]1CC[C@H](CC1)Nc2c(cnc3ccc(cc23)c4cc(Cl)c(O)c(Cl)c4)C(=O)C,CHEMBL3684220,IC50,8.03
8829252,CCN(CC)C1CCC(CC1)Nc2c(cnc3ccc(cc23)c4cc(F)c(O)c(Cl)c4)C(=O)C5CCCC5,CHEMBL3674241,IC50,8.04
8829261,CN(C)C1CCN(C1)c2ccc(Nc3c(cnc4ccc(cc34)c5cc(F)c(O)c(Cl)c5)S(=O)(=O)C)cn2,CHEMBL3684244,IC50,8.04
8829270,CN(C)Cc1ccc(Nc2c(cnc3ccc(cc23)c4ccc(O)c(Cl)c4)S(=O)(=O)C)cc1,CHEMBL3674264,IC50,8.04
8829279,Oc1c(Cl)cc(cc1Cl)c2ccc3ncc(C(=O)C4CC4)c(c5ccc(nc5)N6CCNCC6)c3c2,CHEMBL3674310,IC50,8.04
8829288,Oc1c(F)cc(cc1Cl)c2ccc3ncc(C(=O)C4CC4)c(NC5CCNCC5)c3c2,CHEMBL3679340,IC50,8.04
8829298,CC(C)COc1cnccc1c2cnn(c2)c3ccc(cc3)N4CCN(C)CC4,CHEMBL3823918,IC50,8.05
8829308,CN(C)Cc1ccc(Nc2c(cnc3ccc(cc23)c4cc(Cl)c(O)c(Cl)c4)C(=O)C5CC5)cn1,CHEMBL3679281,IC50,8.05
8829317,CN1CCN(C[C@@H]2CCC[C@@H](C2)Nc3c(cnc4ccc(cc34)c5cc(F)c(O)c(Cl)c5)C(=O)C)CC1,CHEMBL3684189,IC50,8.05
8829326,COc1cc(cc(Cl)c1O)c2ccc3ncc(C(=O)C)c(Nc4ccc(OCCN(C)C)nc4)c3n2,CHEMBL3688356,IC50,8.05
8829335,CS(=O)(=O)c1cnc2ccc(cc2c1N3CCC(CN4CCCC4)CC3)c5ccc(O)c(Cl)c5,CHEMBL3674261,IC50,8.05
8829344,NCc1ccc(Nc2c(cnc3ccc(cc23)c4cc(F)c(O)c(Cl)c4)C(=O)C5CC5)cc1,CHEMBL3674353,IC50,8.05
8829353,CC(=O)c1cnc2ccc(cc2c1N[C@@H]3CC[C@@H](CN4CCNCC4)CC3)c5cc(F)c(O)c(Cl)c5,CHEMBL3684146,IC50,8.06
8829362,CN(C)CC(=O)N[C@@H]1CC[C@H](CC1)Nc2c(cnc3ccc(cc23)c4cc(F)c(O)c(Cl)c4)C(=O)C,CHEMBL3684231,IC50,8.06
8829371,CN(C)[C@@H]1CC[C@H](CC1)Nc2c(cnc3ccc(cc23)c4cc(F)c(O)c(Cl)c4)C(=O)C,CHEMBL3684129,IC50,8.06
8829380,COc1cc(cc(Cl)c1O)c2ccc3ncc(C(=O)C4CC4)c(N5CCN(C)CC5)c3c2,CHEMBL3679172,IC50,8.06
8829389,COc1cc(cc(Cl)c1O)c2ccc3ncc(C(=O)C4CC4)c(NC56CC7CC(CC(N)(C7)C5)C6)c3c2,CHEMBL3674208,IC50,8.06
8829398,Oc1c(F)cc(cc1Cl)c2ccc3ncc(C(=O)C4CC4)c(Nc5ccc(CN6CCCC6)cc5)c3c2,CHEMBL3674251,IC50,8.06
8829407,CN(C)CCOc1ccc(Nc2c(cnc3ccc(cc23)c4cc(F)c(O)c(Cl)c4)S(=O)(=O)C)cn1,CHEMBL3684240,IC50,8.08
8829416,CN(C)CCc1ccc(Nc2c(cnc3ccc(cc23)c4cc(F)c(O)c(Cl)c4)C(=O)C)cc1,CHEMBL3679363,IC50,8.08
8829425,CN(C)CCc1cccc(Nc2c(cnc3ccc(cc23)c4cc(F)c(O)c(Cl)c4)C(=O)C5CC5)c1,CHEMBL3679316,IC50,8.08
8829434,CN(C)C[C@@H]1CCC[C@@H](C1)Nc2c(cnc3ccc(cc23)c4cc(F)c(O)c(Cl)c4)C(=O)C,CHEMBL3684183,IC50,8.08
8829443,COc1cc(cc(Cl)c1O)c2ccc3ncc(C(=O)C4CC4)c(Nc5ccc(CN6CCC(C6)N(C)C)cc5)c3c2,CHEMBL3679319,IC50,8.08
8829452,COc1cc(cc(Cl)c1O)c2ccc3ncc(C(=O)C4CC4)c(Nc5ccc(CN6CCN(C)CC6)cc5)c3c2,CHEMBL3674253,IC50,8.08
8829461,NC1CCN(CC1)c2ncc(Nc3c(cnc4ccc(cc34)c5cc(F)c(O)c(Cl)c5)C(=O)C6CC6)cn2,CHEMBL3679202,IC50,8.08
8829470,CN(C)C1CCN(C1)c2ccc(Nc3c(cnc4ccc(nc34)c5cc(Cl)c(O)c(Cl)c5)C(=O)C)cn2,CHEMBL3688383,IC50,8.09
8829479,CN(C)CCc1ccc(Nc2c(cnc3ccc(cc23)c4cc(F)c(O)c(Cl)c4)C(=O)C5CC5)cc1,CHEMBL3679243,IC50,8.09
8829488,CN(C)Cc1ccc(Nc2c(cnc3ccc(cc23)c4cc(Cl)c(O)c(Cl)c4)[S+](C)[O-])cc1,CHEMBL3674324,IC50,8.09
8829497,CN(C)Cc1ccc(Nc2c(cnc3ccc(nc23)c4cc(F)c(O)c(Cl)c4)S(=O)(=O)C)cc1,CHEMBL3688350,IC50,8.09
8829506,CN1CCN(Cc2ccc(Nc3c(cnc4ccc(cc34)c5cc(Cl)c(O)c(Cl)c5)C(=O)C)cc2)CC1,CHEMBL3679279,IC50,8.09
8829515,COc1cc(cc(Cl)c1O)c2ccc3ncc(C(=O)C4CC4)c(N5CCC(CN6CCOCC6)CC5)c3c2,CHEMBL3674221,IC50,8.09
8829524,COc1cc(cc(Cl)c1O)c2ccc3ncc(C(=O)C4CC4)c(c5ccc(cc5)C(=O)N6CCN(C)CC6)c3c2,CHEMBL3674327,IC50,8.09
8829533,COc1cc(cc(Cl)c1O)c2cc3c(N[C@@H]4CC[C@@H](CN5CCCC5)CC4)c(cnc3cc2F)C(=O)C,CHEMBL3684280,IC50,8.1
8829542,COc1cc(cc(Cl)c1O)c2ccc3ncc(C(=O)C4CC4)c(NC5CCN(C)CC5)c3c2,CHEMBL3674185,IC50,8.1
8829551,C[C@H](N)C(=O)N[C@@H]1CC[C@H](CC1)Nc2c(cnc3ccc(cc23)c4cc(F)c(O)c(Cl)c4)C(=O)C,CHEMBL3684233,IC50,8.1
8829560,CN1CCC(CC1)n2cc(Nc3c(cnc4ccc(nc34)c5cc(Cl)c(O)c(Cl)c5)C(=O)C)cn2,CHEMBL3688365,IC50,8.11
8829569,CN1CCN(Cc2cccc(c2)c3c(cnc4ccc(cc34)c5cc(Cl)c(O)c(Cl)c5)C(=O)C6CC6)CC1,CHEMBL3674329,IC50,8.11
8829578,COc1cc(cc(F)c1O)c2ccc3ncc(C(=O)C4CC4)c(N5CC6CC5CN6C(=O)CN(C)C)c3c2,CHEMBL3674307,IC50,8.11
8829587,Oc1c(Cl)cc(cc1Cl)c2ccc3ncc(C(=O)C4CC4)c(Nc5ccc(CN6CCCC6)nc5)c3c2,CHEMBL3679282,IC50,8.11
8829596,CC(C)C(=O)c1cnc2ccc(cc2c1Nc3ccc(CN(C)C)cc3)c4cc(Cl)c(O)c(Cl)c4,CHEMBL3679267,IC50,8.12
8829605,CN1CCN(Cc2ccc(Nc3c(cnc4ccc(cc34)c5cc(Cl)c(O)c(Cl)c5)C(=O)C6CC6)cc2)CC1,CHEMBL3674252,IC50,8.12
8829615,FC(F)(F)c1cc(OCC#Cc2ccc3ccncc3c2)ccc1CN4CCNCC4,CHEMBL3355064,IC50,8.12
8829625,N[C@@H]1CC[C@H](CC1)Nc2c(cnc3ccc(cc23)c4cc(Cl)c(O)c(Cl)c4)C(=O)C5CC5,CHEMBL3674162,IC50,8.12
8829634,CC(N)C(=O)N[C@@H]1CC[C@H](CC1)Nc2c(cnc3ccc(nc23)c4cc(Cl)c(O)c(Cl)c4)C(=O)C,CHEMBL3692799,IC50,8.13
8829643,C[S+]([O-])c1cnc2ccc(cc2c1N[C@@H]3CC[C@@H](N)CC3)c4cc(Cl)c(O)c(Cl)c4,CHEMBL3674341,IC50,8.13
8829652,Oc1c(F)cc(cc1Cl)c2ccc3ncc(C(=O)C4CC4)c(NC5CCC(CC5)N6CC[C@@H](F)C6)c3c2,CHEMBL3679268,IC50,8.13
8829661,CCCC(=O)c1cnc2ccc(cc2c1N[C@@H]3CC[C@@H](CN(C)C)CC3)c4cc(F)c(O)c(Cl)c4,CHEMBL3679227,IC50,8.14
8829670,CN(C)C1CCN(Cc2ccc(Nc3c(cnc4ccc(cc34)c5cc(Cl)c(O)c(Cl)c5)C(=O)C6CC6)cc2)C1,CHEMBL3679317,IC50,8.14
8829679,CN(C)C[C@@H]1CC[C@H](CC1)Nc2c(cnc3ccc(cc23)c4cnc(nc4)C#N)C(=O)C,CHEMBL3674270,IC50,8.14
8829688,CC(=O)c1cnc2cc(F)c(cc2c1N[C@@H]3CC[C@@H](CN4CCCC4)CC3)c5cc(Cl)c(O)c(Cl)c5,CHEMBL3684277,IC50,8.16
8829697,CC(=O)c1cnc2ccc(cc2c1N3CCC(CN4CCCC4)CC3)c5cc(F)c(O)c(Cl)c5,CHEMBL3674223,IC50,8.16
8829706,CC(C)C(=O)c1cnc2ccc(cc2c1Nc3ccc(nc3)N4CCNCC4)c5cc(F)c(O)c(Cl)c5,CHEMBL3679298,IC50,8.16
8829715,CCN(CC)C1CCC(CC1)Nc2c(cnc3ccc(cc23)c4ccc(O)c(OC)c4)C(=O)C5CC5,CHEMBL3674172,IC50,8.16
8829724,CN(C)CC(=O)N1CCN(CC1)c2c(cnc3ccc(cc23)c4cc(F)c(O)c(Cl)c4)C(=O)C,CHEMBL3674335,IC50,8.16
8829733,CN(C)CCOc1ccc(Nc2c(cnc3ccc(cc23)c4cc(F)c(O)c(Cl)c4)C(=O)C5CC5)cn1,CHEMBL3679332,IC50,8.16
8829742,COc1cc(cc(Cl)c1O)c2ccc3ncc(C(=O)C(C)C)c(N[C@@H]4CC[C@@H](N)CC4)c3c2,CHEMBL3674351,IC50,8.16
8829751,COc1cc(ccc1O)c2ccc3ncc(C(=O)C4CC4)c(N[C@@H]5CC[C@@H](N)CC5)c3c2,CHEMBL3674155,IC50,8.16
8829760,OC1CCN(C1)c2ccc(Nc3c(cnc4ccc(cc34)c5cc(Cl)c(O)c(Cl)c5)C(=O)C6CC6)cn2,CHEMBL3679294,IC50,8.16
8829769,CC(=O)c1cnc2ccc(cc2c1Nc3cncc(CCN4CCCC4)c3)c5cc(Cl)c(O)c(Cl)c5,CHEMBL3684228,IC50,8.17
8829778,CN(C)CC[C@H]1CCC[C@@H](C1)Nc2c(cnc3ccc(cc23)c4cc(F)c(O)c(Cl)c4)C(=O)C,CHEMBL3684218,IC50,8.17
8829787,CN(C)C[C@@H]1CCC[C@H](C1)Nc2c(cnc3ccc(cc23)c4cc(F)c(O)c(Cl)c4)C(=O)C,CHEMBL3679368,IC50,8.17
8829796,COc1cc(cc(Cl)c1O)c2ccc3ncc(c(Nc4ccc(CN(C)C)cc4)c3c2)S(=O)(=O)C,CHEMBL3674263,IC50,8.17
8829805,CC(C)C(=O)c1cnc2ccc(cc2c1N[C@@H]3CC[C@@H](CN(C)C)CC3)c4cc(F)c(O)c(Cl)c4,CHEMBL3679247,IC50,8.18
8829814,CN(C)Cc1ccc(Nc2c(cnc3ccc(cc23)c4cc(Cl)c(O)c(Cl)c4)C(=O)C)cc1,CHEMBL3674236,IC50,8.18
8829823,CC(=O)c1cnc2ccc(cc2c1N[C@@H]3CC[C@@H](CN4CCC[C@@H]4CO)CC3)c5cc(F)c(O)c(Cl)c5,CHEMBL3684167,IC50,8.19
8829832,CC(C)C(=O)c1cnc2ccc(nc2c1Nc3ccc(nc3)N4CCC[C@@H](N)C4)c5cc(Cl)c(O)c(Cl)c5,CHEMBL3692837,IC50,8.19
8829841,COc1cc(cc(Cl)c1O)c2ccc3ncc(C(=O)C4CC4)c(Nc5ccc(cc5)C(O)CN(C)C)c3c2,CHEMBL3679330,IC50,8.19
8829850,N[C@@H]1CC[C@H](CC1)Nc2c(cnc3ccc(cc23)c4cc(F)c(O)c(Cl)c4)C(=O)C5CC5,CHEMBL3674166,IC50,8.19
8829859,Oc1c(Cl)cc(cc1Cl)c2ccc3ncc(C(=O)C4CC4)c(Nc5cncc(CCN6CCCC6)c5)c3c2,CHEMBL3684236,IC50,8.19
8829868,CN(C)C[C@@H]1CC[C@H](CC1)Nc2c(cnc3ccc(cc23)c4cc(F)c(O)c(Cl)c4)S(=O)(=O)C,CHEMBL3674274,IC50,8.2
8829877,COc1cc(cc(Cl)c1O)c2ccc3ncc(C(=O)C(C)C)c(N[C@@H]4CC[C@@H](CN(C)C)CC4)c3c2,CHEMBL3679235,IC50,8.2
8829886,CCC(=O)c1cnc2ccc(cc2c1N[C@@H]3CC[C@H](CC3)N(C)C)c4cc(F)c(O)c(Cl)c4,CHEMBL3679374,IC50,8.21
8829895,CCC(=O)c1cnc2ccc(cc2c1Nc3ccc(nc3)N4CCC(C4)N(C)C)c5cc(F)c(O)c(Cl)c5,CHEMBL3684216,IC50,8.21
8829904,CN1CCC(CC1)n2cc(Nc3c(cnc4ccc(cc34)c5cc(Cl)c(O)c(Cl)c5)C(=O)C(C)(C)C)cn2,CHEMBL3684285,IC50,8.21
8829913,COc1cc(cc(Cl)c1O)c2ccc3ncc(C(=O)C4CC4)c(NC5CCC(CC5)N6CC[C@@H](F)C6)c3c2,CHEMBL3679271,IC50,8.21
8829922,Oc1ccc(cc1Cl)c2ccc3ncc(C(=O)C4CC4)c(Nc5ccc(nc5)N6CCNCC6)c3c2,CHEMBL3674278,IC50,8.21
8829932,C(Oc1cnccc1c2cnn(c2)c3ccc(cc3)N4CCOCC4)C5CCNCC5,CHEMBL3823302,IC50,8.22
8829942,CC(=O)c1cnc2ccc(cc2c1Nc3ccc(nc3)N4CCC(N)C4)c5cc(F)c(O)c(Cl)c5,CHEMBL3684137,IC50,8.22
8829951,CCN(CC)C1CCC(CC1)Nc2c(cnc3ccc(cc23)c4cc(Cl)c(O)c(OC)c4)C(=O)C,CHEMBL3674205,IC50,8.22
8829960,CN(C)C[C@@H]1CC[C@H](CC1)Nc2c(cnc3ccc(cc23)c4cc(F)c(O)c(Cl)c4)C(=O)C,CHEMBL3674237,IC50,8.22
8829969,CN1CCC(CC1)Nc2c(cnc3ccc(nc23)c4cc(F)c(O)c(Cl)c4)C(=O)C,CHEMBL3688378,IC50,8.22
8829979,CN1CCN(CC1)c2ccc(cc2)n3cc(cn3)c4ccncc4OC5CCNCC5,CHEMBL3822465,IC50,8.22
8829989,CN1CCN(Cc2ccc(Nc3c(cnc4ccc(nc34)c5cc(Cl)c(O)c(Cl)c5)C(=O)C)cc2)CC1,CHEMBL3688366,IC50,8.22
8829998,CN1CCN(Cc2ccc(cc2)c3c(cnc4ccc(cc34)c5cc(Cl)c(O)c(Cl)c5)C(=O)C6CC6)CC1,CHEMBL3674333,IC50,8.22
8830007,CN(C)CC(O)c1ccc(Nc2c(cnc3ccc(cc23)c4cc(F)c(O)c(Cl)c4)C(=O)C5CC5)cc1,CHEMBL3679329,IC50,8.23
8830016,CN(C)CCc1ccc(Nc2c(cnc3ccc(nc23)c4cc(F)c(O)c(Cl)c4)C(=O)C)cc1,CHEMBL3688362,IC50,8.23
8830025,COc1cc(cc(Cl)c1O)c2ccc3ncc(C(=O)C)c(Nc4ccc(CN5CCCC5)cc4)c3c2,CHEMBL3674271,IC50,8.23
8830034,CN1CCC(CC1)Nc2c(cnc3ccc(nc23)c4cc(Cl)c(O)c(Cl)c4)C(=O)C,CHEMBL3688377,IC50,8.24
8830043,CN1CCN(C[C@@H]2CC[C@H](C2)Nc3c(cnc4ccc(cc34)c5cc(Cl)c(O)c(Cl)c5)C(=O)C)CC1,CHEMBL3679349,IC50,8.24
8830052,COc1cc(cc(Cl)c1O)c2ccc3ncc(C(=O)C)c(N[C@@H]4CC[C@@H](CN5CCN(C)CC5)CC4)c3c2,CHEMBL3684150,IC50,8.24
8830061,COc1cc(cc(Cl)c1O)c2ccc3ncc(C(=O)C4CC4)c(Nc5ccc(nc5)N6CCC(N)CC6)c3c2,CHEMBL3679187,IC50,8.24
8830070,Oc1c(Cl)cc(cc1Cl)c2ccc3ncc(C(=O)C4CC4)c(NC5CCNCC5)c3c2,CHEMBL3679347,IC50,8.24
8830079,Oc1c(F)cc(cc1Cl)c2ccc3ncc(C(=O)C4CC4)c(N5CCN(CCN6CCCC6)CC5)c3c2,CHEMBL3674256,IC50,8.24
8830088,CCN(CC)C[C@@H]1CC[C@H](CC1)Nc2c(cnc3ccc(cc23)c4cc(F)c(O)c(Cl)c4)C(=O)C,CHEMBL3684157,IC50,8.25
8830097,CNC1CCN(C1)c2ccc(Nc3c(cnc4ccc(cc34)c5cc(F)c(O)c(Cl)c5)C(=O)C)cn2,CHEMBL3684148,IC50,8.25
8830106,COc1cc(cc(Cl)c1O)c2ccc3ncc(C(=O)C4CC4)c(Nc5cccc(CCN(C)C)c5)c3c2,CHEMBL3679315,IC50,8.25
8830115,COc1cc(cc(Cl)c1O)c2ccc3ncc(C(=O)C4CC4)c(Nc5cnc(nc5)N6CCC(N)CC6)c3c2,CHEMBL3679190,IC50,8.25
8830124,NC1CCN(CC1)c2ccc(Nc3c(cnc4ccc(cc34)c5cc(Cl)c(O)c(Cl)c5)C(=O)C6CC6)cn2,CHEMBL3679186,IC50,8.25
8830133,Oc1c(Cl)cc(cc1Cl)c2ccc3ncc(C(=O)C4CC4)c(Nc5cccc(CCN6CCCC6)c5)c3c2,CHEMBL3684160,IC50,8.25
8830142,Oc1c(Cl)cc(cc1Cl)c2ccc3ncc(C(=O)C4CC4)c(c5ccc(OCCN6CCCC6)cc5)c3c2,CHEMBL3674336,IC50,8.25
8830151,CN(C)C[C@@H]1CC[C@H](C1)Nc2c(cnc3ccc(cc23)c4cc(Cl)c(O)c(Cl)c4)C(=O)C,CHEMBL3679339,IC50,8.26
8830160,CN(C)Cc1ccc(Nc2c(cnc3ccc(cc23)c4cc(Cl)c(O)c(Cl)c4)S(=O)(=O)C)cc1,CHEMBL3674255,IC50,8.26
8830169,CN(C)[C@@H]1CC[C@@H](CNc2c(cnc3ccc(cc23)c4cc(F)c(O)c(Cl)c4)C(=O)C5CC5)CC1,CHEMBL3674219,IC50,8.26
8830178,CN1CCN(C[C@@H]2CC[C@H](CC2)Nc3c(cnc4ccc(cc34)c5cc(Cl)c(O)c(Cl)c5)C(=O)C)CC1,CHEMBL3684145,IC50,8.26
8830187,COc1cc(cc(Cl)c1O)c2ccc3ncc(C(=O)C4CC4)c(Nc5ccc(CCN(C)C)cc5)c3c2,CHEMBL3679241,IC50,8.26
8830196,NCCOc1ccc(Nc2c(cnc3ccc(cc23)c4cc(F)c(O)c(Cl)c4)C(=O)C5CC5)cn1,CHEMBL3679345,IC50,8.26
8830205,CCC(=O)c1cnc2ccc(cc2c1Nc3ccc(CN(C)C)cc3)c4cc(Cl)c(O)c(Cl)c4,CHEMBL3684135,IC50,8.27
8830214,CN1CCN(CCc2cccc(Nc3c(cnc4ccc(cc34)c5cc(Cl)c(O)c(Cl)c5)C(=O)C)c2)CC1,CHEMBL3684188,IC50,8.27
8830223,CCCC(=O)c1cnc2ccc(cc2c1Nc3ccc(CN(C)C)cc3)c4cc(Cl)c(O)c(Cl)c4,CHEMBL3679170,IC50,8.28
8830232,CCN(CC)C1CCC(CC1)Nc2c(cnc3ccc(cc23)c4cc(Cl)c(O)c(OC)c4)S(=O)(=O)C,CHEMBL3674181,IC50,8.28
8830241,CN(C)CCN1CCC(CC1)Nc2c(cnc3ccc(cc23)c4cc(F)c(O)c(Cl)c4)C(=O)C,CHEMBL3684178,IC50,8.28
8830250,CN(C)CCNC(=O)[C@@H]1CC[C@H](CC1)Nc2c(cnc3ccc(cc23)c4cc(F)c(O)c(Cl)c4)C(=O)C,CHEMBL3684248,IC50,8.28
8830259,CN(C)CCNc1ccc(Nc2c(cnc3ccc(cc23)c4cc(Cl)c(O)c(Cl)c4)C(=O)C)cn1,CHEMBL3679375,IC50,8.28
8830268,CN(C)CCOc1ccc(Nc2c(cnc3ccc(nc23)c4cc(Cl)c(O)c(Cl)c4)S(=O)(=O)C)cn1,CHEMBL3688357,IC50,8.28
8830277,CCCC(=O)c1cnc2ccc(cc2c1N[C@@H]3CC[C@@H](CN(C)C)CC3)c4cc(Cl)c(O)c(OC)c4,CHEMBL3679236,IC50,8.29
8830286,CN(C)Cc1cccc(Nc2c(cnc3ccc(cc23)c4cc(F)c(O)c(Cl)c4)C(=O)C5CC5)c1,CHEMBL3679256,IC50,8.29
8830295,CN1CCN(CCc2cccc(Nc3c(cnc4ccc(cc34)c5cc(Cl)c(O)c(Cl)c5)C(=O)C6CC6)c2)CC1,CHEMBL3684186,IC50,8.29
8830304,COc1cc(cc(Cl)c1O)c2ccc3ncc([S+](C)[O-])c(N4CCC(CN(C)C)CC4)c3c2,CHEMBL3674319,IC50,8.29
8830313,CS(=O)(=O)c1cnc2ccc(cc2c1N3CCC(CN4CCCC4)CC3)c5cc(F)c(O)c(Cl)c5,CHEMBL3639731,IC50,8.29
8830322,CN1CCN(CC1)C2CCN(CC2)c3c(cnc4ccc(cc34)c5ccc(O)c(Cl)c5)C(=O)C6CC6,CHEMBL3674231,IC50,8.3
805104,CN1CCN(CC1)c2ccc(cc2)n3cc(cn3)c4ccncc4OCC5CCNCC5,CHEMBL3824068,IC50,8.3
8830333,COC1CCN(C[C@@H]2CC[C@H](CC2)Nc3c(cnc4ccc(cc34)c5cc(Cl)c(O)c(OC)c5)C(=O)C6CC6)C1,CHEMBL3679229,IC50,8.3
8830342,COc1cc(cc(Cl)c1O)c2ccc3ncc(C(=O)CC(C)C)c(N[C@@H]4CC[C@@H](N)CC4)c3c2,CHEMBL3674191,IC50,8.3
8830351,COc1cc(cc(Cl)c1O)c2ccc3ncc(c(Nc4ccc(CN(C)C)cc4)c3n2)S(=O)(=O)C,CHEMBL3688351,IC50,8.3
8830360,CCC(=O)c1cnc2ccc(cc2c1Nc3ccc(CN(C)C)cc3)c4cc(Cl)c(O)c(OC)c4,CHEMBL3684133,IC50,8.31
8830371,COc1cc(cc(Cl)c1O)c2ccc3ncc([S+](C)[O-])c(N[C@@H]4CC[C@@H](N)CC4)c3c2,CHEMBL3674349,IC50,8.31
8830380,CC(=O)c1cnc2ccc(cc2c1Nc3cnc(nc3)N4CCNCC4)c5cc(F)c(O)c(Cl)c5,CHEMBL3679224,IC50,8.32
8830389,CN(C)CC[C@@H]1CC[C@H](CC1)Nc2c(cnc3ccc(cc23)c4cc(F)c(O)c(Cl)c4)C(=O)C,CHEMBL3679360,IC50,8.32
8830398,COc1cc(cc(Cl)c1O)c2ccc3ncc(C(=O)C4CCCC4)c(N[C@@H]5CC[C@@H](CN(C)C)CC5)c3c2,CHEMBL3684270,IC50,8.32
8830407,Oc1c(F)cc(cc1Cl)c2ccc3ncc(C(=O)C4CC4)c(Nc5ccc(cn5)N6CCNCC6)c3c2,CHEMBL3679165,IC50,8.32
8830416,Oc1c(F)cc(cc1Cl)c2ccc3ncc(C(=O)C4CC4)c(Nc5cnc(nc5)N6CCNCC6)c3c2,CHEMBL3674345,IC50,8.32
8830425,CC(=O)c1cnc2ccc(cc2c1N[C@@H]3CC[C@@H](CN4CCCC4)CC3)c5cc(F)c(O)c(Cl)c5,CHEMBL3679352,IC50,8.33
8830434,CC(C)C(N)C(=O)N[C@@H]1CC[C@H](CC1)Nc2c(cnc3ccc(cc23)c4cc(F)c(O)c(Cl)c4)C(=O)C,CHEMBL3684261,IC50,8.33
8830443,CN(C)C1CCN(C1)c2ccc(Nc3c(cnc4ccc(cc34)c5cc(Cl)c(O)c(Cl)c5)C(=O)C6CC6)cn2,CHEMBL3679313,IC50,8.33
8830452,CN(C)C[C@@H]1CC[C@H](CC1)Nc2c(cnc3ccc(nc23)c4cc(C)c(O)c(C)c4)C(=O)C,CHEMBL3692785,IC50,8.33
8830461,COc1cc(cc(Cl)c1O)c2ccc3ncc(C(=O)C4CC4)c(Nc5cnc(nc5)N6CCNCC6)c3c2,CHEMBL3674352,IC50,8.33
8830470,CC(=O)c1cnc2ccc(cc2c1N[C@@H]3CC[C@@H](CN4CCC[C@H]4CO)CC3)c5cc(F)c(O)c(Cl)c5,CHEMBL3684201,IC50,8.34
8830479,CN(C)CC1CCN(CC1)c2c(cnc3ccc(cc23)c4cc(F)c(O)c(Cl)c4)C(=O)C5CCCC5,CHEMBL3674239,IC50,8.34
8830488,CN(C)CC1CCN(CC1)c2c(cnc3ccc(cc23)c4ccc(O)c(Cl)c4)C(=O)C5CC5,CHEMBL3674199,IC50,8.34
8830497,CN(C)CCOc1ccc(Nc2c(cnc3ccc(nc23)c4cc(Cl)c(O)c(Cl)c4)C(=O)C)cn1,CHEMBL3688354,IC50,8.34
8830506,CN1CCN(CC1)C2CCN(CC2)c3c(cnc4ccc(cc34)c5cc(F)c(O)c(Cl)c5)C(=O)C6CC6,CHEMBL3674230,IC50,8.34
8830515,Oc1ccc(cc1Cl)c2ccc3ncc(C(=O)C4CC4)c(N[C@@H]5CC[C@H](CC5)N6CCCC6)c3c2,CHEMBL3674225,IC50,8.34
8830524,CN(C)C[C@@H]1CC[C@H](CC1)Nc2c(cnc3ccc(nc23)c4ccc(O)cc4)C(=O)C,CHEMBL3692814,IC50,8.35
8830533,CN(C)C[C@@H]1CC[C@H](CC1)Nc2c(cnc3ccc(nc23)c4ccc(nc4)C#N)C(=O)C,CHEMBL3692813,IC50,8.35
8830542,Oc1c(Cl)cc(cc1Cl)c2ccc3ncc(C(=O)C4CC4)c(N[C@H]5C[C@H]6CC[C@@H](C5)N6)c3c2,CHEMBL3679212,IC50,8.35
8830551,CN1CCN(CC1)C(=O)[C@@H]2CC[C@H](CC2)Nc3c(cnc4ccc(cc34)c5cc(Cl)c(O)c(Cl)c5)C(=O)C,CHEMBL3684253,IC50,8.36
8830560,COc1cc(cc(Cl)c1O)c2ccc3ncc(C(=O)C)c(Nc4cnc(nc4)N5CCNCC5)c3c2,CHEMBL3679244,IC50,8.36
8830569,COc1cc(cc(Cl)c1O)c2ccc3ncc(C(=O)C4CC4)c(C5=CCNCC5)c3c2,CHEMBL3674362,IC50,8.36
8830578,COc1cc(cc(Cl)c1O)c2ccc3ncc(C(=O)C4CC4)c(NCC5CCNCC5)c3c2,CHEMBL3674182,IC50,8.36
8830587,COc1cc(cc(Cl)c1O)c2ccc3ncc(C(=O)C4CC4)c(Nc5ccc(cn5)N6CCNCC6)c3c2,CHEMBL3679168,IC50,8.36
8830596,NC1CCCN(C1)c2ccc(Nc3c(cnc4ccc(cc34)c5cc(Cl)c(O)c(Cl)c5)C(=O)C6CC6)cn2,CHEMBL3679193,IC50,8.36
8830605,Oc1c(F)cc(cc1Cl)c2ccc3ncc(C(=O)C4CC4)c(N5CCN(CCN6CCCC6)C(=O)C5)c3c2,CHEMBL3674291,IC50,8.36
8830614,CC(=O)c1cnc2ccc(cc2c1N[C@@H]3CC[C@@H](CN4CCCC(N)C4)CC3)c5cc(F)c(O)c(Cl)c5,CHEMBL3684176,IC50,8.37
8830623,CC(=O)c1cnc2ccc(nc2c1Nc3ccc(CN4CCCC4)cc3)c5cc(Cl)c(O)c(Cl)c5,CHEMBL3692786,IC50,8.37
8830632,CC(=O)c1cnc2ccc(nc2c1Nc3ccc(nc3)N4CCC[C@H](N)C4)c5cc(F)c(O)c(Cl)c5,CHEMBL3692798,IC50,8.37
8830641,CN(C)CCNc1ccc(Nc2c(cnc3ccc(cc23)c4cc(Cl)c(O)c(Cl)c4)C(=O)C5CC5)cn1,CHEMBL3679365,IC50,8.37
8830650,CN[C@@H]1CC[C@H](CC1)Nc2c(cnc3ccc(cc23)c4cc(Cl)c(O)c(OC)c4)C(=O)C,CHEMBL3679181,IC50,8.37
8830659,COc1cc(cc(Cl)c1O)c2ccc3ncc(C(=O)C4CC4)c(NC[C@@H]5CC[C@H](CC5)N(C)C)c3c2,CHEMBL3674212,IC50,8.37
8830668,COc1cc(cc(Cl)c1O)c2ccc3ncc(C(=O)C4CC4)c(Nc5ccc(OCCN)nc5)c3c2,CHEMBL3679343,IC50,8.37
8830677,COc1cc(cc(Cl)c1O)c2ccc3ncc(C(=O)CC(C)C)c(N[C@@H]4CC[C@H](CC4)N(C)C)c3c2,CHEMBL3674229,IC50,8.37
8830686,Oc1c(Cl)cc(cc1Cl)c2ccc3ncc(C(=O)C4CC4)c(N[C@@H]5CC[C@@H](CN6CC[C@@H](F)C6)CC5)c3c2,CHEMBL3679206,IC50,8.37
8830695,CC(=O)c1cnc2ccc(cc2c1N[C@@H]3CC[C@H](CC3)NC(=O)[C@@H](N)C(C)(C)C)c4cc(Cl)c(O)c(Cl)c4,CHEMBL3684276,IC50,8.38
8830704,CCCC(=O)c1cnc2ccc(cc2c1Nc3ccc(nc3)N4CCNCC4)c5cc(Cl)c(O)c(OC)c5,CHEMBL3679245,IC50,8.38
8830713,CN(C)C[C@@]1(O)CC[C@@H](CC1)Nc2c(cnc3ccc(cc23)c4cc(F)c(O)c(Cl)c4)C(=O)C5CC5,CHEMBL3679297,IC50,8.38
8830722,CN1CCN(C[C@@H]2CC[C@H](CC2)Nc3c(cnc4ccc(cc34)c5cc(Cl)c(O)c(Cl)c5)C(=O)C6CC6)CC1,CHEMBL3679246,IC50,8.38
8830731,COc1cc(cc(Cl)c1O)c2ccc3ncc(C(=O)C)c(Nc4ccc(CCN(C)C)cc4)c3c2,CHEMBL3679361,IC50,8.38
8830740,COc1cc(cc(Cl)c1O)c2ccc3ncc(C(=O)C4CC4)c(N5CCC(CC5)C6CCNCC6)c3c2,CHEMBL3679225,IC50,8.38
8830749,COc1cc(cc(Cl)c1O)c2ccc3ncc(C(=O)C4CC4)c(NC5C[C@H]6CC[C@@H](C5)N6)c3c2,CHEMBL3679211,IC50,8.38
8830758,COc1cc(cc(Cl)c1O)c2ccc3ncc(C(=O)C4CC4)c(c5ccc(CN(C)C)cc5)c3c2,CHEMBL3674234,IC50,8.38
8830767,CC(=O)c1cnc2ccc(cc2c1N[C@@H]3CC[C@@H](N)CC3)c4cc(Cl)c(O)c(Cl)c4,CHEMBL3674188,IC50,8.39
8830776,COc1cc(cc(Cl)c1O)c2ccc3ncc(c(N[C@@H]4CC[C@@H](CN(C)C)CC4)c3c2)S(=O)(=O)C,CHEMBL3674273,IC50,8.39
8830785,COc1cc(cc(F)c1O)c2ccc3ncc(C(=O)C4CC4)c(N5CCC(CN6CCCC6)CC5)c3c2,CHEMBL3674207,IC50,8.39
8830794,NC1CCN(CC1)c2cc(Nc3c(cnc4ccc(cc34)c5cc(Cl)c(O)c(Cl)c5)C(=O)C6CC6)ccn2,CHEMBL3679355,IC50,8.39
8830803,CC(=O)c1cnc2ccc(cc2c1Nc3cccc(CCN4CCCC4)c3)c5cc(Cl)c(O)c(Cl)c5,CHEMBL3684161,IC50,8.4
8830812,CCC(=O)c1cnc2ccc(cc2c1N[C@@H]3CC[C@@H](CN(C)C)CC3)c4cc(F)c(O)c(Cl)c4,CHEMBL3679336,IC50,8.4
8830821,CN(C)C1CCN(C[C@@H]2CC[C@H](CC2)Nc3c(cnc4ccc(cc34)c5cc(F)c(O)c(Cl)c5)C(=O)C6CC6)C1,CHEMBL3679286,IC50,8.4
8830830,CN(C)CC(=O)N1CCN(CC1)c2c(cnc3ccc(cc23)c4ccc(O)c(Cl)c4)C(=O)C5CC5,CHEMBL3674292,IC50,8.4
8830840,CN1CCN(CC1)c2ccc(cc2)n3cc(cn3)c4ccncc4OC5CCCCC5,CHEMBL3823874,IC50,8.4
8830850,COc1cc(cc(Cl)c1O)c2ccc3ncc(C(=O)C4CC4)c(N5CCC6(CCNC6)CC5)c3c2,CHEMBL3674161,IC50,8.4
8830859,COc1cc(cc(Cl)c1O)c2ccc3ncc(C(=O)C4CC4)c(Nc5ccc(CN(C)C)cc5)c3c2,CHEMBL3674224,IC50,8.4
8830868,NC1CCN(C1)c2ncc(Nc3c(cnc4ccc(cc34)c5cc(F)c(O)c(Cl)c5)C(=O)C6CC6)cn2,CHEMBL3679207,IC50,8.4
8830877,Oc1c(Cl)cc(cc1Cl)c2ccc3ncc(C(=O)C4CC4)c(NC5CCC(CC5)N6CC[C@@H](F)C6)c3c2,CHEMBL3679269,IC50,8.4
8830886,CCC(=O)c1cnc2ccc(cc2c1Nc3ccc(nc3)N4CCC(C4)N(C)C)c5cc(Cl)c(O)c(Cl)c5,CHEMBL3684219,IC50,8.41
8830895,CN(C)Cc1ccc(cc1)c2c(cnc3ccc(cc23)c4cc(Cl)c(O)c(Cl)c4)C(=O)C5CC5,CHEMBL3674282,IC50,8.41
8830904,COc1cc(cc(Cl)c1O)c2ccc3ncc(C(=O)C4CC4)c(N[C@@H]5CC[C@@H](CN6CCC(C6)N(C)C)CC5)c3c2,CHEMBL3679292,IC50,8.41
8830913,CCCC(=O)c1cnc2ccc(cc2c1N[C@@H]3CC[C@@H](N)CC3)c4cc(Cl)c(O)c(OC)c4,CHEMBL3679169,IC50,8.42
8830922,CCCC(=O)c1cnc2ccc(cc2c1Nc3ccc(CN(C)C)cc3)c4cnc(nc4)C#N,CHEMBL3679178,IC50,8.42
8830931,COc1cc(cc(Cl)c1O)c2ccc3ncc(C(=O)C4CC4)c(Nc5ccc(nc5)N6CCNCC6)c3c2,CHEMBL3674258,IC50,8.42
8830940,NCc1ccc(Nc2c(cnc3ccc(cc23)c4cc(Cl)c(O)c(Cl)c4)C(=O)C5CC5)cc1,CHEMBL3674355,IC50,8.42
8830949,CC(C1CCN(CC1)c2c(cnc3ccc(cc23)c4cc(F)c(O)c(Cl)c4)C(=O)C5CC5)N(C)C,CHEMBL3674196,IC50,8.43
8830958,COc1cc(cc(Cl)c1O)c2ccc3ncc(C#N)c(N4CCC(CN5CCCC5)CC4)c3c2,CHEMBL3674279,IC50,8.43
8830967,COc1cc(cc(Cl)c1O)c2ccc3ncc(C(=O)C)c(Nc4ccc(CCN(C)C)cc4)c3n2,CHEMBL3688363,IC50,8.43
8830976,COc1cc(cc(Cl)c1O)c2ccc3ncc(C(=O)C)c(Nc4ccc(CN(C)C)cc4)c3c2,CHEMBL3674246,IC50,8.43
8830985,COc1cc(cc(Cl)c1O)c2ccc3ncc(C(=O)C4CC4)c(Nc5cccc(CN(C)C)c5)c3c2,CHEMBL3679249,IC50,8.43
8830994,NC1CCN(C1)c2ccc(Nc3c(cnc4ccc(cc34)c5cc(F)c(O)c(Cl)c5)C(=O)C6CC6)cn2,CHEMBL3679210,IC50,8.43
8831003,Oc1c(F)cc(cc1Cl)c2ccc3ncc(C(=O)C4CC4)c(N[C@@H]5CC[C@@H](CN6CCCC6)CC5)c3c2,CHEMBL3679218,IC50,8.43
8831012,CC(=O)c1cnc2ccc(nc2c1Nc3ccc(nc3)N4CCC[C@@H](N)C4)c5cc(F)c(O)c(Cl)c5,CHEMBL3692822,IC50,8.44
8831021,COc1cc(cc(Cl)c1O)c2ccc3ncc(C(=O)C4CC4)c(Nc5ccc(OCCN(C)C)nc5)c3c2,CHEMBL3679334,IC50,8.44
8831030,COc1cc(cc(Cl)c1O)c2ccc3ncc(C(=O)C4CC4)c(Nc5ccc(cc5)C(C)(C)N)c3c2,CHEMBL3679232,IC50,8.44
8831039,COc1cc(ccc1O)c2ccc3ncc(C(=O)C4CC4)c(N5CCC(CN(C)C)CC5)c3c2,CHEMBL3674160,IC50,8.44
8831048,CN(C)CC(=O)N1CCN(CC1)c2c(cnc3ccc(cc23)c4cc(F)c(O)c(Cl)c4)C(=O)C5CC5,CHEMBL3674293,IC50,8.46
8831057,CN(C)CC(O)c1ccc(Nc2c(cnc3ccc(cc23)c4cc(Cl)c(O)c(Cl)c4)C(=O)C5CC5)cc1,CHEMBL3679331,IC50,8.46
8831066,CN(C)CCOc1ccc(Nc2c(cnc3ccc(cc23)c4cc(Cl)c(O)c(Cl)c4)S(=O)(=O)C)cn1,CHEMBL3684239,IC50,8.46
8831075,CN1CCCC1C(=O)N[C@@H]2CC[C@H](CC2)Nc3c(cnc4ccc(cc34)c5cc(Cl)c(O)c(Cl)c5)C(=O)C,CHEMBL3684230,IC50,8.46
8831084,COC1CCN(C1)C2CCC(CC2)Nc3c(cnc4ccc(cc34)c5cc(F)c(O)c(Cl)c5)C(=O)C6CC6,CHEMBL3639781,IC50,8.46
8831093,COc1cc(cc(Cl)c1O)c2ccc3ncc(C(=O)C4CC4)c(N[C@@H]5CC[C@@H](CN6CCN(C)CC6)CC5)c3c2,CHEMBL3679263,IC50,8.46
8831102,CC1(N)CCC(CC1)Nc2c(cnc3ccc(cc23)c4cc(Cl)c(O)c(Cl)c4)C(=O)C5CC5,CHEMBL3679264,IC50,8.47
8831111,CCC(=O)c1cnc2ccc(cc2c1Nc3ccc(nc3)N4CCC(N)C4)c5cc(Cl)c(O)c(OC)c5,CHEMBL3684139,IC50,8.47
8831120,CCC(=O)c1cnc2ccc(cc2c1Nc3ccc(nc3)N4CCC(N)C4)c5cc(F)c(O)c(Cl)c5,CHEMBL3684126,IC50,8.47
8831129,CN(C)CCNc1ccc(Nc2c(cnc3ccc(cc23)c4cc(F)c(O)c(Cl)c4)C(=O)C5CC5)cn1,CHEMBL3684140,IC50,8.47
8831138,COc1cc(cc(Cl)c1O)c2ccc3ncc(C(=O)C)c(N[C@@H]4CC[C@@H](CN(C)C)CC4)c3c2,CHEMBL3674247,IC50,8.47
8831147,COc1cc(cc(Cl)c1O)c2ccc3ncc(C(=O)C4CC4)c(NC5CCNCC5)c3c2,CHEMBL3679348,IC50,8.47
8831156,COc1cc(cc(Cl)c1O)c2ccc3ncc(C(=O)C4CC4)c(NCC5CCN(C)CC5)c3c2,CHEMBL3674173,IC50,8.47
8831165,COc1cc(ccc1O)c2ccc3ncc(C(=O)C4CC4)c(N5CCC(CC5)C(C)N(C)C)c3c2,CHEMBL3674170,IC50,8.47
8831174,NC[C@@H]1CC[C@@H](CC1)Nc2c(cnc3ccc(cc23)c4cc(F)c(O)c(Cl)c4)C(=O)C5CC5,CHEMBL3674361,IC50,8.47
8831183,CN(C)C1CCc2cc(Nc3c(cnc4ccc(cc34)c5cc(Cl)c(O)c(Cl)c5)C(=O)C)ccc12,CHEMBL3679341,IC50,8.48
8831192,CN(C)C[C@@H]1CCC[C@@H](C1)Nc2c(cnc3ccc(cc23)c4cc(Cl)c(O)c(Cl)c4)C(=O)C,CHEMBL3684184,IC50,8.48
8831201,COC1CCN(C1)C2CCC(CC2)Nc3c(cnc4ccc(cc34)c5cc(Cl)c(O)c(OC)c5)C(=O)C6CC6,CHEMBL3679310,IC50,8.48
8831210,COc1cc(cc(Cl)c1O)c2ccc3ncc(C(=O)C4CC4)c(Nc5ccc(NC6CCNC6)nc5)c3c2,CHEMBL3679289,IC50,8.48
8831219,CC(=O)c1cnc2ccc(cc2c1Nc3ccc(CN4CCCC4)cc3)c5cc(Cl)c(O)c(Cl)c5,CHEMBL3674268,IC50,8.5
8831228,CCN(CC)[C@@H]1CC[C@@H](CC1)Nc2c(cnc3ccc(cc23)c4cc(Cl)c(O)c(OC)c4)C(=O)C5CC5,CHEMBL3674209,IC50,8.5
8831237,CN(C)C1CCN(C1)c2ccc(Nc3c(cnc4ccc(cc34)c5cc(Cl)c(O)c(Cl)c5)C(=O)C)cn2,CHEMBL3684211,IC50,8.5
8831246,CN(C)CCOc1ccc(Nc2c(cnc3ccc(cc23)c4cc(Cl)c(O)c(Cl)c4)C(=O)C5CC5)cn1,CHEMBL3679333,IC50,8.5
8831255,CN(C)CC[C@@H]1CC[C@H](CC1)Nc2c(cnc3ccc(cc23)c4cc(Cl)c(O)c(Cl)c4)C(=O)C,CHEMBL3679359,IC50,8.5
8831264,CN(C)CC[C@H]1CCC[C@@H](C1)Nc2c(cnc3ccc(cc23)c4cc(Cl)c(O)c(Cl)c4)C(=O)C,CHEMBL3684217,IC50,8.5
8831273,CN(C)Cc1ccc(Nc2c(cnc3ccc(cc23)c4cc(Cl)c(O)c(Cl)c4)C(=O)C5CC5)cc1,CHEMBL3674227,IC50,8.5
8831282,CN1CCC(CC1)n2cc(Nc3c(cnc4ccc(cc34)c5cc(F)c(O)c(Cl)c5)S(=O)(=O)C)cn2,CHEMBL3684255,IC50,8.5
8831291,COc1cc(cc(Cl)c1O)c2ccc3ncc(C(=O)C)c(Nc4ccc(nc4)N5CCCC(N)C5)c3c2,CHEMBL3679311,IC50,8.5
8831300,COc1cc(cc(Cl)c1O)c2ccc3ncc(C(=O)C4CC4)c(Nc5ccc(CN)cc5)c3c2,CHEMBL3674354,IC50,8.5
8831309,CC(=O)c1cnc2ccc(cc2c1N[C@@H]3CC[C@@H](CN4CCC(N)C4)CC3)c5cc(F)c(O)c(Cl)c5,CHEMBL3684149,IC50,8.51
8831318,CC(=O)c1cnc2ccc(nc2c1N[C@@H]3CC[C@@H](CO)CC3)c4cc(Cl)c(O)c(Cl)c4,CHEMBL3688375,IC50,8.51
8831327,CC(=O)c1cnc2ccc(nc2c1Nc3ccc(nc3)N4CCCC(N)C4)c5cc(F)c(O)c(Cl)c5,CHEMBL3692791,IC50,8.51
8831336,CC(C)C(N)C(=O)N[C@@H]1CC[C@H](CC1)Nc2c(cnc3ccc(cc23)c4cc(Cl)c(O)c(Cl)c4)C(=O)C,CHEMBL3684269,IC50,8.51
8831345,CCN(CC)C[C@@H]1CC[C@H](CC1)Nc2c(cnc3ccc(cc23)c4cc(Cl)c(O)c(OC)c4)C(=O)C,CHEMBL3684154,IC50,8.51
8831354,CCN(CC)[C@@H]1CC[C@H](CC1)Nc2c(cnc3ccc(cc23)c4cc(Cl)c(O)c(OC)c4)C(=O)C5CC5,CHEMBL3674211,IC50,8.51
8831363,CN(C)CCN1CCC(CC1)Nc2c(cnc3ccc(cc23)c4cc(F)c(O)c(Cl)c4)C(=O)C5CC5,CHEMBL3684179,IC50,8.51
8831372,CN(C)C[C@@H]1CC[C@H](CC1)Nc2c(cnc3ccc(cc23)c4cc(Cl)c(O)c(Cl)c4)C(=O)C,CHEMBL3674238,IC50,8.51
8831381,CN(C)C[C@@H]1C[C@H](C1)Nc2c(cnc3ccc(cc23)c4cc(Cl)c(O)c(Cl)c4)C(=O)C,CHEMBL3684147,IC50,8.51
8831390,CN(CCO)C[C@@H]1CC[C@H](CC1)Nc2c(cnc3ccc(cc23)c4cc(F)c(O)c(Cl)c4)C(=O)C5CC5,CHEMBL3679259,IC50,8.51
8831399,COc1cc(cc(Cl)c1O)c2ccc3ncc(C(=O)C4CC4)c(Nc5ccc(nc5)N6CCCC(N)C6)c3c2,CHEMBL3679191,IC50,8.51
8831408,COc1cc(cc(Cl)c1O)c2ccc3ncc(C(=O)C4CC4)c(Nc5cnc(nc5)N6CCC(N)C6)c3c2,CHEMBL3679214,IC50,8.51
8831417,NC1CCN(C1)c2ccc(Nc3c(cnc4ccc(cc34)c5cc(Cl)c(O)c(Cl)c5)C(=O)C6CC6)cn2,CHEMBL3679209,IC50,8.51
8831426,CN(C)C1CCN(C[C@@H]2CC[C@H](CC2)Nc3c(cnc4ccc(cc34)c5cc(Cl)c(O)c(Cl)c5)C(=O)C6CC6)C1,CHEMBL3679287,IC50,8.52
8831435,CN(C)C[C@@H]1CC[C@H](CC1)Nc2c(cnc3ccc(cc23)c4cc(Cl)c(O)c(Cl)c4)C(=O)C5CCCC5,CHEMBL3684271,IC50,8.52
8831444,COc1cc(cc(Cl)c1O)c2ccc3ncc(C(=O)C4CC4)c(N[C@@H]5CC[C@@H](CN)CC5)c3c2,CHEMBL3674343,IC50,8.52
8831453,NC1CCCN(C1)c2ccc(Nc3c(cnc4ccc(cc34)c5cc(F)c(O)c(F)c5)C(=O)C6CC6)cn2,CHEMBL3679346,IC50,8.52
8831462,NC1CCN(CC1)c2ncc(Nc3c(cnc4ccc(cc34)c5cc(Cl)c(O)c(Cl)c5)C(=O)C6CC6)cn2,CHEMBL3679201,IC50,8.52
8831471,Oc1c(F)cc(cc1Cl)c2ccc3ncc(C(=O)C4CC4)c(N[C@@H]5CC[C@@H](CNCCF)CC5)c3c2,CHEMBL3679323,IC50,8.52
8831480,Oc1ccc(cc1Cl)c2ccc3ncc(C(=O)C4CC4)c(Nc5cnn(c5)C6CCNCC6)c3c2,CHEMBL3674365,IC50,8.52
8831489,CC(=O)c1cnc2ccc(cc2c1Nc3ccc(CN4CCCC4)cc3)c5cnc(nc5)C#N,CHEMBL3674266,IC50,8.54
8831498,CCN(CC)CCO[C@@H]1CC[C@H](CC1)Nc2c(cnc3ccc(cc23)c4cc(Cl)c(O)c(Cl)c4)C(=O)C,CHEMBL3684223,IC50,8.54
8831507,CN(C)[C@@H]1CC[C@H](CC1)Nc2c(cnc3ccc(cc23)c4cc(F)c(O)c(Cl)c4)C(=O)C5CC5,CHEMBL3674193,IC50,8.54
8831516,COc1cc(cc(Cl)c1O)c2ccc3ncc(C(=O)C4CC4)c(NC5CCN(CC5)C6CCNC6)c3c2,CHEMBL3684130,IC50,8.54
8831525,COc1cc(cc(Cl)c1O)c2ccc3ncc(C(=O)C4CC4)c(Nc5ccc(NCCN(C)C)nc5)c3c2,CHEMBL3679364,IC50,8.54
8831534,NC[C@@H]1CC[C@H](CC1)Nc2c(cnc3ccc(cc23)c4cc(Cl)c(O)c(Cl)c4)C(=O)C5CC5,CHEMBL3674344,IC50,8.54
8831543,Oc1c(F)cc(cc1Cl)c2ccc3ncc(C(=O)C4CC4)c(N5CCC(CN6CCCC6)CC5)c3c2,CHEMBL3674201,IC50,8.54
8831552,CC(=O)c1cnc2ccc(cc2c1Nc3cnc(C)c(CCN4CCCC4)c3)c5cc(Cl)c(O)c(Cl)c5,CHEMBL3684226,IC50,8.55
8831561,CC(C)(N)c1ccc(Nc2c(cnc3ccc(cc23)c4cc(F)c(O)c(Cl)c4)C(=O)C5CC5)cc1,CHEMBL3679233,IC50,8.55
8831570,CC(C)C(=O)c1cnc2ccc(cc2c1N[C@@H]3CC[C@@H](N)CC3)c4cc(Cl)c(O)c(Cl)c4,CHEMBL3674180,IC50,8.55
8831579,CCC(=O)c1cnc2ccc(nc2c1N[C@@H]3CC[C@@H](CN(C)C)CC3)c4cc(F)c(O)c(Cl)c4,CHEMBL3692827,IC50,8.55
8831588,CN(C)CCOc1ccc(Nc2c(cnc3ccc(cc23)c4cc(Cl)c(O)c(Cl)c4)C(=O)C)cn1,CHEMBL3684209,IC50,8.55
8831597,CN(C)C[C@@H]1CC[C@@H](CC1)Nc2c(cnc3ccc(cc23)c4cc(F)c(O)c(Cl)c4)C(=O)C5CC5,CHEMBL3674360,IC50,8.55
8831606,CN(C)Cc1ccc(Nc2c(cnc3ccc(nc23)c4cc(Cl)c(O)c(Cl)c4)S(=O)(=O)C)cc1,CHEMBL3688349,IC50,8.55
8831615,CN1CCC(CC1)n2cc(Nc3c(cnc4ccc(cc34)c5cc(F)c(O)c(Cl)c5)C(=O)C)cn2,CHEMBL3684164,IC50,8.55
8831624,CNC1CCN(C1)c2ccc(Nc3c(cnc4ccc(cc34)c5cc(F)c(O)c(Cl)c5)C(=O)C6CC6)cn2,CHEMBL3684152,IC50,8.55
8831633,COc1cc(cc(Cl)c1O)c2ccc3ncc(C(=O)C4CC4)c(N[C@@H]5CC[C@@H](CN6CCCC6)CC5)c3c2,CHEMBL3679217,IC50,8.55
8831642,COc1cc(cc(Cl)c1O)c2ccc3ncc(C(=O)C4CC4)c(Nc5cnc(nc5)N6CCCC(N)C6)c3c2,CHEMBL3679270,IC50,8.55
8831651,CCN(C)C[C@@H]1CC[C@H](CC1)Nc2c(cnc3ccc(cc23)c4cc(Cl)c(O)c(OC)c4)C(=O)C,CHEMBL3684174,IC50,8.57
8831660,CN(C)CC(=O)N[C@@H]1CC[C@H](CC1)Nc2c(cnc3ccc(cc23)c4cc(Cl)c(O)c(Cl)c4)C(=O)C,CHEMBL3684232,IC50,8.57
8831669,CN(C)CCN1CCC(CC1)Nc2c(cnc3ccc(cc23)c4cc(Cl)c(O)c(Cl)c4)C(=O)C,CHEMBL3684180,IC50,8.57
8831678,CN(C)C[C@@H]1CC[C@H](CC1)Nc2c(cnc3ccc(nc23)c4cc(Cl)c(O)c(Cl)c4)C(=O)C5CCC5,CHEMBL3692833,IC50,8.57
8831687,CN(C)C[C@@H]1CC[C@H](CC1)Nc2c(cnc3ccc(nc23)c4ccc(O)c(OC(F)(F)F)c4)C(=O)C,CHEMBL3688344,IC50,8.57
8831696,CN(C)[C@@H]1CC[C@H](CC1)Nc2c(cnc3ccc(cc23)c4cc(F)c(O)c(Cl)c4)C#N,CHEMBL3674297,IC50,8.57
8831705,CN1CCN(C[C@@H]2CCC[C@@H](C2)Nc3c(cnc4ccc(cc34)c5cc(Cl)c(O)c(Cl)c5)C(=O)C)CC1,CHEMBL3684192,IC50,8.57
8831714,COc1cc(cc(Cl)c1O)c2ccc3ncc(C(=O)C)c(N4CCC(CN5CCCC5)CC4)c3c2,CHEMBL3674215,IC50,8.57
8831723,COc1cc(cc(Cl)c1O)c2ccc3ncc(C(=O)C)c(N[C@@H]4CC[C@@H](CN5CCC[C@@H]5CO)CC4)c3c2,CHEMBL3684170,IC50,8.57
8831732,COc1cc(cc(Cl)c1O)c2ccc3ncc(C(=O)C4CC4)c(Nc5ccc(nc5)N6CCC(N)C6)c3c2,CHEMBL3679203,IC50,8.57
8831741,CS(=O)(=O)c1cnc2ccc(cc2c1N[C@@H]3CC[C@@H](CN4CCCC4)CC3)c5cc(Cl)c(O)c(Cl)c5,CHEMBL3684245,IC50,8.57
8831750,NC1CCCN(C1)c2ccc(Nc3c(cnc4ccc(cc34)c5cc(F)c(O)c(Cl)c5)C(=O)C6CC6)cn2,CHEMBL3679197,IC50,8.57
8831759,Oc1c(F)cc(cc1Cl)c2ccc3ncc(C(=O)C4CC4)c(Nc5ccc(nc5)N6CCNCC6)c3c2,CHEMBL3674276,IC50,8.57
8831768,CC(N)C(=O)N[C@@H]1CC[C@H](CC1)Nc2c(cnc3ccc(nc23)c4cc(F)c(O)c(Cl)c4)C(=O)C,CHEMBL3692800,IC50,8.59
8831777,CCC(=O)c1cnc2ccc(cc2c1Nc3ccc(nc3)N4CCC(N)C4)c5cc(Cl)c(O)c(Cl)c5,CHEMBL3684127,IC50,8.59
8831786,CCC(=O)c1cnc2ccc(nc2c1Nc3ccc(nc3)N4CCC[C@H](N)C4)c5cc(F)c(O)c(Cl)c5,CHEMBL3692830,IC50,8.59
8831795,CCN(CC)C1CCC(CC1)Nc2c(cnc3ccc(cc23)c4cc(Cl)c(O)c(OC)c4)C(=O)C5CC5,CHEMBL3674169,IC50,8.59
8831804,CN(C)CCc1ccc(Nc2c(cnc3ccc(nc23)c4cc(Cl)c(O)c(Cl)c4)C(=O)C)cc1,CHEMBL3688361,IC50,8.59
8831813,CN1CCCC(C1)n2cc(Nc3c(cnc4ccc(cc34)c5cc(F)c(O)c(Cl)c5)C(=O)C6CC6)cn2,CHEMBL3679321,IC50,8.59
8831822,CN1CCN(C[C@@H]2CC[C@H](CC2)Nc3c(cnc4ccc(nc34)c5cc(F)c(O)c(Cl)c5)C(=O)C)CC1,CHEMBL3692794,IC50,8.59
8831831,COc1cc(cc(Cl)c1O)c2ccc3ncc(C(=O)C)c(N[C@@H]4CC[C@@H](CCN(C)C)CC4)c3c2,CHEMBL3679358,IC50,8.59
8831840,COc1cc(cc(Cl)c1O)c2ccc3ncc(C(=O)C)c(Nc4cccc(CCN(C)C)c4)c3c2,CHEMBL3679351,IC50,8.59
8831849,N[C@@H]1CC[C@@H](CC1)Nc2c(cnc3ccc(cc23)c4cc(F)c(O)c(F)c4)C(=O)C5CC5,CHEMBL3674167,IC50,8.59
8831858,Oc1c(Cl)cc(cc1Cl)c2ccc3ncc(C(=O)C4CC4)c(c5ccc(CN6CCCC6)cc5)c3c2,CHEMBL3674303,IC50,8.59
8831867,CN(C)CCNC(=O)c1ccc(cc1)c2c(cnc3ccc(cc23)c4cc(Cl)c(O)c(Cl)c4)C(=O)C5CC5,CHEMBL3674302,IC50,8.6
8831876,CN(C)C[C@@H]1CC[C@H](CC1)Nc2c(cnc3ccc(cc23)c4cnc(nc4)C#N)C(=O)C5CC5,CHEMBL3674277,IC50,8.6
8831885,CN[C@@H]1CC[C@H](CC1)Nc2c(cnc3ccc(cc23)c4cc(Cl)c(O)c(Cl)c4)C(=O)C,CHEMBL3679194,IC50,8.6
8831894,COc1cc(cc(Cl)c1O)c2ccc3ncc(C(=O)C4CC4)c(Nc5ccc(NC6CCCNC6)nc5)c3c2,CHEMBL3679238,IC50,8.6
8831903,CC(=O)c1cnc2ccc(nc2c1N[C@@H]3CC[C@H](CC3)NC(=O)[C@@H]4CCCN4)c5cc(F)c(O)c(Cl)c5,CHEMBL3692802,IC50,8.62
8831912,CCC(=O)c1cnc2ccc(cc2c1N[C@@H]3CC[C@@H](CN(C)C)CC3)c4cc(Cl)c(O)c(OC)c4,CHEMBL3679335,IC50,8.62
8831921,CCCC(=O)c1cnc2ccc(cc2c1N[C@@H]3CC[C@@H](N)CC3)c4cc(Cl)c(O)c(Cl)c4,CHEMBL3679174,IC50,8.62
8831930,CCOc1cc(cc(Cl)c1O)c2ccc3ncc(C(=O)C4CC4)c(N5CCC(CN(C)C)CC5)c3c2,CHEMBL3674308,IC50,8.62
8831939,CN(C)C1CCN(C1)c2ccc(Nc3c(cnc4ccc(cc34)c5cc(Cl)c(O)c(Cl)c5)S(=O)(=O)C)cn2,CHEMBL3684260,IC50,8.62
8831948,CN(C)CC1CCN(CC1)c2c(cnc3ccc(cc23)c4cc(F)c(O)c(Cl)c4)C(=O)C5CC5,CHEMBL3674228,IC50,8.62
8831957,CN(C)CCN1CCC(CC1)Nc2c(cnc3ccc(cc23)c4cc(Cl)c(O)c(Cl)c4)C(=O)C5CC5,CHEMBL3684177,IC50,8.62
8831966,CN(C)CCc1cccc(Nc2c(cnc3ccc(cc23)c4cc(Cl)c(O)c(Cl)c4)C(=O)C5CC5)c1,CHEMBL3679320,IC50,8.62
8831975,CN(C)[C@@H]1CC[C@@H](CNc2c(cnc3ccc(nc23)c4cc(F)c(O)c(Cl)c4)C(=O)C)CC1,CHEMBL3692816,IC50,8.62
8831984,CN[C@@H]1CC[C@H](CC1)Nc2c(cnc3ccc(cc23)c4cc(F)c(O)c(Cl)c4)C(=O)C5CC5,CHEMBL3679163,IC50,8.62
8831993,COc1cc(cc(Cl)c1O)c2ccc3ncc(C(=O)C)c(N[C@@H]4CC[C@@H](N)CC4)c3c2,CHEMBL3674190,IC50,8.62
8832002,COc1cc(cc(Cl)c1O)c2ccc3ncc(C(=O)C4CC4)c(C5=CCN(CC5)C(=O)CN(C)C)c3c2,CHEMBL3679161,IC50,8.62
8832011,COc1cc(cc(Cl)c1O)c2ccc3ncc(C(=O)C4CC4)c(Nc5ccc(nc5)N6CCC[C@H](N)C6)c3c2,CHEMBL3679284,IC50,8.62
8832020,N[C@@H]1CC[C@H](CC1)Nc2c(cnc3ccc(cc23)c4cnc(nc4)C#N)C(=O)C5CC5,CHEMBL3674156,IC50,8.62
8832029,CCC(=O)c1cnc2ccc(cc2c1N[C@@H]3CC[C@@H](CN4CCCC4)CC3)c5cc(F)c(O)c(Cl)c5,CHEMBL3684203,IC50,8.64
8832038,CN(C)CCNC(=O)[C@@H]1CC[C@H](CC1)Nc2c(cnc3ccc(cc23)c4cc(Cl)c(O)c(Cl)c4)C(=O)C,CHEMBL3684247,IC50,8.64
8832047,CN(C)C[C@@H]1CCC[C@H](C1)Nc2c(cnc3ccc(cc23)c4cc(Cl)c(O)c(Cl)c4)C(=O)C,CHEMBL3679367,IC50,8.64
8832056,CN(C)C[C@@H]1CC[C@H](CC1)Nc2c(cnc3ccc(cc23)c4cc(Cl)c(O)c(Cl)c4)S(=O)(=O)C,CHEMBL3674272,IC50,8.64
8832065,COC1CCN(C[C@@H]2CC[C@H](CC2)Nc3c(cnc4ccc(cc34)c5cc(Cl)c(O)c(Cl)c5)C(=O)C6CC6)C1,CHEMBL3679228,IC50,8.64
8832074,COc1cc(cc(Cl)c1O)c2ccc3ncc(C(=O)C)c(Nc4ccc(nc4)N5CCNCC5)c3c2,CHEMBL3679326,IC50,8.64
8832083,COc1cc(cc(Cl)c1O)c2ccc3ncc(C(=O)C4CC4)c(N[C@@H]5CC[C@@H](CN6CCC(O)C6)CC5)c3c2,CHEMBL3679257,IC50,8.64
8832092,Oc1c(Cl)cc(cc1Cl)c2ccc3ncc(C(=O)C4CC4)c(N5CCC(CCN6CCCC6)CC5)c3c2,CHEMBL3679373,IC50,8.64
8832101,Oc1c(F)cc(cc1Cl)c2ccc3ncc(C(=O)C4CC4)c(Nc5ccc(NC6CCCNC6)nc5)c3c2,CHEMBL3679240,IC50,8.64
8832110,CC(C)C(=O)c1cnc2ccc(cc2c1N[C@@H]3CC[C@@H](CN(C)C)CC3)c4cc(Cl)c(O)c(Cl)c4,CHEMBL3679237,IC50,8.66
8832119,CC(C)CC(=O)c1cnc2ccc(cc2c1N[C@@H]3CC[C@@H](N)CC3)c4cc(Cl)c(O)c(Cl)c4,CHEMBL3674195,IC50,8.66
8832128,CN(C)CCc1ccc(Nc2c(cnc3ccc(cc23)c4cc(Cl)c(O)c(Cl)c4)C(=O)C5CC5)cc1,CHEMBL3679242,IC50,8.66
8832137,CN(C)CCc1cccc(Nc2c(cnc3ccc(cc23)c4cc(Cl)c(O)c(Cl)c4)C(=O)C)c1,CHEMBL3679350,IC50,8.66
8832146,CN(C)Cc1ccc(Nc2c(cnc3ccc(cc23)c4cnc(nc4)C#N)C(=O)C)cc1,CHEMBL3674267,IC50,8.66
8832155,CN(C)[C@@H]1CC[C@H](CC1)Nc2c(cnc3ccc(cc23)c4cc(Cl)c(O)c(Cl)c4)C(=O)C,CHEMBL3684131,IC50,8.66
8832164,COc1cc(cc(Cl)c1O)c2ccc3ncc(C(=O)C)c(N4CCC(CN(C)C)CC4)c3c2,CHEMBL3674206,IC50,8.66
8832173,COc1cc(cc(Cl)c1O)c2ccc3ncc(C(=O)C4CC4)c(N5CCC(CC5)N6CCN(C)CC6)c3c2,CHEMBL3674232,IC50,8.66
8832182,COc1cc(cc(Cl)c1O)c2ccc3ncc(C(=O)C4CC4)c(Nc5cnn(c5)C6CCNCC6)c3c2,CHEMBL3674359,IC50,8.66
8832191,CC(=O)c1cnc2ccc(cc2c1N[C@@H]3CC[C@@H](CN4CCNCC4)CC3)c5cc(Cl)c(O)c(Cl)c5,CHEMBL3684136,IC50,8.68
8832200,CC(=O)c1cnc2ccc(nc2c1N3CCC(CCN4CCCC4)CC3)c5cc(Cl)c(O)c(Cl)c5,CHEMBL3688368,IC50,8.68
8832209,CCOc1cc(cc(Cl)c1O)c2ccc3ncc(C(=O)C)c(N[C@@H]4CC[C@@H](N)CC4)c3c2,CHEMBL3674337,IC50,8.68
8832218,CN(C)C[C@@H]1CC[C@@H](CC1)Nc2c(cnc3ccc(cc23)c4cc(Cl)c(O)c(Cl)c4)C(=O)C5CC5,CHEMBL3679166,IC50,8.68
8832227,CN1CCC(C1)n2cc(Nc3c(cnc4ccc(cc34)c5cc(F)c(O)c(Cl)c5)C(=O)C)cn2,CHEMBL3684172,IC50,8.68
8832236,COc1cc(cc(Cl)c1O)c2ccc3ncc(C(=O)C4CC4)c(N[C@@H]5CC[C@H](CC5)N6CCCC6)c3c2,CHEMBL3674226,IC50,8.68
8832245,COc1cc(cc(Cl)c1O)c2ccc3ncc(C(=O)C4CC4)c(Nc5ccc(nc5)N6CCC[C@@H](N)C6)c3c2,CHEMBL3679274,IC50,8.68
8832254,OC1CCN(C[C@@H]2CC[C@H](CC2)Nc3c(cnc4ccc(cc34)c5cc(F)c(O)c(Cl)c5)C(=O)C6CC6)C1,CHEMBL3679258,IC50,8.68
8832263,Oc1c(Cl)cc(cc1Cl)c2ccc3ncc(C(=O)C4CC4)c(Nc5cnc(nc5)N6CCNCC6)c3c2,CHEMBL3674346,IC50,8.68
8832272,CCN(C)C[C@@H]1CC[C@H](CC1)Nc2c(cnc3ccc(cc23)c4cc(F)c(O)c(Cl)c4)C(=O)C,CHEMBL3684202,IC50,8.69
8832281,CC(=O)c1cnc2ccc(nc2c1N[C@@H]3CC[C@@H](CN4CC[C@@H](F)C4)CC3)c5cc(Cl)c(O)c(Cl)c5,CHEMBL3692831,IC50,8.7
8832290,CC(=O)c1cnc2ccc(nc2c1Nc3ccc(nc3)N4CCC[C@@H](N)C4)c5cc(Cl)c(O)c(Cl)c5,CHEMBL3692821,IC50,8.7
8832299,CCCC(=O)c1cnc2ccc(cc2c1N[C@@H]3CC[C@@H](CN(C)C)CC3)c4cc(Cl)c(O)c(Cl)c4,CHEMBL3679234,IC50,8.7
8832308,CNC1CCN(C1)c2ccc(Nc3c(cnc4ccc(cc34)c5cc(Cl)c(O)c(Cl)c5)C(=O)C6CC6)cn2,CHEMBL3684163,IC50,8.7
8832317,COc1cc(cc(Cl)c1O)c2ccc3ncc(C(=O)C)c(N[C@@H]4CC[C@@H](CN5CCC(N)C5)CC4)c3c2,CHEMBL3684143,IC50,8.7
8832326,COc1cc(cc(Cl)c1O)c2ccc3ncc(C(=O)C4CC4)c(N[C@@H]5CC[C@H](CN(C)C)CC5)c3c2,CHEMBL3639732,IC50,8.7
8832335,COc1cc(cc(Cl)c1O)c2ccc3ncc(c(N4CCC(CN5CCCC5)CC4)c3c2)S(=O)(=O)C,CHEMBL3674265,IC50,8.7
8832344,CS(=O)(=O)c1cnc2ccc(cc2c1Nc3cccc(CCN4CCCC4)c3)c5cc(Cl)c(O)c(Cl)c5,CHEMBL3684238,IC50,8.7
8832353,CC(=O)c1cnc2ccc(cc2c1N[C@@H]3CC[C@H](CC3)NC(=O)[C@@H]4CCCN4)c5cc(Cl)c(O)c(Cl)c5,CHEMBL3684274,IC50,8.72
8832362,CC(C)C(=O)c1cnc2ccc(nc2c1N[C@@H]3CC[C@@H](CN(C)C)CC3)c4cc(Cl)c(O)c(Cl)c4,CHEMBL3692838,IC50,8.72
8832371,CN(C)CCN1CCCC(C1)Nc2c(cnc3ccc(cc23)c4cc(Cl)c(O)c(Cl)c4)C(=O)C,CHEMBL3684207,IC50,8.72
8832380,CN(C)C[C@@H]1CC[C@H](CC1)Nc2c(cnc3ccc(nc23)c4cc(F)c(O)c(F)c4)C(=O)C,CHEMBL3688382,IC50,8.72
8832389,CN[C@@H]1CC[C@H](CC1)Nc2c(cnc3ccc(cc23)c4cc(Cl)c(O)c(Cl)c4)C(=O)C5CC5,CHEMBL3674357,IC50,8.72
8832398,COc1cc(cc(Cl)c1O)c2ccc3ncc(C(=O)C)c(Nc4ccc(nc4)N5CCC(N)C5)c3c2,CHEMBL3684138,IC50,8.72
8832407,COc1cc(cc(Cl)c1O)c2ccc3ncc(C(=O)C4CC4)c(N[C@@H]5CC[C@H](CC5)N(C)C)c3c2,CHEMBL3674187,IC50,8.72
8832416,COc1cc(ccc1O)c2ccc3ncc(C(=O)C4CC4)c(N[C@@H]5CC[C@H](N)CC5)c3c2,CHEMBL3674164,IC50,8.72
8832425,NCCOc1ccc(Nc2c(cnc3ccc(cc23)c4cc(Cl)c(O)c(Cl)c4)C(=O)C5CC5)cn1,CHEMBL3679344,IC50,8.72
8832434,N[C@H]1CCCN(C1)c2ccc(Nc3c(cnc4ccc(cc34)c5cc(F)c(O)c(Cl)c5)C(=O)C6CC6)cn2,CHEMBL3679273,IC50,8.72
8832443,CC(=O)c1cnc2ccc(cc2c1N[C@@H]3CC[C@@H](CN4CCCC(N)C4)CC3)c5cc(Cl)c(O)c(Cl)c5,CHEMBL3684169,IC50,8.75
8832452,CC(=O)c1cnc2ccc(cc2c1N[C@@H]3CC[C@@H](CN4CCCC4)CC3)c5cc(Cl)c(O)c(Cl)c5,CHEMBL3684132,IC50,8.75
8832461,CC(=O)c1cnc2ccc(nc2c1N[C@@H]3CC[C@@H](N)CC3)c4cc(Cl)c(O)c(Cl)c4,CHEMBL3692792,IC50,8.75
8832470,CC(C)C(=O)c1cnc2ccc(nc2c1N[C@@H]3CC[C@@H](CN(C)C)CC3)c4cc(F)c(O)c(Cl)c4,CHEMBL3692839,IC50,8.75
8832479,CCC(=O)c1cnc2ccc(cc2c1N[C@@H]3CC[C@H](CC3)N(C)C)c4cc(Cl)c(O)c(OC)c4,CHEMBL3679372,IC50,8.75
8832488,CCC(=O)c1cnc2ccc(cc2c1Nc3ccc(nc3)N4CCCC(N)C4)c5cc(F)c(O)c(Cl)c5,CHEMBL3684182,IC50,8.75
8832497,CCN(CC)C[C@@H]1CC[C@H](CC1)Nc2c(cnc3ccc(cc23)c4cc(Cl)c(O)c(Cl)c4)C(=O)C,CHEMBL3684153,IC50,8.75
8832506,CNC1CCCN(C1)c2ccc(Nc3c(cnc4ccc(cc34)c5cc(F)c(O)c(Cl)c5)C(=O)C)cn2,CHEMBL3684165,IC50,8.75
8832515,COC1CCN(C1)C2CCC(CC2)Nc3c(cnc4ccc(cc34)c5cc(Cl)c(O)c(Cl)c5)C(=O)C6CC6,CHEMBL3679285,IC50,8.75
8832524,COc1cc(cc(Cl)c1O)c2ccc3ncc(C#N)c(N[C@@H]4CC[C@H](CC4)N(C)C)c3c2,CHEMBL3674298,IC50,8.75
8832533,COc1cc(cc(Cl)c1O)c2ccc3ncc(C(=O)C)c(N[C@@H]4CC[C@@H](CN5CCC[C@H]5CO)CC4)c3c2,CHEMBL3684156,IC50,8.75
8832542,COc1cc(cc(Cl)c1O)c2ccc3ncc(C(=O)C4CC4)c(N5CCN(CCN6CCCC6)CC5)c3c2,CHEMBL3674249,IC50,8.75
8832551,NC1CCN(C1)c2ncc(Nc3c(cnc4ccc(cc34)c5cc(Cl)c(O)c(Cl)c5)C(=O)C6CC6)cn2,CHEMBL3679208,IC50,8.75
8832560,CC(=O)c1cnc2ccc(cc2c1N[C@@H]3CC[C@@H](CN4CCC(N)C4)CC3)c5cc(Cl)c(O)c(Cl)c5,CHEMBL3684142,IC50,8.77
8832569,CC(=O)c1cnc2ccc(cc2c1N[C@@H]3CC[C@@H](CN4CCC[C@@H]4CO)CC3)c5cc(Cl)c(O)c(Cl)c5,CHEMBL3684171,IC50,8.77
8832578,CC(=O)c1cnc2ccc(cc2c1Nc3ccc(nc3)N4CCCC(N)C4)c5cc(F)c(O)c(Cl)c5,CHEMBL3679353,IC50,8.77
8832587,CC(=O)c1cnc2ccc(nc2c1Nc3cnc(nc3)N4CCC(N)C4)c5cc(Cl)c(O)c(Cl)c5,CHEMBL3688373,IC50,8.77
8832596,CCOc1cc(ccc1O)c2ccc3ncc(C(=O)C4CC4)c(N5CCC(CN(C)C)CC5)c3c2,CHEMBL3674233,IC50,8.77
8832605,CN(C)CCc1ccc(Nc2c(cnc3ccc(cc23)c4cc(Cl)c(O)c(Cl)c4)C(=O)C)cc1,CHEMBL3679362,IC50,8.77
8832614,CN(C)C[C@@H]1CC[C@H](CC1)Nc2c(cnc3cc(F)c(cc23)c4cc(Cl)c(O)c(Cl)c4)C(=O)C,CHEMBL3684258,IC50,8.77
8832623,CN(C)[C@@H]1CC[C@H](CC1)Nc2c(cnc3ccc(cc23)c4cc(Cl)c(O)c(Cl)c4)C(=O)C5CC5,CHEMBL3674192,IC50,8.77
8832632,CN1CCC(CC1)n2cc(Nc3c(cnc4ccc(cc34)c5cc(Cl)c(O)c(Cl)c5)S(=O)(=O)C)cn2,CHEMBL3684254,IC50,8.77
8832641,CNC1CCN(C1)c2ccc(Nc3c(cnc4ccc(cc34)c5cc(Cl)c(O)c(Cl)c5)C(=O)C)cn2,CHEMBL3684151,IC50,8.77
8832650,CN[C@@H]1CC[C@H](CC1)n2cc(Nc3c(cnc4ccc(cc34)c5cc(Cl)c(O)c(Cl)c5)C(=O)C6CC6)cn2,CHEMBL3679327,IC50,8.77
8832659,COc1cc(cc(Cl)c1O)c2ccc3ncc(C(=O)C)c(N[C@@H]4CC[C@@H](CN5CCC(O)C5)CC4)c3c2,CHEMBL3679366,IC50,8.77
8832668,COc1cc(cc(Cl)c1O)c2ccc3ncc(C(=O)C4CC4)c(N5CCC(CN6CCCC6)CC5)c3c2,CHEMBL3674200,IC50,8.77
8832677,Oc1c(Cl)cc(cc1Cl)c2ccc3ncc(C(=O)C4CC4)c(Nc5ccc(NC6CCCNC6)nc5)c3c2,CHEMBL3679239,IC50,8.77
8832686,Oc1c(Cl)cc(cc1Cl)c2ccc3ncc(C(=O)C4CC4)c(Nc5ccc(nc5)N6CCNCC6)c3c2,CHEMBL3674262,IC50,8.77
8832695,CC(C)C(N)C(=O)N[C@@H]1CC[C@H](CC1)Nc2c(cnc3ccc(nc23)c4cc(Cl)c(O)c(Cl)c4)C(=O)C,CHEMBL3692805,IC50,8.8
8832704,CCC(=O)c1cnc2ccc(cc2c1N[C@@H]3CC[C@@H](CN(C)C)CC3)c4cc(Cl)c(O)c(Cl)c4,CHEMBL3679337,IC50,8.8
8832713,CCC(=O)c1cnc2ccc(cc2c1N[C@@H]3CC[C@@H](CN4CCCC4)CC3)c5cc(Cl)c(O)c(Cl)c5,CHEMBL3684200,IC50,8.8
8832722,CCC(=O)c1cnc2ccc(cc2c1Nc3ccc(nc3)N4CCCC(N)C4)c5cc(Cl)c(O)c(Cl)c5,CHEMBL3684181,IC50,8.8
8832731,CCC(=O)c1cnc2ccc(nc2c1Nc3ccc(nc3)N4CCC[C@H](N)C4)c5cc(Cl)c(O)c(Cl)c5,CHEMBL3692829,IC50,8.8
8832740,CN(C)C[C@@H]1CC[C@H](CC1)Nc2c(cnc3ccc(nc23)c4cc(F)c(O)c(Cl)c4)C(=O)C5CCC5,CHEMBL3692834,IC50,8.8
8832749,CN(C)Cc1cccc(Nc2c(cnc3ccc(cc23)c4cc(Cl)c(O)c(Cl)c4)C(=O)C5CC5)c1,CHEMBL3679251,IC50,8.8
8832758,CN(C)[C@@H]1CC[C@H](CC1)Nc2c(cnc3ccc(nc23)c4cc(F)c(O)c(Cl)c4)S(=O)(=O)C,CHEMBL3688364,IC50,8.8
8832767,CNC[C@@H]1CC[C@H](CC1)Nc2c(cnc3ccc(cc23)c4cc(Cl)c(O)c(Cl)c4)C(=O)C5CC5,CHEMBL3679309,IC50,8.8
8832776,COc1cc(cc(Cl)c1O)c2ccc3ncc(C(=O)C)c(N4CCN(CC4)C(=O)CN(C)C)c3c2,CHEMBL3674328,IC50,8.8
8832785,COc1cc(cc(Cl)c1O)c2ccc3ncc(C(=O)C)c(N[C@@H]4CC[C@@H](CN5CCCC5)CC4)c3c2,CHEMBL3679354,IC50,8.8
8832794,COc1cc(cc(Cl)c1O)c2ccc3ncc(C(=O)C4CC4)c(N[C@@H]5CC[C@@H](CN(C)CCO)CC5)c3c2,CHEMBL3679260,IC50,8.8
8832803,COc1cc(cc(Cl)c1O)c2ccc3ncc(c(N4CCC(CC4)C(C)N(C)C)c3c2)S(=O)(=O)C,CHEMBL3674183,IC50,8.8
8832812,COc1cc(ccc1O)c2ccc3ncc(C(=O)C4CC4)c(N[C@@H]5CC[C@H](CC5)N(C)C)c3c2,CHEMBL3674194,IC50,8.8
8832821,CS(=O)(=O)c1cnc2ccc(cc2c1Nc3ccc(nc3)N4CCCC(N)C4)c5cc(F)c(O)c(Cl)c5,CHEMBL3684263,IC50,8.8
8832830,Oc1c(Cl)cc(cc1Cl)c2ccc3ncc(C(=O)C4CC4)c(N5CCC(CC5)C6CCNCC6)c3c2,CHEMBL3679226,IC50,8.8
8832839,Oc1c(Cl)cc(cc1Cl)c2ccc3ncc(C(=O)C4CC4)c(N[C@@H]5CC[C@@H](CN6CCCC6)CC5)c3c2,CHEMBL3679216,IC50,8.8
8832848,Oc1c(F)cc(cc1Cl)c2ccc3ncc(C(=O)C4CC4)c(Nc5cnn(c5)C6CCNCC6)c3c2,CHEMBL3674366,IC50,8.8
8832857,CC(=O)c1cnc2ccc(cc2c1N[C@@H]3CC[C@@H](CN4CCC(O)C4)CC3)c5cc(Cl)c(O)c(Cl)c5,CHEMBL3679370,IC50,8.82
8832866,CN(C)[C@@H]1CC[C@H](CC1)Nc2c(cnc3ccc(nc23)c4cc(Cl)c(O)c(Cl)c4)C(=O)CO,CHEMBL3692825,IC50,8.82
8832875,CN1CCC(CC1)n2cc(Nc3c(cnc4ccc(cc34)c5cc(F)c(O)c(Cl)c5)C(=O)C6CC6)cn2,CHEMBL3679222,IC50,8.82
8832884,CN1CCN(CC1)c2ccc(Nc3c(cnc4ccc(cc34)c5cnc(nc5)C#N)C(=O)C6CC6)cn2,CHEMBL3674320,IC50,8.82
8832893,CNC1CCCN(C1)c2ccc(Nc3c(cnc4ccc(cc34)c5cc(Cl)c(O)c(Cl)c5)C(=O)C6CC6)cn2,CHEMBL3684166,IC50,8.82
8832902,CNC1CCN(C1)c2ccc(Nc3c(cnc4ccc(nc34)c5cc(Cl)c(O)c(Cl)c5)C(=O)C)cn2,CHEMBL3688385,IC50,8.82
8832911,COc1cc(cc(Cl)c1O)c2ccc3ncc(C(=O)C)c(N[C@@H]4CC[C@@H](CN(C)C)CC4)c3n2,CHEMBL3688341,IC50,8.82
8832920,NC1CCCN(C1)c2ncc(Nc3c(cnc4ccc(cc34)c5cc(Cl)c(O)c(Cl)c5)C(=O)C6CC6)cn2,CHEMBL3679255,IC50,8.82
8832929,N[C@H]1CCCN(C1)c2ccc(Nc3c(cnc4ccc(cc34)c5cc(Cl)c(O)c(Cl)c5)C(=O)C6CC6)cn2,CHEMBL3679272,IC50,8.82
8832938,Oc1c(Cl)cc(cc1Cl)c2ccc3ncc(C(=O)C4CC4)c(N[C@@H]5CC[C@@H](CNCCF)CC5)c3c2,CHEMBL3679322,IC50,8.82
8832947,CC(=O)c1cnc2ccc(cc2c1Nc3ccc(nc3)N4CCNCC4)c5cc(Cl)c(O)c(Cl)c5,CHEMBL3679324,IC50,8.85
8832956,CC(C)(N)c1ccc(Nc2c(cnc3ccc(cc23)c4cc(Cl)c(O)c(Cl)c4)C(=O)C5CC5)cc1,CHEMBL3679231,IC50,8.85
8832965,CCN(C)C[C@@H]1CC[C@H](CC1)Nc2c(cnc3ccc(cc23)c4cc(Cl)c(O)c(Cl)c4)C(=O)C,CHEMBL3684175,IC50,8.85
8832974,CN(C)CC[C@@H]1CC[C@H](CC1)Nc2c(cnc3ccc(nc23)c4cc(F)c(O)c(Cl)c4)C(=O)C,CHEMBL3688343,IC50,8.85
8832983,CN(C)C[C@@H]1CC[C@H](CC1)Nc2c(cnc3ccc(nc23)c4cc(F)c(O)c(Cl)c4)S(=O)(=O)C,CHEMBL3688346,IC50,8.85
8832992,CN1CCC(CC1)n2cc(Nc3c(cnc4ccc(cc34)c5cc(Cl)c(O)c(Cl)c5)C(=O)C)cn2,CHEMBL3684193,IC50,8.85
8833001,CN[C@@H]1CC[C@H](CC1)Nc2c(cnc3ccc(cc23)c4cc(Cl)c(O)c(OC)c4)C(=O)C5CC5,CHEMBL3674363,IC50,8.85
8833010,CN[C@@H]1CC[C@H](CC1)Nc2c(cnc3ccc(cc23)c4cnc(nc4)C#N)C(=O)C5CC5,CHEMBL3679162,IC50,8.85
8833019,N[C@H]1CCCN(C1)c2ccc(Nc3c(cnc4ccc(nc34)c5cc(F)c(O)c(Cl)c5)C(=O)C6CCC6)cn2,CHEMBL3692832,IC50,8.85
8833028,CCC(=O)c1cnc2ccc(nc2c1N[C@@H]3CC[C@@H](CN(C)C)CC3)c4cc(Cl)c(O)c(Cl)c4,CHEMBL3692828,IC50,8.89
8833037,CCC(=O)c1cnc2ccc(nc2c1Nc3ccc(nc3)N4CCC[C@@H](N)C4)c5cc(Cl)c(O)c(Cl)c5,CHEMBL3692836,IC50,8.89
8833046,CN(C)C[C@@H]1CC[C@H](CC1)Nc2c(cnc3ccc(nc23)c4cc(F)c(O)c(Cl)c4)C(=O)C,CHEMBL3688340,IC50,8.89
8833055,CN(C)C[C@@H]1CC[C@H](CC1)Nc2c(cnc3ccc(nc23)c4cc(F)c(O)c(Cl)c4)C(=O)CO,CHEMBL3692826,IC50,8.89
8833064,CN1CCC(CC1)n2cc(Nc3c(cnc4ccc(cc34)c5cc(Cl)c(O)c(Cl)c5)C(=O)C6CC6)cn2,CHEMBL3679223,IC50,8.89
8833073,CN1CCCC(C1)n2cc(Nc3c(cnc4ccc(cc34)c5cc(Cl)c(O)c(Cl)c5)C(=O)C6CC6)cn2,CHEMBL3679325,IC50,8.89
8833082,COc1cc(cc(Cl)c1O)c2ccc3ncc(C(=O)C4CC4)c(N5CCC(CC5)C(C)N(C)C)c3c2,CHEMBL3674186,IC50,8.89
8833091,NCc1ccc(Nc2c(cnc3ccc(cc23)c4cnc(nc4)C#N)C(=O)C5CC5)cc1,CHEMBL3674356,IC50,8.89
8833100,CC(=O)c1cnc2ccc(nc2c1N[C@@H]3CC[C@@H](N)CC3)c4cc(F)c(O)c(Cl)c4,CHEMBL3692793,IC50,8.92
8833109,CC(=O)c1cnc2ccc(nc2c1Nc3ccc(nc3)N4CCCC(N)C4)c5cc(Cl)c(O)c(Cl)c5,CHEMBL3692790,IC50,8.92
8833118,CC(C)C(N)C(=O)N[C@@H]1CC[C@H](CC1)Nc2c(cnc3ccc(nc23)c4cc(F)c(O)c(Cl)c4)C(=O)C,CHEMBL3692795,IC50,8.92
8833127,CCC(=O)c1cnc2ccc(cc2c1Nc3ccc(nc3)N4CCC[C@H](N)C4)c5cc(Cl)c(O)c(Cl)c5,CHEMBL3684288,IC50,8.92
8833136,CN(C)C[C@@H]1CC[C@H](CC1)Nc2c(cnc3ccc(nc23)c4cnc(nc4)C#N)C(=O)C,CHEMBL3692783,IC50,8.92
8833145,CN(C)[C@@H]1CC[C@H](CC1)Nc2c(cnc3ccc(nc23)c4cc(F)c(O)c(Cl)c4)C(=O)C,CHEMBL3688336,IC50,8.92
8833154,COc1cc(cc(Cl)c1O)c2ccc3ncc(C(=O)C4CC4)c(NC5CCC(C)(N)CC5)c3c2,CHEMBL3679265,IC50,8.92
8833163,N[C@H]1CCCN(C1)c2ccc(Nc3c(cnc4ccc(nc34)c5cc(Cl)c(O)c(Cl)c5)C(=O)C6CC6)cn2,CHEMBL3688372,IC50,8.92
8833172,CC(=O)c1cnc2ccc(cc2c1N[C@@H]3CC[C@@H](CN4CCC[C@H]4CO)CC3)c5cc(Cl)c(O)c(Cl)c5,CHEMBL3684155,IC50,8.96
8833181,CCC(=O)c1cnc2ccc(nc2c1Nc3ccc(nc3)N4CCC[C@@H](N)C4)c5cc(F)c(O)c(Cl)c5,CHEMBL3692835,IC50,8.96
8833190,CN(C)C[C@@H]1CC[C@@H](CC1)Nc2c(cnc3ccc(nc23)c4cc(F)c(O)c(Cl)c4)C(=O)C,CHEMBL3692819,IC50,8.96
8833199,CN(C)C[C@@H]1CC[C@H](CC1)Nc2c(cnc3ccc(nc23)c4cc(Cl)c(O)c(Cl)c4)C(=O)C,CHEMBL3688339,IC50,8.96
8833208,CN(C)C[C@@]1(O)CC[C@@H](CC1)Nc2c(cnc3ccc(cc23)c4cc(Cl)c(O)c(Cl)c4)C(=O)C5CC5,CHEMBL3679277,IC50,8.96
8833217,COc1cc(cc(Cl)c1O)c2ccc3ncc(C(=O)C4CC4)c(N5CCN(CC5)C(=O)CN(C)C)c3c2,CHEMBL3674288,IC50,8.96
8833226,NC1CCCN(C1)c2ncc(Nc3c(cnc4ccc(cc34)c5cc(F)c(O)c(Cl)c5)C(=O)C6CC6)cn2,CHEMBL3679253,IC50,8.96
8833235,N[C@@H]1CC[C@H](CC1)n2cc(Nc3c(cnc4ccc(cc34)c5cc(Cl)c(O)c(Cl)c5)C(=O)C6CC6)cn2,CHEMBL3679328,IC50,8.96
8833244,CC(=O)c1cnc2ccc(nc2c1N[C@@H]3CC[C@H](CC3)NC(=O)[C@@H]4CCCN4)c5cc(Cl)c(O)c(Cl)c5,CHEMBL3692801,IC50,9.0
8833253,CN(C)C[C@@H]1CC[C@H](CC1)Nc2c(cnc3ccc(nc23)c4cc(Cl)c(O)c(Cl)c4)S(=O)(=O)C,CHEMBL3688345,IC50,9.0
8833262,CN(CCO)C[C@@H]1CC[C@H](CC1)Nc2c(cnc3ccc(nc23)c4cc(F)c(O)c(Cl)c4)C(=O)C,CHEMBL3688381,IC50,9.0
8833272,CN1CCN(CC1)c2ccc(cc2)n3cc(cn3)c4ccncc4OC[C@@H]5CC[C@@H](N)CC5,CHEMBL3823975,IC50,9.0
8833282,COc1cc(cc(Cl)c1O)c2ccc3ncc(C(=O)C)c(N[C@@H]4CCC[C@@H](CN(C)C)C4)c3c2,CHEMBL3679369,IC50,9.0
8833291,N[C@@H]1CCCN(C1)c2ccc(Nc3c(cnc4ccc(cc34)c5cc(Cl)c(O)c(Cl)c5)C(=O)C6CC6)cn2,CHEMBL3679275,IC50,9.0
8833300,N[C@H]1CCCN(C1)c2ccc(Nc3c(cnc4ccc(nc34)c5cc(F)c(O)c(Cl)c5)C(=O)C6CC6)cn2,CHEMBL3692809,IC50,9.0
8833309,CS(=O)(=O)c1cnc2ccc(cc2c1Nc3ccc(nc3)N4CCCC(N)C4)c5cc(Cl)c(O)c(Cl)c5,CHEMBL3684267,IC50,9.03
8833318,N[C@@H]1CCCN(C1)c2ccc(Nc3c(cnc4ccc(nc34)c5cc(Cl)c(O)c(Cl)c5)C(=O)C6CC6)cn2,CHEMBL3692823,IC50,9.03
8833327,CC(=O)c1cnc2ccc(nc2c1N[C@@H]3CC[C@@H](CN4CCCC4)CC3)c5cc(F)c(O)c(Cl)c5,CHEMBL3692788,IC50,9.05
8833336,CN1CCC(C1)n2cc(Nc3c(cnc4ccc(cc34)c5cc(Cl)c(O)c(Cl)c5)C(=O)C)cn2,CHEMBL3684173,IC50,9.05
8833345,COc1cc(cc(Cl)c1O)c2ccc3ncc(c(N[C@@H]4CC[C@@H](CN(C)C)CC4)c3n2)S(=O)(=O)C,CHEMBL3688347,IC50,9.05
8833354,CC(=O)c1cnc2ccc(cc2c1Nc3ccc(nc3)N4CCCC(N)C4)c5cc(Cl)c(O)c(Cl)c5,CHEMBL3679305,IC50,9.07
8833363,CN(C)C[C@@H]1CC[C@H](CC1)Nc2c(cnc3ccc(cc23)c4cc(Cl)c(O)c(Cl)c4)C(=O)C5CC5,CHEMBL3674217,IC50,9.07
8833372,CN(C)C[C@@H]1CC[C@H](CC1)Nc2c(cnc3ccc(nc23)c4cc(F)c(O)c(Cl)c4)C(=O)C5CC5,CHEMBL3688338,IC50,9.1
8833381,CN(CCO)C[C@@H]1CC[C@H](CC1)Nc2c(cnc3ccc(cc23)c4cc(Cl)c(O)c(Cl)c4)C(=O)C5CC5,CHEMBL3679261,IC50,9.1
8833390,CN1CCN(C[C@@H]2CC[C@H](CC2)Nc3c(cnc4ccc(nc34)c5cc(Cl)c(O)c(Cl)c5)C(=O)C)CC1,CHEMBL3692789,IC50,9.1
8833399,COc1cc(cc(Cl)c1O)c2ccc3ncc(C(=O)C4CC4)c(N5CCC(CN(C)C)CC5)c3c2,CHEMBL3674198,IC50,9.1
8833408,N[C@@H]1CCCN(C1)c2ccc(Nc3c(cnc4ccc(cc34)c5cc(F)c(O)c(Cl)c5)C(=O)C6CC6)cn2,CHEMBL3679276,IC50,9.12
8833417,OC1CCN(C[C@@H]2CC[C@H](CC2)Nc3c(cnc4ccc(cc34)c5cc(Cl)c(O)c(Cl)c5)C(=O)C6CC6)C1,CHEMBL3679230,IC50,9.14
8833426,CN(C)CC[C@@H]1CC[C@H](CC1)Nc2c(cnc3ccc(nc23)c4cc(Cl)c(O)c(Cl)c4)C(=O)C,CHEMBL3688342,IC50,9.16
8833435,CN1CCC(CNc2c(cnc3ccc(nc23)c4cc(Cl)c(O)c(Cl)c4)C(=O)C)CC1,CHEMBL3688360,IC50,9.16
8833444,C[C@H](N)C(=O)N[C@@H]1CC[C@H](CC1)Nc2c(cnc3ccc(cc23)c4cc(Cl)c(O)c(Cl)c4)C(=O)C,CHEMBL3684241,IC50,9.18
8833453,CC(=O)c1cnc2ccc(nc2c1N[C@@H]3CC[C@@H](CN4CCNCC4)CC3)c5cc(Cl)c(O)c(Cl)c5,CHEMBL3692796,IC50,9.22
8833462,CN(C)C[C@@H]1CC[C@@H](CC1)Nc2c(cnc3ccc(nc23)c4cc(Cl)c(O)c(Cl)c4)C(=O)C,CHEMBL3692820,IC50,9.22
8833471,CN(C)[C@@H]1CC[C@@H](CNc2c(cnc3ccc(nc23)c4cc(Cl)c(O)c(Cl)c4)C(=O)C)CC1,CHEMBL3692815,IC50,9.22
8833480,CN(C)[C@@H]1CC[C@H](CC1)Nc2c(cnc3ccc(nc23)c4cc(Cl)c(O)c(Cl)c4)C(=O)C5CC5,CHEMBL3692806,IC50,9.22
8833489,CN(CCO)C[C@@H]1CC[C@H](CC1)Nc2c(cnc3ccc(nc23)c4cc(Cl)c(O)c(Cl)c4)C(=O)C,CHEMBL3688380,IC50,9.22
8833498,CC(=O)c1cnc2ccc(nc2c1Nc3ccc(nc3)N4CCC[C@H](N)C4)c5cc(Cl)c(O)c(Cl)c5,CHEMBL3692797,IC50,9.3
8833507,CN(C)C[C@@H]1CC[C@H](CC1)Nc2c(cnc3ccc(nc23)c4cc(Cl)c(O)c(Cl)c4)C(=O)C5CC5,CHEMBL3688337,IC50,9.3
8833516,CN(C)[C@@H]1CC[C@H](CC1)Nc2c(cnc3ccc(nc23)c4cc(Cl)c(O)c(Cl)c4)S(=O)(=O)C,CHEMBL3688348,IC50,9.3
8833525,CN(C)[C@@H]1CC[C@H](CC1)Nc2c(cnc3ccc(nc23)c4cc(F)c(O)c(Cl)c4)C(=O)C5CC5,CHEMBL3692807,IC50,9.3
8833534,N[C@@H]1CCCN(C1)c2ccc(Nc3c(cnc4ccc(nc34)c5cc(F)c(O)c(Cl)c5)C(=O)C6CC6)cn2,CHEMBL3692824,IC50,9.34
8833543,CC(=O)c1cnc2ccc(nc2c1N[C@@H]3CC[C@@H](CN4CCCC4)CC3)c5cc(Cl)c(O)c(Cl)c5,CHEMBL3692787,IC50,9.4
8833552,CN(C)C[C@@H]1CC[C@H](CC1)Nc2c(cnc3ccc(nc23)c4cc(Cl)c(O)c(Cl)c4)C(=O)CO,CHEMBL3688376,IC50,9.52
8833561,CN(C)[C@@H]1CC[C@H](CC1)Nc2c(cnc3ccc(nc23)c4cc(Cl)c(O)c(Cl)c4)C(=O)C,CHEMBL3688335,IC50,9.52
8833571,Fc1cc(ccc1n2cc(cn2)c3ccncc3OCC4CCNCC4)N5CCOCC5,CHEMBL3824328,IC50,9.52
