id,smiles,name,assay_type,activity_value
129147,CCN(CC)CCNC(=O)c1c(C)[nH]c(\C=C\2/C(=O)Nc3ccc(F)cc23)c1C,sunitinib,Kd,7.59
633168,[H][C@](C)(OC1=C(N)N=CC(=C1)C1=CN(N=C1)C1CCNCC1)C1=C(Cl)C=CC(F)=C1Cl,crizotinib,Kd,8.44
325048,COC(=O)c1ccc2\C(=C(\Nc3ccc(cc3)N(C)C(=O)CN4CCN(C)CC4)/c5ccccc5)\C(=O)Nc2c1,nintedanib,Kd,8.07
1608739,CCCCNc1ncc(C(=O)Nc2cccc(OC)c2)c(N[C@@H]3CC[C@@H](O)CC3)n1,CHEMBL3093749,IC50,7.54
1608750,CCCCCNc1ncc(C(=O)Nc2ccc(cc2)S(=O)(=O)N3CCOCC3)c(N[C@@H]4CC[C@@H](O)CC4)n1,CHEMBL3093626,IC50,7.57
1608763,CNc1ncc2c(nn(CC3CCC(N)CC3)c2n1)c4ccc(OC)cc4,CHEMBL2036630,IC50,7.6
1608774,CC(C)Nc1ncc(C(=O)Nc2ccc(cc2)S(=O)(=O)N3CCOCC3)c(N[C@@H]4CC[C@@H](O)CC4)n1,CHEMBL3093630,IC50,7.62
479076,CN(C[C@@H]1COCCO1)S(=O)(=O)Nc2ccc3C=Cc4ncc(cc4C(=O)c3c2)c5cnn(C)c5,CHEMBL1822792,IC50,7.62
1608787,CCCCNc1ncc(C(=O)Nc2ccc(F)cc2)c(N[C@@H]3CC[C@@H](O)CC3)n1,CHEMBL3093757,IC50,7.64
1608798,CCCCNc1ncc(C(=O)NCc2ccc(cc2)n3ccnc3)c(N[C@@H]4CC[C@@H](O)CC4)n1,CHEMBL3093756,IC50,7.66
1608809,CCCCCNc1ncc(c(N[C@@H]2CC[C@@H](O)CC2)n1)c3ccccn3,CHEMBL3092775,IC50,7.72
26279,COc1cc(ccc1Nc2ncc(Cl)c(Nc3ccccc3S(=O)(=O)C(C)C)n2)N4CCC(CC4)N5CCN(C)CC5,CHEMBL509032,Kd,7.72
1596719,CC(C)NC(=O)[C@@H]1CC[C@@H](CC1)N2\C(=N\C(=O)c3ccc(F)cc3)\Nc4ccc(CN5CCC(CC5)C(C)(C)O)cc24,CHEMBL2172308,Kd,7.75
1608824,CCCCNc1ncc(c(NC[C@@H]2CC[C@@H](N)CC2)n1)c3ccccn3,CHEMBL3092787,IC50,7.75
1608835,CCCCNc1ncc(c(N[C@@H]2CC[C@@H](O)CC2)n1)c3cccc(CN4CCOCC4)n3,CHEMBL3092789,IC50,7.75
1608846,CCCCNc1ncc(c(Nc2ccc(N)cc2)n1)c3ccccn3,CHEMBL3092801,IC50,7.75
1608857,CNc1ncc2c(nn(CC3CCC(N)CC3)c2n1)c4ccc(cc4)N5CCNCC5,CHEMBL2036792,IC50,7.75
1608868,CCCCNc1ncc(c(N[C@@H]2CC[C@@H](O)CC2)n1)c3ccccn3,CHEMBL3092785,IC50,7.77
1608879,CCCCNc1ncc(C(=O)Nc2ccc(OC)cc2)c(N[C@@H]3CC[C@@H](O)CC3)n1,CHEMBL3093748,IC50,7.82
1608890,CCCCCNc1ncc2c(nn(CC3CCC(N)CC3)c2n1)c4ccccc4,CHEMBL2036796,IC50,7.85
1608901,CCCCNc1ncc(C(=O)NCc2ccc(F)cc2)c(N[C@@H]3CC[C@@H](O)CC3)n1,CHEMBL3093754,IC50,7.85
1608912,CCCCNc1ncc(C(=O)Nc2ccc(cc2)N3CCOCC3)c(N[C@@H]4CC[C@@H](O)CC4)n1,CHEMBL3093751,IC50,7.85
1608923,CCOC1=C(C(=O)Nc2ccc(Oc3ccnc(N)c3Cl)c(F)c2)C(=O)N(C=C1)c4ccc(F)cc4,CHEMBL460702,IC50,7.85
1608934,O[C@@H]1CC[C@H](CC1)Nc2nc(NCCc3ccccc3)ncc2c4ccccn4,CHEMBL3092781,IC50,7.85
1608945,CCCCNc1ncc(C(=O)NC2CCOCC2)c(N[C@@H]3CC[C@@H](O)CC3)n1,CHEMBL3093649,IC50,7.89
1608956,CCCNc1ncc2c(nn(CC3CCC(N)CC3)c2n1)c4ccccc4,CHEMBL2036794,IC50,7.89
1608967,NC1CCC(Cn2nc(c3ccccc3)c4cnc(NCCc5ccccc5)nc24)CC1,CHEMBL2036803,IC50,7.89
1608978,CCCCNc1ncc(c(N[C@@H]2CC[C@@H](O)CC2)n1)c3cc(CN4CCOCC4)ccn3,CHEMBL3092788,IC50,7.92
1608989,CCCNc1ncc(C(=O)Nc2ccc(cc2)S(=O)(=O)N3CCOCC3)c(N[C@@H]4CC[C@@H](O)CC4)n1,CHEMBL3093625,IC50,7.96
1609000,COc1ccc(CNc2ncc3c(nn(CC4CCC(N)CC4)c3n2)c5ccccc5)cc1,CHEMBL2036802,IC50,8.0
1609011,NC1CCC(Cn2nc(c3ccccc3)c4cnc(NCCCc5ccccc5)nc24)CC1,CHEMBL2036787,IC50,8.0
1609022,CCCCNc1ncc(c(N[C@@H]2CC[C@@H](O)CC2)n1)c3ccc(CN4CCOCC4)cn3,CHEMBL3092807,IC50,8.01
1609033,CCCCNc1ncc(C(=O)NC2CCNCC2)c(N[C@@H]3CC[C@@H](O)CC3)n1,CHEMBL3093761,IC50,8.05
1609046,CCCCNc1ncc(C(=O)NC2CCN(CC2)C(C)C)c(N[C@@H]3CC[C@@H](O)CC3)n1,CHEMBL3093763,IC50,8.08
1609057,NC1CCC(Cn2nc(c3ccccc3)c4cnc(NCc5ccccc5)nc24)CC1,CHEMBL2036801,IC50,8.09
1609068,CCCCNc1ncc(C(=O)NC2CCCCC2)c(N[C@@H]3CC[C@@H](O)CC3)n1,CHEMBL3093746,IC50,8.1
1609079,O[C@@H]1CC[C@H](CC1)Nc2nc(NCCC3CC3)ncc2C(=O)Nc4ccc(cc4)S(=O)(=O)N5CCOCC5,CHEMBL3093627,IC50,8.14
1609090,CCCCNc1ncc(C(=O)Nc2ccc(CN3CCOCC3)cc2)c(N[C@@H]4CC[C@@H](O)CC4)n1,CHEMBL3093752,IC50,8.17
26231,CN[C@@H]1C[C@H]2O[C@@](C)([C@@H]1OC)n3c4ccccc4c5c6CNC(=O)c6c7c8ccccc8n2c7c35,CHEMBL388978,Kd,8.19
1609103,CCCCNc1ncc(C(=O)Nc2ccc(cc2)S(=O)(=O)N3CCOCC3)c(N[C@@H]4CC[C@@H](O)CC4)n1,CHEMBL3093753,IC50,8.2
1609114,CCCCNc1ncc(c(N[C@@H]2CC[C@@H](O)CC2)n1)c3ccc(F)cn3,CHEMBL3092804,IC50,8.2
1609125,CCCCNc1ncc2c(nn(CC3CCC(N)CC3)c2n1)c4ccccc4,CHEMBL2036795,IC50,8.24
1609136,CCCCNc1ncc(C(=O)NCc2ccc(cc2)S(=O)(=O)N)c(N[C@@H]3CC[C@@H](O)CC3)n1,CHEMBL3093755,IC50,8.28
1609147,CCCCNc1ncc(c(N[C@@H]2CC[C@@H](CN)CC2)n1)c3ccccn3,CHEMBL3092800,IC50,8.35
1609159,CCCCNc1ncc2c(nn(C[C@@H]3CC[C@@H](N)CC3)c2n1)c4ccc(F)cc4,CHEMBL2036808,Ki,8.37
1609170,CCCCNc1ncc(C(=O)NC2CCN(CC2)c3ncccn3)c(N[C@@H]4CC[C@@H](O)CC4)n1,CHEMBL3093648,IC50,8.39
1609181,CCCCNc1ncc(c(N[C@@H]2CC[C@@H](O)CC2)n1)c3ccc(CN4CCN(C)CC4)cn3,CHEMBL3092806,IC50,8.41
1609194,CCCCNc1ncc(c(N[C@@H]2CC[C@@H](O)CC2)n1)c3ccc(NC(=O)C4CCN(C)CC4)cn3,CHEMBL3092794,IC50,8.47
1609205,N[C@@H]1CC[C@@H](Cn2nc(c3ccc(F)cc3)c4cnc(NCCCc5ccccc5)nc24)CC1,CHEMBL2036809,IC50,8.52
1609216,CCCCNc1ncc(c(N[C@@H]2CC[C@@H](O)CC2)n1)c3ccc(cn3)N4CCN(C)CC4,CHEMBL3092805,IC50,8.55
529263,CCCCNc1ncc2c(cn([C@@H]3CC[C@@H](O)CC3)c2n1)c4ccc(CN5CCN(C)CC5)cc4,CHEMBL3326006,IC50,8.57
1609229,CCCCNc1ncc2c(nn(C[C@@H]3CC[C@@H](N)CC3)c2n1)c4ccc(nc4)N5CCNCC5,CHEMBL2036804,Ki,8.57
1609240,CCCCNc1ncc(C(=O)Nc2ccc(cc2)S(=O)(=O)N3CCOCC3)c(N[C@@H]4CC[C@@H](N)CC4)n1,CHEMBL3093635,IC50,8.68
1609251,CCCCNc1ncc(c(N[C@@H]2CC[C@@H](N)CC2)n1)c3ccccn3,CHEMBL3092799,IC50,8.75
1609262,CCCCNc1ncc(c(N[C@@H]2CC[C@@H](O)CC2)n1)c3ccc(CN(C)C)cn3,CHEMBL3092791,IC50,8.77
1609273,CN1CCN(CC1)S(=O)(=O)c2ccc(c(F)c2)c3cn([C@@H]4CC[C@@H](O)CC4)c5nc(NCCC6CC6)ncc35,CHEMBL3326005,IC50,8.8
1609284,N[C@@H]1CC[C@@H](Cn2nc(c3ccc(nc3)N4CCNCC4)c5cnc(NCCCc6ccccc6)nc25)CC1,CHEMBL2036805,Ki,8.85
1609295,CCCCNc1ncc(c(N[C@@H]2CC[C@@H](O)CC2)n1)c3ccc(CNC4CC4)cn3,CHEMBL3092796,IC50,8.89
1609306,CN1CCN(Cc2ccc(cc2)c3cn([C@@H]4CC[C@@H](O)CC4)c5nc(NCCC6CC6)ncc35)CC1,CHEMBL3326007,IC50,8.89
1609317,CCCCNc1ncc(c(N[C@@H]2CC[C@@H](O)CC2)n1)c3ccc(CN4CCC(F)(F)CC4)cn3,CHEMBL3092790,IC50,8.96
1609328,CCCCNc1ncc2c(nn([C@@H]3CC[C@@H](O)CC3)c2n1)c4ccc(cc4)S(=O)(=O)N5CCOCC5,CHEMBL3326002,IC50,8.96
327281,O=C(NC1CC1)Nc2c[nH]nc2c3nc4cc(CN5CCOCC5)ccc4[nH]3,CHEMBL495727,IC50,9.0
1609341,CCCCNc1ncc(c(N[C@@H]2CC[C@@H](O)CC2)n1)c3ccc(CNCCO)cn3,CHEMBL3092797,IC50,9.09
1609352,CCCCNc1ncc2c(nn(C[C@@H]3CC[C@@H](N)CC3)c2n1)c4ccc(cc4)N5CCNCC5,CHEMBL2036806,Ki,9.14
1609363,CCCCNc1ncc(c(N[C@@H]2CC[C@@H](O)CC2)n1)c3ccc(CNC4CCCCC4)cn3,CHEMBL3092795,IC50,9.16
1609374,CCCCNc1ncc(c(N[C@@H]2CC[C@@H](O)CC2)n1)c3ccc(cn3)C(=O)NC4CCN(C)CC4,CHEMBL3092793,IC50,9.16
1609385,CCCCNc1ncc(c(N[C@@H]2CC[C@@H](O)CC2)n1)c3ccc(cn3)S(=O)(=O)N4CCOCC4,CHEMBL3092792,IC50,9.16
1609396,CCCCNc1ncc2c(cn([C@@H]3CC[C@@H](O)CC3)c2n1)c4ccc(c(F)c4)S(=O)(=O)N5CCN(C)CC5,CHEMBL3326004,IC50,9.24
1609407,N[C@@H]1CC[C@@H](Cn2nc(c3ccc(cc3)N4CCNCC4)c5cnc(NCCCc6ccccc6)nc25)CC1,CHEMBL2036807,Ki,9.25
479349,COc1cc2c(Oc3ccc(NC(=O)C4(CC4)C(=O)Nc5ccc(F)cc5)cc3F)ccnc2cc1OCCCN6CCOCC6,CHEMBL1230609,Kd,9.57
