id,smiles,name,assay_type,activity_value
1152056,CC(C)Oc1ncccc1Nc2ncnc3sc(C(=O)NCCCN(C)C)c(C)c23,CHEMBL3640011,IC50,7.54
1152066,CC(Oc1cc(F)ccc1Nc2ncnc3sc(C(=O)NCCO)c(C)c23)C(=O)NCCN,CHEMBL3702315,IC50,7.54
1152075,CCOc1cc(ccc1Nc2ncnc3sc(C(=O)N)c(C)c23)C(=O)N,CHEMBL3659484,IC50,7.55
1152084,CN(C)CCCNC(=O)c1sc2ncnc(Nc3ccc(F)cc3OC4CCOCC4)c2c1C,CHEMBL3659486,IC50,7.57
1152093,CNC(=O)CNC(=O)c1sc2ncnc(Nc3cccnc3OC(C)C)c2c1C,CHEMBL3702284,IC50,7.57
1152102,Cc1c(sc2ncnc(Nc3ccc(F)cc3OCCO)c12)C(=O)N,CHEMBL3702347,IC50,7.57
1152111,CC(C)Oc1ncccc1Nc2ncnc3sc(C(=O)NCC#N)c(C)c23,CHEMBL3702295,IC50,7.59
1152120,CCNC(=O)c1sc2ncnc(Nc3cccnc3OC(C)C)c2c1C,CHEMBL3702280,IC50,7.59
1152129,CN(C)CCCNC(=O)c1sc2ncnc(Nc3ccc(F)cc3OCCC(F)(F)F)c2c1C,CHEMBL3702353,IC50,7.59
1152138,COCC(C)Oc1ncccc1Nc2ncnc3sc(C(=O)N)c(C)c23,CHEMBL3702258,IC50,7.59
1152147,COCC(CF)Oc1cc(F)ccc1Nc2ncnc3sc(C(=O)NCCO)c(C)c23,CHEMBL3702339,IC50,7.59
1152156,CC(C)Oc1ncccc1Nc2ncnc3sc(C(=O)NCC4CNCCO4)c(C)c23,CHEMBL3702282,IC50,7.6
1152165,CC(CC(C)(C)O)Oc1cc(F)ccc1Nc2ncnc3sc(C(=O)O)c(C)c23,CHEMBL3698944,IC50,7.6
1152174,CC(CC(F)(F)F)Oc1cc(F)ccc1Nc2ncnc3sc(C(=O)NC4CCN(C)CC4)c(C)c23,CHEMBL3702355,IC50,7.6
1152183,CN(C)CC#CCNC(=O)c1sc2ncnc(Nc3ccc(cc3OC(CF)CF)C#N)c2c1C,CHEMBL3702308,IC50,7.6
1152192,COCC(C)Oc1cc(F)ccc1Nc2ncnc3sc(C(=O)NCCO)c(C)c23,CHEMBL3702351,IC50,7.6
1152201,COCC(CF)Oc1cc(F)ccc1Nc2ncnc3sc(C(=O)NCCCN(C)C)c(C)c23,CHEMBL3702340,IC50,7.6
1152210,CC(C)Oc1ncccc1Nc2ncnc3sc(C(=O)NCc4cn(C)cn4)c(C)c23,CHEMBL3702292,IC50,7.62
1152219,CC(CCNS(=O)(=O)C)Oc1ncccc1Nc2ncnc3sc(C(=O)O)c(C)c23,CHEMBL3702300,IC50,7.62
1152228,CC(Oc1ncccc1Nc2ncnc3sc(C(=O)NCC#CCN(C)C)c(C)c23)C(F)(F)F,CHEMBL3698951,IC50,7.62
1152237,CN(C)CCCNC(=O)c1sc2ncnc(Nc3ccc(F)cc3OCC(F)F)c2c1C,CHEMBL3702335,IC50,7.64
1152246,CNC(=O)c1sc2ncnc(Nc3ccc(F)cc3OC(C)CN)c2c1C,CHEMBL3698915,IC50,7.64
1152255,COCC(CF)Oc1cc(F)ccc1Nc2ncnc3sc(C(=O)O)c(C)c23,CHEMBL3702321,IC50,7.64
1152264,CC(C)Oc1ncccc1Nc2ncnc3sc(C(=O)NCC#CCN(C)C)c(C)c23,CHEMBL3702293,IC50,7.66
1152274,CCN1CCN(Cc2ccc(NC(=O)Cc3ccc(Oc4cc(NC)ncn4)cc3)cc2C(F)(F)F)CC1,CHEMBL3805074,IC50,7.66
26231,CN[C@@H]1C[C@H]2O[C@@](C)([C@@H]1OC)n3c4ccccc4c5c6CNC(=O)c6c7c8ccccc8n2c7c35,CHEMBL388978,Kd,7.66
1152286,CC(CCNS(=O)(=O)C)Oc1ncccc1Nc2ncnc3sc(C(=O)N)c(C)c23,CHEMBL3702301,IC50,7.7
1152295,CC(Oc1ncccc1Nc2ncnc3sc(C(=O)NCCO)c(C)c23)C(F)(F)F,CHEMBL3698952,IC50,7.7
76701,CCN1CCN(Cc2ccc(NC(=O)Nc3ccc(Oc4cc(NC)ncn4)cc3)cc2C(F)(F)F)CC1,CHEMBL574738,IC50,7.7
1152306,CCNC(=O)C(C)Oc1cc(F)ccc1Nc2ncnc3sc(C(=O)NCCCN(C)C)c(C)c23,CHEMBL3702271,IC50,7.7
1152316,CN(C)C(=O)c1cccc(c1)c2cnc(N)c(n2)c3nc4cccc(N5CCNCC5)c4[nH]3,CHEMBL3798066,IC50,7.7
1152326,Cc1c(sc2ncnc(Nc3cccnc3OCC(F)F)c12)C(=O)O,CHEMBL3702263,IC50,7.7
1152335,CC(C)Oc1ncccc1Nc2ncnc3sc(C(=O)NCc4ocnc4)c(C)c23,CHEMBL3702285,IC50,7.72
1152344,CCNC(=O)C(C)Oc1cc(F)ccc1Nc2ncnc3sc(C(=O)O)c(C)c23,CHEMBL3702268,IC50,7.72
1152353,Cc1c(sc2ncnc(Nc3ccc(F)cc3OCC4(CC#N)CC4)c12)C(=O)O,CHEMBL3702318,IC50,7.72
1152362,Cc1c(sc2ncnc(Nc3ccc(F)cc3OCC4CC4(F)F)c12)C(=O)NCCO,CHEMBL3702336,IC50,7.72
1152371,CC(CNS(=O)(=O)C)Oc1cc(F)ccc1Nc2ncnc3sc(C(=O)NCCCN(C)C)c(C)c23,CHEMBL3698918,IC50,7.75
1152381,CCNC(=O)c1sc2ncnc(Nc3ccc(F)cc3OC(C)C)c2c1C,CHEMBL3632745,Ki,7.75
1152392,CNC(=O)c1sc2ncnc(Nc3ccc(F)cc3OC(C)C)c2c1C,CHEMBL3632744,Ki,7.75
1152402,COCC(C)Oc1cc(F)ccc1Nc2ncnc3sc(C(=O)O)c(C)c23,CHEMBL3702324,IC50,7.75
1152411,Cc1c(sc2ncnc(Nc3cccnc3OCC(F)F)c12)C(=O)N,CHEMBL3702264,IC50,7.75
1152420,CC(Oc1cc(F)ccc1Nc2ncnc3sc(C(=O)NCCCN(C)C)c(C)c23)C#N,CHEMBL3702317,IC50,7.77
1152429,CN(C)CCNC(=O)c1sc2ncnc(Nc3ccc(F)cc3OC(CF)CF)c2c1C,CHEMBL3698960,IC50,7.77
1152439,CCN1CCN(Cc2ccc(NC(=O)CNc3ccc(cc3)c4ccc(NC(=O)C5CC5)nc4)cc2C(F)(F)F)CC1,CHEMBL3805771,IC50,7.8
1152449,Cc1c(sc2ncnc(Nc3ccc(F)cc3OCC(F)F)c12)C(=O)N,CHEMBL3702333,IC50,7.8
1152458,Cc1c(sc2ncnc(Nc3cccnc3OCC4(CC#N)CC4)c12)C(=O)N,CHEMBL3702274,IC50,7.8
1152467,CC(Oc1ncccc1Nc2ncnc3sc(C(=O)O)c(C)c23)C(F)(F)F,CHEMBL3698946,IC50,7.82
1152476,Cc1c(sc2ncnc(Nc3cccnc3OCC4CC4(F)F)c12)C(=O)N,CHEMBL3702276,IC50,7.82
1152485,CC(C)Oc1ncccc1Nc2ncnc3sc(C(=O)NCC#CCN)c(C)c23,CHEMBL3702296,IC50,7.85
1152494,CC(CN)Oc1cc(F)ccc1Nc2ncnc3sc(C(=O)O)c(C)c23,CHEMBL3698925,IC50,7.85
1152504,CCN1CCN(Cc2ccc(NC(=O)COc3ccc(cc3)c4cccnc4)cc2C(F)(F)F)CC1,CHEMBL3805956,IC50,7.85
1152514,Cc1c(sc2ncnc(Nc3ccc(F)cc3OCCC(F)(F)F)c12)C(=O)O,CHEMBL3702325,IC50,7.85
1152523,CCNC(=O)C(C)Oc1cc(F)ccc1Nc2ncnc3sc(C(=O)NC)c(C)c23,CHEMBL3702270,IC50,7.89
1152532,CN1CCC(CC1)NC(=O)c2sc3ncnc(Nc4ccc(cc4OC(CF)CF)C#N)c3c2C,CHEMBL3702306,IC50,7.89
1152541,Cc1c(sc2ncnc(Nc3ccc(F)cc3OC(CF)CF)c12)C(=O)N[C@@H]4C[C@H]4NC(=O)OC(C)(C)C,CHEMBL3698958,IC50,7.89
1152550,Cc1c(sc2ncnc(Nc3ccc(F)cc3OCC(F)F)c12)C(=O)O,CHEMBL3702319,IC50,7.89
1152559,Cc1c(sc2ncnc(Nc3ccc(F)cc3OCCO)c12)C(=O)O,CHEMBL3702323,IC50,7.89
689238,OC(=O)c1ccc(Nc2ncc3CN=C(c4cc(Cl)ccc4c3n2)c5c(F)cccc5F)cc1,CHEMBL259084,IC50,7.89
1152569,CC(CC(F)(F)F)Oc1cc(F)ccc1Nc2ncnc3sc(C(=O)NCCCN4CCCC4)c(C)c23,CHEMBL3702356,IC50,7.92
1152578,CC(CF)Oc1cc(F)ccc1Nc2ncnc3sc(C(=O)NCCC4CCN(C)C4)c(C)c23,CHEMBL3702327,IC50,7.92
1152587,CC(F)COc1cc(F)ccc1Nc2ncnc3sc(C(=O)O)c(C)c23,CHEMBL3702326,IC50,7.92
1152596,CNC(=O)c1sc2ncnc(Nc3cccnc3OC(C)C(F)(F)F)c2c1C,CHEMBL3698950,IC50,7.92
1152605,COC(=O)c1sc2ncnc(Nc3cccnc3OC(C)C)c2c1C,CHEMBL3702277,IC50,7.92
1152614,Cc1c(sc2ncnc(Nc3ccc(F)cc3OC(CF)CF)c12)C(=O)N[C@@H]4C[C@H]4N,CHEMBL3702253,IC50,7.92
1152623,Cc1c(sc2ncnc(Nc3ccc(cc3OC(CF)CF)C#N)c12)C(=O)NCCCN4CCCC4,CHEMBL3702304,IC50,7.92
1152633,FC(F)(F)c1cc(NC(=O)COc2ccc(cc2)c3cccnc3)ccc1CN4CCNCC4,CHEMBL3805029,IC50,7.92
1152644,CC(=O)C1=C(O)C=C2Oc3c(C(=O)N)c(O)cc(O)c3[C@@]2(C)C1=O,CHEMBL3416305,IC50,7.96
1152654,CC(CF)Oc1cc(F)ccc1Nc2ncnc3sc(C(=O)NC4CCN(C)CC4)c(C)c23,CHEMBL3702329,IC50,7.96
1152663,CC(Oc1cc(F)ccc1Nc2ncnc3sc(C(=O)N)c(C)c23)C#N,CHEMBL3702310,IC50,7.96
1152672,CC(Oc1ncccc1Nc2ncnc3sc(C(=O)N)c(C)c23)C(F)(F)F,CHEMBL3698947,IC50,7.96
1152682,CCN1CCN(Cc2ccc(NC(=O)CNc3ccc(cc3)c4cccnc4)cc2C(F)(F)F)CC1,CHEMBL3806261,IC50,7.96
1152692,CCNC(=O)C(C)Oc1cc(F)ccc1Nc2ncnc3sc(C(=O)N)c(C)c23,CHEMBL3702269,IC50,7.96
1152702,CCN1CCN(Cc2ccc(NC(=O)Cc3ccc(Oc4ccncc4)cc3)cc2C(F)(F)F)CC1,CHEMBL3805114,IC50,8.0
1152712,CN(C)CCCNC(=O)c1sc2ncnc(Nc3ccc(F)cc3OC(CF)CF)c2c1C,CHEMBL3698959,IC50,8.0
1152722,CN1CCN(Cc2ccc(NC(=O)CNc3ccc(cc3F)c4ccc(NC(=O)C5CC5)nc4)cc2C(F)(F)F)CC1,CHEMBL3806189,IC50,8.0
1152732,Cc1c(sc2ncnc(Nc3ccc(cc3OC(CF)CF)C#N)c12)C(=O)NCCO,CHEMBL3702307,IC50,8.0
1152741,CC(CCN)Oc1ncccc1Nc2ncnc3sc(C(=O)O)c(C)c23,CHEMBL3698937,IC50,8.1
1152751,CCN1CCN(Cc2ccc(NC(=O)Cc3ccc(Oc4ccnc(NC)c4)cc3)cc2C(F)(F)F)CC1,CHEMBL3804952,IC50,8.1
1152761,CN(C)CCCNC(=O)c1sc2ncnc(Nc3ccc(cc3OC(CF)CF)C#N)c2c1C,CHEMBL3702305,IC50,8.1
1152770,CNC(=O)c1sc2ncnc(Nc3ccc(F)cc3OC(CF)CF)c2c1C,CHEMBL3698957,IC50,8.1
1152779,COCC(C)Oc1cc(F)ccc1Nc2ncnc3sc(C(=O)N)c(C)c23,CHEMBL3702352,IC50,8.1
1152788,Cc1c(sc2ncnc(Nc3ccc(F)cc3OC(CF)CF)c12)C(=O)NCCO,CHEMBL3702249,IC50,8.1
1152797,Cc1c(sc2ncnc(Nc3ccc(F)cc3OCC4CC4(F)F)c12)C(=O)N,CHEMBL3702337,IC50,8.1
1152806,Cc1c(sc2ncnc(Nc3ccc(F)cc3OCC4CC4(F)F)c12)C(=O)O,CHEMBL3702320,IC50,8.1
1152816,FC(F)(F)c1cc(NC(=O)CNc2ccc(cc2)c3ccc(NC(=O)C4CC4)nc3)ccc1CN5CCNCC5,CHEMBL3805330,IC50,8.1
1152826,CC(CF)Oc1cc(F)ccc1Nc2ncnc3sc(C(=O)NCCCN(C)C)c(C)c23,CHEMBL3702341,IC50,8.16
1152835,CC(CF)Oc1cc(F)ccc1Nc2ncnc3sc(C(=O)NCCO)c(C)c23,CHEMBL3702342,IC50,8.16
1152844,CN(C)CC#CCNC(=O)c1sc2ncnc(Nc3ccc(F)cc3OC(CF)CF)c2c1C,CHEMBL3702250,IC50,8.16
1152853,Cc1c(sc2ncnc(Nc3ccc(F)cc3OC(CF)CF)c12)C(=O)NCCCN4CCCC4,CHEMBL3702251,IC50,8.16
1152862,Cc1c(sc2ncnc(Nc3ccc(F)cc3OC(CF)CF)c12)C(=O)NS(=O)(=O)C,CHEMBL3702252,IC50,8.16
1152871,Cc1c(sc2ncnc(Nc3ccc(cc3OC(CF)CF)C#N)c12)C(=O)NCC#N,CHEMBL3702309,IC50,8.16
1152880,CC(C)Oc1cc(F)ccc1Nc2ncnc3sc(C(=O)NCCCN(C)C)c(C)c23,CHEMBL3659491,IC50,8.22
1152889,CC(CF)Oc1cc(F)ccc1Nc2ncnc3sc(C(=O)NCCCN4CCCC4)c(C)c23,CHEMBL3702328,IC50,8.22
1152898,Cc1c(sc2ncnc(Nc3ccc(F)cc3OC(CF)CF)c12)C(=O)O,CHEMBL3698955,IC50,8.22
1152907,CC(CF)Oc1cc(F)ccc1Nc2ncnc3sc(C(=O)O)c(C)c23,CHEMBL3702322,IC50,8.3
1152916,COC(=O)c1sc2ncnc(Nc3ccc(F)cc3OC(C)C)c2c1C,CHEMBL3632739,IC50,8.4
1152925,Cc1c(sc2ncnc(Nc3ccc(F)cc3OC(CF)CF)c12)C(=O)N,CHEMBL3698956,IC50,8.4
479349,COc1cc2c(Oc3ccc(NC(=O)C4(CC4)C(=O)Nc5ccc(F)cc5)cc3F)ccnc2cc1OCCCN6CCOCC6,CHEMBL1230609,Kd,8.43
1152936,CC(CF)Oc1cc(F)ccc1Nc2ncnc3sc(C(=O)N)c(C)c23,CHEMBL3702343,IC50,8.52
76769,C[C@H]1CN(CCN1)c2cccc3nc(c4nc(cnc4N)c5cc(ccn5)C(=O)N(C)C)n(C)c23,CHEMBL3800585,IC50,8.52
76758,CN(C)C(=O)c1cccc(c1)c2cnc(N)c(c2)c3nc4cccc(N5CCNCC5)c4[nH]3,CHEMBL3797828,IC50,8.7
26212,C[C@]12O[C@H](C[C@]1(O)CO)n3c4ccccc4c5c6C(=O)NCc6c7c8ccccc8n2c7c35,CHEMBL603469,Kd,8.85
76780,CN(C)C(=O)c1cccc(c1)c2cnc(N)c(n2)c3nc4cccc(N5CCNCC5)c4n3C,CHEMBL3798762,IC50,9.0
76791,C[C@H]1CN(CCN1)c2cccc3nc(c4nc(cnc4N)c5cccc(c5)C(=O)N(C)C)n(C)c23,CHEMBL3797873,IC50,9.16
