id,smiles,name,assay_type,activity_value
313349,CC[C@@H](N)c1ccc(cc1)c2c(O)cc(Cl)c3NC(=O)c4sccc4c23,CHEMBL3672288,IC50,7.59
313359,COc1cc(F)c2NC(=O)c3sccc3c2c1c4ccc(CN)cc4,CHEMBL3667237,IC50,7.59
313368,CNCCc1ccc(cc1F)c2c(O)cc(C)c3NC(=O)c4sccc4c23,CHEMBL3672332,IC50,7.6
313377,CC(=O)c1ccc(cc1)c2c(O)ccc3NC(=O)c4sccc4c23,CHEMBL3667253,IC50,7.64
313386,CC(N(C)C)c1ccc(cc1)c2c(O)cc(F)c3NC(=O)c4sccc4c23,CHEMBL3667231,IC50,7.64
313395,COc1ccc2NC(=O)c3sccc3c2c1c4ccc(cc4)C(CN)C5CCCC5,CHEMBL3672324,IC50,7.64
313404,Oc1ccc2NC(=O)c3sccc3c2c1c4ccc(cc4)S(=O)(=O)NCCCl,CHEMBL3672231,IC50,7.64
313413,COc1cc(C)c2NC(=O)c3sc(F)cc3c2c1c4ccc(cc4)[C@@H](C)CN,CHEMBL3672379,IC50,7.66
313422,COc1cc(C)c2NC(=O)c3sccc3c2c1c4ccc([C@@H](C)CN)c(F)c4,CHEMBL3672366,IC50,7.66
313431,COc1ccc2NC(=O)c3sccc3c2c1c4ccc(CCN)cc4,CHEMBL3667216,IC50,7.66
313440,Cc1cc(O)c(c2ccc(c(F)c2)C(C)(C)CN)c3c1NC(=O)c4sccc34,CHEMBL3672343,IC50,7.66
313449,NCC1(CC1)c2ccc(cc2)c3c(O)cc(Cl)c4NC(=O)c5sccc5c34,CHEMBL3672268,IC50,7.66
313458,COc1ccc2NC(=O)c3sccc3c2c1c4ccc(cc4)C(C)N5CCCC5,CHEMBL3667228,IC50,7.68
313467,CC(C)C(CN)c1ccc(cc1F)c2c(O)cc(C)c3NC(=O)c4sccc4c23,CHEMBL3672348,IC50,7.7
313476,COc1cc(Cl)c2NC(=O)c3sccc3c2c1c4ccc(cc4)[C@@H](C)CN,CHEMBL3672308,IC50,7.7
313485,NCCc1ccc(cc1)c2c(O)cc(Cl)c3NC(=O)c4sccc4c23,CHEMBL3672278,IC50,7.7
313494,CCC(CN)c1ccc(cc1)c2c(O)cc(Cl)c3NC(=O)c4sccc4c23,CHEMBL3672363,IC50,7.72
313503,CN[C@@H](C)c1ccc(cc1)c2c(O)cc(Cl)c3NC(=O)c4sccc4c23,CHEMBL3672260,IC50,7.72
313512,Cc1cc(O)c(c2ccc(CCN)cc2)c3c1NC(=O)c4sccc34,CHEMBL3672305,IC50,7.72
313521,NCCc1ccc(cc1F)c2c(O)cc(Br)c3NC(=O)c4sccc4c23,CHEMBL3672312,IC50,7.72
313530,CC(C)C(CN)c1ccc(cc1)c2c(O)cc(C)c3NC(=O)c4sccc4c23,CHEMBL3672341,IC50,7.75
313539,CC[C@@H](N)c1ccc(cc1)c2c(O)cc(C)c3NC(=O)c4sccc4c23,CHEMBL3672287,IC50,7.75
313548,CNC[C@H](C)c1ccc(cc1)c2c(O)cc(C)c3NC(=O)c4sccc4c23,CHEMBL3672359,IC50,7.75
313557,CNCC(C(C)C)c1ccc(cc1F)c2c(O)cc(C)c3NC(=O)c4sccc4c23,CHEMBL3672352,IC50,7.77
313566,C[C@@H](CN(C)C)c1ccc(cc1F)c2c(O)cc(C)c3NC(=O)c4sccc4c23,CHEMBL3672362,IC50,7.77
313575,C[C@@H](CN)c1ccc(cc1)c2c(O)cc(Br)c3NC(=O)c4sccc4c23,CHEMBL3672298,IC50,7.77
313584,CCC(N)c1ccc(cc1)c2c(O)cc(Cl)c3NC(=O)c4sccc4c23,CHEMBL3672261,IC50,7.8
313593,C[C@H](CN)c1ccc(cc1)c2c(O)cc(C)c3NC(=O)c4sccc4c23,CHEMBL3672322,IC50,7.8
313602,C[C@H](N)c1ccc(cc1)c2c(O)cc(C)c3NC(=O)c4sccc4c23,CHEMBL3672319,IC50,7.8
313611,NCCc1cc(Cl)c(cc1O)c2c(O)cc(Cl)c3NC(=O)c4sccc4c23,CHEMBL3672311,IC50,7.8
313620,NCc1ccc(cc1)c2c(O)cc(Cl)c3NC(=O)c4sccc4c23,CHEMBL3667264,IC50,7.8
313629,CC(CCl)NS(=O)(=O)c1ccc(cc1)c2c(O)ccc3NC(=O)c4sccc4c23,CHEMBL3672309,IC50,7.82
313638,CCC(CN)c1ccc(cc1)c2c(O)cc(C)c3NC(=O)c4sccc4c23,CHEMBL3672350,IC50,7.82
313647,COc1cc(C)c2NC(=O)c3sccc3c2c1c4ccc(cc4)[C@@H](C)CN,CHEMBL3672358,IC50,7.82
313656,Oc1ccc2NC(=O)c3sccc3c2c1c4ccc(CC#N)c(F)c4,CHEMBL3667238,IC50,7.82
313665,CN[C@H](C)c1ccc(cc1)c2c(O)cc(Cl)c3NC(=O)c4sccc4c23,CHEMBL3672277,IC50,7.85
313674,C[C@H](CN)c1ccc(cc1F)c2c(O)cc(C)c3NC(=O)c4sccc4c23,CHEMBL3672357,IC50,7.85
313683,CCC(C#N)c1ccc(cc1)c2c(O)ccc3NC(=O)c4sccc4c23,CHEMBL3672291,IC50,7.89
313692,NCc1ccc(cc1)c2c(ccc3NC(=O)c4sccc4c23)C#N,CHEMBL3667262,IC50,7.89
313701,Oc1ccc2NC(=O)C3=C(CCC3)c2c1c4ccc(cc4)S(=O)(=O)NCCCl,CHEMBL3672282,IC50,7.89
313710,Oc1ccc2NC(=O)c3sccc3c2c1c4ccc(c(F)c4)S(=O)(=O)NCCBr,CHEMBL3667254,IC50,7.89
313719,CC(N)c1ccc(cc1)c2c(O)cc(C)c3NC(=O)c4sccc4c23,CHEMBL3672256,IC50,7.92
313728,CC(N)c1ccc(cc1)c2c(O)cc(Cl)c3NC(=O)c4sccc4c23,CHEMBL3672252,IC50,7.92
313737,CN[C@H](C)c1ccc(cc1)c2c(O)cc(C)c3NC(=O)c4sccc4c23,CHEMBL3672334,IC50,7.92
313746,CS(=O)(=O)N1CCN(CC1)c2ccc(cc2)c3c(O)ccc4NC(=O)c5sccc5c34,CHEMBL3667210,IC50,7.92
313755,C[C@@H](CN)c1ccc(cc1)c2c(O)cc(C)c3NC(=O)c4sc(C)cc4c23,CHEMBL3672371,IC50,7.92
313764,Oc1ccc2NC(=O)c3sccc3c2c1c4ccc(CC#N)cc4,CHEMBL3667206,IC50,7.92
313773,Oc1ccc2NC(=O)c3sccc3c2c1c4ccc(cc4)S(=O)(=O)NCCBr,CHEMBL3667226,IC50,7.95
313782,COc1cc(C)c2NC(=O)c3sc(Cl)cc3c2c1c4ccc(cc4)[C@@H](C)CN,CHEMBL3672376,IC50,7.96
313791,COc1ccc2NC(=O)c3sccc3c2c1c4ccc(CN(C)C)cc4,CHEMBL3667214,IC50,7.96
313800,CC(C)(N)c1ccc(cc1)c2c(O)cc(Cl)c3NC(=O)c4sccc4c23,CHEMBL3672233,IC50,8.0
313809,CC(CN)c1ccc(cc1Cl)c2c(O)ccc3NC(=O)c4sccc4c23,CHEMBL3672344,IC50,8.0
313818,Cc1cc(O)c(c2ccc(cc2)C3(CN)CCC3)c4c1NC(=O)c5sccc45,CHEMBL3672349,IC50,8.0
313827,Oc1ccc2NC(=O)C3=C(CCC3)c2c1c4ccc(cc4)S(=O)(=O)NCCBr,CHEMBL3672262,IC50,8.0
313836,Cc1cc(O)c(c2ccc(cc2)C3(CN)CC3)c4c1NC(=O)c5sccc45,CHEMBL3672331,IC50,8.02
313845,CC[C@H](NC)c1ccc(cc1)c2c(O)cc(Cl)c3NC(=O)c4sccc4c23,CHEMBL3672286,IC50,8.03
313854,COc1ccc2NC(=O)c3sccc3c2c1c4ccc(CN5CCC(CNC(=O)OC(C)(C)C)CC5)cc4,CHEMBL3667211,IC50,8.03
313863,CC(N(C)C)c1ccc(cc1)c2cccc3NC(=O)c4sccc4c23,CHEMBL3672241,IC50,8.04
313872,CNCC(C)c1ccc(cc1F)c2c(O)cc(C)c3NC(=O)c4sccc4c23,CHEMBL3672351,IC50,8.05
313881,C[C@@H](CN)c1ccc(cc1)c2c(O)cc(C)c3NC(=O)c4sccc4c23,CHEMBL3672295,IC50,8.05
313890,CC(CN)c1ccc(cc1)c2c(O)cc(Cl)c3NC(=O)c4sccc4c23,CHEMBL3672280,IC50,8.07
313899,C[C@@H](N)c1ccc(cc1)c2c(O)cc(Cl)c3NC(=O)c4sccc4c23,CHEMBL3672258,IC50,8.07
313908,Cc1cc(O)c(c2ccc(cc2)C(C)(C)N)c3c1NC(=O)c4sccc34,CHEMBL3672370,IC50,8.08
313917,CNC[C@H](C)c1ccc(cc1F)c2c(O)cc(C)c3NC(=O)c4sccc4c23,CHEMBL3672364,IC50,8.09
313926,CCN(CC)Cc1ccc(cc1)c2c(O)ccc3NC(=O)c4sccc4c23,CHEMBL3667218,IC50,8.11
313935,CNCc1ccc(cc1)c2c(OC)ccc3NC(=O)c4sccc4c23,CHEMBL3667220,IC50,8.11
313944,COc1ccc2NC(=O)c3sccc3c2c1c4ccc(cc4)[C@H](C)N,CHEMBL3667232,IC50,8.13
313953,CN(C)Cc1ccc(cc1)c2c(O)ccc3NC(=O)c4sccc4c23,CHEMBL3667215,IC50,8.16
313962,NCCc1cc(Br)c(cc1O)c2c(O)ccc3NC(=O)c4sccc4c23,CHEMBL3672318,IC50,8.19
313971,CCNCc1ccc(cc1)c2c(OC)ccc3NC(=O)c4sccc4c23,CHEMBL3667243,IC50,8.22
313980,C[C@@H](N)c1ccc(cc1)c2c(O)cc(C)c3NC(=O)c4sccc4c23,CHEMBL3672271,IC50,8.23
313989,CS(=O)(=O)NCc1ccc(cc1)c2c(O)ccc3NC(=O)c4sccc4c23,CHEMBL3667227,IC50,8.26
313998,NCCc1ccc(cc1F)c2c(O)cc(Cl)c3NC(=O)c4sccc4c23,CHEMBL3672317,IC50,8.26
314007,CN(C)CCc1ccc(cc1)c2c(O)ccc3NC(=O)c4sccc4c23,CHEMBL3667208,IC50,8.27
314016,CCC(N)c1ccc(cc1)c2c(OC)ccc3NC(=O)c4sccc4c23,CHEMBL3672236,IC50,8.28
314025,CC(CN)c1ccc(cc1F)c2c(O)cc(C)c3NC(=O)c4sccc4c23,CHEMBL3672304,IC50,8.29
314034,Cc1cc(O)c(c2ccc(CCN)c(F)c2)c3c1NC(=O)c4sccc34,CHEMBL3672315,IC50,8.33
314043,NCC(C1CCCC1)c2ccc(cc2)c3c(O)ccc4NC(=O)c5sccc5c34,CHEMBL3672323,IC50,8.34
314052,CCN(CC)C(C)c1ccc(cc1)c2c(O)ccc3NC(=O)c4sccc4c23,CHEMBL3667225,IC50,8.35
314061,C[C@@H](CN)c1ccc(cc1)c2c(O)cc(Cl)c3NC(=O)c4sccc4c23,CHEMBL3672294,IC50,8.36
314070,Cc1cc2c(s1)C(=O)Nc3ccc(O)c(c4ccc(CN)cc4)c23,CHEMBL3667209,IC50,8.36
314079,CC(N1CCCCC1)c2ccc(cc2)c3c(O)ccc4NC(=O)c5sccc5c34,CHEMBL3667239,IC50,8.37
314088,CC(C)NCc1ccc(cc1)c2c(O)ccc3NC(=O)c4sccc4c23,CHEMBL3639660,IC50,8.38
314097,COc1ccc2NC(=O)c3sccc3c2c1c4ccc(cc4)C(CN)C(C)C,CHEMBL3672330,IC50,8.39
314106,C[C@@H](CN)c1ccc(cc1)c2c(O)cc(C)c3NC(=O)c4sc(Cl)cc4c23,CHEMBL3672375,IC50,8.4
314115,C[C@H](CN(C)C)c1ccc(cc1)c2c(O)ccc3NC(=O)c4sccc4c23,CHEMBL3672296,IC50,8.4
314124,CCNC(C)c1ccc(cc1)c2c(O)ccc3NC(=O)c4sccc4c23,CHEMBL3672250,IC50,8.41
314133,NCCc1ccc(cc1Cl)c2c(O)cc(Cl)c3NC(=O)c4sccc4c23,CHEMBL3672338,IC50,8.41
314142,COc1ccc2NC(=O)c3sccc3c2c1c4ccc(CCN)c(F)c4,CHEMBL3667240,IC50,8.42
314151,COc1ccc2NC(=O)c3sccc3c2c1c4ccc(cc4)[C@@H](C)N,CHEMBL3667247,IC50,8.42
314160,CC(NS(=O)(=O)C)c1ccc(cc1)c2c(O)ccc3NC(=O)c4sccc4c23,CHEMBL3667222,IC50,8.43
314169,CCC(N(CC)CC)c1ccc(cc1)c2c(O)ccc3NC(=O)c4sccc4c23,CHEMBL3672237,IC50,8.43
314178,C[C@@H](CN)c1ccc(cc1)c2c(O)cc(C)c3NC(=O)c4sc(F)cc4c23,CHEMBL3672381,IC50,8.43
314187,CCN(CC)C(C)c1ccc(cc1F)c2c(O)ccc3NC(=O)c4sccc4c23,CHEMBL3672245,IC50,8.44
314196,CN(C)CC1(CC1)c2ccc(cc2)c3c(O)ccc4NC(=O)c5sccc5c34,CHEMBL3672249,IC50,8.44
314205,C[C@@H](CN)c1ccc(cc1F)c2c(O)cc(C)c3NC(=O)c4sccc4c23,CHEMBL3672367,IC50,8.44
314214,Oc1ccc2NC(=O)c3sccc3c2c1c4ccc5cn[nH]c5c4,CHEMBL3667202,IC50,8.46
314223,CC(CN(C)C)c1ccc(cc1)c2c(O)ccc3NC(=O)c4sccc4c23,CHEMBL3672267,IC50,8.48
314232,COc1ccc2NC(=O)c3sccc3c2c1c4ccc(cc4)C(C)CN,CHEMBL3672248,IC50,8.5
314241,C[C@@H](NS(=O)(=O)C)c1ccc(cc1)c2c(O)ccc3NC(=O)c4sccc4c23,CHEMBL3667256,IC50,8.5
314311,Oc1ccc2NC(=O)c3sccc3c2c1c4ccc(CCC#N)cc4,CHEMBL3667252,IC50,8.5
314320,CNC[C@H](C)c1ccc(cc1)c2c(OC)ccc3NC(=O)c4sccc4c23,CHEMBL3672303,IC50,8.52
314329,COc1ccc2NC(=O)c3sccc3c2c1c4ccc(C(C)CN)c(F)c4,CHEMBL3672299,IC50,8.52
314338,Cc1cc(O)c(c2ccc(CCN)c(Cl)c2)c3c1NC(=O)c4sccc34,CHEMBL3672336,IC50,8.52
314347,Cc1cc(ccc1NS(=O)(=O)C)c2c(O)ccc3NC(=O)c4sccc4c23,CHEMBL3667235,IC50,8.52
314356,CC[C@H](N)c1ccc(cc1)c2c(OC)ccc3NC(=O)c4sccc4c23,CHEMBL3672270,IC50,8.54
314365,C[C@H](N(C)C)c1ccc(cc1)c2c(O)ccc3NC(=O)c4sccc4c23,CHEMBL3672234,IC50,8.54
314374,CC(N1CCCC1)c2ccc(cc2)c3c(O)ccc4NC(=O)c5sccc5c34,CHEMBL3667223,IC50,8.55
314383,CC(NC1CCCC1)c2ccc(cc2)c3c(O)ccc4NC(=O)c5sccc5c34,CHEMBL3667260,IC50,8.55
314392,CN(C)CC(C)(C)c1ccc(cc1)c2c(O)ccc3NC(=O)c4sccc4c23,CHEMBL3667258,IC50,8.55
314401,CNC[C@@H](C)c1ccc(cc1)c2c(O)ccc3NC(=O)c4sccc4c23,CHEMBL3672307,IC50,8.55
314410,CS(=O)(=O)Nc1ccc(cc1)c2c(O)ccc3NC(=O)c4sccc4c23,CHEMBL3667205,IC50,8.59
314419,CC[C@@H](N(C)C)c1ccc(cc1)c2c(O)ccc3NC(=O)c4sccc4c23,CHEMBL3672285,IC50,8.6
314428,CN[C@@H](C)c1ccc(cc1)c2c(OC)ccc3NC(=O)c4sccc4c23,CHEMBL3672255,IC50,8.6
314437,C[C@@H](CN(C)C)c1ccc(cc1)c2c(O)ccc3NC(=O)c4sccc4c23,CHEMBL3672302,IC50,8.6
314446,NCc1ccc(cc1)c2c(O)cc(F)c3NC(=O)c4sccc4c23,CHEMBL3667236,IC50,8.6
314455,Nc1ccc(cc1O)c2c(O)ccc3NC(=O)c4sccc4c23,CHEMBL3667229,IC50,8.64
314464,CC[C@H](N(C)C)c1ccc(cc1)c2c(O)ccc3NC(=O)c4sccc4c23,CHEMBL3672275,IC50,8.66
314473,CC(O)c1ccc(cc1)c2c(O)ccc3NC(=O)c4sccc4c23,CHEMBL3667259,IC50,8.7
314482,CCNCc1ccc(cc1)c2c(O)ccc3NC(=O)c4sccc4c23,CHEMBL3667242,IC50,8.7
314491,COc1ccc2NC(=O)c3sccc3c2c1c4ccc(cc4)[C@@H](C)CN,CHEMBL3672290,IC50,8.7
314500,Oc1ccc2NC(=O)c3sccc3c2c1c4ccc5CCNCc5c4,CHEMBL3672244,IC50,8.7
314509,CC(N(C)C)c1ccc(cc1)c2c(O)ccc3NC(=O)c4sccc4c23,CHEMBL3667221,IC50,8.72
314518,CC(N(C)C)c1ccc(cc1F)c2c(O)ccc3NC(=O)c4sccc4c23,CHEMBL3672243,IC50,8.72
314527,CCC(N(C)C)c1ccc(cc1)c2c(O)ccc3NC(=O)c4sccc4c23,CHEMBL3672238,IC50,8.72
314536,CN(C)CCc1ccc(cc1F)c2c(O)ccc3NC(=O)c4sccc4c23,CHEMBL3667263,IC50,8.72
314545,NCC1(CC1)c2ccc(cc2)c3c(O)ccc4NC(=O)c5sccc5c34,CHEMBL3672242,IC50,8.72
314554,CCC(CC)(CN)c1ccc(cc1)c2c(O)ccc3NC(=O)c4sccc4c23,CHEMBL3672310,IC50,8.75
314563,NS(=O)(=O)c1ccc(cc1)c2c(O)ccc3NC(=O)c4sccc4c23,CHEMBL3667203,IC50,8.75
314572,NCC1(CCC1)c2ccc(cc2)c3c(O)ccc4NC(=O)c5sccc5c34,CHEMBL3672355,IC50,8.77
314581,CC(CN)c1ccc(cc1F)c2c(O)ccc3NC(=O)c4sccc4c23,CHEMBL3672297,IC50,8.82
314590,CC(C)C(CN)c1ccc(cc1)c2c(O)ccc3NC(=O)c4sccc4c23,CHEMBL3672329,IC50,8.85
314599,CCN[C@H](CC)c1ccc(cc1)c2c(O)ccc3NC(=O)c4sccc4c23,CHEMBL3672274,IC50,8.85
314608,CC(CN)c1ccc(cc1)c2c(O)ccc3NC(=O)c4sccc4c23,CHEMBL3672266,IC50,8.89
314617,CC(N)Cc1ccc(cc1)c2c(O)ccc3NC(=O)c4sccc4c23,CHEMBL3672263,IC50,8.89
314626,CC[C@@H](N)c1ccc(cc1)c2c(O)ccc3NC(=O)c4sccc4c23,CHEMBL3672276,IC50,8.89
314635,CC[C@H](NC)c1ccc(cc1)c2c(O)ccc3NC(=O)c4sccc4c23,CHEMBL3672283,IC50,8.89
314644,CNC[C@H](C)c1ccc(cc1)c2c(O)ccc3NC(=O)c4sccc4c23,CHEMBL3672301,IC50,8.89
314653,CN[C@H](C)c1ccc(cc1)c2c(O)ccc3NC(=O)c4sccc4c23,CHEMBL3672253,IC50,8.89
314662,C[C@H](CN)c1ccc(cc1)c2c(O)ccc3NC(=O)c4sccc4c23,CHEMBL3672292,IC50,8.89
314671,NC1Cc2ccc(cc2C1)c3c(O)ccc4NC(=O)c5sccc5c34,CHEMBL3672240,IC50,8.92
314680,NCCc1ccc(cc1)c2c(O)ccc3NC(=O)c4sccc4c23,CHEMBL3667217,IC50,8.92
314689,CN[C@@H](C)c1ccc(cc1)c2c(O)ccc3NC(=O)c4sccc4c23,CHEMBL3672259,IC50,8.96
314698,CC(C)(CN)c1ccc(cc1F)c2c(O)ccc3NC(=O)c4sccc4c23,CHEMBL3672339,IC50,9.0
314707,OC1CCN(Cc2ccc(cc2F)c3c(O)ccc4NC(=O)c5sccc5c34)C1,CHEMBL3667251,IC50,9.01
314716,CC(N)c1ccc(cc1F)c2c(O)ccc3NC(=O)c4sccc4c23,CHEMBL3672246,IC50,9.04
314725,CNCc1ccc(cc1)c2c(O)ccc3NC(=O)c4sccc4c23,CHEMBL3667219,IC50,9.05
314734,CC[C@H](N)c1ccc(cc1)c2c(O)ccc3NC(=O)c4sccc4c23,CHEMBL3672269,IC50,9.06
314743,C[C@@H](N(C)C)c1ccc(cc1)c2c(O)ccc3NC(=O)c4sccc4c23,CHEMBL3667245,IC50,9.06
314752,CCC(N)c1ccc(cc1)c2c(O)ccc3NC(=O)c4sccc4c23,CHEMBL3672235,IC50,9.09
314761,C[C@H](N)c1ccc(cc1)c2c(O)ccc3NC(=O)c4sccc4c23,CHEMBL3667233,IC50,9.09
314770,NCc1ccc(s1)c2c(O)ccc3NC(=O)c4sccc4c23,CHEMBL3667241,IC50,9.11
314779,Oc1ccc2NC(=O)c3sccc3c2c1C4=CCNCC4,CHEMBL3667207,IC50,9.11
314788,CCC(CN)c1ccc(cc1)c2c(O)ccc3NC(=O)c4sccc4c23,CHEMBL3672360,IC50,9.13
314797,NCCCc1ccc(cc1)c2c(O)ccc3NC(=O)c4sccc4c23,CHEMBL3667246,IC50,9.13
314806,CC(N)c1ccc(cc1)c2c(O)ccc3NC(=O)c4sccc4c23,CHEMBL3667224,IC50,9.14
314815,CC(C)(CN)c1ccc(cc1)c2c(O)ccc3NC(=O)c4sccc4c23,CHEMBL3667250,IC50,9.17
314824,C[C@@H](CN)c1ccc(cc1)c2c(O)ccc3NC(=O)c4sccc4c23,CHEMBL3672289,IC50,9.19
314833,NCc1ccc(cc1)c2c(O)ccc3NC(=O)c4sccc4c23,CHEMBL3667204,IC50,9.2
314842,NCC1CCN(Cc2ccc(cc2F)c3c(O)ccc4NC(=O)c5sccc5c34)CC1,CHEMBL3667234,IC50,9.24
314851,C[C@@H](N)c1ccc(cc1)c2c(O)ccc3NC(=O)c4sccc4c23,CHEMBL3667248,IC50,9.27
314860,NCCc1ccc(cc1F)c2c(O)ccc3NC(=O)c4sccc4c23,CHEMBL3667249,IC50,9.3
314869,CC(C)(N)c1ccc(cc1)c2c(O)ccc3NC(=O)c4sccc4c23,CHEMBL3667261,IC50,9.37
