id,smiles,name,assay_type,activity_value
325048,COC(=O)c1ccc2\C(=C(\Nc3ccc(cc3)N(C)C(=O)CN4CCN(C)CC4)/c5ccccc5)\C(=O)Nc2c1,nintedanib,Kd,7.72
6124509,Fc1cccc(c1)C2CCCN2c3ccc4ncc(c5ccc(cc5)C#N)n4n3,CHEMBL3582436,IC50,7.54
8087871,CN1CCN(CC1)c2cc(cc(c2)C(F)(F)F)C(=O)Nc3cccc(Nc4ccc5\C(=C\c6cc(c[nH]6)C#N)\C(=O)Nc5c4)c3,CHEMBL2037218,IC50,7.57
293662,COc1cc(Nc2c(cnc3cc(OCCCN4CCN(C)CC4)c(OC)cc23)C#N)c(Cl)cc1Cl,bosutinib,IC50,7.57
8087884,OCc1ccc(cc1)c2cnc3ccc(NCc4cccc(F)c4)nn23,CHEMBL3582431,IC50,7.57
8087894,CCC(Oc1ccc(Cn2c(N)nc3cc(cnc23)c4cnn(C)c4)cc1OC)c5ccc(OC)nc5,CHEMBL3673475,IC50,7.59
525325,COc1ccc(COc2ccc(Cn3cnc4cc(cnc34)c5noc(n5)C6CCNCC6)cc2OC)cn1,CHEMBL3673464,IC50,7.62
7970060,COc1ccc(COc2ccc(Cn3c(N)nc4cc(ccc34)c5cncnc5)cc2OC)cc1,CHEMBL3673437,IC50,7.64
26254,C[C@H]1Oc2cc(cnc2N)c3c(CN(C)C(=O)c4ccc(F)cc14)nn(C)c3C#N,CHEMBL3286830,Ki,7.64
525352,COc1ccc(COc2ccc(Cn3cnc4cc(cnc34)N5CC6(CCNCC6)C5)cc2OC)cn1,CHEMBL3673459,IC50,7.68
6124520,Fc1cccc(CNc2ccc3ncc(c4ccc(cc4)C#N)n3n2)c1,CHEMBL3582429,IC50,7.68
528379,CCN(CC)CCNC(=O)c1c[nH]c(\C=C\2/C(=O)Nc3cc(Nc4cccc(NC(=O)c5cc(cc(c5)C(F)(F)F)N6CCN(C)CC6)c4)ccc23)c1,CHEMBL2037221,IC50,7.72
7970302,COc1ccc(COc2ccc(Cn3cnc4cc(cnc34)n5cc(nn5)C6CCCNC6)cc2OC)cn1,CHEMBL3673468,IC50,7.75
8087916,CN1CCN(CC1)c2cc(cc(c2)C(F)(F)F)C(=O)Nc3cccc(Nc4ccc5\C(=C\c6cc(c[nH]6)C(=O)O)\C(=O)Nc5c4)c3,CHEMBL2037220,IC50,7.77
7969211,COc1ccc(COc2ccc(Cn3c(N)nc4cc(cnc34)c5cncnc5)cc2OC)cn1,CHEMBL3673484,IC50,7.8
8087928,CN(C)CCCNC(=O)c1c(C)[nH]c(\C=C\2/C(=O)Nc3cc(Nc4cccc(NC(=O)c5cc(cc(c5)C(F)(F)F)N6CCN(C)CC6)c4)ccc23)c1C,CHEMBL2037223,IC50,7.82
8087938,COc1cc(ccc1OCc2ccc(nc2)C(F)(F)F)C(C)n3cnc4cc(ccc34)c5cnn(C)c5,CHEMBL3678295,IC50,7.85
26212,C[C@]12O[C@H](C[C@]1(O)CO)n3c4ccccc4c5c6C(=O)NCc6c7c8ccccc8n2c7c35,CHEMBL603469,Kd,7.85
526009,COc1ccc(COc2ccc(Cn3c(N)nc4cc(cnc34)c5c(C)nn(C)c5C)cc2OC)cn1,CHEMBL3673485,IC50,7.89
527459,COc1ccc(COc2ccc(Cn3cnc4cc(cnc34)N5CCC[C@H]5C(=O)O)cc2OC)cn1,CHEMBL3673461,IC50,7.89
8087951,COc1ccc(cn1)C(C)Oc2ccc(Cn3cnc4cc(cnc34)c5cnn(C)c5)cc2OC,CHEMBL3678303,IC50,7.89
525259,NS(=O)(=O)c1ccc(cc1)c2cnc3ccc(NCc4cccc(F)c4)nn23,CHEMBL3582433,IC50,7.89
527498,Cc1ccc(NC(=O)Nc2cc(ccc2F)C(F)(F)F)cc1Nc3ccc4\C(=C\c5ccc[nH]5)\C(=O)Nc4c3,CHEMBL2037226,IC50,7.92
2513222,CC(C)[C@H](CO)Nc1nc(Nc2ccc(C(=O)O)c(Cl)c2)c3ncn(C(C)C)c3n1,CHEMBL23254,IC50,7.96
525569,Fc1cccc(c1)[C@H]2CCCN2c3ccc4ncc(c5ccc(cc5)C#N)n4n3,CHEMBL3582438,IC50,7.96
527838,COc1ccc2NC(=O)[C@@]3(C[C@H]3c4ccc5c(\C=C\c6ccc(CN7C[C@@H](C)O[C@@H](C)C7)cc6)n[nH]c5c4)c2c1,CHEMBL3408947,IC50,8.05
527603,CN1CCN(CC1)c2cc(cc(c2)C(F)(F)F)C(=O)Nc3cccc(Nc4ccc5\C(=C\c6ccc[nH]6)\C(=O)Nc5c4)c3,CHEMBL2037211,IC50,8.16
527880,Fc1cccc(CNc2ccc3ncc(c4ccc(NC(=O)C5CCOCC5)cc4)n3n2)c1,CHEMBL3582432,IC50,8.16
527642,COc1ccc(COc2ccc(Cn3c(N)nc4cc(ccc34)c5ccc(nc5)P(=O)(C)C)cc2OC)cc1,CHEMBL3673440,IC50,8.22
480628,CC(C)Cn1c2ccc(Nc3ncccn3)cc2c4c5CNC(=O)c5c6c(CCc7nn(C)cc67)c14,CHEMBL2010872,IC50,8.3
527827,COc1ccc(COc2ccc(Cn3cnc4cc(ccc34)c5cnn(c5)C6CCNCC6)cc2OC)cn1,CHEMBL3673442,IC50,8.3
526839,CS(=O)(=O)O.OC(=Nc1cccc(Cl)c1)Nc2ncc(CCN=C3NC=Nc4ccsc34)s2,CHEMBL518051,IC50,8.3
26231,CN[C@@H]1C[C@H]2O[C@@](C)([C@@H]1OC)n3c4ccccc4c5c6CNC(=O)c6c7c8ccccc8n2c7c35,CHEMBL388978,IC50,8.35
479349,COc1cc2c(Oc3ccc(NC(=O)C4(CC4)C(=O)Nc5ccc(F)cc5)cc3F)ccnc2cc1OCCCN6CCOCC6,CHEMBL1230609,Kd,8.39
525770,COc1cc(Cn2cnc3cc(cnc23)C#CCCO)ccc1OCc4ccc(nc4)C(F)F,CHEMBL3678302,IC50,8.4
527450,COc1ccc(COc2ccc(Cn3c(N)nc4cc(ccc34)c5ccncc5)cc2OC)cc1,CHEMBL3673438,IC50,8.4
527248,COc1ccc(COc2ccc(Cn3c(N)nc4cc(cnc34)c5ccc(F)cc5)cc2OC)cn1,CHEMBL3673482,IC50,8.4
527818,COc1ccc(COc2ccc(Cn3c(N)nc4cc(cnc34)c5ccccc5)cc2OC)cn1,CHEMBL3673481,IC50,8.4
26266,C[C@@H](Oc1cc(cnc1N)c2sc(nc2C)[C@](C)(O)CO)c3cc(F)ccc3n4nccn4,CHEMBL3128069,IC50,8.4
527102,OC1CCN(CC1)c2cc(ccn2)c3cnc4ccc(nn34)N5CCC[C@@H]5c6cccc(F)c6,CHEMBL3582442,IC50,8.4
528133,OC1CCN(CC1)c2cccc(n2)c3cnc4ccc(nn34)N5CCC[C@@H]5c6cccc(F)c6,CHEMBL3582440,IC50,8.4
1586153,C[C@@H](Cc1c(F)c(F)cc(F)c1F)NC2=C(C(=O)NC=C2)c3nc4cc5C(=O)N(Cc5cc4[nH]3)C6CCN(C)CC6,CHEMBL3671309,IC50,8.46
528712,CN1CCN(CC1)c2ccc(C(=O)Nc3n[nH]c4ccc(Cc5cc(F)cc(F)c5)cc34)c(NC6CCOCC6)c2,CHEMBL1983268,IC50,8.52
528085,COc1cc(ccc1OCc2ccc(cc2)C(F)(F)F)[C@@H](C)n3c(N)nc4cc(cnc34)c5cnn(C)c5,CHEMBL3678298,IC50,8.52
527651,COc1ccc(COc2ccc(Cn3c(N)nc4cc(cnc34)C#CCCO)cc2OC)cn1,CHEMBL3678289,IC50,8.52
1586225,C[C@@H](Cc1c(F)c(F)cc(F)c1F)NC2=C(C(=O)NC=C2)c3nc4cc5C(=O)N(CCN(C)C)Cc5cc4[nH]3,CHEMBL3671311,IC50,8.69
528400,COc1ccc(COc2ccc(Cn3c(N)nc4cc(cnc34)c5ccccn5)cc2OC)cn1,CHEMBL3673488,IC50,8.7
528094,COc1ccc(COc2ccc(Cn3c(N)nc4cc(cnc34)c5cccnc5)cc2OC)cn1,CHEMBL3673487,IC50,8.7
528742,COc1ccc(COc2ccc(Cn3c(N)nc4cc(cnc34)c5ccn(C)n5)cc2OC)cn1,CHEMBL3673483,IC50,8.7
633168,[H][C@](C)(OC1=C(N)N=CC(=C1)C1=CN(N=C1)C1CCNCC1)C1=C(Cl)C=CC(F)=C1Cl,crizotinib,IC50,8.7
1586381,CNC1CC2OC(C)(C1OC)n3c4ccccc4c5c6CNC(=O)c6c7c8ccccc8n2c7c35,CHEMBL1980995,IC50,8.93
529579,COc1cc(ccc1OCc2ccc(nc2)C(F)(F)F)C(C)n3c(N)nc4cc(cnc34)C#CCCO,CHEMBL3678301,IC50,9.0
527633,COc1cc(ccc1OCc2ccc(nc2)C(F)(F)F)C(C)n3cnc4cc(cnc34)c5cnn(C)c5,CHEMBL3678299,IC50,9.0
528733,COc1ccc(COc2ccc(Cn3c(N)nc4cc(ccc34)c5cnn(CCN6CCOCC6)c5)cc2OC)cc1,CHEMBL3673439,IC50,9.0
528751,COc1ccc(COc2ccc(cc2OC)C(C)n3c(N)nc4cc(ccc34)c5cnn(C)c5)cn1,CHEMBL3678292,IC50,9.0
528833,Fc1cccc(c1)[C@H]2CCCN2c3ccc4ncc(c5ccccn5)n4n3,CHEMBL3582439,IC50,9.0
529640,OC(=O)CN1CCN(CC1)c2cc(ccn2)c3cnc4ccc(nn34)N5CCC[C@@H]5c6cccc(F)c6,CHEMBL3582441,IC50,9.0
529597,COc1ccc(COc2ccc(Cn3cnc4cc(cnc34)c5cnn(c5)C6CCNCC6)cc2OC)cn1,CHEMBL3673462,IC50,9.05
529160,COc1ccc(COc2ccc(Cn3c(N)nc4cc(cnc34)c5ccncc5)cc2OC)cn1,CHEMBL3673486,IC50,9.16
529940,COc1cc(Cn2c(N)nc3cc(cnc23)c4cnn(C)c4)ccc1OCc5ccc(SC(F)(F)F)cc5,CHEMBL3678284,IC50,9.22
529895,COc1cc(Cn2c(N)nc3cc(cnc23)c4cnn(C)c4)ccc1OCc5ccc(cc5)C(F)(F)C(F)(F)F,CHEMBL3673489,IC50,9.22
529677,COc1cc(Cn2cnc3cc(cnc23)c4cnn(c4)C5CCNCC5)ccc1OCc6ccc(C)nc6,CHEMBL3673463,IC50,9.22
529904,COc1cc(ccc1OCc2ccc(cc2)C(F)(F)F)[C@H](C)n3c(N)nc4cc(cnc34)c5cnn(C)c5,CHEMBL3678297,IC50,9.22
529877,COc1cc(ccc1OCc2ccc(nc2)C(F)(F)F)C(C)n3c(N)nc4cc(cnc34)c5cnn(C)c5,CHEMBL3678300,IC50,9.22
529588,COc1ccc(COc2ccc(Cn3c(N)nc4cc(ccc34)c5cnn(C)c5)cc2OC)cc1,CHEMBL3673436,IC50,9.3
2435358,C[C@H]1Oc2cc(cnc2N)c3c(C)nn(C)c3CN(C)C(=O)c4ccc(F)cc14,CHEMBL3286820,Ki,9.3
2436917,C[C@H]1Oc2cc(cnc2N)c3c(CN(C)C(=O)c4ccc(F)cc14)n(C)nc3C5CC5,CHEMBL3286829,Ki,9.4
529922,COc1cc(Cn2c(N)nc3cc(cnc23)c4cnn(C)c4)ccc1OCc5ccc(CC(F)(F)F)cc5,CHEMBL3678286,IC50,9.52
529949,COc1cc(Cn2c(N)nc3cc(cnc23)c4cnn(C)c4)ccc1OCc5ccc(cc5)C(F)(F)F,CHEMBL3673478,IC50,9.52
529776,COc1ccc(COc2ccc(Cn3c(N)nc4cc(cnc34)c5cnn(C)c5)cc2OC)cn1,CHEMBL3673476,IC50,9.52
529931,COc1cc(Cn2c(N)nc3cc(cnc23)c4cnn(C)c4)ccc1OCc5ccc(OC(F)(F)F)cc5,CHEMBL3678283,IC50,9.7
529958,COc1cc(Cn2c(N)nc3cc(cnc23)c4cnn(C)c4)ccc1OCc5ccc(nc5)C(C)C,CHEMBL3678285,IC50,9.7
529967,COc1cc(Cn2c(N)nc3cc(cnc23)c4cnn(C)c4)ccc1OCc5ccc(nc5)C(F)(F)F,CHEMBL3673477,IC50,9.7
529976,COc1cc(Cn2c(N)nc3cc(cnc23)c4cnn(C)c4)ccc1OCc5ccc(nc5)C6CC6,CHEMBL3673479,IC50,9.7
529841,COc1cc(Cn2c(N)nc3cc(cnc23)c4cnn(C)c4)ccc1OCc5csc(C)n5,CHEMBL3673480,IC50,9.7
529985,COc1cc(Cn2c(N)nc3cc(cnc23)c4cnn(C)c4)ccc1OCc5csc(n5)C(F)(F)F,CHEMBL3678287,IC50,9.7
529850,COc1ccc(COc2ccc(Cn3c(N)nc4cc(cnc34)c5ccc(nc5)P(=O)(C)C)cc2OC)cc1,CHEMBL3673453,IC50,9.7
529913,COc1ccc(COc2ccc(Cn3c(N)nc4cc(cnc34)c5cnn(C)c5)cc2OC)cc1,CHEMBL3673452,IC50,10.0
