id,smiles,name,assay_type,activity_value
5819112,CN(C)C[C@@H](OC(=O)N1Cc2c(NC(=O)c3ccccn3)n[nH]c2C1(C)C)c4ccccc4,CHEMBL2064565,EC50,7.55
5819123,CC1(C)N(Cc2c(Nc3nc(nc4ccsc34)C(F)(F)F)[nH]nc12)C(=O)N[C@@H]5C[C@H]5c6ccccc6,CHEMBL3669619,Ki,7.6
26212,C[C@]12O[C@H](C[C@]1(O)CO)n3c4ccccc4c5c6C(=O)NCc6c7c8ccccc8n2c7c35,CHEMBL603469,Kd,7.62
5819134,Cc1nc(Nc2[nH]nc3c2CN(C(=O)N[C@H]4C[C@@H]4c5ccccc5)C3(C)C)c6sccc6n1,CHEMBL3669615,Ki,7.62
5819143,CN(C)C[C@@H](NC(=O)N1Cc2c(Nc3ncnc4sccc34)[nH]nc2C1(C)C)c5ccccc5,CHEMBL3669630,Ki,7.66
5819153,CN1CCN(C(C1)c2ccccc2)C(=O)N3Cc4c(NC(=O)c5ccccc5)n[nH]c4C3(C)C,CHEMBL2064560,EC50,7.68
5819163,Cc1nc(Nc2[nH]nc3c2CN(C(=O)N[C@@H]4C[C@H]4c5ccccc5)C3(C)C)c6ccsc6n1,CHEMBL3669607,EC50,7.68
5819172,Cc1nc(Nc2[nH]nc3c2CN(C(=O)N[C@@H]4C[C@H]4c5ccccc5)C3(C)C)cc(n1)N6CCOCC6,CHEMBL3669608,Ki,7.68
5583400,CN(C)C[C@@H](NC(=O)N1Cc2c(Nc3nc(C)nc4ccsc34)n[nH]c2C1(C)C)c5ccccc5,CHEMBL3128043,Ki,7.7
5819182,CN(C)C[C@@H](NC(=O)N1Cc2c(Nc3ncncc3F)[nH]nc2C1(C)C)c4ccccc4,CHEMBL3669635,EC50,7.7
5819191,CN(C)C[C@@H](OC(=O)N1Cc2c(Nc3ncnc4ccsc34)[nH]nc2C1(C)C)c5ccccc5,CHEMBL3669636,EC50,7.7
5819200,CN(C)C[C@@H](OC(=O)N1Cc2c(Nc3ncncc3F)[nH]nc2C1(C)C)c4ccccc4,CHEMBL3674604,EC50,7.7
4065548,Cc1nc(Nc2[nH]nc3c2CN(C(=O)N[C@@H]4C[C@H]4c5ccccc5)C3(C)C)c6sccc6n1,CHEMBL3664542,EC50,7.72
5819210,CC1(C)N(Cc2c(Nc3nc(nc4ccccc34)C#N)[nH]nc12)C(=O)N[C@@H]5C[C@H]5c6ccccc6,CHEMBL3669614,Ki,7.75
5819219,CC1(C)N(Cc2c(Nc3ncnc4ccsc34)[nH]nc12)C(=O)N[C@@H]5C[C@H]5c6ccccc6,CHEMBL3669623,Ki,7.75
928571,CCn1c(nc2c(ncc(OC[C@H]3CCCNC3)c12)C#CC(C)(C)O)c4nonc4N,CHEMBL494089,Kd,7.75
5819231,CN(C)C[C@@H](OC(=O)N1Cc2c(NC(=O)C3CCCCO3)n[nH]c2C1(C)C)c4ccccc4,CHEMBL2064630,EC50,7.75
1726397,N[C@H]1CCCC[C@H]1Nc2nnc(C(=O)N)c(Nc3cccc4cc[nH]c34)n2,CHEMBL3416026,Kd,7.77
5819243,CC1(C)N(Cc2c(Nc3ncnc4sccc34)[nH]nc12)C(=O)N[C@@H]5C[C@H]5c6ccccc6,CHEMBL3669616,Ki,7.8
5819252,CCOc1ncc(F)c(Nc2[nH]nc3c2CN(C(=O)O[C@H](CN(C)C)c4ccccc4)C3(C)C)n1,CHEMBL3674596,Ki,7.8
5819262,CN(C)C[C@@H](OC(=O)N1Cc2c(NC(=O)C3CCCO3)n[nH]c2C1(C)C)c4ccccc4,CHEMBL2064629,EC50,7.8
5819272,CN1CCN([C@@H](Cc2ccccc2)C1)C(=O)N3Cc4c(Nc5nc(Cl)nc6ccsc56)[nH]nc4C3(C)C,CHEMBL3669580,EC50,7.8
5819281,CN(C)C[C@@H](NC(=O)N1Cc2c(Nc3ncnc4sc(C)cc34)[nH]nc2C1(C)C)c5ccccc5,CHEMBL3669631,EC50,7.82
5819291,CN(C)C[C@@H](OC(=O)N1Cc2c(NC(=O)c3ccc(F)cc3F)n[nH]c2C1(C)C)c4ccccc4,CHEMBL2064564,EC50,7.82
5819301,CC1(C)N(Cc2c(Nc3nc(Cl)nc4ccsc34)[nH]nc12)C(=O)NC5CC5c6ccccc6,CHEMBL3669579,Ki,7.85
5819310,CN(C)C[C@@H](NC(=O)N1Cc2c(Nc3ncnc4c3ncn4C)[nH]nc2C1(C)C)c5ccccc5,CHEMBL3669627,Ki,7.85
5819320,CN(C)C[C@@H](OC(=O)N1Cc2c(NC(=O)c3ccc(F)cc3)n[nH]c2C1(C)C)c4ccccc4,CHEMBL2064562,Ki,7.89
4939286,CN(C)C[C@@H](NC(=O)c1ccc2[nH]nc(c3nc4ccccc4[nH]3)c2c1)c5ccccc5,CHEMBL2064555,EC50,7.9
5819333,CN(C)C[C@@H](OC(=O)N1Cc2c(NC(=O)c3ccccc3)n[nH]c2C1(C)C)c4ccccc4,CHEMBL2064561,Ki,7.92
5819344,NC1CCN(CC1)c2nc(Nc3cc([nH]n3)C4CC4)c5sccc5n2,CHEMBL3580949,Ki,7.92
5819354,CN(C)C[C@@H](OC(=O)N1Cc2c(Nc3ccnc(n3)C#N)[nH]nc2C1(C)C)c4ccccc4,CHEMBL3674594,Ki,8.06
5819363,CN(C)C[C@@H](OC(=O)N1Cc2c(Nc3ccnc(n3)C(F)(F)F)[nH]nc2C1(C)C)c4ccccc4,CHEMBL3674600,Ki,8.08
26231,CN[C@@H]1C[C@H]2O[C@@](C)([C@@H]1OC)n3c4ccccc4c5c6CNC(=O)c6c7c8ccccc8n2c7c35,CHEMBL388978,Kd,8.1
5819376,COCCNc1nc2ccc(cc2n1c3ccnc(N)n3)C#CC4(O)CCCCC4,CHEMBL3128042,IC50,8.13
5819387,CN(C)C[C@@H](OC(=O)N1Cc2c(NC(=O)C3(CC3)C(F)(F)F)n[nH]c2C1(C)C)c4ccccc4,CHEMBL2064632,EC50,8.16
5819398,CCNc1nc2ccc(cc2n1c3ncnc(N)n3)C#C[C@@](C)(O)c4cc(C)on4,CHEMBL3355023,IC50,8.28
5819408,CN(C)C[C@@H](OC(=O)N1Cc2c(Nc3ncnc4sc(C)cc34)[nH]nc2C1(C)C)c5ccccc5,CHEMBL3674595,Ki,8.28
5819417,CN(C)C[C@@H](OC(=O)N1Cc2c(Nc3ncnc4sccc34)[nH]nc2C1(C)C)c5ccccc5,CHEMBL3674599,Ki,8.28
5819427,CN(C)C[C@@H](OC(=O)N1Cc2c(NC(=O)C(C)(C)C)n[nH]c2C1(C)C)c3ccccc3,CHEMBL2064628,EC50,8.4
5819438,N[C@@H]1CC[C@H](CNc2nccc(Nc3cc([nH]n3)C4CC4)n2)CC1,CHEMBL3580963,Ki,8.4
5819448,CN(C)C[C@@H](OC(=O)N1Cc2c(Nc3nc(nc4ccccc34)C#N)[nH]nc2C1(C)C)c5ccccc5,CHEMBL3674598,Ki,8.44
5819457,CN(C)C[C@@H](NC(=O)N1Cc2c(Nc3nc(nc4ccccc34)C#N)[nH]nc2C1(C)C)c5ccccc5,CHEMBL3669632,Ki,8.52
5819466,CN(C)C[C@@H](OC(=O)N1Cc2c(Nc3nc(C)nc4sccc34)[nH]nc2C1(C)C)c5ccccc5,CHEMBL3674593,EC50,8.52
5819475,CN(C)C[C@@H](NC(=O)N1Cc2c(Nc3nc(Cl)nc4ccsc34)n[nH]c2C1(C)C)c5ccccc5,CHEMBL3669583,Ki,8.55
5819485,CN(C)C[C@@H](NC(=O)c1ccc2[nH]nc(c3nc4cc(NCc5ccc(cc5)c6ccccn6)ccc4[nH]3)c2c1)c7ccccc7,CHEMBL2064556,Ki,8.55
5819495,CCOc1ncc(F)c(Nc2[nH]nc3c2CN(C(=O)N[C@H](CN(C)C)c4ccccc4)C3(C)C)n1,CHEMBL3669628,EC50,8.62
5819505,N[C@@H]1[C@H]2CN(C[C@@H]12)c3nc(Nc4cc([nH]n4)C5CC5)c6sccc6n3,CHEMBL3580667,Ki,8.7
5819515,CN(C)C[C@@H](OC(=O)N1Cc2c(Nc3nc(C)nc4ccsc34)[nH]nc2C1(C)C)c5ccccc5,CHEMBL3674597,Ki,8.8
5819525,CN(C)C[C@@H](OC(=O)N1Cc2c(NC(=O)C(C)(C)C(F)(F)F)n[nH]c2C1(C)C)c3ccccc3,CHEMBL2064631,EC50,9.0
