id,smiles,name,assay_type,activity_value
26212,C[C@]12O[C@H](C[C@]1(O)CO)n3c4ccccc4c5c6C(=O)NCc6c7c8ccccc8n2c7c35,CHEMBL603469,Kd,7.62
5583400,CN(C)C[C@@H](NC(=O)N1Cc2c(Nc3nc(C)nc4ccsc34)n[nH]c2C1(C)C)c5ccccc5,CHEMBL3128043,IC50,7.74
1726397,N[C@H]1CCCC[C@H]1Nc2nnc(C(=O)N)c(Nc3cccc4cc[nH]c34)n2,CHEMBL3416026,Kd,7.92
928571,CCn1c(nc2c(ncc(OC[C@H]3CCCNC3)c12)C#CC(C)(C)O)c4nonc4N,CHEMBL494089,Kd,8.05
26231,CN[C@@H]1C[C@H]2O[C@@](C)([C@@H]1OC)n3c4ccccc4c5c6CNC(=O)c6c7c8ccccc8n2c7c35,CHEMBL388978,Kd,8.52
