id,smiles,name,assay_type,activity_value
478408,COC1=CC2=C(C=C1C(N)=O)C(OC1=CC=C(NC(=O)NC3CC3)C(Cl)=C1)=CC=N2,lenvatinib,IC50,7.29242992
325048,COC(=O)c1ccc2\C(=C(\Nc3ccc(cc3)N(C)C(=O)CN4CCN(C)CC4)/c5ccccc5)\C(=O)Nc2c1,nintedanib,IC50,7.74472761
129147,CCN(CC)CCNC(=O)c1c(C)[nH]c(\C=C\2/C(=O)Nc3ccc(F)cc23)c1C,sunitinib,IC50,6.9586072
478430,CN(C1=CC2=NN(C)C(C)=C2C=C1)C1=NC(NC2=CC(=C(C)C=C2)S(N)(=O)=O)=NC=C1,pazopanib,Kd,8.31
8863009,Cc1ccc(NC(=O)c2ccc(CNC(=O)C=C)cc2)cc1Nc3nccc(n3)c4cccnc4,CHEMBL3642838,IC50,7.53
8863019,COC(=O)c1ccc2\C(=C(\Nc3ccc(CN(C)C)cc3)/c4ccccc4)\C(=O)Nc2c1,CHEMBL498105,IC50,7.55
5639864,COc1cc2c(Oc3ccc(NC(=O)C4=NN(c5ccccc5C4=O)c6ccccc6C(F)(F)F)cc3F)ccnc2cc1OCCCN7CCCC7,CHEMBL2385195,IC50,7.56
76701,CCN1CCN(Cc2ccc(NC(=O)Nc3ccc(Oc4cc(NC)ncn4)cc3)cc2C(F)(F)F)CC1,CHEMBL574738,Kd,7.57
8863034,COc1cc(O)c2C(=O)O[C@@H](C)C\C=C\C(=O)CCC\C=C\c2c1,CHEMBL1668418,IC50,7.57
323688,Cl.CN(C)CC(=O)N1CCC(CC1)c2ccc(NC(=O)c3nc(c[nH]3)C#N)c(c2)C4=CCCCC4,CHEMBL1908395,Kd,7.57
3991988,Cc1cn(cn1)c2cc(F)cc(NC(=O)c3ccc(C)c(Nc4nccc(n4)c5cccnc5)c3)c2,CHEMBL2311807,IC50,7.59
2754777,CN1CCN(Cc2ccc(cc2)C(=O)Nc3ccc(C)c(Nc4nc(cs4)c5cccnc5)c3)CC1,CHEMBL1908391,Kd,7.6
6987600,COc1cc2nccc(Oc3ccc(NC(=O)Nc4cccc(Cl)c4)cc3)c2cc1OC,CHEMBL362188,IC50,7.62
6975275,COc1cc2nccc(Oc3ccc(NC(=O)Nc4cccc(Cl)c4Cl)cc3)c2cc1OC,CHEMBL178981,IC50,7.62
5749342,CS(=O)(=O)c1ccc(cc1)c2ccc3c(NC4CCC4)c(nnc3c2)C(=O)N,CHEMBL2333129,IC50,7.66
8863057,COc1ccc(NC(=O)Nc2ccc(Nc3ccnc4cc(OC)c(OC)cc34)cc2)cc1,CHEMBL179753,IC50,7.68
4229079,CCN1CCC(CC1)Nc2ccc3NC(=O)C(=C(c4ccccc4)c5ncc[nH]5)c3c2,CHEMBL2086758,IC50,7.7
6950891,COC(=O)c1ccc2\C(=C(\Nc3ccc(CN(C)C(=O)N(C)C)cc3)/c4ccccc4)\C(=O)Nc2c1,CHEMBL525203,IC50,7.7
480456,CS(=O)(=O)Cc1cccc(Nc2nccc(Oc3ccc4c(cccc4c3)C(=O)Nc5cccc(F)c5)n2)c1,CHEMBL3740487,IC50,7.71
8863072,Cc1ccc(NC(=O)c2ccc(NS(=O)(=O)C=C)cc2)cc1Nc3nccc(n3)c4cccnc4,CHEMBL3642839,IC50,7.73
1119248,CN1CCN(CC2=CC=C(C=C2)C(=O)NC2=CC=C(C)C(NC3=NC=CC(=N3)C3=CN=CC=C3)=C2)CC1,imatinib,IC50,7.75
6987980,COc1cc2nccc(Oc3ccc(NC(=O)Nc4cccc(c4)[N+](=O)[O-])cc3)c2cc1OC,CHEMBL179360,IC50,7.75
4227988,CCN1CCC(CC1)Oc2ccc3NC(=O)C(=C(c4ccccc4)c5nc6cc(OC)ccc6[nH]5)c3c2,CHEMBL2086749,IC50,7.77
8863090,COc1cc2nccc(Oc3ccc(NC(=O)Nc4ccc(F)cc4F)cc3F)c2cc1OC,CHEMBL179815,IC50,7.77
6984887,COc1cc2nccc(Oc3ccc(NC(=O)Nc4ccc(cc4)[N+](=O)[O-])cc3)c2cc1OC,CHEMBL178568,IC50,7.77
8863102,Cc1ccc(NC(=O)c2ccc(NC(=O)CCl)cc2)cc1Nc3nccc(n3)c4cccnc4,CHEMBL3642833,IC50,7.79
5640825,COc1cc2c(Oc3ccc(NC(=O)C4=NN(C(=O)c5ccccc45)c6ccc(F)cc6)cc3F)ccnc2cc1OCCCN7CCCC7,CHEMBL3309402,IC50,7.8
6984820,COc1ccc(NC(=O)Nc2ccc(Sc3ccnc4cc(OC)c(OC)cc34)cc2)cc1,CHEMBL362486,IC50,7.85
3989803,Cc1cn(cn1)c2cccc(NC(=O)c3ccc(C)c(Nc4nccc(n4)c5cccnc5)c3)c2,CHEMBL2311808,Kd,7.85
6980617,CCCCNC(=O)c1ccc2NC(=O)C(=C(c3ccccc3)c4nc5ccccc5[nH]4)c2c1,CHEMBL2086744,IC50,7.89
6986324,CN1CCC(CC1)Nc2ccc3NC(=O)\C(=C/c4cc5CN(CCc5[nH]4)C(=O)N6CCOCC6)\c3c2,CHEMBL2403373,IC50,7.89
6986795,COc1cc2nccc(Oc3ccc(NC(=O)Nc4ccc(F)cc4F)cc3Cl)c2cc1OC,CHEMBL360349,IC50,7.89
479201,FC(F)(F)c1cccc(c1)C(=O)Nc2cccc(Oc3ccc4nccn4n3)c2,CHEMBL2206666,IC50,7.89
4227711,COC(=O)c1ccc2\C(=C(\Nc3ccc(cc3)N(CCN(C)C)S(=O)(=O)C)/c4ccccc4)\C(=O)Nc2c1,CHEMBL498266,IC50,7.92
480594,Cc1cc(C(=O)Nc2cc(Oc3ccc4nc(NC(=O)C5CC5)nn4c3)ccc2F)n(C)n1,CHEMBL2409778,IC50,7.92
6376949,CSCCCNC(=O)c1ccc2NC(=O)\C(=C/c3[nH]c(C)cc3C)\c2c1,CHEMBL3621299,IC50,7.93
5639842,CC(C)(C)c1onc(NC(=O)Nc2ccc(cc2)c3cn4c5ccc(OCCN6CCOCC6)cc5sc4n3)c1,CHEMBL576982,Kd,7.96
6977686,COC(=O)c1ccc2\C(=C(\Nc3ccc(cc3)C(=O)N(C)CCN(C)C)/c4ccccc4)\C(=O)Nc2c1,CHEMBL525550,IC50,7.96
479101,C[C@@H](O)COc1cn2ncnc(Oc3ccc4[nH]c(C)cc4c3F)c2c1C,CHEMBL377300,Kd,7.96
8863136,Cc1ccc(NC(=O)c2ccc(CN3C(=O)C=CC3=O)cc2)cc1Nc4nccc(n4)c5cccnc5,CHEMBL3642843,IC50,7.97
5641535,CC(C)(C)c1onc(NC(=O)Nc2ccc(NC(=O)c3cc4ccccc4cn3)cc2)c1,CHEMBL1081509,Kd,8.0
478994,CC1(C)CNc2cc(NC(=O)c3cccnc3NCc4ccncc4)ccc12,CHEMBL572881,Kd,8.0
26231,CN[C@@H]1C[C@H]2O[C@@](C)([C@@H]1OC)n3c4ccccc4c5c6CNC(=O)c6c7c8ccccc8n2c7c35,CHEMBL388978,Kd,8.0
6979991,COCCN1CCC(CC1)Nc2ccc3NC(=O)C(=C(c4ccccc4)c5nc6ccccc6[nH]5)c3c2,CHEMBL2086752,IC50,8.0
6987519,COc1cc2nccc(Oc3ccc(NC(=O)Nc4cc(F)cc(F)c4)cc3)c2cc1OC,CHEMBL179816,IC50,8.0
6988958,COc1cc2nccc(Oc3ccc(NC(=O)Nc4ccc(Cl)cc4)cc3)c2cc1OC,CHEMBL179165,IC50,8.0
985681,CC1=NC(NC2=NC=C(S2)C(=O)NC2=C(C)C=CC=C2Cl)=CC(=N1)N1CCN(CCO)CC1,dasatinib,IC50,8.0
5641173,CN1C(C)(C)CC(CC1(C)C)Oc2ccc(nc2)C(=O)Nc3ccc(NC(=O)Nc4cc(on4)C(C)(C)C)cc3,CHEMBL2206277,IC50,8.04
6763366,CC1=C(C(=O)N(C=C1)c2cccc(c2)C(F)(F)F)c3ccc4nc(N)ncc4c3,CHEMBL504805,IC50,8.05
6950961,COC(=O)c1ccc2\C(=C(\Nc3ccc(cc3)N(CC(=O)N(C)C)C(=O)C)/c4ccccc4)\C(=O)Nc2c1,CHEMBL498088,IC50,8.05
326440,N[C@@H]1CC[C@@H](CC1)NC2=C(C(=O)NC=C2)c3nc4ccccc4[nH]3,CHEMBL3780091,IC50,8.05
3993039,Cc1cc(NC(=O)c2ccc(C)c(Nc3nccc(n3)c4cccnc4)c2)cc(c1)n5cnc(C)c5,CHEMBL2311806,IC50,8.09
6950937,COC(=O)c1ccc2\C(=C(\Nc3ccc(cc3)N(C)C(=O)Cn4ccnc4)/c5ccccc5)\C(=O)Nc2c1,CHEMBL524453,IC50,8.1
4228183,COC(=O)c1ccc2\C(=C(\Nc3ccc(cc3)N(CCN(C)C)C(=O)C)/c4ccccc4)\C(=O)Nc2c1,CHEMBL498265,IC50,8.1
8863173,Cc1ccc(NC(=O)c2ccc3CN(CCc3c2)C(=O)C=C)cc1Nc4nccc(n4)c5cccnc5,CHEMBL3642840,IC50,8.1
5641151,CCN1C(C)(C)CC(CC1(C)C)Oc2ccc(nc2)C(=O)Nc3ccc(NC(=O)Nc4cc(on4)C(C)(C)C)cc3,CHEMBL2206278,IC50,8.11
2338185,Cc1nc(Nc2nc3ccc(nc3s2)c4cccc(c4)C(=O)Nc5cccc(c5)C(F)(F)F)cc(n1)N6CCNCC6,CHEMBL2148120,Kd,8.11
5639455,Fc1ccc(NC(=O)CC(=O)Nc2ccc3\C(=C\c4ccc[nH]4)\C(=O)Nc3c2)cc1,CHEMBL3322563,IC50,8.14
4228380,CCN1CCC(CC1)Nc2ccc3NC(=O)C(=C(c4ccc(OC)cc4)c5nc6ccccc6[nH]5)c3c2,CHEMBL2086755,IC50,8.16
4230222,CCN1CCC(CC1)Nc2ccc3NC(=O)C(=C(c4cccc(F)c4)c5nc6ccccc6[nH]5)c3c2,CHEMBL2086756,IC50,8.16
478526,COC(=O)c1ccc2\C(=C(\Nc3ccc(cc3)N(CCCN(C)C)C(=O)C)/c4ccccc4)\C(=O)Nc2c1,CHEMBL525909,IC50,8.16
6987969,COc1cc2nccc(Oc3ccc(NC(=O)Nc4ccc(F)c(F)c4)cc3)c2cc1OC,CHEMBL179719,IC50,8.17
6979179,COc1cc2nccc(Oc3ccc(NC(=O)Nc4ccccc4[N+](=O)[O-])cc3)c2cc1OC,CHEMBL360781,IC50,8.17
6987890,COc1cc2nccc(Oc3ccc(NC(=O)Nc4cccc(F)c4)cc3)c2cc1OC,CHEMBL426602,IC50,8.19
5641591,CCN1CCC(CC1)Oc2ccc(nc2)C(=O)Nc3ccc(NC(=O)Nc4cc(on4)C(C)(C)C)cc3,CHEMBL2203434,IC50,8.21
4229736,CCN1CCC(CC1)Nc2ccc3NC(=O)C(=C(c4cc(F)cc(F)c4)c5nc6ccccc6[nH]5)c3c2,CHEMBL2086757,IC50,8.22
478570,CCN1CCC(CC1)Nc2ccc3NC(=O)C(=C(c4cccc(F)c4)c5ncc[nH]5)c3c2,CHEMBL2086759,IC50,8.22
4229240,CCN1CCC(CC1)Nc2ccc3NC(=O)C(=C(c4ccccc4)c5nc6cc(OC)ccc6[nH]5)c3c2,CHEMBL2086751,IC50,8.22
8863207,CN(C)C\C=C\C(=O)Nc1ccc(NC(=O)c2ccc(C)c(Nc3nccc(n3)c4cccnc4)c2)cc1C(F)(F)F,CHEMBL3642836,IC50,8.23
6988815,COc1cc2nccc(Oc3ccc(NC(=O)Nc4ccc(F)cc4)cc3)c2cc1OC,CHEMBL180331,IC50,8.24
6989047,COc1ccccc1NC(=O)Nc2ccc(Oc3ccnc4cc(OC)c(OC)cc34)cc2,CHEMBL426047,IC50,8.24
38372,CSc1cccc(Nc2ncc3C=C(C(=O)N(C)c3n2)c4c(Cl)cccc4Cl)c1,CHEMBL386051,Kd,8.25
4229410,CCN1CCC(CC1)Nc2ccc3NC(=O)C(=C(c4ccc(C)cc4)c5nc6ccccc6[nH]5)c3c2,CHEMBL2086754,IC50,8.3
478482,CCN1CCC(CC1)Nc2ccc3NC(=O)C(=C(c4ccccc4F)c5nc(C)c[nH]5)c3c2,CHEMBL2087169,IC50,8.3
6988804,COc1cc2nccc(Oc3ccc(NC(=O)Nc4cc(F)ccc4F)cc3)c2cc1OC,CHEMBL179522,IC50,8.33
479349,COc1cc2c(Oc3ccc(NC(=O)C4(CC4)C(=O)Nc5ccc(F)cc5)cc3F)ccnc2cc1OCCCN6CCOCC6,CHEMBL1230609,Kd,8.35
5641370,CC(C)(C)c1onc(NC(=O)Nc2ccc(NC(=O)c3cn4c5ccccc5sc4n3)cc2)c1,CHEMBL575925,Kd,8.37
480606,Cc1cc(C(=O)Nc2cc(Oc3ccc4nc(NC(=O)C5CC5)cn4n3)ccc2C)n(C)n1,CHEMBL2180604,IC50,8.37
479271,Cc1ccc(F)c(NC(=O)Nc2ccc(cc2)c3cccc4[nH]nc(N)c34)c1,CHEMBL223360,Kd,8.38
1179053,CN1C(=O)N(Cc2cnc(N)nc12)c3cc(NC(=O)c4cccc(c4)C(F)(F)F)ccc3C,CHEMBL459850,EC50,8.4
6766679,FC(F)(F)c1cccc(Nc2noc3c(C(=O)Nc4cncnc4)c(Cl)ccc23)c1,CHEMBL491429,IC50,8.4
6988659,COc1cc2nccc(Oc3ccc(NC(=O)Nc4ccccc4F)cc3)c2cc1OC,CHEMBL179227,IC50,8.41
6988980,COc1cc2nccc(Oc3ccc(NC(=O)Nc4ccccc4)cc3)c2cc1OC,CHEMBL368252,IC50,8.44
6986883,COc1cc2nccc(Oc3ccc(NC(=O)Nc4ccccc4C)cc3)c2cc1OC,CHEMBL179061,IC50,8.44
6986916,COc1ccc(NC(=O)Nc2ccc(Oc3ncnc4cc(OC)c(OC)cc34)cc2)cc1,CHEMBL179603,IC50,8.44
6987508,COc1cc2nccc(Oc3ccc(NC(=O)Nc4c(F)cccc4F)cc3)c2cc1OC,CHEMBL179307,IC50,8.46
6988508,COc1cc2nccc(Oc3ccc(NC(=O)Nc4ccc(F)cc4F)cc3)c2cc1OC,CHEMBL360526,IC50,8.47
6988969,COc1cc2nccc(Oc3ccc(NC(=O)Nc4cccc(C)c4)cc3)c2cc1OC,CHEMBL369760,IC50,8.48
479028,[2H]C([2H])([2H])Oc1cc2nccc(Oc3ccc(NC(=O)Nc4cc(C)on4)c(Cl)c3)c2cc1OC([2H])([2H])[2H],CHEMBL3426917,IC50,8.49
479052,CCN1CCC(CC1)Nc2ccc3NC(=O)C(=C(c4cc(F)cc(F)c4)c5nc(C)c[nH]5)c3c2,CHEMBL2087168,IC50,8.52
479304,CCN1CCC(CC1)Nc2ccc3NC(=O)C(=C(c4ccc(Cl)cc4)c5ncc[nH]5)c3c2,CHEMBL2086760,IC50,8.52
4228236,CCN1CCC(CC1)Nc2ccc3NC(=O)C(=C(c4ccccc4)c5nc6ccccc6[nH]5)c3c2,CHEMBL2086753,IC50,8.52
6377282,COc1ccc2c(Oc3ccc(CC(=O)Nc4cn(C)nc4C)c(OC)c3)ccnc2c1,CHEMBL2023489,IC50,8.52
479427,C[C@H](Nc1cncc(Cl)n1)c2cccc(NC(=O)c3cccc(C)c3)c2,CHEMBL504075,Kd,8.52
7969883,CNCC#Cc1cnc(N)c2c(csc12)c3ccc(NC(=O)Nc4cccc(C)c4)cc3,CHEMBL1964441,Ki,8.6
5637220,COc1cc2c(ncnc2cc1OCCCN3CCCCC3)N4CCN(CC4)C(=O)Nc5ccc(OC(C)C)cc5,CHEMBL124660,Kd,8.62
479371,COc1cc2nccc(Oc3ccc(NC(=O)Nc4cc(C)on4)c(Cl)c3)c2cc1OC,CHEMBL1289494,IC50,8.65
8863274,Cc1ccc(NC(=O)c2ccc(NC(=O)C=C)c(c2)C(F)(F)F)cc1Nc3nccc(n3)c4cccnc4,CHEMBL3642830,IC50,8.66
478687,CCN1CCC(CC1)Nc2ccc3NC(=O)C(=C(c4cccc(F)c4)c5nc(C)c[nH]5)c3c2,CHEMBL2087167,IC50,8.7
6987991,COc1ccc(NC(=O)Nc2ccc(Oc3ccnc4cc(OC)c(OC)cc34)cc2)cc1,CHEMBL179593,IC50,8.7
8863288,COc1cccc(NC(=O)Nc2ccc(Oc3ccnc4cc(OC)c(OC)cc34)cc2)c1,CHEMBL178156,IC50,8.7
6988519,COc1cc2nccc(Oc3ccc(NC(=O)Nc4cccc(F)c4F)cc3)c2cc1OC,CHEMBL179698,IC50,8.8
8863571,CN(C)C\C=C\C(=O)Nc1ccc(cc1C(F)(F)F)C(=O)Nc2ccc(C)c(Nc3nccc(n3)c4cccnc4)c2,CHEMBL3642835,IC50,8.85
479438,CNC(=O)c1ncc(C#Cc2cc(ccc2C)C(=O)Nc3ccc(CN4CCN(CCO)CC4)c(c3)C(F)(F)F)n1C,CHEMBL1784637,IC50,8.89
3065722,[O-][N+](=O)c1ccccc1c2n[nH]cc2\C=C\3/C(=O)Nc4ccccc34,CHEMBL2347053,IC50,8.92
213374,Cc1[nH]c(\C=C\2/C(=O)Nc3ccc(F)cc23)c(C)c1C(=O)NC[C@H](O)CN4CCOCC4,CHEMBL1721885,Kd,8.96
5641798,CC(C)(C)c1onc(NC(=O)Nc2ccc(NC(=O)c3ncccc3O)cc2)c1,CHEMBL1079545,Kd,9.0
5641660,Cn1cc(Nc2ncc(Br)c(N[C@@H]3[C@@H]4C[C@@H](C=C4)[C@@H]3C(=O)N)n2)cn1,CHEMBL2071201,IC50,9.0
5641904,COc1ccc(NC(=O)Nc2ccc3\C(=C\c4[nH]cc(C(=O)O)c4C)\C(=O)Nc3c2)cc1,CHEMBL1173411,IC50,9.01
480757,Nc1ncc(c2cnn(CCO)c2)c3scc(c4ccc(NC(=O)Nc5cccc(F)c5)cc4)c13,CHEMBL1980297,Ki,9.1
8863596,Cc1ccc(cc1Nc2nccc(n2)c3cccnc3)C(=O)Nc4ccc(NC(=O)CCl)c(c4)C(F)(F)F,CHEMBL3642837,IC50,9.14
478442,CNC(=O)C1=C(SC2=CC=C3C(NN=C3\C=C\C3=CC=CC=N3)=C2)C=CC=C1,axitinib,Kd,9.29
2338165,COc1cc(Oc2ccnc3cc(OC)c(OC)cc23)ccc1NC(=O)NC(C)c4nccs4,CHEMBL1908396,Kd,9.31
479470,COc1cc2c(Oc3ccc4[nH]c(C)cc4c3F)ncnc2cc1OCCCN5CCCC5,CHEMBL491473,Kd,9.39
479005,COc1cc(O)c2C(=O)O[C@@H](C)C\C=C/C(=O)[C@@H](O)[C@H](O)C\C=C\c2c1,CHEMBL1668411,IC50,9.62
