id,smiles,name,assay_type,activity_value
4003301,CN1CCC(CC1)Oc2ccnc3ccc(cc23)C#CCNC(=O)C4=CN=CN(Cc5ccc(F)c(F)c5)C4=O,CHEMBL3689280,IC50,7.54
4003312,NS(=O)(=O)c1ccc2NC(=O)\C(=C(\c3ccccc3)/c4ccc[nH]4)\c2c1,CHEMBL267837,IC50,7.54
4003322,Fc1ccc(CN2C=NC=C(C(=O)NCC#Cc3ccc4ncc5ncn([C@H]6CCNC6)c5c4c3)C2=O)cc1F,CHEMBL3644694,IC50,7.55
4003331,CC(C)n1c(C)nc2cnc3ccc(cc3c12)C#CCNC(=O)C4=CC=CN(CC5CCCC5)C4=O,CHEMBL3644718,IC50,7.57
4003340,CN(C)c1c(cnc2ccc(cc12)C#CCNC(=O)C3=CC=CN(Cc4ccc(F)c(F)c4)C3=O)C#N,CHEMBL3640527,IC50,7.57
4003349,CNc1cnc2ccc(cc2n1)C#CCNC(=O)C3=CN=CN(Cc4ccc(F)c(F)c4)C3=O,CHEMBL3689186,IC50,7.57
4003359,OP(=O)(O)OC[C@H]1[C@@H](OCc2ccccc2)[C@@H](OP(=O)(O)O)[C@H](OP(=O)(O)O)[C@@H](OP(=O)(O)O)[C@@H]1OP(=O)(O)O,CHEMBL3823242,IC50,7.58
4003370,OP(=O)(O)O[C@H]1[C@H](OCc2ccccc2)[C@H](OP(=O)(O)O)[C@H](OP(=O)(O)O)[C@@H](OP(=O)(O)O)[C@@H]1OP(=O)(O)O,CHEMBL2332032,IC50,7.58
1343124,Brc1cnc(Nc2cccc(NC(=O)N3CCCC3)c2)nc1NCCCNC(=O)c4cccs4,CHEMBL2207217,IC50,7.59
4003382,CN(C)c1ncnc2ccc(cc12)C#CCNC(=O)C3=CN=CN(Cc4ccc(F)c(F)c4)C3=O,CHEMBL3640441,IC50,7.59
4003391,CN1CC[C@H](C1)n2cnc3cnc4ccc(cc4c23)C#CCNC(=O)C5=CN=CN(Cc6ccc(F)c(F)c6)C5=O,CHEMBL3644685,IC50,7.59
4003401,COc1cc2ncc3c(N)nc(cc3c2cc1OC)c4cncc(N)c4,CHEMBL572235,IC50,7.59
4003411,Fc1ccc(CN2C=NC=C(C(=O)NCC#Cc3ccc4nccc(OCC5CCOCC5)c4c3)C2=O)cc1F,CHEMBL3689300,IC50,7.59
4003421,CC(C)(C)OC(=O)N[C@@H]1CCCN(C1)c2cc(nc(N)n2)c3ccc4c(N)n[nH]c4c3,CHEMBL1765748,IC50,7.6
4003431,CN(C)CCOc1ccnc2ccc(cc12)C#CCNC(=O)C3=CC=CN(Cc4ccc(F)c(F)c4)C3=O,CHEMBL3689267,IC50,7.6
4003440,CN1CCC(C1)NC(=O)c2cnc3ccc(cc3c2)C#CCNC(=O)C4=CN=CN(Cc5ccc(F)c(F)c5)C4=O,CHEMBL3640520,IC50,7.62
4003450,CNc1nc(cc(n1)c2ccc3c(N)n[nH]c3c2)N4C[C@H](OC[C@H]4C)C(=O)NC5CCCCC5,CHEMBL1765743,IC50,7.62
4003460,COCCc1nc2cnc3ccc(cc3c2n1C)C#CCNC(=O)C4=CN=CN(Cc5ccc(F)c(F)c5)C4=O,CHEMBL3647290,IC50,7.62
4003470,COc1cc2ncc3c(N)nc(cc3c2cc1OC)c4cncc(Nc5ccccc5CCO)c4,CHEMBL585339,IC50,7.62
4003480,COc1ccc(cc1)N(C[C@H](O)CO)c2cc(nc(N)n2)c3c[nH]c4ncc(cc34)c5cnn(C)c5,CHEMBL3652562,IC50,7.62
4003489,Cc1n[nH]cc1c2ccnc3ccc(cc23)C#CCNC(=O)C4=CN=CN(Cc5ccc(F)c(F)c5)C4=O,CHEMBL3640526,IC50,7.62
4003498,CN(C)CCCN(C)c1ccnc2ccc(cc12)C#CCNC(=O)C3=CN=CN(Cc4ccc(F)c(F)c4)C3=O,CHEMBL3689258,IC50,7.64
4003507,Fc1ccc(CN2C=CC=C(C(=O)NCC#Cc3ccc4nccc(OC5CCNCC5)c4c3)C2=O)cc1F,CHEMBL3689283,IC50,7.64
4003516,Fc1ccc(CN2C=NC=C(C(=O)NCC#Cc3ccc4ncc(OC5CCNCC5)cc4c3)C2=O)cc1F,CHEMBL3689256,IC50,7.64
4003525,CC(=O)NCCCN(c1ccccc1)c2cc(nc(N)n2)c3c[nH]c4ncc(cc34)c5cnn(C)c5,CHEMBL3652591,IC50,7.66
4003534,CN(C)CCc1nc2cnc3ccc(cc3c2n1C)C#CCNC(=O)C4=CN=CN(Cc5ccc(F)c(F)c5)C4=O,CHEMBL3647299,IC50,7.66
4003544,C[C@@H]1C[C@H](CN(C1)c2cc(nc(N)n2)c3ccc4c(N)n[nH]c4c3)N(C)C(=O)CC(C)(C)C,CHEMBL1765751,IC50,7.66
4003554,CC(=C)c1cnc2ccc(cc2n1)C#CCNC(=O)C3=CN=CN(Cc4ccc(F)c(F)c4)C3=O,CHEMBL3640549,IC50,7.68
4003563,CC(=O)N[C@@H]1CCN(C1)c2ncnc3ccc(cc23)C#CCNC(=O)C4=CC=CN(Cc5ccc(F)c(F)c5)C4=O,CHEMBL3640467,IC50,7.68
4003572,CC(C)N1CCC(CC1)n2c(C)nc3cnc4ccc(cc4c23)C#CCNC(=O)C5=CC=NN(Cc6ccc(F)c(F)c6)C5=O,CHEMBL3644731,IC50,7.68
4003581,CC(C)Nc1cnc2ccc(cc2n1)C#CCNC(=O)C3=CN=CN(Cc4ccc(F)c(F)c4)C3=O,CHEMBL3689206,IC50,7.68
4003590,CN(C1CCN(C)CC1)c2cnc3ccc(cc3n2)C#CCNC(=O)C4=CN=CN(Cc5ccc(F)c(F)c5)C4=O,CHEMBL3689199,IC50,7.68
4003599,CNC(=O)c1cnc2ccc(C#CCNC(=O)C3=CN=CN(Cc4ccc(F)c(F)c4)C3=O)c(C)c2c1,CHEMBL3689253,IC50,7.68
4003609,COc1cc2ncc3c(N)nc(cc3c2cc1OC)c4cncc(OC[C@H](N)Cc5cccc(c5)C(F)(F)F)c4,CHEMBL1095285,IC50,7.68
4003619,O[C@@H]1CC[C@H](CC1)Nc2cnc3ccc(cc3n2)C#CCNC(=O)C4=CN=CN(Cc5ccc(F)c(F)c5)C4=O,CHEMBL3639880,IC50,7.68
4003628,CN(C)CCCNC(=O)c1cnc2ccc(cc2c1)C#CCNC(=O)C3=CN=CN(Cc4ccc(F)c(F)c4)C3=O,CHEMBL3640504,IC50,7.7
4003637,CN1CC(C1)NC(=O)c2cnc3ccc(cc3c2)C#CCNC(=O)C4=CN=CN(Cc5ccc(F)c(F)c5)C4=O,CHEMBL3640514,IC50,7.7
4003646,CN1CC[C@H](C1)n2cnc3cnc4ccc(cc4c23)C#CCNC(=O)C5=CC=CN(Cc6ccc(F)c(F)c6)C5=O,CHEMBL3644742,IC50,7.7
4003656,Nc1nc(Nc2ccccc2)cc(n1)c3ccc4c(N)n[nH]c4c3,CHEMBL1765876,IC50,7.7
4003667,Nc1nc(cc(n1)c2ccc3c(N)[nH]nc3c2)N4CCO[C@@H](C4)C(=O)Nc5ccccc5,CHEMBL1614774,IC50,7.7
4003678,CNc1nc(cc(n1)c2ccc3c(N)n[nH]c3c2)N4C[C@H](C)C[C@H](C4)N(C)C(=O)OC(C)(C)C,CHEMBL1765750,IC50,7.72
4003688,Cn1c(CF)nc2cnc3ccc(cc3c12)C#CCNC(=O)C4=CN=CN(Cc5ccc(F)c(F)c5)C4=O,CHEMBL3647291,IC50,7.72
4003697,Fc1ccc(CN2C=NC=C(C(=O)NCC#Cc3ccc4nccc(c5cc[nH]c5)c4c3)C2=O)cc1F,CHEMBL3640521,IC50,7.72
4003706,CN1CC[C@@H](C1)n2cnc3cnc4ccc(cc4c23)C#CCNC(=O)C5=CN=CN(Cc6ccc(F)c(F)c6)C5=O,CHEMBL3644686,IC50,7.75
4003716,COc1cc2ncc3c(N)nc(cc3c2cc1OC)c4cncc(OC[C@H](N)CC(C)C)c4,CHEMBL1094637,IC50,7.75
4003726,COc1nc2cnc3ccc(cc3c2n1C)C#CCNC(=O)C4=CN=CN(Cc5ccc(F)c(F)c5)C4=O,CHEMBL3647296,IC50,7.75
4003737,NC(=O)Nc1ccc2NC(=O)\C(=C/c3ccc[nH]3)\c2c1,CHEMBL442229,IC50,7.75
4003747,OCCn1cnc2cnc3ccc(cc3c12)C#CCNC(=O)C4=CC=CN(Cc5ccc(F)c(F)c5)C4=O,CHEMBL3644738,IC50,7.75
4003756,OC[C@@H](N1C=CC=C(C(=O)NCC#Cc2ccc3ncc4ncn(C5CCNC5)c4c3c2)C1=O)c6ccccc6,CHEMBL3644728,IC50,7.75
4003765,CC(C)n1cc(cn1)c2cnc3[nH]cc(c4cc(nc(N)n4)N(CCO)c5ccccc5Cl)c3c2,CHEMBL3652572,IC50,7.77
4003774,CN(C)CCSc1cnc2ccc(cc2n1)C#CCNC(=O)C3=CN=CN(Cc4ccc(F)c(F)c4)C3=O,CHEMBL3689190,IC50,7.77
4003784,COc1cc2ncc3c(N)nc(cc3c2cc1OC)c4cncc(OC[C@H](N)Cc5ccccc5)c4,CHEMBL1095294,IC50,7.77
4003794,C[C@H](N1C=CC=C(C(=O)NCC#Cc2ccc3nccc(OC[C@@H]4CCCN(CCN5CCOCC5)C4)c3c2)C1=O)c6cc(F)c(F)c(F)c6,CHEMBL3689313,IC50,7.77
4003803,Cn1cc(cn1)c2cnc3[nH]cc(c4cc(nc(N)n4)N(CCC(=O)N)c5ccccc5)c3c2,CHEMBL3652589,IC50,7.77
4003812,CN(c1ccccc1)c2cc(nc(N)n2)c3c[nH]c4ncc(cc34)c5cnn(C)c5,CHEMBL3652568,IC50,7.78
4003821,CC(C)n1c(C)nc2cnc3ccc(cc3c12)C#CCNC(=O)C4=CC=CN([C@@H](CN)c5ccccc5)C4=O,CHEMBL3644714,IC50,7.8
4003830,CN(C)CCCOc1ccnc2ccc(cc12)C#CCNC(=O)C3=CC=NN(Cc4ccc(F)c(F)c4)C3=O,CHEMBL3689299,IC50,7.8
4003839,CN(C)CCCn1cnc2cnc3ccc(cc3c12)C#CCNC(=O)C4=CN=CN(Cc5ccc(F)c(F)c5)C4=O,CHEMBL3644687,IC50,7.8
4003848,CN(Cc1ccccc1)c2ncnc3ccc(cc23)C#CCNC(=O)C4=CN=CN(Cc5ccc(F)c(F)c5)C4=O,CHEMBL3640442,IC50,7.8
4003857,CON(C)c1ncnc2ccc(cc12)C#CCNC(=O)C3=CN=CN(Cc4ccc(F)c(F)c4)C3=O,CHEMBL3640499,IC50,7.8
4003868,C[C@H]1CC[C@H](CN1c2cc(nc(N)n2)c3ccc4c(N)[nH]nc4c3)NC(=O)OC(C)(C)C,CHEMBL1614776,IC50,7.8
4003878,Fc1ccc(CN2C=NC=C(C(=O)NCC#Cc3ccc4ncc5ncn(C6CCNC6)c5c4c3)C2=O)cc1F,CHEMBL3644692,IC50,7.8
4003887,CC(C)n1c(C)nc2cnc3ccc(cc3c12)C#CCNC(=O)C4=CC=CN(CC5C[C@@H]6CC[C@H]5C6)C4=O,CHEMBL3644715,IC50,7.82
4003896,CN(C)CCCOc1ccnc2ccc(cc12)C#CCNC(=O)C3=CN=CN(Cc4ccc(F)c(F)c4)C3=O,CHEMBL3689257,IC50,7.82
4003905,CN(C)[C@@H]1CC[C@@H](CC1)n2cnc3cnc4ccc(cc4c23)C#CCNC(=O)C5=CC(=NN(Cc6ccc(F)c(F)c6)C5=O)C,CHEMBL3644730,IC50,7.82
4003914,CN(c1ccccc1)c2ncnc3ccc(cc23)C#CCNC(=O)C4=CN=CN(Cc5ccc(F)c(F)c5)C4=O,CHEMBL3640485,IC50,7.82
4003924,CO[C@@H]1[C@@H](C[C@H]2O[C@]1(C)n3c4ccccc4c5c6[C@H](O)NC(=O)c6c7c8ccccc8n2c7c35)N(C)C(=O)c9ccccc9,CHEMBL1240703,Kd,7.82
4003935,COc1cc2ncc3c(N)nc(cc3c2cc1OC)c4cncc(OC[C@H](N)Cc5c[nH]c6ccccc56)c4,CHEMBL1097604,IC50,7.82
4003946,COc1cc2ncc3c(N)nc(cc3c2cc1OC)c4cncc(OC[C@H](N)Cc5ccc(F)cc5)c4,CHEMBL1095622,IC50,7.82
4003956,Fc1ccc(CN2C=NC=C(C(=O)NCC#Cc3ccc4nccc(OC5CCNCC5)c4c3)C2=O)cc1F,CHEMBL3689282,IC50,7.82
4003965,CC(C)n1c(C)nc2cnc3ccc(cc3c12)C#CCNC(=O)C4=CC=CN(CC5CCCCC5)C4=O,CHEMBL3644711,IC50,7.85
4003975,CC\C(=C/1\C(=O)Nc2ccc(cc12)S(=O)(=O)N)\c3ccc[nH]3,CHEMBL234811,IC50,7.85
4003985,CN1CCN(CCCOc2ccnc3ccc(cc23)C#CCNC(=O)C4=CN=CN(Cc5ccc(F)c(F)c5)C4=O)CC1,CHEMBL3689269,IC50,7.85
4003994,CNc1ncnc2ccc(cc12)C#CCNC(=O)C3=CC=CN([C@H](CO)c4ccccc4)C3=O,CHEMBL3640500,IC50,7.85
4004004,COc1cc2ncc3c(N)nc(cc3c2cc1OC)c4cncc(OC[C@@H](N)CC(C)C)c4,CHEMBL1094321,IC50,7.85
4004014,Cn1c(CCO)nc2cnc3ccc(cc3c12)C#CCNC(=O)C4=CN=CN(Cc5ccc(F)c(F)c5)C4=O,CHEMBL3647293,IC50,7.85
4004023,Fc1ccc(CN2C=NC=C(C(=O)NCC#Cc3ccc4nccc(C5=CCCNC5)c4c3)C2=O)cc1F,CHEMBL3640524,IC50,7.85
4004032,CCN1CCC(CC1)n2c(C)nc3cnc4ccc(cc4c23)C#CCNC(=O)C5=CC(=NN(Cc6ccc(F)c(F)c6)C5=O)C,CHEMBL3644725,IC50,7.89
4004042,CCc1cc(nc(N)n1)c2c[nH]c3ncc(cc23)c4cn[nH]c4,CHEMBL3813865,IC50,7.89
4004052,CN(C)CC(C)(C)COc1ccnc2ccc(cc12)C#CCNC(=O)C3=CN=CN(Cc4ccc(F)c(F)c4)C3=O,CHEMBL3689271,IC50,7.89
4004061,CN(C1CC1)c2ncnc3ccc(cc23)C#CCNC(=O)C4=CN=CN(Cc5ccc(F)c(F)c5)C4=O,CHEMBL3640457,IC50,7.89
4004071,COc1cc2ncc3c(N)nc(cc3c2cc1OC)c4cncc(OC[C@@H](N)Cc5cccc(c5)C(F)(F)F)c4,CHEMBL1098302,IC50,7.89
4004081,Cn1cc(cn1)c2cnc3[nH]cc(c4cc(nc(N)n4)N(CCO)c5ccccc5)c3c2,CHEMBL3652561,IC50,7.89
4004090,CCN(c1ccccc1)c2cc(nc(N)n2)c3c[nH]c4ncc(cc34)c5cnn(C)c5,CHEMBL3652569,IC50,7.92
4004099,CN(C)CCCOc1ccnc2ccc(cc12)C#CCNC(=O)C3=CC=CN(Cc4ccc(F)c(F)c4)C3=O,CHEMBL3689262,IC50,7.92
4004108,CN1CCC(CC1)NC(=O)c2cnc3ccc(cc3c2)C#CCNC(=O)C4=CN=CN(Cc5ccc(F)c(F)c5)C4=O,CHEMBL3640508,IC50,7.92
4004117,CNc1ncnc2ccc(cc12)C#CCNC(=O)C3=CN=CN(Cc4ccc(F)c(F)c4)C3=O,CHEMBL3640438,IC50,7.92
4004126,OCC(N1C=CC=C(C(=O)NCC#Cc2ccc3nccc(OCC4CCOC4)c3c2)C1=O)c5ccc(F)c(F)c5,CHEMBL3689298,IC50,7.92
4004135,CC(C)N1CCC(CC1)n2cnc3cnc4ccc(cc4c23)C#CCNC(=O)C5=CN=CN(Cc6ccc(F)c(F)c6)C5=O,CHEMBL3644690,IC50,7.96
4004144,CCOc1ccnc2ccc(cc12)C#CCNC(=O)C3=CC=CN(C(CO)c4ccc(F)c(F)c4)C3=O,CHEMBL3639881,IC50,7.96
4004153,CN(C)CCCNc1cnc2ccc(C#CCNC(=O)C3=CN=CN(Cc4ccc(F)c(F)c4)C3=O)c(C)c2n1,CHEMBL3640542,IC50,7.96
4004162,CN1CC[C@@H](C1)n2cnc3cnc4ccc(cc4c23)C#CCNC(=O)C5=CC(=NN(Cc6ccc(F)c(F)c6)C5=O)Cl,CHEMBL3644743,IC50,7.96
4004171,COCC(O)CN(c1ccccc1)c2cc(nc(N)n2)c3c[nH]c4ncc(cc34)c5cnn(C)c5,CHEMBL3652578,IC50,7.96
4004180,NC1CCC(C1)Nc2cnc3ccc(cc3n2)C#CCNC(=O)C4=CN=CN(Cc5ccc(F)c(F)c5)C4=O,CHEMBL3689214,IC50,7.96
4004189,OCC(N1C=CC=C(C(=O)NCC#Cc2ccc3nccc(OCC4CCOCC4)c3c2)C1=O)c5ccc(F)c(F)c5,CHEMBL3689309,IC50,7.96
4004198,CN1CCC[C@H](C1)n2cnc3cnc4ccc(cc4c23)C#CCNC(=O)C5=CN=CN(Cc6ccc(F)c(F)c6)C5=O,CHEMBL3644688,IC50,8.0
4004209,CNc1nc(cc(n1)c2ccc3c(N)n[nH]c3c2)N4C[C@H](CC[C@H]4C)C(=O)NC5CCCCC5,CHEMBL1765740,IC50,8.0
4004219,CNc1ncnc2ccc(cc12)C#CCNC(=O)C3=CC(=NN(Cc4ccc(F)c(F)c4)C3=O)Cl,CHEMBL3640495,IC50,8.0
4004229,NC(=O)Nc1ccc2NC(=O)\C(=C(\c3ccncc3)/c4ccc[nH]4)\c2c1,CHEMBL232177,IC50,8.0
4004239,CN(c1cc(nc(N)n1)c2c[nH]c3ncc(cc23)c4cnn(C)c4)c5ccccc5F,CHEMBL3652566,IC50,8.01
4004304,CNc1ncnc2ccc(cc12)C#CCNC(=O)C3=CC(=NN(Cc4ccc(F)c(F)c4)C3=O)OC,CHEMBL3640496,IC50,8.05
4004313,COCCN1CCC(CC1)Nc2cnc3ccc(cc3c2)C#CCNC(=O)C4=CC=CN([C@@H](C)c5ccc(F)c(F)c5)C4=O,CHEMBL3689247,IC50,8.05
4004322,COCCN1CCC(CC1)Nc2cnc3ccc(cc3n2)C#CCNC(=O)C4=CC=CN(Cc5ccc(F)c(F)c5)C4=O,CHEMBL3689219,IC50,8.05
4004332,COc1cc2ncc3c(N)nc(cc3c2cc1OC)c4cncc(OC[C@@H](N)Cc5ccncc5)c4,CHEMBL1097973,IC50,8.05
4004342,Fc1ccc(CN2C=CC=C(C(=O)NCC#Cc3ccc4ncc(NC5CCN(CC5)C6COC6)nc4c3)C2=O)cc1F,CHEMBL3689227,IC50,8.05
4004351,Fc1ccc(CN2C=NC=C(C(=O)NCC#Cc3ccc4ncc5ncn([C@H]6CCCNC6)c5c4c3)C2=O)cc1F,CHEMBL3644691,IC50,8.05
4004361,NC(=O)Nc1ccc2NC(=O)\C(=C(\c3cccc(N)c3)/c4ccc[nH]4)\c2c1,CHEMBL391101,IC50,8.05
4004371,Cn1cc(cn1)c2cnc3[nH]cc(c4cc(nc(N)n4)N(CCCN)c5ccccc5)c3c2,CHEMBL3652588,IC50,8.06
4004380,CC(C)N1CCC(CC1)n2c(C)nc3cnc4ccc(cc4c23)C#CCNC(=O)C5=CC=CN(Cc6ccc(F)c(F)c6)C5=O,CHEMBL3644723,IC50,8.1
4004389,CC(C)n1c(C)nc2cnc3ccc(cc3c12)C#CCNC(=O)C4=CC=CN(Cc5ccccc5)C4=O,CHEMBL3644696,IC50,8.1
4004398,CCN(CC)c1ncnc2ccc(cc12)C#CCNC(=O)C3=CC(=NN(Cc4ccc(F)c(F)c4)C3=O)Cl,CHEMBL3640480,IC50,8.1
4004407,CCN(CC)c1ncnc2ccc(cc12)C#CCNC(=O)C3=CC=CN(C(C)c4ccc(F)c(F)c4)C3=O,CHEMBL3640491,IC50,8.1
4004416,CCN1CC[C@@H](Nc2cnc3ccc(cc3n2)C#CCNC(=O)C4=CN=CN(Cc5ccc(F)c(F)c5)C4=O)[C@@H](F)C1,CHEMBL3689215,IC50,8.1
4004425,CCc1nc2cnc3ccc(cc3c2n1C)C#CCNC(=O)C4=CN=CN(Cc5ccc(F)c(F)c5)C4=O,CHEMBL3647295,IC50,8.1
4004434,CN1CCC(CC1)Nc2cnc3ccc(cc3n2)C#CCNC(=O)C4=CC=CN([C@H](CO)c5ccccc5)C4=O,CHEMBL3689203,IC50,8.1
4004443,CNc1ncnc2ccc(C#CCNC(=O)C3=CC=CN(Cc4ccc(F)c(F)c4)C3=O)c(C)c12,CHEMBL3640541,IC50,8.1
4004452,CNc1ncnc2ccc(cc12)C#CCNC(=O)C3=CC=CN([C@@H](C)c4ccc(F)c(F)c4)C3=O,CHEMBL3640497,IC50,8.1
4004461,COCCN1CCC(CC1)Nc2cnc3ccc(cc3c2)C#CCNC(=O)C4=CC=CN(Cc5ccc(F)c(F)c5)C4=O,CHEMBL3689243,IC50,8.1
4004470,COCCN1CCC(CC1)Nc2cnc3ccc(cc3n2)C#CCNC(=O)C4=CC=NN(Cc5ccc(F)c(F)c5)C4=O,CHEMBL3689223,IC50,8.1
4004480,COc1cc2ncc3c(N)nc(cc3c2cc1OC)c4cncc(OC[C@@H](N)Cc5cccc(Cl)c5)c4,CHEMBL1096271,IC50,8.1
4004491,COc1cc2ncc3c(N)nc(cc3c2cc1OC)c4cncc(OC[C@@H](N)Cc5ccccc5)c4,CHEMBL1097602,IC50,8.1
4004502,COc1cc2ncc3c(N)nc(cc3c2cc1OC)c4cncc(OC[C@@H](N)Cc5ccccc5Cl)c4,CHEMBL1095931,IC50,8.1
4004513,C[C@@H]1CC[C@@H](CN1c2cc(nc(N)n2)c3ccc4c(N)n[nH]c4c3)C(=O)NC5CCCCC5,CHEMBL1765739,IC50,8.1
4004523,C[C@H](N1C=CC=C(C(=O)NCC#Cc2ccc3ncc(NC4CCN(CC4)C5COC5)nc3c2)C1=O)c6ccc(F)c(F)c6,CHEMBL3689228,IC50,8.1
4004532,Cc1nc2cnc3ccc(cc3c2n1C)C#CCNC(=O)C4=CN=CN(Cc5ccc(F)c(F)c5)C4=O,CHEMBL3644760,IC50,8.1
4004541,Cn1cc(cn1)c2cnc3[nH]cc(c4cc(nc(N)n4)N(CCC#N)c5ccccc5)c3c2,CHEMBL3652586,IC50,8.1
4004550,Fc1ccc(CN2C=NC=C(C(=O)NCC#Cc3ccc4ncc(NC5CCN(CC5)C6CC6)nc4c3)C2=O)cc1F,CHEMBL3689194,IC50,8.1
4004559,Fc1ccc(CN2C=NC=C(C(=O)NCC#Cc3ccc4ncc5ncn(C6CCNCC6)c5c4c3)C2=O)cc1F,CHEMBL3644693,IC50,8.1
4004568,Fc1ccc(CN2N=CC=C(C(=O)NCC#Cc3ccc4ncc(NC5CCN(CC5)C6COC6)nc4c3)C2=O)cc1F,CHEMBL3689224,IC50,8.1
4004577,CN(c1cc(nc(N)n1)c2c[nH]c3ncc(cc23)c4cnn(C)c4)c5ccccc5Cl,CHEMBL3652567,IC50,8.12
4004586,CC(C)N1CCC(CC1)n2cnc3cnc4ccc(cc4c23)C#CCNC(=O)C5=CC=CN(Cc6ccc(F)c(F)c6)C5=O,CHEMBL3644727,IC50,8.16
4004595,CCN1CCC(CC1)Nc2cnc3ccc(cc3n2)C#CCNC(=O)C4=CC=CN(Cc5ccc(F)c(F)c5)C4=O,CHEMBL3689216,IC50,8.16
4004604,COCCN(c1cc(nc(N)n1)c2c[nH]c3ncc(cc23)c4cnn(C)c4)c5ccccc5Cl,CHEMBL3652585,IC50,8.16
4004613,Cc1nc2cnc3ccc(cc3c2n1CCc4ccccc4)C#CCNC(=O)C5=CC(=NN(Cc6ccc(F)c(F)c6)C5=O)Cl,CHEMBL3644734,IC50,8.16
4004622,Fc1ccc(CN2N=CC=C(C(=O)NCC#Cc3ccc4ncc(N[C@@H]5CC[C@H](CC5)N6CCOCC6)nc4c3)C2=O)cc1F,CHEMBL3689230,IC50,8.16
4004631,OC[C@@H](N1C=CC=C(C(=O)NCC#Cc2ccc3ncc(N[C@@H]4CC[C@H](CC4)N5CCN(CC6CC6)CC5)nc3c2)C1=O)c7ccccc7,CHEMBL3689235,IC50,8.16
4004640,OC[C@H](N1C=CC=C(C(=O)NCC#Cc2ccc3ncc4ncn(C5CCOC5)c4c3c2)C1=O)c6cccc(F)c6,CHEMBL3644749,IC50,8.16
4004649,Cn1cc(cn1)c2cnc3[nH]cc(c4cc(nc(N)n4)N(CCO)c5ccc(F)cc5F)c3c2,CHEMBL3652581,IC50,8.19
4004659,CC[C@@H]1CO[C@@H](CN1c2cc(nc(NC)n2)c3ccc4c(N)n[nH]c4c3)C(=O)NC5CCCCC5,CHEMBL1765744,IC50,8.2
4004670,C[C@@H]1C[C@H](CN(C1)c2cc(nc(N)n2)c3ccc4c(N)[nH]nc4c3)NC(=O)OC(C)(C)C,CHEMBL1614777,IC50,8.2
4004680,CCN(CC)CCCOc1ccnc2ccc(cc12)C#CCNC(=O)C3=CN=CN(Cc4ccc(F)c(F)c4)C3=O,CHEMBL3689307,IC50,8.22
4004689,CCN(CC)c1ncnc2ccc(cc12)C#CCNC(=O)C3=CC=CN([C@H](CO)c4ccccc4)C3=O,CHEMBL3640493,IC50,8.22
4004698,CCN1CCC(CC1)Nc2cnc3ccc(cc3n2)C#CCNC(=O)C4=CN=CN(Cc5ccc(F)c(F)c5)C4=O,CHEMBL3689193,IC50,8.22
4004708,CC[C@H](N)COc1cncc(c1)c2cc3c(cnc4cc(OC)c(OC)cc34)c(N)n2,CHEMBL1097956,IC50,8.22
4004718,CN(C)CCCc1nc2cnc3ccc(cc3c2n1C)C#CCNC(=O)C4=CN=CN(Cc5ccc(F)c(F)c5)C4=O,CHEMBL3647298,IC50,8.22
4004727,CN(Cc1cccc2ncccc12)c3ncnc4ccc(cc34)C#CCNC(=O)C5=CC=CN(Cc6ccc(F)c(F)c6)C5=O,CHEMBL3640483,IC50,8.22
4004736,CN1CCC(CC1)n2c(C)nc3cnc4ccc(cc4c23)C#CCNC(=O)C5=CC=CN(Cc6ccc(F)c(F)c6)C5=O,CHEMBL3644726,IC50,8.22
4004745,CN1CC[C@@H](COc2ccnc3ccc(cc23)C#CCNC(=O)C4=CC=CN(Cc5cc(F)c(F)c(F)c5)C4=O)C1,CHEMBL3689306,IC50,8.22
4004755,COc1cc2ncc3c(N)nc(cc3c2cc1OC)c4cncc(OC[C@@H](N)Cc5c[nH]c6ccccc56)c4,CHEMBL1095612,IC50,8.22
4004766,COc1cc2ncc3c(N)nc(cc3c2cc1OC)c4cncc(OC[C@@H](N)Cc5ccc(Cl)c(Cl)c5)c4,CHEMBL1097972,IC50,8.22
4004777,COc1cc2ncc3c(N)nc(cc3c2cc1OC)c4cncc(OC[C@H](C)N)c4,CHEMBL1095279,IC50,8.22
4004787,COc1ccc(CN(C)c2ncnc3ccc(cc23)C#CCNC(=O)C4=CC=CN(Cc5ccc(F)c(F)c5)C4=O)cc1,CHEMBL3640489,IC50,8.22
4004798,C\C(=C/1\C(=O)Nc2ccc(NC(=O)N)cc12)\c3ccc[nH]3,CHEMBL228654,IC50,8.22
26231,CN[C@@H]1C[C@H]2O[C@@](C)([C@@H]1OC)n3c4ccccc4c5c6CNC(=O)c6c7c8ccccc8n2c7c35,CHEMBL388978,IC50,8.28
4004810,CC(C)n1c(C)nc2cnc3ccc(cc3c12)C#CCNC(=O)C4=C(C)N(C)N(C(C)c5ccc(F)c(F)c5)C4=O,CHEMBL3644708,IC50,8.3
4004819,CC(C)n1c(C)nc2cnc3ccc(cc3c12)C#CCNC(=O)C4=C(C)N(C)N(Cc5ccc(F)c(F)c5)C4=O,CHEMBL3644709,IC50,8.3
4004828,CC(C)n1c(C)nc2cnc3ccc(cc3c12)C#CCNC(=O)C4=CC(=NN(Cc5ccc(F)c(F)c5)C4=O)Cl,CHEMBL3644698,IC50,8.3
4004837,CCC1=C(C(=O)NCC#Cc2ccc3ncc4nc(C)n(C(C)C)c4c3c2)C(=O)N(Cc5ccc(F)c(F)c5)N1C,CHEMBL3644706,IC50,8.3
4004846,CCOC1=NN(Cc2ccc(F)c(F)c2)C(=O)C(=C1)C(=O)NCC#Cc3ccc4ncc5ncn(C(C)C)c5c4c3,CHEMBL3644761,IC50,8.3
4004855,CN(C)CCCCOc1ccnc2ccc(cc12)C#CCNC(=O)C3=CN=CN(Cc4ccc(F)c(F)c4)C3=O,CHEMBL3689297,IC50,8.3
4004864,CN(C)CCCOc1ccnc2ccc(cc12)C#CCNC(=O)C3=CC=CN(Cc4cc(F)c(F)c(F)c4)C3=O,CHEMBL3689296,IC50,8.3
4004873,CN(C)[C@@H]1CC[C@H](CC1)Nc2cnc3ccc(cc3n2)C#CCNC(=O)C4=CN=CN(Cc5ccc(F)c(F)c5)C4=O,CHEMBL3689213,IC50,8.3
4004882,CN1CCC(CC1)Nc2cnc3ccc(cc3n2)C#CCNC(=O)C4=CC=CN(Cc5ccc(F)c(F)c5)C4=O,CHEMBL3689202,IC50,8.3
4004891,CN1CCCC(COc2ccnc3ccc(cc23)C#CCNC(=O)C4=CC=CN(Cc5ccc(F)c(F)c5)C4=O)C1,CHEMBL3689270,IC50,8.3
4004900,CN1N(Cc2ccc(F)c(F)c2)C(=O)C(=C1C)C(=O)NCC#Cc3ccc4ncc5nc(C)n(C6CCOCC6)c5c4c3,CHEMBL3644748,IC50,8.3
4004909,COCCN1CCC(CC1)Nc2cnc3ccc(cc3n2)C#CCNC(=O)C4=CN=CN(Cc5ccc(F)c(F)c5)C4=O,CHEMBL3689208,IC50,8.3
4004919,COc1cc2ncc3c(N)nc(cc3c2cc1OC)c4cncc(OCCN)c4,CHEMBL1095278,IC50,8.3
4004930,C[C@@H]1CO[C@@H](CN1c2cc(nc(N)n2)c3ccc4c(N)n[nH]c4c3)C(=O)Nc5ccccc5,CHEMBL1765741,IC50,8.3
4004940,Cn1cc(cn1)c2cnc3[nH]cc(c4cc(nc(N)n4)N(CCO)c5ccccc5F)c3c2,CHEMBL3652582,IC50,8.3
4004949,Cn1cc(cn1)c2cnc3[nH]cc(c4cc(nc(N)n4)N5CCOc6ccccc56)c3c2,CHEMBL3652583,IC50,8.3
4004958,Cn1cnc2cnc3ccc(cc3c12)C#CCNC(=O)C4=CN=CN(Cc5ccc(F)c(F)c5)C4=O,CHEMBL3644757,IC50,8.3
4004967,OC[C@@H](N1C=CC=C(C(=O)NCC#Cc2ccc3ncc(N[C@@H]4CC[C@H](CC4)N5CCOCC5)nc3c2)C1=O)c6cccc(F)c6,CHEMBL3689234,IC50,8.3
4004976,OC[C@@H](N1C=CC=C(C(=O)NCC#Cc2ccc3ncc(N[C@@H]4CC[C@H](CC4)N5CCOCC5)nc3c2)C1=O)c6ccccc6,CHEMBL3689229,IC50,8.3
4004985,Cn1cc(cn1)c2cnc3[nH]cc(c4cc(nc(N)n4)N(CCC(=O)O)c5ccccc5Cl)c3c2,CHEMBL3639514,IC50,8.32
4004994,Cn1cc(cn1)c2cnc3[nH]cc(c4cc(nc(N)n4)N(CCO)c5ccccc5Cl)c3c2,CHEMBL3652573,IC50,8.33
4005003,CC(N1C=CC=C(C(=O)NCC#Cc2ccc3nccc(OC[C@H]4CCN(C)C4)c3c2)C1=O)c5cc(F)c(F)c(F)c5,CHEMBL3689305,IC50,8.4
4005012,CCN1CCC(CC1)Nc2cnc3ccc(cc3c2)C#CCNC(=O)C4=CN=CN(Cc5ccc(F)c(F)c5)C4=O,CHEMBL3689240,IC50,8.4
4005021,CCN1CC[C@H](Nc2cnc3ccc(cc3n2)C#CCNC(=O)C4=CN=CN(Cc5ccc(F)c(F)c5)C4=O)[C@H](F)C1,CHEMBL3689217,IC50,8.4
4005030,CCOC1=NN(Cc2ccc(F)c(F)c2)C(=O)C(=C1)C(=O)NCC#Cc3ccc4ncc5nc(C)n(C(C)C)c5c4c3,CHEMBL3644699,IC50,8.4
4005039,CN(C)[C@@H]1CC[C@@H](CC1)n2c(C)nc3cnc4ccc(cc4c23)C#CCNC(=O)C5=CC=CN([C@@H](CO)c6cccc(F)c6)C5=O,CHEMBL3644752,IC50,8.4
4005048,CN1CCC(CC1)Nc2cnc3ccc(cc3n2)C#CCNC(=O)C4=CN=CN(Cc5ccc(F)c(F)c5)C4=O,CHEMBL3689191,IC50,8.4
4005057,COCCN1CCC(CC1)Nc2cnc3ccc(cc3c2)C#CCNC(=O)C4=CC=CN([C@@H](CO)c5ccc(F)c(F)c5)C4=O,CHEMBL3689246,IC50,8.4
4005066,COCCN1CCC(CC1)Nc2cnc3ccc(cc3c2)C#CCNC(=O)C4=CN=CN(Cc5ccc(F)c(F)c5)C4=O,CHEMBL3689242,IC50,8.4
4005075,COCCN1CCC(CC1)Nc2cnc3ccc(cc3n2)C#CCNC(=O)C4=CC=CN([C@@H](C)c5ccc(F)c(F)c5)C4=O,CHEMBL3689222,IC50,8.4
4005084,COCCN1CCC(CC1)Nc2cnc3ccc(cc3n2)C#CCNC(=O)C4=CC=CN([C@H](CO)c5cccc(F)c5)C4=O,CHEMBL3689225,IC50,8.4
4005093,Fc1ccc(CN2C=CC=C(C(=O)NCC#Cc3ccc4ncc5nc[nH]c5c4c3)C2=O)cc1F,CHEMBL3644736,IC50,8.4
4005102,Fc1ccc(CN2C=CC=C(C(=O)NCC#Cc3ccc4nccc(OC[C@@H]5CCCNC5)c4c3)C2=O)cc1F,CHEMBL3689316,IC50,8.4
4005111,Fc1ccc(CN2C=NC=C(C(=O)NCC#Cc3ccc4ncc5ncn(C6CCC6)c5c4c3)C2=O)cc1F,CHEMBL3644682,IC50,8.4
4005120,OCCn1cnc2cnc3ccc(cc3c12)C#CCNC(=O)C4=CN=CN(Cc5ccc(F)c(F)c5)C4=O,CHEMBL3644681,IC50,8.4
4005129,OC[C@@H](N1C=CC=C(C(=O)NCC#Cc2ccc3ncc(NC4CCN(CC4)C5COC5)nc3c2)C1=O)c6cccc(F)c6,CHEMBL3689233,IC50,8.4
26212,C[C@]12O[C@H](C[C@]1(O)CO)n3c4ccccc4c5c6C(=O)NCc6c7c8ccccc8n2c7c35,CHEMBL603469,Kd,8.47
4005141,CC[C@@H]1CO[C@@H](CN1c2cc(nc(NC)n2)c3ccc4c(N)n[nH]c4c3)C(=O)Nc5ccccc5,CHEMBL1765742,IC50,8.5
4005152,C[C@@H]1CC[C@@H](CN1c2cc(nc(N)n2)c3ccc4c(N)[nH]nc4c3)C(=O)Nc5ccccc5,CHEMBL1614775,IC50,8.5
4005162,CC(C)N1CCC(CC1)n2c(C)nc3cnc4ccc(cc4c23)C#CCNC(=O)C5=CC=CN([C@@H](C)c6ccc(F)c(F)c6)C5=O,CHEMBL3644724,IC50,8.52
4005171,CC(C)N1CCC[C@@H](COc2ccnc3ccc(cc23)C#CCNC(=O)C4=CC=CN(Cc5ccc(F)c(F)c5)C4=O)C1,CHEMBL3689315,IC50,8.52
4005180,CC(N1C=CC=C(C(=O)NCC#Cc2ccc3nccc(OC[C@@H]4CCN(C)C4)c3c2)C1=O)c5cc(F)c(F)c(F)c5,CHEMBL3689295,IC50,8.52
4005189,CC(N1C=CC=C(C(=O)NCC#Cc2ccc3nccc(OC[C@H]4CCN(C)C4)c3c2)C1=O)c5ccc(F)c(F)c5,CHEMBL3689304,IC50,8.52
4005199,CC[C@@H](N)COc1cncc(c1)c2cc3c(cnc4cc(OC)c(OC)cc34)c(N)n2,CHEMBL1094320,IC50,8.52
4005210,CC\C(=C/1\C(=O)Nc2ccc(NC(=O)N)cc12)\c3ccc[nH]3,CHEMBL232176,IC50,8.52
4005220,CN(C)[C@@H]1CC[C@@H](CC1)n2cnc3cnc4ccc(cc4c23)C#CCNC(=O)C5=CC=CN([C@@H](CO)c6cccc(F)c6)C5=O,CHEMBL3644754,IC50,8.52
4005229,CN(C)[C@@H]1CC[C@H](CC1)n2c(C)nc3cnc4ccc(cc4c23)C#CCNC(=O)C5=CC=CN([C@@H](CO)c6cccc(F)c6)C5=O,CHEMBL3644751,IC50,8.52
4005238,CN1CCC(CC1)Nc2cnc3ccc(cc3n2)C#CCNC(=O)C4=CC=CN([C@@H](CO)c5ccc(F)c(F)c5)C4=O,CHEMBL3689211,IC50,8.52
4005247,COCCN1CCC(CC1)Nc2cnc3ccc(cc3n2)C#CCNC(=O)C4=CC=CN([C@@H](CO)c5ccc(F)c(F)c5)C4=O,CHEMBL3689218,IC50,8.52
4005257,COc1cc2ncc3c(N)nc(cc3c2cc1OC)c4cncc(OC[C@@H](C)N)c4,CHEMBL1097955,IC50,8.52
4005268,COc1cc2ncc3c(N)nc(cc3c2cc1OC)c4cncc(OC[C@@H](N)Cc5ccc(F)cc5)c4,CHEMBL1095621,IC50,8.52
4005278,Fc1cc(CN2C=CC=C(C(=O)NCC#Cc3ccc4nccc(OC[C@@H]5CCCN(CCN6CCOCC6)C5)c4c3)C2=O)cc(F)c1F,CHEMBL3689312,IC50,8.52
4005287,Fc1ccc(CN2C=NC=C(C(=O)NCC#Cc3ccc4ncc(NC5CCN(CC5)C6COC6)nc4c3)C2=O)cc1F,CHEMBL3689226,IC50,8.52
4005296,Fc1ccc(CN2C=NC=C(C(=O)NCC#Cc3ccc4ncc(NC5CCNCC5)nc4c3)C2=O)cc1F,CHEMBL3689198,IC50,8.52
4005305,Fc1ccc(CN2C=NC=C(C(=O)NCC#Cc3ccc4ncc(N[C@@H]5CC[C@H](CC5)N6CCN(CC7CC7)CC6)nc4c3)C2=O)cc1F,CHEMBL3689212,IC50,8.52
4005314,Fc1ccc(CN2C=NC=C(C(=O)NCC#Cc3ccc4nccc(OCC5CCNC5)c4c3)C2=O)cc1F,CHEMBL3689291,IC50,8.52
4005323,N[C@@H]1CC[C@H](CC1)Nc2cnc3ccc(cc3n2)C#CCNC(=O)C4=CN=CN(Cc5ccc(F)c(F)c5)C4=O,CHEMBL3689205,IC50,8.52
4005332,OCCN1CCC(CC1)Nc2cnc3ccc(cc3n2)C#CCNC(=O)C4=CN=CN(Cc5ccc(F)c(F)c5)C4=O,CHEMBL3640540,IC50,8.52
4005342,CC(C)n1cc(C(=O)c2cncc(N[C@@H]3CNC[C@@H]3c4ccc(F)cc4)n2)c5c(N)ncnc15,CHEMBL1940249,Ki,8.6
4005352,CC(C)N1CCC(CC1)n2cnc3cnc4ccc(cc4c23)C#CCNC(=O)C5=CC=CN([C@@H](C)c6ccc(F)c(F)c6)C5=O,CHEMBL3644729,IC50,8.7
4005361,CC(C)n1c(C)nc2cnc3ccc(cc3c12)C#CCNC(=O)C4=CC(=NN([C@H](C)c5ccc(F)c(F)c5)C4=O)C,CHEMBL3644695,IC50,8.7
4005370,CC(C)n1c(C)nc2cnc3ccc(cc3c12)C#CCNC(=O)C4=CC=CN(Cc5ccc(F)c(F)c5)C4=O,CHEMBL3644697,IC50,8.7
4005379,CC(C)n1c(C)nc2cnc3ccc(cc3c12)C#CCNC(=O)C4=CC=CN([C@@H](CN)c5ccc(F)c(F)c5)C4=O,CHEMBL3644722,IC50,8.7
4005388,CC(C)n1c(C)nc2cnc3ccc(cc3c12)C#CCNC(=O)C4=CC=CN([C@@H](CO)c5ccccc5)C4=O,CHEMBL3644713,IC50,8.7
4005397,CC(C)n1c(C)nc2cnc3ccc(cc3c12)C#CCNC(=O)C4=CC=CN([C@H](CO)c5ccc(F)c(F)c5)C4=O,CHEMBL3644703,IC50,8.7
4005406,CC(C)n1c(C)nc2cnc3ccc(cc3c12)C#CCNC(=O)C4=CN=CN(Cc5ccc(F)c(F)c5)C4=O,CHEMBL3644704,IC50,8.7
4005416,CC(C)n1cc(C(=O)c2cncc(N[C@@H]3CCC[C@@H]3c4ccccc4)n2)c5c(N)ncnc15,CHEMBL1940245,Ki,8.7
4005426,CC(C)n1cnc2cnc3ccc(cc3c12)C#CCNC(=O)C4=CN=CN(Cc5ccc(F)c(F)c5)C4=O,CHEMBL3639436,IC50,8.7
4005435,CC(N1C=CC=C(C(=O)NCC#Cc2ccc3nccc(OCCCN(C)C)c3c2)C1=O)c4ccc(F)c(F)c4,CHEMBL3689293,IC50,8.7
4005444,CC(N1C=CC=C(C(=O)NCC#Cc2ccc3nccc(OC[C@@H]4CCCN(C)C4)c3c2)C1=O)c5cc(F)c(F)c(F)c5,CHEMBL3689311,IC50,8.7
4005453,CCN1CCC(CC1)Nc2cnc3ccc(cc3c2)C#CCNC(=O)C4=CC=CN(Cc5ccc(F)c(F)c5)C4=O,CHEMBL3689241,IC50,8.7
4005462,CCN1CCC(CC1)Nc2cnc3ccc(cc3c2)C#CCNC(=O)C4=CC=CN([C@H](CO)c5cccc(F)c5)C4=O,CHEMBL3689245,IC50,8.7
4005471,CCN1CCC(CC1)Nc2cnc3ccc(cc3n2)C#CCNC(=O)C4=CN=CN([C@@H](C)c5ccc(F)c(F)c5)C4=O,CHEMBL3689221,IC50,8.7
4005480,CCn1c(C)nc2cnc3ccc(cc3c12)C#CCNC(=O)C4=CN=CN(Cc5ccc(F)c(F)c5)C4=O,CHEMBL3644759,IC50,8.7
4005489,CN(C)CCCOc1ccnc2ccc(cc12)C#CCNC(=O)C3=CC=CN(C(CO)c4ccc(F)c(F)c4)C3=O,CHEMBL3689294,IC50,8.7
4005498,CN1CCC(CC1)n2cnc3cnc4ccc(cc4c23)C#CCNC(=O)C5=CN=CN(Cc6ccc(F)c(F)c6)C5=O,CHEMBL3644689,IC50,8.7
4005507,CN1CCC[C@@H](COc2ccnc3ccc(cc23)C#CCNC(=O)C4=CC=CN(C(CO)c5cc(F)c(F)c(F)c5)C4=O)C1,CHEMBL3689314,IC50,8.7
4005516,CN1CCC[C@@H](COc2ccnc3ccc(cc23)C#CCNC(=O)C4=CC=CN(Cc5cc(F)c(F)c(F)c5)C4=O)C1,CHEMBL3689310,IC50,8.7
4005525,CN1CC[C@H](COc2ccnc3ccc(cc23)C#CCNC(=O)C4=CC=CN(Cc5cc(F)c(F)c(F)c5)C4=O)C1,CHEMBL3689303,IC50,8.7
4005534,C[C@@H](N1C=CC=C(C(=O)NCC#Cc2ccc3ncc(NC4CCN(C)CC4)nc3c2)C1=O)c5ccc(F)c(F)c5,CHEMBL3689201,IC50,8.7
4005543,C[C@H](N1C=CC=C(C(=O)NCC#Cc2ccc3ncc4nc(C)n(C5CCN(C)CC5)c4c3c2)C1=O)c6ccc(F)c(F)c6,CHEMBL3644733,IC50,8.7
4005552,Cc1nc2cnc3ccc(cc3c2n1C4CCCOC4)C#CCNC(=O)C5=CN=CN(Cc6ccc(F)c(F)c6)C5=O,CHEMBL3644755,IC50,8.7
4005561,Fc1ccc(CN2C=NC=C(C(=O)NCC#Cc3ccc4ncc(N[C@@H]5CC[C@H](CC5)N6CCOCC6)nc4c3)C2=O)cc1F,CHEMBL3689210,IC50,8.7
4005570,Fc1ccc(CN2C=NC=C(C(=O)NCC#Cc3ccc4nccc(OCC5CCCNC5)c4c3)C2=O)cc1F,CHEMBL3689292,IC50,8.7
4005579,Fc1ccc(CN2N=CC=C(C(=O)NCC#Cc3ccc4ncc(N[C@@H]5CC[C@H](CC5)N6CCN(CC7CC7)CC6)nc4c3)C2=O)cc1F,CHEMBL3689232,IC50,8.7
4005588,OCCCn1cnc2cnc3ccc(cc3c12)C#CCNC(=O)C4=CN=CN(Cc5ccc(F)c(F)c5)C4=O,CHEMBL3644683,IC50,8.7
4005597,OC[C@@H](N1C=CC=C(C(=O)NCC#Cc2ccc3ncc(N[C@@H]4CC[C@H](CC4)N5CCN(CC6CC6)CC5)nc3c2)C1=O)c7cccc(F)c7,CHEMBL3689231,IC50,8.7
4005607,CNc1nc(cc(n1)c2ccc3c(N)n[nH]c3c2)N4C[C@H](CC[C@H]4C)C(=O)Nc5ccccc5,CHEMBL1765738,IC50,8.8
4005618,CC(C)n1cc(C(=O)c2cncc(N[C@@H]3CCN([C@@H]3c4ccc(F)cc4)C(=O)C)n2)c5c(N)ncnc15,CHEMBL1940252,Ki,8.85
4005629,CC(C)n1cc(C(=O)c2cncc(N[C@@H]3CCN([C@@H]3c4ccccc4)C(=O)C)n2)c5c(N)ncnc15,CHEMBL1940253,Ki,8.85
4005640,CC(C)n1cc(C(=O)c2cncc(N[C@@H]3CCO[C@@H]3c4ccc(F)cc4)n2)c5c(N)ncnc15,CHEMBL1940248,Ki,8.89
4005650,CC(C)n1c(C)nc2cnc3ccc(cc3c12)C#CCNC(=O)C4=CC=CN([C@@H](C)c5ccc(F)c(F)c5)C4=O,CHEMBL3644710,IC50,9.0
4005659,CC(C)n1c(C)nc2cnc3ccc(cc3c12)C#CCNC(=O)C4=CC=CN([C@H](CO)c5cccc(F)c5)C4=O,CHEMBL3644700,IC50,9.0
4005669,CC(C)n1cc(C(=O)c2cncc(N[C@@H]3CCN[C@@H]3c4ccc(F)cc4)n2)c5c(N)ncnc15,CHEMBL1940250,Ki,9.0
4005679,CCN1CCC(CC1)Nc2cnc3ccc(cc3c2)C#CCNC(=O)C4=CC=CN([C@@H](C)c5ccc(F)c(F)c5)C4=O,CHEMBL3689244,IC50,9.0
4005688,CCN1CCC(CC1)Nc2cnc3ccc(cc3n2)C#CCNC(=O)C4=CC=CN([C@@H](CO)c5ccc(F)c(F)c5)C4=O,CHEMBL3689220,IC50,9.0
4005697,CCn1cnc2cnc3ccc(cc3c12)C#CCNC(=O)C4=CN=CN(Cc5ccc(F)c(F)c5)C4=O,CHEMBL3644758,IC50,9.0
4005706,CN(C)[C@@H]1CC[C@H](CC1)n2cnc3cnc4ccc(cc4c23)C#CCNC(=O)C5=CC=CN([C@@H](CO)c6cccc(F)c6)C5=O,CHEMBL3644753,IC50,9.0
4005715,CN1CCC(CC1)Nc2cnc3ccc(cc3c2)C#CCNC(=O)C4=CN=CN(Cc5ccc(F)c(F)c5)C4=O,CHEMBL3689239,IC50,9.0
4005724,CN1CCC(CC1)n2cnc3cnc4ccc(cc4c23)C#CCNC(=O)C5=CC(=NN(Cc6ccc(F)c(F)c6)C5=O)Cl,CHEMBL3644741,IC50,9.0
4005733,COC1=NN(Cc2ccc(F)c(F)c2)C(=O)C(=C1)C(=O)NCC#Cc3ccc4ncc5nc(C)n(C(C)C)c5c4c3,CHEMBL3644712,IC50,9.0
4005742,C[C@H](N1C=CC=C(C(=O)NCC#Cc2ccc3ncc4nc(C)n([C@@H]5CC[C@@H](CC5)N(C)C)c4c3c2)C1=O)c6ccc(F)c(F)c6,CHEMBL3644732,IC50,9.0
4005751,C[C@H](N1C=CC=C(C(=O)NCC#Cc2ccc3ncc4nc(C)n([C@@H]5CC[C@H](CC5)N(C)C)c4c3c2)C1=O)c6ccc(F)c(F)c6,CHEMBL3644750,IC50,9.0
4005761,Fc1ccc(CN2C=CC=C(C(=O)N[C@@H](COc3ccc4NC(=O)Nc4c3)c5ccccc5)C2=O)cc1F,CHEMBL1234429,EC50,9.0
4005771,Fc1ccc(CN2C=NC=C(C(=O)NCC#Cc3ccc4ncc5nc[nH]c5c4c3)C2=O)cc1F,CHEMBL3644680,IC50,9.0
4005781,CC(C)n1cc(C(=O)c2cncc(n2)N(C)[C@@H]3CCC[C@@H]3c4ccc(F)cc4)c5c(N)ncnc15,CHEMBL1940247,Ki,9.05
4005792,CC(C)n1cc(C(=O)c2cncc(N[C@@H]3CCN(C=O)[C@@H]3c4ccc(F)cc4)n2)c5c(N)ncnc15,CHEMBL1940251,Ki,9.16
4005803,CC(C)n1cc(C(=O)c2cncc(N[C@@H]3CCC[C@@H]3c4ccc(F)cc4)n2)c5c(N)ncnc15,CHEMBL1940246,Ki,9.22
4005814,CC(C)n1cc(C(=O)c2cncc(N[C@@H]3COC[C@@H]3c4ccc(F)cc4)n2)c5c(N)ncnc15,CHEMBL1938415,Ki,9.22
