id,smiles,name,assay_type,activity_value
5941349,COc1cc(c2cnn(CCC(=O)O)c2)c3c4ccccc4C(O)(c3c1)C(F)(F)F,CHEMBL3681776,IC50,7.54
5941359,Cc1cc(c2cnn(CCCCC(=O)O)c2)c3c4ccccc4C(O)(c3c1)C(F)(F)F,CHEMBL3681792,IC50,7.55
5941368,Cn1cc(cn1)c2cc(OCCCO)cc3c2c4ccccc4C3(O)C(F)(F)F,CHEMBL3681654,IC50,7.55
5941377,CC(C)(C)CCc1cc(c2cnn(c2)C(CO)CO)c3c4ccccc4C(O)(c3c1)C(F)(F)F,CHEMBL3681844,IC50,7.57
5941386,Cc1cc(c2cnn(CCCC(=O)O)c2)c3c4ccccc4C(O)(c3c1)C(F)(F)F,CHEMBL3681727,IC50,7.57
5941395,OC(=O)C1(CCCC1)n2cc(cn2)c3cc(F)cc4c3c5ccccc5C4(O)C(F)(F)F,CHEMBL3681737,IC50,7.57
5941404,CC(=O)c1cc(cc2c1c3ccccc3C2(O)C(F)(F)F)c4cnn(CCO)c4,CHEMBL3681773,IC50,7.59
5941413,CN(C)C(=O)CCOc1cc(c2cnn(C)c2)c3c4ccccc4C(O)(c3c1)C(F)(F)F,CHEMBL3681656,IC50,7.59
5941422,CN(CCOc1cc(c2cnn(C)c2)c3c4ccccc4C(O)(c3c1)C(F)(F)F)C(=O)C(C)(C)C,CHEMBL3681672,IC50,7.59
5941431,Cc1cc(c2cnn(CC(=O)N)c2)c3c4ccccc4C(O)(c3c1)C(F)(F)F,CHEMBL3681702,IC50,7.59
5941440,Cc1cc(c2cnn(CCC(=O)O)c2)c3c4ccccc4C(O)(c3c1)C(F)(F)F,CHEMBL3681726,IC50,7.59
5941449,COc1cc(c2cnn(CCCC(=O)O)c2)c3c4ccccc4C(O)(c3c1)C(F)(F)F,CHEMBL3681777,IC50,7.6
5941458,C\C=C\c1cc(c2cnn(c2)C(CO)CO)c3c4ccccc4C(O)(c3c1)C(F)(F)F,CHEMBL3681833,IC50,7.6
5941467,Cc1cc(cc2c1c3ccccc3C2(O)C(F)(F)F)C(=O)N4CCC4,CHEMBL3671676,IC50,7.6
5941476,OCCCCCOc1cc(c2cncnc2)c3c4ccccc4C(O)(c3c1)C(F)(F)F,CHEMBL3676752,IC50,7.6
5941485,OCCCCOc1cc(c2cncnc2)c3c4ccccc4C(O)(c3c1)C(F)(F)F,CHEMBL3676774,IC50,7.6
5941494,Cn1cc(cn1)c2cc(OCCCCO)cc3c2c4ccccc4C3(O)C(F)(F)F,CHEMBL3676772,IC50,7.62
5941503,OCCn1cc(cn1)c2cc(OCCN3CCCC3=O)cc4c2c5ccccc5C4(O)C(F)(F)F,CHEMBL3681681,IC50,7.62
5941512,CC(C)Cc1cc(c2cnn(c2)C(CO)CO)c3c4ccccc4C(O)(c3c1)C(F)(F)F,CHEMBL3681830,IC50,7.64
5941521,CC(CCOc1cc(c2cnn(C)c2)c3c4ccccc4C(O)(c3c1)C(F)(F)F)C(=O)O,CHEMBL3681765,IC50,7.64
5941530,CN(CCOc1cc(c2cncnc2)c3c4ccccc4C(O)(c3c1)C(F)(F)F)C(=O)C,CHEMBL3676768,IC50,7.64
5941539,CN(CCOc1cc(c2cncnc2)c3c4ccccc4C(O)(c3c1)C(F)(F)F)C(=O)CO,CHEMBL3676770,IC50,7.64
5941548,OCCn1cc(cn1)c2cc(OCC(=O)N3CCC3)cc4c2c5ccccc5C4(O)C(F)(F)F,CHEMBL3681692,IC50,7.64
5941557,CC(CO)(CO)n1cc(cn1)c2cc(F)cc3c2c4ccccc4C3(O)C(F)(F)F,CHEMBL3681847,IC50,7.66
5941566,CN(CCOc1cc(c2cnn(C)c2)c3c4ccccc4C(O)(c3c1)C(F)(F)F)C(=O)C(C)(C)CO,CHEMBL3639805,IC50,7.66
5941575,Cn1cc(cn1)c2cc(OCCN3CCCC3=O)cc4c2c5ccccc5C4(O)C(F)(F)F,CHEMBL3676758,IC50,7.66
5941584,OC1(Cn2cc(cn2)c3cc(F)cc4c3c5ccccc5C4(O)C(F)(F)F)CCCCC1,CHEMBL3681732,IC50,7.66
5941593,OCC(CO)n1cc(cn1)c2cc(F)cc3c2c4ccccc4C3(O)C(F)(F)F,CHEMBL3681783,IC50,7.66
5941602,CCOc1cc(c2cnn(CCCC(=O)O)c2)c3c4ccccc4C(O)(c3c1)C(F)(F)F,CHEMBL3681770,IC50,7.68
5941611,CCn1cc(cn1)c2cc(C(=O)C)c3c4ccccc4C(O)(c3c2)C(F)(F)F,CHEMBL3681775,IC50,7.68
5941620,CN(CCOc1cc(c2cnn(C)c2)c3c4ccccc4C(O)(c3c1)C(F)(F)F)C(=O)C,CHEMBL3676769,IC50,7.68
5941629,CN(CCOc1cc(c2cnn(C)c2)c3c4ccccc4C(O)(c3c1)C(F)(F)F)C(=O)CO,CHEMBL3676771,IC50,7.68
5941638,OCCn1cc(cn1)c2cc(c3cnn(CCO)c3)c4c5ccccc5C(O)(c4c2)C(F)(F)F,CHEMBL3681768,IC50,7.68
5941647,OC[C@H](O)Cn1cc(cn1)c2cc(F)cc3c2c4ccccc4C3(O)C(F)(F)F,CHEMBL3681754,IC50,7.68
5941656,CC(C)(C)C(=O)N1CCN(CC1)c2cc(c3cccnc3)c4c5ccccc5C(O)(c4c2)C(F)(F)F,CHEMBL3676633,IC50,7.7
5941665,CCn1cc(cn1)c2cc(C(=O)N)c3c4ccccc4C(O)(c3c2)C(F)(F)F,CHEMBL3681722,IC50,7.7
5941674,CCn1cc(cn1)c2cc(OCCCC(=O)O)cc3c2c4ccccc4C3(O)C(F)(F)F,CHEMBL3681742,IC50,7.7
5941683,CN(C)C(=O)CCCOc1cc(c2cnn(C)c2)c3c4ccccc4C(O)(c3c1)C(F)(F)F,CHEMBL3676773,IC50,7.7
5941692,Cn1cc(cn1)c2cc(OCC(=O)N3CC(O)C3)cc4c2c5ccccc5C4(O)C(F)(F)F,CHEMBL3681674,IC50,7.7
5941701,OC1(c2ccccc2c3c(cc(OCCN4CCCC4=O)cc13)c5cn[nH]c5)C(F)(F)F,CHEMBL3681687,IC50,7.7
5941710,OCC(CO)(CO)n1cc(cn1)c2cc(F)cc3c2c4ccccc4C3(O)C(F)(F)F,CHEMBL3681854,IC50,7.7
5941719,OCCn1cc(cn1)c2cc(F)cc3c2c4ccccc4C3(O)C(F)(F)F,CHEMBL3681700,IC50,7.7
5941728,OCCn1cc(cn1)c2cc(cc3c2c4ccccc4C3(O)C(F)(F)F)C(=O)N5CCCC5,CHEMBL3681675,IC50,7.7
5941737,CCOc1cc(c2cnn(CCC(=O)O)c2)c3c4ccccc4C(O)(c3c1)C(F)(F)F,CHEMBL3681769,IC50,7.72
5941746,CN(C)C(=O)CCCOc1cc(c2cncnc2)c3c4ccccc4C(O)(c3c1)C(F)(F)F,CHEMBL3676775,IC50,7.72
5941755,Cc1cc(c2cnn(c2)C(CO)(CO)CO)c3c4ccccc4C(O)(c3c1)C(F)(F)F,CHEMBL3686492,IC50,7.72
5941764,Cc1cc(c2cnn(c2)C(CO)CO)c3c4ccccc4C(O)(c3c1)C(F)(F)F,CHEMBL3681791,IC50,7.72
5941773,Cn1cc(cn1)c2cc(OCC(=O)N3CC(CO)C3)cc4c2c5ccccc5C4(O)C(F)(F)F,CHEMBL3681641,IC50,7.72
5941782,Cn1cc(cn1)c2cc(OCCCC(=O)O)cc3c2c4ccccc4C3(O)C(F)(F)F,CHEMBL3681651,IC50,7.72
5941791,Cn1cc(cn1)c2cc(c3cnn(C)c3)c4c5ccccc5C(O)(c4c2)C(F)(F)F,CHEMBL3681767,IC50,7.72
5941800,CC(C)n1cc(cn1)c2cc(OCCCC(=O)O)cc3c2c4ccccc4C3(O)C(F)(F)F,CHEMBL3681741,IC50,7.75
5941809,Cc1cc(c2cnn(CC(CO)CO)c2)c3c4ccccc4C(O)(c3c1)C(F)(F)F,CHEMBL3681842,IC50,7.75
5941818,Cn1cc(cn1)c2cc(OCC(=O)N)cc3c2c4ccccc4C3(O)C(F)(F)F,CHEMBL3681668,IC50,7.75
5941827,Cn1cc(cn1)c2cc(OCCCc3nnn[nH]3)cc4c2c5ccccc5C4(O)C(F)(F)F,CHEMBL3681761,IC50,7.75
5941836,NC(=O)COc1cc(c2cnn(CCO)c2)c3c4ccccc4C(O)(c3c1)C(F)(F)F,CHEMBL3681676,IC50,7.75
5941845,OC[C@@H](O)Cn1cc(cn1)c2cc(F)cc3c2c4ccccc4C3(O)C(F)(F)F,CHEMBL3681753,IC50,7.75
5941854,CC(C)(C)Cn1cc(cn1)c2cc(CO)c3c4ccccc4C(O)(c3c2)C(F)(F)F,CHEMBL3681832,IC50,7.77
5941863,Cc1cc(c2cnn(CCO)c2)c3c4ccccc4C(O)(c3c1)C(F)(F)F,CHEMBL3681688,IC50,7.77
5941872,Cn1cc(cn1)c2cc(Cl)cc3c2c4ccccc4C3(O)C(F)(F)F,CHEMBL3676634,IC50,7.77
5941881,Cn1cc(cn1)c2cc(OCCCCC(=O)O)cc3c2c4ccccc4C3(O)C(F)(F)F,CHEMBL3681740,IC50,7.77
5941890,OCC1(CCCCC1)n2cc(cn2)c3cc(F)cc4c3c5ccccc5C4(O)C(F)(F)F,CHEMBL3681733,IC50,7.77
5941899,OCc1cc(cc2c1c3ccccc3C2(O)C(F)(F)F)c4cnn(CC5CCCCC5)c4,CHEMBL3681845,IC50,7.77
5941908,CC(C)(C)Cn1cc(cn1)c2cc(C(=O)N)c3c4ccccc4C(O)(c3c2)C(F)(F)F,CHEMBL3681829,IC50,7.8
5941917,CNC(=O)Cn1cc(cn1)c2cc(F)cc3c2c4ccccc4C3(O)C(F)(F)F,CHEMBL3681710,IC50,7.8
5941926,Cn1cc(cn1)c2cc(OCCC34CC5CC(CC(O)(C5)C3)C4)cc6c2c7ccccc7C6(O)C(F)(F)F,CHEMBL3681728,IC50,7.8
5941935,OCC1(CCCC1)n2cc(cn2)c3cc(F)cc4c3c5ccccc5C4(O)C(F)(F)F,CHEMBL3681736,IC50,7.8
5941944,CC(=Cc1cc(c2cnn(c2)C(CO)CO)c3c4ccccc4C(O)(c3c1)C(F)(F)F)C,CHEMBL3681843,IC50,7.82
5941953,CNC(=O)Cn1cc(cn1)c2cc(C)cc3c2c4ccccc4C3(O)C(F)(F)F,CHEMBL3681707,IC50,7.82
5941962,Cc1cc(c2cnn(c2)C3(CO)CCCC3)c4c5ccccc5C(O)(c4c1)C(F)(F)F,CHEMBL3681734,IC50,7.82
5941971,NC(=O)Cn1cc(cn1)c2cc(OCCC34CC5CC(CC(O)(C5)C3)C4)cc6c2c7ccccc7C6(O)C(F)(F)F,CHEMBL3681729,IC50,7.82
5941980,NC(=O)c1cc(cc2c1c3ccccc3C2(O)C(F)(F)F)c4cnn(CC5CCCCC5)c4,CHEMBL3681841,IC50,7.82
5941989,OCCn1cc(cn1)c2cc(OCCC34CC5CC(CC(O)(C5)C3)C4)cc6c2c7ccccc7C6(O)C(F)(F)F,CHEMBL3681730,IC50,7.82
5941998,OCCCCOc1cc(c2cnn(CCO)c2)c3c4ccccc4C(O)(c3c1)C(F)(F)F,CHEMBL3681809,IC50,7.85
5942007,Cn1cc(cn1)c2cc(OCC(C)(C)O)cc3c2c4ccccc4[C@]3(O)C(F)(F)F,CHEMBL3673093,IC50,8.13
5942016,CC(C)(O)COc1cc(c2cnn(CCO)c2)c3c4ccccc4[C@@](O)(c3c1)C(F)(F)F,CHEMBL3673094,IC50,8.17
5942025,CC(C)(C(=O)N)n1cc(cn1)c2cc(F)cc3c2c4ccccc4[C@]3(O)C(F)(F)F,CHEMBL3673095,IC50,8.29
5942034,NC(=O)Cn1cc(cn1)c2cc(OCCC34CC5CC(CC(O)(C5)C3)C4)cc6c2c7ccccc7[C@]6(O)C(F)(F)F,CHEMBL3673092,IC50,8.29
5938607,CC(C)(O)CCOc1cc(c2cnn(c2)C(C)(C)C(=O)N)c3c4ccccc4[C@@](O)(c3c1)C(F)(F)F,CHEMBL3673096,IC50,8.31
5939010,CC(C)(O)CCCOc1cc(c2cnn(c2)C(C)(C)C(=O)N)c3c4ccccc4[C@@](O)(c3c1)C(F)(F)F,CHEMBL3673097,IC50,8.38
