id,smiles,name,assay_type,activity_value
7173366,O=C(Nc1ccc(Oc2ccc3c(c2)c(cn3c4ccccc4)C#N)cc1)[C@@H]5CCCN5,CHEMBL3422673,IC50,7.57
7173378,CC(C)Cn1cc(C#N)c2cc(Oc3ccc(NC(=O)[C@@H]4CCCN4)cc3)ccc12,CHEMBL3422651,IC50,7.64
7173389,Cn1cc(cn1)c2cn(C)c3ccc(Oc4ccc(NC(=O)[C@@H]5CCCN5)cc4)cc23,CHEMBL3421731,IC50,7.68
7173400,O=C(Nc1ccc(Oc2ccc3c(c2)c(cn3Cc4ccccc4)C#N)cc1)[C@@H]5CCCN5,CHEMBL3422675,IC50,7.7
7173411,Cc1onc(C)c1Cn2cc(C#N)c3cc(Oc4ccc(NC(=O)[C@@H]5CCCN5)cc4)ccc23,CHEMBL3422676,IC50,7.96
7173422,CN1Cc2cc(ccc2C1=O)n3cc(C#N)c4cc(Oc5ccc(NC(=O)[C@@H]6CCCN6)cc5)ccc34,CHEMBL3422674,IC50,8.1
7173433,CC(C)Cn1nc(C#N)c2cc(Oc3ccc(NC(=O)[C@@H]4CCCN4)cc3)ccc12,CHEMBL3422677,IC50,8.4
7173444,Cc1onc(C)c1Cn2nc(C#N)c3cc(Oc4ccc(NC(=O)[C@@H]5CCCN5)cc4)ccc23,CHEMBL3422678,IC50,8.52
