id,smiles,name,assay_type,activity_value
3899379,CCNc1nc2cc(Cl)c(cc2nc1NCC)C#CC3CC3,CHEMBL3729175,IC50,7.72
3899390,CCNc1nc2cc(C#CCCO)c(Cl)cc2nc1NCCCN3CCN(C)CC3,CHEMBL3731002,IC50,7.8
3899400,CCNc1nc2cc(Cl)c(cc2nc1NCc3cccnc3)C#N,CHEMBL3731664,IC50,7.82
3899410,CCNc1nc2cc(Cl)c(cc2nc1NCC)C#C,CHEMBL3732725,IC50,7.92
3899420,CCNc1nc2cc(Cl)c(OC)cc2nc1NCC,CHEMBL1995927,IC50,8.05
3899430,CCNc1nc2cc(C#CCCO)c(Cl)cc2nc1NCCN3CCN(C)CC3,CHEMBL3728435,IC50,8.1
3899440,CCNc1nc2cc(Cl)c(cc2nc1NCC)C#CCCO,CHEMBL3730386,IC50,8.3
3899450,CCNc1nc2cc(Cl)c(cc2nc1NCC)C#CCO,CHEMBL3731422,IC50,9.0
