id,smiles,name,assay_type,activity_value
8822495,COc1ncc(cc1NS(=O)(=O)C)c2ccc3N=C(N)N(C(=O)c3c2)c4ccccc4,CHEMBL3121316,IC50,7.7
8822507,COc1ncc(cc1NS(=O)(=O)c2ccc(C)cc2)c3ccc4N=C(N)N(C(=O)c4c3)c5ccccc5,CHEMBL3121321,IC50,7.8
8822519,COc1ncc(cc1S(=O)(=O)Nc2ccc(F)cc2F)c3ccc4N=C(N)N(C(=O)c4c3)c5ccccc5C(F)(F)F,CHEMBL3121308,IC50,7.8
8822530,COc1ncc(cc1S(=O)(=O)Nc2ccc(F)cc2F)c3ccc4N=C(N)N(C(=O)c4c3)c5ccccc5C,CHEMBL3121311,IC50,8.0
8822541,COc1ncc(cc1S(=O)(=O)Nc2ccc(F)cc2F)c3ccc4N=C(N)N(C5CCOCC5)C(=O)c4c3,CHEMBL3121326,IC50,8.0
8822552,C[C@@H](Nc1nc2ccc(cc2s1)C3=CC(=O)N(CC4CC4)C=C3)C5CCOCC5,CHEMBL3600782,IC50,8.1
8822563,COc1ncc(cc1S(=O)(=O)Nc2ccc(F)cc2F)c3ccc4N=C(N)N(C(=O)c4c3)c5ccccc5,CHEMBL3121324,IC50,8.2
8822574,Nc1nc2ccc(cc2s1)C3=CC(=O)N(CC4CC4)C=C3,CHEMBL3600779,IC50,8.2
5357698,COc1ncc(cc1NS(=O)(=O)c2ccc(F)cc2F)c3ccc4nc(N)c(nc4c3)c5ccccc5,CHEMBL3121333,IC50,8.3
8822587,O=C1C=C(C=CN1CC2CC2)c3ccc4nc(NCC5CCOCC5)sc4c3,CHEMBL3600781,IC50,8.3
8822598,COc1ncc(cc1NS(=O)(=O)c2cccc(C)c2)c3ccc4N=C(N)N(C(=O)c4c3)c5ccccc5,CHEMBL3121320,IC50,8.4
8822609,COc1ncc(cc1NS(=O)(=O)c2ccccc2)c3ccc4N=C(N)N(C(=O)c4c3)c5ccccc5,CHEMBL3121318,IC50,8.6
8822620,O=C1C=C(C=CN1CC2CC2)c3ccc4nc(NCC5CCS(=O)(=O)CC5)sc4c3,CHEMBL3600784,IC50,8.7
5358215,COc1ncc(cc1NS(=O)(=O)c2ccc(F)cc2F)c3ccc4N=C(N)N(C(=O)c4c3)c5ccccc5,CHEMBL3121334,IC50,8.8
5358358,COc1ncc(cc1NS(=O)(=O)c2ccc(F)cc2F)c3ccc4ncnc(N5CCOCC5)c4c3,CHEMBL3121327,IC50,8.8
8822635,COc1ncc(cc1NS(=O)(=O)c2ccc(cc2)C#N)c3ccc4N=C(N)N(C(=O)c4c3)c5ccccc5,CHEMBL3121322,IC50,9.0
8822646,COc1ncc(cc1NS(=O)(=O)c2ccccc2C)c3ccc4N=C(N)N(C(=O)c4c3)c5ccccc5,CHEMBL3121319,IC50,9.0
8822657,OC(=O)[C@@H]1CC[C@@H](CNc2nc3ccc(cc3s2)C4=CC(=O)N(CC5CC5)C=C4)CC1,CHEMBL3600785,IC50,9.0
8822668,NC1=Nc2ccc(cc2C(=O)N1c3ccccc3)c4cnc(N)c(NS(=O)(=O)c5ccc(F)cc5F)c4,CHEMBL3121314,IC50,9.1
5357909,COc1ncc(cc1NS(=O)(=O)c2cccnc2)c3ccc4N=C(N)N(C(=O)c4c3)c5ccccc5,CHEMBL3121323,IC50,9.5
