id,smiles,name,assay_type,activity_value
2889376,CC(C)(O)CNc1ncc(c(CC2CC2)n1)c3ccnc(Nc4ccncc4)n3,CHEMBL3781466,IC50,7.6
2889388,Nc1ncc(c(CC2CC2)n1)c3ccnc(Nc4ccncc4)n3,CHEMBL3781415,IC50,7.75
2889399,CNc1ncc(c(CC2CC2)n1)c3ccnc(Nc4ccncc4)n3,CHEMBL3780029,IC50,7.85
1130338,Fc1ccc(cc1)S(=O)(=O)Nc2cc(cnc2Cl)c3ccc4nccc(N5CCOCC5)c4c3,CHEMBL1738719,IC50,7.96
1130402,Nc1ccc(cn1)c2ccc3ncc4C=CC(=O)N(c5cccc(c5)C(F)(F)F)c4c3c2,CHEMBL1765602,IC50,8.07
2889414,Fc1ccc(cc1)S(=O)(=O)Nc2cc(cnc2Cl)c3ccc4nccc(c5ccncc5)c4c3,CHEMBL1914727,IC50,8.28
1130024,Fc1ccc(cc1)S(=O)(=O)Nc2cc(cnc2Cl)c3ccc4ncc(nc4c3)N5CCOCC5,CHEMBL1914743,IC50,8.3
2889427,Fc1ccc(cc1)S(=O)(=O)Nc2cc(cnc2Cl)c3ccc4nccc(c5cccnc5)c4c3,CHEMBL1914726,IC50,8.54
2889438,C[C@@H]1COCCN1C2=CC(=O)N3CC[C@H](N(Cc4cncc(Cl)c4)C3=N2)C(F)(F)F,CHEMBL3622372,IC50,8.92
