id,smiles,name,assay_type,activity_value
5355197,Cc1ccc(CN2C(=O)COc3ccc(\C=C\4/SC(=S)NC4=O)cc23)cc1,CHEMBL241708,IC50,7.53
5355209,CC(=O)Nc1nc(C)c(s1)c2onc(n2)N3CCCC(O)C3,CHEMBL3092376,IC50,7.54
5355220,COC(=O)c1ccc(c(O)c1)c2oc(\C=C\3/SC(=O)NC3=O)cc2,CHEMBL377152,IC50,7.54
5355231,COc1ccc(Nc2ncccc2c3nc(C)nc(N)n3)cn1,CHEMBL2165269,Ki,7.54
5355242,Oc1c(F)cc(F)cc1c2ccc(\C=C\3/SC(=O)NC3=O)s2,CHEMBL209159,IC50,7.54
5355253,Oc1c(F)cc(F)cc1c2oc(\C=C\3/SC(=O)NC3=O)cc2,CHEMBL3325884,IC50,7.54
5355264,CC(=O)Nc1nc(C)c(s1)c2onc(CC(F)(F)F)n2,CHEMBL3092367,IC50,7.55
1129658,CC(C)n1nc(c2ccc(C#N)c(O)c2)c3c(N)ncnc13,CHEMBL1241944,IC50,7.55
5355276,COc1ccc(CCCO)c(Nc2nc3ccccc3nc2NS(=O)(=O)c4cn(C)c(CN(C)C)n4)c1,CHEMBL3652162,IC50,7.55
5355286,Cc1c(nc2cc(F)ccc2c1N3CC(C)(C)c4ncc(cc34)c5ccnc(N)n5)c6ccccn6,CHEMBL2171930,Ki,7.55
5355297,Cc1ccc(cn1)c2ccc3OCCN(c3c2)c4nc5CC(C)(C)NC(=O)c5s4,CHEMBL469202,IC50,7.55
5355308,O=C(Nc1ccncc1)Nc2ccc(cc2)c3nc(nc(n3)N4CCOCC4)N5CCOCC5,CHEMBL596597,IC50,7.55
5355319,COc1ccc(CCN2C(=O)COc3ccc(\C=C\4/SC(=S)NC4=O)cc23)cc1,CHEMBL398988,IC50,7.56
5355330,FC(F)(F)c1ccc(CN2C(=O)COc3ccc(\C=C\4/SC(=S)NC4=O)cc23)cc1,CHEMBL240620,IC50,7.56
5355340,COc1ccc(CC2CCOCC2)c(Nc3nc4ccccc4nc3NS(=O)(=O)c5cccnc5)c1,CHEMBL3652125,IC50,7.57
5355349,COc1ccc(CCO)c(Nc2nc3ccccc3nc2NS(=O)(=O)c4ccc(NC(=O)CN(C)C)cc4)c1,CHEMBL3652184,IC50,7.57
5355359,CS(=O)(=O)N1CCN(Cc2cn3cc(nc(N4CCOCC4)c3n2)c5cnc(N)nc5C(F)(F)F)CC1,CHEMBL2087479,Ki,7.57
5355370,O=C(Nc1ccccc1)Nc2ccc(cc2)c3nc(nc(n3)N4CCOCC4)N5CCOCC5,CHEMBL604908,IC50,7.57
5355381,CNC(=O)c1nc(cnc1N)c2ccc(Cl)c(c2)S(=O)(=O)N,CHEMBL2152132,IC50,7.59
5355392,CNC(=O)c1nc(cnc1N)c2ccc(Cl)c(c2)S(=O)(=O)Nc3ccc(Cl)cc3,CHEMBL2152146,IC50,7.59
5355403,CNC(=O)c1oc(Nc2nc3ccccc3n2c4nc(C)nc(N)n4)cc1,CHEMBL1760165,IC50,7.59
5355413,COc1ccc(CC2CCC(O)CC2)c(Nc3nc4ccccc4nc3NS(=O)(=O)c5ccc(CN(C)C)cc5)c1,CHEMBL3652198,IC50,7.59
5355422,COc1ccc(CCCO)c(Nc2nc3ccccc3nc2NS(=O)(=O)C4CCNCC4)c1,CHEMBL3652213,IC50,7.59
5355431,COc1ccc(CCO)c(Nc2nc3ccccc3nc2NS(=O)(=O)c4ccc(CN(C)C)cc4)c1,CHEMBL3652203,IC50,7.59
5355441,OCc1ccc(NC(=O)Nc2ccc(cc2)c3nc(N4CCOCC4)c5ncccc5n3)cc1,CHEMBL3109142,IC50,7.59
1129405,Oc1cccc(c1)c2nc(N3CCOCC3)c4oc5ncccc5c4n2,CHEMBL573339,IC50,7.59
5355454,CC(=O)Nc1nc(C)c(s1)c2oc(nc2)C(C)(C)O,CHEMBL2204790,IC50,7.6
5355465,CC(C)(C)NS(=O)(=O)c1cncc(c1)c2cc(F)c3nc(N)nn3c2,CHEMBL2064571,IC50,7.6
5355476,CC(C)(C)NS(=O)(=O)c1cncc(c1)c2ccc3nc(N)nn3c2,CHEMBL2059909,IC50,7.6
5355487,CC(C)(C)NS(=O)(=O)c1cncc(c1)c2ccc3nc(NC(=O)NCCn4cccn4)nn3c2,CHEMBL2057364,IC50,7.6
5355498,CC(C)NS(=O)(=O)c1cncc(c1)c2ccn3nc(N)nc3c2,CHEMBL2205765,IC50,7.6
5355509,CC(C)n1c(C)nc2c(nc(nc12)N3CCOCC3)c4cnc(N)nc4,CHEMBL3393066,IC50,7.6
5355520,CC1(C)CCN1S(=O)(=O)c2cncc(c2)c3ccn4nc(N)nc4c3,CHEMBL2205772,IC50,7.6
5355531,CCn1nnc2c(nc(nc12)c3ccc(NC(=O)Nc4ccc(cc4)C(=O)NCCN5CCN(C)CC5)cc3)N6CCOCC6,CHEMBL589612,IC50,7.6
5355542,CCn1nnc2c(nc(nc12)c3ccc(NC(=O)Nc4cccnc4)cc3)N5CCOCC5,CHEMBL589103,IC50,7.6
5355553,CNS(=O)(=O)c1cncc(c1)c2ccn3nc(N)nc3c2,CHEMBL2205774,IC50,7.6
5355564,COc1ccc(cn1)c2cc(CNc3ccc(cc3)S(=O)(=O)Nc4nnc(C)s4)cc(c2)C(=O)NC(CO)CO,CHEMBL3582359,IC50,7.6
5355575,COc1ccc2[nH]c(C)c(\C=C\3/Oc4cc(O)cc(O)c4C3=O)c2c1,CHEMBL1088835,IC50,7.6
5355586,Cc1c(CN2CCN(CC2)C(=O)C(C)(C)O)sc3c(nc(nc13)c4cnc(N)nc4)N5CCOCC5,CHEMBL1922095,IC50,7.6
5355597,Cc1onc(C)c1CCNC(=O)Nc2nc3ccc(cn3n2)c4cncc(c4)S(=O)(=O)NC(C)(C)C,CHEMBL2057362,IC50,7.6
5355608,CC(C)(C)NS(=O)(=O)c1cncc(c1)c2ccn3nc(N)nc3c2,CHEMBL2205766,IC50,7.61
5355619,CC(C)Oc1nc(nc(n1)c2ccc(NC(=O)Nc3ccc(cc3)C(=O)NCCN(C)C)cc2)N4CCOCC4,CHEMBL1808987,IC50,7.61
5355630,CC(C)n1nnc2c(nc(nc12)c3ccc(NC(=O)Nc4ccc(CO)cc4)cc3)N5CCOCC5,CHEMBL600258,IC50,7.61
5355641,O=C1COc2ccc(\C=C\3/SC(=S)NC3=O)cc2N1CCc4ccccc4,CHEMBL240623,IC50,7.61
5355652,CC(=O)Nc1nc(C)c(s1)c2oc(Nc3ccc(Cl)nc3)nc2,CHEMBL2204782,IC50,7.62
5355663,CC(=O)Nc1nc(C)c(s1)c2oc(nc2)N3CCOCC3,CHEMBL2204793,IC50,7.62
5355674,CN(C)c1ccc(Nc2ccc3OCCN(c3c2)c4nc5CC(C)(C)NC(=O)c5s4)nn1,CHEMBL489596,IC50,7.62
5355685,COc1ccc(Nc2ncc(CO)cc2c3nc(C)nc(N)n3)cn1,CHEMBL2165026,Ki,7.62
5355696,Cc1nc(N)nc(n1)c2cc(CN3CCN(CC3)S(=O)(=O)C)cnc2Nc4cncc(F)c4,CHEMBL2170097,Ki,7.62
5355707,Nc1ncnc(N2CCC[C@H]2C3=Nc4cccc(Cl)c4C(=O)N3c5ccccc5)c1C#N,CHEMBL3355012,IC50,7.62
5355717,COc1ccc(CCO)c(Nc2nc3ccccc3nc2NS(=O)(=O)c4ccc(F)cc4)c1,CHEMBL3652151,IC50,7.64
5355727,Cc1ccc(cc1)S(=O)(=O)Nc2nc3ccccc3nc2Nc4ccc5nsnc5c4,CHEMBL3218575,IC50,7.64
5355737,Cc1nc(c2cccnc2Nc3cccc4[nH]ccc34)c5nc[nH]c5n1,CHEMBL2165038,Ki,7.64
5355748,O=C(Nc1ccc(cc1)c2nc(nc(n2)N3CCOCC3)N4CCOCC4)Nc5cccs5,CHEMBL599667,IC50,7.64
5355759,O=C1COc2ccc(\C=C\3/SC(=S)NC3=O)cc2N1Cc4ccccc4,CHEMBL391998,IC50,7.64
5355771,CC1(C)Cc2nc(sc2C(=O)N1)N3CCOc4ccc(cc34)c5cn[nH]c5,CHEMBL512092,IC50,7.66
5355782,CCN(CC)CCNC(=O)Nc1nc2ccc(cn2n1)c3cnc(OC)c(NS(=O)(=O)c4ccc(F)cc4)c3,CHEMBL3601925,IC50,7.66
5355793,CCn1nnc2c(nc(nc12)c3ccc(NC(=O)Nc4ccc(cc4)C(=O)NCCc5ccccn5)cc3)N6CCOCC6,CHEMBL590357,IC50,7.66
5355803,COc1ccc(CCO)c(Nc2nc3ccccc3nc2NS(=O)(=O)c4ccc(cc4)C#N)c1,CHEMBL3652149,IC50,7.66
5355813,COc1ccc(Nc2ncc(Br)cc2c3nc(C)nc(N)n3)cn1,CHEMBL2165023,Ki,7.66
5355824,COc1cncc(c1)c2ccc3nc(NC(=O)NCCc4cncn4C)sc3c2,CHEMBL3356901,Ki,7.66
5355835,CSc1oc(cn1)c2sc(NC(=O)C)nc2C,CHEMBL2204777,IC50,7.66
5355846,Cn1nnc2c(nc(nc12)c3ccc(NC(=O)Nc4cccs4)cc3)N5CCOCC5,CHEMBL589600,IC50,7.66
5355857,CC(C)n1nnc2c(nc(nc12)c3ccc(NC(=O)Nc4ccncc4)cc3)N5CCOCC5,CHEMBL590074,IC50,7.67
5355868,OCCc1ccc(NC(=O)Nc2ccc(cc2)c3nc(nc(n3)N4CCOCC4)N5CCOCC5)cc1,CHEMBL605121,IC50,7.67
5355879,CC(=O)Nc1nc(C)c(s1)c2ccc(Br)c(c2)S(=O)(=O)NCCO,CHEMBL3787634,IC50,7.68
5355890,CC(=O)Nc1nc2ccc(cc2s1)c3cnc4nccnc4c3,CHEMBL3356891,Ki,7.68
5355901,CNC(=O)c1nc(cnc1N)c2ccc(Cl)c(c2)S(=O)(=O)Nc3cccc(F)c3Cl,CHEMBL2152149,IC50,7.68
5355912,CNC(=O)c1nc(cnc1N)c2cccc(c2)c3nnn[nH]3,CHEMBL2152125,IC50,7.68
5355922,COC(=O)c1ccc(OC)cc1Nc2nc3ccccc3nc2NS(=O)(=O)c4cn(C)cn4,CHEMBL3652117,IC50,7.68
5355931,COc1ccc(CCCO)c(Nc2nc3ccccc3nc2NS(=O)(=O)c4cn(C)cn4)c1,CHEMBL3652143,IC50,7.68
5355941,COc1ccc(Nc2ncc(cc2c3nc(C)nc(N)n3)N4CCN(C)CC4)cn1,CHEMBL2165031,Ki,7.68
5355952,COc1ncc(Nc2ncc(CN3CCN(CC3)S(=O)(=O)C)cc2c4nc(C)nc(N)n4)cc1F,CHEMBL2170096,Ki,7.68
5355963,COc1ncc(cc1NS(=O)(=O)c2ccc(F)cc2F)c3cc4c(ncnc4s3)c5ccncc5,CHEMBL3577921,IC50,7.68
5355975,Cc1cccc(CCN2C(=O)COc3ccc(\C=C\4/SC(=S)NC4=O)cc23)c1,CHEMBL246857,IC50,7.68
5355986,Cc1nc(N)nc(n1)c2cc(CN3CCN(CC3)S(=O)(=O)C)cnc2Nc4ccc(Cl)nc4,CHEMBL2170092,Ki,7.68
5355997,COc1nc(nc(n1)c2ccc(NC(=O)Nc3ccc(cc3)C(=O)NCCN4CCCCC4)cc2)N5CCOCC5,CHEMBL1808978,IC50,7.69
5356008,Fc1ccc(CCN2C(=O)COc3ccc(\C=C\4/SC(=S)NC4=O)cc23)cc1F,CHEMBL429657,IC50,7.69
5356019,CC(=O)Nc1ccc(Nc2nc3ccccc3n2c4nc(C)nc(N)n4)cc1,CHEMBL1760155,IC50,7.7
5356030,CC(C)(NS(=O)(=O)c1cncc(c1)c2ccn3nc(N)nc3c2)C(F)(F)F,CHEMBL2205768,IC50,7.7
5356041,CNC(=O)c1ccc(NC(=O)Nc2ccc(cc2)c3nc(nc(n3)N4CCOCC4)N5CCOCC5)cc1,CHEMBL597825,IC50,7.7
5356052,CNC(=O)c1nc(cnc1N)c2ccc(Cl)c(c2)S(=O)(=O)Nc3ccccc3Cl,CHEMBL2152145,IC50,7.7
5356062,COc1ccc(CC2CCC(O)CC2)c(Nc3nc4ccccc4nc3NS(=O)(=O)c5cccnc5)c1,CHEMBL3652138,IC50,7.7
5356072,COc1ccc(Nc2ccc3OCCN(c3c2)c4nc5CC(C)(C)NC(=O)c5s4)nn1,CHEMBL522910,IC50,7.7
5356083,COc1nc(N)ncc1c2ccc(Cl)c(c2)S(=O)(=O)Nc3cccc(F)c3F,CHEMBL2152256,IC50,7.7
5356094,COc1ncc(Nc2ncc(cc2c3nc(C)nc(N)n3)[C@@H](N4CCN(CC4)S(=O)(=O)C)C(F)(F)F)cc1F,CHEMBL2170084,Ki,7.7
5356105,CS(=O)(=O)N1CCN(Cc2cc3nc(nc(N4CCOCC4)c3s2)c5cccc(O)c5)CC1,CHEMBL1086923,IC50,7.7
5356116,Cc1c(CN2CCN(CC2)C(=O)C(C)(C)N)sc3c(nc(nc13)c4cnc(N)nc4)N5CCOCC5,CHEMBL1922092,IC50,7.7
5356127,Cc1ccc(Nc2ccc3OCCN(c3c2)c4nc5CC(C)(C)NC(=O)c5s4)nn1,CHEMBL490428,IC50,7.7
5356138,Cc1ccccc1N2C(=Nc3cccc(C)c3C2=O)Cn4nc(c5ccc(O)c(F)c5)c6c(N)ncnc46,CHEMBL1213085,IC50,7.7
5356149,Cc1nc(NC(=O)NCCC(=O)OC(C)(C)C)sc1c2ccc(c(F)c2)S(=O)(=O)C,CHEMBL2071341,Ki,7.7
5356160,Clc1ccc(CCN2C(=O)COc3ccc(\C=C\4/SC(=S)NC4=O)cc23)cc1,CHEMBL241718,IC50,7.7
5356171,Nc1nc2cc(ccn2n1)c3cncc(c3)S(=O)(=O)N,CHEMBL2205773,IC50,7.7
5356182,Nc1nc2cc(ccn2n1)c3cncc(c3)S(=O)(=O)NCC(F)(F)F,CHEMBL2205767,IC50,7.7
5356194,Oc1ccc(O)c(c1)c2oc(\C=C\3/SC(=O)NC3=O)cc2,CHEMBL211819,IC50,7.7
5356206,Oc1ccc(c(O)c1)c2oc(\C=C\3/SC(=O)NC3=O)cc2,CHEMBL211173,IC50,7.7
5356217,O=C(Nc1ccc(cc1)c2nc(N3CCOCC3)c4nnn(C5CC5)c4n2)Nc6cccs6,CHEMBL601073,IC50,7.71
5356228,CC(C)n1ncnc1c2nc3c(CCOc4cc(ccc34)C(O)CO)s2,CHEMBL2381262,IC50,7.72
5356239,CCc1ncc(cc1OC)c2ccc3nc(NC(=O)C)sc3c2,CHEMBL3356890,Ki,7.72
1556208,COC[C@H]1OC(=O)c2coc3C(=O)C4=C([C@@H](C[C@@]5(C)[C@H]4CCC5=O)OC(=O)C)[C@]1(C)c23,CHEMBL428496,IC50,7.72
5356312,COc1cncc(c1)c2ccc3nc(NC(=O)NCCOc4ccccc4)sc3c2,CHEMBL3356902,Ki,7.72
5356323,CS(=O)(=O)N1CCN(Cc2cc3nc(nc(N4CCOCC4)c3s2)c5cccnc5)CC1,CHEMBL1086924,IC50,7.72
5356334,C[C@H](Nc1ncnc(N)c1C#N)c2nc3ccc(F)cc3c(NCCS(=O)(=O)C)c2c4ccccc4,CHEMBL2216892,IC50,7.72
5356345,CCn1nnc2c(nc(nc12)c3ccc(NC(=O)Nc4ccncc4)cc3)N5CCOCC5,CHEMBL590073,IC50,7.73
5356356,Clc1ccc(CCN2C(=O)COc3ccc(\C=C\4/SC(=S)NC4=O)cc23)c(Cl)c1,CHEMBL246647,IC50,7.74
5356367,Clc1ccc(CCN2C(=O)COc3ccc(\C=C\4/SC(=S)NC4=O)cc23)cc1Cl,CHEMBL392914,IC50,7.74
5356378,CC(C)Oc1nc(nc(n1)c2ccc(NC(=O)Nc3ccc(cc3)C(=O)N(C)CCN(C)C)cc2)N4CCOCC4,CHEMBL1808986,IC50,7.75
5356389,CC(C)c1ccc(cc1)c2ncccc2N3CCN(CC3)S(=O)(=O)c4cccc(c4)c5cnc(N)nc5,CHEMBL2152127,IC50,7.75
5356400,CC(C)c1ccc(cc1)c2nccnc2N3CCN(CC3)S(=O)(=O)c4cccc(c4)c5cnc(N)nc5,CHEMBL2152126,IC50,7.75
5356411,CNC(=O)c1nc(cnc1N)c2ccc(Cl)c(c2)S(=O)(=O)Nc3cccc(Cl)c3,CHEMBL2152144,IC50,7.75
5356422,CNC(=O)c1nc(cnc1N)c2ccc(Cl)c(c2)S(=O)(=O)Nc3cccc(Cl)c3Cl,CHEMBL2152250,IC50,7.75
5356434,CNC(=O)c1nc(cnc1N)c2ccc(Cl)c(c2)S(=O)(=O)Nc3cccc(F)c3F,CHEMBL2152252,IC50,7.75
5356445,COC(=O)N1CCN(Cc2cnc(Nc3ccc(OC)nc3)c(c2)c4nc(C)nc(N)n4)CC1,CHEMBL2165015,Ki,7.75
5356455,COc1ccc(CC2CCC(O)CC2)c(Nc3nc4ccccc4nc3NS(=O)(=O)c5cn(C)cn5)c1,CHEMBL3652137,IC50,7.75
1129427,COc1ccc2C3=NCCN3C(=Nc2c1OC)NC(=O)c4cccnc4,CHEMBL1241857,IC50,7.75
5356467,Cc1nn(C)cc1c2ccc3OCCN(c3c2)c4nc5CC(C)(C)NC(=O)c5s4,CHEMBL496542,IC50,7.75
5356478,Clc1cccc(CCN2C(=O)COc3ccc(\C=C\4/SC(=S)NC4=O)cc23)c1,CHEMBL246441,IC50,7.75
5356489,CC(C)n1nnc2c(nc(nc12)c3ccc(NC(=O)Nc4ccc(cc4)C(=O)N)cc3)N5CCOCC5,CHEMBL591760,IC50,7.76
5356500,CCNC(=O)c1ccc(NC(=O)Nc2ccc(cc2)c3nc(N4CCOCC4)c5nnn(CC)c5n3)cc1,CHEMBL591357,IC50,7.76
5356511,CC(=O)\N=C/1\NC(=C(S1)c2ccc(Cl)c(c2)S(=O)(=O)NCCO)C,CHEMBL1229535,IC50,7.77
5356522,CC(O)C(C)(C)Cc1noc(n1)c2sc(NC(=O)C)nc2C,CHEMBL3092375,IC50,7.77
5356533,CNC(=O)c1nc(cnc1N)c2ccc(Cl)c(c2)S(=O)(=O)NC,CHEMBL2152131,IC50,7.77
5356544,COc1ccc(Nc2ncc(CN3CCOCC3)cc2c4nc(C)nc(N)n4)cn1,CHEMBL2165010,Ki,7.77
5356555,Cc1c(CN2CCN(CC2)C(=O)CN)sc3c(nc(nc13)c4cnc(N)nc4)N5CCOCC5,CHEMBL1922090,IC50,7.77
5356566,CC(=O)Nc1nc(C)c(s1)c2oc(Sc3cccnc3)nc2,CHEMBL2204785,IC50,7.8
5356577,CC(C)(C)NS(=O)(=O)c1cncc(c1)c2cc(F)n3nc(N)nc3c2,CHEMBL2205763,IC50,7.8
5356588,CC(C)(C)NS(=O)(=O)c1cncc(c1)c2ccc3nc(NC(=O)NCCN4CCOCC4)nn3c2,CHEMBL2059913,IC50,7.8
5356599,CC(C)(C)c1ncc2CCc3nc(NC(=O)N4CCC[C@H]4C(=O)N)sc3c2n1,CHEMBL3609522,IC50,7.8
5356610,CC(C)(O)c1cc2nc(nc(N3CCOCC3)c2s1)c4cnc(N)nc4,CHEMBL1084926,IC50,7.8
5356622,CCn1nnc2c(nc(nc12)c3ccc(NC(=O)Nc4ccc(cc4)C(=O)N5CCN(C)CC5)cc3)N6CCOCC6,CHEMBL589258,IC50,7.8
5356633,CNC(=O)CNC(=O)Nc1nc2ccc(cn2n1)c3cncc(c3)S(=O)(=O)NC(C)(C)C,CHEMBL2057370,IC50,7.8
5356644,COc1ncc(Nc2ncc(CN3CCN(CC3)S(=O)(=O)C)cc2c4nc(C)nc(N)n4)cn1,CHEMBL2170095,Ki,7.8
5356655,Fc1ccc(cc1)S(=O)(=O)Nc2cc(cnc2Cl)c3ccc4ncc(NCCN5CCOCC5)nc4c3,CHEMBL1914736,IC50,7.8
5356666,Nc1nc2ccc(cn2n1)c3cncc(c3)S(=O)(=O)NCC4CC4,CHEMBL2064512,IC50,7.8
5356677,CS(=O)(=O)N1CCN(Cc2cc3nc(nc(N4CCOCC4)c3s2)c5cccc(CO)c5)CC1,CHEMBL1085160,IC50,7.82
5356688,C[C@@H]1CCN([C@@H]1C(=O)N)C(=O)Nc2nc3CCc4cnc(nc4c3s2)C(C)(C)C(F)(F)F,CHEMBL3609526,IC50,7.82
5356699,Cc1c(CN2CCN(CC2)S(=O)(=O)C)sc3c(nc(nc13)c4cnc(N)nc4)N5CCOCC5,CHEMBL1091978,IC50,7.82
5356710,Cc1nc(N)ncc1c2nc(N3CCOCC3)c4sc(cc4n2)C(C)(C)O,CHEMBL1085178,IC50,7.82
5356721,OCc1ccc(NC(=O)Nc2ccc(cc2)c3nc(nc(n3)N4CCOCC4)N5CCOCC5)cc1,CHEMBL597004,IC50,7.84
5356732,CC(=O)Nc1nc(C)c(s1)c2oc(nc2)N3CCCC(O)C3,CHEMBL2204794,IC50,7.85
5356743,CC(=O)Nc1nc(C)c(s1)c2onc(n2)C(C)(C)C,CHEMBL3092365,IC50,7.85
5356754,CN(\N=C\c1cnn2ccc(cc12)C#N)S(=O)(=O)c3cc(ccc3C)[N+](=O)[O-],CHEMBL1928541,IC50,7.85
5356765,CN1CCN(CC1)C(=O)c2ccc(NC(=O)Nc3ccc(cc3)c4nc(O[C@H]5CCOC5)nc(n4)N6CCOCC6)cc2,CHEMBL1808991,IC50,7.85
5356776,COCCOc1cnc(Nc2cnc(Cl)c(NS(=O)(=O)C)c2)c(c1)c3nc(C)nc(N)n3,CHEMBL2206906,Ki,7.85
5356787,COc1ncc(cc1NS(=O)(=O)c2ccc(F)cc2)c3ccc4nc(NC(=O)NC5CC5)nn4c3,CHEMBL3601923,IC50,7.85
5356798,C[C@H](O)C(=O)N1CCN(Cc2sc3c(nc(nc3c2C)c4cnc(N)nc4)N5CCOCC5)CC1,CHEMBL1922094,IC50,7.85
5356809,COc1nc(nc(n1)c2ccc(NC(=O)Nc3ccc(cc3)C(=O)N4CCN(C)CC4)cc2)N5CCOCC5,CHEMBL1808982,IC50,7.87
5356820,O=C(Nc1ccncc1)Nc2ccc(cc2)c3nc(N4CCOCC4)c5nnn(C6CC6)c5n3,CHEMBL590325,IC50,7.87
5356831,CC(=O)Nc1nc2ccc(cc2s1)c3cncc(C)c3,CHEMBL3356883,Ki,7.89
5356842,CC(C)N1CCN(CC1)c2cnc3ccc(cc3n2)c4cnc(Cl)c(NS(=O)(=O)c5ccc(F)cc5)c4,CHEMBL1914742,IC50,7.89
5356853,CNC(=O)Nc1ccc(Nc2nc3ccccc3n2c4nc(C)nc(N)n4)cc1,CHEMBL1760154,IC50,7.89
5356864,COCCNc1c(c2ccccc2)c(nc3ccc(F)cc13)[C@H](C)Nc4ncnc(N)c4C#N,CHEMBL3403670,IC50,7.89
5356875,COc1cc(cnc1N)c2ccc3nc(NC(=O)C)sc3c2,CHEMBL2418943,Ki,7.89
2889414,Fc1ccc(cc1)S(=O)(=O)Nc2cc(cnc2Cl)c3ccc4nccc(c5ccncc5)c4c3,CHEMBL1914727,IC50,7.89
5356888,CNC(=O)Nc1nc2ccc(cn2n1)c3cncc(c3)S(=O)(=O)NC(C)(C)C,CHEMBL2059910,IC50,7.9
5356899,COc1cccc(c1)c2nc3nc(N)nc(N)c3nc2c4cccc(OC)c4,CHEMBL230098,IC50,7.9
5356910,CCn1nnc2c(nc(nc12)c3ccc(NC(=O)Nc4ccc(cc4)C(=O)N(C)C)cc3)N5CCOCC5,CHEMBL591358,IC50,7.91
5356921,CCn1nnc2c(nc(nc12)c3ccc(NC(=O)Nc4ccc(cc4)C(=O)N)cc3)N5CCOCC5,CHEMBL591759,IC50,7.91
5356932,CC(=O)Nc1nc(C)c(s1)c2oc(Nc3cccc(c3)C(=O)O)nc2,CHEMBL2204779,IC50,7.92
5356943,CC(=O)Nc1nc(C)c(s1)c2oc(Nc3cccnc3)nc2,CHEMBL2203302,IC50,7.92
5356954,CC(=O)Nc1nc(C)c(s1)c2oc(nc2)S(=O)(=O)C,CHEMBL2204778,IC50,7.92
5356965,CCn1nnc2c(nc(nc12)c3ccc(NC(=O)Nc4ccc(cc4)C(=O)NCCN(C)C)cc3)N5CCOCC5,CHEMBL590587,IC50,7.92
5356975,COc1ccc(CCCO)c(Nc2nc3ccccc3nc2NS(=O)(=O)c4cccc(NC(=O)CO)c4)c1,CHEMBL3652216,IC50,7.92
5356985,COc1ccc(Nc2ncccc2c3nc(C)nc4[nH]cnc34)cn1,CHEMBL2165039,Ki,7.92
5356996,COc1ncc(Nc2ncc(cc2c3nc(C)nc(N)n3)[C@@H](C)N4CCN(C[C@H]4C)S(=O)(=O)C)cc1F,CHEMBL2170086,Ki,7.92
5357007,COc1ncc(Nc2ncc(cc2c3nc(C)nc(N)n3)[C@H](C)N4CCN(C[C@H]4C)S(=O)(=O)C)cc1F,CHEMBL2170087,Ki,7.92
5357018,Cc1nc(N)nc(n1)c2cccnc2Nc3cccc(O)c3,CHEMBL2165052,Ki,7.92
5357029,Cc1nc(c2cccnc2Nc3cccc4[nH]ncc34)c5nc[nH]c5n1,CHEMBL2165037,Ki,7.92
5357040,COc1cc(CCN2C(=O)COc3ccc(\C=C\4/SC(=S)NC4=O)cc23)cc(OC)c1,CHEMBL394235,IC50,7.93
5357051,CCn1nnc2c(nc(nc12)c3ccc(NC(=O)Nc4cccs4)cc3)N5CCOCC5,CHEMBL590084,IC50,7.94
5357062,COc1cccc(CCN2C(=O)COc3ccc(\C=C\4/SC(=S)NC4=O)cc23)c1,CHEMBL246859,IC50,7.95
5357073,Cc1cc(C)cc(CCN2C(=O)COc3ccc(\C=C\4/SC(=S)NC4=O)cc23)c1,CHEMBL394234,IC50,7.95
5357084,CC(C)n1ncnc1c2nc3c(CCOc4cc(ccc34)C5=CC=CNC5=O)s2,CHEMBL2381272,IC50,7.96
5357096,CN(C)C1CCN(CC1)C(=O)c2ccc(NC(=O)Nc3ccc(cc3)c4nc(nc(n4)N5CCOCC5)N6CCOCC6)cc2,CHEMBL592445,IC50,7.96
5357107,CNC(=O)c1nc(cnc1N)c2ccc(Cl)c(NS(=O)(=O)c3cccc(Cl)c3)c2,CHEMBL2152139,IC50,7.96
5357118,COc1c(c2ccccc2)c(nc3ccc(F)cc13)[C@H](C)Nc4ncnc(N)c4C#N,CHEMBL3403665,IC50,7.96
5357128,COc1ccc(CCCN(C)C)c(Nc2nc3ccccc3nc2NS(=O)(=O)c4cn(C)cn4)c1,CHEMBL3652146,IC50,7.96
5357138,COc1ccc(Nc2ncc(Cc3ccccc3)cc2c4nc(C)nc(N)n4)cn1,CHEMBL2165006,Ki,7.96
5357149,COc1ccc2[nH]c(c(\C=C\3/Oc4cc(O)cc(O)c4C3=O)c2c1)c5ccccc5,CHEMBL1090115,IC50,7.96
5357160,Cc1ccc(CN2C(=O)COc3ccc(\C=C\4/SC(=S)NC4=O)cc23)cc1C,CHEMBL392349,IC50,7.96
5357171,Cc1ccc(cc1S(=O)(=O)N(CCO)\N=C\c2cnn3ccc(cc23)C#N)[N+](=O)[O-],CHEMBL1928561,IC50,7.96
5357182,COc1nc(nc(n1)c2ccc(NC(=O)Nc3ccc(cc3)C(=O)NCCN(C)C)cc2)N4CCOCC4,CHEMBL1808980,IC50,7.98
5357193,CC(C)(C)c1ccc(CN2C(=O)COc3ccc(\C=C\4/SC(=S)NC4=O)cc23)cc1,CHEMBL241710,IC50,7.99
5357204,Fc1ccc(c(F)c1)S(=O)(=O)Nc2cc(cnc2Cl)c3cc4c(ncnc4s3)c5ccncc5,CHEMBL3577925,IC50,7.99
5357215,Brc1ccc(CCN2C(=O)COc3ccc(\C=C\4/SC(=S)NC4=O)cc23)cc1,CHEMBL246440,IC50,8.0
5357226,CC(=O)Nc1nc(C)c(s1)c2csc(Nc3cccc(c3)C(=O)O)n2,CHEMBL2164280,IC50,8.0
5357236,CC(=O)Nc1nc(C)c(s1)c2oc(CC(F)(F)F)nc2,CHEMBL2204788,IC50,8.0
5357247,CC(C)(C)NS(=O)(=O)c1cncc(c1)c2ccc3nc(NC(=O)NCCc4oc(nn4)C5CC5)nn3c2,CHEMBL2057367,IC50,8.0
5357257,COc1ccc(CC2CCS(=O)(=O)CC2)c(Nc3nc4ccccc4nc3NS(=O)(=O)c5ccc(CN(C)C)cc5)c1,CHEMBL3652199,IC50,8.0
5357267,COc1ccc(cc1)c2nccnc2N3CCN(CC3)S(=O)(=O)c4cccc(c4)c5cnc(N)nc5,CHEMBL2151050,IC50,8.0
5357278,COc1ccc(cn1)c2cc(CNc3ccc(cc3)S(=O)(=O)Nc4nnc(C)s4)cc(c2)C(=O)NCCC(C)C,CHEMBL3582351,IC50,8.0
5357289,COc1ccc2[nH]c(c(\C=C\3/Oc4cc(O)cc(O)c4C3=O)c2c1)c5cccnc5,CHEMBL1093445,IC50,8.0
5357300,Cc1c(CN2CCN(CC2)C(=O)CO)sc3c(nc(nc13)c4cnc(N)nc4)N5CCOCC5,CHEMBL1922093,IC50,8.0
5357311,O=C(Nc1ccc(cc1)C(=O)N2CCC(CC2)N3CCCC3)Nc4ccc(cc4)c5nc(nc(n5)N6CCOCC6)N7CCOCC7,CHEMBL592461,IC50,8.0
5357322,O=C(Nc1ccc(cc1)C(=O)N2CCC(CC2)N3CCCCC3)Nc4ccc(cc4)c5nc(nc(n5)N6CCOCC6)N7CCOCC7,CHEMBL592619,IC50,8.0
5357333,CN1CCN(CC1)C(=O)c2ccc(NC(=O)Nc3ccc(cc3)c4nc(OC5COC5)nc(n4)N6CCOCC6)cc2,CHEMBL1808984,IC50,8.02
5357344,CNCCN(C)C(=O)c1ccc(NC(=O)Nc2ccc(cc2)c3nc(OC)nc(n3)N4CCOCC4)cc1,CHEMBL1808981,IC50,8.02
5357354,CC(=O)Nc1nc(C)c(s1)c2csc(Nc3cccc(c3)c4nnn[nH]4)n2,CHEMBL3646796,IC50,8.05
5357364,CCn1nnc2c(nc(nc12)c3ccc(NC(=O)Nc4ccc(cc4)C(=O)NCCCN(C)C)cc3)N5CCOCC5,CHEMBL590594,IC50,8.05
5357375,COCc1cnc(Nc2ccc(OC)nc2)c(c1)c3nc(C)nc(N)n3,CHEMBL2165027,Ki,8.05
5357386,COc1cc(Nc2nc3ccccc3nc2NS(=O)(=O)c4ccc(NC(=O)c5ccc(C)c(OC)c5)cc4)cc(OC)c1,CHEMBL3349370,IC50,8.05
5357396,COc1ccc(Nc2cc(nc(n2)N3CCOCC3)c4cnc(N)nc4)cn1,CHEMBL1672328,IC50,8.05
5357407,COc1ccc(Nc2ncc(CN3CCC(CC3)S(=O)(=O)C)cc2c4nc(C)nc(N)n4)cn1,CHEMBL2165019,Ki,8.05
5357418,COc1ccc(Nc2ncc(CN3CCN(CC3)S(=O)(=O)N(C)C)cc2c4nc(C)nc(N)n4)cn1,CHEMBL2165018,Ki,8.05
5357429,COc1cnc(Nc2ccc(OC)nc2)c(c1)c3nc(C)nc(N)n3,CHEMBL2165025,Ki,8.05
5357440,COc1cncc(c1)c2ccc3nc(NC(=O)N(C)C)sc3c2,CHEMBL3356892,Ki,8.05
5357451,COc1ncc(Nc2ncc(CN3CCN(C[C@@H]3C)S(=O)(=O)C)cc2c4nc(C)nc(N)n4)cc1F,CHEMBL2170083,Ki,8.05
5357462,COc1ncc(Nc2ncc(CN3CCN(C[C@H]3C)S(=O)(=O)C)cc2c4nc(C)nc(N)n4)cc1F,CHEMBL2170082,Ki,8.05
5357473,COc1ncc(Nc2ncc(cc2c3nc(C)nc(N)n3)C(C)(C)N4CCN(CC4)S(=O)(=O)C)cc1F,CHEMBL2170090,Ki,8.05
5357484,COc1ncc(Nc2ncc(cc2c3nc(C)nc(N)n3)[C@H](C)N4CCN(C[C@@H]4C)S(=O)(=O)C)cc1F,CHEMBL2170089,Ki,8.05
5357495,Cc1ccc(CCN2C(=O)COc3ccc(\C=C\4/SC(=S)NC4=O)cc23)cc1,CHEMBL239374,IC50,8.05
5357506,Cl.CN(C)CCN(C)C(=O)c1ccc(NC(=O)Nc2ccc(cc2)c3nc(nc(n3)N4CCOCC4)N5CCOCC5)cc1,CHEMBL1204015,IC50,8.05
5357517,Cl.CN1CCN(CC1)C(=O)c2ccc(NC(=O)Nc3ccc(cc3)c4nc(nc(n4)N5CCOCC5)N6CCOCC6)cc2,CHEMBL1204014,IC50,8.05
5357528,O=C1NC(=O)\C(=C\c2ccc3nccnc3c2)\S1,CHEMBL568150,IC50,8.05
5357539,CC(C)n1ncnc1c2nc3c(CCOc4cc(CO)ccc34)s2,CHEMBL2381261,IC50,8.08
5357550,CC(C)n1ncnc1c2nc3c(CCOc4cc(ccc34)C5CCNCC5)s2,CHEMBL2381268,IC50,8.08
5357561,CS(=O)(=O)N1CCN(Cc2cc3nc(nc(N4CCOCC4)c3s2)c5cnc(N)nc5)CC1,CHEMBL1083192,IC50,8.08
5357572,CC(=O)Nc1cn2cc(ccc2n1)c3cnc(N)c(c3)C(F)(F)F,CHEMBL2418954,IC50,8.09
1088360,CN(Cc1nc2c(nc(nc2n1C)c3cnc(N)nc3)N4CCOCC4)c5ncc(cn5)C(=O)NO,CHEMBL3827894,IC50,8.09
5357586,FC(F)(F)c1ccc(CCN2C(=O)COc3ccc(\C=C\4/SC(=S)NC4=O)cc23)cc1,CHEMBL393121,IC50,8.09
1130338,Fc1ccc(cc1)S(=O)(=O)Nc2cc(cnc2Cl)c3ccc4nccc(N5CCOCC5)c4c3,CHEMBL1738719,IC50,8.09
5357599,CC(=O)Nc1nc2ccc(cn2n1)c3cncc(CS(=O)(=O)N)c3,CHEMBL2064501,IC50,8.1
5357610,CCN(CC)S(=O)(=O)c1cncc(c1)c2ccn3nc(N)nc3c2,CHEMBL2205771,IC50,8.1
5357621,CN(C)CCNC(=O)c1ccc(NC(=O)Nc2ccc(cc2)c3nc(nc(n3)N4CCOCC4)N5CCOCC5)cc1,CHEMBL592615,IC50,8.1
5357632,CNC(=O)c1nc(cnc1N)c2ccc(Cl)c(c2)S(=O)(=O)Nc3ccc(Cl)cc3Cl,CHEMBL2152150,IC50,8.1
5357643,COc1ccc(Nc2ncc(CC3CCN(CC3)S(=O)(=O)C)cc2c4nc(C)nc(N)n4)cn1,CHEMBL2165020,Ki,8.1
5357654,COc1ccc(Nc2ncc(CN3CCN(CC3)C(=O)N(C)C)cc2c4nc(C)nc(N)n4)cn1,CHEMBL2165016,Ki,8.1
5357665,COc1ccc(Nc2ncc(CN3CCN(CC3)S(=O)(=O)C)cc2c4nc(C)nc(N)n4)cn1,CHEMBL2165017,Ki,8.1
5357676,COc1ccc(Nc2ncc(cc2c3nc(C)nc(N)n3)c4ccc(C)nc4)cn1,CHEMBL2165032,Ki,8.1
5357687,COc1ncc(Nc2ncc(cc2c3nc(C)nc(N)n3)[C@@H](C)N4CCN(C[C@@H]4C)S(=O)(=O)C)cc1F,CHEMBL2170088,Ki,8.1
5357698,COc1ncc(cc1NS(=O)(=O)c2ccc(F)cc2F)c3ccc4nc(N)c(nc4c3)c5ccccc5,CHEMBL3121333,IC50,8.1
5357709,Cc1nc(CCNC(=O)Nc2nc3ccc(cn3n2)c4cncc(c4)S(=O)(=O)NC(C)(C)C)cs1,CHEMBL2057365,IC50,8.1
5357720,Cc1nc(N)nc(n1)n2c(Nc3cccc(O)c3)nc4ccccc24,CHEMBL1762788,IC50,8.1
5357731,Cn1ncc2c(Oc3ccc(cc3)S(=O)(=O)C)cc(nc12)c4cccc5[nH]ncc45,CHEMBL1257653,IC50,8.1
5357742,Nc1nc2ccc(cn2n1)c3cncc(c3)S(=O)(=O)Nc4cccc5ccccc45,CHEMBL2064507,IC50,8.1
5357753,O=C(Nc1ccc(cc1)C(=O)NCCN2CCCCC2)Nc3ccc(cc3)c4nc(O[C@H]5CCOC5)nc(n4)N6CCOCC6,CHEMBL1808989,IC50,8.1
2889427,Fc1ccc(cc1)S(=O)(=O)Nc2cc(cnc2Cl)c3ccc4nccc(c5cccnc5)c4c3,CHEMBL1914726,IC50,8.11
5357766,CC(=O)Nc1nc(C)c(s1)c2onc(CC(C)(C)CO)n2,CHEMBL3092373,IC50,8.14
5357777,Clc1ccc(CN2C(=O)COc3ccc(\C=C\4/SC(=S)NC4=O)cc23)cc1,CHEMBL393276,IC50,8.15
5357788,CCNC(=O)Nc1nc2ccc(cc2s1)c3cncc(OC)c3,CHEMBL3356893,Ki,8.16
5357799,COc1ccc(Nc2ncc(Cc3ccc(cc3)S(=O)(=O)C)cc2c4nc(C)nc(N)n4)cn1,CHEMBL2165007,Ki,8.16
5357810,COc1cncc(Nc2ncc(CN3CCN(CC3)S(=O)(=O)C)cc2c4nc(C)nc(N)n4)c1,CHEMBL2170098,Ki,8.16
5357821,COc1cncc(c1)c2ccc3nc(NC(=O)NCCc4cn(C)cn4)sc3c2,CHEMBL3356898,Ki,8.16
5357832,COc1nc(nc(n1)c2ccc(NC(=O)Nc3ccc(cc3)C(=O)N(C)CCN(C)C)cc2)N4CCOCC4,CHEMBL1808979,IC50,8.16
5357843,COc1ncc(Nc2ncc(cc2c3nc(C)nc(N)n3)[C@H](C)N4CCN(CC4)S(=O)(=O)C)cc1F,CHEMBL2170099,Ki,8.16
5357854,C[C@@H](O)C(=O)N1CCN(Cc2sc3c(nc(nc3c2C)c4cnc(N)nc4)N5CCOCC5)CC1,CHEMBL1921986,IC50,8.17
5357865,CN(C)C1CCN(CC1)C(=O)c2ccc(NC(=O)Nc3ccc(cc3)c4nc(O[C@H]5CCOC5)nc(n4)N6CCOCC6)cc2,CHEMBL1808988,IC50,8.19
5357876,Fc1ccc(cc1)S(=O)(=O)Nc2cc(cnc2Cl)c3ccc4nccc(N5CCN(Cc6ccncc6)CC5)c4c3,CHEMBL1914724,IC50,8.19
5357887,CC(C)(C)NS(=O)(=O)c1cncc(c1)c2ccc3nc(NC(=O)NCC(=O)N4CCCC4)nn3c2,CHEMBL2057371,IC50,8.2
5357898,CC(C)(C)NS(=O)(=O)c1cncc(c1)c2ccc3nc(NC(=O)NCCc4cnccn4)nn3c2,CHEMBL2057366,IC50,8.2
5357909,COc1ncc(cc1NS(=O)(=O)c2cccnc2)c3ccc4N=C(N)N(C(=O)c4c3)c5ccccc5,CHEMBL3121323,IC50,8.2
5357920,Nc1nc2ccc(cn2n1)c3cncc(NS(=O)(=O)c4ccc(Cl)cc4)c3,CHEMBL2064508,IC50,8.2
5357931,CCOc1cncc(c1)c2ccc3nc(NC(=O)C)sc3c2,CHEMBL3356885,Ki,8.22
5357942,COc1ccc(Nc2ncc(cc2c3nc(C)nc(N)n3)c4cnn(C)c4)cn1,CHEMBL2165033,Ki,8.22
5357953,COc1cncc(c1)c2ccc3nc(NC(=O)NCC(=O)NCC(F)(F)F)sc3c2,CHEMBL3356895,Ki,8.22
5357964,Nc1ncc(c(OCC(F)(F)F)n1)c2ccc(Cl)c(c2)S(=O)(=O)Nc3cccc(F)c3F,CHEMBL2152257,IC50,8.22
5357975,O=C(Nc1ccc(cc1)C(=O)NCCN2CCCC2)Nc3ccc(cc3)c4nc(O[C@H]5CCOC5)nc(n4)N6CCOCC6,CHEMBL1808990,IC50,8.22
5357986,Oc1cccc2c1nc(C(F)F)n2c3nc(nc(n3)N4CCOCC4)N5CCOCC5,CHEMBL1910998,IC50,8.22
1130402,Nc1ccc(cn1)c2ccc3ncc4C=CC(=O)N(c5cccc(c5)C(F)(F)F)c4c3c2,CHEMBL1765602,IC50,8.25
5357999,COc1ncc(Nc2nc3ccc(cn3c2c4nc(C)nc(N)n4)C(C)(C)O)cc1F,CHEMBL3618245,Ki,8.28
5358010,Cc1nc(N)ncc1c2nc(N3CCOCC3)c4sc(CN5CCN(CC5)S(=O)(=O)C)cc4n2,CHEMBL1085177,IC50,8.28
2350809,Nc1nc(N)c2nc(c3cccc(O)c3)c(nc2n1)c4cccc(O)c4,CHEMBL230011,Kd,8.28
5358023,CC(=O)Nc1nc(C)c(s1)c2ccc(Cl)c(c2)S(=O)(=O)Nc3ccc(O)cc3,CHEMBL3787013,IC50,8.3
5358034,CN1C(=O)N(c2ccc(cc2)C(C)(C)C#N)c3c1cnc4ccc(cc34)c5cnc6ccccc6c5,CHEMBL1879463,IC50,8.3
1129891,CNC(=O)c1ccc2c(OCCc3cc(sc23)C(=O)N(C)c4ccc(cc4Cl)C(=O)N(C)C)c1,CHEMBL1796761,IC50,8.3
5358046,CNC(=O)c1nc(cnc1N)c2ccc(Cl)c(c2)S(=O)(=O)Nc3ccc(F)cc3Cl,CHEMBL2152148,IC50,8.3
5358057,COc1ccc(Nc2ncc(CN3CCC(C3)S(=O)(=O)C)cc2c4nc(C)nc(N)n4)cn1,CHEMBL2165004,Ki,8.3
5358068,COc1cncc(c1)c2ccc3nc(NC(=O)NCCc4c[nH]cn4)sc3c2,CHEMBL3356897,Ki,8.3
5358079,C[C@@H]1CCN([C@@H]1C(=O)N)C(=O)Nc2nc3CCc4cnc(nc4c3s2)C(C)(C)C,CHEMBL3609525,IC50,8.3
5358090,Cc1nc(N)nc(n1)n2c(Nc3cc(O)cc(O)c3)nc4ccccc24,CHEMBL1762790,IC50,8.3
5358102,FC(F)c1nc2ccccc2n1c3nc(nc(n3)N4CCOCC4)N5CCOCC5,CHEMBL586702,IC50,8.3
1130328,Nc1oc2ccc(cc2n1)c3nn(CC4CCCC4)c5ncnc(N)c35,CHEMBL3797933,IC50,8.3
5358114,CN(C)CCN(C)C(=O)c1ccc(NC(=O)Nc2ccc(cc2)c3nc(O[C@H]4CCOC4)nc(n3)N5CCOCC5)cc1,CHEMBL1808977,IC50,8.32
1130036,CC(=O)Nc1nc2ccc(cc2s1)c3cnc(Cl)c(NS(=O)(=O)c4ccc(F)cc4)c3,CHEMBL1615189,Ki,8.33
5358127,COc1ccc(cn1)c2cc(CNc3ccc(cc3)S(=O)(=O)Nc4nnc(C)s4)cc(c2)C(=O)NCCc5ccccc5F,CHEMBL3582350,IC50,8.36
5358138,CC(C)n1ncnc1c2nc3c(CCOc4cc(ccc34)C5CCNC5)s2,CHEMBL2381266,IC50,8.37
5358149,CC(C)(C)NS(=O)(=O)c1cncc(c1)c2ccc3nc(NC(=O)NCC(=O)N4CCOCC4)nn3c2,CHEMBL2057372,IC50,8.4
5358160,CCOC(=O)N1CCN(CC#Cc2ccnc3ccc(cc23)c4cnc(OC)c(NS(=O)(=O)c5ccc(F)cc5F)c4)CC1,CHEMBL3765587,IC50,8.4
5358171,CN1CCN(CC1)c2nc3ccccc3cc2Cn4nc(c5ccc6nc(N)sc6c5)c7c(N)ncnc47,CHEMBL1213118,IC50,8.4
5358182,COc1ccc(Nc2ncc(cc2c3nc(C)nc(N)n3)N4CCOCC4)cn1,CHEMBL2165029,Ki,8.4
5358193,COc1cncc(c1)c2ccc3nc(NC(=O)C)sc3c2,CHEMBL3356884,Ki,8.4
5358204,COc1nc(nc(n1)c2ccc(NC(=O)Nc3ccc(cc3)C(=O)N4CCNC(C)(C)C4)cc2)N5CCOCC5,CHEMBL1808983,IC50,8.4
5358215,COc1ncc(cc1NS(=O)(=O)c2ccc(F)cc2F)c3ccc4N=C(N)N(C(=O)c4c3)c5ccccc5,CHEMBL3121334,IC50,8.4
5358226,Cc1ncnc(n1)n2c(Nc3cccc(O)c3)nc4ccccc24,CHEMBL2165051,Ki,8.4
5358237,Cc1nnc(NS(=O)(=O)c2ccc(NCc3cc(cc(c3)c4ccc5OCOc5c4)C(=O)O)cc2)s1,CHEMBL3582357,IC50,8.4
5358248,CC(C)n1ncnc1c2nc3c(CCOc4cc(ccc34)c5ccc(N)nc5)s2,CHEMBL2381273,IC50,8.43
5358259,CC(C)n1ncnc1c2nc3c(CCOc4cc(ccc34)C5CNC5)s2,CHEMBL2381265,IC50,8.46
5358270,CN(C)C(=O)CNC(=O)Nc1nc2ccc(cn2n1)c3cncc(c3)S(=O)(=O)NC(C)(C)C,CHEMBL2057363,IC50,8.5
5358281,CC(=O)Nc1nc(C)c(s1)c2oc(nc2)C(C)(C)C,CHEMBL2204791,IC50,8.52
5358292,CC(=O)Nc1nc(C)c(s1)c2oc(nc2)c3cccnc3,CHEMBL2204786,IC50,8.52
5358303,CC(C)n1ncnc1c2nc3c(CCOc4ccccc34)s2,CHEMBL2381253,IC50,8.52
5358314,COc1ncc(cc1NS(=O)(=O)c2ccc(F)cc2F)c3ccc4nccc(C#CCN5CCN(CC5)S(=O)(=O)C)c4c3,CHEMBL3763244,IC50,8.57
5358325,COc1ccc(cn1)c2cc(CNc3ccc(cc3)S(=O)(=O)Nc4nnc(C)s4)cc(c2)C(=O)O,CHEMBL3582354,IC50,8.59
5358336,CC(C)(C)NS(=O)(=O)c1cncc(c1)c2ccc3nc(NC(=O)NCCn4nnc(n4)C5CC5)nn3c2,CHEMBL2057368,IC50,8.6
5358347,CN1CCN(CC1)C(=O)CNC(=O)Nc2nc3ccc(cn3n2)c4cncc(c4)S(=O)(=O)NC(C)(C)C,CHEMBL2057373,IC50,8.6
5358358,COc1ncc(cc1NS(=O)(=O)c2ccc(F)cc2F)c3ccc4ncnc(N5CCOCC5)c4c3,CHEMBL3121327,IC50,8.6
5358369,COc1cc(F)c2[nH]c(c(\C=C/3\Oc4ccc(NC(=O)Nc5ccc(cc5)C(=O)N(C)CCN(C)C)cc4C3=O)c2c1)c6c(C)nn(C)c6C,CHEMBL1082621,IC50,8.62
5358380,Cc1nc(N)nc(n1)c2cccnc2Nc3cnc(Cl)c(NS(=O)(=O)C)c3,CHEMBL2206913,Ki,8.62
1130024,Fc1ccc(cc1)S(=O)(=O)Nc2cc(cnc2Cl)c3ccc4ncc(nc4c3)N5CCOCC5,CHEMBL1914743,IC50,8.62
418492,O=C1NC(=S)S/C/1=C\c2ccc3ncccc3c2,CHEMBL3774448,IC50,8.64
5358395,O=C1NC(=S)S/C/1=C\c2ccc3ncsc3c2,CHEMBL3775393,IC50,8.64
5358406,CC(C)n1ncnc1c2cc3CCOc4cc(ccc4c3s2)C(=O)N,CHEMBL2322764,IC50,8.66
5358417,COc1cnc(Nc2cnc(Cl)c(NS(=O)(=O)N(C)C)c2)c(c1)c3nc(C)nc(N)n3,CHEMBL2206904,Ki,8.66
5358428,CCCn1cnc(CCNC(=O)Nc2nc3ccc(cc3s2)c4cncc(OC)c4)c1,CHEMBL3356900,Ki,8.7
5358439,CCn1cnc(CCNC(=O)Nc2nc3ccc(cc3s2)c4cncc(OC)c4)c1,CHEMBL3356899,Ki,8.7
5358450,COc1ccc(Nc2ncc(cc2c3nc(C)nc(N)n3)C4=CCOCC4)cn1,CHEMBL2165030,Ki,8.7
5358461,Cc1nnc(NS(=O)(=O)c2ccc(NCc3cc(cc(c3)c4ccc5OCCOc5c4)C(=O)O)cc2)s1,CHEMBL3582356,IC50,8.7
5358472,CC(=O)Nc1cn2nc(ccc2n1)c3cnc(Cl)c(NS(=O)(=O)c4ccc(F)cc4)c3,CHEMBL1822054,Ki,8.72
5358483,CC(C)n1ncnc1c2nc3c(CCOc4cc(ccc34)c5ncc[nH]5)s2,CHEMBL2381270,IC50,8.82
5358494,CC(C)(O)Cn1cc(cn1)c2ccc3c(OCCc4sc(nc34)c5ncnn5CC(F)(F)F)c2,CHEMBL2381379,IC50,8.85
5358508,CS(=O)(=O)N1CCN(Cc2cc3nc(nc(N4CCOCC4)c3s2)c5cccc6[nH]ncc56)CC1,CHEMBL521851,Ki,8.85
5358519,CN(C)S(=O)(=O)Nc1cc(Nc2ncc(Cl)cc2c3nc(C)nc(N)n3)cnc1Cl,CHEMBL2206921,Ki,9.0
5358530,COc1cc(cnc1OC)c2ccc3nc(NC(=O)C)sc3c2,CHEMBL3356889,Ki,9.0
5358541,COc1cncc(c1)c2ccc3nc(NC(=O)NCCC(=O)NCC(F)(F)F)sc3c2,CHEMBL3356896,Ki,9.0
5358552,COc1ncc(Nc2ncc(cc2c3nc(C)nc(N)n3)[C@@H](C)N4CCN(CC4)S(=O)(=O)C)cc1F,CHEMBL2170081,Ki,9.0
5358564,CC(C)n1nc(C)nc1c2cn3CCOc4cc(ccc4c3n2)c5cnn(c5)C(C)(C)C(=O)N,CHEMBL2387080,Ki,9.01
5358575,CC(C)n1ncnc1c2nc3c(CCOc4cc(ccc34)c5cn[nH]c5)s2,CHEMBL2381269,IC50,9.16
5358586,CC(C)n1ncnc1c2nc3c(CCOc4cc(ccc34)c5cn(C)cn5)s2,CHEMBL2381271,IC50,9.22
5358597,COc1ncc(cc1NS(=O)(=O)c2ccc(F)cc2F)c3ccc4nccc(c5ccnnc5)c4c3,CHEMBL1236962,IC50,9.22
5358608,CC(C)n1ncnc1c2nc3c(CCOc4cc(ccc34)c5cnn(CCO)c5)s2,CHEMBL2381373,Ki,9.26
5358619,COc1ccc(cn1)N2CCc3nc(NC(=O)C)sc3C2,CHEMBL3586667,Ki,9.48
5358630,CC(=O)Nc1nc2CCN(Cc2s1)c3cccnc3,CHEMBL3586665,Ki,9.8
5358641,C[C@H](O)C(=O)N1CCC(CC1)N2C(=O)N(C)c3cnc4ccc(nc4c23)c5ccc(C)nc5,CHEMBL2331664,Ki,9.96
5358652,CCNC(=O)Nc1nc2CCN(Cc2s1)c3cncc(OC)c3,CHEMBL3586671,Ki,10.18
5358663,COc1cncc(c1)N2CCc3nc(NC(=O)C)sc3C2,CHEMBL3586666,Ki,10.32
5358674,COc1cncc(c1)N2CCc3nc(NC(=O)NCCc4cn(CC(C)C)cn4)sc3C2,CHEMBL3586675,Ki,10.47
5358685,COc1cncc(c1)N2CCc3nc(NC(=O)NCCc4cn(CCO)cn4)sc3C2,CHEMBL3586680,Ki,10.6
5358696,COc1cc(cnc1Cl)N2CCc3nc(NC(=O)C)sc3C2,CHEMBL3586669,Ki,10.62
5358707,COc1cncc(n1)N2CCc3nc(NC(=O)C)sc3C2,CHEMBL3586670,Ki,10.77
5358718,COc1cncc(c1)N2CCc3nc(NC(=O)NCCc4cn(cn4)C(C)C)sc3C2,CHEMBL3586673,Ki,10.8
5358729,COc1cc(cnc1OC)N2CCc3nc(NC(=O)C)sc3C2,CHEMBL3586668,Ki,10.89
5358740,CCCOCCNC(=O)Nc1nc2CCN(Cc2s1)c3cncc(OC)c3,CHEMBL3586672,Ki,10.96
5358751,CCCn1cnc(CCNC(=O)Nc2nc3CCN(Cc3s2)c4cncc(OC)c4)c1,CHEMBL3586674,Ki,11.0
