id,smiles,name,assay_type,activity_value
853473,C[C@H]1C[C@H](C[C@@H](N)[C@H]1[S+](C)[O-])c2ccncc2NC(=O)c3ccc(F)c(n3)c4c(F)cccc4F,CHEMBL3687446,IC50,7.53
854845,Brc1ccc2oc3C(=O)NC(=Nc3c2c1)c4ccc(NCC5CCNCC5)cc4,CHEMBL2035630,IC50,7.54
4172569,CN(C)CC1=Nc2c(sc3ccc(cc23)c4ccc(OC(F)(F)F)cc4)C(=O)N1,CHEMBL575254,Ki,7.54
858088,COc1cc(NCC2CCNCC2)nc3c1nnn3c4cccc(OC(F)(F)F)c4,CHEMBL1952142,IC50,7.54
854709,C[C@H]1CN(C[C@@H](N)[C@@H]1O)c2ccncc2NC(=O)c3ccc(F)c(n3)c4cccnc4,CHEMBL3652012,IC50,7.54
854556,C[C@H]1C[C@H](C[C@@H](N)[C@H]1OCCS(=O)(=O)C)c2ccncc2NC(=O)c3csc(n3)c4c(F)cccc4F,CHEMBL3691917,IC50,7.54
854912,Clc1cc(CNC2CCNCC2)ccc1C3=Nc4c(oc5ccc(Br)cc45)C(=O)N3,CHEMBL2035628,IC50,7.54
855282,Fc1cccc(F)c1c2ccc3[nH]nc(c4cncc(n4)N5CCNCC5)c3c2,CHEMBL3393695,IC50,7.54
856132,N[C@H]1CCC[C@H](C1)c2ccncc2NC(=O)c3csc(n3)c4c(F)cccc4F,CHEMBL3676290,IC50,7.54
4173851,O[C@H]1CCN(CC2=Nc3c(sc4ccc(Cl)cc34)C(=O)N2)C1,CHEMBL572513,Ki,7.54
4174188,O[C@H]1CCN(CC2=Nc3c(sc4ccc(cc34)c5ccc(cc5)C#N)C(=O)N2)C1,CHEMBL573045,Ki,7.54
854856,CCOc1cncc(n1)c2c[nH]c3ccc(cc23)c4nnc(N)s4,CHEMBL3394170,IC50,7.55
4173719,CNC(=O)c1cccc2c1nc(Nc3ccccc3Cl)c4ccsc24,CHEMBL2017360,IC50,7.55
26231,CN[C@@H]1C[C@H]2O[C@@](C)([C@@H]1OC)n3c4ccccc4c5c6CNC(=O)c6c7c8ccccc8n2c7c35,CHEMBL388978,IC50,7.55
4172720,COc1cccc(Nc2nc3c(cccc3c4sccc24)c5nnc[nH]5)c1,CHEMBL2017351,IC50,7.55
854322,C[C@@H]1C[C@H](N)C[C@@H](C1)c2ccncc2NC(=O)c3nc(ccc3F)c4ccc(O)cc4F,CHEMBL3651935,IC50,7.55
856194,Cn1ncc(NC(=O)c2nc(ccc2N)c3ccccc3F)c1N4CC[C@@H](N)C4,CHEMBL3652635,Ki,7.55
857691,Cn1ncc(NC(=O)c2nc(sc2N)c3c(F)cccc3F)c1OC4CCNCC4,CHEMBL3652631,Ki,7.55
4173783,Fc1cc(OCCN2CCCC2)ccc1Nc3nc4c(cccc4c5cnccc35)c6nnc[nH]6,CHEMBL1915641,IC50,7.55
855205,CCc1ccc(F)c(c1F)c2cccc(n2)C(=O)Nc3cnccc3[C@@H]4C[C@H](C)[C@@H](O)[C@H](N)C4,CHEMBL3651911,IC50,7.57
854671,COC(=O)N[C@H]1[C@@H](C)C[C@H](C[C@H]1N)c2ccncc2NC(=O)c3ccc(F)c(n3)c4c(F)cc(OC)cc4F,CHEMBL3691975,IC50,7.57
854893,C[C@H]1C[C@H](C[C@@H](N)[C@@H]1O)c2ccncc2NC(=O)c3csc(n3)c4c(F)cccc4F,CHEMBL3676297,IC50,7.57
855614,Cc1ccc(F)c(c1F)c2cccc(n2)C(=O)Nc3cnccc3[C@@H]4CC[C@H](O)[C@H](N)C4,CHEMBL3651937,IC50,7.57
8076871,NCCCNc1cncc(n1)c2cccc(\C=C\C(=O)O)c2,CHEMBL495030,IC50,7.57
855793,Nc1cc(ncn1)c2ccncc2NC(=O)c3nc(ccc3N)c4c(F)cccc4F,CHEMBL3793221,Ki,7.57
855634,Cn1ncc(NC(=O)c2nc(ccc2N)c3ccccc3F)c1OC4CCNCC4,CHEMBL3652629,Ki,7.58
8076885,C1CCC(C1)Nc2nc3c(cccc3c4cnccc24)c5nnc[nH]5,CHEMBL1915430,IC50,7.59
857737,C1COCC(C1)c2cc3c(n[nH]c3cn2)c4cccc(n4)N5CCNCC5,CHEMBL3634763,Ki,7.59
4175808,CC(C)(CN)COc1cc(F)cc2ccc(nc12)c3nnc4ccccn34,CHEMBL3660041,IC50,7.59
855541,CC[C@H](N)COc1cncc(n1)c2ccc3[nH]cc(c4ccc(N)nc4F)c3c2,CHEMBL1910911,IC50,7.59
4171341,COc1cccc(Nc2nc3c(cccc3c4cnccc24)c5nnc[nH]5)c1,CHEMBL1915434,IC50,7.59
853616,C[C@@H]1C[C@H](N)C[C@@H](C1)c2ccncc2NC(=O)c3ccc(F)c(n3)[C@@H]4CC[C@H](O)CC4,CHEMBL3651950,IC50,7.59
4172218,C1CC1Nc2nc3c(cccc3c4sccc24)c5nnc[nH]5,CHEMBL2017334,IC50,7.6
854070,CN1CCCN(CC1)C(=O)c2cccc(c2)c3oc(\C=C/4\C(=O)Nc5ccc(Cl)cc45)cc3,CHEMBL2037200,IC50,7.6
854098,C[C@H]1C[C@H](C[C@@H](N)[C@H]1NC(=O)C)c2ccncc2NC(=O)c3ccc(F)c(n3)c4c(F)cccc4F,CHEMBL3687436,IC50,7.6
4175848,Fc1cc(OCC2(F)CCNCC2)c3nc(ccc3c1)c4nnc5ccccn45,CHEMBL3660096,IC50,7.6
855763,N[C@H]1CCC[C@H](C1)c2ccncc2NC(=O)c3ccc(F)c(n3)c4cc(F)ccc4F,CHEMBL3651977,IC50,7.6
8076911,N[C@H]1CCN(C1)c2c(Cl)cccc2\C=C\3/SC(=O)NC3=O,CHEMBL2048863,IC50,7.6
854517,Nc1nnc(s1)c2ccc3[nH]cc(c4cncc(OC5CCCC5)n4)c3c2,CHEMBL3394172,IC50,7.6
8076924,OC(=O)\C=C\c1cccc(c1)c2cncc(NCC3CCNCC3)n2,CHEMBL455255,IC50,7.6
854051,COCCOc1cc(F)c(c(F)c1)c2nc(ccc2F)C(=O)Nc3cnccc3[C@@H]4C[C@H](C)[C@H](NC(=O)OC)[C@H](N)C4,CHEMBL3687516,IC50,7.61
4172119,CSc1ncc2CCc3c(cn(C(C)C)c3c2n1)C(=O)N,CHEMBL3703178,IC50,7.62
4173030,Fc1cc(F)cc(Nc2nc3c(cccc3c4sccc24)c5nnc[nH]5)c1,CHEMBL2017344,IC50,7.62
4172992,NCCNc1ccn2ncc(c3ccc4cn[nH]c4c3)c2n1,CHEMBL2442305,IC50,7.62
854788,N[C@H]1CCC[C@H](C1)c2ccncc2NC(=O)c3nc(c(F)cc3N)c4ccncc4F,CHEMBL3652028,IC50,7.62
853576,COC(=O)N[C@H]1[C@@H](C)C[C@H](C[C@H]1N)c2ccncc2NC(=O)c3ccc(F)c(n3)c4c(F)cc(cc4F)C5(F)CCOCC5,CHEMBL3691984,IC50,7.63
4174336,CN(C)CC1=Nc2c(sc3ccc(cc23)C#CCCCCN4CCCCC4)C(=O)N1,CHEMBL576734,Ki,7.64
4173318,CSc1ncc2ccc3c(cn(C4CCNCC4)c3c2n1)C(=O)N,CHEMBL3703185,IC50,7.64
855716,N[C@@H]1CN(CC[C@H]1F)c2ccncc2NC(=O)c3csc(n3)c4c(F)cccc4F,CHEMBL3676260,IC50,7.64
854208,N[C@H]1CCC[C@H](C1)c2ccncc2NC(=O)c3nc(ccc3N)C4CCCCC4,CHEMBL3652000,Ki,7.64
856338,CCOc1cccc(n1)c2c[nH]c3ccc(cc23)c4nnc(N)s4,CHEMBL3394166,IC50,7.66
4173160,CN(C)CC1=Nc2c(sc3ccc(cc23)c4ccc(Cl)c(F)c4)C(=O)N1,CHEMBL575675,Ki,7.66
854574,CO[C@@H]1[C@@H](C)C[C@H](C[C@H]1N)c2ccncc2NC(=O)c3csc(n3)c4c(F)cccc4F,CHEMBL3691918,IC50,7.66
4173752,Clc1ccc2NC(=O)\C(=C\c3oc(cc3)c4cccc(c4)C(=O)N5CCCNCC5)\c2c1,CHEMBL2037201,IC50,7.66
4171981,N(c1cccnc1)c2nc3c(cccc3c4sccc24)c5nnc[nH]5,CHEMBL2017337,IC50,7.66
4175626,NC1CCC(CC1)Oc2cccc3ccc(nc23)c4nnc5ccccn45,CHEMBL3660044,IC50,7.66
8076959,NCCCCNc1cncc(n1)c2cccc(\C=C\C(=O)O)c2,CHEMBL454281,IC50,7.66
856357,COC(=O)N(C)[C@@H]1[C@H](C)C[C@@H](C[C@@H]1N)c2ccncc2NC(=O)c3nc(sc3N)c4c(F)cccc4F,CHEMBL3687456,IC50,7.67
4171505,CC(C)c1ccc2sc3C(=O)NC(=Nc3c2c1)CN(C)C,CHEMBL583691,Ki,7.68
857759,CN(C)CC1=Nc2c(sc3ccc(cc23)c4ccc(cc4)C#N)C(=O)N1,CHEMBL573702,Ki,7.68
8076975,CN1CCCN(CC1)c2cncc(n2)c3cccc(\C=C\C(=O)O)c3,CHEMBL493937,IC50,7.68
4173731,COc1cccc(Nc2nc3c(cccc3c4sccc24)c5nnc[nH]5)c1Cl,CHEMBL2017343,IC50,7.68
853464,C[C@H]1C[C@H](C[C@@H](N)[C@@H]1O)c2ccncc2NC(=O)c3ccc(F)c(n3)C4CCCCC4,CHEMBL3651985,IC50,7.68
4170978,Clc1ccc(Nc2nc3c(cccc3c4cnccc24)c5nnc[nH]5)cc1,CHEMBL1915437,IC50,7.68
858483,F[C@@H]1CNCC[C@@H]1CNc2ccn3ncc(C(=O)Nc4c[nH]c5ncccc45)c3n2,CHEMBL2387477,Ki,7.68
853822,NC1CC(CN(C1)c2ccncc2NC(=O)c3csc(n3)C4CCCCC4)C(F)(F)F,CHEMBL3676277,IC50,7.68
8076994,NC[C@@H]1CC[C@H](CC1)Nc2cncc(n2)c3ccc4oc(cc4c3)C(=O)O,CHEMBL1782516,IC50,7.68
855815,Nc1nnc(s1)c2ccc3[nH]cc(c4cccc(NC5CCCC5)n4)c3c2,CHEMBL3394069,IC50,7.68
854178,CCOC(=O)N[C@H]1[C@@H](C)C[C@H](C[C@H]1N)c2ccncc2NC(=O)c3ccc(F)c(n3)c4c(F)cccc4F,CHEMBL3687421,IC50,7.69
8077007,C[C@H]1C[C@H](C[C@@H](N)[C@@H]1OS(=O)(=O)C)c2ccncc2NC(=O)c3ccc(F)c(n3)c4c(F)cccc4F,CHEMBL3687451,IC50,7.69
4171181,C1CC(C1)Nc2nc3c(cccc3c4cnccc24)c5nnc[nH]5,CHEMBL1915429,IC50,7.7
856279,CC(C)Oc1ccc(F)c(c1F)c2nc(cs2)C(=O)Nc3cnccc3[C@@H]4C[C@H](C)C[C@H](N)C4,CHEMBL3676306,IC50,7.7
854991,CC1CC(O)C=C(C1)c2ccncc2NC(=O)c3ccc(F)c(n3)c4c(F)cccc4F,CHEMBL3652029,IC50,7.7
8077021,CCCOc1ccc(\C=C\2/SC(=O)NC2=O)cc1,CHEMBL84558,IC50,7.7
4173295,CN(C)CCOc1ccc(Nc2nc3c(cccc3c4cnccc24)c5nnc[nH]5)c(F)c1,CHEMBL1915642,IC50,7.7
854718,C[C@H]1C[C@H](C[C@@H](N)[C@@H]1O)c2ccncc2NC(=O)c3ccc(F)c(n3)c4cc(O)ccc4F,CHEMBL3651901,IC50,7.7
858310,Cn1ncc(NC(=O)c2nc(sc2N)c3ccccc3F)c1N4CCC[C@H](N)C4,CHEMBL3652623,Ki,7.7
4173242,Fc1ccccc1Nc2nc3c(cccc3n4cccc24)c5nnc[nH]5,CHEMBL2017332,IC50,7.7
855686,N[C@@H](COc1cncc(n1)c2ccc3[nH]cc(c4ccc(N)nc4F)c3c2)c5ccccc5,CHEMBL1910915,IC50,7.7
856660,N[C@H]1CCC[C@H](C1)c2ccncc2NC(=O)c3ccc(F)c(n3)c4cccc(F)c4F,CHEMBL3651975,IC50,7.7
8077040,N[C@H]1C[C@@H](CF)CN(C1)c2ccncc2Nc3cccc4cnc(nc34)c5c(F)cccc5F,CHEMBL3685745,IC50,7.7
4173269,NCCNc1ccn2ncc(c3ccc4NC(=O)Nc4c3)c2n1,CHEMBL2442304,IC50,7.72
856083,N[C@@H]1CCCN(C1)c2c(\C=C\3/SC(=O)NC3=O)cccc2c4ccncc4,CHEMBL2048873,IC50,7.72
8077054,N[C@@H]1CC[C@@H](CC1)Nc2cncc(n2)c3cccc(\C=C\C(=O)O)c3,CHEMBL494355,IC50,7.72
854060,CC1CC(N)CN(C1)c2ccncc2NC(=O)c3csc(n3)C4CCCCC4,CHEMBL3676276,IC50,7.75
8077066,CNC(=O)c1cccc2c3cnccc3c(Nc4cccc(Cl)c4)nc12,CHEMBL1915422,IC50,7.75
855241,C[C@@H]1C[C@H](O)C[C@@H](C1)c2ccncc2NC(=O)c3ccc(F)c(n3)c4c(F)cccc4F,CHEMBL3651898,IC50,7.75
855045,C[C@H]1CN(C[C@@H](N)[C@@H]1O)c2ccncc2NC(=O)c3ccc(F)c(n3)c4ccncc4,CHEMBL3652014,IC50,7.75
4171055,Clc1cccc(Nc2nc3c(cccc3c4cnccc24)c5nnc[nH]5)c1,CHEMBL1915426,IC50,7.75
858534,F[C@H]1CNCC[C@H]1CNc2ccn3ncc(C(=O)Nc4c[nH]c5ncccc45)c3n2,CHEMBL2387476,Ki,7.75
856549,Fc1cccc(F)c1c2ccc3[nH]nc(c4cncc(NC5CCNC5)n4)c3c2,CHEMBL3393699,IC50,7.75
857880,Fc1cccc(F)c1c2nc(cs2)C(=O)Nc3cnccc3OC4CCNCC4,CHEMBL3354513,IC50,7.75
856855,N[C@H]1CCCN(C1)c2ccncc2NC(=O)c3csc(n3)c4ccccc4,CHEMBL3676302,IC50,7.75
857326,Nc1nnc(s1)c2ccc3[nH]cc(c4cncc(NC5CCCCC5)n4)c3c2,CHEMBL3394165,IC50,7.75
856837,Cn1ncc(NC(=O)c2ccc(F)c(n2)c3c(F)cccc3F)c1N4CCC[C@@H](N)CC4,CHEMBL3652643,Ki,7.76
4175653,CC(C)(CO)COc1cccc2ccc(nc12)c3nnc4cc(CN)ccn34,CHEMBL3660024,IC50,7.77
856289,CC(C)Oc1cncc(n1)c2c[nH]c3ccc(cc23)c4nnc(N)s4,CHEMBL3394171,IC50,7.77
855410,CO[C@H]1[C@@H](C)C[C@H](C[C@H]1N)c2ccncc2NC(=O)c3csc(n3)c4c(F)cccc4F,CHEMBL3687460,IC50,7.77
856015,C[C@H]1C[C@H](C[C@@H](N)[C@H]1O)c2ccncc2NC(=O)c3cccc(n3)c4cc(C)ccc4F,CHEMBL3651970,IC50,7.77
4171066,N(c1ccccc1)c2nc3c(cccc3c4cscc24)c5nnc[nH]5,CHEMBL2017325,IC50,7.77
4171992,NC(=O)c1ccc(Nc2nc3c(cccc3c4sccc24)c5nnc[nH]5)cc1,CHEMBL2017357,IC50,7.77
8077135,NCC1CCN(CC1)c2cncc(n2)c3cccc(\C=C\C(=O)O)c3,CHEMBL523534,IC50,7.77
857559,O=C1CN(CCN1)c2cc3c(n[nH]c3cn2)c4cccc(n4)N5CCNCC5,CHEMBL3634764,Ki,7.77
853875,CCOCc1cc(F)c(c(F)c1)c2nc(ccc2F)C(=O)Nc3cnccc3[C@@H]4C[C@H](C)[C@H](NC(=O)OC)[C@H](N)C4,CHEMBL3691985,IC50,7.79
854089,CO\N=C\1/[C@@H](C)C[C@H](C[C@H]1N)c2ccncc2NC(=O)c3ccc(F)c(n3)c4c(F)cccc4F,CHEMBL3687425,IC50,7.79
856300,CC1(C)CCNCC1Oc2cncc(n2)c3n[nH]c4ccc(cc34)c5c(F)cccc5F,CHEMBL3393705,IC50,7.8
856310,CC1(C)C[C@H](N)C[C@@H](C1)c2ccncc2NC(=O)c3csc(n3)c4c(F)cccc4F,CHEMBL3676301,IC50,7.8
4173658,CN(C)CC1=Nc2c(sc3ccc(Br)cc23)C(=O)N1,CHEMBL575470,Ki,7.8
854875,C[C@@H]1C[C@H](C[C@@H](N)[C@H]1O)c2ccncc2NC(=O)c3ccc(F)c(n3)c4c(F)cccc4F,CHEMBL3652026,IC50,7.8
4171674,Fc1ccc(Nc2nc3c(cccc3c4cnccc24)c5nnc[nH]5)cc1,CHEMBL1915441,IC50,7.8
855644,Fc1cccc(F)c1c2ccc3[nH]nc(c4cncc(OC5CCCNC5)n4)c3c2,CHEMBL3393702,IC50,7.8
856622,N[C@H]1CCCN(C1)c2ccncc2NC(=O)c3nc(ccc3N)c4ccnc(N)n4,CHEMBL3103863,Ki,7.8
3929756,Oc1cccc(c1)c2ccc3c(NC(=O)C4CC4)n[nH]c3n2,CHEMBL408019,Kd,7.8
4171445,CN(c1ccccc1Cl)c2nc3c(cccc3c4cnccc24)c5nnc[nH]5,CHEMBL1915439,IC50,7.82
855587,C[C@@H]1C[C@H](N)C[C@@H](C1)c2ccncc2NC(=O)c3csc(n3)c4c(F)ccc(F)c4F,CHEMBL3676308,IC50,7.82
4172141,Fc1ccc(Nc2nc3c(cccc3c4cnccc24)c5nnc[nH]5)c(F)c1,CHEMBL1915638,IC50,7.82
4173052,Fc1ccc(Nc2nc3c(cccc3c4sccc24)c5nnc[nH]5)cc1F,CHEMBL2017349,IC50,7.82
857238,Fc1cccc(F)c1c2ccc3[nH]nc(c4cncc(NC5CCCNC5)n4)c3c2,CHEMBL3393698,IC50,7.82
4171421,N(c1ccccc1)c2nc3c(cccc3c4cnccc24)c5nnc[nH]5,CHEMBL1915433,IC50,7.82
4174143,N(c1ccccc1)c2nc3c(cccc3c4sccc24)c5nnc[nH]5,CHEMBL2017322,IC50,7.82
856570,N[C@@H]1C[C@@H](CC[C@@H]1O)c2ccncc2NC(=O)c3cccc(n3)c4c(F)cccc4F,CHEMBL3651974,IC50,7.82
853555,COC(=O)N[C@H]1[C@@H](C)C[C@H](C[C@H]1N)c2ccncc2NC(=O)c3ccc(F)c(n3)c4c(F)cc(cc4F)C5(O)CCOCC5,CHEMBL3691962,IC50,7.83
857986,Cn1ncc(NC(=O)c2nc(cnc2N)c3ccccc3F)c1N4CCC(N)CC4,CHEMBL3652633,Ki,7.83
854547,COC(=O)N(C)[C@H]1[C@@H](C)C[C@H](C[C@H]1N)c2ccncc2NC(=O)c3ccc(F)c(n3)c4c(F)cc(C)cc4F,CHEMBL3687463,IC50,7.84
855875,C1CN(CCN1)c2cccc(n2)c3n[nH]c4cnc(cc34)N5CCOCC5,CHEMBL3634765,Ki,7.85
4174754,Clc1cc(OCCN2CCOCC2)ccc1Nc3nc4c(cccc4c5cnccc35)c6nnc[nH]6,CHEMBL1915448,IC50,7.85
857260,Fc1cccc(F)c1c2nc(cs2)C(=O)Nc3cnccc3O[C@H]4CCNC4,CHEMBL3354511,IC50,7.85
4172152,N(c1ccccc1)c2nc3c(cccc3c4ccsc24)c5nnc[nH]5,CHEMBL2017327,IC50,7.85
854760,N[C@@H]1CCCN(C1)c2ccccc2\C=C\3/SC(=O)NC3=O,CHEMBL2048865,IC50,7.85
854680,COC(=O)N[C@H]1[C@@H](C)C[C@H](C[C@H]1N)c2ccncc2NC(=O)c3ccc(F)c(n3)c4c(F)cc(OC5CCOCC5)cc4F,CHEMBL3691954,IC50,7.86
853749,COC(=O)N[C@H]1[C@@H](C)C[C@H](C[C@H]1N)c2ccncc2NC(=O)c3ccc(F)c(n3)c4c(F)cccc4F,CHEMBL3687423,IC50,7.86
854187,C[C@H]1C[C@H](C[C@@H](N)[C@H]1n2ccnn2)c3ccncc3NC(=O)c4ccc(F)c(n4)c5c(F)cc(cc5F)C6(F)CCOCC6,CHEMBL3691979,IC50,7.86
854538,COC(=O)N(C)[C@H]1[C@@H](C)C[C@H](C[C@H]1N)c2ccncc2NC(=O)c3ccc(F)c(n3)c4c(F)cccc4F,CHEMBL3687470,IC50,7.87
8077194,C[C@H]1C[C@H](C[C@@H](N)[C@H]1n2cc(nn2)C#N)c3ccncc3NC(=O)c4ccc(F)c(n4)c5c(F)cccc5F,CHEMBL3691969,IC50,7.88
855196,CCc1ccc(F)c(c1F)c2cccc(n2)C(=O)Nc3cnccc3[C@@H]4C[C@H](C)C[C@H](N)C4,CHEMBL3651917,IC50,7.89
855551,CCc1ccc(F)c(c1F)c2cccc(n2)C(=O)Nc3cnccc3[C@@H]4C[C@H](C)[C@H](O)[C@H](N)C4,CHEMBL3651913,IC50,7.89
4174023,CN(C)CC1=Nc2c(sc3ccc(cc23)c4ccc(cc4)N(C)C)C(=O)N1,CHEMBL575255,Ki,7.89
858182,CN(C)CC1=Nc2c(sc3ccc(cc23)c4cccc(Cl)c4)C(=O)N1,CHEMBL582844,Ki,7.89
4173486,CN(C)CC1=Nc2c(sc3ccc(cc23)c4cccc(F)c4)C(=O)N1,CHEMBL573705,Ki,7.89
856395,C[C@@H]1C[C@H](N)C[C@@H](C1)c2ccncc2NC(=O)c3ccc(F)c(n3)c4ccc(F)cc4F,CHEMBL3651973,IC50,7.89
855783,N[C@H]1C[C@@H](CC[C@@H]1O)c2ccncc2NC(=O)c3nc(ccc3N)c4c(F)cccc4F,CHEMBL3651998,IC50,7.89
858163,Cn1ncc(NC(=O)c2nc(sc2N)c3c(F)cccc3F)c1C4CCC(N)CC4,CHEMBL3652648,Ki,7.9
854808,C[C@H]1C[C@H](C[C@@H](N)[C@H]1OS(=O)(=O)C)c2ccncc2NC(=O)c3ccc(F)c(n3)c4c(F)cccc4F,CHEMBL3687450,IC50,7.91
855176,CC1(C)C[C@H](N)C[C@@H](C1)c2ccncc2NC(=O)c3ccc(F)c(n3)c4ccc(O)cc4F,CHEMBL3651906,IC50,7.92
858023,CCc1ccc(cc1)c2ccc3sc4C(=O)NC(=Nc4c3c2)CN(C)C,CHEMBL572550,Ki,7.92
4174686,CN1CCN(CC1)c2ccc(Nc3nc4c(cccc4c5cnccc35)c6nnc[nH]6)c(Cl)c2,CHEMBL1915449,IC50,7.92
4172471,COc1cccc(F)c1Nc2nc3c(cccc3c4cnccc24)c5nnc[nH]5,CHEMBL1915637,IC50,7.92
4174066,CSc1ncc2ccc3c(C(=O)N)c(C)n(C(C)C)c3c2n1,CHEMBL3703181,IC50,7.92
853769,C[C@@H]1C[C@H](N)C[C@@H](C1)c2ccncc2NC(=O)c3ccc(F)c(n3)C4CCCCC4,CHEMBL3651986,IC50,7.92
856458,C[C@@H]1C[C@H](N)C[C@@H](C1)c2ccncc2NC(=O)c3csc(n3)c4c(F)ccc(Cl)c4F,CHEMBL3676309,IC50,7.92
855979,C[C@H]1C[C@H](C[C@@H](N)[C@@H]1O)c2ccncc2NC(=O)c3cccc(n3)c4c(F)ccc(C)c4F,CHEMBL3651926,IC50,7.92
854169,C[C@H]1C[C@H](C[C@@H](N)[C@H]1C#N)c2ccncc2NC(=O)c3ccc(F)c(n3)c4c(F)cccc4F,CHEMBL3687478,IC50,7.92
4172904,Fc1ccc(Cl)cc1Nc2nc3c(cccc3c4cnccc24)c5nnc[nH]5,CHEMBL1915639,IC50,7.92
4172915,N#Cc1cccc(Nc2nc3c(cccc3c4sccc24)c5nnc[nH]5)c1,CHEMBL2017355,IC50,7.92
4173807,NC(=O)c1cccc2c1nc(Nc3ccccc3Cl)c4ccsc24,CHEMBL2017359,IC50,7.92
4172522,N[C@@H]1CC[C@H](CC1)Nc2cncc(n2)c3cccc(\C=C\C(=O)O)c3,CHEMBL494354,IC50,7.92
856121,N[C@H]1CCCN(C1)c2ccncc2NC(=O)c3nc(ccc3N)c4cccnc4,CHEMBL3103861,Ki,7.92
856669,N[C@H]1CCC[C@H](C1)c2ccncc2NC(=O)c3cccc(n3)c4ccc(O)cc4F,CHEMBL3651902,IC50,7.92
856153,Nc1nnc(s1)c2ccc3[nH]cc(c4cncc(n4)N5CCOCC5)c3c2,CHEMBL3394073,IC50,7.92
855147,C[C@H]1CN(C[C@@H](N)[C@H]1C#N)c2ccncc2NC(=O)c3ccc(F)c(n3)c4c(F)cc(C)cc4F,CHEMBL3687465,IC50,7.95
4174382,C[C@@H]1C[C@H](N)C[C@@H](C1)c2ccncc2NC(=O)c3ccc(F)c(n3)[C@@H]4CC[C@@H](O)CC4,CHEMBL3651951,IC50,7.96
857228,Cc1ccc(F)c(c1F)c2cccc(n2)C(=O)Nc3cnccc3[C@@H]4CCC[C@H](N)C4,CHEMBL3651924,IC50,7.96
856102,N[C@@H]1CN(CC[C@H]1O)c2ccncc2NC(=O)c3csc(n3)c4c(F)cccc4F,CHEMBL3676259,IC50,7.96
855725,N[C@@H]1C[C@@H](CC[C@@H]1O)c2ccncc2NC(=O)c3ccc(F)c(n3)c4c(F)cccc4F,CHEMBL3651984,IC50,7.96
854835,CO[C@@H]1[C@@H](C)C[C@H](C[C@H]1N)c2ccncc2NC(=O)c3nc(ncc3N)c4c(F)cccc4F,CHEMBL3687480,IC50,7.97
854268,C[C@H]1C[C@H](C[C@@H](N)[C@@H]1[S+](C)[O-])c2ccncc2NC(=O)c3ccc(F)c(n3)c4c(F)cccc4F,CHEMBL3687442,IC50,7.98
853969,C[C@H]1C[C@H](C[C@@H](N)[C@H]1S(=O)(=O)C)c2ccncc2NC(=O)c3ccc(F)c(n3)c4c(F)cc(cc4F)C5(F)CCOCC5,CHEMBL3687520,IC50,7.98
858435,Cn1ncc(NC(=O)c2nc(sc2N)c3c(F)cccc3F)c1N4CC[C@H](CN)C4,CHEMBL3652637,Ki,7.98
856819,C[C@H]1C[C@H](C[C@@H](N)[C@H]1n2ccnn2)c3ccncc3NC(=O)c4ccc(F)c(n4)c5c(F)cc(OC6CCOCC6)cc5F,CHEMBL3691955,IC50,7.99
857596,Cn1ncc(NC(=O)c2nc(ccc2N)c3ccccc3F)c1N4CCC[C@H](CN)C4,CHEMBL3652636,Ki,7.99
4170967,C#Cc1cccc(Nc2nc3c(cccc3c4cnccc24)c5nnc[nH]5)c1,CHEMBL1915436,IC50,8.0
8077254,C1CN(CCO1)c2nc3c(cccc3c4sccc24)c5nnc[nH]5,CHEMBL2017335,IC50,8.0
857748,CC(C)Nc1cncc(n1)c2c[nH]c3ccc(cc23)c4nnc(N)s4,CHEMBL3394074,IC50,8.0
856946,CC(C)Oc1cccc(n1)c2c[nH]c3ccc(cc23)c4nnc(N)s4,CHEMBL3394167,IC50,8.0
4172709,COCCOc1ccc(Nc2nc3c(cccc3c4cnccc24)c5nnc[nH]5)c(F)c1,CHEMBL1915640,IC50,8.0
855027,C[C@@H]1C[C@@H](C[C@@H](N)[C@H]1O)c2ccncc2NC(=O)c3nc(ccc3N)c4c(F)cccc4F,CHEMBL3651991,IC50,8.0
854331,C[C@H]1C[C@H](C[C@@H](N)[C@@H]1O)c2ccncc2NC(=O)c3nc(ccc3N)C4CCCCC4,CHEMBL3639508,IC50,8.0
856024,Cc1ccc(F)c(c1F)c2cccc(n2)C(=O)Nc3cnccc3[C@H]4C[C@@H](N)CC(C)(C)C4,CHEMBL3651908,IC50,8.0
856043,Fc1cccc(F)c1c2ccc3[nH]nc(c4cncc(OC5CNCCC5=C)n4)c3c2,CHEMBL3393703,IC50,8.0
8077276,NC(=O)c1cccc2c3cnccc3c(Nc4ccccc4F)nc12,CHEMBL1915649,IC50,8.0
8077287,N[C@H](COc1cncc(n1)c2ccc3[nH]cc(c4ccc(N)nc4F)c3c2)c5ccccc5,CHEMBL1910914,IC50,8.0
855894,N[C@H]1CCCN(C1)c2ccncc2NC(=O)c3csc(n3)c4ccccc4F,CHEMBL3676303,IC50,8.0
8077299,OC(=O)\C=C\c1cccc(c1)c2cncc(n2)N3CCCNCC3,CHEMBL510884,IC50,8.0
858494,O[C@H]1CCN(CC2=Nc3c(sc4ccc(cc34)c5ccccc5)C(=O)N2)C1,CHEMBL572781,Ki,8.0
854727,C[C@H]1C[C@H](C[C@@H](N)[C@H]1N=[N+]=[N-])c2ccncc2NC(=O)c3ccc(F)c(n3)c4c(F)cccc4F,CHEMBL3687440,IC50,8.03
855457,COCCOc1cc(F)c(c(F)c1)c2nc(ccc2F)C(=O)Nc3cnccc3[C@@H]4C[C@H](C)[C@@H]([C@H](N)C4)S(=O)(=O)C,CHEMBL3687528,IC50,8.04
856328,CCOc1ccc(F)c(c1F)c2nc(cs2)C(=O)Nc3cnccc3[C@@H]4C[C@H](C)C[C@H](N)C4,CHEMBL3676307,IC50,8.05
854866,COC(=O)N[C@H]1[C@@H](C)C[C@H](C[C@H]1N)c2ccncc2NC(=O)c3ccc(F)c(n3)c4c(F)cc(OC(C)C)cc4F,CHEMBL3691933,IC50,8.05
853893,C[C@@H]1C[C@H](N)CN(C1)c2ccncc2Nc3cccc4cnc(nc34)c5c(F)cccc5F,CHEMBL3685747,IC50,8.05
4173209,Clc1ccccc1Nc2nc3c(cccc3c4scnc24)c5nnc[nH]5,CHEMBL2017329,IC50,8.05
4173041,Fc1ccc(Nc2nc3c(cccc3c4sccc24)c5nnc[nH]5)c(Cl)c1,CHEMBL2017342,IC50,8.05
855676,NC1C=C(CCC1O)c2ccncc2NC(=O)c3nc(ccc3N)c4c(F)cccc4F,CHEMBL3651987,IC50,8.05
857891,NC1CCN(CC1)c2cncc(n2)c3n[nH]c4ccc(cc34)c5c(F)cccc5F,CHEMBL3393692,IC50,8.05
856651,N[C@H]1CCC[C@H](C1)c2ccncc2NC(=O)c3ccc(F)c(n3)c4cc(O)ccc4F,CHEMBL3651929,IC50,8.05
4172429,C1CC1Nc2nc3c(cccc3c4cnccc24)c5nnc[nH]5,CHEMBL1915428,IC50,8.1
4174282,C1CC2(CC2)[C@H](CN1)Oc3cncc(n3)c4n[nH]c5ccc(cc45)c6nccs6,CHEMBL3393715,IC50,8.1
855522,CC1CCN(CC1N)c2ccncc2NC(=O)c3csc(n3)c4c(F)cccc4F,CHEMBL3676275,IC50,8.1
855921,CCCOc1ccc(F)c(c1)c2ccc(N)c(n2)C(=O)Nc3cnccc3[C@@H]4CC[C@H](O)[C@H](N)C4,CHEMBL3651964,IC50,8.1
858463,CN(C)CC1=Nc2c(sc3ccc(cc23)c4ccccc4)C(=O)N1,CHEMBL583273,Ki,8.1
8077333,COc1ccccc1c2ccc(N)c(n2)C(=O)Nc3cnccc3N4CCC[C@H](N)C4,CHEMBL3103864,Ki,8.1
855466,CS[C@@H]1[C@@H](C)C[C@H](C[C@H]1N)c2ccncc2NC(=O)c3ccc(F)c(n3)c4c(F)cccc4F,CHEMBL3687445,IC50,8.1
855941,C[C@@H]1CN(C[C@@H](N)[C@H]1O)c2ccncc2NC(=O)c3nc(ccc3N)c4c(F)cccc4F,CHEMBL3651997,IC50,8.1
856431,C[C@@H]1C[C@H](N)C[C@@H](C1)c2ccncc2NC(=O)c3cccc(n3)c4cc(C)ccc4F,CHEMBL3651954,IC50,8.1
855997,C[C@H]1C[C@H](C[C@@H](N)[C@H]1O)c2ccncc2NC(=O)c3ccc(F)c(n3)c4cc(C)ccc4F,CHEMBL3651969,IC50,8.1
856512,C[C@H]1C[C@H](C[C@@H](N)[C@H]1O)c2ccncc2NC(=O)c3ccc(F)c(n3)c4ccccc4F,CHEMBL3651971,IC50,8.1
4173329,Cc1cc(F)ccc1Nc2nc3c(cccc3c4cnccc24)c5nnc[nH]5,CHEMBL1915634,IC50,8.1
4173499,Cc1ccc(F)cc1Nc2nc3c(cccc3c4cnccc24)c5nnc[nH]5,CHEMBL1915635,IC50,8.1
4173351,Clc1ccccc1Nc2nc3c(cccc3c4cscc24)c5nnc[nH]5,CHEMBL2017326,IC50,8.1
4172163,NC(=O)c1cccc2c3cnccc3c(Nc4ccccc4Cl)nc12,CHEMBL1915643,IC50,8.1
855696,N[C@@H]1C=C(CC[C@@H]1O)c2ccncc2NC(=O)c3nc(ccc3N)c4c(F)cccc4F,CHEMBL3651988,IC50,8.1
857280,N[C@H]1CCCN(C1)c2ccncc2NC(=O)c3csc(n3)c4c(F)cccc4F,CHEMBL3676258,IC50,8.1
857298,N[C@H]1CCC[C@H](C1)c2ccncc2NC(=O)c3ccc(F)c(n3)c4ccc(O)cc4F,CHEMBL3651905,IC50,8.1
857316,N[C@H]1CCC[C@H](C1)c2ccncc2NC(=O)c3cccc(n3)c4cc(O)ccc4F,CHEMBL3651903,IC50,8.1
4174852,Nc1cc(ccn1)c2ccncc2NC(=O)c3nc(ccc3N)c4c(F)cccc4F,CHEMBL3793927,Ki,8.1
855428,C[C@H]1C[C@H](C[C@@H](N)[C@H]1S(=O)(=O)C)c2ccncc2NC(=O)c3ccc(F)c(n3)c4c(F)cc(OC5CCOCC5)cc4F,CHEMBL3687517,IC50,8.11
858713,O=C(Nc1c[nH]c2ncccc12)c3cnn4ccc(NCC5CCNCC5)nc34,CHEMBL2387470,Ki,8.11
858004,C[C@H]1CN(C[C@@H](N)[C@H]1NC(=O)C)c2ccncc2NC(=O)c3ccc(F)c(n3)c4c(F)cccc4F,CHEMBL3687433,IC50,8.12
855116,COC(=O)N[C@H]1[C@@H](C)C[C@H](C[C@H]1N)c2ccncc2NC(=O)c3ccc(F)c(n3)c4c(F)cc(C)cc4F,CHEMBL3691964,IC50,8.13
855885,COc1cc(F)c(c(F)c1)c2nc(ccc2F)C(=O)Nc3cnccc3[C@@H]4C[C@H](C)[C@@H]([C@H](N)C4)S(=O)(=O)C,CHEMBL3687522,IC50,8.13
857386,Cc1oc(nn1)c2cccc(c2)c3cnn4ccc(NCCN)nc34,CHEMBL2442291,IC50,8.14
855493,CC(=O)O[C@H]1CC[C@H](C[C@H]1N)c2ccncc2NC(=O)c3nc(ccc3N)c4c(F)cccc4F,CHEMBL3651995,IC50,8.16
856319,CCCOc1ccc(F)c(c1)c2nc(C(=O)Nc3cnccc3[C@@H]4CC[C@H](O)[C@H](N)C4)c(N)cc2F,CHEMBL3651963,IC50,8.16
4172676,CN(C)CC1=Nc2c(sc3ccc(cc23)c4cscc4C)C(=O)N1,CHEMBL584563,Ki,8.16
4173741,CSc1ncc2CCc3c(cn([C@@H]4CC[C@H](N)CC4)c3c2n1)C(=O)N,CHEMBL3703183,IC50,8.16
855578,C[C@@H]1C[C@H](N)C[C@@H](C1)c2ccncc2NC(=O)c3cccc(n3)c4ccc(O)cc4F,CHEMBL3651933,IC50,8.16
856449,C[C@@H]1C[C@H](N)C[C@@H](C1)c2ccncc2NC(=O)c3cccc(n3)c4ccccc4F,CHEMBL3651958,IC50,8.16
855960,C[C@@H]1C[C@H](N)C[C@@H](C1)c2ccncc2NC(=O)c3csc(n3)c4c(F)cccc4F,CHEMBL3676300,IC50,8.16
855232,C[C@@H]1C[C@H](N)C[C@@H](C1)c2ccncc2NC(=O)c3nc(ccc3F)c4c(F)cccc4F,CHEMBL3651965,IC50,8.16
854902,C[C@H]1C[C@H](C[C@@H](N)[C@@H]1O)c2ccncc2NC(=O)c3nc(c(F)cc3N)c4c(F)cccc4F,CHEMBL3652024,IC50,8.16
856006,C[C@H]1C[C@H](C[C@@H](N)[C@H]1O)c2ccncc2NC(=O)c3cccc(n3)c4c(F)ccc(C)c4F,CHEMBL3651927,IC50,8.16
856521,Cc1ccc(F)c(c1)c2cccc(n2)C(=O)Nc3cnccc3[C@H]4C[C@@H](N)C[C@H](C4)C(F)(F)F,CHEMBL3652002,IC50,8.16
856539,Cc1ccc(F)c(c1F)c2nc(ccc2F)C(=O)Nc3cnccc3[C@@H]4CCC[C@H](N)C4,CHEMBL3651916,IC50,8.16
4174115,Fc1ccc(Nc2nc3c(cccc3c4sccc24)c5nnc[nH]5)cc1,CHEMBL2017347,IC50,8.16
855292,NC1CCCC(=C1)c2ccncc2NC(=O)c3nc(ccc3N)c4c(F)cccc4F,CHEMBL3652001,IC50,8.16
855323,N[C@@H]1C[C@@H](CC[C@@H]1O)c2ccncc2NC(=O)c3nc(c(F)cc3N)c4c(F)cccc4F,CHEMBL3651961,IC50,8.16
856600,N[C@H]1CCCN(C1)c2ccncc2NC(=O)c3nc(ccc3N)c4ccccc4C(F)(F)F,CHEMBL3103865,Ki,8.16
854431,C[C@H]1C[C@H](C[C@@H](N)/C/1=N\O)c2ccncc2NC(=O)c3ccc(F)c(n3)c4c(F)cccc4F,CHEMBL3687419,IC50,8.17
855107,COCCS(=O)(=O)[C@H]1[C@@H](C)C[C@H](C[C@H]1N)c2ccncc2NC(=O)c3ccc(F)c(n3)c4c(F)cccc4F,CHEMBL3687432,IC50,8.18
855374,C[C@H]1CN(C[C@@H](N)[C@H]1C#N)c2ccncc2NC(=O)c3ccc(F)c(n3)c4c(F)cccc4F,CHEMBL3687467,IC50,8.19
858605,Cn1cc(cn1)c2cc3c(n[nH]c3cn2)c4cccc(O[C@@H]5CCCNC5)n4,CHEMBL3634755,Ki,8.21
855912,CC1CC(O)C=C(C1)c2ccncc2NC(=O)c3nc(ccc3N)c4c(F)cccc4F,CHEMBL3651999,IC50,8.22
4175757,CN(C)CC1=Nc2c(sc3ccc(cc23)c4ccc(OCCCN)cc4)C(=O)N1,CHEMBL576388,Ki,8.22
4173182,CN(C)CC1=Nc2c(sc3ccc(cc23)c4cocc4)C(=O)N1,CHEMBL572784,Ki,8.22
854248,COC(=O)N[C@H]1[C@@H](C)C[C@H](C[C@H]1N)c2ccncc2NC(=O)c3ccc(F)c(n3)c4c(F)cc(cc4F)C5(O)CCC5,CHEMBL3691951,IC50,8.22
4174056,COc1ccc(Nc2nc3c(cccc3c4sccc24)c5nnc[nH]5)cc1,CHEMBL2017352,IC50,8.22
855950,C[C@@H]1C[C@H](N)C[C@@H](C1)c2ccncc2NC(=O)c3ccc(F)c(n3)c4cc(F)ccc4F,CHEMBL3651957,IC50,8.22
856440,C[C@@H]1C[C@H](N)C[C@@H](C1)c2ccncc2NC(=O)c3cccc(n3)c4cc(O)ccc4F,CHEMBL3651931,IC50,8.22
857111,C[C@@H]1C[C@H](N)C[C@@H](C1)c2ccncc2NC(=O)c3nc(ccc3F)c4cc(O)ccc4F,CHEMBL3651939,IC50,8.22
857210,C[C@H]1C[C@H](C[C@@H](O)[C@@H]1O)c2ccncc2NC(=O)c3ccc(F)c(n3)c4c(F)cccc4F,CHEMBL3652011,IC50,8.22
4172242,Cc1cc2c(Nc3ccccc3F)nc4c(cccc4c2s1)c5nnc[nH]5,CHEMBL2017361,IC50,8.22
4173340,Cc1ccccc1Nc2nc3c(cccc3c4cnccc24)c5nnc[nH]5,CHEMBL1915443,IC50,8.22
4173512,Clc1cccc(Nc2nc3c(cccc3c4sccc24)c5nnc[nH]5)c1,CHEMBL2017339,IC50,8.22
4174084,Clc1ccccc1Nc2nc3c(cccc3c4ccsc24)c5nnc[nH]5,CHEMBL2017328,IC50,8.22
4173763,Clc1ccccc1Nc2nc3c(cccc3c4cnccc24)c5nnc[nH]5,CHEMBL1915438,IC50,8.22
858193,Fc1cccc(F)c1c2ccc3[nH]nc(c4cncc(NC5CCNCC5)n4)c3c2,CHEMBL3393697,IC50,8.22
1732471,Fc1cccnc1c2ccc3[nH]nc(c4cncc(O[C@H]5CNCCC56CC6)n4)c3c2,CHEMBL3393710,IC50,8.22
4174132,Fc1cnccc1c2ccc3[nH]nc(c4cncc(O[C@H]5CNCCC56CC6)n4)c3c2,CHEMBL3393712,IC50,8.22
856611,N[C@H]1CCCN(C1)c2ccncc2NC(=O)c3nc(ccc3N)c4ccccn4,CHEMBL3103860,Ki,8.22
855753,N[C@H]1CCCN(C1)c2ccncc2NC(=O)c3nc(ccc3N)c4ccncc4,CHEMBL3103862,Ki,8.22
857947,Nc1nnc(s1)c2ccc3[nH]cc(c4cncc(NC5CCCC5)n4)c3c2,CHEMBL3394164,IC50,8.22
854565,C[C@H]1C[C@H](C[C@@H](N)[C@H]1S(=O)(=O)C)c2ccncc2NC(=O)c3ccc(F)c(n3)c4c(F)cc(cc4F)C5(O)CCOCC5,CHEMBL3687530,IC50,8.23
858691,F[C@H]1CNCC[C@@H]1CNc2ccn3ncc(C(=O)Nc4c[nH]c5ncccc45)c3n2,CHEMBL2387478,Ki,8.23
854288,CCOCc1cc(F)c(c(F)c1)c2nc(ccc2F)C(=O)Nc3cnccc3[C@@H]4C[C@H](C)[C@@H]([C@H](N)C4)S(=O)(=O)C,CHEMBL3687526,IC50,8.24
858235,C1CN(CCN1)c2cccc(n2)c3n[nH]c4cnc(cc34)n5ccnc5,CHEMBL3634773,Ki,8.27
857347,COCCOc1cc(F)c(c(F)c1)c2nc(ccc2F)C(=O)Nc3cnccc3[C@@H]4C[C@H](C)[C@@H]([C@H](N)C4)n5ccnn5,CHEMBL3691952,IC50,8.28
8077435,C[C@H]1C[C@H](C[C@@H](N)[C@H]1n2cc(nn2)C(C)(C)O)c3ccncc3NC(=O)c4ccc(F)c(n4)c5c(F)cccc5F,CHEMBL3691972,IC50,8.28
856900,CC(C)NC(=O)c1ccc(F)c(c1)c2ccc(N)c(n2)C(=O)Nc3cnccc3N4C[C@H](C)[C@@H]([C@H](N)C4)n5ccnn5,CHEMBL3691981,IC50,8.29
853911,COC(=O)N[C@H]1[C@@H](C)C[C@H](C[C@H]1N)c2ccncc2NC(=O)c3nc(ccc3N)c4cc(ccc4F)C(=O)NC(C)C,CHEMBL3691983,IC50,8.29
4173464,C#Cc1cccc(Nc2nc3c(cccc3c4sccc24)c5nnc[nH]5)c1,CHEMBL2017356,IC50,8.3
4171432,CC(C)CNC(=O)c1cccc2c3cnccc3c(Nc4ccccc4Cl)nc12,CHEMBL1915648,IC50,8.3
4174001,CN(C)CC1=Nc2c(sc3ccc(cc23)N4CCCC4)C(=O)N1,CHEMBL573957,Ki,8.3
4175205,CN(C)CC1=Nc2c(sc3ccc(cc23)c4ccc(O)c(F)c4)C(=O)N1,CHEMBL572514,Ki,8.3
4174369,CN1CCCN(CC1)C(=O)c2ccc(F)c(c2)c3oc(\C=C/4\C(=O)Nc5ccc(Cl)cc45)cc3,CHEMBL2037204,IC50,8.3
4172882,CNC(=O)c1cccc2c3cnccc3c(Nc4cccc(OC)c4Cl)nc12,CHEMBL1915645,IC50,8.3
4172109,CNC(=O)c1cccc2c3cnccc3c(Nc4ccccc4Cl)nc12,CHEMBL1915644,IC50,8.3
854617,COc1cccc(\C=C\2/SC(=O)NC2=O)c1N3CCC[C@@H](N)C3,CHEMBL2048868,IC50,8.3
855214,C[C@@H]1C[C@@H](C[C@H](N)[C@H]1O)c2ccncc2NC(=O)c3nc(ccc3N)c4c(F)cccc4F,CHEMBL3651990,IC50,8.3
855569,C[C@@H]1C[C@H](C[C@@H](N)[C@H]1O)c2ccncc2NC(=O)c3nc(ccc3N)c4c(F)cccc4F,CHEMBL3651992,IC50,8.3
856413,C[C@@H]1C[C@H](N)C[C@@H](C1)c2ccncc2NC(=O)c3ccc(F)c(n3)c4cccc(F)c4F,CHEMBL3651956,IC50,8.3
855970,C[C@@H]1C[C@H](O)C[C@@H](C1)c2ccncc2NC(=O)c3nc(sc3N)c4c(F)cccc4F,CHEMBL3676288,IC50,8.3
856494,C[C@H]1CN(C[C@@H](N)[C@@H]1O)c2ccncc2NC(=O)c3cccc(n3)c4ccccc4F,CHEMBL3651919,IC50,8.3
855988,C[C@H]1C[C@H](C[C@@H](N)[C@H]1F)c2ccncc2NC(=O)c3ccc(F)c(n3)c4c(F)cccc4F,CHEMBL3652031,IC50,8.3
855250,C[C@H]1C[C@H](C[C@@H](N)[C@H]1O)c2ccncc2NC(=O)c3nc(c(F)cc3N)c4c(F)cccc4F,CHEMBL3652025,IC50,8.3
856033,Cc1ccc(F)c(c1F)c2nc(ccc2F)C(=O)Nc3cnccc3[C@H]4C[C@@H](N)CC(C)(C)C4,CHEMBL3651907,IC50,8.3
4174453,Fc1cccc(Nc2nc3c(cccc3c4sccc24)c5nnc[nH]5)c1,CHEMBL2017346,IC50,8.3
4173796,Fc1ccccc1Nc2nc3c(cccc3c4cnccc24)c5nnc[nH]5,CHEMBL1915442,IC50,8.3
4174811,Fc1ccncc1c2ccc3[nH]nc(c4cncc(O[C@H]5CNCCC56CC6)n4)c3c2,CHEMBL3393711,IC50,8.3
853832,N[C@@H]1CCCN(C1)c2c(Cl)cccc2\C=C\3/SC(=O)NC3=O,CHEMBL2048866,IC50,8.3
854749,N[C@@H]1CCCN(C1)c2c(\C=C\3/SC(=O)NC3=O)cccc2c4ccccc4,CHEMBL2048872,IC50,8.3
854496,N[C@@H]1C[C@@H](C[C@@H](C1)C(F)(F)F)c2ccncc2NC(=O)c3ccc(F)c(n3)C4CCCCC4,CHEMBL3652005,IC50,8.3
856642,N[C@H]1CCC[C@H](C1)c2ccncc2NC(=O)c3ccc(F)c(n3)c4c(F)cccc4F,CHEMBL3651993,IC50,8.3
858746,FC1(CNc2ccn3ncc(C(=O)Nc4c[nH]c5ncccc45)c3n2)CCNCC1,CHEMBL2387462,Ki,8.31
855475,CO\N=C/1\[C@@H](C)C[C@H](C[C@H]1N)c2ccncc2NC(=O)c3ccc(F)c(n3)c4c(F)cccc4F,CHEMBL3687426,IC50,8.32
856212,CO[C@H]1[C@@H](C)C[C@H](C[C@H]1N)c2ccncc2NC(=O)c3ccc(F)c(n3)c4c(F)cccc4F,CHEMBL3687502,IC50,8.33
857396,C[C@H]1CN(C[C@@H](N)[C@H]1C#N)c2ccncc2NC(=O)c3nc(sc3N)c4c(F)cccc4F,CHEMBL3687464,IC50,8.33
858595,CN[C@H]1CCCN(CC1)c2c(NC(=O)c3nc(sc3N)c4c(F)cccc4F)cnn2C,CHEMBL3652645,Ki,8.36
856918,COc1cc(F)c(c(F)c1)c2nc(ccc2F)C(=O)Nc3cnccc3[C@@H]4C[C@H](C)[C@@H]([C@H](N)C4)n5ccnn5,CHEMBL3691976,IC50,8.36
4174938,C1CC2(CC2)[C@H](CN1)Oc3cncc(n3)c4n[nH]c5ccc(cc45)c6ccccc6,CHEMBL3393709,IC50,8.37
857459,C[C@H]1CN(C[C@@H](N)[C@H]1n2cc(nn2)c3ccsc3)c4ccncc4NC(=O)c5ccc(F)c(n5)c6c(F)cccc6F,CHEMBL3687417,IC50,8.37
856725,C[C@H]1C[C@H](C[C@@H](N)[C@H]1n2cc(nn2)C3CC3)c4ccncc4NC(=O)c5ccc(F)c(n5)c6c(F)cccc6F,CHEMBL3691970,IC50,8.39
855513,CC1CC(N)CN(C1)c2ccncc2NC(=O)c3csc(n3)c4c(F)cccc4F,CHEMBL3676270,IC50,8.4
4175227,CN(C)CC1=Nc2c(sc3ccc(cc23)c4cccc(O)c4)C(=O)N1,CHEMBL583913,Ki,8.4
4171277,CNC(=O)c1cccc2c3cnccc3c(Nc4ccccc4F)nc12,CHEMBL1915650,IC50,8.4
856974,COCCOc1cc(F)c(c(F)c1)c2nc(ccc2F)C(=O)Nc3cnccc3[C@@H]4C[C@H](C)[C@@H](OC)[C@H](N)C4,CHEMBL3687533,IC50,8.4
856992,COc1cc(F)c(c(F)c1)c2nc(ccc2F)C(=O)Nc3cnccc3[C@H]4C[C@@H](N)CC(C)(C)C4,CHEMBL3652017,IC50,8.4
8077501,COc1cc(cc(N)n1)c2ccncc2NC(=O)c3nc(ccc3N)c4c(F)cccc4F,CHEMBL3794146,Ki,8.4
856386,COc1ccc(F)c(c1F)c2nc(ccc2F)C(=O)Nc3cnccc3[C@@H]4C[C@H](C)[C@@H](O)[C@H](N)C4,CHEMBL3651943,IC50,8.4
857010,COc1ccc(F)c(c1F)c2nc(cs2)C(=O)Nc3cnccc3[C@@H]4C[C@H](C)C[C@H](N)C4,CHEMBL3676305,IC50,8.4
856404,C[C@@H]1C[C@H](N)C[C@@H](C1)c2ccncc2NC(=O)c3ccc(F)c(n3)c4ccc(O)cc4F,CHEMBL3651934,IC50,8.4
857075,C[C@@H]1C[C@H](N)C[C@@H](C1)c2ccncc2NC(=O)c3ccc(F)c(n3)c4ccccc4F,CHEMBL3651953,IC50,8.4
857093,C[C@@H]1C[C@H](N)C[C@@H](C1)c2ccncc2NC(=O)c3csc(n3)c4c(F)cc(O)cc4F,CHEMBL3676310,IC50,8.4
855036,C[C@@H]1C[C@H](N)C[C@@H](C1)c2ccncc2NC(=O)c3nc(c(F)cc3N)c4c(F)cccc4F,CHEMBL3651947,IC50,8.4
857129,C[C@H]1CN(C[C@@H](N)[C@@H]1O)c2ccncc2NC(=O)c3ccc(F)c(n3)c4ccncc4F,CHEMBL3652013,IC50,8.4
856485,C[C@H]1CN(C[C@@H](N)[C@@H]1O)c2ccncc2NC(=O)c3cccc(n3)c4c(F)ccc(C)c4F,CHEMBL3651909,IC50,8.4
8077520,Cc1cc(cc(N)n1)c2ccncc2NC(=O)c3nc(ccc3N)c4ccccc4F,CHEMBL3792742,Ki,8.4
856530,Cc1ccc(F)c(c1F)c2cccc(n2)C(=O)Nc3cnccc3C4C[C@@H](N)C[C@@H](N)C4,CHEMBL3651925,IC50,8.4
4174464,Fc1ncccc1c2ccc3[nH]nc(c4cncc(O[C@H]5CNCCC56CC6)n4)c3c2,CHEMBL3393713,IC50,8.4
4171236,NC(=O)c1cccc2c3cnccc3c(Nc4c(F)cccc4F)nc12,CHEMBL1915651,IC50,8.4
4175369,N[C@@H]1CC[C@@H](CC1)Nc2cc(Br)cc3cc(oc23)C(=O)O,CHEMBL1782530,IC50,8.4
857270,N[C@@H]1C[C@@H](CC[C@@H]1O)c2ccncc2NC(=O)c3nc(c(F)cc3N)c4ccccc4F,CHEMBL3651962,IC50,8.4
856111,N[C@@H]1C[C@@H](CC[C@@H]1O)c2ccncc2NC(=O)c3nc(ccc3N)c4c(F)cccc4F,CHEMBL3651996,IC50,8.4
856579,N[C@@H]1C[C@@H](CC[C@@H]1O)c2ccncc2NC(=O)c3nc(sc3N)c4c(F)cccc4F,CHEMBL3676294,IC50,8.4
856589,N[C@H]1CCCN(C1)c2ccncc2NC(=O)c3nc(ccc3N)C4CCCCC4,CHEMBL3747207,Ki,8.4
856632,N[C@H]1CCC[C@H](C1)c2ccncc2NC(=O)c3ccc(F)c(n3)c4c(F)cc(O)cc4F,CHEMBL3651928,IC50,8.4
857307,N[C@H]1CCC[C@H](C1)c2ccncc2NC(=O)c3cccc(n3)c4c(F)cc(O)cc4F,CHEMBL3651904,IC50,8.4
4172389,Oc1ccc(Nc2nc3c(cccc3c4sccc24)c5nnc[nH]5)c(Cl)c1,CHEMBL2017341,IC50,8.4
856185,C[C@H]1C[C@H](C[C@@H](N)[C@H]1S(=O)(=O)C)c2ccncc2NC(=O)c3ccc(F)c(n3)c4c(F)cc(C)cc4F,CHEMBL3687531,IC50,8.42
857432,COCCOc1cc(F)c(c(F)c1)c2nc(ccc2F)C(=O)Nc3cnccc3N4C[C@H](C)[C@H](NC(=O)OC)[C@H](N)C4,CHEMBL3687515,IC50,8.43
857356,COCCOc1cc(F)c(c(F)c1)c2nc(ccc2F)C(=O)Nc3cnccc3[C@@H]4C[C@H](C)[C@H](OC)[C@H](N)C4,CHEMBL3687503,IC50,8.43
856927,C[C@H]1C[C@H](C[C@@H](N)[C@H]1S(=O)(=O)CCO)c2ccncc2NC(=O)c3ccc(F)c(n3)c4c(F)cccc4F,CHEMBL3639862,IC50,8.45
858504,Cn1ncc(NC(=O)c2nc(cnc2N)c3ccccc3F)c1N4CCC[C@@H](N)CC4,CHEMBL3652639,Ki,8.45
856270,CO[C@@H]1[C@@H](C)C[C@H](C[C@H]1N)c2ccncc2NC(=O)c3ccc(F)c(n3)c4c(F)cccc4F,CHEMBL3687485,IC50,8.47
856203,CCOCc1cc(F)c(c(F)c1)c2nc(ccc2F)C(=O)Nc3cnccc3[C@@H]4C[C@H](C)[C@H](OC)[C@H](N)C4,CHEMBL3687510,IC50,8.48
855484,C[C@H]1C[C@H](C[C@@H](N)[C@H]1n2ccnn2)c3ccncc3NC(=O)c4ccc(F)c(n4)c5c(F)cc(cc5F)C6(O)CCOCC6,CHEMBL3691963,IC50,8.5
858544,Cn1ncc(NC(=O)c2nc(ccc2N)c3ccccc3F)c1N4CCC[C@H](N)CC4,CHEMBL3652640,Ki,8.5
858145,C[C@H]1C[C@H](C[C@@H](N)[C@H]1OCCC#N)c2ccncc2NC(=O)c3ccc(F)c(n3)c4c(F)cc(OC5CCOCC5)cc4F,CHEMBL3691967,IC50,8.51
856965,CC1(C)C[C@H](N)C[C@@H](C1)c2ccncc2NC(=O)c3ccc(F)c(n3)c4c(F)cccc4F,CHEMBL3651945,IC50,8.52
856348,CC[C@@H]1C[C@H](N)CN(C1)c2ccncc2NC(=O)c3csc(n3)c4c(F)cccc4F,CHEMBL3676281,IC50,8.52
858340,CN(C)CC1=Nc2c(sc3ccc(cc23)c4ccc(O)cc4)C(=O)N1,CHEMBL585182,Ki,8.52
4173171,CN(C)CC1=Nc2c(sc3ccc(cc23)c4ccc[nH]4)C(=O)N1,CHEMBL572783,Ki,8.52
4174666,CN(C)CC1=Nc2c(sc3ccc(cc23)c4cccnc4)C(=O)N1,CHEMBL575461,Ki,8.52
856873,CO[C@@H]1[C@@H](C)C[C@H](C[C@H]1N)c2ccncc2NC(=O)c3ccc(F)c(n3)c4c(F)cc(OC)cc4F,CHEMBL3691927,IC50,8.52
857513,CO[C@H]1[C@@H](C)C[C@H](C[C@H]1N)c2ccncc2NC(=O)c3ccc(F)c(n3)c4c(F)cc(OC(C)C)cc4F,CHEMBL3687511,IC50,8.52
857028,C[C@@H]1C[C@H](N)C[C@@H](C1)c2ccncc2NC(=O)c3ccc(F)c(n3)c4c(F)ccc(C)c4F,CHEMBL3651923,IC50,8.52
857037,C[C@@H]1C[C@H](N)C[C@@H](C1)c2ccncc2NC(=O)c3ccc(F)c(n3)c4c(F)ccc(F)c4F,CHEMBL3652023,IC50,8.52
857056,C[C@@H]1C[C@H](N)C[C@@H](C1)c2ccncc2NC(=O)c3ccc(F)c(n3)c4cc(C)ccc4F,CHEMBL3651955,IC50,8.52
856422,C[C@@H]1C[C@H](N)C[C@@H](C1)c2ccncc2NC(=O)c3cccc(n3)c4c(F)cc(O)cc4F,CHEMBL3651932,IC50,8.52
857084,C[C@@H]1C[C@H](N)C[C@@H](C1)c2ccncc2NC(=O)c3cccc(n3)c4c(F)cccc4F,CHEMBL3651959,IC50,8.52
856467,C[C@H]1CN(C[C@@H](N)[C@@H]1O)c2ccncc2NC(=O)c3ccc(F)c(n3)C4CCCCC4,CHEMBL3651912,IC50,8.52
856503,C[C@H]1CN(C[C@@H](N)[C@@H]1O)c2ccncc2NC(=O)c3csc(n3)c4c(F)cccc4F,CHEMBL3676292,IC50,8.52
857841,C[C@H]1CN(C[C@@H](O)[C@@H]1O)c2ccncc2NC(=O)c3ccc(F)c(n3)c4ccccc4F,CHEMBL3652008,IC50,8.52
857147,C[C@H]1C[C@H](C[C@@H](N)[C@@H]1O)c2ccncc2NC(=O)c3ccc(F)c(n3)c4c(F)cc(O)cc4F,CHEMBL3651900,IC50,8.52
857165,C[C@H]1C[C@H](C[C@@H](N)[C@@H]1O)c2ccncc2NC(=O)c3ccc(F)c(n3)c4c(F)cccc4F,CHEMBL3651946,IC50,8.52
857174,C[C@H]1C[C@H](C[C@@H](N)[C@@H]1O)c2ccncc2NC(=O)c3cccc(n3)c4c(F)cccc4F,CHEMBL3651948,IC50,8.52
857183,C[C@H]1C[C@H](C[C@@H](N)[C@H]1O)c2ccncc2NC(=O)c3ccc(F)c(n3)c4c(F)ccc(C)c4F,CHEMBL3651936,IC50,8.52
857192,C[C@H]1C[C@H](C[C@@H](N)[C@H]1O)c2ccncc2NC(=O)c3ccc(F)c(n3)c4c(F)cccc4F,CHEMBL3651981,IC50,8.52
857201,C[C@H]1C[C@H](C[C@@H](N)[C@H]1O)c2ccncc2NC(=O)c3cccc(n3)c4c(F)cccc4F,CHEMBL3651972,IC50,8.52
855596,C[C@H]1C[C@H](C[C@@H](N)[C@H]1O)c2ccncc2NC(=O)c3nc(ccc3N)c4c(F)cccc4F,CHEMBL3651989,IC50,8.52
855605,C[C@H]1C[C@H](C[C@@H](N)[C@H]1S(=O)(=O)C)c2ccncc2NC(=O)c3ccc(F)c(n3)c4c(F)cccc4F,CHEMBL3687447,IC50,8.52
858204,Fc1cccc(F)c1c2ccc3[nH]nc(c4cncc(OC5CNCCC56CC6)n4)c3c2,CHEMBL3393704,IC50,8.52
856053,NC1CC(CF)CN(C1)c2ccncc2NC(=O)c3csc(n3)c4c(F)cccc4F,CHEMBL3676272,IC50,8.52
856062,NC1CC(CN(C1)c2ccncc2NC(=O)c3csc(n3)c4c(F)cccc4F)C(F)(F)F,CHEMBL3676271,IC50,8.52
858658,NC1CCN(CC1)c2cncc(n2)c3cc4c(n[nH]c4cn3)c5ccccc5F,CHEMBL3634779,Ki,8.52
858574,NCCNc1cccc(n1)c2n[nH]c3cnc(cc23)c4cccnc4,CHEMBL3634780,Ki,8.52
857901,N[C@@H]1CN(CC[C@@H]1O)c2ccncc2NC(=O)c3csc(n3)c4c(F)cccc4F,CHEMBL3676262,IC50,8.52
856678,N[C@H]1CCC[C@H](C1)c2ccncc2NC(=O)c3nc(sc3N)c4c(F)cccc4F,CHEMBL3676289,IC50,8.52
856687,N[C@H]1C[C@H](CN(C1)c2ccncc2NC(=O)c3csc(n3)c4c(F)cccc4F)C(F)(F)F,CHEMBL3676283,IC50,8.52
4173862,O[C@H]1CCN(CC2=Nc3c(sc4ccc(cc34)c5ccsc5)C(=O)N2)C1,CHEMBL573012,Ki,8.52
857605,CO[C@@H]1[C@@H](C)C[C@H](C[C@H]1N)c2ccncc2NC(=O)c3ccc(F)c(n3)c4c(F)cc(C)cc4F,CHEMBL3687472,IC50,8.54
856232,COC(=O)N[C@H]1[C@@H](C)CN(C[C@H]1N)c2ccncc2NC(=O)c3ccc(F)c(n3)c4c(F)cc(cc4F)C5(F)CCOCC5,CHEMBL3691982,IC50,8.55
856936,C[C@H]1C[C@H](C[C@@H](N)[C@H]1n2cc(nn2)C(=C)C)c3ccncc3NC(=O)c4ccc(F)c(n4)c5c(F)cccc5F,CHEMBL3691971,IC50,8.55
858291,Oc1cc(Cc2ccc(cc2)C#N)nc3c(cnn13)C(=O)Nc4c[nH]c5ncccc45,CHEMBL2387468,Ki,8.55
857578,COC(=O)N[C@H]1[C@@H](C)CN(C[C@H]1N)c2ccncc2NC(=O)c3ccc(F)c(n3)c4c(F)cc(OC)cc4F,CHEMBL3691957,IC50,8.57
857569,C[C@H]1C[C@H](C[C@@H](N)[C@@H]1OCCS(=O)(=O)C)c2ccncc2NC(=O)c3ccc(F)c(n3)c4c(F)cc(OC5CCOCC5)cc4F,CHEMBL3691924,IC50,8.57
854982,CC(C)NC(=O)c1ccc(F)c(c1)c2ccc(N)c(n2)C(=O)Nc3cnccc3[C@@H]4C[C@H](C)[C@@H]([C@H](N)C4)n5ccnn5,CHEMBL3691980,IC50,8.59
854973,CO[C@@H]1[C@@H](C)C[C@H](C[C@H]1N)c2ccncc2NC(=O)c3nc(ccc3N)c4cc(ccc4F)C(=O)NC(C)C,CHEMBL3687535,IC50,8.59
855419,CO[C@H]1[C@@H](C)C[C@H](C[C@H]1N)c2ccncc2NC(=O)c3nc(ncc3N)c4c(F)cccc4F,CHEMBL3687489,IC50,8.59
856252,C[C@H]1CN(C[C@@H](N)[C@H]1NS(=O)(=O)C)c2ccncc2NC(=O)c3ccc(F)c(n3)c4c(F)cccc4F,CHEMBL3687431,IC50,8.59
857504,C[C@H]1CN(C[C@@H](N)[C@H]1n2ccnn2)c3ccncc3NC(=O)c4csc(n4)c5c(F)cccc5F,CHEMBL3691915,IC50,8.59
857423,COCCOc1cc(F)c(c(F)c1)c2nc(ccc2F)C(=O)Nc3cnccc3[C@@H]4C[C@H](C)[C@H](OCCS(=O)(=O)C)[C@H](N)C4,CHEMBL3691914,IC50,8.6
856828,C[C@H]1C[C@H](C[C@@H](N)[C@H]1n2ccnn2)c3ccncc3NC(=O)c4ccc(F)c(n4)c5c(F)cccc5F,CHEMBL3687414,IC50,8.6
858444,Cn1ncc(NC(=O)c2nc(ccc2N)c3ccccc3F)c1N4CCC[C@@H](N)C4,CHEMBL3652625,Ki,8.6
855401,C[C@H]1C[C@H](C[C@@H](N)[C@H]1OCCS(=O)(=O)C)c2ccncc2NC(=O)c3ccc(F)c(n3)c4c(F)cc(cc4F)C5(F)CCOCC5,CHEMBL3691913,IC50,8.61
857531,C[C@H]1C[C@H](C[C@@H](N)[C@H]1S(=O)(=O)C)c2ccncc2NC(=O)c3nc(sc3N)c4c(F)cccc4F,CHEMBL3687525,IC50,8.61
855560,CO[C@H]1[C@@H](C)C[C@H](C[C@H]1N)c2ccncc2NC(=O)c3ccc(F)c(n3)c4c(F)cc(cc4F)C5(F)CCOCC5,CHEMBL3687506,IC50,8.62
857644,CCO[C@H]1[C@@H](C)C[C@H](C[C@H]1N)c2ccncc2NC(=O)c3ccc(F)c(n3)c4c(F)cccc4F,CHEMBL3687498,IC50,8.63
856734,CO[C@H]1[C@@H](C)C[C@H](C[C@H]1N)c2ccncc2NC(=O)c3ccc(F)c(n3)c4c(F)cc(cc4F)C5CCS(=O)(=O)CC5,CHEMBL3687504,IC50,8.63
855383,C[C@H]1C[C@H](C[C@@H](N)[C@H]1S(=O)(=O)C)c2ccncc2NC(=O)c3ccc(F)c(n3)c4c(F)cc(cc4F)C5(O)CCC5,CHEMBL3687518,IC50,8.63
856752,CCO[C@H]1[C@@H](C)C[C@H](C[C@H]1N)c2ccncc2NC(=O)c3ccc(F)c(n3)c4c(F)cc(C)cc4F,CHEMBL3687501,IC50,8.65
855856,CCOCc1cc(F)c(c(F)c1)c2nc(ccc2F)C(=O)Nc3cnccc3[C@@H]4C[C@H](C)[C@@H]([C@H](N)C4)n5ccnn5,CHEMBL3691939,IC50,8.66
856366,COC(=O)N[C@H]1[C@@H](C)CN(C[C@H]1N)c2ccncc2NC(=O)c3nc(ccc3N)c4cc(ccc4F)C(=O)NC(C)C,CHEMBL3639908,IC50,8.66
856909,CO[C@H]1[C@@H](C)C[C@H](C[C@H]1N)c2ccncc2NC(=O)c3ccc(F)c(n3)c4c(F)cc(C)cc4F,CHEMBL3687512,IC50,8.66
858636,Cn1cc(cn1)c2cc3c(n[nH]c3cn2)c4cccc(n4)C5CCNCC5,CHEMBL3634768,Ki,8.66
858585,O=C(Nc1c[nH]c2ncccc12)c3cnn4ccc(NCCc5ccccc5)nc34,CHEMBL2387469,Ki,8.66
856788,COC(=O)N[C@H]1[C@@H](C)C[C@H](C[C@H]1N)c2ccncc2NC(=O)c3nc(c(F)cc3N)c4c(F)cccc4F,CHEMBL3691959,IC50,8.67
858473,Cn1ncc(NC(=O)c2nc(cnc2N)c3ccccc3F)c1N4CCC[C@H](N)C4,CHEMBL3652630,Ki,8.67
857414,C[C@H]1C[C@H](C[C@@H](N)[C@H]1n2ccnn2)c3ccncc3NC(=O)c4ccc(F)c(n4)c5c(F)cc(C)cc5F,CHEMBL3691965,IC50,8.68
856891,C[C@H]1CN(C[C@@H](N)[C@H]1n2ccnn2)c3ccncc3NC(=O)c4ccc(F)c(n4)c5c(F)cc(cc5F)C6(F)CCOCC6,CHEMBL3691935,IC50,8.69
858042,C[C@H]1C[C@H](C[C@@H](N)[C@H]1OCCC#N)c2ccncc2NC(=O)c3ccc(F)c(n3)c4c(F)cc(cc4F)C5(O)CCC5,CHEMBL3691968,IC50,8.69
4172074,CC(C)NC(=O)c1cccc2c3cnccc3c(Nc4ccccc4Cl)nc12,CHEMBL1915647,IC50,8.7
856956,CC1(C)C[C@H](N)C[C@@H](C1)c2ccncc2NC(=O)c3ccc(F)c(n3)c4c(F)cc(O)cc4F,CHEMBL3652016,IC50,8.7
4174304,CCCCNc1nc2c(cccc2nc1C)c3cc4C(=O)NCCc4[nH]3,CHEMBL3809623,IC50,8.7
4173636,CCCNc1nc2c(cccc2nc1C)c3cc4C(=O)NCCc4[nH]3,CHEMBL3808459,IC50,8.7
4173149,CCNC(=O)c1cccc2c3cnccc3c(Nc4ccccc4Cl)nc12,CHEMBL1915646,IC50,8.7
858563,CN(C)CC1=Nc2c(sc3ccc(\C=C\C4CC4)cc23)C(=O)N1,CHEMBL576387,Ki,8.7
4174653,CN(C)CC1=Nc2c(sc3ccc(cc23)c4ccc(N)cc4)C(=O)N1,CHEMBL574169,Ki,8.7
4175216,CN(C)CC1=Nc2c(sc3ccc(cc23)c4ccc(OCC(O)CO)cc4)C(=O)N1,CHEMBL575463,Ki,8.7
4174036,CN(C)CC1=Nc2c(sc3ccc(cc23)c4ccsc4)C(=O)N1,CHEMBL575263,Ki,8.7
4172460,CNC(=O)c1cccc2c3cnccc3c(Nc4c(F)cccc4F)nc12,CHEMBL1914471,IC50,8.7
855865,CO[C@@H]1[C@@H](C)C[C@H](C[C@H]1N)c2ccncc2NC(=O)c3ccc(F)c(n3)c4c(F)cc(cc4F)C5(F)CCOCC5,CHEMBL3687536,IC50,8.7
856983,COc1cc(F)c(c(F)c1)c2cccc(n2)C(=O)Nc3cnccc3[C@H]4C[C@@H](N)C[C@H](C4)C(F)(F)F,CHEMBL3652003,IC50,8.7
857001,COc1ccc(F)c(c1)c2nc(ccc2F)C(=O)Nc3cnccc3[C@@H]4C[C@H](C)C[C@H](N)C4,CHEMBL3651941,IC50,8.7
857019,C[C@@H]1C[C@H](N)CN(C1)c2ccncc2NC(=O)c3csc(n3)c4c(F)cccc4F,CHEMBL3676284,IC50,8.7
857047,C[C@@H]1C[C@H](N)C[C@@H](C1)c2ccncc2NC(=O)c3ccc(F)c(n3)c4c(F)cccc4F,CHEMBL3651966,IC50,8.7
857065,C[C@@H]1C[C@H](N)C[C@@H](C1)c2ccncc2NC(=O)c3ccc(F)c(n3)c4cc(O)ccc4F,CHEMBL3651942,IC50,8.7
857102,C[C@@H]1C[C@H](N)C[C@@H](C1)c2ccncc2NC(=O)c3nc(ccc3F)c4c(F)cc(O)cc4F,CHEMBL3651938,IC50,8.7
856476,C[C@H]1CN(C[C@@H](N)[C@@H]1O)c2ccncc2NC(=O)c3ccc(F)c(n3)c4c(F)ccc(C)c4F,CHEMBL3651918,IC50,8.7
857120,C[C@H]1CN(C[C@@H](N)[C@@H]1O)c2ccncc2NC(=O)c3ccc(F)c(n3)c4ccccc4F,CHEMBL3651921,IC50,8.7
857138,C[C@H]1CN(C[C@@H](N)[C@@H]1O)c2ccncc2NC(=O)c3cccc(n3)c4c(F)cccc4F,CHEMBL3651922,IC50,8.7
857814,C[C@H]1CN(C[C@@H](N)[C@@H]1O)c2ccncc2NC(=O)c3nc(ccc3F)c4c(F)cccc4F,CHEMBL3651920,IC50,8.7
857850,C[C@H]1CN(C[C@@H](O)[C@@H]1O)c2ccncc2NC(=O)c3cccc(n3)c4c(F)cccc4F,CHEMBL3652009,IC50,8.7
857156,C[C@H]1C[C@H](C[C@@H](N)[C@@H]1O)c2ccncc2NC(=O)c3ccc(F)c(n3)c4c(F)ccc(C)c4F,CHEMBL3651940,IC50,8.7
4174398,Cc1nc2cccc(c3cc4C(=O)NCCc4[nH]3)c2nc1Nc5ccccc5,CHEMBL3810085,IC50,8.7
4174411,Clc1ccccc1Nc2nc3c(cccc3c4sccc24)c5nnc[nH]5,CHEMBL2017323,IC50,8.7
858777,F[C@@H]1CNCC[C@H]1CNc2ccn3ncc(C(=O)Nc4c[nH]c5ncccc45)c3n2,CHEMBL2387479,Ki,8.7
4174774,Fc1ccc(Nc2nc3c(cccc3c4sccc24)c5nnc[nH]5)c(F)c1,CHEMBL2017348,IC50,8.7
4174800,Fc1ccccc1Nc2nc3c(cccc3c4sccc24)c5nnc[nH]5,CHEMBL2017324,IC50,8.7
857289,N[C@H]1CCCN(C1)c2ccncc2NC(=O)c3nc(sc3N)c4c(F)cccc4F,CHEMBL3676285,IC50,8.7
857928,N[C@H]1CCC[C@H](C1)c2ccncc2NC(=O)c3ccc(F)c(n3)c4c(F)ccc(O)c4F,CHEMBL3652018,IC50,8.7
858407,O[C@H]1CCN(CC2=Nc3c(sc4ccc(cc34)c5ccc(O)cc5)C(=O)N2)C1,CHEMBL583187,Ki,8.7
4173873,Oc1ccc(Nc2nc3c(cccc3c4cnccc24)c5nnc[nH]5)c(Cl)c1,CHEMBL1915445,IC50,8.7
857859,C[C@H]1C[C@H](C[C@@H](N)C12OCCO2)c3ccncc3NC(=O)c4ccc(F)c(n4)c5c(F)cccc5F,CHEMBL3687452,IC50,8.71
856716,COC(=O)N[C@H]1[C@@H](C)CN(C[C@H]1N)c2ccncc2NC(=O)c3ccc(F)c(n3)c4c(F)cc(cc4F)C5(O)CCOCC5,CHEMBL3691961,IC50,8.72
856864,C[C@H]1CN(C[C@@H](N)[C@H]1n2ccnn2)c3ccncc3NC(=O)c4ccc(F)c(n4)c5c(F)cc(cc5F)C6(O)CCOCC6,CHEMBL3691944,IC50,8.72
857653,COc1cc(F)c(c(F)c1)c2nc(ccc2F)C(=O)Nc3cnccc3[C@@H]4C[C@H](C)[C@H](OCCS(=O)(=O)C)[C@H](N)C4,CHEMBL3691928,IC50,8.73
8077681,C[C@H]1C[C@H](C[C@@H](N)[C@H]1OCCC#N)c2ccncc2NC(=O)c3ccc(F)c(n3)c4c(F)cc(cc4F)C5COC5,CHEMBL3691947,IC50,8.74
856846,CCOCc1cc(F)c(c(F)c1)c2nc(ccc2F)C(=O)Nc3cnccc3[C@@H]4C[C@H](C)[C@H](OCCS(=O)(=O)C)[C@H](N)C4,CHEMBL3687534,IC50,8.75
858263,COc1cc(F)c(c(F)c1)c2nc(ccc2F)C(=O)Nc3cnccc3N4C[C@H](C)[C@@H]([C@H](N)C4)n5ccnn5,CHEMBL3691977,IC50,8.75
857727,COCc1cn(nn1)[C@H]2[C@@H](C)CN(C[C@H]2N)c3ccncc3NC(=O)c4ccc(F)c(n4)c5c(F)cccc5F,CHEMBL3687427,IC50,8.76
857450,CO[C@H]1[C@@H](C)C[C@H](C[C@H]1N)c2ccncc2NC(=O)c3ccc(F)c(n3)c4c(F)cc(cc4F)C5(O)CCC5,CHEMBL3687508,IC50,8.76
857718,CC(C)Oc1cc(F)c(c(F)c1)c2nc(ccc2F)C(=O)Nc3cnccc3N4C[C@H](C)[C@@H]([C@H](N)C4)n5ccnn5,CHEMBL3691931,IC50,8.77
858328,CCO[C@H]1[C@@H](C)C[C@H](C[C@H]1N)c2ccncc2NC(=O)c3nc(sc3N)c4c(F)cccc4F,CHEMBL3687481,IC50,8.77
856743,C[C@H]1C[C@H](C[C@@H](N)[C@H]1n2ccnn2)c3ccncc3NC(=O)c4ccc(F)c(n4)c5c(F)cc(cc5F)C6(O)CCC6,CHEMBL3691956,IC50,8.77
858647,Fc1ccccc1c2n[nH]c3cnc(cc23)c4cnccc4O[C@@H]5CCCNC5,CHEMBL3634777,Ki,8.77
857486,CCOCc1cc(F)c(c(F)c1)c2nc(ccc2F)C(=O)Nc3cnccc3N4C[C@H](C)[C@H](NC(=O)OC)[C@H](N)C4,CHEMBL3691986,IC50,8.78
8077700,COC(=O)N[C@H]1[C@@H](C)CN(C[C@H]1N)c2ccncc2NC(=O)c3ccc(F)c(n3)c4c(F)cc(cc4F)C5COC5,CHEMBL3691946,IC50,8.78
858615,Cn1ncc(NC(=O)c2nc(ccc2N)c3ccccc3F)c1N4CCCC(N)CC4,CHEMBL3652627,Ki,8.78
854389,CC(C)NC(=O)c1ccc(F)c(c1)c2ccc(N)c(n2)C(=O)Nc3cnccc3[C@@H]4C[C@H](C)[C@@H]([C@H](N)C4)S(=O)(=O)C,CHEMBL3687519,IC50,8.79
857662,C[C@H]1CN(C[C@@H](N)[C@H]1n2ccnn2)c3ccncc3NC(=O)c4nc(c(F)cc4N)c5c(F)cccc5F,CHEMBL3691978,IC50,8.81
858350,COC(=O)N(C)[C@H]1[C@@H](C)CN(C[C@H]1N)c2ccncc2NC(=O)c3ccc(F)c(n3)c4c(F)cc(C)cc4F,CHEMBL3687468,IC50,8.82
856261,CO[C@@H]1[C@@H](C)C[C@H](C[C@H]1N)c2ccncc2NC(=O)c3ccc(F)c(n3)c4c(F)cc(cc4F)C5(O)CCOCC5,CHEMBL3639863,IC50,8.82
1736646,CS(=O)(=O)c1ccc(c(F)c1)c2ccc3[nH]nc(c4cncc(O[C@H]5CNCCC56CC6)n4)c3c2,CHEMBL3393719,IC50,8.82
858272,C[C@H]1CN(C[C@@H](N)[C@H]1n2cncn2)c3ccncc3NC(=O)c4ccc(F)c(n4)c5c(F)cccc5F,CHEMBL3687466,IC50,8.82
857495,C[C@H]1C[C@H](C[C@@H](N)[C@H]1Oc2ccccn2)c3ccncc3NC(=O)c4ccc(F)c(n4)c5c(F)cccc5F,CHEMBL3687532,IC50,8.82
856779,CCOCc1cc(F)c(c(F)c1)c2nc(ccc2F)C(=O)Nc3cnccc3[C@@H]4C[C@H](C)[C@@H](OC)[C@H](N)C4,CHEMBL3691920,IC50,8.83
857700,COCCOc1cc(F)c(c(F)c1)c2nc(ccc2F)C(=O)Nc3cnccc3C4C[C@H](C)[C@@H]([C@H](N)C4)n5ccnn5,CHEMBL3691916,IC50,8.84
857441,C[C@H]1C[C@H](C[C@@H](N)[C@H]1OCCS(=O)(=O)C)c2ccncc2NC(=O)c3ccc(F)c(n3)c4c(F)cccc4F,CHEMBL3687487,IC50,8.84
857549,CO[C@H]1[C@@H](C)C[C@H](C[C@H]1N)c2ccncc2NC(=O)c3ccc(F)c(n3)c4c(F)cc(cc4F)C(C)C,CHEMBL3687505,IC50,8.86
858060,C[C@H]1CN(C[C@@H](N)[C@H]1n2cc(C)nn2)c3ccncc3NC(=O)c4ccc(F)c(n4)c5c(F)cccc5F,CHEMBL3687420,IC50,8.86
858013,C[C@H]1C[C@H](C[C@@H](N)[C@H]1OCCS(=O)(=O)C)c2ccncc2NC(=O)c3ccc(F)c(n3)c4c(F)cc(C)cc4F,CHEMBL3687483,IC50,8.86
856882,CO[C@H]1[C@@H](C)C[C@H](C[C@H]1N)c2ccncc2NC(=O)c3ccc(F)c(n3)c4c(F)cc(cc4F)C(C)(C)O,CHEMBL3687507,IC50,8.88
858625,Fc1cccc(F)c1c2ccc3[nH]cc(NC(=O)c4cnn5ccc(NCC6CCNCC6)nc45)c3c2,CHEMBL2387472,Ki,8.89
4175481,Fc1ccccc1c2ccc3[nH]nc(c4cncc(O[C@H]5CNCCC56CC6)n4)c3c2,CHEMBL3393708,IC50,8.89
858514,Cn1cc(cn1)c2cc3c(n[nH]c3cn2)c4cccc(c4)N5CCC[C@@H](N)C5,CHEMBL3634759,Ki,8.9
856770,CO[C@@H]1[C@@H](C)C[C@H](C[C@H]1N)c2ccncc2NC(=O)c3ccc(F)c(n3)c4c(F)cc(cc4F)C5(O)CCC5,CHEMBL3691922,IC50,8.91
858245,C[C@H]1CN(C[C@@H](N)[C@H]1n2ccnn2)c3ccncc3NC(=O)c4ccc(F)c(n4)c5c(F)cccc5F,CHEMBL3687418,IC50,8.91
857468,C[C@H]1C[C@H](C[C@@H](N)[C@@H]1OCCS(=O)(=O)C)c2ccncc2NC(=O)c3ccc(F)c(n3)c4c(F)cc(cc4F)C5(O)CCC5,CHEMBL3691923,IC50,8.91
857405,C[C@H]1C[C@H](C[C@@H](N)[C@H]1OCCS(=O)(=O)C)c2ccncc2NC(=O)c3ccc(F)c(n3)c4c(F)cc(cc4F)C5(O)CCOCC5,CHEMBL3687527,IC50,8.91
855903,CC(C)NC(=O)c1ccc(F)c(c1)c2ccc(N)c(n2)C(=O)Nc3cnccc3[C@@H]4C[C@H](C)[C@H](OCCS(=O)(=O)C)[C@H](N)C4,CHEMBL3687537,IC50,8.92
857477,CCOCc1cc(F)c(c(F)c1)c2nc(ccc2F)C(=O)Nc3cnccc3N4C[C@H](C)[C@@H]([C@H](N)C4)n5ccnn5,CHEMBL3691941,IC50,8.92
857671,C[C@H]1C[C@H](C[C@@H](N)[C@H]1n2cncn2)c3ccncc3NC(=O)c4ccc(F)c(n4)c5c(F)cccc5F,CHEMBL3687459,IC50,8.92
857635,CC(C)Oc1cc(F)c(c(F)c1)c2nc(ccc2F)C(=O)Nc3cnccc3[C@@H]4C[C@H](C)[C@H](OCCS(=O)(=O)C)[C@H](N)C4,CHEMBL3691925,IC50,8.93
858386,CO[C@@H]1[C@@H](C)C[C@H](C[C@H]1N)c2ccncc2NC(=O)c3nc(sc3N)c4c(F)cccc4F,CHEMBL3687479,IC50,8.93
858172,C[C@H]1CN(C[C@@H](N)[C@H]1n2cc(CO)nn2)c3ccncc3NC(=O)c4ccc(F)c(n4)c5c(F)cccc5F,CHEMBL3687476,IC50,8.93
857968,COc1cc(F)c(c(F)c1)c2nc(ccc2F)C(=O)Nc3cnccc3[C@@H]4C[C@H](C)[C@H](OCCC#N)[C@H](N)C4,CHEMBL3691949,IC50,8.95
857977,C[C@H]1C[C@H](C[C@@H](N)[C@H]1OCCC#N)c2ccncc2NC(=O)c3ccc(F)c(n3)c4c(F)cccc4F,CHEMBL3687495,IC50,8.95
858127,COC(=O)N[C@H]1[C@@H](C)CN(C[C@H]1N)c2ccncc2NC(=O)c3ccc(F)c(n3)c4c(F)cc(OC5CCOCC5)cc4F,CHEMBL3691943,IC50,8.96
858396,Fc1cccc(F)c1c2ccc3[nH]nc(c4cncc(O[C@H]5CNCCC56CC6)n4)c3c2,CHEMBL3393706,IC50,8.96
858224,NC(=O)Nc1cc2c(n[nH]c2cn1)c3cccc(n3)N4CCNCC4,CHEMBL3634775,Ki,8.96
858359,COC(=O)N(C)[C@H]1[C@@H](C)CN(C[C@H]1N)c2ccncc2NC(=O)c3ccc(F)c(n3)c4c(F)cccc4F,CHEMBL3687471,IC50,8.97
857626,CO[C@H]1[C@@H](C)C[C@H](C[C@H]1N)c2ccncc2NC(=O)c3ccc(F)c(n3)c4c(F)cc(cc4F)C5CCOCC5,CHEMBL3687509,IC50,8.97
858154,C[C@H]1C[C@H](C[C@@H](N)[C@H]1n2ccnn2)c3ccncc3NC(=O)c4nc(sc4N)c5c(F)cccc5F,CHEMBL3691938,IC50,8.98
857995,CO[C@@H]1[C@@H](C)C[C@H](C[C@H]1N)c2ccncc2NC(=O)c3ccc(F)c(n3)c4c(F)cc(OC5CCOCC5)cc4F,CHEMBL3691921,IC50,8.99
4173195,COc1cccc(Nc2nc3c(cccc3c4cnccc24)c5nnc[nH]5)c1Cl,CHEMBL1915633,IC50,9.0
4175556,CSc1ncc2ccc3c(cn([C@@H]4CC[C@H](N)CC4)c3c2n1)C(=O)N,CHEMBL3703184,IC50,9.0
857769,C[C@@H]1C[C@H](N)C[C@@H](C1)c2ccncc2NC(=O)c3ccc(F)c(n3)c4c(F)cc(O)cc4F,CHEMBL3652022,IC50,9.0
857778,C[C@@H]1C[C@H](N)C[C@@H](C1)c2ccncc2NC(=O)c3ccc(F)c(n3)c4c(F)ccc(O)c4F,CHEMBL3652019,IC50,9.0
857787,C[C@H]1CN(C[C@@H](N)[C@@H]1O)c2ccncc2NC(=O)c3ccc(F)c(n3)c4c(F)cc(O)cc4F,CHEMBL3651899,IC50,9.0
857796,C[C@H]1CN(C[C@@H](N)[C@@H]1O)c2ccncc2NC(=O)c3ccc(F)c(n3)c4c(F)cccc4F,CHEMBL3105022,IC50,9.0
857805,C[C@H]1CN(C[C@@H](N)[C@@H]1O)c2ccncc2NC(=O)c3nc(c(F)cc3N)c4c(F)cccc4F,CHEMBL3105021,IC50,9.0
857832,C[C@H]1CN(C[C@@H](O)[C@@H]1O)c2ccncc2NC(=O)c3ccc(F)c(n3)c4c(F)cccc4F,CHEMBL3652010,IC50,9.0
858553,C[C@H]1C[C@H](C[C@@H](N)[C@H]1OCCC#N)c2ccncc2NC(=O)c3nc(sc3N)c4c(F)cccc4F,CHEMBL3687474,IC50,9.0
857219,C[C@H]1C[C@H](C[C@@H](O)[C@@H]1O)c2ccncc2NC(=O)c3nc(c(F)cc3N)c4c(F)cccc4F,CHEMBL3652015,IC50,9.0
4174743,Cc1nc2cccc3c4cc5C(=O)NC[C@@H](C\C=C/CNc1nc23)c5[nH]4,CHEMBL3808445,IC50,9.0
4175336,Cc1nc2cccc3c4cc5C(=O)NC[C@@H](C\C=C\CNc1nc23)c5[nH]4,CHEMBL3809044,IC50,9.0
4174785,Fc1cccc(F)c1Nc2nc3c(cccc3c4cnccc24)c5nnc[nH]5,CHEMBL1915636,IC50,9.0
857910,N[C@@H]1C[C@@H](C[C@@H](C1)C(F)(F)F)c2ccncc2NC(=O)c3nc(c(F)cc3N)c4c(F)cccc4F,CHEMBL3652004,IC50,9.0
857919,N[C@@H]1C[C@@H](C[C@@H](C1)C(F)(F)F)c2ccncc2NC(=O)c3nc(ccc3N)c4c(F)cccc4F,CHEMBL3652006,IC50,9.0
857937,N[C@H]1CCC[C@H](C1)c2ccncc2NC(=O)c3nc(c(F)cc3N)c4c(F)cccc4F,CHEMBL3651994,IC50,9.0
857958,Nc1sc(nc1C(=O)Nc2cnccc2O[C@H]3CCNC3)c4c(F)cccc4F,CHEMBL3354518,IC50,9.0
858136,COC(=O)N[C@H]1[C@@H](C)CN(C[C@H]1N)c2ccncc2NC(=O)c3ccc(F)c(n3)c4c(F)cccc4F,CHEMBL3687491,IC50,9.05
858033,CO[C@@H]1[C@@H](C)C[C@H](C[C@H]1N)c2ccncc2NC(=O)c3nc(c(F)cc3N)c4c(F)cccc4F,CHEMBL3691929,IC50,9.05
4175576,O[C@H]1CCN(CC2=Nc3c(sc4ccc(\C=C\C5CC5)cc34)C(=O)N2)C1,CHEMBL573463,Ki,9.05
858118,C[C@H]1CN(C[C@@H](N)[C@H]1n2ccnn2)c3ccncc3NC(=O)c4ccc(F)c(n4)c5c(F)cc(C)cc5F,CHEMBL3691945,IC50,9.06
857823,C[C@H]1CN(C[C@@H](N)[C@H]1N)c2ccncc2NC(=O)c3ccc(F)c(n3)c4c(F)cccc4F,CHEMBL3687430,IC50,9.07
858368,COC(=O)N[C@H]1[C@@H](C)CN(C[C@H]1N)c2ccncc2NC(=O)c3nc(sc3N)c4c(F)cccc4F,CHEMBL3687482,IC50,9.08
858078,COC(=O)N[C@H]1[C@@H](C)CN(C[C@H]1N)c2ccncc2NC(=O)c3ccc(F)c(n3)c4c(F)cc(C)cc4F,CHEMBL3687490,IC50,9.09
857587,COC(=O)N[C@H]1[C@@H](C)CN(C[C@H]1N)c2ccncc2NC(=O)c3ccc(F)c(n3)c4c(F)cc(cc4F)C5(O)CCC5,CHEMBL3691942,IC50,9.09
858319,COC(=O)N[C@H]1[C@@H](C)CN(C[C@H]1N)c2ccncc2NC(=O)c3ccc(F)c(n3)c4c(F)cc(OC(C)C)cc4F,CHEMBL3691932,IC50,9.1
858051,CO[C@@H]1[C@@H](C)C[C@H](C[C@H]1N)c2ccncc2NC(=O)c3ccc(F)c(n3)c4c(F)cc(OC(C)C)cc4F,CHEMBL3691926,IC50,9.1
858109,C[C@H]1CN(C[C@@H](N)[C@H]1n2ccnn2)c3ccncc3NC(=O)c4nc(sc4N)c5c(F)cccc5F,CHEMBL3691940,IC50,9.11
858524,C[C@H]1C[C@H](C[C@@H](N)[C@H]1OCCS(=O)(=O)C)c2ccncc2NC(=O)c3nc(sc3N)c4c(F)cccc4F,CHEMBL3691919,IC50,9.11
858069,C[C@H]1C[C@H](C[C@@H](N)[C@H]1n2ccnn2)c3ccncc3NC(=O)c4nc(c(F)cc4N)c5c(F)cccc5F,CHEMBL3691960,IC50,9.11
857540,CC(C)NC(=O)c1ccc(F)c(c1)c2ccc(N)c(n2)C(=O)Nc3cnccc3[C@@H]4C[C@H](C)[C@H](OCCC#N)[C@H](N)C4,CHEMBL3687521,IC50,9.13
858214,C[C@H]1CN(C[C@@H](N)[C@H]1N=[N+]=[N-])c2ccncc2NC(=O)c3ccc(F)c(n3)c4c(F)cccc4F,CHEMBL3687497,IC50,9.13
857522,C[C@H]1C[C@H](C[C@@H](N)[C@H]1OCCC#N)c2ccncc2NC(=O)c3ccc(F)c(n3)c4c(F)cc(cc4F)C5(F)CCOCC5,CHEMBL3691937,IC50,9.13
858810,Cn1cc(cn1)c2cc3c(n[nH]c3cn2)c4cccc(n4)N5CCC[C@@H](N)C5,CHEMBL3634756,Ki,9.14
1745493,Oc1ccc(c(F)c1)c2ccc3[nH]nc(c4cncc(O[C@H]5CNCCC56CC6)n4)c3c2,CHEMBL3393717,IC50,9.16
858281,CS[C@H]1[C@@H](C)C[C@H](C[C@H]1N)c2ccncc2NC(=O)c3ccc(F)c(n3)c4c(F)cccc4F,CHEMBL3687443,IC50,9.17
858377,COC(=O)N[C@H]1[C@@H](C)CN(C[C@H]1N)c2ccncc2NC(=O)c3nc(c(F)cc3N)c4c(F)cccc4F,CHEMBL3691958,IC50,9.19
858702,Fc1cccc(F)c1c2cnc3[nH]cc(NC(=O)c4cnn5ccc(OCC6CCNCC6)nc45)c3c2,CHEMBL2387475,Ki,9.19
858254,C[C@H]1C[C@H](C[C@@H](N)[C@H]1OCCC#N)c2ccncc2NC(=O)c3ccc(F)c(n3)c4c(F)cc(C)cc4F,CHEMBL3687493,IC50,9.2
858453,CO[C@H]1[C@@H](C)C[C@H](C[C@H]1N)c2ccncc2NC(=O)c3nc(sc3N)c4c(F)cccc4F,CHEMBL3687492,IC50,9.21
1735190,CS(=O)(=O)Nc1ccc(c(F)c1)c2ccc3[nH]nc(c4cncc(O[C@H]5CNCCC56CC6)n4)c3c2,CHEMBL3393720,IC50,9.22
1742363,NC(=O)c1ccc(c(F)c1)c2ccc3[nH]nc(c4cncc(O[C@H]5CNCCC56CC6)n4)c3c2,CHEMBL3393718,IC50,9.22
858832,Cn1cc(cn1)c2cc3c(n[nH]c3cn2)c4cccc(n4)N5CCNCC5,CHEMBL3634770,Ki,9.24
858669,Fc1cccc(F)c1c2ccc3[nH]cc(NC(=O)c4cnn5ccc(NCC6CCNCC6)nc45)c3n2,CHEMBL2387473,Ki,9.28
858898,C1CN(CCN1)c2cccc(n2)c3n[nH]c4cnc(cc34)c5cccnc5,CHEMBL3634781,Ki,9.3
4176096,C[C@H]1Nc2nc3c(cccc3nc2C)c4cc5C(=O)NC[C@H](C\C=C/1)c5[nH]4,CHEMBL3809691,IC50,9.3
4175347,Cc1nc2cccc3c4cc5C(=O)NC[C@H](C\C=C\CNc1nc23)c5[nH]4,CHEMBL3809463,IC50,9.3
4175566,FC1(COc2cccc3ccc(nc23)c4nnc5ccccn45)CCNCC1,CHEMBL3664634,IC50,9.3
858724,CCn1cc(cn1)c2cc3c(n[nH]c3cn2)c4cccc(n4)N5CCNCC5,CHEMBL3634761,Ki,9.33
858417,C[C@H]1C[C@H](C[C@@H](N)[C@H]1OCCS(=O)(=O)C)c2ccncc2NC(=O)c3nc(c(F)cc3N)c4c(F)cccc4F,CHEMBL3691930,IC50,9.33
858865,Cn1cc(cn1)c2cc3c(n[nH]c3cn2)c4cccc(n4)N5CC[C@@H](N)C5,CHEMBL3634757,Ki,9.37
4175837,C[C@@H]1CC[C@H]2CNC(=O)c3cc([nH]c23)c4cccc5nc(C)c(NC1)nc45,CHEMBL3809377,IC50,9.4
4175290,C[C@H]1CCC[C@H]2CNC(=O)c3cc([nH]c23)c4cccc5nc(C)c(N1)nc45,CHEMBL3809127,IC50,9.4
858426,C[C@H]1C[C@H](C[C@@H](N)[C@H]1OCCC#N)c2ccncc2NC(=O)c3nc(c(F)cc3N)c4c(F)cccc4F,CHEMBL3691950,IC50,9.4
4176362,Nc1ccc(c(F)c1)c2ccc3[nH]nc(c4cncc(O[C@H]5CNCCC56CC6)n4)c3c2,CHEMBL3393716,IC50,9.4
858767,Cn1ncc(NC(=O)c2nc(sc2N)c3c(F)cccc3F)c1N4CCCC(N)CC4,CHEMBL3652626,Ki,9.5
4175768,C[C@@H]1Nc2nc3c(cccc3nc2C)c4cc5C(=O)NC[C@H](C\C=C\1)c5[nH]4,CHEMBL3809986,IC50,9.52
4176085,C[C@H]1CC[C@H]2CNC(=O)c3cc([nH]c23)c4cccc5nc(C)c(NC1)nc45,CHEMBL3809565,IC50,9.52
858735,Cc1cncc(c1)c2cc3c(n[nH]c3cn2)c4cccc(n4)N5CCNCC5,CHEMBL3634782,Ki,9.52
858854,Cn1cc(cn1)c2cc3c(n[nH]c3cn2)c4cccc(n4)N5CCC[C@H](N)C5,CHEMBL3634758,Ki,9.59
858843,C(C1CC1)n2cc(cn2)c3cc4c(n[nH]c4cn3)c5cccc(n5)N6CCNCC6,CHEMBL3634772,Ki,9.6
4176643,C[C@@H]1CCC[C@H]2CNC(=O)c3cc([nH]c23)c4cccc5nc(C)c(N1)nc45,CHEMBL3810095,IC50,9.7
4175964,C\C\1=C\C[C@H]2CNC(=O)c3cc([nH]c23)c4cccc5nc(C)c(NC1)nc45,CHEMBL3809940,IC50,9.7
4175975,Cc1nc2cccc3c4cc5C(=O)NC[C@@H](CCCCNc1nc23)c5[nH]4,CHEMBL3808942,IC50,9.7
858876,Cn1cc(cn1)c2cc3c(n[nH]c3cn2)c4cccc(n4)N5CCCNCC5,CHEMBL3634767,Ki,9.77
858757,Fc1cccc(F)c1c2cnc3[nH]cc(NC(=O)c4cnn5ccc(CCC6CCNCC6)nc45)c3c2,CHEMBL2387474,Ki,9.77
858919,Cn1ncc(NC(=O)c2nc(sc2N)c3c(F)cccc3F)c1N4CCC[C@@H](N)CC4,CHEMBL3652638,Ki,9.78
858680,CCN1C=NC=C(C1=O)c2cc3c(n[nH]c3cn2)c4cccc(n4)N5CCNCC5,CHEMBL3634769,Ki,9.84
858887,N#CCn1cc(cn1)c2cc3c(n[nH]c3cn2)c4cccc(n4)N5CCNCC5,CHEMBL3634771,Ki,9.9
858799,Fc1ccccc1c2cnc3[nH]cc(NC(=O)c4cnn5ccc(NCC6CCNCC6)nc45)c3c2,CHEMBL2387463,Ki,10.03
4177520,Cc1ccc(nc1N2CCC[C@H](N)C2)c3n[nH]c4cnc(cc34)c5cnn(C)c5,CHEMBL3634760,Ki,10.06
4176655,C\C\1=C/C[C@H]2CNC(=O)c3cc([nH]c23)c4cccc5nc(C)c(NC1)nc45,CHEMBL3808662,IC50,10.1
858788,Fc1cccc(F)c1c2cnc3[nH]cc(NC(=O)c4cnn5ccc(NCC6CCNCC6)nc45)c3c2,CHEMBL2387471,Ki,10.12
4176932,Cc1nc2cccc3c4cc5C(=O)NC[C@H](C\C=C/CNc1nc23)c5[nH]4,CHEMBL3810121,IC50,10.15
4176107,C[C@H]1Nc2nc3c(cccc3nc2C)c4cc5C(=O)NC[C@H](C\C=C\1)c5[nH]4,CHEMBL3808887,IC50,10.3
4176822,Cc1nc2cccc3c4cc5C(=O)NC[C@H](CCCCNc1nc23)c5[nH]4,CHEMBL3808669,IC50,10.3
858909,Cc1cncc(n1)c2cc3c(n[nH]c3cn2)c4cccc(n4)N5CCNCC5,CHEMBL3634783,Ki,10.31
858821,F[C@H]1CNCC[C@@H]1CNc2ccn3ncc(C(=O)Nc4c[nH]c5ncc(cc45)c6c(F)cccc6F)c3n2,CHEMBL2387465,Ki,10.43
1726353,F[C@H]1CNCC[C@@H]1CNc2ccn3ncc(C(=O)Nc4c[nH]c5ncc(cc45)c6ccccc6F)c3n2,CHEMBL2387464,Ki,10.49
