id,smiles,name,assay_type,activity_value
853438,[H][C@@]1(CN(C)C)CCN2C=C(C3=CC=CC=C23)C2=C(C(=O)NC2=O)C2=CN(CCO1)C1=CC=CC=C21,ruboxistaurin,Kd,7.92
853455,COC(=O)N[C@H]1[C@@H](C)C[C@H](C[C@H]1N)c2ccncc2NC(=O)c3ccc(F)c(n3)c4c(F)cc(cc4F)C5COC5,CHEMBL3691966,IC50,7.53
853464,C[C@H]1C[C@H](C[C@@H](N)[C@@H]1O)c2ccncc2NC(=O)c3ccc(F)c(n3)C4CCCCC4,CHEMBL3651985,IC50,7.54
853473,C[C@H]1C[C@H](C[C@@H](N)[C@H]1[S+](C)[O-])c2ccncc2NC(=O)c3ccc(F)c(n3)c4c(F)cccc4F,CHEMBL3687446,IC50,7.54
853483,Nc1cncc(n1)c2c[nH]c3ccc(cc23)c4nnc(N)s4,CHEMBL3394071,IC50,7.54
853493,C[C@@H]1CN(C[C@H](N)[C@H]1O)c2ccncc2NC(=O)c3ccc(F)c(n3)c4c(F)cccc4F,CHEMBL3652007,IC50,7.55
853503,FC(F)(F)c1cccc(c1)n2nnc3ccc(NCC4CC5(CCNCC5)C4)nc23,CHEMBL1952136,IC50,7.55
853513,C[C@H]1C[C@H](C[C@@H](N)[C@@H]1O)c2ccncc2NC(=O)c3ccc(F)c(n3)c4cccc(c4F)C(F)(F)F,CHEMBL3652021,IC50,7.57
853523,Clc1cccc(\C=C\2/SC(=O)NC2=O)c1N3CCNCC3,CHEMBL2048864,IC50,7.59
853534,NC(=O)c1ccc(cc1)c2c[nH]c3ncnc(NCCO)c23,CHEMBL3354526,IC50,7.59
853545,O=Cc1cn2CCCCCn3c4ccccc4c5ccc1c2c35,CHEMBL3627997,IC50,7.59
853555,COC(=O)N[C@H]1[C@@H](C)C[C@H](C[C@H]1N)c2ccncc2NC(=O)c3ccc(F)c(n3)c4c(F)cc(cc4F)C5(O)CCOCC5,CHEMBL3691962,IC50,7.6
853566,COc1ccc2C(=O)\C(=C\c3n[nH]c4ccccc34)\Oc2c1CN5CCNCC5,CHEMBL2147845,IC50,7.6
853576,COC(=O)N[C@H]1[C@@H](C)C[C@H](C[C@H]1N)c2ccncc2NC(=O)c3ccc(F)c(n3)c4c(F)cc(cc4F)C5(F)CCOCC5,CHEMBL3691984,IC50,7.61
853586,Brc1cccc2c3ccc4c(C=O)c[nH]c4c3[nH]c12,CHEMBL1241009,IC50,7.62
853596,CCn1ncc(NC(=O)c2nc(sc2N)c3ccccc3F)c1N4CCC[C@@H](N)CC4,CHEMBL3652647,Ki,7.62
853606,CN1CCC(CNc2ccc3ncc(c4cccc(OC(F)(F)F)c4)n3n2)CC1,CHEMBL1952329,Ki,7.62
853616,C[C@@H]1C[C@H](N)C[C@@H](C1)c2ccncc2NC(=O)c3ccc(F)c(n3)[C@@H]4CC[C@H](O)CC4,CHEMBL3651950,IC50,7.62
853625,NC1CC(CO)CN(C1)c2ccncc2NC(=O)c3csc(n3)c4c(F)cccc4F,CHEMBL3676269,IC50,7.62
853634,N[C@@H]1C[C@H](CN(C1)c2ccncc2NC(=O)c3csc(n3)c4c(F)cccc4F)C(F)(F)F,CHEMBL3676282,IC50,7.62
853644,FC(F)(F)Oc1cccc(c1)n2nnc3ccc(NC4CC5(CCNCC5)C4)nc23,CHEMBL1952125,IC50,7.64
853655,Fc1ccc(C2=Nc3c(oc4ccc(Br)cc34)C(=O)N2)c(Cl)c1,CHEMBL2035620,IC50,7.64
853666,Fc1cccc(Cl)c1C2=Nc3c(oc4ccc(Br)cc34)C(=O)N2,CHEMBL2035622,IC50,7.64
853677,Oc1cc(Cc2ccc(cc2)C#N)nc3c(cnn13)C(=O)Nc4ccc(F)cc4,CHEMBL2387467,Ki,7.64
853687,C[C@H]1C[C@H](C[C@@H](N)[C@H]1n2ccnn2)c3ccncc3NC(=O)c4csc(n4)c5c(F)cccc5F,CHEMBL3691953,IC50,7.65
853697,CN(C)CCOc1cncc(n1)c2ccc3[nH]cc(c4ccnc(N)n4)c3c2,CHEMBL3264253,IC50,7.66
853707,C[C@H]1C[C@H](C[C@@H](N)[C@H]1OP(=O)(C)C)c2ccncc2NC(=O)c3ccc(F)c(n3)c4c(F)cccc4F,CHEMBL3687449,IC50,7.66
853717,Nc1nnc(s1)c2ccc3[nH]cc(c4cccc(NC5CCCCC5)n4)c3c2,CHEMBL3394070,IC50,7.66
853728,Oc1ccc(cc1)c2ccc3c(c[nH]c3c2)c4ccc(cc4)N5CCNCC5,CHEMBL1910894,IC50,7.66
853739,c1ccc2c(c1)[nH]c3c4[nH]c5ccccc5c4c6[nH]ncc6c23,CHEMBL3814423,IC50,7.66
853749,COC(=O)N[C@H]1[C@@H](C)C[C@H](C[C@H]1N)c2ccncc2NC(=O)c3ccc(F)c(n3)c4c(F)cccc4F,CHEMBL3687423,IC50,7.68
853759,COc1cccc(C2=Nc3c(oc4ccc(Br)cc34)C(=O)N2)c1Cl,CHEMBL2035625,IC50,7.68
853769,C[C@@H]1C[C@H](N)C[C@@H](C1)c2ccncc2NC(=O)c3ccc(F)c(n3)C4CCCCC4,CHEMBL3651986,IC50,7.68
853779,Nc1ccc(nc1C(=O)Nc2cnccc2c3ccncc3)c4ccccc4F,CHEMBL3793440,Ki,7.68
853790,OC1CCN(CC1)c2cncc(n2)c3n[nH]c4ccc(cc34)c5c(F)cccc5F,CHEMBL3393696,IC50,7.68
853801,CN(C)CCCOc1cncc(n1)c2ccc3[nH]cc(c4ccnc(N)n4)c3c2,CHEMBL3264255,IC50,7.69
853812,Clc1cc(ccc1C2=Nc3c(oc4ccc(Br)cc34)C(=O)N2)C(=O)NCCN5CCCCC5,CHEMBL2035627,IC50,7.7
853822,NC1CC(CN(C1)c2ccncc2NC(=O)c3csc(n3)C4CCCCC4)C(F)(F)F,CHEMBL3676277,IC50,7.7
853832,N[C@@H]1CCCN(C1)c2c(Cl)cccc2\C=C\3/SC(=O)NC3=O,CHEMBL2048866,IC50,7.7
853843,N[C@H]1CCCN(C1)c2ccncc2NC(=O)c3ncccc3N,CHEMBL3103858,Ki,7.7
853854,N[C@H]1CCCN(C1)c2ccncc2NC(=O)c3nccnc3N,CHEMBL3103857,Ki,7.7
853865,[O-][N+](=O)c1cc2[nH]ncc2c3c4ccccc4cnc13,CHEMBL3326555,IC50,7.7
853875,CCOCc1cc(F)c(c(F)c1)c2nc(ccc2F)C(=O)Nc3cnccc3[C@@H]4C[C@H](C)[C@H](NC(=O)OC)[C@H](N)C4,CHEMBL3691985,IC50,7.71
853884,C[C@H]1C[C@H](C[C@@H](N)C1=O)c2ccncc2NC(=O)c3ccc(F)c(n3)c4c(F)cccc4F,CHEMBL3687424,IC50,7.71
853893,C[C@@H]1C[C@H](N)CN(C1)c2ccncc2Nc3cccc4cnc(nc34)c5c(F)cccc5F,CHEMBL3685747,IC50,7.72
853902,Nc1sc(nc1C(=O)Nc2cnn(CCF)c2)c3c(F)cccc3F,CHEMBL3652646,Ki,7.72
853911,COC(=O)N[C@H]1[C@@H](C)C[C@H](C[C@H]1N)c2ccncc2NC(=O)c3nc(ccc3N)c4cc(ccc4F)C(=O)NC(C)C,CHEMBL3691983,IC50,7.74
853920,CC(C)OC(=O)N[C@H]1[C@@H](C)C[C@H](C[C@H]1N)c2ccncc2NC(=O)c3ccc(F)c(n3)c4c(F)cccc4F,CHEMBL3687422,IC50,7.75
853930,CN1C[C@@H]2CC[C@H]1CN2CC3=Nc4c(oc5ccc(Br)cc45)C(=O)N3,CHEMBL2035636,IC50,7.75
853940,COC1CCN(CC1N)c2ccncc2NC(=O)c3csc(n3)c4c(F)cccc4F,CHEMBL3676263,IC50,7.75
853950,COc1ccc2C(=O)\C(=C\c3n[nH]c4ncccc34)\Oc2c1CN5CCNC[C@H]5C,CHEMBL3735628,IC50,7.75
853960,C[C@H]1C[C@H](C[C@@H](N)[C@H]1F)c2ccncc2NC(=O)c3csc(n3)c4c(F)cccc4F,CHEMBL3676311,IC50,7.75
853969,C[C@H]1C[C@H](C[C@@H](N)[C@H]1S(=O)(=O)C)c2ccncc2NC(=O)c3ccc(F)c(n3)c4c(F)cc(cc4F)C5(F)CCOCC5,CHEMBL3687520,IC50,7.75
26212,C[C@]12O[C@H](C[C@]1(O)CO)n3c4ccccc4c5c6C(=O)NCc6c7c8ccccc8n2c7c35,CHEMBL603469,Kd,7.75
853981,Clc1ccccc1C2=Nc3c(oc4ccc(Br)cc34)C(=O)N2,CHEMBL2035603,IC50,7.75
853992,FC(F)(F)c1cccc(c1)n2nnc3ccc(NC4CC5(CCNCC5)C4)nc23,CHEMBL1952137,IC50,7.75
854002,N[C@@H]1CN(CC[C@@H]1O)c2ccncc2Nc3cccc4cnc(nc34)c5c(F)cccc5F,CHEMBL3685735,IC50,7.75
854011,N[C@H]1CCCN(C1)c2ccncc2Nc3cccc4cnc(nc34)c5ccccc5F,CHEMBL3685750,IC50,7.75
854021,Nc1nnc(s1)c2ccc3[nH]cc(c4cccc(OC5CCCCC5)n4)c3c2,CHEMBL3394169,IC50,7.75
854031,C[C@H]1C[C@H](C[C@@H](N)[C@@H]1O)c2ccncc2NC(=O)c3ccc(F)c(n3)c4cc(ccc4F)C(F)(F)F,CHEMBL3652020,IC50,7.77
854041,Clc1ccc(C2=Nc3c(oc4ccc(Br)cc34)C(=O)N2)c(Cl)c1,CHEMBL2035624,IC50,7.77
854051,COCCOc1cc(F)c(c(F)c1)c2nc(ccc2F)C(=O)Nc3cnccc3[C@@H]4C[C@H](C)[C@H](NC(=O)OC)[C@H](N)C4,CHEMBL3687516,IC50,7.78
854060,CC1CC(N)CN(C1)c2ccncc2NC(=O)c3csc(n3)C4CCCCC4,CHEMBL3676276,IC50,7.8
854070,CN1CCCN(CC1)C(=O)c2cccc(c2)c3oc(\C=C/4\C(=O)Nc5ccc(Cl)cc45)cc3,CHEMBL2037200,IC50,7.8
854080,COCC(=O)N[C@H]1[C@@H](C)C[C@H](C[C@H]1N)c2ccncc2NC(=O)c3ccc(F)c(n3)c4c(F)cccc4F,CHEMBL3687415,IC50,7.8
854089,CO\N=C\1/[C@@H](C)C[C@H](C[C@H]1N)c2ccncc2NC(=O)c3ccc(F)c(n3)c4c(F)cccc4F,CHEMBL3687425,IC50,7.8
854098,C[C@H]1C[C@H](C[C@@H](N)[C@H]1NC(=O)C)c2ccncc2NC(=O)c3ccc(F)c(n3)c4c(F)cccc4F,CHEMBL3687436,IC50,7.8
854108,FC(F)(F)Oc1cccc(c1)n2nnc3cc(Cl)c(NCC4CCNCC4)nc23,CHEMBL1952144,IC50,7.8
854118,N[C@H]1CCCN(C1)c2ccncc2Nc3cccc4cnc(nc34)c5c(F)cccc5F,CHEMBL3685749,IC50,7.8
854127,C[C@H]1C[C@H](C[C@@H](N)[C@H]1O)c2ccncc2NC(=O)c3csc(n3)c4c(F)cccc4F,CHEMBL3676299,IC50,7.82
854137,N[C@H]1CCCN(C1)c2ccncc2NC(=O)c3nc(Oc4ccccc4)ccc3N,CHEMBL3103859,Ki,7.82
854148,Nc1cc(nc(N)n1)c2ccncc2NC(=O)c3nc(ccc3N)c4ccccc4F,CHEMBL3792905,Ki,7.82
854159,Nc1nnc(s1)c2ccc3[nH]cc(c4cccc(n4)N5CCCC5)c3c2,CHEMBL3394066,IC50,7.82
854169,C[C@H]1C[C@H](C[C@@H](N)[C@H]1C#N)c2ccncc2NC(=O)c3ccc(F)c(n3)c4c(F)cccc4F,CHEMBL3687478,IC50,7.83
854178,CCOC(=O)N[C@H]1[C@@H](C)C[C@H](C[C@H]1N)c2ccncc2NC(=O)c3ccc(F)c(n3)c4c(F)cccc4F,CHEMBL3687421,IC50,7.85
854187,C[C@H]1C[C@H](C[C@@H](N)[C@H]1n2ccnn2)c3ccncc3NC(=O)c4ccc(F)c(n4)c5c(F)cc(cc5F)C6(F)CCOCC6,CHEMBL3691979,IC50,7.85
854197,Fc1cccc(F)c1c2ccc3[nH]nc(c4cncc(O[C@@H]5CNCCC56CC6)n4)c3c2,CHEMBL3393707,IC50,7.85
854208,N[C@H]1CCC[C@H](C1)c2ccncc2NC(=O)c3nc(ccc3N)C4CCCCC4,CHEMBL3652000,IC50,7.85
854218,Fc1ccc(Cl)c(c1)C2=Nc3c(oc4ccc(Br)cc34)C(=O)N2,CHEMBL2035621,IC50,7.89
854228,N[C@H]1C[C@@H](O)CN(C1)c2ccncc2NC(=O)c3csc(n3)c4c(F)cccc4F,CHEMBL3676261,IC50,7.89
854238,O=Cc1cn2CCCCn3c4ccccc4c5ccc1c2c35,CHEMBL1950228,IC50,7.89
854248,COC(=O)N[C@H]1[C@@H](C)C[C@H](C[C@H]1N)c2ccncc2NC(=O)c3ccc(F)c(n3)c4c(F)cc(cc4F)C5(O)CCC5,CHEMBL3691951,IC50,7.9
854258,Brc1cccc2[nH]c3c(ccc4c(C=O)c[nH]c34)c12,CHEMBL1240961,IC50,7.91
854268,C[C@H]1C[C@H](C[C@@H](N)[C@@H]1[S+](C)[O-])c2ccncc2NC(=O)c3ccc(F)c(n3)c4c(F)cccc4F,CHEMBL3687442,IC50,7.91
854278,Brc1ccc2oc3C(=O)NC(=Nc3c2c1)CN4CCCC4,CHEMBL2030389,IC50,7.92
854288,CCOCc1cc(F)c(c(F)c1)c2nc(ccc2F)C(=O)Nc3cnccc3[C@@H]4C[C@H](C)[C@@H]([C@H](N)C4)S(=O)(=O)C,CHEMBL3687526,IC50,7.92
854301,CN(C)C[C@@H]1CCn2cc(C3=C(C(=O)NC3=O)c4cn(CCO1)c5ccccc45)c6ccccc26,CHEMBL91829,Kd,7.92
854312,CN1CCN(C[C@@H](NC(=O)C[C@H]2CNC(=O)c3cc(cn23)c4cccc(Cl)c4)C5CCCCC5)CC1,CHEMBL3297762,IC50,7.92
854322,C[C@@H]1C[C@H](N)C[C@@H](C1)c2ccncc2NC(=O)c3nc(ccc3F)c4ccc(O)cc4F,CHEMBL3651935,IC50,7.92
854331,C[C@H]1C[C@H](C[C@@H](N)[C@@H]1O)c2ccncc2NC(=O)c3nc(ccc3N)C4CCCCC4,CHEMBL3639508,IC50,7.92
854340,NC1CN(CCC1Cl)c2ccncc2NC(=O)c3csc(n3)c4c(F)cccc4F,CHEMBL3676274,IC50,7.92
854349,N[C@@H]1C[C@@H](CC[C@H]1O)c2ccncc2NC(=O)c3csc(n3)c4c(F)cccc4F,CHEMBL3676295,IC50,7.92
854358,N[C@H]1CCC[C@H](C1)c2ccncc2NC(=O)c3ccc(F)c(n3)c4cc(F)cc(F)c4F,CHEMBL3651910,IC50,7.92
854368,Nc1ccc(cn1)c2ccncc2NC(=O)c3nc(ccc3N)c4ccccc4F,CHEMBL3793600,Ki,7.92
854379,Oc1ccc(cc1)c2ccc3c(n[nH]c3n2)c4ccc(cc4)N5CCNCC5,CHEMBL1910893,IC50,7.92
854389,CC(C)NC(=O)c1ccc(F)c(c1)c2ccc(N)c(n2)C(=O)Nc3cnccc3[C@@H]4C[C@H](C)[C@@H]([C@H](N)C4)S(=O)(=O)C,CHEMBL3687519,IC50,7.95
854399,CN(C)c1cccc(c1)n2nnc3ccc(NCC4CCNCC4)nc23,CHEMBL1952134,IC50,7.96
854410,CN1CCN(CC2=Nc3c(oc4ccc(Br)cc34)C(=O)N2)CC1,CHEMBL2035633,IC50,7.96
854421,CN1CCN(CC2=Nc3c(oc4ccc(I)cc34)C(=O)N2)CC1,CHEMBL2035640,IC50,7.96
854431,C[C@H]1C[C@H](C[C@@H](N)/C/1=N\O)c2ccncc2NC(=O)c3ccc(F)c(n3)c4c(F)cccc4F,CHEMBL3687419,IC50,7.96
854441,Clc1ccc(Cl)c2c3N=CNC(=O)c3sc12,CHEMBL583144,Ki,7.96
854477,Fc1cccc(F)c1c2nc(cs2)C(=O)Nc3cnccc3OC4CCCCC4,CHEMBL3354514,IC50,7.96
854487,N[C@@H]1C[C@@H](CC[C@@H]1O)c2ccncc2NC(=O)c3csc(n3)c4c(F)cccc4F,CHEMBL3676293,IC50,7.96
854496,N[C@@H]1C[C@@H](C[C@@H](C1)C(F)(F)F)c2ccncc2NC(=O)c3ccc(F)c(n3)C4CCCCC4,CHEMBL3652005,IC50,7.96
854506,N[C@H]1CCN(CC2=Nc3c(oc4ccc(Br)cc34)C(=O)N2)C1,CHEMBL2030387,IC50,7.96
854517,Nc1nnc(s1)c2ccc3[nH]cc(c4cncc(OC5CCCC5)n4)c3c2,CHEMBL3394172,IC50,7.96
854528,OC1CN(CC2=Nc3c(oc4ccc(Br)cc34)C(=O)N2)C1,CHEMBL2035638,IC50,7.96
854538,COC(=O)N(C)[C@H]1[C@@H](C)C[C@H](C[C@H]1N)c2ccncc2NC(=O)c3ccc(F)c(n3)c4c(F)cccc4F,CHEMBL3687470,IC50,7.97
854547,COC(=O)N(C)[C@H]1[C@@H](C)C[C@H](C[C@H]1N)c2ccncc2NC(=O)c3ccc(F)c(n3)c4c(F)cc(C)cc4F,CHEMBL3687463,IC50,7.98
854556,C[C@H]1C[C@H](C[C@@H](N)[C@H]1OCCS(=O)(=O)C)c2ccncc2NC(=O)c3csc(n3)c4c(F)cccc4F,CHEMBL3691917,IC50,7.98
854565,C[C@H]1C[C@H](C[C@@H](N)[C@H]1S(=O)(=O)C)c2ccncc2NC(=O)c3ccc(F)c(n3)c4c(F)cc(cc4F)C5(O)CCOCC5,CHEMBL3687530,IC50,7.98
854574,CO[C@@H]1[C@@H](C)C[C@H](C[C@H]1N)c2ccncc2NC(=O)c3csc(n3)c4c(F)cccc4F,CHEMBL3691918,IC50,7.99
854584,Brc1ccc2oc3C(=O)NC(=Nc3c2c1)CN4CCC4,CHEMBL2035632,IC50,8.0
854595,CC(C)(C)[C@H](N)COc1cncc(n1)c2ccc3[nH]cc(c4ccc(N)nc4F)c3c2,CHEMBL1910913,IC50,8.0
854606,CCN(CC)CCNc1cncc(n1)c2ccc3[nH]cc(c4ccnc(N)n4)c3c2,CHEMBL3264258,IC50,8.0
854617,COc1cccc(\C=C\2/SC(=O)NC2=O)c1N3CCC[C@@H](N)C3,CHEMBL2048868,IC50,8.0
854628,Fc1cccc(F)c1c2nc3c(Nc4cnccc4O[C@H]5CCNC5)cccc3s2,CHEMBL3354522,IC50,8.0
854639,N[C@@H]1CCCN(C1)c2c(Br)cccc2\C=C\3/SC(=O)NC3=O,CHEMBL2048867,IC50,8.0
854651,O=Cc1c[nH]c2c1ccc3c4ccccc4[nH]c23,CHEMBL583972,IC50,8.0
854661,O[C@H]1CCN(CC2=Nc3c(oc4ccc(Br)cc34)C(=O)N2)C1,CHEMBL2030376,IC50,8.0
854671,COC(=O)N[C@H]1[C@@H](C)C[C@H](C[C@H]1N)c2ccncc2NC(=O)c3ccc(F)c(n3)c4c(F)cc(OC)cc4F,CHEMBL3691975,IC50,8.01
854680,COC(=O)N[C@H]1[C@@H](C)C[C@H](C[C@H]1N)c2ccncc2NC(=O)c3ccc(F)c(n3)c4c(F)cc(OC5CCOCC5)cc4F,CHEMBL3691954,IC50,8.01
854690,CN1C[C@@H]2C[C@H]1CN2CC3=Nc4c(oc5ccc(Br)cc45)C(=O)N3,CHEMBL2035635,IC50,8.05
854700,C[C@@H]1CN(C[C@@H](N)[C@H]1O)c2ccncc2NC(=O)c3csc(n3)c4c(F)cccc4F,CHEMBL3676291,IC50,8.05
854709,C[C@H]1CN(C[C@@H](N)[C@@H]1O)c2ccncc2NC(=O)c3ccc(F)c(n3)c4cccnc4,CHEMBL3652012,IC50,8.05
854718,C[C@H]1C[C@H](C[C@@H](N)[C@@H]1O)c2ccncc2NC(=O)c3ccc(F)c(n3)c4cc(O)ccc4F,CHEMBL3651901,IC50,8.05
854727,C[C@H]1C[C@H](C[C@@H](N)[C@H]1N=[N+]=[N-])c2ccncc2NC(=O)c3ccc(F)c(n3)c4c(F)cccc4F,CHEMBL3687440,IC50,8.05
854737,Cc1n[nH]c2cnc(cc12)c3cncc(n3)N4CCC(N)CC4,CHEMBL3634778,Ki,8.05
854749,N[C@@H]1CCCN(C1)c2c(\C=C\3/SC(=O)NC3=O)cccc2c4ccccc4,CHEMBL2048872,IC50,8.05
854760,N[C@@H]1CCCN(C1)c2ccccc2\C=C\3/SC(=O)NC3=O,CHEMBL2048865,IC50,8.05
854770,N[C@H]1CCC[C@H](C1)c2ccncc2NC(=O)c3ccc(F)c(n3)c4ccc(F)cc4F,CHEMBL3651978,IC50,8.05
854779,N[C@H]1CCC[C@H](C1)c2ccncc2NC(=O)c3cccc(n3)c4cc(F)cc(F)c4F,CHEMBL3651944,IC50,8.05
854788,N[C@H]1CCC[C@H](C1)c2ccncc2NC(=O)c3nc(c(F)cc3N)c4ccncc4F,CHEMBL3652028,IC50,8.05
854798,Nc1nnc(s1)c2ccc3[nH]cc(c4cncc(n4)N5CCCC5)c3c2,CHEMBL3394072,IC50,8.05
854808,C[C@H]1C[C@H](C[C@@H](N)[C@H]1OS(=O)(=O)C)c2ccncc2NC(=O)c3ccc(F)c(n3)c4c(F)cccc4F,CHEMBL3687450,IC50,8.06
854817,Cn1cc(NC(=O)c2nc(sc2N)c3c(F)cccc3F)cn1,CHEMBL3652620,Ki,8.06
854826,CC(C)NC(=O)c1ccc(F)c(c1)c2nc(cs2)C(=O)Nc3cnccc3N4CCC[C@H](N)C4,CHEMBL3676304,IC50,8.08
854835,CO[C@@H]1[C@@H](C)C[C@H](C[C@H]1N)c2ccncc2NC(=O)c3nc(ncc3N)c4c(F)cccc4F,CHEMBL3687480,IC50,8.09
854845,Brc1ccc2oc3C(=O)NC(=Nc3c2c1)c4ccc(NCC5CCNCC5)cc4,CHEMBL2035630,IC50,8.1
854856,CCOc1cncc(n1)c2c[nH]c3ccc(cc23)c4nnc(N)s4,CHEMBL3394170,IC50,8.1
854866,COC(=O)N[C@H]1[C@@H](C)C[C@H](C[C@H]1N)c2ccncc2NC(=O)c3ccc(F)c(n3)c4c(F)cc(OC(C)C)cc4F,CHEMBL3691933,IC50,8.1
854875,C[C@@H]1C[C@H](C[C@@H](N)[C@H]1O)c2ccncc2NC(=O)c3ccc(F)c(n3)c4c(F)cccc4F,CHEMBL3652026,IC50,8.1
854884,C[C@@H]1C[C@H](O)C[C@@H](C1)c2ccncc2NC(=O)c3csc(n3)c4c(F)cccc4F,CHEMBL3676287,IC50,8.1
854893,C[C@H]1C[C@H](C[C@@H](N)[C@@H]1O)c2ccncc2NC(=O)c3csc(n3)c4c(F)cccc4F,CHEMBL3676297,IC50,8.1
854902,C[C@H]1C[C@H](C[C@@H](N)[C@@H]1O)c2ccncc2NC(=O)c3nc(c(F)cc3N)c4c(F)cccc4F,CHEMBL3652024,IC50,8.1
854912,Clc1cc(CNC2CCNCC2)ccc1C3=Nc4c(oc5ccc(Br)cc45)C(=O)N3,CHEMBL2035628,IC50,8.1
854923,Clc1cccc(C2=Nc3c(oc4ccc(Br)cc34)C(=O)N2)c1Cl,CHEMBL2035623,IC50,8.1
854934,NCc1ccc(C2=Nc3c(oc4ccc(Br)cc34)C(=O)N2)c(Cl)c1,CHEMBL2035626,IC50,8.1
854944,N[C@H]1C[C@@H](F)CN(C1)c2ccncc2NC(=O)c3csc(n3)c4c(F)cccc4F,CHEMBL3676267,IC50,8.1
854953,N[C@H]1C[C@H](F)CN(C1)c2ccncc2NC(=O)c3csc(n3)c4c(F)cccc4F,CHEMBL3676273,IC50,8.1
854963,CN(C)CCN(C)c1cncc(n1)c2ccc3[nH]cc(c4ccnc(N)n4)c3c2,CHEMBL3264261,IC50,8.11
854973,CO[C@@H]1[C@@H](C)C[C@H](C[C@H]1N)c2ccncc2NC(=O)c3nc(ccc3N)c4cc(ccc4F)C(=O)NC(C)C,CHEMBL3687535,IC50,8.11
854982,CC(C)NC(=O)c1ccc(F)c(c1)c2ccc(N)c(n2)C(=O)Nc3cnccc3[C@@H]4C[C@H](C)[C@@H]([C@H](N)C4)n5ccnn5,CHEMBL3691980,IC50,8.16
854991,CC1CC(O)C=C(C1)c2ccncc2NC(=O)c3ccc(F)c(n3)c4c(F)cccc4F,CHEMBL3652029,IC50,8.16
855000,CCCOc1ccc(F)c(c1)c2cccc(n2)C(=O)Nc3cnccc3[C@@H]4CC[C@H](O)[C@H](N)C4,CHEMBL3651980,IC50,8.16
855009,CCc1ccc(F)c(c1F)c2cccc(n2)C(=O)Nc3cnccc3[C@@H]4CCC[C@H](N)C4,CHEMBL3651915,IC50,8.16
855018,CCc1ccc(F)c(c1F)c2cccc(n2)C(=O)Nc3cnccc3[C@@H]4CC[C@H](O)[C@H](N)C4,CHEMBL3651914,IC50,8.16
855027,C[C@@H]1C[C@@H](C[C@@H](N)[C@H]1O)c2ccncc2NC(=O)c3nc(ccc3N)c4c(F)cccc4F,CHEMBL3651991,IC50,8.16
855036,C[C@@H]1C[C@H](N)C[C@@H](C1)c2ccncc2NC(=O)c3nc(c(F)cc3N)c4c(F)cccc4F,CHEMBL3651947,IC50,8.16
855045,C[C@H]1CN(C[C@@H](N)[C@@H]1O)c2ccncc2NC(=O)c3ccc(F)c(n3)c4ccncc4,CHEMBL3652014,IC50,8.16
855055,FC(F)(F)Oc1cccc(c1)n2nnc3ccc(NCC4CCNCC4)nc23,CHEMBL1952113,IC50,8.16
855066,Fc1cccc(F)c1c2ccc3[nH]nc(c4cncc(n4)N5CCCNCC5)c3c2,CHEMBL3393694,IC50,8.16
855077,Fc1cccc(F)c1c2nc(cs2)C(=O)Nc3cnccc3OCC4CCOCC4,CHEMBL3354516,IC50,8.16
855087,N[C@H]1CCC[C@H](C1)c2ccncc2NC(=O)c3nc(ccc3F)c4c(F)cccc4F,CHEMBL3651976,IC50,8.16
855097,Nc1ncc(s1)c2ccc3[nH]nc(c4cnc5ccccc5c4)c3c2,CHEMBL3394059,IC50,8.16
855107,COCCS(=O)(=O)[C@H]1[C@@H](C)C[C@H](C[C@H]1N)c2ccncc2NC(=O)c3ccc(F)c(n3)c4c(F)cccc4F,CHEMBL3687432,IC50,8.17
855116,COC(=O)N[C@H]1[C@@H](C)C[C@H](C[C@H]1N)c2ccncc2NC(=O)c3ccc(F)c(n3)c4c(F)cc(C)cc4F,CHEMBL3691964,IC50,8.18
855126,CC(N1CCNCC1)c2c(OCCO)ccc3C(=O)\C(=C\c4n[nH]c5ncccc45)\Oc23,CHEMBL3735412,IC50,8.19
855137,CN(C)CCNc1cncc(n1)c2ccc3[nH]cc(c4ccnc(N)n4)c3c2,CHEMBL3264257,IC50,8.19
855147,C[C@H]1CN(C[C@@H](N)[C@H]1C#N)c2ccncc2NC(=O)c3ccc(F)c(n3)c4c(F)cc(C)cc4F,CHEMBL3687465,IC50,8.2
855156,Cn1ncc(NC(=O)c2nc(sc2N)c3c(F)cccc3F)c1C4CCNCC4,CHEMBL3652644,Ki,8.21
855166,CC(C)[C@H](N)COc1cncc(n1)c2ccc3[nH]cc(c4ccc(N)nc4F)c3c2,CHEMBL1910912,IC50,8.22
855176,CC1(C)C[C@H](N)C[C@@H](C1)c2ccncc2NC(=O)c3ccc(F)c(n3)c4ccc(O)cc4F,CHEMBL3651906,IC50,8.22
855186,CCOc1cccc(\C=C\2/SC(=O)NC2=O)c1N3CCC[C@@H](N)C3,CHEMBL2048869,IC50,8.22
855196,CCc1ccc(F)c(c1F)c2cccc(n2)C(=O)Nc3cnccc3[C@@H]4C[C@H](C)C[C@H](N)C4,CHEMBL3651917,IC50,8.22
855205,CCc1ccc(F)c(c1F)c2cccc(n2)C(=O)Nc3cnccc3[C@@H]4C[C@H](C)[C@@H](O)[C@H](N)C4,CHEMBL3651911,IC50,8.22
855214,C[C@@H]1C[C@@H](C[C@H](N)[C@H]1O)c2ccncc2NC(=O)c3nc(ccc3N)c4c(F)cccc4F,CHEMBL3651990,IC50,8.22
855223,C[C@@H]1C[C@H](C[C@@H](O)[C@H]1O)c2ccncc2NC(=O)c3ccc(F)c(n3)c4c(F)cccc4F,CHEMBL3652030,IC50,8.22
855232,C[C@@H]1C[C@H](N)C[C@@H](C1)c2ccncc2NC(=O)c3nc(ccc3F)c4c(F)cccc4F,CHEMBL3651965,IC50,8.22
855241,C[C@@H]1C[C@H](O)C[C@@H](C1)c2ccncc2NC(=O)c3ccc(F)c(n3)c4c(F)cccc4F,CHEMBL3651898,IC50,8.22
855250,C[C@H]1C[C@H](C[C@@H](N)[C@H]1O)c2ccncc2NC(=O)c3nc(c(F)cc3N)c4c(F)cccc4F,CHEMBL3652025,IC50,8.22
855260,FC(F)(F)c1cccc2c3ccc4c(C=O)c[nH]c4c3[nH]c12,CHEMBL1243129,IC50,8.22
855271,Fc1cccc(F)c1c2ccc3[nH]nc(c4cncc(NC5CNC5)n4)c3c2,CHEMBL3393700,IC50,8.22
855282,Fc1cccc(F)c1c2ccc3[nH]nc(c4cncc(n4)N5CCNCC5)c3c2,CHEMBL3393695,IC50,8.22
855292,NC1CCCC(=C1)c2ccncc2NC(=O)c3nc(ccc3N)c4c(F)cccc4F,CHEMBL3652001,IC50,8.22
855302,NC1CCN(C1)c2cncc(n2)c3n[nH]c4ccc(cc34)c5c(F)cccc5F,CHEMBL3393693,IC50,8.22
855313,N[C@@H]1CCN(CC2=Nc3c(oc4ccc(Br)cc34)C(=O)N2)C1,CHEMBL2030388,IC50,8.22
855323,N[C@@H]1C[C@@H](CC[C@@H]1O)c2ccncc2NC(=O)c3nc(c(F)cc3N)c4c(F)cccc4F,CHEMBL3651961,IC50,8.22
855333,N[C@H]1CCCN(C1)c2ccncc2c3cc4c(n[nH]c4cn3)c5ccccc5F,CHEMBL3634793,Ki,8.22
855343,N[C@H]1CCC[C@H](C1)c2ccncc2NC(=O)c3nc(ccc3F)c4cc(O)ccc4F,CHEMBL3651930,IC50,8.22
855353,Nc1cncc(n1)c2ccncc2NC(=O)c3nc(ccc3N)c4ccccc4F,CHEMBL3792474,Ki,8.22
855364,Nc1nnc(s1)c2ccc3[nH]cc(c4cccc(n4)N5CCOCC5)c3c2,CHEMBL3394067,IC50,8.22
855374,C[C@H]1CN(C[C@@H](N)[C@H]1C#N)c2ccncc2NC(=O)c3ccc(F)c(n3)c4c(F)cccc4F,CHEMBL3687467,IC50,8.24
855383,C[C@H]1C[C@H](C[C@@H](N)[C@H]1S(=O)(=O)C)c2ccncc2NC(=O)c3ccc(F)c(n3)c4c(F)cc(cc4F)C5(O)CCC5,CHEMBL3687518,IC50,8.24
855392,Cn1ncc(NC(=O)c2nc(sc2N)c3c(F)cccc3F)c1NCC4CCNCC4,CHEMBL3652622,Ki,8.24
855401,C[C@H]1C[C@H](C[C@@H](N)[C@H]1OCCS(=O)(=O)C)c2ccncc2NC(=O)c3ccc(F)c(n3)c4c(F)cc(cc4F)C5(F)CCOCC5,CHEMBL3691913,IC50,8.26
855410,CO[C@H]1[C@@H](C)C[C@H](C[C@H]1N)c2ccncc2NC(=O)c3csc(n3)c4c(F)cccc4F,CHEMBL3687460,IC50,8.27
855419,CO[C@H]1[C@@H](C)C[C@H](C[C@H]1N)c2ccncc2NC(=O)c3nc(ncc3N)c4c(F)cccc4F,CHEMBL3687489,IC50,8.27
855428,C[C@H]1C[C@H](C[C@@H](N)[C@H]1S(=O)(=O)C)c2ccncc2NC(=O)c3ccc(F)c(n3)c4c(F)cc(OC5CCOCC5)cc4F,CHEMBL3687517,IC50,8.27
855438,Oc1cc(nc2c(cnn12)C(=O)Nc3ccc(F)cc3)C4CCNCC4,CHEMBL2387466,Ki,8.27
855448,CN1CCC(CC1)c2c(NC(=O)c3nc(sc3N)c4c(F)cccc4F)cnn2C,CHEMBL3652642,Ki,8.28
855457,COCCOc1cc(F)c(c(F)c1)c2nc(ccc2F)C(=O)Nc3cnccc3[C@@H]4C[C@H](C)[C@@H]([C@H](N)C4)S(=O)(=O)C,CHEMBL3687528,IC50,8.28
855466,CS[C@@H]1[C@@H](C)C[C@H](C[C@H]1N)c2ccncc2NC(=O)c3ccc(F)c(n3)c4c(F)cccc4F,CHEMBL3687445,IC50,8.28
855475,CO\N=C/1\[C@@H](C)C[C@H](C[C@H]1N)c2ccncc2NC(=O)c3ccc(F)c(n3)c4c(F)cccc4F,CHEMBL3687426,IC50,8.29
855484,C[C@H]1C[C@H](C[C@@H](N)[C@H]1n2ccnn2)c3ccncc3NC(=O)c4ccc(F)c(n4)c5c(F)cc(cc5F)C6(O)CCOCC6,CHEMBL3691963,IC50,8.29
855493,CC(=O)O[C@H]1CC[C@H](C[C@H]1N)c2ccncc2NC(=O)c3nc(ccc3N)c4c(F)cccc4F,CHEMBL3651995,IC50,8.3
855503,CC(C)Nc1cccc(n1)c2c[nH]c3ccc(cc23)c4nnc(N)s4,CHEMBL3394068,IC50,8.3
855513,CC1CC(N)CN(C1)c2ccncc2NC(=O)c3csc(n3)c4c(F)cccc4F,CHEMBL3676270,IC50,8.3
855522,CC1CCN(CC1N)c2ccncc2NC(=O)c3csc(n3)c4c(F)cccc4F,CHEMBL3676275,IC50,8.3
855531,CCCOc1ccc(F)c(c1)c2nc(ccc2F)C(=O)Nc3cnccc3[C@@H]4CC[C@H](O)[C@H](N)C4,CHEMBL3651960,IC50,8.3
855541,CC[C@H](N)COc1cncc(n1)c2ccc3[nH]cc(c4ccc(N)nc4F)c3c2,CHEMBL1910911,IC50,8.3
855551,CCc1ccc(F)c(c1F)c2cccc(n2)C(=O)Nc3cnccc3[C@@H]4C[C@H](C)[C@H](O)[C@H](N)C4,CHEMBL3651913,IC50,8.3
855560,CO[C@H]1[C@@H](C)C[C@H](C[C@H]1N)c2ccncc2NC(=O)c3ccc(F)c(n3)c4c(F)cc(cc4F)C5(F)CCOCC5,CHEMBL3687506,IC50,8.3
855569,C[C@@H]1C[C@H](C[C@@H](N)[C@H]1O)c2ccncc2NC(=O)c3nc(ccc3N)c4c(F)cccc4F,CHEMBL3651992,IC50,8.3
855578,C[C@@H]1C[C@H](N)C[C@@H](C1)c2ccncc2NC(=O)c3cccc(n3)c4ccc(O)cc4F,CHEMBL3651933,IC50,8.3
855587,C[C@@H]1C[C@H](N)C[C@@H](C1)c2ccncc2NC(=O)c3csc(n3)c4c(F)ccc(F)c4F,CHEMBL3676308,IC50,8.3
855596,C[C@H]1C[C@H](C[C@@H](N)[C@H]1O)c2ccncc2NC(=O)c3nc(ccc3N)c4c(F)cccc4F,CHEMBL3651989,IC50,8.3
855605,C[C@H]1C[C@H](C[C@@H](N)[C@H]1S(=O)(=O)C)c2ccncc2NC(=O)c3ccc(F)c(n3)c4c(F)cccc4F,CHEMBL3687447,IC50,8.3
855614,Cc1ccc(F)c(c1F)c2cccc(n2)C(=O)Nc3cnccc3[C@@H]4CC[C@H](O)[C@H](N)C4,CHEMBL3651937,IC50,8.3
855624,Clc1cc(NC(=O)CCN2CCCCC2)ccc1C3=Nc4c(oc5ccc(Br)cc45)C(=O)N3,CHEMBL2035629,IC50,8.3
855634,Cn1ncc(NC(=O)c2nc(ccc2N)c3ccccc3F)c1OC4CCNCC4,CHEMBL3652629,Ki,8.3
855644,Fc1cccc(F)c1c2ccc3[nH]nc(c4cncc(OC5CCCNC5)n4)c3c2,CHEMBL3393702,IC50,8.3
855655,Fc1cccc(F)c1c2nc(cs2)C(=O)Nc3cnccc3OC4CCOCC4,CHEMBL3354515,IC50,8.3
855666,Fc1cccc(F)c1c2nc(cs2)c3ccc4nccc(N5CCNCC5)c4c3,CHEMBL3354523,IC50,8.3
855676,NC1C=C(CCC1O)c2ccncc2NC(=O)c3nc(ccc3N)c4c(F)cccc4F,CHEMBL3651987,IC50,8.3
855686,N[C@@H](COc1cncc(n1)c2ccc3[nH]cc(c4ccc(N)nc4F)c3c2)c5ccccc5,CHEMBL1910915,IC50,8.3
855696,N[C@@H]1C=C(CC[C@@H]1O)c2ccncc2NC(=O)c3nc(ccc3N)c4c(F)cccc4F,CHEMBL3651988,IC50,8.3
855706,N[C@@H]1CC[C@H](CC1)Oc2cncc(n2)c3ccc4[nH]cc(c5ccc(N)nc5F)c4c3,CHEMBL1910907,IC50,8.3
855716,N[C@@H]1CN(CC[C@H]1F)c2ccncc2NC(=O)c3csc(n3)c4c(F)cccc4F,CHEMBL3676260,IC50,8.3
855725,N[C@@H]1C[C@@H](CC[C@@H]1O)c2ccncc2NC(=O)c3ccc(F)c(n3)c4c(F)cccc4F,CHEMBL3651984,IC50,8.3
855734,N[C@@H]1C[C@@H](CC[C@@H]1O)c2ccncc2NC(=O)c3ccc(F)c(n3)c4ccccc4F,CHEMBL3651983,IC50,8.3
855743,N[C@@H]1C[C@@H](CC[C@@H]1O)c2ccncc2NC(=O)c3cccc(n3)c4ccccc4F,CHEMBL3651979,IC50,8.3
855753,N[C@H]1CCCN(C1)c2ccncc2NC(=O)c3nc(ccc3N)c4ccncc4,CHEMBL3103862,Ki,8.3
855763,N[C@H]1CCC[C@H](C1)c2ccncc2NC(=O)c3ccc(F)c(n3)c4cc(F)ccc4F,CHEMBL3651977,IC50,8.3
855773,N[C@H]1CCN(C1)c2cc(Cl)ccc2\C=C\3/SC(=O)NC3=O,CHEMBL2046468,IC50,8.3
855783,N[C@H]1C[C@@H](CC[C@@H]1O)c2ccncc2NC(=O)c3nc(ccc3N)c4c(F)cccc4F,CHEMBL3651998,IC50,8.3
855793,Nc1cc(ncn1)c2ccncc2NC(=O)c3nc(ccc3N)c4c(F)cccc4F,CHEMBL3793221,Ki,8.3
855804,Nc1ccc(nc1C(=O)Nc2cnccc2c3ccnc(N)n3)c4c(F)cccc4F,CHEMBL3793267,Ki,8.3
855815,Nc1nnc(s1)c2ccc3[nH]cc(c4cccc(NC5CCCC5)n4)c3c2,CHEMBL3394069,IC50,8.3
855826,Nc1nnc(s1)c2ccc3[nH]cc(c4cccc(OC5CCCC5)n4)c3c2,CHEMBL3394168,IC50,8.3
855837,c1ccc(cc1)c2n[nH]c3cnc(cc23)c4cccnc4,CHEMBL3634790,Ki,8.3
855847,N[C@H]1CCCN(C1)c2[nH]ncc2NC(=O)c3nc(sc3N)c4c(F)cccc4F,CHEMBL3652621,Ki,8.31
855856,CCOCc1cc(F)c(c(F)c1)c2nc(ccc2F)C(=O)Nc3cnccc3[C@@H]4C[C@H](C)[C@@H]([C@H](N)C4)n5ccnn5,CHEMBL3691939,IC50,8.32
855865,CO[C@@H]1[C@@H](C)C[C@H](C[C@H]1N)c2ccncc2NC(=O)c3ccc(F)c(n3)c4c(F)cc(cc4F)C5(F)CCOCC5,CHEMBL3687536,IC50,8.35
855875,C1CN(CCN1)c2cccc(n2)c3n[nH]c4cnc(cc34)N5CCOCC5,CHEMBL3634765,Ki,8.36
855885,COc1cc(F)c(c(F)c1)c2nc(ccc2F)C(=O)Nc3cnccc3[C@@H]4C[C@H](C)[C@@H]([C@H](N)C4)S(=O)(=O)C,CHEMBL3687522,IC50,8.38
855894,N[C@H]1CCCN(C1)c2ccncc2NC(=O)c3csc(n3)c4ccccc4F,CHEMBL3676303,IC50,8.38
855903,CC(C)NC(=O)c1ccc(F)c(c1)c2ccc(N)c(n2)C(=O)Nc3cnccc3[C@@H]4C[C@H](C)[C@H](OCCS(=O)(=O)C)[C@H](N)C4,CHEMBL3687537,IC50,8.39
855912,CC1CC(O)C=C(C1)c2ccncc2NC(=O)c3nc(ccc3N)c4c(F)cccc4F,CHEMBL3651999,IC50,8.4
855921,CCCOc1ccc(F)c(c1)c2ccc(N)c(n2)C(=O)Nc3cnccc3[C@@H]4CC[C@H](O)[C@H](N)C4,CHEMBL3651964,IC50,8.4
855931,COc1ccc2C(=O)\C(=C\c3n[nH]c4ncccc34)\Oc2c1CN5CCN[C@H](C)C5,CHEMBL3736117,IC50,8.4
855941,C[C@@H]1CN(C[C@@H](N)[C@H]1O)c2ccncc2NC(=O)c3nc(ccc3N)c4c(F)cccc4F,CHEMBL3651997,IC50,8.4
855950,C[C@@H]1C[C@H](N)C[C@@H](C1)c2ccncc2NC(=O)c3ccc(F)c(n3)c4cc(F)ccc4F,CHEMBL3651957,IC50,8.4
855960,C[C@@H]1C[C@H](N)C[C@@H](C1)c2ccncc2NC(=O)c3csc(n3)c4c(F)cccc4F,CHEMBL3676300,Ki,8.4
855970,C[C@@H]1C[C@H](O)C[C@@H](C1)c2ccncc2NC(=O)c3nc(sc3N)c4c(F)cccc4F,CHEMBL3676288,IC50,8.4
855979,C[C@H]1C[C@H](C[C@@H](N)[C@@H]1O)c2ccncc2NC(=O)c3cccc(n3)c4c(F)ccc(C)c4F,CHEMBL3651926,IC50,8.4
855988,C[C@H]1C[C@H](C[C@@H](N)[C@H]1F)c2ccncc2NC(=O)c3ccc(F)c(n3)c4c(F)cccc4F,CHEMBL3652031,IC50,8.4
855997,C[C@H]1C[C@H](C[C@@H](N)[C@H]1O)c2ccncc2NC(=O)c3ccc(F)c(n3)c4cc(C)ccc4F,CHEMBL3651969,IC50,8.4
856006,C[C@H]1C[C@H](C[C@@H](N)[C@H]1O)c2ccncc2NC(=O)c3cccc(n3)c4c(F)ccc(C)c4F,CHEMBL3651927,IC50,8.4
856015,C[C@H]1C[C@H](C[C@@H](N)[C@H]1O)c2ccncc2NC(=O)c3cccc(n3)c4cc(C)ccc4F,CHEMBL3651970,IC50,8.4
856024,Cc1ccc(F)c(c1F)c2cccc(n2)C(=O)Nc3cnccc3[C@H]4C[C@@H](N)CC(C)(C)C4,CHEMBL3651908,IC50,8.4
856033,Cc1ccc(F)c(c1F)c2nc(ccc2F)C(=O)Nc3cnccc3[C@H]4C[C@@H](N)CC(C)(C)C4,CHEMBL3651907,IC50,8.4
856043,Fc1cccc(F)c1c2ccc3[nH]nc(c4cncc(OC5CNCCC5=C)n4)c3c2,CHEMBL3393703,IC50,8.4
856053,NC1CC(CF)CN(C1)c2ccncc2NC(=O)c3csc(n3)c4c(F)cccc4F,CHEMBL3676272,IC50,8.4
856062,NC1CC(CN(C1)c2ccncc2NC(=O)c3csc(n3)c4c(F)cccc4F)C(F)(F)F,CHEMBL3676271,IC50,8.4
856072,NC1CCCN(C1)c2cncc(n2)c3n[nH]c4ccc(cc34)c5c(F)cccc5F,CHEMBL3393722,IC50,8.4
856083,N[C@@H]1CCCN(C1)c2c(\C=C\3/SC(=O)NC3=O)cccc2c4ccncc4,CHEMBL2048873,IC50,8.4
856093,N[C@@H]1CN(CC(F)(F)C1)c2ccncc2NC(=O)c3csc(n3)c4c(F)cccc4F,CHEMBL3676280,IC50,8.4
856102,N[C@@H]1CN(CC[C@H]1O)c2ccncc2NC(=O)c3csc(n3)c4c(F)cccc4F,CHEMBL3676259,IC50,8.4
856111,N[C@@H]1C[C@@H](CC[C@@H]1O)c2ccncc2NC(=O)c3nc(ccc3N)c4c(F)cccc4F,CHEMBL3651996,IC50,8.4
856121,N[C@H]1CCCN(C1)c2ccncc2NC(=O)c3nc(ccc3N)c4cccnc4,CHEMBL3103861,Ki,8.4
856132,N[C@H]1CCC[C@H](C1)c2ccncc2NC(=O)c3csc(n3)c4c(F)cccc4F,CHEMBL3676290,IC50,8.4
856142,Nc1ccc(c(F)n1)c2c[nH]c3ccc(cc23)c4cncc(n4)N5CCNCC5,CHEMBL1910908,IC50,8.4
856153,Nc1nnc(s1)c2ccc3[nH]cc(c4cncc(n4)N5CCOCC5)c3c2,CHEMBL3394073,IC50,8.4
856164,O[C@@H]1CCN(CC2=Nc3c(oc4ccc(Br)cc34)C(=O)N2)C1,CHEMBL2030386,IC50,8.4
856175,Oc1cccc(NCC2=Nc3c(sc4ccc(Br)cc34)C(=O)N2)c1,CHEMBL584161,Ki,8.4
856185,C[C@H]1C[C@H](C[C@@H](N)[C@H]1S(=O)(=O)C)c2ccncc2NC(=O)c3ccc(F)c(n3)c4c(F)cc(C)cc4F,CHEMBL3687531,IC50,8.42
856194,Cn1ncc(NC(=O)c2nc(ccc2N)c3ccccc3F)c1N4CC[C@@H](N)C4,CHEMBL3652635,Ki,8.42
856203,CCOCc1cc(F)c(c(F)c1)c2nc(ccc2F)C(=O)Nc3cnccc3[C@@H]4C[C@H](C)[C@H](OC)[C@H](N)C4,CHEMBL3687510,IC50,8.43
856212,CO[C@H]1[C@@H](C)C[C@H](C[C@H]1N)c2ccncc2NC(=O)c3ccc(F)c(n3)c4c(F)cccc4F,CHEMBL3687502,IC50,8.43
856222,Cn1cc(cn1)c2cc3c(n[nH]c3cn2)c4ccccn4,CHEMBL3634766,Ki,8.43
856232,COC(=O)N[C@H]1[C@@H](C)CN(C[C@H]1N)c2ccncc2NC(=O)c3ccc(F)c(n3)c4c(F)cc(cc4F)C5(F)CCOCC5,CHEMBL3691982,IC50,8.45
856242,CN1C(=O)CN(C1=O)c2cc3c(n[nH]c3cn2)c4cccc(n4)N5CCNCC5,CHEMBL3634776,Ki,8.48
856252,C[C@H]1CN(C[C@@H](N)[C@H]1NS(=O)(=O)C)c2ccncc2NC(=O)c3ccc(F)c(n3)c4c(F)cccc4F,CHEMBL3687431,IC50,8.49
856261,CO[C@@H]1[C@@H](C)C[C@H](C[C@H]1N)c2ccncc2NC(=O)c3ccc(F)c(n3)c4c(F)cc(cc4F)C5(O)CCOCC5,CHEMBL3639863,IC50,8.51
856270,CO[C@@H]1[C@@H](C)C[C@H](C[C@H]1N)c2ccncc2NC(=O)c3ccc(F)c(n3)c4c(F)cccc4F,CHEMBL3687485,IC50,8.51
856279,CC(C)Oc1ccc(F)c(c1F)c2nc(cs2)C(=O)Nc3cnccc3[C@@H]4C[C@H](C)C[C@H](N)C4,CHEMBL3676306,IC50,8.52
856289,CC(C)Oc1cncc(n1)c2c[nH]c3ccc(cc23)c4nnc(N)s4,CHEMBL3394171,IC50,8.52
856300,CC1(C)CCNCC1Oc2cncc(n2)c3n[nH]c4ccc(cc34)c5c(F)cccc5F,CHEMBL3393705,IC50,8.52
856310,CC1(C)C[C@H](N)C[C@@H](C1)c2ccncc2NC(=O)c3csc(n3)c4c(F)cccc4F,CHEMBL3676301,IC50,8.52
856319,CCCOc1ccc(F)c(c1)c2nc(C(=O)Nc3cnccc3[C@@H]4CC[C@H](O)[C@H](N)C4)c(N)cc2F,CHEMBL3651963,IC50,8.52
856328,CCOc1ccc(F)c(c1F)c2nc(cs2)C(=O)Nc3cnccc3[C@@H]4C[C@H](C)C[C@H](N)C4,CHEMBL3676307,IC50,8.52
856338,CCOc1cccc(n1)c2c[nH]c3ccc(cc23)c4nnc(N)s4,CHEMBL3394166,IC50,8.52
856348,CC[C@@H]1C[C@H](N)CN(C1)c2ccncc2NC(=O)c3csc(n3)c4c(F)cccc4F,CHEMBL3676281,IC50,8.52
856357,COC(=O)N(C)[C@@H]1[C@H](C)C[C@@H](C[C@@H]1N)c2ccncc2NC(=O)c3nc(sc3N)c4c(F)cccc4F,CHEMBL3687456,IC50,8.52
856366,COC(=O)N[C@H]1[C@@H](C)CN(C[C@H]1N)c2ccncc2NC(=O)c3nc(ccc3N)c4cc(ccc4F)C(=O)NC(C)C,CHEMBL3639908,IC50,8.52
856376,COCCOc1ccc2C(=O)\C(=C\c3n[nH]c4ncccc34)\Oc2c1C(C)N5CCNCC5,CHEMBL3735657,IC50,8.52
856386,COc1ccc(F)c(c1F)c2nc(ccc2F)C(=O)Nc3cnccc3[C@@H]4C[C@H](C)[C@@H](O)[C@H](N)C4,CHEMBL3651943,IC50,8.52
856395,C[C@@H]1C[C@H](N)C[C@@H](C1)c2ccncc2NC(=O)c3ccc(F)c(n3)c4ccc(F)cc4F,CHEMBL3651973,IC50,8.52
856404,C[C@@H]1C[C@H](N)C[C@@H](C1)c2ccncc2NC(=O)c3ccc(F)c(n3)c4ccc(O)cc4F,CHEMBL3651934,IC50,8.52
856413,C[C@@H]1C[C@H](N)C[C@@H](C1)c2ccncc2NC(=O)c3ccc(F)c(n3)c4cccc(F)c4F,CHEMBL3651956,IC50,8.52
856422,C[C@@H]1C[C@H](N)C[C@@H](C1)c2ccncc2NC(=O)c3cccc(n3)c4c(F)cc(O)cc4F,CHEMBL3651932,IC50,8.52
856431,C[C@@H]1C[C@H](N)C[C@@H](C1)c2ccncc2NC(=O)c3cccc(n3)c4cc(C)ccc4F,CHEMBL3651954,IC50,8.52
856440,C[C@@H]1C[C@H](N)C[C@@H](C1)c2ccncc2NC(=O)c3cccc(n3)c4cc(O)ccc4F,CHEMBL3651931,IC50,8.52
856449,C[C@@H]1C[C@H](N)C[C@@H](C1)c2ccncc2NC(=O)c3cccc(n3)c4ccccc4F,CHEMBL3651958,IC50,8.52
856458,C[C@@H]1C[C@H](N)C[C@@H](C1)c2ccncc2NC(=O)c3csc(n3)c4c(F)ccc(Cl)c4F,CHEMBL3676309,IC50,8.52
856467,C[C@H]1CN(C[C@@H](N)[C@@H]1O)c2ccncc2NC(=O)c3ccc(F)c(n3)C4CCCCC4,CHEMBL3651912,IC50,8.52
856476,C[C@H]1CN(C[C@@H](N)[C@@H]1O)c2ccncc2NC(=O)c3ccc(F)c(n3)c4c(F)ccc(C)c4F,CHEMBL3651918,IC50,8.52
856485,C[C@H]1CN(C[C@@H](N)[C@@H]1O)c2ccncc2NC(=O)c3cccc(n3)c4c(F)ccc(C)c4F,CHEMBL3651909,IC50,8.52
856494,C[C@H]1CN(C[C@@H](N)[C@@H]1O)c2ccncc2NC(=O)c3cccc(n3)c4ccccc4F,CHEMBL3651919,IC50,8.52
856503,C[C@H]1CN(C[C@@H](N)[C@@H]1O)c2ccncc2NC(=O)c3csc(n3)c4c(F)cccc4F,CHEMBL3676292,IC50,8.52
856512,C[C@H]1C[C@H](C[C@@H](N)[C@H]1O)c2ccncc2NC(=O)c3ccc(F)c(n3)c4ccccc4F,CHEMBL3651971,IC50,8.52
856521,Cc1ccc(F)c(c1)c2cccc(n2)C(=O)Nc3cnccc3[C@H]4C[C@@H](N)C[C@H](C4)C(F)(F)F,CHEMBL3652002,IC50,8.52
856530,Cc1ccc(F)c(c1F)c2cccc(n2)C(=O)Nc3cnccc3C4C[C@@H](N)C[C@@H](N)C4,CHEMBL3651925,IC50,8.52
856539,Cc1ccc(F)c(c1F)c2nc(ccc2F)C(=O)Nc3cnccc3[C@@H]4CCC[C@H](N)C4,CHEMBL3651916,IC50,8.52
856549,Fc1cccc(F)c1c2ccc3[nH]nc(c4cncc(NC5CCNC5)n4)c3c2,CHEMBL3393699,IC50,8.52
856560,NC1CCCN(C1)c2cncc(n2)c3ccc4[nH]cc(c5ccc(N)nc5F)c4c3,CHEMBL1910909,IC50,8.52
856570,N[C@@H]1C[C@@H](CC[C@@H]1O)c2ccncc2NC(=O)c3cccc(n3)c4c(F)cccc4F,CHEMBL3651974,IC50,8.52
856579,N[C@@H]1C[C@@H](CC[C@@H]1O)c2ccncc2NC(=O)c3nc(sc3N)c4c(F)cccc4F,CHEMBL3676294,IC50,8.52
856589,N[C@H]1CCCN(C1)c2ccncc2NC(=O)c3nc(ccc3N)C4CCCCC4,CHEMBL3747207,Ki,8.52
856600,N[C@H]1CCCN(C1)c2ccncc2NC(=O)c3nc(ccc3N)c4ccccc4C(F)(F)F,CHEMBL3103865,Ki,8.52
856611,N[C@H]1CCCN(C1)c2ccncc2NC(=O)c3nc(ccc3N)c4ccccn4,CHEMBL3103860,Ki,8.52
856622,N[C@H]1CCCN(C1)c2ccncc2NC(=O)c3nc(ccc3N)c4ccnc(N)n4,CHEMBL3103863,Ki,8.52
856632,N[C@H]1CCC[C@H](C1)c2ccncc2NC(=O)c3ccc(F)c(n3)c4c(F)cc(O)cc4F,CHEMBL3651928,IC50,8.52
856642,N[C@H]1CCC[C@H](C1)c2ccncc2NC(=O)c3ccc(F)c(n3)c4c(F)cccc4F,CHEMBL3651993,IC50,8.52
856651,N[C@H]1CCC[C@H](C1)c2ccncc2NC(=O)c3ccc(F)c(n3)c4cc(O)ccc4F,CHEMBL3651929,IC50,8.52
856660,N[C@H]1CCC[C@H](C1)c2ccncc2NC(=O)c3ccc(F)c(n3)c4cccc(F)c4F,CHEMBL3651975,IC50,8.52
856669,N[C@H]1CCC[C@H](C1)c2ccncc2NC(=O)c3cccc(n3)c4ccc(O)cc4F,CHEMBL3651902,IC50,8.52
856678,N[C@H]1CCC[C@H](C1)c2ccncc2NC(=O)c3nc(sc3N)c4c(F)cccc4F,CHEMBL3676289,IC50,8.52
856687,N[C@H]1C[C@H](CN(C1)c2ccncc2NC(=O)c3csc(n3)c4c(F)cccc4F)C(F)(F)F,CHEMBL3676283,IC50,8.52
856697,Nc1cc(ccn1)c2ccncc2NC(=O)c3nc(ccc3N)c4ccccc4F,CHEMBL3792428,Ki,8.52
856707,Nc1sc(nc1C(=O)Nc2cnccc2N3CCC(F)CC3)c4c(F)cccc4F,CHEMBL3676286,IC50,8.52
856716,COC(=O)N[C@H]1[C@@H](C)CN(C[C@H]1N)c2ccncc2NC(=O)c3ccc(F)c(n3)c4c(F)cc(cc4F)C5(O)CCOCC5,CHEMBL3691961,IC50,8.53
856725,C[C@H]1C[C@H](C[C@@H](N)[C@H]1n2cc(nn2)C3CC3)c4ccncc4NC(=O)c5ccc(F)c(n5)c6c(F)cccc6F,CHEMBL3691970,IC50,8.54
856734,CO[C@H]1[C@@H](C)C[C@H](C[C@H]1N)c2ccncc2NC(=O)c3ccc(F)c(n3)c4c(F)cc(cc4F)C5CCS(=O)(=O)CC5,CHEMBL3687504,IC50,8.55
856743,C[C@H]1C[C@H](C[C@@H](N)[C@H]1n2ccnn2)c3ccncc3NC(=O)c4ccc(F)c(n4)c5c(F)cc(cc5F)C6(O)CCC6,CHEMBL3691956,IC50,8.57
856752,CCO[C@H]1[C@@H](C)C[C@H](C[C@H]1N)c2ccncc2NC(=O)c3ccc(F)c(n3)c4c(F)cc(C)cc4F,CHEMBL3687501,IC50,8.58
856761,Cn1ncc(NC(=O)c2nc(ccc2N)c3ccccc3)c1N4CCC(N)CC4,CHEMBL3652624,Ki,8.58
856770,CO[C@@H]1[C@@H](C)C[C@H](C[C@H]1N)c2ccncc2NC(=O)c3ccc(F)c(n3)c4c(F)cc(cc4F)C5(O)CCC5,CHEMBL3691922,IC50,8.59
856779,CCOCc1cc(F)c(c(F)c1)c2nc(ccc2F)C(=O)Nc3cnccc3[C@@H]4C[C@H](C)[C@@H](OC)[C@H](N)C4,CHEMBL3691920,IC50,8.6
856788,COC(=O)N[C@H]1[C@@H](C)C[C@H](C[C@H]1N)c2ccncc2NC(=O)c3nc(c(F)cc3N)c4c(F)cccc4F,CHEMBL3691959,IC50,8.6
856798,COc1cc(NCC2CCNCC2)nc3c1nnn3c4cccc(c4)N(C)C,CHEMBL1952143,IC50,8.6
856809,COc1ccc2C(=O)\C(=C\c3n[nH]c4ncccc34)\Oc2c1C(C)N5CCNCC5,CHEMBL3735890,IC50,8.6
856819,C[C@H]1C[C@H](C[C@@H](N)[C@H]1n2ccnn2)c3ccncc3NC(=O)c4ccc(F)c(n4)c5c(F)cc(OC6CCOCC6)cc5F,CHEMBL3691955,IC50,8.6
856828,C[C@H]1C[C@H](C[C@@H](N)[C@H]1n2ccnn2)c3ccncc3NC(=O)c4ccc(F)c(n4)c5c(F)cccc5F,CHEMBL3687414,IC50,8.6
856837,Cn1ncc(NC(=O)c2ccc(F)c(n2)c3c(F)cccc3F)c1N4CCC[C@@H](N)CC4,CHEMBL3652643,Ki,8.61
856846,CCOCc1cc(F)c(c(F)c1)c2nc(ccc2F)C(=O)Nc3cnccc3[C@@H]4C[C@H](C)[C@H](OCCS(=O)(=O)C)[C@H](N)C4,CHEMBL3687534,IC50,8.62
856855,N[C@H]1CCCN(C1)c2ccncc2NC(=O)c3csc(n3)c4ccccc4,CHEMBL3676302,IC50,8.64
856864,C[C@H]1CN(C[C@@H](N)[C@H]1n2ccnn2)c3ccncc3NC(=O)c4ccc(F)c(n4)c5c(F)cc(cc5F)C6(O)CCOCC6,CHEMBL3691944,IC50,8.65
856873,CO[C@@H]1[C@@H](C)C[C@H](C[C@H]1N)c2ccncc2NC(=O)c3ccc(F)c(n3)c4c(F)cc(OC)cc4F,CHEMBL3691927,IC50,8.66
856882,CO[C@H]1[C@@H](C)C[C@H](C[C@H]1N)c2ccncc2NC(=O)c3ccc(F)c(n3)c4c(F)cc(cc4F)C(C)(C)O,CHEMBL3687507,IC50,8.66
856891,C[C@H]1CN(C[C@@H](N)[C@H]1n2ccnn2)c3ccncc3NC(=O)c4ccc(F)c(n4)c5c(F)cc(cc5F)C6(F)CCOCC6,CHEMBL3691935,IC50,8.66
856900,CC(C)NC(=O)c1ccc(F)c(c1)c2ccc(N)c(n2)C(=O)Nc3cnccc3N4C[C@H](C)[C@@H]([C@H](N)C4)n5ccnn5,CHEMBL3691981,IC50,8.68
856909,CO[C@H]1[C@@H](C)C[C@H](C[C@H]1N)c2ccncc2NC(=O)c3ccc(F)c(n3)c4c(F)cc(C)cc4F,CHEMBL3687512,IC50,8.68
856918,COc1cc(F)c(c(F)c1)c2nc(ccc2F)C(=O)Nc3cnccc3[C@@H]4C[C@H](C)[C@@H]([C@H](N)C4)n5ccnn5,CHEMBL3691976,IC50,8.68
856927,C[C@H]1C[C@H](C[C@@H](N)[C@H]1S(=O)(=O)CCO)c2ccncc2NC(=O)c3ccc(F)c(n3)c4c(F)cccc4F,CHEMBL3639862,IC50,8.68
856936,C[C@H]1C[C@H](C[C@@H](N)[C@H]1n2cc(nn2)C(=C)C)c3ccncc3NC(=O)c4ccc(F)c(n4)c5c(F)cccc5F,CHEMBL3691971,IC50,8.69
856946,CC(C)Oc1cccc(n1)c2c[nH]c3ccc(cc23)c4nnc(N)s4,CHEMBL3394167,IC50,8.7
856956,CC1(C)C[C@H](N)C[C@@H](C1)c2ccncc2NC(=O)c3ccc(F)c(n3)c4c(F)cc(O)cc4F,CHEMBL3652016,IC50,8.7
856965,CC1(C)C[C@H](N)C[C@@H](C1)c2ccncc2NC(=O)c3ccc(F)c(n3)c4c(F)cccc4F,CHEMBL3651945,IC50,8.7
856974,COCCOc1cc(F)c(c(F)c1)c2nc(ccc2F)C(=O)Nc3cnccc3[C@@H]4C[C@H](C)[C@@H](OC)[C@H](N)C4,CHEMBL3687533,IC50,8.7
856983,COc1cc(F)c(c(F)c1)c2cccc(n2)C(=O)Nc3cnccc3[C@H]4C[C@@H](N)C[C@H](C4)C(F)(F)F,CHEMBL3652003,IC50,8.7
856992,COc1cc(F)c(c(F)c1)c2nc(ccc2F)C(=O)Nc3cnccc3[C@H]4C[C@@H](N)CC(C)(C)C4,CHEMBL3652017,IC50,8.7
857001,COc1ccc(F)c(c1)c2nc(ccc2F)C(=O)Nc3cnccc3[C@@H]4C[C@H](C)C[C@H](N)C4,CHEMBL3651941,IC50,8.7
857010,COc1ccc(F)c(c1F)c2nc(cs2)C(=O)Nc3cnccc3[C@@H]4C[C@H](C)C[C@H](N)C4,CHEMBL3676305,IC50,8.7
857019,C[C@@H]1C[C@H](N)CN(C1)c2ccncc2NC(=O)c3csc(n3)c4c(F)cccc4F,CHEMBL3676284,IC50,8.7
857028,C[C@@H]1C[C@H](N)C[C@@H](C1)c2ccncc2NC(=O)c3ccc(F)c(n3)c4c(F)ccc(C)c4F,CHEMBL3651923,IC50,8.7
857037,C[C@@H]1C[C@H](N)C[C@@H](C1)c2ccncc2NC(=O)c3ccc(F)c(n3)c4c(F)ccc(F)c4F,CHEMBL3652023,IC50,8.7
857047,C[C@@H]1C[C@H](N)C[C@@H](C1)c2ccncc2NC(=O)c3ccc(F)c(n3)c4c(F)cccc4F,CHEMBL3651966,IC50,8.7
857056,C[C@@H]1C[C@H](N)C[C@@H](C1)c2ccncc2NC(=O)c3ccc(F)c(n3)c4cc(C)ccc4F,CHEMBL3651955,IC50,8.7
857065,C[C@@H]1C[C@H](N)C[C@@H](C1)c2ccncc2NC(=O)c3ccc(F)c(n3)c4cc(O)ccc4F,CHEMBL3651942,IC50,8.7
857075,C[C@@H]1C[C@H](N)C[C@@H](C1)c2ccncc2NC(=O)c3ccc(F)c(n3)c4ccccc4F,CHEMBL3651953,IC50,8.7
857084,C[C@@H]1C[C@H](N)C[C@@H](C1)c2ccncc2NC(=O)c3cccc(n3)c4c(F)cccc4F,CHEMBL3651959,IC50,8.7
857093,C[C@@H]1C[C@H](N)C[C@@H](C1)c2ccncc2NC(=O)c3csc(n3)c4c(F)cc(O)cc4F,CHEMBL3676310,IC50,8.7
857102,C[C@@H]1C[C@H](N)C[C@@H](C1)c2ccncc2NC(=O)c3nc(ccc3F)c4c(F)cc(O)cc4F,CHEMBL3651938,IC50,8.7
857111,C[C@@H]1C[C@H](N)C[C@@H](C1)c2ccncc2NC(=O)c3nc(ccc3F)c4cc(O)ccc4F,CHEMBL3651939,IC50,8.7
857120,C[C@H]1CN(C[C@@H](N)[C@@H]1O)c2ccncc2NC(=O)c3ccc(F)c(n3)c4ccccc4F,CHEMBL3651921,IC50,8.7
857129,C[C@H]1CN(C[C@@H](N)[C@@H]1O)c2ccncc2NC(=O)c3ccc(F)c(n3)c4ccncc4F,CHEMBL3652013,IC50,8.7
857138,C[C@H]1CN(C[C@@H](N)[C@@H]1O)c2ccncc2NC(=O)c3cccc(n3)c4c(F)cccc4F,CHEMBL3651922,IC50,8.7
857147,C[C@H]1C[C@H](C[C@@H](N)[C@@H]1O)c2ccncc2NC(=O)c3ccc(F)c(n3)c4c(F)cc(O)cc4F,CHEMBL3651900,IC50,8.7
857156,C[C@H]1C[C@H](C[C@@H](N)[C@@H]1O)c2ccncc2NC(=O)c3ccc(F)c(n3)c4c(F)ccc(C)c4F,CHEMBL3651940,IC50,8.7
857165,C[C@H]1C[C@H](C[C@@H](N)[C@@H]1O)c2ccncc2NC(=O)c3ccc(F)c(n3)c4c(F)cccc4F,CHEMBL3651946,IC50,8.7
857174,C[C@H]1C[C@H](C[C@@H](N)[C@@H]1O)c2ccncc2NC(=O)c3cccc(n3)c4c(F)cccc4F,CHEMBL3651948,IC50,8.7
857183,C[C@H]1C[C@H](C[C@@H](N)[C@H]1O)c2ccncc2NC(=O)c3ccc(F)c(n3)c4c(F)ccc(C)c4F,CHEMBL3651936,IC50,8.7
857192,C[C@H]1C[C@H](C[C@@H](N)[C@H]1O)c2ccncc2NC(=O)c3ccc(F)c(n3)c4c(F)cccc4F,CHEMBL3651981,IC50,8.7
857201,C[C@H]1C[C@H](C[C@@H](N)[C@H]1O)c2ccncc2NC(=O)c3cccc(n3)c4c(F)cccc4F,CHEMBL3651972,IC50,8.7
857210,C[C@H]1C[C@H](C[C@@H](O)[C@@H]1O)c2ccncc2NC(=O)c3ccc(F)c(n3)c4c(F)cccc4F,CHEMBL3652011,IC50,8.7
857219,C[C@H]1C[C@H](C[C@@H](O)[C@@H]1O)c2ccncc2NC(=O)c3nc(c(F)cc3N)c4c(F)cccc4F,CHEMBL3652015,IC50,8.7
857228,Cc1ccc(F)c(c1F)c2cccc(n2)C(=O)Nc3cnccc3[C@@H]4CCC[C@H](N)C4,CHEMBL3651924,IC50,8.7
857238,Fc1cccc(F)c1c2ccc3[nH]nc(c4cncc(NC5CCCNC5)n4)c3c2,CHEMBL3393698,IC50,8.7
857249,Fc1cccc(F)c1c2ccc3[nH]nc(c4cncc(OC5CCNCC5)n4)c3c2,CHEMBL3393701,IC50,8.7
857260,Fc1cccc(F)c1c2nc(cs2)C(=O)Nc3cnccc3O[C@H]4CCNC4,CHEMBL3354511,IC50,8.7
857270,N[C@@H]1C[C@@H](CC[C@@H]1O)c2ccncc2NC(=O)c3nc(c(F)cc3N)c4ccccc4F,CHEMBL3651962,IC50,8.7
857280,N[C@H]1CCCN(C1)c2ccncc2NC(=O)c3csc(n3)c4c(F)cccc4F,CHEMBL3676258,IC50,8.7
857289,N[C@H]1CCCN(C1)c2ccncc2NC(=O)c3nc(sc3N)c4c(F)cccc4F,CHEMBL3676285,IC50,8.7
857298,N[C@H]1CCC[C@H](C1)c2ccncc2NC(=O)c3ccc(F)c(n3)c4ccc(O)cc4F,CHEMBL3651905,IC50,8.7
857307,N[C@H]1CCC[C@H](C1)c2ccncc2NC(=O)c3cccc(n3)c4c(F)cc(O)cc4F,CHEMBL3651904,IC50,8.7
857316,N[C@H]1CCC[C@H](C1)c2ccncc2NC(=O)c3cccc(n3)c4cc(O)ccc4F,CHEMBL3651903,IC50,8.7
857326,Nc1nnc(s1)c2ccc3[nH]cc(c4cncc(NC5CCCCC5)n4)c3c2,CHEMBL3394165,IC50,8.7
857337,O[C@@H]1CC[C@H](CC1)Oc2ccncc2NC(=O)c3csc(n3)c4c(F)cccc4F,CHEMBL3354517,IC50,8.7
857347,COCCOc1cc(F)c(c(F)c1)c2nc(ccc2F)C(=O)Nc3cnccc3[C@@H]4C[C@H](C)[C@@H]([C@H](N)C4)n5ccnn5,CHEMBL3691952,IC50,8.71
857356,COCCOc1cc(F)c(c(F)c1)c2nc(ccc2F)C(=O)Nc3cnccc3[C@@H]4C[C@H](C)[C@H](OC)[C@H](N)C4,CHEMBL3687503,IC50,8.73
857365,C[C@H]1C[C@H](C[C@@H](N)[C@H]1S(=O)(=O)C)c2ccncc2NC(=O)c3nc(c(F)cc3N)c4c(F)cccc4F,CHEMBL3687524,IC50,8.73
857375,COc1ccc2C(=O)\C(=C\c3n[nH]c4ncccc34)\Oc2c1CN5CCNCC5,CHEMBL3735816,IC50,8.75
857386,Cc1oc(nn1)c2cccc(c2)c3cnn4ccc(NCCN)nc34,CHEMBL2442291,IC50,8.75
857396,C[C@H]1CN(C[C@@H](N)[C@H]1C#N)c2ccncc2NC(=O)c3nc(sc3N)c4c(F)cccc4F,CHEMBL3687464,IC50,8.76
857405,C[C@H]1C[C@H](C[C@@H](N)[C@H]1OCCS(=O)(=O)C)c2ccncc2NC(=O)c3ccc(F)c(n3)c4c(F)cc(cc4F)C5(O)CCOCC5,CHEMBL3687527,IC50,8.76
857414,C[C@H]1C[C@H](C[C@@H](N)[C@H]1n2ccnn2)c3ccncc3NC(=O)c4ccc(F)c(n4)c5c(F)cc(C)cc5F,CHEMBL3691965,IC50,8.76
857423,COCCOc1cc(F)c(c(F)c1)c2nc(ccc2F)C(=O)Nc3cnccc3[C@@H]4C[C@H](C)[C@H](OCCS(=O)(=O)C)[C@H](N)C4,CHEMBL3691914,IC50,8.77
857432,COCCOc1cc(F)c(c(F)c1)c2nc(ccc2F)C(=O)Nc3cnccc3N4C[C@H](C)[C@H](NC(=O)OC)[C@H](N)C4,CHEMBL3687515,IC50,8.79
857441,C[C@H]1C[C@H](C[C@@H](N)[C@H]1OCCS(=O)(=O)C)c2ccncc2NC(=O)c3ccc(F)c(n3)c4c(F)cccc4F,CHEMBL3687487,IC50,8.79
857450,CO[C@H]1[C@@H](C)C[C@H](C[C@H]1N)c2ccncc2NC(=O)c3ccc(F)c(n3)c4c(F)cc(cc4F)C5(O)CCC5,CHEMBL3687508,IC50,8.8
857459,C[C@H]1CN(C[C@@H](N)[C@H]1n2cc(nn2)c3ccsc3)c4ccncc4NC(=O)c5ccc(F)c(n5)c6c(F)cccc6F,CHEMBL3687417,IC50,8.81
857468,C[C@H]1C[C@H](C[C@@H](N)[C@@H]1OCCS(=O)(=O)C)c2ccncc2NC(=O)c3ccc(F)c(n3)c4c(F)cc(cc4F)C5(O)CCC5,CHEMBL3691923,IC50,8.81
857477,CCOCc1cc(F)c(c(F)c1)c2nc(ccc2F)C(=O)Nc3cnccc3N4C[C@H](C)[C@@H]([C@H](N)C4)n5ccnn5,CHEMBL3691941,IC50,8.82
857486,CCOCc1cc(F)c(c(F)c1)c2nc(ccc2F)C(=O)Nc3cnccc3N4C[C@H](C)[C@H](NC(=O)OC)[C@H](N)C4,CHEMBL3691986,IC50,8.82
857495,C[C@H]1C[C@H](C[C@@H](N)[C@H]1Oc2ccccn2)c3ccncc3NC(=O)c4ccc(F)c(n4)c5c(F)cccc5F,CHEMBL3687532,IC50,8.82
857504,C[C@H]1CN(C[C@@H](N)[C@H]1n2ccnn2)c3ccncc3NC(=O)c4csc(n4)c5c(F)cccc5F,CHEMBL3691915,IC50,8.83
857513,CO[C@H]1[C@@H](C)C[C@H](C[C@H]1N)c2ccncc2NC(=O)c3ccc(F)c(n3)c4c(F)cc(OC(C)C)cc4F,CHEMBL3687511,IC50,8.84
857522,C[C@H]1C[C@H](C[C@@H](N)[C@H]1OCCC#N)c2ccncc2NC(=O)c3ccc(F)c(n3)c4c(F)cc(cc4F)C5(F)CCOCC5,CHEMBL3691937,IC50,8.84
857531,C[C@H]1C[C@H](C[C@@H](N)[C@H]1S(=O)(=O)C)c2ccncc2NC(=O)c3nc(sc3N)c4c(F)cccc4F,CHEMBL3687525,IC50,8.84
857540,CC(C)NC(=O)c1ccc(F)c(c1)c2ccc(N)c(n2)C(=O)Nc3cnccc3[C@@H]4C[C@H](C)[C@H](OCCC#N)[C@H](N)C4,CHEMBL3687521,IC50,8.85
857549,CO[C@H]1[C@@H](C)C[C@H](C[C@H]1N)c2ccncc2NC(=O)c3ccc(F)c(n3)c4c(F)cc(cc4F)C(C)C,CHEMBL3687505,IC50,8.85
857559,O=C1CN(CCN1)c2cc3c(n[nH]c3cn2)c4cccc(n4)N5CCNCC5,CHEMBL3634764,Ki,8.85
857569,C[C@H]1C[C@H](C[C@@H](N)[C@@H]1OCCS(=O)(=O)C)c2ccncc2NC(=O)c3ccc(F)c(n3)c4c(F)cc(OC5CCOCC5)cc4F,CHEMBL3691924,IC50,8.87
857578,COC(=O)N[C@H]1[C@@H](C)CN(C[C@H]1N)c2ccncc2NC(=O)c3ccc(F)c(n3)c4c(F)cc(OC)cc4F,CHEMBL3691957,IC50,8.88
857587,COC(=O)N[C@H]1[C@@H](C)CN(C[C@H]1N)c2ccncc2NC(=O)c3ccc(F)c(n3)c4c(F)cc(cc4F)C5(O)CCC5,CHEMBL3691942,IC50,8.88
857596,Cn1ncc(NC(=O)c2nc(ccc2N)c3ccccc3F)c1N4CCC[C@H](CN)C4,CHEMBL3652636,Ki,8.88
857605,CO[C@@H]1[C@@H](C)C[C@H](C[C@H]1N)c2ccncc2NC(=O)c3ccc(F)c(n3)c4c(F)cc(C)cc4F,CHEMBL3687472,IC50,8.89
857616,COc1ccc2C(=O)\C(=C\c3c[nH]c4ncccc34)\Oc2c1CN5CCNCC5,CHEMBL2147767,IC50,8.89
857626,CO[C@H]1[C@@H](C)C[C@H](C[C@H]1N)c2ccncc2NC(=O)c3ccc(F)c(n3)c4c(F)cc(cc4F)C5CCOCC5,CHEMBL3687509,IC50,8.9
857635,CC(C)Oc1cc(F)c(c(F)c1)c2nc(ccc2F)C(=O)Nc3cnccc3[C@@H]4C[C@H](C)[C@H](OCCS(=O)(=O)C)[C@H](N)C4,CHEMBL3691925,IC50,8.91
857644,CCO[C@H]1[C@@H](C)C[C@H](C[C@H]1N)c2ccncc2NC(=O)c3ccc(F)c(n3)c4c(F)cccc4F,CHEMBL3687498,IC50,8.91
857653,COc1cc(F)c(c(F)c1)c2nc(ccc2F)C(=O)Nc3cnccc3[C@@H]4C[C@H](C)[C@H](OCCS(=O)(=O)C)[C@H](N)C4,CHEMBL3691928,IC50,8.91
857662,C[C@H]1CN(C[C@@H](N)[C@H]1n2ccnn2)c3ccncc3NC(=O)c4nc(c(F)cc4N)c5c(F)cccc5F,CHEMBL3691978,IC50,8.93
857671,C[C@H]1C[C@H](C[C@@H](N)[C@H]1n2cncn2)c3ccncc3NC(=O)c4ccc(F)c(n4)c5c(F)cccc5F,CHEMBL3687459,IC50,8.94
857681,COc1ccc2C(=O)\C(=C\c3n[nH]c4ncccc34)\Oc2c1CN5CCNC[C@@H]5C,CHEMBL3735633,IC50,8.96
857691,Cn1ncc(NC(=O)c2nc(sc2N)c3c(F)cccc3F)c1OC4CCNCC4,CHEMBL3652631,Ki,8.96
857700,COCCOc1cc(F)c(c(F)c1)c2nc(ccc2F)C(=O)Nc3cnccc3C4C[C@H](C)[C@@H]([C@H](N)C4)n5ccnn5,CHEMBL3691916,IC50,8.97
857709,Cn1ncc(NC(=O)c2nc(sc2N)c3c(F)cccc3F)c1OCC4CCNCC4,CHEMBL3652628,Ki,8.97
857718,CC(C)Oc1cc(F)c(c(F)c1)c2nc(ccc2F)C(=O)Nc3cnccc3N4C[C@H](C)[C@@H]([C@H](N)C4)n5ccnn5,CHEMBL3691931,IC50,8.99
857727,COCc1cn(nn1)[C@H]2[C@@H](C)CN(C[C@H]2N)c3ccncc3NC(=O)c4ccc(F)c(n4)c5c(F)cccc5F,CHEMBL3687427,IC50,8.99
857737,C1COCC(C1)c2cc3c(n[nH]c3cn2)c4cccc(n4)N5CCNCC5,CHEMBL3634763,Ki,9.0
857748,CC(C)Nc1cncc(n1)c2c[nH]c3ccc(cc23)c4nnc(N)s4,CHEMBL3394074,IC50,9.0
857759,CN(C)CC1=Nc2c(sc3ccc(cc23)c4ccc(cc4)C#N)C(=O)N1,CHEMBL573702,Ki,9.0
857769,C[C@@H]1C[C@H](N)C[C@@H](C1)c2ccncc2NC(=O)c3ccc(F)c(n3)c4c(F)cc(O)cc4F,CHEMBL3652022,IC50,9.0
857778,C[C@@H]1C[C@H](N)C[C@@H](C1)c2ccncc2NC(=O)c3ccc(F)c(n3)c4c(F)ccc(O)c4F,CHEMBL3652019,IC50,9.0
857787,C[C@H]1CN(C[C@@H](N)[C@@H]1O)c2ccncc2NC(=O)c3ccc(F)c(n3)c4c(F)cc(O)cc4F,CHEMBL3651899,IC50,9.0
857796,C[C@H]1CN(C[C@@H](N)[C@@H]1O)c2ccncc2NC(=O)c3ccc(F)c(n3)c4c(F)cccc4F,CHEMBL3105022,IC50,9.0
857805,C[C@H]1CN(C[C@@H](N)[C@@H]1O)c2ccncc2NC(=O)c3nc(c(F)cc3N)c4c(F)cccc4F,CHEMBL3105021,IC50,9.0
857814,C[C@H]1CN(C[C@@H](N)[C@@H]1O)c2ccncc2NC(=O)c3nc(ccc3F)c4c(F)cccc4F,CHEMBL3651920,IC50,9.0
857823,C[C@H]1CN(C[C@@H](N)[C@H]1N)c2ccncc2NC(=O)c3ccc(F)c(n3)c4c(F)cccc4F,CHEMBL3687430,IC50,9.0
857832,C[C@H]1CN(C[C@@H](O)[C@@H]1O)c2ccncc2NC(=O)c3ccc(F)c(n3)c4c(F)cccc4F,CHEMBL3652010,IC50,9.0
857841,C[C@H]1CN(C[C@@H](O)[C@@H]1O)c2ccncc2NC(=O)c3ccc(F)c(n3)c4ccccc4F,CHEMBL3652008,IC50,9.0
857850,C[C@H]1CN(C[C@@H](O)[C@@H]1O)c2ccncc2NC(=O)c3cccc(n3)c4c(F)cccc4F,CHEMBL3652009,IC50,9.0
857859,C[C@H]1C[C@H](C[C@@H](N)C12OCCO2)c3ccncc3NC(=O)c4ccc(F)c(n4)c5c(F)cccc5F,CHEMBL3687452,IC50,9.0
857869,Fc1cccc(F)c1c2cccc(n2)C(=O)Nc3cnccc3OC4CCNCC4,CHEMBL3354521,IC50,9.0
857880,Fc1cccc(F)c1c2nc(cs2)C(=O)Nc3cnccc3OC4CCNCC4,CHEMBL3354513,IC50,9.0
857891,NC1CCN(CC1)c2cncc(n2)c3n[nH]c4ccc(cc34)c5c(F)cccc5F,CHEMBL3393692,IC50,9.0
857901,N[C@@H]1CN(CC[C@@H]1O)c2ccncc2NC(=O)c3csc(n3)c4c(F)cccc4F,CHEMBL3676262,IC50,9.0
857910,N[C@@H]1C[C@@H](C[C@@H](C1)C(F)(F)F)c2ccncc2NC(=O)c3nc(c(F)cc3N)c4c(F)cccc4F,CHEMBL3652004,IC50,9.0
857919,N[C@@H]1C[C@@H](C[C@@H](C1)C(F)(F)F)c2ccncc2NC(=O)c3nc(ccc3N)c4c(F)cccc4F,CHEMBL3652006,IC50,9.0
857928,N[C@H]1CCC[C@H](C1)c2ccncc2NC(=O)c3ccc(F)c(n3)c4c(F)ccc(O)c4F,CHEMBL3652018,IC50,9.0
857937,N[C@H]1CCC[C@H](C1)c2ccncc2NC(=O)c3nc(c(F)cc3N)c4c(F)cccc4F,CHEMBL3651994,IC50,9.0
857947,Nc1nnc(s1)c2ccc3[nH]cc(c4cncc(NC5CCCC5)n4)c3c2,CHEMBL3394164,IC50,9.0
857958,Nc1sc(nc1C(=O)Nc2cnccc2O[C@H]3CCNC3)c4c(F)cccc4F,CHEMBL3354518,IC50,9.0
857968,COc1cc(F)c(c(F)c1)c2nc(ccc2F)C(=O)Nc3cnccc3[C@@H]4C[C@H](C)[C@H](OCCC#N)[C@H](N)C4,CHEMBL3691949,IC50,9.02
857977,C[C@H]1C[C@H](C[C@@H](N)[C@H]1OCCC#N)c2ccncc2NC(=O)c3ccc(F)c(n3)c4c(F)cccc4F,CHEMBL3687495,IC50,9.02
857986,Cn1ncc(NC(=O)c2nc(cnc2N)c3ccccc3F)c1N4CCC(N)CC4,CHEMBL3652633,Ki,9.02
857995,CO[C@@H]1[C@@H](C)C[C@H](C[C@H]1N)c2ccncc2NC(=O)c3ccc(F)c(n3)c4c(F)cc(OC5CCOCC5)cc4F,CHEMBL3691921,IC50,9.03
858004,C[C@H]1CN(C[C@@H](N)[C@H]1NC(=O)C)c2ccncc2NC(=O)c3ccc(F)c(n3)c4c(F)cccc4F,CHEMBL3687433,IC50,9.04
858013,C[C@H]1C[C@H](C[C@@H](N)[C@H]1OCCS(=O)(=O)C)c2ccncc2NC(=O)c3ccc(F)c(n3)c4c(F)cc(C)cc4F,CHEMBL3687483,IC50,9.04
858023,CCc1ccc(cc1)c2ccc3sc4C(=O)NC(=Nc4c3c2)CN(C)C,CHEMBL572550,Ki,9.05
858033,CO[C@@H]1[C@@H](C)C[C@H](C[C@H]1N)c2ccncc2NC(=O)c3nc(c(F)cc3N)c4c(F)cccc4F,CHEMBL3691929,IC50,9.05
858042,C[C@H]1C[C@H](C[C@@H](N)[C@H]1OCCC#N)c2ccncc2NC(=O)c3ccc(F)c(n3)c4c(F)cc(cc4F)C5(O)CCC5,CHEMBL3691968,IC50,9.05
858051,CO[C@@H]1[C@@H](C)C[C@H](C[C@H]1N)c2ccncc2NC(=O)c3ccc(F)c(n3)c4c(F)cc(OC(C)C)cc4F,CHEMBL3691926,IC50,9.06
858060,C[C@H]1CN(C[C@@H](N)[C@H]1n2cc(C)nn2)c3ccncc3NC(=O)c4ccc(F)c(n4)c5c(F)cccc5F,CHEMBL3687420,IC50,9.07
858069,C[C@H]1C[C@H](C[C@@H](N)[C@H]1n2ccnn2)c3ccncc3NC(=O)c4nc(c(F)cc4N)c5c(F)cccc5F,CHEMBL3691960,IC50,9.08
858078,COC(=O)N[C@H]1[C@@H](C)CN(C[C@H]1N)c2ccncc2NC(=O)c3ccc(F)c(n3)c4c(F)cc(C)cc4F,CHEMBL3687490,IC50,9.1
858088,COc1cc(NCC2CCNCC2)nc3c1nnn3c4cccc(OC(F)(F)F)c4,CHEMBL1952142,IC50,9.1
858099,COc1ccc2C(=O)\C(=C\c3n[nH]c4ncccc34)\Oc2c1CN5CCN[C@@H](C)C5,CHEMBL3735861,IC50,9.1
858109,C[C@H]1CN(C[C@@H](N)[C@H]1n2ccnn2)c3ccncc3NC(=O)c4nc(sc4N)c5c(F)cccc5F,CHEMBL3691940,IC50,9.1
858118,C[C@H]1CN(C[C@@H](N)[C@H]1n2ccnn2)c3ccncc3NC(=O)c4ccc(F)c(n4)c5c(F)cc(C)cc5F,CHEMBL3691945,IC50,9.12
858127,COC(=O)N[C@H]1[C@@H](C)CN(C[C@H]1N)c2ccncc2NC(=O)c3ccc(F)c(n3)c4c(F)cc(OC5CCOCC5)cc4F,CHEMBL3691943,IC50,9.13
858136,COC(=O)N[C@H]1[C@@H](C)CN(C[C@H]1N)c2ccncc2NC(=O)c3ccc(F)c(n3)c4c(F)cccc4F,CHEMBL3687491,IC50,9.13
858145,C[C@H]1C[C@H](C[C@@H](N)[C@H]1OCCC#N)c2ccncc2NC(=O)c3ccc(F)c(n3)c4c(F)cc(OC5CCOCC5)cc4F,CHEMBL3691967,IC50,9.13
858154,C[C@H]1C[C@H](C[C@@H](N)[C@H]1n2ccnn2)c3ccncc3NC(=O)c4nc(sc4N)c5c(F)cccc5F,CHEMBL3691938,IC50,9.13
858163,Cn1ncc(NC(=O)c2nc(sc2N)c3c(F)cccc3F)c1C4CCC(N)CC4,CHEMBL3652648,Ki,9.13
858172,C[C@H]1CN(C[C@@H](N)[C@H]1n2cc(CO)nn2)c3ccncc3NC(=O)c4ccc(F)c(n4)c5c(F)cccc5F,CHEMBL3687476,IC50,9.14
858182,CN(C)CC1=Nc2c(sc3ccc(cc23)c4cccc(Cl)c4)C(=O)N1,CHEMBL582844,Ki,9.16
858193,Fc1cccc(F)c1c2ccc3[nH]nc(c4cncc(NC5CCNCC5)n4)c3c2,CHEMBL3393697,IC50,9.16
858204,Fc1cccc(F)c1c2ccc3[nH]nc(c4cncc(OC5CNCCC56CC6)n4)c3c2,CHEMBL3393704,IC50,9.16
858214,C[C@H]1CN(C[C@@H](N)[C@H]1N=[N+]=[N-])c2ccncc2NC(=O)c3ccc(F)c(n3)c4c(F)cccc4F,CHEMBL3687497,IC50,9.17
858224,NC(=O)Nc1cc2c(n[nH]c2cn1)c3cccc(n3)N4CCNCC4,CHEMBL3634775,Ki,9.17
858235,C1CN(CCN1)c2cccc(n2)c3n[nH]c4cnc(cc34)n5ccnc5,CHEMBL3634773,Ki,9.19
858245,C[C@H]1CN(C[C@@H](N)[C@H]1n2ccnn2)c3ccncc3NC(=O)c4ccc(F)c(n4)c5c(F)cccc5F,CHEMBL3687418,IC50,9.19
858254,C[C@H]1C[C@H](C[C@@H](N)[C@H]1OCCC#N)c2ccncc2NC(=O)c3ccc(F)c(n3)c4c(F)cc(C)cc4F,CHEMBL3687493,IC50,9.19
858263,COc1cc(F)c(c(F)c1)c2nc(ccc2F)C(=O)Nc3cnccc3N4C[C@H](C)[C@@H]([C@H](N)C4)n5ccnn5,CHEMBL3691977,IC50,9.21
858272,C[C@H]1CN(C[C@@H](N)[C@H]1n2cncn2)c3ccncc3NC(=O)c4ccc(F)c(n4)c5c(F)cccc5F,CHEMBL3687466,IC50,9.21
858281,CS[C@H]1[C@@H](C)C[C@H](C[C@H]1N)c2ccncc2NC(=O)c3ccc(F)c(n3)c4c(F)cccc4F,CHEMBL3687443,IC50,9.22
858291,Oc1cc(Cc2ccc(cc2)C#N)nc3c(cnn13)C(=O)Nc4c[nH]c5ncccc45,CHEMBL2387468,Ki,9.22
858301,CN[C@@H]1CC2OC([C@@H]1OC)n3c4ccccc4c5c6CNC(=O)c6c7c8ccccc8n2c7c35,CHEMBL3683258,IC50,9.24
858310,Cn1ncc(NC(=O)c2nc(sc2N)c3ccccc3F)c1N4CCC[C@H](N)C4,CHEMBL3652623,Ki,9.24
858319,COC(=O)N[C@H]1[C@@H](C)CN(C[C@H]1N)c2ccncc2NC(=O)c3ccc(F)c(n3)c4c(F)cc(OC(C)C)cc4F,CHEMBL3691932,IC50,9.26
858328,CCO[C@H]1[C@@H](C)C[C@H](C[C@H]1N)c2ccncc2NC(=O)c3nc(sc3N)c4c(F)cccc4F,CHEMBL3687481,IC50,9.27
26231,CN[C@@H]1C[C@H]2O[C@@](C)([C@@H]1OC)n3c4ccccc4c5c6CNC(=O)c6c7c8ccccc8n2c7c35,CHEMBL388978,Kd,9.29
858340,CN(C)CC1=Nc2c(sc3ccc(cc23)c4ccc(O)cc4)C(=O)N1,CHEMBL585182,Ki,9.3
858350,COC(=O)N(C)[C@H]1[C@@H](C)CN(C[C@H]1N)c2ccncc2NC(=O)c3ccc(F)c(n3)c4c(F)cc(C)cc4F,CHEMBL3687468,IC50,9.31
858359,COC(=O)N(C)[C@H]1[C@@H](C)CN(C[C@H]1N)c2ccncc2NC(=O)c3ccc(F)c(n3)c4c(F)cccc4F,CHEMBL3687471,IC50,9.31
858368,COC(=O)N[C@H]1[C@@H](C)CN(C[C@H]1N)c2ccncc2NC(=O)c3nc(sc3N)c4c(F)cccc4F,CHEMBL3687482,IC50,9.37
858377,COC(=O)N[C@H]1[C@@H](C)CN(C[C@H]1N)c2ccncc2NC(=O)c3nc(c(F)cc3N)c4c(F)cccc4F,CHEMBL3691958,IC50,9.39
858386,CO[C@@H]1[C@@H](C)C[C@H](C[C@H]1N)c2ccncc2NC(=O)c3nc(sc3N)c4c(F)cccc4F,CHEMBL3687479,IC50,9.4
858396,Fc1cccc(F)c1c2ccc3[nH]nc(c4cncc(O[C@H]5CNCCC56CC6)n4)c3c2,CHEMBL3393706,IC50,9.4
858407,O[C@H]1CCN(CC2=Nc3c(sc4ccc(cc34)c5ccc(O)cc5)C(=O)N2)C1,CHEMBL583187,Ki,9.4
858417,C[C@H]1C[C@H](C[C@@H](N)[C@H]1OCCS(=O)(=O)C)c2ccncc2NC(=O)c3nc(c(F)cc3N)c4c(F)cccc4F,CHEMBL3691930,IC50,9.41
858426,C[C@H]1C[C@H](C[C@@H](N)[C@H]1OCCC#N)c2ccncc2NC(=O)c3nc(c(F)cc3N)c4c(F)cccc4F,CHEMBL3691950,IC50,9.44
858435,Cn1ncc(NC(=O)c2nc(sc2N)c3c(F)cccc3F)c1N4CC[C@H](CN)C4,CHEMBL3652637,Ki,9.46
858444,Cn1ncc(NC(=O)c2nc(ccc2N)c3ccccc3F)c1N4CCC[C@@H](N)C4,CHEMBL3652625,Ki,9.47
858453,CO[C@H]1[C@@H](C)C[C@H](C[C@H]1N)c2ccncc2NC(=O)c3nc(sc3N)c4c(F)cccc4F,CHEMBL3687492,IC50,9.5
858463,CN(C)CC1=Nc2c(sc3ccc(cc23)c4ccccc4)C(=O)N1,CHEMBL583273,Ki,9.52
858473,Cn1ncc(NC(=O)c2nc(cnc2N)c3ccccc3F)c1N4CCC[C@H](N)C4,CHEMBL3652630,Ki,9.52
858483,F[C@@H]1CNCC[C@@H]1CNc2ccn3ncc(C(=O)Nc4c[nH]c5ncccc45)c3n2,CHEMBL2387477,Ki,9.52
858494,O[C@H]1CCN(CC2=Nc3c(sc4ccc(cc34)c5ccccc5)C(=O)N2)C1,CHEMBL572781,Ki,9.52
858504,Cn1ncc(NC(=O)c2nc(cnc2N)c3ccccc3F)c1N4CCC[C@@H](N)CC4,CHEMBL3652639,Ki,9.53
858514,Cn1cc(cn1)c2cc3c(n[nH]c3cn2)c4cccc(c4)N5CCC[C@@H](N)C5,CHEMBL3634759,Ki,9.54
858524,C[C@H]1C[C@H](C[C@@H](N)[C@H]1OCCS(=O)(=O)C)c2ccncc2NC(=O)c3nc(sc3N)c4c(F)cccc4F,CHEMBL3691919,IC50,9.59
858534,F[C@H]1CNCC[C@H]1CNc2ccn3ncc(C(=O)Nc4c[nH]c5ncccc45)c3n2,CHEMBL2387476,Ki,9.59
858544,Cn1ncc(NC(=O)c2nc(ccc2N)c3ccccc3F)c1N4CCC[C@H](N)CC4,CHEMBL3652640,Ki,9.61
858553,C[C@H]1C[C@H](C[C@@H](N)[C@H]1OCCC#N)c2ccncc2NC(=O)c3nc(sc3N)c4c(F)cccc4F,CHEMBL3687474,IC50,9.66
858563,CN(C)CC1=Nc2c(sc3ccc(\C=C\C4CC4)cc23)C(=O)N1,CHEMBL576387,Ki,9.7
858574,NCCNc1cccc(n1)c2n[nH]c3cnc(cc23)c4cccnc4,CHEMBL3634780,Ki,9.7
858585,O=C(Nc1c[nH]c2ncccc12)c3cnn4ccc(NCCc5ccccc5)nc34,CHEMBL2387469,Ki,9.72
858595,CN[C@H]1CCCN(CC1)c2c(NC(=O)c3nc(sc3N)c4c(F)cccc4F)cnn2C,CHEMBL3652645,Ki,9.75
858605,Cn1cc(cn1)c2cc3c(n[nH]c3cn2)c4cccc(O[C@@H]5CCCNC5)n4,CHEMBL3634755,Ki,9.8
858615,Cn1ncc(NC(=O)c2nc(ccc2N)c3ccccc3F)c1N4CCCC(N)CC4,CHEMBL3652627,Ki,9.8
858625,Fc1cccc(F)c1c2ccc3[nH]cc(NC(=O)c4cnn5ccc(NCC6CCNCC6)nc45)c3c2,CHEMBL2387472,Ki,9.85
858636,Cn1cc(cn1)c2cc3c(n[nH]c3cn2)c4cccc(n4)C5CCNCC5,CHEMBL3634768,Ki,9.92
858647,Fc1ccccc1c2n[nH]c3cnc(cc23)c4cnccc4O[C@@H]5CCCNC5,CHEMBL3634777,Ki,9.96
858658,NC1CCN(CC1)c2cncc(n2)c3cc4c(n[nH]c4cn3)c5ccccc5F,CHEMBL3634779,Ki,10.0
858669,Fc1cccc(F)c1c2ccc3[nH]cc(NC(=O)c4cnn5ccc(NCC6CCNCC6)nc45)c3n2,CHEMBL2387473,Ki,10.01
858680,CCN1C=NC=C(C1=O)c2cc3c(n[nH]c3cn2)c4cccc(n4)N5CCNCC5,CHEMBL3634769,Ki,10.15
858691,F[C@H]1CNCC[C@@H]1CNc2ccn3ncc(C(=O)Nc4c[nH]c5ncccc45)c3n2,CHEMBL2387478,Ki,10.21
858702,Fc1cccc(F)c1c2cnc3[nH]cc(NC(=O)c4cnn5ccc(OCC6CCNCC6)nc45)c3c2,CHEMBL2387475,Ki,10.21
858713,O=C(Nc1c[nH]c2ncccc12)c3cnn4ccc(NCC5CCNCC5)nc34,CHEMBL2387470,Ki,10.28
858724,CCn1cc(cn1)c2cc3c(n[nH]c3cn2)c4cccc(n4)N5CCNCC5,CHEMBL3634761,Ki,10.39
858735,Cc1cncc(c1)c2cc3c(n[nH]c3cn2)c4cccc(n4)N5CCNCC5,CHEMBL3634782,Ki,10.43
858746,FC1(CNc2ccn3ncc(C(=O)Nc4c[nH]c5ncccc45)c3n2)CCNCC1,CHEMBL2387462,Ki,10.44
858757,Fc1cccc(F)c1c2cnc3[nH]cc(NC(=O)c4cnn5ccc(CCC6CCNCC6)nc45)c3c2,CHEMBL2387474,Ki,10.6
858767,Cn1ncc(NC(=O)c2nc(sc2N)c3c(F)cccc3F)c1N4CCCC(N)CC4,CHEMBL3652626,Ki,10.66
858777,F[C@@H]1CNCC[C@H]1CNc2ccn3ncc(C(=O)Nc4c[nH]c5ncccc45)c3n2,CHEMBL2387479,Ki,10.66
858788,Fc1cccc(F)c1c2cnc3[nH]cc(NC(=O)c4cnn5ccc(NCC6CCNCC6)nc45)c3c2,CHEMBL2387471,Ki,10.66
858799,Fc1ccccc1c2cnc3[nH]cc(NC(=O)c4cnn5ccc(NCC6CCNCC6)nc45)c3c2,CHEMBL2387463,Ki,10.66
858810,Cn1cc(cn1)c2cc3c(n[nH]c3cn2)c4cccc(n4)N5CCC[C@@H](N)C5,CHEMBL3634756,Ki,10.68
858821,F[C@H]1CNCC[C@@H]1CNc2ccn3ncc(C(=O)Nc4c[nH]c5ncc(cc45)c6c(F)cccc6F)c3n2,CHEMBL2387465,Ki,10.72
858832,Cn1cc(cn1)c2cc3c(n[nH]c3cn2)c4cccc(n4)N5CCNCC5,CHEMBL3634770,Ki,10.77
858843,C(C1CC1)n2cc(cn2)c3cc4c(n[nH]c4cn3)c5cccc(n5)N6CCNCC6,CHEMBL3634772,Ki,10.8
858854,Cn1cc(cn1)c2cc3c(n[nH]c3cn2)c4cccc(n4)N5CCC[C@H](N)C5,CHEMBL3634758,Ki,10.82
858865,Cn1cc(cn1)c2cc3c(n[nH]c3cn2)c4cccc(n4)N5CC[C@@H](N)C5,CHEMBL3634757,Ki,10.82
858876,Cn1cc(cn1)c2cc3c(n[nH]c3cn2)c4cccc(n4)N5CCCNCC5,CHEMBL3634767,Ki,10.89
858887,N#CCn1cc(cn1)c2cc3c(n[nH]c3cn2)c4cccc(n4)N5CCNCC5,CHEMBL3634771,Ki,10.89
858898,C1CN(CCN1)c2cccc(n2)c3n[nH]c4cnc(cc34)c5cccnc5,CHEMBL3634781,Ki,11.0
858909,Cc1cncc(n1)c2cc3c(n[nH]c3cn2)c4cccc(n4)N5CCNCC5,CHEMBL3634783,Ki,11.0
858919,Cn1ncc(NC(=O)c2nc(sc2N)c3c(F)cccc3F)c1N4CCC[C@@H](N)CC4,CHEMBL3652638,Ki,11.0
