id,smiles,name,assay_type,activity_value
1549737,CC(C)(N)CNc1nc(cc2cnccc12)c3ccncc3,CHEMBL2147538,IC50,7.77
324480,CO[C@@H]1[C@@H](C[C@H]2O[C@]1(C)n3c4ccccc4c5c6CNC(=O)c6c7c8ccccc8n2c7c35)N(C)C(=O)c9ccccc9,CHEMBL608533,Kd,7.82
3893807,Clc1ccc(cc1)[C@@H]2CNC[C@H]2C(=O)Nc3cc4C=CNC(=O)c4cc3Cl,CHEMBL1082821,IC50,7.85
3890582,NCCNc1nc(cc2cnccc12)c3ccncc3,CHEMBL1214929,IC50,8.16
26231,CN[C@@H]1C[C@H]2O[C@@](C)([C@@H]1OC)n3c4ccccc4c5c6CNC(=O)c6c7c8ccccc8n2c7c35,CHEMBL388978,Kd,8.6
26212,C[C@]12O[C@H](C[C@]1(O)CO)n3c4ccccc4c5c6C(=O)NCc6c7c8ccccc8n2c7c35,CHEMBL603469,Kd,8.75
