id,smiles,name,assay_type,activity_value
1556087,CC(C)(C)NC1=C(Nc2ccnc(Nc3ccc(cc3)c4cccnc4)n2)C(=O)C1=O,CHEMBL2205425,Ki,7.55
1556099,CC(C)NCc1ccc([C@@H](C)Oc2cc(sc2C(=O)N)c3cnc4ccccn34)c(Cl)c1,CHEMBL560808,IC50,7.55
1556110,CN1CCN(CC1)c2ccc(OC(F)(F)F)c(Nc3nccc(n3)c4cc5C(=O)NCCc5n4CC(F)(F)F)c2,CHEMBL1933583,IC50,7.55
1556121,COc1cccc(COc2cc(sc2C(=O)N)n3cnc4ccccc34)c1,CHEMBL516248,IC50,7.55
1556132,COc1cc2ncn(c3cc(OCc4occc4)c(s3)C(=O)N)c2cc1OC,CHEMBL482349,IC50,7.57
1556143,C[C@@H](Oc1cc(sc1C(=O)N)c2cnc3ccccn23)c4ccc(CN5CCC(O)CC5)cc4Cl,CHEMBL564067,IC50,7.57
1556153,CNC(=O)c1nn(C)c2c1CCc3cnc(Nc4cc(ccc4OC)N5CCN(C)CC5)nc23,CHEMBL3652220,IC50,7.59
1556163,COc1c(F)c(ccc1Nc2ncc3N(C)C(=O)C(F)(F)CN(C4CCCC4)c3n2)C(=O)NC5CCN(C)CC5,CHEMBL2392547,IC50,7.59
1556173,NC(=O)c1nn(CCF)c2c1CCc3cnc(Nc4ccccc4OC(F)(F)F)nc23,CHEMBL3652221,IC50,7.59
1556183,CN1CCCN(CC1)c2ccc(OC(F)(F)F)c(Nc3ncc4CCc5c(nn(C)c5c4n3)C(=O)N)c2,CHEMBL1272195,IC50,7.6
1556194,C[C@@H](Oc1cc(sc1C(=O)N)c2cnc3ccccn23)c4ccc(CNC5CCCC5)cc4Cl,CHEMBL564529,IC50,7.6
1556208,COC[C@H]1OC(=O)c2coc3C(=O)C4=C([C@@H](C[C@@]5(C)[C@H]4CCC5=O)OC(=O)C)[C@]1(C)c23,CHEMBL428496,IC50,7.62
1556219,CCN1C(=O)[C@H](CNc2ccc(NC(=O)NCCN3CCCC3)cc2)S/C/1=C(/C#N)\C(=O)OCC=C,CHEMBL477407,IC50,7.64
1556230,C[C@@H](Oc1cc(sc1C(=O)N)c2cnc3ccccn23)c4ccc(CNC(C)(C)CO)cc4Cl,CHEMBL563411,IC50,7.64
1556241,CC(C)(C)NC1=C(Nc2ccnc(Nc3ccc4OCCc4c3)n2)C(=O)C1=O,CHEMBL2205465,Ki,7.66
1556252,C[C@@H](Oc1cc(sc1C(=O)N)c2cnc3ccccn23)c4ccc(CN(C)C)cc4Cl,CHEMBL563387,IC50,7.66
1556263,NC(=O)c1sc(cc1OCc2cccc(Cl)c2)n3cnc4ccccc34,CHEMBL445277,IC50,7.66
1556274,NC(=O)c1sc(cc1OCc2ccccc2C(F)(F)F)c3cnc4ccccn34,CHEMBL564431,IC50,7.66
1556285,CCNCc1ccc([C@@H](C)Oc2cc(sc2C(=O)N)c3cnc4ccccn34)c(Cl)c1,CHEMBL551483,IC50,7.68
1556296,COc1cc2ncn(c3cc(OCc4cccc(N)c4)c(s3)C(=O)N)c2cc1OC,CHEMBL475783,IC50,7.68
1556307,C[C@@H](Oc1cc(sc1C(=O)N)c2cnc3ccccn23)c4ccc(CNC(C)(C)C)cc4Cl,CHEMBL551545,IC50,7.68
1556318,C[C@@H](Oc1cc(sc1C(=O)N)c2cnc3ccccn23)c4ccc(CNCCO)cc4Cl,CHEMBL563363,IC50,7.68
1556329,C[C@H](Nc1cc2c(cn1)c(C)nn2c3cc(Cl)cc(CCC(=O)O)c3)c4ccccc4,CHEMBL484473,IC50,7.68
1556340,Cc1ccccc1COc2cc(sc2C(=O)N)n3cnc4cc(Cl)ccc34,CHEMBL481492,IC50,7.68
1556351,CC(=O)N1CCc2cc(Nc3nccc(NC4=C(NC(C)(C)C)C(=O)C4=O)n3)ccc12,CHEMBL2205422,Ki,7.7
26279,COc1cc(ccc1Nc2ncc(Cl)c(Nc3ccccc3S(=O)(=O)C(C)C)n2)N4CCC(CC4)N5CCN(C)CC5,CHEMBL509032,Kd,7.7
1556364,C[C@@H](Oc1cc(sc1C(=O)N)c2cnc3ccccn23)c4ccc(CN5CCC(O)C5)cc4Cl,CHEMBL562735,IC50,7.7
1556375,C[C@@H](Oc1cc(sc1C(=O)N)c2cnc3ccccn23)c4ccc(CNC(C)(C)C)cc4C(F)F,CHEMBL551078,IC50,7.7
1556386,NC(=O)c1sc2c(cc(SC(F)(F)F)cc2[n+]1[O-])[N+](=O)[O-],CHEMBL1222044,IC50,7.7
1556397,C[C@@H](Oc1cc(sc1C(=O)N)c2cnc3ccccn23)c4ccc(CNCCCO)cc4Cl,CHEMBL552084,IC50,7.72
1556408,CN1CCN(CC1)c2ccc(OC(F)(F)F)c(Nc3nccc(n3)c4cc(cn4CC(F)(F)F)C(=O)N)c2,CHEMBL1933577,IC50,7.75
1556419,C[C@@H](Oc1cc(sc1C(=O)N)n2cnc3ccc(cc23)c4ccccc4)c5ccccc5C(F)(F)F,CHEMBL1209604,IC50,7.75
1556430,Cn1cc(cc1c2ccnc(Nc3cc(ccc3OC(F)(F)F)N4CCNCC4)n2)C(=O)N,CHEMBL1933578,IC50,7.75
1556441,CC(C)(C)NC1=C(Nc2ccnc(Nc3ccc4[nH]ncc4c3)n2)C(=O)C1=O,CHEMBL2205466,Ki,7.77
1556452,COc1cc2ncn(c3cc(OCC4CCCCC4)c(s3)C(=O)N)c2cc1OC,CHEMBL520080,IC50,7.77
1556463,COc1cc2ncn(c3cc(OCc4ccccc4C(=O)C)c(s3)C(=O)N)c2cc1OC,CHEMBL514634,IC50,7.77
1556474,COc1cc2ncn(c3cc(OCc4ccsc4)c(s3)C(=O)N)c2cc1OC,CHEMBL480383,IC50,7.77
1556485,C[C@@H](Oc1cc(sc1C(=O)N)c2cnc3ccccn23)c4ccc(CN5CCN(C)CC5)cc4Cl,CHEMBL557126,IC50,7.77
1556496,CNCc1ccc([C@@H](C)Oc2cc(sc2C(=O)N)c3cnc4ccccn34)c(Cl)c1,CHEMBL555970,IC50,7.8
1556507,C[C@@H](Oc1cc(sc1C(=O)N)c2cnc3ccccn23)c4ccc(CN5CCS(=O)(=O)CC5)cc4Cl,CHEMBL552348,IC50,7.8
1556518,CC(C)(C)NC1=C(Nc2ccnc(Nc3ccc(cc3)c4csnn4)n2)C(=O)C1=O,CHEMBL2205461,Ki,7.82
1556529,CN1CCN(CC1)c2ccc(OC(F)(F)F)c(Nc3nccc(n3)c4cc(cn4C)C(=O)N)c2,CHEMBL1933576,IC50,7.82
1556540,COCCn1nc(C(=O)N)c2CCc3cnc(Nc4cc(ccc4OC(F)(F)F)N5CCN(C)CC5)nc3c12,CHEMBL1793894,IC50,7.82
1556551,COc1cc(Nc2ncc3N(C)C(=O)C(F)(F)CN(C4CCCC4)c3n2)ccc1C(=O)NC5CCN(C)CC5,CHEMBL2392550,IC50,7.82
1556563,Cc1ccccc1Nc2ncc3CCc4c(nn(C)c4c3n2)C(=O)N,CHEMBL1094477,IC50,7.82
1556574,NC(=O)c1sc(cc1OCc2ccccc2C(F)(F)F)n3cnc4ccccc34,CHEMBL481491,IC50,7.82
1556585,CC(C)(C)NC1=C(Nc2ccnc(Nc3ccc(cc3)c4ccccc4)n2)C(=O)C1=O,CHEMBL2205457,Ki,7.85
1556596,COc1cc2ncn(c3cc(OCc4ccnc(Br)c4)c(s3)C(=O)N)c2cc1OC,CHEMBL475763,IC50,7.85
1556607,NC(=O)c1sc(cc1OCc2ccccc2F)n3cnc4ccccc34,CHEMBL508763,IC50,7.85
1556618,CCC(C)(C)NC1=C(Nc2ccnc(Nc3ccc(cc3)c4ccccc4)n2)C(=O)C1=O,CHEMBL2205456,Ki,7.89
1556629,CN1CCN(CC1)c2ccc(OC(F)(F)F)c(Nc3ncc4CCc5c(nn(CCCl)c5c4n3)C(=O)N)c2,CHEMBL1793895,IC50,7.89
1556639,COc1ccc(COc2cc(sc2C(=O)N)n3cnc4cc(OC)c(OC)cc34)cc1,CHEMBL514643,IC50,7.89
1556650,C[C@@H](Oc1cc(sc1C(=O)N)c2cnc3ccccn23)c4ccc(CN5CCC(F)CC5)cc4Cl,CHEMBL563469,IC50,7.89
1556661,COc1cc(Nc2ncc(c(Nc3ccccc3C(=O)N)n2)[N+](=O)[O-])cc(OC)c1OC,CHEMBL1241473,Ki,7.92
1556672,COc1cc(ccc1Nc2ncc3N(C)C(=O)CCN(C4CCCC4)c3n2)C(=O)NC5CCN(C)CC5,CHEMBL2392552,IC50,7.92
1556683,COc1cc2ncn(c3cc(OCc4ccccc4)c(s3)C(=O)N)c2cc1OC,CHEMBL475857,IC50,7.92
1556694,COc1ccccc1COc2cc(sc2C(=O)N)n3cnc4ccccc34,CHEMBL475597,IC50,7.92
1556705,CS(=O)(=O)c1ccc2ncn(c3cc(OCc4ccccc4C(F)(F)F)c(s3)C(=O)N)c2c1,CHEMBL514826,IC50,7.92
1556716,C[C@@H](Oc1cc(sc1C(=O)N)c2cnc3ccccn23)c4ccc(CN5CCNC(=O)C5)cc4Cl,CHEMBL550475,IC50,7.92
1556727,C[C@@H](Oc1cc(sc1C(=O)N)c2cnc3ccccn23)c4ccc(CNC5CC5)cc4Cl,CHEMBL561286,IC50,7.92
1556738,Cc1cccc(COc2cc(sc2C(=O)N)n3cnc4ccccc34)c1,CHEMBL449608,IC50,7.92
1556749,Cc1ccccc1COc2cc(sc2C(=O)N)n3cnc4ccccc34,CHEMBL518956,IC50,7.92
1556760,NC(=O)c1sc(cc1OCc2ccccc2Cl)n3cnc4ccccc34,CHEMBL474603,IC50,7.92
1556771,COc1cc2ncn(c3cc(OCc4cccs4)c(s3)C(=O)N)c2cc1OC,CHEMBL480382,IC50,7.96
1556782,NC(=O)c1sc(cc1OCc2ccccc2Br)n3cnc4ccccc34,CHEMBL518953,IC50,7.96
1556793,CC(C)(C)NC1=C(Nc2ccnc(Nc3ccc(cc3)c4cn[nH]c4)n2)C(=O)C1=O,CHEMBL2205423,Ki,8.0
1556804,CC(C)(C)NC1=C(Nc2ccnc(Nc3ccc4c(c3)[nH]c5ccccc45)n2)C(=O)C1=O,CHEMBL2205462,Ki,8.0
1556814,CN1CCN(CC1)c2ccc(OC(F)(F)F)c(Nc3ncc4CCc5c(nn(C)c5c4n3)C(=O)O)c2,CHEMBL3652219,IC50,8.0
1556824,COc1ccc(cc1Nc2ncc3CCc4c(nn(C)c4c3n2)C(=O)N)N5CCN(C)CC5,CHEMBL1094408,IC50,8.0
1556834,C[C@@H](Oc1cc(sc1C(=O)N)c2cnc3ccccn23)c4ccc(CNC(C)(C)C)cc4OC(F)F,CHEMBL551079,IC50,8.01
1556845,CN1CCN(CC1)c2ccc(OC(F)(F)F)c(Nc3nccc(n3)c4cc5C(=O)NCCc5n4C)c2,CHEMBL1933582,IC50,8.05
1556856,COc1cc(OC)c(\C=C\S(=O)(=O)Cc2ccc(OC)c(NCC(=O)O)c2)c(OC)c1,CHEMBL1241855,IC50,8.05
1556867,NC(=O)c1sc(cc1OCc2ccccc2Br)n3cnc4ccc(cc34)C(F)(F)F,CHEMBL481510,IC50,8.05
1556878,CCN1CCN(CC1)c2ccc(OC(F)(F)F)c(Nc3ncc4CCc5c(nn(C)c5c4n3)C(=O)N)c2,CHEMBL1271590,IC50,8.1
1556889,CC[C@H]1N(C2CCCC2)c3nc(ncc3N(C)C1=O)n4ccnc4c5ccccc5,CHEMBL2401963,IC50,8.1
1556900,CN1CCC(=CC1)c2ccc(OC(F)(F)F)c(Nc3ncc4CCc5c(nn(C)c5c4n3)C(=O)N)c2,CHEMBL1774327,IC50,8.1
1556910,COc1ccc2c(c1)ncn2c3cc(OCc4ccccc4C(F)(F)F)c(s3)C(=O)N,CHEMBL514968,IC50,8.1
1556921,COc1ccccc1COc2cc(sc2C(=O)N)n3cnc4cc(OC)c(OC)cc34,CHEMBL474054,IC50,8.1
1556932,C[C@@H](Oc1cc(sc1C(=O)N)n2cnc3cc(ccc23)c4ccnc(c4)N5CCNCC5)c6ccccc6Cl,CHEMBL1208894,IC50,8.1
1556943,C[C@@H](Oc1cc(sc1C(=O)N)c2cnc3ccc(CO)cn23)c4ccccc4Cl,CHEMBL563447,IC50,8.14
1556954,CC[C@H]1N(CC(C)C)c2nc(Nc3ccc(cc3OC)C(=O)NC4CCN(C)CC4)ncc2N(C)C1=O,CHEMBL3609307,Ki,8.16
1556964,COc1ccc(CO)cc1Nc2ncc3CCc4c(nn(C)c4c3n2)C(=O)N,CHEMBL3652224,IC50,8.16
1556974,C[C@@H](Oc1cc(sc1C(=O)N)c2cnc3ccccn23)c4ccccc4Cl,CHEMBL560014,IC50,8.16
1556985,C[C@@H](Oc1cc(sc1C(=O)N)n2cnc3ccc(OCC4CCN(C)CC4)cc23)c5ccccc5C(F)(F)F,CHEMBL1794068,IC50,8.16
1556996,CCn1nc(C(=O)N)c2CCc3cnc(Nc4cc(ccc4OC(F)(F)F)N5CCN(C)CC5)nc3c12,CHEMBL1793893,IC50,8.22
1557007,CN1CCC(CC1)c2ccc(OC(F)(F)F)c(Nc3ncc4CCc5c(cn(C)c5c4n3)C(=O)N)c2,CHEMBL1774328,IC50,8.22
1557018,CN1CCN(CC1)c2ccc(OC(F)(F)F)c(Nc3ncc4CCc5c(nn(C=C)c5c4n3)C(=O)N)c2,CHEMBL1793896,IC50,8.22
1557029,COc1cc2ncn(c3cc(OCc4ccccc4C#N)c(s3)C(=O)N)c2cc1OC,CHEMBL474029,IC50,8.22
1557040,COc1cc2ncn(c3cc(OCc4ccccc4C(F)(F)F)c(s3)C(=S)N)c2cc1OC,CHEMBL482151,IC50,8.22
1557051,C[C@@H](Oc1cc(sc1C(=O)N)n2cnc3cc(ccc23)c4ccccc4)c5ccccc5C(F)(F)F,CHEMBL1209603,IC50,8.22
1557062,C[C@@H](Oc1cc(sc1C(=O)N)n2cnc3cc(ccc23)c4ccccn4)c5ccccc5C(F)(F)F,CHEMBL1209756,IC50,8.22
1557073,C[C@@H](Oc1cc(sc1C(=O)N)n2cnc3ccc(OCC4CCN(C)CC4)cc23)c5ccccc5Cl,CHEMBL1794069,IC50,8.22
1557084,NC(=O)c1nn(CC(F)(F)F)c2c1CCc3cnc(Nc4ccccc4)nc23,CHEMBL1095709,IC50,8.22
1557095,CC[C@H]1N(Cc2cccc(Br)c2)c3nc(Nc4ccc(cc4OC)C(=O)NC5CCN(C)CC5)ncc3N(C)C1=O,CHEMBL3609308,Ki,8.24
478928,CC(C)(C)NC1=C(Nc2ccnc(Nc3ccc(cc3)c4ccncc4)n2)C(=O)C1=O,CHEMBL2205426,Ki,8.3
1557107,CN1CCN(CC1)c2ccc(C)c(Nc3ncc4CCc5c(nn(C)c5c4n3)C(=O)O)c2,CHEMBL3652222,IC50,8.3
1557117,CN1CCN(CC1)c2ccc(OC(F)(F)F)c(Nc3ncc4CCc5c(nn(CCF)c5c4n3)C(=O)N)c2,CHEMBL1793892,IC50,8.3
1557127,COc1cc(ccc1Nc2ncc3N(C)C(=O)[C@](F)(CN(C4CCCC4)c3n2)C=C)C(=O)NC5CCN(C)CC5,CHEMBL2392558,IC50,8.3
1557138,COc1cc2ncn(c3cc(OCc4ccccc4OC(F)(F)F)c(s3)C(=O)N)c2cc1OC,CHEMBL474053,IC50,8.3
1557149,C[C@@H](Oc1cc(sc1C(=O)N)n2cnc3cc(ccc23)c4ccc[nH]4)c5ccccc5C(F)(F)F,CHEMBL1209758,IC50,8.3
1557495,C[C@@H](Oc1cc(sc1C(=O)N)n2cnc3cc(ccc23)c4ccnc(c4)N5CCOCC5)c6ccccc6C(F)(F)F,CHEMBL1208960,IC50,8.3
1557506,C[C@@H](Oc1cc(sc1C(=O)N)c2cnc3ccccn23)c4ccc(CO)cc4Cl,CHEMBL560488,IC50,8.31
1557517,COc1cc(ccc1Nc2ncc3N(Cc4ccccc4)C(=O)[C@@H](Cc5ccccc5)N(C6CCCC6)c3n2)C(=O)NC7CCN(C)CC7,CHEMBL3609306,Ki,8.38
1557528,CC(C)(C)NC1=C(Nc2ccnc(Nc3ccc4c(Cc5ccccc45)c3)n2)C(=O)C1=O,CHEMBL2205458,Ki,8.4
1557539,CN1CCN(CC1)c2ccc(OC(F)(F)F)c(Nc3ncc4CCc5c(n[nH]c5c4n3)C(=O)N)c2,CHEMBL1793891,IC50,8.4
1557550,COc1cc(ccc1Nc2ncc3N(C)C(=O)C(F)(F)CN(C4CCCC4)c3n2)C(=O)NC5CCN(C)CC5,CHEMBL2392553,IC50,8.4
1557561,C[C@@H](Oc1cc(sc1C(=O)N)n2cnc3cc(ccc23)c4ccnc(Cl)c4)c5ccccc5C(F)(F)F,CHEMBL1208833,IC50,8.4
1557572,C[C@@H](Oc1cc(sc1C(=O)N)n2cnc3ccc(OCCCN(C)C)cc23)c4ccccc4Cl,CHEMBL1964261,IC50,8.4
1557583,C[C@@H](Oc1cc(sc1C(=O)N)n2cnc3ccc(O[C@@H]4CCCN(C)CC4)cc23)c5ccccc5Cl,CHEMBL1964265,IC50,8.4
1557594,Cc1ccccc1COc2cc(sc2C(=O)N)n3cnc4ccc(Cl)cc34,CHEMBL519120,IC50,8.4
1557606,CC[C@H]1N(C2CCCC2)c3nc(Nc4ccc(cc4OC)C(=O)NC5CCN(C)CC5)ncc3N(C)C1=O,CHEMBL513909,Ki,8.52
1557617,CN1CCN(CC1)c2ccc(OC(F)(F)F)c(Nc3ncc4CCc5c(nn(C)c5c4n3)C(=O)N)c2,CHEMBL1272140,IC50,8.52
1557628,CN1CCN(CC1)c2ccc(OC(F)(F)F)c(Nc3ncc4CCc5c(nn(CCO)c5c4n3)C(=O)N)c2,CHEMBL1738758,IC50,8.52
1557638,COc1cc(CNCc2ccncc2)ccc1OCc3ccc(Cl)cc3,CHEMBL3344193,IC50,8.52
1557649,COc1cc(ccc1Nc2ncc3N(C)C(=O)[C@](F)(CN(C4CCCC4)c3n2)C=C)C(=O)NN5CCN(C)CC5,CHEMBL2392544,IC50,8.52
1557660,COc1ccc2ncn(c3cc(O[C@H](C)c4ccccc4C(F)(F)F)c(s3)C(=O)N)c2c1,CHEMBL522709,IC50,8.52
1557671,C[C@@H](Oc1cc(sc1C(=O)N)n2cnc3cc(ccc23)c4cccs4)c5ccccc5C(F)(F)F,CHEMBL1209757,IC50,8.52
1557682,C[C@@H](Oc1cc(sc1C(=O)N)n2cnc3cc(ccc23)c4ccnc(NCCN(C)C)c4)c5ccccc5C(F)(F)F,CHEMBL1208961,IC50,8.52
1557693,C[C@@H](Oc1cc(sc1C(=O)N)n2cnc3cc(ccc23)c4ccnc(c4)N5CCN(C)CC5)c6ccccc6C(F)(F)F,CHEMBL1208959,IC50,8.52
1557704,C[C@@H](Oc1cc(sc1C(=O)N)n2cnc3ccc(OC4CCNCC4)cc23)c5ccccc5C(F)(F)F,CHEMBL1964263,IC50,8.52
1557715,C[C@@H](Oc1cc(sc1C(=O)N)n2cnc3ccc(OC[C@H](O)CN4CCCC4)cc23)c5ccccc5Cl,CHEMBL1964262,IC50,8.52
1557726,C[C@@H](Oc1cc(sc1C(=O)N)n2cnc3ccc(O[C@H]4CCCN(C)CC4)cc23)c5ccccc5Cl,CHEMBL1964264,IC50,8.52
1557737,CC[C@@]1(F)CN(C2CCCC2)c3nc(Nc4ccc(cc4OC)C(=O)NC5CCN(C)CC5)ncc3N(C)C1=O,CHEMBL2392554,IC50,8.7
1557748,COc1cc(C(=O)NC2CCN(C)CC2)c(F)cc1Nc3ncc4N(C)C(=O)C(F)(F)CN(C5CCCC5)c4n3,CHEMBL2392545,IC50,8.7
1557759,COc1cc2ncn(c3cc(OCc4ccccc4Br)c(s3)C(=O)N)c2cc1OC,CHEMBL474028,IC50,8.7
1557770,COc1cc2ncn(c3cc(OCc4ccccc4C(F)(F)F)c(s3)C(=O)N)c2cc1OC,CHEMBL514499,IC50,8.7
1557781,COc1cc2ncn(c3cc(OCc4ccccc4C(F)(F)F)c(s3)C(=O)O)c2cc1OC,CHEMBL474432,IC50,8.7
1557792,COc1cc2ncn(c3cc(OCc4ccccc4Cl)c(s3)C(=O)N)c2cc1OC,CHEMBL514162,IC50,8.7
1557803,COc1cc2ncn(c3cc(OCc4sccc4Cl)c(s3)C(=O)N)c2cc1OC,CHEMBL480545,IC50,8.7
1557814,COc1ccc2ncn(c3cc(OCc4ccccc4C(F)(F)F)c(s3)C(=O)N)c2c1,CHEMBL474843,IC50,8.7
1557825,C[C@@H](Oc1cc(sc1C(=O)N)n2cnc3cc(ccc23)c4ccc(NC5CCN(C)CC5)nc4)c6ccccc6Cl,CHEMBL1208965,IC50,8.7
1557836,C[C@@H](Oc1cc(sc1C(=O)N)n2cnc3cc(ccc23)c4ccnc(c4)N5CCN(C)CC5)c6ccccc6Cl,CHEMBL1208958,IC50,8.7
1557847,C[C@@H](Oc1cc(sc1C(=O)N)n2cnc3cc(ccc23)c4cnn(CCCN(C)C)c4)c5ccccc5Cl,CHEMBL1209017,IC50,8.7
1557859,C[C@@H](Oc1cc(sc1C(=O)N)n2cnc3ccc(OC4CCN(C)CC4)cc23)c5ccccc5C(F)(F)F,CHEMBL1615278,IC50,8.7
1557870,C[C@@H](Oc1cc(sc1C(=O)N)n2cnc3ccc(OC4CCN(C)CC4)cc23)c5ccccc5Cl,CHEMBL1794070,IC50,8.7
1557881,C[C@@H](Oc1cc(sc1C(=O)N)n2cnc3ccc(cc23)c4cccnc4)c5ccccc5C(F)(F)F,CHEMBL1209677,IC50,8.7
1557892,C[C@@H](Oc1cc(sc1C(=O)N)n2cnc3ccc(cc23)c4ccncc4)c5ccccc5C(F)(F)F,CHEMBL1209606,IC50,8.7
1557903,C[C@@H](Oc1cc(sc1C(=O)N)n2cnc3ccc(cc23)c4ccncc4)c5ccccc5Cl,CHEMBL1209675,IC50,8.7
1557914,Cn1nc(C(=O)N)c2CCc3cnc(Nc4cc(ccc4OC(F)(F)F)N5CCNCC5)nc3c12,CHEMBL1271644,IC50,8.7
1557924,CCN1CCN(CCCn2cc(cn2)c3ccc4c(c3)ncn4c5cc(O[C@H](C)c6ccccc6Cl)c(s5)C(=O)N)CC1,CHEMBL1209018,IC50,9.0
1557935,CN1CCC(CC1)NC(=O)c2ccc(Nc3ncc4N(C)C(=O)C(F)(F)CN(C5CCCC5)c4n3)cc2,CHEMBL2392548,IC50,9.0
1557946,COc1cc(C(=O)NC2CCN(C)CC2)c(Cl)cc1Nc3ncc4N(C)C(=O)C(F)(F)CN(C5CCCC5)c4n3,CHEMBL2392549,IC50,9.0
1557957,COc1cc(ccc1Nc2ncc3N(C)C(=O)[C@@H](CC=C)CN(C4CCCC4)c3n2)C(=O)NC5CCN(C)CC5,CHEMBL2392556,IC50,9.0
1557968,COc1ccc2ncn(c3cc(O[C@H](C)c4ccccc4Cl)c(s3)C(=O)N)c2c1,CHEMBL493326,IC50,9.0
1557979,C[C@@H](Oc1cc(sc1C(=O)N)n2cnc3cc(ccc23)c4cccnc4)c5ccccc5C(F)(F)F,CHEMBL1209676,IC50,9.0
1557990,C[C@@H](Oc1cc(sc1C(=O)N)n2cnc3cc(ccc23)c4ccnc(C)c4)c5ccccc5C(F)(F)F,CHEMBL1209844,IC50,9.0
1558001,C[C@@H](Oc1cc(sc1C(=O)N)n2cnc3cc(ccc23)c4ccnc(N)c4)c5ccccc5C(F)(F)F,CHEMBL1208835,IC50,9.0
1558012,C[C@@H](Oc1cc(sc1C(=O)N)n2cnc3cc(ccc23)c4ccnc(N)n4)c5ccccc5C(F)(F)F,CHEMBL1208892,IC50,9.0
1558023,C[C@@H](Oc1cc(sc1C(=O)N)n2cnc3cc(ccc23)c4ccnc(NC5CCN(C)CC5)c4)c6ccccc6Cl,CHEMBL1208964,IC50,9.0
1558034,C[C@@H](Oc1cc(sc1C(=O)N)n2cnc3cc(ccc23)c4ccnc(NC5CCN(C)CC5)n4)c6ccccc6Cl,CHEMBL1208966,IC50,9.0
1558045,C[C@@H](Oc1cc(sc1C(=O)N)n2cnc3cc(ccc23)c4ccnc(NCCO)c4)c5ccccc5Cl,CHEMBL1208963,IC50,9.0
1558056,C[C@@H](Oc1cc(sc1C(=O)N)n2cnc3cc(ccc23)c4ccnc(NCCS(=O)(=O)C)c4)c5ccccc5Cl,CHEMBL1208962,IC50,9.0
1558067,C[C@@H](Oc1cc(sc1C(=O)N)n2cnc3cc(ccc23)c4ccncc4)c5ccccc5C(F)(F)F,CHEMBL1209605,IC50,9.0
1558078,C[C@@H](Oc1cc(sc1C(=O)N)n2cnc3cc(ccc23)c4ccncc4)c5ccccc5Cl,CHEMBL1209674,IC50,9.0
1558089,C[C@@H](Oc1cc(sc1C(=O)N)n2cnc3cc(ccc23)c4cn[nH]c4)c5ccccc5C(F)(F)F,CHEMBL1209759,IC50,9.0
1558100,C[C@@H](Oc1cc(sc1C(=O)N)n2cnc3cc(ccc23)c4cnc(N)nc4)c5ccccc5C(F)(F)F,CHEMBL1208893,IC50,9.0
1558111,C[C@@H](Oc1cc(sc1C(=O)N)n2cnc3cc(ccc23)c4cnn(C)c4)c5ccccc5C(F)(F)F,CHEMBL1209841,IC50,9.0
1558122,C[C@@H](Oc1cc(sc1C(=O)N)n2cnc3cc(ccc23)c4cnn(C)c4)c5ccccc5Cl,CHEMBL1209842,IC50,9.0
1558133,C[C@@H](Oc1cc(sc1C(=O)N)n2cnc3cc(ccc23)c4cnn(CCN5CCN(C)CC5)c4)c6ccccc6Cl,CHEMBL1209016,IC50,9.0
1558144,C[C@@H](Oc1cc(sc1C(=O)N)n2cnc3cc(ccc23)c4cnn(CCN5CCOCC5)c4)c6ccccc6Cl,CHEMBL1209015,IC50,9.0
1558155,C[C@@H](Oc1cc(sc1C(=O)N)n2cnc3ccc(OC[C@@H](O)CO)cc23)c4ccccc4Cl,CHEMBL1794067,IC50,9.0
1558166,C[C@@H](Oc1cc(sc1C(=O)N)n2cnc3ccc(cc23)c4cnn(C)c4)c5ccccc5Cl,CHEMBL1209843,IC50,9.0
1558177,CC[C@H]1N(C2CCCC2)c3nc(Nc4ccc(cc4OC)C(=O)NC5CCN(C)CC5)ncc3N(CC)C1=O,CHEMBL3609300,Ki,9.04
1558188,CC[C@H]1N(C(C)C)c2nc(Nc3ccc(cc3OC)C(=O)N[C@@H]4CC[C@H](CC4)N5CCN(CC6CC6)CC5)ncc2N(C)C1=O,CHEMBL1233528,IC50,9.06
1558199,CC[C@H]1N(C2CCCC2)c3nc(Nc4ccc(cc4OC5CCCC5)C(=O)NC6CCN(C)CC6)ncc3N(C)C1=O,CHEMBL3609314,Ki,9.08
1558210,COc1cc2ncn(c3cc(O[C@H](C)c4ccccc4Cl)c(s3)C(=O)N)c2cc1OC,CHEMBL222419,IC50,9.1
1558221,CC[C@H]1N(C2CCCC2)c3nc(Nc4ccc(C(=O)NC5CCN(C)CC5)c(OC)c4)ncc3N(C)C1=O,CHEMBL3609310,Ki,9.28
1558232,CC[C@@H]1N(C2CCCC2)c3nc(Nc4ccc(cc4OC)C(=O)NC5CCN(C)CC5)ncc3N(C)C1=O,CHEMBL3609305,Ki,9.38
1558243,C[C@@H](Oc1cc(sc1C(=O)N)n2cnc3ccc(CN4CCN(C)CC4)cc23)c5ccccc5C(F)(F)F,CHEMBL1908394,Kd,10.03
