id,smiles,name,assay_type,activity_value
2289041,Cn1nc(C(=O)N)c2CCc3cnc(Nc4ccccc4F)nc3c12,CHEMBL1095771,IC50,7.57
2289053,CC[C@H]1N(C(C)C)c2nc(ncc2N(C)C1=O)n3ccnc3c4ccccc4,CHEMBL2401965,IC50,7.6
2289064,COc1ccccc1Nc2ncc3CCc4c(nn(C)c4c3n2)C(=O)N,CHEMBL1094135,IC50,7.62
2289075,CC[C@H]1N([C@@H]2CCOC2)c3nc(ncc3N(C)C1=O)n4ccnc4c5ccccc5,CHEMBL2401972,IC50,7.68
2289086,CC[C@H]1N(c2cnn(C)c2)c3nc(ncc3N(C)C1=O)n4ccnc4c5ccc(F)cc5,CHEMBL2402080,IC50,7.68
1556834,C[C@@H](Oc1cc(sc1C(=O)N)c2cnc3ccccn23)c4ccc(CNC(C)(C)C)cc4OC(F)F,CHEMBL551079,IC50,7.68
2289099,CCC1N(c2ccccc2)c3nc(ncc3N(C)C1=O)n4ccnc4c5ccccc5,CHEMBL2401974,IC50,7.77
2289110,CCC1N(c2ccc(F)cc2)c3nc(ncc3N(C)C1=O)n4ccnc4c5ccc(F)cc5,CHEMBL2401975,IC50,7.82
2289121,CSc1ccccc1Nc2ncc3CCc4c(nn(C)c4c3n2)C(=O)N,CHEMBL1094478,IC50,7.85
2289132,CCC1N(C2CCC(F)(F)C2)c3nc(ncc3N(C)C1=O)n4ccnc4c5ccc(F)cc5,CHEMBL2401968,IC50,7.89
2289143,CC[C@H]1N(C2CC(F)(F)C2)c3nc(ncc3N(C)C1=O)n4ccnc4c5ccc(F)cc5,CHEMBL2401969,IC50,7.92
2289154,CC[C@H]1N(c2cn[nH]c2)c3nc(ncc3N(C)C1=O)n4ccnc4c5ccc(F)cc5,CHEMBL2402078,IC50,7.92
2289165,CNc1ccccc1Nc2ncc3CCc4c(nn(C)c4c3n2)C(=O)N,CHEMBL1095457,IC50,7.92
2289176,Cn1nc(C(=O)N)c2CCc3cnc(Nc4ccccc4N)nc3c12,CHEMBL1097022,IC50,7.92
2289187,CCC1N(c2cc[nH]n2)c3nc(ncc3N(C)C1=O)n4ccnc4c5ccc(F)cc5,CHEMBL2402079,IC50,8.05
2289198,CC[C@H]1N(CCC(F)(F)F)c2nc(ncc2N(C)C1=O)n3ccnc3c4ccccc4,CHEMBL2401966,IC50,8.05
2289209,Cn1nc(C(=O)N)c2CCc3cnc(Nc4ccccc4)nc3c12,CHEMBL559845,IC50,8.05
2289220,CC[C@H]1N([C@H]2CCOC2)c3nc(ncc3N(C)C1=O)n4ccnc4c5ccccc5,CHEMBL2401971,IC50,8.1
2289231,CC[C@H]1N(c2ccn(C)n2)c3nc(ncc3N(C)C1=O)n4ccnc4c5ccc(F)cc5,CHEMBL2402081,IC50,8.16
1556889,CC[C@H]1N(C2CCCC2)c3nc(ncc3N(C)C1=O)n4ccnc4c5ccccc5,CHEMBL2401963,IC50,8.3
2289244,C[C@H](Nc1cc2c(noc2cn1)c3ccc4OCOc4c3)c5ccccc5,CHEMBL522618,IC50,8.4
478928,CC(C)(C)NC1=C(Nc2ccnc(Nc3ccc(cc3)c4ccncc4)n2)C(=O)C1=O,CHEMBL2205426,Ki,8.7
1556563,Cc1ccccc1Nc2ncc3CCc4c(nn(C)c4c3n2)C(=O)N,CHEMBL1094477,IC50,8.7
1557606,CC[C@H]1N(C2CCCC2)c3nc(Nc4ccc(cc4OC)C(=O)NC5CCN(C)CC5)ncc3N(C)C1=O,CHEMBL513909,Kd,9.09
