id,smiles,name,assay_type,activity_value
1557903,C[C@@H](Oc1cc(sc1C(=O)N)n2cnc3ccc(cc23)c4ccncc4)c5ccccc5Cl,CHEMBL1209675,IC50,7.6
2289244,C[C@H](Nc1cc2c(noc2cn1)c3ccc4OCOc4c3)c5ccccc5,CHEMBL522618,IC50,7.62
4739240,CN(C)CCCc1ccc(C)c(Nc2ncc3CC(=S)Nc4cc(Cl)ccc4c3n2)c1,CHEMBL1945171,IC50,7.75
2289121,CSc1ccccc1Nc2ncc3CCc4c(nn(C)c4c3n2)C(=O)N,CHEMBL1094478,IC50,7.8
1557979,C[C@@H](Oc1cc(sc1C(=O)N)n2cnc3cc(ccc23)c4cccnc4)c5ccccc5C(F)(F)F,CHEMBL1209676,IC50,7.8
1557892,C[C@@H](Oc1cc(sc1C(=O)N)n2cnc3ccc(cc23)c4ccncc4)c5ccccc5C(F)(F)F,CHEMBL1209606,IC50,7.8
2289209,Cn1nc(C(=O)N)c2CCc3cnc(Nc4ccccc4)nc3c12,CHEMBL559845,IC50,7.85
2289064,COc1ccccc1Nc2ncc3CCc4c(nn(C)c4c3n2)C(=O)N,CHEMBL1094135,IC50,7.89
1558166,C[C@@H](Oc1cc(sc1C(=O)N)n2cnc3ccc(cc23)c4cnn(C)c4)c5ccccc5Cl,CHEMBL1209843,IC50,7.89
2289176,Cn1nc(C(=O)N)c2CCc3cnc(Nc4ccccc4N)nc3c12,CHEMBL1097022,IC50,7.89
4229099,CN(C)CCCc1cccc(Nc2ncc3CC(=S)Nc4cc(Cl)ccc4c3n2)c1,CHEMBL1945170,IC50,7.92
2289165,CNc1ccccc1Nc2ncc3CCc4c(nn(C)c4c3n2)C(=O)N,CHEMBL1095457,IC50,7.96
1558078,C[C@@H](Oc1cc(sc1C(=O)N)n2cnc3cc(ccc23)c4ccncc4)c5ccccc5Cl,CHEMBL1209674,IC50,8.0
4739271,CN(C)CCCc1cc(Nc2ncc3CC(=S)Nc4cc(Cl)ccc4c3n2)ccc1C(F)(F)F,CHEMBL1945801,IC50,8.05
1557770,COc1cc2ncn(c3cc(OCc4ccccc4C(F)(F)F)c(s3)C(=O)N)c2cc1OC,CHEMBL514499,IC50,8.05
1557792,COc1cc2ncn(c3cc(OCc4ccccc4Cl)c(s3)C(=O)N)c2cc1OC,CHEMBL514162,IC50,8.05
1558067,C[C@@H](Oc1cc(sc1C(=O)N)n2cnc3cc(ccc23)c4ccncc4)c5ccccc5C(F)(F)F,CHEMBL1209605,IC50,8.1
4739288,CN(C)CCCc1cc(Nc2ncc3CC(=S)Nc4cc(Cl)ccc4c3n2)ccc1F,CHEMBL1945501,IC50,8.16
1558210,COc1cc2ncn(c3cc(O[C@H](C)c4ccccc4Cl)c(s3)C(=O)N)c2cc1OC,CHEMBL222419,IC50,8.22
1558111,C[C@@H](Oc1cc(sc1C(=O)N)n2cnc3cc(ccc23)c4cnn(C)c4)c5ccccc5C(F)(F)F,CHEMBL1209841,IC50,8.22
1558122,C[C@@H](Oc1cc(sc1C(=O)N)n2cnc3cc(ccc23)c4cnn(C)c4)c5ccccc5Cl,CHEMBL1209842,IC50,8.22
1556563,Cc1ccccc1Nc2ncc3CCc4c(nn(C)c4c3n2)C(=O)N,CHEMBL1094477,IC50,8.22
478842,COc1cc(Nc2ncc(F)c(Nc3ccc4OC(C)(C)C(=O)Nc4n3)n2)cc(OC)c1OC,CHEMBL475251,Kd,8.29
4739309,CN(C)CCCc1cc(Cl)cc(Nc2ncc3CC(=S)Nc4cc(Cl)ccc4c3n2)c1,CHEMBL1945500,IC50,8.3
4739320,COc1ccc(Nc2ncc3CC(=S)Nc4cc(Cl)ccc4c3n2)cc1CCCN(C)C,CHEMBL1945502,IC50,8.3
1558012,C[C@@H](Oc1cc(sc1C(=O)N)n2cnc3cc(ccc23)c4ccnc(N)n4)c5ccccc5C(F)(F)F,CHEMBL1208892,IC50,8.3
1557606,CC[C@H]1N(C2CCCC2)c3nc(Nc4ccc(cc4OC)C(=O)NC5CCN(C)CC5)ncc3N(C)C1=O,CHEMBL513909,Kd,8.4
478928,CC(C)(C)NC1=C(Nc2ccnc(Nc3ccc(cc3)c4ccncc4)n2)C(=O)C1=O,CHEMBL2205426,Ki,8.7
