id,smiles,name,assay_type,activity_value
478442,CNC(=O)C1=C(SC2=CC=C3C(NN=C3\C=C\C3=CC=CC=N3)=C2)C=CC=C1,axitinib,Ki,8.38
6111667,COCCOc1ccc2Nc3ncnc4[nH]cc(CN(C)CCCN(C)C(=O)COc1c2)c34,CHEMBL2407901,Ki,7.6
6111678,O=C1Nc2ccccc2/C/1=C\c3ccc4cn[nH]c4c3,CHEMBL2407911,Ki,7.66
617948,O=C(N1CCNCC1)c2ccc(\C=C\c3n[nH]c4ccccc34)cc2,CHEMBL1908397,Kd,7.68
6111691,C[C@@H]1CN(Cc2cccc(\C=C\c3n[nH]c4cc(ccc34)[C@@H]5C[C@@]56C(=O)Nc7ccccc67)c2)C[C@H](C)O1,CHEMBL3408950,IC50,7.7
6111704,O=C1Nc2ccccc2/C/1=C\c3ccc4c(\C=C\c5ccccn5)n[nH]c4c3,CHEMBL2407745,IC50,7.89
527838,COc1ccc2NC(=O)[C@@]3(C[C@H]3c4ccc5c(\C=C\c6ccc(CN7C[C@@H](C)O[C@@H](C)C7)cc6)n[nH]c5c4)c2c1,CHEMBL3408947,EC50,7.91
634976,CN1CCN(CC1)c2cc(Nc3cc(C)[nH]n3)nc(Sc4ccc(NC(=O)C5CC5)cc4)n2,CHEMBL572878,Ki,7.96
4227590,COc1cc2Nc3n[nH]c(C)c3N=C(c4ccccc4Cl)c2cc1F,CHEMBL1980391,Ki,7.96
6111721,O=C1Nc2ccccc2[C@]13C[C@H]3c4ccc5c(\C=C\c6cccc(CN7CCOCC7)c6)n[nH]c5c4,CHEMBL3408949,IC50,8.12
6111732,C[C@@H]1CN(Cc2ccc(\C=C\c3n[nH]c4cc(ccc34)[C@@H]5C[C@@]56C(=O)Nc7ccccc67)cc2)C[C@H](C)O1,CHEMBL3408946,IC50,8.13
6111744,COc1ccc2NC(=O)\C(=C\c3ccc4c(\C=C\c5ccc(nc5)N6CCN(C)CC6)n[nH]c4c3)\c2c1,CHEMBL2407900,IC50,8.14
6111756,Cc1ccc2NC(=O)[C@@]3(C[C@H]3c4ccc5c(\C=C\c6ccc(CN7CCOCC7)cc6)n[nH]c5c4)c2c1,CHEMBL3353357,IC50,8.14
478928,CC(C)(C)NC1=C(Nc2ccnc(Nc3ccc(cc3)c4ccncc4)n2)C(=O)C1=O,CHEMBL2205426,Ki,8.16
5639076,O=C1Nc2ccccc2[C@]13C[C@H]3c4ccc5c(\C=C\c6ccc(CN7CCCCC7)cc6)n[nH]c5c4,CHEMBL3353362,IC50,8.17
6111771,Cc1ccc(\C=C\c2n[nH]c3cc(ccc23)[C@@H]4C[C@@]45C(=O)Nc6ccccc56)c(C)n1,CHEMBL3353344,IC50,8.2
6111782,COc1ccc2N(C)C(=O)[C@@]3(C[C@H]3c4ccc5c(\C=C\c6ccc(CN7C[C@@H](C)O[C@@H](C)C7)cc6)n[nH]c5c4)c2c1,CHEMBL3408948,IC50,8.24
6111794,O=C1Nc2ccccc2/C/1=C\c3ccc4c(\C=C\c5ccncc5)n[nH]c4c3,CHEMBL2407749,IC50,8.27
6111805,O=C1Nc2ccccc2[C@]13C[C@H]3c4ccc5c(\C=C\c6ccc(CN7CC8CCC(C7)O8)cc6)n[nH]c5c4,CHEMBL3408952,IC50,8.28
6111816,Fc1ccc2NC(=O)[C@@]3(C[C@H]3c4ccc5c(\C=C\c6ccc(CN7CCOCC7)cc6)n[nH]c5c4)c2c1,CHEMBL3353356,IC50,8.31
6111827,Cc1ccc(\C=C\c2n[nH]c3cc(ccc23)[C@@H]4C[C@@]45C(=O)Nc6ccccc56)cn1,CHEMBL3353343,IC50,8.34
478842,COc1cc(Nc2ncc(F)c(Nc3ccc4OC(C)(C)C(=O)Nc4n3)n2)cc(OC)c1OC,CHEMBL475251,Kd,8.38
6111842,CN(C)Cc1ccc(\C=C\c2n[nH]c3cc(\C=C/4\C(=O)Nc5ccccc45)ccc23)cc1,CHEMBL2407897,IC50,8.4
6111853,F[C@@H]1CCN(Cc2ccc(\C=C\c3n[nH]c4cc(ccc34)[C@@H]5C[C@@]56C(=O)Nc7ccccc67)cc2)C1,CHEMBL3408943,IC50,8.42
6111864,O=C1Nc2ccccc2[C@]13C[C@H]3c4ccc5c(\C=C\c6ccncc6)n[nH]c5c4,CHEMBL3353340,IC50,8.44
479349,COc1cc2c(Oc3ccc(NC(=O)C4(CC4)C(=O)Nc5ccc(F)cc5)cc3F)ccnc2cc1OCCCN6CCOCC6,CHEMBL1230609,Kd,8.46
6111877,COc1ccc2NC(=O)[C@@]3(C[C@H]3c4ccc5c(\C=C\c6cc(F)c(CN7CCOCC7)c(F)c6)n[nH]c5c4)c2c1,CHEMBL3353358,IC50,8.47
1323889,Cn1c2ccccc2c3c4C(=O)NCc4c5c6ccccc6n(CCC#N)c5c13,CHEMBL302449,Ki,8.47
6111891,O=C1Nc2ccccc2[C@]13C[C@H]3c4ccc5c(\C=C\c6cccnc6)n[nH]c5c4,CHEMBL3353342,IC50,8.47
6111902,CN(C)Cc1ccc(\C=C\c2n[nH]c3cc(ccc23)[C@@H]4C[C@@]45C(=O)Nc6ccc(OC(F)F)cc56)cc1,CHEMBL3353349,IC50,8.59
6111913,CN1CCN(Cc2ccc(\C=C\c3n[nH]c4cc(ccc34)[C@@H]5C[C@@]56C(=O)Nc7ccccc67)cc2)CC1,CHEMBL3353359,IC50,8.62
6111924,Clc1ccc2NC(=O)\C(=C\c3ccc4c(\C=C\c5ccncc5)n[nH]c4c3)\c2c1,CHEMBL2407750,IC50,8.64
6111936,O=C1Nc2ccccc2[C@]13C[C@H]3c4ccc5c(\C=C\c6ccc(CN7CCOCC7)cc6)n[nH]c5c4,CHEMBL3353354,IC50,8.64
6111949,COc1ccc2NC(=O)[C@@]3(C[C@H]3c4ccc5c(\C=C\c6ccc(CN7CCOCC7)cc6)n[nH]c5c4)c2c1,CHEMBL3353355,IC50,8.66
5637487,COc1ccc2NC(=O)[C@@]3(C[C@H]3c4ccc5c(\C=C\c6ccc(nc6)N7CCN(C)CC7)n[nH]c5c4)c2c1,CHEMBL3353341,IC50,8.66
6111962,CCc1ccc2NC(=O)[C@@]3(C[C@H]3c4ccc5c(\C=C\c6ccc(CN(C)C)cc6)n[nH]c5c4)c2c1,CHEMBL3353353,IC50,8.7
6111973,O=C1Nc2ccccc2/C/1=C\c3ccc4c(\C=C\c5cccnc5)n[nH]c4c3,CHEMBL2407746,IC50,8.7
6111984,O=C1Nc2ccccc2[C@]13C[C@H]3c4ccc5c(\C=C\c6ccc(CN7CCCCC7)nc6)n[nH]c5c4,CHEMBL3353345,IC50,8.7
6111995,CCN(CC)Cc1ccc(\C=C\c2n[nH]c3cc(ccc23)[C@@H]4C[C@@]45C(=O)Nc6ccccc56)cc1,CHEMBL3353360,IC50,8.75
6112006,O=C1Nc2ccccc2[C@]13C[C@H]3c4ccc5c(\C=C\c6ccc(CN7CCCOCC7)cc6)n[nH]c5c4,CHEMBL3408953,IC50,8.77
6112017,CCc1ccc2NC(=O)\C(=C\c3ccc4c(\C=C\c5cccnc5)n[nH]c4c3)\c2c1,CHEMBL2407747,IC50,8.8
6112028,CC(C)N1CCC(CC1)Oc2ccc(\C=C\c3n[nH]c4cc(ccc34)[C@@H]5C[C@@]56C(=O)Nc7ccccc67)cc2,CHEMBL3408957,IC50,8.82
6112039,COc1ccc2N(C)C(=O)[C@@]3(C[C@H]3c4ccc5c(\C=C\c6ccc(cc6)[C@H](C)N7CCOCC7)n[nH]c5c4)c2c1,CHEMBL3408951,IC50,8.82
26212,C[C@]12O[C@H](C[C@]1(O)CO)n3c4ccccc4c5c6C(=O)NCc6c7c8ccccc8n2c7c35,CHEMBL603469,Kd,8.82
6112052,CN(C)Cc1ccc(\C=C\c2n[nH]c3cc(ccc23)[C@@H]4C[C@@]45C(=O)N(C)c6ccccc56)cc1,CHEMBL3408942,IC50,8.85
5639429,CN(C)Cc1ccc(\C=C\c2n[nH]c3cc(ccc23)[C@@H]4C[C@@]45C(=O)Nc6ccccc56)cc1,CHEMBL3353347,IC50,8.85
6112065,CN1CCN(CC1)c2ccc(\C=C\c3n[nH]c4cc(\C=C/5\C(=O)Nc6ccccc56)ccc34)cn2,CHEMBL2407899,IC50,8.85
6112076,COc1ccc2NC(=O)[C@@]3(C[C@H]3c4ccc5c(\C=C\c6ccc(CN7CCCCC7)nc6)n[nH]c5c4)c2c1,CHEMBL3353346,IC50,8.85
6112087,Cc1ccc2NC(=O)\C(=C\c3ccc4c(\C=C\c5ccncc5)n[nH]c4c3)\c2c1,CHEMBL2407893,IC50,8.85
6112098,CN1CCN(CC1)c2ccc(\C=C\c3n[nH]c4cc(ccc34)[C@@H]5C[C@@]56C(=O)N(C)c7ccccc67)cn2,CHEMBL3408940,IC50,8.89
6112109,COc1ccc2N(C)C(=O)[C@@]3(C[C@H]3c4ccc5c(\C=C\c6ccc(CN7CCOCC7)cc6)n[nH]c5c4)c2c1,CHEMBL3408945,IC50,8.89
6112121,O=C1Nc2ccccc2[C@]13C[C@H]3c4ccc5c(\C=C\c6ccc(CN7CCCC7)cc6)n[nH]c5c4,CHEMBL3353361,IC50,8.89
6112132,CN(C)Cc1ccc(\C=C\c2n[nH]c3cc(ccc23)[C@@H]4C[C@@]45C(=O)Nc6ccc(Cl)cc56)cc1,CHEMBL3353350,IC50,8.92
6112143,CN1CCC(CC1)Oc2ccc(\C=C\c3n[nH]c4cc(ccc34)[C@@H]5C[C@@]56C(=O)Nc7ccccc67)cc2,CHEMBL3408956,IC50,8.96
5637924,COc1ccc2NC(=O)[C@@]3(C[C@H]3c4ccc5c(\C=C\c6ccc(CN(C)C)cc6)n[nH]c5c4)c2c1,CHEMBL3353348,IC50,8.96
26279,COc1cc(ccc1Nc2ncc(Cl)c(Nc3ccccc3S(=O)(=O)C(C)C)n2)N4CCC(CC4)N5CCN(C)CC5,CHEMBL509032,Kd,9.03
6112158,O=C1Nc2ccccc2[C@]13C[C@H]3c4ccc5c(\C=C\c6ccc(cc6)N7CCNCC7)n[nH]c5c4,CHEMBL3408941,IC50,9.05
6112169,Oc1ccc2NC(=O)\C(=C\c3ccc4c(\C=C\c5ccncc5)n[nH]c4c3)\c2c1,CHEMBL2407895,IC50,9.05
6112180,OC(=O)c1ccc(\C=C\c2n[nH]c3cc(\C=C/4\C(=O)Nc5ccccc45)ccc23)cc1,CHEMBL2407744,IC50,9.09
6112191,CN(C)Cc1ccc(\C=C\c2n[nH]c3cc(ccc23)[C@@H]4C[C@@]45C(=O)Nc6ccc(F)cc56)cc1,CHEMBL3353352,IC50,9.1
26231,CN[C@@H]1C[C@H]2O[C@@](C)([C@@H]1OC)n3c4ccccc4c5c6CNC(=O)c6c7c8ccccc8n2c7c35,CHEMBL388978,Kd,9.11
6112204,CN(C)Cc1ccc(\C=C\c2n[nH]c3cc(ccc23)[C@@H]4C[C@@]45C(=O)Nc6ccc(C)cc56)cc1,CHEMBL3353351,IC50,9.15
6112215,C[C@@H]1CN(Cc2ccc(\C=C\c3n[nH]c4cc(ccc34)[C@@H]5C[C@@]56C(=O)Nc7ccccc67)cc2)C[C@H](C)N1C,CHEMBL3408954,IC50,9.19
6112226,COc1ccc2NC(=O)[C@@]3(C[C@H]3c4ccc5c(\C=C\c6ccc(CN7CCCCC7)cc6)n[nH]c5c4)c2c1,CHEMBL3408944,IC50,9.22
6112237,COc1ccc2NC(=O)\C(=C\c3ccc4c(\C=C\c5cccnc5)n[nH]c4c3)\c2c1,CHEMBL2407748,IC50,9.32
6112248,COc1ccc2NC(=O)\C(=C\c3ccc4c(\C=C\c5ccncc5)n[nH]c4c3)\c2c1,CHEMBL2407894,IC50,9.35
6112259,COc1ccc2NC(=O)[C@@]3(C[C@H]3c4ccc5c(\C=C\c6ccc(CN7[C@H](C)CN(C)C[C@@H]7C)cc6)n[nH]c5c4)c2c1,CHEMBL3408955,IC50,9.41
6112270,COc1ccc2NC(=O)\C(=C\c3ccc4c(\C=C\c5ccc(CN(C)C)cc5)n[nH]c4c3)\c2c1,CHEMBL2407898,IC50,9.5
