id,smiles,name,assay_type,activity_value
6553730,COc1cc(N)ccc1c2ccc3c(n[nH]c3c2)c4nc5c(cccc5[nH]4)N6CCN(C)CC6,CHEMBL471790,IC50,7.63
6553742,COc1cc(O)ccc1c2ccc3c(n[nH]c3c2)c4nc5c(cccc5[nH]4)N6CCN(C)CC6,CHEMBL474619,IC50,7.66
6553753,CCOC(=O)c1c(N)scc1c2ccc(OC)cc2F,CHEMBL2393451,EC50,8.0
4937523,CN1CCN(CC1)c2cccc3[nH]c(nc23)c4n[nH]c5cc(ccc45)c6ccc(O)cc6,CHEMBL473631,IC50,8.25
6553766,CN1CCN(CC1)c2cccc3nc([nH]c23)c4n[nH]c5cc(ccc45)c6ccc(N)cc6,CHEMBL480391,IC50,8.29
6553777,COc1ccc(cc1OC)c2csc(N)c2C(=O)OC(C)C,CHEMBL2393423,EC50,8.52
6553788,O=C(N1CCC(CC1)N2CCCC2)c3ccc(Nc4nccc(n4)c5cc6ccccc6s5)cc3,CHEMBL200027,EC50,8.52
4939048,COc1cc(ccc1O)c2ccc3c(n[nH]c3c2)c4nc5c(cccc5[nH]4)N6CCN(C)CC6,CHEMBL514197,IC50,8.65
6553801,CCOC(=O)c1c(N)scc1c2ccc3OCOc3c2,CHEMBL2393450,EC50,8.7
6553812,COc1ccc(cc1OC)c2csc(N)c2C(=O)OCc3ccccc3,CHEMBL2393427,EC50,8.7
6553823,CCOC(=O)c1c(N)scc1c2ccc(N)cc2,CHEMBL2393447,EC50,9.0
6553834,CCOC(=O)c1c(N)scc1c2ccc(cc2)N(C)C,CHEMBL2393448,EC50,9.0
1743048,COc1cccc(COC(=O)c2c(N)scc2c3ccc(OC)c(OC)c3)c1,CHEMBL2393431,EC50,9.0
