id,smiles,name,assay_type,activity_value
6255498,[H][C@@]12C[C@@]([H])(C)[C@]34C=C(C)[C@]([H])(OC(=O)C(\C)=C/C)[C@@]3(O)[C@]([H])(O)C(CO)=C[C@]([H])(C4=O)[C@]1([H])C2(C)C,ingenol mebutate,EC50,8.32790184
6255524,CN1CCN(Cc2cccc(\C=C\c3cncc(C#N)c3Nc4ccc5[nH]ccc5c4C)n2)CC1,CHEMBL1084411,IC50,7.54
6255535,Cc1c(Nc2c(\C=C\CCN3CCC[C@H](N)C3)cncc2C#N)ccc4[nH]ccc14,CHEMBL595955,IC50,7.54
6255546,Cc1c(Nc2c(cncc2c3ccc(OCCN4CCN(CCO)CC4)cc3)C#N)ccc5[nH]ccc15,CHEMBL522344,IC50,7.54
6255557,CNC1CCN(CC\C=C\c2cncc(C#N)c2Nc3ccc4[nH]ccc4c3C)CC1,CHEMBL606146,IC50,7.55
26231,CN[C@@H]1C[C@H]2O[C@@](C)([C@@H]1OC)n3c4ccccc4c5c6CNC(=O)c6c7c8ccccc8n2c7c35,CHEMBL388978,IC50,7.55
6255570,Cc1c(Nc2c(cncc2c3ccc(OCCN4CCCC4)cc3)C#N)ccc5[nH]ccc15,CHEMBL494412,IC50,7.55
1323965,CN1CCN(CC1)c2cc(C3=C(C(=O)NC3=O)c4c[nH]c5ccccc45)c6ccccc6n2,CHEMBL2153747,IC50,7.57
6255583,COc1c(CN(C)C)cccc1c2cc3c(Nc4ccc5[nH]ccc5c4C)c(cnc3s2)C#N,CHEMBL480223,IC50,7.57
6255594,Cc1c(Nc2c(\C=C\CCCN3CCNCC3)cncc2C#N)ccc4[nH]ccc14,CHEMBL593162,IC50,7.57
418851,Cc1n[nH]c2ccc(cc12)c3cncc(OC[C@@H](N)Cc4ccccc4)c3,CHEMBL379218,Kd,7.57
6255607,CN(C)Cc1cccc(c1)c2cc3c(Nc4ccc5[nH]ccc5c4C)c(cnc3s2)C#N,CHEMBL402818,IC50,7.59
6255618,COc1ccccc1C(=O)O[C@H]2C(=C[C@@]34[C@H](C)C[C@@H]5[C@H]([C@H](C=C(CO)[C@@H](O)[C@]23O)C4=O)C5(C)C)C,CHEMBL3105092,EC50,7.59
6255629,Cc1c(Nc2c(\C=C\CCN3CCC[C@@H](N)C3)cncc2C#N)ccc4[nH]ccc14,CHEMBL606245,IC50,7.59
6255640,CN(C)Cc1cccc(c1)c2cncc(C#N)c2Nc3ccc4[nH]ccc4c3C,CHEMBL567930,IC50,7.6
1322605,CN1CCN(CC1)c2nc(C3=C(C(=O)NC3=O)c4c(C)[nH]c5ccccc45)c6ccccc6n2,CHEMBL2151414,IC50,7.6
6255653,CN1CCN(Cc2ccc(cc2)c3cncc(C#N)c3Nc4ccc5[nH]ccc5c4C)CC1,CHEMBL567299,IC50,7.6
6255664,Cc1c(Nc2c(\C=C\c3cccc(OCCN4CCCC4)c3)cncc2C#N)ccc5[nH]ccc15,CHEMBL565353,IC50,7.6
6255675,Cc1c(Nc2c(cncc2c3oc4ccc(CN5CCCCC5)cc4c3)C#N)ccc6[nH]ccc16,CHEMBL569108,IC50,7.6
430194,Cn1cc(C2=C(C(=O)NC2=O)c3cn(C4CCN(Cc5ccccn5)CC4)c6ccccc36)c7ccccc17,CHEMBL300138,Kd,7.6
1322690,CC(=O)OCOC(=O)c1cccc(O)c1C(=O)c2c(O)cc(cc2O)C(=O)O[C@@H]3CNC[C@H]3NC(=O)c4ccc(O)cc4,CHEMBL67528,IC50,7.62
6255689,CN1CCN(Cc2cccc(\C=C\c3cncc(C#N)c3Nc4ccc5[nH]ccc5c4C)c2)CC1,CHEMBL1085671,IC50,7.62
6255700,COc1ccc(CN(C)C)cc1c2cc3c(Nc4ccc5[nH]ccc5c4C)c(cnc3s2)C#N,CHEMBL516913,IC50,7.62
1323696,OC(=O)c1cccc(O)c1C(=O)c2c(O)cc(cc2O)C(=O)OC3CCCNCC3NC(=O)c4ccc(O)cc4,CHEMBL49354,IC50,7.64
1323746,OC(=O)c1cccc(O)c1C(=O)c2c(O)cc(cc2O)C(=O)O[C@@H]3CCCNC[C@H]3NC(=O)c4ccc(O)cc4,CHEMBL60254,IC50,7.64
6255713,CC(C)C[C@H]1CN(CCN1)c2ccc(Cl)c(n2)C(=O)c3cccnc3N,CHEMBL2046644,Ki,7.66
6255724,CN1CCN(Cc2cccc(c2)c3cncc(C#N)c3Nc4ccc5[nH]ccc5c4C)CC1,CHEMBL585307,IC50,7.66
1323604,C[C@@H]1[C@@H](CCCCc2cccc(O)c2)O[C@]34C[C@@H]1OC(=O)C[C@H](CO)OC(=O)C[C@@H](CCC3(C)C)O4,CHEMBL2148108,Ki,7.66
6255737,Cc1c(Nc2c(\C=C\CN3CCNCC3)cncc2C#N)ccc4[nH]ccc14,CHEMBL593619,IC50,7.66
1324265,CCCC(=O)O[C@@H]1[C@@H](C)[C@@]2(O)[C@@H](C=C(CO)C[C@@]3(O)[C@H]2C=C(C)C3=O)[C@@H]4C(C)(C)[C@]14OC(=O)CCC,CHEMBL27768,Ki,7.67
6255750,Cc1c(Nc2c(cncc2c3oc4ccc(CNCCCO)cc4c3)C#N)ccc5[nH]ccc15,CHEMBL583903,IC50,7.68
6255761,CC(C)CC(C\C=C\1/CC(CO)(COC(=S)C(C)(C)C)OC1=O)CC(C)C,CHEMBL434938,Ki,7.69
6255772,CC(C)C[C@H]1CN(CCN1)c2cccc(n2)C(=O)c3cccnc3N,CHEMBL2046640,Ki,7.7
6255783,CN(C)CCN1CCN(Cc2ccc3oc(cc3c2)c4cncc(C#N)c4Nc5ccc6[nH]ccc6c5C)CC1,CHEMBL569822,IC50,7.7
6255794,C[C@@H]1C[C@@H]2[C@H]([C@@H]3C=C(CO)[C@@H](O)[C@]4(O)[C@@H](OC(=O)c5c(Cl)cccc5Cl)C(=C[C@@]14C3=O)C)C2(C)C,CHEMBL3105104,EC50,7.7
3890582,NCCNc1nc(cc2cnccc12)c3ccncc3,CHEMBL1214929,IC50,7.7
1324030,NC[C@@H]1C[C@@H](NC(=O)c2ccc(O)cc2)[C@@H](C1)OC(=O)c3cc(O)c(C(=O)c4c(O)cccc4C(=O)O)c(O)c3,CHEMBL308263,IC50,7.7
1324041,NC[C@@H]1C[C@H](NC(=O)c2ccc(O)cc2)[C@@H](C1)OC(=O)c3cc(O)c(C(=O)c4c(O)cccc4C(=O)O)c(O)c3,CHEMBL67290,IC50,7.7
6255810,OC(=O)c1cccc(O)c1C(=O)c2c(O)cc(CO[C@@H]3CCC[C@H]3NC(=O)c4ccc(O)cc4)cc2O,CHEMBL294303,IC50,7.7
5476149,OC(=O)c1cccc(O)c1C(=O)c2c(O)cc(cc2O)C(=O)OC3C4CCC(C4)C3NC(=O)c5ccc(O)cc5,CHEMBL305667,IC50,7.7
1322791,OC(=O)c1cccc(O)c1C(=O)c2c(O)cc(cc2O)C(=O)OC3CCCC3Oc4ccc(O)cc4,CHEMBL48988,IC50,7.7
5476172,OC(=O)c1cccc(O)c1C(=O)c2c(O)cc(cc2O)C(=O)OC[C@@H]3CCC[C@H]3NC(=O)c4ccc(O)cc4,CHEMBL60455,IC50,7.7
5476184,OC(=O)c1cccc(O)c1C(=O)c2c(O)cc(cc2O)C(=O)O[C@@H]3C4CCC(C4)[C@H]3NC(=O)c5ccc(O)cc5,CHEMBL80525,IC50,7.7
1322823,OC[C@@H]1C[C@@H](NC(=O)c2ccc(O)cc2)[C@@H](C1)OC(=O)c3cc(O)c(C(=O)c4c(O)cccc4C(=O)O)c(O)c3,CHEMBL75004,IC50,7.7
1322834,OC[C@@H]1C[C@H](NC(=O)c2ccc(O)cc2)[C@@H](C1)OC(=O)c3cc(O)c(C(=O)c4c(O)cccc4C(=O)O)c(O)c3,CHEMBL431955,IC50,7.7
6255828,Oc1ccc(cc1)C(=O)N[C@@H]2CCC[C@H]2OC(=O)c3cc(O)c(C(=O)c4c(O)cccc4c5nn[nH]n5)c(O)c3,CHEMBL298872,IC50,7.7
6255838,CC(C)[C@@H]1N(C)c2cc3c(CCCC34CCCCC4)cc2C[C@@H](CO)NC1=O,CHEMBL34725,Ki,7.72
5476274,CC(C)[C@@H]1N(C)c2ccc3cnn4C=C(C[C@@H](CO)NC1=O)c2c34,CHEMBL271403,Ki,7.75
6255851,CC(C)[C@@](C)(O)[C@@H]1CN(CCN1)c2nc(c(F)cc2F)c3n[nH]c4ncccc34,CHEMBL2326001,Ki,7.75
6255862,CN(C)C1CCN(Cc2cccc(\C=C\c3cncc(C#N)c3Nc4ccc5[nH]ccc5c4C)n2)CC1,CHEMBL1088737,IC50,7.75
6255873,CN(C)CCNCCOc1ccc(cc1)c2cncc(C#N)c2Nc3ccc4[nH]ccc4c3C,CHEMBL494166,IC50,7.75
6255884,CN1CCN(CC1)S(=O)(=O)c2cccc(\C=C\c3cncc(C#N)c3Nc4ccc5[nH]ccc5c4C)c2,CHEMBL1080994,IC50,7.75
5476213,COC(=O)c1cccc(O)c1C(=O)c2c(O)cc(cc2O)C(=O)O[C@@H]3CNC[C@H]3NC(=O)c4ccc(O)cc4,CHEMBL304626,IC50,7.75
6255896,Cc1c(Nc2c(\C=C\CCCN3CCC(N)CC3)cncc2C#N)ccc4[nH]ccc14,CHEMBL605318,IC50,7.75
6255907,Cc1c(Nc2c(\C=C\CCN3CC[C@H](N)C3)cncc2C#N)ccc4[nH]ccc14,CHEMBL606148,IC50,7.75
6255918,Cc1c(Nc2c(cncc2c3coc(CN4CCN(CC4)C5CCCC5)c3)C#N)ccc6[nH]ccc16,CHEMBL568581,IC50,7.75
6255929,CN1CCN(Cc2ccc3oc(cc3c2)c4cncc(C#N)c4Nc5ccc6[nH]ccc6c5C)CC1,CHEMBL571581,IC50,7.77
1323336,CC(C)[C@@](C)(O)[C@@H]1CN(CCN1)c2nc(c(F)cc2Cl)c3n[nH]c4ncccc34,CHEMBL2326002,Ki,7.8
6255942,CCN1CCN(Cc2ccc3oc(cc3c2)c4cncc(C#N)c4Nc5ccc6[nH]ccc6c5C)CC1,CHEMBL570713,IC50,7.8
6255953,CN(C)C1CCN(Cc2ccc(\C=C\c3cncc(C#N)c3Nc4ccc5[nH]ccc5c4C)cc2)CC1,CHEMBL1088056,IC50,7.8
6255964,Cc1c(Nc2c(\C=C\CCN3CCNCC3)cncc2C#N)ccc4[nH]ccc14,CHEMBL603418,IC50,7.8
6255975,Cc1c(Nc2c(cncc2c3oc4ccc(CNCC(O)CO)cc4c3)C#N)ccc5[nH]ccc15,CHEMBL585753,IC50,7.8
5476067,CCCCCCn1cc2CC[C@@H](CO)NC(=O)[C@H](C(C)C)N(C)c3cccc1c23,CHEMBL401369,Ki,7.82
6255988,Cc1c(Nc2c(\C=C\CCN3CC[C@@H](N)C3)cncc2C#N)ccc4[nH]ccc14,CHEMBL595733,IC50,7.82
5476331,CCCCCCCCCCc1ccc2N(C)[C@@H](C(C)C)C(=O)N[C@H](CO)Cc2c1,CHEMBL28205,Ki,7.84
6256001,CC(C)N1CCN(Cc2occ(c2)c3cncc(C#N)c3Nc4ccc5[nH]ccc5c4C)CC1,CHEMBL568371,IC50,7.85
6256012,CC(C)[C@@H]1N(C)c2cc3c(CCCC34CCC(C)(C)CC4)cc2C[C@@H](CO)NC1=O,CHEMBL289892,Ki,7.85
928571,CCn1c(nc2c(ncc(OC[C@H]3CCCNC3)c12)C#CC(C)(C)O)c4nonc4N,CHEMBL494089,IC50,7.85
6256025,C[C@@H]1C[C@@H]2[C@H]([C@@H]3C=C(CO)[C@@H](O)[C@]4(O)[C@@H](OC(=O)c5c(C)cccc5O)C(=C[C@@]14C3=O)C)C2(C)C,CHEMBL3105110,EC50,7.87
6256036,C[C@@H]1C[C@@H]2[C@H]([C@@H]3C=C(CO)[C@@H](O)[C@]4(O)[C@@H](OC(=O)c5ccccc5Oc6ccccc6)C(=C[C@@]14C3=O)C)C2(C)C,CHEMBL3105095,EC50,7.88
6256047,Cc1c(Nc2c(cncc2c3oc4ccc(CNCCO)cc4c3)C#N)ccc5[nH]ccc15,CHEMBL571785,IC50,7.89
1323325,CC(=C1CC(CO)(COC(=O)CCCOc2ccc(cc2)C#Cc3ccc(C)cc3)OC1=O)C,CHEMBL489520,Ki,7.92
6256060,CC(C)c1ccc2nc(nc(C3=C(C(=O)NC3=O)c4c[nH]c5ccccc45)c2c1)N6CCN(C)CC6,CHEMBL2153753,IC50,7.92
1324382,CO[C@@H](CC[C@H](C)[C@H]1O[C@@]23C[C@H](OC(=O)C[C@@H](OC(=O)C[C@](O)(O2)[C@H](C)CC3(C)C)[C@@H](C)O)[C@@H]1C)c4cc(O)ccc4Br,CHEMBL1256416,Ki,7.92
5476431,OC(=O)c1cccc(O)c1C(=O)c2c(O)cc(cc2O)C(=O)N[C@@H]3CNC[C@H]3NC(=O)c4ccc(O)cc4,CHEMBL59677,IC50,7.92
1322896,CC(C)[C@@H]1N(C)c2cccc3[nH]cc(C[C@@H](CO)NC1=O)c23,CHEMBL27266,Ki,7.96
6256076,Cc1c(Nc2c(\C=C\c3cccc(CN4CCN(CCO)CC4)n3)cncc2C#N)ccc5[nH]ccc15,CHEMBL1091481,IC50,7.96
1322999,CCCCCCCCC#Cc1ccc2N(C)[C@@H](C(C)C)C(=O)N[C@H](CO)Cc2c1,CHEMBL6453,Ki,7.97
6256089,C[C@@H]1C[C@@H]2[C@H]([C@@H]3C=C(CO)[C@@H](O)[C@]4(O)[C@@H](OC(=O)c5c(C)cccc5C)C(=C[C@@]14C3=O)C)C2(C)C,CHEMBL3105102,EC50,7.97
6256100,CO\N=C(/C(=O)O[C@H]1C(=C[C@@]23[C@H](C)C[C@@H]4[C@H]([C@H](C=C(CO)[C@@H](O)[C@]12O)C3=O)C4(C)C)C)\c5ccccc5,CHEMBL2430124,EC50,7.98
1322700,CC(C)(C)C(=O)OCOC(=O)c1cccc(O)c1C(=O)c2c(O)cc(cc2O)C(=O)O[C@@H]3CNC[C@H]3NC(=O)c4ccc(O)cc4,CHEMBL304175,IC50,8.0
6256112,CN1CCN(Cc2ccc3sc(cc3c2)c4cncc(C#N)c4Nc5ccc6[nH]ccc6c5C)CC1,CHEMBL570277,IC50,8.0
6256123,Cc1c(Nc2c(cncc2c3oc4ccc(CNC5CCCCC5)cc4c3)C#N)ccc6[nH]ccc16,CHEMBL569590,IC50,8.0
5476248,CC1(C)CC[C@@H]2CC(=O)O[C@@H](CO)CC(=O)O[C@@H]3C[C@@H](CCCCc4ccccc4)O[C@@]1(C3)O2,CHEMBL1258117,Ki,8.01
6256136,CN1CCN(Cc2cc(cs2)c3cccc(C#C)c3Cc4ccc5CC=Cc5c4C)CC1,CHEMBL567082,IC50,8.01
1324415,CO[C@@H](CC[C@H](C)[C@H]1O[C@@]23C[C@H](OC(=O)C[C@@H](OC(=O)C[C@](O)(O2)[C@H](C)CC3(C)C)[C@@H](C)O)[C@@H]1C)c4cccc(O)c4,CHEMBL2148106,Ki,8.01
6256149,COc1cccc(CCCC[C@@H]2C[C@@H]3C[C@]4(O2)O[C@H](CCC4(C)C)CC(=O)O[C@@H](CO)CC(=O)O3)c1,CHEMBL2381167,Ki,8.01
1742849,CN(C)CCCn1cc(C2=C(C(=O)NC2=O)c3c[nH]c4ccccc34)c5ccccc15,CHEMBL7463,IC50,8.06
6256162,CN(C)C1CCN(Cc2occ(c2)c3cncc(C#N)c3Nc4ccc5[nH]ccc5c4C)CC1,CHEMBL567103,IC50,8.09
1323825,CN1CCN(CC1)c2nc(C3=C(C(=O)NC3=O)c4c[nH]c5cc(Cl)ccc45)c6ccccc6n2,CHEMBL2151409,IC50,8.09
478928,CC(C)(C)NC1=C(Nc2ccnc(Nc3ccc(cc3)c4ccncc4)n2)C(=O)C1=O,CHEMBL2205426,Ki,8.1
6256177,C[C@@H]1C[C@@H]2[C@H]([C@@H]3C=C(CO)[C@@H](O)[C@]4(O)[C@@H](OC(=O)c5c(C)cccc5N)C(=C[C@@]14C3=O)C)C2(C)C,CHEMBL3105106,EC50,8.1
5476448,C[C@H](N)CNc1nc(cc2cnccc12)c3ccncc3,CHEMBL2147537,IC50,8.1
6256190,Cc1c(Nc2c(\C=C\CN3CCC(N)CC3)cncc2C#N)ccc4[nH]ccc14,CHEMBL593163,IC50,8.1
5476368,CC1(C)CC[C@@H]2CC(=O)O[C@@H](CO)CC(=O)O[C@@H]3C[C@@H](CCCCc4cccc(O)c4)O[C@@]1(C3)O2,CHEMBL1258348,Ki,8.13
1324297,CN1CCN(CC1)c2cc(C3=C(C(=O)NC3=O)c4c[nH]c5ccccc45)c6ccccc6c2,CHEMBL568580,IC50,8.14
6256205,CC1(C)CC[C@@H]2CC(=O)O[C@@H](CO)CC(=O)O[C@@H]3C[C@@H](CCCCc4c(Br)cc(Br)c(O)c4Br)O[C@@]1(C3)O2,CHEMBL2381164,Ki,8.16
6256216,CCCCCCCC(=O)O[C@H]1\C(=C\C(=O)OC)\CC2C[C@@H](OC(=O)C[C@H](O)CCO[C@@H](C[C@@H]3CCO[C@@H](O3)\C=C\C(C)(C)[C@]1(O)O2)C(C)(C)C)[C@@H](C)O,CHEMBL45053,Ki,8.2
1324008,CN1CCN(CC1)c2nc(C3=C(C(=O)NC3=O)c4c[nH]c5ccccc45)c6ccc(F)cc6n2,CHEMBL2153755,IC50,8.2
1323912,CN1CCN(CC1)c2nc(C3=C(C(=O)NC3=O)c4c[nH]c5c(Cl)cccc45)c6ccccc6n2,CHEMBL2151410,IC50,8.21
6256231,C[C@@H]1C[C@@H]2[C@H]([C@@H]3C=C(CO)[C@@H](O)[C@]4(O)[C@@H](OC(=O)c5ccccc5)C(=C[C@@]14C3=O)C)C2(C)C,CHEMBL2430121,EC50,8.22
1324090,NC[C@H]1C[C@@H](NC(=O)c2ccc(O)cc2)[C@@H](C1)OC(=O)c3cc(O)c(C(=O)c4c(O)cccc4C(=O)O)c(O)c3,CHEMBL307708,IC50,8.22
1324101,NC[C@H]1C[C@H](NC(=O)c2ccc(O)cc2)[C@@H](C1)OC(=O)c3cc(O)c(C(=O)c4c(O)cccc4C(=O)O)c(O)c3,CHEMBL421866,IC50,8.22
1322844,O[C@@H]1C[C@@H](NC(=O)c2ccc(O)cc2)[C@@H](C1)OC(=O)c3cc(O)c(C(=O)c4c(O)cccc4C(=O)O)c(O)c3,CHEMBL309034,IC50,8.22
1322864,O[C@H]1C[C@H](NC(=O)c2ccc(O)cc2)[C@@H](C1)OC(=O)c3cc(O)c(C(=O)c4c(O)cccc4C(=O)O)c(O)c3,CHEMBL67716,IC50,8.22
6256391,CCCCCCCCCCc1ccc2C[C@@H](CO)NC(=O)[C@H](C(C)C)N(C)c2c1,CHEMBL34971,Ki,8.23
1323976,CN1CCN(CC1)c2nc(C3=C(C(=O)NC3=O)c4cn(C)c5ccccc45)c6ccccc6n2,CHEMBL2151412,IC50,8.24
6256404,Cc1c(Nc2c(\C=C\CCN3CCC(N)CC3)cncc2C#N)ccc4[nH]ccc14,CHEMBL593883,IC50,8.24
1323563,CC(=C1CC(CO)(COC(=O)c2ccc(cc2)C#Cc3ccc(C)cc3)OC1=O)C,CHEMBL522428,Ki,8.27
6256417,CCCCCCCCCC(=O)O[C@H]1C(=C[C@@]23[C@H](C)C[C@@H]4[C@H]([C@H](C=C(CO)[C@@H](O)[C@]12O)C3=O)C4(C)C)C,CHEMBL2430126,EC50,8.28
6256428,C[C@@H]1C[C@@H]2[C@H]([C@@H]3C=C(CO)[C@@H](O)[C@]4(O)[C@@H](OC(=O)C(=C(C)C)C)C(=C[C@@]14C3=O)C)C2(C)C,CHEMBL2430141,EC50,8.28
6256439,C\C=C(\C(=O)O[C@H]1C(=C[C@@]23[C@H](C)C[C@@H]4[C@H]([C@H](C=C(CO)[C@@H](O)[C@]12O)C3=O)C4(C)C)C)/c5ccccc5,CHEMBL2430142,EC50,8.28
6256450,Cc1c(Nc2c(cncc2c3cc4cc(CN5CCCCC5)ccc4s3)C#N)ccc6[nH]ccc16,CHEMBL570047,IC50,8.28
5476402,COC(=O)c1cccc(O)c1C(=O)c2c(O)cc(cc2O)C(=O)O[C@@H]3CCC[C@H]3NC(=O)c4ccc(O)cc4,CHEMBL66923,IC50,8.3
1324111,N[C@@H]1C[C@@H](NC(=O)c2ccc(O)cc2)[C@@H](C1)OC(=O)c3cc(O)c(C(=O)c4c(O)cccc4C(=O)O)c(O)c3,CHEMBL432168,IC50,8.3
1324122,N[C@@H]1C[C@H](NC(=O)c2ccc(O)cc2)[C@@H](C1)OC(=O)c3cc(O)c(C(=O)c4c(O)cccc4C(=O)O)c(O)c3,CHEMBL417051,IC50,8.3
1322781,OC(=O)c1cccc(O)c1C(=O)c2c(O)cc(cc2O)C(=O)OC3CCCC3Cc4ccc(O)cc4,CHEMBL295806,IC50,8.3
1323716,OC(=O)c1cccc(O)c1C(=O)c2c(O)cc(cc2O)C(=O)OC3CNCC3Cc4ccc(O)cc4,CHEMBL300422,IC50,8.3
1323726,OC(=O)c1cccc(O)c1C(=O)c2c(O)cc(cc2O)C(=O)OC3CNCC3NC(=O)c4ccc(O)cc4,CHEMBL265559,IC50,8.3
1323736,OC(=O)c1cccc(O)c1C(=O)c2c(O)cc(cc2O)C(=O)OC3CNC[C@H]3NC(=O)c4ccc(O)cc4,CHEMBL177635,IC50,8.3
1323065,OC(=O)c1cccc(O)c1C(=O)c2c(O)cc(cc2O)C(=O)O[C@@H]3CNC[C@H]3NC(=O)c4ccc(O)cc4,CHEMBL59828,IC50,8.3
1323075,OC(=O)c1cccc(O)c1C(=O)c2c(O)cc(cc2O)C(=O)O[C@H]3CNCC3NC(=O)c4ccc(O)cc4,CHEMBL422056,IC50,8.3
1322812,OC1C[C@@H](NC(=O)c2ccc(O)cc2)[C@@H](C1)OC(=O)c3cc(O)c(C(=O)c4c(O)cccc4C(=O)O)c(O)c3,CHEMBL306580,IC50,8.3
1322854,O[C@@H]1C[C@H](NC(=O)c2ccc(O)cc2)[C@@H](C1)OC(=O)c3cc(O)c(C(=O)c4c(O)cccc4C(=O)O)c(O)c3.O[C@H]5C[C@H](NC(=O)c6ccc(O)cc6)[C@@H](C5)OC(=O)c7cc(O)c(C(=O)c8c(O)cccc8C(=O)O)c(O)c7,CHEMBL1794808,IC50,8.3
6256474,CCCCCCCCCCCCCCCC(=O)O[C@H]1C(=C[C@@]23[C@H](C)C[C@@H]4[C@H]([C@H](C=C(CO)[C@@H](O)[C@]12O)C3=O)C4(C)C)C,CHEMBL2430127,EC50,8.33
6256485,CC1(C)CC[C@@H]2CC(=O)O[C@@H](CO)CC(=O)O[C@@H]3C[C@@H](CCCCc4cc(O)ccc4I)O[C@@]1(C3)O2,CHEMBL2381166,Ki,8.34
6256496,CCC(CC)C(=O)O[C@H]1C(=C[C@@]23[C@H](C)C[C@@H]4[C@H]([C@H](C=C(CO)[C@@H](O)[C@]12O)C3=O)C4(C)C)C,CHEMBL2430115,EC50,8.35
5476261,CN(C)CCOc1cc(C2=C(C(=O)NC2=O)c3c[nH]c4ccccc34)c5ccccc5c1,CHEMBL565632,IC50,8.36
6256509,Cc1c(Nc2c(cncc2c3oc4ccc(CN5CCNCC5)cc4c3)C#N)ccc6[nH]ccc16,CHEMBL583906,IC50,8.37
6256520,C[C@@H]1C[C@@H]2[C@H]([C@@H]3C=C(CO)[C@@H](O)[C@]4(O)[C@@H](OC(=O)c5ccccc5Nc6ccccc6)C(=C[C@@]14C3=O)C)C2(C)C,CHEMBL3105096,EC50,8.38
6256531,CC1(C)CC[C@@H]2CC(=O)O[C@@H](CO)CC(=O)O[C@@H]3C[C@@H](CCCCc4cc(O)c(Br)cc4Br)O[C@@]1(C3)O2,CHEMBL2381163,Ki,8.39
5476080,CN1CCN(CC1)c2nc(C3=C(C(=O)NC3=O)c4c[nH]c5ccccc45)c6cc(C)ccc6n2,CHEMBL2153752,IC50,8.39
1323706,OC(=O)c1cccc(O)c1C(=O)c2c(O)cc(cc2O)C(=O)OC3CCCNC[C@H]3NC(=O)c4ccc(O)cc4,CHEMBL311399,IC50,8.4
1324132,OC[C@H]1C[C@@H](NC(=O)c2ccc(O)cc2)[C@@H](C1)OC(=O)c3cc(O)c(C(=O)c4c(O)cccc4C(=O)O)c(O)c3,CHEMBL75661,IC50,8.4
1324143,OC[C@H]1C[C@H](NC(=O)c2ccc(O)cc2)[C@@H](C1)OC(=O)c3cc(O)c(C(=O)c4c(O)cccc4C(=O)O)c(O)c3,CHEMBL306427,IC50,8.4
6256551,C[C@@H]1C[C@@H]2[C@H]([C@@H]3C=C(CO)[C@@H](O)[C@]4(O)[C@@H](OC(=O)c5ccccc5Br)C(=C[C@@]14C3=O)C)C2(C)C,CHEMBL3105089,EC50,8.42
6256562,C[C@@H]1C[C@@H]2[C@H]([C@@H]3C=C(CO)[C@@H](O)[C@]4(O)[C@@H](OC(=O)c5ccc6ccccc6c5)C(=C[C@@]14C3=O)C)C2(C)C,CHEMBL3105027,EC50,8.43
854301,CN(C)C[C@@H]1CCn2cc(C3=C(C(=O)NC3=O)c4cn(CCO1)c5ccccc45)c6ccccc26,CHEMBL91829,Kd,8.44
6256575,CC1(C)CC[C@@H]2CC(=O)O[C@@H](CO)CC(=O)O[C@@H]3C[C@@H](CCCCc4cc(O)ccc4Br)O[C@@]1(C3)O2,CHEMBL2381162,Ki,8.46
6256586,Cc1c(Nc2c(\C=C\CCN3CCN(CC3)c4ccccc4)cncc2C#N)ccc5[nH]ccc15,CHEMBL605112,IC50,8.47
1323400,C[C@@H]1CC(C)(C)[C@@]23C[C@@H](C[C@@H](CCCCc4cccc(O)c4)O2)OC(=O)C[C@H](CO)OC(=O)C[C@@H]1O3,CHEMBL2148107,Ki,8.48
6256599,C[C@@H]1C[C@@H]2[C@H]([C@@H]3C=C(CO)[C@@H](O)[C@]4(O)[C@@H](OC(=O)c5ccccc5c6ccccc6)C(=C[C@@]14C3=O)C)C2(C)C,CHEMBL3105094,EC50,8.48
6256610,CC(C)CC(C\C=C\1/CC(CO)(COC(=O)C(C)(C)C)OC1=S)CC(C)C,CHEMBL370130,Ki,8.5
1324153,CN1CCN(CC1)c2nc(C3=C(C(=O)NC3=O)c4c[nH]c5ccccc45)c6c(C)cccc6n2,CHEMBL2153749,IC50,8.5
6256623,CCCCCCCCCCC1N(C)c2ccccc2C[C@@H](CO)NC1=O,CHEMBL37271,Ki,8.52
1323847,OC(=O)c1cccc(O)c1C(=O)c2c(O)cc(cc2O)C(=O)OC[C@@H](Cc3ccc(O)cc3)NS(=O)(=O)c4ccccc4,CHEMBL345767,IC50,8.52
6256636,C[C@@H]1C[C@@H]2[C@H]([C@@H]3C=C(CO)[C@@H](O)[C@]4(O)[C@@H](OC(=O)C5(C)CCCCC5)C(=C[C@@]14C3=O)C)C2(C)C,CHEMBL2430122,EC50,8.54
1323814,CC(C)n1cc(C2=C(C(=O)NC2=O)c3nc(nc4ccccc34)N5CCN(C)CC5)c6ccccc16,CHEMBL2151413,IC50,8.57
1323505,CCCCCCCC(=O)O[C@H]1\C(=C\C(=O)OC)\CC2C[C@@H](OC(=O)C[C@H](O)C[C@@H]3CCC[C@H](C[C@@H]4CCO[C@@H](O4)\C=C\C(C)(C)[C@]1(O)O2)O3)[C@@H](C)O,CHEMBL46252,Ki,8.6
1323867,CN1CCN(CC1)c2nc(C3=C(C(=O)NC3=O)c4c[nH]c5ccc(Cl)cc45)c6ccccc6n2,CHEMBL2151408,IC50,8.6
6256653,CN1CCN(CC\C=C\c2cncc(C#N)c2Nc3ccc4[nH]ccc4c3C)CC1,CHEMBL595521,IC50,8.6
6256664,CNc1ccccc1C(=O)O[C@H]2C(=C[C@@]34[C@H](C)C[C@@H]5[C@H]([C@H](C=C(CO)[C@@H](O)[C@]23O)C4=O)C5(C)C)C,CHEMBL3105098,EC50,8.6
1324328,CC(C)[C@@H]1N(C)c2ccc(NC(=O)CCCCCCCCCCCCC(=O)Nc3ccc4C[C@@H](CO)NC(=O)[C@H](C(C)C)N(C)c4c3)cc2C[C@@H](CO)NC1=O,CHEMBL337834,Ki,8.67
1324235,CN1CCN(CC1)c2cc3ccccc3c(n2)C4=C(C(=O)NC4=O)c5c[nH]c6ccccc56,CHEMBL2153748,IC50,8.75
6256679,CC(C)C(CC(=O)OCC1(CO)C\C(=C/c2ccc(O)cc2)\C(=O)O1)C(C)C,CHEMBL380645,Ki,8.85
6256690,CC1(C)CC[C@@H]2CC(=O)O[C@@H](CO)CC(=O)O[C@@H]3C[C@@H](CCCCc4ccc(I)c(O)c4)O[C@@]1(C3)O2,CHEMBL2381165,Ki,8.89
1324246,CN1CCN(CC1)c2nc(C3=C(C(=O)NC3=O)c4c[nH]c5ccccc45)c6ccccc6n2,CHEMBL565612,IC50,8.89
1322556,CN1CCN(CC1)c2nc(C3=C(C(=O)NC3=O)c4c[nH]c5ccccc45)c6cc(Cl)ccc6n2,CHEMBL2153751,IC50,8.92
6256708,CC(C)CC(C\C=C/1\CC(CO)(COC(=O)C(C)(C)C)OC1=O)CC(C)C,CHEMBL96766,Ki,8.94
1324339,Cn1cc(C2=C(C(=O)NC2=O)c3nc(nc4ccccc34)N5CCNCC5)c6ccccc16,CHEMBL2151415,IC50,9.0
5476469,OC(=O)c1cccc(O)c1C(=O)c2c(O)cc(cc2O)C(=O)OC3CCCC3NC(=O)c4ccc(O)cc4,CHEMBL48636,IC50,9.0
5476481,OC(=O)c1cccc(O)c1C(=O)c2c(O)cc(cc2O)C(=O)O[C@@H]3CCC[C@H]3NC(=O)c4ccc(O)cc4,CHEMBL52529,IC50,9.0
5476492,OC(=O)c1cccc(O)c1C(=O)c2c(O)cc(cc2O)C(=O)O[C@H]3CCCC3NC(=O)c4ccc(O)cc4,CHEMBL71331,IC50,9.0
6256728,CC(C)CC(C\C=C\1/CC(CO)(COC(=O)C(C)(C)C)OC1=O)CC(C)C,CHEMBL137386,Ki,9.05
5476502,OC(=O)c1cccc(O)c1C(=O)c2c(O)cc(cc2O)C(=O)OC3CCC[C@H]3NC(=O)c4ccc(O)cc4,CHEMBL427118,IC50,9.05
1324286,CCCCCCCCCCCCCC(=O)O[C@@H]1[C@@H](C)[C@@]2(O)[C@@H](C=C(CO)C[C@@]3(O)[C@H]2C=C(C)C3=O)[C@@H]4C(C)(C)[C@]14OC(=O)C,CHEMBL279115,Ki,9.1
6256742,CCCCCCCCCCCCCC[C@@H]1N(C)c2ccccc2C[C@@H](CO)NC1=O,CHEMBL351103,Ki,9.1
6256753,CCCCCCCCCCCC[C@@H]1N(C)c2ccccc2C[C@@H](CO)NC1=O,CHEMBL160375,Ki,9.1
6256764,CCCCCCCCCC[C@@H]1N(C)c2ccccc2C[C@@H](CO)NC1=O,CHEMBL159233,Ki,9.1
1324393,CCCCCCCCc1ccc2N(C)[C@@H](C(C)C)C(=O)N[C@H](CO)Cc3c[nH]c1c23,CHEMBL285801,Ki,9.1
1324360,CN1CCN(CC1)c2nc(C3=C(C(=O)NC3=O)c4c[nH]c5ccccc45)c6cc(F)ccc6n2,CHEMBL2153750,IC50,9.22
1324183,CCCC(=O)O[C@@H]1[C@@H](C)[C@]2(O)[C@@H]3C=C(C)C(=O)[C@H]3CC(=C[C@H]2[C@@H]4C(C)(C)[C@]14OC(=O)CCC)CO,CHEMBL265998,Ki,9.26
1323633,CCCCCCn1cc2C[C@@H](CO)NC(=O)[C@H](C(C)C)N(C)c3cccc1c23,CHEMBL399981,Ki,9.34
6256783,CCC\C=C\C=C\C(=O)O[C@H]1\C(=C\C(=O)OC)\C[C@H]2C[C@@H](OC(=O)C[C@H](O)C[C@@H]3C[C@H](OC(=O)C)C(C)(C)[C@](O)(C[C@@H]4C\C(=C\C(=O)OC)\C[C@@H](O4)\C=C\C(C)(C)[C@]1(O)O2)O3)[C@@H](C)O,CHEMBL449158,Ki,9.36
1324371,O=C1NC(=O)C(=C1c2c[nH]c3ccccc23)c4nc(nc5ccccc45)N6CCNCC6,CHEMBL1996510,IC50,9.4
6256796,CC(C)[C@@H]1N(C)c2cc3c(c4[nH]cc(C[C@@H](CO)NC1=O)c24)[C@](C)(CC[C@]3(C)C(C)C)C=C,CHEMBL417692,Ki,9.5
1324317,C[C@@H](O)[C@H]1CC(=O)O[C@H]2C[C@]3(O[C@H]([C@@H](C)CCCc4cccc(O)c4)[C@H]2C)O[C@@](O)(CC(=O)O1)[C@H](C)CC3(C)C,CHEMBL2418196,Ki,9.5
1324404,CN1CCN(CC1)c2nc(C3=C(C(=O)NC3=O)c4c[nH]c5c(C)cccc45)c6ccccc6n2,CHEMBL2151411,IC50,10.0
