id,smiles,name,assay_type,activity_value
853438,[H][C@@]1(CN(C)C)CCN2C=C(C3=CC=CC=C23)C2=C(C(=O)NC2=O)C2=CN(CCO1)C1=CC=CC=C21,ruboxistaurin,Kd,8.6
7487356,N#Cc1cncc(c1Nc2cccc3[nH]ccc23)c4cccc(OCCN5CCCC5)c4,CHEMBL467723,IC50,7.54
7487367,NC[C@@H]1CC[C@@H](CNc2nc(NCc3ccccc3Cl)ncc2[N+](=O)[O-])CC1,CHEMBL395691,IC50,7.54
7487378,CC(C)C[C@H]1CN(CCN1)c2ccc(C3CC3)c(n2)C(=O)c4cccnc4N,CHEMBL2046645,Ki,7.55
7487389,CN1CCC[C@@H](CNc2nc(Nc3cccc(c3)n4cccn4)ncc2F)C1,CHEMBL3586046,IC50,7.55
7487400,CN1CCC[C@@H](CNc2nc(Nc3cccc(c3)c4ocnc4)ncc2F)C1,CHEMBL3586045,IC50,7.57
7487411,Cc1c(Nc2c(cncc2c3ccccc3)C#N)ccc4[nH]ccc14,CHEMBL466653,IC50,7.57
7487422,NCC1CCC(CNc2nc(NCc3ccc(Cl)cc3Cl)ncc2[N+](=O)[O-])CC1,CHEMBL246184,IC50,7.57
1322605,CN1CCN(CC1)c2nc(C3=C(C(=O)NC3=O)c4c(C)[nH]c5ccccc45)c6ccccc6n2,CHEMBL2151414,IC50,7.59
7487435,Cc1c(Nc2c(\C=C\C3CCCCC3)cncc2C#N)ccc4[nH]ccc14,CHEMBL566074,IC50,7.59
7487446,CC(C)C[C@H]1CN(CCN1)c2cc(C)cc(n2)C(=O)c3cccnc3N,CHEMBL2046651,Ki,7.62
6256216,CCCCCCCC(=O)O[C@H]1\C(=C\C(=O)OC)\CC2C[C@@H](OC(=O)C[C@H](O)CCO[C@@H](C[C@@H]3CCO[C@@H](O3)\C=C\C(C)(C)[C@]1(O)O2)C(C)(C)C)[C@@H](C)O,CHEMBL45053,Ki,7.62
7487459,C[C@H]1CN(C)CC[C@H]1c2cc3N4[C@H](C)C(=O)NN=C4COc3cc2c5ccc(C)cc5,CHEMBL3355131,IC50,7.62
7487470,Cc1c(Nc2c(\C=C\CCN3CC[C@H](O)C3)cncc2C#N)ccc4[nH]ccc14,CHEMBL595492,IC50,7.62
7487481,N#Cc1cncc(\C=C\c2ccccc2)c1Nc3ccc4[nH]ccc4c3,CHEMBL579201,IC50,7.62
7487492,CN1CCN(CC1)S(=O)(=O)c2ccc(\C=C\c3cncc(C#N)c3Nc4ccc5[nH]ccc5c4C)cc2,CHEMBL1079435,IC50,7.64
7487503,COc1ccccc1c2cc3c(Nc4ccc5[nH]ccc5c4C)c(cnc3s2)C#N,CHEMBL480839,IC50,7.64
7487515,C[C@H]1N2C(=NNC1=O)COc3cc(c(NC4(C)CNC4)cc23)C(F)(F)F,CHEMBL3355112,IC50,7.64
7487526,Cc1c(Nc2c(\C=C\CCN3CCC(CC3)NS(=O)(=O)c4ccccc4)cncc2C#N)ccc5[nH]ccc15,CHEMBL605086,IC50,7.64
7487537,Cc1c(Nc2c(cncc2c3cc4ccccc4s3)C#N)ccc5[nH]ccc15,CHEMBL578174,IC50,7.64
7487548,Cc1c(Nc2c(cncc2c3cccc(CN4CCOCC4)c3)C#N)ccc5[nH]ccc15,CHEMBL567730,IC50,7.64
7487559,CC(C)S(=O)(=O)NC1CCN(CC\C=C\c2cncc(C#N)c2Nc3ccc4[nH]ccc4c3C)CC1,CHEMBL596173,IC50,7.66
7487570,CCS(=O)(=O)NC1CCN(CC\C=C\c2cncc(C#N)c2Nc3ccc4[nH]ccc4c3C)CC1,CHEMBL595752,IC50,7.66
7487581,Cc1c(Nc2c(cnc3sc(\C=C\CN4CCCC4)cc23)C#N)ccc5[nH]ccc15,CHEMBL517677,IC50,7.66
7487592,NCC1CCC(CNc2nc(NCc3cccc(F)c3F)ncc2[N+](=O)[O-])CC1,CHEMBL245783,IC50,7.66
7487603,CC(C)[C@@](C)(O)[C@@H]1CN(CCN1)c2ccc(Cl)c(n2)c3n[nH]c4ncccc34,CHEMBL2326012,Ki,7.68
7487614,CC(C)[C@@](C)(O)[C@H]1CN(CCN1)c2ccc(F)c(n2)c3n[nH]c4ncccc34,CHEMBL2326010,Ki,7.68
7487625,Cc1ncc(C#N)c(Nc2ccc3[nH]ccc3c2C)c1\C=C\c4ccc(cc4)S(=O)(=O)N5CCCC5,CHEMBL1079745,IC50,7.68
7487636,CC(C)[C@@](C)(O)[C@@H]1CN(CCN1)c2ccc(c(n2)c3n[nH]c4ncccc34)C(F)(F)F,CHEMBL2326013,Ki,7.7
7487647,CCCc1ccc(nc1C(=O)c2cccnc2N)N3CCN[C@@H](CC(C)C)C3,CHEMBL2046648,Ki,7.7
7487658,Cc1c(Nc2c(cncc2c3ccc(OCCN4CCOCC4)cc3)C#N)ccc5[nH]ccc15,CHEMBL467068,IC50,7.7
7487669,CN1CCN(CCCOc2ccc(cc2)c3cncc(C#N)c3Nc4ccc5[nH]ccc5c4C)CC1,CHEMBL493825,IC50,7.72
7487680,C[C@H]1CN(C)CC[C@H]1c2cc3N4[C@H](C)C(=O)NN=C4COc3cc2c5ccc(F)cc5,CHEMBL3355129,IC50,7.72
7487691,Cc1c(Nc2c(\C=C\CCCN3CCCCC3)cncc2C#N)ccc4[nH]ccc14,CHEMBL593388,IC50,7.72
7487702,Cc1c(Nc2c(\C=C\CCN3CCC(CC3)c4ccccc4)cncc2C#N)ccc5[nH]ccc15,CHEMBL596206,IC50,7.72
5476274,CC(C)[C@@H]1N(C)c2ccc3cnn4C=C(C[C@@H](CO)NC1=O)c2c34,CHEMBL271403,Ki,7.73
7487715,CN1CCN(CCOc2cccc(c2)c3cncc(C#N)c3Nc4cccc5[nH]ccc45)CC1,CHEMBL467321,IC50,7.75
7487726,NCC1CCC(CNc2nc(NCc3ccccc3OC(F)(F)F)ncc2[N+](=O)[O-])CC1,CHEMBL248183,IC50,7.75
7487737,NC[C@@H]1CC[C@H](CNc2nc(NCc3ccccc3Cl)ncc2[N+](=O)[O-])CC1,CHEMBL246159,IC50,7.75
7487748,COc1ccccc1CNc2ncc(c(NCC3CCC(CN)CC3)n2)[N+](=O)[O-],CHEMBL395690,IC50,7.77
7487759,Cc1ncc(C#N)c(Nc2ccc3[nH]ccc3c2C)c1\C=C\CCN4CCNCC4,CHEMBL593892,IC50,7.77
7487770,N#Cc1cncc(c1Nc2cccc3[nH]ccc23)c4cccc(OCCN5CCOCC5)c4,CHEMBL468139,IC50,7.77
7487781,CC1(C)NC(=O)c2ccc(cc2N1Cc3ccccc3)N4C(=O)Nc5ncccc45,CHEMBL3798679,IC50,7.8
928571,CCn1c(nc2c(ncc(OC[C@H]3CCCNC3)c12)C#CC(C)(C)O)c4nonc4N,CHEMBL494089,Kd,7.8
7487794,CN(C)Cc1cc(cs1)c2cc3c(Nc4ccc5[nH]ccc5c4C)c(cnc3s2)C#N,CHEMBL480838,IC50,7.8
7487805,COc1ccc(CN(C)C)c(c1)c2cc3c(Nc4ccc5[nH]ccc5c4C)c(cnc3s2)C#N,CHEMBL479835,IC50,7.8
7487816,C[C@@H]1CN(C)CC[C@@H]1c2cc3N4[C@H](C)C(=O)NN=C4COc3cc2c5ccccc5F,CHEMBL3355124,IC50,7.8
7487827,Cc1c(Nc2c(\C=C\CCN3CCC(CC3)NS(=O)(=O)C)cncc2C#N)ccc4[nH]ccc14,CHEMBL595048,IC50,7.8
7487838,Cc1c(Nc2c(\C=C\CCN3CCOCC3)cncc2C#N)ccc4[nH]ccc14,CHEMBL595732,IC50,7.8
7487849,CC(C)[C@H]1CN(CCN1)c2cccc(n2)c3n[nH]c4ncccc34,CHEMBL2326017,Ki,7.82
7487860,CCNC(=O)\C=C\c1cc2c(Nc3ccc4[nH]ccc4c3C)c(cnc2s1)C#N,CHEMBL514041,IC50,7.82
7487871,Cc1c(Nc2c(cncc2c3oc4ccc(CN5CCN(CC5)S(=O)(=O)C)cc4c3)C#N)ccc6[nH]ccc16,CHEMBL568923,IC50,7.82
7487882,NCC1CCC(CNc2nc(NCc3ccccc3C(F)F)ncc2[N+](=O)[O-])CC1,CHEMBL245977,IC50,7.82
7487893,CN(C)Cc1ccc(cc1)c2cc3c(Nc4ccc5[nH]ccc5c4C)c(cnc3s2)C#N,CHEMBL471795,IC50,7.85
7487904,CN1CCN(CCOc2ccc(cc2)c3cncc(C#N)c3Nc4cccc5[nH]ccc45)CC1,CHEMBL493987,IC50,7.85
7487915,CN1CCN(Cc2ccnc(\C=C\c3cncc(C#N)c3Nc4ccc5[nH]ccc5c4C)c2)CC1,CHEMBL1082544,IC50,7.85
7487926,C[C@H]1CN(C)CC[C@H]1c2cc3N4[C@H](C)C(=O)NN=C4COc3cc2c5cccc(F)c5,CHEMBL3355128,IC50,7.85
7487937,Cc1c(Nc2c(\C=C\c3ccc(CN4CCCCC4)cn3)cncc2C#N)ccc5[nH]ccc15,CHEMBL1097695,IC50,7.85
6255546,Cc1c(Nc2c(cncc2c3ccc(OCCN4CCN(CCO)CC4)cc3)C#N)ccc5[nH]ccc15,CHEMBL522344,IC50,7.85
5476331,CCCCCCCCCCc1ccc2N(C)[C@@H](C(C)C)C(=O)N[C@H](CO)Cc2c1,CHEMBL28205,Ki,7.88
7487952,COc1ccc(\C=C\c2cncc(C#N)c2Nc3ccc4[nH]ccc4c3C)cc1,CHEMBL566263,IC50,7.89
7487963,COc1ccc(cc1OC)c2cncc(C#N)c2Nc3cccc4[nH]ccc34,CHEMBL513485,IC50,7.89
7487974,Cc1c(Nc2c(\C=C\c3ccccc3OCCN4CCCC4)cncc2C#N)ccc5[nH]ccc15,CHEMBL583879,IC50,7.89
7487985,Cc1c(Nc2c(cncc2c3oc4ccc(CN5CCN(CC5)c6ccccn6)cc4c3)C#N)ccc7[nH]ccc17,CHEMBL571281,IC50,7.89
7487996,Cc1c(Nc2c(cncc2c3oc4ccc(CN5CCOCC5)cc4c3)C#N)ccc6[nH]ccc16,CHEMBL576278,IC50,7.89
7488007,Cc1cccc(CNc2ncc(c(NCC3CCC(CN)CC3)n2)[N+](=O)[O-])c1C,CHEMBL245912,IC50,7.89
7488018,N#Cc1cncc(\C=C\c2ccccc2)c1Nc3cccc4N=CCc34,CHEMBL576232,IC50,7.89
7488029,CC1(C)NC(=O)c2ccc(cc2N1c3ccccc3)N4C(=O)Nc5ncccc45,CHEMBL3798266,IC50,7.92
5476067,CCCCCCn1cc2CC[C@@H](CO)NC(=O)[C@H](C(C)C)N(C)c3cccc1c23,CHEMBL401369,Ki,7.92
7488042,CCS(=O)(=O)N1CCN(CC\C=C\c2cncc(C#N)c2Nc3ccc4[nH]ccc4c3C)CC1,CHEMBL592934,IC50,7.92
7488053,CC[C@@H]1CN(CCN1)c2cccc(n2)c3n[nH]c4ncccc34,CHEMBL2326016,Ki,7.92
7488064,CN1CCN(Cc2occ(c2)c3cncc(C#N)c3Nc4ccc5[nH]ccc5c4C)CC1,CHEMBL568547,IC50,7.92
6255583,COc1c(CN(C)C)cccc1c2cc3c(Nc4ccc5[nH]ccc5c4C)c(cnc3s2)C#N,CHEMBL480223,IC50,7.92
7488077,Cc1c(Nc2c(\C=C\CCN3CCN(CC3)S(=O)(=O)C)cncc2C#N)ccc4[nH]ccc14,CHEMBL595734,IC50,7.92
7488088,Cc1c(Nc2c(\C=C\c3ccc(cc3)S(=O)(=O)N4CCCCC4)cncc2C#N)ccc5[nH]ccc15,CHEMBL1079612,IC50,7.92
7488099,Cc1c(Nc2c(cnc3sc(\C=C\C(=O)N)cc23)C#N)ccc4[nH]ccc14,CHEMBL477617,IC50,7.92
418851,Cc1n[nH]c2ccc(cc12)c3cncc(OC[C@@H](N)Cc4ccccc4)c3,CHEMBL379218,Kd,7.92
7488112,NCC1CCC(CNc2nc(NCc3ccccc3C(F)(F)F)ncc2[N+](=O)[O-])CC1,CHEMBL247979,IC50,7.92
7488123,CC(C)S(=O)(=O)N1CCN(CC\C=C\c2cncc(C#N)c2Nc3ccc4[nH]ccc4c3C)CC1,CHEMBL605534,IC50,7.96
1323336,CC(C)[C@@](C)(O)[C@@H]1CN(CCN1)c2nc(c(F)cc2Cl)c3n[nH]c4ncccc34,CHEMBL2326002,IC50,7.96
7488136,CN(C)S(=O)(=O)c1ccc(\C=C\c2cncc(C#N)c2Nc3ccc4[nH]ccc4c3C)cc1,CHEMBL1080802,IC50,7.96
7488147,C[C@@H](N1c2cc(ccc2C(=O)NC1(C)C)N3C(=O)Nc4ncccc34)c5ccccc5,CHEMBL3798011,IC50,7.96
7488158,Cc1c(Nc2c(\C=C\CCCN3CCC(O)CC3)cncc2C#N)ccc4[nH]ccc14,CHEMBL595989,IC50,7.96
7488169,Cc1c(Nc2c(cncc2c3ccc(OCCN4CCC(CC4)N5CCCC5)cc3)C#N)ccc6[nH]ccc16,CHEMBL493999,IC50,7.96
7488180,NCC1CCC(CNc2nc(NCc3ccccc3[N+](=O)[O-])ncc2[N+](=O)[O-])CC1,CHEMBL396929,IC50,7.96
7488191,COc1ccc(cc1OC)c2cncc(C#N)c2Nc3cc4cc[nH]c4cc3C,CHEMBL494165,IC50,7.98
7488202,COc1ccc(cc1OC)c2cncc(C#N)c2Nc3ccc4[nH]ccc4c3OC,CHEMBL509448,IC50,7.98
7488213,CN1CCC[C@@H](CNc2nc(Nc3cccc(c3)n4ccnn4)ncc2F)C1,CHEMBL3586044,IC50,8.0
7488224,CN1CCN(Cc2ccccc2\C=C\c3cncc(C#N)c3Nc4ccc5[nH]ccc5c4C)CC1,CHEMBL1084409,IC50,8.0
7488235,COC(C)(C(C)C)C1CN(CCN1)c2ccc(F)c(n2)c3n[nH]c4ncccc34,CHEMBL2326011,Ki,8.0
7488246,COc1ccc(cc1)c2cc3OCC4=NNC(=O)[C@@H](C)N4c3cc2[C@@H]5CCN(C)C[C@@H]5C,CHEMBL3355133,IC50,8.0
6255737,Cc1c(Nc2c(\C=C\CN3CCNCC3)cncc2C#N)ccc4[nH]ccc14,CHEMBL593619,IC50,8.0
1323825,CN1CCN(CC1)c2nc(C3=C(C(=O)NC3=O)c4c[nH]c5cc(Cl)ccc45)c6ccccc6n2,CHEMBL2151409,IC50,8.01
7488261,CN1CCN(CC1)S(=O)(=O)c2ccc(\C=C\c3c(C)ncc(C#N)c3Nc4ccc5[nH]ccc5c4C)cc2,CHEMBL1079567,IC50,8.03
6255557,CNC1CCN(CC\C=C\c2cncc(C#N)c2Nc3ccc4[nH]ccc4c3C)CC1,CHEMBL606146,IC50,8.03
7488274,CCOc1ccc(CN(C)C)cc1c2cc3c(Nc4ccc5[nH]ccc5c4C)c(cnc3s2)C#N,CHEMBL479470,IC50,8.04
7488285,Cc1c(Nc2c(\C=C\c3ccc(OCCN4CCCC4)cc3)cncc2C#N)ccc5[nH]ccc15,CHEMBL579260,IC50,8.04
7488296,CC(C)C[C@@H]1CN(CCN1)c2ccc(F)c(n2)c3n[nH]c4ncccc34,CHEMBL2326021,Ki,8.05
6255607,CN(C)Cc1cccc(c1)c2cc3c(Nc4ccc5[nH]ccc5c4C)c(cnc3s2)C#N,CHEMBL402818,Ki,8.05
7488309,Cc1c(Nc2c(\C=C\CCN3CC(N)C3)cncc2C#N)ccc4[nH]ccc14,CHEMBL596172,IC50,8.05
7488320,Cc1c(Nc2c(cncc2c3ccc(CN4CCOCC4)cc3)C#N)ccc5[nH]ccc15,CHEMBL586046,IC50,8.05
1322896,CC(C)[C@@H]1N(C)c2cccc3[nH]cc(C[C@@H](CO)NC1=O)c23,CHEMBL27266,Ki,8.06
7488359,CCN(CC)S(=O)(=O)c1ccc(\C=C\c2cncc(C#N)c2Nc3ccc4[nH]ccc4c3C)cc1,CHEMBL1079903,IC50,8.06
6255700,COc1ccc(CN(C)C)cc1c2cc3c(Nc4ccc5[nH]ccc5c4C)c(cnc3s2)C#N,CHEMBL516913,IC50,8.06
26231,CN[C@@H]1C[C@H]2O[C@@](C)([C@@H]1OC)n3c4ccccc4c5c6CNC(=O)c6c7c8ccccc8n2c7c35,CHEMBL388978,Kd,8.07
7488374,CN(C)Cc1ccc(cc1)c2cncc(C#N)c2Nc3ccc4[nH]ccc4c3C,CHEMBL585697,IC50,8.08
1323867,CN1CCN(CC1)c2nc(C3=C(C(=O)NC3=O)c4c[nH]c5ccc(Cl)cc45)c6ccccc6n2,CHEMBL2151408,IC50,8.08
7488387,Cc1c(Nc2c(\C=C\c3ccccc3)cncc2C#N)ccc4[nH]ccc14,CHEMBL585192,IC50,8.08
5476248,CC1(C)CC[C@@H]2CC(=O)O[C@@H](CO)CC(=O)O[C@@H]3C[C@@H](CCCCc4ccccc4)O[C@@]1(C3)O2,CHEMBL1258117,Ki,8.09
7488400,COc1ccccc1\C=C\c2cncc(C#N)c2Nc3ccc4[nH]ccc4c3C,CHEMBL568407,IC50,8.09
7488411,CN1CCN(CC1)S(=O)(=O)Cc2ccc(\C=C\c3cncc(C#N)c3Nc4ccc5[nH]ccc5c4C)cc2,CHEMBL1081920,IC50,8.1
7488422,C[C@H]1CN(C)CC[C@H]1c2cc3N4[C@H](C)C(=O)NN=C4COc3cc2c5ccccc5C,CHEMBL3355130,IC50,8.1
7488433,NCC1CCC(CNc2nc(NCc3cccc(Cl)c3Cl)ncc2[N+](=O)[O-])CC1,CHEMBL246183,IC50,8.1
1324008,CN1CCN(CC1)c2nc(C3=C(C(=O)NC3=O)c4c[nH]c5ccccc45)c6ccc(F)cc6n2,CHEMBL2153755,IC50,8.11
7488446,Cc1c(Nc2c(cncc2c3oc(CN4CCOCC4)cc3)C#N)ccc5[nH]ccc15,CHEMBL585858,IC50,8.11
7488457,CN1CCN(CCOc2ccccc2\C=C\c3cncc(C#N)c3Nc4ccc5[nH]ccc5c4C)CC1,CHEMBL567952,IC50,8.12
7488468,CN1CCN(CCOc2ccc(cc2)c3cncc(C#N)c3Nc4ccc5[nH]ccc5c4C)CC1,CHEMBL467069,IC50,8.13
7488479,Cc1c(Nc2c(\C=C\CCN3CC[C@@H](O)C3)cncc2C#N)ccc4[nH]ccc14,CHEMBL595724,IC50,8.13
7488490,Cc1c(Nc2c(cncc2c3oc(CN4CCSCC4)cc3)C#N)ccc5[nH]ccc15,CHEMBL585323,IC50,8.13
7488501,CC(C)C[C@H]1CN(CCN1)c2ccc(OC(F)F)c(n2)C(=O)c3cccnc3N,CHEMBL2046646,Ki,8.16
6255640,CN(C)Cc1cccc(c1)c2cncc(C#N)c2Nc3ccc4[nH]ccc4c3C,CHEMBL567930,IC50,8.16
1323912,CN1CCN(CC1)c2nc(C3=C(C(=O)NC3=O)c4c[nH]c5c(Cl)cccc45)c6ccccc6n2,CHEMBL2151410,IC50,8.16
7488516,COc1cccc(\C=C\c2cncc(C#N)c2Nc3ccc4[nH]ccc4c3C)c1,CHEMBL567363,IC50,8.16
7488527,COc1cccc(c1)c2cc3OCC4=NNC(=O)[C@@H](C)N4c3cc2[C@@H]5CCN(C)C[C@@H]5C,CHEMBL3355132,IC50,8.16
7488538,NCC1CCC(CNc2nc(NCc3cc(Cl)ccc3Cl)ncc2[N+](=O)[O-])CC1,CHEMBL246386,IC50,8.16
1742849,CN(C)CCCn1cc(C2=C(C(=O)NC2=O)c3c[nH]c4ccccc34)c5ccccc15,CHEMBL7463,IC50,8.17
6255535,Cc1c(Nc2c(\C=C\CCN3CCC[C@H](N)C3)cncc2C#N)ccc4[nH]ccc14,CHEMBL595955,IC50,8.17
1323505,CCCCCCCC(=O)O[C@H]1\C(=C\C(=O)OC)\CC2C[C@@H](OC(=O)C[C@H](O)C[C@@H]3CCC[C@H](C[C@@H]4CCO[C@@H](O4)\C=C\C(C)(C)[C@]1(O)O2)O3)[C@@H](C)O,CHEMBL46252,Ki,8.18
7488555,CN(C)Cc1ccc2oc(cc2c1)c3cncc(C#N)c3Nc4ccc5[nH]ccc5c4C,CHEMBL571784,IC50,8.19
7488566,CN1CCN(CCC\C=C\c2cncc(C#N)c2Nc3ccc4[nH]ccc4c3C)CC1,CHEMBL603217,IC50,8.19
7488577,COc1ccc(cc1OC)c2cncc(C#N)c2Nc3ccc4[nH]ccc4c3C,CHEMBL494595,IC50,8.2
7488588,CN1CCN(CC1)S(=O)(=O)Cc2cccc(\C=C\c3cncc(C#N)c3Nc4ccc5[nH]ccc5c4C)c2,CHEMBL1081921,IC50,8.21
7488599,Cc1c(Nc2c(\C=C\c3ccc(CN4CCN(CCO)CC4)cn3)cncc2C#N)ccc5[nH]ccc15,CHEMBL1089724,IC50,8.21
7488610,CC(C)[C@@](C)(O)[C@@H]1CN(CCN1)c2ccc(F)c(n2)c3n[nH]c4ncccc34,CHEMBL2326007,IC50,8.22
7488621,CN1CCN(Cc2ccc(s2)c3cncc(C#N)c3Nc4ccc5[nH]ccc5c4C)CC1,CHEMBL567300,IC50,8.22
7488632,Cc1c(Nc2c(\C=C\CCN3CCC(O)CC3)cncc2C#N)ccc4[nH]ccc14,CHEMBL593890,IC50,8.22
7488643,Cc1c(Nc2c(\C=C\c3ccc(cc3)S(=O)(=O)N4CCCC4)cncc2C#N)ccc5[nH]ccc15,CHEMBL1079611,IC50,8.22
7488654,Cc1c(Nc2c(\C=C\c3cccc(c3)S(=O)(=O)N4CCCC4)cncc2C#N)ccc5[nH]ccc15,CHEMBL1081358,IC50,8.22
7488665,Cc1c(Nc2c(cncc2c3oc4ccc(CN5CC[N+](C)([O-])CC5)cc4c3)C#N)ccc6[nH]ccc16,CHEMBL570924,IC50,8.22
7488676,NCC1CCC(CNc2nc(NCc3ccccc3SC(F)(F)F)ncc2[N+](=O)[O-])CC1,CHEMBL246174,IC50,8.22
7488687,Nc1ncccc1C(=O)c2cccc(n2)N3CCN[C@H](C3)c4ccccc4,CHEMBL2046642,Ki,8.22
6255873,CN(C)CCNCCOc1ccc(cc1)c2cncc(C#N)c2Nc3ccc4[nH]ccc4c3C,CHEMBL494166,IC50,8.23
1323976,CN1CCN(CC1)c2nc(C3=C(C(=O)NC3=O)c4cn(C)c5ccccc45)c6ccccc6n2,CHEMBL2151412,IC50,8.24
7488702,Cc1c(Nc2c(\C=C\CCN3CCC(CN)CC3)cncc2C#N)ccc4[nH]ccc14,CHEMBL596398,IC50,8.24
7488713,COc1ccc(cc1)c2cncc(C#N)c2Nc3ccc4[nH]ccc4c3C,CHEMBL466654,IC50,8.25
7488724,Cc1c(Nc2c(\C=C\c3ccc(CN4CCC(O)CC4)cc3)cncc2C#N)ccc5[nH]ccc15,CHEMBL1087425,IC50,8.26
7488735,Cc1c(Nc2c(\C=C\c3ccc(cc3)S(=O)(=O)N)cncc2C#N)ccc4[nH]ccc14,CHEMBL1080801,IC50,8.27
7488746,COCCNCc1ccc(\C=C\c2cncc(C#N)c2Nc3ccc4[nH]ccc4c3C)cc1,CHEMBL1086178,IC50,8.28
7488757,COc1cc(Nc2ncc(F)c(NC[C@H]3CCCN(C)C3)n2)cc(c1)n4nnnc4C,CHEMBL3586037,IC50,8.28
7488768,COc1ccc(cc1OC)c2cncc(C#N)c2Nc3ccc4[nH]ccc4c3F,CHEMBL466036,IC50,8.28
6255896,Cc1c(Nc2c(\C=C\CCCN3CCC(N)CC3)cncc2C#N)ccc4[nH]ccc14,CHEMBL605318,IC50,8.28
6256509,Cc1c(Nc2c(cncc2c3oc4ccc(CN5CCNCC5)cc4c3)C#N)ccc6[nH]ccc16,CHEMBL583906,IC50,8.28
5476080,CN1CCN(CC1)c2nc(C3=C(C(=O)NC3=O)c4c[nH]c5ccccc45)c6cc(C)ccc6n2,CHEMBL2153752,IC50,8.29
7488785,C1CN(C[C@H](N1)c2ccccc2)c3cccc(n3)c4n[nH]c5ncccc45,CHEMBL2326020,Ki,8.3
7488796,CC(C)C[C@@H]1CN(CCN1)c2cccc(n2)c3n[nH]c4ncccc34,CHEMBL2326018,Ki,8.3
7488807,CC(C)C[C@H]1CN(CCN1)c2ccc(c3ccccc3)c(n2)C(=O)c4cccnc4N,CHEMBL2046649,IC50,8.3
7488818,CC(C)C[C@H]1CN(C[C@@H](C)N1)c2ccc(F)c(n2)c3n[nH]c4ncccc34,CHEMBL2326004,Ki,8.3
7488829,CCN1CC[C@H]([C@@H](C)C1)c2cc3N4[C@H](C)C(=O)NN=C4COc3cc2c5ccccc5F,CHEMBL3355126,IC50,8.3
6255653,CN1CCN(Cc2ccc(cc2)c3cncc(C#N)c3Nc4ccc5[nH]ccc5c4C)CC1,CHEMBL567299,IC50,8.3
7488842,CSc1ccccc1CNc2ncc(c(NCC3CCC(CN)CC3)n2)[N+](=O)[O-],CHEMBL392642,IC50,8.3
7488853,C[C@H]1CN(C)CC[C@H]1c2cc3N4[C@H](C)C(=O)NN=C4COc3cc2c5ccc6OCCOc6c5,CHEMBL3355136,IC50,8.3
7488864,NCC1CCC(CNc2nc(NCc3ccccc3Br)ncc2[N+](=O)[O-])CC1,CHEMBL246175,IC50,8.3
7488875,CN(C)C1CCN(CC\C=C\c2cncc(C#N)c2Nc3ccc4[nH]ccc4c3C)CC1,CHEMBL596397,IC50,8.31
6256136,CN1CCN(Cc2cc(cs2)c3cccc(C#C)c3Cc4ccc5CC=Cc5c4C)CC1,CHEMBL567082,IC50,8.31
7488888,COCCNCc1cccc(\C=C\c2cncc(C#N)c2Nc3ccc4[nH]ccc4c3C)c1,CHEMBL1099371,IC50,8.31
7488899,Cc1c(Nc2c(\C=C\c3cccc(CN4CCCCC4)c3)cncc2C#N)ccc5[nH]ccc15,CHEMBL1086420,IC50,8.31
1324297,CN1CCN(CC1)c2cc(C3=C(C(=O)NC3=O)c4c[nH]c5ccccc45)c6ccccc6c2,CHEMBL568580,IC50,8.32
7488912,Cc1ncc(C#N)c(Nc2ccc3[nH]ccc3c2C)c1\C=C\c4cccc(c4)S(=O)(=O)N5CCCCC5,CHEMBL1079566,IC50,8.32
7488923,CN1CCN(CCOc2cccc(\C=C\c3cncc(C#N)c3Nc4ccc5[nH]ccc5c4C)c2)CC1,CHEMBL567124,IC50,8.33
7488934,Cc1c(Nc2c(\C=C\c3ccc(CN4CCN(CCO)CC4)cc3)cncc2C#N)ccc5[nH]ccc15,CHEMBL1083522,IC50,8.33
6255664,Cc1c(Nc2c(\C=C\c3cccc(OCCN4CCCC4)c3)cncc2C#N)ccc5[nH]ccc15,CHEMBL565353,IC50,8.33
7488947,CN1CCN(Cc2oc(cc2)c3cccc(C#C)c3Cc4ccc5CC=Cc5c4C)CC1,CHEMBL570865,IC50,8.35
6255570,Cc1c(Nc2c(cncc2c3ccc(OCCN4CCCC4)cc3)C#N)ccc5[nH]ccc15,CHEMBL494412,IC50,8.35
7488960,CN1CCN(CC1)S(=O)(=O)Cc2cccc(\C=C\c3c(C)ncc(C#N)c3Nc4ccc5[nH]ccc5c4C)c2,CHEMBL1079427,IC50,8.36
1812542,CC1(C)NC(=O)c2ccc(cc2N1CC3CCCC3)N4C(=O)Nc5ncccc45,CHEMBL3800310,IC50,8.37
7488973,CN1CCN(CC1)S(=O)(=O)Cc2ccc(\C=C\c3c(C)ncc(C#N)c3Nc4ccc5[nH]ccc5c4C)cc2,CHEMBL1079426,IC50,8.37
7488984,Cc1c(Nc2c(\C=C\c3cccc(CN4CCCCC4)n3)cncc2C#N)ccc5[nH]ccc15,CHEMBL1093082,IC50,8.37
7488995,COCCNCc1cccc(\C=C\c2cncc(C#N)c2Nc3ccc4[nH]ccc4c3C)n1,CHEMBL1091482,IC50,8.38
7489006,Cc1c(Nc2c(\C=C\c3ccc(CN4CCCCC4)cc3)cncc2C#N)ccc5[nH]ccc15,CHEMBL1088055,IC50,8.39
7489017,CC(C)C[C@H]1CN(CCN1)c2ccc(F)c(n2)c3n[nH]c4ncccc34,CHEMBL2326003,Ki,8.4
7489028,CC(C)[C@@](C)(O)[C@@H]1CN(CCN1)c2nc(c(F)cc2O)c3n[nH]c4ncccc34,CHEMBL2325998,IC50,8.4
7489039,CC(C)[C@H]1CN(CCN1)c2cccc(n2)C(=O)c3cccnc3N,CHEMBL2046637,Ki,8.4
5476368,CC1(C)CC[C@@H]2CC(=O)O[C@@H](CO)CC(=O)O[C@@H]3C[C@@H](CCCCc4cccc(O)c4)O[C@@]1(C3)O2,CHEMBL1258348,Ki,8.4
7489052,COc1cc(Nc2ncc(F)c(NCC3CC(C)(C)N(C)C(C)(C)C3)n2)cc(c1)n4nnnc4C,CHEMBL3586035,IC50,8.4
7489063,C[C@H]1CNCC[C@H]1c2cc3N4[C@H](C)C(=O)NN=C4COc3cc2c5ccccc5F,CHEMBL3355123,IC50,8.4
7489074,C[C@H]1N2C(=NNC1=O)COc3cc(c(cc23)N(C)C4(C)CN(C)C4)c5ccccc5F,CHEMBL3355118,IC50,8.4
7489085,C[C@H]1N2C(=NNC1=O)COc3cc(c4ccccc4)c(cc23)N(C)C5(C)CN(C)C5,CHEMBL3355117,IC50,8.4
6255964,Cc1c(Nc2c(\C=C\CCN3CCNCC3)cncc2C#N)ccc4[nH]ccc14,CHEMBL603418,IC50,8.4
7489098,Cc1c(Nc2c(\C=C\c3ccc(CN4CCOCC4)cc3)cncc2C#N)ccc5[nH]ccc15,CHEMBL1088054,IC50,8.4
1323814,CC(C)n1cc(C2=C(C(=O)NC2=O)c3nc(nc4ccccc34)N5CCN(C)CC5)c6ccccc16,CHEMBL2151413,IC50,8.42
6098420,Cc1c(Nc2c(cnc3sc(\C=C\C(=O)N4CCCC4)cc23)C#N)ccc5[nH]ccc15,CHEMBL477817,IC50,8.42
7489113,CN1CCN(CCOc2ccc(\C=C\c3cncc(C#N)c3Nc4ccc5[nH]ccc5c4C)cc2)CC1,CHEMBL568457,IC50,8.44
7489124,CN1CCN(Cc2ccc(\C=C\c3cncc(C#N)c3Nc4ccc5[nH]ccc5c4C)cc2)CC1,CHEMBL1082226,IC50,8.44
7489135,Cc1c(Nc2c(\C=C\CCN3CCCNCC3)cncc2C#N)ccc4[nH]ccc14,CHEMBL606133,IC50,8.44
6256190,Cc1c(Nc2c(\C=C\CN3CCC(N)CC3)cncc2C#N)ccc4[nH]ccc14,CHEMBL593163,IC50,8.44
6255988,Cc1c(Nc2c(\C=C\CCN3CC[C@@H](N)C3)cncc2C#N)ccc4[nH]ccc14,CHEMBL595733,IC50,8.46
7489150,Cc1c(Nc2c(cnc3sc(\C=C\C(=O)N4CCCC4)c(C)c23)C#N)ccc5[nH]ccc15,CHEMBL479057,IC50,8.46
6255918,Cc1c(Nc2c(cncc2c3coc(CN4CCN(CC4)C5CCCC5)c3)C#N)ccc6[nH]ccc16,CHEMBL568581,IC50,8.46
1324265,CCCC(=O)O[C@@H]1[C@@H](C)[C@@]2(O)[C@@H](C=C(CO)C[C@@]3(O)[C@H]2C=C(C)C3=O)[C@@H]4C(C)(C)[C@]14OC(=O)CCC,CHEMBL27768,Kd,8.47
5476261,CN(C)CCOc1cc(C2=C(C(=O)NC2=O)c3c[nH]c4ccccc34)c5ccccc5c1,CHEMBL565632,IC50,8.48
7489167,COCCNCc1ccc(\C=C\c2cncc(C#N)c2Nc3ccc4[nH]ccc4c3C)nc1,CHEMBL1090055,IC50,8.5
7489178,CC(C)C[C@H]1CN(CCN1)c2ccc(c(n2)C(=O)c3cccnc3N)C(F)(F)F,CHEMBL2046643,Ki,8.52
6255772,CC(C)C[C@H]1CN(CCN1)c2cccc(n2)C(=O)c3cccnc3N,CHEMBL2046640,Ki,8.52
7489191,CN1CCC[C@@H](CNc2nc(Nc3cccc(c3)n4cc(Cl)cn4)ncc2F)C1,CHEMBL3586048,IC50,8.52
6255724,CN1CCN(Cc2cccc(c2)c3cncc(C#N)c3Nc4ccc5[nH]ccc5c4C)CC1,CHEMBL585307,IC50,8.52
7489204,C[C@H](c1cc2N3[C@H](C)C(=O)NN=C3COc2cc1c4ccccc4F)C5(C)CN(C)C5,CHEMBL3355119,IC50,8.52
7489215,C[C@H]1CN(C)CC[C@H]1c2cc3N4[C@H](C)C(=O)NN=C4COc3cc2c5ccccc5F,CHEMBL3355127,IC50,8.52
7489226,C[C@H]1N2C(=NNC1=O)COc3cc(c(cc23)C4CCN(C)CC4(C)C)c5ccccc5F,CHEMBL3355125,IC50,8.52
7489237,Cc1c(Nc2c(\C=C\c3cccc(c3)S(=O)(=O)N4CCCCC4)cncc2C#N)ccc5[nH]ccc15,CHEMBL1081359,IC50,8.52
7489248,NCC1CCCC(CNc2nc(NCc3ccccc3Cl)ncc2[N+](=O)[O-])C1,CHEMBL246365,IC50,8.52
1324153,CN1CCN(CC1)c2nc(C3=C(C(=O)NC3=O)c4c[nH]c5ccccc45)c6c(C)cccc6n2,CHEMBL2153749,IC50,8.54
1323400,C[C@@H]1CC(C)(C)[C@@]23C[C@@H](C[C@@H](CCCCc4cccc(O)c4)O2)OC(=O)C[C@H](CO)OC(=O)C[C@@H]1O3,CHEMBL2148107,Ki,8.54
7489263,Cc1c(Nc2c(\C=C\c3cccc(CN4CCC(O)CC4)c3)cncc2C#N)ccc5[nH]ccc15,CHEMBL1095369,IC50,8.54
7489274,Cc1c(Nc2c(cncc2c3oc4ccc(CN5CCCC5)cc4c3)C#N)ccc6[nH]ccc16,CHEMBL569796,IC50,8.54
7489285,CN(C)C1CCN(Cc2ccc(\C=C\c3cncc(C#N)c3Nc4ccc5[nH]ccc5c4C)nc2)CC1,CHEMBL1097696,IC50,8.55
6255594,Cc1c(Nc2c(\C=C\CCCN3CCNCC3)cncc2C#N)ccc4[nH]ccc14,CHEMBL593162,IC50,8.55
854301,CN(C)C[C@@H]1CCn2cc(C3=C(C(=O)NC3=O)c4cn(CCO1)c5ccccc45)c6ccccc26,CHEMBL91829,Kd,8.6
6256450,Cc1c(Nc2c(cncc2c3cc4cc(CN5CCCCC5)ccc4s3)C#N)ccc6[nH]ccc16,CHEMBL570047,IC50,8.6
6256001,CC(C)N1CCN(Cc2occ(c2)c3cncc(C#N)c3Nc4ccc5[nH]ccc5c4C)CC1,CHEMBL568371,IC50,8.62
6255783,CN(C)CCN1CCN(Cc2ccc3oc(cc3c2)c4cncc(C#N)c4Nc5ccc6[nH]ccc6c5C)CC1,CHEMBL569822,IC50,8.62
7489306,Cc1ncc(C#N)c(Nc2ccc3[nH]ccc3c2C)c1\C=C\c4cccc(c4)S(=O)(=O)N5CCCC5,CHEMBL1080103,IC50,8.62
6255750,Cc1c(Nc2c(cncc2c3oc4ccc(CNCCCO)cc4c3)C#N)ccc5[nH]ccc15,CHEMBL583903,IC50,8.64
6256653,CN1CCN(CC\C=C\c2cncc(C#N)c2Nc3ccc4[nH]ccc4c3C)CC1,CHEMBL595521,IC50,8.66
7489321,CN1CCC[C@@H](CNc2nc(Nc3cccc(c3)n4nnnc4C)ncc2F)C1,CHEMBL3586043,IC50,8.68
1324235,CN1CCN(CC1)c2cc3ccccc3c(n2)C4=C(C(=O)NC4=O)c5c[nH]c6ccccc56,CHEMBL2153748,IC50,8.68
7489334,Cc1c(Nc2c(\C=C\c3cccc(CN4CCC(O)CC4)n3)cncc2C#N)ccc5[nH]ccc15,CHEMBL1088738,IC50,8.68
6255713,CC(C)C[C@H]1CN(CCN1)c2ccc(Cl)c(n2)C(=O)c3cccnc3N,CHEMBL2046644,Ki,8.7
7489347,CC(C)C[C@H]1CN(CCN1)c2cccc(n2)c3n[nH]c4ncccc34,CHEMBL2326019,Ki,8.7
6255851,CC(C)[C@@](C)(O)[C@@H]1CN(CCN1)c2nc(c(F)cc2F)c3n[nH]c4ncccc34,CHEMBL2326001,IC50,8.7
7489360,CCN(CC)C(=O)\C=C\c1cc2c(Nc3ccc4[nH]ccc4c3C)c(cnc2s1)C#N,CHEMBL475918,IC50,8.7
7489371,COc1ccc(c(F)c1)c2cc3OCC4=NNC(=O)[C@@H](C)N4c3cc2[C@@H]5CCN(C)C[C@@H]5C,CHEMBL3355138,IC50,8.7
7489382,C[C@H]1CN(C)CC[C@H]1c2cc3N4[C@H](C)C(=O)NN=C4COc3cc2c5c(F)cccc5F,CHEMBL3355134,IC50,8.7
7489393,C[C@H]1CN(C)CC[C@H]1c2cc3N4[C@H](C)C(=O)NN=C4COc3cc2c5ccc(C)cc5F,CHEMBL3355137,IC50,8.7
7489404,CN1CCN(Cc2ccc(\C=C\c3cncc(C#N)c3Nc4ccc5[nH]ccc5c4C)nc2)CC1,CHEMBL1084410,IC50,8.72
6255629,Cc1c(Nc2c(\C=C\CCN3CCC[C@@H](N)C3)cncc2C#N)ccc4[nH]ccc14,CHEMBL606245,IC50,8.75
7489417,Cc1c(Nc2c(cncc2c3oc4ccccc4c3)C#N)ccc5[nH]ccc15,CHEMBL570247,IC50,8.77
7489428,CN(C)C(=O)\C=C\c1cc2c(Nc3ccc4[nH]ccc4c3C)c(cnc2s1)C#N,CHEMBL513913,IC50,8.8
6256047,Cc1c(Nc2c(cncc2c3oc4ccc(CNCCO)cc4c3)C#N)ccc5[nH]ccc15,CHEMBL571785,IC50,8.8
7489441,CN(C)C1CCN(Cc2cccc(\C=C\c3cncc(C#N)c3Nc4ccc5[nH]ccc5c4C)c2)CC1,CHEMBL1095368,IC50,8.82
7489452,COc1cc(Nc2ncc(F)c(NC3CC(C)(C)N(C)C(C)(C)C3)n2)cc(c1)n4nnnc4C,CHEMBL3586034,IC50,8.82
7489463,Cc1c(Nc2c(\C=C\c3cccc(CN4CCN(CCO)CC4)c3)cncc2C#N)ccc5[nH]ccc15,CHEMBL1095682,IC50,8.82
7489474,Cc1c(Nc2c(\C=C\c3cccc(CN4CCOCC4)n3)cncc2C#N)ccc5[nH]ccc15,CHEMBL1093081,IC50,8.82
6255975,Cc1c(Nc2c(cncc2c3oc4ccc(CNCC(O)CO)cc4c3)C#N)ccc5[nH]ccc15,CHEMBL585753,IC50,8.82
1323633,CCCCCCn1cc2C[C@@H](CO)NC(=O)[C@H](C(C)C)N(C)c3cccc1c23,CHEMBL399981,Ki,8.85
6255689,CN1CCN(Cc2cccc(\C=C\c3cncc(C#N)c3Nc4ccc5[nH]ccc5c4C)c2)CC1,CHEMBL1085671,IC50,8.85
6256123,Cc1c(Nc2c(cncc2c3oc4ccc(CNC5CCCCC5)cc4c3)C#N)ccc6[nH]ccc16,CHEMBL569590,IC50,8.85
6255953,CN(C)C1CCN(Cc2ccc(\C=C\c3cncc(C#N)c3Nc4ccc5[nH]ccc5c4C)cc2)CC1,CHEMBL1088056,IC50,8.89
6256162,CN(C)C1CCN(Cc2occ(c2)c3cncc(C#N)c3Nc4ccc5[nH]ccc5c4C)CC1,CHEMBL567103,IC50,8.89
6255907,Cc1c(Nc2c(\C=C\CCN3CC[C@H](N)C3)cncc2C#N)ccc4[nH]ccc14,CHEMBL606148,IC50,8.89
6255675,Cc1c(Nc2c(cncc2c3oc4ccc(CN5CCCCC5)cc4c3)C#N)ccc6[nH]ccc16,CHEMBL569108,IC50,8.89
1322556,CN1CCN(CC1)c2nc(C3=C(C(=O)NC3=O)c4c[nH]c5ccccc45)c6cc(Cl)ccc6n2,CHEMBL2153751,IC50,8.92
7489503,Cc1c(Nc2c(\C=C\c3cccc(CN4CCOCC4)c3)cncc2C#N)ccc5[nH]ccc15,CHEMBL1086419,IC50,8.92
1324339,Cn1cc(C2=C(C(=O)NC2=O)c3nc(nc4ccccc34)N5CCNCC5)c6ccccc16,CHEMBL2151415,IC50,8.92
6255524,CN1CCN(Cc2cccc(\C=C\c3cncc(C#N)c3Nc4ccc5[nH]ccc5c4C)n2)CC1,CHEMBL1084411,IC50,8.96
7489518,CC(C)[C@@](C)(O)[C@@H]1CN(CCN1)c2nc(c(F)cc2C#N)c3n[nH]c4ncccc34,CHEMBL2325999,Ki,9.0
7489529,CC(C)[C@@](C)(O)[C@@H]1CN(CCN1)c2nc(c(F)cc2CO)c3n[nH]c4ncccc34,CHEMBL2326000,IC50,9.0
7489540,CC(C)[C@](C)(O)[C@@H]1CN(CCN1)c2ccc(F)c(n2)c3n[nH]c4ncccc34,CHEMBL2326009,Ki,9.0
1324246,CN1CCN(CC1)c2nc(C3=C(C(=O)NC3=O)c4c[nH]c5ccccc45)c6ccccc6n2,CHEMBL565612,IC50,9.0
6256404,Cc1c(Nc2c(\C=C\CCN3CCC(N)CC3)cncc2C#N)ccc4[nH]ccc14,CHEMBL593883,IC50,9.06
6255862,CN(C)C1CCN(Cc2cccc(\C=C\c3cncc(C#N)c3Nc4ccc5[nH]ccc5c4C)n2)CC1,CHEMBL1088737,IC50,9.08
1324183,CCCC(=O)O[C@@H]1[C@@H](C)[C@]2(O)[C@@H]3C=C(C)C(=O)[C@H]3CC(=C[C@H]2[C@@H]4C(C)(C)[C@]14OC(=O)CCC)CO,CHEMBL265998,Ki,9.14
6256112,CN1CCN(Cc2ccc3sc(cc3c2)c4cncc(C#N)c4Nc5ccc6[nH]ccc6c5C)CC1,CHEMBL570277,IC50,9.17
7489561,COc1cc(Nc2ncc(F)c(NCC3CCN(C)CC3)n2)cc(c1)n4nnnc4C,CHEMBL3586036,IC50,9.17
6256076,Cc1c(Nc2c(\C=C\c3cccc(CN4CCN(CCO)CC4)n3)cncc2C#N)ccc5[nH]ccc15,CHEMBL1091481,IC50,9.19
1324360,CN1CCN(CC1)c2nc(C3=C(C(=O)NC3=O)c4c[nH]c5ccccc45)c6cc(F)ccc6n2,CHEMBL2153750,IC50,9.22
1323604,C[C@@H]1[C@@H](CCCCc2cccc(O)c2)O[C@]34C[C@@H]1OC(=O)C[C@H](CO)OC(=O)C[C@@H](CCC3(C)C)O4,CHEMBL2148108,Ki,9.27
1324371,O=C1NC(=O)C(=C1c2c[nH]c3ccccc23)c4nc(nc5ccccc45)N6CCNCC6,CHEMBL1996510,IC50,9.3
6255884,CN1CCN(CC1)S(=O)(=O)c2cccc(\C=C\c3cncc(C#N)c3Nc4ccc5[nH]ccc5c4C)c2,CHEMBL1080994,IC50,9.31
6255942,CCN1CCN(Cc2ccc3oc(cc3c2)c4cncc(C#N)c4Nc5ccc6[nH]ccc6c5C)CC1,CHEMBL570713,IC50,9.32
7489584,COCCN1CCC[C@@H](CNc2nc(Nc3cc(OC)cc(c3)n4nnnc4C)ncc2F)C1,CHEMBL3586040,IC50,9.34
7489595,CN1CCN(CC1)S(=O)(=O)c2cccc(\C=C\c3c(C)ncc(C#N)c3Nc4ccc5[nH]ccc5c4C)c2,CHEMBL1080995,IC50,9.36
7489606,COc1cc(Nc2ncc(F)c(NC[C@@H]3CCCN(C)C3)n2)cc(c1)n4nnnc4C,CHEMBL3586038,IC50,9.5
7489617,Cc1c(Nc2c(\C=C\c3cccc(CN4CCNCC4)n3)cncc2C#N)ccc5[nH]ccc15,CHEMBL1082225,IC50,9.5
6255929,CN1CCN(Cc2ccc3oc(cc3c2)c4cncc(C#N)c4Nc5ccc6[nH]ccc6c5C)CC1,CHEMBL571581,IC50,9.55
1324317,C[C@@H](O)[C@H]1CC(=O)O[C@H]2C[C@]3(O[C@H]([C@@H](C)CCCc4cccc(O)c4)[C@H]2C)O[C@@](O)(CC(=O)O1)[C@H](C)CC3(C)C,CHEMBL2418196,Ki,9.7
1324382,CO[C@@H](CC[C@H](C)[C@H]1O[C@@]23C[C@H](OC(=O)C[C@@H](OC(=O)C[C@](O)(O2)[C@H](C)CC3(C)C)[C@@H](C)O)[C@@H]1C)c4cc(O)ccc4Br,CHEMBL1256416,Ki,9.8
7489634,CCN1CCC[C@@H](CNc2nc(Nc3cc(OC)cc(c3)n4nnnc4C)ncc2F)C1,CHEMBL3586039,IC50,9.85
1324415,CO[C@@H](CC[C@H](C)[C@H]1O[C@@]23C[C@H](OC(=O)C[C@@H](OC(=O)C[C@](O)(O2)[C@H](C)CC3(C)C)[C@@H](C)O)[C@@H]1C)c4cccc(O)c4,CHEMBL2148106,Ki,9.96
1324404,CN1CCN(CC1)c2nc(C3=C(C(=O)NC3=O)c4c[nH]c5c(C)cccc45)c6ccccc6n2,CHEMBL2151411,IC50,10.0
