id,smiles,name,assay_type,activity_value
5476041,CC(C)[C@@H]1N(C)c2ccc3c(nn4C=C(C[C@@H](CO)NC1=O)c2c34)C(F)(F)F,CHEMBL261387,Ki,7.53
5476053,NCCNc1nc(nc2cnccc12)c3ccncc3,CHEMBL2147535,IC50,7.57
1322382,OC(=O)c1cccc(O)c1C(=O)c2c(O)cc(cc2O)C(=O)OC3C4CCN(CC4)CC3NC(=O)c5ccc(O)cc5,CHEMBL306884,IC50,7.59
1322392,OC(=O)c1cccc(O)c1C(=O)c2c(O)cc(cc2O)C(=O)O[C@@H]3C4CCN(CC4)C[C@H]3NC(=O)c5ccc(O)cc5,CHEMBL78129,IC50,7.59
5476067,CCCCCCn1cc2CC[C@@H](CO)NC(=O)[C@H](C(C)C)N(C)c3cccc1c23,CHEMBL401369,Ki,7.6
1324297,CN1CCN(CC1)c2cc(C3=C(C(=O)NC3=O)c4c[nH]c5ccccc45)c6ccccc6c2,CHEMBL568580,IC50,7.6
5476080,CN1CCN(CC1)c2nc(C3=C(C(=O)NC3=O)c4c[nH]c5ccccc45)c6cc(C)ccc6n2,CHEMBL2153752,IC50,7.6
1323505,CCCCCCCC(=O)O[C@H]1\C(=C\C(=O)OC)\CC2C[C@@H](OC(=O)C[C@H](O)C[C@@H]3CCC[C@H](C[C@@H]4CCO[C@@H](O4)\C=C\C(C)(C)[C@]1(O)O2)O3)[C@@H](C)O,CHEMBL46252,Ki,7.63
1323706,OC(=O)c1cccc(O)c1C(=O)c2c(O)cc(cc2O)C(=O)OC3CCCNC[C@H]3NC(=O)c4ccc(O)cc4,CHEMBL311399,IC50,7.66
5476094,OC(=O)c1cccc(O)c1C(=O)c2c(O)cc(cc2O)C(=O)O[C@@H]3CCCNC[C@@H]3NC(=O)c4ccc(O)cc4,CHEMBL307747,IC50,7.66
1323746,OC(=O)c1cccc(O)c1C(=O)c2c(O)cc(cc2O)C(=O)O[C@@H]3CCCNC[C@H]3NC(=O)c4ccc(O)cc4,CHEMBL60254,IC50,7.66
5476105,CC(C)[C@@H]1N(C)c2cccc3[nH]cc(C[C@@H](CO)\N=C\1/S)c23,CHEMBL63262,Ki,7.69
5476116,CC(CCc1ccc(O)cc1)OC(=O)c2cc(O)c(C(=O)c3c(O)cccc3C(=O)O)c(O)c2,CHEMBL148745,IC50,7.7
5476127,CCOC(=O)c1cccc(O)c1C(=O)c2c(O)cc(cc2O)C(=O)O[C@@H]3CNC[C@H]3NC(=O)c4ccc(O)cc4,CHEMBL307543,IC50,7.7
1323976,CN1CCN(CC1)c2nc(C3=C(C(=O)NC3=O)c4cn(C)c5ccccc45)c6ccccc6n2,CHEMBL2151412,IC50,7.7
5476139,C[C@]1(CCCNC[C@H]1NC(=O)c2ccc(O)cc2)OC(=O)c3cc(O)c(C(=O)c4c(O)cccc4C(=O)O)c(O)c3,CHEMBL433101,IC50,7.7
5476149,OC(=O)c1cccc(O)c1C(=O)c2c(O)cc(cc2O)C(=O)OC3C4CCC(C4)C3NC(=O)c5ccc(O)cc5,CHEMBL305667,IC50,7.7
1323696,OC(=O)c1cccc(O)c1C(=O)c2c(O)cc(cc2O)C(=O)OC3CCCNCC3NC(=O)c4ccc(O)cc4,CHEMBL49354,IC50,7.7
1323716,OC(=O)c1cccc(O)c1C(=O)c2c(O)cc(cc2O)C(=O)OC3CNCC3Cc4ccc(O)cc4,CHEMBL300422,IC50,7.7
5476161,OC(=O)c1cccc(O)c1C(=O)c2c(O)cc(cc2O)C(=O)OCC(Cc3ccc(O)cc3)NS(=O)(=O)c4ccccc4,CHEMBL358264,IC50,7.7
5476172,OC(=O)c1cccc(O)c1C(=O)c2c(O)cc(cc2O)C(=O)OC[C@@H]3CCC[C@H]3NC(=O)c4ccc(O)cc4,CHEMBL60455,IC50,7.7
1322801,OC(=O)c1cccc(O)c1C(=O)c2c(O)cc(cc2O)C(=O)OC[C@H](Cc3ccc(O)cc3)NS(=O)(=O)c4ccccc4,CHEMBL151822,IC50,7.7
5476184,OC(=O)c1cccc(O)c1C(=O)c2c(O)cc(cc2O)C(=O)O[C@@H]3C4CCC(C4)[C@H]3NC(=O)c5ccc(O)cc5,CHEMBL80525,IC50,7.7
1322823,OC[C@@H]1C[C@@H](NC(=O)c2ccc(O)cc2)[C@@H](C1)OC(=O)c3cc(O)c(C(=O)c4c(O)cccc4C(=O)O)c(O)c3,CHEMBL75004,IC50,7.7
1322834,OC[C@@H]1C[C@H](NC(=O)c2ccc(O)cc2)[C@@H](C1)OC(=O)c3cc(O)c(C(=O)c4c(O)cccc4C(=O)O)c(O)c3,CHEMBL431955,IC50,7.7
1323825,CN1CCN(CC1)c2nc(C3=C(C(=O)NC3=O)c4c[nH]c5cc(Cl)ccc45)c6ccccc6n2,CHEMBL2151409,IC50,7.72
5476200,CC(C)(N)CNc1nc(cc2cnccc12)c3ccncc3F,CHEMBL2147550,IC50,7.75
1323912,CN1CCN(CC1)c2nc(C3=C(C(=O)NC3=O)c4c[nH]c5c(Cl)cccc45)c6ccccc6n2,CHEMBL2151410,IC50,7.77
5476213,COC(=O)c1cccc(O)c1C(=O)c2c(O)cc(cc2O)C(=O)O[C@@H]3CNC[C@H]3NC(=O)c4ccc(O)cc4,CHEMBL304626,IC50,7.8
5476223,CC(C)(N)CNc1nc(cc2cnccc12)c3ccncc3Cl,CHEMBL2147551,IC50,7.82
1324183,CCCC(=O)O[C@@H]1[C@@H](C)[C@]2(O)[C@@H]3C=C(C)C(=O)[C@H]3CC(=C[C@H]2[C@@H]4C(C)(C)[C@]14OC(=O)CCC)CO,CHEMBL265998,Ki,7.83
1322690,CC(=O)OCOC(=O)c1cccc(O)c1C(=O)c2c(O)cc(cc2O)C(=O)O[C@@H]3CNC[C@H]3NC(=O)c4ccc(O)cc4,CHEMBL67528,IC50,7.85
5476237,NC1CCCN(C1)c2nc(cc3cnccc23)c4ccncc4,CHEMBL2147543,IC50,7.89
5476248,CC1(C)CC[C@@H]2CC(=O)O[C@@H](CO)CC(=O)O[C@@H]3C[C@@H](CCCCc4ccccc4)O[C@@]1(C3)O2,CHEMBL1258117,Ki,7.92
1323814,CC(C)n1cc(C2=C(C(=O)NC2=O)c3nc(nc4ccccc34)N5CCN(C)CC5)c6ccccc16,CHEMBL2151413,IC50,7.96
5476261,CN(C)CCOc1cc(C2=C(C(=O)NC2=O)c3c[nH]c4ccccc34)c5ccccc5c1,CHEMBL565632,IC50,7.96
1324265,CCCC(=O)O[C@@H]1[C@@H](C)[C@@]2(O)[C@@H](C=C(CO)C[C@@]3(O)[C@H]2C=C(C)C3=O)[C@@H]4C(C)(C)[C@]14OC(=O)CCC,CHEMBL27768,Ki,7.99
5476274,CC(C)[C@@H]1N(C)c2ccc3cnn4C=C(C[C@@H](CO)NC1=O)c2c34,CHEMBL271403,Ki,8.0
1742849,CN(C)CCCn1cc(C2=C(C(=O)NC2=O)c3c[nH]c4ccccc34)c5ccccc15,CHEMBL7463,IC50,8.0
5476287,NCCCNc1nc(cc2cnccc12)c3ccncc3,CHEMBL2147544,IC50,8.0
1322781,OC(=O)c1cccc(O)c1C(=O)c2c(O)cc(cc2O)C(=O)OC3CCCC3Cc4ccc(O)cc4,CHEMBL295806,IC50,8.0
1322791,OC(=O)c1cccc(O)c1C(=O)c2c(O)cc(cc2O)C(=O)OC3CCCC3Oc4ccc(O)cc4,CHEMBL48988,IC50,8.0
5476300,OC(=O)c1cccc(O)c1C(=O)c2c(O)cc(cc2O)C(=O)O[C@@H]3CCCOC[C@@H]3NC(=O)c4ccc(O)cc4,CHEMBL70078,IC50,8.0
5476310,OC(=O)c1cccc(O)c1C(=O)c2c(O)cc(cc2O)C(=O)O[C@@H]3CCCOC[C@H]3NC(=O)c4ccc(O)cc4,CHEMBL306373,IC50,8.0
418851,Cc1n[nH]c2ccc(cc12)c3cncc(OC[C@@H](N)Cc4ccccc4)c3,CHEMBL379218,Kd,8.02
1323867,CN1CCN(CC1)c2nc(C3=C(C(=O)NC3=O)c4c[nH]c5ccc(Cl)cc45)c6ccccc6n2,CHEMBL2151408,IC50,8.04
1324153,CN1CCN(CC1)c2nc(C3=C(C(=O)NC3=O)c4c[nH]c5ccccc45)c6c(C)cccc6n2,CHEMBL2153749,IC50,8.04
1549737,CC(C)(N)CNc1nc(cc2cnccc12)c3ccncc3,CHEMBL2147538,IC50,8.05
1324008,CN1CCN(CC1)c2nc(C3=C(C(=O)NC3=O)c4c[nH]c5ccccc45)c6ccc(F)cc6n2,CHEMBL2153755,IC50,8.05
5476331,CCCCCCCCCCc1ccc2N(C)[C@@H](C(C)C)C(=O)N[C@H](CO)Cc2c1,CHEMBL28205,Ki,8.19
1324235,CN1CCN(CC1)c2cc3ccccc3c(n2)C4=C(C(=O)NC4=O)c5c[nH]c6ccccc56,CHEMBL2153748,IC50,8.21
5476344,C1CN(CCN1)c2nc(cc3cnccc23)c4ccncc4,CHEMBL1214932,IC50,8.22
1324246,CN1CCN(CC1)c2nc(C3=C(C(=O)NC3=O)c4c[nH]c5ccccc45)c6ccccc6n2,CHEMBL565612,IC50,8.22
1323400,C[C@@H]1CC(C)(C)[C@@]23C[C@@H](C[C@@H](CCCCc4cccc(O)c4)O2)OC(=O)C[C@H](CO)OC(=O)C[C@@H]1O3,CHEMBL2148107,Ki,8.23
1322896,CC(C)[C@@H]1N(C)c2cccc3[nH]cc(C[C@@H](CO)NC1=O)c23,CHEMBL27266,Ki,8.26
1322556,CN1CCN(CC1)c2nc(C3=C(C(=O)NC3=O)c4c[nH]c5ccccc45)c6cc(Cl)ccc6n2,CHEMBL2153751,IC50,8.27
26231,CN[C@@H]1C[C@H]2O[C@@](C)([C@@H]1OC)n3c4ccccc4c5c6CNC(=O)c6c7c8ccccc8n2c7c35,CHEMBL388978,IC50,8.3
3890582,NCCNc1nc(cc2cnccc12)c3ccncc3,CHEMBL1214929,IC50,8.3
5476368,CC1(C)CC[C@@H]2CC(=O)O[C@@H](CO)CC(=O)O[C@@H]3C[C@@H](CCCCc4cccc(O)c4)O[C@@]1(C3)O2,CHEMBL1258348,Ki,8.36
5476379,C1CNCCN(C1)c2nc(cc3cnccc23)c4ccncc4,CHEMBL2147542,IC50,8.4
1322700,CC(C)(C)C(=O)OCOC(=O)c1cccc(O)c1C(=O)c2c(O)cc(cc2O)C(=O)O[C@@H]3CNC[C@H]3NC(=O)c4ccc(O)cc4,CHEMBL304175,IC50,8.4
5476391,CC(C)C1C[C@@H](NC(=O)c2ccc(O)cc2)[C@@H](C1)OC(=O)c3cc(O)c(C(=O)c4c(O)cccc4C(=O)O)c(O)c3,CHEMBL76920,IC50,8.4
5476402,COC(=O)c1cccc(O)c1C(=O)c2c(O)cc(cc2O)C(=O)O[C@@H]3CCC[C@H]3NC(=O)c4ccc(O)cc4,CHEMBL66923,IC50,8.4
1323726,OC(=O)c1cccc(O)c1C(=O)c2c(O)cc(cc2O)C(=O)OC3CNCC3NC(=O)c4ccc(O)cc4,CHEMBL265559,IC50,8.4
1323736,OC(=O)c1cccc(O)c1C(=O)c2c(O)cc(cc2O)C(=O)OC3CNC[C@H]3NC(=O)c4ccc(O)cc4,CHEMBL177635,IC50,8.4
1323065,OC(=O)c1cccc(O)c1C(=O)c2c(O)cc(cc2O)C(=O)O[C@@H]3CNC[C@H]3NC(=O)c4ccc(O)cc4,CHEMBL59828,IC50,8.4
1323075,OC(=O)c1cccc(O)c1C(=O)c2c(O)cc(cc2O)C(=O)O[C@H]3CNCC3NC(=O)c4ccc(O)cc4,CHEMBL422056,IC50,8.4
1322844,O[C@@H]1C[C@@H](NC(=O)c2ccc(O)cc2)[C@@H](C1)OC(=O)c3cc(O)c(C(=O)c4c(O)cccc4C(=O)O)c(O)c3,CHEMBL309034,IC50,8.4
1322864,O[C@H]1C[C@H](NC(=O)c2ccc(O)cc2)[C@@H](C1)OC(=O)c3cc(O)c(C(=O)c4c(O)cccc4C(=O)O)c(O)c3,CHEMBL67716,IC50,8.4
1323336,CC(C)[C@@](C)(O)[C@@H]1CN(CCN1)c2nc(c(F)cc2Cl)c3n[nH]c4ncccc34,CHEMBL2326002,Ki,8.46
1324339,Cn1cc(C2=C(C(=O)NC2=O)c3nc(nc4ccccc34)N5CCNCC5)c6ccccc16,CHEMBL2151415,IC50,8.48
1324030,NC[C@@H]1C[C@@H](NC(=O)c2ccc(O)cc2)[C@@H](C1)OC(=O)c3cc(O)c(C(=O)c4c(O)cccc4C(=O)O)c(O)c3,CHEMBL308263,IC50,8.52
1324041,NC[C@@H]1C[C@H](NC(=O)c2ccc(O)cc2)[C@@H](C1)OC(=O)c3cc(O)c(C(=O)c4c(O)cccc4C(=O)O)c(O)c3,CHEMBL67290,IC50,8.52
1324090,NC[C@H]1C[C@@H](NC(=O)c2ccc(O)cc2)[C@@H](C1)OC(=O)c3cc(O)c(C(=O)c4c(O)cccc4C(=O)O)c(O)c3,CHEMBL307708,IC50,8.52
1324101,NC[C@H]1C[C@H](NC(=O)c2ccc(O)cc2)[C@@H](C1)OC(=O)c3cc(O)c(C(=O)c4c(O)cccc4C(=O)O)c(O)c3,CHEMBL421866,IC50,8.52
1324111,N[C@@H]1C[C@@H](NC(=O)c2ccc(O)cc2)[C@@H](C1)OC(=O)c3cc(O)c(C(=O)c4c(O)cccc4C(=O)O)c(O)c3,CHEMBL432168,IC50,8.52
5476431,OC(=O)c1cccc(O)c1C(=O)c2c(O)cc(cc2O)C(=O)N[C@@H]3CNC[C@H]3NC(=O)c4ccc(O)cc4,CHEMBL59677,IC50,8.52
1323847,OC(=O)c1cccc(O)c1C(=O)c2c(O)cc(cc2O)C(=O)OC[C@@H](Cc3ccc(O)cc3)NS(=O)(=O)c4ccccc4,CHEMBL345767,IC50,8.52
1322812,OC1C[C@@H](NC(=O)c2ccc(O)cc2)[C@@H](C1)OC(=O)c3cc(O)c(C(=O)c4c(O)cccc4C(=O)O)c(O)c3,CHEMBL306580,IC50,8.52
1322854,O[C@@H]1C[C@H](NC(=O)c2ccc(O)cc2)[C@@H](C1)OC(=O)c3cc(O)c(C(=O)c4c(O)cccc4C(=O)O)c(O)c3.O[C@H]5C[C@H](NC(=O)c6ccc(O)cc6)[C@@H](C5)OC(=O)c7cc(O)c(C(=O)c8c(O)cccc8C(=O)O)c(O)c7,CHEMBL1794808,IC50,8.52
928571,CCn1c(nc2c(ncc(OC[C@H]3CCCNC3)c12)C#CC(C)(C)O)c4nonc4N,CHEMBL494089,Kd,8.62
5476448,C[C@H](N)CNc1nc(cc2cnccc12)c3ccncc3,CHEMBL2147537,IC50,8.7
1324122,N[C@@H]1C[C@H](NC(=O)c2ccc(O)cc2)[C@@H](C1)OC(=O)c3cc(O)c(C(=O)c4c(O)cccc4C(=O)O)c(O)c3,CHEMBL417051,IC50,8.7
1324132,OC[C@H]1C[C@@H](NC(=O)c2ccc(O)cc2)[C@@H](C1)OC(=O)c3cc(O)c(C(=O)c4c(O)cccc4C(=O)O)c(O)c3,CHEMBL75661,IC50,8.7
1324143,OC[C@H]1C[C@H](NC(=O)c2ccc(O)cc2)[C@@H](C1)OC(=O)c3cc(O)c(C(=O)c4c(O)cccc4C(=O)O)c(O)c3,CHEMBL306427,IC50,8.7
1324360,CN1CCN(CC1)c2nc(C3=C(C(=O)NC3=O)c4c[nH]c5ccccc45)c6cc(F)ccc6n2,CHEMBL2153750,IC50,8.72
1324404,CN1CCN(CC1)c2nc(C3=C(C(=O)NC3=O)c4c[nH]c5c(C)cccc45)c6ccccc6n2,CHEMBL2151411,IC50,8.77
1324371,O=C1NC(=O)C(=C1c2c[nH]c3ccccc23)c4nc(nc5ccccc45)N6CCNCC6,CHEMBL1996510,IC50,9.0
5476469,OC(=O)c1cccc(O)c1C(=O)c2c(O)cc(cc2O)C(=O)OC3CCCC3NC(=O)c4ccc(O)cc4,CHEMBL48636,IC50,9.0
5476481,OC(=O)c1cccc(O)c1C(=O)c2c(O)cc(cc2O)C(=O)O[C@@H]3CCC[C@H]3NC(=O)c4ccc(O)cc4,CHEMBL52529,IC50,9.0
5476492,OC(=O)c1cccc(O)c1C(=O)c2c(O)cc(cc2O)C(=O)O[C@H]3CCCC3NC(=O)c4ccc(O)cc4,CHEMBL71331,IC50,9.0
5476502,OC(=O)c1cccc(O)c1C(=O)c2c(O)cc(cc2O)C(=O)OC3CCC[C@H]3NC(=O)c4ccc(O)cc4,CHEMBL427118,IC50,9.22
1323604,C[C@@H]1[C@@H](CCCCc2cccc(O)c2)O[C@]34C[C@@H]1OC(=O)C[C@H](CO)OC(=O)C[C@@H](CCC3(C)C)O4,CHEMBL2148108,Ki,9.35
1324382,CO[C@@H](CC[C@H](C)[C@H]1O[C@@]23C[C@H](OC(=O)C[C@@H](OC(=O)C[C@](O)(O2)[C@H](C)CC3(C)C)[C@@H](C)O)[C@@H]1C)c4cc(O)ccc4Br,CHEMBL1256416,Ki,9.44
1323633,CCCCCCn1cc2C[C@@H](CO)NC(=O)[C@H](C(C)C)N(C)c3cccc1c23,CHEMBL399981,Ki,9.47
1324317,C[C@@H](O)[C@H]1CC(=O)O[C@H]2C[C@]3(O[C@H]([C@@H](C)CCCc4cccc(O)c4)[C@H]2C)O[C@@](O)(CC(=O)O1)[C@H](C)CC3(C)C,CHEMBL2418196,Ki,9.75
1324415,CO[C@@H](CC[C@H](C)[C@H]1O[C@@]23C[C@H](OC(=O)C[C@@H](OC(=O)C[C@](O)(O2)[C@H](C)CC3(C)C)[C@@H](C)O)[C@@H]1C)c4cccc(O)c4,CHEMBL2148106,Ki,9.96
