id,smiles,name,assay_type,activity_value
1128976,CN1CCN(CC1)C(=O)COc2ccc(c3cccc4C(=O)C=C(Oc34)N5CCOCC5)c6sc7ccccc7c26,CHEMBL2420257,IC50,7.54
1128988,Cn1nc(c2ccc3ccccc3c2)c4c(N)ncnc14,CHEMBL1234815,IC50,7.54
1128999,OCCN1CCN(CCC(=O)Nc2ccc(c3cccc4C(=O)C=C(Oc34)N5CCOCC5)c6sc7ccccc7c26)CC1,CHEMBL2420274,IC50,7.54
1129010,OCCOCCN1CCN(CCC(=O)Nc2ccc(c3cccc4C(=O)C=C(Oc34)N5CCOCC5)c6sc7ccccc7c26)CC1,CHEMBL2420267,IC50,7.54
1129021,CN1CCN(CCC(=O)Nc2ccc(c3cccc4C(=O)C=C(Oc34)N5CCOCC5)c6sc7ccccc7c26)CC1,CHEMBL2420319,IC50,7.55
1129032,Nc1ncnc2c1c(nn2[C@H]3CCOC3)c4ccc(Cl)c(O)c4,CHEMBL1241678,IC50,7.55
1129046,O=C1C=C(Oc2c1cccc2c3cccc4c5ccccc5sc34)N6CCOCC6,CHEMBL188678,IC50,7.55
1048572,CS(=O)(=O)c1ccc(cc1)c2cnc(N)c(n2)C(=O)Nc3ccccc3,CHEMBL1766779,IC50,7.59
1129059,OCCN(CCO)CCC(=O)Nc1ccc(c2cccc3C(=O)C=C(Oc23)N4CCOCC4)c5sc6ccccc6c15,CHEMBL2420320,IC50,7.59
1129070,O=C(CCN1CCN(CC1)c2ccccn2)Nc3ccc(c4cccc5C(=O)C=C(Oc45)N6CCOCC6)c7sc8ccccc8c37,CHEMBL2420269,IC50,7.62
1129081,O=C(CN1CCNCC1)Nc2ccc(c3cccc4C(=O)C=C(Oc34)N5CCOCC5)c6sc7ccccc7c26,CHEMBL2420424,IC50,7.62
1129092,CC(=O)N1CCN(CCC(=O)Nc2ccc(c3cccc4C(=O)C=C(Oc34)N5CCOCC5)c6sc7ccccc7c26)CC1,CHEMBL2420304,IC50,7.64
1129103,O=C1C=C(Oc2c1cccc2c3cccc4c5CCCCc5sc34)N6CCOCC6,CHEMBL198750,IC50,7.64
1129114,CCN(CC)CCOc1ccc(c2cccc3C(=O)C=C(Oc23)N4CCOCC4)c5sc6ccccc6c15,CHEMBL2420283,IC50,7.66
1129125,NCCNCCC(=O)Nc1ccc(c2cccc3C(=O)C=C(Oc23)N4CCOCC4)c5sc6ccccc6c15,CHEMBL2420322,IC50,7.66
1129136,O=C(CN1CCCNCC1)Nc2ccc(c3cccc4C(=O)C=C(Oc34)N5CCOCC5)c6sc7ccccc7c26,CHEMBL2420312,IC50,7.66
1129147,O=C(CN1CCCCC1)Nc2ccc(c3cccc4C(=O)C=C(Oc34)N5CCOCC5)c6sc7ccccc7c26,CHEMBL2420324,IC50,7.68
1129158,COC[C@H]1OC(=O)c2coc3C(=O)C4=C([C@@H](C[C@@]5(C)C4CCC5=O)C(=O)OC)[C@]1(C)c23,CHEMBL174207,IC50,7.7
1129169,O=C1C=C(Oc2c1cccc2c3ccc(OCCN4CCCCC4)c5c6ccccc6sc35)N7CCOCC7,CHEMBL2420280,IC50,7.7
1129180,O=C1C=C(Oc2c1cccc2c3cccc(c3)c4ccsc4)N5CCOCC5,CHEMBL488881,IC50,7.7
1129191,CC(C)n1nc(c2ccc3c(C=O)c[nH]c3c2)c4c(N)ncnc14,CHEMBL1242666,IC50,7.72
1129202,COCCN1CCN(CCC(=O)Nc2ccc(c3cccc4C(=O)C=C(Oc34)N5CCOCC5)c6sc7ccccc7c26)CC1,CHEMBL2420266,IC50,7.72
1129213,Nc1ncnc2c1c(nn2C3CCC3)c4ccc(Br)c(O)c4,CHEMBL1242287,IC50,7.72
1129224,O=C(COc1ccc(c2cccc3C(=O)C=C(Oc23)N4CCOCC4)c5sc6ccccc6c15)N7CCCCC7,CHEMBL2420256,IC50,7.72
1129235,CN(C)CC(=O)Nc1ccc(c2cccc3C(=O)C=C(Oc23)N4CCOCC4)c5sc6ccccc6c15,CHEMBL2420313,IC50,7.75
1129246,COCCN(CCOC)CC(=O)Nc1ccc(c2cccc3C(=O)C=C(Oc23)N4CCOCC4)c5sc6ccccc6c15,CHEMBL2420427,IC50,7.75
1129257,O=C(CCN1CCN(CC1)c2ncccn2)Nc3ccc(c4cccc5C(=O)C=C(Oc45)N6CCOCC6)c7sc8ccccc8c37,CHEMBL2420271,IC50,7.75
1129268,O=C1C=C(Oc2c1cccc2c3cccc(c3)c4cccs4)N5CCOCC5,CHEMBL529223,IC50,7.75
1129279,CC(C)n1nc(c2ccc(Br)c(O)c2)c3c(N)ncnc13,CHEMBL1241578,IC50,7.77
1129290,CC(C)n1nc(c2ccc(Cl)c(O)c2)c3c(N)ncnc13,CHEMBL1241484,IC50,7.77
1129301,CC(=O)N1CCN(CC1)C(=O)COc2ccc(c3cccc4C(=O)C=C(Oc34)N5CCOCC5)c6sc7ccccc7c26,CHEMBL2420261,IC50,7.8
1129312,CC(C)N1CCN(CC1)C(=O)COc2ccc(c3cccc4C(=O)C=C(Oc34)N5CCOCC5)c6sc7ccccc7c26,CHEMBL2420263,IC50,7.8
1129323,NCCNCC(=O)Nc1ccc(c2cccc3C(=O)C=C(Oc23)N4CCOCC4)c5sc6ccccc6c15,CHEMBL2420429,IC50,7.8
1129334,CCN1C(=O)CNc2ncc(nc12)c3ccc(nc3C)c4nc[nH]n4,CHEMBL3586573,IC50,7.82
1129345,Fc1ccc(cc1)N2CCN(CC(=O)Nc3ccc(c4cccc5C(=O)C=C(Oc45)N6CCOCC6)c7sc8ccccc8c37)CC2,CHEMBL2420306,IC50,7.82
1129356,CC(C)n1nc(c2ccc3nc(N)ccc3c2)c4c(N)ncnc14,CHEMBL1241949,IC50,7.85
1129368,Cc1ccc2C(=O)C=C(Oc2c1c3cccc4c5ccccc5sc34)N6CCOCC6,CHEMBL3393500,IC50,7.85
1129379,O=C(CN1CCOCC1)Nc2ccc(cc2c3ccccc3)c4cccc5C(=O)C=C(Oc45)N6CCOCC6,CHEMBL1669170,IC50,7.85
1129390,O=C(CNCC1CCCO1)Nc2ccc(c3cccc4C(=O)C=C(Oc34)N5CCOCC5)c6sc7ccccc7c26,CHEMBL2420436,IC50,7.85
1129405,Oc1cccc(c1)c2nc(N3CCOCC3)c4oc5ncccc5c4n2,CHEMBL573339,IC50,7.85
1129416,CN1CCCC1CCNCCC(=O)Nc2ccc(c3cccc4C(=O)C=C(Oc34)N5CCOCC5)c6sc7ccccc7c26,CHEMBL2420302,IC50,7.89
1129427,COc1ccc2C3=NCCN3C(=Nc2c1OC)NC(=O)c4cccnc4,CHEMBL1241857,IC50,7.89
1129438,Nc1ncnc2c1c(nn2C3CCCC3)c4ccc(Cl)c(O)c4,CHEMBL1241676,IC50,7.89
1129449,O=C(CNCCCN1CCOCC1)Nc2ccc(c3cccc4C(=O)C=C(Oc34)N5CCOCC5)c6sc7ccccc7c26,CHEMBL2420311,IC50,7.89
1129460,O=C1C=C(N=C2N1C=CC=C2c3cccc4c5ccccc5sc34)N6CCOCC6,CHEMBL3393499,IC50,7.89
1129471,CCN(CC)CCC(=O)Nc1ccc(c2cccc3C(=O)C=C(Oc23)N4CCOCC4)c5sc6ccccc6c15,CHEMBL2420293,IC50,7.92
1129482,CN1CCN(CC(=O)Nc2ccc(c3cccc4C(=O)C=C(Oc34)N5CCOCC5)c6sc7ccccc7c26)CC1,CHEMBL2420425,IC50,7.92
1129493,Cn1nc(c2ccc(Br)c(O)c2)c3c(N)ncnc13,CHEMBL1241299,IC50,7.92
1129504,NCC(=O)Nc1ccc(c2cccc3C(=O)C=C(Oc23)N4CCOCC4)c5sc6ccccc6c15,CHEMBL2420434,IC50,7.92
1129515,O=C(CCNCc1ccncc1)Nc2ccc(c3cccc4C(=O)C=C(Oc34)N5CCOCC5)c6sc7ccccc7c26,CHEMBL2420277,IC50,7.92
1129526,O=C(CNCCN1CCOCC1)Nc2ccc(c3cccc4C(=O)C=C(Oc34)N5CCOCC5)c6sc7ccccc7c26,CHEMBL2420435,IC50,7.92
1129537,CN(CC(=O)N)C(=O)COc1ccc(c2cccc3C(=O)C=C(Oc23)N4CCOCC4)c5sc6ccccc6c15,CHEMBL2420265,IC50,7.96
1129548,O=C(CCN1CCCCCC1)Nc2ccc(c3cccc4C(=O)C=C(Oc34)N5CCOCC5)c6sc7ccccc7c26,CHEMBL2420291,IC50,7.96
1129559,O=C(CN1CCOCC1)Nc2ccc(c3cccc4C(=O)C=C(Oc34)N5CCOCC5)c6sc7ccccc7c26,CHEMBL2420323,IC50,7.96
1129570,CC(C)n1nc(c2ccc3c(N)n[nH]c3c2)c4c(N)ncnc14,CHEMBL1242476,IC50,8.0
1129581,CN(C)CCN1CCN(CC(=O)Nc2ccc(c3cccc4C(=O)C=C(Oc34)N5CCOCC5)c6sc7ccccc7c26)CC1,CHEMBL2420308,IC50,8.0
1129592,CN(C)CCN1CCN(CCC(=O)Nc2ccc(c3cccc4C(=O)C=C(Oc34)N5CCOCC5)c6sc7ccccc7c26)CC1,CHEMBL2420272,IC50,8.0
1129603,CN1CCCN(CCOc2ccc(c3cccc4C(=O)C=C(Oc34)N5CCOCC5)c6sc7ccccc7c26)CC1,CHEMBL2420282,IC50,8.0
1129614,C[C@@H]1CN(CCOc2ccc(c3cccc4C(=O)C=C(Oc34)N5CCOCC5)c6sc7ccccc7c26)C[C@H](C)O1,CHEMBL2420286,IC50,8.0
1129625,O=C(COc1ccc(c2cccc3C(=O)C=C(Oc23)N4CCOCC4)c5sc6ccccc6c15)NCc7ccncc7,CHEMBL2420262,IC50,8.0
1129636,OCCNCCC(=O)Nc1ccc(c2cccc3C(=O)C=C(Oc23)N4CCOCC4)c5sc6ccccc6c15,CHEMBL2420321,IC50,8.0
1129647,CC(C)N1CCN(CC(=O)Nc2ccc(c3cccc4C(=O)C=C(Oc34)N5CCOCC5)c6sc7ccccc7c26)CC1,CHEMBL2420315,IC50,8.05
1129658,CC(C)n1nc(c2ccc(C#N)c(O)c2)c3c(N)ncnc13,CHEMBL1241944,IC50,8.05
1129669,COc1ccc(CNCCC(=O)Nc2ccc(c3cccc4C(=O)C=C(Oc34)N5CCOCC5)c6sc7ccccc7c26)cc1,CHEMBL2420292,IC50,8.05
1129680,C[C@@H]1CN(CCC(=O)Nc2ccc(c3cccc4C(=O)C=C(Oc34)N5CCOCC5)c6sc7ccccc7c26)C[C@H](C)O1,CHEMBL2420299,IC50,8.05
1129691,O=C(CCNCCCN1CCOCC1)Nc2ccc(c3cccc4C(=O)C=C(Oc34)N5CCOCC5)c6sc7ccccc7c26,CHEMBL2420276,IC50,8.05
1129702,CC(C)n1nc(c2ccc3ncccc3c2)c4c(N)ncnc14,CHEMBL1233882,IC50,8.1
1129713,CCN(CC(=O)Nc1ccc(c2cccc3C(=O)C=C(Oc23)N4CCOCC4)c5sc6ccccc6c15)Cc7ccncc7,CHEMBL2420440,IC50,8.1
1129724,CN(C)CCOc1ccc(c2cccc3C(=O)C=C(Oc23)N4CCOCC4)c5sc6ccccc6c15,CHEMBL2420288,IC50,8.1
1129735,COCCNCCC(=O)Nc1ccc(c2cccc3C(=O)C=C(Oc23)N4CCOCC4)c5sc6ccccc6c15,CHEMBL2420303,IC50,8.1
1129746,NCCC(=O)Nc1ccc(c2cccc3C(=O)C=C(Oc23)N4CCOCC4)c5sc6ccccc6c15,CHEMBL2420294,IC50,8.1
1129757,O=C(CN1CCOCC1)Nc2ccc(cc2OCC3CC3)c4cccc5C(=O)C=C(Oc45)N6CCOCC6,CHEMBL1669154,IC50,8.1
1129768,O=C(CNCc1ccncc1)Nc2ccc(c3cccc4C(=O)C=C(Oc34)N5CCOCC5)c6sc7ccccc7c26,CHEMBL2420314,IC50,8.1
1129779,O=C1C=C(Oc2c1cccc2c3ccc(OCCN4CCOCC4)c5c6ccccc6sc35)N7CCOCC7,CHEMBL2420279,IC50,8.1
1129790,OCCNCC(=O)Nc1ccc(c2cccc3C(=O)C=C(Oc23)N4CCOCC4)c5sc6ccccc6c15,CHEMBL2420428,IC50,8.1
1129801,CN1CCN(CCOc2ccc(c3cccc4C(=O)C=C(Oc34)N5CCOCC5)c6sc7ccccc7c26)CC1,CHEMBL2420281,IC50,8.16
1129812,COCCNCC(=O)Nc1ccc(c2cccc3C(=O)C=C(Oc23)N4CCOCC4)c5sc6ccccc6c15,CHEMBL2420443,IC50,8.16
1129823,O=C(CCNCC1CCCO1)Nc2ccc(c3cccc4C(=O)C=C(Oc34)N5CCOCC5)c6sc7ccccc7c26,CHEMBL2420296,IC50,8.16
1129834,O=C(CN1CCN(CC1)c2ccccn2)Nc3ccc(c4cccc5C(=O)C=C(Oc45)N6CCOCC6)c7sc8ccccc8c37,CHEMBL2420305,IC50,8.16
1129845,O=C(CNCCN1CCNC1=O)Nc2ccc(c3cccc4C(=O)C=C(Oc34)N5CCOCC5)c6sc7ccccc7c26,CHEMBL2420441,IC50,8.16
1129856,O=C1C=C(Oc2c1cccc2c3ccc(OCCNCCN4CCOCC4)c5c6ccccc6sc35)N7CCOCC7,CHEMBL2420284,IC50,8.16
1129867,CCC(=O)N1CCN(CC1)c2ccc(cc2C(F)(F)F)N3C(=O)C=Cc4cnc5ccc(cc5c34)c6cnc7ccccc7c6,CHEMBL1256459,IC50,8.2
1129878,CC(C)NCC(=O)CN1CCN(CC(=O)Nc2ccc(c3cccc4C(=O)C=C(Oc34)N5CCOCC5)c6sc7ccccc7c26)CC1,CHEMBL2420307,IC50,8.22
1048768,CC(CN(C)C)S(=O)(=O)c1ccc(cc1)c2cnc(N)c(n2)C(=O)Nc3ccccc3,CHEMBL1766797,Ki,8.22
1129891,CNC(=O)c1ccc2c(OCCc3cc(sc23)C(=O)N(C)c4ccc(cc4Cl)C(=O)N(C)C)c1,CHEMBL1796761,IC50,8.22
1129902,COC(=O)[C@H](CO)NC(=O)COc1ccc(c2cccc3C(=O)C=C(Oc23)N4CCOCC4)c5sc6ccccc6c15,CHEMBL2420264,IC50,8.22
1129913,COCCN1CCN(CC(=O)Nc2ccc(c3cccc4C(=O)C=C(Oc34)N5CCOCC5)c6sc7ccccc7c26)CC1,CHEMBL2420445,IC50,8.22
1129924,O=C(CCNCCN1CCNC1=O)Nc2ccc(c3cccc4C(=O)C=C(Oc34)N5CCOCC5)c6sc7ccccc7c26,CHEMBL2420301,IC50,8.22
1129935,O=C(CCNCCN1CCOCC1)Nc2ccc(c3cccc4C(=O)C=C(Oc34)N5CCOCC5)c6sc7ccccc7c26,CHEMBL2420295,IC50,8.22
1129946,OCCN(CCO)CC(=O)Nc1ccc(c2cccc3C(=O)C=C(Oc23)N4CCOCC4)c5sc6ccccc6c15,CHEMBL2420426,IC50,8.22
1129957,OCCOCCN1CCN(CC(=O)Nc2ccc(c3cccc4C(=O)C=C(Oc34)N5CCOCC5)c6sc7ccccc7c26)CC1,CHEMBL2420446,IC50,8.22
1129968,CC(=O)N1CCN(CC(=O)Nc2ccc(c3cccc4C(=O)C=C(Oc34)N5CCOCC5)c6sc7ccccc7c26)CC1,CHEMBL2420444,IC50,8.3
1129980,CCN1CCN(CC(=O)Nc2ccc(c3cccc4C(=O)C=C(Oc34)N5CCOCC5)c6sc7ccccc7c26)CC1,CHEMBL1086377,IC50,8.3
1129991,CN(C)CCN(C)CCOc1ccc(c2cccc3C(=O)C=C(Oc23)N4CCOCC4)c5sc6ccccc6c15,CHEMBL2420285,IC50,8.3
1130002,OCCN1CCN(CC(=O)Nc2ccc(c3cccc4C(=O)C=C(Oc34)N5CCOCC5)c6sc7ccccc7c26)CC1,CHEMBL2420310,IC50,8.3
1130013,C[C@@H]1CN(CC(=O)Nc2ccc(c3cccc4C(=O)C=C(Oc34)N5CCOCC5)c6sc7ccccc7c26)C[C@H](C)O1,CHEMBL2420439,IC50,8.4
1130024,Fc1ccc(cc1)S(=O)(=O)Nc2cc(cnc2Cl)c3ccc4ncc(nc4c3)N5CCOCC5,CHEMBL1914743,IC50,8.47
1130036,CC(=O)Nc1nc2ccc(cc2s1)c3cnc(Cl)c(NS(=O)(=O)c4ccc(F)cc4)c3,CHEMBL1615189,IC50,8.52
1130047,CC(C)N1CCN(CCOc2ccc(c3cccc4C(=O)C=C(Oc34)N5CCOCC5)c6sc7ccccc7c26)CC1,CHEMBL2420253,IC50,8.52
1130058,CN(CCOc1ccc(c2cccc3C(=O)C=C(Oc23)N4CCOCC4)c5sc6ccccc6c15)CC(=O)N,CHEMBL2420255,IC50,8.52
1130328,Nc1oc2ccc(cc2n1)c3nn(CC4CCCC4)c5ncnc(N)c35,CHEMBL3797933,IC50,8.52
1130338,Fc1ccc(cc1)S(=O)(=O)Nc2cc(cnc2Cl)c3ccc4nccc(N5CCOCC5)c4c3,CHEMBL1738719,IC50,8.64
1130349,CC(=O)N1CCN(CCOc2ccc(c3cccc4C(=O)C=C(Oc34)N5CCOCC5)c6sc7ccccc7c26)CC1,CHEMBL2420287,IC50,8.7
1130360,COC(=O)[C@H](CO)NCCOc1ccc(c2cccc3C(=O)C=C(Oc23)N4CCOCC4)c5sc6ccccc6c15,CHEMBL2420254,IC50,8.7
1130371,O=C1C=C(Oc2c1cccc2c3ccc(OCCNc4cccnc4)c5c6ccccc6sc35)N7CCOCC7,CHEMBL2420289,IC50,8.7
1130381,COc1cc2ncc3N(C)C(=O)N(c4ccc(cc4F)C#N)c3c2cc1OC(CN)c5ccc(F)cc5,CHEMBL3672674,IC50,9.13
1130391,CC(C)n1nc(c2ccc3N=CNC(=O)c3c2)c4c(N)ncnc14,CHEMBL1241776,IC50,9.3
1130402,Nc1ccc(cn1)c2ccc3ncc4C=CC(=O)N(c5cccc(c5)C(F)(F)F)c4c3c2,CHEMBL1765602,IC50,9.3
1130412,CCCn1nc(c2ccc(cc2)C#N)c3c4cc(OC)c(OC)cc4ncc13,CHEMBL3646752,IC50,9.52
1130421,CCN1CCN(CC1)c2ccc(cc2)c3nn(C)c4cnc5cc(OC)c(OC)cc5c34,CHEMBL3646768,IC50,9.52
1130430,CCN1CCN(CCNC(=O)C(Oc2cc3c(cc2OC)ncc4c3c(nn4C)c5ccc(cc5)C#N)c6ccc(F)cc6)CC1,CHEMBL3646741,IC50,9.52
1130439,CCn1nc(c2ccc(cc2F)C#N)c3c4cc(OC)c(OC)cc4ncc13,CHEMBL3646750,IC50,9.52
1130448,COC(=O)C(Oc1cc2c(cc1OC)ncc3c2c(nn3C)c4ccc(cc4)C#N)c5ccc(F)cc5,CHEMBL3646712,IC50,9.52
1130457,COCCNC(=O)C(Oc1cc2c3N(C(=O)N(C)c3cnc2cc1OC)c4ccc(cc4F)C#N)c5ccc(F)cc5,CHEMBL3667683,IC50,9.52
1130466,COc1cc2ncc3N(C)C(=O)N(c4ccc(cc4F)C#N)c3c2cc1CCc5ccsc5,CHEMBL3672683,IC50,9.52
1130475,COc1cc2ncc3N(C)C(=O)N(c4ccc(cc4F)C#N)c3c2cc1OC(CN)c5cccs5,CHEMBL3672673,IC50,9.52
1130484,COc1cc2ncc3N(C)C(=O)N(c4ccc(cc4F)C#N)c3c2cc1OCc5sccc5S(=O)(=O)N6CCOCC6,CHEMBL3667686,IC50,9.52
1130493,COc1cc2ncc3N(C)C(=O)N(c4ccc(cc4F)C#N)c3c2cc1\C=C\c5ccccc5,CHEMBL3672684,IC50,9.52
1130502,COc1cc2ncc3N(C)C(=O)N(c4ccc(cc4F)C#N)c3c2cc1c5cc(nn5C)C(F)(F)F,CHEMBL3672681,IC50,9.52
1130511,COc1cc2ncc3N(C)C(=O)N(c4ccc(cc4F)C#N)c3c2cc1c5ccnn5C,CHEMBL3672679,IC50,9.52
1130520,COc1cc2ncc3c(c(nn3C#N)c4ccc(cc4)C#N)c2cc1OC,CHEMBL3646758,IC50,9.52
1130529,COc1cc2ncc3c(c(nn3C(C)C)c4ccc(cc4)C#N)c2cc1OC,CHEMBL3646753,IC50,9.52
1130538,COc1cc2ncc3c(c(nn3C)c4ccc(cc4)C#N)c2cc1OC(C(=O)NCCN(C)C)c5ccc(F)cc5,CHEMBL3646742,IC50,9.52
1130547,COc1cc2ncc3c(c(nn3C)c4ccc(cc4)C#N)c2cc1OC(C(=O)NCCS(=O)(=O)N)c5ccc(F)cc5,CHEMBL3646745,IC50,9.52
1130556,COc1cc2ncc3c(c(nn3C)c4ccc(cc4)C#N)c2cc1OC(C(=O)NOCC#N)c5ccc(F)cc5,CHEMBL3646744,IC50,9.52
1130565,COc1cc2ncc3c(c(nn3C)c4ccc(cc4)C#N)c2cc1OC(F)(F)c5ccccc5,CHEMBL3646711,IC50,9.52
1130574,COc1cc2ncc3c(c(nn3C)c4ccc(cc4)C#N)c2cc1OCc5cccc(CN)c5,CHEMBL3646726,IC50,9.52
1130583,COc1cc2ncc3c(c(nn3C)c4ccc(cc4)C#N)c2cc1OCc5cccc(CN6CCOCC6)c5,CHEMBL3646722,IC50,9.52
1130592,COc1cc2ncc3c(c(nn3C)c4ccc(cc4)C#N)c2cc1OCc5cccc(c5)N(C)C,CHEMBL3646735,IC50,9.52
1130601,COc1cc2ncc3c(c(nn3C)c4ccc(cc4)C#N)c2cc1OCc5cccc(c5)c6csc(C)n6,CHEMBL3639456,IC50,9.52
1130610,COc1cc2ncc3c(c(nn3C)c4ccc(cc4)C#N)c2cc1OCc5ccccc5C#N,CHEMBL3646708,IC50,9.52
1130619,COc1cc2ncc3c(c(nn3C)c4ccc(cc4)C#N)c2cc1OCc5ccnc(c5)C#N,CHEMBL3646732,IC50,9.52
1130628,COc1cc2ncc3c(c(nn3C)c4ccc(cc4)C#N)c2cc1OCc5cnc6[nH]ccc6c5,CHEMBL3646724,IC50,9.52
1130637,COc1cc2ncc3c(c(nn3C)c4ccc(cc4)C#N)c2cc1OP(=O)(O)c5ccccc5,CHEMBL3646719,IC50,9.52
1130646,COc1cc2ncc3c(c(nn3C)c4ccc(cc4)C#N)c2cc1OS(=O)(=O)c5ccc(C)cc5,CHEMBL3646718,IC50,9.52
1130655,COc1cc2ncc3c(c(nn3C4CC4)c5ccc(cc5)C#N)c2cc1OC,CHEMBL3646755,IC50,9.52
1130664,COc1cc2ncc3c(c(nn3CC(=O)N)c4ccc(cc4)C#N)c2cc1OC,CHEMBL3646761,IC50,9.52
1130673,COc1cc2ncc3c(c(nn3CC(=O)O)c4ccc(cc4)C#N)c2cc1OC,CHEMBL3646760,IC50,9.52
1130682,COc1cc2ncc3c(c(nn3CC=C)c4ccc(cc4)C#N)c2cc1OC,CHEMBL3646756,IC50,9.52
