id,smiles,name,assay_type,activity_value
6255498,[H][C@@]12C[C@@]([H])(C)[C@]34C=C(C)[C@]([H])(OC(=O)C(\C)=C/C)[C@@]3(O)[C@]([H])(O)C(CO)=C[C@]([H])(C4=O)[C@]1([H])C2(C)C,ingenol mebutate,EC50,7.52287865
8159069,Oc1ccc2sc3C(=O)NCCSc3c2c1,CHEMBL1672571,IC50,7.55
26231,CN[C@@H]1C[C@H]2O[C@@](C)([C@@H]1OC)n3c4ccccc4c5c6CNC(=O)c6c7c8ccccc8n2c7c35,CHEMBL388978,Kd,7.57
1323889,Cn1c2ccccc2c3c4C(=O)NCc4c5c6ccccc6n(CCC#N)c5c13,CHEMBL302449,IC50,7.57
8159084,CN1CCN(CC1)c2cc(cc(n2)c3ccnc(NC4CCCCC4)c3)C(=O)N,CHEMBL1215286,IC50,7.6
3386760,NC(=O)c1cc(nc(c1)c2ccnc(Nc3ccccc3)c2)N4CCNCC4,CHEMBL1215000,EC50,7.62
8159097,FC(F)(F)c1cc(nc(c1)c2ccnc(NC3CCCCC3)c2)N4CCNCC4,CHEMBL1215360,IC50,7.7
8159108,NC(=O)C1CCN(CC1)c2nc(cc3cnccc23)c4ccnc(NC5CCOCC5)c4,CHEMBL1214788,IC50,7.7
8159119,CC(=O)C1CN(CCN1)c2nc(cc3cnccc23)c4ccnc(NC5CCCCC5)c4,CHEMBL1215795,IC50,7.72
8159130,O=C(NCC#N)c1cccc(c1)c2cc(on2)c3ccc(CNC4CCOCC4)cc3,CHEMBL1683438,IC50,7.72
8159141,N#Cc1cc(nc(c1)c2ccnc(NC3CCCCC3)c2)N4CCNCC4,CHEMBL1215078,IC50,7.75
3386749,C1CCC(CC1)Nc2cc(ccn2)c3cc(cc(n3)N4CCNCC4)c5cn[nH]c5,CHEMBL1215151,EC50,7.77
8159154,FC(F)c1cc(nc(c1)c2ccnc(NC3CCCCC3)c2)N4CCNCC4,CHEMBL1215361,IC50,7.77
8159165,C1CCC(CC1)Nc2cc(ccn2)c3cc4ncccc4c(n3)N5CCNCC5,CHEMBL1215572,IC50,7.82
8159176,OC1CCN(CC1)c2nc(cc3cnccc23)c4ccnc(NC5CCCCC5)c4,CHEMBL1215793,IC50,7.82
26212,C[C@]12O[C@H](C[C@]1(O)CO)n3c4ccccc4c5c6C(=O)NCc6c7c8ccccc8n2c7c35,CHEMBL603469,Kd,7.85
8159189,NC1CCCN(C1)c2cc(cc(n2)c3ccnc(NC4CCCCC4)c3)C(=O)N,CHEMBL1215285,IC50,7.85
8159200,C1CCC(CC1)Nc2cc(ccn2)c3cc4cnccc4c(n3)N5CCN(CC5)C6CC6,CHEMBL1215709,IC50,7.89
8159211,C1CCC(CC1)Nc2cc(ccn2)c3cc4ccccc4c(n3)N5CCNCC5,CHEMBL1215505,IC50,7.92
8159222,C1CN(CCN1)c2nc(cc3cnccc23)c4ccnc(NC5CCOCC5)c4,CHEMBL1215711,IC50,8.0
327281,O=C(NC1CC1)Nc2c[nH]nc2c3nc4cc(CN5CCOCC5)ccc4[nH]3,CHEMBL495727,IC50,8.0
8159235,CC(C)NCc1ccc(cc1)c2onc(c2)c3cccc(c3)C(=O)N[C@H](C)C#N,CHEMBL1683436,IC50,8.05
8159246,C[C@H]1CN(CCN1)c2cc(cc(n2)c3ccnc(NC4CCCCC4)c3)C(=O)N,CHEMBL1215223,IC50,8.1
8159257,Cn1ccc(Nc2cc(ccn2)c3cc(cc(n3)N4CCNCC4)C#N)n1,CHEMBL1215150,IC50,8.1
8159268,CC(C)CN1CCN(CC1)c2nc(cc3cnccc23)c4ccnc(NC5CCCCC5)c4,CHEMBL1215642,IC50,8.22
8159279,C[C@@H]1CN(CCN1)c2cc(cc(n2)c3ccnc(NC4CCCCC4)c3)C(=O)N,CHEMBL1215222,IC50,8.22
8159290,NC(=O)c1cc(nc(c1)c2ccnc(NC3CCCC3)c2)N4CCNCC4,CHEMBL1215076,IC50,8.22
2339309,C[C@@H](NC(=O)c1cccc(c1)c2cc(on2)c3ccc(CNC4CCOCC4)cc3)C#N,CHEMBL1683440,IC50,8.26
8159303,N#Cc1cc(nc(c1)c2ccnc(Nc3ccccc3)c2)N4CCNCC4,CHEMBL1215149,IC50,8.3
8159314,NCC(=O)N1CCN(CC1)c2nc(cc3cnccc23)c4ccnc(NC5CCOCC5)c4,CHEMBL1214787,IC50,8.3
8159325,C1CCC(CC1)Nc2cc(ccn2)c3cc(cc(n3)N4CCNCC4)c5cc[nH]n5,CHEMBL1215152,IC50,8.4
8159336,CCNc1cc(ccn1)c2cc(cc(n2)N3CCNCC3)C(=O)N,CHEMBL1215077,IC50,8.4
8159347,OC1CCN(CC1)C(=O)C2CCN(CC2)c3nc(cc4cnccc34)c5ccnc(NC6CCCCC6)c5,CHEMBL1214786,IC50,8.4
8159358,CC(C)NCc1ccc(cc1)c2cc(n[nH]2)c3cccc(c3)C(=O)N[C@H](C)C#N,CHEMBL1683435,IC50,8.43
3386647,CC(C)NC(=O)C1CCN(CC1)c2nc(cc3cnccc23)c4ccnc(NC5CCOCC5)c4,CHEMBL1214857,IC50,8.52
8159371,CCNC(=O)C1CCN(CC1)c2nc(cc3cnccc23)c4ccnc(NC5CCOCC5)c4,CHEMBL1214789,IC50,8.52
8159382,CNC(=O)C1CCN(CC1)c2nc(cc3cnccc23)c4ccnc(NC5CCCCC5)c4,CHEMBL1214710,IC50,8.52
8159393,C[C@@H]1CN(C[C@H](C)N1)c2nc(cc3cnccc23)c4ccnc(NC5CCCCC5)c4,CHEMBL1215640,IC50,8.52
8159404,C(C1CC1)N2CCN(CC2)c3nc(cc4cnccc34)c5ccnc(NC6CCCCC6)c5,CHEMBL1215643,IC50,8.7
8159415,CC(C)CNC(=O)C1CCN(CC1)c2nc(cc3cnccc23)c4ccnc(NC5CCOCC5)c4,CHEMBL1214858,IC50,8.7
8159426,CN1CCN(CC1)c2nc(cc3cnccc23)c4ccnc(NC5CCCCC5)c4,CHEMBL1215641,IC50,8.7
3386635,NC(=O)c1cc(N[C@@H]2CCNC2)nc(c1)c3ccnc(NC4CCCCC4)c3,CHEMBL1215220,IC50,8.7
8159439,OCCNC(=O)C1CCN(CC1)c2nc(cc3cnccc23)c4ccnc(NC5CCOCC5)c4,CHEMBL1214859,IC50,8.7
8159450,CC(C)CN1CCN(CC1)c2nc(cc3cnccc23)c4ccnc(NC5CCOCC5)c4,CHEMBL1215712,IC50,9.0
3386682,CC(C)Nc1cc(ccn1)c2cc(cc(n2)N3CCNCC3)C(=O)N,CHEMBL1215002,IC50,9.0
3386704,Cn1ccc(Nc2cc(ccn2)c3cc(cc(n3)N4CCNCC4)C(=O)N)n1,CHEMBL1215074,IC50,9.0
3386658,NC(=O)c1cc(nc(c1)c2ccnc(NC3CCCCC3)c2)N4CCNCC4,CHEMBL1214999,IC50,9.0
3386669,NC(=O)c1cc(nc(c1)c2ccnc(NC3CCOCC3)c2)N4CCNCC4,CHEMBL1215001,IC50,9.0
3386693,NC(=O)c1cc(nc(c1)c2ccnc(Nc3ccccc3Cl)c2)N4CCNCC4,CHEMBL1215075,IC50,9.0
8159471,NCC1CCN(CC1)c2nc(cc3cnccc23)c4ccnc(NC5CCCCC5)c4,CHEMBL1215710,IC50,9.0
8159482,O=C(NC1CCNCC1)C2CCN(CC2)c3nc(cc4cnccc34)c5ccnc(NC6CCCCC6)c5,CHEMBL1214711,IC50,9.0
8159493,O=C(NCCN1CCCC1)C2CCN(CC2)c3nc(cc4cnccc34)c5ccnc(NC6CCCCC6)c5,CHEMBL1214712,IC50,9.0
8159504,O=C(NCCN1CCCC1)C2CCN(CC2)c3nc(cc4cnccc34)c5ccnc(NC6CCOCC6)c5,CHEMBL1214860,IC50,9.0
8159515,O=C1NCc2c1cc(nc2c3ccnc(NC4CCCCC4)c3)N5CCNCC5,CHEMBL1215363,IC50,9.0
3386716,C1CCC(CC1)Nc2cc(ccn2)c3cc4cnccc4c(n3)N5CCNCC5,CHEMBL1214998,IC50,9.22
