id,smiles,name,assay_type,activity_value
1167501,CCc1cc2C(=O)c3c([nH]c4cc(ccc34)C#N)C(C)(C)c2cc1N5CCC(CC5)N6CCOCC6,alectinib,IC50,8.31875896
478408,COC1=CC2=C(C=C1C(N)=O)C(OC1=CC=C(NC(=O)NC3CC3)C(Cl)=C1)=CC=N2,lenvatinib,Ki,8.82
1421049,COC1=CC2=NC=CC(OC3=CC=C(NC(=O)C4(CC4)C(=O)NC4=CC=C(F)C=C4)C=C3)=C2C=C1OC,cabozantinib,IC50,8.28399658
129147,CCN(CC)CCNC(=O)c1c(C)[nH]c(\C=C\2/C(=O)Nc3ccc(F)cc23)c1C,sunitinib,IC50,8.80000019
308739,CNC(=O)C1=CC(OC2=CC=C(NC(=O)NC3=CC=C(Cl)C(=C3)C(F)(F)F)C=C2)=CC=N1,sorafenib,Kd,8.13
478654,COc1cc2c(Nc3ccc(Br)cc3F)ncnc2cc1OCC4CCN(C)CC4,vandetanib,Kd,7.85
9906475,COc1cc2c(Nc3c(C)c(O)ccc3F)ncnc2cc1OCCCN4CCN(C)CC4,CHEMBL3800348,IC50,7.54
9906486,COc1cc2ncnc(Nc3cc(C)cc(O)c3)c2cc1OC,CHEMBL3775086,IC50,7.54
634976,CN1CCN(CC1)c2cc(Nc3cc(C)[nH]n3)nc(Sc4ccc(NC(=O)C5CC5)cc4)n2,CHEMBL572878,Kd,7.55
26231,CN[C@@H]1C[C@H]2O[C@@](C)([C@@H]1OC)n3c4ccccc4c5c6CNC(=O)c6c7c8ccccc8n2c7c35,CHEMBL388978,Kd,7.55
480664,CN1CCN(CC1)c2ccc3nc([nH]c3c2)C4=C(N)c5c(F)cccc5NC4=O,CHEMBL522892,Kd,7.57
324480,CO[C@@H]1[C@@H](C[C@H]2O[C@]1(C)n3c4ccccc4c5c6CNC(=O)c6c7c8ccccc8n2c7c35)N(C)C(=O)c9ccccc9,CHEMBL608533,Kd,7.57
9906505,Cn1nc(c2cc(on2)C3CC3)c4c(N)ncnc14,CHEMBL3752118,IC50,7.57
2359224,CN1CCN(CC2=CC=C(NC(=O)C3=CC=C(C)C(=C3)C#CC3=CN=C4C=CC=NN34)C=C2C(F)(F)F)CC1,ponatinib,IC50,7.59
1586133,C[C@@H](Cc1c(F)c(F)cc(F)c1F)NC2=C(C(=O)NC=C2)c3nc4cc5C(=O)N(CCN(C)C)C(=O)c5cc4[nH]3,CHEMBL3671310,IC50,7.59
5752038,CC(=O)Nc1ccc2NC(=O)\C(=C/c3cc4CN(CCc4[nH]3)C(=O)N5CCOCC5)\c2c1,CHEMBL2403374,IC50,7.6
5752530,COc1ccc2NC(=O)\C(=C/c3cc4CN(CCc4[nH]3)C(=O)N5CCOCC5)\c2c1,CHEMBL2403370,IC50,7.6
7249356,Cc1ccc(O)cc1Nc2ccnc3cc(ccc23)c4csc(C=O)n4,CHEMBL237127,IC50,7.6
9906525,OCc1nc(cs1)c2ccc3c(Nc4cc(O)c(F)cc4Cl)ccnc3c2,CHEMBL237128,IC50,7.6
9906536,COc1cc2c(Nc3c(C)c(O)ccc3F)ncnc2cc1OCc4noc(C)n4,CHEMBL3798119,IC50,7.62
213374,Cc1[nH]c(\C=C\2/C(=O)Nc3ccc(F)cc23)c(C)c1C(=O)NC[C@H](O)CN4CCOCC4,CHEMBL1721885,Kd,7.62
3560450,CCc1cc2C(=O)c3c([nH]c4cc(ccc34)C#N)C(C)(C)c2cc1c5cnn(CCCN(C)C)c5,CHEMBL3746678,IC50,7.64
9906551,CNCCCOc1cc2ncnc(Nc3c(C)c(O)ccc3F)c2cc1OC,CHEMBL3799756,IC50,7.64
9906562,COc1cc2ncnc(Nc3cccc(O)c3Br)c2cc1OC,CHEMBL3775164,IC50,7.64
9906573,COc1cc2ncnc(Sc3cccc(O)c3)c2cc1OC,CHEMBL3775376,IC50,7.64
480456,CS(=O)(=O)Cc1cccc(Nc2nccc(Oc3ccc4c(cccc4c3)C(=O)Nc5cccc(F)c5)n2)c1,CHEMBL3740487,IC50,7.64
5319648,CC(C)n1nc(c2cc(on2)C3CC3)c4c(N)ncnc14,CHEMBL3753341,IC50,7.68
9906589,COc1cc2ncnc(Nc3cc(F)cc(O)c3C)c2cc1OC,CHEMBL3774913,IC50,7.68
478994,CC1(C)CNc2cc(NC(=O)c3cccnc3NCc4ccncc4)ccc12,CHEMBL572881,Kd,7.7
26212,C[C@]12O[C@H](C[C@]1(O)CO)n3c4ccccc4c5c6C(=O)NCc6c7c8ccccc8n2c7c35,CHEMBL603469,Kd,7.7
5637842,N[C@H]1CCCC[C@H]1Nc2cc3N=CNC(=O)c3c(Nc4cccc5cc[nH]c45)n2,CHEMBL3262356,IC50,7.7
6377237,Nc1ncnc2scc(c3ccc4c(cccc4c3)C(=O)Nc5ccccc5)c12,CHEMBL3288526,IC50,7.7
9906610,COc1cc2ncnc(Nc3cccc(O)c3Cl)c2cc1OC,CHEMBL3775840,IC50,7.72
324172,C[C@H](Nc1nc(Nc2cc(C)[nH]n2)c(F)cc1C#N)c3ccc(F)cn3,CHEMBL1774056,IC50,7.72
6375863,CN1CCN(CCC(=O)Nc2c(C)[nH]c(\C=C\3/C(=O)Nc4ccc(F)cc34)c2C)CC1,CHEMBL3288854,Ki,7.75
9906625,COc1cc2c(Nc3c(C)c(O)ccc3F)ncnc2cc1OCC4CCCO4,CHEMBL3800155,IC50,7.75
1421632,COc1cc2nccc(Oc3ccc(NC(=O)C4(CC4)C(=O)Nc5ccc(F)cc5)cc3)c2cc1OC,CHEMBL2105717,IC50,7.75
480606,Cc1cc(C(=O)Nc2cc(Oc3ccc4nc(NC(=O)C5CC5)cn4n3)ccc2C)n(C)n1,CHEMBL2180604,IC50,7.75
76701,CCN1CCN(Cc2ccc(NC(=O)Nc3ccc(Oc4cc(NC)ncn4)cc3)cc2C(F)(F)F)CC1,CHEMBL574738,Kd,7.77
9906642,COc1cc2c(Nc3c(C)c(O)ccc3F)ncnc2cc1OCCN4CCNCC4,CHEMBL3798033,IC50,7.77
9906653,COc1cc2ncnc(Oc3cccc(O)c3)c2cc1OC,CHEMBL3775672,IC50,7.8
9906664,COc1cc2c(Nc3c(C)c(O)ccc3F)ncnc2cc1OCCCN4CCCC4,CHEMBL3800542,IC50,7.82
9906675,COc1cc2c(Nc3c(F)ccc(O)c3C)ncnc2cc1OCCCN4CCCCC4,CHEMBL3799244,IC50,7.82
5846000,O=C(Nc1ccc(Nc2ccnc3NC(=O)c4ccccc4c23)cc1)c5ccccc5,CHEMBL2380845,IC50,7.82
9906688,CC(C)n1nc(C#Cc2ccccc2)c3c(N)ncnc13,CHEMBL2058538,IC50,7.85
9906699,COCCOc1cc2ncnc(Nc3c(C)c(O)ccc3F)c2cc1OC,CHEMBL3797413,IC50,7.85
9906710,COc1cc2c(Nc3c(C)c(O)ccc3F)ncnc2cc1OCCN4CCOCC4,CHEMBL3797688,IC50,7.85
9906721,COc1cc2c(Nc3c(F)ccc(O)c3C)ncnc2cc1OCCN4CCS(=O)(=O)CC4,CHEMBL3797561,IC50,7.85
9906734,Nc1ncnc2c1c(nn2C3CCCCC3)c4cc(on4)C5CC5,CHEMBL3753512,IC50,7.85
1586162,CC(Cc1cc(F)ccc1F)NC2=C(C(=O)NC=C2)c3nc4cc5CN(CCN(C)C)C(=O)c5cc4[nH]3,CHEMBL3671318,IC50,7.88
5639842,CC(C)(C)c1onc(NC(=O)Nc2ccc(cc2)c3cn4c5ccc(OCCN6CCOCC6)cc5sc4n3)c1,CHEMBL576982,Kd,7.89
2434799,CCc1cc2C(=O)c3c([nH]c4cc(ccc34)C#N)C(C)(C)c2cc1c5cnn(CC(=O)N(C)C)c5,CHEMBL3735401,IC50,7.89
6980037,COc1cc2ncnc(Nc3cc(O)c(C)cc3Cl)c2cc1OC,CHEMBL3775415,IC50,7.89
9906752,COc1cc2c(Nc3c(F)ccc(O)c3C)ncnc2cc1OCc4cccnc4,CHEMBL3800346,IC50,7.92
1586124,CC(Cc1c(F)c(F)cc(F)c1F)NC2=C(C(=O)NC=C2)c3nc4c(C)c5CN(C6CCN(C)CC6)C(=O)c5cc4[nH]3,CHEMBL3671320,IC50,7.95
9906764,COc1cc2c(Nc3c(F)ccc(O)c3C)ncnc2cc1OCCCN4CCCNCC4,CHEMBL3799971,IC50,7.96
9906775,COc1cc2c(Nc3c(F)ccc(O)c3C)ncnc2cc1OCCCN4CCOCC4,CHEMBL3799933,IC50,7.96
9906786,COc1ccc(Nc2ncnc3cc(OC)c(OC)cc23)cc1O,CHEMBL3774563,IC50,7.96
2528428,Cc1ccc(cc1)c2nn(c3ncnc(N)c23)C(C)(C)C,CHEMBL306380,IC50,7.96
2434452,CC1(C)c2cc(ccc2C(=O)c3c1[nH]c4cc(ccc34)C#N)C5CCN(CC6CCOCC6)CC5,CHEMBL3735648,IC50,7.98
478720,CNc1cc2ccc(cc2cn1)C#CCOc3ccc(CN4CCNCC4)c(c3)C(F)(F)F,CHEMBL3355065,IC50,8.0
3804300,COc1cc2nccc(Oc3ccc(NC(=O)C4=C(C)N(C)N(C4=O)c5ccccc5)cc3F)c2cc1OC,CHEMBL2031893,IC50,8.0
9906805,COc1cc2ncnc(Nc3ccc(Cl)c(O)c3)c2cc1OC,CHEMBL235851,IC50,8.0
9906816,COc1cc2ncnc(Nc3cccc(O)c3F)c2cc1OC,CHEMBL3775903,IC50,8.0
325048,COC(=O)c1ccc2\C(=C(\Nc3ccc(cc3)N(C)C(=O)CN4CCN(C)CC4)/c5ccccc5)\C(=O)Nc2c1,nintedanib,Kd,8.01
9906829,COc1cc2ncnc(Nc3c(Cl)ccc(O)c3Cl)c2cc1OC,CHEMBL3775585,IC50,8.01
9906840,COc1cc2ncnc(Nc3ccc(C)c(O)c3Cl)c2cc1OC,CHEMBL3775560,IC50,8.03
323688,Cl.CN(C)CC(=O)N1CCC(CC1)c2ccc(NC(=O)c3nc(c[nH]3)C#N)c(c2)C4=CCCCC4,CHEMBL1908395,Kd,8.04
9906853,COc1cc2c(Nc3c(C)c(O)ccc3F)ncnc2cc1OCCCN4CCS(=O)(=O)CC4,CHEMBL3798584,IC50,8.05
9906864,COc1cc2ncnc(Nc3cc(O)ccc3C)c2cc1OC,CHEMBL3774951,IC50,8.08
1176431,Nc1ncnc2c1c(cn2[C@@H]3C[C@H](CN4CCC4)C3)c5cccc(O)c5,CHEMBL3787112,IC50,8.1
479470,COc1cc2c(Oc3ccc4[nH]c(C)cc4c3F)ncnc2cc1OCCCN5CCCC5,CHEMBL491473,Kd,8.13
5641535,CC(C)(C)c1onc(NC(=O)Nc2ccc(NC(=O)c3cc4ccccc4cn3)cc2)c1,CHEMBL1081509,Kd,8.14
1152439,CCN1CCN(Cc2ccc(NC(=O)CNc3ccc(cc3)c4ccc(NC(=O)C5CC5)nc4)cc2C(F)(F)F)CC1,CHEMBL3805771,IC50,8.16
9906883,COc1cc2c(Nc3c(C)c(O)ccc3F)ncnc2cc1OCCCN(C)C,CHEMBL3799523,IC50,8.16
480757,Nc1ncc(c2cnn(CCO)c2)c3scc(c4ccc(NC(=O)Nc5cccc(F)c5)cc4)c13,CHEMBL1980297,IC50,8.16
9906896,CNC(=O)c1cc(Oc2cccc(NC(=O)Nc3ccc(Cl)c(c3)C(F)(F)F)c2)ccn1,CHEMBL1807196,IC50,8.22
5750799,COc1ccc2NC(=O)\C(=C/c3cc4CN(CCc4[nH]3)C(=O)N5CCN(C)CC5)\c2c1,CHEMBL2403369,IC50,8.22
1586153,C[C@@H](Cc1c(F)c(F)cc(F)c1F)NC2=C(C(=O)NC=C2)c3nc4cc5C(=O)N(Cc5cc4[nH]3)C6CCN(C)CC6,CHEMBL3671309,IC50,8.22
9906910,Oc1cccc(Nc2ccnc3cc(ccc23)c4ccccn4)c1,CHEMBL237344,IC50,8.22
2338185,Cc1nc(Nc2nc3ccc(nc3s2)c4cccc(c4)C(=O)Nc5cccc(c5)C(F)(F)F)cc(n1)N6CCNCC6,CHEMBL2148120,Kd,8.25
480628,CC(C)Cn1c2ccc(Nc3ncccn3)cc2c4c5CNC(=O)c5c6c(CCc7nn(C)cc67)c14,CHEMBL2010872,IC50,8.3
480863,CCN(CC)CCNC(=O)c1c(C)[nH]c2\C(=C\3/C(=O)Nc4ccc(F)cc34)\CCCc12,CHEMBL2180602,IC50,8.3
6986324,CN1CCC(CC1)Nc2ccc3NC(=O)\C(=C/c4cc5CN(CCc5[nH]4)C(=O)N6CCOCC6)\c3c2,CHEMBL2403373,IC50,8.3
478842,COc1cc(Nc2ncc(F)c(Nc3ccc4OC(C)(C)C(=O)Nc4n3)n2)cc(OC)c1OC,CHEMBL475251,IC50,8.3
9906930,COc1cc2c(Nc3c(F)ccc(O)c3C)ncnc2cc1OCCCN4CCNCC4,CHEMBL3797261,IC50,8.3
6980805,COc1cc2ncnc(Nc3cc(O)c(Cl)cc3Cl)c2cc1OC,CHEMBL3775190,IC50,8.3
9906943,Nc1ncnc2c1c(nn2C3CCOCC3)c4cc(on4)C5CC5,CHEMBL3751904,IC50,8.3
38384,CC(C)n1nc(c2cc3cc(O)ccc3[nH]2)c4c(N)ncnc14,CHEMBL1241674,Kd,8.32
9906958,COc1cc2ncnc(Nc3c(Cl)ccc(O)c3F)c2cc1OC,CHEMBL3775511,IC50,8.32
5641798,CC(C)(C)c1onc(NC(=O)Nc2ccc(NC(=O)c3ncccc3O)cc2)c1,CHEMBL1079545,Kd,8.33
6979642,COc1cc2ncnc(Nc3ccc(C)c(O)c3)c2cc1OC,CHEMBL478442,IC50,8.34
3440060,COc1cc2ncnc(Nc3cccc(O)c3)c2cc1OC,CHEMBL127907,IC50,8.35
5751023,CC(=O)N1CCc2[nH]c(\C=C\3/C(=O)Nc4ccc(cc34)C#N)cc2C1,CHEMBL2403377,IC50,8.4
5750444,COc1ccc2NC(=O)\C(=C/c3cc4CN(CCc4[nH]3)C(=O)CCN)\c2c1,CHEMBL2403366,IC50,8.4
9906979,COc1cc2ncnc(Nc3c(F)ccc(O)c3Cl)c2cc1OC,CHEMBL3774953,IC50,8.41
9906990,COc1cc2ncnc(Nc3cccc(O)c3O)c2cc1OC,CHEMBL3774580,IC50,8.41
2438291,COc1cc(Nc2nc(NC3CCOCC3)c(nc2C(=O)N)C(C)C)ccc1N4CCN(C)CC4,CHEMBL3687223,IC50,8.44
1586225,C[C@@H](Cc1c(F)c(F)cc(F)c1F)NC2=C(C(=O)NC=C2)c3nc4cc5C(=O)N(CCN(C)C)Cc5cc4[nH]3,CHEMBL3671311,IC50,8.45
2438260,CCc1nc(C(=O)N)c(Nc2ccc(N3CCC(CC3)N4CCN(C)CC4)c(OC)c2)nc1NC5CCOCC5,CHEMBL3301622,IC50,8.47
9907004,COc1cc2ncnc(Nc3ccc(F)c(O)c3)c2cc1OC,CHEMBL3775879,IC50,8.5
5641370,CC(C)(C)c1onc(NC(=O)Nc2ccc(NC(=O)c3cn4c5ccccc5sc4n3)cc2)c1,CHEMBL575925,Kd,8.52
2528468,Cc1ccc(O)cc1Nc2ccnc3ccc(cc23)S(=O)(=O)C,CHEMBL237347,IC50,8.52
2437242,CC(C)c1nc(C(=O)N)c(Nc2ccc(cc2)N3CCN(C)CC3)nc1NC4CCOCC4,CHEMBL3687224,IC50,8.54
479349,COc1cc2c(Oc3ccc(NC(=O)C4(CC4)C(=O)Nc5ccc(F)cc5)cc3F)ccnc2cc1OCCCN6CCOCC6,CHEMBL1230609,Kd,8.55
9907455,COc1cc2ncnc(Nc3cc(O)cc(F)c3)c2cc1OC,CHEMBL3775934,IC50,8.59
9907466,COc1cc2ncnc(Nc3cc(O)ccc3Cl)c2cc1OC,CHEMBL3774489,IC50,8.59
2439127,CC(C)c1nc(C(=O)N)c(Nc2ccc(N3CCC(CC3)N4CCN(C)CC4)c(c2)C(F)(F)F)nc1N[C@@H]5CC[C@@H](O)CC5,CHEMBL3687205,IC50,8.64
1586381,CNC1CC2OC(C)(C1OC)n3c4ccccc4c5c6CNC(=O)c6c7c8ccccc8n2c7c35,CHEMBL1980995,IC50,8.66
9907479,COc1cc2ncnc(Nc3ccc(F)c(O)c3F)c2cc1OC,CHEMBL3775336,IC50,8.7
3858661,COc1cc2ncnc(Oc3cccc(NC(=O)Nc4cc(on4)C(C)(C)C(F)(F)F)c3)c2cc1OC,CHEMBL2029988,Kd,8.7
2437987,CC(C)c1nc(C(=O)N)c(Nc2ccc(cc2)N3CCN(C)CC3)nc1N[C@@H]4CC[C@@H](O)CC4,CHEMBL3687195,IC50,8.77
9907493,COc1cc2ncnc(Nc3c(F)ccc(O)c3F)c2cc1OC,CHEMBL3775557,IC50,8.77
812747,CN(C)Cc1cc(cc(c1)C(F)(F)F)C(=O)N[C@@H]2CCc3ccc(Oc4ccnc5NC(=O)CCc45)cc3C2,CHEMBL1688860,IC50,8.8
2437978,CC(C)c1nc(C(=O)N)c(Nc2ccc(cc2)N3CCC(CC3)N4CCN(C)CC4)nc1NC5CCOCC5,CHEMBL3687221,IC50,8.82
2438699,CCc1nc(C(=O)N)c(Nc2ccc(N3CCC(CC3)N4CCN(C)CC4)c(c2)C(F)(F)F)nc1N[C@@H]5CC[C@@H](O)CC5,CHEMBL3687200,IC50,8.82
2438819,CCc1nc(C(=O)N)c(Nc2ccc(N3CCN(CC3)C(C)C)c(C)c2)nc1N[C@@H]4CC[C@@H](O)CC4,CHEMBL3687210,IC50,8.89
2436402,CCc1nc(C(=O)N)c(Nc2ccc(cc2)N3CCC(CC3)N4CCN(C)CC4)nc1NC5CCOCC5,CHEMBL3687220,IC50,8.89
2437960,CN1CCN(CC1)C2CCN(CC2)c3ccc(Nc4nc(N[C@@H]5CC[C@@H](O)CC5)c(Cl)nc4C(=O)N)cc3C,CHEMBL3687217,IC50,8.89
2439096,CCc1nc(C(=O)N)c(Nc2ccc(N3CCC(CC3)N4CCN(C)CC4)c(C)c2)nc1N[C@@H]5CC[C@](C)(O)CC5,CHEMBL3687207,IC50,8.96
2435697,CCc1nc(C(=O)N)c(Nc2ccc(N3CCN(C)CC3)c(F)c2)nc1NC4CCOCC4,CHEMBL3687222,IC50,8.96
2437969,CCc1nc(C(=O)N)c(Nc2ccc(N3CCN(CC3)C4CCN(C)CC4)c(C)c2)nc1NC5CCOCC5,CHEMBL3687225,IC50,8.96
2436971,CCc1nc(C(=O)N)c(Nc2ccc(cc2)N3CCN(C)CC3)nc1N[C@@H]4CC[C@@H](O)CC4,CHEMBL3687191,IC50,8.96
6978826,COc1cc2ncnc(Nc3cc(O)ccc3F)c2cc1OC,CHEMBL3774904,IC50,8.96
2438251,CCc1nc(C(=O)N)c(Nc2ccc(N3CCC(CC3)N4CCN(C)CC4)c(C)c2)nc1NC5CCOCC5,CHEMBL3687215,IC50,9.0
2439029,CCc1nc(C(=O)N)c(Nc2ccc(N3CCC(CC3)N4CCN(C)CC4)c(C)c2)nc1N[C@@H]5CC[C@@H](O)CC5,CHEMBL3687202,IC50,9.0
2438518,CCc1nc(C(=O)N)c(Nc2ccc(N3CCC(CC3)N4CCN(C)CC4)c(C)c2)nc1N[C@@H]5CC[C@@](C)(O)CC5,CHEMBL3687212,IC50,9.0
1152722,CN1CCN(Cc2ccc(NC(=O)CNc3ccc(cc3F)c4ccc(NC(=O)C5CC5)nc4)cc2C(F)(F)F)CC1,CHEMBL3806189,IC50,9.0
327281,O=C(NC1CC1)Nc2c[nH]nc2c3nc4cc(CN5CCOCC5)ccc4[nH]3,CHEMBL495727,IC50,9.0
2437818,CCc1nc(C(=O)N)c(Nc2ccc(cc2)N3CCC(CC3)N4CCN(C)CC4)nc1N[C@@H]5CC[C@@H](O)CC5,CHEMBL3687194,IC50,9.02
812809,CC(C)(N)c1cc(cc(c1)C(F)(F)F)C(=O)N[C@@H]2CCc3ccc(Oc4ccnc5NC(=O)CCc45)cc3C2,CHEMBL1688861,IC50,9.1
6982925,COc1cc2ncnc(Nc3cc(O)c(C)cc3F)c2cc1OC,CHEMBL440727,IC50,9.13
6982936,COc1cc2ncnc(Nc3cc(O)c(F)cc3F)c2cc1OC,CHEMBL3775169,IC50,9.39
479438,CNC(=O)c1ncc(C#Cc2cc(ccc2C)C(=O)Nc3ccc(CN4CCN(CCO)CC4)c(c3)C(F)(F)F)n1C,CHEMBL1784637,IC50,9.7
