id,smiles,name,assay_type,activity_value
1089928,CC(C)(C)c1onc(NC(=O)Nc2ccc(cc2)c3cccc4c(N)nccc34)c1,CHEMBL3109202,IC50,7.6
1089940,CCS(=O)(=O)c1ccc(cc1)c2cnc3[nH]cc(c4cccc(NC(=O)Nc5cc(ccc5F)C(F)(F)F)c4)c3c2,CHEMBL3109194,IC50,7.6
1089951,CCc1cccc(NC(=O)Nc2ccc(cc2)c3coc4ncnc(N)c34)c1,CHEMBL3109219,IC50,7.6
1089962,Nc1nccc2c(cccc12)c3ccc(NC(=O)Nc4cc(F)cc(c4)C(F)(F)F)cc3,CHEMBL3109197,IC50,7.6
1089973,Nc1nccc2c(cccc12)c3ccc(NC(=O)Nc4cccc(c4)C(F)(F)F)cc3,CHEMBL3109195,IC50,7.6
634976,CN1CCN(CC1)c2cc(Nc3cc(C)[nH]n3)nc(Sc4ccc(NC(=O)C5CC5)cc4)n2,CHEMBL572878,Kd,7.7
1089986,Cc1cccc(NC(=O)Nc2cccc(c2)c3c[nH]c4ncc(cc34)c5ccccc5)c1,CHEMBL3108785,IC50,7.7
479282,Nc1ncnc2occ(c3ccc(NC(=O)Nc4cccc(c4)C(F)(F)F)cc3)c12,CHEMBL273564,IC50,7.7
1089999,CN1C(=O)N[C@H](Cc2c[nH]c3c(Cl)cccc23)C1=O,CHEMBL370438,EC50,7.75
1090010,CC(C)(C)c1onc(NC(=O)Nc2ccc(cc2)c3coc4ncnc(N)c34)c1,CHEMBL3109221,IC50,7.8
1090021,Fc1ccc(cc1NC(=O)Nc2cccc(c2)c3c[nH]c4ncc(cc34)c5cn[nH]c5)C(F)(F)F,CHEMBL3109214,IC50,7.8
1090032,NC(=O)c1cccc(c1)c2cnc3[nH]cc(c4cccc(NC(=O)Nc5cc(ccc5F)C(F)(F)F)c4)c3c2,CHEMBL3109210,IC50,7.8
1090043,Nc1ccc(cc1)c2cnc3[nH]cc(c4cccc(NC(=O)Nc5cc(ccc5F)C(F)(F)F)c4)c3c2,CHEMBL3109213,IC50,7.8
1090054,Nc1cccc(c1)c2cnc3[nH]cc(c4cccc(NC(=O)Nc5cc(ccc5F)C(F)(F)F)c4)c3c2,CHEMBL3109212,IC50,7.8
1090065,O=C(N[C@H]1COc2ccccc2NC1=O)c3cc(Cc4ccccc4)on3,CHEMBL3786293,IC50,7.8
1090076,[O-][N+](=O)c1cccc(NC(=O)Nc2cccc(c2)c3c[nH]c4ncc(cc34)c5ccccc5)c1,CHEMBL3109203,IC50,7.8
1090087,CC(=O)c1cccc(NC(=O)Nc2cccc(c2)c3c[nH]c4ncc(cc34)c5ccccc5)c1,CHEMBL3109206,IC50,7.89
1090098,Nc1nccc2c(cccc12)c3ccc(NC(=O)Nc4cc(ccc4F)C(F)(F)F)cc3,CHEMBL3109196,IC50,7.89
479190,Nc1ncnc2occ(c3ccc(NC(=O)Nc4cc(ccc4F)C(F)(F)F)cc3)c12,CHEMBL247228,IC50,7.89
1090111,CN1C(=O)[C@H](COc2ccccc12)NC(=O)c3cc(Cc4ccccc4)on3,CHEMBL3785703,IC50,8.0
1090122,CS(=O)(=O)c1cccc(c1)c2cnc3[nH]cc(c4cccc(NC(=O)Nc5cc(ccc5F)C(F)(F)F)c4)c3c2,CHEMBL3109211,IC50,8.0
1090133,Nc1nccc2c(cccc12)c3ccc(NC(=O)Nc4ccc(F)c(c4)C(F)(F)F)cc3,CHEMBL3109198,IC50,8.0
1090144,Fc1ccc(cc1NC(=O)Nc2cccc(c2)c3c[nH]c4ncc(cc34)c5cccnc5)C(F)(F)F,CHEMBL3109209,IC50,8.1
1090155,O=C(N[C@H]1COc2ccccc2NC1=O)c3cccc(Oc4ccccc4)c3,CHEMBL3786162,IC50,8.1
1090166,COc1cccc(NC(=O)Nc2cccc(c2)c3c[nH]c4ncc(cc34)c5ccccc5)c1,CHEMBL3109205,IC50,8.2
1090177,O=C(N[C@H]1CNc2ccccc2NC1=O)c3cc(Cc4ccccc4)on3,CHEMBL3787689,IC50,8.5
1090188,CN1C(=O)[C@H](CSc2ccccc12)NC(=O)c3cc(Cc4ccccc4)on3,CHEMBL3785745,IC50,9.03
1090199,CN1C(=O)[C@H](CNc2ccccc12)NC(=O)c3cc(Cc4ccccc4)on3,CHEMBL3786078,IC50,9.1
1090210,CN1C(=O)[C@H](COc2ccccc12)NC(=O)c3cc(Cc4ccccc4)[nH]n3,CHEMBL3785482,IC50,9.4
1090221,CN1C(=O)[C@H](CCc2ccccc12)NC(=O)c3cc(Cc4ccccc4)on3,CHEMBL3786997,IC50,9.7
