id,smiles,name,assay_type,activity_value
5319327,C[C@@H](Nc1ncnc2c(cccc12)C(=O)N)c3cccc(NC(=O)c4cc(ccc4Cl)C(F)(F)F)c3,CHEMBL3680427,IC50,7.54
5319337,Cc1cc(C)cc(CNc2ncnc3c(cccc23)C(=O)N)c1,CHEMBL3680426,IC50,7.54
5319346,NC(=O)c1cccc2c(NC(CCN3CCCCC3)c4cccc(NC(=O)c5ccc(F)cc5F)c4)ncnc12,CHEMBL3680425,IC50,7.54
5319355,NC(=O)c1cccc2c(NCc3cccc(NC(=O)c4cccc(OCCO)c4)c3)ncnc12,CHEMBL3680424,IC50,7.54
5319364,NC(=O)c1cccc2c(N[C@H](Cn3ccnn3)c4ccccc4)ncnc12,CHEMBL3670481,IC50,7.54
5319373,NC(CNc1ncnc2c(cccc12)C(=O)N)c3ccc(Cl)c(c3)C(F)(F)F,CHEMBL3670500,IC50,7.54
5319382,CC(C)c1cc([nH]n1)C(=O)Nc2cccc(c2)C(C)Nc3ncnc4c(cccc34)C(=O)N,CHEMBL3680420,IC50,7.55
5319391,CCn1nc(cc1C(=O)Nc2cccc(c2)C(C)Nc3ncnc4c(cccc34)C(=O)N)C(F)(F)F,CHEMBL3680421,IC50,7.55
5319400,CNCC(Nc1ncnc2c(cc(OCc3ccccc3)cc12)C(=O)N)c4ccccc4,CHEMBL3680422,IC50,7.55
5319409,NC(=O)c1cccc2c(N[C@H](CNC3CC3)c4ccccc4)ncnc12,CHEMBL3680423,IC50,7.55
5319418,CN(C)CCC(Nc1ncnc2c(cccc12)C(=O)N)C3=CCCC(=C3)NC(=O)c4c(F)cccc4F,CHEMBL3680418,IC50,7.57
5319427,NC(=O)c1cccc2c(NC(CCN3CCCCC3)c4cccc(NC(=O)c5c(F)cccc5F)c4)ncnc12,CHEMBL3680419,IC50,7.57
5319436,NC(=O)c1cccc2c(NCc3ccc4OCOc4c3)ncnc12,CHEMBL3675353,IC50,7.57
5319445,NC(=O)c1cccc2c(NCc3cccc(NC(=O)c4ccc5OCCc5c4)c3)ncnc12,CHEMBL3680417,IC50,7.57
5319454,CC(C)NC[C@@H](Nc1ncnc2c(cccc12)C(=O)N)c3ccccc3,CHEMBL3680414,IC50,7.59
5319463,CN(C)CCOc1cccc(c1)C(=O)Nc2cccc(CNc3ncnc4c(cccc34)C(=O)N)c2,CHEMBL3680413,IC50,7.59
5319472,CN(C)Cc1cccc(c1)C(=O)Nc2cccc(CNc3ncnc4c(cccc34)C(=O)N)c2,CHEMBL3680412,IC50,7.59
5319481,COCCN(C)c1cc(ccn1)C(=O)Nc2cccc(CNc3ncnc4c(cccc34)C(=O)N)c2,CHEMBL3680411,IC50,7.59
5319490,COc1ncc(cn1)C(=O)Nc2cccc(c2)[C@@H](C)Nc3ncnc4c(cccc34)C(=O)N,CHEMBL3680416,IC50,7.59
5319499,Cc1cc(F)cc(CNc2ncnc3c(cccc23)C(=O)N)c1,CHEMBL3680415,IC50,7.59
5319508,NC(=O)c1cccc2c(NC3CNCC(C3)c4ccccc4)ncnc12,CHEMBL3680409,IC50,7.59
5319517,NC(=O)c1cccc2c(NCc3cccc(NC(=O)c4cccc(OCCCO)c4)c3)ncnc12,CHEMBL3680410,IC50,7.59
5319527,Nc1nonc1c2nc3ccccc3n2c4ccccc4C#N,CHEMBL1078427,Ki,7.59
5319538,CCC(=O)c1cc(NCCN2CCCC2)c(C)c(c1)N3CCN(CC3)c4ncnc5[nH]nc(Br)c45,CHEMBL2016892,IC50,7.6
5319548,CN(C)CCC(Nc1ncnc2c(cccc12)C(=O)N)c3cccc(c3)[N+](=O)[O-],CHEMBL3680407,IC50,7.6
5319557,COCCC(Nc1ncnc2c(cccc12)C(=O)N)C3=CCCC(=C3)NC(=O)c4ccccc4F,CHEMBL3680406,IC50,7.6
5319566,C[C@@H](Nc1ncnc2c(cccc12)C(=O)N)c3cccc(NC(=O)c4cncc(c4)C(F)(F)F)c3,CHEMBL3680408,IC50,7.6
5319575,NC(=O)c1cccc2c(NCc3cccc(NC(=O)c4ccnc(Cl)c4)c3)ncnc12,CHEMBL3670493,IC50,7.6
5319584,NC(=O)c1cccc2c(NCc3cccc(O)c3)ncnc12,CHEMBL3675363,IC50,7.61
5319593,COCCCOc1cc(C(=O)N)c2ncnc(NCc3ccc(cc3)C(F)(F)F)c2c1,CHEMBL3675328,IC50,7.62
5319602,COc1ccc(cc1F)C(=O)Nc2cc(ccc2F)[C@@H](C)Nc3nccc4c(cccc34)C(=O)N,CHEMBL3680402,IC50,7.62
5319611,NC(=O)c1cccc2c(NCC3=CC(=CCC3)Cl)ncnc12,CHEMBL3680405,IC50,7.62
5319620,NC(=O)c1cccc2c(NCc3cccc(NC(=O)c4ccc(Cl)c(Cl)c4)c3)ncnc12,CHEMBL3680403,IC50,7.62
5319629,NC(=O)c1cccc2c(NCc3cccc(NC(=O)c4ccnc(c4)N5CCOCC5)c3)ncnc12,CHEMBL3680404,IC50,7.62
5319638,COc1cccc(CNc2ncnc3c(cccc23)C(=O)N)c1,CHEMBL3675354,IC50,7.63
5319648,CC(C)n1nc(c2cc(on2)C3CC3)c4c(N)ncnc14,CHEMBL3753341,IC50,7.64
5319658,CC(Nc1ncnc2c(cccc12)C(=O)N)c3cccc(NC(=O)c4cnc(C)cn4)c3,CHEMBL3680399,IC50,7.64
5319667,CNCC(Nc1ncnc2c(cc(OCCN(C)C)cc12)C(=O)N)c3cccc(F)c3,CHEMBL3680400,IC50,7.64
5319676,COCCC(Nc1ncnc2c(cccc12)C(=O)N)c3cccc(NC(=O)c4ccccc4)c3,CHEMBL3639792,IC50,7.64
5319685,COc1ccc(C(=O)Nc2cccc(c2)[C@@H](C)Nc3ncnc4c(cccc34)C(=O)N)c(Cl)n1,CHEMBL3680401,IC50,7.64
5319694,NC(=O)c1cc(O)cc2c(NCc3ccc(cc3)C(F)(F)F)ncnc12,CHEMBL3670499,IC50,7.64
5319704,CC(C)Cn1c(nc2ccccc12)c3nonc3N,CHEMBL1079040,Ki,7.66
5319714,CCC(Nc1ncnc2c(cccc12)C(=O)N)c3cccc(NC(=O)c4ccc(OC(F)(F)F)cc4)c3,CHEMBL3680394,IC50,7.66
5319723,CCN(C)CC(Nc1ncnc2c(cccc12)C(=O)N)c3ccccc3,CHEMBL3680397,IC50,7.66
5319732,CN(C)CCC(Nc1ncnc2c(cccc12)C(=O)N)c3cccc(NC(=O)c4ccc(OC(F)(F)F)cc4)c3,CHEMBL3680395,IC50,7.66
5319741,CNCC(Nc1ncnc2c(cc(cc12)c3ccsc3)C(=O)N)c4ccccc4,CHEMBL3680398,IC50,7.66
5319750,NC(=O)c1cccc2c(NC(CCO)C3=CCCC(=C3)NC(=O)c4ccccc4)ncnc12,CHEMBL3680396,IC50,7.66
5319759,CC(Nc1ncnc2c(cccc12)C(=O)N)c3cccc(NC(=O)c4ccccc4)c3,CHEMBL3680388,IC50,7.68
5319768,CC(Nc1ncnc2c(cccc12)C(=O)N)c3cccc(NC(=O)c4ccoc4C)c3,CHEMBL3680389,IC50,7.68
5319777,CN(C)CCC(Nc1ncnc2c(cccc12)C(=O)N)C3=CCCC(=C3)NC(=O)c4ccccc4F,CHEMBL3680393,IC50,7.68
5319786,CN(CCC(Nc1ncnc2c(cccc12)C(=O)N)c3cccc(NC(=O)c4ccccc4)c3)CC=C,CHEMBL3675540,IC50,7.68
5319795,CN(CCO)c1ccc(cn1)C(=O)Nc2cccc(CNc3ncnc4c(cccc34)C(=O)N)c2,CHEMBL3680387,IC50,7.68
4005268,COc1cc2ncc3c(N)nc(cc3c2cc1OC)c4cncc(OC[C@@H](N)Cc5ccc(F)cc5)c4,CHEMBL1095621,IC50,7.68
5319806,COc1ccc(C(=O)NC2=CC(=CCC2)C(CCN(C)C)Nc3ncnc4c(cccc34)C(=O)N)c(F)c1,CHEMBL3680391,IC50,7.68
5319815,NC(=O)C1=C2N=CN=C(NC(CCN3CCCC3)c4cccc(NC(=O)c5ccc(Br)cc5)c4)C2=CCC1,CHEMBL3680390,IC50,7.68
5319824,NC(=O)c1cccc2c(NCc3cccc(NC(=O)c4ccnc(c4)N5CCCC5)c3)ncnc12,CHEMBL3680392,IC50,7.68
5319833,NC(=O)c1cccc2c(NCc3cccc(c3)C(F)(F)F)ncnc12,CHEMBL3675344,IC50,7.68
5319842,COCCC(Nc1ncnc2c(cccc12)C(=O)N)c3cccc(NC(=O)c4ccc(F)c(F)c4)c3,CHEMBL3675538,IC50,7.7
5319851,COc1ccc(cc1)C(=O)Nc2cccc(CNc3ncnc4c(cccc34)C(=O)N)c2,CHEMBL3670467,IC50,7.7
5319860,C[C@@H](Nc1ncnc2c(cccc12)C(=O)N)c3cccc(NC(=O)c4ccc(nc4C)C(F)(F)F)c3,CHEMBL3675539,IC50,7.7
5319869,C[C@@H](Nc1ncnc2c(cccc12)C(=O)N)c3cccc(Nc4cc(ccn4)C#N)c3,CHEMBL3675537,IC50,7.7
5319878,CCCC[C@H](C)Nc1ncnc2c(cccc12)C(=O)N,CHEMBL3675534,IC50,7.72
5319887,CNc1cc(ccn1)C(=O)Nc2cccc(CNc3ncnc4c(cccc34)C(=O)N)c2,CHEMBL3675532,IC50,7.72
5319896,COCCNC[C@@H](Nc1ncnc2c(cccc12)C(=O)N)c3ccccc3,CHEMBL3675536,IC50,7.72
4004766,COc1cc2ncc3c(N)nc(cc3c2cc1OC)c4cncc(OC[C@@H](N)Cc5ccc(Cl)c(Cl)c5)c4,CHEMBL1097972,IC50,7.72
5319907,COc1ccc(cc1C)C(=O)Nc2cccc(c2)[C@@H](C)NC3=NC=NC4=C(CCC=C34)C(=O)N,CHEMBL3675535,IC50,7.72
5319917,Cc1ccc2c(c1)nc(c3nonc3N)n2C4CCC4,CHEMBL1079135,Ki,7.72
5319927,NC(=O)c1cccc2c(NCc3cccc(NC(=O)c4cncc(c4)N5CCOCC5)c3)ncnc12,CHEMBL3675533,IC50,7.72
5319936,CC(C)N(C)C[C@@H](Nc1ncnc2c(cccc12)C(=O)N)c3ccccc3,CHEMBL3675526,IC50,7.75
5319945,CCC(Nc1ncnc2c(cccc12)C(=O)N)c3cc(F)cc(F)c3,CHEMBL3675529,IC50,7.75
5319954,COCCOc1cc(C(=O)N)c2ncnc(NC(CN(C)C)c3cccc(F)c3)c2c1,CHEMBL3675527,IC50,7.75
5319963,COc1cc(C(=O)N)c2ncnc(NC(CN(C)C)c3ccc(F)cc3)c2c1,CHEMBL3675528,IC50,7.75
5319972,COc1ccc(C(=O)Nc2cccc(c2)[C@@H](C)Nc3ncnc4c(cccc34)C(=O)N)c(F)c1,CHEMBL3675531,IC50,7.75
5319981,C[C@@H](Nc1ncnc2c(cccc12)C(=O)N)c3cccc(NC(=O)c4cc(n[nH]4)C(F)(F)F)c3,CHEMBL3675530,IC50,7.75
5319990,COc1ccc(cc1)C(=O)Nc2cccc(c2)C(CCO)Nc3ncnc4c(cccc34)C(=O)N,CHEMBL3675524,IC50,7.77
5320000,Cc1c(NCCN2CCCC2)cc(COCC(F)(F)F)cc1N3CCN(CC3)c4ncnc5[nH]nc(Br)c45,CHEMBL2016888,IC50,7.77
5320010,NC(=O)c1cccc2c(NCc3cccc(NC(O)c4cc(ccc4F)C(F)(F)F)c3)ncnc12,CHEMBL3675525,IC50,7.77
5320019,CC(Nc1ncnc2c(cccc12)C(=O)N)c3cccc(NC(=O)c4ccc5OCCOc5c4)c3,CHEMBL3675520,IC50,7.8
5320028,CN(C)CC(Nc1ncnc2c(cc(O)cc12)C(=O)N)c3cccc(F)c3,CHEMBL3675522,IC50,7.8
5320037,CN(CC(Nc1ncnc2c(cccc12)C(=O)N)c3cccc(NC(=O)c4c(F)cccc4F)c3)C(=O)OC(C)(C)C,CHEMBL3675521,IC50,7.8
5320046,COCC(Nc1ncnc2c(cccc12)C(=O)N)c3cccc(NC(=O)c4ccc(OC)cc4)c3,CHEMBL3675519,IC50,7.8
5320055,COc1ccc(cc1)C(=O)Nc2cccc(c2)C(CCN(C)CC=C)Nc3ncnc4c(cccc34)C(=O)N,CHEMBL3675516,IC50,7.8
5320064,C[C@@H](Nc1ncnc2c(cccc12)C(=O)N)c3cccc(NC(=O)c4ccc(C)c(Cl)c4)c3,CHEMBL3675517,IC50,7.8
5320073,NC(=O)c1cccc2c(NC(CCN3CCC3)c4cccc(NC(=O)c5ccc(Br)cc5)c4)ncnc12,CHEMBL3675518,IC50,7.8
5320082,NC(=O)c1cncnc(cccc1)N[C@H](CNCCS)c2ccccc2,CHEMBL3675523,IC50,7.8
5320092,Nc1nonc1c2nc3cc(CO)ccc3n2C4CCC4,CHEMBL1080970,Ki,7.8
5320102,CC(Nc1ncnc2c(cccc12)C(=O)N)c3cccc(NC(=O)c4cccc(F)c4)c3,CHEMBL3675512,IC50,7.82
5320111,CN(C)CC(Nc1ncnc2c(cc(O)cc12)C(=O)N)c3cccc(Cl)c3,CHEMBL3675514,IC50,7.82
5320120,CN(C)CC(Nc1ncnc2c(cc(OC3CCC3)cc12)C(=O)N)c4cccc(F)c4,CHEMBL3675513,IC50,7.82
5320129,CNCC(Nc1ncnc2c(cccc12)C(=O)N)c3ccccc3,CHEMBL3670413,IC50,7.82
5320138,COCCC(Nc1ncnc2c(cccc12)C(=O)N)C3=CCCC(=C3)NC(=O)c4cc(F)ccc4F,CHEMBL3675511,IC50,7.82
5320147,COCCC(Nc1ncnc2c(cccc12)C(=O)N)c3cccc(NC(=O)c4ccc(Br)cc4)c3,CHEMBL3675508,IC50,7.82
5320156,C[C@@H](Nc1ncnc2c(cccc12)C(=O)N)c3cccc(NC(=O)c4ccc(nc4)C(F)(F)F)c3,CHEMBL3675509,IC50,7.82
5320165,C[C@@H](Nc1ncnc2c(cccc12)C(=O)N)c3cccc(NC(=O)c4ccc5OCCOc5c4)c3,CHEMBL3675515,IC50,7.82
3065264,Cn1cc(C2=C(C(=O)NC2=O)c3cn(CCCSC(=N)N)c4ccccc34)c5ccccc15,CHEMBL6291,IC50,7.82
5320176,NC(=O)c1cccc2c(NCc3cccc(NC(=O)C4=CC(F)C(Cl)C=C4)c3)ncnc12,CHEMBL3675510,IC50,7.82
5320185,CN(C)c1ccc(cn1)C(=O)Nc2cccc(CNc3ncnc4c(cccc34)C(=O)N)c2,CHEMBL3670497,IC50,7.83
5320194,NC(=O)c1cccc2c(NCc3cccc(NC(=O)c4ccc(F)c(F)c4)c3)ncnc12,CHEMBL3670473,IC50,7.84
5320203,CN(C)CC(Nc1ncnc2c(cccc12)C(=O)N)c3cccc(N)c3,CHEMBL3675507,IC50,7.85
5320213,Cc1c(NCCN2CCCC2)cc(cc1N3CCN(CC3)c4ncnc5[nH]nc(Br)c45)C(=O)Nc6ccccc6,CHEMBL2016887,IC50,7.85
5320825,NC(=O)c1cccc2c(NCc3ccc(F)c(NC(=O)c4ccc(Br)cc4)c3)ncnc12,CHEMBL3675506,IC50,7.85
5320834,NC(=O)c1cccc2c(NCc3ccc4occc4c3)ncnc12,CHEMBL3675378,IC50,7.85
5320843,NC(=O)c1cccc2c(NCc3cccc(NC(=O)c4ccc(F)cc4)c3)ncnc12,CHEMBL3675368,IC50,7.85
5320852,NC[C@@H](Nc1ccnc2c(cccc12)C(=O)N)c3ccccc3,CHEMBL3685330,IC50,7.85
5320861,CS(=O)(=O)c1ccc(CNc2ncnc3c(cccc23)C(=O)N)cc1,CHEMBL3670429,IC50,7.86
5320870,NC(=O)c1cccc2c(NCc3ccc4OCCc4c3)ncnc12,CHEMBL3675377,IC50,7.88
5320879,CN(C)CCC(Nc1ncnc2c(cccc12)C(=O)N)C3=CCCC(=C3)NC(=O)c4cccc(F)c4F,CHEMBL3675504,IC50,7.89
5320888,CN1CCN(CC1)c2ccc(cn2)C(=O)Nc3cccc(CNc4ncnc5c(cccc45)C(=O)N)c3,CHEMBL3675503,IC50,7.89
5320898,Cc1noc(n1)c2cc(NCCN3CCCC3)c(C)c(c2)N4CCN(CC4)c5ncnc6[nH]nc(Br)c56,CHEMBL2016890,IC50,7.89
5320908,NC(=O)c1cccc2c(NC(CCN3CCCC3)c4cccc(NC(=O)c5ccc(F)cc5F)c4)ncnc12,CHEMBL3675505,IC50,7.89
5320918,Nc1nonc1c2nc3ccccc3n2C4CCCC4,CHEMBL1079295,Ki,7.89
5320928,CC(Nc1ncnc2c(cccc12)C(=O)N)c3cccc(NC(=O)c4cc(n[nH]4)C(F)F)c3,CHEMBL3675500,IC50,7.92
5320937,CC(Nc1ncnc2c(cccc12)C(=O)N)c3cccc(NC(=O)c4ccc(C)nc4)c3,CHEMBL3675501,IC50,7.92
5320946,CN(C)c1cc(ccn1)C(=O)Nc2cccc(CNc3ncnc4c(cccc34)C(=O)N)c2,CHEMBL3639693,IC50,7.92
5320955,COc1ccc(COc2cc(C(=O)N)c3ncnc(NC(CN(C)C)c4cccc(F)c4)c3c2)cc1,CHEMBL3675502,IC50,7.92
5320965,Nc1nonc1c2nc3ccccc3n2C4CCCCC4,CHEMBL1078929,Ki,7.92
5320976,Nc1nonc1c2nc3ccccc3n2CC4CC4,CHEMBL1078930,Ki,7.92
5320986,CCOc1cc(C(=O)N)c2ncnc(NCc3cccc(NC(=O)c4ccc(F)cc4)c3)c2c1,CHEMBL3670479,IC50,7.93
5320995,CN(C)c1ccc(cc1)C(=O)Nc2cccc(CNc3ncnc4c(cccc34)C(=O)N)c2,CHEMBL3670470,IC50,7.93
5321004,NC(=O)c1cccc2c(NCc3cccc(NC(=O)c4ccc(Cl)nc4)c3)ncnc12,CHEMBL3670485,IC50,7.94
5321013,NC(=O)c1cccc2c(NCc3cccc(Br)c3)ncnc12,CHEMBL3670419,IC50,7.95
2246476,CN(C)C1C=CC2=C(c3ccc(cc3OC2=C1)N(C)C)c4ccc(cc4C(=O)N[C@H](CCCCN)C(=O)NC(=N)NCCC[C@@H](NC(=O)[C@@H](CCCNC(=N)N)NC(=O)[C@@H](CCCNC(=N)N)NC(=O)[C@@H](CCCNC(=N)N)NC(=O)[C@@H](CCCNC(=N)N)NC(=O)[C@@H](CCCNC(=N)N)NC(=O)CCCCCNCCNS(=O)(=O)c5cccc6cnccc56)C(=O)N)C(=O)O,CHEMBL2023845,Kd,7.96
5321024,CNCC(Nc1ncnc2c(cc(O)cc12)C(=O)N)c3ccccc3,CHEMBL3675497,IC50,7.96
5321033,C[C@@H](Nc1ncnc2c(cccc12)C(=O)N)c3cccc(NC(=O)c4cc(F)ccc4F)c3,CHEMBL3675498,IC50,7.96
5321042,C[C@@H](Nc1ncnc2c(cccc12)C(=O)N)c3cccc(NC(=O)c4cnc(C)s4)c3,CHEMBL3675499,IC50,7.96
5321051,CC(Nc1ncnc2c(cccc12)C(=O)N)c3cccc(NC(=O)C4=CCC(Cl)N=C4)c3,CHEMBL3675493,IC50,8.0
5321060,CC(Nc1ncnc2c(cccc12)C(=O)N)c3cccc(NC(=O)c4ccc(Cl)c(F)c4)c3,CHEMBL3675491,IC50,8.0
5321069,CCC(Nc1ncnc2c(cccc12)C(=O)N)c3cccc(F)c3,CHEMBL3675494,IC50,8.0
5321078,COCCC(Nc1ncnc2c(cccc12)C(=O)N)c3cccc(NC(=O)c4cccc(F)c4F)c3,CHEMBL3675492,IC50,8.0
5321087,C[C@@H](Nc1ncnc2c(cccc12)C(=O)N)c3cccc(NC(=O)c4cccc(F)c4F)c3,CHEMBL3675495,IC50,8.0
5321096,NC[C@H](Cc1ccccc1)Nc2ncnc3c(cccc23)C(=O)N,CHEMBL3675496,IC50,8.0
5321105,NC(=O)c1cccc2c(NCc3cccc(NC(=O)c4ccc5OCOc5c4)c3)ncnc12,CHEMBL3670471,IC50,8.01
5321114,CCNC[C@@H](Nc1ncnc2c(cc(OC)cc12)C(=O)N)c3cccc(F)c3,CHEMBL3675489,IC50,8.02
5321123,C[C@@H](Nc1ncnc2c(cccc12)C(=O)N)c3cccc(NC(=O)c4sc(C)nc4C)c3,CHEMBL3675490,IC50,8.02
5321132,CC(Nc1ncnc2c(cccc12)C(=O)N)c3cccc(NC(=O)c4ccc(C#N)c(F)c4)c3,CHEMBL3675486,IC50,8.03
5321141,CCC(Nc1ncnc2c(cccc12)C(=O)N)c3cccc(NC(=O)c4ccc(nc4)C(F)(F)F)c3,CHEMBL3675487,IC50,8.03
5321150,CN(CC(Nc1ncnc2c(cccc12)C(=O)N)c3cccc(NC(=O)c4ccc(F)c(F)c4)c3)C(=O)OC(C)(C)C,CHEMBL3675488,IC50,8.03
5321159,CNCCC(Nc1ncnc2c(cccc12)C(=O)N)c3cccc(c3)[N+](=O)[O-],CHEMBL3675485,IC50,8.03
5321168,CC(Nc1ncnc2c(cccc12)C(=O)N)c3cccc(NC(=O)c4ccc(nc4)C(F)(F)F)c3,CHEMBL3675483,IC50,8.04
5321177,COc1ccc(cn1)C(=O)Nc2cccc(c2)C(C)Nc3ncnc4c(cccc34)C(=O)N,CHEMBL3675484,IC50,8.04
5321187,COc1ccccc1N2CCN(CC2)c3ncnc4[nH]nc(Br)c34,CHEMBL1254209,IC50,8.04
5321197,CN(C)CC(Nc1ncnc2c(cccc12)C(=O)N)c3ccc(F)cc3,CHEMBL3675479,IC50,8.05
5321206,COCCC(Nc1ncnc2c(cccc12)C(=O)N)c3cccc(NC(=O)c4ccc(cc4)C(F)(F)F)c3,CHEMBL3675480,IC50,8.05
5321215,COc1ccc(C(=O)Nc2cccc(c2)C(CN(C)C(=O)OC(C)(C)C)Nc3ncnc4c(cccc34)C(=O)N)c(F)c1,CHEMBL3675481,IC50,8.05
5321224,NC(=O)c1cccc2c(NCc3cccc(NC(=O)c4ccc(Br)cc4)c3)ncnc12,CHEMBL3670468,IC50,8.05
5321233,NCC(Cc1ccccc1)Nc2ncnc3c(cccc23)C(=O)N,CHEMBL3675482,IC50,8.05
5321242,NCC[C@@H](Nc1ncnc2c(cccc12)C(=O)N)c3ccccc3,CHEMBL3675478,IC50,8.06
5321251,COc1cc(F)c(C(=O)Nc2cccc(c2)[C@@H](C)Nc3ncnc4c(cccc34)C(=O)N)c(F)c1,CHEMBL3675477,IC50,8.07
5321260,CC(Nc1ncnc2c(cccc12)C(=O)N)c3cccc(NC(=O)c4ccc(Br)c(F)c4)c3,CHEMBL3675474,IC50,8.09
5321269,COCC(Nc1ncnc2c(cccc12)C(=O)N)c3cccc(NC(=O)c4ccccc4)c3,CHEMBL3675475,IC50,8.09
5321278,C[C@@H](Nc1ncnc2c(cccc12)C(=O)N)c3cccc(NC(=O)c4c(F)cccc4F)c3,CHEMBL3675476,IC50,8.09
5321287,CCNC[C@@H](Nc1ncnc2c(cccc12)C(=O)N)c3ccccc3,CHEMBL3675473,IC50,8.13
5321296,CCOc1cc(C(=O)N)c2ncnc(NC(CN(C)C)c3cccc(F)c3)c2c1,CHEMBL3675471,IC50,8.14
5321305,COc1cc(cnc1OC)C(=O)Nc2cccc(c2)[C@@H](C)Nc3ncnc4c(cccc34)C(=O)N,CHEMBL3675472,IC50,8.14
5321314,C[C@@H](Nc1ncnc2c(cccc12)C(=O)N)c3cccc(NC(=O)c4ccc(Cl)c(C)c4)c3,CHEMBL3675470,IC50,8.15
1551060,CC1(C)C2=C3C=C4C(CC[N+]5=C4C(C)(C)c6cc(ccc56)S(=C)(=O)O)OC3CCN2c7ccc(CC(=O)NCCCC[C@@H](NC(=O)[C@@H](CCCNC(=N)N)NC(=O)[C@@H](CCCNC(=N)N)NC(=O)[C@@H](CCCNC(=N)N)NC(=O)[C@@H](CCCNC(=N)N)NC(=O)[C@@H](CCCNC(=N)N)NC(=O)[C@@H](CCCNC(=N)N)NC(=O)CCCCCNC(=O)[C@@H](CCCNC(=N)N)NC(=O)CCCCCCCNCCNS(=O)(=O)c8cccc9cnccc89)C(=O)N)cc17,CHEMBL2023841,Kd,8.16
5321325,COCCC(Nc1ncnc2c(cccc12)C(=O)N)c3cccc(NC(=O)c4c(F)cccc4F)c3,CHEMBL3675469,IC50,8.16
5321335,Cc1[nH]nc2ccc(cc12)c3cc(OC[C@@H](N)Cc4c[nH]c5ccccc45)cnc3c6cocc6,CHEMBL593490,IC50,8.16
5321345,COc1cccc(c1)C(CN(C)C)Nc2ncnc3c(cccc23)C(=O)N,CHEMBL3675468,IC50,8.17
5321354,CC(Nc1ncnc2c(cccc12)C(=O)N)c3cccc(NC(=O)C4=CCC(Br)C=C4)c3,CHEMBL3675466,IC50,8.18
5321363,CC(Nc1ncnc2c(cccc12)C(=O)N)c3cccc(NC(=O)c4cc(n[nH]4)C(C)(C)C)c3,CHEMBL3675465,IC50,8.18
5321372,CN(CC(Nc1ncnc2c(cccc12)C(=O)N)c3cccc(NC(=O)c4ccccc4)c3)C(=O)OC(C)(C)C,CHEMBL3675467,IC50,8.18
5321381,NC(=O)c1cccc2c(NCc3ccc(Br)cc3)ncnc12,CHEMBL3670415,IC50,8.18
5321390,C[C@@H](Nc1ncnc2c(cccc12)C(=O)N)c3cccc(NC(=O)c4ccc5OCOc5c4)c3,CHEMBL3675464,IC50,8.19
2246464,NC(=N)NCCC[C@@H](NC(=O)[C@@H](CCCNC(=N)N)NC(=O)[C@@H](CCCNC(=N)N)NC(=O)[C@@H](CCCNC(=N)N)NC(=O)[C@@H](CCCNC(=N)N)NC(=O)[C@@H](CCCNC(=N)N)NC(=O)CCCCCNCCNS(=O)(=O)c1cccc2cnccc12)C(=O)N,CHEMBL2023714,IC50,8.19
5321401,COc1cc(ccn1)C(=O)Nc2cccc(c2)[C@@H](C)Nc3ncnc4c(cccc34)C(=O)N,CHEMBL3675463,IC50,8.2
5321410,C[C@@H](Nc1ncnc2c(cccc12)C(=O)N)c3cccc(NC(=O)c4cc(n[nH]4)C(C)(C)C)c3,CHEMBL3675462,IC50,8.2
5321419,COc1ncc(cc1Cl)C(=O)Nc2cccc(c2)[C@@H](C)Nc3ncnc4c(cccc34)C(=O)N,CHEMBL3675461,IC50,8.23
5321428,COc1ccccc1C(CN)Nc2ncnc3c(cccc23)C(=O)N,CHEMBL3675329,IC50,8.24
5321437,C[C@@H](Nc1ncnc2c(cccc12)C(=O)N)c3cccc(NC(=O)c4ccc(nc4)C#N)c3,CHEMBL3675460,IC50,8.28
5321446,CN(C)CCC(Nc1ncnc2c(cccc12)C(=O)N)c3cccc(NC(=O)c4ccc(Br)cc4)c3,CHEMBL3675459,IC50,8.29
5321455,CN(CCO)c1cc(ccn1)C(=O)Nc2cccc(CNc3ncnc4c(cccc34)C(=O)N)c2,CHEMBL3675458,IC50,8.3
5321464,C[C@@H](Nc1ncnc2c(cccc12)C(=O)N)c3cccc(NC(=O)c4cc(ccc4F)C(F)(F)F)c3,CHEMBL3675457,IC50,8.3
5321473,CNCC(Nc1ncnc2c(cc(OCc3ccccc3)cc12)C(=O)N)c4cccc(Cl)c4,CHEMBL3675456,IC50,8.31
5321482,C[C@@H](Nc1ncnc2c(cccc12)C(=O)N)c3cccc(NC(=O)c4ccc(C)c(C)c4)c3,CHEMBL3675455,IC50,8.32
5321491,CN(C)CC(Nc1ncnc2c(cc(OCC3CC3)cc12)C(=O)N)c4cccc(F)c4,CHEMBL3675454,IC50,8.34
5321500,COc1cc(C(=O)N)c2ncnc(NCc3ccc(cc3)C(F)(F)F)c2c1,CHEMBL3670486,IC50,8.34
5321509,NC(=O)c1cccc2c(NCc3cccc(NC(=O)c4cncc(c4)N5CCCC5)c3)ncnc12,CHEMBL3675453,IC50,8.35
5321518,CN(C)CC(Nc1ncnc2c(cccc12)C(=O)N)c3cccc(c3)[N+](=O)[O-],CHEMBL3675451,IC50,8.36
5321527,COCCC(Nc1ncnc2c(cccc12)C(=O)N)C3=CCCC(=C3)NC(=O)c4ccc(F)cc4F,CHEMBL3675450,IC50,8.36
5321536,NC(=O)c1cccc2c(NCCc3c[nH]c4ccccc34)ncnc12,CHEMBL3675452,IC50,8.36
5321545,CN(C)CCC(Nc1ncnc2c(cccc12)C(=O)N)c3cccc(NC(=O)c4ccc(cc4)C(F)(F)F)c3,CHEMBL3675449,IC50,8.39
5321554,C[C@@H](Nc1ncnc2c(cccc12)C(=O)N)c3cccc(NC(=O)c4ccc(C)nc4)c3,CHEMBL3639743,IC50,8.39
5321563,CCC(Nc1ncnc2c(cccc12)C(=O)N)c3cccc(NC(=O)c4ccc(OC)nc4)c3,CHEMBL3675447,IC50,8.4
5321572,CNCC(NC1=NC=NC2=C(CCC=C12)C(=O)N)c3cccc(NC(=O)c4ccc(cc4)C(F)(F)F)c3,CHEMBL3675448,IC50,8.4
5321581,NC(=O)c1cccc2c(NCc3cccc(NC(=O)c4ccc(Cl)cc4Cl)c3)ncnc12,CHEMBL3675446,IC50,8.4
5321591,Nc1nonc1c2nc3ccccc3n2C4CCC4,CHEMBL1079294,Ki,8.4
5321601,CN(C)CCC(Nc1ncnc2c(cccc12)C(=O)N)c3cccc(NC(=O)c4ccc(F)cc4F)c3,CHEMBL3675445,IC50,8.41
5321610,CC(Nc1ncnc2c(cccc12)C(=O)N)c3cccc(NC(=O)C4=CCC(C)C(=C4)F)c3,CHEMBL3675443,IC50,8.43
5321619,CC(Nc1ncnc2c(cccc12)C(=O)N)c3cccc(NC(=O)c4ccc(F)c(O)c4)c3,CHEMBL3675444,IC50,8.43
5321628,CN(C)C[C@@H](Nc1ncnc2c(cccc12)C(=O)N)c3ccccc3,CHEMBL3675442,IC50,8.46
5321637,NC(=O)c1cccc2c(NCc3cccc(NC(=O)c4ccc(F)cc4F)c3)ncnc12,CHEMBL3675441,IC50,8.46
5321646,CC(C)c1cc([nH]n1)C(=O)Nc2cccc(c2)[C@@H](C)Nc3ncnc4c(cccc34)C(=O)N,CHEMBL3675439,IC50,8.47
5321655,CN(CC(Nc1ncnc2c(cccc12)C(=O)N)c3cccc(c3)[N+](=O)[O-])C(=O)OC(C)(C)C,CHEMBL3675440,IC50,8.47
5321664,COc1cccc(c1)C(CN)Nc2ncnc3c(cccc23)C(=O)N,CHEMBL3670411,IC50,8.47
5321673,CC(Nc1ncnc2c(cccc12)C(=O)N)c3cccc(NC(=O)c4ccc5OCOc5c4)c3,CHEMBL3675438,IC50,8.48
5321682,COc1ccc(cn1)C(=O)Nc2cccc(c2)[C@@H](C)Nc3ncnc4c(cccc34)C(=O)N,CHEMBL3675437,IC50,8.48
5321691,CN(CCC(Nc1ncnc2c(cccc12)C(=O)N)c3cccc(NC(=O)c4ccc(Br)cc4)c3)CC=C,CHEMBL3675436,IC50,8.5
5321700,COc1cc(C(=O)N)c2ncnc(NCc3cccc(c3)C(F)(F)F)c2c1,CHEMBL3670460,IC50,8.51
5321709,NC(=O)c1cccc2c(N[C@H](CC#N)c3ccccc3)ncnc12,CHEMBL3670414,IC50,8.51
5321719,CCc1n[nH]c2ncnc(N3CCN(CC3)c4cc(Cl)cc(NCCN5CCCC5)c4C)c12,CHEMBL2012699,IC50,8.52
5321729,CCNC[C@@H](NC1=NC=NC2=C(CCC=C12)C(=O)N)c3cccc(F)c3,CHEMBL3675435,IC50,8.54
5321738,CCNC[C@@H](Nc1ncnc2c(cc(OC)cc12)C(=O)N)c3ccccc3,CHEMBL3675433,IC50,8.55
5321747,COc1cc(C(=O)N)c2ncnc(N[C@H](CN(C)C)c3cccc(F)c3)c2c1,CHEMBL3675434,IC50,8.55
5321756,COc1cc(C(=O)N)c2ncnc(NCc3ccc(Cl)c(Cl)c3)c2c1,CHEMBL3670494,IC50,8.57
5321765,C[C@@H](Nc1ncnc2c(cccc12)C(=O)N)c3cccc(NC(=O)c4ccc(cc4F)C(F)(F)F)c3,CHEMBL3675432,IC50,8.57
5321774,COc1ccc(cc1F)C(=O)Nc2cccc(c2)C(CN(C)C)NC3=NC=NC4=C(CCC=C34)C(=O)N,CHEMBL3675431,IC50,8.59
5321783,NC(=O)c1cccc2c(NCc3ccc(cc3)C(F)(F)F)ncnc12,CHEMBL3675355,IC50,8.6
5321792,CCN(CC)C1CCN(C1)c2cc(ccn2)C(=O)Nc3cccc(c3)C(CN(C)C)Nc4ncnc5c(cccc45)C(=O)N,CHEMBL3675430,IC50,8.62
5321801,CNC[C@@H](Nc1ncnc2c(cc(OC)cc12)C(=O)N)c3ccccc3,CHEMBL3675429,IC50,8.66
5321810,CC1CCCN1c2cc(ccn2)C(=O)Nc3cccc(c3)C(CN(C)C)Nc4ncnc5c(cccc45)C(=O)N,CHEMBL3675428,IC50,8.68
5321819,CNCC(Nc1ncnc2c(cccc12)C(=O)N)c3cccc(NC(=O)c4ccc(OC)cc4F)c3,CHEMBL3675427,IC50,8.68
5321829,CCOc1cc(NCCN2CCCC2)c(C)c(c1)N3CCN(CC3)c4ncnc5[nH]nc(Br)c45,CHEMBL2016885,IC50,8.7
5321840,CCc1n[nH]c2ncnc(N3CCN(CC3)c4cc(Cl)cc(NCCN(C)C)c4C)c12,CHEMBL2012701,IC50,8.7
5321851,CN(C)CCNc1cc(Cl)cc(N2CCN(CC2)c3ncnc4[nH]nc(Br)c34)c1C,CHEMBL2012702,IC50,8.7
5321862,COC(=O)c1cc(NCCN2CCCC2)c(C)c(c1)N3CCN(CC3)c4ncnc5[nH]nc(Br)c45,CHEMBL2016891,IC50,8.7
5321873,Cc1c(NCCN2CCCC2)cc(CCC(C)(C)C)cc1N3CCN(CC3)c4ncnc5[nH]nc(Br)c45,CHEMBL2016889,IC50,8.7
5321884,Cc1c(NCCN2CCCC2)cc(Cl)cc1N3CCN(CC3)c4ncnc5[nH]nc(Br)c45,CHEMBL2016771,IC50,8.7
5321895,Cc1c(NCCN2CCCC2)cc(cc1N3CCN(CC3)c4ncnc5[nH]nc(Br)c45)C(=O)CCC(F)(F)F,CHEMBL2016893,IC50,8.7
5321905,COc1cc(C(=O)N)c2ncnc(NCc3ccc(Cl)c(c3)C(F)(F)F)c2c1,CHEMBL3670482,IC50,8.75
5321914,COc1cc(C(=O)N)c2ncnc(NCc3cccc(NC(=O)c4ccc(F)cc4)c3)c2c1,CHEMBL3670476,IC50,8.77
5321923,NC(=O)c1cccc2c(NCc3ccc(Cl)c(Cl)c3)ncnc12,CHEMBL3675339,IC50,8.8
5321932,NCC(Nc1ncnc2c(cccc12)C(=O)N)c3cccc(NC(=O)c4ccc(F)cc4)c3,CHEMBL3670412,IC50,8.82
5321941,CNCC(Nc1ncncc(cccc1)C(=O)N)c2cccc(NC(=O)c3ccc(OC(F)(F)F)cc3)c2,CHEMBL3675425,IC50,8.85
5321950,COc1cc(C(=O)N)c2ncnc(NC(CN(C)C)c3ccc(Cl)cc3)c2c1,CHEMBL3675426,IC50,8.85
5321959,CNCC(Nc1ncnc2c(ccc(OC)c12)C(=O)N)c3ccccc3,CHEMBL3675423,IC50,8.89
5321968,CNCC(Nc1ncnc2c(cccc12)C(=O)N)c3ccc(OC)cc3,CHEMBL3675424,IC50,8.89
26231,CN[C@@H]1C[C@H]2O[C@@](C)([C@@H]1OC)n3c4ccccc4c5c6CNC(=O)c6c7c8ccccc8n2c7c35,CHEMBL388978,Kd,8.89
5321979,COc1ccc(cc1)C(=O)Nc2cccc(c2)C(CN(C)C)Nc3ncnc4c(cccc34)C(=O)N,CHEMBL3675422,IC50,8.89
5321988,NC(=O)c1cccc2c(NCc3ccc(Cl)c(c3)C(F)(F)F)ncnc12,CHEMBL3675365,IC50,8.92
5321997,CN(C)CC(Nc1ncnc2c(cccc12)C(=O)N)c3cccc(Cl)c3,CHEMBL3675421,IC50,8.96
5322006,CN(C)CC(Nc1ncnc2c(cccc12)C(=O)N)c3cccc(NC(=O)c4cncc(c4)N5CCCC5)c3,CHEMBL3675420,IC50,8.96
5322015,CNCC(Nc1ncnc2c(cccc12)C(=O)N)c3cccc(NC(=O)c4ccc(OC)cc4)c3,CHEMBL3675419,IC50,8.96
5322025,CC(C)COc1cc(NCCN2CCCC2)c(C)c(c1)N3CCN(CC3)c4ncnc5[nH]nc(Br)c45,CHEMBL2016886,IC50,9.0
5322035,CN(C)CC(Nc1ncnc2c(cccc12)C(=O)N)c3cccc(NC(=O)c4ccc(cc4F)C(F)(F)F)c3,CHEMBL3675417,IC50,9.0
5322044,CN(C)CC(Nc1ncnc2c(cccc12)C(=O)N)c3cccc(NC(=O)c4ccnc(c4)N(C)C)c3,CHEMBL3675418,IC50,9.0
5322053,CNCC(Nc1ncnc2c(cccc12)C(=O)N)c3cccc(NC(=O)c4ccc(OC)c(F)c4)c3,CHEMBL3675416,IC50,9.0
5322062,CNCC(Nc1ncnc2c(cccc12)C(=O)N)c3cccc(F)c3,CHEMBL3675415,IC50,9.02
5322071,CN(C)CC(Nc1ncnc2c(cccc12)C(=O)N)c3cccc(Br)c3,CHEMBL3675414,IC50,9.05
5322080,CNCC(Nc1ncnc2c(cccc12)C(=O)N)c3cccc(NC(=O)c4c(F)cccc4F)c3,CHEMBL3675413,IC50,9.08
5322089,CN(C)CC(Nc1ncnc2c(cccc12)C(=O)N)c3cccc(NC(=O)c4ccnc(Cl)c4)c3,CHEMBL3675411,IC50,9.09
5322098,CNCC(Nc1ncnc2c(cccc12)C(=O)N)c3cccc(NC(=O)c4ccccc4)c3,CHEMBL3675412,IC50,9.09
5322107,CN(C)CC(Nc1ncnc2c(cccc12)C(=O)N)c3ccc(Cl)c(Cl)c3,CHEMBL3675409,IC50,9.1
5322116,CN(C)CC(Nc1ncnc2c(cccc12)C(=O)N)c3cccc(NC(=O)c4ccnc(c4)N5CCCCC5)c3,CHEMBL3675410,IC50,9.1
3065722,[O-][N+](=O)c1ccccc1c2n[nH]cc2\C=C\3/C(=O)Nc4ccccc34,CHEMBL2347053,IC50,9.13
5322127,CNCC(Nc1ncnc2c(cc(OC)cc12)C(=O)N)c3cccc(Cl)c3,CHEMBL3675408,IC50,9.14
5322136,COc1ccc(cc1)C(CN)Nc2ncnc3c(cccc23)C(=O)N,CHEMBL3670495,IC50,9.16
5322145,CN(C)CC(Nc1ncnc2c(cccc12)C(=O)N)c3cccc(NC(=O)c4ccnc(c4)N5CCCC5)c3,CHEMBL3675406,IC50,9.17
5322154,CNC[C@@H](Nc1ncnc2c(cc(OC)cc12)C(=O)N)c3cccc(F)c3,CHEMBL3675407,IC50,9.17
5322163,CNCC(Nc1ncnc2c(cccc12)C(=O)N)c3cccc(Cl)c3,CHEMBL3675405,IC50,9.18
5322172,CN(C)CC(Nc1ncnc2c(cccc12)C(=O)N)c3cccc(NC(=O)c4ccc(Br)cc4)c3,CHEMBL3675404,IC50,9.19
5322181,CNCC(Nc1ncnc2c(cccc12)C(=O)N)c3cccc(NC(=O)c4ccc(Br)cc4)c3,CHEMBL3675403,IC50,9.22
5322190,CNC[C@@H](Nc1ncnc2c(cccc12)C(=O)N)c3cccc(F)c3,CHEMBL3685329,IC50,9.22
5322199,Cc1ccc(cc1)C(CN)Nc2ncnc3c(cccc23)C(=O)N,CHEMBL3670404,IC50,9.22
5322208,NC[C@@H](Nc1ncnc2c(cccc12)C(=O)N)c3ccccc3,CHEMBL3670464,IC50,9.22
5322217,CN(C)CC(Nc1ncnc2c(cccc12)C(=O)N)c3cccc(NC(=O)c4ccccc4F)c3,CHEMBL3675402,IC50,9.24
5322226,CN(C)CC(Nc1ncnc2c(cccc12)C(=O)N)c3cccc(NC(=O)c4ccc(cc4)C(F)(F)F)c3,CHEMBL3675401,IC50,9.26
5322235,Cc1ccc(CNc2ncnc3c(cccc23)C(=O)N)cc1C,CHEMBL3675400,IC50,9.28
5322244,COc1ccc(cc1OC)C(CN)Nc2ncnc3c(cccc23)C(=O)N,CHEMBL3675331,IC50,9.3
5322253,NCC(Nc1ncnc2c(cccc12)C(=O)N)c3ccc(Cl)c(Cl)c3,CHEMBL3670401,IC50,9.3
5322262,NCC(Nc1ncnc2c(cccc12)C(=O)N)c3cccc(F)c3,CHEMBL3675326,IC50,9.3
5322271,CNCC(Nc1ncnc2c(cc(OC)cc12)C(=O)N)c3cccc(F)c3,CHEMBL3675399,IC50,9.38
5322280,CNCC(Nc1ncnc2c(cccc12)C(=O)N)c3cccc(NC(=O)c4ccc(F)c(F)c4)c3,CHEMBL3675398,IC50,9.38
5322289,COc1cc(C(=O)N)c2ncnc(N[C@H](CN)c3ccccc3)c2c1,CHEMBL3675397,IC50,9.41
5322298,CNCC(Nc1ncnc2c(cccc12)C(=O)N)c3ccc(Cl)c(Cl)c3,CHEMBL3675396,IC50,9.44
5322307,CNC[C@H](\N=C/1\NC=NC2C=CCC=C12)c3ccccc3,CHEMBL3675395,IC50,9.55
5322316,CNC[C@@H](Nc1ncnc2c(cc(OC)cc12)C(=O)N)c3cccc(Cl)c3,CHEMBL3685328,IC50,9.7
5322325,CN(C)CC(Nc1ncnc2c(cccc12)C(=O)N)c3ccc(cc3)C(F)(F)F,CHEMBL3675394,IC50,9.85
5322334,CNCC(Nc1ncnc2c(cc(OC)cc12)C(=O)N)c3ccccc3,CHEMBL3675393,IC50,9.92
