id,smiles,name,assay_type,activity_value
26212,C[C@]12O[C@H](C[C@]1(O)CO)n3c4ccccc4c5c6C(=O)NCc6c7c8ccccc8n2c7c35,CHEMBL603469,Kd,7.55
7481698,CCn1c(nc2c(ncc(OCCCN)c12)c3ccc[nH]3)c4nonc4N,CHEMBL493251,IC50,7.89
7481709,CCn1c(nc2c(ncc(OCCCN)c12)C#CCCO)c3nonc3N,CHEMBL493875,IC50,8.22
26231,CN[C@@H]1C[C@H]2O[C@@](C)([C@@H]1OC)n3c4ccccc4c5c6CNC(=O)c6c7c8ccccc8n2c7c35,CHEMBL388978,IC50,8.92
1549781,CCn1c(nc2c(ncc(OCCCN)c12)C#CCO)c3nonc3N,CHEMBL523523,IC50,9.0
858301,CN[C@@H]1CC2OC([C@@H]1OC)n3c4ccccc4c5c6CNC(=O)c6c7c8ccccc8n2c7c35,CHEMBL3683258,IC50,9.72
