id,smiles,name,assay_type,activity_value
129147,CCN(CC)CCNC(=O)c1c(C)[nH]c(\C=C\2/C(=O)Nc3ccc(F)cc23)c1C,sunitinib,Kd,7.77
7899727,COc1cccc(F)c1c2cccc3nc(Nc4cc(OC)c(OC)c(OC)c4)oc23,CHEMBL3297945,IC50,7.7
7899738,COc1ccccc1c2cccc3nc(Nc4cc(OC)c(OC)c(OC)c4)oc23,CHEMBL3298039,IC50,7.7
7899749,CN(C)c1ncnc2c1c(c3ccc(C)cc3)c(C(=O)CF)n2CCCO,CHEMBL3779984,IC50,7.82
26231,CN[C@@H]1C[C@H]2O[C@@](C)([C@@H]1OC)n3c4ccccc4c5c6CNC(=O)c6c7c8ccccc8n2c7c35,CHEMBL388978,Kd,8.0
7899761,COc1ccc(Nc2oc3c(cccc3n2)c4c(F)cccc4OC)cc1O[C@H]5CCNC5,CHEMBL3297951,IC50,8.0
3065264,Cn1cc(C2=C(C(=O)NC2=O)c3cn(CCCSC(=N)N)c4ccccc34)c5ccccc15,CHEMBL6291,IC50,8.0
430205,COc1c2CC[C@H](CCc2ccc1Nc3ncc(Cl)c(N[C@@H]4[C@@H]5C[C@@H](C=C5)[C@@H]4C(=O)N)n3)N6CCOCC6,CHEMBL2064666,IC50,8.16
7899775,COc1cc(Nc2oc3c(cccc3n2)c4cccc5[nH]cnc45)cc(OC)c1OC,CHEMBL3298194,IC50,8.4
327281,O=C(NC1CC1)Nc2c[nH]nc2c3nc4cc(CN5CCOCC5)ccc4[nH]3,CHEMBL495727,IC50,9.0
