id,smiles,name,assay_type,activity_value
6412103,Cc1ccc(F)c(c1)S(=O)(=O)Nc2ccc(cc2)c3cnc4c(C)n[nH]c4n3,CHEMBL3092466,IC50,7.54
6412115,Cc1n[nH]c2nc(cnc12)c3ccc(NS(=O)(=O)c4cc(F)ccc4F)cc3,CHEMBL3356061,IC50,7.54
1551060,CC1(C)C2=C3C=C4C(CC[N+]5=C4C(C)(C)c6cc(ccc56)S(=C)(=O)O)OC3CCN2c7ccc(CC(=O)NCCCC[C@@H](NC(=O)[C@@H](CCCNC(=N)N)NC(=O)[C@@H](CCCNC(=N)N)NC(=O)[C@@H](CCCNC(=N)N)NC(=O)[C@@H](CCCNC(=N)N)NC(=O)[C@@H](CCCNC(=N)N)NC(=O)[C@@H](CCCNC(=N)N)NC(=O)CCCCCNC(=O)[C@@H](CCCNC(=N)N)NC(=O)CCCCCCCNCCNS(=O)(=O)c8cccc9cnccc89)C(=O)N)cc17,CHEMBL2023841,Kd,7.55
6412128,Nc1n[nH]c2cc(ccc12)c3ccc(NS(=O)(=O)Cc4cc(F)ccc4F)cc3,CHEMBL3356016,IC50,7.55
6412140,Nc1n[nH]c2nc(cnc12)c3ccc(NS(=O)(=O)c4cc(Cl)ccc4Cl)cc3,CHEMBL3092461,IC50,7.6
6412151,Nc1n[nH]c2nc(cnc12)c3ccc(NS(=O)(=O)c4ccccc4F)cc3,CHEMBL3356046,IC50,7.66
6412162,Nc1n[nH]c2nc(cnc12)c3ccc(NS(=O)(=O)c4cccc(F)c4Cl)cc3,CHEMBL3356042,IC50,7.68
6412173,CCc1cc(ccc1C(=O)O)c2c[nH]c3ncc(cc23)c4ccccc4,CHEMBL550110,IC50,7.7
6412184,Nc1n[nH]c2cc(ccc12)c3ccc(NS(=O)(=O)c4occc4)cc3,CHEMBL3356020,IC50,7.72
6412195,Nc1n[nH]c2nc(ncc12)c3ccc(NS(=O)(=O)c4cc(Cl)ccc4F)cc3,CHEMBL3355036,IC50,7.72
6412206,Nc1n[nH]c2cc(ccc12)c3ccc(NS(=O)(=O)c4cc(Cl)ccc4C#N)cc3,CHEMBL3356028,IC50,7.77
6412217,Nc1n[nH]c2nc(cnc12)c3ccc(NS(=O)(=O)c4cccc5ccccc45)cc3,CHEMBL3356038,IC50,7.8
6412228,Nc1n[nH]c2nc(cnc12)c3ccc(NS(=O)(=O)c4cc(F)ccc4F)cc3,CHEMBL3356047,IC50,7.82
26231,CN[C@@H]1C[C@H]2O[C@@](C)([C@@H]1OC)n3c4ccccc4c5c6CNC(=O)c6c7c8ccccc8n2c7c35,CHEMBL388978,IC50,7.85
6412241,Cn1cc(c(n1)C(F)(F)F)S(=O)(=O)Nc2ccc(cc2)c3ccc4c(N)n[nH]c4c3,CHEMBL3356019,IC50,7.85
6412252,Nc1n[nH]c2cc(ccc12)c3ccc(NS(=O)(=O)c4cc(Cl)ccc4Cl)cc3,CHEMBL3356025,IC50,7.85
6412263,Nc1n[nH]c2nc(cnc12)c3ccc(NS(=O)(=O)c4ccccc4Cl)cc3,CHEMBL3356041,IC50,7.85
6412274,Cc1n[nH]c2nc(cnc12)c3ccc(NS(=O)(=O)c4cccc(Cl)c4Cl)cc3,CHEMBL3356058,IC50,7.89
6412286,Nc1n[nH]c2nc(cnc12)c3ccc(NS(=O)(=O)c4cc(Cl)ccc4Cl)c(F)c3,CHEMBL3092463,IC50,7.89
6412297,OC(=O)c1ccc(cc1C2CCCC2)c3c[nH]c4ncc(cc34)c5ccccc5,CHEMBL558642,IC50,7.89
6412308,Cc1n[nH]c2nc(cnc12)c3ccc(NS(=O)(=O)c4cc(Cl)ccc4Cl)cc3,CHEMBL3356059,IC50,7.96
6412319,Cc1ccc(F)c(c1)S(=O)(=O)Nc2ccc(cc2)c3nc(OCC4CNCCO4)c5cn[nH]c5n3,CHEMBL3355033,IC50,8.0
6412330,Nc1n[nH]c2nc(cnc12)c3ccc(NS(=O)(=O)c4cc(Cl)ccc4C#N)cc3,CHEMBL3356051,IC50,8.0
6412341,Nc1n[nH]c2cc(ccc12)c3ccc(NS(=O)(=O)c4cccc(F)c4F)cc3,CHEMBL3356031,IC50,8.05
6412352,Nc1n[nH]c2cc(ccc12)c3ccc(NS(=O)(=O)c4cc(Cl)ccc4F)cc3,CHEMBL3356037,IC50,8.16
6412363,Cc1ccc(F)c(c1)S(=O)(=O)Nc2ccc(cc2)c3nc(C4CC4)c5cn[nH]c5n3,CHEMBL3355032,IC50,8.19
6412374,Nc1n[nH]c2cc(ccc12)c3ccc(NS(=O)(=O)c4cc(Br)ccc4F)cc3,CHEMBL3356035,IC50,8.22
6412385,Nc1n[nH]c2cc(ccc12)c3ccc(NS(=O)(=O)c4cccc(Cl)c4C#N)cc3,CHEMBL3356026,IC50,8.22
6412396,CC(C)Cc1cc(ccc1C(=O)O)c2c[nH]c3ncc(cc23)c4ccccc4,CHEMBL564555,IC50,8.3
335082,CS(=O)(=O)O.Oc1cccc(CNC(=O)Nc2nc(cs2)c3ccncc3)c1,CHEMBL3218297,IC50,8.3
6412409,COc1ccc(F)c(c1)S(=O)(=O)Nc2ccc(cc2)c3cnc4c(N)n[nH]c4n3,CHEMBL3356050,IC50,8.4
6412421,Cc1n[nH]c2nc(cnc12)c3ccc(NS(=O)(=O)c4cc(Cl)ccc4F)cc3,CHEMBL3092464,IC50,8.4
6412432,Nc1n[nH]c2cc(ccc12)c3ccc(NS(=O)(=O)c4cc(Br)ccc4Cl)cc3,CHEMBL3356034,IC50,8.4
6412443,Nc1n[nH]c2nc(cnc12)c3ccc(NS(=O)(=O)c4cc(Cl)sc4Cl)cc3,CHEMBL3356039,IC50,8.4
6412455,Cc1ccc(C#N)c(c1)S(=O)(=O)Nc2ccc(cc2)c3cnc4c(C)n[nH]c4n3,CHEMBL3092465,IC50,8.52
6412466,Cc1ccc(C#N)c(c1)S(=O)(=O)Nc2ccc(cc2)c3cnc4c(N)n[nH]c4n3,CHEMBL3356052,IC50,8.52
6412477,Cc1n[nH]c2nc(cnc12)c3ccc(NS(=O)(=O)c4cc(Cl)ccc4C#N)cc3,CHEMBL3356060,IC50,8.52
6412488,Nc1n[nH]c2cc(ccc12)c3ccc(NS(=O)(=O)c4ccc(Br)s4)cc3,CHEMBL3356018,IC50,8.52
6412499,Nc1n[nH]c2nc(cnc12)c3ccc(NS(=O)(=O)c4cccc(Cl)c4Cl)c(F)c3,CHEMBL3356054,IC50,8.52
6412511,Nc1n[nH]c2nc(cnc12)c3ccc(NS(=O)(=O)c4cccc(Cl)c4Cl)cc3,CHEMBL3092460,IC50,8.52
6412522,COc1ccc(C#N)c(c1)S(=O)(=O)Nc2ccc(cc2)c3cnc4c(N)n[nH]c4n3,CHEMBL3356053,IC50,8.7
6412534,COc1ccc(Cl)c(c1)S(=O)(=O)Nc2ccc(cc2)c3cnc4c(C)n[nH]c4n3,CHEMBL3092467,IC50,8.7
6412545,COc1ccc(Cl)c(c1)S(=O)(=O)Nc2ccc(cc2)c3cnc4c(N)n[nH]c4n3,CHEMBL3356044,IC50,8.7
6412556,Cc1ccc(F)c(c1)S(=O)(=O)Nc2ccc(cc2)c3cnc4c(N)n[nH]c4n3,CHEMBL3356049,IC50,8.7
6412567,Nc1n[nH]c2cc(ccc12)c3ccc(NS(=O)(=O)c4cccc(Cl)c4Cl)cc3,CHEMBL3356024,IC50,8.7
6412578,Nc1n[nH]c2nc(cnc12)c3ccc(NS(=O)(=O)c4cc(Cl)c(F)cc4F)cc3,CHEMBL3356048,IC50,8.7
6412590,Nc1n[nH]c2nc(cnc12)c3ccc(NS(=O)(=O)c4cc(Cl)ccc4F)c(F)c3,CHEMBL3092462,IC50,8.7
6412601,COc1nc(nc2[nH]ncc12)c3ccc(NS(=O)(=O)c4cc(C)ccc4F)cc3,CHEMBL3355031,IC50,8.82
6412612,Nc1n[nH]c2cc(ccc12)c3ccc(NS(=O)(=O)c4cc(ccc4F)C(F)(F)F)cc3,CHEMBL3356029,IC50,9.0
1362359,Nc1n[nH]c2nc(cnc12)c3ccc(NS(=O)(=O)c4cc(Cl)ccc4F)cc3,CHEMBL3092468,IC50,9.0
