id,smiles,name,assay_type,activity_value
2338134,COCCOC1=CC2=C(C=C1OCCOC)C(NC1=CC=CC(=C1)C#C)=NC=N2,erlotinib,Kd,7.59
633168,[H][C@](C)(OC1=C(N)N=CC(=C1)C1=CN(N=C1)C1CCNCC1)C1=C(Cl)C=CC(F)=C1Cl,crizotinib,Kd,7.74
293662,COc1cc(Nc2c(cnc3cc(OCCCN4CCN(C)CC4)c(OC)cc23)C#N)c(Cl)cc1Cl,bosutinib,Kd,8.33
76701,CCN1CCN(Cc2ccc(NC(=O)Nc3ccc(Oc4cc(NC)ncn4)cc3)cc2C(F)(F)F)CC1,CHEMBL574738,Kd,7.64
479470,COc1cc2c(Oc3ccc4[nH]c(C)cc4c3F)ncnc2cc1OCCCN5CCCC5,CHEMBL491473,Kd,7.66
26279,COc1cc(ccc1Nc2ncc(Cl)c(Nc3ccccc3S(=O)(=O)C(C)C)n2)N4CCC(CC4)N5CCN(C)CC5,CHEMBL509032,Kd,7.68
617948,O=C(N1CCNCC1)c2ccc(\C=C\c3n[nH]c4ccccc34)cc2,CHEMBL1908397,Kd,7.89
529263,CCCCNc1ncc2c(cn([C@@H]3CC[C@@H](O)CC3)c2n1)c4ccc(CN5CCN(C)CC5)cc4,CHEMBL3326006,IC50,8.21
479349,COc1cc2c(Oc3ccc(NC(=O)C4(CC4)C(=O)Nc5ccc(F)cc5)cc3F)ccnc2cc1OCCCN6CCOCC6,CHEMBL1230609,Kd,8.52
26231,CN[C@@H]1C[C@H]2O[C@@](C)([C@@H]1OC)n3c4ccccc4c5c6CNC(=O)c6c7c8ccccc8n2c7c35,CHEMBL388978,Kd,10.62
