id,smiles,name,assay_type,activity_value
487807,NS(=O)(=O)c1cccc(Nc2nccc(n2)c3ccnc(c3)N4C5CCC4COC5)c1,CHEMBL2158854,IC50,7.6
487819,NS(=O)(=O)c1cccc(Nc2nccc(n2)c3ccnc(NCCCO)c3)c1,CHEMBL2158843,IC50,7.66
487830,NS(=O)(=O)c1cccc(Nc2nccc(n2)c3ccnc(c3)N4CCOCC4)c1,CHEMBL2158845,IC50,7.96
487841,NS(=O)(=O)c1cccc(Nc2nccc(n2)c3ccnc(c3)N4CC5CCC(C4)O5)c1,CHEMBL2158855,IC50,8.22
487852,CCN(CC)c1cc(ccn1)c2ccnc(Nc3cccc(c3)S(=O)(=O)N)n2,CHEMBL2158853,IC50,8.52
487863,NS(=O)(=O)c1cccc(Nc2nccc(n2)c3ccnc(c3)N4CCCCC4)c1,CHEMBL2158857,IC50,8.52
487874,CCN(CC)S(=O)(=O)c1cc(Nc2nccc(n2)c3ccnc(c3)c4ccc(NC(=O)NC)cc4)ccc1C,CHEMBL2158863,IC50,9.7
487885,CCN(CC)S(=O)(=O)c1cccc(Nc2nccc(n2)c3ccnc(c3)c4ccc(NC(=O)NC)cc4)c1,CHEMBL2158011,IC50,9.7
487896,CCN(CC)S(=O)(=O)c1cc(Nc2nccc(n2)c3ccnc(c3)c4ccc(NC(=O)NC)cc4)ccc1Cl,CHEMBL2158866,IC50,9.96
487907,CNC(=O)Nc1ccc(cc1)c2cc(ccn2)c3ccnc(Nc4cccc(c4)S(=O)(=O)NC)n3,CHEMBL2158859,IC50,10.0
