id,smiles,name,assay_type,activity_value
2420418,Cc1cc(CS(=O)(=O)c2ccccc2)cc(OCc3ccc(CN4CCC[C@@H]4CO)cc3)c1,CHEMBL3134157,IC50,7.55
2420430,O[C@H]1CCN[C@@H]1C(=O)NCc2ccc(cc2)c3noc(CCC4CCCCC4)n3,CHEMBL1209544,IC50,7.6
2420441,C[C@H](NC(=O)[C@H]1NCC[C@@H]1O)c2ccc(cc2)c3noc(CCC4CCCCC4)n3,CHEMBL1209685,IC50,7.7
2420452,OC[C@H]1C[C@@H](O)CCN1CCc2ccc(Nc3nc(cs3)c4ccc(Cl)c(Cl)c4)cc2,CHEMBL2409865,IC50,7.7
2420463,OC[C@H]1C[C@@H](O)CCN1CCc2ccc(Nc3nc(cs3)c4ccc(cc4)C(F)(F)F)cc2,CHEMBL2409891,IC50,7.7
2420474,OC[C@H]1C[C@@H](O)CCN1CCc2ccc(Nc3nc(cs3)c4ccc5ccccc5c4)cc2,CHEMBL2409861,IC50,7.7
2420485,OC[C@H]1C[C@@H](O)CCN1CCc2ccc(Nc3nc(cs3)c4cccc(Cl)c4)cc2,CHEMBL2409883,IC50,7.7
2420496,OC[C@H]1C[C@@H](O)CCN1CCc2ccc(Nc3nc(cs3)c4ccccc4F)cc2,CHEMBL2409880,IC50,7.7
2420507,OC[C@H]1C[C@H](O)CN1CCCc2ccc(Nc3nc(cs3)c4cccc(c4)C(F)(F)F)cc2,CHEMBL3763321,IC50,7.7
2420518,CC[C@H](NC(=O)[C@H]1NCC[C@@H]1O)c2ccc(cc2)c3noc(CCC4CCCCC4)n3,CHEMBL1209686,IC50,8.0
2420529,Cc1cccc(c1)c2csc(Nc3ccc(CCN4CC[C@H](O)C[C@@H]4CO)cc3)n2,CHEMBL2409884,IC50,8.0
2420540,OC[C@H]1C[C@@H](O)CCN1CCc2ccc(Nc3nc(cs3)C4CCCCC4)cc2,CHEMBL2407198,IC50,8.0
2420551,OC[C@H]1C[C@@H](O)CCN1CCc2ccc(Nc3nc(cs3)c4ccccc4Cl)cc2,CHEMBL2409881,IC50,8.0
2420562,OC[C@H]1C[C@@H](O)CCN1CCc2ccc(Nc3nc(cs3)c4ccc(Cl)cc4)cc2,CHEMBL2409888,IC50,8.1
2420573,Cc1ccc(cc1)c2csc(Nc3ccc(CCN4CC[C@H](O)C[C@@H]4CO)cc3)n2,CHEMBL2409889,IC50,8.16
2420584,OC[C@H]1C[C@@H](O)CCN1CCc2ccc(Nc3nc(cs3)C45CC6CC(CC(C6)C4)C5)cc2,CHEMBL2407197,IC50,8.3
2420595,OC[C@H]1C[C@@H](O)CCN1CCc2ccc(Nc3nc(cs3)c4cccc(c4)C(F)(F)F)cc2,CHEMBL2409886,IC50,8.3
2420606,OC[C@H]1C[C@@H](O)CCN1CCc2ccc(Nc3nc(cs3)c4cccc(c4F)C(F)(F)F)cc2,CHEMBL2409848,IC50,8.3
2420617,Cc1cc(CS(=O)(=O)c2ccccc2)cc(OCc3ccc(CN4CCC[C@H]4CO)cc3)c1,CHEMBL3348835,Ki,8.37
2420628,OC[C@H]1C[C@@H](O)CCN1CCc2ccc(Nc3nc(cs3)c4ccc(cc4F)C(F)(F)F)cc2,CHEMBL2409849,IC50,8.4
2420639,OC[C@H]1C[C@@H](O)CCN1CCc2ccc(Nc3nc(cs3)c4cc(ccc4F)C(F)(F)F)cc2,CHEMBL2409850,IC50,8.52
2420650,OC[C@H]1C[C@@H](O)CCN1CCc2ccc(Nc3nc(cs3)c4ccc(Cl)cc4Cl)cc2,CHEMBL2409847,IC50,8.52
