id,smiles,name,assay_type,activity_value
985681,CC1=NC(NC2=NC=C(S2)C(=O)NC2=C(C)C=CC=C2Cl)=CC(=N1)N1CCN(CCO)CC1,dasatinib,Kd,9.68
293662,COc1cc(Nc2c(cnc3cc(OCCCN4CCN(C)CC4)c(OC)cc23)C#N)c(Cl)cc1Cl,bosutinib,Kd,9.0
4819408,CN1CCN(CCCOc2cccc(Nc3nnc4cc(cc(C)c4n3)c5c(Cl)cccc5Cl)c2)CC1,CHEMBL3648046,IC50,7.54
4819418,COC(=O)c1cc2cc(NC(=O)c3c(Cl)cccc3Cl)cnc2[nH]1,CHEMBL3347637,IC50,7.54
4819428,COc1cc(Nc2c(cnc3cc(C#Cc4cccc(CN(C)C)n4)c(OC)cc23)C#N)cc(OC)c1OC,CHEMBL211191,IC50,7.54
4819439,COc1cc(Nc2c(cnc3cc(ccc23)c4cccc(CCN5CCOCC5)c4)C#N)c(Cl)cc1Cl,CHEMBL103293,IC50,7.54
4819450,COc1cc(Nc2c(cnc3cc4c(cc23)ncn4CCN5CCOCC5)C#N)c(C)cc1Cl,CHEMBL330351,IC50,7.54
4819460,Cc1cccc(C)c1c2cc(C)c3nc(Nc4ccc(cc4)S(=O)(=O)NCCCN5CCCC5)nnc3c2,CHEMBL3648067,IC50,7.54
4819469,Cc1cccc(C)c1c2cc(C)c3nc(Nc4cccc(c4)S(=O)(=O)NCCN5CCNCC5)nnc3c2,CHEMBL3651196,IC50,7.54
4819479,CN1CCN(CC1)c2cc(Nc3cc(C)[nH]n3)nc(Oc4cccc(NC(=O)C=C)c4)n2,CHEMBL3604921,IC50,7.55
4819489,CN1CCN(CC1)c2ccc(Nc3ncc4C(=O)N(CCc4n3)c5cc(NC(=O)c6cccc(c6)C(C)(C)C)ccc5C)cc2,CHEMBL3658095,IC50,7.55
4819499,CN1CCN(CCCOc2ccc(Nc3cc4N(C)C(=O)C(=Cc4cn3)c5c(Cl)cccc5Cl)cc2)CC1,CHEMBL104071,IC50,7.55
4819510,COc1cc(Nc2c(cnc3cc(OC)c(OCCCN4CCOCC4)cc23)C#N)c(Cl)cc1Cl,CHEMBL128241,IC50,7.55
4819521,COc1cc(Nc2c(cnc3cc(\C=C\c4cccc(CN(C)C)n4)c(OC)cc23)C#N)c(Cl)cc1Cl,CHEMBL1087216,IC50,7.55
4819532,COc1cc(Nc2c(cnc3cc(ccc23)c4cccc(CN5CCOCC5)c4)C#N)c(Cl)cc1Cl,CHEMBL103839,IC50,7.55
4819543,COc1cc2c(Nc3c(F)ccc4OCOc34)ncnc2cc1OCCCN5CCOCC5,CHEMBL167890,IC50,7.55
3990384,Cc1cc(cc2nnc(Nc3ccc(OCCN4CCCC4)cc3)nc12)c5c(Cl)cccc5Cl,CHEMBL230686,Ki,7.55
4819556,Brc1ccc(Nc2ncnc3ccc(NC(=O)Cc4cccc(Br)c4)cc23)cc1,CHEMBL3310054,IC50,7.56
4819566,CN1CCN(CCCNC(=O)c2cccc(Nc3nnc4cc(cc(C)c4n3)c5c(C)cccc5C)c2)CC1,CHEMBL3648065,IC50,7.56
4819575,CN1CCN(CCOc2cccc(Nc3nnc4cc(cc(C)c4n3)c5c(Cl)cccc5Cl)c2)CC1,CHEMBL3648043,IC50,7.56
4819584,CCOc1cc2nc(Nc3ccc(cc3)S(=O)(=O)NCCN4CCCC4)nnc2cc1c5ccccc5C,CHEMBL3651242,IC50,7.57
4819594,CN(C)CC1CCN(CCn2nc(c3cnc4[nH]ccc4c3)c5c(N)ncnc25)CC1,CHEMBL3823861,IC50,7.57
4819604,CN1CCN(CC1)C(=O)c2ccc(Nc3ncc4CN(CCc4n3)c5cc(NC(=O)c6cc(ccn6)C(F)(F)F)ccc5C)cc2,CHEMBL3658119,IC50,7.57
4819613,CN1CCN(CC1)c2ccc(Nc3ncc4C(=O)N(CCc4n3)c5cc(NC(=O)c6cc(ccn6)C(F)(F)F)ccc5C)cc2,CHEMBL3658118,IC50,7.57
4819622,CN1CCN(CC1)c2ccc(Nc3ncc4C(=O)N(CCc4n3)c5cc(NC(=O)c6cccc(c6)C(F)(F)F)ccc5Cl)cc2,CHEMBL3658115,IC50,7.57
4819632,COc1cc(Cc2nn([C@@H]3CC[C@H](CC3)N4CCN(C)CC4)c5ncnc(N)c25)ccc1NC(=O)[C@@H]6C[C@H]6c7ccccc7,CHEMBL416091,IC50,7.57
3864013,COc1cc2c(N[C@@H]3C[C@H]3c4ccccc4)c(cnc2cc1OCCCN5CCN(C)CC5)C#N,CHEMBL248393,Ki,7.57
4819646,COc1cccc(c1)c2cn(C3CCN(CCO)CC3)c4ncnc(N)c24,CHEMBL169200,IC50,7.57
4819656,Cc1cc(cc2nnc(Nc3cccnc3)nc12)c4c(Cl)cccc4Cl,CHEMBL3648031,IC50,7.57
4819665,Cc1cc2nc(Nc3cccnc3)nnc2cc1c4cc(O)ccc4F,CHEMBL3651235,IC50,7.57
4819674,Cc1cc(F)ccc1c2cc3nnc(Nc4ccc(OCCN5CCCC5)cc4)nc3cc2C,CHEMBL3651243,IC50,7.58
4819683,Cc1cccc(C)c1c2cc(C)c3nc(Nc4cccc(c4)S(=O)(=O)NCCN5CCCC5)nnc3c2,CHEMBL3648054,IC50,7.58
4819693,CC(=O)N[C@@H](Cc1ccc(OP(=O)(O)O)cc1)C(=O)N[C@H]2CCCCN(Cc3ccc(cc3)c4ccccc4C#N)C2=O,CHEMBL433046,IC50,7.59
4819703,CN(CCN1CCCC1)S(=O)(=O)c2ccc(Nc3nnc4cc(cc(C)c4n3)c5c(C)cccc5C)cc2,CHEMBL3651194,IC50,7.59
4819712,CN1CCN(CC1)C(=O)c2ccc(Nc3ncc4CN(CCc4n3)c5cc(NC(=O)CCC(F)(F)F)ccc5C)cc2,CHEMBL3658116,IC50,7.59
4819722,COc1cc(Nc2c(cnc3cc(ccc23)c4cc(CN5CCOCC5)ccn4)C#N)c(Cl)cc1Cl,CHEMBL565546,IC50,7.59
4819733,Cc1cccc(C)c1c2cc(C)c3nc(Nc4cccc(NS(=O)(=O)CCN5CCCC5)c4)nnc3c2,CHEMBL220931,IC50,7.59
4819744,Cl.CC(CCCC(C)(C)O)Nc1nc(Nc2cc(C)[nH]n2)cc(C)c1C#N,CHEMBL1778662,Ki,7.59
4819755,CC(C)(C)OC(=O)N1C[C@@H](C[C@H]1CO)n2cc(c3ccc(O)cc3)c4c(N)ncnc24,CHEMBL474825,IC50,7.6
4819766,CC(C)n1nc(c2cccc(O)c2F)c3c(N)ncnc13,CHEMBL1242110,IC50,7.6
4819777,CCn1cnc2c(Nc3ccc(cc3)P(=O)(C)C)nc(nc12)C(C)C,CHEMBL2036007,IC50,7.6
4819787,CN1CCN(CCCOc2ccc(Nc3nnc4cc(cc(C)c4n3)c5c(Cl)cccc5Cl)cc2)CC1,CHEMBL3648045,IC50,7.6
4819797,COCCOc1cc2ncc(C#N)c(Nc3cc(OC)c(OC)c(OC)c3)c2cc1OCCOC,CHEMBL419428,IC50,7.6
4819809,COc1cc(Nc2c(cnc3cc(sc23)c4ccc(CN5CCN(C)CC5)s4)C#N)c(Cl)cc1Cl,CHEMBL192652,IC50,7.6
4819820,COc1cc(Nc2nn3c(cc(nc3c2C(=O)N)C4CC4)N5CCC[C@H]5CO)cc(OC)c1,CHEMBL261744,IC50,7.6
4819831,CSc1nc(Nc2cccc(Cl)c2)c3cnn(CC(C)c4ccccc4)c3n1,CHEMBL1836679,Ki,7.6
4819842,CSc1nc(Nc2ccccc2)c3cnn(CC(C)c4ccccc4)c3n1,CHEMBL1836678,Ki,7.6
4819852,Cc1cc(cc2nnc(Nc3ccc(OCCN4CCCC4)c(c3)C#N)nc12)c5c(Cl)cccc5Cl,CHEMBL3648063,IC50,7.6
4819862,Cc1ccc(cc1c2cc(C)c3nc(Nc4ccc(cc4)S(=O)(=O)NCCN5CCCC5)nnc3c2)C#N,CHEMBL231316,IC50,7.6
4819872,Nc1ncnc2c1c(nn2CC3CCNC3)c4ccc(Cl)c(O)c4,CHEMBL1241770,IC50,7.6
38372,CSc1cccc(Nc2ncc3C=C(C(=O)N(C)c3n2)c4c(Cl)cccc4Cl)c1,CHEMBL386051,IC50,7.61
4819885,CC(C)(C)OC(=O)N1C[C@H](C[C@@H]1CO)n2cc(c3ccc(O)cc3)c4c(N)ncnc24,CHEMBL169043,IC50,7.62
4819896,CCN(CC)CCCCCNc1cc2N(C)C(=O)C(=Cc2cn1)c3c(Cl)cccc3Cl,CHEMBL107423,IC50,7.62
4819906,COCCOCCOCCNC(=O)c1cc(Nc2nccc(Oc3ccc(NC(=O)Nc4cc(cc(NS(=O)(=O)C)c4OC)C(C)(C)C)c5ccccc35)n2)cc(c1)C#C,CHEMBL3681949,IC50,7.62
4819916,COc1cc(Nc2c(cnc3cc(ccc23)c4cccc(CN5CCOCC5)n4)C#N)c(Cl)cc1Cl,CHEMBL569256,IC50,7.62
4819927,COc1ccc(C)c(Nc2c(cnc3cc(OCC4CCN(C)CC4)c(OC)cc23)C#N)c1,CHEMBL290308,IC50,7.62
4819938,Nc1ncnc2c1c(nn2C3CCC3)c4ccc(F)c(O)c4,CHEMBL1242566,IC50,7.62
4819948,CC(C)N(CCN1CCCC1)S(=O)(=O)c2ccc(Nc3nnc4cc(cc(C)c4n3)c5c(Cl)cccc5Cl)cc2,CHEMBL3651265,IC50,7.64
4819958,CCNC(=O)Nc1nc2nc(NCCCCN(CC)CC)ncc2cc1c3c(Cl)cccc3Cl,CHEMBL301483,IC50,7.64
4819969,CN1CCN(CC1)c2ccc(Nc3cc4N(C)C(=O)C(=Cc4cn3)c5c(Cl)cccc5Cl)cc2,CHEMBL104414,IC50,7.64
4819979,CN1CCN(CCOc2ccc(Nc3nnc4cc(cc(C)c4n3)c5c(Cl)cccc5Cl)cc2)CC1,CHEMBL3648044,IC50,7.64
4819989,COc1cc(Nc2c(cnc3cc(sc23)c4ccc(cc4)C(=O)N(C)C)C#N)c(Cl)cc1Cl,CHEMBL194992,IC50,7.64
4820000,COc1cc(ccc1N)c2nn(C(C)C)c3ncnc(N)c23,CHEMBL1241485,IC50,7.64
4820011,COc1cc2ncc(C#N)c(Nc3ccc(Cl)cc3Cl)c2cc1OC,CHEMBL101917,IC50,7.64
4820022,COc1ccc(cc1OC)c2cnc(Nc3c(C)cccc3C)c4cncn24,CHEMBL389451,IC50,7.64
1026371,NC(=O)c1c(N)c([nH]c1c2ccc(Oc3ccccc3)cc2)C(=O)c4c(F)cccc4F,CHEMBL589630,IC50,7.64
4820035,COc1cc(Nc2c(cnc3cc(ccc23)C#Cc4cccc(CN(C)C)n4)C#N)c(Cl)cc1Cl,CHEMBL379431,IC50,7.66
4820047,COc1cccc(c1)c2cn(C3CCN(CC(=O)N)CC3)c4ncnc(N)c24,CHEMBL169064,IC50,7.66
4820057,Cc1ccc(cc1)n2nc(cc2NC(=O)Nc3ccc(Oc4ccnc(Nc5ccccc5)n4)c6ccccc36)C(C)(C)C,CHEMBL3701217,IC50,7.66
4820066,Cc1ccc(cc1)n2nc(cc2NC(=O)Nc3ccc(Oc4ccnc5NC(=O)C=Nc45)c6ccccc36)C7CC7,CHEMBL3695576,IC50,7.66
4820075,CN(C)c1cccc(Nc2nnc3cc(cc(C)c3n2)c4cc(O)ccc4Cl)c1,CHEMBL3651236,IC50,7.67
4820084,Cc1cc(cc2nnc(Nc3ccc(cc3)S(=O)(=O)CCCN4CCCC4)nc12)c5c(Cl)cccc5Cl,CHEMBL3651274,IC50,7.67
4820094,CC(C)c1cccc(NC(=O)c2ccc(C)c(Nc3nc4ccccc4n3c5cc(N)ncn5)c2)c1,CHEMBL1087127,IC50,7.68
4820105,CC(C)n1nc(C#Cc2cc(ccc2C)C(=O)Nc3ccc(CN4CCOCC4)c(c3)C(F)(F)F)c5c(N)ncnc15,CHEMBL3426221,IC50,7.68
4820116,CCOC1CN(C)CCN1c2ccc(Nc3nnc4cc(cc(C)c4n3)c5c(C)cccc5C)cc2,CHEMBL221236,IC50,7.68
4820127,CN1CCN(CCOc2ccc(Nc3nnc4cc(cc(C)c4n3)c5c(C)cccc5C)cc2)CC1,CHEMBL230614,IC50,7.68
4820137,COc1cc(Nc2c(cnc3cc(sc23)c4cccc(CN5CCN(C)CC5)c4)C#N)c(Cl)cc1Cl,CHEMBL193392,IC50,7.68
4820148,COc1cc(Nc2c(cnc3cc(sc23)c4cccc(c4)N5CCN(C)CC5)C#N)c(Cl)cc1Cl,CHEMBL222548,IC50,7.68
4820159,COc1cc(ccc1NC(=O)OC(C)(C)C)c2nn(CCN3CCN(C)CC3)c4ncnc(N)c24,CHEMBL3823451,IC50,7.68
4820170,COc1cc2c(Nc3ccc(Cl)cc3Cl)c(cnc2cc1OCC4CCN(C)CC4)C#N,CHEMBL43577,IC50,7.68
4820181,COc1cc2c(Nc3ccc4nc(N)sc4c3)c(cnc2cc1OCCCN5CCNCC5)C#N,CHEMBL472038,IC50,7.68
4820192,COc1ccc(C)c(Nc2c(cnc3cc(\C=C\c4ccncc4)ccc23)C#N)c1,CHEMBL181405,IC50,7.68
4820202,Cc1cc(cc2nnc(Nc3ccc(C#N)c(OCCN4CCCC4)c3)nc12)c5c(Cl)cccc5Cl,CHEMBL3648053,IC50,7.68
4820212,Cc1cccc(C)c1c2cc(NS(=O)(=O)C)c3nc(Nc4ccc(OCCN5CCCC5)cc4)nnc3c2,CHEMBL390479,IC50,7.68
4820223,Nc1cc(ccn1)c2cnn3cc(cnc23)c4ccc(OCCN5CCOCC5)cc4,CHEMBL1271533,IC50,7.68
4820234,Cc1cc(F)ccc1c2cc3nnc(Nc4ccc(cc4)S(=O)(=O)NCCN5CCCC5)nc3cc2C,CHEMBL397691,IC50,7.69
4820244,CC(C)Oc1cc(OCCN2CCN(CC2)C(=O)C)cc3ncnc(Nc4c(F)ccc5OCOc45)c13,CHEMBL386996,IC50,7.7
3990160,CC(C)n1nc(c2cnc3[nH]ccc3c2)c4c(N)ncnc14,CHEMBL1242293,IC50,7.7
4820257,CN1C(=O)C(=Cc2cnc(Nc3ccccc3)nc12)c4c(Cl)cccc4Cl,CHEMBL301612,IC50,7.7
4820268,CN1CCCC(COc2ccc(cc2)c3cnc(Nc4c(C)cccc4C)c5cncn35)C1,CHEMBL227753,IC50,7.7
4820280,CN1CCN(CC1)c2cc(Nc3cc(C)[nH]n3)nc(\C=C\c4ccccc4)n2,CHEMBL482968,IC50,7.7
4820290,CN1CCN(CC1)c2ccc(Nc3ncc4C(=O)N(CCc4n3)c5cc(NC(=O)c6cccc(c6)C(F)(F)F)ccc5Cl)cc2C,CHEMBL3658121,IC50,7.7
4820299,CNC(=O)c1ccc(Nc2ncc3CN(CCc3n2)c4cc(NC(=O)c5cc(F)cc(c5)C(F)(F)F)ccc4Cl)cc1,CHEMBL3658124,IC50,7.7
4820309,CNS(=O)(=O)c1ccc2NC(=O)\C(=C/c3[nH]c4CCCCc4c3CCCN5CCN(CC(=O)O)CC5)\c2c1,CHEMBL292930,IC50,7.7
4820320,COc1cc2c(Nc3cccc4c(Cl)c[nH]c34)ncnc2cc1OCCCN5CCOCC5,CHEMBL353070,IC50,7.7
479349,COc1cc2c(Oc3ccc(NC(=O)C4(CC4)C(=O)Nc5ccc(F)cc5)cc3F)ccnc2cc1OCCCN6CCOCC6,CHEMBL1230609,Kd,7.7
4820333,COc1ccc(Cl)c(Nc2ncnc3cc(OCCCN4CCOCC4)cc(OC5CCCCC5)c23)c1,CHEMBL217493,IC50,7.7
4820345,COc1ccc(Cl)c(Nc2ncnc3cc(OCCCN4CCOCC4)cc(OC5CCOCC5)c23)c1,CHEMBL200217,IC50,7.7
4820356,COc1ccc(Cl)c(Nc2ncnc3cc(OCCN4CCOCC4)cc(OC(C)C)c23)n1,CHEMBL425209,IC50,7.7
4820367,COc1ccc(Nc2ncc3C=C(C(=O)N(C)c3n2)c4c(Cl)cccc4Cl)cc1,CHEMBL104153,IC50,7.7
4820378,COc1cccc(c1)c2cn(c3ccc(CC(=O)NCCO)cc3)c4ncnc(N)c24,CHEMBL175409,IC50,7.7
4820388,COc1cccc(c1)c2cn(c3ccc(CCN4CCC(O)CC4)cc3)c5ncnc(N)c25,CHEMBL475584,IC50,7.7
4825450,COc1cccc(c1)c2cn(c3ccc(CCNCCO)cc3)c4ncnc(N)c24,CHEMBL470925,IC50,7.7
4825460,COc1cccc(c1)c2cn(c3ccc(OCCNCCO)cc3)c4ncnc(N)c24,CHEMBL474656,IC50,7.7
4825471,CSc1nc(Nc2cccc(Br)c2)c3cnn(CC(C)c4ccccc4)c3n1,CHEMBL1836680,Ki,7.7
4825482,Cl.CN1CCCC(COc2ccc(cc2)c3cnc(Nc4c(C)cccc4C)c5cncn35)C1,CHEMBL534948,IC50,7.7
4825493,NS(=O)(=O)c1ccc(Nc2nc(nc3[nH]cnc23)N4CCOCC4)cc1,CHEMBL1172957,IC50,7.7
4825504,Nc1ncnc2c1c(cn2C3CCCC3)c4ccc(O)cc4,CHEMBL169570,IC50,7.7
4825515,Nc1ncnc2c1c(cn2c3ccc(CO)cc3)c4ccccc4,CHEMBL367442,IC50,7.7
4825525,Nc1ncnc2c1c(cn2c3ccc(OCCNCCO)cc3)c4cccc(Cl)c4,CHEMBL473155,IC50,7.7
4825535,Nc1ncnc2c1c(cn2c3ccc(OCCNCCO)cc3)c4cccc(F)c4,CHEMBL474657,IC50,7.7
4825545,Nc1ncnc2c1c(nn2c3cccc(c3)P(=O)(O)CC(=O)O)c4cccc(O)c4,CHEMBL3706663,IC50,7.7
4825556,O=C(Cc1ccc(cn1)c2ccc(OCCN3CCOCC3)cc2)NCc4ccccc4,CHEMBL571546,IC50,7.7
4825567,CN(C)c1ccc(cc1)c2cnc(Nc3c(C)cccc3C)c4cncn24,CHEMBL226613,IC50,7.72
4825578,CN1CCCC(COc2cccc(c2)c3cnc(Nc4c(C)cccc4C)c5cncn35)C1,CHEMBL389422,IC50,7.72
4825588,CN1CCN(CC1)C(=O)c2ccc(Nc3ncc4C(=O)N(CCc4n3)c5cc(NC(=O)c6cccc(c6)C(F)(F)F)ccc5C)cc2,CHEMBL3658092,IC50,7.72
4825597,CN1CCN(CC1)c2ccc(Nc3ncc4C(=O)N(CCc4n3)c5cc(NC(=O)c6cccc(Br)c6)ccc5C)cc2,CHEMBL3658090,IC50,7.72
4825607,CN1CCN(Cc2ccc(NC(=O)c3ccc(C)c(c3)C#Cc4nn(C5CCCC5)c6ncnc(N)c46)cc2C(F)(F)F)CC1,CHEMBL3426227,IC50,7.72
4825618,COc1cc(Nc2c(cnc3cc(\C=C\c4ccccn4)ccc23)C#N)c(Cl)cc1Cl,CHEMBL67770,IC50,7.72
4825629,COc1cc(Nc2c(cnc3cc(\C=C\c4ccncc4)ccc23)C#N)cc(OC)c1OC,CHEMBL426953,IC50,7.72
4825640,Clc1ccc(Nc2c(cnc3cc(OCCCN4CCOCC4)c(OCCCN5CCOCC5)cc23)C#N)c(Cl)c1,CHEMBL166650,IC50,7.72
528630,CC(C)Oc1cc(n[nH]1)n2cnc3ccc(N[C@@H](C)c4ccc(F)cn4)nc23,CHEMBL2151321,IC50,7.74
4825652,Cc1cccc(C)c1c2cc(C)c3nc(Nc4cccc(c4)C(=O)NC5CCNC5)nnc3c2,CHEMBL3648064,IC50,7.74
4825661,Cc1cccc(C)c1c2cc(C)c3nc(Nc4oc(cc4)C(=O)NCCCN5CCCC5)nnc3c2,CHEMBL3648068,IC50,7.74
3992731,CN1C(=O)C(=Cc2cnc(Nc3ccc(NC(=O)CCN)cc3)nc12)c4c(Cl)cccc4Cl,CHEMBL566635,IC50,7.75
4825673,COc1cc(Nc2c(cnc3cc(C#Cc4cc(CN(C)C)ccn4)c(OC)cc23)C#N)c(Cl)cc1Cl,CHEMBL214035,IC50,7.75
4825684,COc1cc(Nc2c(cnc3cc(\C=C\CCCCN4CCOCC4)c(OC)cc23)C#N)c(Cl)cc1Cl,CHEMBL1088120,IC50,7.75
4825695,COc1cc(Nc2c(cnc3cc(ccc23)c4ccc(CN5CCN(C)CC5)cn4)C#N)cc(OC)c1OC,CHEMBL566174,IC50,7.75
4825706,COc1cc2cc3ncc(C#N)c(Nc4ccc(Cl)cc4Cl)c3cc2cc1OC,CHEMBL135282,IC50,7.75
4825716,Cc1cc2nc(Nc3ccc(OCCN4CCCC4)cc3)nnc2cc1c5cccc(O)c5,CHEMBL3651217,IC50,7.75
4825725,Cc1cccc(C)c1c2cc(C)c3nc(Nc4cccc(c4)C(=O)NCCN5CCCC5)nnc3c2,CHEMBL3648051,IC50,7.75
4825735,Cc1cccc(C)c1c2cc(C)c3nc(Nc4cccc(c4)N(CCN5CCCC5)C(=O)c6ccccc6)nnc3c2,CHEMBL230820,IC50,7.75
4825746,Nc1ncnc2c1c(nn2CCCCC#N)c3ccc(F)c(O)c3,CHEMBL1242470,IC50,7.75
4825756,Cc1cccc(C)c1c2cc(C)c3nc(Nc4oc(cc4)C(=O)NCCN5CCCC5)nnc3c2,CHEMBL3648058,IC50,7.76
4825766,CN1CCN(CC1)c2cc(Nc3n[nH]c4ccccc34)nc(Oc5cccc(NC(=O)C=C)c5)n2,CHEMBL3604937,IC50,7.77
4825777,CNc1cc(Nc2nc3ccc(cc3s2)C(=O)Nc4c(C)cccc4Cl)ncn1,CHEMBL90002,Ki,7.77
4825788,CNc1ncc2cc(ccc2n1)c3cc(ccc3C)C(=O)Nc4cc(ccc4OC5CCN(C)CC5)C(F)(F)F,CHEMBL386661,IC50,7.77
4825799,COc1cc(Nc2c(cnc3cc(sc23)c4ccc(CN5CCCCC5)cc4)C#N)c(Cl)cc1Cl,CHEMBL425382,IC50,7.77
4825810,COc1cc2c(Nc3cc(OC)c(OC)c(OC)c3)c(cnc2cc1\C=C\c4ccncc4)C#N,CHEMBL182201,IC50,7.77
4825821,COc1ccc(cc1O)c2nn(C(C)C)c3ncnc(N)c23,CHEMBL1242114,IC50,7.77
3993376,CP(=O)(C)c1ccc(Nc2ncnc3c2ncn3\C=C\c4cccc5[nH]ncc45)cc1,CHEMBL452563,IC50,7.77
4825833,Cc1ccc(NC(=O)c2cccc(c2)C(F)(F)F)cc1N3CCc4nc(Nc5ccc(cc5)C(=O)NCCCN6CCCC6)ncc4C3=O,CHEMBL3658091,IC50,7.77
4825842,Cc1ccc(NC(=O)c2cccc(c2)C(F)(F)F)cc1N3CCc4nc(Nc5ccc(cc5)N6CCNCC6)ncc4C3=O,CHEMBL3658125,IC50,7.77
2528428,Cc1ccc(cc1)c2nn(c3ncnc(N)c23)C(C)(C)C,CHEMBL306380,IC50,7.77
4825853,Cc1ccc(s1)n2nc(cc2NC(=O)Nc3ccc(Oc4ccnc5NC(=O)C=Nc45)c6ccccc36)C(C)(C)C,CHEMBL3695593,IC50,7.77
4825863,Nc1ncnc2c1c(nn2C3CCCC3)c4ccc5cc[nH]c5c4,CHEMBL1242664,IC50,7.77
4825874,Nc1ncnc2c1c(nn2C3CNC3)c4ccc(F)c(O)c4,CHEMBL1242567,IC50,7.77
4825886,CN1C(=O)C(=Cc2cnc(Nc3ccc(F)c(C)c3)nc12)c4c(Cl)cccc4Cl,CHEMBL574058,IC50,7.78
4825897,CCOc1ccc(Nc2ncc3C=C(C(=O)N(C)c3n2)c4c(Cl)cccc4Cl)cc1,CHEMBL578006,IC50,7.79
4825907,Cc1cccc(C)c1c2cc(C)c3nc(Nc4ccc(cc4)C(=O)NCCN5CCCC5)nnc3c2,CHEMBL3648048,IC50,7.79
4825916,CC(C)(C)c1cc(NC(=O)Nc2ccc(Oc3ccnc4NC(=O)C=Nc34)c5ccccc25)n(n1)c6ccc(Cl)cc6,CHEMBL3695575,IC50,7.8
4825926,CCC(C)n1nc(c2ccc(C)c(O)c2)c3c(N)ncnc13,CHEMBL1242109,IC50,7.8
4825937,CCOC(=O)C[C@@H]1C[C@@H](CN1)n2cc(c3ccccc3)c4c(N)ncnc24,CHEMBL475264,IC50,7.8
4825948,CN1CCN(CCOc2ccc(Nc3cc4N(C)C(=O)C(=Cc4cn3)c5c(Cl)cccc5Cl)cc2)CC1,CHEMBL110403,IC50,7.8
4825959,COCCOc1cc2Nc3ncnc(Nc4ccc(Cl)cc4Cl)c3Cc2cc1OC,CHEMBL322689,IC50,7.8
4825970,COc1cc(Nc2c(cnc3cc4[nH]cnc4cc23)C#N)c(Br)cc1Cl,CHEMBL96081,IC50,7.8
4825981,COc1cc2c(Nc3cccc4occc34)ncnc2cc1OCCCN5CCOCC5,CHEMBL171558,IC50,7.8
4825992,COc1ccc(Cl)c(Nc2c(cnc3cc(\C=C\c4ccncc4)ccc23)C#N)c1,CHEMBL360937,IC50,7.8
4826002,COc1ccc(cn1)n2nc(cc2NC(=O)Nc3ccc(Oc4ccnc5NC(=O)N(C)c45)c6ccccc36)C(C)(C)C,CHEMBL3695572,IC50,7.8
4826011,Cc1ccc(NC(=O)c2cccc(c2)C(F)(F)F)cc1N3CCc4nc(Nc5ccc(OCCN6CCCC6)cc5)ncc4C3=O,CHEMBL3658086,IC50,7.8
4826020,Cc1ccc(NC(=O)c2cccc(c2)C(F)(F)F)cc1N3CCc4nc(Nc5ccc(cc5)S(=O)(=O)NC6CC6)ncc4C3,CHEMBL3658117,IC50,7.8
4826030,Cc1cccc(C)c1c2cc(C)c3nc(Nc4ccc(cc4)N(CCN5CCCC5)C(=O)c6ccccc6)nnc3c2,CHEMBL231235,IC50,7.8
4826042,Cc1ccc2nc(Nc3c(cnc4cc(OCCCN5CCCCC5)c(C)cc34)C#N)sc2c1,CHEMBL526547,IC50,7.81
4826053,CC(C)n1nc(c2ccc(O)cc2C)c3c(N)ncnc13,CHEMBL1242024,IC50,7.82
4826064,CC(C)n1nc(c2cccc(O)c2)c3c(N)ncnc13,CHEMBL1230790,IC50,7.82
4826074,CCOC(=O)C[C@H]1C[C@H](CN1)n2cc(c3ccccc3)c4c(N)ncnc24,CHEMBL352829,IC50,7.82
4826085,CN1CCN(CC1)NC(=O)c2ccc(Nc3nnc4cc(cc(C)c4n3)c5c(C)cccc5C)cc2,CHEMBL230719,IC50,7.82
4826096,CN1CCN(Cc2ccc(NC(=O)c3ccc(C)c(c3)C#Cc4nn(C5CCN(CC5)C(=O)C=C)c6ncnc(N)c46)cc2C(F)(F)F)CC1,CHEMBL3426233,IC50,7.82
4826106,CNC(=O)c1ccc(Nc2ncc3CN(CCc3n2)c4cc(NC(=O)c5cc(ccn5)C(F)(F)F)ccc4Cl)cc1,CHEMBL3658126,IC50,7.82
4826116,COCCNCCN1CCC(CC1)n2cc(c3cccc(OC)c3)c4c(N)ncnc24,CHEMBL172514,IC50,7.82
4826127,COc1cc(Nc2c(cnc3cc(C#Cc4ccc(CN(C)C)s4)c(OC)cc23)C#N)c(Cl)cc1Cl,CHEMBL213988,IC50,7.82
4826138,COc1cc(Nc2c(cnc3cc(\C=C\CCN4CCOCC4)ccc23)C#N)c(Cl)cc1Cl,CHEMBL1088121,IC50,7.82
4826149,COc1cc(Nc2c(cnc3cc(\C=C\c4cccnc4)ccc23)C#N)c(Cl)cc1Cl,CHEMBL67293,IC50,7.82
4826160,COc1cc(Nc2c(cnc3cc(c(OC)cc23)c4ccc(CN5CCOCC5)cc4)C#N)c(Cl)cc1Cl,CHEMBL318429,IC50,7.82
4826171,COc1cc(Nc2c(cnc3cc(sc23)c4ccc(CCN5CCN(C)CC5)cc4)C#N)c(Cl)cc1Cl,CHEMBL372219,IC50,7.82
4826182,COc1cc(OCCCN2CCCC2)cc3ncnc(Nc4c(Cl)ccc5OCOc45)c13,CHEMBL216369,IC50,7.82
4826193,COc1cc2ncc(C#N)c(Nc3ccc(Br)cc3Cl)c2cc1OC,CHEMBL355353,IC50,7.82
4826204,COc1ccc(Cl)c(Nc2ncnc3cc(OCCN4CCCC4)cc(OC(C)C)c23)n1,CHEMBL198946,IC50,7.82
4826215,COc1ccc(cc1)c2cnc(Nc3c(C)cccc3C)c4cncn24,CHEMBL389031,IC50,7.82
4826226,COc1ncc(Cl)c(Nc2ncnc3cc(OCCN4CCN(CC4)C(=O)C)cc(OC(C)C)c23)n1,CHEMBL199016,IC50,7.82
4826236,Cc1cc(cc2nnc(Nc3ccc(OCCN4CCCC4)nc3)nc12)c5c(Cl)cccc5Cl,CHEMBL3648062,IC50,7.82
4826246,Cc1cc2c(Nc3ccc4nc(N)sc4c3)c(cnc2cc1OCCN5CCCCC5)C#N,CHEMBL486370,IC50,7.82
4826257,Cc1cccc(C)c1Nc2ncc(c3ccc(OCCN4CCCC4)cc3)n5cncc25,CHEMBL227699,IC50,7.82
4826268,Cc1cccc(C)c1c2ccc3nc(Nc4ccc(OCCN5CCCC5)cc4)nnc3c2,CHEMBL230999,IC50,7.82
4826278,Nc1ncnc2c1c(nn2[C@H]3CCNC3)c4ccc(F)c(O)c4,CHEMBL1242657,IC50,7.82
4826288,CN(C)CCNS(=O)(=O)c1ccc(Nc2nnc3cc(cc(C)c3n2)c4c(C)cccc4C)cc1,CHEMBL3648060,IC50,7.84
4826297,Cc1cccc(C)c1c2cc(C)c3nc(Nc4nc(cs4)C(=O)NCCN5CCCC5)nnc3c2,CHEMBL3648061,IC50,7.84
4826307,CC(=O)Nc1cc(cc2nnc(Nc3ccc(OCCN4CCCC4)cc3)nc12)c5c(C)cccc5C,CHEMBL231251,IC50,7.85
4826318,CCN(CC)C(=O)c1ccc(Nc2ncc3C=C(C(=O)N(C)c3n2)c4c(Cl)cccc4Cl)cc1,CHEMBL104357,IC50,7.85
1421182,CCO\N=C(/C)\c1ccc2c(c1)c3c4CNC(=O)c4c5c(CCc6nn(C)cc56)c3n2C(C)C,CHEMBL401896,IC50,7.85
4826331,CN1CCN(CC1)c2ccc(Nc3nccc(n3)N(C(=O)Oc4c(C)cccc4C)c5ccc6ccccc6c5)cc2,CHEMBL377481,IC50,7.85
4826342,COCCOc1cc2ncc(C#N)c(Nc3cc(OC)c(OC)c(OC)c3)c2cc1OC,CHEMBL127771,IC50,7.85
4826353,COc1cc(Nc2c(cnc3cc(ccc23)c4ccc(CCN5CCOCC5)cc4)C#N)c(Cl)cc1Cl,CHEMBL102165,IC50,7.85
4826364,COc1cc(Nc2c(cnc3cc(ccc23)c4cccc(CN5CCN(C)CC5)c4)C#N)c(Cl)cc1Cl,CHEMBL102595,IC50,7.85
4826375,COc1cc(Nc2c(cnc3cc(sc23)c4ccc(cn4)C(=O)N5CCN(C)CC5)C#N)c(Cl)cc1Cl,CHEMBL370693,IC50,7.85
4826386,COc1cc(Nc2c(cnc3cc(sc23)c4csc(CN(C)C)c4)C#N)c(Cl)cc1Cl,CHEMBL192052,IC50,7.85
4826397,COc1cc2c(Nc3cccc4OCOc34)ncnc2cc1OCCCN5CCOCC5,CHEMBL171125,IC50,7.85
4826408,Cc1cc(cc2nnc(Nc3ccc(cc3)S(=O)(=O)NCCN4CCCC4)nc12)c5c(Cl)cccc5Cl,CHEMBL231219,IC50,7.85
3991396,Nc1ncnc2c1c(nn2C3CCCC3)c4cnc5[nH]ccc5c4,CHEMBL1081312,IC50,7.85
4826421,Nc1ncnc2c1c(nn2C3CCCCCC3)c4ccc(F)c(O)c4,CHEMBL1242750,IC50,7.85
3990310,Nc1ncnc2c1c(nn2[C@H]3CCOC3)c4ccc(F)c(O)c4,CHEMBL1242748,IC50,7.85
4826433,Cc1cc2nc(Nc3ccc(OCCN4CCCC4)cc3)nnc2cc1c5cc(O)ccc5F,CHEMBL3651240,IC50,7.86
4826442,CN(C)CCCNC(=O)c1cccc(Nc2nnc3cc(cc(C)c3n2)c4c(C)cccc4C)c1,CHEMBL3648066,IC50,7.88
4826452,CC(C)Oc1cc(F)ccc1N(C(=O)Oc2c(C)cccc2C)c3ccnc(Nc4ccc(cc4)N5CCN(C)CC5)n3,CHEMBL263769,IC50,7.89
4826462,CNC(=O)c1ccc(Nc2ncc3CN(CCc3n2)c4cc(NC(=O)c5cccc(c5)C(F)(F)F)ccc4Cl)cc1,CHEMBL3639569,IC50,7.89
2202268,CNS(=O)(=O)Cc1ccc(cc1)n2nc(cc2NC(=O)Nc3ccc(Oc4ccnc5NC(=O)C=Nc45)c6ccccc36)C(C)(C)C,CHEMBL3695574,IC50,7.89
4826473,COc1cc(Nc2c(cnc3cc(OCC4CCN(C)CC4)c(OC)cc23)C#N)c(C)cc1C,CHEMBL41633,IC50,7.89
4826484,COc1cc(Nc2c(cnc3cc(c(OC)cc23)c4oc(CN5CCN(C)CC5)cc4)C#N)c(Cl)cc1Cl,CHEMBL219085,IC50,7.89
4826495,COc1cc(Nc2c(cnc3cc(sc23)c4ccc(CN(C)C)cn4)C#N)c(Cl)cc1Cl,CHEMBL193452,IC50,7.89
4826506,COc1cc(Nc2c(cnc3cc(sc23)c4ccc(CN5CCN(C)CC5)cc4)C#N)c(Cl)cc1Cl,CHEMBL364955,IC50,7.89
4826517,COc1cc(Nc2c(cnc3cc(sc23)c4ccc(CN5CCN(C)CC5)cn4)C#N)c(Cl)cc1Cl,CHEMBL373101,IC50,7.89
4826528,COc1cc(Nc2c(cnc3cc(sc23)c4ccc(cc4)C(=O)N5CCN(C)CC5)C#N)c(Cl)cc1Cl,CHEMBL195382,IC50,7.89
4826539,COc1cc(Nc2c(cnc3cc(sc23)c4ccc(cc4)N5CCN(C)CC5)C#N)c(Cl)cc1Cl,CHEMBL375844,IC50,7.89
4826550,COc1cc(Nc2c(cnc3cc(sc23)c4coc(CN5CCNCC5)c4)C#N)c(Cl)cc1Cl,CHEMBL197094,IC50,7.89
4826561,COc1cc(ccc1NC(=O)OCc2ccccc2)c3nn([C@@H]4CC[C@H](CC4)N5CCN(C)CC5)c6ncnc(N)c36,CHEMBL47787,IC50,7.89
4826572,COc1cc2cc3ncc(C#N)c(Nc4ccc(Cl)cc4Cl)c3cc2cc1OCCN5CCOCC5,CHEMBL196474,IC50,7.89
3992622,Cc1cc(cc2nnc(Nc3ccc(cc3)S(=O)(=O)NCCN4CCCC4)nc12)c5c(O)cccc5Cl,CHEMBL231220,IC50,7.89
4826586,Cc1cccc(C)c1Nc2ncc(c3ccccc3)n4cncc24,CHEMBL223873,IC50,7.89
4826597,Cc1cccc(C)c1c2cc(C)c3nc(Nc4ccc(OCCCN5CCCC5)cc4)nnc3c2,CHEMBL397692,IC50,7.89
4826608,Cc1cccc(C)c1c2cc(C)c3nc(Nc4ccc(cc4)C(=O)NN5CCNCC5)nnc3c2,CHEMBL230720,IC50,7.89
4826619,Cc1cccc(Cl)c1NC(=O)c2ccc3nc(Nc4cccc(NCCO)n4)sc3c2,CHEMBL312933,Ki,7.89
4826629,Cc1cc(cc2nnc(Nc3ccnc(OCCN4CCCC4)c3)nc12)c5c(Cl)cccc5Cl,CHEMBL3651198,IC50,7.91
4826638,Cc1cc(cc2nnc(Nc3oc(cc3)C(=O)NCCN4CCCC4)nc12)c5cc(O)ccc5Cl,CHEMBL3651225,IC50,7.91
4826648,Cc1ccc(cc1c2cc3nnc(Nc4ccc(cc4)S(=O)(=O)NCCN5CCCC5)nc3cc2C)C#N,CHEMBL395984,IC50,7.91
4826658,Cc1cccc(C)c1c2cc3nnc(Nc4ccc(OCCN5CCCC5)cc4)nc3cc2C,CHEMBL230272,IC50,7.91
4826668,CN1CCN(Cc2ccc(NC(=O)c3ccc(C)c(c3)C#Cc4nn(C5CCNCC5)c6ncnc(N)c46)cc2C(F)(F)F)CC1,CHEMBL3426232,IC50,7.92
4826679,CN1CCN(Cc2ccc(nc2)c3ccc4c(Nc5ccc(Cl)cc5Cl)c(cnc4c3)C#N)CC1,CHEMBL567230,IC50,7.92
3990498,COC(=O)c1cc2cc(NCc3ccccc3C)cnc2[nH]1,CHEMBL3347452,IC50,7.92
4826691,COCCOc1cc2ncc(C#N)c(Nc3ccc(Cl)cc3Cl)c2cc1OCCOC,CHEMBL123733,IC50,7.92
4826702,COc1cc(Nc2c(cnc3cc(C#Cc4cccnc4)c(OC)cc23)C#N)c(Cl)cc1Cl,CHEMBL67259,IC50,7.92
4826713,COc1cc(Nc2nn3c(N[C@@H](CO)Cc4ccccc4)cc(nc3c2C(=O)N)C5CC5)cc(OC)c1,CHEMBL260860,IC50,7.92
4826724,COc1ccc(Cl)c(Nc2c(cnc3cc(OCC4CCN(C)CC4)c(OC)cc23)C#N)c1,CHEMBL290664,IC50,7.92
4826735,COc1ccc(N(C(=O)Oc2c(C)cccc2C)c3ccnc(Nc4ccc(OCCCN5CCCCC5)c(F)c4)n3)c(OC)c1,CHEMBL215411,IC50,7.92
4826745,COc1ccc(cc1)n2nc(cc2NC(=O)Nc3ccc(Oc4ccnc5NC(=O)C=Nc45)c6ccccc36)C(C)(C)C,CHEMBL3695573,IC50,7.92
4826754,COc1ccc(cc1)n2nc(cc2NC(=O)Nc3ccc(Oc4ccnc5NC(=O)N(C(C)C)c45)c6ccccc36)C(C)(C)C,CHEMBL3695585,IC50,7.92
4826764,Cc1cccc(C)c1Nc2ncc(c3cccs3)n4cncc24,CHEMBL387641,IC50,7.92
4826774,Cc1cccc(C)c1c2cc(C)c3nc(Nc4ccc(cc4)C(=O)N5CCNCC5)nnc3c2,CHEMBL3651195,IC50,7.92
4826784,Cc1nc(O)c2c(ccc3[nH]c(Nc4c(Cl)cccc4Cl)nc23)c1C,CHEMBL27085,IC50,7.92
4826794,COc1ccc(Nc2nnc3cc(cc(C)c3n2)c4cc(O)ccc4Cl)cn1,CHEMBL3651238,IC50,7.95
4826803,CC(C)(C)c1cc(NC(=O)Nc2ccc(Oc3ccnc4NC(=O)C=Nc34)c5ccccc25)n(n1)c6ccc(CO)cc6,CHEMBL3695589,IC50,7.96
4826813,CCCCNCc1ccc(cc1)c2cc3ncc(C#N)c(Nc4cc(OC)c(Cl)cc4Cl)c3s2,CHEMBL190981,IC50,7.96
4826824,CCN(CC)CCCOc1ccc(Nc2cc3nc(O)c(cc3cn2)c4c(Cl)cccc4Cl)cc1,CHEMBL419914,IC50,7.96
4826835,CCOc1cc2ncc(C#N)c(Nc3ccc(Cl)cc3Cl)c2cc1OCC,CHEMBL168319,IC50,7.96
4826846,CCn1nc(C#Cc2cc(ccc2Cl)C(=O)Nc3ccc(CN4CCN(C)CC4)c(c3)C(F)(F)F)c5c(N)ncnc15,CHEMBL3426235,IC50,7.96
4826857,CN1CCN(Cc2occ(c2)c3ccc4c(Nc5ccc(Cl)cc5Cl)c(cnc4c3)C#N)CC1,CHEMBL216599,IC50,7.96
4826868,COc1cc(Nc2c(cnc3cc(\C=C\c4cc[n+]([O-])cc4)ccc23)C#N)cc(OC)c1OC,CHEMBL369339,IC50,7.96
4826879,COc1cc(Nc2c(cnc3cc(c(OC)cc23)c4ccc(CCN5CCOCC5)cc4)C#N)c(Cl)cc1Cl,CHEMBL101081,IC50,7.96
4826890,COc1cccc(c1)c2cnc(Nc3c(C)cccc3C)c4cncn24,CHEMBL227906,IC50,7.96
4826901,Cc1cccc(C)c1c2cc3nnc(Nc4ccc(cc4)S(=O)(=O)NCCN5CCCC5)nc3cc2C,CHEMBL230816,IC50,7.96
4826912,Nc1ccc(cc1O)c2nn(C3CCCC3)c4ncnc(N)c24,CHEMBL1241487,IC50,7.96
4826923,Nc1ncnc2c1c(nn2C3CCC3)c4ccc(Cl)c(O)c4,CHEMBL1241580,IC50,7.96
4826934,Nc1ncnc2c1c(nn2C3CCCC3)c4ccc(Br)c(O)c4,CHEMBL1242376,IC50,7.96
4826945,CNc1cc(cc2nnc(Nc3ccc(OCCN4CCCC4)cc3)nc12)c5c(C)cccc5C,CHEMBL230830,IC50,7.98
4826955,CCN(CC)CCOc1cccc(Nc2nnc3cc(cc(C)c3n2)c4c(C)cccc4C)c1,CHEMBL218102,IC50,7.99
4826964,Cc1cc(cc2nnc(Nc3ccc(cc3)C(=O)N4CCNCC4)nc12)c5c(Cl)cccc5Cl,CHEMBL3651266,IC50,7.99
4826973,Cc1cc(cc2nnc(Nc3ccc(nc3)C(=O)N4CCN(CCO)CC4)nc12)c5cc(O)ccc5Cl,CHEMBL3651259,IC50,7.99
4826983,Cc1ccccc1c2cc3nnc(Nc4ccc(cc4)S(=O)(=O)NCCN5CCCC5)nc3cc2C,CHEMBL231237,IC50,7.99
4826992,CC(C)(C)c1cc(NC(=O)Nc2ccc(Oc3ccnc4NC(=O)C=Nc34)c5ccccc25)n(n1)c6ccc(O)cc6,CHEMBL3695588,IC50,8.0
4827002,CC(C)Sc1nc(Nc2cccc(O)c2)c3cnn(CC(Cl)c4ccccc4)c3n1,CHEMBL3393071,Ki,8.0
1129279,CC(C)n1nc(c2ccc(Br)c(O)c2)c3c(N)ncnc13,CHEMBL1241578,IC50,8.0
4827015,CCN(CC)CCOc1ccc(Nc2nnc3cc(cc(C)c3n2)c4c(C)cccc4C)cc1,CHEMBL218656,IC50,8.0
4827026,CN1C(=O)C(=Cc2cnc(Nc3ccncc3)nc12)c4c(Cl)cccc4Cl,CHEMBL104779,IC50,8.0
4827036,CN1CCN(CC1)c2ccc(Nc3ncc4C(=O)N(CCc4n3)c5cc(NC(=O)c6cccc(c6)C(F)(F)F)ccc5C)cc2,CHEMBL3658088,IC50,8.0
4227578,CN1CCN(CC1)c2ccc(Nc3ncc4C=C(C(=O)N(C)c4n3)c5c(Cl)cccc5Cl)cc2,CHEMBL51283,IC50,8.0
4827048,CN1CCN(CC1)c2ccc(Nc3nccc(n3)N(C(=O)Oc4c(C)cccc4C)c5ccccc5)cc2,CHEMBL427047,IC50,8.0
4827062,CN1CCN(CCOc2cc(OC3CCOCC3)c4c(Nc5c(Cl)ccc6OCOc56)ncnc4c2)CC1,CHEMBL217092,IC50,8.0
4827073,CNS(=O)(=O)c1ccc2NC(=O)\C(=C/c3[nH]c4CCCCc4c3CN5CCOCC5)\c2c1,CHEMBL301143,IC50,8.0
4827084,COC(=O)c1cc(C[C@H](NC(=O)C)C(=O)N[C@H]2CCCCN(Cc3ccc(cc3)c4ccccc4)C2=O)ccc1C(F)(C(=O)O)C(=O)O,CHEMBL357488,IC50,8.0
4827095,COCCN(C)CCc1ccc(cc1)n2cc(c3cccc(OC)c3)c4c(N)ncnc24,CHEMBL515751,IC50,8.0
4827105,COc1cc(Cl)c(Cl)c(Nc2c(cnc3cc(\C=C\c4cnccn4)c(OC)cc23)C#N)c1,CHEMBL360499,IC50,8.0
4827116,COc1cc(Nc2c(cnc3cc(C#Cc4cccc(CN(C)C)c4)c(OC)cc23)C#N)c(Cl)cc1Cl,CHEMBL212818,IC50,8.0
4827128,COc1cc(Nc2c(cnc3cc(\C=C\c4ccncc4)ccc23)C#N)c(Cl)cc1Cl,CHEMBL69230,IC50,8.0
4827139,COc1cc(OC2CCN(C)CC2)c3c(Nc4c(Cl)ccc5OCOc45)ncnc3c1,CHEMBL214665,IC50,8.0
4827150,COc1cc2c(Nc3c(Cl)ccc4OCOc34)ncnc2cc1OCc5ccnc(c5)C#N,CHEMBL354145,IC50,8.0
4827161,COc1cc2c(Nc3c(Cl)ccc4ccoc34)ncnc2cc1OCCCN5CCOCC5,CHEMBL169643,IC50,8.0
4827172,COc1cc2c(Nc3c(Cl)ccc4occc34)ncnc2cc1OCCCN5CCOCC5,CHEMBL352977,IC50,8.0
4827182,COc1cc2nc(Nc3ccc(cc3)S(=O)(=O)NCCN4CCCC4)nnc2cc1c5ccccc5C,CHEMBL3651227,IC50,8.0
4827192,COc1cc2ncc(C#N)c(Nc3ccc(Cl)cc3Br)c2cc1OC,CHEMBL168146,IC50,8.0
3804300,COc1cc2nccc(Oc3ccc(NC(=O)C4=C(C)N(C)N(C4=O)c5ccccc5)cc3F)c2cc1OC,CHEMBL2031893,IC50,8.0
4827205,COc1ccc(Cl)c(Nc2c(cnc3cc(OC)c(OC)cc23)C#N)c1,CHEMBL128462,IC50,8.0
4827216,COc1ccc(Cl)c(Nc2ncnc3cc(OCC4CCN(C)CC4)c(OC)cc23)c1,CHEMBL426161,IC50,8.0
4827227,COc1ccc(Cl)c(Nc2ncnc3cc(OCCCN4CCOCC4)c(OC)cc23)c1,CHEMBL172450,IC50,8.0
4827238,COc1ccc(Cl)c(Nc2ncnc3cc(OCCN4CCN(CC4)C(=O)C)cc(OC(C)C)c23)n1,CHEMBL198701,IC50,8.0
4827249,COc1ccc(Cl)c(Nc2ncnc3cc(OCN4CCN(C)CC4)c(OC)cc23)c1,CHEMBL352992,IC50,8.0
4827260,Cc1cc(Nc2nc3ccc(cc3s2)C(=O)Nc4c(C)cccc4Cl)nc(NCCO)n1,CHEMBL88009,IC50,8.0
2202306,Cc1ccc(cc1)n2nc(cc2NC(=O)Nc3ccc(Oc4ccnc5NC(=O)C=Nc45)c6ccccc36)C7(C)CC7,CHEMBL3695577,IC50,8.0
4827272,Cc1cccc(C)c1c2cc(N)c3nc(Nc4ccc(OCCN5CCCC5)cc4)nnc3c2,CHEMBL230829,IC50,8.0
4827283,Cc1cccc(Cl)c1NC(=O)c2cnc(NC(=O)C3CC3)s2,CHEMBL131577,IC50,8.0
4827294,Clc1ccc2OCOc2c1Nc3ncnc4cc(OCCCN5CCOCC5)ccc34,CHEMBL422564,IC50,8.0
4827305,Nc1ncnc2c1c(cn2C3CCC3)c4ccc(O)cc4,CHEMBL166765,IC50,8.0
4827316,Nc1ncnc2c1c(cn2c3cccc(CNCCO)c3)c4ccccc4,CHEMBL176702,IC50,8.0
4827326,Nc1ncnc2c1c(nn2C3CCCC3)c4cccc(O)c4F,CHEMBL1242111,IC50,8.0
26231,CN[C@@H]1C[C@H]2O[C@@](C)([C@@H]1OC)n3c4ccccc4c5c6CNC(=O)c6c7c8ccccc8n2c7c35,CHEMBL388978,IC50,8.01
4827339,COCCOc1cc2Cc3c(Nc4cc(OC)c(Cl)cc4Cl)ncnc3Nc2cc1OC,CHEMBL100172,IC50,8.01
3992512,COC(=O)c1cc2cc(NCc3c(Cl)cccc3Cl)cnc2[nH]1,CHEMBL3347468,IC50,8.02
4827351,COc1cc(Oc2ccncc2)c3c(Nc4c(Cl)ccc5OCOc45)ncnc3c1,CHEMBL217091,IC50,8.02
1129213,Nc1ncnc2c1c(nn2C3CCC3)c4ccc(Br)c(O)c4,CHEMBL1242287,IC50,8.02
4827364,COc1cc(Nc2c(cnc3cc(OCCCn4nccn4)c(OC)cc23)C#N)c(Cl)cc1Cl,CHEMBL129776,IC50,8.03
4827375,CCN(CCOc1ccc(Nc2ncc3C=C(C(=O)N(C)c3n2)c4c(Cl)cccc4Cl)cc1)C(=O)C,CHEMBL573820,IC50,8.04
3992114,CN1C(=O)C(=Cc2cnc(Nc3ccc(CCO)cc3)nc12)c4c(Cl)cccc4Cl,CHEMBL576218,IC50,8.04
4827388,COc1cc(Nc2c(cnc3cc(sc23)c4ccc(CN(C)C)cc4)C#N)c(Cl)cc1Cl,CHEMBL370473,IC50,8.04
4827399,COc1cc2c(Nc3nc4ccccc4s3)c(cnc2cc1OCCN5CCN(C)CC5)C#N,CHEMBL499623,IC50,8.04
4827410,Cc1cccc(C)c1c2cc(C)c3nc(Nc4ccc(cc4)S(=O)(=O)NCCN5CCCC5)nnc3c2,CHEMBL231218,IC50,8.04
4827421,CC(=O)N[C@@H](Cc1ccc(OP(=O)(O)O)cc1)C(=O)N[C@H]2CCCCN(Cc3ccc(cc3)c4ccccc4)C2=O,CHEMBL25826,IC50,8.05
985697,CCN(CC)CCOc1ccc(Nc2ncc3C=C(C(=O)N(C)c3n2)c4c(Cl)cccc4Cl)cc1,CHEMBL49120,IC50,8.05
4827433,CCN1C(=O)Nc2nccc(Oc3ccc(NC(=O)Nc4cc(nn4c5ccc(OC)cc5)C(C)(C)C)c6ccccc36)c12,CHEMBL3695584,IC50,8.05
4827442,CN1CCN(CC1)C(=O)c2ccc(Nc3nnc4cc(cc(C)c4n3)c5c(C)cccc5C)cc2,CHEMBL3648039,IC50,8.05
4827452,CN1CCN(Cc2ccc(NC(=O)c3ccc(C)c(c3)C#Cc4nn(C5CCC5)c6ncnc(N)c46)cc2C(F)(F)F)CC1,CHEMBL3426226,IC50,8.05
4827463,COc1cc(Nc2c(cnc3cc(C#Cc4ccc(CN5CCN(C)CC5)cn4)c(OC)cc23)C#N)c(Cl)cc1Cl,CHEMBL212629,IC50,8.05
4827474,COc1cc(Nc2c(cnc3cc(OCC4CCCN(C)C4)c(OC)cc23)C#N)c(Cl)cc1Cl,CHEMBL40557,IC50,8.05
4827485,COc1cc(Nc2c(cnc3cc4c(cc23)ncn4CCN5CCOCC5)C#N)c(Br)cc1Cl,CHEMBL327188,IC50,8.05
4827496,COc1cc(Nc2nn3c(cc(nc3c2C(=O)N)C4CC4)N5CCC[C@@H]5CO)cc(OC)c1,CHEMBL261743,IC50,8.05
4827506,Cc1ccc(cc1)n2nc(cc2NC(=O)Nc3ccc(Oc4ccnc5NC(=O)C=Nc45)c6ccccc36)C(C)(C)C,CHEMBL1214134,IC50,8.05
4827516,Cc1cccc(C)c1c2cc(C)c3nc(Nc4ccc(NS(=O)(=O)CCN5CCCC5)cc4)nnc3c2,CHEMBL221742,IC50,8.05
4827527,CCCCP(=O)(CCCC)c1ccc(Nc2nc(nc3c2ncn3CC)C(C)C)cc1,CHEMBL2036006,IC50,8.06
4827538,COc1cc(Nc2c(cnc3cc(\C=C\CN4CCOCC4)c(OC)cc23)C#N)c(Cl)cc1Cl,CHEMBL1088679,IC50,8.06
4827549,COc1cc(Nc2c(cnc3cc(sc23)c4ccc(CCN(C)C)cc4)C#N)c(Cl)cc1Cl,CHEMBL194503,IC50,8.06
4827560,COc1cc2c(Nc3ccc(Cl)cc3Cl)c(cnc2cc1OCCCN4CCN(C)CC4)C#N,CHEMBL122744,IC50,8.06
4827570,Cc1cc2nc(Nc3ccc(cc3)S(=O)(=O)NCCN4CCCC4)nnc2cc1c5cc(O)ccc5F,CHEMBL3651241,IC50,8.07
4827581,CN1C(=O)C(=Cc2cnc(Nc3ccc(cc3)N4CCOCC4)nc12)c5c(Cl)cccc5Cl,CHEMBL106772,IC50,8.08
4827592,COc1cc(Nc2c(cnc3cc(\C=C\c4cccnc4)c(OC)cc23)C#N)c(Cl)cc1Cl,CHEMBL67812,IC50,8.08
478842,COc1cc(Nc2ncc(F)c(Nc3ccc4OC(C)(C)C(=O)Nc4n3)n2)cc(OC)c1OC,CHEMBL475251,Kd,8.08
4827605,COc1cc2c(Nc3cc(OC)c(OC)c(OC)c3)c(cnc2cc1OCC4CCN(C)CC4)C#N,CHEMBL440847,IC50,8.08
1177331,Cc1cccc(C)c1\C=C\n2cnc3c(Nc4ccc(cc4)P(=O)(C)C)ncnc23,CHEMBL488840,IC50,8.08
4827618,CCN1CCN(Cc2ccc(cc2)c3cc4ncc(C#N)c(Nc5cc(OC)c(Cl)cc5Cl)c4s3)CC1,CHEMBL195419,IC50,8.09
4827629,CC(C)(C)OC(=O)N1CCC(C1)n2cc(c3ccc(O)cc3)c4c(N)ncnc24,CHEMBL422565,IC50,8.1
4827639,CC(C)(C)c1cc(NC(=O)Nc2ccc(Oc3ccnc4NC(=O)C=Nc34)c5ccccc25)n(n1)c6ccc(CO)nc6,CHEMBL3695592,IC50,8.1
4827648,CC(C)c1cc(NC(=O)Nc2ccc(Oc3ccnc4NC(=O)C=Nc34)c5ccccc25)n(n1)c6ccc(C)cc6,CHEMBL3695578,IC50,8.1
4827657,CN1CCN(CC1)C(=O)c2ccc(Nc3nnc4cc(c(C)cc4n3)c5cc(Cl)ccc5C)cc2,CHEMBL3651206,IC50,8.1
4827667,COCCNCCOc1cccc(c1)n2cc(c3cccc(O)c3)c4c(N)ncnc24,CHEMBL475156,IC50,8.1
4827677,COCn1nc(C#Cc2cc(ccc2C)C(=O)Nc3ccc(CN4CCN(C)CC4)c(c3)C(F)(F)F)c5c(N)ncnc15,CHEMBL3426228,IC50,8.1
4827688,COc1cc(Nc2nn3c(N[C@@H](CO)C(C)C)cc(nc3c2C(=O)N)C4CC4)cc(OC)c1,CHEMBL406418,IC50,8.1
4827699,COc1cnc(Cl)c(Nc2ncnc3cc(OCCN4CCN(CC4)C(=O)C)cc(OC(C)C)c23)n1,CHEMBL199110,IC50,8.1
4827710,Nc1ncnc2c1c(nn2C3CCCC3)c4ccc5[nH]ccc5c4,CHEMBL1242295,IC50,8.1
3065722,[O-][N+](=O)c1ccccc1c2n[nH]cc2\C=C\3/C(=O)Nc4ccccc34,CHEMBL2347053,IC50,8.1
4827723,COc1cc(Nc2c(cnc3cc(OCCC4CCN(C)CC4)c(OC)cc23)C#N)c(Cl)cc1Cl,CHEMBL41465,IC50,8.11
4827734,COc1cc(Nc2c(cnc3cc(ccc23)c4oc(CN5CCN(C)CC5)cc4)C#N)c(Cl)cc1Cl,CHEMBL415625,IC50,8.13
4827745,COc1cc(Nc2c(cnc3cc(sc23)c4ccc(CN5CCN(CCO)CC5)cc4)C#N)c(Cl)cc1Cl,CHEMBL410251,IC50,8.13
4827756,COc1cc(Nc2c(cnc3cc(sc23)c4ccc(CN5CCNCC5)cc4)C#N)c(Cl)cc1Cl,CHEMBL363575,IC50,8.14
4827766,COc1cc(Nc2c(cnc3cc(sc23)c4csc(CN5CCN(C)CC5)c4)C#N)c(Cl)cc1Cl,CHEMBL194664,IC50,8.14
1178961,Cc1cc(cc2nnc(Nc3ccc(OCC[N+]4([O-])CCCC4)cc3)nc12)c5c(Cl)cccc5Cl,CHEMBL256101,Ki,8.14
4827778,CC(C)(C)c1cc(NC(=O)Nc2ccc(Oc3ccnc4NC(=O)C=Nc34)c(Cl)c2Cl)n(n1)c5ccc(CO)cc5,CHEMBL3695591,IC50,8.16
4827788,CC(C)COc1cc(OC2CCN(C)CC2)c3c(Nc4c(Cl)ccc5OCOc45)ncnc3c1,CHEMBL213762,IC50,8.16
3991614,CC(C)n1nc(c2ccc(F)c(O)c2)c3c(N)ncnc13,CHEMBL1242377,IC50,8.16
4827800,CC1=Nc2c(Oc3ccc(NC(=O)Nc4cc(nn4c5ccc(C)cc5)C(C)(C)C)c6ccccc36)ccnc2NC1=O,CHEMBL1214135,IC50,8.16
4827809,CC1=Nc2c(Oc3ccc(NC(=O)Nc4cc(nn4c5ccccc5)C(C)(C)C)c6ccccc36)ccnc2NC1=O,CHEMBL1214132,IC50,8.16
4827819,CCN1CCN(Cc2ccc(cc2)c3cc4ncc(C#N)c(Nc5cc(OC)c(Cl)cc5Cl)c4cc3OC)CC1,CHEMBL103627,IC50,8.16
4827830,CN1CCN(Cc2ccc(NC(=O)c3ccc(C)c(c3)C#Cc4nn(C)c5ncnc(N)c45)cc2C(F)(F)F)CC1,CHEMBL3426224,IC50,8.16
4827841,CN1CCN(Cc2ccc(NC(=O)c3ccc(C)c(c3)C#Cc4nn([C@@H]5CCOC5)c6ncnc(N)c46)cc2C(F)(F)F)CC1,CHEMBL3426230,IC50,8.16
4827852,CN1CCN(Cc2ccc(NC(=O)c3ccc(C)c(c3)C#Cc4nn([C@H]5CCOC5)c6ncnc(N)c46)cc2C(F)(F)F)CC1,CHEMBL3426229,IC50,8.16
4827862,CN1CCN(Cc2cccc(Nc3ncc4CN(CCc4n3)c5cc(NC(=O)c6cccc(c6)C(F)(F)F)ccc5C)c2)CC1,CHEMBL3658089,IC50,8.16
4827872,COC(=O)c1cc(C[C@@H](NC(=O)C)C(=O)N[C@H]2CCCCN(Cc3ccc(cc3)c4ccccc4)C2=O)ccc1C(C(=O)O)C(=O)O,CHEMBL305856,IC50,8.16
4827883,COc1cc(Nc2c(cnc3cc(OCC4CCN(C)CC4)c(OC)cc23)C#N)c(Cl)cc1Cl,CHEMBL42136,IC50,8.16
4827894,COc1cc(Nc2c(cnc3cc(ccc23)c4ccc(CN5CCOCC5)nc4)C#N)c(Cl)cc1Cl,CHEMBL569073,IC50,8.16
4827905,COc1ccc(Cl)c(Nc2ncnc3cc(OCCN4CCN(C)CC4)cc(OC(C)C)c23)n1,CHEMBL371688,IC50,8.16
4827916,COc1ccc(N(C(=O)Oc2c(C)cccc2C)c3ccnc(Nc4ccc(OCCN5CCCCC5)cc4)n3)c(OC)c1,CHEMBL379733,IC50,8.16
4827926,COc1ccc(cc1)n2nc(cc2NC(=O)Nc3ccc(Oc4ccnc5NC(=O)N(C)c45)c6ccccc36)C(C)(C)C,CHEMBL3695583,IC50,8.16
4827935,COc1ccc(cc1)n2nc(cc2NC(=O)Nc3ccc(Oc4ccnc5NC(=O)Nc45)c6ccccc36)C(C)(C)C,CHEMBL3695582,IC50,8.16
4827945,COc1cnc(Cl)c(Nc2ncnc3cc(OCCCN4CCOCC4)cc(OC5CCOCC5)c23)c1,CHEMBL369899,IC50,8.16
4827955,CSc1ccc(cc1)n2nc(cc2NC(=O)Nc3ccc(Oc4ccnc5NC(=O)C=Nc45)c6ccccc36)C(C)(C)C,CHEMBL3695581,IC50,8.16
4827964,Cc1ccc(cc1)n2nc(cc2NC(=O)Nc3ccc(Oc4ccnc5NC(=O)Nc45)c6ccccc36)C(C)(C)C,CHEMBL1090975,IC50,8.16
3990416,Cc1cccc(C)c1c2cc(C)c3nc(Nc4ccc(OCCN5CCCC5)cc4)nnc3c2,CHEMBL436137,IC50,8.16
3991470,Nc1ncnc2c1c(nn2[C@@H]3CCOC3)c4ccc(Cl)c(O)c4,CHEMBL1241768,IC50,8.16
4827978,Oc1cccc(Nc2nc(SC3CCCC3)nc4c2cnn4CC(Cl)c5ccccc5)c1,CHEMBL3394091,Ki,8.16
4827989,COc1cc(Nc2c(cnc3cc(\C=C\c4cc(CN(C)C)ccn4)c(OC)cc23)C#N)c(Cl)cc1Cl,CHEMBL1087212,IC50,8.17
4827999,Cc1cc(cc2nnc(Nc3ccc(nc3)N4CCOCC4)nc12)c5cc(O)ccc5Cl,CHEMBL3651249,IC50,8.17
4828008,CCCP(=O)(CCC)c1ccc(Nc2nc(nc3c2ncn3\C=C/c4c(C)cccc4C)C(C)C)cc1,CHEMBL520540,IC50,8.18
3992524,CN(CCN1CCOCC1)S(=O)(=O)c2ccc(Nc3nnc4cc(cc(C)c4n3)c5cc(O)ccc5Cl)cc2,CHEMBL250423,IC50,8.18
4828020,COc1cc(Cl)c(Cl)c(Nc2c(cnc3cc(\C=C\c4ncc[nH]4)ccc23)C#N)c1,CHEMBL180051,IC50,8.18
3992742,Cc1cc(cc2nnc(Nc3ccc(cc3)S(=O)(=O)N4CCNCC4)nc12)c5cc(O)ccc5Cl,CHEMBL250623,IC50,8.18
4828031,Cc1ccc(F)cc1c2cc3nnc(Nc4ccc(OCCN5CCCC5)cc4)nc3cc2C,CHEMBL3651212,IC50,8.18
4828040,Cc1cc(cc2nnc(Nc3cccnc3)nc12)c4cc(O)ccc4Cl,CHEMBL3651219,IC50,8.19
4828050,Cc1cccc(C)c1c2cc(C)c3nc(Nc4cccc(OCCN5CCCC5)c4)nnc3c2,CHEMBL218549,IC50,8.19
4828060,Cc1cccc(C)c1c2cc(C)c3nc(Nc4ccnc(OCCN5CCCC5)c4)nnc3c2,CHEMBL437004,IC50,8.19
4828071,COc1ccc(cc1O)c2nn(C3CCCC3)c4ncnc(N)c24,CHEMBL1242201,IC50,8.2
4828083,COc1cccc(c1)c2cn(C3CCN(CCN(C)CCO)CC3)c4ncnc(N)c24,CHEMBL168661,IC50,8.2
4828094,COc1cc2ncc(C#N)c(Nc3ccc(Cl)cc3I)c2cc1OC,CHEMBL421440,IC50,8.21
4828104,CC(C)(C)c1cc(NC(=O)Nc2ccc(Oc3ccnc4NC(=O)C=Nc34)c5ccccc25)n(n1)c6ccc(Cl)c(Cl)c6,CHEMBL3695580,IC50,8.22
4828113,CC(C)(C)c1cc(NC(=O)Nc2ccc(Oc3ccnc4NC(=O)C=Nc34)c5ccccc25)n(n1)c6ccc(cc6)S(=O)(=O)C,CHEMBL3695579,IC50,8.22
4828123,CN1CCC(COc2cc(OC3CCOCC3)c4c(Nc5c(Cl)ccc6OCOc56)ncnc4c2)CC1,CHEMBL216105,IC50,8.22
4828133,CN1CCN(CC1)c2ccc(Nc3ncc4CN(CCc4n3)c5cc(NC(=O)c6cc(ccn6)C(F)(F)F)ccc5C)cc2,CHEMBL3658109,IC50,8.22
2202286,COc1cc(ccc1CO)n2nc(cc2NC(=O)Nc3ccc(Oc4ccnc5NC(=O)C=Nc45)c6ccccc36)C(C)(C)C,CHEMBL3695590,IC50,8.22
4828144,COc1ccc(Cl)c(Nc2ncnc3cc(OCCCN4CCCC4)cc(OC(C)C)c23)n1,CHEMBL424839,IC50,8.22
4828155,COc1ccc(N(C(=O)Oc2c(C)cccc2C)c3ccnc(Nc4ccc(OCCN5CCN(C)CC5)cc4)n3)c(OC)c1,CHEMBL212668,IC50,8.22
4828166,COc1ccc(N(C(=O)Oc2c(C)cccc2C)c3ccnc(Nc4ccc(cc4)N5CCN(C)CC5)n3)c(OC)c1,CHEMBL213100,IC50,8.22
4828176,Cc1ccc(NC(=O)c2cccc(c2)C(F)(F)F)cc1N3CCc4nc(Nc5ccc(cc5)C(=O)N6CCCC6)ncc4C3,CHEMBL3658099,IC50,8.22
4828186,ClC(Cn1ncc2c(NCc3ccc(Cl)cc3)ncnc12)c4ccc(Br)cc4,CHEMBL2397806,Ki,8.22
4828197,Clc1ccc2OCOc2c1Nc3ncnc4cc(OCCN5CCCC5)cc(OC6CCOCC6)c34,CHEMBL385563,IC50,8.22
4828208,Nc1ncnc2c1c(cn2C3CCNC3)c4cccc(O)c4,CHEMBL171545,IC50,8.22
4828219,COc1cc(Nc2c(cnc3cc(ccc23)c4cc(CN5CCOCC5)cs4)C#N)c(Cl)cc1Cl,CHEMBL418693,IC50,8.24
4828229,Cc1cc(cc2nnc(Nc3nc(cs3)C(=O)NCCN4CCCC4)nc12)c5cc(O)ccc5Cl,CHEMBL3651231,IC50,8.24
3993292,CN1C(=O)C(=Cc2cnc(Nc3cccc(CO)c3)nc12)c4c(Cl)cccc4Cl,CHEMBL327127,IC50,8.25
4828241,COc1cc2c(Nc3cc(OC)c(OC)c(OC)c3)c(cnc2cc1OCCCN4CCCCC4)C#N,CHEMBL312385,IC50,8.26
3993303,Cc1cccc(Cl)c1\C=C\n2cnc3c(Nc4ccc(cc4)P(=O)(C)C)ncnc23,CHEMBL454611,IC50,8.26
4828254,COc1cc(Nc2c(cnc3cc(\C=C\CCCN4CCOCC4)c(OC)cc23)C#N)c(Cl)cc1Cl,CHEMBL1088681,IC50,8.27
4828265,COc1cc(Nc2c(cnc3cc(C#Cc4ccc(CN(C)C)cc4)c(OC)cc23)C#N)c(Cl)cc1Cl,CHEMBL211079,IC50,8.28
4828276,COc1cc(Nc2c(cnc3cc(C#Cc4cccc(CCN(C)C)n4)c(OC)cc23)C#N)c(Cl)cc1Cl,CHEMBL214346,IC50,8.28
4828287,COc1cc2c(Nc3cc(OC)c(OC)c(OC)c3)c(cnc2cc1OCCCN4CCC(O)CC4)C#N,CHEMBL84179,IC50,8.28
3993010,Cc1cc(cc2nnc(Nc3ccc(cc3)S(=O)(=O)C4CCNCC4)nc12)c5cc(O)ccc5Cl,CHEMBL250625,IC50,8.28
4828298,Cc1cc(cc2nnc(Nc3ccc(cc3)S(=O)(=O)NCCN4CCCC4)nc12)c5cccc(O)c5F,CHEMBL3651280,IC50,8.28
4828308,COc1cc(Nc2c(cnc3cc(ccc23)c4ccc(CN5CCSCC5)cn4)C#N)c(Cl)cc1Cl,CHEMBL567018,IC50,8.29
4828319,COc1cc2c(Nc3cc(OC)c(OC)c(OC)c3)c(cnc2cc1OCCCN4CCN(C)CC4)C#N,CHEMBL436362,IC50,8.29
4828331,CC(=O)N[C@@H](Cc1ccc(C(C(=O)O)C(=O)O)c(c1)C(=O)O)C(=O)N[C@H]2CCCCN(Cc3ccc(cc3)c4ccccc4)C2=O,CHEMBL421518,IC50,8.3
4828343,CC(=O)N[C@@H](Cc1ccc(cc1)C(F)(F)P(=O)(O)O)C(=O)N[C@H]2CCCCN(Cc3ccc(cc3)c4ccccc4)C2=O,CHEMBL1160756,IC50,8.3
4828354,CC(C)(C)OC(=O)N1CCC(C1)n2cc(c3cccc(O)c3)c4c(N)ncnc24,CHEMBL168921,IC50,8.3
4828364,CC(C)(C)c1cc(NC(=O)Nc2ccc(Oc3ccnc4NC(=O)C=Nc34)c5ccccc25)n(n1)c6ccccc6,CHEMBL1214131,IC50,8.3
4828374,CC(C)Oc1cc(OCCN2CCOCC2)cc3ncnc(Nc4c(Cl)ccc5OCOc45)c13,CHEMBL436968,IC50,8.3
1596708,CC1(C)CC(CC(C)(C)N1[O])N=C(O)c2cccc(c2)c3cc4nccc(Nc5cccc(O)c5)n4n3,CHEMBL1163016,IC50,8.3
4828387,CCOC(=O)C[C@@H]1C[C@@H](CN1)n2cc(c3ccc(O)cc3)c4c(N)ncnc24,CHEMBL470527,IC50,8.3
4828398,CCOC(=O)C[C@H]1C[C@H](CN1)n2cc(c3ccc(O)cc3)c4c(N)ncnc24,CHEMBL169939,IC50,8.3
4828409,CCn1nc(C#Cc2cccc(c2)C(=O)Nc3ccc(CN4CCN(C)CC4)c(c3)C(F)(F)F)c5c(N)ncnc15,CHEMBL3426234,IC50,8.3
4828419,CN1CCN(CC1)C(=O)c2ccc(Nc3ncc4CN(CCc4n3)c5cc(NC(=O)c6cccc(c6)C(F)(F)F)ccc5C)cn2,CHEMBL3658108,IC50,8.3
4828428,COCC(=O)Nc1cc(Oc2ccc(NC(=O)Nc3cc(nn3c4ccc(C)cc4)C(C)(C)C)c5ccccc25)ccn1,CHEMBL3695569,IC50,8.3
4828439,COc1cc(Nc2c(cnc3cc(ccc23)c4ccc(CN5CCN(C)CC5)cc4)C#N)c(Cl)cc1Cl,CHEMBL317821,IC50,8.3
4828450,COc1cc(Nc2nn3c(N[C@H](CO)Cc4c[nH]c5ccccc45)cc(nc3c2C(=O)N)C6CC6)cc(OC)c1,CHEMBL260157,IC50,8.3
4828461,COc1cc(Nc2nn3c(N[C@H](CO)Cc4cccnc4)cc(nc3c2C(=O)N)C5CC5)cc(OC)c1,CHEMBL261188,IC50,8.3
4828473,COc1cc2c(Nc3c(Cl)ccc4OCOc34)ncnc2cc1OCC5CCN(C)CC5,CHEMBL170984,IC50,8.3
4828484,COc1cc2c(Nc3c(Cl)ccc4OCOc34)ncnc2cc1OCCCN5CCCC5,CHEMBL385723,IC50,8.3
4828495,COc1ccc(Cl)c(Nc2ncnc3cc(OCCCN4CCOCC4)cc(OC5CCOCC5)c23)n1,CHEMBL424664,IC50,8.3
4828506,COc1ccc(N(C(=O)Oc2c(C)cccc2C)c3ccnc(Nc4ccc(OCCCN5CCN(C)CC5)c(F)c4)n3)c(OC)c1,CHEMBL215289,IC50,8.3
2202295,COc1ccc(cc1)n2nc(cc2NC(=O)Nc3ccc(Oc4ccnc5NC(=O)N(C)c45)c(Cl)c3Cl)C(C)(C)C,CHEMBL3695586,IC50,8.3
4828518,COc1cnc(Cl)c(Nc2ncnc3cc(OCCCN4CCOCC4)cc(OC(C)C)c23)c1,CHEMBL197287,IC50,8.3
3993793,Cc1cc(cc2nnc(Nc3ccc(cc3)S(=O)(=O)CCCN4CCCC4)nc12)c5cc(O)ccc5Cl,CHEMBL399268,IC50,8.3
3990090,Nc1ncnc2c1c(nn2C3CCCC3)c4cc(O)cc(F)c4,CHEMBL1242199,IC50,8.3
4828532,COc1cc(Nc2c(cnc3cc(C#Cc4ccc(CN(C)C)cn4)c(OC)cc23)C#N)c(Cl)cc1Cl,CHEMBL211417,IC50,8.31
3993280,CC(C)N(CCN1CCCC1)S(=O)(=O)c2ccc(Nc3nnc4cc(cc(C)c4n3)c5cc(O)ccc5Cl)cc2,CHEMBL250218,IC50,8.32
4828543,CN(C)CCNC(=O)c1cccc(Nc2nnc3cc(cc(C)c3n2)c4cc(O)ccc4Cl)c1,CHEMBL3651228,IC50,8.32
4828553,COc1cc(Nc2c(cnc3cc(\C=C\CCN4CCOCC4)c(OC)cc23)C#N)c(Cl)cc1Cl,CHEMBL1088680,IC50,8.32
1463888,COc1ccc(Cn2ncc(NC(=O)c3cc(NC(=O)Nc4ccc(Cl)c(c4)C(F)(F)F)ccc3C)c2N)cc1,CHEMBL1684800,IC50,8.32
4828566,COCCOc1cc2ncc(C#N)c(Nc3ccc(Cl)cc3Cl)c2cc1OC,CHEMBL127633,IC50,8.33
4828577,COc1cc(Nc2c(cnc3cc(ccc23)c4ccc(CN5CCN(CCO)CC5)cc4)C#N)c(Cl)cc1Cl,CHEMBL102727,IC50,8.33
4828588,COc1ccc(Cl)c(Nc2c(cnc3cc(\C=C\c4ccncc4)c(OC)cc23)C#N)c1,CHEMBL179882,IC50,8.33
4828598,CN(C)CCNC(=O)c1ccc(Nc2nnc3cc(cc(C)c3n2)c4c(C)cccc4C)cc1,CHEMBL3648050,IC50,8.34
4828608,COc1cc(Nc2c(cnc3cc(OC)c(OC)cc23)C#N)c(C)cc1C,CHEMBL129459,IC50,8.34
4828619,COc1cc(Nc2c(cnc3cc(C#Cc4cccc(CN(C)C)n4)c(OC)cc23)C#N)c(Cl)cc1Cl,CHEMBL214308,IC50,8.35
4828630,COc1cc(Nc2c(cnc3cc(ccc23)c4cc(CN5CCSCC5)cs4)C#N)c(Cl)cc1Cl,CHEMBL431136,IC50,8.36
4828641,CC(C)n1nc(c2ccc(C)c(O)c2)c3c(N)ncnc13,CHEMBL1242026,IC50,8.37
4828651,CCN(CC)CCN(C)Cc1ccc(Nc2nnc3cc(cc(C)c3n2)c4cc(O)ccc4Cl)cc1,CHEMBL3651277,IC50,8.37
4828661,COc1cc(Nc2c(cnc3cc(C#Cc4cccc(CCN5CCN(C)CC5)n4)c(OC)cc23)C#N)c(Cl)cc1Cl,CHEMBL378484,IC50,8.37
4828672,COc1cc(Nc2c(cnc3cc(OC)c(OC)cc23)C#N)c(Cl)cc1Cl,CHEMBL100651,IC50,8.37
4828682,Cc1cc(cc2nnc(Nc3ccc(SCCN4CCCC4)cc3)nc12)c5cc(O)ccc5Cl,CHEMBL3651278,IC50,8.37
4828691,CN(C)CCNS(=O)(=O)c1cccc(Nc2nnc3cc(cc(C)c3n2)c4cc(O)ccc4Cl)c1,CHEMBL3651253,IC50,8.38
4828701,COc1cc(Nc2c(cnc3cc(C#Cc4cccc(CN5CCN(C)CC5)n4)c(OC)cc23)C#N)c(Cl)cc1Cl,CHEMBL211613,IC50,8.38
4828712,COc1cc(Nc2c(cnc3cc(\C=C\c4cc[n+]([O-])cc4)ccc23)C#N)c(Cl)cc1Cl,CHEMBL181408,IC50,8.38
4828723,COc1cc(Nc2c(cnc3cc(\C=C\c4ccncc4)c(OC)cc23)C#N)c(Cl)cc1Cl,CHEMBL307087,IC50,8.38
4828734,COc1cc(Nc2c(cnc3cc(ccc23)c4cc(CN5CCCCC5)cs4)C#N)c(Cl)cc1Cl,CHEMBL304471,IC50,8.38
4828744,Cc1cc2nc(Nc3ccc(OCCN4CCCC4)cc3)nnc2cc1c5cc(O)ccc5Cl,CHEMBL3651257,IC50,8.38
3994110,Cc1cc(cc2nnc(Nc3ccc(cc3)S(=O)(=O)NCCN4CCCC4)nc12)c5cc(O)ccc5Br,CHEMBL398279,IC50,8.39
4828755,CC(C)n1nc(C#Cc2cc(ccc2C)C(=O)Nc3ccc(CN4CCN(C)CC4)cc3)c5c(N)ncnc15,CHEMBL3426218,IC50,8.4
4828766,CC(C)n1nc(C#Cc2cc(ccc2C)C(=O)Nc3ccc(CN4CCN(CCO)CC4)c(c3)C(F)(F)F)c5c(N)ncnc15,CHEMBL3426223,IC50,8.4
1129290,CC(C)n1nc(c2ccc(Cl)c(O)c2)c3c(N)ncnc13,CHEMBL1241484,IC50,8.4
3991415,CCCP(=O)(CCC)c1ccc(Nc2ncnc3c2ncn3\C=C\c4c(C)cccc4C)cc1,CHEMBL454872,IC50,8.4
4828781,CN(CCOP(=O)(O)CP(=O)(O)O)CCc1ccc(cc1)n2cc(c3cccc(O)c3)c4c(N)ncnc24,CHEMBL318996,IC50,8.4
2202277,CN1C(=O)Nc2nccc(Oc3ccc(NC(=O)Nc4cc(nn4c5ccc(C)cc5)C(C)(C)C)c6ccccc36)c12,CHEMBL1090979,IC50,8.4
4828793,CN1CCC(CC1)Oc2cc(OCCF)cc3ncnc(Nc4c(Cl)ccc5OCOc45)c23,CHEMBL217464,IC50,8.4
4828803,CNC(=O)c1ccc(Nc2ncc3CN(CCc3n2)c4cc(NC(=O)c5cccc(c5)C(F)(F)F)ccc4C)cn1,CHEMBL3658094,IC50,8.4
479438,CNC(=O)c1ncc(C#Cc2cc(ccc2C)C(=O)Nc3ccc(CN4CCN(CCO)CC4)c(c3)C(F)(F)F)n1C,CHEMBL1784637,IC50,8.4
858301,CN[C@@H]1CC2OC([C@@H]1OC)n3c4ccccc4c5c6CNC(=O)c6c7c8ccccc8n2c7c35,CHEMBL3683258,IC50,8.4
4828816,COc1cc(Nc2c(cnc3cc(OC)c(OC)cc23)C#N)c(C)cc1Cl,CHEMBL127331,IC50,8.4
4828827,COc1cc(Nc2c(cnc3cc(ccc23)c4ccc(CN5CCN(C)CC5)cn4)C#N)c(Cl)cc1Cl,CHEMBL567875,IC50,8.4
4828838,COc1ccc(N(C(=O)Oc2c(C)cccc2C)c3ccnc(Nc4ccc(OCCCN(C)C)cc4)n3)c(OC)c1,CHEMBL214775,IC50,8.4
4828849,COc1ccc(N(C(=O)Oc2c(C)cccc2C)c3ccnc(Nc4ccc(OCCN(C)C)cc4)n3)c(OC)c1,CHEMBL212721,IC50,8.4
4828860,COc1ccc(cc1O)c2nn(C3CCC(C)C3)c4ncnc(N)c24,CHEMBL1242202,IC50,8.4
4828871,COc1ccccc1N(C(=O)Oc2c(C)cccc2C)c3ccnc(Nc4ccc(cc4)N5CCN(C)CC5)n3,CHEMBL211460,IC50,8.4
4828882,Cc1ccc(NC(=O)c2ccc(s2)C(C)(C)C)cc1Nc3nc4ccccc4n3c5cc(N)ncn5,CHEMBL1086731,IC50,8.4
4828893,NC(=O)CN1CCC(C1)n2cc(c3cccc(O)c3)c4c(N)ncnc24,CHEMBL408683,IC50,8.4
4828904,Nc1ncnc2c1c(cn2C3CCC3)c4cccc(O)c4,CHEMBL355330,IC50,8.4
4828915,CCCP(=O)(CCC)c1ccc(Nc2nc(nc3c2ncn3CC)C(C)C)cc1,CHEMBL2036005,IC50,8.41
4828926,COc1cc(Nc2c(cnc3cc(ccc23)c4ccc(CN(C)C)cn4)C#N)c(Cl)cc1Cl,CHEMBL584054,IC50,8.41
4828939,COc1cc(Nc2c(cnc3cc(ccc23)c4cc(CN5CCN(C)CC5)cs4)C#N)c(Cl)cc1Cl,CHEMBL60391,IC50,8.42
4828951,COc1cc(Nc2c(cnc3cc(ccc23)c4csc(CN5CCN(C)CC5)c4)C#N)c(Cl)cc1Cl,CHEMBL303786,IC50,8.42
4828962,COc1cc2c(Nc3ccc(Cl)cc3Cl)c(cnc2cc1OCCCN4CCOCC4)C#N,CHEMBL440160,IC50,8.42
4828972,Cc1cc(cc2nnc(Nc3ccc(cc3)S(=O)(=O)CCCN4CCCC4)nc12)c5c(F)ccc(O)c5F,CHEMBL3651291,IC50,8.42
4828982,CCN1CCN(CCc2ccc(cc2)c3ccc4c(Nc5cc(OC)c(Cl)cc5Cl)c(cnc4c3)C#N)CC1,CHEMBL103454,IC50,8.43
3990572,CN(C)c1nc(Nc2ccc(cc2)P(=O)(C)C)c3ncn(\C=C\c4c(C)cccc4C)c3n1,CHEMBL454873,IC50,8.43
4828994,CN(CCN1CCCC1)S(=O)(=O)c2ccc(Nc3nnc4cc(c(C)cc4n3)c5cc(O)ccc5Cl)cc2,CHEMBL3651283,IC50,8.43
4829004,CCOc1cc2c(Nc3cc(OC)c(Cl)cc3Cl)c(cnc2cc1C#Cc4cccc(CN(C)C)n4)C#N,CHEMBL211647,IC50,8.44
4829014,CN(CCN1CCCC1)S(=O)(=O)c2ccc(Nc3nnc4cc(cc(C)c4n3)c5c(Cl)ccc(O)c5Cl)cc2,CHEMBL3651295,IC50,8.44
4829024,COc1cc(Nc2c(cnc3cc(C#Cc4cncc(CN(C)C)c4)c(OC)cc23)C#N)c(Cl)cc1Cl,CHEMBL445319,IC50,8.44
3994817,COc1cc(Nc2c(cnc3cc(c(OC)cc23)c4coc(CN5CCN(CC5)c6ccccc6)c4)C#N)c(Cl)cc1Cl,CHEMBL278495,IC50,8.44
3993782,Cc1cc(cc2nnc(Nc3ccc(cc3)C(=O)N4CCNCC4)nc12)c5cc(O)ccc5Cl,CHEMBL250214,IC50,8.44
3993150,Cc1cc(cc2nnc(Nc3ccc(cc3)S(=O)(=O)NCCN4CCCC4)nc12)c5cc(O)ccc5Cl,CHEMBL249821,IC50,8.44
4829039,COc1cc(ccc1NCc2ccccc2)c3nn(CCN4CCC(CC4)N(C)C)c5ncnc(N)c35,CHEMBL3823543,IC50,8.46
4829050,COc1cc2c(Nc3ccc(Cl)cc3Cl)c(cnc2cc1OCCCN4CCC(O)CC4)C#N,CHEMBL354289,IC50,8.46
3992010,Cc1nc(Nc2ncc(s2)C(=O)Nc3c(C)cccc3Cl)cc(n1)N4CCN(CCF)CC4,CHEMBL240158,IC50,8.46
4829062,CN1CCN(CC1)C(=O)c2ccc(Nc3nnc4cc(c(C)cc4n3)c5cc(O)ccc5Cl)cc2,CHEMBL3651210,IC50,8.47
3993868,COC(=O)c1cc2cc(NCc3c(C)cccc3Cl)cnc2[nH]1,CHEMBL3347388,IC50,8.47
4829072,Cc1cc(cc2nnc(Nc3cccc(SCCN4CCCC4)c3)nc12)c5cc(O)ccc5Cl,CHEMBL3651276,IC50,8.47
4829082,COc1cc(Nc2c(cnc3cc(ccc23)c4ccc(CN5CCOCC5)cc4)C#N)c(Cl)cc1Cl,CHEMBL322395,IC50,8.48
4829093,COc1cc(Nc2ncnc3Nc4cc(OC)c(OC)cc4Cc23)c(Cl)cc1Cl,CHEMBL102000,IC50,8.48
4829103,Cc1cc(cc2nnc(Nc3ccc(nc3)N4CCNCC4)nc12)c5cc(O)ccc5Cl,CHEMBL3651255,IC50,8.48
3994857,CCN(CCN1CCCC1)S(=O)(=O)c2ccc(Nc3nnc4cc(cc(C)c4n3)c5cc(O)ccc5Cl)cc2,CHEMBL250021,IC50,8.5
4829115,CN(C)C(=O)CN1CCC(CC1)n2cc(c3cccc(O)c3)c4c(N)ncnc24,CHEMBL169920,IC50,8.5
4829126,Cc1cc(Nc2nc3ccc(cc3s2)C(=O)Nc4c(C)cccc4Cl)nc(NCC5CCCO5)n1,CHEMBL432189,Ki,8.5
4829137,Nc1ncnc2c1c(cn2c3ccc(OCCNCCO)cc3)c4ccc(O)cc4,CHEMBL473024,IC50,8.5
3993050,Cc1cc(cc2nnc(Nc3ccc(cc3)S(=O)(=O)NCCN4CCCC4)nc12)c5c(F)ccc(O)c5F,CHEMBL440963,IC50,8.51
4829148,CC(=O)N[C@@H](Cc1ccc(OP(=O)(O)O)cc1)C(=O)N[C@H]2CCCCN(Cc3ccc(cc3)c4cccs4)C2=O,CHEMBL281775,IC50,8.52
4829159,CC(C)n1nc(C#Cc2cc(ccc2C)C(=O)Nc3cccc(c3)C(F)(F)F)c4c(N)ncnc14,CHEMBL3426220,IC50,8.52
4829169,CC(CC(=O)Nc1ccc(C)c(c1)N2CCc3nc(Nc4ccc(cc4)N5CCN(C)CC5)ncc3C2)C(F)(F)F,CHEMBL3658106,IC50,8.52
4829179,CCN(CC)CCOc1ccc(Nc2ncc3C=C(N4N(CCC4=O)c3n2)c5c(Cl)cccc5Cl)cc1,CHEMBL379517,IC50,8.52
4829190,CCN1CCN(Cc2ccc(cc2)c3ccc4c(Nc5cc(OC)c(Cl)cc5Cl)c(cnc4c3)C#N)CC1,CHEMBL100825,IC50,8.52
3995079,CN(CCN1CCCC1)S(=O)(=O)c2ccc(Nc3nnc4cc(cc(C)c4n3)c5cc(O)ccc5Cl)cc2,CHEMBL250019,IC50,8.52
3993480,CN1CCN(CC1)c2ccc(Nc3ncc(NC(=O)c4cc(NC(=O)c5cccc(c5)C(F)(F)F)ccc4C)cn3)cc2,CHEMBL272888,IC50,8.52
2359224,CN1CCN(CC2=CC=C(NC(=O)C3=CC=C(C)C(=C3)C#CC3=CN=C4C=CC=NN34)C=C2C(F)(F)F)CC1,ponatinib,IC50,8.52
4829206,COC(=O)CN1CCC(C1)n2cc(c3cccc(O)c3)c4c(N)ncnc24,CHEMBL355019,IC50,8.52
4829217,COc1cc(Nc2c(cnc3cc(OC)c(OC)cc23)C#N)c(Br)cc1Cl,CHEMBL339770,IC50,8.52
4829228,COc1cc(Nc2c(cnc3cc(OCCCNCCN4CCOCC4)c(OC)cc23)C#N)c(Cl)cc1Cl,CHEMBL340350,IC50,8.52
4829239,COc1cc(Nc2c(cnc3cc(\C=C\c4cccc(CN(C)C)c4)c(OC)cc23)C#N)c(Cl)cc1Cl,CHEMBL1087834,IC50,8.52
4829250,COc1cc(Nc2nn3c(N[C@H](CO)Cc4ccccc4)cc(nc3c2C(=O)N)C5CC5)cc(OC)c1,CHEMBL260861,IC50,8.52
4829261,COc1ccc(cc1)N(C(=O)Oc2c(C)cccc2C)c3ccnc(Nc4ccc(cc4)N5CCN(C)CC5)n3,CHEMBL215847,IC50,8.52
3992775,Cc1cc(cc2nnc(Nc3ccc(cc3)C(=O)N4CCS(=O)(=O)CC4)nc12)c5cc(O)ccc5Cl,CHEMBL249819,IC50,8.52
4829273,Clc1ccc2OCOc2c1Nc3ncnc4cc(OCCc5ccncc5)cc(OC6CCOCC6)c34,CHEMBL217463,IC50,8.52
3994703,CN1CCN(CC1)C(=O)c2ccc(Nc3nnc4cc(cc(C)c4n3)c5cc(O)ccc5Cl)cc2,CHEMBL399246,IC50,8.54
4829285,COc1cc(Nc2c(cnc3cc(OC)c(OC)cc23)C#N)c(Cl)cc1C,CHEMBL128938,IC50,8.54
4829296,COc1cc(Nc2c(cnc3cc(ccc23)c4ccc(CN5CCOCC5)cn4)C#N)c(Cl)cc1Cl,CHEMBL584915,IC50,8.54
4829307,COCCOc1cc2ncc(C#N)c(Nc3cc(OC)c(Cl)cc3Cl)c2cc1OCCOC,CHEMBL338413,IC50,8.55
4829318,COc1cc(Nc2c(cnc3cc(OCCCC4CCN(C)CC4)c(OC)cc23)C#N)c(Cl)cc1Cl,CHEMBL290921,IC50,8.57
3994828,COc1cc(Nc2c(cnc3cc(ccc23)c4coc(CN5CCN(C)CC5)c4)C#N)c(Cl)cc1Cl,CHEMBL219260,IC50,8.57
4829331,COc1cc(Nc2c(cnc3cc(ccc23)c4csc(CN5CCOCC5)c4)C#N)c(Cl)cc1Cl,CHEMBL59786,IC50,8.57
4829342,COc1cc(Nc2c(cnc3cc(\C=C\CCN4CCCCC4)c(OC)cc23)C#N)c(Cl)cc1Cl,CHEMBL1088372,IC50,8.59
4829353,COc1cc2cc3ncc(C#N)c(Nc4cc(OC)c(OC)c(OC)c4)c3cc2cc1OCCN5CCN(C)CC5,CHEMBL197715,IC50,8.59
4829363,Cc1cc(cc2nnc(Nc3ccc(nc3)C(=O)NCCN4CCCC4)nc12)c5cc(O)ccc5Cl,CHEMBL3651258,IC50,8.59
4829373,COc1cc(Nc2c(cnc3cc(OCCCCCN4CCOCC4)c(OC)cc23)C#N)c(Cl)cc1Cl,CHEMBL130242,IC50,8.6
4829384,COc1cc(Nc2c(cnc3cc(\C=C\CCN(C)C)c(OC)cc23)C#N)c(Cl)cc1Cl,CHEMBL1088241,IC50,8.6
4829395,COc1cc(Nc2c(cnc3cc(ccc23)c4ccc(CN5CCOCC5)s4)C#N)c(Cl)cc1Cl,CHEMBL59850,IC50,8.6
4829406,COc1cc(Nc2c(cnc3cc4cc(OC)c(OCCN5CCOCC5)cc4cc23)C#N)c(Cl)cc1C,CHEMBL372552,IC50,8.6
4829416,CN1CCC(CC1)NC(=O)c2ccc(Nc3ncc4CN(CCc4n3)c5cc(NC(=O)c6cccc(c6)C(F)(F)F)ccc5C)cn2,CHEMBL3658111,IC50,8.62
4829426,COc1cc(Nc2c(cnc3cc(\C=C\c4ccc(CN(C)C)cc4)c(OC)cc23)C#N)c(Cl)cc1Cl,CHEMBL1087340,IC50,8.62
4829436,Cc1cc(cc2nnc(Nc3ccc(cc3)S(=O)(=O)C4CCNCC4)nc12)c5c(Cl)ccc(O)c5Cl,CHEMBL3651287,IC50,8.62
4829446,COCCOc1cc2Nc3ncnc(Nc4cc(OC)c(Cl)cc4Cl)c3Cc2cc1OC,CHEMBL100551,IC50,8.64
4829457,COc1cc(Nc2c(cnc3cc(OCCCN(C)CCN(C)C)c(OC)cc23)C#N)c(Cl)cc1Cl,CHEMBL129968,IC50,8.64
4829468,COc1cc(Nc2c(cnc3cc(OCCN4CCOCC4)c(OC)cc23)C#N)c(Cl)cc1Cl,CHEMBL339893,IC50,8.64
4829479,COc1cc(Nc2c(cnc3cc(ccc23)c4ccc(CN5CCN(C)CC5)s4)C#N)c(Cl)cc1Cl,CHEMBL219014,IC50,8.64
4829490,COc1cc(Nc2c(cnc3cc(\C=C\c4ccc(CN(C)C)cn4)c(OC)cc23)C#N)c(Cl)cc1Cl,CHEMBL1087215,IC50,8.66
3989936,COc1cc(ccc1N)c2nn(C3CCCC3)c4ncnc(N)c24,CHEMBL1241581,IC50,8.66
4829503,COc1cc(Nc2c(cnc3cc(OCCCn4ccnc4)c(OC)cc23)C#N)c(Cl)cc1Cl,CHEMBL340944,IC50,8.68
3994886,COc1cc(Nc2c(cnc3cc(\C=C\CCN4CCN(C)CC4)c(OC)cc23)C#N)c(Cl)cc1Cl,CHEMBL1088240,IC50,8.68
4829516,COc1cc(Nc2c(cnc3cc4cc(OC)c(OCCN5CCC(O)CC5)cc4cc23)C#N)c(Cl)cc1Cl,CHEMBL197930,IC50,8.68
4829527,COc1cc(Nc2c(cnc3cc4cc(OC)c(OCCN5CCOCC5)cc4cc23)C#N)c(C)cc1Cl,CHEMBL198084,IC50,8.68
4829537,Cc1cc(cc2nnc(Nc3ccc(cc3)S(=O)(=O)CCCN4CCCC4)nc12)c5c(Cl)ccc(O)c5Cl,CHEMBL3651290,IC50,8.68
76714,C(CN1CCCCC1)Oc2ccc(cc2)c3cnc4c(cnn4c3)c5ccncc5,CHEMBL478629,IC50,8.7
813691,CC(=O)Nc1cc(Oc2ccc3c(c2)nc(Nc4cccc(c4)C(C)(C)C)n3C)ccn1,CHEMBL3335371,IC50,8.7
4829551,CC(C)n1nc(C#Cc2cc(ccc2C)C(=O)Nc3ccc(CN4CCN(C)CC4)c(Cl)c3)c5c(N)ncnc15,CHEMBL3426219,IC50,8.7
4829562,CC(C)n1nc(C#Cc2cc(ccc2C)C(=O)Nc3ccc(CN4CCN(C)CC4)c(c3)C(F)(F)F)c5c(N)ncnc15,CHEMBL3426217,IC50,8.7
4829572,CC(CC(=O)Nc1ccc(C)c(c1)N2CCc3nc(Nc4ccc(OCCN5CCCC5)cc4)ncc3C2)C(F)(F)F,CHEMBL3658113,IC50,8.7
4829582,CCN1CCN(Cc2ccc(NC(=O)c3ccc(C)c(c3)C#Cc4nn(C(C)C)c5ncnc(N)c45)cc2C(F)(F)F)CC1,CHEMBL3426222,IC50,8.7
4829593,CN1C(=O)C(=Cc2cnc(Nc3ccc(cc3)P(=O)(O)CP(=O)(O)O)nc12)c4c(Cl)cccc4Cl,CHEMBL419360,IC50,8.7
4829603,CN1CCC(CC1)NC(=O)c2ccc(Nc3ncc4CN(CCc4n3)c5cc(NC(=O)c6cccc(c6)C(F)(F)F)ccc5C)cc2,CHEMBL3658096,IC50,8.7
4829612,CN1CCN(CC1)C(=O)c2ccc(Nc3ncc4CN(CCc4n3)c5cc(NC(=O)c6cccc(c6)C(F)(F)F)ccc5C)cc2,CHEMBL3658087,IC50,8.7
4829622,CN1CCN(CC1)c2ccc(cc2)c3cnn4c(N)c(cnc34)c5cccc(O)c5,CHEMBL1083023,IC50,8.7
4829633,COc1cc(Cl)c(Cl)c(Nc2c(cnc3cc(\C=C\c4ncc[nH]4)c(OC)cc23)C#N)c1,CHEMBL360914,IC50,8.7
4829644,COc1cc(Nc2c(cnc3cc(ccc23)c4cc(CN5CCC(O)CC5)cs4)C#N)c(Cl)cc1Cl,CHEMBL294137,IC50,8.7
4829655,COc1cc2cc3c(Nc4ccc(Cl)cc4Cl)c(cnc3cc2cc1OCCN5CCOCC5)C#N,CHEMBL427544,IC50,8.7
4829666,COc1ccc(N(C(=O)Oc2c(C)cccc2C)c3ccnc(Nc4cc(OC)c(OCCN5CCOCC5)c(OC)c4)n3)c(OC)c1,CHEMBL264803,IC50,8.7
4829677,COc1ccc(N(C(=O)Oc2c(C)cccc2C)c3ccnc(Nc4ccc(N5CCN(C)CC5)c(F)c4)n3)c(OC)c1,CHEMBL211845,IC50,8.7
4829688,COc1ccc(N(C(=O)Oc2c(C)cccc2C)c3ccnc(Nc4ccc(N5CCN(C)CC5)c(OC)c4)n3)c(OC)c1,CHEMBL215730,IC50,8.7
4829699,COc1ccc(N(C(=O)Oc2c(C)cccc2C)c3ccnc(Nc4ccc(OCCCN5CCN(C)CC5)c(OC)c4)n3)c(OC)c1,CHEMBL379080,IC50,8.7
4829710,COc1cccc(c1)c2cn(C3CCCC3)c4ncnc(N)c24,CHEMBL168382,IC50,8.7
4829720,Cc1ccc(NC(=O)c2ccc(s2)C(F)(F)F)cc1N3CCc4nc(Nc5ccc(OCCN6CCCC6)cc5)ncc4C3,CHEMBL3658100,IC50,8.7
4829729,Cc1ccc(NC(=O)c2cccc(c2)C(F)(F)F)cc1N3CCc4nc(Nc5cncnc5)ncc4C3,CHEMBL3658097,IC50,8.7
4829739,Cc1ccc(cc1c2ccc3nc(NCCN4CCOCC4)ncc3c2)C(=O)Nc5cccc(c5)C(F)(F)F,CHEMBL215943,IC50,8.7
1129032,Nc1ncnc2c1c(nn2[C@H]3CCOC3)c4ccc(Cl)c(O)c4,CHEMBL1241678,IC50,8.7
3851396,Oc1cccc(c1)c2[nH]nc3ncnc(Nc4cccc(Cl)c4)c23,CHEMBL331906,IC50,8.7
4829754,COc1cc(Nc2c(cnc3cc(OCCCn4ccnn4)c(OC)cc23)C#N)c(Cl)cc1Cl,CHEMBL129972,IC50,8.72
4829765,COc1cc(Nc2c(cnc3cc(ccc23)c4ccc(CN5CC[S+]([O-])CC5)cn4)C#N)c(Cl)cc1Cl,CHEMBL566577,IC50,8.72
3992430,CCCP(=O)(CCC)c1ccc(Nc2nc(nc3c2ncn3\C=C\c4c(C)cccc4C)C(C)C)cc1,CHEMBL528330,IC50,8.75
4829778,COc1cc(Nc2c(cnc3cc(ccc23)c4ccc(CN5CCS(=O)(=O)CC5)cn4)C#N)c(Cl)cc1Cl,CHEMBL585198,IC50,8.75
4829789,COc1cc(Nc2c(cnc3cc4cc(OC)c(OCCN5CCOCC5)cc4cc23)C#N)c(Cl)cc1Cl,CHEMBL198211,IC50,8.75
1178681,Cc1cc(cc2nnc(Nc3ccc(OCCN4CCCC4)cc3)nc12)c5cc(O)ccc5Cl,CHEMBL400402,IC50,8.75
4829801,Cc1cc(cc2nnc(Nc3ccc(nc3)N4CCN(CCO)CC4)nc12)c5cc(O)ccc5Cl,CHEMBL3651260,IC50,8.75
4829810,Cc1cc(cc2nnc(Nc3cccc(OCCN4CCCC4)c3)nc12)c5cc(O)ccc5Cl,CHEMBL3651250,IC50,8.75
4829820,CCN1CCN(CC\C=C\c2cc3ncc(C#N)c(Nc4cc(OC)c(Cl)cc4Cl)c3cc2OC)CC1,CHEMBL1087978,IC50,8.77
4829831,COc1cc(Nc2c(cnc3cc(OCCCN4CCOCC4)c(OC)cc23)C#N)c(C)cc1C,CHEMBL131245,IC50,8.77
4829841,CN(CCN1CCCC1)C(=O)c2ccc(Nc3nnc4cc(cc(C)c4n3)c5cc(O)ccc5Cl)cc2,CHEMBL3651284,IC50,8.8
4829851,COc1ccc(Cl)c(Nc2c(cnc3cc(OCCCN4CCOCC4)c(OC)cc23)C#N)c1,CHEMBL128706,IC50,8.8
4829861,Cc1cc2nc(Nc3ccc(cc3)S(=O)(=O)NCCN4CCCC4)nnc2cc1c5cc(O)ccc5Cl,CHEMBL3651246,IC50,8.8
4829870,CC(C)N(CCO)Cc1ccc(Nc2nnc3cc(cc(C)c3n2)c4cc(O)ccc4Cl)cc1,CHEMBL3651279,IC50,8.82
4829880,COCCOc1cc2ncc(C#N)c(Nc3cc(OC)c(Cl)cc3Cl)c2cc1OC,CHEMBL124333,IC50,8.82
4829891,COc1cc(Nc2c(cnc3cc(c(OC)cc23)c4coc(CN5CCOCC5)c4)C#N)c(Cl)cc1Cl,CHEMBL276934,IC50,8.82
4829902,COc1cc(Nc2c(cnc3cc4cc(OC)c(OCCN5CCN(C)CC5)cc4cc23)C#N)c(C)cc1Cl,CHEMBL196411,IC50,8.82
3995874,Cc1cc(cc2nnc(Nc3ccc(CCCN4CCCC4)cc3)nc12)c5cc(O)ccc5Cl,CHEMBL250213,IC50,8.82
3989872,Cc1cc(cc2nnc(Nc3ccc(cc3)S(=O)(=O)NCCN4CCCC4)nc12)c5c(Cl)ccc(O)c5Cl,CHEMBL400303,IC50,8.82
4829916,COc1cc(Nc2c(cnc3cc(OCCCN4CC(C)N(C)C(C)C4)c(OC)cc23)C#N)c(Cl)cc1Cl,CHEMBL340914,IC50,8.85
4829927,COc1cc(Nc2c(cnc3cc(OCCCN4CCCN(C)CC4)c(OC)cc23)C#N)c(Cl)cc1Cl,CHEMBL128326,IC50,8.85
4829938,COc1cc(Nc2c(cnc3cc(ccc23)c4csc(CN5CCC(O)CC5)c4)C#N)c(Cl)cc1Cl,CHEMBL418652,IC50,8.85
4829949,COc1cc(Nc2c(cnc3cc4cc(OC)c(OC)cc4cc23)C#N)c(C)cc1Cl,CHEMBL335025,IC50,8.85
3990456,Cc1cccc(C)c1\C=C\n2cnc3c(Nc4ccc(cc4)P(=O)(C)C)nc(nc23)N5CCCC5,CHEMBL451790,IC50,8.85
4829962,COc1cc(Nc2c(cnc3cc(OCCCCN4CCOCC4)c(OC)cc23)C#N)c(Cl)cc1Cl,CHEMBL128612,IC50,8.89
4829973,Cc1cccc(C)c1\C=C\n2cnc3c(Nc4ccc(cc4)P(=O)(C)C)nc(nc23)C5CCCC5,CHEMBL460074,IC50,8.89
3803255,Oc1cccc(Nc2ccnc3cc(sc23)c4cccc(CN5CCOCC5)c4)c1,CHEMBL2336005,IC50,8.89
4829984,CN(CCN1CCCC1)S(=O)(=O)c2ccc(Nc3nnc4cc(cc(C)c4n3)c5c(Cl)ccc(O)c5F)cc2,CHEMBL3651292,IC50,8.92
4829994,COc1cc(Nc2c(cnc3cc(OCCCN4CCCCC4)c(OC)cc23)C#N)c(Cl)cc1Cl,CHEMBL334364,IC50,8.92
4830005,COc1cc(Nc2c(cnc3cc(OCCCN4CCOCC4)c(OC)cc23)C#N)c(C)cc1Cl,CHEMBL423696,IC50,8.92
4830016,COc1cc2cc3ncc(C#N)c(Nc4cc(OC)c(OC)c(OC)c4)c3cc2cc1OCCN5CCOCC5,CHEMBL194352,IC50,8.92
4830026,Oc1ccc(Cl)c(c1)c2cc3nnc(Nc4ccc(OCCN5CCCC5)cc4)nc3cc2Cl,CHEMBL3651262,IC50,8.92
1166950,COc1ccccc1n2c(cn3c4C(=O)NC(=O)N(C)c4nc23)c5cc(O)ccc5C,CHEMBL566515,IC50,8.94
4830038,CCCN1CCN(CCCOc2cc3ncc(C#N)c(Nc4cc(OC)c(Cl)cc4Cl)c3cc2OC)CC1,CHEMBL129143,IC50,8.96
4830049,COc1cc(Nc2c(cnc3cc(OCCCN4CCNCC4)c(OC)cc23)C#N)c(Cl)cc1Cl,CHEMBL128158,IC50,8.96
4830060,COc1cc(Nc2c(cnc3cc(OCCCN4CCOCC4)c(OC)cc23)C#N)c(Cl)cc1C,CHEMBL129209,IC50,8.96
4830071,COc1cc(Nc2c(cnc3cc4cc(OC)c(OCCN5CCN(C)CC5)cc4cc23)C#N)c(Cl)cc1Cl,CHEMBL194969,IC50,8.96
4830081,Cc1cc(cc2nnc(Nc3ccc(OCCN4CCCC4)cc3)nc12)c5c(Cl)ccc(O)c5Cl,CHEMBL3651285,IC50,8.96
4830091,CC(C)n1nc(C#Cc2cc(ccc2C)C(=O)Nc3ccc(CN4CCN(C)CC4)c(Br)c3)c5c(N)ncnc15,CHEMBL3425518,IC50,9.0
3992363,CC1CCC(C1)n2nc(c3ccc(F)c(O)c3)c4c(N)ncnc24,CHEMBL1242656,IC50,9.0
4830104,CN(C)C1CCN(CCn2nc(c3ccc(CC(=O)OC(C)(C)C)cc3)c4c(N)ncnc24)CC1,CHEMBL3823620,IC50,9.0
4830115,COC(=O)CN1CCC(CC1)n2cc(c3cccc(O)c3)c4c(N)ncnc24,CHEMBL262276,IC50,9.0
4830126,COc1cc(ccc1CC(=O)OC(C)(C)C)c2nn(CCN3CCC(CC3)N(C)C)c4ncnc(N)c24,CHEMBL3824116,IC50,9.0
4830137,COc1ccc(N(C(=O)Oc2c(C)cccc2C)c3ccnc(Nc4cc(OC)c(N5CCN(C)CC5)c(OC)c4)n3)c(OC)c1,CHEMBL385898,IC50,9.0
4830148,COc1ccc(N(C(=O)Oc2c(C)cccc2C)c3ccnc(Nc4cc(OC)c(OCCCN5CCN(C)CC5)c(OC)c4)n3)c(OC)c1,CHEMBL386760,IC50,9.0
4830159,COc1ccc(N(C(=O)Oc2c(C)cccc2C)c3ccnc(Nc4cc(OC)c(OCCN5CCN(C)CC5)c(OC)c4)n3)c(OC)c1,CHEMBL212143,IC50,9.0
4830170,COc1ccc(OC)c(c1)N(C(=O)Oc2c(C)cccc2C)c3ccnc(Nc4ccc(cc4)N5CCN(C)CC5)n3,CHEMBL442485,IC50,9.0
4830180,Cc1cc(cc2nnc(Nc3ccc(cc3)S(=O)(=O)CCCN4CCCC4)nc12)c5c(Cl)ccc(O)c5F,CHEMBL3651286,IC50,9.0
4830189,Cc1ccc(NC(=O)CC2CCCC2)cc1N3CCc4nc(Nc5ccc(OCCN6CCCC6)cc5)ncc4C3,CHEMBL3658102,IC50,9.0
4830198,Cc1ccc(NC(=O)N2CCCCC2)cc1N3CCc4nc(Nc5ccc(OCCN6CCCC6)cc5)ncc4C3,CHEMBL3658101,IC50,9.0
4830207,Cc1ccc(NC(=O)c2cccc(c2)C(F)(F)F)cc1N3CCc4nc(Nc5ccc(cc5)C(=O)NCCO)ncc4C3,CHEMBL3658098,IC50,9.0
4830218,NC(=O)CN1CCC(CC1)n2cc(c3cccc(O)c3)c4c(N)ncnc24,CHEMBL263528,IC50,9.0
4830229,Nc1ncnc2c1c(cn2C3CCCC3)c4cccc(O)c4,CHEMBL169390,IC50,9.0
4830241,Nc1ncnc2c1c(cn2C3CCN(CCO)CC3)c4cccc(O)c4,CHEMBL169780,IC50,9.0
4830252,COc1cc(Nc2c(cnc3cc(OCCCN4CCOCC4)c(OC)cc23)C#N)c(Br)cc1Cl,CHEMBL128705,IC50,9.02
4830262,Cc1ccc(O)cc1c2cc(C)c3nc(Nc4ccc(cc4)S(=O)(=O)NCCN5CCCC5)nnc3c2,CHEMBL3651288,IC50,9.02
4830271,CC(C)(C)c1cc(NC(=O)Nc2ccc(Oc3ccnc4NC(=O)Nc34)c5ncccc25)n(n1)c6ccccc6,CHEMBL3695570,IC50,9.05
3991521,CC(C)c1nc(Nc2ccc(cc2)P(=O)(C)C)c3ncn(\C=C\c4c(C)cccc4C)c3n1,CHEMBL459877,IC50,9.05
525208,CCn1nc(C#Cc2cc(ccc2C)C(=O)Nc3ccc(CN4CCN(C)CC4)c(c3)C(F)(F)F)c5c(N)ncnc15,CHEMBL3426225,IC50,9.05
4830286,CP(=O)(C)c1ccc(Nc2nc(nc3c2ncn3CCc4cccc(O)c4)C5CCCC5)cc1,CHEMBL1089405,IC50,9.05
4830297,COc1cc(Nc2c(cnc3cc(OCCCN4CCOCC4)c(OC)cc23)C#N)c(Cl)cc1Cl,CHEMBL131725,IC50,9.1
2739185,COc1cc(ccc1NC(=O)OC(C)(C)C)c2nn(CCN3CCC(CC3)N(C)C)c4ncnc(N)c24,CHEMBL3824089,Ki,9.1
4830309,COc1ccc(cc1)n2nc(cc2NC(=O)Nc3ccc(Oc4ccnc5NC(=O)Nc45)c6ncccc36)C(C)(C)C,CHEMBL3695571,IC50,9.1
4830319,CCN1CCN(CCCOc2cc3ncc(C#N)c(Nc4cc(OC)c(Cl)cc4Cl)c3cc2OC)CC1,CHEMBL130529,IC50,9.11
3994897,COc1cc(Nc2c(cnc3cc(c(OC)cc23)c4coc(CN5CCN(C)CC5)c4)C#N)c(Cl)cc1Cl,CHEMBL219557,IC50,9.11
4830332,COc1cc(Nc2c(cnc3cc(OCCCN4CCN(CCO)CC4)c(OC)cc23)C#N)c(Cl)cc1Cl,CHEMBL338194,IC50,9.12
3994806,COc1cc(Nc2c(cnc3cc(c(OC)cc23)c4coc(CN(C)C)c4)C#N)c(Cl)cc1Cl,CHEMBL219964,IC50,9.13
4830345,COc1cc(Nc2c(cnc3cc4cc(OCCN5CCC(O)CC5)c(OC)cc4cc23)C#N)c(Cl)cc1Cl,CHEMBL197744,IC50,9.14
4830356,COc1cc2cc3c(Nc4cc(OC)c(OC)c(OC)c4)c(cnc3cc2cc1OCCN5CCN(C)CC5)C#N,CHEMBL197713,IC50,9.16
3993900,Cc1cc(cc2nnc(Nc3ccc(cc3)S(=O)(=O)NCCN4CCCC4)nc12)c5c(Cl)ccc(O)c5F,CHEMBL250821,IC50,9.16
4830368,COc1cc(Nc2c(cnc3cc(OCCCN4CCC(O)CC4)c(OC)cc23)C#N)c(Cl)cc1Cl,CHEMBL424262,IC50,9.19
1026382,CN(C)CCOc1ccc2Nc3c(C(=O)N)c(nn3CCc2c1)c4ccc(Oc5ccccc5)cc4,CHEMBL591325,IC50,9.22
4830381,COc1cc(Nc2c(cnc3cc(\C=C\c4cc[n+]([O-])cc4)c(OC)cc23)C#N)c(Cl)cc1Cl,CHEMBL178787,IC50,9.22
4830392,COc1cc(ccc1NC(=O)OC(C)(C)C)c2nn(CCN3CCC(CC3)N4CCCCC4)c5ncnc(N)c25,CHEMBL3823104,IC50,9.22
4830403,COc1cc(Nc2c(cnc3cc4cc(OCCN5CCC(O)CC5)c(OC)cc4cc23)C#N)c(Cl)cc1C,CHEMBL436486,IC50,9.26
3992764,Nc1ncnc2c1c(nn2C3CCCC3)c4ccc(F)c(O)c4,CHEMBL1242568,IC50,9.26
4830415,CN(CCN1CCCC1)C(=O)c2ccc(Nc3nnc4cc(cc(C)c4n3)c5c(Cl)ccc(O)c5F)cc2,CHEMBL3639501,IC50,9.27
4830425,COc1cc(Nc2c(cnc3cc4cc(OCCN5CCOCC5)c(OC)cc4cc23)C#N)c(Cl)cc1F,CHEMBL198868,IC50,9.32
4830437,COc1cc(Nc2c(cnc3cc4cc(OCCN5CCOCC5)c(OC)cc4cc23)C#N)c(Cl)cc1Cl,CHEMBL195029,IC50,9.34
4830448,COc1cc(Nc2c(cnc3cc4cc(OCCN5CCOCC5)c(OC)cc4cc23)C#N)c(Cl)cc1C,CHEMBL370633,IC50,9.48
4830459,CN(C)CCc1ccccc1n2cc(c3cccc(O)c3)c4c(N)ncnc24,CHEMBL516062,IC50,9.5
4830469,Nc1ncnc2c1c(cn2c3ccc(OCCNCCO)cc3)c4cccc(O)c4,CHEMBL474998,IC50,9.5
4830479,COc1cc(Nc2c(cnc3cc4cc(OCCN5CCN(C)CC5)c(OC)cc4cc23)C#N)c(C)cc1Cl,CHEMBL196889,IC50,9.51
4830490,CN(C)CCCN1C(=O)C(=Cc2cnc(Nc3ccc(cc3)P(=O)(O)CP(=O)(O)O)nc12)c4c(Cl)cccc4Cl,CHEMBL421024,IC50,9.52
4830501,COc1cc(Nc2c(cnc3cc4cc(OCCN5CCN(C)CC5)c(OC)cc4cc23)C#N)c(Cl)cc1Cl,CHEMBL198650,IC50,9.54
4830513,CC(=O)N[C@@H](Cc1ccc(OP(=O)(O)O)c(C=O)c1)C(=O)N[C@H]2CCCCN(Cc3ccc(cc3)c4ccccc4)C2=O,CHEMBL78455,IC50,9.6
4830524,COc1cc2cc3c(Nc4cc(OC)c(OC)c(OC)c4)c(cnc3cc2cc1OCCN5CCOCC5)C#N,CHEMBL425389,IC50,9.66
3806308,CCN(CC)C\C=C\c1nc(O)c2c(ccc3nc(Nc4c(Cl)cccc4Cl)n(C)c23)c1C,CHEMBL281957,IC50,9.7
4830537,COc1cc(Nc2c(cnc3cc4cc(OCCN5CCOCC5)c(OC)cc4cc23)C#N)c(C)cc1Cl,CHEMBL196797,IC50,9.82
1129438,Nc1ncnc2c1c(nn2C3CCCC3)c4ccc(Cl)c(O)c4,CHEMBL1241676,IC50,9.92
