id,smiles,name,assay_type,activity_value
129147,CCN(CC)CCNC(=O)c1c(C)[nH]c(\C=C\2/C(=O)Nc3ccc(F)cc23)c1C,sunitinib,Kd,7.77
26212,C[C@]12O[C@H](C[C@]1(O)CO)n3c4ccccc4c5c6C(=O)NCc6c7c8ccccc8n2c7c35,CHEMBL603469,Kd,7.59
1809275,CC(C)c1ccc(NC(=O)c2cccs2)c(c1)C3=Nc4ccccc4NC3=O,CHEMBL2204239,IC50,7.85
1809286,CC(=O)NC[C@@H]1C[C@H](CN1)NS(=O)(=O)c2cccc3cncc(C)c23,CHEMBL2203525,IC50,7.96
1809297,COc1ccc(cc1)n2ncc3ccc(Nc4ccc(N5CCN(C)CC5)c(OC)c4)nc23,CHEMBL2203524,IC50,8.16
26279,COc1cc(ccc1Nc2ncc(Cl)c(Nc3ccccc3S(=O)(=O)C(C)C)n2)N4CCC(CC4)N5CCN(C)CC5,CHEMBL509032,Kd,8.5
26231,CN[C@@H]1C[C@H]2O[C@@](C)([C@@H]1OC)n3c4ccccc4c5c6CNC(=O)c6c7c8ccccc8n2c7c35,CHEMBL388978,Kd,8.75
