id,smiles,name,assay_type,activity_value
9686258,O=C(C1CCCO1)N2CCN(CC2)C(=O)c3cc4cc(Nc5nccc(n5)c6ccccn6)ccc4[nH]3,CHEMBL3641671,IC50,7.53
9686269,CC(C)C[C@H](NC(=O)[C@@H](NC(=O)[C@H](CCC(=O)O)NC(=O)[C@H](Cc1ccc(OP(=O)(O)O)cc1)NC(=O)c2ccc(cc2)C#CCNC(=O)c3ccc(cc3)C#CCNC(=O)[C@H](CC(C)C)NC(=O)CNC(=O)[C@@H](NC(=O)[C@H](Cc4ccc(OP(=O)(O)O)cc4)NC(=O)C)[C@@H](C)O)[C@@H](C)O)C(=O)N,CHEMBL1793842,Kd,7.54
9686279,CCN(Cc1nccn1C)C(=O)c2cc3cc(Nc4nccc(n4)c5cn(C)cn5)cc(C)c3[nH]2,CHEMBL3668874,IC50,7.54
9686288,CCN1CCC(CC1)N2CCN(CC2)C(=O)c3cc4cc(Nc5nccc(n5)c6ccccn6)ccc4[nH]3,CHEMBL3641626,IC50,7.54
9686297,CN(CC1CCN(C)CC1)C(=O)c2cc3cc(Nc4nccc(n4)c5ccccn5)ccc3[nH]2,CHEMBL3641627,IC50,7.54
9686306,CN1CCN(CC1)C(=O)c2cc3cc(Nc4nccc(n4)c5cc(OC[C@@H]6CCCO6)ccn5)ccc3[nH]2,CHEMBL3641593,IC50,7.54
9686315,COCCCN(C)C(=O)c1cc2cc(Nc3nccc(n3)c4ccccn4)ccc2[nH]1,CHEMBL3641644,IC50,7.54
9686324,COCc1ccnc(c1)c2ccnc(Nc3ccc4[nH]c(cc4c3)C(=O)N5CCn6ccnc6C5)n2,CHEMBL3643790,IC50,7.54
9686333,O=C(N1CCC(CN2CCOCC2)CC1)c3cc4cc(Nc5nccc(n5)c6ccccn6)ccc4[nH]3,CHEMBL3641657,IC50,7.54
9686342,O=C(N1CCN(CCN2CCCC2)CC1)c3cc4cc(Nc5nccc(n5)c6ccccn6)ccc4[nH]3,CHEMBL3641654,IC50,7.54
9686351,O=C([C@@H]1CCCO1)N2CCN(CC2)C(=O)c3cc4cc(Nc5nccc(n5)c6ccccn6)ccc4[nH]3,CHEMBL3641512,IC50,7.54
9686360,CN1C=Nc2cc(nc(N[C@@H]3CC[C@@H](O)C3)c2C1=O)c4ccc(cc4)N5CCOCC5,CHEMBL3641437,IC50,7.55
9686369,CN1CCN(CC1)C(=O)c2cc3cc(Nc4nccc(n4)c5cc(OCCCF)ccn5)ccc3[nH]2,CHEMBL3641538,IC50,7.55
9686378,CN1CCN(CC1)c2ccc(cc2)c3cc4N=CN(C)C(=O)c4c(N[C@@H]5CCOC5)n3,CHEMBL3641350,IC50,7.55
9686388,COc1cc(Nc2nc(N[C@H]3CCCC[C@H]3N)n4cc(nc4c2C(=O)N)c5ccccc5)cc(OC)c1,CHEMBL459147,IC50,7.55
9686399,COc1cc(Nc2nccc(n2)c3nccs3)cc(c1)C(F)(F)F,CHEMBL512319,Ki,7.55
9686410,COc1ccc(Nc2nc(cn3ccnc23)c4ccc(C)c(c4)C(=O)N)cc1OC,CHEMBL3265009,IC50,7.55
9686421,COc1ccc2[nH]cc(\C=C\3/C(=O)Nc4ccc(cc34)S(=O)(=O)N)c2c1,CHEMBL106226,IC50,7.55
9686431,O=C(CN1CCN(CC1)C(=O)c2cc3cc(Nc4nccc(n4)c5ccccn5)ccc3[nH]2)N6CCCC6,CHEMBL3641683,IC50,7.55
9686440,O=C(N1CCOCC1)N2CCN(CC2)C(=O)c3cc4cc(Nc5nccc(n5)c6ccccn6)ccc4[nH]3,CHEMBL3641672,IC50,7.55
9686449,O=C(N1CCn2ccnc2C1)c3cc4cc(Nc5nccc(n5)c6ccccn6)ccc4[nH]3,CHEMBL3641675,IC50,7.55
9686458,OCCN1CCN(CC1)C(=O)c2cc3cc(Nc4nccc(n4)c5ccccn5)ccc3[nH]2,CHEMBL3641684,IC50,7.55
9686467,COc1cc(cnc1OC)c2cc(O[C@H](C)[C@H]3CNC(=O)C3)c4cccnc4c2,CHEMBL3653827,IC50,7.56
9686476,COc1ccc(cc1OC)c2cc3ncccc3c(OC[C@H]4CNC(=O)N4)n2,CHEMBL3696016,IC50,7.56
9686485,CC(C)Nc1nc(cc2N=CN(C)C(=O)c12)c3ccc(NC4CCN(C)CC4)c(c3)S(=O)(=O)C,CHEMBL3698049,IC50,7.57
9686494,CN1C=Nc2cc(nc(OCCc3cn[nH]c3)c2C1=O)c4ccc(cc4)N5CCOCC5,CHEMBL3643524,IC50,7.57
9686504,CNC(=O)COc1cccc(Nc2ncc(F)c(Nc3ccc4OC(F)(F)C(=O)Nc4c3)n2)c1,CHEMBL2170582,EC50,7.57
9686514,COC(=O)c1ccc2c(CCCC2(O)c3ncc(s3)c4cc(C)cc(Nc5cc(ccn5)C(F)(F)F)n4)c1Br,CHEMBL3698421,IC50,7.57
9686524,COc1ccc(Nc2nc(cn3ccnc23)c4cccc(c4)C(=O)N)cc1OC,CHEMBL3265005,IC50,7.57
9686535,COc1ccc2c(c1)c(\C=C\3/C(=O)Nc4ccc(cc34)S(=O)(=O)N)cn2Cc5cccc(c5)C(=O)O,CHEMBL106095,IC50,7.57
9686545,C[C@H](O)CNc1ccc(cc1S(=O)(=O)C)c2cc3N=CN(C)C(=O)c3c(N[C@@H]4CCOC4)n2,CHEMBL3701572,IC50,7.57
9686555,N(c1ccccc1)c2nc(cn3ccnc23)c4ccc5cn[nH]c5c4,CHEMBL3265027,IC50,7.57
9686565,[O-][S+]1CCN(CC1)C2CCN(CC2)C(=O)c3cc4cc(Nc5nccc(n5)c6ccccn6)ccc4[nH]3,CHEMBL3641660,IC50,7.58
9686575,C1CN(CCO1)c2ccc(Nc3nc(cn4ccnc34)c5ccc6cn[nH]c6c5)cc2,CHEMBL3265032,EC50,7.59
1728443,CC(C)(C)NC(=O)c1c[nH]c2ncc(nc12)c3ncn4CCCCc34,CHEMBL2347996,IC50,7.59
9686587,CN1CCN(CC1)C(=O)c2cc3cc(Nc4nccc(n4)c5cc(OCCC6CC6)ccn5)ccc3[nH]2,CHEMBL3643734,IC50,7.59
9686596,COCCNc1nc(cc2N=CN(C)C(=O)c12)c3ccc(NCCN4CCOCC4)c(c3)S(=O)(=O)C,CHEMBL3698096,IC50,7.59
9686606,C[C@@H](Oc1nc(cc2ncsc12)c3cnn(C)c3)[C@H]4CNC(=O)C4,CHEMBL3622205,IC50,7.59
9686616,C[C@H](CO)Nc1nc(cc2N=CN(C)C(=O)c12)c3ccc(cc3)N4CCN(C)CC4,CHEMBL3641362,IC50,7.59
9686625,Cc1cc(Nc2nccc(n2)C(F)(F)F)cc(c1)c3cnc(s3)C(=O)NC(CO)CO,CHEMBL3685791,IC50,7.59
1026360,Cc1ccc(O)cc1Nc2ccnc(Nc3cccc(c3)C(=O)N)n2,CHEMBL249097,IC50,7.59
9686636,O=C(N1CCC(CC1)OCCN2CCCC2)c3cc4cc(Nc5nccc(n5)c6ccccn6)ccc4[nH]3,CHEMBL3641641,IC50,7.59
9686645,O=C(N1CCOCC1)c2cc3cc(Nc4nccc(n4)c5ccccn5)ccc3[nH]2,CHEMBL3641687,IC50,7.59
9686655,OCCCOc1cc(Nc2nccc(n2)c3nccs3)cc(c1)C(F)(F)F,CHEMBL475254,Ki,7.59
9686666,CC1CCCN1c2cccc(Nc3cc(nn4ccnc34)c5cccc(CO)c5)n2,CHEMBL2177734,IC50,7.6
9686676,CCN(CC)CC(O)CN1CCN(CC1)C(=O)c2cc3cc(Nc4nccc(n4)c5ccccn5)ccc3[nH]2,CHEMBL3641619,IC50,7.6
9686685,CN1C=Nc2cc(nc(N[C@@H]3CCOC3)c2C1=O)c4ccc(cc4)C5CCNCC5,CHEMBL3641385,IC50,7.6
9686694,CN1CCN(CC1)C(=O)c2cc3cc(Nc4nccc(n4)c5cc(OC6CCC6)ccn5)ccc3[nH]2,CHEMBL3643733,IC50,7.6
9686703,CN1CCN(CC1)C(=O)c2cc3cc(Nc4nccc(n4)c5cc(O[C@@H]6CCOC6)ccn5)ccc3[nH]2,CHEMBL3641592,IC50,7.6
9686712,CN1CCN(CC1)C(=O)c2sc3ccc(Nc4nccc(n4)c5ccccn5)cc3c2C,CHEMBL3641501,IC50,7.6
9686721,COc1cc(cc(Cl)c1OC)c2cc3ncccc3c(OC[C@H]4CNC(=O)C4)n2,CHEMBL3695951,IC50,7.6
9686730,COc1ccnc(c1)c2ccnc(Nc3ccc4[nH]c(cc4c3)C(=O)N5CCC5)n2,CHEMBL3641558,IC50,7.6
9686739,Cc1cc(Nc2nccc(n2)C(C)(C)C)cc(c1)c3cnc(s3)C4(O)CCC4,CHEMBL3685797,IC50,7.6
9686749,Cc1ccc(Nc2cc(NCCN)nnc2C(=O)N)nc1C,CHEMBL3237566,IC50,7.6
1747749,Cc1cccc(Nc2nc(N[C@@H]3CCNC3)ncc2C(=O)N)c1,CHEMBL1835057,IC50,7.6
9686762,Cc1nc(Nc2cc(N[C@@H]3CCCC[C@@H]3N)nnc2C(=O)N)ccc1F,CHEMBL3237560,IC50,7.6
3803255,Oc1cccc(Nc2ccnc3cc(sc23)c4cccc(CN5CCOCC5)c4)c1,CHEMBL2336005,IC50,7.6
9686773,CCCC(C)(CO)COc1ccnc(c1)c2ccnc(Nc3ccc4[nH]c(cc4c3)C(=O)N5CCN(C)CC5)n2,CHEMBL3641577,IC50,7.61
9686782,CN(Cc1nccn1C)C(=O)c2cc3cc(Nc4nccc(n4)c5cn(C)cn5)cc(C)c3[nH]2,CHEMBL3668852,IC50,7.61
9686791,CN(Cc1nccs1)C(=O)c2cc3cc(Nc4nccc(n4)c5cn(C)cn5)cc(C)c3[nH]2,CHEMBL3668866,IC50,7.61
9686800,CN1CCN(CC1)C(=O)c2cc3cc(Nc4nccc(n4)c5cc(OCC(CO)CO)ccn5)ccc3[nH]2,CHEMBL3641604,IC50,7.61
9686809,CN1CCN(CC1)c2ccc(cc2)c3cc4N=CN(C)C(=O)c4c(OCCc5cnn[nH]5)n3,CHEMBL3643532,IC50,7.61
9686818,Cc1cc(Nc2nccc(n2)c3cn(C)cn3)cc4cc([nH]c14)C(=O)NCc5cncn5C,CHEMBL3668824,IC50,7.61
9686827,Cc1oc2ccc(Nc3nccc(n3)n4cc(CN5CC(O)C5)c(C)n4)cc2c1Cl,CHEMBL3657546,IC50,7.61
9686837,CC(C)(CO)NC(=O)c1c[nH]c2ncc(nc12)n3ncc4ccc(Cl)cc34,CHEMBL2347998,IC50,7.62
9686847,CC(C)N1CCCN(CC1)C(=O)c2cc3cc(Nc4nccc(n4)c5ccccn5)ccc3[nH]2,CHEMBL3641682,IC50,7.62
9686856,CN1C=Nc2cc(nc(N[C@@H]3CCOC3)c2C1=O)c4ccc(cc4)N5CCC(CC5)N6CCCC6,CHEMBL3643535,IC50,7.62
9686865,CN1CCN(CC1)c2ccc(cc2)c3cc4N=CN(C)C(=O)c4c(NCc5cnn[nH]5)n3,CHEMBL3641273,IC50,7.62
9686874,CNC1CC2(CCN(C2)C(=O)c3cc4cc(Nc5nccc(n5)c6ccccn6)ccc4[nH]3)C1,CHEMBL3641614,IC50,7.62
9686884,COc1ccc(Nc2nc(cn3ccnc23)c4ccc(C(=O)N)c(OC)c4)cc1OC,CHEMBL3265014,IC50,7.62
9686895,COc1ccc(Nc2nc(cn3ccnc23)c4ccc5cn[nH]c5c4)cc1OC,CHEMBL3265017,EC50,7.62
9686905,COc1ccnc(c1)c2ccnc(Nc3ccc4[nH]c(cc4c3)C(=O)N5CCCN(CC5)C(C)C)n2,CHEMBL3641517,IC50,7.62
9686914,CSc1ccnc(Nc2cc(C)cc(c2)c3cnc(s3)C4(O)CCC4)n1,CHEMBL3685816,IC50,7.62
9686923,C[C@H](CO)Nc1nc(cc2N=CN(C)C(=O)c12)c3ccc(cc3)N4CCN(CC4)C(C)C,CHEMBL3641381,IC50,7.62
9686932,O=C(N1CCC(CC1)N2CCOCC2)c3cc4cc(Nc5nccc(n5)c6ccccn6)ccc4[nH]3,CHEMBL3641636,IC50,7.62
9686941,CN(C)C(=O)c1cc2cc(Nc3nccc(n3)c4ccccn4)ccc2[nH]1,CHEMBL3641549,IC50,7.63
9686950,CN(C)C(=O)c1cc2cc(Nc3nccc(n3)c4cn(C)cn4)cc(Cl)c2n1C,CHEMBL3664167,IC50,7.63
9686960,C1COCCN(C1)c2ccc(Nc3nc(cn4ccnc34)c5ccc6cn[nH]c6c5)cc2,CHEMBL3265036,IC50,7.64
9686970,CCCOc1ccnc(c1)c2ccnc(Nc3ccc4[nH]c(cc4c3)C(=O)N5CCN(C)CC5)n2,CHEMBL3643741,IC50,7.64
9686979,CCN(Cc1cnn(C)c1)C(=O)c2cc3cc(Nc4nccc(n4)c5cn(C)cn5)cc(C)c3[nH]2,CHEMBL3668822,IC50,7.64
9686988,CCOc1ccnc(c1)c2ccnc(Nc3ccc4[nH]c(cc4c3)C(=O)N5CCN(C)CC5)n2,CHEMBL3641509,IC50,7.64
9686998,CCn1ccc2cc(Nc3nccc(n3)n4cc(CN5CC(O)C5)c(C)n4)ccc12,CHEMBL3622954,IC50,7.64
9687008,CN(CCCN1CCOCC1)C(=O)c2cc3cc(Nc4nccc(n4)c5ccccn5)ccc3[nH]2,CHEMBL3641638,IC50,7.64
9687018,COc1cc(Nc2nccc(n2)c3ncc(C)s3)cc(c1)C(F)(F)F,CHEMBL451450,Ki,7.64
9687028,COc1ccc(cc1OC)c2cc3ncccc3c(NC[C@H]4CC(=O)N[C@@H]4C)n2,CHEMBL3696031,IC50,7.64
9687038,Cc1cc(C)cc(Nc2nccc(n2)c3ncc(C)s3)c1,CHEMBL470780,Ki,7.64
9687049,NCCNc1ncc(C(=O)N)c(Nc2cccc(Br)c2)n1,CHEMBL508339,IC50,7.64
9687059,CC1CN(CCN1C(=O)N2CCCC2)C(=O)c3cc4cc(Nc5nccc(n5)c6ccccn6)ccc4[nH]3,CHEMBL3641633,IC50,7.65
9687068,CN(C)C(=O)c1cc2cc(Nc3nccc(n3)c4cc(ccn4)C(C)(C)C#N)cc(Cl)c2[nH]1,CHEMBL3643811,IC50,7.65
9687077,COc1c(F)cc(cc1F)c2cc3ncccc3c(OC[C@H]4CNC(=O)C4)n2,CHEMBL3695958,IC50,7.65
9687086,COc1ccc(cn1)c2cc(OCc3ncccc3C(=O)N)c4cccnc4c2,CHEMBL3653785,IC50,7.65
9687095,CN1CCN(CC1)C(=O)c2cc3cc(Nc4nccc(n4)c5cn(C)cn5)cc(C)c3[nH]2,CHEMBL3664177,IC50,7.66
9687104,COc1nc(Nc2cc(C)cc(c2)c3cnc(s3)C(C)(O)CO)ncc1F,CHEMBL3685793,IC50,7.66
9687113,Cc1cc(Nc2nccc(n2)c3cn(C)cn3)cc4cc([nH]c14)C(=O)N5CCn6cncc6C5,CHEMBL3668840,IC50,7.66
9687123,Cc1cc(Nc2nccc(n2)c3nc(C)c(CCO)s3)cc(c1)C(F)(F)F,CHEMBL475249,Ki,7.66
5637853,N[C@H]1COCC[C@H]1Nc2cc3C=CNC(=O)c3c(Nc4cccc5cc[nH]c45)n2,CHEMBL3262624,IC50,7.66
9687135,CC(C)n1cnc(c1)c2ccnc(Nc3cc(Cl)c4[nH]c(cc4c3)C(=O)N(C)C)n2,CHEMBL3664158,IC50,7.67
9687144,CN(Cc1ccn(C)n1)C(=O)c2cc3cc(Nc4nccc(n4)c5cn(C)cn5)cc(C)c3[nH]2,CHEMBL3668842,IC50,7.67
9687153,COc1ccnc(c1)c2ccnc(Nc3ccc4sc(cc4c3)C(=O)N5CCN(C)CC5)n2,CHEMBL3641561,IC50,7.67
9687162,Cc1cc(Nc2nccc(n2)c3cn(C)cn3)cc4cc([nH]c14)C(=O)N5CCn6c(C)ncc6C5,CHEMBL3668868,IC50,7.67
9687859,Cc1cc(Nc2nccc(n2)c3cn(C)cn3)cc4cc([nH]c14)C(=O)NCC(F)F,CHEMBL3668809,IC50,7.67
9687868,CN1CCN(CC1)C(=O)c2cc3cc(Nc4nccc(n4)c5cc(O[C@H]6CCOC6)ccn5)ccc3[nH]2,CHEMBL3641588,IC50,7.68
9687877,CN1CCc2ccc(cc2CC1)c3cc(OCc4ncccc4C(=O)N)c5cccnc5c3,CHEMBL3653831,IC50,7.68
9687886,CNc1ccc(cc1S(=O)(=O)C)c2cc3N=CN(C)C(=O)c3c(N[C@@H]4CCOC4)n2,CHEMBL3698106,IC50,7.68
9687895,COCc1ccnc(c1)c2ccnc(Nc3ccc4[nH]c(cc4c3)C(C)(C)C)n2,CHEMBL3641506,IC50,7.68
9687904,COc1cc(ccc1O)c2cc(OC[C@H]3CNC(=O)C3)c4cccnc4c2,CHEMBL3653748,IC50,7.68
9687914,COc1ccc(Nc2nc(cn3ccnc23)c4ccc5c(cnn5C)c4)cc1OC,CHEMBL3265023,IC50,7.68
9687925,C[C@H](N)CNc1cc2N=CNC(=O)c2c(Nc3cccc4cc[nH]c34)n1,CHEMBL3262618,IC50,7.68
9687936,Cc1cc(C)cc(Nc2nc(N[C@H](CN)c3ccccc3)n4ccnc4c2C(=O)N)c1,CHEMBL475248,IC50,7.68
9687946,Cc1cc(Nc2nccc(n2)C(F)(F)F)cc(c1)c3cnc(s3)c4cc[nH]n4,CHEMBL3685802,IC50,7.68
9687955,Cc1cc(Nc2nccc(n2)c3cn(C)cn3)cc4cc([nH]c14)C(=O)N5CCN(CC5)C(=O)C6CCCO6,CHEMBL3664175,IC50,7.68
9687964,O=C(N1CCN(CC1)C2CCCC2)c3cc4cc(Nc5nccc(n5)c6ccccn6)ccc4[nH]3,CHEMBL3643723,IC50,7.68
9687973,O=C(N1CCN(CCCN2CCCC2)CC1)c3cc4cc(Nc5nccc(n5)c6ccccn6)ccc4[nH]3,CHEMBL3641666,IC50,7.68
9687982,CC(O)CCC(C)Oc1ccnc(c1)c2ccnc(Nc3ccc4[nH]c(cc4c3)C(=O)N5CCN(C)CC5)n2,CHEMBL3641576,IC50,7.69
9687992,CN1CCc2cc(Nc3nccc(n3)n4cc(CN5CC(O)C5)c(C)n4)ccc12,CHEMBL3622951,IC50,7.69
9688002,COc1ccnc(c1)c2ccnc(Nc3ccc4[nH]ccc4c3)n2,CHEMBL3641522,IC50,7.69
9688011,Cc1cc2ncccc2c(OC[C@H]3CNC(=O)C3)n1,CHEMBL3695999,IC50,7.69
9688021,CCN(CC)c1ccc(cc1)c2cc3ncccc3c(NCCCN)n2,CHEMBL30381,IC50,7.7
9688031,CN(C)C(=O)c1cc2cc(Nc3nccc(n3)c4cn(C)cn4)cc(C)c2[nH]1,CHEMBL3664146,IC50,7.7
9688040,CN(C)C(=O)c1sc2ccc(Nc3nccc(n3)c4ccccn4)cc2c1C,CHEMBL3641504,IC50,7.7
9688051,CNS(=O)(=O)c1ccc2NC(=O)\C(=C/c3cn(C)c4ccc(OC)cc34)\c2c1,CHEMBL104519,IC50,7.7
9688062,COc1cc(Nc2nc(cn3ccnc23)c4ccc5cn[nH]c5c4)ccc1N6CCOCC6,CHEMBL3265037,EC50,7.7
9688072,COc1nc(Nc2cc(C)cc(c2)c3cnc(s3)[C@@]4(O)CC[C@H](C(=O)O)C(C)(C)C4)ncc1C(F)(F)F,CHEMBL3685795,IC50,7.7
9688082,N[C@H]1COCC[C@H]1Nc2cc3N=CNC(=O)c3c(Nc4cccc5cc[nH]c45)n2,CHEMBL3262617,IC50,7.7
9688092,CN1C(=O)COCC12CCN(CC2)C(=O)c3cc4cc(Nc5nccc(n5)c6ccccn6)ccc4[nH]3,CHEMBL3641680,IC50,7.71
9688101,COCc1ccnc(c1)c2ccnc(Nc3cc(Cl)c4[nH]c(cc4c3)C(=O)N(C)C)n2,CHEMBL3643784,IC50,7.71
9688110,COc1ccnc(c1)c2ccnc(Nc3ccc4c(c3)cc(C(=O)N5CCN(C)CC5)n4C)n2,CHEMBL3641531,IC50,7.71
9688120,Cc1nn(cc1CN2CC(O)C2)c3ccnc(Nc4ccc5c(cnn5C)c4)n3,CHEMBL3622959,IC50,7.71
9688130,CCc1cc(Nc2nccc(n2)c3ccccn3)cc4cc([nH]c14)C(=O)N(C)C,CHEMBL3643774,IC50,7.72
9688139,CN(C)C(=O)c1cc2cc(Nc3nccc(n3)c4cc(ccn4)C(C)(C)C#N)cc(C)c2[nH]1,CHEMBL3643812,IC50,7.72
5839828,CN(C)c1ccc(cc1)c2cc3ncccc3c(NCCCCN)n2,CHEMBL282342,IC50,7.72
9688150,CN1C=Nc2cc(nc(N[C@@H]3CCOC3)c2C1=O)c4ccc(cc4)N5CCNCC5,CHEMBL3641354,IC50,7.72
1750072,CN1CC(Cn2nc(c3cnc4[nH]cc(C(=O)NC(C)(C)C)c4n3)c5cc(OC(F)F)ccc25)C1,CHEMBL2347416,IC50,7.72
9688162,CN1CCC(CC1)c2nn(c3cnc4[nH]cc(C(=O)NC(C)(C)CO)c4n3)c5ccccc25,CHEMBL2347999,IC50,7.72
478842,COc1cc(Nc2ncc(F)c(Nc3ccc4OC(C)(C)C(=O)Nc4n3)n2)cc(OC)c1OC,CHEMBL475251,Kd,7.72
9688174,C[C@H](CO)Nc1nc(cc2N=CN(C)C(=O)c12)c3ccc(cc3)N4CCNCC4,CHEMBL3641366,IC50,7.72
9688184,Cc1cc(C)nc(Nc2cc(N[C@@H]3CCCC[C@@H]3N)ncc2C(=O)N)c1,CHEMBL3415582,IC50,7.72
1718521,N[C@H]1CCCC[C@H]1Nc2ccc(C(=O)N)c(Nc3cccc(c3)n4nccn4)n2,CHEMBL3416021,IC50,7.72
9688196,O=C(N1CCN(CC2CC2)CC1)c3cc4cc(Nc5nccc(n5)c6ccccn6)ccc4[nH]3,CHEMBL3641630,IC50,7.72
9688205,CCN1CCC2(CCN(C2)C(=O)c3cc4cc(Nc5nccc(n5)c6ccccn6)ccc4[nH]3)C1,CHEMBL3641617,IC50,7.73
9688214,CN(C)C(=O)c1cc2cc(Nc3nccc(n3)c4cccc(F)n4)cc(C)c2[nH]1,CHEMBL3643810,IC50,7.73
9688224,COc1ccc(Nc2nc(cn3ccnc23)c4ccc(C(=O)N)c(F)c4)cc1OC,CHEMBL3265012,IC50,7.73
9688234,COc1ccnc(c1)c2ccnc(Nc3ccc4cc[nH]c4c3)n2,CHEMBL3641524,IC50,7.73
9688243,Cc1cc(Nc2nccc(n2)c3cn(C)cn3)cc4cc([nH]c14)C(=O)N5CCc6nocc6C5,CHEMBL3668876,IC50,7.73
9688252,O=C(N1CCN2CCCC2C1)c3cc4cc(Nc5nccc(n5)c6ccccn6)ccc4[nH]3,CHEMBL3641621,IC50,7.73
9688261,CN(Cc1cncn1C)C(=O)c2cc3cc(Nc4nccc(n4)c5ccccn5)ccc3[nH]2,CHEMBL3641662,IC50,7.74
9688270,CN1CCN(C2CCN(CC2)C(=O)c3cc4cc(Nc5nccc(n5)c6ccccn6)ccc4[nH]3)C1=O,CHEMBL3641647,IC50,7.74
9688279,CN1CCN(CC1)C(=O)c2cc3cc(Nc4nccc(n4)c5cc(OCC6(C)COC6)ccn5)ccc3[nH]2,CHEMBL3641605,IC50,7.74
9688288,CCn1cc(CNC(=O)c2cc3cc(Nc4nccc(n4)c5cn(C)cn5)cc(C)c3[nH]2)cn1,CHEMBL3668823,IC50,7.75
9688297,CN1CCN(CC1)C(=O)c2cc3cc(Nc4nccc(n4)c5ccccn5)ccc3s2,CHEMBL3641553,IC50,7.75
9688306,CNC(=O)c1c[nH]c2ccc(Nc3nccc(n3)c4ccccn4)cc12,CHEMBL3643816,IC50,7.75
9688316,COc1ccc(Nc2nc(cn3ccnc23)c4ccc(cc4)C(=O)N)cc1OC,CHEMBL3259820,IC50,7.75
9688326,COc1ccnc(c1)c2ccnc(Nc3ccc4[nH]c(cc4c3)C(=O)N(C)CC5(C)COC5)n2,CHEMBL3643789,IC50,7.75
9688336,Cc1cc(C)cc(Nc2nccc(n2)n3cc(C)c(CN4CC[C@@H](C4)C(=O)O)c3)c1,CHEMBL3622937,IC50,7.75
9688346,CN(C)C(=O)c1cc2cc(Nc3nccc(n3)c4cccc(F)n4)cc(Cl)c2[nH]1,CHEMBL3643804,IC50,7.76
9688355,CN(Cc1cn(C)nc1C)C(=O)c2cc3cc(Nc4nccc(n4)c5cn(C)cn5)cc(C)c3[nH]2,CHEMBL3668847,IC50,7.76
9688364,CN1CCN(CC1)C(=O)c2cc3cc(Nc4nccc(n4)c5cc(OCC6CNC(=O)C6)ccn5)ccc3[nH]2,CHEMBL3641595,IC50,7.76
9688373,CN1CCOc2cc(cnc12)c3cc4ncccc4c(OCC5CNC(=O)C5)n3,CHEMBL3695968,IC50,7.76
9688382,COc1cc(cc(OC)c1OC)c2cc3ncccc3c(OC(C)C4CC(=O)NO4)n2,CHEMBL3695976,IC50,7.76
9688391,COc1cc(cc(OC)c1OC)c2cc3ncccc3c(OC[C@H]4CNC(=O)[C@@H]4C)n2,CHEMBL3695980,IC50,7.76
9688401,Cc1cc(Nc2nccc(n2)n3cc(C)c(CN4CC[C@@H](O)C4)c3)cc(C)c1OCCO,CHEMBL3622939,IC50,7.76
9688411,Cc1nn(cc1CCN2CC[C@@H](O)C2)c3ccnc(Nc4ccc5c(c4)c(Cl)c(C)n5C)n3,CHEMBL3657555,IC50,7.76
9688420,O=C(N1CCC(CC1)N2CCCCC2)c3cc4cc(Nc5nccc(n5)c6ccccn6)ccc4[nH]3,CHEMBL3641686,IC50,7.76
9688429,O=C(N1CCCOCC1)c2cc3cc(Nc4nccc(n4)c5ccccn5)ccc3[nH]2,CHEMBL3641639,IC50,7.76
9688438,CN(C)C(=O)c1cc2ccc(Nc3nccc(n3)c4cc(OCCO)ccn4)cc2n1C,CHEMBL3643801,IC50,7.77
9688447,CN1CCN(CC1)C2CCN(CC2)C(=O)c3cc4cc(Nc5nccc(n5)c6ccccn6)ccc4[nH]3,CHEMBL3641632,IC50,7.77
9688457,COc1cc(Nc2ncc(F)c(Nc3ccc4OC(C)(C)C(=O)N(COP(=O)(O)O)c4n3)n2)cc(OC)c1OC,CHEMBL2103830,IC50,7.77
9688467,Cc1cc(Nc2nccc(n2)c3ccccn3)cc4OC(=O)Nc14,CHEMBL3643729,IC50,7.77
9688477,[Na+].[Na+].COc1cc(Nc2ncc(F)c(Nc3ccc4OC(C)(C)C(=O)N(COP(=O)([O-])[O-])c4n3)n2)cc(OC)c1OC,CHEMBL2105644,IC50,7.77
9688487,CCCn1ccc(CNC(=O)c2cc3cc(Nc4nccc(n4)c5cn(C)cn5)cc(C)c3[nH]2)n1,CHEMBL3668848,IC50,7.78
9688496,CN1CCC(CN2CCN(CC2)C(=O)c3cc4cc(Nc5nccc(n5)c6ccccn6)ccc4[nH]3)CC1,CHEMBL3641643,IC50,7.78
9688505,COCc1ccnc(c1)c2ccnc(Nc3cc(C)c4[nH]c(cc4c3)C(=O)N(C)C)n2,CHEMBL3643780,IC50,7.78
9688514,COCc1ccnc(c1)c2ccnc(Nc3ccc4[nH]c(cc4c3)C(=O)N(C)C5CCOCC5)n2,CHEMBL3643786,IC50,7.78
9688524,COc1ccc(Nc2nc(cn3ccnc23)c4cccc(c4)C(=O)Nc5ccc(cc5)c6ncc[nH]6)cc1OC,CHEMBL3265002,IC50,7.78
9688534,Cc1cc(Nc2nccc(n2)c3cn(C)cn3)cc4cc([nH]c14)C(=O)N5CCn6ccnc6C5,CHEMBL3668834,IC50,7.78
9688543,Cc1cc(Nc2nccc(n2)c3cn(C)cn3)cc4cc([nH]c14)C(=O)NCc5ccccc5,CHEMBL3668819,IC50,7.78
9688552,Cn1cnc2cc(ccc12)c3cc(OCc4ncccc4C(=O)N)c5cccnc5c3,CHEMBL3653826,IC50,7.78
9688561,OCCCOc1ccnc(c1)c2ccnc(Nc3ccc4[nH]c(cc4c3)C(=O)N5CCOCC5)n2,CHEMBL3643793,IC50,7.78
9688570,COc1c(F)cc(cc1F)c2cc(OC[C@H]3CNC(=O)O3)c4cccnc4c2,CHEMBL3653744,IC50,7.79
9688579,COc1cc(cc(OC)c1OC2CCOCC2)c3cc4ncccc4c(OC[C@H]5CNC(=O)C5)n3,CHEMBL3695988,IC50,7.79
9688589,CC(C)(CO)NC(=O)c1c[nH]c2ncc(nc12)c3nn(CCC(O)CO)c4cc(F)ccc34,CHEMBL2347990,IC50,7.8
9688600,CC(C)(CO)NC(=O)c1c[nH]c2ncc(nc12)c3nn(CCCS(=O)(=O)C)c4cc(F)ccc34,CHEMBL2347992,IC50,7.8
9688610,CC(C)n1ncc2CN(CCc12)C(=O)c3cc4cc(Nc5nccc(n5)c6cn(C)cn6)cc(C)c4[nH]3,CHEMBL3668821,IC50,7.8
9688620,CC1CCCN1c2cccc(Nc3cc(nn4ccnc34)c5cccc(CN)c5)n2,CHEMBL2177735,IC50,7.8
9688630,CN1CCN(CC1)C(=O)c2cc3cc(Nc4nccc(n4)c5cc(OC6CC=CC6)ccn5)ccc3[nH]2,CHEMBL3641606,IC50,7.8
9688639,COC(=O)c1cc2cc(Nc3nccc(n3)c4cn(C)cn4)cc(Cl)c2[nH]1,CHEMBL3668808,IC50,7.8
9688648,COC(=O)c1ccc2c(CCC2(O)c3ncc(s3)c4cc(C)cc(Nc5cc(ccn5)C(F)(F)F)n4)c1,CHEMBL3698419,IC50,7.8
9688657,COc1ccc(cc1OC)c2cc3ncccc3c(NCC4=CNC(=O)C=C4)n2,CHEMBL3696032,IC50,7.8
9688666,COc1cncc(c1)c2cc(O[C@H](C)[C@H]3CNC(=O)C3)c4cccnc4c2,CHEMBL3653793,IC50,7.8
9688676,C[C@@H](Oc1cc(cc2nscc12)c3cnn(C)c3)[C@H]4CNC(=O)O4,CHEMBL3622209,IC50,7.8
9688687,C[C@@H](Oc1cc(cc2nscc12)c3cnn(c3)C(F)F)[C@H]4CNC(=O)O4,CHEMBL3622697,IC50,7.8
9688697,Cc1cc(Nc2nccc(n2)c3cn(C)cn3)cc4cc([nH]c14)C(=O)N5CCc6cnn(C)c6C5,CHEMBL3668813,IC50,7.8
9688706,Cc1cc(Nc2nccc(n2)c3cn(C)cn3)cc4cc([nH]c14)C(=O)N5Cc6nc(C)sc6C5,CHEMBL3668851,IC50,7.8
1729040,Cc1nc(Nc2cc(N[C@@H]3CCCC[C@@H]3N)nnc2C(=O)N)ccc1Cl,CHEMBL3237562,IC50,7.8
9688717,CN(C)C(=O)c1cc2cc(Nc3nccc(n3)c4ccccn4)ccc2s1,CHEMBL3641554,IC50,7.81
9688726,CN(C)C(=O)c1cc2ccc(Nc3nccc(n3)c4cc(OCC5CNC(=O)C5)ccn4)cc2n1C,CHEMBL3643798,IC50,7.81
9688735,CN(Cc1ccccn1)C(=O)c2cc3cc(Nc4nccc(n4)c5ccccn5)ccc3[nH]2,CHEMBL3641611,IC50,7.81
9688744,COc1ccnc(c1)c2ccnc(Nc3ccc4sc(cc4c3)C(=O)N(C)C)n2,CHEMBL3641563,IC50,7.81
9688753,CS(=O)(=O)c1ccc(cc1F)c2cc(OCc3ncccc3C(=O)N)c4cccnc4c2,CHEMBL3653761,IC50,7.81
9688762,CC1(C)Oc2c(NC1=O)cc(Nc3nccc(n3)C(F)(F)F)cc2c4cnc(s4)C(O)C(F)F,CHEMBL3685817,IC50,7.82
9688772,CC1(O)CCN(CC1)c2ccc(Nc3nc(cn4ccnc34)c5ccc6cn[nH]c6c5)cc2,CHEMBL3265031,EC50,7.82
9688782,CCOP(=O)(OCC)c1ccc2c(CCC[C@]2(O)c3ncc(s3)c4cc(C)cc(Nc5cc(ccn5)C(F)(F)F)n4)c1,CHEMBL3698434,IC50,7.82
9688791,CN(C)C(=O)c1cc2cc(Nc3nccc(n3)c4cn(C)cn4)cc(SCc5cccs5)c2[nH]1,CHEMBL3664159,IC50,7.82
9688800,CN1CCN(CC1)C(=O)c2cc3cc(Nc4nccc(n4)c5cc(C)ccn5)ccc3[nH]2,CHEMBL3641505,IC50,7.82
9688809,CN1CCN(CC1)C(=O)c2cc3cc(Nc4nccc(n4)c5cc(OCCO)ccn5)ccc3[nH]2,CHEMBL3641544,IC50,7.82
9688819,COC(=O)c1ccc(NC(=O)c2cccc(c2)c3cn4ccnc4c(Nc5ccc(OC)c(OC)c5)n3)cc1,CHEMBL3264996,IC50,7.82
326410,CS(=O)(=O)N1CCN(CC1)c2ccc(Nc3ncc(C(=O)N)c(NC4CC4)n3)cc2,CHEMBL3645121,IC50,7.82
9688830,C[C@@H](O)[C@@H](C)Oc1ccnc(c1)c2ccnc(Nc3ccc4[nH]c(cc4c3)C(=O)N5CCN(C)CC5)n2,CHEMBL3641511,IC50,7.82
9688839,Cc1ccc2cc(ccc2n1)c3cc(OCc4ncccc4C(=O)N)c5cccnc5c3,CHEMBL3653803,IC50,7.82
9688848,NC(=O)c1ccccc1c2ccnc(c2)c3ccnc(Nc4ccc5COCc5c4)n3,CHEMBL3641500,IC50,7.82
9688857,O=C1C[C@@H](COc2nc(cc3ncccc23)c4ccc5OCOc5c4)CN1,CHEMBL3696000,IC50,7.82
9688866,CN(Cc1cc(C)nn1C)C(=O)c2cc3cc(Nc4nccc(n4)c5cn(C)cn5)cc(C)c3[nH]2,CHEMBL3668816,IC50,7.83
9688875,CN1CCN(CC1)C(=O)c2cc3cc(Nc4nccc(n4)c5cc(OCCC(C)(C)O)ccn5)ccc3[nH]2,CHEMBL3641590,IC50,7.83
9688884,Cc1cc(Nc2nccc(n2)c3cn(C)cn3)cc4cc([nH]c14)C(=O)N5CCN(CCN6CCOCC6)CC5,CHEMBL3668863,IC50,7.83
9688893,CN1CCN(CC1)C(=O)c2cc3cc(Nc4nccc(n4)c5cc(OCC6CC6)ccn5)ccc3[nH]2,CHEMBL3643732,IC50,7.84
9688902,COc1cc(ccc1Cl)c2cc3ncccc3c(OC[C@H]4CNC(=O)C4)n2,CHEMBL3695962,IC50,7.84
9688912,Cc1cn(cc1CN2CC[C@@H](O)C2)c3ccnc(Nc4cc(C)c(OCC(=O)N5CCCC5)c(C)c4)n3,CHEMBL3622941,IC50,7.84
9688922,CC(=O)Nc1ccc(cn1)c2cc(OCc3ncccc3C(=O)N)c4cccnc4c2,CHEMBL3653755,IC50,7.85
9688931,CC(C)N1CCCN(CC1)C(=O)c2cc3cc(Nc4nccc(n4)c5cn(C)cn5)cc(C)c3[nH]2,CHEMBL3664176,IC50,7.85
26231,CN[C@@H]1C[C@H]2O[C@@](C)([C@@H]1OC)n3c4ccccc4c5c6CNC(=O)c6c7c8ccccc8n2c7c35,CHEMBL388978,Kd,7.85
9688943,COc1cc(Nc2nccc(n2)c3nccs3)cc(OC)c1,CHEMBL472478,Ki,7.85
9688954,COc1cc(cc(OC)c1OC)c2cnc3[nH]cc(C(=O)NC(C)C)c3n2,CHEMBL2348850,IC50,7.85
9688964,COc1cc(ccc1F)c2cc3ncccc3c(OC[C@H]4CNC(=O)C4)n2,CHEMBL3695993,IC50,7.85
9688974,COc1ccc2c(c1)c(\C=C\3/C(=O)Nc4ccc(cc34)S(=O)(=O)N)cn2CCCC(=O)O,CHEMBL319613,IC50,7.85
9688984,Cc1cc(Nc2nccc(n2)c3cn(C)cn3)cc4cc([nH]c14)C(=O)NCCCN5CCOCC5,CHEMBL3664179,IC50,7.85
4820057,Cc1ccc(cc1)n2nc(cc2NC(=O)Nc3ccc(Oc4ccnc(Nc5ccccc5)n4)c6ccccc36)C(C)(C)C,CHEMBL3701217,Kd,7.85
9688996,Cn1cc(\C=C\2/C(=O)Nc3ccc(cc23)S(=O)(=O)N)c4ccccc14,CHEMBL104279,IC50,7.85
1730045,N[C@H]1CCCC[C@H]1Nc2nnc(C(=O)N)c(Nc3cccc4[nH]ccc34)n2,CHEMBL3416027,IC50,7.85
9689009,O=C1Nc2ccccc2/C/1=C\c3ccc[nH]3,CHEMBL101797,IC50,7.85
9689019,CC(C)(C)c1cc2cc(Nc3nccc(n3)c4cc(ccn4)c5cc[nH]c5)ccc2[nH]1,CHEMBL3641503,IC50,7.86
9689028,CN(CC1CCOCC1)C(=O)c2cc3cc(Nc4nccc(n4)c5ccccn5)ccc3[nH]2,CHEMBL3641645,IC50,7.86
9689037,Cc1cc(Nc2nccc(n2)c3cn(C)cn3)cc4cc([nH]c14)C(=O)NCc5ccc(Cl)cc5,CHEMBL3668814,IC50,7.86
9689046,O=C(CN1CCN(CC1)C(=O)c2cc3cc(Nc4nccc(n4)c5ccccn5)ccc3[nH]2)N6CCOCC6,CHEMBL3643724,IC50,7.86
9689055,CC(C)n1ccnc1CNC(=O)c2cc3cc(Nc4nccc(n4)c5cn(C)cn5)cc(C)c3[nH]2,CHEMBL3668850,IC50,7.87
9689064,CN(CCCN1CCN(C)CC1)C(=O)c2cc3cc(Nc4nccc(n4)c5cn(C)cn5)cc(Cl)c3[nH]2,CHEMBL3664215,IC50,7.87
9689073,CN1CCN(CC1)C(=O)c2cc3cc(Nc4nccc(n4)c5cc(OC6COCC6O)ccn5)ccc3[nH]2,CHEMBL3641586,IC50,7.87
9689082,COc1cc(C)cc(OC)c1OCCN2CCOCC2,CHEMBL3695963,IC50,7.87
9689091,C[C@@H](Oc1nc(cc2ncccc12)c3ccccc3F)[C@H]4CNC(=O)C4,CHEMBL3696048,IC50,7.87
9689100,CC1CN(CC(C)N1C)C(=O)c2cc3cc(Nc4nccc(n4)c5cn(C)cn5)cc(Cl)c3[nH]2,CHEMBL3668861,IC50,7.88
9689109,CN(C)C(=O)c1cc2cc(Nc3nccc(n3)c4cn(cn4)C5CC5)cc(Cl)c2[nH]1,CHEMBL3664161,IC50,7.88
9689118,CN1CCN(CC1)C(=O)c2cc3cc(Nc4nccc(n4)c5cc(OCC=C)ccn5)ccc3[nH]2,CHEMBL3643746,IC50,7.88
9689127,COc1cc(cc(OC)c1OC)c2cc3ncccc3c(N[C@H](C)[C@H]4CNC(=O)C4)n2,CHEMBL3695983,IC50,7.88
9689136,C[C@@H](Oc1nc(cc2ncccc12)c3ccc(OC(F)(F)F)c(F)c3)[C@H]4CNC(=O)C4,CHEMBL3695946,IC50,7.88
9689146,Cc1cc(C)cc(Nc2nccc(n2)n3cc(C)c(CN4CC[C@@H](N)C4)c3)c1,CHEMBL3622936,IC50,7.88
9689156,CN(C)C(=O)c1cc2cc(Nc3nccc(n3)c4ncn(C)c4C)cc(C)c2[nH]1,CHEMBL3664142,IC50,7.89
9689165,CN(C)C(=O)c1cc2ccc(Nc3nccc(n3)c4ccccn4)cc2[nH]1,CHEMBL3641550,IC50,7.89
9689174,CN(C1CCN(C)CC1)C(=O)c2cc3cc(Nc4nccc(n4)c5cn(C)cn5)cc(Cl)c3[nH]2,CHEMBL3664211,IC50,7.89
9689183,CN1C=Nc2cc(nc(NC3CC3)c2C1=O)c4ccc(NCCN5CCCC5)c(c4)S(=O)(=O)C,CHEMBL3698027,IC50,7.89
9689192,CN1CCN(CC1)C(=O)c2cc3cc(Nc4nccc(n4)c5cc(OC6CCCC[C@@H]6O)ccn5)ccc3[nH]2,CHEMBL3641600,IC50,7.89
9689202,CN1CCN(CC1)c2ccc(Nc3ncc(F)c(Nc4ccc5nc(C)cc(N)c5c4)n3)cc2,CHEMBL3409422,IC50,7.89
9689212,CN1[C@@H]2CC[C@H]1CN(C2)C(=O)c3cc4cc(Nc5nccc(n5)c6ccccn6)ccc4[nH]3,CHEMBL3641655,IC50,7.89
9689221,COC(=O)c1cc2CCCC(O)(c2cc1F)c3ncc(s3)c4cc(C)cc(Nc5cc(ccn5)C(F)(F)F)n4,CHEMBL3698393,IC50,7.89
9689231,C[C@@H](CO)NC(=O)c1c[nH]c2ncc(nc12)c3nn(C)c4cc(Cl)ccc34,CHEMBL2348855,IC50,7.89
9689241,Cc1cc(Nc2nccc(n2)C(F)(F)F)cc(c1)c3cnc(s3)[C@]4(O)CC[C@@H](CO)C(C)(C)C4,CHEMBL3685826,IC50,7.89
9689250,Cc1nn(cc1CN2C[C@H](O)C[C@H]2C(=O)O)c3ccnc(Nc4ccc5c(c4)c(Cl)c(C)n5C)n3,CHEMBL3657553,IC50,7.89
1716512,N[C@H]1CCCC[C@H]1Nc2ncc(C(=O)N)c(Nc3cccc(c3)n4nccn4)n2,CHEMBL2177736,IC50,7.89
9689261,OC1(CCC1)c2ncc(s2)c3cc(Nc4nccc(n4)C(F)(F)F)cc(c3)N5CCOCC5,CHEMBL3685818,IC50,7.89
9689270,CC(C)n1nc(Cl)c2cc(Nc3nccc(n3)n4cc(CN5CC(O)C5)c(C)n4)ccc12,CHEMBL3657545,IC50,7.9
9689279,CN(C)CCN(C)C(=O)c1cc2cc(Nc3nccc(n3)c4cn(C)cn4)cc(Cl)c2[nH]1,CHEMBL3668801,IC50,7.9
9689288,COC(=O)c1cc2cc(Nc3nccc(n3)c4cn(C)cn4)cc(C)c2[nH]1,CHEMBL3668804,IC50,7.9
9689298,COc1ccc(Nc2nc(cn3ccnc23)c4ccc5nn[nH]c5c4)cc1OC,CHEMBL3265019,IC50,7.9
1729007,Cc1cccc(Nc2nc(N[C@@H]3CCOC[C@@H]3N)ncc2C(=O)N)c1,CHEMBL1835065,IC50,7.9
9689310,OCCCOc1ccnc(c1)c2ccnc(Nc3ccc4[nH]c(cc4c3)C(=O)N5CCCOCC5)n2,CHEMBL3643806,IC50,7.9
9689319,CN1CCN(CC1)C2CN(C2)C(=O)c3cc4cc(Nc5nccc(n5)c6ccccn6)ccc4[nH]3,CHEMBL3641677,IC50,7.91
9689328,COCC[C@@H](Oc1nc(cc2ncccc12)c3cc(OC)c(OC)c(OC)c3)[C@H]4CNC(=O)C4,CHEMBL3695978,IC50,7.91
9689338,COc1ccc(Nc2nc(cn3ccnc23)c4ccc5cnn(C)c5c4)cc1OC,CHEMBL3265022,IC50,7.91
9689348,COc1ccc(cn1)c2cc(OC[C@H]3CNC(=O)O3)c4cccnc4c2,CHEMBL3653749,IC50,7.91
9689357,C[C@@H](Oc1nc(cc2ncccc12)c3cc(F)c(Cl)c(F)c3)[C@H]4CNC(=O)C4,CHEMBL3695947,IC50,7.91
9689366,Cc1cc(Nc2nccc(n2)c3ccccn3)cc4cc([nH]c14)C(=O)N5CCC(CC5)N6CCCC6=O,CHEMBL3643796,IC50,7.91
9689375,O=C(NCC1CCOCC1)c2cc3cc(Nc4nccc(n4)c5ccccn5)ccc3[nH]2,CHEMBL3641637,IC50,7.91
9689384,CN(C)C1CCN(CC1)C(=O)c2cc3cc(Nc4nccc(n4)c5cn(C)cn5)cc(Cl)c3[nH]2,CHEMBL3664199,IC50,7.92
9689393,COC1CCN(CC1)C(=O)c2cc3cc(Nc4nccc(n4)c5cn(C)cn5)cc(Cl)c3[nH]2,CHEMBL3668854,IC50,7.92
9689402,COc1ccc(cc1C(F)(F)F)c2cc3ncccc3c(OC[C@H]4CNC(=O)C4)n2,CHEMBL3695950,IC50,7.92
9689412,COc1ccc(cc1OC)c2cc3nccn3c(Nc4ncccc4C(=O)N)n2,CHEMBL1190711,EC50,7.92
9689424,COc1ccc2c(c1)c(\C=C\3/C(=O)Nc4ccc(cc34)S(=O)(=O)N)cn2CCCC(=O)N,CHEMBL431645,IC50,7.92
9689434,Cc1cc(Nc2nccc(n2)C(F)(F)F)cc(c1)c3cnc(CNC4(CCC4)C(=O)O)s3,CHEMBL3685814,IC50,7.92
9689443,Cc1cc(Nc2nccc(n2)c3cn(C)cn3)cc4cc([nH]c14)C(=O)NCc5ccc(F)cc5,CHEMBL3668875,IC50,7.92
9689452,CN1CCN(CC1)C(=O)c2cc3cc(Nc4nccc(n4)c5cc(OCC(C)(C)C)ccn5)ccc3[nH]2,CHEMBL3641541,IC50,7.93
9689461,COCCn1cnc(c1)c2ccnc(Nc3cc(Cl)c4[nH]c(cc4c3)C(=O)N(C)C)n2,CHEMBL3668811,IC50,7.93
9689470,COc1cc(cc(OC)c1OC)c2cc3ncccc3c(OC[C@H]4CNC(=O)C4(C)C)n2,CHEMBL3695986,IC50,7.93
9689480,COc1ccc(Nc2nc(cn3ccnc23)c4cccc(c4)C(=O)Nc5ccc(cc5)c6cc[nH]n6)cc1OC,CHEMBL3265003,IC50,7.93
9689490,COc1ccc(cc1OC)c2cc3ncccc3c(NC[C@H]4CNC(=O)C4)n2,CHEMBL3696021,IC50,7.93
9689499,Cc1cc(Nc2cc(ccn2)C(F)(F)F)nc(c1)c3cnc(s3)[C@]4(O)CCCCc5ccc(cc45)C(=O)O,CHEMBL3698414,IC50,7.93
9689508,Cc1nc2ccc(cc2s1)c3cc(OCc4ncccc4C(=O)N)c5cccnc5c3,CHEMBL3653812,IC50,7.93
9689517,NC(=O)c1cccnc1COc2cc(cc3ncccc23)c4ccc(cc4)S(=O)(=O)C(F)(F)F,CHEMBL3653765,IC50,7.93
9689526,CN1CCN(CC1)C(=O)c2cc3cc(Nc4nccc(n4)c5ccccn5)ccc3[nH]2,CHEMBL3641542,IC50,7.94
9689535,CN1CCN(CC1)C(=O)c2cc3cc(Nc4nccc(n4)c5cn(C)cn5)cc(Cl)c3[nH]2,CHEMBL3664144,IC50,7.94
9689544,COCc1ccnc(c1)c2ccnc(Nc3ccc4[nH]c(cc4c3)C(=O)N5CCCOCC5)n2,CHEMBL3643787,IC50,7.94
9689553,Cc1cc(Nc2nccc(n2)c3cn(C)cn3)cc4cc([nH]c14)C(=O)N5CCc6oncc6C5,CHEMBL3668872,IC50,7.94
9689562,Cc1cc(Nc2nccc(n2)c3cn(C)cn3)cc4cc([nH]c14)C(=O)NC[C@@H]5CCCO5,CHEMBL3668815,IC50,7.94
9689572,Cc1cc(Nc2nccc(n2)n3cc(C)c(CN4CC(O)C4)c3)cc(C)c1OCCN5CCCC5,CHEMBL3622942,IC50,7.94
9689582,CN1C(=O)COCC12CCN(CC2)C(=O)c3cc4cc(Nc5nccc(n5)c6cn(C)cn6)ccc4[nH]3,CHEMBL3668858,IC50,7.95
9689592,COc1cc(Nc2nc(NC3CCCC[C@H]3N)n4nc(C)nc4c2C(=O)N)cc(OC)c1,CHEMBL475780,IC50,7.95
9689602,Cc1cc(Nc2nccc(n2)c3cn(C)cn3)cc4cc([nH]c14)C(=O)NCCN5CCOCC5,CHEMBL3664180,IC50,7.95
9689611,Cn1cnc(c1)c2ccnc(Nc3cc(Cl)c4[nH]c(cc4c3)C(=O)N[C@@H]5CC[C@H](CC5)N6CCOCC6)n2,CHEMBL3664213,IC50,7.95
9689620,CC1CN(CCO1)C(=O)c2cc3cc(Nc4nccc(n4)c5cn(C)cn5)cc(Cl)c3[nH]2,CHEMBL3668859,IC50,7.96
9689629,CCn1cc(CNC(=O)c2cc3cc(Nc4nccc(n4)c5cn(C)cn5)cc(C)c3[nH]2)c(C)n1,CHEMBL3668825,IC50,7.96
9689638,CN(C)C(=O)c1cc2ccc(Nc3nccc(n3)c4cc(OCCCO)ccn4)cc2n1C,CHEMBL3643802,IC50,7.96
9689647,CN(C)C(=O)c1cc2ccc(Nc3nccc(n3)c4cc(OCCO)ccn4)cc2[nH]1,CHEMBL3643791,IC50,7.96
9689656,CN1CCC(CC1)Nc2ccc(cc2S(=O)(=O)C)c3cc4N=CN(C)C(=O)c4c(N[C@@H]5CCOC5)n3,CHEMBL3698113,IC50,7.96
9689665,CN1CCN(CC1)C(=O)c2cc3cc(Nc4nccc(n4)c5cc(OC6CCCC(O)C6)ccn5)ccc3[nH]2,CHEMBL3641574,IC50,7.96
9689675,COc1ccc(Nc2nc(cn3ccnc23)c4cccc(c4)C(=O)Nc5ccc(cc5)c6cn[nH]c6)cc1OC,CHEMBL3265004,IC50,7.96
9689686,COc1ccc2c(c1)c(\C=C\3/C(=O)Nc4ccc(cc34)S(=O)(=O)N)cn2CCCCC(=O)O,CHEMBL105438,IC50,7.96
9689696,Cc1cc(Nc2nccc(n2)c3cn(C)cn3)cc4cc([nH]c14)C(=O)N5CCC(CC5)N6CCCC6=O,CHEMBL3664178,IC50,7.96
9689706,Cc1nn(cc1CN2CC(O)C2)c3ccnc(Nc4ccc5c(c4)c(Cl)nn5C)n3,CHEMBL3622961,IC50,7.96
9689715,Cn1cnc(c1)c2ccnc(Nc3cc(Cl)c4[nH]c(cc4c3)C(=O)NC5CCCNC5)n2,CHEMBL3664200,IC50,7.96
9689724,Cn1cnc(c1)c2ccnc(Nc3cc(Cl)c4[nH]c(cc4c3)C(=O)N[C@H]5[C@@H]6CNC[C@H]56)n2,CHEMBL3664201,IC50,7.96
9689733,NC(=O)N1CCC(O)(C1)c2ncc(s2)c3cccc(Nc4nccc(n4)C(F)(F)F)c3,CHEMBL3685790,IC50,7.96
9689742,O=C(N1CCC(CC1)N2CCCC2=O)c3cc4cc(Nc5nccc(n5)c6ccccn6)ccc4[nH]3,CHEMBL3643726,IC50,7.96
9689751,COc1ccc(cc1OC)c2cc3ncccc3c(OC[C@H]4CNC(=O)C4)n2,CHEMBL3695991,IC50,7.97
9689760,Cn1cnc(c1)c2ccnc(Nc3cc(Cl)c4[nH]c(cc4c3)C(=O)N5CCC(CC5)N6CC(O)C6)n2,CHEMBL3668786,IC50,7.97
9689769,CN(C)C(=O)c1cc2ccc(Nc3nccc(n3)c4cc(OC5CCC(O)C5)ccn4)cc2[nH]1,CHEMBL3643778,IC50,7.98
9689778,CN(C)CC[C@@H]1CC[C@@H](CC1)NC(=O)c2cc3cc(Nc4nccc(n4)c5cn(C)cn5)cc(Cl)c3[nH]2,CHEMBL3668796,IC50,7.98
9689787,CN1CCC2(CCN(C2)C(=O)c3cc4cc(Nc5nccc(n5)c6ccccn6)ccc4[nH]3)C1,CHEMBL3641615,IC50,7.98
9689797,COc1ccc(Nc2nc(cn3ccnc23)c4ccc5[nH]ncc5c4)cc1OC,CHEMBL3265021,IC50,7.98
9689807,CN(C)C(=O)c1cc2cc(Nc3nccc(n3)c4cn(C)cn4)cc(c5cnn(C)c5)c2[nH]1,CHEMBL3664160,IC50,7.99
9689816,COc1cc(cc(OC)c1OC)c2cc3ncccc3c(NCC4=NNC(=O)N4)n2,CHEMBL3695970,IC50,7.99
9689825,Cc1cc(Nc2nccc(n2)c3cn(C)cn3)cc4cc([nH]c14)C(=O)NCc5cnn(C)c5,CHEMBL3668867,IC50,7.99
9689834,Cn1cnc(c1)c2ccnc(Nc3cc(Cl)c4[nH]c(cc4c3)C(=O)NC5CCNCC5)n2,CHEMBL3664208,IC50,7.99
9689843,FC(F)(F)c1cc(Nc2nccc(n2)c3ccccn3)cc4[nH]c(nc14)C(F)(F)F,CHEMBL3643818,IC50,7.99
9689853,CC(C)(C)NC(=O)c1c[nH]c2ncc(nc12)c3n[nH]c4c(cccc34)C(C)(C)O,CHEMBL2347407,IC50,8.0
9689863,CC(C)COc1ccnc(c1)c2ccnc(Nc3ccc4[nH]c(cc4c3)C(=O)N5CCN(C)CC5)n2,CHEMBL3643731,IC50,8.0
9689872,CC(C)Nc1nc(cc2N=CN(C)C(=O)c12)c3ccc(NCCN4CCCC4)c(c3)S(=O)(=O)C,CHEMBL3698028,IC50,8.0
9689881,CN(Cc1cnn(C)c1)C(=O)c2cc3cc(Nc4nccc(n4)c5cn(C)cn5)cc(C)c3[nH]2,CHEMBL3668877,IC50,8.0
9689890,CN1CCN(CC1)C(=O)c2cc3cc(Nc4nccc(n4)c5cc(OCC6(CC#N)CC6)ccn5)ccc3[nH]2,CHEMBL3643738,IC50,8.0
9689900,COc1ccc(Nc2cc(NCCN)nnc2C(=O)N)nc1C(C)C,CHEMBL3237578,IC50,8.0
1736524,COc1ccc(Nc2cc(N[C@@H]3CCCC[C@@H]3N)nnc2C(=O)N)nc1C(C)C,CHEMBL3237575,IC50,8.0
9689913,COc1ccc(Nc2cc(N[C@@H]3CCOC[C@@H]3N)nnc2C(=O)N)nc1C(C)C,CHEMBL3237576,IC50,8.0
9689923,COc1ccc(cc1OC)c2cc3ncccc3c(OCC4CC(=O)NO4)n2,CHEMBL3696015,IC50,8.0
9689933,COc1ccc(cc1OC)c2cc3nccn3c(Nc4ccc5cn[nH]c5c4)n2,CHEMBL2170585,Ki,8.0
9689943,COc1ccnc(c1)c2ccnc(Nc3ccc4[nH]c(C)cc4c3)n2,CHEMBL3641528,IC50,8.0
9689952,COc1ccnc(c1)c2ccnc(Nc3ccc4[nH]c(cc4c3)C(=O)NCCN5CCOCC5)n2,CHEMBL3641516,IC50,8.0
9689961,C[C@@H]1C[C@@H](O)CN1Cc2cn(nc2C)c3ccnc(Nc4ccc5c(c4)c(Cl)c(C)n5C)n3,CHEMBL3657557,IC50,8.0
9689971,Cc1cc(C)cc(Nc2nccc(n2)c3nc(CO)cs3)c1,CHEMBL511811,Ki,8.0
9689982,Cc1cc(Nc2nccc(n2)c3nc(CO)cs3)cc(c1)C(F)(F)F,CHEMBL485731,Ki,8.0
9689993,Cc1ccc(Nc2nc(N[C@@H]3CCCC[C@@H]3N)ncc2C(=O)N)cc1,CHEMBL1835070,IC50,8.0
9690003,Cc1ccc(OC2CCOCC2)c(c1)C(F)(F)F,CHEMBL3695960,IC50,8.0
1716263,Cc1cccc(Nc2cc(N[C@@H]3CCCC[C@@H]3N)nnc2C(=O)N)n1,CHEMBL3233058,IC50,8.0
9690015,Cl.Cl.COc1ccc(cc1OC)c2cc3nccn3c(Nc4ncccc4C(=O)N)n2,CHEMBL541400,IC50,8.0
9690025,Cn1cnc(c1)c2ccnc(Nc3cc(Cl)c4[nH]c(cc4c3)C(=O)N5CCN(CC5)c6nccn6C)n2,CHEMBL3664203,IC50,8.0
9690035,Cn1nc(c2cnc3[nH]cc(C(=O)N[C@@]4(C)C[C@H](N)C4)c3n2)c5ccc(F)cc15,CHEMBL2347414,IC50,8.0
1719898,N[C@H]1CCCC[C@H]1Nc2cc(Nc3ccc4CCCc4n3)c(nn2)C(=O)N,CHEMBL3237564,IC50,8.0
9690047,CN1CCN(CC1)C(=O)c2cc3cc(Nc4nccc(n4)c5cc(OCC(F)(F)F)ccn5)ccc3[nH]2,CHEMBL3643747,IC50,8.01
9690056,Cc1cc(Nc2nccc(n2)c3cn(C)cn3)cc4cc([nH]c14)C(=O)NCc5cccc(F)c5,CHEMBL3668841,IC50,8.01
9690065,Cn1cnc(c1)c2ccnc(Nc3cc(Cl)c4[nH]c(cc4c3)C(=O)NCCCN5CCOCC5)n2,CHEMBL3668790,IC50,8.01
26212,C[C@]12O[C@H](C[C@]1(O)CO)n3c4ccccc4c5c6C(=O)NCc6c7c8ccccc8n2c7c35,CHEMBL603469,Kd,8.02
9690076,Cc1oc(CNC(=O)c2cc3cc(Nc4nccc(n4)c5cn(C)cn5)cc(C)c3[nH]2)nn1,CHEMBL3668869,IC50,8.02
9690085,CN1CCN(CC1)C(=O)c2cc3cc(Nc4nccc(n4)c5cc(ccn5)C(C)(C)C)ccc3[nH]2,CHEMBL3641548,IC50,8.03
325987,NC(=O)[C@@H]1CCCN(C1)c2ccc(Nc3ncc(C(=O)N)c(NC4CC4)n3)cc2,CHEMBL3645122,Kd,8.03
9690096,CCn1ccc2cc(Nc3nccc(n3)n4cc(CN5CC(O)C5)c(n4)C6CC6)ccc12,CHEMBL3622953,IC50,8.04
9690106,Cc1cc(Nc2nccc(n2)c3cn(C)cn3)cc4cc([nH]c14)C(=O)NCC5CNC(=O)C5,CHEMBL3668844,IC50,8.04
9690115,Cc1cc(Nc2nccc(n2)c3cn(C)cn3)cc4cc([nH]c14)C(=O)NCc5cscn5,CHEMBL3668827,IC50,8.04
9690124,Cc1cc(Nc2nccc(n2)c3cn(C)cn3)cc4cc([nH]c14)C(=O)O,CHEMBL3668806,IC50,8.04
9690133,Cn1cnc(c1)c2ccnc(Nc3cc(Cl)c4[nH]c(cc4c3)C(=O)N5CCN(CC5)c6ccccn6)n2,CHEMBL3664212,IC50,8.04
5839886,COc1cc(Nc2nc(NCCN)n3cnnc3c2C(=O)N)cc(OC)c1,CHEMBL474582,IC50,8.05
9690145,COc1cc(Nc2nc(N[C@@H]3CCCC[C@@H]3N)n4cnnc4c2C(=O)N)cc(OC)c1,CHEMBL514012,IC50,8.05
5839899,COc1cc(Nc2nc(N[C@H]3CCCC[C@H]3N)n4cnnc4c2C(=O)N)cc(OC)c1,CHEMBL475609,IC50,8.05
9690158,COc1ccc(Nc2nc(cn3ccnc23)c4cccc(c4)C(=O)Nc5cccc(c5)C(=O)O)cc1OC,CHEMBL3264997,IC50,8.05
9690169,C[C@@H](CO)NC(=O)c1sc(nc1C)c2ccnc(Nc3cc(C)cc(C)c3)n2,CHEMBL512172,Ki,8.05
9690180,C[C@@H](Oc1cc(cc2ncsc12)c3cnn(c3)C(F)F)[C@H]4CNC(=O)O4,CHEMBL3622698,IC50,8.05
9690191,C[C@H](CO)NC(=O)c1sc(nc1C)c2ccnc(Nc3cc(C)cc(C)c3)n2,CHEMBL473229,IC50,8.05
9690201,Cc1cc(Nc2nccc(n2)c3cn(C)cn3)cc4cc([nH]c14)C(=O)N5CCCOCC5,CHEMBL3664173,IC50,8.05
9690210,Cc1cc(Nc2nccc(n2)c3cn(C)cn3)cc4cc([nH]c14)C(=O)N5Cc6cnn(C)c6C5,CHEMBL3668817,IC50,8.05
9690220,Cc1cc(Nc2nccc(n2)n3cc(CN4CC(O)C4)c(C)n3)cc(C)c1OCCN5CCCC5,CHEMBL3622943,IC50,8.05
1722457,Cc1cc(cc(Nc2cc(N[C@@H]3CCCC[C@@H]3N)cnc2C(=O)N)n1)C(C)(C)O,CHEMBL3415596,IC50,8.05
9690232,CCN1CC2(CCN(C2)C(=O)c3cc4cc(Nc5nccc(n5)c6cn(C)cn6)cc(Cl)c4[nH]3)C1,CHEMBL3668800,IC50,8.06
9690241,CN1CCN(CC1)C(=O)c2cc3cc(Nc4nccc(n4)c5ccccn5)cc(C)c3[nH]2,CHEMBL3643777,IC50,8.06
9690250,COC(=O)c1ccc2c(CCCC2(O)c3ncc(s3)c4cc(C)cc(Nc5cc(ccn5)C(F)(F)F)n4)c1,CHEMBL3698397,IC50,8.06
9690259,COc1ccnc(c1)c2ccnc(Nc3ccc4[nH]c(cc4c3)C(=O)N5CCN(C)CC5)n2,CHEMBL3641545,IC50,8.06
9690269,Cc1cc(C)cc(Nc2cc(N[C@@H]3CCCC[C@@H]3N)cnc2C(=O)N)c1,CHEMBL3415584,IC50,8.06
9690279,CN1CCc2ccc(NC(=O)c3cc4cc(Nc5nccc(n5)c6cn(C)cn6)cc(Cl)c4[nH]3)cc2CC1,CHEMBL3664198,IC50,8.07
9690289,COc1ccc(Nc2nc(cn3ccnc23)c4ccc5[nH]ccc5c4)cc1OC,CHEMBL3265020,IC50,8.07
9690300,COc1cccc(Nc2nc(cn3ccnc23)c4ccc5cn[nH]c5c4)c1,CHEMBL3265028,IC50,8.07
9690310,COc1ccnc(c1)c2ccnc(Nc3ccc4[nH]c(cc4c3)C(=O)NCCCN(C)C)n2,CHEMBL3641515,IC50,8.07
9690319,Cn1cnc(c1)c2ccnc(Nc3cc(Cl)c4[nH]c(cc4c3)C(=O)N5CCCNCC5)n2,CHEMBL3664155,IC50,8.07
9690328,CC(C)Cn1cnc(c1)c2ccnc(Nc3cc(Cl)c4[nH]c(cc4c3)C(=O)N5CCN(C)CC5)n2,CHEMBL3664171,IC50,8.08
9690337,CN1CCN(CC1)C(=O)c2cc3cc(Nc4nccc(n4)c5cc(OC6CCOCC6)ccn5)ccc3[nH]2,CHEMBL3641589,IC50,8.08
9690346,CN1CCN(CC1)C(=O)c2cc3cc(Nc4nccc(n4)c5cc(OCCCO)ccn5)ccc3[nH]2,CHEMBL3641584,IC50,8.08
9690355,COc1ccc(cc1OC)c2cc(OC[C@H]3CNC(=O)C3)c4cccnc4c2,CHEMBL3650446,IC50,8.08
9690364,Cc1cc(Nc2nccc(n2)c3cn(C)cn3)cc4cc([nH]c14)C(=O)NCc5c[nH]nc5C,CHEMBL3668843,IC50,8.08
9690373,Cn1cnc(c1)c2ccnc(Nc3cc(Cl)c4[nH]c(cc4c3)C(=O)N5CC[S+]([O-])CC5)n2,CHEMBL3668855,IC50,8.08
9690382,Cn1cnc(c1)c2ccnc(Nc3cc(Cl)c4[nH]c(cc4c3)C(=O)O)n2,CHEMBL3668807,IC50,8.08
9690391,COc1ccc(cc1OC)c2cc3ncccc3c(OCCC4CNC(=O)C4)n2,CHEMBL3696029,IC50,8.09
9690400,Cn1cnc2ccc(cc12)c3cc(OCc4ncccc4C(=O)N)c5cccnc5c3,CHEMBL3653810,IC50,8.09
9690409,CC(CO)COc1ccnc(c1)c2ccnc(Nc3ccc4[nH]c(cc4c3)C(=O)N5CCN(C)CC5)n2,CHEMBL3641587,IC50,8.1
9690419,CCOc1cc2[nH]c(nc2cc1F)c3n[nH]cc3NC(=O)N(CC)CC,CHEMBL2017551,IC50,8.1
9690429,CN1CCC(CC1)NC(=O)c2cc3cc(Nc4nccc(n4)c5cn(C)cn5)cc(Cl)c3[nH]2,CHEMBL3664207,IC50,8.1
9690438,CN1CCCN(CC1)C(=O)c2cc3cc(Nc4nccc(n4)c5cn(C)cn5)cc(Cl)c3[nH]2,CHEMBL3668788,IC50,8.1
9690447,CN1CCN(CC1)C(=O)c2cc3cc(Nc4nccc(n4)c5cc(OC6CCCC6)ccn5)ccc3[nH]2,CHEMBL3641534,IC50,8.1
9690456,COc1ccnc(c1)c2ccnc(Nc3ccc4[nH]c(cc4c3)C(C)(C)C)n2,CHEMBL3641526,IC50,8.1
9690465,COc1ncc(cc1F)c2cc(O[C@H](C)[C@H]3CNC(=O)C3)c4cccnc4c2,CHEMBL3653795,IC50,8.1
9690475,Cc1cc(C)cc(Nc2nccc(n2)c3nccs3)c1,CHEMBL509161,Ki,8.1
9690486,Cc1cn(cc1CN2CC[C@@H](O)C2)c3ccnc(Nc4cc(C)c(OS(=O)(=O)C)c(C)c4)n3,CHEMBL3622946,IC50,8.1
9690497,Cc1nn(cc1CN2CC(O)C2)c3ccnc(Nc4ccc5c(cnn5C6CC6)c4)n3,CHEMBL3622960,IC50,8.1
9690508,NCCCNc1nc(cc2ccccc12)c3ccc(cc3)N4CCOCC4,CHEMBL512345,IC50,8.1
9690520,NCCCNc1nc(cc2ncccc12)c3ccc(cc3)N4CCOCC4,CHEMBL287478,IC50,8.1
9690530,CC(O)C(C)Oc1ccnc(c1)c2ccnc(Nc3ccc4[nH]c(cc4c3)C(=O)N5CCN(C)CC5)n2,CHEMBL3641582,IC50,8.11
9690539,Cn1cnc(c1)c2ccnc(Nc3cc(Cl)c4[nH]c(cc4c3)C(=O)NC(C)(C)CN5CCCC5)n2,CHEMBL3664196,IC50,8.11
9690548,NC(=O)c1cccnc1COc2cc(cc3ncccc23)c4ccc5C(=O)NCCc5c4,CHEMBL3653780,IC50,8.11
9690558,CN(CCO)c1ccc(Nc2nc(cn3ccnc23)c4ccc5cn[nH]c5c4)cc1,CHEMBL3265035,IC50,8.12
9690568,Cc1cc(Nc2nccc(n2)c3cn(C)cn3)cc4cc([nH]c14)C(=O)NCc5csc(C)n5,CHEMBL3668837,IC50,8.12
9690577,Cn1cnc(c1)c2ccnc(Nc3cc(Cl)c4[nH]c(cc4c3)C(=O)N5CCn6cnnc6C5)n2,CHEMBL3664152,IC50,8.12
9690586,CN(CCN1CCN(C)CC1)C(=O)c2cc3cc(Nc4nccc(n4)c5cn(C)cn5)cc(Cl)c3[nH]2,CHEMBL3664205,IC50,8.13
9690596,Cl.COc1ccc(cc1OC)c2cc3nccn3c(Nc4ncccc4C(=O)N)n2,CHEMBL1242100,Ki,8.13
9690606,O=C1C[C@@H](COc2nc(cc3ncccc23)c4ccccc4)CN1,CHEMBL3696056,IC50,8.13
9690615,CN(C)CC#CCNC(=O)c1cc2cc(Nc3nccc(n3)c4cn(C)cn4)cc(Cl)c2[nH]1,CHEMBL3664209,IC50,8.14
9690624,CN(Cc1ccnn1C)C(=O)c2cc3cc(Nc4nccc(n4)c5cn(C)cn5)cc(C)c3[nH]2,CHEMBL3668846,IC50,8.14
9690633,CNC(=O)c1cc2cc(Nc3nccc(n3)c4cc(COC)ccn4)cc(C)c2[nH]1,CHEMBL3643824,IC50,8.14
9690642,COc1ccc(cc1Cl)c2cc3ncccc3c(OC[C@H]4CNC(=O)C4)n2,CHEMBL3695961,IC50,8.14
9690651,COc1ccc(cc1OC)c2cc3ncccc3c(OC(CC(C)C)[C@H]4CNC(=O)C4)n2,CHEMBL3639949,IC50,8.14
9690660,C[C@@H](Oc1nc(cc2ncccc12)c3ccccn3)[C@H]4CNC(=O)C4,CHEMBL3696049,IC50,8.14
9690670,Cc1cc(C)cc(Nc2nccc(n2)n3cc(CN4CC(O)C4)c(C)n3)c1,CHEMBL3622929,IC50,8.14
9690681,Cc1cn(cc1CN2CC(O)C2)c3ccnc(Nc4cc(C)c(OCC(=O)N5CCCC5)c(C)c4)n3,CHEMBL3622940,IC50,8.14
9690691,Cn1cnc(c1)c2ccnc(Nc3cc(Cl)c4[nH]c(cc4c3)C(=O)NCCCCCN5CCOCC5)n2,CHEMBL3668785,IC50,8.14
9690700,CNC(=O)c1cc2cc(Nc3nccc(n3)c4cn(C)cn4)cc(OC)c2[nH]1,CHEMBL3664150,IC50,8.15
9690709,COc1cc(cc(OC)c1OC)c2cc3ncccc3c(OCC4CNC(=O)C4)n2,CHEMBL3695977,IC50,8.15
9690718,CN1CCC(CNC(=O)c2cc3cc(Nc4nccc(n4)c5cn(C)cn5)cc(Cl)c3[nH]2)CC1,CHEMBL3668803,IC50,8.16
9690728,COc1cc(Nc2nc(NC3CCCC[C@H]3N)n4nc(nc4c2C(=O)N)c5cccc(O)c5)cc(OC)c1,CHEMBL474832,IC50,8.16
9690739,COc1ccc(Nc2nc(cn3ccnc23)c4ccc5cn[nH]c5c4)cc1,CHEMBL3265029,IC50,8.16
9690750,COc1ccc(Nc2nc(nc3scnc23)c4cccc(c4)C(=O)Nc5ccc(cc5)C(=O)O)cc1OC,CHEMBL2177737,IC50,8.16
1725338,Cc1cc(C)nc(Nc2cc(NC[C@@H](N)CC(F)F)cnc2C(=O)N)c1,CHEMBL3415585,IC50,8.16
9690762,Cc1cc(Nc2nccc(n2)C(F)(F)F)cc(c1)c3cnc(CC(C)(C)c4ocnn4)s3,CHEMBL3685808,IC50,8.16
9690772,Cn1nc(c2cnc3[nH]cc(C(=O)NC(C)(C)C)c3n2)c4ccc(Cl)cc14,CHEMBL2348853,IC50,8.16
7716779,N[C@H]1CCCC[C@H]1Nc2cnc(C(=O)N)c(c2)c3nc4ccccc4[nH]3,CHEMBL3415608,IC50,8.16
9690784,CN(C)C(=O)c1cc2cc(Nc3nccc(n3)c4cn(C)cn4)cc(Br)c2[nH]1,CHEMBL3664156,IC50,8.17
9690793,CN1CCN(CC1)C(=O)c2cc3cc(Nc4nccc(n4)c5cc(OCC6(CO)CC6)ccn5)ccc3[nH]2,CHEMBL3641602,IC50,8.17
9690802,Cc1cc(Nc2cc(ccn2)C(F)(F)F)nc(c1)c3cnc(s3)C4(O)CCCc5cc(Br)ccc45,CHEMBL3698424,IC50,8.17
9690811,Cn1cnc(c1)c2ccnc(Nc3cc(Cl)c4[nH]c(cc4c3)C(=O)NCCCCN5CCCC5=O)n2,CHEMBL3668793,IC50,8.17
9690820,COC[C@@H]1C[C@@H](O)CN1Cc2cn(nc2C)c3ccnc(Nc4ccc5c(c4)c(Cl)c(C)n5C)n3,CHEMBL3657554,IC50,8.18
9690829,COCc1ccnc(c1)c2ccnc(Nc3ccc4[nH]c(cc4c3)C(=O)N5CCN(C)CC5)n2,CHEMBL3641507,IC50,8.18
9690838,Cn1cnc(c1)c2ccnc(Nc3cc(Cl)c4[nH]c(cc4c3)C(=O)NCCCN5CC[C@@H](F)C5)n2,CHEMBL3668798,IC50,8.18
9690847,CC(C)N1CCN(CC1)C(=O)c2cc3cc(Nc4nccc(n4)c5cn(C)cn5)cc(Cl)c3[nH]2,CHEMBL3668797,IC50,8.19
9690856,CN1CCCC(C1)NC(=O)c2cc3cc(Nc4nccc(n4)c5cn(C)cn5)cc(Cl)c3[nH]2,CHEMBL3664197,IC50,8.19
1728585,CC(C)C[C@H](CN)Nc1cc(Nc2cccc(n2)C(C)(C)C)c(nn1)C(=O)N,CHEMBL3237572,IC50,8.2
9690867,COc1cc(ccc1OC2CCOCC2)c3cc4ncccc4c(NCC5=CNC(=O)C=C5)n3,CHEMBL3696006,IC50,8.2
9690877,COc1ccc(Nc2nc(cn3ccnc23)c4ccc5nc[nH]c5c4)cc1OC,CHEMBL3265018,IC50,8.2
9690887,COc1ccc(cc1F)c2cc3ncccc3c(OC[C@H]4CNC(=O)C4)n2,CHEMBL3695992,IC50,8.2
9690896,Cc1cc(Nc2nccc(n2)c3cn(C)cn3)cc4cc([nH]c14)C(=O)NCc5c[nH]cn5,CHEMBL3668878,IC50,8.2
1731768,Cc1cccc(Nc2nc(N[C@@H]3CCCC[C@@H]3N)ncc2C(=O)N)c1,CHEMBL1235110,IC50,8.2
9690908,Cc1cn(cc1CN2CC(O)C2)c3ccnc(Nc4cc(C)c(OS(=O)(=O)C)c(C)c4)n3,CHEMBL3622945,IC50,8.2
9690919,CN(C)Cc1cn(cc1C)c2ccnc(Nc3cc(C)cc(C)c3)n2,CHEMBL3622930,IC50,8.21
9690929,COC1CN(C1)C2CCN(CC2)C(=O)c3cc4cc(Nc5nccc(n5)c6cn(C)cn6)cc(Cl)c4[nH]3,CHEMBL3664210,IC50,8.21
9690938,CC(=O)NCc1cc(Nc2nccc(n2)C(F)(F)F)cc(c1)c3cnc(s3)[C@@]4(O)CC[C@H](C(=O)N)C(C)(C)C4,CHEMBL3685801,IC50,8.22
9690947,CCOc1ccnc(c1)c2ccnc(Nc3cc(C)c4[nH]c(cc4c3)C(=O)N5CCN(C)CC5)n2,CHEMBL3643779,IC50,8.22
9690956,CN(C)C(=O)c1cc2cc(Nc3nccc(n3)c4ccccn4)cc(C)c2[nH]1,CHEMBL3643775,IC50,8.22
9690965,CN(C)C(=O)c1cc2ccc(Nc3nccc(n3)c4cc(ccn4)C(C)(C)C#N)cc2[nH]1,CHEMBL3643803,IC50,8.22
9690975,COc1cc(Nc2nc(N[C@H]3CCCC[C@H]3N)n4ccnc4c2C(=O)N)cc(OC)c1,CHEMBL485204,IC50,8.22
9690985,COc1cc(cc(OC)c1OC)c2cc(OC[C@H]3CNC(=O)O3)c4cccnc4c2,CHEMBL3653747,IC50,8.22
9690994,COc1ccc(cc1OC)c2cc3ncccc3c(OC[C@H]4CNC(=O)[C@@H]4C)n2,CHEMBL3696027,IC50,8.22
9691004,Cc1cc(C)cc(Nc2nc(N[C@@H]3CCCC[C@@H]3N)n4ccnc4c2C(=O)N)c1,CHEMBL474655,IC50,8.22
9691015,Cc1cc(C)cc(Nc2nc(N[C@H]3CCCC[C@H]3N)n4ccnc4c2C(=O)N)c1,CHEMBL459146,IC50,8.22
9691025,Cc1cc(Nc2nccc(n2)c3cn(C)cn3)cc4cc([nH]c14)C(=O)NCc5oc6ccccc6n5,CHEMBL3668830,IC50,8.22
9691035,Cn1nc(c2cnc3[nH]cc(C(=O)NC(C)(C)CO)c3n2)c4ccc(Cl)cc14,CHEMBL2348856,IC50,8.22
9691045,CN(C)C(=O)c1cc2cc(Nc3nccc(n3)c4cc(ccn4)C(C)(C)C#N)ccc2[nH]1,CHEMBL3643809,IC50,8.23
9691054,CCN(CC)C1CN(C1)C(=O)c2cc3cc(Nc4nccc(n4)c5ccccn5)ccc3[nH]2,CHEMBL3641623,IC50,8.24
9691063,CN(C)C(=O)c1cc2ccc(Nc3nccc(n3)c4ccccn4)cc2n1C,CHEMBL3641565,IC50,8.24
9691072,CN(C1CCOCC1)C(=O)c2cc3cc(Nc4nccc(n4)c5cc(ccn5)C(C)(C)C#N)ccc3[nH]2,CHEMBL3643808,IC50,8.24
9691081,COC(=O)c1cccc2c1CCC[C@]2(O)c3ncc(s3)c4cc(C)cc(Nc5cc(ccn5)C(F)(F)F)n4,CHEMBL3698407,IC50,8.24
9691091,COc1c(C)cc(Nc2nccc(n2)n3cc(C)c(CN4CC(O)C4)c3)cc1C,CHEMBL3622944,IC50,8.24
9691101,COc1ccc(cc1OC)c2cc3ncccc3c(OC[C@H]4CNC(=O)C4(C)C)n2,CHEMBL3696036,IC50,8.24
9691110,COc1ccnc(c1)c2ccnc(Nc3ccc4[nH]c(cc4c3)C(=O)N5CCN(CC5)C(=O)[C@@H]6CCCO6)n2,CHEMBL3641521,IC50,8.24
9691119,Cc1cc(CNC(=O)c2cc3cc(Nc4nccc(n4)c5cn(C)cn5)cc(C)c3[nH]2)n(C)n1,CHEMBL3668812,IC50,8.24
9691128,CN1C=Nc2cc(nc(N[C@@H]3CC[C@H](N)CC3)c2C1=O)c4ccc(cc4)N5CCC(C)(O)CC5,CHEMBL3641466,IC50,8.25
9691137,Cc1c(Br)c(Nc2cc(ccn2)C(F)(F)F)nc(c1Br)c3cnc(s3)[C@@]4(O)CCCc5cc(ccc45)C(=O)O,CHEMBL3698404,IC50,8.25
9691146,Cc1cc(Nc2nccc(n2)c3cn(C)cn3)cc4cc([nH]c14)C(=O)NCc5cc(C)n(C)n5,CHEMBL3668835,IC50,8.25
9691155,COCCC(Oc1nc(cc2ncccc12)c3ccc(OC)c(OC)c3)[C@H]4CNC(=O)C4,CHEMBL3696022,IC50,8.26
9691164,Cc1cc(Nc2nccc(n2)c3cn(C)cn3)cc4cc([nH]c14)C(=O)N5CCC5,CHEMBL3664172,IC50,8.26
9691173,C[C@@H](Oc1cc(cc2ncccc12)c3ccc(OC(F)F)nc3)[C@H]4CNC(=O)C4,CHEMBL3653832,IC50,8.27
9691183,Cc1cc(C)cc(Nc2nccc(n2)n3cc(C)c(CN4CC(O)C4)c3)c1,CHEMBL3622926,IC50,8.27
9691193,CC(C)C(C)Oc1ccnc(c1)c2ccnc(Nc3ccc4[nH]c(cc4c3)C(=O)N5CCN(C)CC5)n2,CHEMBL3641533,IC50,8.28
9691202,CN1C=Nc2cc(nc(O[C@@H]3CC[C@H](N)CC3)c2C1=O)c4ccc(cc4)N5CCOCC5,CHEMBL3643529,IC50,8.28
9691211,C[C@@H](Oc1cc(cc2ncccc12)c3ccc4nc(cn4c3)C(F)(F)F)[C@H]5CNC(=O)C5,CHEMBL3653811,IC50,8.28
9691220,CN(C)C(=O)c1cc2cc(Nc3nccc(n3)c4cc(OCC(C)(C)CO)ccn4)ccc2[nH]1,CHEMBL3641530,IC50,8.29
9691229,CN(CCCN1CCOCC1)C(=O)c2cc3cc(Nc4nccc(n4)c5cn(C)cn5)cc(Cl)c3[nH]2,CHEMBL3664183,IC50,8.29
9691238,CNC(=O)c1cc2cc(Nc3nccc(n3)c4cn(C)cn4)cc(C)c2[nH]1,CHEMBL3664149,IC50,8.29
9691247,Cn1cnc(c1)c2ccnc(Nc3cc(Cl)c4[nH]c(cc4c3)C(=O)N5CCC(CC5)C#N)n2,CHEMBL3668860,IC50,8.29
9691257,CC(C)(C)NC(=O)c1c[nH]c2ncc(nc12)c3nn(CCC(O)CO)c4cc(F)ccc34,CHEMBL2347991,IC50,8.3
9691268,CC(C)(C)NC(=O)c1c[nH]c2ncc(nc12)c3nn(CCCS(=O)(=O)C)c4cc(F)ccc34,CHEMBL2347989,IC50,8.3
1722731,CCCc1cccc(Nc2cc(N[C@@H]3CCCC[C@@H]3N)nnc2C(=O)N)n1,CHEMBL3237557,IC50,8.3
1728688,CCCc1nc(Nc2cc(N[C@@H]3CCCC[C@@H]3N)nnc2C(=O)N)ccc1OC,CHEMBL3237574,IC50,8.3
9691283,CN(C)CCCn1nc(c2cnc3[nH]cc(C(=O)NC(C)(C)C)c3n2)c4cc(OC(F)F)ccc14,CHEMBL2347415,IC50,8.3
9691293,CN(C)CCNC(=O)c1cc2cc(Nc3nccc(n3)c4cn(C)cn4)cc(Cl)c2[nH]1,CHEMBL3664214,IC50,8.3
9691302,COc1cc(cc(Cl)c1OC)c2cc3c(ccc[n+]3[O-])c(O[C@H](C)[C@H]4CNC(=O)C4)n2,CHEMBL3695954,IC50,8.3
9691311,COc1cc(cc(OC)c1OC)c2cc3ncccc3c(NCC4=NNC(=O)O4)n2,CHEMBL3695969,IC50,8.3
9691321,COc1ccc(cc1OC)c2cc3ncsc3c(O[C@H](C)[C@H]4CNC(=O)C4)n2,CHEMBL3622208,IC50,8.3
9691332,COc1ccc2N(C)CC(\C=C\3/C(=O)Nc4ccc(cc34)S(=O)(=O)N)c2c1,CHEMBL471424,IC50,8.3
9691344,COc1ccc2c(c1)c(\C=C\3/C(=O)Nc4ccc(cc34)S(=O)(=O)N)cn2C,CHEMBL104333,IC50,8.3
9691355,Cc1cc(C)nc(Nc2cc(NC[C@@H](N)CCS(=O)(=O)C)cnc2C(=O)N)c1,CHEMBL3415591,IC50,8.3
9691366,Cc1cc(C)nc(Nc2cc(N[C@@H]3CCCC[C@@H]3N)nnc2C(=O)N)c1,CHEMBL3237563,IC50,8.3
9691376,Cc1cc(Nc2nccc(n2)C(F)(F)F)cc(c1)c3cnc(CNCCS(=O)(=O)N)s3,CHEMBL3685813,IC50,8.3
9691386,Cc1ccc(Nc2cc(N[C@@H]3CCCC[C@@H]3N)nnc2C(=O)N)nc1C,CHEMBL3237561,IC50,8.3
9691397,Cc1cn(cc1CN2CC(O)C2)c3ccnc(Nc4cc(C)c(OCCO)c(C)c4)n3,CHEMBL3622938,IC50,8.3
9691408,Cn1nc(c2cnc3[nH]cc(C(=O)NC(C)(C)C)c3n2)c4cc(CO)ccc14,CHEMBL2348858,IC50,8.3
9691419,N[C@H]1CCCC[C@H]1Nc2cc3N=CNC(=O)c3c(Nc4cccc(c4)n5nccn5)n2,CHEMBL3262355,IC50,8.3
1719095,N[C@H]1CCCC[C@H]1Nc2cnc(C(=O)N)c(Nc3cccc4cc[nH]c34)n2,CHEMBL3416024,IC50,8.3
1730034,N[C@H]1CCCC[C@H]1Nc2nnc(C(=O)N)c(Nc3cccc(c3)n4nccn4)n2,CHEMBL3416025,IC50,8.3
9691433,C[C@@H](Oc1cc(cc2ncccc12)c3ccc4nc(C)nc(C)c4c3)[C@H]5CNC(=O)C5,CHEMBL3653835,IC50,8.31
9691442,COc1ccc(cc1OC)c2cc3ncccc3c(O[C@H]([C@H]4CNC(=O)C4)C(F)(F)F)n2,CHEMBL3696012,IC50,8.32
9691451,COc1ccnc(Nc2cc(C)cc(n2)c3cnc(s3)[C@@]4(O)CCCc5cc(ccc45)C(=O)O)c1,CHEMBL3698443,IC50,8.32
9691460,Cc1csc(CNC(=O)c2cc3cc(Nc4nccc(n4)c5cn(C)cn5)cc(C)c3[nH]2)n1,CHEMBL3668833,IC50,8.32
9691469,CN1CCN(CC1)C(=O)c2cc3cc(Nc4nccc(n4)c5ccccn5)cc(Cl)c3[nH]2,CHEMBL3643781,IC50,8.33
9691478,COc1cc(Nc2nccc(n2)c3ccccn3)cc4cc([nH]c14)C(=O)N5CCN(C)CC5,CHEMBL3641620,IC50,8.33
9691488,COc1ccc(Nc2nc(cn3ccnc23)c4ccc5OCCNc5c4)cc1OC,CHEMBL3265026,IC50,8.33
9691498,COc1ccc(cc1OC)c2cc3ncccc3c(OC(C(C)C)[C@H]4CNC(=O)C4)n2,CHEMBL3696040,IC50,8.33
9691507,O=C(N1CCC(C1)N2CCCC2)c3cc4cc(Nc5nccc(n5)c6ccccn6)ccc4[nH]3,CHEMBL3641656,IC50,8.33
9691516,CC(C)(C#N)c1ccnc(c1)c2ccnc(Nc3ccc4[nH]c(cc4c3)C(=O)N5CCOCC5)n2,CHEMBL3643807,IC50,8.35
9691525,COCc1ccnc(c1)c2ccnc(Nc3cc(Cl)c4[nH]c(cc4c3)C(=O)N5CCC(CC5)N6CCCC6=O)n2,CHEMBL3643821,IC50,8.35
9691534,COc1cc(cc(C)c1OC)c2cc3ncccc3c(OC[C@H]4CNC(=O)C4)n2,CHEMBL3696043,IC50,8.35
9691543,COc1cc(ccc1C(F)(F)F)c2cc(O[C@H](C)[C@H]3CNC(=O)C3)c4cccnc4c2,CHEMBL3653830,IC50,8.35
9691552,Cc1cc(Nc2cc(ccn2)C(F)(F)F)nc(c1)c3cnc(s3)[C@@]4(O)CCCc5cc(ccc45)C(=O)NS(=O)(=O)C(F)(F)F,CHEMBL3698431,IC50,8.35
9691561,Cc1cc(Nc2nccc(n2)c3cn(C)cn3)cc4cc([nH]c14)C(=O)NCc5cn(C)cn5,CHEMBL3668832,IC50,8.35
9691570,Cc1cc(Nc2nccc(n2)c3cn(C)cn3)cc4cc([nH]c14)C(=O)NCc5nc6ccccc6[nH]5,CHEMBL3668839,IC50,8.35
5494618,CC(C)(O)c1ccc2cc([nH]c2c1)c3n[nH]c4ccsc34,CHEMBL2017552,IC50,8.36
9691581,CN1CCN(CC1)C(=O)c2cc3cc(Nc4nccc(n4)c5cc(OCC6(C)CC6)ccn5)ccc3[nH]2,CHEMBL3643740,IC50,8.37
9691590,COc1cc(Nc2nccc(n2)c3cn(C)cn3)cc4cc([nH]c14)C(=O)N(C)C,CHEMBL3668810,IC50,8.37
9691599,COc1cc(cc(OC)c1OC)c2cc3c(ccc[n+]3[O-])c(O[C@H](C)[C@H]4CNC(=O)C4)n2,CHEMBL3695981,IC50,8.37
9691609,COc1ccc(Nc2nc(cn3ccnc23)c4cccc(c4)C(=O)Nc5ccc(cc5)C(=O)N)cc1OC,CHEMBL3264999,IC50,8.37
9691619,COc1ccc(cc1OC)c2cc3ncccc3c(OC(C=C)[C@H]4CNC(=O)C4)n2,CHEMBL3696038,IC50,8.37
9691628,Cc1cc(Nc2nccc(n2)c3cn(C)cn3)cc4cc([nH]c14)C(=O)NCC5CCOCC5,CHEMBL3668862,IC50,8.37
9691637,CC(=O)NNC(=O)c1cc2cc(Nc3nccc(n3)c4cn(C)cn4)cc(C)c2[nH]1,CHEMBL3668880,IC50,8.38
9691646,CNC(=O)c1cc2cc(Nc3nccc(n3)c4ccccn4)cc(OC)c2[nH]1,CHEMBL3641642,IC50,8.39
9691655,COc1cc(cc(OC)c1OC)c2cc3ncccc3c(OC([C@H]4CNC(=O)C4)C(F)(F)F)n2,CHEMBL3695971,IC50,8.39
9691664,COc1ccc(cc1OC)c2cc3ncccc3c(OCC4=NNC(=O)O4)n2,CHEMBL3696008,IC50,8.39
9691673,Cc1cc(Nc2cc(ccn2)C(F)(F)F)nc(c1)c3cnc(s3)[C@@]4(O)CCCc5cc(ccc45)B(O)O,CHEMBL3698436,IC50,8.39
9691682,Cn1cnc(c1)c2ccnc(Nc3cc(Cl)c4[nH]c(cc4c3)C(=O)N5CCCOCC5)n2,CHEMBL3664184,IC50,8.39
9691692,CC(C)(C)NC(=O)c1c[nH]c2ncc(nc12)c3nn(C4CCNCC4)c5cc(F)ccc35,CHEMBL2347994,IC50,8.4
1748498,CC(C)(C)NC(=O)c1c[nH]c2ncc(nc12)c3nn(CCCN4CC(C4)C#N)c5ccc(OC(F)F)cc35,CHEMBL2347417,IC50,8.4
1719197,CC(C)c1cccc(Nc2cc(N[C@@H]3CCCC[C@@H]3N)nnc2C(=O)N)n1,CHEMBL3237559,IC50,8.4
9691706,CC1(CCC(O)(CC1)c2ncc(s2)c3cccc(Nc4nccc(n4)C(F)(F)F)c3)C(=O)O,CHEMBL3685815,IC50,8.4
9691716,COc1cc(Nc2nc(N[C@@H]3CCCC[C@@H]3N)n4ncnc4c2C(=O)N)cc(OC)c1,CHEMBL474654,IC50,8.4
5839989,COc1cc(Nc2nc(N[C@H]3CCCC[C@H]3N)n4ncnc4c2C(=O)N)cc(OC)c1,CHEMBL475575,IC50,8.4
1726090,COc1ccc(Nc2cc(N[C@@H]3CCCC[C@@H]3N)nnc2C(=O)N)nc1OC,CHEMBL3237565,IC50,8.4
9691731,COc1ccc(Nc2nc(cn3ccnc23)c4cccc(c4)C(=O)Nc5ccc(cc5)C(=O)O)cc1OC,CHEMBL3264995,Kd,8.4
9691742,Cc1cc(C)cc(Nc2nccc(n2)c3ncc(CO)s3)c1,CHEMBL511670,Ki,8.4
9691752,Cc1cc(Nc2nccc(n2)C(F)(F)F)cc(c1)c3cnc(s3)C4(O)CCC(CC4)N5CCCC5=O,CHEMBL3685825,IC50,8.4
9691761,Cc1cc(Nc2nccc(n2)c3cn(C)cn3)cc4cc([nH]c14)C(=O)NCc5cc[nH]n5,CHEMBL3668865,IC50,8.4
1501222,Cc1ccc(O)cc1Nc2ccnc(Nc3cccc(c3)S(=O)(=O)N)n2,CHEMBL249317,IC50,8.4
1719617,Cc1cccc(Nc2nc(N[C@@H]3CC(F)(F)CC[C@@H]3N)ncc2C(=O)N)c1,CHEMBL1835069,IC50,8.4
9691774,Cn1cnc(c1)c2ccnc(Nc3cc(Cl)c4[nH]c(cc4c3)C(=O)N5CCN(CCN6CCOCC6)CC5)n2,CHEMBL3668795,IC50,8.4
9691784,Cn1nc(c2cnc3[nH]cc(C(=O)NC(C)(C)C)c3n2)c4ccc(F)cc14,CHEMBL2348854,IC50,8.4
9691795,Cn1nc(c2cnc3[nH]cc(C(=O)N[C@@]4(C)C[C@@H](N)C4)c3n2)c5ccc(F)cc15,CHEMBL2347413,IC50,8.4
9691805,NC(=O)c1cccnc1COc2cc(cc3ncccc23)c4ccc5[nH]cnc5c4,CHEMBL3639526,IC50,8.4
9691815,N[C@H]1CCCC[C@H]1Nc2cc3C=CNC(=O)c3c(Nc4cccc5c(Cl)c[nH]c45)n2,CHEMBL3262623,IC50,8.4
5637842,N[C@H]1CCCC[C@H]1Nc2cc3N=CNC(=O)c3c(Nc4cccc5cc[nH]c45)n2,CHEMBL3262356,IC50,8.4
9691828,CC1(O)CN(C1)c2ccc(Nc3nc(cn4ccnc34)c5ccc6cn[nH]c6c5)cc2,CHEMBL3265030,IC50,8.41
9691838,CCn1nccc1CNC(=O)c2cc3cc(Nc4nccc(n4)c5cn(C)cn5)cc(C)c3[nH]2,CHEMBL3668836,IC50,8.41
9691847,CN1C=Nc2cc(nc(N[C@@H]3CC[C@H](N)CC3)c2C1=O)c4ccc(cc4)N5CCOCC5,CHEMBL3643503,IC50,8.41
9691856,Cn1cnc(c1)c2ccnc(Nc3cc(Cl)c4[nH]c(cc4c3)C(=O)NCCN5CCOCC5)n2,CHEMBL3668787,IC50,8.41
9691866,C1CC(CCO1)c2ccc(Nc3nc(cn4ccnc34)c5ccc6cn[nH]c6c5)cc2,CHEMBL3265034,IC50,8.42
9691876,CCCCC(Oc1nc(cc2ncccc12)c3ccc(OC)c(OC)c3)[C@H]4CNC(=O)C4,CHEMBL3696041,IC50,8.42
9691885,CN(C)CCCNC(=O)c1cc2cc(Nc3nccc(n3)c4cn(C)cn4)cc(Cl)c2[nH]1,CHEMBL3668799,IC50,8.42
9691894,CN1CCN(CC1)C(=O)c2cc3cc(Nc4nccc(n4)c5cc(OCC(C)(F)F)ccn5)ccc3[nH]2,CHEMBL3643744,IC50,8.42
9691903,CN1CCN(CC1)C(=O)c2cc3cc(Nc4nccc(n4)c5cc(OCC(F)F)ccn5)ccc3[nH]2,CHEMBL3639404,IC50,8.42
9691912,Cc1cc(Nc2nccc(n2)c3cn(C)cn3)cc4cc([nH]c14)C(=O)NCc5cccnn5,CHEMBL3668871,IC50,8.42
9691921,Cn1cnc(c1)c2ccnc(Nc3cc(Cl)c4[nH]c(cc4c3)C(=O)N5CCN(CCO)CC5)n2,CHEMBL3664192,IC50,8.42
9691930,CC(C)Oc1ccc(cc1)c2cc3ncccc3c(OC[C@H]4CNC(=O)C4)n2,CHEMBL3696051,IC50,8.43
9691939,CN(C)C(=O)c1cc2cc(Nc3nccc(n3)c4cc(O[C@H]5CCC(=O)NC5)ccn4)ccc2[nH]1,CHEMBL3643759,IC50,8.43
9691948,CN(C)CCCN(C)C(=O)c1cc2cc(Nc3nccc(n3)c4cn(C)cn4)cc(Cl)c2[nH]1,CHEMBL3664204,IC50,8.43
9691958,COc1cc(Nc2nc(NC3CCCC[C@H]3N)n4cnnc4c2C(=O)N)cc(OC)c1,CHEMBL516061,IC50,8.43
9691968,C[C@@H](Oc1nc(cc2ncccc12)c3ccc(nc3)C(F)(F)F)[C@H]4CNC(=O)C4,CHEMBL3695948,IC50,8.43
9691978,Cc1cc(C)cc(Nc2nccc(n2)n3cc(CN4CC[C@@H](O)C4)c(c3)C5CC5)c1,CHEMBL3622934,IC50,8.43
9691988,Cc1cc(Nc2nccc(n2)c3cn(C)cn3)cc4cc([nH]c14)C(=O)NC[C@H]5CCCO5,CHEMBL3668849,IC50,8.43
9691997,Cn1cnc(c1)c2ccnc(Nc3cc(Cl)c4[nH]c(cc4c3)C(=O)N5CCS(=O)(=O)CC5)n2,CHEMBL3668856,IC50,8.43
9692006,C[C@@H](Oc1cc(cc2ncccc12)c3ccc4C(=O)N(C)C=Nc4c3)[C@H]5CNC(=O)C5,CHEMBL3653819,IC50,8.44
9692015,Cn1cnc(c1)c2ccnc(Nc3cc(Cl)c4[nH]c(cc4c3)C(=O)N5CCN(CC(=O)N6CCCC6)CC5)n2,CHEMBL3664191,IC50,8.44
9692024,Cn1cnc(c1)c2ccnc(Nc3cc(Cl)c4[nH]c(cc4c3)C(=O)N5CCN6CCCC6C5)n2,CHEMBL3668794,IC50,8.44
9692033,COC(=O)c1cccc2c1CCC[C@@]2(O)c3ncc(s3)c4cc(C)cc(Nc5cc(ccn5)C(F)(F)F)n4,CHEMBL3698408,IC50,8.45
9692043,Cc1cc(C)cc(Nc2nccc(n2)n3cc(CN4CC[C@@H](O)C4)c(C)n3)c1,CHEMBL3622928,IC50,8.46
9692053,Cc1cc(Nc2cc(ccn2)C(F)(F)F)nc(c1)c3cnc(s3)[C@@]4(O)CCc5ccc(cc45)C(=O)O,CHEMBL3698411,IC50,8.46
9692062,Cc1cc(Nc2nccc(n2)c3cn(C)cn3)cc4cc([nH]c14)C(=O)NCc5nccn5C,CHEMBL3668870,IC50,8.46
9692071,C[C@@H](Oc1cc(cc2ncccc12)c3ccc(OCC(F)(F)F)nc3)[C@H]4CNC(=O)C4,CHEMBL3653839,IC50,8.47
9692080,Cc1cc(Nc2cc(ccn2)C(F)(F)F)nc(c1)c3cnc(s3)C4(O)CCCc5cc(ccc45)C#N,CHEMBL3698425,IC50,8.47
9692089,Cc1cc(Nc2nccc(n2)c3cn(C)cn3)cc4cc([nH]c14)C(=O)NCc5cn(C)nc5C,CHEMBL3668853,IC50,8.47
9692098,Cc1cc(Nc2nccc(n2)c3cn(C)cn3)cc4cc([nH]c14)c5onc(C)n5,CHEMBL3668879,IC50,8.47
9692107,Cc1cnc(CNC(=O)c2cc3cc(Nc4nccc(n4)c5cn(C)cn5)cc(C)c3[nH]2)s1,CHEMBL3639676,IC50,8.47
9692116,NC(=O)c1cccnc1COc2cc(cc3ncccc23)c4ccc(CN5CCOCC5)cc4,CHEMBL3653768,IC50,8.47
9692125,CC(C)n1cnc(c1)c2ccnc(Nc3cc(Cl)c4[nH]c(cc4c3)C(=O)N5CCN(C)CC5)n2,CHEMBL3664169,IC50,8.48
9692134,CC(Oc1ccnc(c1)c2ccnc(Nc3ccc4[nH]c(cc4c3)C(=O)N5CCN(C)CC5)n2)C(F)(F)F,CHEMBL3643737,IC50,8.48
9692143,Cc1cc(Nc2cc(ccn2)C(F)(F)F)nc(c1)c3cnc(s3)C4(O)CCCc5cc(CO)c(F)cc45,CHEMBL3698396,IC50,8.48
9692152,Cc1cc(Nc2nccc(n2)c3cn(C)cn3)cc4cc([nH]c14)C(=O)NCc5nccs5,CHEMBL3668838,IC50,8.48
1742732,CC(C)c1nc(Nc2cc(N[C@@H]3CCCC[C@@H]3N)nnc2C(=O)N)ccc1C,CHEMBL3237573,IC50,8.5
1719219,CC(C)c1nc(Nc2cc(N[C@@H]3CCOC[C@@H]3N)nnc2C(=O)N)ccc1F,CHEMBL3237580,IC50,8.5
1722753,CCc1cccc(Nc2cc(N[C@@H]3CCCC[C@@H]3N)nnc2C(=O)N)n1,CHEMBL3237556,IC50,8.5
9692167,CN(C)CCCCNC(=O)c1cc2cc(Nc3nccc(n3)c4cn(C)cn4)cc(Cl)c2[nH]1,CHEMBL3668802,IC50,8.5
9692176,CN1CCN(CC1)C(=O)c2cc3cc(Nc4nccc(n4)c5cc(ccn5)C(C)(C)C#N)ccc3n2C,CHEMBL3641547,IC50,8.5
9692185,CCC1(COc2ccnc(c2)c3ccnc(Nc4ccc5[nH]c(cc5c4)C(=O)N6CCN(C)CC6)n3)COC1,CHEMBL3641607,IC50,8.51
9692194,COc1cc(ccn1)c2cc(O[C@H](C)[C@H]3CNC(=O)C3)c4cccnc4c2,CHEMBL3653801,IC50,8.51
9692204,CC(C)(C)NC(=O)c1c[nH]c2ncc(nc12)c3n[nH]c4c(CO)cccc34,CHEMBL2347406,IC50,8.52
1739839,CC(C)(C)NC(=O)c1c[nH]c2ncc(nc12)c3nn(CCCN4CCOCC4)c5ccc(OC(F)F)cc35,CHEMBL2347418,IC50,8.52
1748408,CC(C)(C)NC(=O)c1c[nH]c2ncc(nc12)c3nn(CCCS(=O)(=O)C)c4ccc(OC(F)F)cc34,CHEMBL2347420,IC50,8.52
9692218,COc1cc(cc(OC)c1Cl)c2cc3ncccc3c(O[C@H](C)[C@H]4CNC(=O)C4)n2,CHEMBL3695953,IC50,8.52
9692228,COc1ccc(Nc2cc(cn3ncnc23)c4cccc(c4)C(=O)Nc5ccc(cc5)C(=O)O)nc1OC,CHEMBL2177725,IC50,8.52
1719016,Cc1c[nH]c2c(Nc3nc(N[C@@H]4CCCC[C@@H]4N)cc5C=CNC(=O)c35)cccc12,CHEMBL3262625,IC50,8.52
9692240,Cc1cc(Nc2nccc(OCCO)n2)cc(c1)c3cnc(s3)[C@@]4(O)CC[C@H](C(=O)N)C(C)(C)C4,CHEMBL3685800,IC50,8.52
9692249,Cc1cc(Nc2nccc(n2)C(F)(F)F)cc(c1)c3cnc(CCC(=O)O)s3,CHEMBL3685807,IC50,8.52
9692258,Cc1cc(Nc2nccc(n2)C3CC3)cc(c1)c4cnc(s4)C5(N)CCC5,CHEMBL3685824,IC50,8.52
9692267,Cc1cc(Nc2nccc(n2)c3cn(C)cn3)cc4cc([nH]c14)C(=O)NCc5ccccc5F,CHEMBL3668829,IC50,8.54
9692276,Cc1cc(Nc2nccc(n2)c3cn(C)cn3)cc4cc([nH]c14)C(=O)NNC=O,CHEMBL3668882,IC50,8.54
9692285,Cn1cnc(c1)c2ccnc(Nc3cc(Cl)c4[nH]c(cc4c3)C(=O)N5CCC(CC5)N6CCOCC6)n2,CHEMBL3668789,IC50,8.54
9692294,CN(C)C(=O)c1cc2cc(Nc3nccc(n3)c4cn(C)cn4)cc(C5CC5)c2[nH]1,CHEMBL3664151,IC50,8.55
9692303,CN(C)C(=O)c1cc2cc(Nc3nccc(n3)c4cn(C)cn4)cc(Cl)c2[nH]1,CHEMBL3664147,IC50,8.55
9692314,Cc1cc(C)nc(Nc2cc(N[C@@H]3CCCC[C@@H]3N)ccc2C(=O)N)c1,CHEMBL3260318,IC50,8.55
9692324,Cc1cc(Nc2nccc(n2)c3cn(C)cn3)cc4cc([nH]c14)C(=O)NCc5nc6ccncc6[nH]5,CHEMBL3668831,IC50,8.55
9692333,Cc1cc(Nc2cc(ccn2)C(F)(F)F)nc(c1)c3cnc(s3)[C@@]4(O)CCCc5cc(ccc45)C(=O)O,CHEMBL3698392,IC50,8.56
9692342,CN1CCN(CC1=O)C(=O)c2cc3cc(Nc4nccc(n4)c5cn(C)cn5)cc(Cl)c3[nH]2,CHEMBL3668791,IC50,8.57
9692351,CNC(=O)c1cc2cc(Nc3nccc(n3)c4ccccn4)cc(C)c2[nH]1,CHEMBL3643817,IC50,8.57
9692360,COC[C@H](C)Oc1ccc(cc1OC)c2cc3ncccc3c(OC[C@H]4CNC(=O)C4)n2,CHEMBL3695994,IC50,8.57
9692370,COc1ccc(Nc2nc(cn3ccnc23)c4ccc5cc[nH]c5c4)cc1OC,CHEMBL3265016,IC50,8.57
9692380,CS(=O)(=O)c1ccc(cc1)c2cc(OCc3ncccc3C(=O)N)c4cccnc4c2,CHEMBL3653753,IC50,8.57
9692390,COc1ccc(Nc2nc(cn3ccnc23)c4cccc(c4)C(=O)Nc5ccc(CC(=O)O)cc5)cc1OC,CHEMBL3264998,IC50,8.59
9692400,C[C@@H](Oc1cc(cc2ncccc12)c3ccc(OC(C)(C)C)nc3)[C@H]4CNC(=O)C4,CHEMBL3653817,IC50,8.59
9692409,CN(C)C(=O)c1cc2cc(Nc3nccc(n3)c4cc(OCC(F)F)ccn4)ccc2[nH]1,CHEMBL3641525,IC50,8.6
9692418,CN1CCN(CC1)C(=O)c2cc3cc(Nc4nccc(n4)c5cc(ccn5)C(C)(C)C#N)ccc3[nH]2,CHEMBL3641543,IC50,8.6
9692427,COc1c(F)cc(cc1F)c2cc(O[C@H](C)[C@H]3CNC(=O)C3)c4cccnc4c2,CHEMBL3653743,IC50,8.6
9692436,COc1cc(ccc1OC(C)C)c2cc(OC[C@H]3CNC(=O)O3)c4cccnc4c2,CHEMBL3653745,IC50,8.6
9692445,C[C@@H](Oc1cc(cc2ncccc12)c3ccc(nc3)C(F)(F)F)[C@H]4CNC(=O)C4,CHEMBL3653760,IC50,8.6
9692455,Cc1cc(C)cc(Nc2nc(CC3CCCC[C@H]3N)n4ccnc4c2C(=O)N)c1,CHEMBL504558,IC50,8.6
9692465,Cc1nc2cc(ccc2[nH]1)c3cc(OCc4ncccc4C(=O)N)c5cccnc5c3,CHEMBL3653836,IC50,8.6
1729291,N[C@H]1CCCC[C@H]1Nc2cc(Nc3cccc(n3)C4CC4)c(nn2)C(=O)N,CHEMBL3237558,IC50,8.6
9692477,N[C@H]1CCS(=O)(=O)C[C@H]1Nc2cnc(C(=O)N)c(n2)c3cc4ccccc4[nH]3,CHEMBL3415609,IC50,8.6
9692487,Cc1cc(Nc2cc(ccn2)C(F)(F)F)nc(c1)c3cnc(s3)[C@]4(N)CCCc5cc(ccc45)C(=O)O,CHEMBL3698441,IC50,8.61
9692496,CC(C)c1ccnc(c1)c2ccnc(Nc3ccc4[nH]c(cc4c3)C(=O)N5CCN(C)CC5)n2,CHEMBL3641552,IC50,8.62
9692505,CCCOc1ccnc(Nc2cc(C)cc(n2)c3cnc(s3)[C@]4(O)CCCc5cc(ccc45)C(=O)O)c1,CHEMBL3698446,IC50,8.62
9692514,CC[C@@H](C)Oc1ccnc(c1)c2ccnc(Nc3ccc4[nH]c(cc4c3)C(=O)N5CCN(C)CC5)n2,CHEMBL3641532,IC50,8.62
9692523,COCCN1CCN(CC1)C(=O)c2cc3cc(Nc4nccc(n4)c5cn(C)cn5)cc(Cl)c3[nH]2,CHEMBL3668792,IC50,8.62
9692532,Cc1nc2c(cc(Nc3nccc(n3)c4ccccn4)cc2[nH]1)C(F)(F)F,CHEMBL3643820,IC50,8.62
9692541,NC(=O)c1cccnc1COc2cc(cc3ncccc23)c4ccc5NC(=O)OCc5c4,CHEMBL3653792,IC50,8.62
9692550,Cc1cc(Nc2cc(ccn2)C(F)(F)F)nc(c1)c3cnc(s3)[C@]4(O)CCCc5cc(C(=O)O)c(F)cc45,CHEMBL3698394,IC50,8.63
9692559,COC[C@@H](C)Oc1ccc(cc1OC)c2cc3ncccc3c(OC[C@H]4CNC(=O)C4)n2,CHEMBL3695995,IC50,8.64
9692569,COc1ccc(Nc2nc(cn3ccnc23)c4ccc5OCC(=O)Nc5c4)cc1OC,CHEMBL3265024,IC50,8.64
9692580,Cc1cc(C)cc(Nc2nccc(n2)n3cc(C)c(CN4CC[C@@H](O)C4)c3)c1,CHEMBL3622924,IC50,8.64
9692590,Cn1cnc(c1)c2ccnc(Nc3cc(Cl)c4[nH]c(cc4c3)C(=O)N5CCN(CC5)C6CCOCC6)n2,CHEMBL3664202,IC50,8.64
9692599,COCc1ccnc(c1)c2ccnc(Nc3cc(Cl)c4[nH]c(cc4c3)C(=O)N5CCN(C)CC5)n2,CHEMBL3643783,IC50,8.66
9692609,COc1ccc(Nc2nc(cn3ccnc23)c4cccc(c4)C(=O)Nc5ccc(cc5)C(=O)NS(=O)(=O)C)cc1OC,CHEMBL3265000,IC50,8.66
9692619,Cc1cc(CNC(=O)c2cc3cc(Nc4nccc(n4)c5cn(C)cn5)cc(C)c3[nH]2)[nH]n1,CHEMBL3668845,IC50,8.66
9692628,Cc1oc(nn1)c2cc3cc(Nc4nccc(n4)c5cn(C)cn5)cc(C)c3[nH]2,CHEMBL3668881,IC50,8.66
9692637,Cn1cnc(c1)c2ccnc(Nc3cc(Cl)c4[nH]c(cc4c3)C(=O)N5CCC(C5)N6CCCC6)n2,CHEMBL3664186,IC50,8.66
9692646,NC(=O)c1cccnc1COc2cc(cc3ncccc23)c4ccc(CN5CCCCC5=O)cc4,CHEMBL3653782,IC50,8.66
9692655,CN(C)C(=O)c1cc2ccc(Nc3nccc(n3)c4cc(O[C@H]5CCC(=O)NC5)ccn4)cc2n1C,CHEMBL3643800,IC50,8.68
9692664,COc1ccc(cc1)c2cc3ncccc3c(OC[C@H]4CNC(=O)C4)n2,CHEMBL3696050,IC50,8.68
9692673,Cc1cc(Nc2cc(ccn2)C(F)(F)F)nc(c1)c3cnc(s3)[C@]4(O)CCCCc5cc(ccc45)C(=O)O,CHEMBL3698416,IC50,8.68
9692682,Cc1cc(Nc2nccc(n2)c3cn(C)cn3)cc4cc([nH]c14)C(=O)NCc5cnn(C)c5C,CHEMBL3668820,IC50,8.68
9692691,Cc1nn(cc1CN2CC(O)C2)c3ccnc(Nc4ccc5c(c4)c(cn5C)c6nccs6)n3,CHEMBL3657548,IC50,8.68
9692701,O=S1(=O)CCN(CC1)c2ccc(Nc3nc(cn4ccnc34)c5ccc6cn[nH]c6c5)cc2,CHEMBL3265033,IC50,8.68
9692712,CC(C)(C)NC(=O)c1c[nH]c2ncc(nc12)c3n[nH]c4ccc(OC(F)F)cc34,CHEMBL2347405,IC50,8.7
1728207,CC(C)(C)NC(=O)c1c[nH]c2ncc(nc12)c3nn(CCC(O)CO)c4ccc(OC(F)F)cc34,CHEMBL2347988,IC50,8.7
9692725,CC(C)c1cccc(Nc2cc(N[C@@H]3CS(=O)(=O)CC[C@@H]3N)cnc2C(=O)N)n1,CHEMBL3415607,IC50,8.7
9692735,CO[C@@]1(CC[C@H](C(=O)O)C(C)(C)C1)c2ncc(s2)c3cc(C)cc(Nc4nccc(n4)C(F)(F)F)c3,CHEMBL3685822,IC50,8.7
9692744,COc1ccc(cc1OC)c2cc(OC[C@H]3CNC(=O)O3)c4cccnc4c2,CHEMBL3650451,IC50,8.7
9692754,Cc1c[nH]c2c(Nc3nc(N[C@@H]4CCCC[C@@H]4N)cc5N=CNC(=O)c35)cccc12,CHEMBL3262357,IC50,8.7
9692764,Cc1cc(Nc2nccc(C)n2)cc(c1)c3cnc(s3)[C@@]4(O)CC[C@H](C(=O)NCC#N)C(C)(C)C4,CHEMBL3685799,IC50,8.7
9692773,Cc1cc(Nc2nccc(n2)C(F)(F)F)cc(c1)c3cnc(s3)C4(CCC(CC4)NC(=O)CO)C(=O)N,CHEMBL3685819,IC50,8.7
9692782,Cc1cc(Nc2nccc(n2)C(F)(F)F)cc(c1)c3cnc(s3)[C@]4(O)CC[C@@H](C(=O)O)C(C)(C)C4,CHEMBL3685823,IC50,8.7
9692791,Cc1cc(nc(Nc2cc(ccn2)C(F)(F)F)c1Br)c3cnc(s3)[C@@]4(O)CCCc5cc(ccc45)C(=O)O,CHEMBL3698403,IC50,8.7
9692800,Cn1cc(cn1)c2cc(OCc3ncccc3C(=O)N)c4cccnc4c2,CHEMBL3653774,IC50,8.7
9692809,Cn1cnc(c1)c2ccnc(Nc3cc(Cl)c4[nH]c(cc4c3)C(=O)N5CCN(CC5)C(=O)C6CCCO6)n2,CHEMBL3664188,IC50,8.7
9692818,CC(C)N1CCCN(CC1)C(=O)c2cc3cc(Nc4nccc(n4)c5cn(C)cn5)cc(Cl)c3[nH]2,CHEMBL3664190,IC50,8.72
9692827,COc1cc(ccc1OC(F)(F)F)c2cc3ncccc3c(O[C@H](C)[C@H]4CNC(=O)C4)n2,CHEMBL3695949,IC50,8.72
9692836,C[C@@H](Oc1cc(cc2ncccc12)c3ccc4nc(C)cn4c3)[C@H]5CNC(=O)C5,CHEMBL3653789,IC50,8.72
9692846,Cc1cc(C)cc(Nc2nccc(n2)n3cc(CN4CC(O)C4)c(c3)C5CC5)c1,CHEMBL3622935,IC50,8.72
9692856,Cc1cc(Nc2nccc(n2)c3cn(C)cn3)cc4cc([nH]c14)C(=O)NCc5ccnn5C,CHEMBL3668826,IC50,8.72
9692865,CNC(=O)c1cc2cc(Nc3nccc(n3)c4ccccn4)cc(Cl)c2[nH]1,CHEMBL3643814,IC50,8.75
9692874,COc1cc(ccc1O[C@H]2CCCOC2)c3cc4ncccc4c(OC[C@H]5CNC(=O)C5)n3,CHEMBL3696004,IC50,8.75
9692883,C[C@@H](Oc1cc(cc2ncccc12)c3ccc(NC(=O)C)nc3)[C@H]4CNC(=O)C4,CHEMBL3653759,IC50,8.75
9692892,Cc1cc(Nc2nccc(n2)c3cn(C)cn3)cc4cc([nH]c14)C(=O)NCc5cccnc5,CHEMBL3668873,IC50,8.75
9692901,Cc1cc(Nc2nccc(n2)c3cn(C)cn3)cc4cc([nH]c14)C(=O)NCc5ccn(C)n5,CHEMBL3664154,IC50,8.75
9692911,Cc1nn(cc1CN2CC(O)C2)c3ccnc(Nc4ccc5c(c4)c(Cl)cn5C)n3,CHEMBL3622955,IC50,8.75
9692920,Cc1cc(Nc2cc(ccn2)C3CCCCC3)nc(c1)c4cnc(s4)C5(O)CCCc6cc(ccc56)C(=O)O,CHEMBL3698388,IC50,8.76
9692929,CCCC(Oc1nc(cc2ncccc12)c3ccc(OC)c(OC)c3)[C@H]4CNC(=O)C4,CHEMBL3696039,IC50,8.77
9692938,CCn1ccc(CNC(=O)c2cc3cc(Nc4nccc(n4)c5cn(C)cn5)cc(C)c3[nH]2)n1,CHEMBL3668818,IC50,8.77
9692947,C[C@@H](Oc1cc(cc2ncccc12)c3ccccn3)[C@H]4CNC(=O)C4,CHEMBL3650445,IC50,8.77
9692956,Cc1cc(ccc1S(=O)(=O)C)c2cc(OCc3ncccc3C(=O)N)c4cccnc4c2,CHEMBL3653764,IC50,8.77
9692966,Cc1nn(cc1CN2CC(O)C2)c3ccnc(Nc4ccc5c(c4)c(C)c(C)n5C)n3,CHEMBL3622958,IC50,8.77
9692976,Cn1cnc(c1)c2ccnc(Nc3cc(Cl)c4[nH]c(cc4c3)C(=O)NCc5ccn(C)n5)n2,CHEMBL3664153,IC50,8.77
9692985,COC(=O)c1ccc2c(CCC[C@]2(O)c3ncc(s3)c4cc(C)cc(Nc5cc(ccn5)c6c[nH]nn6)n4)c1,CHEMBL3698400,IC50,8.79
9692994,CCN(Cc1ccc(cc1)c2cc(OCc3ncccc3C(=O)N)c4cccnc4c2)C(=O)C,CHEMBL3653778,IC50,8.8
9693003,CC[C@H](C)Oc1ccnc(c1)c2ccnc(Nc3ccc4[nH]c(cc4c3)C(=O)N5CCN(C)CC5)n2,CHEMBL3641535,IC50,8.8
9693012,CN(Cc1ccc(cc1)c2cc(OCc3ncccc3C(=O)N)c4cccnc4c2)C(=O)C,CHEMBL3653786,IC50,8.8
9693021,CN1CCN(CC1)C(=O)c2cc3cc(Nc4nccc(n4)c5cn(cn5)C6CC6)cc(Cl)c3[nH]2,CHEMBL3664170,IC50,8.8
9693031,COc1cc(Nc2nc(NC3CCCCC[C@H]3N)n4ccnc4c2C(=O)N)cc(OC)c1,CHEMBL515910,IC50,8.8
9693041,C[C@@H](Oc1cc(cc2ncccc12)c3ccc4ncn(C)c4c3)[C@H]5CNC(=O)C5,CHEMBL3653809,IC50,8.8
9693050,Cn1cnc(c1)c2ccnc(Nc3cc(Cl)c4[nH]c(cc4c3)C(=O)N5CCC(CC5)N6CC[S+]([O-])CC6)n2,CHEMBL3664187,IC50,8.8
9693059,Cn1cnc(c1)c2ccnc(Nc3cc(Cl)c4[nH]c(cc4c3)C(=O)NCc5nccn5C)n2,CHEMBL3664206,IC50,8.8
9693068,NC(=O)c1cccnc1COc2cc(cc3ncccc23)c4ccc(nc4)N5CCOCC5,CHEMBL3653773,IC50,8.8
9693077,CCCn1cc(cn1)c2cc(OCc3ncccc3C(=O)N)c4cccnc4c2,CHEMBL3653845,IC50,8.82
9693086,CN1CCN(CC1)C(=O)c2cc3cc(Nc4nccc(n4)c5cc(OCC6CC6(F)F)ccn5)ccc3[nH]2,CHEMBL3643745,IC50,8.82
9693096,COc1ccc(Nc2nc(cn3ccnc23)c4cccc(c4)C(=O)Nc5ccc(cc5)c6nn[nH]n6)cc1OC,CHEMBL3265001,IC50,8.82
9693106,C[C@@H](Oc1cc(cc2ncccc12)c3ccc(cc3)C(=O)N4CCN(C)CC4)[C@H]5CNC(=O)C5,CHEMBL3653804,IC50,8.82
9693115,Cc1cn(cc1CN2CC(O)C2)c3nc(Nc4ccc5c(c4)c(Cl)nn5C)ncc3F,CHEMBL3657549,IC50,8.82
9693124,CN(CC1CCOCC1)C(=O)c2cc3cc(Nc4nccc(n4)c5cn(C)cn5)cc(Cl)c3[nH]2,CHEMBL3664195,IC50,8.85
9693133,CNC(=O)c1cc2cc(Nc3nccc(n3)c4cn(C)cn4)cc(Cl)c2[nH]1,CHEMBL3664148,IC50,8.85
9693142,CNC(=O)c1ccc(cn1)c2cc(O[C@H](C)[C@H]3CNC(=O)C3)c4cccnc4c2,CHEMBL3653784,IC50,8.85
9693151,COc1cc(ccc1O[C@H]2CCOC2)c3cc4ncccc4c(OC[C@H]5CNC(=O)C5)n3,CHEMBL3695996,IC50,8.85
9693160,C[C@@H](Oc1cc(cc2ncccc12)c3cnn(c3)C(F)(F)F)[C@H]4CNC(=O)C4,CHEMBL3653815,IC50,8.85
9693169,Clc1cc(Nc2nccc(n2)c3ccccn3)cc4cc([nH]c14)C(=O)N5CCC(CC5)N6CCCC6=O,CHEMBL3643795,IC50,8.85
9693178,Cn1cnc(c1)c2ccnc(Nc3cc(Cl)c4[nH]c(cc4c3)C(=O)NCC5CCOCC5)n2,CHEMBL3664182,IC50,8.85
9693187,CC(=O)c1c[nH]c2ccc(Nc3nccc(n3)n4cc(CN5CC(O)C5)c(C)n4)cc12,CHEMBL3657552,IC50,8.89
9693196,CC(=O)c1cn(C)c2ccc(Nc3nccc(n3)n4cc(CN5CC(O)C5)c(C)n4)cc12,CHEMBL3657544,IC50,8.89
9693205,CN1CCC2(CCN(C2)C(=O)c3cc4cc(Nc5nccc(n5)c6cn(C)cn6)cc(Cl)c4[nH]3)C1,CHEMBL3664194,IC50,8.89
9693214,C[C@@H](Oc1cc(cc2ncccc12)c3ccc(OC4CCOCC4)nc3)[C@H]5CNC(=O)C5,CHEMBL3653800,IC50,8.89
9693223,Cc1cc(Nc2nccc(n2)c3cn(C)cn3)cc4cc([nH]c14)C(=O)NCc5nc6ccccc6n5C,CHEMBL3668828,IC50,8.89
9693232,Cc1nc2cc(ccc2n1C)c3cc(OCc4ncccc4C(=O)N)c5cccnc5c3,CHEMBL3653834,IC50,8.89
9693241,CCCn1c(C)c(Cl)c2cc(Nc3nccc(n3)n4cc(CN5CC(O)C5)c(C)n4)ccc12,CHEMBL3657559,IC50,8.92
9693250,CN(C)C(=O)c1cc2cc(Nc3nccc(n3)c4cc(OC5CCC(O)C5)ccn4)ccc2[nH]1,CHEMBL3641529,IC50,8.92
9693259,COc1cc(cc(OC)c1OC)c2cc3ncccc3c(OC[C@H]4CNC(=O)O4)n2,CHEMBL3695972,IC50,8.92
9693268,COc1ccnc(c1)c2ccnc(Nc3ccc4[nH]c(cc4c3)C(=O)N5CCC6(CC5)COCC(=O)N6C)n2,CHEMBL3641518,IC50,8.92
9693277,C[C@@H](Oc1cc(cc2ncccc12)c3cnn(C)c3C)[C@H]4CNC(=O)C4,CHEMBL3653840,IC50,8.92
9693286,Clc1cc(Nc2nccc(n2)c3ccccn3)cc4nc[nH]c14,CHEMBL3643819,IC50,8.92
9693295,Cc1ccc(cc1)S(=O)(=O)NC(=O)c2ccc3c(CCC[C@]3(O)c4ncc(s4)c5cc(C)cc(Nc6cc(ccn6)C(F)(F)F)n5)c2,CHEMBL3698429,IC50,8.93
9693304,C[C@@H](Oc1cc(cc2ncccc12)c3ccc(CS(=O)(=O)C)nc3)[C@H]4CNC(=O)C4,CHEMBL3653823,IC50,8.96
9693313,Cc1cc(Nc2nccc(n2)c3cn(C)cn3)cc4cc([nH]c14)C(=O)NCc5ccccn5,CHEMBL3668864,IC50,8.96
9693322,Cc1cc(Nc2cc(ccn2)C(F)(F)F)nc(c1)c3cnc(s3)C4(O)CCCc5cc(ccc45)C(=O)N,CHEMBL3698399,IC50,8.97
9693331,Cc1cc(Nc2cc(OC3CCCCC3)ccn2)nc(c1)c4cnc(s4)C5(O)CCCc6cc(ccc56)C(=O)O,CHEMBL3698384,IC50,8.99
9693340,CC(=O)NC1(CCCc2cc(ccc12)C(=O)O)c3ncc(s3)c4cc(C)cc(Nc5cc(ccn5)C(F)(F)F)n4,CHEMBL3698442,IC50,9.0
9693349,CC(C)Oc1ccc(cn1)c2cc(O[C@H](C)[C@H]3CNC(=O)C3)c4cccnc4c2,CHEMBL3653794,IC50,9.0
9693358,CC1(C)C[C@](O)(CC[C@@H]1C(=O)O)c2ncc(s2)c3cc(Cl)cc(Nc4nccc(n4)C(F)(F)F)c3,CHEMBL3685804,IC50,9.0
9693367,CC1(C)C[C@](O)(CC[C@@H]1C(=O)O)c2ncc(s2)c3cc(Nc4nccc(n4)C(F)(F)F)cc(c3)C5CC5,CHEMBL3685786,IC50,9.0
9693376,CCn1cc(cn1)c2cc(OCc3ncccc3C(=O)N)c4cccnc4c2,CHEMBL3653805,IC50,9.0
9693385,CN(C)C(=O)c1cc2cc(Nc3nccc(n3)c4ccccn4)cc(Cl)c2[nH]1,CHEMBL3643782,IC50,9.0
9693395,COc1cc(Nc2nc(NC3CCCC[C@H]3N)n4ncnc4c2C(=O)N)cc(OC)c1,CHEMBL471948,IC50,9.0
9693405,COc1cc(cc(OC)c1OC)c2cc(O[C@H](C)[C@H]3CNC(=O)C3)c4cccnc4c2,CHEMBL3650442,IC50,9.0
9693414,COc1cc(ccc1O)c2cc(OC[C@H]3CNC(=O)O3)c4cccnc4c2,CHEMBL3653742,IC50,9.0
9693423,COc1cc(ccc1OC2CCS(=O)(=O)CC2)c3cc4ncccc4c(OC[C@H]5CNC(=O)C5)n3,CHEMBL3695955,IC50,9.0
9693432,COc1cc(ccc1O[C@@H]2CCOC2)c3cc4ncccc4c(OC[C@H]5CNC(=O)C5)n3,CHEMBL3695997,IC50,9.0
9693442,COc1ccc(Nc2cc(nn3ccnc23)c4cccc(c4)C(=O)Nc5ccc(cc5)C(=O)O)nc1OC,CHEMBL2177726,IC50,9.0
9693452,C[C@@H](Oc1nc(cc2ncccc12)C3=CNC(=O)C=C3)[C@H]4CNC(=O)C4,CHEMBL3695967,IC50,9.0
9693461,C[C@@H]1C[C@](O)(CC[C@@H]1C(=O)O)c2ncc(s2)c3cc(C)cc(Nc4nccc(n4)C(F)(F)F)c3,CHEMBL3685821,IC50,9.0
9693471,Cc1c[nH]c2c(Nc3nc(N[C@@H]4CCOC[C@@H]4N)cc5N=CNC(=O)c35)cccc12,CHEMBL3262620,IC50,9.0
9693482,Cc1cc(Nc2cc(N[C@@H]3CS(=O)(=O)CC[C@@H]3N)cnc2C(=O)N)nc(C)c1c4cnn(C)c4,CHEMBL3415605,IC50,9.0
9693492,Cc1cc(Nc2nccc(C)n2)cc(c1)c3cnc(s3)[C@@]4(O)CC[C@H](C(=O)O)C(C)(C)C4,CHEMBL3685796,IC50,9.0
9693501,Cc1cc(Nc2nccc(n2)C(F)(F)F)cc(c1)c3cnc(s3)[C@@]4(O)CC[C@H](C(=O)NCCCN5CCCC5=O)C(C)(C)C4,CHEMBL3685820,IC50,9.0
9693510,Cc1cc(Nc2nccc(n2)c3cccs3)cc(c1)c4cnc(s4)C5(O)CCC(CC5)C(=O)O,CHEMBL3685806,IC50,9.0
9693520,Cc1nn(cc1CN2CC(O)C2)c3ccnc(Nc4ccc5c(c4)c(Cl)c(C)n5C)n3,CHEMBL3622956,IC50,9.0
9693529,Cc1nn(cc1CN2CC(O)C2)c3nc(Nc4ccc5c(c4)c(Cl)c(C)n5C)ncc3F,CHEMBL3657547,IC50,9.0
9693539,Cc1nn(cc1CN2CC[C@@H](O)C2)c3ccnc(Nc4ccc5c(c4)c(Cl)c(C)n5C)n3,CHEMBL3622957,IC50,9.0
9684593,Cn1cc2c(Nc3nc(N[C@@H]4CCOC[C@@H]4N)cc5C=CNC(=O)c35)cccc2n1,CHEMBL3262622,IC50,9.0
9693550,Cn1cnc(c1)c2ccnc(Nc3cc(Cl)c4[nH]c(cc4c3)C(=O)N5CCC(CC5)N6CCCC6=O)n2,CHEMBL3664193,IC50,9.0
9693560,Cn1nc(c2cnc3[nH]cc(C(=O)NC(C)(C)C)c3n2)c4cc(OC(F)F)ccc14,CHEMBL2346686,IC50,9.0
9693570,Cn1ncc2ccc(cc12)c3cc(OCc4ncccc4C(=O)N)c5cccnc5c3,CHEMBL3653772,IC50,9.0
9684606,N[C@H]1CCCC[C@H]1Nc2cc3N=CNC(=O)c3c(Nc4cccc5[nH]ccc45)n2,CHEMBL3262616,IC50,9.0
1716501,N[C@H]1CCCC[C@H]1Nc2cnc(C(=O)N)c(Nc3cccc(c3)n4nccn4)n2,CHEMBL3416023,IC50,9.0
9693583,Cc1cc(Nc2cc(ccn2)C(F)(F)F)nc(c1)c3cnc(s3)[C@@]4(O)CCCCc5ccc(cc45)C(=O)O,CHEMBL3698413,IC50,9.02
9693592,Cc1cc(Nc2cc(c(Cl)cn2)C(F)(F)F)nc(c1)c3cnc(s3)C4(O)CCCc5cc(ccc45)C(=O)O,CHEMBL3698448,IC50,9.03
9693601,CN1CCN(CC1)C(=O)c2cc3cc(Nc4nccc(n4)c5cc(OCC(C)(C)CO)ccn5)ccc3[nH]2,CHEMBL3641570,IC50,9.05
9693610,COc1cc(ccc1OCC2CCOCC2)c3cc4ncccc4c(OC[C@H]5CNC(=O)C5)n3,CHEMBL3696042,IC50,9.05
9693619,COc1ccc(cn1)c2cc(O[C@H](C)[C@H]3CNC(=O)C3)c4cccnc4c2,CHEMBL3653750,IC50,9.05
9693628,C[C@@H](Oc1cc(cc2ncccc12)c3ccc4C(=O)NCCc4c3)[C@H]5CNC(=O)C5,CHEMBL3653781,IC50,9.05
9693637,C[C@@H](Oc1cc(cc2ncccc12)c3ccc4cnn(C)c4c3)[C@H]5CNC(=O)C5,CHEMBL3653770,IC50,9.05
9693646,C[C@@H](Oc1cc(cc2ncccc12)c3cnc4OCCCc4c3)[C@H]5CNC(=O)C5,CHEMBL3653828,IC50,9.05
1724095,Cc1cc(CC(C)(C)O)cc(Nc2cc(N[C@@H]3CCCC[C@@H]3N)cnc2C(=O)N)n1,CHEMBL3415595,IC50,9.05
9693657,Cc1cc(Nc2nccc(n2)c3cn(C)cn3)cc4cc([nH]c14)C(=O)N,CHEMBL3664145,IC50,9.05
9693666,Cc1cc(Nc2nccc(n2)c3cn(C)cn3)cc4cc([nH]c14)c5ocnn5,CHEMBL3668883,IC50,9.05
9693675,CC(=O)Nc1cc(Nc2cc(ccn2)C(F)(F)F)nc(c1)c3cnc(s3)[C@@]4(O)CCCc5cc(ccc45)C(=O)O,CHEMBL3698405,IC50,9.08
9693684,CN1CCN(C2CCN(CC2)C(=O)c3cc4cc(Nc5nccc(n5)c6cn(C)cn6)cc(Cl)c4[nH]3)C1=O,CHEMBL3664185,IC50,9.1
1738852,COC[C@H](N)CNc1cnc(C(=O)N)c(Nc2cc(C)cc(C)n2)c1,CHEMBL3415588,IC50,9.1
1738231,COc1cc(C)nc(Nc2cc(N[C@@H]3CCCC[C@@H]3N)cnc2C(=O)N)c1,CHEMBL3415593,IC50,9.1
9693697,COc1cc(cc(OC)c1OCCN2CCOCC2)c3cc4ncccc4c(O[C@H](C)[C@H]5CNC(=O)C5)n3,CHEMBL3695964,IC50,9.1
9693706,Cc1cc(Nc2cc(ccn2)C(F)(F)F)nc(c1)c3cnc(s3)C4(F)CCCc5cc(ccc45)C(=O)O,CHEMBL3698438,IC50,9.11
9693715,CONC(=O)c1ccc2c(CCC[C@]2(O)c3ncc(s3)c4cc(C)cc(Nc5cc(ccn5)C(F)(F)F)n4)c1,CHEMBL3698433,IC50,9.13
9693724,Cc1cc(Nc2cc(ccn2)C(F)(F)F)nc(c1)c3cnc(s3)[C@@]4(O)CCCc5cc(ccc45)C(=O)NC#N,CHEMBL3698430,IC50,9.13
9693733,Cc1cc(Nc2cc(ccn2)c3ccsc3)nc(c1)c4cnc(s4)C5(O)CCCc6cc(ccc56)C(=O)O,CHEMBL3698383,IC50,9.14
9693742,CCOc1cc(cc(OCC)c1OCC)c2cc3ncccc3c(O[C@H](C)[C@H]4CNC(=O)C4)n2,CHEMBL3695998,IC50,9.16
9693751,CC[C@@H](Oc1nc(cc2ncccc12)c3cc(OC)c(OCCN4CCOCC4)c(OC)c3)[C@H]5CNC(=O)C5,CHEMBL3695965,IC50,9.16
9693760,CN1C(=O)COCC12CCN(CC2)C(=O)c3cc4cc(Nc5nccc(n5)c6cn(C)cn6)cc(Cl)c4[nH]3,CHEMBL3664189,IC50,9.16
9693769,COc1c(F)cc(cc1F)c2cc3ncccc3c(O[C@H](C)[C@H]4CNC(=O)C4)n2,CHEMBL3695959,IC50,9.16
9693778,COc1cc(cc2OCOc12)c3cc4ncccc4c(O[C@H](C)[C@H]5CNC(=O)C5)n3,CHEMBL3695966,IC50,9.16
9693787,COc1cc(ccc1OC(C)C)c2cc3ncccc3c(OC[C@H]4CNC(=O)C4)n2,CHEMBL3696045,IC50,9.16
9693796,COc1cc(ccc1O[C@@H]2CCCOC2)c3cc4ncccc4c(OC[C@H]5CNC(=O)C5)n3,CHEMBL3696003,IC50,9.16
9693805,COc1ccc(cc1OC)c2cc3ncccc3c(NCC4=NNC(=O)N4)n2,CHEMBL3696010,IC50,9.16
9693815,COc1cccc2[nH]c(cc12)c3nc(N[C@@H]4CCOC[C@@H]4N)cnc3C(=O)N,CHEMBL3415610,IC50,9.16
9693825,C[C@@H](Oc1cc(cc2ncccc12)c3ccc4nc(C)ccc4c3)[C@H]5CNC(=O)C5,CHEMBL3653762,IC50,9.16
9693834,Cc1nn(cc1CN2C[C@@H](O)[C@@H](O)C2)c3ccnc(Nc4ccc5c(c4)c(nn5C)S(=O)(=O)C)n3,CHEMBL3657558,IC50,9.16
9693843,Cc1cc(Nc2cc(OC3CCCC3)ccn2)nc(c1)c4cnc(s4)C5(O)CCCc6cc(ccc56)C(=O)O,CHEMBL3698387,IC50,9.17
9693852,Cc1cc(Nc2cc(ccn2)C(F)(F)F)nc(c1)c3cnc(s3)C4(O)CCCc5cc(ccc45)c6nnn[nH]6,CHEMBL3698426,IC50,9.17
1726397,N[C@H]1CCCC[C@H]1Nc2nnc(C(=O)N)c(Nc3cccc4cc[nH]c34)n2,CHEMBL3416026,Kd,9.19
9693863,CCN(CC)C1CN(C1)C(=O)c2cc3cc(Nc4nccc(n4)c5cn(C)cn5)cc(Cl)c3[nH]2,CHEMBL3664181,IC50,9.22
9693872,CN1C(=O)COCC12CCN(CC2)C(=O)c3cc4cc(Nc5nccc(n5)c6cn(C)cn6)cc(C)c4[nH]3,CHEMBL3664174,IC50,9.22
9693881,CO[C@@H]1CN(Cc2cn(nc2C)c3ccnc(Nc4ccc5c(c4)c(Cl)c(C)n5C)n3)C[C@@H]1O,CHEMBL3657556,IC50,9.22
9693891,COc1cc(C)nc(Nc2cc(N[C@@H]3CS(=O)(=O)CC[C@@H]3N)cnc2C(=O)N)c1,CHEMBL3415599,IC50,9.22
9693901,COc1cc(ccc1O)c2cc(O[C@H](C)[C@H]3CNC(=O)C3)c4cccnc4c2,CHEMBL3650450,IC50,9.22
9693910,COc1ccc(cc1OC)c2cc(OCc3ncccc3C(=O)N)c4cccnc4c2,CHEMBL3653754,IC50,9.22
9693919,COc1ccc(cc1OC)c2cc(O[C@H](C)[C@H]3CNC(=O)C3)c4cccnc4c2,CHEMBL3650447,IC50,9.22
9693928,COc1ccnc(Nc2cc(C)cc(n2)c3cnc(s3)[C@]4(O)CCCc5cc(ccc45)C(=O)O)c1,CHEMBL3698444,IC50,9.22
9693937,C[C@@H](Oc1cc(cc2ncccc12)c3ccc(OC4CCC4)nc3)[C@H]5CNC(=O)C5,CHEMBL3653818,IC50,9.22
9693946,C[C@@H](Oc1cc(cc2ncccc12)c3ccc(nc3)C(F)F)[C@H]4CNC(=O)C4,CHEMBL3653848,IC50,9.22
9693955,Cc1cc(Nc2cc(ccn2)C(C)(C)C)nc(c1)c3cnc(s3)C4(O)CCCc5cc(ccc45)C(=O)O,CHEMBL3698455,IC50,9.25
9693964,Cc1cc(Nc2cc(ccn2)C(F)(F)F)nc(c1)c3cnc(s3)C4(N)CCCc5cc(ccc45)C(=O)O,CHEMBL3698439,IC50,9.26
9693973,CC(C)n1cc(cn1)c2cc(OCc3ncccc3C(=O)N)c4cccnc4c2,CHEMBL3653841,IC50,9.3
9693982,COc1cc(OC)cc(c1)c2cc3ncccc3c(O[C@H](C)[C@H]4CNC(=O)C4)n2,CHEMBL3696028,IC50,9.3
9693991,COc1cc(cc(Cl)c1OC)c2cc3ncccc3c(O[C@H](C)[C@H]4CNC(=O)C4)n2,CHEMBL3695952,IC50,9.3
9694000,COc1cc(ccc1OC2CCOCC2)c3cc4ncccc4c(OC[C@H]5CNC(=O)C5)n3,CHEMBL3696002,IC50,9.3
9694009,C[C@@H](Oc1cc(cc2ncccc12)c3ccc(cn3)C(F)(F)F)[C@H]4CNC(=O)C4,CHEMBL3653777,IC50,9.3
1738277,Cc1cc(C)nc(Nc2cc(NCC3(N)CC3)cnc2C(=O)N)c1,CHEMBL3415587,IC50,9.3
9694020,Cc1cc(Nc2cc(ccn2)C(F)(F)F)nc(c1)c3cnc(s3)[C@]4(O)CCc5cc(ccc45)C(=O)O,CHEMBL3698418,IC50,9.3
1747022,N[C@H]1CCCC[C@H]1Nc2cnc(C(=O)N)c(Nc3cccc(n3)C(F)(F)F)c2,CHEMBL3415592,IC50,9.3
9694032,N[C@H]1CCCC[C@H]1Nc2cnc(C(=O)N)c(n2)c3cc4ccccc4[nH]3,CHEMBL3414584,IC50,9.3
9694042,COc1cc(ccc1OC(C)C)c2cc(O[C@H](C)[C@H]3CNC(=O)C3)c4cccnc4c2,CHEMBL3650449,IC50,9.4
9694051,COc1ccc(cc1OC)c2cc3ncccc3c(NCC4=NNC(=O)O4)n2,CHEMBL3696009,IC50,9.4
9694060,COc1ccc(cn1)c2cc3ncccc3c(O[C@H](C)[C@H]4CNC(=O)C4)n2,CHEMBL3695990,IC50,9.4
9694069,C[C@@H](Oc1cc(cc2ncccc12)c3ccc4CCNCc4c3)[C@H]5CNC(=O)C5,CHEMBL3653829,IC50,9.4
9694078,C[C@@H](Oc1cc(cc2ncccc12)c3ccc4[nH]c(C)nc4c3)[C@H]5CNC(=O)C5,CHEMBL3653837,IC50,9.4
9694087,C[C@@H](Oc1cc(cc2ncccc12)c3ccc4[nH]c(nc4c3)C(F)(F)F)[C@H]5CNC(=O)C5,CHEMBL3653821,IC50,9.4
9694096,C[C@@H](Oc1cc(cc2ncccc12)c3ccc4ccccc4n3)[C@H]5CNC(=O)C5,CHEMBL3653763,IC50,9.4
9694105,C[C@@H](Oc1cc(cc2ncccc12)c3ccccc3)[C@H]4CNC(=O)C4,CHEMBL3650441,IC50,9.4
9694114,C[C@@H](Oc1nc(cc2ncccc12)c3ccc(cc3)C#N)[C@H]4CNC(=O)C4,CHEMBL3696053,IC50,9.4
9694124,Cc1cc(CCC(C)(C)O)cc(Nc2cc(N[C@@H]3CCCC[C@@H]3N)cnc2C(=O)N)n1,CHEMBL3415604,IC50,9.4
9694134,NC(=O)c1cccnc1COc2cc(cc3ncccc23)c4ccc(c(Cl)c4)C5(N)CC5,CHEMBL3653790,IC50,9.4
9694143,CCC(Oc1nc(cc2ncccc12)c3ccc(OC)c(OC)c3)[C@H]4CNC(=O)C4,CHEMBL3696033,IC50,9.52
9694152,CCOc1ccc(cn1)c2cc(O[C@H](C)[C@H]3CNC(=O)C3)c4cccnc4c2,CHEMBL3653797,IC50,9.52
9694161,CC[C@@H](Oc1nc(cc2ncccc12)c3cc(OC)c(OC)c(OC)c3)[C@H]4CNC(=O)C4,CHEMBL3695985,IC50,9.52
9694170,COc1ccc(cc1OC)c2cc3ncccc3c(OC[C@H]4CNC(=O)O4)n2,CHEMBL3696014,IC50,9.52
9694179,COc1ccc(cc1OC)c2cc3ncccc3c(O[C@@H](C)C4CNC(=O)C4)n2,CHEMBL3696024,IC50,9.52
9694188,COc1ccc(nc1)c2cc(O[C@H](C)[C@H]3CNC(=O)C3)c4cccnc4c2,CHEMBL3653816,IC50,9.52
9694197,C[C@@H](Oc1cc(cc2ncccc12)c3ccc(CN4CCCCC4=O)cc3)[C@H]5CNC(=O)C5,CHEMBL3653783,IC50,9.52
9694206,C[C@@H](Oc1cc(cc2ncccc12)c3ccc(CN4CCOCC4)cc3)[C@H]5CNC(=O)C5,CHEMBL3653771,IC50,9.52
9694215,C[C@@H](Oc1cc(cc2ncccc12)c3ccc4[nH]cnc4c3)[C@H]5CNC(=O)C5,CHEMBL3653769,IC50,9.52
9694224,C[C@@H](Oc1cc(cc2ncccc12)c3ccc4c(c3)ncn4C)[C@H]5CNC(=O)C5,CHEMBL3653822,IC50,9.52
9694233,C[C@@H](Oc1cc(cc2ncccc12)c3ccc4ncccc4c3)[C@H]5CNC(=O)C5,CHEMBL3653758,IC50,9.52
9694242,CCN(Cc1ccc(cc1)c2cc(O[C@H](C)[C@H]3CNC(=O)C3)c4cccnc4c2)C(=O)C,CHEMBL3653796,IC50,9.7
9694251,CCn1cc(cn1)c2cc(O[C@H](C)[C@H]3CNC(=O)C3)c4cccnc4c2,CHEMBL3653806,IC50,9.7
9694260,COCC[C@@H](Oc1nc(cc2ncccc12)c3ccc(OC)c(OC)c3)[C@H]4CNC(=O)C4,CHEMBL3696023,IC50,9.7
9694269,COc1cc(cc(OC)c1OC)c2cc3ncccc3c(O[C@H](C)[C@H]4CNC(=O)C4)n2,CHEMBL3695979,IC50,9.7
9694278,COc1ccc(cc1OC)c2cc3ncccc3c(O[C@@H]([C@H]4CNC(=O)C4)C(F)(F)F)n2,CHEMBL3696013,IC50,9.7
9694287,C[C@@H](Oc1cc(cc2ncccc12)c3ccc(c(Cl)c3)C4(N)CC4)[C@H]5CNC(=O)C5,CHEMBL3653814,IC50,9.7
9694296,C[C@@H](Oc1cc(cc2ncccc12)c3ccc4c(c3)nc(C)n4C)[C@H]5CNC(=O)C5,CHEMBL3653833,IC50,9.7
9694305,C[C@@H](Oc1cc(cc2ncccc12)c3ccc4nc(C)sc4c3)[C@H]5CNC(=O)C5,CHEMBL3653813,IC50,9.7
9694314,C[C@@H](Oc1cc(cc2ncccc12)c3cnn(C)c3)[C@H]4CNC(=O)C4,CHEMBL3653775,IC50,9.7
9694323,C[C@@H](Oc1nc(cc2ncccc12)c3ccccc3)[C@H]4CNC(=O)C4,CHEMBL3696058,IC50,9.7
9694333,Cc1nc(Nc2cc(N[C@@H]3CCCC[C@@H]3N)cnc2C(=O)N)cc(OCC(C)(C)O)n1,CHEMBL3415597,IC50,9.7
9694343,CC[C@@H](Oc1nc(cc2ncccc12)c3ccc(OC(C)C)c(OC)c3)[C@H]4CNC(=O)C4,CHEMBL3696047,IC50,10.0
9694352,CC[C@@H](Oc1nc(cc2ncccc12)c3ccc(OC)c(OC)c3)[C@H]4CNC(=O)C4,CHEMBL3696035,IC50,10.0
9694361,CC[C@@H](Oc1nc(cc2ncccc12)c3ccc(OC4CCOCC4)c(OC)c3)[C@H]5CNC(=O)C5,CHEMBL3696007,IC50,10.0
9694370,COc1cc(cc(C)c1OC)c2cc3ncccc3c(O[C@H](C)[C@H]4CNC(=O)C4)n2,CHEMBL3696044,IC50,10.0
9694379,COc1cc(ccc1OC(C)C)c2cc3ncccc3c(O[C@H](C)[C@H]4CNC(=O)C4)n2,CHEMBL3696046,IC50,10.0
9694388,COc1ccc(cc1OC)c2cc3ncccc3c(OC([C@H]4CNC(=O)C4)C(F)(F)F)n2,CHEMBL3696011,IC50,10.0
9694397,COc1ccc(cc1OC)c2cc3ncccc3c(O[C@H](C)[C@H]4CNC(=O)C4)n2,CHEMBL3696026,IC50,10.0
9694406,C[C@@H](Oc1cc(cc2ncccc12)c3ccc(nc3)N4CCOCC4)[C@H]5CNC(=O)C5,CHEMBL3653776,IC50,10.0
9694415,C[C@@H](Oc1cc(cc2ncccc12)c3ccc4NC(=O)OCc4c3)[C@H]5CNC(=O)C5,CHEMBL3653791,IC50,10.0
9694424,C[C@@H](Oc1cc(cc2ncccc12)c3cnn(CCO)c3)[C@H]4CNC(=O)C4,CHEMBL3653846,IC50,10.0
9694433,C[C@@H](Oc1cc(cc2ncccc12)c3cnn(CCOC(=O)C)c3)[C@H]4CNC(=O)C4,CHEMBL3653847,IC50,10.0
9694442,C[C@@H](Oc1nc(cc2ncccc12)c3ccc(nc3)N4CCOCC4)[C@H]5CNC(=O)C5,CHEMBL3695989,IC50,10.0
9694452,Cc1cc(C)nc(Nc2cc(N[C@@H]3CS(=O)(=O)CC[C@@H]3N)cnc2C(=O)N)c1,CHEMBL3415589,IC50,10.0
1743092,Cc1cc(Nc2cc(N[C@@H]3CCCC[C@@H]3N)cnc2C(=O)N)nc(C)c1c4cnn(C)c4,CHEMBL3415594,IC50,10.0
9694464,Cc1nn(cc1CN2CC[C@@H](O)C2)c3cccc(Nc4ccc5c(c4)c(cn5C)C(=O)C(F)(F)F)n3,CHEMBL3657551,IC50,10.0
9694473,Cc1nn(cc1CN2CC[C@@H](O)C2)c3ccnc(Nc4ccc5c(c4)c(cn5C)C(=O)C6CC6)n3,CHEMBL3657550,IC50,10.0
9694483,N[C@H]1CCCC[C@H]1Nc2cnc(C(=O)N)c(Nc3cccc(n3)n4nccn4)c2,CHEMBL3415606,IC50,10.0
1738983,Cc1cc(C)nc(Nc2cc(N[C@@H]3CCCC[C@@H]3N)cnc2C(=O)N)c1,CHEMBL3415583,IC50,10.22
9694496,Cc1cc(Nc2cc(N[C@@H]3CCCC[C@@H]3N)cnc2C(=O)N)nc(n1)n4nccn4,CHEMBL3415598,IC50,11.0
