id,smiles,name,assay_type,activity_value
1342600,O=C(NCCCNc1nc(Nc2cccc(c2)N3CCOCC3)ncc1C4CC4)C5CCC5,CHEMBL2207193,IC50,7.55
1342611,COc1nc(Nc2nccc(n2)c3ccc(OC4CCOCC4)c(c3)C#N)ccc1C5=CCNCC5,CHEMBL3682432,IC50,7.57
1342621,COc1ccc(cc1)c2nc3c(NCCCNC(=O)c4cccs4)c(Br)cnc3[nH]2,CHEMBL2011939,EC50,7.59
1342632,COc1ccc(cc1)c2nc3c(NCCCNC(=O)C4CC4)c(Br)cnc3[nH]2,CHEMBL2011931,EC50,7.6
1342642,N#Cc1cc(ccc1OC2CCOCC2)c3ccnc(Nc4ccc(CN5CCOCC5)cn4)c3,CHEMBL3687133,IC50,7.62
1342651,N#Cc1cc(ccc1OC2CCOCC2)c3ccnc(Nc4cncc(n4)C5CCNCC5)c3,CHEMBL3687126,IC50,7.62
478842,COc1cc(Nc2ncc(F)c(Nc3ccc4OC(C)(C)C(=O)Nc4n3)n2)cc(OC)c1OC,CHEMBL475251,Kd,7.64
1342662,N#Cc1cc(ccc1OCC2CC2)c3ccnc(Nc4ccc(cn4)N5CCOCC5)c3,CHEMBL3687138,IC50,7.64
1342672,Fc1cccc(Nc2ncc(Br)c(NCCCNC(=O)c3cnccn3)n2)c1,CHEMBL2207178,IC50,7.66
1342682,CC(C)(C)c1cc(Nc2cc(ccn2)c3ccc(OC4CCOCC4)c(c3)C#N)n[nH]1,CHEMBL3687153,IC50,7.68
1342691,N#Cc1cc(ccc1OC2CCOCC2)c3ccnc(Nc4ccc(nn4)C5CCNCC5)c3,CHEMBL3682427,IC50,7.68
1342701,COc1ccc(cc1)c2nc3c(NCCCNC(=O)C4(CN)CC4)c(Br)cnc3[nH]2,CHEMBL2011932,EC50,7.7
26212,C[C@]12O[C@H](C[C@]1(O)CO)n3c4ccccc4c5c6C(=O)NCc6c7c8ccccc8n2c7c35,CHEMBL603469,Kd,7.75
1342713,OC[C@H]1C[C@@H]1Cn2cc(Nc3cc(ccn3)c4ccc(OC5CCOCC5)c(c4)C#N)cn2,CHEMBL3687168,IC50,7.75
1342723,COc1ccc(F)cc1c2nc3c(NCCCNC(=O)C4CCC4)c(Br)cnc3[nH]2,CHEMBL2011945,EC50,7.77
1342734,Cn1ncc2cc(Nc3ncc(C4CC4)c(NCCCNC(=O)C5CCC5)n3)ccc12,CHEMBL2207205,IC50,7.8
1342744,N#Cc1cc(ccc1OC2CCOCC2)c3ccnc(Nc4cnn(CCN5CCOCC5)c4)n3,CHEMBL3687180,IC50,7.8
1342754,O=C(NCCCNc1nc(Nc2ccc(nc2)N3CCOCC3)ncc1C4CC4)C5CCC5,CHEMBL2207201,IC50,7.82
1342764,CN(C)Cc1ccnc(Nc2cc(ccn2)c3ccc(OC4CCOCC4)c(c3)C#N)c1,CHEMBL3687111,IC50,7.85
1342774,COc1ccc(cc1)c2nc3c(NCCCNC(=O)C(C)C)c(Br)cnc3[nH]2,CHEMBL2011929,EC50,7.85
1342784,N#Cc1cc(ccc1OC2CCOCC2)c3ccnc(Nc4ccc(nn4)C5CCOCC5)c3,CHEMBL3687130,IC50,7.85
1342793,OCCn1cc(Nc2nccc(n2)c3ccc(OCC4CCC4)c(c3)C#N)cn1,CHEMBL3687124,IC50,7.85
1342802,OCc1ccc(Nc2cc(ccn2)c3ccc(OC4CCOCC4)c(c3)C#N)nc1,CHEMBL3687158,IC50,7.85
1342812,O=C(NCCCNc1nc(Nc2cccnc2)ncc1C3CC3)C4CCC4,CHEMBL2207200,IC50,7.89
1342823,Brc1cnc2[nH]c(nc2c1NCCCNC(=O)C3CCC3)c4ccc(OCCN5CCCCC5)cc4,CHEMBL2011941,EC50,7.92
1342833,N#Cc1cc(ccc1OC2CCOCC2)c3ccnc(Nc4cnn(CC5CCOC5)c4)n3,CHEMBL3687182,IC50,7.92
1342843,COc1ccc(cc1)c2nc3c(NCCCNC(=O)C(C)(C)C)c(Br)cnc3[nH]2,CHEMBL2011930,EC50,7.96
1342854,O=C(NCCCNc1nc(Nc2cccc(c2)c3ocnc3)ncc1C4CC4)C5CCC5,CHEMBL2207192,IC50,7.96
1342864,O[C@@H]1CC[C@@H](CC1)n2cc(Nc3nccc(n3)c4ccc(OCC5CCC5)c(c4)C#N)cn2,CHEMBL3687127,IC50,7.96
1342874,COc1ccc(cc1)c2nc3c(NCCCNC(=O)C4CCCC4)c(Br)cnc3[nH]2,CHEMBL2011936,IC50,8.0
1342884,N#Cc1cc(ccc1OC2CCOCC2)c3ccnc(Nc4cnc(cn4)C5CCNCC5)c3,CHEMBL3682428,IC50,8.0
1342893,NC(=O)c1oc2ccc(Nc3nccc(n3)c4ccc(OC5CCOCC5)c(c4)C#N)cc2c1,CHEMBL3687183,IC50,8.0
1342903,O=C(NCCCNc1nc(Nc2cnn(c2)C3CC3)ncc1C4CC4)C5CCC5,CHEMBL2207211,IC50,8.0
1342913,OC[C@H]1C[C@@H]1Cn2cc(Nc3nccc(n3)c4ccc(OCC5CCC5)c(c4)C#N)cn2,CHEMBL3687125,IC50,8.0
324480,CO[C@@H]1[C@@H](C[C@H]2O[C@]1(C)n3c4ccccc4c5c6CNC(=O)c6c7c8ccccc8n2c7c35)N(C)C(=O)c9ccccc9,CHEMBL608533,Kd,8.03
1342925,COc1ccc(cc1)c2nc3c(NCCCNC(=O)C4CCCC4)c(cnc3[nH]2)C(=O)N,CHEMBL2011943,IC50,8.05
1342936,COc1ccc(cc1)c2nc3c(NCCCNC(=O)C4CCCC4)c(cnc3[nH]2)c5nc(cs5)C(=O)N,CHEMBL3125721,IC50,8.05
1342947,Fc1cccc(Nc2ncc(Br)c(NCCCNC(=O)c3cccs3)n2)c1,CHEMBL2207218,IC50,8.05
1342958,O=C(NCCCNc1nc(Nc2ccc(CN3CCCCC3)nc2)ncc1C4CC4)C5CCC5,CHEMBL2207202,IC50,8.05
1342969,O=C(NCCCNc1nc(Nc2cnn(CCN3CCOCC3)c2)ncc1C4CC4)C5CCC5,CHEMBL2207215,IC50,8.05
1342980,CN1CCC(CC1)c2ccc(Nc3ncc(C4CC4)c(NCCCNC(=O)C5CCC5)n3)cc2,CHEMBL2207197,IC50,8.1
1342991,COc1ccc(cc1)c2nc3c(NCCCNC(=O)C4CC(O)C4)c(Br)cnc3[nH]2,CHEMBL2011935,IC50,8.1
1343002,Cn1cc(Nc2ncc(C3CC3)c(NCCCNC(=O)C4CCC4)n2)cn1,CHEMBL2207208,IC50,8.1
1343013,Fc1cccc(Nc2ncc(Br)c(NCCCNC(=O)C3CCCC3)n2)c1,CHEMBL2207180,IC50,8.1
1343024,Fc1cccc(Nc2ncc(C3CC3)c(NCCCNC(=O)C4CCC4)n2)c1,CHEMBL2207187,IC50,8.1
1343034,N#Cc1cc(ccc1OC2CCOCC2)c3ccnc(Nc4ccc(cn4)N5CCOCC5)c3,CHEMBL3687151,IC50,8.1
1343043,OCc1ccnc(Nc2cc(ccn2)c3ccc(OC4CCOCC4)c(c3)C#N)c1,CHEMBL3687160,IC50,8.1
1343052,O[C@@H]1CC[C@@H](CC1)n2cc(Nc3nccc(n3)c4ccc(OC5CCOCC5)c(c4)C#N)cn2,CHEMBL3682429,IC50,8.1
1343062,CC(C)N1CCC(CC1)n2cc(Nc3ncc(C4CC4)c(NCCCNC(=O)C5CCC5)n3)cn2,CHEMBL2207216,IC50,8.16
1343073,CCn1cc(Nc2ncc(C3CC3)c(NCCCNC(=O)C4CCC4)n2)cn1,CHEMBL2207210,IC50,8.16
1343083,COCCn1cc(Nc2nccc(n2)c3ccc(OCC4CCC4)c(c3)C#N)cn1,CHEMBL3687132,IC50,8.16
1343093,Cc1nn(C)c2cc(Nc3ncc(C4CC4)c(NCCCNC(=O)C5CCC5)n3)ccc12,CHEMBL2207206,IC50,8.16
1343103,N#Cc1cc(ccc1OC2CCOCC2)c3ccnc(Nc4cnn(c4)C5CCNC5)n3,CHEMBL3687181,IC50,8.16
1343113,O=C(NCCCNc1nc(Nc2ccc3CCN(Cc3c2)C4CC4)ncc1C5CC5)C6CCC6,CHEMBL2207204,IC50,8.16
1343124,Brc1cnc(Nc2cccc(NC(=O)N3CCCC3)c2)nc1NCCCNC(=O)c4cccs4,CHEMBL2207217,IC50,8.22
1343135,CN(C)Cc1ccc(Nc2ncc(C3CC3)c(NCCCNC(=O)C4CCC4)n2)cc1,CHEMBL2207196,IC50,8.22
1343145,COCCn1cc(Nc2nccc(n2)c3ccc(OC4CCOCC4)c(c3)C#N)cn1,CHEMBL3687176,IC50,8.22
1343155,COc1ccc(cc1)c2nc3c(NCCCN(C)C(=O)C4CCC4)c(Br)cnc3[nH]2,CHEMBL2011934,EC50,8.22
1343166,COc1ccc(cc1)c2nc3c(NCCCNC(=O)C4CCC4)c(Br)cnc3[nH]2,CHEMBL2011933,EC50,8.22
1343176,N#Cc1cc(ccc1OC2CCOCC2)c3ccnc(Nc4cn[nH]c4)n3,CHEMBL3687175,IC50,8.22
1343185,N#Cc1cc(ccc1OC2CCOCC2)c3ccnc(Nc4cnn(c4)C5CCNCC5)n3,CHEMBL3682420,IC50,8.22
1343195,O=C(NCCCNc1nc(Nc2ccc(cc2)N3CCOCC3)ncc1C4CC4)C5CCC5,CHEMBL2207198,IC50,8.22
1343205,OC[C@H]1C[C@@H]1Cn2cc(Nc3nccc(n3)c4ccc(OC5CCOCC5)c(c4)C#N)cn2,CHEMBL3682423,IC50,8.22
1343214,OCc1cnc(Nc2cc(ccn2)c3ccc(OC4CCOCC4)c(c3)C#N)cn1,CHEMBL3687129,IC50,8.22
1343223,CN1CCC(CC1)c2ccnc(Nc3cc(ccn3)c4ccc(OC5CCOCC5)c(c4)C#N)c2,CHEMBL3682434,IC50,8.3
1343232,FC(F)Cn1cc(Nc2nccc(n2)c3ccc(OC4CCOCC4)c(c3)C#N)cn1,CHEMBL3687185,IC50,8.3
1343241,N#Cc1cc(ccc1OC2CCOCC2)c3ccnc(Nc4cnc(cn4)C5CCOCC5)c3,CHEMBL3687128,IC50,8.3
1343251,CC(C)n1cc(Nc2ncc(C3CC3)c(NCCCNC(=O)C4CCC4)n2)cn1,CHEMBL2207209,IC50,8.4
1343262,NC(=O)c1cnc2[nH]c(nc2c1NCCCNC(=O)C3CCC3)c4ccc(OCCN5CCCCC5)cc4,CHEMBL2011942,IC50,8.4
1343273,Nc1cccc(c1)c2nc3c(NCCCNC(=O)C4CCC4)c(Br)cnc3[nH]2,CHEMBL2011940,EC50,8.4
1343284,O=C(NCCCNc1nc(Nc2cnn(c2)C3CCCC3)ncc1C4CC4)C5CCC5,CHEMBL2207213,IC50,8.4
1343295,O=C(NCCCNc1nc(Nc2ccc(cc2)n3cncn3)ncc1C4CC4)C5CCC5,CHEMBL2207199,IC50,8.52
1343306,O=C(NCCCNc1nc(Nc2cccc(Cn3cncn3)c2)ncc1C4CC4)C5CCC5,CHEMBL2207194,IC50,8.52
1343316,OCCn1cc(Nc2nccc(n2)c3ccc(OC4CCOCC4)c(c3)C#N)cn1,CHEMBL3682431,IC50,8.52
1343325,O[C@@H]1CC[C@H](CC1)n2cc(Nc3nccc(n3)c4ccc(OC5CCOCC5)c(c4)C#N)cn2,CHEMBL3639859,IC50,8.52
1343335,CN1CCN(CC1)C(=O)c2ccc(Nc3ncc(C4CC4)c(NCCCNC(=O)C5CCC5)n3)cc2,CHEMBL2207195,IC50,8.7
1343346,Fc1cccc(Nc2ncc(Br)c(NCCCNC(=O)C3CCC3)n2)c1,CHEMBL2207181,IC50,8.7
1343356,N#Cc1cc(ccc1OC2CCOCC2)c3ccnc(Nc4cc(ccn4)C5CCNCC5)c3,CHEMBL3682430,IC50,8.7
1343365,N#Cc1cc(ccc1OC2CCOCC2)c3ccnc(Nc4cnn(CCC5CCNCC5)c4)n3,CHEMBL3687186,IC50,8.7
1343375,O=C(NCCCNc1nc(Nc2cnn(c2)C3CCC3)ncc1C4CC4)C5CCC5,CHEMBL2207212,IC50,8.7
1343386,O=C(NCCCNc1nc(Nc2cnn(c2)C3CCOCC3)ncc1C4CC4)C5CCC5,CHEMBL2207214,IC50,8.7
26231,CN[C@@H]1C[C@H]2O[C@@](C)([C@@H]1OC)n3c4ccccc4c5c6CNC(=O)c6c7c8ccccc8n2c7c35,CHEMBL388978,Kd,9.05
