id,smiles,name,assay_type,activity_value
5618434,Cc1cccc(n1)c2nc(NCc3cccc(F)c3F)sc2c4ccc5ncnn5c4,CHEMBL2087982,IC50,7.53
5618446,CCN(C)C(=O)c1ccc2\C(=C(\Nc3ccc(cc3)N(C)C(=O)CN(C)C)/c4ccccc4)\C(=O)Nc2c1,CHEMBL1271470,IC50,7.54
5618457,Cc1cccc(n1)c2nn(CC(=S)Nc3ccccc3F)cc2c4ccc5ncnn5c4,CHEMBL3261095,IC50,7.54
5618468,CCCC(=O)N(C)Cc1nc(c2nc(C)cs2)c([nH]1)c3ccc4ncsc4c3,CHEMBL2208004,IC50,7.55
5618479,Cc1ccc(cc1)c2cc(ccn2)c3c[nH]nc3c4ccccn4,CHEMBL205156,IC50,7.55
5618490,COC(=O)c1ccc(cc1)c2cc(ccn2)c3c[nH]nc3c4ccccn4,CHEMBL203436,IC50,7.57
5618501,Cc1cc(Oc2ccnc(Nc3ccc(cc3)S(=O)(=O)N)c2)c(nc1C)c4ccccn4,CHEMBL578235,IC50,7.57
5618512,Cc1cccc(n1)c2[nH]c(CNC(=S)c3ccccc3F)nc2c4ccc5ncnn5c4,CHEMBL3261088,IC50,7.57
5618523,Cc1cccc(n1)c2nn(CC(=O)Nc3cccc(c3)C#N)cc2c4ccc5ncnn5c4,CHEMBL3261093,IC50,7.57
5618534,OC(=O)c1ccc(cc1)c2cc(ccn2)c3c[nH]nc3c4ccccn4,CHEMBL568357,IC50,7.57
5618546,c1ccc(nc1)c2n[nH]cc2c3ccnc4ccccc34,CHEMBL261454,IC50,7.57
5618557,CC(=O)NCCCc1nc(c2nc(C)cs2)c([nH]1)c3ccc4ncsc4c3,CHEMBL2208013,IC50,7.59
5618568,Cc1cccc(n1)c2[nH]c(Cc3cccc(c3)C#N)nc2c4ccc5ncccc5c4,CHEMBL1165374,IC50,7.59
5618579,Cc1cccc(n1)c2nc(NCc3ccc(cc3)C(=O)N)sc2c4ccc5ncnn5c4,CHEMBL2088220,IC50,7.59
5618590,Cc1cccc(n1)c2nn(CC(=S)Nc3cccc(c3)C#N)cc2c4ccc5nccnc5c4,CHEMBL1824442,IC50,7.59
5618601,Cc1csc(n1)c2nc(CN3CCCC3=O)[nH]c2c4ccc5ncsc5c4,CHEMBL2208003,IC50,7.59
5618613,CC(=O)COc1ccc(cc1)c2cc(ccn2)c3c[nH]nc3c4ccccn4,CHEMBL202943,IC50,7.6
5618624,CC(C)c1nc(c2cccc(C)n2)c([nH]1)c3ccnc(c3)c4ccc(cc4)C(=O)NC5CCOCC5,CHEMBL585505,IC50,7.6
5618635,CCC(=O)NCCc1nc(c2nc(C)cs2)c([nH]1)c3ccc4ncsc4c3,CHEMBL2208012,IC50,7.6
5618646,Cc1cccc(n1)c2[nH]c(CNc3ccc(CC#N)cc3)nc2c4ccc5ncnn5c4,CHEMBL3260609,IC50,7.6
5618657,Cc1cccc(n1)c2nc(Nc3ccc4[nH]ncc4c3)c5ccccc5n2,CHEMBL537968,IC50,7.6
5618668,Cc1cccc(n1)c2nc(Nc3ccncc3)c4ccccc4n2,CHEMBL570533,IC50,7.6
5618679,Cc1cccc(n1)c2nn(CCC(=O)Nc3ccccc3)cc2c4ccc5ncccc5c4,CHEMBL1766450,IC50,7.6
5618690,Cc1cccc(n1)c2sc(NCc3cccc(c3)C#N)nc2c4ccc5ncnn5c4,CHEMBL2088222,IC50,7.6
4003656,Nc1nc(Nc2ccccc2)cc(n1)c3ccc4c(N)n[nH]c4c3,CHEMBL1765876,IC50,7.6
5618703,COc1ccc(CNc2nc(c3cccc(C)n3)c(s2)c4ccc5ncnn5c4)cc1,CHEMBL2087975,IC50,7.61
5618714,Cc1cccc(n1)c2sc(NCc3ccccc3)nc2c4ccc5ncnn5c4,CHEMBL2088221,IC50,7.61
5618725,CCNC(=O)c1ccc2\C(=C(\Nc3ccc(CN4CCCCC4)cc3)/c5ccccc5)\C(=O)Nc2c1,CHEMBL1271472,IC50,7.62
5618736,CN(C)CCOc1ccc2c(ccnc2c1)c3c4CCCn4nc3c5ccccn5,CHEMBL409525,IC50,7.62
5618747,CN1N(C)C(=C(C1=O)c2cccc(CC#N)c2)c3ccc4nccnc4c3,CHEMBL593710,Ki,7.62
5618758,COc1ccc(cc1)c2cc(ccn2)c3c[nH]nc3c4ccccn4,CHEMBL202891,IC50,7.62
5618769,Cc1cccc(n1)c2[nH]c(NCc3ccc(cc3)C#N)nc2c4ccc5OCOc5c4,CHEMBL445934,IC50,7.62
5618780,Cc1cccc(n1)c2[nH]c(NCc3cccc(c3)C#N)nc2c4ccc5OCOc5c4,CHEMBL226734,IC50,7.62
5618792,FC(F)(F)c1ccc(cc1)c2cc(ccn2)c3c[nH]nc3c4ccccn4,CHEMBL383523,IC50,7.62
5618802,Cc1cccc(n1)n2nccc2c3cc4cnccc4s3,CHEMBL3704648,IC50,7.63
5618812,Cc1cccc(n1)c2[nH]c(CNc3cccc(OC(F)(F)F)c3)nc2c4ccc5ncnn5c4,CHEMBL3260588,IC50,7.64
5618823,Cc1csc(n1)c2nc([nH]c2c3ccc4ncsc4c3)C5CCC(=O)CC5,CHEMBL2208000,IC50,7.64
5618834,Cc1cc(C)cc(CNc2nc(c3cccc(C)n3)c(s2)c4ccc5ncnn5c4)c1,CHEMBL2088215,IC50,7.66
5618845,Cc1ccc(Oc2ccnc(Nc3ccc(cc3)S(=O)(=O)N)c2)c(C)n1,CHEMBL585367,IC50,7.66
5618856,Cc1cccc(n1)c2[nH]c(CNC(=S)c3cccc(c3)C(=O)N)nc2c4ccc5ncnn5c4,CHEMBL3261090,IC50,7.66
5618867,Cc1cccc(n1)c2[nH]c(CNc3cccc(CN4CCCC4)c3F)nc2c5ccc6ncnn6c5,CHEMBL3260630,IC50,7.66
5618878,Cc1cccc(n1)c2cc(Nc3ccncc3)c4ccccc4n2,CHEMBL560815,IC50,7.66
5618889,Cc1cccc(n1)c2nc(NCc3ccc(Cl)c(Cl)c3)sc2c4ccc5ncnn5c4,CHEMBL2087986,IC50,7.66
5618900,Cc1cccc(n1)c2nc(NCc3cccc(C)c3C)sc2c4ccc5ncnn5c4,CHEMBL2088214,IC50,7.66
5618911,Cc1cccc(n1)c2nc(Nc3ccncc3)c4sccc4n2,CHEMBL556871,IC50,7.66
5618922,Cc1cccc(n1)c2nn(CC(=O)Nc3cccc(c3)C#N)cc2c4ccc5ncccc5c4,CHEMBL1766441,IC50,7.66
5618933,Cc1cccc(n1)c2nn3CCCc3c2c4ccc5ncn(C)c5c4,CHEMBL204966,IC50,7.66
5618944,Cc1cccc(n1)c2sc(NCc3ccccc3F)nc2c4ccc5ncnn5c4,CHEMBL2088224,IC50,7.67
5618955,COc1cc(Nc2cc(Oc3ccc(C)nc3C)ccn2)cc(OC)c1OC,CHEMBL574415,IC50,7.68
5618966,Cc1cccc(n1)c2[nH]c(CNc3ccc(cc3)C(=O)N)nc2c4ccc5OCOc5c4,CHEMBL229597,IC50,7.68
5618977,Cc1cccc(n1)c2[nH]c(CNc3cccc(C#N)c3C#N)nc2c4ccc5ncnn5c4,CHEMBL3260618,IC50,7.68
5618988,Cc1cccc(n1)c2[nH]c(CNc3cccc(c3)C(=O)N)nc2c4ccc5OCOc5c4,CHEMBL389078,IC50,7.68
5618999,Cc1cccc(n1)c2[nH]c(CSc3ccccc3)nc2c4ccc5ncnn5c4,CHEMBL3260565,IC50,7.68
5619010,Cc1csc(n1)c2nc([nH]c2c3ccc4ncsc4c3)C5CCOCC5,CHEMBL2208001,IC50,7.68
5619021,Cc1cccc(n1)c2[nH]c(CNc3ccccc3F)nc2c4ccc5ncnn5c4,CHEMBL3260567,Ki,7.69
5619032,CN1N(C)C(=C(C1=O)c2cccc(C)c2)c3ccc4nccnc4c3,CHEMBL604261,Ki,7.7
5619043,COc1cc(Nc2cc(Oc3ccc(C)nc3c4ccccn4)ccn2)cc(OC)c1OC,CHEMBL583964,IC50,7.7
5619054,COc1cccc(c1)C2=C(N(C)N(C)C2=O)c3ccc4nccnc4c3,CHEMBL606376,Ki,7.7
5619065,Cc1cccc(n1)c2[nH]c(CNc3ccccc3C#N)nc2c4ccc5ncnn5c4,CHEMBL3260577,IC50,7.7
5619077,Cc1cccc(n1)c2n[nH]cc2c3ccc4ncccc4n3,CHEMBL185238,IC50,7.7
5619088,Cc1cccc(n1)c2nc(N)sc2c3ccc4ncccc4n3,CHEMBL360034,IC50,7.7
5619099,Cc1csc(n1)c2nc(Nc3ccncc3)c4ccccc4n2,CHEMBL541777,IC50,7.7
5619111,Nc1nc(c2cccc(Cl)c2)c(s1)c3ccc4ncccc4n3,CHEMBL365663,IC50,7.7
5619123,Nc1nc(c2ccccn2)c(s1)c3ccc4ncccc4n3,CHEMBL181361,IC50,7.7
5619135,Cc1cccc(n1)c2[nH]c(Cc3cccc(c3)C(=O)N)nc2c4ccc5nccnc5c4,CHEMBL492634,IC50,7.71
5619146,Cc1cccc(n1)c2nc(NCc3cccc(OC(F)(F)F)c3)sc2c4ccc5ncnn5c4,CHEMBL2087970,IC50,7.71
5619157,C(N1CCCC1)c2ccc(cc2)c3cc(ccn3)c4c[nH]nc4c5ccccn5,CHEMBL205570,IC50,7.72
5619168,CCNC(=O)c1ccc2\C(=C(\Nc3ccc(CN(C)C)cc3)/c4ccccc4)\C(=O)Nc2c1,CHEMBL1272289,IC50,7.72
5619179,CN1N(C)C(=C(C1=O)c2cccc(Cl)c2)c3ccc4nccnc4c3,CHEMBL592977,Ki,7.72
5619190,CN1N(C)C(=C(C1=O)c2cccc(NS(=O)(=O)C)c2)c3ccc4nccnc4c3,CHEMBL607429,Ki,7.72
5619201,COCCC(=O)Nc1nc(c2ccc(F)c(C)n2)c([nH]1)c3ccc4nccnc4c3,CHEMBL480731,Ki,7.72
5619211,Cc1cccc(n1)n2nc3CCCc3c2c4cc5ccncc5s4,CHEMBL3704655,IC50,7.72
5619221,ClCCOc1ccc(cc1)c2cc(ccn2)c3c[nH]nc3c4ccccn4,CHEMBL204575,IC50,7.72
5619233,c1ccc(nc1)c2n[nH]cc2c3ccc4ncccc4n3,CHEMBL183354,IC50,7.72
5619244,CN(C)CCNC(=O)Nc1ccc2c(ccnc2c1)c3c4CCCn4nc3c5ccccn5,CHEMBL565814,IC50,7.75
5619255,Cc1cccc(n1)c2[nH]c(CNc3cc(CN4CCCC4)cc(c3)C#N)nc2c5ccc6ncnn6c5,CHEMBL3260902,IC50,7.75
5619266,Cc1cccc(n1)c2[nH]c(CNc3cccc(C)c3C)nc2c4ccc5ncnn5c4,CHEMBL3260616,IC50,7.75
5619277,Cc1cccc(n1)c2nn(CC(=S)Nc3cccc(c3)C#N)cc2c4ccc5ncnn5c4,CHEMBL3261096,IC50,7.75
1963960,O=C(NC1CCOCC1)c2ccc(cc2)c3cc(ccn3)c4c[nH]nc4c5ccccn5,CHEMBL202887,IC50,7.75
5619290,CCCS(=O)(=O)NCc1nc(c2nc(C)cs2)c([nH]1)c3ccc4ncsc4c3,CHEMBL2208015,IC50,7.77
5619301,CCNC(=O)c1ccc2\C(=C\Nc3ccc(cc3)N(CCCN(C)C)C(=O)C)\C(=O)Nc2c1,CHEMBL1271965,IC50,7.77
5619312,COC(=O)c1cccc(NCc2nc(c3ccc4ncnn4c3)c([nH]2)c5cccc(C)n5)c1,CHEMBL3260595,IC50,7.77
5619323,Cc1cccc(n1)c2[nH]c(CNc3ccc(Br)cc3)nc2c4ccc5ncnn5c4,CHEMBL3260600,IC50,7.77
5619334,Cc1cccc(n1)c2[nH]c(CNc3ccc(C)c(C)c3)nc2c4ccc5ncnn5c4,CHEMBL3260621,IC50,7.77
5619345,Cc1cccc(n1)c2[nH]c(CNc3ccc(F)cc3)nc2c4ccc5ncnn5c4,CHEMBL3260598,IC50,7.77
5619356,Cc1cccc(n1)c2nc(NCc3ccccc3C)sc2c4ccc5ncnn5c4,CHEMBL2087980,IC50,7.77
5619367,Cc1csc(n1)c2nc(C)[nH]c2c3ccc4ncsc4c3,CHEMBL2207989,IC50,7.77
5619378,NC(=O)c1ccc(cc1)c2nc(c3ccccn3)c([nH]2)c4ccc5OCOc5c4,CHEMBL440084,Ki,7.77
5619389,COc1cc(CNc2nc(c3cccc(C)n3)c(s2)c4ccc5ncnn5c4)cc(OC)c1,CHEMBL2088218,IC50,7.78
5619400,CN1CCN(CC1)c2nc(c3ccc(F)c(C)n3)c([nH]2)c4ccc5ncnn5c4,CHEMBL480581,Ki,7.79
5619411,CC(C)c1cccc(NCc2nc(c3ccc4ncnn4c3)c([nH]2)c5cccc(C)n5)c1,CHEMBL3260586,IC50,7.8
5619422,Cc1ccc(NCc2nc(c3ccc4ncnn4c3)c([nH]2)c5cccc(C)n5)cc1,CHEMBL3260601,IC50,7.8
5619433,Cc1cccc(n1)c2nc(NCc3ccc(Cl)cc3)sc2c4ccc5ncnn5c4,CHEMBL2087973,IC50,7.8
5619444,Cc1cccc(n1)c2nc(Nc3ccncc3)c4c(C)csc4n2,CHEMBL564250,IC50,7.8
5619455,Cc1cccc(n1)c2nc(NCc3ccccc3Cl)sc2c4ccc5ncnn5c4,CHEMBL2087979,IC50,7.81
5619466,Cc1cccc(n1)c2nn(cc2c3ccc4ncnn4c3)C(=S)Nc5ccc(cc5)C(=O)N,CHEMBL1835533,IC50,7.81
5619477,CC(=O)N1CCN(CC1)c2nc(c3ccc(F)c(C)n3)c([nH]2)c4ccc5ncnn5c4,CHEMBL480582,Ki,7.82
5619488,CC(=O)Nc1cccc(NCc2nc(c3ccc4ncnn4c3)c([nH]2)c5cccc(C)n5)c1,CHEMBL3260597,IC50,7.82
5619499,CCNC(=O)c1ccc2\C(=C\Nc3ccc(cc3)N(C)C(=O)CN4CCN(C)CC4)\C(=O)Nc2c1,CHEMBL1272020,IC50,7.82
5619510,CCc1cccc(n1)c2[nH]c(CNc3cccc(c3)C(=O)N)nc2c4ccc5nccnc5c4,CHEMBL376119,IC50,7.82
5619803,CN(C)CCCc1cccc(c1)c2cc(ccn2)c3c[nH]nc3c4ccccn4,CHEMBL567706,IC50,7.82
1964008,CN(C)CCOc1ccc(cc1)c2cc(ccn2)c3c[nH]nc3c4ccccn4,CHEMBL424676,IC50,7.82
5619816,CN(C)Cc1ccc(F)c(NCc2nc(c3ccc4ncnn4c3)c([nH]2)c5cccc(C)n5)c1,CHEMBL3260628,IC50,7.82
5619827,Cc1cccc(n1)c2[nH]c(CNc3cc(Cl)cc(Cl)c3)nc2c4ccc5ncnn5c4,CHEMBL3260624,IC50,7.82
5619838,Cc1cccc(n1)c2[nH]c(CNc3cccc(NS(=O)(=O)C)c3)nc2c4ccc5ncnn5c4,CHEMBL3260596,IC50,7.82
5619849,Cc1cccc(n1)c2[nH]c(CNc3ccccc3NS(=O)(=O)C)nc2c4ccc5ncnn5c4,CHEMBL3260579,IC50,7.82
5619860,Cc1cccc(n1)c2nc(NCc3cc(Cl)cc(Cl)c3)sc2c4ccc5ncnn5c4,CHEMBL2088213,IC50,7.82
5619871,Cc1nc(ccc1F)c2nc([nH]c2c3ccc4ncnn4c3)N5CCOCC5,CHEMBL520104,Ki,7.82
5619882,CC(C)c1ccccc1NCc2nc(c3ccc4ncnn4c3)c([nH]2)c5cccc(C)n5,CHEMBL3260572,IC50,7.85
5619893,COc1cc(NCc2nc(c3ccc4ncnn4c3)c([nH]2)c5cccc(C)n5)cc(OC)c1,CHEMBL3260626,IC50,7.85
5619904,COc1cccc(NCc2nc(c3ccc4ncnn4c3)c([nH]2)c5cccc(C)n5)c1,CHEMBL3260587,IC50,7.85
5619915,COc1ccccc1NCc2nc(c3ccc4ncnn4c3)c([nH]2)c5cccc(C)n5,CHEMBL3260573,IC50,7.85
5619926,Cc1cc(C)cc(NCc2nc(c3ccc4ncnn4c3)c([nH]2)c5cccc(C)n5)c1,CHEMBL3260625,IC50,7.85
5619937,Cc1cccc(n1)c2[nH]c(CNc3ccccc3C)nc2c4ccc5ncnn5c4,CHEMBL3260570,IC50,7.85
5619948,Cc1cccc(n1)c2[nH]c(CNc3ccccc3C=C)nc2c4ccc5ncnn5c4,CHEMBL3260576,IC50,7.85
5619959,Cc1csc(n1)c2nc([nH]c2c3ccc4ncsc4c3)C(C)(C)C,CHEMBL2207994,IC50,7.85
5619970,Cc1nc(ccc1F)c2[nH]c(CNc3cccc(C=C)c3)nc2c4ccc5ncnn5c4,CHEMBL3634801,IC50,7.86
5619981,Cc1cccc(n1)c2nc(NCc3cccc(c3)C(=O)N)sc2c4ccc5ncnn5c4,CHEMBL2088219,IC50,7.87
5619992,CC(=O)c1cccc(NCc2nc(c3ccc4ncnn4c3)c([nH]2)c5cccc(C)n5)c1,CHEMBL3260594,IC50,7.89
5620003,CCCCNCc1nc(c2nc(C)cs2)c([nH]1)c3ccc4ncsc4c3,CHEMBL2208005,IC50,7.89
5620014,CN1C=Nc2ccc(cc2C1=O)c3ccnn3c4cccc(C)n4,CHEMBL2024684,IC50,7.89
5620025,Cc1cccc(n1)c2[nH]c(CNc3ccccc3)nc2c4ccc5ncnn5c4,CHEMBL3260566,IC50,7.89
5620036,Cc1cccc(n1)c2[nH]c(COc3ccccc3)nc2c4ccc5ncnn5c4,CHEMBL3260564,IC50,7.89
5620047,Cc1cccc(n1)c2nn(CC(=S)Nc3ccccc3)cc2c4ccc5nccnc5c4,CHEMBL1824440,IC50,7.89
5620057,Cc1cccc(n1)n2nc3CCCc3c2c4cc5cnccc5s4,CHEMBL3704652,IC50,7.89
5620067,Cc1nc(ccc1F)c2[nH]c(CNc3ccccc3F)nc2c4ccc5ncnn5c4,CHEMBL3634712,IC50,7.9
5620078,C(CN1CCOCC1)Oc2ccc(cc2)c3cc(ccn3)c4c[nH]nc4c5ccccn5,CHEMBL205158,IC50,7.92
5620089,CCNC(=O)CCc1nc(c2nc(C)cs2)c([nH]1)c3ccc4ncsc4c3,CHEMBL2208008,IC50,7.92
5620100,CN(C)C(=O)c1ccc(Nc2cc(Oc3cc(C)c(C)nc3c4ccccn4)ccn2)cc1,CHEMBL575923,IC50,7.92
5620111,CN1N(C)C(=C(C1=O)c2cccc(Br)c2)c3ccc4nccnc4c3,CHEMBL595556,Ki,7.92
5620122,CN1N(C)C(=C(C1=O)c2cccc(C=C)c2)c3ccc4nccnc4c3,CHEMBL593708,Ki,7.92
5620133,Cc1ccc(F)c(n1)c2[nH]c(CNc3ccccc3F)nc2c4ccc5ncnn5c4,CHEMBL3634705,IC50,7.92
5620144,Cc1cccc(n1)c2[nH]c(CNc3cccc(C=C)c3)nc2c4ccc5ncnn5c4,CHEMBL3260590,IC50,7.92
5620155,Cc1cccc(n1)c2[nH]c(CNc3cccc(Cl)c3Cl)nc2c4ccc5ncnn5c4,CHEMBL3260615,IC50,7.92
5620166,Cc1cccc(n1)c2[nH]c(CNc3cccc(c3)C#N)nc2c4ccc5nccnc5c4,CHEMBL387748,IC50,7.92
5620177,Cc1cccc(n1)c2[nH]c(CNc3ccccc3OC(F)(F)F)nc2c4ccc5ncnn5c4,CHEMBL3260574,IC50,7.92
5620188,Cc1cccc(n1)c2sc(NCc3cccc(c3)C(=O)N)nc2c4ccc5ncnn5c4,CHEMBL2088223,IC50,7.92
5620199,Cc1csc(n1)c2nc([nH]c2c3ccc4ncsc4c3)C5CCCCC5,CHEMBL2207999,IC50,7.92
5620210,COc1cccc(CNc2nc(c3cccc(C)n3)c(s2)c4ccc5ncnn5c4)c1,CHEMBL2087969,IC50,7.94
5620221,Cc1cccc(CNc2nc(c3cccc(C)n3)c(s2)c4ccc5ncnn5c4)c1,CHEMBL2087968,IC50,7.95
5620232,Cc1cccc(n1)c2nc(NCc3ccccc3)sc2c4ccc5ncnn5c4,CHEMBL2087965,IC50,7.95
5620243,CCCCCOC(=O)NCc1nc(c2nc(C)cs2)c([nH]1)c3ccc4ncsc4c3,CHEMBL2208021,IC50,7.96
5620254,CCNC(=O)NCc1nc(c2nc(C)cs2)c([nH]1)c3ccc4ncsc4c3,CHEMBL2208014,IC50,7.96
5620265,CCc1ccccc1NCc2nc(c3ccc4ncnn4c3)c([nH]2)c5cccc(C)n5,CHEMBL3260571,IC50,7.96
5620276,CN(C)Cc1cccc(NCc2nc(c3ccc4ncnn4c3)c([nH]2)c5cccc(C)n5)c1F,CHEMBL3260629,IC50,7.96
5620287,CN1N(C)C(=C(C1=O)c2ccccn2)c3ccc4nccnc4c3,CHEMBL593725,Ki,7.96
5620298,Cc1ccc(F)c(n1)c2[nH]c(CNc3cccc(c3)C(=O)N)nc2c4ccc5ncnn5c4,CHEMBL3634707,IC50,7.96
5620309,Cc1cccc(n1)c2[nH]c(CNc3ccc(Cl)cc3)nc2c4ccc5ncnn5c4,CHEMBL3260599,IC50,7.96
5620320,Cc1cccc(n1)c2[nH]c(CNc3cccc(CC#N)c3)nc2c4ccc5ncnn5c4,CHEMBL3260593,IC50,7.96
5620332,Nc1nc(c2ccc(F)cc2)c(s1)c3ccc4ncccc4n3,CHEMBL361237,IC50,7.96
5620343,Cc1nc(ccc1F)c2[nH]c(CNc3cccc(c3)C(=O)N)nc2c4ccc5ncnn5c4,CHEMBL3634800,IC50,7.97
5620354,Cc1cccc(n1)c2nc(NCc3ccccc3F)sc2c4ccc5ncnn5c4,CHEMBL2087978,IC50,7.98
5620365,Cc1cccc(n1)c2nc(NCc3cccc(Cl)c3)sc2c4ccc5ncnn5c4,CHEMBL2087967,IC50,7.99
38358,CC(C)c1nc(c2ccc(F)c(NS(=O)(=O)c3c(F)cccc3F)c2)c(s1)c4ccnc(Nc5ccc(nc5)N6CCOCC6)n4,CHEMBL1808264,IC50,8.0
5620378,CSc1ccccc1NCc2nc(c3ccc4ncnn4c3)c([nH]2)c5cccc(C)n5,CHEMBL3260575,IC50,8.0
5620389,Cc1cccc(n1)c2[nH]c(CNc3ccc(F)c(F)c3)nc2c4ccc5ncnn5c4,CHEMBL3260619,IC50,8.0
5620400,Cc1cccc(n1)c2[nH]c(CNc3cccc(c3)C(=O)N)nc2c4ccc5nccnc5c4,CHEMBL229599,IC50,8.0
5620411,Cc1cccc(n1)c2nn(cc2c3ccc4ncnn4c3)C(=S)Nc5cccc(OC(F)(F)F)c5,CHEMBL1835523,IC50,8.0
5620422,Cc1ccc(F)c(n1)c2[nH]c(CNc3cccc(C=C)c3)nc2c4ccc5ncnn5c4,CHEMBL3634708,IC50,8.01
5620433,Cc1ccc(F)c(n1)c2[nH]c(CNc3ccccc3)nc2c4ccc5ncnn5c4,CHEMBL3634704,IC50,8.01
5620444,Cc1cccc(n1)c2nc(NCc3cccc(c3)C#N)sc2c4ccc5ncnn5c4,CHEMBL2087971,IC50,8.03
5620455,Cc1csc(n1)c2nc(CNC(=O)OCC(C)(C)C)[nH]c2c3ccc4ncsc4c3,CHEMBL2208238,IC50,8.03
5620466,CCCCOC(=O)NCc1nc(c2nc(C)cs2)c([nH]1)c3ccc4ncsc4c3,CHEMBL2208020,IC50,8.04
5620477,Cc1ccc(F)c(n1)c2[nH]c(CNc3cccc(c3)C#N)nc2c4ccc5ncnn5c4,CHEMBL3634706,IC50,8.04
5620488,Cc1nc(ccc1F)c2[nH]c(CNc3ccccc3)nc2c4ccc5ncnn5c4,CHEMBL3634711,IC50,8.04
5620499,CC(C)Cc1nc(c2nc(C)cs2)c([nH]1)c3ccc4ncsc4c3,CHEMBL2207993,IC50,8.05
5620510,CCCC(=O)CCc1nc(c2nc(C)cs2)c([nH]1)c3ccc4ncsc4c3,CHEMBL2208006,IC50,8.05
5620521,CCN(C)C(=O)c1ccc2\C(=C(\Nc3ccc(cc3)N(CCCN(C)C)C(=O)C)/c4ccccc4)\C(=O)Nc2c1,CHEMBL1271796,IC50,8.05
5620532,CCNC(=O)c1ccc2\C(=C(\Nc3ccc(cc3)N(C)C(=O)CN4CCN(C)CC4)/c5ccccc5)\C(=O)Nc2c1,CHEMBL1271853,IC50,8.05
5620543,CCc1nc(c2nc(C)cs2)c([nH]1)c3ccc4ncsc4c3,CHEMBL2207990,IC50,8.05
5620554,Cc1cccc(NCc2nc(c3ccc4ncnn4c3)c([nH]2)c5cccc(C)n5)c1,CHEMBL3260584,IC50,8.05
5620565,Cc1cccc(n1)c2[nH]c(CNc3cccc(F)c3)nc2c4ccc5ncnn5c4,CHEMBL3260581,IC50,8.05
5620576,Cc1cccc(n1)c2[nH]c(CNc3cccc(F)c3F)nc2c4ccc5ncnn5c4,CHEMBL3260614,IC50,8.05
5620587,Cc1cccc(n1)c2[nH]c(CNc3cccc(c3)C(=O)N)nc2c4ccc5ncnn5c4,CHEMBL3260592,IC50,8.05
5620598,Cc1cccc(n1)c2[nH]c(CNc3ccccc3Cl)nc2c4ccc5ncnn5c4,CHEMBL3260568,IC50,8.05
5620609,Cc1cccc(n1)c2nc(NCc3cc(F)cc(F)c3)sc2c4ccc5ncnn5c4,CHEMBL2087984,IC50,8.05
5620620,CCC(=O)Nc1nc(c2ccc(F)c(C)n2)c([nH]1)c3ccc4nccnc4c3,CHEMBL521441,Ki,8.06
5620631,Cc1ccc(CNc2nc(c3cccc(C)n3)c(s2)c4ccc5ncnn5c4)cc1,CHEMBL2087974,IC50,8.06
5620642,Cc1csc(n1)c2nc([nH]c2c3ccc4ncsc4c3)C5CC5,CHEMBL2207997,IC50,8.06
5620653,Cc1csc(n1)c2nc([nH]c2c3ccc4ncsc4c3)C5CCCC5,CHEMBL2207998,IC50,8.06
5620664,Cc1csc(n1)c2nc[nH]c2c3ccc4ncsc4c3,CHEMBL2207988,IC50,8.06
5620675,CC(C)OC(=O)NCc1nc(c2nc(C)cs2)c([nH]1)c3ccc4ncsc4c3,CHEMBL2208022,IC50,8.07
5620686,Cc1cccc(n1)c2nc(NCc3ccc(F)cc3)sc2c4ccc5ncnn5c4,CHEMBL2087972,IC50,8.07
5620697,Cc1csc(n1)c2nc(CCCCC(=O)N)[nH]c2c3ccc4ncsc4c3,CHEMBL2208010,IC50,8.08
5620708,CC(C)c1nc(c2nc(C)cs2)c([nH]1)c3ccc4ncsc4c3,CHEMBL2207992,IC50,8.09
5620719,CCCC(=O)NCc1nc(c2nc(C)cs2)c([nH]1)c3ccc4ncsc4c3,CHEMBL1957675,IC50,8.09
5620730,CCCc1nc(c2nc(C)cs2)c([nH]1)c3ccc4ncsc4c3,CHEMBL2207991,IC50,8.09
5620741,Cc1cccc(n1)c2[nH]c(CNc3cccc(C#N)c3CN4CCOCC4)nc2c5ccc6ncnn6c5,CHEMBL3260899,IC50,8.09
5620752,Cc1csc(n1)c2nc(CN3CCOC3=O)[nH]c2c4ccc5ncsc5c4,CHEMBL2208017,IC50,8.09
5620763,CCN(C)C(=O)c1ccc2\C(=C(\Nc3ccc(cc3)N(CCN(C)C)C(=O)C)/c4ccccc4)\C(=O)Nc2c1,CHEMBL1272291,IC50,8.1
5620774,CCc1cccc(NCc2nc(c3ccc4ncnn4c3)c([nH]2)c5cccc(C)n5)c1,CHEMBL3260585,IC50,8.1
5620785,Cc1cccc(n1)c2[nH]c(CNc3ccc(Cl)c(Cl)c3)nc2c4ccc5ncnn5c4,CHEMBL3260620,IC50,8.1
5620795,Cc1cccc(n1)n2ncc(C)c2c3cc4ccncc4s3,CHEMBL3704654,IC50,8.1
5620805,COC(=O)NCc1nc(c2nc(C)cs2)c([nH]1)c3ccc4ncsc4c3,CHEMBL2208018,IC50,8.11
5620816,Cc1nc(ccc1F)c2[nH]c(CNc3cccc(c3)C#N)nc2c4ccc5ncnn5c4,CHEMBL3634799,IC50,8.12
5620827,Cc1cccc(n1)c2nc(NCc3ccc(F)c(F)c3)sc2c4ccc5ncnn5c4,CHEMBL2087983,IC50,8.13
5620838,CCCOC(=O)NCc1nc(c2nc(C)cs2)c([nH]1)c3ccc4ncsc4c3,CHEMBL2208019,IC50,8.14
5620849,CCNC(=O)OCc1nc(c2nc(C)cs2)c([nH]1)c3ccc4ncsc4c3,CHEMBL2208011,IC50,8.14
5620860,COCC(=O)Nc1nc(c2ccc(F)c(C)n2)c([nH]1)c3ccc4nccnc4c3,CHEMBL479262,Ki,8.14
5620871,CC(=O)Nc1nc(c2ccc(F)c(C)n2)c([nH]1)c3ccc4nccnc4c3,CHEMBL519939,Ki,8.15
5620882,Cc1cccc(n1)c2nc(NCc3cccc(F)c3)sc2c4ccc5ncnn5c4,CHEMBL2087966,IC50,8.15
5620893,CCCCCCc1nc(c2nc(C)cs2)c([nH]1)c3ccc4ncsc4c3,CHEMBL2207995,IC50,8.16
5620904,CCN(C)C(=O)c1ccc2\C(=C(\Nc3ccc(cc3)N(C)C(=O)CN4CCN(C)CC4)/c5ccccc5)\C(=O)Nc2c1,CHEMBL1269806,IC50,8.16
5620915,CCN(C)C(=O)c1ccc2\C(=C(\Nc3ccc(cc3)N(CCN(C)C)S(=O)(=O)C)/c4ccccc4)\C(=O)Nc2c1,CHEMBL1272182,IC50,8.16
5620926,COc1ccccc1Nc2cc(Oc3cc(C)c(C)nc3c4ccccn4)ccn2,CHEMBL575492,IC50,8.16
5620937,CSc1cccc(NCc2nc(c3ccc4ncnn4c3)c([nH]2)c5cccc(C)n5)c1,CHEMBL3260589,IC50,8.16
5620948,Cc1cccc(n1)c2[nH]c(CNc3ccccc3Br)nc2c4ccc5ncnn5c4,CHEMBL3260569,IC50,8.16
5620959,Cc1cccc(n1)c2[nH]c(CNc3cc(ccc3CN4CCCC4)C#N)nc2c5ccc6ncnn6c5,CHEMBL3260906,IC50,8.17
5620970,Cc1cccc(n1)c2[nH]c(CNc3cccc(CN4CCOCC4)c3F)nc2c5ccc6ncnn6c5,CHEMBL3260631,IC50,8.17
5620981,Cc1ccc(NC(=S)n2cc(c3ccc4ncnn4c3)c(n2)c5cccc(C)n5)cc1,CHEMBL1835528,IC50,8.18
5620991,Cc1cccc(n1)n2ncc(C)c2c3cc4cnccc4s3,CHEMBL3640035,IC50,8.18
5621001,CCc1cccc(c1)C2=C(N(C)N(C)C2=O)c3ccc4nccnc4c3,CHEMBL594371,Ki,8.22
5621012,Cc1cc(Oc2ccnc(Nc3cccc(c3)N4CCOCC4)c2)c(nc1C)c5ccccn5,CHEMBL574413,IC50,8.22
5621023,Cc1cccc(n1)c2[nH]c(CNc3cc(F)cc(F)c3)nc2c4ccc5ncnn5c4,CHEMBL3260623,IC50,8.22
5621034,Cc1cccc(n1)c2[nH]c(CNc3cccc(Cl)c3)nc2c4ccc5ncnn5c4,CHEMBL3260582,IC50,8.22
5621045,Cc1cccc(n1)n2nccc2c3ccc4N=CNC(=O)c4c3,CHEMBL2024690,IC50,8.22
5621056,Cc1cccnc1c2nc(N)sc2c3ccc4ncccc4n3,CHEMBL576062,IC50,8.22
5621067,Cc1csc(n1)c2nc([nH]c2c3ccc4ncsc4c3)C(F)(F)F,CHEMBL2207996,IC50,8.24
5621078,COc1ccccc1NC(=S)n2cc(c3ccc4ncnn4c3)c(n2)c5cccc(C)n5,CHEMBL1835620,IC50,8.25
5621089,Cc1cccc(n1)c2[nH]c(CNc3cccc(C#N)c3CN4CCCC4)nc2c5ccc6ncnn6c5,CHEMBL3260898,IC50,8.25
5621100,CC(C)COC(=O)NCc1nc(c2nc(C)cs2)c([nH]1)c3ccc4ncsc4c3,CHEMBL2208237,IC50,8.26
5621111,Cc1cccc(n1)c2nn(cc2c3ccc4ncnn4c3)C(=S)Nc5ccccc5F,CHEMBL1835534,IC50,8.27
5621122,Cc1cccc(n1)c2nn(cc2c3ccc4ncnn4c3)C(=S)Nc5cc(Cl)cc(Cl)c5,CHEMBL1835625,IC50,8.29
5621133,CN1N(C)C(=C(C1=O)c2cccc(C)n2)c3ccc4nccnc4c3,CHEMBL606632,Ki,8.3
5621144,Cc1cccc(n1)c2[nH]c(CNc3cccc(Br)c3)nc2c4ccc5ncnn5c4,CHEMBL3260583,IC50,8.3
5621155,Cc1cccc(n1)c2[nH]c(CNc3cccc(c3)C#N)nc2c4ccc5ncnn5c4,CHEMBL3260591,IC50,8.3
5621166,Cc1cccc(n1)n2nc3CCCc3c2c4ccc5N=CNC(=O)c5c4,CHEMBL2024693,IC50,8.3
5621177,CN(C)Cc1cc(NCc2nc(c3ccc4ncnn4c3)c([nH]2)c5cccc(C)n5)cc(c1)C#N,CHEMBL3260901,IC50,8.31
5621188,Cc1cccc(n1)c2[nH]c(CNc3cc(ccc3CN4CCOCC4)C#N)nc2c5ccc6ncnn6c5,CHEMBL3260907,IC50,8.32
5621199,CCOC(=O)NCc1nc(c2nc(C)cs2)c([nH]1)c3ccc4ncsc4c3,CHEMBL2208016,IC50,8.35
5621210,Cc1cccc(n1)c2nn(cc2c3ccc4ncnn4c3)C(=S)Nc5cccc(F)c5,CHEMBL1835518,IC50,8.35
5621221,Cc1cccc(n1)c2nn(cc2c3ccc4ncnn4c3)C(=S)Nc5cccc(c5)C#N,CHEMBL1835524,IC50,8.35
5621231,CCc1cnn(c2cccc(C)n2)c1c3cc4cnccc4s3,CHEMBL3704651,IC50,8.36
5621241,COc1ccc(NC(=S)n2cc(c3ccc4ncnn4c3)c(n2)c5cccc(C)n5)cc1OC,CHEMBL1835629,IC50,8.36
5621252,Cc1cccc(n1)c2nn(cc2c3ccc4ncnn4c3)C(=S)Nc5cc(cc(c5)C(F)(F)F)C(F)(F)F,CHEMBL1835628,IC50,8.39
5621263,Cc1cccc(n1)c2nn(cc2c3ccc4ncnn4c3)C(=S)Nc5ccc(F)cc5,CHEMBL1835526,IC50,8.39
5621274,CN1C=Nc2ccc(cc2C1=O)c3c(C)cnn3c4cccc(C)n4,CHEMBL2024686,IC50,8.4
5621285,COc1cccc(Nc2cc(Oc3cc(C)c(C)nc3c4ccccn4)ccn2)c1,CHEMBL575721,IC50,8.4
5621296,Cc1cc(C)cc(NC(=S)n2cc(c3ccc4ncnn4c3)c(n2)c5cccc(C)n5)c1,CHEMBL1835627,IC50,8.4
5621307,Cc1cccc(NC(=S)n2cc(c3ccc4ncnn4c3)c(n2)c5cccc(C)n5)c1,CHEMBL1835520,IC50,8.4
5621318,Cc1cccc(n1)c2nn(cc2c3ccc4ncnn4c3)C(=S)Nc5ccccc5C,CHEMBL1835536,IC50,8.4
5621329,Cc1cccc(n1)c2nn(cc2c3ccc4ncnn4c3)C(=S)Nc5ccccc5OC(F)(F)F,CHEMBL1835621,IC50,8.4
5621340,Cc1cccc(n1)n2nccc2c3ccc4N=CN(C=C)C(=O)c4c3,CHEMBL2024685,IC50,8.4
5621351,Cc1cccc(n1)c2nn(cc2c3ccc4ncnn4c3)C(=S)Nc5ccc(Cl)cc5,CHEMBL1835527,IC50,8.41
5621362,Cc1cccc(n1)c2nn(cc2c3ccc4ncnn4c3)C(=S)Nc5ccc(Cl)c(Cl)c5,CHEMBL1835624,IC50,8.42
5621373,Cc1cccc(n1)c2nn(cc2c3ccc4ncnn4c3)C(=S)Nc5ccc(C)c(C)c5,CHEMBL1835626,IC50,8.45
5621384,Cc1cccc(n1)c2nn(cc2c3ccc4ncnn4c3)C(=S)Nc5cccc(c5)C(=O)N,CHEMBL1835525,IC50,8.46
5621395,Cc1cccc(n1)c2[nH]c(CNc3cc(CN4CCOCC4)cc(c3)C#N)nc2c5ccc6ncnn6c5,CHEMBL3260903,IC50,8.48
5621406,Cc1cccc(n1)c2nn(cc2c3ccc4ncnn4c3)C(=S)Nc5ccc(OC(F)(F)F)cc5,CHEMBL1835531,IC50,8.48
5621417,Cc1cccc(n1)c2nn(cc2c3ccc4ncnn4c3)C(=S)Nc5cc(F)cc(F)c5,CHEMBL1835623,IC50,8.5
5621428,Fc1ccc(Br)cc1c2nc(Nc3ccncc3C(=O)NCCCN4CCCC4=O)c5nccnc5n2,CHEMBL234655,IC50,8.5
5621439,CN(C)Cc1ccc(cc1NCc2nc(c3ccc4ncnn4c3)c([nH]2)c5cccc(C)n5)C#N,CHEMBL3260905,IC50,8.51
5621450,CCNC(=O)c1ccc2\C(=C(\Nc3ccc(cc3)N(CCCN(C)C)C(=O)C)/c4ccccc4)\C(=O)Nc2c1,CHEMBL1271736,IC50,8.52
5621461,CCNC(=O)c1ccc2\C(=C(\Nc3ccc(cc3)N(CCN(C)C)C(=O)C)/c4ccccc4)\C(=O)Nc2c1,CHEMBL1272238,IC50,8.52
5621472,CN1C=Nc2ccc(cc2C1=O)c3cc(C)nn3c4cccc(C)n4,CHEMBL2024687,IC50,8.52
5621483,Cc1cccc(n1)c2nn(cc2c3ccc4ncnn4c3)C(=S)Nc5ccc(cc5)C(F)(F)F,CHEMBL1835529,IC50,8.52
5621494,Cc1cccc(n1)c2nn(cc2c3ccc4ncnn4c3)C(=S)Nc5cccc(c5)C(F)(F)F,CHEMBL1835521,IC50,8.52
5621505,Cc1nc(ccc1F)c2nc([nH]c2c3ccc4ncnn4c3)N5CCN(CC5)S(=O)(=O)C,CHEMBL480583,Ki,8.52
5621516,CC(=O)Nc1nc(c2cccc(C)n2)c([nH]1)c3ccc4ncnn4c3,CHEMBL450161,Ki,8.53
5621527,Cc1cccc(n1)c2nn(cc2c3ccc4ncnn4c3)C(=S)Nc5ccc(cc5)C#N,CHEMBL1835532,IC50,8.53
5621538,CN(C)c1ccc(F)c(NCc2nc(c3ccc4ncnn4c3)c([nH]2)c5cccc(C)n5)c1,CHEMBL3260627,IC50,8.54
5621549,Cc1cccc(n1)c2nn(cc2c3ccc4ncnn4c3)C(=S)Nc5ccccc5,CHEMBL1835112,IC50,8.55
5621560,Cc1cccc(n1)c2nn(cc2c3ccc4ncnn4c3)C(=S)Nc5ccccc5Cl,CHEMBL1835535,IC50,8.55
5621571,CN(C)c1cc(NCc2nc(c3ccc4ncnn4c3)c([nH]2)c5cccc(C)n5)cc(c1)C#N,CHEMBL3260900,IC50,8.59
5621582,COc1cc(NC(=S)n2cc(c3ccc4ncnn4c3)c(n2)c5cccc(C)n5)cc(OC)c1,CHEMBL1835630,IC50,8.6
5621593,CN(C)Cc1c(NCc2nc(c3ccc4ncnn4c3)c([nH]2)c5cccc(C)n5)cccc1C#N,CHEMBL3260897,IC50,8.62
5621604,Cc1cccc(n1)c2nn(cc2c3ccc4ncnn4c3)C(=S)Nc5cccc(Cl)c5,CHEMBL1835519,IC50,8.63
5621615,COc1cccc(NC(=S)n2cc(c3ccc4ncnn4c3)c(n2)c5cccc(C)n5)c1,CHEMBL1835522,IC50,8.65
5621626,Cc1cccc(n1)c2nn(cc2c3ccc4ncnn4c3)C(=S)Nc5ccc(F)c(F)c5,CHEMBL1835622,IC50,8.67
5621637,CC(=O)Nc1nc(c2ccc(F)c(C)n2)c([nH]1)c3ccc4ncnn4c3,CHEMBL517068,Ki,8.68
5621648,CCc1cnn(c2cccc(C)n2)c1c3ccc4N=CNC(=O)c4c3,CHEMBL2024691,IC50,8.7
1586280,Clc1cnc2OCOc2c1Nc3ccnc(NC(=O)C4CC4)c3,CHEMBL3818173,IC50,8.72
5621660,CN(C)c1ccc(cc1NCc2nc(c3ccc4ncnn4c3)c([nH]2)c5cccc(C)n5)C#N,CHEMBL3260904,IC50,8.89
5621671,CCNC(=O)c1ccc2\C(=C(\Nc3ccc(cc3)N(CCN(C)C)S(=O)(=O)C)/c4ccccc4)\C(=O)Nc2c1,CHEMBL1272128,IC50,9.0
5621682,CCc1cc(c2ccc3N=CN(C)C(=O)c3c2)n(n1)c4cccc(C)n4,CHEMBL2024689,IC50,9.0
5621693,Cc1cccc(n1)n2ncc(C)c2c3ccc4N=CNC(=O)c4c3,CHEMBL2024688,IC50,9.0
5621704,Cc1nc(ccc1F)c2nc(N)[nH]c2c3ccc4nccnc4c3,CHEMBL480742,Ki,9.16
5621715,COc1ccc(NC(=S)n2cc(c3ccc4ncnn4c3)c(n2)c5cccc(C)n5)cc1,CHEMBL1835530,IC50,9.24
5621726,Cc1cccc(n1)c2nc(N)sc2c3ccc4nccnc4c3,CHEMBL519948,Ki,9.48
