id,smiles,name,assay_type,activity_value
985681,CC1=NC(NC2=NC=C(S2)C(=O)NC2=C(C)C=CC=C2Cl)=CC(=N1)N1CCN(CCO)CC1,dasatinib,Kd,8.25
293662,COc1cc(Nc2c(cnc3cc(OCCCN4CCN(C)CC4)c(OC)cc23)C#N)c(Cl)cc1Cl,bosutinib,Kd,7.54
4931476,COc1cc(ccc1C(=O)c2ccccc2)c3nc([C@@H]4C[C@](C)(O)C4)n5ccnc(N)c35,CHEMBL2325959,IC50,7.54
4931487,CCCC(=O)N1CCN(CC1)c2ccc(Nc3ncc(C(=O)Nc4c(F)cccc4Cl)c(NCC5CCCO5)n3)cc2,CHEMBL3426880,IC50,7.55
4931498,C[C@@]1(O)C[C@@H](C1)c2nc(c3ccc(cc3F)C(=O)c4ccccc4)c5c(N)nccn25,CHEMBL2325960,IC50,7.55
38372,CSc1cccc(Nc2ncc3C=C(C(=O)N(C)c3n2)c4c(Cl)cccc4Cl)c1,CHEMBL386051,Kd,7.57
4931511,COC(C)(C)CCn1nc(Nc2c(C)cc(F)cc2C)c3cnc(Nc4ccccc4)nc13,CHEMBL521379,Ki,7.59
4931522,C(Nc1ncnc2oc(c3ccccc3)c(c4ccccc4)c12)[C@@H]5CCCO5,CHEMBL247070,IC50,7.62
4931533,C(Cc1cccnc1)Nc2ccnc3oc(c4ccc(OCCN5CCCCC5)cc4)c(c6ccccc6)c23,CHEMBL437754,IC50,7.7
4931544,CCOc1ccccc1Oc2nc(Nc3ccc(cc3)N4CCNCC4)ncc2C(=O)Nc5c(C)cccc5C,CHEMBL459044,Ki,7.7
4931555,CN(C)CCCn1nc(Nc2c(Cl)cccc2Cl)c3cnc(Nc4ccccc4)nc13,CHEMBL487054,Ki,7.7
4931566,CN(C)CCOc1ccc(cc1)c2[nH]c3ncnc(NC[C@@H]4CCCO4)c3c2C5=CCCC5,CHEMBL2087668,Ki,7.7
4931577,CN(C)[C@@H]1CCN(CCn2nc(Nc3c(Cl)cccc3Cl)c4cnc(Nc5ccccc5)nc24)C1,CHEMBL488061,Ki,7.7
4931588,COC(C)(C)CCn1nc(Nc2c(C)cc(F)cc2C)c3cnc(Nc4ccc(cc4)N5CCN(C)CC5)nc13,CHEMBL514919,Ki,7.7
4931599,COC(C)(C)CCn1nc(Nc2c(C)cccc2C)c3cnc(Nc4ccc(OCCN5CCCC5)c(F)c4)nc13,CHEMBL502156,Ki,7.7
3806364,COC(C)(C)CCn1nc(Nc2c(C)cccc2C)c3cnc(Nc4ccc(OCCN5CCCC5)cc4)nc13,CHEMBL458333,Ki,7.7
4931612,COC(C)(C)CCn1nc(Nc2c(C)cccc2C)c3cnc(Nc4ccc(cc4)N5CCN(C)CC5)nc13,CHEMBL487897,Ki,7.7
4931623,COC(C)(C)CCn1nc(Nc2c(C)cccc2C)c3cnc(Nc4ccc(cc4)N5CCNCC5)nc13,CHEMBL472392,IC50,7.7
4931634,COC(C)(C)CCn1nc(Nc2c(C)cccc2C)c3cnc(Nc4ccccc4)nc13,CHEMBL487242,Ki,7.7
4931645,CO[C@@H]1CC[C@H]1CNc2ncnc3[nH]c(c4ccc(OCCN(C)C)cc4)c(c5ccccc5)c23,CHEMBL2087881,Ki,7.7
4931656,Cc1ccccc1c2c([nH]c3ncnc(NC[C@@H]4CCCO4)c23)c5ccc(OCCN6CCCC6)cc5,CHEMBL2087871,Ki,7.7
4931667,OC[C@H](O)CCn1nc(Nc2c(Cl)cccc2Cl)c3cnc(Nc4ccccc4)nc13,CHEMBL461159,Ki,7.7
4931678,C(CN1CCNCC1)Nc2ncnc3oc(c4ccc(cc4)N5CCOCC5)c(c6ccccc6)c23,CHEMBL247880,IC50,7.77
26231,CN[C@@H]1C[C@H]2O[C@@](C)([C@@H]1OC)n3c4ccccc4c5c6CNC(=O)c6c7c8ccccc8n2c7c35,CHEMBL388978,Kd,7.77
26254,C[C@H]1Oc2cc(cnc2N)c3c(CN(C)C(=O)c4ccc(F)cc14)nn(C)c3C#N,CHEMBL3286830,IC50,7.77
4931693,C(CN1CCCC1)Oc2ccc(cc2)c3oc4ncnc(NC[C@@H]5CCCO5)c4c3c6ccccc6,CHEMBL247480,IC50,7.8
26266,C[C@@H](Oc1cc(cnc1N)c2sc(nc2C)[C@](C)(O)CO)c3cc(F)ccc3n4nccn4,CHEMBL3128069,IC50,7.82
335082,CS(=O)(=O)O.Oc1cccc(CNC(=O)Nc2nc(cs2)c3ccncc3)c1,CHEMBL3218297,IC50,7.85
4931708,CCN1CCN(CC1)C(=O)c2ccc(cc2)c3oc4ncnc(NC[C@@H]5CCCO5)c4c3c6ccccc6,CHEMBL247878,IC50,7.89
4931719,CN(C)CCOc1ccc(cc1)c2oc3ncnc(NCC4OCCO4)c3c2c5ccccc5,CHEMBL2087877,Ki,7.89
4931730,CNC(=O)c1ccc(cc1)c2oc3ncnc(NC[C@@H]4CCCO4)c3c2c5ccccc5,CHEMBL2087663,Ki,7.89
4931741,COC(C)(C)CCn1nc(Nc2c(C)cc(C)cc2C)c3cnc(Nc4ccc(cc4)N5CCN(C)CC5)nc13,CHEMBL459220,Ki,7.92
4931752,COC(C)(C)CCn1nc(Nc2c(Cl)cccc2Cl)c3cnc(Nc4ccc(cc4)N5CCNCC5)nc13,CHEMBL487896,Ki,7.92
4931763,CN(C)CCOc1ccc(cc1)c2oc3ncnc(NC[C@@H]4CCCO4)c3c2c5ccccc5,CHEMBL247479,IC50,7.96
334918,Cc1cc2cn[nH]c2cc1c3cccc4c(N)c(nnc34)C(=O)N,CHEMBL3586447,IC50,7.96
325453,C(CN1CCCC1)Oc2ccc(cc2)c3[nH]c4ncnc(NCC5SCCS5)c4c3c6ccccc6,CHEMBL2087875,IC50,8.0
4931778,CN(C)C(=O)c1ccc(cc1)c2oc3ncnc(NC[C@@H]4CCCO4)c3c2c5ccccc5,CHEMBL2087661,Ki,8.0
4931789,CN(C)CCOc1ccc(cc1)c2[nH]c3ncnc(NC[C@@H]4CCCO4)c3c2C5=CCCCC5,CHEMBL2087667,Ki,8.0
4931800,CN1CCN(CCn2nc(Nc3c(Cl)cccc3Cl)c4cnc(Nc5ccccc5)nc24)CC1,CHEMBL462189,Ki,8.0
4931811,COc1cccc(c1)c2c([nH]c3ncnc(NC[C@@H]4CCCO4)c23)c5ccc(OCCN6CCCC6)cc5,CHEMBL2087671,Ki,8.0
4931822,CN(C)CCOc1ccc(cc1)c2oc3ncnc(NCC4CCCS4)c3c2c5ccccc5,CHEMBL2087876,Ki,8.1
4931833,CS(=O)(=O)c1ccc(cc1)c2oc3ncnc(NC[C@@H]4CCCO4)c3c2c5ccccc5,CHEMBL2087650,Ki,8.1
4931844,CN1CCN(Cc2ccc(cc2)c3oc4ncnc(NC[C@@H]5CCCO5)c4c3c6ccccc6)CC1,CHEMBL247677,IC50,8.16
4931855,COC(C)(C)CCn1nc(Nc2c(Cl)cccc2Cl)c3cnc(Nc4ccccc4)nc13,CHEMBL487243,Ki,8.16
4931866,CS(=O)(=O)c1ccc(cc1)c2[nH]c3ncnc(NC[C@@H]4CCCO4)c3c2c5ccccc5,CHEMBL2087651,Ki,8.16
26212,C[C@]12O[C@H](C[C@]1(O)CO)n3c4ccccc4c5c6C(=O)NCc6c7c8ccccc8n2c7c35,CHEMBL603469,Kd,8.18
4931879,C(CN1CCCC1)Oc2ccc(cc2)c3[nH]c4ncnc(NC[C@@H]5CCCO5)c4c3c6ccccc6,CHEMBL2087658,Ki,8.22
4931890,C(CN1CCOCC1)Oc2ccc(cc2)c3[nH]c4ncnc(NC[C@@H]5CCCO5)c4c3c6ccccc6,CHEMBL2087657,Ki,8.22
4931901,C(Nc1ncnc2[nH]c(c3ccccc3)c(c4ccccc4)c12)[C@@H]5CCCO5,CHEMBL2087647,Ki,8.22
4931912,CN(C)CCOc1ccc(cc1)c2[nH]c3ncnc(NC[C@@H]4CCCO4)c3c2c5ccccc5,CHEMBL2087655,Ki,8.22
4931923,COc1ccc(cc1)c2[nH]c3ncnc(NC[C@@H]4CCCO4)c3c2c5ccccc5,CHEMBL2087649,Ki,8.22
4931936,O=C(N1CCOCC1)c2ccc(cc2)c3[nH]c4ncnc(NC[C@@H]5CCCO5)c4c3c6ccccc6,CHEMBL2087666,Ki,8.22
4931947,O=C(N1CCOCC1)c2ccc(cc2)c3oc4ncnc(NC[C@@H]5CCCO5)c4c3c6ccccc6,CHEMBL2087665,Ki,8.22
4931958,CN(C)CCn1nc(Nc2c(Cl)cccc2Cl)c3cnc(Nc4ccccc4)nc13,CHEMBL487241,Ki,8.3
4931969,COc1ccc(cc1)c2oc3ncnc(NC[C@@H]4CCCO4)c3c2c5ccccc5,CHEMBL2087648,Ki,8.3
4931980,C(CN1CCOCC1)Oc2ccc(cc2)c3oc4ncnc(NC[C@@H]5CCCO5)c4c3c6ccccc6,CHEMBL2087656,Ki,8.4
4931991,CN(C)CCOc1ccc(cc1)c2oc3ncnc(NCC4SCCCS4)c3c2c5ccccc5,CHEMBL2087879,Ki,8.4
4932002,CNS(=O)(=O)c1ccc(cc1)c2oc3ncnc(NC[C@@H]4CCCO4)c3c2c5ccccc5,CHEMBL2087653,Ki,8.4
4932013,Fc1ccccc1c2c([nH]c3ncnc(NC[C@@H]4CCCO4)c23)c5ccc(OCCN6CCCC6)cc5,CHEMBL2087872,Ki,8.4
4932024,O=C1CCCN1CCOc2ccc(cc2)c3[nH]c4ncnc(NC[C@@H]5CCCO5)c4c3c6ccccc6,CHEMBL2087660,Ki,8.4
4932035,O=C1CCCN1CCOc2ccc(cc2)c3oc4ncnc(NC[C@@H]5CCCO5)c4c3c6ccccc6,CHEMBL2087659,Ki,8.4
4932046,CNC(=O)c1ccc(cc1)c2[nH]c3ncnc(NC[C@@H]4CCCO4)c3c2c5ccccc5,CHEMBL2087664,Ki,8.52
4932057,COC(C)(C)CCn1nc(Nc2c(C)cccc2C)c3cnc(Nc4ccc(OCCCN5CCCCC5)c(F)c4)nc13,CHEMBL450918,Ki,8.52
4932068,CN(C)C(=O)c1ccc(cc1)c2[nH]c3ncnc(NC[C@@H]4CCCO4)c3c2c5ccccc5,CHEMBL2087662,Ki,8.7
4932079,CN(C)S(=O)(=O)c1ccc(cc1)c2[nH]c3ncnc(NC[C@@H]4CCCO4)c3c2c5ccccc5,CHEMBL2087652,Ki,8.7
4932090,CNS(=O)(=O)c1ccc(cc1)c2[nH]c3ncnc(NC[C@@H]4CCCO4)c3c2c5ccccc5,CHEMBL2087654,Ki,8.7
4932101,COC(C)(C)CCn1nc(Nc2c(Cl)cccc2Cl)c3cnc(Nc4ccc(OCCN5CCCC5)c(F)c4)nc13,CHEMBL504331,Ki,8.7
26279,COc1cc(ccc1Nc2ncc(Cl)c(Nc3ccccc3S(=O)(=O)C(C)C)n2)N4CCC(CC4)N5CCN(C)CC5,CHEMBL509032,Kd,8.7
4932114,COc1cc(ccc1Nc2ncc3NC(=O)c4ccccc4N(C)c3n2)N5CCN(C)CC5,CHEMBL1672987,Kd,8.7
4932125,C(Cc1ccccc1)Nc2ncnc3oc(c4ccc(OCCN5CCCC5)cc4)c(c6ccccc6)c23,CHEMBL247667,IC50,9.0
4932136,CN(C)CCOc1ccc(cc1)c2[nH]c3ncnc(NCC4SCCS4)c3c2c5ccccc5,CHEMBL2087873,Ki,9.52
4932147,CN(C)CCOc1ccc(cc1)c2oc3ncnc(NCC4SCCS4)c3c2c5ccccc5,CHEMBL2087874,Ki,9.52
