id,smiles,name,assay_type,activity_value
985681,CC1=NC(NC2=NC=C(S2)C(=O)NC2=C(C)C=CC=C2Cl)=CC(=N1)N1CCN(CCO)CC1,dasatinib,Kd,7.96
7736993,CNS(=O)(=O)c1ccc(N(C)C)c(Nc2ncnc3cc(OC)c(OC)cc23)c1,CHEMBL3815093,IC50,7.6
7737004,CNS(=O)(=O)c1ccc(N(C)C)c(Nc2ncnc3cc(OCCCN4CCOCC4)ccc23)c1,CHEMBL3814923,IC50,7.6
7737015,CNS(=O)(=O)c1ccc(N(C)C)c(Nc2ncnc3cc(OCCCOC)ccc23)c1,CHEMBL3814871,IC50,7.6
7737026,CNS(=O)(=O)c1ccc(N(C)C)c(Nc2ncnc3cc[nH]c23)c1,CHEMBL3815116,IC50,7.6
7737037,CNS(=O)(=O)c1ccc(OCC(F)(F)F)c(Nc2ncnc3cc(OC)c(OC)cc23)c1,CHEMBL3814635,IC50,7.6
7737048,CNS(=O)(=O)c1ccc(OCC(F)(F)F)c(Nc2ncnc3cc(OCCCOC)ccc23)c1,CHEMBL3814442,IC50,7.6
816690,CNS(=O)(=O)c1cccc(Nc2ncnc3[nH]c(cc23)c4ccccc4)c1,CHEMBL3613184,IC50,7.6
7737061,CNS(=O)(=O)c1ccc(Cl)c(Nc2ncnc3[nH]ccc23)c1,CHEMBL3613193,IC50,7.7
816701,CNS(=O)(=O)c1cccc(Nc2ncnc3[nH]c(cc23)c4ccncc4)c1,CHEMBL3613190,IC50,7.7
817499,CNS(=O)(=O)c1ccc(N(C)C)c(Nc2ncnc3[nH]c(cc23)c4cccc(c4)C(F)(F)F)c1,CHEMBL3613307,IC50,7.8
7737076,CNS(=O)(=O)c1ccc(N(C)C)c(Nc2ncnc3ccn(C)c23)c1,CHEMBL3814010,IC50,7.8
816085,CNS(=O)(=O)c1ccc(N2CCOCC2)c(Nc3ncnc4[nH]c(cc34)c5cccc(c5)C(F)(F)F)c1,CHEMBL3613309,IC50,7.8
7737089,CCOc1cc2ncnc(Nc3cc(ccc3OCC(F)(F)F)S(=O)(=O)NC)c2cc1OC,CHEMBL3814998,IC50,7.89
816096,CNS(=O)(=O)c1ccc(N2CCOCC2)c(Nc3ncnc4[nH]cc(C)c34)c1,CHEMBL3613199,IC50,7.89
7737102,CNS(=O)(=O)c1ccc(OCC(F)(F)F)c(Nc2ncnc3cc(OC)cc(OC)c23)c1,CHEMBL3813948,IC50,7.89
1518506,CNS(=O)(=O)c1ccc(OCC(F)(F)F)c(Nc2ncnc3cc(OCCCN4CCOCC4)ccc23)c1,CHEMBL3813957,IC50,7.89
816657,CNS(=O)(=O)c1cccc(Nc2ncnc3[nH]c(cc23)c4ccc(C)cc4)c1,CHEMBL3613187,IC50,7.89
816668,CNS(=O)(=O)c1cccc(Nc2ncnc3[nH]c(cc23)c4ccc(O)cc4)c1,CHEMBL3613189,IC50,7.89
816679,CNS(=O)(=O)c1cccc(Nc2ncnc3[nH]c(cc23)c4cccc(C)c4)c1,CHEMBL3613186,IC50,7.89
812085,CNS(=O)(=O)c1cccc(Nc2ncnc3[nH]c(cc23)c4ccccc4C)c1,CHEMBL3613185,IC50,7.89
7737125,CNS(=O)(=O)c1ccc(N(C)C)c(Nc2ncnc3cc(OC)cc(OC)c23)c1,CHEMBL3814834,IC50,8.0
817690,CNS(=O)(=O)c1ccc(N2CCOCC2)c(Nc3ncnc4[nH]cc(Br)c34)c1,CHEMBL3613305,IC50,8.2
817678,CNS(=O)(=O)c1ccc(N(C)C)c(Nc2ncnc3[nH]cc(C)c23)c1,CHEMBL3613197,IC50,8.8
818146,CNS(=O)(=O)c1ccc(N(C)C)c(Nc2ncnc3[nH]cc(Br)c23)c1,CHEMBL3613198,IC50,9.16
