id,smiles,name,assay_type,activity_value
325048,COC(=O)c1ccc2\C(=C(\Nc3ccc(cc3)N(C)C(=O)CN4CCN(C)CC4)/c5ccccc5)\C(=O)Nc2c1,nintedanib,Kd,7.66
327166,Clc1cnc(Nc2ccc(cc2)N3CCOCC3)nc1NCc4cccc(NC(=O)C=C)c4,CHEMBL3601231,IC50,7.54
7589271,CCOC(=O)N1CCC(CC1)Nc2nc(Nc3ccc(cc3C)N4CCOCC4)nc5[nH]cnc25,CHEMBL2047948,IC50,7.55
7589282,CCOc1ccc2[nH]nc(c3cccc(c3)S(=O)(=O)N)c2c1,CHEMBL2380577,IC50,7.55
7589293,COc1cc(ccc1Nc2ncc(C)c(NC3CCCCC3)n2)N4CCN(CC4)S(=O)(=O)C,CHEMBL3092026,IC50,7.55
7589304,Clc1ccccc1Nc2cc3[nH]c(cc3cn2)c4cn[nH]c4,CHEMBL3109955,IC50,7.55
7589315,Cn1cc(cn1)c2cc3cnc(Nc4ccc(cc4Cl)c5cccnc5)cc3n2C(=O)OC(C)(C)C,CHEMBL3109946,IC50,7.55
7589326,CN(C)S(=O)(=O)c1ccc(Nc2cc3[nH]c(cc3cn2)c4cnn(C)c4)c(Cl)c1,CHEMBL3109969,IC50,7.57
7589337,COC(C(=O)Nc1ccc2[nH]nc(c3cccc(c3)S(=O)(=O)N)c2c1)c4ccccc4,CHEMBL3330401,IC50,7.59
7589348,CO[C@H](C(=O)Nc1ccc2[nH]nc(c3cccc(c3)S(=O)(=O)N)c2c1)c4ccccc4,CHEMBL3330402,IC50,7.59
7589359,COc1ccccc1Nc2cc3[nH]c(cc3cn2)c4ocnc4,CHEMBL3109962,IC50,7.59
5750757,CNc1nc(Nc2ccc(cc2OC)C(=O)N3CCOCC3)ncc1C(F)(F)F,CHEMBL2171745,Ki,7.6
7589372,COc1ccc(Nc2cc3[nH]c(cc3cn2)c4cn[nH]c4)cc1OC,CHEMBL3109932,IC50,7.6
7589383,COc1ccccc1Nc2cc3[nH]c(cc3cn2)c4cn[nH]c4,CHEMBL3109953,IC50,7.6
7589394,Cc1ccccc1CC(=O)Nc2ccc3[nH]nc(c4cccc(c4)S(=O)(=O)N)c3c2,CHEMBL3330273,IC50,7.6
7589405,CCC(C(=O)Nc1ccc2[nH]nc(c3cccc(c3)S(=O)(=O)N)c2c1)c4ccccc4,CHEMBL3330279,IC50,7.62
7589416,Cc1cc(ccc1Nc2ncc3ccnc(c4cnn(C)c4)c3n2)c5cnn(C)c5,CHEMBL3808838,IC50,7.62
7589427,O=C(NC1CC1)c2ccc(cc2)c3cnn4c(NCCN5CCOCC5)nc(Oc6ccccc6)nc34,CHEMBL3817849,IC50,7.62
7589438,OC1CCN(CC1)c2ccc(cc2)c3n[nH]c4ccc(cc34)C(=O)NC(C5CC5)c6ccsc6,CHEMBL3422064,IC50,7.62
7589449,COc1cc(ccc1Nc2cc3[nH]c(cc3cn2)c4cnn(C)c4)C(=O)N(C)C,CHEMBL3109968,IC50,7.64
7589459,COc1cc(ccc1Nc2ncc3CCc4c(C(=O)N)c(C)n(C)c4c3n2)N5CCN(C)CC5,CHEMBL3703177,IC50,7.64
7589469,CN(C)C(=O)c1ccc(Nc2cc3c(cn2)cc(c4ocnc4)n3C(=O)OC(C)(C)C)c(Cl)c1,CHEMBL3109940,IC50,7.66
7589482,COc1cc(ccc1Nc2ncc3ccnc(N[C@H](C)C(C)(C)C)c3n2)c4cnn(C)c4,CHEMBL3809210,IC50,7.66
7589493,Cc1cc(ccc1Nc2ncc3ccn(C4CCCCC4)c3n2)N5CCOCC5,CHEMBL3092029,IC50,7.66
7589504,C(c1ccc(Nc2cc3[nH]c(cc3cn2)c4cn[nH]c4)cc1)n5cccn5,CHEMBL3109951,IC50,7.68
7589515,CCc1cccc(CC)c1NC(=O)c2nn(C)c3c2CCc4cnc(Nc5ccc(cc5OC)C(=O)N6CCCN(C)CC6)nc34,CHEMBL1807305,IC50,7.68
7589526,Cn1cc(cn1)c2cc3cnc(Nc4ccc(cc4Cl)c5cncnc5)cc3n2C(=O)OC(C)(C)C,CHEMBL3109948,IC50,7.68
7589537,Cn1cc(cn1)c2cc3[nH]nc(c4cccc(c4)S(=O)(=O)N)c3cc2NC5CCCCC5,CHEMBL2380586,IC50,7.69
7589548,CN(C)C1CCN(CC1)C(=O)c2ccc(Nc3cc4[nH]c(cc4cn3)c5cnn(C)c5)c(Cl)c2,CHEMBL3109971,IC50,7.7
7589559,COc1cc(OC2CCN(C)CC2)ccc1Nc3nccc(n3)c4c[nH]c5cnccc45,CHEMBL3421972,IC50,7.7
7589570,COc1cc(ccc1Nc2ncc3ccn(C4CCCCC4)c3n2)N5CCN(CC5)S(=O)(=O)C,CHEMBL3092030,IC50,7.7
568465,COc1cc(ccc1Nc2ncc3ccnc(N[C@@H](C)C(C)(C)C)c3n2)c4cnn(C)c4,CHEMBL3809829,IC50,7.7
7589583,COc1ccc(Nc2cc3[nH]c(cc3cn2)c4cn[nH]c4)c(Cl)c1,CHEMBL3109956,IC50,7.7
7589594,Cn1ccc(n1)c2ccc(Nc3cc4c(cn3)cc(c5cnn(C)c5)n4C(=O)OC(C)(C)C)c(Cl)c2,CHEMBL3109943,IC50,7.7
7589605,CCc1cccc(CC)c1NC(=O)c2nn(C)c3c2CCc4cnc(Nc5ccc(cc5OC)C(=O)N6CCC(CC6)N(C)C)nc34,CHEMBL1807303,IC50,7.72
7589616,Cn1cc(cn1)c2cc3cnc(Nc4ccc(cc4Cl)c5ocnc5)cc3n2C(=O)OC(C)(C)C,CHEMBL3109944,IC50,7.72
7589627,CN1CCN(CC1)c2ccc(cc2S(=O)(=O)C)c3n[nH]c4ccc(NC(=O)C(N5CCCC5)c6ccsc6)cc34,CHEMBL3422055,IC50,7.75
7589638,COc1cc(ccc1Nc2ncc3ccnc(NCC(C)(C)C)c3n2)c4cnn(C)c4,CHEMBL3809252,IC50,7.75
7589649,COc1cc(ccc1Nc2ncc3ccnc(c4ccccc4)c3n2)c5cnn(C)c5,CHEMBL3809186,IC50,7.75
7589660,Cc1ccccc1CNC(=O)c2ccc3[nH]nc(c4cccc(c4)S(=O)(=O)N)c3c2,CHEMBL3330272,IC50,7.75
7589671,O=C(NCC1(CCCCC1)N2CCOCC2)c3ccc4[nH]nc(c5ccc(cc5)N6CC7CCC(C6)O7)c4c3,CHEMBL3422079,IC50,7.75
7589682,CCOc1cc2c(n[nH]c2cc1C#N)c3cccc(c3)S(=O)(=O)N,CHEMBL2380578,IC50,7.77
7589693,CCc1cccc(CC)c1CC(=O)Nc2ccc3[nH]nc(c4cccc(c4)S(=O)(=O)N)c3c2,CHEMBL3330274,IC50,7.77
7589704,Cn1cc(cn1)c2ccc(Nc3cc4[nH]c(cc4cn3)c5cnn(C)c5)c(Cl)c2,CHEMBL3109942,IC50,7.77
7589715,O=C(NC(C1CC1)c2ccccc2)c3ccc4[nH]nc(c5ccc(cc5)N6CCOCC6)c4c3,CHEMBL3421637,IC50,7.77
7589726,CN(C)S(=O)(=O)c1ccc(Nc2cc3[nH]c(cc3cn2)c4cn[nH]c4)cc1,CHEMBL3109950,IC50,7.8
7589737,COc1cc(ccc1Nc2ncc3ccnc(NCC(C)C)c3n2)c4cnn(C)c4,CHEMBL3809287,IC50,7.8
7589748,NS(=O)(=O)c1cccc(c1)c2n[nH]c3ccc(NC(=O)Cc4cccs4)cc23,CHEMBL3330256,IC50,7.8
7589760,NS(=O)(=O)c1cccc(c1)c2n[nH]c3ccc(cc23)C(=O)NC(C4CC4)c5ccccc5,CHEMBL3330281,IC50,7.8
7589771,O=CN1CCC(CC1)Oc2ccc(cc2)c3n[nH]c4ccc(cc34)C(=O)NC(C5CC5)c6ccccc6,CHEMBL3422072,IC50,7.8
7589782,CN(C)C(=O)c1ccc(Nc2cc3[nH]c(cc3cn2)c4cnn(C)c4)c(Cl)c1,CHEMBL3109967,IC50,7.82
7589793,CN(C)[C@@H](C(=O)Nc1ccc2[nH]nc(c3cccc(c3)S(=O)(=O)N)c2c1)c4ccccc4,CHEMBL3330406,IC50,7.82
7589804,CN(C1CCCCC1)c2nc(NCC3CCOCC3)n4ncc(c5ccc(C(=O)NC6CC6)c(F)c5)c4n2,CHEMBL3817922,IC50,7.82
7589815,Cn1cc(cn1)c2ccc(Nc3cc4c(cn3)cc(c5cnn(C)c5)n4C(=O)OC(C)(C)C)c(Cl)c2,CHEMBL3109941,IC50,7.82
7589826,CC(C)CNc1nccn2c(cnc12)c3ccc(cc3)C(=O)NC4CC4,CHEMBL3410060,IC50,7.85
7589837,CC(C)C[C@H](NC(=O)c1ccc2[nH]nc(c3ccc(cc3)N4[C@H]5CCC[C@H]4CC(O)C5)c2c1)c6ccccn6,CHEMBL3422100,IC50,7.85
7589848,CCOC(C(=O)Nc1ccc2[nH]nc(c3cccc(c3)S(=O)(=O)N)c2c1)c4ccccc4,CHEMBL3330404,IC50,7.85
7589859,COCCNc1nc(Oc2ccccc2)nc3c(cnn13)c4ccc(cc4)C(=O)NC5CC5,CHEMBL3819612,IC50,7.85
7589870,Cc1cc(ccc1Nc2nc(OC3CCCCC3)c4nc[nH]c4n2)N5CCOCC5,CHEMBL2047950,IC50,7.85
5850232,OC1C[C@@H]2CC[C@@H](C1)N2c3ccc(cc3)c4n[nH]c5ccc(cc45)C(=O)N[C@H](C6CC6)c7ccccn7,CHEMBL3422092,EC50,7.85
7589883,CC(C)(O)CNc1cc(NC2CCCCC2)nn3c(cnc13)c4ccc(cc4)C(=O)NC5CC5,CHEMBL3422103,IC50,7.89
7589894,COC1CCN(CC1)C(=O)c2ccc(Nc3cc4[nH]c(cc4cn3)c5cnn(C)c5)c(Cl)c2,CHEMBL3109970,IC50,7.89
7589905,O=C(NC1CC1)c2ccc(cc2)c3cnc4c(NCC5CCOCC5)cc(Nc6ccccc6)nn34,CHEMBL3410079,IC50,7.89
7589916,OC1CCN(CC1)c2ccc(cc2)c3n[nH]c4ccc(NC(=O)C(N5CCCC5)c6ccsc6)cc34,CHEMBL3422059,IC50,7.89
7589927,CC(=O)Nc1cccc(c1)c2n[nH]c3cc(c(NC4CCCCC4)cc23)c5cnn(C)c5,CHEMBL2380587,IC50,7.92
7589938,CN(C)C(C(=O)Nc1ccc2[nH]nc(c3cccc(c3)S(=O)(=O)N)c2c1)c4ccccc4,CHEMBL3329232,IC50,7.92
7589949,COc1cc(ccc1Nc2ncc3cccc(c4ccccc4)c3n2)N5CCOCC5,CHEMBL3092035,IC50,7.92
7589960,COc1cc(ccc1Nc2ncc3ccnc(NC4CCCCC4)c3n2)c5cnn(C)c5,CHEMBL3808500,IC50,7.92
7589971,O=C(CC1(CCCCC1)N2CCOCC2)Nc3ccc4[nH]nc(c5ccc(cc5)N6CCOCC6)c4c3,CHEMBL3422066,IC50,7.92
7589982,O=C(NC1CC1)c2ccc(cc2)c3cnc4c(NCC5CCOCC5)nc(cn34)c6ccc(cc6)C#N,CHEMBL3410071,IC50,7.92
1515438,CC(C)(C)Nc1nc(Nc2ccc(cc2)C(=O)N)cc(N)c1C#N,CHEMBL2089255,IC50,7.96
7589995,CN(C)[C@H](C(=O)Nc1ccc2[nH]nc(c3cccc(c3)S(=O)(=O)N)c2c1)c4ccccc4,CHEMBL3330405,IC50,7.96
7590006,COC1CCN(CC1)C(=O)c2ccc(Nc3cc4c(cn3)cc(c5cnn(C)c5)n4C(=O)OC(C)(C)C)c(Cl)c2,CHEMBL3109937,IC50,7.96
7590017,COc1cc(ccc1Nc2nc(NC3CCCCC3)c4nc[nH]c4n2)N5CCC(CC5)N6CCOCC6,CHEMBL2047968,IC50,7.96
7590028,COc1cc(ccc1Nc2ncc3ccnc(NCC4CC4)c3n2)c5cnn(C)c5,CHEMBL3809925,IC50,7.96
7590039,Cc1cc(ccc1C(=O)NC2CC2)c3cnn4c(NCC5CCOCC5)nc(Nc6ccccc6)nc34,CHEMBL3819318,IC50,7.96
7590050,O=C(Nc1ccc2[nH]nc(c3ccc(cc3)N4CCOCC4)c2c1)C(N5CCCC5)c6ccsc6,CHEMBL3422057,IC50,7.96
7590061,CCOc1cc(ccc1Nc2ncc3ccnc(c4cnn(C)c4)c3n2)c5cnn(C)c5,CHEMBL3808471,IC50,8.0
7590072,CN1CCC(CC1)Oc2ccc(cc2)c3n[nH]c4ccc(NC(=O)C(C5CCCC5)c6ccccn6)cc34,CHEMBL3422070,IC50,8.0
7590083,COc1cc(ccc1Nc2ncc3ccnc(N4CCCC4)c3n2)c5cnn(C)c5,CHEMBL3809219,IC50,8.0
7590094,NS(=O)(=O)c1cccc(c1)c2n[nH]c3ccc(NC(=O)C(N4CCCCC4)c5ccccc5)cc23,CHEMBL3330408,IC50,8.0
7590105,O=C(NC1CC1)c2ccc(cc2)c3cnn4c(NCC5CCOCC5)nc(NC6CCCC6)nc34,CHEMBL3818914,IC50,8.0
7590116,CCOc1cc2c(n[nH]c2cc1c3cn[nH]c3)c4cccc(c4)S(=O)(=O)N,CHEMBL2380581,IC50,8.01
7590127,O=C(NC1CC1)c2ccc(cc2)c3cnc4c(NCC5CCOCC5)cc(nn34)c6ccc(cc6)C#N,CHEMBL3410072,IC50,8.02
7590138,O=CN1CCC(CC1)Oc2ccc(cc2)c3n[nH]c4ccc(cc34)C(=O)NC(C5CC5)c6ccccn6,CHEMBL3422073,IC50,8.03
7590149,CNC(=O)C(=O)N1CCN(CC1)c2ccc(Nc3nc(NC4CCCCC4)c5nc[nH]c5n3)c(OC)c2,CHEMBL2047963,IC50,8.05
7590160,COc1cc(ccc1Nc2nc(NC3CCCCC3)c4nc[nH]c4n2)N5CCN(CC6CCOC6)CC5,CHEMBL2047967,IC50,8.05
7590171,COc1cc(ccc1Nc2nc(NC3CCCCC3)c4nc[nH]c4n2)N5CCN(Cc6ccccn6)CC5,CHEMBL2047965,IC50,8.05
7590182,COc1cc(ccc1Nc2ncc3cccc(NC4CCCCC4)c3n2)N5CCOCC5,CHEMBL3092036,IC50,8.05
7590193,Cc1cc(ccc1C(=O)NC2CC2)c3cnn4c(NCC5CCOCC5)nc(NC6CCOCC6)nc34,CHEMBL3818733,IC50,8.05
7590204,NS(=O)(=O)c1cccc(c1)c2n[nH]c3ccc(NC(=O)C(N4CCCC4)c5ccccc5)cc23,CHEMBL3330407,IC50,8.05
7590215,O=C(NC1CC1)c2ccc(cc2)c3cnc4c(NCC5CCOCC5)nc(cn34)c6ccccc6,CHEMBL3410070,IC50,8.07
7590226,CC(=O)Nc1cccc(Oc2nc(NCC3CCOCC3)n4ncc(c5ccc(C(=O)NC6CC6)c(C)c5)c4n2)c1,CHEMBL3817949,IC50,8.08
7590237,CC(C)Nc1cc(NCC2CCOCC2)c3ncc(c4ccc(cc4)C(=O)NC5CC5)n3n1,CHEMBL3410082,IC50,8.08
7590248,O=C(N[C@@H](C1CCCC1)c2ccccn2)c3ccc4[nH]nc(c5ccc(cc5)N6C7CCCC6COC7)c4c3,CHEMBL3422088,IC50,8.08
7590259,CCc1cccc(CC)c1NC(=O)c2nn(C)c3c2CCc4cnc(Nc5ccc(cc5OC(F)(F)F)C(=O)NC6CCN(C)CC6)nc34,CHEMBL1236095,IC50,8.1
7590270,CN1CCC(CC1)Oc2ccc(cc2)c3n[nH]c4ccc(NC(=O)C(C5CCCC5)c6ccsc6)cc34,CHEMBL3422068,IC50,8.1
7590281,COc1cc(ccc1Nc2ncc3cccc(c4cccnc4)c3n2)N5CCN(CC5)S(=O)(=O)C,CHEMBL3092038,IC50,8.1
7590292,COc1cc(ccc1Nc2ncc3ccnc(c4cnn(C)c4)c3n2)c5cnn(C)c5,CHEMBL3809656,IC50,8.1
7590303,Cn1cc(cn1)c2cc3[nH]nc(c4cccc(c4)S(=O)(=O)N)c3cc2OC5CCCCC5,CHEMBL2380585,IC50,8.1
7590399,Cn1cc(cn1)c2cc3cnc(Nc4ccc(cc4Cl)C(=O)N5CCS(=O)(=O)CC5)cc3[nH]2,CHEMBL3109972,IC50,8.1
7590410,Fc1ccc(Oc2cc(NCC3CCOCC3)c4ncc(c5ccc(cc5)C(=O)NC6CC6)n4n2)cc1,CHEMBL3410076,IC50,8.11
7590421,O=C(NCC1(CCCCC1)N2CCOCC2)c3ccc4[nH]nc(c5ccc(cc5)N6CCOCC6)c4c3,CHEMBL3422067,IC50,8.11
7590432,CN1CCN(CC1)c2ccc(cc2)c3n[nH]c4ccc(cc34)C(=O)NCC5(CCCCC5)N6CCOCC6,CHEMBL3422060,IC50,8.12
7590443,CN1CCN(CC1)c2ccc(cc2)c3n[nH]c4ccc(NC(=O)C(N5CCCC5)c6ccsc6)cc34,CHEMBL3422056,IC50,8.13
7590454,O=C(NC1CC1)c2ccc(cc2)c3cnc4c(NCC5CCOCC5)cc(OC6CCCCC6)nn34,CHEMBL3410074,IC50,8.13
7590465,CN1[C@@H]2CC[C@H]1C[C@@H](C2)Oc3ccc(cc3)c4n[nH]c5ccc(cc45)C(=O)NC(C6CC6)c7ccccc7,CHEMBL3422076,IC50,8.14
7590476,COc1cc(OC2CCN(C)CC2)ccc1Nc3ncc4N(C)C(=O)N(C5CCCC5)c4n3,CHEMBL2140523,IC50,8.16
7590487,COc1cc(ccc1Nc2nc(NC3CCCCC3)c4nc[nH]c4n2)N5CCC(CC(=O)N6CCC(C6)N(C)C)CC5,CHEMBL2048080,IC50,8.16
7590498,COc1cc(ccc1Nc2nc(NC3CCCCC3)c4nc[nH]c4n2)N5CCC(CC(=O)N6CCCC6)CC5,CHEMBL2048081,IC50,8.16
7590509,Cn1cc(cn1)c2cc3cnc(Nc4ccc(cc4Cl)C(=O)N5CCC5)cc3n2C(=O)OC(C)(C)C,CHEMBL3109936,IC50,8.16
7590520,Fc1cc(ccc1C(=O)NC2CC2)c3cnn4c(NCC5CCOCC5)nc(NC6CCCC6)nc34,CHEMBL3819164,IC50,8.16
7590531,O=C(NC1CC1)c2ccc(cc2)c3cnc4c(NCC5CCOCC5)cc(Oc6ccccc6)nn34,CHEMBL3410075,IC50,8.17
7590542,Fc1ccccc1Oc2cc(NCC3CCOCC3)c4ncc(c5ccc(cc5)C(=O)NC6CC6)n4n2,CHEMBL3410077,IC50,8.18
7590553,O=C(NC1CC1)c2ccc(cc2)c3cnc4c(NCC5CCOCC5)cc(NC6CCCCC6)nn34,CHEMBL3410080,IC50,8.18
26212,C[C@]12O[C@H](C[C@]1(O)CO)n3c4ccccc4c5c6C(=O)NCc6c7c8ccccc8n2c7c35,CHEMBL603469,Kd,8.19
7590566,CC(C)(C)Nc1cc(NCC2CCOCC2)c3ncc(c4ccc(cc4)C(=O)NC5CC5)n3n1,CHEMBL3410083,IC50,8.21
7590577,CC(C)[C@H](NC(=O)c1ccc2[nH]nc(c3ccc(cc3)N4[C@H]5CC[C@H]4CC(O)C5)c2c1)c6ccccc6Cl,CHEMBL3422089,IC50,8.22
7590588,CN(C)C(=O)c1ccc(Nc2cc3c(cn2)cc(c4cnn(C)c4)n3C(=O)OC(C)(C)C)c(Cl)c1,CHEMBL3109933,IC50,8.22
7590599,CS(=O)(=O)c1cccc(c1)c2n[nH]c3ccc(NC(=O)C(N4CCCC4)c5ccsc5)cc23,CHEMBL3422054,IC50,8.23
7590610,Cc1cc(ccc1C(=O)NC2CC2)c3cnn4c(NCC5CCOCC5)nc(NC6CCCC6)nc34,CHEMBL3819637,IC50,8.24
7590621,O=C(NC1CC1)c2ccc(cc2)c3cnc4c(NCC5CCOCC5)cc(NC6CCCC6)nn34,CHEMBL3410081,IC50,8.28
7590632,COc1cc(ccc1Nc2nc(NC3CCCCC3)c4nc[nH]c4n2)N5CCC(CC(=O)N6CCN(C)CC6)CC5,CHEMBL2048078,IC50,8.3
7590643,COc1cc(ccc1Nc2nc(NC3CCCCC3)c4nc[nH]c4n2)N5CCC(CN6CCOCC6)CC5,CHEMBL2047971,IC50,8.3
7590654,COc1cc(ccc1Nc2nc(NC3CCCCC3)c4nc[nH]c4n2)N5CCN(CC5)C(=O)N6CCC(O)C6,CHEMBL2047966,IC50,8.3
7590665,COc1cc(ccc1Nc2ncc3cccc(c4ccccc4)c3n2)N5CCN(CC5)S(=O)(=O)C,CHEMBL3092037,IC50,8.3
7590676,Cc1cc(ccc1Nc2nc(NC3CCCCC3)c4nc[nH]c4n2)N5CCOCC5,CHEMBL2047943,IC50,8.3
7590687,Cn1cc(cn1)c2cc3cnc(Nc4ccc(cc4Cl)C(=O)N5CCS(=O)(=O)CC5)cc3n2C(=O)OC(C)(C)C,CHEMBL3109939,IC50,8.3
7590698,O=C(NC1CC1)c2ccc(cc2)c3cnn4c(NCC5CCOCC5)nc(Oc6ccccc6)nc34,CHEMBL3818766,IC50,8.31
7590709,Fc1ccccc1[C@H](NC(=O)c2ccc3[nH]nc(c4ccc(cc4)N5C6CCC5COC6)c3c2)C7CC7,CHEMBL3422082,IC50,8.32
7590720,O=C(N[C@H](C1CCCC1)c2ccccn2)c3ccc4[nH]nc(c5ccc(cc5)N6C7CCC6COC7)c4c3,CHEMBL3422087,IC50,8.34
7590731,Fc1ccccc1[C@@H](NC(=O)c2ccc3[nH]nc(c4ccc(cc4)N5C6CCC5COC6)c3c2)C7CC7,CHEMBL3422081,IC50,8.36
7590743,OC1C[C@@H]2CC[C@@H](C1)N2c3ccc(cc3)c4n[nH]c5ccc(cc45)C(=O)N[C@@H](C6CCCC6)c7ccccn7,CHEMBL3422093,IC50,8.37
7590754,CN(C)CC(=O)N1CCC(CC1)Oc2ccc(cc2)c3n[nH]c4ccc(cc34)C(=O)NC(C5CC5)c6ccccc6,CHEMBL3422074,IC50,8.39
7590765,OC1C[C@@H]2CC[C@@H](C1)N2c3ccc(cc3)c4n[nH]c5ccc(cc45)C(=O)N[C@H](C6CCCC6)c7ccccn7,CHEMBL3422094,IC50,8.39
7590776,C1CCC(CC1)Nc2nc(Nc3ccc(cc3)N4CCOCC4)nc5[nH]cnc25,CHEMBL188343,IC50,8.4
7590787,CC(C)C[C@H](NC(=O)c1ccc2[nH]nc(c3ccc(cc3)N4[C@H]5COC[C@H]4CC(O)C5)c2c1)c6ccccn6,CHEMBL3422101,IC50,8.4
7590798,CCN(CC)CC1CCN(CC1)c2ccc(Nc3nc(NC4CCCCC4)c5nc[nH]c5n3)c(OC)c2,CHEMBL2048079,IC50,8.4
7590809,CN(C)C1CCN(CC1)C(=O)c2ccc(Nc3cc4c(cn3)cc(c5cnn(C)c5)n4C(=O)OC(C)(C)C)c(Cl)c2,CHEMBL3109938,IC50,8.4
7590820,CN1CCC(CC1)Oc2ccc(cc2)c3n[nH]c4ccc(cc34)C(=O)NC(C5CCCC5)c6ccccn6,CHEMBL3422071,IC50,8.4
7590831,COc1cc(ccc1Nc2nc(NC3CCCCC3)c4nc[nH]c4n2)N5CCC(CC5)C(=O)N6CC(O)C6,CHEMBL2048082,IC50,8.4
7590842,COc1cc(ccc1Nc2nc(NC3CCCCC3)c4nc[nH]c4n2)N5CCC(CC5)C(=O)N6CCC(C6)N(C)C,CHEMBL2047969,IC50,8.4
7590853,COc1cc(ccc1Nc2nc(NC3CCCCC3)c4nc[nH]c4n2)N5CCC(CC5)C(=O)N6CCOCC6,CHEMBL2047970,IC50,8.4
7590864,COc1cc(ccc1Nc2nc(NC3CCCCC3)c4nc[nH]c4n2)N5CCOCC5,CHEMBL2047955,IC50,8.4
7590875,NS(=O)(=O)c1cccc(c1)c2n[nH]c3ccc(cc23)C(=O)NC(C4CC4)c5ccsc5,CHEMBL3330282,IC50,8.4
7590886,OC1C[C@@H]2CC[C@@H](C1)N2c3ccc(cc3)c4n[nH]c5ccc(cc45)C(=O)N[C@H](C6CCCC6)c7ncccn7,CHEMBL3422096,IC50,8.41
7590897,CCOc1cc2c(n[nH]c2cc1c3cnn(C)c3)c4ccc(C)c(c4)S(=O)(=O)N,CHEMBL2380583,IC50,8.44
7590908,CCc1ccccc1C(N(C)C)C(=O)Nc2ccc3[nH]nc(c4cccc(c4)S(=O)(=O)N)c3c2,CHEMBL3330409,IC50,8.44
7590919,CCc1cccc(CC)c1NC(=O)Nc2ccc3[nH]nc(c4cccc(c4)S(=O)(=O)N)c3c2,CHEMBL3330260,IC50,8.46
7590930,CCOc1cc2c(n[nH]c2cc1c3cnn(C)c3)c4cccc(c4)S(=O)(=O)N,CHEMBL2380582,IC50,8.51
7590941,CC(C)CC(NC(=O)c1ccc2[nH]nc(c3ccc(O[C@H]4C[C@H]5CC[C@@H](C4)N5C=O)cc3)c2c1)c6ccccn6,CHEMBL3422078,IC50,8.52
7590952,CN1CCC(CC1)Oc2ccc(cc2)c3n[nH]c4ccc(NC(=O)C(N5CCCC5)c6ccsc6)cc34,CHEMBL3422058,IC50,8.52
7590963,COc1cc(ccc1Nc2nc(NC3CCCCC3)c4nc[nH]c4n2)N5CCC(CC(=O)N6CCOCC6)CC5,CHEMBL2047972,IC50,8.52
7590974,COc1cc(ccc1Nc2nc(NC3CCCCC3)c4nc[nH]c4n2)N5CCN(CC5)C(=O)C6CCC(O)CC6,CHEMBL2047961,IC50,8.52
7590985,COc1cc(ccc1Nc2nc(NC3CCCCC3)c4nc[nH]c4n2)N5CCN(CC5)C(=O)N6CCN(C)CC6,CHEMBL2047962,IC50,8.52
7590996,COc1cc(ccc1Nc2nc(NC3CCCCC3)c4nc[nH]c4n2)N5CCN(CC5)C(=O)c6ccccn6,CHEMBL2047964,IC50,8.52
7591008,Cn1cc(cn1)c2cc3cnc(Nc4ccc(cc4Cl)c5cncn5C)cc3n2C(=O)OC(C)(C)C,CHEMBL3109945,IC50,8.52
7591019,FC(F)(F)c1cc(ccc1Nc2nc(NC3CCCCC3)c4nc[nH]c4n2)N5CCOCC5,CHEMBL2047957,IC50,8.52
7591031,NS(=O)(=O)c1cccc(c1)c2n[nH]c3ccc(NC(=O)C(N4CCCC4)c5ccsc5)cc23,CHEMBL3330410,IC50,8.54
7591042,CC(C)(Nc1cc(NCC2CCOCC2)c3ncc(c4ccc(cc4)C(=O)NC5CC5)n3n1)C(F)(F)F,CHEMBL3410084,IC50,8.55
7591053,CN1[C@@H]2CC[C@H]1C[C@H](C2)Oc3ccc(cc3)c4n[nH]c5ccc(cc45)C(=O)NC(C6CC6)c7ccccc7,CHEMBL3422075,IC50,8.55
7591064,Cc1cc(ccc1C(=O)NC2CC2)c3cnc4c(NCC5CCOCC5)cc(NC6CCCC6)nn34,CHEMBL3819182,IC50,8.55
7591075,OC1C[C@@H]2CC[C@@H](C1)N2c3ccc(cc3)c4n[nH]c5ccc(cc45)C(=O)N[C@@H](C6CC6)c7ccccc7,CHEMBL3422090,IC50,8.55
7591086,CC(C)C[C@@H](NC(=O)c1ccc2[nH]nc(c3ccc(cc3)N4[C@H]5CC[C@H]4CC(O)C5)c2c1)c6ccccn6,CHEMBL3422098,IC50,8.57
7591097,CN(C)CCCc1ccc(cc1S(=O)(=O)C)c2n[nH]c3ccc(NC(=O)C(N4CCCC4)c5ccsc5)cc23,CHEMBL3422053,IC50,8.57
7591108,CN1CCC(CC1)Oc2ccc(cc2)c3n[nH]c4ccc(cc34)C(=O)NC(C5CCCC5)c6ccsc6,CHEMBL3422069,IC50,8.57
7591119,CN1CCC(CC1)Oc2ccc(cc2)c3n[nH]c4ccc(cc34)C(=O)NC(C5CC5)c6ccccc6,CHEMBL3422062,IC50,8.59
7591130,Cc1cc(ccc1C(=O)NC2CC2)c3cnn4c(NCC5CCOCC5)nc(NC6CCCCC6)nc34,CHEMBL3817905,IC50,8.59
7591141,Oc1ccccc1Oc2cc(NCC3CCOCC3)c4ncc(c5ccc(cc5)C(=O)NC6CC6)n4n2,CHEMBL3410078,IC50,8.59
7591152,Nc1cc(ccc1c2cc(NCC3CCOCC3)c4ncc(c5ccc(cc5)C(=O)NC6CC6)n4n2)C#N,CHEMBL3410073,IC50,8.6
7591163,O=CN1[C@@H]2CC[C@H]1C[C@H](C2)Oc3ccc(cc3)c4n[nH]c5ccc(cc45)C(=O)NC(C6CCC6)c7ccsc7,CHEMBL3422077,IC50,8.6
7591174,Cc1cc(ccc1C(=O)NC2CC2)c3cnn4c(NCC5CCOCC5)nc(OC6CCCC6)nc34,CHEMBL3818533,IC50,8.64
7591185,Cc1cc(ccc1C(=O)NC2CC2)c3cnn4c(NCCN5CCOCC5)nc(Oc6cccc(F)c6F)nc34,CHEMBL3819003,IC50,8.66
7591196,OC1C[C@@H]2COC[C@@H](C1)N2c3ccc(cc3)c4n[nH]c5ccc(cc45)C(=O)N[C@H](C6CCCC6)c7ccccn7,CHEMBL3422102,IC50,8.66
7591207,CC(C)[C@H](NC(=O)c1ccc2[nH]nc(c3ccc(cc3)N4C5CCC4COC5)c2c1)c6ccccc6Cl,CHEMBL3422083,IC50,8.7
7591218,COc1cc(ccc1Nc2nc(NC3CCCCC3)c4nc[nH]c4n2)N5CCN(CC5)S(=O)(=O)C,CHEMBL2047959,IC50,8.7
7591229,COc1cc(ccc1Nc2nc(NC3CCCCC3)c4nc[nH]c4n2)N5CCN(CC5)S(=O)(=O)CCCN6CCOCC6,CHEMBL2047960,IC50,8.7
7591240,COc1cc(ccc1Nc2ncc3cccc(NC4CCCCC4)c3n2)N5CCN(CC5)S(=O)(=O)C,CHEMBL3092039,IC50,8.7
7591251,O=C(N[C@H](C1CC1)c2ccccn2)c3ccc4[nH]nc(c5ccc(cc5)N6C7CCC6COC7)c4c3,CHEMBL3422085,IC50,8.7
7591262,CC[C@@H](NC(=O)c1ccc2[nH]nc(c3ccc(OC4CCN(C)CC4)cc3)c2c1)c5ccccc5Cl,CHEMBL3422063,IC50,8.72
7591273,CC(C)C[C@H](NC(=O)c1ccc2[nH]nc(c3ccc(cc3)N4[C@H]5CC[C@H]4CC(O)C5)c2c1)c6ccccn6,CHEMBL3422097,IC50,8.77
7591284,Clc1cc(ccc1C(=O)NC2CC2)c3cnn4c(NCC5CCOCC5)nc(Oc6ccccc6)nc34,CHEMBL3818403,IC50,8.77
7591296,OC1C[C@@H]2CC[C@@H](C1)N2c3ccc(cc3)c4n[nH]c5ccc(cc45)C(=O)N[C@@H](C6CC6)c7ccccn7,CHEMBL3422091,IC50,8.8
7591307,OC1C[C@@H]2CC[C@@H](C1)N2c3ccc(cc3)c4n[nH]c5ccc(cc45)C(=O)N[C@H](CC6CC6)c7ccccn7,CHEMBL3422099,IC50,8.82
7591318,Cc1cc(ccc1C(=O)NC2CC2)c3cnn4c(NCC5CCOCC5)nc(Oc6ccccc6)nc34,CHEMBL3819210,IC50,8.85
7591329,O=C(N[C@@H](C1CC1)c2ccccn2)c3ccc4[nH]nc(c5ccc(cc5)N6C7CCC6COC7)c4c3,CHEMBL3422084,IC50,8.85
7591340,O=C(N[C@@H](C1CCCC1)c2ccccn2)c3ccc4[nH]nc(c5ccc(cc5)N6C7CCC6COC7)c4c3,CHEMBL3422086,IC50,8.92
7591351,O=C(NCC1(CCCCC1)N2CCOCC2)c3ccc4[nH]nc(c5ccc(cc5)N6C7CCC6COC7)c4c3,CHEMBL3422080,IC50,8.96
7591362,OC1C[C@@H]2CC[C@@H](C1)N2c3ccc(cc3)c4n[nH]c5ccc(cc45)C(=O)N[C@@H](C6CCCC6)c7ncccn7,CHEMBL3422095,IC50,8.96
7591373,CC(C)CNc1nc(cn2c(cnc12)c3ccc(cc3)C(=O)NC4CC4)c5cccc6ncccc56,CHEMBL3422104,IC50,9.0
7591384,CCOc1cc(ccc1Nc2nc(NC3CCCCC3)c4nc[nH]c4n2)N5CCOCC5,CHEMBL2047956,IC50,9.0
7591395,COc1cc(ccc1Nc2nc(NC3CCCCC3)c4nc[nH]c4n2)N5CCNCC5,CHEMBL2047958,IC50,9.0
7591406,Cc1cc(ccc1Nc2nc(NC3CCC(O)CC3)c4nc[nH]c4n2)N5CCOCC5,CHEMBL2047951,IC50,9.0
7591417,FC(F)(F)Oc1cc(ccc1Nc2nc(NC3CCCCC3)c4nc[nH]c4n2)N5CCOCC5,CHEMBL2047952,IC50,9.0
7591428,Cc1cc(ccc1C(=O)NC2CC2)c3cnn4c(NCC5CCOCC5)nc(Nc6ccccc6F)nc34,CHEMBL3819328,IC50,9.03
7591439,Cc1cc(ccc1C(=O)NC2CC2)c3cnc4c(NCCC(F)(F)F)cc(nn34)C(F)(F)c5cccc(F)c5,CHEMBL3354569,IC50,9.16
7591450,Cc1cc(ccc1C(=O)NC2CC2)c3cnc4c(NCCC(F)(F)F)cc(nn34)C5(CC5)c6cccc(F)c6F,CHEMBL3354996,IC50,9.16
7591461,Cc1cc(ccc1C(=O)NC2CC2)c3cnn4c(NCC5CCOCC5)nc(Nc6cccc(F)c6)nc34,CHEMBL3819019,IC50,9.16
7591472,COc1ccc(cc1)C(F)(F)c2cc(NCCC(F)(F)F)c3ncc(c4ccc(C(=O)NC5CC5)c(C)c4)n3n2,CHEMBL3354995,IC50,9.22
7591483,COc1ccc(cc1F)C(=O)c2cc(NCCC(F)(F)F)c3ncc(c4ccc(C(=O)NC5CC5)c(C)c4)n3n2,CHEMBL3354567,IC50,9.4
7591494,Cc1cc(ccc1C(=O)NC2CC2)c3cnn4c(NCC5CCOCC5)nc(Oc6cccc(F)c6F)nc34,CHEMBL3818646,IC50,9.4
7591505,Cc1cc(ccc1C(=O)NC2CC2)c3cnc4c(NCCC(F)(F)F)cc(nn34)C(C)(O)c5cccc(F)c5O,CHEMBL3354568,IC50,9.52
