id,smiles,name,assay_type,activity_value
985681,CC1=NC(NC2=NC=C(S2)C(=O)NC2=C(C)C=CC=C2Cl)=CC(=N1)N1CCN(CCO)CC1,dasatinib,Kd,8.68
1501203,Cc1ccc2[nH]ncc2c1Nc3ccnc(Nc4cccc(c4)C(=O)N)n3,CHEMBL398422,IC50,7.55
1026360,Cc1ccc(O)cc1Nc2ccnc(Nc3cccc(c3)C(=O)N)n2,CHEMBL249097,Kd,8.0
511791,Cc1ccc(NC(=O)c2cccc(c2)C(F)(F)F)cc1C(=O)Nc3cnc(Nc4cccc(NC(=O)C=C)c4)nc3,CHEMBL3290142,IC50,8.72
517517,Cc1ccc(NC(=O)c2cccc(c2)C(F)(F)F)cc1C(=O)Nc3cnc(Nc4cccc(NC(=O)CNC(=O)C=C)c4)nc3,CHEMBL3290148,IC50,8.85
1501222,Cc1ccc(O)cc1Nc2ccnc(Nc3cccc(c3)S(=O)(=O)N)n2,CHEMBL249317,IC50,9.4
