id,smiles,name,assay_type,activity_value
5363210,CC(C)(NC(=O)c1nc(cnc1N)c2cccc(c2)c3ccc(N)nc3)C4CCNCC4,CHEMBL2018015,IC50,7.55
1609385,CCCCNc1ncc(c(N[C@@H]2CC[C@@H](O)CC2)n1)c3ccc(cn3)S(=O)(=O)N4CCOCC4,CHEMBL3092792,IC50,7.55
1609363,CCCCNc1ncc(c(N[C@@H]2CC[C@@H](O)CC2)n1)c3ccc(CNC4CCCCC4)cn3,CHEMBL3092795,IC50,7.62
1609374,CCCCNc1ncc(c(N[C@@H]2CC[C@@H](O)CC2)n1)c3ccc(cn3)C(=O)NC4CCN(C)CC4,CHEMBL3092793,IC50,7.62
1609284,N[C@@H]1CC[C@@H](Cn2nc(c3ccc(nc3)N4CCNCC4)c5cnc(NCCCc6ccccc6)nc25)CC1,CHEMBL2036805,IC50,7.66
1609262,CCCCNc1ncc(c(N[C@@H]2CC[C@@H](O)CC2)n1)c3ccc(CN(C)C)cn3,CHEMBL3092791,IC50,7.68
1609341,CCCCNc1ncc(c(N[C@@H]2CC[C@@H](O)CC2)n1)c3ccc(CNCCO)cn3,CHEMBL3092797,IC50,7.68
5363234,CCn1cc(cn1)c2cccc(c2)c3cnc(N)c(n3)C(=O)N[C@@H]4C5CC6CC4C[C@@](O)(C6)C5,CHEMBL2018146,IC50,7.7
5363245,Cn1cc(cn1)c2cccc(c2)c3cnc(N)c(n3)C(=O)N[C@@H]4C5CC6CC4C[C@@](O)(C6)C5,CHEMBL2018145,IC50,7.7
1608967,NC1CCC(Cn2nc(c3ccccc3)c4cnc(NCCc5ccccc5)nc24)CC1,CHEMBL2036803,IC50,7.75
529263,CCCCNc1ncc2c(cn([C@@H]3CC[C@@H](O)CC3)c2n1)c4ccc(CN5CCN(C)CC5)cc4,CHEMBL3326006,IC50,7.77
1609306,CN1CCN(Cc2ccc(cc2)c3cn([C@@H]4CC[C@@H](O)CC4)c5nc(NCCC6CC6)ncc35)CC1,CHEMBL3326007,IC50,7.77
5363262,O[C@@H]1COC[C@H]1Nc2nc(Nc3cc(Cl)cc(Cl)c3)ncc2Br,CHEMBL2312657,IC50,7.82
1609229,CCCCNc1ncc2c(nn(C[C@@H]3CC[C@@H](N)CC3)c2n1)c4ccc(nc4)N5CCNCC5,CHEMBL2036804,IC50,7.85
5363275,CN1CCC(CC1)NC(=O)c2cnc(Nc3cc(Cl)cc(Cl)c3)nc2N[C@@H]4COC[C@H]4O,CHEMBL2312652,IC50,8.0
5363286,CN1CCC(CC1)NC(=O)c2cnc(Nc3cc(Cl)cc(Cl)c3)nc2NC4CCOCC4,CHEMBL2312650,IC50,8.05
5363297,CN1CCC(CC1)NC(=O)c2cnc(Nc3cc(Cl)cc(Cl)c3)nc2N[C@H]4CCCCNC4=O,CHEMBL2312651,IC50,8.22
1609407,N[C@@H]1CC[C@@H](Cn2nc(c3ccc(cc3)N4CCNCC4)c5cnc(NCCCc6ccccc6)nc25)CC1,CHEMBL2036807,IC50,8.23
1608923,CCOC1=C(C(=O)Nc2ccc(Oc3ccnc(N)c3Cl)c(F)c2)C(=O)N(C=C1)c4ccc(F)cc4,CHEMBL460702,IC50,8.37
5363312,CC[C@@H](CO)Nc1nc(Nc2cc(Cl)cc(Cl)c2)ncc1C(=O)NC3CCN(C)CC3,CHEMBL2311550,IC50,8.52
1609352,CCCCNc1ncc2c(nn(C[C@@H]3CC[C@@H](N)CC3)c2n1)c4ccc(cc4)N5CCNCC5,CHEMBL2036806,IC50,8.54
5363325,CN(C)C1CCC(CC1)Nc2nc(Nc3cc(Cl)cc(Cl)c3)ncc2C(=O)NC4CCN(C)CC4,CHEMBL2312649,IC50,8.7
479349,COc1cc2c(Oc3ccc(NC(=O)C4(CC4)C(=O)Nc5ccc(F)cc5)cc3F)ccnc2cc1OCCCN6CCOCC6,CHEMBL1230609,Kd,8.7
1457810,CN(C)C1CCC(CC1)Nc2nc(Nc3cc(Cl)cc(Cl)c3)ncc2c4onc(C)c4,CHEMBL2312654,IC50,9.16
