id,smiles,name,assay_type,activity_value
10009605,CN1Cc2cc(Nc3ncc4C(=O)N(c5c(F)cccc5Cl)c6nccn6c4n3)ccc2C7(CC7)C1,CHEMBL3355537,EC50,7.54
10009617,COc1cccc(F)c1c2cc3[nH]c4ccc(O)cc4c3c5C(=O)NC(=O)c25,CHEMBL214090,IC50,7.54
10009628,Oc1ccc2[nH]c3cc(c4C(=O)NC(=O)c4c3c2c1)c5c(Cl)cccc5Cl,CHEMBL213593,IC50,7.55
10009639,Oc1ccc2[nH]c3cc(c4cccc(Cl)c4Cl)c5C(=O)NC(=O)c5c3c2c1,CHEMBL384477,IC50,7.55
10009650,Oc1ccc2[nH]c3cc(c4cccc(O)c4Cl)c5C(=O)NC(=O)c5c3c2c1,CHEMBL213585,IC50,7.55
10009661,CN1Cc2cc(Nc3ncc4C(=O)N(c5c(Cl)cccc5Cl)c6nccn6c4n3)ccc2C7(CC7)C1,CHEMBL3355536,EC50,7.57
10009673,COCCCn1c2ccc(O)cc2c3c4C(=O)NC(=O)c4c(cc13)c5ccccc5Cl,CHEMBL488054,IC50,7.57
10009684,COc1cccc(OC)c1c2cc3[nH]c4ccc(O)cc4c3c5C(=O)NC(=O)c25,CHEMBL386199,IC50,7.57
6391487,CN(C)CCCOc1cc2[nH]c3cc(c4ccccc4Cl)c5C(=O)NC(=O)c5c3c2cc1O,CHEMBL272479,IC50,7.59
10009697,Clc1ccccc1N2C(=O)c3cnc(Nc4ccc5CCCCc5c4)nc3n6ccnc26,CHEMBL3355527,Ki,7.59
10009708,Oc1cc2c(cc1OCCCN3CCOCC3)[nH]c4cc(c5ccccc5Cl)c6C(=O)NC(=O)c6c24,CHEMBL256480,IC50,7.59
10009719,OCCn1c2ccc(O)cc2c3c4C(=O)NC(=O)c4c(cc13)c5ccccc5,CHEMBL471156,IC50,7.6
10009730,OCCn1c2ccc(O)cc2c3c4C(=O)NC(=O)c4ccc13,CHEMBL475325,IC50,7.6
10009741,COc1ccccc1c2cc3[nH]c4ccc(O)cc4c3c5C(=O)NC(=O)c25,CHEMBL209594,IC50,7.62
10009752,Nc1cc(ccc1Cl)c2cc3[nH]c4ccc(O)cc4c3c5C(=O)NC(=O)c25,CHEMBL487335,IC50,7.62
10009763,Nc1ccc(c(Cl)c1)c2cc3[nH]c4ccc(O)cc4c3c5C(=O)NC(=O)c25,CHEMBL213075,IC50,7.62
6387706,OCCn1c2cc(CCCCN3CCCC3)c(O)cc2c4c5C(=O)NC(=O)c5c(cc14)c6ccccc6Cl,CHEMBL255565,IC50,7.62
10009776,OCCn1c2cc(CCCCn3cccc3)c(O)cc2c4c5C(=O)NC(=O)c5c(cc14)c6ccccc6Cl,CHEMBL469612,IC50,7.62
10009787,OCCn1c2cc(OCCCN3CCCC3)c(O)cc2c4c5C(=O)NC(=O)c5c(cc14)c6ccccc6Cl,CHEMBL270021,IC50,7.62
10009798,OCCn1c2cc(OCCCn3cccc3)c(O)cc2c4c5C(=O)NC(=O)c5c(cc14)c6ccccc6Cl,CHEMBL474111,IC50,7.62
10009809,Oc1ccc2c(c1)c3c4C(=O)NC(=O)c4c(cc3n2CCSc5nnc[nH]5)c6ccccc6Cl,CHEMBL513079,IC50,7.62
10009820,Oc1ccc2c(c1)c3c4C(=O)NC(=O)c4c(cc3n2CCSn5ccnn5)c6ccccc6Cl,CHEMBL521200,IC50,7.62
10009831,OC(=O)CCn1c2ccc(O)cc2c3c4C(=O)NC(=O)c4c(cc13)c5ccccc5,CHEMBL462170,IC50,7.64
10009842,OC(=O)CCn1c2ccc(O)cc2c3c4C(=O)NC(=O)c4ccc13,CHEMBL520182,IC50,7.64
10009853,OCC(O)Cn1c2ccc(O)cc2c3c4C(=O)NC(=O)c4c(cc13)c5ccccc5Cl,CHEMBL520904,IC50,7.64
10009864,Oc1ccc(c(Cl)c1)c2cc3[nH]c4ccc(O)cc4c3c5C(=O)NC(=O)c25,CHEMBL213367,IC50,7.64
10009876,Oc1ccc2[nH]c3cc(c4ccccc4Br)c5C(=O)NC(=O)c5c3c2c1,CHEMBL215677,IC50,7.64
10009887,Clc1ccccc1N2C(=O)c3cnc(Nc4ccccc4)nc3n5ccnc25,CHEMBL3355519,Ki,7.68
10009898,NC(=O)CCn1c2ccc(O)cc2c3c4C(=O)NC(=O)c4c(cc13)c5ccccc5,CHEMBL512012,IC50,7.68
10009909,NC(=O)CCn1c2ccc(O)cc2c3c4C(=O)NC(=O)c4ccc13,CHEMBL484808,IC50,7.68
10009920,Nc1cccc(c1Cl)c2cc3[nH]c4ccc(O)cc4c3c5C(=O)NC(=O)c25,CHEMBL213313,IC50,7.68
10009932,Oc1ccc2c(c1)c3c4C(=O)NC(=O)c4c(cc3n2CCc5nnn[nH]5)c6ccccc6Cl,CHEMBL512342,IC50,7.68
10009943,Cn1c2cc(SCCCN3CCCC3)c(O)cc2c4c5C(=O)NC(=O)c5c(cc14)c6ccccc6Cl,CHEMBL404335,IC50,7.7
10009954,Cn1c2cc(SCCCn3cccc3)c(O)cc2c4c5C(=O)NC(=O)c5c(cc14)c6ccccc6Cl,CHEMBL474714,IC50,7.7
10009965,Nc1ccc(Cl)c(c1)c2cc3[nH]c4ccc(O)cc4c3c5C(=O)NC(=O)c25,CHEMBL211140,IC50,7.7
10009976,Nc1ccc(c(Br)c1)c2cc3[nH]c4ccc(O)cc4c3c5C(=O)NC(=O)c25,CHEMBL378066,IC50,7.7
10009987,COc1cc(N)ccc1c2cc3[nH]c4ccc(O)cc4c3c5C(=O)NC(=O)c25,CHEMBL384089,IC50,7.72
6385685,OCCn1c2cc(CCCCN3CCOCC3)c(O)cc2c4c5C(=O)NC(=O)c5c(cc14)c6ccccc6Cl,CHEMBL258067,IC50,7.72
10010000,Oc1ccc2c(c1)c3c4C(=O)NC(=O)c4c(cc3n2CCS(=O)(=O)c5nnc[nH]5)c6ccccc6Cl,CHEMBL472209,IC50,7.72
10010011,Oc1ccc2c(c1)c3c4C(=O)NC(=O)c4c(cc3n2CCS(=O)(=O)n5ccnn5)c6ccccc6Cl,CHEMBL487757,IC50,7.72
10010022,OCCN1C2=CC(OCCCn3cccc3)C(O)(O)C=C2c4c1cc(c5ccccc5Cl)c6C(=O)NC(=O)c46,CHEMBL469822,IC50,7.74
10010033,Oc1ccc2[nH]c3cc(c4C(=O)NC(=O)c4c3c2c1)c5c(Cl)ccc(O)c5Cl,CHEMBL386048,IC50,7.74
10010044,CN(C)CCCOc1cc2c(cc1O)c3c4C(=O)NC(=O)c4c(cc3n2CCO)c5ccccc5Cl,CHEMBL401776,IC50,7.75
10010056,Oc1ccc2c(c1)c3c4C(=O)NC(=O)c4c(cc3n2CCCc5nnn[nH]5)c6ccccc6Cl,CHEMBL471329,IC50,7.8
10010067,COc1cccc(Cl)c1c2cc3[nH]c4ccc(O)cc4c3c5C(=O)NC(=O)c25,CHEMBL215485,IC50,7.82
10010078,Cn1c2cc(C(=O)NCCN3CCCC3)c(O)cc2c4c5C(=O)NC(=O)c5c(cc14)c6ccccc6Cl,CHEMBL272267,IC50,7.82
10010089,Cn1c2cc(C(=O)NCCn3cccc3)c(O)cc2c4c5C(=O)NC(=O)c5c(cc14)c6ccccc6Cl,CHEMBL472689,IC50,7.82
10010100,OCCn1c2cc(OCCCN3CCOCC3)c(O)cc2c4c5C(=O)NC(=O)c5c(cc14)c6ccccc6Cl,CHEMBL271715,IC50,7.82
10010111,Oc1ccc2c(c1)c3c4C(=O)NC(=O)c4c(cc3n2CCC#N)c5ccccc5Cl,CHEMBL511280,IC50,7.82
10010122,CN(C)CCNC(=O)CCn1c2ccc(O)cc2c3c4C(=O)NC(=O)c4c(cc13)c5c(Cl)cccc5Cl,CHEMBL461116,IC50,7.85
10010133,OC(=O)CCCn1c2ccc(O)cc2c3c4C(=O)NC(=O)c4c(cc13)c5ccccc5Cl,CHEMBL511992,IC50,7.89
10010144,OC(=O)CCn1c2ccc(O)cc2c3c4C(=O)NC(=O)c4c(cc13)c5ccccc5Cl,CHEMBL459889,IC50,7.89
10010156,Oc1ccc2[nH]c3cc(c4ccccc4I)c5C(=O)NC(=O)c5c3c2c1,CHEMBL215815,IC50,7.89
10010168,CS(=O)(=O)NC(=O)CCn1c2ccc(O)cc2c3c4C(=O)NC(=O)c4c(cc13)c5ccccc5Cl,CHEMBL460940,IC50,7.92
10010179,Oc1ccc2[nH]c3cc(c4ccccc4Cl)c5C(=O)NC(=O)c5c3c2c1,CHEMBL379975,IC50,7.96
10010191,OCCCn1c2ccc(O)cc2c3c4C(=O)NC(=O)c4c(cc13)c5ccccc5Cl,CHEMBL411662,IC50,8.05
10010202,Oc1ccc2c(c1)c3c4C(=O)NC(=O)c4c(cc3n2CC[S+]([O-])c5nnc[nH]5)c6ccccc6Cl,CHEMBL472208,IC50,8.05
10010213,Oc1ccc2c(c1)c3c4C(=O)NC(=O)c4c(cc3n2CC[S+]([O-])n5ccnn5)c6ccccc6Cl,CHEMBL486517,IC50,8.05
10010224,CN1CCCc2ccc(Nc3ncc4C(=O)N(c5ccccc5Cl)c6nccn6c4n3)cc12,CHEMBL3355529,Ki,8.07
10010235,CN1CCC(CC1)c2ccc(Nc3ncc4C(=O)N(c5ccccc5Cl)c6nccn6c4n3)cc2,CHEMBL3355523,Ki,8.08
10010246,OCCn1c2ccc(O)cc2c3c4C(=O)NC(=O)c4c(cc13)c5c(Cl)cccc5Cl,CHEMBL471157,IC50,8.1
10010257,CN1CCCc2cc(Nc3ncc4C(=O)N(c5ccccc5Cl)c6nccn6c4n3)ccc12,CHEMBL3355530,Ki,8.13
10010268,OCCCn1c2ccc(O)cc2c3c4C(=O)NC(=O)c4c(cc13)c5c(Cl)cccc5Cl,CHEMBL471163,IC50,8.15
10010279,Oc1ccc2c(c1)c3c4C(=O)NC(=O)c4c(cc3n2CCC(=O)NS(=O)(=O)c5ccccc5)c6ccccc6Cl,CHEMBL515352,IC50,8.15
10010290,CC(=O)N1CCN(CC1)c2ccc(Nc3ncc4C(=O)N(c5ccccc5Cl)c6nccn6c4n3)cc2,CHEMBL3355524,Ki,8.18
10010301,CN1CCN(CC1)c2cccc(Nc3ncc4C(=O)N(c5ccccc5Cl)c6nccn6c4n3)c2,CHEMBL3355525,Ki,8.21
10010312,NC(=O)CCn1c2ccc(O)cc2c3c4C(=O)NC(=O)c4c(cc13)c5ccccc5Cl,CHEMBL472542,IC50,8.22
10010323,Clc1ccccc1N2C(=O)c3cnc(Nc4ccc(cc4)N5CCCCC5)nc3n6ccnc26,CHEMBL3355522,Ki,8.26
10010334,CC(=O)N1Cc2cc(Nc3ncc4C(=O)N(c5ccccc5Cl)c6nccn6c4n3)ccc2C7(CC7)C1,CHEMBL3355532,Ki,8.27
10010345,CN1CCN(CC1)c2ccc(Nc3ncc4C(=O)N(c5ccccc5Cl)c6nccn6c4n3)cc2,CHEMBL3355518,Ki,8.64
10010356,CN1CCN(CC1)c2ccc(Nc3ncc4C(=O)N(c5c(F)cccc5Cl)c6nccn6c4n3)cc2,CHEMBL3355535,Ki,8.7
10010367,CN1CCc2ccc(Nc3ncc4C(=O)N(c5ccccc5Cl)c6nccn6c4n3)cc2C1,CHEMBL3355528,Ki,8.8
10010378,CC1=CC(=O)c2c(O)cc3C(=O)c4cc(O)cc(O)c4C(=O)c3c2O1,CHEMBL400146,Kd,8.87
10010389,CN1Cc2cc(Nc3ncc4C(=O)N(c5ccccc5Cl)c6nccn6c4n3)ccc2C7(CC7)C1,CHEMBL3355531,Ki,8.92
