id,smiles,name,assay_type,activity_value
985681,CC1=NC(NC2=NC=C(S2)C(=O)NC2=C(C)C=CC=C2Cl)=CC(=N1)N1CCN(CCO)CC1,dasatinib,Kd,9.52
76714,C(CN1CCCCC1)Oc2ccc(cc2)c3cnc4c(cnn4c3)c5ccncc5,CHEMBL478629,IC50,7.53
4819744,Cl.CC(CCCC(C)(C)O)Nc1nc(Nc2cc(C)[nH]n2)cc(C)c1C#N,CHEMBL1778662,Ki,7.62
26279,COc1cc(ccc1Nc2ncc(Cl)c(Nc3ccccc3S(=O)(=O)C(C)C)n2)N4CCC(CC4)N5CCN(C)CC5,CHEMBL509032,Kd,7.64
1423303,CNc1nccc(n1)c2cccnc2Oc3cc(ccc3C)C(=O)Nc4cccc(c4)C(F)(F)F,CHEMBL218632,IC50,7.66
9905051,Cc1cc(cc2nnc(Nc3ccc(OCCN4CCCC4)cc3)nc12)c5ccccc5Cl,CHEMBL268825,IC50,7.66
9905061,CCOC(=O)CN1CCN(CCCc2c3CCCCc3[nH]c2\C=C\4/C(=O)Nc5ccc(cc45)S(=O)(=O)NC)CC1,CHEMBL291759,IC50,7.7
9905072,CCS(=O)(=O)c1ccc2NC(=O)\C(=C/c3[nH]c4CCCCc4c3CCCN(C)C)\c2c1,CHEMBL59042,IC50,7.7
9905083,CCS(=O)(=O)c1ccc2NC(=O)\C(=C/c3[nH]c4CCCCc4c3CCCN5CCC(O)CC5)\c2c1,CHEMBL298566,IC50,7.7
3358027,CN(C)S(=O)(=O)c1ccc2NC(=O)\C(=C/c3cc4CCCCc4[nH]3)\c2c1,CHEMBL605003,IC50,7.7
4825756,Cc1cccc(C)c1c2cc(C)c3nc(Nc4oc(cc4)C(=O)NCCN5CCCC5)nnc3c2,CHEMBL3648058,IC50,7.74
617948,O=C(N1CCNCC1)c2ccc(\C=C\c3n[nH]c4ccccc34)cc2,CHEMBL1908397,Kd,7.75
3866815,CCN1CCN(Cc2ccc(cc2)c3cc4c(N[C@H](C)c5ccccc5)ncnc4[nH]3)CC1,CHEMBL587723,IC50,7.76
6375934,Cc1cccc(C)c1c2cc(C)c3nc(Nc4cccc(c4)S(=O)(=O)N)nnc3c2,CHEMBL218597,IC50,7.79
3990384,Cc1cc(cc2nnc(Nc3ccc(OCCN4CCCC4)cc3)nc12)c5c(Cl)cccc5Cl,CHEMBL230686,Ki,7.89
4819594,CN(C)CC1CCN(CCn2nc(c3cnc4[nH]ccc4c3)c5c(N)ncnc25)CC1,CHEMBL3823861,IC50,7.92
9905106,CCS(=O)(=O)c1ccc2NC(=O)\C(=C/c3[nH]c4CCCCc4c3CCCN5CCN(CC(=O)O)CC5)\c2c1,CHEMBL300853,IC50,8.0
9905117,CNS(=O)(=O)c1ccc2NC(=O)\C(=C/c3[nH]c4CCCCc4c3CCC(=O)N)\c2c1,CHEMBL56569,IC50,8.0
9905128,CNS(=O)(=O)c1ccc2NC(=O)\C(=C/c3[nH]c4CCCCc4c3CCCN(C)C)\c2c1,CHEMBL52513,IC50,8.0
9905139,CNS(=O)(=O)c1ccc2NC(=O)\C(=C/c3[nH]c4CCCCc4c3CCCN5CCC(O)CC5)\c2c1,CHEMBL55496,IC50,8.0
9905150,CNS(=O)(=O)c1ccc2NC(=O)\C(=C/c3[nH]c4CCCCc4c3CCCN5CCN(C)CC5)\c2c1,CHEMBL293712,IC50,8.0
4820309,CNS(=O)(=O)c1ccc2NC(=O)\C(=C/c3[nH]c4CCCCc4c3CCCN5CCN(CC(=O)O)CC5)\c2c1,CHEMBL292930,IC50,8.0
9905163,CNS(=O)(=O)c1ccc2NC(=O)\C(=C/c3[nH]c4CCCCc4c3CCCN5CCN(CCO)CC5)\c2c1,CHEMBL56109,IC50,8.0
4820127,CN1CCN(CCOc2ccc(Nc3nnc4cc(cc(C)c4n3)c5c(C)cccc5C)cc2)CC1,CHEMBL230614,IC50,8.11
4826297,Cc1cccc(C)c1c2cc(C)c3nc(Nc4nc(cs4)C(=O)NCCN5CCCC5)nnc3c2,CHEMBL3648061,IC50,8.14
4827062,CN1CCN(CCOc2cc(OC3CCOCC3)c4c(Nc5c(Cl)ccc6OCOc56)ncnc4c2)CC1,CHEMBL217092,IC50,8.21
1178961,Cc1cc(cc2nnc(Nc3ccc(OCC[N+]4([O-])CCCC4)cc3)nc12)c5c(Cl)cccc5Cl,CHEMBL256101,Ki,8.22
3993782,Cc1cc(cc2nnc(Nc3ccc(cc3)C(=O)N4CCNCC4)nc12)c5cc(O)ccc5Cl,CHEMBL250214,IC50,8.28
3995874,Cc1cc(cc2nnc(Nc3ccc(CCCN4CCCC4)cc3)nc12)c5cc(O)ccc5Cl,CHEMBL250213,IC50,8.32
26231,CN[C@@H]1C[C@H]2O[C@@](C)([C@@H]1OC)n3c4ccccc4c5c6CNC(=O)c6c7c8ccccc8n2c7c35,CHEMBL388978,IC50,8.36
3993010,Cc1cc(cc2nnc(Nc3ccc(cc3)S(=O)(=O)C4CCNCC4)nc12)c5cc(O)ccc5Cl,CHEMBL250625,IC50,8.39
293662,COc1cc(Nc2c(cnc3cc(OCCCN4CCN(C)CC4)c(OC)cc23)C#N)c(Cl)cc1Cl,bosutinib,Kd,8.4
4828050,Cc1cccc(C)c1c2cc(C)c3nc(Nc4cccc(OCCN5CCCC5)c4)nnc3c2,CHEMBL218549,IC50,8.43
4827410,Cc1cccc(C)c1c2cc(C)c3nc(Nc4ccc(cc4)S(=O)(=O)NCCN5CCCC5)nnc3c2,CHEMBL231218,IC50,8.51
529569,CC(C)Oc1cc(Nc2nc(N[C@@H](C)c3ccc(F)cn3)ncc2Cl)n[nH]1,CHEMBL457614,IC50,8.52
7251479,Clc1ccc2OCOc2c1Nc3ncnc4cc(OCCCN5CCCC5)cc(OC6CCOCC6)c34,CHEMBL217090,IC50,8.52
9905195,CCN(CC)COc1cccc(Nc2nnc3cc(cc(C)c3n2)c4c(C)cccc4C)c1,CHEMBL3651297,IC50,8.59
9905205,CNC(=O)c1cc(Oc2ccc(NC(=O)Nc3cc(nn3c4ccc5ncccc5c4)C(C)(C)C)c(F)c2)ccn1,CHEMBL1738757,IC50,8.6
38372,CSc1cccc(Nc2ncc3C=C(C(=O)N(C)c3n2)c4c(Cl)cccc4Cl)c1,CHEMBL386051,Kd,8.64
3803255,Oc1cccc(Nc2ccnc3cc(sc23)c4cccc(CN5CCOCC5)c4)c1,CHEMBL2336005,IC50,8.68
325552,Cc1cc(Nc2ncc(s2)C(=O)Nc3c(C)cccc3Cl)nc(C)n1,CHEMBL364623,IC50,8.7
480664,CN1CCN(CC1)c2ccc3nc([nH]c3c2)C4=C(N)c5c(F)cccc5NC4=O,CHEMBL522892,IC50,8.85
3993150,Cc1cc(cc2nnc(Nc3ccc(cc3)S(=O)(=O)NCCN4CCCC4)nc12)c5cc(O)ccc5Cl,CHEMBL249821,IC50,8.89
4828543,CN(C)CCNC(=O)c1cccc(Nc2nnc3cc(cc(C)c3n2)c4cc(O)ccc4Cl)c1,CHEMBL3651228,IC50,8.91
6377067,Cc1cccc(C)c1c2cc(C)c3nc(Nc4ccc(OCCC5CCCC5)cc4)nnc3c2,CHEMBL3651296,IC50,8.92
3990416,Cc1cccc(C)c1c2cc(C)c3nc(Nc4ccc(OCCN5CCCC5)cc4)nnc3c2,CHEMBL436137,IC50,8.92
1026360,Cc1ccc(O)cc1Nc2ccnc(Nc3cccc(c3)C(=O)N)n2,CHEMBL249097,Kd,9.0
327281,O=C(NC1CC1)Nc2c[nH]nc2c3nc4cc(CN5CCOCC5)ccc4[nH]3,CHEMBL495727,IC50,9.0
525208,CCn1nc(C#Cc2cc(ccc2C)C(=O)Nc3ccc(CN4CCN(C)CC4)c(c3)C(F)(F)F)c5c(N)ncnc15,CHEMBL3426225,IC50,9.1
4828744,Cc1cc2nc(Nc3ccc(OCCN4CCCC4)cc3)nnc2cc1c5cc(O)ccc5Cl,CHEMBL3651257,IC50,9.16
1178681,Cc1cc(cc2nnc(Nc3ccc(OCCN4CCCC4)cc3)nc12)c5cc(O)ccc5Cl,CHEMBL400402,IC50,9.3
