id,smiles,name,assay_type,activity_value
1186254,COC1=CC=C2C(=CC=CC2=C1C(F)(F)F)C(=S)N(C)CC(O)=O,tolrestat,IC50,8.5086
1186265,C\C(\C=C1/SC(=S)N(CC(O)=O)C1=O)=C/C1=CC=CC=C1,epalrestat,IC50,7.6778
1186284,CCN1C(=O)Nc2ccccc2C13NC(=O)NC3=O,CHEMBL63389,IC50,6.0
1186295,C[C@@H]1C[C@@](O)(CC(=O)O)c2cc(Cl)cc(Cl)c2O1,CHEMBL303952,IC50,6.0
150548,Cc1c(Sc2ccc(Cl)cc2)c3c(NS(=O)(=O)C)cccc3n1CC(=O)O,CHEMBL1917433,IC50,6.0
1186313,Fc1ccc2OCC[C@]3(NC(=O)NC3=O)c2c1,CHEMBL266497,IC50,6.0
1186324,OC(=O)CC1=NN(Cc2cc3cc(Br)ccc3s2)C(=O)c4ccccc14,CHEMBL422824,IC50,6.0
1186335,OC(=O)CC1=NN(Cc2nc3ccc(O)cc3s2)C(=O)c4ccccc14,CHEMBL278832,IC50,6.0
1186346,OC(=O)Cc1ccc2C(=O)c3ccccc3C=Cc2c1,CHEMBL77601,IC50,6.0
1186357,OC(=O)Cn1cc(Cc2nc3ccc(F)cc3s2)c4ccccc14,CHEMBL193570,IC50,6.0
1186368,CCC[C@@H]1C[C@@](O)(CC(=O)O)c2cc(F)ccc2O1,CHEMBL71562,IC50,6.01
1186380,C[C@@H]1C[C@]2(NC(=O)NC2=O)c3cc(Cl)c[n+]([O-])c3O1,CHEMBL56424,IC50,6.02
1186391,C[C@H]1Oc2ccc(F)cc2[C@](O)(CC(=O)O)[C@H]1C,CHEMBL69586,IC50,6.04
1186402,CC(=O)Oc1cc(OCC(=O)OCc2c(no[n+]2[O-])c3ccccc3)cc4OC(=CC(=O)c14)c5ccccc5,CHEMBL1668048,IC50,6.05
1186413,C[C@H]1C[C@]2(NC(=O)NC2=O)c3cc(Cl)cnc3O1,CHEMBL294612,IC50,6.05
1186424,OC(=O)CC1=NN(Cc2cc3ccccc3[nH]2)C(=O)c4ccccc14,CHEMBL342786,IC50,6.06
1186435,Oc1ccc(nn1)S(=O)(=O)c2ccc(F)cc2F,CHEMBL363415,IC50,6.06
1186446,CN1C(=O)Nc2cccc(Cl)c2C13NC(=O)NC3=O,CHEMBL63866,IC50,6.07
1186457,CCOC(=O)C1=C(O)C(=O)N(C1)[C@H](C)c2ccccc2,CHEMBL269089,IC50,6.08
1186468,OC(=O)Cc1ccc2C(=O)c3cc(O)ccc3CCc2c1,CHEMBL538917,IC50,6.08
1186479,C[C@@H]1C[C@@](O)(CC(=O)O)c2cc(Cl)ccc2O1,CHEMBL69708,IC50,6.09
1186490,OC(=O)CN1C(=O)S\C(=C/c2ccc(Oc3ccccc3)cc2)\C1=O,CHEMBL1645381,IC50,6.09
1186501,OC(=O)CN1C(=O)S\C(=C\c2ccc(cc2)[N+](=O)[O-])\C1=O,CHEMBL2260163,IC50,6.09
148321,CC(=O)Nc1cccc2c1c(Sc3ccc(Cl)cc3)c(C)n2CC(=O)O,CHEMBL1914489,IC50,6.1
1186513,CN1C(=O)N(C)C2(NC(=O)NC2=O)c3ccccc13,CHEMBL66636,IC50,6.1
1186524,CN1C(=O)Nc2ccc(C)cc2C13NC(=O)NC3=O,CHEMBL291842,IC50,6.1
1186535,CN1C(=O)Nc2ccc(Cl)cc2[C@]13NC(=O)NC3=O,CHEMBL65701,IC50,6.11
1186546,C[C@@H]1C[C@@](O)(CC(=O)O)c2ccc(Cl)c(Cl)c2O1,CHEMBL65967,IC50,6.11
1186557,O=C1Cc2ccc3C(=O)c4ccccc4CCc3c2O1,CHEMBL311679,IC50,6.11
1186568,OC(=O)CC1=NN(Cc2ccc(Br)cc2F)C(=O)c3ncccc13,CHEMBL69371,IC50,6.12
1186579,OC(=O)Cc1cc(O)c2C(=O)c3ccccc3C=Cc2c1,CHEMBL77283,IC50,6.12
1186590,OC(=O)[C@@H](Cc1cc(O)c(O)cc1[N+](=O)[O-])OC(=O)\C=C\c2cc(O)c(O)cc2[N+](=O)[O-],CHEMBL261703,IC50,6.13
1186601,Oc1cc(OCC(=O)OCc2c(no[n+]2[O-])c3ccccc3)cc4OC(=CC(=O)c14)c5ccccc5,CHEMBL470376,IC50,6.13
1186612,OC(=O)CC1=NN(Cc2snc3ccccc23)C(=O)c4ccccc14,CHEMBL143569,IC50,6.14
1186623,OC[C@H]1O[C@@H](Oc2ccc(\C=C\C(=O)c3ccc(O)cc3O)cc2)[C@H](O)[C@@H](O)[C@@H]1O,CHEMBL599763,IC50,6.14
146716,CC(=O)Nc1cccc2c1c(c(C)n2CC(=O)O)S(=O)(=O)c3ccc(Cl)cc3,CHEMBL1917449,IC50,6.15
1186636,CCCCNS(=O)(=O)c1ccc(Cl)cc1C2NC(=O)NC2=O,CHEMBL19064,IC50,6.16
1186647,COc1cc(OC)c2sc(CN3N=C(CC(=O)O)c4ccccc4C3=O)nc2c1,CHEMBL19162,IC50,6.16
1186658,OC(=O)CC1=NN(Cc2nc3ccccc3s2)C(=O)c4cc(Br)ccc14,CHEMBL279666,IC50,6.16
1186669,OC(=O)Cc1ccc2C(=O)c3ccccc3CSc2c1,CHEMBL75245,IC50,6.16
1186680,OC(=O)Cn1cc(Cc2nc3c(F)cc(F)cc3s2)c4ccccc14,CHEMBL192534,IC50,6.16
1186691,OC(=O)CC1=NN(Cc2cc(ns2)c3ccccc3)C(=O)c4ccccc14,CHEMBL357435,IC50,6.17
1186702,OC(=O)Cc1nn(Cc2nc3ccccc3s2)c4ccccc14,CHEMBL70247,IC50,6.17
1186713,COc1cc(c2sc(CN3N=C(CC(=O)O)c4ccccc4C3=O)nc2c1)C(F)(F)F,CHEMBL431108,IC50,6.18
1186724,OC(=O)CC1=NN(Cc2oc(cn2)c3ccccc3)C(=O)c4ccccc14,CHEMBL140042,IC50,6.18
1186735,OC(=O)CN1C(=O)S\C(=C\c2ccc(cc2)c3ccccc3)\C1=O,CHEMBL2260153,IC50,6.18
1186745,OC(=O)Cn1cc(Cc2nc3ccc(Cl)cc3s2)c4ccccc14,CHEMBL192213,IC50,6.18
1186756,Oc1ccc(nn1)S(=O)(=O)Cc2ccc(Br)cc2F,CHEMBL197628,IC50,6.18
1186767,C[C@@H]1C[C@@](O)(CC(=O)O)c2cc(ccc2O1)C(=O)C,CHEMBL69646,IC50,6.19
1186778,Oc1ccc(nn1)S(=O)(=O)c2cc3ccc(Cl)cc3[nH]2,CHEMBL372815,IC50,6.19
1186789,OC(=O)CC1=NN(Cc2onc(n2)c3ccc(F)cc3F)C(=O)c4ccccc14,CHEMBL356286,IC50,6.2
1186800,CC[C@@H]1C[C@@](O)(CC(=O)O)c2cc(F)ccc2O1,CHEMBL306591,IC50,6.21
1186811,CSc1ccc(Cl)cc1C2NC(=O)NC2=O,CHEMBL278584,IC50,6.21
1186822,OC(=O)CC1=NN(Cc2nc3cc(Cl)cc(c3s2)C(F)(F)F)C(=O)c4ccccc14,CHEMBL278583,IC50,6.21
1186833,CS(=O)(=O)c1c(Cl)cc(Cl)cc1C2NC(=O)NC2=O,CHEMBL277427,IC50,6.22
1186844,CS(=O)(=O)c1ccc(F)cc1C2NC(=O)NC2=O,CHEMBL19885,IC50,6.22
1186855,OC(=O)C[C@]1(O)CCOc2ccc(F)cc12,CHEMBL68635,IC50,6.22
1186867,Oc1cc(O)c2C(=O)C=C(Oc2c1)c3ccc(O)c(O)c3,CHEMBL151,IC50,6.22
1186878,Oc1ccc(nn1)S(=O)(=O)Cc2ccccc2,CHEMBL199028,IC50,6.22
1186889,Oc1ccc(nn1)S(=O)(=O)c2ccccc2,CHEMBL74814,IC50,6.22
1186900,Oc1ccc(nn1)S(=O)(=O)c2cc3ccccc3[nH]2,CHEMBL72278,IC50,6.23
1186911,CC(C)[C@@H]1C[C@@](O)(CC(=O)O)c2cc(F)ccc2O1,CHEMBL68091,IC50,6.24
1186922,CCCNS(=O)(=O)c1ccc(Cl)cc1C2NC(=O)NC2=O,CHEMBL429059,IC50,6.24
1186933,CS(=O)(=O)c1c(cc(Cl)cc1C(F)(F)F)C2NC(=O)NC2=O,CHEMBL440790,IC50,6.24
1186945,NC(=O)[C@H]1C[C@]2(NC(=O)NC2=O)c3cc(F)ccc3O1,CHEMBL84060,IC50,6.24
1186956,Oc1ccc(\C=C\C(=O)OCCc2ccccc2)cc1O,CHEMBL319244,IC50,6.24
1186967,OC(=O)Cn1cc(Cc2nc3cc(F)c(F)cc3s2)c4ccccc14,CHEMBL191951,IC50,6.25
1186978,OC[C@H]1O[C@@H](Oc2ccc(C(=O)\C=C\c3ccc(O)cc3)c(O)c2)[C@H](O[C@@H]4OC[C@](O)(CO)[C@H]4O)[C@@H](O)[C@@H]1O,CHEMBL1940910,IC50,6.25
1186989,OC(=O)CC1=NN(Cc2oc3cc(Br)ccc3n2)C(=O)c4ccccc14,CHEMBL143903,IC50,6.27
1187000,Oc1ccc(nn1)S(=O)(=O)c2ccccc2F,CHEMBL198119,IC50,6.27
1187011,OC(=O)CC1=NN(Cc2nc3c(ccc4ccccc34)s2)C(=O)c5ccccc15,CHEMBL20756,IC50,6.29
1187029,CC(C)c1c(O)c(O)c(C=O)c2c(O)c(c(C)cc12)c3c(C)cc4c(C(C)C)c(O)c(O)c(C=O)c4c3O,CHEMBL51483,Ki,6.3
1187040,CCOC(=O)C1=C(O)C(=O)N(Cc2ccc(Br)cc2)C1,CHEMBL7603,IC50,6.3
1187051,C[C@@H]1C[C@]2(NC(=O)NC2=O)c3cc(Br)cnc3O1,CHEMBL54342,IC50,6.3
1187062,Oc1ccc(nn1)S(=O)(=O)Cc2ccccc2C(F)(F)F,CHEMBL197544,IC50,6.3
1187073,OC(=O)CN1C(=O)S\C(=C\c2ccc(O)cc2)\C1=O,CHEMBL2260158,IC50,6.31
1187083,CN1C(=O)Nc2cc(ccc2C13NC(=O)NC3=O)[N+](=O)[O-],CHEMBL65316,IC50,6.32
1187094,COc1cccc(\C=C\2/SC(=O)N(CC(=O)O)C2=O)c1,CHEMBL1645383,IC50,6.32
1187105,Oc1ccc(nn1)S(=O)(=O)c2ccc(F)cc2,CHEMBL425922,IC50,6.32
1187116,CN1C(=O)Nc2ccc(c(Cl)c2C13NC(=O)NC3=O)[N+](=O)[O-],CHEMBL63527,IC50,6.33
1187127,COc1ccccc1c2noc(CN3N=C(CC(=O)O)c4ccccc4C3=O)n2,CHEMBL356545,IC50,6.33
1187138,OC(=O)CC1=NN(Cc2noc(n2)c3ccccc3C(F)(F)F)C(=O)c4ccccc14,CHEMBL2111987,IC50,6.33
1187149,[O-][S+](Cc1ccc(Cl)cc1)c2ccc(Cl)cc2C3NC(=O)NC3=O,CHEMBL19781,IC50,6.33
1187160,OC(=O)CC1=NN(CCc2nc3cc(ccc3s2)C(F)(F)F)C(=O)c4ccccc14,CHEMBL21101,IC50,6.34
1187171,OC(=O)CC1=NN(Cc2csc(n2)c3ccccc3F)C(=O)c4ccccc14,CHEMBL143387,IC50,6.34
1187182,Oc1ccc(nn1)S(=O)(=O)c2cc3cccc(Cl)c3[nH]2,CHEMBL197678,IC50,6.35
1187193,Oc1ccc(nn1)S(=O)(=O)c2nc3ccccc3s2,CHEMBL73330,IC50,6.35
1187204,CCOC(=O)C1=C(O)C(=O)N(Cc2ccccn2)C1,CHEMBL6828,IC50,6.36
1187215,OC(=O)CC1=NN(CC(=O)Nc2ccc(Cl)cc2)C(=O)c3ccccc13,CHEMBL342524,IC50,6.36
1187226,CN1C(=O)Nc2cc(N3CCOCC3)c(cc2C14NC(=O)NC4=O)[N+](=O)[O-],CHEMBL61955,IC50,6.37
1187237,OC(=O)CC1=NN(CC(=O)Nc2ccccc2Cl)C(=O)c3ccccc13,CHEMBL357074,IC50,6.37
1187248,Cc1cccc2C(=NN(Cc3nc4ccccc4s3)C(=O)c12)CC(=O)O,CHEMBL19838,IC50,6.38
1187259,OC(=O)CC1=NN(Cc2cc3cccnc3s2)C(=O)c4ccccc14,CHEMBL143872,IC50,6.38
1187270,OC(=O)CC1=NN(Cc2ccc(Br)cc2F)C(=O)c3cc4ccccc4cc13,CHEMBL67922,IC50,6.38
1187281,OC(=O)CC1=NN(Cc2nc3cc(Cl)c(Cl)cc3s2)C(=O)c4ccccc14,CHEMBL20925,IC50,6.38
1187292,Oc1ccc(nn1)S(=O)(=O)Cc2ccccc2F,CHEMBL199069,IC50,6.38
1187303,CCOC(=O)C1=C(O)C(=O)N(Cc2ccc(OC)cc2)C1,CHEMBL414208,IC50,6.39
1187314,C[C@@H]1C[C@@](O)(CC(=O)O)c2cc(Cl)c(F)cc2O1,CHEMBL307121,IC50,6.39
142685,Cc1ccc2c(c1)c(c(C)n2CC(=O)O)S(=O)(=O)c3ccc(Cl)cc3,CHEMBL1917446,IC50,6.39
1187327,CC1(C)C[C@@](O)(CC(=O)O)c2cc(ccc2O1)[N+](=O)[O-],CHEMBL67264,IC50,6.4
1187338,CN(C)S(=O)(=O)c1ccc2Oc3ccc(cc3C(=O)c2c1)C(=O)O,CHEMBL282245,Ki,6.4
1187349,CN1C(=O)Nc2cccc(C)c2C13NC(=O)NC3=O,CHEMBL63812,IC50,6.4
1187709,C[C@@H]1C[C@@](O)(CC(=O)O)c2cc(Cl)c3ccccc3c2O1,CHEMBL421111,IC50,6.4
1187720,Oc1cc(OCC(=O)OCc2ccc(OCc3c(no[n+]3[O-])c4ccccc4)cc2)cc5OC(=CC(=O)c15)c6ccccc6,CHEMBL1668046,IC50,6.4
1187731,Oc1ccc(\C=C\C(=O)OCc2ccccc2)cc1O,CHEMBL133714,IC50,6.4
1187742,CC(C)CN1C(=O)N(C)C2(NC(=O)NC2=O)c3ccccc13,CHEMBL66192,IC50,6.41
1187753,Oc1c(F)cc(cc1F)n2ccc(c2)C(=O)c3ccccc3,CHEMBL1673027,IC50,6.41
1187764,Oc1ccc(nn1)S(=O)(=O)c2cccc(F)c2F,CHEMBL198004,IC50,6.41
1187775,CC(C)S(=O)(=O)c1ccc(Cl)cc1C2NC(=O)NC2=O,CHEMBL18865,IC50,6.42
1187786,CCOC(=O)C1=C(O)C(=O)N(Cc2cccs2)C1,CHEMBL6944,IC50,6.42
1187797,Oc1ccc(nn1)S(=O)(=O)c2ccc(Cl)cc2,CHEMBL425745,IC50,6.42
1187808,C[S+]([O-])c1ccc(\C=C/2\C(=C(CC(=O)O)c3cc(F)ccc23)C)cc1,CHEMBL15770,IC50,6.43
1187818,CC(C)(C)[C@@H]1C[C@@](O)(CC(=O)O)c2cc(F)ccc2O1,CHEMBL304798,IC50,6.44
1187829,COc1ccc2c(NC(=O)N(C)C23NC(=O)NC3=O)c1,CHEMBL293475,IC50,6.44
1187840,Oc1ccc(nn1)S(=O)(=O)c2ccc(cc2)C(F)(F)F,CHEMBL372861,IC50,6.44
1187851,Oc1ccc(nn1)S(=O)(=O)c2ccc3ccccc3c2,CHEMBL369911,IC50,6.44
1187862,C[C@@H]1C[C@@](O)(CC(=O)O)c2cc(F)c(F)cc2O1,CHEMBL71820,IC50,6.46
1187873,O.OC(=O)CC1=NN(Cc2nc3c(ccc4ccccc34)s2)C(=O)c5ccc(Cl)cc15,CHEMBL2079662,IC50,6.46
1187884,OC(=O)Cn1c2C(=S)N(Cc3ccccc3)CCc2c4cc(Cl)ccc14,CHEMBL1944853,IC50,6.46
1187895,Oc1ccc(nn1)S(=O)(=O)c2ccc(Br)cc2,CHEMBL413566,IC50,6.46
1187906,OC(=O)CC1=NN(Cc2nc3cc(ccc3s2)C(F)(F)F)C(=O)C=C1,CHEMBL69183,IC50,6.47
1187917,OC(=O)Cc1ccc2C(=O)c3ccccc3COc2c1,CHEMBL312109,IC50,6.48
1187928,Cc1ccc2nc(CN3N=C(CC(=O)O)c4ccccc4C3=O)sc2c1,CHEMBL418008,IC50,6.5
1187939,Cc1ccc2nc(CN3N=C(CC(=O)O)c4ccccc4C3=O)sc2c1F,CHEMBL20365,IC50,6.5
1187950,OC(=O)Cn1c2C(=S)N(Cc3ccccc3)CCc2c4cc(Br)ccc14,CHEMBL1946965,IC50,6.5
1187961,Oc1ccc(\C=C\C(=O)c2ccc(O)cc2O)cc1,CHEMBL129795,IC50,6.5
1187972,CCOC(=O)C1=C(O)C(=O)N(Cc2ccc(Cl)cc2)C1,CHEMBL7183,IC50,6.51
1187983,CN1C(=O)Nc2ccccc2[C@@]13NC(=O)NC3=O,CHEMBL293869,IC50,6.51
1187994,COc1c(c(C)cc2c(C(C)C)c(O)c(O)c(C=O)c12)c3c(C)cc4c(C(C)C)c(O)c(O)c(C=O)c4c3OC,CHEMBL114289,Ki,6.51
1188005,C[C@@H]1C[C@@](O)(CC(=O)O)c2cc(F)ccc2O1,CHEMBL71701,IC50,6.51
1188016,CCOC(=O)C1=C(O)C(=O)N(C1)C2c3ccccc3c4ccccc24,CHEMBL7224,IC50,6.52
1188026,OC(=O)CC1=NN(Cc2nc3c(ccc4ccccc34)s2)C(=O)c5ccc(Cl)cc15,CHEMBL279275,IC50,6.52
1188037,O[C@@H]1C[C@](O)(C[C@@H](OC(=O)\C=C\c2ccc(O)c(O)c2)[C@@H]1O)C(=O)O,CHEMBL284616,IC50,6.52
1188048,CC1=C(C)C(=NN(Cc2ccc(Br)cc2F)C1=O)CC(=O)O,CHEMBL68586,IC50,6.54
1188059,CN1C(=O)Nc2ccccc2C13NC(=O)NC3=O,CHEMBL65870,IC50,6.55
146747,COc1ccc(Sc2c(C)n(CC(=O)O)c3ccc(C)cc23)cc1,CHEMBL1917444,IC50,6.55
1188072,O=C1NC(=O)\C(=C\c2cccc(Oc3ccccc3)c2)\S1,CHEMBL1645384,IC50,6.55
1188082,OC(=O)CN1C(=O)S\C(=C/c2ccc(OCc3ccccc3)cc2)\C1=O,CHEMBL1645382,IC50,6.55
1188093,Oc1ccc(nn1)S(=O)(=O)c2ccc(F)cc2Cl,CHEMBL73491,IC50,6.55
1188104,Cc1cc(Cl)cc(C2NC(=O)NC2=O)c1S(=O)(=O)C,CHEMBL19502,IC50,6.57
1188115,Clc1ccc(CS(=O)(=O)c2ccc(Cl)cc2C3NC(=O)NC3=O)cc1,CHEMBL19649,IC50,6.57
1188126,CCOC(=O)C1=C(O)C(=O)N(Cc2ccccc2)C1,CHEMBL269550,IC50,6.59
1188137,CN1C(=O)Nc2c(cc(cc2C13NC(=O)NC3=O)[N+](=O)[O-])[N+](=O)[O-],CHEMBL65731,IC50,6.59
1188148,COC(=O)CN1C(=O)S\C(=C\c2cccc(Oc3ccccc3)c2)\C1=O,CHEMBL2260152,IC50,6.59
1188158,Oc1ccc(nn1)S(=O)(=O)Cc2cccc(F)c2F,CHEMBL197806,IC50,6.59
1188169,CCCS(=O)(=O)c1ccc(Cl)cc1C2NC(=O)NC2=O,CHEMBL443492,IC50,6.6
1188180,C[S+]([O-])c1ccc(Cl)cc1C2NC(=O)NC2=O,CHEMBL279274,IC50,6.6
1188191,OC(=O)CC1=NN(Cc2cc3cc(Cl)ccc3s2)C(=O)c4ccccc14,CHEMBL141135,IC50,6.6
1188202,CCOC(=O)C1=C(O)C(=O)N(Cc2ccc(Cl)c(Cl)c2)C1,CHEMBL7415,IC50,6.62
1188213,CCOC(=O)c1ccc2NC(=O)N(C)C3(NC(=O)NC3=O)c2c1,CHEMBL304257,IC50,6.62
1188224,C[C@@H]1C[C@@](O)(CC(=O)O)c2cc(Cl)c(C)cc2O1,CHEMBL69689,IC50,6.62
1188235,OC(=O)CC1=NN(Cc2onc(n2)c3c(F)cccc3Cl)C(=O)c4ccccc14,CHEMBL143241,IC50,6.62
1188246,OC(=O)Cn1c2C(=S)N(Cc3ccccc3)CCc2c4ccc(Cl)cc14,CHEMBL1946966,IC50,6.62
1188257,Oc1ccc(nn1)S(=O)(=O)c2cccc(Cl)c2,CHEMBL197924,IC50,6.62
1188268,CCCCCCS(=O)(=O)c1ccc(Cl)cc1C2NC(=O)NC2=O,CHEMBL18854,IC50,6.64
1188280,COc1ccc2oc(cc2c1)S(=O)(=O)C3=NNC(=O)C=C3,CHEMBL241570,IC50,6.64
1188291,COc1ccc2sc(CN3N=C(CC(=O)O)c4ccccc4C3=O)nc2c1,CHEMBL19873,IC50,6.64
1188302,Fc1ccc(NS(=O)(=O)c2ccc(Cl)cc2C3NC(=O)NC3=O)cc1,CHEMBL274727,IC50,6.64
1188313,OC(=O)Cn1c2C(=S)N(Cc3ccccc3)CCc2c4cc(F)ccc14,CHEMBL1946960,IC50,6.64
1188324,OC(=O)CC1C(=O)N(Cc2ccc(Br)cc2F)C(=O)c3ccc(F)cc13,CHEMBL10350,IC50,6.65
1188335,CN1C(=O)Nc2cc(C)ccc2C13NC(=O)NC3=O,CHEMBL65659,IC50,6.66
1188346,Clc1ccc(CCS(=O)(=O)c2ccc(Cl)cc2C3NC(=O)NC3=O)cc1,CHEMBL19316,IC50,6.66
1188356,OC(=O)CC1=NN(Cc2onc(n2)c3ccccc3C(F)(F)F)C(=O)c4ccccc14,CHEMBL141390,IC50,6.66
1188367,OC(=O)Cn1c2C(=S)N(Cc3ccccc3)CCc2c4ccccc14,CHEMBL1946959,IC50,6.66
1188378,Oc1cc(OCC(=O)OCc2cccc(OCc3c(no[n+]3[O-])c4ccccc4)c2)cc5OC(=CC(=O)c15)c6ccccc6,CHEMBL1668044,IC50,6.66
1188389,CC(C(=O)O)c1cc(O)c2C(=O)c3ccccc3CCc2c1,CHEMBL77692,IC50,6.68
1188400,Oc1ccc(nn1)S(=O)(=O)c2ccccc2Br,CHEMBL74579,IC50,6.68
1188411,CC(C)c1ccc2c(c1)c3CCN(Cc4ccccc4)C(=S)c3n2CC(=O)O,CHEMBL1944856,IC50,6.7
1188422,CCOC(=O)C1=C(O)C(=O)N(Cc2ccncc2)C1,CHEMBL266773,IC50,6.7
1188433,OC(=O)CC1=NN(CC(=O)Nc2cc(ccc2O)C(F)(F)F)C(=O)c3ccccc13,CHEMBL342974,IC50,6.7
1188444,OC(=O)CC1=NN(C\C(=N\c2cc(ccc2Br)C(F)(F)F)\S)C(=O)c3ccccc13,CHEMBL141013,IC50,6.7
1188455,OC(=O)Cn1c2C(=S)N(Cc3ccccc3)CCc2c4cc(O)ccc14,CHEMBL1944861,IC50,6.7
887000,Oc1cc2C(=O)Oc3c(O)c(O)cc4C(=O)Oc(c1O)c2c34,CHEMBL6246,IC50,6.7
1188468,Oc1ccc(nn1)S(=O)(=O)c2cc3cc(Cl)cc(Cl)c3[nH]2,CHEMBL370444,IC50,6.7
1188479,CCCCCNS(=O)(=O)c1ccc(Cl)cc1C2NC(=O)NC2=O,CHEMBL19532,IC50,6.72
1188490,COc1cc2O[C@H](C)C[C@@](O)(CC(=O)O)c2cc1Cl,CHEMBL68992,IC50,6.72
1188501,Cc1c(oc2cc(Cl)ccc12)S(=O)(=O)c3ccc(O)nn3,CHEMBL199100,IC50,6.72
1188512,Fc1cc(Br)ccc1CN2C(=O)c3cccn3[C@]4(CC(=O)NC4=O)C2=O,CHEMBL335776,IC50,6.72
1188523,OC(=O)Cn1c2C(=S)N(Cc3ccccc3)CCc2c4c(Cl)cc(Cl)cc14,CHEMBL1944857,IC50,6.72
1188534,OC(=O)Cn1c2C(=S)N(Cc3ccccc3)CCc2c4cc(I)ccc14,CHEMBL1944854,IC50,6.72
1188545,Oc1ccc(nn1)S(=O)(=O)c2ccc(Cl)cc2Cl,CHEMBL74183,IC50,6.72
1188556,CCS(=O)(=O)c1ccc(Cl)cc1C2NC(=O)NC2=O,CHEMBL19495,IC50,6.75
1188568,C[C@@H]1C[C@@](O)(CC(=O)O)c2cc(Cl)c(Cl)cc2O1,CHEMBL70014,IC50,6.75
1188579,OC(=O)COc1ccccc1C(=O)NCc2ccc(Br)cc2F,CHEMBL241572,IC50,6.75
1188590,Oc1ccc(nn1)S(=O)(=O)c2cc3ccccc3s2,CHEMBL73415,IC50,6.75
1188601,Oc1ccc(nn1)S(=O)(=O)c2cccc(c2)C(F)(F)F,CHEMBL194905,IC50,6.76
1188612,OC(=O)CC1=NN(CC(=O)Nc2cc(F)cc(F)c2O)C(=O)c3ccccc13,CHEMBL143863,IC50,6.77
1188623,OC(=O)CC1=NN(Cc2nc3c(Cl)cc(Cl)cc3s2)C(=O)c4ccccc14,CHEMBL20575,IC50,6.77
1188634,OC(=O)Cn1c2C(=S)N(Cc3ccccc3)CCc2c4cc(ccc14)C(=O)O,CHEMBL1944862,IC50,6.77
1188645,Oc1ccc(nn1)S(=O)(=O)c2ccccc2Cl,CHEMBL72699,IC50,6.77
1188656,CC(C(=O)O)n1cc(Cc2nc3c(F)c(F)cc(F)c3s2)c4ccccc14,CHEMBL193307,IC50,6.79
1188667,Cc1ccc2sc(cc2c1)S(=O)(=O)c3ccc(O)nn3,CHEMBL197841,IC50,6.8
1188678,OC(=O)CC1=NN(Cc2onc(n2)c3ccccc3)C(=O)c4ccccc14,CHEMBL143231,IC50,6.8
1188689,OC(=O)CC1=NN(Cc2onc(n2)c3ccccn3)C(=O)c4ccccc14,CHEMBL357206,IC50,6.81
1188701,CC(C)c1c(O)c(O)c2C(=O)Oc3c(c(C)cc1c23)c4c(C)cc5c(C(C)C)c(O)c(O)c6C(=O)Oc4c56,CHEMBL110030,Ki,6.82
141723,CN1C(=O)N(Cc2cc(Cl)ccc2F)C(=O)[C@]13C(=O)N(CC(=O)O)c4ccc(Cl)cc34,CHEMBL2042239,IC50,6.82
1188714,COc1ccc2c(c1)c3CCN(Cc4ccccc4)C(=S)c3n2CC(=O)O,CHEMBL1944855,IC50,6.82
1188725,C[C@@H]1O[C@@H](OC2=C(Oc3cc(O)cc(O)c3C2=O)c4ccc(O)c(O)c4)[C@H](O)[C@H](O)[C@H]1O,CHEMBL82242,IC50,6.82
1188736,NS(=O)(=O)c1ccc(Cl)cc1C2NC(=O)NC2=O,CHEMBL279878,IC50,6.82
1188748,O=C1NN=C(C=C1)S(=O)(=O)c2oc3ccccc3c2,CHEMBL241777,IC50,6.82
1188759,OC(=O)CC1=NN(Cc2cc3cc(F)ccc3s2)C(=O)c4ccccc14,CHEMBL357460,IC50,6.82
1188770,OC(=O)CC1=NN(Cc2oc3ccc(Cl)cc3c2)C(=O)c4ccccc14,CHEMBL143551,IC50,6.82
1188781,OC(=O)CN1C(=O)S\C(=C/c2ccc(O)cc2)\C1=O,CHEMBL486917,IC50,6.82
1188792,Oc1ccc(nn1)S(=O)(=O)c2cccc3ccccc23,CHEMBL194582,IC50,6.82
1188803,Oc1cccc(\C=C/2\SC(=O)NC2=O)c1,CHEMBL2260155,IC50,6.82
1188813,Fc1ccc2C(=O)N(Cc3nc4cc(ccc4s3)C(F)(F)F)C(=O)C5(CC(=O)NC5=O)c2c1,CHEMBL10552,IC50,6.84
1188824,CN1C(=O)Nc2c(F)c(F)c(F)cc2C13NC(=O)NC3=O,CHEMBL63640,IC50,6.85
1188835,Cc1c(oc2ccccc12)S(=O)(=O)c3ccc(O)nn3,CHEMBL198331,IC50,6.85
1188846,Fc1ccc(CN2CC3(NC(=O)NC3=O)c4cc(F)ccc24)cc1,CHEMBL281620,IC50,6.85
1188857,OC(=O)\C=C\c1ccc(O)cc1,CHEMBL66879,IC50,6.85
1188867,Oc1ccc(nn1)S(=O)(=O)c2ccc(Br)cc2F,CHEMBL307279,IC50,6.85
1188878,CN1C(=O)Nc2c(N)cc(Cl)cc2C13NC(=O)NC3=O,CHEMBL65181,IC50,6.89
1188889,CNS(=O)(=O)c1ccc(Cl)cc1C2NC(=O)NC2=O,CHEMBL19744,IC50,6.89
1188900,C[C@@H]1C[C@@](O)(CC(=O)O)c2cc(C#N)c(F)cc2O1,CHEMBL441254,IC50,6.89
1188911,OC(=O)CN1C(=O)S\C(=C/c2cccc(Oc3ccccc3)c2)\C1=O,CHEMBL1645380,IC50,6.89
1188922,OC(=O)CN1C(=O)S\C(=C\c2cccc(c2)[N+](=O)[O-])\C1=O,CHEMBL2260162,IC50,6.89
1188932,OC(=O)Cn1cc(Cc2nc3cc(ccc3s2)C(F)(F)F)c4cc(Cl)ccc14,CHEMBL371122,IC50,6.89
1188943,CN1C(=O)Nc2cc(Cl)c(cc2C13NC(=O)NC3=O)[N+](=O)[O-],CHEMBL66637,IC50,6.92
1188954,C[C@@H]1C[C@@](O)(CC(=O)O)c2cc(F)c(Br)cc2O1,CHEMBL68963,IC50,6.92
1188964,OC(=O)CC1=NN(Cc2cc3ccccc3s2)C(=O)c4ccccc14,CHEMBL342339,IC50,6.92
1188975,OC(=O)CC1=NN(Cc2nc3cc(c(O)cc3s2)C(F)(F)F)C(=O)c4ccccc14,CHEMBL20884,IC50,6.92
1188986,Oc1ccc(nn1)S(=O)(=O)Cc2ccccc2Cl,CHEMBL373040,IC50,6.93
139546,COc1cccc(c1)S(=O)(=O)c2c(C)n(CC(=O)O)c3ccc(C)cc23,CHEMBL1917448,IC50,6.94
1188999,CC(C)c1ccc2C(=NN(Cc3nc4ccccc4s3)C(=O)c2c1)CC(=O)O,CHEMBL282435,IC50,6.96
1189010,CC(C)c1ccc2C(=O)N(Cc3nc4ccccc4s3)N=C(CC(=O)O)c2c1,CHEMBL277928,IC50,6.96
1189021,C[C@@H]1C[C@@](O)(CC(=O)O)c2cc(c(Cl)cc2O1)[N+](=O)[O-],CHEMBL303474,IC50,6.96
1189032,OC(=O)CC1=NN(Cc2cc3c(Cl)cccc3s2)C(=O)c4ccccc14,CHEMBL142879,IC50,6.96
1189043,OC(=O)CC1=NN(Cc2nc3cc(Cl)c(F)cc3s2)C(=O)c4ccccc14,CHEMBL20253,IC50,6.96
1189054,OC(=O)Cc1nn(Cc2nc3cc(F)cc(F)c3s2)c4ccc(Cl)cc14,CHEMBL419254,IC50,6.96
1189065,Cc1ccccc1CC(=O)Nc2cc(C)c(c(C)c2)S(=O)(=O)NCC(=O)O,CHEMBL240719,IC50,6.97
1189076,CCc1cc2O[C@H](C)C[C@@](O)(CC(=O)O)c2cc1Cl,CHEMBL305985,IC50,7.0
1189087,CN1C(=O)Nc2ccc(F)cc2C13NC(=O)NC3=O,CHEMBL66588,IC50,7.0
1189098,COc1cccc2sc(CN3N=C(CC(=O)O)c4ccccc4C3=O)nc12,CHEMBL19373,IC50,7.0
1189111,Cc1ccc2c(c1)c(Cc3nc4cc(ccc4s3)C(F)(F)F)cn2CC(=O)O,CHEMBL192453,IC50,7.0
1189122,Clc1ccc(c(c1)C2NC(=O)NC2=O)S(=O)(=O)NCCCc3ccccc3,CHEMBL19711,IC50,7.0
1189133,OC(=O)CC1=NN(Cc2nc3c(Cl)c(Cl)ccc3s2)C(=O)c4ccccc14,CHEMBL283364,IC50,7.0
1189144,OC(=O)CC1=NN(Cc2nc3c(O)cccc3s2)C(=O)c4ccccc14,CHEMBL20441,IC50,7.0
1189155,OC(=O)CC1=NN(Cc2nc3cc(F)cc(c3s2)C(F)(F)F)C(=O)c4ccccc14,CHEMBL20115,IC50,7.0
1189166,OC(=O)Cc1nn(Cc2oc3ccccc3n2)c4ccc(Cl)cc14,CHEMBL69907,IC50,7.0
1189177,OC(=O)Cn1c(c(Cc2nc3c(F)c(F)cc(F)c3s2)c4ccccc14)c5ccccc5,CHEMBL364699,IC50,7.0
1189188,OC(=O)Cn1cc(Cc2nc3cc(ccc3s2)C(F)(F)F)c4ccccc14,CHEMBL410917,IC50,7.0
1189199,CN1C(=O)Nc2cc(Cl)ccc2C13NC(=O)NC3=O,CHEMBL291854,IC50,7.03
1189210,OC(=O)CC1=NN(Cc2nc3cc(cc(Cl)c3s2)C(F)(F)F)C(=O)c4ccccc14,CHEMBL19893,IC50,7.03
1189221,CC(C)c1c(oc2ccc(Cl)cc12)S(=O)(=O)c3ccc(O)nn3,CHEMBL372193,IC50,7.04
1189232,C[C@@H]1C[C@@](O)(CC(=O)O)c2cc(c(C)cc2O1)[N+](=O)[O-],CHEMBL302804,IC50,7.05
1189243,OC(=O)CC1=NN(Cc2oc3ccccc3n2)C(=O)c4ccccc14,CHEMBL142274,IC50,7.05
1189255,Clc1cc(Cl)c2oc(cc2c1)S(=O)(=O)C3=NNC(=O)C=C3,CHEMBL239440,IC50,7.06
1189266,OC(=O)CC1=NN(Cc2nc3cc(O)cc(O)c3s2)C(=O)c4ccccc14,CHEMBL21136,IC50,7.06
1189277,O[C@@H]1[C@@H](C[C@](O)(C[C@H]1OC(=O)\C=C\c2ccc(O)c(O)c2)C(=O)O)OC(=O)\C=C\c3ccc(O)c(O)c3,CHEMBL249447,IC50,7.06
1189288,OC(=O)CC1=NN(CSc2nc3ccccc3s2)C(=O)c4ccccc14,CHEMBL281407,IC50,7.09
1189302,OC(=O)CC1=NN(Cc2nc3cc(ccc3s2)C(F)(F)F)C(=O)c4ccccc14,CHEMBL10372,IC50,7.09
1189313,C[C@@H]1C[C@@](O)(CC(=O)O)c2cc(ccc2O1)[N+](=O)[O-],CHEMBL69546,IC50,7.1
1189324,CN1C(=O)c2ccc(Cl)cc2C3(CC(=O)NC3=O)C1=O,CHEMBL10382,IC50,7.11
1189335,OC(=O)CC1=NN(Cc2oc3ccc(Cl)cc3n2)C(=O)c4ccccc14,CHEMBL143211,IC50,7.11
1189346,O[C@@H]1C[C@](O)(C[C@@H](OC(=O)\C=C\c2ccc(O)c(O)c2)[C@@H]1OC(=O)\C=C\c3ccc(O)c(O)c3)C(=O)O,CHEMBL249448,IC50,7.11
1189357,OC(=O)CC1=NN(Cc2nc3ccc(Cl)cc3s2)C(=O)c4ccccc14,CHEMBL20581,IC50,7.12
1189368,CN1C(=O)Nc2cc(Cl)c(Cl)cc2C13NC(=O)NC3=O,CHEMBL303362,IC50,7.13
1189379,CN1C(=O)Nc2ccc(cc2C13NC(=O)NC3=O)[N+](=O)[O-],CHEMBL63429,IC50,7.14
1189390,CN1C(=O)c2ccc(F)cc2C3(CC(=O)NC3=O)C1=O,CHEMBL10615,IC50,7.14
1189401,COc1c(Cl)cc2c(NC(=O)N(C)C23NC(=O)NC3=O)c1Cl,CHEMBL292998,IC50,7.14
1189414,Fc1ccc2C(=O)N(Cc3ccc(Br)cc3F)C(=O)C4(CC(=O)NC4=O)c2c1,CHEMBL273910,IC50,7.14
1189425,Fc1ccc2C(=O)N(Cc3ccc(Br)cc3F)C(=O)[C@]4(CC(=O)NC4=O)c2c1,CHEMBL292963,IC50,7.14
1189436,Oc1ccc(nn1)S(=O)(=O)Cc2cccc(c2)C(F)(F)F,CHEMBL433987,IC50,7.14
1189447,Oc1ccc(nn1)S(=O)(=O)c2cc(Cl)ccc2Cl,CHEMBL371901,IC50,7.14
1189458,C[C@@H]1C[C@@](O)(CC(=O)O)c2cc(Cl)c(Br)cc2O1,CHEMBL304302,IC50,7.16
1189469,C[C@@H]1C[C@@](O)(CC(=O)O)c2cc(c(F)cc2O1)[N+](=O)[O-],CHEMBL69769,IC50,7.16
1189480,C[C@@H]1C[C@@](O)(CC(=O)O)c2ccc(cc2O1)C(=O)O,CHEMBL70190,IC50,7.16
1189492,OC(=O)CC1=NN(Cc2nc3ccc(cc3s2)C(F)(F)F)C(=O)c4ccccc14,CHEMBL20740,IC50,7.16
1189503,OC(=O)CC1=NN(Cc2nc3cc(F)c(F)cc3s2)C(=O)c4ccccc14,CHEMBL20306,IC50,7.17
1189516,OC(=O)CC1=NN(Cc2ccc(Br)cc2F)C(=O)c3ccccc13,CHEMBL7679,IC50,7.18
1189527,CN1C(=O)Nc2ccc(F)cc2[C@@]13NC(=O)NC3=O,CHEMBL63778,IC50,7.19
1189538,OC(=O)Cc1nn(Cc2nc3cc(Br)ccc3s2)c4ccc(Cl)cc14,CHEMBL421487,IC50,7.19
146446,Cc1c(c2c(NS(=O)(=O)C)cccc2n1CC(=O)O)S(=O)(=O)c3ccc(Cl)cc3,CHEMBL1917450,IC50,7.2
1189551,CSc1ccc2sc(CN3N=C(CC(=O)O)c4ccccc4C3=O)nc2c1,CHEMBL418007,IC50,7.22
1189562,C[C@@H]1C[C@@](O)(CC(=O)O)c2cc(Cl)c(OCc3ccccc3)cc2O1,CHEMBL69938,IC50,7.22
1189574,C[C@@H]1C[C@@](O)(CC(=O)O)c2cc(F)c(Cl)cc2O1,CHEMBL303218,IC50,7.22
1189585,COc1cc2NC(=O)N(C)C3(NC(=O)NC3=O)c2cc1Cl,CHEMBL65385,IC50,7.23
1189596,OC(=O)Cc1nn(Cc2nc3ccccc3s2)c4ccc(Cl)cc14,CHEMBL67591,IC50,7.24
1189607,OC(=O)Cn1c2ccccc2c3nnc(S)nc13,CHEMBL1405739,IC50,7.24
1189618,CN1C(=O)Nc2ccc(Cl)cc2C13NC(=O)NC3=O,CHEMBL65372,IC50,7.25
1189629,Cc1c(sc2ccc(Cl)cc12)S(=O)(=O)c3ccc(O)nn3,CHEMBL371914,IC50,7.26
1189640,Fc1ccc2c3ccc(F)cc3C4(NC(=O)NC4=O)c2c1,CHEMBL269455,IC50,7.26
1189651,OC(=O)Cn1cc(Cc2nc3cccc(F)c3s2)c4ccccc14,CHEMBL364313,IC50,7.26
1189662,Oc1ccc(nn1)S(=O)(=O)c2cccc(Cl)c2Cl,CHEMBL198764,IC50,7.26
1189673,Oc1ccc(nn1)S(=O)(=O)Cc2cccc(Cl)c2F,CHEMBL198250,IC50,7.27
1189684,CN1C(=O)Nc2ccc(Br)cc2C13NC(=O)NC3=O,CHEMBL303058,IC50,7.28
1189695,OC(=O)CC1=NN(C\C(=N\c2cccc(c2)C(F)(F)F)\S)C(=O)c3ccccc13,CHEMBL140750,IC50,7.28
1189706,OC(=O)Cn1cc(Cc2nc3c(F)c(F)cc(F)c3s2)c4cc(ccc14)c5ccccc5,CHEMBL192182,IC50,7.28
1189717,OC(=O)Cn1cc(Cc2nc3cc(ccc3s2)C(F)(F)F)c4ccc(Br)cc14,CHEMBL191570,IC50,7.28
1189728,Oc1ccc(nn1)S(=O)(=O)Cc2c(Cl)cccc2Cl,CHEMBL372641,IC50,7.28
1189739,CCCCCS(=O)(=O)c1ccc(Cl)cc1C2NC(=O)NC2=O,CHEMBL19427,IC50,7.3
1189750,CS(=O)(=O)c1ccc(Cl)cc1C2NC(=O)NC2=O,CHEMBL277520,IC50,7.3
1189761,OC(=O)CC1=NN(C\C(=N\c2cccc(Cl)c2)\S)C(=O)c3ccccc13,CHEMBL140012,IC50,7.3
1189772,Oc1ccc(nn1)S(=O)(=O)c2c(Cl)cccc2Cl,CHEMBL197712,IC50,7.3
1189783,Oc1ccc(nn1)S(=O)(=O)c2oc3ccccc3c2c4ccc(F)cc4,CHEMBL372136,IC50,7.31
1189794,CN1C(=O)Nc2c(cc(Cl)cc2C13NC(=O)NC3=O)[N+](=O)[O-],CHEMBL66476,IC50,7.34
1189805,OC(=O)CC1=NN(Cc2nc3ccccc3s2)C(=O)c4cc5ccccc5cc14,CHEMBL69537,IC50,7.34
1189816,OC(=O)CC1=NN(Cc2nc3ccccc3s2)C(=O)c4ccc(cc14)[N+](=O)[O-],CHEMBL278522,IC50,7.34
1189828,OC(=O)CN1C(=O)N(Cc2ccc(Br)cc2F)C(=O)c3ccc(Cl)cc13,CHEMBL10413,IC50,7.36
1189839,Oc1ccc(nn1)S(=O)(=O)Cc2cccc(c2F)C(F)(F)F,CHEMBL446704,IC50,7.36
1189850,CC(N1N=C(CC(=O)O)c2ccccc2C1=O)c3nc4ccccc4s3,CHEMBL282017,IC50,7.37
1189861,CN1C(=O)Nc2c(F)cccc2C13NC(=O)NC3=O,CHEMBL303779,IC50,7.38
1189872,Cc1cccc2C(=NN(Cc3nc4c(ccc5ccccc45)s3)C(=O)c12)CC(=O)O,CHEMBL20304,IC50,7.38
1189883,OC(=O)CC1=NN(Cc2nc3cc(O)ccc3s2)C(=O)c4ccccc14,CHEMBL417643,IC50,7.39
1189894,OC(=O)CC1=NN(Cc2nc3cc(ccc3s2)C(F)(F)F)C(=O)c4cccnc14,CHEMBL309132,IC50,7.39
1189905,COC(=O)CN1C(=O)S\C(=C\c2ccc(O)cc2)\C1=O,CHEMBL2260157,IC50,7.41
1189915,CC(N1N=C(CC(=O)O)c2ccccc2C1=O)c3nc4cc(ccc4s3)C(F)(F)F,CHEMBL283151,IC50,7.43
1189926,CN1C(=O)Nc2c(Cl)cc(Cl)cc2C13NC(=O)NC3=O,CHEMBL416870,IC50,7.43
1189937,Clc1ccc2N(Cc3nc4ccccc4s3)CC5(NC(=O)NC5=O)c2c1,CHEMBL20685,IC50,7.43
1189948,OC(=O)CC1=NN(Cc2cn3ccc(Cl)cc3n2)C(=O)c4ccccc14,CHEMBL344526,IC50,7.43
1189959,COc1ccc(OC)c(c1)\N=C\2/Oc3cc(O)ccc3C=C2C(=O)Nc4ccccn4,CHEMBL1169756,IC50,7.44
1189973,NC(=O)[C@@H]1C[C@]2(NC(=O)NC2=O)c3cc(F)ccc3O1,CHEMBL84446,IC50,7.46
1189984,OC(=O)COc1cc(Cl)ccc1C(=O)NCc2nc3cc(ccc3s2)C(F)(F)F,CHEMBL240720,IC50,7.46
1189995,OC(=O)Cc1nn(Cc2nc3cc(ccc3s2)C(F)(F)F)c4ccc(Cl)cc14,CHEMBL68705,IC50,7.46
1190006,Oc1ccc(nn1)S(=O)(=O)Cc2cccc(Cl)c2Cl,CHEMBL197805,IC50,7.46
1190017,COc1ccc(cc1OC)\N=C\2/Oc3cc(O)ccc3C=C2C(=O)Nc4cccc(C)n4,CHEMBL1169757,IC50,7.47
1190028,OC(=O)CC1=NN(Cc2nc(cs2)c3ccccc3)C(=O)c4ccccc14,CHEMBL140199,IC50,7.47
1190039,OC(=O)CC1=NN(Cc2nc3ccccc3s2)C(=O)c4ccc(Cl)cc14,CHEMBL20005,IC50,7.47
1190050,OC(=O)Cn1cc(Cc2nc3c(F)cccc3s2)c4ccccc14,CHEMBL372902,IC50,7.47
1190061,Oc1ccc(nn1)S(=O)(=O)c2oc3ccc(Cl)cc3c2c4ccccc4,CHEMBL425920,IC50,7.47
1190072,Oc1ccc2C=C(C(=O)Nc3ccccn3)\C(=N\c4ccccc4)\Oc2c1,CHEMBL2440428,IC50,7.47
1190083,OC(=O)CC1=NN(Cc2nc3ccccc3s2)C(=O)c4cc(ccc14)[N+](=O)[O-],CHEMBL20116,IC50,7.48
1190094,OC(=O)Cc1nn(Cc2nc3cc(ccc3s2)C(F)(F)F)c4ccccc14,CHEMBL306244,IC50,7.48
1190105,OC(=O)CC1=NN(Cc2ccc(Br)cc2F)C(=O)C3=C1CCCC3,CHEMBL66006,IC50,7.5
1190116,OC(=O)CC1=NN(Cc2oc3c(Cl)cc(Cl)cc3n2)C(=O)c4ccccc14,CHEMBL142790,IC50,7.5
1190127,OC(=O)CC1=NN(Cc2oc3ccc(cc3n2)C(F)(F)F)C(=O)c4ccccc14,CHEMBL142989,IC50,7.51
1190138,CN1C(=O)Nc2cc(C)c(Cl)cc2C13NC(=O)NC3=O,CHEMBL63974,IC50,7.52
1190149,Clc1ccc(c(c1)C2NC(=O)NC2=O)S(=O)(=O)NCc3ccccc3,CHEMBL19187,IC50,7.52
1190160,OC(=O)CC1=NN(Cc2nc3ccccc3s2)C(=O)c4c(F)cccc14,CHEMBL20440,IC50,7.52
1190172,OC(=O)COc1cc(F)ccc1C(=S)NCc2ccc(Br)cc2F,CHEMBL395347,IC50,7.52
1190183,OC(=O)Cc1nn(Cc2nc3cc(F)cc(F)c3s2)c4ccccc14,CHEMBL308216,IC50,7.52
1190194,OC(=O)Cn1cc(Cc2nc3c(F)c(F)cc(F)c3s2)c4cc(Oc5ccccc5)ccc14,CHEMBL363850,IC50,7.52
1190205,COc1ccc(cc1)\N=C\2/Oc3cc(O)ccc3C=C2C(=O)NCCCO,CHEMBL2440416,IC50,7.54
1190216,OC(=O)COc1cc(F)ccc1C(=O)NCc2nc3cc(ccc3s2)C(F)(F)F,CHEMBL240721,IC50,7.54
1190227,CCCCNC(=O)C1=Cc2ccc(O)cc2O/C/1=N\c3ccc(OC)cc3,CHEMBL2440412,IC50,7.55
1190238,COc1ccc(cc1)\N=C\2/Oc3cc(O)ccc3C=C2C(=O)NCC(C)C,CHEMBL2440413,IC50,7.55
1190249,COc1ccc2C(=O)N(Cc3nc4ccccc4s3)N=C(CC(=O)O)c2c1,CHEMBL19759,IC50,7.55
1190260,OC(=O)CC1=NN(CC(=O)Nc2cc(ccc2Br)C(F)(F)F)C(=O)c3ccccc13,CHEMBL142599,IC50,7.55
1190271,OC(=O)CC1=NN(Cc2noc(n2)c3ccccc3Cl)C(=O)c4ccccc14,CHEMBL2111988,IC50,7.55
1190282,COc1ccc(cc1)\N=C\2/Oc3cc(O)ccc3C=C2C(=O)NC4CCCCC4,CHEMBL2440414,IC50,7.57
1190293,Cc1ccc2C(=O)N(Cc3nc4ccccc4s3)N=C(CC(=O)O)c2c1,CHEMBL284018,IC50,7.57
1190304,OC(=O)CC1=NN(Cc2oc3ccc(Br)cc3n2)C(=O)c4ccccc14,CHEMBL358792,IC50,7.57
1190315,CC(N1N=C(CC(=O)O)c2ccccc2C1=O)c3nc4cc(Cl)ccc4s3,CHEMBL20009,IC50,7.59
1190326,COc1ccc2C(=NN(Cc3nc4ccccc4s3)C(=O)c2c1)CC(=O)O,CHEMBL19906,IC50,7.59
1190337,Cc1ccc(cc1)\N=C\2/Oc3cc(O)ccc3C=C2C(=O)Nc4ccccn4,CHEMBL2440424,IC50,7.59
1190348,Cc1ccc2sc(CN3N=C(CC(=O)O)c4ccccc4C3=O)nc2c1,CHEMBL19966,IC50,7.59
1190359,OC(=O)CC1=NN(Cc2nc3cc(F)cc(F)c3s2)C(=O)c4cccnc14,CHEMBL305064,IC50,7.59
1190370,OC(=O)CC1=NN(Cc2nc3ccc(Br)cc3s2)C(=O)c4ccccc14,CHEMBL20004,IC50,7.59
1190381,Oc1ccc(nn1)S(=O)(=O)Cc2c(F)cccc2Cl,CHEMBL371307,IC50,7.59
1190392,C[C@@H]1C[C@]2(NC(=O)NC2=O)c3cc(Cl)cnc3O1,CHEMBL56453,IC50,7.6
1190404,Clc1ccc2oc(cc2c1)S(=O)(=O)C3=NNC(=O)C=C3,CHEMBL240722,IC50,7.6
1190415,OC(=O)CC1=NN(Cc2nc3c(cccc3s2)C(F)(F)F)C(=O)c4ccccc14,CHEMBL280168,IC50,7.6
1190426,OC(=O)Cn1cc(Cc2nc3c(F)c(F)cc(F)c3s2)c4ccc(cc14)c5ccccc5,CHEMBL195065,IC50,7.6
1190437,Oc1ccc2C=C(C(=O)Nc3ccccn3)\C(=N\c4ccc(Br)cc4)\Oc2c1,CHEMBL2440425,IC50,7.6
1190448,COc1ccc(cc1)\N=C\2/Oc3cc(O)ccc3C=C2C(=O)NCc4ccccc4,CHEMBL2440417,IC50,7.62
1190459,Oc1ccc(cc1)\N=C\2/Oc3cc(O)ccc3C=C2C(=O)Nc4ccccn4,CHEMBL2440422,IC50,7.62
1190469,OC(=O)CC1=NN(Cc2onc(n2)c3ccccc3Cl)C(=O)c4ccccc14,CHEMBL345068,IC50,7.64
1190480,Oc1ccc(nn1)S(=O)(=O)c2oc3ccccc3c2c4ccccc4,CHEMBL197878,IC50,7.64
1190491,CN1C(=O)Nc2ccc(Cl)cc2[C@@]13NC(=O)NC3=O,CHEMBL292723,IC50,7.66
1190502,OC(=O)CC1=NN(CC(=O)Nc2cccc(F)c2)C(=O)c3ccccc13,CHEMBL139666,IC50,7.66
1190513,COc1ccc(\N=C\2/Oc3cc(O)ccc3C=C2C(=O)Nc4ccccn4)c(OC)c1,CHEMBL1171546,IC50,7.68
1190524,COc1ccc(cc1)\N=C\2/Oc3cc(O)ccc3C=C2C(=O)NCCO,CHEMBL2440415,IC50,7.7
1190535,OC(=O)CC1=NN(Cc2nc3c(Cl)ccc(Cl)c3s2)C(=O)c4ccccc14,CHEMBL282263,IC50,7.7
1190546,OC(=O)Cc1ccc(cc1)\N=C\2/Oc3cc(O)ccc3C=C2C(=O)Nc4ccccn4,CHEMBL2440427,IC50,7.7
1190557,Oc1ccc(\C=C\2/SC(=O)NC2=O)cc1,CHEMBL87706,IC50,7.7
1190567,Fc1cc(Br)ccc1CN2C(=O)c3ccccc3C4(CC(=O)NC4=O)C2=O,CHEMBL62685,IC50,7.71
1190578,OC(=O)CC1=NN(CC(=O)Nc2cccc(c2)C(F)(F)F)C(=O)c3ccccc13,CHEMBL344057,IC50,7.72
1190589,OC(=O)CC1=NN(Cc2nc3ccccc3s2)C(=O)c4ccccc14,CHEMBL21091,IC50,7.72
1190600,OC(=O)CC1=NN(Cc2onc(n2)c3cccc(F)c3F)C(=O)c4ccccc14,CHEMBL143098,IC50,7.72
1190611,OC(=O)c1ccc(cc1)\N=C\2/Oc3cc(O)ccc3C=C2C(=O)Nc4ccccn4,CHEMBL2440423,IC50,7.72
1190622,CC1=CC(=O)N(Cc2nc3cc(ccc3s2)C(F)(F)F)N=C1CC(=O)O,CHEMBL303210,IC50,7.75
1190633,OC(=O)CC1=NN(Cc2nc3ccccc3s2)C(=O)c4ccc(cc14)C(F)(F)F,CHEMBL283787,IC50,7.75
1190644,OC(=O)CC1=NN(Cc2nc3cc(cc(F)c3s2)C(F)(F)F)C(=O)c4ccccc14,CHEMBL19701,IC50,7.77
1190655,OC(=O)CCn1cc(Cc2nc3c(F)c(F)cc(F)c3s2)c4ccccc14,CHEMBL193839,IC50,7.77
1190666,CC1=C(C)C(=O)N(Cc2nc3cc(ccc3s2)C(F)(F)F)N=C1CC(=O)O,CHEMBL69350,IC50,7.8
1190677,Fc1cc(Br)ccc1CN2C(=O)c3cccn3[C@@]4(CC(=O)NC4=O)C2=O,CHEMBL334830,IC50,7.82
1190688,OC(=O)CC1=NN(Cc2nc3cccc(Br)c3s2)C(=O)c4ccccc14,CHEMBL21038,IC50,7.82
1190699,OC(=O)CC1=NN(Cc2nc3ccccc3s2)C(=O)c4cc(Cl)ccc14,CHEMBL20796,IC50,7.82
1190710,OC(=O)Cn1cc(Cc2nc3c(F)c(F)cc(F)c3s2)c4ccc(cc14)N5CCOCC5,CHEMBL192762,IC50,7.82
1190723,OC1=C(Oc2cc(O)cc(O)c2C1=O)c3ccc(O)c(O)c3,CHEMBL50,IC50,7.83
1190734,OC(=O)Cn1cc(Cc2nc3c(F)c(F)cc(F)c3s2)c4cccc(Br)c14,CHEMBL193030,IC50,7.85
1190745,O[C@@H]1[C@@H](O)[C@H](COC(=O)\C=C\c2ccc(O)c(O)c2)O[C@H](OC3=C(Oc4cc(O)cc(O)c4C3=O)c5ccc(O)c(O)c5)[C@H]1O,CHEMBL2263318,IC50,7.87
1190755,Cc1ccc2oc(c(C)c2c1)S(=O)(=O)c3ccc(O)nn3,CHEMBL198148,IC50,7.89
1190766,OC(=O)CC1=NN(CC(=O)Nc2cccc(Cl)c2)C(=O)c3ccccc13,CHEMBL143633,IC50,7.89
1190777,OC(=O)Cn1cc(Cc2nc3c(F)c(F)cc(F)c3s2)c4cc(Br)ccc14,CHEMBL192434,IC50,7.89
1190788,OC(=O)CC1=NN(Cc2nc3ccccc3s2)C(=O)c4cc(ccc14)C(F)(F)F,CHEMBL20693,IC50,7.92
1190799,OC(=O)CC1=NN(Cc2nc3ccccc3s2)C(=O)c4ccc(Br)cc14,CHEMBL416370,IC50,7.92
1190810,OC(=O)Cn1cc(Cc2nc3c(F)c(F)cc(F)c3s2)c4cc(OCc5ccccc5)ccc14,CHEMBL192399,IC50,7.92
1190821,Oc1ccc2C=C(C(=O)Nc3ccccn3)\C(=N\c4ccc(I)cc4)\Oc2c1,CHEMBL2440426,IC50,7.92
1190833,COc1ccc(cc1)\N=C\2/Oc3cc(O)ccc3C=C2C(=O)Nc4ccccn4,CHEMBL1172665,IC50,7.96
1190844,OC(=O)COc1cc(F)ccc1C(=O)NCc2nc3c(F)c(F)cc(F)c3s2,CHEMBL399598,IC50,7.96
1190855,OC(=O)Cn1cc(Cc2nc3c(F)c(F)cc(F)c3s2)c4c(Cl)cccc14,CHEMBL193277,IC50,7.96
1190866,OC(=O)Cn1cc(Cc2nc3c(F)c(F)cc(F)c3s2)c4cc(F)ccc14,CHEMBL193254,IC50,7.96
1190877,Cc1ccc2c(Cc3nc4c(F)c(F)cc(F)c4s3)cn(CC(=O)O)c2c1,CHEMBL192927,IC50,8.0
1190888,OC(=O)CC1=NN(Cc2nc3c(F)c(F)ccc3s2)C(=O)c4ccccc14,CHEMBL422927,IC50,8.0
1190899,OC(=O)CC1=NN(Cc2nc3cccc(c3s2)C(F)(F)F)C(=O)c4ccccc14,CHEMBL20220,IC50,8.0
1190910,OC(=O)CC1=NN(Cc2nc3ccccc3s2)C(=O)c4cc(Cl)c(Cl)cc14,CHEMBL19958,IC50,8.0
1190921,OC(=O)CC1=NN(Cc2nc3cccnc3s2)C(=O)c4ccccc14,CHEMBL19289,IC50,8.0
1190932,OC(=O)Cn1cc(Cc2nc3c(F)c(F)cc(F)c3s2)c4cc(Cl)ccc14,CHEMBL192263,IC50,8.0
1190943,OCC(O)C=O,CHEMBL173813,IC50,8.0
1190954,O=C1NC(=O)\C(=C\c2cccc3ccccc23)\S1,CHEMBL1348329,IC50,8.05
1190964,OC(=O)Cn1cc(Cc2nc3c(F)c(F)cc(F)c3s2)c4cccc(Cl)c14,CHEMBL189801,IC50,8.05
1190975,OC(=O)Cn1cc(Cc2nc3cc(F)ccc3s2)c4ccccc14,CHEMBL193569,IC50,8.05
1190986,COc1ccc2c(c1)c(Cc3nc4c(F)c(F)cc(F)c4s3)cn2CC(=O)O,CHEMBL192255,IC50,8.1
1190997,Cc1c(Cc2nc3c(F)c(F)cc(F)c3s2)c4ccccc4n1CC(=O)O,CHEMBL364235,IC50,8.1
1191008,Cc1ccc2c(c1)c(Cc3nc4c(F)c(F)cc(F)c4s3)cn2CC(=O)O,CHEMBL191508,IC50,8.1
1191019,OC(=O)Cn1cc(CCc2nc3c(F)c(F)cc(F)c3s2)c4ccccc14,CHEMBL193155,IC50,8.1
1191030,OC(=O)Cn1cc(Cc2nc3c(F)c(F)cc(F)c3s2)c4cc(ccc14)N5CCOCC5,CHEMBL370478,IC50,8.1
1191041,OC(=O)Cn1cc(Cc2nc3c(F)c(F)cc(F)c3s2)c4ccc(Cl)cc14,CHEMBL371162,IC50,8.1
1191052,OC(=O)CC1=NN(Cc2nc3cc(Cl)ccc3s2)C(=O)c4ccccc14,CHEMBL20197,IC50,8.15
1191063,OC(=O)CC1=NN(Cc2nc3cc(F)ccc3s2)C(=O)c4ccccc14,CHEMBL283996,IC50,8.16
1191074,OC(=O)COc1cc(F)c(cc1C(=O)NCc2cccc(c2)[N+](=O)[O-])C#N,CHEMBL241367,IC50,8.16
1191085,OC(=O)Cn1cc(Cc2nc3c(F)c(F)cc(F)c3s2)c4ccc(F)cc14,CHEMBL371991,IC50,8.16
1191096,OC(=O)Cn1cc(Cc2nc3c(F)c(F)cc(F)c3s2)c4cccc(F)c14,CHEMBL192167,IC50,8.16
1191107,COc1ccc(cc1)\N=C\2/Oc3cc(O)ccc3C=C2C(=O)NC(C)C,CHEMBL2440411,IC50,8.17
1191118,Cc1ccccc1c2noc(CN3N=C(CC(=O)O)c4ccccc4C3=O)n2,CHEMBL422647,IC50,8.19
1191129,OC(=O)CC1=NN(Cc2onc(n2)c3ccccc3Br)C(=O)c4ccccc14,CHEMBL341864,IC50,8.19
1191140,OC(=O)CC1=NN(Cc2nc3cc(F)cc(F)c3s2)C(=O)c4ccccc14,CHEMBL20637,IC50,8.2
1191151,Nc1cccc(\C=C/2\SC(=O)NC2=O)c1,CHEMBL2260160,IC50,8.21
1191161,OC(=O)CC1=NN(Cc2nc3cc(F)cc(Cl)c3s2)C(=O)c4ccccc14,CHEMBL416001,IC50,8.21
1191172,OC(=O)CN1C(=O)S\C(=C\c2cccc3ccccc23)\C1=O,CHEMBL2260154,IC50,8.21
1191182,CCc1c(oc2ccc(Cl)cc12)S(=O)(=O)c3ccc(O)nn3,CHEMBL440567,IC50,8.22
1191193,Cc1cccc2c(Cc3nc4c(F)c(F)cc(F)c4s3)cn(CC(=O)O)c12,CHEMBL192886,IC50,8.22
1191204,OC(=O)COc1cc(Cl)ccc1C(=O)NCc2cccc(c2)[N+](=O)[O-],CHEMBL241577,IC50,8.22
1191215,Cc1cc(C)c2sc(CN3N=C(CC(=O)O)c4ccccc4C3=O)nc2c1,CHEMBL20161,IC50,8.23
1191226,OC(=O)CC1=NN(Cc2nc3cc(ccc3s2)C(F)(F)F)C(=O)C4=C1CCCC4,CHEMBL68580,IC50,8.28
1191237,CC1=C(C)C(=O)N(Cc2nc3cc(F)cc(F)c3s2)N=C1CC(=O)O,CHEMBL73560,IC50,8.3
1191248,COc1ccc2c(Cc3nc4c(F)c(F)cc(F)c4s3)cn(CC(=O)O)c2c1,CHEMBL190931,IC50,8.3
1191259,Cc1c(oc2ccc(cc12)C(F)(F)F)S(=O)(=O)c3ccc(O)nn3,CHEMBL370123,IC50,8.3
1191270,OC(=O)CC1=NN(Cc2nc3c(F)ccc(F)c3s2)C(=O)c4ccccc14,CHEMBL282689,IC50,8.3
1191281,OC(=O)CC1=NN(Cc2nc3cc(Cl)cc(F)c3s2)C(=O)c4ccccc14,CHEMBL20518,IC50,8.3
1191293,OC(=O)Cn1cc(Cc2nc3c(F)c(F)cc(F)c3s2)c4ccccc14,CHEMBL363387,IC50,8.3
1191304,OC(=O)Cc1nn(Cc2nc3cc(F)ccc3s2)c4ccc(Cl)cc14,CHEMBL73505,IC50,8.34
1191315,OC(=O)CN1C(=O)S\C(=C\c2cccc(O)c2)\C1=O,CHEMBL2260156,IC50,8.38
1191325,OC(=O)CC1=NN(Cc2nc3cc(Cl)cc(Cl)c3s2)C(=O)c4ccccc14,CHEMBL278991,IC50,8.4
1191336,OC(=O)CC1=NN(Cc2nc3cc(F)cc(F)c3s2)C(=O)C4=C1CCCC4,CHEMBL304995,IC50,8.4
1191347,OC(=O)CC1=NN(Cc2nc3c(Cl)cccc3s2)C(=O)c4ccccc14,CHEMBL20015,IC50,8.46
1191358,CC1=C(C)C(=O)N(Cc2onc(n2)c3cccc(F)c3F)N=C1CC(=O)O,CHEMBL71966,IC50,8.48
1191369,OC(=O)CC1=NN(Cc2oc3c(F)cc(F)cc3n2)C(=O)c4ccccc14,CHEMBL143234,IC50,8.5
1191380,OC(=O)CC1=NN(Cc2nc3cc(Br)ccc3s2)C(=O)c4ccccc14,CHEMBL20169,IC50,8.51
1191391,Cc1c(oc2ccc(F)cc12)S(=O)(=O)c3ccc(O)nn3,CHEMBL198096,IC50,8.52
1191402,OC(=O)CC1=NN(Cc2nc3cc(ccc3s2)C(F)(F)F)C(=O)c4ncccc14,CHEMBL69956,IC50,8.68
1191413,OC(=O)CC1=NN(Cc2nc3c(F)cccc3s2)C(=O)c4ccccc14,CHEMBL20024,IC50,8.7
1191424,COC(=O)CN1C(=O)S\C(=C\c2cccc(N)c2)\C1=O,CHEMBL2260161,IC50,8.88
1191434,OC(=O)\C=C\CN1C(=O)S\C(=C\c2ccc(O)cc2)\C1=O,CHEMBL2260159,IC50,8.92
1191445,Cc1c(oc2ccc(Cl)cc12)S(=O)(=O)C3=NNC(=O)C=C3,CHEMBL240725,IC50,9.0
1191456,OC(=O)CC1=NN(Cc2nc3cccc(Cl)c3s2)C(=O)c4ccccc14,CHEMBL20207,IC50,9.0
