id,smiles,name,assay_type,activity_value
342345,OCCOC1=CC=C(C=C1)C(=C(\CCCl)C1=CC=CC=C1)\C1=CC=CC=C1,ospemifene,IC50,6.0824943
342356,CN(C)CCOC1=CC=C(C=C1)C(=C(\CCCl)C1=CC=CC=C1)\C1=CC=CC=C1,toremifene,N/A,N/A
342365,[H][C@@]12CC[C@H](O)[C@@]1(C)CC[C@]1([H])C3=CC=C(O)C=C3C[C@@H](CCCCCCCCCS(=O)CCCC(F)(F)C(F)(F)F)[C@@]21[H],fulvestrant,Ki,9.62
342375,[H][C@@]12CC[C@@](O)(C#C)[C@@]1(C)CC[C@]1([H])C3=C(CC[C@@]21[H])C=C(O)C=C3,ethinylestradiol,Kd,9.83
342385,[H][C@@]12CC[C@H](O)[C@@]1(C)CC[C@]1([H])C3=C(CC[C@@]21[H])C=C(O)C=C3,estradiol,EC50,10.3
342395,[H][C@@]12CC[C@@](O)(C#C)[C@@]1(C)CC[C@]1([H])C3=C(CC[C@@]21[H])C=C(OC1CCCC1)C=C3,quinestrol,N/A,N/A
342404,C\C=C(\C(=C\C)\C1=CC=C(O)C=C1)/C1=CC=C(O)C=C1,dienestrol,N/A,N/A
342414,CCN(CC)CCOC1=CC=C(C=C1)C(=C(Cl)C1=CC=CC=C1)C1=CC=CC=C1,clomifene,Ki,8.88605665
342424,[H][C@@]12CC[C@@](O)(C#C)[C@@]1(C)CC[C@]1([H])C3=C(CC[C@@]21[H])C=C(OC)C=C3,mestranol,Ki,8.2823295
342434,CC\C(=C(\CC)C1=CC=C(O)C=C1)C1=CC=C(O)C=C1,diethylstilbestrol,Ki,9.66
342444,[H][C@@]12CCC(=O)[C@@]1(C)CC[C@]1([H])C3=C(CC[C@@]21[H])C=C(O)C=C3,estrone,EC50,9.15
342454,OC1=CC=C(C=C1)C1=C(C(=O)C2=CC=C(OCCN3CCCCC3)C=C2)C2=C(S1)C=C(O)C=C2,raloxifene,IC50,9.4
342464,[H][C@@]12CC[C@H](OC(=O)CCCC)[C@@]1(C)CC[C@]1([H])C3=C(CC[C@@]21[H])C=C(O)C=C3,estradiol valerate,N/A,N/A
342474,CC\C(=C(/C1=CC=CC=C1)C1=CC=C(OCCN(C)C)C=C1)C1=CC=CC=C1,tamoxifen,Ki,7.51
342484,[H][C@@]12CC[C@H](OC(=O)CCC3CCCC3)[C@@]1(C)CC[C@]1([H])C3=C(CC[C@@]21[H])C=C(O)C=C3,estradiol cypionate,N/A,N/A
342497,[H][C@@]12CCC(=O)[C@@]1(C)CC[C@]1([H])C3=C(CC[C@@]21[H])C=C(OS(O)(=O)=O)C=C3,estrone sulphate,N/A,N/A
342506,CC\C(=C(\CC)C1=CC=C(OP(O)(O)=O)C=C1)C1=CC=C(OP(O)(O)=O)C=C1,fosfestrol,N/A,N/A
342519,[H]C1(CCC2=CC(O)=CC=C2C1([H])C1=CC=C(OCCN2CCCC2)C=C1)C1=CC=CC=C1,lasofoxifene,IC50,8.89
342529,CC1=C(N(CC2=CC=C(OCCN3CCCCCC3)C=C2)C2=C1C=C(O)C=C2)C1=CC=C(O)C=C1,bazedoxifene,IC50,9.22
342539,[H][C@@]12CC[C@H](O)[C@@]1(C)CC[C@]1([H])C3=C(CC[C@@]21[H])C=C(OC(C)=O)C=C3,estradiol acetate,N/A,N/A
342548,[H][C@@]12C[C@@H](O)[C@H](O)[C@@]1(C)CC[C@]1([H])C3=C(CC[C@@]21[H])C=C(O)C=C3,estriol,Ki,8.69999981
342745,CC(C)N(CCOc1ccc(Cn2c(c(C)c3cc(O)ccc23)c4ccc(O)cc4)cc1)C(C)C,CHEMBL3657147,IC50,7.0
342754,CC(C)Oc1ccc(cc1)c2c(C)c3cc(O)ccc3n2Cc4ccc(OCCN5CCCCC5)cc4,CHEMBL3657183,IC50,7.0
342764,CCC1=C(C(C(=O)Nc2ccc(OCCN3CCCCC3)cc2)c4cc(O)ccc14)c5ccc(O)cc5,CHEMBL383372,EC50,7.0
342775,CCC1Oc2c(C)c(O)ccc2c3ccc(O)c(C)c13,CHEMBL206547,IC50,7.0
342786,CCCC(CCC)(c1ccc(O)cc1)c2ccc(O)cc2,CHEMBL2403361,IC50,7.0
342799,CC\C(=C(\c1ccc(\C=C\C(=O)O)cc1)/c2ccc3NC(=O)Sc3c2)\c4ccccc4,CHEMBL3581636,EC50,7.0
342810,CCc1nc2cc(O)ccc2c(Oc3ccc(\C=C\C(=O)O)cc3)c1c4cccc(c4)C(F)(F)F,CHEMBL192025,Ki,7.0
342821,CN(C)CCOc1ccc(cc1)\C(=C(\CCCCl)/c2ccccc2)\c3ccc(O)cc3,CHEMBL383112,IC50,7.0
342835,C[C@]12CC[C@H]3[C@@H](CCc4cc(O)ccc34)[C@@H]1CC[C@@]2(O)C#Cc5cccc6C(=O)C=C(Oc56)c7ccccc7,CHEMBL250519,Ki,7.0
342845,Cc1c(c2ccc(F)cc2)n(Cc3ccc(OCCN4CCCCCC4)cc3)c5ccc(O)cc15,CHEMBL3657154,IC50,7.0
342854,Cc1c(c2ccc(O)cc2)n(Cc3ccc(OCCCN4CCCCC4)cc3)c5ccc(O)cc15,CHEMBL3657173,IC50,7.0
342864,Cc1cc(F)ccc1C2=C(Cc3ccc(\C=C\C(=O)O)cc3)c4ccc(CO)cc4OC2=O,CHEMBL3427410,IC50,7.0
342875,Cc1cc(OC(F)(F)F)ccc1C2=C(Oc3ccc(\C=C\C(=O)O)cc3)c4ccccc4OC2=O,CHEMBL3427415,IC50,7.0
342886,Cc1cc(sc1c2ccc(O)cc2Cl)c3ccc(O)cc3Cl,CHEMBL2332577,EC50,7.0
342897,Cn1c(cc(c2ccc(O)cc2)c1c3ccc(O)cc3)c4ccc(O)cc4Cl,CHEMBL2179254,EC50,7.0
342908,Oc1ccc2C3=C([C@H](Oc2c1)c4ccc(OCCN5CCCCC5)cc4)c6ccccc6OCC3,CHEMBL1087289,IC50,7.0
342918,[I-].Cc1c(c2ccc(O)cc2)n(Cc3ccc(OCC[N+](C)(C)C)cc3)c4ccc(O)cc14,CHEMBL3657179,IC50,7.0
342928,CCC(CC)(c1ccc(N)c(C)c1)c2ccc(O)c(C)c2,CHEMBL2403348,IC50,7.01
342939,CCC[C@@H]1C[C@@H]2C[C@]13Cc4cc(O)ccc4C3=C(C)C2=O,CHEMBL379008,IC50,7.01
342950,C[C@@H](CO)CN1[C@H](C)Cc2c([nH]c3ccccc23)[C@H]1c4ccc(\C=C\C(=O)O)cc4,CHEMBL3623000,IC50,7.01
342962,Oc1ccc(c(F)c1)c2oc3c(CC=C)cc(O)cc3n2,CHEMBL189356,IC50,7.01
342973,Oc1ccc(cc1)c2ccc3c(Cl)c(O)cc(C#N)c3c2,CHEMBL192218,IC50,7.01
342984,Oc1ccc(cc1)c2nn(C3CCCC3)c4c(Cl)cccc24,CHEMBL222434,EC50,7.01
342997,OCCn1nc(c2ccc(O)cc2)c3cccc(c13)C(F)(F)F,CHEMBL225081,IC50,7.02
343008,O\N=C\c1ccc(c2ccc(O)cc2)c3ccccc13,CHEMBL395308,IC50,7.02
343019,Oc1cc(C#N)c2cc(ccc2c1)c3ccc(O)c(F)c3,CHEMBL192000,IC50,7.02
343030,Oc1ccc(\C=C(/C#N)\c2ccc(O)cc2)cc1,CHEMBL334402,EC50,7.02
343041,Oc1ccc(cc1)C2=C([C@H]3O[C@@H]2C[C@@H]3S(=O)(=O)Oc4ccccc4)c5ccc(O)cc5,CHEMBL3589346,EC50,7.02
343052,Oc1ccc(cc1)c2[nH]c3ccccc3c2c4ccc(O)cc4,CHEMBL200232,IC50,7.02
343063,CC#C[C@@]1(O)CC[C@]2(CC=C)[C@H](CCc3cc(O)ccc23)C1,CHEMBL470785,IC50,7.03
343074,CCCC[C@@]12CCC(=O)C(=C1c3ccc4[nH]ncc4c3C2)CC,CHEMBL211816,IC50,7.03
343084,CC[C@H](C)[C@@H]1NC(=O)[C@@H](CSSC[C@H](NC(=O)[C@H](CC(C)C)NC1=O)C(=O)N[C@@H](CCCNC(=N)N)C(=O)NC(CC(C)(C)C)C(=O)N[C@@H](CC(C)C)C(=O)N[C@@H](CCC(=O)N)C(=O)NCC(=O)NCC(=O)NCC(=O)N[C@@H](CCCNC(=N)N)C(=O)N[C@@H](CCCNC(=N)N)C(=O)N[C@@H](CCCNC(=N)N)C(=O)N[C@@H](CCCNC(=N)N)C(=O)N[C@@H](CCCNC(=N)N)C(=O)N[C@@H](CCCNC(=N)N)C(=O)N[C@@H](CCCNC(=N)N)C(=O)N)NC(=O)[C@@H](N)CCCNC(=N)N,CHEMBL3597509,IC50,7.03
343095,CN(C)C(=O)\C=C\c1ccc(S[C@@H]2Cc3cc(O)ccc3[C@H]4CC[C@]5(C)[C@@H](O)CC[C@H]5[C@H]24)cc1,CHEMBL1627356,IC50,7.03
343106,CN(C)c1cccc(c1)N2CCc3cc(O)ccc3C2(C)c4ccc(OCCN5CCCC5)cc4,CHEMBL323119,IC50,7.03
343116,C[C@H](CCC(=O)O)[C@H]1CC[C@H]2[C@@H]3[C@@H](C[C@@H]4CC(O)CC[C@]4(C)[C@H]3C[C@H](O)[C@]12C)OC(=O)NCC(=O)N(C)c5ccc(cc5)[C@H]6C[C@@]7(C)[C@@H](CC[C@@]7(O)C#C)[C@@H]8CCC9=CC(=O)CCC9=C68,CHEMBL263942,Ki,7.03
343127,Oc1ccc(c(O)c1)c2nn(CC=C)c3c(cccc23)C(F)(F)F,CHEMBL222501,IC50,7.03
343138,CCCOC(=O)[C@H]1CC[C@H]2[C@@H]3CCc4cc(O)ccc4[C@H]3CC[C@]12C,CHEMBL3099429,IC50,7.04
343149,Cc1ccc(cc1)S(=O)(=O)N2Cc3ccc(cc3C2)[C@]4(O)CC[C@H]5[C@@H]6CCc7cc(O)ccc7[C@H]6CC[C@]45C,CHEMBL1097284,EC50,7.04
343160,OC(=O)CCCCCCC(=O)Nc1ccc(cc1)C2=C(C3CC(C2O3)S(=O)(=O)Oc4ccc(F)cc4)c5ccc(O)cc5,CHEMBL3589360,Ki,7.04
343175,Oc1ccc(cc1)C2=COc3cc(O)cc(O)c3C2=O,CHEMBL44,IC50,7.04
343186,Oc1ccc(cc1)C2=Cc3cc(O)ccc3C24C(=O)c5ccccc5C4=O,CHEMBL25228,IC50,7.04
343197,Oc1ccc(cc1)c2ccc3c(Cl)c(O)ccc3c2,CHEMBL364092,IC50,7.04
343208,Oc1ccc2cc(ccc2c1)c3cc(F)c(O)c(F)c3,CHEMBL191716,IC50,7.04
343219,Oc1ccc2cc(ccc2c1)c3ccc(O)c(F)c3,CHEMBL193727,IC50,7.04
343230,CC(C)[C@H]1[C@H](Oc2cc(O)ccc2C1=O)c3ccc(OCCN4CCCCC4)cc3,CHEMBL282292,IC50,7.05
343240,CCOc1ccc(cc1)c2c(C)c3cc(O)ccc3n2Cc4ccc(OCCN5CCCCCC5)cc4,CHEMBL3657142,IC50,7.05
343250,CC[C@@]12CC[C@@](O)(C[C@H]1CCc3cc(O)ccc23)C#CC,CHEMBL10560,IC50,7.05
343261,O=C(CCCCCN1C(=S)Nc2ccccc2C1=O)N3CCN(CC3)c4cccc(c4)C#N,CHEMBL1593653,IC50,7.05
343271,O=C(CCCCCN1C(=S)Nc2ccccc2C1=O)N3CCN(CC3)c4ccccc4C#N,CHEMBL1434189,IC50,7.05
343281,OC(=O)\C=C\c1ccc(cc1)C2N(Cc3ccccc3)CCc4cc(O)ccc24,CHEMBL3775342,IC50,7.05
343292,CC\C(=C(\c1ccc(O)cc1)/c2ccc(OCCN)cc2)\c3ccc(F)cc3,CHEMBL3422029,EC50,7.06
343303,CN1CCC(CC1)c2ccc(cc2)C3N(CCc4cc(O)ccc34)c5ccc(F)cc5,CHEMBL192187,IC50,7.06
343314,Oc1ccc(cc1)C2CCc3cc(O)ccc3N2C(=O)c4ccc(OCCN5CCCCC5)cc4,CHEMBL56166,Ki,7.06
343325,CCC(CC)(c1ccc(O)cc1)c2ccc(O)cc2,CHEMBL1782331,IC50,7.07
343336,C[C@@H]1Cc2c([nH]c3ccccc23)[C@H](N1CCO)c4ccc(Cl)cc4,CHEMBL3622994,IC50,7.07
343347,Oc1cc(Cl)c([C@@H]2N=CN[C@@H]2c3ccc(OCCN4CCCCC4)cc3Cl)c(Cl)c1,CHEMBL365779,EC50,7.07
343358,Oc1ccc2C3=C([C@H](Oc2c1)c4ccc(OCCN5CCCCCC5)cc4)c6ccccc6OCC3,CHEMBL1087288,IC50,7.07
343369,CC(C)N1CCN(CC1)c2ccc(cc2)C3N(CCc4cc(O)ccc34)c5cccc(O)c5,CHEMBL364492,IC50,7.08
343380,CCC[C@@H]1CC[C@@H]2C[C@]13Cc4cc(O)ccc4C3=C(C)C2=O,CHEMBL212992,IC50,7.08
343391,COC[C@H](C)CN1[C@H](C)Cc2cc(O)ccc2[C@H]1c3ccc(\C=C\C(=O)O)cc3,CHEMBL3775329,IC50,7.08
343402,C\C(=N/O)\c1cc(ccc1O)c2ccc(O)cc2,CHEMBL3409956,EC50,7.08
343413,Cc1cc(ccc1O)C2(CCCC2)c3ccc(O)c(C)c3,CHEMBL2403358,IC50,7.08
343424,Oc1ccc(cc1)N2C(=O)c3ccc(O)cc3C2=O,CHEMBL234524,IC50,7.08
343435,Oc1ccc(cc1)c2ccc3cc(O)cc(C#N)c3c2,CHEMBL194762,IC50,7.08
343446,CC(C)CN1[C@H](C)Cc2ccccc2[C@H]1c3ccc(\C=C\C(=O)O)cc3,CHEMBL3775176,IC50,7.09
343457,CC1=C2c3ccc4[nH]ncc4c3CC2(Cc5ccc(F)cc5)CCC1=O,CHEMBL385358,IC50,7.09
343468,CCC12CCC(=O)C(=C1c3ccc4[nH]nnc4c3C2)c5ccc(O)cc5,CHEMBL215428,IC50,7.09
343479,CCCCCCCCCC(=O)Oc1ccc(cc1)\C(=C(\C)/c2ccccc2)\c3ccc(OCCN4CCCCC4)cc3,CHEMBL3774642,IC50,7.09
343490,CC[C@@]12CCC(=O)C(=C1c3ccc4[nH]nc(F)c4c3C2)Cl,CHEMBL211887,IC50,7.09
343501,Cc1cccc(OS(=O)(=O)C2CC3OC2C(=C3c4ccc(O)cc4)c5ccc(NC(=O)CCCCCCC(=O)O)cc5)c1,CHEMBL3589353,Ki,7.09
343512,OC(=O)CCCCCCC(=O)Nc1ccc(cc1)C2=C(C3CC(C2O3)S(=O)(=O)Oc4cccc(O)c4)c5ccc(O)cc5,CHEMBL3589357,Ki,7.09
343524,Oc1ccc(c(O)c1)c2oc3cc(O)ccc3n2,CHEMBL187087,IC50,7.09
343535,CC(C)(C)OC(=O)[C@@H](CCC(=O)N1CCN(CC1)c2ccc(cc2)C#N)N3C(=S)Nc4ccccc4C3=O,CHEMBL1356953,IC50,7.1
343545,CC(C)Cc1c(O)cc(O)c2C(=O)C[C@H](Oc12)c3ccc(O)cc3,CHEMBL219577,IC50,7.1
343555,CC(C)Oc1ccc(cc1)c2c(C)c3cc(O)ccc3n2Cc4ccc(OC5C=CC=C5)cc4,CHEMBL3657185,IC50,7.1
343564,CC(C)Oc1ccc(cc1)c2c(C)c3cc(O)ccc3n2Cc4ccc(OCCN5CCCCCC5)cc4,CHEMBL3657156,IC50,7.1
343574,CCCC12CCC(=O)C(=C1c3ccc(O)cc3C2)Br,CHEMBL377694,IC50,7.1
343585,CCCCC(CCCC)(c1ccc(O)cc1)c2ccc(O)cc2,CHEMBL2403362,IC50,7.1
343595,CCCN(CCC)CCOc1ccc(Cn2c(c(C)c3cc(O)ccc23)c4ccc(O)cc4)cc1,CHEMBL3657145,IC50,7.1
343605,CN(C)CCOc1ccc(cc1)\C(=C(\CCCCO)/c2ccccc2)\c3ccc(O)cc3,CHEMBL383533,IC50,7.1
343615,COc1cc(Cn2c(c(C)c3cc(O)ccc23)c4ccc(O)cc4)ccc1OCCN5CCCCC5,CHEMBL3657174,IC50,7.1
343625,OC1(CCN(CC1)C(=O)CCCCCN2C(=S)Nc3ccccc3C2=O)c4ccc(Cl)cc4,CHEMBL1395826,IC50,7.1
343635,Oc1ccc(CCNc2nc(SCCCc3ccc(Cl)cc3)nc(n2)N4CCNCC4)cc1,CHEMBL346455,IC50,7.1
343646,CC(C)CCON=C(c1ccc(O)cc1)c2ccc(O)cc2,CHEMBL3787653,EC50,7.11
343657,Oc1ccc(cc1)c2ccc3c(F)c(O)ccc3c2,CHEMBL192782,IC50,7.11
343668,Oc1ccc2c(OC(=O)c3c2oc4cc(O)ccc34)c1,CHEMBL30707,IC50,7.12
343678,Oc1ccc2c(c(Oc3ccc(Cl)cc3)sc2c1)c4ccc(F)cc4,CHEMBL3764317,EC50,7.12
343689,CCC(CC)(c1cc(C)c(O)c(C)c1)c2cc(C)c(O)c(C)c2,CHEMBL2403347,IC50,7.13
343700,CCCCON=C(c1ccc(O)cc1)c2ccc(O)cc2,CHEMBL3786850,EC50,7.13
343711,CCc1c(oc(c2ccc(O)cc2)c1c3ccc(OCCN4CCCCC4)cc3)c5ccc(O)cc5,CHEMBL316003,Ki,7.13
343722,C[C@]12CC[C@H]3[C@@H](CCc4cc(O)ccc34)[C@@H]1CC[C@@]2(O)C#Cc5c([nH]c6ccccc56)c7ccccc7O,CHEMBL399141,Ki,7.13
343733,C[C@]12CC[C@H]3[C@@H](CCc4cc(O)ccc34)[C@@H]1CC[C@@]2(O)c5ccc6COCc6c5,CHEMBL1097377,IC50,7.13
343744,CC[Si](CC)(c1ccc(O)c(C)c1)c2ccc(O)c(C)c2,CHEMBL2403349,IC50,7.14
343754,C[C@H](CCC(=O)N[C@@H](CCC(=O)N(C)c1ccc(cc1)[C@H]2C[C@@]3(C)[C@@H](CC[C@@]3(O)C#C)[C@@H]4CCC5=CC(=O)CCC5=C24)C(=O)O)[C@H]6CC[C@H]7[C@@H]8[C@H](O)C[C@@H]9C[C@H](O)CC[C@]9(C)[C@H]8C[C@H](O)[C@]67C,CHEMBL436859,Ki,7.14
343765,C[C@]12CC[C@H]3[C@@H](CCc4cc(O)ccc34)[C@@H]1C[C@H](O)[C@H]2O,CHEMBL1627346,EC50,7.14
343775,Cc1cc(F)ccc1C2=C(Oc3ccc(\C=C\C(=O)O)cc3)c4ccccc4OC2=O,CHEMBL3427414,IC50,7.14
343786,Oc1cc(C#C)c2cc(ccc2c1)c3ccc(O)c(F)c3,CHEMBL191759,IC50,7.14
348773,Oc1cc(C=O)c2cc(ccc2c1)c3ccc(O)c(F)c3,CHEMBL192901,IC50,7.14
348784,Oc1ccc(cc1)C(C#C)C(C#C)c2ccc(O)cc2,CHEMBL132919,EC50,7.14
348795,CC(C)c1ccc(cc1)N2CCc3cc(O)ccc3C2(C)c4ccc(OCCN5CCCCC5)cc4,CHEMBL100231,IC50,7.15
348806,CCCCC12CCC(=O)C(=C1c3ccc(O)cc3C2)c4cccs4,CHEMBL209429,IC50,7.15
348817,CCCCCc1cc(O)cc2O[C@@H]([C@@H](C(=O)c12)c3ccc(O)cc3)c4ccc(OCCN5CCCCC5)cc4,CHEMBL33890,IC50,7.15
348828,CN(C)c1cccc(c1)N2CCc3cc(O)ccc3C2(C)c4ccc(OCCN5CCCCC5)cc4,CHEMBL101719,IC50,7.15
348839,CN(C)c1cccc(c1)N2CCc3cc(O)ccc3C2c4ccc(OCCN5CCCCC5)cc4,CHEMBL434346,IC50,7.15
348850,COC(=O)CCCCCCC(=O)Nc1cccc(OS(=O)(=O)C2CC3OC2C(=C3c4ccc(O)cc4)c5ccc(O)cc5)c1,CHEMBL3589348,Ki,7.15
348861,C[C@@H](CN1[C@H](C)Cc2c([nH]c3ccccc23)[C@H]1c4ccc(Cl)cc4)C(=O)O,CHEMBL3622997,IC50,7.15
348872,OC(=O)\C=C\c1ccc(cc1)C2N(CCc3cc(O)ccc23)c4ccccc4,CHEMBL3775344,IC50,7.15
348883,CC1CN(CCN1C)c2ccc(cc2)C3N(CCc4cc(O)ccc34)c5ccccc5,CHEMBL195465,IC50,7.16
348894,CCCN(Cc1ccccn1)c2cc(cc(n2)c3ccc(O)c(C)c3)c4ccccc4,CHEMBL57093,Ki,7.16
348905,CCCc1c(cn(c2ccc(O)cc2)c1c3ccc(O)cc3)c4ccc(O)cc4,CHEMBL2178794,EC50,7.16
348916,CCCn1c(cc(c2ccc(O)cc2)c1c3ccc(O)cc3F)c4ccc(O)cc4,CHEMBL2178797,EC50,7.16
348927,CC\C(=C(/c1ccccc1)\c2ccc(OCCN(C)C)cc2)\c3ccc(O)cc3,CHEMBL10041,IC50,7.16
348937,C[C@@H]1CCC[C@H](C)N1CCOc2ccc(Cn3c(c(C)c4cc(O)ccc34)c5ccc(O)cc5)cc2,CHEMBL3657180,IC50,7.16
348947,C[C@H](CCc1ccc(O)cc1)NC(=O)Cc2c([nH]c3c(OCCCN4CCCCC4)cccc23)c5ccccc5,CHEMBL238959,IC50,7.16
348958,C[C@H](CO)CN1[C@H](C)Cc2c([nH]c3ccccc23)[C@H]1c4ccc(\C=C\C(=O)O)cc4,CHEMBL3622999,IC50,7.16
348968,Cc1c(c2ccc3OCOc3c2)n(Cc4ccc(OCCN5CCCCC5)cc4)c6ccc(O)cc16,CHEMBL3657184,IC50,7.16
348978,O=C(CCCN1C(=S)Nc2ccccc2C1=O)N3CCN(CC3)c4cccc5ccccc45,CHEMBL1433745,IC50,7.16
348988,Oc1ccccc1N2CCN(CC2)C(=O)CCCN3C(=S)Nc4ccccc4C3=O,CHEMBL1322939,IC50,7.16
348998,CCc1cc(O)cc2O[C@@H]([C@@H](C(=O)c12)c3ccc(O)cc3)c4ccc(OCCN5CCCCC5)cc4,CHEMBL33808,IC50,7.17
349009,Oc1ccc2c3Oc4cc(O)cc(O)c4C(=O)c3oc2c1,CHEMBL311640,IC50,7.17
349020,CC1(N(CCc2cc(O)ccc12)c3cccc(Cl)c3)c4ccc(OCCN5CCCC5)cc4,CHEMBL319678,IC50,7.18
349031,Oc1ccc(c(Cl)c1)c2cc(c3ccccc3)c(s2)c4ccc(O)cc4Cl,CHEMBL2332579,EC50,7.18
349042,CCC(Cc1ccc(O)cc1)c2ccc(O)cn2,CHEMBL539462,EC50,7.19
349053,CCN1CCN(CC1C)c2ccc(cc2)C3N(CCc4cc(O)ccc34)c5ccccc5,CHEMBL195216,IC50,7.19
349064,COc1ccc2C3=C(CCOc2c1)c4ccc(OC)cc4O[C@@H]3c5ccc(OCCN6CCCCC6)cc5,CHEMBL1085429,IC50,7.19
349075,C[C@]12CC[C@H]3[C@@H](CCc4cc(OC(=O)c5ccccc5)ccc34)[C@@H]1CC[C@@H]2O,CHEMBL282575,IC50,7.19
349086,Cc1cc(c(O)cc1O)c2noc3cc(O)ccc23,CHEMBL186597,IC50,7.19
349097,Oc1cccc(c1)[C@H]2Oc3ccc(O)cc3[C@H]4CCC[C@@H]24,CHEMBL234633,Ki,7.19
349108,CCCCn1nc(c2ccc(O)cc2)c3cccc(Cl)c13,CHEMBL385801,EC50,7.2
349119,CCCn1c(cc(c2ccc(O)cc2)c1c3ccc(O)cc3Cl)c4ccc(O)cc4,CHEMBL2179253,EC50,7.2
349130,Oc1ccc2C(N(CCc2c1)c3ccccc3)c4ccc(cc4)N5CCN6CCCCC6C5,CHEMBL195212,IC50,7.2
349141,CCCn1nc(c2ccc(O)cc2O)c3ccc(O)cc13,CHEMBL225514,IC50,7.21
349151,CCOc1ccc(cc1)c2c(C)c3cc(O)ccc3n2Cc4ccc(OCCN5CCCCC5)cc4,CHEMBL3657141,IC50,7.21
349161,Oc1ccc2c(C(=O)c3ccc(cc3)C(F)(F)F)c(sc2c1)c4ccc(F)cc4,CHEMBL3763592,EC50,7.21
349172,CCCCCCNCCOc1ccc(cc1)C(=O)c2c(sc3cc(O)ccc23)c4ccc(O)cc4,CHEMBL3805921,IC50,7.22
349183,CCc1c(oc(c2ccc(O)cc2)c1c3ccc(OCCN4CCCCC4)cc3)c5ccccc5,CHEMBL85561,Ki,7.22
349193,CN(C)CCOc1ccc(Cn2c(c(C)c3cc(O)ccc23)c4ccc(O)cc4)cc1,CHEMBL3657177,IC50,7.22
349203,CN(C1=C(C(=O)Oc2cc(O)ccc12)c3ccc(F)cc3C)c4ccc(\C=C\C(=O)O)cc4,CHEMBL3427404,IC50,7.22
349214,COC(=O)CCCCCCC(=O)Nc1ccc(OS(=O)(=O)C2CC3OC2C(=C3c4ccc(O)cc4)c5ccc(O)cc5)cc1,CHEMBL3589347,Ki,7.22
349225,C[C@@H]1CN(C[C@H](C)N1)c2nc(NCCc3ccc(O)cc3)nc(n2)N(C)CCCc4ccc(Cl)cc4,CHEMBL150594,Ki,7.22
349237,Cc1c(c2ccc(O)cc2)n(Cc3ccc(OCCN4CCCCC4)cc3)c5ccc(O)cc15,CHEMBL44426,IC50,7.22
349247,Cn1c(cc(c2ccc(O)cc2)c1c3ccc(O)cc3F)c4ccc(O)cc4,CHEMBL2178796,EC50,7.22
349258,OC(=O)\C=C\c1ccc(Oc2c(c3ccccc3)c(cc4cc(O)ccc24)C5CC5)cc1,CHEMBL490197,Ki,7.22
349270,CC\C(=C(\c1ccc(O)cc1)/c2ccc(OCCN)cc2)\c3ccccc3,CHEMBL2386285,EC50,7.23
349281,Cc1cc(O)ccc1c2nn(CC=C)c3c(cccc23)C(F)(F)F,CHEMBL222522,IC50,7.23
349292,Oc1ccc2c(c3ccc(F)cc3)c(sc2c1)C(=O)c4ccc(cc4)C#N,CHEMBL3765127,EC50,7.23
349303,CC(=CCc1c(O)cc(O)c2C(=O)CC(Oc12)c3ccc(O)cc3)C,CHEMBL460647,IC50,7.24
349314,CCN(CC)CCOc1ccc(Cn2c3ccccc3c4sc5cc(O)ccc5c24)cc1,CHEMBL195991,IC50,7.24
349325,CC[C@@]12CCC(=O)C(=C1c3ccc4[nH]ncc4c3C2=O)C(F)(F)F,CHEMBL215409,IC50,7.24
349335,COc1cc(Cn2c(c(C)c3cc(O)ccc23)c4ccc(O)cc4)ccc1OCCN5CCCCCC5,CHEMBL3657175,IC50,7.24
349345,Oc1ccc(c(F)c1)c2ccc3c(Cl)c(O)ccc3c2,CHEMBL447837,IC50,7.24
349356,Oc1ccc(cc1)[C@H]2[C@H](Oc3cc(O)cc(Cl)c3C2=O)c4ccc(OCCN5CCCCC5)cc4,CHEMBL34679,IC50,7.24
349367,Oc1ccc(cc1)\C(=N/c2cccc(c2)C(F)(F)F)\c3ccc(O)cc3O,CHEMBL3234633,EC50,7.24
349378,Oc1ccc2CC3(Cc2c1)C(=Cc4ccccc34)c5ccccc5,CHEMBL439806,IC50,7.24
349389,CC1(N(CCc2cc(O)ccc12)c3ccccc3)c4ccc(OCCN5CCCCCC5)cc4,CHEMBL328810,IC50,7.25
349400,COC(=O)C1=C(N)Oc2cc(O)ccc2C1c3ccc(OCc4ccc(C)cc4)cc3,CHEMBL235497,IC50,7.25
349411,NCCOc1ccc(cc1)\C(=C(\Cn2cnnc2)/c3ccccc3)\c4ccc(O)cc4,CHEMBL3422043,EC50,7.25
349422,OC(=O)CCCCCCC(=O)Nc1cccc(OS(=O)(=O)C2CC3OC2C(=C3c4ccc(O)cc4)c5ccc(O)cc5)c1,CHEMBL3589350,Ki,7.25
349433,CC1=C(C(=O)c2cc(O)ccc12)c3ccc(O)cc3,CHEMBL371777,IC50,7.26
349444,CCCCCCCCc1cc2cc(O)ccc2c(Oc3ccc(\C=C\C(=O)O)cc3)c1c4ccccc4,CHEMBL489183,Ki,7.26
349455,CN1CCN(CC1)c2ccc(cc2)C3N(CCc4cc(O)ccc34)c5ccccc5,CHEMBL427533,IC50,7.26
349466,Cc1cc(F)ccc1C2=C(Cc3ccc(\C=C\C(=O)O)cc3)c4c(F)cc(O)cc4OC2=O,CHEMBL3427405,IC50,7.26
349477,Oc1ccc(cc1F)c2ccc3c(Cl)c(O)cc(C#N)c3c2,CHEMBL192390,IC50,7.26
349488,Oc1ccc2C3=C(CCOc2c1)c4ccc(O)cc4O[C@H]3c5ccc(OCCCN6CCCCC6)cc5,CHEMBL1087547,IC50,7.26
349499,CCc1cc(O)cc2O[C@@H]([C@@H](Sc12)c3ccc(O)cc3)c4ccc(OCCN5CCCCC5)cc4,CHEMBL94170,IC50,7.27
349510,Oc1ccc(cc1)[C@H]2N(CCc3cc(O)ccc23)C(=O)C(F)(F)F,CHEMBL93326,IC50,7.27
349521,CCCCCCCCNCCOc1ccc(cc1)\C(=C(\CC)/c2ccccc2)\c3ccc(O)cc3,CHEMBL3586190,IC50,7.28
349532,CCCCc1cc2ccccc2c(Oc3ccc(\C=C\C(=O)O)cc3)c1c4ccc(O)cc4,CHEMBL491433,Ki,7.28
349543,CCCn1nc(c2ccc(O)cc2)c3cccc(Cl)c13,CHEMBL222453,IC50,7.28
349554,COC(=O)C1=C(N)Oc2cc(O)ccc2C1c3ccc(OCc4ccccc4F)cc3,CHEMBL235496,IC50,7.28
349565,OC(=O)\C=C\c1ccc(CC2=C(C(=O)Oc3cc(O)ccc23)c4ccc(OC(F)(F)F)cc4)cc1,CHEMBL3427393,IC50,7.28
349576,Oc1ccc(N2C(=O)c3ccc(O)cc3C2=O)c(F)c1,CHEMBL451496,IC50,7.28
349587,Oc1ccc2C(CC3CCCCC3)N(CCc2c1)c4ccccc4,CHEMBL89995,IC50,7.28
349598,CC[C@@]12CCC(=O)C(=C1c3ccc4[nH]nc(F)c4c3C2)C(F)(F)F,CHEMBL385680,IC50,7.29
349609,CN(C)CCOc1ccc(Cn2c3ccccc3c4sc5cc(O)ccc5c24)cc1,CHEMBL196283,IC50,7.29
349620,Oc1ccc(cc1)c2nn3c(cc(nc3c2c4ccccc4)C(F)(F)F)C(F)(F)F,CHEMBL189178,Ki,7.29
349631,Oc1ccc2C3=C(COc2c1)c4ccc(O)cc4O[C@@H]3c5ccc(OCCN6CCCCC6)cc5,CHEMBL208085,IC50,7.29
349642,CCCCN(C)C(=O)CCCCCCCCCC[C@@H]1Cc2cc(O)ccc2[C@H]3CC[C@]4(C)[C@@H](O)CC[C@H]4[C@H]13,CHEMBL1222035,IC50,7.3
349653,CCCCN(O)C(=O)c1cccc(NC(=O)CCCCCS[C@@H]2Cc3cc(O)ccc3[C@H]4CC[C@]5(C)[C@@H](O)CC[C@H]5[C@H]24)c1,CHEMBL3735770,IC50,7.3
349665,CCCc1cc(O)ccc1c2noc3cc(O)ccc23,CHEMBL435090,IC50,7.3
349676,CCCn1c(cc(c2ccc(O)cc2)c1c3ccc(O)cc3)c4ccc(O)cc4,CHEMBL2178795,EC50,7.3
349687,CCOc1ccc2C(=C(C(=O)Oc2c1)c3ccc(OC(F)(F)F)cc3C)Oc4ccc(\C=C\C(=O)O)cc4,CHEMBL3427501,IC50,7.3
349698,Cc1c(c2ccc(OC(F)(F)F)cc2)n(Cc3ccc(OCCN4CCCCC4)cc3)c5ccc(O)cc15,CHEMBL3657165,IC50,7.3
349708,Cc1cc(OC(F)(F)F)ccc1C2=C(Oc3ccc(\C=C\C(=O)O)cc3)c4ccc(cc4OC2=O)C(F)F,CHEMBL3427500,IC50,7.3
349719,O=C(CCCN1C(=S)Nc2ccccc2C1=O)N3CCC(CC3)c4ccccc4,CHEMBL1414407,IC50,7.3
349729,OC(=O)CCCCCCC(=O)Nc1ccc(OS(=O)(=O)C2CC3OC2C(=C3c4ccc(O)cc4)c5ccc(O)cc5)cc1,CHEMBL3589349,IC50,7.3
349740,Oc1ccc(c(O)c1)c2nn(c3cccc(Cl)c3)c4cc(O)ccc24,CHEMBL434577,IC50,7.3
349752,Oc1ccc(cc1)c2cc3ccc(O)cc3s2,CHEMBL431698,EC50,7.3
349763,Oc1ccc2C(N(CCc2c1)c3ccccc3)c4cccs4,CHEMBL328675,IC50,7.3
349774,CC1(N(CCc2cc(O)ccc12)c3cccc(Cl)c3)c4ccc(OCCN5CCCCC5)cc4,CHEMBL103305,IC50,7.31
349785,CCC(=O)c1cc(O)cc2cc(oc12)c3ccc(O)cc3,CHEMBL360338,IC50,7.31
349796,CCCCCCCCNCCOc1ccc(cc1)C(=O)c2c(sc3cc(O)ccc23)c4ccc(O)cc4,CHEMBL3805170,IC50,7.31
349807,CCCC[C@@]12CCC(=O)C(=C1c3ccc4[nH]nc(F)c4c3C2)C(F)(F)F,CHEMBL384268,IC50,7.31
349818,CC\C(=C(\c1ccc(\C=C\C(=O)O)cc1)/c2ccc3[nH]ncc3c2)\c4ccccc4S(=O)(=O)C,CHEMBL3581689,EC50,7.31
349829,Oc1ccc(cc1)[C@@H]2[C@H](Oc3cc(O)ccc3C2=O)c4ccc(OCCN5CCCCC5)cc4,CHEMBL284453,IC50,7.31
349841,Oc1ccc2c(noc2c1)c3cccc4cc(O)ccc34,CHEMBL187393,IC50,7.31
349852,CCCCCCCCCC(=O)Oc1ccc(cc1)\C(=C(\C)/c2ccccc2)\c3ccc(OCCN4CCCC4)cc3,CHEMBL3775978,IC50,7.32
349863,CCOC(=O)C1(Cc2ccc(cc2C1)[C@]3(O)CC[C@H]4[C@@H]5CCc6cc(O)ccc6[C@H]5CC[C@]34C)C#N,CHEMBL1098710,IC50,7.32
349874,Cc1cc(O)ccc1c2cc3ccc(O)cc3s2,CHEMBL31721,EC50,7.32
349885,Oc1ccc(c(O)c1)c2n[nH]c3cc(O)ccc23,CHEMBL223026,IC50,7.32
349896,CCCn1c(cc(c2ccc(O)cc2)c1c3ccc(O)cc3)c4ccc(O)cc4Cl,CHEMBL2179255,EC50,7.33
349907,CN(C)CCOc1ccc(cc1)c2c(nn3c(cc(nc23)C(F)(F)F)C(F)(F)F)c4ccc(O)cc4,CHEMBL219467,Ki,7.33
349918,CN1CCC(CC1)c2ccc(cc2)C3N(CCc4cc(O)ccc34)c5ccccc5,CHEMBL426461,IC50,7.33
349928,Cc1c(c2ccc(O)cc2)n(Cc3ccc(OCCN4CCC(O)CC4)cc3)c5ccc(O)cc15,CHEMBL3657153,IC50,7.33
349938,Oc1ccc(c(F)c1)c2oc3c(Br)cc(O)cc3n2,CHEMBL187915,IC50,7.33
349949,Oc1ccc(cc1)C2=C(c3ccccc3)c4c(O)cc(O)cc4C2=O,CHEMBL190682,IC50,7.33
349960,CC(C)c1cccc(c1)N2CCc3cc(O)ccc3C2(C)c4ccc(OCCN5CCCCC5)cc4,CHEMBL100595,IC50,7.34
349971,CC[C@@]12CCC(=O)C(=C1c3ccc4[nH]ncc4c3C2)c5ccccc5,CHEMBL211349,IC50,7.34
349982,COc1cc2oc(cc2cc1O)c3ccc(O)cc3O,CHEMBL523477,IC50,7.34
349992,C[C@H](CCC(=O)O)[C@H]1CC[C@H]2[C@@H]3[C@H](O)C[C@@H]4[C@@H](CCCN(C)c5ccc(cc5)[C@H]6C[C@@]7(C)[C@@H](CC[C@@]7(O)C#C)[C@@H]8CCC9=CC(=O)CCC9=C68)[C@H](O)CC[C@]4(C)[C@H]3C[C@H](O)[C@]12C,CHEMBL440251,Ki,7.34
350003,C[C@]12CC[C@H]3[C@@H]([C@@H](Cc4cc(O)ccc34)Sc5ccc(\C=C\C(=O)O)cc5)[C@@H]1CC[C@@H]2O,CHEMBL1628170,IC50,7.34
350014,Oc1ccc(cc1)C(=NOCCCC=C)c2ccc(O)cc2,CHEMBL3787225,EC50,7.34
350025,Oc1ccc(cc1)c2oc3c(cc(O)cc3c2)C#N,CHEMBL363498,IC50,7.34
350036,[I-].CC\C(=C(/c1ccccc1)\c2ccc(OCC[N+](C)(C)C)cc2)\c3ccccc3,CHEMBL1213783,Ki,7.34
350047,CCOC(=O)N1CCc2cc(O)ccc2C1c3ccc(OCCN4CCCC4)cc3,CHEMBL94080,IC50,7.35
350058,C[C@@H]1[C@@H]([C@@H](Oc2cc(O)ccc12)c3ccc(OCCN4CCCCC4)cc3)c5ccc(O)cc5,CHEMBL180538,IC50,7.35
350069,Oc1ccc(c(Cl)c1)c2cscc2c3ccc(O)cc3Cl,CHEMBL2331567,EC50,7.35
350080,Oc1ccc2cc(cc(C#N)c2c1)c3c(F)cc(O)cc3F,CHEMBL426641,IC50,7.35
350091,CC(C)CN1CCc2cc(O)ccc2[C@@]1(C)c3ccc(\C=C\C(=O)O)cc3,CHEMBL3774494,IC50,7.36
350102,CC(C)c1ccc(cc1)N2CCc3cc(O)ccc3C2(C)c4ccc(OCCN5CCCC5)cc4,CHEMBL98470,IC50,7.36
350113,COCc1cc(O)cc2[C@@H]3CC(F)(F)C[C@@H]3[C@@H](Oc12)c4ccc(O)cc4,CHEMBL236720,Ki,7.36
350124,C[C@@H]1Cc2c([nH]c3ccc(O)cc23)[C@H](N1CCO)c4ccc(Cl)cc4,CHEMBL3622996,IC50,7.36
350136,Cc1cc(O)ccc1c2oc3c(Br)cc(O)cc3n2,CHEMBL187311,IC50,7.36
350147,CC(C)C1N(CCc2cc(O)ccc12)c3ccccc3,CHEMBL90008,IC50,7.37
350158,CC(C)CN1CCc2cc(O)c(C)cc2[C@H]1c3ccc(\C=C\C(=O)O)cc3,CHEMBL3775060,IC50,7.37
350169,COc1cc(O)c2c(C=O)c(oc2c1)c3ccc(O)cc3O,CHEMBL491705,IC50,7.37
350180,Oc1ccc(cc1)c2cc(Cl)c3c(Cl)c(O)ccc3c2,CHEMBL192876,IC50,7.37
350191,CC(C)CN1CCc2cc(O)ccc2[C@@H]1c3ccc(\C=C\C(=O)O)cc3,CHEMBL3774659,IC50,7.38
350203,COc1ccc(cc1)c2sc3cc(O)ccc3c2Oc4ccc(OCCN5CCCCC5)cc4,CHEMBL226267,IC50,7.38
350214,Oc1ccc(CC(c2ccc(O)cc2)C(F)(F)C(F)(F)F)cc1,CHEMBL335620,EC50,7.38
350225,CCCCC12CCC(=O)C(=C1c3ccc(O)cc3C2)c4ccccc4,CHEMBL380469,IC50,7.39
350236,COc1ccc(cc1)C2Sc3cc(O)ccc3OC2c4ccc(OCCN5CCCCC5)cc4,CHEMBL92720,IC50,7.39
350247,COc1cccc(c1)C2=C(Cc3ccc(\C=C\C(=O)O)cc3)c4ccc(O)cc4OC2=O,CHEMBL3427387,IC50,7.39
350258,Oc1ccc(cc1)[C@H]2Oc3cc(O)ccc3[C@H]4CCC[C@@H]24,CHEMBL234639,Ki,7.39
350269,Oc1ccc2C3=C(CCOc2c1)c4ccc(O)cc4O[C@H]3c5ccc(OCCCN6C(=O)CCC6=O)cc5,CHEMBL1087682,IC50,7.39
350280,CC1(N(CCc2cc(O)ccc12)c3ccccc3)c4ccc(OCCN5CCCC5)cc4,CHEMBL98558,IC50,7.4
350291,CCCCCCCCCCNCCOc1ccc(cc1)C(=O)c2c(sc3cc(O)ccc23)c4ccc(O)cc4,CHEMBL3806167,IC50,7.4
350302,CCCC[C@@]12CCC(=O)C(=C1c3ccc4[nH]ncc4c3C2=O)C(F)(F)F,CHEMBL425439,IC50,7.4
350313,CCCn1nc(c2ccc(O)cc2)c3cccc(C)c13,CHEMBL222452,IC50,7.4
350323,CCN(CC)CCOc1ccc(Cn2c(c(C)c3cc(O)ccc23)c4ccc(O)cc4)cc1,CHEMBL3657178,IC50,7.4
350338,CC\C(=C(/c1ccc(O)cc1)\c2ccc(OCCN(C)C)cc2)\c3ccccc3,CHEMBL489,IC50,7.4
350349,CN(C)CCOc1ccc(cc1)C2=C3c4ccc(O)cc4CC3(Cc5ccccc5)CCC2=O,CHEMBL214207,IC50,7.4
350360,C[C@H](CCc1ccc(O)cc1)NC(=O)Cc2c([nH]c3ccc(OCCCN4CCCCC4)cc23)c5ccccc5,CHEMBL442249,IC50,7.4
350370,Cc1c(c2ccc(F)cc2)n(Cc3ccc(OCCN4CCCCC4)cc3)c5ccc(O)cc15,CHEMBL3657155,IC50,7.4
350380,Cc1cc(O)ccc1c2ccc3c(Cl)c(O)ccc3c2,CHEMBL191300,IC50,7.4
350391,Cc1cc(O)ccc1c2ccc3cc(O)ccc3c2,CHEMBL195389,IC50,7.4
350402,Cc1ccc(cc1)n2nc(c3ccc(O)cc3O)c4ccc(O)cc24,CHEMBL426897,IC50,7.4
350413,Oc1ccc(CC(C#N)(C#N)c2ccc(O)cc2)cc1,CHEMBL132694,EC50,7.4
350424,Oc1ccc(cc1)[C@@H]2N(C(=O)C2(c3ccccc3)c4ccccc4)c5ccc(O)cc5,CHEMBL3360847,IC50,7.4
350435,Oc1ccc(cc1)[C@H]2Oc3ccccc3[C@H]4CCC[C@@H]24,CHEMBL234637,Ki,7.4
350446,Oc1ccc(cc1)c2cc(F)c3c(Cl)c(O)ccc3c2,CHEMBL193146,IC50,7.4
350457,CC(C)CN1[C@H](c2ccc(\C=C\C(=O)O)cc2)c3ccc(O)cc3CC1(C)C,CHEMBL3775540,IC50,7.41
350468,CC1(N(CCc2cc(O)ccc12)c3cccc(F)c3)c4ccc(OCCN5CCCC5)cc4,CHEMBL319211,IC50,7.41
350480,CC\C(=C(/c1ccccc1)\c2ccc(\C=C\C(=O)O)cc2)\c3ccccc3,CHEMBL33899,IC50,7.41
350491,COc1ccc2[C@H]([C@H](OCc2c1)c3ccccc3)c4ccc(OCCN5CCCC5)cc4,CHEMBL179929,IC50,7.41
350502,Oc1ccc(c(O)c1)c2nn(c3cccc(F)c3)c4cc(O)ccc24,CHEMBL221515,IC50,7.41
350513,Oc1ccc(cc1)[C@H]2[C@H](Oc3cc(O)ccc3C2=O)c4ccc(OCCN5CCCCC5)cc4,CHEMBL286115,IC50,7.41
350524,Oc1ccc2c(c1)sc3c4ccccc4n(Cc5ccc(OCCN6CCCCC6)cc5)c23,CHEMBL363412,IC50,7.41
350535,CC1(N(CCc2cc(O)ccc12)c3ccc(F)cc3)c4ccc(OCCN5CCCCC5)cc4,CHEMBL101083,IC50,7.42
350546,CCC1=N[C@@H]([C@@H](N1)c2ccc(O)cc2)c3ccc(OCCN4CCCCC4)cc3,CHEMBL192539,IC50,7.42
350557,C[C@@H]1[C@@H]([C@@H](Oc2ccc(O)cc12)c3ccc(OCCN4CCCCC4)cc3)c5ccc(O)cc5,CHEMBL180253,IC50,7.42
350567,CC1CCN(CCOc2ccc(Cn3c(c(C)c4cc(O)ccc34)c5ccc(O)cc5)cc2)CC1,CHEMBL3657151,IC50,7.43
350577,C[C@@H](CCc1ccc(O)cc1)NC(=O)Cc2c([nH]c3ccccc23)c4ccccc4,CHEMBL391909,IC50,7.43
350588,C[C@]12CC[C@H]3[C@@H](CCc4cc(O)ccc34)[C@@H]1CC[C@@]2(O)C#CC5=C(Oc6ccccc6C5=O)c7ccccc7,CHEMBL400334,Ki,7.43
350599,O\N=C\c1ccc(c2ccc(O)cc2)c3sccc13,CHEMBL231811,IC50,7.43
350610,Oc1ccc(cc1)c2nn(C3CCCCC3)c4c(Cl)cccc24,CHEMBL222454,IC50,7.43
350621,Oc1ccc2c(c(Oc3ccc(F)cc3)sc2c1)c4ccc(F)cc4,CHEMBL3764615,EC50,7.43
350632,Oc1cccc(c1)C2CCc3cc(O)ccc3N2C(=O)c4ccc(OCCN5CCCCC5)cc4,CHEMBL59311,Ki,7.43
350643,CC\C(=C(\c1ccc(\C=C\C(=O)O)cc1)/c2ccc3[nH]ncc3c2)\c4ccc(cc4)C#N,CHEMBL3581687,EC50,7.44
350654,Oc1ccc(c(Cl)c1)c2ccc3c(Cl)c(O)ccc3c2,CHEMBL191710,IC50,7.44
350665,Oc1ccc(cc1)N2C(=O)c3cc(O)cc(Br)c3C2=O,CHEMBL245133,IC50,7.44
350676,Oc1ccc2c(Oc3ccc(OCCN4CCCCC4)cc3)c(sc2c1)c5ccc(NCCCl)cc5,CHEMBL226379,IC50,7.45
350687,CC1(N(CCc2cc(O)ccc12)c3ccc(Cl)cc3)c4ccc(OCCN5CCCCC5)cc4,CHEMBL103294,IC50,7.46
350698,CCCC(=O)Oc1ccc(cc1)\C(=C(\C)/c2ccccc2)\c3ccc(OCCN(C)C)cc3,CHEMBL3775006,IC50,7.46
350709,CC\C(=C(\c1ccc(O)cc1)/c2ccc(OCCCN)cc2)\c3ccccc3,CHEMBL3422050,EC50,7.46
350720,COc1ccccc1c2[nH]c3ccccc3c2C#C[C@]4(O)CC[C@H]5[C@@H]6CCc7cc(O)ccc7[C@H]6CC[C@]45C,CHEMBL398552,Ki,7.46
350731,Cc1cc2S[C@H]([C@H](Oc2cc1O)c3ccc(OCCN4CCCCC4)cc3)c5ccc(O)cc5,CHEMBL92335,IC50,7.46
350742,OC(=O)\C=C\c1ccc(cc1)C2N(CCc3cc(O)ccc23)c4ccc(OC(F)(F)F)cc4,CHEMBL3774777,IC50,7.46
350753,Oc1cc(F)c(c(F)c1)c2ccc3c(Cl)c(O)ccc3c2,CHEMBL192260,IC50,7.46
350764,Oc1ccc2O[C@H]([C@H](Sc2c1)c3occc3)c4ccc(OCCN5CCCCC5)cc4,CHEMBL315761,IC50,7.46
350776,Oc1ccc2nc(oc2c1)c3cccc4cc(O)ccc34,CHEMBL189077,IC50,7.46
350787,Oc1cccc(c1)C2=Cc3cc(O)ccc3C24Cc5ccccc5C4,CHEMBL24950,IC50,7.46
350798,CC1(N(CCc2cc(O)ccc12)c3cccc(O)c3)c4ccc(OCCN5CCCCC5)cc4,CHEMBL100617,IC50,7.47
350809,CCCC[C@@]12CCC(=O)C(=C1c3ccc4[nH]nnc4c3C2)c5cccs5,CHEMBL214692,IC50,7.47
350820,CCCc1c(oc(c2ccc(O)cc2)c1c3ccc(OCCN4CCCCC4)cc3)c5ccc(O)cc5,CHEMBL86206,Ki,7.47
350831,CN(C(=O)C)c1ccc(cc1)[C@H]2C[C@@]3(C)[C@@H](CC[C@@]3(O)C#C)[C@@H]4CCC5=CC(=O)CCC5=C24,CHEMBL364368,Ki,7.47
350842,CCCC(=O)Oc1ccc(cc1)\C(=C(\C)/c2ccccc2)\c3ccc(OCCN4CCCCC4)cc3,CHEMBL3775375,IC50,7.48
350853,CCCCN(C)C(=O)CCCCCCCCCCS[C@H]1[C@@H]2[C@H](CC[C@]3(C)[C@@H](O)CC[C@@H]23)c4ccc(O)cc4C1=O,CHEMBL1628199,IC50,7.48
350864,Oc1ccc2c(c(Oc3ccc(F)c(F)c3)sc2c1)c4ccc(F)cc4,CHEMBL3763422,EC50,7.48
350876,Oc1ccc2c(noc2c1)c3cc(Cl)c(O)cc3O,CHEMBL362307,IC50,7.48
350887,CC(C)CN1CCN(CC1)c2ccc(cc2)C3N(CCc4cc(O)ccc34)c5cccc(O)c5,CHEMBL195118,IC50,7.5
350898,CCCCCCCCCC(=O)Oc1ccc(cc1)\C(=C(\C)/c2ccccc2)\c3ccc(OCCN(C)C)cc3,CHEMBL3775410,IC50,7.5
350909,CCCCN(C)C(=O)CCCCCCCCCCS[C@@H]1[C@H](O)c2cc(O)ccc2[C@H]3CC[C@]4(C)[C@@H](O)CC[C@H]4[C@H]13,CHEMBL1627351,IC50,7.5
350920,C[C@]1(O)CC[C@H]2[C@@H]3CC[C@H]4Cc5n[nH]cc5C[C@]4(C)[C@H]3CC[C@]12C,CHEMBL2079587,Ki,7.5
350930,C[C@]12CCC(C[C@H]1CC[C@@H]2O)c3ccc(O)cc3,CHEMBL3134122,EC50,7.5
350940,C[C@]12CC[C@H]3[C@@H](CCc4cc(O)ccc34)[C@@H]1CC=C2CO,CHEMBL3099432,Kd,7.5
350951,Cc1c(oc(c2ccc(O)cc2)c1c3ccc(OCCN4CCCCC4)cc3)c5ccc(O)cc5,CHEMBL314561,Ki,7.5
350962,CC1(N(CCc2cc(O)ccc12)c3ccc(F)cc3)c4ccc(OCCN5CCCC5)cc4,CHEMBL101997,IC50,7.51
350973,CC1(N(CCc2cc(O)ccc12)c3cccc(O)c3)c4ccc(OCCN5CCCC5)cc4,CHEMBL328388,IC50,7.51
350984,CC1=C(C(=O)c2c(O)cc(O)cc12)c3ccc(O)cc3,CHEMBL371788,IC50,7.51
350995,CCN(CC)CCOc1ccc(Cn2c3ccc(O)cc3c4sc5cc(O)ccc5c24)cc1,CHEMBL382734,IC50,7.51
351006,CN(C)c1ccc(cc1)C(=O)c2sc3cc(O)ccc3c2c4ccc(F)cc4,CHEMBL3764439,EC50,7.51
351017,CN1CCC(CC1)c2ccc(cc2)C3N(CCc4cc(O)ccc34)c5cccc(O)c5,CHEMBL372029,IC50,7.51
351028,C[C@H](CCc1ccc(O)cc1)NC(=O)Cc2c([nH]c3ccc(OCCCCN4CCCCC4)cc23)c5ccccc5,CHEMBL240230,IC50,7.51
351039,Cc1ccc(cc1)N2CCc3cc(O)ccc3C2(C)c4ccc(OCCN5CCCC5)cc4,CHEMBL327515,IC50,7.51
351050,Oc1ccc(c(O)c1)c2nn(c3cc(F)ccc3F)c4cc(O)ccc24,CHEMBL374277,IC50,7.51
351061,Oc1ccc2C(N(CCc2c1)c3ccccc3)c4ccccc4,CHEMBL91052,IC50,7.51
351072,Oc1cccc(c1)C2=Cc3ccc(O)cc3C24Cc5ccccc5C4,CHEMBL144431,IC50,7.51
351083,CCCCC12CCC(=O)C(=C1c3ccc(O)cc3C2)CCC,CHEMBL209402,IC50,7.52
351094,CCCn1c(cc(c2ccc(O)cc2)c1c3ccc(O)cc3F)c4ccc(O)cc4F,CHEMBL2178792,EC50,7.52
351105,CN(CCCc1ccc(Cl)cc1)c2nc(NCCc3ccc(O)cc3)nc(n2)N4CCN(CCO)CC4,CHEMBL347560,IC50,7.52
351115,Cc1c(c2ccc(O)cc2)n(Cc3ccc(OCCN4CCCCCCC4)cc3)c5ccc(O)cc15,CHEMBL3657144,IC50,7.52
351124,Cc1c(c2ccccc2)n(Cc3ccc(OCCN4CCCCC4)cc3)c5ccc(O)cc15,CHEMBL3657136,IC50,7.52
351134,Cc1cc(Cl)ccc1C2=C(Cc3ccc(\C=C\C(=O)O)cc3)c4ccc(O)cc4OC2=O,CHEMBL3427398,IC50,7.52
351145,O=C(CCCCCN1C(=S)Nc2ccccc2C1=O)N3CCN(CC3)c4ccncc4,CHEMBL1434556,IC50,7.52
351155,Oc1ccc(cc1)c2cc(Cl)c3cc(O)ccc3c2,CHEMBL363367,IC50,7.52
351167,Oc1ccc2c(noc2c1)c3cc(Br)c(O)cc3O,CHEMBL361078,IC50,7.52
351178,CCCc1ccc(cc1)S(=O)(=O)N2CCc3cc(O)ccc3C2c4ccc(OCCN5CCCC5)cc4,CHEMBL91740,IC50,7.53
351189,Oc1ccc2C(C3CCCCC3)N(CCc2c1)c4ccccc4,CHEMBL412907,IC50,7.53
351200,CC1(N(CCc2cc(O)ccc12)c3ccccc3)c4ccc(OCCN5CCCCC5)cc4,CHEMBL101807,IC50,7.54
351211,Oc1ccc(cc1)C2=C3c4ccc(O)cc4CC3(Cc5ccccc5)CCC2=O,CHEMBL214972,IC50,7.54
351221,Oc1ccc(cc1)c2c(Cl)c3cc(O)ccc3n2Cc4ccc(OCCN5CCCCCC5)cc4,CHEMBL3657168,IC50,7.54
351231,Oc1ccc2C(N(CCc2c1)C(=O)C(F)(F)F)c3ccc(OCCN4CCCC4)cc3,CHEMBL89994,IC50,7.54
351242,Oc1ccc2C3=C(C(=O)CCC3(Cc4ccc(Cl)cc4)Cc2c1)c5ccc(OCCN6CCCCC6)cc5,CHEMBL209530,IC50,7.54
351253,Oc1ccc2N(C(CCc2c1)c3ccccc3)C(=O)c4ccc(OCCN5CCCCC5)cc4,CHEMBL59146,Ki,7.54
351264,CC(C)Cc1cc2cc(O)ccc2c(Oc3ccc(\C=C\C(=O)O)cc3)c1c4ccccc4,CHEMBL489584,Ki,7.55
351275,CCCCCCCCCCCCCCNCCOc1ccc(cc1)C(=O)c2c(sc3cc(O)ccc23)c4ccc(O)cc4,CHEMBL3804907,IC50,7.55
351285,CCCCN(C)CCOc1ccc(Cn2c(c(C)c3cc(O)ccc23)c4ccc(O)cc4)cc1,CHEMBL3657148,IC50,7.55
351295,CC\C(=C(\c1ccc(\C=C\C(=O)O)cc1)/c2ccc3[nH]ncc3c2)\c4cccc(c4)C#N,CHEMBL3581686,EC50,7.55
351306,Cc1ccc(cc1)N2CCc3cc(O)ccc3C2(C)c4ccc(OCCN5CCCCC5)cc4,CHEMBL174502,IC50,7.55
351317,Oc1ccc(cc1)C2CN(Cc3cc(O)ccc23)S(=O)(=O)c4cccc5ccccc45,CHEMBL93792,IC50,7.55
351328,Oc1ccc2c3C(=O)c4c(O)cc(O)cc4Oc3oc2c1,CHEMBL312186,IC50,7.55
351339,CC1(N(CCc2cc(O)ccc12)c3ccc(Cl)cc3)c4ccc(OCCN5CCCC5)cc4,CHEMBL100763,IC50,7.57
351350,CCC(=C(c1ccc(O)cc1)c2ccc(OCCN)cc2)c3ccccc3,CHEMBL3350384,EC50,7.57
351361,CCCC(=O)Oc1ccc(cc1)\C(=C(\C)/c2ccccc2)\c3ccc(OCCN4CCCC4)cc3,CHEMBL3775224,IC50,7.57
351372,CCOCc1cc(O)cc2[C@@H]3CCC[C@@H]3[C@@H](Oc12)c4ccc(O)cc4,CHEMBL235386,Ki,7.57
351383,CC\C(=C(\c1ccc(O)cc1)/c2ccc(CCCN)cc2)\c3ccccc3,CHEMBL3422051,EC50,7.57
351395,CS(=O)(=O)c1ccc(cc1)c2sc3cc(O)ccc3c2Oc4ccc(OCCN5CCCCC5)cc4,CHEMBL389907,IC50,7.57
351406,C[C@]12CC[C@H]3[C@@H](CCc4cc(O)ccc34)[C@@H]1CC[C@@]2(O)C#Cc5ccc(CO)cc5,CHEMBL597693,EC50,7.57
351417,Cc1cc(F)ccc1C2=C(Oc3ccc(\C=C\C(=O)O)cc3)c4ccc(O)cc4OC2=O,CHEMBL3427401,IC50,7.57
351428,Cn1cc(nn1)[C@]2(O)CC[C@H]3[C@@H]4CCc5cc(O)ccc5[C@H]4CC[C@]23C,CHEMBL597498,EC50,7.57
351439,Oc1ccc2c(Oc3ccc(OCCN4CCCCC4)cc3)c(sc2c1)c5ccc(Br)cc5,CHEMBL389683,IC50,7.57
351450,Oc1ccc2c(c1)sc3c4ccccc4n(Cc5ccc(OCCN6CCCC6)cc5)c23,CHEMBL371308,IC50,7.57
351461,Oc1ccc2cc(ccc2c1)c3cc(F)c(O)cc3F,CHEMBL195289,IC50,7.57
351472,CCC[Si](CCC)(c1ccc(O)c(C)c1)c2ccc(O)c(C)c2,CHEMBL3235686,IC50,7.58
351483,CC(C)CN1CCc2cc(O)ccc2[C@H]1c3ccc(\C=C\C(=O)O)cc3,CHEMBL3775824,IC50,7.59
351494,CCCn1c(cc(c2ccc(O)cc2F)c1c3ccc(O)cc3)c4ccc(O)cc4,CHEMBL2179256,EC50,7.59
351505,Oc1ccc(c(F)c1)c2cc(C#N)c3cc(O)ccc3c2,CHEMBL363634,IC50,7.59
351516,Oc1ccc(cc1)c2nn3c(cc(nc3c2c4ccc(O)cc4)C(F)(F)F)C(F)(F)F,CHEMBL426073,Ki,7.59
351527,CCC(CC)(c1ccc(O)c(C)c1)c2ccc(O)c(C)c2,CHEMBL2403355,IC50,7.6
351538,CCCCC1=C2c3ccc(O)cc3CC2(Cc4ccccc4)CCC1=O,CHEMBL385514,IC50,7.6
351549,CCc1nc2cc(O)ccc2c(Oc3ccc(\C=C\C(=O)N4CCCCC4)cc3)c1c5ccccc5,CHEMBL193865,Ki,7.6
351560,CN(C)CCOc1ccc(cc1)\C(=C(\CCCC#N)/c2ccccc2)\c3ccc(O)cc3,CHEMBL204697,IC50,7.6
351571,Cc1c(c2ccc(O)cc2)n(CCCCCCN3CCCC3)c4ccc(O)cc14,CHEMBL46903,IC50,7.6
351582,Cc1cc(F)ccc1C2=C(Nc3ccc(\C=C\C(=O)O)cc3)c4ccc(O)cc4OC2=O,CHEMBL3427403,IC50,7.6
351593,Oc1ccc(cc1)[C@@H]2Sc3c(O)cc(O)cc3O[C@@H]2c4ccc(OCCN5CCCCC5)cc4,CHEMBL93308,IC50,7.6
351604,Oc1ccc2C3=C(C(=O)CCC3(Cc4ccccc4)Cc2c1)c5ccc(OCCN6CCOCC6)cc5,CHEMBL213838,IC50,7.6
351615,[Br-].CC\C(=C(/c1ccccc1)\c2ccc(OCC[N+](C)(C)C(C)C)cc2)\c3ccccc3,CHEMBL1213785,Ki,7.6
351626,Cc1ccc(cc1)S(=O)(=O)N2CCc3cc(O)ccc3C2c4ccc(OCCN5CCCC5)cc4,CHEMBL330307,IC50,7.61
351637,C[C@@]12CCc3c(sc4cc(O)ccc34)[C@@H]1CC[C@H]2O,CHEMBL335328,Ki,7.62
351650,Cn1c(cc(c2ccc(O)cc2)c1c3ccc(O)cc3)c4ccc(O)cc4F,CHEMBL2178798,EC50,7.62
351661,Oc1ccc(c(F)c1)c2ccc3cc(O)ccc3c2,CHEMBL195878,IC50,7.62
351672,Oc1ccc(c(O)c1)c2noc3cc(O)ccc23,CHEMBL360410,IC50,7.62
351682,Oc1ccc(cc1)c2c(Cl)c3cc(O)ccc3n2Cc4ccc(OCCN5CCCCC5)cc4,CHEMBL3657167,IC50,7.62
351692,Oc1ccc(cc1)c2c([nH]c3ccccc23)c4ccccc4,CHEMBL371012,IC50,7.62
351703,Oc1ccc2c(C=C(c3ccccc3)C24Cc5ccccc5C4)c1,CHEMBL144897,IC50,7.62
351715,Oc1ccc2c(noc2c1)c3ccc4c(O)cccc4c3,CHEMBL187219,IC50,7.62
351726,CC(Cc1ccc(O)cc1)(C#N)c2ccc(O)cc2,CHEMBL134646,EC50,7.64
351737,CCCC[C@@]12CCC(=O)C(=C1c3ccc4[nH]nc(F)c4c3C2)CC,CHEMBL213829,IC50,7.64
351748,CCCn1c(cc(c2ccc(O)cc2F)c1c3ccc(O)cc3F)c4ccc(O)cc4F,CHEMBL2178793,EC50,7.64
351759,CC\C(=C(\c1ccc(\C=C\C(=O)O)cc1)/c2ccc3NC(=O)Oc3c2)\c4ccccc4,CHEMBL3581637,EC50,7.64
351770,C[C@H](CCc1ccc(O)cc1)NC(=O)Cc2c([nH]c3c(OCCCCN4CCCCC4)cccc23)c5ccccc5,CHEMBL238960,IC50,7.64
351781,C[C@]12CCc3c(sc4cc(O)ccc34)[C@@H]1CC[C@H]2O,CHEMBL138544,Ki,7.64
351792,Oc1cc(C#N)c2oc(cc2c1)c3ccc(O)c(F)c3,CHEMBL185012,IC50,7.64
351803,Oc1ccc(cc1)C(=Nc2cccc(c2)C(F)(F)F)c3ccc(O)cc3,CHEMBL3234620,EC50,7.64
351814,Oc1ccc(cc1)[C@@H]2Sc3cc(Cl)c(O)cc3O[C@@H]2c4ccc(OCCN5CCCCC5)cc4,CHEMBL420623,IC50,7.64
351826,Oc1ccc(cc1)[C@@H]2Sc3cc(O)ccc3O[C@@H]2c4ccc(OCCN5CCCCC5)cc4,CHEMBL539927,IC50,7.64
351836,Oc1ccc(cc1)c2c(C#N)c3cc(O)ccc3n2Cc4ccc(OCCN5CCCCCC5)cc4,CHEMBL3657172,IC50,7.64
351846,Oc1ccc2C3=C(CCCOc2c1)c4ccc(O)cc4OC3c5ccc(OCCN6CCCCC6)cc5,CHEMBL1086644,IC50,7.64
351857,CC1=C2c3ccc(O)cc3CC2(Cc4ccc(Cl)cc4)CCC1=O,CHEMBL216024,IC50,7.66
351869,CCCc1cc(c(CCC)cc1O)c2noc3cc(O)ccc23,CHEMBL189200,IC50,7.66
351880,CN(C)CCOc1ccc(cc1)\C(=C(\C)/c2ccccc2)\c3ccc(OC(=O)C)cc3,CHEMBL3775129,IC50,7.66
351891,C[C@H](CCc1ccc(O)cc1)NC(=O)Cc2c([nH]c3cc(OCCN4CCCC4)ccc23)c5ccccc5,CHEMBL241485,IC50,7.66
351903,Cl.Oc1ccc(cc1)c2sc3cc(O)ccc3c2C(=O)c4ccc(OCCN5CCCCC5)cc4,CHEMBL1116,IC50,7.66
351913,Oc1ccc(cc1)N(C(=O)c2ccc(O)c(F)c2)c3ccc(F)cc3,CHEMBL3545017,Ki,7.66
351923,Oc1ccc(cc1)c2cc(F)c3cc(O)ccc3c2,CHEMBL192386,IC50,7.66
351936,Oc1ccc(cc1)c2ccc3c(O)cccc3c2,CHEMBL193726,IC50,7.66
351950,Oc1ccc2C3=C(C(=O)CCC3(Cc4ccccc4)Cc2c1)c5ccc(OCCN6CCCCC6)cc5,CHEMBL210063,IC50,7.66
351961,Oc1ccc2C3=C(CCOc2c1)c4ccc(O)cc4O[C@@H]3c5ccc(OCCCN6CCCCC6)cc5,CHEMBL1087546,IC50,7.66
351972,Oc1cccc(c1)N2CCc3cc(O)ccc3C2c4ccc(cc4)N5CCN(CC5)C6CCCCC6,CHEMBL191646,IC50,7.66
351983,COc1cc(O)c(Br)c2cc(oc12)c3ccc(O)cc3,CHEMBL433944,IC50,7.68
351994,Oc1ccc(cc1)[C@H]2Sc3cc(O)ccc3S[C@H]2c4ccc(OCCN5CCCCC5)cc4,CHEMBL331996,IC50,7.68
352005,Oc1ccc2C(=O)N(C(=O)c2c1)c3ccc(O)cc3[N+](=O)[O-],CHEMBL394788,IC50,7.68
352016,Oc1ccc2C(N(CCc2c1)c3ccccc3)c4ccc(OCCN5CCCC5)cc4,CHEMBL316080,IC50,7.68
352027,Oc1ccc2cc(cc(F)c2c1)c3ccc(O)c(F)c3,CHEMBL363425,IC50,7.68
352038,CC(C)n1nc(c2ccc(O)cc2C)c3cccc(c13)C(F)(F)F,CHEMBL222580,IC50,7.7
352048,CC1CCCCN1CCOc2ccc(Cn3c(c(C)c4cc(O)ccc34)c5ccc(O)cc5)cc2,CHEMBL3657149,IC50,7.7
352058,CNCCOc1ccc2C(=C(CCCc2c1)c3ccccc3)c4ccc(O)cc4,CHEMBL3290283,EC50,7.7
352069,C[C@H](CCc1ccc(O)cc1)NC(=O)Cc2c(c3ccccc3)n(Cc4ccc(OCCN5CCCCC5)cc4)c6ccccc26,CHEMBL240227,IC50,7.7
352080,Cc1cc(ccc1O)c2cc(cc(n2)N3CCC(Cc4ccccc4)CC3)c5ccccc5,CHEMBL58714,Ki,7.7
352091,O\N=C\c1ccc(c2ccc(O)cc2)c3ccsc13,CHEMBL394357,IC50,7.7
352103,Oc1ccc(CC(C#N)c2ccc(O)cc2)cc1,CHEMBL334773,EC50,7.7
352114,Oc1ccc(cc1)C2CN(Cc3ccccc3)Cc4cc(O)ccc24,CHEMBL93826,IC50,7.7
352125,Nc1ccc(cc1)c2sc3cc(O)ccc3c2Oc4ccc(OCCN5CCCCC5)cc4,CHEMBL226329,IC50,7.71
352136,Oc1cccc(c1)N2CCc3cc(O)ccc3C2c4ccc(cc4)N5CCN(CC5)C6CCCC6,CHEMBL195466,IC50,7.71
352147,CC(C)CN1[C@H](C)Cc2cc(O)ccc2[C@H]1c3ccc(\C=C\C(=O)O)cc3,CHEMBL3775378,IC50,7.72
352158,CC1=C(c2ccc(O)cc2)C3(Cc4ccccc4C3)c5ccc(O)cc15,CHEMBL145576,IC50,7.72
352168,C[C@H](CCC(=O)O)[C@H]1CC[C@H]2[C@@H]3[C@H](O)C[C@@H]4CC(CC[C@]4(C)[C@H]3C[C@H](O)[C@]12C)N(C)S(=O)(=O)CCCN(C)c5ccc(cc5)[C@H]6C[C@@]7(C)[C@@H](CC[C@@]7(O)C#C)[C@@H]8CCC9=CC(=O)CCC9=C68,CHEMBL406027,Ki,7.72
352178,Cc1c(c2cccc(O)c2)n(Cc3ccc(OCCN4CCCCC4)cc3)c5ccc(O)cc15,CHEMBL3657160,IC50,7.72
352188,Oc1ccc2C(N(CCc2c1)c3ccccc3)c4ccc(OCCN5CCCCC5)cc4,CHEMBL101382,IC50,7.72
352199,Oc1ccc2c(c3ccc(F)cc3)c(sc2c1)C(=O)c4ccc(F)cc4,CHEMBL3765354,EC50,7.73
352210,CN1CCN(CC1)c2ccc(cc2)C3N(CCc4cc(O)ccc34)c5cccc(O)c5,CHEMBL194334,IC50,7.74
352221,CC(=O)C(Cc1ccc(O)cc1)c2ccc(O)cc2,CHEMBL135649,EC50,7.75
352232,CN(C)CCOc1ccc(Cn2c3ccc(O)cc3c4sc5cc(O)ccc5c24)cc1,CHEMBL371072,IC50,7.75
352244,Oc1ccc(cc1)C(C#N)C(C#N)c2ccc(O)cc2,CHEMBL342418,EC50,7.75
352255,Oc1ccc(cc1)[C@H]2Sc3cc(O)ccc3S[C@H]2c4ccc(OCCN5CCCC5)cc4,CHEMBL126164,IC50,7.75
352266,Oc1ccc(cc1)c2nn(C3CCCC3)c4c(F)cccc24,CHEMBL373743,IC50,7.75
352277,Oc1ccc2c(c1)sc3c4ccccc4n(Cc5ccc(OCCN6CCCCCC6)cc5)c23,CHEMBL195371,IC50,7.75
352288,Oc1ccc2c(Oc3ccc(OCCN4CCCCC4)cc3)c(sc2c1)c5ccc(F)cc5,CHEMBL226269,IC50,7.76
352300,CC\C(=C(/c1ccc(O)cc1)\c2ccc(OCCN)cc2)\c3ccccc3,CHEMBL2386284,EC50,7.77
352311,COc1ccc(cc1)\N=C(/c2ccc(O)cc2)\c3ccc(O)cc3O,CHEMBL3234636,EC50,7.77
352322,Cc1ccc(cc1)C2=C(Cc3cc(O)ccc23)c4ccc(O)cc4,CHEMBL197188,EC50,7.77
352333,Cc1cccc(c1)C2=C(Cc3ccc(\C=C\C(=O)O)cc3)c4ccc(O)cc4OC2=O,CHEMBL3427386,IC50,7.77
352344,O\N=C\c1cc(ccc1O)c2ccc(O)cc2,CHEMBL480420,EC50,7.77
352355,Oc1ccc(cc1)C2=C(c3ccc(Cl)cc3)c4ccc(O)cc4C2,CHEMBL364442,EC50,7.77
352366,CCOC(=O)C1(Cc2ccc(cc2C1)[C@]3(O)CC[C@H]4[C@@H]5CCc6cc(O)ccc6[C@H]5CC[C@]34C)C(=O)C,CHEMBL1098709,EC50,7.78
352377,Fc1ccc2C(=C(CCOc2c1)c3ccccc3)c4ccc(OCCN5CCCC5)cc4,CHEMBL469512,IC50,7.79
352388,CC[C@@H]([C@H](CC)c1ccc(O)cn1)c2ccc(O)cc2,CHEMBL552019,EC50,7.8
352399,CCc1nc2cc(O)ccc2c(Oc3ccc(\C=C\C(=O)N)cc3)c1c4ccccc4,CHEMBL363630,Ki,7.8
352410,CN(C)CCOc1ccc(cc1)C23CC4CC(CC(C4)(C2)c5ccc(O)cc5)C3,CHEMBL3288736,EC50,7.8
352421,CN(C)CCOc1ccc(cc1)[C@H]2Oc3ccccc3C4=C2c5ccc(O)cc5OCC4,CHEMBL1086389,IC50,7.8
352432,COc1ccccc1OS(=O)(=O)C2CC3OC2C(=C3c4ccc(O)cc4)c5ccc(NC(=O)CCCCCCC(=O)O)cc5,CHEMBL3589359,EC50,7.8
352443,Cc1cc(O)ccc1C(Cc2ccc(O)cc2)C#N,CHEMBL135597,EC50,7.8
352454,Cc1ccc(cc1)\N=C(/c2ccc(O)cc2)\c3ccc(O)cc3O,CHEMBL3234629,EC50,7.8
352465,Cn1c(cc(c2ccc(O)cc2)c1c3ccc(O)cc3Cl)c4ccc(O)cc4,CHEMBL2179252,EC50,7.8
352476,Oc1ccc(cc1)[C@H]2Sc3cc(O)ccc3O[C@H]2c4ccc(OCCN5CCC(F)(F)CC5)cc4,CHEMBL435696,IC50,7.8
352487,CC\C(=C(/c1ccc2[nH]ncc2c1)\c3ccc(\C=C\C(=O)O)cc3C)\c4ccccc4,CHEMBL3581643,EC50,7.82
352498,CC\C(=C(\c1ccc(O)cc1)/c2ccc(OCCN)cc2)\c3ccc(O)cc3,CHEMBL3422028,EC50,7.82
352509,CN(C)CCOc1ccc2C(=C(CCCc2c1)c3ccccc3)c4ccc(O)cc4,CHEMBL23698,EC50,7.82
352519,Cc1c(F)cccc1C(=O)N(c2ccc(O)cc2)c3ccc(O)cc3,CHEMBL3645271,Ki,7.82
352529,Cn1c(cc(c2ccc(O)cc2)c1c3ccc(O)cc3F)c4ccc(O)cc4F,CHEMBL2179257,EC50,7.82
352540,Oc1ccc(c(O)c1)c2nn(c3cc(Cl)ccc3Cl)c4cc(O)ccc24,CHEMBL389394,IC50,7.82
352551,Oc1ccc(cc1)C2=C(c3ccc(cc3)C(F)(F)F)c4ccc(O)cc4C2,CHEMBL197080,EC50,7.82
352561,Oc1ccc(cc1)N(C(=O)c2ccc(O)c(F)c2)c3ccccc3,CHEMBL3645270,Ki,7.82
352571,Oc1ccc(cc1)\C(=N/c2cccc(Cl)c2)\c3ccc(O)cc3O,CHEMBL3234631,EC50,7.82
352582,Oc1cccc(c1)[C@H]2Sc3cc(O)ccc3S[C@H]2c4ccc(OCCN5CCCCC5)cc4,CHEMBL341367,IC50,7.82
352592,Oc1ccc(cc1)N(C(=O)c2ccc(F)cc2C(F)(F)F)c3ccc(OCCN4CCCCC4)cc3,CHEMBL3645269,Ki,7.83
352602,Oc1ccc(cc1)[C@H]2Oc3ccc(O)cc3[C@H]4CCC[C@@H]24,CHEMBL216355,Ki,7.84
352613,Oc1ccc(cc1)c2sc3cc(O)ccc3c2C(=O)c4ccc(cc4)N5CCN(CC5)C(=O)c6ccncc6,CHEMBL362425,IC50,7.84
352624,CC1=C2c3ccc(O)cc3CC2(Cc4ccccc4)CCC1=O,CHEMBL214091,IC50,7.85
352635,CCCCC(CCCC)(c1ccc(O)c(C)c1)c2ccc(O)c(C)c2,CHEMBL2403357,IC50,7.85
352646,CCCCCCCCCCCCNCCOc1ccc(cc1)\C(=C(\CC)/c2ccccc2)\c3ccc(O)cc3,CHEMBL3098274,IC50,7.85
352657,CCOC(=O)C1(Cc2ccc(cc2C1)[C@]3(O)CC[C@H]4[C@@H]5CCc6cc(O)ccc6[C@H]5CC[C@]34C)C(=O)OCC,CHEMBL1096975,EC50,7.85
352668,CC[C@H]1[C@@H]([C@@H](Oc2ccc(O)cc12)c3ccc(OCCN4CCCCC4)cc3)c5ccc(O)cc5,CHEMBL178559,IC50,7.85
352679,CC\C(=C(\c1ccc(\C=C\C(=O)O)cc1)/c2ccc3[nH]nnc3c2)\c4ccccc4,CHEMBL3581640,EC50,7.85
352689,C[C@H](CCC(=O)O)[C@H]1CC[C@H]2[C@@H]3[C@H](O)C[C@@H]4C[C@H](CC[C@]4(C)[C@H]3C[C@H](O)[C@]12C)OCCOCCN(C)c5ccc(cc5)[C@H]6C[C@@]7(C)[C@@H](CC[C@@]7(O)C#C)[C@@H]8CCC9=CC(=O)CCC9=C68,CHEMBL2096708,Ki,7.85
352700,Cc1cc(O)cc2O[C@@H]([C@@H](C(=O)c12)c3ccc(O)cc3)c4ccc(OCCN5CCCCC5)cc4,CHEMBL30950,IC50,7.85
352711,Cc1cccc(c1)\N=C(/c2ccc(O)cc2)\c3ccc(O)cc3O,CHEMBL3234628,EC50,7.85
352722,Oc1ccc(cc1)C2=C(Cc3ccccc3)c4ccc(O)cc4C2,CHEMBL199140,EC50,7.85
352733,Oc1ccc(cc1)N=C(c2ccc(O)cc2)c3ccc(O)cc3,CHEMBL3234624,EC50,7.85
352744,Oc1cccc(c1)C2=C(c3ccc(OCCN4CCCC4)cc3)c5ccc(F)cc5OCC2,CHEMBL471627,IC50,7.85
352755,Oc1ccc2c(c3ccc(F)cc3)c(sc2c1)C(=O)C4CC4,CHEMBL3764503,EC50,7.86
352766,Oc1ccc(cc1)[C@@H]2Sc3cc(O)c(F)cc3O[C@@H]2c4ccc(OCCN5CCCCC5)cc4,CHEMBL316119,IC50,7.87
352777,[Br-].CC\C(=C(/c1ccccc1)\c2ccc(OCC[N+](C)(C)CC)cc2)\c3ccccc3,CHEMBL1213784,Ki,7.87
352789,CCCc1cc(c(CC)cc1O)c2noc3cc(O)ccc23,CHEMBL186598,IC50,7.89
352799,CC[C@H](C)[C@@H]1NC(=O)[C@@H](CSSC[C@H](NC(=O)[C@H](CC(C)C)NC1=O)C(=O)N[C@@H](CCCNC(=N)N)C(=O)NC(CC(C)(C)C)C(=O)N[C@@H](CC(C)C)C(=O)N[C@@H](CCC(=O)N)C(=O)N)NC(=O)[C@@H](N)CCCNC(=N)N,CHEMBL3597499,IC50,7.89
352810,CN(C)CCOc1ccc(cc1)[C@@H]2Oc3ccccc3C4=C2c5ccc(O)cc5OCC4,CHEMBL1084127,IC50,7.89
352821,CN(C)CCOc1ccc(cc1)\C(=C(\CCCN=[N+]=[N-])/c2ccccc2)\c3ccc(O)cc3,CHEMBL202615,IC50,7.89
352832,COc1ccc2[C@H]([C@H](SCc2c1)c3ccccc3)c4ccc(OCCN5CCCC5)cc4,CHEMBL180085,IC50,7.89
352843,C[C@@]12CCc3c(sc4cc(O)ccc34)[C@H]1CC[C@H]2O,CHEMBL335884,Ki,7.89
352854,C[C@H](CCc1ccc(O)cc1)NC(=O)Cc2c([nH]c3c(OCCCCCN4CCCCC4)cccc23)c5ccccc5,CHEMBL241257,IC50,7.89
352865,C[C@H](CCc1ccc(O)cc1)NC(=O)Cc2c([nH]c3cc(OCCCN4CCCCC4)ccc23)c5ccccc5,CHEMBL241304,IC50,7.89
352875,Cc1c(c2ccc(O)c(F)c2)n(Cc3ccc(OCCN4CCCCCC4)cc3)c5ccc(O)cc15,CHEMBL3657163,IC50,7.89
352884,Cc1cc(O)ccc1c2c(Cl)c3cc(O)ccc3n2Cc4ccc(OCCN5CCCCC5)cc4,CHEMBL3657169,IC50,7.89
352893,Oc1ccc(CN(c2ccc(O)cc2)c3ccc(F)cc3)cc1,CHEMBL3645268,Ki,7.89
352903,Oc1ccc2C3=C(CCOc2c1)c4ccc(O)cc4OC3c5ccc(OCCN6CCCCC6)cc5,CHEMBL1087419,IC50,7.89
352914,[Br-].CCCC[N+](C)(C)CCOc1ccc(cc1)\C(=C(\CC)/c2ccccc2)\c3ccccc3,CHEMBL1213786,Ki,7.89
352925,CC(=O)Oc1ccc(cc1)\C(=C(\C)/c2ccccc2)\c3ccc(OCCN4CCCCC4)cc3,CHEMBL3775283,IC50,7.91
352936,Oc1ccc(cc1)[C@@H]2Oc3ccc(O)cc3[C@@H]4C[C@@H](C[C@H]24)C(F)(F)F,CHEMBL235829,Ki,7.91
352947,CC(C)CN1[C@H](C)Cc2cc(O)ccc2[C@@]1(C)c3ccc(\C=C\C(=O)O)cc3,CHEMBL3775242,IC50,7.92
352960,CC\C(=C(/c1ccc(O)cc1)\c2ccc(\C=C\C(=O)O)cc2)\c3ccccc3,CHEMBL195515,IC50,7.92
352974,COCc1cc(O)cc2[C@@H]3CCC[C@@H]3[C@@H](Oc12)c4ccc(O)cc4,CHEMBL236086,Ki,7.92
352985,CSC1=C(C(=O)c2cc(O)ccc12)c3ccc(O)cc3,CHEMBL191841,IC50,7.92
352995,C[C@H](CCC(=O)O)[C@H]1CC[C@H]2[C@@H]3[C@H](O)C[C@@H]4CC(CC[C@]4(C)[C@H]3C[C@H](O)[C@]12C)OCCN(C)c5ccc(cc5)[C@H]6C[C@@]7(C)[C@@H](CC[C@@]7(O)C#C)[C@@H]8CCC9=CC(=O)CCC9=C68,CHEMBL427568,Ki,7.92
353006,Oc1cc(Br)c2oc(cc2c1)c3ccc(O)c(F)c3,CHEMBL182850,IC50,7.92
353017,Oc1ccc2OC(C(Sc2c1)c3ccccc3)c4ccc(OCCN5CCCCC5)cc4,CHEMBL420611,IC50,7.92
353028,CC(C)(C)[C@H]1Sc2cc(O)ccc2O[C@H]1c3ccc(OCCN4CCCCC4)cc3,CHEMBL419110,IC50,7.96
353039,CC(C)n1nc(c2ccc(O)cc2)c3cccc(c13)C(F)(F)F,CHEMBL386502,EC50,7.96
353050,CC(CCc1ccccc1)NC(=O)Cc2c([nH]c3ccccc23)c4ccccc4,CHEMBL241300,IC50,7.96
353061,CCCCCCCCCCCCCCCCNCCOc1ccc(cc1)C(=O)c2c(sc3cc(O)ccc23)c4ccc(O)cc4,CHEMBL3805025,IC50,7.96
353072,CCCCCCCCCCCCCCNCCOc1ccc(cc1)\C(=C(\CC)/c2ccccc2)\c3ccc(O)cc3,CHEMBL3586192,IC50,7.96
353083,CC\C(=C(\c1ccc(\C=C\C(=O)O)c(OC)c1)/c2ccc3[nH]ncc3c2)\c4ccccc4,CHEMBL3581646,EC50,7.96
353094,CN(C)CCOc1ccc(cc1)[C@@H]2Oc3cc(O)ccc3C4=C2c5ccc(O)cc5OCC4,CHEMBL1085668,IC50,7.96
353105,CN(C)CCOc1ccc(cc1)[C@@H]2Oc3cc(O)ccc3C4=C2c5ccccc5OCC4,CHEMBL1087919,IC50,7.96
353116,COc1cc(F)ccc1C2=C(Cc3ccc(\C=C\C(=O)O)cc3)c4ccc(O)cc4OC2=O,CHEMBL3427396,IC50,7.96
353126,C[C@H](CCC(=O)O)[C@H]1CC[C@H]2[C@@H]3[C@H](O)C[C@@H]4CC(CC[C@]4(C)[C@H]3C[C@H](O)[C@]12C)OC(=O)NCC(=O)N(C)c5ccc(cc5)[C@H]6C[C@@]7(C)[C@@H](CC[C@@]7(O)C#C)[C@@H]8CCC9=CC(=O)CCC9=C68,CHEMBL411185,Ki,7.96
353136,Oc1ccc(cc1)c2c(C#N)c3cc(O)ccc3n2Cc4ccc(OCCN5CCCCC5)cc4,CHEMBL3657171,IC50,7.96
353146,Oc1ccc2C3=C(CCOc2c1)c4ccccc4O[C@@H]3c5ccc(OCCN6CCCCCC6)cc5,CHEMBL1082539,IC50,7.96
353157,Oc1ccc2c(Oc3ccc(OCCN4CCCCC4)cc3)c(sc2c1)c5ccccc5,CHEMBL226327,IC50,7.96
353168,Oc1ccc(cc1)C2=C(c3ccc(OCCN4CCCC4)cc3)c5ccc(F)cc5OCC2,CHEMBL471626,IC50,7.98
353179,COc1ccc2C(=C(CCOc2c1)c3ccc(O)cc3)c4ccc(OCCN5CCCC5)cc4,CHEMBL469510,IC50,7.99
353190,Oc1ccc2cc(ccc2c1)c3c(F)cc(O)cc3F,CHEMBL192621,IC50,7.99
353201,CCSC1=C(C(=O)c2cc(O)ccc12)c3ccc(O)cc3,CHEMBL193108,IC50,8.0
353212,CC\C(=C(\c1ccc(\C=C\C(=O)O)cc1)/c2ccc3[nH]ncc3c2)\c4ccc(Cl)cc4,CHEMBL3581684,EC50,8.0
353223,CCc1nc2cc(O)ccc2c(Oc3ccc(\C=C\C(=O)N(C)C)cc3)c1c4ccccc4,CHEMBL194774,Ki,8.0
353234,CCc1nc2cc(O)ccc2c(Oc3ccc(\C=C\C(=O)NC(C)C)cc3)c1c4ccccc4,CHEMBL370750,Ki,8.0
353245,COC[C@H](C)CN1[C@@H](c2ccc(O)cc2CC1(C)C)c3c(F)cc(\C=C\C(=O)O)cc3F,CHEMBL3774944,IC50,8.0
353256,CSCCC\C(=C(/c1ccc(O)cc1)\c2ccc(OCCN(C)C)cc2)\c3ccccc3,CHEMBL369935,IC50,8.0
353266,C[C@H](CCC(=O)NCCS(=O)(=O)O)[C@H]1CC[C@H]2[C@@H]3[C@H](O)C[C@@H]4CC(CC[C@]4(C)[C@H]3C[C@H](O)[C@]12C)OCCN(C)c5ccc(cc5)[C@H]6C[C@@]7(C)[C@@H](CC[C@@]7(O)C#C)[C@@H]8CCC9=CC(=O)CCC9=C68,CHEMBL407672,Ki,8.0
353277,C[C@H](CCc1ccc(O)cc1)NC(=O)Cc2c([nH]c3cc(OCCCCN4CCCCC4)ccc23)c5ccccc5,CHEMBL241484,IC50,8.0
353288,C[C@]12CC[C@H]3[C@@H](CCc4cc(O)ccc34)[C@@H]1CC[C@@]2(O)C#Cc5ccc(N)cc5,CHEMBL603966,EC50,8.0
353299,C[C@]12CCc3c(sc4cc(O)ccc34)[C@H]1CC[C@@H]2O,CHEMBL135180,Ki,8.0
353310,Cc1cc2C(=C(C(=O)Oc2cc1O)c3ccc(OC(F)(F)F)cc3)Cc4ccc(\C=C\C(=O)O)cc4,CHEMBL3425530,IC50,8.0
353321,Oc1ccc(C2N=CN(CC#C)C2c3ccc(O)cc3Cl)c(Cl)c1,CHEMBL485712,EC50,8.0
353332,Oc1ccc(c(Cl)c1)c2ccc3cc(O)ccc3c2,CHEMBL195311,IC50,8.0
353343,Oc1ccc(cc1)C(=Nc2cccc(Cl)c2)c3ccc(O)cc3,CHEMBL3234618,EC50,8.0
353354,Oc1ccc(cc1)C2=C(c3ccccc3)c4cc(O)ccc4C2=O,CHEMBL373095,IC50,8.0
353365,Oc1ccc(cc1)[C@@H]2Sc3ccccc3O[C@@H]2c4ccc(OCCN5CCCCC5)cc4,CHEMBL68940,IC50,8.0
353376,Oc1ccc(cc1)\C(=N/c2ccc(F)cc2)\c3ccc(O)cc3O,CHEMBL3234634,EC50,8.0
353387,Oc1ccc2C3=C(CCOc2c1)c4ccc(O)cc4O[C@H]3c5ccc(OCCN6CCOCC6)cc5,CHEMBL1087812,IC50,8.0
353398,Oc1ccc2c(c1)sc3c4cc(O)ccc4n(Cc5ccc(OCCN6CCOCC6)cc5)c23,CHEMBL370282,IC50,8.0
353409,Oc1ccc(cc1)[C@@H]2Sc3cc(O)ccc3O[C@H]2c4ccc(OCCN5CCCCC5)cc4,CHEMBL2111532,IC50,8.02
353420,C[C@H](CCc1ccc(O)cc1)NC(=O)Cc2c([nH]c3cc(OCCCN4CCCC4)ccc23)c5ccccc5,CHEMBL393982,IC50,8.04
353431,Oc1ccc2C(N(Cc3ccc4OCOc4c3)CCc2c1)c5ccc(OCCN6CCCC6)cc5,CHEMBL92900,IC50,8.04
353442,CCCCN(C)C(=O)CCCCCCCCCCS[C@@H]1Cc2cc(O)ccc2[C@H]3CC[C@]4(C)[C@@H](O)CC[C@H]4[C@H]13,CHEMBL1627354,IC50,8.05
353453,CCN(CC)CCOc1ccc(cc1)[C@@H]2Oc3ccccc3C4=C2c5ccc(O)cc5OCC4,CHEMBL1084129,IC50,8.05
353464,CCc1ccc2c(c1)C(Cc3cc(O)cc(C)c23)c4ccc(OCCN5CCOCC5)cc4,CHEMBL3815076,IC50,8.05
353475,COc1ccc2C3=C([C@H](Oc2c1)c4ccc(OCCN5CCCCC5)cc4)c6ccc(O)cc6OCC3,CHEMBL1088483,IC50,8.05
353485,Cc1c(c2cccc(O)c2)n(Cc3ccc(OCCN4CCCCCC4)cc3)c5ccc(O)cc15,CHEMBL3657161,IC50,8.05
353495,OC(=O)\C=C\c1ccc(CC2=C(C(=O)Oc3cc(O)ccc23)c4ccc(F)cc4)cc1,CHEMBL3427389,IC50,8.05
353506,Oc1ccc(c(Cl)c1)c2cc(c3ccc(O)cc3Cl)c(s2)c4ccc(O)cc4Cl,CHEMBL2332582,EC50,8.05
353517,Oc1ccc(cc1)C2=C(c3ccccc3)c4ccc(O)cc4C2=O,CHEMBL192586,IC50,8.05
353527,Oc1ccc(cc1)N(C(=O)c2ccc3ccccc3c2)c4ccc(O)cc4,CHEMBL3645266,Ki,8.05
353537,Oc1ccc(cc1)\C(=N/c2ccc(Br)cc2)\c3ccc(O)cc3O,CHEMBL3234635,EC50,8.05
353548,C(CN1CCC1)Oc2ccc(cc2)C3=C(CCOc4ccccc34)c5ccccc5,CHEMBL513397,IC50,8.06
353559,CCc1ccc2c(c1)C(Cc3cc(O)cc(C)c23)c4ccc(OCCN5CCCCC5)cc4,CHEMBL30996,Ki,8.06
353570,CN1CCN(CCOc2ccc(cc2)[C@H]3Oc4cc(O)ccc4C5=C3c6ccc(O)cc6OCC5)CC1,CHEMBL1084922,IC50,8.06
353580,C[C@H](CCC(=O)O)[C@H]1CC[C@H]2[C@@H]3[C@H](O)C[C@@H]4CC(CC[C@]4(C)[C@H]3C[C@H](O)[C@]12C)OCCCN(C)c5ccc(cc5)[C@H]6C[C@@]7(C)[C@@H](CC[C@@]7(O)C#C)[C@@H]8CCC9=CC(=O)CCC9=C68,CHEMBL415621,Ki,8.06
353591,Oc1ccc2O[C@H]([C@H](Sc2c1)c3cccs3)c4ccc(OCCN5CCCCC5)cc4,CHEMBL83623,IC50,8.06
353602,Oc1ccc(cc1)c2noc(c2c3ccccc3)C(F)(F)F,CHEMBL200021,IC50,8.07
353613,Oc1ccc(cc1)C2=C(c3ccc(OCCN4CCCC4)cc3)c5ccc(O)cc5OCC2,CHEMBL469511,IC50,8.08
353624,Oc1ccc(cc1)[C@@H]2Oc3ccc(O)cc3[C@@H]4CC(F)(F)C[C@H]24,CHEMBL236718,Ki,8.08
353635,OC(=O)\C=C\c1ccc(CC2=C(C(=O)Oc3cc(O)ccc23)c4ccccc4)cc1,CHEMBL3427385,IC50,8.09
353646,CC\C(=C(\c1ccc(\C=C\C(=O)O)cc1)/c2ccc3[nH]ncc3c2)\c4ccncc4C,CHEMBL3581678,EC50,8.1
353657,CCc1nc2cc(O)ccc2c(Oc3ccc(OCCN(C)C)cc3)c1c4ccccc4,CHEMBL195080,Ki,8.1
353668,CN(C)C(=O)\C=C\c1ccc(cc1)N2CCc3cc(O)ccc3C2c4ccccc4,CHEMBL93391,IC50,8.1
353679,COc1ccc(cc1)[C@H]2[C@H](C(O)c3ccc(O)cc3)C(=O)N2c4cc(OC)c(OC)c(OC)c4,CHEMBL3360850,IC50,8.1
353690,C[C@H](CCc1ccc(O)cc1)NC(=O)Cc2c([nH]c3cc(OCCN4CCCCC4)ccc23)c5ccccc5,CHEMBL241303,IC50,8.1
353704,C[C@]12CCc3c(ccc4cc(O)ccc34)[C@@H]1CC[C@H]2O,CHEMBL135236,Ki,8.1
353716,Oc1ccc2c(noc2c1)c3ccc4cc(O)ccc4c3,CHEMBL187105,IC50,8.1
353727,CC(=O)Oc1ccc(cc1)\C(=C(\C)/c2ccccc2)\c3ccc(OCCN4CCCC4)cc3,CHEMBL3775434,IC50,8.11
353738,C[C@H](CCc1ccc(O)cc1)NC(=O)Cc2c(c3ccccc3)n(Cc4ccc(OCCCN5CCCCC5)cc4)c6ccccc26,CHEMBL238961,IC50,8.11
353749,Oc1ccc(cc1)c2sc3cc(O)ccc3c2Oc4ccc(OCCN5CCCCC5)cc4,CHEMBL226268,IC50,8.11
353760,C[C@H](CF)CN1[C@H](c2ccc(\C=C\C(=O)O)cc2)c3ccc(O)cc3CC1(C)C,CHEMBL3775833,IC50,8.13
353771,Cc1cc(F)ccc1C2=C(Oc3ccc(\C=C\C(=O)O)cc3)c4cc(F)c(O)cc4OC2=O,CHEMBL3427406,IC50,8.13
353782,Oc1ccc2O[C@H]([C@@H](Cc3ccccc3)Sc2c1)c4ccc(OCCN5CCCCC5)cc4,CHEMBL85536,IC50,8.13
353793,Oc1ccc2O[C@H]([C@H](Sc2c1)C3CCCCCC3)c4ccc(OCCN5CCCCC5)cc4,CHEMBL316132,IC50,8.13
353804,OCCC1CCN(CCOc2ccc(cc2)[C@@H]3Oc4ccc(O)cc4S[C@@H]3c5ccc(O)cc5)CC1,CHEMBL365484,IC50,8.14
353815,Oc1ccc(cc1)[C@@H]2Oc3ccc(O)cc3[C@@H]4C[C@H](C[C@H]24)C(F)(F)F,CHEMBL391532,Ki,8.14
353825,Cc1cccc(C(=O)N(c2ccc(O)cc2)c3ccc(O)cc3)c1C,CHEMBL3645265,Ki,8.15
353835,CC(C)[C@H]1Sc2cc(O)ccc2O[C@H]1c3ccc(OCCN4CCCCC4)cc3,CHEMBL313825,IC50,8.16
353846,CCN(CC)CCOc1ccc(cc1)[C@@H]2Oc3cc(F)ccc3C4=C2c5ccc(O)cc5OCC4,CHEMBL1084120,IC50,8.16
353857,Cc1cc(OC(F)(F)F)ccc1C2=C(Cc3ccc(\C=C\C(=O)O)cc3)c4ccc(O)cc4OC2=O,CHEMBL3427399,IC50,8.16
353868,Cc1ccccc1N=C(c2ccc(O)cc2)c3ccc(O)cc3,CHEMBL3234614,EC50,8.16
353879,Oc1ccc(cc1)C2=C(c3ccc(O)cc3)c4ccc(O)cc4C2,CHEMBL26865,EC50,8.16
353890,Oc1ccc(cc1)\C(=N/c2ccccc2)\c3ccc(O)cc3O,CHEMBL3234626,EC50,8.16
353901,Oc1ccc(cc1)\N=C(/c2ccc(O)cc2)\c3ccc(O)cc3O,CHEMBL3234637,EC50,8.16
353912,Oc1ccc(cc1)c2nn3c(cc(nc3c2c4ccc(OCCN5CCCCC5)cc4)C(F)(F)F)C(F)(F)F,CHEMBL218220,Ki,8.16
353923,COc1ccc2C(=C(CCOc2c1)c3ccc(O)cc3)c4ccc(OCCN5CCC5)cc4,CHEMBL511269,IC50,8.17
353934,Cc1cc(O)ccc1CC(C#N)c2ccc(O)cc2,CHEMBL135695,EC50,8.17
353945,Nc1ccc(cc1)C2=C(Cc3cc(O)ccc23)c4ccc(O)cc4,CHEMBL380565,EC50,8.17
353956,Oc1ccc(cc1)[C@@H]2Cc3ccc(O)cc3O[C@@H]2c4ccc(OCCN5CCCCC5)cc4,CHEMBL30439,IC50,8.17
353967,Oc1ccc(cc1)c2oc3c(Cl)cc(O)cc3c2,CHEMBL184448,IC50,8.17
353978,Oc1ccc2C(Cc3ccccc3)N(CCc2c1)c4ccccc4,CHEMBL315866,IC50,8.17
353989,C[C@H](CCc1ccc(O)cc1)NC(=O)Cc2c([nH]c3ccc(OCCCCCN4CCCCC4)cc23)c5ccccc5,CHEMBL241256,IC50,8.18
354000,CC(C)(F)CN1[C@H](c2ccc(\C=C\C(=O)O)cc2)c3ccc(O)cc3CC1(C)C,CHEMBL3774447,IC50,8.19
354011,CC(C)CN1[C@H](C)Cc2c([nH]c3ccccc23)[C@H]1c4ccc(\C=C\C(=O)O)cc4,CHEMBL3623001,IC50,8.19
354022,CC(Cc1ccc(O)cc1)c2ccc(O)cc2,CHEMBL554507,EC50,8.19
354033,Oc1ccc(cc1)C2=C(c3ccc(OCCN4CCCCC4)cc3)c5ccc(F)cc5OCC2,CHEMBL511971,IC50,8.19
354044,COc1ccc2C3=C([C@@H](Oc2c1)c4ccc(OCCN5CCCCC5)cc4)c6ccc(O)cc6OCC3,CHEMBL1082864,IC50,8.2
354055,C[C@H](CN1CCCC1)Oc2ccc(cc2)[C@@H]3Oc4ccc(O)cc4S[C@@H]3c5ccc(O)cc5,CHEMBL183044,IC50,8.2
354066,Oc1ccc2C3=C([C@@H](Oc2c1)c4ccc(OCCN5CCCCC5)cc4)c6ccccc6OCC3,CHEMBL1086652,IC50,8.2
354076,C[C@H](CCC(=O)O)[C@H]1CC[C@H]2[C@@H]3[C@H](O)C[C@@H]4CC(CC[C@]4(C)[C@H]3C[C@H](O)[C@]12C)N(C)C(=O)CCCN(C)c5ccc(cc5)[C@H]6C[C@@]7(C)[C@@H](CC[C@@]7(O)C#C)[C@@H]8CCC9=CC(=O)CCC9=C68,CHEMBL408376,Ki,8.21
354087,C[C@H](CF)CN1[C@H](C)Cc2cc(O)ccc2[C@H]1c3ccc(\C=C\C(=O)O)cc3,CHEMBL3774690,IC50,8.21
354098,Oc1ccc(C[C@H](C#N)c2ccc(O)cc2)cc1,CHEMBL1950809,EC50,8.21
354109,Oc1ccc(Oc2c(sc3cc(O)ccc23)c4ccc(F)cc4)cc1,CHEMBL3765583,EC50,8.21
354120,Oc1ccc(cc1)[C@H]2Oc3ccc(O)cc3[C@H]4CCCCC[C@@H]24,CHEMBL234463,Ki,8.21
354131,Oc1ccc2C3=C(CCOc2c1)c4ccc(O)cc4O[C@H]3c5ccc(OCCN6C(=O)CCC6=O)cc5,CHEMBL1088337,IC50,8.21
354142,Oc1ccc2O[C@@H]([C@@H](Sc2c1)c3ccccc3)c4ccc(OCCN5CCCCC5)cc4,CHEMBL71585,IC50,8.21
354153,CC1=C(C(=O)c2ccc(O)cc12)c3ccc(O)cc3,CHEMBL370037,IC50,8.22
354164,CC\C(=C(\c1ccc(\C=C\C(=O)O)c(C)c1)/c2ccc3[nH]ncc3c2)\c4ccccc4,CHEMBL3581644,EC50,8.22
354175,CC\C(=C(\c1ccc(\C=C\C(=O)O)cc1)/c2ccc3[nH]ncc3c2)\c4ccc(F)cc4Cl,CHEMBL3581693,IC50,8.22
354186,CC\C(=C(\c1ccc(\C=C\C(=O)O)cc1)/c2cccc3[nH]ncc23)\c4ccccc4,CHEMBL3580674,EC50,8.22
354197,C[C@@H]1Cc2cc(O)ccc2[C@H](N1c3ccc(OC(F)(F)F)cc3)c4ccc(\C=C\C(=O)O)cc4,CHEMBL3775795,IC50,8.22
354207,Oc1ccc(cc1)N(C(=O)c2ccc(O)c(F)c2)c3ccc(O)cc3,CHEMBL3645267,Ki,8.22
354217,Oc1ccc2c(c1)sc3c4cc(O)ccc4n(Cc5ccc(OCCN6CCCC6)cc5)c23,CHEMBL370849,IC50,8.22
354229,Oc1ccc2c(noc2c1)c3cccc4c(O)cccc34,CHEMBL188051,IC50,8.22
354240,CCCCCCCCCCCCNCCOc1ccc(cc1)C(=O)c2c(sc3cc(O)ccc23)c4ccc(O)cc4,CHEMBL3805318,IC50,8.23
354251,OC(=O)\C=C\c1ccc(CC2=C(C(=O)Oc3cc(O)ccc23)c4cccc(OC(F)(F)F)c4)cc1,CHEMBL3427388,IC50,8.23
354262,Oc1ccc2C(N(CCc2c1)c3ccc(\C=C\C(=O)N4CCOCC4)cc3)c5ccccc5,CHEMBL93586,IC50,8.23
354273,CC\C(=C(\CC)/c1ccc(OCCCC(=O)NCc2ccc(C3=C4C=CC(=O)C=C4Oc5cc(O)ccc35)c(c2)C(=O)O)cc1)\c6ccc(O)cc6,CHEMBL22486,Kd,8.24
354284,COc1ccc2C3=C(CCOc2c1)c4ccc(O)cc4O[C@@H]3c5ccc(OCCN6CCCCC6)cc5,CHEMBL1088343,IC50,8.24
354295,Cc1cc(F)ccc1C2=C(c3ccc(\C=C\C(=O)O)cc3)c4ccc(O)cc4OC2=O,CHEMBL3427400,IC50,8.24
354306,Cl.Oc1ccc2c3[C@@H](Oc4c(F)cc(F)cc4c3ccc2c1)c5ccc(OCCN6CCCCC6)cc5,CHEMBL559366,Ki,8.24
354317,Oc1ccc2C3=C(CCOc2c1)c4ccccc4O[C@@H]3c5ccc(OCCN6CCCCC6)cc5,CHEMBL1087298,IC50,8.24
354328,CC(C)N(CCOc1ccc(cc1)[C@@H]2Oc3cc(O)ccc3C4=C2c5ccc(O)cc5OCC4)C(C)C,CHEMBL1085899,IC50,8.25
354339,Oc1ccc(cc1)C2=C(CCOc3cc(F)ccc23)c4ccc(OCCN5CCCC5)cc4,CHEMBL472468,IC50,8.25
354350,Oc1ccc2C(N(CCc2c1)S(=O)(=O)c3cccc4ccccc34)c5ccc(OCCN6CCCC6)cc5,CHEMBL93230,IC50,8.25
354360,Cc1c(c2ccc(O)c(F)c2)n(Cc3ccc(OCCN4CCCCC4)cc3)c5ccc(O)cc15,CHEMBL3657162,IC50,8.26
354370,CC(C)N(CCOc1ccc(cc1)[C@H]2Oc3cc(O)ccc3C4=C2c5ccc(O)cc5OCC4)C(C)C,CHEMBL1085669,IC50,8.27
354381,Oc1ccc(cc1)[C@@H]2Sc3cc(O)c(Cl)cc3O[C@@H]2c4ccc(OCCN5CCCCC5)cc4,CHEMBL90072,IC50,8.27
354392,C[C@@H]([C@@H](C#N)c1ccc(O)cc1)c2ccc(O)cc2,CHEMBL134938,EC50,8.28
354403,Cc1cc(O)cc2S[C@H]([C@H](Oc12)c3ccc(OCCN4CCCCC4)cc3)c5ccc(O)cc5,CHEMBL327471,IC50,8.28
354414,Oc1ccc(cc1)C2=C(Br)c3cc(O)ccc3C2=O,CHEMBL363872,IC50,8.28
354425,Oc1ccc(cc1)[C@@H]2Sc3cc(O)cc(Cl)c3O[C@@H]2c4ccc(OCCN5CCCCC5)cc4,CHEMBL441457,IC50,8.28
354436,Oc1ccc2C(N(CCc2c1)S(=O)(=O)c3ccccc3)c4ccc(OCCN5CCCC5)cc4,CHEMBL420244,IC50,8.28
354447,Oc1ccc2c(c3ccc(F)cc3)c(sc2c1)C(=O)c4ccc(cc4)C#C,CHEMBL3763811,EC50,8.28
354458,Oc1ccc2c(c3ccc(F)cc3)c(sc2c1)C(=O)c4ccc(cc4)C(F)(F)F,CHEMBL3765211,EC50,8.28
354469,Oc1ccc(cc1)C2=C(Oc3ccc(O)cc3S2)c4ccc(OCCN5CCCCC5)cc4,CHEMBL418327,IC50,8.29
354480,CCN(CC)CCOc1ccc(cc1)[C@H]2Oc3cc(F)ccc3C4=C2c5ccc(O)cc5OCC4,CHEMBL1088629,IC50,8.3
354491,CCN(CC)CCOc1ccc(cc1)[C@H]2Oc3ccccc3C4=C2c5ccc(O)cc5OCC4,CHEMBL1084128,IC50,8.3
354502,Cc1cccc(c1)N=C(c2ccc(O)cc2)c3ccc(O)cc3,CHEMBL3234615,EC50,8.3
354513,Oc1ccc(cc1)[C@H]2Sc3cc(O)ccc3S[C@H]2c4ccc(OCCN5CCCCC5)c(Br)c4,CHEMBL124482,IC50,8.3
354524,Oc1ccc2C3=C(CCOc2c1)c4ccc(F)cc4O[C@H]3c5ccc(OCCN6CCCCCC6)cc5,CHEMBL1082528,IC50,8.3
354535,CCCC(CCC)(c1ccc(O)c(C)c1)c2ccc(O)c(C)c2,CHEMBL2403356,IC50,8.31
354546,C[C@H](CCc1ccc(O)cc1)NC(=O)Cc2c(c3ccccc3)n(Cc4ccc(OCCCCN5CCCCC5)cc4)c6ccccc26,CHEMBL396119,IC50,8.31
354556,C[C@]12CC[C@H]3[C@@H](CCc4cc(O)ccc34)[C@@H]1[C@@H](O)[C@@H](O)[C@@H]2O,CHEMBL1230314,Ki,8.31
354566,CCCCCCCCCCCCCCCCNCCOc1ccc(cc1)\C(=C(\CC)/c2ccccc2)\c3ccc(O)cc3,CHEMBL3586193,IC50,8.32
354577,COC(=O)COc1ccc(cc1)C2Oc3cc(O)ccc3C4=C2c5ccc(O)cc5OCC4,CHEMBL1085161,IC50,8.32
354588,Oc1ccc2C3=C(CCOc2c1)c4ccc(O)cc4O[C@@H]3c5ccc(OCCN6C(=O)CCC6=O)cc5,CHEMBL1083194,IC50,8.32
354599,CCc1c(O)ccc2S[C@H]([C@H](Oc12)c3ccc(OCCN4CCCCC4)cc3)c5ccc(O)cc5,CHEMBL420068,IC50,8.33
354610,Oc1ccc2C(N(Cc3ccccc3)CCc2c1)c4ccc(OCCN5CCCC5)cc4,CHEMBL94280,IC50,8.33
354622,CCN(CC)CCOc1ccc(cc1)\C(=C(\Cl)/c2ccccc2)\c3ccccc3,CHEMBL954,IC50,8.34
354632,OC(=O)\C=C\c1ccc(CC2=C(C(=O)Oc3cc(O)ccc23)c4ccc(cc4)C(F)(F)F)cc1,CHEMBL3427391,IC50,8.34
354643,Oc1ccc2C3=C(CCOc2c1)c4ccccc4O[C@H]3c5ccc(OCCN6CCCCCC6)cc5,CHEMBL1087297,IC50,8.35
354654,Oc1ccc(cc1)[C@H]2Sc3cc(O)ccc3O[C@H]2c4ccc(cc4)N5CCNCC5,CHEMBL332625,IC50,8.36
354665,Oc1ccc(cc1)C2=C(c3ccccc3)c4ccc(O)cc4C2,CHEMBL48352,EC50,8.37
354676,Oc1ccc(cc1)C2=Cc3cc(O)ccc3C24Cc5ccccc5C4,CHEMBL281499,IC50,8.37
354687,COc1ccc2C3=C(CCOc2c1)c4ccc(O)cc4O[C@H]3c5ccc(OCCN6CCCCC6)cc5,CHEMBL1088344,IC50,8.38
354698,Oc1ccc2C3=C(CCOc2c1)c4ccccc4O[C@H]3c5ccc(OCCN6CCCCC6)cc5,CHEMBL1087426,IC50,8.38
354709,Oc1cccc(c1)[C@H]2Sc3cc(O)ccc3O[C@H]2c4ccc(OCCN5CCCCC5)cc4,CHEMBL93705,IC50,8.39
354720,CCCCc1cc2cc(O)ccc2c(Oc3ccc(\C=C\C(=O)O)cc3)c1c4ccccc4,CHEMBL490198,Ki,8.4
354731,CC\C(=C(/c1ccc2[nH]ncc2c1)\c3ccc(\C=C\C(=O)O)cc3OC)\c4ccccc4,CHEMBL3581645,EC50,8.4
354742,CC\C(=C(\c1ccc(\C=C\C(=O)O)cc1)/c2ccc3[nH]ncc3c2)\c4ccccc4OC,CHEMBL3581690,EC50,8.4
354753,CN(C)CCOc1ccc(cc1)\C(=C(\CCCl)/c2ccccc2)\c3ccc(O)cc3,CHEMBL1402,IC50,8.4
354764,COc1ccc2C(=C(CCCc2c1)c3ccccc3)c4ccc(O)cc4,CHEMBL3290286,EC50,8.4
354775,C[C@H](NC(=O)Cc1c([nH]c2ccccc12)c3ccccc3)c4c(C)c5cc(O)ccc5n4Cc6ccc(OCCN7CC[C@H](C)C7)cc6,CHEMBL437190,IC50,8.4
354786,C[C@]12CCc3c(sc4cc(O)ccc34)[C@@H]1CC[C@@H]2O,CHEMBL135732,Ki,8.4
354797,Cl.Oc1ccc2[C@H]([C@H](CCc2c1)c3ccccc3)c4ccc(OCCN5CCCC5)cc4,CHEMBL2113354,IC50,8.4
354808,Oc1ccc(cc1)[C@H]2Sc3cc(O)ccc3S[C@H]2c4ccc(OCCN5CCCC5)c(Br)c4,CHEMBL123025,IC50,8.4
354819,Oc1ccc(cc1)\C(=N/c2ccc(Cl)cc2)\c3ccc(O)cc3O,CHEMBL3234632,EC50,8.4
354829,Oc1ccc(cc1)c2c(Cl)c3cc(O)ccc3n2Cc4ccc(OCCN5CCCC5)cc4,CHEMBL3657166,IC50,8.4
354839,Oc1ccc2C3=C([C@@H](Oc2c1)c4ccc(OCCN5CCCCCC5)cc4)c6ccccc6OCC3,CHEMBL1087418,IC50,8.4
354853,Oc1cccc(c1)[C@H]2Sc3cc(O)ccc3S[C@H]2c4ccc(OCCN5CCCCC5)c(Br)c4,CHEMBL125362,IC50,8.4
354864,Cc1cc(F)ccc1C2=C(Cc3ccc(\C=C\C(=O)O)cc3)c4ccc(O)cc4OC2=O,CHEMBL3427397,IC50,8.41
354875,Cc1cc(OC(F)(F)F)ccc1C2=C(Oc3ccc(\C=C\C(=O)O)cc3)c4ccc(O)cc4OC2=O,CHEMBL3427402,IC50,8.41
354886,Cc1ccccc1C(=O)N2CCN(CC2)c3ccc(cc3)C(=O)c4c(sc5cc(O)ccc45)c6ccc(O)cc6,CHEMBL182157,IC50,8.41
354897,OC[C@@H]1CCCN1CCOc2ccc(cc2)[C@@H]3Oc4ccc(O)cc4S[C@@H]3c5ccc(O)cc5,CHEMBL359774,IC50,8.41
354908,Oc1ccc(cc1)C2=C(Oc3cc(O)ccc3C2=O)C(=O)c4ccc(OCCN5CCCCC5)cc4,CHEMBL285483,Ki,8.41
354919,Oc1ccc(cc1)C2=C(c3ccc(F)cc3)c4ccc(O)cc4C2,CHEMBL371236,EC50,8.41
354930,Oc1ccc2O[C@H]([C@@H](CC3CCCCC3)Sc2c1)c4ccc(OCCN5CCCCC5)cc4,CHEMBL85881,IC50,8.41
354941,CCc1c(oc(c2ccccc2)c1c3ccc(OCCN4CCCCC4)cc3)c5ccc(O)cc5,CHEMBL432371,Ki,8.42
354952,COc1ccc(cc1)C2=C(Cc3ccc(\C=C\C(=O)O)cc3)c4ccc(O)cc4OC2=O,CHEMBL3427392,IC50,8.42
354962,Cc1cccc(CN(c2ccc(O)cc2)c3ccc(O)cc3)c1C,CHEMBL3645264,Ki,8.42
354972,Oc1ccc2OC(C(Sc2c1)c3ccc(F)cc3)c4ccc(OCCN5CCCCC5)cc4,CHEMBL93546,IC50,8.42
354983,Oc1cccc(c1)[C@H]2Sc3cc(O)ccc3O[C@H]2c4ccc(OCCN5CCOCC5)cc4,CHEMBL92027,IC50,8.42
354993,CCCc1ccc(cc1)C(=O)N(c2ccc(O)cc2)c3ccc(O)cc3,CHEMBL3645263,Ki,8.43
355003,CNc1c(\C=N\O)ccc(c2ccc(O)cc2)c1c3ccccc3,CHEMBL377849,Kd,8.43
355014,CNc1c(\C=N\O)ccc(c2ccccc2)c1c3ccccc3,CHEMBL130030,Ki,8.43
355025,OC(=O)\C=C\c1ccc(CC2=C(C(=O)Oc3cc(O)ccc23)c4ccc(Cl)cc4)cc1,CHEMBL3427390,IC50,8.43
355036,CCCCCCCCCCNCCOc1ccc(cc1)\C(=C(\CC)/c2ccccc2)\c3ccc(O)cc3,CHEMBL3586191,IC50,8.44
355047,CN1CCCN(CC1)c2ccc(cc2)[C@@H]3Oc4ccc(O)cc4S[C@@H]3c5ccc(O)cc5,CHEMBL121879,IC50,8.44
355058,Oc1ccc(cc1)[C@H]2Sc3cc(O)ccc3O[C@H]2c4ccc(cc4)N5CCCNCC5,CHEMBL340606,IC50,8.44
355069,Oc1ccc(cc1)c2sc3cc(O)ccc3c2C(=O)c4ccc(cc4)N5CCN(CC5)C(=O)c6ccccc6[N+](=O)[O-],CHEMBL360978,IC50,8.45
355080,CC1CCCC(C)N1CCOc2ccc(cc2)[C@@H]3Oc4ccc(O)cc4S[C@@H]3c5cccc(O)c5,CHEMBL90794,IC50,8.47
355091,CC\C(=C(/c1ccc(O)cc1)\c2ccc(OCCNCCCCCCCCCCF)cc2)\c3ccccc3,CHEMBL3586195,IC50,8.47
355102,Oc1ccc2C3=C(CCOc2c1)c4ccc(O)cc4O[C@H]3c5ccc(OCCN6CCCCC6)cc5,CHEMBL1088631,IC50,8.47
355113,CN(C)CCOc1ccc(cc1)[C@H]2Oc3cc(O)ccc3C4=C2c5ccc(O)cc5OCC4,CHEMBL1083186,IC50,8.48
355124,C[C@@H]1C[C@H]2[C@@H](C1)c3cc(O)ccc3O[C@H]2c4ccc(O)cc4,CHEMBL236045,Ki,8.48
355135,Oc1ccc2C3=C(CCOc2c1)c4ccc(F)cc4O[C@@H]3c5ccc(OCCN6CCCCCC6)cc5,CHEMBL1082224,IC50,8.48
355146,Oc1ccc2c(c1)sc3c4cc(O)ccc4n(Cc5ccc(OCCN6CCCCCC6)cc5)c23,CHEMBL264216,IC50,8.48
355157,Cc1cc(F)ccc1C2=C(Oc3ccc(\C=C\C(=O)O)cc3)c4ccc(O)c(F)c4OC2=O,CHEMBL3427407,IC50,8.5
355168,CSC1=C(C(=O)c2ccc(O)cc12)c3ccc(O)cc3,CHEMBL192765,IC50,8.51
355179,Oc1ccc(CC(C#C)c2ccc(O)cc2)cc1,CHEMBL334798,EC50,8.51
355190,Oc1ccc(cc1)[C@H]2Sc3cc(O)ccc3O[C@H]2c4ccc(OCCN5CCCCC5)cc4,CHEMBL304552,IC50,8.51
355201,CC(C)C[C@H]1Sc2cc(O)ccc2O[C@H]1c3ccc(OCCN4CCCCC4)cc3,CHEMBL85650,IC50,8.52
355212,CCCc1c(nn(c2ccc(O)cc2)c1c3ccc(O)cc3)c4ccc(O)cc4,CHEMBL441282,EC50,8.52
355223,CCOc1ccc2C(=C(CCCc2c1)c3ccccc3)c4ccc(OCCN(C)C)cc4,CHEMBL3290287,IC50,8.52
355234,CC\C(=C(\c1ccc(\C=C\C(=O)O)cc1)/c2ccc3[nH]ccc3c2)\c4ccccc4,CHEMBL3581638,EC50,8.52
355245,CC\C(=C(\c1ccc(\C=C\C(=O)O)cc1)/c2ccc3[nH]ncc3c2)\c4ccccc4,CHEMBL3581641,EC50,8.52
355256,CC\C(=C(\c1ccc(\C=C\C(=O)O)cc1)/c2ccc3[nH]ncc3c2)\c4ccccc4C#N,CHEMBL3581685,EC50,8.52
355267,CNCCOc1ccc(cc1)C2=C(CCCc3cc(O)ccc23)c4ccccc4,CHEMBL3290288,IC50,8.52
355279,C[C@@H]1CCN(CCOc2ccc(cc2)[C@@H]3Oc4ccc(O)cc4S[C@@H]3c5ccc(O)cc5)C1,CHEMBL183584,IC50,8.52
355290,OC(=O)\C=C\c1ccc(CC2=C(C(=O)Oc3cc(O)ccc23)c4ccc(F)cc4F)cc1,CHEMBL3427394,IC50,8.52
355301,Oc1ccc(cc1)C(=Nc2ccccc2)c3ccc(O)cc3,CHEMBL3234612,EC50,8.52
355312,Oc1ccc(cc1)C2=C(c3ccccc3)c4cc(O)cc(O)c4C2=O,CHEMBL191836,IC50,8.52
355323,Oc1ccc(cc1)c2sc3cc(O)ccc3c2C(=O)c4ccc(cc4)N5CCN(CC5)C(=O)c6ccccc6O,CHEMBL427496,IC50,8.52
355334,Oc1ccc2O[C@H]([C@@H](CC3CCCC3)Sc2c1)c4ccc(OCCN5CCCCC5)cc4,CHEMBL315271,IC50,8.52
355345,Oc1cccc(c1)C2Sc3cc(O)ccc3OC2c4ccc(OCCN5CCCCC5)cc4,CHEMBL91807,IC50,8.52
355356,Oc1ccc(CC(c2ccc(O)cc2)C(F)(F)F)cc1,CHEMBL132868,EC50,8.54
355367,Oc1ccc(C[C@@H](C#N)c2ccc(O)cc2)cc1,CHEMBL198159,EC50,8.54
355378,Oc1ccc(cc1)[C@H]2Oc3ccc(O)cc3[C@H]4CCCC[C@@H]24,CHEMBL234462,Ki,8.54
355389,COC[C@H](C)CN1[C@H](C)Cc2cc(O)ccc2[C@H]1c3c(F)cc(\C=C\C(=O)O)cc3F,CHEMBL3774737,IC50,8.55
355400,Cc1cc(O)cc2[C@@H]3CCC[C@@H]3[C@@H](Oc12)c4ccc(O)cc4,CHEMBL399832,Ki,8.55
355411,Oc1ccc2c(c1)sc3c4cc(O)ccc4n(Cc5ccc(OCCN6CCCCC6)cc5)c23,CHEMBL196131,IC50,8.55
355422,Cc1ccc(cc1)C(=O)N2CCN(CC2)c3ccc(cc3)C(=O)c4c(sc5cc(O)ccc45)c6ccc(O)cc6,CHEMBL180702,IC50,8.56
355433,CCOc1ccc2C(=C(CCCc2c1)c3ccccc3)c4ccc(O)cc4,CHEMBL3290285,EC50,8.57
355444,COC(=O)C(Cc1ccc(O)cc1)c2ccc(O)cc2,CHEMBL335412,EC50,8.57
355455,Oc1ccc(C[C@H]2Sc3cc(O)ccc3O[C@H]2c4ccc(OCCN5CCCCC5)cc4)cc1,CHEMBL313941,IC50,8.57
355466,Oc1ccc(cc1)[C@@H]2Oc3ccc(O)cc3[C@@H]4CCC[C@H]24,CHEMBL278703,Ki,8.57
355477,Oc1ccc(cc1)c2sc3cc(O)ccc3c2C(=O)c4ccc(cc4)N5CCN(CC5)C(=O)c6occc6,CHEMBL178857,IC50,8.58
355488,Oc1ccc2C3=C(CCOc2c1)c4ccc(O)cc4O[C@@H]3c5ccc(OCCCN6C(=O)CCC6=O)cc5,CHEMBL1087557,IC50,8.58
355499,Cc1ccc(cc1)C(=O)c2c(sc3cc(O)ccc23)c4ccc(O)cc4,CHEMBL3765549,EC50,8.59
355511,Oc1ccc(cc1)[C@H]2Sc3cc(O)ccc3O[C@H]2c4ccc(OCCN5CCCC5)cc4,CHEMBL362623,IC50,8.59
355522,Oc1ccc2O[C@H]([C@H](Sc2c1)C3CCCCC3)c4ccc(OCCN5CCCCC5)cc4,CHEMBL85090,IC50,8.59
355533,CCc1c(oc(c2ccc(O)cc2)c1c3ccc(OC)cc3)c4ccc(O)cc4,CHEMBL315475,Ki,8.6
355544,C[C@@H](CN1CCCC1)Oc2ccc(cc2)[C@@H]3Oc4ccc(O)cc4S[C@@H]3c5ccc(O)cc5,CHEMBL181944,IC50,8.6
355555,C[C@@H](COc1ccc(cc1)[C@@H]2Oc3ccc(O)c(F)c3[C@@H](C)[C@@H]2c4ccc(O)cc4)N5CC[C@H](C)C5,CHEMBL359671,IC50,8.6
355566,Oc1ccc(cc1)C2CCc3cc(O)ccc3N2c4ccc(OCCN5CCCCC5)cc4,CHEMBL293297,Ki,8.6
355577,Oc1ccc(cc1)[C@H]2Sc3cc(O)ccc3O[C@H]2c4ccc(OCCN5CCC(F)CC5)cc4,CHEMBL183084,IC50,8.6
355588,Oc1ccc2C3=C(CCOc2c1)c4ccc(O)cc4O[C@H]3c5ccc(OCCN6CCCC6)cc5,CHEMBL1086776,IC50,8.6
355599,Oc1ccc2O[C@H]([C@H](Sc2c1)C3CCCC3)c4ccc(OCCN5CCCCC5)cc4,CHEMBL431611,IC50,8.6
355610,C[C@@H]1CCN(CCOc2ccc(cc2)[C@@H]3Oc4ccc(O)cc4[C@@H](C)[C@@H]3c5ccc(O)cc5)C1,CHEMBL369724,IC50,8.62
355621,Oc1ccc(cc1)[C@@H]2Sc3c(Cl)c(O)ccc3O[C@@H]2c4ccc(OCCN5CCCCC5)cc4,CHEMBL92660,IC50,8.62
355632,Oc1ccc2C3=C(CCOc2c1)c4ccc(O)cc4O[C@H]3c5ccc(OCCN6CCCCCC6)cc5,CHEMBL1086774,IC50,8.62
355643,Oc1ccc2[C@H]([C@H](OCc2c1)c3ccccc3)c4ccc(OCCN5CCCC5)cc4,CHEMBL183162,IC50,8.62
355654,Oc1ccc(cc1)[C@H]2Sc3cc(O)ccc3O[C@H]2c4ccc(COCCN5CCCCC5)cc4,CHEMBL122237,IC50,8.64
355665,NC(=O)C1CCN(CCOc2ccc(cc2)[C@@H]3Oc4ccc(O)cc4S[C@@H]3c5ccc(O)cc5)CC1,CHEMBL184491,IC50,8.66
355676,Nc1c(\C=N\O)ccc(c2ccccc2)c1c3ccccc3,CHEMBL131163,Ki,8.66
355687,OC(=O)\C=C\c1ccc(CC2=C(C(=O)Oc3cc(O)ccc23)c4ccc(F)cc4Cl)cc1,CHEMBL3427395,IC50,8.66
355698,OCC1CCN(CCOc2ccc(cc2)[C@@H]3Oc4ccc(O)cc4S[C@@H]3c5ccc(O)cc5)CC1,CHEMBL184431,IC50,8.66
355709,Oc1ccc2C3=C(CCOc2c1)c4ccc(O)cc4O[C@@H]3c5ccc(OCCN6CCCCCC6)cc5,CHEMBL1087545,IC50,8.66
355720,Cc1cc(C)nc(n1)N2CCN(CC2)c3ccc(cc3)C(=O)c4c(sc5cc(O)ccc45)c6ccc(O)cc6,CHEMBL182237,IC50,8.67
355731,Oc1ccc(cc1)c2sc3cc(O)ccc3c2C(=O)c4ccc(cc4)N5CCN(CC5)C(=O)c6ccc(cc6)[N+](=O)[O-],CHEMBL362020,IC50,8.67
355742,CCCCCc1cc2cc(O)ccc2c(Oc3ccc(\C=C\C(=O)O)cc3)c1c4ccccc4,CHEMBL489585,Ki,8.7
355753,CC\C(=C(\c1ccc(\C=C\C(=O)O)cc1)/c2ccc3[nH]ncc3c2)\c4cccc(Cl)c4,CHEMBL3581683,EC50,8.7
355764,CC\C(=C(\c1ccc(\C=C\C(=O)O)cc1)/c2ccc3[nH]ncc3c2)\c4ccncc4Cl,CHEMBL3581680,EC50,8.7
355775,CSC1=C(C(=O)c2cc(O)cc(O)c12)c3ccc(O)cc3,CHEMBL190038,IC50,8.7
355786,C[C@H](NC(=O)Cc1c([nH]c2ccccc12)c3ccccc3)c4c(C)c5cc(O)ccc5n4Cc6ccc(OCCN7CCCCC7)cc6,CHEMBL240438,IC50,8.7
355797,C[C@]12CC[C@H]3[C@@H](CCc4cc(O)ccc34)[C@@H]1CC[C@@]2(O)c5cn(CC[C@H]6O[C@@H]7O[C@@H]8[C@@H](Cn9cc(nn9)[C@]%10(O)CC[C@H]%11[C@@H]%12CCc%13cc(O)ccc%13[C@H]%12CC[C@]%10%11C)O[C@H](O[C@@H]%14[C@@H](Cn%15cc(nn%15)[C@]%16(O)CC[C@H]%17[C@@H]%18CCc%19cc(O)ccc%19[C@H]%18CC[C@]%16%17C)O[C@H](O[C@@H]%20[C@@H](Cn%21cc(nn%21)[C@]%22(O)CC[C@H]%23[C@@H]%24CCc%25cc(O)ccc%25[C@H]%24CC[C@]%22%23C)O[C@H](O[C@@H]%26[C@@H](Cn%27cc(nn%27)[C@]%28(O)CC[C@H]%29[C@@H]%30CCc%31cc(O)ccc%31[C@H]%30CC[C@]%28%29C)O[C@H](O[C@@H]%32[C@@H](Cn%33cc(nn%33)[C@]%34(O)CC[C@H]%35[C@@H]%36CCc%37cc(O)ccc%37[C@H]%36CC[C@]%34%35C)O[C@H](O[C@@H]%38[C@@H](Cn%39cc(nn%39)[C@]%40(O)CC[C@H]%41[C@@H]%42CCc%43cc(O)ccc%43[C@H]%42CC[C@]%40%41C)O[C@H](O[C@H]6[C@H](O)[C@H]7O)[C@H](O)[C@H]%38O)[C@H](O)[C@H]%32O)[C@H](O)[C@H]%26O)[C@H](O)[C@H]%20O)[C@H](O)[C@H]%14O)[C@H](O)[C@H]8O)nn5,CHEMBL605828,EC50,8.7
355809,Cc1cc(O)cc2O[C@@H]([C@@H](Sc12)c3ccc(O)cc3)c4ccc(OCCN5CCCCC5)cc4,CHEMBL93793,IC50,8.7
355820,OC[C@H]1CCCN1CCOc2ccc(cc2)[C@@H]3Oc4ccc(O)cc4S[C@@H]3c5ccc(O)cc5,CHEMBL360802,IC50,8.7
355831,Oc1ccc(cc1)C(=Nc2ccc(Cl)cc2)c3ccc(O)cc3,CHEMBL3234619,EC50,8.7
355842,Oc1ccc(cc1)C(=Nc2ccc(F)cc2)c3ccc(O)cc3,CHEMBL3234621,EC50,8.7
355853,Oc1ccc(cc1)[C@H]2Sc3cc(O)ccc3O[C@H]2c4ccc(OCCN5CCC6(CC5)OCCO6)cc4,CHEMBL185480,IC50,8.7
355864,Oc1ccc(cc1)[C@H]2Sc3cc(O)ccc3O[C@H]2c4ccc(OCCN5CCS(=O)(=O)CC5)cc4,CHEMBL185383,IC50,8.7
355875,Oc1ccc2CN(CCc2c1)C(=O)C(F)(F)F,CHEMBL1213617,Ki,8.7
355886,Oc1ccc(cc1)C2=C(c3ccc(OCCN4CCC4)cc3)c5ccccc5OCC2,CHEMBL470993,IC50,8.72
355897,Oc1ccc2c(Oc3ccc(OCCN4CCCCC4)cc3)c(ccc2c1)C5CCS(=O)(=O)CC5,CHEMBL428926,Ki,8.72
355908,CC(C)CN1[C@@H](c2ccc(O)cc2CC1(C)C)c3c(F)cc(\C=C\C(=O)O)cc3F,CHEMBL3775766,IC50,8.75
355919,CCCCCCCCCCCCCCCCCCNCCOc1ccc(cc1)C(=O)c2c(sc3cc(O)ccc23)c4ccc(O)cc4,CHEMBL3805385,IC50,8.75
355930,OC1CCN(CCOc2ccc(cc2)[C@@H]3Oc4ccc(O)cc4S[C@@H]3c5ccc(O)cc5)CC1,CHEMBL184372,IC50,8.75
355941,Oc1ccc(cc1)[C@@H]2Sc3ccc(O)cc3O[C@@H]2c4ccc(OCCN5CCCCC5)cc4,CHEMBL71584,IC50,8.75
355952,Oc1ccc(cc1)c2sc3cc(O)ccc3c2C(=O)c4ccc(cc4)N5CCN(CC5)C(=O)c6ccccc6Cl,CHEMBL180973,IC50,8.76
355965,C[C@H](COc1ccc(cc1)[C@@H]2Oc3ccc(O)cc3S[C@@H]2c4ccc(O)cc4)N5CCCC5,CHEMBL180792,IC50,8.77
355976,O[C@@H]1CCN(CCOc2ccc(cc2)[C@@H]3Oc4ccc(O)cc4S[C@@H]3c5ccc(O)cc5)C1,CHEMBL185114,IC50,8.77
355987,Oc1ccc(cc1)[C@H]2Sc3cc(O)ccc3O[C@H]2c4ccc(OCCCN5CCCC5)cc4,CHEMBL361751,IC50,8.77
355998,Oc1ccc(cc1)[C@H]2Sc3cc(O)ccc3O[C@H]2c4ccc(cc4)C5CCNCC5,CHEMBL125119,IC50,8.77
356009,Oc1ccc2N(Cc3ccc(OCCN4CCCCC4)cc3)C(CCc2c1)c5ccccc5,CHEMBL60538,Ki,8.77
356020,C[C@H](CF)CN1[C@@H](c2ccc(O)cc2CC1(C)C)c3c(F)cc(\C=C\C(=O)O)cc3F,CHEMBL3774510,IC50,8.8
356031,Oc1ccc2C3=C(CCOc2c1)c4ccc(O)cc4O[C@@H]3c5ccc(OCCN6CCOCC6)cc5,CHEMBL1087811,IC50,8.8
356042,C[C@H](CN1CCCC1)Oc2ccc(cc2)[C@@H]3Oc4ccc(O)cc4[C@@H](C)[C@@H]3c5ccc(O)cc5,CHEMBL2113002,IC50,8.82
356053,C[C@H]1[C@@H]([C@@H](Oc2ccc(O)cc12)c3ccc(OCCN4CCCC4)cc3)c5ccc(O)cc5,CHEMBL181936,IC50,8.82
356063,C[C@]12CC[C@H]3[C@@H](CCc4cc(O)ccc34)[C@@H]1CC[C@H]2O,CHEMBL286452,EC50,8.82
356074,Oc1ccc(cc1)[C@H]2Sc3cc(O)ccc3O[C@H]2c4ccc(OCCN5CCSCC5)cc4,CHEMBL362718,IC50,8.82
356085,Oc1ccc(cc1)c2oc3c(Br)cc(O)cc3c2,CHEMBL183782,IC50,8.82
356096,CCCN1CCN(CC1)c2ccc(cc2)C(=O)c3c(sc4cc(O)ccc34)c5ccc(O)cc5,CHEMBL179518,IC50,8.85
356107,CN(C)CCOc1ccc(cc1)[C@@H]2Oc3ccc(O)cc3S[C@@H]2c4cccc(O)c4,CHEMBL329902,IC50,8.85
356118,C[C@@H](COc1ccc(cc1)[C@@H]2Oc3ccc(O)cc3[C@@H](C)[C@@H]2c4ccc(O)cc4)N5CCCC5,CHEMBL360315,IC50,8.85
356129,C[C@H]1[C@@H]([C@@H](Oc2ccc(O)cc12)c3ccc(OCCN4CCCCC4)cc3)c5ccc(O)cc5,CHEMBL178470,IC50,8.85
356140,Oc1ccc(cc1)[C@H]2Sc3cc(O)ccc3O[C@H]2c4ccc(CCCN5CCCCC5)cc4,CHEMBL124474,IC50,8.85
356151,Oc1ccc(cc1)[C@H]2Sc3cc(O)ccc3O[C@H]2c4ccc(cc4)C5=CCNCC5,CHEMBL334096,IC50,8.85
356162,Oc1ccc(cc1)c2sc3cc(O)ccc3c2C(=O)c4ccc(cc4)N5CCN(CC5)C(=O)c6cccc(O)c6,CHEMBL441499,IC50,8.86
356173,CN(C)CCOc1ccc(cc1)\C(=C(/C)\c2ccccc2)\c3ccc(O)cc3,CHEMBL3774660,IC50,8.89
356184,C[C@@H](COc1ccc(cc1)[C@@H]2Oc3ccc(O)cc3S[C@@H]2c4ccc(O)cc4)N5CCCC5,CHEMBL180300,IC50,8.89
356196,C[C@@H](COc1ccc(cc1)[C@@H]2Oc3ccc(O)cc3S[C@@H]2c4ccc(O)cc4)N5CC[C@@H](C)C5,CHEMBL182402,IC50,8.89
356207,C[C@@H](COc1ccc(cc1)[C@@H]2Oc3ccc(O)cc3[C@@H](C)[C@@H]2c4ccc(O)cc4)N5CC[C@@H](C)C5,CHEMBL368449,IC50,8.89
356218,C[C@H](CF)CN1[C@H](C)Cc2cc(O)ccc2[C@H]1c3c(F)cc(\C=C\C(=O)O)cc3F,CHEMBL3775908,IC50,8.89
356229,C[C@H]1CCN(CCOc2ccc(cc2)[C@@H]3Oc4ccc(O)cc4[C@@H](C)[C@@H]3c5ccc(O)cc5)C1,CHEMBL433581,IC50,8.89
356240,Oc1ccc(cc1)[C@H]2Sc3cc(O)ccc3O[C@H]2c4ccc(OCCN5CC6CCC5CC6)cc4,CHEMBL361056,IC50,8.89
356251,Oc1ccc2O[C@@H]([C@@H](Sc2c1)c3ccccc3O)c4ccc(OCCN5CCCCC5)cc4,CHEMBL91758,IC50,8.89
356262,CCS(=O)(=O)c1ccc(cc1)c2ccc3cc(O)ccc3c2Oc4ccc(OCCN5CCCCC5)cc4,CHEMBL243790,Ki,8.91
356273,CC[C@H](CN1CCCC1)Oc2ccc(cc2)[C@@H]3Oc4ccc(O)cc4S[C@@H]3c5ccc(O)cc5,CHEMBL183086,IC50,8.92
356284,Cc1c(O)ccc2S[C@H]([C@H](Oc12)c3ccc(OCCN4CCCCC4)cc3)c5ccc(O)cc5,CHEMBL329849,IC50,8.92
356295,Oc1ccc(cc1)[C@H]2Sc3cc(O)ccc3O[C@H]2c4ccc(OCCN5CCC6(CCCC6)CC5)cc4,CHEMBL184974,IC50,8.92
356306,Oc1ccc2C3=C(CCOc2c1)c4ccc(O)cc4O[C@@H]3c5ccc(OCCN6CCCC6)cc5,CHEMBL1086775,IC50,8.92
356317,Oc1ccc2C3=C(CCOc2c1)c4ccc(O)cc4O[C@@H]3c5ccc(OCCN6CCSCC6)cc5,CHEMBL1083178,IC50,8.92
356328,Oc1cccc(c1)[C@H]2Sc3cc(O)ccc3O[C@H]2c4ccc(OCCNC5CCCCCC5)cc4,CHEMBL94225,IC50,8.92
356339,CC[C@H]1CCN(CCOc2ccc(cc2)[C@@H]3Oc4ccc(O)cc4S[C@@H]3c5ccc(O)cc5)C1,CHEMBL2113027,IC50,8.96
356350,CS(=O)(=O)C1CCC(=CC1)c2ccc3cc(O)ccc3c2Oc4ccc(OCCN5CCCCC5)cc4,CHEMBL390448,Ki,8.96
356361,Cn1cc(NC(=O)c2cc(NC(=O)CCS(=O)(=O)C)cn2C)cc1C(=O)NCCCC(=O)NCCCCCC[C@@H]3Cc4cc(O)ccc4[C@H]5CC[C@]6(C)[C@@H](O)CC[C@H]6[C@H]35,CHEMBL1818254,IC50,8.96
356372,O\N=C\c1ccc(c2ccccc2)c(c1O)c3ccccc3,CHEMBL128654,Ki,8.96
356383,Oc1ccc(cc1)C2CCc3cc(O)ccc3N2Cc4ccc(OCCN5CCCC5)cc4,CHEMBL56306,Ki,8.96
356394,Oc1ccc2C3=C(CCOc2c1)c4ccc(O)cc4O[C@@H]3c5ccc(OCCN6CCCCC6)cc5,CHEMBL1088485,IC50,8.96
356405,Oc1ccc(cc1)c2sc3cc(O)ccc3c2C(=O)c4ccc(cc4)N5CCN(CC5)C6CCCC6,CHEMBL366928,IC50,8.97
356416,Oc1ccc2c(Oc3ccc(OCCN4CCCCC4)cc3)c(ccc2c1)C5=CCS(=O)(=O)CC5,CHEMBL244207,Ki,8.99
356427,CC(CCc1ccc(O)cc1)NC(=O)Cc2c([nH]c3ccccc23)c4ccccc4,CHEMBL241301,IC50,9.0
356438,CC1(C)CCN(CCOc2ccc(cc2)[C@@H]3Oc4ccc(O)cc4S[C@@H]3c5ccc(O)cc5)C1,CHEMBL182887,IC50,9.0
356449,CCN1CCN(CC1)c2ccc(cc2)[C@@H]3Oc4ccc(O)cc4S[C@@H]3c5ccc(O)cc5,CHEMBL121720,IC50,9.0
356460,CC\C(=C(\c1ccc(\C=C\C(=O)O)cc1)/c2ccc3[nH]ncc3c2)\c4ccc(cc4C)C#N,CHEMBL3581691,EC50,9.0
356471,CN(C)CCOc1ccc(cc1)\C(=C(\CCN=[N+]=[N-])/c2ccccc2)\c3ccc(O)cc3,CHEMBL203472,IC50,9.0
356482,CN1CCN(CC1)c2ccc(cc2)[C@@H]3Oc4ccc(O)cc4S[C@@H]3c5ccc(O)cc5,CHEMBL121978,IC50,9.0
356493,C[C@@H]1Cc2c([nH]c3ccccc23)[C@H](N1CC(C)(C)F)c4ccc(\C=C\C(=O)O)cc4,CHEMBL3623003,IC50,9.0
356504,C[C@H](CCc1ccc(O)cc1)NC(=O)Cc2c([nH]c3ccccc23)c4ccccc4,CHEMBL391910,IC50,9.0
356515,C[C@H]1CCN(CCOc2ccc(cc2)[C@@H]3Oc4ccc(O)cc4S[C@@H]3c5ccc(O)cc5)C1,CHEMBL183049,IC50,9.0
356525,Cc1c(c2ccc(O)cc2)n(Cc3ccc(OCCN4CC5CCC4C5)cc3)c6ccc(O)cc16,CHEMBL3657181,IC50,9.0
356535,OCC1=Nc2cc3CCC(N(CC#C)c4ccc(cc4)C(=O)N[C@@H](CCC(=O)N[C@H](CCC(=O)O)C(=O)O)C(=O)O)c3cc2C(=O)N1,CHEMBL1253498,IC50,9.0
356546,Oc1ccc(cc1)C(=Nc2ccc(Br)cc2)c3ccc(O)cc3,CHEMBL3234622,EC50,9.0
356557,Oc1ccc(cc1)C(=Nc2ccccc2Cl)c3ccc(O)cc3,CHEMBL3234617,EC50,9.0
356568,Oc1ccc(cc1)C2=Cc3cc(O)ccc3C24Cc5ccc(OCCN6CCCCC6)cc5C4,CHEMBL267385,IC50,9.0
356579,Oc1ccc(cc1)[C@H]2Sc3c(F)c(O)ccc3O[C@H]2c4ccc(OCCN5CCCCC5)cc4,CHEMBL329892,IC50,9.0
356590,Oc1ccc(cc1)[C@H]2Sc3cc(O)ccc3O[C@H]2c4ccc(OCCN5C[C@H]6CCCC[C@H]6C5)cc4,CHEMBL185231,IC50,9.0
356601,Oc1ccc2O[C@H]([C@H](Sc2c1)c3cccc(O)c3)c4ccc(OCCN5CCCC5)cc4,CHEMBL327320,IC50,9.0
356612,Oc1ccc2c(c3ccc(F)cc3)c(sc2c1)C(=O)C4CCCCC4,CHEMBL3764437,EC50,9.0
356623,C[C@@H]1Cc2cc(O)ccc2[C@H](N1CC(C)(C)F)c3c(F)cc(\C=C\C(=O)O)cc3F,CHEMBL3774584,IC50,9.01
356634,Oc1ccc(cc1)c2sc3cc(O)ccc3c2C(=O)c4ccc(cc4)N5CCN(Cc6ccccc6)CC5,CHEMBL2113001,IC50,9.01
356645,CC1(C)CCCN1CCOc2ccc(cc2)[C@@H]3Oc4ccc(O)cc4S[C@@H]3c5ccc(O)cc5,CHEMBL183371,IC50,9.05
356656,CC[C@@H]1CCN(CCOc2ccc(cc2)[C@@H]3Oc4ccc(O)cc4S[C@@H]3c5ccc(O)cc5)C1,CHEMBL183388,IC50,9.05
356667,CC\C(=C(\c1ccc(\C=C\C(=O)O)cc1)/c2ccc3[nH]ncc3c2)\c4ccc(cc4Cl)C#N,CHEMBL3581692,EC50,9.05
356678,C[C@@H](COc1ccc(cc1)[C@@H]2Oc3ccc(O)c(F)c3[C@@H](C)[C@@H]2c4ccc(O)cc4)N5CC[C@@H](C)C5,CHEMBL180995,IC50,9.05
356689,C[C@H]1[C@@H]([C@@H](Oc2ccc(O)c(F)c12)c3ccc(OCCN4CCCC4)cc3)c5ccc(O)cc5,CHEMBL181369,IC50,9.05
356700,Oc1ccc(cc1)C2CCc3cc(O)ccc3N2c4ccc(OCCN5CCCC5)cc4,CHEMBL56390,Ki,9.05
356711,Oc1ccc(cc1)[C@H]2Sc3cc(O)ccc3O[C@H]2c4ccc(OCCN5C6CCC5CC6)cc4,CHEMBL368688,IC50,9.05
356722,Oc1ccc(cc1)c2sc3cc(O)ccc3c2C(=O)c4ccc(cc4)N5CCN(CC5)C(=O)c6ccccc6,CHEMBL360498,IC50,9.07
356733,CC1CCN(CCOc2ccc(cc2)[C@@H]3Oc4ccc(O)cc4S[C@@H]3c5cccc(O)c5)CC1,CHEMBL92635,IC50,9.1
356744,CC[C@@H](CN1CCCC1)Oc2ccc(cc2)[C@@H]3Oc4ccc(O)cc4S[C@@H]3c5ccc(O)cc5,CHEMBL183092,IC50,9.1
356755,CC\C(=C(\c1ccc(\C=C\C(=O)O)cc1)/c2ccc3[nH]ncc3c2)\c4ccccc4C,CHEMBL3581688,EC50,9.1
356766,C[C@@H]1CCN(CCOc2ccc(cc2)[C@@H]3Oc4ccc(O)c(F)c4[C@@H](C)[C@@H]3c5ccc(O)cc5)C1,CHEMBL361005,IC50,9.1
356777,C[C@@H]1Cc2c([nH]c3ccccc23)[C@H](N1CC(C)(C)F)c4c(F)cc(\C=C\C(=O)O)cc4F,CHEMBL3623004,IC50,9.1
356788,C[C@H]1CCCN1CCOc2ccc(cc2)[C@@H]3Oc4ccc(O)cc4S[C@@H]3c5ccc(O)cc5,CHEMBL183344,IC50,9.1
356799,C[C@H]1CCN(CCOc2ccc(cc2)[C@@H]3Oc4ccc(O)c(F)c4[C@@H](C)[C@@H]3c5ccc(O)cc5)C1,CHEMBL181404,IC50,9.1
356810,C[C@H]1[C@@H]([C@@H](Oc2ccc(O)c(F)c12)c3ccc(OCCN4CCCCC4)cc3)c5ccc(O)cc5,CHEMBL180146,IC50,9.1
356821,C\C(=C(\c1ccc(O)cc1)/c2ccc(OCCN3CCCC3)cc2)\c4ccccc4,CHEMBL3775016,IC50,9.1
356832,Oc1ccc(Oc2sc3cc(O)ccc3c2c4ccc(F)cc4)cc1,CHEMBL3763743,EC50,9.1
356843,Oc1ccc(cc1)[C@@H]2Sc3c(F)c(O)ccc3O[C@@H]2c4ccc(OCCN5CCCCC5)cc4,CHEMBL328716,IC50,9.1
356854,Oc1ccc(cc1)[C@H]2Sc3cc(O)ccc3O[C@H]2c4ccc(OCCN5CC6CCC6C5)cc4,CHEMBL184598,IC50,9.1
356866,Oc1ccc(cc1)c2sc3cc(O)ccc3c2C(=O)c4ccc(cc4)N5CCN(CC5)C(=O)c6ccc(Cl)cc6,CHEMBL180707,IC50,9.11
356877,CC(C)S(=O)(=O)c1ccc(cc1)c2ccc3cc(O)ccc3c2Oc4ccc(OCCN5CCCCC5)cc4,CHEMBL243791,Ki,9.14
356888,CC(C)CN1[C@H](C)Cc2c([nH]c3ccccc23)[C@H]1c4c(F)cc(\C=C\C(=O)O)cc4F,CHEMBL3623002,IC50,9.15
356899,CC(C)(COc1ccc(cc1)[C@@H]2Oc3ccc(O)cc3S[C@@H]2c4ccc(O)cc4)N5CCCC5,CHEMBL179852,IC50,9.16
356911,CC(C)[C@@H](COc1ccc(cc1)[C@@H]2Oc3ccc(O)cc3S[C@@H]2c4ccc(O)cc4)N5CCCC5,CHEMBL183263,IC50,9.16
356923,CC[C@H](COc1ccc(cc1)[C@@H]2Oc3ccc(O)cc3S[C@@H]2c4ccc(O)cc4)N5CCCC5,CHEMBL369545,IC50,9.16
356934,CC\C(=C(\c1ccc(\C=C\C(=O)O)cc1)/c2ccc3[nH]ncc3c2)\c4ccccc4Cl,CHEMBL3581682,EC50,9.16
356945,C[C@@H](COc1ccc(cc1)[C@@H]2Oc3ccc(O)c(F)c3[C@@H](C)[C@@H]2c4ccc(O)cc4)N5CCC[C@H]5C,CHEMBL181248,IC50,9.16
356956,C[C@@H]1CCCN1CCOc2ccc(cc2)[C@@H]3Oc4ccc(O)cc4S[C@@H]3c5ccc(O)cc5,CHEMBL183489,IC50,9.16
356968,C[C@@H]1CN(CCOc2ccc(cc2)[C@@H]3Oc4ccc(O)cc4S[C@@H]3c5ccc(O)cc5)C[C@@H]1C,CHEMBL367574,IC50,9.16
356979,Oc1ccc(cc1)[C@H]2Sc3cc(O)ccc3O[C@H]2CCCN4CCCCC4,CHEMBL122208,IC50,9.16
356990,Oc1ccc(cc1)[C@H]2Sc3cc(O)ccc3O[C@H]2c4ccc(OCCN5CC6CC5CO6)cc4,CHEMBL434525,IC50,9.16
357002,Oc1ccc(cc1)[C@H]2Sc3cc(O)ccc3O[C@H]2c4ccc(OCCN5CC6CC6C5)cc4,CHEMBL184202,IC50,9.16
357013,CCCn1c(cc(c2ccc(O)cc2)c1c3ccc(O)cc3)c4ccc(O)cc4F,CHEMBL2179251,EC50,9.17
357024,C[C@H]1[C@@H]([C@@H](Oc2cc(O)ccc12)c3ccc(OCCN4CCCCC4)cc3)c5ccc(O)cc5,CHEMBL362428,IC50,9.18
357035,C[C@@H](COc1ccc(cc1)[C@H]2[C@H](CCc3cc(O)ccc23)c4ccccc4)N5CCCC5,CHEMBL197495,IC50,9.22
357046,C[C@@H]1CCN(CCOc2ccc(cc2)C(=O)c3c(sc4cc(O)ccc34)c5ccc(O)cc5)C1,CHEMBL372337,IC50,9.22
357057,C[C@H]1CCN(CCOc2ccc(cc2)C(=O)c3c(sc4cc(O)ccc34)c5ccc(O)cc5)C1,CHEMBL2024376,IC50,9.22
357068,Oc1ccc(cc1)C2CCc3cc(O)ccc3N2Cc4ccc(OCCN5CCCCC5)cc4,CHEMBL56198,Ki,9.22
357079,Oc1ccc(cc1)[C@H]2Sc3cc(O)ccc3O[C@H]2c4ccc(OCCN5C6CCCC5CC6)cc4,CHEMBL184367,IC50,9.22
357090,Oc1ccc(cc1)[C@H]2Sc3cc(O)ccc3O[C@H]2c4ccc(OCCN5C6CCCC5CCC6)cc4,CHEMBL184360,IC50,9.22
357101,Oc1ccc(cc1)[C@H]2Sc3cc(O)ccc3O[C@H]2c4ccc(OCCN5CC6CC7CC(C6)CC5C7)cc4,CHEMBL184371,IC50,9.22
357112,Oc1ccc(cc1)[C@H]2Sc3cc(O)ccc3O[C@H]2c4ccc(OCCN5CC[C@H]6C[C@@H]56)cc4,CHEMBL184421,IC50,9.22
357123,Oc1ccc2C3=C(COc2c1)c4ccc(O)cc4O[C@H]3c5ccc(OCCN6CCCCC6)cc5,CHEMBL207324,IC50,9.22
357134,Oc1ccc2N(Cc3ccc(OCCN4CCCCC4)cc3)C(CCc2c1)c5cccc(O)c5,CHEMBL58688,Ki,9.22
357145,Oc1ccc2[C@H]([C@H](SCc2c1)c3ccccc3)c4ccc(OCCN5CCCC5)cc4,CHEMBL183333,IC50,9.22
357156,CN(C)C(=O)c1ccc(cc1)c2ccc3cc(O)ccc3c2Oc4ccc(OCCN5CCCCC5)cc4,CHEMBL244001,Ki,9.24
357167,Oc1ccc(cc1)[C@@H]2Sc3c(Cl)cc(O)cc3O[C@@H]2c4ccc(OCCN5CCCCC5)cc4,CHEMBL94116,IC50,9.29
357179,CC(C)[C@H](COc1ccc(cc1)[C@@H]2Oc3ccc(O)cc3S[C@@H]2c4ccc(O)cc4)N5CCCC5,CHEMBL182794,IC50,9.3
357191,CC[C@@H](COc1ccc(cc1)[C@@H]2Oc3ccc(O)cc3S[C@@H]2c4ccc(O)cc4)N5CCCC5,CHEMBL367350,IC50,9.3
357202,CC\C(=C(\c1ccc(\C=C\C(=O)O)cc1)/c2ccc3[nH]ncc3c2)\c4cscc4C,CHEMBL3581681,EC50,9.3
357213,C[C@@H](COc1ccc(cc1)[C@@H]2Oc3ccc(O)c(F)c3[C@@H](C)[C@@H]2c4ccc(O)cc4)N5CCCC5,CHEMBL359633,IC50,9.3
357224,C[C@@H]1CCN(CCOc2ccc(Cn3c(c(C)c4cc(O)ccc34)c5ccc(O)cc5)cc2)C1,CHEMBL198914,IC50,9.3
357235,C[C@@H]1CCN(CCOc2ccc(cc2)[C@H]3[C@H](CCc4cc(O)ccc34)c5ccccc5)C1,CHEMBL437695,IC50,9.3
357247,C[C@H]1CN(CCOc2ccc(cc2)[C@@H]3Oc4ccc(O)cc4S[C@@H]3c5ccc(O)cc5)C[C@@H]1C,CHEMBL182980,IC50,9.3
357258,Oc1ccc(cc1)[C@@H]2Sc3c(F)cc(O)cc3O[C@@H]2c4ccc(OCCN5CCCCC5)cc4,CHEMBL94030,IC50,9.3
357269,Oc1ccc(cc1)[C@H]2Sc3cc(O)ccc3O[C@H]2c4ccc(OCCN5CC[C@@H](F)C5)cc4,CHEMBL184679,IC50,9.3
357280,Oc1ccc(cc1)[C@H]2Sc3cc(O)ccc3O[C@H]2c4ccc(OCCN5CC[C@@H]6C[C@H]56)cc4,CHEMBL181862,IC50,9.3
357291,Oc1ccc2C(C(CCc2c1)c3ccccc3)c4ccc(OCCN5CCCC5)cc4,CHEMBL92748,IC50,9.3
357302,CCS(=O)(=O)c1ccc(cc1)c2sc3cc(O)ccc3c2Oc4ccc(OCCN5CCCCC5)cc4,CHEMBL395291,Ki,9.32
357313,CCNc1c(\C=N\O)ccc(c2ccccc2)c1c3ccccc3,CHEMBL128227,Ki,9.33
357324,CS(=O)(=O)c1ccc(cc1)c2ccc3cc(O)ccc3c2Oc4ccc(OCCN5CCCCC5)cc4,CHEMBL243789,Ki,9.33
357335,Oc1ccc(cc1)c2sc3cc(O)ccc3c2C(=O)c4ccc(cc4)N5CCN(CC5)C(=O)c6cccc(Cl)c6,CHEMBL178665,IC50,9.34
357346,Oc1ccc(cc1)c2sc3cc(O)ccc3c2C(=O)c4ccc(cc4)N5CCN(CC5)c6ccc(cc6)[N+](=O)[O-],CHEMBL180176,IC50,9.37
357357,CC(C)[C@@H]1CCN(CCOc2ccc(cc2)[C@@H]3Oc4ccc(O)cc4S[C@@H]3c5ccc(O)cc5)C1,CHEMBL361601,IC50,9.4
357368,CN(C)S(=O)(=O)c1ccc(cc1)c2ccc3cc(O)ccc3c2Oc4ccc(OCCN5CCCCC5)cc4,CHEMBL243571,Ki,9.4
357379,C[C@@H](COc1ccc(Cn2c(c(C)c3cc(O)ccc23)c4ccc(O)cc4)cc1)N5CCCC5,CHEMBL372808,IC50,9.4
357391,C[C@@H]1CN(CCOc2ccc(cc2)[C@@H]3Oc4ccc(O)cc4S[C@@H]3c5ccc(O)cc5)C[C@H]1C,CHEMBL183467,IC50,9.4
357402,C\C(=C(\c1ccc(O)cc1)/c2ccc(OCCN3CCCCC3)cc2)\c4ccccc4,CHEMBL3774647,IC50,9.4
357413,Oc1ccc(cc1)[C@H]2Sc3cc(O)ccc3O[C@H]2c4ccc(OCCN5CC6(CCC6)C5)cc4,CHEMBL185083,IC50,9.4
357424,CC#CC(Cc1ccc(O)cc1)c2ccc(O)cc2,CHEMBL136039,EC50,9.42
357435,CCc1c(oc(c2ccc(O)cc2)c1c3ccc(O)cc3)c4ccc(OCCN5CCCCC5)cc4,CHEMBL315474,Ki,9.44
357446,Oc1ccc(cc1)[C@H]2Oc3cccc(O)c3[C@H]4CCC[C@@H]24,CHEMBL234638,Ki,9.46
357457,Oc1ccc(cc1)c2ccc3cc(O)ccc3c2Oc4ccc(OCCN5CCCCC5)cc4,CHEMBL244000,Ki,9.5
357468,CCC1=C(Cc2cc(O)ccc12)c3ccc(O)cc3,CHEMBL69408,EC50,9.51
357479,CC(C)[C@H]1CCN(CCOc2ccc(cc2)[C@@H]3Oc4ccc(O)cc4S[C@@H]3c5ccc(O)cc5)C1,CHEMBL427324,IC50,9.52
357490,CCOc1ccc(cc1)C2=C(CCCc3cc(O)ccc23)c4ccccc4,CHEMBL3290282,EC50,9.52
357501,COc1ccc(cc1)C2=C(CCCc3cc(O)ccc23)c4ccccc4,CHEMBL3290284,EC50,9.52
357512,C[C@H]1[C@@H]([C@@H](Oc2ccc(O)c(F)c12)c3ccc(OCCN4CCCCCC4)cc3)c5ccc(O)cc5,CHEMBL181368,IC50,9.52
357523,Cl.Oc1ccc2c3[C@H](Oc4c(F)cc(F)cc4c3ccc2c1)c5ccc(OCCN6CCCCC6)cc5,CHEMBL535158,Ki,9.52
357534,Oc1ccc(cc1)[C@H]2Sc3cc(O)ccc3O[C@H]2c4ccc(OCCN5C[C@H]6CCC[C@H]6C5)cc4,CHEMBL433769,IC50,9.52
357546,CC(C)N1CCN(CC1)c2ccc(cc2)C(=O)c3c(sc4cc(O)ccc34)c5ccc(O)cc5,CHEMBL178334,IC50,9.55
357557,Oc1ccc2c(CN(c3ccc(OCCN4CCCCC4)cc3)c5c2ccc6cc(O)ccc56)c1,CHEMBL12987,Ki,9.55
357569,Cc1cccc(c1)C(=O)N2CCN(CC2)c3ccc(cc3)C(=O)c4c(sc5cc(O)ccc45)c6ccc(O)cc6,CHEMBL180873,IC50,9.57
357580,CCCCc1ccc(cc1)c2sc3cc(O)ccc3c2C(=O)c4ccc(OCCN5CCCCC5)cc4,CHEMBL46937,Ki,9.6
357591,Oc1ccc2c(Oc3ccc(OCCN4CCCCC4)cc3)c(ccc2c1)c5ccc(F)cc5,CHEMBL244205,Ki,9.62
357602,Oc1ccc2c(Oc3ccc(OCCN4CCCCC4)cc3)c(ccc2c1)c5cccc(c5)C#N,CHEMBL243999,Ki,9.62
357612,CC12CC[C@H]3[C@@H](CCc4cc(O)ccc34)[C@@H]1CC[C@@]2(O)C#C,CHEMBL1627464,Ki,9.64
357622,CC(=O)N1C(C)(C)CC(=C(c2ccc(O)cc2)c3ccc(O)cc3)CC1(C)C,CHEMBL3753254,EC50,9.66
357633,Oc1ccc(cc1)c2sc3cc(O)ccc3c2C(=O)c4ccc(cc4)N5CCN(CC5)c6ccc(Cl)cc6,CHEMBL178679,IC50,9.66
357644,Oc1cccc(c1)c2ccc3cc(O)ccc3c2Oc4ccc(OCCN5CCCCC5)cc4,CHEMBL390020,Ki,9.68
357655,C[C@@H](COc1ccc(cc1)C(=O)c2c(sc3cc(O)ccc23)c4ccc(O)cc4)N5CCCC5,CHEMBL198803,IC50,9.7
357666,C[C@H](COc1ccc(cc1)C(=O)c2c(sc3cc(O)ccc23)c4ccc(O)cc4)N5CCCC5,CHEMBL2024377,IC50,9.7
357677,Oc1ccc(cc1)C(=O)c2sc3cc(O)ccc3c2c4ccc(F)cc4,CHEMBL3763189,EC50,9.7
357688,Oc1ccc2c(Oc3ccc(OCCN4CCCCC4)cc3)c(ccc2c1)c5ccc(F)c(F)c5,CHEMBL244206,Ki,9.7
357699,Oc1ccc2c(Oc3ccc(OCCN4CCCCC4)cc3)c(ccc2c1)c5cccc(F)c5,CHEMBL390021,Ki,9.75
357710,CCC(=C(c1ccc(O)cc1)c2ccc(O)cc2)c3ccc(O)cc3,CHEMBL37775,EC50,9.82
357721,O\N=C\c1ccc(c2ccccc2)c(c1)c3ccccc3,CHEMBL335465,Ki,9.82
357732,CC[C@@H]([C@@H](C)c1ccc(O)cc1)c2ccc(O)cn2,CHEMBL538148,EC50,9.96
357743,CC[C@H]([C@H](CC)c1ccc(O)cn1)c2ccc(O)cc2,CHEMBL556650,EC50,9.96
357754,Oc1ccc(cc1)\C(=N/c2ccccc2Cl)\c3ccc(O)cc3O,CHEMBL3234630,EC50,10.0
357765,CC(C)c1ccc(cc1)c2sc3cc(O)ccc3c2Oc4ccc(OCCN5CCCCC5)cc4,CHEMBL243970,Ki,10.04
357776,CC[C@@H]([C@@H](C#N)c1ccc(O)cc1)c2ccc(O)cc2,CHEMBL135739,EC50,10.19
357787,CCC1C(=C(CC)c2ccc(O)cc12)c3ccc(O)cc3,CHEMBL306878,EC50,10.23
357798,CC#C[C@]1(O)CC[C@H]2[C@@H]3CCc4cc(O)ccc4[C@H]3CC[C@]12C,CHEMBL592868,EC50,10.55
357809,CCC(=C(c1ccc(O)cc1)c2ccc(O)cc2)c3ccccc3,CHEMBL149791,EC50,10.82
