id,smiles,name,assay_type,activity_value
342454,OC1=CC=C(C=C1)C1=C(C(=O)C2=CC=C(OCCN3CCCCC3)C=C2)C2=C(S1)C=C(O)C=C2,raloxifene,EC50,8.0
342365,[H][C@@]12CC[C@H](O)[C@@]1(C)CC[C@]1([H])C3=CC=C(O)C=C3C[C@@H](CCCCCCCCCS(=O)CCCC(F)(F)C(F)(F)F)[C@@]21[H],fulvestrant,Ki,8.74
6333234,COC1=CC=C(C=C1)C(Cl)=C(C1=CC=C(OC)C=C1)C1=CC=C(OC)C=C1,chlorotrianisene,N/A,N/A
342497,[H][C@@]12CCC(=O)[C@@]1(C)CC[C@]1([H])C3=C(CC[C@@]21[H])C=C(OS(O)(=O)=O)C=C3,estrone sulphate,N/A,N/A
342506,CC\C(=C(\CC)C1=CC=C(OP(O)(O)=O)C=C1)C1=CC=C(OP(O)(O)=O)C=C1,fosfestrol,N/A,N/A
6333246,[H][C@@]12CC[C@H](OP(O)(O)=O)[C@@]1(C)CC[C@]1([H])C3=C(CC[C@@]21[H])C=C(OC(=O)N(CCCl)CCCl)C=C3,estramustine phosphate,N/A,N/A
342519,[H]C1(CCC2=CC(O)=CC=C2C1([H])C1=CC=C(OCCN2CCCC2)C=C1)C1=CC=CC=C1,lasofoxifene,IC50,8.74
342529,CC1=C(N(CC2=CC=C(OCCN3CCCCCC3)C=C2)C2=C1C=C(O)C=C2)C1=CC=C(O)C=C1,bazedoxifene,IC50,8.42
6333326,CCN(CCCc1ccc(Cl)cc1)c2nc(NCCc3ccc(O)cc3)nc(n2)N4CCNCC4,CHEMBL152913,Ki,7.0
350338,CC\C(=C(/c1ccc(O)cc1)\c2ccc(OCCN(C)C)cc2)\c3ccccc3,CHEMBL489,IC50,7.0
6333339,CN(CCCc1ccc(C)cc1)c2nc(NCCc3ccc(O)cc3)nc(n2)N4CCNCC4,CHEMBL149803,Ki,7.0
6333350,CN(CCCc1ccc(Cl)cc1)c2nc(NCCc3ccc(O)cc3)nc(n2)N4CCN(CC4)C(=O)COc5ccccc5,CHEMBL348343,Ki,7.0
354284,COc1ccc2C3=C(CCOc2c1)c4ccc(O)cc4O[C@@H]3c5ccc(OCCN6CCCCC6)cc5,CHEMBL1088343,IC50,7.0
342385,[H][C@@]12CC[C@H](O)[C@@]1(C)CC[C@]1([H])C3=C(CC[C@@]21[H])C=C(O)C=C3,estradiol,Ki,7.0
351211,Oc1ccc(cc1)C2=C3c4ccc(O)cc4CC3(Cc5ccccc5)CCC2=O,CHEMBL214972,IC50,7.0
353537,Oc1ccc(cc1)\C(=N/c2ccc(Br)cc2)\c3ccc(O)cc3O,CHEMBL3234635,IC50,7.0
351189,Oc1ccc2C(C3CCCCC3)N(CCc2c1)c4ccccc4,CHEMBL412907,IC50,7.0
354317,Oc1ccc2C3=C(CCOc2c1)c4ccccc4O[C@@H]3c5ccc(OCCN6CCCCC6)cc5,CHEMBL1087298,IC50,7.0
6333373,CCCCCc1c(O)cc(O)c2C(=O)C[C@H](Oc12)c3ccc(O)cc3,CHEMBL385279,IC50,7.01
356744,CC[C@@H](CN1CCCC1)Oc2ccc(cc2)[C@@H]3Oc4ccc(O)cc4S[C@@H]3c5ccc(O)cc5,CHEMBL183092,IC50,7.01
4091918,Oc1c(Cl)cc(Cl)c(Cl)c1Cc2c(O)c(Cl)cc(Cl)c2Cl,CHEMBL496,IC50,7.01
343175,Oc1ccc(cc1)C2=COc3cc(O)cc(O)c3C2=O,CHEMBL44,IC50,7.01
355190,Oc1ccc(cc1)[C@H]2Sc3cc(O)ccc3O[C@H]2c4ccc(OCCN5CCCCC5)cc4,CHEMBL304552,IC50,7.01
6333391,Oc1ccc(cc1)c2oc3c(cc(O)cc3n2)c4cccs4,CHEMBL187978,IC50,7.01
349130,Oc1ccc2C(N(CCc2c1)c3ccccc3)c4ccc(cc4)N5CCN6CCCCC6C5,CHEMBL195212,IC50,7.01
352432,COc1ccccc1OS(=O)(=O)C2CC3OC2C(=C3c4ccc(O)cc4)c5ccc(NC(=O)CCCCCCC(=O)O)cc5,CHEMBL3589359,Ki,7.02
6333406,C\C=C\[C@]12CC[C@H](O)CC1=CCC3C4CC[C@H](O)[C@@]4(C)CCC23,CHEMBL202415,IC50,7.02
6333418,NC(=O)c1cc(O)cc2nc(oc12)c3ccc(O)cc3,CHEMBL365903,IC50,7.02
6333430,Oc1ccc(c(CC#N)c1)c2noc3cc(O)ccc23,CHEMBL365625,IC50,7.02
6333441,CC(=O)c1cc(nc2ccc(O)cc12)c3ccc(O)c(F)c3,CHEMBL371305,IC50,7.03
343325,CCC(CC)(c1ccc(O)cc1)c2ccc(O)cc2,CHEMBL1782331,IC50,7.03
356504,C[C@H](CCc1ccc(O)cc1)NC(=O)Cc2c([nH]c3ccccc23)c4ccccc4,CHEMBL391910,IC50,7.03
6333456,Cc1cccc2c3ccc(O)c(C)c3OC(=O)c12,CHEMBL204959,IC50,7.03
352613,Oc1ccc(cc1)c2sc3cc(O)ccc3c2C(=O)c4ccc(cc4)N5CCN(CC5)C(=O)c6ccncc6,CHEMBL362425,IC50,7.03
351231,Oc1ccc2C(N(CCc2c1)C(=O)C(F)(F)F)c3ccc(OCCN4CCCC4)cc3,CHEMBL89994,IC50,7.03
350535,CC1(N(CCc2cc(O)ccc12)c3ccc(F)cc3)c4ccc(OCCN5CCCCC5)cc4,CHEMBL101083,IC50,7.04
6333473,CCc1cc(O)cc2C(=O)Oc3c(C)c(O)ccc3c12,CHEMBL383518,IC50,7.04
6333484,Cc1ccc(C)c(SCC(=O)OCC(=O)c2occc2)c1,CHEMBL1586116,IC50,7.04
1083326,Cc1ccccc1OS(=O)(=O)C2CC3OC2C(=C3c4ccc(O)cc4)c5ccc(NC(=O)CCCCCCC(=O)O)cc5,CHEMBL3589356,Ki,7.04
352005,Oc1ccc2C(=O)N(C(=O)c2c1)c3ccc(O)cc3[N+](=O)[O-],CHEMBL394788,IC50,7.04
6333498,CC1Oc2cc(O)cc(C)c2N=C1c3ccc(O)c(Br)c3,CHEMBL77620,IC50,7.05
6333509,CCC1Oc2cc(O)cc(C)c2N=C1c3ccc(O)c(Br)c3,CHEMBL77609,IC50,7.05
6333520,CN(CCCc1ccc(cc1)C#N)c2nc(NCCc3ccc(O)cc3)nc(n2)N4CCNCC4,CHEMBL153359,Ki,7.05
352995,C[C@H](CCC(=O)O)[C@H]1CC[C@H]2[C@@H]3[C@H](O)C[C@@H]4CC(CC[C@]4(C)[C@H]3C[C@H](O)[C@]12C)OCCN(C)c5ccc(cc5)[C@H]6C[C@@]7(C)[C@@H](CC[C@@]7(O)C#C)[C@@H]8CCC9=CC(=O)CCC9=C68,CHEMBL427568,Ki,7.05
6333533,C[C@H](COc1ccc(cc1)[C@@H]2Oc3ccc(O)cc3S[C@@H]2c4ccc(O)cc4)N5CC[C@@H](C)C5,CHEMBL183399,IC50,7.05
6333544,Cc1cc(C)c2c(c1)C(=O)Oc3cc(O)ccc23,CHEMBL380720,IC50,7.05
6333555,OC(=O)CCCCCCC(=O)Nc1ccc(cc1)C2=C(C3CC(C2O3)S(=O)(=O)Oc4cccc5ccccc45)c6ccc(O)cc6,CHEMBL3589367,IC50,7.05
6333566,Oc1ccc(CCNc2nc(SCCOc3ccc(Cl)cc3)nc(n2)N4CCNCC4)cc1,CHEMBL150466,Ki,7.05
6333577,CC[C@H](C)C1=CC[C@H]2[C@@H]3CCc4cc(O)ccc4[C@H]3CC[C@]12C,CHEMBL3099430,IC50,7.06
355279,C[C@@H]1CCN(CCOc2ccc(cc2)[C@@H]3Oc4ccc(O)cc4S[C@@H]3c5ccc(O)cc5)C1,CHEMBL183584,IC50,7.06
6333590,C[C@H](COc1ccc(cc1)[C@@H]2Oc3ccc(O)cc3S[C@@H]2c4ccc(O)cc4)N5CC[C@H](C)C5,CHEMBL182902,IC50,7.06
6333601,Cc1c(O)ccc2c1COc3c(C)c(O)ccc23,CHEMBL378798,IC50,7.06
6333612,Cc1ccc(OS(=O)(=O)C2CC3OC2C(=C3c4ccc(O)cc4)c5ccc(NC(=O)CCCCCCC(=O)O)cc5)cc1,CHEMBL3589352,Ki,7.06
354808,Oc1ccc(cc1)[C@H]2Sc3cc(O)ccc3S[C@H]2c4ccc(OCCN5CCCC5)c(Br)c4,CHEMBL123025,IC50,7.06
6333625,Oc1ccc(cc1)c2ccc3c(Br)c(O)ccc3n2,CHEMBL196583,IC50,7.06
6333637,Oc1ccc2c(noc2c1)c3ccc4c(Br)c(O)ccc4c3,CHEMBL188458,IC50,7.06
353570,CN1CCN(CCOc2ccc(cc2)[C@H]3Oc4cc(O)ccc4C5=C3c6ccc(O)cc6OCC5)CC1,CHEMBL1084922,IC50,7.07
6333653,Cc1snc2sc(C(=O)c3ccc(Br)cc3)c(N)c12,CHEMBL1597933,IC50,7.07
356854,Oc1ccc(cc1)[C@H]2Sc3cc(O)ccc3O[C@H]2c4ccc(OCCN5CC6CCC6C5)cc4,CHEMBL184598,IC50,7.07
350280,CC1(N(CCc2cc(O)ccc12)c3ccccc3)c4ccc(OCCN5CCCC5)cc4,CHEMBL98558,IC50,7.08
351200,CC1(N(CCc2cc(O)ccc12)c3ccccc3)c4ccc(OCCN5CCCCC5)cc4,CHEMBL101807,IC50,7.08
6333669,CCN1CC(Cc2ccc(O)cc12)c3ccc(O)cc3,CHEMBL239938,IC50,7.08
6333680,C[C@]12CCC3C(CC=C4C[C@@H](O)CC[C@]34\C=C/Cl)C1CC[C@@H]2O,CHEMBL201569,IC50,7.08
6333691,Cc1onc(C)c1S(=O)(=O)N(CC(=O)O)c2ccc3OCOc3c2,CHEMBL1346778,IC50,7.08
6333702,CC(C)c1cc(O)cc2nc(oc12)c3ccc(O)cc3,CHEMBL187663,IC50,7.09
350962,CC1(N(CCc2cc(O)ccc12)c3ccc(F)cc3)c4ccc(OCCN5CCCC5)cc4,CHEMBL101997,IC50,7.09
6333715,CCCC12CCC(=O)C(=C1c3ccc4[nH]nnc4c3C2)C,CHEMBL212392,IC50,7.09
354993,CCCc1ccc(cc1)C(=O)N(c2ccc(O)cc2)c3ccc(O)cc3,CHEMBL3645263,Ki,7.09
6333727,COc1cccc(OS(=O)(=O)C2CC3OC2C(=C3c4ccc(O)cc4)c5ccc(NC(=O)CCCCCCC(=O)O)cc5)c1,CHEMBL3589355,Ki,7.09
6333738,Cc1c(O)ccc2c1OC(=O)c3c(O)c(O)ccc23,CHEMBL204819,IC50,7.09
354897,OC[C@@H]1CCCN1CCOc2ccc(cc2)[C@@H]3Oc4ccc(O)cc4S[C@@H]3c5ccc(O)cc5,CHEMBL359774,IC50,7.09
355976,O[C@@H]1CCN(CCOc2ccc(cc2)[C@@H]3Oc4ccc(O)cc4S[C@@H]3c5ccc(O)cc5)C1,CHEMBL185114,IC50,7.09
355987,Oc1ccc(cc1)[C@H]2Sc3cc(O)ccc3O[C@H]2c4ccc(OCCCN5CCCC5)cc4,CHEMBL361751,IC50,7.09
6333755,Oc1ccc(cc1)c2ccc3c(C#N)c(O)ccc3c2,CHEMBL364502,IC50,7.09
349389,CC1(N(CCc2cc(O)ccc12)c3ccccc3)c4ccc(OCCN5CCCCCC5)cc4,CHEMBL328810,IC50,7.1
6333769,CCCCc1cc(O)cc2nc(oc12)c3ccc(O)cc3,CHEMBL184003,IC50,7.1
6333780,CCc1cc(nc2ccc(O)cc12)c3ccc(O)c(F)c3,CHEMBL198680,IC50,7.1
6333791,CN1CCN(CC1)c2ccc(NC(=O)c3cccc(OCc4ccccc4)c3)cc2,CHEMBL1331469,IC50,7.1
6333802,Cc1cc(O)cc2N=CN(C(=S)c12)c3ccc(O)cc3,CHEMBL379889,IC50,7.1
6333813,Cc1ccc(C)c2c3ccc(O)c(C)c3OC(=O)c12,CHEMBL380358,IC50,7.1
356427,CC(CCc1ccc(O)cc1)NC(=O)Cc2c([nH]c3ccccc23)c4ccccc4,CHEMBL241301,IC50,7.11
349270,CC\C(=C(\c1ccc(O)cc1)/c2ccc(OCCN)cc2)\c3ccccc3,CHEMBL2386285,EC50,7.11
6333828,COc1cc2C(=O)Oc3c(C)c(O)ccc3c2cc1Br,CHEMBL438443,IC50,7.11
6333839,Cc1c(O)ccc2c1OC(=O)c3c(C)c(O)ccc23,CHEMBL204922,IC50,7.11
354207,Oc1ccc(cc1)N(C(=O)c2ccc(O)c(F)c2)c3ccc(O)cc3,CHEMBL3645267,Ki,7.11
351846,Oc1ccc2C3=C(CCCOc2c1)c4ccc(O)cc4OC3c5ccc(OCCN6CCCCC6)cc5,CHEMBL1086644,IC50,7.11
343733,C[C@]12CC[C@H]3[C@@H](CCc4cc(O)ccc34)[C@@H]1CC[C@@]2(O)c5ccc6COCc6c5,CHEMBL1097377,IC50,7.12
6333855,CN(CCCc1ccc(cc1)C(F)(F)F)c2nc(NCCc3ccc(O)cc3)nc(n2)N4CCNCC4,CHEMBL153407,Ki,7.13
6333866,Cc1cc(O)cc2COc3c(C)c(O)ccc3c12,CHEMBL206582,IC50,7.13
6333877,OC[C@]12CC[C@H]([C@H](C1)C=CC2)c3ccc(O)cc3,CHEMBL57150,IC50,7.13
5326305,Oc1ccc(cc1)c2cc(C#C)c3cc(O)ccc3n2,CHEMBL440757,IC50,7.13
6333890,CC1=CC2=CC[C@H]3[C@@H]4CC[C@@](O)(C#C)[C@@]4(C)CC[C@@H]3[C@]2(CC1)C=C,CHEMBL249904,IC50,7.14
6333901,COc1ccc(Cc2nnc(NC(=O)Cc3cccs3)s2)cc1,CHEMBL1439640,IC50,7.14
356968,C[C@@H]1CN(CCOc2ccc(cc2)[C@@H]3Oc4ccc(O)cc4S[C@@H]3c5ccc(O)cc5)C[C@@H]1C,CHEMBL367574,IC50,7.14
351781,C[C@]12CCc3c(sc4cc(O)ccc34)[C@@H]1CC[C@H]2O,CHEMBL138544,Ki,7.14
353527,Oc1ccc(cc1)N(C(=O)c2ccc3ccccc3c2)c4ccc(O)cc4,CHEMBL3645266,Ki,7.14
354381,Oc1ccc(cc1)[C@@H]2Sc3cc(O)c(Cl)cc3O[C@@H]2c4ccc(OCCN5CCCCC5)cc4,CHEMBL90072,IC50,7.14
356990,Oc1ccc(cc1)[C@H]2Sc3cc(O)ccc3O[C@H]2c4ccc(OCCN5CC6CC5CO6)cc4,CHEMBL434525,IC50,7.14
356074,Oc1ccc(cc1)[C@H]2Sc3cc(O)ccc3O[C@H]2c4ccc(OCCN5CCSCC5)cc4,CHEMBL362718,IC50,7.14
355965,C[C@H](COc1ccc(cc1)[C@@H]2Oc3ccc(O)cc3S[C@@H]2c4ccc(O)cc4)N5CCCC5,CHEMBL180792,IC50,7.15
351626,Cc1ccc(cc1)S(=O)(=O)N2CCc3cc(O)ccc3C2c4ccc(OCCN5CCCC5)cc4,CHEMBL330307,IC50,7.15
353912,Oc1ccc(cc1)c2nn3c(cc(nc3c2c4ccc(OCCN5CCCCC5)cc4)C(F)(F)F)C(F)(F)F,CHEMBL218220,Ki,7.15
6333928,CC1=C2c3ccc4[nH]ncc4c3CC2(C)CCC1=O,CHEMBL212468,IC50,7.16
6333939,CCCCCCCc1c(O)cc(O)c2C(=O)C[C@H](Oc12)c3ccc(O)cc3,CHEMBL216596,IC50,7.16
6333950,CCOC(=O)C1CCCN(C1)C(=O)c2cc3ncc(Br)cn3n2,CHEMBL1525366,IC50,7.16
6333960,CCOC(=O)c1cnn(c1N)c2nc(SC)nc3sc4CCCc4c23,CHEMBL1502852,IC50,7.16
6333970,CCc1cc(OC)cc2C(=O)Oc3c(C)c(O)ccc3c12,CHEMBL202896,IC50,7.16
6334847,C[C@@H](COc1ccc(cc1)[C@@H]2Oc3ccc(O)cc3S[C@@H]2c4cccc(O)c4)N5CC[C@@H](C)C5,CHEMBL183067,IC50,7.16
6334858,O=C(Cc1cccs1)Nc2ccc(cc2)S(=O)(=O)Nc3ncccn3,CHEMBL1347387,IC50,7.16
353365,Oc1ccc(cc1)[C@@H]2Sc3ccccc3O[C@@H]2c4ccc(OCCN5CCCCC5)cc4,CHEMBL68940,IC50,7.16
349303,CC(=CCc1c(O)cc(O)c2C(=O)CC(Oc12)c3ccc(O)cc3)C,CHEMBL460647,IC50,7.17
6334872,Cc1c(O)ccc2c3ccc(O)c(Br)c3OC(=O)c12,CHEMBL205350,IC50,7.17
6334883,Cc1cc(O)cc2OC(=O)c3c(C)c(O)ccc3c12,CHEMBL206120,IC50,7.17
343501,Cc1cccc(OS(=O)(=O)C2CC3OC2C(=C3c4ccc(O)cc4)c5ccc(NC(=O)CCCCCCC(=O)O)cc5)c1,CHEMBL3589353,Ki,7.17
352571,Oc1ccc(cc1)\C(=N/c2cccc(Cl)c2)\c3ccc(O)cc3O,CHEMBL3234631,IC50,7.17
350203,COc1ccc(cc1)c2sc3cc(O)ccc3c2Oc4ccc(OCCN5CCCCC5)cc4,CHEMBL226267,IC50,7.18
355720,Cc1cc(C)nc(n1)N2CCN(CC2)c3ccc(cc3)C(=O)c4c(sc5cc(O)ccc45)c6ccc(O)cc6,CHEMBL182237,IC50,7.18
6334903,Oc1cc(C=C)c2oc(nc2c1)c3cc(F)c(O)cc3F,CHEMBL188613,IC50,7.18
353978,Oc1ccc2C(Cc3ccccc3)N(CCc2c1)c4ccccc4,CHEMBL315866,IC50,7.18
355135,Oc1ccc2C3=C(CCOc2c1)c4ccc(F)cc4O[C@@H]3c5ccc(OCCN6CCCCCC6)cc5,CHEMBL1082224,IC50,7.18
354972,Oc1ccc2OC(C(Sc2c1)c3ccc(F)cc3)c4ccc(OCCN5CCCCC5)cc4,CHEMBL93546,IC50,7.18
351439,Oc1ccc2c(Oc3ccc(OCCN4CCCCC4)cc3)c(sc2c1)c5ccc(Br)cc5,CHEMBL389683,IC50,7.18
6334923,Oc1ccc2oc(nc2c1)c3ccc(O)c(F)c3,CHEMBL360817,IC50,7.18
6334935,COc1c(Br)c(O)c(Br)c2nc(oc12)c3ccc(O)c(F)c3,CHEMBL364551,IC50,7.19
6334946,C[C@]12CC[C@H]3[C@@H](CC=C4C=C(Cl)CC[C@]34C=C)[C@@H]1CC[C@@H]2O,CHEMBL430395,IC50,7.19
6334957,Oc1ccc(cc1)C2CCc3cc(O)ccc3N2,CHEMBL293599,Ki,7.19
355511,Oc1ccc(cc1)[C@H]2Sc3cc(O)ccc3O[C@H]2c4ccc(OCCN5CCCC5)cc4,CHEMBL362623,IC50,7.19
6334971,Oc1ccc(cc1F)c2oc3cc(Cl)c(O)cc3n2,CHEMBL362793,IC50,7.19
6334982,CC1=C2c3ccc(O)cc3CC2(C)CCC1=O,CHEMBL425603,IC50,7.2
6334993,CCOc1ccc2nc(NC(=O)CCC(=O)c3cccs3)sc2c1,CHEMBL1567745,IC50,7.2
6335003,CCc1nc2cc(O)ccc2c(Oc3ccc(\C=C\C(=O)O)cc3)c1c4ccccc4,CHEMBL370492,Ki,7.2
6335014,CN(C)c1ccc(NC(=O)N2CCOCC2)cc1,CHEMBL1488584,IC50,7.2
354044,COc1ccc2C3=C([C@@H](Oc2c1)c4ccc(OCCN5CCCCC5)cc4)c6ccc(O)cc6OCC3,CHEMBL1082864,IC50,7.2
6335026,C[C@]12CC[C@H]3[C@@H]([C@H](Sc4ccc(Br)cc4)C(O)c5cc(O)ccc35)[C@@H]1CC[C@@H]2O,CHEMBL1627353,IC50,7.2
6335037,Oc1ccc2C(N(CCc2c1)C(=O)C(F)(F)F)c3cccs3,CHEMBL91452,IC50,7.2
354066,Oc1ccc2C3=C([C@@H](Oc2c1)c4ccc(OCCN5CCCCC5)cc4)c6ccccc6OCC3,CHEMBL1086652,IC50,7.2
6335050,Cc1nn(c(C)c1NC(=O)Cc2cccs2)c3ccccc3,CHEMBL1559043,IC50,7.21
6335060,Cc1oc(\C=C\2/Sc3nc(nn3C2=O)c4ccccc4Br)cc1,CHEMBL3193592,IC50,7.21
6335070,Cl.CN(C)[C@H]1[C@@H]2C[C@@H]3[C@H](O)c4c(Cl)ccc(O)c4C(=O)C3=C(O)[C@]2(O)C(=O)C(=C1O)C(=O)N,CHEMBL1200474,IC50,7.21
6335080,CC(Cc1ccc(O)cc1)c2ccc(O)cn2,CHEMBL556307,EC50,7.22
6335091,CCC12CCC(=O)C(=C1c3ccc4[nH]nnc4c3C2)Br,CHEMBL385028,IC50,7.22
6335102,CCN1\C(=N\c2cccc(O)c2)\S\C(=C\3/Sc4ccc(OC)cc4N3C)\C1=O,CHEMBL1965461,IC50,7.22
6335112,CCOC(=O)c1ccc(NC(=O)COc2ccc(cc2)n3cnnn3)cc1,CHEMBL1323132,IC50,7.22
6335122,OC(=O)CCCCCCC(=O)Nc1ccc(cc1)C2=C(C3CC(C2O3)S(=O)(=O)Oc4ccc(Br)cc4)c5ccc(O)cc5,CHEMBL3589363,Ki,7.22
5326339,Oc1ccc(cc1)c2cc(C=C)c3cc(O)ccc3n2,CHEMBL198089,IC50,7.22
353782,Oc1ccc2O[C@H]([C@@H](Cc3ccccc3)Sc2c1)c4ccc(OCCN5CCCCC5)cc4,CHEMBL85536,IC50,7.22
6335137,CC(C)CCc1c(O)cc(O)c2C(=O)C[C@H](Oc12)c3ccc(O)cc3,CHEMBL216279,IC50,7.23
356645,CC1(C)CCCN1CCOc2ccc(cc2)[C@@H]3Oc4ccc(O)cc4S[C@@H]3c5ccc(O)cc5,CHEMBL183371,IC50,7.23
6335150,CCC1=NC2=C(C(=O)N1Cc3occc3)C(=O)c4ccc(OC)cc4O2,CHEMBL1541353,IC50,7.23
343095,CN(C)C(=O)\C=C\c1ccc(S[C@@H]2Cc3cc(O)ccc3[C@H]4CC[C@]5(C)[C@@H](O)CC[C@H]5[C@H]24)cc1,CHEMBL1627356,IC50,7.23
356482,CN1CCN(CC1)c2ccc(cc2)[C@@H]3Oc4ccc(O)cc4S[C@@H]3c5ccc(O)cc5,CHEMBL121978,IC50,7.23
6335165,COc1cc(O)cc2nc(oc12)c3ccc(O)cc3,CHEMBL188792,IC50,7.23
6335176,C\C(=N\NC(=O)c1cc2ccccc2cc1O)\C3C(=O)c4ccccc4C3=O,CHEMBL1990772,IC50,7.23
6335187,Oc1ccc(c(Cl)c1)c2oc3ccc(O)cc3n2,CHEMBL188391,IC50,7.23
357269,Oc1ccc(cc1)[C@H]2Sc3cc(O)ccc3O[C@H]2c4ccc(OCCN5CC[C@@H](F)C5)cc4,CHEMBL184679,IC50,7.23
6335201,Oc1ccc(cc1)c2oc3c(C=O)cc(O)cc3n2,CHEMBL188230,IC50,7.23
6335212,CCCCC12CCC(=O)C(=C1c3ccc4[nH]nnc4c3C2)CCC,CHEMBL380188,IC50,7.24
6335223,CN(C)CCN1CCc2ccccc12,CHEMBL422471,IC50,7.24
6335233,COC(=O)c1oc(CSc2ncnc3c2oc4ccccc34)cc1,CHEMBL1370794,IC50,7.24
6335243,Cc1cc2C(=O)Oc3c(C)c(O)ccc3c2c(C)c1Br,CHEMBL206218,IC50,7.24
5718220,NCCOc1ccc(cc1)\C(=C(/Cn2cnnc2)\c3ccccc3)\c4ccc(O)cc4,CHEMBL3422044,EC50,7.24
352561,Oc1ccc(cc1)N(C(=O)c2ccc(O)c(F)c2)c3ccccc3,CHEMBL3645270,Ki,7.24
6335257,Oc1ccc2cc(cc(C#N)c2c1)c3cc(F)c(O)c(F)c3,CHEMBL195154,IC50,7.24
350480,CC\C(=C(/c1ccccc1)\c2ccc(\C=C\C(=O)O)cc2)\c3ccccc3,CHEMBL33899,IC50,7.25
6335270,O=C(CN1CCCCC1)Nc2sc3CCCc3c2C#N,CHEMBL1495411,IC50,7.25
357280,Oc1ccc(cc1)[C@H]2Sc3cc(O)ccc3O[C@H]2c4ccc(OCCN5CC[C@@H]6C[C@H]56)cc4,CHEMBL181862,IC50,7.25
6335282,NC(=O)c1c2CCCc2sc1NC(=O)c3oc4ccccc4c3,CHEMBL1460126,IC50,7.26
1071440,OC(=O)CCCCCCC(=O)Nc1ccc(cc1)C2=C(C3CC(C2O3)S(=O)(=O)Oc4ccc5ccccc5c4)c6ccc(O)cc6,CHEMBL3589368,Ki,7.26
6335294,Oc1ccc(CCNc2nc(NCCCc3ccc(Cl)cc3)nc(n2)N4CCNCC4)cc1,CHEMBL153709,Ki,7.26
349863,CCOC(=O)C1(Cc2ccc(cc2C1)[C@]3(O)CC[C@H]4[C@@H]5CCc6cc(O)ccc6[C@H]5CC[C@]34C)C#N,CHEMBL1098710,IC50,7.27
356284,Cc1c(O)ccc2S[C@H]([C@H](Oc12)c3ccc(OCCN4CCCCC4)cc3)c5ccc(O)cc5,CHEMBL329849,IC50,7.27
6335309,Cc1c(O)ccc2c3ccc(O)c(F)c3OC(=O)c12,CHEMBL206546,IC50,7.27
6335320,Cc1cc(O)cc2C(=O)Oc3c(C)c(O)ccc3c12,CHEMBL414859,IC50,7.27
6335331,Cc1cccc(OS(=O)(=O)C2CC3OC2C(=C3c4ccc(O)cc4)c5ccc(NC(=O)CCCCCCC(=O)NO)cc5)c1,CHEMBL3589695,EC50,7.27
354306,Cl.Oc1ccc2c3[C@@H](Oc4c(F)cc(F)cc4c3ccc2c1)c5ccc(OCCN6CCCCC6)cc5,CHEMBL559366,Ki,7.27
354665,Oc1ccc(cc1)C2=C(c3ccccc3)c4ccc(O)cc4C2,CHEMBL48352,EC50,7.27
6335347,Oc1ccc(cc1)c2noc3cc(O)ccc23,CHEMBL188882,IC50,7.27
351450,Oc1ccc2c(c1)sc3c4ccccc4n(Cc5ccc(OCCN6CCCC6)cc5)c23,CHEMBL371308,IC50,7.27
6335360,CC1=CC2=CC[C@H]3[C@@H]4CC[C@](C)(O)[C@@]4(C)CC[C@@H]3[C@]2(CC1)C=C,CHEMBL398634,IC50,7.28
6335371,CCC1=C(C(C(=O)O)c2cc(O)ccc12)c3ccc(O)cc3,CHEMBL370609,EC50,7.28
5326351,CCc1cc(nc2ccc(O)cc12)c3ccc(O)cc3,CHEMBL198679,IC50,7.28
6335384,COc1cc(C=C)c2c(c1)C(=O)Oc3c(C)c(O)ccc23,CHEMBL381622,IC50,7.28
6335396,COc1cc(O)c(Br)c2nc(oc12)c3ccc(O)c(F)c3,CHEMBL361762,IC50,7.28
356196,C[C@@H](COc1ccc(cc1)[C@@H]2Oc3ccc(O)cc3S[C@@H]2c4ccc(O)cc4)N5CC[C@@H](C)C5,CHEMBL182402,IC50,7.28
5721702,NCCOc1ccc(cc1)\C(=C(/CCCl)\c2ccccc2)\c3ccc(O)cc3,CHEMBL3422036,EC50,7.28
353409,Oc1ccc(cc1)[C@@H]2Sc3cc(O)ccc3O[C@H]2c4ccc(OCCN5CCCCC5)cc4,CHEMBL2111532,IC50,7.28
356240,Oc1ccc(cc1)[C@H]2Sc3cc(O)ccc3O[C@H]2c4ccc(OCCN5CC6CCC5CC6)cc4,CHEMBL361056,IC50,7.28
352689,C[C@H](CCC(=O)O)[C@H]1CC[C@H]2[C@@H]3[C@H](O)C[C@@H]4C[C@H](CC[C@]4(C)[C@H]3C[C@H](O)[C@]12C)OCCOCCN(C)c5ccc(cc5)[C@H]6C[C@@]7(C)[C@@H](CC[C@@]7(O)C#C)[C@@H]8CCC9=CC(=O)CCC9=C68,CHEMBL2096708,Ki,7.29
352711,Cc1cccc(c1)\N=C(/c2ccc(O)cc2)\c3ccc(O)cc3O,CHEMBL3234628,IC50,7.29
6335419,O\N=C\c1cc(ccc1O)c2ccc(O)c(F)c2,CHEMBL475278,Kd,7.29
357079,Oc1ccc(cc1)[C@H]2Sc3cc(O)ccc3O[C@H]2c4ccc(OCCN5C6CCCC5CC6)cc4,CHEMBL184367,IC50,7.29
6335432,Oc1ccc2O[C@@H]([C@@H]3CCC[C@@H]3c2c1)c4ccccc4,CHEMBL397775,Ki,7.29
5723969,CC\C(=C(\c1ccc(N)cc1)/c2ccc(OCCN)cc2)\c3ccc(O)cc3,CHEMBL3422033,EC50,7.3
6335445,CN(CCCc1ccc(Cl)cc1)c2nc(NCCc3ccc(O)cc3)nc(n2)N4CCN(Cc5ccccn5)CC4,CHEMBL356893,Ki,7.3
6335456,CN1CCN(CC1)c2nc(NCCc3ccc(O)cc3)nc(SCCCc4ccccc4)n2,CHEMBL152993,Ki,7.3
356515,C[C@H]1CCN(CCOc2ccc(cc2)[C@@H]3Oc4ccc(O)cc4S[C@@H]3c5ccc(O)cc5)C1,CHEMBL183049,IC50,7.3
6335469,C[C@]12CC[C@H]3[C@@H](CC=C4[C@H]5CC[C@@]34CC[C@@H]5O)[C@@H]1CC[C@@H]2O,CHEMBL245378,IC50,7.3
6335480,Cc1nnc(s1)N2C(C3=C(Oc4ccccc4C3=O)C2=O)c5occc5,CHEMBL1577184,IC50,7.3
343160,OC(=O)CCCCCCC(=O)Nc1ccc(cc1)C2=C(C3CC(C2O3)S(=O)(=O)Oc4ccc(F)cc4)c5ccc(O)cc5,CHEMBL3589360,Ki,7.3
6335493,Oc1ccc(cc1)c2oc3cc(O)ccc3n2,CHEMBL187673,IC50,7.3
6335504,Oc1ccc(cc1)n2c(nc3ccccc23)c4cccs4,CHEMBL200903,IC50,7.3
6335515,CC(C)CC1Oc2c(C)c(O)ccc2c3c(C)cc(O)cc13,CHEMBL204024,IC50,7.31
343292,CC\C(=C(\c1ccc(O)cc1)/c2ccc(OCCN)cc2)\c3ccc(F)cc3,CHEMBL3422029,EC50,7.31
6335528,Cc1c(O)ccc2c3ccc(O)cc3OC(=O)c12,CHEMBL206226,IC50,7.31
352125,Nc1ccc(cc1)c2sc3cc(O)ccc3c2Oc4ccc(OCCN5CCCCC5)cc4,CHEMBL226329,IC50,7.31
343041,Oc1ccc(cc1)C2=C([C@H]3O[C@@H]2C[C@@H]3S(=O)(=O)Oc4ccccc4)c5ccc(O)cc5,CHEMBL3589346,Ki,7.31
6335544,Oc1ccc(cc1)c2oc3ccc(O)cc3n2,CHEMBL187392,IC50,7.31
351061,Oc1ccc2C(N(CCc2c1)c3ccccc3)c4ccccc4,CHEMBL91052,IC50,7.31
349532,CCCCc1cc2ccccc2c(Oc3ccc(\C=C\C(=O)O)cc3)c1c4ccc(O)cc4,CHEMBL491433,Ki,7.32
6335559,CN(C)c1ccc(cc1)\N=C\c2occc2,CHEMBL3198962,IC50,7.32
349992,C[C@H](CCC(=O)O)[C@H]1CC[C@H]2[C@@H]3[C@H](O)C[C@@H]4[C@@H](CCCN(C)c5ccc(cc5)[C@H]6C[C@@]7(C)[C@@H](CC[C@@]7(O)C#C)[C@@H]8CCC9=CC(=O)CCC9=C68)[C@H](O)CC[C@]4(C)[C@H]3C[C@H](O)[C@]12C,CHEMBL440251,Ki,7.32
356788,C[C@H]1CCCN1CCOc2ccc(cc2)[C@@H]3Oc4ccc(O)cc4S[C@@H]3c5ccc(O)cc5,CHEMBL183344,IC50,7.32
349411,NCCOc1ccc(cc1)\C(=C(\Cn2cnnc2)/c3ccccc3)\c4ccc(O)cc4,CHEMBL3422043,EC50,7.32
351516,Oc1ccc(cc1)c2nn3c(cc(nc3c2c4ccc(O)cc4)C(F)(F)F)C(F)(F)F,CHEMBL426073,Ki,7.32
350798,CC1(N(CCc2cc(O)ccc12)c3cccc(O)c3)c4ccc(OCCN5CCCCC5)cc4,CHEMBL100617,IC50,7.33
6335579,CN1C(=O)c2cc(C(=O)Nc3ccc4OCOc4c3)n(C)c2c5ccccc15,CHEMBL1469865,IC50,7.33
353299,C[C@]12CCc3c(sc4cc(O)ccc34)[C@H]1CC[C@@H]2O,CHEMBL135180,Ki,7.33
6335591,Oc1ccc(cc1)N2C=Nc3cc(O)cc(O)c3C2=S,CHEMBL208324,IC50,7.33
357090,Oc1ccc(cc1)[C@H]2Sc3cc(O)ccc3O[C@H]2c4ccc(OCCN5C6CCCC5CCC6)cc4,CHEMBL184360,IC50,7.33
353548,C(CN1CCC1)Oc2ccc(cc2)C3=C(CCOc4ccccc34)c5ccccc5,CHEMBL513397,IC50,7.34
356911,CC(C)[C@@H](COc1ccc(cc1)[C@@H]2Oc3ccc(O)cc3S[C@@H]2c4ccc(O)cc4)N5CCCC5,CHEMBL183263,IC50,7.34
349609,CN(C)CCOc1ccc(Cn2c3ccccc3c4sc5cc(O)ccc5c24)cc1,CHEMBL196283,IC50,7.34
6335610,Cc1c(O)ccc2c1OC(=O)c3cc(O)ccc23,CHEMBL206600,IC50,7.34
355809,Cc1cc(O)cc2O[C@@H]([C@@H](Sc12)c3ccc(O)cc3)c4ccc(OCCN5CCCCC5)cc4,CHEMBL93793,IC50,7.34
6335624,Oc1ccc(cc1)c2noc3ccc(O)cc23,CHEMBL187069,IC50,7.34
6335636,Oc1ccc2c(cccc2c1)c3oc4cc(O)c(F)cc4n3,CHEMBL189556,IC50,7.34
356438,CC1(C)CCN(CCOc2ccc(cc2)[C@@H]3Oc4ccc(O)cc4S[C@@H]3c5ccc(O)cc5)C1,CHEMBL182887,IC50,7.35
6335649,CC[C@H]1CC[C@@H]2C[C@]13Cc4cc(O)ccc4C3=C(C)C2=O,CHEMBL384708,IC50,7.35
356184,C[C@@H](COc1ccc(cc1)[C@@H]2Oc3ccc(O)cc3S[C@@H]2c4ccc(O)cc4)N5CCCC5,CHEMBL180300,IC50,7.35
6335662,C[C@@H](COc1ccc(cc1)[C@@H]2Oc3ccc(O)cc3S[C@@H]2c4ccc(O)cc4)N5CC[C@H](C)C5,CHEMBL182404,IC50,7.35
6335673,Cc1c(O)ccc2c1OC(C)(C)c3c(C)c(O)ccc23,CHEMBL204025,IC50,7.35
6335684,Cc1ccc(cc1)N=C(c2ccc(O)cc2)c3ccc(O)cc3,CHEMBL3234616,IC50,7.35
355941,Oc1ccc(cc1)[C@@H]2Sc3ccc(O)cc3O[C@@H]2c4ccc(OCCN5CCCCC5)cc4,CHEMBL71584,IC50,7.35
6335697,Oc1ccc(cc1)c2oc3c(\C=C/Br)cc(O)cc3n2,CHEMBL188900,IC50,7.35
6335708,Oc1ccc(cc1)c2oc3c(\C=C\Br)cc(O)cc3n2,CHEMBL519051,IC50,7.35
356899,CC(C)(COc1ccc(cc1)[C@@H]2Oc3ccc(O)cc3S[C@@H]2c4ccc(O)cc4)N5CCCC5,CHEMBL179852,IC50,7.36
6335721,COCCCn1c(Cc2csc(Nc3cccc(Cl)c3)n2)nnc1SCC(=O)OC4CCCCC4,CHEMBL1509500,IC50,7.36
6335734,Cc1cc(Br)c2c(c1)C(=O)Oc3c(C)c(O)ccc23,CHEMBL204056,IC50,7.36
6335745,OC(=O)CCOc1ccc(cc1)[C@@H]2Oc3cc(O)ccc3C4=C2c5ccc(O)cc5OCC4,CHEMBL1083188,IC50,7.36
6335756,OCCCOc1ccc(cc1)C2Oc3cc(O)ccc3C4=C2c5ccc(O)cc5OCC4,CHEMBL1084913,IC50,7.36
349949,Oc1ccc(cc1)C2=C(c3ccccc3)c4c(O)cc(O)cc4C2=O,CHEMBL190682,IC50,7.36
6335769,Oc1ccc(cc1)c2ccc3ccc(O)cc3c2,CHEMBL191715,IC50,7.36
6335780,Oc1ccc2Oc3c(oc4ccc(O)cc34)C(=O)c2c1,CHEMBL78413,IC50,7.36
6335791,Oc1ccc2nc(cc(C=C)c2c1)c3ccc(O)c(F)c3,CHEMBL197757,IC50,7.36
353028,CC(C)(C)[C@H]1Sc2cc(O)ccc2O[C@H]1c3ccc(OCCN4CCCCC4)cc3,CHEMBL419110,IC50,7.37
342928,CCC(CC)(c1ccc(N)c(C)c1)c2ccc(O)c(C)c2,CHEMBL2403348,IC50,7.37
6335806,CCC12CCC(=O)C(=C1c3ccc4[nH]nc(Cl)c4c3C2)C,CHEMBL211837,IC50,7.37
6335817,CCCC12CCC(=O)C(=C1c3ccc4[nH]nnc4c3C2)Br,CHEMBL213070,IC50,7.37
6335828,CCCCC1=C2c3ccc4[nH]nnc4c3CC2(CC)CCC1=O,CHEMBL213051,IC50,7.37
351903,Cl.Oc1ccc(cc1)c2sc3cc(O)ccc3c2C(=O)c4ccc(OCCN5CCCCC5)cc4,CHEMBL1116,IC50,7.37
6335843,Oc1ccc(cc1)C2CN(Cc3cc(O)ccc23)S(=O)(=O)c4ccccc4,CHEMBL421368,IC50,7.38
6335855,Oc1ccc(cc1F)c2oc3cc(Br)c(O)cc3n2,CHEMBL363705,IC50,7.38
354610,Oc1ccc2C(N(Cc3ccccc3)CCc2c1)c4ccc(OCCN5CCCC5)cc4,CHEMBL94280,IC50,7.38
6335868,Oc1ccc2oc3C(=O)c4c(O)cc(O)cc4Oc3c2c1,CHEMBL311878,IC50,7.38
6335879,Cc1c(c2ccc(O)cc2)n(CCCCn3c(c(C)c4cc(O)ccc34)c5ccc(O)cc5)c6ccc(O)cc16,CHEMBL3823426,IC50,7.39
354502,Cc1cccc(c1)N=C(c2ccc(O)cc2)c3ccc(O)cc3,CHEMBL3234615,IC50,7.39
6335892,OC(=O)C1Nc2c(cccc2C(=O)N3CCOCC3)C4C=CCC14,CHEMBL1570659,IC50,7.39
354839,Oc1ccc2C3=C([C@@H](Oc2c1)c4ccc(OCCN5CCCCCC5)cc4)c6ccccc6OCC3,CHEMBL1087418,IC50,7.39
6335904,CCC(=O)CCN1CCN(CC1)c2nc(NCCc3ccc(O)cc3)nc(n2)N(C)CCCc4ccc(Cl)cc4,CHEMBL150721,Ki,7.4
6335915,CN(CCCc1ccc(Cl)cc1)c2nc(NCCc3ccc(O)cc3)nc(n2)N4CCN(CC4)C5CCCC5,CHEMBL153706,Ki,7.4
6335926,CN(CCCc1ccccc1Cl)c2nc(NCCc3ccc(O)cc3)nc(n2)N4CCNCC4,CHEMBL346215,Ki,7.4
6335937,CN(C[C@@H]1C[C@@H]1c2ccccc2)c3nc(NCCc4ccc(O)cc4)nc(n3)N5CCNCC5,CHEMBL153395,Ki,7.4
356821,C\C(=C(\c1ccc(O)cc1)/c2ccc(OCCN3CCCC3)cc2)\c4ccccc4,CHEMBL3775016,IC50,7.4
349237,Cc1c(c2ccc(O)cc2)n(Cc3ccc(OCCN4CCCCC4)cc3)c5ccc(O)cc15,CHEMBL44426,IC50,7.4
357101,Oc1ccc(cc1)[C@H]2Sc3cc(O)ccc3O[C@H]2c4ccc(OCCN5CC6CC7CC(C6)CC5C7)cc4,CHEMBL184371,IC50,7.4
6335955,Oc1ccc(cc1)c2oc3c(CBr)cc(O)cc3n2,CHEMBL189039,IC50,7.4
354930,Oc1ccc2O[C@H]([C@@H](CC3CCCCC3)Sc2c1)c4ccc(OCCN5CCCCC5)cc4,CHEMBL85881,IC50,7.4
352168,C[C@H](CCC(=O)O)[C@H]1CC[C@H]2[C@@H]3[C@H](O)C[C@@H]4CC(CC[C@]4(C)[C@H]3C[C@H](O)[C@]12C)N(C)S(=O)(=O)CCCN(C)c5ccc(cc5)[C@H]6C[C@@]7(C)[C@@H](CC[C@@]7(O)C#C)[C@@H]8CCC9=CC(=O)CCC9=C68,CHEMBL406027,Ki,7.41
356129,C[C@H]1[C@@H]([C@@H](Oc2ccc(O)cc12)c3ccc(OCCN4CCCCC4)cc3)c5ccc(O)cc5,CHEMBL178470,IC50,7.41
6335972,OC(=O)CCCCCCC(=O)Nc1ccc(cc1)C2=C(C3CC(C2O3)S(=O)(=O)Oc4ccc(O)cc4)c5ccc(O)cc5,CHEMBL3589358,Ki,7.41
356295,Oc1ccc(cc1)[C@H]2Sc3cc(O)ccc3O[C@H]2c4ccc(OCCN5CCC6(CCCC6)CC5)cc4,CHEMBL184974,IC50,7.41
6335986,Oc1ccc2nc(oc2c1)c3ccc(O)c(F)c3,CHEMBL189002,IC50,7.41
355201,CC(C)C[C@H]1Sc2cc(O)ccc2O[C@H]1c3ccc(OCCN4CCCCC4)cc3,CHEMBL85650,IC50,7.42
6335999,CCCCC12CCC(=O)C(=C1c3ccc(O)cc3C2)C#N,CHEMBL376986,IC50,7.42
356923,CC[C@H](COc1ccc(cc1)[C@@H]2Oc3ccc(O)cc3S[C@@H]2c4ccc(O)cc4)N5CCCC5,CHEMBL369545,IC50,7.42
6336012,Cc1ccc(OS(=O)(=O)C2CC3OC2C(=C3c4ccc(O)cc4)c5ccc(NC(=O)CCCCCCC(=O)NO)cc5)cc1,CHEMBL3589694,EC50,7.42
356601,Oc1ccc2O[C@H]([C@H](Sc2c1)c3cccc(O)c3)c4ccc(OCCN5CCCC5)cc4,CHEMBL327320,IC50,7.42
343545,CC(C)Cc1c(O)cc(O)c2C(=O)C[C@H](Oc12)c3ccc(O)cc3,CHEMBL219577,IC50,7.43
6336027,CC1CCCC(C)N1CC(=O)Nc2sc3CCCCc3c2C#N,CHEMBL1597328,IC50,7.43
350853,CCCCN(C)C(=O)CCCCCCCCCCS[C@H]1[C@@H]2[C@H](CC[C@]3(C)[C@@H](O)CC[C@@H]23)c4ccc(O)cc4C1=O,CHEMBL1628199,IC50,7.43
357247,C[C@H]1CN(CCOc2ccc(cc2)[C@@H]3Oc4ccc(O)cc4S[C@@H]3c5ccc(O)cc5)C[C@@H]1C,CHEMBL182980,IC50,7.43
6336042,Cc1cc(O)ccc1c2noc3cc(O)ccc23,CHEMBL189822,IC50,7.43
6336053,O=C(NCc1occc1)c2cc3CSCc3s2,CHEMBL1468708,IC50,7.43
352722,Oc1ccc(cc1)C2=C(Cc3ccccc3)c4ccc(O)cc4C2,CHEMBL199140,EC50,7.43
5720213,CCC\C(=C(\c1ccc(O)cc1)/c2ccc(OCCN)cc2)\c3ccccc3,CHEMBL3422037,EC50,7.44
6336067,Oc1ccc2nc(cc(Br)c2c1)c3cc(F)c(O)c(F)c3,CHEMBL198088,IC50,7.44
351350,CCC(=C(c1ccc(O)cc1)c2ccc(OCCN)cc2)c3ccccc3,CHEMBL3350384,EC50,7.45
6336080,Cc1ccc(cc1)c2oc(CSc3nc4cc5OCOc5cc4cc3C)nn2,CHEMBL1452728,IC50,7.45
353825,Cc1cccc(C(=O)N(c2ccc(O)cc2)c3ccc(O)cc3)c1C,CHEMBL3645265,Ki,7.45
352221,CC(=O)C(Cc1ccc(O)cc1)c2ccc(O)cc2,CHEMBL135649,EC50,7.46
357580,CCCCc1ccc(cc1)c2sc3cc(O)ccc3c2C(=O)c4ccc(OCCN5CCCCC5)cc4,CHEMBL46937,Ki,7.46
352366,CCOC(=O)C1(Cc2ccc(cc2C1)[C@]3(O)CC[C@H]4[C@@H]5CCc6cc(O)ccc6[C@H]5CC[C@]34C)C(=O)C,CHEMBL1098709,EC50,7.46
6336097,CN(CCCc1ccc(Cl)cc1)c2nc(NCCc3ccc(O)cc3)nc(n2)N4CCN(Cc5cccnc5)CC4,CHEMBL153471,Ki,7.46
6336108,C\C(=N/O)\c1cc(ccc1O)c2ccc(O)c(F)c2,CHEMBL3409958,EC50,7.46
6336119,Cc1cc(CC=C)c2c(c1)C(=O)Oc3c(C)c(O)ccc23,CHEMBL204222,IC50,7.46
6336130,O=C(CN1CCCCC1)Nc2sc3CCCCc3c2C#N,CHEMBL1473381,IC50,7.46
6336140,Oc1ccc(cc1)c2ccc3cc(O)ccc3n2,CHEMBL59438,Ki,7.46
356031,Oc1ccc2C3=C(CCOc2c1)c4ccc(O)cc4O[C@@H]3c5ccc(OCCN6CCOCC6)cc5,CHEMBL1087811,IC50,7.46
350524,Oc1ccc2c(c1)sc3c4ccccc4n(Cc5ccc(OCCN6CCCCC6)cc5)c23,CHEMBL363412,IC50,7.46
357546,CC(C)N1CCN(CC1)c2ccc(cc2)C(=O)c3c(sc4cc(O)ccc34)c5ccc(O)cc5,CHEMBL178334,IC50,7.47
5602121,C[C@]12CC[C@H]3[C@@H](CCC4=CC(=C)CC[C@]34C)[C@@H]1CC[C@@H]2O,CHEMBL249700,IC50,7.47
355334,Oc1ccc2O[C@H]([C@@H](CC3CCCC3)Sc2c1)c4ccc(OCCN5CCCCC5)cc4,CHEMBL315271,IC50,7.47
350973,CC1(N(CCc2cc(O)ccc12)c3cccc(O)c3)c4ccc(OCCN5CCCC5)cc4,CHEMBL328388,IC50,7.48
6336164,Cc1c(O)ccc(c1O)c2noc3cc(O)ccc23,CHEMBL188246,IC50,7.48
357112,Oc1ccc(cc1)[C@H]2Sc3cc(O)ccc3O[C@H]2c4ccc(OCCN5CC[C@H]6C[C@@H]56)cc4,CHEMBL184421,IC50,7.48
356590,Oc1ccc(cc1)[C@H]2Sc3cc(O)ccc3O[C@H]2c4ccc(OCCN5C[C@H]6CCCC[C@H]6C5)cc4,CHEMBL185231,IC50,7.48
6336179,CCC1(C)NC(=O)N(CC(=O)Nc2sc3CCCc3c2C(=O)N)C1=O,CHEMBL1499638,IC50,7.49
6336189,O\N=C\c1ccc(cc1F)c2ccc(O)cc2,CHEMBL455215,IC50,7.49
354098,Oc1ccc(C[C@H](C#N)c2ccc(O)cc2)cc1,CHEMBL1950809,EC50,7.49
6336202,CCC12CCC(=O)C(=C1c3ccc4[nH]ncc4c3C2=O)C,CHEMBL379567,IC50,7.5
350909,CCCCN(C)C(=O)CCCCCCCCCCS[C@@H]1[C@H](O)c2cc(O)ccc2[C@H]3CC[C@]4(C)[C@@H](O)CC[C@H]4[C@H]13,CHEMBL1627351,IC50,7.5
6336215,CCc1cc2C(=O)N(CC=C)C(=Nc2s1)SCC(=O)NC(=O)NCc3occc3,CHEMBL1302802,IC50,7.5
6336225,COc1cc(O)c(C#N)c2cc(oc12)c3ccc(O)cc3,CHEMBL187115,IC50,7.5
6336236,Oc1ccc(cc1Cl)c2ccc3c(Cl)c(O)ccc3c2,CHEMBL426085,IC50,7.5
6336247,Oc1ccc2C(=O)c3oc4cc(O)ccc4c3Oc2c1,CHEMBL309245,IC50,7.5
6336258,Oc1ccc2C3=C(C#N)C(=O)CCC3(Cc2c1)c4ccccc4,CHEMBL211739,IC50,7.5
6336269,Oc1ccc2cc(sc2c1)c3ccc(O)c(F)c3,CHEMBL31684,EC50,7.5
352232,CN(C)CCOc1ccc(Cn2c3ccc(O)cc3c4sc5cc(O)ccc5c24)cc1,CHEMBL371072,IC50,7.51
342444,[H][C@@]12CCC(=O)[C@@]1(C)CC[C@]1([H])C3=C(CC[C@@]21[H])C=C(O)C=C3,estrone,IC50,7.51
6336285,Cc1cc(ccc1O)c2noc3cc(O)ccc23,CHEMBL186945,IC50,7.51
352377,Fc1ccc2C(=C(CCOc2c1)c3ccccc3)c4ccc(OCCN5CCCC5)cc4,CHEMBL469512,IC50,7.51
356151,Oc1ccc(cc1)[C@H]2Sc3cc(O)ccc3O[C@H]2c4ccc(cc4)C5=CCNCC5,CHEMBL334096,IC50,7.51
354524,Oc1ccc2C3=C(CCOc2c1)c4ccc(F)cc4O[C@H]3c5ccc(OCCN6CCCCCC6)cc5,CHEMBL1082528,IC50,7.51
352903,Oc1ccc2C3=C(CCOc2c1)c4ccc(O)cc4OC3c5ccc(OCCN6CCCCC6)cc5,CHEMBL1087419,IC50,7.51
351961,Oc1ccc2C3=C(CCOc2c1)c4ccc(O)cc4O[C@@H]3c5ccc(OCCCN6CCCCC6)cc5,CHEMBL1087546,IC50,7.51
355599,Oc1ccc2O[C@H]([C@H](Sc2c1)C3CCCC3)c4ccc(OCCN5CCCCC5)cc4,CHEMBL431611,IC50,7.51
6336308,CC1CCCCN1CC(=O)Nc2sc3CCCCc3c2C#N,CHEMBL1396046,IC50,7.52
349444,CCCCCCCCc1cc2cc(O)ccc2c(Oc3ccc(\C=C\C(=O)O)cc3)c1c4ccccc4,CHEMBL489183,Ki,7.52
353105,CN(C)CCOc1ccc(cc1)[C@@H]2Oc3cc(O)ccc3C4=C2c5ccccc5OCC4,CHEMBL1087919,IC50,7.52
6336322,CN(CCCc1ccc(Cl)cc1)c2nc(NCCc3ccc(O)cc3)nc(n2)N4CCN(CC=C)CC4,CHEMBL149806,Ki,7.52
6336333,CN(CCCc1ccc2OCOc2c1)c3nc(NCCc4ccc(O)cc4)nc(n3)N5CCNCC5,CHEMBL155510,Ki,7.52
353266,C[C@H](CCC(=O)NCCS(=O)(=O)O)[C@H]1CC[C@H]2[C@@H]3[C@H](O)C[C@@H]4CC(CC[C@]4(C)[C@H]3C[C@H](O)[C@]12C)OCCN(C)c5ccc(cc5)[C@H]6C[C@@]7(C)[C@@H](CC[C@@]7(O)C#C)[C@@H]8CCC9=CC(=O)CCC9=C68,CHEMBL407672,Ki,7.52
6336346,Oc1ccc(C[C@@H](CC#N)c2ccc(O)cc2)cc1,CHEMBL134892,EC50,7.52
6336357,Oc1ccc(cc1)c2ccc3c(Cl)c(O)ccc3n2,CHEMBL196530,IC50,7.52
404242,Oc1cccc(c1)c2ccc3cc(O)ccc3c2,CHEMBL195217,IC50,7.52
356096,CCCN1CCN(CC1)c2ccc(cc2)C(=O)c3c(sc4cc(O)ccc34)c5ccc(O)cc5,CHEMBL179518,IC50,7.53
6336372,CCCc1c(O)cc(O)c2C(=O)C[C@H](Oc12)c3ccc(O)cc3,CHEMBL425092,IC50,7.54
357213,C[C@@H](COc1ccc(cc1)[C@@H]2Oc3ccc(O)c(F)c3[C@@H](C)[C@@H]2c4ccc(O)cc4)N5CCCC5,CHEMBL359633,IC50,7.54
6336385,CCC12CCC(=O)C(=C1c3ccc(O)cc3C2)C,CHEMBL212675,IC50,7.55
353453,CCN(CC)CCOc1ccc(cc1)[C@@H]2Oc3ccccc3C4=C2c5ccc(O)cc5OCC4,CHEMBL1084129,IC50,7.55
6336398,CC[C@@]12CCC(=O)C(=C1c3ccc(O)cc3C2)C,CHEMBL212456,IC50,7.55
6336409,Cn1cccc1c2nc3ccccc3n2c4ccc(O)cc4,CHEMBL199599,IC50,7.55
6336420,Oc1ccc(cc1)C2CN(Cc3cc(O)ccc23)C(=O)c4ccccc4,CHEMBL93207,IC50,7.55
349367,Oc1ccc(cc1)\C(=N/c2cccc(c2)C(F)(F)F)\c3ccc(O)cc3O,CHEMBL3234633,IC50,7.55
5326422,Oc1ccc(cc1)c2cc(C#N)c3cc(O)ccc3n2,CHEMBL197667,IC50,7.55
6336435,Oc1ccc(cc1F)c2ccc3c(C#N)c(O)cc(C#N)c3c2,CHEMBL371564,IC50,7.55
353793,Oc1ccc2O[C@H]([C@H](Sc2c1)C3CCCCCC3)c4ccc(OCCN5CCCCC5)cc4,CHEMBL316132,IC50,7.55
352288,Oc1ccc2c(Oc3ccc(OCCN4CCCCC4)cc3)c(sc2c1)c5ccc(F)cc5,CHEMBL226269,IC50,7.55
350787,Oc1cccc(c1)C2=Cc3cc(O)ccc3C24Cc5ccccc5C4,CHEMBL24950,IC50,7.55
352300,CC\C(=C(/c1ccc(O)cc1)\c2ccc(OCCN)cc2)\c3ccccc3,CHEMBL2386284,EC50,7.56
5719710,C\C(=C(\c1ccc(O)cc1)/c2ccc(OCCN)cc2)\c3ccccc3,CHEMBL3422035,EC50,7.56
6336456,Oc1ccc2C(N(CCc2c1)C(=O)C(F)(F)F)c3ccccc3,CHEMBL329630,IC50,7.56
6336467,CCCCC12CCC(=O)C(=C1c3ccc4[nH]nnc4c3C2)C,CHEMBL377457,IC50,7.57
356449,CCN1CCN(CC1)c2ccc(cc2)[C@@H]3Oc4ccc(O)cc4S[C@@H]3c5ccc(O)cc5,CHEMBL121720,IC50,7.57
6336480,COc1cc(O)ccc1c2ccc3cc(O)ccc3c2,CHEMBL427180,IC50,7.57
6336491,Cc1cc(O)c(C)c2OC(=O)c3cc(O)ccc3c12,CHEMBL206227,IC50,7.57
6336503,Cc1cc(O)ccc1c2oc3c(C=C)cc(O)cc3n2,CHEMBL361063,IC50,7.57
356979,Oc1ccc(cc1)[C@H]2Sc3cc(O)ccc3O[C@H]2CCCN4CCCCC4,CHEMBL122208,IC50,7.57
356317,Oc1ccc2C3=C(CCOc2c1)c4ccc(O)cc4O[C@@H]3c5ccc(OCCN6CCSCC6)cc5,CHEMBL1083178,IC50,7.57
6336518,Oc1ccc2nc(cc(C#C)c2c1)c3ccc(O)c(F)c3,CHEMBL198445,IC50,7.57
349763,Oc1ccc2C(N(CCc2c1)c3ccccc3)c4cccs4,CHEMBL328675,IC50,7.58
6336531,CC12CCC(=O)C(=C1c3ccc4[nH]ncc4c3C2)Br,CHEMBL378990,IC50,7.59
352388,CC[C@@H]([C@H](CC)c1ccc(O)cn1)c2ccc(O)cc2,CHEMBL552019,EC50,7.59
6336544,CC\C=C\c1cc2c(cc1Br)C(=O)Oc3c(C)c(O)ccc23,CHEMBL204118,IC50,7.59
356678,C[C@@H](COc1ccc(cc1)[C@@H]2Oc3ccc(O)c(F)c3[C@@H](C)[C@@H]2c4ccc(O)cc4)N5CC[C@@H](C)C5,CHEMBL180995,IC50,7.59
6336558,Oc1cc(C#N)c2oc(nc2c1)c3ccc(O)c(F)c3,CHEMBL364176,IC50,7.59
357413,Oc1ccc(cc1)[C@H]2Sc3cc(O)ccc3O[C@H]2c4ccc(OCCN5CC6(CCC6)C5)cc4,CHEMBL185083,IC50,7.59
6336572,CCCc1cc(ccc1O)c2noc3cc(O)ccc23,CHEMBL360189,IC50,7.6
349314,CCN(CC)CCOc1ccc(Cn2c3ccccc3c4sc5cc(O)ccc5c24)cc1,CHEMBL195991,IC50,7.6
357191,CC[C@@H](COc1ccc(cc1)[C@@H]2Oc3ccc(O)cc3S[C@@H]2c4ccc(O)cc4)N5CCCC5,CHEMBL367350,IC50,7.6
354599,CCc1c(O)ccc2S[C@H]([C@H](Oc12)c3ccc(OCCN4CCCCC4)cc3)c5ccc(O)cc5,CHEMBL420068,IC50,7.6
352399,CCc1nc2cc(O)ccc2c(Oc3ccc(\C=C\C(=O)N)cc3)c1c4ccccc4,CHEMBL363630,Ki,7.6
351549,CCc1nc2cc(O)ccc2c(Oc3ccc(\C=C\C(=O)N4CCCCC4)cc3)c1c5ccccc5,CHEMBL193865,Ki,7.6
6336593,CN(CCCc1ccc(Cl)cc1)c2nc(NCCc3ccc(O)cc3)nc(n2)N4CCN(Cc5csc(C)n5)CC4,CHEMBL434502,Ki,7.6
6336604,CN(CCCc1ccc(Cl)cc1Cl)c2nc(NCCc3ccc(O)cc3)nc(n2)N4CCNCC4,CHEMBL356874,Ki,7.6
6336615,C[C@]1(O)CCC2C3CC=C4C[C@@H](O)CC[C@]4(C=C)C3CC[C@]12C,CHEMBL204642,IC50,7.6
6336626,C[C@]1(O)CC[C@H]2[C@@H]3CC=C4C[C@@H](O)CC[C@]4(C=C)[C@H]3CC[C@]12C,CHEMBL250109,IC50,7.6
5604732,C[C@]12CCC3C(CC=C4C[C@@H](O)CC[C@]34\C=C/F)C1CC[C@@H]2O,CHEMBL202007,IC50,7.6
352519,Cc1c(F)cccc1C(=O)N(c2ccc(O)cc2)c3ccc(O)cc3,CHEMBL3645271,Ki,7.6
6336640,N#Cc1cc2CCCc2nc1SCc3ccccc3,CHEMBL1423417,IC50,7.6
6336651,Oc1ccc(c(O)c1)c2oc3ccc(O)cc3n2,CHEMBL189287,IC50,7.6
356722,Oc1ccc(cc1)c2sc3cc(O)ccc3c2C(=O)c4ccc(cc4)N5CCN(CC5)C(=O)c6ccccc6,CHEMBL360498,IC50,7.6
6336665,Oc1ccc(cc1F)c2oc3c(C=C)cc(O)c(Br)c3n2,CHEMBL361871,IC50,7.6
6336676,CC1Oc2c(C)c(O)ccc2c3c(C)cc(O)cc13,CHEMBL380362,IC50,7.62
6336687,CCC12CCC(=O)C(=C1c3ccc4[nH]nnc4c3C2)C,CHEMBL379314,IC50,7.62
356656,CC[C@@H]1CCN(CCOc2ccc(cc2)[C@@H]3Oc4ccc(O)cc4S[C@@H]3c5ccc(O)cc5)C1,CHEMBL183388,IC50,7.62
354687,COc1ccc2C3=C(CCOc2c1)c4ccc(O)cc4O[C@H]3c5ccc(OCCN6CCCCC6)cc5,CHEMBL1088344,IC50,7.62
353704,C[C@]12CCc3c(ccc4cc(O)ccc34)[C@@H]1CC[C@H]2O,CHEMBL135236,Ki,7.62
6336704,Cc1c(O)ccc2c1OC(=O)c3c(Br)cc(Br)cc23,CHEMBL206406,IC50,7.62
354797,Cl.Oc1ccc2[C@H]([C@H](CCc2c1)c3ccccc3)c4ccc(OCCN5CCCC5)cc4,CHEMBL2113354,IC50,7.62
6336717,O=C(COC(=O)c1cccc(c1)S(=O)(=O)N2CCc3ccccc3C2)NCc4occc4,CHEMBL1367590,IC50,7.62
6336727,OCc1cc(O)cc2N=CN(C(=O)c12)c3ccc(O)cc3,CHEMBL380359,IC50,7.62
351803,Oc1ccc(cc1)C(=Nc2cccc(c2)C(F)(F)F)c3ccc(O)cc3,CHEMBL3234620,IC50,7.62
354698,Oc1ccc2C3=C(CCOc2c1)c4ccccc4O[C@H]3c5ccc(OCCN6CCCCC6)cc5,CHEMBL1087426,IC50,7.62
6336744,CCCC1=C2c3ccc4[nH]nnc4c3CC2(CCC)CCC1=O,CHEMBL377848,IC50,7.64
352810,CN(C)CCOc1ccc(cc1)[C@@H]2Oc3ccccc3C4=C2c5ccc(O)cc5OCC4,CHEMBL1084127,IC50,7.64
355113,CN(C)CCOc1ccc(cc1)[C@H]2Oc3cc(O)ccc3C4=C2c5ccc(O)cc5OCC4,CHEMBL1083186,IC50,7.64
6336759,COc1ccccc1OS(=O)(=O)C2CC3OC2C(=C3c4ccc(O)cc4)c5ccc(NC(=O)CCCCCCC(=O)NO)cc5,CHEMBL3589697,EC50,7.64
356766,C[C@@H]1CCN(CCOc2ccc(cc2)[C@@H]3Oc4ccc(O)c(F)c4[C@@H](C)[C@@H]3c5ccc(O)cc5)C1,CHEMBL361005,IC50,7.64
6336772,C\C=C/c1cc(O)cc2nc(oc12)c3ccc(O)cc3F,CHEMBL187000,IC50,7.64
6336783,Oc1ccc2nc(cc(C#N)c2c1)c3ccc(O)c(F)c3,CHEMBL371009,IC50,7.64
352016,Oc1ccc2C(N(CCc2c1)c3ccccc3)c4ccc(OCCN5CCCC5)cc4,CHEMBL316080,IC50,7.65
351264,CC(C)Cc1cc2cc(O)ccc2c(Oc3ccc(\C=C\C(=O)O)cc3)c1c4ccccc4,CHEMBL489584,Ki,7.66
6336798,CCCC1Oc2c(C)c(O)ccc2c3c(C)cc(O)cc13,CHEMBL202673,IC50,7.66
357391,C[C@@H]1CN(CCOc2ccc(cc2)[C@@H]3Oc4ccc(O)cc4S[C@@H]3c5ccc(O)cc5)C[C@H]1C,CHEMBL183467,IC50,7.66
5595586,C[C@]12CCC3C(CC=C4C[C@@H](O)CC[C@]34\C=C\F)C1CC[C@@H]2O,CHEMBL202400,IC50,7.66
6336813,Cc1c(O)c(Cl)c(C)c2c3ccc(O)c(Cl)c3OC(=O)c12,CHEMBL203348,IC50,7.66
350435,Oc1ccc(cc1)[C@H]2Oc3ccccc3[C@H]4CCC[C@@H]24,CHEMBL234637,Ki,7.66
6336826,Oc1ccc2C(N(CCc2c1)C(=O)C(F)(F)F)c3ccc(Br)cc3,CHEMBL313849,IC50,7.66
354643,Oc1ccc2C3=C(CCOc2c1)c4ccccc4O[C@H]3c5ccc(OCCN6CCCCCC6)cc5,CHEMBL1087297,IC50,7.66
350709,CC\C(=C(\c1ccc(O)cc1)/c2ccc(OCCCN)cc2)\c3ccccc3,CHEMBL3422050,EC50,7.67
354350,Oc1ccc2C(N(CCc2c1)S(=O)(=O)c3cccc4ccccc34)c5ccc(OCCN6CCCC6)cc5,CHEMBL93230,IC50,7.67
353398,Oc1ccc2c(c1)sc3c4cc(O)ccc4n(Cc5ccc(OCCN6CCOCC6)cc5)c23,CHEMBL370282,IC50,7.67
6336845,CCc1c(O)ccc2c3ccc(O)c(F)c3OC(=O)c12,CHEMBL206727,IC50,7.68
356207,C[C@@H](COc1ccc(cc1)[C@@H]2Oc3ccc(O)cc3[C@@H](C)[C@@H]2c4ccc(O)cc4)N5CC[C@@H](C)C5,CHEMBL368449,IC50,7.68
356956,C[C@@H]1CCCN1CCOc2ccc(cc2)[C@@H]3Oc4ccc(O)cc4S[C@@H]3c5ccc(O)cc5,CHEMBL183489,IC50,7.68
350003,C[C@]12CC[C@H]3[C@@H]([C@@H](Cc4cc(O)ccc34)Sc5ccc(\C=C\C(=O)O)cc5)[C@@H]1CC[C@@H]2O,CHEMBL1628170,IC50,7.68
350413,Oc1ccc(CC(C#N)(C#N)c2ccc(O)cc2)cc1,CHEMBL132694,EC50,7.68
6336864,Oc1ccc(cc1)[C@@H]2CCc3cc(O)ccc3O2,CHEMBL234460,Ki,7.68
356394,Oc1ccc2C3=C(CCOc2c1)c4ccc(O)cc4O[C@@H]3c5ccc(OCCN6CCCCC6)cc5,CHEMBL1088485,IC50,7.68
351703,Oc1ccc2c(C=C(c3ccccc3)C24Cc5ccccc5C4)c1,CHEMBL144897,IC50,7.68
349631,Oc1ccc2C3=C(COc2c1)c4ccc(O)cc4O[C@@H]3c5ccc(OCCN6CCCCC6)cc5,CHEMBL208085,IC50,7.69
6336881,CC(C)CC12CCC(=O)C(=C1c3ccc(O)cc3C2)C,CHEMBL381298,IC50,7.7
354370,CC(C)N(CCOc1ccc(cc1)[C@H]2Oc3cc(O)ccc3C4=C2c5ccc(O)cc5OCC4)C(C)C,CHEMBL1085669,IC50,7.7
349665,CCCc1cc(O)ccc1c2noc3cc(O)ccc23,CHEMBL435090,IC50,7.7
349183,CCc1c(oc(c2ccc(O)cc2)c1c3ccc(OCCN4CCCCC4)cc3)c5ccccc5,CHEMBL85561,Ki,7.7
353223,CCc1nc2cc(O)ccc2c(Oc3ccc(\C=C\C(=O)N(C)C)cc3)c1c4ccccc4,CHEMBL194774,Ki,7.7
6336900,CN(CCCc1ccc(F)c(F)c1)c2nc(NCCc3ccc(O)cc3)nc(n2)N4CCNCC4,CHEMBL153115,Ki,7.7
6336911,C[C@]12CC[C@@H](C[C@H]1C[C@H](O)[C@H]2O)c3ccc(O)cc3,CHEMBL3134124,EC50,7.7
6336921,Cc1cc(C)c2c(c1)C(=O)Oc3c(C)c(O)ccc23,CHEMBL204119,IC50,7.7
6336932,Oc1ccc(cc1)C2=C(Br)c3ccc(O)cc3C2=O,CHEMBL190467,IC50,7.7
356162,Oc1ccc(cc1)c2sc3cc(O)ccc3c2C(=O)c4ccc(cc4)N5CCN(CC5)C(=O)c6cccc(O)c6,CHEMBL441499,IC50,7.7
355477,Oc1ccc(cc1)c2sc3cc(O)ccc3c2C(=O)c4ccc(cc4)N5CCN(CC5)C(=O)c6occc6,CHEMBL178857,IC50,7.7
354217,Oc1ccc2c(c1)sc3c4cc(O)ccc4n(Cc5ccc(OCCN6CCCC6)cc5)c23,CHEMBL370849,IC50,7.7
351715,Oc1ccc2c(noc2c1)c3ccc4c(O)cccc4c3,CHEMBL187219,IC50,7.7
6336951,NCCOc1ccc(cc1)\C(=C\c2ccccc2)\c3ccc(O)cc3,CHEMBL3422034,EC50,7.71
6336962,CCCC[C@@]12CCC(=O)C(=C1c3ccc(O)cc3C2)C,CHEMBL209269,IC50,7.72
356339,CC[C@H]1CCN(CCOc2ccc(cc2)[C@@H]3Oc4ccc(O)cc4S[C@@H]3c5ccc(O)cc5)C1,CHEMBL2113027,IC50,7.72
355555,C[C@@H](COc1ccc(cc1)[C@@H]2Oc3ccc(O)c(F)c3[C@@H](C)[C@@H]2c4ccc(O)cc4)N5CC[C@H](C)C5,CHEMBL359671,IC50,7.72
356229,C[C@H]1CCN(CCOc2ccc(cc2)[C@@H]3Oc4ccc(O)cc4[C@@H](C)[C@@H]3c5ccc(O)cc5)C1,CHEMBL433581,IC50,7.72
354556,C[C@]12CC[C@H]3[C@@H](CCc4cc(O)ccc34)[C@@H]1[C@@H](O)[C@@H](O)[C@@H]2O,CHEMBL1230314,Ki,7.72
6336980,Cc1c(O)c(Cl)cc2c3ccc(O)c(Cl)c3OC(=O)c12,CHEMBL203340,IC50,7.72
352893,Oc1ccc(CN(c2ccc(O)cc2)c3ccc(F)cc3)cc1,CHEMBL3645268,Ki,7.72
356557,Oc1ccc(cc1)C(=Nc2ccccc2Cl)c3ccc(O)cc3,CHEMBL3234617,IC50,7.72
350424,Oc1ccc(cc1)[C@@H]2N(C(=O)C2(c3ccccc3)c4ccccc4)c5ccc(O)cc5,CHEMBL3360847,IC50,7.72
350258,Oc1ccc(cc1)[C@H]2Oc3cc(O)ccc3[C@H]4CCC[C@@H]24,CHEMBL234639,Ki,7.72
355709,Oc1ccc2C3=C(CCOc2c1)c4ccc(O)cc4O[C@@H]3c5ccc(OCCN6CCCCCC6)cc5,CHEMBL1087545,IC50,7.72
349488,Oc1ccc2C3=C(CCOc2c1)c4ccc(O)cc4O[C@H]3c5ccc(OCCCN6CCCCC6)cc5,CHEMBL1087547,IC50,7.72
354328,CC(C)N(CCOc1ccc(cc1)[C@@H]2Oc3cc(O)ccc3C4=C2c5ccc(O)cc5OCC4)C(C)C,CHEMBL1085899,IC50,7.73
354436,Oc1ccc2C(N(CCc2c1)S(=O)(=O)c3ccccc3)c4ccc(OCCN5CCCC5)cc4,CHEMBL420244,IC50,7.73
354131,Oc1ccc2C3=C(CCOc2c1)c4ccc(O)cc4O[C@H]3c5ccc(OCCN6C(=O)CCC6=O)cc5,CHEMBL1088337,IC50,7.73
343668,Oc1ccc2c(OC(=O)c3c2oc4cc(O)ccc34)c1,CHEMBL30707,IC50,7.73
349097,Oc1cccc(c1)[C@H]2Oc3ccc(O)cc3[C@H]4CCC[C@@H]24,CHEMBL234633,Ki,7.73
356405,Oc1ccc(cc1)c2sc3cc(O)ccc3c2C(=O)c4ccc(cc4)N5CCN(CC5)C6CCCC6,CHEMBL366928,IC50,7.74
6337013,CCC1=C2c3ccc4[nH]nnc4c3CC2(CC)CCC1=O,CHEMBL213481,IC50,7.75
6337024,CCCC12CCC(=O)C(=C1c3ccc4[nH]nnc4c3C2)CC,CHEMBL213529,IC50,7.75
356810,C[C@H]1[C@@H]([C@@H](Oc2ccc(O)c(F)c12)c3ccc(OCCN4CCCCC4)cc3)c5ccc(O)cc5,CHEMBL180146,IC50,7.75
357512,C[C@H]1[C@@H]([C@@H](Oc2ccc(O)c(F)c12)c3ccc(OCCN4CCCCCC4)cc3)c5ccc(O)cc5,CHEMBL181368,IC50,7.75
342375,[H][C@@]12CC[C@@](O)(C#C)[C@@]1(C)CC[C@]1([H])C3=C(CC[C@@]21[H])C=C(O)C=C3,ethinylestradiol,IC50,7.75
6337041,Cc1cc(O)c(Cl)c2C(=O)Oc3c(Cl)c(O)ccc3c12,CHEMBL204768,IC50,7.75
354886,Cc1ccccc1C(=O)N2CCN(CC2)c3ccc(cc3)C(=O)c4c(sc5cc(O)ccc45)c6ccc(O)cc6,CHEMBL182157,IC50,7.75
356579,Oc1ccc(cc1)[C@H]2Sc3c(F)c(O)ccc3O[C@H]2c4ccc(OCCN5CCCCC5)cc4,CHEMBL329892,IC50,7.75
357534,Oc1ccc(cc1)[C@H]2Sc3cc(O)ccc3O[C@H]2c4ccc(OCCN5C[C@H]6CCC[C@H]6C5)cc4,CHEMBL433769,IC50,7.75
354339,Oc1ccc(cc1)C2=C(CCOc3cc(F)ccc23)c4ccc(OCCN5CCCC5)cc4,CHEMBL472468,IC50,7.76
349042,CCC(Cc1ccc(O)cc1)c2ccc(O)cn2,CHEMBL539462,EC50,7.77
352843,C[C@@]12CCc3c(sc4cc(O)ccc34)[C@H]1CC[C@H]2O,CHEMBL335884,Ki,7.77
6337064,C[C@]12CCC3C(CC=C4C[C@@H](O)CC[C@]34C#C)C1CC[C@@H]2O,CHEMBL437065,IC50,7.77
6337075,Cc1c(O)ccc2cc(ccc12)c3ccc(O)cc3,CHEMBL372030,IC50,7.77
349752,Oc1ccc(cc1)c2cc3ccc(O)cc3s2,CHEMBL431698,EC50,7.77
349841,Oc1ccc2c(noc2c1)c3cccc4cc(O)ccc34,CHEMBL187393,IC50,7.77
352103,Oc1ccc(CC(C#N)c2ccc(O)cc2)cc1,CHEMBL334773,EC50,7.78
352277,Oc1ccc2c(c1)sc3c4ccccc4n(Cc5ccc(OCCN6CCCCCC6)cc5)c23,CHEMBL195371,IC50,7.78
350995,CCN(CC)CCOc1ccc(Cn2c3ccc(O)cc3c4sc5cc(O)ccc5c24)cc1,CHEMBL382734,IC50,7.79
6337096,Oc1ccc(cc1)c2ccc3cc(O)ccc3c2,CHEMBL191974,IC50,7.79
353157,Oc1ccc2c(Oc3ccc(OCCN4CCCCC4)cc3)c(sc2c1)c5ccccc5,CHEMBL226327,IC50,7.79
6337109,CCCCC12CCC(=O)C(=C1c3ccc(O)cc3C2)C,CHEMBL381495,IC50,7.8
357302,CCS(=O)(=O)c1ccc(cc1)c2sc3cc(O)ccc3c2Oc4ccc(OCCN5CCCCC5)cc4,CHEMBL395291,Ki,7.8
5602574,CC[C@]12CC[C@H](O)CC1=CCC3C4CC[C@H](O)[C@@]4(C)CCC23,CHEMBL382097,IC50,7.8
5595530,CC[C@]12CC[C@H](O)CC1=CC[C@H]3[C@@H]4CC[C@H](O)[C@@]4(C)CC[C@H]23,CHEMBL391795,IC50,7.8
353234,CCc1nc2cc(O)ccc2c(Oc3ccc(\C=C\C(=O)NC(C)C)cc3)c1c4ccccc4,CHEMBL370750,Ki,7.8
354577,COC(=O)COc1ccc(cc1)C2Oc3cc(O)ccc3C4=C2c5ccc(O)cc5OCC4,CHEMBL1085161,IC50,7.8
6337130,COc1c(C)cc2C(=O)Oc3c(C)c(O)ccc3c2c1C,CHEMBL206441,IC50,7.8
356799,C[C@H]1CCN(CCOc2ccc(cc2)[C@@H]3Oc4ccc(O)c(F)c4[C@@H](C)[C@@H]3c5ccc(O)cc5)C1,CHEMBL181404,IC50,7.8
6337143,C\C=C/[C@]12CC[C@H](O)CC1=CCC3C4CC[C@H](O)[C@@]4(C)CCC23,CHEMBL383253,IC50,7.8
6337154,C\C=C/[C@]12CC[C@H](O)CC1=CC[C@H]3[C@@H]4CC[C@H](O)[C@@]4(C)CC[C@H]23,CHEMBL246139,IC50,7.8
6337165,Cc1ccccc1\N=C(/c2ccc(O)cc2)\c3ccc(O)cc3O,CHEMBL3234627,IC50,7.8
349258,OC(=O)\C=C\c1ccc(Oc2c(c3ccccc3)c(cc4cc(O)ccc24)C5CC5)cc1,CHEMBL490197,Ki,7.8
6337178,Oc1ccc(c(F)c1)c2oc3c(\C=C/Br)cc(O)cc3n2,CHEMBL361272,IC50,7.8
6337189,Oc1ccc(c(F)c1)c2oc3c(\C=C\Br)cc(O)cc3n2,CHEMBL506991,IC50,7.8
353343,Oc1ccc(cc1)C(=Nc2cccc(Cl)c2)c3ccc(O)cc3,CHEMBL3234618,IC50,7.8
6337203,Oc1ccc(cc1)c2oc3cc(Cl)c(O)cc3n2,CHEMBL362356,IC50,7.8
6337214,Oc1ccc2C3=C(C(=O)CCC3(Cc2c1)c4ccccc4)c5occc5,CHEMBL377224,IC50,7.8
355102,Oc1ccc2C3=C(CCOc2c1)c4ccc(O)cc4O[C@H]3c5ccc(OCCN6CCCCC6)cc5,CHEMBL1088631,IC50,7.8
355522,Oc1ccc2O[C@H]([C@H](Sc2c1)C3CCCCC3)c4ccc(OCCN5CCCCC5)cc4,CHEMBL85090,IC50,7.8
357179,CC(C)[C@H](COc1ccc(cc1)[C@@H]2Oc3ccc(O)cc3S[C@@H]2c4ccc(O)cc4)N5CCCC5,CHEMBL182794,IC50,7.82
6337231,CC1=C2c3ccc(O)cc3CC2(CCC1=O)c4ccccc4,CHEMBL211493,IC50,7.82
6337242,CCCCC1=C2c3ccc(O)cc3CC2(CCCC)CCC1=O,CHEMBL210143,IC50,7.82
6337253,CN(CCCc1ccc(Cl)cc1)c2nc(NCCc3ccc(O)cc3)nc(n2)N4CCN(C)CC4,CHEMBL154988,Ki,7.82
351105,CN(CCCc1ccc(Cl)cc1)c2nc(NCCc3ccc(O)cc3)nc(n2)N4CCN(CCO)CC4,CHEMBL347560,IC50,7.82
6337266,CN(CCCc1ccc(Cl)cc1)c2nc(NCCc3ccc(O)cc3)nc(n2)N4CCNCC4,CHEMBL153405,Ki,7.82
6337277,CN(CCCc1ccc(F)cc1)c2nc(NCCc3ccc(O)cc3)nc(n2)N4CCNCC4,CHEMBL150279,IC50,7.82
353679,COc1ccc(cc1)[C@H]2[C@H](C(O)c3ccc(O)cc3)C(=O)N2c4cc(OC)c(OC)c(OC)c4,CHEMBL3360850,IC50,7.82
355610,C[C@@H]1CCN(CCOc2ccc(cc2)[C@@H]3Oc4ccc(O)cc4[C@@H](C)[C@@H]3c5ccc(O)cc5)C1,CHEMBL369724,IC50,7.82
349225,C[C@@H]1CN(C[C@H](C)N1)c2nc(NCCc3ccc(O)cc3)nc(n2)N(C)CCCc4ccc(Cl)cc4,CHEMBL150594,Ki,7.82
349874,Cc1cc(O)ccc1c2cc3ccc(O)cc3s2,CHEMBL31721,EC50,7.82
350214,Oc1ccc(CC(c2ccc(O)cc2)C(F)(F)C(F)(F)F)cc1,CHEMBL335620,EC50,7.82
343635,Oc1ccc(CCNc2nc(SCCCc3ccc(Cl)cc3)nc(n2)N4CCNCC4)cc1,CHEMBL346455,Ki,7.82
351913,Oc1ccc(cc1)N(C(=O)c2ccc(O)c(F)c2)c3ccc(F)cc3,CHEMBL3545017,Ki,7.82
6337301,Oc1ccc(cc1)c2[nH]c(nc2c3ccccc3)C(F)(F)F,CHEMBL200799,IC50,7.82
6337313,Oc1ccc(cc1)c2oc3c(cc(O)cc3n2)C#C,CHEMBL187937,IC50,7.82
6337325,Oc1ccc2c(cccc2c1)c3oc4ccc(O)cc4n3,CHEMBL183367,IC50,7.82
6337336,CCC[C@@]12CCC(=O)C(=C1c3ccc(O)cc3C2)C,CHEMBL215593,IC50,7.85
6337347,CCc1c(O)ccc2c3ccc(O)c(C)c3OC(=O)c12,CHEMBL204902,IC50,7.85
6337358,C[C@]12CCC3C(CC=C4C[C@@H](O)CC[C@]34C=C)C1CC[C@@]2(O)C#C,CHEMBL381566,IC50,7.85
6337369,C[C@]12CC[C@H]3[C@@H](CC=C4C[C@@H](O)CC[C@]34C=C)[C@@H]1CC[C@@]2(O)C#C,CHEMBL398841,IC50,7.85
6337380,Cc1nocc1c2nc3ccccc3n2c4ccc(O)cc4,CHEMBL372411,IC50,7.85
6337392,Oc1cc(CC=C)c2oc(nc2c1)c3ccc(O)c(F)c3,CHEMBL189303,IC50,7.85
355621,Oc1ccc(cc1)[C@@H]2Sc3c(Cl)c(O)ccc3O[C@@H]2c4ccc(OCCN5CCCCC5)cc4,CHEMBL92660,IC50,7.85
6337405,Oc1ccc(cc1)c2oc3c(CC#N)cc(O)cc3c2,CHEMBL184151,IC50,7.85
357346,Oc1ccc(cc1)c2sc3cc(O)ccc3c2C(=O)c4ccc(cc4)N5CCN(CC5)c6ccc(cc6)[N+](=O)[O-],CHEMBL180176,IC50,7.85
356306,Oc1ccc2C3=C(CCOc2c1)c4ccc(O)cc4O[C@@H]3c5ccc(OCCN6CCCC6)cc5,CHEMBL1086775,IC50,7.85
6337420,CC12CCC(=O)C(=C1c3ccc(O)cc3C2)Br,CHEMBL377475,IC50,7.87
351395,CS(=O)(=O)c1ccc(cc1)c2sc3cc(O)ccc3c2Oc4ccc(OCCN5CCCCC5)cc4,CHEMBL389907,Ki,7.87
355632,Oc1ccc2C3=C(CCOc2c1)c4ccc(O)cc4O[C@H]3c5ccc(OCCN6CCCCCC6)cc5,CHEMBL1086774,IC50,7.87
351383,CC\C(=C(\c1ccc(O)cc1)/c2ccc(CCCN)cc2)\c3ccccc3,CHEMBL3422051,EC50,7.88
352114,Oc1ccc(cc1)C2CN(Cc3ccccc3)Cc4cc(O)ccc24,CHEMBL93826,IC50,7.88
356843,Oc1ccc(cc1)[C@@H]2Sc3c(F)c(O)ccc3O[C@@H]2c4ccc(OCCN5CCCCC5)cc4,CHEMBL328716,IC50,7.88
357357,CC(C)[C@@H]1CCN(CCOc2ccc(cc2)[C@@H]3Oc4ccc(O)cc4S[C@@H]3c5ccc(O)cc5)C1,CHEMBL361601,IC50,7.89
357479,CC(C)[C@H]1CCN(CCOc2ccc(cc2)[C@@H]3Oc4ccc(O)cc4S[C@@H]3c5ccc(O)cc5)C1,CHEMBL427324,IC50,7.89
6337445,CCCCC12CCC(=O)C(=C1c3ccc(O)cc3C2)CC,CHEMBL209803,IC50,7.89
6337457,CCc1cc(O)cc2nc(oc12)c3ccc(O)cc3,CHEMBL364329,IC50,7.89
354076,C[C@H](CCC(=O)O)[C@H]1CC[C@H]2[C@@H]3[C@H](O)C[C@@H]4CC(CC[C@]4(C)[C@H]3C[C@H](O)[C@]12C)N(C)C(=O)CCCN(C)c5ccc(cc5)[C@H]6C[C@@]7(C)[C@@H](CC[C@@]7(O)C#C)[C@@H]8CCC9=CC(=O)CCC9=C68,CHEMBL408376,Ki,7.89
353580,C[C@H](CCC(=O)O)[C@H]1CC[C@H]2[C@@H]3[C@H](O)C[C@@H]4CC(CC[C@]4(C)[C@H]3C[C@H](O)[C@]12C)OCCCN(C)c5ccc(cc5)[C@H]6C[C@@]7(C)[C@@H](CC[C@@]7(O)C#C)[C@@H]8CCC9=CC(=O)CCC9=C68,CHEMBL415621,Ki,7.89
357024,C[C@H]1[C@@H]([C@@H](Oc2cc(O)ccc12)c3ccc(OCCN4CCCCC4)cc3)c5ccc(O)cc5,CHEMBL362428,IC50,7.89
6337474,Cc1cc(O)c(C)c2c1c3ccc(O)c(C)c3OC2(C)CC=C,CHEMBL203123,IC50,7.89
350380,Cc1cc(O)ccc1c2ccc3c(Cl)c(O)ccc3c2,CHEMBL191300,IC50,7.89
355301,Oc1ccc(cc1)C(=Nc2ccccc2)c3ccc(O)cc3,CHEMBL3234612,IC50,7.89
357258,Oc1ccc(cc1)[C@@H]2Sc3c(F)cc(O)cc3O[C@@H]2c4ccc(OCCN5CCCCC5)cc4,CHEMBL94030,IC50,7.89
6337491,Oc1ccc(cc1)c2ccc3c(Br)c(O)ccc3c2,CHEMBL194936,IC50,7.89
6337503,Oc1ccc(cc1)c2oc3c(CC=C)cc(O)cc3n2,CHEMBL188049,IC50,7.89
355069,Oc1ccc(cc1)c2sc3cc(O)ccc3c2C(=O)c4ccc(cc4)N5CCN(CC5)C(=O)c6ccccc6[N+](=O)[O-],CHEMBL360978,IC50,7.89
6337516,CCCC12CCC(=O)C(=C1c3ccc4[nH]ncc4c3C2)C,CHEMBL377171,IC50,7.9
343402,C\C(=N/O)\c1cc(ccc1O)c2ccc(O)cc2,CHEMBL3409956,EC50,7.9
357569,Cc1cccc(c1)C(=O)N2CCN(CC2)c3ccc(cc3)C(=O)c4c(sc5cc(O)ccc45)c6ccc(O)cc6,CHEMBL180873,IC50,7.9
355488,Oc1ccc2C3=C(CCOc2c1)c4ccc(O)cc4O[C@@H]3c5ccc(OCCCN6C(=O)CCC6=O)cc5,CHEMBL1087557,IC50,7.9
6337533,CC1=C2c3ccc(O)cc3C[C@@]24CC[C@H](C4)C1=O,CHEMBL385693,IC50,7.92
6337544,CCCCC12CCC(=O)C(=C1c3ccc4[nH]ncc4c3C2)C,CHEMBL209738,IC50,7.92
353094,CN(C)CCOc1ccc(cc1)[C@@H]2Oc3cc(O)ccc3C4=C2c5ccc(O)cc5OCC4,CHEMBL1085668,IC50,7.92
356053,C[C@H]1[C@@H]([C@@H](Oc2ccc(O)cc12)c3ccc(OCCN4CCCC4)cc3)c5ccc(O)cc5,CHEMBL181936,IC50,7.92
6337559,Cc1c(O)ccc2c1CCc3cc(O)cc(C=C)c23,CHEMBL205119,IC50,7.92
6337570,Cc1c(\C=N\O)c2ccccc2n1c3ccc(O)cc3,CHEMBL388418,IC50,7.92
6337581,O\N=C\c1ccc(c(Cl)c1O)c2ccc(O)cc2,CHEMBL405154,Ki,7.92
6337593,Oc1ccc(c(c1)C#N)c2noc3cc(O)ccc23,CHEMBL185890,IC50,7.92
343052,Oc1ccc(cc1)c2[nH]c3ccccc3c2c4ccc(O)cc4,CHEMBL200232,IC50,7.92
6337606,Oc1ccc(cc1)c2cc(C#N)c3c(Br)c(O)ccc3c2,CHEMBL362966,IC50,7.92
6337618,Oc1ccc2c(noc2c1)c3ccc(O)c(Br)c3,CHEMBL189080,IC50,7.92
351072,Oc1cccc(c1)C2=Cc3ccc(O)cc3C24Cc5ccccc5C4,CHEMBL144431,IC50,7.92
6337631,Oc1ccc(cc1)C2CN(Cc3cc(O)ccc23)C(=O)C(F)(F)F,CHEMBL93266,IC50,7.94
349433,CC1=C(C(=O)c2cc(O)ccc12)c3ccc(O)cc3,CHEMBL371777,IC50,7.96
6337644,CC1=C2c3ccc(O)cc3C[C@@]24CCC[C@H](C4)C1=O,CHEMBL373987,IC50,7.96
343468,CCC12CCC(=O)C(=C1c3ccc4[nH]nnc4c3C2)c5ccc(O)cc5,CHEMBL215428,IC50,7.96
6337657,CCCC12CCC(=O)C(=C1c3ccc(O)cc3C2)C,CHEMBL212418,IC50,7.96
6337668,CCCC1=C2c3ccc4[nH]nnc4c3CC2(CC)CCC1=O,CHEMBL378883,IC50,7.96
6337680,CCCc1cc(O)cc2nc(oc12)c3ccc(O)cc3,CHEMBL188957,IC50,7.96
353846,CCN(CC)CCOc1ccc(cc1)[C@@H]2Oc3cc(F)ccc3C4=C2c5ccc(O)cc5OCC4,CHEMBL1084120,IC50,7.96
6337693,CC[C@@]12CCC(=O)C(=C1c3ccc4[nH]nnc4c3C2)C(F)(F)F,CHEMBL212391,IC50,7.96
356689,C[C@H]1[C@@H]([C@@H](Oc2ccc(O)c(F)c12)c3ccc(OCCN4CCCC4)cc3)c5ccc(O)cc5,CHEMBL181369,IC50,7.96
5602607,C[C@]12CCC3C(CC=C4C[C@@H](O)CC[C@]34C=C)C1CC[C@@H]2O,CHEMBL373019,IC50,7.96
5602618,C[C@]12CC[C@H]3[C@@H](CC=C4C[C@@H](O)CC[C@]34C=C)[C@@H]1CC[C@@H]2O,CHEMBL246138,IC50,7.96
343765,C[C@]12CC[C@H]3[C@@H](CCc4cc(O)ccc34)[C@@H]1C[C@H](O)[C@H]2O,CHEMBL1627346,EC50,7.96
354786,C[C@]12CCc3c(sc4cc(O)ccc34)[C@@H]1CC[C@@H]2O,CHEMBL135732,Ki,7.96
6337713,OCCOc1ccc(cc1)C2Oc3cc(O)ccc3C4=C2c5ccc(O)cc5OCC4,CHEMBL1087683,IC50,7.96
6337724,Oc1ccc(cc1F)c2cc(C#N)c3c(Cl)c(O)ccc3c2,CHEMBL191238,IC50,7.96
353387,Oc1ccc2C3=C(CCOc2c1)c4ccc(O)cc4O[C@H]3c5ccc(OCCN6CCOCC6)cc5,CHEMBL1087812,IC50,7.96
355411,Oc1ccc2c(c1)sc3c4cc(O)ccc4n(Cc5ccc(OCCN6CCCCC6)cc5)c23,CHEMBL196131,IC50,7.96
6337739,Oc1ccc2cc(ccc2c1)c3ccc(O)c(Cl)c3,CHEMBL365999,IC50,7.96
355367,Oc1ccc(C[C@@H](C#N)c2ccc(O)cc2)cc1,CHEMBL198159,EC50,7.97
351317,Oc1ccc(cc1)C2CN(Cc3cc(O)ccc23)S(=O)(=O)c4cccc5ccccc45,CHEMBL93792,IC50,7.97
6337754,Oc1ccc2cc(ccc2c1Cl)c3cc(F)c(O)c(F)c3,CHEMBL192068,IC50,7.98
6337765,Oc1ccc(cc1)[C@H]2Oc3ccc(O)cc3[C@H]4CCC(=O)C[C@@H]24,CHEMBL235828,Ki,7.99
6337776,CC#Cc1cc(cc2ccc(O)cc12)c3ccc(O)c(F)c3,CHEMBL363633,IC50,8.0
352960,CC\C(=C(/c1ccc(O)cc1)\c2ccc(\C=C\C(=O)O)cc2)\c3ccccc3,CHEMBL195515,Ki,8.0
353657,CCc1nc2cc(O)ccc2c(Oc3ccc(OCCN(C)C)cc3)c1c4ccccc4,CHEMBL195080,Ki,8.0
6337791,COc1cc(O)cc2cc(oc12)c3ccc(O)c(F)c3,CHEMBL183033,IC50,8.0
6337802,COc1cc(O)cc2cc(oc12)c3ccc(O)cc3,CHEMBL361226,IC50,8.0
6337815,C[C@]12CC[C@H]3[C@@H](CC=C4C[C@@H](O)CC[C@]34C)[C@@H]1CC[C@@H]2O,CHEMBL440283,IC50,8.0
6337826,Cc1cc(C=C)c2c(c1)C(=O)Oc3c(C)c(O)ccc23,CHEMBL380838,IC50,8.0
350391,Cc1cc(O)ccc1c2ccc3cc(O)ccc3c2,CHEMBL195389,IC50,8.0
352344,O\N=C\c1cc(ccc1O)c2ccc(O)cc2,CHEMBL480420,EC50,8.0
6337841,O\N=C\c1ccc(c2ccc(O)cc2)c3ccoc13,CHEMBL231812,IC50,8.0
6337852,Oc1cc(CC#N)c2oc(cc2c1)c3ccc(O)c(F)c3,CHEMBL186874,IC50,8.0
354919,Oc1ccc(cc1)C2=C(c3ccc(F)cc3)c4ccc(O)cc4C2,CHEMBL371236,EC50,8.0
353354,Oc1ccc(cc1)C2=C(c3ccccc3)c4cc(O)ccc4C2=O,CHEMBL373095,IC50,8.0
6337868,Oc1ccc2c(noc2c1)c3ccc(O)c(Cl)c3,CHEMBL360651,IC50,8.0
343138,CCCOC(=O)[C@H]1CC[C@H]2[C@@H]3CCc4cc(O)ccc4[C@H]3CC[C@]12C,CHEMBL3099429,IC50,8.01
352498,CC\C(=C(\c1ccc(O)cc1)/c2ccc(OCCN)cc2)\c3ccc(O)cc3,CHEMBL3422028,EC50,8.02
353749,Oc1ccc(cc1)c2sc3cc(O)ccc3c2Oc4ccc(OCCN5CCCCC5)cc4,CHEMBL226268,IC50,8.02
6337885,CC1=CC2=CC[C@H]3[C@@H]4CC[C@H](O)[C@@]4(C)CC[C@@H]3[C@@]2(C)CC1,CHEMBL250110,IC50,8.03
6337896,C[C@@H](COc1ccc(cc1)[C@@H]2Oc3ccc(O)c(F)c3S[C@@H]2c4cccc(O)c4)N5CC[C@@H](C)C5,CHEMBL182690,IC50,8.04
356866,Oc1ccc(cc1)c2sc3cc(O)ccc3c2C(=O)c4ccc(cc4)N5CCN(CC5)C(=O)c6ccc(Cl)cc6,CHEMBL180707,IC50,8.04
357633,Oc1ccc(cc1)c2sc3cc(O)ccc3c2C(=O)c4ccc(cc4)N5CCN(CC5)c6ccc(Cl)cc6,CHEMBL178679,IC50,8.04
6337911,CC1=CC2=CC[C@H]3[C@@H]4CC[C@H](O)[C@@]4(C)CC[C@@H]3[C@]2(CC1)C=C,CHEMBL398456,IC50,8.05
6337922,CC1Oc2c(C)c(O)ccc2c3c(C)cc(O)c(C)c13,CHEMBL206584,IC50,8.05
353442,CCCCN(C)C(=O)CCCCCCCCCCS[C@@H]1Cc2cc(O)ccc2[C@H]3CC[C@]4(C)[C@@H](O)CC[C@H]4[C@H]13,CHEMBL1627354,IC50,8.05
342434,CC\C(=C(\CC)C1=CC=C(O)C=C1)C1=CC=C(O)C=C1,diethylstilbestrol,EC50,8.05
6337937,O\N=C\c1c(Cl)cc(cc1Cl)c2ccc(O)c(F)c2,CHEMBL438516,IC50,8.05
355831,Oc1ccc(cc1)C(=Nc2ccc(Cl)cc2)c3ccc(O)cc3,CHEMBL3234619,IC50,8.05
353517,Oc1ccc(cc1)C2=C(c3ccccc3)c4ccc(O)cc4C2=O,CHEMBL192586,IC50,8.05
353956,Oc1ccc(cc1)[C@@H]2Cc3ccc(O)cc3O[C@@H]2c4ccc(OCCN5CCCCC5)cc4,CHEMBL30439,IC50,8.05
349510,Oc1ccc(cc1)[C@H]2N(CCc3cc(O)ccc23)C(=O)C(F)(F)F,CHEMBL93326,IC50,8.05
350180,Oc1ccc(cc1)c2cc(Cl)c3c(Cl)c(O)ccc3c2,CHEMBL192876,IC50,8.05
354175,CC\C(=C(\c1ccc(\C=C\C(=O)O)cc1)/c2ccc3[nH]ncc3c2)\c4ccc(F)cc4Cl,CHEMBL3581693,IC50,8.06
353668,CN(C)C(=O)\C=C\c1ccc(cc1)N2CCc3cc(O)ccc3C2c4ccccc4,CHEMBL93391,IC50,8.06
354033,Oc1ccc(cc1)C2=C(c3ccc(OCCN4CCCCC4)cc3)c5ccc(F)cc5OCC2,CHEMBL511971,IC50,8.06
355588,Oc1ccc2C3=C(CCOc2c1)c4ccc(O)cc4O[C@H]3c5ccc(OCCN6CCCC6)cc5,CHEMBL1086776,IC50,8.06
6337966,Oc1ccc2cc(ccc2c1Cl)c3cc(F)c(O)cc3F,CHEMBL363177,IC50,8.07
343208,Oc1ccc2cc(ccc2c1)c3cc(F)c(O)c(F)c3,CHEMBL191716,IC50,8.08
6337979,Cc1c(\C=N\O)c2ccccc2n1c3ccc(O)c(F)c3,CHEMBL232023,IC50,8.09
351726,CC(Cc1ccc(O)cc1)(C#N)c2ccc(O)cc2,CHEMBL134646,EC50,8.1
6337992,CC1Oc2c(C)c(O)ccc2c3ccc(O)c(C)c13,CHEMBL381337,IC50,8.1
6338003,CCC12CCC(=O)C(=C1c3ccc4[nH]ncc4c3C2=O)Br,CHEMBL379595,IC50,8.1
6338014,CCC1Oc2c(C)c(O)ccc2c3c(C)cc(O)cc13,CHEMBL206439,IC50,8.1
353201,CCSC1=C(C(=O)c2cc(O)ccc12)c3ccc(O)cc3,CHEMBL193108,IC50,8.1
6338027,CN(CCCc1ccc(Cl)cc1)c2nc(NCCc3ccc(O)cc3)nc(n2)N4CCN(Cc5ccccc5)CC4,CHEMBL356668,Ki,8.1
6338038,C[C@@]12CCC(=O)C(=C1c3ccc4[nH]ncc4c3C2)C(F)(F)F,CHEMBL379188,IC50,8.1
355566,Oc1ccc(cc1)C2CCc3cc(O)ccc3N2c4ccc(OCCN5CCCCC5)cc4,CHEMBL293297,Ki,8.1
357167,Oc1ccc(cc1)[C@@H]2Sc3c(Cl)cc(O)cc3O[C@@H]2c4ccc(OCCN5CCCCC5)cc4,CHEMBL94116,IC50,8.1
6338053,Oc1ccc(cc1)c2oc3c(CC#N)cc(O)c(Cl)c3c2,CHEMBL183152,IC50,8.1
355323,Oc1ccc(cc1)c2sc3cc(O)ccc3c2C(=O)c4ccc(cc4)N5CCN(CC5)C(=O)c6ccccc6O,CHEMBL427496,IC50,8.1
6338067,Oc1ccc2c(noc2c1)c3ccc(O)c(F)c3,CHEMBL188189,IC50,8.1
6338078,CC[C@@]12CCC(=O)C(=C1c3ccc4[nH]ncc4c3C2)C5CC5,CHEMBL209623,IC50,8.11
6338089,CC[C@@]12CCC(=O)C(=C1c3ccc4[nH]ncc4c3C2)Cl,CHEMBL425246,IC50,8.11
6338100,CCc1c(O)ccc2c1OC(=O)c3c(C)c(O)ccc23,CHEMBL206500,IC50,8.11
6338111,CCCCC12CCC(=O)C(=C1c3ccc4[nH]nnc4c3C2)c5occc5,CHEMBL214200,IC50,8.13
6338122,CC[C@@]12CCC(=O)C(=C1c3ccc4[nH]ncc4c3C2)C,CHEMBL210074,IC50,8.14
6338133,Oc1cc(C=C)c2cc(ccc2c1)c3ccc(O)c(F)c3,CHEMBL191648,IC50,8.14
355146,Oc1ccc2c(c1)sc3c4cc(O)ccc4n(Cc5ccc(OCCN6CCCCCC6)cc5)c23,CHEMBL264216,IC50,8.14
6338146,O\N=C\c1ccc(c(Cl)c1O)c2ccc(O)c(F)c2,CHEMBL509051,Ki,8.15
6338157,CCCCC12CCC(=O)C(=C1c3ccc4[nH]ncc4c3C2)C5CC5,CHEMBL379543,IC50,8.16
353475,COc1ccc2C3=C([C@H](Oc2c1)c4ccc(OCCN5CCCCC5)cc4)c6ccc(O)cc6OCC3,CHEMBL1088483,IC50,8.16
355842,Oc1ccc(cc1)C(=Nc2ccc(F)cc2)c3ccc(O)cc3,CHEMBL3234621,IC50,8.16
6338172,Oc1ccc(cc1)[C@@H]2Oc3ccc(O)cc3[C@@H]4CC(=O)C[C@H]24,CHEMBL278936,Ki,8.16
343657,Oc1ccc(cc1)c2ccc3c(F)c(O)ccc3c2,CHEMBL192782,IC50,8.16
6338185,Oc1ccc2cc(cc(C#N)c2c1)c3cc(F)c(O)cc3F,CHEMBL194326,IC50,8.16
350940,C[C@]12CC[C@H]3[C@@H](CCc4cc(O)ccc34)[C@@H]1CC=C2CO,CHEMBL3099432,IC50,8.17
6338198,Cc1cc(O)c(C)c2OC(=O)c3c(C)c(O)ccc3c12,CHEMBL205934,IC50,8.17
6338209,Oc1ccc(cc1)c2oc3c(C=O)cc(O)cc3c2,CHEMBL364419,IC50,8.18
354962,Cc1cccc(CN(c2ccc(O)cc2)c3ccc(O)cc3)c1C,CHEMBL3645264,Ki,8.19
6338221,Oc1ccc2cc(cc(C#C)c2c1)c3ccc(O)c(F)c3,CHEMBL192016,IC50,8.2
6338232,CC(=O)c1cc(O)cc2cc(oc12)c3ccc(O)cc3,CHEMBL183889,IC50,8.22
6338243,Cc1c(O)cc(C#N)c2cc(ccc12)c3ccc(O)c(F)c3,CHEMBL371126,IC50,8.22
6338255,Cc1cc(O)c2cccc(c3oc4cc(O)ccc4n3)c2c1,CHEMBL183368,IC50,8.22
353868,Cc1ccccc1N=C(c2ccc(O)cc2)c3ccc(O)cc3,CHEMBL3234614,IC50,8.22
6338268,OCc1cc(O)cc2[C@@H]3CCC[C@@H]3[C@@H](Oc12)c4ccc(O)cc4,CHEMBL394338,Ki,8.22
356546,Oc1ccc(cc1)C(=Nc2ccc(Br)cc2)c3ccc(O)cc3,CHEMBL3234622,IC50,8.22
353890,Oc1ccc(cc1)\C(=N/c2ccccc2)\c3ccc(O)cc3O,CHEMBL3234626,IC50,8.22
357754,Oc1ccc(cc1)\C(=N/c2ccccc2Cl)\c3ccc(O)cc3O,CHEMBL3234630,IC50,8.22
6338285,Oc1ccc(cc1)c2cc(C#N)c3c(Cl)c(O)ccc3c2,CHEMBL195807,IC50,8.22
6338297,Oc1ccc(cc1)c2oc3c(cc(O)cc3n2)C#N,CHEMBL186513,IC50,8.22
6338308,Oc1ccc(cc1)c2oc3ccc(O)cc3c2,CHEMBL367588,IC50,8.22
352744,Oc1cccc(c1)C2=C(c3ccc(OCCN4CCCC4)cc3)c5ccc(F)cc5OCC2,CHEMBL471627,IC50,8.22
352158,CC1=C(c2ccc(O)cc2)C3(Cc4ccccc4C3)c5ccc(O)cc15,CHEMBL145576,IC50,8.23
355886,Oc1ccc(cc1)C2=C(c3ccc(OCCN4CCC4)cc3)c5ccccc5OCC2,CHEMBL470993,IC50,8.23
6338325,CCC1=C2c3ccc4[nH]nnc4c3C[C@]2(CC)CCC1=O,CHEMBL385949,IC50,8.24
6338336,CCCC[C@@]12CCC(=O)C(=C1c3ccc4[nH]nnc4c3C2)Br,CHEMBL215802,IC50,8.24
6338347,Cc1cc(O)c(C)c2C(=O)Oc3c(C)c(O)ccc3c12,CHEMBL380717,IC50,8.24
351936,Oc1ccc(cc1)c2ccc3c(O)cccc3c2,CHEMBL193726,IC50,8.24
6338360,Cc1cc(O)cc2cc(oc12)c3ccc(O)cc3,CHEMBL365290,IC50,8.25
6338371,Oc1ccc(cc1F)c2cc(C#N)c3c(F)c(O)ccc3c2,CHEMBL195280,IC50,8.25
350269,Oc1ccc2C3=C(CCOc2c1)c4ccc(O)cc4O[C@H]3c5ccc(OCCCN6C(=O)CCC6=O)cc5,CHEMBL1087682,IC50,8.25
6338384,CC#Cc1cc(O)cc2ccc(cc12)c3ccc(O)c(F)c3,CHEMBL192849,IC50,8.26
356634,Oc1ccc(cc1)c2sc3cc(O)ccc3c2C(=O)c4ccc(cc4)N5CCN(Cc6ccccc6)CC5,CHEMBL2113001,IC50,8.26
357134,Oc1ccc2N(Cc3ccc(OCCN4CCCCC4)cc3)C(CCc2c1)c5cccc(O)c5,CHEMBL58688,Ki,8.26
6338399,CCCC12CCC(=O)C(=C1c3ccc4[nH]ncc4c3C2)Br,CHEMBL380032,IC50,8.27
6338410,OC[C@H]1CCC[C@H](CC1)c2ccc(O)cc2,CHEMBL3099433,IC50,8.27
6338421,CCCCC12CCC(=O)C(=C1c3ccc(O)cc3C2)Cl,CHEMBL379109,IC50,8.28
6338432,CCCC[C@@]12CCC(=O)C(=C1c3ccc4[nH]ncc4c3C2)C(=O)OC,CHEMBL377988,IC50,8.28
355014,CNc1c(\C=N\O)ccc(c2ccccc2)c1c3ccccc3,CHEMBL130030,Ki,8.28
6338445,C[C@@H](COc1ccc(cc1)[C@@H]2Oc3ccc(O)c(F)c3S[C@@H]2c4ccc(O)cc4)N5CC[C@@H](C)C5,CHEMBL183090,IC50,8.28
6338456,Oc1ccc2nc(cc(Cl)c2c1)c3ccc(O)c(F)c3,CHEMBL198410,IC50,8.28
6338467,CCCC[C@@]12CCC(=O)C(=C1c3ccc4[nH]nnc4c3C2)CC,CHEMBL441366,IC50,8.29
354469,Oc1ccc(cc1)C2=C(Oc3ccc(O)cc3S2)c4ccc(OCCN5CCCCC5)cc4,CHEMBL418327,IC50,8.29
343380,CCC[C@@H]1CC[C@@H]2C[C@]13Cc4cc(O)ccc4C3=C(C)C2=O,CHEMBL212992,IC50,8.3
6338482,CC[C@@H]1CC[C@@H]2C[C@]13Cc4cc(O)ccc4C3=C(C)C2=O,CHEMBL213337,IC50,8.3
349086,Cc1cc(c(O)cc1O)c2noc3cc(O)ccc23,CHEMBL186597,IC50,8.3
343008,O\N=C\c1ccc(c2ccc(O)cc2)c3ccccc13,CHEMBL395308,IC50,8.3
6338498,Oc1cc(C=C)c2oc(nc2c1)c3ccc(O)c(F)c3,CHEMBL450940,IC50,8.3
343219,Oc1ccc2cc(ccc2c1)c3ccc(O)c(F)c3,CHEMBL193727,IC50,8.3
6338512,Oc1ccc2nc(oc2c1)c3cccc4c(O)cccc34,CHEMBL185918,IC50,8.3
6338523,CCCCC12CCC(=O)C(=C1c3ccc4[nH]ncc4c3C2)Br,CHEMBL212185,IC50,8.31
355444,COC(=O)C(Cc1ccc(O)cc1)c2ccc(O)cc2,CHEMBL335412,EC50,8.31
355422,Cc1ccc(cc1)C(=O)N2CCN(CC2)c3ccc(cc3)C(=O)c4c(sc5cc(O)ccc45)c6ccc(O)cc6,CHEMBL180702,IC50,8.31
356383,Oc1ccc(cc1)C2CCc3cc(O)ccc3N2Cc4ccc(OCCN5CCCC5)cc4,CHEMBL56306,Ki,8.31
354262,Oc1ccc2C(N(CCc2c1)c3ccc(\C=C\C(=O)N4CCOCC4)cc3)c5ccccc5,CHEMBL93586,IC50,8.32
353923,COc1ccc2C(=C(CCOc2c1)c3ccc(O)cc3)c4ccc(OCCN5CCC5)cc4,CHEMBL511269,IC50,8.34
5326462,Oc1ccc(cc1)c2cc(Cl)c3cc(O)ccc3n2,CHEMBL372783,IC50,8.34
6338546,CCC12CCC(=O)C(=C1c3ccc(O)cc3C2)Br,CHEMBL441537,IC50,8.35
356118,C[C@@H](COc1ccc(cc1)[C@@H]2Oc3ccc(O)cc3[C@@H](C)[C@@H]2c4ccc(O)cc4)N5CCCC5,CHEMBL360315,IC50,8.35
356063,C[C@]12CC[C@H]3[C@@H](CCc4cc(O)ccc34)[C@@H]1CC[C@H]2O,CHEMBL286452,EC50,8.35
6338561,Oc1ccc(cc1F)c2ccc3c(Br)c(O)cc(C#N)c3c2,CHEMBL195039,IC50,8.35
343574,CCCC12CCC(=O)C(=C1c3ccc(O)cc3C2)Br,CHEMBL377694,IC50,8.36
357068,Oc1ccc(cc1)C2CCc3cc(O)ccc3N2Cc4ccc(OCCN5CCCCC5)cc4,CHEMBL56198,Ki,8.36
349009,Oc1ccc2c3Oc4cc(O)cc(O)c4C(=O)c3oc2c1,CHEMBL311640,IC50,8.36
6338578,Oc1ccc2cc(cc(C=C)c2c1)c3ccc(O)c(F)c3,CHEMBL195290,IC50,8.36
5326474,Oc1ccc(cc1)c2cc(Br)c3cc(O)ccc3n2,CHEMBL198411,IC50,8.37
356262,CCS(=O)(=O)c1ccc(cc1)c2ccc3cc(O)ccc3c2Oc4ccc(OCCN5CCCCC5)cc4,CHEMBL243790,Ki,8.38
6338593,CC[C@@]12CCC(=O)C(=C1c3ccc4[nH]ncc4c3C2=O)Cl,CHEMBL377254,IC50,8.39
356945,C[C@@H](COc1ccc(cc1)[C@@H]2Oc3ccc(O)c(F)c3[C@@H](C)[C@@H]2c4ccc(O)cc4)N5CCC[C@H]5C,CHEMBL181248,IC50,8.39
355897,Oc1ccc2c(Oc3ccc(OCCN4CCCCC4)cc3)c(ccc2c1)C5CCS(=O)(=O)CC5,CHEMBL428926,Ki,8.39
6338608,BrC1=C2c3ccc4[nH]ncc4c3C[C@]2(CC5CC5)CCC1=O,CHEMBL211666,IC50,8.4
6338619,CCC1=C2c3ccc4[nH]ncc4c3CC2(CC)CCC1=O,CHEMBL211953,IC50,8.4
354720,CCCCc1cc2cc(O)ccc2c(Oc3ccc(\C=C\C(=O)O)cc3)c1c4ccccc4,CHEMBL490198,Ki,8.4
350820,CCCc1c(oc(c2ccc(O)cc2)c1c3ccc(OCCN4CCCCC4)cc3)c5ccc(O)cc5,CHEMBL86206,Ki,8.4
6338634,Cc1cc(O)cc2cc(oc12)c3ccc(O)c(F)c3,CHEMBL185126,IC50,8.4
6338645,O\N=C\c1ccc(c2ccc(O)c(F)c2)c3ccccc13,CHEMBL231810,IC50,8.4
352091,O\N=C\c1ccc(c2ccc(O)cc2)c3ccsc13,CHEMBL394357,IC50,8.4
350599,O\N=C\c1ccc(c2ccc(O)cc2)c3sccc13,CHEMBL231811,IC50,8.4
6338660,Oc1ccc(cc1F)c2ccc3c(Cl)c(O)ccc3c2,CHEMBL191808,IC50,8.4
356009,Oc1ccc2N(Cc3ccc(OCCN4CCCCC4)cc3)C(CCc2c1)c5ccccc5,CHEMBL60538,Ki,8.4
6338674,Oc1cc(C=C)c2oc(nc2c1)c3ccc(O)c(F)c3F,CHEMBL363963,IC50,8.43
348784,Oc1ccc(cc1)C(C#C)C(C#C)c2ccc(O)cc2,CHEMBL132919,EC50,8.43
357335,Oc1ccc(cc1)c2sc3cc(O)ccc3c2C(=O)c4ccc(cc4)N5CCN(CC5)C(=O)c6cccc(Cl)c6,CHEMBL178665,IC50,8.43
352789,CCCc1cc(c(CC)cc1O)c2noc3cc(O)ccc23,CHEMBL186598,IC50,8.44
353179,COc1ccc2C(=C(CCOc2c1)c3ccc(O)cc3)c4ccc(OCCN5CCCC5)cc4,CHEMBL469510,IC50,8.44
355643,Oc1ccc2[C@H]([C@H](OCc2c1)c3ccccc3)c4ccc(OCCN5CCCC5)cc4,CHEMBL183162,IC50,8.44
351672,Oc1ccc(c(O)c1)c2noc3cc(O)ccc23,CHEMBL360410,IC50,8.46
6338698,Oc1ccc(cc1)c2oc3c(C=C)cc(O)cc3n2,CHEMBL363955,IC50,8.46
350753,Oc1cc(F)c(c(F)c1)c2ccc3c(Cl)c(O)ccc3c2,CHEMBL192260,IC50,8.47
6338711,Oc1ccc2cc(cc(C=O)c2c1)c3ccc(O)c(F)c3,CHEMBL365941,IC50,8.47
6338722,Oc1ccc2nc(cc(Br)c2c1)c3ccc(O)c(F)c3,CHEMBL194265,IC50,8.47
6338733,COc1cc(O)c(Br)c2cc(oc12)c3ccc(O)c(F)c3,CHEMBL362272,IC50,8.48
350654,Oc1ccc(c(Cl)c1)c2ccc3c(Cl)c(O)ccc3c2,CHEMBL191710,IC50,8.48
355952,Oc1ccc(cc1)c2sc3cc(O)ccc3c2C(=O)c4ccc(cc4)N5CCN(CC5)C(=O)c6ccccc6Cl,CHEMBL180973,IC50,8.49
349785,CCC(=O)c1cc(O)cc2cc(oc12)c3ccc(O)cc3,CHEMBL360338,IC50,8.5
342775,CCC1Oc2c(C)c(O)ccc2c3ccc(O)c(C)c13,CHEMBL206547,IC50,8.5
6338752,CCCC[C@@]12CCC(=O)C(=C1c3ccc4[nH]nnc4c3C2)C(F)(F)F,CHEMBL384709,IC50,8.5
6338763,Oc1cc(\C=C/F)c2oc(nc2c1)c3ccc(O)c(F)c3,CHEMBL186643,IC50,8.5
6338774,Oc1cc(\C=C\F)c2oc(nc2c1)c3ccc(O)c(F)c3,CHEMBL486225,IC50,8.5
356700,Oc1ccc(cc1)C2CCc3cc(O)ccc3N2c4ccc(OCCN5CCCC5)cc4,CHEMBL56390,Ki,8.5
6338787,CCCCC12CCC(=O)C(=C1c3ccc(O)cc3C2)c4occc4,CHEMBL378675,IC50,8.51
351869,CCCc1cc(c(CCC)cc1O)c2noc3cc(O)ccc23,CHEMBL189200,IC50,8.51
343711,CCc1c(oc(c2ccc(O)cc2)c1c3ccc(OCCN4CCCCC4)cc3)c5ccc(O)cc5,CHEMBL316003,Ki,8.51
357046,C[C@@H]1CCN(CCOc2ccc(cc2)C(=O)c3c(sc4cc(O)ccc34)c5ccc(O)cc5)C1,CHEMBL372337,IC50,8.51
357057,C[C@H]1CCN(CCOc2ccc(cc2)C(=O)c3c(sc4cc(O)ccc34)c5ccc(O)cc5)C1,CHEMBL2024376,IC50,8.51
355742,CCCCCc1cc2cc(O)ccc2c(Oc3ccc(\C=C\C(=O)O)cc3)c1c4ccccc4,CHEMBL489585,Ki,8.52
352985,CSC1=C(C(=O)c2cc(O)ccc12)c3ccc(O)cc3,CHEMBL191841,IC50,8.52
6338811,Oc1cc(Br)c2oc(nc2c1)c3ccc(O)c(F)c3,CHEMBL187207,IC50,8.52
342962,Oc1ccc(c(F)c1)c2oc3c(CC=C)cc(O)cc3n2,CHEMBL189356,IC50,8.52
343524,Oc1ccc(c(O)c1)c2oc3cc(O)ccc3n2,CHEMBL187087,IC50,8.52
355312,Oc1ccc(cc1)C2=C(c3ccccc3)c4cc(O)cc(O)c4C2=O,CHEMBL191836,IC50,8.52
342973,Oc1ccc(cc1)c2ccc3c(Cl)c(O)cc(C#N)c3c2,CHEMBL192218,IC50,8.52
350776,Oc1ccc2nc(oc2c1)c3cccc4cc(O)ccc34,CHEMBL189077,IC50,8.52
353613,Oc1ccc(cc1)C2=C(c3ccc(OCCN4CCCC4)cc3)c5ccc(O)cc5OCC2,CHEMBL469511,IC50,8.54
6338834,CC[C@@]12CCC(=O)C(=C1c3ccc4[nH]ncc4c3C2)C(F)(F)F,CHEMBL208929,IC50,8.55
355676,Nc1c(\C=N\O)ccc(c2ccccc2)c1c3ccccc3,CHEMBL131163,Ki,8.55
351461,Oc1ccc2cc(ccc2c1)c3cc(F)c(O)cc3F,CHEMBL195289,IC50,8.55
356350,CS(=O)(=O)C1CCC(=CC1)c2ccc3cc(O)ccc3c2Oc4ccc(OCCN5CCCCC5)cc4,CHEMBL390448,Ki,8.57
6338851,Oc1ccc2cc(cc(C#N)c2c1)c3ccc(O)c(F)c3,CHEMBL192154,IC50,8.57
357655,C[C@@H](COc1ccc(cc1)C(=O)c2c(sc3cc(O)ccc23)c4ccc(O)cc4)N5CCCC5,CHEMBL198803,IC50,8.59
357666,C[C@H](COc1ccc(cc1)C(=O)c2c(sc3cc(O)ccc23)c4ccc(O)cc4)N5CCCC5,CHEMBL2024377,IC50,8.59
349477,Oc1ccc(cc1F)c2ccc3c(Cl)c(O)cc(C#N)c3c2,CHEMBL192390,IC50,8.59
6338868,CCc1cc(O)cc2ccc(cc12)c3ccc(O)c(F)c3,CHEMBL195208,IC50,8.6
6338879,COc1cc(O)c(Cl)c2cc(oc12)c3ccc(O)cc3,CHEMBL361258,IC50,8.6
343197,Oc1ccc(cc1)c2ccc3c(Cl)c(O)ccc3c2,CHEMBL364092,IC50,8.6
6338892,Oc1ccc(cc1F)c2cc(F)c3c(Cl)c(O)ccc3c2,CHEMBL191901,IC50,8.6
6338903,Oc1ccc2C3=C(Br)C(=O)CCC3(Cc2c1)c4ccccc4,CHEMBL209978,IC50,8.6
350984,CC1=C(C(=O)c2c(O)cc(O)cc12)c3ccc(O)cc3,CHEMBL371788,IC50,8.62
6338916,CCc1cc(cc2ccc(O)cc12)c3ccc(O)c(F)c3,CHEMBL193064,IC50,8.62
357224,C[C@@H]1CCN(CCOc2ccc(Cn3c(c(C)c4cc(O)ccc34)c5ccc(O)cc5)cc2)C1,CHEMBL198914,IC50,8.62
6338930,Oc1ccc(c(F)c1)c2oc3c(cc(O)cc3n2)C#N,CHEMBL189658,IC50,8.62
353602,Oc1ccc(cc1)c2noc(c2c3ccccc3)C(F)(F)F,CHEMBL200021,IC50,8.62
6338943,CCC1Oc2c(C)c(O)ccc2c3c(C)cc(O)c(C)c13,CHEMBL203072,IC50,8.64
350809,CCCC[C@@]12CCC(=O)C(=C1c3ccc4[nH]nnc4c3C2)c5cccs5,CHEMBL214692,IC50,8.64
357379,C[C@@H](COc1ccc(Cn2c(c(C)c3cc(O)ccc23)c4ccc(O)cc4)cc1)N5CCCC5,CHEMBL372808,IC50,8.64
6338958,Oc1ccc(cc1)c2cc(C#N)c3cc(O)ccc3c2,CHEMBL371624,IC50,8.64
351155,Oc1ccc(cc1)c2cc(Cl)c3cc(O)ccc3c2,CHEMBL363367,IC50,8.64
353190,Oc1ccc2cc(ccc2c1)c3c(F)cc(O)cc3F,CHEMBL192621,IC50,8.64
356877,CC(C)S(=O)(=O)c1ccc(cc1)c2ccc3cc(O)ccc3c2Oc4ccc(OCCN5CCCCC5)cc4,CHEMBL243791,Ki,8.66
6338975,CC[C@@]12CCC(=O)C(=C1c3ccc4[nH]ncc4c3C2)Br,CHEMBL214034,IC50,8.66
6338986,Oc1cc(F)c(c(F)c1)c2oc3c(C=C)cc(O)cc3n2,CHEMBL188517,IC50,8.66
6338998,Oc1ccc(c(F)c1)c2oc3c(C=C)cc(O)cc3n2,CHEMBL188846,IC50,8.66
350025,Oc1ccc(cc1)c2oc3c(cc(O)cc3c2)C#N,CHEMBL363498,IC50,8.66
350080,Oc1ccc2cc(cc(C#N)c2c1)c3c(F)cc(O)cc3F,CHEMBL426641,IC50,8.66
357424,CC#CC(Cc1ccc(O)cc1)c2ccc(O)cc2,CHEMBL136039,EC50,8.68
343019,Oc1cc(C#N)c2cc(ccc2c1)c3ccc(O)c(F)c3,CHEMBL192000,IC50,8.68
354676,Oc1ccc(cc1)C2=Cc3cc(O)ccc3C24Cc5ccccc5C4,CHEMBL281499,IC50,8.68
357145,Oc1ccc2[C@H]([C@H](SCc2c1)c3ccccc3)c4ccc(OCCN5CCCC5)cc4,CHEMBL183333,IC50,8.68
356416,Oc1ccc2c(Oc3ccc(OCCN4CCCCC4)cc3)c(ccc2c1)C5=CCS(=O)(=O)CC5,CHEMBL244207,Ki,8.68
354153,CC1=C(C(=O)c2ccc(O)cc12)c3ccc(O)cc3,CHEMBL370037,IC50,8.7
355775,CSC1=C(C(=O)c2cc(O)cc(O)c12)c3ccc(O)cc3,CHEMBL190038,IC50,8.7
6339027,ONC(=O)CCCCCCC(=O)Nc1ccc(cc1)C2=C(C3CC(C2O3)S(=O)(=O)Oc4ccc(F)cc4)c5ccc(O)cc5,CHEMBL3589698,EC50,8.7
6339038,ONC(=O)CCCCCCC(=O)Nc1ccc(cc1)C2=C(C3CC(C2O3)S(=O)(=O)Oc4ccccc4)c5ccc(O)cc5,CHEMBL3589369,EC50,8.7
355356,Oc1ccc(CC(c2ccc(O)cc2)C(F)(F)F)cc1,CHEMBL132868,EC50,8.7
351661,Oc1ccc(c(F)c1)c2ccc3cc(O)ccc3c2,CHEMBL195878,IC50,8.7
343435,Oc1ccc(cc1)c2ccc3cc(O)cc(C#N)c3c2,CHEMBL194762,IC50,8.7
356085,Oc1ccc(cc1)c2oc3c(Br)cc(O)cc3c2,CHEMBL183782,IC50,8.7
6339058,Oc1ccc(cc1)c2oc3c(Br)cc(O)cc3n2,CHEMBL188528,IC50,8.7
6339069,Oc1ccc(cc1)c2oc3c(CC#N)cc(O)c(Br)c3c2,CHEMBL360385,IC50,8.7
350876,Oc1ccc2c(noc2c1)c3cc(Cl)c(O)cc3O,CHEMBL362307,IC50,8.7
356568,Oc1ccc(cc1)C2=Cc3cc(O)ccc3C24Cc5ccc(OCCN6CCCCC6)cc5C4,CHEMBL267385,IC50,8.72
6339085,CCCCC12CCC(=O)C(=C1c3ccc(O)cc3C2)Br,CHEMBL209851,IC50,8.75
6339096,CCCCC12CCC(=O)C(=C1c3ccc4[nH]nnc4c3C2)Br,CHEMBL214693,IC50,8.75
351167,Oc1ccc2c(noc2c1)c3cc(Br)c(O)cc3O,CHEMBL361078,IC50,8.75
357368,CN(C)S(=O)(=O)c1ccc(cc1)c2ccc3cc(O)ccc3c2Oc4ccc(OCCN5CCCCC5)cc4,CHEMBL243571,Ki,8.77
352443,Cc1cc(O)ccc1C(Cc2ccc(O)cc2)C#N,CHEMBL135597,EC50,8.77
356372,O\N=C\c1ccc(c2ccccc2)c(c1O)c3ccccc3,CHEMBL128654,Ki,8.77
354414,Oc1ccc(cc1)C2=C(Br)c3cc(O)ccc3C2=O,CHEMBL363872,IC50,8.77
351328,Oc1ccc2c3C(=O)c4c(O)cc(O)cc4Oc3oc2c1,CHEMBL312186,IC50,8.77
6339119,BrC1=C2c3ccc4[nH]ncc4c3C[C@]2(CCC5CC5)CCC1=O,CHEMBL211800,IC50,8.8
6339130,CCC12CCC(=O)C(=C1c3ccc4[nH]nc(F)c4c3C2)Br,CHEMBL211870,IC50,8.8
348806,CCCCC12CCC(=O)C(=C1c3ccc(O)cc3C2)c4cccs4,CHEMBL209429,IC50,8.8
351923,Oc1ccc(cc1)c2cc(F)c3cc(O)ccc3c2,CHEMBL192386,IC50,8.8
353967,Oc1ccc(cc1)c2oc3c(Cl)cc(O)cc3c2,CHEMBL184448,IC50,8.8
352602,Oc1ccc(cc1)[C@H]2Oc3ccc(O)cc3[C@H]4CCC[C@@H]24,CHEMBL216355,Ki,8.81
6339149,CCCCC12CCC(=O)C(=C1c3ccc(O)cc3C2)C(F)(F)F,CHEMBL208978,IC50,8.82
351083,CCCCC12CCC(=O)C(=C1c3ccc(O)cc3C2)CCC,CHEMBL209402,IC50,8.82
6339162,CCCC[C@@]12CCC(=O)C(=C1c3ccc(O)cc3C2)Br,CHEMBL211614,IC50,8.82
349325,CC[C@@]12CCC(=O)C(=C1c3ccc4[nH]ncc4c3C2=O)C(F)(F)F,CHEMBL215409,IC50,8.82
354229,Oc1ccc2c(noc2c1)c3cccc4c(O)cccc34,CHEMBL188051,IC50,8.82
352027,Oc1ccc2cc(cc(F)c2c1)c3ccc(O)c(F)c3,CHEMBL363425,IC50,8.82
349971,CC[C@@]12CCC(=O)C(=C1c3ccc4[nH]ncc4c3C2)c5ccccc5,CHEMBL211349,IC50,8.85
6339181,C\C=C/c1cc(O)cc2nc(oc12)c3ccc(O)cc3,CHEMBL365016,IC50,8.85
350136,Cc1cc(O)ccc1c2oc3c(Br)cc(O)cc3n2,CHEMBL187311,IC50,8.85
355179,Oc1ccc(CC(C#C)c2ccc(O)cc2)cc1,CHEMBL334798,EC50,8.85
353332,Oc1ccc(c(Cl)c1)c2ccc3cc(O)ccc3c2,CHEMBL195311,IC50,8.85
349938,Oc1ccc(c(F)c1)c2oc3c(Br)cc(O)cc3n2,CHEMBL187915,IC50,8.85
6339200,Oc1ccc(c2oc3c(Br)cc(O)cc3n2)c(c1)C(F)(F)F,CHEMBL510754,IC50,8.85
353716,Oc1ccc2c(noc2c1)c3ccc4cc(O)ccc4c3,CHEMBL187105,IC50,8.85
357324,CS(=O)(=O)c1ccc(cc1)c2ccc3cc(O)ccc3c2Oc4ccc(OCCN5CCCCC5)cc4,CHEMBL243789,Ki,8.88
6339215,CCCCC12CCC(=O)C(=C1c3ccc(O)cc3C2)I,CHEMBL379821,IC50,8.89
355168,CSC1=C(C(=O)c2ccc(O)cc12)c3ccc(O)cc3,CHEMBL192765,IC50,8.89
357123,Oc1ccc2C3=C(COc2c1)c4ccc(O)cc4O[C@H]3c5ccc(OCCN6CCCCC6)cc5,CHEMBL207324,IC50,8.89
355731,Oc1ccc(cc1)c2sc3cc(O)ccc3c2C(=O)c4ccc(cc4)N5CCN(CC5)C(=O)c6ccc(cc6)[N+](=O)[O-],CHEMBL362020,IC50,8.9
354022,CC(Cc1ccc(O)cc1)c2ccc(O)cc2,CHEMBL554507,EC50,8.92
350225,CCCCC12CCC(=O)C(=C1c3ccc(O)cc3C2)c4ccccc4,CHEMBL380469,IC50,8.92
343786,Oc1cc(C#C)c2cc(ccc2c1)c3ccc(O)c(F)c3,CHEMBL191759,IC50,8.92
349345,Oc1ccc(c(F)c1)c2ccc3c(Cl)c(O)ccc3c2,CHEMBL447837,IC50,8.92
357291,Oc1ccc2C(C(CCc2c1)c3ccccc3)c4ccc(OCCN5CCCC5)cc4,CHEMBL92748,IC50,8.92
357156,CN(C)C(=O)c1ccc(cc1)c2ccc3cc(O)ccc3c2Oc4ccc(OCCN5CCCCC5)cc4,CHEMBL244001,Ki,8.94
6339244,COc1c(C)c(Br)c2C(=O)Oc3c(C)c(O)ccc3c2c1C,CHEMBL381697,IC50,8.94
351692,Oc1ccc(cc1)c2c([nH]c3ccccc23)c4ccccc4,CHEMBL371012,IC50,8.95
343074,CCCC[C@@]12CCC(=O)C(=C1c3ccc4[nH]ncc4c3C2)CC,CHEMBL211816,IC50,8.96
357732,CC[C@@H]([C@@H](C)c1ccc(O)cc1)c2ccc(O)cn2,CHEMBL538148,EC50,8.96
343490,CC[C@@]12CCC(=O)C(=C1c3ccc4[nH]nc(F)c4c3C2)Cl,CHEMBL211887,IC50,8.96
351792,Oc1cc(C#N)c2oc(cc2c1)c3ccc(O)c(F)c3,CHEMBL185012,IC50,8.96
348773,Oc1cc(C=O)c2cc(ccc2c1)c3ccc(O)c(F)c3,CHEMBL192901,IC50,8.96
350446,Oc1ccc(cc1)c2cc(F)c3c(Cl)c(O)ccc3c2,CHEMBL193146,IC50,8.96
356251,Oc1ccc2O[C@@H]([C@@H](Sc2c1)c3ccccc3O)c4ccc(OCCN5CCCCC5)cc4,CHEMBL91758,IC50,8.96
349807,CCCC[C@@]12CCC(=O)C(=C1c3ccc4[nH]nc(F)c4c3C2)C(F)(F)F,CHEMBL384268,IC50,9.0
342939,CCC[C@@H]1C[C@@H]2C[C@]13Cc4cc(O)ccc4C3=C(C)C2=O,CHEMBL379008,IC50,9.0
355533,CCc1c(oc(c2ccc(O)cc2)c1c3ccc(OC)cc3)c4ccc(O)cc4,CHEMBL315475,Ki,9.04
350302,CCCC[C@@]12CCC(=O)C(=C1c3ccc4[nH]ncc4c3C2=O)C(F)(F)F,CHEMBL425439,IC50,9.05
357035,C[C@@H](COc1ccc(cc1)[C@H]2[C@H](CCc3cc(O)ccc23)c4ccccc4)N5CCCC5,CHEMBL197495,IC50,9.05
354120,Oc1ccc(cc1)[C@H]2Oc3ccc(O)cc3[C@H]4CCCCC[C@@H]24,CHEMBL234463,Ki,9.06
6339283,CCCC[C@@]12CCC(=O)C(=C1c3ccc4[nH]ncc4c3C2)C(F)(F)F,CHEMBL377644,IC50,9.1
351372,CCOCc1cc(O)cc2[C@@H]3CCC[C@@H]3[C@@H](Oc12)c4ccc(O)cc4,CHEMBL235386,Ki,9.13
353168,Oc1ccc(cc1)C2=C(c3ccc(OCCN4CCCC4)cc3)c5ccc(F)cc5OCC2,CHEMBL471626,IC50,9.16
352936,Oc1ccc(cc1)[C@@H]2Oc3ccc(O)cc3[C@@H]4C[C@@H](C[C@H]24)C(F)(F)F,CHEMBL235829,Ki,9.16
357446,Oc1ccc(cc1)[C@H]2Oc3cccc(O)c3[C@H]4CCC[C@@H]24,CHEMBL234638,Ki,9.18
354588,Oc1ccc2C3=C(CCOc2c1)c4ccc(O)cc4O[C@@H]3c5ccc(OCCN6C(=O)CCC6=O)cc5,CHEMBL1083194,IC50,9.19
357765,CC(C)c1ccc(cc1)c2sc3cc(O)ccc3c2Oc4ccc(OCCN5CCCCC5)cc4,CHEMBL243970,Ki,9.2
355378,Oc1ccc(cc1)[C@H]2Oc3ccc(O)cc3[C@H]4CCCC[C@@H]24,CHEMBL234462,Ki,9.2
357743,CC[C@H]([C@H](CC)c1ccc(O)cn1)c2ccc(O)cc2,CHEMBL556650,EC50,9.22
357235,C[C@@H]1CCN(CCOc2ccc(cc2)[C@H]3[C@H](CCc4cc(O)ccc34)c5ccccc5)C1,CHEMBL437695,IC50,9.22
6339312,O\N=C\c1c(O)ccc(c1Cl)c2ccc(O)c(F)c2,CHEMBL1782958,Ki,9.24
350113,COCc1cc(O)cc2[C@@H]3CC(F)(F)C[C@@H]3[C@@H](Oc12)c4ccc(O)cc4,CHEMBL236720,Ki,9.28
342474,CC\C(=C(/C1=CC=CC=C1)C1=CC=C(OCCN(C)C)C=C1)C1=CC=CC=C1,tamoxifen,Ki,9.29
351983,COc1cc(O)c(Br)c2cc(oc12)c3ccc(O)cc3,CHEMBL433944,IC50,9.3
357523,Cl.Oc1ccc2c3[C@H](Oc4c(F)cc(F)cc4c3ccc2c1)c5ccc(OCCN6CCCCC6)cc5,CHEMBL535158,Ki,9.3
351505,Oc1ccc(c(F)c1)c2cc(C#N)c3cc(O)ccc3c2,CHEMBL363634,IC50,9.3
357457,Oc1ccc(cc1)c2ccc3cc(O)ccc3c2Oc4ccc(OCCN5CCCCC5)cc4,CHEMBL244000,Ki,9.32
350951,Cc1c(oc(c2ccc(O)cc2)c1c3ccc(OCCN4CCCCC4)cc3)c5ccc(O)cc5,CHEMBL314561,Ki,9.33
353624,Oc1ccc(cc1)[C@@H]2Oc3ccc(O)cc3[C@@H]4CC(F)(F)C[C@H]24,CHEMBL236718,Ki,9.36
354941,CCc1c(oc(c2ccccc2)c1c3ccc(OCCN4CCCCC4)cc3)c5ccc(O)cc5,CHEMBL432371,Ki,9.37
352244,Oc1ccc(cc1)C(C#N)C(C#N)c2ccc(O)cc2,CHEMBL342418,EC50,9.38
353815,Oc1ccc(cc1)[C@@H]2Oc3ccc(O)cc3[C@@H]4C[C@H](C[C@H]24)C(F)(F)F,CHEMBL391532,Ki,9.39
350930,C[C@]12CCC(C[C@H]1CC[C@@H]2O)c3ccc(O)cc3,CHEMBL3134122,EC50,9.4
6339346,O\N=C\c1c(O)ccc(c1Cl)c2ccc(O)cc2,CHEMBL1782957,Ki,9.42
353934,Cc1cc(O)ccc1CC(C#N)c2ccc(O)cc2,CHEMBL135695,EC50,9.43
357644,Oc1cccc(c1)c2ccc3cc(O)ccc3c2Oc4ccc(OCCN5CCCCC5)cc4,CHEMBL390020,Ki,9.44
353006,Oc1cc(Br)c2oc(cc2c1)c3ccc(O)c(F)c3,CHEMBL182850,IC50,9.46
357602,Oc1ccc2c(Oc3ccc(OCCN4CCCCC4)cc3)c(ccc2c1)c5cccc(c5)C#N,CHEMBL243999,Ki,9.46
355124,C[C@@H]1C[C@H]2[C@@H](C1)c3cc(O)ccc3O[C@H]2c4ccc(O)cc4,CHEMBL236045,Ki,9.51
357468,CCC1=C(Cc2cc(O)ccc12)c3ccc(O)cc3,CHEMBL69408,EC50,9.52
357787,CCC1C(=C(CC)c2ccc(O)cc12)c3ccc(O)cc3,CHEMBL306878,EC50,9.52
351737,CCCC[C@@]12CCC(=O)C(=C1c3ccc4[nH]nc(F)c4c3C2)CC,CHEMBL213829,IC50,9.52
349598,CC[C@@]12CCC(=O)C(=C1c3ccc4[nH]nc(F)c4c3C2)C(F)(F)F,CHEMBL385680,IC50,9.52
357688,Oc1ccc2c(Oc3ccc(OCCN4CCCCC4)cc3)c(ccc2c1)c5ccc(F)c(F)c5,CHEMBL244206,Ki,9.54
352974,COCc1cc(O)cc2[C@@H]3CCC[C@@H]3[C@@H](Oc12)c4ccc(O)cc4,CHEMBL236086,Ki,9.55
357591,Oc1ccc2c(Oc3ccc(OCCN4CCCCC4)cc3)c(ccc2c1)c5ccc(F)cc5,CHEMBL244205,Ki,9.55
357721,O\N=C\c1ccc(c2ccccc2)c(c1)c3ccccc3,CHEMBL335465,Ki,9.57
355400,Cc1cc(O)cc2[C@@H]3CCC[C@@H]3[C@@H](Oc12)c4ccc(O)cc4,CHEMBL399832,Ki,9.59
355466,Oc1ccc(cc1)[C@@H]2Oc3ccc(O)cc3[C@@H]4CCC[C@H]24,CHEMBL278703,Ki,9.72
357699,Oc1ccc2c(Oc3ccc(OCCN4CCCCC4)cc3)c(ccc2c1)c5cccc(F)c5,CHEMBL390021,Ki,9.8
357776,CC[C@@H]([C@@H](C#N)c1ccc(O)cc1)c2ccc(O)cc2,CHEMBL135739,EC50,9.82
354392,C[C@@H]([C@@H](C#N)c1ccc(O)cc1)c2ccc(O)cc2,CHEMBL134938,EC50,9.85
342548,[H][C@@]12C[C@@H](O)[C@H](O)[C@@]1(C)CC[C@]1([H])C3=C(CC[C@@]21[H])C=C(O)C=C3,estriol,EC50,9.9
357435,CCc1c(oc(c2ccc(O)cc2)c1c3ccc(O)cc3)c4ccc(OCCN5CCCCC5)cc4,CHEMBL315474,Ki,10.22
357313,CCNc1c(\C=N\O)ccc(c2ccccc2)c1c3ccccc3,CHEMBL128227,Ki,10.32
357612,CC12CC[C@H]3[C@@H](CCc4cc(O)ccc34)[C@@H]1CC[C@@]2(O)C#C,CHEMBL1627464,Ki,10.6
