id,smiles,name,assay_type,activity_value
342385,[H][C@@]12CC[C@H](O)[C@@]1(C)CC[C@]1([H])C3=C(CC[C@@]21[H])C=C(O)C=C3,estradiol,IC50,8.44
342365,[H][C@@]12CC[C@H](O)[C@@]1(C)CC[C@]1([H])C3=CC=C(O)C=C3C[C@@H](CCCCCCCCCS(=O)CCCC(F)(F)C(F)(F)F)[C@@]21[H],fulvestrant,IC50,8.7
5326238,CCOC(=O)c1cccc(c1)n2cc(nn2)C(=O)c3ccccc3N,CHEMBL2381363,IC50,7.0
5326249,C[C@]12CC[C@H]3[C@@H]([C@H](CCCCc4cn(nn4)C5=Cc6ccc(O)cc6OC5=O)Cc7cc(O)ccc37)[C@@H]1CC[C@@H]2O,CHEMBL2326070,IC50,7.0
5326260,CCOC(=O)CC(=O)c1ccc(cc1)C#CCCCC[C@@H]2Cc3cc(O)ccc3[C@H]4CC[C@]5(C)[C@@H](O)CC[C@H]5[C@H]24,CHEMBL2326076,IC50,7.02
5326271,CC(C)(C)c1cccc(c1)n2cc(nn2)C(=O)c3ccccc3N,CHEMBL2381358,IC50,7.03
5326282,COc1ccc(cc1)c2c3COc4cc(O)ccc4c3nc5ccc(O)cc25,CHEMBL250507,IC50,7.03
5326293,COc1cccc(c1)c2c3COc4cc(O)ccc4c3nc5ccc(O)cc25,CHEMBL398815,IC50,7.07
5326305,Oc1ccc(cc1)c2cc(C#C)c3cc(O)ccc3n2,CHEMBL440757,IC50,7.13
5326316,COC(=O)c1cccc(c1)n2cc(nn2)C(=O)c3ccccc3N,CHEMBL2381362,IC50,7.14
5326327,Oc1ccc2c(OCc3c2nc4ccc(O)cc4c3c5ccc(cc5)C#N)c1,CHEMBL437390,IC50,7.19
5326339,Oc1ccc(cc1)c2cc(C=C)c3cc(O)ccc3n2,CHEMBL198089,IC50,7.22
5326351,CCc1cc(nc2ccc(O)cc12)c3ccc(O)cc3,CHEMBL198679,IC50,7.28
5326362,Oc1ccc2c(OCc3c2nc4ccc(O)cc4c3C#C)c1,CHEMBL250301,IC50,7.28
5326373,CC(C)(C)OC(=O)N1CCN(CC1)c2ccc(cc2)C#CCCCC[C@@H]3Cc4cc(O)ccc4[C@H]5CC[C@]6(C)[C@@H](O)CC[C@H]6[C@H]35,CHEMBL2326075,IC50,7.3
5326384,C[C@]12CC[C@H]3[C@@H]([C@H](CCCCC#Cc4ccc(cc4)c5oncc5)Cc6cc(O)ccc36)[C@@H]1CC[C@@H]2O,CHEMBL2326074,IC50,7.3
1001491,C[C@]12CC[C@H]3[C@@H]([C@H](CCCCc4cn(CC5COc6ccccc6O5)nn4)Cc7cc(O)ccc37)[C@@H]1CC[C@@H]2O,CHEMBL2326068,IC50,7.3
5326397,CCc1c2COc3cc(O)ccc3c2nc4ccc(O)cc14,CHEMBL402493,IC50,7.34
5326408,CC(C)c1ccc(cc1)n2cc(nn2)C(=O)c3ccccc3N,CHEMBL2381477,IC50,7.39
1001502,C[C@]12CC[C@H]3[C@@H]([C@H](CCCCC#Cc4ccc(cc4)n5cccc5)Cc6cc(O)ccc36)[C@@H]1CC[C@@H]2O,CHEMBL2326072,IC50,7.55
5326422,Oc1ccc(cc1)c2cc(C#N)c3cc(O)ccc3n2,CHEMBL197667,IC50,7.55
5326433,Oc1ccc2c(OCc3c(C=C)c4cc(O)ccc4nc23)c1,CHEMBL250300,IC50,7.66
5326444,CC(C)c1cccc(c1)n2cc(nn2)C(=O)c3ccccc3N,CHEMBL2381353,IC50,7.68
343175,Oc1ccc(cc1)C2=COc3cc(O)cc(O)c3C2=O,CHEMBL44,IC50,8.0
1001458,Oc1ccc2c(OCc3c2nc4ccc(O)cc4c3C#N)c1,CHEMBL402492,IC50,8.22
5326462,Oc1ccc(cc1)c2cc(Cl)c3cc(O)ccc3n2,CHEMBL372783,IC50,8.34
5326474,Oc1ccc(cc1)c2cc(Br)c3cc(O)ccc3n2,CHEMBL198411,IC50,8.37
1001480,Oc1ccc2c(OCc3c(Br)c4cc(O)ccc4nc23)c1,CHEMBL250097,IC50,8.44
1001469,Oc1ccc2c(OCc3c(Cl)c4cc(O)ccc4nc23)c1,CHEMBL402491,IC50,8.48
