id,smiles,name,assay_type,activity_value
342385,[H][C@@]12CC[C@H](O)[C@@]1(C)CC[C@]1([H])C3=C(CC[C@@]21[H])C=C(O)C=C3,estradiol,IC50,8.49
1001458,Oc1ccc2c(OCc3c2nc4ccc(O)cc4c3C#N)c1,CHEMBL402492,IC50,7.01
1001469,Oc1ccc2c(OCc3c(Cl)c4cc(O)ccc4nc23)c1,CHEMBL402491,IC50,7.06
1001480,Oc1ccc2c(OCc3c(Br)c4cc(O)ccc4nc23)c1,CHEMBL250097,IC50,7.25
1001491,C[C@]12CC[C@H]3[C@@H]([C@H](CCCCc4cn(CC5COc6ccccc6O5)nn4)Cc7cc(O)ccc37)[C@@H]1CC[C@@H]2O,CHEMBL2326068,IC50,7.39
1001502,C[C@]12CC[C@H]3[C@@H]([C@H](CCCCC#Cc4ccc(cc4)n5cccc5)Cc6cc(O)ccc36)[C@@H]1CC[C@@H]2O,CHEMBL2326072,IC50,7.72
