id,smiles,name,assay_type,activity_value
7854196,CC(C)NC(=O)c1cccc(Oc2cccc(c2)c3c(C)cnc4c(Cl)cccc34)c1,CHEMBL459562,IC50,7.0
7854208,CCCc1c(OCCCN(C)c2ncc(CC(=O)O)s2)ccc3c(noc13)C(F)(F)F,CHEMBL381064,IC50,7.0
5089889,CCCc1c(OCCCOc2ccc(CC(=O)O)cc2)ccc3c(noc13)C(F)(F)F,CHEMBL210973,IC50,7.0
7854221,CCCc1cc(cc(CCC)c1OCCCCN2C(=O)NC(C)(C2=O)c3ccc4OCOc4c3)C(O)(C(F)(F)F)C(F)(F)F,CHEMBL3589801,EC50,7.0
7854232,CCS(=O)(=O)c1cccc(Oc2cccc(c2)n3c(C)nc4c(Cl)cccc34)c1,CHEMBL593814,IC50,7.0
7854243,CS(=O)(=O)c1cccc(c1)c2cccc(c2)c3c(Cc4ccccc4)cnc5c(cccc35)C(F)(F)F,CHEMBL1098401,EC50,7.0
7854254,C[C@@]1(CCC[C@@]2(C)[C@H]1CCc3ccc(O)cc23)C(=O)NC4C5CC6CC(CC4C6)C5,CHEMBL194409,IC50,7.0
7854265,C[C@@]1(CCC[C@@]2(C)[C@H]1CCc3ccccc23)C(=O)N4CCCC(C4)c5ccccc5,CHEMBL196340,EC50,7.0
7854276,Cc1cc(C)c(c(C)c1)S(=O)(=O)N(Cc2ccc(cc2)c3cccc(c3)S(=O)(=O)C)Cc4ccc(F)cc4Cl,CHEMBL1093828,EC50,7.0
7854287,Cc1nc2c(Cl)cccc2n1c3cccc(Oc4cccc(c4)S(=O)(=O)C)c3,CHEMBL594994,IC50,7.0
7854298,OC(=O)c1cccc(OCCCN(CC(c2ccccc2)c3ccccc3)Cc4cccc(c4Cl)C(F)(F)F)c1,CHEMBL3609361,EC50,7.0
1828516,OC(c1ccc(cc1)N(CC(F)(F)F)S(=O)(=O)c2ccccc2)(C(F)(F)F)C(F)(F)F,CHEMBL62136,EC50,7.0
7854311,CCCc1c(OCCCN(C)c2cccc(CC(=O)O)c2)ccc3c(noc13)C(F)(F)F,CHEMBL207442,IC50,7.01
7854322,COc1cccc(C2SC(=NN2C(=O)c3c(F)cc(F)cc3F)c4ccc(Cl)cc4)c1OC,CHEMBL387997,EC50,7.01
7854333,FC(F)(F)c1cccc2c(c(Cc3ccccc3)cnc12)c4cccc(Oc5cccc(c5)C(=O)N6CCCC6)c4,CHEMBL502579,EC50,7.01
7854344,CS(=O)(=O)c1cccc(Oc2cccc(c2)n3c(nc4c(cccc34)C(F)(F)F)C5CC5)c1,CHEMBL595011,IC50,7.03
7854355,CS(=O)(=O)c1cccc(c1)N2CCN(C(C2)c3ccccc3)c4nccc(n4)C(F)(F)F,CHEMBL3813875,Ki,7.03
7854368,OC(=O)Cc1ccc(COc2cccc(c2)c3c(Cc4ccccc4)cnc5c(cccc35)C(F)(F)F)cc1,CHEMBL214719,EC50,7.03
7854379,CC(C)c1cnc2c(cccc2c1c3cccc(c3)c4cccc(c4)S(=O)(=O)C)C(F)(F)F,CHEMBL1097799,EC50,7.04
7854390,CS(=O)(=O)c1cccc(Oc2cccc(c2)c3c(nc4c(cccn34)C(F)(F)F)c5ccccc5)c1,CHEMBL611734,IC50,7.04
7854401,F[C@]([C@H]1Cc2[nH]c3ccc(Cl)cc3c2C1)(c4oc(nn4)C5CC5)S(=O)(=O)c6ccccc6,CHEMBL518171,EC50,7.04
5089963,CCCc1c(OCCCNc2ccc(CC(=O)O)cc2)ccc3c(noc13)C(F)(F)F,CHEMBL207103,IC50,7.05
7854414,CCN(C(CO)c1ccccc1)c2ccc(cc2Cl)C(O)(C(F)(F)F)C(F)(F)F,CHEMBL214741,IC50,7.05
7854426,OC(=O)Cc1ccc(CNc2cccc(c2)c3c(Cc4ccccc4)cnc5c(cccc35)C(F)(F)F)cc1,CHEMBL217118,EC50,7.05
7854437,CCCc1c(OCCCn2ncc3cc(CC(=O)O)ccc23)ccc4c(noc14)C(F)(F)F,CHEMBL210917,IC50,7.06
7854448,C[C@@H](CCOc1cccc(CC(=O)O)c1)N(CC(c2ccccc2)c3ccccc3)Cc4cccc(c4Cl)C(F)(F)F,CHEMBL584364,EC50,7.06
7854459,C[C@@H](COc1cccc(CC(=O)O)c1)CN(CC(c2ccccc2)c3ccccc3)Cc4cccc(c4Cl)C(F)(F)F,CHEMBL573587,EC50,7.07
7854470,Cc1nc2c(Cl)cccc2n1c3cc(Oc4cccc(c4)S(=O)(=O)C(F)(F)F)ccc3Cl,CHEMBL605723,IC50,7.07
7854481,CC(C)(C)c1ccc(CC(C(=O)O)c2ccc(COc3cccc(c3)c4ccc(c5ncc(cc45)C(=O)c6ccccc6)C(F)(F)F)cc2)cc1,CHEMBL253730,IC50,7.09
7854492,CNS(=O)(=O)c1cccc(c1)c2ccc(cc2)c3nc4cccc(c4nc3C)C(F)(F)F,CHEMBL1090916,IC50,7.09
7854503,CC(C)[C@@H]1CN(CCN1c2ncc(c(n2)C(F)(F)F)C(C)(C)O)c3ccc(F)c(c3)S(=O)(=O)C,CHEMBL3814478,EC50,7.1
7854514,Cn1cnc(c1)S(=O)(=O)N(Cc2ccc(cc2)c3cccc(c3)S(=O)(=O)C)Cc4c(F)cccc4Cl,CHEMBL1092952,EC50,7.1
7854525,CS(=O)(=O)c1cccc(Oc2cccc(c2)c3c(CN)cnc4c(cccc34)C(F)(F)F)c1,CHEMBL590584,IC50,7.11
7854537,OC(=O)Cc1cccc(OCCCN(CC(c2ccccc2)c3ccccc3)Cc4cccc(c4Cl)C(F)(F)F)c1,CHEMBL59030,EC50,7.11
7854548,CCc1cnc2c(cccc2c1c3cccc(c3)c4cccc(c4)S(=O)(=O)C)C(F)(F)F,CHEMBL1098403,EC50,7.12
7854559,CN(C)c1oc(nn1)[C@](F)([C@H]2Cc3[nH]c4ccc(Cl)cc4c3C2)S(=O)(=O)c5ccccc5,CHEMBL462446,EC50,7.12
7854570,COc1ccc(CN(C)S(=O)(=O)c2cccc(Oc3cccc(c3)c4c(nc5c(Cl)cccn45)C(C)C)c2)cc1,CHEMBL595915,IC50,7.15
7854581,C[C@@]1(CCC[C@@]2(C)[C@H]1CCc3ccccc23)C(=O)N4CCC(CC4)c5ccccc5,CHEMBL194733,EC50,7.16
7854593,Cc1oc(nn1)[C@](F)([C@H]2Cc3[nH]c4ccc(Cl)cc4c3C2)S(=O)(=O)c5ccccc5,CHEMBL460108,IC50,7.16
7854604,O=C1N(Cc2ccccc2)C(=O)C(=C1Nc3ccccc3)c4ccccc4,CHEMBL364666,EC50,7.16
7854615,CC(C)[C@@H]1CN(CCN1c2ncc(CO)c(n2)C(F)(F)F)c3ccc(F)c(c3)S(=O)(=O)C,CHEMBL3815001,EC50,7.17
7854626,CS(=O)(=O)c1cccc(c1)c2ccc(s2)c3cc(nn3c4ccccc4C(F)(F)F)C(F)(F)F,CHEMBL3360965,EC50,7.17
7854637,OC(=O)C(Cc1ccccc1)c2ccc(COc3cccc(c3)c4ccc(c5ncc(cc45)C(=O)c6ccccc6)C(F)(F)F)cc2,CHEMBL253398,IC50,7.17
7854648,OC(=O)c1ccc(COc2cccc(c2)c3c(cnc4c(cccc34)C(F)(F)F)C(=O)c5ccccc5)cc1,CHEMBL214074,IC50,7.17
7854659,CC(C)(O)c1cn(c(Cc2ccccc2Cl)n1)c3ccc(cc3)c4cccc(c4)S(=O)(=O)C,CHEMBL3360974,EC50,7.18
7854670,CCCc1c(OCCCOc2ccc(CC(=O)O)cc2Cl)ccc3c(noc13)C(F)(F)F,CHEMBL210768,IC50,7.19
7854681,CCCc1cc(ccc1Oc2ccc(C(=O)CN3C(=O)NC(C)(C3=O)c4ccc(OC(C)C)cc4)c(C)c2)C(O)(C(F)(F)F)C(F)(F)F,CHEMBL3813703,EC50,7.19
7854692,COC(=O)c1cc(c2ccc(s2)c3cccc(c3)S(=O)(=O)C)n(n1)c4ccccc4Cl,CHEMBL3360968,EC50,7.19
7854703,COc1cccc([C@H]2SC(=NN2C(=O)c3c(F)cc(F)cc3F)c4ccc(Cl)cc4)c1OC,CHEMBL427697,EC50,7.2
7854714,OC(=O)Cc1ccc2cc(CCN(CC(c3ccccc3)c4ccccc4)Cc5cccc(c5Cl)C(F)(F)F)oc2c1,CHEMBL584566,EC50,7.2
7854725,CS(=O)(=O)c1cc(Cl)cc(Oc2cccc(c2)c3c(cnc4c(cccc34)C(F)(F)F)C(=O)N)c1,CHEMBL602446,IC50,7.21
7854736,CC(C)CS(=O)(=O)c1cccc(Oc2cccc(c2)c3c(C)cnc4c(cccc34)C(F)(F)F)c1,CHEMBL595345,IC50,7.22
7854747,CCN(c1ccc(cc1)C(O)(C(F)(F)F)C(F)(F)F)C(C)(C(=O)N(C)C)c2ccccc2,CHEMBL214948,IC50,7.22
7854758,CS(=O)(=O)c1cccc(c1)c2ccc(cc2)n3cc(nc3c4ccccc4Cl)C(F)(F)F,CHEMBL3360970,EC50,7.22
7854769,OC(c1ccc(cc1)N(Cc2ccccc2)CC(F)(F)F)(C(F)(F)F)C(F)(F)F,CHEMBL214777,IC50,7.22
7854780,CCCS(=O)(=O)c1cccc(Oc2cccc(c2)c3c(cnc4c(cccc34)C(F)(F)F)C(=O)N)c1,CHEMBL606139,IC50,7.24
7854792,CCCc1cc(ccc1Oc2ccc(C(=O)CN3C(=O)NC(C)(C3=O)c4ccc(OC(C)C)cn4)c(O)c2)C(O)(C(F)(F)F)C(F)(F)F,CHEMBL3814799,EC50,7.24
7854803,Fc1ccc(cc1)c2c3cccc(c3nn2Cc4ccc(Cl)cc4)C(F)(F)F,CHEMBL458597,IC50,7.24
7854814,COC(=O)[C@](F)([C@H]1Cc2[nH]c3ccc(Cl)cc3c2C1)S(=O)(=O)c4cccc(OC)c4,CHEMBL517245,IC50,7.25
7854825,COc1ccc(Oc2cccc(c2)c3c(C)cnc4c(cccc34)C(F)(F)F)cc1S(=O)(=O)C,CHEMBL607090,IC50,7.25
7854836,OC(c1ccccc1)c2cnc3c(cccc3c2c4cccc(NCc5ccc(CC(=O)O)cc5)c4)C(F)(F)F,CHEMBL226462,IC50,7.25
7854847,CCCc1c(OCCCN(C)c2ncc(CC(=O)O)cn2)ccc3c(noc13)C(F)(F)F,CHEMBL210990,IC50,7.26
7854858,CC(C)[C@@H]1CN(CCN1c2nccc(n2)C(F)(F)F)c3ccc(F)c(c3)S(=O)(=O)C,CHEMBL3814153,EC50,7.28
7854869,CC(C)[C@@H]1CN(CCN1c2nccc(n2)C(F)(F)F)c3cccc(c3)S(=O)(=O)C,CHEMBL3815014,EC50,7.28
7854881,COC(=O)c1cccc(Oc2cccc(c2)c3c(Cc4ccccc4)cnc5c(cccc35)C(F)(F)F)c1,CHEMBL471608,IC50,7.28
7854892,Cc1nc2c(cccc2nc1c3ccc(cc3)c4cccc(c4)S(=O)(=O)C)C(F)(F)F,CHEMBL1093532,IC50,7.28
7854902,CC(C)[C@H]1N(CCn2c1nc3cc(CO)c(cc23)S(=O)(=O)C)c4ncc(C(=O)N)c(n4)C(F)(F)F,CHEMBL3673689,Ki,7.3
7854912,CCCCN(Cc1ccc(O)c(Cl)c1)c2ccc(cc2)C(O)(C(F)(F)F)C(F)(F)F,CHEMBL492440,IC50,7.3
7854923,CCN(C(COc1ccc(CCC(=O)OC)cc1)c2ccccc2)c3ccc(cc3Cl)C(O)(C(F)(F)F)C(F)(F)F,CHEMBL214687,IC50,7.3
7854934,CCN(Cc1cscn1)c2ccc(cc2)C(O)(C(F)(F)F)C(F)(F)F,CHEMBL386174,IC50,7.3
7854945,COC(=O)[C@](F)([C@H]1Cc2[nH]c3ccc(Cl)cc3c2C1)S(=O)(=O)c4ccccc4,CHEMBL459905,IC50,7.3
7854956,Cc1oc(nc1CN(CC(F)(F)F)c2ccc(cc2)C(O)(C(F)(F)F)C(F)(F)F)c3cccc(Cl)c3,CHEMBL386603,IC50,7.3
7854967,CS(=O)(=O)c1cccc(c1)c2ccc(cc2)c3cc(nn3c4ccccc4Cl)C(F)(F)F,CHEMBL3360966,EC50,7.31
7854978,Fc1ccc(Cn2nc3c(cccc3c2c4ccc(F)cc4)C(F)(F)F)cc1,CHEMBL515852,IC50,7.31
7854989,FC(F)(F)c1ccccc1Cn2nc3c(cccc3c2c4ccc(Cl)cc4)C(F)(F)F,CHEMBL486955,IC50,7.32
7855000,CC(C)S(=O)(=O)c1cccc(Oc2ccc(Cl)c(c2)n3cnc4c(cccc34)C(F)(F)F)c1,CHEMBL595248,IC50,7.35
7855011,CCCCN(Cc1cc(Cl)c(O)c(OC)c1)c2ccc(cc2)C(O)(C(F)(F)F)C(F)(F)F,CHEMBL524014,IC50,7.35
7855022,FC(F)(F)c1cccc2c(c3cccc(NCc4ccccc4)c3)c(cnc12)C(=O)c5ccccc5,CHEMBL226097,IC50,7.35
7855033,Cc1nc2c(Cl)cccc2n1c3cc(Oc4cc(F)cc(c4)S(=O)(=O)C)ccc3Cl,CHEMBL595455,IC50,7.36
7855044,C[C@H](CCN(CC(c1ccccc1)c2ccccc2)Cc3cccc(c3Cl)C(F)(F)F)Oc4cccc(CC(=O)O)c4,CHEMBL573651,EC50,7.39
7855055,FC(F)(F)c1cccc2c(c3ccccc3)n(Cc4ccccc4)nc12,CHEMBL464189,IC50,7.39
7855066,CCCCN(Cc1ccccc1)c2ccc(cc2)C(O)(C(F)(F)F)C(F)(F)F,CHEMBL494676,IC50,7.4
7855077,CCCCN(Cc1ccccc1O)c2ccc(cc2)C(O)(C(F)(F)F)C(F)(F)F,CHEMBL492637,IC50,7.4
7855088,CCCc1c(OCCCN(C)c2cnc(CC(=O)O)cn2)ccc3c(noc13)C(F)(F)F,CHEMBL378074,IC50,7.4
7855099,CCN(c1ccc(cc1)C(O)(C(F)(F)F)C(F)(F)F)C(CC)(C(=O)OC)c2ccccc2,CHEMBL263089,IC50,7.4
7855110,COc1ccc(NC2=C(C(=O)N(Cc3ccccc3)C2=O)c4ccccc4)cc1,CHEMBL189938,EC50,7.4
7855121,CS(=O)(=O)c1cccc(Oc2cccc(c2)c3ccnc4c(cccc34)C(F)(F)F)c1,CHEMBL593241,IC50,7.4
7855132,Cc1nc(c(Cl)n1c2ccc(cc2n3nncc3c4ccc(OC(F)(F)F)cc4)c5cc(F)c(CO)c(c5)S(=O)(=O)C)C(F)(F)F,CHEMBL3342785,EC50,7.4
7855143,FC(F)(F)c1cccc2c(c3ccc(Cl)cc3)n(Cc4ccccc4Cl)nc12,CHEMBL488174,IC50,7.4
7855154,Fc1cc(Cl)ccc1Cn2nc3c(cccc3c2c4ccc(Cl)cc4)C(F)(F)F,CHEMBL488173,IC50,7.42
7855165,Fc1ccccc1Cn2nc3c(cccc3c2c4ccc(Cl)cc4)C(F)(F)F,CHEMBL520883,IC50,7.42
7855176,CC(C)S(=O)(=O)c1cccc(Oc2ccc(Cl)c(c2)n3c(C)nc4c(Cl)cccc34)c1,CHEMBL595454,IC50,7.44
7855187,CCS(=O)(=O)c1cccc(Oc2ccc(Cl)c(c2)n3cnc4c(cccc34)C(F)(F)F)c1,CHEMBL594367,IC50,7.46
7855198,OC(=O)c1cccc2c(NCc3cccc(c3)c4c(Cc5ccccc5)cnc6c(cccc46)C(F)(F)F)cccc12,CHEMBL253312,IC50,7.46
7855209,CS(=O)(=O)c1cccc(Oc2ccc(Cl)c(c2)n3cnc4c(cccc34)C(F)(F)F)c1,CHEMBL594288,IC50,7.47
7855220,Cc1nc2c(Cl)cccc2nc1c3ccc(cc3)c4cccc(c4)S(=O)(=O)C,CHEMBL1093499,IC50,7.47
7855231,OC(=O)Cc1ccc(CNc2cccc(c2)c3c(cnc4c(cccc34)C(F)(F)F)C#N)cc1,CHEMBL387653,IC50,7.47
7855242,CCS(=O)(=O)c1cccc(c1)c2cccc(c2)c3ccnc4c(cccc34)C(F)(F)F,CHEMBL1098831,IC50,7.48
7855253,Fc1ccc(cc1)c2c3cccc(c3nn2Cc4ccccc4F)C(F)(F)F,CHEMBL457977,IC50,7.48
7855264,Cc1cc(C)c(c(C)c1)S(=O)(=O)N(Cc2oc(cc2)C(F)(F)F)Cc3ccc(cc3)c4cccc(c4)S(=O)(=O)C,CHEMBL1093266,IC50,7.5
7855319,Fc1ccc(cc1)c2c3cccc(c3nn2Cc4ccccc4Cl)C(F)(F)F,CHEMBL514428,IC50,7.5
7855330,COC(=O)[C@](F)([C@@H]1CCc2c(C1)[nH]c3ccc(Cl)cc23)S(=O)(=O)c4cccc(Cl)c4,CHEMBL511891,IC50,7.51
7855341,Cc1cnc2c(cccc2c1c3cccc(Oc4ccc(CO)cc4)c3)C(F)(F)F,CHEMBL595125,IC50,7.51
7855352,CC(C)[C@@](O)(C(=O)N1CCC(CC1)C2CCN(CC2)c3ccc(C(=O)N(C)C)c(Cl)c3)C(F)(F)F,CHEMBL3809850,EC50,7.52
7855363,CCCCN(Cc1cc(Cl)c(O)c(Cl)c1)c2ccc(cc2)C(O)(C(F)(F)F)C(F)(F)F,CHEMBL493241,IC50,7.52
7855374,CCCCN(Cc1cc(Cl)c(OC)c(Cl)c1)c2ccc(cc2)C(O)(C(F)(F)F)C(F)(F)F,CHEMBL492421,IC50,7.52
7855385,CCCCN(Cc1cc(Cl)cc(Cl)c1)c2ccc(cc2)C(O)(C(F)(F)F)C(F)(F)F,CHEMBL493242,IC50,7.52
7855396,CCCCN(Cc1cccc(O)c1)c2ccc(cc2)C(O)(C(F)(F)F)C(F)(F)F,CHEMBL492844,IC50,7.52
7855407,CCCCN(Cc1ccccn1)c2ccc(cc2)C(O)(C(F)(F)F)C(F)(F)F,CHEMBL494674,IC50,7.52
7855418,CCN(C(COc1ccc(CC(=O)OC)cc1)c2ccccc2)c3ccc(cc3Cl)C(O)(C(F)(F)F)C(F)(F)F,CHEMBL215959,IC50,7.52
7855429,CCN(Cc1ccccc1)c2ccc(cc2)C(O)(C(F)(F)F)C(F)(F)F,CHEMBL383959,IC50,7.52
7855440,CCN(c1ccc(cc1Cl)C(O)(C(F)(F)F)C(F)(F)F)C(CC)(C(=O)OC)c2ccccc2,CHEMBL215167,IC50,7.52
7855451,COC(=O)C1(CCCCN1c2ccc(cc2)C(O)(C(F)(F)F)C(F)(F)F)c3ccccc3,CHEMBL383945,IC50,7.52
7855462,COC(=O)C1(CCCN1c2ccc(cc2)C(O)(C(F)(F)F)C(F)(F)F)c3ccccc3,CHEMBL384298,IC50,7.52
7855473,COC(=O)[C@](F)([C@H]1Cc2[nH]c3ccc(Cl)cc3c2C1)S(=O)(=O)c4cccc(Br)c4,CHEMBL455206,IC50,7.52
7855484,CS(=O)(=O)c1cc(ccc1CO)c2ccc(CN(Cc3ccccc3)S(=O)(=O)c4ccccc4C(F)(F)F)s2,CHEMBL3814006,EC50,7.52
7855495,Fc1ccc(Cn2nc3c(cccc3c2c4ccc(Cl)cc4)C(F)(F)F)c(Cl)c1,CHEMBL521398,IC50,7.52
7855506,C[C@@]1(CCC[C@@]2(C)[C@H]1CCc3ccc(O)cc23)C(=O)Oc4ccc5CC[C@H]6C(C)(CCC[C@]6(C)c5c4)C(=O)O,CHEMBL364012,IC50,7.54
3243322,CCCc1c(OCCCSc2ccc(CC(=O)O)cc2Cl)ccc3c(noc13)C(F)(F)F,CHEMBL23296,IC50,7.55
7855519,Cc1cccc2c(c3cccc(Oc4cccc(c4)S(=O)(=O)C)c3)c(cnc12)C(=O)N,CHEMBL604259,IC50,7.55
7855530,Cc1cnc2c(cccc2c1c3cccc(Oc4cc(Cl)cc(c4)S(=O)(=O)C)c3)C(F)(F)F,CHEMBL594176,IC50,7.55
7855541,Oc1ccc(Oc2cccc(c2)c3c(Cc4ccccc4)cnc5c(cccc35)C(F)(F)F)cc1,CHEMBL592985,IC50,7.55
7855551,CC(C)[C@H]1N(CCn2c1cc3ccc(cc23)S(=O)(=O)C)c4nccc(n4)C(F)(F)F,CHEMBL3672846,Ki,7.57
7855561,Cc1noc(n1)[C@](F)([C@H]2Cc3[nH]c4ccc(Cl)cc4c3C2)S(=O)(=O)c5ccccc5,CHEMBL462447,IC50,7.57
7855572,CC(C)c1nc2c(Cl)cccc2n1c3cccc(Oc4cccc(c4)S(=O)(=O)C)c3,CHEMBL594063,IC50,7.59
7855583,CCCc1c(OCCCN(C)c2ccc(CC(=O)O)c(C)c2)ccc3c(noc13)C(F)(F)F,CHEMBL427040,IC50,7.59
7855594,COC(=O)[C@](F)([C@H]1Cc2[nH]c3ccc(Cl)cc3c2C1)S(=O)(=O)c4cccc(F)c4,CHEMBL455205,IC50,7.59
7855605,OC(=O)C(CC#C)(CC#C)c1ccc(COc2cccc(c2)c3ccc(c4ncc(cc34)C(=O)c5ccccc5)C(F)(F)F)cc1,CHEMBL254542,IC50,7.59
7855616,CCCCN(Cc1cc(Cl)c(OC)c(OC)c1)c2ccc(cc2)C(O)(C(F)(F)F)C(F)(F)F,CHEMBL493033,IC50,7.6
7855627,CCCCN(Cc1ccncc1)c2ccc(cc2)C(O)(C(F)(F)F)C(F)(F)F,CHEMBL494073,IC50,7.6
7855638,CCCNC(=O)c1cccc(Oc2cccc(c2)c3c(C)cnc4c(Cl)cccc34)c1,CHEMBL518033,IC50,7.6
7855649,CCCc1c(OCCCN(C)c2ccc(CC(=O)O)cc2)ccc3c(noc13)C(F)(F)F,CHEMBL207019,IC50,7.6
7855660,C[C@H](CCOc1cccc(CC(=O)O)c1)N(CC(c2ccccc2)c3ccccc3)Cc4cccc(c4Cl)C(F)(F)F,CHEMBL573677,EC50,7.6
7855671,Fc1ccc(cc1)c2c3cccc(c3nn2Cc4ccc(F)cc4Cl)C(F)(F)F,CHEMBL456237,IC50,7.62
7855681,CCCC(O)c1cnc(nc1C(F)(F)F)N2CCn3c(nc4cc(CO)c(cc34)S(=O)(=O)C)[C@H]2C(C)C,CHEMBL3673683,Ki,7.64
7855691,CCCS(=O)(=O)c1cccc(Oc2cccc(c2)c3c(C)cnc4c(cccc34)C(F)(F)F)c1,CHEMBL595580,IC50,7.64
7855702,CCc1nc2c(cccc2n1c3cccc(Oc4cccc(c4)S(=O)(=O)C)c3)C(F)(F)F,CHEMBL595936,IC50,7.66
7855713,CC(C)[C@@H]1CN(CCN1c2ncc(CO)c(n2)C(F)(F)F)c3ccc(CO)c(c3)S(=O)(=O)C,CHEMBL3814206,EC50,7.68
7855724,CC(C)[C@@H]1CN(CCN1c2ncc(Cl)c(n2)C(F)(F)F)c3ccc(F)c(c3)S(=O)(=O)C,CHEMBL3814501,EC50,7.68
7855734,CC(C)[C@H]1N(CCn2c1nc3ccc(cc23)S(=O)(=O)C)c4ncc(c(n4)C(F)(F)F)C(C)(C)O,CHEMBL3673702,Ki,7.68
7855744,COC(=O)[C@](F)([C@@H]1CCc2c(C1)[nH]c3ccc(Cl)cc23)S(=O)(=O)c4cccc(F)c4,CHEMBL459472,IC50,7.68
7855754,CC(C)[C@H]1N(CCn2c1nc3cc(CO)c(cc23)S(=O)(=O)C)c4nccc(n4)C(F)(F)F,CHEMBL3672844,Ki,7.7
7855763,CC(C)[C@H]1N(CCn2c1nc3ccc(cc23)S(=O)(=O)C)c4ncc(C(C)O)c(n4)C(F)(F)F,CHEMBL3673704,Ki,7.7
7855773,CCN(C(COc1ccc(CC(=O)O)cc1)c2ccccc2)c3ccc(cc3Cl)C(O)(C(F)(F)F)C(F)(F)F,CHEMBL214546,IC50,7.7
7855784,CCN(C(COc1ccc(cc1)C(=O)O)c2ccccc2)c3ccc(cc3Cl)C(O)(C(F)(F)F)C(F)(F)F,CHEMBL386260,IC50,7.7
7855795,CCN(C(COc1ccc(cc1)C(=O)OC)c2ccccc2)c3ccc(cc3Cl)C(O)(C(F)(F)F)C(F)(F)F,CHEMBL215130,IC50,7.7
7855806,CCNC(=O)c1cccc(Oc2cccc(c2)c3c(C)cnc4c(Cl)cccc34)c1,CHEMBL461891,IC50,7.7
7855817,CN(c1ccc(cc1)C(O)(C(F)(F)F)C(F)(F)F)S(=O)(=O)c2ccccc2,CHEMBL203682,IC50,7.7
7855828,CS(=O)(=O)c1cccc(c1)c2ccc(CN(Cc3c(F)cccc3Cl)S(=O)(=O)C4CC4)cc2,CHEMBL1093840,EC50,7.7
7855839,C[C@@]1(CCC[C@@]2(C)[C@H]1CCc3ccc(O)cc23)C(=O)NCC4(CCCCC4)c5ccccc5,CHEMBL372612,IC50,7.7
7855850,Cc1oc(nc1CN(CC(F)(F)F)c2ccc(cc2)C(O)(C(F)(F)F)C(F)(F)F)c3cccc(c3)C(F)(F)F,CHEMBL215042,IC50,7.7
7855861,Fc1ccc(CN2C(=O)C(=C(C=C2c3ccc(Oc4ccccc4)cc3)C(F)(F)F)C#N)c(F)c1,CHEMBL3360961,EC50,7.7
7855872,COCCCS(=O)(=O)c1cccc(Oc2cccc(c2)c3c(C)cnc4c(cccc34)C(F)(F)F)c1,CHEMBL595804,IC50,7.72
7855883,CCCc1c(OCCCN(C)c2ccc(CC(=O)O)c(c2)C(F)(F)F)ccc3c(noc13)C(F)(F)F,CHEMBL382789,IC50,7.75
7855894,CCc1nc2c(cccc2nc1c3ccc(cc3)c4cccc(c4)S(=O)(=O)C)C(F)(F)F,CHEMBL1089232,IC50,7.75
7855905,CS(=O)(=O)c1cc(F)cc(Oc2cccc(c2)c3c(cnc4c(cccc34)C(F)(F)F)C(=O)N)c1,CHEMBL590828,IC50,7.75
7855916,CS(=O)(=O)c1cccc(Oc2cccc(c2)c3c(cnc4c(cccc34)C(F)(F)F)C(=O)N)c1,CHEMBL591582,IC50,7.75
7855926,CC(C)[C@H]1N(CCn2c1nc3cc(CO)c(cc23)S(=O)(=O)C)c4ncc(CO)c(n4)C(F)(F)F,CHEMBL3673685,Ki,7.77
7855935,CCC(=O)c1cnc(nc1C(F)(F)F)N2CCn3c(nc4cc(CO)c(cc34)S(=O)(=O)C)[C@H]2C(C)C,CHEMBL3673679,Ki,7.77
7855945,OC(=O)Cc1ccc(CNc2cccc(c2)c3c(cnc4c(F)cccc34)C(=O)c5ccccc5)cc1,CHEMBL225878,IC50,7.77
7855956,CC(C)c1nc2c(cccc2n1c3cccc(Oc4cccc(c4)S(=O)(=O)C)c3)C(F)(F)F,CHEMBL603636,IC50,7.8
7855967,CC(C)c1oc(c2ccc(OC(F)(F)F)cc2)c(n1)c3cc(ccc3n4cc(nc4C)C(F)(F)F)c5cc(F)c(CO)c(c5)S(=O)(=O)C,CHEMBL3342788,EC50,7.8
7855978,CCCc1c(OCCCn2ccc3cc(CC(=O)O)ccc23)ccc4c(noc14)C(F)(F)F,CHEMBL383728,IC50,7.8
7855989,CS(=O)(=O)c1cccc(Oc2cccc(c2)c3c(cnc4c(Cl)cccc34)C(=O)N)c1,CHEMBL593267,IC50,7.8
7856000,Cc1cc(C)c(c(C)c1)S(=O)(=O)N(Cc2ccc(cc2)c3cccc(c3)S(=O)(=O)C)Cc4c(F)cccc4Cl,CHEMBL1093523,EC50,7.8
7856011,CC(C(=O)O)c1cccc(OCCCN(CC(c2ccccc2)c3ccccc3)Cc4cccc(c4Cl)C(F)(F)F)c1,CHEMBL573603,EC50,7.82
7856022,CC(C)(C(=O)O)c1cccc(OCCCN(CC(c2ccccc2)c3ccccc3)Cc4cccc(c4Cl)C(F)(F)F)c1,CHEMBL573679,EC50,7.82
7856033,CCCCN(Cc1cccc(CCO)c1)c2ccc(cc2)C(O)(C(F)(F)F)C(F)(F)F,CHEMBL494471,IC50,7.82
7856044,OC(=O)Cc1cccc2c(NCc3cccc(c3)c4ccnc5c(cccc45)C(F)(F)F)cccc12,CHEMBL253731,IC50,7.82
7856054,CC(C)[C@H]1N(CCn2c1nc3cc(CO)c(cc23)S(=O)(=O)C)c4ncc(C(=O)C)c(n4)C(F)(F)F,CHEMBL3673673,Ki,7.85
7856063,CC(C)[C@H]1N(CCn2c1nc3cc(CO)c(cc23)S(=O)(=O)C)c4ncc(c(n4)C(F)(F)F)C(C)(C)O,CHEMBL3673675,Ki,7.85
7856073,CS(=O)(=O)c1cccc(c1)c2ccc(s2)c3cc(nn3Cc4ccc(F)cc4F)C(F)(F)F,CHEMBL3360963,EC50,7.85
7856084,Cc1nc2c(Cl)cccc2n1c3cc(Oc4cccc(c4)S(=O)(=O)C)ccc3Cl,CHEMBL606143,IC50,7.85
7856095,OCc1cccc(Oc2cccc(c2)c3c(cnc4c(cccc34)C(F)(F)F)c5ccccc5)c1,CHEMBL603743,IC50,7.85
7856105,CC(C)[C@H]1N(CCn2c1nc3cc(CO)c(cc23)S(=O)(=O)C)c4ncc(C(C)O)c(n4)C(F)(F)F,CHEMBL3673678,Ki,7.89
7856115,CCCc1c(OCCCN2C(=O)Cc3cc(CC(=O)O)ccc23)ccc4c(noc14)C(F)(F)F,CHEMBL207690,IC50,7.89
7856126,CN(C)c1noc(n1)[C@](F)([C@H]2Cc3[nH]c4ccc(Cl)cc4c3C2)S(=O)(=O)c5ccccc5,CHEMBL453616,IC50,7.89
7856137,OCc1ccc(CNc2cccc(c2)c3c(cnc4c(cccc34)C(F)(F)F)C(=O)c5ccccc5)cc1,CHEMBL226098,IC50,7.89
7856148,Cc1ccccc1S(=O)(=O)N(Cc2ccc(cc2)c3cccc(c3)S(=O)(=O)C)Cc4c(F)cccc4Cl,CHEMBL1091976,IC50,7.9
7856158,CC(C)[C@H]1N(CCn2c1nc3ccc(cc23)S(=O)(=O)C)c4ncc(C(=O)C)c(n4)C(F)(F)F,CHEMBL3673700,Ki,7.92
7856168,CC1(COC(=O)[C@@]2(C)CCC[C@@]3(C)[C@H]2CCc4ccc(O)cc34)CCC[C@@]5(C)[C@H]1CCc6ccc(O)cc56,CHEMBL195184,IC50,7.92
7856179,CCN(CC)C(=O)c1cccc(Oc2cccc(c2)c3c(C)cnc4c(Cl)cccc34)c1,CHEMBL459563,IC50,7.92
7856190,CCS(=O)(=O)c1cccc(Oc2ccc(Cl)c(c2)n3c(C)nc4c(Cl)cccc34)c1,CHEMBL595249,IC50,7.92
7856201,Cc1cnc2c(Cl)cccc2c1c3cccc(Oc4cccc(CO)c4)c3,CHEMBL596047,IC50,7.92
7856213,Cc1cnc2c(cccc2c1c3cccc(Oc4cccc(CO)c4)c3)C(F)(F)F,CHEMBL595118,IC50,7.92
7856224,OC(=O)COc1ccc(CNc2cccc(c2)c3c(cnc4c(cccc34)C(F)(F)F)C(=O)c5ccccc5)cc1,CHEMBL225994,IC50,7.92
7856235,OCc1cccc(Oc2cccc(c2)c3c(Cc4ccccc4)cnc5c(cccc35)C(F)(F)F)c1,CHEMBL604479,IC50,7.93
7856246,CCS(=O)(=O)c1cccc(Oc2cccc(c2)c3c(cnc4c(cccc34)C(F)(F)F)C(=O)N)c1,CHEMBL589613,IC50,7.96
7856257,C[C@H](CCOc1cccc(c1)C(C)(C)C(=O)O)N(CC(c2ccccc2)c3ccccc3)Cc4cccc(c4Cl)C(F)(F)F,CHEMBL584568,EC50,7.96
7856268,OC(=O)Cc1cccc2c(OCc3cccc(c3)c4c(Cc5ccccc5)cnc6c(cccc46)C(F)(F)F)cccc12,CHEMBL404265,IC50,7.96
7856280,CC(=O)Oc1ccc2CC[C@H]3[C@](C)(CCC[C@]3(C)c2c1)C(=O)OC(=O)C4(C)CCC[C@@]5(C)[C@H]4CCc6ccc(OC(=O)C)cc56,CHEMBL191965,EC50,8.0
7856291,CC(C)NC(=O)c1cccc(Oc2cccc(c2)c3c(Cc4ccccc4)cnc5c(cccc35)C(F)(F)F)c1,CHEMBL457037,IC50,8.0
7856301,CC(C)[C@H]1N(CCn2c1nc3cc(CO)c(cc23)S(=O)(=O)C)c4ncc(C)c(n4)C(F)(F)F,CHEMBL3673699,Ki,8.0
7856311,CCC#CCC(C(=O)O)c1ccc(COc2cccc(c2)c3ccc(c4ncc(cc34)C(=O)c5ccccc5)C(F)(F)F)cc1,CHEMBL254541,IC50,8.0
7856322,CCCc1c(OCCCN(C)c2ccc(CC(=O)O)c(Cl)c2)ccc3c(noc13)C(F)(F)F,CHEMBL208967,IC50,8.0
5589752,CCN(c1ccc(cc1)C(O)(C(F)(F)F)C(F)(F)F)S(=O)(=O)c2ccccc2,CHEMBL2326845,EC50,8.0
7856334,COC(=O)c1cnc(nc1C(F)(F)F)N2CCn3c(nc4cc(CO)c(cc34)S(=O)(=O)C)[C@H]2C(C)C,CHEMBL3673710,Ki,8.0
7856344,Cc1ccc(Cn2nc3c(cccc3c2c4ccc(F)cc4)C(F)(F)F)c(C)c1,CHEMBL517015,IC50,8.0
7856355,Cc1cnc2c(cccc2c1c3cccc(CNc4cccc5c(CC(=O)O)cccc45)c3)C(F)(F)F,CHEMBL442437,IC50,8.0
7856366,OCc1ccc(Oc2cccc(c2)c3c(cnc4c(cccc34)C(F)(F)F)c5ccccc5)cc1,CHEMBL593960,IC50,8.0
7856378,CNC(=O)c1cccc(Oc2cccc(c2)c3c(C)cnc4c(Cl)cccc34)c1,CHEMBL461890,IC50,8.05
7856389,CS(=O)(=O)c1cccc(Oc2cccc(c2)c3c(CN4CCSC4)nc5c(cccn35)C(F)(F)F)c1,CHEMBL612007,IC50,8.05
7856400,CCCNC(=O)c1cccc(Oc2cccc(c2)c3c(Cc4ccccc4)cnc5c(cccc35)C(F)(F)F)c1,CHEMBL480298,IC50,8.07
7856411,OC(C(=O)O)c1ccc(CNc2cccc(c2)c3c(cnc4c(cccc34)C(F)(F)F)C(=O)c5ccccc5)cc1,CHEMBL226047,IC50,8.07
7856422,OCc1ccc(Oc2cccc(c2)c3c(cnc4c(Cl)cccc34)c5ccccc5)cc1,CHEMBL596262,IC50,8.08
7856433,CC(C)S(=O)(=O)c1cccc(Oc2cccc(c2)c3c(C)cnc4c(cccc34)C(F)(F)F)c1,CHEMBL595113,IC50,8.1
7856444,CCN(c1ccc(cc1)C(O)(C(F)(F)F)C(F)(F)F)C(C)(C(=O)OC)c2ccccc2,CHEMBL215904,IC50,8.1
7856455,CN(C)C(=O)c1ccc(cc1Cl)c2cnc(N3CCN(CC3)C(=O)[C@](O)(c4ccccc4)C(F)(F)F)c(c2)C#N,CHEMBL3809494,EC50,8.1
7856465,COc1nc(ncc1C(F)(F)F)N2CCn3c(nc4cc(CO)c(cc34)S(=O)(=O)C)[C@H]2C(C)C,CHEMBL3673695,Ki,8.1
7856475,OC(=O)C(F)(F)c1ccc(CNc2cccc(c2)c3c(cnc4c(cccc34)C(F)(F)F)C(=O)c5ccccc5)cc1,CHEMBL376568,IC50,8.11
7856485,CC(C)C1N(CCn2c1nc3cc(CO)c(cc23)S(=O)(=O)C)c4ncc(C(=O)C)c(n4)C(F)(F)F,CHEMBL3673708,Ki,8.16
7856494,CCC(O)c1cnc(nc1C(F)(F)F)N2CCn3c(nc4cc(CO)c(cc34)S(=O)(=O)C)[C@H]2C(C)C,CHEMBL3673682,Ki,8.16
7856504,CCN(C(COc1ccc(CCC(=O)O)cc1)c2ccccc2)c3ccc(cc3Cl)C(O)(C(F)(F)F)C(F)(F)F,CHEMBL269442,IC50,8.16
7856515,CCN(Cc1nc(oc1C)c2cccc(c2)C(F)(F)F)c3ccc(cc3Cl)C(O)(C(F)(F)F)C(F)(F)F,CHEMBL383944,IC50,8.16
7856526,Cc1cnc2c(Cl)cccc2c1c3cccc(Oc4cccc(c4)C(=O)N5CCOCC5)c3,CHEMBL460198,IC50,8.16
7856538,OC(=O)Cc1ccc(NCc2cccc(c2)c3c(Cc4ccccc4)cnc5c(cccc35)C(F)(F)F)cc1,CHEMBL216645,IC50,8.16
7856549,Cc1cnc2c(cccc2c1c3cccc(Oc4cc(F)cc(c4)S(=O)(=O)C)c3)C(F)(F)F,CHEMBL594175,IC50,8.18
7856559,CC(C)[C@H]1N(CCn2c1nc3ccc(cc23)S(=O)(=O)C)c4ncc(CO)c(n4)C(F)(F)F,CHEMBL3673706,Ki,8.22
7856569,CCCc1c(OCCCn2ccc3cc(CCC(=O)O)ccc23)ccc4c(noc14)C(F)(F)F,CHEMBL207907,IC50,8.22
7856579,CCOC(=O)c1cnc(nc1C(F)(F)F)N2CCn3c(nc4cc(CO)c(cc34)S(=O)(=O)C)[C@H]2C(C)C,CHEMBL3673684,Ki,8.22
7856589,CCS(=O)(=O)c1cccc(Oc2cccc(c2)c3c(C)cnc4c(cccc34)C(F)(F)F)c1,CHEMBL593473,IC50,8.22
7856600,Cc1cnc2c(Cl)cccc2c1c3cccc(Oc4cccc(c4)C(=O)N5CCCCC5)c3,CHEMBL460197,IC50,8.22
7856611,OC(=O)Cc1cccc(CNc2cccc(c2)c3c(cnc4c(cccc34)C(F)(F)F)C(=O)c5ccccc5)c1,CHEMBL225937,IC50,8.22
7856622,CS(=O)(=O)c1cccc(Oc2cccc(c2)c3c(Cc4ccccc4)nc5c(cccn35)C(F)(F)F)c1,CHEMBL611735,IC50,8.23
7856633,Cc1cccc2c(c3cccc(NCc4ccc(CC(=O)O)cc4)c3)c(cnc12)C(=O)c5ccccc5,CHEMBL387484,IC50,8.26
7856644,OCCc1ccc(CNc2cccc(c2)c3c(cnc4c(cccc34)C(F)(F)F)C(=O)c5ccccc5)cc1,CHEMBL226096,IC50,8.27
7856655,CCS(=O)(=O)c1cccc(c1)c2cccc(c2)c3c(C)cnc4c(cccc34)C(F)(F)F,CHEMBL1098832,IC50,8.28
7856666,CS(=O)(=O)c1cccc(Oc2cccc(c2)n3c(nc4c(cccc34)C(F)(F)F)C(F)(F)F)c1,CHEMBL605730,IC50,8.29
7856677,CC(C)S(=O)(=O)c1cccc(Oc2cccc(c2)c3c(cnc4c(cccc34)C(F)(F)F)C(=O)N)c1,CHEMBL593739,IC50,8.3
7856688,CCN(Cc1nc(oc1C)c2cccc(Cl)c2)c3ccc(cc3)C(O)(C(F)(F)F)C(F)(F)F,CHEMBL215789,IC50,8.3
7856698,CCOC(=O)c1cnc(nc1C(F)(F)F)N2CCn3c(nc4cc(CO)c(cc34)S(=O)(=O)C)C2C(C)C,CHEMBL3673709,Ki,8.3
7856708,CS(=O)(=O)c1cccc(c1)c2ccc(CN(Cc3c(F)cccc3Cl)S(=O)(=O)c4ccccc4)cc2,CHEMBL1093554,IC50,8.3
7856719,Cc1cccc2c(c(Cc3ccccc3)cnc12)c4cccc(NCc5ccc(CC(=O)O)cc5)c4,CHEMBL225828,IC50,8.3
7856730,OC(=O)C(CC=C)c1ccc(COc2cccc(c2)c3ccc(c4ncc(cc34)C(=O)c5ccccc5)C(F)(F)F)cc1,CHEMBL403958,IC50,8.3
7856741,OC(=O)Cc1ccc(COc2cccc(c2)c3c(cnc4c(cccc34)C(F)(F)F)C(=O)c5ccccc5)cc1,CHEMBL386772,IC50,8.3
7856752,OC(=O)Cc1ccc(COc2cccc(c2)c3ccc(c4ncc(cc34)C(=O)c5ccccc5)C(F)(F)F)cc1,CHEMBL254333,IC50,8.3
7856763,OC(=O)Cc1cccc2c(NCc3cccc(c3)c4c(Cc5ccccc5)cnc6c(cccc46)C(F)(F)F)cccc12,CHEMBL253311,IC50,8.3
7856774,CS(=O)(=O)c1cc(c(F)cc1F)c2cccc(c2)c3ccnc4c(cccc34)C(F)(F)F,CHEMBL1097140,IC50,8.31
7856785,CS(=O)(=O)c1cccc(Oc2cccc(c2)n3c(nc4c(cccc34)C(F)(F)F)c5ccccc5)c1,CHEMBL595224,IC50,8.33
7856796,Cc1cnc2c(cccc2c1c3cccc(Oc4cccc(c4)S(=O)(=O)CCCO)c3)C(F)(F)F,CHEMBL593472,IC50,8.33
7856807,CS(=O)(=O)c1cccc(c1)c2cccc(c2)c3ccnc4c(cccc34)C(F)(F)F,CHEMBL1095714,IC50,8.36
7856818,Cc1cnc2c(cccc2c1c3cccc(NCc4ccc(CC(=O)O)cc4)c3)C(F)(F)F,CHEMBL389859,IC50,8.37
7856829,CC(C)S(=O)(=O)c1cccc(Oc2cccc(c2)c3ccnc4c(cccc34)C(F)(F)F)c1,CHEMBL595344,IC50,8.4
7856839,CC(C)[C@H]1N(CCn2c1cc3cc(CO)c(cc23)S(=O)(=O)C)c4nccc(n4)C(F)(F)F,CHEMBL3672848,Ki,8.4
7856849,CCN(Cc1nc(oc1C)c2cccc(Cl)c2)c3ccc(cc3Cl)C(O)(C(F)(F)F)C(F)(F)F,CHEMBL215108,IC50,8.4
7856860,CS(=O)(=O)c1cccc(c1)c2ccc(CN(Cc3ccc(F)cc3Cl)S(=O)(=O)c4ccccc4)cc2,CHEMBL1091034,IC50,8.4
7856871,Cc1c(C)c(NCc2cccc(c2)c3c(Cc4ccccc4)cnc5c(cccc35)C(F)(F)F)ccc1CC(=O)O,CHEMBL253521,IC50,8.4
7856882,Cc1cc(OCc2cccc(c2)c3c(Cc4ccccc4)cnc5c(cccc35)C(F)(F)F)c(C)cc1CC(=O)O,CHEMBL404468,IC50,8.4
7856893,CC(C)(C(=O)O)c1ccc(CNc2cccc(c2)c3c(cnc4c(cccc34)C(F)(F)F)C(=O)c5ccccc5)cc1,CHEMBL225884,IC50,8.42
7856904,CCCc1cnc2c(cccc2c1c3cccc(c3)c4cccc(c4)S(=O)(=O)C)C(F)(F)F,CHEMBL1096719,IC50,8.42
7856915,OC(=O)Cc1ccc(CNc2cccc(c2)c3c(cnc4c(cccc34)C(F)(F)F)c5ccccc5)cc1,CHEMBL226461,IC50,8.43
7856926,Cc1cnc2c(Cl)cccc2c1c3cccc(Oc4cccc(c4)S(=O)(=O)C)c3,CHEMBL595782,IC50,8.47
7856937,CC(C)(O)c1cccc(Oc2cccc(c2)c3c(Cc4ccccc4)cnc5c(cccc35)C(F)(F)F)c1,CHEMBL595124,IC50,8.48
7856948,CS(=O)(=O)c1cccc(Oc2cccc(c2)c3c(Cc4ccccc4)cnc5c(Cl)cccc35)c1,CHEMBL606539,IC50,8.48
7856959,Cc1cnc2c(cccc2c1c3cccc(c3)c4cc(c(F)cc4F)S(=O)(=O)C)C(F)(F)F,CHEMBL1097159,IC50,8.48
7856970,CC(C)Cc1nc2c(cccc2n1c3cccc(Oc4cccc(c4)S(=O)(=O)C)c3)C(F)(F)F,CHEMBL595012,IC50,8.5
7856981,Cc1ccc(cc1S(=O)(=O)C)c2cccc(c2)c3c(C)cnc4c(cccc34)C(F)(F)F,CHEMBL1098850,IC50,8.5
7856992,CCN(CCc1ccccc1)c2ccc(cc2Cl)C(O)(C(F)(F)F)C(F)(F)F,CHEMBL386530,IC50,8.52
7857003,CCN(Cc1ccccc1)c2ccc(cc2Cl)C(O)(C(F)(F)F)C(F)(F)F,CHEMBL215663,IC50,8.52
7857014,CCN(Cc1nc(oc1C)c2cccc(c2)C(F)(F)F)c3ccc(cc3)C(O)(C(F)(F)F)C(F)(F)F,CHEMBL214867,IC50,8.52
7857025,Cc1cc(CC(=O)O)c(C)cc1COc2cccc(c2)c3c(Cc4ccccc4)cnc5c(cccc35)C(F)(F)F,CHEMBL254945,IC50,8.52
7857036,Cc1cnc2c(Cl)cccc2c1c3cccc(Oc4cccc(c4)C(=O)N5CCCC5)c3,CHEMBL516464,IC50,8.52
7857047,OC(c1ccc(N(Cc2ccccc2)CC(F)(F)F)c(Cl)c1)(C(F)(F)F)C(F)(F)F,CHEMBL384246,IC50,8.52
7857058,FC(F)(F)c1cccc2c(c(Cc3ccccc3)cnc12)c4cccc(Oc5cccc(c5)C(=O)N6CCCCC6)c4,CHEMBL454596,IC50,8.54
7857069,CCN(CC)C(=O)c1cccc(Oc2cccc(c2)c3c(Cc4ccccc4)cnc5c(cccc35)C(F)(F)F)c1,CHEMBL505445,IC50,8.55
7857080,OC(=O)Cc1ccc(CNc2cccc(c2)c3c(cnc4c(Cl)cccc34)C(=O)c5ccccc5)cc1,CHEMBL225935,IC50,8.57
7857091,CC(C(=O)O)c1ccc(CNc2cccc(c2)c3c(cnc4c(cccc34)C(F)(F)F)C(=O)c5ccccc5)cc1,CHEMBL374804,IC50,8.59
7857102,CS(=O)(=O)c1cc(ccc1F)c2cccc(c2)c3ccnc4c(cccc34)C(F)(F)F,CHEMBL1097160,IC50,8.59
7857113,CS(=O)(=O)c1cccc(Oc2cccc(c2)n3c(Cc4ccc(F)cc4)nc5c(cccc35)C(F)(F)F)c1,CHEMBL594062,IC50,8.59
7857124,Cc1cnc2c(Cl)cccc2c1c3cccc(Oc4cccc(c4)C(C)(C)O)c3,CHEMBL606157,IC50,8.6
7857135,Cc1cnc2c(cccc2c1c3cccc(Oc4cccc(c4)S(=O)(=O)C)c3)C(F)(F)F,CHEMBL595689,IC50,8.62
7857146,OC(=O)Cc1ccc(CNc2cccc(c2)c3c(cnc4c(cccc34)C(F)(F)F)C(=O)c5ccccc5)cc1,CHEMBL226408,IC50,8.62
7857157,CS(=O)(=O)c1cccc(Oc2cccc(c2)c3c(cnc4c(cccc34)C(F)(F)F)C#N)c1,CHEMBL600244,IC50,8.66
7857168,CC#CCC(C(=O)O)c1ccc(COc2cccc(c2)c3ccc(c4ncc(cc34)C(=O)c5ccccc5)C(F)(F)F)cc1,CHEMBL254539,IC50,8.7
7857179,CCN(Cc1cscn1)c2ccc(cc2Cl)C(O)(C(F)(F)F)C(F)(F)F,CHEMBL215036,IC50,8.7
7857190,CCOC(=O)c1cnc2c(cccc2c1c3cccc(Oc4cccc(c4)S(=O)(=O)C)c3)C(F)(F)F,CHEMBL590098,IC50,8.7
7857201,CS(=O)(=O)c1cccc(Oc2cccc(c2)c3c(Cc4ccccc4)cnc5c(cccc35)C(F)(F)F)c1,CHEMBL592506,IC50,8.7
7857212,CS(=O)(=O)c1cccc(c1)c2ccc(s2)C3=CC(=C(C#N)C(=O)N3Cc4ccc(F)cc4F)C(F)(F)F,CHEMBL3360960,EC50,8.7
7857223,Cc1cc(NCc2cccc(c2)c3c(Cc4ccccc4)cnc5c(cccc35)C(F)(F)F)c(C)cc1CC(=O)O,CHEMBL403418,IC50,8.7
7857234,OC(=O)Cc1ccc(NCc2cccc(c2)c3c(Cc4ccccc4)cnc5c(cccc35)C(F)(F)F)c6ccccc16,CHEMBL404469,IC50,8.7
7857245,FC(F)(F)c1cccc2c(c(Cc3ccccc3)cnc12)c4cccc(Oc5cccc(c5)C(=O)N6CCOCC6)c4,CHEMBL450409,IC50,8.72
7857256,Cc1cnc2c(cccc2c1c3cccc(c3)c4cccc(c4)S(=O)(=O)C)C(F)(F)F,CHEMBL1094741,IC50,8.75
7857267,Cc1cnc2c(cccc2c1c3cccc(c3)c4ccc(F)c(c4)S(=O)(=O)C)C(F)(F)F,CHEMBL1097158,IC50,8.77
7857278,NC(=O)Cc1ccc(CNc2cccc(c2)c3c(cnc4c(cccc34)C(F)(F)F)C(=O)c5ccccc5)cc1,CHEMBL226049,IC50,8.85
7857289,OC(=O)Cc1ccc(CNc2cccc(c2)c3c(Cc4ccccc4)cnc5c(Cl)cccc35)cc1,CHEMBL225936,IC50,8.85
7857300,CC1(CCC[C@@]2(C)[C@H]1CCc3ccc(O)cc23)C(=O)OC(=O)C4(C)CCCC5(C)C4CCc6ccc(O)cc56,CHEMBL555373,EC50,9.0
7857312,C[C@@]1(CCC[C@@]2(C)[C@H]1CCc3ccc(O)cc23)C(=O)NC(=O)C4(C)CCC[C@@]5(C)[C@H]4CCc6ccc(O)cc56,CHEMBL365544,EC50,9.0
