id,smiles,name,assay_type,activity_value
280742,[H][C@@]1(CC[C@@]2([H])[C@]3([H])[C@@H](O)C[C@]4([H])C[C@H](O)CC[C@]4(C)[C@@]3([H])CC[C@]12C)[C@H](C)CCC(O)=O,ursodiol,N/A,N/A
280752,[H][C@@]1(CC[C@@]2([H])[C@]3([H])[C@H](O)C[C@]4([H])C[C@H](O)CC[C@]4(C)[C@@]3([H])CC[C@]12C)[C@H](C)CCC(O)=O,chenodiol,EC50,5.47
280762,[H][C@@](C)(CCC(O)=O)[C@@]1([H])CC[C@@]2([H])[C@]3([H])[C@H](O)[C@]([H])(CC)[C@]4([H])C[C@]([H])(O)CC[C@]4(C)[C@@]3([H])CC[C@]12C,obeticholic acid,EC50,7.00436497
280808,CC(C)c1onc(c1COc2cc(C)c(\C=C\c3cccc(c3)C(=O)O)c(C)c2)c4c(Cl)cccc4Cl,CHEMBL319861,EC50,7.0
280819,CC(Nc1ccc(cc1)C(=O)O)c2ccc(OCc3c(onc3c4c(Cl)cccc4Cl)C5CC5)nc2C(F)(F)F,CHEMBL1209229,EC50,7.0
280833,CCc1onc(c1COc2cc(C)c(\C=C\c3ccc(cc3)C(=O)O)c(C)c2)c4c(Cl)cccc4Cl,CHEMBL101547,EC50,7.0
280844,COC(=O)\C=C\c1cccc(c1)N(Cc2ccc(cc2)c3cccc(OC)c3)C(=O)C4CCCCC4,CHEMBL187456,EC50,7.0
280855,COC(=O)\C=C\c1cccc(c1)N(Cc2ccc(cc2)c3ccc(OC)cc3)C(=O)C(C)C,CHEMBL188141,EC50,7.01
280866,COC(=O)\C=C\c1cccc(c1)N(Cc2ccc(cc2)c3c(OC)cccc3OC)C(=O)C(C)C,CHEMBL363212,EC50,7.02
280877,COC(=O)\C=C\c1cccc(c1)N(Cc2ccc(cc2)c3ccc4OCOc4c3)C(=O)NC(C)C,CHEMBL191236,EC50,7.02
280888,CC(C)c1onc(c1COc2ccc(c(C)c2)c3ccc4c(cn(C)c4c3)C(=O)O)c5c(Cl)cncc5Cl,CHEMBL466323,IC50,7.03
280899,COC(=O)\C=C\c1cccc(c1)N(Cc2ccc(cc2)c3cccc(Cl)c3)C(=O)C4CCCCC4,CHEMBL190844,EC50,7.03
280910,OC(=O)c1cccc(c1)[C@@H]2C[C@@H](C2)c3ccc(OCc4c(onc4c5c(Cl)cccc5Cl)C6CC6)cc3Cl,CHEMBL3823491,EC50,7.04
280921,CC(C)c1onc(c1COc2cc(C)c(cn2)[N+](=O)[O-])c3c(Cl)cccc3Cl,CHEMBL1209059,EC50,7.05
280932,COC(=O)\C=C\c1cccc(c1)N(Cc2ccc(cc2)c3ccc(OC)cc3)C(=O)C4CCCCC4,CHEMBL189930,EC50,7.05
280943,CS(=O)(=O)NC(=O)c1ccc(cc1)C2CC2c3ccc(OCc4c(onc4c5c(Cl)cccc5Cl)C6CC6)cc3Cl,CHEMBL3823213,EC50,7.05
280954,Cc1nc(NC(=O)C(C2CCCCC2)n3c(nc4cc(F)c(F)cc34)c5ccc(Cl)cc5)sc1C(=O)O,CHEMBL1668253,IC50,7.05
280965,OC(=O)c1cccc(c1)[C@H]2C[C@@H]2c3ccc(OCc4c(onc4c5c(Cl)cccc5Cl)C6CC6)cc3Cl,CHEMBL3824077,EC50,7.05
280976,CC(C)c1onc(COc2c(Cl)cc(F)cc2Cl)c1COc3ccc(\C=C\c4cccc(c4)C(=O)O)c(Cl)c3,CHEMBL467053,EC50,7.06
280987,CC(C)c1onc(c1COc2ccc(cc2)c3ccc4[nH]c(cc4c3)C(=O)O)c5c(Cl)cccc5Cl,CHEMBL1835049,EC50,7.06
280998,CC(C)c1onc(c1COc2ccc(cc2)c3ccc4c(cccc4c3)C(=O)O)c5c(Cl)cccc5Cl,CHEMBL476302,EC50,7.06
281009,COc1ccc(C(=O)Nc2ccc(C)c(c2)C(=O)O)c(NC(=O)c3ccc(cc3)C(C)(C)C)c1,CHEMBL3335674,EC50,7.06
281020,COC(=O)\C=C\c1cccc(c1)N(Cc2ccc(\C=C\c3cccc(F)c3)cc2)C(=O)C4CCCCC4,CHEMBL427528,EC50,7.07
281031,OC(=O)c1cccc(c1)N2CC(O)(C2)c3ccc(OCc4c(onc4c5c(Cl)cccc5Cl)C6CC6)cc3Cl,CHEMBL3823564,EC50,7.07
281042,CC(C)c1onc(c1COc2ccc3c(Nc4cccc(c4)C(=O)O)cccc3c2)c5c(Cl)cccc5Cl,CHEMBL554727,EC50,7.09
281053,CO[C@@]1(C[C@@H](C1)c2cccc(c2)C(=O)O)c3ccc(OCc4c(onc4c5c(Cl)cccc5Cl)C6CC6)cc3Cl,CHEMBL3823637,EC50,7.1
281064,OC(=O)c1ccc(cc1)[C@@H]2C[C@H]2c3ccc(OCc4c(onc4c5c(Cl)cccc5Cl)C6CC6)cc3Cl,CHEMBL3822464,EC50,7.1
281075,CC(C)c1onc(COc2c(Cl)cccc2Cl)c1COc3ccc(\C=C\c4cccc(c4)C(=O)O)c(Cl)c3,CHEMBL466451,EC50,7.11
281086,CC(C)n1cc(C(=O)Nc2ccc(C)c(c2)S(=O)(=O)N3CCOCC3)c(n1)c4ccc(cc4)C(F)(F)F,CHEMBL3264650,IC50,7.11
281097,COC(=O)\C=C\c1cccc(c1)N(Cc2ccc(cc2)c3c(OC)cccc3OC)C(=O)C4CCCCC4,CHEMBL426273,EC50,7.11
281108,COC(=O)\C=C\c1cccc(c1)N(Cc2ccc(cc2)c3cccc(Cl)c3)C(=O)C(C)C,CHEMBL189224,EC50,7.11
281119,Cc1ccc(cc1)c2nn(CC3CC3)cc2C(=O)Nc4ccc(C)c(c4)S(=O)(=O)N5CCOCC5,CHEMBL3264643,IC50,7.11
281130,OC(=O)c1ccc(OCc2ccc(OCc3c(onc3c4c(Cl)cccc4Cl)C5CC5)nc2C(F)(F)F)cc1,CHEMBL1209294,EC50,7.12
281141,OC(=O)c1ccc(cc1)C2CC2c3ccc(OCc4c(onc4c5c(Cl)cccc5Cl)C6CC6)cc3Cl,CHEMBL3822803,EC50,7.12
281152,OS(=O)(=O)CCNC(=O)c1ccc(cc1)C2CC2c3ccc(OCc4c(onc4c5c(Cl)cccc5Cl)C6CC6)cc3Cl,CHEMBL3822953,EC50,7.12
281164,CC(C)(C)c1ccc(cc1)C(=O)Nc2ccccc2C(=O)Nc3cccc(c3)C(=O)N,CHEMBL3335650,EC50,7.13
281175,CC(C)c1onc(COc2c(F)cccc2Cl)c1COc3ccc(\C=C\c4cccc(c4)C(=O)O)c(Cl)c3,CHEMBL495365,EC50,7.13
281186,CC(C)c1onc(CNc2c(Cl)cccc2Cl)c1COc3ccc(\C=C\c4cccc(c4)C(=O)O)c(Cl)c3,CHEMBL466452,EC50,7.14
281197,COC(=O)\C=C\c1cccc(c1)N(Cc2ccc(cc2)c3ccc(F)c(F)c3)C(=O)C4CCCCC4,CHEMBL365028,EC50,7.14
281208,COC(=O)\C=C\c1cccc(c1)N(Cc2ccc(cc2)c3cccc(OC)c3)C(=O)C(C)C,CHEMBL364915,EC50,7.14
281219,COC(=O)\C=C\c1cccc(c1)N(Cc2ccc(\C=C\c3cccc(F)c3)cc2)C(=O)C(C)C,CHEMBL192772,EC50,7.15
281230,COC(=O)\C=C\c1cccc(c1)N(Cc2ccc(\C=C\c3ccccc3F)cc2)C(=O)C(C)C,CHEMBL425374,EC50,7.15
281241,COc1ccc(NC(=O)c2ccccc2NC(=O)c3ccc(cc3)C(C)(C)C)cc1OC,CHEMBL3335651,EC50,7.15
281255,CC(C)c1onc(c1COc2ccc(\C=C\c3cccc(c3)C(=O)O)c(Cl)c2)c4c(Cl)cccc4Cl,CHEMBL318457,EC50,7.16
281266,COC(=O)\C=C\c1cccc(c1)N(Cc2ccc(cc2)c3ccc(SC)cc3)C(=O)C4CCCCC4,CHEMBL364008,EC50,7.16
281277,Cc1onc(c1COc2cc(C)c(\C=C\c3cccc(c3)C(=O)O)c(C)c2)c4c(Cl)cccc4Cl,CHEMBL319544,EC50,7.16
281288,Clc1ccc(cc1)c2nc3ccccc3n2C(C4CCCCC4)C(=O)NC5CCCCC5,CHEMBL1642346,IC50,7.16
281299,CC(C)C1=C(COc2ccc(\C=C\c3cccc(c3)C(=O)O)c(Cl)c2)N(CCc4c(Cl)cccc4Cl)C(=O)O1,CHEMBL3357416,EC50,7.18
281310,COC(=O)\C=C\c1cccc(c1)N(Cc2ccc(cc2)c3ccc(F)c(Cl)c3)C(=O)C4CCCCC4,CHEMBL371385,EC50,7.18
281321,OC(=O)c1ccc(cn1)C2CC2c3ccc(OCc4c(onc4c5c(Cl)cccc5Cl)C6CC6)cc3Cl,CHEMBL3823070,EC50,7.18
281333,CC(C)(C)c1ccc(cc1)C(=O)Nc2ccccc2C(=O)Nc3cccc(CCC(=O)O)c3,CHEMBL3335654,EC50,7.19
281344,COC(=O)\C=C\c1cccc(c1)N(Cc2ccc(\C=C\c3ccccc3)cc2)C(=O)C(C)C,CHEMBL371346,EC50,7.19
281355,COC(=O)\C=C\c1cccc(c1)N(Cc2ccc(\C=C\c3ccccc3F)cc2)C(=O)C4CCCCC4,CHEMBL189728,EC50,7.19
281366,CC(C)c1onc(c1COc2ccc3cc(sc3c2)c4cccc(c4)C(=O)O)c5c(Cl)cccc5Cl,CHEMBL558143,EC50,7.2
281377,OC(=O)c1ccc(cc1)[C@@H]2C[C@](O)(C2)c3ccc(OCc4c(onc4c5c(Cl)cccc5Cl)C6CC6)cc3Cl,CHEMBL3823938,EC50,7.2
281388,CCc1onc(Cc2c(Cl)cccc2Cl)c1COc3ccc(\C=C\c4cccc(c4)C(=O)O)c(Cl)c3,CHEMBL318280,EC50,7.22
281399,Cc1ccc(C(=O)Nc2cccc(c2)C(=O)O)c(NC(=O)c3ccc(cc3)C(C)(C)C)c1,CHEMBL3335670,EC50,7.22
281410,OC(=O)CCc1ccc(NC(=O)C(C2CCCCC2)n3c(nc4cc(F)c(F)cc34)c5ccc(Cl)cc5)cc1,CHEMBL1668247,IC50,7.22
281421,CC(C)c1onc(COc2c(Cl)cc(Cl)cc2Cl)c1COc3ccc(\C=C\c4cccc(c4)C(=O)O)c(Cl)c3,CHEMBL466641,EC50,7.24
281432,COC(=O)\C=C\c1cccc(c1)N(Cc2ccc(cc2)c3ccc(cc3)N(C)C)C(=O)C(C)C,CHEMBL190508,EC50,7.24
281443,CC(C)c1onc(c1COc2ccc3sc(cc3c2)c4cccc(c4)C(=O)O)c5c(Cl)cccc5Cl,CHEMBL558267,EC50,7.26
281454,CC(C)C1=C(COc2ccc(\C=C\c3cccc(c3)C(=O)O)c(Cl)c2)N(Cc4c(Cl)cccc4Cl)C(=O)O1,CHEMBL3357415,EC50,7.27
281465,CCc1onc(c1COc2ccc(\C=C\c3cccc(c3)C(=O)O)c(Cl)c2)c4c(F)cccc4C(F)(F)F,CHEMBL101327,EC50,7.27
281476,CCCCn1cc(C(=O)Nc2ccc(C)c(c2)S(=O)(=O)N3CCOCC3)c(n1)c4ccc(C)cc4,CHEMBL3264641,IC50,7.28
281487,CC(C)c1onc(CSc2c(Cl)cccc2Cl)c1COc3ccc(\C=C\c4cccc(c4)C(=O)O)c(Cl)c3,CHEMBL466621,EC50,7.29
281498,CC(C)c1onc(c1COc2ccc(cc2)c3ccc4oc(cc4c3)C(=O)O)c5c(Cl)cccc5Cl,CHEMBL1835048,EC50,7.29
281509,COC(=O)\C=C\c1cccc(c1)N(Cc2ccc(cc2)c3ccc(SC)cc3)C(=O)C(C)C,CHEMBL372258,EC50,7.29
281520,Cn1nc(C(=O)O)c2ccc(cc12)[C@@H]3C[C@](O)(C3)c4ccc(OCc5c(onc5c6c(Cl)cccc6Cl)C7CC7)cc4Cl,CHEMBL3822477,EC50,7.3
281531,OC(=O)c1ccc(NC(=O)[C@H](C2CCCCC2)n3c(nc4cc(F)c(F)cc34)c5ccc(Cl)cc5)cc1,CHEMBL1615153,IC50,7.3
281542,CC(C)n1cc(C(=O)Nc2ccc(C)c(c2)S(=O)(=O)N3CCOCC3)c(n1)c4ccc(C)cc4,CHEMBL3264640,IC50,7.31
281553,CC(C)(C)c1ccc(cc1)C(=O)Nc2cc(Br)ccc2C(=O)Nc3cccc(c3)C(=O)O,CHEMBL3335671,EC50,7.32
281564,CC(C)c1onc(COc2c(C)cccc2Cl)c1COc3ccc(\C=C\c4cccc(c4)C(=O)O)c(Cl)c3,CHEMBL466227,EC50,7.32
281575,CC(C)c1onc(c1COc2ccc(N(C)Cc3cccc(c3)C(=O)NS(=O)(=O)C)c(n2)C(F)(F)F)c4c(Cl)cccc4Cl,CHEMBL1209171,EC50,7.32
281586,CCc1onc(c1COc2ccc(\C=C\c3cccc(c3)C(=O)O)c(Cl)c2)c4ccccc4OC(F)(F)F,CHEMBL419721,EC50,7.32
281597,CS(=O)(=O)NC(=O)c1ccc(cc1)[C@@H]2C[C@H]2c3ccc(OCc4c(onc4c5c(Cl)cccc5Cl)C6CC6)cc3Cl,CHEMBL3823077,EC50,7.32
281608,CC(C)(C)c1ccc(cc1)C(=O)Nc2cc(Cl)ccc2C(=O)Nc3cccc(c3)C(=O)O,CHEMBL3335667,EC50,7.33
281619,CC(C)c1onc(c1COc2ccc(\C=C\c3cccc(c3)C(=O)O)c(C)c2)c4c(Cl)cccc4Cl,CHEMBL103394,EC50,7.33
281631,COc1ccc(NC(=O)c2ccccc2NC(=O)c3ccc(cc3)C(C)(C)C)cc1C(=O)O,CHEMBL3335661,EC50,7.33
281642,Cc1ccc(cc1)c2nn(cc2C(=O)Nc3ccc(C)c(c3)S(=O)(=O)N4CCOCC4)c5ccccc5,CHEMBL1367639,IC50,7.33
281653,CC(C)c1onc(c1COc2ccc(c(C)c2)c3ccc4c(cn(C)c4c3)C(=O)O)c5c(Cl)c[n+]([O-])cc5Cl,CHEMBL466523,IC50,7.35
281665,Cc1ccc(NC(=O)c2ccccc2NC(=O)c3ccc(cc3)C(C)(C)C)cc1C(=O)O,CHEMBL3335660,EC50,7.35
281676,COc1cccc(Cn2cc(C(=O)Nc3ccc(C)c(c3)S(=O)(=O)N4CCOCC4)c(n2)c5cccc(OC)c5)c1,CHEMBL3264649,IC50,7.37
281687,Cc1ccc(C(=O)Nc2ccc(C)c(c2)C(=O)O)c(NC(=O)c3ccc(cc3)C(C)(C)C)c1,CHEMBL3335675,EC50,7.37
281698,OC(=O)c1cccc(OCc2ccc(OCc3c(onc3c4c(Cl)cccc4Cl)C5CC5)nc2C(F)(F)F)c1,CHEMBL1209293,EC50,7.37
281709,CC(C)c1cnn(c1COc2ccc(\C=C\c3cccc(c3)C(=O)O)c(Cl)c2)c4c(Cl)cccc4Cl,CHEMBL3357422,EC50,7.38
281721,Cc1c(NC(=O)c2ccccc2NC(=O)c3ccc(cc3)C(C)(C)C)cccc1C(=O)O,CHEMBL3335656,EC50,7.38
281732,O[C@@H]1CC[C@H](CC1)NC(=O)[C@H](C2CCCCC2)n3c(nc4cc(F)c(F)cc34)c5ccc(Cl)cc5,CHEMBL1668239,IC50,7.39
281743,CC(C)c1onc(c1COc2ccc(N(C)Cc3ccc(cc3)C(=O)NS(=O)(=O)C)c(n2)C(F)(F)F)c4c(Cl)cccc4Cl,CHEMBL1209112,EC50,7.4
281754,OC(=O)c1ccc(NC(=O)[C@H](C2CCCCC2)n3c(nc4cc(F)ccc34)c5ccc(Cl)cc5)c(F)c1,CHEMBL1668258,IC50,7.4
281765,COC(=O)\C=C\c1cccc(c1)N(Cc2ccc(cc2)c3ccc4OCOc4c3)C(=O)C5CCCCC5,CHEMBL191578,EC50,7.42
281776,CC(C)c1onc(c1COc2cc(C)c(\C=C\c3ccc(cc3)C(=O)O)c(C)c2)c4c(Cl)cccc4Cl,CHEMBL319606,EC50,7.43
281787,OC(=O)c1ccc(NC(=O)[C@H](C2CCCCC2)n3c(nc4cc(F)c(F)cc34)c5ccc(Cl)cc5)c(F)c1,CHEMBL1615152,IC50,7.43
281798,CC(C)c1onc(c1COc2ccc(N(C)Cc3cccc(c3)C(=O)NCCOP(=O)(O)O)c(n2)C(F)(F)F)c4c(Cl)cccc4Cl,CHEMBL1209172,EC50,7.44
281809,CC(C)OC(=O)C1=CN(CC(C)(C)c2cc(C#N)[nH]c12)C(=O)c3ccc(cc3)C#N,CHEMBL571961,EC50,7.46
281820,CC(C)c1nnn(c1COc2ccc(\C=C\c3cccc(c3)C(=O)O)c(Cl)c2)c4c(Cl)cccc4Cl,CHEMBL3357421,EC50,7.46
281831,CC(C)c1onc(c1COc2ccc(N(C)Cc3ccc(OCC(=O)O)cc3)c(n2)C(F)(F)F)c4c(Cl)cccc4Cl,CHEMBL1209113,EC50,7.46
281842,OC(=O)c1cccc(c1)C2CC2c3ccc(OCc4c(onc4c5c(Cl)cccc5Cl)C6CC6)cc3Cl,CHEMBL3822597,EC50,7.47
281853,COc1cccc(Cn2cc(C(=O)Nc3ccc(C)c(c3)S(=O)(=O)N4CCOCC4)c(n2)c5ccc(cc5)C(F)(F)F)c1,CHEMBL3264651,IC50,7.51
281864,OC(=O)c1cccc(c1)[C@@H]2C[C@H]2c3ccc(OCc4c(onc4c5c(Cl)cccc5Cl)C6CC6)cc3Cl,CHEMBL3824162,EC50,7.54
281875,OC(=O)c1cccc(c1)[C@@H]2C[C@](O)(C2)c3ccc(OCc4c(onc4c5c(Cl)cccc5Cl)C6CC6)cc3Cl,CHEMBL3822901,EC50,7.54
281886,CC(C)c1onc(C[S+]([O-])c2c(Cl)cccc2Cl)c1COc3ccc(\C=C\c4cccc(c4)C(=O)O)c(Cl)c3,CHEMBL468714,EC50,7.55
281897,COC(=O)\C=C\c1cccc(c1)N(Cc2ccc(cc2)c3ccc(cc3)N(C)C)C(=O)C4CCCCC4,CHEMBL192966,EC50,7.6
282183,Cc1ccc(cc1)c2nn(cc2C(=O)Nc3ccc(C)c(c3)S(=O)(=O)N4CCOCC4)c5ccc(F)cc5,CHEMBL3264635,IC50,7.61
282194,Cc1ccc(cc1)c2nn(cc2C(=O)Nc3ccc(C)c(c3)S(=O)(=O)N4CCOCC4)c5cccc(c5)C(F)(F)F,CHEMBL3264638,IC50,7.62
282205,OC(=O)c1cccc(c1)[C@@H]2C[C@H](C2)c3ccc(OCc4c(onc4c5c(Cl)cccc5Cl)C6CC6)cc3Cl,CHEMBL3822859,EC50,7.62
282216,CC(C)c1onc(c1COc2ccc(N(C)Cc3ccc(cc3)C(=O)O)c(n2)C(F)(F)F)c4c(Cl)cccc4Cl,CHEMBL1209109,EC50,7.66
282227,CC(C)c1onc(c1COc2ccc(cc2)c3ccc4c(csc4c3)C(=O)O)c5c(Cl)cccc5Cl,CHEMBL1834968,EC50,7.68
282238,CCOC(=O)C1=CN(CC(C)(C)c2c1[nH]c3ccccc23)C(=O)c4ccc(F)c(F)c4,CHEMBL510862,IC50,7.68
282249,CC(C)c1onc(c1COc2ccc(cc2)c3ccc4c(c[nH]c4c3)C(=O)O)c5c(Cl)cccc5Cl,CHEMBL1835044,EC50,7.7
282260,Cc1cc(ccc1NC(=O)[C@H](C2CCCCC2)n3c(nc4cc(F)c(F)cc34)c5ccc(Cl)cc5)C(=O)O,CHEMBL1615150,IC50,7.7
282271,COC(=O)\C=C\c1cccc(c1)N(Cc2ccc(cc2)c3ccc4OCOc4c3)C(=O)C(C)C,CHEMBL371360,EC50,7.72
282282,C[C@H](CCC(=O)O)[C@H]1CC[C@H]2[C@@H]3CC[C@@H]4C[C@H](O)CC[C@]4(C)[C@H]3CC[C@]12C,CHEMBL1478,IC50,7.74
282293,Cc1ccc(cc1)c2nn(Cc3cccc(c3)C(F)(F)F)cc2C(=O)Nc4ccc(C)c(c4)S(=O)(=O)N5CCOCC5,CHEMBL3264645,IC50,7.74
282304,Cc1ccc(cc1)c2nn(cc2C(=O)Nc3ccc(C)c(c3)S(=O)(=O)N4CCOCC4)c5nc6ccccc6s5,CHEMBL3264639,IC50,7.75
282315,CC(C)c1onc(COc2c(C)cccc2C)c1COc3ccc(\C=C\c4cccc(c4)C(=O)O)c(Cl)c3,CHEMBL468939,EC50,7.77
282326,CC(C)c1onc(c1COc2ccc(N(C)Cc3ccc(CCC(=O)O)cc3)c(n2)C(F)(F)F)c4c(Cl)cccc4Cl,CHEMBL1209110,EC50,7.77
282337,CC(C)OC(=O)C1=CN(CC(C)(C)c2c1[nH]c3ccccc23)C(=O)c4ccc(F)c(F)c4,CHEMBL454138,EC50,7.8
282348,CC(C)OC(=O)C1=CN(CC(C)(C)c2cc(C#N)[nH]c12)C(=O)c3cccs3,CHEMBL578756,EC50,7.8
282359,CN(Cc1ccc(cc1)C(=O)NCCS(=O)(=O)O)c2ccc(OCc3c(onc3c4c(Cl)cccc4Cl)C5CC5)nc2C(F)(F)F,CHEMBL1209174,EC50,7.85
282370,Cc1ccc(cc1)c2nn(cc2C(=O)Nc3ccc(C)c(c3)S(=O)(=O)N4CCOCC4)c5ccc(Cl)cc5Cl,CHEMBL3264637,IC50,7.85
282381,Cn1nc(C(=O)O)c2ccc(cc12)C3CC3c4ccc(OCc5c(onc5c6c(Cl)cccc6Cl)C7CC7)cc4Cl,CHEMBL3824337,EC50,7.85
282392,OC(=O)c1cncc(c1)C2CC2c3ccc(OCc4c(onc4c5c(Cl)cccc5Cl)C6CC6)cc3Cl,CHEMBL3824163,EC50,7.85
282403,Fc1cc2nc(c3ccc(Cl)cc3)n([C@@H](C4CCCCC4)C(=O)NC5CCCCC5)c2cc1Cl,CHEMBL1642362,IC50,7.89
282414,OC(=O)CCc1ccc(NC(=O)[C@H](C2CCCCC2)n3c(nc4cc(F)c(F)cc34)c5ccc(Cl)cc5)c(F)c1,CHEMBL1668248,IC50,7.89
282425,CC(C)OC(=O)C1=CN(CC(C)(C)c2cc(C#N)[nH]c12)C(=O)c3cccc(Cl)c3,CHEMBL578757,EC50,7.92
282436,CC(C)c1onc(c1COc2ccc(N(C)Cc3cccc(c3)C(=O)O)c(n2)C(F)(F)F)c4c(Cl)cccc4Cl,CHEMBL1209111,EC50,7.92
282447,CC(C)c1onc(c1COc2ccc(\C=C\c3cccc(c3)C(=O)O)c(Cl)c2)c4c(Cl)cccc4Br,CHEMBL101381,EC50,7.92
282458,CN(Cc1ccc(cc1)C(=O)O)c2ccc(OCc3c(onc3c4c(Cl)cccc4Cl)C5CC5)nc2C(F)(F)F,CHEMBL1209173,EC50,7.92
282469,Cc1ccc(cc1)c2nn(cc2C(=O)Nc3ccc(C)c(c3)S(=O)(=O)N4CCOCC4)c5cccc(Cl)c5,CHEMBL3264636,IC50,7.98
282480,Cc1ccc(cc1)c2nn(Cc3ccc4ccccc4c3)cc2C(=O)Nc5ccc(C)c(c5)S(=O)(=O)N6CCOCC6,CHEMBL3264642,IC50,7.99
282491,Fc1cc2nc(c3ccc(Cl)cc3)n([C@@H](C4CCCCC4)C(=O)NC5CCCCC5)c2cc1F,CHEMBL1668238,IC50,8.0
282502,OC(=O)c1ccc(NC(=O)[C@H](C2CCCCC2)n3c(nc4ccccc34)c5ccc(Cl)cc5)c(c1)C(F)(F)F,CHEMBL1668259,IC50,8.0
282513,CC(C)n1nc(cc1[C@@H]2C[C@](O)(C2)c3ccc(OCc4c(onc4c5c(Cl)cccc5Cl)C6CC6)cc3Cl)C(=O)O,CHEMBL3824207,EC50,8.05
282524,OC(=O)c1ccc(NC(=O)[C@H](C2CCCCC2)n3c(nc4cc(F)c(F)cc34)c5ccc(Cl)cc5)c(Cl)c1,CHEMBL1668243,IC50,8.05
282535,CC(C)OC(=O)C1=CN(CC(C)(C)c2cc(C#N)[nH]c12)C(=O)c3cccc(c3)C(F)(F)F,CHEMBL576415,EC50,8.07
282546,COc1ccc(C(=O)Nc2cccc(c2)C(=O)O)c(NC(=O)c3ccc(cc3)C(C)(C)C)c1,CHEMBL3335672,EC50,8.1
282557,Fc1cc2nc(c3ccc(Cl)cc3)n([C@@H](C4CCCCC4)C(=O)Nc5ccc(cc5F)c6nnn[nH]6)c2cc1F,CHEMBL1668257,IC50,8.1
282568,OC(=O)c1ccc(NC(=O)[C@H](C2CCCCC2)n3c(nc4cc(F)c(F)cc34)c5ccc(Cl)cc5)c(c1)C(F)(F)F,CHEMBL1668244,IC50,8.1
282579,COc1cccc(Cn2cc(C(=O)Nc3ccc(C)c(c3)S(=O)(=O)N4CCOCC4)c(n2)c5ccc(C)cc5)c1,CHEMBL3264644,IC50,8.13
282590,Cc1ccccc1c2noc(n2)c3cccc(c3)C(=O)O,CHEMBL3589975,EC50,8.14
282601,CC(C)n1nc(cc1C2CC2c3ccc(OCc4c(onc4c5c(Cl)cccc5Cl)C6CC6)cc3Cl)C(=O)O,CHEMBL3822798,EC50,8.16
282612,OC(=O)c1cncc(c1)N2CC(O)(C2)c3ccc(OCc4c(onc4c5c(Cl)cccc5Cl)C6CC6)cc3Cl,CHEMBL3823517,EC50,8.16
282623,CC(C)OC(=O)C1=CN(CC(C)(C)c2cc(C#N)[nH]c12)C(=O)C3CCCCC3,CHEMBL568235,EC50,8.19
282634,CC(C)OC(=O)C1=CN(CC(C)(C)c2cc(C#N)[nH]c12)C(=O)c3ccc(F)c(F)c3,CHEMBL565728,EC50,8.2
282645,CC(C)OC(=O)C1=CN(CC(C)(C)c2cc(C#N)[nH]c12)C(=O)c3ccc(F)cc3,CHEMBL578150,EC50,8.3
282656,CC(C)n1nc(cc1[C@@H]2C[C@H]2c3ccc(OCc4c(onc4c5c(Cl)cccc5Cl)C6CC6)cc3Cl)C(=O)O,CHEMBL3822755,EC50,8.4
282667,OC(=O)c1cc(F)c(NC(=O)[C@H](C2CCCCC2)n3c(nc4cc(F)c(F)cc34)c5ccc(Cl)cc5)c(F)c1,CHEMBL1615154,IC50,8.4
282678,CN(Cc1cccc(c1)C(=O)O)c2ccc(OCc3c(onc3c4c(Cl)cccc4Cl)C5CC5)nc2C(F)(F)F,CHEMBL1209170,EC50,8.52
282689,CC(C)OC(=O)C1=CN(CC(C)(C)c2cc(C#N)[nH]c12)C(=O)c3cccc(F)c3,CHEMBL578970,EC50,8.6
282700,OC(=O)C1(CC1)Oc2ccc(NC(=O)[C@H](C3CCCCC3)n4c(nc5cc(F)c(F)cc45)c6ccc(Cl)cc6)c(F)c2,CHEMBL1668249,IC50,9.0
