id,smiles,name,assay_type,activity_value
9578404,CC(C)COC(=O)N(C)c1ccc(cc1)C(O)(C(F)(F)F)C(F)(F)F,CHEMBL203606,EC50,7.0
7855773,CCN(C(COc1ccc(CC(=O)O)cc1)c2ccccc2)c3ccc(cc3Cl)C(O)(C(F)(F)F)C(F)(F)F,CHEMBL214546,IC50,7.0
7854923,CCN(C(COc1ccc(CCC(=O)OC)cc1)c2ccccc2)c3ccc(cc3Cl)C(O)(C(F)(F)F)C(F)(F)F,CHEMBL214687,IC50,7.0
7855784,CCN(C(COc1ccc(cc1)C(=O)O)c2ccccc2)c3ccc(cc3Cl)C(O)(C(F)(F)F)C(F)(F)F,CHEMBL386260,IC50,7.0
9578422,CN(C(=O)c1ccccc1)c2ccc(cc2)C(O)(C(F)(F)F)C(F)(F)F,CHEMBL379225,EC50,7.0
9578433,CN(c1ccccc1)S(=O)(=O)c2ccc(cc2)C(O)(C(F)(F)F)C(F)(F)F,CHEMBL202902,EC50,7.0
7855330,COC(=O)[C@](F)([C@@H]1CCc2c(C1)[nH]c3ccc(Cl)cc23)S(=O)(=O)c4cccc(Cl)c4,CHEMBL511891,IC50,7.0
7855473,COC(=O)[C@](F)([C@H]1Cc2[nH]c3ccc(Cl)cc3c2C1)S(=O)(=O)c4cccc(Br)c4,CHEMBL455206,IC50,7.0
7855828,CS(=O)(=O)c1cccc(c1)c2ccc(CN(Cc3c(F)cccc3Cl)S(=O)(=O)C4CC4)cc2,CHEMBL1093840,EC50,7.0
9578450,C[C@@]1(CCC[C@@]2(C)[C@H]1CCc3ccc(O)cc23)C(=O)NCC45CC6CC(CC(C6)C4)C5,CHEMBL194642,IC50,7.0
9578461,F[C@]([C@H]1Cc2[nH]c3ccc(Cl)cc3c2C1)(c4onc(n4)C#N)S(=O)(=O)c5ccccc5,CHEMBL453617,IC50,7.0
7854604,O=C1N(Cc2ccccc2)C(=O)C(=C1Nc3ccccc3)c4ccccc4,CHEMBL364666,EC50,7.0
7854537,OC(=O)Cc1cccc(OCCCN(CC(c2ccccc2)c3ccccc3)Cc4cccc(c4Cl)C(F)(F)F)c1,CHEMBL59030,IC50,7.0
1828516,OC(c1ccc(cc1)N(CC(F)(F)F)S(=O)(=O)c2ccccc2)(C(F)(F)F)C(F)(F)F,CHEMBL62136,IC50,7.0
9578478,OC(c1ccc2N(CCOc2c1)S(=O)(=O)c3ccccc3)(C(F)(F)F)C(F)(F)F,CHEMBL381570,EC50,7.0
9578489,CCCc1c(OCCCN2C(=O)Cc3cc(ccc23)C(=O)O)ccc4c(noc14)C(F)(F)F,CHEMBL207382,IC50,7.01
9578500,C[C@H](CC[C@@H]1OC1(C)C)[C@H]2CC[C@H]3[C@@H]4CC=C5C[C@@H](O)CC[C@]5(C)[C@H]4CC[C@]23C,CHEMBL434302,EC50,7.02
7855724,CC(C)[C@@H]1CN(CCN1c2ncc(Cl)c(n2)C(F)(F)F)c3ccc(F)c(c3)S(=O)(=O)C,CHEMBL3814501,EC50,7.04
7856400,CCCNC(=O)c1cccc(Oc2cccc(c2)c3c(Cc4ccccc4)cnc5c(cccc35)C(F)(F)F)c1,CHEMBL480298,IC50,7.04
7856137,OCc1ccc(CNc2cccc(c2)c3c(cnc4c(cccc34)C(F)(F)F)C(=O)c5ccccc5)cc1,CHEMBL226098,IC50,7.04
9578517,CC(C)c1nc2c(cccn2c1c3cccc(OCc4cccc(c4)S(=O)(=O)C)c3)C(F)(F)F,CHEMBL596381,IC50,7.05
9578528,CC(NC(=O)[C@@]1(C)CCC[C@@]2(C)[C@H]1CCc3ccc(O)cc23)C45CC6CC(CC(C6)C4)C5,CHEMBL371990,IC50,7.05
7855627,CCCCN(Cc1ccncc1)c2ccc(cc2)C(O)(C(F)(F)F)C(F)(F)F,CHEMBL494073,IC50,7.05
7855088,CCCc1c(OCCCN(C)c2cnc(CC(=O)O)cn2)ccc3c(noc13)C(F)(F)F,CHEMBL378074,IC50,7.05
7854945,COC(=O)[C@](F)([C@H]1Cc2[nH]c3ccc(Cl)cc3c2C1)S(=O)(=O)c4ccccc4,CHEMBL459905,IC50,7.05
7855506,C[C@@]1(CCC[C@@]2(C)[C@H]1CCc3ccc(O)cc23)C(=O)Oc4ccc5CC[C@H]6C(C)(CCC[C@]6(C)c5c4)C(=O)O,CHEMBL364012,IC50,7.05
7854659,CC(C)(O)c1cn(c(Cc2ccccc2Cl)n1)c3ccc(cc3)c4cccc(c4)S(=O)(=O)C,CHEMBL3360974,EC50,7.07
9578549,NC(=O)Cc1cccc(OCCCN(CC(c2ccccc2)c3ccccc3)Cc4ccc(F)c(c4)C(F)(F)F)c1,CHEMBL61766,EC50,7.07
9578560,NC(=O)Cc1cccc(OCCCN(CC(c2ccccc2)c3ccccc3)Cc4cccc(c4)C(F)(F)F)c1,CHEMBL60393,EC50,7.07
7856301,CC(C)[C@H]1N(CCn2c1nc3cc(CO)c(cc23)S(=O)(=O)C)c4ncc(C)c(n4)C(F)(F)F,CHEMBL3673699,Ki,7.08
7856559,CC(C)[C@H]1N(CCn2c1nc3ccc(cc23)S(=O)(=O)C)c4ncc(CO)c(n4)C(F)(F)F,CHEMBL3673706,Ki,7.08
7855713,CC(C)[C@@H]1CN(CCN1c2ncc(CO)c(n2)C(F)(F)F)c3ccc(CO)c(c3)S(=O)(=O)C,CHEMBL3814206,Ki,7.09
9578575,CCCc1c(OCCCN(C)c2ccc(cc2)C(=O)O)ccc3c(noc13)C(F)(F)F,CHEMBL207142,IC50,7.1
9578586,CCc1nc2c(cccn2c1c3cccc(Cc4cccc(c4)S(=O)(=O)C)c3)C(F)(F)F,CHEMBL606756,IC50,7.1
9578597,CN(c1ccc(cc1)C(O)(C(F)(F)F)C(F)(F)F)S(=O)(=O)c2cccc(c2)S(=O)(=O)N,CHEMBL206445,EC50,7.1
7856000,Cc1cc(C)c(c(C)c1)S(=O)(=O)N(Cc2ccc(cc2)c3cccc(c3)S(=O)(=O)C)Cc4c(F)cccc4Cl,CHEMBL1093523,EC50,7.1
7854514,Cn1cnc(c1)S(=O)(=O)N(Cc2ccc(cc2)c3cccc(c3)S(=O)(=O)C)Cc4c(F)cccc4Cl,CHEMBL1092952,EC50,7.1
7856344,Cc1ccc(Cn2nc3c(cccc3c2c4ccc(F)cc4)C(F)(F)F)c(C)c1,CHEMBL517015,IC50,7.11
7856291,CC(C)NC(=O)c1cccc(Oc2cccc(c2)c3c(Cc4ccccc4)cnc5c(cccc35)C(F)(F)F)c1,CHEMBL457037,IC50,7.13
7856105,CC(C)[C@H]1N(CCn2c1nc3cc(CO)c(cc23)S(=O)(=O)C)c4ncc(C(C)O)c(n4)C(F)(F)F,CHEMBL3673678,Ki,7.13
7855660,C[C@H](CCOc1cccc(CC(=O)O)c1)N(CC(c2ccccc2)c3ccccc3)Cc4cccc(c4Cl)C(F)(F)F,CHEMBL573677,EC50,7.13
7856235,OCc1cccc(Oc2cccc(c2)c3c(Cc4ccccc4)cnc5c(cccc35)C(F)(F)F)c1,CHEMBL604479,IC50,7.13
7856494,CCC(O)c1cnc(nc1C(F)(F)F)N2CCn3c(nc4cc(CO)c(cc34)S(=O)(=O)C)[C@H]2C(C)C,CHEMBL3673682,Ki,7.14
9578622,CCCc1c(OCCCn2ccc3cc(ccc23)C(=O)O)ccc4c(noc14)C(F)(F)F,CHEMBL377218,IC50,7.14
7854437,CCCc1c(OCCCn2ncc3cc(CC(=O)O)ccc23)ccc4c(noc14)C(F)(F)F,CHEMBL210917,IC50,7.14
7856655,CCS(=O)(=O)c1cccc(c1)c2cccc(c2)c3c(C)cnc4c(cccc34)C(F)(F)F,CHEMBL1098832,IC50,7.14
7855744,COC(=O)[C@](F)([C@@H]1CCc2c(C1)[nH]c3ccc(Cl)cc23)S(=O)(=O)c4cccc(F)c4,CHEMBL459472,IC50,7.14
7856465,COc1nc(ncc1C(F)(F)F)N2CCn3c(nc4cc(CO)c(cc34)S(=O)(=O)C)[C@H]2C(C)C,CHEMBL3673695,Ki,7.16
9578640,CS(=O)(=O)c1cccc(Oc2cccc(c2)c3c(CN4CCCCC4)nc5c(cccn35)C(F)(F)F)c1,CHEMBL612006,IC50,7.16
7854581,C[C@@]1(CCC[C@@]2(C)[C@H]1CCc3ccccc23)C(=O)N4CCC(CC4)c5ccccc5,CHEMBL194733,EC50,7.16
7854769,OC(c1ccc(cc1)N(Cc2ccccc2)CC(F)(F)F)(C(F)(F)F)C(F)(F)F,CHEMBL214777,IC50,7.16
7854208,CCCc1c(OCCCN(C)c2ncc(CC(=O)O)s2)ccc3c(noc13)C(F)(F)F,CHEMBL381064,IC50,7.17
5089963,CCCc1c(OCCCNc2ccc(CC(=O)O)cc2)ccc3c(noc13)C(F)(F)F,CHEMBL207103,IC50,7.17
7856807,CS(=O)(=O)c1cccc(c1)c2cccc(c2)c3ccnc4c(cccc34)C(F)(F)F,CHEMBL1095714,IC50,7.17
9578661,C[C@@]1(CCC[C@@]2(C)[C@H]1CCc3ccc(O)cc23)C(=O)CC(=O)C4(C)CCC[C@@]5(C)[C@H]4CCc6ccc(O)cc56,CHEMBL192837,IC50,7.17
7854481,CC(C)(C)c1ccc(CC(C(=O)O)c2ccc(COc3cccc(c3)c4ccc(c5ncc(cc45)C(=O)c6ccccc6)C(F)(F)F)cc2)cc1,CHEMBL253730,IC50,7.19
7854692,COC(=O)c1cc(c2ccc(s2)c3cccc(c3)S(=O)(=O)C)n(n1)c4ccccc4Cl,CHEMBL3360968,EC50,7.19
7856224,OC(=O)COc1ccc(CNc2cccc(c2)c3c(cnc4c(cccc34)C(F)(F)F)C(=O)c5ccccc5)cc1,CHEMBL225994,IC50,7.19
7854814,COC(=O)[C@](F)([C@H]1Cc2[nH]c3ccc(Cl)cc3c2C1)S(=O)(=O)c4cccc(OC)c4,CHEMBL517245,IC50,7.21
7855883,CCCc1c(OCCCN(C)c2ccc(CC(=O)O)c(c2)C(F)(F)F)ccc3c(noc13)C(F)(F)F,CHEMBL382789,IC50,7.22
7856504,CCN(C(COc1ccc(CCC(=O)O)cc1)c2ccccc2)c3ccc(cc3Cl)C(O)(C(F)(F)F)C(F)(F)F,CHEMBL269442,IC50,7.22
7855795,CCN(C(COc1ccc(cc1)C(=O)OC)c2ccccc2)c3ccc(cc3Cl)C(O)(C(F)(F)F)C(F)(F)F,CHEMBL215130,IC50,7.22
7855440,CCN(c1ccc(cc1Cl)C(O)(C(F)(F)F)C(F)(F)F)C(CC)(C(=O)OC)c2ccccc2,CHEMBL215167,IC50,7.22
7855451,COC(=O)C1(CCCCN1c2ccc(cc2)C(O)(C(F)(F)F)C(F)(F)F)c3ccccc3,CHEMBL383945,IC50,7.22
7856201,Cc1cnc2c(Cl)cccc2c1c3cccc(Oc4cccc(CO)c4)c3,CHEMBL596047,IC50,7.23
7856871,Cc1c(C)c(NCc2cccc(c2)c3c(Cc4ccccc4)cnc5c(cccc35)C(F)(F)F)ccc1CC(=O)O,CHEMBL253521,IC50,7.24
7855763,CC(C)[C@H]1N(CCn2c1nc3ccc(cc23)S(=O)(=O)C)c4ncc(C(C)O)c(n4)C(F)(F)F,CHEMBL3673704,Ki,7.25
9578695,OC(=O)C1CCCc2c(OCCCN(CC(c3ccccc3)c4ccccc4)Cc5cccc(c5Cl)C(F)(F)F)cccc12,CHEMBL573680,EC50,7.25
7854758,CS(=O)(=O)c1cccc(c1)c2ccc(cc2)n3cc(nc3c4ccccc4Cl)C(F)(F)F,CHEMBL3360970,EC50,7.28
9578708,CC(C)[C@H](C)[C@@]1(C)C[C@@H]1[C@@H](C)[C@H]2CC[C@H]3[C@@H]4C[C@@H](O)[C@@]5(O)C[C@@H](O)CC[C@]5(C)[C@@]4(O)[C@H](O)C[C@]23C,CHEMBL486198,EC50,7.3
7855429,CCN(Cc1ccccc1)c2ccc(cc2)C(O)(C(F)(F)F)C(F)(F)F,CHEMBL383959,IC50,7.3
7856444,CCN(c1ccc(cc1)C(O)(C(F)(F)F)C(F)(F)F)C(C)(C(=O)OC)c2ccccc2,CHEMBL215904,IC50,7.3
7855099,CCN(c1ccc(cc1)C(O)(C(F)(F)F)C(F)(F)F)C(CC)(C(=O)OC)c2ccccc2,CHEMBL263089,IC50,7.3
7855462,COC(=O)C1(CCCN1c2ccc(cc2)C(O)(C(F)(F)F)C(F)(F)F)c3ccccc3,CHEMBL384298,IC50,7.3
7855110,COc1ccc(NC2=C(C(=O)N(Cc3ccccc3)C2=O)c4ccccc4)cc1,CHEMBL189938,EC50,7.3
7855839,C[C@@]1(CCC[C@@]2(C)[C@H]1CCc3ccc(O)cc23)C(=O)NCC4(CCCCC4)c5ccccc5,CHEMBL372612,EC50,7.3
7856600,Cc1cnc2c(Cl)cccc2c1c3cccc(Oc4cccc(c4)C(=O)N5CCCCC5)c3,CHEMBL460197,IC50,7.3
9578733,OC(c1ccc2N(CCc2c1)S(=O)(=O)c3ccccc3)(C(F)(F)F)C(F)(F)F,CHEMBL205937,EC50,7.3
7856579,CCOC(=O)c1cnc(nc1C(F)(F)F)N2CCn3c(nc4cc(CO)c(cc34)S(=O)(=O)C)[C@H]2C(C)C,CHEMBL3673684,Ki,7.31
7855594,COC(=O)[C@](F)([C@H]1Cc2[nH]c3ccc(Cl)cc3c2C1)S(=O)(=O)c4cccc(F)c4,CHEMBL455205,IC50,7.31
9578747,Cc1nc2c(cccn2c1c3cccc(Oc4cccc(c4)S(=O)(=O)C)c3)C(F)(F)F,CHEMBL605314,IC50,7.31
7856538,OC(=O)Cc1ccc(NCc2cccc(c2)c3c(Cc4ccccc4)cnc5c(cccc35)C(F)(F)F)cc1,CHEMBL216645,IC50,7.33
7856095,OCc1cccc(Oc2cccc(c2)c3c(cnc4c(cccc34)C(F)(F)F)c5ccccc5)c1,CHEMBL603743,IC50,7.33
7856011,CC(C(=O)O)c1cccc(OCCCN(CC(c2ccccc2)c3ccccc3)Cc4cccc(c4Cl)C(F)(F)F)c1,CHEMBL573603,EC50,7.34
7856485,CC(C)C1N(CCn2c1nc3cc(CO)c(cc23)S(=O)(=O)C)c4ncc(C(=O)C)c(n4)C(F)(F)F,CHEMBL3673708,Ki,7.34
7856455,CN(C)C(=O)c1ccc(cc1Cl)c2cnc(N3CCN(CC3)C(=O)[C@](O)(c4ccccc4)C(F)(F)F)c(c2)C#N,CHEMBL3809494,EC50,7.35
9578767,NC(=O)Cc1cccc(OCCCN(CC(c2ccccc2)c3ccccc3)Cc4cccc(c4Cl)C(F)(F)F)c1,CHEMBL58076,EC50,7.35
9578778,CS(=O)(=O)c1cccc(Oc2cccc(c2)n3cnc4c(cccc34)C(F)(F)F)c1,CHEMBL595222,IC50,7.36
7856022,CC(C)(C(=O)O)c1cccc(OCCCN(CC(c2ccccc2)c3ccccc3)Cc4cccc(c4Cl)C(F)(F)F)c1,CHEMBL573679,EC50,7.37
7854869,CC(C)[C@@H]1CN(CCN1c2nccc(n2)C(F)(F)F)c3cccc(c3)S(=O)(=O)C,CHEMBL3815014,Ki,7.37
7856839,CC(C)[C@H]1N(CCn2c1cc3cc(CO)c(cc23)S(=O)(=O)C)c4nccc(n4)C(F)(F)F,CHEMBL3672848,Ki,7.37
9578794,CC(C)c1nc2c(cccn2c1c3cccc(Oc4cccc(c4)S(=O)(=O)C)c3)C#N,CHEMBL596157,IC50,7.37
9578805,Cc1cnc2c(cccc2c1c3cccc(Oc4ccc(cc4)S(=O)(=O)C)c3)C(F)(F)F,CHEMBL593884,IC50,7.38
9578816,CC(C)CN(c1ccc(cc1)C(O)(C(F)(F)F)C(F)(F)F)S(=O)(=O)c2cccs2,CHEMBL380851,EC50,7.4
7855817,CN(c1ccc(cc1)C(O)(C(F)(F)F)C(F)(F)F)S(=O)(=O)c2ccccc2,CHEMBL203682,IC50,7.4
7854670,CCCc1c(OCCCOc2ccc(CC(=O)O)cc2Cl)ccc3c(noc13)C(F)(F)F,CHEMBL210768,IC50,7.41
9578831,CCS(=O)(=O)c1cc(F)cc(Oc2cccc(c2)n3c(C)nc4c(cccc34)C(F)(F)F)c1,CHEMBL594984,IC50,7.42
7856422,OCc1ccc(Oc2cccc(c2)c3c(cnc4c(Cl)cccc34)c5ccccc5)cc1,CHEMBL596262,IC50,7.44
3243322,CCCc1c(OCCCSc2ccc(CC(=O)O)cc2Cl)ccc3c(noc13)C(F)(F)F,CHEMBL23296,EC50,7.45
7855484,CS(=O)(=O)c1cc(ccc1CO)c2ccc(CN(Cc3ccccc3)S(=O)(=O)c4ccccc4C(F)(F)F)s2,CHEMBL3814006,IC50,7.47
7857036,Cc1cnc2c(Cl)cccc2c1c3cccc(Oc4cccc(c4)C(=O)N5CCCC5)c3,CHEMBL516464,IC50,7.47
7856611,OC(=O)Cc1cccc(CNc2cccc(c2)c3c(cnc4c(cccc34)C(F)(F)F)C(=O)c5ccccc5)c1,CHEMBL225937,IC50,7.47
7856411,OC(C(=O)O)c1ccc(CNc2cccc(c2)c3c(cnc4c(cccc34)C(F)(F)F)C(=O)c5ccccc5)cc1,CHEMBL226047,IC50,7.47
7856644,OCCc1ccc(CNc2cccc(c2)c3c(cnc4c(cccc34)C(F)(F)F)C(=O)c5ccccc5)cc1,CHEMBL226096,IC50,7.47
9578947,CC(C)S(=O)(=O)c1cccc(Oc2cccc(c2)c3c(C)nc4c(cccn34)C(F)(F)F)c1,CHEMBL596357,IC50,7.48
7857102,CS(=O)(=O)c1cc(ccc1F)c2cccc(c2)c3ccnc4c(cccc34)C(F)(F)F,CHEMBL1097160,IC50,7.5
7856882,Cc1cc(OCc2cccc(c2)c3c(Cc4ccccc4)cnc5c(cccc35)C(F)(F)F)c(C)cc1CC(=O)O,CHEMBL404468,IC50,7.51
9578962,CCOC(=O)C12CC3CC(CC(C3)(C1)NC(=O)[C@@]4(C)CCC[C@@]5(C)[C@H]4CCc6ccc(O)cc56)C2,CHEMBL196335,IC50,7.52
9578973,CCS(=O)(=O)c1cccc(Oc2cccc(c2)c3c(C)nc4c(cccn34)C(F)(F)F)c1,CHEMBL595937,IC50,7.52
9578984,CN(c1ccc(cc1)C(O)(C(F)(F)F)C(F)(F)F)S(=O)(=O)c2cccc(c2)c3ccccc3,CHEMBL206674,EC50,7.52
9578995,CS(=O)(=O)c1cccc(Oc2cccc(c2)c3c(nc4c(cccn34)C(F)(F)F)n5ccnc5)c1,CHEMBL608531,IC50,7.52
9579006,C[C@H](CCC=C(C)C)[C@H]1C[C@H](O)[C@@]2(C)C3=CC[C@H]4C(C)(C)[C@@H](O)CC[C@]4(C)C3=CC[C@]12C,CHEMBL486808,EC50,7.52
7854956,Cc1oc(nc1CN(CC(F)(F)F)c2ccc(cc2)C(O)(C(F)(F)F)C(F)(F)F)c3cccc(Cl)c3,CHEMBL386603,IC50,7.52
7856475,OC(=O)C(F)(F)c1ccc(CNc2cccc(c2)c3c(cnc4c(cccc34)C(F)(F)F)C(=O)c5ccccc5)cc1,CHEMBL376568,IC50,7.52
9579021,OC(c1ccc2N(CCCc2c1)S(=O)(=O)c3ccccc3)(C(F)(F)F)C(F)(F)F,CHEMBL381478,EC50,7.52
7856126,CN(C)c1noc(n1)[C@](F)([C@H]2Cc3[nH]c4ccc(Cl)cc4c3C2)S(=O)(=O)c5ccccc5,CHEMBL453616,IC50,7.54
7854847,CCCc1c(OCCCN(C)c2ncc(CC(=O)O)cn2)ccc3c(noc13)C(F)(F)F,CHEMBL210990,IC50,7.59
7856698,CCOC(=O)c1cnc(nc1C(F)(F)F)N2CCn3c(nc4cc(CO)c(cc34)S(=O)(=O)C)C2C(C)C,CHEMBL3673709,Ki,7.59
7854858,CC(C)[C@@H]1CN(CCN1c2nccc(n2)C(F)(F)F)c3ccc(F)c(c3)S(=O)(=O)C,CHEMBL3814153,Ki,7.6
7856774,CS(=O)(=O)c1cc(c(F)cc1F)c2cccc(c2)c3ccnc4c(cccc34)C(F)(F)F,CHEMBL1097140,IC50,7.6
9579041,CCCS(=O)(=O)c1cccc(Oc2cccc(c2)n3c(C)nc4c(cccc34)C(F)(F)F)c1,CHEMBL604907,IC50,7.62
7854570,COc1ccc(CN(C)S(=O)(=O)c2cccc(Oc3cccc(c3)c4c(nc5c(Cl)cccn45)C(C)C)c2)cc1,CHEMBL595915,IC50,7.62
7856063,CC(C)[C@H]1N(CCn2c1nc3cc(CO)c(cc23)S(=O)(=O)C)c4ncc(c(n4)C(F)(F)F)C(C)(C)O,CHEMBL3673675,Ki,7.64
7856311,CCC#CCC(C(=O)O)c1ccc(COc2cccc(c2)c3ccc(c4ncc(cc34)C(=O)c5ccccc5)C(F)(F)F)cc1,CHEMBL254541,IC50,7.68
7857223,Cc1cc(NCc2cccc(c2)c3c(Cc4ccccc4)cnc5c(cccc35)C(F)(F)F)c(C)cc1CC(=O)O,CHEMBL403418,IC50,7.68
7856719,Cc1cccc2c(c(Cc3ccccc3)cnc12)c4cccc(NCc5ccc(CC(=O)O)cc5)c4,CHEMBL225828,IC50,7.68
7857234,OC(=O)Cc1ccc(NCc2cccc(c2)c3c(Cc4ccccc4)cnc5c(cccc35)C(F)(F)F)c6ccccc16,CHEMBL404469,IC50,7.68
7857179,CCN(Cc1cscn1)c2ccc(cc2Cl)C(O)(C(F)(F)F)C(F)(F)F,CHEMBL215036,IC50,7.7
9579065,CN(c1ccc(cc1)C(O)(C(F)(F)F)C(F)(F)F)S(=O)(=O)c2cccc(c2)C#N,CHEMBL206626,EC50,7.7
9579076,Cc1nc2c(Cl)cccc2n1c3cccc(Oc4cccc(c4)S(=O)(=O)C(F)(F)F)c3,CHEMBL596593,IC50,7.7
7857058,FC(F)(F)c1cccc2c(c(Cc3ccccc3)cnc12)c4cccc(Oc5cccc(c5)C(=O)N6CCCCC6)c4,CHEMBL454596,IC50,7.7
7855861,Fc1ccc(CN2C(=O)C(=C(C=C2c3ccc(Oc4ccccc4)cc3)C(F)(F)F)C#N)c(F)c1,CHEMBL3360961,EC50,7.7
7856115,CCCc1c(OCCCN2C(=O)Cc3cc(CC(=O)O)ccc23)ccc4c(noc14)C(F)(F)F,CHEMBL207690,IC50,7.72
7855649,CCCc1c(OCCCN(C)c2ccc(CC(=O)O)cc2)ccc3c(noc13)C(F)(F)F,CHEMBL207019,IC50,7.75
7856569,CCCc1c(OCCCn2ccc3cc(CCC(=O)O)ccc23)ccc4c(noc14)C(F)(F)F,CHEMBL207907,IC50,7.75
7856073,CS(=O)(=O)c1cccc(c1)c2ccc(s2)c3cc(nn3Cc4ccc(F)cc4F)C(F)(F)F,CHEMBL3360963,EC50,7.75
7856633,Cc1cccc2c(c3cccc(NCc4ccc(CC(=O)O)cc4)c3)c(cnc12)C(=O)c5ccccc5,CHEMBL387484,IC50,7.75
7856893,CC(C)(C(=O)O)c1ccc(CNc2cccc(c2)c3c(cnc4c(cccc34)C(F)(F)F)C(=O)c5ccccc5)cc1,CHEMBL225884,IC50,7.76
7854470,Cc1nc2c(Cl)cccc2n1c3cc(Oc4cccc(c4)S(=O)(=O)C(F)(F)F)ccc3Cl,CHEMBL605723,IC50,7.77
7856752,OC(=O)Cc1ccc(COc2cccc(c2)c3ccc(c4ncc(cc34)C(=O)c5ccccc5)C(F)(F)F)cc1,CHEMBL254333,IC50,7.77
7856741,OC(=O)Cc1ccc(COc2cccc(c2)c3c(cnc4c(cccc34)C(F)(F)F)C(=O)c5ccccc5)cc1,CHEMBL386772,IC50,7.78
7855978,CCCc1c(OCCCn2ccc3cc(CC(=O)O)ccc23)ccc4c(noc14)C(F)(F)F,CHEMBL383728,IC50,7.8
7856818,Cc1cnc2c(cccc2c1c3cccc(NCc4ccc(CC(=O)O)cc4)c3)C(F)(F)F,CHEMBL389859,IC50,7.8
7856730,OC(=O)C(CC=C)c1ccc(COc2cccc(c2)c3ccc(c4ncc(cc34)C(=O)c5ccccc5)C(F)(F)F)cc1,CHEMBL403958,IC50,7.8
7857091,CC(C(=O)O)c1ccc(CNc2cccc(c2)c3c(cnc4c(cccc34)C(F)(F)F)C(=O)c5ccccc5)cc1,CHEMBL374804,IC50,7.82
7857245,FC(F)(F)c1cccc2c(c(Cc3ccccc3)cnc12)c4cccc(Oc5cccc(c5)C(=O)N6CCOCC6)c4,CHEMBL450409,IC50,7.82
7856168,CC1(COC(=O)[C@@]2(C)CCC[C@@]3(C)[C@H]2CCc4ccc(O)cc34)CCC[C@@]5(C)[C@H]1CCc6ccc(O)cc56,CHEMBL195184,IC50,7.85
9579121,CCc1nc2c(cccn2c1c3cccc(Oc4cccc(c4)S(=O)(=O)C)c3)C(F)(F)F,CHEMBL611465,IC50,7.85
7857157,CS(=O)(=O)c1cccc(Oc2cccc(c2)c3c(cnc4c(cccc34)C(F)(F)F)C#N)c1,CHEMBL600244,IC50,7.87
9579134,CC(C)CCS(=O)(=O)c1cccc(Oc2cccc(c2)c3c(C)cnc4c(cccc34)C(F)(F)F)c1,CHEMBL594174,IC50,7.89
9579145,Cc1nc2c(cccc2n1c3cccc(Oc4cc(F)cc(c4)S(=O)(=O)C)c3)C(F)(F)F,CHEMBL594983,IC50,7.89
9579156,Cc1nc2c(cccc2n1c3cccc(Oc4cccc(c4)S(=O)(=O)CCCO)c3)C(F)(F)F,CHEMBL596592,IC50,7.89
7855850,Cc1oc(nc1CN(CC(F)(F)F)c2ccc(cc2)C(O)(C(F)(F)F)C(F)(F)F)c3cccc(c3)C(F)(F)F,CHEMBL215042,IC50,7.89
7856148,Cc1ccccc1S(=O)(=O)N(Cc2ccc(cc2)c3cccc(c3)S(=O)(=O)C)Cc4c(F)cccc4Cl,CHEMBL1091976,EC50,7.9
7856322,CCCc1c(OCCCN(C)c2ccc(CC(=O)O)c(Cl)c2)ccc3c(noc13)C(F)(F)F,CHEMBL208967,IC50,7.92
7857069,CCN(CC)C(=O)c1cccc(Oc2cccc(c2)c3c(Cc4ccccc4)cnc5c(cccc35)C(F)(F)F)c1,CHEMBL505445,IC50,7.92
7856981,Cc1ccc(cc1S(=O)(=O)C)c2cccc(c2)c3c(C)cnc4c(cccc34)C(F)(F)F,CHEMBL1098850,IC50,7.92
7854333,FC(F)(F)c1cccc2c(c(Cc3ccccc3)cnc12)c4cccc(Oc5cccc(c5)C(=O)N6CCCC6)c4,CHEMBL502579,IC50,7.92
7857025,Cc1cc(CC(=O)O)c(C)cc1COc2cccc(c2)c3c(Cc4ccccc4)cnc5c(cccc35)C(F)(F)F,CHEMBL254945,IC50,7.96
7857278,NC(=O)Cc1ccc(CNc2cccc(c2)c3c(cnc4c(cccc34)C(F)(F)F)C(=O)c5ccccc5)cc1,CHEMBL226049,IC50,7.96
7856213,Cc1cnc2c(cccc2c1c3cccc(Oc4cccc(CO)c4)c3)C(F)(F)F,CHEMBL595118,IC50,7.99
7856280,CC(=O)Oc1ccc2CC[C@H]3[C@](C)(CCC[C@]3(C)c2c1)C(=O)OC(=O)C4(C)CCC[C@@]5(C)[C@H]4CCc6ccc(OC(=O)C)cc56,CHEMBL191965,EC50,8.0
9579187,CC(C)c1nc2c(Cl)cccn2c1c3cccc(Oc4cccc(c4)S(=O)(=O)C)c3,CHEMBL603956,IC50,8.0
7856860,CS(=O)(=O)c1cccc(c1)c2ccc(CN(Cc3ccc(F)cc3Cl)S(=O)(=O)c4ccccc4)cc2,CHEMBL1091034,EC50,8.0
7856959,Cc1cnc2c(cccc2c1c3cccc(c3)c4cc(c(F)cc4F)S(=O)(=O)C)C(F)(F)F,CHEMBL1097159,IC50,8.0
7857267,Cc1cnc2c(cccc2c1c3cccc(c3)c4ccc(F)c(c4)S(=O)(=O)C)C(F)(F)F,CHEMBL1097158,IC50,8.0
7854368,OC(=O)Cc1ccc(COc2cccc(c2)c3c(Cc4ccccc4)cnc5c(cccc35)C(F)(F)F)cc1,CHEMBL214719,IC50,8.0
9579206,OC(c1ccc2N(CCCCc2c1)S(=O)(=O)c3ccccc3)(C(F)(F)F)C(F)(F)F,CHEMBL380612,EC50,8.0
7856378,CNC(=O)c1cccc(Oc2cccc(c2)c3c(C)cnc4c(Cl)cccc34)c1,CHEMBL461890,IC50,8.05
7856257,C[C@H](CCOc1cccc(c1)C(C)(C)C(=O)O)N(CC(c2ccccc2)c3ccccc3)Cc4cccc(c4Cl)C(F)(F)F,CHEMBL584568,EC50,8.05
7857256,Cc1cnc2c(cccc2c1c3cccc(c3)c4cccc(c4)S(=O)(=O)C)C(F)(F)F,CHEMBL1094741,IC50,8.05
7857080,OC(=O)Cc1ccc(CNc2cccc(c2)c3c(cnc4c(Cl)cccc34)C(=O)c5ccccc5)cc1,CHEMBL225935,IC50,8.05
7854736,CC(C)CS(=O)(=O)c1cccc(Oc2cccc(c2)c3c(C)cnc4c(cccc34)C(F)(F)F)c1,CHEMBL595345,IC50,8.09
7854379,CC(C)c1cnc2c(cccc2c1c3cccc(c3)c4cccc(c4)S(=O)(=O)C)C(F)(F)F,CHEMBL1097799,IC50,8.09
7854825,COc1ccc(Oc2cccc(c2)c3c(C)cnc4c(cccc34)C(F)(F)F)cc1S(=O)(=O)C,CHEMBL607090,IC50,8.09
9579231,Cc1cnc2c(cccc2c1c3cccc(Oc4cccc(c4)S(=O)(=O)CCC(C)(C)O)c3)C(F)(F)F,CHEMBL604582,IC50,8.09
7854426,OC(=O)Cc1ccc(CNc2cccc(c2)c3c(Cc4ccccc4)cnc5c(cccc35)C(F)(F)F)cc1,CHEMBL217118,IC50,8.1
7856915,OC(=O)Cc1ccc(CNc2cccc(c2)c3c(cnc4c(cccc34)C(F)(F)F)c5ccccc5)cc1,CHEMBL226461,IC50,8.1
9579246,OC(c1ccc(cc1)N(C2CCCC2)S(=O)(=O)c3ccccc3)(C(F)(F)F)C(F)(F)F,CHEMBL206738,EC50,8.1
7856904,CCCc1cnc2c(cccc2c1c3cccc(c3)c4cccc(c4)S(=O)(=O)C)C(F)(F)F,CHEMBL1096719,IC50,8.12
9579259,CNS(=O)(=O)c1cccc(Oc2cccc(c2)c3c(nc4c(Cl)cccn34)C(C)C)c1,CHEMBL595917,IC50,8.13
7854390,CS(=O)(=O)c1cccc(Oc2cccc(c2)c3c(nc4c(cccn34)C(F)(F)F)c5ccccc5)c1,CHEMBL611734,IC50,8.14
9579272,CS(=O)(=O)c1cccc(Oc2cccc(c2)c3ccnc4c(Cl)cccc34)c1,CHEMBL593471,IC50,8.14
7854287,Cc1nc2c(Cl)cccc2n1c3cccc(Oc4cccc(c4)S(=O)(=O)C)c3,CHEMBL594994,IC50,8.14
7854243,CS(=O)(=O)c1cccc(c1)c2cccc(c2)c3c(Cc4ccccc4)cnc5c(cccc35)C(F)(F)F,CHEMBL1098401,IC50,8.16
9579287,Cc1nc2c(cccc2n1c3cccc(Oc4cccc(c4)S(=O)(=O)C)c3)C(F)(F)F,CHEMBL594757,IC50,8.16
7857146,OC(=O)Cc1ccc(CNc2cccc(c2)c3c(cnc4c(cccc34)C(F)(F)F)C(=O)c5ccccc5)cc1,CHEMBL226408,IC50,8.16
7857190,CCOC(=O)c1cnc2c(cccc2c1c3cccc(Oc4cccc(c4)S(=O)(=O)C)c3)C(F)(F)F,CHEMBL590098,IC50,8.18
7857124,Cc1cnc2c(Cl)cccc2c1c3cccc(Oc4cccc(c4)C(C)(C)O)c3,CHEMBL606157,IC50,8.18
9579304,CC(C)(C)c1nc2c(cccn2c1c3cccc(Oc4cccc(c4)S(=O)(=O)C)c3)C(F)(F)F,CHEMBL611467,IC50,8.19
7856708,CS(=O)(=O)c1cccc(c1)c2ccc(CN(Cc3c(F)cccc3Cl)S(=O)(=O)c4ccccc4)cc2,CHEMBL1093554,EC50,8.2
7857168,CC#CCC(C(=O)O)c1ccc(COc2cccc(c2)c3ccc(c4ncc(cc34)C(=O)c5ccccc5)C(F)(F)F)cc1,CHEMBL254539,IC50,8.22
7856992,CCN(CCc1ccccc1)c2ccc(cc2Cl)C(O)(C(F)(F)F)C(F)(F)F,CHEMBL386530,IC50,8.22
7857014,CCN(Cc1nc(oc1C)c2cccc(c2)C(F)(F)F)c3ccc(cc3)C(O)(C(F)(F)F)C(F)(F)F,CHEMBL214867,IC50,8.22
7856515,CCN(Cc1nc(oc1C)c2cccc(c2)C(F)(F)F)c3ccc(cc3Cl)C(O)(C(F)(F)F)C(F)(F)F,CHEMBL383944,IC50,8.22
9579325,CCS(=O)(=O)c1cccc(Oc2cccc(c2)n3c(C)nc4c(cccc34)C(F)(F)F)c1,CHEMBL595483,IC50,8.24
9579336,CC(C)S(=O)(=O)c1cccc(Oc2cccc(c2)n3c(C)nc4c(Cl)cccc34)c1,CHEMBL596591,IC50,8.25
9579347,CC(C)S(=O)(=O)c1cccc(Oc2cccc(c2)n3c(C)nc4c(cccc34)C(F)(F)F)c1,CHEMBL594050,IC50,8.27
7856937,CC(C)(O)c1cccc(Oc2cccc(c2)c3c(Cc4ccccc4)cnc5c(cccc35)C(F)(F)F)c1,CHEMBL595124,IC50,8.28
7854232,CCS(=O)(=O)c1cccc(Oc2cccc(c2)n3c(C)nc4c(Cl)cccc34)c1,CHEMBL593814,IC50,8.29
7856688,CCN(Cc1nc(oc1C)c2cccc(Cl)c2)c3ccc(cc3)C(O)(C(F)(F)F)C(F)(F)F,CHEMBL215789,IC50,8.3
7857289,OC(=O)Cc1ccc(CNc2cccc(c2)c3c(Cc4ccccc4)cnc5c(Cl)cccc35)cc1,CHEMBL225936,IC50,8.3
7854548,CCc1cnc2c(cccc2c1c3cccc(c3)c4cccc(c4)S(=O)(=O)C)C(F)(F)F,CHEMBL1098403,IC50,8.32
7855033,Cc1nc2c(Cl)cccc2n1c3cc(Oc4cc(F)cc(c4)S(=O)(=O)C)ccc3Cl,CHEMBL595455,IC50,8.33
7854344,CS(=O)(=O)c1cccc(Oc2cccc(c2)n3c(nc4c(cccc34)C(F)(F)F)C5CC5)c1,CHEMBL595011,IC50,8.38
7855000,CC(C)S(=O)(=O)c1cccc(Oc2ccc(Cl)c(c2)n3cnc4c(cccc34)C(F)(F)F)c1,CHEMBL595248,IC50,8.4
7857212,CS(=O)(=O)c1cccc(c1)c2ccc(s2)C3=CC(=C(C#N)C(=O)N3Cc4ccc(F)cc4F)C(F)(F)F,CHEMBL3360960,EC50,8.4
7856084,Cc1nc2c(Cl)cccc2n1c3cc(Oc4cccc(c4)S(=O)(=O)C)ccc3Cl,CHEMBL606143,IC50,8.43
7855176,CC(C)S(=O)(=O)c1cccc(Oc2ccc(Cl)c(c2)n3c(C)nc4c(Cl)cccc34)c1,CHEMBL595454,IC50,8.44
9579380,CC(C)c1nc2c(cccn2c1c3cccc(Oc4cccc(c4)S(=O)(=O)C)c3)C(F)(F)F,CHEMBL611466,IC50,8.46
7856190,CCS(=O)(=O)c1cccc(Oc2ccc(Cl)c(c2)n3c(C)nc4c(Cl)cccc34)c1,CHEMBL595249,IC50,8.46
7855872,COCCCS(=O)(=O)c1cccc(Oc2cccc(c2)c3c(C)cnc4c(cccc34)C(F)(F)F)c1,CHEMBL595804,IC50,8.5
7857003,CCN(Cc1ccccc1)c2ccc(cc2Cl)C(O)(C(F)(F)F)C(F)(F)F,CHEMBL215663,IC50,8.52
7855530,Cc1cnc2c(cccc2c1c3cccc(Oc4cc(Cl)cc(c4)S(=O)(=O)C)c3)C(F)(F)F,CHEMBL594176,IC50,8.52
7855121,CS(=O)(=O)c1cccc(Oc2cccc(c2)c3ccnc4c(cccc34)C(F)(F)F)c1,CHEMBL593241,IC50,8.55
7855209,CS(=O)(=O)c1cccc(Oc2ccc(Cl)c(c2)n3cnc4c(cccc34)C(F)(F)F)c1,CHEMBL594288,IC50,8.57
7855691,CCCS(=O)(=O)c1cccc(Oc2cccc(c2)c3c(C)cnc4c(cccc34)C(F)(F)F)c1,CHEMBL595580,IC50,8.59
7856829,CC(C)S(=O)(=O)c1cccc(Oc2cccc(c2)c3ccnc4c(cccc34)C(F)(F)F)c1,CHEMBL595344,IC50,8.62
7855187,CCS(=O)(=O)c1cccc(Oc2ccc(Cl)c(c2)n3cnc4c(cccc34)C(F)(F)F)c1,CHEMBL594367,IC50,8.62
7857300,CC1(CCC[C@@]2(C)[C@H]1CCc3ccc(O)cc23)C(=O)OC(=O)C4(C)CCCC5(C)C4CCc6ccc(O)cc56,CHEMBL555373,IC50,8.7
7856849,CCN(Cc1nc(oc1C)c2cccc(Cl)c2)c3ccc(cc3Cl)C(O)(C(F)(F)F)C(F)(F)F,CHEMBL215108,IC50,8.7
7856389,CS(=O)(=O)c1cccc(Oc2cccc(c2)c3c(CN4CCSC4)nc5c(cccn35)C(F)(F)F)c1,CHEMBL612007,IC50,8.7
7857135,Cc1cnc2c(cccc2c1c3cccc(Oc4cccc(c4)S(=O)(=O)C)c3)C(F)(F)F,CHEMBL595689,IC50,8.7
7855605,OC(=O)C(CC#C)(CC#C)c1ccc(COc2cccc(c2)c3ccc(c4ncc(cc34)C(=O)c5ccccc5)C(F)(F)F)cc1,CHEMBL254542,IC50,8.7
7856549,Cc1cnc2c(cccc2c1c3cccc(Oc4cc(F)cc(c4)S(=O)(=O)C)c3)C(F)(F)F,CHEMBL594175,IC50,8.72
7856433,CC(C)S(=O)(=O)c1cccc(Oc2cccc(c2)c3c(C)cnc4c(cccc34)C(F)(F)F)c1,CHEMBL595113,IC50,8.75
7855702,CCc1nc2c(cccc2n1c3cccc(Oc4cccc(c4)S(=O)(=O)C)c3)C(F)(F)F,CHEMBL595936,IC50,8.77
7856589,CCS(=O)(=O)c1cccc(Oc2cccc(c2)c3c(C)cnc4c(cccc34)C(F)(F)F)c1,CHEMBL593473,IC50,8.8
7855572,CC(C)c1nc2c(Cl)cccc2n1c3cccc(Oc4cccc(c4)S(=O)(=O)C)c3,CHEMBL594063,IC50,8.82
7856796,Cc1cnc2c(cccc2c1c3cccc(Oc4cccc(c4)S(=O)(=O)CCCO)c3)C(F)(F)F,CHEMBL593472,IC50,8.85
7856666,CS(=O)(=O)c1cccc(Oc2cccc(c2)n3c(nc4c(cccc34)C(F)(F)F)C(F)(F)F)c1,CHEMBL605730,IC50,8.89
7856948,CS(=O)(=O)c1cccc(Oc2cccc(c2)c3c(Cc4ccccc4)cnc5c(Cl)cccc35)c1,CHEMBL606539,IC50,8.92
7857113,CS(=O)(=O)c1cccc(Oc2cccc(c2)n3c(Cc4ccc(F)cc4)nc5c(cccc35)C(F)(F)F)c1,CHEMBL594062,IC50,8.92
7856785,CS(=O)(=O)c1cccc(Oc2cccc(c2)n3c(nc4c(cccc34)C(F)(F)F)c5ccccc5)c1,CHEMBL595224,IC50,8.96
7856926,Cc1cnc2c(Cl)cccc2c1c3cccc(Oc4cccc(c4)S(=O)(=O)C)c3,CHEMBL595782,IC50,8.96
9579441,CC(=O)Oc1ccc2CC[C@H]3[C@](C)(CCC[C@]3(C)c2c1)C(=O)OC(=O)[C@@]4(C)CCC[C@@]5(C)[C@H]4CCc6ccc(OC(=O)C)cc56,CHEMBL506838,EC50,9.0
7855956,CC(C)c1nc2c(cccc2n1c3cccc(Oc4cccc(c4)S(=O)(=O)C)c3)C(F)(F)F,CHEMBL603636,IC50,9.0
7857312,C[C@@]1(CCC[C@@]2(C)[C@H]1CCc3ccc(O)cc23)C(=O)NC(=O)C4(C)CCC[C@@]5(C)[C@H]4CCc6ccc(O)cc56,CHEMBL365544,EC50,9.0
7857047,OC(c1ccc(N(Cc2ccccc2)CC(F)(F)F)c(Cl)c1)(C(F)(F)F)C(F)(F)F,CHEMBL384246,IC50,9.0
7857201,CS(=O)(=O)c1cccc(Oc2cccc(c2)c3c(Cc4ccccc4)cnc5c(cccc35)C(F)(F)F)c1,CHEMBL592506,IC50,9.04
7856622,CS(=O)(=O)c1cccc(Oc2cccc(c2)c3c(Cc4ccccc4)nc5c(cccn35)C(F)(F)F)c1,CHEMBL611735,IC50,9.09
7856970,CC(C)Cc1nc2c(cccc2n1c3cccc(Oc4cccc(c4)S(=O)(=O)C)c3)C(F)(F)F,CHEMBL595012,IC50,9.1
