id,smiles,name,assay_type,activity_value
720114,CC1=CC=CC(CN2CCN(CC2)C(C2=CC=CC=C2)C2=CC=C(Cl)C=C2)=C1,meclozine,IC50,7.15999985
720142,Clc1ccccc1C(c2ccccc2)(c3ccccc3)n4ccnc4,CHEMBL104,IC50,7.0
720153,CC(C)OC(=O)Nc1ccc2CCc3ccccc3N(C(=O)COC4CC4)c2c1,CHEMBL3763979,IC50,7.09
720165,Clc1ccc(cc1)c2nc3sccn3c2\C=N\OCc4ccc(Cl)c(Cl)c4,CHEMBL458603,EC50,7.13
720176,CCOC(=O)Nc1ccc2CCc3ccccc3N(C(=O)COC(C)(C)C)c2c1,CHEMBL3765243,IC50,7.15
720187,CC(C)OCC(=O)N1c2ccccc2CCc3ccc(NC(=O)OC(C)C)cc13,CHEMBL3763758,IC50,7.22
720198,CC(C)OC(=O)Nc1ccc2CCc3ccccc3N(C(=O)COC4CCC4)c2c1,CHEMBL3764324,IC50,7.43
720209,CCOC(=O)Nc1ccc2CCc3ccccc3N(C(=O)Cn4cccc4)c2c1,CHEMBL3763695,IC50,7.43
720220,CCC(C)OCC(=O)N1c2ccccc2CCc3ccc(NC(=O)OC(C)C)cc13,CHEMBL3765692,IC50,7.45
720231,CC(C)(C)OC(=O)Nc1ccc2CCc3ccccc3N(C(=O)Cn4cccc4)c2c1,CHEMBL3764583,IC50,7.5
720242,CC(C)OC(=O)Nc1ccc2CCc3ccccc3N(C(=O)COC4CCCCC4)c2c1,CHEMBL3764168,IC50,7.62
720253,O=C(Nc1ccc2CCc3ccccc3N(C(=O)Cn4cccc4)c2c1)OC5CC5,CHEMBL3763725,IC50,7.66
720264,CC(C)OC(=O)Nc1ccc2CCc3ccccc3N(C(=O)COCC(C)(C)C)c2c1,CHEMBL3765064,IC50,7.67
720275,CC(C)OC(=O)Nc1ccc2CCc3ccccc3N(C(=O)Cn4cccc4)c2c1,CHEMBL3764750,IC50,7.68
720286,O=C(Nc1ccc2CCc3ccccc3N(C(=O)Cn4cccc4)c2c1)OC5CCC5,CHEMBL3763664,IC50,7.7
720297,CC(C)OC(=O)Nc1ccc2CCc3ccccc3N(C(=O)COC4CCCC4)c2c1,CHEMBL3763536,IC50,7.71
720308,O=C(Nc1ccc2CCc3ccccc3N(C(=O)Cn4cccc4)c2c1)OC5CCCC5,CHEMBL3763399,IC50,7.86
720319,O=C(Nc1ccc2CCc3ccccc3N(C(=O)Cn4cccc4)c2c1)OC5CCCCC5,CHEMBL3763793,IC50,7.93
