id,smiles,name,assay_type,activity_value
5589690,[H][C@@]12CC(=O)C(=CC)[C@@]1(C)CC[C@@]1([H])[C@@]2([H])CCC2=CC(=O)CC[C@]12C,guggulsterone,IC50,8.62
5589728,CCOP(=O)(OCC)C(=Cc1cc(c(O)c(c1)C(C)(C)C)C(C)(C)C)P(=O)(OCC)OCC,CHEMBL458767,EC50,7.1
5589739,OC(c1ccccc1)(c2ccc(cc2)N(CC(F)(F)F)S(=O)(=O)c3ccccc3)C(F)(F)F,CHEMBL242293,IC50,7.2
1828516,OC(c1ccc(cc1)N(CC(F)(F)F)S(=O)(=O)c2ccccc2)(C(F)(F)F)C(F)(F)F,CHEMBL62136,IC50,7.4
5589752,CCN(c1ccc(cc1)C(O)(C(F)(F)F)C(F)(F)F)S(=O)(=O)c2ccccc2,CHEMBL2326845,EC50,7.41
5589762,CC(C)C(=O)[C@@]12C(=O)C(=C(O)[C@@](CC=C(C)C)(C[C@H](CC=C(C)C)[C@@]1(C)CCC=C(C)C)C2=O)CC=C(C)C,CHEMBL501711,Ki,7.57
5589773,OC(C1CCCCC1)(c2ccc(cc2)N(CC(F)(F)F)S(=O)(=O)c3ccccc3)C(F)(F)F,CHEMBL396952,IC50,7.6
5589784,OC(c1ccc(cc1)N(CC(F)(F)F)S(=O)(=O)c2ccccc2)(C(F)(F)F)C(F)(F)C(F)(F)C(F)(F)F,CHEMBL430006,IC50,7.7
5589795,Cc1cc(C)c(c(C)c1)S(=O)(=O)Nc2ccc3c(c2)ncn3Cc4ccccc4,CHEMBL464497,EC50,8.09
5589806,Cc1c(C)c(C)c(c(C)c1C)S(=O)(=O)Nc2ccc3c(c2)ncn3Cc4ccccc4,CHEMBL463678,EC50,8.1
5589817,C\C=C/1\C(=O)C[C@H]2[C@@H]3CCC4=CC(=O)CC[C@]4(C)[C@H]3CC[C@]12C,CHEMBL402063,IC50,8.62
5589828,C\C=C\1/C(=O)C[C@H]2[C@@H]3CCC4=CC(=O)CC[C@]4(C)[C@H]3CC[C@]12C,CHEMBL410683,IC50,8.62
