id,smiles,name,assay_type,activity_value
5602198,CC(=O)S[C@@H]1CC2=CC(=O)CC[C@]2(C)[C@H]3CC[C@@]4(C)[C@@H](CC[C@@]45CCC(=O)O5)[C@H]13,spironolactone,IC50,9.8844
6587208,[H][C@@]12CC[C@@]3(CCC(=O)O3)[C@@]1(C)C[C@H]1O[C@@]11[C@@]2([H])[C@@H](CC2=CC(=O)CC[C@]12C)C(=O)OC,eplerenone,IC50,7.0
6587218,[H][C@@]12[C@@H]3C[C@@H]3[C@@]3(CCC(=O)O3)[C@@]1(C)CC[C@@]1([H])[C@@]2([H])[C@H]2C[C@H]2C2=CC(=O)CC[C@]12C,drospirenone,IC50,10.5
6587228,[H][C@@]12CC[C@H](C(=O)COC(=O)C(C)(C)C)[C@@]1(C)CC[C@@]1([H])[C@@]2([H])CCC2=CC(=O)CC[C@]12C,desoxycorticosterone pivalate,EC50,11.0
6587238,[H][C@@]12CC[C@](O)(C(=O)COC(C)=O)[C@@]1(C)C[C@H](O)[C@@]1(F)[C@@]2([H])CCC2=CC(=O)CC[C@]12C,fludrocortisone acetate,IC50,9.92000008
6587248,[H][C@@]12CC[C@H](C(=O)COC(C)=O)[C@@]1(C)CC[C@@]1([H])[C@@]2([H])CCC2=CC(=O)CC[C@]12C,desoxycorticosterone acetate,N/A,N/A
5063675,[H][C@@]12CC[C@H](C(=O)CO)[C@@]1(C)CC[C@@]1([H])[C@@]2([H])CCC2=CC(=O)CC[C@]12C,desoxycortone,IC50,11.0
6587259,[H][C@@]12CC[C@@]3(CCC(=O)O3)[C@@]1(C)CC[C@@]1([H])[C@@]2([H])C=CC2=CC(=O)CC[C@]12C,canrenone,IC50,6.52287865
6587310,C[C@@H](N1C(=O)O[C@](Cc2ccccc2)(C(=O)Nc3ccc(F)cc3)C1=O)c4ccccc4,CHEMBL2407682,IC50,7.0
6587321,C[C@@H](N1C(=O)O[C@](Cc2ccccc2)(C(=O)Nc3ccc(cc3)C#N)C1=O)c4ccccc4,CHEMBL2407684,IC50,7.0
6587332,Cc1cc(C)c(c(C)c1)S(=O)(=O)NC(Cn2ccc3c(cccc23)C#N)C(F)(F)F,CHEMBL3093457,IC50,7.0
6587343,Cc1nn(Cc2ccccc2)c(c3ccc(F)cc3)c1c4ccc5OCC(=O)Nc5c4,CHEMBL3337731,IC50,7.0
6587353,NC(=O)Nc1cc(CC(C2CC2)c3ccccc3)ccn1,CHEMBL3643678,IC50,7.0
6587362,NC(=O)Nc1cc(CCc2ccc(cc2)C(F)(F)F)ccn1,CHEMBL3643689,IC50,7.0
6587372,CC(C)(CC(O)(CN1C=CC(=O)c2ccccc12)C(F)(F)F)c3cccc4CCOc34,CHEMBL373497,IC50,7.01
6587383,Cc1nn(CCC(F)(F)CO)c(c2ccc(F)cc2)c1c3ccc4OCC(=O)Nc4c3,CHEMBL3337832,IC50,7.02
6587394,CC1NC(=O)C(=C1c2ccc3OCC(=O)Nc3c2)c4ccc(F)cc4,CHEMBL2419298,IC50,7.03
6587405,CC1NC(=O)C(=C1c2cc(F)c3OCC(=O)Nc3c2)c4ccc(F)cc4,CHEMBL2419299,IC50,7.04
6587416,COc1ccc(C)c(c1)C(C)(C)CC(O)(CN2C=CC(=O)c3ccccc23)C(F)(F)F,CHEMBL219561,IC50,7.04
6587426,C[C@]12CC[C@@H]3[C@H]4CCC(=O)C=C4C=C[C@H]3[C@@H]1CC[C@]25OCC=C5,CHEMBL3692346,IC50,7.04
6587436,Cc1cc(C)c(c(C)c1)S(=O)(=O)NC(Cc2c[nH]c3c(C)cccc23)C(F)(F)F,CHEMBL3093448,IC50,7.05
6587447,Cc1ccc2[nH]cc(CC(NS(=O)(=O)c3c(C)cc(C)cc3C)C(F)(F)F)c2c1,CHEMBL3093446,IC50,7.05
5596140,COc1ccc(cc1)C(c2ccccc2)c3c[nH]c4ccccc34,CHEMBL1672540,Ki,7.06
6587459,NC(=O)Nc1cc(CCc2cccc(F)c2)ccn1,CHEMBL3643669,IC50,7.07
6587470,CC1NC(=O)C(=C1c2cc(C)c3OCC(=O)Nc3c2)c4ccc(F)cc4,CHEMBL2419301,IC50,7.08
6587481,Cc1ccc(F)cc1C(C)(C)CC(O)(Cc2cc3cnncc3[nH]2)C(F)(F)F,CHEMBL3126951,IC50,7.08
6587492,CCCn1nc(C)c(c2ccc3OCC(=O)Nc3c2)c1c4ccc(F)cc4,CHEMBL3337730,IC50,7.09
6587503,C[C@@H](N1C(=O)O[C@@](Cc2ccccc2)(C1=O)c3oc(nn3)C4(CC4)c5ccccc5)c6ccccc6,CHEMBL3234863,IC50,7.09
6587514,CC1=NOC(=O)c2ccc(NC(=O)C(O)(CC(C)(C)c3cccc4CCOc34)C(F)(F)F)cc12,CHEMBL216272,IC50,7.1
353580,C[C@H](CCC(=O)O)[C@H]1CC[C@H]2[C@@H]3[C@H](O)C[C@@H]4CC(CC[C@]4(C)[C@H]3C[C@H](O)[C@]12C)OCCCN(C)c5ccc(cc5)[C@H]6C[C@@]7(C)[C@@H](CC[C@@]7(O)C#C)[C@@H]8CCC9=CC(=O)CCC9=C68,CHEMBL415621,Ki,7.1
6587527,Cc1cc(C)c(c(C)c1)S(=O)(=O)NC(Cc2c[nH]c3cccc(C)c23)C(F)(F)F,CHEMBL3093445,IC50,7.1
6587538,Cc1cc(C)c(c(C)c1)S(=O)(=O)NC(Cc2c[nH]c3ccccc23)C(F)(F)F,CHEMBL3093443,IC50,7.1
6587549,Cc1ccccc1n2nc(cc2c3ccc4OCC(=O)Nc4c3)C(F)(F)F,CHEMBL1929036,IC50,7.1
6587560,FC(F)(F)C(Cc1c[nH]c2ccccc12)NS(=O)(=O)c3c(Cl)cc(Cl)cc3Cl,CHEMBL3093442,IC50,7.1
6587570,Cc1cccc(CCc2ccnc(NC(=O)N)c2)c1,CHEMBL3643682,IC50,7.11
6587580,Cc1cc(F)ccc1n2nc(cc2c3cc(F)c4OCC(=O)Nc4c3)C(F)(F)F,CHEMBL1929040,IC50,7.12
6587590,NC(=O)Nc1cc(CCc2ccccc2F)ccn1,CHEMBL3643685,IC50,7.12
6587600,Cc1nn(CCCCO)c(c2ccc(F)cc2)c1c3ccc4OCC(=O)Nc4c3,CHEMBL3337734,IC50,7.13
6587611,C[C@@H](N1C(=O)O[C@@](Cc2ccccc2)(C1=O)c3nc4c(F)cccc4[nH]3)c5ccc(F)cc5,CHEMBL3578291,IC50,7.14
6587621,NC(=O)Nc1cc(CCc2cccc(c2)C(F)(F)F)ccn1,CHEMBL3643681,IC50,7.14
6587631,Cc1nn(CC(F)(F)CO)c(c2ccc(F)cc2)c1c3ccc4OCC(=O)Nc4c3,CHEMBL3337829,IC50,7.15
6587642,Cc1cc(C)c(c(C)c1)S(=O)(=O)NC(Cc2c[nH]c3c(cccc23)C#N)C(F)(F)F,CHEMBL3093452,IC50,7.16
6587653,O=C1COc2ccc(cc2N1)C3=Nc4ccccc4SC3c5ccccc5,CHEMBL1928878,IC50,7.16
6587664,CC1N(C2CC2)C(=O)C(=C1c3ccc4OCC(=O)Nc4c3)c5ccc(F)cc5,CHEMBL2419296,IC50,7.17
6587675,COc1cc(OC)cc(c1)c2cnc([nH]2)[C@@]3(Cc4ccccc4)OC(=O)N([C@H](C)c5ccccc5)C3=O,CHEMBL3234850,IC50,7.17
6587685,CC[C@]12CC[C@@H]3[C@H]4CCC(=O)C=C4C=C[C@H]3[C@@H]1CC[C@]25OCC=C5,CHEMBL3692352,IC50,7.18
6587695,C[C@@H](N1C(=O)O[C@@](Cc2ccccc2)(C1=O)c3nc4cc(ccc4[nH]3)c5cccnc5Cl)c6ccc(F)cc6,CHEMBL3578289,IC50,7.19
6587706,Cc1cc(C)c(c(C)c1)S(=O)(=O)NC(Cn2cc(C#N)c3ccccc23)C(F)(F)F,CHEMBL3093456,IC50,7.19
6587717,C[C@@H](N1C(=O)O[C@@](Cc2ccccc2)(C1=O)c3nc4cc(ccc4[nH]3)c5conc5)c6ccc(F)cc6,CHEMBL3578283,IC50,7.21
6587727,NC(=O)Nc1cc(ccn1)c2ccnn2c3ccc(F)cc3,CHEMBL3643648,IC50,7.21
6587739,CC(C)(CC(C)(O)C(=O)Nc1ccc2C(=O)OCc2c1)c3ccccc3,CHEMBL195021,IC50,7.22
6587750,CC(C)Cn1nc(C)c(c2ccc3OCC(=O)Nc3c2)c1c4ccc(F)cc4,CHEMBL3337824,IC50,7.22
6587761,COc1ccc(F)cc1C(C)(C)C[C@@](O)(Cc2cc3cnccc3[nH]2)C(F)(F)F,CHEMBL1253819,IC50,7.24
5601551,C[C@]12CC[C@@H]3[C@H]4CCC(=O)C=C4C[C@@H](C=C)[C@H]3[C@@H]1CC[C@]25OCC=C5,CHEMBL3692349,IC50,7.24
6587773,COc1nc(ccc1C(=O)O)C2=NN([C@H](C2)C3CCCC3)c4ccc(C#N)c(Cl)c4,CHEMBL3263758,IC50,7.25
6587784,COc1cc(CNC(=O)[C@@]2(Cc3ccccc3)OC(=O)N([C@H](C)c4ccc(Cl)cc4)C2=O)cc(OC)c1,CHEMBL2407645,IC50,7.26
6587795,COc1cc(CNC(=O)[C@@]2(Cc3ccccc3)OC(=O)N([C@H](C)c4ccccc4)C2=O)cc(OC)c1,CHEMBL2407668,IC50,7.27
6587805,Cc1ccccc1C(Cc2ccnc(NC(=O)N)c2)c3ccccc3,CHEMBL3643680,IC50,7.27
6587815,CC(=O)[C@H]1CC[C@H]2[C@@H]3CCC4=CC(=O)CC[C@]4(C)[C@H]3[C@@H](O)C[C@]12C,CHEMBL2440888,EC50,7.3
6587826,CO\N=C(/C)\c1ccsc1\C=C\2/Oc3ccc(O)c(OC)c3c4ccc5NC(C)(C)C=C(C)c5c24,CHEMBL397920,Ki,7.32
6587837,COc1ccc(F)cc1C(C)(C)CC(O)(Cn2ccc3ncccc23)C(F)(F)F,CHEMBL1254994,IC50,7.32
6587847,NC(=O)Nc1cc(ccn1)c2cc(nn2c3ccc(F)cc3)C(F)(F)F,CHEMBL3643645,IC50,7.33
6587857,CCCCn1nc(C)c(c2ccc3OCC(=O)Nc3c2)c1c4ccc(F)cc4,CHEMBL3337823,IC50,7.35
6587868,COc1cc(F)ccc1c2c(C)[nH]c3c(NS(=O)(=O)C)cc(F)cc23,CHEMBL3605929,Ki,7.35
6587879,COc1ccc(F)cc1C(C)(C)C[C@@](O)(Cc2cc3cc(ccc3[nH]2)C#N)C(F)(F)F,CHEMBL1911650,IC50,7.35
6587890,COc1ccc(cc1c2ccc(CNS(=O)(=O)c3c(C)onc3C)cc2)C#N,CHEMBL3086014,IC50,7.35
1004790,[H][C@@]12CC[C@](O)(C(=O)CO)[C@@]1(C)C[C@H](O)[C@@]1([H])[C@@]2([H])CCC2=CC(=O)C=C[C@]12C,prednisolone,IC50,7.36
6587904,Cc1cc(F)ccc1n2nc(cc2c3ccc4OCC(=O)Nc4c3)C(F)(F)F,CHEMBL1929039,IC50,7.37
6587915,CC\C=C(/C)\c1ccsc1\C=C\2/Oc3ccc(O)c(OC)c3c4ccc5NC(C)(C)C=C(C)c5c24,CHEMBL428922,Ki,7.38
6587926,C[C@@H](N1C(=O)O[C@@](Cc2ccccc2)(C1=O)c3nc4cc(ccc4[nH]3)c5cn[nH]c5)c6ccc(F)cc6,CHEMBL3578281,IC50,7.38
6587938,CC1=NOC(=O)c2ccc(NC(=O)C(O)(CC(C)(C)c3cc(F)ccc3O)C(F)(F)F)cc12,CHEMBL196374,IC50,7.39
6587949,C[C@@H](N1C(=O)O[C@@](Cc2ccccc2)(C1=O)c3nc4cc(ccc4[nH]3)N5CCOCC5)c6ccc(F)cc6,CHEMBL3578285,IC50,7.4
6587960,Cc1onc(C)c1S(=O)(=O)NCc2ccc(cc2)c3cccc(c3)C#N,CHEMBL3086013,IC50,7.4
6587971,COc1cc(OC)cc(c1)c2oc(nn2)[C@@]3(Cc4ccccc4)OC(=O)N([C@H](C)c5ccccc5)C3=O,CHEMBL3234858,IC50,7.41
6587982,C[C@@H](N1C(=O)O[C@@](Cc2ccccc2)(C1=O)c3nc4cc(ccc4[nH]3)c5conc5C)c6ccc(F)cc6,CHEMBL3578284,IC50,7.41
5589817,C\C=C/1\C(=O)C[C@H]2[C@@H]3CCC4=CC(=O)CC[C@]4(C)[C@H]3CC[C@]12C,CHEMBL402063,Ki,7.41
5595705,CC[C@]12CC[C@@H]3[C@H]4CCC(=O)C=C4C[C@@H](C)[C@H]3[C@@H]1CC[C@]25OCC=C5,CHEMBL3692353,IC50,7.42
6587996,COc1cc(NS(=O)(=O)C)c2[nH]c(C)c(c3cc(F)ccc3OC)c2c1,CHEMBL3605924,Ki,7.42
6588006,Cc1cc(F)ccc1n2nccc2c3ccnc(NC(=O)N)c3,CHEMBL3643656,IC50,7.42
6588016,Cc1nn(CC(F)(F)CCO)c(c2ccc(F)cc2)c1c3ccc4OCC(=O)Nc4c3,CHEMBL3337830,IC50,7.42
6588027,COc1cc(CNC(=O)[C@@]2(Cc3ccccc3)OC(=O)N([C@H](C)c4ccc(F)cc4)C2=O)cc(OC)c1,CHEMBL2407644,IC50,7.43
5589828,C\C=C\1/C(=O)C[C@H]2[C@@H]3CCC4=CC(=O)CC[C@]4(C)[C@H]3CC[C@]12C,CHEMBL410683,Ki,7.43
6588039,NC(=O)Nc1cc(CCc2ccccc2)ccn1,CHEMBL3643687,IC50,7.43
6588049,C[C@@H](N1C(=O)O[C@@](Cc2ccccc2)(C1=O)c3nc4cc(ccc4[nH]3)c5ccncc5)c6ccc(F)cc6,CHEMBL3578288,IC50,7.44
6588060,Cc1nn(Cc2cccnc2)c(c3ccc(F)cc3)c1c4ccc5OCC(=O)Nc5c4,CHEMBL3337821,IC50,7.44
5595332,O=C1COc2ccc(cc2N1)C3=Nn4ccnc4SC3c5ccccc5,CHEMBL1928877,IC50,7.44
6588073,C[C@@H](N1C(=O)O[C@@](Cc2ccccc2)(C1=O)c3nc4cc(ccc4[nH]3)c5cccnc5)c6ccc(F)cc6,CHEMBL3578286,IC50,7.47
6588083,CC(Cc1ccnc(NC(=O)N)c1)c2ccccc2,CHEMBL3643677,IC50,7.48
6588093,CCN1C(C)C(=C(C1=O)c2ccc(F)cc2)c3ccc4OCC(=O)Nc4c3,CHEMBL2419295,IC50,7.48
6588104,COc1cc(CNC(=O)[C@@]2(Cc3ccccc3)OC(=O)N([C@@H]4CCc5ccccc45)C2=O)cc(OC)c1,CHEMBL2407647,IC50,7.48
6588115,C[C@@H](N1C(=O)O[C@@](Cc2ccccc2)(C1=O)c3nc4cc(ccc4[nH]3)c5cnn(C)c5)c6ccc(F)cc6,CHEMBL3578282,IC50,7.48
6588130,C[C@@H]1C[C@H]2[C@@H]3CCC4=CC(=O)C=C[C@]4(C)[C@@]3(F)[C@@H](O)C[C@]2(C)[C@@]1(O)C(=O)CO,CHEMBL384467,IC50,7.48
6588141,Cc1nn(CCCC(F)(F)F)c(c2ccc(F)cc2)c1c3ccc4OCC(=O)Nc4c3,CHEMBL3337825,IC50,7.48
6588152,CC1CC(C)(C)Nc2c(C)cc(c(Cl)c12)c3ccc(F)c4cc[nH]c34,CHEMBL257152,Ki,7.5
6588163,COc1nc(ccc1C(=O)O)C2=NN([C@H](C2)C(C)C)c3ccc(C#N)c(C)n3,CHEMBL3263759,IC50,7.51
5603034,C[C@]12CC[C@H]3[C@@H](CCC4=CC(=O)CC[C@H]34)[C@@H]1CC[C@]25OCC=C5,CHEMBL3687970,IC50,7.51
6588175,CC(C)(CC(O)(C(=O)Nc1ccc2C(=O)OCc2c1)C(F)(F)F)c3cc(F)ccc3O,CHEMBL194745,IC50,7.52
6588186,C[C@@H](N1C(=O)O[C@@](Cc2ccccc2)(C1=O)c3nc4cc(ccc4[nH]3)c5cncnc5)c6ccc(F)cc6,CHEMBL3578290,IC50,7.52
6588196,NC(=O)Nc1cc(CCc2ccc(F)cc2)ccn1,CHEMBL3643668,IC50,7.52
6588206,COc1ccccc1c2c[nH]c3c(NS(=O)(=O)C)cccc23,CHEMBL3605933,Ki,7.56
6588217,CCOc1cc(ccc1C(=O)O)C2=NN([C@H](C2)C3CCCC3)c4ccc(C#N)c(Cl)c4,CHEMBL1215197,IC50,7.59
6588227,COc1ccc(cc1)n2nccc2c3ccnc(NC(=O)N)c3,CHEMBL3643662,IC50,7.6
6588236,COc1ccccc1CCc2ccnc(NC(=O)N)c2,CHEMBL3643684,IC50,7.6
6588246,CC1NC(=O)C(=C1c2cc(Cl)c3OCC(=O)Nc3c2)c4ccc(F)cc4,CHEMBL2419300,IC50,7.64
6588256,Cc1ccccc1C(Cc2ccnc(NC(=O)N)c2)C3CC3,CHEMBL3643675,IC50,7.66
6588266,Cc1nc(ccc1C#N)N2N=C(C[C@@H]2C3CCCC3)c4ccc(cc4)C(=O)O,CHEMBL3263756,IC50,7.67
5601356,CC1CC(C)(C)Nc2c(C)cc(c(Cl)c12)c3cccc4cc[nH]c34,CHEMBL258191,Ki,7.68
6588636,COc1c(O)ccc2O\C(=C/c3sccc3\C(=N\O)\C)\c4c(ccc5NC(C)(C)C=C(C)c45)c12,CHEMBL397919,Ki,7.68
6588647,Cc1cc(cc2NC(=O)COc12)c3cc(nn3c4ccc(F)cc4C)C(F)(F)F,CHEMBL1929042,IC50,7.68
6588658,CC(=O)C1CC[C@H]2[C@@H]3CCC4=CC(=O)CCC4(C)[C@H]3CCC12C(=O)C=[N+]=[N-],CHEMBL2112397,Kd,7.7
6588669,C[C@@H](O)C1CC[C@H]2[C@@H]3CCC4=CC(=O)CCC4(C)[C@H]3CCC12C(=O)C=[N+]=[N-],CHEMBL2112398,Kd,7.7
6588680,CCOc1ncc(C)c2NC(=C([C@@H](c3ccc(cc3OC)C#N)c12)C(=O)N)C,CHEMBL2181927,IC50,7.75
6588691,CNC(=O)c1ccc(nc1OC)C2=NN([C@H](C2)C3CCCC3)c4ccc(C#N)c(C)c4,CHEMBL3263761,IC50,7.75
6588702,COc1cc(ccc1C(=O)O)C2=NN([C@H](C2)C3CCCC3)c4ccc(C#N)c(C)n4,CHEMBL3263755,IC50,7.75
6588713,Cc1nn(CCC(C)(F)F)c(c2ccc(F)cc2)c1c3ccc4OCC(=O)Nc4c3,CHEMBL3337831,IC50,7.75
5601803,C[C@@H]1CC2=CC(=O)CC[C@@H]2[C@H]3CC[C@@]4(C)[C@@H](CC[C@]45OCC=C5)[C@H]13,CHEMBL3692347,IC50,7.77
6588725,COc1cc(ccc1C(=O)O)C2=NN([C@H](C2)C3CCCC3)c4ccc(C#N)c(Cl)c4,CHEMBL1215130,IC50,7.82
11526,[H][C@@]12CC[C@H](C(C)=O)[C@@]1(C)CC[C@@]1([H])[C@@]2([H])CCC2=CC(=O)CC[C@]12C,progesterone,IC50,7.85
6588738,COc1cc(CNC(=O)[C@@]2(Cc3ccccc3)OC(=O)N([C@H](C)C4CCCCC4)C2=O)cc(OC)c1,CHEMBL2407646,IC50,7.85
6588748,Cc1ccc(cc1)n2nccc2c3ccnc(NC(=O)N)c3,CHEMBL3643658,IC50,7.85
6588757,NC(=O)Nc1cc(CC(c2ccccc2)c3ccccc3)ccn1,CHEMBL3643673,IC50,7.89
6588766,NC(=O)Nc1cc(CCc2ccccc2C(F)(F)F)ccn1,CHEMBL3643686,IC50,7.89
6588776,Cc1cc(F)ccc1n2nc(cc2c3cc(Cl)c4OCC(=O)Nc4c3)C(F)(F)F,CHEMBL1929041,IC50,7.92
6588786,CC(Cc1ccnc(NC(=O)N)c1)c2ccccc2C,CHEMBL3643674,IC50,7.96
6588796,CCOc1cc(ccc1C(=O)O)C2=NN([C@H](C2)C3CCCC3)c4ccc(C#N)c(C)c4,CHEMBL3263751,IC50,7.97
6588807,COCc1ccsc1\C=C\2/Oc3ccc(O)c(OC)c3c4ccc5NC(C)(C)C=C(C)c5c24,CHEMBL395716,Ki,8.0
6588818,COc1nc(ccc1C(=O)N(C)C)C2=NN([C@H](C2)C3CCCC3)c4ccc(C#N)c(C)n4,CHEMBL3263765,IC50,8.03
6588828,NC(=O)Nc1cc(ccn1)c2ccnn2c3ccc(Cl)cc3,CHEMBL3643660,IC50,8.03
6588838,OC(=O)c1ccc2C3=NN([C@@H](C4CCCC4)[C@H]3CCc2c1)c5ccc(C#N)c(Cl)c5,CHEMBL1215331,IC50,8.04
6588849,COc1cc(ccc1C(=O)O)C2=NN([C@H](C2)C3CCCC3)c4ccc(C#N)c(C)c4,CHEMBL3263750,IC50,8.05
6588860,COc1ccc(F)cc1C(C)(C)CC(O)(C(=O)Nc2ccc3C(=O)ON=C(C)c3c2)C(F)(F)F,CHEMBL263091,IC50,8.1
6588871,COc1nc(ccc1C(=O)O)C2=NN([C@H](C2)C3CCCC3)c4ccc(C#N)c(C)n4,CHEMBL3263754,IC50,8.12
6588882,C[C@](C1CC1)(c2ccc(F)cc2)c3c[nH]c4c(NS(=O)(=O)C)cccc34,CHEMBL391439,Ki,8.13
6588893,Cc1ccccc1CCc2ccnc(NC(=O)N)c2,CHEMBL2181933,IC50,8.15
6588903,CC\C(=C\1/c2ccccc2OCc3cccc(OC)c13)\c4cccc(NS(=O)(=O)C)c4,CHEMBL3120317,Ki,8.22
6588913,CC[C@]12CC[C@H]3[C@@H](CCC4=CC(=O)CC[C@H]34)[C@@H]1CC[C@]25OCC=C5,CHEMBL3692351,IC50,8.3
6588922,Cc1cc(F)ccc1CCc2ccnc(NC(=O)N)c2,CHEMBL3643690,IC50,8.33
6588932,COc1nc(ccc1C(=O)O)C2=NN([C@H](C2)C3CCCC3)c4ccc(C#N)c(C)c4,CHEMBL3263752,IC50,8.35
6588943,CCOc1nc(ccc1C(=O)O)C2=NN([C@H](C2)C3CCCC3)c4ccc(C#N)c(C)c4,CHEMBL3263757,IC50,8.36
6588954,COc1nc(ccc1C(=O)N)C2=NN([C@H](C2)C3CCCC3)c4ccc(C#N)c(C)n4,CHEMBL3263763,IC50,8.37
6588965,COc1nc(ccc1C(=O)NS(=O)(=O)C)C2=NN([C@H](C2)C3CCCC3)c4ccc(C#N)c(C)n4,CHEMBL3263767,IC50,8.39
5063727,C[C@]12CCC(=O)C=C1CC[C@H]3[C@@H]4CC[C@H](C(=O)CO)[C@]4(C[C@H](O)[C@H]23)C=O,CHEMBL273453,EC50,8.42
6588978,COc1nc(ccc1C(=O)N(C)C)C2=NN([C@H](C2)C3CCCC3)c4ccc(C#N)c(C)c4,CHEMBL3263762,IC50,8.43
6588989,CNC(=O)c1ccc(nc1OC)C2=NN([C@H](C2)C3CCCC3)c4ccc(C#N)c(C)n4,CHEMBL3263764,IC50,8.48
5603025,C[C@]12CCC(=O)C=C1[C@@H]3C[C@@H]3[C@@H]4[C@@H]2CC[C@@]5(C)[C@H]4[C@@H]6C[C@@H]6[C@@]57CCC(=O)O7,CHEMBL3658375,IC50,8.48
6589001,COc1nc(ccc1C(=O)NS(=O)(=O)C)C2=NN([C@H](C2)C3CCCC3)c4ccc(C#N)c(C)c4,CHEMBL3263766,IC50,8.55
6589012,COc1nc(ccc1C(=O)N)C2=NN([C@H](C2)C3CCCC3)c4ccc(C#N)c(C)c4,CHEMBL3263760,IC50,8.57
6589023,CS(=O)(=O)Nc1cccc(C=C2c3ccccc3CCc4ccccc24)c1,CHEMBL3120320,Ki,8.61
6589034,C[C@](C1CC1)(c2ccc(F)cc2F)c3c[nH]c4c(NS(=O)(=O)C)cccc34,CHEMBL391231,Ki,8.65
6589045,COc1nc(ccc1C(=O)Nc2nnn[nH]2)C3=NN([C@H](C3)C4CCCC4)c5ccc(C#N)c(C)c5,CHEMBL3263768,IC50,8.66
5595396,CS(=O)(=O)Nc1cccc2c(c[nH]c12)c3cccc(Cl)c3,CHEMBL3605932,Ki,8.68
6589058,C[C@@H](N1C(=O)O[C@@](Cc2ccccc2)(C1=O)c3nc4cc(Cl)ccc4[nH]3)c5ccc(F)cc5,CHEMBL3578271,Ki,8.7
6589069,C[C@@](C1CC1)(c2ccc(F)cc2)c3c[nH]c4c(NS(=O)(=O)C)cccc34,CHEMBL235209,Ki,8.81
5604972,CC\C(=C/1\c2ccccc2COc3ccccc13)\c4cccc(NS(=O)(=O)C)c4,CHEMBL3120318,Ki,9.02
6589082,CC12CCC3C(CCC4=CC(=O)CCC34C)C1CCC2C(=O)C=[N+]=[N-],CHEMBL97531,Kd,9.13
6589093,CC(C1CC1)(c2ccc(F)cc2)c3c[nH]c4c(NS(=O)(=O)C)cccc34,CHEMBL1672542,Ki,9.19
3341344,C[C@]1(O)CC[C@H]2[C@@H]3CCC4=CC(=O)CCC4=C3C=C[C@]12C,CHEMBL166444,Ki,9.27
6589106,C[C@@](C1CC1)(c2ccc(F)cc2F)c3c[nH]c4c(NS(=O)(=O)C)cccc34,CHEMBL235206,Ki,9.31
6589117,Fc1ccc2\C(=C\c3ccc4N([C@H]5C[C@H]6COCCN6C5)C(=O)Nc4c3)\c7ccccc7COc2c1,CHEMBL2181925,Ki,9.4
5605816,C\C(=C/1\c2ccccc2COc3ccccc13)\c4cccc(NS(=O)(=O)C)c4,CHEMBL3120319,Ki,9.47
