id,smiles,name,assay_type,activity_value
7660360,O=C1NC(=Cc2onc(c3ccccc3)c12)c4ccccc4,CHEMBL246652,EC50,7.11
7660372,COc1ccc(C2=Cc3onc(c4ccccc4)c3C(=O)N2C)c(OC)c1,CHEMBL246654,EC50,7.23
7660383,CN1CCN(Cc2ccc(cc2)C3=Cc4onc(c5ccccc5)c4C(=O)N3C)CC1,CHEMBL393713,EC50,7.5
7660394,CN(C)Cc1ccc(cc1)C2=Cc3onc(c4ccccc4)c3C(=O)N2C,CHEMBL247879,EC50,7.59
782632,COc1ccc(cc1)C2=Cc3onc(c4ccccc4)c3C(=O)N2C,CHEMBL399602,EC50,8.39
7660407,COCCOCc1ccc(cc1)C2=Cc3onc(c4ccccc4)c3C(=O)N2C,CHEMBL401032,EC50,8.41
7660418,CN1C(=O)c2c(onc2c3ccccc3)C=C1c4ccc(COCCO)cc4,CHEMBL399807,EC50,8.46
7660429,CN1C(=O)c2c(onc2c3ccccc3)C=C1c4ccc5OCOc5c4,CHEMBL399603,EC50,9.1
