id,smiles,name,assay_type,activity_value
6073914,CCC\C=C(/CCC)\C1=C(c2cccc(OC)c2)[C@@]3(CCC[C@@H]3C1)Nc4ccccc4,CHEMBL410341,EC50,7.0
6073926,CCC\C=C(/CCC)\C1=C(C)[C@@]2(CCC[C@@H]2C1)Nc3ccccc3,CHEMBL214772,EC50,7.05
6073937,CCCCC(C)C1=C(c2ccccc2)[C@@]3(CCC[C@@H]3C1)Nc4ccccc4,CHEMBL213816,EC50,7.16
6073948,CCC\C=C(/CCC)\C1=C(c2ccc3ccccc3c2)[C@@]4(CCC[C@@H]4C1)Nc5ccccc5,CHEMBL216778,EC50,7.22
6073959,CCCCCCC1=C(c2ccccc2)[C@@]3(CCC[C@@H]3C1)Nc4ccccc4,CHEMBL384153,EC50,7.47
6073970,CCCCCCC1=C(c2ccccc2)[C@@]3(CCC[C@@H]3C1)Nc4cccc(C)c4C,CHEMBL216179,EC50,7.52
6073981,CCCCC1=C(C[C@H]2CCC[C@@]12Nc3ccccc3)\C(=C\CCC)\CCC,CHEMBL425623,EC50,7.66
6073992,CCC\C=C(/CCC)\C1=C(C2CCCCC2)[C@@]3(CCC[C@@H]3C1)Nc4ccccc4,CHEMBL384424,EC50,7.92
