id,smiles,name,assay_type,activity_value
9078281,CCC\C=C(/CCC)\C1=C(c2ccccc2)[C@@]3(CCC[C@@H]3C1)Nc4ccccc4,CHEMBL385911,EC50,7.27
6073959,CCCCCCC1=C(c2ccccc2)[C@@]3(CCC[C@@H]3C1)Nc4ccccc4,CHEMBL384153,EC50,7.37
6073981,CCCCC1=C(C[C@H]2CCC[C@@]12Nc3ccccc3)\C(=C\CCC)\CCC,CHEMBL425623,EC50,7.52
9078297,CCCCC\C=C(/CCCCC)\C1=C(c2ccccc2)[C@@]3(CCC[C@@H]3C1)Nc4ccccc4,CHEMBL214414,EC50,7.85
6073970,CCCCCCC1=C(c2ccccc2)[C@@]3(CCC[C@@H]3C1)Nc4cccc(C)c4C,CHEMBL216179,EC50,7.96
6073992,CCC\C=C(/CCC)\C1=C(C2CCCCC2)[C@@]3(CCC[C@@H]3C1)Nc4ccccc4,CHEMBL384424,EC50,8.0
