id,smiles,name,assay_type,activity_value
7348230,[H][C@@]12CC[C@@](OC(C)=O)(C#C)[C@@]1(C)CC[C@]1([H])[C@@]3([H])CCC(OC4CCCC4)=CC3=CC[C@@]21[H],quingestanol acetate,N/A,N/A
5063647,[H][C@@]12CC[C@](OC(=O)CCCCC)(C(C)=O)[C@@]1(C)CC[C@@]1([H])[C@@]2([H])CCC2=CC(=O)CC[C@]12C,hydroxyprogesterone caproate,IC50,7.66354036
11526,[H][C@@]12CC[C@H](C(C)=O)[C@@]1(C)CC[C@@]1([H])[C@@]2([H])CCC2=CC(=O)CC[C@]12C,progesterone,IC50,7.77
7348244,[H][C@@]12CC[C@@](OC(C)=O)(C#C)[C@@]1(CC)CC[C@]1([H])[C@@]3([H])CC\C(C=C3CC[C@@]21[H])=N/O,norgestimate,N/A,N/A
6496131,CC(=O)O[C@]1(CC[C@H]2[C@@H]3CCC4=CC(=O)CC[C@@H]4[C@H]3CC[C@]12C)C#C,norethindrone acetate,N/A,N/A
7348258,[H][C@@]12CC[C@@](O)(C#C)[C@@]1(C)CC[C@]1([H])[C@@]3([H])CCC(=O)C=C3CC[C@@]21[H],norethisterone,IC50,8.5
7348268,[H][C@@]12CC[C@@](O)(C#C)[C@@]1(CC)CC[C@]1([H])[C@@]3([H])CCC(C=C3CC[C@@]21[H])=NO,norelgestromin,N/A,N/A
5595454,CC#C[C@]1(O)CC[C@H]2[C@@H]3CCC4=CC(=O)CCC4=C3[C@H](C[C@]12C)c5ccc(cc5)N(C)C,mifepristone,Ki,8.74
5605774,C[C@H]1C[C@@H]2[C@H](CC[C@@]3(C)[C@H]2CC[C@]3(OC(=O)C)C(=O)C)[C@@]4(C)CCC(=O)C=C14,medroxyprogesterone,EC50,9.59
7348287,[H][C@@]12CC[C@@](O)(C#C)[C@@]1(CC)CC[C@]1([H])[C@@]3([H])CCC(=O)C=C3CC[C@@]21[H],levonorgestrel,N/A,N/A
7348297,[H][C@@]12CC[C@@](O)(C#C)[C@@]1(CC)CC(=C)[C@]1([H])[C@@]3([H])CCC(=O)C=C3CC[C@@]21[H],etonogestrel,N/A,N/A
7348306,[H][C@@]12CC[C@@](OC(C)=O)(C#C)[C@@]1(C)CC[C@]1([H])[C@@]3([H])CC[C@H](OC(C)=O)C=C3CC[C@@]21[H],etynodiol,N/A,N/A
6587218,[H][C@@]12[C@@H]3C[C@@H]3[C@@]3(CCC(=O)O3)[C@@]1(C)CC[C@@]1([H])[C@@]2([H])[C@H]2C[C@H]2C2=CC(=O)CC[C@]12C,drospirenone,EC50,10.5
7348317,[H][C@@]12CC[C@@](O)(C#C)[C@@]1(CC)CC(=C)[C@]1([H])[C@@]3([H])CCCC=C3CC[C@@]21[H],desogestrel,N/A,N/A
5106060,C[C@]12Cc3cnoc3C=C1CC[C@@H]4[C@@H]2CC[C@@]5(C)[C@H]4CC[C@@]5(O)C#C,danazol,N/A,N/A
7348327,[H][C@@]12CC[C@](OC(C)=O)(C(C)=O)[C@@]1(C)CC[C@@]1([H])[C@@]2([H])C=C(C)C2=CC(=O)CC[C@]12C,megestrol acetate,N/A,N/A
7348336,[H][C@@]12CC[C@H](C(C)=O)[C@@]1(C)CC[C@]1([H])[C@@]2([H])C=CC2=CC(=O)CC[C@@]12C,dydrogesterone,Ki,6.9000001
7348346,[H][C@@]12CC[C@@](O)(C#C)[C@@]1(C)CC[C@]1([H])C3=C(CC[C@@]21[H])CC(=O)CC3,norethynodrel,N/A,N/A
7348355,[H][C@@]12CC[C@](OC(C)=O)(C(C)=O)[C@@]1(C)C[C@H](C1=CC=C(C=C1)N(C)C)C1=C3CCC(=O)C=C3CC[C@@]21[H],ulipristal,IC50,9.69999981
7348365,[H][C@@]12CC[C@@](O)(CC#N)[C@@]1(C)CCC1=C3CCC(=O)C=C3CC[C@@]21[H],dienogest,N/A,N/A
7348445,CC1(C)OC(=Nc2ccc(cc12)c3cc(Br)cc(OC(F)(F)F)c3)S,CHEMBL26763,IC50,7.0
7348456,CC1(C)OC(=Nc2ccc(cc12)c3cc(Br)cc(c3)C#N)S,CHEMBL24583,IC50,7.0
7348467,CC1(C)OC(=Nc2ccc(cc12)c3cc(OC(F)(F)F)cc(c3)C#N)S,CHEMBL24689,IC50,7.0
7348478,CC1(C)OCC(=O)Nc2ccc(cc12)c3ccc(F)cc3,CHEMBL486910,IC50,7.0
7348489,CC1=CC(C)(C)Nc2cc3C(O)c4cc(F)ccc4c3cc12,CHEMBL93451,Ki,7.0
7348501,CC1=CC(C)(C)Nc2ccc3c(COc4ccc(C)cc34)c12,CHEMBL294116,IC50,7.0
7348512,CCC1(OCC(=O)Nc2ccc(cc12)c3cc(F)cc(c3)C#N)c4cccs4,CHEMBL519394,IC50,7.0
7348523,CCN1C(=S)OC(C)(C)c2cc(ccc12)c3cc(F)cc(c3)C#N,CHEMBL417110,IC50,7.0
7348534,CN(C)c1ccc(cc1)[C@@H]2CN(N=C2c3ccc(Cl)c(Cl)c3)S(=O)(=O)c4ccc(Cl)cc4,CHEMBL190264,Ki,7.0
7348545,CN1C(=S)OC(C)(C)c2cc(ccc12)c3cc(F)cc(Br)c3,CHEMBL28164,IC50,7.0
7348556,COc1c(CO)ccc2OC(CC=C)c3c(ccc4NC(C)(C)C=C(C)c34)c12,CHEMBL8637,Ki,7.0
7348567,COc1cc(cc(c1)c2ccc3N=C(S)OC(C)(C)c3c2)C#N,CHEMBL25292,IC50,7.0
7348578,CS(=O)(=O)N1CC[C@@H](C1)N(Cc2cccc(c2)C(F)(F)F)c3ccc(C#N)c(Cl)c3,CHEMBL589854,IC50,7.0
7348589,CS(=O)(=O)N1CC[C@@H](C1)N(Cc2ccccc2C#N)c3ccc(C#N)c(Cl)c3,CHEMBL590835,IC50,7.0
6589023,CS(=O)(=O)Nc1cccc(C=C2c3ccccc3CCc4ccccc24)c1,CHEMBL3120320,Ki,7.0
7348602,Cc1cc(Br)cc(c1)c2ccc3N=C(S)OC(C)(C)c3c2,CHEMBL26764,IC50,7.0
7348613,Cc1ccc(cc1)C(=O)CC(Nc2cccc(c2)[N+](=O)[O-])c3cccc(F)c3,CHEMBL1164339,Ki,7.0
7348624,Clc1ccc(cc1)S(=O)(=O)N2CC(C(=N2)c3ccc(Cl)c(Cl)c3)c4ccccc4,CHEMBL364924,Ki,7.0
7348635,Clc1ccc(cc1Cl)C(=O)N2CCCC(=N2)c3ccc(Cl)c(Cl)c3,CHEMBL344135,IC50,7.0
7348646,[O-][N+](=O)c1ccc(cc1)C(=O)N2CCCC(=N2)c3ccc(Cl)c(Cl)c3,CHEMBL343410,IC50,7.0
7348657,CC1=CC(C)(C)Nc2ccc3c(Cc4cc(c(F)cc34)[N+](=O)[O-])c12,CHEMBL328804,Ki,7.01
7348668,CC1CN(N=C(C1)c2ccccc2)C(=O)c3ccc(Cl)c(Cl)c3,CHEMBL148070,IC50,7.01
7348679,COc1cc(CC2C(C)(C)CC(=CC23CC3)C)c(OC(=O)C)cc1Br,CHEMBL50849,Ki,7.01
7348690,[O-][N+](=O)c1cccc(c1)c2ccc3NC(=O)C4(CCCCC4)c3c2,CHEMBL118861,IC50,7.02
7348701,C[C@@H]1[C@@H](OC(=O)NC2CCCCC2)C(C)(C)Nc3cc(F)c(c(F)c13)c4cccc5c(Cl)c[nH]c45,CHEMBL1684344,Ki,7.03
7348712,C[C@@H]1CC(C)(C)Nc2ccc3c4ccccc4O[C@@H](c5ccc(Cl)cc5)c3c12,CHEMBL36076,Ki,7.04
7348723,COc1ccc(F)cc1C(C)(C)CC(O)(CN2CCC(=O)c3ccccc23)C(F)(F)F,CHEMBL219314,IC50,7.05
7348734,CC1=CC(=C)C(Cc2ccc3nonc3c2)C(C)(C)C1,CHEMBL50786,Ki,7.06
7348745,CC1CC(C)(C)Nc2cc3Cc4ccccc4c3cc12,CHEMBL93894,Ki,7.06
7348756,Fc1ccc(cc1Cl)c2ccc3NC(=O)COC(c4ccccc4)(c5ccccc5)c3c2,CHEMBL527871,IC50,7.06
7348767,[O-][N+](=O)c1ccc(NC(CC(=O)c2cccc(Cl)c2)c3ccc(cc3)C(F)(F)F)cc1,CHEMBL1163617,Ki,7.06
6587739,CC(C)(CC(C)(O)C(=O)Nc1ccc2C(=O)OCc2c1)c3ccccc3,CHEMBL195021,IC50,7.07
7348781,CC1=CC(C)(C)Nc2ccc3c(COc4c(F)cc(F)cc34)c12,CHEMBL418684,IC50,7.07
7348793,CC1=CC(C)(C)Nc2ccc3c(COc4c(F)cc(cc34)C#N)c12,CHEMBL62227,EC50,7.07
7348804,COc1ccc(F)cc1C(C)(C)CC(O)(C(=O)Nc2ccc3C(=O)OCc3c2)C(F)(F)F,CHEMBL194812,IC50,7.07
7348816,COc1ccc2OCc3c(ccc4NC(C)(C)C=C(C)c34)c2c1,CHEMBL65522,Ki,7.07
6588206,COc1ccccc1c2c[nH]c3c(NS(=O)(=O)C)cccc23,CHEMBL3605933,Ki,7.07
7348829,Cc1cccc(c1)C(=O)CC(Nc2ccc(cc2)[N+](=O)[O-])c3ccc(cc3)C(F)(F)F,CHEMBL1163812,Ki,7.07
7348841,CC1=CC(C)(C)Nc2ccc3c(COc4ccccc34)c12,CHEMBL67362,Ki,7.08
7348852,COc1cc(C[C@H]2[C@H](C)C[C@@H](C)CC2=C)c(O)cc1Br,CHEMBL50454,Ki,7.08
7348863,COc1cc(\C=C\CC2C(=C)C=C(C)CC2(C)C)c(O)cc1Br,CHEMBL49978,Ki,7.08
7348874,Cc1ccc(cc1)C(=O)C[C@H](Nc2ccc(cc2)[N+](=O)[O-])c3cccc(F)c3,CHEMBL1164158,Ki,7.08
7348885,Clc1ccc(cc1)C2=NN(CCC2)C(=O)c3ccc(Cl)c(Cl)c3,CHEMBL144068,IC50,7.08
7348896,Fc1ccc(cc1Cl)c2ccc3NC(=O)COC(c4occc4)(c3c2)C(F)(F)C(F)(F)F,CHEMBL488559,IC50,7.08
7348907,Oc1nc2ccc(cc2s1)c3cccc(c3)[N+](=O)[O-],CHEMBL315445,IC50,7.08
7348918,COC1Oc2cc(F)ccc2c3ccc4NC(C)(C)C=C(C)c4c13,CHEMBL333167,Ki,7.09
7348929,CC(C)CS(=O)(=O)N1CC[C@@H](C1)N(Cc2ccccc2C(F)(F)F)c3ccc(C#N)c(Cl)c3,CHEMBL602851,IC50,7.1
7348940,CC1(C)CC(=O)c2ccc(cc12)c3ccc(Cl)c(Cl)c3,CHEMBL577245,IC50,7.1
7348952,CC1=CC(C)(C)Nc2ccc(cc12)c3ccc(C=O)s3,CHEMBL134786,Ki,7.1
7348963,CCCN1C[C@H](CC1=O)N(Cc2ccccc2C)c3ccc(C#N)c(Cl)c3,CHEMBL552285,IC50,7.1
7348974,CCCS(=O)(=O)N1CC[C@@H](C1)N(Cc2ccccc2C(F)(F)F)c3ccc(C#N)c(Cl)c3,CHEMBL592755,IC50,7.1
7348985,CN1CC[C@@H](C1)N(CC2CCCCC2)c3ccc(C#N)c(Cl)c3,CHEMBL550008,IC50,7.1
7348996,COc1ccc(F)cc1C(C)(C)CC(O)(CNc2ccc3C(=O)OCc3c2)Cc4ccccc4,CHEMBL197100,IC50,7.1
7349007,COc1ncc(cc1c2ccc(cc2)[C@@H](C)NS(=O)(=O)c3c(C)onc3C)C#N,CHEMBL1645400,EC50,7.1
7349018,C[C@H](O)C(=O)N1CC[C@@H](C1)N(Cc2cc(F)ccc2C)c3ccc(C#N)c(Cl)c3,CHEMBL585848,IC50,7.1
7349029,Cn1c(ccc1c2ccc3NC(=O)Cc3c2)C#N,CHEMBL270052,IC50,7.1
7349040,[O-][N+](=O)c1ccc(NC(CC(=O)c2ccc(Cl)cc2)c3ccc(cc3)C(F)(F)F)cc1,CHEMBL1164856,Ki,7.1
7349051,CC(C)C1(OCC(=S)Nc2ccc(cc12)c3cc(F)cc(c3)C#N)c4cccs4,CHEMBL488560,IC50,7.11
7349063,CC1=CC(C)(C)Nc2ccc3c(oc4ccccc34)c12,CHEMBL327551,Ki,7.11
7349074,CCCCn1c2ccccc2c3ccc4NC(C)(C)C=C(C)c4c13,CHEMBL330726,Ki,7.11
5595705,CC[C@]12CC[C@@H]3[C@H]4CCC(=O)C=C4C[C@@H](C)[C@H]3[C@@H]1CC[C@]25OCC=C5,CHEMBL3692353,IC50,7.11
7349086,COc1cc(CC2C(=C)CCCC2(C)C)c(O)cc1Br,CHEMBL48858,Ki,7.11
7349097,[O-][N+](=O)c1ccc(NC(CC(=O)c2ccc(cc2)N3CCOCC3)c4cccc(F)c4)cc1,CHEMBL1163620,Ki,7.11
7349108,CC1(C)CN(N=C(C1)c2ccccc2)C(=O)c3ccc(Cl)c(Cl)c3,CHEMBL356741,IC50,7.12
7349119,[O-][N+](=O)c1ccc(NC(CC(=O)c2ccc(cc2)C3CCCCC3)c4cccc(F)c4)cc1,CHEMBL1163902,Ki,7.12
6588152,CC1CC(C)(C)Nc2c(C)cc(c(Cl)c12)c3ccc(F)c4cc[nH]c34,CHEMBL257152,Ki,7.13
7349132,CCC1(OCC(=O)Nc2ccc(cc12)c3ccc(C#N)n3C)c4cccs4,CHEMBL521760,IC50,7.13
7349143,CN(c1ccc(cc1)C23CC4CC(CC(C4)(C2)c5ccc(cc5)C#N)C3)S(=O)(=O)C,CHEMBL3397790,IC50,7.13
5606785,[O-][N+](=O)c1ccc(NC(CC(=O)c2ccc(cc2)C#N)c3ccsc3)cc1,CHEMBL1163602,Ki,7.13
7349156,CC(C)n1c(O)nc2ccc(cc12)c3cccc(Cl)c3,CHEMBL329631,IC50,7.14
7349167,CC(C)n1c(O)nc2ccc(cc12)c3cccc(c3)[N+](=O)[O-],CHEMBL327444,IC50,7.14
7349178,COc1cc(C[C@@H]2[C@@H](C)CCCC2=C)c(O)cc1Br,CHEMBL299778,Ki,7.15
7349189,Clc1cccc(c1)C(=O)N2CCCC(=N2)c3ccccc3,CHEMBL357848,IC50,7.15
7349200,CC1=CC(C)(C)Nc2ccc3c4ccccc4O\C(=C/c5ccc(C)cc5)\c3c12,CHEMBL139468,Ki,7.16
7349211,CC1C(=O)C(C)(C)Nc2c(C)cc(c(Cl)c12)c3cccc4cc[nH]c34,CHEMBL1644754,Ki,7.16
7349222,COc1cc(C[C@H]2[C@H](C)CCCC2=C)c(O)cc1Br,CHEMBL51788,Ki,7.16
5602795,[O-][N+](=O)c1ccc(NC(CC(=O)c2ccc(F)cc2)c3cccc(F)c3)cc1,CHEMBL1163644,Ki,7.17
7349235,CC1(C)C(=O)Nc2ccc(cc12)c3cccc(Cl)c3,CHEMBL117965,IC50,7.18
7349246,CC1(C)CC(=O)c2ccc(cc12)c3cccc(Cl)c3,CHEMBL577034,IC50,7.18
7349257,CC1(OCC(=O)Nc2ccc(cc12)c3ccc(F)c(Cl)c3)c4cccs4,CHEMBL487930,IC50,7.18
5603814,Cc1ccc(cc1)C(=O)CC(Nc2ccc(cc2)[N+](=O)[O-])c3ccccc3,CHEMBL1163604,Ki,7.18
7349270,[O-][N+](=O)c1ccc(NC(CC(=O)c2ccc(Br)cc2)c3ccc(cc3)C(F)(F)F)cc1,CHEMBL1164857,Ki,7.18
7349281,CC1C\C(=N\O)\c2ccc(cc12)c3ccc(C#N)n3C,CHEMBL566125,IC50,7.19
7349292,CCCOC1Oc2ccccc2c3ccc4NC(C)(C)C=C(C)c4c13,CHEMBL113099,Ki,7.19
7349303,COc1cc(F)ccc1c2c(CN(C)Cc3ccccc3)[nH]c4c(NS(=O)(=O)C)cc(cc24)C(C)C,CHEMBL3605919,Ki,7.19
7349314,Fc1ccc(cc1Cl)c2ccc3NC(=O)COC(c4cccs4)(c5cccs5)c3c2,CHEMBL519883,IC50,7.19
7349325,Brc1ccc(s1)S(=O)(=O)N2CCCCC(=N2)c3ccc(cc3)C#N,CHEMBL211483,Ki,7.2
7349336,Brc1cccc(c1)C2=NN(CCCC2)S(=O)(=O)c3ccc(Br)s3,CHEMBL379276,Ki,7.2
7349347,CC(N(Cc1ccccc1Cl)c2ccc(C#N)c(Cl)c2)c3nnc(C)n3C,CHEMBL549554,IC50,7.2
7349358,CC1=CC(C)(C)Nc2cc3C(OC(=O)C(F)(F)F)c4cc(F)ccc4c3c(F)c12,CHEMBL327934,Ki,7.2
7349369,CCC1(OCC(=O)Nc2ccc(cc12)c3ccc(F)c(Cl)c3)c4occc4,CHEMBL520223,IC50,7.2
7349380,CCCCS(=O)(=O)N1CC[C@@H](C1)N(Cc2ccccc2C(F)(F)F)c3ccc(C#N)c(Cl)c3,CHEMBL591782,IC50,7.2
7349391,COC(=O)N1CC[C@@H](C1)N(Cc2ccccc2)c3ccc(C#N)c(Cl)c3,CHEMBL592509,IC50,7.2
7349402,CS(=O)(=O)N1CC[C@@H](C1)N(Cc2ccccc2)c3ccc(C#N)c(Cl)c3,CHEMBL591072,IC50,7.2
7349413,C[C@H](O)C(=O)N1CC[C@@H](C1)N(Cc2ccccc2C(F)(F)F)c3ccc(C#N)c(Cl)c3,CHEMBL605078,IC50,7.2
7349424,NC(=O)CN1CC[C@@H](C1)N(Cc2ccccc2Cl)c3ccc(C#N)c(Cl)c3,CHEMBL560885,IC50,7.2
7349435,CC1(C)OCC(=O)Nc2ccc(cc12)c3ccccc3F,CHEMBL486499,IC50,7.21
5601803,C[C@@H]1CC2=CC(=O)CC[C@@H]2[C@H]3CC[C@@]4(C)[C@@H](CC[C@]45OCC=C5)[C@H]13,CHEMBL3692347,IC50,7.21
7349447,Clc1ccc(cc1Cl)C(=O)N2CCCC(=N2)c3ccccc3,CHEMBL145544,IC50,7.21
7349458,Oc1nc2ccc(cc2n1Cc3ccccc3)c4cccc(c4)[N+](=O)[O-],CHEMBL327409,IC50,7.21
7350553,CC1=CC(C)(C)Nc2ccc3c(C(CC=C)Oc4cccc(Cl)c34)c12,CHEMBL8007,Ki,7.22
7350564,CC1=CC(C)(C)Nc2ccc3c4cc(F)ccc4OC(c5ccc(Cl)c(C)c5)c3c12.OS(=O)(=O)O,CHEMBL1160663,Ki,7.22
7350575,CC1=CC(C)(C)Nc2ccc3c4ccccc4O\C(=C/c5ccc(Cl)cc5)\c3c12,CHEMBL136915,Ki,7.22
7350586,CC1N(C)C(=O)C(=C1c2ccc3OCC(=O)Nc3c2)c4ccc(F)cc4,CHEMBL2419309,IC50,7.22
7350597,Cn1c(ccc1c2ccc3NC(=O)COC(c4cccs4)(c5cccs5)c3c2)C#N,CHEMBL520169,IC50,7.22
7350608,CC(=O)Nc1ccc(cc1)C23CC4CC(C2)CC(C4)(C3)c5ccc(cc5)C#N,CHEMBL3397780,IC50,7.23
7350619,CC(C)(CC(O)(CCc1ccccc1)C(=O)Nc2ccc3C(=O)OCc3c2)c4ccccc4,CHEMBL427554,IC50,7.23
7350630,CCC1(OCC(=O)Nc2ccc(cc12)c3cc(F)cc(c3)C#N)c4ccsc4,CHEMBL506297,IC50,7.23
7350641,COc1cc(CC2C(=C)C=C(C)CC2(C)C)c(OC(=O)C)cc1Br,CHEMBL54270,Ki,7.23
7350652,CC1(C)[C@H](O)CC[C@@]2(C)[C@@]1(O)CC[C@H]3Cc4c([nH]c5ccccc45)[C@]23C,CHEMBL1076438,IC50,7.24
7350663,CC1=CC(C)(C)Nc2ccc3c(Cc4cc(ccc34)[N+](=O)[O-])c12,CHEMBL330235,Ki,7.24
6587915,CC\C=C(/C)\c1ccsc1\C=C\2/Oc3ccc(O)c(OC)c3c4ccc5NC(C)(C)C=C(C)c5c24,CHEMBL428922,Ki,7.24
7350676,[O-][N+](=O)c1ccc(NC(CC(=O)c2cccc(Cl)c2)c3ccc(F)cc3)cc1,CHEMBL1163717,Ki,7.24
7350687,CC(C)([C@H](c1ccccc1)c2ccc3c(cnn3c4ccc(F)cc4)c2)C(=O)Nc5nncs5,CHEMBL2426663,Ki,7.25
7350698,[O-][N+](=O)c1ccc(NC(CC(=O)c2cccc(c2)C#N)c3ccc(cc3)C(F)(F)F)cc1,CHEMBL1163822,Ki,7.25
7350709,CC(C)([C@@H](c1ccccc1)c2ccc(O)c(F)c2)C(=O)Nc3nncs3,CHEMBL1800981,Ki,7.26
7350721,CC1=CC(C)(C)Nc2ccc(cc12)c3ccc(C#N)s3,CHEMBL132193,Ki,7.26
6587426,C[C@]12CC[C@@H]3[C@H]4CCC(=O)C=C4C=C[C@H]3[C@@H]1CC[C@]25OCC=C5,CHEMBL3692346,IC50,7.26
7350733,CC1=CC(=C)C(Cc2ccc(cc2)[N+](=O)[O-])C(C)(C)C1,CHEMBL50023,Ki,7.27
7350744,COc1cccc(\C=C\2/Oc3ccccc3c4ccc5NC(C)(C)C=C(C)c5c24)c1,CHEMBL139631,Ki,7.27
5595321,Cc1ccc(cc1)C(=O)CC(Nc2ccc(cc2)[N+](=O)[O-])c3cccc(F)c3,CHEMBL1163598,Ki,7.27
7350757,CC(C)([C@@H](c1ccccc1)c2ccc(O)c(F)c2)C(=O)Nc3nccs3,CHEMBL1801008,Ki,7.28
7350768,CC(C)([C@@H]1c2ccc(nc2Oc3c(F)cccc13)c4ccc(cc4)C(=O)N5CCOCC5)C(=O)NC(=O)N,CHEMBL3315061,Ki,7.28
7350779,CC(C)([C@H]1c2ccccc2Oc3cc(O)ccc13)C(=O)Nc4nncs4,CHEMBL1800985,Ki,7.28
7350790,CC1=CC(C)(C)Nc2cc3C(O)c4ccccc4c3c(Cl)c12,CHEMBL330702,Ki,7.28
7350801,CC1=CC(C)(C)Nc2ccc3c4cc(Cl)ccc4OC(c5ccccc5)c3c12,CHEMBL318409,Ki,7.28
7350812,CN(C(=O)C)c1ccc(cc1)C23CC4CC(CC(C4)(C2)c5ccc(cc5)C#N)C3,CHEMBL3397781,IC50,7.28
7350823,[O-][N+](=O)c1ccc(cc1)C23CC4CC(CC(C4)(C2)c5ccc(cc5)C#N)C3,CHEMBL3397778,IC50,7.28
5595901,C[C@]12CCC3C4CCC(=O)C=C4CC(C5CC5)C3C1C6CC6[C@@]27CCC(=O)O7,CHEMBL3658380,IC50,7.29
7350835,Cc1cc(C)cc(CC(O)(CC(C)(C)c2cc(F)ccc2O)C(=O)Nc3ccc4C(=O)OCc4c3)c1,CHEMBL194301,IC50,7.29
7350846,Fc1cc(cc(c1)c2ccc3NC(=O)C4(CCCCC4)c3c2)C#N,CHEMBL333484,IC50,7.29
7350857,[O-][N+](=O)c1ccc(NC(CC(=O)c2ccc(cc2)C3CCCCC3)C4CCCCC4)cc1,CHEMBL1164338,Ki,7.29
7350868,CC(C)(C)C(=O)N1CC[C@@H](C1)N(Cc2ccccc2C(F)(F)F)c3ccc(C#N)c(Cl)c3,CHEMBL592746,IC50,7.3
7350879,CC(C)OC(=O)N1CC[C@@H](C1)N(Cc2cc(F)ccc2C)c3ccc(C#N)c(Cl)c3,CHEMBL601055,IC50,7.3
7350890,CCCC(N(Cc1ccccc1Cl)c2ccc(C#N)c(Cl)c2)c3nnc(C)n3C,CHEMBL555562,IC50,7.3
7350901,CN1CC[C@@H](C1)N(Cc2ccccc2C)c3ccc(C#N)c(Cl)c3,CHEMBL557534,IC50,7.3
7350912,COc1ccc(F)cc1c2ccc(CNS(=O)(=O)c3cc(Cl)ccc3Cl)cc2,CHEMBL1645396,EC50,7.3
342950,C[C@@H](CO)CN1[C@H](C)Cc2c([nH]c3ccccc23)[C@H]1c4ccc(\C=C\C(=O)O)cc4,CHEMBL3623000,IC50,7.3
1735591,C[C@H](O)C(=O)N1CC[C@@H](C1)N(Cc2cc(Cl)ccc2Cl)c3ccc(C#N)c(Cl)c3,CHEMBL590593,IC50,7.3
7350927,Cc1c(C#N)c(Cl)nc2c3C(CC(=O)Nc3sc12)c4ccccc4Cl,CHEMBL570708,IC50,7.3
7350938,Clc1ccc(c(Cl)c1)S(=O)(=O)N2CCCCC(=N2)c3ccc(Cl)c(Cl)c3,CHEMBL379847,Ki,7.3
7350949,Cn1nnnc1CN(Cc2ccccc2Cl)c3ccc(C#N)c(Cl)c3,CHEMBL561712,IC50,7.3
7350960,[O-][N+](=O)c1ccc(NC(CC(=O)c2ccc(cc2)c3ccccc3)c4cccc(F)c4)cc1,CHEMBL1165642,Ki,7.3
7350971,[O-][N+](=O)c1ccc(cc1)C2=NN(CCCC2)S(=O)(=O)c3ccc(OC(F)(F)F)cc3,CHEMBL212466,Ki,7.3
5601999,CC[C@]12CC[C@H]3[C@@H](CC4(CC4)C5=CC(=O)CC[C@H]35)[C@@H]1CC[C@]26OC(=O)C=C6,CHEMBL3695612,IC50,7.31
348958,C[C@H](CO)CN1[C@H](C)Cc2c([nH]c3ccccc23)[C@H]1c4ccc(\C=C\C(=O)O)cc4,CHEMBL3622999,IC50,7.31
5601142,[O-][N+](=O)c1ccc(NC(CC(=O)c2ccccc2)c3cccc(F)c3)cc1,CHEMBL1163646,Ki,7.31
6587372,CC(C)(CC(O)(CN1C=CC(=O)c2ccccc12)C(F)(F)F)c3cccc4CCOc34,CHEMBL373497,IC50,7.32
7350989,CC(C)(CC(O)(Cc1ccc2ccccc2c1)C(=O)Nc3ccc4C(=O)OCc4c3)c5ccccc5,CHEMBL197552,IC50,7.32
7351000,Fc1ccc(cc1)C2=NN(CCC2)C(=O)c3ccc(Cl)c(Cl)c3,CHEMBL144694,IC50,7.32
7351011,CC#C[C@]1(O)CC[C@H]2[C@@H]3CCC4=CC(=O)CCC4=C3[C@H](C[C@]12C)c5ccc(OC[C@@H](O)C[C@@H](O)CC(=O)O)cc5,CHEMBL183540,IC50,7.33
7351022,CC(C)(CC(O)(Cc1ccccc1O)C(=O)Nc2ccc3C(=O)OCc3c2)c4ccccc4,CHEMBL370624,IC50,7.33
7351033,[O-][N+](=O)c1ccc(NC(CC(=O)c2cccc(F)c2)c3ccc(cc3)C(F)(F)F)cc1,CHEMBL1163625,Ki,7.33
7351044,CC1=CC(C)(C)Nc2ccc3c4cc(F)ccc4O\C(=C/c5ccccc5C(F)(F)F)\c3c12,CHEMBL133124,Ki,7.34
5601585,[O-][N+](=O)c1ccc(NC(CC(=O)c2cccc(F)c2)c3cccc(F)c3)cc1,CHEMBL1164485,Ki,7.34
7351057,CC(C)([C@@H]1c2ccc(nc2Oc3c(F)cccc13)c4ccc(cc4)C(=O)N5CCOCC5)C(=O)Nc6nncs6,CHEMBL3315062,Ki,7.35
7351069,CC1=CC(C)(C)Nc2ccc3c4cc(F)ccc4O\C(=C/C#N)\c3c12,CHEMBL62731,Ki,7.35
7351080,CC1CC(C)(C)Nc2ccc3c(COc4c(F)cc(F)cc34)c12,CHEMBL63788,Ki,7.35
5602915,CC[C@]12CC[C@H]3[C@@H](CCC4=CC(=O)CC[C@H]34)[C@@H]1CC[C@]25OC(=O)C=C5,CHEMBL3695602,IC50,7.35
7351092,CC(C)(CC(O)(Cc1cccc(O)c1)C(=O)Nc2ccc3C(=O)OCc3c2)c4ccccc4,CHEMBL370259,IC50,7.36
7351103,COc1ccc(F)cc1c2c([nH]c3c(NS(=O)(=O)C)cccc23)c4ccccc4,CHEMBL3605928,Ki,7.36
7351113,C[C@]12CCC(=O)C=C1C3CC3[C@@H]4C2CC[C@@]5(C)C4C6CC6[C@@]57CCC(=O)C7,CHEMBL3695596,IC50,7.36
5603025,C[C@]12CCC(=O)C=C1[C@@H]3C[C@@H]3[C@@H]4[C@@H]2CC[C@@]5(C)[C@H]4[C@@H]6C[C@@H]6[C@@]57CCC(=O)O7,CHEMBL3658375,IC50,7.36
5602333,C[C@]12CC[C@H]3[C@@H](CC4(CC4)C5=CC(=O)CC[C@H]35)[C@@H]1CC[C@]26OC(=O)C=C6,CHEMBL3695614,IC50,7.36
7351125,FC(F)(F)C(=O)NC1CCCN2C1c3ccccc3Oc4ccc(Cl)cc24,CHEMBL403486,IC50,7.37
7351136,FC(F)(F)S(=O)(=O)N[C@@H]1CC[C@H](CC1)Oc2ccc(C#N)c(Cl)c2,CHEMBL3818307,IC50,7.37
5603847,[O-][N+](=O)c1ccc(NC(CC(=O)c2ccc(Cl)cc2)c3cccc(F)c3)cc1,CHEMBL1163746,Ki,7.37
7351148,CC(C)(CC(O)(CC1CCCCC1)C(=O)Nc2ccc3C(=O)OCc3c2)c4cc(F)ccc4O,CHEMBL194802,IC50,7.38
7351159,CC1(C)Nc2ccc(cc2C(C)(C)O1)c3cc(F)cc(c3)C#N,CHEMBL350745,IC50,7.38
7351170,CC1(C)OC(Nc2ccc(cc12)c3cccc(Cl)c3)C(F)(F)F,CHEMBL164082,IC50,7.38
7351182,CC1=CC(C)(C)Nc2ccc(cc12)c3cccc(c3)[N+](=O)[O-],CHEMBL93027,IC50,7.38
7351193,CC(C)CC(N(CC1CCC1)c2ccc(C#N)c(Cl)c2)c3nnnn3C,CHEMBL551972,IC50,7.4
7351204,CC(C)S(=O)(=O)N1CC[C@@H](C1)N(Cc2ccccc2C(F)(F)F)c3ccc(C#N)c(Cl)c3,CHEMBL590610,IC50,7.4
7351215,CC(N(CC1CCCCC1)c2ccc(C#N)c(Cl)c2)c3nncn3C,CHEMBL552108,IC50,7.4
7351226,CC(N(Cc1ccccc1Cl)c2ccc(C#N)c(Cl)c2)c3cn(C)nn3,CHEMBL551784,IC50,7.4
7351237,CC1=CC(C)(C)Nc2ccc3c4ccccc4O\C(=C/c5cccc(C)c5)\c3c12,CHEMBL344048,Ki,7.4
7351248,CC1=NOC(=O)c2ccc(NC(=O)C(O)(CC3CCCCC3)CC(C)(C)c4ccccc4)cc12,CHEMBL194804,IC50,7.4
7351259,CC1CC(=NN1S(=O)(=O)c2ccc(Cl)cc2)c3ccc(Cl)c(Cl)c3,CHEMBL190198,Ki,7.4
7351270,CC1CN(N=C1c2ccc(Cl)c(Cl)c2)S(=O)(=O)c3ccc(Cl)cc3,CHEMBL366252,Ki,7.4
7351281,CCN(C(=O)C)c1ccc(cc1)C23CC4CC(CC(C4)(C2)c5ccc(cc5)C#N)C3,CHEMBL3397782,IC50,7.4
7351292,CCS(=O)(=O)N1CC[C@@H](C1)N(Cc2ccccc2C(F)(F)F)c3ccc(C#N)c(Cl)c3,CHEMBL590863,IC50,7.4
7351303,CN(C)c1ccc(cc1)C2CN(N=C2c3ccc(Cl)c(Cl)c3)S(=O)(=O)c4ccc(Cl)cc4,CHEMBL192314,Ki,7.4
7351314,CN1CC[C@@H](C1)N(Cc2c(Cl)cccc2Cl)c3ccc(C#N)c(Cl)c3,CHEMBL557331,IC50,7.4
7351325,CN1CC[C@@H](C1)N(Cc2ccccc2)c3ccc(C#N)c(Cl)c3,CHEMBL550270,IC50,7.4
7351336,CN1C[C@H](CC1=O)N(Cc2ccc(F)cc2F)c3ccc(C#N)c(Cl)c3,CHEMBL564479,IC50,7.4
7351347,Clc1ccc(s1)S(=O)(=O)N2CCCCC(=N2)c3ccc(Cl)c(Cl)c3,CHEMBL380094,Ki,7.4
5602242,[O-][N+](=O)c1ccc(NC(CC(=O)c2ccc(Br)cc2)c3cccc(F)c3)cc1,CHEMBL1163747,Ki,7.41
7351360,COC1Oc2ccc(F)cc2c3ccc4NC(C)(C)C=C(C)c4c13,CHEMBL114435,Ki,7.42
6587826,CO\N=C(/C)\c1ccsc1\C=C\2/Oc3ccc(O)c(OC)c3c4ccc5NC(C)(C)C=C(C)c5c24,CHEMBL397920,Ki,7.42
7351373,Fc1ccc(cc1Br)C(=O)N2CCCC(=N2)c3ccccc3,CHEMBL262171,IC50,7.42
7351385,CC1=CC(C)(C)Nc2ccc(cc12)c3csc(C=O)c3,CHEMBL337885,Ki,7.43
7351396,CN1C(=O)COC(C)(c2cccs2)c3cc(ccc13)c4ccc(C#N)n4C,CHEMBL520127,EC50,7.43
7351407,CC(C)(CC(O)(C(=O)Nc1ccc2C(=O)OCc2c1)C(F)(F)F)c3ccccc3,CHEMBL196067,IC50,7.44
7351419,CC1=CC(C)(C)Nc2ccc(cc12)c3c(C)sc(C#N)c3C,CHEMBL334890,Ki,7.44
7351430,CCC1(CC)C(=O)Nc2ccc(cc12)c3ccc(C#N)n3C,CHEMBL272663,IC50,7.44
7351441,COC(=O)N(C)c1ccc(cc1)C23CC4CC(CC(C4)(C2)c5ccc(cc5)C#N)C3,CHEMBL3397788,IC50,7.44
7351452,Cc1ccccc1CC(O)(CC(C)(C)c2cc(F)ccc2O)C(=O)Nc3ccc4C(=O)OCc4c3,CHEMBL373083,IC50,7.44
7351463,Cn1c(ccc1c2ccc3NC(=O)COC(c4ccccc4)(c5ccccc5)c3c2)C#N,CHEMBL521141,IC50,7.44
7351474,[O-][N+](=O)c1ccc(NC(CC(=O)c2cccc(Br)c2)c3cccc(F)c3)cc1,CHEMBL1163645,Ki,7.44
7351485,CC1=CC(C)(C)Nc2ccc3c4ccccc4OC(CC=C)c3c12,CHEMBL8639,Ki,7.45
7351496,CC(C)(CC(O)(CC1CCCCC1)C(=O)Nc2ccc3C(=O)OCc3c2)c4ccccc4,CHEMBL363137,IC50,7.46
7351507,CC(C)(CC(O)(Cc1ccccc1)C(=O)Nc2ccc3C(=O)OCc3c2)c4cc(F)ccc4O,CHEMBL196051,IC50,7.46
7351518,CC1(C)OCC(=O)Nc2ccc(cc12)c3cc(Cl)cc(c3)C#N,CHEMBL487729,IC50,7.46
7351529,CC1(CC2(C)c3ccccc3C1c4ccccc24)C(=O)Nc5nncs5,CHEMBL514630,Ki,7.46
7351540,CC1=NOC(=O)c2ccc(NC(=O)C(O)(CC3CCCCC3)CC(C)(C)c4cc(F)ccc4O)cc12,CHEMBL195962,IC50,7.46
7351551,COc1cc(C[C@@H]2C(=C)CC[C@@H](Br)C2(C)C)c(O)cc1Br,CHEMBL51639,EC50,7.46
7351562,COc1ccc(F)cc1C(C)(C)CC(O)(Cc2ccccc2)C(=O)Nc3ccc4C(=O)OCc4c3,CHEMBL197101,IC50,7.46
5603177,Cc1ccc(cc1)C(=O)C[C@@H](Nc2ccc(cc2)[N+](=O)[O-])c3cccc(F)c3,CHEMBL1165497,Ki,7.46
5601055,Cc1cccc(c1)C(=O)CC(Nc2ccc(cc2)[N+](=O)[O-])c3cccc(F)c3,CHEMBL1163976,Ki,7.46
7351577,CC#C[C@]1(O)CC[C@H]2[C@@H]3CCC4=CC(=O)CCC4=C3[C@H](C[C@]12C)c5ccc(cc5)N(C)CCC(=O)O,CHEMBL453382,IC50,7.47
7351588,COc1c(Br)ccc2OC(CC=C)c3c(ccc4NC(C)(C)C=C(C)c34)c12,CHEMBL8027,Ki,7.47
7351599,COc1cc(C[C@@H]2C(=C)CCCC2(C)C)c(O)cc1Br,CHEMBL51669,Ki,7.47
7351610,C[C@]1(CC2(C#N)c3ccccc3C1c4ccccc24)C(=O)Nc5nccs5,CHEMBL473801,Ki,7.47
7351621,Cc1cccc(CC(O)(CC(C)(C)c2cc(F)ccc2O)C(=O)Nc3ccc4C(=O)OCc4c3)c1,CHEMBL193523,IC50,7.47
7351632,Cn1c(ccc1c2ccc3C(=O)CCc3c2)C#N,CHEMBL566980,IC50,7.47
7351642,Fc1cc(cc(c1)c2ccc3NC(=O)COC(c4occc4)(c3c2)C(F)(F)C(F)(F)F)C#N,CHEMBL530109,IC50,7.47
5595976,CCC1CC2=CC(=O)CCC2C3CC[C@@]4(C)C(C5CC5[C@@]46CCC(=O)O6)C13,CHEMBL3658378,IC50,7.48
350124,C[C@@H]1Cc2c([nH]c3ccc(O)cc23)[C@H](N1CCO)c4ccc(Cl)cc4,CHEMBL3622996,IC50,7.48
7351657,CC1=CC(C)(C)Nc2ccc(cc12)c3cc(Br)cs3,CHEMBL538158,Ki,7.49
7351668,CC#C[C@]1(O)CC[C@H]2[C@@H]3CCC4=CC(=O)CCC4=C3[C@H](C[C@]12C)c5ccc(cc5)N(C)C[C@@H](O)C[C@@H](O)CC(=O)O,CHEMBL182883,IC50,7.5
7351679,CC(C)C(N(Cc1ccccc1Cl)c2ccc(C#N)c(Cl)c2)c3nncn3C,CHEMBL552156,IC50,7.5
7351690,CC(C)n1nnnc1C(C)N(Cc2ccccc2Cl)c3ccc(C#N)c(Cl)c3,CHEMBL564015,IC50,7.5
7351701,CC(N(Cc1ccccc1Cl)c2ccc(C#N)c(Cl)c2)C(=O)N(C)C,CHEMBL539459,IC50,7.5
7351712,CC(N(Cc1ccccc1Cl)c2ccc(C#N)c(Cl)c2)c3oc(C)nn3,CHEMBL559581,IC50,7.5
7351723,CC1=CC(C)(C)Nc2ccc3c4ccccc4O\C(=C/c5c(F)cccc5F)\c3c12,CHEMBL344644,Ki,7.5
7351734,CC1=NOC(=O)c2ccc(NC(=O)C(O)(Cc3ccccc3)CC(C)(C)c4cc(F)ccc4O)cc12,CHEMBL372102,IC50,7.5
7351745,C[C@H](O)C(=O)N1CC[C@@H](C1)N(Cc2ccccc2C)c3ccc(C#N)c(Cl)c3,CHEMBL600466,IC50,7.5
7351756,CC(C)([C@@H](c1ccccc1)c2ccc(O)c(Br)c2)C(=O)Nc3nccs3,CHEMBL1801006,Ki,7.51
7351767,CC1(CC2(C)c3ccccc3C1c4ccccc24)C(=O)Nc5nccs5,CHEMBL474189,Ki,7.51
7351779,CC1=CC(C)(C)Nc2ccc(cc12)c3cc(C#N)sc3C,CHEMBL132195,Ki,7.51
7351791,CC1=CC(C)(C)Nc2ccc(cc12)c3ccc(Br)s3,CHEMBL339399,Ki,7.51
7351802,COc1cc(CC2C(=C)C=C(C)CC2(C)C)c(O)cc1Br,CHEMBL48746,Ki,7.51
7351813,COc1cccc(c1)C(=O)CC(Nc2ccc(cc2)[N+](=O)[O-])c3ccc(cc3)C(F)(F)F,CHEMBL1163898,Ki,7.51
7351824,CC(=O)N1CC[C@@H](C1)N(Cc2ccccc2C(F)(F)F)c3ccc(C#N)c(Cl)c3,CHEMBL590611,IC50,7.52
7351835,CC(C)(CC(O)(Cc1ccccc1)C(=O)Nc2ccc3C(=O)OCc3c2)c4ccccc4,CHEMBL197161,IC50,7.52
7351846,CC1(C)OC(=O)Nc2ccc(cc12)c3cccc(Cl)c3,CHEMBL136806,IC50,7.52
7351857,CC1(C)OCC(=O)Nc2ccc(cc12)c3cc(F)cc(F)c3,CHEMBL488558,IC50,7.52
7351868,CC1(C)OCC(=O)Nc2ccc(cc12)c3ccc(F)c(Cl)c3,CHEMBL529665,IC50,7.52
7351879,CC1=CC(C)(C)Nc2ccc3c4cc(F)ccc4OC(c5cccc(Cl)c5)c3c12,CHEMBL416411,Ki,7.52
7351890,CC1=NOC(=O)c2ccc(NC(=O)C(O)(Cc3ccccc3)CC(C)(C)c4ccccc4)cc12,CHEMBL363200,IC50,7.52
7351901,CCC1(OCC(=O)Nc2ccc(cc12)c3coc(c3)C#N)c4occc4,CHEMBL486915,IC50,7.52
7351912,CCOC(=O)N1CC[C@@H](C1)N(Cc2cc(F)ccc2C)c3ccc(C#N)c(Cl)c3,CHEMBL601472,IC50,7.52
7351923,O=C1COC2(CCCCC2)c3cc(ccc3N1)c4ccc(C#N)[nH]4,CHEMBL489781,EC50,7.52
7351934,[O-][N+](=O)c1cccc(c1)c2ccc3nc(S)n(Cc4ccccc4)c3c2,CHEMBL93906,Ki,7.52
7351945,CC1(C)OCC(=O)Nc2ccc(cc12)c3ccc(F)c(F)c3,CHEMBL530108,IC50,7.53
7351956,CC1(C)OCC(=O)Nc2ccc(cc12)c3cc(Cl)cc(Cl)c3,CHEMBL519581,IC50,7.54
7351967,CC1=CC(=C)C(Cc2ccc(c(C)c2)[N+](=O)[O-])C(C)(C)C1,CHEMBL299512,Ki,7.54
7351979,CC1=CC(C)(C)Nc2cc3C(=O)c4cccc(F)c4c3cc12,CHEMBL90766,Ki,7.54
7351990,CC1=CC(C)(C)Nc2cc3Cc4cc(Cl)ccc4c3cc12,CHEMBL328523,Ki,7.54
7352001,CCn1c(O)nc2ccc(cc12)c3cccc(Cl)c3,CHEMBL328332,IC50,7.54
7352012,COc1c(Cl)ccc2OC(CC=C)c3c(ccc4NC(C)(C)C=C(C)c34)c12,CHEMBL7987,Ki,7.54
7352023,CS(=O)(=O)Nc1cccc2c(c[nH]c12)c3ccc(F)cc3,CHEMBL3605934,Ki,7.54
7352034,C[C@H]1C(=O)C(C)(C)Nc2ccc3c4ccccc4O[C@@H](c5ccccc5)c3c12,CHEMBL285705,Ki,7.54
7352045,C[C@H]1C(=O)C(C)(C)Nc2ccc3c4ccccc4O[C@@H](c5cccc(F)c5)c3c12,CHEMBL35525,Ki,7.55
7352056,Cn1c(ccc1c2ccc3NC(=O)COC(c4occc4)(c5occc5)c3c2)C#N,CHEMBL483246,IC50,7.55
7352067,Cn1cc(c2ccc(cc2)C#N)c3ccc(NS(=O)(=O)C)cc13,CHEMBL1672543,Ki,7.55
7352078,Sc1nc2ccc(cc2n1C3CCCC3)n4ccnc4,CHEMBL2235632,Ki,7.55
7352088,[O-][N+](=O)c1ccc(NC(CC(=O)c2ccc(cc2)c3ccccc3)C4CCCCC4)cc1,CHEMBL1164248,Ki,7.55
7352099,CC1Nc2ccc(cc2C(C)(C)O1)c3ccc(C#N)s3,CHEMBL164188,IC50,7.57
7352110,CCO\N=C\1/C(O)C(C)(C)Nc2cc(F)c(c(F)c12)c3cccc4c(C)c[nH]c34,CHEMBL1762210,Ki,7.57
6588903,CC\C(=C\1/c2ccccc2OCc3cccc(OC)c13)\c4cccc(NS(=O)(=O)C)c4,CHEMBL3120317,Ki,7.57
7352123,CCCCC1Oc2cc(F)ccc2c3ccc4NC(C)(C)C=C(C)c4c13,CHEMBL321243,Ki,7.58
7352134,Cn1c(ccc1c2ccc3nc(O)n(C4CCCC4)c3c2)C#N,CHEMBL188780,IC50,7.58
7352145,Fc1cc(cc(c1)c2ccc3NC(=O)COC(c4cccs4)(c5cccs5)c3c2)C#N,CHEMBL486498,IC50,7.58
7352156,CC(C)C(=C)\C=C\1/Oc2ccc(F)cc2c3ccc4NC(C)(C)C=C(C)c4c13,CHEMBL65410,Ki,7.59
7352167,CC1=CC(C)(C)Nc2cc3C(O)c4cc(F)cc(F)c4c3cc12,CHEMBL316348,Ki,7.59
7352179,CC1=CC(C)(C)Nc2ccc(cc12)c3sc(cc3C)C#N,CHEMBL131855,Ki,7.59
7352190,COc1cc(NS(=O)(=O)C)cc(OC)c1Oc2ccc(C#N)c(Cl)c2,CHEMBL3818341,IC50,7.59
7352200,FC(F)(F)C(=O)N[C@H]1CCCN2[C@@H]1c3ccccc3Cc4ccc(Cl)cc24,CHEMBL403139,IC50,7.59
7352211,CC(C)C(=O)N1CC[C@@H](C1)N(Cc2ccccc2C(F)(F)F)c3ccc(C#N)c(Cl)c3,CHEMBL589624,IC50,7.6
7352222,CC(C)CC(N(Cc1ccccc1C(F)(F)F)c2ccc(C#N)c(Cl)c2)c3nnnn3C,CHEMBL551305,IC50,7.6
7352233,CC(C)CC(N(Cc1ccccc1Cl)c2ccc(C#N)c(Cl)c2)c3nncn3C,CHEMBL552107,IC50,7.6
7352244,CC(N(Cc1ccccc1Cl)c2ccc(C#N)c(Cl)c2)c3ccnn3C,CHEMBL564782,IC50,7.6
7352255,CC1(C)OCC(=O)Nc2ccc(cc12)c3cc(F)cc(c3)C#N,CHEMBL487728,IC50,7.6
7352267,CC1=CC(C)(C)Nc2ccc(cc12)c3sccc3C,CHEMBL133794,Ki,7.6
7352278,CCC(=O)N1CC[C@@H](C1)N(Cc2cc(Cl)ccc2Cl)c3ccc(C#N)c(Cl)c3,CHEMBL589625,IC50,7.6
7352289,CCC(=O)N1CC[C@@H](C1)N(Cc2cc(F)ccc2C)c3ccc(C#N)c(Cl)c3,CHEMBL590100,IC50,7.6
7352300,CCC(=O)N1CC[C@@H](C1)N(Cc2ccccc2C(F)(F)F)c3ccc(C#N)c(Cl)c3,CHEMBL600465,IC50,7.6
7352311,CN1C[C@H](CC1=O)N(Cc2cccc(F)c2F)c3ccc(C#N)c(Cl)c3,CHEMBL552284,IC50,7.6
7352322,CN1C[C@H](CC1=O)N(Cc2ccccc2C(F)(F)F)c3ccc(C#N)c(Cl)c3,CHEMBL565157,IC50,7.6
7352333,CN1C[C@H](CC1=O)N(Cc2ccccc2Cl)c3ccc(C#N)c(Cl)c3,CHEMBL551885,IC50,7.6
7352344,COC(=O)Nc1ccc(cc1)C23CC4CC(C2)CC(C4)(C3)c5ccc(cc5)C#N,CHEMBL3397787,IC50,7.6
7352355,COCCN1CC[C@@H](C1)N(Cc2ccccc2Cl)c3ccc(C#N)c(Cl)c3,CHEMBL560489,IC50,7.6
7352366,Cc1cc(c(Cl)c2c1NC(C)(C)C(=O)C2(C)CC=C)c3cccc4cc[nH]c34,CHEMBL1644756,Ki,7.6
7352377,Clc1ccc(cc1Cl)C2=NN(CCCC2)S(=O)(=O)c3ccc(Br)s3,CHEMBL380305,Ki,7.6
7352388,O=C1Nc2ccc(cc2C13CCCCC3)c4cccc(c4)C#N,CHEMBL308938,IC50,7.6
7352399,CC1(C)CC(=O)c2c(N1)ccc3c4ccccc4OC(c5ccc(Cl)cc5)c23,CHEMBL286662,Ki,7.61
7352410,CC1=CC(C)(C)Nc2ccc3c4ccccc4O\C(=C/c5cccc(F)c5F)\c3c12,CHEMBL135138,Ki,7.61
7352421,CC1Nc2ccc(cc2C(C)(O1)c3ccccc3)c4cc(F)cc(c4)C#N,CHEMBL165215,IC50,7.61
7352432,CCCSC1Oc2ccccc2c3ccc4NC(C)(C)C=C(C)c4c13,CHEMBL114611,Ki,7.61
7352443,CC1=CC(C)(C)Nc2cc3Cc4cc(Br)ccc4c3cc12,CHEMBL446418,Ki,7.62
7352454,CC1CCN(N=C1c2ccccc2)C(=O)c3ccc(Cl)c(Cl)c3,CHEMBL144680,IC50,7.62
7352464,C[C@]12CCC3C4CCC(=O)C=C4C5CC5C3C1C6CC6[C@@]27CCC(=O)O7,CHEMBL3658384,IC50,7.62
7352474,CC(C)([C@@H]1c2ccc(nc2Oc3c(F)cccc13)c4ccc(nc4)C(=O)N5CCOCC5)C(=O)NC(=O)N,CHEMBL3315068,Ki,7.64
7352485,CC1Nc2ccc(cc2C(C)(C)O1)c3cccc(F)c3,CHEMBL165148,IC50,7.64
7352496,CCCCCCC1Oc2ccccc2c3ccc4NC(C)(C)C=C(C)c4c13,CHEMBL115173,Ki,7.64
7352507,[O-][N+](=O)c1ccc(NC(CC(=O)c2cccc(Cl)c2)c3cccc(F)c3)cc1,CHEMBL1163597,Ki,7.64
7352518,CC1=CC(C)(C)Nc2ccc3c4cc(F)ccc4O\C(=C/c5ccccc5Cl)\c3c12,CHEMBL132256,Ki,7.65
6587996,COc1cc(NS(=O)(=O)C)c2[nH]c(C)c(c3cc(F)ccc3OC)c2c1,CHEMBL3605924,Ki,7.65
7352531,Fc1ccc(cc1Cl)c2ccc3NC(=O)COC(c4occc4)(c5occc5)c3c2,CHEMBL487117,IC50,7.65
7352542,CC(C)([C@H]1c2ccccc2Oc3cc(O)ccc13)C(=O)Nc4nccs4,CHEMBL1800984,Ki,7.66
7352553,CC([C@@H](c1ccccc1)c2ccc3c(cnn3c4ccc(F)cc4)c2)C(=O)Nc5nncs5,CHEMBL2426624,Ki,7.66
7352564,CC1=CC(C)(C)Nc2ccc3c(C(CC=C)Oc4c(Br)cc(O)c(Cl)c34)c12,CHEMBL7781,Ki,7.66
7352575,CC1=CC(C)(C)Nc2ccc3c4ccccc4O\C(=C/c5cccc(Br)c5)\c3c12,CHEMBL137956,Ki,7.66
6587938,CC1=NOC(=O)c2ccc(NC(=O)C(O)(CC(C)(C)c3cc(F)ccc3O)C(F)(F)F)cc12,CHEMBL196374,IC50,7.66
7352588,CC1CC(C)(C)Nc2c(C)cc(c(Cl)c12)c3cccc4c(C)c[nH]c34,CHEMBL256787,Ki,7.66
7352599,COc1cc(C[C@@H]2C(=C)C[C@H](C)CC2(C)C)c(O)cc1Br,CHEMBL53549,Ki,7.66
6588860,COc1ccc(F)cc1C(C)(C)CC(O)(C(=O)Nc2ccc3C(=O)ON=C(C)c3c2)C(F)(F)F,CHEMBL263091,IC50,7.66
7352612,Cc1onc(C)c1c2ccc3NC(C)(C)C(=O)C(C)(C)c3c2,CHEMBL3582109,Ki,7.66
7352623,Cn1c(ccc1c2ccc3NC(=O)C(C)(C)c3c2)C#N,CHEMBL270908,IC50,7.66
7352634,C[C@H]1C(=O)C(C)(C)Nc2ccc3c4ccccc4O[C@@H](c5ccc(Cl)cc5)c3c12,CHEMBL34015,Ki,7.67
7352645,CC1=CC(C)(C)Nc2cc(F)c3c(Cc4cc(F)ccc34)c12,CHEMBL431280,Ki,7.68
7352656,COc1cc(C[C@H]2[C@H](C)CC(=CC2=C)C)c(OC(=O)C)cc1Br,CHEMBL51933,Ki,7.68
6587868,COc1cc(F)ccc1c2c(C)[nH]c3c(NS(=O)(=O)C)cc(F)cc23,CHEMBL3605929,Ki,7.69
7352669,CC(C)N1CC[C@@H](C1)N(Cc2ccccc2Cl)c3ccc(C#N)c(Cl)c3,CHEMBL551081,IC50,7.7
7352680,CC(C)N1C[C@H](CC1=O)N(Cc2ccccc2C)c3ccc(C#N)c(Cl)c3,CHEMBL551541,IC50,7.7
7352691,CC(N(Cc1ccccc1Cl)c2ccc(C#N)c(Cl)c2)c3nccn3C,CHEMBL559580,IC50,7.7
7352702,CC(N(Cc1ccccc1Cl)c2ccc(C#N)c(Cl)c2)c3onc(C)c3,CHEMBL550170,IC50,7.7
6587514,CC1=NOC(=O)c2ccc(NC(=O)C(O)(CC(C)(C)c3cccc4CCOc34)C(F)(F)F)cc12,CHEMBL216272,IC50,7.7
7352715,CN1CC[C@@H](C1)N(Cc2ccccc2Cl)c3ccc(C#N)c(Cl)c3,CHEMBL568906,IC50,7.7
1722335,CN1C[C@H](CC1=O)N(Cc2ccccc2F)c3ccc(C#N)c(Cl)c3,CHEMBL563283,IC50,7.7
7352728,COC(=O)N1CC[C@@H](C1)N(Cc2cc(F)ccc2C)c3ccc(C#N)c(Cl)c3,CHEMBL591327,IC50,7.7
7352739,COC(=O)N1CC[C@@H](C1)N(Cc2cccc(F)c2F)c3ccc(C#N)c(Cl)c3,CHEMBL592745,IC50,7.7
7352750,CS(=O)(=O)N1CC[C@@H](C1)N(Cc2ccccc2F)c3ccc(C#N)c(Cl)c3,CHEMBL584422,IC50,7.7
7352761,C[C@H]1CN(N=C1c2ccc(Cl)c(Cl)c2)S(=O)(=O)c3ccc(Cl)cc3,CHEMBL364712,Ki,7.7
7352772,Clc1ccccc1CN([C@H]2CCN(Cc3ccccn3)C2)c4ccc(C#N)c(Cl)c4,CHEMBL551423,IC50,7.7
7352784,CC1=CC(C)(C)Nc2ccc3c(COc4ccc(F)cc34)c12,CHEMBL65079,Ki,7.71
7352796,CC1=CC(C)(C)Nc2ccc(cc12)c3cccc(c3)C#N,CHEMBL115904,Ki,7.72
7352807,CC1=CC(C)(C)Nc2ccc3c4ccccc4O\C(=C/c5cccc(Cl)c5)\c3c12,CHEMBL337262,Ki,7.73
7352818,CC1CC(O)c2ccc(cc12)c3ccc(C#N)n3C,CHEMBL568048,IC50,7.75
7352831,CN(C)c1ccc(cc1)[C@H]2C[C@]3(C)[C@@H](CC[C@]3(O)CCCO)[C@@H]4CCC5=CC(=O)CCC5=C24,CHEMBL1908373,Ki,7.75
7352842,COc1ccc(cc1)C(=O)CC(Nc2ccc(cc2)[N+](=O)[O-])c3ccc(cc3)C(F)(F)F,CHEMBL1163899,Ki,7.75
7352853,Clc1ccc(cc1Cl)C(=S)N2CCCC(=N2)c3ccccc3,CHEMBL145224,IC50,7.76
7352866,Sc1nc2ccc(cc2n1Cc3ccccc3)c4cccc(Cl)c4,CHEMBL316078,IC50,7.77
7352878,CC\C(=C/1\Oc2ccc(F)cc2c3ccc4NC(C)(C)C=C(C)c4c13)\C,CHEMBL63015,Ki,7.78
7352889,C[C@@H]1C(=O)C(C)(C)Nc2ccc3c4ccccc4O[C@@H](c5cccc(c5)C(F)(F)F)c3c12,CHEMBL36065,Ki,7.78
7352900,CC1=CC(C)(C)Nc2ccc3c4cc(F)ccc4O\C(=C/c5ccccc5Br)\c3c12,CHEMBL334586,Ki,7.79
7352911,COC1Oc2ccc(Cl)cc2c3ccc4NC(C)(C)C=C(C)c4c13,CHEMBL114553,Ki,7.79
6588175,CC(C)(CC(O)(C(=O)Nc1ccc2C(=O)OCc2c1)C(F)(F)F)c3cc(F)ccc3O,CHEMBL194745,IC50,7.8
7352924,CC(C)CC(N(CC(C)C)c1ccc(C#N)c(Cl)c1)c2nnnn2C,CHEMBL541973,IC50,7.8
7352935,CC(C)C[C@H](N(CC1CCC1)c2ccc(C#N)c(Cl)c2)c3nnnn3C,CHEMBL560248,IC50,7.8
7352946,CC1(C)OCC(=O)Nc2ccc(cc12)c3cccc(F)c3F,CHEMBL488758,IC50,7.8
7352957,CCC(=O)N1CC[C@@H](C1)N(Cc2ccccc2C)c3ccc(C#N)c(Cl)c3,CHEMBL592532,IC50,7.8
7352968,CCC(N(Cc1ccccc1Cl)c2ccc(C#N)c(Cl)c2)c3nncn3C,CHEMBL557293,IC50,7.8
7352979,CCn1nnnc1C(C)N(Cc2ccccc2Cl)c3ccc(C#N)c(Cl)c3,CHEMBL563716,IC50,7.8
1745539,CN1CC[C@@H](C1)N(Cc2ccccc2C(F)(F)F)c3ccc(C#N)c(Cl)c3,CHEMBL558664,IC50,7.8
7352992,COc1ccc(F)cc1C(C)(C)CC(O)(CNc2ccc3C(=O)ON=C(C)c3c2)C(F)(F)F,CHEMBL1257221,IC50,7.8
7353002,C[C@]12CCC3C4CCC(=O)C=C4[C@@H]5C[C@@H]5C3C1C6CC6[C@@]27CCC(=O)O7,CHEMBL3658383,IC50,7.8
1732997,Cc1ccccc1CN([C@H]2CCN(C2)S(=O)(=O)C)c3ccc(C#N)c(Cl)c3,CHEMBL601500,IC50,7.8
7353014,CC1=CC(C)(C)Nc2ccc3c(Cc4c(F)cccc34)c12,CHEMBL91927,Ki,7.81
5604972,CC\C(=C/1\c2ccccc2COc3ccccc13)\c4cccc(NS(=O)(=O)C)c4,CHEMBL3120318,Ki,7.81
7353029,CC1(C)OC(=O)Nc2ccc(cc12)c3ccc(F)c(c3)C#N,CHEMBL136721,IC50,7.82
7353040,CC1(C)OCC(=O)Nc2ccc(cc12)c3cc(F)cc(Cl)c3,CHEMBL487727,IC50,7.82
7353052,CC1=CC(C)(C)Nc2ccc3c(COc4ccc(Br)cc34)c12,CHEMBL63870,Ki,7.82
7353063,CC1CC(C)(C)Nc2c(C)cc(c(Cl)c12)c3cc(F)cc4cc[nH]c34,CHEMBL403274,Ki,7.82
7353074,CCN1C[C@H](CC1=O)N(Cc2ccccc2C)c3ccc(C#N)c(Cl)c3,CHEMBL540476,IC50,7.82
1745550,CN1CC[C@H](C1)N(Cc2ccccc2C(F)(F)F)c3ccc(C#N)c(Cl)c3,CHEMBL563341,IC50,7.82
5605795,C[C@]12CCC3C(CCC4=CC(=O)CCC34)C1C5CC5[C@@]26CCC(=O)O6,CHEMBL3658376,IC50,7.82
5601476,C[C@]12CCC3C4CCC(=O)C=C4CC(C=C)C3C1C5CC5[C@@]26CCC(=O)O6,CHEMBL3658379,IC50,7.82
7353089,CC1(C)OCC(=O)Nc2ccc(cc12)c3cccc(F)c3,CHEMBL486709,IC50,7.83
7353100,Cn1c(ccc1c2cc(F)c3NC(=O)C4(CCCC4)c3c2)C#N,CHEMBL407847,IC50,7.83
7353111,CC1=CC(C)(C)Nc2cc3Cc4ccccc4c3cc12,CHEMBL329198,Ki,7.85
7353122,CC1=C[C@@H](CCC1)[C@@H]2Oc3c(F)cc(F)cc3c4ccc5NC(C)(C)C=C(C)c5c24,CHEMBL510373,Ki,7.85
7353133,Cc1cc(c(Cl)c2c1NC(C)(C)C(=O)C2(C)C)c3cccc4cc[nH]c34,CHEMBL1644755,Ki,7.85
7353144,Cn1c(ccc1c2ccc3\C(=N/O)\CC(C)(C)c3c2)C#N,CHEMBL585185,IC50,7.85
7353155,CC1=CC(C)(C)Nc2ccc3c4ccccc4OC(c5cccc(Br)n5)c3c12,CHEMBL101852,Ki,7.86
7353166,COc1ccc(cc1)C2Oc3ccccc3c4ccc5NC(C)(C)C=C(C)c5c24,CHEMBL103468,Ki,7.88
7353177,Fc1cc(cc(c1)c2ccc3NC(=O)COC(c4occc4)(c5occc5)c3c2)C#N,CHEMBL487116,IC50,7.88
7353188,CC(N(Cc1ccccc1Cl)c2ccc(C#N)c(Cl)c2)c3csc(C)n3,CHEMBL551782,IC50,7.89
7353199,CC(N(Cc1ccccc1Cl)c2ccc(C#N)c(Cl)c2)c3nncn3C,CHEMBL559974,IC50,7.89
7353210,CC(N(Cc1ccccc1Cl)c2ccc(C#N)c(Cl)c2)c3nnnn3C,CHEMBL556891,IC50,7.89
7353221,CC1(C)C(=O)Nc2ccc(cc12)c3cc(F)cc(c3)C#N,CHEMBL117518,IC50,7.89
7353233,CC1=CC(C)(C)Nc2ccc3c(COc4ccc(Cl)cc34)c12,CHEMBL64123,Ki,7.89
7353244,CC1=CC(C)(C)Nc2ccc3c(Cc4ccccc34)c12,CHEMBL92730,Ki,7.89
5601356,CC1CC(C)(C)Nc2c(C)cc(c(Cl)c12)c3cccc4cc[nH]c34,CHEMBL258191,Ki,7.89
7353257,CCC(N(Cc1ccccc1Cl)c2ccc(C#N)c(Cl)c2)c3nnnn3C,CHEMBL556892,IC50,7.89
7353268,CCCC(N(Cc1ccccc1Cl)c2ccc(C#N)c(Cl)c2)c3nncn3C,CHEMBL562509,IC50,7.89
7353279,CS(=O)(=O)N1CC[C@@H](C1)N(Cc2ccccc2C(F)(F)F)c3ccc(C#N)c(Cl)c3,CHEMBL591092,IC50,7.89
348861,C[C@@H](CN1[C@H](C)Cc2c([nH]c3ccccc23)[C@H]1c4ccc(Cl)cc4)C(=O)O,CHEMBL3622997,IC50,7.89
7353292,Cc1ccc(cc1)C(=O)CC(Nc2ccc(cc2)[N+](=O)[O-])C3CCCCC3,CHEMBL1164858,Ki,7.89
7353303,FC(F)(F)CCN1CC[C@@H](C1)N(Cc2ccccc2Cl)c3ccc(C#N)c(Cl)c3,CHEMBL563609,IC50,7.89
5596030,[O-][N+](=O)c1ccc(NC(CC(=O)c2ccccc2)C3CCCCC3)cc1,CHEMBL1165353,Ki,7.89
7353316,CC1=CC(C)(C)Nc2ccc3c4ccccc4O\C(=C/c5cc(F)cc(F)c5)\c3c12,CHEMBL342190,Ki,7.9
7353328,CC1(C)Nc2ccc(cc2C(C)(C)C1=O)c3csc(c3)C#N,CHEMBL131681,Ki,7.91
7353340,CC1=CC(C)(C)Nc2cc3Cc4c(CO)cccc4c3cc12,CHEMBL92089,Ki,7.91
7353352,CC1=CC(C)(C)Nc2ccc3c(COc4c(F)cc(Br)cc34)c12,CHEMBL62761,Ki,7.91
7353364,CC1=CC(C)(C)Nc2ccc(cc12)c3ccc(Cl)s3,CHEMBL133661,Ki,7.92
5601220,CC1CC2=CC(=O)CCC2C3CC[C@@]4(C)C(C5CC5[C@@]46CCC(=O)O6)C13,CHEMBL3658377,IC50,7.92
7353376,CC1Nc2ccc(cc2C3(CCCCC3)O1)c4csc(c4)C#N,CHEMBL164080,IC50,7.92
352960,CC\C(=C(/c1ccc(O)cc1)\c2ccc(\C=C\C(=O)O)cc2)\c3ccccc3,CHEMBL195515,IC50,7.92
7353389,COC(=O)N1CC[C@@H](C1)N(Cc2ccccc2C(F)(F)F)c3ccc(C#N)c(Cl)c3,CHEMBL590853,IC50,7.92
7353400,COC(=O)N1CC[C@@H](C1)N(Cc2ccccc2C)c3ccc(C#N)c(Cl)c3,CHEMBL592016,IC50,7.92
7353411,COC(=O)N1CC[C@@H](C1)N(Cc2ccccc2F)c3ccc(C#N)c(Cl)c3,CHEMBL592289,IC50,7.92
7353422,CCC1(OCC(=O)Nc2ccc(cc12)c3cc(F)cc(c3)C#N)c4occc4,CHEMBL501080,IC50,7.93
7353433,CC1=CC(C)(C)Nc2ccc3c4cc(F)ccc4O\C(=C/c5ccccc5C#N)\c3c12,CHEMBL334747,Ki,7.94
7353444,CC1Nc2ccc(cc2C(C)(C)O1)c3csc(c3)C#N,CHEMBL164139,IC50,7.94
7353455,CC1=CC(C)(C)Nc2cc3Cc4cccc(F)c4c3cc12,CHEMBL313418,Ki,7.95
7353466,COc1cccc(c1)C(=O)CC(Nc2ccc(cc2)[N+](=O)[O-])C3CCCCC3,CHEMBL1163484,Ki,7.95
356777,C[C@@H]1Cc2c([nH]c3ccccc23)[C@H](N1CC(C)(C)F)c4c(F)cc(\C=C\C(=O)O)cc4F,CHEMBL3623004,IC50,7.95
7353479,CC1(C)OCC(=O)Nc2ccc(cc12)c3ccc(C#N)[nH]3,CHEMBL491206,IC50,7.97
7353490,CC1=CC(C)(C)Nc2ccc3c4ccccc4OC(c5ccc(cc5)C(F)(F)F)c3c12,CHEMBL321584,Ki,7.97
5602277,COc1ccc(cc1)C(=O)CC(Nc2ccc(cc2)[N+](=O)[O-])C3CCCCC3,CHEMBL1165483,Ki,7.97
7353505,CC1(C)Nc2ccc3c4ccccc4OC(c5ccc(Cl)cc5)c3c2C=C1,CHEMBL33909,Ki,7.98
5602444,[O-][N+](=O)c1ccc(NC(CC(=O)c2ccc(Br)cc2)C3CCCCC3)cc1,CHEMBL1164752,Ki,7.99
7353518,CC(C)N1C[C@H](CC1=O)N(Cc2ccccc2Cl)c3ccc(C#N)c(Cl)c3,CHEMBL559327,IC50,8.0
7353529,CC1(C)Nc2ccc(cc2C(C)(C)O1)c3cccc(Cl)c3,CHEMBL165141,IC50,8.0
7353541,CC1=CC(C)(C)Nc2ccc(cc12)c3cc(F)cc(F)c3,CHEMBL117586,Ki,8.0
7353553,CC1=CC(C)(C)Nc2ccc(cc12)c3cc(F)cc(c3)C#N,CHEMBL117465,Ki,8.0
7353564,CCN1C[C@H](CC1=O)N(Cc2cc(Cl)ccc2Cl)c3ccc(C#N)c(Cl)c3,CHEMBL565022,IC50,8.0
1732002,CCN1C[C@H](CC1=O)N(Cc2cc(F)ccc2Cl)c3ccc(C#N)c(Cl)c3,CHEMBL552023,IC50,8.0
7353577,C[C@H]1CC(C)(C)Nc2ccc3c4ccccc4O[C@@H](c5ccc(Cl)cc5)c3c12,CHEMBL286822,Ki,8.0
7353588,Cn1c(ccc1c2ccc3C(O)CCc3c2)C#N,CHEMBL578556,IC50,8.0
7353599,CC1=CC(C)(C)Nc2ccc3c4cc(Cl)ccc4OC(c5ccc(Cl)c(C)c5)c3c12,CHEMBL94753,EC50,8.03
7353610,CC1=CC(C)(C)Nc2ccc3c4cc(F)ccc4O\C(=C/c5ccccn5)\c3c12,CHEMBL335879,Ki,8.04
7353621,[O-][N+](=O)c1ccc(NC(CC(=O)c2ccc(Cl)c(Cl)c2)C3CCCCC3)cc1,CHEMBL1163529,Ki,8.04
7353632,CC1Nc2ccc(cc2C(C)(C)O1)c3cccc(Cl)c3,CHEMBL167928,IC50,8.05
5603098,C[C@]12CCC3C(CC4(CC4)C5=CC(=O)CCC35)C1C6CC6[C@@]27CCC(=O)O7,CHEMBL3658382,IC50,8.05
7353644,CC(=O)c1ccc(cc1)C2Oc3ccccc3c4ccc5NC(C)(C)C=C(C)c5c24,CHEMBL320411,Ki,8.06
7353655,CC1=CC(C)(C)Nc2ccc3c4ccccc4O\C(=C/c5ccc(Br)cc5)\c3c12,CHEMBL137902,Ki,8.06
5601077,[O-][N+](=O)c1ccc(NC(CC(=O)c2ccc(F)cc2)C3CCCCC3)cc1,CHEMBL1163481,Ki,8.07
5601088,[O-][N+](=O)c1ccc(NC(CC(=O)c2cccc(F)c2)C3CCCCC3)cc1,CHEMBL1163485,Ki,8.07
7353671,CC1CC(C)(C)Nc2ccc(cc12)c3sc(cc3C)C#N,CHEMBL134260,Ki,8.08
7353682,CC1Nc2ccc(cc2C(C)(C)O1)c3sc(cc3C)C#N,CHEMBL167405,IC50,8.09
7353693,Cn1c(ccc1c2ccc3NC(=O)C4(CCCC4)c3c2)C#N,CHEMBL407622,IC50,8.09
7353704,CC(C)(C)C(=O)OCN1C(OC(C)(C)c2cc(ccc12)c3csc(c3)C#N)C(F)(F)F,CHEMBL351751,IC50,8.1
7353715,CC(C)(CC(O)(Cc1cc2ccncc2[nH]1)C(F)(F)F)c3cccc(F)c3,CHEMBL1253987,IC50,8.1
7353726,CC1(C)OC(=O)Nc2ccc(cc12)c3coc(c3)C#N,CHEMBL138059,IC50,8.1
7353737,CCC(=O)N1CC[C@@H](C1)N(Cc2ccccc2Br)c3ccc(C#N)c(Cl)c3,CHEMBL607030,IC50,8.1
7353748,CCOC(=O)CN1CC[C@@H](C1)N(Cc2ccccc2Cl)c3ccc(C#N)c(Cl)c3,CHEMBL559261,IC50,8.1
7353759,CC\C(=C\1/Oc2ccc(F)cc2c3ccc4NC(C)(C)C=C(C)c4c13)\C,CHEMBL62981,Ki,8.1
7353770,COC(=O)N1CC[C@@H](C1)N(Cc2ccccc2Cl)c3ccc(C#N)c(Cl)c3,CHEMBL592510,IC50,8.1
7353781,Cc1onc(C)c1c2ccc(CNS(=O)(=O)c3c(C)onc3C)cc2,CHEMBL1645392,EC50,8.1
7353792,Clc1ccccc1CN([C@H]2CCN(CC#N)C2)c3ccc(C#N)c(Cl)c3,CHEMBL539731,IC50,8.1
7353803,CC1=CC(C)(C)Nc2ccc3c(C(CC=C)Oc4ccc(O)c(Cl)c34)c12,CHEMBL273658,Ki,8.12
7353814,CC1Nc2ccc(cc2C(C)(C)O1)c3cc(F)cc(c3)C#N,CHEMBL164695,IC50,8.14
7353825,CC1(C)OC(Nc2ccc(cc12)c3cc(F)cc(c3)C#N)C(F)(F)F,CHEMBL167570,IC50,8.15
7353837,CC1=CC(C)(C)Nc2ccc3c(COc4ccc(cc34)[N+](=O)[O-])c12,CHEMBL64294,Ki,8.17
7353848,CC1=CC(C)(C)Nc2ccc3c4ccccc4OC(c5ccc(F)c(c5)C(F)(F)F)c3c12,CHEMBL320423,Ki,8.17
5601824,[O-][N+](=O)c1ccc(NC(CC(=O)c2ccc(Cl)cc2)C3CCCCC3)cc1,CHEMBL1163480,Ki,8.17
7353861,CCCSC1Oc2ccc(F)cc2c3ccc4NC(C)(C)C=C(C)c4c13,CHEMBL325213,Ki,8.18
7353872,C[C@@H]1C(=O)C(C)(C)Nc2ccc3c4ccccc4O[C@@H](c5ccccc5)c3c12,CHEMBL284475,Ki,8.18
7353883,CC1=CC(C)(C)Nc2ccc3c4cc(F)ccc4O\C(=C/c5ccccc5OC(F)(F)F)\c3c12,CHEMBL132578,Ki,8.19
350831,CN(C(=O)C)c1ccc(cc1)[C@H]2C[C@@]3(C)[C@@H](CC[C@@]3(O)C#C)[C@@H]4CCC5=CC(=O)CCC5=C24,CHEMBL364368,Ki,8.19
7353896,CC1=CC(C)(C)Nc2ccc3c4cc(F)ccc4OC(=C5SCCCS5)c3c12,CHEMBL65929,Ki,8.2
7353907,CC1CC(C)(C)Nc2ccc3c4ccccc4O\C(=C/c5cccc(F)c5)\c3c12,CHEMBL34882,Ki,8.2
7353919,CC1=CC(C)(C)Nc2ccc3c4cc(F)ccc4OC(=C)c3c12,CHEMBL64913,Ki,8.21
5605816,C\C(=C/1\c2ccccc2COc3ccccc13)\c4cccc(NS(=O)(=O)C)c4,CHEMBL3120319,Ki,8.21
7353932,CCCOC1Oc2ccc(F)cc2c3ccc4NC(C)(C)C=C(C)c4c13,CHEMBL113098,Ki,8.22
7353943,CS(=O)(=O)N1CC[C@@H](C1)N(Cc2ccccc2Cl)c3ccc(C#N)c(Cl)c3,CHEMBL602745,IC50,8.22
7353955,CC1=CC(C)(C)Nc2ccc3c(COc4c(F)cc(Cl)cc34)c12,CHEMBL65743,Ki,8.25
7353966,CC1=CC(C)(C)Nc2ccc3c4ccccc4O\C(=C/c5ccccc5F)\c3c12,CHEMBL435822,Ki,8.25
7353977,CC1=CC(C)(C)Nc2ccc3c4cccc(F)c4O\C(=C/c5cccc(F)c5)\c3c12,CHEMBL130257,Ki,8.26
7353988,CC1=CC(C)(C)Nc2ccc3c4ccccc4O\C(=C/c5ccccc5Br)\c3c12,CHEMBL335591,Ki,8.26
5595396,CS(=O)(=O)Nc1cccc2c(c[nH]c12)c3cccc(Cl)c3,CHEMBL3605932,Ki,8.26
7354001,Cn1c(ccc1c2ccc3NC(=O)C(C)(C)c3c2F)C#N,CHEMBL270714,IC50,8.26
7354012,CC[C@@H]1C[C@H]2[C@@H]3CCC4=CC(=O)CC[C@@H]4[C@H]3CC[C@]2(C)[C@H]1C(=O)CO,CHEMBL2311103,Kd,8.27
7354023,CC1(C)Nc2ccc3c4ccccc4OC(c5ccc(Cl)cc5)c3c2C(C)(C)C1=O,CHEMBL34589,Ki,8.28
7354034,CC1=CC(C)(C)Nc2ccc3c4ccccc4OC(c5ccc(F)cc5)c3c12,CHEMBL323324,Ki,8.28
6588913,CC[C@]12CC[C@H]3[C@@H](CCC4=CC(=O)CC[C@H]34)[C@@H]1CC[C@]25OCC=C5,CHEMBL3692351,IC50,8.28
7354046,CC(C)CC(N(Cc1ccccc1Cl)c2ccc(C#N)c(Cl)c2)c3nnnn3C,CHEMBL561713,IC50,8.3
7354058,CC1=CC(C)(C)Nc2ccc(cc12)c3cc(F)cc(c3)[N+](=O)[O-],CHEMBL117308,Ki,8.3
7354069,CS(=O)(=O)N1CC[C@@H](C1)N(Cc2ccccc2Br)c3ccc(C#N)c(Cl)c3,CHEMBL592017,IC50,8.3
7354080,CC1(C)OC(Nc2ccc(cc12)c3csc(c3)C#N)C(F)(F)F,CHEMBL167844,IC50,8.31
7354091,CC1=CC(C)(C)Nc2ccc3c4ccccc4O\C(=C/c5ccccc5)\c3c12,CHEMBL134421,Ki,8.31
7354102,CC1C(=O)C(C)(C)Nc2ccc3c4ccccc4O\C(=C/c5ccccc5)\c3c12,CHEMBL32603,Ki,8.31
7354113,Cn1c(ccc1c2ccc3NC(=O)OC(C)(C)c3c2)C#N,CHEMBL67860,IC50,8.31
7354124,CC1=CC(C)(C)Nc2ccc3c4cc(F)cc(F)c4O[C@@H]([C@H]5CCCC=C5)c3c12,CHEMBL510305,Ki,8.32
7354135,CC1=CC(C)(C)Nc2ccc3c4cc(F)ccc4O\C(=C/c5occc5)\c3c12,CHEMBL336169,Ki,8.33
5603803,C[C@H](CCC(=O)O)[C@H]1CC[C@H]2[C@@H]3[C@@H](C[C@@H]4CC(O)CC[C@]4(C)[C@H]3C[C@H](O)[C@]12C)OC(=O)NCCN(C)c5ccc(cc5)[C@H]6C[C@@]7(C)[C@@H](CC[C@@]7(O)C#C)[C@@H]8CCC9=CC(=O)CCC9=C68,CHEMBL414041,Ki,8.34
7354149,CC1=C[C@H](CCC1)[C@@H]2Oc3c(F)cc(F)cc3c4ccc5NC(C)(C)C=C(C)c5c24,CHEMBL453579,Ki,8.36
343116,C[C@H](CCC(=O)O)[C@H]1CC[C@H]2[C@@H]3[C@@H](C[C@@H]4CC(O)CC[C@]4(C)[C@H]3C[C@H](O)[C@]12C)OC(=O)NCC(=O)N(C)c5ccc(cc5)[C@H]6C[C@@]7(C)[C@@H](CC[C@@]7(O)C#C)[C@@H]8CCC9=CC(=O)CCC9=C68,CHEMBL263942,Ki,8.36
7354162,CCn1cc(c2ccc(cc2)C#N)c3ccc(NS(=O)(=O)C)cc13,CHEMBL1672544,Ki,8.37
7354173,FC(F)(F)C(=O)N[C@H]1CCCN2[C@@H]1c3ccccc3Oc4ccc(Cl)cc24,CHEMBL403138,IC50,8.37
7354184,Cn1c(ccc1c2cc(F)c3NC(=O)C(C)(C)c3c2)C#N,CHEMBL407848,IC50,8.39
7354195,CC1=CC(C)(C)Nc2ccc3c4ccccc4OC(c5ccc(Br)nc5)c3c12,CHEMBL102179,Ki,8.41
7354207,Cc1cc(C#N)sc1c2ccc3NC(C)(C)C(=O)C(C)(C)c3c2,CHEMBL132889,Ki,8.41
7354218,CC#C[C@]1(O)CC[C@H]2[C@@H]3CCC4=CC(=O)CCC4=C3[C@H](C[C@]12C)c5ccc(cc5)N(C)C[C@@H]6C[C@@H](O)CC(=O)O6,CHEMBL182961,IC50,8.42
7354229,CC1(OCC(=O)Nc2ccc(cc12)c3ccc(C#N)[nH]3)c4cccs4,CHEMBL523659,IC50,8.42
7354240,COc1ccccc1\C=C\2/Oc3ccc(F)cc3c4ccc5NC(C)(C)C=C(C)c5c24,CHEMBL335996,Ki,8.42
354011,CC(C)CN1[C@H](C)Cc2c([nH]c3ccccc23)[C@H]1c4ccc(\C=C\C(=O)O)cc4,CHEMBL3623001,IC50,8.44
7354253,CC1=CC(C)(C)Nc2cc3Cc4cc(ccc4c3cc12)[N+](=O)[O-],CHEMBL328506,Ki,8.44
7354264,CC1=CC(C)(C)Nc2ccc3c4cc(Cl)ccc4OC(c5cccc(Cl)c5)c3c12,CHEMBL104183,EC50,8.44
7354275,CC1=CC(C)(C)Nc2ccc3c4ccccc4OC(c5ccccc5)c3c12,CHEMBL101914,Ki,8.44
7354286,CC1=CC(C)(C)Nc2ccc3c4ccccc4O\C(=C/c5ccc(F)c(F)c5)\c3c12,CHEMBL342426,Ki,8.44
7354297,Cn1c(ccc1c2cc(F)c3NC(=O)C4(CCCCC4)c3c2)C#N,CHEMBL408648,IC50,8.44
7354308,CC1=CC(C)(C)Nc2cc3Cc4cc(F)ccc4c3cc12,CHEMBL92750,Ki,8.46
7354320,CC1=CC(C)(C)Nc2ccc(cc12)c3csc(c3)C#N,CHEMBL335992,Ki,8.46
7354331,CC1=CC(C)(C)Nc2ccc3c4ccccc4O\C(=C/c5ccc(F)cc5)\c3c12,CHEMBL136464,Ki,8.46
7354342,CC1C(=O)C(C)(C)Nc2ccc3c4ccccc4O\C(=C/c5cccc(F)c5)\c3c12,CHEMBL34824,Ki,8.46
7354353,CCCCC1Oc2ccc(OC)cc2c3ccc4NC(C)(C)C=C(C)c4c13,CHEMBL322108,Ki,8.46
356493,C[C@@H]1Cc2c([nH]c3ccccc23)[C@H](N1CC(C)(C)F)c4ccc(\C=C\C(=O)O)cc4,CHEMBL3623003,IC50,8.46
5604101,C[C@H](CCC(=O)O)[C@H]1CC[C@H]2[C@@H]3[C@H](O)C[C@@H]4CC(CC[C@]4(C)[C@H]3C[C@H](O)[C@]12C)N(C)C(=O)NCCN(C)c5ccc(cc5)[C@H]6C[C@@]7(C)[C@@H](CC[C@@]7(O)C#C)[C@@H]8CCC9=CC(=O)CCC9=C68,CHEMBL384975,Ki,8.46
7354368,CC1=CC(C)(C)Nc2ccc3c4ccccc4OC(c5ccc(Cl)c(Cl)c5)c3c12,CHEMBL317921,Ki,8.47
7354379,Cn1c(ccc1c2ccc3NC(=O)COC(C)(c4ccsc4)c3c2)C#N,CHEMBL522432,IC50,8.47
7354390,CC1Oc2ccccc2c3ccc4NC(C)(C)C=C(C)c4c13,CHEMBL115174,Ki,8.48
352995,C[C@H](CCC(=O)O)[C@H]1CC[C@H]2[C@@H]3[C@H](O)C[C@@H]4CC(CC[C@]4(C)[C@H]3C[C@H](O)[C@]12C)OCCN(C)c5ccc(cc5)[C@H]6C[C@@]7(C)[C@@H](CC[C@@]7(O)C#C)[C@@H]8CCC9=CC(=O)CCC9=C68,CHEMBL427568,Ki,8.48
7354403,Cn1c(ccc1c2ccc3NC(=O)C4(CCCCC4)c3c2)C#N,CHEMBL305298,IC50,8.48
7354414,Cn1c(ccc1c2ccc3NC(=O)COC(C)(C)c3c2)C#N,CHEMBL522264,EC50,8.48
7354425,CC1=CC(C)(C)Nc2ccc3c4ccccc4OC(CCCCCl)c3c12,CHEMBL332264,Ki,8.5
7354439,CC1=CC(C)(C)Nc2cc3Cc4c(F)ccc(F)c4c3cc12,CHEMBL327847,Ki,8.51
7354451,CCC\C=C\1/Oc2ccc(F)cc2c3ccc4NC(C)(C)C=C(C)c4c13,CHEMBL65014,Ki,8.51
7354462,CC1(C)OC(=Nc2ccc(cc12)c3csc(c3)C#N)S,CHEMBL282650,IC50,8.52
5603034,C[C@]12CC[C@H]3[C@@H](CCC4=CC(=O)CC[C@H]34)[C@@H]1CC[C@]25OCC=C5,CHEMBL3687970,IC50,8.52
7354474,Cn1c(ccc1c2ccc3c(c2)C(C)(C)CC3(O)CC#C)C#N,CHEMBL567438,IC50,8.52
7354485,CC1Nc2ccc(cc2C3(CCCCC3)O1)c4sc(cc4C)C#N,CHEMBL164187,IC50,8.54
7354496,CCCCC1Oc2ccc(F)cc2c3ccc4NC(C)(C)C=C(C)c4c13,CHEMBL326092,Ki,8.54
7354507,CC1=CC(C)(C)Nc2ccc3c4cc(F)ccc4OC(c5ccc(Cl)c(C)c5)c3c12,CHEMBL94749,EC50,8.57
7354518,CC1=CC(C)(C)Nc2ccc3c4ccc(F)cc4OC(c5ccc(Cl)cc5)c3c12,CHEMBL108230,Ki,8.57
7354529,COc1ccc(cc1)C2Oc3ccc(F)cc3c4ccc5NC(C)(C)C=C(C)c5c24,CHEMBL104451,Ki,8.57
7354541,CC1=CC(C)(C)Nc2ccc(cc12)c3ccc(s3)[N+](=O)[O-],CHEMBL133656,Ki,8.59
7354552,CC1=CC(C)(C)Nc2ccc3c4cc(F)ccc4O\C(=C/c5ccccc5C=O)\c3c12,CHEMBL422268,Ki,8.59
7354563,CC1=CC(C)(C)Nc2ccc3c4ccccc4OC(c5cccc(c5)C(F)(F)F)c3c12,CHEMBL318513,Ki,8.59
7354574,C[C@@H]1C(=O)C(C)(C)Nc2ccc3c4ccccc4O[C@@H](c5cccc(F)c5)c3c12,CHEMBL36564,Ki,8.59
7354585,CC(=C\C=C\1/Oc2ccc(F)cc2c3ccc4NC(C)(C)C=C(C)c4c13)C,CHEMBL65690,Ki,8.6
7354596,CC1=CC(C)(C)Nc2ccc3c4ccccc4OC(c5cc(F)cc(Br)c5)c3c12,CHEMBL102602,Ki,8.62
7354607,COc1ccc2OC(c3ccc(Cl)cc3)c4c(ccc5NC(C)(C)C=C(C)c45)c2c1,CHEMBL107998,Ki,8.62
353126,C[C@H](CCC(=O)O)[C@H]1CC[C@H]2[C@@H]3[C@H](O)C[C@@H]4CC(CC[C@]4(C)[C@H]3C[C@H](O)[C@]12C)OC(=O)NCC(=O)N(C)c5ccc(cc5)[C@H]6C[C@@]7(C)[C@@H](CC[C@@]7(O)C#C)[C@@H]8CCC9=CC(=O)CCC9=C68,CHEMBL411185,Ki,8.62
7354620,Cn1c(ccc1c2ccc3NC(=O)COC(C)(c4cccs4)c3c2)C#N,CHEMBL492021,IC50,8.62
7354631,CC1=CC(C)(C)Nc2cc3Cc4c(F)cccc4c3cc12,CHEMBL93690,Ki,8.64
7354642,CC1=CC(C)(C)Nc2ccc3c4ccccc4OC(c5ccc(C)cc5)c3c12,CHEMBL102403,Ki,8.64
7354653,CCc1ccccc1\C=C\2/Oc3ccc(F)cc3c4ccc5NC(C)(C)C=C(C)c5c24,CHEMBL415524,Ki,8.64
7354664,CC1=CC(C)(C)Nc2ccc3c4cc(F)ccc4OC(c5ccccc5)c3c12,CHEMBL104037,Ki,8.66
7354676,CC1=CC(C)(C)Nc2ccc3c4cc(F)ccc4O\C(=C/Br)\c3c12,CHEMBL62700,Ki,8.68
7354687,CC1=CC(C)(C)Nc2ccc3c4ccccc4OC(Cc5ccccc5)c3c12,CHEMBL138283,Ki,8.68
349992,C[C@H](CCC(=O)O)[C@H]1CC[C@H]2[C@@H]3[C@H](O)C[C@@H]4[C@@H](CCCN(C)c5ccc(cc5)[C@H]6C[C@@]7(C)[C@@H](CC[C@@]7(O)C#C)[C@@H]8CCC9=CC(=O)CCC9=C68)[C@H](O)CC[C@]4(C)[C@H]3C[C@H](O)[C@]12C,CHEMBL440251,Ki,8.68
7354700,CC(C)c1ccccc1\C=C\2/Oc3ccc(F)cc3c4ccc5NC(C)(C)C=C(C)c5c24,CHEMBL132672,Ki,8.72
7354711,CC1=CC(C)(C)Nc2cc3Cc4cc(c(F)cc4c3cc12)[N+](=O)[O-],CHEMBL330527,Ki,8.72
352168,C[C@H](CCC(=O)O)[C@H]1CC[C@H]2[C@@H]3[C@H](O)C[C@@H]4CC(CC[C@]4(C)[C@H]3C[C@H](O)[C@]12C)N(C)S(=O)(=O)CCCN(C)c5ccc(cc5)[C@H]6C[C@@]7(C)[C@@H](CC[C@@]7(O)C#C)[C@@H]8CCC9=CC(=O)CCC9=C68,CHEMBL406027,Ki,8.72
7354724,CC1=CC(C)(C)Nc2ccc3c4ccccc4OC(c5ccc(C)c(F)c5)c3c12,CHEMBL103092,Ki,8.75
7354735,CC(C)CCC1Oc2ccccc2c3ccc4NC(C)(C)C=C(C)c4c13,CHEMBL114607,Ki,8.77
7354746,CC1=CC(C)(C)Nc2ccc3c4ccccc4OC(c5cc(Cl)cc(Cl)c5)c3c12,CHEMBL102541,Ki,8.77
5606073,C[C@H](CCC(=O)O)[C@H]1CC[C@H]2[C@@H]3[C@H](O)C[C@@H]4C[C@@H](CC[C@]4(C)[C@H]3C[C@H](O)[C@]12C)OCCOCCN(C)c5ccc(cc5)[C@H]6C[C@@]7(C)[C@@H](CC[C@@]7(O)C#C)[C@@H]8CCC9=CC(=O)CCC9=C68,CHEMBL2096804,Ki,8.77
7354759,CCCc1ccccc1\C=C\2/Oc3ccc(F)cc3c4ccc5NC(C)(C)C=C(C)c5c24,CHEMBL133483,Ki,8.8
7354770,CC1=CC(C)(C)Nc2cc3Cc4cc(F)ccc4c3c(F)c12,CHEMBL433403,Ki,8.82
7354781,CC1=CC(C)(C)Nc2ccc3c4cc(F)ccc4O\C(=C/c5ccncc5)\c3c12,CHEMBL336751,Ki,8.82
7354792,CC1=CC(C)(C)Nc2ccc3c4cccc(F)c4O\C(=C/c5ccccc5C)\c3c12,CHEMBL337856,Ki,8.82
7354803,CC1=CC(C)(C)Nc2ccc3c4ccccc4O\C(=C/c5cc(F)ccc5F)\c3c12,CHEMBL137103,Ki,8.82
7354814,CCCOC1Oc2ccc(Cl)cc2c3ccc4NC(C)(C)C=C(C)c4c13,CHEMBL116221,Ki,8.82
7354825,COc1cc(ccc1C#N)c2cn(C(C)C)c3cc(NS(=O)(=O)C)ccc23,CHEMBL1672546,Ki,8.84
7354836,CC1=CC(C)(C)Nc2ccc3c4cc(F)ccc4O\C(=C/c5ccncc5C)\c3c12,CHEMBL130141,Ki,8.85
7354847,CC1=CC(C)(C)Nc2ccc3c4cc(Cl)ccc4OC(c5ccc(F)c(C)c5)c3c12,CHEMBL104347,Ki,8.89
7354858,CC1=CC(C)(C)Nc2ccc3c4cc(F)ccc4OC(c5ccc(F)c(C)c5)c3c12,CHEMBL320632,Ki,8.89
7354869,CC1=CC(C)(C)Nc2ccc3c4cc(F)ccc4O\C(=C/c5ccsc5)\c3c12,CHEMBL134277,Ki,8.89
7354880,CC1=CC(C)(C)Nc2ccc3c4ccccc4O\C(=C/c5ccccc5Cl)\c3c12,CHEMBL344627,Ki,8.89
7354891,C[C@@H]1C(=O)C(C)(C)Nc2ccc3c4ccccc4O[C@@H](c5ccc(Cl)cc5)c3c12,CHEMBL35429,Ki,8.89
7354902,CC1=CC(C)(C)Nc2ccc3c4cc(F)cc(F)c4O[C@@H]([C@H]5CCC[C@@]6(C)O[C@@H]56)c3c12,CHEMBL507701,Ki,8.92
7354913,CC1=CC(C)(C)Nc2ccc3c4ccccc4OC(c5ccc(Cl)c(C)c5)c3c12,CHEMBL102720,Ki,8.92
7354924,CCCCC1Oc2ccc(C)cc2c3ccc4NC(C)(C)C=C(C)c4c13,CHEMBL114941,Ki,8.92
7354935,CN(C)c1ccccc1\C=C\2/Oc3ccc(F)cc3c4ccc5NC(C)(C)C=C(C)c5c24,CHEMBL336353,Ki,8.92
343754,C[C@H](CCC(=O)N[C@@H](CCC(=O)N(C)c1ccc(cc1)[C@H]2C[C@@]3(C)[C@@H](CC[C@@]3(O)C#C)[C@@H]4CCC5=CC(=O)CCC5=C24)C(=O)O)[C@H]6CC[C@H]7[C@@H]8[C@H](O)C[C@@H]9C[C@H](O)CC[C@]9(C)[C@H]8C[C@H](O)[C@]67C,CHEMBL436859,Ki,8.92
7354948,CC1(OCC(=O)Nc2ccc(cc12)c3ccc(C#N)[nH]3)c4ccsc4,CHEMBL492228,EC50,8.96
7354959,CC1=CC(C)(C)Nc2ccc3c4cc(Cl)ccc4OC(c5cccc(c5)C(F)(F)F)c3c12,CHEMBL431807,Ki,8.96
7354970,CC1=CC(C)(C)Nc2ccc3c4ccccc4OC(c5cccc(Br)c5)c3c12,CHEMBL430855,Ki,8.96
7354981,CC1Oc2ccc(F)cc2c3ccc4NC(C)(C)C=C(C)c4c13,CHEMBL116007,Ki,8.96
353580,C[C@H](CCC(=O)O)[C@H]1CC[C@H]2[C@@H]3[C@H](O)C[C@@H]4CC(CC[C@]4(C)[C@H]3C[C@H](O)[C@]12C)OCCCN(C)c5ccc(cc5)[C@H]6C[C@@]7(C)[C@@H](CC[C@@]7(O)C#C)[C@@H]8CCC9=CC(=O)CCC9=C68,CHEMBL415621,Ki,8.96
5602476,C[C@H](CCC(=O)NCC(=O)O)[C@H]1CC[C@H]2[C@@H]3[C@H](O)C[C@@H]4CC(CC[C@]4(C)[C@H]3C[C@H](O)[C@]12C)OCCN(C)c5ccc(cc5)[C@H]6C[C@@]7(C)[C@@H](CC[C@@]7(O)C#C)[C@@H]8CCC9=CC(=O)CCC9=C68,CHEMBL414318,Ki,9.0
7354996,CCCCC1Oc2ccccc2c3ccc4NC(C)(C)C=C(C)c4c13,CHEMBL325221,Ki,9.02
354076,C[C@H](CCC(=O)O)[C@H]1CC[C@H]2[C@@H]3[C@H](O)C[C@@H]4CC(CC[C@]4(C)[C@H]3C[C@H](O)[C@]12C)N(C)C(=O)CCCN(C)c5ccc(cc5)[C@H]6C[C@@]7(C)[C@@H](CC[C@@]7(O)C#C)[C@@H]8CCC9=CC(=O)CCC9=C68,CHEMBL408376,Ki,9.02
7355009,COc1ccc(cc1)C2Oc3ccc(Cl)cc3c4ccc5NC(C)(C)C=C(C)c5c24,CHEMBL322312,Ki,9.03
7355020,CC1=CC(C)(C)Nc2ccc3c4ccccc4OC(c5cc(C)cc(Br)c5)c3c12,CHEMBL101907,Ki,9.06
7355031,CCCCC1Oc2ccc(Cl)cc2c3ccc4NC(C)(C)C=C(C)c4c13,CHEMBL112987,Ki,9.06
356888,CC(C)CN1[C@H](C)Cc2c([nH]c3ccccc23)[C@H]1c4c(F)cc(\C=C\C(=O)O)cc4F,CHEMBL3623002,IC50,9.08
7355044,CC1=CC(C)(C)Nc2ccc3c4ccccc4O\C(=C/c5cccc(F)c5)\c3c12,CHEMBL32812,Ki,9.08
7355055,CC[C@@H](C)n1cc(c2ccc(cc2)C#N)c3ccc(NS(=O)(=O)C)cc13,CHEMBL1672549,Ki,9.08
7355066,CC(C)n1cc(c2ccc(cc2)C#N)c3ccc(NS(=O)(=O)C)cc13,CHEMBL1672545,Ki,9.1
350338,CC\C(=C(/c1ccc(O)cc1)\c2ccc(OCCN(C)C)cc2)\c3ccccc3,CHEMBL489,IC50,9.1
7355079,CC1=CC(C)(C)Nc2ccc3c4cc(F)ccc4OC(c5cccc(c5)C(F)(F)F)c3c12,CHEMBL418990,Ki,9.11
7355090,CC1=CC(C)(C)Nc2ccc3c4cccc(F)c4O\C(=C/c5ccc(F)cc5)\c3c12,CHEMBL133117,Ki,9.15
7355101,CC1=CC(C)(C)Nc2ccc3c4ccccc4OC(c5ccc(Cl)cc5)c3c12,CHEMBL286595,Ki,9.16
7355112,CC1=CC(C)(C)Nc2ccc3c4ccccc4OC(c5cccc(F)c5)c3c12,CHEMBL103237,Ki,9.16
7355123,CC1=CC(C)(C)Nc2ccc3c4ccccc4O\C(=C/c5ccccc5C)\c3c12,CHEMBL302362,Ki,9.18
7355134,CC1=CC(C)(C)Nc2ccc3c4cc(F)ccc4O\C(=C/c5ccccc5)\c3c12,CHEMBL134602,Ki,9.21
7355145,CC1=CC(C)(C)Nc2ccc3c4cc(F)ccc4O\C(=C/c5ccccc5F)\c3c12,CHEMBL335249,Ki,9.21
7355156,CC1=CC(C)(C)Nc2ccc3c4cccc(F)c4O\C(=C/c5ccccc5)\c3c12,CHEMBL413309,Ki,9.22
7355167,CC1=CC(C)(C)Nc2ccc3c4cc(Cl)ccc4OC(c5ccc(Br)cc5)c3c12,CHEMBL322576,Ki,9.23
7355178,CC1=CC(C)(C)Nc2ccc3c4cc(Cl)ccc4OC(c5ccc(Cl)cc5)c3c12,CHEMBL322575,Ki,9.23
7355189,CSc1ccccc1\C=C\2/Oc3ccc(F)cc3c4ccc5NC(C)(C)C=C(C)c5c24,CHEMBL422444,Ki,9.23
7355200,CC1=CC(C)(C)Nc2ccc3c4cc(Cl)ccc4OC(c5cccc(C)c5)c3c12,CHEMBL319915,Ki,9.26
7355211,CC1=CC(C)(C)Nc2ccc3c4cc(F)ccc4O\C(=C/c5ccccc5C)\c3c12,CHEMBL336736,Ki,9.26
7355222,CC1=CC(C)(C)Nc2ccc3c4ccccc4OC(c5ccc(Br)cc5)c3c12,CHEMBL103232,Ki,9.26
353266,C[C@H](CCC(=O)NCCS(=O)(=O)O)[C@H]1CC[C@H]2[C@@H]3[C@H](O)C[C@@H]4CC(CC[C@]4(C)[C@H]3C[C@H](O)[C@]12C)OCCN(C)c5ccc(cc5)[C@H]6C[C@@]7(C)[C@@H](CC[C@@]7(O)C#C)[C@@H]8CCC9=CC(=O)CCC9=C68,CHEMBL407672,Ki,9.28
7355235,C[C@]1(OCC(=O)Nc2ccc(cc12)c3ccc(C#N)[nH]3)c4ccsc4,CHEMBL490825,EC50,9.3
7355246,Cn1c(ccc1c2ccc3NC(=S)OC(C)(C)c3c2)C#N,CHEMBL539163,IC50,9.3
3341344,C[C@]1(O)CC[C@H]2[C@@H]3CCC4=CC(=O)CCC4=C3C=C[C@]12C,CHEMBL166444,Ki,9.31
352689,C[C@H](CCC(=O)O)[C@H]1CC[C@H]2[C@@H]3[C@H](O)C[C@@H]4C[C@H](CC[C@]4(C)[C@H]3C[C@H](O)[C@]12C)OCCOCCN(C)c5ccc(cc5)[C@H]6C[C@@]7(C)[C@@H](CC[C@@]7(O)C#C)[C@@H]8CCC9=CC(=O)CCC9=C68,CHEMBL2096708,Ki,9.32
7355261,CC#C[C@]1(O)CC[C@H]2[C@@H]3CCC4=CC(=O)CCC4=C3[C@H](C[C@]12C)c5ccc(cc5)N(C)CCCCCC(=O)O,CHEMBL452860,IC50,9.36
7355272,CC1Oc2ccc(Cl)cc2c3ccc4NC(C)(C)C=C(C)c4c13,CHEMBL286446,Ki,9.36
7355283,CC1=CC(C)(C)Nc2ccc3c4ccccc4OC(c5cccc(Cl)c5)c3c12,CHEMBL320690,Ki,9.37
7355294,CC1=CC(C)(C)Nc2ccc3c4cc(F)ccc4O\C(=C/c5ncccc5C)\c3c12,CHEMBL132363,Ki,9.38
7355305,CC1=CC(C)(C)Nc2ccc3c4ccccc4OC(c5ccc(Cl)c(F)c5)c3c12,CHEMBL102754,Ki,9.39
7355316,CCC(=O)[C@@]1(C)CC[C@H]2[C@@H]3CCC4=CC(=O)CCC4=C3CC[C@]12C,CHEMBL196003,Kd,9.4
7355327,Cn1c(ccc1c2ccc3NC(=O)COC(C)(c4occc4)c3c2)C#N,CHEMBL489788,EC50,9.4
7355338,Cn1c(ccc1c2ccc3NC(=S)N(C4CCCC4)c3c2)C#N,CHEMBL239957,IC50,9.4
5605712,C[C@H](CCC(=O)O)[C@H]1CC[C@H]2[C@@H]3[C@H](O)C[C@@H]4CC(CC[C@]4(C)[C@H]3C[C@H](O)[C@]12C)OC(=O)NCCN(C)c5ccc(cc5)[C@H]6C[C@@]7(C)[C@@H](CC[C@@]7(O)C#C)[C@@H]8CCC9=CC(=O)CCC9=C68,CHEMBL266935,Ki,9.41
7355351,CC1=CC(C)(C)Nc2ccc3c4cc(F)ccc4OC(c5cccc(C)c5)c3c12,CHEMBL320164,Ki,9.43
7355362,CC1=CC(C)(C)Nc2ccc3c4cc(Cl)ccc4OC(c5cccc(F)c5)c3c12,CHEMBL322485,Ki,9.47
7355373,C[C@H]1CC2[C@H](CC[C@@]3(C)[C@H]2CC[C@]3(CC(=O)C)C(=O)C)[C@@]4(C)CCC(=O)C=C14,CHEMBL292284,Ki,9.47
7355384,CC1=CC(C)(C)Nc2ccc3c4cc(F)ccc4OC(c5ccc(Cl)cc5)c3c12,CHEMBL106994,Ki,9.5
7355395,CC[C@H](C)n1cc(c2ccc(cc2)C#N)c3ccc(NS(=O)(=O)C)cc13,CHEMBL1672548,Ki,9.5
7355406,CC1(C)C(=O)CC[C@@]2(C)[C@@]1(O)CC[C@H]3Cc4c([nH]c5ccccc45)[C@]23C,CHEMBL1087512,EC50,9.52
7355417,CC(C)n1cc(c2ccc(C#N)c(C)c2)c3ccc(NS(=O)(=O)C)cc13,CHEMBL1672541,Ki,9.53
7355428,CC(C)n1cc(c2ccc(C#N)c(F)c2)c3ccc(NS(=O)(=O)C)cc13,CHEMBL1672547,Ki,9.67
342365,[H][C@@]12CC[C@H](O)[C@@]1(C)CC[C@]1([H])C3=CC=C(O)C=C3C[C@@H](CCCCCCCCCS(=O)CCCC(F)(F)C(F)(F)F)[C@@]21[H],fulvestrant,IC50,9.68
5602088,CC1=NOC(=O)c2ccc(NC(=O)C(O)(CC3(CCC3)c4cc(F)ccc4Cl)C(F)(F)F)cc12,CHEMBL3421892,IC50,9.7
7355443,CNc1ccc(cc1)[C@H]2C[C@@]3(C)[C@@H](CC[C@@]3(O)C#CC)[C@@H]4CCC5=CC(=O)CCC5=C24,CHEMBL1608,IC50,9.77
7355454,C[C@@H]1C[C@H]2[C@@H]3CCC4=CC(=O)C=C[C@]4(C)[C@@]3(Cl)[C@@H](O)C[C@]2(C)[C@@]1(OC(=O)c5occc5)C(=O)CCl,CHEMBL1161,Kd,10.1
