id,smiles,name,assay_type,activity_value
3236623,CCO[C@@H](CC1=CC=C(OCCN2C(C)=CC=C2C2=CC=C(SC)C=C2)C=C1)C(O)=O,saroglitazar,EC50,9.18708706
5087234,CC(C)(OC1=CC=C(CCNC(=O)C2=CC=C(Cl)C=C2)C=C1)C(O)=O,bezafibrate,EC50,4.30000019
5087244,CCOC(=O)C(C)(C)OC1=CC=C(Cl)C=C1,clofibrate,IC50,4.25
5087254,CC(C)(OC1=CC=C(C=C1)C1CC1(Cl)Cl)C(O)=O,ciprofibrate,EC50,6.05
5087264,CC(C)OC(=O)C(C)(C)OC1=CC=C(C=C1)C(=O)C1=CC=C(Cl)C=C1,fenofibrate,IC50,6.0
2818886,Cc1ccc(C)c(OCCCC(C)(C)C(=O)O)c1,gemfibrozil,EC50,4.23000002
2825380,CC(C)(OC1=CC=C(C=C1)C(=O)C1=CC=C(Cl)C=C1)C(O)=O,choline fenofibrate,Ki,4.46
3242636,CC(C)CC\C=C\c1oc(C)c(CCOc2ccc3C[C@H](N(Cc3c2)C(=O)\C=C\C=C(C)C)C(=O)O)n1.CC(C)(C)N,CHEMBL1935608,EC50,7.0
5087327,CC(C)c1ccccc1c2ccc(O[C@H](Cc3ccccc3)C(=O)O)cc2,CHEMBL2312703,EC50,7.0
5087338,CCCCCCC(Sc1nc(Cl)cc(Nc2ccc(Nc3ccccc3)cc2)n1)C(=O)O,CHEMBL3318038,EC50,7.0
5087349,CCCCCCCCCCCCCCCCCCNS(=O)(=O)NCCC,CHEMBL219156,EC50,7.0
3241375,CCCc1c(O)c(ccc1OCCCSc2ccc(CC(=O)O)cc2Cl)\C(=N\O)\CC,CHEMBL23874,IC50,7.0
3240100,CCCc1cc(Oc2ccc(Cl)cc2)ccc1OCCCOc3cccc(c3)C4SC(=O)NC4=O,CHEMBL420441,IC50,7.0
5087364,CCCc1cc(Oc2ccccc2)ccc1OCCCOc3ccc4CCC(C)(Oc4c3)C(=O)O,CHEMBL324449,EC50,7.0
5087375,CCCc1cc2N(CC(F)(F)F)C(=O)Oc2c(CCC)c1O[C@H](C(=O)O)c3ccc(cc3)C(C)C,CHEMBL192521,IC50,7.0
5087386,CCCc1cc2c(noc2c(CCC)c1OC(C)(CC)C(=O)O)C(F)(F)F,CHEMBL364774,IC50,7.0
5087397,CCO[C@H](Cc1ccc(OC\C=C\C#Cc2ccc(cc2)C#C\C=C\COc3ccc(C[C@@H](OCC)C(=O)O)cc3)cc1)C(=O)O,CHEMBL2112993,EC50,7.0
5087408,CC[C@@](C)(Cc1ccc(OCCCOc2ccc(Oc3ccc(F)cc3)cc2Cl)cc1)C(=O)O,CHEMBL203409,IC50,7.0
5087419,COc1ccc(C)cc1NC(=O)N(CCc2ccc(SC(C)(C)C(=O)O)cc2)CCc3ccc(cc3)c4ccccc4,CHEMBL21105,EC50,7.0
5087430,COc1ccc(OC(=O)N(CC(=O)O)Cc2ccc(OCCc3nc(oc3C)c4ccc(O)cc4)cc2)cc1,CHEMBL253952,IC50,7.0
3243377,Cc1cc(cc(C)c1OC(C)(C)C(=O)O)C2CC2C(OC(=O)c3ccccc3)c4ccc(OC(F)(F)F)cc4,CHEMBL3103198,EC50,7.0
3245294,Cc1oc(nc1CCOc2ccc(CC3(CCCO3)C(=O)O)cn2)c4cccc(Cl)c4,CHEMBL425639,EC50,7.0
3244654,Cc1oc(nc1CCOc2ccc(CC3(CCCO3)C(=O)O)cn2)c4cccc(c4)C(F)(F)F,CHEMBL221525,EC50,7.0
5087447,CCCc1c(OC(C(=O)O)c2ccccc2)ccc3c(noc13)C(F)(F)F,CHEMBL109161,Ki,7.01
5087458,COC(=O)N(CC(=O)O)Cc1cc(OCc2nc(oc2C)c3ccc(Cl)cc3)ccc1F,CHEMBL3828718,IC50,7.01
5087469,Cc1cc(cc(C)c1OC(C)(C)C(=O)O)n2nc3ccccc3n2,CHEMBL3735011,EC50,7.02
3241517,CC[C@@H]([C@@H]1CCc2cc(OCCc3nc(oc3C)c4ccc(F)cc4)ccc12)C(=O)O,CHEMBL200893,EC50,7.03
5087482,COC(=O)N(CC(=O)O)Cc1ccc(F)c(OCc2nc(oc2C)c3ccc(Cl)cc3)c1,CHEMBL3828232,EC50,7.03
3237056,CCC(C1CCc2cc(OCCc3nc(oc3C)c4ccc(Cl)c(Cl)c4)ccc12)C(=O)O,CHEMBL199373,EC50,7.04
5087495,CCC(C1CCc2cc(OCCc3nc(oc3C)c4ccc(Cl)cc4)ccc12)C(=O)O,CHEMBL383398,EC50,7.04
5087506,CCCc1cc(cc(CCC)c1O[C@H](C(=O)O)c2ccc(cc2)C(F)(F)F)C(=O)CC,CHEMBL190938,IC50,7.05
3243932,CCCc1cc(ccc1OCCCOc2cccc(c2)C3SC(=O)NC3=O)C(=O)c4ccccc4,CHEMBL331071,IC50,7.05
5087519,CC[C@@]1(CCc2ccc(OCCCOc3ccc(cc3Cl)C(F)(F)F)cc2O1)C(=O)O,CHEMBL367549,IC50,7.05
5087530,COC(=O)C(Cc1ccc(OCCOc2ccc3CCCNc3c2)cc1)C(=O)O,CHEMBL118577,EC50,7.05
5087541,Cc1oc(nc1CCOc2ccc(CN(CC(=O)O)Cc3ccccn3)cc2)c4ccccc4,CHEMBL245674,IC50,7.05
3241213,Cc1oc(nc1CCOc2ccc(C[C@@H]3CN(C[C@@H]3C(=O)O)c4nccc(n4)C(F)(F)F)cc2)c5ccccc5,CHEMBL255930,EC50,7.05
5087554,Cc1oc(nc1CCOc2cccc(CN(CC(=O)O)Cc3ccccc3)c2)c4ccccc4,CHEMBL246270,IC50,7.05
5087565,Cc1oc(nc1CCOc2cccc(Cc3cn(cc3C(=O)O)c4ccccc4)c2)c5ccccc5,CHEMBL474157,IC50,7.05
5087576,CC(C)(Oc1ccc(OCCOc2ccc(Oc3ccc(F)cc3)cc2Cl)cc1)C(=O)O,CHEMBL203940,EC50,7.06
5087587,CCCOC(=O)N1CCC(C(=O)O)C(=C1)Cc2cccc(OCCc3nc(oc3C)c4ccccc4)c2,CHEMBL256142,IC50,7.06
3245558,CC[C@@](C)(Oc1cccc(Cn2c(C)c(C(=O)c3ccc(Cl)cc3)c4ccc(OC(F)(F)F)cc24)c1)C(=O)O,CHEMBL558083,IC50,7.06
5087600,Cc1oc(nc1CCOc2ccc(CN(CC(=O)O)Cc3cccc(Oc4ccccc4)c3)cc2)c5ccccc5,CHEMBL395191,IC50,7.06
5087611,CCCc1c(OCCCCOc2ccccc2CC(=O)O)ccc3c(noc13)c4ccccc4,CHEMBL176421,Ki,7.07
3246572,Cc1oc(nc1CCOc2cccc(Cc3nn(nc3CC(=O)O)c4ccccc4)c2)c5ccccc5,CHEMBL491751,IC50,7.07
5087624,Cc1oc(nc1CCOc2cccc(CN(CC(=O)O)Cc3cccc(Oc4ccccc4)c3)c2)c5ccccc5,CHEMBL245656,IC50,7.08
3244372,CCCCc1ccc(cc1)c2oc(C)c(CCOc3ccc4C(CCc4c3)C(CC)C(=O)O)n2,CHEMBL369930,EC50,7.09
5087637,CCCc1cc(C(=O)CC)c(O)c(CCC)c1OC(C(=O)O)c2ccccc2,CHEMBL110353,Ki,7.09
5087648,CC1(CCc2ccc(OCCCOc3ccc(Oc4ccccc4)cc3Cl)cc2O1)C(=O)O,CHEMBL111480,EC50,7.1
5087659,CCCc1cc2c(CC)noc2c(CCC)c1OC(C(=O)O)c3ccccc3,CHEMBL326015,Ki,7.1
5087670,CCCc1ccccc1OCCCOc2cccc(c2)C3OC(=O)NC3=O,CHEMBL122417,IC50,7.1
5087681,CCN1C(=NN(Cc2ccc(cc2)C(C)(C)C)C1=O)CCCc3ccc(OC(C)(C)C(=O)NS(=O)(=O)c4cccnc4)cc3,CHEMBL3264923,IC50,7.1
5087692,CCO[C@H](Cc1ccc(OC\C=C(/C)\C#Cc2ccc(cc2)C#C\C(=C\COc3ccc(C[C@@H](OCC)C(=O)O)cc3)\C)cc1)C(=O)O,CHEMBL2112996,EC50,7.1
5087703,CC[C@@H](Cc1ccc(OC)c(c1)C(=O)NCc2ccc(cc2)C(F)(F)F)C(=O)O,CHEMBL107789,EC50,7.1
5087714,Cc1cc(O[C@@H](Cc2ccccc2)C(=O)O)ccc1c3ccccc3,CHEMBL2312708,EC50,7.1
1723444,Cc1oc(nc1CCOc2cccc(C[C@H]3[C@H](N(C3=O)c4ccc(cc4)C(C)(C)C)C(=O)O)c2)c5ccccc5,CHEMBL255389,IC50,7.1
3241115,CC(C)OC(=O)NCc1cc(OCCc2nc(oc2C)c3ccc(Oc4ccccc4)cc3)ccc1CCC(=O)O,CHEMBL373685,EC50,7.11
5087729,CCCOc1ccc(CC(CC)C(=O)O)cc1CNC(=O)c2ccc(cc2)C(F)(F)F,CHEMBL229778,EC50,7.11
5087740,CCN1C(=NN(Cc2ccc(cc2)C(C)(C)C)C1=O)CCCc3ccc(OC(C)(C)C(=O)NS(=O)(=O)c4cocc4)cc3,CHEMBL3264927,IC50,7.11
5087751,CCN1C(=NN(Cc2ccc(cc2)C(C)(C)C)C1=O)CCCc3ccc(cc3)c4ccc(NS(=O)(=O)c5ccccc5)cn4,CHEMBL3264932,IC50,7.11
3242775,CC[C@@H]([C@@H]1CCc2cc(OCCc3nc(oc3C)c4ccc(C)cc4)ccc12)C(=O)O,CHEMBL199730,EC50,7.11
3237578,Cc1oc(nc1CCOc2ccc(CC3(CCCCO3)C(=O)O)cn2)c4ccccc4,CHEMBL220533,EC50,7.11
3242102,Cc1oc(nc1CCOc2ccc(CC3(CCCO3)C(=O)O)cn2)c4ccccc4,CHEMBL386957,EC50,7.11
5087768,CCCc1c(OCCCOc2cccc(CC(=O)O)c2)ccc3c(noc13)c4ccccc4,CHEMBL172718,Ki,7.12
3239937,CCC(C1CCc2cc(OCCc3nc(oc3C)c4ccc(F)c(C)c4)ccc12)C(=O)O,CHEMBL199645,EC50,7.13
5087781,CCC(Cc1ccc(OCCc2nc(oc2C)c3ccccc3)cc1)(Oc4ccccc4)C(=O)O,CHEMBL78529,EC50,7.13
5087792,CCCc1cc2C(=O)N(C)Oc2c(CCC)c1O[C@H](C(=O)O)c3ccc(cc3)C(C)C,CHEMBL191149,IC50,7.13
3236824,CCCc1cc2N(CC)C(=O)Oc2c(CCC)c1O[C@H](C(=O)O)c3ccc(cc3)C(C)C,CHEMBL364378,IC50,7.13
5087805,Cc1oc(nc1CCOc2cccc(CN(CCc3ccccc3)CC(=O)O)c2)c4ccccc4,CHEMBL246473,IC50,7.13
3240955,CCCN[C@@H](Cc1ccc(OCCc2nc(oc2C)c3ccccc3)cc1)C(=O)O,CHEMBL321634,Ki,7.14
3241061,CCCc1cc2N(C(C)C)C(=O)Oc2c(CCC)c1O[C@H](C(=O)O)c3ccc(cc3)C(C)C,CHEMBL193082,IC50,7.14
5087820,CCOC(Cc1ccc2c(ccn2Cc3nc(oc3C)c4ccccc4Cl)c1)C(=O)O,CHEMBL209749,IC50,7.14
5087831,Cc1nc(sc1C(=O)N[C@H]2CCCN(C2)c3cccc(c3)C(=O)O)c4ccccc4,CHEMBL1934480,EC50,7.14
3243028,CC(C)OC(=O)NCc1cc(OCCc2nc(oc2C)c3ccccc3)ccc1CCC(=O)O,CHEMBL219824,EC50,7.16
5087844,CCCC(Cc1ccc(OC)c(CNC(=O)c2ccc(cc2)C(F)(F)F)c1)C(=O)O,CHEMBL229786,EC50,7.16
5087855,CCCCCCC(Sc1nc(Cl)cc(Nc2ccc(cc2)C(=O)c3ccc(N)cc3)n1)C(=O)O,CHEMBL3318039,EC50,7.16
3245860,CCCOC(Cc1ccc(OCCc2nc(oc2C)c3ccccc3)c4ccccc14)C(=O)O,CHEMBL519974,IC50,7.16
5087868,CCOC(Cc1ccc2c(ccn2Cc3nc(oc3C)c4ccc(cc4)C(F)(F)F)c1)C(=O)O,CHEMBL213675,IC50,7.16
5087879,CCO[C@H](Cc1ccc(OC\C=C\C#Cc2ccccc2)cc1)C(=O)O,CHEMBL2112051,EC50,7.16
5087890,COC(=O)C(Cc1ccc(OCCOc2ccc3ccccc3c2)cc1)C(=O)OC,CHEMBL325844,EC50,7.16
3245988,Cc1oc(nc1CCOc2ccc(CC(C)(Oc3ccccc3)C(=O)O)cc2)c4ccc(cc4)c5ccccc5,CHEMBL312717,EC50,7.16
5087904,Cc1oc(nc1CCOc2cccc(C[C@@H]3CN(C[C@@H]3C(=O)O)C(=O)Oc4ccccc4)c2)c5ccccc5,CHEMBL3398438,IC50,7.16
3237755,Cc1oc(nc1CCOc2cccc(C[C@@H]3CN(C[C@@H]3C(=O)O)c4ccccc4)c2)c5ccccc5,CHEMBL3398444,IC50,7.16
3243399,Cc1oc(nc1CCOc2cccc(Cc3nn(cc3C(=O)O)c4ccccc4)c2)c5ccccc5,CHEMBL473952,IC50,7.16
3240304,Cc1oc(nc1CCOc2cccc(Cc3nn(nc3C(=O)O)c4ccccc4)c2)c5ccccc5,CHEMBL515106,IC50,7.16
3240423,CCCc1cc(Oc2ccc(Cl)c(Cl)c2)ccc1OCCCOc3cccc(c3)C4SC(=O)NC4=O,CHEMBL318684,IC50,7.17
5087923,CCO[C@@H](Cc1ccc(OC\C=C\C#Cc2ccccc2)cc1)C(=O)O,CHEMBL446893,EC50,7.17
5087934,Cc1ccccc1c2ccc(O[C@@H](Cc3ccccc3)C(=O)O)cc2,CHEMBL2312714,EC50,7.17
5087945,Cc1oc(nc1CCOc2ccc(C[C@@](C)(Oc3ccccc3)C(=O)O)cc2)c4cccs4,CHEMBL79426,EC50,7.17
5087956,CC(C)(Oc1ccc(OCCCCOc2ccc(Oc3ccc(F)cc3)cc2Cl)cc1)C(=O)O,CHEMBL377508,EC50,7.18
5087967,CC[C@@]1(CCc2ccc(OCCCOc3ccc(OCC(F)(F)F)cc3Cl)cc2O1)C(=O)O,CHEMBL179180,IC50,7.18
3241561,CCC(C1CCc2cc(OCCc3nc(oc3C)c4ccc(C)cc4)ccc12)C(=O)O,CHEMBL199398,EC50,7.19
3246074,CCC(C1CCc2cc(OCCc3nc(oc3C)c4ccc5CCOc5c4)ccc12)C(=O)O,CHEMBL200138,EC50,7.19
5087982,CCCc1cc(cc(CCC)c1O[C@H](C(=O)O)c2ccc(CC)cc2)C(=O)CC,CHEMBL370021,IC50,7.19
5087993,CCCc1cc2c(noc2c(CCC)c1OC(C(=O)O)c3ccc(CCc4ccccn4)cc3)C(F)(F)F,CHEMBL110408,Ki,7.19
3241429,CCCc1cc2c(noc2c(CCC)c1OC(C(=O)O)c3ccc(OCc4ccccn4)cc3)C(F)(F)F,CHEMBL421602,Ki,7.19
3243758,COC(C1CC1c2cc(C)c(OC(C)(C)C(=O)O)c(C)c2)c3ccc(cc3)C(F)(F)F,CHEMBL3103195,EC50,7.19
3244261,COc1ccc(cc1)c2oc(C)c(CCOc3ccc(CC4(CCCO4)C(=O)O)cn3)n2,CHEMBL221649,EC50,7.19
5088010,Cc1ccc(OC(C)(Cc2ccc(OCCc3nc(oc3C)c4ccccc4)cc2)C(=O)O)cc1,CHEMBL366138,IC50,7.19
5088021,OC(=O)C(Cc1ccc(Oc2ccccc2)cc1)Oc3ccc(Cl)cc3,CHEMBL472244,EC50,7.19
3240474,OC(=O)[C@H](Cc1ccc(cc1)c2cccs2)Oc3ccc(Cl)cc3,CHEMBL472451,EC50,7.19
5088034,CCCc1cc(cc(CCC)c1OC(C(=O)O)c2ccccc2)C(=O)OC,CHEMBL110725,Ki,7.2
3244241,CCO[C@@H](Cc1ccc(OCCc2nc(oc2C)c3ccc(cc3)C(F)(F)F)c4ccsc14)C(=O)O,CHEMBL484000,IC50,7.2
5088047,CC[C@H]([C@H]1CCc2cc(OCCc3nc(oc3C)c4ccc(Cl)c(Cl)c4)ccc12)C(=O)O,CHEMBL202236,EC50,7.2
5088058,CCCc1cc(C=C2CCCCC2)ccc1OCCCOc3cccc(c3)C4SC(=O)NC4=O,CHEMBL117738,IC50,7.21
3246135,CC[C@@H]([C@@H]1CCc2cc(OCCc3nc(oc3C)c4ccccc4)ccc12)C(=O)O,CHEMBL200162,EC50,7.21
5088071,Cc1oc(nc1CCOc2ccc(OC(C)(C)C(=O)O)cc2)c3ccc(Br)cc3,CHEMBL65458,EC50,7.21
5088082,CC(C)OC(Cc1ccc2c(ccn2Cc3nc(oc3C)c4ccc(cc4)C(F)(F)F)c1)C(=O)O,CHEMBL210017,IC50,7.22
3241550,CCC(C1CCc2cc(OCCc3nc(COc4ccccc4)oc3C)ccc12)C(=O)O,CHEMBL199449,EC50,7.22
5088883,CCCc1cc2c(OC)noc2c(CCC)c1OC(C)(C)C(=O)O,CHEMBL190739,EC50,7.22
5088894,CCN1C(=NN(Cc2ccc(cc2)C(C)(C)C)C1=O)CCCc3ccc(CC(C)(C)C(=O)NS(=O)(=O)c4ccccc4)cc3,CHEMBL3264929,IC50,7.22
5088905,CC[C@@]1(CCc2ccc(OCCCOc3ccc(Oc4ccc(F)cc4)cc3Cl)cc2O1)C(=O)O,CHEMBL112725,IC50,7.22
5088916,COC(Cc1ccc(OCCc2nc(oc2C)c3ccccc3)c4ccccc14)C(=O)O,CHEMBL521131,IC50,7.22
3237701,C[C@@]1(CCc2ccc(OCCCOc3ccc(Oc4ccccc4)cc3Cl)cc2O1)C(=O)O,CHEMBL109638,IC50,7.22
3247260,Cc1oc(nc1CCOc2ccc(C[C@H](OCC(F)(F)F)C(=O)O)c3sccc23)c4ccccc4,CHEMBL484607,IC50,7.22
5088931,OC(=O)C(Cc1ccccc1)Oc2ccc(Oc3ccccc3)cc2,CHEMBL578860,EC50,7.22
5088942,COC(=O)N(CC(=O)O)Cc1cc(OCc2nc(oc2C)c3ccccc3)ccc1F,CHEMBL3827940,EC50,7.23
5088953,CCC(C1CCc2cc(OCCc3nc(oc3C)c4ccc(cc4)C(F)(F)F)ccc12)C(=O)O,CHEMBL440758,EC50,7.24
5088964,CCC(C1CCc2cc(OCCc3nc(oc3C)c4ccccc4)c(cc12)c5ccccc5)C(=O)O,CHEMBL201280,EC50,7.24
5088975,CCCc1cc(cc(CCC)c1O[C@H](C(=O)O)c2ccc(CC(C)C)cc2)C(=O)CC,CHEMBL188751,IC50,7.24
5088986,CCCc1cc(cc(Cl)c1OC(C(=O)O)c2ccccc2)C(=O)OC,CHEMBL320925,Ki,7.24
3241506,CC[C@@H]([C@@H]1CCc2cc(OCCc3nc(oc3C)c4ccc(Cl)c(Cl)c4)ccc12)C(=O)O,CHEMBL372404,EC50,7.24
5088999,C[C@@]1(CCc2ccc(OCCCOc3ccc(OC(F)(F)F)cc3Cl)cc2O1)C(=O)O,CHEMBL360992,IC50,7.24
5089010,CCCCCCCN(CCc1ccc(O[C@@](C)(CC)C(=O)O)cc1)c2oc3ccccc3n2,CHEMBL477119,EC50,7.25
3247905,Cc1oc(nc1CCOc2ccc(C[C@H](Nc3ccccc3C(=O)c4ccccc4)C(=O)O)cc2)c5ccc(F)cc5,CHEMBL147384,Ki,7.25
3241776,CCCOc1ccc(C[C@H](CC)C(=O)O)cc1CNC(=O)c2ccc(cc2)C34CC5CC(CC(C5)C3)C4,CHEMBL402840,EC50,7.27
3237079,CCCc1c(OCCCSc2ccc(CC(=O)O)cc2Cl)ccc3c(coc13)c4ccccc4,CHEMBL278994,IC50,7.27
3244928,Cc1oc(nc1CCOc2ccc(Cc3nn(nc3CC(=O)O)c4ccccc4)cc2)c5ccccc5,CHEMBL491142,IC50,7.27
5089029,CCC(C1CCc2cc(OCCc3nc(COc4ccc(Cl)cc4)oc3C)ccc12)C(=O)O,CHEMBL371764,EC50,7.28
5089040,CCCc1c(OCCCOc2cccc(CCC(=O)O)c2)ccc3c(noc13)c4ccccc4,CHEMBL368793,Ki,7.28
3243569,CCO[C@@H](Cc1ccc(OCCc2nc(oc2C)c3ccccc3)c4ccsc14)C(=O)O,CHEMBL484962,IC50,7.28
3243343,CO[C@@H](Cc1ccc(OCCc2nc(oc2C)c3ccc(cc3)C(F)(F)F)c4ccsc14)C(=O)O,CHEMBL484137,IC50,7.28
5089055,Cc1nc(sc1C(=O)N[C@H]2CCCN(C2)c3cccc(c3)C(=O)O)c4ccccc4Cl,CHEMBL1934482,EC50,7.28
3244339,Cc1oc(nc1CCOc2ccc(CCC(=O)O)c(CNC(=O)Oc3cnccn3)c2)c4ccccc4,CHEMBL223350,IC50,7.28
5089068,CCCc1cc(cc(CCC)c1OC(C(=O)O)c2ccccc2)C(=O)CC,CHEMBL364467,IC50,7.29
5089079,Cc1oc(nc1CCOc2cccc(CN(CCCc3ccccc3)CC(=O)O)c2)c4ccccc4,CHEMBL428748,IC50,7.29
5089090,CC(C)(Sc1ccc(CCN(CCc2ccc(cc2)c3ccccc3)C(=O)Nc4cc(Cl)cc(Cl)c4)cc1)C(=O)O,CHEMBL281608,EC50,7.3
5089101,CCC1(CCc2ccc(OCCCOc3ccc(Oc4ccccc4)cc3F)cc2O1)C(=O)O,CHEMBL112973,EC50,7.3
5089112,CCCCCCCN(CCc1ccc(SC(C)(C)C(=O)O)cc1)C(=O)Nc2ccc(F)cc2F,CHEMBL278590,EC50,7.3
5089123,CCCc1c(OCCCOc2ccc(\C=C\C(=O)O)cc2)ccc3c(noc13)c4ccccc4,CHEMBL172959,Ki,7.3
3243147,COC(C1CC1c2cc(C)c(OC(C)(C)C(=O)O)c(C)c2)c3ccc(OC(F)(F)F)cc3,CHEMBL3103200,EC50,7.3
5089136,CC(C)COC(=O)N1CCC(=C(C1)c2cccc(OCCc3nc(oc3C)c4ccccc4)c2)CC(=O)O,CHEMBL403432,IC50,7.31
5089147,CC[C@@](C)(Cc1ccc(OCCCOc2ccc3C(=CC(=O)Oc3c2C)C(F)(F)F)cc1)C(=O)O,CHEMBL205777,IC50,7.31
5089158,Cc1oc(nc1CCOc2ccc(CC(C)(Oc3ccc(cc3)C(C)(C)C)C(=O)O)cc2)c4cccc(c4)c5ccccc5,CHEMBL366335,EC50,7.31
3241343,OC(=O)[C@H](Cc1ccc(cc1)c2ccccc2)Oc3ccc(Cl)cc3,CHEMBL472246,EC50,7.31
5089171,CC(C)c1ccc(OCCCOc2ccc3CC[C@@](C)(Oc3c2)C(=O)O)c(Cl)c1,CHEMBL178309,IC50,7.32
3237463,CC[C@@H]([C@H]1CCc2cc(OCCc3nc(oc3C)c4ccc(C)cc4)ccc12)C(=O)O,CHEMBL200908,EC50,7.32
3247126,CO[C@@H](Cc1ccc(OCCc2nc(oc2C)c3cc(OC)cc(OC)c3)c4ccsc14)C(=O)O,CHEMBL521007,IC50,7.32
3243684,CCCc1c(OCCCCOc2ccc(OC(C)C(=O)O)cc2)ccc3c(noc13)c4ccccc4,CHEMBL369607,Ki,7.33
3240047,O=C1NC(=O)C(S1)c2cccc(OCCCOc3ccc(Oc4ccccc4)cc3)c2,CHEMBL96107,IC50,7.33
3241646,CCC(C1CCc2cc(OCCc3nc(oc3C)c4ccc(C)c(F)c4)ccc12)C(=O)O,CHEMBL198023,EC50,7.34
3243050,CCCc1c(OCCCCOc2cccc(c2)C(C)(C)C(=O)O)ccc3c(noc13)c4ccccc4,CHEMBL435715,Ki,7.34
3240768,CCCc1cc(CC2CCCCC2)ccc1OCCCOc3cccc(c3)C4SC(=O)NC4=O,CHEMBL122418,IC50,7.34
3248293,Cc1ccc(s1)c2oc(C)c(CCOc3ccc(C[C@H](Nc4ccccc4C(=O)c5ccccc5)C(=O)O)cc3)n2,CHEMBL147095,Ki,7.34
5089198,CCC(C1CCc2cc(OCCc3nc(oc3C)c4ccccc4)c(cc12)c5ccc(Cl)cc5)C(=O)O,CHEMBL200045,EC50,7.35
3247627,CO[C@@H](Cc1ccc(OCCc2nc(oc2C)c3ccc(cc3)C(C)C)c4ccsc14)C(=O)O,CHEMBL484409,IC50,7.35
5089211,COC(=O)C(Cc1ccc(OCCOc2ccc3ccccc3c2)cc1)C(=O)O,CHEMBL331388,EC50,7.36
5089222,OC(=O)[C@H](Cc1ccccc1)Oc2ccc(cc2)c3ccccc3c4ccccc4,CHEMBL2312718,EC50,7.36
5089233,CCCc1cc(cc(CCC)c1O[C@H](C(=O)O)c2ccc(OC(C)C)cc2)C(=O)CC,CHEMBL191276,IC50,7.37
5089244,CCOC(Cc1ccc(OCCc2nc(oc2C)c3ccccc3)nc1)C(=O)O,CHEMBL220597,EC50,7.37
3240485,CCCc1cc(OC2CCCC2)ccc1OCCCOc3cccc(c3)C4SC(=O)NC4=O,CHEMBL118169,IC50,7.38
5089257,CCN1C(=NN(Cc2ccc(cc2)C(C)(C)C)C1=O)CCCc3ccc(OC(C)(C)C(=O)NS(=O)(=O)C4=CCOC=C4)cc3,CHEMBL3264928,IC50,7.38
5089268,CC[C@@](C)(Cc1ccc(OCCCOc2ccccc2Cl)cc1)C(=O)O,CHEMBL205665,IC50,7.38
5089280,Cc1ccc(Cn2nc(CCCc3ccc(OC(C)(C)C(=O)O)cc3)nc2O)cc1,CHEMBL424133,EC50,7.38
3244177,Cc1oc(nc1CCOc2ccc(CC(C)(Oc3ccccc3)C(=O)O)cc2)c4ccccc4,CHEMBL82034,IC50,7.38
5089293,CCCOc1ccc(CC(CC)C(=O)O)cc1CNC(=O)c2ccc(cc2F)C(F)(F)F,CHEMBL376165,EC50,7.39
5089304,CCC(Cc1ccc(OC)c(c1)C(=O)NCc2ccc(cc2)C(F)(F)F)C(=O)O,CHEMBL120009,EC50,7.4
5089315,CCCOC(Cc1ccc2c(ccn2Cc3nc(oc3C)c4ccc(cc4)C(F)(F)F)c1)C(=O)O,CHEMBL377898,IC50,7.4
5089326,CCN1C(=NN(Cc2ccc(cc2)C(C)(C)C)C1=O)CCCc3ccc(OC(C)(C)C(=O)NS(=O)(=O)c4ccccc4)cc3,CHEMBL3264919,IC50,7.4
5089337,C[C@@]1(CCc2ccc(OCCCOc3ccc(cc3Cl)C4CCCC4)cc2O1)C(=O)O,CHEMBL367891,IC50,7.4
5089349,OC(=O)[C@H](Cc1ccccc1)Oc2ccc(Cc3ccccc3)cc2,CHEMBL489074,EC50,7.4
371348,CN(CCOc1ccc(CC2SC(=O)NC2=O)cc1)c3ccccn3,rosiglitazone,EC50,7.41
5089362,Cc1ccc(OC(C)(Cc2ccc(OCCc3nc(oc3C)c4ccc(cc4)c5ccccc5)cc2)C(=O)O)cc1,CHEMBL363018,EC50,7.41
3242492,CCC(C1CCc2cc(OCCc3nc(oc3C)c4ccc(C)c(C)c4)ccc12)C(=O)O,CHEMBL370186,EC50,7.42
5089375,CCCc1c(OC(C(=O)O)c2ccccc2)c(Cl)cc3c(CC)noc13,CHEMBL319637,Ki,7.42
3237014,CCOC(C1CC1c2cc(C)c(OC(C)(C)C(=O)O)c(C)c2)c3ccc(OC(F)(F)F)cc3,CHEMBL3103197,EC50,7.42
5089388,CC[C@@]1(CCc2ccc(OCCCOc3ccc(cc3Cl)C(C)C)cc2O1)C(=O)O,CHEMBL361166,IC50,7.42
3243965,CO[C@@H](Cc1ccc(OCCc2nc(oc2C)c3ccccc3)c4ccsc14)C(=O)O,CHEMBL519504,IC50,7.42
3246388,CC(C)c1ccc(cc1)c2oc(C)c(CCOc3ccc(C[C@H](OCC4CC4)C(=O)O)c5sccc35)n2,CHEMBL485188,IC50,7.43
3240735,CCC(C1CCc2cc(OCCc3nc(oc3C)c4ccc(F)cc4)ccc12)C(=O)O,CHEMBL199324,EC50,7.43
3242742,CCCc1cc(ccc1OCCCOc2cccc(c2)C3SC(=O)NC3=O)c4noc5ccccc45,CHEMBL418874,IC50,7.43
5089407,CCCc1cc2c(noc2c(CCC)c1OC(C(=O)O)c3ccccc3)C(F)(F)F,CHEMBL323773,Ki,7.43
5089418,CC[C@@]1(CCc2ccc(OCCCOc3ccc(OC(F)(F)F)cc3Cl)cc2O1)C(=O)O,CHEMBL361424,IC50,7.43
5089429,Cc1nc(sc1C(=O)N[C@H]2CCCN(C2)c3cccc(c3)C(=O)O)c4ccc(cc4)[N+](=O)[O-],CHEMBL1934486,EC50,7.43
5089440,CC(C)(Oc1cccc(OCCCOc2ccc(Oc3ccc(F)cc3)cc2Cl)c1)C(=O)O,CHEMBL380837,EC50,7.44
3237311,CCCc1cc2c(noc2c(CCC)c1OC(C(=O)O)c3ccc(cc3)C(C)C)C(F)(F)F,CHEMBL324856,Ki,7.44
5089453,CCCC(Sc1ccc(OCC(=O)O)c(C)c1)c2sc(nc2C)c3ccc(cc3)C(F)(F)F,CHEMBL2035069,EC50,7.46
3242124,CCCc1cc(OC2CCCCC2)ccc1OCCCOc3cccc(c3)C4SC(=O)NC4=O,CHEMBL120570,EC50,7.46
5089466,CCN1C(=NN(Cc2ccc(cc2)C(C)(C)C)C1=O)CCCc3ccc(OC(C)(C)C(=O)NS(=O)(=O)c4ccc(cc4)C(F)(F)F)cc3,CHEMBL3264922,IC50,7.47
3247249,Cc1oc(nc1CCCc2ccc(C[C@@H](C(=O)O)n3nccn3)cc2)c4ccccc4,CHEMBL594034,IC50,7.47
3240357,Cc1oc(nc1CCOc2cccc(CN(CC(=O)O)Cc3cccc4ccccc34)c2)c5ccccc5,CHEMBL429823,IC50,7.47
3244465,Cc1oc(nc1CCOc2cccc(c2)C3=C(CC(=O)O)CCN(C3)C(=O)Oc4ccccc4)c5ccccc5,CHEMBL255309,IC50,7.47
5089484,CC(C)(Sc1ccc(CCN(CCCCC2CCCCC2)C(=O)NC3CCCCC3)cc1)C(=O)O,CHEMBL21241,Kd,7.49
5089495,CCCc1c(OCCCn2ccc3cc(OCC(=O)O)ccc23)ccc4cc(ccc14)C(=O)c5ccccc5,CHEMBL414868,EC50,7.5
5089506,CC\C=C/C\C=C/C\C=C/C\C=C/CC\C=C\C=C\C(=O)O,CHEMBL1927476,EC50,7.5
3246271,Cc1oc(nc1CCOc2ccc(C[C@@]3(CCCO3)C(=O)O)cn2)c4ccccc4,CHEMBL221123,EC50,7.5
3243388,Cc1ccc(cc1)c2oc(C)c(CCOc3ccc(CC4(CCCO4)C(=O)O)cn3)n2,CHEMBL221184,EC50,7.51
5089521,Cc1ccccc1c2ccc(O[C@@H](Cc3ccccc3)C(=O)O)cc2C,CHEMBL2312715,EC50,7.51
5089532,CC(C)(Oc1ccc(OCCCOc2ccc(Oc3ccc(F)cc3)cc2Cl)cc1)C(=O)O,CHEMBL206794,IC50,7.52
5089543,CCC1(CCc2ccc(OCCCOc3ccc(Oc4ccccc4)cc3Cl)cc2O1)C(=O)O,CHEMBL326873,EC50,7.52
5089554,CCCCCCCN(CCc1ccc(OC(C)(C)C(=O)O)cc1)c2oc3ccccc3n2,CHEMBL477312,EC50,7.52
5089565,CCCc1cc(Oc2ccccc2)ccc1OCCCOc3ccc4CCC(CC)(Oc4c3)C(=O)O,CHEMBL110743,EC50,7.52
3240635,CCCc1cc(Oc2ccccc2)ccc1OCCCOc3cccc(c3)C4SC(=O)NC4=O,CHEMBL94306,EC50,7.52
5089578,CC[C@@](C)(Cc1ccc(OCCCOc2ccc(OS(=O)(=O)C)cc2Cl)cc1)C(=O)O,CHEMBL202973,IC50,7.52
5089589,COC(=O)C(Cc1ccc(OCCOc2ccc3CCCCc3c2)cc1)C(=O)OC,CHEMBL324027,EC50,7.52
5089600,CCCC(Cc1ccc(OC)c(CNC(=O)c2ccc(cc2F)C(F)(F)F)c1)C(=O)O,CHEMBL229837,EC50,7.54
5089611,CC[C@@]1(CCc2ccc(OCCCOc3ccc(CC(C)C)cc3Cl)cc2O1)C(=O)O,CHEMBL179622,IC50,7.54
3239959,CCCc1cc(Oc2ccc(F)cc2)ccc1OCCCOc3cccc(c3)C4SC(=O)NC4=O,CHEMBL96451,IC50,7.55
5089624,CCCc1cc(cc(C)c1OC(C(=O)O)c2ccccc2)C(=O)OC,CHEMBL430505,Ki,7.55
5089635,CC[C@@](C)(Cc1ccc(OCCCOc2cc3OC(=O)C=C(c3cc2Cl)C(F)(F)F)cc1)C(=O)O,CHEMBL206759,IC50,7.55
3241539,COC(Cc1ccc(OCCc2nc(oc2C)c3ccccc3)c4ccsc14)C(=O)O,CHEMBL519032,IC50,7.55
3245209,CO[C@@H](Cc1ccc(OCCc2nc(oc2C)c3ccccc3)c4sccc14)C(=O)O,CHEMBL484330,IC50,7.55
5089650,C[C@@]1(CCc2ccc(OCCCOc3ccc(cc3Cl)C4CCCCC4)cc2O1)C(=O)O,CHEMBL179452,IC50,7.55
5089661,Cc1ccc(CN2N=C(CCCc3ccc(OC(C)(C)C(=O)O)cc3)N(CCO)C2=O)cc1,CHEMBL148774,IC50,7.57
3243017,OC(=O)[C@H](Cc1ccc(Oc2ccccc2)cc1)Oc3ccc(Cl)cc3,CHEMBL472245,EC50,7.57
3243943,CC[C@@H]([C@H]1CCc2cc(OCCc3nc(oc3C)c4ccccc4)ccc12)C(=O)O,CHEMBL200781,EC50,7.59
3242366,Cc1cc(cc(C)c1OC(C)(C)C(=O)O)C2CC2C(OCCC3CCCCC3)c4ccc(OC(F)(F)F)cc4,CHEMBL3103196,EC50,7.59
5089678,Cc1nc(sc1C(=O)N[C@H]2CCCN(C2)c3cccc(c3)C(=O)O)c4cccc(Cl)c4,CHEMBL1934481,EC50,7.59
5089689,[Na+].CCCCCCCN(CCc1ccc(O[C@H](C)C(=O)[O-])cc1)c2oc3ccccc3n2,CHEMBL2206302,EC50,7.6
3246561,Cc1oc(nc1CCCc2ccc(CC(C(=O)O)n3nccn3)cc2)c4ccccc4,CHEMBL593796,IC50,7.62
5089702,CCC(C1CCc2cc(OCCc3nc(oc3C)c4ccccc4)c(cc12)c5ccc(OC)cc5)C(=O)O,CHEMBL199509,EC50,7.64
3244230,CCCc1c(OCCCCOc2ccc(cc2)C(C)(C)C(=O)O)ccc3c(noc13)c4ccccc4,CHEMBL368371,Ki,7.64
3240089,CCCc1cc(cc(CCC)c1O[C@H](C(=O)O)c2ccc(cc2)C(C)C)C(=O)CC,CHEMBL187557,IC50,7.64
3237630,CCCc1cc2c(noc2c(CCC)c1OC(C(=O)O)c3ccc(cc3)C(F)(F)F)C(F)(F)F,CHEMBL110295,Ki,7.64
5089719,COc1ccc(cc1)c2nc(C)c(s2)C(=O)N[C@H]3CCCN(C3)c4cccc(c4)C(=O)O,CHEMBL1934485,EC50,7.64
5089730,Cc1ccc(OC(C)(Cc2ccc(OCCc3nc(oc3C)c4cccc(c4)c5ccccc5)cc2)C(=O)O)cc1,CHEMBL189712,EC50,7.64
5089741,CCC(CC)(Cc1ccc(OCCCOc2ccc(Oc3ccc(F)cc3)cc2Cl)cc1)C(=O)O,CHEMBL203338,IC50,7.66
3245882,CCOC(Cc1ccc(OCCc2nc(oc2C)c3ccccc3)c4ccsc14)C(=O)O,CHEMBL485537,IC50,7.66
3246646,CCO[C@@H](Cc1ccc(OCCc2nc(oc2C)c3ccc(s3)c4ccccc4)cc1)C(=O)O,CHEMBL1813012,EC50,7.66
5089756,CC[C@@](C)(Cc1ccc(OCCCOc2ccc(cc2Cl)C3CCC(C)(C)CC3)cc1)C(=O)O,CHEMBL202739,IC50,7.66
5089767,OC(=O)[C@H](Cc1ccccc1)Oc2ccc(cc2)c3ccccc3C(F)(F)F,CHEMBL2312717,EC50,7.66
5089778,CCN1C(=NN(Cc2ccc(cc2)C(C)(C)C)C1=O)CCCc3ccc(cc3)c4ccc(NS(=O)(=O)c5ccccc5)cc4,CHEMBL3264931,IC50,7.68
5089789,Cc1nc(sc1C(=O)N[C@H]2CCCN(C2)c3cccc(c3)C(=O)O)c4ccc(F)cc4,CHEMBL1934483,EC50,7.68
3237123,Cc1oc(nc1CCOc2ccc(CC3(CCCO3)C(=O)O)cn2)c4ccc(cc4)C(F)(F)F,CHEMBL221641,EC50,7.68
3247809,Cc1oc(nc1CCOc2ccc(C[C@H](OCC3CC3)C(=O)O)c4sccc24)c5ccccc5,CHEMBL484001,IC50,7.68
3247272,Cc1oc(nc1CCOc2ccc(C[C@](C)(Oc3ccccc3)C(=O)O)cc2)c4ccccc4,CHEMBL81248,IC50,7.68
5089806,CC(C)(Cc1ccc(OCCCOc2cc3OC(C)(C)C=C(c3cc2Cl)C(F)(F)F)cc1)C(=O)O,CHEMBL2113219,IC50,7.7
5089817,CC(C)c1ccc(NC(=O)N(CCc2ccc(SC(C)(C)C(=O)O)cc2)CCc3ccc(cc3)c4ccccc4)cc1,CHEMBL20125,EC50,7.7
5089828,CCOC(=O)N1C[C@@H](CCc2ccc(OCCc3nc(oc3C)c4ccccc4)cc2)[C@H](C1)C(=O)O,CHEMBL3398458,EC50,7.7
3247104,CCO[C@@H](Cc1ccc(OCc2nc(oc2C)c3ccc(s3)c4ccccc4)cc1)C(=O)O,CHEMBL1813007,EC50,7.7
3244135,COc1ccc(Oc2cc(ncn2)N(C)CCOc3ccc(CC4SC(=O)NC4=O)cc3)cc1.OS(=O)(=O)O,CHEMBL3780740,IC50,7.7
5089843,Cc1ccc(NC(=O)N(CCCCC2CCCCC2)CCc3ccc(SC(C)(C)C(=O)O)cc3)cc1[N+](=O)[O-],CHEMBL281791,EC50,7.7
5089854,Cc1oc(nc1CCOc2ccc(CN(CC(=O)O)Cc3ccccc3)cc2)c4ccccc4,CHEMBL371120,EC50,7.7
3241920,Cc1oc(nc1CCOc2cccc(C[C@@H]3CN(C[C@@H]3C(=O)O)c4nccc(n4)C(F)(F)F)c2)c5ccccc5,CHEMBL3398446,IC50,7.7
5089867,CC(C)C1=CC(C)(C)Oc2cc(OCCCOc3ccc(CC(C)(C)C(=O)O)cc3)c(Cl)cc12,CHEMBL1783064,IC50,7.72
5089878,CCCN1C(=NN(Cc2cccc(OC)c2)C1=O)CCCc3ccc(OC(C)(C)C(=O)O)cc3,CHEMBL345721,IC50,7.72
5089889,CCCc1c(OCCCOc2ccc(CC(=O)O)cc2)ccc3c(noc13)C(F)(F)F,CHEMBL210973,IC50,7.72
5089900,COc1ccc(CC(C)C(=O)O)cc1CNC(=O)c2ccc(cc2)C(F)(F)F,CHEMBL229785,EC50,7.72
3246260,Cc1oc(nc1CCOc2ccc(CC(C)(Oc3ccccc3)C(=O)O)cc2)c4cccs4,CHEMBL82602,EC50,7.72
5089913,CCC(Cc1ccc(OC)c(CNC(=O)c2ccc(cc2)C(F)(F)F)c1)C(=O)O,CHEMBL118939,EC50,7.75
3244797,CCCc1c(OCCCCOc2ccc(\C=C\C(=O)O)cc2)ccc3c(noc13)c4ccccc4,CHEMBL172492,Ki,7.75
5089926,COC(=O)N(CC(=O)O)Cc1cc(F)cc(OCc2nc(oc2C)c3ccc(Cl)cc3)c1,CHEMBL3827335,EC50,7.75
3245636,Cc1oc(nc1CCOc2ccc(CC(C)(Oc3ccccc3)C(=O)O)cc2)C4CCCCC4,CHEMBL309882,EC50,7.75
3247425,CCCc1c(OCCCCOc2ccc(OC(C)(C)C(=O)O)cc2)ccc3c(noc13)c4ccccc4,CHEMBL263029,Ki,7.77
5089941,CC(C)Cc1ccc(OCCCOc2ccc3CC[C@@](C)(Oc3c2)C(=O)O)c(Cl)c1,CHEMBL180019,IC50,7.8
5089952,CCCN1C(=NN(Cc2ccc(C)cc2)C1=O)CCCc3ccc(OC(C)(C)C(=O)O)cc3,CHEMBL149676,IC50,7.8
5089963,CCCc1c(OCCCNc2ccc(CC(=O)O)cc2)ccc3c(noc13)C(F)(F)F,CHEMBL207103,IC50,7.8
5089974,OC(=O)C(Cc1ccccc1)Oc2ccc(Cc3ccccc3)cc2,CHEMBL572794,EC50,7.8
5089985,CC[C@@]1(CCc2ccc(OCCCOc3ccc(cc3Cl)C4CCCCC4)cc2O1)C(=O)O,CHEMBL176075,IC50,7.82
5089996,CN1C(=NN(Cc2ccc(cc2)C(C)(C)C)C1=O)CCCc3ccc(OC(C)(C)C(=O)O)cc3,CHEMBL148639,IC50,7.82
5090007,COC(=O)N(CC(=O)O)Cc1cc(OCc2nc(oc2C)c3ccc(F)cc3)ccc1F,CHEMBL3827241,EC50,7.84
3245177,CCCc1c(OCCCSc2ccc(CC(=O)O)cc2Cl)ccc3c(noc13)c4ccccc4,CHEMBL367019,Ki,7.85
5090021,CC[C@@H](Cc1ccc(OC)c(c1)C(=O)NCc2ccc(Oc3ccc(F)cc3)cc2)C(=O)O,CHEMBL318351,EC50,7.85
3241039,Cc1oc(nc1CCOc2ccc(CC3(CCCO3)C(=O)O)cn2)c4ccc(Cl)cc4,CHEMBL221474,EC50,7.85
3243673,CCCc1c(OCCCCOc2ccc(CC(C)(C)C(=O)O)cc2)ccc3c(noc13)c4ccccc4,CHEMBL173159,Ki,7.89
5090036,CCN1C(=NN(Cc2ccc(cc2)C(C)(C)C)C1=O)CCCc3ccc(OC(C)(C)C(=O)NS(=O)(=O)c4ccc(cc4)C(C)C)cc3,CHEMBL3264921,IC50,7.89
3244574,COC(Cc1ccc(OCCc2ccc(Oc3cccc(Cl)c3)cc2C)nc1)C(=O)O,CHEMBL426878,EC50,7.89
5090049,CC(C)c1ccccc1c2ccc(O[C@@H](Cc3ccccc3)C(=O)O)cc2,CHEMBL2312702,EC50,7.92
5090060,CCCc1cc2c(noc2c(CCC)c1O[C@H](C(=O)O)c3ccccc3)C(F)(F)F,CHEMBL108905,Ki,7.92
5090071,CCOC(=O)C1=C(Nc2ccc(OCC)cc2)S\C(=C\c3ccc(OCC(=O)O)c(OC)c3)\C1=O,CHEMBL3354988,EC50,7.92
5090082,CCOc1ccc(CC(CC)C(=O)O)cc1CNC(=O)c2ccc(cc2)C(F)(F)F,CHEMBL425666,EC50,7.92
5090093,CC[C@@H](Cc1ccc(OC)c(CNC(=O)c2ccc(c(F)c2)C(F)(F)F)c1)C(=O)O,CHEMBL202118,EC50,7.92
5090104,CCc1ccccc1c2ccc(O[C@@H](Cc3ccccc3)C(=O)O)cc2,CHEMBL2312701,EC50,7.92
5090115,CN1C(=NN(Cc2ccc(C)c(C)c2)C1=O)CCCc3ccc(OC(C)(C)C(=O)O)cc3,CHEMBL344282,IC50,7.92
5090126,CCCc1c(OCCOc2ccc(CCC(=O)O)cc2)ccc3c(noc13)c4ccccc4,CHEMBL427299,Ki,7.96
5090137,Cc1oc(nc1CCOc2ccc(CC(C)(Oc3ccc(cc3)C(C)(C)C)C(=O)O)cc2)c4ccccc4,CHEMBL187258,EC50,7.96
5090148,Cc1oc(nc1COc2ccc(F)c(CN(CC(=O)O)C(=O)OCCCF)c2)c3ccc(Cl)cc3,CHEMBL3827740,EC50,7.98
3246721,CC(C)O[C@@H](Cc1ccc(OCc2noc(n2)c3ccc(cc3)C(C)C)cc1)C(=O)O,CHEMBL189146,EC50,8.0
5090161,CCCc1cc(Oc2ccc(F)cc2)ccc1OCCCOc3ccc4CCC(CC)(Oc4c3)C(=O)O,CHEMBL111271,EC50,8.0
5090172,CCCc1cc(cc(CCC)c1OC(C)(C)C(=O)O)C(=O)CC,CHEMBL190665,EC50,8.0
5090183,CCCc1cc2c(noc2c(CCC)c1OC(C(=O)O)c3ccc(Cl)cc3)C(F)(F)F,CHEMBL430894,Ki,8.0
3245524,CCOC(=O)N1C[C@@H](Cc2cccc(OCCc3nc(oc3C)c4ccccc4)c2)[C@H](C1)C(=O)O,CHEMBL3398436,EC50,8.0
5090196,CCOC(=O)N1C[C@H](CCc2ccc(OCCc3nc(oc3C)c4ccccc4)cc2)[C@H](C1)C(=O)O,CHEMBL3398460,EC50,8.0
5090207,CC[C@@](C)(Cc1ccc(OCCCOc2ccc(OCC(F)(F)F)cc2Cl)cc1)C(=O)O,CHEMBL205803,IC50,8.0
5090218,Cc1nc(sc1C(=O)NCc2ccc(OC(C)(C)C(=O)O)cc2)c3ccc(cc3)C(F)(F)F,CHEMBL219586,EC50,8.0
3237244,Cc1oc(nc1CCOc2ccc(CC[C@@H]3CN(C[C@@H]3C(=O)O)C(=O)Oc4ccccc4)cc2)c5ccccc5,CHEMBL3398459,EC50,8.0
3243465,CCCc1c(OCCCOc2ccc(OC(C)C(=O)O)cc2)ccc3c(noc13)c4ccccc4,CHEMBL172490,Ki,8.03
5090233,CC(C)(Sc1ccc(CCN(CCCCC2CCCCC2)C(=O)Nc3cccc(c3)C#N)cc1)C(=O)O,CHEMBL20280,EC50,8.05
5090244,Cc1cc(C)c(NC(=O)N(CCc2ccc(SC(C)(C)C(=O)O)cc2)CCc3ccc(cc3)c4ccccc4)cc1C,CHEMBL279211,EC50,8.05
3246885,Cc1oc(nc1CCOc2ccc(C[C@@](C)(Oc3ccccc3)C(=O)O)cc2)c4cccc[s+]4,CHEMBL2237301,EC50,8.05
3246896,Cc1oc(nc1CCOc2ccc(C[C@](C)(Oc3ccccc3)C(=O)O)cc2)c4cccs4,CHEMBL77502,EC50,8.05
5090258,COC(=O)N(CC(=O)O)[C@@H](C)c1cccc(OCc2nc(oc2C)c3ccc(Cl)cc3)c1,CHEMBL3827820,EC50,8.07
5090269,CCC(Cc1ccc(OC)c(CNC(=O)c2ccc(cc2F)C(F)(F)F)c1)C(=O)O,CHEMBL387914,EC50,8.09
3242335,CCCc1c(OCCCOc2ccc(OCC(=O)O)cc2)ccc3c(noc13)c4ccccc4,CHEMBL173494,Ki,8.09
5090282,CC(C)(Sc1ccc(CCN(CCc2ccc(cc2)c3ccccc3)C(=O)NC4CCCCC4)cc1)C(=O)O,CHEMBL280897,EC50,8.1
3240262,CCCc1c(OCCCOc2ccc3c(ccn3CC(=O)O)c2)ccc4cc(ccc14)C(=O)c5ccccc5,CHEMBL201880,EC50,8.1
5090295,CC\C=C/C\C=C/C\C=C/CCCCCCCC(=O)O,CHEMBL8739,Kd,8.1
5090306,Cc1nc(sc1C(=O)N[C@H]2CCCN(C2)c3cccc(c3)C(=O)O)c4ccc(Cl)cc4,CHEMBL1934476,EC50,8.1
5090317,Cc1oc(nc1CCOc2cccc(CC[C@@H]3CN(C[C@@H]3C(=O)O)C(=O)Oc4ccccc4)c2)c5ccccc5,CHEMBL3398456,EC50,8.1
3245512,CCCc1c(OCCCCOc2ccc(CCC(=O)O)cc2)ccc3c(noc13)c4ccccc4,CHEMBL172931,Ki,8.12
3246124,CCCc1c(OCCCCOc2cccc(CC(=O)O)c2)ccc3c(noc13)c4ccccc4,CHEMBL435523,Ki,8.14
3242525,CCCc1c(OCCCOc2ccc(CCC(=O)O)cc2)ccc3c(noc13)c4ccccc4,CHEMBL435704,Ki,8.14
5090334,CCC(C)(C)c1ccc(OCCCOc2ccc3CC[C@@](C)(Oc3c2)C(=O)O)c(Cl)c1,CHEMBL369725,IC50,8.16
3242700,CCCc1c(OCCCCOc2ccc(CC(=O)O)cc2)ccc3c(noc13)c4ccccc4,CHEMBL367311,Ki,8.16
3246249,Cc1oc(nc1CCOc2ccc(CC(C)(Oc3ccccc3)C(=O)O)cc2)c4cccc(c4)c5ccccc5,CHEMBL81676,EC50,8.16
5090349,COc1ccc(OC(=O)N(CC(=O)O)Cc2cc(OCc3nc(oc3C)c4ccc(Cl)cc4)ccc2F)cc1,CHEMBL3827510,EC50,8.17
5090360,CCN1C(=NN(Cc2ccc(cc2)C(C)(C)C)C1=O)CCCc3ccc(OC(C)(C)C(=O)NS(=O)(=O)C4CC4)cc3,CHEMBL3264926,IC50,8.18
5090371,CCOC(=O)N1C[C@@H](Cc2ccc(OCCc3nc(oc3C)c4ccccc4)cc2)[C@H](C1)C(=O)O,CHEMBL3398442,EC50,8.22
5090382,CCOC(=O)N1C[C@H](CC(=O)O)[C@@H](Cc2cccc(OCCc3nc(oc3C)c4ccccc4)c2)C1,CHEMBL3398462,EC50,8.22
5090393,CC[C@](C)(Cc1ccc(OCCCOc2ccc(Oc3ccc(F)cc3)cc2Cl)cc1)C(=O)O,CHEMBL203408,IC50,8.22
5090404,COc1ccc(NC(=O)N(CCc2ccc(SC(C)(C)C(=O)O)cc2)CCc3ccc(cc3)c4ccccc4)c(OC)c1,CHEMBL20495,EC50,8.22
5090415,Cc1ccc(cc1)c2nc(C)c(s2)C(=O)N[C@H]3CCCN(C3)c4cccc(c4)C(=O)O,CHEMBL1934484,EC50,8.22
5090426,Cc1ccc(OC(=O)N(CC(=O)O)Cc2cc(OCc3nc(oc3C)c4ccc(Cl)cc4)ccc2F)cc1,CHEMBL3827617,EC50,8.25
3236791,CCCc1c(OCCCCOc2cccc(c2)C(=O)O)ccc3c(noc13)c4ccccc4,CHEMBL369053,Ki,8.28
5090439,CCC(C)(Cc1ccc(OCCCOc2ccc(Oc3ccc(F)cc3)cc2Cl)cc1)C(=O)O,CHEMBL203621,IC50,8.3
5090450,COc1ccccc1NC(=O)N(CCCCC2CCCCC2)CCc3ccc(SC(C)(C)C(=O)O)cc3,CHEMBL20392,EC50,8.3
5090461,Cc1nc(sc1C(=O)NC2CCCN(C2)c3cccc(c3)C(=O)O)c4ccc(Cl)cc4,CHEMBL1934317,EC50,8.3
3237743,Cc1oc(nc1CCOc2ccc(C[C@@H]3CN(C[C@@H]3C(=O)O)C(=O)Oc4ccccc4)cc2)c5ccccc5,CHEMBL3398443,EC50,8.3
1483216,CCCCC\C=C/C\C=C/CCCCCCCC(=O)O,CHEMBL267476,Kd,8.32
5090475,COc1cc(OCC(=O)O)c(C)cc1SCc2ccc(OCc3ccc(cc3)C(F)(F)F)cc2,CHEMBL234659,IC50,8.33
5090486,CCN1C(=NN(Cc2ccc(cc2)C(C)(C)C)C1=O)CCCc3ccc(OC(C)(C)C(=O)NS(=O)(=O)C4CCCC4)cc3,CHEMBL3264925,IC50,8.34
5090497,COC(=O)N(CC(=O)O)Cc1cc(OCc2nc(oc2C)c3ccc(OC(F)(F)F)cc3)ccc1F,CHEMBL3828330,EC50,8.37
3242482,CC(C)O[C@@H](Cc1ccc(OCc2noc(n2)c3cc(cc(c3)C(F)(F)F)C(F)(F)F)cc1)C(=O)O,CHEMBL2237303,EC50,8.4
5090509,CCOC(=O)N(CC(=O)O)Cc1cc(OCc2nc(oc2C)c3ccc(Cl)cc3)ccc1F,CHEMBL3827584,EC50,8.4
5090520,Cc1nc(sc1CNCc2ccc(OC(C)(C)C(=O)O)cc2)c3cccc(c3)C(F)(F)F,CHEMBL3354989,EC50,8.4
5090531,COC(=O)N(CC(=O)O)Cc1cc(OCc2nc(oc2C)c3ccc(cc3)C(F)(F)F)ccc1F,CHEMBL3828487,EC50,8.44
5090542,CCCOC(=O)N(CC(=O)O)Cc1cc(OCc2nc(oc2C)c3ccc(Cl)cc3)ccc1F,CHEMBL3826990,EC50,8.47
3237289,CCCCCCCN(CCc1ccc(O[C@](C)(CC)C(=O)O)cc1)c2oc3ccccc3n2,CHEMBL479207,EC50,8.52
3242514,CCCc1c(OCCCOc2ccc(CC(=O)O)cc2)ccc3c(noc13)c4ccccc4,CHEMBL173285,Ki,8.52
5090557,CCN1C(=NN(Cc2ccc(cc2)C(C)(C)C)C1=O)CCCc3ccc(OC(C)(C)C(=O)NS(=O)(=O)C4CCCCC4)cc3,CHEMBL3264924,IC50,8.52
3247305,CCO[C@@H](Cc1ccc(OCc2nc(oc2C)c3ccsc3)cc1)C(=O)O,CHEMBL1813004,EC50,8.52
5090570,CC[C@@](C)(Cc1ccc(OCCCOc2ccc(OC(F)(F)F)cc2Cl)cc1)C(=O)O,CHEMBL382178,IC50,8.52
5090581,CC[C@@](C)(Cc1ccc(OCCCOc2ccc(cc2Cl)C(F)(F)F)cc1)C(=O)O,CHEMBL424674,IC50,8.52
5090592,CCCCOC(=O)N(CC(=O)O)Cc1cc(OCc2nc(oc2C)c3ccc(Cl)cc3)ccc1F,CHEMBL3828133,EC50,8.55
5090603,CCN1C(=NN(Cc2ccc(cc2)C(C)(C)C)C1=O)CCCc3ccc(OC(C)(C)C(=O)NS(=O)(=O)c4ccc(C)cc4)cc3,CHEMBL3264920,IC50,8.55
5090614,COC(=O)N(CC(=O)O)Cc1cc(OCc2nc(oc2C)c3ccc(C)cc3)ccc1F,CHEMBL3827378,EC50,8.55
5090625,COC(=O)N(CC(=O)O)Cc1cc(OCc2nc(oc2C)c3ccc(cc3)C(C)(C)C)ccc1F,CHEMBL3828201,EC50,8.57
5090636,CC(C)COC(=O)N(CC(=O)O)Cc1cc(OCc2nc(oc2C)c3ccc(Cl)cc3)ccc1F,CHEMBL3827050,EC50,8.64
5090647,CC[C@@](C)(Cc1ccc(OCCCOc2ccc(cc2Cl)C3CCCCC3)cc1)C(=O)O,CHEMBL424685,IC50,8.7
3248177,C\C(=C\C(=O)c1ccccc1)\N[C@@H](Cc2ccc(OCCc3nc(oc3C)c4ccccc4)cc2)C(=O)O,CHEMBL410478,EC50,8.7
3248374,CCO[C@@H](Cc1ccc(OCCc2nc(oc2C)c3ccsc3)cc1)C(=O)O,CHEMBL1813009,EC50,8.72
5090662,CCCCCOC(=O)c1ccc(NC(=O)c2cccc(NC(=O)c3ccccc3C(=O)O)c2)cc1,CHEMBL1494365,EC50,8.96
5090673,CC(C)(Sc1ccc(CCN(CCCCC2CCCCC2)C(=O)Nc3cc(Cl)cc(Cl)c3)cc1)C(=O)O,CHEMBL21706,EC50,9.0
5090684,CC[C@@H](Oc1cccc(CN(CCCOc2ccc(OC)cc2)c3oc4ccccc4n3)c1)C(=O)O,CHEMBL247951,EC50,9.0
3248218,Cc1oc(nc1CCOc2ccc(C[C@H](Oc3ccccc3)C(=O)O)cc2)C4CCCCC4,CHEMBL2237300,EC50,9.0
3248228,Cc1oc(nc1CCOc2ccc(C[C@](C)(Oc3ccccc3)C(=O)O)cc2)C4CCCCC4,CHEMBL264385,EC50,9.0
5090698,Cc1c(cccc1c2oc(\C=C/3\SC(=O)N(CC(=O)Nc4ccc(F)cc4)C3=O)cc2)C(=O)O,CHEMBL3354987,EC50,9.8
3248498,CCO[C@@H](Cc1ccc(OCCc2nc(oc2C)c3cccs3)cc1)C(=O)O,CHEMBL1813008,EC50,10.0
5090711,CCO[C@@H](Cc1ccc(OCc2nc(oc2C)c3cccs3)cc1)C(=O)O,CHEMBL1813003,EC50,10.59
