id,smiles,name,assay_type,activity_value
2282886,C\C(\C=C\C1=C(C)CCCC1(C)C)=C\C=C\C(\C)=C\C(O)=O,alitretinoin,Kd,7.76999998
5792468,C\C(\C=C\C1=C(C)CCCC1(C)C)=C/C=C/C(/C)=C\C(O)=O,isotretinoin,Kd,7.77
2283498,C\C(=C/C=C/C(=C/C(=O)O)/C)\C=C\C1=C(C)CCCC1(C)C,tretinoin,Kd,7.80000019
8132121,CCCCN(c1cccc(c1C)c2ccc(OC)cc2)S(=O)(=O)c3ccc(OC(C)C(=O)O)c(C)c3C,CHEMBL1760427,IC50,7.0
8132132,CCCCOc1ccc(cc1CNC(=O)c2ccc(cc2)C(F)(F)F)c3ccc(cc3F)C(=O)O,CHEMBL2413326,IC50,7.0
8132143,COc1ccc(cc1)c2nc(COc3ccc(OCC(=O)O)c(C)c3)sc2c4ccc(OC)cc4,CHEMBL1081964,EC50,7.0
8132154,FC(F)(F)Oc1ccc(cc1)C(=O)NCCS(=O)(=O)c2ccc(cn2)C(F)(F)F,CHEMBL604959,IC50,7.0
8132165,OC(=O)Cc1csc2cc(OCc3cc(on3)c4ccc(cc4)C(F)(F)F)cc(Cl)c12,CHEMBL393765,IC50,7.01
8132176,CCCc1c(OCCCOc2ccc3c(ccn3CC(=O)O)c2)ccc4c(noc14)C(F)(F)F,CHEMBL200495,IC50,7.02
3242700,CCCc1c(OCCCCOc2ccc(CC(=O)O)cc2)ccc3c(noc13)c4ccccc4,CHEMBL367311,Ki,7.03
7854311,CCCc1c(OCCCN(C)c2cccc(CC(=O)O)c2)ccc3c(noc13)C(F)(F)F,CHEMBL207442,IC50,7.03
8132191,CCCCCOc1ccc(cc1CNC(=O)c2ccc(cc2)C(F)(F)F)c3ccc(cc3C)C(=O)O,CHEMBL2413325,IC50,7.04
8132202,OC(=O)Cn1ccc2cc(OCc3ccc(Oc4ccc(cc4)C(F)(F)F)cc3)ccc12,CHEMBL393373,IC50,7.04
5089554,CCCCCCCN(CCc1ccc(OC(C)(C)C(=O)O)cc1)c2oc3ccccc3n2,CHEMBL477312,EC50,7.05
8132215,Cc1nc(oc1COc2ccc(CCC(=O)O)cc2)c3ccc(cc3)C(F)(F)F,CHEMBL39687,IC50,7.05
8132226,Cc1nc(oc1CSc2ccc(OCC(=O)O)cc2)c3ccc(cc3)C(F)(F)F,CHEMBL37495,IC50,7.05
8132237,Cc1nc(sc1COc2ccc(CCC(=O)O)cc2)c3ccc(cc3)C(F)(F)F,CHEMBL288341,EC50,7.05
8132248,OC(=O)COc1ccc(SCc2ccc(OCc3ccc(Cl)cc3)cc2)c4CCCc14,CHEMBL234661,IC50,7.05
8132259,OC(=O)Cc1cccc(c1)c2noc(c3occc3)c2C(=O)NCCOc4ccc(Cl)cc4Cl,CHEMBL387203,EC50,7.05
5089963,CCCc1c(OCCCNc2ccc(CC(=O)O)cc2)ccc3c(noc13)C(F)(F)F,CHEMBL207103,IC50,7.06
8132272,OC(=O)Cc1coc2cc(OCc3cc(on3)c4ccc(Cl)cc4)ccc12,CHEMBL391068,IC50,7.09
8132283,OC(=O)Cc1coc2cc(OCc3ccc(COc4ccc(cc4)C(F)(F)F)cc3)ccc12,CHEMBL234800,IC50,7.09
8132294,CCCCN(c1cccc(c1C)c2ccc(C)cc2)S(=O)(=O)c3ccc(OC(C)C(=O)O)c(C)c3C,CHEMBL1760426,IC50,7.1
8132305,CCCCN(c1cccc(c1C)c2ccc(Cl)cc2)S(=O)(=O)c3ccc(OC(C)C(=O)O)c(Cl)c3Cl,CHEMBL1760399,IC50,7.1
8132316,CCCCN(c1cccc(c1C)c2ccc(OC(F)(F)F)cc2)S(=O)(=O)c3ccc(OC(C)C(=O)O)c(C)c3C,CHEMBL1760425,IC50,7.1
8132327,CCCc1c(O)c(ccc1OCCCSc2ccc(CC(=O)O)cc2Cl)C(=O)C,CHEMBL23881,EC50,7.1
8132338,CCCc1c(OCCCn2nnc3cc(CC(=O)O)ccc23)ccc4c(noc14)C(F)(F)F,CHEMBL208567,IC50,7.1
8132349,COc1ccc(cc1)c2nc(COc3ccc(OCC(=O)O)c(C)c3)sc2c4cnc5ccccc5c4,CHEMBL1079617,EC50,7.1
3243377,Cc1cc(cc(C)c1OC(C)(C)C(=O)O)C2CC2C(OC(=O)c3ccccc3)c4ccc(OC(F)(F)F)cc4,CHEMBL3103198,EC50,7.1
8132362,Fc1cc(Br)ccc1C(=O)NCCS(=O)(=O)c2ccc(cn2)C(F)(F)F,CHEMBL598371,IC50,7.1
8132373,OC(=O)Cc1ccc(c(Cl)c1)c2noc(c3ccccc3)c2C(=O)NCCOc4ccc(Cl)cc4Cl,CHEMBL211473,EC50,7.1
8132384,CCOP(=O)(O)CCO,CHEMBL3785872,EC50,7.11
8132395,OC(=O)COc1ccc(SCc2ccc(OCc3ccc(OC(F)(F)F)cc3)cc2)c4CCCc14,CHEMBL233177,IC50,7.12
7856569,CCCc1c(OCCCn2ccc3cc(CCC(=O)O)ccc23)ccc4c(noc14)C(F)(F)F,CHEMBL207907,IC50,7.16
8132408,COc1ccc(cc1)c2nc(COc3ccc(OCC(=O)O)c(C)c3)oc2c4ccc(Cl)c(Cl)c4,CHEMBL1081729,EC50,7.16
8132419,COc1ccc(cc1)c2nc(COc3ccc(OCC(=O)O)c(C)c3)sc2c4cccc(c4)C(F)(F)F,CHEMBL1081750,EC50,7.16
8132430,Cc1c(C)c(Sc2ccc(COc3ccc(cc3)C(F)(F)F)cc2OCC4CCCO4)ccc1OCC(=O)O,CHEMBL501980,Ki,7.16
8132441,Cc1cc(CN2CCc3ccccc3C2C(=O)Nc4ccc(Cl)cc4Cl)ccc1OCC(=O)O,CHEMBL1643199,EC50,7.16
8132452,OC(=O)COc1ccc(SCc2ccc(OCc3cc(Cl)ccc3Cl)cc2)c4CCCc14,CHEMBL232398,IC50,7.16
8132463,OC(=O)Cc1cccc(c1)c2noc(c3ccccc3)c2C(=O)NCCOc4cc(Cl)cc(Cl)c4,CHEMBL1075665,EC50,7.16
8132474,OC(=O)Cc1cccc(c1)c2noc(c3ccccc3)c2C(=O)NCCOc4ccc(Cl)cc4Cl,CHEMBL374078,EC50,7.16
8132485,Cc1cc(OCc2nc(c3cccnc3)c(s2)c4ccc(OC(F)(F)F)cc4)ccc1OCC(=O)O,CHEMBL1081391,EC50,7.17
8132497,Cc1cc(SCc2sc(nc2C)c3ccc(c(F)c3)C(F)(F)F)ccc1OCC(=O)O,CHEMBL38508,EC50,7.17
3243850,Cc1ccccc1C(=O)NCc2cccc(Oc3ccc(OC(C)(C)C(=O)O)c(C)c3)c2,CHEMBL393940,IC50,7.19
8132510,CC(C)COc1ccc(cc1)c2nc(COc3ccc(OCC(=O)O)c(C)c3)sc2c4ccc(OC(F)(F)F)cc4,CHEMBL1080535,EC50,7.2
8132521,CCCCN(c1cc(cc(c1)C(F)(F)F)c2ccc(Cl)cc2)S(=O)(=O)c3ccc(OC(C)C(=O)O)c(C)c3C,CHEMBL1760413,IC50,7.2
8132532,CCCCN(c1cccc(c1C)c2ccc(Cl)cc2)S(=O)(=O)c3ccc(OC(CC)C(=O)O)c(C)c3C,CHEMBL1760269,IC50,7.2
8132543,Cc1ccc(NC(=O)c2cccc(c2)S(=O)(=O)n3ccc4ccc(Cl)cc34)c(c1)C(=O)O,CHEMBL496733,IC50,7.2
8132554,CCCc1c(OCCCOc2ccccc2CC(=O)O)ccc3c(noc13)c4ccccc4,CHEMBL175213,Ki,7.21
8132565,COc1ccc(cc1)c2nc(CSc3ccc(CC(=O)O)cc3Cl)sc2c4ccc(cc4)C(F)(F)F,CHEMBL1079382,EC50,7.21
8132576,OC(=O)COc1ccc(SCc2ccc(F)cc2OCc3ccc(cc3)C(F)(F)F)c4CCCc14,CHEMBL234666,IC50,7.21
8132587,COc1ccc(cc1)c2nc(COc3ccc(OCC(=O)O)c(C)c3)sc2c4ccc(Cl)cc4,CHEMBL1079646,EC50,7.22
8132598,Cc1cc(OCc2sc(nc2C)c3ccc(cc3)C(F)(F)F)ccc1CCC(=O)O,CHEMBL39894,IC50,7.22
8132609,Cc1cc(SC(Cc2ccc(cc2)[N+](=O)[O-])c3sc(nc3C)c4ccc(cc4)C(F)(F)F)ccc1OCC(=O)O,CHEMBL2037584,EC50,7.22
8132620,OC(=O)Cc1cccc(c1)c2noc(c3ccccc3Cl)c2C(=O)NCCOc4ccc(Cl)cc4Cl,CHEMBL221292,EC50,7.22
3243147,COC(C1CC1c2cc(C)c(OC(C)(C)C(=O)O)c(C)c2)c3ccc(OC(F)(F)F)cc3,CHEMBL3103200,EC50,7.23
8132633,Cc1cc(OCc2nc(c3cncnc3)c(s2)c4ccc(OC(F)(F)F)cc4)ccc1OCC(=O)O,CHEMBL1079821,EC50,7.23
7855978,CCCc1c(OCCCn2ccc3cc(CC(=O)O)ccc23)ccc4c(noc14)C(F)(F)F,CHEMBL383728,IC50,7.24
8132646,Cc1cc(SC(CCCCCCCc2ccccc2)c3sc(nc3C)c4ccc(cc4)C(F)(F)F)ccc1OCC(=O)O,CHEMBL2037582,EC50,7.24
8132657,Cc1nc(sc1COc2cc(Cl)c3c(CC(=O)O)csc3c2)c4ccc(cc4)C(F)(F)F,CHEMBL234169,IC50,7.24
8132668,CC(=O)c1sc(nc1C)c2ccc(OCCCOc3ccc4[C@H](CC(=O)O)CCc4c3)nc2,CHEMBL241063,IC50,7.25
8132679,COc1ccc(cc1F)c2nc(COc3ccc(OCC(=O)O)c(C)c3)sc2c4ccc(OC(F)(F)F)cc4,CHEMBL1080821,EC50,7.25
8132690,Cc1cc(OCc2oc(c3ccc(OC(F)(F)F)cc3)c(n2)c4cncnc4)ccc1OCC(=O)O,CHEMBL1082117,EC50,7.26
8132701,Cc1cc(SCc2sc(nc2C)c3ccc(cc3)C(F)(F)F)ccc1OC(F)C(=O)O,CHEMBL1927473,EC50,7.26
3241624,COC(C1CC1c2cc(C)c(OC(C)(C)C(=O)O)c(C)c2)c3ccc(Br)cc3,CHEMBL3103193,EC50,7.27
8132714,Cc1c(C)c(Sc2ccc(COc3ccc(cc3)C(F)(F)F)cc2OCC#C)ccc1OCC(=O)O,CHEMBL524063,EC50,7.27
3241473,Cc1cc(Oc2cccc(CNC(=O)c3ccc(OC(F)(F)F)cc3C)c2)ccc1OC(C)(C)C(=O)O,CHEMBL237305,IC50,7.27
8132727,CCCc1c(OCCCCOc2cccc(CCC(=O)O)c2)ccc3c(noc13)c4ccccc4,CHEMBL177089,Ki,7.28
8132738,Cc1cc(OCc2nc(c3ccc(cc3)N4CCCCC4)c(s2)c5ccc(OC(F)(F)F)cc5)ccc1OCC(=O)O,CHEMBL1075705,EC50,7.28
8132749,OC(=O)COc1ccc(SCC=C(c2ccc(Br)cc2)c3ccc(Br)cc3)cc1Cl,CHEMBL222880,EC50,7.28
8132760,OC(=O)COc1ccc(Sc2ccc(COc3ccc(cc3)C(F)(F)F)cc2OCC#C)c4CCCCc14,CHEMBL495990,EC50,7.28
8132771,CCCCN(c1cccc(c1C)c2ccc(Cl)cc2)S(=O)(=O)c3ccc(OC(C)C(=O)O)c(C)c3C,CHEMBL1760267,IC50,7.3
8132782,COc1ccc(cc1)c2nc(COc3ccc(OCC(=O)O)c(C)c3)oc2c4ccc(Cl)cc4,CHEMBL1081600,EC50,7.3
8132793,COc1ccc(cc1)c2nc(COc3ccc(OCC(=O)O)c(C)c3)sc2c4oc5ccccc5c4,CHEMBL1079618,EC50,7.3
8132804,COc1cccc2ccn(c12)S(=O)(=O)c3cccc(c3)C(=O)Nc4ccc(C)cc4C(=O)O,CHEMBL523594,IC50,7.3
8132815,Cc1ccccc1c2onc(c3cccc(CC(=O)O)c3)c2C(=O)NCCOc4ccc(Cl)cc4Cl,CHEMBL218384,EC50,7.3
8132826,CC(C)c1ccc(cc1)c2ncc(C)c(n2)N(C)CCCOc3ccc4[C@H](CC(=O)O)CCc4c3,CHEMBL239353,IC50,7.31
8132837,CCCc1c(OCCCN(C)c2ccc(CC(=O)O)cc2Cl)ccc3c(noc13)C(F)(F)F,CHEMBL383646,IC50,7.31
8132848,CN1CCN(CC1)c2ccc(\C=C(/C#N)\c3ccccc3Br)cc2,CHEMBL2030550,IC50,7.32
3240988,CCCc1c(OCCCCOc2cccc(OCC(=O)O)c2)ccc3c(noc13)c4ccccc4,CHEMBL173409,Ki,7.33
5087611,CCCc1c(OCCCCOc2ccccc2CC(=O)O)ccc3c(noc13)c4ccccc4,CHEMBL176421,Ki,7.33
8132863,Cc1c(C)c(Sc2ccc(COc3ccc(cc3)C(F)(F)F)cc2OCc4ccncc4)ccc1OCC(=O)O,CHEMBL501979,Ki,7.33
8132874,CCCCCCOc1ccc(CC(CC)C(=O)O)cc1CNC(=O)c2ccc(cc2)C(F)(F)F,CHEMBL229831,EC50,7.35
8132885,Cc1cc(OCc2nc(c3ccc(cc3)N4CCOCC4)c(s2)c5ccc(OC(F)(F)F)cc5)ccc1OCC(=O)O,CHEMBL1075706,EC50,7.35
3242388,CCC#CCOc1cc(COc2ccc(cc2)C(F)(F)F)ccc1Sc3ccc(OCC(=O)O)c4CCCCc34,CHEMBL501440,EC50,7.36
3237810,CC#CCOc1cc(COc2ccc(cc2)C(F)(F)F)ccc1Sc3ccc(OCC(=O)O)c4CCCCc34,CHEMBL501439,EC50,7.37
8132900,Cc1cc2c(CC(=O)O)csc2cc1OCc3ccccc3COc4ccc(cc4)C(F)(F)F,CHEMBL234587,IC50,7.37
5089600,CCCC(Cc1ccc(OC)c(CNC(=O)c2ccc(cc2F)C(F)(F)F)c1)C(=O)O,CHEMBL229837,EC50,7.4
8132913,CCCc1c(OCCCSc2ccc(CC(=O)O)cc2Cl)ccc3c(CC)coc13,CHEMBL23670,IC50,7.4
8132924,COc1ccc(cc1)c2nc(COc3ccc(OCC(=O)O)c(C)c3)sc2c4ccc(cc4)C(F)(F)F,CHEMBL1081749,EC50,7.4
8132935,Cc1cc(Oc2cccc(CNC(=O)c3ccc(cc3C(F)(F)F)C(F)(F)F)c2)ccc1OC(C)(C)C(=O)O,CHEMBL237084,IC50,7.4
8132947,CCCc1c(O)c(ccc1OCCCOc2ccc(OCC(=O)O)cc2)C(=O)C,CHEMBL153057,EC50,7.41
8132958,CCCc1c(OCCCN(C)c2ccc(CC(=O)O)cc2C)ccc3c(noc13)C(F)(F)F,CHEMBL209563,IC50,7.41
8132969,Cc1cc(SC(CCCCc2ccccc2)c3sc(nc3C)c4ccc(cc4)C(F)(F)F)ccc1OCC(=O)O,CHEMBL2037580,EC50,7.41
8132980,CCCc1c(OCCCOc2ccc(CCCC(=O)O)cc2)ccc3c(noc13)c4ccccc4,CHEMBL175332,Ki,7.42
3245512,CCCc1c(OCCCCOc2ccc(CCC(=O)O)cc2)ccc3c(noc13)c4ccccc4,CHEMBL172931,Ki,7.43
8132993,Cc1cc(OCc2cc(on2)c3ccc(cc3)C(F)(F)F)cc4scc(CC(=O)O)c14,CHEMBL234382,IC50,7.43
8133004,Cc1cc2c(CC(=O)O)csc2cc1OCc3cc(on3)c4ccc(Cl)cc4,CHEMBL234170,IC50,7.43
3241944,CCC#CCOc1cc(COc2ccc(Cl)cc2)ccc1Sc3ccc(OCC(=O)O)c4CCCCc34,CHEMBL482857,Ki,7.44
8133017,Cc1c(C)c(Sc2ccc(COc3ccc(cc3)C(F)(F)F)cc2OCc4cccnc4)ccc1OCC(=O)O,CHEMBL502518,Ki,7.44
3242667,CCC#CCOc1cc(COc2cccc(c2)C(F)(F)F)ccc1Sc3ccc(OCC(=O)O)c4CCCCc34,CHEMBL499038,Ki,7.46
8133030,CCCOc1ccc(cc1)c2nc(COc3ccc(OCC(=O)O)c(C)c3)sc2c4ccc(OC(F)(F)F)cc4,CHEMBL1080108,EC50,7.46
8133041,Cc1onc(COc2cc(COc3ccc(cc3)C(F)(F)F)ccc2Sc4ccc(OCC(=O)O)c(C)c4C)c1,CHEMBL526371,Ki,7.46
8133211,COc1ncc(cn1)c2nc(COc3ccc(OCC(=O)O)c(C)c3)sc2c4ccc(OC(F)(F)F)cc4,CHEMBL1079984,EC50,7.47
8133222,CCOc1ccc(cc1)c2nc(COc3ccc(OCC(=O)O)c(C)c3)sc2c4ccc(OC(F)(F)F)cc4,CHEMBL1079925,EC50,7.5
8133233,COc1ccc2ccn(c2c1)S(=O)(=O)c3cccc(c3)C(=O)Nc4ccc(C)cc4C(=O)O,CHEMBL496116,IC50,7.5
8133244,Cc1cc(Oc2cccc(CNC(=O)c3ccc(cc3Oc4ccccc4)C(F)(F)F)c2)ccc1OC(C)(C)C(=O)O,CHEMBL237710,IC50,7.5
8133255,Cc1cc(OCc2nc(c3ccc4OCOc4c3)c(s2)c5ccc(OC(F)(F)F)cc5)ccc1OCC(=O)O,CHEMBL1080369,EC50,7.51
8133266,OC(=O)Cn1ccc2cc(OCc3cc(on3)c4ccc(cc4)C(F)(F)F)ccc12,CHEMBL393767,IC50,7.51
8133277,CCN(CC)c1ccc(cc1)c2nc(COc3ccc(OCC(=O)O)c(C)c3)sc2c4ccc(OC(F)(F)F)cc4,CHEMBL1080143,EC50,7.52
8133288,CCc1ccc(cc1)c2ncc(C)c(n2)N(C)CCCOc3ccc4[C@H](CC(=O)O)CCc4c3,CHEMBL239352,IC50,7.52
8133299,COc1ccc(cc1)c2nc(CSc3ccc(OCC(=O)O)cc3Cl)sc2c4ccc(OC)cc4,CHEMBL1081046,EC50,7.52
8133310,Cc1cc(OCc2oc(nc2C)c3ccc(cc3)C(F)(F)F)ccc1OCC(=O)O,CHEMBL37013,EC50,7.52
8133321,CCCOc1ccc(cc1CNC(=O)c2ccc(cc2)C(F)(F)F)c3ccc(cc3C)C(=O)O,CHEMBL2413324,IC50,7.54
8133332,CCC#CCOc1cc(COc2ccc(Cl)cc2C)ccc1Sc3ccc(OCC(=O)O)c4CCCCc34,CHEMBL482659,Ki,7.55
8133343,CCOc1ccc(cc1CNC(=O)c2ccc(cc2)C(F)(F)F)c3ccc(cc3C)C(=O)O,CHEMBL2413228,IC50,7.55
8133354,CCCCOc1ccc(cc1)c2nc(COc3ccc(OCC(=O)O)c(C)c3)sc2c4ccc(OC(F)(F)F)cc4,CHEMBL1080188,EC50,7.59
5087768,CCCc1c(OCCCOc2cccc(CC(=O)O)c2)ccc3c(noc13)c4ccccc4,CHEMBL172718,Ki,7.59
8133367,CC(C)c1oc(nc1CCc2noc3cc(OCC(=O)O)c(C)cc23)c4ccc(Cl)cc4Cl,CHEMBL1644614,EC50,7.6
8133378,CCCCN(c1cccc(c1C)c2ccc(Cl)cc2)S(=O)(=O)c3ccc(O[C@H](C)C(=O)O)c(C)c3C,CHEMBL1760273,IC50,7.6
8133389,CCCCN(c1cccc(c1Cl)c2ccc(OC(F)(F)F)cc2)S(=O)(=O)c3ccc(OC(C)C(=O)O)c(C)c3C,CHEMBL1760005,EC50,7.6
8133400,CCCCN(c1cccc(c1OC)c2ccc(Cl)cc2)S(=O)(=O)c3ccc(OC(C)C(=O)O)c(C)c3C,CHEMBL1760412,IC50,7.6
8133411,Cc1cc(CN2Cc3ccccc3C2C(=O)Nc4ccc(Cl)cc4Cl)ccc1OCC(=O)O,CHEMBL1643194,EC50,7.6
8133422,OC(=O)Cc1coc2cc(OCc3cc(on3)c4ccc(cc4)C(F)(F)F)ccc12,CHEMBL234168,IC50,7.6
8133433,OC(=O)c1cc(Cl)ccc1NC(=O)c2cccc(c2)S(=O)(=O)N3CCc4ccc(Cl)cc4C3,CHEMBL496726,IC50,7.6
8133444,OC(=O)c1cc(F)ccc1NC(=O)c2cccc(c2)S(=O)(=O)N3CCc4ccccc4C3,CHEMBL519345,IC50,7.6
7854437,CCCc1c(OCCCn2ncc3cc(CC(=O)O)ccc23)ccc4c(noc14)C(F)(F)F,CHEMBL210917,IC50,7.62
3237014,CCOC(C1CC1c2cc(C)c(OC(C)(C)C(=O)O)c(C)c2)c3ccc(OC(F)(F)F)cc3,CHEMBL3103197,EC50,7.62
8133461,Cc1cc(SCc2sc(nc2C)c3ccc(cc3)C(F)(F)F)ccc1OCC(=O)O,CHEMBL38943,EC50,7.62
8133472,OC(=O)Cc1coc2cc(OCc3cccc(COc4ccc(cc4)C(F)(F)F)c3)ccc12,CHEMBL234799,IC50,7.62
8133483,OCCP(=O)(O)OCCC#CC#CCCCCCC\C=C\I,CHEMBL3787648,EC50,7.62
3247425,CCCc1c(OCCCCOc2ccc(OC(C)(C)C(=O)O)cc2)ccc3c(noc13)c4ccccc4,CHEMBL263029,Ki,7.64
5090093,CC[C@@H](Cc1ccc(OC)c(CNC(=O)c2ccc(c(F)c2)C(F)(F)F)c1)C(=O)O,CHEMBL202118,EC50,7.64
8133498,CN(C)C(=O)c1ccc(cc1)c2nc(COc3ccc(OCC(=O)O)c(C)c3)sc2c4ccc(OC(F)(F)F)cc4,CHEMBL1081224,EC50,7.64
8133509,Cc1cc(OCc2cc(on2)c3ccc(Cl)cc3)cc4scc(CC(=O)O)c14,CHEMBL391085,IC50,7.64
3237419,CC(C)(O)C#CCOc1cc(COc2ccc(cc2)C(F)(F)F)ccc1Sc3ccc(OCC(=O)O)c4CCCCc34,CHEMBL506419,Ki,7.66
5090269,CCC(Cc1ccc(OC)c(CNC(=O)c2ccc(cc2F)C(F)(F)F)c1)C(=O)O,CHEMBL387914,EC50,7.68
5089040,CCCc1c(OCCCOc2cccc(CCC(=O)O)c2)ccc3c(noc13)c4ccccc4,CHEMBL368793,Ki,7.68
3240250,CCCc1c(O)c(ccc1OCCCSc2ccc(CC(=O)O)cc2Cl)C(=O)CC,CHEMBL25710,IC50,7.7
3246124,CCCc1c(OCCCCOc2cccc(CC(=O)O)c2)ccc3c(noc13)c4ccccc4,CHEMBL435523,EC50,7.7
8133530,CCCc1cc(OCc2nc(c3ccc(OC)cc3)c(s2)c4ccc(cc4)C(F)(F)F)ccc1OCC(=O)O,CHEMBL1079826,EC50,7.7
8133541,COc1ccc(cc1)c2nc(COc3ccc(OCC(=O)O)c(C)c3)sc2c4ccc(OC(F)(F)F)cc4,CHEMBL1081763,EC50,7.7
8133552,COc1ccc(cc1)c2nc(COc3ccc(OCC(=O)O)c(C)c3)sc2c4ccc5ccccc5c4,CHEMBL1079449,EC50,7.7
8133563,COc1ccc2c(ccn2S(=O)(=O)c3cccc(c3)C(=O)Nc4ccc(C)cc4C(=O)O)c1C,CHEMBL496743,IC50,7.7
8133574,Cc1cc(OCc2sc(nc2C)c3ccc(cc3)C(F)(F)F)ccc1\C=C\C(=O)O,CHEMBL40614,EC50,7.7
8133585,Cc1cc(SCc2ccc(OCc3ccc(cc3)C(F)(F)F)cc2)c(Cl)cc1OCC(=O)O,CHEMBL391478,IC50,7.7
8133596,Cc1ccc(NC(=O)c2cccc(c2)S(=O)(=O)n3ccc4cc(Cl)ccc34)c(c1)C(=O)O,CHEMBL498172,IC50,7.7
8133607,OC(=O)c1cc(Cl)ccc1NC(=O)c2cccc(c2)S(=O)(=O)N3CCc4c(O)cccc4C3,CHEMBL484466,IC50,7.7
8133618,CCCCOc1ccc(cc1CNC(=O)c2ccc(cc2)C(F)(F)F)c3ccc(cc3C)C(=O)O,CHEMBL2413333,IC50,7.72
8133629,Cc1cc(SCc2ccc(OCc3ccc(cc3)C(F)(F)F)cc2)ccc1OCC(=O)O,CHEMBL234660,IC50,7.72
8133640,CCC(C)Oc1ccc(cc1)c2nc(COc3ccc(OCC(=O)O)c(C)c3)sc2c4ccc(OC(F)(F)F)cc4,CHEMBL1081962,EC50,7.75
5089123,CCCc1c(OCCCOc2ccc(\C=C\C(=O)O)cc2)ccc3c(noc13)c4ccccc4,CHEMBL172959,Ki,7.75
8133653,Cc1cc(OCc2nc(c3ccc(cc3)N4CCOCC4)c(s2)c5ccc(cc5)c6ccccc6)ccc1OCC(=O)O,CHEMBL1076163,EC50,7.75
8133664,Cc1cc(OCc2nc(c3ccc(nc3)N4CCOCC4)c(s2)c5ccc(OC(F)(F)F)cc5)ccc1OCC(=O)O,CHEMBL1075835,EC50,7.75
8133675,Cc1cc(OCc2oc(c3ccc(OC(F)(F)F)cc3)c(n2)c4ccc(cc4)C(=O)N5CCCCC5)ccc1OCC(=O)O,CHEMBL1075725,EC50,7.75
8133686,OC(=O)COc1ccc(Sc2ccc(COc3ccc(cc3)C(F)(F)F)cc2Cl)c4CCCCc14,CHEMBL496807,EC50,7.75
8133697,COc1ccc(cn1)c2nc(COc3ccc(OCC(=O)O)c(C)c3)sc2c4ccc(OC(F)(F)F)cc4,CHEMBL1079983,EC50,7.77
8133708,Cc1cc(OCc2nc(c3ccc4OCCOc4c3)c(s2)c5ccc(OC(F)(F)F)cc5)ccc1OCC(=O)O,CHEMBL1079965,EC50,7.77
8133719,Cc1cc(SCC=C(c2ccc(Br)cc2)c3ccc(Br)cc3)ccc1OCC(=O)O,CHEMBL221399,EC50,7.77
8133730,Cc1cc(SC(Cc2cc(F)ccc2F)c3sc(nc3C)c4ccc(cc4)C(F)(F)F)ccc1OCC(=O)O,CHEMBL2035061,EC50,7.78
8133741,CC(C)Oc1ccc(cc1)c2nc(COc3ccc(OCC(=O)O)c(C)c3)sc2c4ccc(cc4)C(F)(F)F,CHEMBL1081546,EC50,7.8
8133752,CC(C)Oc1ccc(cc1)c2nc(COc3ccc(OCC(=O)O)c(C)c3)sc2c4cccc(OC(F)(F)F)c4,CHEMBL1080822,EC50,7.8
8133763,CCCCN(c1cccc(c1C)c2ccc(Cl)cc2)S(=O)(=O)c3ccc(OC(C)C(=O)O)c(c3)C4CCCCC4,CHEMBL1760274,IC50,7.8
8133774,CCCCN(c1cccc(c1C)c2ccc(cc2)C(F)(F)F)S(=O)(=O)c3ccc(OC(C)C(=O)O)c(C)c3C,CHEMBL1760424,IC50,7.8
3243758,COC(C1CC1c2cc(C)c(OC(C)(C)C(=O)O)c(C)c2)c3ccc(cc3)C(F)(F)F,CHEMBL3103195,EC50,7.8
8133787,COc1ccc2c(ccn2S(=O)(=O)c3cccc(c3)C(=O)Nc4ccc(Cl)cc4C(=O)O)c1C,CHEMBL522577,IC50,7.8
8133798,Cc1c(C)c(Sc2ccc(COc3ccc(cc3)C(F)(F)F)cc2OCC#N)ccc1OCC(=O)O,CHEMBL522238,Ki,7.8
8133809,Cc1c(Cl)ccc2CCN(Cc12)S(=O)(=O)c3cccc(c3)C(=O)Nc4ccc(Cl)cc4C(=O)O,CHEMBL496933,IC50,7.8
8133820,Cc1ccc(NC(=O)c2cccc(c2)S(=O)(=O)n3ccc4cccc(Cl)c34)c(c1)C(=O)O,CHEMBL496534,IC50,7.8
3243220,OC(=O)COc1ccc(Sc2ccc(COc3ccc(cc3)C(F)(F)F)cc2OCC#Cc4cccnc4)c5CCCCc15,CHEMBL508733,Ki,7.8
8133833,OC(=O)c1cc(Cl)ccc1NC(=O)c2cccc(c2)S(=O)(=O)N3CCc4ccc(F)cc4C3,CHEMBL498608,IC50,7.8
5090082,CCOc1ccc(CC(CC)C(=O)O)cc1CNC(=O)c2ccc(cc2)C(F)(F)F,CHEMBL425666,EC50,7.82
8133846,Cc1cc(CN2Cc3ccccc3C[C@H]2C(=O)Nc4ccc(Cl)cc4Cl)ccc1OCC(=O)O,CHEMBL1643200,EC50,7.82
8133857,Cc1cc(OCc2nc(c3ccc(OC4CCCC4)cc3)c(s2)c5ccc(OC(F)(F)F)cc5)ccc1OCC(=O)O,CHEMBL1075682,EC50,7.82
8133868,OC(=O)Cc1csc2cc(OCc3cccc(COc4ccc(cc4)C(F)(F)F)c3)ccc12,CHEMBL234588,IC50,7.82
8133879,CC(C)Oc1ccc(cn1)c2nc(COc3ccc(OCC(=O)O)c(C)c3)oc2c4ccc(OC(F)(F)F)cc4,CHEMBL1080699,EC50,7.85
8133890,CC(C)Oc1ncc(cn1)c2nc(COc3ccc(OCC(=O)O)c(C)c3)sc2c4ccc(OC(F)(F)F)cc4,CHEMBL1080172,EC50,7.85
8133901,CCc1ccc(O[C@H](C)CCOc2ccc(CCC(=O)O)c(C)c2)c(c1)c3occc3,CHEMBL391264,IC50,7.85
8133912,COc1ncc(cn1)c2nc(COc3ccc(OCC(=O)O)c(C)c3)oc2c4ccc(OC(F)(F)F)cc4,CHEMBL1080184,EC50,7.85
8133923,Cc1nc(sc1COc2ccc3c(CC(=O)O)coc3c2)c4ccc(cc4)C(F)(F)F,CHEMBL265868,IC50,7.85
8133934,CC(C)Oc1ccc(cc1)c2nc(COc3ccc(OCC(=O)O)c(C)c3)oc2c4ccc(OC(F)(F)F)cc4,CHEMBL1080368,EC50,7.89
8133945,CCCCOc1ccc(cc1CNC(=O)c2ccc(cc2)C(F)(F)F)c3ccc(cc3Cl)C(=O)O,CHEMBL2413327,IC50,7.89
8133956,CCCc1ccc(cc1)c2sc(COc3ccc(OCC(=O)O)c(C)c3)nc2c4ccc(OC(C)C)cc4,CHEMBL1080823,EC50,7.89
8133967,CCc1ccc(O[C@H](C)CCOc2ccc(CCC(=O)O)c(C)c2)c(c1)c3cocn3,CHEMBL241298,IC50,7.89
8133978,Cc1cc(OCc2nc(c3ccc4OCCCOc4c3)c(s2)c5ccc(OC(F)(F)F)cc5)ccc1OCC(=O)O,CHEMBL1075703,EC50,7.89
8133989,Cc1cc(SC(Cc2ccccc2)c3sc(nc3C)c4ccc(cc4)C(F)(F)F)ccc1OCC(=O)O,CHEMBL2037577,EC50,7.89
8134000,OC(=O)Cn1ccc2cc(OCc3cccc(COc4ccc(cc4)C(F)(F)F)c3)ccc12,CHEMBL231689,IC50,7.89
8134011,CCCCN(c1cccc(c1C)c2ccc(Cl)cc2)S(=O)(=O)c3ccc(OCC(=O)O)c(C)c3C,CHEMBL1760268,IC50,7.9
8134022,COc1ccc2c(ccn2S(=O)(=O)c3cccc(c3)C(=O)Nc4ccc(Cl)cc4C(=O)O)c1,CHEMBL497789,IC50,7.9
8134033,COc1ccc2ccn(c2c1)S(=O)(=O)c3cccc(c3)C(=O)Nc4ccc(Cl)cc4C(=O)O,CHEMBL497991,IC50,7.9
8134044,COc1cccc2CN(CCc12)S(=O)(=O)c3cccc(c3)C(=O)Nc4ccc(Cl)cc4C(=O)O,CHEMBL520827,IC50,7.9
8134055,Cc1ccc(NC(=O)c2cccc(c2)S(=O)(=O)N3CCc4ccccc4C3)c(c1)C(=O)O,CHEMBL485087,IC50,7.9
8134066,CC(C)Oc1ccc(cn1)c2nc(COc3ccc(OCC(=O)O)c(C)c3)sc2c4ccc(OC(F)(F)F)cc4,CHEMBL1079505,EC50,7.92
3236803,CCCc1c(OCCCSc2ccc(CC(=O)O)cc2Cl)ccc3c(CC)noc13,CHEMBL279053,EC50,7.92
8134079,CCc1ccc(O[C@H](C)CCOc2ccc(CCC(=O)O)c(C)c2)c(c1)c3nccs3,CHEMBL400024,IC50,7.92
3245718,COc1ccc(C(=O)NCc2cccc(Oc3ccc(OC(C)(C)C(=O)O)c(C)c3)c2)c(C)c1,CHEMBL237306,IC50,7.92
8134092,Cc1cc(OCc2oc(c3ccc(OC(F)(F)F)cc3)c(n2)c4ccc(OC5CCCC5)cc4)ccc1OCC(=O)O,CHEMBL1075683,EC50,7.92
8134103,Cc1cc(Oc2cccc(CNC(=O)c3cc4c(Cl)cccc4[nH]3)c2)ccc1CCC(=O)O,CHEMBL392718,IC50,7.92
8134114,Cc1cc(SC(CCCCCc2ccccc2)c3sc(nc3C)c4ccc(cc4)C(F)(F)F)ccc1OCC(=O)O,CHEMBL2037581,EC50,7.94
3237430,CCC#CCOc1cc(COc2ccc(cn2)C(F)(F)F)ccc1Sc3ccc(OCC(=O)O)c4CCCCc34,CHEMBL501982,Ki,7.96
5090126,CCCc1c(OCCOc2ccc(CCC(=O)O)cc2)ccc3c(noc13)c4ccccc4,CHEMBL427299,Ki,7.96
8134129,COCCOc1cc(COc2ccc(cc2)C(F)(F)F)ccc1Sc3ccc(OCC(=O)O)c(C)c3C,CHEMBL495818,Ki,7.96
8134140,OC(=O)Cc1csc2cc(OCc3cc(on3)c4ccc(cc4)C(F)(F)F)ccc12,CHEMBL391457,IC50,7.96
8134151,OC(=O)COc1ccc(SCc2ccccc2OCc3ccc(cc3)C(F)(F)F)c4CCCc14,CHEMBL234665,IC50,7.98
8134162,CC(C)Oc1ccc(cc1)c2nc(COc3ccc(OCC(=O)O)c(C)c3)sc2c4ccc(OC(F)(F)F)cc4,CHEMBL1080349,EC50,8.0
8134173,CC(C)Oc1ccc(cc1)c2nc(COc3ccc(OCC(=O)O)c(C)c3)sc2c4ccc(cc4)c5ccccc5,CHEMBL1076162,EC50,8.0
8134184,CCCCN(c1cccc(c1Cl)c2ccc(cc2)C(F)(F)F)S(=O)(=O)c3ccc(OC(C)C(=O)O)c(C)c3C,CHEMBL1760428,EC50,8.0
3241375,CCCc1c(O)c(ccc1OCCCSc2ccc(CC(=O)O)cc2Cl)\C(=N\O)\CC,CHEMBL23874,IC50,8.0
3243322,CCCc1c(OCCCSc2ccc(CC(=O)O)cc2Cl)ccc3c(noc13)C(F)(F)F,CHEMBL23296,IC50,8.0
8134199,CCCc1ccc(cc1)c2oc(COc3ccc(OCC(=O)O)c(C)c3)nc2c4ccc(OC)cc4,CHEMBL1079910,EC50,8.0
8134210,CCCc1ccc(cc1)c2oc(COc3ccc(OCC(=O)O)c(C)c3)nc2c4cnc(OC)nc4,CHEMBL1080109,EC50,8.0
8134221,COc1ccc(cc1)c2nc(COc3ccc(OCC(=O)O)c(C)c3)oc2c4ccc(OC(F)(F)F)cc4,CHEMBL1082114,EC50,8.0
8134232,COc1ccc(cc1)c2nc(COc3ccc(OCC(=O)O)c(C)c3)oc2c4ccc(cc4)C(F)(F)F,CHEMBL1081601,EC50,8.0
8134243,COc1ccc(cc1)c2nc(COc3ccc(OCC(=O)O)c(C)c3)oc2c4ccc(cc4)c5ccccc5,CHEMBL1079911,EC50,8.0
8134254,COc1ccc(cc1)c2nc(COc3ccc(OCC(=O)O)c(C)c3)sc2c4ccc(cc4)c5ccccc5,CHEMBL1082137,EC50,8.0
8134265,COc1ccc(cn1)c2nc(COc3ccc(OCC(=O)O)c(C)c3)oc2c4ccc(OC(F)(F)F)cc4,CHEMBL1082118,EC50,8.0
8134276,COc1ccc2CN(CCc2c1)S(=O)(=O)c3cccc(c3)C(=O)Nc4ccc(Cl)cc4C(=O)O,CHEMBL524829,IC50,8.0
8134287,COc1cccc2c1ccn2S(=O)(=O)c3cccc(c3)C(=O)Nc4ccc(C)cc4C(=O)O,CHEMBL525366,IC50,8.0
8134298,Cc1cc(OCc2cc(cc(c2)c3ccc(cc3)C(F)(F)F)c4ccc(cc4)C(F)(F)F)ccc1OCC(=O)O,CHEMBL210469,EC50,8.0
8134309,Cc1cc(SCc2oc(nc2C)c3ccc(cc3)C(F)(F)F)ccc1OCC(=O)O,CHEMBL289887,EC50,8.0
8134320,Cc1ccc(NC(=O)c2cccc(c2)S(=O)(=O)n3ccc4c(Br)cccc34)c(c1)C(=O)O,CHEMBL495905,IC50,8.0
8134331,Cc1ccc(NC(=O)c2cccc(c2)S(=O)(=O)n3ccc4cc(C)ccc34)c(c1)C(=O)O,CHEMBL498171,IC50,8.0
8134342,Cc1ccc(NC(=O)c2cccc(c2)S(=O)(=O)n3ccc4ccc(C)cc34)c(c1)C(=O)O,CHEMBL522575,IC50,8.0
8134353,OC(=O)COc1ccc(SCc2ccc(OCc3ccc(cc3)C(F)(F)F)cc2)c4CCCc14,CHEMBL232397,IC50,8.0
8134364,OC(=O)COc1cccc2CN(CCc12)S(=O)(=O)c3cccc(c3)C(=O)Nc4ccc(Cl)cc4C(=O)O,CHEMBL498401,IC50,8.0
8134375,Cc1cc(SC(Cc2ccc(cc2)C(F)(F)F)c3sc(nc3C)c4ccc(cc4)C(F)(F)F)ccc1OCC(=O)O,CHEMBL2037585,EC50,8.03
8134386,CCCC(CCOc1ccc(CCC(=O)O)c(C)c1)Oc2ccc(CC)cc2C(=O)c3ccccc3,CHEMBL212023,IC50,8.05
8134397,CCc1ccc(O[C@H](C)CCOc2ccc(CCC(=O)O)c(C)c2)c(c1)c3cccs3,CHEMBL241078,IC50,8.05
3243769,COCC#CCOc1cc(COc2ccc(cc2)C(F)(F)F)ccc1Sc3ccc(OCC(=O)O)c4CCCCc34,CHEMBL503072,Ki,8.05
3242154,Cc1cc(Oc2cccc(CNC(=O)c3cc4cccc(Br)c4[nH]3)c2)ccc1CCC(=O)O,CHEMBL236218,IC50,8.05
8134412,CCCCOc1ccc(C[C@@H](CC)C(=O)O)cc1CNC(=O)c2ccc(cc2F)C(F)(F)F,CHEMBL427071,EC50,8.07
8134423,Cc1cc(SC(Cc2c(F)c(F)c(F)c(F)c2F)c3sc(nc3C)c4ccc(cc4)C(F)(F)F)ccc1OCC(=O)O,CHEMBL2035063,EC50,8.09
8134434,CCCCN(c1cccc(c1Cl)c2ccc(Cl)cc2)S(=O)(=O)c3ccc(OC(C)C(=O)O)c(C)c3C,CHEMBL1760411,IC50,8.1
5089889,CCCc1c(OCCCOc2ccc(CC(=O)O)cc2)ccc3c(noc13)C(F)(F)F,CHEMBL210973,IC50,8.1
3237079,CCCc1c(OCCCSc2ccc(CC(=O)O)cc2Cl)ccc3c(coc13)c4ccccc4,CHEMBL278994,EC50,8.1
3240779,CCc1ccc(OC(C)CCOc2ccc(CCC(=O)O)c(C)c2)c(Cc3ccccc3)c1,CHEMBL212591,IC50,8.1
8134451,CCc1ccc(O[C@H](C)CCOc2ccc(CCC(=O)O)c(C)c2)c(c1)c3ccsc3,CHEMBL392063,IC50,8.1
8134462,COCCCOc1cc(COc2ccc(cc2)C(F)(F)F)ccc1Sc3ccc(OCC(=O)O)c(C)c3C,CHEMBL495817,Ki,8.1
8134473,Cc1cc(OCc2oc(c3ccc(cc3)c4ccccc4)c(n2)c5cccnc5)ccc1OCC(=O)O,CHEMBL1079752,EC50,8.1
8134484,OC(=O)c1cc(Br)ccc1NC(=O)c2cccc(c2)S(=O)(=O)N3CCc4ccccc4C3,CHEMBL484266,IC50,8.1
8134495,OC(=O)c1cc(Cl)ccc1NC(=O)c2cccc(c2)S(=O)(=O)N3CCc4ccccc4C3,CHEMBL485088,IC50,8.1
8134506,OC(=O)Cc1csc2cc(OCc3cc(on3)c4ccc(Cl)cc4)ccc12,CHEMBL233978,IC50,8.11
3245038,CCc1ccc(OC(C)CCOc2ccc(CCC(=O)O)c(C)c2)c(c1)C(=O)c3ccccc3,CHEMBL378068,IC50,8.16
8134519,Cc1cc(OCc2oc(c3ccc(OC(F)(F)F)cc3)c(n2)c4cccnc4)ccc1OCC(=O)O,CHEMBL1080173,EC50,8.16
5087729,CCCOc1ccc(CC(CC)C(=O)O)cc1CNC(=O)c2ccc(cc2)C(F)(F)F,CHEMBL229778,EC50,8.17
8134532,Cc1cc(SC(Cc2cc(F)c(F)c(F)c2)c3sc(nc3C)c4ccc(cc4)C(F)(F)F)ccc1OCC(=O)O,CHEMBL2035062,EC50,8.17
8134543,Cc1nc(sc1COc2ccc3c(ccn3CC(=O)O)c2)C(F)(F)F,CHEMBL234801,IC50,8.17
8134554,COc1cccc2c1ccn2S(=O)(=O)c3cccc(c3)C(=O)Nc4ccc(Cl)cc4C(=O)O,CHEMBL496744,IC50,8.2
8134565,Cc1ccc(NC(=O)c2cccc(c2)S(=O)(=O)n3ccc4c(C)cccc34)c(c1)C(=O)O,CHEMBL495904,IC50,8.2
3244038,CCC(CCOc1ccc(CCC(=O)O)c(C)c1)Oc2ccc(CC)cc2C(=O)c3ccccc3,CHEMBL215127,IC50,8.22
3242072,CCc1ccc(OCCCOc2ccc(OC(C)(C)C(=O)O)cc2)c(c1)C(=O)c3ccccc3,CHEMBL213314,IC50,8.22
3237731,C[C@H](O)C#CCOc1cc(COc2ccc(cc2)C(F)(F)F)ccc1Sc3ccc(OCC(=O)O)c4CCCCc34,CHEMBL502521,Ki,8.22
8134582,Cc1cc(OCc2nc(c3ccc(cc3)C(=O)N4CCCCC4)c(s2)c5ccc(OC(F)(F)F)cc5)ccc1OCC(=O)O,CHEMBL1075724,EC50,8.22
3245614,Cc1cc(Oc2cccc(CNC(=O)c3ccc(Cl)cc3C)c2)ccc1OC(C)(C)C(=O)O,CHEMBL237086,IC50,8.22
3244166,Cc1cc(Oc2cccc(CNC(=O)c3ccc(cc3)C(F)(F)F)c2)ccc1OC(C)(C)C(=O)O,CHEMBL392058,IC50,8.22
8134597,Cc1cc(SC(CCCc2ccccc2)c3sc(nc3C)c4ccc(cc4)C(F)(F)F)ccc1OCC(=O)O,CHEMBL2037579,EC50,8.22
3244328,Cc1ccc(Oc2ccc(OC(C)(C)C(=O)O)c(C)c2)cc1CNC(=O)c3ccc(cc3F)C(F)(F)F,CHEMBL237519,IC50,8.22
8134610,CCCCOc1ccc(CC(CCC)C(=O)O)cc1CNC(=O)c2ccc(cc2F)C(F)(F)F,CHEMBL229573,EC50,8.29
3242514,CCCc1c(OCCCOc2ccc(CC(=O)O)cc2)ccc3c(noc13)c4ccccc4,CHEMBL173285,Ki,8.3
3241977,CCc1cc(Oc2cc(F)cc(c2)[C@@H](C)NC(=O)c3c(C)c4cc(Cl)ccc4n3C)ccc1CCC(=O)O,CHEMBL238357,IC50,8.3
3241148,CCc1cc(Oc2cc(F)cc(c2)[C@@H](C)NC(=O)c3sc4ccc(Cl)cc4c3C)ccc1CCC(=O)O,CHEMBL401236,IC50,8.3
3246146,CCc1ccc(OC(C)CCOc2ccc(OC(C)(C)C(=O)O)cc2)c(c1)C(=O)c3ccccc3,CHEMBL215582,IC50,8.3
8134629,CCc1ccc(O[C@H](C)CCOc2ccc(CCC(=O)O)c(C)c2)c(c1)c3ccccc3,CHEMBL393926,IC50,8.3
3240646,CCc1ccc(O[C@H](C)CCOc2ccc(CCC(=O)O)c(C)c2)c(c1)c3cccnc3,CHEMBL241472,IC50,8.3
8134642,CCc1ccc(O[C@H](C)CCOc2ccc(CCC(=O)O)c(C)c2)c(c1)c3ccncc3,CHEMBL391283,IC50,8.3
8134653,CCc1ccc(O[C@H](C)CCOc2ccc(CCC(=O)O)c(C)c2)c(c1)c3occn3,CHEMBL391470,IC50,8.3
3246178,C[C@H](CCOc1ccc(CCC(=O)O)c(C)c1)Oc2ccc(OC(F)(F)F)cc2Oc3ccccc3,CHEMBL214921,IC50,8.3
3246189,C[C@H](CCOc1ccc(CCC(=O)O)c(C)c1)Oc2ccc(cc2Oc3ccccc3)C(F)(F)F,CHEMBL213315,IC50,8.3
3240688,C[C@H](CCOc1ccc(CCC(=O)O)c(c1)C(F)(F)F)Oc2ccc(Cl)cc2Oc3ccccc3,CHEMBL213361,IC50,8.3
3245080,Cc1cc(CNC(=O)c2ccc(cc2F)C(F)(F)F)cc(Oc3ccc(OC(C)(C)C(=O)O)c(C)c3)c1,CHEMBL237518,IC50,8.3
3237036,Cc1cc(Oc2cccc(CNC(=O)c3cc4cc(Cl)c(Cl)cc4[nH]3)c2)ccc1CCC(=O)O,CHEMBL399217,IC50,8.3
8134674,Cc1cc(Oc2cccc(CNC(=O)c3ccc(cc3C)C(F)(F)F)c2)ccc1CCC(=O)O,CHEMBL237730,IC50,8.3
8134685,OC(=O)c1cc(ccc1NC(=O)c2cccc(c2)S(=O)(=O)N3CCc4ccccc4C3)C(F)(F)F,CHEMBL522619,IC50,8.3
8134696,OC(=O)c1ccc(Br)cc1NC(=O)c2cccc(c2)S(=O)(=O)N3CCc4ccccc4C3,CHEMBL484467,IC50,8.3
8134707,CCCCOc1ccc(CC(CC)C(=O)O)cc1CNC(=O)c2ccc(cc2)C(F)(F)F,CHEMBL389903,EC50,8.32
8134718,COc1ccc(CC(Sc2ccc(OCC(=O)O)c(C)c2)c3sc(nc3C)c4ccc(cc4)C(F)(F)F)cc1,CHEMBL2037586,EC50,8.32
3243465,CCCc1c(OCCCOc2ccc(OC(C)C(=O)O)cc2)ccc3c(noc13)c4ccccc4,CHEMBL172490,Ki,8.34
8134731,Cc1cc(SC(Cc2ccc(F)cc2F)c3sc(nc3C)c4ccc(cc4)C(F)(F)F)ccc1OCC(=O)O,CHEMBL2035060,EC50,8.34
8134742,Cc1cc(SC(Cc2ccc(cc2)c3ccccc3)c4sc(nc4C)c5ccc(cc5)C(F)(F)F)ccc1OCC(=O)O,CHEMBL2035064,EC50,8.36
7854670,CCCc1c(OCCCOc2ccc(CC(=O)O)cc2Cl)ccc3c(noc13)C(F)(F)F,CHEMBL210768,IC50,8.4
3243954,CCc1cc(OCC[C@@H](C)Oc2ccc(Cl)cc2Oc3ccccc3)ccc1CCC(=O)O,CHEMBL215701,IC50,8.4
3245358,CCc1cc(ccc1C(=O)NCc2cccc(Oc3ccc(OC(C)(C)C(=O)O)c(C)c3)c2)C(F)(F)F,CHEMBL236875,IC50,8.4
3246157,CCc1ccc(O[C@H](C)CCOc2ccc(CCC(=O)O)c(C)c2)c(Oc3ccccc3)c1,CHEMBL377660,IC50,8.4
3241635,COCCC#CCOc1cc(COc2ccc(cc2)C(F)(F)F)ccc1Sc3ccc(OCC(=O)O)c4CCCCc34,CHEMBL511100,Ki,8.4
3245904,COc1cc(ccc1C(=O)NCc2cccc(Oc3ccc(OC(C)(C)C(=O)O)c(C)c3)c2)C(F)(F)F,CHEMBL237085,IC50,8.4
3244594,C[C@H](CCOc1ccc(CCC(=O)O)c(C)c1)Oc2ccc(Cl)cc2Oc3ccccc3,CHEMBL214026,IC50,8.4
3243800,C[C@H](CCOc1ccc(CCC(=O)O)c(C)c1)Oc2ccc(cc2c3ccccn3)C(F)(F)F,CHEMBL241478,IC50,8.4
3240507,C[C@H](CCOc1ccc(CCC(=O)O)c(F)c1)Oc2ccc(Cl)cc2Oc3ccccc3,CHEMBL215245,IC50,8.4
3245787,Cc1cc(Oc2cccc(CNC(=O)c3cc4cc(Br)ccc4[nH]3)c2)ccc1CCC(=O)O,CHEMBL237485,IC50,8.4
3245102,Cc1cc(Oc2cccc(CNC(=O)c3ccc(cc3F)C(F)(F)F)c2)ccc1OC(C)(C)C(=O)O,CHEMBL236876,IC50,8.4
3245977,Cc1ccc(C(=O)NCc2cccc(Oc3ccc(OC(C)(C)C(=O)O)c(C)c3)c2)c(C)c1,CHEMBL393939,IC50,8.4
8134777,Cc1ccc(NC(=O)c2cccc(c2)S(=O)(=O)n3ccc4cccc(C)c34)c(c1)C(=O)O,CHEMBL522224,IC50,8.4
8134788,OC(=O)c1cccc2CN(CCc12)S(=O)(=O)c3cccc(c3)C(=O)Nc4ccc(Cl)cc4C(=O)O,CHEMBL496136,IC50,8.4
3242335,CCCc1c(OCCCOc2ccc(OCC(=O)O)cc2)ccc3c(noc13)c4ccccc4,CHEMBL173494,Ki,8.43
3245177,CCCc1c(OCCCSc2ccc(CC(=O)O)cc2Cl)ccc3c(noc13)c4ccccc4,CHEMBL367019,Ki,8.43
8134803,OC(=O)Cc1csc2cc(OCc3ccc(COc4ccc(cc4)C(F)(F)F)cc3)ccc12,CHEMBL234589,IC50,8.44
8134814,Cc1nc(sc1COc2ccc3c(CC(=O)O)csc3c2)c4ccc(cc4)C(F)(F)F,CHEMBL233976,IC50,8.51
3244383,CCc1cc(OCC[C@@H](C)Oc2ccc(cc2c3ccccn3)C(F)(F)F)ccc1CCC(=O)O,CHEMBL238970,IC50,8.52
3246429,CCc1ccc(O[C@H](C)CCOc2ccc(CCC(=O)O)c(C)c2)c(c1)C(=O)c3ccccc3,CHEMBL212911,IC50,8.52
3241528,CCc1ccc(O[C@H](C)CCOc2ccc(CCC(=O)O)c(C)c2)c(c1)c3ccccn3,CHEMBL241471,IC50,8.52
8134831,CCc1ccc(O[C@H](C)CCOc2ccc(CCC(=O)O)c(C)c2)c(c1)c3cscn3,CHEMBL241286,IC50,8.52
3242251,CCc1ccc(O[C@H](C)CCOc2ccc(CCC(=O)O)c(CC)c2)c(c1)c3ccccn3,CHEMBL241479,IC50,8.52
8134844,Cc1cc(CN(CC(=O)Nc2ccc(Cl)cc2Cl)C3CCCCC3)ccc1OCC(=O)O,CHEMBL1081917,EC50,8.52
8134855,Cc1cc(OCc2nc(c3cnc(nc3)N4CCOCC4)c(s2)c5ccc(OC(F)(F)F)cc5)ccc1OCC(=O)O,CHEMBL1075836,EC50,8.52
3245765,Cc1cc(Oc2cc(F)cc(CNC(=O)c3ccc(cc3F)C(F)(F)F)c2)ccc1OC(C)(C)C(=O)O,CHEMBL392717,IC50,8.52
3245776,Cc1cc(Oc2ccc(F)c(CNC(=O)c3ccc(cc3F)C(F)(F)F)c2)ccc1OC(C)(C)C(=O)O,CHEMBL237520,IC50,8.52
3243006,Cc1cc(Oc2cccc(CNC(=O)c3[nH]c4ccc(Cl)cc4c3C)c2)ccc1CCC(=O)O,CHEMBL235143,IC50,8.52
3242282,Cc1cc(Oc2cccc(CNC(=O)c3c(C)c4cc(Cl)ccc4n3C)c2)ccc1CCC(=O)O,CHEMBL238152,IC50,8.52
3244917,Cc1cc(Oc2cccc(CNC(=O)c3cc4cc(Cl)ccc4[nH]3)c2)ccc1CCC(=O)O,CHEMBL237277,IC50,8.52
3237003,Cc1cc(Oc2cccc(CNC(=O)c3cc4cc(Cl)ccc4n3C)c2)ccc1CCC(=O)O,CHEMBL399417,IC50,8.52
8134878,Cc1cc(Oc2cccc(CNC(=O)c3cc4ccc(Cl)cc4[nH]3)c2)ccc1CCC(=O)O,CHEMBL237484,IC50,8.52
3245091,Cc1cc(Oc2cccc(CNC(=O)c3ccc(cc3Br)C(F)(F)F)c2)ccc1OC(C)(C)C(=O)O,CHEMBL236877,IC50,8.52
3245625,Cc1cc(Oc2cccc(CNC(=O)c3ccc(cc3C)C(F)(F)F)c2)ccc1OC(C)(C)C(=O)O,CHEMBL236664,IC50,8.52
3244643,Cc1cc(Oc2cccc(CNC(=O)c3ccc(cc3Cl)C(F)(F)F)c2)ccc1OC(C)(C)C(=O)O,CHEMBL393938,IC50,8.52
3246540,Cc1ccc(CNC(=O)c2ccc(cc2F)C(F)(F)F)cc1Oc3ccc(OC(C)(C)C(=O)O)c(C)c3,CHEMBL237307,IC50,8.52
8134897,Cc1cc(SC(Cc2c(Cl)cccc2Cl)c3sc(nc3C)c4ccc(cc4)C(F)(F)F)ccc1OCC(=O)O,CHEMBL2035059,EC50,8.55
8134908,Cc1nc(sc1CSc2ccc3c(ccn3CC(=O)O)c2)C(F)(F)F,CHEMBL231690,IC50,8.55
8134919,Cc1cc(SC(CCc2ccccc2)c3sc(nc3C)c4ccc(cc4)C(F)(F)F)ccc1OCC(=O)O,CHEMBL2037578,EC50,8.59
8134930,CCCCC(Sc1ccc(OCC(=O)O)c(C)c1)c2sc(nc2C)c3ccc(cc3)C(F)(F)F,CHEMBL2035070,EC50,8.64
8134941,Cc1cc(SC(Cc2c(F)cccc2F)c3sc(nc3C)c4ccc(cc4)C(F)(F)F)ccc1OCC(=O)O,CHEMBL2037588,EC50,8.68
8134952,CC(C)N(C)C(=O)c1ccc(cc1)c2nc(COc3ccc(OCC(=O)O)c(C)c3)sc2c4ccc(OC(F)(F)F)cc4,CHEMBL1075723,EC50,8.7
3242525,CCCc1c(OCCCOc2ccc(CCC(=O)O)cc2)ccc3c(noc13)c4ccccc4,CHEMBL435704,Ki,8.7
3237322,C[C@H](CCOc1ccc(CCC(=O)O)c(C)c1)Oc2ccc(Cl)cc2c3ccccn3,CHEMBL241299,IC50,8.7
8134967,Cc1cc(OCc2oc(c3ccc(OC(F)(F)F)cc3)c(n2)c4ccc(nc4)N5CCOCC5)ccc1OCC(=O)O,CHEMBL1075894,EC50,8.7
8134978,OCC#CCOc1cc(COc2ccc(cc2)C(F)(F)F)ccc1Sc3ccc(OCC(=O)O)c4CCCCc34,CHEMBL525989,Ki,8.7
8134989,CCCCOc1ccc(CC(CC)C(=O)O)cc1CNC(=O)c2ccc(cc2F)C(F)(F)F,CHEMBL229836,EC50,8.72
8135000,CCC(Sc1ccc(OCC(=O)O)c(C)c1)c2sc(nc2C)c3ccc(cc3)C(F)(F)F,CHEMBL2035068,EC50,8.75
5089293,CCCOc1ccc(CC(CC)C(=O)O)cc1CNC(=O)c2ccc(cc2F)C(F)(F)F,CHEMBL376165,EC50,8.77
5090475,COc1cc(OCC(=O)O)c(C)cc1SCc2ccc(OCc3ccc(cc3)C(F)(F)F)cc2,CHEMBL234659,IC50,8.77
8135015,OC(=O)COc1ccc(SCc2cc(F)ccc2OCc3ccc(cc3)C(F)(F)F)c4CCCc14,CHEMBL232400,IC50,8.77
8135026,C[C@@H]1CN(C[C@H](C)N1S(=O)(=O)c2cccc3C[C@@H](Cc23)C(=O)O)c4ccc(OC(F)(F)F)cc4,CHEMBL3787155,EC50,8.82
8135037,Cc1cc(SC(Cc2c(F)cccc2C(F)(F)F)c3sc(nc3C)c4ccc(cc4)C(F)(F)F)ccc1OCC(=O)O,CHEMBL2035058,EC50,8.92
8135048,Cc1cc(SC(Cc2c(F)cccc2Cl)c3sc(nc3C)c4ccc(cc4)C(F)(F)F)ccc1OCC(=O)O,CHEMBL2037587,EC50,8.92
8135059,FC(F)(F)c1ccc(nc1)S(=O)(=O)CCNC(=O)c2ccc(Cl)cc2,CHEMBL598608,IC50,8.92
8135070,CC(C)CC(Sc1ccc(OCC(=O)O)c(C)c1)c2sc(nc2C)c3ccc(cc3)C(F)(F)F,CHEMBL2035071,EC50,8.96
8135081,Cc1cc(SC(CC2CC2)c3sc(nc3C)c4ccc(cc4)C(F)(F)F)ccc1OCC(=O)O,CHEMBL2035057,EC50,8.96
8135092,Cc1cc(SCc2cnc(s2)c3ccc(cc3)C(F)(F)F)ccc1OCC(=O)O,CHEMBL3786754,EC50,8.96
8135103,CC(C)N(C)C(=O)c1ccc(cc1)c2nc(COc3ccc(OCC(=O)O)c(C)c3)oc2c4ccc(OC(F)(F)F)cc4,CHEMBL1075732,EC50,9.0
8135114,CC(C)N(Cc1cccc2C=CC(C)(C)Oc12)C(=O)c3ccc(cc3)c4ccccc4,CHEMBL193426,EC50,9.0
8135125,CC(C)Oc1ncc(cn1)c2nc(COc3ccc(OCC(=O)O)c(C)c3)oc2c4ccc(OC(F)(F)F)cc4,CHEMBL1080365,EC50,9.0
5089453,CCCC(Sc1ccc(OCC(=O)O)c(C)c1)c2sc(nc2C)c3ccc(cc3)C(F)(F)F,CHEMBL2035069,EC50,9.0
8135138,Cc1cc(OCc2oc(c3ccc(OC(F)(F)F)cc3)c(n2)c4cnc(nc4)N5CCOCC5)ccc1OCC(=O)O,CHEMBL1075895,EC50,9.0
8135149,Cc1cc(SCc2cnc(s2)c3ccc(c(F)c3)C(F)(F)F)ccc1OCC(=O)O,CHEMBL3786533,EC50,9.0
8135160,CCCCOc1ccc(C[C@H](CC)C(=O)O)cc1CNC(=O)c2ccc(cc2F)C(F)(F)F,CHEMBL375471,EC50,9.04
3241721,OCCC#CCOc1cc(COc2ccc(cc2)C(F)(F)F)ccc1Sc3ccc(OCC(=O)O)c4CCCCc34,CHEMBL499312,Ki,9.22
8135173,Cc1cc(CN2Cc3ccccc3C[C@@H]2C(=O)Nc4ccc(Cl)cc4Cl)ccc1OCC(=O)O,CHEMBL1643201,EC50,9.3
