id,smiles,name,assay_type,activity_value
3236623,CCO[C@@H](CC1=CC=C(OCCN2C(C)=CC=C2C2=CC=C(SC)C=C2)C=C1)C(O)=O,saroglitazar,EC50,8.52287865
3236634,[H]C1(CC2=CC=C(OCC3(C)CCC4=C(C)C(O)=C(C)C(C)=C4O3)C=C2)SC(=O)NC1=O,troglitazone,EC50,6.27
371348,CN(CCOc1ccc(CC2SC(=O)NC2=O)cc1)c3ccccn3,rosiglitazone,EC50,7.04
372697,CCc1ccc(CCOc2ccc(CC3SC(=O)NC3=O)cc2)nc1,pioglitazone,EC50,6.23
3236654,OC(=O)C1=CC(=CC=C1O)N=NC1=CC(C(O)=O)=C(O)C=C1,olsalazine,N/A,N/A
3236663,OC(=O)CCNC(=O)C1=CC=C(C=C1)\N=N\C1=CC=C(O)C(=C1)C(O)=O,balsalazide,N/A,N/A
881229,Nc1ccc(O)c(c1)C(=O)O,mesalazine,IC50,1.82000005
3236676,[H]C1(CC2=CC=C(OCCN(C)C3=NC=NC(OC4=CC=C(OC)C=C4)=C3)C=C2)SC(=O)NC1=O,lobeglitazone,EC50,7.74472761
3236761,CC(C)c1cccc(c1)[C@H](C)NC(=O)c2ccc3c(c2)c(C)c(C)n3Cc4ccc(OC(C)(C)C(=O)O)cc4,CHEMBL3678124,IC50,7.0
3236771,CC(C)c1cccc(c1)[C@H](NC(=O)c2ccc3c(c2)c(C)c(C)n3Cc4ccc(cc4)c5ccccc5C(=O)O)C(F)(F)F,CHEMBL3736263,EC50,7.0
3236781,CCC(NC(=O)c1ccc2c(c1)c(C)c(C)n2Cc3ccccc3c4cccc(c4)C(=O)O)c5ccccc5,CHEMBL3695853,IC50,7.0
3236791,CCCc1c(OCCCCOc2cccc(c2)C(=O)O)ccc3c(noc13)c4ccccc4,CHEMBL369053,Ki,7.0
3236803,CCCc1c(OCCCSc2ccc(CC(=O)O)cc2Cl)ccc3c(CC)noc13,CHEMBL279053,EC50,7.0
3236814,CCCc1cc(Oc2ccccc2)ccc1OCCCOc3ccc(cc3C)C4SC(=O)NC4=O,CHEMBL54097,EC50,7.0
3236824,CCCc1cc2N(CC)C(=O)Oc2c(CCC)c1O[C@H](C(=O)O)c3ccc(cc3)C(C)C,CHEMBL364378,IC50,7.0
3236835,CC[C@H](NC(=O)c1ccc2c(c1)c(C)c(C)n2Cc3ccc(cc3)c4ccccc4C(=O)O)c5cccc(c5)C(C)C,CHEMBL3695916,EC50,7.0
3236845,CC[C@H](NC(=O)c1ccc2c(ccn2Cc3ccccc3c4ccc(cc4)C(=O)O)c1)c5ccccc5,CHEMBL3695907,IC50,7.0
3236855,CN(C)CCOc1cccc(c1)C(=O)NC[C@H](Cc2ccc(OCCc3nc(oc3C)c4ccccc4)cc2)Nc5ccccc5C(=O)c6ccccc6,CHEMBL267996,Ki,7.0
3236868,COc1ccc(cc1)N2[C@@H]([C@H](Cc3cccc(OCCc4nc(oc4C)c5ccccc5)c3)C2=O)C(=O)O,CHEMBL271240,IC50,7.0
3236879,COc1ccc2c(Oc3cccc(c3)C(F)(F)F)c(C(=O)O)n(c4ccc(cc4)C(C)(C)C)c2n1,CHEMBL372091,IC50,7.0
3236890,Cc1oc(nc1CCOc2ccc(C[C@@H](CNC(=O)CNC(=O)c3cccc(CO)c3)Nc4ccccc4C(=O)c5ccccc5)cc2)c6ccccc6,CHEMBL396220,Ki,7.0
3236901,Clc1ccc(c(Cl)c1)S(=O)(=O)Nc2ccc(Oc3cnc4ccccc4c3)c(Cl)c2,CHEMBL2338472,EC50,7.0
3236912,FC(F)(F)c1cc(NS(=O)(=O)c2ccc(Cl)cc2Cl)cc(c1Oc3cncc(Cl)c3)C(F)(F)F,CHEMBL2338478,EC50,7.0
3236923,O=C1NC(=O)C(=Cc2ccc(OCc3ccccc3)cc2)C(=O)N1,CHEMBL3754507,IC50,7.0
3236934,[Li+].[O-]C(=O)c1cc(Oc2ncccn2)ccc1NC(=O)c3ccc(Cl)cc3Cl,CHEMBL118206,Ki,7.0
3236944,CC(C)c1cccc(c1)[C@H](Cc2ccccc2)NC(=O)c3ccc4c(c3)c(C)c(C)n4Cc5ccc(cc5)c6ccccc6,CHEMBL3695904,IC50,7.01
3236954,CC(C)c1cccc(c1)[C@H](Cc2ccccc2)NC(=O)c3ccc4c(c3)c(C)c(C)n4Cc5ccc(cc5)c6ccccc6C(=O)O,CHEMBL3736412,IC50,7.01
3236964,CCC(NC(=O)c1ccc2c(ccn2S(=O)(=O)c3ccc(C)cc3)c1)c4ccccc4,CHEMBL3678104,IC50,7.01
3236974,CCc1nc2C=CN(Cc3ccccc3C)C(=O)c2n1[C@H]4CCc5cc(ccc45)c6ccccc6c7nnn[nH]7,CHEMBL2322444,EC50,7.01
3236984,C[C@H](NC(=O)c1ccc2c(c1)c(C)c(C)n2C(C)c3cccc(O[C@@H](C)C(=O)O)c3)c4cccc(c4)C5CC5,CHEMBL3678147,IC50,7.01
3236993,C[C@H](NC(=O)c1ccc2c(c1)c(C)c(C)n2Cc3ccc(cc3)c4ccccc4C(=O)O)c5ccnc(Br)c5,CHEMBL3699410,IC50,7.01
3237003,Cc1cc(Oc2cccc(CNC(=O)c3cc4cc(Cl)ccc4n3C)c2)ccc1CCC(=O)O,CHEMBL399417,IC50,7.01
3237014,CCOC(C1CC1c2cc(C)c(OC(C)(C)C(=O)O)c(C)c2)c3ccc(OC(F)(F)F)cc3,CHEMBL3103197,EC50,7.02
3237025,CC[C@H]([C@@H]1CCc2cc(OCCc3nc(oc3C)c4ccccc4)ccc12)C(=O)O,CHEMBL382514,EC50,7.02
3237036,Cc1cc(Oc2cccc(CNC(=O)c3cc4cc(Cl)c(Cl)cc4[nH]3)c2)ccc1CCC(=O)O,CHEMBL399217,IC50,7.02
3237046,CC(C)c1cccc(c1)[C@H](C)NC(=O)c2ccc3c(c2)c(C)c(C)n3Cc4ccc(cc4)c5ccccc5C(=O)NC6CC6,CHEMBL3699432,IC50,7.03
3237056,CCC(C1CCc2cc(OCCc3nc(oc3C)c4ccc(Cl)c(Cl)c4)ccc12)C(=O)O,CHEMBL199373,EC50,7.03
3237067,CCCCCS(=O)(=O)NC(=O)\C=C\c1ccc(OCCOC)cc1Oc2ccc(cc2Cl)C(F)(F)F,CHEMBL2024612,EC50,7.03
3237079,CCCc1c(OCCCSc2ccc(CC(=O)O)cc2Cl)ccc3c(coc13)c4ccccc4,CHEMBL278994,IC50,7.03
3237090,COc1ccc(cc1)c2oc(C)c(CCOc3ccc(CC4(CCCO4)C(=O)O)nc3)n2,CHEMBL221388,Ki,7.03
3237101,COc1ccc2c(noc2c1)N3C(=O)N(Cc4cccc(c4)[C@@]5(C)OC(=O)NC5=O)c6cc(ccc36)C(F)(F)F,CHEMBL1947140,IC50,7.03
3237112,Cc1ccc(OCCOc2ccc(C[C@H](Nc3ccccc3C(=O)c4ccccc4)C(=O)O)cc2)cc1,CHEMBL149782,Ki,7.03
3237123,Cc1oc(nc1CCOc2ccc(CC3(CCCO3)C(=O)O)cn2)c4ccc(cc4)C(F)(F)F,CHEMBL221641,Ki,7.03
3237134,CCO[C@@H](Cc1ccc(OCCN2c3ccccc3Oc4ccccc24)cc1)C(=O)O,CHEMBL24038,IC50,7.04
3237145,Cc1oc(nc1CCOc2ccc(CCC(=O)O)c(CNC(=O)OCc3ccccc3)c2)c4ccccc4,CHEMBL441554,IC50,7.04
3237156,OC(=O)[C@H](Cc1ccc(OCCOc2ccc(cn2)[N+](=O)[O-])cc1)Nc3ccccc3C(=O)c4ccccc4,CHEMBL148341,Ki,7.04
3237167,CC(C)Cc1cc(C)c2nc(C(C)C)n([C@H]3CCc4cc(ccc34)c5ccccc5c6nnn[nH]6)c2n1,CHEMBL1801741,EC50,7.05
3237178,CCCc1c(Cc2ccc(cc2)c3ccccc3C(=O)O)c4cc(ccc4n1OC)C(=O)NC(CC)c5ccccc5,CHEMBL3115239,EC50,7.05
3237189,CCOC\C=C\C(=O)N1Cc2cc(OCCc3nc(oc3C)\C=C\CCC(C)C)ccc2C[C@H]1C(=O)O.CC(C)(C)N,CHEMBL1935617,EC50,7.05
3237200,CCO[C@H](Cc1ccc(OCCN2CCC(C)(C)c3cc(ccc23)\C(=N/OC)\c4ccccc4)cc1)C(=O)O,CHEMBL253417,Ki,7.05
3237211,CCc1nc2c(C)cc(Cc3ccccc3)nc2n1[C@H]4CCc5cc(ccc45)c6ccccc6c7nnn[nH]7,CHEMBL1801743,EC50,7.05
3237222,COC(=O)C(Cc1ccc(OCCOc2ccc3c(c2)C(C)(C)CCC3(C)C)cc1)C(=O)O,CHEMBL116920,EC50,7.05
3237233,Cc1cncc(Oc2c(Cl)cc(NS(=O)(=O)c3ccc(Cl)cc3Cl)cc2Cl)c1,CHEMBL2338480,EC50,7.05
3237244,Cc1oc(nc1CCOc2ccc(CC[C@@H]3CN(C[C@@H]3C(=O)O)C(=O)Oc4ccccc4)cc2)c5ccccc5,CHEMBL3398459,IC50,7.05
3237255,FC(F)(F)Oc1cccc(Cn2c(cc3ccccc23)C(=O)NS(=O)(=O)c4cccc(c4)C(F)(F)F)c1,CHEMBL222165,IC50,7.05
3237266,FC(F)(F)c1cccc(Cn2c(cc3ccccc23)C(=O)NS(=O)(=O)c4ccc5ccccc5c4)c1,CHEMBL222026,IC50,7.05
3237277,CCCC(=O)NC[C@H](Cc1ccc(OCCc2nc(oc2C)c3ccccc3)cc1)Nc4ccccc4C(=O)c5ccccc5,CHEMBL395527,Ki,7.06
3237289,CCCCCCCN(CCc1ccc(O[C@](C)(CC)C(=O)O)cc1)c2oc3ccccc3n2,CHEMBL479207,Ki,7.06
3237300,CCCN1C(=O)Oc2c(CCC)c(O[C@H](C(=O)O)c3ccc(cc3)C(C)C)c(CCC)cc12,CHEMBL192636,IC50,7.06
3237311,CCCc1cc2c(noc2c(CCC)c1OC(C(=O)O)c3ccc(cc3)C(C)C)C(F)(F)F,CHEMBL324856,Ki,7.06
3237322,C[C@H](CCOc1ccc(CCC(=O)O)c(C)c1)Oc2ccc(Cl)cc2c3ccccn3,CHEMBL241299,IC50,7.06
3237332,Cc1c(C)n(Cc2ccc(cc2)c3ccccc3C(=O)O)c4ccc(cc14)C(=O)N[C@@H]5COc6ccccc6C5,CHEMBL3699394,IC50,7.06
3237342,CCC(C1CCc2cc(OCCc3nc(sc3C)c4ccccc4)ccc12)C(=O)O,CHEMBL372825,EC50,7.07
3237353,CCCOc1ccc(C[C@@H](Cc2ccccc2)C(=O)O)cc1CNC(=O)c3ccc(cc3)c4ccccc4,CHEMBL2377521,EC50,7.07
3237364,CCCc1cc(OC2CCCCCC2)ccc1OCCCOc3cccc(c3)C4SC(=O)NC4=O,CHEMBL118753,IC50,7.07
3237375,CCCc1cc2N(C)C(=O)Oc2c(CCC)c1O[C@H](C(=O)O)c3ccc(cc3)C(C)C,CHEMBL190517,IC50,7.07
3237386,CCOc1ccc(cc1)[C@H](C)NC(=O)c2ccc3c(c2)c(C)c(C)n3Cc4ccc(cc4)c5ccccc5C(=O)O,CHEMBL3699397,EC50,7.07
3237397,CN(CCOc1ccc(CC(Nc2cccc3c4ccccc4C(=O)c23)C(=O)O)cc1)c5oc6ccccc6n5,CHEMBL148060,Ki,7.07
3237408,CC(C)(C)c1ccc(cc1)n2c(C(=O)O)c(Oc3cc(cc(c3)C(F)(F)F)C(F)(F)F)c4cc(Cl)ccc24,CHEMBL372780,IC50,7.08
3237419,CC(C)(O)C#CCOc1cc(COc2ccc(cc2)C(F)(F)F)ccc1Sc3ccc(OCC(=O)O)c4CCCCc34,CHEMBL506419,Ki,7.08
3237430,CCC#CCOc1cc(COc2ccc(cn2)C(F)(F)F)ccc1Sc3ccc(OCC(=O)O)c4CCCCc34,CHEMBL501982,Ki,7.08
3237441,CCC(C1CCc2cc(OCCc3nc(oc3C)c4ccc(OC)c(OC)c4)ccc12)C(=O)O,CHEMBL197971,EC50,7.08
3237452,CCCOc1ccc(C[C@@H](CC)C(=O)O)cc1CNC(=O)c2ccc(cc2)C34CC5CC(CC(C5)C3)C4,CHEMBL272137,EC50,7.08
3237463,CC[C@@H]([C@H]1CCc2cc(OCCc3nc(oc3C)c4ccc(C)cc4)ccc12)C(=O)O,CHEMBL200908,EC50,7.08
3237474,COc1ccc2c(c1)c(Cc3ccc(OCC(=O)O)cc3)c(C)n2C(=O)c4ccc(Cl)cc4,CHEMBL178562,IC50,7.08
3237485,COc1ccc2c(c1)c(Cc3ccccc3OC(C)C(=O)O)c(C)n2C(=O)c4ccc(Cl)cc4,CHEMBL367360,IC50,7.08
3237496,COc1ccc2c(noc2c1)N3C(=O)N(Cc4cccc(c4)[C@@]5(C)OC(=O)NC5=O)c6ccccc36,CHEMBL1947144,IC50,7.08
3237507,C\C(=C/C(=O)c1ccccc1)\NC(Cc2ccc(OCCOc3ccc(\C=C\c4ccc(cc4)C(F)(F)F)cc3)cc2)C(=O)O,CHEMBL3355864,EC50,7.08
3237518,Cc1oc(nc1CCOc2ccc(CC3C(=O)NOC3=O)cc2)c4ccccc4,CHEMBL293526,EC50,7.08
3237528,CCCC[C@H](NC(=O)c1ccc2c(c1)c(C)c(C)n2Cc3ccc(cc3)c4ccccc4)c5cccc(c5)C(C)C,CHEMBL3695899,IC50,7.09
3237538,CCCC[C@H](NC(=O)c1ccc2c(c1)c(C)c(C)n2Cc3ccc(cc3)c4ccccc4C(=O)O)c5cccc(c5)C(C)C,CHEMBL3736501,IC50,7.09
3237549,COC1Oc2cc(O)c3c(OC4=CC(=C(C(=O)C)C(=O)[C@@]34C)O)c2C(=O)N1C(=O)NCc5cccc6ccccc56,CHEMBL1092387,Ki,7.09
3237559,C[C@H](Oc1cccc(Cn2c(C)c(C)c3cc(ccc23)C(=O)N[C@@H](C)c4ccc(Cl)cc4)c1)C(=O)O,CHEMBL3678154,IC50,7.09
3237568,C[C@H](Oc1cccc(Cn2c(C)c(C)c3cc(ccc23)C(=O)N[C@@H](C)c4cccc(c4)C(C)(C)C)c1)C(=O)O,CHEMBL3678150,IC50,7.09
3237578,Cc1oc(nc1CCOc2ccc(CC3(CCCCO3)C(=O)O)cn2)c4ccccc4,CHEMBL220533,Ki,7.09
3237588,CC(C)[C@H](NC(=O)c1ccc2c(c1)c(C)c(C)n2Cc3ccc(cc3)c4ccccc4)c5cccc(c5)C(C)C,CHEMBL3695880,IC50,7.1
3237598,CC(C)[C@H](NC(=O)c1ccc2c(c1)c(C)c(C)n2Cc3ccc(cc3)c4ccccc4C(=O)O)c5cccc(c5)C(C)C,CHEMBL3734773,IC50,7.1
3237609,CCCCCS(=O)(=O)NC(=O)\C=C\c1ccc(OCCO)cc1Oc2ncc(cc2Cl)C(F)(F)F,CHEMBL2022126,EC50,7.1
3237620,CCCc1cc(Oc2ccc(Cl)cc2)ccc1OCCCOc3ccc(cc3)C4SC(=O)NC4=O,CHEMBL52426,EC50,7.1
3237630,CCCc1cc2c(noc2c(CCC)c1OC(C(=O)O)c3ccc(cc3)C(F)(F)F)C(F)(F)F,CHEMBL110295,Ki,7.1
3237641,CCCc1nn2ccc(cc2c1Cc3ccc(cc3)c4ccccc4c5nn[nH]n5)c6nc7ccccc7n6CCC,CHEMBL3115243,EC50,7.1
3237652,CCOC(=O)c1cc(NS(=O)(=O)c2ccc(Cl)cc2)ccc1Oc3cncc(Cl)c3,CHEMBL2331784,IC50,7.1
3237662,CC[C@@H](NC(=O)c1ccc2c(c1)c(C)c(C)n2Cc3ccccc3c4ccc(cc4)C(=O)O)c5ccccc5,CHEMBL3695913,IC50,7.1
3237671,CC[C@H](NC(=O)c1ccc2c(c1)c(C)c(C)n2Cc3ccccc3c4cccc(c4)C(=O)O)c5ccccc5,CHEMBL3695912,IC50,7.1
3237680,CC[C@H](NC(=O)c1ccc2c(ccn2Cc3ccccc3c4cccc(c4)C(=O)O)c1)c5ccccc5,CHEMBL3695909,IC50,7.1
3237690,COc1ccc2c(c1)c(Cc3ccccc3OC(C)(C)C(=O)O)c(C)n2C(=O)c4ccc(Cl)cc4,CHEMBL179604,IC50,7.1
3237701,C[C@@]1(CCc2ccc(OCCCOc3ccc(Oc4ccccc4)cc3Cl)cc2O1)C(=O)O,CHEMBL109638,EC50,7.1
3237712,C[C@H](NC(=O)c1ccc2c(c1)c(C)c(C)n2Cc3ccc(cc3)c4ccccc4C(=O)O)c5ccc(cc5)[N+](=O)[O-],CHEMBL3348830,IC50,7.1
3237721,C[C@H](NC(=O)c1ccc2c(cc(C)n2Cc3ccc(cc3)c4ccccc4C(=O)O)c1)c5ccc(Br)cc5,CHEMBL3695859,IC50,7.1
3237731,C[C@H](O)C#CCOc1cc(COc2ccc(cc2)C(F)(F)F)ccc1Sc3ccc(OCC(=O)O)c4CCCCc34,CHEMBL502521,Ki,7.1
3237743,Cc1oc(nc1CCOc2ccc(C[C@@H]3CN(C[C@@H]3C(=O)O)C(=O)Oc4ccccc4)cc2)c5ccccc5,CHEMBL3398443,IC50,7.1
3237755,Cc1oc(nc1CCOc2cccc(C[C@@H]3CN(C[C@@H]3C(=O)O)c4ccccc4)c2)c5ccccc5,CHEMBL3398444,IC50,7.1
3237766,Clc1ccc(c(Cl)c1)S(=O)(=O)Nc2cc(Cl)c(Oc3cncc(c3)C#N)c(Cl)c2,CHEMBL2338479,EC50,7.1
3237777,FC(F)(F)c1cccc(Cn2c(cc3ccccc23)C(=O)NS(=O)(=O)c4ccc(Cl)s4)c1,CHEMBL447538,IC50,7.1
3237788,FC(F)(F)c1cccc(Cn2c(cc3ccccc23)C(=O)NS(=O)(=O)c4cccc(c4)C(F)(F)F)c1,CHEMBL221342,IC50,7.1
3237799,FC(F)(F)c1cccc(Cn2c(cc3ccccc23)C(=O)NS(=O)(=O)c4ccccc4C(F)(F)F)c1,CHEMBL386307,IC50,7.1
3237810,CC#CCOc1cc(COc2ccc(cc2)C(F)(F)F)ccc1Sc3ccc(OCC(=O)O)c4CCCCc34,CHEMBL501439,Ki,7.11
3239917,CC(C)(C)c1ccc(cc1)n2c(C(=O)O)c(Oc3cccc(O)c3)c4ccccc24,CHEMBL426294,IC50,7.11
3239927,CC(C)c1cccc(c1)[C@H](C)NC(=O)c2ccc3c(c2)c(C)c(C)n3Cc4ccc(cc4)c5ccccc5C(=O)NO,CHEMBL3699439,IC50,7.11
3239937,CCC(C1CCc2cc(OCCc3nc(oc3C)c4ccc(F)c(C)c4)ccc12)C(=O)O,CHEMBL199645,EC50,7.11
3239948,CCCc1cc(Oc2ccc(F)c(C)c2)ccc1OCCCOc3cccc(c3)C4SC(=O)NC4=O,CHEMBL96143,IC50,7.11
3239959,CCCc1cc(Oc2ccc(F)cc2)ccc1OCCCOc3cccc(c3)C4SC(=O)NC4=O,CHEMBL96451,IC50,7.11
3239969,COc1ccc(Cn2c(C)c(C)c3cc(ccc23)C(=O)N[C@@H](C)c4cccc(c4)C(C)C)cc1O[C@@H](C)C(=O)O,CHEMBL3678163,IC50,7.11
3239979,Cc1c(C)n(Cc2ccc(cc2)c3ccccc3C(=O)O)c4ccc(cc14)C(=O)NCC5CCCCC5,CHEMBL3695819,IC50,7.11
3239989,Cc1oc(nc1CCOc2ccc(CCC(=O)O)c3CN(CCc23)C(=O)OCC#C)c4ccccc4,CHEMBL223434,EC50,7.11
3239999,CC(C)c1cccc(c1)[C@H](C)NC(=O)c2ccc3c(c2)c(C)c(C)n3Cc4cccc(O[C@@H](C)C(=O)O)c4,CHEMBL3678116,IC50,7.12
3240009,CCC#CCOc1cc(COC2CCCC2)ccc1Sc3ccc(OCC(=O)O)c4CCCCc34,CHEMBL497204,Ki,7.12
3240019,CNC(=O)c1ccccc1c2ccc(Cn3c(C)c(C)c4cc(ccc34)C(=O)N[C@@H](C)c5cccc(c5)C(C)C)cc2,CHEMBL3699437,IC50,7.12
3240028,C[C@@H](CNC(=O)c1ccc2c(c1)c(C)c(C)n2Cc3ccc(cc3)c4ccccc4C(=O)O)c5ccccc5,CHEMBL3695812,IC50,7.12
3240037,C[C@H](Oc1cc(Cl)cc(Cn2c(C)c(C)c3cc(ccc23)C(=O)N[C@@H](C)c4cccc(c4)C5CC5)c1)C(=O)O,CHEMBL3678139,IC50,7.12
3240047,O=C1NC(=O)C(S1)c2cccc(OCCCOc3ccc(Oc4ccccc4)cc3)c2,CHEMBL96107,IC50,7.12
3240058,CC(C)(C)c1ccc(cc1)n2c(C(=O)O)c(Oc3cccc(c3)C(F)(F)F)c4cccnc24,CHEMBL197848,IC50,7.13
3240068,CC(C)c1cccc(c1)[C@H](C)NC(=O)c2ccc3c(c2)c(C)c(C)n3Cc4cccc(OCC#N)c4,CHEMBL3678121,IC50,7.13
3240078,CCCOc1ccc(C[C@@H](Cc2ccccc2)C(=O)O)cc1CNC(=O)c3ccc(cc3)c4ccccc4C,CHEMBL2377522,EC50,7.13
3240089,CCCc1cc(cc(CCC)c1O[C@H](C(=O)O)c2ccc(cc2)C(C)C)C(=O)CC,CHEMBL187557,IC50,7.13
3240100,CCCc1cc(Oc2ccc(Cl)cc2)ccc1OCCCOc3cccc(c3)C4SC(=O)NC4=O,CHEMBL420441,IC50,7.14
3240111,CCOC(Cc1ccc(OCCc2nc(oc2C)c3ccccc3)cn1)C(=O)O,CHEMBL373430,Ki,7.14
3240122,COC(C1CC1c2cc(C)c(OC(C)(C)C(=O)O)c(C)c2)c3ccccc3OC(F)(F)F,CHEMBL3103199,EC50,7.14
3240134,COc1cc(CCc2ccccc2)c(C(=O)O)c(O)c1C\C=C(/C)\CCC=C(C)C,CHEMBL2337127,EC50,7.14
3240144,COc1cc(CCc2ccccc2)c(C(=O)O)c(O)c1C\C=C(\C)/CCC=C(C)C,CHEMBL1729254,EC50,7.14
3240154,COc1cc(ccc1[C@H](C)NC(=O)c2ccc3c(c2)c(C)c(C)n3Cc4ccc(cc4)c5ccccc5C(=O)O)C(F)(F)F,CHEMBL3699369,IC50,7.14
3240164,Cc1oc(nc1CCOc2ccc(CCC(=O)O)c(CNS(=O)(=O)Cc3ccccc3)c2)c4ccccc4,CHEMBL219773,IC50,7.14
3240175,OC(=O)[C@H](Cc1ccc(OCCOc2ccc(Br)cc2)cc1)Nc3ccccc3C(=O)c4ccccc4,CHEMBL149677,Ki,7.14
3240186,OC(=O)[C@H](Cc1ccc(OC[C@@H]2CCCN2c3ccc(cc3)[N+](=O)[O-])cc1)Nc4ccccc4C(=O)c5ccccc5,CHEMBL148664,Ki,7.14
3240197,CCOC(Cc1ccc2c(ccn2Cc3nc(oc3C)c4cc(Cl)cc(Cl)c4)c1)C(=O)O,CHEMBL210163,IC50,7.15
3240208,CC(C)CC\C=C\c1oc(C)c(CCOc2ccc3C[C@H](N(Cc3c2)C(=O)\C=C\C4CC4)C(=O)O)n1.CC(C)(C)N,CHEMBL1935614,EC50,7.16
3240219,CC(C)CC\C=C\c1oc(C)c(CCOc2ccc3C[C@H](N(Cc3c2)C(=O)\C=C\c4occc4)C(=O)O)n1.CC(C)(C)N,CHEMBL1933093,EC50,7.16
3240229,CC(C)c1cccc(c1)[C@H](C)NC(=O)c2ccc3c(c2)c(C)c(C)n3Cc4cccc(OCC(=O)O)c4,CHEMBL3678112,IC50,7.16
3240239,CCCCC\C=C(/C\C=C/CCCCCCCC(=O)O)\[N+](=O)[O-],CHEMBL554608,EC50,7.16
3240250,CCCc1c(O)c(ccc1OCCCSc2ccc(CC(=O)O)cc2Cl)C(=O)CC,CHEMBL25710,EC50,7.16
3240262,CCCc1c(OCCCOc2ccc3c(ccn3CC(=O)O)c2)ccc4cc(ccc14)C(=O)c5ccccc5,CHEMBL201880,EC50,7.16
3240273,CCOCCC(=O)N1Cc2cc(OCCc3nc(oc3C)\C=C\CCC(C)C)ccc2C[C@H]1C(=O)O.CC(C)(C)N,CHEMBL1935619,EC50,7.16
3240283,COc1ccc(Cn2c(C)c(C)c3cc(ccc23)C(=O)N[C@@H](C)c4cccc(c4)C5CC5)cc1O[C@@H](C)C(=O)O,CHEMBL3678157,IC50,7.16
3240293,Cc1oc(nc1CCOc2cccc(Cc3cn(nc3C(=O)O)c4ccccc4)c2)c5ccccc5,CHEMBL474149,IC50,7.16
3240304,Cc1oc(nc1CCOc2cccc(Cc3nn(nc3C(=O)O)c4ccccc4)c2)c5ccccc5,CHEMBL515106,IC50,7.16
3240315,Clc1ccc(c(Cl)c1)S(=O)(=O)Nc2cc(Cl)c(Oc3ccc4ncccc4c3)c(Cl)c2,CHEMBL2338477,EC50,7.16
3240326,CCOC(=O)C(C1CCc2cc(OCCc3nc(oc3C)c4ccccc4)ccc12)C(=O)O,CHEMBL370809,EC50,7.17
3240337,C[C@@H](Oc1cc(CN2C(=O)N(c3ccc(cc23)C(F)(F)F)c4noc5cc(Cl)ccc45)ccc1Cl)C(=O)O,CHEMBL1946570,IC50,7.17
3240347,C[C@H](Oc1ccc(Cn2c(C)c(C)c3cc(ccc23)C(=O)N[C@@H](C)c4cccc(c4)C5CC5)cc1Cl)C(=O)O,CHEMBL3678141,IC50,7.17
3240357,Cc1oc(nc1CCOc2cccc(CN(CC(=O)O)Cc3cccc4ccccc34)c2)c5ccccc5,CHEMBL429823,IC50,7.17
3240368,CN(CCOc1ccc(CC(Nc2ccccc2C(=O)c3ccc(OCc4ccccc4)cc3)C(=O)O)cc1)c5oc6ccccc6n5,CHEMBL147282,Ki,7.18
3240379,COc1ccc(cc1)C(=O)c2c(C)n(Cc3cccc(O[C@@H](C)C(=O)O)c3)c4ncccc24,CHEMBL455126,IC50,7.18
3240390,COc1ccc2c(noc2c1)N3C(=O)N(Cc4ccc(Cl)c(O[C@@H](C)C(=O)O)c4)c5cc(ccc35)C(F)(F)F,CHEMBL1946952,IC50,7.18
3240401,FC(F)(F)c1cc(NS(=O)(=O)c2ccc(Cl)cc2Cl)ccc1Oc3cncc(Cl)c3,CHEMBL2338483,IC50,7.18
3240412,CCCOc1ccc(C[C@@H](Cc2ccccc2)C(=O)O)cc1CNC(=O)c3ccc(cc3)c4cccs4,CHEMBL2377526,EC50,7.19
3240423,CCCc1cc(Oc2ccc(Cl)c(Cl)c2)ccc1OCCCOc3cccc(c3)C4SC(=O)NC4=O,CHEMBL318684,IC50,7.19
3240434,CCCc1cc(ccc1OCCCOc2cccc(c2)C3SC(=O)NC3=O)C(=O)C4CCCCC4,CHEMBL119496,IC50,7.19
3240445,COc1cc(O)c2c(OC3=CC(=C(C(=O)C)C(=O)[C@@]23C)O)c1C(=O)NCc4c(C)ccc5ccc(F)cc45,CHEMBL2042813,EC50,7.19
3240455,C[C@H](NC(=O)c1ccc2c(c1)c(C)c(C)n2Cc3ccc(cc3)c4ccccc4)c5cccc(c5)C(C)(C)C,CHEMBL3695861,IC50,7.19
3240464,Cc1c(C)n(Cc2ccc(cc2)c3ccccc3C(=O)O)c4ccc(cc14)C(=O)NCc5cccc6ccccc56,CHEMBL3695848,IC50,7.19
3240474,OC(=O)[C@H](Cc1ccc(cc1)c2cccs2)Oc3ccc(Cl)cc3,CHEMBL472451,EC50,7.19
3240485,CCCc1cc(OC2CCCC2)ccc1OCCCOc3cccc(c3)C4SC(=O)NC4=O,CHEMBL118169,IC50,7.2
3240496,COC(Cc1ccc(OCCc2nc(oc2C)c3ccccc3)nc1)C(=O)O,CHEMBL373874,Ki,7.2
3240507,C[C@H](CCOc1ccc(CCC(=O)O)c(F)c1)Oc2ccc(Cl)cc2Oc3ccccc3,CHEMBL215245,IC50,7.2
3240517,CC(C)c1cccc(c1)[C@H](C)NC(=O)c2ccc3c(c2)c(C)c(C)n3Cc4ccc(cc4)c5ccccc5C(=O)N,CHEMBL3699441,IC50,7.21
3240527,CCCCCCC(=O)NC[C@H](Cc1ccc(OCCc2nc(oc2C)c3ccccc3)cc1)Nc4ccccc4C(=O)c5ccccc5,CHEMBL230732,Ki,7.21
3240538,COc1ccc(cc1)C(=O)n2c(C)c(Cc3cccc(OCC#C)c3)c4cc(OC(F)(F)F)ccc24,CHEMBL372913,IC50,7.21
3240549,CC(=O)c1cc(NS(=O)(=O)c2ccc(Cl)cc2Cl)ccc1Oc3cnc4ccccc4c3,CHEMBL2338475,EC50,7.22
3240560,CC(C)c1cccc(c1)[C@@H](NC(=O)c2ccc3c(c2)c(C)c(C)n3Cc4ccc(cc4)c5ccccc5C(=O)O)C6CC6,CHEMBL3736463,EC50,7.22
3240571,CC(C)c1cccc(c1)n2c(C(=O)O)c(Oc3cccc(c3)C(F)(F)F)c4ccccc24,CHEMBL197636,IC50,7.22
3240582,CCC(C1CCc2cc(OCCc3nc(oc3C)c4cccc(F)c4)ccc12)C(=O)O,CHEMBL383789,EC50,7.22
3240593,CCCCCCC(=O)N(C)CCOc1ccc(CC2SC(=O)NC2=O)cc1,CHEMBL84181,Ki,7.22
3240603,CCCCCCC[C@@H]1[C@H](OCCCCCC(=O)O)C(=CC1=O)I,CHEMBL519854,EC50,7.22
3240614,CCCCCS(=O)(=O)NC(=O)CCc1ccccc1Oc2ncc(cc2Cl)C(F)(F)F,CHEMBL2022743,EC50,7.22
3240625,CCCc1cc(Oc2ccc(F)cc2)ccc1OCCCOc3ccc(cc3)C4SC(=O)NC4=O,CHEMBL300026,EC50,7.22
3240635,CCCc1cc(Oc2ccccc2)ccc1OCCCOc3cccc(c3)C4SC(=O)NC4=O,CHEMBL94306,Ki,7.22
3240646,CCc1ccc(O[C@H](C)CCOc2ccc(CCC(=O)O)c(C)c2)c(c1)c3cccnc3,CHEMBL241472,IC50,7.22
3240657,CN(CCOc1ccc(C[C@@H]2SC(=O)NC2=O)cc1)c3ccccn3,CHEMBL121106,IC50,7.22
3240667,COc1ccc(Cn2c(C)c(C)c3cc(ccc23)C(=O)N[C@@H](C)c4ccc(cc4)C(C)(C)C)cc1O[C@@H](C)C(=O)O,CHEMBL3678156,IC50,7.22
3240677,COc1ccc(cc1)c2c(C(=O)NS(=O)(=O)c3cccc(c3)C(F)(F)F)n(Cc4cccc(c4)C(F)(F)F)c5ccccc25,CHEMBL267881,IC50,7.22
3240688,C[C@H](CCOc1ccc(CCC(=O)O)c(c1)C(F)(F)F)Oc2ccc(Cl)cc2Oc3ccccc3,CHEMBL213361,IC50,7.22
3240698,C[C@H](NC(=O)c1ccc2c(c1)c(C)c(C)n2Cc3ccc(cc3)c4ccccc4)c5ccc(cc5)C(F)(F)F,CHEMBL3695877,IC50,7.22
3240707,C[C@H](Oc1cccc(Cn2c(C)c(C)c3cc(ccc23)C(=O)N[C@@H](C)c4ccc(cc4)C(C)(C)C)c1)C(=O)O,CHEMBL3678117,IC50,7.22
3240716,C[C@H](Oc1cccc(Cn2c(C)c(C)c3cc(ccc23)C(=O)N[C@@H](C)c4cccc(Cl)c4)c1)C(=O)O,CHEMBL3678153,IC50,7.22
3240725,CC(C)Oc1cccc(c1)[C@H](C)NC(=O)c2ccc3c(c2)c(C)c(C)n3Cc4cccc(O[C@@H](C)C(=O)O)c4,CHEMBL3678149,IC50,7.23
3240735,CCC(C1CCc2cc(OCCc3nc(oc3C)c4ccc(F)cc4)ccc12)C(=O)O,CHEMBL199324,EC50,7.23
3240746,CCCCCS(=O)(=O)NC(=O)\C=C\c1ccc(OCCC(=O)C)cc1Oc2ncc(cc2Cl)C(F)(F)F,CHEMBL2022127,EC50,7.23
3240757,CCCCc1ccc2ccccc2c1CNC(=O)c3c(OC)cc(O)c4c3OC5=CC(=C(C(=O)C)C(=O)[C@@]45C)O,CHEMBL2042805,EC50,7.23
3240768,CCCc1cc(CC2CCCCC2)ccc1OCCCOc3cccc(c3)C4SC(=O)NC4=O,CHEMBL122418,IC50,7.23
3240779,CCc1ccc(OC(C)CCOc2ccc(CCC(=O)O)c(C)c2)c(Cc3ccccc3)c1,CHEMBL212591,IC50,7.23
3240789,C[C@H](NC(=O)c1ccc2c(c1)c(C)c(C)n2Cc3ccc(cc3)c4ccccc4C(=O)O)c5ccc(nc5)C6CC6,CHEMBL3639982,IC50,7.23
3240798,C[C@H](Oc1cccc(Cn2c(C)c(C)c3cc(ccc23)C(=O)N[C@@H](C)c4cccc(c4)C5CC5)c1)C(=O)O,CHEMBL3678118,IC50,7.23
3240808,CC(C)(C)c1ccc(cc1)n2c(C(=O)O)c(Oc3cccc(c3)c4cc(c[nH]4)C(F)(F)F)c5ccc(Cl)nc25,CHEMBL198365,IC50,7.24
3240818,C[C@H](NC(=O)c1ccc2c(c1)c(C)c(C)n2Cc3ccc(cc3)c4ccccc4)[C@@H]5CCN(C5)C(=O)OCc6ccccc6,CHEMBL3699386,IC50,7.24
3240827,C[C@H](NC(=O)c1ccc2c(c1)c(C)c(C)n2Cc3ccc(cc3)c4ccccc4)c5cc(F)ccc5C(F)(F)F,CHEMBL3699387,IC50,7.24
3240836,C[C@H](NC(=O)c1ccc2c(c1)c(C)c(C)n2Cc3ccc(cc3)c4ccccc4C(=O)O)c5cccc(Br)c5,CHEMBL3695785,IC50,7.24
3240847,OC(=O)c1c(Sc2ccccc2)c3cc(Cl)ccc3n1Cc4ccc(Cl)cc4,CHEMBL370152,EC50,7.24
3240858,CCCc1cc(Oc2ccc(Cl)c(C)c2)ccc1OCCCOc3cccc(c3)C4SC(=O)NC4=O,CHEMBL328615,IC50,7.25
3240869,COc1cc(O)c2c(OC3=CC(=C(C(=O)C)C(=O)[C@@]23C)O)c1C(=O)NCc4c(C)ccc5cc(Cl)ccc45,CHEMBL2042808,EC50,7.25
3240879,C[C@H](NC(=O)c1ccc2c(c1)c(C)c(C)n2Cc3cccc(OCC(=O)O)c3)c4cccc(c4)C5CC5,CHEMBL3678111,IC50,7.25
3240889,Cc1oc(nc1CCOc2ccc(C[C@@H](CNC(=O)C3CC3)Nc4ccccc4C(=O)c5ccccc5)cc2)c6ccccc6,CHEMBL230731,Ki,7.26
3240900,CCO[C@@H](Cc1ccc(OCCN2CCC(C)(C)c3cc(ccc23)\C(=N\OCC=C)\c4ccccc4)cc1)C(=O)O,CHEMBL562659,Ki,7.27
3240911,CN(CCOc1ccc(CC(Nc2ccccc2C(=O)c3cccc(OCc4ccccc4)c3)C(=O)O)cc1)c5oc6ccccc6n5,CHEMBL147912,Ki,7.27
3240922,CO\N=C(/c1ccccc1)\c2ccc3N(CCOc4ccc(C[C@H](Nc5ccccc5C(=O)c6ccccc6)C(=O)O)cc4)CCC(C)(C)c3c2,CHEMBL555484,Ki,7.27
3240933,C[C@H](Oc1ccc(F)c(Cn2c(C)c(Oc3ccc(Cl)cc3)c4cccnc24)c1)C(=O)O,CHEMBL509369,IC50,7.27
3240944,CCCC(C1CCc2cc(OCCc3nc(oc3C)c4ccccc4)ccc12)C(=O)O,CHEMBL199819,EC50,7.28
3240955,CCCN[C@@H](Cc1ccc(OCCc2nc(oc2C)c3ccccc3)cc1)C(=O)O,CHEMBL321634,Ki,7.28
3240966,CCCOc1ccc(C[C@@H](Cc2ccccc2)C(=O)O)cc1CNC(=O)c3ccc(cc3)N4CCCCC4,CHEMBL3317858,EC50,7.28
3240977,CCCc1c(OCCCCOc2ccc(cc2)C(C)(C)CC(=O)O)ccc3c(noc13)c4ccccc4,CHEMBL173386,Ki,7.28
3240988,CCCc1c(OCCCCOc2cccc(OCC(=O)O)c2)ccc3c(noc13)c4ccccc4,CHEMBL173409,Ki,7.28
3240999,CC[C@H](NC(=O)c1ccc2c(c1)c(C)c(C)n2Cc3ccc(cc3)c4ccccc4C(=O)O)c5ccccc5,CHEMBL1230353,EC50,7.28
3241010,COc1ccc(cc1)[C@@H](C)NC(=O)c2ccc3c(c2)c(C)c(C)n3Cc4ccc(cc4)c5ccccc5C(=O)O,CHEMBL3695780,EC50,7.28
3241020,C[C@H](NC(=O)c1ccc2c(c1)c(C)c(C)n2Cc3ccc(cc3)c4ccccc4)c5ccc(c(F)c5)C(F)(F)F,CHEMBL3699374,IC50,7.28
3241029,C[C@H](NC(=O)c1ccc2c(c1)c(C)c(C)n2Cc3ccc(cc3)c4ccccc4C(=O)O)c5ccc(Cl)cc5,CHEMBL3695784,IC50,7.28
3241039,Cc1oc(nc1CCOc2ccc(CC3(CCCO3)C(=O)O)cn2)c4ccc(Cl)cc4,CHEMBL221474,Ki,7.28
3241050,CC1(COc2ccc(C[C@H](Nc3ccccc3C(=O)c4ccccc4)C(=O)O)cc2)CCCCC1,CHEMBL357479,Ki,7.29
3241061,CCCc1cc2N(C(C)C)C(=O)Oc2c(CCC)c1O[C@H](C(=O)O)c3ccc(cc3)C(C)C,CHEMBL193082,IC50,7.29
3241071,C[C@H](NC(=O)c1ccc2c(c1)c(C)c(C)n2Cc3ccc(cc3)c4ccccc4)c5c(Cl)cccc5Cl,CHEMBL3695865,IC50,7.29
3241082,Cc1oc(nc1CCOc2ccc(C[C@@H](C(=O)O)n3cccc3)cc2)c4ccccc4,CHEMBL104850,Ki,7.29
3241093,Cc1oc(nc1CCOc2ccc(C[C@@H](CNC(=O)C3CCCNC3)Nc4ccccc4C(=O)c5ccccc5)cc2)c6ccccc6,CHEMBL398183,Ki,7.29
3241104,CC(C)CC\C=C\c1oc(C)c(CCOc2ccc3C[C@H](N(Cc3c2)C(=O)CCCC=C)C(=O)O)n1.CC(C)(C)N,CHEMBL1935612,EC50,7.3
3241115,CC(C)OC(=O)NCc1cc(OCCc2nc(oc2C)c3ccc(Oc4ccccc4)cc3)ccc1CCC(=O)O,CHEMBL373685,IC50,7.3
3241126,CC(C)OC(=O)NCc1cc(OCCc2nc(oc2C)c3ccc(cc3)c4ncccn4)ccc1CCC(=O)O,CHEMBL223128,IC50,7.3
3241137,CCNC(=O)c1cc(NS(=O)(=O)c2ccc(cc2Cl)C(F)(F)F)ccc1Oc3cncc(Cl)c3,CHEMBL2331787,IC50,7.3
3241148,CCc1cc(Oc2cc(F)cc(c2)[C@@H](C)NC(=O)c3sc4ccc(Cl)cc4c3C)ccc1CCC(=O)O,CHEMBL401236,IC50,7.3
3241159,CN(CCOc1ccc(C[C@H]2SC(=O)NC2=O)cc1)c3ccccn3,CHEMBL333304,IC50,7.3
3241170,COc1ccc(CCc2c([nH]c3ccc(CC(=O)O)cc23)c4ccccc4)cc1,CHEMBL320553,IC50,7.3
3241181,COc1ccc(OC(=O)N2[C@@H](CC[C@H]2c3ccc(OCCc4nc(oc4C)c5ccccc5)cc3)C(=O)O)cc1,CHEMBL3398423,EC50,7.3
3241191,C[C@H](NC(=O)c1ccc2c(c1)c(C)c(C)n2Cc3ccc(cc3)c4ccccc4C(=O)O)c5ccc(cc5)C6CC6,CHEMBL3699431,IC50,7.3
3241201,C\C=C\C=C(/C)\C(=O)N1Cc2cc(OCCc3nc(oc3C)\C=C\CCC(C)C)ccc2C[C@H]1C(=O)O.CC(C)(C)N,CHEMBL1935609,EC50,7.3
3241213,Cc1oc(nc1CCOc2ccc(C[C@@H]3CN(C[C@@H]3C(=O)O)c4nccc(n4)C(F)(F)F)cc2)c5ccccc5,CHEMBL255930,EC50,7.3
3241224,Cc1oc(nc1CCOc2ccc(C[C@@H]3CN(C[C@@H]3C(=O)O)c4occ(n4)C(F)(F)F)cc2)c5ccccc5,CHEMBL3398454,IC50,7.3
3241235,FC(F)(F)c1cccc(c1)S(=O)(=O)NC(=O)c2cc3ccccc3n2Cc4cccc(OCc5ccccc5)c4,CHEMBL218789,IC50,7.3
3241246,CC(C)(C)c1ccc(cc1)n2c(C(=O)O)c(Oc3ccc(OC(F)(F)F)cc3)c4ccccc24,CHEMBL196428,IC50,7.31
3241256,CC(NC(=O)c1ccc2c(ccn2Cc3ccc(F)cc3F)c1)c4cccc5ccccc45,CHEMBL3678092,IC50,7.31
3241266,CCC(C1CCc2cc(OCCc3nc(oc3C)c4ccccc4F)ccc12)C(=O)O,CHEMBL199432,EC50,7.31
3241277,CCCOc1ccc(C[C@@H](Cc2ccccc2)C(=O)O)cc1CNC(=O)c3ccc(cc3)c4ccccc4F,CHEMBL2377523,EC50,7.31
3241288,CCNC(=O)c1cc(NS(=O)(=O)c2ccc(cc2)[N+](=O)[O-])ccc1Oc3cncc(Cl)c3,CHEMBL2331778,IC50,7.31
3241299,CCOc1cccc(Oc2c(C(=O)O)n(c3ccc(cc3)C(C)(C)C)c4ccccc24)c1,CHEMBL372107,IC50,7.31
3241310,CN(CCOc1ccc(CC(Nc2ccccc2C(=O)c3ccc(cc3)c4ccccc4)C(=O)O)cc1)c5oc6ccccc6n5,CHEMBL347076,Ki,7.31
3241321,COc1ccc2c(c1)c(Cc3cccc(OC(C)C(=O)O)c3)c(C)n2C(=O)c4ccc(Cl)cc4,CHEMBL359476,IC50,7.31
3241332,C[C@@]1(OC(=O)NC1=O)c2cccc(CN3C(=O)N(c4ccccc34)c5noc6cc(Cl)ccc56)c2,CHEMBL1947145,IC50,7.31
3241343,OC(=O)[C@H](Cc1ccc(cc1)c2ccccc2)Oc3ccc(Cl)cc3,CHEMBL472246,EC50,7.31
3241354,CCCCCCCC(=O)N(C)CCOc1ccc(CC2SC(=O)NC2=O)cc1,CHEMBL83875,Ki,7.32
3241364,CCCCNC(=O)OCCCc1ccc(OCCOC)cc1Oc2ncc(cc2Cl)C(F)(F)F,CHEMBL2022133,EC50,7.32
3241375,CCCc1c(O)c(ccc1OCCCSc2ccc(CC(=O)O)cc2Cl)\C(=N\O)\CC,CHEMBL23874,IC50,7.32
3241386,CCOC(Cc1ccc(OCCN2CCC(C)(C)c3cc(ccc23)\C(=N/OC)\c4ccccc4)cc1)C(=O)O,CHEMBL398677,Ki,7.32
3241397,COc1ccc(cc1)C(=O)NC[C@H](Cc2ccc(OCCc3nc(oc3C)c4ccccc4)cc2)Nc5ccccc5C(=O)c6ccccc6,CHEMBL230730,Ki,7.32
3241408,CC(C)OC(=O)NCc1cc(OCCc2nc(oc2C)c3ccc(cc3)c4ccccc4)ccc1CCC(=O)O,CHEMBL220622,IC50,7.33
3241419,CCCc1cc(Oc2ccc(Cl)c(Cl)c2)ccc1OCCCOc3ccc(cc3)C4SC(=O)NC4=O,CHEMBL2259815,EC50,7.33
3241429,CCCc1cc2c(noc2c(CCC)c1OC(C(=O)O)c3ccc(OCc4ccccn4)cc3)C(F)(F)F,CHEMBL421602,Ki,7.33
3241440,C[C@@H](NC(=O)c1ccc2c(c1)c(C)c(C)n2Cc3ccc(cc3)c4ccccc4C(=O)O)c5ccc(F)cc5,CHEMBL3695846,EC50,7.33
3241451,C\C(=C/C(=O)c1ccccc1)\NC(Cc2ccc(OCCCOc3ccc(\C=C\c4ccccc4)cc3)cc2)C(=O)O,CHEMBL3355860,EC50,7.33
3241462,C\C(=C/C(=O)c1ccccc1)\NC(Cc2ccc(OCCCOc3ccc(cc3)N=Nc4ccc(Cl)cc4)cc2)C(=O)O,CHEMBL3355868,EC50,7.33
3241473,Cc1cc(Oc2cccc(CNC(=O)c3ccc(OC(F)(F)F)cc3C)c2)ccc1OC(C)(C)C(=O)O,CHEMBL237305,IC50,7.33
3241484,CCC(C1CCc2cc(OCCc3nc(oc3CC)c4ccccc4)ccc12)C(=O)O,CHEMBL200760,EC50,7.34
3241495,CCO[C@@H](Cc1cccc(c1)\C(=N\OCc2ccc(cc2)C(F)(F)F)\C)C(=O)O,CHEMBL490426,EC50,7.34
3241506,CC[C@@H]([C@@H]1CCc2cc(OCCc3nc(oc3C)c4ccc(Cl)c(Cl)c4)ccc12)C(=O)O,CHEMBL372404,EC50,7.34
3241517,CC[C@@H]([C@@H]1CCc2cc(OCCc3nc(oc3C)c4ccc(F)cc4)ccc12)C(=O)O,CHEMBL200893,EC50,7.34
3241528,CCc1ccc(O[C@H](C)CCOc2ccc(CCC(=O)O)c(C)c2)c(c1)c3ccccn3,CHEMBL241471,IC50,7.34
3241539,COC(Cc1ccc(OCCc2nc(oc2C)c3ccccc3)c4ccsc14)C(=O)O,CHEMBL519032,IC50,7.34
3241550,CCC(C1CCc2cc(OCCc3nc(COc4ccccc4)oc3C)ccc12)C(=O)O,CHEMBL199449,EC50,7.35
3241561,CCC(C1CCc2cc(OCCc3nc(oc3C)c4ccc(C)cc4)ccc12)C(=O)O,CHEMBL199398,EC50,7.35
3241572,COC(C1CCc2cc(OCCc3nc(oc3C)c4ccccc4)ccc12)C(=O)O,CHEMBL200840,EC50,7.35
3241583,COc1ccc2c(c1)c(Cc3cccc(OC(C)(C)C(=O)O)c3)c(C)n2C(=O)c4ccc(Cl)cc4,CHEMBL181141,IC50,7.35
3241593,CC(C)c1cccc(c1)[C@H](C)NC(=O)c2ccc3c(c2)c(C)c(C)n3Cc4ccc(cc4)C5(CC5)C(=O)O,CHEMBL3678107,IC50,7.36
3241603,CCO[C@@H](Cc1ccc(OCCCOc2ccc(Oc3ccccc3)cc2)cc1)C(=O)O,CHEMBL360368,IC50,7.36
3241614,CCO[C@@H](Cc1ccc(OCCn2c3ccc(Br)cc3c4cc(Br)ccc24)cc1)C(=O)O,CHEMBL355695,EC50,7.36
3241624,COC(C1CC1c2cc(C)c(OC(C)(C)C(=O)O)c(C)c2)c3ccc(Br)cc3,CHEMBL3103193,EC50,7.36
3241635,COCCC#CCOc1cc(COc2ccc(cc2)C(F)(F)F)ccc1Sc3ccc(OCC(=O)O)c4CCCCc34,CHEMBL511100,Ki,7.36
3241646,CCC(C1CCc2cc(OCCc3nc(oc3C)c4ccc(C)c(F)c4)ccc12)C(=O)O,CHEMBL198023,EC50,7.37
3241657,CCC(C1CCc2cc(OCCc3nc(oc3C)c4ccc(cc4)c5ccccc5)ccc12)C(=O)O,CHEMBL382982,EC50,7.37
3241668,CCCc1ccc2ccccc2c1CNC(=O)c3c(OC)cc(O)c4c3OC5=CC(=C(C(=O)C)C(=O)[C@@]45C)O,CHEMBL2042804,EC50,7.37
3241678,CCc1ccc(cc1)[C@H](C)NC(=O)c2ccc3c(c2)c(C)c(C)n3Cc4ccc(cc4)c5ccccc5C(=O)O,CHEMBL3699371,IC50,7.37
3241688,CSc1nc(NC(Cc2ccc(OCCN(C)c3oc4ccccc4n3)cc2)C(=O)O)c(s1)C(=O)c5ccccc5,CHEMBL342990,Ki,7.37
3241699,Cc1cccc(c1)c2oc(C)c(CCOc3ccc(CC4(CCCO4)C(=O)O)nc3)n2,CHEMBL221489,Ki,7.37
3241710,Cc1oc(nc1CCOc2ccc(C[C@@]3(CCCO3)C(=O)O)nc2)c4ccccc4,CHEMBL218487,Ki,7.37
3241721,OCCC#CCOc1cc(COc2ccc(cc2)C(F)(F)F)ccc1Sc3ccc(OCC(=O)O)c4CCCCc34,CHEMBL499312,Ki,7.37
3241732,CCC(C1CCc2cc(OCCc3nc(oc3C)c4ccc(OC)cc4)ccc12)C(=O)O,CHEMBL200122,EC50,7.38
3241743,CCC(C1CCc2cc(OCCc3nc(oc3C)c4ccccc4)ccc12)C(=O)O,CHEMBL383986,EC50,7.38
3241754,CCc1nc2C(=CN(Cc3ccccc3C)C(=O)c2n1[C@H]4CCc5cc(ccc45)c6ccccc6c7nnn[nH]7)C,CHEMBL2322175,EC50,7.38
3241765,COc1ccc(cc1)C(=O)n2c(C)c(Cc3cccc(OCC#N)c3)c4cc(OC(F)(F)F)ccc24,CHEMBL191087,IC50,7.38
3241776,CCCOc1ccc(C[C@H](CC)C(=O)O)cc1CNC(=O)c2ccc(cc2)C34CC5CC(CC(C5)C3)C4,CHEMBL402840,EC50,7.39
3241787,CCCc1c(OCCCCOc2cccc(OC(C)(C)C(=O)O)c2)ccc3c(noc13)c4ccccc4,CHEMBL174764,Ki,7.39
3241797,C[C@H](NC(=O)c1ccc2c(c1)c(C)c(C)n2Cc3ccc(cc3)c4ccccc4)c5ccncc5Cl,CHEMBL3695871,IC50,7.39
3241807,Cc1c(C)n(Cc2ccc(cc2)c3ccccc3C(=O)O)c4ccc(cc14)C(=O)NCc5ccccc5,CHEMBL602469,IC50,7.39
3241818,CC(C)CC\C=C\c1oc(C)c(CCOc2ccc3C[C@H](N(Cc3c2)C(=O)CCC=C)C(=O)O)n1.CC(C)(C)N,CHEMBL1935613,EC50,7.4
3241829,CC(C)CC\C=C\c1oc(C)c(CCOc2ccc3C[C@H](N(Cc3c2)C(=O)\C=C\c4cccs4)C(=O)O)n1.CC(C)(C)N,CHEMBL1935620,EC50,7.4
3241839,CC(C)c1cccc(c1)[C@H](C)NC(=O)c2ccc3c(c2)c(C)c(C)n3Cc4ccc(cc4)c5ccccc5C6=NOC(=O)N6,CHEMBL3699389,IC50,7.4
3241849,CCC(C1CCc2cc(OCCc3nc(oc3C)c4ccc(CC)cc4)ccc12)C(=O)O,CHEMBL199703,EC50,7.4
3241859,CCCc1ccc(cc1)[C@H](C)NC(=O)c2ccc3c(c2)c(C)c(C)n3Cc4ccc(cc4)c5ccccc5C(=O)O,CHEMBL3699395,IC50,7.4
3241869,CCO[C@@H](Cc1cccc(c1)\C(=N\OCc2ccc(I)cc2)\C)C(=O)O,CHEMBL526740,EC50,7.4
3241880,CN(CCOc1ccc(CC(Nc2ccccc2C(=O)C3CCCCCC3)C(=O)O)cc1)c4oc5ccccc5n4,CHEMBL146821,Ki,7.4
3241891,COc1ccc(cc1)N2[C@@H]([C@H](Cc3ccc(OCCc4nc(oc4C)c5ccccc5)cc3)C2=O)C(=O)O,CHEMBL411118,IC50,7.4
3241901,C[C@H](NC(=O)c1ccc2c(c1)c(C)c(C)n2Cc3ccc(cc3)c4ccccc4C#N)c5ccc(Br)cc5,CHEMBL3695788,IC50,7.4
3241910,C[C@H](Oc1cccc(Cn2c(C)c(C)c3cc(ccc23)C(=O)N[C@@H](C)c4ccccc4Cl)c1)C(=O)O,CHEMBL3678155,IC50,7.4
3241920,Cc1oc(nc1CCOc2cccc(C[C@@H]3CN(C[C@@H]3C(=O)O)c4nccc(n4)C(F)(F)F)c2)c5ccccc5,CHEMBL3398446,IC50,7.4
1723444,Cc1oc(nc1CCOc2cccc(C[C@H]3[C@H](N(C3=O)c4ccc(cc4)C(C)(C)C)C(=O)O)c2)c5ccccc5,CHEMBL255389,IC50,7.4
3241933,Fc1cc(NS(=O)(=O)c2ccc(Cl)cc2Cl)ccc1Oc3cnc4ccccc4c3,CHEMBL2338473,IC50,7.4
3241944,CCC#CCOc1cc(COc2ccc(Cl)cc2)ccc1Sc3ccc(OCC(=O)O)c4CCCCc34,CHEMBL482857,Ki,7.41
3241955,CCCCC\C=C(/CCCCCCCCCCC(=O)O)\[N+](=O)[O-],CHEMBL549351,IC50,7.41
3241966,CCCOc1ccc(C[C@@H](Cc2ccccc2)C(=O)O)cc1CNC(=O)c3ccc(cc3)N4CCCCCCCC4,CHEMBL3317455,EC50,7.41
3241977,CCc1cc(Oc2cc(F)cc(c2)[C@@H](C)NC(=O)c3c(C)c4cc(Cl)ccc4n3C)ccc1CCC(=O)O,CHEMBL238357,IC50,7.41
3241988,COc1ccc2c(c1)c(Oc3cccc(c3)C(F)(F)F)c(C(=O)O)n2c4ccc(cc4)C(C)(C)C,CHEMBL197671,IC50,7.41
3241998,C[C@H](NC(=O)c1ccc2c(c1)c(C)c(C)n2Cc3ccc(cc3)c4ccccc4)c5cccc(c5)C(F)(F)F,CHEMBL3695897,IC50,7.41
3242008,C[C@H](NC(=O)c1ccc2c(c1)c(C)c(C)n2Cc3ccc(cc3)c4ccccc4C(=O)O)c5cccc(c5)C(F)(F)F,CHEMBL3735765,IC50,7.41
3242018,C[C@H](NC(=O)c1ccc2c(c1)c(C)c(C)n2Cc3cccc(c3)C(=O)O)c4cccc(c4)C5CC5,CHEMBL3678162,IC50,7.41
3242028,C\C(=C/C(=O)c1ccccc1)\NC(Cc2ccc(OCCOc3ccc(cc3)N=Nc4ccc(Cl)cc4)cc2)C(=O)O,CHEMBL3352822,EC50,7.41
3242039,OC(=O)[C@H](Cc1ccc(OCc2ccc(Cl)cc2)cc1)Nc3ccccc3C(=O)c4ccccc4,CHEMBL147599,Ki,7.41
3242050,CCCCOC(=O)NCCCc1ccc(OCCOC)cc1Oc2ncc(cc2Cl)C(F)(F)F,CHEMBL2022132,EC50,7.42
3242061,CCOC(Cc1ccc2c(ccn2Cc3nc(oc3C)c4cc(C)cc(C)c4)c1)C(=O)O,CHEMBL380070,IC50,7.42
3242072,CCc1ccc(OCCCOc2ccc(OC(C)(C)C(=O)O)cc2)c(c1)C(=O)c3ccccc3,CHEMBL213314,IC50,7.42
3242082,C[C@H](NC(=O)c1ccc2c(c1)c(C)c(C)n2Cc3ccc(cc3)c4ccccc4C(=O)O)c5ccccc5OC(F)(F)F,CHEMBL3699400,IC50,7.42
3242092,Cc1c(C)n(Cc2ccc(cc2)c3ccccc3C(=O)O)c4ccc(cc14)C(=O)NCc5ccc(cc5)[N+](=O)[O-],CHEMBL3695831,IC50,7.42
3242102,Cc1oc(nc1CCOc2ccc(CC3(CCCO3)C(=O)O)cn2)c4ccccc4,CHEMBL386957,Ki,7.42
3242113,CCC(C1CCc2cc(OCCc3nc(oc3C)c4cc5ccccc5s4)ccc12)C(=O)O,CHEMBL200916,EC50,7.43
3242124,CCCc1cc(OC2CCCCC2)ccc1OCCCOc3cccc(c3)C4SC(=O)NC4=O,CHEMBL120570,IC50,7.43
3242135,CN(CCOc1ccc(CC(Sc2ccccc2)C(=O)O)cc1)c3oc4ccccc4n3,CHEMBL66767,Ki,7.43
3242144,Cc1c(C)n(Cc2ccc(cc2)c3ccccc3C(=O)O)c4ccc(cc14)C(=O)N[C@@H](CO)c5ccccc5,CHEMBL3695817,IC50,7.43
3242154,Cc1cc(Oc2cccc(CNC(=O)c3cc4cccc(Br)c4[nH]3)c2)ccc1CCC(=O)O,CHEMBL236218,IC50,7.43
3242165,CCCc1c(SC)c2cc(NC(=O)C(CC)c3ccccc3)ccc2n1Cc4ccc(cc4)c5ccccc5C(=O)O,CHEMBL590983,IC50,7.44
3242176,CCO[C@@H](Cc1ccc(OCCc2nc(oc2C)c3ccccc3)c4ccccc14)C(=O)O,CHEMBL484725,IC50,7.44
3242187,CCO[C@@H](Cc1cccc(c1)\C(=N\OCc2ccc(Br)cc2)\C)C(=O)O,CHEMBL490425,EC50,7.44
3242197,C[C@H](NC(=O)c1ccc2c(c1)c(C)c(C)n2Cc3ccc(cc3)c4ccccc4)c5ccc(F)cc5C(F)(F)F,CHEMBL3699373,IC50,7.44
3242207,Fc1cc(NS(=O)(=O)c2ccc(Cl)cc2Cl)ccc1Oc3cncc(Cl)c3,CHEMBL2331783,IC50,7.44
3242218,C[C@@H](Oc1cc(CN2C(=O)N(c3ccc(cc23)C(F)(F)F)c4noc5ccc(Cl)cc45)ccc1Cl)C(=O)O,CHEMBL1946754,IC50,7.45
3242229,CCCOc1ccc(C[C@@H](Cc2ccccc2)C(=O)O)cc1CNC(=O)c3ccc(cc3)c4ncccn4,CHEMBL2377530,EC50,7.46
3242240,CCNC(=O)c1cc(NS(=O)(=O)c2ccc(Cl)c(Cl)c2)ccc1Oc3cncc(Cl)c3,CHEMBL2331775,IC50,7.46
3242251,CCc1ccc(O[C@H](C)CCOc2ccc(CCC(=O)O)c(CC)c2)c(c1)c3ccccn3,CHEMBL241479,IC50,7.46
3242262,COc1ccc(OC(=O)N(CC(=O)O)Cc2ccc(OCCc3nc(oc3C)c4ccccc4)cc2)cc1,CHEMBL186179,EC50,7.46
3242272,C[C@H](NC(=O)c1ccc2c(c1)c(C)c(C)n2Cc3ccc(cc3)c4ccccc4C(=O)O)C5CCN(CC5)C(=O)OCc6ccccc6,CHEMBL3699348,IC50,7.46
3242282,Cc1cc(Oc2cccc(CNC(=O)c3c(C)c4cc(Cl)ccc4n3C)c2)ccc1CCC(=O)O,CHEMBL238152,IC50,7.46
3242293,CC(=O)c1cncc(Oc2c(Cl)cc(NS(=O)(=O)c3ccc(Cl)cc3Cl)cc2Cl)c1,CHEMBL2338482,IC50,7.47
3242303,CC(C)Oc1ccc(cc1)[C@H](C)NC(=O)c2ccc3c(c2)c(C)c(C)n3Cc4ccc(cc4)c5ccccc5C(=O)O,CHEMBL3699347,IC50,7.47
3242313,CCC(C1CCc2cc(OCCc3nc(oc3C)c4cccc(C)c4)ccc12)C(=O)O,CHEMBL199928,EC50,7.47
3242324,CCCOc1ccc(C[C@@H](CCc2ccccc2)C(=O)O)cc1CNC(=O)c3ccc(cc3)C45CC6CC(CC(C6)C4)C5,CHEMBL2158012,EC50,7.47
3242335,CCCc1c(OCCCOc2ccc(OCC(=O)O)cc2)ccc3c(noc13)c4ccccc4,CHEMBL173494,Ki,7.47
3242346,CO[C@@H](Cc1ccc(OCCCOc2ccc(Oc3ccccc3)cc2)cc1)C(=O)O,CHEMBL181954,IC50,7.47
3242356,Cc1c(C)n(Cc2ccc(cc2)c3ccccc3C(=O)O)c4ccc(cc14)C(=O)NCc5ccc(cc5)[N+]#[C-],CHEMBL3695767,IC50,7.47
3242366,Cc1cc(cc(C)c1OC(C)(C)C(=O)O)C2CC2C(OCCC3CCCCC3)c4ccc(OC(F)(F)F)cc4,CHEMBL3103196,EC50,7.47
3242377,Cc1oc(nc1CCOc2cccc(c2)c3nn(nc3CC(=O)O)c4ccccc4)c5ccccc5,CHEMBL491750,IC50,7.47
3242388,CCC#CCOc1cc(COc2ccc(cc2)C(F)(F)F)ccc1Sc3ccc(OCC(=O)O)c4CCCCc34,CHEMBL501440,Ki,7.48
3242399,CN(CCOc1ccc(CC(Cl)C(=O)O)cc1)c2oc3ccccc3n2,CHEMBL67098,Ki,7.48
3242409,CN(CCOc1ccc(CC(Sc2ccccc2C(=O)c3ccccc3)C(=O)O)cc1)c4oc5ccccc5n4,CHEMBL146322,Ki,7.48
3242420,CO\N=C(/c1ccccc1)\c2ccc3N(CCOc4ccc(C[C@H](OCC(F)(F)F)C(=O)O)cc4)CCC(C)(C)c3c2,CHEMBL554562,Ki,7.48
3242430,C[C@H](NC(=O)c1ccc2c(c1)c(C)c(C)n2Cc3ccc(cc3)c4ccccc4C(=O)O)c5c(F)cncc5F,CHEMBL3699362,IC50,7.48
3242440,C[C@H](Oc1cccc(Oc2c(C)n(c3noc4cc(Cl)ccc34)c5ccc(OC(F)(F)F)cc25)c1)C(=O)O,CHEMBL192646,IC50,7.48
3242450,Cc1c(C)n(Cc2ccc(cc2)c3ccccc3C(=O)O)c4ccc(cc14)C(=O)NCc5ccc6OCOc6c5,CHEMBL3695816,IC50,7.48
3242460,Cc1oc(nc1CCOc2ccc(CCC(=O)O)c3CN(CCc23)C(=O)OCC(C)(C)C)c4ccc(cc4)c5ccccc5,CHEMBL387373,IC50,7.48
3242471,CN(CCOc1ccc(CC(Oc2ccccc2C(=O)c3ccccc3)C(=O)O)cc1)c4oc5ccccc5n4,CHEMBL147694,Ki,7.49
3242482,CC(C)O[C@@H](Cc1ccc(OCc2noc(n2)c3cc(cc(c3)C(F)(F)F)C(F)(F)F)cc1)C(=O)O,CHEMBL2237303,EC50,7.5
3242492,CCC(C1CCc2cc(OCCc3nc(oc3C)c4ccc(C)c(C)c4)ccc12)C(=O)O,CHEMBL370186,EC50,7.5
3242503,CCCCCS(=O)(=O)NCCCc1ccc(OCCOC)cc1Oc2ncc(cc2Cl)C(F)(F)F,CHEMBL2022131,EC50,7.5
3242514,CCCc1c(OCCCOc2ccc(CC(=O)O)cc2)ccc3c(noc13)c4ccccc4,CHEMBL173285,Ki,7.5
3242525,CCCc1c(OCCCOc2ccc(CCC(=O)O)cc2)ccc3c(noc13)c4ccccc4,CHEMBL435704,Ki,7.5
3242536,COCCOc1ccc(CCC(=O)NS(=O)(=O)c2ccccc2)c(Oc3ncc(cc3Cl)C(F)(F)F)c1,CHEMBL2024604,EC50,7.5
3242546,C[C@@H](NC(=O)c1ccc2c(c1)c(C)c(C)n2Cc3ccc(cc3)c4ccccc4C(=O)O)c5ccc(nc5)C6CC6,CHEMBL3699407,IC50,7.5
3242556,C\C(=C/C(=O)c1ccccc1)\NC(Cc2ccc(OCCCOc3ccc(\C=C\c4ccc(cc4)C(F)(F)F)cc3)cc2)C(=O)O,CHEMBL3355865,EC50,7.5
3242567,Cc1c(C)n(Cc2ccc(cc2)c3ccccc3C(=O)O)c4ccc(cc14)C(=O)NC5CCC5,CHEMBL3695826,IC50,7.5
3242577,Cc1c(C)n(Cc2ccc(cc2)c3ccccc3C(=O)O)c4ccc(cc14)C(=O)NCc5ccccc5N,CHEMBL3695829,IC50,7.5
3242587,NC(=O)c1cncc(Oc2c(Cl)cc(NS(=O)(=O)c3ccc(Cl)cc3Cl)cc2Cl)c1,CHEMBL2338481,IC50,7.5
3242597,C[C@@H](NC(=O)c1ccc2c(ccn2Cc3ccc(F)cc3F)c1)c4ccc(cc4)[N+](=O)[O-],CHEMBL3678088,IC50,7.51
3242606,C[C@H](NC(=O)c1ccc2c(c1)c(C)c(C)n2Cc3ccc(cc3)C4(CC4)C(=O)O)c5ccc(Br)cc5,CHEMBL3678137,IC50,7.51
3242615,Cc1c(C)n(Cc2ccc(cc2)c3ccccc3C(=O)O)c4ccc(cc14)C(=O)NCc5ccc(F)c(F)c5,CHEMBL3695815,IC50,7.51
3242625,CC(=O)c1cc(NS(=O)(=O)c2ccc(Cl)cc2Cl)cc(Cl)c1Oc3cncc(Cl)c3,CHEMBL2331773,EC50,7.52
3242636,CC(C)CC\C=C\c1oc(C)c(CCOc2ccc3C[C@H](N(Cc3c2)C(=O)\C=C\C=C(C)C)C(=O)O)n1.CC(C)(C)N,CHEMBL1935608,EC50,7.52
3242646,CC(C)c1cccc(c1)[C@H](C)NC(=O)c2ccc3c(c2)c(C)c(C)n3Cc4ccc(cc4)c5ccccc5,CHEMBL3695860,IC50,7.52
3242656,CC(C)c1cccc(c1)[C@H](C)NC(=O)c2ccc3c(c2)c(C)c(C)n3Cc4ccc(cc4)c5ccccc5C(=O)O,CHEMBL3736229,IC50,7.52
3242667,CCC#CCOc1cc(COc2cccc(c2)C(F)(F)F)ccc1Sc3ccc(OCC(=O)O)c4CCCCc34,CHEMBL499038,Ki,7.52
3242678,CCCCCCC[C@@H]1[C@@H](OCCCCCC(=O)O)C(=CC1=O)I,CHEMBL485155,EC50,7.52
3242689,CCC\C=C\C(=O)N1Cc2cc(OCCc3nc(oc3C)\C=C\CCC(C)C)ccc2C[C@H]1C(=O)O.CC(C)(C)N,CHEMBL1935610,EC50,7.52
3242700,CCCc1c(OCCCCOc2ccc(CC(=O)O)cc2)ccc3c(noc13)c4ccccc4,CHEMBL367311,Ki,7.52
3242711,CCCc1cc(Oc2ccc(CC(C)C)cc2)ccc1OCCCOc3ccc(cc3)C4SC(=O)NC4=O,CHEMBL53746,EC50,7.52
3242721,CCCc1cc(Oc2ccc(O)cc2)ccc1OCCCOc3cccc(c3)C4SC(=O)NC4=O,CHEMBL94397,IC50,7.52
3242732,CCCc1cc(Oc2ccc(OC)cc2)ccc1OCCCOc3ccc(cc3)C4SC(=O)NC4=O,CHEMBL50885,EC50,7.52
3242742,CCCc1cc(ccc1OCCCOc2cccc(c2)C3SC(=O)NC3=O)c4noc5ccccc45,CHEMBL418874,IC50,7.52
3242753,CCNC(=O)c1cc(NS(=O)(=O)c2cc(C)c(Cl)cc2Cl)ccc1Oc3cncc(Cl)c3,CHEMBL2331785,EC50,7.52
3242764,CCOC(Cc1ccc(OCCc2nc(oc2C)c3ccccc3)c4ccccc14)C(=O)O,CHEMBL482952,IC50,7.52
3242775,CC[C@@H]([C@@H]1CCc2cc(OCCc3nc(oc3C)c4ccc(C)cc4)ccc12)C(=O)O,CHEMBL199730,EC50,7.52
3242786,CN(CCOc1ccc(CC(CCCc2ccccc2)C(=O)O)cc1)c3oc4ccccc4n3,CHEMBL304046,Ki,7.52
3242795,C[C@@H](NC(=O)c1ccc2c(c1)c(C)c(C)n2Cc3ccc(cc3)c4ccccc4)c5c(Cl)cccc5Cl,CHEMBL3695864,IC50,7.52
3242805,C\C=C\C=C\C(=O)N1Cc2cc(OCCc3nc(oc3C)\C=C\CCC(C)C)ccc2C[C@H]1C(=O)O.CC(C)(C)N,CHEMBL1935499,EC50,7.52
3242815,CCC(NC(=O)c1ccc2c(c1)c(C)c(C)n2Cc3ccc(Cl)cc3)c4ccccc4,CHEMBL3678099,IC50,7.54
3242825,CCCOc1ccc(C[C@@H](Cc2ccccc2)C(=O)O)cc1CNC(=O)c3ccc(cc3)c4cccc(F)c4,CHEMBL2377524,EC50,7.54
3242836,COc1ccc2ncc(cc2c1)n3c(C)c(Cc4cccc(O[C@@H](C)C(=O)O)c4)c5cc(OC(F)(F)F)ccc35,CHEMBL365387,IC50,7.54
3242847,C\C(=C/C(=O)c1ccccc1)\NC(Cc2ccc(OCCCOc3ccc(cc3)N=Nc4ccc(cc4)[N+](=O)[O-])cc2)C(=O)O,CHEMBL3355869,EC50,7.54
3242858,CC(C)OC(=O)NCc1cc(OCCc2nc(sc2C)N3CCOCC3)ccc1CCC(=O)O,CHEMBL223351,EC50,7.55
3242869,CCO[C@@H](Cc1cccc(c1)\C(=N\OCc2ccc(Cl)cc2)\C)C(=O)O,CHEMBL490220,EC50,7.55
3242880,CN(CCOc1ccc(CC(NCc2ccccc2C(=O)c3ccccc3)C(=O)O)cc1)c4oc5ccccc5n4,CHEMBL146614,Ki,7.55
3242891,COc1cc(O)c2c(OC3=CC(=C(C(=O)C)C(=O)[C@@]23C)O)c1C(=O)NCc4c(C)ccc5ccccc45,CHEMBL2042802,EC50,7.55
3242901,C[C@H](NC(=O)c1ccc2c(c1)c(C)c(C)n2Cc3ccc(cc3)c4ccccc4)c5ccc(OC(F)(F)F)cc5,CHEMBL3695876,IC50,7.55
3242911,C[C@H](NC(=O)c1ccc2c(c1)c(C)c(C)n2Cc3ccc(cc3)c4ccccc4C(=O)O)c5ccc(Br)cc5,CHEMBL3695760,IC50,7.55
3242921,CN(C)c1nc(CCOc2ccc(C[C@H](Nc3ccccc3C(=O)c4ccccc4)C(=O)O)cc2)c(C)s1,CHEMBL146806,Ki,7.56
3242932,CC(C)(C)c1ccc(cc1)n2c(C(=O)O)c(Oc3cccc(c3)C(F)(F)F)c4ccc(Cl)cc24,CHEMBL381865,IC50,7.57
3242943,CCCc1cc(Oc2ccc(Cl)c(C)c2)ccc1OCCCOc3ccc(cc3)C4SC(=O)NC4=O,CHEMBL2259816,EC50,7.57
3242953,CCOC(Cc1ccc2c(ccn2Cc3nc(oc3C)c4ccc(CC)cc4)c1)C(=O)O,CHEMBL213678,IC50,7.57
3242964,CCO[C@@H](Cc1ccc(OCCc2nc(oc2C)c3ccc(cc3)C(F)(F)F)c4ccccc14)C(=O)O,CHEMBL521170,IC50,7.57
3242975,CN(CCOc1ccc(CC2SC(=O)NC2=O)cc1)c3oc4ccccc4n3,CHEMBL17805,Ki,7.57
3242986,COc1cc(O)c2c(OC3=CC(=C(C(=O)C)C(=O)[C@@]23C)O)c1C(=O)NCc4c(C)ccc5cc(F)ccc45,CHEMBL2042812,EC50,7.57
3242996,C[C@H](NC(=O)c1ccc2c(c1)c(C)c(C)n2Cc3ccc(cc3)c4ccccc4C(=O)O)c5cccc(c5F)C(F)(F)F,CHEMBL3699426,IC50,7.57
3243006,Cc1cc(Oc2cccc(CNC(=O)c3[nH]c4ccc(Cl)cc4c3C)c2)ccc1CCC(=O)O,CHEMBL235143,IC50,7.57
3243017,OC(=O)[C@H](Cc1ccc(Oc2ccccc2)cc1)Oc3ccc(Cl)cc3,CHEMBL472245,EC50,7.57
3243028,CC(C)OC(=O)NCc1cc(OCCc2nc(oc2C)c3ccccc3)ccc1CCC(=O)O,CHEMBL219824,IC50,7.59
3243039,CCCCCS(=O)(=O)NC(=O)\C=C\c1ccc(OC(C)C)cc1Oc2ncc(cc2Cl)C(F)(F)F,CHEMBL2024618,EC50,7.59
3243050,CCCc1c(OCCCCOc2cccc(c2)C(C)(C)C(=O)O)ccc3c(noc13)c4ccccc4,CHEMBL435715,Ki,7.59
3243061,CCO[C@@H](Cc1cccc(c1)\C(=N\OCc2ccccc2Cl)\C)C(=O)O,CHEMBL491627,EC50,7.59
3243073,CN(CCOc1ccc(C[C@H](Nc2ccccc2C(=O)c3ccccc3)C(=O)O)cc1)c4ccccn4,CHEMBL434063,EC50,7.59
3243083,COc1ccc(F)cc1[C@H](C)NC(=O)c2ccc3c(c2)c(C)c(C)n3Cc4ccc(cc4)c5ccccc5C(=O)O,CHEMBL3699352,IC50,7.59
3243093,C\C(=C/C(=O)c1ccccc1)\NC(Cc2ccc(OCCOc3ccc(\C=C\c4ccc(Cl)cc4)cc3)cc2)C(=O)O,CHEMBL3355861,EC50,7.59
3243104,Cc1c(C)n(Cc2ccc(cc2)c3ccccc3C(=O)O)c4ccc(cc14)C(=O)NC(c5ccccc5)c6ccccc6,CHEMBL3695813,IC50,7.59
3243114,Cc1oc(nc1CCOc2ccc(CCC(=O)O)c(CNC(=O)Oc3cnccn3)c2)c4ccc(cc4)c5ccccc5,CHEMBL374344,IC50,7.59
3243125,CCNC(=O)c1cc(NS(=O)(=O)c2ccc(I)cc2)ccc1Oc3cncc(Cl)c3,CHEMBL2331777,IC50,7.6
3243136,CCOC(Cc1ccc2c(ccn2Cc3nc(oc3C)c4cc(OC)cc(OC)c4)c1)C(=O)O,CHEMBL211839,IC50,7.6
3243147,COC(C1CC1c2cc(C)c(OC(C)(C)C(=O)O)c(C)c2)c3ccc(OC(F)(F)F)cc3,CHEMBL3103200,EC50,7.6
3243157,C[C@H](NC(=O)c1ccc2c(c1)c(C)c(C)n2Cc3ccc(cc3)c4ccccc4C(=O)O)C5COc6ccccc6O5,CHEMBL3699360,IC50,7.6
3243166,C[C@H](Oc1cc(Cl)cc(Cn2c(C)c(C)c3cc(ccc23)C(=O)N[C@@H](C)c4ccc(cc4)C(C)(C)C)c1)C(=O)O,CHEMBL3678140,IC50,7.6
3243176,C[C@H](Oc1ccc(Cl)c(Cn2c(C)c(Oc3ccc(Cl)cc3)c4cccnc24)c1)C(=O)O,CHEMBL452054,IC50,7.6
3243186,Cc1c(C)n(Cc2ccc(cc2)c3ccccc3C(=O)O)c4ccc(cc14)C(=O)NC5CCCC5,CHEMBL3695827,IC50,7.6
3243198,Cc1oc(nc1CCOc2ccc(C[C@H](Nc3ccccc3C(=O)c4ccccc4)C(=O)O)cc2)c5ccccc5,CHEMBL107367,IC50,7.6
3243209,FC(F)(F)c1ccc(c(Cl)c1)S(=O)(=O)Nc2cc(Cl)c(Oc3cnc4ccccc4c3)c(Cl)c2,CHEMBL2338474,IC50,7.6
3243220,OC(=O)COc1ccc(Sc2ccc(COc3ccc(cc3)C(F)(F)F)cc2OCC#Cc4cccnc4)c5CCCCc15,CHEMBL508733,Ki,7.6
3243231,CCOC(Cc1ccc2c(ccn2Cc3nc(oc3C)c4cccc(Cl)c4)c1)C(=O)O,CHEMBL211513,IC50,7.62
3243241,C[C@H](NC(=O)c1ccc2c(c1)c(C)c(C)n2Cc3cccc(c3)C(C)(C)C(=O)N)c4cccc(c4)C5CC5,CHEMBL3678146,IC50,7.62
3243250,C[C@H](NC(=O)c1ccc2c(c1)c(C)cn2Cc3ccc(cc3)c4ccccc4C(=O)O)c5ccc(Br)cc5,CHEMBL3695856,IC50,7.62
3243260,Cc1c(C)n(Cc2ccc(cc2)c3ccccc3C(=O)O)c4ccc(cc14)C(=O)NCc5ccccc5[N+](=O)[O-],CHEMBL3695852,IC50,7.62
3243270,Cc1oc(nc1CCOc2ccc(C[C@H](N3CCOCC3)C(=O)O)cc2)c4ccccc4,CHEMBL104246,EC50,7.62
3243280,Cc1oc(nc1CCOc2ccc(C[C@]3(CCOCCO3)C(=O)O)cc2)c4ccccc4,CHEMBL2282521,EC50,7.62
3243290,CN(CCOc1ccc(CC(Nc2sccc2C(=O)c3ccccc3)C(=O)O)cc1)c4oc5ccccc5n4,CHEMBL421781,Ki,7.63
3243300,CC(C)c1ccc(CNC(=O)c2ccc3c(c2)c(C)c(C)n3Cc4ccc(cc4)c5ccccc5C(=O)O)cc1,CHEMBL3695768,IC50,7.64
3243310,CCCCCS(=O)(=O)NC(=O)\C=C\c1cc(OC(C)C)nn1Cc2ccc(cc2Cl)C(F)(F)F,CHEMBL1933841,IC50,7.64
3243322,CCCc1c(OCCCSc2ccc(CC(=O)O)cc2Cl)ccc3c(noc13)C(F)(F)F,CHEMBL23296,EC50,7.64
3243333,CCCc1cc(Oc2ccc(O)cc2)ccc1OCCCOc3ccc(cc3)C4SC(=O)NC4=O,CHEMBL2259814,EC50,7.64
3243343,CO[C@@H](Cc1ccc(OCCc2nc(oc2C)c3ccc(cc3)C(F)(F)F)c4ccsc14)C(=O)O,CHEMBL484137,IC50,7.64
3243355,COc1ccc(cc1)C(=O)n2c(C)c(Cc3ccccc3O[C@H](C)C(=O)O)c4cc(OC(F)(F)F)ccc24,CHEMBL182100,IC50,7.64
3243366,C[C@H](Oc1cc(Cn2c(C)c(Oc3ccc(Cl)cc3)c4ccc(F)nc24)ccc1F)C(=O)O,CHEMBL461379,IC50,7.64
3243377,Cc1cc(cc(C)c1OC(C)(C)C(=O)O)C2CC2C(OC(=O)c3ccccc3)c4ccc(OC(F)(F)F)cc4,CHEMBL3103198,EC50,7.64
3243388,Cc1ccc(cc1)c2oc(C)c(CCOc3ccc(CC4(CCCO4)C(=O)O)cn3)n2,CHEMBL221184,Ki,7.64
3243399,Cc1oc(nc1CCOc2cccc(Cc3nn(cc3C(=O)O)c4ccccc4)c2)c5ccccc5,CHEMBL473952,EC50,7.64
3243410,Fc1ccc(cc1)n2nc(cc2NS(=O)(=O)c3cc(cc(c3)C(F)(F)F)C(F)(F)F)c4cccs4,CHEMBL208472,IC50,7.64
3243420,CC(C)c1cccc(c1)[C@H](C)NC(=O)c2ccc3c(c2)c(C)c(C)n3Cc4ccc(cc4)c5ccccc5c6nn[nH]n6,CHEMBL3699388,IC50,7.66
3243430,CCC(C1CCc2cc(OCCc3nc(oc3C)c4ccc(cc4)C(C)C)ccc12)C(=O)O,CHEMBL382957,EC50,7.66
3243441,CCCOc1ccc(C[C@H](CC2CCCCC2)C(=O)O)cc1CNC(=O)c3ccc(cc3)C45CC6CC(CC(C6)C4)C5,CHEMBL2158961,EC50,7.66
3243454,CCCOc1ccc(C[C@H](Cc2ccccc2)C(=O)O)cc1CNC(=O)c3ccc(cc3)C45CC6CC(CC(C6)C4)C5,CHEMBL1651238,EC50,7.66
3243465,CCCc1c(OCCCOc2ccc(OC(C)C(=O)O)cc2)ccc3c(noc13)c4ccccc4,CHEMBL172490,Ki,7.66
3243476,COc1cc(O)c2c(OC3=CC(=C(C(=O)C)C(=O)[C@@]23C)O)c1C(=O)NCc4c(C)cc(Cl)c5ccccc45,CHEMBL2042806,EC50,7.66
3243486,C[C@H](NC(=O)c1ccc2c(c1)c(C)c(C)n2Cc3ccc(cc3)c4ccccc4C(=O)O)c5ccccc5C(F)(F)F,CHEMBL3699354,IC50,7.66
3243496,C[C@H](Oc1cc(Cn2c(C)c(Oc3ccc(Cl)cc3)c4ccc(nc24)C(F)(F)F)ccc1Cl)C(=O)O,CHEMBL517436,IC50,7.66
3243506,Cc1c(C)n(Cc2ccc(cc2)c3ccccc3C(=O)O)c4ccc(cc14)C(=O)NC5COc6ccccc6C5,CHEMBL3699442,IC50,7.66
3243515,Cc1c(C)n(Cc2ccc(cc2)c3ccccc3C(=O)O)c4ccc(cc14)C(=O)N[C@@H]5C[C@H]5c6ccccc6,CHEMBL3699421,IC50,7.66
3243525,CC(C)(C)c1ccc(cc1)n2c(C(=O)O)c(Oc3cccc(c3)C(F)(F)F)c4ccc(Cl)nc24,CHEMBL198623,IC50,7.68
3243536,CCC(C1CCc2cc(OCCc3nc(oc3C)c4cccc(c4)C(F)(F)F)ccc12)C(=O)O,CHEMBL199559,EC50,7.68
3243547,CCCCCS(=O)(=O)NC(=O)CCc1cc(OC(C)C)nn1Cc2ccc(cc2Cl)C(F)(F)F,CHEMBL1933822,IC50,7.68
3243558,CCCOC(=O)N1CCc2c(OCCc3nc(oc3C)c4ccc(cc4)c5ccccc5)ccc(CCC(=O)O)c2C1,CHEMBL219836,IC50,7.68
3243569,CCO[C@@H](Cc1ccc(OCCc2nc(oc2C)c3ccccc3)c4ccsc14)C(=O)O,CHEMBL484962,IC50,7.68
3243579,CCOc1cccc(c1)[C@H](C)NC(=O)c2ccc3c(c2)c(C)c(C)n3Cc4ccc(cc4)c5ccccc5,CHEMBL3695874,IC50,7.68
3243589,CO[C@@H](Cc1ccc(OCCCOc2ccc(cc2)c3ccccc3)cc1)C(=O)O,CHEMBL182884,IC50,7.68
3243599,COc1c(F)cccc1[C@H](C)NC(=O)c2ccc3c(c2)c(C)c(C)n3Cc4ccc(cc4)c5ccccc5,CHEMBL3695898,IC50,7.68
3243609,C[C@H](NC(=O)c1ccc2c(c1)c(C)c(C)n2Cc3ccc(cc3)c4ccccc4C(=O)O)c5ccc(F)cc5,CHEMBL3695845,IC50,7.68
3243619,C\C(=C/C(=O)c1ccccc1)\NC(Cc2ccc(OCCOc3ccc(\C=C\c4ccc(C)cc4)cc3)cc2)C(=O)O,CHEMBL3355863,EC50,7.68
3243630,Clc1ccc(c(Cl)c1)S(=O)(=O)Nc2cc(Cl)c(Oc3cncc(Cl)c3)c(Cl)c2,CHEMBL2331772,IC50,7.68
3243641,Clc1ccc(c(Cl)c1)S(=O)(=O)Nc2ccc(Oc3cncc(Cl)c3)c(Cl)c2,CHEMBL2331782,IC50,7.68
3243652,CCCCCC(=O)N1Cc2cc(OCCc3nc(oc3C)\C=C\CCC(C)C)ccc2C[C@H]1C(=O)O.CC(C)(C)N,CHEMBL1935611,EC50,7.7
3243663,CCCCCCCCCC(=O)N(C)CCOc1ccc(CC2SC(=O)NC2=O)cc1,CHEMBL82041,Ki,7.7
3243673,CCCc1c(OCCCCOc2ccc(CC(C)(C)C(=O)O)cc2)ccc3c(noc13)c4ccccc4,CHEMBL173159,Ki,7.7
3243684,CCCc1c(OCCCCOc2ccc(OC(C)C(=O)O)cc2)ccc3c(noc13)c4ccccc4,CHEMBL369607,Ki,7.7
3243695,CCCc1cc(Oc2ccc(cc2)c3ccccc3)ccc1OCCCOc4ccc(cc4)C5SC(=O)NC5=O,CHEMBL430970,EC50,7.7
3243705,CCCc1ccc(Oc2c(C)n(c3noc4cc(Cl)ccc34)c5ccc(OC(F)(F)F)cc25)cc1O[C@@H](C)C(=O)O,CHEMBL365315,IC50,7.7
3243716,CCOC(=O)N1C[C@H](CC(=O)O)[C@@H](C1)c2cccc(OCCc3nc(oc3C)c4ccccc4)c2,CHEMBL3398430,EC50,7.7
3243727,CCO\C=C\C(=O)N1Cc2cc(OCCc3nc(oc3C)\C=C\CCC(C)C)ccc2C[C@H]1C(=O)O.CC(C)(C)N,CHEMBL1935618,EC50,7.7
3243737,CC[C@@H](NC(=O)c1ccc2c(c1)c(C)c(C)n2Cc3ccccc3c4cccc(c4)C(=O)O)c5ccccc5,CHEMBL3695911,IC50,7.7
3243747,CCc1nc2C=CN(Cc3ccccc3OC(F)(F)F)C(=O)c2n1[C@H]4CCc5cc(ccc45)c6ccccc6c7nnn[nH]7,CHEMBL2322447,EC50,7.7
3243758,COC(C1CC1c2cc(C)c(OC(C)(C)C(=O)O)c(C)c2)c3ccc(cc3)C(F)(F)F,CHEMBL3103195,EC50,7.7
3243769,COCC#CCOc1cc(COc2ccc(cc2)C(F)(F)F)ccc1Sc3ccc(OCC(=O)O)c4CCCCc34,CHEMBL503072,Ki,7.7
3243779,COc1cc(OC)cc(c1)[C@H](C)NC(=O)c2ccc3c(c2)c(C)c(C)n3Cc4ccc(cc4)c5ccccc5,CHEMBL3695870,IC50,7.7
3243789,COc1cccc(c1)c2oc(C)c(CCOc3ccc(CC4(CCCO4)C(=O)O)nc3)n2,CHEMBL221438,Ki,7.7
3243800,C[C@H](CCOc1ccc(CCC(=O)O)c(C)c1)Oc2ccc(cc2c3ccccn3)C(F)(F)F,CHEMBL241478,IC50,7.7
3243810,C[C@H](NC(=O)c1ccc2c(c1)c(C)c(C)n2Cc3ccc(cc3)c4ccccc4)[C@H]5CCCN5C(=O)OCc6ccccc6,CHEMBL3699384,IC50,7.7
3243819,C[C@H](Oc1cc(Cn2c(C)c(C)c3cc(ccc23)C(=O)N[C@@H](C)c4cccc(c4)C5CC5)ccc1F)C(=O)O,CHEMBL3678160,IC50,7.7
3243829,C\C=C\C=C\C(=O)N1Cc2cc(OCCc3nc(oc3C)\C(=C\CCC(C)C)\C)ccc2C[C@H]1C(=O)O.CC(C)(C)N,CHEMBL1935501,EC50,7.7
3243840,Cc1c(C)n(Cc2ccc(cc2)c3ccccc3C(=O)O)c4ccc(cc14)C(=O)NCc5cccc(c5)[N+](=O)[O-],CHEMBL3695843,IC50,7.7
3243850,Cc1ccccc1C(=O)NCc2cccc(Oc3ccc(OC(C)(C)C(=O)O)c(C)c3)c2,CHEMBL393940,IC50,7.7
3243861,Cc1oc(nc1CCOc2ccc(C[C@H](C(=O)O)n3cccc3)cc2)c4ccccc4,CHEMBL2237304,EC50,7.7
3243871,Cc1oc(nc1CCOc2ccc(C[C@]3(OC=CC=C3)C(=O)O)cc2)c4ccccc4,CHEMBL2282519,EC50,7.7
3243881,Fc1cc(NS(=O)(=O)c2ccc(Cl)cc2Cl)cc(Cl)c1Oc3cncc(Cl)c3,CHEMBL2331771,EC50,7.7
3243891,CC(C)Oc1cccc(c1)[C@H](C)NC(=O)c2ccc3c(c2)c(C)c(C)n3Cc4ccc(cc4)c5ccccc5C(=O)O,CHEMBL3699345,IC50,7.72
3243901,CC(C)c1cccc(Oc2c(C(=O)O)n(c3ccc(cc3)C(C)(C)C)c4cc(Cl)ccc24)c1,CHEMBL372639,IC50,7.72
3243911,CC(NC(=O)c1ccc2c(c1)c(C)c(C)n2Cc3ccc(cc3)c4ccccc4C(=O)O)c5cncc(c5)C6CC6,CHEMBL3699403,IC50,7.72
3243921,CCC(C1CCc2cc(OCCc3nc(oc3C)c4ccc(cc4)C(C)(C)C)ccc12)C(=O)O,CHEMBL199579,EC50,7.72
3243932,CCCc1cc(ccc1OCCCOc2cccc(c2)C3SC(=O)NC3=O)C(=O)c4ccccc4,CHEMBL331071,IC50,7.72
3243943,CC[C@@H]([C@H]1CCc2cc(OCCc3nc(oc3C)c4ccccc4)ccc12)C(=O)O,CHEMBL200781,EC50,7.72
3243954,CCc1cc(OCC[C@@H](C)Oc2ccc(Cl)cc2Oc3ccccc3)ccc1CCC(=O)O,CHEMBL215701,IC50,7.72
3243965,CO[C@@H](Cc1ccc(OCCc2nc(oc2C)c3ccccc3)c4ccsc14)C(=O)O,CHEMBL519504,IC50,7.72
3243976,COc1cc(NS(=O)(=O)c2ccc(Cl)cc2Cl)ccc1Oc3cncc(Cl)c3,CHEMBL2338487,IC50,7.72
3243986,C[C@H](NC(=O)c1ccc2c(c1)c(C)c(C)n2Cc3ccc(cc3)c4ccccc4C(=O)O)c5cccc(n5)C6CC6,CHEMBL3699417,IC50,7.72
3243995,Cc1c(C)n(Cc2ccc(cc2)c3ccccc3)c4ccc(cc14)C(=O)NCc5ccc(F)cc5F,CHEMBL3695887,IC50,7.72
3244005,Cc1ncsc1CCOc2ccc(C[C@H](Nc3ccccc3C(=O)c4ccccc4)C(=O)O)cc2,CHEMBL343459,Ki,7.73
3244016,CCO[C@@H](Cc1ccc(OCCN2CCC(C)(C)c3cc(ccc23)\C(=N\OCc4ccccc4)\c5ccccc5)cc1)C(=O)O,CHEMBL556643,Ki,7.74
3244027,CC(C)COc1ccc2c(c1)c(Oc3cccc(c3)C(F)(F)F)c(C(=O)O)n2c4ccc(cc4)C(C)(C)C,CHEMBL198091,IC50,7.75
3244038,CCC(CCOc1ccc(CCC(=O)O)c(C)c1)Oc2ccc(CC)cc2C(=O)c3ccccc3,CHEMBL215127,IC50,7.75
3244049,CCC(NC(=O)c1ccc2c(cc(C)n2Cc3ccc(cc3)c4ccccc4C(=O)O)c1)c5ccccc5,CHEMBL602263,IC50,7.75
3244060,CCCCCCCCC(=O)N(C)CCOc1ccc(CC2SC(=O)NC2=O)cc1,CHEMBL432747,Ki,7.75
3244070,CCNC(=O)c1cc(NS(=O)(=O)c2ccc(Br)cc2OC(F)(F)F)ccc1Oc3cncc(Cl)c3,CHEMBL2331774,IC50,7.75
3244081,CCO[C@@H](Cc1ccc(OCCN2CCC(C)(C)c3cc(ccc23)\C(=N/OC)\c4ccccc4)cc1)C(=O)O,CHEMBL253416,Ki,7.75
3244091,CCO[C@@H](Cc1ccc(OCCN2CCC(C)(C)c3cc(ccc23)\C(=N\OC)\c4ccccc4)cc1)C(=O)O,CHEMBL565198,Ki,7.75
3244103,CCO[C@@H](Cc1ccc(OCCc2ccc(OS(=O)(=O)C)cc2)cc1)C(=O)O,CHEMBL282686,Ki,7.75
3244114,CCOc1ccc2c(c1)c(Oc3cccc(c3)C(F)(F)F)c(C(=O)O)n2c4ccc(cc4)C(C)(C)C,CHEMBL198266,IC50,7.75
3244125,CN(CCOc1ccc(CC2SC(=O)NC2=O)cc1)C(=O)\C=C\CCC=C,CHEMBL83612,Ki,7.75
3244135,COc1ccc(Oc2cc(ncn2)N(C)CCOc3ccc(CC4SC(=O)NC4=O)cc3)cc1.OS(=O)(=O)O,CHEMBL3780740,IC50,7.75
3244145,C[C@H](NC(=O)c1ccc2c(c1)c(C)c(C)n2Cc3ccc(cc3)c4ccccc4)c5cccc(Cl)c5F,CHEMBL3699378,IC50,7.75
3244155,Cc1c(C)n(Cc2ccc(cc2)c3ccccc3C(=O)O)c4ccc(cc14)C(=O)NCCCc5ccccc5,CHEMBL602670,IC50,7.75
3244166,Cc1cc(Oc2cccc(CNC(=O)c3ccc(cc3)C(F)(F)F)c2)ccc1OC(C)(C)C(=O)O,CHEMBL392058,IC50,7.75
3244177,Cc1oc(nc1CCOc2ccc(CC(C)(Oc3ccccc3)C(=O)O)cc2)c4ccccc4,CHEMBL82034,IC50,7.75
3244188,CC(C)(C)c1ccc(cc1)n2c(C(=O)O)c(Oc3cccc(c3)C(F)(F)F)c4cc(Cl)ccc24,CHEMBL198207,IC50,7.77
3244199,CC(C)COC(=O)N1CCc2c(OCCc3nc(oc3C)c4ccccc4)ccc(CCC(=O)O)c2C1,CHEMBL446365,IC50,7.77
3244210,CC(C)[C@H](Oc1cccc(Cn2c(C)c(C(=O)c3ccc(Cl)cc3)c4ccc(OC(F)(F)F)cc24)c1)C(=O)O,CHEMBL564902,IC50,7.77
3244220,CC(C)c1cccc(c1)[C@@H](NC(=O)c2ccc3c(c2)c(C)c(C)n3Cc4ccc(cc4)c5ccccc5)C(F)(F)F,CHEMBL3695862,IC50,7.77
3244230,CCCc1c(OCCCCOc2ccc(cc2)C(C)(C)C(=O)O)ccc3c(noc13)c4ccccc4,CHEMBL368371,Ki,7.77
3244241,CCO[C@@H](Cc1ccc(OCCc2nc(oc2C)c3ccc(cc3)C(F)(F)F)c4ccsc14)C(=O)O,CHEMBL484000,IC50,7.77
3244251,COCCNC(=O)c1ccc2c(c1)c(C)c(C)n2Cc3ccc(cc3)c4ccccc4C(=O)O,CHEMBL3695828,IC50,7.77
3244261,COc1ccc(cc1)c2oc(C)c(CCOc3ccc(CC4(CCCO4)C(=O)O)cn3)n2,CHEMBL221649,Ki,7.77
3244271,COc1ccc(cc1Cl)[C@H](C)NC(=O)c2ccc3c(c2)c(C)c(C)n3Cc4ccc(cc4)c5ccccc5C(=O)O,CHEMBL3695915,IC50,7.77
3244280,C[C@@H](NC(=O)c1ccc2c(c1)c(C)c(C)n2Cc3ccc(cc3)c4ccccc4)c5cc(F)ccc5C(F)(F)F,CHEMBL3699385,IC50,7.77
3244289,C[C@H](NC(=O)c1ccc2c(c1)c(C)c(C)n2Cc3ccc(cc3)c4ccccc4)c5c(F)ccc(F)c5F,CHEMBL3699382,IC50,7.77
3244299,C[C@H](NC(=O)c1ccc2c(c1)c(C)c(C)n2Cc3ccc(cc3)c4ccccc4C(=O)O)c5cccc(c5)C(C)(C)O,CHEMBL3736075,IC50,7.77
3244309,Cc1c(C)n(Cc2ccc(cc2)c3ccccc3C(=O)O)c4ccc(cc14)C(=O)NCC5COc6ccccc6C5,CHEMBL3695824,IC50,7.77
3244318,Cc1c(C)n(Cc2ccc(cc2)c3ccccc3C(=O)O)c4ccc(cc14)C(=O)NCc5ccccc5Br,CHEMBL3695851,IC50,7.77
3244328,Cc1ccc(Oc2ccc(OC(C)(C)C(=O)O)c(C)c2)cc1CNC(=O)c3ccc(cc3F)C(F)(F)F,CHEMBL237519,IC50,7.77
3244339,Cc1oc(nc1CCOc2ccc(CCC(=O)O)c(CNC(=O)Oc3cnccn3)c2)c4ccccc4,CHEMBL223350,IC50,7.77
3244350,Clc1ccc(c(Cl)c1)S(=O)(=O)Nc2cc(Cl)c(Oc3cnc4ccccc4c3)c(Cl)c2,CHEMBL1236924,IC50,7.77
3244361,CCC(C1CCc2cc(OCCc3nc(oc3C)c4ccc5ccccc5c4)ccc12)C(=O)O,CHEMBL371041,EC50,7.8
3244372,CCCCc1ccc(cc1)c2oc(C)c(CCOc3ccc4C(CCc4c3)C(CC)C(=O)O)n2,CHEMBL369930,EC50,7.8
3244383,CCc1cc(OCC[C@@H](C)Oc2ccc(cc2c3ccccn3)C(F)(F)F)ccc1CCC(=O)O,CHEMBL238970,IC50,7.8
3244394,COc1cc(O)c2c(OC3=CC(=C(C(=O)C)C(=O)[C@@]23C)O)c1C(=O)NCc4c(C)ccc5c(F)cccc45,CHEMBL2042811,EC50,7.8
3244404,COc1ccc(CNC(=O)c2ccc3c(c2)c(C)c(C)n3Cc4ccc(cc4)c5ccccc5C(=O)O)c(OC)c1,CHEMBL3695777,IC50,7.8
3244414,COc1ccc(cc1)C(=O)c2c(C)n(Cc3cccc(O[C@@H](C)C(=O)O)c3)c4nc(C)ccc24,CHEMBL510180,IC50,7.8
3244424,COc1ccccc1[C@H](C)NC(=O)c2ccc3c(c2)c(C)c(C)n3Cc4ccc(cc4)c5ccccc5,CHEMBL3695896,IC50,7.8
3244433,C[C@H](Oc1cc(Cn2c(C)c(C)c3cc(ccc23)C(=O)N[C@@H](C)c4ccc(cc4)C(C)(C)C)ccc1F)C(=O)O,CHEMBL3678159,IC50,7.8
3244443,Cc1c(C(=O)c2ccc(Cl)cc2)c3ccc(OC(F)(F)F)cc3n1Cc4cccc(OC5(CCC5)C(=O)O)c4,CHEMBL560830,IC50,7.8
3244454,Cc1cccc(c1)c2oc(C)c(CCOc3ccc(CC4(CCCO4)C(=O)O)cn3)n2,CHEMBL374448,Ki,7.8
3244465,Cc1oc(nc1CCOc2cccc(c2)C3=C(CC(=O)O)CCN(C3)C(=O)Oc4ccccc4)c5ccccc5,CHEMBL255309,IC50,7.8
3244476,CN(C)Cc1ccc(cc1)C(=O)c2ccccc2NC(Cc3ccc(OCCc4nc(oc4C)c5ccccc5)cc3)C(=O)O,CHEMBL359150,Ki,7.81
3244487,CNC(=O)c1ccccc1NC(Cc2ccc(OCCc3nc(oc3C)c4ccccc4)cc2)C(=O)O,CHEMBL147419,Ki,7.81
3244498,CC(=O)c1cc(NS(=O)(=O)c2ccc(Cl)cc2Cl)ccc1Oc3cncc(Cl)c3,CHEMBL2331781,IC50,7.82
3244509,CC(C)CCS(=O)(=O)NC(=O)\C=C\c1cc(OC(C)C)nn1Cc2ccc(cc2Cl)C(F)(F)F,CHEMBL1933842,IC50,7.82
3244520,CCCCCS(=O)(=O)NC(=O)\C=C\c1ccc(OCCCC#N)cc1Oc2ncc(cc2Cl)C(F)(F)F,CHEMBL2022129,EC50,7.82
3244531,CCCCCS(=O)(=O)NC(=O)\C=C\c1ccc(OCCOC)cc1Oc2ncc(cc2Cl)C(F)(F)F,CHEMBL2024606,EC50,7.82
3244542,CCNC(=O)c1cc(NS(=O)(=O)c2ccc(Cl)cc2Cl)ccc1Oc3cncc(Cl)c3,CHEMBL2331786,EC50,7.82
3244553,CCOC(Cc1ccc2c(ccn2Cc3nc(oc3C)c4ccc(cc4)C(C)(C)C)c1)C(=O)O,CHEMBL213602,IC50,7.82
3244564,COC(Cc1ccc(OCCN(C)c2oc3ccccc3n2)cc1)C(=O)O,CHEMBL67948,Ki,7.82
3244574,COC(Cc1ccc(OCCc2ccc(Oc3cccc(Cl)c3)cc2C)nc1)C(=O)O,CHEMBL426878,Ki,7.82
3244584,C[C@@H](NC(=O)c1ccc2c(c1)c(C)c(C)n2Cc3ccc(cc3)c4ccccc4C(=O)O)c5ccnc(c5)C6CC6,CHEMBL3699413,IC50,7.82
3244594,C[C@H](CCOc1ccc(CCC(=O)O)c(C)c1)Oc2ccc(Cl)cc2Oc3ccccc3,CHEMBL214026,IC50,7.82
3244604,C[C@H](NC(=O)c1ccc2c(c1)c(C)c(C)n2Cc3ccc(cc3)c4ccccc4C(=O)O)c5cc(Cl)cc(Cl)c5,CHEMBL3699365,IC50,7.82
3244613,C[C@H](NC(=O)c1ccc2c(c1)c(C)c(C)n2Cc3ccc(cc3)c4ccccc4C(=O)O)c5ccc(Cl)c(c5)C(F)(F)F,CHEMBL3699368,IC50,7.82
3244622,C[C@H](NC(=O)c1ccc2c(c1)c(C)c(C)n2Cc3ccc(cc3)c4ccccc4C(=O)O)c5cccc(Br)n5,CHEMBL3699416,IC50,7.82
3244632,C[C@H](Oc1ccc(Cl)c(Cn2c(C)c(Oc3ccc(Cl)cc3)c4ccc(F)nc24)c1)C(=O)O,CHEMBL461378,IC50,7.82
3244643,Cc1cc(Oc2cccc(CNC(=O)c3ccc(cc3Cl)C(F)(F)F)c2)ccc1OC(C)(C)C(=O)O,CHEMBL393938,IC50,7.82
3244654,Cc1oc(nc1CCOc2ccc(CC3(CCCO3)C(=O)O)cn2)c4cccc(c4)C(F)(F)F,CHEMBL221525,Ki,7.82
3244665,CCC(C1CCc2cc(OCCc3nc(oc3C)c4ccc5OCOc5c4)ccc12)C(=O)O,CHEMBL197866,EC50,7.85
3244676,CCCc1cc(Oc2ccccc2)ccc1OCCCOc3ccc(cc3)C4SC(=O)NC4=O,CHEMBL300629,EC50,7.85
3244689,C[C@@H](Oc1cc(CN2C(=O)N(c3ccc(cc23)C(F)(F)F)c4noc5cc(C)ccc45)ccc1Cl)C(=O)O,CHEMBL1946753,IC50,7.85
3244699,C[C@H](NC(=O)c1ccc2c(ccn2Cc3ccc(F)cc3F)c1)c4ccc(F)cc4,CHEMBL3678093,IC50,7.85
3244709,Cc1c(C)n(Cc2ccc(cc2)c3ccccc3C(=O)O)c4ccc(cc14)C(=O)NCc5ccc(Br)cc5,CHEMBL3695771,IC50,7.85
3244719,Cc1ccc(CNC(=O)c2ccc3c(c2)c(C)c(C)n3Cc4ccc(cc4)c5ccccc5C(=O)O)cc1,CHEMBL3695840,EC50,7.85
3244730,Cc1oc(nc1CCOc2ccc(CC3SC(=O)NC3=O)cc2)c4ccccc4,CHEMBL59132,IC50,7.85
3244741,COc1ccc2c(noc2c1)N3C(=O)N(Cc4cc(O[C@H](C)C(=O)O)ccc4Cl)c5ccccc35,CHEMBL1947146,IC50,7.86
3244752,CN(CCOc1ccc(CC(Nc2ccc(C)cc2C(=O)c3ccccc3)C(=O)O)cc1)c4oc5ccccc5n4,CHEMBL359333,Ki,7.87
3244763,CC(C)(C)c1ccc(cc1)n2c(C(=O)O)c(Oc3ccc(Cl)c(c3)C(F)(F)F)c4cc(Cl)ccc24,CHEMBL370648,IC50,7.89
3244774,CC(C)c1ccc(cc1)[C@H](C)NC(=O)c2ccc3c(c2)c(C)c(C)n3Cc4ccc(cc4)c5ccccc5C(=O)O,CHEMBL3735674,IC50,7.89
3244786,CCC(NC(=O)c1ccc2c(c1)c(C)c(C)n2Cc3ccc(cc3)c4ccccc4C(=O)O)c5ccccc5,CHEMBL602468,EC50,7.89
3244797,CCCc1c(OCCCCOc2ccc(\C=C\C(=O)O)cc2)ccc3c(noc13)c4ccccc4,CHEMBL172492,Ki,7.89
3244808,CCOC(Cc1ccc2c(ccn2Cc3nc(oc3C)c4ccc(cc4)C(C)C)c1)C(=O)O,CHEMBL387023,IC50,7.89
3244819,CCO[C@@H](Cc1ccc(OCCc2nc(oc2C)c3ccccc3)c4sccc14)C(=O)O,CHEMBL519351,IC50,7.89
3244829,CN(C)c1ccc(CNC(=O)c2ccc3c(c2)c(C)c(C)n3Cc4ccc(cc4)c5ccccc5C(=O)O)cc1,CHEMBL3695770,IC50,7.89
3244839,CO[C@@H](Cc1ccc(OCCCOc2ccc(Oc3ccccc3)cc2)c(OC)c1)C(=O)O,CHEMBL180504,IC50,7.89
3244850,CO[C@@H](Cc1ccc(cc1)C#CCCOc2ccc(Oc3ccccc3)cc2)C(=O)O,CHEMBL181656,IC50,7.89
3244860,COc1ccc(CNC(=O)c2ccc3c(c2)c(C)c(C)n3Cc4ccc(cc4)c5ccccc5C(=O)O)cc1F,CHEMBL3695844,IC50,7.89
3244869,COc1cccc(c1)[C@H](C)NC(=O)c2ccc3c(c2)c(C)c(C)n3Cc4ccc(cc4)c5ccccc5C(=O)O,CHEMBL3695778,IC50,7.89
3244878,C[C@H](NC(=O)c1ccc2c(c1)c(C)c(C)n2Cc3ccc(cc3)c4ccccc4)c5ccc(C)cc5,CHEMBL3695900,IC50,7.89
3244888,C[C@H](NC(=O)c1ccc2c(c1)c(C)c(C)n2Cc3ccc(cc3)c4ccccc4C(=O)O)c5ccc(C)cc5,CHEMBL3735470,IC50,7.89
3244898,C[C@H](NC(=O)c1ccc2c(c1)c(C)c(C)n2Cc3cccc(c3)C4(CC4)C(=O)O)c5cccc(c5)C6CC6,CHEMBL3678161,IC50,7.89
3244907,Cc1c(C)n(Cc2ccc(cc2)c3ccccc3C(=O)O)c4ccc(cc14)C(=O)NCc5cccc(N)c5,CHEMBL3695818,IC50,7.89
3244917,Cc1cc(Oc2cccc(CNC(=O)c3cc4cc(Cl)ccc4[nH]3)c2)ccc1CCC(=O)O,CHEMBL237277,IC50,7.89
3244928,Cc1oc(nc1CCOc2ccc(Cc3nn(nc3CC(=O)O)c4ccccc4)cc2)c5ccccc5,CHEMBL491142,EC50,7.89
3244939,CN(C)CCCNc1nc(CCOc2ccc(C[C@H](Nc3ccccc3C(=O)c4ccccc4)C(=O)O)cc2)c(C)s1,CHEMBL356707,Ki,7.91
3244950,CC(C)(C)c1ccc(cc1)n2c(C(=O)O)c(Oc3cccc(c3)C(F)(F)F)c4ccccc24,CHEMBL373237,IC50,7.92
3244961,CCC(NC(=O)c1ccc2c(c1)c(SC)c(C)n2Cc3ccc(cc3)c4ccccc4C(=O)O)c5ccccc5,CHEMBL606422,IC50,7.92
3244972,CCCCCS(=O)(=O)NC(=O)\C=C\c1cc(nn1Cc2ccc(cc2Cl)C(F)(F)F)C3CC3,CHEMBL1933845,IC50,7.92
3244983,CCCOC(=O)N1CCc2c(OCCc3nc(oc3C)c4ccccc4)ccc(CCC(=O)O)c2C1,CHEMBL376460,EC50,7.92
3244994,CCCOc1ccc(C[C@@H](CC2CCCCC2)C(=O)O)cc1CNC(=O)c3ccc(cc3)C45CC6CC(CC(C6)C4)C5,CHEMBL2158960,EC50,7.92
3245005,CCC[C@@H](Oc1cccc(Cn2c(C)c(C(=O)c3ccc(Cl)cc3)c4ccc(OC(F)(F)F)cc24)c1)C(=O)O,CHEMBL564036,IC50,7.92
3245016,CCOC(C1CCc2cc(OCCc3nc(oc3C)c4ccccc4)ccc12)C(=O)O,CHEMBL436113,EC50,7.92
3245027,CCc1cc(F)c2ccccc2c1CNC(=O)c3c(OC)cc(O)c4c3OC5=CC(=C(C(=O)C)C(=O)[C@@]45C)O,CHEMBL2042814,EC50,7.92
3245038,CCc1ccc(OC(C)CCOc2ccc(CCC(=O)O)c(C)c2)c(c1)C(=O)c3ccccc3,CHEMBL378068,IC50,7.92
3245048,COc1cc(F)cc(c1)[C@H](C)NC(=O)c2ccc3c(c2)c(C)c(C)n3Cc4ccc(cc4)c5ccccc5,CHEMBL3695869,IC50,7.92
3245058,C\C(=C/C(=O)c1ccccc1)\NC(Cc2ccc(OCCCOc3ccc(\C=C\c4ccc(Cl)cc4)cc3)cc2)C(=O)O,CHEMBL3355862,EC50,7.92
3245069,C\C(=C/C(=O)c1ccccc1)\NC(Cc2ccc(OCCOc3ccc(\C=C\c4ccccc4)cc3)cc2)C(=O)O,CHEMBL3355859,EC50,7.92
3245080,Cc1cc(CNC(=O)c2ccc(cc2F)C(F)(F)F)cc(Oc3ccc(OC(C)(C)C(=O)O)c(C)c3)c1,CHEMBL237518,IC50,7.92
3245091,Cc1cc(Oc2cccc(CNC(=O)c3ccc(cc3Br)C(F)(F)F)c2)ccc1OC(C)(C)C(=O)O,CHEMBL236877,IC50,7.92
3245102,Cc1cc(Oc2cccc(CNC(=O)c3ccc(cc3F)C(F)(F)F)c2)ccc1OC(C)(C)C(=O)O,CHEMBL236876,IC50,7.92
3245112,Cc1oc(CNC(=O)c2ccc3c(c2)c(C)c(C)n3Cc4ccc(cc4)c5ccccc5C(=O)O)cc1,CHEMBL3695822,IC50,7.92
3245122,CCCOc1ccc(C[C@@H](Cc2ccccc2)C(=O)O)cc1CNC(=O)c3ccc(cc3)N4CC5CCC(C5)C4,CHEMBL3317866,EC50,7.93
3245133,C\C(=N/[C@@H](Cc1ccc(OCc2ccccc2)cc1)C(=O)O)\C=C(/O)\c3ccccc3,CHEMBL356350,Ki,7.93
3245144,OC(=O)[C@H](Cc1ccc(OCCOc2ccc(SCl)cc2)cc1)Nc3ccccc3C(=O)c4ccccc4,CHEMBL145941,Ki,7.94
3245155,C[C@@H](Oc1cc(CN2C(=O)N(c3ccc(cc23)C(F)(F)F)c4noc5ccc(C)cc45)ccc1Cl)C(=O)O,CHEMBL1946572,IC50,7.95
3245166,CC(C)(C)c1ccc(cc1)n2c(C(=O)O)c(Oc3cccc(c3)C(F)(F)F)c4cc(Oc5ccc[nH]5)ccc24,CHEMBL198269,IC50,7.96
3245177,CCCc1c(OCCCSc2ccc(CC(=O)O)cc2Cl)ccc3c(noc13)c4ccccc4,CHEMBL367019,Ki,7.96
3245188,CCO[C@@H](Cc1ccc(OCCn2c3ccccc3c4ccncc24)cc1)C(=O)O,CHEMBL166637,EC50,7.96
3245198,COCCCS(=O)(=O)NC(=O)CCc1ccc(OCCOC)cc1Oc2ncc(cc2Cl)C(F)(F)F,CHEMBL2022748,EC50,7.96
3245209,CO[C@@H](Cc1ccc(OCCc2nc(oc2C)c3ccccc3)c4sccc14)C(=O)O,CHEMBL484330,IC50,7.96
3245219,C[C@@H](NC(=O)c1ccc2c(c1)c(C)c(C)n2Cc3ccc(cc3)c4ccccc4)c5ccncc5,CHEMBL3695890,IC50,7.96
3245228,C[C@@H](NC(=O)c1ccc2c(c1)c(C)c(C)n2Cc3ccc(cc3)c4ccccc4C(=O)O)c5ccc(cc5)S(=O)(=O)C,CHEMBL3699419,IC50,7.96
3245237,C[C@@H](NC(=O)c1ccc2c(c1)c(C)c(C)n2Cc3ccc(cc3)c4ccccc4C(=O)O)c5ccc(cc5C(F)(F)F)C(F)(F)F,CHEMBL3699355,IC50,7.96
1731318,C[C@@H](Oc1cccc(Cn2c(C)c(C(=O)c3ccc(Cl)cc3)c4ccc(OC(F)(F)F)cc24)c1)C(=O)O,CHEMBL461571,IC50,7.96
3245248,C[C@H](NC(=O)c1ccc2c(c1)c(C)c(C)n2Cc3ccc(cc3)c4ccccc4)c5ccc(Cl)cc5C,CHEMBL3699372,IC50,7.96
3245257,C[C@H](NC(=O)c1ccc2c(c1)c(C)c(C)n2Cc3ccc(cc3)c4ccccc4C(=O)O)c5cc(ccc5F)C(F)(F)F,CHEMBL3699367,IC50,7.96
3245266,C[C@H](NC(=O)c1ccc2c(c1)c(C)c(C)n2Cc3ccc(cc3)c4ccccc4C(=O)O)c5ccc(cc5F)C(F)(F)F,CHEMBL3699425,IC50,7.96
3245275,C[C@H](NC(=O)c1ccc2c(c1)c(C)c(C)n2Cc3ccc(cc3)c4ccccc4C(=O)O)c5cccc(C)c5,CHEMBL3699422,IC50,7.96
3245284,Cc1c(C)n(Cc2ccc(cc2)c3ccccc3C(=O)O)c4ccc(cc14)C(=O)NCC5COc6ccccc6O5,CHEMBL3695825,IC50,7.96
3245294,Cc1oc(nc1CCOc2ccc(CC3(CCCO3)C(=O)O)cn2)c4cccc(Cl)c4,CHEMBL425639,Ki,7.96
3245305,CCCOc1ccc(C[C@@H](Cc2ccccc2)C(=O)O)cc1CNC(=O)c3ccc(cc3)N4CCC(C)(C)CC4,CHEMBL3317862,EC50,7.98
3245316,CC(C)[C@@H](Oc1cccc(Cn2c(C)c(C(=O)c3ccc(Cl)cc3)c4ccc(OC(F)(F)F)cc24)c1)C(=O)O,CHEMBL562864,IC50,8.0
3245326,CCC(NC(=O)c1ccc2c(ccn2Cc3ccccc3c4ccc(cc4)C(=O)O)c1)c5ccccc5,CHEMBL3695810,IC50,8.0
3245336,CCCCCS(=O)(=O)NC(=O)OCc1ccc(OCCOC)cc1Oc2ncc(cc2Cl)C(F)(F)F,CHEMBL2024611,EC50,8.0
3245347,CCO[C@@H](Cc1cccc(c1)\C(=N\OCc2cccc(Cl)c2)\C)C(=O)O,CHEMBL501335,EC50,8.0
3245358,CCc1cc(ccc1C(=O)NCc2cccc(Oc3ccc(OC(C)(C)C(=O)O)c(C)c3)c2)C(F)(F)F,CHEMBL236875,IC50,8.0
3245368,COc1cc(CNC(=O)c2ccc3c(c2)c(C)c(C)n3Cc4ccc(cc4)c5ccccc5C(=O)O)cc(OC)c1,CHEMBL3695779,IC50,8.0
3245378,COc1ccc(cc1)C(=O)c2c(C)n(Cc3ccc(F)c(O[C@@H](C)C(=O)O)c3)c4ncccc24,CHEMBL507477,IC50,8.0
3245389,COc1ccc2c(noc2c1)N3C(=O)N(Cc4cc(ccc4Cl)[C@@]5(C)OC(=O)NC5=O)c6ccccc36,CHEMBL1947147,IC50,8.0
3245399,C[C@H](NC(=O)c1ccc2c(c1)c(C)c(C)n2Cc3ccc(cc3)c4ccccc4)c5cccc6OCOc56,CHEMBL3695866,IC50,8.0
3245408,C[C@H](NC(=O)c1ccc2c(c1)c(C)c(C)n2Cc3ccc(cc3)c4ccccc4C(=O)O)c5ccc(Cl)c(Cl)c5,CHEMBL3699366,IC50,8.0
3245418,C[C@H](NC(=O)c1ccc2c(c1)c(C)c(C)n2Cc3ccc(cc3)c4ccccc4C(=O)O)c5cccc(c5)C6CC6,CHEMBL3699424,IC50,8.0
3245427,C[C@H](NC(=O)c1ccc2c(c1)c(C)c(C)n2Cc3ccc(cc3)c4ccccc4c5nnn[nH]5)c6cccc(c6)C7CC7,CHEMBL3695906,IC50,8.0
3245436,C[C@H](Oc1ccc(F)c(Cn2c(C)c(C)c3cc(ccc23)C(=O)N[C@@H](C)c4ccc(cc4)C(C)(C)C)c1)C(=O)O,CHEMBL3678158,IC50,8.0
3245446,Cc1oc(nc1CCOc2ccc(cc2)[C@H]3CN(C[C@@H]3C(=O)O)C(=O)Oc4ccccc4)c5ccccc5,CHEMBL3398429,EC50,8.0
3245457,CN(CCOc1ccc(CC(Nc2ccsc2C(=O)c3ccccc3)C(=O)O)cc1)c4oc5ccccc5n4,CHEMBL345541,Ki,8.01
3245468,OC(=O)[C@H](Cc1ccc(OCCc2ccc(Cl)cc2)cc1)Nc3ccccc3C(=O)c4ccccc4,CHEMBL149605,Ki,8.03
3245479,CCCOc1ccc(C[C@H](CCc2ccccc2)C(=O)O)cc1CNC(=O)c3ccc(cc3)C45CC6CC(CC(C6)C4)C5,CHEMBL2158959,EC50,8.04
3245490,COc1ccc2c(noc2c1)N3C(=O)N(Cc4cc(O[C@H](C)C(=O)O)ccc4Cl)c5cc(ccc35)C(F)(F)F,CHEMBL1946953,IC50,8.04
3245501,C[C@@H](Oc1cc(CN2C(=O)N(c3ccc(cc23)C(F)(F)F)c4noc5c(C)cccc45)ccc1Cl)C(=O)O,CHEMBL1946571,IC50,8.04
3245512,CCCc1c(OCCCCOc2ccc(CCC(=O)O)cc2)ccc3c(noc13)c4ccccc4,CHEMBL172931,Ki,8.05
3245524,CCOC(=O)N1C[C@@H](Cc2cccc(OCCc3nc(oc3C)c4ccccc4)c2)[C@H](C1)C(=O)O,CHEMBL3398436,EC50,8.05
3245535,CC[C@@H](Oc1cccc(Cn2c(C)c(C(=O)c3ccc(Cl)cc3)c4ccc(OC(F)(F)F)cc24)c1)C(=O)O,CHEMBL552240,IC50,8.05
3245546,CC[C@@H](Oc1cccc(c1)n2c(C)c(C(=O)c3ccc(OC)cc3)c4ccc(OC(F)(F)F)cc24)C(=O)O,CHEMBL490029,IC50,8.05
3245558,CC[C@@](C)(Oc1cccc(Cn2c(C)c(C(=O)c3ccc(Cl)cc3)c4ccc(OC(F)(F)F)cc24)c1)C(=O)O,CHEMBL558083,IC50,8.05
3245568,C[C@@H](NC(=O)c1ccc2c(ccn2Cc3ccc(F)cc3F)c1)c4ccc(Br)cc4,CHEMBL3678085,IC50,8.05
3245577,C[C@H](NC(=O)c1ccc2c(c1)c(C)c(C)n2Cc3ccc(cc3)c4ccccc4)c5cc(ccc5C(F)(F)F)C(F)(F)F,CHEMBL3695893,IC50,8.05
3245586,C[C@H](NC(=O)c1ccc2c(c1)c(C)c(C)n2Cc3ccc(cc3)c4ccccc4)c5ccc(F)c(F)c5,CHEMBL3699379,IC50,8.05
3245595,C[C@H](NC(=O)c1ccc2c(c1)c(C)c(C)n2Cc3ccc(cc3)c4ccccc4)c5cccc(F)c5F,CHEMBL3699375,IC50,8.05
3245604,C[C@H](NC(=O)c1ccc2c(c1)c(C)c(C)n2Cc3ccc(cc3)c4ccccc4C(=O)O)c5c(F)cccc5C(F)(F)F,CHEMBL3699427,IC50,8.05
3245614,Cc1cc(Oc2cccc(CNC(=O)c3ccc(Cl)cc3C)c2)ccc1OC(C)(C)C(=O)O,CHEMBL237086,IC50,8.05
3245625,Cc1cc(Oc2cccc(CNC(=O)c3ccc(cc3C)C(F)(F)F)c2)ccc1OC(C)(C)C(=O)O,CHEMBL236664,IC50,8.05
3245636,Cc1oc(nc1CCOc2ccc(CC(C)(Oc3ccccc3)C(=O)O)cc2)C4CCCCC4,CHEMBL309882,EC50,8.05
3245647,CN(CCOc1ccc(CC(Nc2ccc(Cl)cc2C(=O)c3ccccc3)C(=O)O)cc1)c4oc5ccccc5n4,CHEMBL146258,Ki,8.06
3245658,COCCOc1ccc(CCC(=O)NS(=O)(=O)c2ccc(Cl)cc2)c(Oc3ncc(cc3Cl)C(F)(F)F)c1,CHEMBL2024605,EC50,8.07
3245668,CC(C)c1ccc(cc1)[C@H](C)NC(=O)c2ccc3c(c2)c(C)c(C)n3Cc4ccc(cc4)c5ccccc5,CHEMBL3695886,IC50,8.1
3245677,CC(C)c1cccc(c1)[C@@H](NC(=O)c2ccc3c(c2)c(C)c(C)n3Cc4ccc(cc4)c5ccccc5)C6CC6,CHEMBL3695863,IC50,8.1
3245686,CC(NC(=O)c1ccc2c(c1)c(C)c(C)n2Cc3ccc(cc3)c4ccccc4C(=O)O)c5cncc(Br)c5,CHEMBL3699418,IC50,8.1
3245696,CCC[C@H](Oc1cccc(Cn2c(C)c(C(=O)c3ccc(Cl)cc3)c4ccc(OC(F)(F)F)cc24)c1)C(=O)O,CHEMBL560160,IC50,8.1
3245707,CO[C@@H](Cc1ccc(OCCc2nc(oc2C)c3cc(C)cc(C)c3)c4ccsc14)C(=O)O,CHEMBL484138,IC50,8.1
3245718,COc1ccc(C(=O)NCc2cccc(Oc3ccc(OC(C)(C)C(=O)O)c(C)c3)c2)c(C)c1,CHEMBL237306,IC50,8.1
3245728,C[C@@H](NC(=O)c1ccc2c(c1)c(C)c(C)n2Cc3ccc(cc3)c4ccccc4C(=O)O)c5ccnc(Br)c5,CHEMBL3699412,IC50,8.1
3245737,C[C@H](NC(=O)c1ccc2c(c1)c(C)c(C)n2Cc3ccc(cc3)c4ccccc4)c5cccc(F)c5,CHEMBL3695881,IC50,8.1
3245746,C[C@H](NC(=O)c1ccc2c(c1)c(C)c(C)n2Cc3ccc(cc3)c4ccccc4C(=O)O)c5cc(F)c(F)cc5F,CHEMBL3699428,IC50,8.1
3245755,C[C@H](NC(=O)c1ccc2c(c1)c(C)c(C)n2Cc3ccc(cc3)c4ccccc4C(=O)O)c5cc(ccn5)C6CC6,CHEMBL3699409,IC50,8.1
3245765,Cc1cc(Oc2cc(F)cc(CNC(=O)c3ccc(cc3F)C(F)(F)F)c2)ccc1OC(C)(C)C(=O)O,CHEMBL392717,IC50,8.1
3245776,Cc1cc(Oc2ccc(F)c(CNC(=O)c3ccc(cc3F)C(F)(F)F)c2)ccc1OC(C)(C)C(=O)O,CHEMBL237520,IC50,8.1
3245787,Cc1cc(Oc2cccc(CNC(=O)c3cc4cc(Br)ccc4[nH]3)c2)ccc1CCC(=O)O,CHEMBL237485,IC50,8.1
3245798,Cc1oc(nc1CCOc2ccc(C[C@H](OCC(F)(F)F)C(=O)O)c3ccccc23)c4ccc(cc4)c5ccccc5,CHEMBL508299,IC50,8.1
3245809,COc1ccc2c(noc2c1)N3C(=O)N(Cc4cc(ccc4Cl)[C@@]5(C)OC(=O)NC5=O)c6cc(ccc36)C(F)(F)F,CHEMBL1947142,IC50,8.11
3245820,CCCCCS(=O)(=O)NC(=O)\C=C\c1ccc(OCCCOC)cc1Oc2ncc(cc2Cl)C(F)(F)F,CHEMBL2022125,EC50,8.13
3245830,CC(C)c1cccc(c1)[C@H](C)NC(=O)c2ccc3c(c2)c(C)c(C)n3Cc4ccc(cc4)c5ccccc5C6=NNC(=O)O6,CHEMBL3699390,IC50,8.16
3245839,CCC(NC(=O)c1ccc2c(ccn2S(=O)(=O)c3cccc4ccccc34)c1)c5ccccc5,CHEMBL3678105,IC50,8.16
3245849,CCCCCS(=O)(=O)NC(=O)CCc1ccc(OCC(=O)N(CC)CC)cc1Oc2ncc(cc2Cl)C(F)(F)F,CHEMBL2022746,EC50,8.16
3245860,CCCOC(Cc1ccc(OCCc2nc(oc2C)c3ccccc3)c4ccccc14)C(=O)O,CHEMBL519974,IC50,8.16
3245871,CCCOc1ccc(C[C@@H](Cc2ccccc2)C(=O)O)cc1CNC(=O)c3ccc(cc3)N4CCCC(C)(C)C4,CHEMBL3317861,EC50,8.16
3245882,CCOC(Cc1ccc(OCCc2nc(oc2C)c3ccccc3)c4ccsc14)C(=O)O,CHEMBL485537,IC50,8.16
3245893,CO[C@@H](Cc1ccc(cc1)C#CCCCOc2ccc(Oc3ccccc3)cc2)C(=O)O,CHEMBL182230,IC50,8.16
3245904,COc1cc(ccc1C(=O)NCc2cccc(Oc3ccc(OC(C)(C)C(=O)O)c(C)c3)c2)C(F)(F)F,CHEMBL237085,IC50,8.16
3245914,COc1ccc(CNC(=O)c2ccc3c(c2)c(C)c(C)n3Cc4ccc(cc4)c5ccccc5C(=O)O)cc1,CHEMBL3695838,IC50,8.16
3245924,COc1ccc(cc1)c2c(C(=O)NS(=O)(=O)c3ccc(F)cc3)n(Cc4cccc(c4)C(F)(F)F)c5ccccc25,CHEMBL218231,IC50,8.16
3245935,COc1ccc(cc1)c2c(C(=O)NS(=O)(=O)c3ccccc3C)n(Cc4cccc(c4)C(F)(F)F)c5ccccc25,CHEMBL217962,IC50,8.16
3245946,COc1ccc2c(noc2c1)N3C(=O)N(Cc4ccc(Cl)c(O[C@H](C)C(=O)O)c4)c5ccccc35,CHEMBL1947143,IC50,8.16
3245957,COc1cccc(c1)c2oc(C)c(CCOc3ccc(CC4(CCCO4)C(=O)O)cn3)n2,CHEMBL426550,Ki,8.16
3245967,C[C@H](NC(=O)c1ccc2c(c1)c(C)c(C)n2Cc3ccc(cc3)c4ccccc4)c5ccccc5F,CHEMBL3695883,IC50,8.16
3245977,Cc1ccc(C(=O)NCc2cccc(Oc3ccc(OC(C)(C)C(=O)O)c(C)c3)c2)c(C)c1,CHEMBL393939,IC50,8.16
3245988,Cc1oc(nc1CCOc2ccc(CC(C)(Oc3ccccc3)C(=O)O)cc2)c4ccc(cc4)c5ccccc5,CHEMBL312717,EC50,8.16
3245998,Fc1ccc(Cn2ccc3cc(ccc23)C(=O)NCc4cccs4)c(F)c1,CHEMBL3678090,IC50,8.16
3246008,CCCCCS(=O)(=O)NC(=O)C(Cc1ccc(OCCOC)cc1Oc2ncc(cc2Cl)C(F)(F)F)OC,CHEMBL2024610,EC50,8.17
3246019,CCCOc1ccc(C[C@@H](Cc2ccccc2)C(=O)O)cc1CNC(=O)c3ccc(cc3)N4C5CCCC4CC5,CHEMBL3317864,EC50,8.17
3246030,CCCOc1ccc(C[C@@H](Cc2ccccc2)C(=O)O)cc1CNC(=O)c3ccc(cc3)N4CCCCCC4,CHEMBL3317859,EC50,8.17
3246041,CCc1ccc(CCOc2ccc(C[C@H](Nc3ccccc3C(=O)c4ccccc4)C(=O)O)cc2)nc1,CHEMBL346219,Ki,8.19
3246052,CN(CCOc1ccc(CC(Nc2ccccc2C(=O)C3CCCC3)C(=O)O)cc1)c4oc5ccccc5n4,CHEMBL149714,Ki,8.19
3246063,CCCCCS(=O)(=O)NC(=O)\C=C\c1ccc(OCCOC2CC2)cc1Oc3ncc(cc3Cl)C(F)(F)F,CHEMBL2024619,EC50,8.21
3246074,CCC(C1CCc2cc(OCCc3nc(oc3C)c4ccc5CCOc5c4)ccc12)C(=O)O,CHEMBL200138,EC50,8.22
3246084,CCC(NC(=O)c1ccc2c(c1)c(C)c(C)n2Cc3ccc(cc3)c4ccccc4c5nnn[nH]5)c6ccccc6,CHEMBL3695789,IC50,8.22
3246093,CCC(NC(=O)c1ccc2c(ccn2Cc3ccc(cc3)c4ccccc4C(=O)O)c1)c5ccccc5,CHEMBL3695855,IC50,8.22
3246102,CCC(NC(=O)c1ccc2c(ccn2Cc3cccc(c3)c4ccccc4C(=O)O)c1)c5ccccc5,CHEMBL3695806,IC50,8.22
3246112,CCCc1[nH]c2cc(ccc2c1Cc3ccc(cc3)c4ccccc4C(=O)O)C(=O)NC(CC)c5ccccc5,CHEMBL3115238,EC50,8.22
3246124,CCCc1c(OCCCCOc2cccc(CC(=O)O)c2)ccc3c(noc13)c4ccccc4,CHEMBL435523,EC50,8.22
3246135,CC[C@@H]([C@@H]1CCc2cc(OCCc3nc(oc3C)c4ccccc4)ccc12)C(=O)O,CHEMBL200162,EC50,8.22
3246146,CCc1ccc(OC(C)CCOc2ccc(OC(C)(C)C(=O)O)cc2)c(c1)C(=O)c3ccccc3,CHEMBL215582,IC50,8.22
3246157,CCc1ccc(O[C@H](C)CCOc2ccc(CCC(=O)O)c(C)c2)c(Oc3ccccc3)c1,CHEMBL377660,IC50,8.22
3246168,CCc1ccccc1[C@H](C)NC(=O)c2ccc3c(c2)c(C)c(C)n3Cc4ccc(cc4)c5ccccc5C(=O)O,CHEMBL3699399,IC50,8.22
3246178,C[C@H](CCOc1ccc(CCC(=O)O)c(C)c1)Oc2ccc(OC(F)(F)F)cc2Oc3ccccc3,CHEMBL214921,IC50,8.22
3246189,C[C@H](CCOc1ccc(CCC(=O)O)c(C)c1)Oc2ccc(cc2Oc3ccccc3)C(F)(F)F,CHEMBL213315,IC50,8.22
3246199,C[C@H](NC(=O)c1ccc2c(c1)c(C)c(C)n2Cc3ccc(cc3)c4ccccc4)c5ccnc6ccccc56,CHEMBL3695872,IC50,8.22
3246208,C[C@H](NC(=O)c1ccc2c(c1)c(C)c(C)n2Cc3ccc(cc3)c4ccccc4C(=O)O)c5cc(C)ccc5F,CHEMBL3699357,IC50,8.22
3246219,C[C@H](Oc1ccc(Cl)c(Oc2c(C)n(c3noc4cc(Cl)ccc34)c5ccc(OC(F)(F)F)cc25)c1)C(=O)O,CHEMBL363805,IC50,8.22
3246229,Cc1c(C)n(Cc2ccc(cc2)c3ccccc3C(=O)O)c4ccc(cc14)C(=O)NCc5ccccc5Cl,CHEMBL3695842,IC50,8.22
3246239,Cc1ccccc1CNC(=O)c2ccc3c(c2)c(C)c(C)n3Cc4ccc(cc4)c5ccccc5C(=O)O,CHEMBL3695841,IC50,8.22
3246249,Cc1oc(nc1CCOc2ccc(CC(C)(Oc3ccccc3)C(=O)O)cc2)c4cccc(c4)c5ccccc5,CHEMBL81676,EC50,8.22
3246260,Cc1oc(nc1CCOc2ccc(CC(C)(Oc3ccccc3)C(=O)O)cc2)c4cccs4,CHEMBL82602,EC50,8.22
3246271,Cc1oc(nc1CCOc2ccc(C[C@@]3(CCCO3)C(=O)O)cn2)c4ccccc4,CHEMBL221123,Ki,8.22
3246282,COc1ccc(cc1)C(=O)c2ccccc2NC(Cc3ccc(OCCN(C)c4oc5ccccc5n4)cc3)C(=O)O,CHEMBL149381,Ki,8.25
3246293,CCCCCS(=O)(=O)NC(=O)C1CC1c2ccc(OCCOC)cc2Oc3ncc(cc3Cl)C(F)(F)F,CHEMBL2024609,EC50,8.26
3246304,CCCCCS(=O)(=O)NC(=O)\C(=C\c1ccc(OCCOC)cc1Oc2ncc(cc2Cl)C(F)(F)F)\C,CHEMBL2021928,EC50,8.28
3246315,CCCOc1ccc(C[C@@H](Cc2ccccc2)C(=O)O)cc1CNC(=O)c3ccc(cc3)N4C5CCCC4CCC5,CHEMBL3317865,EC50,8.28
3246326,Cc1c(C)c2OC(C)(COc3ccc(C[C@H](Nc4ccccc4C(=O)c5ccccc5)C(=O)O)cc3)CCc2c(C)c1O,CHEMBL148301,Ki,8.28
3246337,CN(CCOc1ccc(CC(Nc2cccc3C(=O)c4ccccc4C(=O)c23)C(=O)O)cc1)c5oc6ccccc6n5,CHEMBL358137,Ki,8.29
3246348,CN(CCOc1ccc(CC(Nc2ccccc2C(=O)c3ccc(cc3)C(F)(F)F)C(=O)O)cc1)c4oc5ccccc5n4,CHEMBL146217,Ki,8.29
3246359,CC(C)(C)c1ccc(cc1)n2c(C(=O)O)c(Oc3cccc(c3)C(F)(F)F)c4cc(Oc5cc(c[nH]5)C(F)(F)F)ccc24,CHEMBL370443,IC50,8.3
3246369,CC(C)Oc1cccc(c1)[C@H](C)NC(=O)c2ccc3c(c2)c(C)c(C)n3Cc4cc(O[C@@H](C)C(=O)O)ccc4Cl,CHEMBL3678136,IC50,8.3
3246378,CC(C)Oc1cccc(c1)[C@H](C)NC(=O)c2ccc3c(c2)c(C)c(C)n3Cc4ccc(Cl)c(O[C@@H](C)C(=O)O)c4,CHEMBL3678130,IC50,8.3
3246388,CC(C)c1ccc(cc1)c2oc(C)c(CCOc3ccc(C[C@H](OCC4CC4)C(=O)O)c5sccc35)n2,CHEMBL485188,IC50,8.3
3246398,CC(C)c1cccc(CNC(=O)c2ccc3c(c2)c(C)c(C)n3Cc4ccc(cc4)c5ccccc5)c1,CHEMBL3695903,IC50,8.3
3246408,CC(C)c1cccc(CNC(=O)c2ccc3c(c2)c(C)c(C)n3Cc4ccc(cc4)c5ccccc5C(=O)O)c1,CHEMBL3735503,IC50,8.3
3246418,CC[C@@H](NC(=O)c1ccc2c(ccn2Cc3ccccc3c4ccc(cc4)C(=O)O)c1)c5ccccc5,CHEMBL3695908,IC50,8.3
3246429,CCc1ccc(O[C@H](C)CCOc2ccc(CCC(=O)O)c(C)c2)c(c1)C(=O)c3ccccc3,CHEMBL212911,IC50,8.3
3246440,CO[C@@H](Cc1ccc(OCCCOc2ccc(cc2)C(=O)c3ccccc3)c(Cl)c1)C(=O)O,CHEMBL181644,IC50,8.3
3246451,CO[C@@H](Cc1ccc(OCCCOc2ccc(cc2)C(=O)c3ccccc3)cc1)C(=O)O,CHEMBL363532,IC50,8.3
3246461,COc1ccc(F)cc1[C@@H](C)NC(=O)c2ccc3c(c2)c(C)c(C)n3Cc4ccc(cc4)c5ccccc5C(=O)O,CHEMBL3699351,IC50,8.3
3246471,COc1ccc(cc1)C(=O)c2c(C)n(Cc3cc(O[C@@H](C)C(=O)O)ccc3F)c4ncccc24,CHEMBL455127,IC50,8.3
3246481,C[C@@H](NC(=O)c1ccc2c(c1)c(C)c(C)n2Cc3ccc(cc3)c4ccccc4)c5cccc(Cl)c5Cl,CHEMBL3695892,IC50,8.3
3246490,C[C@H](NC(=O)c1ccc2c(c1)c(C)c(C)n2Cc3ccc(cc3)c4ccccc4)c5ccc(F)cc5F,CHEMBL3695873,IC50,8.3
3246499,C[C@H](NC(=O)c1ccc2c(c1)c(C)c(C)n2Cc3ccc(cc3)c4ccccc4)c5ccc(cc5)C(C)(C)C,CHEMBL3695761,IC50,8.3
3246509,C[C@H](NC(=O)c1ccc2c(c1)c(C)c(C)n2Cc3ccc(cc3)c4ccccc4C(=O)O)c5ccc(cc5)C(C)(C)C,CHEMBL3735924,IC50,8.3
3246520,C[C@H](NC(=O)c1ccc2c(c1)c(C)c(C)n2Cc3ccc(cc3)c4ccccc4C(=O)O)c5cccc(c5)C(C)(C)C,CHEMBL3735906,IC50,8.3
3246530,Cc1c(C)n(Cc2ccc(cc2)c3ccccc3C(=O)O)c4ccc(cc14)C(=O)NCc5ccc(F)cc5,CHEMBL3695814,IC50,8.3
3246540,Cc1ccc(CNC(=O)c2ccc(cc2F)C(F)(F)F)cc1Oc3ccc(OC(C)(C)C(=O)O)c(C)c3,CHEMBL237307,IC50,8.3
3246551,Cc1cccc(CNC(=O)c2ccc3c(c2)c(C)c(C)n3Cc4ccc(cc4)c5ccccc5C(=O)O)c1,CHEMBL3695839,IC50,8.3
3246561,Cc1oc(nc1CCCc2ccc(CC(C(=O)O)n3nccn3)cc2)c4ccccc4,CHEMBL593796,IC50,8.3
3246572,Cc1oc(nc1CCOc2cccc(Cc3nn(nc3CC(=O)O)c4ccccc4)c2)c5ccccc5,CHEMBL491751,IC50,8.3
3246582,Fc1ccc(Cn2ccc3cc(ccc23)C(=O)NCc4ccccc4)c(F)c1,CHEMBL3678087,IC50,8.3
3246592,COc1cc(O)c2c(OC3=CC(=C(C(=O)C)C(=O)[C@@]23C)O)c1C(=O)NCc4c(C)ccc5ccc(Cl)cc45,CHEMBL2042809,EC50,8.31
3246603,COc1cc(O)c2c(OC3=CC(=C(C(=O)C)C(=O)[C@@]23C)O)c1C(=O)NCc4c(C)cc(F)c5ccccc45,CHEMBL2042810,EC50,8.32
3246614,Cc1nc(nn1CCOc2ccc(C[C@H](Nc3ccccc3C(=O)c4ccccc4)C(=O)O)cc2)c5ccccc5,CHEMBL342292,Ki,8.32
3246625,Cc1oc(nc1CCOc2ccc(C[C@@]3(OC=CC=C3)C(=O)O)cc2)c4ccccc4,CHEMBL2282522,EC50,8.33
3246635,CCCCCS(=O)(=O)NC(=O)OCCCc1ccc(OCCOC)cc1Oc2ncc(cc2Cl)C(F)(F)F,CHEMBL2022134,EC50,8.35
3246646,CCO[C@@H](Cc1ccc(OCCc2nc(oc2C)c3ccc(s3)c4ccccc4)cc1)C(=O)O,CHEMBL1813012,EC50,8.35
3246657,Cc1sc(nc1CCOc2ccc(C[C@H](Nc3ccccc3C(=O)c4ccccc4)C(=O)O)cc2)N5CCNCC5,CHEMBL146231,Ki,8.36
3246668,Cc1oc(nc1CCOc2ccc(CC(Nc3ccccc3C(=O)c4ccc(CO)cc4)C(=O)O)cc2)c5ccccc5,CHEMBL145824,Ki,8.38
3246679,CN(CCOc1ccc(C[C@H](Nc2ccccc2C(=O)C3CCCCC3)C(=O)O)cc1)c4oc5ccccc5n4,CHEMBL2112871,Ki,8.39
3246690,COc1ccc2c(noc2c1)N3C(=O)N(Cc4ccc(Cl)c(O[C@H](C)C(=O)O)c4)c5cc(ccc35)C(F)(F)F,CHEMBL1946755,IC50,8.39
3246701,COc1ccc2c(noc2c1)N3C(=O)N(Cc4ccc(Cl)c(O[C@H](C)C(=O)O)c4)c5ccc(OC(F)(F)F)cc35,CHEMBL1946758,IC50,8.39
3246711,CC(C)(NC(=O)c1ccc2c(ccn2Cc3ccc(F)cc3F)c1)c4ccccc4,CHEMBL3678089,IC50,8.4
3246721,CC(C)O[C@@H](Cc1ccc(OCc2noc(n2)c3ccc(cc3)C(C)C)cc1)C(=O)O,CHEMBL189146,EC50,8.4
3246731,CCC(NC(=O)c1ccc2c(ccn2Cc3ccccc3c4cccc(c4)C(=O)O)c1)c5ccccc5,CHEMBL3695809,IC50,8.4
3246741,CCCC(Oc1cccc(Cc2c(C)n(C(=O)c3ccc(OC)cc3)c4ccc(OC(F)(F)F)cc24)c1)C(=O)O,CHEMBL445921,IC50,8.4
3246752,CCCOC(Cc1ccc(OCCc2nc(oc2C)c3ccccc3)c4ccsc14)C(=O)O,CHEMBL521462,IC50,8.4
3246762,CC[C@@H](NC(=O)c1ccc2c(ccn2Cc3ccccc3c4cccc(c4)C(=O)O)c1)c5ccccc5,CHEMBL3695910,IC50,8.4
3246772,CC[C@H](Oc1cccc(Cn2c(C)c(C(=O)c3ccc(Cl)cc3)c4ccc(OC(F)(F)F)cc24)c1)C(=O)O,CHEMBL549746,IC50,8.4
3246783,COc1ccc(cc1)C(=O)c2c(C)n(Cc3cc(O[C@@H](C)C(=O)O)ccc3F)c4nc(C)ccc24,CHEMBL509236,IC50,8.4
3246794,COc1cccc(CNC(=O)c2ccc3c(c2)c(C)c(C)n3Cc4ccc(cc4)c5ccccc5C(=O)O)c1,CHEMBL3695837,IC50,8.4
3246803,C[C@@H](NC(=O)c1ccc2c(c1)c(C)c(C)n2Cc3ccc(cc3)c4ccccc4)c5cc(ccc5C(F)(F)F)C(F)(F)F,CHEMBL3695894,IC50,8.4
3246812,C[C@H](NC(=O)c1ccc2c(c1)c(C)c(C)n2Cc3ccc(cc3)c4ccccc4)c5cccc(F)c5Cl,CHEMBL3695891,IC50,8.4
3246821,C[C@H](NC(=O)c1ccc2c(c1)c(C)c(C)n2Cc3ccc(cc3)c4ccccc4C(=O)O)C5CCCCC5,CHEMBL3699358,IC50,8.4
3246830,C[C@H](NC(=O)c1ccc2c(c1)c(C)c(C)n2Cc3ccc(cc3)c4ccccc4C(=O)O)c5cc(Cl)ccn5,CHEMBL3699408,IC50,8.4
3246839,C[C@H](NC(=O)c1ccc2c(c1)c(C)c(C)n2Cc3ccc(cc3)c4ccccc4C(=O)O)c5ccc(Cl)cc5Cl,CHEMBL3699430,IC50,8.4
3246848,C[C@H](NC(=O)c1ccc2c(c1)c(C)c(C)n2Cc3ccc(cc3)c4ccccc4C(=O)O)c5ccc(cn5)C6CC6,CHEMBL3699405,IC50,8.4
3246857,Cc1c(C)n(Cc2ccc(cc2)c3ccccc3C(=O)O)c4ccc(cc14)C(=O)NCc5ccc(Cl)cc5,CHEMBL3695773,IC50,8.4
3246866,Cc1c(C)n(Cc2ccc(cc2)c3ccccc3C(=O)O)c4ccc(cc14)C(=O)NCc5ccc(I)cc5,CHEMBL3695766,IC50,8.4
3246875,Cc1c(C)n(Cc2ccc(cc2)c3ccccc3C(=O)O)c4ccc(cc14)C(=O)NCc5ccc(N)cc5,CHEMBL3695830,IC50,8.4
3246885,Cc1oc(nc1CCOc2ccc(C[C@@](C)(Oc3ccccc3)C(=O)O)cc2)c4cccc[s+]4,CHEMBL2237301,EC50,8.4
3246896,Cc1oc(nc1CCOc2ccc(C[C@](C)(Oc3ccccc3)C(=O)O)cc2)c4cccs4,CHEMBL77502,EC50,8.4
3246907,CCc1ccc2ccccc2c1CNC(=O)c3c(OC)cc(O)c4c3OC5=CC(=C(C(=O)C)C(=O)[C@@]45C)O,CHEMBL2042803,EC50,8.43
3246918,CN(CCOc1ccc(CC(Nc2ccccc2Oc3ccccc3)C(=O)O)cc1)c4oc5ccccc5n4,CHEMBL147826,Ki,8.43
3246931,COC(=O)c1ccccc1N[C@@H](Cc2ccc(OCCc3nc(oc3C)c4ccccc4)cc2)C(=O)O,CHEMBL106666,Ki,8.43
3246943,CCCOc1ccc(C[C@@H](Cc2ccccc2)C(=O)O)cc1CNC(=O)c3ccc(cc3)C45CC6CC(CC(C6)C4)C5,CHEMBL1651239,EC50,8.44
3246954,CCCCCS(=O)(=O)NC(=O)CCc1ccc(OCCN2CCCC2=O)cc1Oc3ncc(cc3Cl)C(F)(F)F,CHEMBL2022747,EC50,8.47
3246965,Cc1oc(nc1CCOc2ccc(CC(Nc3ccccc3C(=O)c4cccc(CO)c4)C(=O)O)cc2)c5ccccc5,CHEMBL146530,Ki,8.47
3246976,CN(CCOc1ccc(CC(Nc2ccccc2C(=O)Cc3ccccc3)C(=O)O)cc1)c4oc5ccccc5n4,CHEMBL146822,Ki,8.48
3246987,CN(CCOc1ccc(CC(Nc2ccccc2C(=O)c3cccc4ccccc34)C(=O)O)cc1)c5oc6ccccc6n5,CHEMBL145958,Ki,8.49
3246998,Cc1oc(nc1CCOc2ccc(CC(Nc3ccccc3C(=O)c4cccc(N)c4)C(=O)O)cc2)c5ccccc5,CHEMBL347788,Ki,8.49
3247009,COc1ccc2c(noc2c1)N3C(=O)N(Cc4ccc(Cl)c(O[C@H](C)C(=O)O)c4)c5cc(OC(F)(F)F)ccc35,CHEMBL1946756,IC50,8.5
3247020,[Na+].CCCCCS(=O)(=O)[N-]C(=O)C(C)(C)Cc1ccc(OCCOC)cc1Oc2ncc(cc2Cl)C(F)(F)F,CHEMBL2024608,EC50,8.51
3247031,CC(C)COC(Cc1ccc(OCCc2nc(oc2C)c3ccccc3)c4ccsc14)C(=O)O,CHEMBL483341,IC50,8.52
3247041,CC(CCc1ccccc1)NC(=O)c2ccc3c(c2)c(C)c(C)n3Cc4ccc(cc4)c5ccccc5C(=O)O,CHEMBL3695850,IC50,8.52
3247050,CCC(NC(=O)c1ccc2c(ccn2Cc3ccc(Cl)nc3)c1)c4ccccc4,CHEMBL3678106,IC50,8.52
3247060,CCC(Oc1cccc(Cc2c(C)n(C(=O)c3ccc(OC)cc3)c4ccc(OC(F)(F)F)cc24)c1)C(=O)O,CHEMBL178236,IC50,8.52
3247071,CCC(Oc1ccccc1Cc2c(C)n(C(=O)c3ccc(OC)cc3)c4ccc(OC(F)(F)F)cc24)C(=O)O,CHEMBL179542,IC50,8.52
3247082,CCOC(=O)c1ccccc1NC(Cc2ccc(OCCc3nc(oc3C)c4ccccc4)cc2)C(=O)O,CHEMBL148300,Ki,8.52
3247093,CCO[C@@H](Cc1ccc(OCCc2nc(oc2C)c3ccc(cc3)c4ccccc4)c5ccsc15)C(=O)O,CHEMBL485187,IC50,8.52
3247104,CCO[C@@H](Cc1ccc(OCc2nc(oc2C)c3ccc(s3)c4ccccc4)cc1)C(=O)O,CHEMBL1813007,EC50,8.52
3247115,CC[C@@H](NC(=O)c1ccc2c(c1)c(C)c(C)n2Cc3ccc(cc3)c4ccccc4C(=O)O)c5ccccc5,CHEMBL3695832,EC50,8.52
3247126,CO[C@@H](Cc1ccc(OCCc2nc(oc2C)c3cc(OC)cc(OC)c3)c4ccsc14)C(=O)O,CHEMBL521007,IC50,8.52
3247137,COc1ccc(cc1)C(=O)n2c(C)c(Cc3cccc(OC(C)(C)C(=O)O)c3)c4cc(OC(F)(F)F)ccc24,CHEMBL181554,IC50,8.52
3247148,COc1ccc(cc1)C(=O)n2c(C)c(Cc3cccc(O[C@H](C)C(=O)O)c3)c4cc(OC(F)(F)F)ccc24,CHEMBL359548,IC50,8.52
3247159,COc1ccc(cc1)c2c(C(=O)NS(=O)(=O)c3ccccc3)n(Cc4cccc(c4)C(F)(F)F)c5ccccc25,CHEMBL376627,IC50,8.52
3247169,C[C@@H](NC(=O)c1ccc2c(c1)c(C)c(C)n2Cc3ccc(cc3)c4ccccc4)c5c(F)ccc(F)c5F,CHEMBL3699381,IC50,8.52
3247178,C[C@@H](NC(=O)c1ccc2c(c1)c(C)c(C)n2Cc3ccc(cc3)c4ccccc4C(=O)O)C5COc6ccccc6O5,CHEMBL3699359,IC50,8.52
3247187,C[C@H](NC(=O)c1ccc2c(c1)c(C)c(C)n2Cc3ccc(cc3)c4ccccc4)c5cccc(Cl)c5,CHEMBL3695895,IC50,8.52
3247196,C[C@H](NC(=O)c1ccc2c(c1)c(C)c(C)n2Cc3ccc(cc3)c4ccccc4C(=O)O)c5cc(ccc5Cl)C(F)(F)F,CHEMBL3699429,IC50,8.52
3247206,C[C@H](NC(=O)c1ccc2c(c1)c(C)c(C)n2Cc3ccc(cc3)c4ccccc4C(=O)O)c5cccc(Cl)c5,CHEMBL3735987,IC50,8.52
3247217,C[C@H](NC(=O)c1ccc2c(c1)c(C)c(C)n2Cc3ccc(cc3)c4ccccc4C(=O)O)c5ccccc5C,CHEMBL3699396,IC50,8.52
3247227,C[C@H](Oc1cc(Cn2c(C)c(Oc3ccc(Cl)cc3)c4ccc(Cl)nc24)ccc1Cl)C(=O)O,CHEMBL461944,IC50,8.52
3247238,C[C@H](Oc1cc(Cn2c(C)c(Oc3ccc(Cl)cc3)c4ccc(F)nc24)ccc1Cl)C(=O)O,CHEMBL518499,IC50,8.52
3247249,Cc1oc(nc1CCCc2ccc(C[C@@H](C(=O)O)n3nccn3)cc2)c4ccccc4,CHEMBL594034,IC50,8.52
3247260,Cc1oc(nc1CCOc2ccc(C[C@H](OCC(F)(F)F)C(=O)O)c3sccc23)c4ccccc4,CHEMBL484607,IC50,8.52
3247272,Cc1oc(nc1CCOc2ccc(C[C@](C)(Oc3ccccc3)C(=O)O)cc2)c4ccccc4,CHEMBL81248,EC50,8.52
3247283,CN(CCOc1ccc(CC(Nc2ccccc2C(=O)c3ccc(C)cc3)C(=O)O)cc1)c4oc5ccccc5n4,CHEMBL150232,Ki,8.55
3247294,CN(CCOc1ccc(CC(Nc2ccccc2C(=O)c3cccs3)C(=O)O)cc1)c4oc5ccccc5n4,CHEMBL146584,Ki,8.56
3247305,CCO[C@@H](Cc1ccc(OCc2nc(oc2C)c3ccsc3)cc1)C(=O)O,CHEMBL1813004,EC50,8.57
3247316,CN(CCOc1ccc(CC(Nc2ccccc2C(=O)c3cccc(C)c3)C(=O)O)cc1)c4oc5ccccc5n4,CHEMBL150215,Ki,8.57
3247327,CN(CCOc1ccc(CC(Nc2ccccc2C(=O)c3ccccc3C(F)(F)F)C(=O)O)cc1)c4oc5ccccc5n4,CHEMBL146579,Ki,8.57
3247338,CN(CCOc1ccc(CC(Nc2ccccc2C(=O)c3cccc(c3)C(F)(F)F)C(=O)O)cc1)c4oc5ccccc5n4,CHEMBL146637,Ki,8.58
3247349,Cc1sc(nc1CCOc2ccc(C[C@H](Nc3ccccc3C(=O)c4ccccc4)C(=O)O)cc2)N5CCN(CC5)S(=O)(=O)C,CHEMBL146650,Ki,8.58
3247360,CCCCCS(=O)(=O)NC(=O)CCc1ccc(OC(C)C)cc1Oc2ncc(cc2Cl)C(F)(F)F,CHEMBL2022744,EC50,8.59
3247371,CN(CCOc1ccc(CC(Nc2cscc2C(=O)c3ccccc3)C(=O)O)cc1)c4oc5ccccc5n4,CHEMBL149780,Ki,8.59
3247382,COCCNc1nc(CCOc2ccc(C[C@H](Nc3ccccc3C(=O)c4ccccc4)C(=O)O)cc2)c(C)s1,CHEMBL359285,Ki,8.59
3247393,Cc1[nH]c(nc1CCOc2ccc(C[C@H](Nc3ccccc3C(=O)c4ccccc4)C(=O)O)cc2)c5ccccc5,CHEMBL149835,Ki,8.59
3247404,CCOC(Cc1ccc(OCCN(C)c2oc3ccccc3n2)cc1)C(=O)O,CHEMBL306229,Ki,8.6
3247414,CCCOC(=O)c1ccccc1NC(Cc2ccc(OCCc3nc(oc3C)c4ccccc4)cc2)C(=O)O,CHEMBL147770,Ki,8.62
3247425,CCCc1c(OCCCCOc2ccc(OC(C)(C)C(=O)O)cc2)ccc3c(noc13)c4ccccc4,CHEMBL263029,Ki,8.62
3247436,CN(CCOc1ccc(CC(Nc2ccccc2C(=O)c3ccsc3)C(=O)O)cc1)c4oc5ccccc5n4,CHEMBL146562,Ki,8.63
3247447,CCCCCS(=O)(=O)NC(=O)C(C)Cc1ccc(OCCOC)cc1Oc2ncc(cc2Cl)C(F)(F)F,CHEMBL2024607,EC50,8.64
3247458,COc1ccc2c(noc2c1)N3C(=O)N(Cc4ccc(Cl)c(O[C@H](C)C(=O)O)c4)c5ccc(cc35)C(F)(F)F,CHEMBL1946757,IC50,8.64
3247469,COc1cccc(c1)C(=O)c2ccccc2NC(Cc3ccc(OCCN(C)c4oc5ccccc5n4)cc3)C(=O)O,CHEMBL145886,Ki,8.64
3247480,CN(CCOc1ccc(CC(Nc2ccccc2C(=O)c3ccccc3C)C(=O)O)cc1)c4oc5ccccc5n4,CHEMBL146355,Ki,8.65
3247491,CCCOc1ccc(C[C@@H](Cc2ccccc2)C(=O)O)cc1CNC(=O)c3ccc(cc3)N4C5CC6CC(CC4C6)C5,CHEMBL3317867,EC50,8.66
3247502,CCCOc1ccc(C[C@@H](Cc2ccccc2)C(=O)O)cc1CNC(=O)c3ccc(cc3)N4CC(C)(C)CC(C)(C)C4,CHEMBL3317863,EC50,8.66
3247514,CN1CCN(CC1)c2nc(CCOc3ccc(C[C@H](Nc4ccccc4C(=O)c5ccccc5)C(=O)O)cc3)c(C)s2,CHEMBL358325,Ki,8.66
3247526,Cc1sc(nc1CCOc2ccc(C[C@H](Nc3ccccc3C(=O)c4ccccc4)C(=O)O)cc2)c5ccncc5,CHEMBL147090,EC50,8.68
3247536,CC(C)(C)c1ccc(cc1)n2c(C(=O)O)c(Oc3cccc(c3)C(F)(F)F)c4cc(Oc5cc(Cl)c[nH]5)ccc24,CHEMBL199244,IC50,8.7
3247546,CC(NC(=O)c1ccc2c(c1)c(C)c(C)n2Cc3ccc(cc3)c4ccccc4C(=O)O)c5cccc6ccccc56,CHEMBL3695849,IC50,8.7
3247555,CCC(NC(=O)c1ccc2c(c1)c(C)cn2Cc3ccc(cc3)c4ccccc4C(=O)O)c5ccccc5,CHEMBL3695857,IC50,8.7
3247564,CCC(NC(=O)c1ccc2c(ccn2Cc3cccc(c3)c4ccc(cc4)C(=O)O)c1)c5ccccc5,CHEMBL3695807,IC50,8.7
3247574,CCCCCCOC(Cc1ccc(OCCc2nc(oc2C)c3ccccc3)c4ccsc14)C(=O)O,CHEMBL482740,IC50,8.7
3247585,CCCO[C@@H](Cc1ccc(OCCc2nc(oc2C)c3ccccc3)c4ccsc14)C(=O)O,CHEMBL484606,IC50,8.7
3247596,CCCc1c(Cc2ccc(cc2)c3ccccc3C(=O)O)c4ccc(cc4n1C)C(=O)NC(CC)c5ccccc5,CHEMBL3115237,EC50,8.7
3247606,COC(=O)c1ccc(CNC(=O)c2ccc3c(c2)c(C)c(C)n3Cc4ccc(cc4)c5ccccc5C(=O)O)cc1,CHEMBL3695774,IC50,8.7
3247616,COCn1c(CCOc2ccc(C[C@H](Nc3ccccc3C(=O)c4ccccc4)C(=O)O)cc2)c(C)nc1c5ccccc5,CHEMBL149647,Ki,8.7
3247627,CO[C@@H](Cc1ccc(OCCc2nc(oc2C)c3ccc(cc3)C(C)C)c4ccsc14)C(=O)O,CHEMBL484409,IC50,8.7
3247637,COc1cc(ccc1[C@@H](C)NC(=O)c2ccc3c(c2)c(C)c(C)n3Cc4ccc(cc4)c5ccccc5C(=O)O)C(F)(F)F,CHEMBL3699370,IC50,8.7
3247647,COc1ccc(cc1)C(=O)c2c(C)n(Cc3cc(O[C@@H](C)C(=O)O)ccc3Cl)c4nc(OC)ccc24,CHEMBL460073,IC50,8.7
3247658,COc1ccc(cc1)C(=O)c2c(C)n(Cc3cc(O[C@@H](C)C(=O)O)ccc3F)c4nc(OC)ccc24,CHEMBL462378,IC50,8.7
3247670,COc1ccc(cc1)C(=O)n2c(C)c(Cc3cccc(O[C@@H](C)C(=O)O)c3)c4cc(OC(F)(F)F)ccc24,CHEMBL179330,EC50,8.7
3247681,COc1ccc(cc1)C(=O)n2c(C)c(Cc3ccccc3O[C@@H](C)C(=O)O)c4cc(OC(F)(F)F)ccc24,CHEMBL181937,IC50,8.7
3247692,COc1ccc(cc1)c2c(C(=O)NS(=O)(=O)C)n(Cc3cccc(c3)C(F)(F)F)c4ccccc24,CHEMBL221580,IC50,8.7
3247703,COc1ccc2c(noc2c1)c3c(C)n(Cc4cc(O[C@@H](C)C(=O)O)ccc4Cl)c5cc(OC(F)(F)F)ccc35,CHEMBL519060,IC50,8.7
3247714,COc1ccc2c(noc2c1)n3c(C)c(Cc4cc(O[C@H](C)C(=O)O)ccc4Cl)c5cc(OC(F)(F)F)ccc35,CHEMBL364894,IC50,8.7
3247724,COc1cccc(c1)[C@@H](C)NC(=O)c2ccc3c(c2)c(C)c(C)n3Cc4ccc(cc4)c5ccccc5,CHEMBL3695884,IC50,8.7
3247733,C[C@@H](NC(=O)c1ccc2c(c1)c(C)c(C)n2Cc3ccc(cc3)c4ccccc4)c5cccc(c5Cl)C(F)(F)F,CHEMBL3699377,IC50,8.7
3247743,C[C@@H](NC(=O)c1ccc2c(c1)c(C)c(C)n2Cc3ccc(cc3)c4ccccc4C(=O)O)c5ccc(cc5)[N+](=O)[O-],CHEMBL3695811,IC50,8.7
3247752,C[C@@H](NC(=O)c1ccc2c(c1)c(C)c(C)n2Cc3ccc(cc3)c4ccccc4C(=O)O)c5cccc(Br)n5,CHEMBL3699414,IC50,8.7
3247761,C[C@H](NC(=O)c1ccc2c(c1)c(C)c(C)n2Cc3ccc(cc3)c4ccccc4)c5ccccn5,CHEMBL3695867,IC50,8.7
3247770,C[C@H](NC(=O)c1ccc2c(c1)c(C)c(C)n2Cc3ccc(cc3)c4ccccc4C(=O)O)c5ccc(Br)cn5,CHEMBL3699404,IC50,8.7
3247780,Cc1c(C(=O)c2ccc(Cl)cc2)c3ccc(OC(F)(F)F)cc3n1Cc4cccc(OCC(=O)O)c4,CHEMBL559567,IC50,8.7
3247790,Cc1c(C)n(Cc2ccc(cc2)c3ccccc3)c4ccc(cc14)C(=O)NCc5ccc(Cl)cc5C(F)(F)F,CHEMBL3695888,IC50,8.7
3247799,Cc1c(C)n(Cc2ccc(cc2)c3ccccc3C(=O)O)c4ccc(cc14)C(=O)NCc5cccc(Cl)c5,CHEMBL3639947,IC50,8.7
3247809,Cc1oc(nc1CCOc2ccc(C[C@H](OCC3CC3)C(=O)O)c4sccc24)c5ccccc5,CHEMBL484001,IC50,8.7
3247820,CCCOc1ccc(C[C@@H](Cc2ccccc2)C(=O)O)cc1CNC(=O)c3ccc(cc3)N4CCCCCCC4,CHEMBL3317860,EC50,8.72
3247831,Cc1oc(nc1CCOc2ccc(C[C@H](Nc3ccccc3C(=O)c4ccccc4)C(=O)O)cc2)c5sccc5C,CHEMBL148459,Ki,8.72
3247842,Cc1oc(nc1CCOc2ccc(CC(Nc3ccccc3C(=O)c4ccncc4)C(=O)O)cc2)c5ccccc5,CHEMBL414442,Ki,8.74
3247853,Cc1cc(nn1CCOc2ccc(C[C@H](Nc3ccccc3C(=O)c4ccccc4)C(=O)O)cc2)c5ccccc5,CHEMBL148797,Ki,8.75
3247864,COc1ccccc1C(=O)c2ccccc2NC(Cc3ccc(OCCN(C)c4oc5ccccc5n4)cc3)C(=O)O,CHEMBL147021,Ki,8.76
3247875,Cc1oc(nc1CCOc2ccc(C[C@H](Nc3ccccc3C(=O)C4CCCCC4)C(=O)O)cc2)c5ccccc5,CHEMBL2112870,Ki,8.79
3247885,C[C@H](Oc1cc(Cn2c(C)c(C)c3cc(ccc23)C(=O)N[C@@H](C)c4cccc(c4)C(C)(C)C)ccc1Cl)C(=O)O,CHEMBL3678129,IC50,8.8
3247894,C[C@H](Oc1ccc(Cl)c(Cn2c(C)c(C)c3cc(ccc23)C(=O)N[C@@H](C)c4cccc(c4)C(C)(C)C)c1)C(=O)O,CHEMBL3678135,IC50,8.8
3247905,Cc1oc(nc1CCOc2ccc(C[C@H](Nc3ccccc3C(=O)c4ccccc4)C(=O)O)cc2)c5ccc(F)cc5,CHEMBL147384,Ki,8.8
3247916,CCCCCS(=O)(=O)NC(=O)CCc1ccc(OCCOC)cc1Oc2ncc(cc2Cl)C(F)(F)F,CHEMBL2022745,EC50,8.82
3247927,CN(CCOc1ccc(CC(Nc2ccccc2C(=O)c3ccccc3)C(=O)O)cc1)c4oc5ccccc5n4,CHEMBL148596,Ki,8.83
3247938,CN(CCOc1ccc(C[C@H](Nc2ccccc2C(=O)c3ccccc3)C(=O)O)cc1)c4oc5ccccc5n4,CHEMBL423026,Ki,8.83
3247949,Cc1oc(nc1CCOc2ccc(C[C@H](Nc3ccccc3C(=O)c4ccccc4)C(=O)O)cc2)c5ccncc5,CHEMBL148950,Ki,8.85
3247960,CN1CCN(CC1)c2nc(CCOc3ccc(C[C@@](O)(C(=O)O)c4ccccc4C(=O)c5ccccc5)cc3)c(C)s2,CHEMBL2282518,EC50,8.89
3247970,Cc1cc(CCOc2ccc(C[C@H](Nc3ccccc3C(=O)c4ccccc4)C(=O)O)cc2)nn1c5ccccc5,CHEMBL147935,Ki,8.9
3247981,CCCCCNS(=O)(=O)NC(=O)CCc1ccc(OCCOC)cc1Oc2ncc(cc2Cl)C(F)(F)F,CHEMBL2021930,EC50,8.96
3247993,COc1ccc(cc1)c2oc(C)c(CCOc3ccc(C[C@H](Nc4ccccc4C(=O)c5ccccc5)C(=O)O)cc3)n2,CHEMBL356382,Ki,8.96
3248005,Cc1sc(nc1CCOc2ccc(C[C@H](Nc3ccccc3C(=O)c4ccccc4)C(=O)O)cc2)c5ccccc5,CHEMBL358379,Ki,8.96
3248016,CC(=O)c1ccccc1N[C@@H](Cc2ccc(OCCc3nc(oc3C)c4ccccc4)cc2)C(=O)O,CHEMBL474295,IC50,9.0
3248027,CCC(C1CCc2cc(OCCc3nc(oc3C)c4cccc(OC)c4)ccc12)C(=O)O,CHEMBL199794,EC50,9.0
3248037,CCC(NC(=O)c1ccc2c(ccn2Cc3ccc(F)cc3F)c1)c4ccccc4,CHEMBL3678086,IC50,9.0
3248047,COC(=O)c1ccccc1S(=O)(=O)NC(=O)c2c(c3ccc(OC)cc3)c4ccccc4n2Cc5cccc(c5)C(F)(F)F,CHEMBL218258,IC50,9.0
3248058,COc1ccc(cc1)C(=O)c2c(C)n(Cc3ccc(F)c(O[C@@H](C)C(=O)O)c3)c4nc(OC)ccc24,CHEMBL460072,IC50,9.0
3248069,COc1ccc(cc1)C(=O)c2c(C)n(Cc3cccc(O[C@@H](C)C(=O)O)c3)c4cc(OC(F)(F)F)ccc24,CHEMBL489651,IC50,9.0
3248080,COc1ccc(cc1)C(=O)n2c(C)c(Cc3cccc(OC(C)C(=O)O)c3)c4cc(OC(F)(F)F)ccc24,CHEMBL435517,IC50,9.0
3248091,COc1ccc(cc1)C(=O)n2c(C)c(Cc3ccccc3OC(C)(C)C(=O)O)c4cc(OC(F)(F)F)ccc24,CHEMBL361395,IC50,9.0
3248102,COc1ccc(cc1)C(=O)n2c(C)c(Cc3ccccc3OC(C)C(=O)O)c4cc(OC(F)(F)F)ccc24,CHEMBL181628,IC50,9.0
3248113,COc1ccc(cc1)n2c(C)c(Cc3cccc(O[C@@H](C)C(=O)O)c3)c4cc(OC(F)(F)F)ccc24,CHEMBL192691,IC50,9.0
3248123,C[C@@H](NC(=O)c1ccc2c(c1)c(C)c(C)n2Cc3ccc(cc3)c4ccccc4C(=O)O)c5ccccc5C(F)(F)F,CHEMBL3699353,IC50,9.0
3248133,C[C@H](NC(=O)c1ccc2c(c1)c(C)c(C)n2Cc3ccc(cc3)c4ccccc4C(=O)O)c5ccccc5Br,CHEMBL3699398,IC50,9.0
3248143,C[C@H](Oc1cc(Cn2c(C)c(Oc3ccc(Cl)cc3)c4ccc(OC(F)(F)F)cc24)ccc1Cl)C(=O)O,CHEMBL522772,IC50,9.0
3248154,C[C@H](Oc1cc(Oc2c(C)n(c3noc4cc(Cl)ccc34)c5ccc(OC(F)(F)F)cc25)ccc1Cl)C(=O)O,CHEMBL371341,IC50,9.0
3248166,C[C@H](Oc1cccc(Cn2c(C)c(C(=O)c3ccc(Cl)cc3)c4ccc(OC(F)(F)F)cc24)c1)C(=O)O,CHEMBL452051,IC50,9.0
3248177,C\C(=C\C(=O)c1ccccc1)\N[C@@H](Cc2ccc(OCCc3nc(oc3C)c4ccccc4)cc2)C(=O)O,CHEMBL410478,Ki,9.0
3248187,Cc1c(C)n(Cc2ccc(cc2)c3ccccc3)c4ccc(cc14)C(=O)NC(C)(C)c5ccc(Br)cc5,CHEMBL3695901,IC50,9.0
3248197,Cc1c(C)n(Cc2ccc(cc2)c3ccccc3C(=O)O)c4ccc(cc14)C(=O)NCc5cccs5,CHEMBL3695821,IC50,9.0
3248207,Cc1c(Cc2cccc(OCC(=O)O)c2)c3cc(OC(F)(F)F)ccc3n1C(=O)c4ccc(Cl)cc4,CHEMBL556073,IC50,9.0
3248218,Cc1oc(nc1CCOc2ccc(C[C@H](Oc3ccccc3)C(=O)O)cc2)C4CCCCC4,CHEMBL2237300,EC50,9.0
3248228,Cc1oc(nc1CCOc2ccc(C[C@](C)(Oc3ccccc3)C(=O)O)cc2)C4CCCCC4,CHEMBL264385,EC50,9.0
3248239,CC(C)OC(=O)c1ccccc1NC(Cc2ccc(OCCc3nc(oc3C)c4ccccc4)cc2)C(=O)O,CHEMBL148668,Ki,9.01
3248250,Cc1sc(nc1CCOc2ccc(C[C@H](Nc3ccccc3C(=O)c4ccccc4)C(=O)O)cc2)N5CCN(CC5)C(=O)OC(C)(C)C,CHEMBL146301,Ki,9.01
3248261,Cc1oc(nc1CCOc2ccc(CC(Nc3ccccc3C(=O)c4cccnc4)C(=O)O)cc2)c5ccccc5,CHEMBL148384,Ki,9.03
3248272,COc1ccc(cc1)[C@H](C)NC(=O)c2ccc3c(c2)c(C)c(C)n3Cc4ccc(cc4)c5ccccc5C(=O)O,CHEMBL3695776,IC50,9.05
3248282,Cc1onc(c1)c2nc(CCOc3ccc(C[C@H](Nc4ccccc4C(=O)c5ccccc5)C(=O)O)cc3)c(C)s2,CHEMBL343210,Ki,9.05
3248293,Cc1ccc(s1)c2oc(C)c(CCOc3ccc(C[C@H](Nc4ccccc4C(=O)c5ccccc5)C(=O)O)cc3)n2,CHEMBL147095,Ki,9.07
3248303,CCC[C@H](NC(=O)c1ccc2c(c1)c(C)c(C)n2Cc3ccc(cc3)c4ccccc4C(=O)O)c5ccccc5,CHEMBL3695847,IC50,9.1
3248313,Cc1sc(nc1CCOc2ccc(C[C@H](Nc3ccccc3C(=O)c4ccccc4)C(=O)O)cc2)N5CCOCC5,CHEMBL149876,Ki,9.11
3248324,C[C@@H](NC(=O)c1ccc2c(c1)c(C)c(C)n2Cc3ccc(cc3)c4ccccc4C(=O)O)c5ccc(Br)cc5,CHEMBL3695765,IC50,9.14
3248335,COC(=O)c1ccccc1[C@@](O)(Cc2ccc(OCCc3nc(oc3C)c4ccccc4)cc2)C(=O)O,CHEMBL2282520,EC50,9.15
3248344,C[C@H](Oc1cc(Cn2c(C)c(C)c3cc(ccc23)C(=O)N[C@@H](C)c4ccc(Br)cc4)ccc1Cl)C(=O)O,CHEMBL3678127,IC50,9.16
3248354,Cn1cc(nc1CCOc2ccc(C[C@H](Nc3ccccc3C(=O)c4ccccc4)C(=O)O)cc2)c5ccccc5,CHEMBL446629,Ki,9.16
3248364,CC(C)c1cccc(c1)[C@H](C)NC(=O)c2ccc3c(c2)c(C)c(C)n3Cc4ccc(Cl)c(O[C@@H](C)C(=O)O)c4,CHEMBL3678125,IC50,9.22
3248374,CCO[C@@H](Cc1ccc(OCCc2nc(oc2C)c3ccsc3)cc1)C(=O)O,CHEMBL1813009,EC50,9.22
3248384,C[C@H](Oc1cc(Cn2c(C)c(C)c3cc(ccc23)C(=O)N[C@@H](C)c4cccc(c4)C5CC5)ccc1Cl)C(=O)O,CHEMBL3678126,IC50,9.22
3248393,C[C@H](Oc1ccc(Cl)c(Cn2c(C)c(C)c3cc(ccc23)C(=O)N[C@@H](C)c4cccc(c4)C5CC5)c1)C(=O)O,CHEMBL3678132,IC50,9.22
3248402,CCC(NC(=O)c1ccc2c(c1)c(C)c(C)n2Cc3ccc(cc3)c4ccccc4C#N)c5ccccc5,CHEMBL3695787,IC50,9.27
3248411,Cc1c(C)n(Cc2ccc(cc2)c3ccccc3C(=O)O)c4ccc(cc14)C(=O)NC(C)(C)c5ccccc5,CHEMBL3695782,IC50,9.3
3248421,CN(CCOc1ccc(CC(Oc2ccccc2)C(=O)O)cc1)c3oc4ccccc4n3,CHEMBL65805,Ki,9.4
3248431,CC[C@@H](OC(=O)N(Cc1ccccc1)C(=O)Nc2cc(OC)cc(OC)c2)c3onc(c3)c4ccc(OC(C)(C)C(=O)O)cc4,CHEMBL3585575,EC50,9.42
3248442,Cc1oc(nc1CCOc2ccc(C[C@@](O)(C(=O)O)c3ccccc3C(=O)c4ccccc4)cc2)c5ccccc5,CHEMBL2282523,EC50,9.47
3248451,C[C@H](Oc1ccc(Cl)c(Cn2c(C)c(C)c3cc(ccc23)C(=O)N[C@@H](C)c4ccc(Br)cc4)c1)C(=O)O,CHEMBL3678133,IC50,9.52
3248460,C[C@H](Oc1cc(Cn2c(C)c(C)c3cc(ccc23)C(=O)N[C@@H](C)c4ccc(cc4)C(C)(C)C)ccc1Cl)C(=O)O,CHEMBL3678128,IC50,9.7
3248469,C[C@H](Oc1ccc(Cl)c(Cn2c(C)c(C)c3cc(ccc23)C(=O)N[C@@H](C)c4ccc(cc4)C(C)(C)C)c1)C(=O)O,CHEMBL3678134,IC50,9.7
3248479,Cc1sc(nc1CCOc2ccc(C[C@@](O)(C(=O)O)c3ccccc3C(=O)c4ccccc4)cc2)c5ccccc5,CHEMBL2282517,EC50,10.0
3248488,CC(C)c1cccc(c1)[C@H](C)NC(=O)c2ccc3c(c2)c(C)c(C)n3Cc4cc(O[C@@H](C)C(=O)O)ccc4Cl,CHEMBL3678131,IC50,10.22
3248498,CCO[C@@H](Cc1ccc(OCCc2nc(oc2C)c3cccs3)cc1)C(=O)O,CHEMBL1813008,EC50,10.3
3248509,CCO[C@@H](Cc1ccc(OCCc2nc(oc2C)c3ccc(C)s3)cc1)C(=O)O,CHEMBL1813011,EC50,10.74
