id,smiles,name,assay_type,activity_value
2282886,C\C(\C=C\C1=C(C)CCCC1(C)C)=C\C=C\C(\C)=C\C(O)=O,alitretinoin,EC50,6.52
2283498,C\C(=C/C=C/C(=C/C(=O)O)/C)\C=C\C1=C(C)CCCC1(C)C,tretinoin,EC50,6.7
4478295,CCOC(=O)\C=C(/C)\C=C\C=C(/C)\C=C\C1=C(C)C(C)=C(OC)C=C1C,etretinate,N/A,N/A
4368397,COC1=C(C)C(C)=C(\C=C\C(\C)=C\C=C\C(\C)=C\C(O)=O)C(C)=C1,acitretin,N/A,N/A
4368377,CCOC(=O)C1=CN=C(C=C1)C#CC1=CC=C2SCCC(C)(C)C2=C1,tazarotene,EC50,7.2
2283070,CCc1cc2c(cc1\C(=C\c3ccc(cc3)C(=O)O)\C)C(C)(C)CCC2(C)C,CHEMBL284937,IC50,7.0
5611660,CC1(C)CC=C(c2cccs2)c3cc(ccc13)C(=O)Nc4ccc(cc4)C(=O)O,CHEMBL344973,Kd,7.03
5611671,CC1(C)CCC(C)(C)c2cc(ccc12)c3oc(\C=C\C(=O)O)cc3,CHEMBL62047,Ki,7.03
5611684,CC(C)c1ccc(cc1)C2=CCC(C)(C)c3ccc(cc23)C#Cc4ccc(cc4)C(=O)O,CHEMBL155421,Kd,7.05
4368533,CC1(C)CC=C(c2ccc(F)cc2)c3cc(ccc13)C#Cc4ccc(cc4)C(=O)O,CHEMBL157272,Kd,7.07
4368902,C\C(=C/c1ccc(cc1)C(=O)O)\c2ccc3c(c2)C(C)(C)CCC3(C)C,CHEMBL275311,EC50,7.07
4369221,CC1(C)CCC(C)(C)c2nc(cnc12)c3csc(n3)c4ccc(cc4)C(=O)O,CHEMBL336311,IC50,7.08
4368925,CC1(C)CCC(C)(C)c2cc(ccc12)C(=O)Nc3ccc(cc3)C(=O)O,CHEMBL69367,EC50,7.1
5611703,Cc1ccc(cc1c2ccc3c(c2)C(C)(C)CCC3(C)C)c4ccc(cc4)C(=O)O,CHEMBL27226,AC50,7.1
5611714,CC1(C)CCC(C)(C)c2cc(NC(=O)c3ccc(cc3)C(=O)O)ccc12,CHEMBL25202,IC50,7.11
4369134,CC1(C)CCC(C)(C)c2cc(ccc12)C(=C(F)F)c3ccc4cc(ccc4c3)C(=O)O,CHEMBL78587,Kd,7.14
4368913,C\C(=C\c1ccc(cc1)C(=O)O)\c2ccc3c(c2)C(C)(C)CCC3(C)C,CHEMBL86663,Kd,7.14
4369300,CC1(C)CCC(C)(C)c2cc(ccc12)C(=C)c3ccc4cc(ccc4c3)C(=O)O,CHEMBL82716,Kd,7.17
5611731,CC(C)(O)C1Cc2c(O1)ccc3Oc4c5C=CC(C)(C)Oc5cc(O)c4C(=O)c23,CHEMBL3400677,EC50,7.19
2283351,C\C(=C/C(=O)O)\C=C\C=C(/C)\c1cc(cc(c1)C(C)(C)C)C(C)(C)C,CHEMBL89241,Ki,7.2
4368758,COc1ccc(cc1)C2=CCC(C)(C)c3ccc(cc23)C#Cc4ccc(cc4)C(=O)O,CHEMBL346202,Kd,7.22
4368936,C\C(=C/C(=O)O)\C=C\CC1(CC1)c2ccc3c(c2)C(C)(C)CCC3(C)C,CHEMBL89331,EC50,7.23
4368947,CC(C)N1C(=O)CC(C)(C)c2ccc(cc12)C#Cc3ccc(cc3)C(=O)O,CHEMBL430616,Kd,7.24
4368856,CC1(C)CC=C(c2ccc(Cl)cc2)c3cc(ccc13)C#Cc4ccc(cc4)C(=O)O,CHEMBL157160,Kd,7.24
2283175,C\C(=C/C(=O)O)\C=C\C=C(\C)/c1cc(cc(c1OCC(F)F)C(C)(C)C)C(C)(C)C,CHEMBL42314,Ki,7.27
4368662,CC(C)N1CCC(C)(C)c2ccc(cc12)C#Cc3ccc(cc3)C(=O)O,CHEMBL80271,Kd,7.28
4368699,C\C(=C/c1ccc2SCCC(C)(C)c2c1)\c3ccc(cc3)C(=O)O,CHEMBL73321,EC50,7.35
4368641,CC1(C)CC=C(c2ccc(cc2)C(F)(F)F)c3cc(ccc13)C#Cc4ccc(cc4)C(=O)O,CHEMBL156997,Kd,7.36
5611762,CC1(C)CCC(C)(C)c2nc(cnc12)C(=O)Nc3ccc(cc3)C(=O)O,CHEMBL432592,IC50,7.4
4369001,CCc1ccc(cc1)C2=CCC(C)(C)c3ccc(cc23)C#Cc4ccc(cc4)C(=O)O,CHEMBL155474,Kd,7.4
2283428,COc1cc2c(cc1\C(=C/C=C/C(=C/C(=O)O)/C)\C)C(C)(C)CCC2(C)C,CHEMBL111589,EC50,7.4
4368683,CC1(C)CC=C(c2ccc(cc2)C#N)c3cc(ccc13)C#Cc4ccc(cc4)C(=O)O,CHEMBL346703,Kd,7.42
4369013,C\C(=C/c1ccc2c(c1)C(C)(C)CCC2(C)C)\c3ccc(cc3)C(=O)O,CHEMBL285179,EC50,7.43
4368889,CC1(C)CCC(C)(C)c2cc(C\C=C\c3ccc(cc3)C(=O)O)ccc12,CHEMBL165843,Kd,7.44
4369199,CC1(C)CCC(C)(C)c2nc(cnc12)c3oc(cc3)c4ccc(cc4)C(=O)O,CHEMBL132033,IC50,7.5
4368834,C\C(=C/c1ccc(cc1)C(=O)O)\c2ccc3SCCC(C)(C)c3c2,CHEMBL39344,EC50,7.57
4368867,CC1(C)CCC(C)(C)c2nc(cnc12)c3occ(c3)c4ccc(cc4)C(=O)O,CHEMBL131925,IC50,7.72
4369156,Cc1ccc(cc1)C2=CCC(C)(C)c3ccc(cc23)C#Cc4ccc(cc4)C(=O)O,CHEMBL358145,Kd,7.77
4368802,Cc1ccc(s1)C2=CC(C)(C)Oc3cc4ccc(cc4cc23)c5ccc(cc5)C(=O)O,CHEMBL163530,Kd,7.77
4366803,C\C(=C/C1=COc2cc3c(cc2C1=O)C(C)(C)CCC3(C)C)\C=C(/C)\C(=O)O,CHEMBL550796,IC50,7.82
4369290,Cc1cc2c(cc1\C=C\c3ccc(cc3)C(=O)O)C(C)(C)CCC2(C)C,CHEMBL441231,EC50,7.82
4369091,Cc1ccc(s1)C2=CCC(C)(C)c3cc4ccc(cc4cc23)c5ccc(cc5)C(=O)O,CHEMBL165417,Kd,7.82
2283307,CCOc1cc2c(cc1\C(=C/C=C/C(=C/C(=O)O)/C)\C)C(C)(C)CCC2(C)C,CHEMBL109847,EC50,7.85
5611800,Cc1cc2c(cc1C3=NOC(C3)c4ccc(cc4)C(=O)O)C(C)(C)CCC2(C)C,CHEMBL25337,AC50,7.85
4369058,Cc1ccc(cc1)C2=CC(C)(C)Oc3cc4ccc(cc4cc23)c5ccc(cc5)C(=O)O,CHEMBL162345,Kd,7.85
4369145,Cc1ccc(cc1)C2=CCC(C)(C)c3cc4ccc(cc4cc23)c5ccc(cc5)C(=O)O,CHEMBL162393,Kd,7.89
4369024,Cc1ccc(s1)C2=CC(C)(C)Sc3cc4ccc(cc4cc23)c5ccc(cc5)C(=O)O,CHEMBL163223,Kd,7.89
4369333,CC1(C)CCC(C)(C)c2cc(\C=C\c3ccc(cc3)C(=O)O)ccc12,CHEMBL12585,EC50,7.96
5611818,CC1(C)CCC(C)(C)c2c(Br)c(O)c(cc12)C(=O)Nc3cc(F)c(C(=O)O)c(F)c3,CHEMBL439780,Kd,8.08
5611829,CC1(C)CCC(C)(C)c2cc(ccc12)C(=O)Nc3cc(F)c(C(=O)O)c(F)c3,CHEMBL106527,Kd,8.16
4369188,Cc1ccc(cc1)C2=CC(C)(C)Sc3cc4ccc(cc4cc23)c5ccc(cc5)C(=O)O,CHEMBL165629,Kd,8.26
4369266,CC1(C)CCC(C)(C)c2cc3cc(ccc3cc12)c4ccc(cc4)C(=O)O,CHEMBL36768,Ki,8.28
5611844,CC1(C)CCC(C)(C)c2c(Br)c(O)c(cc12)C(=O)Nc3ccc(C(=O)O)c(F)c3,CHEMBL317873,Kd,8.36
2283263,CCCOc1cc2c(cc1\C(=C/C=C/C(=C/C(=O)O)/C)\C)C(C)(C)CCC2(C)C,CHEMBL109581,EC50,8.4
4368813,C\C(=C/C(=O)O)\C=C\C1CC1\C=C\C2=CC(C)(C)CCC2(C)C,CHEMBL74331,Ki,8.51
5611858,CC1(C)CCC(C)(C)c2c(Cl)c(O)c(cc12)C(=O)Nc3cc(F)c(C(=O)O)c(F)c3,CHEMBL107430,Kd,8.52
5611869,CC1(C)CCC(C)(C)c2cc(C(=O)Nc3cc(F)c(C(=O)O)c(F)c3)c(O)cc12,CHEMBL107054,Kd,8.52
4369277,CC1(C)CCC(C)(C)c2nc(cnc12)c3cc(cs3)c4ccc(cc4)C(=O)O,CHEMBL131850,IC50,8.62
5611882,CC1(C)CCC(C)(C)c2nc(cnc12)c3ccc([nH]3)c4ccc(cc4)C(=O)O,CHEMBL133725,IC50,8.66
5611893,CC1(C)CCC(C)(C)c2cc(ccc12)C(=O)Nc3ccc(C(=O)O)c(F)c3,CHEMBL326911,Kd,8.7
4369255,CC1(C)CCC(C)(C)c2cc(ccc12)c3cccc(c3)c4ccc(cc4)C(=O)O,CHEMBL418570,AC50,9.0
4369322,CC1(C)CCC(C)(C)c2cc(ccc12)C#Cc3ccc(cc3)C(=O)O,CHEMBL451835,EC50,9.22
4368959,CC1(C)CCC(C)(C)c2cc(ccc12)c3ccc([nH]3)c4ccc(cc4)C(=O)O,CHEMBL134375,IC50,9.35
