id,smiles,name,assay_type,activity_value
2282886,C\C(\C=C\C1=C(C)CCCC1(C)C)=C\C=C\C(\C)=C\C(O)=O,alitretinoin,EC50,7.13
2283498,C\C(=C/C=C/C(=C/C(=O)O)/C)\C=C\C1=C(C)CCCC1(C)C,tretinoin,EC50,6.7
4368377,CCOC(=O)C1=CN=C(C=C1)C#CC1=CC=C2SCCC(C)(C)C2=C1,tazarotene,EC50,7.4
4368387,COC1=CC=C(C=C1C12CC3CC(CC(C3)C1)C2)C1=CC=C2C=C(C=CC2=C1)C(O)=O,adapalene,Ki,6.89
4368397,COC1=C(C)C(C)=C(\C=C\C(\C)=C\C=C\C(\C)=C\C(O)=O)C(C)=C1,acitretin,N/A,N/A
4368435,CC1(C)CCC(C)(C)c2cc(ccc12)c3ccccc3c4ccc(cc4)C(=O)O,CHEMBL89253,EC50,7.0
4368446,CC1(C)CC=C(c2ccc(O)cc2)c3cc(ccc13)C#Cc4ccc(cc4)C(=O)O,CHEMBL152740,Kd,7.01
4368457,CC1(C)CCC(C)(C)c2cc(ccc12)\C(=N\N)\c3ccc4cc(ccc4c3)C(=O)O,CHEMBL82609,Kd,7.02
4368468,COc1ccc(cc1C23CC4CC(CC(C4)C2)C3)\C(=C\c5ccc(cc5)C(=O)O)\C,CHEMBL146449,Ki,7.02
4368479,CC(C)(C)c1ccc(cc1)C2=CCC(C)(C)c3ccc(cc23)C#Cc4ccc(cc4)C(=O)O,CHEMBL423954,Kd,7.03
4368490,CC1(C)CCC(C)(C)c2cc(ccc12)C#Cc3ccc(cc3)C4=NOC(=O)N4,CHEMBL468608,EC50,7.04
4368501,C\C(=C/c1ccc(cc1)C(=O)O)\c2cc3c(cc2Br)C(C)(C)CCC3(C)C,CHEMBL284167,EC50,7.04
4368511,C\C(=C/c1ccc(cc1)C(=O)O)\c2ccc(O)c(c2)C(C)(C)C,CHEMBL348449,Ki,7.07
4368522,COC(=O)c1ccc(\C=C(/C)\c2ccc3SCCC(C)(C)c3c2)cc1,CHEMBL125587,EC50,7.08
4368533,CC1(C)CC=C(c2ccc(F)cc2)c3cc(ccc13)C#Cc4ccc(cc4)C(=O)O,CHEMBL157272,Kd,7.09
4368544,C\C(=C/c1ccc(cc1)C(=O)O)\c2cc3c(cc2Cl)C(C)(C)CCC3(C)C,CHEMBL36464,EC50,7.11
4368554,OC(=O)c1ccc2cc(ccc2c1)c3ccc(O)c(c3)C45CC6CC(CC(C6)C4)C5,CHEMBL1180,Ki,7.11
4368565,CC1(C)CCC(C)(C)c2cc(ccc12)[C@@H](O)c3ccc4cc(ccc4c3)C(=O)O,CHEMBL81273,Kd,7.13
4368576,CC(C)N1CCC(C)(C)c2cc(ccc12)C#Cc3ccc(cc3)C(=O)O,CHEMBL311269,Kd,7.14
4368586,OCCCc1ccc(cc1C23CC4CC(CC(C4)C2)C3)c5ccc6cc(ccc6c5)C(=O)O,CHEMBL357917,Ki,7.14
4368597,C\C(=C\c1ccc(cc1)C(=O)O)\c2ccc3C4CCC(C4)c3c2,CHEMBL84681,EC50,7.16
4368608,CC1(C)CCC(C)(C)c2cc(ccc12)c3ccc4cc(ccc4c3)C(=O)O,CHEMBL25361,AC50,7.17
4368619,Cc1cccc(c1)C2=CCC(C)(C)c3ccc(cc23)C#Cc4ccc(cc4)C(=O)O,CHEMBL153974,Kd,7.17
4368630,CC1(C)CCC(C)(C)c2cc(ccc12)C(O)c3ccc4cc(ccc4c3)C(=O)O,CHEMBL82089,Kd,7.19
4368641,CC1(C)CC=C(c2ccc(cc2)C(F)(F)F)c3cc(ccc13)C#Cc4ccc(cc4)C(=O)O,CHEMBL156997,Kd,7.24
4368652,CC1(C)CCNc2cc(ccc12)C#Cc3ccc(cc3)C(=O)O,CHEMBL75741,EC50,7.27
4368662,CC(C)N1CCC(C)(C)c2ccc(cc12)C#Cc3ccc(cc3)C(=O)O,CHEMBL80271,Kd,7.28
4368672,C\C(=C/c1ccc(cc1)C(=O)O)\c2ccc(O)c(c2)C34CC5CC(CC(C5)C3)C4,CHEMBL421773,Ki,7.28
4368683,CC1(C)CC=C(c2ccc(cc2)C#N)c3cc(ccc13)C#Cc4ccc(cc4)C(=O)O,CHEMBL346703,Kd,7.29
4368699,C\C(=C/c1ccc2SCCC(C)(C)c2c1)\c3ccc(cc3)C(=O)O,CHEMBL73321,EC50,7.33
4368710,CC1(C)CC=C(c2ccccc2)c3cc(ccc13)C#Cc4ccc(cc4)C(=O)O,CHEMBL156903,Kd,7.38
4366803,C\C(=C/C1=COc2cc3c(cc2C1=O)C(C)(C)CCC3(C)C)\C=C(/C)\C(=O)O,CHEMBL550796,IC50,7.4
4368725,C\C(=C/C(=O)O)\C=C\C=C(/C)\c1ccc2OCCC(C)(C)c2c1,CHEMBL35136,EC50,7.41
4368736,C\C(=C/c1ccc(s1)C(=O)O)\c2cc3c(cc2C)C(C)(C)CCC3(C)C,CHEMBL91718,EC50,7.43
4368747,CCc1ccc(cc1)C2=C(\C=C\C#Cc3ccc(cc3)C(=O)O)C(C)(C)CCC2,CHEMBL349935,Kd,7.44
4368758,COc1ccc(cc1)C2=CCC(C)(C)c3ccc(cc23)C#Cc4ccc(cc4)C(=O)O,CHEMBL346202,Kd,7.44
4368769,C\C(=C/c1ccc(cc1)C(=O)O)\C=C\C2=C(C)CCCC2(C)C,CHEMBL284264,EC50,7.46
4368780,Cc1ccccc1C2=CCC(C)(C)c3ccc(cc23)C#Cc4ccc(cc4)C(=O)O,CHEMBL156940,Kd,7.46
4368791,OCC(O)Cc1ccc(cc1C23CC4CC(CC(C4)C2)C3)c5ccc6cc(ccc6c5)C(=O)O,CHEMBL146636,Ki,7.47
4368802,Cc1ccc(s1)C2=CC(C)(C)Oc3cc4ccc(cc4cc23)c5ccc(cc5)C(=O)O,CHEMBL163530,Kd,7.48
4368813,C\C(=C/C(=O)O)\C=C\C1CC1\C=C\C2=CC(C)(C)CCC2(C)C,CHEMBL74331,Ki,7.5
4368823,C\C(=C/c1ccc(cc1)C(=O)O)\c2ccc3SCC(C)(C)c3c2,CHEMBL118754,EC50,7.52
4368834,C\C(=C/c1ccc(cc1)C(=O)O)\c2ccc3SCCC(C)(C)c3c2,CHEMBL39344,EC50,7.52
4368845,COc1ccc(cc1C2(C)CCCCC2)\C(=C\c3ccc(cc3)C(=O)O)\C,CHEMBL356326,Ki,7.54
4368856,CC1(C)CC=C(c2ccc(Cl)cc2)c3cc(ccc13)C#Cc4ccc(cc4)C(=O)O,CHEMBL157160,Kd,7.57
4368867,CC1(C)CCC(C)(C)c2nc(cnc12)c3occ(c3)c4ccc(cc4)C(=O)O,CHEMBL131925,IC50,7.57
4368878,C\C(=C/c1ccc(cc1)C(=O)O)\c2ccc(O)c(c2)C3(C)CCCCC3,CHEMBL345022,Ki,7.57
4368889,CC1(C)CCC(C)(C)c2cc(C\C=C\c3ccc(cc3)C(=O)O)ccc12,CHEMBL165843,Kd,7.59
4368902,C\C(=C/c1ccc(cc1)C(=O)O)\c2ccc3c(c2)C(C)(C)CCC3(C)C,CHEMBL275311,IC50,7.59
4368913,C\C(=C\c1ccc(cc1)C(=O)O)\c2ccc3c(c2)C(C)(C)CCC3(C)C,CHEMBL86663,Kd,7.59
4368925,CC1(C)CCC(C)(C)c2cc(ccc12)C(=O)Nc3ccc(cc3)C(=O)O,CHEMBL69367,EC50,7.6
4368936,C\C(=C/C(=O)O)\C=C\CC1(CC1)c2ccc3c(c2)C(C)(C)CCC3(C)C,CHEMBL89331,EC50,7.62
4368947,CC(C)N1C(=O)CC(C)(C)c2ccc(cc12)C#Cc3ccc(cc3)C(=O)O,CHEMBL430616,Kd,7.64
2283070,CCc1cc2c(cc1\C(=C\c3ccc(cc3)C(=O)O)\C)C(C)(C)CCC2(C)C,CHEMBL284937,EC50,7.64
4368959,CC1(C)CCC(C)(C)c2cc(ccc12)c3ccc([nH]3)c4ccc(cc4)C(=O)O,CHEMBL134375,IC50,7.68
4368970,Cc1ccc(cc1)C2=C(\C=C\C#Cc3ccc(cc3)C(=O)O)C(C)(C)CCC2,CHEMBL349018,Kd,7.68
4368980,OC(=O)c1ccc(\C=C\c2ccc(O)c(c2)C34CC5CC(CC(C5)C3)C4)cc1,CHEMBL146646,Ki,7.7
4368991,CC1(C)CCC(C)(C)c2cc(ccc12)C3=Cc4ccc(cc4OC3)C(=O)O,CHEMBL75848,Ki,7.72
4369001,CCc1ccc(cc1)C2=CCC(C)(C)c3ccc(cc23)C#Cc4ccc(cc4)C(=O)O,CHEMBL155474,Kd,7.72
4369013,C\C(=C/c1ccc2c(c1)C(C)(C)CCC2(C)C)\c3ccc(cc3)C(=O)O,CHEMBL285179,EC50,7.72
4369024,Cc1ccc(s1)C2=CC(C)(C)Sc3cc4ccc(cc4cc23)c5ccc(cc5)C(=O)O,CHEMBL163223,Kd,7.75
4369035,CC(C)N1C(=O)CC(C)(C)c2cc(ccc12)C#Cc3ccc(cc3)C(=O)O,CHEMBL76313,Kd,7.77
4369045,CC1(C)CCC(C)(C)c2nc(cnc12)c3ccc(s3)c4ccc(cc4)C(=O)O,CHEMBL131810,IC50,7.77
2283428,COc1cc2c(cc1\C(=C/C=C/C(=C/C(=O)O)/C)\C)C(C)(C)CCC2(C)C,CHEMBL111589,EC50,7.77
4369058,Cc1ccc(cc1)C2=CC(C)(C)Oc3cc4ccc(cc4cc23)c5ccc(cc5)C(=O)O,CHEMBL162345,Kd,7.85
4369069,COc1ccc(cc1C(C)(C)C)\C(=C\c2ccc(cc2)C(=O)O)\C,CHEMBL74826,Ki,7.89
4369080,C\C(=C/C(=O)O)\C=C\C=C(/C)\c1ccc2SCCC(C)(C)c2c1,CHEMBL34292,EC50,7.92
4369091,Cc1ccc(s1)C2=CCC(C)(C)c3cc4ccc(cc4cc23)c5ccc(cc5)C(=O)O,CHEMBL165417,Kd,7.96
4369102,CC(C)(C)c1ccc(cc1)C#Cc2ccc(cc2)C(=O)O,CHEMBL457775,EC50,8.0
4369113,CC1=C(\C=C\C#Cc2ccc(cc2)C(=O)O)C(C)(C)CCC1,CHEMBL151870,EC50,8.0
4369123,C\C(=C/C(=O)O)\C=C\C=C(/C)\c1ccc2SCC(C)(C)c2c1,CHEMBL330998,EC50,8.1
4369134,CC1(C)CCC(C)(C)c2cc(ccc12)C(=C(F)F)c3ccc4cc(ccc4c3)C(=O)O,CHEMBL78587,Kd,8.13
4369145,Cc1ccc(cc1)C2=CCC(C)(C)c3cc4ccc(cc4cc23)c5ccc(cc5)C(=O)O,CHEMBL162393,Kd,8.16
4369156,Cc1ccc(cc1)C2=CCC(C)(C)c3ccc(cc23)C#Cc4ccc(cc4)C(=O)O,CHEMBL358145,Kd,8.16
4369167,C\C(=C/C=C/C(=C/C(=O)O)/C)\C=C/C1=C(C)CCCC1(C)C,CHEMBL44478,EC50,8.22
4369177,CC(C)(C)c1ccc(cc1)C2=C(\C=C\C#Cc3ccc(cc3)C(=O)O)C(C)(C)CCC2,CHEMBL424190,Kd,8.3
4369188,Cc1ccc(cc1)C2=CC(C)(C)Sc3cc4ccc(cc4cc23)c5ccc(cc5)C(=O)O,CHEMBL165629,Kd,8.3
4369199,CC1(C)CCC(C)(C)c2nc(cnc12)c3oc(cc3)c4ccc(cc4)C(=O)O,CHEMBL132033,IC50,8.34
4369210,Cc1ccc(cc1)C2=CCC(C)(C)C=C2\C=C\C#Cc3ccc(cc3)C(=O)O,CHEMBL350485,Kd,8.4
4369221,CC1(C)CCC(C)(C)c2nc(cnc12)c3csc(n3)c4ccc(cc4)C(=O)O,CHEMBL336311,IC50,8.44
4369232,CC1(C)CCC(C)(C)c2cc(ccc12)\C(=N/O)\c3ccc4cc(ccc4c3)C(=O)O,CHEMBL77961,Kd,8.48
4369244,CC1(C)CCC(C)(C)c2cc(ccc12)C(=O)c3ccc4cc(ccc4c3)C(=O)O,CHEMBL309282,Kd,8.52
4369255,CC1(C)CCC(C)(C)c2cc(ccc12)c3cccc(c3)c4ccc(cc4)C(=O)O,CHEMBL418570,AC50,8.64
4369266,CC1(C)CCC(C)(C)c2cc3cc(ccc3cc12)c4ccc(cc4)C(=O)O,CHEMBL36768,Ki,8.7
4369277,CC1(C)CCC(C)(C)c2nc(cnc12)c3cc(cs3)c4ccc(cc4)C(=O)O,CHEMBL131850,IC50,8.7
2283351,C\C(=C/C(=O)O)\C=C\C=C(/C)\c1cc(cc(c1)C(C)(C)C)C(C)(C)C,CHEMBL89241,Ki,8.72
4369290,Cc1cc2c(cc1\C=C\c3ccc(cc3)C(=O)O)C(C)(C)CCC2(C)C,CHEMBL441231,EC50,8.85
4369300,CC1(C)CCC(C)(C)c2cc(ccc12)C(=C)c3ccc4cc(ccc4c3)C(=O)O,CHEMBL82716,Kd,8.89
4369311,Cc1ccc(cc1c2cc3c(cc2C)C(C)(C)CCC3(C)C)c4ccc(cc4)C(=O)O,CHEMBL25088,AC50,9.0
4369322,CC1(C)CCC(C)(C)c2cc(ccc12)C#Cc3ccc(cc3)C(=O)O,CHEMBL451835,EC50,9.22
4369333,CC1(C)CCC(C)(C)c2cc(\C=C\c3ccc(cc3)C(=O)O)ccc12,CHEMBL12585,EC50,9.4
