id,smiles,name,assay_type,activity_value
1855412,Fc1ccc(cc1)S(=O)(=O)N2CCCc3ccc(NC(=O)c4c(F)cccc4F)cc23,CHEMBL3617295,EC50,7.07
1856674,Fc1ccc(cc1)S(=O)(=O)N2CCCc3ccc(NC(=O)c4c(F)cccc4Cl)cc23,CHEMBL3314003,EC50,7.54
1856706,CC(C)CCC[C@@H](C)[C@H]1CC[C@H]2[C@@H]3[C@@H](O)C=C4C[C@@H](O)CC[C@]4(C)[C@H]3CC[C@]12C,CHEMBL497834,Ki,7.92
1856716,CC(C)CCC[C@@H](C)[C@H]1CC[C@H]2[C@@H]3[C@H](O)C=C4C[C@@H](O)CC[C@]4(C)[C@H]3CC[C@]12C,CHEMBL497207,Ki,7.92
4149276,CC(C)CCC[C@@H](C)[C@H]1CC[C@H]2[C@H]3[C@H](CC[C@]12C)[C@@]4(C)CC[C@H](O)CC4=CC3=O,CHEMBL1278177,Ki,7.92
