id,smiles,name,assay_type,activity_value
1854401,CC(=O)N1CCN(CC1)c2ccc(CN(C3CC3)S(=O)(=O)Cc4ccccc4)cc2,CHEMBL3317841,EC50,7.0
1854413,CC(C)CN(Cc1ccc(cc1)N2CCC(O)CC2)S(=O)(=O)Cc3ccccc3,CHEMBL3317828,EC50,7.0
1854424,CC(C)CN(Cc1ccccc1C(F)(F)F)S(=O)(=O)c2ccc(cc2)N3CCN(CC3)S(=O)(=O)C,CHEMBL3361048,EC50,7.0
1854435,CCC(=O)Nc1ccc2nn(nc2c1)c3ccc(CC)cc3,CHEMBL3218920,EC50,7.0
1854445,CCCCOc1cc(ccc1N(C)C(=O)c2c(F)cccc2Cl)c3cc(ccc3Cl)C(=O)N,CHEMBL3596630,EC50,7.0
1854456,CCN1C(=O)c2cccc3c(ccc1c23)S(=O)(=O)Nc4cccc5ccncc45,CHEMBL3234030,IC50,7.0
1854467,CCS(=O)(=O)c1ccc(CC(=O)Nc2ccc(NCCc3ccc(cc3)C(F)(F)F)cc2)cc1,CHEMBL3109224,IC50,7.0
1854478,CCS(=O)(=O)c1ccc(CC(=O)Nc2ccc(cc2)c3cc(Cl)ccc3Cl)cc1,CHEMBL3609388,IC50,7.0
1854489,CCS(=O)(=O)c1ccc(CC(=O)Nc2nc(c(Oc3ccccc3Cl)s2)c4ccccc4)cc1,CHEMBL3605081,IC50,7.0
1854500,CNC(=O)c1ccc(Cl)c(c1)c2ccc3N(CCCc3c2)C(=O)c4c(F)cccc4Cl,CHEMBL3596600,IC50,7.0
1854511,C[C@H]1CC[C@H](c2ccccc2)S(=O)(=O)N1Cc3ccc(cc3F)N4CCC(CO)(CC4)n5cnnc5,CHEMBL3634610,IC50,7.0
1854522,Cc1cc(C)c2nc(NC(=O)c3sccc3C)sc2c1,CHEMBL3218919,EC50,7.0
1854532,Cc1cccc(c1)C(=O)Nc2onc(c2)c3ccccc3,CHEMBL3218918,EC50,7.0
1854542,OC(=O)C1CCC(=CC1)c2nc(C(=O)c3c(Cl)cccc3C(F)(F)F)n4ccccc24,CHEMBL3598150,EC50,7.0
1854553,OC(c1ccc(cc1)N(CC(F)(F)F)S(=O)(=O)c2cccc(c2)C#N)(C(F)(F)F)C(F)(F)F,CHEMBL3094366,EC50,7.0
1854564,CC(C)C[C@@H]1C[C@@H](C1)c2nnc([C@H]3C[C@H](O)C[C@@H]3C(=O)Nc4ccc(C)cc4C)n2C5CC5,CHEMBL3775807,EC50,7.01
1854575,O[C@@H]1CN(CC[C@H]1C(=O)O)c2nc(C(=O)c3c(Cl)cccc3C(F)(F)F)n4ccccc24,CHEMBL3596269,EC50,7.01
1854587,[2H]C([2H])([2H])N(C(=O)c1c(F)cccc1Cl)c2ccc(cc2OCC(F)(F)F)c3cc(ccc3Cl)C(=O)N,CHEMBL3596632,EC50,7.01
1854597,CC1CCN(c2ccccc2)S(=O)(=O)N1Cc3ccc(cc3F)N4CCN(CC4)C(=O)C,CHEMBL3657605,IC50,7.02
1854607,COc1ccc(cc1)C(CC(=O)N2CC(C)CC(C)C2)c3c(O)cc(OC)cc3OC,CHEMBL2312126,IC50,7.02
1854618,CC(C)CN(Cc1ccccc1)S(=O)(=O)c2ccc(cc2F)N3CCN(CC3)S(=O)(=O)C,CHEMBL3361037,IC50,7.03
1854629,CCN(Cc1ccc(cc1)N2CCN(CC2)C(=O)C)S(=O)(=O)Cc3ccccc3,CHEMBL3317842,EC50,7.03
1854640,CN(C(=O)c1c(F)cccc1Cl)c2ccc(cc2OCC(F)(F)F)c3cc(ccc3Cl)C(=O)N,CHEMBL3596631,EC50,7.03
1854651,[2H]C([2H])([2H])N(C(=O)c1c(F)cccc1Cl)c2ccc(cc2N3CC4CC4C3)c5cc(NC(=O)CN(C)C)nn5C(C)C,CHEMBL3598062,EC50,7.03
1854662,CC(=O)N1CCN(CC1)c2ccc(CN(C3CCC3)S(=O)(=O)c4ccc(Cl)cc4)c(F)c2,CHEMBL3581542,IC50,7.04
1854673,CC(C)CN(Cc1ccc(cc1)c2cccc(CC(=O)N)c2)S(=O)(=O)Cc3ccccc3,CHEMBL3264012,IC50,7.04
1854684,CCN1C(=O)c2cccc3c(ccc1c23)S(=O)(=O)N(C(=O)c4ccncc4)c5ccc(OC)cc5,CHEMBL1494527,IC50,7.05
1854695,CCN1C(=O)c2cccc3c(ccc1c23)S(=O)(=O)NC4CCN(CC4)C(=O)C,CHEMBL3234252,IC50,7.05
1854706,CCN1C(=O)c2cccc3c(ccc1c23)S(=O)(=O)Nc4ccc(NC(=O)C)cc4,CHEMBL3234256,IC50,7.05
1854717,Cc1cc(ccc1c2ccc(CN3CCN(Cc4ccncc4)CC3)cc2)C(O)(C(F)(F)F)C(F)(F)F,CHEMBL3313986,IC50,7.05
1854728,OC(c1ccc(cc1)N(CC(F)(F)F)S(=O)(=O)c2ccc(F)cc2)(C(F)(F)F)C(F)(F)F,CHEMBL3094369,EC50,7.05
1854739,[2H]C([2H])([2H])N(C(=O)c1c(F)cccc1Cl)c2ncc(cc2OCC(F)(F)F)c3cc(ccc3Cl)C(=O)N,CHEMBL3596634,IC50,7.05
1854750,CC(C)CN(Cc1ccccc1C(F)(F)F)S(=O)(=O)c2ccc(cc2)N3CCN(CC3)C(=O)C,CHEMBL3361049,EC50,7.07
1854761,Fc1ccc(cc1)S(=O)(=O)N2CCc3ccc(NC(=O)c4c(F)cccc4F)cc23,CHEMBL3617297,EC50,7.07
1854772,OC(=O)c1ccc(cc1)c2nc(C(=O)c3c(Cl)cccc3C(F)(F)F)n4cccnc24,CHEMBL3598143,EC50,7.08
1854783,CCCN(CCc1ccc(cc1)C(F)(F)F)c2ccc(NC(=O)Cc3ccc(cc3)S(=O)(=O)CC)cc2,CHEMBL3109225,IC50,7.1
1854794,CCS(=O)(=O)c1ccc(CC(=O)Nc2cc(cs2)c3cc(Cl)ccc3Cl)cc1,CHEMBL3609383,IC50,7.1
1854805,CCS(=O)(=O)c1ccc(CC(=O)Nc2nc(c(Oc3ccccc3C(F)(F)F)s2)c4ccccc4)cc1,CHEMBL3605082,IC50,7.1
1854816,OC(=O)c1ccc(c(F)c1)c2nc(C(=O)c3c(Cl)cccc3Cl)n4CCCCc24,CHEMBL3596273,EC50,7.11
1854827,CC(=O)N1CCN(CC1)c2ccc(CN(C3CCC3)S(=O)(=O)c4ccc(Cl)cc4Cl)c(F)c2,CHEMBL3581550,IC50,7.12
1854838,CC(=O)N1CCN(CC1)c2ccc(CN(C3CCC3)S(=O)(=O)c4ccccc4F)c(F)c2,CHEMBL3581532,IC50,7.12
1854849,COc1cc(O)c(C(CC(=O)N2CC(C)CC(C)C2)c3ccc4OCOc4c3)c(OC)c1,CHEMBL2312113,IC50,7.12
1854860,[2H]C([2H])([2H])N(C(=O)c1c(F)cccc1Cl)c2ccc(cc2N3CC4CC4C3)c5cc(NC(=O)C)nn5C6COC6,CHEMBL3598073,EC50,7.12
1854871,[2H]C([2H])([2H])N(C(=O)c1c(F)cccc1Cl)c2ccc(cc2OCC(C)C)c3cc(NC(=O)C)nn3C(C)C,CHEMBL3598045,IC50,7.12
1854882,CC(C)CN(Cc1ccc(cc1)N2CCC(CC2)C#N)S(=O)(=O)Cc3ccccc3,CHEMBL3317830,EC50,7.13
1854893,CC(C)CN(Cc1ccccc1C(F)(F)F)S(=O)(=O)c2ccc(C=C3CCN(CC3)S(=O)(=O)C)cc2,CHEMBL3361055,EC50,7.13
1854904,Cn1ccc2c(cccc12)S(=O)(=O)N(CC(F)(F)F)c3ccc(cc3)C(O)(C(F)(F)F)C(F)(F)F,CHEMBL3793036,IC50,7.14
1854915,OC(c1ccc(cc1)N(CC(F)(F)F)S(=O)(=O)c2cccc(Cl)c2)(C(F)(F)F)C(F)(F)F,CHEMBL3793667,IC50,7.14
1854926,CC(C)CN(Cc1ccc(s1)c2ccc(NS(=O)(=O)C)cc2)S(=O)(=O)Cc3ccccc3,CHEMBL3263699,IC50,7.15
1854937,CC(C)C[C@@H]1C[C@@H](C1)c2onc([C@@H](CC(=O)O)CC(=O)Nc3cc(C)ccc3Cl)c2C4CC4,CHEMBL3314011,EC50,7.15
1854948,[2H]C([2H])([2H])N(C(=O)c1c(F)cccc1Cl)c2ccc(cc2N3CC4CC4C3)c5cc(NC(=O)NC(CO)CO)nn5C(C)C,CHEMBL3598067,EC50,7.15
1854959,CC(=O)N1CCN(CC1)c2ccc(CN(C3CCC3)S(=O)(=O)c4ccccc4)c(F)c2,CHEMBL3581529,EC50,7.16
1854970,CC(C)CN(Cc1ccc(cc1)N2CCC(CC2)C(=O)N)S(=O)(=O)Cc3ccccc3,CHEMBL3317831,EC50,7.16
1854981,CC(C)CN(Cc1cccc(Cl)c1)S(=O)(=O)c2ccc(cc2)N3CCN(CC3)S(=O)(=O)C,CHEMBL3361046,IC50,7.16
1854992,CCCN(Cc1ccc(cc1)N2CCN(CC2)C(=O)C)S(=O)(=O)Cc3ccccc3,CHEMBL3317839,EC50,7.16
1855003,Cc1cc(CN2CCN(Cc3ccncc3)CC2)ccc1c4ccc(cc4)C(O)(C(F)(F)F)C(F)(F)F,CHEMBL3313985,IC50,7.16
1855014,CC(C)CN(c1ccccc1C#N)S(=O)(=O)c2ccc(OC3CCN(CC3)S(=O)(=O)C)cc2,CHEMBL3361059,EC50,7.17
1855025,OC(=O)c1ccc(cc1)c2nn(c3ccccc23)S(=O)(=O)c4ccccc4C(F)(F)F,CHEMBL3314009,EC50,7.17
1855036,CC(C)CN(Cc1ccccc1)S(=O)(=O)Cc2ccc(cc2)c3ccc(cc3)S(=O)(=O)C,CHEMBL3361028,IC50,7.18
1855047,CC(=O)N1CCN(CC1)c2ccc(CN(C3CCC3)S(=O)(=O)c4cccc(F)c4)c(F)c2,CHEMBL3581534,IC50,7.19
1855058,CCS(=O)(=O)c1ccc(CC(=O)Nc2ccc(c(Cl)c2)c3ncccc3C(F)(F)F)cc1,CHEMBL3609395,IC50,7.2
1855069,CCS(=O)(=O)c1ccc(CC(=O)Nc2nc(c(Oc3ccccc3C(F)(F)F)s2)c4cccc(Cl)c4)cc1,CHEMBL3605089,IC50,7.2
1855080,CCS(=O)(=O)c1ccc(CC(=O)Nc2nc(c(Oc3ccccc3OC)s2)c4ccccc4)cc1,CHEMBL3605083,IC50,7.2
1855091,CC(C)CN(Cc1ccc(Cl)cc1)S(=O)(=O)c2ccc(cc2)N3CCN(CC3)S(=O)(=O)C,CHEMBL3361047,IC50,7.22
1855102,CC(C)CN(c1ccccc1F)S(=O)(=O)c2ccc(OC3CCN(CC3)S(=O)(=O)C)cc2,CHEMBL3361056,EC50,7.22
1855113,OC(c1ccc(cc1)N(CC(F)(F)F)S(=O)(=O)c2ccc(cc2)C#N)(C(F)(F)F)C(F)(F)F,CHEMBL3094367,EC50,7.22
1828516,OC(c1ccc(cc1)N(CC(F)(F)F)S(=O)(=O)c2ccccc2)(C(F)(F)F)C(F)(F)F,CHEMBL62136,IC50,7.22
1855126,[2H]C([2H])([2H])N(C(=O)c1c(F)cccc1Cl)c2ncc(cc2OCC3CCC3)c4cc(ccc4Cl)C(=O)N,CHEMBL3596636,EC50,7.22
1855137,CC(C)CN(c1cccc(c1)C#N)S(=O)(=O)c2ccc(OC3CCN(CC3)S(=O)(=O)C)cc2,CHEMBL3361060,EC50,7.23
1855148,CC(C)CN(Cc1ccc(cc1)N2CCN(CC2)C(=O)C)S(=O)(=O)Cc3ccccc3,CHEMBL3317833,EC50,7.24
1855159,CCCOc1cc(ccc1N(C)C(=O)c2c(F)cccc2Cl)c3cc(ccc3Cl)C(=O)N,CHEMBL3596629,EC50,7.24
1855170,CN(C(=O)c1c(F)cccc1Cl)c2ncc(cc2OCC3CCC3)c4cc(ccc4Cl)C(=O)N,CHEMBL3596635,EC50,7.24
1855181,OC(=O)c1ccc(cc1)c2nc(C(=O)c3c(Cl)cccc3C(F)(F)F)n4CCCCc24,CHEMBL3598142,EC50,7.24
1855192,[2H]C([2H])([2H])N(C(=O)c1c(F)cccc1Cl)c2ccc(cc2N3CC4CC4C3)c5cc(NC(=O)OC(C)C)nn5C(C)C,CHEMBL3598068,EC50,7.24
1855203,CC(C)CN(Cc1ccccc1C(F)(F)F)S(=O)(=O)c2ccc(cc2)C(=O)C3CCN(CC3)S(=O)(=O)C,CHEMBL3361053,EC50,7.25
1855214,Cn1ccc2c(cccc12)S(=O)(=O)N(CC(F)(F)F)c3ccc4N(CCCc4c3)C(=O)c5cccs5,CHEMBL3793914,IC50,7.25
1855225,CC(=O)N1CCN(CC1)c2ccc(CN(C3CCC3)S(=O)(=O)c4ccccc4Cl)c(F)c2,CHEMBL3581538,IC50,7.26
1855236,[2H]C([2H])([2H])N(C(=O)c1c(F)cccc1Cl)c2ccc(cc2N3CC4CC4C3)c5cc(NC(=O)C)nn5CC(C)(C)C,CHEMBL3598072,EC50,7.26
1855247,CC(C)Oc1cc(ccc1N(C)C(=O)c2c(F)cccc2Cl)c3cc(ccc3Cl)C(=O)N,CHEMBL3596628,IC50,7.27
1855258,[2H]C([2H])([2H])N(C(=O)c1c(F)cccc1Cl)c2ccc(cc2OC3CC4CC4C3)c5cc(NC(=O)C)nn5C(C)C,CHEMBL3598046,IC50,7.27
1855269,Cc1ccc(NC(=O)C[C@H](CCC(=O)O)c2nnn([C@@H]3C[C@H](CC(C)(C)C)C3)c2C(F)(F)F)c(C)c1,CHEMBL3314013,EC50,7.28
1855280,CC(C)CN(CCc1ccccc1)S(=O)(=O)c2ccc(cc2)N3CCN(CC3)S(=O)(=O)C,CHEMBL3361036,IC50,7.29
1855291,CC(C)CN(Cc1ccccc1)S(=O)(=O)c2ccc(N3CCN(CC3)S(=O)(=O)C)c(F)c2,CHEMBL3361038,IC50,7.29
1855302,COc1cc(O)c(C(CC(=O)N2C[C@H](C)C[C@H](C)C2)c3ccc4OCOc4c3)c(OC)c1,CHEMBL2326408,IC50,7.29
1855313,Cc1ccc(cc1)S(=O)(=O)N(CC(F)(F)F)c2ccc(cc2)C(O)(C(F)(F)F)C(F)(F)F,CHEMBL3094368,IC50,7.29
1855324,CC(=O)N1CCN(CC1)c2ccc(CN(C3CCC3)S(=O)(=O)c4ccc(cc4)C(F)(F)F)c(F)c2,CHEMBL3581553,IC50,7.3
1855335,CC(=O)N1CCN(CC1)c2ccc(CN(C3CCC3)S(=O)(=O)c4cccc(Cl)c4)c(F)c2,CHEMBL3581540,EC50,7.3
1855346,CC(C)CN(CCc1ccccc1)S(=O)(=O)c2ccc(cc2F)N3CCN(CC3)S(=O)(=O)C,CHEMBL3361039,EC50,7.3
1855357,CCCN(Cc1ccc(NC(=O)Cc2ccc(cc2)S(=O)(=O)CC)cc1)Cc3ccc(cc3)c4ccccc4,CHEMBL3109222,IC50,7.3
1855368,CCN1C(=O)c2cccc3c(ccc1c23)S(=O)(=O)Nc4ccc(OC)c(OC)c4,CHEMBL3234259,IC50,7.3
1855379,CCN1C(=O)c2cccc3c(ccc1c23)S(=O)(=O)Nc4ccc(cc4)C(=O)C,CHEMBL3234251,IC50,7.3
1855390,CCOc1cc(ccc1N(C)C(=O)c2c(F)cccc2Cl)c3cc(ccc3Cl)C(=O)N,CHEMBL3596627,IC50,7.3
1855401,CCS(=O)(=O)c1ccc(CC(=O)Nc2nc(c(Oc3ccccc3C(F)(F)F)s2)c4cccc(c4)C#N)cc1,CHEMBL3605090,IC50,7.3
1855412,Fc1ccc(cc1)S(=O)(=O)N2CCCc3ccc(NC(=O)c4c(F)cccc4F)cc23,CHEMBL3617295,IC50,7.3
1855423,CC(=O)N1CCN(CC1)c2ccc(CN(C3CCC3)S(=O)(=O)c4cc(F)cc(F)c4)c(F)c2,CHEMBL3581545,IC50,7.31
1855434,[2H]C([2H])([2H])N(C(=O)c1c(F)cccc1Cl)c2ccc(cc2c3ccccc3)c4cc(NC(=O)C)nn4C(C)C,CHEMBL3598050,EC50,7.31
1855445,CC(C)CN(Cc1ccc(cc1)c2ccc(NS(=O)(=O)C)cc2)S(=O)(=O)Cc3ccccc3,CHEMBL3263714,IC50,7.34
1855455,CC(=O)N1CCN(CC1)c2ccc(CN3CCCCN(c4ccccc4)S3(=O)=O)c(F)c2,CHEMBL3657606,IC50,7.35
1855465,Fc1ccc(cc1)S(=O)(=O)N2CCCc3ccc(NC(=O)c4ccccc4Cl)cc23,CHEMBL3617309,EC50,7.37
1855476,CC(C)CN(Cc1ccc(cc1)N2CCN(CS(=O)(=O)C)CC2)S(=O)(=O)Cc3ccccc3,CHEMBL3317824,EC50,7.38
1855570,CC(C)CN(CCc1ccccc1)S(=O)(=O)c2ccc(N3CCN(CC3)S(=O)(=O)C)c(F)c2,CHEMBL3361040,IC50,7.39
1855581,CC(=O)N1CCN(CC1)c2ccc(CN(C3CCC3)S(=O)(=O)Cc4cc(Cl)cc(Cl)c4)c(F)c2,CHEMBL3581544,EC50,7.4
1855592,CC(C)CN(Cc1ccc(cc1)c2ccc(cc2)C(=O)N)S(=O)(=O)Cc3ccccc3,CHEMBL3263716,EC50,7.4
1855603,CCCN(Cc1ccc(NC(=O)Cc2ccc(cc2)S(=O)(=O)CC)cc1)Cc3ccc(cc3)C(C)(C)C,CHEMBL3109328,IC50,7.4
1855614,CCN1C(=O)c2cccc3c(ccc1c23)S(=O)(=O)Nc4cccc(c4)C(=O)C,CHEMBL3234255,IC50,7.4
1855625,CCS(=O)(=O)c1ccc(CC(=O)Nc2nc(c(Oc3ccccc3)s2)c4ccc(Cl)cc4)cc1,CHEMBL3605087,IC50,7.4
1855636,CCS(=O)(=O)c1ccc(CC(=O)Nc2nc(c3ccc(Cl)cc3)c(s2)C(=O)c4ccccc4)cc1,CHEMBL3105677,IC50,7.4
1855647,CCS(=O)(=O)c1ccc(CC(=O)Nc2nc(c3cccc(Cl)c3)c(s2)C(=O)c4ccccc4Cl)cc1,CHEMBL3105681,Ki,7.4
1855658,CCS(=O)(=O)c1ccc(CC(=O)Nc2nc(c3ccccc3Cl)c(s2)C(=O)c4ccccc4)cc1,CHEMBL3105675,IC50,7.4
1855669,Cc1c(cc(c2cc(c3OCCC4(CC4)c3c2)C(C)(C)C)n1CC5CCCCC5)C(=O)NC6CCOCC6,CHEMBL3313998,EC50,7.4
1855680,CC(C)CN(Cc1ccccc1C(F)(F)F)S(=O)(=O)c2ccc(OC3CCN(CC3)S(=O)(=O)C)cn2,CHEMBL3361064,EC50,7.41
1855691,[2H]C([2H])([2H])N(C(=O)c1c(F)cccc1Cl)c2ccc(cc2OCC(F)(F)F)c3cnn(C)c3C(C)C,CHEMBL3598041,IC50,7.42
1855702,CC(=O)N1CCN(CC1)c2ccc(CN(C3CCC3)S(=O)(=O)Cc4ccc(Cl)cc4)c(F)c2,CHEMBL3580673,IC50,7.43
1855713,CC(C)CN(CCc1ccccc1)S(=O)(=O)c2ccc(cc2)c3ccc(cc3)S(=O)(=O)C,CHEMBL3361027,IC50,7.43
1855724,CC(C)N(Cc1ccc(cc1)N2CCN(CC2)C(=O)C)S(=O)(=O)Cc3ccccc3,CHEMBL3317840,EC50,7.43
1855735,[2H]C([2H])([2H])N(C(=O)c1c(F)cccc1Cl)c2ccc(cc2N3CC4CC4C3)c5cc(NC(=O)NCCO)nn5C(C)C,CHEMBL3598066,EC50,7.43
1855746,COc1cccc(c1)S(=O)(=O)N(Cc2ccc(cc2F)N3CCN(CC3)C(=O)C)C4CCC4,CHEMBL3581546,IC50,7.44
1855757,OC(=O)c1ccc(c(F)c1)c2nc(C(=O)c3c(Cl)cccc3C(F)(F)F)n4CCCCc24,CHEMBL3596270,EC50,7.44
1855768,CC(C)C[C@@H]1C[C@@H](C1)c2nnc([C@H]3CN(C[C@@H]3C(=O)Nc4ccc(C)cc4C)C(=O)C)n2C5CC5,CHEMBL3774855,EC50,7.47
1855779,CC(C)CN(c1ccccc1C(F)(F)F)S(=O)(=O)c2ccc(NC3CCN(CC3)S(=O)(=O)C)cc2,CHEMBL3361051,IC50,7.48
1855790,Cc1ccc(C(NC(=O)Cc2ccc3oc(cc3c2)C(O)c4c(C)onc4C)c5ccccc5)c(C)c1,CHEMBL3314024,IC50,7.48
1855801,[2H]C([2H])([2H])N(C(=O)c1c(F)cccc1Cl)c2ncc(cc2N3CC4CC4C3)c5cc(NC(=O)C)nn5C(C)C,CHEMBL3598054,EC50,7.48
1855812,CC(C)CN(Cc1ccc(cc1)c2ccc(cc2)S(=O)(=O)C)S(=O)(=O)Cc3ccccc3,CHEMBL3263710,IC50,7.5
1855823,CC(C)CN(c1ccc(cc1)C#N)S(=O)(=O)c2ccc(OC3CCN(CC3)S(=O)(=O)C)cc2,CHEMBL3361061,EC50,7.5
1855835,CCCN(Cc1ccc(NC(=O)Cc2ccc(cc2)S(=O)(=O)CC)cc1)Cc3ccc(OC4CCCC4)cc3,CHEMBL3109330,IC50,7.5
1855846,CCS(=O)(=O)c1ccc(CC(=O)Nc2cc(c3cccc(Cl)c3)c(s2)C(=O)c4cccc(F)c4)cc1,CHEMBL3105671,Ki,7.5
1855857,CCS(=O)(=O)c1ccc(CC(=O)Nc2nc(c(Oc3ccc(cc3Cl)C(F)(F)F)s2)c4cccc(c4)C#N)cc1,CHEMBL3605092,IC50,7.5
1855868,CCS(=O)(=O)c1ccc(CC(=O)Nc2nc(c3cccc(c3)C#N)c(s2)C(=O)c4ccccc4)cc1,CHEMBL3105678,IC50,7.5
1855880,CCS(=O)(=O)c1ccc(CC(=O)Nc2nc(c3ccccc3)c(s2)C(=O)c4ccccc4)cc1,CHEMBL3105674,IC50,7.5
1855891,CCc1ccc(cc1)N(CC(C)C)S(=O)(=O)c2ccc(C(O)CN3CCOCC3)c(CO)c2,CHEMBL3314021,EC50,7.5
1855902,CC(=O)N1CCN(CC1)c2ccc(CN(C3CCC3)S(=O)(=O)c4ccc(OC(F)F)cc4)c(F)c2,CHEMBL3581551,IC50,7.51
1855913,Cn1cncc1C(O)(c2ccc(nc2)C(F)(F)F)c3ccc4nc(C#N)c(Cc5ccc(cc5)n6cccn6)c(C#N)c4c3,CHEMBL3325743,IC50,7.51
1855924,CC(=O)N1CCN(CC1)c2ccc(CN(C3CCC3)S(=O)(=O)Cc4ccccc4)cc2,CHEMBL3317836,EC50,7.52
1855935,[2H]C([2H])([2H])N(C(=O)c1c(F)cccc1Cl)c2ccc(cc2OCC3CCC3)c4cc(NC(=O)C)nn4C(C)C,CHEMBL3598044,EC50,7.52
1855946,CC(=O)N1CCN(CC1)c2ccc(CN(C(C)(C)C)S(=O)(=O)Cc3ccccc3)cc2,CHEMBL3317837,EC50,7.54
1855956,CN(c1ccccc1)S(=O)(=O)N(Cc2ccc(cc2F)N3CCN(CC3)C(=O)C)C4CCC4,CHEMBL3657600,IC50,7.55
1855966,OC(=O)c1ccc(c(F)c1)c2nc(C(=O)c3c(Cl)cccc3C4CC4)n5CCCCc25,CHEMBL3596276,EC50,7.57
1855977,FC(F)[C@H]1CC[C@H](c2ccccc2)S(=O)(=O)N1Cc3ccc(cc3F)N4CCC(CC4)n5cnnc5,CHEMBL3634612,IC50,7.59
1855988,[2H]C([2H])([2H])N(C(=O)c1c(F)cccc1Cl)c2ccc(cc2OCC(F)(F)F)c3cc(NC(=O)C)nn3C(C)C,CHEMBL3598043,IC50,7.59
1855999,CC(=O)N1CCN(CC1)c2ccc(CN(C3CCC3)S(=O)(=O)Cc4cccc(F)c4)c(F)c2,CHEMBL3581535,IC50,7.6
1856010,CCCN(Cc1ccc(C)cc1)Cc2ccc(NC(=O)Cc3ccc(cc3)S(=O)(=O)CC)cc2,CHEMBL3109326,EC50,7.6
1856021,CCCN(Cc1ccc(CC)cc1)Cc2ccc(NC(=O)Cc3ccc(cc3)S(=O)(=O)CC)cc2,CHEMBL3109327,EC50,7.6
1856032,CCCN(Cc1ccc(NC(=O)Cc2ccc(cc2)S(=O)(=O)CC)cc1)Cc3ccc(cc3)C(F)(F)F,CHEMBL3109329,IC50,7.6
1856043,CCS(=O)(=O)c1ccc(CC(=O)Nc2cc(c3cccc(Cl)c3)c(s2)C(=O)c4ccccc4Cl)cc1,CHEMBL3105692,Ki,7.6
1856054,CCS(=O)(=O)c1ccc(CC(=O)Nc2nc(c3cccc(Cl)c3)c(s2)C(=O)c4cccc(F)c4)cc1,CHEMBL3105685,IC50,7.6
1856065,CCS(=O)(=O)c1ccc(CC(=O)Nc2nc(c3ccccc3)c(s2)C(=O)C4CCCCC4)cc1,CHEMBL3105673,IC50,7.6
1856076,[2H]C([2H])([2H])N(C(=O)c1c(F)cccc1Cl)c2ccc(cc2N3CC4CC4C3)c5cc(NC(=O)NC)nn5C(C)C,CHEMBL3598063,EC50,7.6
1856087,CC(=O)N1CCN(CC1)c2ccc(CN(C3CCC3)S(=O)(=O)c4ccc(C)cc4C)c(F)c2,CHEMBL3581547,IC50,7.62
1856098,CC(C)CN(Cc1ccccc1C(F)(F)F)S(=O)(=O)c2ccc(OC3CCN(CC3)S(=O)(=O)C)cc2,CHEMBL3361052,EC50,7.66
1856109,CC(C)CN(Cc1ccccc1C(F)(F)F)S(=O)(=O)c2ccc(cc2)C(O)C3CCN(CC3)S(=O)(=O)C,CHEMBL3361054,EC50,7.66
1856120,CC(C)CN(c1ccc(F)cc1)S(=O)(=O)c2ccc(OC3CCN(CC3)S(=O)(=O)C)cc2,CHEMBL3361058,EC50,7.66
1856131,[2H]C([2H])([2H])N(C(=O)c1c(F)cccc1Cl)c2ccc(cc2N3CC4CC4C3)c5cc(NC(=O)N6CC7(COC7)C6)nn5C(C)C,CHEMBL3598064,EC50,7.66
1856142,[2H]C([2H])([2H])N(C(=O)c1c(F)cccc1Cl)c2ccc(cc2N3CC4CC4C3)c5cc(NC=O)nn5C(C)C,CHEMBL3598055,EC50,7.66
1856153,CC(C)CN(Cc1ccccc1Cl)S(=O)(=O)c2ccc(cc2)N3CCN(CC3)S(=O)(=O)C,CHEMBL3361045,IC50,7.68
1856164,CC(C)CN(c1cccc(F)c1)S(=O)(=O)c2ccc(OC3CCN(CC3)S(=O)(=O)C)cc2,CHEMBL3361057,EC50,7.68
1856175,[2H]C([2H])([2H])N(C(=O)c1c(F)cccc1Cl)c2ccc(cc2N3CC4CC4C3)c5cc(NC(=O)N6CC(O)C6)nn5C(C)C,CHEMBL3598065,EC50,7.68
1856187,CC(C)CCC[C@@](C)(O)[C@H]1CC[C@H]2[C@@H]3CC=C4C[C@@H](O)CC[C@]4(C)[C@H]3CC[C@]12C,CHEMBL1233249,EC50,7.7
1856199,CC(C)CC[C@@H](O)[C@@H](C)[C@H]1CC[C@H]2[C@@H]3CC=C4C[C@@H](O)CC[C@]4(C)[C@H]3CC[C@]12C,CHEMBL422904,EC50,7.7
1856210,CC(C)CC[C@H](O)[C@@H](C)[C@H]1CC[C@H]2[C@@H]3CC=C4C[C@@H](O)CC[C@]4(C)[C@H]3CC[C@]12C,CHEMBL1243244,EC50,7.7
1856220,CC(C)CN(Cc1ccc(cc1)N2CCN(CC2)NS(=O)(=O)C)S(=O)(=O)Cc3ccccc3,CHEMBL3317823,EC50,7.7
1856231,CC(CO)CCC[C@@H](C)[C@H]1CC[C@H]2[C@@H]3CC=C4C[C@@H](O)CC[C@]4(C)[C@H]3CC[C@]12C,CHEMBL3217768,EC50,7.7
1856242,CCCN(Cc1ccccc1)Cc2ccc(NC(=O)Cc3ccc(cc3)S(=O)(=O)CC)cc2,CHEMBL3109325,EC50,7.7
1856254,CCS(=O)(=O)c1ccc(CC(=O)Nc2nc(c(Oc3ccc(Cl)cc3C(F)(F)F)s2)c4cccc(c4)C#N)cc1,CHEMBL3314014,IC50,7.7
1856265,CCS(=O)(=O)c1ccc(CC(=O)Nc2nc(c(Oc3ccc(OC)cc3)s2)c4ccccc4)cc1,CHEMBL3605086,IC50,7.7
1856276,CCS(=O)(=O)c1ccc(CC(=O)Nc2nc(c(Oc3ccc(cc3)C(F)(F)F)s2)c4ccccc4)cc1,CHEMBL3605085,IC50,7.7
1856287,CCS(=O)(=O)c1ccc(CC(=O)Nc2nc(c3cccc(Cl)c3)c(s2)C(=O)c4ccccc4F)cc1,CHEMBL3105684,IC50,7.7
1856298,CN(C(=O)c1c(F)cccc1Cl)c2ncc(cc2OCC(F)(F)F)c3cc(ccc3Cl)C(=O)N,CHEMBL3596633,IC50,7.7
1856311,C[C@H](CCCC(C)(C)O)[C@H]1CC[C@H]2[C@@H]3CC=C4C[C@@H](O)CC[C@]4(C)[C@H]3CC[C@]12C,CHEMBL169046,EC50,7.7
1856322,CC(=O)N1CCN(CC1)c2ccc(CN(C3CCC3)S(=O)(=O)Cc4cccc(Cl)c4)c(F)c2,CHEMBL3581541,IC50,7.72
1856333,CC(=O)N1CCN(CC1)c2ccc(CN(C3CCC3)S(=O)(=O)c4ccc(cc4)C(C)(C)C)c(F)c2,CHEMBL3581554,IC50,7.75
1856344,Cn1cncc1C(O)(c2ccc(Cl)cc2)c3ccc4nc(Cl)c(Cc5ccccc5)c(Cl)c4c3,CHEMBL3325741,Kd,7.75
1856355,[2H]C([2H])([2H])N(C(=O)c1c(F)cccc1Cl)c2ccc(cc2N3CCCC3)c4cc(NC(=O)C)nn4C(C)C,CHEMBL3598048,EC50,7.75
1856366,CC(=O)N1CCN(CC1)c2ccc(CN(C3CCC3)S(=O)(=O)Cc4ccc(F)cc4)c(F)c2,CHEMBL3581537,IC50,7.77
1856377,[2H]C([2H])([2H])N(C(=O)c1c(F)cccc1Cl)c2ccc(cc2N3CC4CC4C3)c5cc(NC(=O)C)nn5C(C)C6CC6,CHEMBL3598075,EC50,7.77
1856388,CCS(=O)(=O)c1ccc(CC(=O)Nc2cc(c3cccc(c3)C#N)c(s2)C(=O)c4ccccc4)cc1,CHEMBL3105691,IC50,7.8
1856399,CCS(=O)(=O)c1ccc(CC(=O)Nc2ccc(NCCc3ccc(cc3)C(F)(F)F)c(Cl)c2)cc1,CHEMBL3109226,IC50,7.8
1856410,CCS(=O)(=O)c1ccc(CC(=O)Nc2ccc(c(Cl)c2)c3ccccc3)cc1,CHEMBL3609390,IC50,7.8
1856421,Cc1c(cc(c2ccc(c3ccccc23)S(=O)(=O)NC(C)(C)C)n1CC4CCCCC4)C(=O)N5CC6(CCS(=O)(=O)CC6)C5,CHEMBL3314000,EC50,7.8
1856432,OC(=O)c1ccc(cc1)c2nn(C(=O)c3c(Cl)cccc3C(F)(F)F)c4ccccc24,CHEMBL3598140,EC50,7.8
1856443,CC(=O)N1CCN(CC1)c2ccc(CN(C3CCC3)S(=O)(=O)Cc4ccccc4)c(F)c2,CHEMBL3581530,IC50,7.82
1856454,CC(=O)N1CCN(CC1)c2ccc(CN(C3CCC3)S(=O)(=O)Cc4ccccc4F)c(F)c2,CHEMBL3581533,EC50,7.82
1856465,[2H]C([2H])([2H])N(C(=O)c1c(F)cccc1Cl)c2ccc(cc2N3CC4CC4C3)c5cc(NC(=O)C(C)C)nn5C(C)C,CHEMBL3598058,EC50,7.82
1856476,[2H]C([2H])([2H])N(C(=O)c1c(F)cccc1Cl)c2ccc(cc2N3CC4CC4C3)c5cc(NC(=O)CO)nn5C(C)C,CHEMBL3598061,EC50,7.82
1856487,[2H]C([2H])([2H])N(C(=O)c1c(F)cccc1Cl)c2ccc(cc2N3CC4CC4C3)c5cc(NC(=O)[C@@H]6C[C@H](O)C6)nn5C(C)C,CHEMBL3598059,EC50,7.82
1856498,[2H]C([2H])([2H])N(C(=O)c1c(F)cccc1Cl)c2ccc(cc2N3CC4CC4C3)c5cc(NC(=O)CC)nn5C(C)C,CHEMBL3598056,EC50,7.85
1856509,CC(=O)N1CCN(CC1)c2ccc(CN(CC(F)(F)F)S(=O)(=O)Cc3ccccc3)cc2,CHEMBL3317843,EC50,7.89
1856520,CC(C)n1ccc[n+]1c2ccc(cc2C(C)(C)C)c3cc(C(=O)N[C@@H]4C[C@H](C4)C(=O)O)c(C)n3CC5CCCCC5,CHEMBL3313999,EC50,7.89
1856531,CC(C)n1nc(NC(=O)C)cc1c2cnc(N(C)C(=O)c3c(F)cccc3Cl)c(c2)N4CCCCC4,CHEMBL3598076,EC50,7.89
1856542,OC(=O)c1ccc(cc1)c2nc(C(=O)c3c(Cl)cccc3C(F)(F)F)n4ccccc24,CHEMBL3598141,EC50,7.89
1856553,OC(=O)c1ccc(cc1O)c2nc(C(=O)c3c(Cl)cccc3C4CC4)n5cccnc25,CHEMBL3596279,EC50,7.89
1856564,[2H]C([2H])([2H])N(C(=O)c1c(F)cccc1Cl)c2ccc(cc2N3CC4CC4C3)c5cc(NC(=O)C)nn5C6CCC6,CHEMBL3598071,EC50,7.89
1856575,CCS(=O)(=O)c1ccc(CC(=O)Nc2cc(c3cccc(Cl)c3)c(s2)C(=O)c4ccccc4)cc1,CHEMBL3105690,IC50,7.9
1856586,CCS(=O)(=O)c1ccc(CC(=O)Nc2nc(c(Oc3ccccc3)s2)c4cccc(Cl)c4)cc1,CHEMBL3605088,IC50,7.9
1856597,CCS(=O)(=O)c1ccc(CC(=O)Nc2nc(c3cccc(Cl)c3)c(s2)C(=O)c4ccc(Cl)cc4)cc1,CHEMBL3105683,IC50,7.9
1856608,CCS(=O)(=O)c1ccc(CC(=O)Nc2nc(c3cccc(Cl)c3)c(s2)C(=O)c4ccccc4)cc1,CHEMBL3105676,IC50,7.9
1856619,CC(C)CN(Cc1ccccc1C(F)(F)F)S(=O)(=O)c2ccc(NC3CCN(CC3)S(=O)(=O)C)cc2,CHEMBL3361050,EC50,7.92
1856630,CCN(CC)c1cc(ccc1N(C)C(=O)c2c(F)cccc2Cl)c3cc(ccc3Cl)C(=O)N,CHEMBL3596638,EC50,7.92
1856641,[2H]C([2H])([2H])N(C(=O)c1c(C)cccc1F)c2ccc(cc2N3CC4CC4C3)c5cc(NC(=O)C)nn5C(C)C,CHEMBL3598053,EC50,7.92
1856652,[2H]C([2H])([2H])N(C(=O)c1c(F)cccc1Cl)c2ccc(cc2N3CC4CC4C3)c5cc(NC(=O)C)nn5CC6CC6,CHEMBL3598074,EC50,7.92
1856663,[2H]C([2H])([2H])N(C(=O)c1c(F)cccc1Cl)c2ccc(cc2N3CC4CC4C3)c5cc(NC(=O)[C@@H]6C[C@@H](O)C6)nn5C(C)C,CHEMBL3598060,EC50,7.92
1856674,Fc1ccc(cc1)S(=O)(=O)N2CCCc3ccc(NC(=O)c4c(F)cccc4Cl)cc23,CHEMBL3314003,EC50,7.96
1856685,OC(=O)c1ccc(cc1)c2nn(C(=O)c3c(Cl)cccc3Cl)c4ccccc24,CHEMBL3218921,EC50,7.96
1856695,CC(C)(C)NS(=O)(=O)c1ccc(c2sc(nc2CC3CCCCC3)C(=O)N4CC5(CCS(=O)(=O)CC5)C4)c6ccccc16,CHEMBL3314001,EC50,8.0
1856706,CC(C)CCC[C@@H](C)[C@H]1CC[C@H]2[C@@H]3[C@@H](O)C=C4C[C@@H](O)CC[C@]4(C)[C@H]3CC[C@]12C,CHEMBL497834,Ki,8.0
1856716,CC(C)CCC[C@@H](C)[C@H]1CC[C@H]2[C@@H]3[C@H](O)C=C4C[C@@H](O)CC[C@]4(C)[C@H]3CC[C@]12C,CHEMBL497207,Ki,8.0
1856726,CC(C)[C@@H](O)CC[C@@H](C)[C@H]1CC[C@H]2[C@@H]3CC=C4C[C@@H](O)CC[C@]4(C)[C@H]3CC[C@]12C,CHEMBL171804,Ki,8.0
1856736,CC(C)c1nc(NC(=O)C)sc1c2cnc(N(C)C(=O)c3c(F)cccc3Cl)c(c2)N4CCCCC4,CHEMBL3598077,EC50,8.0
1856747,CC(C)n1nc(NC(=O)C)cc1c2ccc(N(C)C(=O)c3c(F)cccc3Cl)c(c2)N4CC5CC5C4,CHEMBL3598051,EC50,8.0
1856758,CCS(=O)(=O)c1ccc(CC(=O)Nc2cc(c3cccc(c3)C(F)(F)F)c(s2)C(=O)c4cccc(F)c4)cc1,CHEMBL3105672,IC50,8.0
1856769,CCS(=O)(=O)c1ccc(CC(=O)Nc2cc(c3ccccc3)c(s2)C(=O)c4ccccc4)cc1,CHEMBL3105686,IC50,8.0
1856780,CCS(=O)(=O)c1ccc(CC(=O)Nc2ccc(c(Cl)c2)c3ccccc3OC(C)C)cc1,CHEMBL3609393,IC50,8.0
1856791,CCS(=O)(=O)c1ccc(CC(=O)Nc2ccc(c(c2)C(=O)C)c3ccccc3OC(F)(F)F)cc1,CHEMBL3609401,IC50,8.0
1856802,CCS(=O)(=O)c1ccc(CC(=O)Nc2nc(c3cccc(Cl)c3)c(s2)C(=O)c4cccc(Cl)c4)cc1,CHEMBL3105682,IC50,8.0
1856813,CS(=O)(=O)c1ccc(CC(=O)Nc2ccc(c(F)c2)c3ccc(Cl)cc3OC(F)(F)F)cc1,CHEMBL3609412,IC50,8.0
1856824,Cc1ccc(cc1C)S(=O)(=O)N(CC(F)(F)F)c2ccc3N(CCCc3c2)C(=O)c4c(F)cccc4Cl,CHEMBL3793229,IC50,8.0
1856835,OC(=O)c1ccc(c(F)c1)c2nc(C(=O)c3c(Cl)cccc3C(F)(F)F)n4ccccc24,CHEMBL3598149,EC50,8.0
1856846,[2H]C([2H])([2H])N(C(=O)c1c(F)cccc1Cl)c2ccc(cc2N3CC4CC4C3)c5cc(NC(=O)C)nn5C6CCCC6,CHEMBL3598070,EC50,8.02
1856857,CC(=O)N1CCN(CC1)c2ccc(CN(C3CCC3)S(=O)(=O)Cc4ccccc4Cl)c(F)c2,CHEMBL3581539,IC50,8.05
1856868,[2H]C([2H])([2H])N(C(=O)c1c(F)cccc1Cl)c2ccc(cc2N3CC4CC4C3)c5cc(NC(=O)C)nn5C(C)C,CHEMBL3598047,EC50,8.09
1856879,CCS(=O)(=O)c1ccc(CC(=O)Nc2cc(c3cccc(Cl)c3)c(s2)C(=O)c4cccc(Cl)c4)cc1,CHEMBL3105669,IC50,8.1
1856890,CCS(=O)(=O)c1ccc(CC(=O)Nc2ccc(cc2)c3ccccc3OC(F)(F)F)cc1,CHEMBL3609397,IC50,8.1
1856901,CCS(=O)(=O)c1ccc(CC(=O)Nc2ccc3c(ccn3CCc4ccc(F)cc4)c2)cc1,CHEMBL3109229,IC50,8.1
1856912,CCS(=O)(=O)c1ccc(CC(=O)Nc2nc(c(Oc3ccc(Cl)cc3)s2)c4ccccc4)cc1,CHEMBL3605084,IC50,8.1
1856923,CN(C(=O)c1c(F)cccc1Cl)c2ccc(cc2N3CCCCC3)c4cc(ccc4Cl)C(=O)N,CHEMBL3596639,EC50,8.1
1856934,CS(=O)(=O)c1ccc(CC(=O)Nc2ccc(c(Cl)c2)c3ccc(Cl)cc3OC(F)(F)F)cc1,CHEMBL3609414,IC50,8.1
1856945,[2H]C([2H])([2H])N(C(=O)c1c(F)cccc1Cl)c2ccc(cc2N3CC4CC4C3)c5cc(NC(=O)C6CC6)nn5C(C)C,CHEMBL3598057,EC50,8.12
1856955,CC(=O)N1CCN(CC1)c2ccc(CN(C3CCC3)S(=O)(=O)Oc4ccccc4)c(F)c2,CHEMBL3657608,IC50,8.16
1856965,CC(=O)N1CCN(CC1)c2ccc(CN(C3CCC3)S(=O)(=O)c4ccc(Cl)c(Cl)c4)c(F)c2,CHEMBL3314035,IC50,8.16
1856976,C[C@H]1CC[C@H](c2ccccc2)S(=O)(=O)N1Cc3ccc(cc3F)N4CCC5(CC4)N(C)C(=O)N(C)C5=O,CHEMBL3632715,IC50,8.16
1856987,OC(c1ccncc1)(c2ccc3nc(Cl)c(Cc4ccc(Cl)cc4)c(Cl)c3c2)c5cncs5,CHEMBL3325742,IC50,8.19
1856998,CCS(=O)(=O)c1ccc(CC(=O)Nc2cc(Cl)c(c(Cl)c2)c3ccccc3C#N)cc1,CHEMBL3609410,IC50,8.2
1857009,CCS(=O)(=O)c1ccc(CC(=O)Nc2cc(Cl)c(c(c2)C#N)c3ccccc3OC(F)(F)F)cc1,CHEMBL3609405,IC50,8.2
1857020,CCS(=O)(=O)c1ccc(CC(=O)Nc2cc(c3cccc(Cl)c3)c(s2)C(=O)c4ccccc4F)cc1,CHEMBL3105670,IC50,8.2
1857031,CCS(=O)(=O)c1ccc(CC(=O)Nc2ccc(c(Cl)c2)c3ccc(Cl)cc3OC(F)(F)F)cc1,CHEMBL3609415,IC50,8.2
1857042,CCS(=O)(=O)c1ccc(CC(=O)Nc2ccc(c(Cl)c2)c3ccccc3C(F)(F)F)cc1,CHEMBL3609392,IC50,8.2
1857053,CCS(=O)(=O)c1ccc(CC(=O)Nc2ccc(c3ccccc3OC(F)(F)F)c(c2)C(F)(F)F)cc1,CHEMBL3609400,IC50,8.2
1857064,Cc1cc(NC(=O)Cc2ccc(cc2)S(=O)(=O)C)ccc1c3ccc(Cl)cc3OC(F)(F)F,CHEMBL3609413,IC50,8.2
1857075,CC(=O)N1CCN(CC1)c2ccc(CN(C3CCC3)S(=O)(=O)c4cc(Cl)cc(Cl)c4)c(F)c2,CHEMBL3581543,EC50,8.22
1857086,CC(C)CN(Cc1ccc(OC2CCN(CC2)S(=O)(=O)C)cc1)S(=O)(=O)Cc3ccccc3,CHEMBL3314036,IC50,8.22
1857097,CCS(=O)(=O)c1ccc(CC(=O)Nc2ccc3c(ccn3CCc4ccc(Cl)c(Cl)c4)c2)cc1,CHEMBL3109324,IC50,8.22
1857108,CCS(=O)(=O)c1ccc(CC(=O)Nc2ccc3c(ccn3CCc4ccc(Cl)cc4Cl)c2)cc1,CHEMBL3109235,EC50,8.22
1857119,CCS(=O)(=O)c1ccc(CC(=O)Nc2ccc3c(ccn3CCc4ccc(OC(C)C)cc4)c2)cc1,CHEMBL3109232,IC50,8.22
1857130,CCS(=O)(=O)c1ccc(CC(=O)Nc2ccc3c(ccn3CCc4ccc(cc4)C#N)c2)cc1,CHEMBL3109231,IC50,8.22
1857141,CCS(=O)(=O)c1ccc(CC(=O)Nc2ccc3c(ccn3CCc4ccccc4C(F)(F)F)c2)cc1,CHEMBL3109233,IC50,8.22
1857152,[2H]C([2H])([2H])N(C(=O)c1c(Cl)cccc1Cl)c2ccc(cc2N3CC4CC4C3)c5cc(NC(=O)C)nn5C(C)C,CHEMBL3598052,EC50,8.22
1857163,[2H]C([2H])([2H])N(C(=O)c1c(F)cccc1Cl)c2ccc(cc2N3CCCCC3)c4cc(NC(=O)C)nn4C(C)C,CHEMBL3598049,EC50,8.22
1857174,CCS(=O)(=O)c1ccc(CC(=O)Nc2ccc(c(C)c2)c3ccccc3OC(F)(F)F)cc1,CHEMBL3609399,IC50,8.3
1857185,CCS(=O)(=O)c1ccc(CC(=O)Nc2ccc(c(Cl)c2)c3ccccc3Cl)cc1,CHEMBL3609391,IC50,8.3
1857196,CCS(=O)(=O)c1ccc(CC(=O)Nc2ccc(c3ccccc3OC(F)(F)F)c(c2)c4oncc4)cc1,CHEMBL3609403,IC50,8.3
1857207,CCS(=O)(=O)c1ccc(CC(=O)Nc2ccc3c(ccn3CCc4ccc(cc4)C(F)(F)F)c2)cc1,CHEMBL3109227,IC50,8.3
1857218,CS(=O)(=O)c1ccc(CC(=O)Nc2cc(Cl)c(c(Cl)c2)c3ccccc3OC(F)(F)F)cc1,CHEMBL3609408,IC50,8.3
1857229,Fc1cc(N2C[C@@H]3[C@H](C2)[C@H]3n4cnnc4)c(F)cc1CN5CCCC[C@@H](c6ccccc6)S5(=O)=O,CHEMBL3634609,IC50,8.3
1857240,CCS(=O)(=O)c1ccc(CC(=O)Nc2cc(C)c(c(Cl)c2)c3ccccc3OC(F)(F)F)cc1,CHEMBL3609406,IC50,8.4
1857251,CCS(=O)(=O)c1ccc(CC(=O)Nc2cc(Cl)c(c(Cl)c2)c3ccc(F)cc3C#N)cc1,CHEMBL3609411,IC50,8.4
1857262,CCS(=O)(=O)c1ccc(CC(=O)Nc2cc(Cl)c(c(Cl)c2)c3ccccc3OC(F)(F)F)cc1,CHEMBL3609407,IC50,8.4
1857273,CCS(=O)(=O)c1ccc(CC(=O)Nc2ccc(c3ccccc3OC(F)(F)F)c(c2)c4cncnc4)cc1,CHEMBL3609404,IC50,8.4
1857284,CCS(=O)(=O)c1ccc(CC(=O)Nc2ccc3c(ccn3CCc4ccc(Cl)cc4)c2)cc1,CHEMBL3109230,IC50,8.4
1857295,CCS(=O)(=O)c1ccc(CC(=O)Nc2ccc3c(ccn3CCc4cccc(c4)C(F)(F)F)c2)cc1,CHEMBL3109234,IC50,8.4
1857306,C[C@H]1CC[C@H](c2ccccc2)S(=O)(=O)N1Cc3cc(F)c(cc3F)C(CO)CC4COC4,CHEMBL3632716,IC50,8.4
1857317,OC(=O)c1ccc(cc1O)c2nc(C(=O)c3c(Cl)cccc3C(F)(F)F)n4ccccc24,CHEMBL3598148,EC50,8.4
1857329,CCS(=O)(=O)c1ccc(CC(=O)Nc2cc(Cl)c(c(Cl)c2)c3ccccc3OC(F)F)cc1,CHEMBL3314017,IC50,8.5
1857341,CCS(=O)(=O)c1ccc(CC(=O)Nc2ccc(c(Cl)c2)c3ccccc3OC(F)(F)F)cc1,CHEMBL3314016,IC50,8.5
1857352,NS(=O)(=O)c1ccc(CC(=O)Nc2cc(Cl)c(c(Cl)c2)c3ccccc3OC(F)(F)F)cc1,CHEMBL3609409,IC50,8.5
1857363,CCS(=O)(=O)c1ccc(CC(=O)Nc2ccc3c(ccn3CCc4ccccc4)c2)cc1,CHEMBL3109228,IC50,8.52
1857374,COc1nc2ccc(cc2c(Cl)c1Cc3ccc(cc3)C(F)(F)F)C(O)(c4cnnn4C)c5sc(C)nc5C,CHEMBL3358455,IC50,8.6
1857385,CC(C)CCC(NC(=O)Cc1ccc2oc(cc2c1)C(O)c3c(C)onc3C)c4ncc(C)cc4C,CHEMBL3314026,IC50,9.0
1857396,CCC(C)(C)NS(=O)(=O)c1ccc(c(Cl)c1C)c2sc(nc2CC3CCCCC3)C(=O)N[C@@H]4C[C@H](C4)C(=O)O,CHEMBL3314002,EC50,9.0
1857407,CCS(=O)(=O)c1ccc(CC(=O)Nc2ccc(c3ccccc3)c(c2)C(C)C)cc1,CHEMBL3314015,EC50,9.0
1857418,CCS(=O)(=O)c1ccc(CC(=O)Nc2cccc(c2)c3cc(Cl)ccc3Cl)cc1,CHEMBL3314018,EC50,9.0
1857429,Cc1ccc(C(NC(=O)Cc2ccc(OCC(O)c3cccnc3C)cc2)c4ccccc4)c(C)c1,CHEMBL3314023,IC50,9.0
1857440,Cc1ccc([C@@H](NC(=O)Cc2ccc3oc(cc3c2)C(N4CC(N)C4)c5ccncc5)c6ccccc6)c(C)c1,CHEMBL3314027,IC50,9.0
1857451,Cc1ccc(cc1)C(NC(=O)Cc2ccc(cc2)N(CC(=O)O)Cc3c(C)onc3C)c4ccccc4,CHEMBL3314028,IC50,9.0
1857462,Cc1onc(C)c1COc2ccc(CC(=O)NC(c3ccc(Cl)cc3)c4ccc(Cl)cc4C)cc2,CHEMBL3314025,IC50,9.0
