id,smiles,name,assay_type,activity_value
2282886,C\C(\C=C\C1=C(C)CCCC1(C)C)=C\C=C\C(\C)=C\C(O)=O,alitretinoin,EC50,6.5
2282897,CC1=C(C=C2C(=C1)C(C)(C)CCC2(C)C)C(=C)C1=CC=C(C=C1)C(O)=O,bexarotene,Kd,7.85
2283509,CC(C)c1cc(C(C)C)c(OCC(F)F)c(c1)c2cccc3cc(oc23)\C(=C(/F)\C(=O)O)\C,CHEMBL41422,Ki,7.0
9650270,CCCOc1cc2c(cc1C3CCCc4oc(\C=C\C(=O)O)cc34)C(C)(C)CCC2(C)C,CHEMBL64771,Ki,7.0
9650281,C\C(=C\C=C\C(=C\C(=O)O)\C)\C=C\1/CCCc2cc(C)ccc12,CHEMBL3289658,EC50,7.0
5611800,Cc1cc2c(cc1C3=NOC(C3)c4ccc(cc4)C(=O)O)C(C)(C)CCC2(C)C,CHEMBL25337,AC50,7.0
9650297,CCN1C(=O)C2=C(CCC2)c3cc(ccc13)c4cc(\C=C\C(=O)O)ccc4OC(F)(F)F,CHEMBL247012,EC50,7.02
9650308,COc1cc2c(cc1C(=C)c3ccc(cc3)C(=O)O)C(C)(C)CCC2(C)C,CHEMBL101212,Kd,7.02
9650319,C\C(=C/C(=O)O)\C=C\C1(CCCC1)c2ccc3c(c2)C(C)(C)CCC3(C)C,CHEMBL93848,Ki,7.04
9650329,CC1(C)CCC(C)(C)c2cc(ccc12)C3CCCc4oc(\C=C\C(=O)O)cc34,CHEMBL62880,Ki,7.05
9650340,CC(=C(c1ccc(cc1)C(=O)O)c2ccc3c(c2)C(C)(C)CCC3(C)C)C,CHEMBL24966,EC50,7.07
2283362,CCCOc1c(cc(cc1C(F)(F)C(F)(F)F)C(C)C)\C(=C/C=C/C(=C/C(=O)O)/C)\C,CHEMBL131122,Ki,7.07
9650353,Cc1cc2c(cc1n3ccc4cc(ccc34)C(=O)O)C(C)(C)CCC2(C)C,CHEMBL2332890,EC50,7.08
9650364,Cc1cc2c(cc1Cc3ccc(C(=O)O)c(c3)[N+](=O)[O-])C(C)(C)CCC2(C)C,CHEMBL583410,Ki,7.09
9650375,CC(C)CCC1=C(CCC/C/1=C\C(=C/C=C/C(=C/C(=O)O)/C)\C)c2ccccc2,CHEMBL3622725,EC50,7.1
9650386,CN1CC(c2ccc3c(c2)C(C)(C)CCC3(C)C)c4cc(oc4C1)\C=C\C(=O)O,CHEMBL2113736,Ki,7.1
9650397,CC1(C)CCC(C)(C)c2cc(ccc12)C3(OCCS3)c4ccc(cc4)C(=O)O,CHEMBL113975,EC50,7.13
9650408,CCOc1c(cc(cc1c2cccc3cc(oc23)\C(=C\C(=O)O)\C)C(C)C)C(C)C,CHEMBL289057,EC50,7.13
9650419,CCN1C(=O)CC(C)(C)c2cc(C)c(cc12)c3cc(CCC(=O)O)ccc3OCC(F)(F)F,CHEMBL400894,EC50,7.15
2282916,C\C(=C/C(=O)O)\C=C\C1CC1(C)c2cc3c(cc2C)C(C)(C)CCC3(C)C,CHEMBL308883,Kd,7.15
9650431,CC1(C)CCC(C)(C)c2cc(C(=C)c3ccc(cc3)C(=O)O)c(F)cc12,CHEMBL330593,Kd,7.16
9650442,CCOc1c(cc(cc1c2[nH]nc3ccc(cc23)\C(=C\C(=O)O)\C)C(C)C)C(C)C,CHEMBL91979,Ki,7.16
9650453,CC(C)N(C\C=C\C(=C\C(=O)O)\C)c1cc(cc2c1CCC2(C)C)C(C)(C)C,CHEMBL205694,Ki,7.17
9650464,CCN1C(=O)CC(C)(C)c2cc(C)c(cc12)c3cc(\C=C\C(=O)O)ccc3OCC(F)(F)F,CHEMBL400557,EC50,7.17
9650475,C\C(=C/C(=O)O)\C=C\[C@@H]1CC(=C)C[C@@H]1c2ccc3c(c2)C(C)(C)CCC3(C)C,CHEMBL80424,Ki,7.18
4478452,C\C(=C/C(=O)O)\C=C\CC1(CCCC1)c2ccc3c(c2)C(C)(C)CCC3(C)C,CHEMBL90674,EC50,7.2
9650487,C\C(=C/C(=O)O)\C=C\CN(CC1CC1)c2cc(cc3c2CCC3(C)C)C(C)(C)C,CHEMBL377178,Ki,7.2
9650498,C\C(=C/C(=O)O)\c1oc2CCCC(c3ccc4c(c3)C(C)(C)CCC4(C)C)c2c1,CHEMBL2113737,Ki,7.2
9650509,CCN1C(=O)C(C)(C)Oc2cc(C)c(cc12)c3cc(ccc3OC(F)(F)F)\C(=C\C(=O)O)\C,CHEMBL248191,EC50,7.21
9650520,C\C(=C/C(=O)O)\C=C\[C@H]1C[C@@]1(C)c2ccc3c(c2)C(C)(C)CCC3(C)C,CHEMBL308377,Kd,7.22
9650530,Cc1cc2c(cc1\C(=N/O)\c3ccc(cc3)C(=O)O)C(C)(C)CCC2(C)C,CHEMBL3350249,Ki,7.22
9650541,CC(C)c1cc2c(cc1C(=C)c3ccc(cc3)C(=O)O)C(C)(C)CCC2(C)C,CHEMBL99325,Kd,7.26
9650552,CC1(C)CCC(C)(C)c2cc(ccc12)C3(CC3)c4ccc(cc4)C(=O)O,CHEMBL326855,EC50,7.26
9650563,C\C=C(\c1ccc(cc1)C(=O)O)/c2ccc3c(c2)C(C)(C)CCC3(C)C,CHEMBL115050,EC50,7.26
2283498,C\C(=C/C=C/C(=C/C(=O)O)/C)\C=C\C1=C(C)CCCC1(C)C,tretinoin,EC50,7.27
2283026,Cc1cc2c(cc1Sc3ccc(cn3)C(=O)O)C(C)(C)CCC2(C)C,CHEMBL116886,EC50,7.27
9650578,CC1(C)CCC(C)(C)c2cc(C(=C)c3ccc(cc3)C(=O)O)c(Cl)cc12,CHEMBL101609,EC50,7.28
9650589,CC1(C)CCC(C)(C)c2cc(C(=C)c3ccc(cc3)C(=O)O)c(Br)cc12,CHEMBL101661,EC50,7.29
9650600,Cc1cc2c(cc1C3(CO3)c4ccc(cc4)C(=O)O)C(C)(C)CCC2(C)C,CHEMBL106817,EC50,7.29
9650611,CC(=C(c1ccc(cc1)C(=O)O)c2cc3c(cc2C)C(C)(C)CCC3(C)C)C,CHEMBL25244,Kd,7.3
9650622,CC(C)C1=C(CCC/C/1=C\C(=C/C=C/C(=C/C(=O)O)/C)\C)C2CC2,CHEMBL3622720,EC50,7.3
9650633,CC1(C)CCC(C)(C)c2cc3c(OC4CCCCC34c5ccc(C(=O)O)c(F)c5)cc12,CHEMBL3781998,EC50,7.3
9650644,CC1(C)CCC(C)(C)c2cc3c(OC4CCCCC34c5ccc(cc5)C(=O)O)cc12,CHEMBL3780004,EC50,7.3
9650655,CCOc1c(cc(cc1C(C)(C)C)C(C)(C)C)\C(=C/C=C/C(=C/C(=O)O)/C)\C(F)(F)F,CHEMBL107555,Ki,7.3
9650666,CC(C)c1cc(C(C)C)c(OCCCF)c(c1)c2cccc3cc(oc23)\C(=C\C(=O)O)\C,CHEMBL290399,Ki,7.33
2282960,CCCN(C\C=C\C(=C\C(=O)O)\C)c1ccc2c(c1)C(C)(C)CCC2(C)C,CHEMBL205600,Ki,7.33
9650679,CN1C(=O)CC(C)(C)c2cc(C)c(cc12)c3cc(CCC(=O)O)ccc3OC(F)(F)F,CHEMBL248236,EC50,7.34
9650690,Cc1cc2c(cc1C3(CC3)c4ccc(cc4)C(=O)O)C(C)(C)CCC2(C)C,CHEMBL106896,Kd,7.34
9650701,CCCOc1c(cc(cc1c2cccc3cc(oc23)\C(=C\C(=O)O)\C)C(C)C)C(C)C,CHEMBL41675,Ki,7.36
4478317,CCN(C\C=C\C(=C\C(=O)O)\C)c1cc2c(cc1C)C(C)(C)CCC2(C)C,CHEMBL427391,Ki,7.38
9650716,CC1(C)CCC(C)(C)c2cc(ccc12)C3CCCc4sc(\C=C\C(=O)O)cc34,CHEMBL62537,Ki,7.4
2282949,Cc1cc2c(cc1C3(CC3)c4ccc(cn4)C(=O)O)C(C)(C)CCC2(C)C,CHEMBL288436,EC50,7.4
9650729,Cc1cc2c(cc1C3CCCc4oc(\C=C\C(=O)O)cc34)C(C)(C)CCC2(C)C,CHEMBL432140,Ki,7.4
9650740,CCN1C(=O)CC(C)(C)c2cc(C)c(cc12)c3cc(\C=C/C(=O)O)ccc3OC(F)(F)F,CHEMBL246823,EC50,7.41
2283128,C\C(=C/C(=O)O)\c1cc2c(cccc2s1)c3cc(cc(c3C)C(C)(C)C)C(C)(C)C,CHEMBL44420,EC50,7.41
9650753,CCN1C(=O)CC(C)(C)c2cc(C)c(cc12)c3cc(ccc3OC(F)(F)F)C(C)CC(=O)O,CHEMBL247000,EC50,7.42
9650764,C\C(=C/C(=O)O)\C=C\[C@H]1CC(=C)C[C@@H]1c2ccc3c(c2)C(C)(C)CCC3(C)C,CHEMBL312233,Ki,7.42
2282937,CN(C\C=C\C(=C\C(=O)O)\C)c1cc(cc(c1)C(C)(C)C)C(C)(C)C,CHEMBL208213,Ki,7.43
9650776,CC(C)N1C(=O)CC(C)(C)c2cc(C)c(cc12)c3cc(CCC(=O)O)ccc3OCC(F)(F)F,CHEMBL410399,EC50,7.44
9650787,CC(C)CCC1=C(CCC/C/1=C\C(=C/C=C/C(=C/C(=O)O)/C)\C)C2CC2,CHEMBL3622723,Kd,7.46
9650798,CC1(C)CCC(C)(C)c2cc(ccc12)C3(OCCO3)c4ccc(cc4)C(=O)O,CHEMBL112715,EC50,7.47
4478387,C\C(=C/C(=O)O)\C=C\CC1(CC1)c2cc(cc3c2CCC3(C)C)C(C)(C)C,CHEMBL88216,EC50,7.47
9650811,CC(C)C1=C(C)CCC/C/1=C\C(=C/C=C/C(=C/C(=O)O)/C)\C,CHEMBL2111790,Kd,7.48
9650823,C\C(=C\C=C\C(=C\C(=O)O)\C)\C=C\1/CCCc2ccccc12,CHEMBL3098771,Kd,7.48
4478330,C\C(=C/c1ccc(cc1)C(=O)O)\c2cc3c(cc2C)C(C)(C)CCC3(C)C,CHEMBL32505,IC50,7.5
2283161,CCN(C\C=C\C(=C\C(=O)O)\C)c1cc(cc(c1)C(C)(C)C)C(C)(C)C,CHEMBL205634,Ki,7.51
9650838,CCc1cc2c(cc1C(=C)c3ccc(cc3)C(=O)O)C(C)(C)CCC2(C)C,CHEMBL100623,Kd,7.51
9650849,C\C(=C/C(=O)O)\C=C\CC1(CC1)c2cc3c(cc2C)C(C)(C)CCC3(C)C,CHEMBL89058,EC50,7.51
4478408,C\C(=C/C(=O)O)\C=C\CC1(CC1)c2cc(cc(c2)C(C)(C)C)C(C)(C)C,CHEMBL89581,EC50,7.52
9650862,C\C(=C\C=C\C(=C\C(=O)O)\C)\C=C\1/CCCCc2ccccc12,CHEMBL3622719,EC50,7.52
9650873,COc1c(cc(cc1c2csc3ccc(cc23)\C(=C\C(=O)O)\C)C(C)C)C(C)C,CHEMBL314745,Ki,7.53
2283471,CCC(C)(C)c1cc(\C(=C(\F)/C=C/C(=C/C(=O)O)/C)\C)c(OCC(F)F)c(c1)C(C)(C)CC,CHEMBL130231,Ki,7.54
9650886,CCC(C)(C)c1cc(\C(=C/C=C/C(=C/C(=O)O)/C)\C)c(OCC(F)F)c(c1)C(C)(C)CC,CHEMBL313647,Ki,7.54
9650897,CCN1C(=O)CC(C)(C)c2cc(C)c(cc12)c3cc(\C=C(/C)\C(=O)O)ccc3OC(F)(F)F,CHEMBL248016,EC50,7.55
9650908,C\C(=C/C(=O)O)\C=C\C=C(\C)/c1cc(cc(c1OCC(F)(F)F)C(C)(C)C)C(C)(C)C,CHEMBL92487,Ki,7.57
2283186,CCCOc1c(cc(cc1\C(=C/C=C/C(=C/C(=O)O)/C)\C)C(F)(F)C(F)(F)F)C(C)C,CHEMBL132568,Ki,7.59
2283015,CCO\N=C(/c1ccc(cc1)C(=O)O)\c2cc3c(cc2C)C(C)(C)CCC3(C)C,CHEMBL166201,Ki,7.59
2283048,C\C(=C/C(=O)O)\C=C\c1ccccc1\C=C\C2=C(C)CCCC2(C)C,CHEMBL157333,Kd,7.59
9650925,CC1(C)CCC(C)(C)c2cc3c(OC4CCCC34c5ccc(cc5)C(=O)O)cc12,CHEMBL3779935,EC50,7.6
9650936,CC1(C)CCC(C)(C)c2cc3c(O[C@@H]4CCC[C@]34c5ccc(cc5)C(=O)O)cc12,CHEMBL3781132,EC50,7.6
9650947,C[C@@H]1CC\C(=C/C(=C\C=C\C(=C\C(=O)O)\C)/C)\c2ccccc12,CHEMBL3098773,Kd,7.6
9650958,CN1C(=O)CC(C)(C)c2cc(C)c(cc12)c3cc(\C=C\C(=O)O)ccc3OC(F)(F)F,CHEMBL247836,EC50,7.61
9650969,CC1CC\C(=C/C(=C\C=C\C(=C\C(=O)O)\C)/C)\c2ccccc12,CHEMBL3098772,Kd,7.64
9650980,CCC1=C(CCC(C)C)\C(=C\C(=C/C=C/C(=C/C(=O)O)/C)\C)\CCC1,CHEMBL3622722,EC50,7.64
9650991,CCCOc1c(cc(cc1C(C)(C)CC)C(C)(C)CC)\C(=C/C=C/C(=C/C(=O)O)/C)\C,CHEMBL90254,Ki,7.64
9651002,CC(C)CCC1=C(CCC/C/1=C\C(=C/C=C/C(=C/C(=O)O)/C)\C)C(C)C,CHEMBL3622724,EC50,7.66
9651013,Cc1cc2c(cc1C(=C)c3ccc(cn3)C(=O)O)C(C)(C)CCC2(C)C,CHEMBL109117,Kd,7.66
2283406,CCCCOc1c(cc(cc1\C(=C/C=C/C(=C/C(=O)O)/C)\C)C(F)(F)C(F)(F)F)C(C)C,CHEMBL424269,Ki,7.67
2282926,CC(C)CO\N=C(/c1ccc(cc1)C(=O)O)\c2cc3c(cc2C)C(C)(C)CCC3(C)C,CHEMBL351943,Ki,7.68
2282993,CCCCN(C\C=C\C(=C\C(=O)O)\C)c1cc(cc2c1CCC2(C)C)C(C)(C)C,CHEMBL204725,Ki,7.68
2283081,C\C(=C/C(=O)O)\C=C\C1(OCCO1)c2cc3c(cc2C)C(C)(C)CCC3(C)C,CHEMBL111911,EC50,7.68
2282982,C\C(=C/C(=O)O)\C=C\[C@@H]1CCCN1c2ccc3c(c2)C(C)(C)CCC3(C)C,CHEMBL378926,Ki,7.68
9651034,Cc1cc2c(cc1C(=C3CC3)c4ccc(cc4)C(=O)O)C(C)(C)CCC2(C)C,CHEMBL277626,IC50,7.68
9651045,CC1(C)CCC(C)(C)c2cc(ccc12)C3CCCc4oc(\C=C/5\SC(=O)NC5=O)cc34,CHEMBL305115,Ki,7.7
9651056,CC1(C)CCC(C)(C)c2cc3c(O[C@@H]4CCCC[C@]34c5ccc(cc5)C(=O)O)cc12,CHEMBL3780763,EC50,7.7
2283340,CCOc1c(cc(cc1c2cccc3sc(cc23)\C(=C\C(=O)O)\C)C(C)C)C(C)C,CHEMBL41890,EC50,7.7
9651069,COc1cc2c(cc1C3CCCc4oc(\C=C\C(=O)O)cc34)C(C)(C)CCC2(C)C,CHEMBL294346,Ki,7.7
9651080,C\C(=C/C(=O)O)\C=C\C1=C(CCC1)c2ccc3c(c2)C(C)(C)CCC3(C)C,CHEMBL79234,Ki,7.7
9651090,Cc1cc2c(cc1C(=C)c3ccc(cc3)C(=O)NO)C(C)(C)CCC2(C)C,CHEMBL2398772,EC50,7.71
9651101,CCN(c1ccc(C(C)C)c(OCC(C)C)c1)c2ccc(cn2)C(=O)O,CHEMBL1688383,EC50,7.72
9651271,CCN1C(=O)CC(C)(C)c2cc(C)c(cc12)c3cc(ccc3OC(F)(F)F)C4CC4C(=O)O,CHEMBL246824,EC50,7.72
9651282,CC(C)N1C(=O)CC(C)(C)c2cc(C)c(cc12)c3cc(\C=C\C(=O)O)ccc3OCC(F)(F)F,CHEMBL247819,EC50,7.74
4476176,CCCN(C\C=C\C(=C\C(=O)O)\C)c1cc2c(cc1C)C(C)(C)CCC2(C)C,CHEMBL205532,Ki,7.75
2283175,C\C(=C/C(=O)O)\C=C\C=C(\C)/c1cc(cc(c1OCC(F)F)C(C)(C)C)C(C)(C)C,CHEMBL42314,Ki,7.75
9651297,C\C(=C\C=C\C(=C\C(=O)O)\C)\C=C\1/CCCc2c(C)cccc12,CHEMBL3289657,Kd,7.75
2283106,CCCN(C\C=C\C(=C\C(=O)O)\C)c1cc(cc(c1)C(C)(C)C)C(C)(C)C,CHEMBL379057,Ki,7.77
9651310,CC(C)N1C(=O)CC(C)(C)c2cc(C)c(cc12)c3cc(\C=C\C(=O)O)ccc3OC(F)(F)F,CHEMBL428930,EC50,7.79
9651321,CCC1=C(C(C)C)\C(=C\C(=C/C=C/C(=C/C(=O)O)/C)\C)\CCC1,CHEMBL2114968,Kd,7.8
9651332,CCC1=C(C(C)C)\C(=C\C(=C\C(=C/C(=O)O)\C\C(=C\C)\C)\C)\CCC1,CHEMBL72988,Kd,7.8
2282971,CCCCOc1c(cc(cc1c2cccc3cc(oc23)\C(=C(/F)\C(=O)O)\C)C(C)C)C(C)C,CHEMBL290246,Ki,7.8
9651345,C\C(=C/C(=O)O)\C=C\[C@@H]1CCC[C@@H]1c2ccc3c(c2)C(C)(C)CCC3(C)C,CHEMBL311113,Ki,7.82
9651355,Cc1cc2c(cc1n3c(nc4cc(ccc34)C(=O)O)C(F)(F)F)C(C)(C)CCC2(C)C,CHEMBL2332887,EC50,7.82
9651366,CCCOc1c(cc(cc1C(C)(C)C)C(C)(C)C)\C(=C/C=C/C(=C/C(=O)O)/C)\C,CHEMBL420249,Ki,7.85
2283219,CCCOc1c(cc(cc1c2cccc3sc(cc23)\C(=C\C(=O)O)\C)C(C)C)C(C)C,CHEMBL41742,Ki,7.85
9651379,C[C@H]1CC\C(=C/C(=C\C=C\C(=C\C(=O)O)\C)/C)\c2ccccc12,CHEMBL3098858,Kd,7.89
4368936,C\C(=C/C(=O)O)\C=C\CC1(CC1)c2ccc3c(c2)C(C)(C)CCC3(C)C,CHEMBL89331,EC50,7.89
4369167,C\C(=C/C=C/C(=C/C(=O)O)/C)\C=C/C1=C(C)CCCC1(C)C,CHEMBL44478,EC50,7.89
2283460,CC1(C)CCC(C)(C)c2cc(\C(=N\O)\c3ccc(cc3)C(=O)O)c(Br)cc12,CHEMBL348797,Ki,7.92
9651395,CCN(c1ccc(C(C)C)c(OCC(C)CF)c1)c2ccc(cn2)C(=O)O,CHEMBL3425764,EC50,7.92
2283037,C\C(=C/C(=O)O)\c1cc2c(cccc2s1)c3cc(cc(c3OCC(F)F)C(C)(C)C)C(C)(C)C,CHEMBL290761,Ki,7.92
9651408,Cc1cc2c(cc1Cc3ccc(C(=O)O)c(F)c3)C(C)(C)CCC2(C)C,CHEMBL583996,Ki,7.92
9651420,CCOc1c(cc(cc1C(C)(C)C)C(C)(C)C)\C(=C/C=C/C(=C/C(=O)O)/C)\C,CHEMBL92050,Ki,7.94
4368736,C\C(=C/c1ccc(s1)C(=O)O)\c2cc3c(cc2C)C(C)(C)CCC3(C)C,CHEMBL91718,EC50,7.96
2283252,Cc1cc2c(cc1\C(=N\OCC#N)\c3ccc(cc3)C(=O)O)C(C)(C)CCC2(C)C,CHEMBL164902,Ki,7.96
9651435,C\C(=C(\F)/C(=O)O)\C=C\C=C(\C)/c1cc(cc(c1OCC(F)F)C(C)(C)C)C(C)(C)C,CHEMBL325592,Ki,7.98
9651446,CC(C)N1C(=O)CC(C)(C)c2cc(C)c(cc12)c3cc(ccc3OC(F)(F)F)[C@@H]4C[C@H]4C(=O)O,CHEMBL247402,EC50,8.0
9651457,CCCCOc1cc2c(cc1C(=C3CC3)c4ccc(cn4)C(=O)O)C(C)(C)CCC2(C)C,CHEMBL184497,IC50,8.0
9651468,C\C(=C\C=C\C(=C\C(=O)O)\C)\C=C\1/CCCc2cccc(C)c12,CHEMBL3289660,Kd,8.0
2283417,CO\N=C(/c1ccc(cc1)C(=O)O)\c2cc3c(cc2C)C(C)(C)CCC3(C)C,CHEMBL423465,Ki,8.05
9651481,C\C(=C/C(=O)O)\C=C(/F)\C=C(\C)/c1cc(cc(c1OCC(F)F)C(C)(C)C)C(C)(C)C,CHEMBL110921,Ki,8.09
2283296,CCCN(C\C=C\C(=C\C(=O)O)\C)c1cc(cc2c1CCC2(C)C)C(C)(C)C,CHEMBL208316,Ki,8.1
2283263,CCCOc1cc2c(cc1\C(=C/C=C/C(=C/C(=O)O)/C)\C)C(C)(C)CCC2(C)C,CHEMBL109581,Ki,8.1
2283307,CCOc1cc2c(cc1\C(=C/C=C/C(=C/C(=O)O)/C)\C)C(C)(C)CCC2(C)C,CHEMBL109847,EC50,8.1
9651498,C\C(=C\C=C\C(=C\C(=O)O)\C)\C=C\1/CCCc2ccc(C)cc12,CHEMBL3289659,Kd,8.1
2283329,C\C(=C/C(=O)O)\C=C\C(=C(\C)/c1cc(cc(c1OCC(F)F)C(C)(C)C)C(C)(C)C)\F,CHEMBL111217,Ki,8.11
9651511,CCCCOc1c(cc(cc1c2c[nH]c3ccc(cc23)\C(=C\C(=O)O)\C)C(C)C)C(C)C,CHEMBL92798,Ki,8.13
9651522,CCN1C(=O)CC(C)(C)c2cc(C)c(cc12)c3cc(CCC(=O)O)ccc3OC(F)(F)F,CHEMBL246825,EC50,8.14
2283230,C\C(=C/C(=O)O)\C=C\c1ccoc1\C=C\C2=C(C)CCCC2(C)C,CHEMBL347411,Kd,8.16
2283318,C\C(=C/C(=O)O)\c1cc2c(cccc2s1)c3cc(cc(c3OCCC(F)F)C(C)(C)C)C(C)(C)C,CHEMBL43238,Ki,8.16
2283241,Cc1cc2c(cc1\C(=N\OCC=C)\c3ccc(cc3)C(=O)O)C(C)(C)CCC2(C)C,CHEMBL166244,Ki,8.16
2283395,CCOc1c(cc(cc1\C(=C/C=C/C(=C/C(=O)O)/C)\C)C(F)(F)C(F)(F)F)C(C)C,CHEMBL133896,Ki,8.2
2283274,CC(C)c1cc(\C(=C/C=C/C(=C/C(=O)O)/C)\C)c(OCC(F)F)c(c1)c2ccccc2,CHEMBL424639,Ki,8.22
2283004,CCCO\N=C(/c1ccc(cc1)C(=O)O)\c2cc3c(cc2C)C(C)(C)CCC3(C)C,CHEMBL165734,Ki,8.22
9651545,CCCOc1cc2c(cc1C(=C3CC3)c4ccc(cn4)C(=O)O)C(C)(C)CCC2(C)C,CHEMBL366112,IC50,8.22
2283482,Cc1cc2c(cc1\C(=N\O)\c3ccc(cc3)C(=O)O)C(C)(C)CCC2(C)C,CHEMBL162334,Ki,8.22
9651558,CC(C)N1C(=O)CC(C)(C)c2cc(C)c(cc12)c3cc(ccc3OC(F)(F)F)C4CC4C(=O)O,CHEMBL399326,EC50,8.3
5792703,CC1(C)CCC(C)(C)c2cc(ccc12)C(=C3CC3)c4ccc(cc4)C(=O)O,CHEMBL280140,AC50,8.3
2283285,CCCCCCCOc1c(cc(cc1C(C)(C)C)C(C)(C)C)c2cccc3sc(cc23)\C(=C\C(=O)O)\C,CHEMBL291034,Ki,8.3
2283428,COc1cc2c(cc1\C(=C/C=C/C(=C/C(=O)O)/C)\C)C(C)(C)CCC2(C)C,CHEMBL111589,EC50,8.3
9651575,C\C(=C/C(=O)O)\C=C\C1=C(CCC1)c2cc3c(cc2C)C(C)(C)CCC3(C)C,CHEMBL312737,Ki,8.3
9651585,C\C(=C/C(=O)O)\C(=C\C=C(\C)/c1cc(cc(c1OCC(F)F)C(C)(C)C)C(C)(C)C)\F,CHEMBL326673,Ki,8.32
2283351,C\C(=C/C(=O)O)\C=C\C=C(/C)\c1cc(cc(c1)C(C)(C)C)C(C)(C)C,CHEMBL89241,Ki,8.34
2283150,CCCCOc1c(cc(cc1\C(=C(\F)/C=C/C(=C/C(=O)O)/C)\C)C(C)C)C(C)C,CHEMBL131826,Ki,8.36
2283208,C\C(=C/C(=O)O)\C=C\C(=C(\C)/c1cc(cc(c1OCC(F)(F)F)C(C)(C)C)C(C)(C)C)\F,CHEMBL335242,Ki,8.39
9651603,CCCCOc1c(cc(cc1\C(=C/C=C/C(=C/C(=O)O)/C)\C)C(C)C)C(C)C,CHEMBL414218,Ki,8.4
2283520,C\C(=C/C(=O)O)\C=C\C1(CC1)c2cc3c(cc2C)C(C)(C)CCC3(C)C,CHEMBL92284,Ki,8.4
9651615,C\C(=C/C(=O)O)\C=C\[C@@]1(C)CCC[C@@H]1c2ccc3c(c2)C(C)(C)CCC3(C)C,CHEMBL312395,Ki,8.4
9651625,C\C(=C/C(=O)O)\C=C\[C@]1(C)CCC[C@@H]1c2ccc3c(c2)C(C)(C)CCC3(C)C,CHEMBL75814,Ki,8.4
9651635,CCCCOc1c(cc(cc1C(C)(C)C)C(C)(C)C)\C(=C/C=C/C(=C/C(=O)O)/C)\C,CHEMBL110195,Ki,8.42
9651646,CCN(c1ccc2c(c1)C(C)(C)CCC2(C)C)c3ccc(cn3)C(=O)O,CHEMBL1221641,EC50,8.42
9651657,CC(C)N1C(=O)CC(C)(C)c2cc(C)c(cc12)c3cc(CCC(=O)O)ccc3OC(F)(F)F,CHEMBL399461,EC50,8.47
9651668,CCCCOc1c(cc(cc1C(C)(C)C)C(C)(C)C)c2c[nH]c3ccc(cc23)\C(=C\C(=O)O)\C,CHEMBL93246,Ki,8.5
9651679,CC(C)c1cc(C(C)C)c(OCC(F)(F)F)c(c1)\C(=C/C=C/C(=C/C(=O)O)/C)\C,CHEMBL423503,Ki,8.52
9651690,CC(C)c1cc(cc(\C(=C/C=C/C(=C/C(=O)O)/C)\C)c1OCC(F)F)c2occc2,CHEMBL130317,Ki,8.52
9651701,CCC(C)\C=C\C\C(=C\C(=O)O)\C=C\C1=C(C)CCCC1(C)C,CHEMBL75548,Kd,8.52
9651712,CCCOc1c(cc(cc1\C(=C/C=C/C(=C/C(=O)O)/C)\C)C(C)C)C(C)C,CHEMBL91779,Ki,8.52
2283450,C\C(=C/C(=O)O)\C=C\C1(CC1)c2ccc3c(c2)C(C)(C)CCC3(C)C,CHEMBL93518,Ki,8.52
9651724,C\C(=C/C(=O)O)\C=C\[C@H]1CCC[C@@H]1c2ccc3c(c2)C(C)(C)CCC3(C)C,CHEMBL80236,Ki,8.52
9651734,C\C(=C/C(=O)O)\C=C\[C@]12CCC[C@]1(C2)c3ccc4c(c3)C(C)(C)CCC4(C)C,CHEMBL310047,Ki,8.52
2283373,C\C(=C/C(=O)O)\c1cc2c(cccc2s1)c3cc(cc(c3OCC(F)(F)F)C(C)(C)C)C(C)(C)C,CHEMBL41260,Ki,8.52
2283384,C\C(=C/C(=O)O)\c1cc2c(cccc2s1)c3cc(cc(c3OCCCF)C(C)(C)C)C(C)(C)C,CHEMBL41146,Ki,8.52
9651748,C\C(=C/C(=O)O)\C=C\C=C(\C)/c1cc(cc(c1OCCCF)C(C)(C)C)C(C)(C)C,CHEMBL92243,Ki,8.57
2283574,CC(C)c1cc(cc(\C(=C/C=C/C(=C/C(=O)O)/C)\C)c1OCC(F)F)c2cc(F)cc(F)c2,CHEMBL337393,Ki,8.59
2283197,CC(C)c1cc(cc(\C(=C/C=C/C(=C/C(=O)O)/C)\C)c1OCC(F)F)c2ccccc2F,CHEMBL422088,Ki,8.64
9651763,CCN1C(=O)CC(C)(C)c2cc(C)c(cc12)c3cc(ccc3OC(F)(F)F)[C@@H]4C[C@H]4C(=O)O,CHEMBL247401,EC50,8.64
9651774,CCCN1C(=O)CC(C)(C)c2cc(C)c(cc12)c3cc(\C=C\C(=O)O)ccc3OC(F)(F)F,CHEMBL246629,EC50,8.68
9651785,CC(C)c1cc(C(C)C)c(OCC(F)F)c(c1)\C(=C/C=C/C(=C/C(=O)O)/C)\C,CHEMBL88931,Ki,8.7
9651796,CCC(C)(C)c1cc(\C(=C/C=C/C(=C/C(=O)O)/C)\C)c(OC)c(c1)C(C)(C)CC,CHEMBL91185,Ki,8.7
9651807,CCOc1c(cc(cc1C(C)(C)CC)C(C)(C)CC)\C(=C/C=C/C(=C/C(=O)O)/C)\C,CHEMBL315986,Ki,8.7
9651819,CCOc1c(cc(cc1\C(=C/C=C/C(=C/C(=O)O)/C)\C)C(C)C)C(C)C,CHEMBL88740,Ki,8.7
9651831,CCN1C(=O)CC(C)(C)c2cc(C)c(cc12)c3cc(\C=C\C(=O)O)ccc3OC(F)(F)F,CHEMBL246821,EC50,8.75
9651842,Cc1cc2c(cc1c3cc(\C=C\C(=O)O)ccc3OC(F)(F)F)N(CC(F)(F)F)C(=O)CC2(C)C,CHEMBL247005,EC50,8.75
9651853,CCCOc1c(cc(cc1C(C)(C)C)C(C)(C)C)c2c[nH]c3ccc(cc23)\C(=C\C(=O)O)\C,CHEMBL92447,Ki,8.8
9651864,C\C(=C/C(=O)O)\c1ccc2[nH]cc(c3cc(cc(c3OCC(F)F)C(C)(C)C)C(C)(C)C)c2c1,CHEMBL430651,Ki,8.8
2283564,C\C(=C/C(=O)O)\C=C\C1CC1(C)c2ccc3c(c2)C(C)(C)CCC3(C)C,CHEMBL69091,EC50,8.82
9651876,Cc1cc2c(cc1c3cc(CCC(=O)O)ccc3OC(F)(F)F)N(CC(F)(F)F)C(=O)CC2(C)C,CHEMBL247220,EC50,8.85
9651887,CC(C)c1cc(C(C)C)c(OCCF)c(c1)\C(=C/C=C/C(=C/C(=O)O)/C)\C,CHEMBL92430,Ki,9.0
2283439,CC(C)c1cc(cc(\C(=C/C=C/C(=C/C(=O)O)/C)\C)c1OCC(F)F)c2cccc(F)c2,CHEMBL130232,Ki,9.0
9651900,COc1c(cc(cc1C(C)(C)C)C(C)(C)C)\C(=C/C=C/C(=C/C(=O)O)/C)\C,CHEMBL329334,Ki,9.0
9651911,COc1c(cc(cc1\C(=C/C=C/C(=C/C(=O)O)/C)\C)C(C)C)C(C)C,CHEMBL90824,Ki,9.0
9651922,CCN1C(=O)CC(C)(C)c2cc(C)c(cc12)c3cc(\C=C\4/SC(=O)NC4=O)ccc3OC(F)(F)F,CHEMBL248415,EC50,9.05
2283530,CC(C)c1cc(cc(\C(=C/C=C/C(=C/C(=O)O)/C)\C)c1OCC(F)F)c2ccc(F)cc2,CHEMBL133915,Ki,9.1
2283541,CC(C)c1cc(cc(\C(=C/C=C/C(=C/C(=O)O)/C)\C)c1OCC(F)F)c2cccs2,CHEMBL130374,Ki,9.1
2283553,C\C(=C/C(=O)O)\C=C\[C@@H]1C[C@]1(C)c2ccc3c(c2)C(C)(C)CCC3(C)C,CHEMBL75133,Kd,9.4
