id,smiles,name,assay_type,activity_value
2282886,C\C(\C=C\C1=C(C)CCCC1(C)C)=C\C=C\C(\C)=C\C(O)=O,alitretinoin,EC50,6.7
2282897,CC1=C(C=C2C(=C1)C(C)(C)CCC2(C)C)C(=C)C1=CC=C(C=C1)C(O)=O,bexarotene,Ki,8.23
2282916,C\C(=C/C(=O)O)\C=C\C1CC1(C)c2cc3c(cc2C)C(C)(C)CCC3(C)C,CHEMBL308883,EC50,7.0
2282926,CC(C)CO\N=C(/c1ccc(cc1)C(=O)O)\c2cc3c(cc2C)C(C)(C)CCC3(C)C,CHEMBL351943,Ki,7.04
2282937,CN(C\C=C\C(=C\C(=O)O)\C)c1cc(cc(c1)C(C)(C)C)C(C)(C)C,CHEMBL208213,Ki,7.06
2282949,Cc1cc2c(cc1C3(CC3)c4ccc(cn4)C(=O)O)C(C)(C)CCC2(C)C,CHEMBL288436,Ki,7.13
2282960,CCCN(C\C=C\C(=C\C(=O)O)\C)c1ccc2c(c1)C(C)(C)CCC2(C)C,CHEMBL205600,Ki,7.14
2282971,CCCCOc1c(cc(cc1c2cccc3cc(oc23)\C(=C(/F)\C(=O)O)\C)C(C)C)C(C)C,CHEMBL290246,Ki,7.19
2282982,C\C(=C/C(=O)O)\C=C\[C@@H]1CCCN1c2ccc3c(c2)C(C)(C)CCC3(C)C,CHEMBL378926,Ki,7.2
2282993,CCCCN(C\C=C\C(=C\C(=O)O)\C)c1cc(cc2c1CCC2(C)C)C(C)(C)C,CHEMBL204725,Ki,7.22
2283004,CCCO\N=C(/c1ccc(cc1)C(=O)O)\c2cc3c(cc2C)C(C)(C)CCC3(C)C,CHEMBL165734,Ki,7.22
2283015,CCO\N=C(/c1ccc(cc1)C(=O)O)\c2cc3c(cc2C)C(C)(C)CCC3(C)C,CHEMBL166201,Ki,7.24
2283026,Cc1cc2c(cc1Sc3ccc(cn3)C(=O)O)C(C)(C)CCC2(C)C,CHEMBL116886,EC50,7.24
2283037,C\C(=C/C(=O)O)\c1cc2c(cccc2s1)c3cc(cc(c3OCC(F)F)C(C)(C)C)C(C)(C)C,CHEMBL290761,Ki,7.26
2283048,C\C(=C/C(=O)O)\C=C\c1ccccc1\C=C\C2=C(C)CCCC2(C)C,CHEMBL157333,Kd,7.28
2283059,CC(C)c1cc2c(cc1\C(=C\c3ccc(cc3)C(=O)O)\C)C(C)(C)CCC2(C)C,CHEMBL424636,IC50,7.3
2283070,CCc1cc2c(cc1\C(=C\c3ccc(cc3)C(=O)O)\C)C(C)(C)CCC2(C)C,CHEMBL284937,IC50,7.3
2283081,C\C(=C/C(=O)O)\C=C\C1(OCCO1)c2cc3c(cc2C)C(C)(C)CCC3(C)C,CHEMBL111911,EC50,7.33
2283092,CC1(C)CCC(C)(C)c2cc(ccc12)C(=C)c3ccc(cc3)C(=O)O,CHEMBL96184,EC50,7.41
2283106,CCCN(C\C=C\C(=C\C(=O)O)\C)c1cc(cc(c1)C(C)(C)C)C(C)(C)C,CHEMBL379057,Ki,7.47
2283117,CC(=C(\C=C\C(=C\C(=O)O)\C)c1ccc2c(c1)C(C)(C)CCC2(C)C)C,CHEMBL414233,EC50,7.48
2283128,C\C(=C/C(=O)O)\c1cc2c(cccc2s1)c3cc(cc(c3C)C(C)(C)C)C(C)(C)C,CHEMBL44420,Ki,7.48
2283139,Cc1cc2c(cc1C(=C)c3ccc(s3)C(=O)O)C(C)(C)CCC2(C)C,CHEMBL111983,EC50,7.48
2283150,CCCCOc1c(cc(cc1\C(=C(\F)/C=C/C(=C/C(=O)O)/C)\C)C(C)C)C(C)C,CHEMBL131826,Ki,7.61
2283161,CCN(C\C=C\C(=C\C(=O)O)\C)c1cc(cc(c1)C(C)(C)C)C(C)(C)C,CHEMBL205634,Ki,7.62
2283175,C\C(=C/C(=O)O)\C=C\C=C(\C)/c1cc(cc(c1OCC(F)F)C(C)(C)C)C(C)(C)C,CHEMBL42314,Ki,7.75
2283186,CCCOc1c(cc(cc1\C(=C/C=C/C(=C/C(=O)O)/C)\C)C(F)(F)C(F)(F)F)C(C)C,CHEMBL132568,Ki,7.76
2283197,CC(C)c1cc(cc(\C(=C/C=C/C(=C/C(=O)O)/C)\C)c1OCC(F)F)c2ccccc2F,CHEMBL422088,Ki,7.8
2283208,C\C(=C/C(=O)O)\C=C\C(=C(\C)/c1cc(cc(c1OCC(F)(F)F)C(C)(C)C)C(C)(C)C)\F,CHEMBL335242,Ki,7.81
2283219,CCCOc1c(cc(cc1c2cccc3sc(cc23)\C(=C\C(=O)O)\C)C(C)C)C(C)C,CHEMBL41742,Ki,7.82
2283230,C\C(=C/C(=O)O)\C=C\c1ccoc1\C=C\C2=C(C)CCCC2(C)C,CHEMBL347411,Kd,7.82
2283241,Cc1cc2c(cc1\C(=N\OCC=C)\c3ccc(cc3)C(=O)O)C(C)(C)CCC2(C)C,CHEMBL166244,Ki,7.82
2283252,Cc1cc2c(cc1\C(=N\OCC#N)\c3ccc(cc3)C(=O)O)C(C)(C)CCC2(C)C,CHEMBL164902,Ki,7.85
2283263,CCCOc1cc2c(cc1\C(=C/C=C/C(=C/C(=O)O)/C)\C)C(C)(C)CCC2(C)C,CHEMBL109581,EC50,7.89
2283274,CC(C)c1cc(\C(=C/C=C/C(=C/C(=O)O)/C)\C)c(OCC(F)F)c(c1)c2ccccc2,CHEMBL424639,Ki,7.91
2283285,CCCCCCCOc1c(cc(cc1C(C)(C)C)C(C)(C)C)c2cccc3sc(cc23)\C(=C\C(=O)O)\C,CHEMBL291034,Ki,7.92
2283296,CCCN(C\C=C\C(=C\C(=O)O)\C)c1cc(cc2c1CCC2(C)C)C(C)(C)C,CHEMBL208316,Ki,7.92
2283307,CCOc1cc2c(cc1\C(=C/C=C/C(=C/C(=O)O)/C)\C)C(C)(C)CCC2(C)C,CHEMBL109847,Ki,7.92
2283318,C\C(=C/C(=O)O)\c1cc2c(cccc2s1)c3cc(cc(c3OCCC(F)F)C(C)(C)C)C(C)(C)C,CHEMBL43238,Ki,7.92
2283329,C\C(=C/C(=O)O)\C=C\C(=C(\C)/c1cc(cc(c1OCC(F)F)C(C)(C)C)C(C)(C)C)\F,CHEMBL111217,Ki,7.94
2283340,CCOc1c(cc(cc1c2cccc3sc(cc23)\C(=C\C(=O)O)\C)C(C)C)C(C)C,CHEMBL41890,Ki,7.96
2283351,C\C(=C/C(=O)O)\C=C\C=C(/C)\c1cc(cc(c1)C(C)(C)C)C(C)(C)C,CHEMBL89241,Ki,7.99
2283362,CCCOc1c(cc(cc1C(F)(F)C(F)(F)F)C(C)C)\C(=C/C=C/C(=C/C(=O)O)/C)\C,CHEMBL131122,Ki,8.0
2283373,C\C(=C/C(=O)O)\c1cc2c(cccc2s1)c3cc(cc(c3OCC(F)(F)F)C(C)(C)C)C(C)(C)C,CHEMBL41260,Ki,8.0
2283384,C\C(=C/C(=O)O)\c1cc2c(cccc2s1)c3cc(cc(c3OCCCF)C(C)(C)C)C(C)(C)C,CHEMBL41146,Ki,8.0
2283395,CCOc1c(cc(cc1\C(=C/C=C/C(=C/C(=O)O)/C)\C)C(F)(F)C(F)(F)F)C(C)C,CHEMBL133896,Ki,8.07
2283406,CCCCOc1c(cc(cc1\C(=C/C=C/C(=C/C(=O)O)/C)\C)C(F)(F)C(F)(F)F)C(C)C,CHEMBL424269,Ki,8.09
2283417,CO\N=C(/c1ccc(cc1)C(=O)O)\c2cc3c(cc2C)C(C)(C)CCC3(C)C,CHEMBL423465,Ki,8.1
2283428,COc1cc2c(cc1\C(=C/C=C/C(=C/C(=O)O)/C)\C)C(C)(C)CCC2(C)C,CHEMBL111589,EC50,8.1
2283439,CC(C)c1cc(cc(\C(=C/C=C/C(=C/C(=O)O)/C)\C)c1OCC(F)F)c2cccc(F)c2,CHEMBL130232,Ki,8.13
2283450,C\C(=C/C(=O)O)\C=C\C1(CC1)c2ccc3c(c2)C(C)(C)CCC3(C)C,CHEMBL93518,Ki,8.16
2283460,CC1(C)CCC(C)(C)c2cc(\C(=N\O)\c3ccc(cc3)C(=O)O)c(Br)cc12,CHEMBL348797,Ki,8.22
2283471,CCC(C)(C)c1cc(\C(=C(\F)/C=C/C(=C/C(=O)O)/C)\C)c(OCC(F)F)c(c1)C(C)(C)CC,CHEMBL130231,Ki,8.28
2283482,Cc1cc2c(cc1\C(=N\O)\c3ccc(cc3)C(=O)O)C(C)(C)CCC2(C)C,CHEMBL162334,Ki,8.3
2283498,C\C(=C/C=C/C(=C/C(=O)O)/C)\C=C\C1=C(C)CCCC1(C)C,CHEMBL38,EC50,8.35
2283509,CC(C)c1cc(C(C)C)c(OCC(F)F)c(c1)c2cccc3cc(oc23)\C(=C(/F)\C(=O)O)\C,CHEMBL41422,Ki,8.4
2283520,C\C(=C/C(=O)O)\C=C\C1(CC1)c2cc3c(cc2C)C(C)(C)CCC3(C)C,CHEMBL92284,Ki,8.4
2283530,CC(C)c1cc(cc(\C(=C/C=C/C(=C/C(=O)O)/C)\C)c1OCC(F)F)c2ccc(F)cc2,CHEMBL133915,Ki,8.41
2283541,CC(C)c1cc(cc(\C(=C/C=C/C(=C/C(=O)O)/C)\C)c1OCC(F)F)c2cccs2,CHEMBL130374,Ki,8.41
2283553,C\C(=C/C(=O)O)\C=C\[C@@H]1C[C@]1(C)c2ccc3c(c2)C(C)(C)CCC3(C)C,CHEMBL75133,Kd,8.44
2283564,C\C(=C/C(=O)O)\C=C\C1CC1(C)c2ccc3c(c2)C(C)(C)CCC3(C)C,CHEMBL69091,Kd,8.6
2283574,CC(C)c1cc(cc(\C(=C/C=C/C(=C/C(=O)O)/C)\C)c1OCC(F)F)c2cc(F)cc(F)c2,CHEMBL337393,Ki,8.62
