id,smiles,name,assay_type,activity_value
2282886,C\C(\C=C\C1=C(C)CCCC1(C)C)=C\C=C\C(\C)=C\C(O)=O,alitretinoin,EC50,6.66
4478295,CCOC(=O)\C=C(/C)\C=C\C=C(/C)\C=C\C1=C(C)C(C)=C(OC)C=C1C,etretinate,N/A,N/A
2282897,CC1=C(C=C2C(=C1)C(C)(C)CCC2(C)C)C(=C)C1=CC=C(C=C1)C(O)=O,bexarotene,Ki,8.08
4478317,CCN(C\C=C\C(=C\C(=O)O)\C)c1cc2c(cc1C)C(C)(C)CCC2(C)C,CHEMBL427391,Ki,7.0
2282982,C\C(=C/C(=O)O)\C=C\[C@@H]1CCCN1c2ccc3c(c2)C(C)(C)CCC3(C)C,CHEMBL378926,Ki,7.0
4478330,C\C(=C/c1ccc(cc1)C(=O)O)\c2cc3c(cc2C)C(C)(C)CCC3(C)C,CHEMBL32505,IC50,7.0
2283175,C\C(=C/C(=O)O)\C=C\C=C(\C)/c1cc(cc(c1OCC(F)F)C(C)(C)C)C(C)(C)C,CHEMBL42314,Ki,7.08
2283241,Cc1cc2c(cc1\C(=N\OCC=C)\c3ccc(cc3)C(=O)O)C(C)(C)CCC2(C)C,CHEMBL166244,Ki,7.1
2282916,C\C(=C/C(=O)O)\C=C\C1CC1(C)c2cc3c(cc2C)C(C)(C)CCC3(C)C,CHEMBL308883,EC50,7.15
2283460,CC1(C)CCC(C)(C)c2cc(\C(=N\O)\c3ccc(cc3)C(=O)O)c(Br)cc12,CHEMBL348797,Ki,7.24
2283004,CCCO\N=C(/c1ccc(cc1)C(=O)O)\c2cc3c(cc2C)C(C)(C)CCC3(C)C,CHEMBL165734,Ki,7.24
2283128,C\C(=C/C(=O)O)\c1cc2c(cccc2s1)c3cc(cc(c3C)C(C)(C)C)C(C)(C)C,CHEMBL44420,Ki,7.27
2283509,CC(C)c1cc(C(C)C)c(OCC(F)F)c(c1)c2cccc3cc(oc23)\C(=C(/F)\C(=O)O)\C,CHEMBL41422,Ki,7.31
2283406,CCCCOc1c(cc(cc1\C(=C/C=C/C(=C/C(=O)O)/C)\C)C(F)(F)C(F)(F)F)C(C)C,CHEMBL424269,Ki,7.34
2283015,CCO\N=C(/c1ccc(cc1)C(=O)O)\c2cc3c(cc2C)C(C)(C)CCC3(C)C,CHEMBL166201,Ki,7.38
2283026,Cc1cc2c(cc1Sc3ccc(cn3)C(=O)O)C(C)(C)CCC2(C)C,CHEMBL116886,EC50,7.38
2283471,CCC(C)(C)c1cc(\C(=C(\F)/C=C/C(=C/C(=O)O)/C)\C)c(OCC(F)F)c(c1)C(C)(C)CC,CHEMBL130231,Ki,7.4
2283106,CCCN(C\C=C\C(=C\C(=O)O)\C)c1cc(cc(c1)C(C)(C)C)C(C)(C)C,CHEMBL379057,Ki,7.42
2283318,C\C(=C/C(=O)O)\c1cc2c(cccc2s1)c3cc(cc(c3OCCC(F)F)C(C)(C)C)C(C)(C)C,CHEMBL43238,Ki,7.43
2283161,CCN(C\C=C\C(=C\C(=O)O)\C)c1cc(cc(c1)C(C)(C)C)C(C)(C)C,CHEMBL205634,Ki,7.46
2283048,C\C(=C/C(=O)O)\C=C\c1ccccc1\C=C\C2=C(C)CCCC2(C)C,CHEMBL157333,Kd,7.46
2282993,CCCCN(C\C=C\C(=C\C(=O)O)\C)c1cc(cc2c1CCC2(C)C)C(C)(C)C,CHEMBL204725,Ki,7.51
2283285,CCCCCCCOc1c(cc(cc1C(C)(C)C)C(C)(C)C)c2cccc3sc(cc23)\C(=C\C(=O)O)\C,CHEMBL291034,Ki,7.55
2282971,CCCCOc1c(cc(cc1c2cccc3cc(oc23)\C(=C(/F)\C(=O)O)\C)C(C)C)C(C)C,CHEMBL290246,Ki,7.55
2283150,CCCCOc1c(cc(cc1\C(=C(\F)/C=C/C(=C/C(=O)O)/C)\C)C(C)C)C(C)C,CHEMBL131826,Ki,7.56
2283186,CCCOc1c(cc(cc1\C(=C/C=C/C(=C/C(=O)O)/C)\C)C(F)(F)C(F)(F)F)C(C)C,CHEMBL132568,Ki,7.56
2283362,CCCOc1c(cc(cc1C(F)(F)C(F)(F)F)C(C)C)\C(=C/C=C/C(=C/C(=O)O)/C)\C,CHEMBL131122,Ki,7.63
2283274,CC(C)c1cc(\C(=C/C=C/C(=C/C(=O)O)/C)\C)c(OCC(F)F)c(c1)c2ccccc2,CHEMBL424639,Ki,7.65
4478387,C\C(=C/C(=O)O)\C=C\CC1(CC1)c2cc(cc3c2CCC3(C)C)C(C)(C)C,CHEMBL88216,Kd,7.66
2283384,C\C(=C/C(=O)O)\c1cc2c(cccc2s1)c3cc(cc(c3OCCCF)C(C)(C)C)C(C)(C)C,CHEMBL41146,Ki,7.68
2283219,CCCOc1c(cc(cc1c2cccc3sc(cc23)\C(=C\C(=O)O)\C)C(C)C)C(C)C,CHEMBL41742,Ki,7.7
2283373,C\C(=C/C(=O)O)\c1cc2c(cccc2s1)c3cc(cc(c3OCC(F)(F)F)C(C)(C)C)C(C)(C)C,CHEMBL41260,Ki,7.7
2283037,C\C(=C/C(=O)O)\c1cc2c(cccc2s1)c3cc(cc(c3OCC(F)F)C(C)(C)C)C(C)(C)C,CHEMBL290761,Ki,7.7
2283307,CCOc1cc2c(cc1\C(=C/C=C/C(=C/C(=O)O)/C)\C)C(C)(C)CCC2(C)C,CHEMBL109847,Ki,7.77
4478408,C\C(=C/C(=O)O)\C=C\CC1(CC1)c2cc(cc(c2)C(C)(C)C)C(C)(C)C,CHEMBL89581,Kd,7.8
2283263,CCCOc1cc2c(cc1\C(=C/C=C/C(=C/C(=O)O)/C)\C)C(C)(C)CCC2(C)C,CHEMBL109581,Ki,7.85
2283230,C\C(=C/C(=O)O)\C=C\c1ccoc1\C=C\C2=C(C)CCCC2(C)C,CHEMBL347411,Kd,7.85
2283252,Cc1cc2c(cc1\C(=N\OCC#N)\c3ccc(cc3)C(=O)O)C(C)(C)CCC2(C)C,CHEMBL164902,Ki,7.85
2283329,C\C(=C/C(=O)O)\C=C\C(=C(\C)/c1cc(cc(c1OCC(F)F)C(C)(C)C)C(C)(C)C)\F,CHEMBL111217,Ki,7.88
2283208,C\C(=C/C(=O)O)\C=C\C(=C(\C)/c1cc(cc(c1OCC(F)(F)F)C(C)(C)C)C(C)(C)C)\F,CHEMBL335242,Ki,7.91
2283340,CCOc1c(cc(cc1c2cccc3sc(cc23)\C(=C\C(=O)O)\C)C(C)C)C(C)C,CHEMBL41890,Ki,7.92
2282949,Cc1cc2c(cc1C3(CC3)c4ccc(cn4)C(=O)O)C(C)(C)CCC2(C)C,CHEMBL288436,Ki,7.92
2283197,CC(C)c1cc(cc(\C(=C/C=C/C(=C/C(=O)O)/C)\C)c1OCC(F)F)c2ccccc2F,CHEMBL422088,Ki,7.96
2283059,CC(C)c1cc2c(cc1\C(=C\c3ccc(cc3)C(=O)O)\C)C(C)(C)CCC2(C)C,CHEMBL424636,IC50,8.0
2283296,CCCN(C\C=C\C(=C\C(=O)O)\C)c1cc(cc2c1CCC2(C)C)C(C)(C)C,CHEMBL208316,Ki,8.0
2283070,CCc1cc2c(cc1\C(=C\c3ccc(cc3)C(=O)O)\C)C(C)(C)CCC2(C)C,CHEMBL284937,IC50,8.0
2283351,C\C(=C/C(=O)O)\C=C\C=C(/C)\c1cc(cc(c1)C(C)(C)C)C(C)(C)C,CHEMBL89241,Ki,8.03
2283428,COc1cc2c(cc1\C(=C/C=C/C(=C/C(=O)O)/C)\C)C(C)(C)CCC2(C)C,CHEMBL111589,EC50,8.05
2283417,CO\N=C(/c1ccc(cc1)C(=O)O)\c2cc3c(cc2C)C(C)(C)CCC3(C)C,CHEMBL423465,Ki,8.1
4368936,C\C(=C/C(=O)O)\C=C\CC1(CC1)c2ccc3c(c2)C(C)(C)CCC3(C)C,CHEMBL89331,Kd,8.1
2283395,CCOc1c(cc(cc1\C(=C/C=C/C(=C/C(=O)O)/C)\C)C(F)(F)C(F)(F)F)C(C)C,CHEMBL133896,Ki,8.11
2283450,C\C(=C/C(=O)O)\C=C\C1(CC1)c2ccc3c(c2)C(C)(C)CCC3(C)C,CHEMBL93518,Ki,8.22
4478452,C\C(=C/C(=O)O)\C=C\CC1(CCCC1)c2ccc3c(c2)C(C)(C)CCC3(C)C,CHEMBL90674,Kd,8.22
2283530,CC(C)c1cc(cc(\C(=C/C=C/C(=C/C(=O)O)/C)\C)c1OCC(F)F)c2ccc(F)cc2,CHEMBL133915,Ki,8.25
2283541,CC(C)c1cc(cc(\C(=C/C=C/C(=C/C(=O)O)/C)\C)c1OCC(F)F)c2cccs2,CHEMBL130374,Ki,8.25
2283520,C\C(=C/C(=O)O)\C=C\C1(CC1)c2cc3c(cc2C)C(C)(C)CCC3(C)C,CHEMBL92284,Ki,8.3
2283482,Cc1cc2c(cc1\C(=N\O)\c3ccc(cc3)C(=O)O)C(C)(C)CCC2(C)C,CHEMBL162334,Ki,8.3
2283553,C\C(=C/C(=O)O)\C=C\[C@@H]1C[C@]1(C)c2ccc3c(c2)C(C)(C)CCC3(C)C,CHEMBL75133,Kd,8.42
2283439,CC(C)c1cc(cc(\C(=C/C=C/C(=C/C(=O)O)/C)\C)c1OCC(F)F)c2cccc(F)c2,CHEMBL130232,Ki,8.54
2283574,CC(C)c1cc(cc(\C(=C/C=C/C(=C/C(=O)O)/C)\C)c1OCC(F)F)c2cc(F)cc(F)c2,CHEMBL337393,Ki,8.55
2283092,CC1(C)CCC(C)(C)c2cc(ccc12)C(=C)c3ccc(cc3)C(=O)O,CHEMBL96184,EC50,8.7
2283498,C\C(=C/C=C/C(=C/C(=O)O)/C)\C=C\C1=C(C)CCCC1(C)C,tretinoin,EC50,8.7
2283564,C\C(=C/C(=O)O)\C=C\C1CC1(C)c2ccc3c(c2)C(C)(C)CCC3(C)C,CHEMBL69091,Kd,8.75
