id,smiles,name,assay_type,activity_value
5793807,N[C@@H](CC1=CC(I)=C(OC2=CC(I)=C(O)C(I)=C2)C(I)=C1)C(O)=O,levothyroxine,N/A,N/A
5793817,N[C@@H](CC1=CC(I)=C(OC2=CC(I)=C(O)C=C2)C(I)=C1)C(O)=O,liothyronine,Kd,10.24
5793827,N[C@H](CC1=CC(I)=C(OC2=CC(I)=C(O)C(I)=C2)C(I)=C1)C(O)=O,dextrothyroxine,N/A,N/A
5793855,CC(C)c1cc(Cn2c(C)c(CCCCC(=O)O)c3ccccc23)ccc1O,CHEMBL3126376,EC50,7.0
5793866,OC(=O)CCc1cc(Br)c(OCc2cccc(Br)c2)c(Br)c1,CHEMBL250104,IC50,7.0
5793877,OC(=O)Cc1cc(Cl)c(Oc2ccc(O)c(c2)c3cccc(OC(F)(F)F)c3)c(Cl)c1,CHEMBL236438,IC50,7.0
5793888,OC(=O)Cc1cc(Cl)c(c(Cl)c1)c2cccc3c(Br)c(O)ccc23,CHEMBL195079,IC50,7.0
5793899,COc1ccccc1CCNC(=O)c2cc(Oc3c(Br)cc(CC(=O)O)cc3Br)ccc2O,CHEMBL392925,IC50,7.02
5793910,CC(C)c1cc(Cc2c(C)cc(OCC(=O)O)cc2C)cc(C#Cc3ccc(cc3)[N+](=O)[O-])c1O,CHEMBL109279,Kd,7.03
5793921,COc1cccc(CCNC(=O)c2cc(Oc3c(Br)cc(CC(=O)O)cc3Br)ccc2O)c1,CHEMBL238178,IC50,7.03
5793932,Cc1cc(NC(=O)CC(=O)O)c2CCCc2c1Oc3ccc(O)c(CC4=NNC(=O)C=C4)c3,CHEMBL2312262,Ki,7.04
5793943,Cc1cn(Cc2ccc(O)c(c2)c3ccccc3)c4ccc(OCC(=O)O)cc14,CHEMBL3397346,Ki,7.05
5793954,CC(C)[C@H](NC(=O)Cc1cc(Br)c(Oc2cc(F)c(O)c(c2)C(C)C)c(Br)c1)C(=O)O,CHEMBL236499,IC50,7.06
5793965,CCc1cc(Oc2c(I)cc(CC3NC(=O)NC3=O)cc2I)ccc1O,CHEMBL264153,EC50,7.06
5793976,OC(=O)Cc1cc(Br)c(Oc2ccc(O)c(c2)C(=O)NCc3ccccc3)c(Br)c1,CHEMBL249445,IC50,7.07
5793987,CC(C)c1cc(Oc2c(Br)cc(CC(=O)N[C@H](C)C(=O)O)cc2Br)ccc1O,CHEMBL440975,IC50,7.08
5793998,COc1cc(Oc2c(I)cc(CC3NC(=O)NC3=O)cc2I)ccc1O,CHEMBL264410,Kd,7.09
5794009,CCNc1cccc(COc2c(Br)cc(CCC(=O)O)cc2Br)c1,CHEMBL250308,IC50,7.11
5794020,CC(C)c1cc(Oc2c(Br)cc(NC(=O)CC(=O)O)c3CCCc23)ccc1O,CHEMBL2035879,Ki,7.16
5794031,CCc1cc(Cc2c(C)cc(OCP(=O)(O)O)cc2C)ccc1O,CHEMBL485928,Ki,7.21
5794042,OC(=O)CCC(=O)Nc1cc(Cl)c(c(Cl)c1)c2cccc3c(Br)c(O)ccc23,CHEMBL372428,IC50,7.21
5794053,OC(=O)Cc1cc(Br)c(Oc2ccc(O)c(Oc3cccc(c3)C(F)(F)F)c2)c(Br)c1,CHEMBL235384,IC50,7.3
5794064,Cc1c(O)ccc2c(cccc12)c3c(Cl)cc(NC(=O)O)cc3Cl,CHEMBL193615,IC50,7.32
5794075,Cc1cn(Cc2ccc(O)c(CC3CCCCC3)c2)c4ccc(OCC(=O)O)cc14,CHEMBL3397345,Ki,7.33
5794090,CC(C)c1cc(Cc2c(C)cc(OCC(=O)O)cc2C)ccc1O,CHEMBL107400,EC50,7.35
5794101,Oc1ccc(Oc2c(I)cc(CC3NC(=O)NC3=O)cc2I)cc1Br,CHEMBL258886,EC50,7.36
5794112,CC(C)c1cc(Oc2c(Br)cc(CCP(=O)(O)O)cc2Br)ccc1O,CHEMBL486359,Ki,7.38
5794123,Cc1cc(Oc2c(I)cc(CC3NC(=O)NC3=O)cc2I)ccc1O,CHEMBL264152,Kd,7.38
5794134,CCOC(=O)C(=O)Nc1cc(C)c(Oc2ccc(O)c(c2)C(O)c3ccc(F)cc3)c(C)c1,CHEMBL159682,Ki,7.4
5794145,OC(=O)Cc1cc(Cl)c(Oc2ccc(O)c(c2)c3cccc(c3)C(F)(F)F)c(Cl)c1,CHEMBL442243,IC50,7.4
5794156,CC(C)c1cc(Cn2c(C)c(CCC(=O)O)c3ccccc23)ccc1O,CHEMBL3126374,EC50,7.41
5794167,Oc1ccc(Oc2c(I)cc(CC3NC(=O)NC3=O)cc2I)cc1C4CC4,CHEMBL260482,EC50,7.41
5794178,CC(C)c1cc(Oc2c(Br)cc3CC(Cc3c2Br)C(=O)O)ccc1O,CHEMBL203828,IC50,7.42
5794189,CC(C)c1cc(Oc2c(Br)cc3NC(Cc3c2Br)C(=O)O)ccc1O,CHEMBL401392,IC50,7.42
5794200,CC(C)c1cc(Oc2c(Br)cc(CCC(=O)O)cc2Br)cc(\C=C\c3ccncc3)c1O,CHEMBL217221,IC50,7.44
5794211,Cc1cn(Cc2ccc(O)c(Cc3ccccc3)c2)c4ccc(OCC(=O)O)cc14,CHEMBL3397343,Ki,7.44
5794223,CC(C)c1cc(Cc2c(C)cc(OCP(=O)(O)O)cc2C)ccc1O,CHEMBL471488,Ki,7.45
5794234,CC(C)c1cc(Oc2c(I)cc(CC3NC(=O)NC3=O)cc2I)ccc1O,CHEMBL263630,EC50,7.47
5794245,Cc1cn(Cc2ccc(O)c(c2)C3CCCC3)c4ccc(OCC(=O)O)cc14,CHEMBL3397344,Ki,7.49
5794256,CCC(C)c1cc(Cc2c(C)cc(OCP(=O)(O)O)cc2C)ccc1O,CHEMBL448595,Ki,7.52
5794267,Cc1cc(NC(=O)CC(=O)O)c2CCCc2c1Oc3ccc(O)c(Cc4ccc(F)cc4)c3,CHEMBL2312281,Ki,7.52
5794278,OC(=O)Cc1cc(Cl)c(Oc2ccc(O)c(c2)c3cccc(OC(F)F)c3)c(Cl)c1,CHEMBL236436,IC50,7.52
5794289,CC(C)c1cc(Cc2c(C)cc(NCP(=O)(O)O)cc2C)ccc1O,CHEMBL485758,Ki,7.55
5794300,CC(C)c1cc(Oc2c(Br)cc(CC(=O)NCC(=O)O)cc2Br)ccc1O,CHEMBL236080,IC50,7.59
5794315,CC(C)c1cc(Oc2c(Cl)cc(CC(=O)O)cc2Cl)ccc1O,CHEMBL41036,IC50,7.6
5794326,CC(C)c1cc(Oc2c(Cl)cc(NC(=O)CC(=O)O)c(Cl)c2Cl)ccc1O,CHEMBL2035876,Ki,7.61
5794337,Oc1ccc(Oc2c(I)cc(CC3NC(=O)NC3=O)cc2I)cc1I,CHEMBL259096,Kd,7.62
5794349,Oc1ccc(Oc2c(Cl)cc(cc2Cl)N3N=CC(=O)NC3=O)cc1C(=O)N4CCCCC4,CHEMBL125242,Ki,7.7
5794360,OC(=O)CNc1cc(Cl)c(c(Cl)c1)c2cccc3c(Br)c(O)ccc23,CHEMBL193864,IC50,7.72
5794371,CC(C)c1cc(Oc2c(Br)cc(OCP(=O)(O)O)cc2Br)ccc1O,CHEMBL457527,Ki,7.73
5794382,OC(=O)Cc1cc(Br)c(Oc2ccc(O)c(c2)C(=O)NCC(c3ccccc3)c4ccccc4)c(Br)c1,CHEMBL235177,IC50,7.74
5794393,OC(=O)Cc1cc(Cl)c(Oc2ccc(O)c(c2)c3ccccc3C(F)(F)F)c(Cl)c1,CHEMBL442280,IC50,7.74
5794404,OC(=O)Cc1cc(Cl)c(Oc2ccc(O)c(c2)C(=O)NCC(c3ccccc3)c4ccccc4)c(Cl)c1,CHEMBL2203702,EC50,7.75
5794415,CC(C)c1cc(Oc2c(Br)cc(CC3NC(=O)NC3=O)cc2Br)ccc1O,CHEMBL263631,Kd,7.77
5794426,CC(C)c1cc(Cn2c(C)cc3cc(OCC(=O)O)ccc23)ccc1O,CHEMBL3397334,Ki,7.79
5794437,Oc1ccc(Oc2c(I)cc(CP(=O)(O)O)cc2I)cc1I,CHEMBL459148,Ki,7.8
5794448,OC(=O)Cc1cc(Br)c(Oc2ccc(O)c(c2)C(=O)NCCc3ccccc3)c(Br)c1,CHEMBL235609,IC50,7.82
5794459,COc1ccc2c(cccc2c1C(C)C)c3c(Cl)cc(NC(=O)CC(=O)O)cc3Cl,CHEMBL196642,IC50,7.85
5794470,CC(C)c1cc(Cn2ccc3cc(OCC(=O)O)ccc23)ccc1O,CHEMBL3397333,Ki,7.87
5794481,CCc1cccc(c1)c2cc(Oc3c(Cl)cc(CC(=O)O)cc3Cl)ccc2O,CHEMBL251456,IC50,7.89
5794492,OC(=O)CCNc1cc(Cl)c(c(Cl)c1)c2cccc3c(Br)c(O)ccc23,CHEMBL198875,IC50,7.89
5794504,CC1(C)C2CCC(NC(=O)c3cc(Oc4c(Cl)cc(cc4Cl)N5N=CC(=O)NC5=O)ccc3O)C1C2,CHEMBL124205,EC50,7.92
5794515,CC(C)c1cc(Oc2c(Br)cc(NCP(=O)(O)O)cc2Br)ccc1O,CHEMBL511862,Ki,7.99
5794526,CC(C)c1cc(Oc2c(Br)cc(CC(=O)N[C@@H](C)C(=O)O)cc2Br)ccc1O,CHEMBL391367,IC50,8.0
5794537,Cc1cn(Cc2ccc(O)c(c2)C(C)(C)C)c3ccc(OCC(=O)O)cc13,CHEMBL3397342,Ki,8.0
5794551,CC(C)[C@@H](NC(=O)Cc1cc(Br)c(Oc2ccc(O)c(c2)C(C)C)c(Br)c1)C(=O)O,CHEMBL391512,IC50,8.01
5794563,CC(C)c1cc(Oc2c(Br)cc(cc2Br)C(=O)O)ccc1O,CHEMBL289965,IC50,8.01
5794574,CC(C)c1cc(Oc2c(Br)cc(NC(=O)CC(=O)O)cc2Br)ccc1O,CHEMBL2035874,Ki,8.02
5794585,N[C@@H](Cc1cc(Br)c(Oc2ccc(O)c(Cc3ccc(O)nn3)c2)c(Br)c1)C(=O)O,CHEMBL163228,Ki,8.06
5794596,CC(C)c1cc(Oc2c(C)cc(C[C@H](N)C(=O)O)cc2C)ccc1O,CHEMBL105983,Kd,8.07
5794607,Oc1ccc(Oc2c(Cl)cc(cc2Cl)N3N=CC(=O)NC3=O)cc1Cc4ccc(F)cc4,CHEMBL594024,Ki,8.1
5794618,CC(C)c1cc(Cn2cc(C)c3cc(OCC(=O)O)ccc23)ccc1O,CHEMBL3397335,Ki,8.11
5794629,CC(C)c1cc(Oc2c(Br)cc(CC(=O)N[C@H](C(=O)O)c3ccccc3)cc2Br)ccc1O,CHEMBL236290,IC50,8.13
5794640,CC(C)c1cc(Oc2c(Br)cc(CC(=O)N[C@@H](C(=O)O)c3ccccc3)cc2Br)ccc1O,CHEMBL236291,IC50,8.26
5794651,OC(=O)C(=O)Nc1cc(Cl)c(c(Cl)c1)c2cccc3c(Br)c(O)ccc23,CHEMBL198367,IC50,8.27
5794662,CCCCCc1ccc(cc1)C#Cc2cc(Cc3c(C)cc(OCC(=O)O)cc3C)cc(C(C)C)c2O,CHEMBL109430,Kd,8.28
5794673,CC(C)[C@H](NC(=O)Cc1cc(Br)c(Oc2ccc(O)c(c2)C(C)C)c(Br)c1)C(=O)O,CHEMBL236289,IC50,8.37
5794684,OC(=O)CC(=O)Nc1cc(Cl)c(c(Cl)c1)c2cccc3c(Br)c(O)ccc23,CHEMBL194242,IC50,8.37
5794695,CC(C)c1cc(Oc2c(I)cc(OCP(=O)(O)O)cc2I)ccc1O,CHEMBL457528,Ki,8.43
5794706,Cc1cc(cc(C)c1Oc2ccc(O)c(Cc3ccc(F)cc3)c2)N4N=CC(=O)NC4=O,CHEMBL594025,Ki,8.52
5794717,CC(C)c1cc(Cn2cc(C)c3cc(OCC(=O)O)cc(C)c23)ccc1O,CHEMBL3397340,Ki,8.56
5794728,CC(C)c1cc(Oc2c(Br)cc3[nH]c(cc3c2Br)C(=O)O)ccc1O,CHEMBL425939,IC50,8.6
5794739,CC(C)c1cc(Oc2c(C)cc(NC(=O)C(=O)O)c3CCCc23)ccc1O,CHEMBL2035881,Ki,8.61
5794750,CC(C)c1cc(Oc2c(C)cc(OCC(=O)O)cc2C)ccc1O,CHEMBL419016,Kd,8.62
5794761,Cc1cc(NC(=O)CC(=O)O)cc(Cl)c1Oc2ccc(O)c(c2)S(=O)(=O)CC3CCC3,CHEMBL594047,Ki,8.68
5794772,CC(C)c1cc(Cn2c(C)cc3cc(OCC(=O)O)cc(C)c23)ccc1O,CHEMBL3397338,Ki,8.69
5794783,CC(C)c1cc(Cc2c(C)cc(C[C@H](N)C(=O)O)cc2C)ccc1O,CHEMBL110335,Kd,8.7
5794794,CC(C)c1cc(Oc2c(I)cc(CP(=O)(O)O)cc2I)ccc1O,CHEMBL512383,Ki,8.74
5794806,CC(C)c1cc(Oc2c(Br)cc(CC(=O)O)cc2Br)ccc1O,CHEMBL39174,IC50,8.81
5794817,CC(C)c1cc(Oc2c(Cl)cc3[nH]c(cc3c2Cl)C(=O)O)ccc1O,CHEMBL203777,IC50,8.85
5794828,CC(C)c1cc(Cn2ccc3cc(OCC(=O)O)cc(C)c23)ccc1O,CHEMBL3397336,Ki,8.96
5794840,CC(C)c1cc(Oc2c(Cl)cc(CCC(=O)O)cc2Cl)ccc1O,CHEMBL418432,IC50,9.12
5794851,CC(C)c1cc(Cc2c(C)cc(CCC(=O)O)cc2C)ccc1O,CHEMBL322361,Kd,9.16
5794862,Cc1cc(NC(=O)C(=O)O)cc(C)c1Oc2ccc(O)c3CCCc23,CHEMBL608990,Ki,9.16
5794873,CC(C)c1cc(Cn2cc(C)c3cc(OCC(=O)O)cc(Cl)c23)ccc1O,CHEMBL3397341,Ki,9.29
5794884,CC(C)c1cc(Oc2c(C)cc(NC(=O)C(=O)O)cc2C)ccc1O,CHEMBL46882,Ki,9.29
5794895,CC(C)c1cc(Cn2c(C)cc3cc(OCC(=O)O)cc(Cl)c23)ccc1O,CHEMBL3397339,Ki,9.42
5794906,CC(C)c1cc(Cn2ccc3cc(OCC(=O)O)cc(Cl)c23)ccc1O,CHEMBL3397337,Ki,9.46
5794918,N[C@H](Cc1cc(I)c(Oc2ccc(O)c(I)c2)c(I)c1)C(=O)O,CHEMBL557,IC50,9.62
5794930,CC(C)c1cc(Oc2c(I)cc(C[C@@H](N)C(=O)O)cc2I)ccc1O,CHEMBL41314,IC50,9.85
5794942,OC(=O)Cc1cc(I)c(Oc2ccc(O)c(I)c2)c(I)c1,CHEMBL41632,IC50,9.85
5794954,CC(C)c1cc(Oc2c(Br)cc(CCC(=O)O)cc2Br)ccc1O,CHEMBL289343,IC50,10.0
5795071,OC(=O)CCc1cc(I)c(Oc2ccc(O)c(I)c2)c(I)c1,CHEMBL291053,IC50,10.39
