id,smiles,name,assay_type,activity_value
5793807,N[C@@H](CC1=CC(I)=C(OC2=CC(I)=C(O)C(I)=C2)C(I)=C1)C(O)=O,levothyroxine,IC50,8.52000046
5793817,N[C@@H](CC1=CC(I)=C(OC2=CC(I)=C(O)C=C2)C(I)=C1)C(O)=O,liothyronine,Ki,10.1
5793827,N[C@H](CC1=CC(I)=C(OC2=CC(I)=C(O)C(I)=C2)C(I)=C1)C(O)=O,dextrothyroxine,N/A,N/A
5794167,Oc1ccc(Oc2c(I)cc(CC3NC(=O)NC3=O)cc2I)cc1C4CC4,CHEMBL260482,EC50,7.0
5796148,CC(C)C1=CC(=NNC1=O)Cc2c(Cl)cc(cc2Cl)N3N=CC(=O)NC3=O,CHEMBL3261336,EC50,7.05
5796159,CC(C)c1cc(Cc2c(C)cc(OCC(=O)O)cc2C)cc(C#Cc3ccc(N)cc3)c1O,CHEMBL110158,Kd,7.05
5796170,CC(C)c1cc(ccc1O)C(CC=C)c2c(C)cc(OCC(=O)O)cc2C,CHEMBL97613,Kd,7.05
5796181,Cc1cc(Cc2c(C)cc(OCP(=O)(O)O)cc2C)ccc1O,CHEMBL485927,Ki,7.05
5796192,CC(C)c1cc(Cc2c(C)cc(OCCP(=O)(O)O)cc2C)ccc1O,CHEMBL447378,Ki,7.06
5796203,CCN(CC)c1cccc(COc2c(Br)cc(CCC(=O)O)cc2Br)c1,CHEMBL250513,IC50,7.06
5796214,CCOc1ccc2c(ccnc2c1)c3c4CCCn4nc3c5cccc(C)n5,CHEMBL120587,IC50,7.06
5796225,OC(=O)Cc1cc(Cl)c(Oc2ccc(O)c(c2)c3ccc(O)cc3)c(Cl)c1,CHEMBL236864,IC50,7.06
5796236,OC(=O)Cc1cc(Br)c(Oc2ccc(O)c(Oc3ccccc3O)c2)c(Br)c1,CHEMBL235166,IC50,7.08
5796247,Cc1cc(NC(=O)CC(=O)O)c2CCCc2c1Oc3ccc(O)c(CCc4cccc(O)c4)c3,CHEMBL2312274,Ki,7.09
5796258,Cc1cccc(n1)c2nn3CCCc3c2c4ccnc5ccccc45,CHEMBL119976,IC50,7.11
5796270,Cc1cc(cc(Cl)c1Oc2ccc(O)c(c2)S(=O)(=O)N3CCOCC3)N4N=CC(=O)NC4=O,CHEMBL124145,IC50,7.12
5796281,OC(=O)Cc1cc(Cl)c(Oc2ccc(O)c(c2)c3cccc(O)c3)c(Cl)c1,CHEMBL236863,IC50,7.12
5796292,CCc1cccc(n1)c2nn3CCCc3c2c4ccnc5ccccc45,CHEMBL122583,IC50,7.15
5796303,OC(=O)Cc1cc(Br)c(Oc2ccc(O)c(c2)C(=O)NCCc3ccccn3)c(Br)c1,CHEMBL238179,IC50,7.17
5796314,OC(=O)Cc1cc(Cl)c(Oc2ccc(O)c(c2)c3ccc(cc3)C(F)(F)F)c(Cl)c1,CHEMBL398571,IC50,7.17
5796325,OC(=O)Cc1cc(Cl)c(Oc2ccc(O)c(c2)c3cncnc3)c(Cl)c1,CHEMBL237936,IC50,7.17
5794101,Oc1ccc(Oc2c(I)cc(CC3NC(=O)NC3=O)cc2I)cc1Br,CHEMBL258886,Kd,7.17
5793855,CC(C)c1cc(Cn2c(C)c(CCCCC(=O)O)c3ccccc23)ccc1O,CHEMBL3126376,EC50,7.21
5796341,Oc1ccc(Oc2c(Cl)cc(cc2Cl)N3N=CC(=O)NC3=O)cc1S(=O)(=O)N4C5CCC4CC6(CCCO6)C5,CHEMBL125946,EC50,7.21
5793866,OC(=O)CCc1cc(Br)c(OCc2cccc(Br)c2)c(Br)c1,CHEMBL250104,IC50,7.22
5796354,OC(=O)Cc1cc(Br)c(Oc2ccc(O)c(Oc3cccc(c3)c4ccccc4)c2)c(Br)c1,CHEMBL394199,IC50,7.22
5796365,CC(C)c1cc(ccc1O)C(=O)c2c(C)cc(NC(=O)CC(=O)O)c3CCCc23,CHEMBL2035885,Ki,7.23
5794234,CC(C)c1cc(Oc2c(I)cc(CC3NC(=O)NC3=O)cc2I)ccc1O,CHEMBL263630,EC50,7.24
5796378,Cc1cc(NC(=O)CC(=O)O)c2CCCc2c1Oc3ccc(O)c(CCc4ccc(O)cc4)c3,CHEMBL2312275,Ki,7.24
5796389,CC(C)c1cc(Cn2ccc3c(NC(=O)C(=O)O)ccc(C)c23)ccc1O,CHEMBL3126369,IC50,7.27
5796400,CCc1cc(Oc2c(C)cc(NC(=O)CC(=O)O)c3CCCc23)ccc1O,CHEMBL2312277,Ki,7.27
5796411,Cc1cc(NC(=O)CC(=O)O)c2CCCc2c1Oc3ccc(O)c(CCc4ccccc4O)c3,CHEMBL2312273,Ki,7.27
5796422,Clc1ccc2c(ccnc2c1)c3c4CCCn4nc3c5ccccn5,CHEMBL121554,IC50,7.27
5796433,CC(C)c1cc(Oc2c(Cl)cc(CP(=O)(O)O)cc2Cl)ccc1O,CHEMBL486358,Ki,7.28
5794123,Cc1cc(Oc2c(I)cc(CC3NC(=O)NC3=O)cc2I)ccc1O,CHEMBL264152,Kd,7.28
5796446,CC(C)c1cc(Oc2c(Br)cc3nc(cc(O)c3c2Br)C(=O)O)ccc1O,CHEMBL378593,IC50,7.29
5796457,OC(=O)Cc1cc(Cl)c(Oc2ccc(O)c(c2)c3ccccc3O)c(Cl)c1,CHEMBL236648,IC50,7.3
5796468,Cc1cccc(n1)c2nn3CCCc3c2c4ccnc5cc(Cl)ccc45,CHEMBL332344,IC50,7.32
5796479,CCCC(C)C(=O)Nc1ccc(Oc2c(Cl)cc(CC(=O)O)cc2Cl)cc1Br,CHEMBL205171,IC50,7.33
5796490,Cc1cccc(n1)c2nn3CCCc3c2c4ccc(O)cc4,CHEMBL330814,IC50,7.33
5796501,OC(=O)Cc1cc(Br)c(Oc2ccc(O)c(Oc3cccc(O)c3)c2)c(Br)c1,CHEMBL235385,IC50,7.33
5796512,CCCC(CCC)C(=O)Nc1ccc(Oc2c(Cl)cc(CC(=O)O)cc2Cl)cc1Br,CHEMBL202336,IC50,7.35
5796523,CC(C)c1cc(Oc2c(C)cc(SCP(=O)(O)O)cc2C)ccc1O,CHEMBL458784,Ki,7.38
5796534,Cc1cc(NC(=O)CC(=O)O)c2CCCc2c1Oc3ccc(O)c(CCc4cccc(Cl)c4)c3,CHEMBL2312271,Ki,7.39
5796545,OC(=O)Cc1cc(Cl)c(Oc2ccc(O)c(c2)c3cccnc3)c(Cl)c1,CHEMBL237722,IC50,7.39
5796556,CC(C)C1=CC(=NN(C)C1=O)Oc2c(Cl)cc(cc2Cl)N3N=C(C#N)C(=O)NC3=O,CHEMBL3261333,EC50,7.4
5796567,CC(C)Cc1cc(Oc2c(C)cc(NC(=O)CC(=O)O)c3CCCc23)ccc1O,CHEMBL2312278,Ki,7.4
5796578,CC(C)c1cc(Cn2c(C)cc3c(NC(=O)C(=O)O)cccc23)ccc1O,CHEMBL3126367,IC50,7.4
5796589,Cc1cc(NC(=O)CC(=O)O)c2CCCc2c1Oc3ccc(O)c(CCc4ccc(Cl)cc4)c3,CHEMBL2312272,Ki,7.4
5796600,Cc1cc(NC(=O)CC(=O)O)c2CCCc2c1Oc3ccc(O)c(CCc4ccccc4)c3,CHEMBL2312263,Ki,7.4
5796611,CC(C)c1cc(Cc2c(C)cc(OCC(=O)O)cc2C)cc(C#Cc3ccccc3)c1O,CHEMBL111953,Kd,7.43
5794156,CC(C)c1cc(Cn2c(C)c(CCC(=O)O)c3ccccc23)ccc1O,CHEMBL3126374,EC50,7.43
5796624,CC(C)c1cc(Cn2c(C)c(CCCC(=O)O)c3ccccc23)ccc1O,CHEMBL3126375,EC50,7.43
5796635,COc1ccc(CCNC(=O)c2cc(Oc3c(Br)cc(CC(=O)O)cc3Br)ccc2O)cc1,CHEMBL237958,IC50,7.43
5794382,OC(=O)Cc1cc(Br)c(Oc2ccc(O)c(c2)C(=O)NCC(c3ccccc3)c4ccccc4)c(Br)c1,CHEMBL235177,IC50,7.43
5796648,CC(C)c1cc(Oc2c(C)cc(NC(=O)P(=O)(O)O)cc2C)ccc1O,CHEMBL505084,Ki,7.44
5794337,Oc1ccc(Oc2c(I)cc(CC3NC(=O)NC3=O)cc2I)cc1I,CHEMBL259096,Kd,7.44
5796661,OC(=O)Cc1cc(Br)c(Oc2ccc(O)c(c2)C(=O)Nc3ccccc3)c(Br)c1,CHEMBL235608,IC50,7.45
5796672,CC(C)c1cc(Cc2c(C)cc(OCC(=O)O)cc2C)cc(c1O)c3ccc(cc3)[N+](=O)[O-],CHEMBL112087,Kd,7.46
5796683,CC(C)CCc1cc(Oc2c(C)cc(NC(=O)CC(=O)O)c3CCCc23)ccc1O,CHEMBL2312279,Ki,7.5
5796694,CC(C)c1cc(Cc2c(C)cc(CCP(=O)(O)O)cc2C)ccc1O,CHEMBL519215,Ki,7.5
5794415,CC(C)c1cc(Oc2c(Br)cc(CC3NC(=O)NC3=O)cc2Br)ccc1O,CHEMBL263631,EC50,7.5
5796707,CC(C)c1cc(Oc2c(Cl)cc(NCP(=O)(O)O)cc2Cl)ccc1O,CHEMBL516330,Ki,7.52
5796718,Cc1cc(NC(=O)CC(=O)O)c2CCCc2c1Oc3ccc(O)c(CCc4ccccc4Cl)c3,CHEMBL2312270,Ki,7.52
5796729,OC(=O)Nc1cc(Cl)c(c(Cl)c1)c2cccc3c(c(O)ccc23)c4ccccc4,CHEMBL196613,IC50,7.54
5796740,OC(=O)Cc1cc(Cl)c(Oc2ccc(O)c(c2)c3nccs3)c(Cl)c1,CHEMBL235164,IC50,7.55
5793965,CCc1cc(Oc2c(I)cc(CC3NC(=O)NC3=O)cc2I)ccc1O,CHEMBL264153,EC50,7.57
5796753,CC(C)c1cc(Oc2c(Br)cc(CC(=O)N[C@H](CC(=O)O)C(=O)O)cc2Br)ccc1O,CHEMBL236498,IC50,7.59
5794437,Oc1ccc(Oc2c(I)cc(CP(=O)(O)O)cc2I)cc1I,CHEMBL459148,Ki,7.59
5796766,CC(C)c1cc(Oc2c(C)cc(OCP(=O)(O)O)cc2C)ccc1O,CHEMBL457529,Ki,7.6
5794315,CC(C)c1cc(Oc2c(Cl)cc(CC(=O)O)cc2Cl)ccc1O,CHEMBL41036,EC50,7.64
5794009,CCNc1cccc(COc2c(Br)cc(CCC(=O)O)cc2Br)c1,CHEMBL250308,IC50,7.64
5794200,CC(C)c1cc(Oc2c(Br)cc(CCC(=O)O)cc2Br)cc(\C=C\c3ccncc3)c1O,CHEMBL217221,IC50,7.66
5794042,OC(=O)CCC(=O)Nc1cc(Cl)c(c(Cl)c1)c2cccc3c(Br)c(O)ccc23,CHEMBL372428,IC50,7.66
5796786,CC(C)c1cc(Oc2c(Cl)cc(cc2Cl)C(=O)O)ccc1O,CHEMBL40738,IC50,7.68
5796797,OC(=O)Cc1cc(Cl)c(Oc2ccc(O)c(c2)c3cccc(c3)c4ccccc4)c(Cl)c1,CHEMBL442082,IC50,7.68
5796808,CC(C)c1cc(Oc2c(C)cc(NC(=O)CC(=O)O)c(C)c2C)ccc1O,CHEMBL2035877,Ki,7.69
5793910,CC(C)c1cc(Cc2c(C)cc(OCC(=O)O)cc2C)cc(C#Cc3ccc(cc3)[N+](=O)[O-])c1O,CHEMBL109279,Kd,7.7
5796821,CC(C)c1cc(Cc2c(C)cc(NC(=O)CC(=O)O)c3CCCc23)ccc1O,CHEMBL2035884,Ki,7.71
5796832,CC(C)C(=O)Nc1ccc(Oc2c(Cl)cc(CC(=O)O)cc2Cl)cc1Br,CHEMBL202940,IC50,7.74
5796843,OC(=O)Cc1cc(Br)c(Oc2ccc(O)c(c2)C(=O)NCCCCc3ccccc3)c(Br)c1,CHEMBL429078,IC50,7.74
5794090,CC(C)c1cc(Cc2c(C)cc(OCC(=O)O)cc2C)ccc1O,CHEMBL107400,EC50,7.75
5796856,Cc1cc(NC(=O)CC(=O)O)c2CCCc2c1Oc3ccc(O)c(CCC4CCCCC4)c3,CHEMBL2312280,Ki,7.77
5796867,CCC(CC)C(=O)Nc1ccc(Oc2c(Cl)cc(CC(=O)O)cc2Cl)cc1Br,CHEMBL204609,IC50,7.8
5796878,CC(C)c1cc(Oc2c(Br)cc(CP(=O)(O)O)cc2Br)ccc1O,CHEMBL519721,Ki,7.81
5796889,CC(C)c1cc(Oc2c(C)cc(C(=O)NCC(=O)O)c3CCCc23)ccc1O,CHEMBL2035882,Ki,7.82
5796900,CC(C)c1cc(Oc2c(C)cc3nc(ccc3c2C)C(=O)O)ccc1O,CHEMBL203555,IC50,7.82
5796911,CC(C)c1cc(Oc2c(Cl)cc3NC(=CC(=O)c3c2Cl)C(=O)O)ccc1O,CHEMBL250880,IC50,7.82
5793932,Cc1cc(NC(=O)CC(=O)O)c2CCCc2c1Oc3ccc(O)c(CC4=NNC(=O)C=C4)c3,CHEMBL2312262,Ki,7.85
5796926,CN1CCN(CC1)S(=O)(=O)c2cc(Oc3c(C)cc(cc3Cl)N4N=CC(=O)NC4=O)ccc2O,CHEMBL127338,Ki,7.89
5793888,OC(=O)Cc1cc(Cl)c(c(Cl)c1)c2cccc3c(Br)c(O)ccc23,CHEMBL195079,IC50,7.89
5793954,CC(C)[C@H](NC(=O)Cc1cc(Br)c(Oc2cc(F)c(O)c(c2)C(C)C)c(Br)c1)C(=O)O,CHEMBL236499,IC50,7.92
5796941,Cc1cc(NC(=O)CC(=O)O)c2CCCc2c1Oc3ccc(O)c(CCc4ccc(F)cc4F)c3,CHEMBL2312268,Ki,7.92
5796952,COc1cccc(c1)c2cc(Oc3c(Cl)cc(CC(=O)O)cc3Cl)ccc2O,CHEMBL394644,IC50,7.96
5796963,CC(C)c1cc(Oc2c(C)cc(NC(=O)CC(=O)O)cc2C)ccc1O,CHEMBL2035875,Ki,8.0
5794031,CCc1cc(Cc2c(C)cc(OCP(=O)(O)O)cc2C)ccc1O,CHEMBL485928,Ki,8.01
5796976,OC(=O)Cc1cc(Br)c(Oc2ccc(O)c(Cc3ccc(cc3)C(F)(F)F)c2)c(Br)c1,CHEMBL251090,IC50,8.02
5796987,OC(=O)Cc1cc(Br)c(Oc2ccc(O)c(Oc3ccc(cc3)C(F)(F)F)c2)c(Br)c1,CHEMBL394176,IC50,8.02
5794289,CC(C)c1cc(Cc2c(C)cc(NCP(=O)(O)O)cc2C)ccc1O,CHEMBL485758,Ki,8.04
5797000,OC(=O)Cc1cc(Cl)c(Oc2ccc(O)c(Br)c2)c(Cl)c1,CHEMBL371245,IC50,8.05
5794178,CC(C)c1cc(Oc2c(Br)cc3CC(Cc3c2Br)C(=O)O)ccc1O,CHEMBL203828,IC50,8.07
5794189,CC(C)c1cc(Oc2c(Br)cc3NC(Cc3c2Br)C(=O)O)ccc1O,CHEMBL401392,IC50,8.07
5793921,COc1cccc(CCNC(=O)c2cc(Oc3c(Br)cc(CC(=O)O)cc3Br)ccc2O)c1,CHEMBL238178,IC50,8.07
5793899,COc1ccccc1CCNC(=O)c2cc(Oc3c(Br)cc(CC(=O)O)cc3Br)ccc2O,CHEMBL392925,IC50,8.07
5797132,Cc1cc(NC(=O)CC(=O)O)c2CCCc2c1Oc3ccc(O)c(CCc4ccc(F)cc4)c3,CHEMBL2312264,Ki,8.09
5797143,Cc1cn(Cc2ccc(O)c(c2)C3CCCCC3)c4ccc(OCC(=O)O)cc14,CHEMBL3397347,Ki,8.1
5797154,CC(C)c1cc(Oc2c(C)cc(NC(=O)CC(=O)O)c3CCCc23)ccc1O,CHEMBL2035878,Ki,8.11
5797165,OC(=O)Cc1cc(Cl)c(Oc2ccc(O)c(c2)C3CCCCC3)c(Cl)c1,CHEMBL396304,IC50,8.11
5797176,OC(=O)Cc1cc(Br)c(Oc2ccc(O)c(Oc3ccccc3C(F)(F)F)c2)c(Br)c1,CHEMBL235383,IC50,8.12
5794064,Cc1c(O)ccc2c(cccc12)c3c(Cl)cc(NC(=O)O)cc3Cl,CHEMBL193615,IC50,8.14
5797189,OC(=O)Cc1cc(Br)c(Oc2ccc(O)c(c2)C(=O)NCCCc3ccccc3)c(Br)c1,CHEMBL235816,IC50,8.17
5794256,CCC(C)c1cc(Cc2c(C)cc(OCP(=O)(O)O)cc2C)ccc1O,CHEMBL448595,Ki,8.18
5794596,CC(C)c1cc(Oc2c(C)cc(C[C@H](N)C(=O)O)cc2C)ccc1O,CHEMBL105983,Kd,8.21
5797204,Cc1cc(NC(=O)CC(=O)O)c2CCCc2c1Oc3ccc(O)c(CCc4ccc(F)c(F)c4)c3,CHEMBL2312269,Ki,8.22
5797215,OC(=O)Cc1cc(Br)c(Oc2ccc(O)c(Oc3ccc(O)cc3)c2)c(Br)c1,CHEMBL235607,IC50,8.22
5797226,OC(=O)Cc1cc(Br)c(Oc2ccc(O)c(Oc3ccccc3)c2)c(Br)c1,CHEMBL235165,IC50,8.22
5793987,CC(C)c1cc(Oc2c(Br)cc(CC(=O)N[C@H](C)C(=O)O)cc2Br)ccc1O,CHEMBL440975,IC50,8.23
5794349,Oc1ccc(Oc2c(Cl)cc(cc2Cl)N3N=CC(=O)NC3=O)cc1C(=O)N4CCCCC4,CHEMBL125242,IC50,8.28
5797241,CCC(C)C(=O)Nc1ccc(Oc2c(Cl)cc(CC(=O)O)cc2Cl)cc1Br,CHEMBL381937,IC50,8.37
5797252,OC(=O)Cc1cc(Br)c(Oc2ccc(O)c(c2)C(=O)NC(=O)c3ccccc3)c(Br)c1,CHEMBL391945,IC50,8.38
5793976,OC(=O)Cc1cc(Br)c(Oc2ccc(O)c(c2)C(=O)NCc3ccccc3)c(Br)c1,CHEMBL249445,IC50,8.38
5797265,CC(C)c1cccc(c1)c2cc(Oc3c(Cl)cc(CC(=O)O)cc3Cl)ccc2O,CHEMBL393489,IC50,8.4
5794267,Cc1cc(NC(=O)CC(=O)O)c2CCCc2c1Oc3ccc(O)c(Cc4ccc(F)cc4)c3,CHEMBL2312281,Ki,8.43
5797278,OC(=O)Cc1cc(Cl)c(Oc2ccc(O)c(c2)C(=O)NCCc3ccccc3)c(Cl)c1,CHEMBL235835,IC50,8.46
5797289,OC(=O)Cc1cc(Cl)c(Oc2ccc(O)c(c2)C(=O)NCc3ccccc3)c(Cl)c1,CHEMBL254607,IC50,8.46
5793877,OC(=O)Cc1cc(Cl)c(Oc2ccc(O)c(c2)c3cccc(OC(F)(F)F)c3)c(Cl)c1,CHEMBL236438,IC50,8.47
5794393,OC(=O)Cc1cc(Cl)c(Oc2ccc(O)c(c2)c3ccccc3C(F)(F)F)c(Cl)c1,CHEMBL442280,IC50,8.49
5793943,Cc1cn(Cc2ccc(O)c(c2)c3ccccc3)c4ccc(OCC(=O)O)cc14,CHEMBL3397346,Ki,8.5
5794223,CC(C)c1cc(Cc2c(C)cc(OCP(=O)(O)O)cc2C)ccc1O,CHEMBL471488,Ki,8.53
5797309,OC(=O)Cc1cc(Cl)c(Oc2ccc(O)c(c2)c3ccccc3)c(Cl)c1,CHEMBL235788,EC50,8.54
5794300,CC(C)c1cc(Oc2c(Br)cc(CC(=O)NCC(=O)O)cc2Br)ccc1O,CHEMBL236080,IC50,8.57
5794739,CC(C)c1cc(Oc2c(C)cc(NC(=O)C(=O)O)c3CCCc23)ccc1O,CHEMBL2035881,Ki,8.59
5794112,CC(C)c1cc(Oc2c(Br)cc(CCP(=O)(O)O)cc2Br)ccc1O,CHEMBL486359,Ki,8.6
5794371,CC(C)c1cc(Oc2c(Br)cc(OCP(=O)(O)O)cc2Br)ccc1O,CHEMBL457527,Ki,8.6
5794134,CCOC(=O)C(=O)Nc1cc(C)c(Oc2ccc(O)c(c2)C(O)c3ccc(F)cc3)c(C)c1,CHEMBL159682,Ki,8.66
5794563,CC(C)c1cc(Oc2c(Br)cc(cc2Br)C(=O)O)ccc1O,CHEMBL289965,IC50,8.68
5797332,CSc1ccc(Oc2c(C)cc(cc2C)N3N=CC(=O)NC3=O)cc1C,CHEMBL56801,Ki,8.7
5797344,Oc1ccc(Oc2c(Cl)cc(cc2Cl)N3N=CC(=O)NC3=O)cc1C(=O)N4CCOCC4,CHEMBL124819,IC50,8.7
5797355,Oc1ccc(Oc2c(Cl)cc(cc2Cl)N3N=CC(=O)NC3=O)cc1C(=O)N4CCc5ccccc5C4,CHEMBL596350,Ki,8.7
5797366,Cc1cc(cc(Cl)c1Oc2ccc(O)c(c2)C(=O)N3CCCCC3)N4N=CC(=O)NC4=O,CHEMBL340490,Ki,8.72
5794492,OC(=O)CCNc1cc(Cl)c(c(Cl)c1)c2cccc3c(Br)c(O)ccc23,CHEMBL198875,IC50,8.75
5794360,OC(=O)CNc1cc(Cl)c(c(Cl)c1)c2cccc3c(Br)c(O)ccc23,CHEMBL193864,IC50,8.75
5797382,Oc1ccc(Oc2c(Cl)cc(cc2Cl)N3N=CC(=O)NC3=O)cc1C(=O)NC4CCC4,CHEMBL124318,IC50,8.75
5794326,CC(C)c1cc(Oc2c(Cl)cc(NC(=O)CC(=O)O)c(Cl)c2Cl)ccc1O,CHEMBL2035876,Ki,8.81
5794515,CC(C)c1cc(Oc2c(Br)cc(NCP(=O)(O)O)cc2Br)ccc1O,CHEMBL511862,Ki,8.82
5794526,CC(C)c1cc(Oc2c(Br)cc(CC(=O)N[C@@H](C)C(=O)O)cc2Br)ccc1O,CHEMBL391367,IC50,8.89
5797400,Cc1cc(cc(C)c1Oc2ccc(O)c(c2)S(=O)(=O)N3CCCCC3)N4N=CC(=O)NC4=O,CHEMBL333650,IC50,8.89
5797412,Oc1ccc(Oc2c(Cl)cc(cc2Cl)N3N=CC(=O)NC3=O)cc1S(=O)(=O)NC4CCCCC4,CHEMBL340158,IC50,8.89
5794783,CC(C)c1cc(Cc2c(C)cc(C[C@H](N)C(=O)O)cc2C)ccc1O,CHEMBL110335,Kd,8.9
5794020,CC(C)c1cc(Oc2c(Br)cc(NC(=O)CC(=O)O)c3CCCc23)ccc1O,CHEMBL2035879,Ki,8.92
5794426,CC(C)c1cc(Cn2c(C)cc3cc(OCC(=O)O)ccc23)ccc1O,CHEMBL3397334,Ki,8.95
5797430,Oc1ccc(Oc2c(Cl)cc(cc2Cl)N3N=CC(=O)NC3=O)cc1S(=O)(=O)NC4CCC4,CHEMBL124039,IC50,8.95
5794075,Cc1cn(Cc2ccc(O)c(CC3CCCCC3)c2)c4ccc(OCC(=O)O)cc14,CHEMBL3397345,Ki,8.96
5794053,OC(=O)Cc1cc(Br)c(Oc2ccc(O)c(Oc3cccc(c3)C(F)(F)F)c2)c(Br)c1,CHEMBL235384,IC50,8.96
5794470,CC(C)c1cc(Cn2ccc3cc(OCC(=O)O)ccc23)ccc1O,CHEMBL3397333,Ki,8.98
5797447,CC1(C)C2CCC1(C)[C@@H](C2)NC(=O)c3cc(Oc4c(Cl)cc(cc4Cl)N5N=CC(=O)NC5=O)ccc3O,CHEMBL237529,IC50,8.99
5794695,CC(C)c1cc(Oc2c(I)cc(OCP(=O)(O)O)cc2I)ccc1O,CHEMBL457528,Ki,9.01
5794145,OC(=O)Cc1cc(Cl)c(Oc2ccc(O)c(c2)c3cccc(c3)C(F)(F)F)c(Cl)c1,CHEMBL442243,IC50,9.03
5797463,Oc1ccc(Oc2c(Cl)cc(cc2Cl)N3N=CC(=O)NC3=O)cc1S(=O)(=O)N4C5CCC4CC6(C5)OCCO6,CHEMBL125317,IC50,9.06
5794794,CC(C)c1cc(Oc2c(I)cc(CP(=O)(O)O)cc2I)ccc1O,CHEMBL512383,Ki,9.08
5794629,CC(C)c1cc(Oc2c(Br)cc(CC(=O)N[C@H](C(=O)O)c3ccccc3)cc2Br)ccc1O,CHEMBL236290,IC50,9.11
5794278,OC(=O)Cc1cc(Cl)c(Oc2ccc(O)c(c2)c3cccc(OC(F)F)c3)c(Cl)c1,CHEMBL236436,IC50,9.11
5794551,CC(C)[C@@H](NC(=O)Cc1cc(Br)c(Oc2ccc(O)c(c2)C(C)C)c(Br)c1)C(=O)O,CHEMBL391512,IC50,9.15
5794245,Cc1cn(Cc2ccc(O)c(c2)C3CCCC3)c4ccc(OCC(=O)O)cc14,CHEMBL3397344,Ki,9.19
5797484,Oc1ccc(Oc2c(Cl)cc(cc2Cl)N3N=CC(=O)NC3=O)cc1S(=O)(=O)N4CCc5ccccc45,CHEMBL237096,IC50,9.19
5794448,OC(=O)Cc1cc(Br)c(Oc2ccc(O)c(c2)C(=O)NCCc3ccccc3)c(Br)c1,CHEMBL235609,IC50,9.21
5794640,CC(C)c1cc(Oc2c(Br)cc(CC(=O)N[C@@H](C(=O)O)c3ccccc3)cc2Br)ccc1O,CHEMBL236291,IC50,9.22
5797499,Oc1ccc(Oc2c(Cl)cc(cc2Cl)N3N=CC(=O)NC3=O)cc1C(=O)N4CC5CCC4C5,CHEMBL338602,Ki,9.23
5794211,Cc1cn(Cc2ccc(O)c(Cc3ccccc3)c2)c4ccc(OCC(=O)O)cc14,CHEMBL3397343,Ki,9.27
5794662,CCCCCc1ccc(cc1)C#Cc2cc(Cc3c(C)cc(OCC(=O)O)cc3C)cc(C(C)C)c2O,CHEMBL109430,Kd,9.28
5794607,Oc1ccc(Oc2c(Cl)cc(cc2Cl)N3N=CC(=O)NC3=O)cc1Cc4ccc(F)cc4,CHEMBL594024,Ki,9.29
5794862,Cc1cc(NC(=O)C(=O)O)cc(C)c1Oc2ccc(O)c3CCCc23,CHEMBL608990,Ki,9.3
5794761,Cc1cc(NC(=O)CC(=O)O)cc(Cl)c1Oc2ccc(O)c(c2)S(=O)(=O)CC3CCC3,CHEMBL594047,Ki,9.3
5794884,CC(C)c1cc(Oc2c(C)cc(NC(=O)C(=O)O)cc2C)ccc1O,CHEMBL46882,Ki,9.33
5794404,OC(=O)Cc1cc(Cl)c(Oc2ccc(O)c(c2)C(=O)NCC(c3ccccc3)c4ccccc4)c(Cl)c1,CHEMBL2203702,EC50,9.33
5794574,CC(C)c1cc(Oc2c(Br)cc(NC(=O)CC(=O)O)cc2Br)ccc1O,CHEMBL2035874,Ki,9.37
5794706,Cc1cc(cc(C)c1Oc2ccc(O)c(Cc3ccc(F)cc3)c2)N4N=CC(=O)NC4=O,CHEMBL594025,Ki,9.4
5794618,CC(C)c1cc(Cn2cc(C)c3cc(OCC(=O)O)ccc23)ccc1O,CHEMBL3397335,Ki,9.42
5794750,CC(C)c1cc(Oc2c(C)cc(OCC(=O)O)cc2C)ccc1O,CHEMBL419016,Kd,9.44
5797533,Cc1cc(cc(Cl)c1Oc2ccc(O)c(c2)S(=O)(=O)N3CCCCC3)N4N=CC(=O)NC4=O,CHEMBL125728,IC50,9.44
5794459,COc1ccc2c(cccc2c1C(C)C)c3c(Cl)cc(NC(=O)CC(=O)O)cc3Cl,CHEMBL196642,IC50,9.52
5794537,Cc1cn(Cc2ccc(O)c(c2)C(C)(C)C)c3ccc(OCC(=O)O)cc13,CHEMBL3397342,Ki,9.52
5794651,OC(=O)C(=O)Nc1cc(Cl)c(c(Cl)c1)c2cccc3c(Br)c(O)ccc23,CHEMBL198367,IC50,9.52
5794684,OC(=O)CC(=O)Nc1cc(Cl)c(c(Cl)c1)c2cccc3c(Br)c(O)ccc23,CHEMBL194242,IC50,9.52
5794728,CC(C)c1cc(Oc2c(Br)cc3[nH]c(cc3c2Br)C(=O)O)ccc1O,CHEMBL425939,IC50,9.55
5794840,CC(C)c1cc(Oc2c(Cl)cc(CCC(=O)O)cc2Cl)ccc1O,CHEMBL418432,EC50,9.55
5797557,Oc1ccc(Oc2c(Cl)cc(cc2Cl)N3N=CC(=O)NC3=O)cc1S(=O)(=O)Nc4ccccc4,CHEMBL126693,IC50,9.55
5794673,CC(C)[C@H](NC(=O)Cc1cc(Br)c(Oc2ccc(O)c(c2)C(C)C)c(Br)c1)C(=O)O,CHEMBL236289,IC50,9.57
5794918,N[C@H](Cc1cc(I)c(Oc2ccc(O)c(I)c2)c(I)c1)C(=O)O,CHEMBL557,IC50,9.58
5794828,CC(C)c1cc(Cn2ccc3cc(OCC(=O)O)cc(C)c23)ccc1O,CHEMBL3397336,Ki,9.59
5797574,Oc1ccc(Oc2c(Cl)cc(cc2Cl)N3N=CC(=O)NC3=O)cc1S(=O)(=O)n4ccc5ccccc45,CHEMBL123920,Ki,9.64
5794851,CC(C)c1cc(Cc2c(C)cc(CCC(=O)O)cc2C)ccc1O,CHEMBL322361,Kd,9.66
5794806,CC(C)c1cc(Oc2c(Br)cc(CC(=O)O)cc2Br)ccc1O,CHEMBL39174,EC50,9.7
5794481,CCc1cccc(c1)c2cc(Oc3c(Cl)cc(CC(=O)O)cc3Cl)ccc2O,CHEMBL251456,IC50,9.7
5797592,Oc1ccc(Oc2c(Cl)cc(cc2Cl)N3N=CC(=O)NC3=O)cc1C(=O)NC4CCCCC4,CHEMBL413699,IC50,9.71
5794717,CC(C)c1cc(Cn2cc(C)c3cc(OCC(=O)O)cc(C)c23)ccc1O,CHEMBL3397340,Ki,9.75
5794504,CC1(C)C2CCC(NC(=O)c3cc(Oc4c(Cl)cc(cc4Cl)N5N=CC(=O)NC5=O)ccc3O)C1C2,CHEMBL124205,IC50,9.78
5794772,CC(C)c1cc(Cn2c(C)cc3cc(OCC(=O)O)cc(C)c23)ccc1O,CHEMBL3397338,Ki,9.85
5797609,CC(C)c1cc(Oc2c(I)cc(CC(N)C(=O)O)cc2I)ccc1O,CHEMBL235173,IC50,9.96
5794930,CC(C)c1cc(Oc2c(I)cc(C[C@@H](N)C(=O)O)cc2I)ccc1O,CHEMBL41314,IC50,9.96
5794873,CC(C)c1cc(Cn2cc(C)c3cc(OCC(=O)O)cc(Cl)c23)ccc1O,CHEMBL3397341,Ki,10.05
5794906,CC(C)c1cc(Cn2ccc3cc(OCC(=O)O)cc(Cl)c23)ccc1O,CHEMBL3397337,Ki,10.15
5794817,CC(C)c1cc(Oc2c(Cl)cc3[nH]c(cc3c2Cl)C(=O)O)ccc1O,CHEMBL203777,IC50,10.22
5797629,Oc1ccc(Oc2c(Cl)cc(cc2Cl)N3N=CC(=O)NC3=O)cc1S(=O)(=O)N4CCCCC4,CHEMBL124126,IC50,10.25
5794942,OC(=O)Cc1cc(I)c(Oc2ccc(O)c(I)c2)c(I)c1,CHEMBL41632,IC50,10.32
5794895,CC(C)c1cc(Cn2c(C)cc3cc(OCC(=O)O)cc(Cl)c23)ccc1O,CHEMBL3397339,Ki,10.4
5797644,CC(C)c1cc(Oc2c(C)cc(cc2C)N3N=CC(=O)NC3=O)ccc1O,CHEMBL125381,Ki,10.52
5794954,CC(C)c1cc(Oc2c(Br)cc(CCC(=O)O)cc2Br)ccc1O,CHEMBL289343,IC50,10.6
5795071,OC(=O)CCc1cc(I)c(Oc2ccc(O)c(I)c2)c(I)c1,CHEMBL291053,IC50,10.72
