id,smiles,name,assay_type,activity_value
2043490,COc1ccc(cc1OC)C(=O)N(CCC2CCCN2C)C\C(=C\c3ccc(F)cc3F)\C,CHEMBL2013223,Ki,7.0
2043502,COc1ccc(cc1OC)C(=O)N(CCC2CCCN2C)C\C(=C\c3cccc(F)c3)\C,CHEMBL2013227,Ki,7.0
2043513,COc1cc(cc(OC)c1OC)C(=O)N(CCC2CCCN2C)C\C(=C\c3cccc(F)c3)\C,CHEMBL2013226,Ki,7.1
2043524,COc1ccc(cc1OC)C(=O)N(CCC2CCCN2C)C\C(=C\c3ccc(F)cc3)\C,CHEMBL2013225,Ki,7.1
2043535,COc1cc(cc(OC)c1OC)C(=O)N(CCC2CCCN2C)C\C(=C\c3ccc(F)cc3)\C,CHEMBL2013224,Ki,7.3
2043546,COc1cc(cc(OC)c1OC)C(=O)N(CCC2CCCN2C)C\C(=C\c3ccc(F)cc3F)\C,CHEMBL2013222,Ki,7.5
2043557,COc1ccc(cc1OC)C(=O)N(CCC2CCCN2C)C\C(=C\c3ccccc3)\C,CHEMBL2013219,Ki,7.6
2043568,COc1ccc(cc1OC)C(=O)N(CCC2CCCN2C)C\C(=C\c3ccccc3F)\C,CHEMBL2013231,Ki,7.7
2043579,COc1cc(cc(OC)c1OC)C(=O)N(CCC2CCCN2C)C\C(=C\c3ccccc3)\C,CHEMBL2013215,Ki,7.8
2043590,COc1cc(cc(OC)c1OC)C(=O)N(CCC2CCCN2C)C\C=C(/C)\c3ccccc3,CHEMBL2013216,Ki,7.9
2043601,COc1cc(cc(OC)c1OC)C(=O)N(CCC2CCCN2C)C\C(=C\c3ccccc3F)\C,CHEMBL2013230,Ki,8.1
