id,smiles,name,assay_type,activity_value
7101012,C(C1=NCCN1)C1=CC=CC2=CC=CC=C12,naphazoline,Ki,7.67999983
1898690,CNC[C@H](O)C1=CC=C(O)C(O)=C1,epinephrine,Ki,6.55909092
212100,NC(=N)N\N=C\c1c(Cl)cccc1Cl,guanabenz,Ki,7.82390874
881885,NC[C@H](O)c1ccc(O)c(O)c1,norepinephrine,Ki,7.18
1898710,[H]C1(CCCC2=CC=CC=C12)C1=NCCN1,tetryzoline,N/A,N/A
1906025,C[C@H](c1c[nH]cn1)c2cccc(C)c2C,dexmedetomidine,EC50,8.82
1898719,N[C@@H]([C@H](O)C1=CC(O)=C(O)C=C1)C(O)=O,droxidopa,N/A,N/A
7101039,ClC1=CC=CC(Cl)=C1NC1=NCCN1,clonidine,Ki,8.42
7101049,NC1=CC(Cl)=C(NC2=NCCN2)C(Cl)=C1,apraclonidine,Ki,8.54
7101059,CC(OC1=C(Cl)C=CC=C1Cl)C1=NCCN1,lofexidine,Ki,8.36
1395370,Cc1ccc(cc1)N(CC2=NCCN2)c3cccc(O)c3,phentolamine,Ki,8.77
4123207,C(C1=NCCN1)C1=CC=CC=C1,tolazoline,Ki,6.64
7101073,ClC1=C(NC2=NCCN2)C2=NSN=C2C=C1,tizanidine,N/A,N/A
4123219,CC(COC1=CC=CC=C1)N(CCCl)CC1=CC=CC=C1,phenoxybenzamine,IC50,6.28
882269,C[C@](N)(Cc1ccc(O)c(O)c1)C(=O)O,methyldopa,N/A,N/A
7101088,NC(=N)NC(=O)CC1=C(Cl)C=CC=C1Cl,guanfacine,EC50,7.1642
7101099,CNCC(O)C1=CC(OC(=O)C(C)(C)C)=C(OC(=O)C(C)(C)C)C=C1,dipivefrine,N/A,N/A
7101108,BrC1=C(NC2=NCCN2)C=CC2=NC=CN=C12,brimonidine,EC50,8.3872
583730,[H][C@@]12CC[C@H](O)[C@H](C(=O)OC)[C@@]1([H])C[C@]1([H])N(CCC3=C1NC1=C3C=CC=C1)C2,yohimbine,Ki,9.38
7101120,CCOC(=O)[C@@](C)(N)CC1=CC(O)=C(O)C=C1,methyldopate,N/A,N/A
885116,C[C@H](N)[C@H](O)c1ccc(O)c(O)c1,corbadrine,N/A,N/A
7101324,C(C1CN=CN1)C2=Cc3ccccc3CC2,CHEMBL407509,Ki,7.0
4125987,CCC1=C(C(C(=C(CCCCOC)N1)C(=O)NCCCN2CCC(CC2)(c3ccccc3)c4ccccc4)c5ccc(cc5)[N+](=O)[O-])C(=O)N,CHEMBL99864,Ki,7.0
704361,CCCN1C[C@H](CSC)C[C@H]2[C@H]1Cc3c[nH]c4cccc2c34,pergolide,Ki,7.0
7101338,COc1ccc(CCCN2CCC(CCC(=O)c3cc(Cl)c(N)c4OCCOc34)CC2)cc1OC,CHEMBL69733,Ki,7.0
7101349,C[C@@H](Oc1ccccc1CC=C)C2=NCCN2,CHEMBL1276139,Ki,7.0
708367,Clc1cccc(N2CCN(CCCCOc3ccc4CCC(=O)Nc4c3)CC2)c1Cl,aripiprazole,Ki,7.0
7101361,Nc1nc(NCC2CCC(CNS(=O)(=O)c3ccc(Br)cc3OC(F)(F)F)CC2)nc4ccccc14,CHEMBL192266,IC50,7.0
7101372,CCOc1ccccc1OC(C)C2=NCCN2,CHEMBL1956196,Ki,7.01
7101383,CCS(=O)(=O)Nc1cccc2C(CCc12)c3c[nH]cn3,CHEMBL111771,Ki,7.01
1451762,CN(C)c1nc(N[C@@H]2CC[C@@H](CC2)NC(=O)c3cccc(c3)[N+](=O)[O-])nc4ccccc14,CHEMBL181383,IC50,7.01
7101396,COc1cc2OCC3C(CN4CCN(Cc5cc6ccccc6s5)CC4)ON=C3c2cc1OC,CHEMBL94435,Ki,7.01
7101407,C[C@H](Oc1ccccc1c2cccc(O)c2)C3=NCCN3,CHEMBL1278085,Ki,7.01
7101418,Nc1nc(NC[C@@H]2CC[C@@H](CNS(=O)(=O)c3cccc4ccccc34)CC2)nc5ccccc15,CHEMBL17645,IC50,7.01
7101429,Brc1ccccc1OCC2=NCCN2,CHEMBL2431279,Ki,7.02
1904822,COc1cccc2[C@@H]3CN(CCN4C(=O)Nc5c(sc6cccnc56)C4=O)C[C@@H]3CCc12,CHEMBL40650,Ki,7.02
704394,COc1ccccc1N2CCN(CCCCN3N=CC(=O)N(C)C3=O)CC2,CHEMBL2413154,Ki,7.02
7101444,Clc1cccc(Cl)c1Nc2ncc[nH]2,CHEMBL1022,Ki,7.02
703739,O=C(OCCN1CCCC1)N2c3ccccc3Sc4ccccc24,CHEMBL481153,Ki,7.02
7101457,C1CN=C(N1)C(Oc2ccccc2)c3ccccc3,CHEMBL494885,Ki,7.03
7101468,CN1CCc2ccc3[C@@H](N)c4cccc5C[C@@H]1c2c3c45,CHEMBL27251,Ki,7.03
7101480,COc1cc2OC[C@H]3[C@H](CN4CCN(Cc5ccc6ccccc6c5)CC4)ON=C3c2cc1OC,CHEMBL92860,Ki,7.03
7101491,O=C(NCCN1CCCN(C[C@H]2COc3ccccc3O2)CC1)c4cccnc4Oc5ccccc5,CHEMBL524153,Ki,7.03
7101502,CC(Nc1ccccc1c2ccccc2)C3=NCCN3,CHEMBL130884,Ki,7.04
7101514,C[C@H](Oc1ccccc1c2ccccc2)C3=NCCN3,CHEMBL396013,Ki,7.04
3938558,[Br-].CCCCCCCCCCCCCCCC[n+]1ccccc1,CHEMBL334255,Ki,7.04
707251,CN1CCN(CC1)C2=Nc3cc(Cl)ccc3Nc4ccccc24,clozapine,IC50,7.05
7101529,COc1cc2NCC3C(CN4CCN(C\C(=C\c5ccccc5)\C)CC4)ON=C3c2cc1OC,CHEMBL390718,Ki,7.06
7101540,COc1ccc2CC3(CCc2c1)CN=CN3,CHEMBL336970,Ki,7.06
7101551,CN(C)c1nc(NCC2CCC(CNS(=O)(=O)C)CC2)nc3ccccc13,CHEMBL195123,IC50,7.07
7101562,CN(c1cccc2C(CCCc12)c3c[nH]cn3)S(=O)(=O)C,CHEMBL111463,Ki,7.07
753278,[H]C12CN(C)CCN1C1=C(CC3=C2C=CC=C3)C=CC=N1,mirtazapine,IC50,7.07
705120,Brc1ccc2[nH]cc(CCN(CC=C)CC=C)c2c1,CHEMBL3754166,Ki,7.08
7101577,CC(C)Oc1ccccc1OC(C)C2=NCCN2,CHEMBL14208,Ki,7.08
7101588,CC(Oc1ccccc1OC2CC2)C3=NCCN3,CHEMBL1956197,Ki,7.08
1905523,COc1ccccc1N2CCN(CCN3C(=O)Nc4scc(c5cccc(C)c5)c4C3=O)CC2,CHEMBL13856,Ki,7.08
7101601,CCCCOc1ncccc1C(=O)NCCN2CCCN(CC3COc4ccccc4O3)CC2,CHEMBL514837,Ki,7.09
7101613,C[C@@H](Oc1ccccc1c2cccc(c2)[N+](=O)[O-])C3=NCCN3,CHEMBL242693,Ki,7.09
4124112,Cl.CC(C)Sc1ccccc1NCC2=NCCN2,CHEMBL553276,Ki,7.09
1900086,Cl.CCSc1ccccc1NCC2=NCCN2,CHEMBL540035,Ki,7.09
706089,Clc1ccc2[nH]cc(CCN(CC=C)CC=C)c2c1,CHEMBL3752900,Ki,7.09
763790,CN(C)C[C@H]1CC2[C@H](O1)c3cc(F)ccc3Sc4ccccc24,CHEMBL193639,Ki,7.1
7101632,Cl.CCOc1ccc(cc1)N=C2NCCN2,CHEMBL3289551,Ki,7.1
705665,OCCN1CCN(CCCN2c3ccccc3Sc4ccc(cc24)C(F)(F)F)CC1,fluphenazine,Ki,7.1
7101644,C(Oc1ccccc1CC2CC2)C3=NCCN3,CHEMBL2431281,Ki,7.11
1905634,COc1ccccc1N2CCN(CCN3C(=O)Nc4scc(c5ccccc5)c4C3=O)CC2,CHEMBL268758,Ki,7.11
1453586,CN(C)c1nc(N[C@@H]2CC[C@@H](CC2)NC(=O)c3cccc(Cl)c3)nc4ccccc14,CHEMBL179878,IC50,7.12
7101659,N(c1ccc2[nH]cnc2c1)c3ncc[nH]3,CHEMBL74544,Ki,7.12
7101670,CC(Oc1ccccc1C2CCCCC2)C3=NCCN3,CHEMBL451229,Ki,7.13
4982573,CN1CCN(CC1)c2cc(nc(N)n2)c3ccc(cc3)C#N,CHEMBL494678,Ki,7.13
7101683,COc1cc2NC[C@H]3[C@H](CN4CCN(Cc5ccc6ccccc6c5)CC4)ON=C3c2cc1OC,CHEMBL2112976,Ki,7.13
7101694,Cc1cnc2c(Br)c(NC3=NCCN3)ccc2n1,CHEMBL72147,Ki,7.13
7101704,CC(C)c1ccccc1OC(C)C2=NCCN2,CHEMBL266613,Ki,7.14
7101715,CC(Oc1ccccc1C(=C)C)C2=NCCN2,CHEMBL1956194,Ki,7.14
763605,CN(C)C[C@@H]1CC2[C@H](O1)c3cc(F)ccc3Sc4ccccc24,CHEMBL363581,Ki,7.14
7101729,C[C@H](Oc1ccccc1c2cccc(c2)[N+](=O)[O-])C3=NCCN3,CHEMBL397753,Ki,7.14
7101740,Nc1cccc2C(CCCc12)c3c[nH]cn3,CHEMBL323402,Ki,7.14
1455868,COc1cc(OC)cc(c1)C(=O)N[C@@H]2CC[C@@H](CC2)Nc3nc(N(C)C)c4ccccc4n3,CHEMBL360081,IC50,7.15
7101753,CN(C)CCCOc1ccc(CCNC(=O)c2cc(Br)c[nH]2)cc1Br,CHEMBL493091,Ki,7.16
705730,CN1CCC[C@@H]1CCO[C@](C)(c2ccccc2)c3ccc(Cl)cc3,clemastine,Ki,7.16
7101765,COc1cc2OC[C@H]3[C@H](CN4CCN(C\C=C\c5ccc(Cl)cc5)CC4)ON=C3c2cc1OC,CHEMBL101411,Ki,7.16
705838,CO[C@H]1C[C@@H](O[C@H]2C[C@@H](O[C@H]2[C@]3(C)CC[C@@H](O3)[C@]4(C)CC[C@]5(C[C@H](O)[C@@H](C)[C@H](O5)[C@@H](C)[C@@H]6O[C@](O)(CC(=O)O)[C@@H](C)[C@H](OC)[C@H]6OC)O4)[C@H]7O[C@](C)(O)[C@H](C)C[C@@H]7C)O[C@@H](C)[C@@H]1OC,CHEMBL1909065,Ki,7.17
7101777,Cc1sc(C)c2C(CCCc12)c3c[nH]cn3,CHEMBL30739,Ki,7.17
7101788,C(CN1CCCN(CC2COc3ccccc3O2)CC1)OCc4cccnc4Oc5ccccc5,CHEMBL491419,Ki,7.18
7101799,COc1cc2OCC3C(CN4CCN(Cc5csc6ccccc56)CC4)ON=C3c2cc1OC,CHEMBL93801,Ki,7.18
705324,NC(=O)C1CCN(CCCN2c3ccccc3Sc4ccc(Cl)cc24)CC1,CHEMBL1909072,IC50,7.18
7101813,Fc1cccc2cnn(N=C3NCCN3)c12,CHEMBL3343700,Ki,7.19
7101824,C([C@H]1CN=CN1)[C@]23CCc4ccccc4C2C3,CHEMBL353212,Ki,7.2
1903187,CCOc1ccccc1OCCN[C@H](C)Cc2ccc(OC)c(c2)S(=O)(=O)N,CHEMBL836,Ki,7.2
1452375,CN(C)c1nc(N[C@@H]2CC[C@@H](CC2)NC(=O)c3cccc(Br)c3)nc4ccccc14,CHEMBL359510,IC50,7.2
707884,CN1CCC2C(C1)c3cccc4SCc5ccccc5N2c34,CHEMBL3217984,Ki,7.2
704728,CN1CCN(CCCN2c3ccccc3Sc4ccc(Cl)cc24)CC1,prochlorperazine,Ki,7.2
1902033,CSc1ccc(C)cc1NCC2=NCCN2,CHEMBL72441,Ki,7.2
7101845,CC(Oc1ccccc1c2cccc(c2)[N+](=O)[O-])C3=NCCN3,CHEMBL222928,Ki,7.22
1447396,CN(C)c1nc(N[C@@H]2CC[C@@H](CC2)NC(=O)c3cccc(c3)C(F)(F)F)nc4ccccc14,CHEMBL181632,IC50,7.22
7101860,C(Oc1ccccc1C2CC2)C3=NCCN3,CHEMBL13852,Ki,7.23
1903657,CSc1cc(F)ccc1NCC2=NCCN2,CHEMBL306792,Ki,7.23
7101873,CC(OC1=NCCN1)c2ccccc2CC=C,CHEMBL570973,Ki,7.24
7101887,CC(Oc1ccccc1CC=C)C2=NCCN2,CHEMBL495095,Ki,7.24
7101898,CCCCS(=O)(=O)NCC1CCC(CNc2nc(N(C)C)c3ccccc3n2)CC1,CHEMBL193666,IC50,7.24
1436855,CN(C)c1nc(N[C@@H]2CC[C@@H](CC2)NS(=O)(=O)c3ccc(Br)cc3OC(F)(F)F)nc4ccccc14,CHEMBL180003,IC50,7.24
708514,CN1C[C@H](CNC(=O)OCc2ccccc2)C[C@H]3[C@H]1Cc4cn(C)c5cccc3c45,CHEMBL19215,IC50,7.24
7101912,COc1ccccc1OC(C)C2=NCCN2,CHEMBL1956199,Ki,7.24
1436917,FC(F)(F)Oc1cc(Br)ccc1S(=O)(=O)NC2CCC(CC2)Nc3ncc4ccccc4n3,CHEMBL195346,IC50,7.24
4052147,CO[C@H]1c2ccccc2[C@H]3C[C@@]13c4c[nH]cn4,CHEMBL1256503,Ki,7.26
1899405,CN1CCc2c(Cl)ccc3oc(Br)c(C1)c23,CHEMBL123138,Ki,7.27
7101933,COc1cc2OCC3C(CN4CCN(C\C=C\c5ccc(F)cc5)CC4)ON=C3c2cc1OC,CHEMBL226636,Ki,7.27
7101944,C1CNC(=Nn2ncc3ccccc23)N1,CHEMBL1186220,Ki,7.28
7101957,C[C@H](Oc1ccccc1CC=C)C2=NCCN2,CHEMBL1276140,Ki,7.28
7101968,Cl.Cl.O[C@H]1CC[C@H]2CN3CCc4c([nH]c5ccccc45)[C@@H]3C[C@@H]2[C@H]1C(=O)NCCCNC(=O)[C@H]6[C@@H](O)CC[C@H]7CN8CCc9c([nH]c%10ccccc9%10)[C@@H]8C[C@H]67,CHEMBL540594,Ki,7.28
7101979,CC(Oc1ccccc1c2cccc(C)c2)C3=NCCN3,CHEMBL222973,Ki,7.29
7101990,COc1ccc2CCC3(CN=CN3)Cc2c1,CHEMBL133579,Ki,7.29
7102001,COc1cccc2CCC3(CN=CN3)Cc12,CHEMBL131417,Ki,7.29
7102012,CC(Oc1ccccc1C2CCCC2)C3=NCCN3,CHEMBL495096,Ki,7.3
7102023,CCCc1ccccc1C(C)OC2=NCCN2,CHEMBL576078,Ki,7.3
7102034,CCCc1ccccc1OC(C)C2=NCCN2,CHEMBL2431282,Ki,7.3
7102045,CN[C@H](CC(C)C)C(=O)N[C@@H]1[C@H](O)c2ccc(Oc3cc4cc(Oc5ccc(cc5Cl)[C@@H](O)[C@@H]6NC(=O)[C@H](NC(=O)[C@@H]4NC(=O)[C@H](CC(=O)N)NC1=O)c7ccc(O)c(c7)c8c(O)cc(O)cc8[C@H](NC6=O)C(=O)O)c3O[C@@H]9O[C@H](CO)[C@@H](O)[C@H](O)[C@H]9O[C@H]%10C[C@](C)(N)[C@H](O)[C@H](C)O%10)c(Cl)c2,CHEMBL262777,Ki,7.3
704189,CSc1ccc2Sc3ccccc3N(CCC4CCCCN4C)c2c1,thioridazine,Ki,7.3
7102058,CCCc1ccccc1COC2=NCCN2,CHEMBL569933,Ki,7.31
7102070,CCCc1ccccc1OCC2=NCCN2,CHEMBL13917,Ki,7.31
7102084,CC(Oc1ccccc1c2ccccc2)C3=NCCN3,CHEMBL128168,Ki,7.32
1902784,Cl.CSc1ccccc1NCC2=NCCN2,CHEMBL540542,Ki,7.32
7102097,CC(=O)N1C[C@H]2[C@H](CN3CCN(CCC\C=C\c4ccccc4)CC3)ON=C2c5ccccc15,CHEMBL426959,Ki,7.33
7102108,CC(Oc1ccccc1c2ccccc2C)C3=NCCN3,CHEMBL223830,Ki,7.33
7102118,CN(C)c1nc(NC2CCC(CC2)NS(=O)(=O)c3ccc(Br)cc3OC(F)(F)F)nc4ccccc14,CHEMBL193771,IC50,7.33
1453050,CN(C)c1nc(N[C@@H]2CC[C@@H](CC2)NC(=O)c3ccc(Cl)c(Cl)c3)nc4ccccc14,CHEMBL362400,IC50,7.33
7102131,CC(C)O[C@H]1c2ccccc2[C@H]3C[C@@]13c4c[nH]cn4,CHEMBL1256608,Ki,7.34
7102143,CC(Oc1ccccc1c2ccsc2)C3=NCCN3,CHEMBL385310,Ki,7.34
7102154,C(C1COc2ccccc2O1)N3CCCN(Cc4onc(n4)c5cccnc5Oc6ccccc6)CC3,CHEMBL491420,Ki,7.35
7102165,CS(=O)(=O)Nc1c(O)ccc2C(CCCc12)c3c[nH]cn3,CHEMBL108804,Ki,7.35
7102177,C[C@@H](Oc1ccccc1C2CC2)C3=NCCN3,CHEMBL1276219,Ki,7.35
7102189,C[C@@H](Oc1ccccc1CC2CC2)C3=NCCN3,CHEMBL2089155,Ki,7.35
7102200,C[C@H](Oc1ccccc1c2ccsc2)C3=NCCN3,CHEMBL1276248,Ki,7.35
7102211,CN(CC1CCC(CNc2nc(N(C)C)c3ccccc3n2)CC1)Cc4ccc(Br)cc4OC(F)(F)F,CHEMBL182235,IC50,7.36
7102222,C(\C=C\c1ccccc1)N2CCN(C[C@@H]3ON=C4[C@H]3C=Cc5ccccc45)CC2,CHEMBL2112979,Ki,7.37
703417,[H]C12CN(C)CCN1C1=C(CC3=C2C=CC=C3)C=CC=C1,mianserin,IC50,7.37
592137,O=C(C1CC1)c2ccc(OCCCc3c[nH]cn3)cc2,CHEMBL14638,Ki,7.37
7102236,CC(Oc1ccccc1c2ccc(C)cc2)C3=NCCN3,CHEMBL426900,Ki,7.38
7102247,COc1cc2CCN(Cc3ccc(OC)c4oc(cc34)C(=O)NC5CN6CCC5CC6)Cc2cc1OC,CHEMBL394218,Ki,7.38
1903735,CSc1ccc(Cl)cc1NCC2=NCCN2,CHEMBL70751,Ki,7.38
7102261,C[C@H](Oc1ccccc1CC2CC2)C3=NCCN3,CHEMBL2089156,Ki,7.38
706414,COc1ccccc1OCCNCC(O)COc2cccc3[nH]c4ccccc4c23,carvedilol,Ki,7.4
7102274,C[C@@H](Oc1ccccc1c2cccc(O)c2)C3=NCCN3,CHEMBL1278084,Ki,7.4
7102285,Fc1cccc2CCC(=Cc12)CC3CN=CN3,CHEMBL353139,Ki,7.4
7102296,COc1cc(C)c(Nc2ncc[nH]2)cc1C(C)(C)C,CHEMBL78190,Ki,7.41
7102307,CC[C@H]1CN2CCc3cc(OC)c(OC)cc3[C@@H]2C[C@@H]1C[C@H]4NCCc5cc(OC)c(OC)cc45,CHEMBL50588,IC50,7.42
7102317,CC(Oc1ccccc1c2cccc(N)c2)C3=NCCN3,CHEMBL222371,Ki,7.43
7102328,Clc1c(NC2=NCCN2)ccc3nccnc13,CHEMBL72753,Ki,7.43
7102339,C1CN=C(NC(C2CC2)C3CC3)O1,CHEMBL289480,Ki,7.44
1717608,CC(Oc1ccccc1CC2CC2)C3=NCCN3,CHEMBL1956195,Ki,7.44
7102352,Cc1ccccc1COC2=NCCN2,CHEMBL576819,Ki,7.46
7102363,C1CC2(CN=CN2)Cc3ccccc13,CHEMBL130853,Ki,7.47
7102374,CC(Oc1ccccc1c2ccc(O)cc2)C3=NCCN3,CHEMBL222798,Ki,7.47
7102385,CN(C)c1nc(NCC2CCC(CN(C)S(=O)(=O)c3ccc(Br)cc3OC(F)(F)F)CC2)nc4ccccc14,CHEMBL181727,IC50,7.47
7102396,COc1cc2OCC3C(CN4CCN(Cc5cnc6ccccc6c5)CC4)ON=C3c2cc1OC,CHEMBL91824,Ki,7.47
7102407,Br.CS(=O)(=O)Nc1c(O)ccc2C(CCCc12)C3=NCCN3,CHEMBL2261346,Ki,7.48
7102417,CCOC(=O)N1C[C@H]2[C@H](CN3CCN(C\C=C\c4ccccc4)CC3)ON=C2c5ccccc15,CHEMBL2112975,Ki,7.48
4125482,CS(=O)(=O)Nc1c(O)ccc2C(CCCc12)C3=NCCN3,CHEMBL109783,Ki,7.48
7102430,Fc1ccc2cnn(N=C3NCCN3)c2c1,CHEMBL3343699,Ki,7.48
7102441,CCc1cccc(CC)c1OC(C)C2=NCCN2,CHEMBL157955,Ki,7.5
7102452,Clc1cccc2CCC(=Cc12)CC3CN=CN3,CHEMBL353200,Ki,7.5
7102463,C(C[C@H]1C2CCC(C2)[C@H]1NC3=NCCO3)Cc4ccccc4,CHEMBL48341,Ki,7.51
1904723,CCc1sc2ccc(Cl)c3CCN(C)Cc1c23,CHEMBL123448,Ki,7.51
7102476,CN(C)c1nc(NCC2CCC(CNCc3ccc(Br)cc3OC(F)(F)F)CC2)nc4ccccc14,CHEMBL360117,IC50,7.51
7102487,Cc1c(Nc2ncc[nH]2)ccc3nccnc13,CHEMBL75491,Ki,7.51
7102500,COc1cc2OC[C@H]3[C@H](CN4CCN(C\C=C(/C)\c5ccccc5)CC4)ON=C3c2cc1OC,CHEMBL419316,Ki,7.52
7102511,CC(Oc1ccccc1Cl)C2=NCCN2,CHEMBL1956191,Ki,7.54
7102522,O[C@H]1CC[C@H]2CN3CCc4c([nH]c5ccccc45)[C@@H]3CC2[C@H]1C(=O)NCCCC(=O)OCc6ccccc6,CHEMBL196451,Ki,7.54
7102533,CCC[C@H]1C2CCC(C2)[C@H]1NC3=NCCO3,CHEMBL296660,Ki,7.55
4055938,COc1cc2OC[C@H]3[C@H](CN4CCN(C\C(=C\c5ccc(F)cc5)\C)CC4)ON=C3c2cc1OC,CHEMBL318235,Ki,7.55
7102548,CC(Oc1ccccc1c2cccc(O)c2)C3=NCCN3,CHEMBL374584,Ki,7.56
7102559,C1CC(c2c[nH]cn2)c3ccsc3C1,CHEMBL284213,Ki,7.57
7102570,CC(OC1=NCCN1)c2ccccc2,CHEMBL571314,Ki,7.57
7102583,CC(Oc1ccccc1)C2=NCCN2,CHEMBL273485,Ki,7.57
7102594,O=C(NCCN1CCN(CC2COc3ccccc3O2)CC1)c4cccnc4Oc5ccccc5,CHEMBL478026,Ki,7.57
7102605,Cl.Cl.O[C@H]1CC[C@H]2CN3CCc4c([nH]c5ccccc45)[C@@H]3C[C@@H]2[C@H]1C(=O)NCCNC(=O)[C@H]6[C@@H](O)CC[C@H]7CN8CCc9c([nH]c%10ccccc9%10)[C@@H]8C[C@H]67,CHEMBL542520,Ki,7.58
7102616,C1COC(=NC1)NC2CCCc3ccccc23,CHEMBL306377,Ki,7.59
7102626,COc1cc2OCC3C(CN4CCN(CCCc5ccccc5)CC4)ON=C3c2cc1OC,CHEMBL90419,Ki,7.59
7102639,COc1cc2OC[C@H]3[C@H](CN4CCN(C\C=C\c5ccccc5)CC4)ON=C3c2cc1OC,CHEMBL328114,Ki,7.6
7102650,Cc1sc(C)c2C(=CCCc12)c3c[nH]cn3,CHEMBL284795,Ki,7.6
7102661,Clc1cccc2ccc(CC3CN=CN3)cc12,CHEMBL168168,Ki,7.6
7102672,CC(OC1=NCCN1)c2ccccc2C,CHEMBL570863,Ki,7.61
7102683,CCc1ccccc1OC(C)C2=NCCN2,CHEMBL156336,Ki,7.62
1904132,CN1CCc2c(Cl)ccc3sc(C=C)c(C1)c23,CHEMBL25467,Ki,7.62
1900375,Cc1ccc(cc1)N(NC2=NCCN2)c3cccc(O)c3,CHEMBL194849,Ki,7.62
7102698,CC(OC1=NCCN1)c2ccccc2C3CC3,CHEMBL576623,Ki,7.64
7102709,CC(Oc1ccccc1Br)C2=NCCN2,CHEMBL1956192,Ki,7.64
7102721,CC(Oc1ccccc1C2CC2)C3=NCCN3,CHEMBL1276218,Ki,7.64
7102732,CCS(=O)(=O)Nc1ccc2CCCC(c3c[nH]cn3)c2c1,CHEMBL327116,Ki,7.64
7102743,COc1cc2OC[C@H]3[C@H](CN4CCN(C\C=C/c5ccccc5)CC4)ON=C3c2cc1OC,CHEMBL420830,Ki,7.64
4123187,CC1=CC(=C(O)C(C)=C1CC1=NCCN1)C(C)(C)C,oxymetazoline,IC50,7.64
7102755,COc1cc2OCC3C(CN4CCN(CC5=Cc6ccccc6C5)CC4)ON=C3c2cc1OC,CHEMBL328377,Ki,7.66
7102766,COc1cc2OC[C@H]3[C@H](CN4CCN(C\C(=C\c5cccnc5)\C)CC4)ON=C3c2cc1OC,CHEMBL98889,Ki,7.66
7102777,C([C@H]1CCCC[C@@H]1NC2=NCCO2)c3ccccc3,CHEMBL50719,Ki,7.68
7102788,CN(C)c1nc(NCC2CCC(CC2)NS(=O)(=O)c3ccc(Br)cc3OC(F)(F)F)nc4ccccc14,CHEMBL193970,IC50,7.68
7102800,C[C@H](Oc1ccccc1C2CC2)C3=NCCN3,CHEMBL1276220,Ki,7.68
7102811,Cl.Clc1cccc(Cl)c1NC2=NCCN2,CHEMBL1705,Ki,7.68
7102822,C(C1CN=CN1)c2oc3ccccc3c2,CHEMBL167644,Ki,7.7
7102833,C(\C=C\c1ccccc1)N2CCN(C[C@@H]3ON=C4[C@H]3CNc5ccccc45)CC2,CHEMBL2112981,Ki,7.7
7102844,CCNC(=O)N1C[C@H]2[C@H](CN3CCN(C\C=C\c4ccccc4)CC3)ON=C2c5ccccc15,CHEMBL2112973,Ki,7.7
7102855,Cc1c(NC2=NCCN2)cccc1c3ccccc3,CHEMBL92221,Ki,7.72
7102866,C1CC[C@@H]([C@H](C1)NC2=NCCO2)c3ccccc3,CHEMBL297228,Ki,7.74
1903478,CSc1ccc(F)cc1NCC2=NCCN2,CHEMBL72768,Ki,7.74
7102879,CC(Oc1ccccc1c2cccs2)C3=NCCN3,CHEMBL223829,Ki,7.77
7102890,CC(Oc1c(CC=C)cccc1CC=C)C2=NCCN2,CHEMBL157206,Ki,7.78
7102901,C(\C=C\c1ccccc1)[C@H]2C3CCC(C3)[C@H]2NC4=NCCO4,CHEMBL297827,Ki,7.8
7102914,COc1cc2OC[C@H]3[C@H](CN4CCN(C\C(=C\c5ccccc5)\C)CC4)ON=C3c2cc1OC,CHEMBL91157,Ki,7.8
7102925,C(C[C@H]1CCCC[C@@H]1NC2=NCCO2)Cc3ccccc3,CHEMBL50720,Ki,7.82
707516,CC(C)C[C@@H]1N2C(=O)[C@](NC(=O)[C@H]3CN(C)[C@@H]4Cc5c(Br)[nH]c6cccc(C4=C3)c56)(O[C@@]2(O)[C@@H]7CCCN7C1=O)C(C)C,bromocriptine,IC50,7.82
7102937,Cl.Cl.O[C@H]1CC[C@H]2CN3CCc4c([nH]c5ccccc45)[C@@H]3C[C@@H]2[C@H]1C(=O)NCCCCNC(=O)[C@H]6[C@@H](O)CC[C@H]7CN8CCc9c([nH]c%10ccccc9%10)[C@@H]8C[C@H]67,CHEMBL539824,Ki,7.82
7102949,CC(Oc1ccccc1c2cccc(F)c2)C3=NCCN3,CHEMBL223836,Ki,7.83
7102960,C([C@H]1C2CCC(C2)[C@H]1NC3=NCCO3)c4ccccc4,CHEMBL295186,Ki,7.86
7102971,COc1cc2OCC3C(CN4CCN(CCC(=O)c5ccccc5)CC4)ON=C3c2cc1OC,CHEMBL328735,Ki,7.92
7102982,COc1cccc2CC3(CCc12)CN=CN3,CHEMBL336332,Ki,7.92
7102993,Fc1cccc2CCC3(CN=CN3)Cc12,CHEMBL131220,Ki,7.92
7103004,CC(Oc1c(C)cccc1C)C2=NCCN2,CHEMBL155866,Ki,7.93
7103015,CO[C@@H]1c2ccccc2[C@H]3C[C@@]13c4c[nH]cn4,CHEMBL1256502,Ki,7.93
7103092,COc1cc2N(C)C[C@H]3[C@H](CN4CCN(CCC\C(=C\c5ccccc5)\C)CC4)ON=C3c2cc1OC,CHEMBL2112977,Ki,7.96
7103103,COc1ccccc1N2CCN(CCCCCNC(=O)c3ccc4ccccc4c3)CC2,CHEMBL1221591,Ki,7.96
7103114,CC1=C(CCCN2CCc3oc4ccccc4c3C2)C(=O)N5C=CC=CC5=N1,CHEMBL165776,IC50,7.99
706402,CC1=C(CCN2CCC(CC2)c3noc4cc(F)ccc34)C(=O)N5CCCCC5=N1,risperidone,Ki,8.0
762937,CN(C)C[C@H]1CC2[C@H](O1)c3cc(Cl)ccc3Oc4ccccc24,CHEMBL435301,Ki,8.0
7103128,CN(C)c1nc(NCC2CCC(CNC(=O)c3ccc(Br)cc3OC(F)(F)F)CC2)nc4ccccc14,CHEMBL367355,IC50,8.0
7103139,COc1ccc(Nc2ncc[nH]2)c(C)c1,CHEMBL77913,Ki,8.0
7103150,Cc1c(NC2=NCCN2)ccc3NCCNc13,CHEMBL49284,Ki,8.02
7103161,CN1CCc2cccc(Cl)c2CC1,CHEMBL123349,Ki,8.03
7103172,COc1cc2OC[C@H]3[C@H](CN4CCN(C\C=C(/C)\c5ccc(F)cc5F)CC4)ON=C3c2cc1OC,CHEMBL328631,Ki,8.03
7103183,COc1cc2NC[C@H]3[C@H](CN4CCN(CCOc5ccc(F)cc5)CC4)ON=C3c2cc1OC,CHEMBL2112969,Ki,8.04
7103194,COc1cc2OC[C@H]3[C@H](CN4CCN(C\C=C\c5ccc(F)cc5)CC4)ON=C3c2cc1OC,CHEMBL419894,Ki,8.05
7103205,COc1cc2OCC3C(CN4CCN(C\C=C\c5ccccc5)CC4)ON=C3c2cc1OC,CHEMBL93489,Ki,8.06
7103218,Oc1cccc2C(CCCc12)c3c[nH]cn3,CHEMBL317912,Ki,8.06
7103231,COc1ccccc1N2CCN(CCCCCNS(=O)(=O)c3ccc4ccccc4c3)CC2,CHEMBL1221592,Ki,8.07
370697,C1CN=C(N1)C2COc3ccccc3O2,CHEMBL10316,IC50,8.08
7103244,COC(=O)C1=CO[C@@H](C)[C@H]2CN3CCc4c([nH]c5ccccc45)[C@@H]3C[C@H]12,CHEMBL123325,Ki,8.09
707011,CC(C)C[C@@H]1N2C(=O)[C@](NC(=O)[C@H]3CN(C)[C@@H]4Cc5c[nH]c6cccc(C4=C3)c56)(O[C@@]2(O)[C@@H]7CCCN7C1=O)C(C)C,CHEMBL1403281,IC50,8.1
7103256,COc1cc2NC[C@H]3[C@H](CN4CCN(C\C=C\c5ccccc5)CC4)ON=C3c2cc1OC,CHEMBL2112983,Ki,8.1
7103267,CN(C)c1nc(NCC2CCC(CNS(=O)(=O)c3ccc(Br)cc3OC(F)(F)F)CC2)nc4ccccc14,CHEMBL193438,IC50,8.11
7103278,Cl.CN(C)c1nc(NC[C@@H]2CC[C@@H](CNS(=O)(=O)c3ccc(Br)cc3OC(F)(F)F)CC2)nc4ccccc14,CHEMBL537846,IC50,8.11
7103289,CCC1(Cc2ccc(F)cc2C1)c3c[nH]cn3,CHEMBL1255582,Ki,8.14
7103300,Cc1c(NC2=NCCN2)ccc3nccnc13,CHEMBL49137,Ki,8.14
7103310,Cc1ccc2CCC3(CN=CN3)Cc2c1,CHEMBL98471,Ki,8.16
7103323,Ic1c(NC2=NCCN2)ccc3nccnc13,CHEMBL70676,Ki,8.17
7103333,Brc1c(NC2=NCCN2)ccc3NCCNc13,CHEMBL74283,Ki,8.19
7103343,COc1cc2NC[C@H]3[C@H](CN4CCN(C\C=C(/C)\c5ccccc5)CC4)ON=C3c2cc1OC,CHEMBL2112971,Ki,8.19
707222,CC(C)[C@@H]1N2C(=O)[C@](NC(=O)[C@H]3CN(C)[C@@H]4Cc5c[nH]c6cccc(C4=C3)c56)(O[C@@]2(O)[C@@H]7CCCN7C1=O)C(C)C,CHEMBL1385840,IC50,8.2
755915,CNCCC(Oc1ccc(cc1)C(F)(F)F)c2ccccc2,CHEMBL41,Ki,8.2
1902022,COc1cccc(c1)N(NC2=NCCN2)c3ccc(C)cc3,CHEMBL362954,Ki,8.2
7103359,COc1ccccc1N2CCN(CCCCCCNC(=O)c3ccc4ccccc4c3)CC2,CHEMBL1221593,Ki,8.21
7103370,Cc1c(Nc2ncc[nH]2)ccc3OCCNc13,CHEMBL432155,Ki,8.22
7103381,COc1cc2OC[C@H]3[C@H](CN4CCN(C\C=C\c5cccc(F)c5)CC4)ON=C3c2cc1OC,CHEMBL95218,Ki,8.23
7103392,Fc1ccc2CC(CC3CN=CN3)Cc2c1,CHEMBL90997,Ki,8.23
7103403,CN(C)c1nc(NCC2CCN(CC2)S(=O)(=O)c3ccc(Br)cc3OC(F)(F)F)nc4ccccc14,CHEMBL194173,IC50,8.25
7103414,C1CCCC(CC1)NC2=NCCO2,CHEMBL305928,Ki,8.27
7103424,COc1cc2OC[C@H]3[C@H](CN4CCN(C\C=C(/C)\c5ccccc5OC)CC4)ON=C3c2cc1OC,CHEMBL101361,Ki,8.28
7103435,COc1ccccc1N2CCN(CCNS(=O)(=O)c3ccc4ccccc4c3)CC2,CHEMBL1221499,Ki,8.29
7103446,COc1cc2OCC3C(CN4CCN(Cc5ccc6ccccc6c5)CC4)ON=C3c2cc1OC,CHEMBL94129,Ki,8.3
7103457,COc1c(C)c(Nc2ncc[nH]2)c(C)cc1C(C)(C)C,CHEMBL75257,Ki,8.31
7103469,COc1ccccc1N2CCN(CCCNS(=O)(=O)c3ccc4ccccc4c3)CC2,CHEMBL497749,Ki,8.33
7103480,C\C(=C/c1ccccc1)\CN2CCN(C[C@@H]3ON=C4[C@H]3COc5cc(OC(=O)C(C)(C)C)ccc45)CC2,CHEMBL178588,Ki,8.33
4125976,Cc1ccc(cc1)N(NC2=NCCO2)c3cccc(O)c3,CHEMBL370818,Ki,8.33
1904011,COC(=O)[C@@H]1[C@@H](O)CC[C@@H]2CN3CCc4c([nH]c5ccccc45)[C@@H]3C[C@H]12,CHEMBL10347,Ki,8.34
7103495,COc1ccccc1N2CCN(CCCNC(=O)c3ccc4ccccc4c3)CC2,CHEMBL1221544,Ki,8.34
1930159,COc1ccccc1N2CCN(CCCCNS(=O)(=O)c3ccc4ccccc4c3)CC2,CHEMBL1221545,Ki,8.39
7103510,C(C1Cc2ccccc2C1)C3CN=CN3,CHEMBL353843,Ki,8.4
7103521,C([C@@H]1ON=C2[C@H]1CNc3ccccc23)N4CCN(Cc5ccc6ccccc6c5)CC4,CHEMBL2112984,Ki,8.4
4053455,CCCO[C@H]1c2ccccc2[C@H]3C[C@@]13c4c[nH]cn4,CHEMBL1256566,Ki,8.4
4051604,C1CC12c3ccccc3[C@H]4C[C@@]24c5c[nH]cn5,CHEMBL1255617,Ki,8.41
7103536,CC1=C(CCN2CCc3oc4ccc(Cl)cc4c3C2)C(=O)N5C=CC=CC5=N1,CHEMBL165677,IC50,8.41
7103548,Cl.COC(=O)[C@H]1[C@@H](O)CC[C@H]2CN3CCc4c([nH]c5ccccc45)[C@@H]3C[C@H]12,CHEMBL537669,IC50,8.44
7103559,COC1=CN2C(=O)C(=C(C)N=C2C=C1OC)CCN3CCc4oc5ccccc5c4C3,CHEMBL162058,IC50,8.45
1905036,COc1cccc(OC)c1OCCNCC2COc3ccccc3O2,CHEMBL25554,Ki,8.46
4052601,CCO[C@H]1c2ccccc2[C@H]3C[C@@]13c4c[nH]cn4,CHEMBL1256565,Ki,8.48
7103574,C1C[C@@]2(CC2[C@@H]3CN=CN3)Cc4ccccc14,CHEMBL354611,Ki,8.5
7103586,CCC1(Cc2ccccc2C1)c3cnc[nH]3,CHEMBL353972,Ki,8.5
7103597,COc1cc2OC[C@H]3[C@H](CN4CCN(C\C(=C\c5cccc(F)c5F)\C)CC4)ON=C3c2cc1OC,CHEMBL419336,Ki,8.52
7103608,Clc1cc(Cl)c2CCC3(CN=CN3)Cc2c1,CHEMBL338683,Ki,8.52
7103619,CCC[C@H]1CCCCC1NC2=NCCO2,CHEMBL310335,Ki,8.53
7103629,CCC[C@H]1CCCC[C@@H]1NC2=NCCO2,CHEMBL297752,Ki,8.53
7103640,COc1cc2OC[C@H]3[C@H](CN4CCN(C\C=C(/C)\c5ccc(F)cc5)CC4)ON=C3c2cc1OC,CHEMBL98541,Ki,8.54
7103651,COc1cc2OC[C@H]3[C@H](CN4CCN(C\C=C\c5ccccc5F)CC4)ON=C3c2cc1OC,CHEMBL319573,Ki,8.54
1922224,COc1ccccc1N2CCN(CCCCCCNS(=O)(=O)c3ccc4ccccc4c3)CC2,CHEMBL1221594,Ki,8.54
705849,COc1ccccc1N2CCN(CCCCNC(=O)c3ccc4ccccc4c3)CC2,CHEMBL25236,Ki,8.56
7103669,COc1cccc2[C@H](CN(C)CCc3ccc4ccoc4c3)CCCc12,CHEMBL268258,Ki,8.6
7103680,COc1cc2NC[C@H]3[C@H](CN4CCN(C\C(=C\c5ccccc5)\C)CC4)ON=C3c2cc1OC,CHEMBL2112985,Ki,8.62
7103691,C1CC(NC2=NCCO2)c3ccccc3C1,CHEMBL75030,Ki,8.63
7103701,O=C1N2C=CC=CC2=NC(=C1CCN3CCc4oc5ccccc5c4C3)Cc6ccccc6,CHEMBL162436,IC50,8.66
708046,CN1C[C@@H](C=C2[C@H]1Cc3c[nH]c4cccc2c34)C(=O)N[C@]5(C)O[C@@]6(O)[C@@H]7CCCN7C(=O)[C@H](Cc8ccccc8)N6C5=O,ergotamine,IC50,8.67
707730,CC(C)[C@@]1(NC(=O)[C@@H]2C[C@H]3[C@@H](Cc4c[nH]c5cccc3c45)N(C)C2)O[C@@]6(O)[C@@H]7CCCN7C(=O)[C@H](Cc8ccccc8)N6C1=O.CS(=O)(=O)O,CHEMBL1255837,IC50,8.7
763413,CN1CCc2c(C1)c3cc(C)ccc3n2CCc4ccccc4,CHEMBL592752,Ki,8.7
7103716,COc1cc2OC[C@H]3[C@H](CN4CCN(C\C=C(/C)\c5ccc(O)cc5)CC4)ON=C3c2cc1OC,CHEMBL329065,Ki,8.72
7103727,Cl.COC1(COc2ccccc2O1)C3=NCCN3,CHEMBL1256176,Ki,8.72
7103738,COc1ccc2C3=NO[C@@H](CN4CCN(C\C=C\c5ccccc5)CC4)[C@@H]3C=Cc2c1,CHEMBL2112982,Ki,8.75
7103749,COc1ccc2C3=NO[C@@H](CN4CCN(Cc5ccc6ccccc6c5)CC4)[C@@H]3C=Cc2c1,CHEMBL2112972,Ki,8.75
7103760,CC1=C(CCN2CCc3sc4ccccc4c3C2)C(=O)N5C=CC=CC5=N1,CHEMBL165181,IC50,8.76
7103771,Cl.Cl.O[C@H]1CC[C@H]2CN3CCc4c([nH]c5ccccc45)[C@@H]3C[C@@H]2[C@H]1C(=O)NCCCCCNC(=O)[C@H]6[C@@H](O)CC[C@H]7CN8CCc9c([nH]c%10ccccc9%10)[C@@H]8C[C@H]67,CHEMBL555190,Ki,8.76
7103782,COc1cc2OC[C@H]3[C@H](CN4CCN(C\C(=C\c5cccs5)\C)CC4)ON=C3c2cc1OC,CHEMBL98646,Ki,8.77
7103793,COc1cc2OC[C@H]3[C@H](CN4CCN(C\C(=C\c5occc5)\C)CC4)ON=C3c2cc1OC,CHEMBL99916,Ki,8.77
7103804,COc1ccccc1N2CCN(CCNC(=O)c3ccc4ccccc4c3)CC2,CHEMBL1221498,Ki,8.77
7103815,Cc1c(Nc2ncc[nH]2)ccc3OCCOc13,CHEMBL308570,Ki,8.77
7103826,CN1CC2[C@H](CN3CCN(C\C=C\c4ccccc4)CC3)ON=C2c5ccccc15,CHEMBL1085510,Ki,8.8
7103837,CN1C[C@H]2[C@H](CN3CCN(C\C=C\c4ccccc4)CC3)ON=C2c5ccccc15,CHEMBL2112970,Ki,8.8
7103848,NC1=NC2(CCc3cccc(Cl)c3C2)CO1,CHEMBL133231,Ki,8.8
7103859,C(Cc1ccccc1)[C@H]2CCCC[C@@H]2NC3=NCCO3,CHEMBL47313,Ki,8.84
7103870,COc1cc2OCC3C(CN4CCN(C\C=C(/C)\c5ccccc5)CC4)ON=C3c2cc1OC,CHEMBL327875,Ki,8.85
7103881,COc1cc2OC[C@H]3[C@H](CN4CCN(C\C=C(/C)\c5ccsc5)CC4)ON=C3c2cc1OC,CHEMBL328195,Ki,8.85
7103892,Cl.Cl.O[C@H]1CC[C@H]2CN3CCc4c([nH]c5ccccc45)[C@@H]3C[C@@H]2[C@H]1C(=O)NCCCCCCNC(=O)[C@H]6[C@@H](O)CC[C@H]7CN8CCc9c([nH]c%10ccccc9%10)[C@@H]8C[C@H]67,CHEMBL542527,Ki,8.87
7103903,CCOCCOCCOc1ccc2C3=NO[C@@H](CN4CCN(C\C(=C\c5ccccc5)\C)CC4)[C@@H]3COc2c1,CHEMBL179237,Ki,8.89
7103914,C\C(=C/c1ccccc1)\CN2CCN(C[C@@H]3ON=C4[C@H]3COc5cc(OC6CCCC6)ccc45)CC2,CHEMBL369378,Ki,8.89
7103925,C1C[C@]2(CN=CN2)C[C@@H]3Cc4ccccc4C[C@@H]13,CHEMBL165529,Ki,8.9
7103936,Cl.Cl.O[C@H]1CC[C@H]2CN3CCc4c([nH]c5ccccc45)[C@@H]3C[C@@H]2[C@H]1C(=O)NCCCCCCCCCNC(=O)[C@H]6[C@@H](O)CC[C@H]7CN8CCc9c([nH]c%10ccccc9%10)[C@@H]8C[C@H]67,CHEMBL539606,Ki,8.9
7103947,Cc1c(NC2=NCCN2)ccc3OCCNc13,CHEMBL298936,Ki,8.92
7103958,CC1=C(CCN2CCc3oc4ccccc4c3C2)C(=O)N5C=C(C=C(Cl)C5=N1)C(F)(F)F,CHEMBL162147,IC50,8.93
7103969,Cl.Cl.O[C@H]1CC[C@H]2CN3CCc4c([nH]c5ccccc45)[C@@H]3C[C@@H]2[C@H]1C(=O)NCCCCCCCCCCCCNC(=O)[C@H]6[C@@H](O)CC[C@H]7CN8CCc9c([nH]c%10ccccc9%10)[C@@H]8C[C@H]67,CHEMBL551711,Ki,8.93
7103980,COc1cc2OC[C@H]3[C@H](CN4CCN(C\C(=C\c5cccc(F)c5)\C)CC4)ON=C3c2cc1OC,CHEMBL263424,Ki,8.96
7103991,COc1cc2OC[C@H]3[C@H](CN4CCN(C\C(=C\c5ccsc5)\C)CC4)ON=C3c2cc1OC,CHEMBL101596,Ki,8.96
7104002,CC1(C)[C@@H]2c3ccccc3C[C@]12c4c[nH]cn4,CHEMBL1255770,Ki,8.97
7104013,CCNC(=O)[C@H]1O[C@H]([C@H](O)[C@@H]1O)n2cnc3c(N)nc(NCCc4ccc(CCC(=O)Nc5ccc(OC(=O)C)c(c5)[N+](=O)[O-])cc4)nc23,CHEMBL3335523,Kd,8.99
707699,CN1C[C@@H](C[C@H]2[C@H]1Cc3c[nH]c4cccc2c34)C(=O)N[C@]5(C)O[C@@]6(O)[C@@H]7CCCN7C(=O)[C@H](Cc8ccccc8)N6C5=O,dihydroergotamine,IC50,8.99
602454,CNC(=O)C(CCN1CCC(O)(CC1)c2ccc(Cl)cc2)(c3ccccc3)c4ccccc4,CHEMBL1627,Ki,9.0
7104027,COc1cc2OC[C@H]3[C@H](CN4CCN(C\C(=C\c5ccccc5OC)\C)CC4)ON=C3c2cc1OC,CHEMBL99868,Ki,9.0
7104038,C\C(=C/c1ccccc1)\CN2CCN(C[C@@H]3ON=C4[C@H]3COc5cc(OC(=O)c6ccncc6)ccc45)CC2,CHEMBL425324,Ki,9.0
7104049,C(\C=C\c1ccccc1)N2CCN(CC3ON=C4C3COc5ccccc45)CC2,CHEMBL90943,Ki,9.05
7104060,C(\C=C\c1ccccc1)N2CCN(C[C@@H]3ON=C4[C@H]3COc5ccccc45)CC2,CHEMBL2112978,Ki,9.05
7104071,CC1=C(CCN2CCc3oc4c(Cl)cccc4c3C2)C(=O)N5C=CC=CC5=N1,CHEMBL164612,IC50,9.05
7104082,C\C(=C/c1ccccc1)\CN2CCN(C[C@@H]3ON=C4[C@H]3COc5cc(OC(=O)C6CC6)ccc45)CC2,CHEMBL175911,Ki,9.05
7104093,C\C(=C/c1ccccc1)\CN2CCN(C[C@@H]3ON=C4[C@H]3COc5cc(OC(=O)C=C)ccc45)CC2,CHEMBL180322,Ki,9.05
7104104,Cl.Cl.O[C@H]1CC[C@H]2CN3CCc4c([nH]c5ccccc45)[C@@H]3C[C@@H]2[C@H]1C(=O)NCCCCCCCNC(=O)[C@H]6[C@@H](O)CC[C@H]7CN8CCc9c([nH]c%10ccccc9%10)[C@@H]8C[C@H]67,CHEMBL543232,Ki,9.06
4053573,CCC[C@H]1c2ccccc2[C@H]3C[C@@]13c4c[nH]cn4,CHEMBL1255616,Ki,9.07
763143,CN1CCc2c(C1)c3cc(C)ccc3n2CCc4ccc(C)cc4,CHEMBL605081,Ki,9.09
7104119,COc1cc2OCC3C(CN4CCN(C\C(=C\c5ccccc5)\C)CC4)ON=C3c2cc1OC,CHEMBL93171,Ki,9.1
7104130,COc1ccc2OCC3C(CN4CCN(C\C=C\c5ccccc5)CC4)ON=C3c2c1,CHEMBL422597,Ki,9.1
7104141,Cl.Cl.O[C@H]1CC[C@H]2CN3CCc4c([nH]c5ccccc45)[C@@H]3C[C@@H]2[C@H]1C(=O)NCCCCCCCCNC(=O)[C@H]6[C@@H](O)CC[C@H]7CN8CCc9c([nH]c%10ccccc9%10)[C@@H]8C[C@H]67,CHEMBL538808,Ki,9.12
7104152,CC1=C(CCN2CCc3oc4ccccc4c3C2)C(=O)N5C=CC=C(O)C5=N1,CHEMBL162826,IC50,9.16
7104163,COCC(=O)Oc1ccc2C3=NO[C@@H](CN4CCN(C\C(=C\c5ccccc5)\C)CC4)[C@@H]3COc2c1,CHEMBL175853,Ki,9.16
7104174,CC1=CC=CN2C(=O)C(=C(C)N=C12)CCN3CCc4oc5ccccc5c4C3,CHEMBL351200,IC50,9.22
7104185,CC1=C(CCN2CCc3oc4ccccc4c3C2)C(=O)N5C=C(Cl)C=C(Cl)C5=N1,CHEMBL163247,IC50,9.23
7104196,CC1=C(CCN2CCc3oc4ccccc4c3C2)C(=O)N5C=CC=CC5=N1,CHEMBL162501,IC50,9.26
4052564,CC[C@H]1c2ccccc2[C@H]3C[C@@]13c4c[nH]cn4,CHEMBL1256610,Ki,9.29
2964327,CC(C)NC(C)C(O)COc1ccc(C)c2CCCc12,CHEMBL513389,IC50,9.3
7104211,COc1cc2OC[C@H]3[C@H](CN4CCN(C\C=C(/C)\c5occc5)CC4)ON=C3c2cc1OC,CHEMBL319530,Ki,9.3
7104222,COc1ccc2C3=NOC(CN4CCN(C\C=C\c5ccccc5)CC4)C3COc2c1,CHEMBL90247,Ki,9.3
7104233,COc1ccc2C3=NO[C@@H](CN4CCN(C\C(=C\c5ccccc5)\C)CC4)[C@@H]3COc2c1,CHEMBL176002,Ki,9.3
7104244,CC1=CC2=NC(=C(CCN3CCc4oc5ccccc5c4C3)C(=O)N2C=C1)C,CHEMBL165796,IC50,9.35
4052636,C[C@]12C[C@]1(Cc3ccccc23)c4c[nH]cn4,CHEMBL1255771,Ki,9.35
4053900,CCC[C@H]1[C@@H]2c3ccccc3C[C@]12c4c[nH]cn4,CHEMBL1255724,Ki,9.39
7104259,C\C(=C/c1ccccc1)\CN2CCN(C[C@@H]3ON=C4[C@H]3COc5cc(OC(=O)C)ccc45)CC2,CHEMBL176116,Ki,9.4
7104270,Cl.Cl.O[C@H]1CC[C@H]2CN3CCc4c([nH]c5ccccc45)[C@@H]3C[C@@H]2[C@H]1C(=O)NCCCCCCCCCCNC(=O)[C@H]6[C@@H](O)CC[C@H]7CN8CCc9c([nH]c%10ccccc9%10)[C@@H]8C[C@H]67,CHEMBL554019,Ki,9.41
7104281,COC1(COc2ccccc2O1)C3=NCCN3,CHEMBL10332,Ki,9.44
7104292,CC1=C(CCN2CCc3oc4ccccc4c3C2)C(=O)N5C=C(Br)C=CC5=N1,CHEMBL165350,IC50,9.45
7104303,CC1=CN2C(=O)C(=C(C)N=C2C=C1)CCN3CCc4oc5ccccc5c4C3,CHEMBL162370,IC50,9.46
7104314,CC1=CC2=NC(=C(CCN3CCc4oc5ccccc5c4C3)C(=O)N2C(=C1)C)C,CHEMBL162232,IC50,9.47
703406,[H][C@@]12CC3=CNC4=CC=CC(=C34)C1=C[C@@H](CN2C)NC(=O)N(CC)CC,lisuride,IC50,9.51
7104326,COc1cc2OC[C@H]3[C@H](CN4CCN(C\C(=C\c5cc(F)ccc5F)\C)CC4)ON=C3c2cc1OC,CHEMBL319119,Ki,9.52
7104337,COc1cc2OC[C@H]3[C@H](CN4CCN(C\C=C(/C)\c5cccs5)CC4)ON=C3c2cc1OC,CHEMBL100879,Ki,9.52
7104348,COC1=CC=CN2C(=O)C(=C(C)N=C12)CCN3CCc4oc5ccccc5c4C3,CHEMBL162490,IC50,9.53
7104359,CC1=CC=CC2=NC(=C(CCN3CCc4oc5ccccc5c4C3)C(=O)N12)C,CHEMBL163190,IC50,9.54
7104370,CC1=C(CCN2CCc3oc4ccccc4c3C2)C(=O)N5C=C(I)C=CC5=N1,CHEMBL162682,IC50,9.62
763730,CN1CCc2c(C1)c3cc(C)ccc3n2\C=C/c4ccccc4,CHEMBL605405,Ki,9.62
4053751,C[C@H]1c2ccccc2[C@H]3C[C@@]13c4c[nH]cn4,CHEMBL1256609,Ki,9.66
7104385,CC1=C(CCN2CCc3oc4ccccc4c3C2)C(=O)N5C=C(Cl)C=CC5=N1,CHEMBL351483,IC50,9.67
7104396,C\C(=C/c1ccccc1)\CN2CCN(C[C@@H]3ON=C4[C@H]3COc5cc(O)ccc45)CC2,CHEMBL180470,Ki,9.7
4052865,C[C@H]1[C@@H]2c3ccccc3C[C@]12c4c[nH]cn4,CHEMBL1256378,Ki,9.76
4053255,CC[C@H]1[C@@H]2c3ccccc3C[C@]12c4c[nH]cn4,CHEMBL1255723,Ki,9.86
7104411,CN(C)CCOc1ccc2C3=NO[C@@H](CN4CCN(C\C(=C\c5ccccc5)\C)CC4)[C@@H]3COc2c1,CHEMBL176261,Ki,10.0
7104422,COCCOc1ccc2C3=NO[C@@H](CN4CCN(C\C(=C\c5ccccc5)\C)CC4)[C@@H]3COc2c1,CHEMBL435352,Ki,10.0
4053889,C1[C@@H]2c3ccccc3C[C@]12c4c[nH]cn4,CHEMBL1256414,Ki,10.1
