id,smiles,name,assay_type,activity_value
1898650,COC1=CC2=C(C=C1OC)C(N)=NC(=N2)N1CCN(CC1)C(=O)C1CCCO1,terazosin,Ki,9.08
1898661,CNC[C@H](O)C1=CC(O)=CC=C1,phenylephrine,Ki,6.9
1735568,COc1cc2nc(nc(N)c2cc1OC)N3CCN(CC3)C(=O)C4COc5ccccc5O4,doxazosin,Ki,9.1
4051372,CCCC(=O)N1CCCN(CC1)C1=NC2=CC(OC)=C(OC)C=C2C(N)=N1,bunazosin,N/A,N/A
881885,NC[C@H](O)c1ccc(O)c(O)c1,norepinephrine,Ki,4.69
1898690,CNC[C@H](O)C1=CC=C(O)C(O)=C1,epinephrine,Ki,6.5
1898671,COC1=CC(C(O)C(C)N)=C(OC)C=C1,methoxamine,Ki,4.0
1898710,[H]C1(CCCC2=CC=CC=C12)C1=NCCN1,tetryzoline,N/A,N/A
1898719,N[C@@H]([C@H](O)C1=CC(O)=C(O)C=C1)C(O)=O,droxidopa,N/A,N/A
1395370,Cc1ccc(cc1)N(CC2=NCCN2)c3cccc(O)c3,phentolamine,Ki,7.32
1898733,COC1=C(C=CC=C1)N1CCN(CCCNC2=CC(=O)N(C)C(=O)N2C)CC1,urapidil,Ki,7.1
1898743,COC1=C(OC)C=C2C(N)=NC(=NC2=C1)N(C)CCCNC(=O)C1CCCO1,alfuzosin,Ki,8.55
1898753,COC1=C(C=CC=C1)N1CCN(CC(O)COC2=CC=CC3=CC=CC=C23)CC1,naftopidil,Ki,7.69896984
1738899,COc1cc2nc(nc(N)c2cc1OC)N3CCN(CC3)C(=O)c4occc4,prazosin,Ki,9.68
1901966,C(COc1ccccc1)NCCOc2ccccc2OCc3ccccc3,CHEMBL1255086,Ki,7.0
4051507,CC(C)C1=CNC(=O)N(CCCN2CCN(CC2)c3ccc(F)cc3OCC(F)(F)F)C1=O,CHEMBL57740,Ki,7.0
1904623,CC(C)Oc1ccccc1N2CCN(CC2)[C@@H]3CC[C@@H](CC3)NS(=O)(=O)c4ccc(Cl)cc4F,CHEMBL233410,Ki,7.0
1901875,CC1=CN(CCCN2CCN(CC2)c3ccccc3OCC(F)(F)F)C(=O)NC1=O,CHEMBL292403,Ki,7.0
1903187,CCOc1ccccc1OCCN[C@H](C)Cc2ccc(OC)c(c2)S(=O)(=O)N,CHEMBL836,Ki,7.0
4051524,CNC(=O)C1=C(C)NC(=O)N(C1c2ccc(cc2)[N+](=O)[O-])C(=O)NCCCN3CCC(CC3)(C(=O)OC)c4ccccc4,CHEMBL145334,Ki,7.0
4051535,COC(=O)C1(CCN(CCCNC(=O)N2C(C(=C(C)NC2=O)C(=O)N)c3ccc(cc3)[N+](=O)[O-])CC1)c4ccccc4,CHEMBL145562,Ki,7.0
4051546,COC(=O)C1=C(C)N=C(C)N(CCCCCN2CCC(CC2)(c3ccccc3)c4ccccc4)C1c5ccc(F)c(F)c5,CHEMBL145746,Ki,7.0
4051557,COCC1=C(C(N(C(=O)NCCCN2CCN(CC2)c3ccccc3C(=O)N)C(=O)N1)c4ccc(F)c(F)c4)C(=O)OC,CHEMBL142236,Ki,7.0
4051568,COc1ccccc1N2CCN(CCc3ccc(CN4C(=O)c5ccccc5C4=O)cc3)CC2,CHEMBL3741318,IC50,7.0
1903385,COc1ccccc1OCCNCC2CSC(O2)(c3ccccc3)c4ccccc4,CHEMBL1083182,Ki,7.0
1902506,Cc1cccc(C)c1OCCNCCOc2ccccc2OCc3ccccc3,CHEMBL1255003,Ki,7.0
4051583,Clc1ccc(CC2=NN(C3CCCN(CCCCc4ccc(OCCCN5CCCCCC5)cc4)CC3)C(=O)c6ccccc26)cc1,CHEMBL1767161,Ki,7.0
708367,Clc1cccc(N2CCN(CCCCOc3ccc4CCC(=O)Nc4c3)CC2)c1Cl,aripiprazole,Ki,7.0
1901555,FC1=CNC(=O)N(CCCN2CCN(CC2)c3ccc(F)cc3OCC(F)(F)F)C1=O,CHEMBL417954,Ki,7.0
1901154,Fc1ccc(N2CCN(CCCN3C(=O)NC=CC3=O)CC2)c(OCC(F)(F)F)c1,CHEMBL299452,Ki,7.0
1394249,OCCOCCN1CCN(CC1)C2=Nc3ccccc3Sc4ccccc24,quetiapine,Ki,7.0
1902386,Oc1cccc(O)c1OCCNCCOc2ccccc2OCc3ccccc3,CHEMBL1255085,Ki,7.0
4051604,C1CC12c3ccccc3[C@H]4C[C@@]24c5c[nH]cn5,CHEMBL1255617,Ki,7.01
4051615,CCC1=C(C(C(=C(COCCN=[N+]=[N-])N1)C(=O)NCCCN2CCC(CC2)(c3ccccc3)c4ccccc4)c5ccc(cc5)[N+](=O)[O-])C(=O)N,CHEMBL98063,Ki,7.01
1901220,COc1ccccc1N2CCN(CCCCCN3C(=O)CC(CC3=O)c4ccccc4)CC2,CHEMBL1796036,Ki,7.01
4051628,Cc1ccc(cc1)C2(CC(=O)N(CCCN3CCC(CC3)(C#N)c4ccccc4Cl)C2=O)c5ccc(C)cc5,CHEMBL62045,Ki,7.01
4051639,COc1cccc2[C@@H]3CN(CCN4CNc5cc(OC)c(OC)cc5C4=O)C[C@@H]3CCc12,CHEMBL303988,Ki,7.02
4051650,COC(=O)C1=C(C)N=C(C)N(CCCCCN2CCC(CC2)c3ccccc3)C1c4ccc(F)c(F)c4,CHEMBL359421,Ki,7.03
1903433,COc1ccccc1N2CCN(CCN3C(=O)CC4(CCCC4)CC3=O)CC2,CHEMBL13647,Ki,7.03
4051663,Clc1ccc(cc1)C(=O)C2CCN(CC[C@H]3CCCN3S(=O)(=O)c4ccc5cc[nH]c5c4)CC2,CHEMBL116292,Ki,7.03
1902122,O[C@@H]1[C@@H](CC[C@H]1Oc2ccccc2)NC[C@@H]3COc4ccccc4O3,CHEMBL134428,Ki,7.03
1901198,COCC1=C([C@@H](N(C(=O)N[C@@H]2CC[C@H](C2)N3CCC(CC3)c4ccccc4C#N)C(=O)N1)c5ccc(F)c(F)c5)C(=O)OC,CHEMBL262002,Ki,7.04
1902539,COc1ccc(Cl)cc1N2CCN(CCN3C(=O)Nc4c(sc5ccccc45)C3=O)CC2,CHEMBL223289,Ki,7.04
1901820,COc1ccccc1N2CCN(CCCNC3=C(C)C(=O)N(C)C(=O)N3C)CC2,CHEMBL420060,Ki,7.04
1904176,FC(F)(F)COc1ccccc1C2CCN(CC2)[C@@H]3CC[C@@H](CC3)NS(=O)(=O)c4ccc5OCCOc5c4,CHEMBL439197,Ki,7.04
1901434,FC(F)(F)COc1ccccc1C2CCN(CC2)[C@@H]3CC[C@H](CC3)NS(=O)(=O)c4ccc5OCCOc5c4,CHEMBL228390,Ki,7.04
4051686,O=S(=O)(N1CCC[C@@H]1CCN2CCC(CC2)c3cc4ccccc4[nH]3)c5ccc6cc[nH]c6c5,CHEMBL331803,Ki,7.05
4051697,CC1=C([C@H](NC(=O)N1)c2ccc(F)c(F)c2)C(=O)NCCCN3CCC(CC3)c4ccc(F)cc4C#N,CHEMBL92328,Ki,7.06
1901029,CN1CCc2c(Cl)ccc(OCC=C(C)C)c2CC1,CHEMBL114166,Ki,7.06
4051710,COC(=O)C1=C(C)NC(=O)N(C1c2ccc(F)cc2F)C(=O)NCCCN3CCC(CC3)(C(=O)OC)c4ccccc4,CHEMBL141444,Ki,7.06
4051721,Clc1ccc(Cl)c(c1)N2CCN(CCN3C(=O)CCC3=O)CC2,CHEMBL294646,Ki,7.06
4051732,Clc1ccccc1N2CCN(CCN3C(=O)CC4(CCCC4)CC3=O)CC2,CHEMBL57593,Ki,7.06
4051743,CN1[C@H](C(=C(C)N(C)C1=O)C(=O)NCCCN2CCC(CC2)c3ccc(F)cc3)c4ccc(F)c(F)c4,CHEMBL93693,Ki,7.07
4051754,COC(=O)C1=C(C)NC(=C(C1c2ccc(cc2)[N+](=O)[O-])C(=O)OCCCN3CCC(CC3)(c4ccccc4)c5ccccc5)C,CHEMBL3392246,Ki,7.07
1898869,COC(=O)C1=C(C)NC(=C([C@H]1c2cccc(c2)[N+](=O)[O-])C(=O)OCCCN3CCC(CC3)(c4ccccc4)c5ccccc5)C,CHEMBL405355,Ki,7.07
1905478,COc1ccc(cc1OC)S(=O)(=O)N[C@@H]2CC[C@@H](CC2)N3CCN(CC3)c4ccccc4OCC(F)(F)F,CHEMBL438673,Ki,7.07
1904385,COc1ccc(cc1S(=O)(=O)N[C@@H]2CC[C@@H](CC2)N3CCN(CC3)c4ccccc4OC(C)C)[N+](=O)[O-],CHEMBL429623,Ki,7.07
1902662,COc1ccccc1N2CCN(CC3COC4(CCN(CC4)S(=O)(=O)c5ccccc5)O3)CC2,CHEMBL3342866,Ki,7.07
1902972,COc1ccccc1N2CCN(CC3COC4(CCN(CC4)S(=O)(=O)c5cccs5)O3)CC2,CHEMBL3342872,Ki,7.07
1900708,COc1ccccc1N2CCN(C[C@H]3CO[C@](CN4C(=O)CCC4=O)(O3)c5ccccc5)CC2,CHEMBL1242724,Ki,7.07
1901730,Cl.COc1ccc2ccccc2c1OCCNC[C@@H]3COc4ccccc4O3,CHEMBL439346,Ki,7.07
1903232,CC1=Nc2c([nH]c3ccccc23)C(=O)N1CCN4CCN(CC4)c5ccc(Cl)c(Cl)c5,CHEMBL220717,Ki,7.08
4051781,COC(=O)C1=C(C)NC(=O)N(C1c2ccc(F)c(F)c2)C(=O)NCCCN3CCC(CC3)(c4ccc(Cl)cc4)c5ccc(Cl)cc5,CHEMBL356571,Ki,7.08
4051793,Clc1ccc(Cl)c(c1)N2CCN(CCN3C(=O)CC4(CCCC4)C3=O)CC2,CHEMBL56620,Ki,7.08
4051804,Clc1ccccc1N2CCN(CCN3CCC4(CCCC4)CC3)CC2,CHEMBL293734,Ki,7.08
1903942,CC(C)Oc1ccccc1N2CCN(CC2)[C@@H]3CC[C@@H](CC3)NS(=O)(=O)Cc4ccccc4,CHEMBL234649,Ki,7.09
1898880,COC(=O)C1=C(C)NC(=O)N(C1c2ccc(cc2)[N+](=O)[O-])C(=O)NCCCN3CCC(CC3)(C(=O)OC)c4ccccc4,CHEMBL142383,Ki,7.09
1899676,COc1ccc(Cl)cc1NC(=O)NC2CCC(CC2)N3CCN(CC3)c4ccccc4OC(C)C,CHEMBL271913,Ki,7.09
1904231,COc1ccc(Cl)cc1S(=O)(=O)N[C@@H]2CC[C@@H](CC2)N3CCC(CC3)c4ccccc4OC5CC5,CHEMBL388897,Ki,7.09
1902561,COc1ccccc1N2CCN(CC3COC4(CCN(CC4)C(=O)Nc5ccccc5)O3)CC2,CHEMBL3342874,Ki,7.09
1898841,CC1=CNC(=O)N(CCCN2CCN(CC2)c3ccc(F)cc3OCC(F)(F)F)C1=O,CHEMBL24777,Ki,7.1
1901478,CCC1=CNC(=O)N(CCCN2CCN(CC2)c3ccc(F)cc3OCC(F)(F)F)C1=O,CHEMBL53675,Ki,7.1
4051829,CN1CCC(CN2N=C(Cc3ccc(Cl)cc3)c4ccccc4C2=O)C1,CHEMBL1767155,Ki,7.1
4051840,CN1CCC[C@@H]1CN2N=C(Cc3ccc(F)cc3)c4ccccc4C2=O,CHEMBL1767140,Ki,7.1
4051851,CN1C[C@@H](NC[C@H]1c2c[nH]c3cc(Br)ccc23)c4c[nH]c5c(Br)c(Br)cc(O)c45,CHEMBL302882,Ki,7.1
4051861,COC(=O)C1=C(C)NC(=O)N(C1c2ccc(F)c(F)c2)C(=O)NCCCN3CCC(CC3)(c4ccc(C)cc4)c5ccccc5C,CHEMBL145894,Ki,7.1
4051872,COc1cc2nc3CC(CNC(=O)c4occc4)Cc3c(N)c2cc1OC,CHEMBL423018,Ki,7.1
1902056,Cl.COc1cccc(OC)c1OCCNC[C@@H]2COc3cccc(OC)c3O2,CHEMBL2153554,Ki,7.1
4051885,Clc1ccc(CC2=NN(C3CCCN(CCCc4ccc(OCCCN5CCCCCC5)cc4)CC3)C(=O)c6ccccc26)cc1,CHEMBL1767160,Ki,7.1
4051896,Clc1ccc(Cl)c(c1)N2CCN(CCN3C(=O)CC4(CCC4)CC3=O)CC2,CHEMBL55882,Ki,7.1
1903330,Clc1cccc(Cl)c1OCCNCCOc2ccccc2OCc3ccccc3,CHEMBL1255002,Ki,7.1
1901720,OC(=O)C(=O)O.C(COc1ccccc1)NC[C@@H]2COC(O2)(c3ccccc3)c4ccccc4,CHEMBL3739897,Ki,7.1
4051910,COC(=O)C1=C(C)NC(=O)N(C1c2ccc(C)cc2)C(=O)NCCCN3CCC(CC3)(C(=O)OC)c4ccccc4,CHEMBL359173,Ki,7.11
4051921,COC(=O)C1=C(C)NC(=O)N(C1c2ccc(F)cc2)C(=O)NCCCN3CCC(CC3)(C(=O)OC)c4ccccc4,CHEMBL145610,Ki,7.11
4051932,CO\C(=C/1\C(C(=C(C)N=C1C)C(=O)NCCN2CCC(CC2)(c3ccccc3)c4ccccc4)c5ccc(cc5)[N+](=O)[O-])\O,CHEMBL91956,Ki,7.11
1902706,COc1ccc(Cl)cc1S(=O)(=O)N[C@@H]2CC[C@@H](CC2)N3CCN(CC3)c4ccccc4OC(C)C,CHEMBL233816,Ki,7.11
1901390,CC(C)Oc1ccccc1N2CCN(CC2)C3CCC(CC3)NC(=O)Nc4ccc(F)cc4F,CHEMBL403280,Ki,7.12
4051947,COc1cccc(OC)c1OCCNCC2COC(O2)(c3ccccc3)c4ccccc4,CHEMBL1087942,Ki,7.12
4051957,C[C@@H]1OC(=O)N([C@@H]1c2ccc(F)c(F)c2)C(=O)NCCCN3CCC(CC3)c4ccc(F)cc4,CHEMBL2112365,Ki,7.12
1900086,Cl.CCSc1ccccc1NCC2=NCCN2,CHEMBL540035,Ki,7.12
1904209,FC(F)Oc1ccc(cc1)S(=O)(=O)N[C@@H]2CC[C@@H](CC2)N3CCC(CC3)c4ccccc4OCC(F)(F)F,CHEMBL387832,Ki,7.12
1899598,COC(=O)C1=C(C)NC(=C(C1c2ccc(cc2)[N+](=O)[O-])C(=O)NCCCN3CCC(CC3)(c4ccccc4)c5ccccc5)C,CHEMBL448620,Ki,7.13
4051974,COc1ccccc1OCCNC[C@@H]2COC(CO2)(c3ccccc3)c4ccccc4,CHEMBL493283,Ki,7.13
1903525,COc1ccccc1OCCNC[C@H]2CCC([C@@H]2O)(c3ccccc3)c4ccccc4.OC(=O)C(=O)O,CHEMBL1946786,Ki,7.13
4051986,C[C@H]1OC(=O)N([C@@H]1c2ccc(F)c(F)c2)C(=O)NCCCN3CCC(CC3)c4ccc(F)cc4,CHEMBL2111563,Ki,7.13
4051997,Cc1ccccc1N2CCN(CCN3C(=O)CC4(CCCC4)CC3=O)CC2,CHEMBL291908,Ki,7.13
1899361,[O-][N+](=O)c1ccc2C(=O)N(CCCCN3CCC(CC3)N4C(=O)Oc5ccccc45)S(=O)(=O)c2c1,CHEMBL82877,Ki,7.13
4052010,CN1C=C([C@H](N(C)C1=O)c2ccc(F)c(F)c2)C(=O)NCCCN3CCC(CC3)(C#N)c4ccc(F)cc4C#N,CHEMBL93843,Ki,7.14
1902883,COc1cccc(OC)c1OCCNC[C@@H]2COc3ccccc3O2,CHEMBL36622,Ki,7.14
1902894,COc1cccc(OC)c1OCCNC[C@@H]2COc3ccccc3O2.OC(=O)C(=O)O,CHEMBL3740374,Ki,7.14
1902089,COc1ccccc1N2CCN(CCCCN3C(=O)CC4(CCc5ccccc45)CC3=O)CC2,CHEMBL1796050,Ki,7.14
1903817,COc1ccccc1N2CCN(C[C@H]3CO[C@](CN4CCCCCC4=O)(O3)c5ccccc5)CC2,CHEMBL1242632,Ki,7.14
1902905,Cl.COc1cccc(OC)c1OCCNC[C@@H]2COc3ccccc3O2,CHEMBL214986,Ki,7.14
1901287,CC(C)Oc1ccccc1N2CCN(CC2)C3CCC(CC3)NC(=O)Nc4cccc(Cl)c4,CHEMBL257077,Ki,7.15
1905366,COc1ccc(F)cc1OCCNC(C)Cc2cc(C(=O)N)c3c(ccn3CCCO)c2,CHEMBL3810110,IC50,7.15
1903602,COc1ccccc1N2CCN(C[C@@H]3CO[C@@](CN4CCCC4=O)(O3)c5ccccc5)CC2,CHEMBL1242445,Ki,7.15
1899786,CC(C)Oc1ccccc1N2CCN(CC2)C3CCC(CC3)NC(=O)NCc4cccc(F)c4,CHEMBL256041,Ki,7.16
1898924,COCC1=C([C@@H](N(C(=O)N[C@H]2CC[C@H](C2)N3CCC(CC3)c4ccccc4C#N)C(=O)N1)c5ccc(F)c(F)c5)C(=O)OC,CHEMBL292365,Ki,7.16
1903308,COc1ccccc1N2CCN(CC3COC4(CCN(CC4)S(=O)(=O)c5ccc(Cl)cc5)O3)CC2,CHEMBL3342868,Ki,7.16
1904921,COc1ccccc1N2CCN(CC3COC4(CCN(CC4)S(=O)(=O)c5cccc(c5)[N+](=O)[O-])O3)CC2,CHEMBL3342871,Ki,7.16
1903735,CSc1ccc(Cl)cc1NCC2=NCCN2,CHEMBL70751,Ki,7.16
1899665,COC(=O)C1=C(C)N=C(C)N(CCCCCN2CCN(CC2)c3ccccc3OC)C1c4ccc(F)c(F)c4,CHEMBL145587,Ki,7.17
4052048,COC(=O)C1=C(C)NC(=O)N(C1c2cccc(F)c2)C(=O)NCCCN3CCC(CC3)(C(=O)OC)c4ccccc4,CHEMBL356978,Ki,7.17
1902011,COc1ccc(C[C@@H](C)NC[C@H]2Oc3ccccc3O[C@H]2C)cc1S(=O)(=O)N,CHEMBL1630941,Ki,7.17
1901842,COc1ccccc1N2CCN(CC3COC4(CCN(CC4)C(=O)c5ccccc5)O3)CC2,CHEMBL3342859,Ki,7.17
1904978,Fc1ccccc1N2CCN(CCN3C(=O)CC4(CCCC4)CC3=O)CC2,CHEMBL299691,Ki,7.17
4052111,CN1CCN2[C@H]3CCN(CCCc4noc5cc(F)ccc45)C[C@H]3c6cccc1c26,CHEMBL3233412,Ki,7.18
1903750,COc1ccccc1N2CCN(CCN(C(=O)C3CCCCC3)c4ccccn4)CC2,CHEMBL31354,Ki,7.18
1903762,Cl.COc1ccccc1N2CCN(CCN(C(=O)C3CCCCC3)c4ccccn4)CC2,CHEMBL514874,Ki,7.18
1902784,Cl.CSc1ccccc1NCC2=NCCN2,CHEMBL540542,Ki,7.18
1900675,CCCCC1CCN(CCCC(=O)c2ccccc2C)CC1,CHEMBL1242950,Ki,7.19
4052130,CO\C(=C/1\C(C(=C(C)N=C1C)C(=O)NCCCCN2CCC(CC2)(c3ccccc3)c4ccccc4)c5ccc(cc5)[N+](=O)[O-])\O,CHEMBL284470,Ki,7.19
1902773,C(COc1ccccc1)NCC2COC(O2)(c3ccccc3)c4ccccc4,CHEMBL1083181,Ki,7.2
1902178,CC1=CNC(=O)N(CC2(CN3CCN(CC3)c4ccccc4OCC(F)(F)F)CC2)C1=O,CHEMBL55629,Ki,7.2
4052147,CO[C@H]1c2ccccc2[C@H]3C[C@@]13c4c[nH]cn4,CHEMBL1256503,Ki,7.2
4052158,COc1cccc2[C@@H]3CN(CCN4CNc5cc(OC)c(OC)cc5C4)C[C@@H]3CCc12,CHEMBL302192,Ki,7.2
1902839,COc1ccccc1N2CCN(CC3COC4(CCN(CC4)C(=O)c5ccc(cc5)C(F)(F)F)O3)CC2,CHEMBL3342860,Ki,7.2
1902763,OC(=O)C(=O)O.C(COc1ccccc1)NCC2COC(O2)(c3ccccc3)c4ccccc4,CHEMBL37883,Ki,7.2
4052172,CCOc1ccccc1N2CCN(CCn3cnc4c5ccccc5nc4c3O)CC2,CHEMBL433014,Ki,7.21
4052183,COc1cccc2[C@@H]3CN(CCN4CCc5cc(OC)c(OC)cc5C4=O)C[C@@H]3CCc12,CHEMBL291305,Ki,7.21
1900196,Cl.COc1ccc(cc1OCCNC[C@@H]2COc3ccccc3O2)c4ccccc4,CHEMBL214552,Ki,7.21
1899394,CC(C)Oc1ccccc1N2CCN(CC2)C3CCC(CC3)NC(=O)Nc4ccc(F)c(F)c4,CHEMBL256804,Ki,7.22
1900064,COc1cccc(OCCNCC2COC(O2)(c3ccccc3)c4ccccc4)c1,CHEMBL1077168,Ki,7.23
4052200,COC(=O)C1=C(C)NC(=O)N(C1c2cc(F)c(F)c(F)c2)C(=O)NCCCN3CCN(CC3)c4ccccc4C(=O)N,CHEMBL357172,Ki,7.24
1905036,COc1cccc(OC)c1OCCNCC2COc3ccccc3O2,CHEMBL25554,Ki,7.24
4052213,Clc1ccccc1N2CCN(CCN3C(=O)CC4(CCCCC4)CC3=O)CC2,CHEMBL431943,Ki,7.24
655218,COC(=O)C1=C(C)NC(C)=C([C@@H]1C1=CC(=CC=C1)[N+]([O-])=O)C(=O)OCCCN1CCC(CC1)(C1=CC=CC=C1)C1=CC=CC=C1,dexniguldipine,Ki,7.25
1902430,COc1ccccc1N2CCN(CCCCN3C(=O)CC(C)(CC3=O)c4ccccc4)CC2,CHEMBL1796046,Ki,7.25
1904756,COc1ccccc1OCCNCC2COCC(O2)(c3ccccc3)c4ccccc4,CHEMBL2312227,Ki,7.25
1904690,COc1ccccc1OCCNC[C@@H]2COCC(O2)(c3ccccc3)c4ccccc4,CHEMBL493486,Ki,7.25
1898830,C(Cc1cccc2ccccc12)N3CCC4(CC3)CCc5ccccc5O4,CHEMBL101739,Ki,7.26
4052234,COc1ccccc1N2CCN(CCN3CCC4(CCCC4)CC3=O)CC2,CHEMBL57859,Ki,7.26
1903363,CCOc1ccccc1OCCNCC2COC(O2)(c3ccccc3)c4ccccc4,CHEMBL1078953,Ki,7.27
1900951,COc1ccccc1N2CCN(CCCNC3=C(C(=O)C)C(=NN(C)C3=O)C)CC2,CHEMBL79161,Ki,7.27
4052249,Clc1ccc(Cl)c(c1)N2CCN(CCN3C(=O)CCCC3=O)CC2,CHEMBL294235,Ki,7.27
1904866,Fc1ccc(F)c(c1)N2CCN(CCN3C(=O)CC4(CCCC4)CC3=O)CC2,CHEMBL556313,Ki,7.27
1903931,C(COc1ccccc1)NC[C@@H]2COCC(O2)(c3ccccc3)c4ccccc4,CHEMBL493285,Ki,7.28
4052264,C(Cc1cccc2ccccc12)N3CCC4(CC3)Oc5ccccc5C=C4,CHEMBL100878,Ki,7.28
1900510,CCN(CC)c1ccc2C=C(C(=O)Oc2c1)n3cc(CN4CCN(CC4)c5nc(N)c6cc(OC)c(OC)cc6n5)nn3,CHEMBL3582272,IC50,7.28
4052277,CN1C=C([C@H](NC1=O)c2ccc(F)c(F)c2)C(=O)NCCCN3CCC(CC3)(C#N)c4ccc(F)cc4,CHEMBL91616,Ki,7.28
4052288,COc1cccc(c1)C2CCC(CC2)N3CCN(CC3)c4ccccn4,CHEMBL2112778,Ki,7.28
4052299,Clc1ccc(Cl)c(c1)N2CCN(CCN3C(=O)CC4(CCCCC4)CC3=O)CC2,CHEMBL293111,Ki,7.28
1901643,Cn1cnc(c1)S(=O)(=O)Nc2ccc3OC4(CCN(CCc5cccc6ccccc56)CC4)CC(=O)c3c2,CHEMBL101579,Ki,7.28
1900741,COCC1=C([C@@H](N(C(=O)N[C@H]2CC[C@H](C2)N3CCN(CC3)c4ccccc4C#N)C(=O)N1)c5ccc(F)c(F)c5)C(=O)OC,CHEMBL300821,Ki,7.29
4052314,COc1cccc(OC)c1OCCNCC2Oc3ccccc3OC2c4ccc(C)cc4,CHEMBL42539,Ki,7.29
1904656,COc1ccccc1N2CCN(C[C@@H]3CO[C@](CN4CCCCC4=O)(O3)c5ccccc5)CC2,CHEMBL1242542,Ki,7.29
4052327,Cc1ccc2c(NCCCCCCCNc3ccnc4cc(C)ccc34)ccnc2c1,CHEMBL3343982,Ki,7.29
1902145,CC(C)Oc1ccccc1N2CCN(CC2)C3CCC(CC3)NC(=O)Nc4c(Cl)cccc4Cl,CHEMBL256597,Ki,7.3
1752909,CN1CCCC(CC1)N2N=C(Cc3ccc(Cl)cc3)c4ccccc4C2=O,CHEMBL639,Ki,7.3
4052342,COC(=O)C1=C(C)NC(=O)N(C1c2cccc(Cl)c2)C(=O)NCCCN3CCC(CC3)(C(=O)OC)c4ccccc4,CHEMBL143066,Ki,7.3
4052353,CO\C(=C/1\C(C(=C(C)N=C1C)C(=O)OCCCN2CCC(CC2)(c3ccccc3)c4ccccc4)c5ccc(cc5)[N+](=O)[O-])\O,CHEMBL290860,Ki,7.3
4052364,COc1ccc(CC2=NN(C[C@H]3CCCN3CCCCc4ccc(OCCCN5CCCCCC5)cc4)C(=O)c6ccccc26)cc1,CHEMBL1767165,Ki,7.3
4052375,COc1ccc2c(NCCNc3ccnc4cc(OC)ccc34)ccnc2c1,CHEMBL3343978,Ki,7.3
1904143,COc1ccccc1N2CCN(CCNC3=C(C(=O)C)C(=NN(C)C3=O)C)CC2,CHEMBL77901,Ki,7.3
1903456,Cl.Cl.COc1ccccc1N2CCN(CCN3C(=O)CC4(CCCC4)CC3=O)CC2,CHEMBL543741,Ki,7.3
4052390,Clc1ccc(CC2=NN(C[C@H]3CCCN3CCCCCc4ccc(OCCCN5CCCCCC5)cc4)C(=O)c6ccccc26)cc1,CHEMBL1767167,Ki,7.3
1902939,Fc1ccc(N2CCN(CCCN3C(=O)NC=C(Cl)C3=O)CC2)c(OCC(F)(F)F)c1,CHEMBL298838,Ki,7.3
1899473,Fc1ccc2c(c1)C(=O)N(CCCCN3CCC(CC3)N4C(=O)Oc5ccccc45)S2(=O)=O,CHEMBL83592,Ki,7.3
1900974,COC(=O)C1=C(C)NC(=O)N(C1c2ccc(F)c(F)c2)C(=O)NCCCN3CCN(C[C@@H]3C)c4ccccc4[N+](=O)[O-],CHEMBL145547,Ki,7.31
1903489,COc1ccc(Cl)cc1N2CCN(CCCCNC3=C(C(=O)C)C(=NN(C)C3=O)C)CC2,CHEMBL420959,Ki,7.31
1902255,Cl.COc1ccc2CCCCc2c1OCCNC[C@@H]3COc4ccccc4O3,CHEMBL217143,Ki,7.31
4052411,O=C1c2ccccc2CC13CCN(CCc4cccc5ccccc45)CC3,CHEMBL100052,Ki,7.31
4052422,Brc1ccc(Br)c(c1)N2CCN(CCN3C(=O)CC4(CCCC4)CC3=O)CC2,CHEMBL56899,Ki,7.32
4052433,COC(=O)C1=C(C)NC(=O)N(C1c2ccc(Cl)cc2)C(=O)NCCCN3CCC(CC3)(C(=O)OC)c4ccccc4,CHEMBL146163,Ki,7.32
1899092,C[C@H]1OC(=O)N([C@H]1c2ccc(F)c(F)c2)C(=O)NCCCN3CCC(CC3)c4ccc(F)cc4,CHEMBL2114249,Ki,7.32
4052448,Cc1ccc2c(NCCNc3ccnc4cc(C)ccc34)ccnc2c1,CHEMBL3343977,Ki,7.32
1899574,O=C1CC2(CCN(CCc3cccc4ccccc34)CC2)Oc5ccccc15,CHEMBL101869,Ki,7.32
1902078,CC(C)Oc1ccccc1N2CCN(CC2)C3CCC(CC3)N4C(=O)c5ccc6ccc(F)cc6c5C4=O,CHEMBL243866,Ki,7.33
1943268,CC(C)Oc1ccccc1N2CCN(Cc3cccc(c3)C(=O)N4CCCCC4)CC2,CHEMBL10085,Ki,7.33
1901041,COc1ccccc1N2CCN(C[C@H]3CO[C@](CN4C(=O)CCCC4=O)(O3)c5ccccc5)CC2,CHEMBL1242818,Ki,7.33
1902983,COc1ccccc1OCCNCC2COC(O2)(c3ccccc3)c4ccccc4,CHEMBL1082862,Ki,7.33
1902995,COc1ccccc1OCCNCC2COC(O2)(c3ccccc3)c4ccccc4.OC(=O)C(=O)O,CHEMBL286003,Ki,7.33
4052471,Cl.Fc1ccc(N2CCN(CCCCN3CCCC3=O)CC2)c(F)c1,CHEMBL3400596,EC50,7.33
1903220,O[C@@H]1[C@@H](CC[C@H]1Oc2ccccc2)NC[C@H]3COc4ccccc4O3,CHEMBL135973,Ki,7.33
4052484,O=C1CC2(CCCC2)CC(=O)N1CCN3CCN(CC3)c4ccccc4C#N,CHEMBL299022,Ki,7.34
1904612,CC(C)Oc1ccccc1N2CCN(CC2)C3CCC(CC3)N4C(=O)c5cccnc5C4=O,CHEMBL243228,Ki,7.35
4052497,COC(=O)C1=C(C)NC(=O)N(C1c2ccc(F)c(F)c2)C(=O)NCCCN3CCC(CC3)(C(=O)OC)c4ccccc4,CHEMBL298713,Ki,7.35
4052508,CCC1(C)CC(=O)N(CCN2CCN(CC2)c3cc(Cl)ccc3Cl)C(=O)C1,CHEMBL57317,Ki,7.36
1903773,COc1cccc(c1)C2CCC(CC2)N3CCN(CC3)c4ccccc4OC,CHEMBL2112779,Ki,7.36
4052521,Oc1nc2ccccc2n1C3CCN(CC[C@H]4CCCN4S(=O)(=O)c5ccc6cc[nH]c6c5)CC3,CHEMBL115262,Ki,7.36
4052532,COC(=O)C1=C(C)NC(=O)N(C1c2ccc(F)c(F)c2)C(=O)NCCCN3CCN(CC3)c4cccc(c4)C(F)(F)F,CHEMBL145525,Ki,7.37
1900840,COc1ccccc1N2CCN(CC3COC4(CCNCC4)O3)CC2,CHEMBL3342856,Ki,7.37
1943735,OC1(CC2CCC(C1)N2CCCC(=O)c3ccc(F)cc3)c4ccc(Cl)cc4,CHEMBL210578,Ki,7.37
4052547,CO\C(=C/1\C(C(=C(C)N=C1C)C(=O)NCCCN2CCC(CC2)c3ccccc3)c4ccc(Cl)c(c4)[N+](=O)[O-])\O,CHEMBL327931,Ki,7.38
1905022,COc1ccc(Br)cc1S(=O)(=O)N[C@@H]2CC[C@@H](CC2)N3CCN(CC3)c4ccccc4OC(C)C,CHEMBL233849,Ki,7.38
1900364,COc1ccccc1CCCNCC2COC(O2)(c3ccccc3)c4ccccc4,CHEMBL1088072,Ki,7.38
1929506,OC1(CCN(CCCC(=O)c2ccc(F)cc2)C1)c3ccc(Cl)cc3,CHEMBL150161,Ki,7.38
4052564,CC[C@H]1c2ccccc2[C@H]3C[C@@]13c4c[nH]cn4,CHEMBL1256610,Ki,7.39
4052575,COCC1=C([C@H](NC(=O)N1)c2ccc(F)c(F)c2)C(=O)NCCCN3CCC(CC3)c4ccc(F)cc4,CHEMBL92951,Ki,7.39
1903478,CSc1ccc(F)cc1NCC2=NCCN2,CHEMBL72768,Ki,7.39
4052588,CC1=C([C@H](NC(=O)N1)c2ccc(F)c(F)c2)C(=O)NCCCN3CCC(CC3)c4ccc(F)cc4,CHEMBL91405,Ki,7.4
1903170,CC1=NNC(=O)N(CCCN2CCN(CC2)c3ccccc3OCC(F)(F)F)C1=O,CHEMBL55290,Ki,7.4
4052601,CCO[C@H]1c2ccccc2[C@H]3C[C@@]13c4c[nH]cn4,CHEMBL1256565,Ki,7.4
4052612,COc1cc2nc3CC(CNCCOc4c(OC)cccc4OC)CCc3c(N)c2cc1OC,CHEMBL143558,Ki,7.4
4052623,COc1ccc(CCNCC2CCc3ccccc3C2)cc1,CHEMBL282214,Ki,7.4
1903444,COc1ccccc1OCCNCC2CCC(O2)(c3ccccc3)c4ccccc4.OC(=O)C(=O)O,CHEMBL1946779,Ki,7.4
4052636,C[C@]12C[C@]1(Cc3ccccc23)c4c[nH]cn4,CHEMBL1255771,Ki,7.4
4052647,Cc1cccc2c(NCCNc3ccnc4c(C)cccc34)ccnc12,CHEMBL3343979,Ki,7.4
4052658,Clc1ccc(CC2=NN(C[C@@H]3CCCN3CCCCc4ccc(OCCCN5CCCCCC5)cc4)C(=O)c6ccccc26)cc1,CHEMBL1767168,Ki,7.4
4052669,O=C(NC1CCN(CCc2c[nH]c3ccccc23)CC1)c4ccccc4,CHEMBL279516,Ki,7.4
4052680,OC(CC=N)CC1CCN(CC1)c2ccccc2Oc3ccccc3,CHEMBL140450,Ki,7.4
1900465,CC(C)Oc1ccccc1N2CCN(CC2)C3CCC(CC3)NC(=O)Nc4ccccc4Cl,CHEMBL257098,Ki,7.41
1903138,COc1ccc(cc1OC)S(=O)(=O)N[C@@H]2CC[C@H](CC2)N3CCN(CC3)c4ccccc4OCC(F)(F)F,CHEMBL238402,Ki,7.41
1903646,COc1ccccc1N2CCN(CCN3C(=Nc4c(sc5ccc(NC(=O)c6ccccc6)cc45)C3=O)C)CC2,CHEMBL3298020,Ki,7.41
704044,COc1ccccc1N2CCN(CCN(C(=O)C34CCC(CF)(CC3)C4)c5ccccn5)CC2,CHEMBL1910141,Ki,7.42
1899137,CCC1=C(C(N(C(=O)NCCCN2CCC(CC2)(C(=O)OC)c3ccccc3)C(=O)N1)c4ccc(cc4)[N+](=O)[O-])C(=O)OC,CHEMBL123012,Ki,7.43
4052701,Cc1ccc2OC(=O)N(C3CCN(CCCCN4C(=O)c5ccccc5S4(=O)=O)CC3)c2c1,CHEMBL432947,Ki,7.43
4052712,Clc1ccc(Cl)c(c1)C2CCN(CCN3C(=O)CC4(CCCC4)CC3=O)CC2,CHEMBL440118,Ki,7.43
1899025,CC(C)Oc1ccccc1N2CCN(CC2)C3CCC(CC3)NC(=O)Nc4c(F)cccc4F,CHEMBL270589,Ki,7.44
1900218,CC(C)Oc1ccccc1N2CCN(CC2)C3CCC(CC3)NC(=O)Nc4cc(F)ccc4F,CHEMBL257097,Ki,7.44
4052727,CCC1=C(C(C(=C(COCCN)N1)C(=O)N)c2ccc(cc2)[N+](=O)[O-])C(=O)NCCCN3CCC(CC3)(c4ccccc4)c5ccccc5,CHEMBL432026,Ki,7.44
4052738,COC(=O)C1=C(C)NC(=O)N(C1c2ccc(F)c(F)c2)C(=O)NCCCN3CCC(CC3)(c4ccccc4)c5ccccc5,CHEMBL144989,Ki,7.44
4052749,COC(=O)C1=C(C)NC(=O)N(C1c2ccc(F)c(F)c2)C(=O)NCCCN3CCC(CC3)c4ccccc4,CHEMBL145459,Ki,7.44
1902817,COCC1=C([C@@H](N(C(=O)N[C@H]2CC[C@@H](C2)N3CCC(CC3)c4ccccc4C#N)C(=O)N1)c5ccc(F)c(F)c5)C(=O)OC,CHEMBL433832,Ki,7.44
1904745,COc1ccccc1N2CCN(CCN3C(=O)Nc4c(sc5ccc(NC(=O)CCCCc6ccccc6)cc45)C3=O)CC2,CHEMBL3298748,Ki,7.44
4052765,Clc1ccccc1N2CCN(CCN3CCC4(CCCC4)CC3=O)CC2,CHEMBL299454,Ki,7.44
1904220,CCOc1ccccc1OCCNC(C)Cc2cc(C(=O)N)c3c(ccn3CCCO)c2,CHEMBL3809248,IC50,7.45
1902584,Cl.Cl.COc1ccc2CCNc2c1OCCNC[C@H]3COc4ccccc4O3,CHEMBL3216590,Ki,7.45
4052780,O=C1CC2(CCCC2)CC(=O)N1CCN3CCN(CC3)c4ccccc4C5CC5,CHEMBL56804,Ki,7.45
4052791,COCC1=C([C@H](NC(=O)N1)c2ccc(F)c(F)c2)C(=O)NCCCN3CCC(CC3)c4ccc(F)cc4C#N,CHEMBL328763,Ki,7.46
4052802,COc1ccc2c(NCCCCCCCNc3ccnc4cc(OC)ccc34)ccnc2c1,CHEMBL3343983,Ki,7.46
4052813,COc1cccc2[C@@H]3CN(CCN4C(=O)Nc5c(sc6ncc(Cl)nc56)C4=O)C[C@@H]3CCc12,CHEMBL290387,Ki,7.46
4052824,Fc1cc(ccc1N2CCN(CCc3ccc(CN4C(=O)c5ccccc5C4=O)cc3)CC2)C#N,CHEMBL3740874,IC50,7.46
1899229,COC(=O)C1=C(C)N=C(C)N(CCCCCN2CCN(CC2)c3ccccc3C(=O)OC)C1c4ccc(F)c(F)c4,CHEMBL436407,Ki,7.47
1904109,COc1ccccc1N2CCN(CCN3C(=O)Nc4c(sc5ccc(NC(=O)CCCc6ccccc6)cc45)C3=O)CC2,CHEMBL3298747,Ki,7.47
4052839,Cc1ccc(cc1)C(C(=O)NCCCN2CCC(CC2)c3ccccc3)c4ccc(C)cc4,CHEMBL295304,Ki,7.47
1903842,Cl.COc1cccc(OC)c1OCCNC[C@@H]2COc3cccc(Cl)c3O2,CHEMBL2153556,Ki,7.47
4052852,CN1C(=C([C@H](N(C(=O)C)C1=O)c2ccc(F)c(F)c2)C(=O)NCCCN3CCC(CC3)c4ccc(F)cc4)C,CHEMBL90453,Ki,7.48
1901989,COc1ccccc1N2CCN(CCNC3=CC(=NN(C)C3=O)C)CC2,CHEMBL80132,Ki,7.48
4052865,C[C@H]1[C@@H]2c3ccccc3C[C@]12c4c[nH]cn4,CHEMBL1256378,Ki,7.48
1905556,CC(Cc1cc2CCN(CCCO)c2c(c1)C(=O)N)NCCOc3cc(Br)ccc3OCC(F)(F)F,CHEMBL3808726,IC50,7.49
1902617,CC1=CNC(=O)N(CCCN2CCN(CC2)c3ccccc3OCC(F)(F)F)C1=O,CHEMBL56331,Ki,7.5
1899047,CCC1=C(C(N(C(=O)NCCCN2CCN(CC2)c3ccccc3C(=O)N)C(=O)N1)c4ccc(F)cc4F)C(=O)OC,CHEMBL445577,Ki,7.5
1902298,COc1ccc(C[C@@H](C)NC[C@@H]2Oc3ccccc3O[C@@H]2C)cc1S(=O)(=O)N,CHEMBL1630942,Ki,7.5
1904286,COc1ccccc1N2CCN(CCCNC(=O)c3cccc4C(=O)C(=C(Oc34)c5ccccc5)C)CC2,CHEMBL278865,Ki,7.5
1901231,Cc1ccc(Cl)cc1N2CCN(CCc3ccc(CN4C(=O)c5ccccc5C4=O)cc3)CC2,CHEMBL3742103,IC50,7.5
4052888,Clc1ccc(CC2=NN(C3CCCN(CCc4ccc(OCCCN5CCCCCC5)cc4)CC3)C(=O)c6ccccc26)cc1,CHEMBL1765111,Ki,7.5
615355,Clc1ccc(CC2=NN(C[C@H]3CCCN3CCCCc4ccc(OCCCN5CCCCCC5)cc4)C(=O)c6ccccc26)cc1,CHEMBL1767164,Ki,7.5
1904120,CC(C)Oc1ccccc1N2CCN(CC2)[C@@H]3CC[C@H](CC3)NS(=O)(=O)c4ccccc4C#N,CHEMBL234680,Ki,7.51
4052903,CN1CCN2[C@H]3CC[NH+](CCCC(=O)c4ccc(F)cc4)C[C@H]3c5cccc1c25.Cc6ccc(cc6)S(=O)(=O)[O-],CHEMBL3233142,Ki,7.51
4052914,COc1cc2nc(nc(N)c2cc1OC)N3CCN[C@@H](C3)C(=O)NC(C)(C)C,CHEMBL19376,IC50,7.51
1904645,COc1ccccc1N2CCN(CCN3N=C(c4ccccc4)c5c(C)onc5C3=O)CC2,CHEMBL303464,Ki,7.51
1903039,Cl.COc1cccc(OC)c1OCCNC[C@H]2COc3cccc(O)c3O2,CHEMBL2153551,Ki,7.51
4052929,COCC1=C(C(N(C(=O)NCCCN2CCC(CC2)(C#N)c3ccc(F)cc3)C(=O)N1)c4ccc(F)c(F)c4)C(=O)OC,CHEMBL144933,Ki,7.52
1904066,COc1ccccc1N2CCN(CCN3C(=Nc4c(sc5ccc(NC(=O)Cc6ccccc6)cc45)C3=O)C)CC2,CHEMBL3298021,Ki,7.52
1901018,Clc1ccccc1N2CCN(CCCCN3C(=O)CC(CC3=O)c4ccccc4)CC2,CHEMBL1796034,Ki,7.52
4052947,Fc1ccc(OC2CCN(CC[C@H]3CCCN3S(=O)(=O)c4ccc5cc[nH]c5c4)CC2)cc1,CHEMBL413707,Ki,7.52
4052958,COc1cccc2[C@@H]3CN(CCNC(=O)c4cc(OC)c(OC)cc4N)C[C@@H]3CCc12,CHEMBL58612,Ki,7.54
4052969,Cc1ccc(cc1)N2CCN(CCc3ccc(CN4C(=O)c5ccccc5C4=O)cc3)CC2,CHEMBL3740019,IC50,7.54
1904463,Cl.COc1ccc2ccoc2c1OCCNC[C@H]3COc4ccccc4O3,CHEMBL2419769,Ki,7.54
4052982,C(CNc1ccnc2ccccc12)Nc3ccnc4ccccc34,CHEMBL3343975,Ki,7.55
1903243,COCC1=C([C@@H](N(C(=O)N[C@@H]2CC[C@@H](C2)N3CCN(CC3)c4ccccc4C#N)C(=O)N1)c5ccc(F)c(F)c5)C(=O)OC,CHEMBL300766,Ki,7.55
1904932,COc1ccccc1N2CCN(CCN3C(=O)Nc4c(sc5ccc(NC(=O)Cc6ccccc6)cc45)C3=O)CC2,CHEMBL3298746,Ki,7.55
4052997,CCc1nc2c3ccccc3nc2c(O)n1CCCN4CCN(CC4)c5ccccc5OC,CHEMBL99979,Ki,7.56
1901676,COc1cccc(OC)c1OCCNC[C@H]2C[C@H](c3ccccc3)c4ccccc4S2,CHEMBL40325,Ki,7.56
1899720,CN1C(=O)C=NN(CCCCN2CCN(CC2)c3ccccc3OCCF)C1=O,CHEMBL2413153,Ki,7.57
4053012,COC(=O)C1=C(C)NC(=O)N(C1c2ccc(cc2)[N+](=O)[O-])C(=O)NCCCN3CCC(CC3)(c4ccccc4)c5ccccc5,CHEMBL143940,Ki,7.57
1898991,COC(=O)C1=C(C)NC(=O)N(C1c2ccc3nonc3c2)C(=O)NCCCN4CCC(CC4)(C(=O)OC)c5ccccc5,CHEMBL142743,Ki,7.57
4053025,COc1ccccc1N2CCN(CCCn3c(C)nc4c5ccccc5nc4c3O)CC2,CHEMBL316677,Ki,7.57
1902628,COc1cccc2C(CCCNCCOc3ccccn3)CCCc12,CHEMBL344432,Ki,7.58
4053038,Cc1ccc(Cl)cc1N2CCN(CCN3C(=O)CC4(CCCC4)CC3=O)CC2,CHEMBL55654,Ki,7.58
1899797,Fc1ccc(C2CCN(CCCNC(=O)C3=CNC(=O)N[C@@H]3c4ccc(F)c(F)c4)CC2)c(c1)C#N,CHEMBL94188,Ki,7.59
1901265,COC(=O)C1=C(C)NC(=O)N(C1c2ccc(F)c(F)c2)C(=O)NCCCN3CCN(CC3)c4ccccc4C(=O)OC,CHEMBL145338,Ki,7.6
4053053,COC(=O)N1[C@@H](C(=C(C)N(C)C1=O)C(=O)NCCCN2CCC(CC2)c3ccc(F)cc3)c4ccc(F)c(F)c4,CHEMBL93623,Ki,7.6
4053064,Oc1ccccc1N2CCN(CCN(C(=O)C34C5C6C3C7C4C5C67I)c8ccccn8)CC2,CHEMBL1774995,Ki,7.6
1902233,COc1ccccc1N2CCN(CCCCN3C(=O)CC(CC3=O)c4ccccc4)CC2,CHEMBL1796033,Ki,7.62
1902000,Cc1onc(C)c1S(=O)(=O)Nc2ccc3OC4(CCN(CCc5cccc6ccccc56)CC4)CC(=O)c3c2,CHEMBL101610,Ki,7.62
1899160,Clc1ccc2c(c1)C(=O)N(CCCCN3CCC(CC3)N4C(=O)Oc5ccccc45)S2(=O)=O,CHEMBL313990,Ki,7.62
1899563,Fc1ccc(cc1)C2CCN(CCCNC(=O)C3=CNC(=O)N[C@@H]3c4ccc(F)c(F)c4)CC2,CHEMBL94167,Ki,7.62
1900298,O=C1CC2(CCN(CCc3cccc4ccccc34)CC2)Oc5ccc(NS(=O)(=O)Cc6ccccc6)cc15,CHEMBL322688,Ki,7.62
1904132,CN1CCc2c(Cl)ccc3sc(C=C)c(C1)c23,CHEMBL25467,Ki,7.64
1901075,COC(=O)C1=C(C)NC(=O)N(C1c2ccc(F)c(F)c2)C(=O)NCCCN3CCN(CC3)c4ccccc4[N+](=O)[O-],CHEMBL145843,Ki,7.64
4053089,Cc1ccc(cc1)C(C(=O)NCCCN2CCN(CC2)c3ccccc3)c4ccc(C)cc4,CHEMBL435576,Ki,7.64
1905011,CC(C)Oc1ccccc1N2CCN(CC2)C3CCC(CC3)N4C(=O)c5ccncc5C4=O,CHEMBL243229,Ki,7.65
1901401,COc1cc2nc(nc(N)c2cc1OC)N3CCN([C@H]4CCCC[C@H]34)C(=O)C5COc6ccccc6O5,CHEMBL549764,Ki,7.65
1904888,COc1ccccc1N2CCN(CCN3N=C(C(=C(N)C3=O)C(=O)C)c4ccccc4)CC2,CHEMBL301726,Ki,7.66
1904352,Cl.COc1ccc2CCOc2c1OCCNC[C@H]3COc4ccccc4O3,CHEMBL2419771,Ki,7.66
4053108,COc1cccc(OC)c1OCCNC[C@@H]2Oc3ccccc3O[C@H]2c4ccc(C)cc4,CHEMBL72657,Ki,7.68
1905333,COc1ccccc1N2CCN(CCn3c(C)nc4c5ccccc5nc4c3O)CC2,CHEMBL99142,Ki,7.68
1903784,COc1ccccc1N2CCN(CCCNC3=C(C(=O)C)C(=NN(C)C3=O)c4ccccc4)CC2,CHEMBL80260,Ki,7.69
4053123,C[N+](C)(CCOc1ccccc1)CC2COC(O2)(c3ccccc3)c4ccccc4.OC(=O)C(=O)[O-],CHEMBL37212,Ki,7.69
4053135,Clc1ccccc1N2CCN(CCN3C=CC4(CCCC4)CC3=O)CC2,CHEMBL299253,Ki,7.69
1903419,CC(C)Oc1ccccc1OCCNCC2COC(O2)(c3ccccc3)c4ccccc4,CHEMBL1078773,Ki,7.7
4053148,CN1CCC[C@H]1CN2N=C(Cc3ccc(Cl)cc3)c4ccccc4C2=O,CHEMBL1767154,Ki,7.7
4053159,CN1[C@@H](C(=C(C)N(C)C1=O)C(=O)NCCCN2CCC(CC2)c3ccc(F)cc3)c4ccc(F)c(F)c4,CHEMBL90420,Ki,7.7
4053170,COC(=O)C1=C(C)NC(=O)N(C1c2ccc(F)c(F)c2)C(=O)NCCCN3CCC(CC3)(c4ccc(F)cc4)c5ccc(F)cc5,CHEMBL342126,Ki,7.7
1903831,COc1ccccc1OCCNCCOc2ccccc2OCc3ccccc3,CHEMBL1254915,Ki,7.7
1901344,C[C@H](Cc1cc2CCN(CCCO)c2c(c1)C(=O)N)NCCOc3ccccc3OCC(F)(F)F,CHEMBL24778,Ki,7.7
1899462,Cc1ccc2c(c1)C(=O)N(CCCCN3CCC(CC3)N4C(=O)Oc5ccccc45)S2(=O)=O,CHEMBL81006,Ki,7.7
1902595,FC(F)(F)c1ccc(cc1)N2CCN(CCc3ccc(CN4C(=O)c5ccccc5C4=O)cc3)CC2,CHEMBL3742253,IC50,7.71
1903558,COc1ccccc1N2CCN(CCN3C(=Nc4c(sc5ccc(NC(=O)CCCC(=O)NCc6ccccc6)cc45)C3=O)C)CC2,CHEMBL3298022,Ki,7.72
4053191,Cc1ccc2nccc(NCCNc3ccnc4ccc(C)cc34)c2c1,CHEMBL3343976,Ki,7.72
754144,Cc1ccccc1CN2CCC(CC2)N3CCC(CC3)N4C(=O)Nc5ccccc45,CHEMBL522460,Ki,7.72
1902441,Cl.COc1ccc2CCCCc2c1OCCNC[C@H]3COc4ccccc4O3,CHEMBL383938,Ki,7.72
4053206,Fc1ccc(cc1)C(=O)C2CCN(CC[C@H]3CCCN3S(=O)(=O)c4ccc5cc[nH]c5c4)CC2,CHEMBL114345,Ki,7.72
1904297,COc1ccccc1N2CCN(C[C@@H]3CO[C@](CN4CCCCCC4=O)(O3)c5ccccc5)CC2,CHEMBL1242633,Ki,7.74
1902397,CC(C)Oc1ccccc1N2CCN(CC2)C3CCC(CC3)N4C(=O)c5cccc(F)c5C4=O,CHEMBL243694,Ki,7.75
4053221,CC1=C(C(C(=C(COCCN)N1)C(=O)NCCCN2CCC(CC2)c3ccccc3)c4ccc(cc4)[N+](=O)[O-])C(=O)N,CHEMBL95548,Ki,7.75
1901187,COC(=O)C1=C(C)NC(=O)N(C1c2ccc(F)c(F)c2)C(=O)NCCCN3CCN(CC3)c4ccccc4OC,CHEMBL146654,Ki,7.75
1904044,Cl.COc1cccc(c1OCCNC[C@H]2COc3ccccc3O2)c4ccccc4,CHEMBL215151,Ki,7.75
1904967,COc1ccc(Cl)cc1N2CCN(CCN3C(=Nc4c(sc5ccccc45)C3=O)C)CC2,CHEMBL222896,Ki,7.76
1905389,COc1ccccc1N2CCN(CCN3C(=Nc4c(sc5ccccc45)C3=O)C)CC2,CHEMBL220221,Ki,7.76
1900254,COC(=O)C1=C(C)NC(=O)N(C1c2ccc(F)c(F)c2)C(=O)NCCCN3CCN(CC3)c4ccc(Cl)cc4,CHEMBL142307,Ki,7.77
1902961,COC(=O)C1=C(C)NC(=O)N(C1c2ccc(F)c(F)c2)C(=O)NCCCN3CCN(CC3)c4ccccc4C,CHEMBL344525,Ki,7.77
4053244,Clc1ccc(C#N)c(c1)N2CCN(CCN3C(=O)CC4(CCCC4)CC3=O)CC2,CHEMBL57868,Ki,7.77
4053255,CC[C@H]1[C@@H]2c3ccccc3C[C@]12c4c[nH]cn4,CHEMBL1255723,Ki,7.78
1903724,COc1ccccc1N2CCN(CC3COC4(CCN(Cc5ccccc5)CC4)O3)CC2,CHEMBL3342853,Ki,7.78
1900985,COc1cc2nc(nc(N)c2cc1OC)N3CCN(CC3)C(=S)Nc4ccc(C5=C6C=CC(=O)C=C6Oc7cc(O)ccc57)c(c4)C(=O)O,CHEMBL3582271,IC50,7.79
4053270,COc1cccc2[C@@H]3CN(CCN4C(=O)Nc5c(C)cc(C)cc5C4=O)C[C@@H]3CCc12,CHEMBL291769,Ki,7.79
1902134,CC(C)(Cc1c[nH]c2ccc(Cl)cc12)NCCOc3ccccc3OCC4CC4,CHEMBL88272,Ki,7.8
1903624,CC1=C(C)C(=O)N(CCCN2CCN(CC2)c3ccccc3OCC(F)(F)F)C(=O)N1,CHEMBL292189,Ki,7.8
1901831,CC1=C(Oc2c(cccc2C1=O)C(=O)NCCCN3CCN(CC3)c4ccccc4OCc5no[n+]([O-])c5C(=O)N)c6ccccc6,CHEMBL125365,Ki,7.8
1904264,CC1=CNC(=O)N(CCN2CCN(CC2)c3ccc(F)cc3OCC(F)(F)F)C1=O,CHEMBL293149,Ki,7.8
4053289,CN1CCC[C@@H]1CN2N=C(Cc3ccc(C)cc3)c4ccccc4C2=O,CHEMBL1767141,Ki,7.8
1901176,COC(=O)C1=C(C)NC(=O)N(C1c2ccc(F)c(F)c2)C(=O)NCCCN3CCN(CC3)c4ccccc4O,CHEMBL141821,Ki,7.8
1901500,COc1ccc(CCN2CCC(CC2)c3oc(c(COCC(F)(F)F)n3)c4ccc(F)cc4)cc1S(=O)(=O)N,CHEMBL267336,Ki,7.8
1904198,COc1cccc(OC)c1[S+]([O-])CCNCCOc2ccccc2OCc3ccccc3,CHEMBL1254660,Ki,7.8
1903319,COc1ccccc1N2CCN(CCCN3C(=O)Nc4scc(c5ccccc5)c4C3=O)CC2,CHEMBL14199,Ki,7.8
1903397,Cl.COc1ccc2ccccc2c1OCCNC[C@H]3COc4ccccc4O3,CHEMBL217469,Ki,7.8
4053310,Clc1ccc(Cl)c(c1)N2CCN(CCN3C=CC4(CCCC4)CC3=O)CC2,CHEMBL292366,Ki,7.8
1903374,CN1N=C(Cl)c2cn3nc(NCCN4CCN(CC4)c5ccccc5)ccc3c2C1=O,CHEMBL51074,Ki,7.81
1905678,CC(C)Oc1ccccc1N2CCN(CC2)C3CCC(CC3)N4C(=O)c5ccc6ccccc6c5C4=O,CHEMBL243864,Ki,7.82
1899058,CCOC(=O)C1=C(C)NC(=O)N(C1c2ccc(cc2)[N+](=O)[O-])C(=O)NCCCN3CCC(CC3)(C(=O)OC)c4ccccc4,CHEMBL142957,Ki,7.82
1904723,CCc1sc2ccc(Cl)c3CCN(C)Cc1c23,CHEMBL123448,Ki,7.82
1902342,COC(=O)C1=C(C)NC(=O)N(C1c2ccc(F)c(F)c2)C(=O)NCCCN3CCN(CC3)c4ccccc4C#N,CHEMBL145190,Ki,7.82
1902473,COC(=O)C1=C(C)NC(=O)N(C1c2ccc(F)c(F)c2)C(=O)NCCCN3CCN(CC3)c4ccccc4Cl,CHEMBL142398,Ki,7.82
1903028,COCC1=C([C@@H](N(C(=O)N[C@H]2CC[C@@H](C2)N3CCN(CC3)c4ccccc4C#N)C(=O)N1)c5ccc(F)c(F)c5)C(=O)OC,CHEMBL278716,Ki,7.82
4053335,COc1cc2N=CN(CCN3C[C@@H]4CCc5c(OC)cccc5[C@@H]4C3)C(=O)c2cc1OC,CHEMBL445325,Ki,7.82
1899306,COc1ccc2c(c1)C(=O)N(CCCCN3CCC(CC3)N4C(=O)Oc5ccccc45)S2(=O)=O,CHEMBL83340,Ki,7.82
1904165,COc1ccccc1N2CCN(CCNc3ccc4c5C(=O)N(C)N=C(Cl)c5cn4n3)CC2,CHEMBL301078,Ki,7.82
1903657,CSc1cc(F)ccc1NCC2=NCCN2,CHEMBL306792,Ki,7.82
4053352,COc1cc2nc(nc(N)c2cc1OC)N3CCN(CC3)C(=O)C(C)Oc4c(OC)cccc4C(C)C,CHEMBL136458,Ki,7.83
4053363,CCOc1ccccc1N2CCN(CCN3C(=O)Nc4c([nH]c5ccccc45)C3=O)CC2,CHEMBL317555,Ki,7.84
1903569,COCC1=C([C@@H](N(C(=O)N[C@@H]2CC[C@H](C2)N3CCN(CC3)c4ccccc4C#N)C(=O)N1)c5ccc(F)c(F)c5)C(=O)OC,CHEMBL56974,Ki,7.85
1900621,O=C1Oc2ccccc2N1C3CCN(CCCCN4C(=O)c5ccccc5S4(=O)=O)CC3,CHEMBL311890,Ki,7.85
4053378,COc1ccccc1N2CCN(CCn3cnc4c5ccccc5nc4c3O)CC2,CHEMBL433203,Ki,7.86
1902695,CN1N=C(Cl)c2cn3nc(NCCN4CCN(CC4)c5ccccc5Cl)ccc3c2C1=O,CHEMBL49851,Ki,7.87
1899609,CO\C(=C/1\C(C(=C(C)N=C1C)C(=O)NCCCN2CCC(CC2)c3ccccc3)c4ccc(cc4)[N+](=O)[O-])\O,CHEMBL91022,Ki,7.87
4053393,Clc1ccc(Cl)c(c1)N2CCN(CCCN3C(=O)CC4(CCCC4)CC3=O)CC2,CHEMBL55319,Ki,7.87
4053404,CC(CN1CCN(CC1)c2cc(Cl)ccc2Cl)N3C(=O)CC4(CCCC4)CC3=O,CHEMBL300152,Ki,7.88
1901321,COC(=O)C1=C(C)NC(=O)N(C1c2ccc(F)c(F)c2)C(=O)NCCCN3CCN(C[C@H]3C)c4ccccc4[N+](=O)[O-],CHEMBL341849,Ki,7.89
1903886,CCOc1ccccc1OCCNCCOc2ccccc2OCc3ccccc3,CHEMBL1254914,Ki,7.9
1751093,CN1CCC[C@@H]1CN2N=C(Cc3ccc(Cl)cc3)c4ccccc4C2=O,CHEMBL1767136,Ki,7.9
1904275,COc1ccc(Cl)cc1N2CCN(CCCNc3nccc(n3)C(=O)N)CC2,CHEMBL24981,Ki,7.9
4053423,COc1cccc2[C@@H]3CN(CCN4C(=O)Nc5nccnc5C4=O)C[C@@H]3CCc12,CHEMBL62206,Ki,7.9
1901544,Cl.COc1cc2nc3CC(CNC(=O)c4cccc(c4)C(F)(F)F)CCc3c(N)c2cc1OC,CHEMBL2112853,Ki,7.9
1902795,O=C1N(Cc2ccc(CCN3CCN(CC3)c4ccccn4)cc2)C(=O)c5ccccc15,CHEMBL3739533,IC50,7.9
1902211,COc1cc2nc3CC(CNC(=O)c4occc4)CCc3c(N)c2cc1OC,CHEMBL144286,Ki,7.91
1902045,COc1cccc(OC)c1OCCNCC2CC(c3ccccc3)c4ccccc4C2,CHEMBL42231,Ki,7.91
4053444,Oc1ccccc1N2CCN(CCN3C(=O)Nc4c([nH]c5ccccc45)C3=O)CC2,CHEMBL99879,Ki,7.93
4053455,CCCO[C@H]1c2ccccc2[C@H]3C[C@@]13c4c[nH]cn4,CHEMBL1256566,Ki,7.94
4053466,Clc1ccccc1N2CCCN(CCN3C(=O)CC4(CCCC4)CC3=O)CC2,CHEMBL298595,Ki,7.94
4053477,COc1cccc2[C@@H]3CN(CCN4C(=O)Nc5cc(sc5C4=O)c6ccccc6)C[C@@H]3CCc12,CHEMBL58105,Ki,7.95
1902375,Cl.COc1ccc(cc1OCCNC[C@H]2COc3ccccc3O2)c4ccccc4,CHEMBL214694,Ki,7.96
1904591,COc1ccc(Cl)cc1N2CCN(CCN3C(=O)Nc4c([nH]c5ccccc45)C3=O)CC2,CHEMBL386005,Ki,7.97
4053492,COc1cccc2[C@@H]3CN(CCN4C(=O)Nc5ccncc5C4=O)C[C@@H]3CCc12,CHEMBL291588,Ki,7.98
706402,CC1=C(CCN2CCC(CC2)c3noc4cc(F)ccc34)C(=O)N5CCCCC5=N1,risperidone,Ki,8.0
4053504,CC1=CNC(=O)N(CCCCN2CCN(CC2)c3ccc(F)cc3OCC(F)(F)F)C1=O,CHEMBL55695,Ki,8.0
707251,CN1CCN(CC1)C2=Nc3cc(Cl)ccc3Nc4ccccc24,clozapine,Ki,8.0
1905146,COc1ccccc1N2CCN(CCN3C(=O)Nc4c(sc5ccc(NC(=O)c6ccccc6)cc45)C3=O)CC2,CHEMBL3298745,Ki,8.0
1904678,COc1ccccc1N2CCN(C[C@@H]3CO[C@](CN4C(=O)CC5(CCCC5)CC4=O)(O3)c6ccccc6)CC2,CHEMBL1241557,Ki,8.0
1900052,CSc1ccc2c(c1)C(=O)N(CCCCN3CCC(CC3)N4C(=O)Oc5ccccc45)S2(=O)=O,CHEMBL309518,Ki,8.0
1905811,Clc1ccc(Cl)c(c1)N2CCN(CCN3C(=O)CC4(CCCC4)CC3=O)CC2,CHEMBL56438,Ki,8.0
4053525,Fc1ccc(Cl)c(c1)N2CCN(CCN3C(=O)CC4(CCCC4)CC3=O)CC2,CHEMBL293539,Ki,8.0
4053536,CN(CC1CCCCC1)[C@H]2C3C4CC5C6C4CC3C6C25,CHEMBL2432063,Ki,8.03
4053547,COc1cccc2[C@@H]3CN(CCN4C(=O)Nc5cc(OC)c(Cl)cc5C4=O)C[C@@H]3CCc12,CHEMBL62109,Ki,8.03
1903692,COc1ccccc1N2CCN(C[C@H]3CO[C@](CN4C(=O)CC5(CCCC5)CC4=O)(O3)c6ccccc6)CC2,CHEMBL1242912,Ki,8.03
4053560,COc1cccc(OC)c1OCC(=O)N2CCN(CC2)c3nc(N)c4cc(OC)c(OC)cc4n3,CHEMBL335731,Ki,8.04
1905523,COc1ccccc1N2CCN(CCN3C(=O)Nc4scc(c5cccc(C)c5)c4C3=O)CC2,CHEMBL13856,Ki,8.04
4053573,CCC[C@H]1c2ccccc2[C@H]3C[C@@]13c4c[nH]cn4,CHEMBL1255616,Ki,8.05
1901920,COc1cc2nc3CC(CNC(=O)c4ccc(cc4)C(F)(F)F)CCc3c(N)c2cc1OC,CHEMBL143026,Ki,8.05
1903875,COc1ccccc1N2CCN(CC3CCC(O3)(c4ccccc4)c5ccccc5)CC2.OC(=O)C(=O)O,CHEMBL1946780,Ki,8.05
1904712,COc1ccccc1N2CCN(CCN3C(=O)Nc4c(sc5ccccc45)C3=O)CC2,CHEMBL220781,Ki,8.05
1902462,CCOc1ccccc1N2CCN(CCCNC(=O)N3C(C(=C(C)NC3=O)C(=O)OC)c4ccc(F)c(F)c4)CC2,CHEMBL142251,Ki,8.06
1900996,COc1cc2nc(nc(N)c2cc1OC)N3CCN([C@@H](C3)C(=O)NC(C)(C)C)C(=O)OCc4ccccc4,CHEMBL19476,IC50,8.06
4053594,COc1ccccc1OCC(=O)N2CCN(CC2)c3nc(N)c4cc(OC)c(OC)cc4n3,CHEMBL343283,Ki,8.07
1900829,COC(=O)C1=C(C)NC(=O)N(C1c2ccc(F)c(F)c2)C(=O)NCCCN3CCN(CC3)c4cccc(Cl)c4,CHEMBL145443,Ki,8.08
1902861,COc1ccccc1N2CCN(CC3COC4(CCN(CC4)S(=O)(=O)c5ccc(C)cc5)O3)CC2,CHEMBL3342867,Ki,8.08
4053609,COc1cccc2[C@@H]3CN(CCN4C(=O)Nc5cccnc5C4=O)C[C@@H]3CCc12,CHEMBL299907,Ki,8.09
4053620,COc1ccccc1OCCN(C)CCN2C(=O)CC3(CCCC3)CC2=O,CHEMBL417939,Ki,8.09
1899484,CN1C=C([C@H](NC1=O)c2ccc(F)c(F)c2)C(=O)NCCCN3CCC(CC3)c4ccc(F)cc4C#N,CHEMBL90086,Ki,8.1
1903580,COc1ccc(Cl)cc1N2CCN(CCCNC3=C(C(=O)C)C(=NN(C)C3=O)C)CC2,CHEMBL80599,Ki,8.1
1905080,COc1cccc(Cl)c1OCCNCCOc2ccccc2OCc3ccccc3,CHEMBL1254828,Ki,8.1
1401374,COc1cccc2C(CCCN3CCN(CC3)c4ccccn4)CCCc12,CHEMBL444590,Ki,8.1
4053642,Clc1ccc(Cl)c(c1)N2CCN(CCN3CCC4(CCCC4)CC3=O)CC2,CHEMBL301224,Ki,8.1
4053653,Clc1ccccc1C2CCN(CCN3C(=O)CC4(CCCC4)CC3=O)CC2,CHEMBL56292,Ki,8.11
1904341,COc1ccccc1N2CCN(CCN3C(=Nc4c(sc5ccc(NC(=O)CCCNC(=O)Cc6ccccc6)cc45)C3=O)C)CC2,CHEMBL3298024,Ki,8.12
1901808,COC(=O)C1=C(C)NC(=O)N(C1c2ccc(F)c(F)c2)C(=O)NCCCN3CCN(CC3)c4ccccc4,CHEMBL342731,Ki,8.13
1901610,COc1cc2nc3CC(CNC(=O)c4ccccc4C(F)(F)F)CCc3c(N)c2cc1OC,CHEMBL145785,Ki,8.13
1903806,COc1ccccc1N2CCN(CCN3C(=O)Nc4c(sc5ccc(NC(=O)CCCN(C)Cc6ccccc6)cc45)C3=O)CC2,CHEMBL3298018,Ki,8.13
583730,[H][C@@]12CC[C@H](O)[C@H](C(=O)OC)[C@@]1([H])C[C@]1([H])N(CCC3=C1NC1=C3C=CC=C1)C2,yohimbine,Ki,8.14
1901566,Fc1ccc2N(C3CCN(CCCCN4C(=O)c5ccccc5S4(=O)=O)CC3)C(=O)Oc2c1,CHEMBL83272,Ki,8.14
4053676,COc1cccc2[C@@H]3CN(CCN4C(=O)Nc5c(C)c(OC)sc5C4=O)C[C@@H]3CCc12,CHEMBL294027,Ki,8.15
1394224,Fc1ccc(cc1)C(=O)CCCN2CCC3(CC2)N(CNC3=O)c4ccccc4,spiperone,Ki,8.15
1904734,COc1cccc(OC)c1CCCNCCOc2ccccc2OCc3ccccc3,CHEMBL1254659,Ki,8.16
1904822,COc1cccc2[C@@H]3CN(CCN4C(=O)Nc5c(sc6cccnc56)C4=O)C[C@@H]3CCc12,CHEMBL40650,Ki,8.16
1904989,COc1ccccc1N2CCN(CC3COC(O3)(c4ccccc4)c5ccccc5)CC2.OC(=O)C(=O)O,CHEMBL1946777,Ki,8.17
1905000,COc1ccccc1N2CCN(CC3OCC(O3)(c4ccccc4)c5ccccc5)CC2,CHEMBL1242352,Ki,8.17
4053697,CS(=O)(=O)c1ccc2C(=O)N(CCCCN3CCC(CC3)N4C(=O)Oc5ccccc45)S(=O)(=O)c2c1,CHEMBL81173,Ki,8.17
1900884,Cc1ccc(cc1)C(C(=O)NCCCN2CCN(CC2)c3ccccc3C)c4ccc(C)cc4,CHEMBL415887,Ki,8.18
1903853,CC1=C(Oc2c(cccc2C1=O)C(=O)NCCCN3CCN(CC3)c4ccccc4OCc5no[n+]([O-])c5C#N)c6ccccc6,CHEMBL125989,Ki,8.19
4053712,COc1cccc2[C@@H]3CN(CCN4C(=O)Nc5cc(OC)c(OC)cc5C4=O)C[C@@H]3CCc12,CHEMBL291303,Ki,8.19
1905058,COc1ccccc1N2CCN(CCN3C(=Nc4c(sc5ccc(NC(=O)CCCC(=O)NCCc6ccccc6)cc45)C3=O)C)CC2,CHEMBL3298023,Ki,8.19
1904800,COc1ccccc1N2CCN(CCN3C(=O)Nc4c(sc5ccc(NC(=O)CCCC(=O)NCCc6ccccc6)cc45)C3=O)CC2,CHEMBL3298017,Ki,8.19
4053727,CN1CCC(CC1)N2N=C(Cc3ccc(Cl)cc3)c4ccccc4C2=O,CHEMBL1767156,Ki,8.2
1904440,COc1ccccc1COc2ccccc2OCCNCCOc3c(OC)cccc3OC,CHEMBL198431,Ki,8.2
4053740,FC(F)(F)COc1ccccc1N2CCN(CCCN3C(=O)NC=C(C3=O)C(F)(F)F)CC2,CHEMBL301650,Ki,8.2
4053751,C[C@H]1c2ccccc2[C@H]3C[C@@]13c4c[nH]cn4,CHEMBL1256609,Ki,8.21
1901366,COc1cc2nc(nc(N)c2cc1OC)N3CCN([C@H]4CCCC[C@@H]34)C(=O)c5ccccn5,CHEMBL242725,Ki,8.23
1905157,COc1cccc(OC)c1OCCNC[C@H]2COc3ccccc3O2,CHEMBL1182155,Ki,8.24
1905168,COc1cccc(OC)c1OCCNC[C@H]2COc3ccccc3O2.OC(=O)C(=O)O,CHEMBL3741808,Ki,8.24
1905190,Cl.COc1cccc(OC)c1OCCNC[C@H]2COc3ccccc3O2,CHEMBL215421,Ki,8.24
1904844,COc1ccc(C[C@@H](C)NCCOc2ccccc2OCC(F)(F)F)cc1S(=O)(=O)N,CHEMBL1630940,Ki,8.26
1902739,COc1ccccc1N2CCN(CCCNC3=CC(=NN(C)C3=O)c4ccccc4)CC2,CHEMBL78785,Ki,8.26
4053775,COc1cc2nc(nc(N)c2cc1OC)N3CCN(CC3)C(=O)CC(=O)c4ccccc4,CHEMBL434228,Ki,8.27
4053787,Clc1ccc(Cl)c(c1)N2CCN(CCCCN3C(=O)CC4(CCCC4)CC3=O)CC2,CHEMBL59262,Ki,8.27
4053799,CC(C)Oc1ccccc1N2CCN(CCN3C(=O)CC4(CCCC4)CC3=O)CC2,CHEMBL60583,Ki,8.3
1904899,COc1cccc(C)c1OCCNCCOc2ccccc2OCc3ccccc3,CHEMBL1254829,Ki,8.3
1905178,COc1cccc(c1OCCNCCOc2ccccc2OCc3ccccc3)[N+](=O)[O-],CHEMBL1254743,Ki,8.3
1904451,FC(F)(F)COc1ccccc1N2CCN(CCCN3C(=O)Nc4ccccc4C3=O)CC2,CHEMBL56863,Ki,8.3
4053816,CN1[C@@H](C(=C(C)NC1=O)C(=O)NCCCN2CCC(CC2)c3ccc(F)cc3)c4ccc(F)c(F)c4,CHEMBL90606,Ki,8.32
1903795,CC1=C(Oc2c(cccc2C1=O)C(=O)NCCCN3CCN(CC3)c4ccccc4OCc5no[n+]([O-])c5C)c6ccccc6,CHEMBL338608,Ki,8.33
1905634,COc1ccccc1N2CCN(CCN3C(=O)Nc4scc(c5ccccc5)c4C3=O)CC2,CHEMBL268758,Ki,8.33
1904011,COC(=O)[C@@H]1[C@@H](O)CC[C@@H]2CN3CCc4c([nH]c5ccccc45)[C@@H]3C[C@H]12,CHEMBL10347,Ki,8.34
4053833,COc1cc2nc(nc(N)c2cc1OC)N3CCN(CC3)C(=O)CCC(=O)c4ccccc4,CHEMBL424658,Ki,8.35
1905766,COc1ccc(Cl)cc1N2CCN(CCN3C(=Nc4c([nH]c5ccccc45)C3=O)C)CC2,CHEMBL220515,Ki,8.35
4053846,COc1ccccc1N2CCN(CCN3C(=O)N(C)c4scc(c5ccccc5)c4C3=O)CC2,CHEMBL14213,Ki,8.35
1902640,COc1cccc2c(CCCN3CCN(CC3)c4ccccn4)cccc12,CHEMBL139505,Ki,8.38
4053859,COc1cccc2[C@@H]3CN(CCN4C(=O)Nc5cc(C)c(C)cc5C4=O)C[C@@H]3CCc12,CHEMBL60510,Ki,8.39
1905321,COc1ccc(Cl)cc1N2CCN(CCNC3=C(C(=O)C)C(=NN(C)C3=O)c4ccccc4)CC2,CHEMBL80458,Ki,8.4
1905201,CN1N=C(C(=C(NCCN2CCN(CC2)c3ccccc3F)C1=O)C(=O)C)c4ccccc4,CHEMBL420205,Ki,8.42
4053874,COc1ccc2NC(=O)N(CCN3C[C@@H]4CCc5c(OC)cccc5[C@@H]4C3)C(=O)c2c1,CHEMBL61225,Ki,8.43
1905245,COc1ccccc1N2CCN(CCN3C(=O)Nc4sc(C)c(c5ccccc5)c4C3=O)CC2,CHEMBL13754,Ki,8.43
4053889,C1[C@@H]2c3ccccc3C[C@]12c4c[nH]cn4,CHEMBL1256414,Ki,8.45
4053900,CCC[C@H]1[C@@H]2c3ccccc3C[C@]12c4c[nH]cn4,CHEMBL1255724,Ki,8.45
1899416,COc1cc2nc(nc(N)c2cc1OC)N3CCN([C@@H](C3)C(=O)NC(C)(C)C)C(=O)c4occc4,CHEMBL19826,Ki,8.46
4053913,Cl.Cc1ccccc1N2CCN(CCCCN3CCCC3=O)CC2,CHEMBL3400593,EC50,8.46
4053924,COC(=O)c1cc2NC(=O)N(CCN3C[C@@H]4CCc5c(OC)cccc5[C@@H]4C3)C(=O)c2s1,CHEMBL293236,Ki,8.47
4053935,COc1cc2N(C)C(=O)N(CCN3C[C@@H]4CCc5c(OC)cccc5[C@@H]4C3)C(=O)c2cc1OC,CHEMBL58862,Ki,8.48
4053946,COc1cccc2[C@@H]3CN(CCN4C(=O)Nc5cc(ccc5C4=O)[N+](=O)[O-])C[C@@H]3CCc12,CHEMBL304215,Ki,8.48
4053957,COc1cccc2[C@@H]3CN(CCN4C(=O)Nc5ncccc5C4=O)C[C@@H]3CCc12,CHEMBL60722,Ki,8.48
1905799,COc1ccccc1N2CCN(CCNC3=C(C(=O)C)C(=NN(C)C3=O)c4ccccc4)CC2,CHEMBL80641,Ki,8.48
1904634,COc1cc2nc(nc(N)c2cc1OC)N3CCN([C@H]4CCCC[C@@H]34)C(=O)c5ccc[nH]5,CHEMBL389978,Ki,8.5
4053972,COc1cccc2[C@@H]3CN(CCN4C(=O)Nc5cnccc5C4=O)C[C@@H]3CCc12,CHEMBL432147,Ki,8.51
1902288,Oc1nc2ccccc2n1C3CCN(CCCCN4C(=O)c5ccccc5C4=O)CC3,CHEMBL311247,Ki,8.52
4053985,COc1ccccc1C2CCN(CCN3C(=O)Nc4c([nH]c5ccccc45)C3=O)CC2,CHEMBL99761,Ki,8.54
1903956,COc1cccc(OC)c1OCCNCCOc2ccccc2Cc3ccccc3,CHEMBL42558,Ki,8.55
1905455,Cl.COc1cccc(OC)c1OCCNC[C@H]2COc3cccc(OC)c3O2,CHEMBL2153553,Ki,8.56
4054000,COc1cccc2[C@@H]3CN(CCN4C(=O)Nc5cc(Cl)ccc5C4=O)C[C@@H]3CCc12,CHEMBL60471,Ki,8.57
1905444,COc1ccccc1N2CCN(CCN3C(=O)Nc4c(sc5ccc(NC(=O)CCC(=O)NCc6ccccc6)cc45)C3=O)CC2,CHEMBL3298749,Ki,8.57
4054013,COc1cccc2[C@@H]3CN(CCN4C(=O)Nc5[nH]ccc5C4=O)C[C@@H]3CCc12,CHEMBL294098,Ki,8.59
4054024,Clc1ccccc1N2CCN(CCN3C(=O)Nc4c([nH]c5ccccc45)C3=O)CC2,CHEMBL57163,Ki,8.59
1904910,COc1cccc(OC)c1OCCNCCOc2ccccc2OCc3ccccc3[N+](=O)[O-],CHEMBL200136,Ki,8.6
4054037,Cl.Clc1ccccc1N2CCN(CCCCN3CCCC3=O)CC2,CHEMBL3400597,EC50,8.6
1905234,Cl.COc1cccc(OC)c1OCCNC[C@H]2COc3cccc(F)c3O2,CHEMBL2153557,Ki,8.62
4054050,COc1cccc2[C@@H]3CN(CCN4C(=O)Nc5c(C(C)C)c(OC)sc5C4=O)C[C@@H]3CCc12,CHEMBL291528,Ki,8.64
4054061,COc1cccc2[C@@H]3CN(CCN4C(=O)Nc5c(OC)cccc5C4=O)C[C@@H]3CCc12,CHEMBL302203,Ki,8.64
1905102,Cl.COc1cccc(OC)c1OCCNC[C@H]2COc3cccc(Cl)c3O2,CHEMBL2153555,Ki,8.66
1905500,COc1ccc(C[C@@H](C)NCCOc2ccccc2OCc3ccccc3)cc1S(=O)(=O)N,CHEMBL1630939,Ki,8.68
4054076,COc1cccc2[C@@H]3CN(CCN4C(=O)Nc5sccc5C4=O)C[C@@H]3CCc12,CHEMBL292881,Ki,8.68
1904187,COc1ccc(Cl)cc1N2CCN(CCCNC3=CC(=NN(C)C3=O)c4ccccc4)CC2,CHEMBL78676,Ki,8.7
1905512,COc1cccc(COc2ccccc2OCCNCCOc3c(OC)cccc3OC)c1,CHEMBL427552,Ki,8.7
1902750,COc1ccccc1N2CCN(CCNC3=CC(=NN(C)C3=O)c4ccccc4)CC2,CHEMBL311479,Ki,8.7
1905656,COc1ccc(C[C@@H](C)NCCOc2ccccc2OC(C)C)cc1S(=O)(=O)N,CHEMBL1630938,Ki,8.72
1905968,COc1ccccc1N2CCN(CCN3C(=O)Nc4c(sc5ccc(NC(=O)CCCC(=O)N(C)Cc6ccccc6)cc45)C3=O)CC2,CHEMBL3297829,Ki,8.72
4054097,COc1ccccc1N2CCN(CCN3C(=O)Nc4sc(cc4C3=O)c5ccccc5)CC2,CHEMBL13903,Ki,8.73
1905467,COc1ccccc1N2CCN(CCN3C(=O)Nc4c([nH]c5ccccc45)C3=O)CC2,CHEMBL301707,Ki,8.74
1904789,COc1ccc(Cl)cc1N2CCN(CCNC3=CC(=NN(C)C3=O)c4ccccc4)CC2,CHEMBL81486,Ki,8.75
1904508,COc1ccccc1N2CCN(CCN3C(=O)Nc4c(sc5ccc(NC(=O)CCCN(C)C)cc45)C3=O)CC2,CHEMBL3298019,Ki,8.78
4054114,COC(=O)c1ccc2C(=O)N(CCN3C[C@@H]4CCc5c(OC)cccc5[C@@H]4C3)C(=O)Nc2c1,CHEMBL369154,Ki,8.79
4054125,COc1cccc2C3CN(CCN4C(=O)Nc5ccsc5C4=O)CC3CCc12,CHEMBL2115086,Ki,8.79
4054135,COc1cccc2[C@@H]3CN(CCN4C(=O)Nc5ccsc5C4=O)C[C@@H]3CCc12,CHEMBL291839,Ki,8.79
4054146,COc1cc2nc(nc(N)c2cc1OC)N3CCN(CC3)C(=O)CC(c4ccccc4)c5ccccc5,CHEMBL137903,Ki,8.8
4054157,COc1ccc(C)cc1N2CCN(CCCNC3=CC(=O)N(C)C(=O)N3C)CC2,CHEMBL76168,Ki,8.8
4054168,COc1cccc2[C@@H]3CN(CCN4C(=O)Nc5cc(ccc5C4=O)C#N)C[C@@H]3CCc12,CHEMBL62033,Ki,8.81
1905601,CCC(=O)C1=C(NCCN2CCN(CC2)c3ccccc3OC)C(=O)N(C)N=C1c4ccccc4,CHEMBL78874,Ki,8.84
1903864,COc1ccc(Cl)cc1N2CCN(CCCNC3=C(C(=O)C)C(=NN(C)C3=O)c4ccccc4)CC2,CHEMBL77618,Ki,8.84
1905223,COc1cc2nc(nc(N)c2cc1OC)N3CCN([C@@H]4CCCC[C@H]34)C(=O)C5COc6ccccc6O5,CHEMBL558890,Ki,8.85
1903254,COc1cc2nc(nc(N)c2cc1OC)N3CCN([C@H]4CCCC[C@@H]34)C(=O)c5oc(cc5)C(=O)C,CHEMBL242723,Ki,8.86
1903276,Cl.COc1cc2nc(nc(N)c2cc1OC)N3CCN([C@H]4CCCC[C@H]34)C(=O)c5oc(cc5)C(=O)C,CHEMBL2261608,Ki,8.86
4054188,COc1cccc2[C@@H]3CN(CCN4C(=O)Nc5c(C)c(C)ccc5C4=O)C[C@@H]3CCc12,CHEMBL431720,Ki,8.88
4054199,COc1cccc2[C@@H]3CN(CCN4C(=O)Nc5c(C)csc5C4=O)C[C@@H]3CCc12,CHEMBL60721,Ki,8.89
4054211,O=S(=O)(N1CCC[C@@H]1CCN2CCC(CC2)c3c[nH]c4ccccc34)c5ccc6cc[nH]c6c5,CHEMBL430706,Ki,8.89
1904701,COc1c(C)c(C)c(O)c(C)c1CN(C)CCOc2cc(C)c(O)cc2C(C)C,CHEMBL25300,Ki,8.9
1904943,COc1cc2nc(nc(N)c2cc1OC)N3CCN(CC3)C(=O)CCCCC4CCSS4,CHEMBL178923,Ki,8.9
1905711,COc1cccc(OC)c1OCCNCC2CC(c3ccccc3)c4ccccc4C2=O,CHEMBL44403,Ki,8.91
1905534,COc1ccccc1N2CCN(CCN3C(=O)Nc4sccc4C3=O)CC2,CHEMBL13735,Ki,8.91
1903999,CC1=C(Oc2c(cccc2C1=O)C(=O)NCCCN3CCN(CC3)c4ccccc4OCCCO[N+](=O)[O-])c5ccccc5,CHEMBL338029,Ki,8.92
1904363,CCN(CC)c1ccc2C=C(C(=O)Oc2c1)n3cc(nn3)C(=O)N4CCN(CC4)c5nc(N)c6cc(OC)c(OC)cc6n5,CHEMBL3582270,IC50,8.92
4054234,COc1cc2nc(nc(N)c2cc1OC)N3CCN(CC3)C(=O)COc4c(OC)cccc4C(C)C,CHEMBL430717,IC50,8.92
1905277,COc1cccc(OC)c1OCCNCC2CC(c3ccccc3)c4ccccc4S2,CHEMBL43905,Ki,8.94
4054247,COc1cccc2[C@@H]3CN(CCN4C(=O)Nc5ccccc5C4=O)C[C@@H]3CCc12,CHEMBL61491,Ki,8.94
1905091,COc1cc2nc(nc(N)c2cc1OC)N(C)CCSSCCN(C)C(=O)c3occc3,CHEMBL29591,Ki,8.97
4054260,COc1cccc2[C@@H]3CN(CCN4C(=O)Nc5cccc(C)c5C4=O)C[C@@H]3CCc12,CHEMBL62110,Ki,8.98
1906013,COc1cccc(OC)c1OCCNCCOc2ccccc2OCc3ccc(Cl)cc3,CHEMBL200446,Ki,9.0
4054275,COc1cccc2[C@@H]3CN(CCN4C(=O)Nc5cscc5C4=O)C[C@@H]3CCc12,CHEMBL445071,Ki,9.0
1905568,COc1ccccc1N2CCN(CCCCN3C(=O)c4ccccc4C3=O)CC2,CHEMBL8618,Ki,9.02
1904522,COc1cc2nc(nc(N)c2cc1OC)N(C)CCCCCCN(C)C(=O)C3COc4ccccc4O3,CHEMBL561851,Ki,9.03
4054290,COc1cccc2[C@@H]3CN(CCN4C(=O)Nc5cccc(Cl)c5C4=O)C[C@@H]3CCc12,CHEMBL440865,Ki,9.04
1903681,COc1cc2nc(nc(N)c2cc1OC)N3CCN([C@H]4CCCC[C@@H]34)C(=O)c5oc(C)cc5,CHEMBL242507,Ki,9.06
1903967,COc1oc(cc1)C(=O)N2CCN([C@@H]3CCCC[C@H]23)c4nc(N)c5cc(OC)c(OC)cc5n4,CHEMBL242508,Ki,9.06
1903714,Cl.COc1cc2nc(nc(N)c2cc1OC)N3CCN([C@H]4CCCC[C@H]34)C(=O)c5oc(C)cc5,CHEMBL2261606,Ki,9.06
1903978,Cl.COc1oc(cc1)C(=O)N2CCN([C@H]3CCCC[C@H]23)c4nc(N)c5cc(OC)c(OC)cc5n4,CHEMBL2261607,Ki,9.06
4054307,COc1cccc2[C@@H]3CN(CCN4C(=O)Nc5cc(NC(=O)C)ccc5C4=O)C[C@@H]3CCc12,CHEMBL61598,Ki,9.08
1905788,COc1ccccc1N2CCN(CCN3C(=O)Nc4c(sc5ccc(NC(=O)CCCC(=O)NCc6ccccc6)cc45)C3=O)CC2,CHEMBL3298750,Ki,9.08
1905422,CCOc1cccc(OCC)c1OCCNCCOc2ccccc2OCc3ccccc3,CHEMBL1254742,Ki,9.1
1905957,COc1cccc(OC)c1OCCNCCOc2ccccc2OCc3cccc(c3)[N+](=O)[O-],CHEMBL197442,Ki,9.1
1905822,COc1cccc(OC)c1OCCNCCOc2ccccc2OCc3ccccc3C,CHEMBL382972,Ki,9.1
1905612,CN1N=C(C(=C(NCCN2CCN(CC2)c3ccccc3Cl)C1=O)C(=O)C)c4ccccc4,CHEMBL310599,Ki,9.13
4054328,COc1cc2NC(=O)N(CCN3C[C@@H]4CCc5c(OC)cccc5[C@@H]4C3)C(=O)c2s1,CHEMBL62028,Ki,9.13
1904077,COc1cc2nc(nc(N)c2cc1OC)N3CCN([C@@H]4CCCC[C@H]34)C(=O)c5occc5,CHEMBL342062,Ki,9.16
1904099,COc1cc2nc(nc(N)c2cc1OC)N3CCN([C@H]4CCCC[C@H]34)C(=O)c5occc5,CHEMBL2261604,Ki,9.16
1904877,COc1cc2nc(nc(N)c2cc1OC)N3CCN(CC3)C4=CC(=O)c5ccccc5C4=O,CHEMBL179743,Ki,9.17
4054344,COc1ccc2C(=O)N(CCN3C[C@@H]4CCc5c(OC)cccc5[C@@H]4C3)C(=O)Nc2c1,CHEMBL58956,Ki,9.18
4054355,COc1cccc2[C@@H]3CN(CCN4C(=O)Nc5c(OC)c(OC)ccc5C4=O)C[C@@H]3CCc12,CHEMBL293695,Ki,9.18
1905310,COc1ccccc1N2CCN(CCNC3=C(C(=O)C(C)C)C(=NN(C)C3=O)c4ccccc4)CC2,CHEMBL80730,Ki,9.19
4054368,COc1cc2nc(nc(N)c2cc1OC)N3CCN(C4CCCCC34)C(=O)c5occc5,CHEMBL97698,Ki,9.23
1905623,COc1cccc(OC)c1OCCNCCOc2ccccc2OCc3ccccc3Cl,CHEMBL200839,Ki,9.25
1905212,COc1cc2nc(nc(N)c2cc1OC)N3CCN(CC3)C(=O)C4CCSS4,CHEMBL175934,Ki,9.27
1905933,COc1cccc(OC)c1OCCNCCOc2ccccc2OCc3ccccc3,CHEMBL43116,Ki,9.27
1905733,COc1cccc(OC)c1SCCNCCOc2ccccc2OCc3ccccc3,CHEMBL1254582,Ki,9.3
1904088,COc1cc2nc(nc(N)c2cc1OC)N3CCN([C@H]4CCCC[C@@H]34)C(=O)c5ccccc5,CHEMBL242934,Ki,9.31
4054389,COc1cc2nc(nc(N)c2cc1OC)N3CCN(CC3)c4occc4,CHEMBL137598,Ki,9.34
1905744,COc1cc2nc(nc(N)c2cc1OC)N3CCN([C@H]4CCCC[C@@H]34)C(=O)C5COc6ccccc6O5,CHEMBL564481,Ki,9.38
1905844,COc1ccc(COc2ccccc2OCCNCCOc3c(OC)cccc3OC)cc1,CHEMBL200580,Ki,9.4
1905979,COc1cccc(OC)c1OCCNCCOc2ccccc2OCc3ccc(cc3)[N+](=O)[O-],CHEMBL196817,Ki,9.4
4054406,COc1cccc2[C@@H]3CN(CCN4C(=O)Nc5c(csc5C4=O)c6ccccc6)C[C@@H]3CCc12,CHEMBL61483,Ki,9.48
1901110,COc1cc2nc(nc(N)c2cc1OC)N3CCN([C@H]4CCCC[C@@H]34)C(=O)c5occc5,CHEMBL423294,Ki,9.49
1905433,COc1cc2nc(nc(N)c2cc1OC)N3CCN(CC3)C(=O)CC4CCSS4,CHEMBL178673,Ki,9.51
1904580,COc1cc2nc(nc(N)c2cc1OC)N3CCN([C@H]4CCCC[C@@H]34)C(=O)c5oc(Br)cc5,CHEMBL388884,Ki,9.51
1904602,Cl.COc1cc2nc(nc(N)c2cc1OC)N3CCN([C@H]4CCCC[C@H]34)C(=O)c5oc(Br)cc5,CHEMBL2261605,Ki,9.51
1905945,COc1cccc(OC)c1OCCNCCOc2ccccc2OCc3ccc(C)cc3,CHEMBL200366,Ki,9.6
1905689,COc1cccc(OC)c1OCCNCCOc2ccccc2OCc3cccc(C)c3,CHEMBL199080,Ki,9.6
1904319,COc1cc2nc(nc(N)c2cc1OC)N3CCN([C@H]4CCCC[C@@H]34)C(=O)c5cccs5,CHEMBL242724,Ki,9.62
1905645,COc1cc2nc(nc(N)c2cc1OC)N(C)CCCCCCN(C)C(=O)c3cccc(CN(C)C)c3,CHEMBL341665,Ki,9.78
1905991,COc1cccc(OC)c1OCCNCCOc2ccccc2OCc3cccc(Cl)c3,CHEMBL198860,Ki,9.8
1906002,COc1cc2CCN(Cc2cc1OC)c3cc(N)c4cc(OC)c(OC)cc4n3,CHEMBL324090,Ki,9.96
1905700,COc1cc2nc(nc(N)c2cc1OC)N(C)CCCCCCN(C)C(=O)c3occc3,CHEMBL27013,Ki,9.96
1905866,COc1cccc(OC)c1OCCNC[C@@H]2C[C@H](c3ccccc3)c4ccccc4O2,CHEMBL42472,Ki,10.4
