id,smiles,name,assay_type,activity_value
4123515,Cc1cc(cc(C)c1CC2=NCCN2)C(C)(C)C,xylometazoline,Ki,5.98000002
7101012,C(C1=NCCN1)C1=CC=CC2=CC=CC=C12,naphazoline,Ki,6.38999987
4123219,CC(COC1=CC=CC=C1)N(CCCl)CC1=CC=CC=C1,phenoxybenzamine,Ki,8.45593166
7101049,NC1=CC(Cl)=C(NC2=NCCN2)C(Cl)=C1,apraclonidine,Ki,7.93839359
4123187,CC1=CC(=C(O)C(C)=C1CC1=NCCN1)C(C)(C)C,oxymetazoline,Ki,5.8499999
1906025,C[C@H](c1c[nH]cn1)c2cccc(C)c2C,dexmedetomidine,Ki,8.6
1898690,CNC[C@H](O)C1=CC=C(O)C(O)=C1,epinephrine,Ki,6.40120949
212100,NC(=N)N\N=C\c1c(Cl)cccc1Cl,guanabenz,Ki,7.16749109
1898710,[H]C1(CCCC2=CC=CC=C12)C1=NCCN1,tetryzoline,N/A,N/A
1898719,N[C@@H]([C@H](O)C1=CC(O)=C(O)C=C1)C(O)=O,droxidopa,N/A,N/A
7101039,ClC1=CC=CC(Cl)=C1NC1=NCCN1,clonidine,Ki,7.5
1395370,Cc1ccc(cc1)N(CC2=NCCN2)c3cccc(O)c3,phentolamine,Ki,8.12
4123207,C(C1=NCCN1)C1=CC=CC=C1,tolazoline,Ki,5.5
7101073,ClC1=C(NC2=NCCN2)C2=NSN=C2C=C1,tizanidine,N/A,N/A
7101099,CNCC(O)C1=CC(OC(=O)C(C)(C)C)=C(OC(=O)C(C)(C)C)C=C1,dipivefrine,N/A,N/A
7101108,BrC1=C(NC2=NCCN2)C=CC2=NC=CN=C12,brimonidine,EC50,7.2596
583730,[H][C@@]12CC[C@H](O)[C@H](C(=O)OC)[C@@]1([H])C[C@]1([H])N(CCC3=C1NC1=C3C=CC=C1)C2,yohimbine,Ki,8.7
7101120,CCOC(=O)[C@@](C)(N)CC1=CC(O)=C(O)C=C1,methyldopate,N/A,N/A
885116,C[C@H](N)[C@H](O)c1ccc(O)c(O)c1,corbadrine,N/A,N/A
7102559,C1CC(c2c[nH]cn2)c3ccsc3C1,CHEMBL284213,Ki,7.0
370697,C1CN=C(N1)C2COc3ccccc3O2,CHEMBL10316,Ki,7.0
757803,CN(C)CCCN1c2ccccc2CCc3ccc(Cl)cc13,clomipramine,IC50,7.0
707251,CN1CCN(CC1)C2=Nc3cc(Cl)ccc3Nc4ccccc24,clozapine,Ki,7.0
705020,CN1CCN(CC1)C2=Nc3ccccc3Nc4sc(C)cc24,olanzapine,Ki,7.0
7102650,Cc1sc(C)c2C(=CCCc12)c3c[nH]cn3,CHEMBL284795,Ki,7.0
1743973,Fc1ccc(cc1)C(=O)CCCN2CCC(=CC2)N3C(=O)Nc4ccccc34,droperidol,Ki,7.0
1394249,OCCOCCN1CCN(CC1)C2=Nc3ccccc3Sc4ccccc24,quetiapine,IC50,7.0
7801704,CN1CCN(CC1)c2ccc(Nc3c(Cc4ccccc4)c(C)nc5ccccc35)cc2,CHEMBL384925,Ki,7.02
7101480,COc1cc2OC[C@H]3[C@H](CN4CCN(Cc5ccc6ccccc6c5)CC4)ON=C3c2cc1OC,CHEMBL92860,Ki,7.02
704089,CNCCC=C1c2ccccc2CCc3ccccc13,nortriptyline,IC50,7.03
706414,COc1ccccc1OCCNCC(O)COc2cccc3[nH]c4ccccc4c23,carvedilol,IC50,7.03
7102533,CCC[C@H]1C2CCC(C2)[C@H]1NC3=NCCO3,CHEMBL296660,Ki,7.04
4052547,CO\C(=C/1\C(C(=C(C)N=C1C)C(=O)NCCCN2CCC(CC2)c3ccccc3)c4ccc(Cl)c(c4)[N+](=O)[O-])\O,CHEMBL327931,Ki,7.04
5292900,[Na+].CC[Hg]Sc1ccccc1C(=O)[O-],CHEMBL508338,Ki,7.07
1401276,CN[C@H]1CC[C@@H](c2ccc(Cl)c(Cl)c2)c3ccccc13,CHEMBL809,Ki,7.08
7101944,C1CNC(=Nn2ncc3ccccc23)N1,CHEMBL1186220,Ki,7.1
7103536,CC1=C(CCN2CCc3oc4ccc(Cl)cc4c3C2)C(=O)N5C=CC=CC5=N1,CHEMBL165677,IC50,7.1
2303587,S(Sc1nc2ccccc2s1)c3nc4ccccc4s3,CHEMBL508112,Ki,7.13
1410457,C(C1CCc2ccccc2O1)N3CCN(Cc4ccccc4)CC3,CHEMBL179648,Ki,7.14
7102430,Fc1ccc2cnn(N=C3NCCN3)c2c1,CHEMBL3343699,Ki,7.14
7102339,C1CN=C(NC(C2CC2)C3CC3)O1,CHEMBL289480,Ki,7.15
703947,CN(C)CCC=C1c2ccccc2COc3ccccc13,doxepin,IC50,7.15
7101788,C(CN1CCCN(CC2COc3ccccc3O2)CC1)OCc4cccnc4Oc5ccccc5,CHEMBL491419,Ki,7.16
7102328,Clc1c(NC2=NCCN2)ccc3nccnc13,CHEMBL72753,Ki,7.16
7101059,CC(OC1=C(Cl)C=CC=C1Cl)C1=NCCN1,lofexidine,Ki,7.17
704361,CCCN1C[C@H](CSC)C[C@H]2[C@H]1Cc3c[nH]c4cccc2c34,pergolide,IC50,7.19
755961,CN1[C@@H]2CC[C@H]1C[C@H](C2)OC(c3ccccc3)c4ccccc4,benzatropine,IC50,7.19
1899720,CN1C(=O)C=NN(CCCCN2CCN(CC2)c3ccccc3OCCF)C1=O,CHEMBL2413153,Ki,7.25
1933023,COc1ccccc1N2CCN(CCN3C(=O)Nc4ccccc4C3=O)CC2,CHEMBL51433,Ki,7.25
704660,CC(CN1c2ccccc2Sc3ccccc13)N(C)C,promethazine,IC50,7.28
703417,[H]C12CN(C)CCN1C1=C(CC3=C2C=CC=C3)C=CC=C1,mianserin,IC50,7.28
7103333,Brc1c(NC2=NCCN2)ccc3NCCNc13,CHEMBL74283,Ki,7.31
7103446,COc1cc2OCC3C(CN4CCN(Cc5ccc6ccccc6c5)CC4)ON=C3c2cc1OC,CHEMBL94129,Ki,7.31
7801754,O=C(NCCN1CCCN(CC2COc3ccccc3O2)CC1)c4cccnc4Oc5ccccc5,CHEMBL477816,Ki,7.31
7101457,C1CN=C(N1)C(Oc2ccccc2)c3ccccc3,CHEMBL494885,Ki,7.32
7104141,Cl.Cl.O[C@H]1CC[C@H]2CN3CCc4c([nH]c5ccccc45)[C@@H]3C[C@@H]2[C@H]1C(=O)NCCCCCCCCNC(=O)[C@H]6[C@@H](O)CC[C@H]7CN8CCc9c([nH]c%10ccccc9%10)[C@@H]8C[C@H]67,CHEMBL538808,Ki,7.34
7103936,Cl.Cl.O[C@H]1CC[C@H]2CN3CCc4c([nH]c5ccccc45)[C@@H]3C[C@@H]2[C@H]1C(=O)NCCCCCCCCCNC(=O)[C@H]6[C@@H](O)CC[C@H]7CN8CCc9c([nH]c%10ccccc9%10)[C@@H]8C[C@H]67,CHEMBL539606,Ki,7.35
7103323,Ic1c(NC2=NCCN2)ccc3nccnc13,CHEMBL70676,Ki,7.37
7102626,COc1cc2OCC3C(CN4CCN(CCCc5ccccc5)CC4)ON=C3c2cc1OC,CHEMBL90419,Ki,7.38
7103205,COc1cc2OCC3C(CN4CCN(C\C=C\c5ccccc5)CC4)ON=C3c2cc1OC,CHEMBL93489,Ki,7.38
7102639,COc1cc2OC[C@H]3[C@H](CN4CCN(C\C=C\c5ccccc5)CC4)ON=C3c2cc1OC,CHEMBL328114,Ki,7.38
7102960,C([C@H]1C2CCC(C2)[C@H]1NC3=NCCO3)c4ccccc4,CHEMBL295186,Ki,7.39
7102777,C([C@H]1CCCC[C@@H]1NC2=NCCO2)c3ccccc3,CHEMBL50719,Ki,7.39
707472,CN1CCC(=C2c3ccccc3C=Cc4ccccc24)CC1,cyproheptadine,IC50,7.42
7801785,O=C(NCCN1CCCN(CC2COc3ccccc3O2)CC1)c4cccnc4Oc5cccc(c5)C#N,CHEMBL515331,Ki,7.44
707516,CC(C)C[C@@H]1N2C(=O)[C@](NC(=O)[C@H]3CN(C)[C@@H]4Cc5c(Br)[nH]c6cccc(C4=C3)c56)(O[C@@]2(O)[C@@H]7CCCN7C1=O)C(C)C,bromocriptine,IC50,7.46
7102925,C(C[C@H]1CCCC[C@@H]1NC2=NCCO2)Cc3ccccc3,CHEMBL50720,Ki,7.49
7103870,COc1cc2OCC3C(CN4CCN(C\C=C(/C)\c5ccccc5)CC4)ON=C3c2cc1OC,CHEMBL327875,Ki,7.51
1898650,COC1=CC2=C(C=C1OC)C(N)=NC(=N2)N1CCN(CC1)C(=O)C1CCCO1,terazosin,Ki,7.51
706257,COc1ccc(CCN(CCCc2ccccc2)CCc3ccc4OCOc4c3)cc1OC,CHEMBL3735756,Ki,7.54
705665,OCCN1CCN(CCCN2c3ccccc3Sc4ccc(cc24)C(F)(F)F)CC1,fluphenazine,IC50,7.54
7801808,CC(C)(C)Nc1ncccc1C(=O)NCCN2CCCN(CC3COc4ccccc4O3)CC2,CHEMBL477608,Ki,7.55
1905036,COc1cccc(OC)c1OCCNCC2COc3ccccc3O2,CHEMBL25554,Ki,7.55
7104104,Cl.Cl.O[C@H]1CC[C@H]2CN3CCc4c([nH]c5ccccc45)[C@@H]3C[C@@H]2[C@H]1C(=O)NCCCCCCCNC(=O)[C@H]6[C@@H](O)CC[C@H]7CN8CCc9c([nH]c%10ccccc9%10)[C@@H]8C[C@H]67,CHEMBL543232,Ki,7.56
705838,CO[C@H]1C[C@@H](O[C@H]2C[C@@H](O[C@H]2[C@]3(C)CC[C@@H](O3)[C@]4(C)CC[C@]5(C[C@H](O)[C@@H](C)[C@H](O5)[C@@H](C)[C@@H]6O[C@](O)(CC(=O)O)[C@@H](C)[C@H](OC)[C@H]6OC)O4)[C@H]7O[C@](C)(O)[C@H](C)C[C@@H]7C)O[C@@H](C)[C@@H]1OC,CHEMBL1909065,IC50,7.57
707011,CC(C)C[C@@H]1N2C(=O)[C@](NC(=O)[C@H]3CN(C)[C@@H]4Cc5c[nH]c6cccc(C4=C3)c56)(O[C@@]2(O)[C@@H]7CCCN7C1=O)C(C)C,CHEMBL1403281,IC50,7.59
706402,CC1=C(CCN2CCC(CC2)c3noc4cc(F)ccc34)C(=O)N5CCCCC5=N1,risperidone,IC50,7.59
704214,CN(C)CCCN1c2ccccc2Sc3ccc(Cl)cc13,chlorpromazine,IC50,7.59
7101529,COc1cc2NCC3C(CN4CCN(C\C(=C\c5ccccc5)\C)CC4)ON=C3c2cc1OC,CHEMBL390718,Ki,7.59
7102616,C1COC(=NC1)NC2CCCc3ccccc23,CHEMBL306377,Ki,7.6
7101933,COc1cc2OCC3C(CN4CCN(C\C=C\c5ccc(F)cc5)CC4)ON=C3c2cc1OC,CHEMBL226636,Ki,7.6
7103015,CO[C@@H]1c2ccccc2[C@H]3C[C@@]13c4c[nH]cn4,CHEMBL1256502,Ki,7.62
7103392,Fc1ccc2CC(CC3CN=CN3)Cc2c1,CHEMBL90997,Ki,7.64
7102866,C1CC[C@@H]([C@H](C1)NC2=NCCO2)c3ccccc3,CHEMBL297228,Ki,7.65
4055938,COc1cc2OC[C@H]3[C@H](CN4CCN(C\C(=C\c5ccc(F)cc5)\C)CC4)ON=C3c2cc1OC,CHEMBL318235,Ki,7.68
7103969,Cl.Cl.O[C@H]1CC[C@H]2CN3CCc4c([nH]c5ccccc45)[C@@H]3C[C@@H]2[C@H]1C(=O)NCCCCCCCCCCCCNC(=O)[C@H]6[C@@H](O)CC[C@H]7CN8CCc9c([nH]c%10ccccc9%10)[C@@H]8C[C@H]67,CHEMBL551711,Ki,7.73
7104270,Cl.Cl.O[C@H]1CC[C@H]2CN3CCc4c([nH]c5ccccc45)[C@@H]3C[C@@H]2[C@H]1C(=O)NCCCCCCCCCCNC(=O)[C@H]6[C@@H](O)CC[C@H]7CN8CCc9c([nH]c%10ccccc9%10)[C@@H]8C[C@H]67,CHEMBL554019,Ki,7.73
753389,CN(C)CCCN1c2ccccc2Sc3ccccc13,promazine,IC50,7.75
1900375,Cc1ccc(cc1)N(NC2=NCCN2)c3cccc(O)c3,CHEMBL194849,Ki,7.75
7801847,O=C(NCCN1CCCN(CC2COc3ccccc3O2)CC1)c4cccnc4,CHEMBL476774,Ki,7.75
7103161,CN1CCc2cccc(Cl)c2CC1,CHEMBL123349,Ki,7.8
708514,CN1C[C@H](CNC(=O)OCc2ccccc2)C[C@H]3[C@H]1Cc4cn(C)c5cccc3c45,CHEMBL19215,IC50,7.8
7104222,COc1ccc2C3=NOC(CN4CCN(C\C=C\c5ccccc5)CC4)C3COc2c1,CHEMBL90247,Ki,7.8
7102154,C(C1COc2ccccc2O1)N3CCCN(Cc4onc(n4)c5cccnc5Oc6ccccc6)CC3,CHEMBL491420,Ki,7.82
1904723,CCc1sc2ccc(Cl)c3CCN(C)Cc1c23,CHEMBL123448,Ki,7.82
7102914,COc1cc2OC[C@H]3[C@H](CN4CCN(C\C(=C\c5ccccc5)\C)CC4)ON=C3c2cc1OC,CHEMBL91157,Ki,7.82
7103548,Cl.COC(=O)[C@H]1[C@@H](O)CC[C@H]2CN3CCc4c([nH]c5ccccc45)[C@@H]3C[C@H]12,CHEMBL537669,Ki,7.82
7103244,COC(=O)C1=CO[C@@H](C)[C@H]2CN3CCc4c([nH]c5ccccc45)[C@@H]3C[C@H]12,CHEMBL123325,Ki,7.84
1899405,CN1CCc2c(Cl)ccc3oc(Br)c(C1)c23,CHEMBL123138,Ki,7.85
7102500,COc1cc2OC[C@H]3[C@H](CN4CCN(C\C=C(/C)\c5ccccc5)CC4)ON=C3c2cc1OC,CHEMBL419316,Ki,7.85
7101491,O=C(NCCN1CCCN(C[C@H]2COc3ccccc3O2)CC1)c4cccnc4Oc5ccccc5,CHEMBL524153,Ki,7.85
1738899,COc1cc2nc(nc(N)c2cc1OC)N3CCN(CC3)C(=O)c4occc4,prazosin,Ki,7.89
7104130,COc1ccc2OCC3C(CN4CCN(C\C=C\c5ccccc5)CC4)ON=C3c2c1,CHEMBL422597,Ki,7.92
7102131,CC(C)O[C@H]1c2ccccc2[C@H]3C[C@@]13c4c[nH]cn4,CHEMBL1256608,Ki,7.93
7103760,CC1=C(CCN2CCc3sc4ccccc4c3C2)C(=O)N5C=CC=CC5=N1,CHEMBL165181,IC50,7.94
7801887,CCCCOc1cccc(n1)C(=O)NCCN2CCCN(CC3COc4ccccc4O3)CC2,CHEMBL476569,Ki,7.96
7103669,COc1cccc2[C@H](CN(C)CCc3ccc4ccoc4c3)CCCc12,CHEMBL268258,Ki,7.96
7103114,CC1=C(CCCN2CCc3oc4ccccc4c3C2)C(=O)N5C=CC=CC5=N1,CHEMBL165776,IC50,7.97
7101601,CCCCOc1ncccc1C(=O)NCCN2CCCN(CC3COc4ccccc4O3)CC2,CHEMBL514837,Ki,7.98
704728,CN1CCN(CCCN2c3ccccc3Sc4ccc(Cl)cc24)CC1,prochlorperazine,IC50,8.0
7033885,Oc1cc2OCC3NCc4ccccc4C3c2cc1O,CHEMBL217299,Ki,8.0
7103414,C1CCCC(CC1)NC2=NCCO2,CHEMBL305928,Ki,8.01
4052601,CCO[C@H]1c2ccccc2[C@H]3C[C@@]13c4c[nH]cn4,CHEMBL1256565,Ki,8.01
7103300,Cc1c(NC2=NCCN2)ccc3nccnc13,CHEMBL49137,Ki,8.05
704506,CN(C)CCC=C1c2ccccc2CCc3ccccc13,amitriptyline,IC50,8.09
707730,CC(C)[C@@]1(NC(=O)[C@@H]2C[C@H]3[C@@H](Cc4c[nH]c5cccc3c45)N(C)C2)O[C@@]6(O)[C@@H]7CCCN7C(=O)[C@H](Cc8ccccc8)N6C1=O.CS(=O)(=O)O,CHEMBL1255837,IC50,8.1
7102594,O=C(NCCN1CCN(CC2COc3ccccc3O2)CC1)c4cccnc4Oc5ccccc5,CHEMBL478026,Ki,8.1
4052147,CO[C@H]1c2ccccc2[C@H]3C[C@@]13c4c[nH]cn4,CHEMBL1256503,Ki,8.11
7104119,COc1cc2OCC3C(CN4CCN(C\C(=C\c5ccccc5)\C)CC4)ON=C3c2cc1OC,CHEMBL93171,Ki,8.13
1902022,COc1cccc(c1)N(NC2=NCCN2)c3ccc(C)cc3,CHEMBL362954,Ki,8.14
7103859,C(Cc1ccccc1)[C@H]2CCCC[C@@H]2NC3=NCCO3,CHEMBL47313,Ki,8.16
602454,CNC(=O)C(CCN1CCC(O)(CC1)c2ccc(Cl)cc2)(c3ccccc3)c4ccccc4,CHEMBL1627,Ki,8.16
4051604,C1CC12c3ccccc3[C@H]4C[C@@]24c5c[nH]cn5,CHEMBL1255617,Ki,8.17
7103289,CCC1(Cc2ccc(F)cc2C1)c3c[nH]cn3,CHEMBL1255582,Ki,8.17
4053455,CCCO[C@H]1c2ccccc2[C@H]3C[C@@]13c4c[nH]cn4,CHEMBL1256566,Ki,8.19
7103619,CCC[C@H]1CCCCC1NC2=NCCO2,CHEMBL310335,Ki,8.23
7103629,CCC[C@H]1CCCC[C@@H]1NC2=NCCO2,CHEMBL297752,Ki,8.23
1904011,COC(=O)[C@@H]1[C@@H](O)CC[C@@H]2CN3CCc4c([nH]c5ccccc45)[C@@H]3C[C@H]12,CHEMBL10347,Ki,8.33
7104071,CC1=C(CCN2CCc3oc4c(Cl)cccc4c3C2)C(=O)N5C=CC=CC5=N1,CHEMBL164612,IC50,8.36
7103701,O=C1N2C=CC=CC2=NC(=C1CCN3CCc4oc5ccccc5c4C3)Cc6ccccc6,CHEMBL162436,IC50,8.38
707699,CN1C[C@@H](C[C@H]2[C@H]1Cc3c[nH]c4cccc2c34)C(=O)N[C@]5(C)O[C@@]6(O)[C@@H]7CCCN7C(=O)[C@H](Cc8ccccc8)N6C5=O,dihydroergotamine,IC50,8.41
708046,CN1C[C@@H](C=C2[C@H]1Cc3c[nH]c4cccc2c34)C(=O)N[C@]5(C)O[C@@]6(O)[C@@H]7CCCN7C(=O)[C@H](Cc8ccccc8)N6C5=O,ergotamine,IC50,8.42
1904132,CN1CCc2c(Cl)ccc3sc(C=C)c(C1)c23,CHEMBL25467,Ki,8.47
707222,CC(C)[C@@H]1N2C(=O)[C@](NC(=O)[C@H]3CN(C)[C@@H]4Cc5c[nH]c6cccc(C4=C3)c56)(O[C@@]2(O)[C@@H]7CCCN7C1=O)C(C)C,CHEMBL1385840,IC50,8.52
7104314,CC1=CC2=NC(=C(CCN3CCc4oc5ccccc5c4C3)C(=O)N2C(=C1)C)C,CHEMBL162232,IC50,8.58
7104196,CC1=C(CCN2CCc3oc4ccccc4c3C2)C(=O)N5C=CC=CC5=N1,CHEMBL162501,IC50,8.59
7104244,CC1=CC2=NC(=C(CCN3CCc4oc5ccccc5c4C3)C(=O)N2C=C1)C,CHEMBL165796,IC50,8.59
4053573,CCC[C@H]1c2ccccc2[C@H]3C[C@@]13c4c[nH]cn4,CHEMBL1255616,Ki,8.64
7103586,CCC1(Cc2ccccc2C1)c3cnc[nH]3,CHEMBL353972,Ki,8.65
7103691,C1CC(NC2=NCCO2)c3ccccc3C1,CHEMBL75030,Ki,8.67
7104174,CC1=CC=CN2C(=O)C(=C(C)N=C12)CCN3CCc4oc5ccccc5c4C3,CHEMBL351200,IC50,8.67
7104370,CC1=C(CCN2CCc3oc4ccccc4c3C2)C(=O)N5C=C(I)C=CC5=N1,CHEMBL162682,IC50,8.68
7104348,COC1=CC=CN2C(=O)C(=C(C)N=C12)CCN3CCc4oc5ccccc5c4C3,CHEMBL162490,IC50,8.69
7104049,C(\C=C\c1ccccc1)N2CCN(CC3ON=C4C3COc5ccccc45)CC2,CHEMBL90943,Ki,8.7
7103958,CC1=C(CCN2CCc3oc4ccccc4c3C2)C(=O)N5C=C(C=C(Cl)C5=N1)C(F)(F)F,CHEMBL162147,IC50,8.71
7104152,CC1=C(CCN2CCc3oc4ccccc4c3C2)C(=O)N5C=CC=C(O)C5=N1,CHEMBL162826,IC50,8.76
705324,NC(=O)C1CCN(CCCN2c3ccccc3Sc4ccc(Cl)cc24)CC1,CHEMBL1909072,IC50,8.76
4052564,CC[C@H]1c2ccccc2[C@H]3C[C@@]13c4c[nH]cn4,CHEMBL1256610,Ki,8.79
7104281,COC1(COc2ccccc2O1)C3=NCCN3,CHEMBL10332,Ki,8.79
7104303,CC1=CN2C(=O)C(=C(C)N=C2C=C1)CCN3CCc4oc5ccccc5c4C3,CHEMBL162370,IC50,8.81
7104359,CC1=CC=CC2=NC(=C(CCN3CCc4oc5ccccc5c4C3)C(=O)N12)C,CHEMBL163190,IC50,8.83
7104292,CC1=C(CCN2CCc3oc4ccccc4c3C2)C(=O)N5C=C(Br)C=CC5=N1,CHEMBL165350,IC50,8.87
7104185,CC1=C(CCN2CCc3oc4ccccc4c3C2)C(=O)N5C=C(Cl)C=C(Cl)C5=N1,CHEMBL163247,IC50,8.9
7104002,CC1(C)[C@@H]2c3ccccc3C[C@]12c4c[nH]cn4,CHEMBL1255770,Ki,8.94
7104385,CC1=C(CCN2CCc3oc4ccccc4c3C2)C(=O)N5C=C(Cl)C=CC5=N1,CHEMBL351483,IC50,9.02
4052636,C[C@]12C[C@]1(Cc3ccccc23)c4c[nH]cn4,CHEMBL1255771,Ki,9.04
4053751,C[C@H]1c2ccccc2[C@H]3C[C@@]13c4c[nH]cn4,CHEMBL1256609,Ki,9.16
703406,[H][C@@]12CC3=CNC4=CC=CC(=C34)C1=C[C@@H](CN2C)NC(=O)N(CC)CC,lisuride,IC50,9.29
4053900,CCC[C@H]1[C@@H]2c3ccccc3C[C@]12c4c[nH]cn4,CHEMBL1255724,Ki,9.46
4053889,C1[C@@H]2c3ccccc3C[C@]12c4c[nH]cn4,CHEMBL1256414,Ki,9.56
4052865,C[C@H]1[C@@H]2c3ccccc3C[C@]12c4c[nH]cn4,CHEMBL1256378,Ki,9.69
4053255,CC[C@H]1[C@@H]2c3ccccc3C[C@]12c4c[nH]cn4,CHEMBL1255723,Ki,9.74
