id,smiles,name,assay_type,activity_value
1898650,COC1=CC2=C(C=C1OC)C(N)=NC(=N2)N1CCN(CC1)C(=O)C1CCCO1,terazosin,Ki,9.2
1898661,CNC[C@H](O)C1=CC(O)=CC=C1,phenylephrine,IC50,5.9
1898671,COC1=CC(C(O)C(C)N)=C(OC)C=C1,methoxamine,EC50,4.9
1735568,COc1cc2nc(nc(N)c2cc1OC)N3CCN(CC3)C(=O)C4COc5ccccc5O4,doxazosin,Ki,8.85
881885,NC[C@H](O)c1ccc(O)c(O)c1,norepinephrine,N/A,N/A
1898690,CNC[C@H](O)C1=CC=C(O)C(O)=C1,epinephrine,Ki,7.19999981
1898700,CC1=C(C=CC=C1)N1CCN(CCC2=NN=C3CCCCN23)CC1,dapiprazole,Ki,8.38827669
1898710,[H]C1(CCCC2=CC=CC=C12)C1=NCCN1,tetryzoline,N/A,N/A
1898719,N[C@@H]([C@H](O)C1=CC(O)=C(O)C=C1)C(O)=O,droxidopa,N/A,N/A
1395370,Cc1ccc(cc1)N(CC2=NCCN2)c3cccc(O)c3,phentolamine,Ki,7.71
1898733,COC1=C(C=CC=C1)N1CCN(CCCNC2=CC(=O)N(C)C(=O)N2C)CC1,urapidil,Ki,7.9
1898743,COC1=C(OC)C=C2C(N)=NC(=NC2=C1)N(C)CCCNC(=O)C1CCCO1,alfuzosin,Ki,8.44
1898753,COC1=C(C=CC=C1)N1CCN(CC(O)COC2=CC=CC3=CC=CC=C23)CC1,naftopidil,Ki,8.92081833
1738899,COc1cc2nc(nc(N)c2cc1OC)N3CCN(CC3)C(=O)c4occc4,prazosin,Ki,9.7
1898830,C(Cc1cccc2ccccc12)N3CCC4(CC3)CCc5ccccc5O4,CHEMBL101739,Ki,7.0
1898841,CC1=CNC(=O)N(CCCN2CCN(CC2)c3ccc(F)cc3OCC(F)(F)F)C1=O,CHEMBL24777,Ki,7.0
1898852,CN(C)C1=CNC(=O)N(CCCN2CCN(CC2)c3ccc(F)cc3OCC(F)(F)F)C1=O,CHEMBL291951,Ki,7.0
655218,COC(=O)C1=C(C)NC(C)=C([C@@H]1C1=CC(=CC=C1)[N+]([O-])=O)C(=O)OCCCN1CCC(CC1)(C1=CC=CC=C1)C1=CC=CC=C1,dexniguldipine,Ki,7.0
1898869,COC(=O)C1=C(C)NC(=C([C@H]1c2cccc(c2)[N+](=O)[O-])C(=O)OCCCN3CCC(CC3)(c4ccccc4)c5ccccc5)C,CHEMBL405355,Ki,7.0
1898880,COC(=O)C1=C(C)NC(=O)N(C1c2ccc(cc2)[N+](=O)[O-])C(=O)NCCCN3CCC(CC3)(C(=O)OC)c4ccccc4,CHEMBL142383,Ki,7.0
1898891,COc1cccc(CNCc2cccc(CCNC[C@H](O)c3ccc(O)c4NC(=O)Sc34)c2)c1,CHEMBL1945044,IC50,7.0
1898902,COc1ccccc1CNCc2ccc(CCNC[C@H](O)c3ccc(O)c4NC(=O)Sc34)cc2,CHEMBL1945040,IC50,7.0
1898913,Cc1cccc2c(CCNCc3ccc(CCNC[C@H](O)c4ccc(O)c5NC(=O)Sc45)cc3)c[nH]c12,CHEMBL1945032,IC50,7.0
1898924,COCC1=C([C@@H](N(C(=O)N[C@H]2CC[C@H](C2)N3CCC(CC3)c4ccccc4C#N)C(=O)N1)c5ccc(F)c(F)c5)C(=O)OC,CHEMBL292365,Ki,7.01
1898935,COc1ccc(Cl)cc1N2CCN(CCCN3C(=O)CC(C)(CC3=O)c4ccccc4)CC2,CHEMBL1796045,Ki,7.01
1898946,COc1ccccc1N2CCN(CCN(C(=O)C34C5C6C3C7C4C5C67I)c8ccccn8)CC2,CHEMBL1774991,Ki,7.01
1898957,COc1ccccc1OCCNC[C@@H]2CO[C@H](CO2)c3ccccc3,CHEMBL494908,Ki,7.01
1898968,COCC1=C([C@@H](N(C(=O)N[C@H]2CC[C@@H](C2)N3CCC(CC3)(C#N)c4ccccc4)C(=O)N1)c5ccc(F)c(F)c5)C(=O)OC,CHEMBL301024,Ki,7.02
1394249,OCCOCCN1CCN(CC1)C2=Nc3ccccc3Sc4ccccc24,CHEMBL716,IC50,7.02
1898980,CC(Cc1cc(C(=O)N)c2c(ccn2CCCO)c1)NCCOc3cc(Cl)ccc3OCC(F)(F)F,CHEMBL3810145,IC50,7.03
1898991,COC(=O)C1=C(C)NC(=O)N(C1c2ccc3nonc3c2)C(=O)NCCCN4CCC(CC4)(C(=O)OC)c5ccccc5,CHEMBL142743,Ki,7.03
31941,[H]C1(CCN(CCCOC2=CC=C(F)C=C2)CC1([H])OC)NC(=O)C1=C(OC)C=C(N)C(Cl)=C1,cisapride,Ki,7.03
1899003,COc1ccccc1CCN2CCC3(CC2)CC(=O)c4ccc(NS(=O)(=O)C)cc4O3,CHEMBL431631,Ki,7.03
1899014,O[C@@H]1[C@@H](CNCCOc2ccccc2)CCC1(c3ccccc3)c4ccccc4.OC(=O)C(=O)O,CHEMBL1946785,Ki,7.03
1899025,CC(C)Oc1ccccc1N2CCN(CC2)C3CCC(CC3)NC(=O)Nc4c(F)cccc4F,CHEMBL270589,Ki,7.04
1899036,CC(C)Oc1ccccc1N2CCN(Cc3cc(CN4CCCCC4=O)cs3)CC2,CHEMBL67713,Ki,7.04
1899047,CCC1=C(C(N(C(=O)NCCCN2CCN(CC2)c3ccccc3C(=O)N)C(=O)N1)c4ccc(F)cc4F)C(=O)OC,CHEMBL445577,Ki,7.04
1899058,CCOC(=O)C1=C(C)NC(=O)N(C1c2ccc(cc2)[N+](=O)[O-])C(=O)NCCCN3CCC(CC3)(C(=O)OC)c4ccccc4,CHEMBL142957,Ki,7.04
705020,CN1CCN(CC1)C2=Nc3ccccc3Nc4sc(C)cc24,CHEMBL715,IC50,7.04
1899070,COc1ccc(NC(=O)NC2CCC(CC2)N3CCN(CC3)c4ccccc4OC(C)C)c(OC)c1,CHEMBL256853,Ki,7.04
1899081,COc1ccccc1N2CCN(Cc3ccc(Br)s3)CC2,CHEMBL67932,Ki,7.04
1899092,C[C@H]1OC(=O)N([C@H]1c2ccc(F)c(F)c2)C(=O)NCCCN3CCC(CC3)c4ccc(F)cc4,CHEMBL2114249,Ki,7.04
704660,CC(CN1c2ccccc2Sc3ccccc13)N(C)C,CHEMBL643,Ki,7.05
1899104,CNC(=O)c1ccccc1NCC2=NCCN2,CHEMBL95523,IC50,7.05
1899115,COc1ccccc1N2CCN(CC3COC4(CCN(CC4)C(=O)C)O3)CC2,CHEMBL3342864,Ki,7.05
1899126,CC(C)Oc1ccccc1C2CCN(CC2)[C@@H]3CC[C@H](CC3)NS(=O)(=O)c4ccc(F)c(F)c4,CHEMBL229084,Ki,7.06
1899137,CCC1=C(C(N(C(=O)NCCCN2CCC(CC2)(C(=O)OC)c3ccccc3)C(=O)N1)c4ccc(cc4)[N+](=O)[O-])C(=O)OC,CHEMBL123012,Ki,7.06
757803,CN(C)CCCN1c2ccccc2CCc3ccc(Cl)cc13,CHEMBL415,Ki,7.06
1899149,COc1ccc(cc1OC)S(=O)(=O)N[C@@H]2CC[C@H](CC2)N3CCC(CC3)c4ccccc4OCC(F)F,CHEMBL228607,Ki,7.07
1899160,Clc1ccc2c(c1)C(=O)N(CCCCN3CCC(CC3)N4C(=O)Oc5ccccc45)S2(=O)=O,CHEMBL313990,Ki,7.07
1899171,FC(F)Oc1ccc(cc1)S(=O)(=O)N[C@@H]2CC[C@H](CC2)N3CCC(CC3)c4ccccc4OCC(F)(F)F,CHEMBL228554,Ki,7.07
1899182,C(COc1ccccc1)NC[C@H]2COCC(O2)(c3ccccc3)c4ccccc4,CHEMBL2312538,Ki,7.08
703417,[H]C12CN(C)CCN1C1=C(CC3=C2C=CC=C3)C=CC=C1,mianserin,IC50,7.08
1899194,COc1cccc2c(CCCNCCOc3ccccn3)cccc12,CHEMBL138109,Ki,7.08
1899205,Cl.Cl.COc1ccc2CCNc2c1OCCNC[C@@H]3COc4ccccc4O3,CHEMBL3217244,Ki,7.08
1743973,Fc1ccc(cc1)C(=O)CCCN2CCC(=CC2)N3C(=O)Nc4ccccc34,CHEMBL1108,IC50,7.08
1397848,OC1(CCN(CCCC(=O)c2ccc(F)cc2)CC1)c3ccc(Cl)cc3,CHEMBL54,IC50,7.08
1899218,CC(C)Oc1ccccc1N2CCN(CCCNC(=O)CN3CCCCC3=O)CC2,CHEMBL12062,Ki,7.1
1899229,COC(=O)C1=C(C)N=C(C)N(CCCCCN2CCN(CC2)c3ccccc3C(=O)OC)C1c4ccc(F)c(F)c4,CHEMBL436407,Ki,7.1
1899240,COc1ccccc1CCNCc2cccc(CCNC[C@H](O)c3ccc(O)c4NC(=O)Sc34)c2,CHEMBL1944693,IC50,7.1
1899251,COc1ccccc1CNCc2ccc(CCNC[C@@H](O)c3ccc(O)c4NC(=O)Sc34)cc2,CHEMBL1945504,IC50,7.1
1899262,Cl.COc1cccc(OC)c1OCCNC[C@H]2COc3c(OC)cccc3O2,CHEMBL2153559,Ki,7.1
1899273,O[C@@H](CNCCc1ccc(CNCCc2c(Cl)cccc2Cl)cc1)c3ccc(O)c4NC(=O)Sc34,CHEMBL1944689,IC50,7.1
1899284,O[C@@H](CNCCc1cccc(CNCc2ccccc2F)c1)c3ccc(O)c4NC(=O)Sc34,CHEMBL1945042,IC50,7.1
1899295,COc1ccc(Cl)cc1N2CCN(CCCCN3C(=O)CC(C)(CC3=O)c4ccccc4)CC2,CHEMBL1796047,Ki,7.11
1899306,COc1ccc2c(c1)C(=O)N(CCCCN3CCC(CC3)N4C(=O)Oc5ccccc45)S2(=O)=O,CHEMBL83340,Ki,7.12
1899317,COc1ccccc1N2CCN(CCCN3C(=O)CC4(CCc5ccccc45)CC3=O)CC2,CHEMBL1796049,Ki,7.12
1899328,COc1ccncc1S(=O)(=O)N[C@@H]2CC[C@H](CC2)N3CCN(CC3)c4ccccc4OC(C)C,CHEMBL391017,Ki,7.12
1899339,CC(C)Oc1ccccc1N2CCN(CC(O)CNC(=O)c3ccc4C(=O)N(C(=O)c4c3)c5ccc(cc5)C(C)(C)C)CC2,CHEMBL68699,Ki,7.13
1899350,CC(C)Oc1ccccc1N2CCN(CC(O)CNC(=O)c3ccc4C(=O)N(C(=O)c4c3)c5cccc(F)c5)CC2,CHEMBL302246,Ki,7.13
1899361,[O-][N+](=O)c1ccc2C(=O)N(CCCCN3CCC(CC3)N4C(=O)Oc5ccccc45)S(=O)(=O)c2c1,CHEMBL82877,Ki,7.13
1899372,C(COc1ccccc1)NC[C@@H]2COC[C@@H](O2)c3ccccc3,CHEMBL492835,Ki,7.14
1899383,CC(C)Oc1ccccc1N2CCN(CC(O)CNC(=O)c3ccc4C(=O)N(C(=O)c4c3)c5cccc(C)c5)CC2,CHEMBL303248,Ki,7.14
1899394,CC(C)Oc1ccccc1N2CCN(CC2)C3CCC(CC3)NC(=O)Nc4ccc(F)c(F)c4,CHEMBL256804,Ki,7.14
1899405,CN1CCc2c(Cl)ccc3oc(Br)c(C1)c23,CHEMBL123138,Ki,7.14
1899416,COc1cc2nc(nc(N)c2cc1OC)N3CCN([C@@H](C3)C(=O)NC(C)(C)C)C(=O)c4occc4,CHEMBL19826,Ki,7.14
1899427,COc1ccccc1N2C(=O)c3ccc(cc3C2=O)C(=O)NCC(O)CN4CCN(CC4)c5ccccc5OC(C)C,CHEMBL68565,Ki,7.14
1899438,COc1ccccc1N2CCN(CCCCN3C(=O)CC(CC3=O)c4ccc(Cl)cc4)CC2,CHEMBL1796041,Ki,7.14
704256,COc1ccccc1N2CCN(CCN(C(=O)C34CCC(CF)(CC3)CC4)c5ccccn5)CC2,CHEMBL1910140,Ki,7.14
1899451,COc1ccccc1NC(=O)NC2CCC(CC2)N3CCN(CC3)c4ccccc4OC(C)C,CHEMBL272340,Ki,7.14
1899462,Cc1ccc2c(c1)C(=O)N(CCCCN3CCC(CC3)N4C(=O)Oc5ccccc45)S2(=O)=O,CHEMBL81006,Ki,7.14
1899473,Fc1ccc2c(c1)C(=O)N(CCCCN3CCC(CC3)N4C(=O)Oc5ccccc45)S2(=O)=O,CHEMBL83592,Ki,7.15
1899484,CN1C=C([C@H](NC1=O)c2ccc(F)c(F)c2)C(=O)NCCCN3CCC(CC3)c4ccc(F)cc4C#N,CHEMBL90086,Ki,7.16
1899495,COc1ccccc1N2CCN(CCCN3C(=O)CC(CC3=O)c4ccc(Cl)cc4)CC2,CHEMBL1796039,Ki,7.16
1899506,Cl.Cl.C(CN1CCCCC1)CN2CCC(CC2)c3c[nH]c4ccccc34,CHEMBL537428,Ki,7.16
1899517,FC(F)Oc1cccc(c1)S(=O)(=O)N[C@@H]2CC[C@H](CC2)N3CCC(CC3)c4ccccc4OCC(F)(F)F,CHEMBL228553,Ki,7.16
1398487,CN1CCCC(CN2c3ccccc3Sc4ccccc24)C1,CHEMBL395110,Ki,7.17
708514,CN1C[C@H](CNC(=O)OCc2ccccc2)C[C@H]3[C@H]1Cc4cn(C)c5cccc3c45,CHEMBL19215,Ki,7.17
1899530,COc1ccccc1N2CCN(CCCN3C(=O)CC(CC3=O)c4ccc(cc4)[N+](=O)[O-])CC2,CHEMBL1796042,Ki,7.17
1899541,COc1ccccc1N2CCN(C[C@H]3CCC([C@@H]3O)(c4ccccc4)c5ccccc5)CC2.OC(=O)C(=O)O,CHEMBL1946788,Ki,7.17
1899552,COc1ccccc1N2CCN(C[C@H]3CCC([C@H]3O)(c4ccccc4)c5ccccc5)CC2.OC(=O)C(=O)O,CHEMBL1946787,Ki,7.17
1899563,Fc1ccc(cc1)C2CCN(CCCNC(=O)C3=CNC(=O)N[C@@H]3c4ccc(F)c(F)c4)CC2,CHEMBL94167,Ki,7.17
1899574,O=C1CC2(CCN(CCc3cccc4ccccc34)CC2)Oc5ccccc15,CHEMBL101869,Ki,7.17
1899585,CC(C)Oc1ccccc1N2CCN(Cc3onc(CN4CCCC4=O)c3)CC2,CHEMBL309969,Ki,7.18
1899598,COC(=O)C1=C(C)NC(=C(C1c2ccc(cc2)[N+](=O)[O-])C(=O)NCCCN3CCC(CC3)(c4ccccc4)c5ccccc5)C,CHEMBL448620,Ki,7.18
1899609,CO\C(=C/1\C(C(=C(C)N=C1C)C(=O)NCCCN2CCC(CC2)c3ccccc3)c4ccc(cc4)[N+](=O)[O-])\O,CHEMBL91022,Ki,7.18
1899620,COc1ccc(F)cc1S(=O)(=O)N[C@@H]2CC[C@H](CC2)N3CCN(CC3)c4ccccc4OC(C)C,CHEMBL392066,Ki,7.18
1899631,COc1cccc(OC)c1OCCNCC2COCC(O2)(c3ccccc3)c4ccccc4,CHEMBL2312225,Ki,7.18
1899643,COc1cccc(OC)c1OCCNC[C@@H]2COCC(O2)(c3ccccc3)c4ccccc4,CHEMBL493697,Ki,7.18
1899654,CC(C)Oc1ccccc1N2CCN(CC(O)CNC(=O)c3ccc4C(=O)N(C(=O)c4c3)c5ccccc5)CC2,CHEMBL69143,Ki,7.19
1899665,COC(=O)C1=C(C)N=C(C)N(CCCCCN2CCN(CC2)c3ccccc3OC)C1c4ccc(F)c(F)c4,CHEMBL145587,Ki,7.19
1899676,COc1ccc(Cl)cc1NC(=O)NC2CCC(CC2)N3CCN(CC3)c4ccccc4OC(C)C,CHEMBL271913,Ki,7.19
1899687,COc1ccc(cc1OC)S(=O)(=O)N[C@@H]2CC[C@@H](CC2)N3CCN(CC3)c4ccccc4OCC5CC5,CHEMBL233584,Ki,7.19
1899698,NC(=O)C1=CC(=CN(Cc2ccc(C(=O)N)c(Cl)c2)C1=N)Cl,CHEMBL3798527,Ki,7.19
1899709,CC(C)Oc1ccccc1N2CCN(C[C@H](O)CNC(=O)c3ccc4C(=O)N(C(=O)c4c3)c5cccc(F)c5)CC2,CHEMBL71473,Ki,7.2
1899720,CN1C(=O)C=NN(CCCCN2CCN(CC2)c3ccccc3OCCF)C1=O,CHEMBL2413153,Ki,7.2
1899731,Clc1ccc(cc1)C2CC(=O)N(CCCN3CCN(CC3)c4ccccc4Cl)C(=O)C2,CHEMBL1796040,Ki,7.2
1899742,O=C1N(Cc2ccc(CCN3CCN(CC3)c4ccc(cc4)C#N)cc2)C(=O)c5ccccc15,CHEMBL3741260,IC50,7.2
1899753,OCC1=CNC(=O)N(CCCN2CCN(CC2)c3ccc(F)cc3OCC(F)(F)F)C1=O,CHEMBL55645,Ki,7.2
1899764,O[C@@H](CNCCc1cccc(CNCCc2c(Cl)cccc2Cl)c1)c3ccc(O)c4NC(=O)Sc34,CHEMBL1947157,IC50,7.2
1899775,CC(C)Oc1ccccc1N2CCN(CC(O)CNC(=O)c3ccc4C(=O)N(C(=O)c4c3)c5ccc(C)cc5)CC2,CHEMBL69295,Ki,7.21
1899786,CC(C)Oc1ccccc1N2CCN(CC2)C3CCC(CC3)NC(=O)NCc4cccc(F)c4,CHEMBL256041,Ki,7.21
1899797,Fc1ccc(C2CCN(CCCNC(=O)C3=CNC(=O)N[C@@H]3c4ccc(F)c(F)c4)CC2)c(c1)C#N,CHEMBL94188,Ki,7.21
1899808,CCC(C)c1ccc(cc1)N2CCN(CCN3C(=O)Nc4c([nH]c5ccccc45)C3=O)CC2,CHEMBL95191,Ki,7.22
1900019,COc1cc(C)ccc1OCCNC(C)Cc2cc3CCN(CCCO)c3c(c2)C(=O)N,CHEMBL3810220,IC50,7.22
1900030,COc1ccc(cc1OC)S(=O)(=O)N[C@@H]2CC[C@H](CC2)N3CCC(CC3)c4ccc(F)cc4OC(C)C,CHEMBL228658,Ki,7.22
1900041,O=C1OC2(CCN(CCc3cccc4ccccc34)CC2)Cc5ccccc15,CHEMBL98168,Ki,7.22
1900052,CSc1ccc2c(c1)C(=O)N(CCCCN3CCC(CC3)N4C(=O)Oc5ccccc45)S2(=O)=O,CHEMBL309518,Ki,7.23
703947,CN(C)CCC=C1c2ccccc2COc3ccccc13,CHEMBL1628227,Ki,7.24
1900064,COc1cccc(OCCNCC2COC(O2)(c3ccccc3)c4ccccc4)c1,CHEMBL1077168,Ki,7.24
1900075,CSc1ccccc1NCc2c[nH]cn2,CHEMBL118055,IC50,7.24
1900086,Cl.CCSc1ccccc1NCC2=NCCN2,CHEMBL540035,Ki,7.24
1900097,O=S(=O)(N[C@@H]1CC[C@H](CC1)N2CCC(CC2)c3ccccc3OC4CC4)c5ccc6OCOc6c5,CHEMBL228333,Ki,7.24
1900108,CC(CCc1ccc(O)cc1)NCCc2ccc(O)c(O)c2,CHEMBL926,Ki,7.25
1900118,COc1ccc(OC)c(c1)S(=O)(=O)N[C@@H]2CC[C@H](CC2)N3CCN(CC3)c4ccccc4OC(C)C,CHEMBL234194,Ki,7.25
1900129,COc1ccc(cc1OC)N2C(=O)c3ccc(cc3C2=O)C(=O)NCC(O)CN4CCN(CC4)c5ccccc5OC(C)C,CHEMBL70095,Ki,7.25
1900140,CC(C)Oc1ccccc1N2CCN(CC(O)CNC(=O)c3ccc4C(=O)N(C(=O)c4c3)c5ccc(Cl)cc5)CC2,CHEMBL68601,Ki,7.26
1900151,CC(C)Oc1ccccc1N2CCN(CC2)[C@@H]3CC[C@H](CC3)NS(=O)(=O)c4ccccc4,CHEMBL234669,Ki,7.26
1900164,C(Oc1ccccc1c2ccc[nH]2)C3=NCCN3,CHEMBL357129,IC50,7.27
1900174,CC(C)Oc1ccccc1N2CCN(C[C@@H](O)CNC(=O)c3ccc4C(=O)N(C(=O)c4c3)c5ccc(C)cc5)CC2,CHEMBL431362,Ki,7.27
1900185,COc1ccccc1N2CCN(CCCCN3C(=O)CC(CC3=O)c4ccc(cc4)[N+](=O)[O-])CC2,CHEMBL1796043,Ki,7.27
1900196,Cl.COc1ccc(cc1OCCNC[C@@H]2COc3ccccc3O2)c4ccccc4,CHEMBL214552,Ki,7.27
1900207,NC(=O)C1=CC(=CN(CCCc2ccccc2)C1=N)Cl,CHEMBL3799155,Ki,7.27
1900218,CC(C)Oc1ccccc1N2CCN(CC2)C3CCC(CC3)NC(=O)Nc4cc(F)ccc4F,CHEMBL257097,Ki,7.28
1900229,CC(C)Oc1ccccc1N2CCN(C[C@@H](O)CNC(=O)c3ccc4C(=O)N(C(=O)c4c3)c5ccc(cc5)N(C)C)CC2,CHEMBL309106,Ki,7.28
1900240,CC(C)Oc1ccccc1N2CCN(Cc3cc(CN4CCCCC4=O)n(C)n3)CC2,CHEMBL440499,Ki,7.28
704506,CN(C)CCC=C1c2ccccc2CCc3ccccc13,CHEMBL629,Ki,7.28
707472,CN1CCC(=C2c3ccccc3C=Cc4ccccc24)CC1,CHEMBL516,Ki,7.28
755961,CN1[C@@H]2CC[C@H]1C[C@H](C2)OC(c3ccccc3)c4ccccc4,CHEMBL1201203,IC50,7.28
1900254,COC(=O)C1=C(C)NC(=O)N(C1c2ccc(F)c(F)c2)C(=O)NCCCN3CCN(CC3)c4ccc(Cl)cc4,CHEMBL142307,Ki,7.28
1900265,COc1ccc(cc1)N2C(=O)c3ccc(cc3C2=O)C(=O)NC[C@@H](O)CN4CCN(CC4)c5ccccc5OC(C)C,CHEMBL302942,Ki,7.28
1900276,COc1ccc(cc1OC)S(=O)(=O)N[C@@H]2CC[C@H](CC2)N3CCC(CC3)c4cc(F)ccc4OC(C)C,CHEMBL390473,Ki,7.28
1900287,CS(=O)(=O)c1cccc(CN2C=C(Cl)C=C(C(=O)N)C2=N)c1,CHEMBL3799783,Ki,7.28
1900298,O=C1CC2(CCN(CCc3cccc4ccccc34)CC2)Oc5ccc(NS(=O)(=O)Cc6ccccc6)cc15,CHEMBL322688,Ki,7.28
1900309,CC(C)Oc1ccccc1N2CCN(CC(O)CNC(=O)c3ccc4C(=O)N(C(=O)c4c3)c5ccc(Cl)c(Cl)c5)CC2,CHEMBL302092,Ki,7.29
1900320,COc1ccc(cc1)N2C(=O)c3ccc(cc3C2=O)C(=O)NCC(O)CN4CCN(CC4)c5ccccc5OC(C)C,CHEMBL302940,Ki,7.29
1900331,COc1ccccc1N2CCN(CC3COC4(CCS(=O)(=O)CC4)O3)CC2,CHEMBL3342855,Ki,7.29
1900342,COc1ccccc1N2CCN(CCCN3C(=O)CC(C)(CC3=O)c4ccccc4)CC2,CHEMBL1796044,Ki,7.29
1900353,CC1=CC(=O)N(CCCN2CCN(CC2)c3ccc(F)cc3OCC(F)(F)F)C(=O)N1,CHEMBL56489,Ki,7.3
1900364,COc1ccccc1CCCNCC2COC(O2)(c3ccccc3)c4ccccc4,CHEMBL1088072,Ki,7.3
1900375,Cc1ccc(cc1)N(NC2=NCCN2)c3cccc(O)c3,CHEMBL194849,Ki,7.3
1900386,O[C@@H](CNCCc1ccc(CNCCc2ccccc2F)cc1)c3ccc(O)c4NC(=O)Sc34,CHEMBL1944692,IC50,7.3
1900397,O[C@@H](CNCCc1cccc(CNCCc2ccccc2Cl)c1)c3ccc(O)c4NC(=O)Sc34,CHEMBL1944690,IC50,7.3
708046,CN1C[C@@H](C=C2[C@H]1Cc3c[nH]c4cccc2c34)C(=O)N[C@]5(C)O[C@@]6(O)[C@@H]7CCCN7C(=O)[C@H](Cc8ccccc8)N6C5=O,CHEMBL442,IC50,7.31
1900409,COc1cc(F)ccc1OCCNC(C)Cc2cc3CCN(CCCO)c3c(c2)C(=O)N,CHEMBL3809600,IC50,7.31
1900420,COc1ccc(cc1OC)S(=O)(=O)N[C@@H]2CC[C@H](CC2)N3CCC(CC3)c4ccccc4OCCF,CHEMBL228606,Ki,7.31
707011,CC(C)C[C@@H]1N2C(=O)[C@](NC(=O)[C@H]3CN(C)[C@@H]4Cc5c[nH]c6cccc(C4=C3)c56)(O[C@@]2(O)[C@@H]7CCCN7C1=O)C(C)C,CHEMBL1403281,IC50,7.32
1900432,COc1ccc(Cl)cc1S(=O)(=O)N[C@@H]2CC[C@@H](CC2)N3CCN(CC3)c4ccccc4OCC5CC5,CHEMBL234474,Ki,7.32
1900443,CC(C)Oc1ccccc1N2CCN(Cc3cc(CN4CCCCCC4=O)cs3)CC2,CHEMBL421297,Ki,7.33
1900454,COc1ccc(Cl)cc1S(=O)(=O)N[C@@H]2CC[C@H](CC2)N3CCC(CC3)c4ccccc4OC5CC5,CHEMBL228279,Ki,7.33
1900465,CC(C)Oc1ccccc1N2CCN(CC2)C3CCC(CC3)NC(=O)Nc4ccccc4Cl,CHEMBL257098,Ki,7.34
1900476,CC(C)Oc1ccccc1N2CCN(CC2)[C@@H]3CC[C@@H](CC3)NS(=O)(=O)c4cccnc4,CHEMBL234854,Ki,7.34
1900487,COc1ccccc1N2CCN(CCCN3C(=O)CC(CC3=O)c4ccccc4)CC2,CHEMBL1796030,Ki,7.34
1900499,O=C1N(CCCCN2CCN(CC2)c3ncccn3)S(=O)(=O)c4ccccc14,CHEMBL8412,Ki,7.34
1900510,CCN(CC)c1ccc2C=C(C(=O)Oc2c1)n3cc(CN4CCN(CC4)c5nc(N)c6cc(OC)c(OC)cc6n5)nn3,CHEMBL3582272,IC50,7.35
1900521,CC(C)Oc1ccccc1N2CCN(Cc3cc(CN4CCCCC4=O)nn3C)CC2,CHEMBL76867,Ki,7.36
1900532,COc1ccccc1OCCNC[C@@H]2COC[C@@H](O2)c3ccccc3,CHEMBL452437,Ki,7.36
1900543,Clc1ccccc1N2CCN(CCCN3C(=O)CC(CC3=O)c4ccccc4)CC2,CHEMBL1796031,Ki,7.36
1900554,Fc1ccc(Cl)cc1S(=O)(=O)N[C@@H]2CC[C@@H](CC2)N3CCN(CC3)c4ccccc4OCC5CC5,CHEMBL234476,Ki,7.36
1900565,Fc1ccc(Cl)cc1S(=O)(=O)N[C@@H]2CC[C@H](CC2)N3CCC(CC3)c4ccccc4OCC(F)(F)F,CHEMBL228494,Ki,7.36
1900576,CO\N=C\c1ccccc1NCC2=NCCN2,CHEMBL351542,IC50,7.37
1900587,COc1ccccc1N2CCN(CC3COC4(CC[S+]([O-])CC4)O3)CC2,CHEMBL3342854,Ki,7.37
1900598,C(Nc1ccccc1c2occn2)C3=NCCN3,CHEMBL155326,IC50,7.39
1900609,CC(C)Oc1ccccc1N2CCN(CC(O)CNC(=O)c3ccc4C(=O)N(C(=O)c4c3)c5cccc(Cl)c5)CC2,CHEMBL71580,Ki,7.39
703406,[H][C@@]12CC3=CNC4=CC=CC(=C34)C1=C[C@@H](CN2C)NC(=O)N(CC)CC,lisuride,IC50,7.39
1900621,O=C1Oc2ccccc2N1C3CCN(CCCCN4C(=O)c5ccccc5S4(=O)=O)CC3,CHEMBL311890,Ki,7.39
1900632,C(Nc1ccccc1c2cc[nH]n2)C3=NCCN3,CHEMBL277375,IC50,7.4
1900642,CC(C)Oc1ccccc1N2CCN(CC(O)CNC(=O)c3ccc4C(=O)N(C(=O)c4c3)c5ccc(cc5)N(C)C)CC2,CHEMBL67648,Ki,7.4
1900653,CC(C)Oc1ccccc1N2CCN(Cc3nc(CN4CCCCC4=O)cs3)CC2,CHEMBL310890,Ki,7.4
1900664,CC(Cc1cccc(CNCCc2c(Cl)cccc2Cl)c1)NC[C@H](O)c3ccc(O)c4NC(=O)Sc34,CHEMBL1945297,IC50,7.4
1900675,CCCCC1CCN(CCCC(=O)c2ccccc2C)CC1,CHEMBL1242950,Ki,7.4
1900686,COc1ccc(cc1OC)S(=O)(=O)N[C@@H]2CC[C@H](CC2)N3CCC(CC3)c4ccccc4OC(C)C,CHEMBL388361,Ki,7.4
1900697,COc1ccccc1N2CCN(CC3COC4(CCN(CC4)C(=O)C5CCCCC5)O3)CC2,CHEMBL3342862,Ki,7.4
1900708,COc1ccccc1N2CCN(C[C@H]3CO[C@](CN4C(=O)CCC4=O)(O3)c5ccccc5)CC2,CHEMBL1242724,Ki,7.4
1900719,O[C@@H](CNCCCc1cccc(CNCCc2c(Cl)cccc2Cl)c1)c3ccc(O)c4NC(=O)Sc34,CHEMBL1945296,IC50,7.4
1900730,COC(c1c[nH]cn1)c2sccc2Br.OC(=O)\C=C\C(=O)O,CHEMBL1744266,Ki,7.41
1900741,COCC1=C([C@@H](N(C(=O)N[C@H]2CC[C@H](C2)N3CCN(CC3)c4ccccc4C#N)C(=O)N1)c5ccc(F)c(F)c5)C(=O)OC,CHEMBL300821,Ki,7.41
1900752,COc1ccc(Cl)cc1N2CCN(CCCCN3C(=O)CC(CC3=O)c4ccccc4)CC2,CHEMBL1796035,Ki,7.41
1900763,NC(=O)C1=CC(=CN(Cc2ccccc2Cl)C1=N)Cl,CHEMBL3799219,Ki,7.41
1900774,C(Nc1ccccc1c2oncc2)C3=NCCN3,CHEMBL155327,IC50,7.42
1900785,CC(C)Oc1ccccc1N2CCN(CC(O)CNC(=O)c3ccc4C(=O)N(C(=O)c4c3)c5ccc(cc5)[N+](=O)[O-])CC2,CHEMBL68746,Ki,7.42
1900796,COc1ccc(Br)cc1S(=O)(=O)N[C@@H]2CC[C@H](CC2)N3CCN(CC3)c4ccccc4OC(C)C,CHEMBL429076,Ki,7.42
1900807,CC(C)Oc1ccccc1N2CCN(CCCNC(=O)c3ccc4C(=O)N(C(=O)c4c3)c5ccc(C)cc5)CC2,CHEMBL304132,Ki,7.43
1900818,CC(Cc1cc2CCN(CCCO)c2c(c1)C(=O)N)NCCOc3ccccc3C,CHEMBL3808878,IC50,7.43
1900829,COC(=O)C1=C(C)NC(=O)N(C1c2ccc(F)c(F)c2)C(=O)NCCCN3CCN(CC3)c4cccc(Cl)c4,CHEMBL145443,Ki,7.43
1900840,COc1ccccc1N2CCN(CC3COC4(CCNCC4)O3)CC2,CHEMBL3342856,Ki,7.43
1900851,Cl.Cl.C(CCN1CCCCC1)CCN2CCC(CC2)c3c[nH]c4ccccc34,CHEMBL537651,Ki,7.43
1900862,CC(C)Oc1ccccc1N2CCN(CC2)[C@@H]3CC[C@H](CC3)NS(=O)(=O)c4ccc(F)cc4,CHEMBL428197,Ki,7.44
1900873,COc1ccc(Cl)cc1S(=O)(=O)N[C@@H]2CC[C@H](CC2)N3CCC(CC3)c4ccccc4OCC(F)(F)F,CHEMBL390192,Ki,7.44
1900884,Cc1ccc(cc1)C(C(=O)NCCCN2CCN(CC2)c3ccccc3C)c4ccc(C)cc4,CHEMBL415887,Ki,7.44
1900895,Clc1ccccc1N2CCN(CCc3ccc(CN4C(=O)c5ccccc5C4=O)cc3)CC2,CHEMBL3742198,IC50,7.44
1900906,CC(C)c1ccc(cc1)N2CCN(CCN3C(=O)Nc4c([nH]c5ccccc45)C3=O)CC2,CHEMBL100434,Ki,7.45
1900917,COc1ccccc1N2CCN(CC3COC4(CCN(CC4)C(=O)NC(C)(C)C)O3)CC2,CHEMBL3342876,Ki,7.45
1900928,Clc1ccc(cc1)N2CCN(CCc3ccc(CN4C(=O)c5ccccc5C4=O)cc3)CC2,CHEMBL3741483,IC50,7.45
1900939,CC(C)Oc1ccccc1N2CCN(CC2)[C@@H]3CC[C@H](CC3)NS(=O)(=O)c4cccc(c4)C(F)(F)F,CHEMBL233416,Ki,7.46
707251,CN1CCN(CC1)C2=Nc3cc(Cl)ccc3Nc4ccccc24,CHEMBL42,IC50,7.46
1900951,COc1ccccc1N2CCN(CCCNC3=C(C(=O)C)C(=NN(C)C3=O)C)CC2,CHEMBL79161,Ki,7.46
1900962,O=C1CCCN1Cc2cc(CN3CCN(CC3)c4ccccc4Oc5ccccc5)on2,CHEMBL80109,Ki,7.46
704728,CN1CCN(CCCN2c3ccccc3Sc4ccc(Cl)cc24)CC1,CHEMBL728,IC50,7.47
1900974,COC(=O)C1=C(C)NC(=O)N(C1c2ccc(F)c(F)c2)C(=O)NCCCN3CCN(C[C@@H]3C)c4ccccc4[N+](=O)[O-],CHEMBL145547,Ki,7.47
1900985,COc1cc2nc(nc(N)c2cc1OC)N3CCN(CC3)C(=S)Nc4ccc(C5=C6C=CC(=O)C=C6Oc7cc(O)ccc57)c(c4)C(=O)O,CHEMBL3582271,IC50,7.47
1900996,COc1cc2nc(nc(N)c2cc1OC)N3CCN([C@@H](C3)C(=O)NC(C)(C)C)C(=O)OCc4ccccc4,CHEMBL19476,Ki,7.47
1901007,COc1ccc(cc1OC)S(=O)(=O)N[C@@H]2CC[C@H](CC2)N3CCC(CC3)c4ccccc4OC5CC5,CHEMBL228278,Ki,7.47
1901018,Clc1ccccc1N2CCN(CCCCN3C(=O)CC(CC3=O)c4ccccc4)CC2,CHEMBL1796034,Ki,7.47
1901029,CN1CCc2c(Cl)ccc(OCC=C(C)C)c2CC1,CHEMBL114166,Ki,7.48
705665,OCCN1CCN(CCCN2c3ccccc3Sc4ccc(cc24)C(F)(F)F)CC1,CHEMBL726,IC50,7.48
1901041,COc1ccccc1N2CCN(C[C@H]3CO[C@](CN4C(=O)CCCC4=O)(O3)c5ccccc5)CC2,CHEMBL1242818,Ki,7.49
1901052,CC(CNCc1ccc(CCNC[C@H](O)c2ccc(O)c3NC(=O)Sc23)cc1)c4ccccc4,CHEMBL1945036,IC50,7.5
1901063,CCOc1ccccc1CNCc2cccc(CCNC[C@H](O)c3ccc(O)c4NC(=O)Sc34)c2,CHEMBL1945290,IC50,7.5
705730,CN1CCC[C@@H]1CCO[C@](C)(c2ccccc2)c3ccc(Cl)cc3,CHEMBL1626,IC50,7.5
1901075,COC(=O)C1=C(C)NC(=O)N(C1c2ccc(F)c(F)c2)C(=O)NCCCN3CCN(CC3)c4ccccc4[N+](=O)[O-],CHEMBL145843,Ki,7.5
1901086,COC1=CNC(=O)N(CCCN2CCN(CC2)c3ccc(F)cc3OCC(F)(F)F)C1=O,CHEMBL418112,Ki,7.5
1901097,COc1cc(Cl)ccc1OCCNC(C)Cc2cc(C(=O)N)c3c(ccn3CCCO)c2,CHEMBL3810401,IC50,7.5
1901110,COc1cc2nc(nc(N)c2cc1OC)N3CCN([C@H]4CCCC[C@@H]34)C(=O)c5occc5,CHEMBL423294,Ki,7.5
1901121,COc1ccccc1OCCNC[C@@H]2COC[C@H](O2)c3ccccc3,CHEMBL493041,Ki,7.5
1901132,Fc1ccc(Cl)cc1S(=O)(=O)N[C@@H]2CC[C@H](CC2)N3CCC(CC3)c4ccccc4OC5CC5,CHEMBL228332,Ki,7.5
1901143,Fc1ccc(N2CCN(CCCN3C(=O)CCNC3=O)CC2)c(OCC(F)(F)F)c1,CHEMBL59153,Ki,7.5
1901154,Fc1ccc(N2CCN(CCCN3C(=O)NC=CC3=O)CC2)c(OCC(F)(F)F)c1,CHEMBL299452,Ki,7.5
1901165,OC(=O)C(=O)O.C(COc1ccccc1)NCC2CCC(O2)(c3ccccc3)c4ccccc4,CHEMBL1946778,Ki,7.5
1901176,COC(=O)C1=C(C)NC(=O)N(C1c2ccc(F)c(F)c2)C(=O)NCCCN3CCN(CC3)c4ccccc4O,CHEMBL141821,Ki,7.51
1901187,COC(=O)C1=C(C)NC(=O)N(C1c2ccc(F)c(F)c2)C(=O)NCCCN3CCN(CC3)c4ccccc4OC,CHEMBL146654,Ki,7.51
1901198,COCC1=C([C@@H](N(C(=O)N[C@@H]2CC[C@H](C2)N3CCC(CC3)c4ccccc4C#N)C(=O)N1)c5ccc(F)c(F)c5)C(=O)OC,CHEMBL262002,Ki,7.51
1901209,COc1ccc(C)cc1S(=O)(=O)N[C@@H]2CC[C@H](CC2)N3CCN(CC3)c4ccccc4OC(C)C,CHEMBL233623,Ki,7.51
1901220,COc1ccccc1N2CCN(CCCCCN3C(=O)CC(CC3=O)c4ccccc4)CC2,CHEMBL1796036,Ki,7.51
1901231,Cc1ccc(Cl)cc1N2CCN(CCc3ccc(CN4C(=O)c5ccccc5C4=O)cc3)CC2,CHEMBL3742103,IC50,7.51
707516,CC(C)C[C@@H]1N2C(=O)[C@](NC(=O)[C@H]3CN(C)[C@@H]4Cc5c(Br)[nH]c6cccc(C4=C3)c56)(O[C@@]2(O)[C@@H]7CCCN7C1=O)C(C)C,CHEMBL493,IC50,7.52
1901243,CC(C)Oc1ccccc1N2CCN(CC2)C3CCC(CC3)N4C(=O)c5c(F)c(F)c(F)c(F)c5C4=O,CHEMBL243690,Ki,7.52
1901254,CC(C)Oc1ccccc1N2CCN(CC2)[C@@H]3CC[C@H](CC3)NS(=O)(=O)c4ccccc4F,CHEMBL234681,Ki,7.52
1901265,COC(=O)C1=C(C)NC(=O)N(C1c2ccc(F)c(F)c2)C(=O)NCCCN3CCN(CC3)c4ccccc4C(=O)OC,CHEMBL145338,Ki,7.52
1901276,NC(=O)C1=CC(=CN(Cc2ccccc2)C1=N)Cl,CHEMBL3797529,Ki,7.52
1901287,CC(C)Oc1ccccc1N2CCN(CC2)C3CCC(CC3)NC(=O)Nc4cccc(Cl)c4,CHEMBL257077,Ki,7.54
707699,CN1C[C@@H](C[C@H]2[C@H]1Cc3c[nH]c4cccc2c34)C(=O)N[C@]5(C)O[C@@]6(O)[C@@H]7CCCN7C(=O)[C@H](Cc8ccccc8)N6C5=O,CHEMBL1732,IC50,7.54
1901299,Cl.COc1cccc(c1OCCNC[C@@H]2COc3ccccc3O2)c4ccccc4,CHEMBL214952,Ki,7.54
1901310,CC(C)Oc1ccccc1N2CCN(CC(O)CNC(=O)c3ccc4C(=O)N(C(=O)c4c3)c5ccc(O)cc5)CC2,CHEMBL68604,Ki,7.55
1901321,COC(=O)C1=C(C)NC(=O)N(C1c2ccc(F)c(F)c2)C(=O)NCCCN3CCN(C[C@H]3C)c4ccccc4[N+](=O)[O-],CHEMBL341849,Ki,7.55
1901332,COc1ccccc1N2CCN(CC3COC4(CCN(CC4)C(=O)c5occc5)O3)CC2,CHEMBL3342861,Ki,7.55
1901344,C[C@H](Cc1cc2CCN(CCCO)c2c(c1)C(=O)N)NCCOc3ccccc3OCC(F)(F)F,CHEMBL24778,IC50,7.56
1901355,CC(C)Oc1ccccc1N2CCN(CC2)[C@@H]3CC[C@H](CC3)NS(=O)(=O)c4ccccc4[N+](=O)[O-],CHEMBL232593,Ki,7.57
1901366,COc1cc2nc(nc(N)c2cc1OC)N3CCN([C@H]4CCCC[C@@H]34)C(=O)c5ccccn5,CHEMBL242725,Ki,7.57
1901377,COc1ccccc1N2CCN(CC3COC4(CCN(CC4)C(=O)C5CCCN5)O3)CC2,CHEMBL3342863,Ki,7.57
703592,COc1ccccc1N2CCN(CCN(C(=O)C34C5C6C3C7C4C5C67CF)c8ccccn8)CC2,CHEMBL1910139,Ki,7.57
1901390,CC(C)Oc1ccccc1N2CCN(CC2)C3CCC(CC3)NC(=O)Nc4ccc(F)cc4F,CHEMBL403280,Ki,7.58
1901401,COc1cc2nc(nc(N)c2cc1OC)N3CCN([C@H]4CCCC[C@H]34)C(=O)C5COc6ccccc6O5,CHEMBL549764,Ki,7.58
1901412,COc1ccccc1N2CCN(CC3COC4(CCN(CC4)S(=O)(=O)c5ccc(OC(F)(F)F)cc5)O3)CC2,CHEMBL3342869,Ki,7.58
1901423,Cc1ccccc1OCCNCC2COC(O2)(c3ccccc3)c4ccccc4,CHEMBL1084658,Ki,7.59
1901434,FC(F)(F)COc1ccccc1C2CCN(CC2)[C@@H]3CC[C@H](CC3)NS(=O)(=O)c4ccc5OCCOc5c4,CHEMBL228390,Ki,7.59
1901445,NC(=O)C1=CC(=CN(Cc2cccc(c2)C(=O)N)C1=N)Cl,CHEMBL3799486,Ki,7.59
1901456,CC(C)Oc1ccccc1N2CCN(CC2)C3CCC(CC3)NC(=O)Nc4c(Cl)cc(Cl)cc4Cl,CHEMBL256040,Ki,7.6
1901467,CC(C)Oc1ccccc1N2CCN(Cc3cc(CN4CCCC4=O)cs3)CC2,CHEMBL69848,Ki,7.6
1901478,CCC1=CNC(=O)N(CCCN2CCN(CC2)c3ccc(F)cc3OCC(F)(F)F)C1=O,CHEMBL53675,Ki,7.6
1901489,COc1cc2[C@@H]3Cc4ccc(O)c(OC)c4CN3CCc2cc1O,CHEMBL320397,Ki,7.6
1901500,COc1ccc(CCN2CCC(CC2)c3oc(c(COCC(F)(F)F)n3)c4ccc(F)cc4)cc1S(=O)(=O)N,CHEMBL267336,Ki,7.6
1901511,COc1ccccc1CNCCc2cccc(CCNC[C@H](O)c3ccc(O)c4NC(=O)Sc34)c2,CHEMBL1945299,IC50,7.6
1901522,COc1ccccc1N2CCN(CC3COC4(CCOCC4)O3)CC2,CHEMBL3341769,Ki,7.6
1901533,COc1ccccc1OCCNC[C@H]2COCC(O2)(c3ccccc3)c4ccccc4,CHEMBL2312536,Ki,7.6
1901544,Cl.COc1cc2nc3CC(CNC(=O)c4cccc(c4)C(F)(F)F)CCc3c(N)c2cc1OC,CHEMBL2112853,Ki,7.6
1901555,FC1=CNC(=O)N(CCCN2CCN(CC2)c3ccc(F)cc3OCC(F)(F)F)C1=O,CHEMBL417954,Ki,7.6
1901566,Fc1ccc2N(C3CCN(CCCCN4C(=O)c5ccccc5S4(=O)=O)CC3)C(=O)Oc2c1,CHEMBL83272,Ki,7.6
1901577,O[C@@H](CNCCOc1cccc(CNCCc2ccccc2F)c1)c3ccc(O)c4NC(=O)Sc34,CHEMBL1945298,IC50,7.6
1901588,O[C@@H](CNCCc1ccc(CNCCc2ccccn2)cc1)c3ccc(O)c4NC(=O)Sc34,CHEMBL1945034,IC50,7.6
1901599,CC(C)Oc1ccccc1N2CCN(CC2)[C@@H]3CC[C@H](CC3)NS(=O)(=O)c4cccc(F)c4,CHEMBL232780,Ki,7.61
1901610,COc1cc2nc3CC(CNC(=O)c4ccccc4C(F)(F)F)CCc3c(N)c2cc1OC,CHEMBL145785,Ki,7.61
1901621,CC(C)Oc1ccccc1N2CCN(CC2)[C@@H]3CC[C@H](CC3)NS(=O)(=O)c4cccc(Cl)c4F,CHEMBL393105,Ki,7.62
1901632,COc1ccc(cc1OC)S(=O)(=O)N[C@@H]2CC[C@H](CC2)N3CCN(CC3)c4ccccc4OC(C)C,CHEMBL236621,Ki,7.62
1901643,Cn1cnc(c1)S(=O)(=O)Nc2ccc3OC4(CCN(CCc5cccc6ccccc56)CC4)CC(=O)c3c2,CHEMBL101579,Ki,7.62
1901654,COc1ccccc1N2CCN(CC3COC4(CCN(CC4)S(=O)(=O)C)O3)CC2,CHEMBL3342873,Ki,7.63
1901665,COc1ccc(cc1OC)S(=O)(=O)N[C@@H]2CC[C@H](CC2)N3CCC(CC3)c4ccccc4OCC(F)(F)F,CHEMBL228389,Ki,7.64
1901676,COc1cccc(OC)c1OCCNC[C@H]2C[C@H](c3ccccc3)c4ccccc4S2,CHEMBL40325,Ki,7.64
1901687,COc1ccccc1N2CCN(CC3COC4(CCN(CC4)c5ccccn5)O3)CC2,CHEMBL3342858,Ki,7.64
1901698,COc1ccccc1N2CCN(Cc3ccc(CN4CCCC4=O)s3)CC2,CHEMBL70178,Ki,7.64
1901709,NC(=O)C1=CC(=CN(Cc2ccc(Cl)cc2)C1=N)Cl,CHEMBL3797369,Ki,7.64
1901720,OC(=O)C(=O)O.C(COc1ccccc1)NC[C@@H]2COC(O2)(c3ccccc3)c4ccccc4,CHEMBL3739897,Ki,7.64
1901730,Cl.COc1ccc2ccccc2c1OCCNC[C@@H]3COc4ccccc4O3,CHEMBL439346,Ki,7.65
1901741,CC(C)Oc1ccccc1N2CCN(CC2)[C@@H]3CC[C@H](CC3)NS(=O)(=O)c4ccc(cc4)S(=O)(=O)C,CHEMBL236618,Ki,7.66
1901752,CC(C)Oc1ccccc1N2CCN(CCCNC(=O)c3ccc4C(=O)N(C(=O)c4c3)c5cccc(F)c5)CC2,CHEMBL67552,Ki,7.66
1901763,CC(Cc1cc(C(=O)N)c2c(ccn2CCCO)c1)NCCOc3ccc(F)cc3Br,CHEMBL3808511,IC50,7.66
1901774,CCN([C@@H]1CC[C@@H](CC1)N2CCN(CC2)c3ccccc3OC(C)C)S(=O)(=O)c4ccc(OC)c(OC)c4,CHEMBL429453,Ki,7.66
1901785,COc1ccc(cc1S(=O)(=O)N[C@@H]2CC[C@H](CC2)N3CCN(CC3)c4ccccc4OC(C)C)[N+](=O)[O-],CHEMBL234422,Ki,7.66
1901797,Cl.Cl.Fc1ccc2c(c[nH]c2c1)C3CCN(CCCN4CCCCC4)CC3,CHEMBL541129,Ki,7.66
1901808,COC(=O)C1=C(C)NC(=O)N(C1c2ccc(F)c(F)c2)C(=O)NCCCN3CCN(CC3)c4ccccc4,CHEMBL342731,Ki,7.68
1901820,COc1ccccc1N2CCN(CCCNC3=C(C)C(=O)N(C)C(=O)N3C)CC2,CHEMBL420060,Ki,7.68
1901831,CC1=C(Oc2c(cccc2C1=O)C(=O)NCCCN3CCN(CC3)c4ccccc4OCc5no[n+]([O-])c5C(=O)N)c6ccccc6,CHEMBL125365,Ki,7.69
1901842,COc1ccccc1N2CCN(CC3COC4(CCN(CC4)C(=O)c5ccccc5)O3)CC2,CHEMBL3342859,Ki,7.69
1901853,COc1ccccc1OCCNCC2CSC(S2)(c3ccccc3)c4ccccc4,CHEMBL1086156,Ki,7.69
1901864,CC(C)(C)c1ccc(cc1)N2CCN(CCN3C(=O)Nc4c([nH]c5ccccc45)C3=O)CC2,CHEMBL319972,Ki,7.7
1901875,CC1=CN(CCCN2CCN(CC2)c3ccccc3OCC(F)(F)F)C(=O)NC1=O,CHEMBL292403,Ki,7.7
1901886,CSc1ccccc1NCC2=NCCN2,CHEMBL117248,IC50,7.71
1901897,CC(C)Oc1ccccc1N2CCN(CC2)[C@@H]3CC[C@H](CC3)NS(=O)(=O)c4ccc(Cl)cc4F,CHEMBL233582,Ki,7.72
1901908,CCCCNC(=O)N1CCC2(CC1)OCC(CN3CCN(CC3)c4ccccc4OC)O2,CHEMBL3342875,Ki,7.72
1901920,COc1cc2nc3CC(CNC(=O)c4ccc(cc4)C(F)(F)F)CCc3c(N)c2cc1OC,CHEMBL143026,Ki,7.72
1901931,COc1ccc(cc1OC)S(=O)(=O)N[C@@H]2CC[C@@H](CC2)N3CCN(CC3)c4ccccc4OC(C)C,CHEMBL391530,Ki,7.72
704044,COc1ccccc1N2CCN(CCN(C(=O)C34CCC(CF)(CC3)C4)c5ccccn5)CC2,CHEMBL1910141,Ki,7.72
1901944,Cl.COc1ccc2CCOc2c1OCCNC[C@@H]3COc4ccccc4O3,CHEMBL2419772,Ki,7.74
1901955,Cl.COc1ccc2ccoc2c1OCCNC[C@@H]3COc4ccccc4O3,CHEMBL2419770,Ki,7.74
1901966,C(COc1ccccc1)NCCOc2ccccc2OCc3ccccc3,CHEMBL1255086,Ki,7.75
1901977,CC(C)Oc1ccccc1N2CCN(Cc3ccc(CN4CCCCC4=O)s3)CC2,CHEMBL305029,Ki,7.75
707222,CC(C)[C@@H]1N2C(=O)[C@](NC(=O)[C@H]3CN(C)[C@@H]4Cc5c[nH]c6cccc(C4=C3)c56)(O[C@@]2(O)[C@@H]7CCCN7C1=O)C(C)C,CHEMBL1385840,IC50,7.75
1901989,COc1ccccc1N2CCN(CCNC3=CC(=NN(C)C3=O)C)CC2,CHEMBL80132,Ki,7.75
1902000,Cc1onc(C)c1S(=O)(=O)Nc2ccc3OC4(CCN(CCc5cccc6ccccc56)CC4)CC(=O)c3c2,CHEMBL101610,Ki,7.75
1902011,COc1ccc(C[C@@H](C)NC[C@H]2Oc3ccccc3O[C@H]2C)cc1S(=O)(=O)N,CHEMBL1630941,Ki,7.76
1902022,COc1cccc(c1)N(NC2=NCCN2)c3ccc(C)cc3,CHEMBL362954,Ki,7.76
1902033,CSc1ccc(C)cc1NCC2=NCCN2,CHEMBL72441,Ki,7.76
1902045,COc1cccc(OC)c1OCCNCC2CC(c3ccccc3)c4ccccc4C2,CHEMBL42231,Ki,7.77
1902056,Cl.COc1cccc(OC)c1OCCNC[C@@H]2COc3cccc(OC)c3O2,CHEMBL2153554,Ki,7.78
1902067,O=C1N(Cc2ccc(CCN3CCN(CC3)c4ccccc4[N+]#[C-])cc2)C(=O)c5ccccc15,CHEMBL3739762,IC50,7.78
1902078,CC(C)Oc1ccccc1N2CCN(CC2)C3CCC(CC3)N4C(=O)c5ccc6ccc(F)cc6c5C4=O,CHEMBL243866,Ki,7.79
1902089,COc1ccccc1N2CCN(CCCCN3C(=O)CC4(CCc5ccccc45)CC3=O)CC2,CHEMBL1796050,Ki,7.79
1902100,COc1ccccc1N2CCN(C[C@@H]3CO[C@](CN4C(=O)CCC4=O)(O3)c5ccccc5)CC2,CHEMBL1242725,Ki,7.79
1902111,COc1ccccc1OCCNC[C@@H]2CO[C@@H](CO2)c3ccccc3,CHEMBL521665,Ki,7.79
1902122,O[C@@H]1[C@@H](CC[C@H]1Oc2ccccc2)NC[C@@H]3COc4ccccc4O3,CHEMBL134428,Ki,7.79
1902134,CC(C)(Cc1c[nH]c2ccc(Cl)cc12)NCCOc3ccccc3OCC4CC4,CHEMBL88272,Ki,7.8
1902145,CC(C)Oc1ccccc1N2CCN(CC2)C3CCC(CC3)NC(=O)Nc4c(Cl)cccc4Cl,CHEMBL256597,Ki,7.8
1902156,CC(C)Oc1ccccc1N2CCN(CC2)[C@@H]3CC[C@H](CC3)NS(=O)(=O)c4ccc(C)c(Cl)c4,CHEMBL234609,Ki,7.8
1902167,CC(Cc1cc(C(=O)N)c2c(ccn2CCCO)c1)NCCOc3ccccc3OCC(F)(F)F,CHEMBL3808572,IC50,7.8
1902178,CC1=CNC(=O)N(CC2(CN3CCN(CC3)c4ccccc4OCC(F)(F)F)CC2)C1=O,CHEMBL55629,Ki,7.8
1902189,COC(c1c[nH]cn1)c2cscc2C.OC(=O)\C=C\C(=O)O,CHEMBL1744286,Ki,7.8
1902200,COCC1=C([C@@H](N(C(=O)N[C@@H]2CC[C@@H](C2)N3CCC(CC3)c4ccccc4C#N)C(=O)N1)c5ccc(F)c(F)c5)C(=O)OC,CHEMBL300540,Ki,7.8
1902211,COc1cc2nc3CC(CNC(=O)c4occc4)CCc3c(N)c2cc1OC,CHEMBL144286,Ki,7.8
1902222,COc1ccc(cc1)N2C(=O)c3ccc(cc3C2=O)C(=O)NCCCN4CCN(CC4)c5ccccc5OC(C)C,CHEMBL304591,Ki,7.8
1902233,COc1ccccc1N2CCN(CCCCN3C(=O)CC(CC3=O)c4ccccc4)CC2,CHEMBL1796033,Ki,7.8
1902244,COc1ccccc1OCCNC(C)Cc2cc3CCN(CCCO)c3c(c2)C(=O)N,CHEMBL3808408,IC50,7.8
1902255,Cl.COc1ccc2CCCCc2c1OCCNC[C@@H]3COc4ccccc4O3,CHEMBL217143,Ki,7.8
1902266,Fc1ccc2c(c[nH]c2c1)C3CCN(CCCN4CCc5ccccc5C4)CC3,CHEMBL3609360,Ki,7.8
1902277,NC(=O)C1=CC(=CN(CCc2ccccc2)C1=N)Cl,CHEMBL3800219,Ki,7.8
1902288,Oc1nc2ccccc2n1C3CCN(CCCCN4C(=O)c5ccccc5C4=O)CC3,CHEMBL311247,Ki,7.8
1902298,COc1ccc(C[C@@H](C)NC[C@@H]2Oc3ccccc3O[C@@H]2C)cc1S(=O)(=O)N,CHEMBL1630942,Ki,7.81
1902309,CC(C)Oc1ccccc1N2CCN(CC2)[C@@H]3CC[C@@H](CC3)NS(=O)(=O)c4cc(Cl)ccc4F,CHEMBL394139,Ki,7.82
1902320,CC(C)Oc1ccccc1N2CCN(CCCNC(=O)c3ccc4C(=O)N(C(=O)c4c3)c5ccc(cc5)N(C)C)CC2,CHEMBL69264,Ki,7.82
1902331,CC(N1C=C(Cl)C=C(C(=O)N)C1=N)c2cccc(c2)S(=O)(=O)C,CHEMBL3800449,Ki,7.82
1902342,COC(=O)C1=C(C)NC(=O)N(C1c2ccc(F)c(F)c2)C(=O)NCCCN3CCN(CC3)c4ccccc4C#N,CHEMBL145190,Ki,7.82
1902353,COC(=O)[C@@H]1CCCN1Cc2ccc(CN3CCN(CC3)c4ccccc4OC)s2,CHEMBL68241,Ki,7.82
1902364,COc1ccc(cc1S(=O)(=O)N[C@@H]2CC[C@H](CC2)N3CCN(CC3)c4ccccc4OC(C)C)C(F)(F)F,CHEMBL234232,Ki,7.82
1902375,Cl.COc1ccc(cc1OCCNC[C@H]2COc3ccccc3O2)c4ccccc4,CHEMBL214694,Ki,7.82
1902386,Oc1cccc(O)c1OCCNCCOc2ccccc2OCc3ccccc3,CHEMBL1255085,Ki,7.82
1902397,CC(C)Oc1ccccc1N2CCN(CC2)C3CCC(CC3)N4C(=O)c5cccc(F)c5C4=O,CHEMBL243694,Ki,7.83
1902408,COc1ccccc1N2CCN(CC3COC4(CCSCC4)O3)CC2,CHEMBL3342852,Ki,7.83
1902419,CC(C)Oc1ccccc1N2CCN(CC2)[C@@H]3CC[C@H](CC3)NS(=O)(=O)c4cnc(Cl)c(Br)c4,CHEMBL233790,Ki,7.84
1902430,COc1ccccc1N2CCN(CCCCN3C(=O)CC(C)(CC3=O)c4ccccc4)CC2,CHEMBL1796046,Ki,7.84
1902441,Cl.COc1ccc2CCCCc2c1OCCNC[C@H]3COc4ccccc4O3,CHEMBL383938,Ki,7.84
1902452,OC(=O)C(=O)O.C(COc1ccccc1)NC[C@H]2COC(O2)(c3ccccc3)c4ccccc4,CHEMBL3739932,Ki,7.84
1902462,CCOc1ccccc1N2CCN(CCCNC(=O)N3C(C(=C(C)NC3=O)C(=O)OC)c4ccc(F)c(F)c4)CC2,CHEMBL142251,Ki,7.85
1902473,COC(=O)C1=C(C)NC(=O)N(C1c2ccc(F)c(F)c2)C(=O)NCCCN3CCN(CC3)c4ccccc4Cl,CHEMBL142398,Ki,7.85
1902484,COc1ccc(cc1S(=O)(=O)N[C@@H]2CC[C@@H](CC2)N3CCN(CC3)c4ccccc4OC(C)C)C(F)(F)F,CHEMBL234231,Ki,7.85
1902495,COc1ccccc1N2CCN(C[C@H]3CO[C@](CN4CCCCC4=O)(O3)c5ccccc5)CC2,CHEMBL1242541,Ki,7.85
1902506,Cc1cccc(C)c1OCCNCCOc2ccccc2OCc3ccccc3,CHEMBL1255003,Ki,7.85
1902517,Fc1ccc(cc1)N2CCN(CCN3C(=O)CC4(CCCC4)CC3=O)CC2,CHEMBL57546,Ki,7.85
1902528,CC(Cc1cc2CCN(CCCO)c2c(c1)C(=O)N)NCCOc3ccccc3OCC(F)(F)F,CHEMBL3187195,IC50,7.87
1902539,COc1ccc(Cl)cc1N2CCN(CCN3C(=O)Nc4c(sc5ccccc45)C3=O)CC2,CHEMBL223289,Ki,7.87
1902550,COc1ccccc1N2CCN(C[C@H]3CO[C@@](CN4CCCC4=O)(O3)c5ccccc5)CC2,CHEMBL1242444,Ki,7.87
1902561,COc1ccccc1N2CCN(CC3COC4(CCN(CC4)C(=O)Nc5ccccc5)O3)CC2,CHEMBL3342874,Ki,7.88
753389,CN(C)CCCN1c2ccccc2Sc3ccccc13,CHEMBL564,IC50,7.89
1902573,COc1ccccc1N2CCN(Cc3ccc(CN4CCCCCC4=O)s3)CC2,CHEMBL69339,Ki,7.89
1902584,Cl.Cl.COc1ccc2CCNc2c1OCCNC[C@H]3COc4ccccc4O3,CHEMBL3216590,Ki,7.89
1902595,FC(F)(F)c1ccc(cc1)N2CCN(CCc3ccc(CN4C(=O)c5ccccc5C4=O)cc3)CC2,CHEMBL3742253,IC50,7.89
1902606,O=S(=O)(N[C@@H]1CC[C@@H](CC1)N2CCC(CC2)c3ccccc3OC4CC4)c5ccc6OCOc6c5,CHEMBL389104,Ki,7.89
1902617,CC1=CNC(=O)N(CCCN2CCN(CC2)c3ccccc3OCC(F)(F)F)C1=O,CHEMBL56331,Ki,7.9
1902628,COc1cccc2C(CCCNCCOc3ccccn3)CCCc12,CHEMBL344432,Ki,7.9
1902640,COc1cccc2c(CCCN3CCN(CC3)c4ccccn4)cccc12,CHEMBL139505,Ki,7.9
1902651,O[C@@H](CNCCc1ccc(CNCCc2ccccc2)cc1)c3ccc(O)c4NC(=O)Sc34,CHEMBL1944695,IC50,7.9
1902662,COc1ccccc1N2CCN(CC3COC4(CCN(CC4)S(=O)(=O)c5ccccc5)O3)CC2,CHEMBL3342866,Ki,7.91
1902673,CC(C)Oc1ccccc1N2CCN(CC2)[C@@H]3CC[C@H](CC3)NS(=O)(=O)Cc4ccccc4,CHEMBL234650,Ki,7.92
1902684,CC(C)c1cc(Cc2c[nH]cn2)c(s1)C(C)C.OC(=O)\C=C\C(=O)O,CHEMBL1744274,Ki,7.92
1902695,CN1N=C(Cl)c2cn3nc(NCCN4CCN(CC4)c5ccccc5Cl)ccc3c2C1=O,CHEMBL49851,Ki,7.92
1902706,COc1ccc(Cl)cc1S(=O)(=O)N[C@@H]2CC[C@@H](CC2)N3CCN(CC3)c4ccccc4OC(C)C,CHEMBL233816,Ki,7.92
1902717,COc1ccc(cc1OC)S(=O)(=O)N[C@@H]2CC[C@@H](CC2)N3CCC(CC3)c4ccc(F)cc4OC(C)C,CHEMBL228608,Ki,7.92
1902728,COc1ccccc1N2CCN(Cc3ccc(CN4CCCCC4=O)s3)CC2,CHEMBL420184,Ki,7.92
1902739,COc1ccccc1N2CCN(CCCNC3=CC(=NN(C)C3=O)c4ccccc4)CC2,CHEMBL78785,Ki,7.93
1902750,COc1ccccc1N2CCN(CCNC3=CC(=NN(C)C3=O)c4ccccc4)CC2,CHEMBL311479,Ki,7.93
1902763,OC(=O)C(=O)O.C(COc1ccccc1)NCC2COC(O2)(c3ccccc3)c4ccccc4,CHEMBL37883,Ki,7.93
1902773,C(COc1ccccc1)NCC2COC(O2)(c3ccccc3)c4ccccc4,CHEMBL1083181,Ki,7.94
1902784,Cl.CSc1ccccc1NCC2=NCCN2,CHEMBL540542,Ki,7.95
1902795,O=C1N(Cc2ccc(CCN3CCN(CC3)c4ccccn4)cc2)C(=O)c5ccccc15,CHEMBL3739533,IC50,7.95
1902806,CC(C)Oc1ccccc1N2CCN(CC2)[C@@H]3CC[C@@H](CC3)NS(=O)(=O)c4ccc(C)c(Cl)c4,CHEMBL234423,Ki,7.96
1902817,COCC1=C([C@@H](N(C(=O)N[C@H]2CC[C@@H](C2)N3CCC(CC3)c4ccccc4C#N)C(=O)N1)c5ccc(F)c(F)c5)C(=O)OC,CHEMBL433832,Ki,7.96
1902828,COc1ccc(Cl)cc1S(=O)(=O)N[C@@H]2CC[C@H](CC2)N3CCN(CC3)c4ccccc4OC(C)C,CHEMBL234607,Ki,7.96
1902839,COc1ccccc1N2CCN(CC3COC4(CCN(CC4)C(=O)c5ccc(cc5)C(F)(F)F)O3)CC2,CHEMBL3342860,Ki,7.96
1902850,NC(=O)C1=CC(=CN(Cc2ccc(C#N)c(Cl)c2)C1=N)Cl,CHEMBL3799115,Ki,7.96
1902861,COc1ccccc1N2CCN(CC3COC4(CCN(CC4)S(=O)(=O)c5ccc(C)cc5)O3)CC2,CHEMBL3342867,Ki,7.97
1902872,COc1cc(F)ccc1OCCNC(C)Cc2cc(C(=O)N)c3c(ccn3CCCO)c2,CHEMBL3809676,IC50,7.98
1902883,COc1cccc(OC)c1OCCNC[C@@H]2COc3ccccc3O2,CHEMBL36622,Ki,7.98
1902894,COc1cccc(OC)c1OCCNC[C@@H]2COc3ccccc3O2.OC(=O)C(=O)O,CHEMBL3740374,Ki,7.98
1902905,Cl.COc1cccc(OC)c1OCCNC[C@@H]2COc3ccccc3O2,CHEMBL214986,Ki,7.98
1902916,CC(C)Oc1ccccc1N2CCN(CCCNC(=O)c3ccc4C(=O)N(C(=O)c4c3)c5ccc(O)cc5)CC2,CHEMBL70892,Ki,8.0
706402,CC1=C(CCN2CCC(CC2)c3noc4cc(F)ccc34)C(=O)N5CCCCC5=N1,CHEMBL85,IC50,8.0
1902928,CS(=O)(=O)c1ccccc1N2CCN(CCc3ccc(CN4C(=O)c5ccccc5C4=O)cc3)CC2,CHEMBL3742276,IC50,8.0
1902939,Fc1ccc(N2CCN(CCCN3C(=O)NC=C(Cl)C3=O)CC2)c(OCC(F)(F)F)c1,CHEMBL298838,Ki,8.0
1902950,NC(=O)C1=CC(=CN(Cc2cccc(c2)C#N)C1=N)Cl,CHEMBL3798655,Ki,8.0
1902961,COC(=O)C1=C(C)NC(=O)N(C1c2ccc(F)c(F)c2)C(=O)NCCCN3CCN(CC3)c4ccccc4C,CHEMBL344525,Ki,8.01
1902972,COc1ccccc1N2CCN(CC3COC4(CCN(CC4)S(=O)(=O)c5cccs5)O3)CC2,CHEMBL3342872,Ki,8.01
1902983,COc1ccccc1OCCNCC2COC(O2)(c3ccccc3)c4ccccc4,CHEMBL1082862,Ki,8.03
1902995,COc1ccccc1OCCNCC2COC(O2)(c3ccccc3)c4ccccc4.OC(=O)C(=O)O,CHEMBL286003,Ki,8.03
1903006,COc1ccncc1S(=O)(=O)N[C@@H]2CC[C@@H](CC2)N3CCN(CC3)c4ccccc4OC(C)C,CHEMBL232607,Ki,8.03
1903017,CS(=O)(=O)c1ccc(CN2C=C(Cl)C=C(C(=O)N)C2=N)cc1Cl,CHEMBL3799869,Ki,8.03
1903028,COCC1=C([C@@H](N(C(=O)N[C@H]2CC[C@@H](C2)N3CCN(CC3)c4ccccc4C#N)C(=O)N1)c5ccc(F)c(F)c5)C(=O)OC,CHEMBL278716,Ki,8.05
1903039,Cl.COc1cccc(OC)c1OCCNC[C@H]2COc3cccc(O)c3O2,CHEMBL2153551,Ki,8.05
1903050,COc1ccc(cc1OC)S(=O)(=O)N[C@@H]2CC[C@@H](CC2)N3CCC(CC3)c4ccccc4OCCF,CHEMBL538397,Ki,8.06
1903061,COc1cccc(CN2C=C(Cl)C=C(C(=O)N)C2=N)c1,CHEMBL3799089,Ki,8.06
1903072,Cl.C(c1c[nH]cn1)c2cccs2,CHEMBL1203849,Ki,8.06
1903083,CC(C)Oc1ccccc1N2CCN(CC2)[C@@H]3CC[C@H](CC3)NS(=O)(=O)c4ccc(Cl)cc4Cl,CHEMBL393104,Ki,8.07
1903094,COc1ccc(cc1OC)S(=O)(=O)N[C@@H]2CC[C@@H](CC2)N3CCC(CC3)c4ccccc4OCC(F)F,CHEMBL387833,Ki,8.07
1903105,COc1ccccc1N2CCN(C[C@@H]3CO[C@](CN4C(=O)CCCC4=O)(O3)c5ccccc5)CC2,CHEMBL1242819,Ki,8.07
1903116,NC(=O)C1=CC(=CN(Cc2cc(Cl)ccc2C#N)C1=N)Cl,CHEMBL3799166,Ki,8.07
1903127,CCC(c1c[nH]cn1)c2sccc2C.OC(=O)\C=C\C(=O)O,CHEMBL1744267,Ki,8.08
1903138,COc1ccc(cc1OC)S(=O)(=O)N[C@@H]2CC[C@H](CC2)N3CCN(CC3)c4ccccc4OCC(F)(F)F,CHEMBL238402,Ki,8.08
1903149,Cc1ccccc1N2CCN(CCc3nnc4CCCCn34)CC2,CHEMBL1201216,IC50,8.08
1903159,COc1ccccc1N2CCN(CC3COC4(CCN(CC4)c5ccccc5)O3)CC2,CHEMBL3342857,Ki,8.09
1903170,CC1=NNC(=O)N(CCCN2CCN(CC2)c3ccccc3OCC(F)(F)F)C1=O,CHEMBL55290,Ki,8.1
1903187,CCOc1ccccc1OCCN[C@H](C)Cc2ccc(OC)c(c2)S(=O)(=O)N,CHEMBL836,Ki,8.1
1903198,COc1ccccc1CCNCc2ccc(CCNC[C@H](O)c3ccc(O)c4NC(=O)Sc34)cc2,CHEMBL1944694,IC50,8.1
1903209,Fc1ccc(cc1F)N2CCN(CCN3C(=O)CC4(CCCC4)CC3=O)CC2,CHEMBL192099,Ki,8.1
1903220,O[C@@H]1[C@@H](CC[C@H]1Oc2ccccc2)NC[C@H]3COc4ccccc4O3,CHEMBL135973,Ki,8.1
707730,CC(C)[C@@]1(NC(=O)[C@@H]2C[C@H]3[C@@H](Cc4c[nH]c5cccc3c45)N(C)C2)O[C@@]6(O)[C@@H]7CCCN7C(=O)[C@H](Cc8ccccc8)N6C1=O.CS(=O)(=O)O,CHEMBL1255837,IC50,8.13
1903232,CC1=Nc2c([nH]c3ccccc23)C(=O)N1CCN4CCN(CC4)c5ccc(Cl)c(Cl)c5,CHEMBL220717,Ki,8.13
1903243,COCC1=C([C@@H](N(C(=O)N[C@@H]2CC[C@@H](C2)N3CCN(CC3)c4ccccc4C#N)C(=O)N1)c5ccc(F)c(F)c5)C(=O)OC,CHEMBL300766,Ki,8.13
1903254,COc1cc2nc(nc(N)c2cc1OC)N3CCN([C@H]4CCCC[C@@H]34)C(=O)c5oc(cc5)C(=O)C,CHEMBL242723,Ki,8.13
1903265,Cc1cccc(CN2C=C(Cl)C=C(C(=O)N)C2=N)c1,CHEMBL3799420,Ki,8.13
1903276,Cl.COc1cc2nc(nc(N)c2cc1OC)N3CCN([C@H]4CCCC[C@H]34)C(=O)c5oc(cc5)C(=O)C,CHEMBL2261608,Ki,8.13
1903286,Cl.COc1cccc(OC)c1OCCNC[C@@H]2COc3cccc(F)c3O2,CHEMBL2153558,Ki,8.13
1903297,CC(C)Oc1ccccc1C2CCN(CC2)[C@@H]3CC[C@@H](CC3)NS(=O)(=O)c4ccc(F)c(F)c4,CHEMBL390184,Ki,8.14
1903308,COc1ccccc1N2CCN(CC3COC4(CCN(CC4)S(=O)(=O)c5ccc(Cl)cc5)O3)CC2,CHEMBL3342868,Ki,8.15
1903319,COc1ccccc1N2CCN(CCCN3C(=O)Nc4scc(c5ccccc5)c4C3=O)CC2,CHEMBL14199,Ki,8.15
1903330,Clc1cccc(Cl)c1OCCNCCOc2ccccc2OCc3ccccc3,CHEMBL1255002,Ki,8.15
1903341,COc1ccc(C)cc1S(=O)(=O)N[C@@H]2CC[C@@H](CC2)N3CCN(CC3)c4ccccc4OC(C)C,CHEMBL393725,Ki,8.16
1903352,CCN([C@@H]1CC[C@H](CC1)N2CCN(CC2)c3ccccc3OC(C)C)S(=O)(=O)c4ccc(OC)c(OC)c4,CHEMBL238401,Ki,8.17
1903363,CCOc1ccccc1OCCNCC2COC(O2)(c3ccccc3)c4ccccc4,CHEMBL1078953,Ki,8.17
1903374,CN1N=C(Cl)c2cn3nc(NCCN4CCN(CC4)c5ccccc5)ccc3c2C1=O,CHEMBL51074,Ki,8.18
1903385,COc1ccccc1OCCNCC2CSC(O2)(c3ccccc3)c4ccccc4,CHEMBL1083182,Ki,8.18
1903397,Cl.COc1ccc2ccccc2c1OCCNC[C@H]3COc4ccccc4O3,CHEMBL217469,Ki,8.18
1903408,CC(C)Oc1ccccc1N2CCN(CC2)[C@@H]3CC[C@@H](CC3)NS(=O)(=O)c4ccccc4C#N,CHEMBL234679,Ki,8.2
1903419,CC(C)Oc1ccccc1OCCNCC2COC(O2)(c3ccccc3)c4ccccc4,CHEMBL1078773,Ki,8.2
1903433,COc1ccccc1N2CCN(CCN3C(=O)CC4(CCCC4)CC3=O)CC2,CHEMBL13647,Ki,8.2
1903444,COc1ccccc1OCCNCC2CCC(O2)(c3ccccc3)c4ccccc4.OC(=O)C(=O)O,CHEMBL1946779,Ki,8.2
1903456,Cl.Cl.COc1ccccc1N2CCN(CCN3C(=O)CC4(CCCC4)CC3=O)CC2,CHEMBL543741,Ki,8.2
1903467,CC(C)Oc1ccccc1N2CCN(CC2)[C@@H]3CC[C@@H](CC3)NS(=O)(=O)c4cccc(Cl)c4F,CHEMBL233407,Ki,8.21
1903478,CSc1ccc(F)cc1NCC2=NCCN2,CHEMBL72768,Ki,8.21
1903489,COc1ccc(Cl)cc1N2CCN(CCCCNC3=C(C(=O)C)C(=NN(C)C3=O)C)CC2,CHEMBL420959,Ki,8.23
1401374,COc1cccc2C(CCCN3CCN(CC3)c4ccccn4)CCCc12,CHEMBL444590,Ki,8.23
704189,CSc1ccc2Sc3ccccc3N(CCC4CCCCN4C)c2c1,CHEMBL479,IC50,8.23
1903503,FC(F)Oc1cccc(c1)S(=O)(=O)N[C@@H]2CC[C@@H](CC2)N3CCC(CC3)c4ccccc4OCC(F)(F)F,CHEMBL228496,Ki,8.23
1903514,COc1ccccc1N2CCN(CC3COC4(CCN(CC4)S(=O)(=O)c5ccc(cc5)[N+](=O)[O-])O3)CC2,CHEMBL3342870,Ki,8.24
1903525,COc1ccccc1OCCNC[C@H]2CCC([C@@H]2O)(c3ccccc3)c4ccccc4.OC(=O)C(=O)O,CHEMBL1946786,Ki,8.24
1903536,Fc1ccc(N2CCN(CCN3C(=O)CC4(CCCC4)CC3=O)CC2)c(F)c1,CHEMBL446180,Ki,8.25
1903547,CC(C)Oc1ccccc1N2CCN(CC2)[C@@H]3CC[C@H](CC3)NS(=O)(=O)c4cccnc4,CHEMBL391016,Ki,8.26
1903558,COc1ccccc1N2CCN(CCN3C(=Nc4c(sc5ccc(NC(=O)CCCC(=O)NCc6ccccc6)cc45)C3=O)C)CC2,CHEMBL3298022,Ki,8.26
1903569,COCC1=C([C@@H](N(C(=O)N[C@@H]2CC[C@H](C2)N3CCN(CC3)c4ccccc4C#N)C(=O)N1)c5ccc(F)c(F)c5)C(=O)OC,CHEMBL56974,Ki,8.27
1903580,COc1ccc(Cl)cc1N2CCN(CCCNC3=C(C(=O)C)C(=NN(C)C3=O)C)CC2,CHEMBL80599,Ki,8.27
1903591,CC(C)Oc1ccccc1N2CCN(CC2)[C@@H]3CC[C@@H](CC3)NS(=O)(=O)c4ccccc4,CHEMBL391107,Ki,8.28
1903602,COc1ccccc1N2CCN(C[C@@H]3CO[C@@](CN4CCCC4=O)(O3)c5ccccc5)CC2,CHEMBL1242445,Ki,8.28
1903613,COc1ccc(OC)c(c1)S(=O)(=O)N[C@@H]2CC[C@@H](CC2)N3CCN(CC3)c4ccccc4OC(C)C,CHEMBL236832,Ki,8.29
1903624,CC1=C(C)C(=O)N(CCCN2CCN(CC2)c3ccccc3OCC(F)(F)F)C(=O)N1,CHEMBL292189,Ki,8.3
1903635,COc1ccc(F)cc1S(=O)(=O)N[C@@H]2CC[C@@H](CC2)N3CCN(CC3)c4ccccc4OC(C)C,CHEMBL233814,Ki,8.3
1903646,COc1ccccc1N2CCN(CCN3C(=Nc4c(sc5ccc(NC(=O)c6ccccc6)cc45)C3=O)C)CC2,CHEMBL3298020,Ki,8.3
1903657,CSc1cc(F)ccc1NCC2=NCCN2,CHEMBL306792,Ki,8.3
706384,Cl.Cl.Cl.COc1ccccc1N2CCN(CCN(C(=O)C3CCCCC3)c4ccccn4)CC2,CHEMBL537403,Ki,8.3
1903670,CC(C)Oc1ccccc1N2CCN(CC2)[C@@H]3CC[C@@H](CC3)NS(=O)(=O)c4ccc(F)cc4,CHEMBL234874,Ki,8.32
1903681,COc1cc2nc(nc(N)c2cc1OC)N3CCN([C@H]4CCCC[C@@H]34)C(=O)c5oc(C)cc5,CHEMBL242507,Ki,8.32
1903692,COc1ccccc1N2CCN(C[C@H]3CO[C@](CN4C(=O)CC5(CCCC5)CC4=O)(O3)c6ccccc6)CC2,CHEMBL1242912,Ki,8.32
1903703,CS(=O)(=O)c1cc(Cl)cc(CN2C=C(Cl)C=C(C(=O)N)C2=N)c1,CHEMBL3800506,Ki,8.32
1903714,Cl.COc1cc2nc(nc(N)c2cc1OC)N3CCN([C@H]4CCCC[C@H]34)C(=O)c5oc(C)cc5,CHEMBL2261606,Ki,8.32
1903724,COc1ccccc1N2CCN(CC3COC4(CCN(Cc5ccccc5)CC4)O3)CC2,CHEMBL3342853,Ki,8.33
1903735,CSc1ccc(Cl)cc1NCC2=NCCN2,CHEMBL70751,Ki,8.33
1903750,COc1ccccc1N2CCN(CCN(C(=O)C3CCCCC3)c4ccccn4)CC2,CHEMBL31354,Ki,8.34
1903762,Cl.COc1ccccc1N2CCN(CCN(C(=O)C3CCCCC3)c4ccccn4)CC2,CHEMBL514874,Ki,8.34
1903773,COc1cccc(c1)C2CCC(CC2)N3CCN(CC3)c4ccccc4OC,CHEMBL2112779,Ki,8.35
1903784,COc1ccccc1N2CCN(CCCNC3=C(C(=O)C)C(=NN(C)C3=O)c4ccccc4)CC2,CHEMBL80260,Ki,8.37
1903795,CC1=C(Oc2c(cccc2C1=O)C(=O)NCCCN3CCN(CC3)c4ccccc4OCc5no[n+]([O-])c5C)c6ccccc6,CHEMBL338608,Ki,8.38
1903806,COc1ccccc1N2CCN(CCN3C(=O)Nc4c(sc5ccc(NC(=O)CCCN(C)Cc6ccccc6)cc45)C3=O)CC2,CHEMBL3298018,Ki,8.39
1903817,COc1ccccc1N2CCN(C[C@H]3CO[C@](CN4CCCCCC4=O)(O3)c5ccccc5)CC2,CHEMBL1242632,Ki,8.39
704214,CN(C)CCCN1c2ccccc2Sc3ccc(Cl)cc13,CHEMBL71,IC50,8.4
1903831,COc1ccccc1OCCNCCOc2ccccc2OCc3ccccc3,CHEMBL1254915,Ki,8.4
1903842,Cl.COc1cccc(OC)c1OCCNC[C@@H]2COc3cccc(Cl)c3O2,CHEMBL2153556,Ki,8.4
1903853,CC1=C(Oc2c(cccc2C1=O)C(=O)NCCCN3CCN(CC3)c4ccccc4OCc5no[n+]([O-])c5C#N)c6ccccc6,CHEMBL125989,Ki,8.41
1903864,COc1ccc(Cl)cc1N2CCN(CCCNC3=C(C(=O)C)C(=NN(C)C3=O)c4ccccc4)CC2,CHEMBL77618,Ki,8.41
1903875,COc1ccccc1N2CCN(CC3CCC(O3)(c4ccccc4)c5ccccc5)CC2.OC(=O)C(=O)O,CHEMBL1946780,Ki,8.41
1903886,CCOc1ccccc1OCCNCCOc2ccccc2OCc3ccccc3,CHEMBL1254914,Ki,8.43
1903897,Cl.C(c1c[nH]cn1)c2cc3CCCCc3s2,CHEMBL1203856,Ki,8.43
1903908,NC(=O)C1=CC(=CN(Cc2cc(Cl)cc(c2)C(=O)N)C1=N)Cl,CHEMBL3799912,Ki,8.43
1903919,C(COc1ccccc1)NCC2COCC(O2)(c3ccccc3)c4ccccc4,CHEMBL2312537,Ki,8.44
1903931,C(COc1ccccc1)NC[C@@H]2COCC(O2)(c3ccccc3)c4ccccc4,CHEMBL493285,Ki,8.44
1903942,CC(C)Oc1ccccc1N2CCN(CC2)[C@@H]3CC[C@@H](CC3)NS(=O)(=O)Cc4ccccc4,CHEMBL234649,Ki,8.44
1903956,COc1cccc(OC)c1OCCNCCOc2ccccc2Cc3ccccc3,CHEMBL42558,Ki,8.44
1903967,COc1oc(cc1)C(=O)N2CCN([C@@H]3CCCC[C@H]23)c4nc(N)c5cc(OC)c(OC)cc5n4,CHEMBL242508,Ki,8.44
1903978,Cl.COc1oc(cc1)C(=O)N2CCN([C@H]3CCCC[C@H]23)c4nc(N)c5cc(OC)c(OC)cc5n4,CHEMBL2261607,Ki,8.44
1903988,Cl.Cc1ccc(Cc2c[nH]cn2)s1,CHEMBL1203847,Ki,8.44
1903999,CC1=C(Oc2c(cccc2C1=O)C(=O)NCCCN3CCN(CC3)c4ccccc4OCCCO[N+](=O)[O-])c5ccccc5,CHEMBL338029,Ki,8.46
1904011,COC(=O)[C@@H]1[C@@H](O)CC[C@@H]2CN3CCc4c([nH]c5ccccc45)[C@@H]3C[C@H]12,CHEMBL10347,Ki,8.46
1904022,CC(C)Oc1ccccc1N2CCN(CC2)[C@@H]3CC[C@@H](CC3)NS(=O)(=O)c4ccc(cc4)S(=O)(=O)C,CHEMBL236617,Ki,8.47
1904033,CC(N1C=C(Cl)C=C(C(=O)N)C1=N)c2cccc(c2)C#N,CHEMBL3800470,Ki,8.47
1904044,Cl.COc1cccc(c1OCCNC[C@H]2COc3ccccc3O2)c4ccccc4,CHEMBL215151,Ki,8.47
1904055,CC(C)Oc1ccccc1N2CCN(CC2)[C@@H]3CC[C@@H](CC3)NS(=O)(=O)c4cccc(F)c4,CHEMBL232779,Ki,8.48
1904066,COc1ccccc1N2CCN(CCN3C(=Nc4c(sc5ccc(NC(=O)Cc6ccccc6)cc45)C3=O)C)CC2,CHEMBL3298021,Ki,8.48
1904077,COc1cc2nc(nc(N)c2cc1OC)N3CCN([C@@H]4CCCC[C@H]34)C(=O)c5occc5,CHEMBL342062,Ki,8.49
1904088,COc1cc2nc(nc(N)c2cc1OC)N3CCN([C@H]4CCCC[C@@H]34)C(=O)c5ccccc5,CHEMBL242934,Ki,8.49
1904099,COc1cc2nc(nc(N)c2cc1OC)N3CCN([C@H]4CCCC[C@H]34)C(=O)c5occc5,CHEMBL2261604,Ki,8.49
1904109,COc1ccccc1N2CCN(CCN3C(=O)Nc4c(sc5ccc(NC(=O)CCCc6ccccc6)cc45)C3=O)CC2,CHEMBL3298747,Ki,8.49
1904120,CC(C)Oc1ccccc1N2CCN(CC2)[C@@H]3CC[C@H](CC3)NS(=O)(=O)c4ccccc4C#N,CHEMBL234680,Ki,8.5
1904132,CN1CCc2c(Cl)ccc3sc(C=C)c(C1)c23,CHEMBL25467,Ki,8.5
1904143,COc1ccccc1N2CCN(CCNC3=C(C(=O)C)C(=NN(C)C3=O)C)CC2,CHEMBL77901,Ki,8.5
1904154,OC(=O)\C=C\C(=O)O.C(c1ccsc1)c2c[nH]cn2,CHEMBL1744292,Ki,8.51
1904165,COc1ccccc1N2CCN(CCNc3ccc4c5C(=O)N(C)N=C(Cl)c5cn4n3)CC2,CHEMBL301078,Ki,8.52
1904176,FC(F)(F)COc1ccccc1C2CCN(CC2)[C@@H]3CC[C@@H](CC3)NS(=O)(=O)c4ccc5OCCOc5c4,CHEMBL439197,Ki,8.52
1904187,COc1ccc(Cl)cc1N2CCN(CCCNC3=CC(=NN(C)C3=O)c4ccccc4)CC2,CHEMBL78676,Ki,8.54
1904198,COc1cccc(OC)c1[S+]([O-])CCNCCOc2ccccc2OCc3ccccc3,CHEMBL1254660,Ki,8.56
1904209,FC(F)Oc1ccc(cc1)S(=O)(=O)N[C@@H]2CC[C@@H](CC2)N3CCC(CC3)c4ccccc4OCC(F)(F)F,CHEMBL387832,Ki,8.57
1904220,CCOc1ccccc1OCCNC(C)Cc2cc(C(=O)N)c3c(ccn3CCCO)c2,CHEMBL3809248,IC50,8.59
1904231,COc1ccc(Cl)cc1S(=O)(=O)N[C@@H]2CC[C@@H](CC2)N3CCC(CC3)c4ccccc4OC5CC5,CHEMBL388897,Ki,8.59
1904242,NC(=O)C1=CC(=CN(Cc2cccc(Cl)c2)C1=N)Cl,CHEMBL3800305,Ki,8.59
1904253,CC(C)Oc1ccccc1N2CCN(CC2)[C@@H]3CC[C@@H](CC3)NS(=O)(=O)c4ccccc4[N+](=O)[O-],CHEMBL232592,Ki,8.6
1904264,CC1=CNC(=O)N(CCN2CCN(CC2)c3ccc(F)cc3OCC(F)(F)F)C1=O,CHEMBL293149,Ki,8.6
1904275,COc1ccc(Cl)cc1N2CCN(CCCNc3nccc(n3)C(=O)N)CC2,CHEMBL24981,Ki,8.6
1904286,COc1ccccc1N2CCN(CCCNC(=O)c3cccc4C(=O)C(=C(Oc34)c5ccccc5)C)CC2,CHEMBL278865,Ki,8.6
1904297,COc1ccccc1N2CCN(C[C@@H]3CO[C@](CN4CCCCCC4=O)(O3)c5ccccc5)CC2,CHEMBL1242633,Ki,8.6
1904308,CC(C)Oc1ccccc1N2CCN(CC2)[C@@H]3CC[C@@H](CC3)NS(=O)(=O)c4ccccc4F,CHEMBL399195,Ki,8.62
1904319,COc1cc2nc(nc(N)c2cc1OC)N3CCN([C@H]4CCCC[C@@H]34)C(=O)c5cccs5,CHEMBL242724,Ki,8.63
1904330,CC(c1c[nH]cn1)c2ccsc2C.OC(=O)\C=C\C(=O)O,CHEMBL1744269,Ki,8.64
1904341,COc1ccccc1N2CCN(CCN3C(=Nc4c(sc5ccc(NC(=O)CCCNC(=O)Cc6ccccc6)cc45)C3=O)C)CC2,CHEMBL3298024,Ki,8.64
1904352,Cl.COc1ccc2CCOc2c1OCCNC[C@H]3COc4ccccc4O3,CHEMBL2419771,Ki,8.65
1904363,CCN(CC)c1ccc2C=C(C(=O)Oc2c1)n3cc(nn3)C(=O)N4CCN(CC4)c5nc(N)c6cc(OC)c(OC)cc6n5,CHEMBL3582270,IC50,8.66
1904374,COc1ccc(cc1OC)S(=O)(=O)N[C@@H]2CC[C@@H](CC2)N3CCC(CC3)c4ccccc4OCC(F)(F)F,CHEMBL228334,Ki,8.66
1904385,COc1ccc(cc1S(=O)(=O)N[C@@H]2CC[C@@H](CC2)N3CCN(CC3)c4ccccc4OC(C)C)[N+](=O)[O-],CHEMBL429623,Ki,8.66
1904396,CC(C)Oc1ccccc1N2CCN(CC2)[C@@H]3CC[C@@H](CC3)NS(=O)(=O)c4ccc(OC(F)(F)F)cc4,CHEMBL236830,Ki,8.68
1904407,Cl.CC(c1c[nH]cn1)c2sccc2C,CHEMBL1237160,Ki,8.68
1904418,Fc1ccc(Cl)cc1S(=O)(=O)N[C@@H]2CC[C@@H](CC2)N3CCC(CC3)c4ccccc4OC5CC5,CHEMBL228280,Ki,8.68
1904429,COc1ccc(cc1OC)S(=O)(=O)N[C@@H]2CC[C@@H](CC2)N3CCC(CC3)c4ccccc4OC5CC5,CHEMBL229085,Ki,8.7
1904440,COc1ccccc1COc2ccccc2OCCNCCOc3c(OC)cccc3OC,CHEMBL198431,Ki,8.7
1904451,FC(F)(F)COc1ccccc1N2CCN(CCCN3C(=O)Nc4ccccc4C3=O)CC2,CHEMBL56863,Ki,8.7
705324,NC(=O)C1CCN(CCCN2c3ccccc3Sc4ccc(Cl)cc24)CC1,CHEMBL1909072,IC50,8.71
1904463,Cl.COc1ccc2ccoc2c1OCCNC[C@H]3COc4ccccc4O3,CHEMBL2419769,Ki,8.72
1904474,Fc1cc(F)c(cc1F)N2CCN(CCN3C(=O)CC4(CCCC4)CC3=O)CC2,CHEMBL193620,Ki,8.72
706414,COc1ccccc1OCCNCC(O)COc2cccc3[nH]c4ccccc4c23,CHEMBL723,IC50,8.75
1904486,CC(Cc1cc2CCN(CCCO)c2c(c1)C(=O)N)NCCOc3ccccc3OCc4ccccc4,CHEMBL3808632,IC50,8.77
1904497,COc1ccc(cc1OC)S(=O)(=O)N[C@@H]2CC[C@@H](CC2)N3CCC(CC3)c4ccccc4OC(C)C,CHEMBL390129,Ki,8.77
1904508,COc1ccccc1N2CCN(CCN3C(=O)Nc4c(sc5ccc(NC(=O)CCCN(C)C)cc45)C3=O)CC2,CHEMBL3298019,Ki,8.78
583730,[H][C@@]12CC[C@H](O)[C@H](C(=O)OC)[C@@]1([H])C[C@]1([H])N(CCC3=C1NC1=C3C=CC=C1)C2,yohimbine,Ki,8.8
1904522,COc1cc2nc(nc(N)c2cc1OC)N(C)CCCCCCN(C)C(=O)C3COc4ccccc4O3,CHEMBL561851,Ki,8.8
1904533,COc1ccc(Cl)cc1S(=O)(=O)N[C@@H]2CC[C@@H](CC2)N3CCC(CC3)c4ccccc4OCC(F)(F)F,CHEMBL442059,Ki,8.8
1904544,COc1ccc(cc1OC)S(=O)(=O)N[C@@H]2CC[C@@H](CC2)N3CCC(CC3)c4cc(F)ccc4OC(C)C,CHEMBL228659,Ki,8.8
1904555,C[C@@H](N1C=C(Cl)C=C(C(=O)N)C1=N)c2cccc(c2)C#N,CHEMBL3799292,Ki,8.8
1904569,C[C@H](CN1CCN(CC1)c2cc(F)c(F)cc2F)N3C(=O)CC4(CCCC4)CC3=O,CHEMBL98241,Ki,8.8
1904580,COc1cc2nc(nc(N)c2cc1OC)N3CCN([C@H]4CCCC[C@@H]34)C(=O)c5oc(Br)cc5,CHEMBL388884,Ki,8.81
1904591,COc1ccc(Cl)cc1N2CCN(CCN3C(=O)Nc4c([nH]c5ccccc45)C3=O)CC2,CHEMBL386005,Ki,8.81
1904602,Cl.COc1cc2nc(nc(N)c2cc1OC)N3CCN([C@H]4CCCC[C@H]34)C(=O)c5oc(Br)cc5,CHEMBL2261605,Ki,8.81
1904612,CC(C)Oc1ccccc1N2CCN(CC2)C3CCC(CC3)N4C(=O)c5cccnc5C4=O,CHEMBL243228,Ki,8.82
1904623,CC(C)Oc1ccccc1N2CCN(CC2)[C@@H]3CC[C@@H](CC3)NS(=O)(=O)c4ccc(Cl)cc4F,CHEMBL233410,Ki,8.82
1904634,COc1cc2nc(nc(N)c2cc1OC)N3CCN([C@H]4CCCC[C@@H]34)C(=O)c5ccc[nH]5,CHEMBL389978,Ki,8.82
1904645,COc1ccccc1N2CCN(CCN3N=C(c4ccccc4)c5c(C)onc5C3=O)CC2,CHEMBL303464,Ki,8.82
1904656,COc1ccccc1N2CCN(C[C@@H]3CO[C@](CN4CCCCC4=O)(O3)c5ccccc5)CC2,CHEMBL1242542,Ki,8.83
1904667,CC(C)Oc1ccccc1N2CCN(CC2)[C@@H]3CC[C@@H](CC3)NS(=O)(=O)c4cccc(c4)C(F)(F)F,CHEMBL233592,Ki,8.85
1904678,COc1ccccc1N2CCN(C[C@@H]3CO[C@](CN4C(=O)CC5(CCCC5)CC4=O)(O3)c6ccccc6)CC2,CHEMBL1241557,Ki,8.86
1904690,COc1ccccc1OCCNC[C@@H]2COCC(O2)(c3ccccc3)c4ccccc4,CHEMBL493486,Ki,8.86
1904701,COc1c(C)c(C)c(O)c(C)c1CN(C)CCOc2cc(C)c(O)cc2C(C)C,CHEMBL25300,Ki,8.9
1904712,COc1ccccc1N2CCN(CCN3C(=O)Nc4c(sc5ccccc45)C3=O)CC2,CHEMBL220781,Ki,8.9
1904723,CCc1sc2ccc(Cl)c3CCN(C)Cc1c23,CHEMBL123448,Ki,8.92
1904734,COc1cccc(OC)c1CCCNCCOc2ccccc2OCc3ccccc3,CHEMBL1254659,Ki,8.92
1904745,COc1ccccc1N2CCN(CCN3C(=O)Nc4c(sc5ccc(NC(=O)CCCCc6ccccc6)cc45)C3=O)CC2,CHEMBL3298748,Ki,8.93
1904756,COc1ccccc1OCCNCC2COCC(O2)(c3ccccc3)c4ccccc4,CHEMBL2312227,Ki,8.94
1904767,CS(=O)(=O)c1ccc(Cl)cc1CN2C=C(Cl)C=C(C(=O)N)C2=N,CHEMBL3799553,Ki,8.96
1904778,Cl.C(c1c[nH]cn1)c2cc3ccccc3s2,CHEMBL1203851,Ki,8.96
1904789,COc1ccc(Cl)cc1N2CCN(CCNC3=CC(=NN(C)C3=O)c4ccccc4)CC2,CHEMBL81486,Ki,8.97
1904800,COc1ccccc1N2CCN(CCN3C(=O)Nc4c(sc5ccc(NC(=O)CCCC(=O)NCCc6ccccc6)cc45)C3=O)CC2,CHEMBL3298017,Ki,9.0
1904811,CCC(c1c[nH]cn1)c2cscc2C.OC(=O)\C=C\C(=O)O,CHEMBL1744287,Ki,9.01
1904822,COc1cccc2[C@@H]3CN(CCN4C(=O)Nc5c(sc6cccnc56)C4=O)C[C@@H]3CCc12,CHEMBL40650,Ki,9.01
1904833,Fc1ccc(Cl)cc1S(=O)(=O)N[C@@H]2CC[C@@H](CC2)N3CCC(CC3)c4ccccc4OCC(F)(F)F,CHEMBL228445,Ki,9.01
1904844,COc1ccc(C[C@@H](C)NCCOc2ccccc2OCC(F)(F)F)cc1S(=O)(=O)N,CHEMBL1630940,Ki,9.02
1904855,Cl.CC(c1c[nH]cn1)c2sccc2Br,CHEMBL1237159,Ki,9.02
1904866,Fc1ccc(F)c(c1)N2CCN(CCN3C(=O)CC4(CCCC4)CC3=O)CC2,CHEMBL556313,Ki,9.02
1904877,COc1cc2nc(nc(N)c2cc1OC)N3CCN(CC3)C4=CC(=O)c5ccccc5C4=O,CHEMBL179743,Ki,9.03
1904888,COc1ccccc1N2CCN(CCN3N=C(C(=C(N)C3=O)C(=O)C)c4ccccc4)CC2,CHEMBL301726,Ki,9.03
1904899,COc1cccc(C)c1OCCNCCOc2ccccc2OCc3ccccc3,CHEMBL1254829,Ki,9.04
1904910,COc1cccc(OC)c1OCCNCCOc2ccccc2OCc3ccccc3[N+](=O)[O-],CHEMBL200136,Ki,9.04
1904921,COc1ccccc1N2CCN(CC3COC4(CCN(CC4)S(=O)(=O)c5cccc(c5)[N+](=O)[O-])O3)CC2,CHEMBL3342871,Ki,9.04
1904932,COc1ccccc1N2CCN(CCN3C(=O)Nc4c(sc5ccc(NC(=O)Cc6ccccc6)cc45)C3=O)CC2,CHEMBL3298746,Ki,9.04
1904943,COc1cc2nc(nc(N)c2cc1OC)N3CCN(CC3)C(=O)CCCCC4CCSS4,CHEMBL178923,Ki,9.05
1904956,NC(=O)C1=CC(=CN(Cc2cc(Cl)cc(c2)C#N)C1=N)Cl,CHEMBL3800606,Ki,9.07
1904967,COc1ccc(Cl)cc1N2CCN(CCN3C(=Nc4c(sc5ccccc45)C3=O)C)CC2,CHEMBL222896,Ki,9.08
1904978,Fc1ccccc1N2CCN(CCN3C(=O)CC4(CCCC4)CC3=O)CC2,CHEMBL299691,Ki,9.08
1904989,COc1ccccc1N2CCN(CC3COC(O3)(c4ccccc4)c5ccccc5)CC2.OC(=O)C(=O)O,CHEMBL1946777,Ki,9.09
1905000,COc1ccccc1N2CCN(CC3OCC(O3)(c4ccccc4)c5ccccc5)CC2,CHEMBL1242352,Ki,9.09
1905011,CC(C)Oc1ccccc1N2CCN(CC2)C3CCC(CC3)N4C(=O)c5ccncc5C4=O,CHEMBL243229,Ki,9.1
1905022,COc1ccc(Br)cc1S(=O)(=O)N[C@@H]2CC[C@@H](CC2)N3CCN(CC3)c4ccccc4OC(C)C,CHEMBL233849,Ki,9.1
1905036,COc1cccc(OC)c1OCCNCC2COc3ccccc3O2,CHEMBL25554,Ki,9.1
1905047,CC(c1c[nH]cn1)c2sccc2C,CHEMBL170960,Ki,9.11
1905058,COc1ccccc1N2CCN(CCN3C(=Nc4c(sc5ccc(NC(=O)CCCC(=O)NCCc6ccccc6)cc45)C3=O)C)CC2,CHEMBL3298023,Ki,9.12
1905069,CC(c1c[nH]cn1)c2scc(C)c2C.OC(=O)\C=C\C(=O)O,CHEMBL1744281,Ki,9.13
1905080,COc1cccc(Cl)c1OCCNCCOc2ccccc2OCc3ccccc3,CHEMBL1254828,Ki,9.13
1905091,COc1cc2nc(nc(N)c2cc1OC)N(C)CCSSCCN(C)C(=O)c3occc3,CHEMBL29591,Ki,9.14
1905102,Cl.COc1cccc(OC)c1OCCNC[C@H]2COc3cccc(Cl)c3O2,CHEMBL2153555,Ki,9.15
1905113,Cc1cc(Cc2c[nH]cn2)c(C)s1.OC(=O)\C=C\C(=O)O,CHEMBL1744277,Ki,9.16
1905124,CC(N1C=C(Cl)C=C(C(=O)N)C1=N)c2cccc(Cl)c2,CHEMBL3798124,Ki,9.18
1905135,CC(C)Oc1ccccc1N2CCN(CC2)[C@@H]3CC[C@@H](CC3)NS(=O)(=O)c4ccc(Cl)cc4Cl,CHEMBL391035,Ki,9.19
1905146,COc1ccccc1N2CCN(CCN3C(=O)Nc4c(sc5ccc(NC(=O)c6ccccc6)cc45)C3=O)CC2,CHEMBL3298745,Ki,9.24
1905157,COc1cccc(OC)c1OCCNC[C@H]2COc3ccccc3O2,CHEMBL1182155,Ki,9.29
1905168,COc1cccc(OC)c1OCCNC[C@H]2COc3ccccc3O2.OC(=O)C(=O)O,CHEMBL3741808,Ki,9.29
1905178,COc1cccc(c1OCCNCCOc2ccccc2OCc3ccccc3)[N+](=O)[O-],CHEMBL1254743,Ki,9.29
1905190,Cl.COc1cccc(OC)c1OCCNC[C@H]2COc3ccccc3O2,CHEMBL215421,Ki,9.29
1905201,CN1N=C(C(=C(NCCN2CCN(CC2)c3ccccc3F)C1=O)C(=O)C)c4ccccc4,CHEMBL420205,Ki,9.31
1905212,COc1cc2nc(nc(N)c2cc1OC)N3CCN(CC3)C(=O)C4CCSS4,CHEMBL175934,Ki,9.31
1905223,COc1cc2nc(nc(N)c2cc1OC)N3CCN([C@@H]4CCCC[C@H]34)C(=O)C5COc6ccccc6O5,CHEMBL558890,Ki,9.31
1905234,Cl.COc1cccc(OC)c1OCCNC[C@H]2COc3cccc(F)c3O2,CHEMBL2153557,Ki,9.31
1905245,COc1ccccc1N2CCN(CCN3C(=O)Nc4sc(C)c(c5ccccc5)c4C3=O)CC2,CHEMBL13754,Ki,9.33
1905256,Cc1cscc1Cc2c[nH]cn2.OC(=O)\C=C\C(=O)O,CHEMBL1744291,Ki,9.33
1905267,Cl.Cc1ccsc1Cc2c[nH]cn2,CHEMBL1203848,Ki,9.35
1905277,COc1cccc(OC)c1OCCNCC2CC(c3ccccc3)c4ccccc4S2,CHEMBL43905,Ki,9.36
1905288,Cc1sccc1Cc2c[nH]cn2.OC(=O)\C=C\C(=O)O,CHEMBL1744294,Ki,9.36
1905299,CC(c1c[nH]cn1)c2scc(Br)c2Br.OC(=O)\C=C\C(=O)O,CHEMBL1744280,Ki,9.37
1905310,COc1ccccc1N2CCN(CCNC3=C(C(=O)C(C)C)C(=NN(C)C3=O)c4ccccc4)CC2,CHEMBL80730,Ki,9.37
1905321,COc1ccc(Cl)cc1N2CCN(CCNC3=C(C(=O)C)C(=NN(C)C3=O)c4ccccc4)CC2,CHEMBL80458,Ki,9.39
1905333,COc1ccccc1N2CCN(CCn3c(C)nc4c5ccccc5nc4c3O)CC2,CHEMBL99142,Ki,9.39
1905344,CCc1cc(Cc2c[nH]cn2)c(CC)s1.OC(=O)\C=C\C(=O)O,CHEMBL1744276,Ki,9.4
1905355,CCc1ccccc1OCCNC(C)Cc2cc(C(=O)N)c3c(ccn3CCCO)c2,CHEMBL3808999,IC50,9.4
1905366,COc1ccc(F)cc1OCCNC(C)Cc2cc(C(=O)N)c3c(ccn3CCCO)c2,CHEMBL3810110,IC50,9.4
1905377,COc1ccc(F)cc1OCCNC(C)Cc2cc3CCN(CCCO)c3c(c2)C(=O)N,CHEMBL3808896,IC50,9.4
1905389,COc1ccccc1N2CCN(CCN3C(=Nc4c(sc5ccccc45)C3=O)C)CC2,CHEMBL220221,Ki,9.4
1905400,COc1ccccc1OCCNC(C)Cc2cc(C(=O)N)c3c(ccn3CCCO)c2,CHEMBL3809319,IC50,9.4
1905411,CC(c1c[nH]cn1)c2cscc2C.OC(=O)\C=C\C(=O)O,CHEMBL1744271,Ki,9.41
1905422,CCOc1cccc(OCC)c1OCCNCCOc2ccccc2OCc3ccccc3,CHEMBL1254742,Ki,9.41
1905433,COc1cc2nc(nc(N)c2cc1OC)N3CCN(CC3)C(=O)CC4CCSS4,CHEMBL178673,Ki,9.41
1905444,COc1ccccc1N2CCN(CCN3C(=O)Nc4c(sc5ccc(NC(=O)CCC(=O)NCc6ccccc6)cc45)C3=O)CC2,CHEMBL3298749,Ki,9.43
1905455,Cl.COc1cccc(OC)c1OCCNC[C@H]2COc3cccc(OC)c3O2,CHEMBL2153553,Ki,9.43
1905467,COc1ccccc1N2CCN(CCN3C(=O)Nc4c([nH]c5ccccc45)C3=O)CC2,CHEMBL301707,Ki,9.44
1905478,COc1ccc(cc1OC)S(=O)(=O)N[C@@H]2CC[C@@H](CC2)N3CCN(CC3)c4ccccc4OCC(F)(F)F,CHEMBL438673,Ki,9.46
1905489,Cl.Brc1ccsc1Cc2c[nH]cn2,CHEMBL1203850,Ki,9.46
1905500,COc1ccc(C[C@@H](C)NCCOc2ccccc2OCc3ccccc3)cc1S(=O)(=O)N,CHEMBL1630939,Ki,9.49
1905512,COc1cccc(COc2ccccc2OCCNCCOc3c(OC)cccc3OC)c1,CHEMBL427552,Ki,9.5
1905523,COc1ccccc1N2CCN(CCN3C(=O)Nc4scc(c5cccc(C)c5)c4C3=O)CC2,CHEMBL13856,Ki,9.51
1905534,COc1ccccc1N2CCN(CCN3C(=O)Nc4sccc4C3=O)CC2,CHEMBL13735,Ki,9.51
1905545,CC(C)Oc1ccccc1N2CCN(CC2)C3CCC(CC3)N4C(=O)c5cc(Cl)c(Cl)cc5C4=O,CHEMBL243692,Ki,9.52
1905556,CC(Cc1cc2CCN(CCCO)c2c(c1)C(=O)N)NCCOc3cc(Br)ccc3OCC(F)(F)F,CHEMBL3808726,IC50,9.52
1905568,COc1ccccc1N2CCN(CCCCN3C(=O)c4ccccc4C3=O)CC2,CHEMBL8618,Ki,9.52
1905579,CCc1cscc1Cc2c[nH]cn2.OC(=O)\C=C\C(=O)O,CHEMBL1744278,Ki,9.54
1905590,CCc1cscc1C(C)c2c[nH]cn2.OC(=O)\C=C\C(=O)O,CHEMBL1744263,Ki,9.55
1905601,CCC(=O)C1=C(NCCN2CCN(CC2)c3ccccc3OC)C(=O)N(C)N=C1c4ccccc4,CHEMBL78874,Ki,9.6
1905612,CN1N=C(C(=C(NCCN2CCN(CC2)c3ccccc3Cl)C1=O)C(=O)C)c4ccccc4,CHEMBL310599,Ki,9.6
1905623,COc1cccc(OC)c1OCCNCCOc2ccccc2OCc3ccccc3Cl,CHEMBL200839,Ki,9.6
1905634,COc1ccccc1N2CCN(CCN3C(=O)Nc4scc(c5ccccc5)c4C3=O)CC2,CHEMBL268758,Ki,9.6
1905645,COc1cc2nc(nc(N)c2cc1OC)N(C)CCCCCCN(C)C(=O)c3cccc(CN(C)C)c3,CHEMBL341665,Ki,9.61
1905656,COc1ccc(C[C@@H](C)NCCOc2ccccc2OC(C)C)cc1S(=O)(=O)N,CHEMBL1630938,Ki,9.61
1905667,OC(=O)\C=C\C(=O)O.Brc1cscc1Cc2c[nH]cn2,CHEMBL1744289,Ki,9.64
1905678,CC(C)Oc1ccccc1N2CCN(CC2)C3CCC(CC3)N4C(=O)c5ccc6ccccc6c5C4=O,CHEMBL243864,Ki,9.7
1905689,COc1cccc(OC)c1OCCNCCOc2ccccc2OCc3cccc(C)c3,CHEMBL199080,Ki,9.7
1905700,COc1cc2nc(nc(N)c2cc1OC)N(C)CCCCCCN(C)C(=O)c3occc3,CHEMBL27013,Ki,9.71
1905711,COc1cccc(OC)c1OCCNCC2CC(c3ccccc3)c4ccccc4C2=O,CHEMBL44403,Ki,9.74
1905722,CC(c1c[nH]cn1)c2sccc2Br,CHEMBL355784,Ki,9.75
1905733,COc1cccc(OC)c1SCCNCCOc2ccccc2OCc3ccccc3,CHEMBL1254582,Ki,9.75
1905744,COc1cc2nc(nc(N)c2cc1OC)N3CCN([C@H]4CCCC[C@@H]34)C(=O)C5COc6ccccc6O5,CHEMBL564481,Ki,9.77
1905755,Cl.Cc1csc(Cc2c[nH]cn2)c1C,CHEMBL1203846,Ki,9.77
1905766,COc1ccc(Cl)cc1N2CCN(CCN3C(=Nc4c([nH]c5ccccc45)C3=O)C)CC2,CHEMBL220515,Ki,9.78
1905777,CC(C)Oc1ccccc1N2CCN(CC2)[C@@H]3CC[C@@H](CC3)NS(=O)(=O)c4cnc(Cl)c(Br)c4,CHEMBL232609,Ki,9.85
1905788,COc1ccccc1N2CCN(CCN3C(=O)Nc4c(sc5ccc(NC(=O)CCCC(=O)NCc6ccccc6)cc45)C3=O)CC2,CHEMBL3298750,Ki,9.85
1905799,COc1ccccc1N2CCN(CCNC3=C(C(=O)C)C(=NN(C)C3=O)c4ccccc4)CC2,CHEMBL80641,Ki,9.89
1905811,Clc1ccc(Cl)c(c1)N2CCN(CCN3C(=O)CC4(CCCC4)CC3=O)CC2,CHEMBL56438,Ki,9.89
1905822,COc1cccc(OC)c1OCCNCCOc2ccccc2OCc3ccccc3C,CHEMBL382972,Ki,9.9
1905833,CC(Cc1cc(C(=O)N)c2c(ccn2CCCO)c1)NCCOc3ccccc3OCc4ccccc4,CHEMBL3809093,IC50,10.0
1905844,COc1ccc(COc2ccccc2OCCNCCOc3c(OC)cccc3OC)cc1,CHEMBL200580,Ki,10.0
1905855,Cc1csc(C)c1Cc2c[nH]cn2.OC(=O)\C=C\C(=O)O,CHEMBL1744272,Ki,10.0
1905866,COc1cccc(OC)c1OCCNC[C@@H]2C[C@H](c3ccccc3)c4ccccc4O2,CHEMBL42472,Ki,10.05
1905877,OC(=O)\C=C\C(=O)O.C(c1c[nH]cn1)c2csc3ccccc23,CHEMBL1744270,Ki,10.05
1905888,OC(=O)\C=C\C(=O)O.Clc1cc(Cc2c[nH]cn2)c(Cl)s1,CHEMBL1744273,Ki,10.06
1905899,CC(c1c[nH]cn1)c2cscc2Br.OC(=O)\C=C\C(=O)O,CHEMBL1788145,Ki,10.1
1905910,CCc1sccc1Cc2c[nH]cn2.OC(=O)\C=C\C(=O)O,CHEMBL1744288,Ki,10.15
1905921,Cl.Brc1csc(Cc2c[nH]cn2)c1Br,CHEMBL1203855,Ki,10.15
1905933,COc1cccc(OC)c1OCCNCCOc2ccccc2OCc3ccccc3,CHEMBL43116,Ki,10.17
1905945,COc1cccc(OC)c1OCCNCCOc2ccccc2OCc3ccc(C)cc3,CHEMBL200366,Ki,10.2
1905957,COc1cccc(OC)c1OCCNCCOc2ccccc2OCc3cccc(c3)[N+](=O)[O-],CHEMBL197442,Ki,10.2
1905968,COc1ccccc1N2CCN(CCN3C(=O)Nc4c(sc5ccc(NC(=O)CCCC(=O)N(C)Cc6ccccc6)cc45)C3=O)CC2,CHEMBL3297829,Ki,10.25
1905979,COc1cccc(OC)c1OCCNCCOc2ccccc2OCc3ccc(cc3)[N+](=O)[O-],CHEMBL196817,Ki,10.3
1905991,COc1cccc(OC)c1OCCNCCOc2ccccc2OCc3cccc(Cl)c3,CHEMBL198860,Ki,10.3
1906002,COc1cc2CCN(Cc2cc1OC)c3cc(N)c4cc(OC)c(OC)cc4n3,CHEMBL324090,Ki,10.4
1906013,COc1cccc(OC)c1OCCNCCOc2ccccc2OCc3ccc(Cl)cc3,CHEMBL200446,Ki,10.5
1906025,C[C@H](c1c[nH]cn1)c2cccc(C)c2C,CHEMBL778,Ki,10.82
