id,smiles,name,assay_type,activity_value
8123771,CN1C2=C(N(CCCNCC(O)C3=CC(O)=CC(O)=C3)C=N2)C(=O)N(C)C1=O,reproterol,N/A,N/A
8123781,CC(C)(C)NCC(O)C1=C(Cl)C=CC=C1,tulobuterol,N/A,N/A
8123790,COC1=CC=C(CC(C)(C)NC[C@H](O)C2=C3OCC(=O)NC3=CC(O)=C2)C=C1,olodaterol,Ki,9.14000034
881885,NC[C@H](O)c1ccc(O)c(O)c1,norepinephrine,Kd,5.4
706414,COc1ccccc1OCCNCC(O)COc2cccc3[nH]c4ccccc4c23,carvedilol,Ki,9.64999962
6295841,CC1=CC(OCC(O)CNC(C)(C)C)=C(Cl)C=C1,bupranolol,Ki,8.69999981
6295866,CC(C)(C)NCC(O)COC1=CC=CC2=C1CC(O)C(O)C2,nadolol,Ki,7.80000019
8123808,CN[C@@H](C)[C@H](O)C1=CC=CC=C1,ephedrine,Ki,5.5999999
1394598,CC(C)(C)NC[C@H](O)COc1cccc2C(=O)CCCc12,levobunolol,Ki,9.26280736
1394641,CC(CCc1ccccc1)NCC(O)c2ccc(O)c(c2)C(=O)N,labetalol,Ki,7.95860732
1898690,CNC[C@H](O)C1=CC=C(O)C(O)=C1,epinephrine,Kd,6.2
8123824,CC(C)NCC(O)C1=CC(O)=CC(O)=C1,orciprenaline,Kd,6.3
1898719,N[C@@H]([C@H](O)C1=CC(O)=C(O)C=C1)C(O)=O,droxidopa,N/A,N/A
8123835,CC(C)(C)NC[C@H](O)C1=CC(CO)=C(O)C=C1,levosalbutamol,Ki,5.42
8123846,CCC(NC(C)C)C(O)C1=CC(O)=C(O)C=C1,isoetarine,Kd,6.0
6295902,CC(C)NCC(O)COC1=C(C)C(C)=C(OC(C)=O)C(C)=C1,metipranolol,N/A,N/A
8123858,OCC1=C(O)C=CC(=C1)[C@@H](O)CNCCCCCCOCCOCC1=C(Cl)C=CC=C1Cl,vilanterol,EC50,9.4
6295911,CC(C)(C)NC[C@H](O)COC1=NSN=C1N1CCOCC1,timolol,Ki,9.7
8123871,CC(C)(C)NCC(O)C1=CC(O)=CC(O)=C1,terbutaline,Ki,5.6
1714902,CC(C)NCC(O)C1=CC=C(NS(C)(=O)=O)C=C1,sotalol,Ki,6.9
8123883,C[C@@H](NCCC1=CC=C(O)C=C1)[C@@H](O)C1=CC=C(O)C=C1,ritodrine,EC50,7.62
4263469,CC(C)NCC(O)COc1cccc2ccccc12,propranolol,Ki,8.25
8123895,CC(C)(C)NCC(O)C1=CC=C(O)C(CO)=N1,pirbuterol,N/A,N/A
4263622,CC(C)NCC(O)COc1cccc2[nH]ccc12,pindolol,Ki,9.0
6295933,CC(C)(C)NC[C@H](O)COC1=C(C=CC=C1)C1CCCC1,penbutolol,Ki,9.0
6295943,CC(C)NCC(O)COC1=C(OCC=C)C=CC=C1,oxprenolol,Ki,8.0
6295953,[H]C1(CCC2=CC(F)=CC=C2O1)C(O)CNCC(O)C1([H])CCC2=CC(F)=CC=C2O1,nebivolol,Ki,7.5
4263655,CC(C)NCC(O)c1ccc(O)c(O)c1,isoprenaline,EC50,9.8
1900108,CC(CCc1ccc(O)cc1)NCCc2ccc(O)c(O)c2,dobutamine,EC50,6.2
6295988,CC(C)(C)NCC(O)COC1=C2CCC(=O)NC2=CC=C1,carteolol,Ki,9.2
8123918,CC(C)(C)NCC(O)C1=CC(CO)=C(O)C=C1,salbutamol,Ki,5.95
8123928,CC(CC1=CC=C(O)C=C1)NCC(O)C1=CC(O)=CC(O)=C1,fenoterol,EC50,6.9
8123938,CC(CC1=CC=C2OCOC2=C1)NCC(O)C1=CC=C(O)C(O)=C1,protokylol,N/A,N/A
8123947,COC1=CC=C(CC(C)NCC(O)C2=CC(NC=O)=C(O)C=C2)C=C1,formoterol,Kd,8.6
8123957,OCC1=C(O)C=CC(=C1)C(O)CNCCCCCCOCCCCC1=CC=CC=C1,salmeterol,Ki,9.41
6296051,CC(C)NCC(O)COC1=C(CC=C)C=CC=C1,alprenolol,Kd,9.65757751
8123969,CC[C@@H](NC(C)C)[C@@H](O)C1=C2C=CC(=O)NC2=C(O)C=C1,procaterol,EC50,8.43000031
8123979,[H]C(=O)NC1=C(O)C=CC(=C1)[C@@H](O)CN[C@H](C)CC1=CC=C(OC)C=C1,arformoterol,Kd,8.53760242
8123990,CC1=CC=C(C=C1)C(=O)OC1=C(OC(=O)C2=CC=C(C)C=C2)C=C(C=C1)C(O)CNC(C)(C)C,bitolterol,N/A,N/A
6296454,CCc1cc2CC(Cc2cc1CC)NC[C@H](O)c3ccc(O)c4NC(=O)C=Cc34,indacaterol,Ki,7.8
6296212,CC1=CC2=C(N1)C=CC=C2OCC(CNC(C)(C)C)OC(=O)C1=CC=CC=C1,bopindolol,Ki,9.65
8124358,CB1Nc2cccc(OCC(O)CN(C)C)c2C=C1,CHEMBL3736156,IC50,7.0
8124369,CC(C)(C)NC[C@H](O)c1ccc2O[B-](O)(O)OCc2c1,CHEMBL1802359,Kd,7.0
8124380,CC(C)Oc1ccc(Nc2ccc(CCNCC(O)c3ccc(O)c(CO)c3)cc2)cc1,CHEMBL3290993,Ki,7.0
8124393,CCCCCCCCc1onc(n1)N2CCc3cc(ccc23)S(=O)(=O)Nc4ccccc4,CHEMBL52407,IC50,7.0
8124404,COc1ccc(CCNC[C@H](O)c2cc(O)cc(O)c2)cc1,CHEMBL3099657,Ki,7.0
4263599,Cc1c(sc2ncnc(N3CCC(CC3)NCC(O)COc4ccccc4)c12)c5ccccc5,CHEMBL1258144,Ki,7.0
8124417,O[C@@H](CNCCc1ccc(NC(=O)c2ccc(CCc3ccccc3)cc2)cc1)c4cccnc4,CHEMBL1078695,IC50,7.0
8124428,O[C@@H](CNCCc1ccc(NS(=O)(=O)c2ccc(I)cc2)cc1)COc3ccc(F)cc3,CHEMBL304878,IC50,7.0
8124439,O[C@@H](CNCCc1ccc(NS(=O)(=O)c2ccccc2Cl)cc1)COc3ccc(O)cc3,CHEMBL267306,IC50,7.0
8124450,Oc1ccc(CCNCCc2ccc(CNCCc3ccccn3)cc2)c4SC(=O)Nc14,CHEMBL1946763,IC50,7.0
8124461,COc1ccccc1OCCNC[C@H](O)c2ccc(O)c(O)c2,CHEMBL3797876,Ki,7.01
5293724,O[C@@H](CN[C@H]1CCC[C@H]1C2CCCCC2)c3ccc(O)c4NC(=O)Sc34,CHEMBL3323656,Ki,7.01
8124474,CCc1ccc(cc1)S(=O)(=O)Nc2ccc(CCNC[C@H](O)COc3cccnc3)cc2,CHEMBL68021,IC50,7.03
8124485,Cc1c(sc2ncnc(N3CCC(CC3)NCC(O)COc4ccc(O)c(CO)c4)c12)c5ccccc5,CHEMBL1258260,Ki,7.03
8124496,Cc1cc(N2CCNCC2)c3ccccc3n1,CHEMBL2335165,Kd,7.03
8124507,OCc1ccc(OCC(O)CNC2CCN(CC2)c3ncnc4scc(c5ccccc5)c34)cc1,CHEMBL1258483,Ki,7.03
8124518,COc1ccc(C[C@@H](C)NC[C@@H](O)c2cc(O)cc(O)c2)cc1,CHEMBL228998,Ki,7.04
8124531,CCc1ccc(OCC(O)CNC2CCN(CC2)c3ncnc4scc(c5ccccc5)c34)cc1,CHEMBL1258596,Ki,7.06
6296493,C[C@@H](Cc1ccc(O)cc1)NC[C@H](O)COc2ccc(O)cc2,CHEMBL12633,IC50,7.08
8124544,Clc1ccc2c(ccnc2c1)N3CCNCC3,CHEMBL236696,Kd,7.08
8124555,FC(F)(F)c1cc(N2CCNCC2)c3ccccc3n1,CHEMBL1892158,Kd,7.08
8124566,CCOC(=O)COc1ccc(C[C@@H](C)NC[C@@H](O)c2onc(Br)c2)cc1,CHEMBL226348,Ki,7.09
8124577,OC(CNC1CCN(CC1)c2ncnc3scc(c4ccccc4)c23)COc5ccc(O)cc5,CHEMBL1257914,Ki,7.09
8124588,CC(C)c1ccc(C)cc1OCC(O)CN2CCC(CN3C(=O)c4cccc5cccc(C3=O)c45)CC2,CHEMBL1083994,Ki,7.1
8124600,CC[C@H](NC(C)C)[C@H](O)c1ccc(O)c2NC(=O)C=Cc12,CHEMBL1478530,Kd,7.1
8124611,CSc1ccc(Nc2ccc(CCNCC(O)c3ccc(O)c(CO)c3)cc2)cc1,CHEMBL3290992,Ki,7.1
8124622,Cc1csc2ncnc(N3CCC(CC3)NCC(O)COc4ccccc4)c12,CHEMBL1258372,Ki,7.1
8124633,OC(COc1ccccc1CC=C)CN2CCC(CN3C(=O)CCCC3=O)CC2,CHEMBL1085009,Ki,7.1
6296528,OC(COc1ccccc1CC=C)CN2CCC(CN3C(=O)c4cccc5cccc(C3=O)c45)CC2,CHEMBL1086005,Ki,7.1
8124646,COc1cc2C(=O)N(CC3CCN(CC(O)COc4ccccc4CC=C)CC3)C(=O)c5cccc(c1)c25,CHEMBL1083366,Ki,7.11
8124657,CC(C)NC[C@@H](O)COc1cccc2ccccc12,CHEMBL275742,IC50,7.12
8124667,CCC1=C(CC)CC2=C(CC(C2)NC[C@H](O)c3ccc(O)c4NC(=O)C=Cc34)C1,CHEMBL2088202,Ki,7.12
4264033,CS(=O)(=O)Nc1cc(C[C@@H](O)CN[C@@H](CCc2ccccc2)c3ccc(OC(F)F)c(OC(F)F)c3)ccc1O,CHEMBL251555,Ki,7.15
8124682,CC(C)c1ccccc1OCC(O)CN2CCN(CCN3C(=O)c4cccc5cccc(C3=O)c45)CC2,CHEMBL1083053,Ki,7.16
4265538,CS(=O)(=O)c1cccc2c(CCNC[C@H](O)c3cccc(NS(=O)(=O)c4cccc(N)c4)c3)c[nH]c12,CHEMBL186247,Ki,7.16
4264044,OC(CNC1CCN(CC1)c2ncnc3scc(c4ccccc4)c23)COc5cccc(OC(F)(F)F)c5,CHEMBL1258142,Ki,7.17
4264054,O[C@@H](CNCCc1ccc(N\C(=N\c2cccc(I)c2)\NC#N)cc1)c3cccnc3,CHEMBL125168,IC50,7.17
4264022,CCCCCCCCc1csc(n1)N2CCc3ccc(N\C(=N\c4ccc(CCNC[C@H](O)c5cccnc5)cc4)\NC#N)cc23,CHEMBL124929,IC50,7.18
4265304,COc1ccc(cc1OC)[C@@H](Cc2ccccc2)NC[C@@H](O)Cc3ccc(O)c(NS(=O)(=O)C)c3,CHEMBL399329,Ki,7.18
8124703,CCCCCCCCc1cccc(n1)N2CCc3cc(ccc23)S(=O)(=O)Nc4ccccc4,CHEMBL291467,IC50,7.2
8124714,COc1ccc(CCCNC[C@H](O)COc2ccc(O)cc2)cc1,CHEMBL12762,IC50,7.2
8124725,COc1ccc(Nc2ccc(CCNCC(O)c3ccc(O)c(CO)c3)cc2)cc1c4ccccc4,CHEMBL3290989,Ki,7.2
8124736,O[C@@H](CNCCc1ccc(cc1)c2cccc(CN3Cc4ccccc4C3)c2)c5ccc(O)c6NC(=O)Sc56,CHEMBL1947154,IC50,7.2
8124747,O[C@@H](CNCCc1cccc(CNCCc2ccccn2)c1)c3ccc(O)c4NC(=O)C=Cc34,CHEMBL1945503,IC50,7.2
7986984,NC(=O)C([C@@H]1CCN(CCCCCCCCCNCC(O)c2ccc(O)c3NC(=O)C=Cc23)C1)(c4ccccc4)c5ccccc5,CHEMBL1683939,Ki,7.22
3940113,NC(=O)C([C@@H]1CCN(CCc2ccc3OCCc3c2)C1)(c4ccccc4)c5ccccc5,CHEMBL1346,Ki,7.22
7990762,OCc1cc(ccc1O)[C@@H](O)CNCCCCCCCCCN2CCC(CC2)OC(=O)Nc3ccccc3c4ccccc4,CHEMBL1683936,Ki,7.22
8124764,O[C@@H](CNCCc1ccc(NC(=O)c2ccc(cc2)c3ccccc3)cc1)c4cccnc4,CHEMBL1089734,IC50,7.22
753601,[11CH3]Oc1ccc2cccc(N3CCN(CCCCN4N=CC(=O)N(C)C4=O)CC3)c2c1,CHEMBL199824,Ki,7.22
6296351,CC(C)S(=O)(=O)Nc1ccc(CCNC[C@H](O)COc2ccc(O)cc2)cc1,CHEMBL13238,IC50,7.24
4265249,COc1ccc(cc1OC)[C@H](CCc2ccccc2Cl)NC[C@H](O)Cc3ccc(O)c(NS(=O)(=O)C)c3,CHEMBL447786,Ki,7.24
8124781,OC(COc1cccc2[nH]c(cc12)C#N)CN3CCN(CC3)C(c4ccccc4)c5ccccc5,CHEMBL314639,Ki,7.24
4263533,OC(COc1cccc2[nH]c3ccccc3c12)CN4CCC(CC4)N5C(=O)c6cccc7cccc(C5=O)c67,CHEMBL1083363,Ki,7.24
8124794,COc1c(I)cc(CC2NCCc3nc(N)sc23)cc1I,CHEMBL307647,IC50,7.25
4263632,OC(CNC1CCN(CC1)c2ncnc3scc(c4ccccc4)c23)COc5ccc(F)cc5,CHEMBL1258370,Ki,7.26
8124807,CCCCCCc1onc(n1)N2CCc3cc(ccc23)S(=O)(=O)Nc4ccccc4,CHEMBL56768,IC50,7.28
703902,CCCNCC(O)COc1ccccc1C(=O)CCc2ccccc2,propafenone,IC50,7.28
1927332,COc1cc(CCNCCc2ccc(O)c(O)c2)ccc1OCCCc3ccccc3,CHEMBL3800636,Ki,7.28
6296785,CNCC(O)c1ccc(O)c2nc(O)sc12,CHEMBL29141,Kd,7.29
4264374,C[C@H](Cc1c[nH]c2ccccc12)NC[C@H](O)c3cccc(NS(=O)(=O)c4cccs4)c3,CHEMBL185836,Ki,7.29
4265027,CCCCCCCCc1csc(n1)N2CCc3cc(N\C(=N\c4ccc(CCNC[C@H](O)c5cccnc5)cc4)\NC#N)ccc23,CHEMBL123745,IC50,7.3
8124829,OC(COc1ccccc1CC=C)CN2CCC(CN3C(=O)c4ccccc4C3=O)CC2,CHEMBL1085016,Ki,7.3
6296572,O[C@@H](CNCCc1ccc(NS(=O)(=O)c2ccc(I)cc2)cc1)COc3ccccc3,CHEMBL442172,IC50,7.3
8124841,O[C@@H](CNCCc1ccc(N\C(=N\c2ccc3ccccc3c2)\NC#N)cc1)c4cccnc4,CHEMBL127422,IC50,7.3
8124852,CC(C)c1occ(n1)c2ccc(OCCNC[C@H](O)c3cccnc3)cc2,CHEMBL250352,Ki,7.31
6297015,C[C@H](NC[C@H](O)c1ccc(O)c2NC(=O)Sc12)c3ccc4ccccc4c3,CHEMBL1221638,Ki,7.31
4265416,C[C@H](Cc1c[nH]c2c(OS(=O)(=O)C)cccc12)NC[C@H](O)c3cccc(NS(=O)(=O)c4cccs4)c3,CHEMBL184407,Ki,7.32
8124867,COc1cc(CCNC[C@@H](O)c2ccc(O)c(O)c2)ccc1OCCCc3ccccc3,CHEMBL3799427,Ki,7.33
8124878,OC(CNCCNC(=O)CCCCCNC(=O)COc1ccc(\C=C\c2ccc3C=C4C=CC(=[N+]4[B-](F)(F)n23)c5cccs5)cc1)COc6cccc7[nH]ccc67,CHEMBL1830620,Kd,7.33
8124889,CCc1cc2CC(Cc2cc1CC)NC[C@H](O)c3ccc(O)c4NC(=O)CCc34,CHEMBL2088197,Ki,7.35
8124900,COc1cc(CC2NCCc3cc(O)c(O)cc23)cc(OC)c1OC,CHEMBL299175,Ki,7.36
8124911,O=S(=O)(Nc1ccccc1)c2ccc3N(CCc3c2)c4noc(CCCC5CCCC5)n4,CHEMBL295502,IC50,7.38
4264129,OC(CNC1CCN(CC1)c2ncnc3scc(c4ccccc4)c23)COc5cccc(c5)C#N,CHEMBL1258705,Ki,7.38
6296655,CC(C)(C)NCC(O)c1cc(Cl)c(N)c(Cl)c1,CHEMBL49080,IC50,7.39
8124925,CC1(C)[C@@H]2CC[C@]1(C)[C@H](C2)NC[C@H](O)c3ccc(O)c4NC(=O)Sc34,CHEMBL1221734,Ki,7.39
703406,[H][C@@]12CC3=CNC4=CC=CC(=C34)C1=C[C@@H](CN2C)NC(=O)N(CC)CC,lisuride,IC50,7.39
797292,CN(CCN)c1ccc(Nc2cc(NC3CC3)n4ncc(C#N)c4n2)cc1NC(=O)C,CHEMBL3103192,IC50,7.4
8124939,OC(COc1ccccc1CC=C)CN2CCC(CC2)N3C(=O)c4cccc5cccc(C3=O)c45,CHEMBL1083364,Ki,7.4
8124950,OCc1cc(ccc1O)C(O)CNCCc2ccc(NCC(O)c3ccccc3)cc2,CHEMBL1940815,IC50,7.4
4264428,O[C@@H](CNCCc1ccc(N\C(=N\c2cccc(Oc3ccccc3)c2)\NC#N)cc1)c4cccnc4,CHEMBL124863,IC50,7.4
8124963,CC[C@H](Cc1ccc(O)cc1)NC[C@H](O)c2cc(O)cc(O)c2,CHEMBL1800936,Ki,7.41
8124974,Cc1ccc2nc(cc(N3CCNCC3)c2c1)C(F)(F)F,CHEMBL2441619,Kd,7.41
8124985,COc1cc2C(=O)N(CC3CCN(CC(O)COc4ccccc4C(C)C)CC3)C(=O)c5cccc(c1)c25,CHEMBL1083666,Ki,7.42
8124996,CS(=O)(=O)Nc1cc(C[C@H](O)CN[C@H](Cc2ccccc2)c3ccc(Cl)c(Cl)c3)ccc1O,CHEMBL249359,Ki,7.42
8125007,CCc1occ(n1)c2ccc(OCCNC[C@H](O)c3cccnc3)cc2,CHEMBL400049,Ki,7.43
8125018,OC(COc1cccc2[nH]c3ccccc3c12)CN4CCC(CN5C(=O)c6cccc7cc(O)cc(C5=O)c67)CC4,CHEMBL1084706,Ki,7.43
7988171,C[N+]1(CCCCCCCCCNC[C@H](O)c2ccc(O)c3NC(=O)C=Cc23)[C@@H]4C[C@@H](C[C@@H]1[C@H]5O[C@@H]45)OC(=O)C(O)(c6cccs6)c7cccs7,CHEMBL1683942,Ki,7.44
8125031,CC[C@H](Cc1ccc(OC)cc1)NC[C@H](O)c2cc(O)cc(O)c2,CHEMBL3099659,Ki,7.45
8125042,O[C@@H](CNCCc1ccc(Oc2ccccc2)cc1)c3ccc(O)c(NC=O)c3,CHEMBL185262,Ki,7.45
8125055,CS(=O)(=O)N1CCN(CCOc2ccc(Nc3ccc(CCNC[C@H](O)c4ccc(O)c5NC(=O)C=Cc45)cc3)cc2)CC1,CHEMBL3298832,Ki,7.5
6297442,Cc1ccc(CCNC[C@H](O)c2ccc(O)c3NC(=O)Sc23)cc1C,CHEMBL3323671,Ki,7.5
8125068,Oc1ccc(CCNCCc2cccc(CN3CCC(CC3)c4ccccc4)c2)c5SC(=O)Nc15,CHEMBL1946769,IC50,7.5
8125079,Oc1ccc(CCNCCc2cccc(c2)c3cccc(CNCc4ccccc4)c3)c5SC(=O)Nc15,CHEMBL1947152,IC50,7.5
4264210,COc1cccc(OCC(O)CNC2CCN(CC2)c3ncnc4scc(c5ccccc5)c34)c1,CHEMBL1258024,Ki,7.52
4264853,OC(CNC1CCN(CC1)c2ncnc3scc(c4ccccc4)c23)COc5cccc(F)c5,CHEMBL1258258,Ki,7.52
8125745,OCc1occ(n1)c2ccc(OCCNC[C@H](O)c3cccnc3)cc2,CHEMBL251180,Ki,7.52
6296820,O[C@@H](CN[C@H]1CCCc2ccccc12)c3ccc(O)c4NC(=O)Sc34,CHEMBL1221635,Ki,7.52
8125758,Nc1ccc(OC[C@@H](O)CNCCc2ccc(NS(=O)(=O)c3ccc(I)cc3)cc2)cn1,CHEMBL64201,IC50,7.55
4263779,OC(CNC1CCN(CC1)c2ncnc3scc(c4cccs4)c23)COc5ccc(O)cc5,CHEMBL1258026,Ki,7.55
8125771,COc1ccc(C[C@H](C)NC[C@H](O)c2cc(O)cc(O)c2)cc1,CHEMBL228996,Ki,7.58
6297002,O[C@@H](CNCC12CC3CC(CC(C3)C1)C2)c4ccc(O)c5NC(=O)Sc45,CHEMBL1221586,Ki,7.58
4264396,COc1ccc(cc1OC)[C@H](CCc2cccc(Cl)c2)NC[C@H](O)Cc3ccc(O)c(NS(=O)(=O)C)c3,CHEMBL398241,Ki,7.59
8125789,CC(C)(N)COc1ccc(Nc2ccc(CCNC[C@H](O)c3ccc(O)c(NC=O)c3)cc2)cc1,CHEMBL3298213,Ki,7.6
1901063,CCOc1ccccc1CNCc2cccc(CCNC[C@H](O)c3ccc(O)c4NC(=O)Sc34)c2,CHEMBL1945290,IC50,7.6
8125802,COCCNCc1cccc(CCNC[C@H](O)c2ccc(O)c3NC(=O)Sc23)c1,CHEMBL1945292,IC50,7.6
4264942,COc1cccc2c(C[C@@H](C)NC[C@H](O)c3cccc(NS(=O)(=O)c4cccs4)c3)c[nH]c12,CHEMBL361505,Ki,7.6
8125815,COc1ccccc1CN(C)Cc2cccc(CCNC[C@H](O)c3ccc(O)c4NC(=O)Sc34)c2,CHEMBL1945291,IC50,7.6
6296963,C[C@H](NC[C@H](O)c1ccc(O)c2NC(=O)Sc12)C3CCCCC3,CHEMBL1221542,Ki,7.6
4264953,OC(CNC1CCN(CC1)c2ncnc3scc(c4ccccc4)c23)COc5ccccc5F,CHEMBL1258257,Ki,7.6
4263834,OCc1cc(O)ccc1OCC(O)CNC2CCN(CC2)c3ncnc4scc(c5ccccc5)c34,CHEMBL1257554,Ki,7.6
8125832,CCC(CC)CNC[C@H](O)c1ccc(O)c2NC(=O)Sc12,CHEMBL1221540,Ki,7.61
4265137,COc1ccc(cc1OC)[C@H](Cc2ccccc2)NC[C@@H](O)Cc3ccc(O)c(NS(=O)(=O)C)c3,CHEMBL398557,Ki,7.62
8125845,CC(C)(C)NCC(O)COc1cccc2[nH]cc(CC(=O)N)c12,CHEMBL444553,Ki,7.63
8125856,COc1cc(CCNC[C@@H](O)c2ccc(O)c3NC(=O)C=Cc23)ccc1OCCCc4ccccc4,CHEMBL3800468,Ki,7.64
1730138,COc1ccc(CC(C)(C)NCC(O)COc2cccc(Cl)c2C#N)cc1,CHEMBL523475,IC50,7.64
8125869,COc1cc(CCNC[C@H](O)c2ccc(O)c3NC(=O)C=Cc23)ccc1OCCCc4ccccc4,CHEMBL3800400,EC50,7.66
8125880,COc1ccc(CC(C)(C)NCC(O)COc2cccc(Cl)c2Cl)cc1,CHEMBL491251,IC50,7.68
1730521,COc1ccc(CC(C)(C)NCC(O)COc2ccccc2C#N)cc1,CHEMBL504479,IC50,7.68
8125893,Cc1occ(n1)c2ccc(OCCNC[C@H](O)c3cccnc3)cc2,CHEMBL249534,Ki,7.68
7990773,O[C@@H](CNCCCCCCCCCN1CCC(CC1)OC(=O)Nc2ccccc2c3ccccc3)c4ccc(O)c(NC=O)c4,CHEMBL1683935,Ki,7.68
6296798,O[C@@H](CNCCc1ccc(NS(=O)(=O)Cc2ccccc2)cc1)COc3ccc(O)cc3,CHEMBL13079,IC50,7.68
8125908,CC(C)(C)OC(=O)NCCOc1ccc(Nc2ccc(CCNC[C@H](O)c3ccc(O)c4NC(=O)C=Cc34)cc2)cc1,CHEMBL3298692,Ki,7.7
7152115,CC(COc1ccc2OCC(=O)Nc2c1)NCC(O)COc3cccc4[nH]ccc34,CHEMBL183921,Ki,7.7
6297761,COc1ccc(CC[C@H](C)NC[C@H](O)COc2ccc(O)cc2)cc1,CHEMBL274782,IC50,7.7
4265654,C[C@H](Cc1c[nH]c2c(cccc12)S(=O)(=O)C)NC[C@H](O)c3cccc(NS(=O)(=O)c4cccc(N)c4)c3,CHEMBL442225,Ki,7.7
8125926,Cc1onc(c1CNC[C@H](O)c2ccc(O)c3NC(=O)Sc23)c4ccccc4,CHEMBL1221588,Ki,7.7
4263979,OCc1cc(OCC(O)CNC2CCN(CC2)c3ncnc4scc(c5cccs5)c34)ccc1O,CHEMBL1258143,Ki,7.7
8125939,O[C@@H](CNCCc1ccc(Nc2ccc(OCCN3CCOCC3)cc2)cc1)c4ccc(O)c5NC(=O)C=Cc45,CHEMBL3298831,Ki,7.7
8125950,CCCCc1ccc2CC(Cc2c1)NC[C@H](O)c3ccc(O)c4NC(=O)C=Cc34,CHEMBL2088199,Ki,7.71
6297119,CCCc1ccc(CCNC[C@H](O)c2ccc(O)c3NC(=O)Sc23)cc1,CHEMBL3323665,Ki,7.72
4264516,OC(CNC1CCN(CC1)c2ncnc3scc(c4ccc(F)cc4)c23)COc5ccccc5,CHEMBL1257915,Ki,7.72
7987041,O[C@@H](CNCCCN1CCC(CC1)OC(=O)Nc2ccccc2c3ccccc3)c4ccc(O)c5NC(=O)C=Cc45,CHEMBL1683931,Ki,7.72
6297061,CCCCN(CCCC)CCNC[C@H](O)c1ccc(O)c2NC(=O)Sc12,CHEMBL1221862,Ki,7.74
1926609,COc1cc(CCNC[C@H](O)c2ccc(O)c(O)c2)ccc1OCCCc3ccccc3,CHEMBL3800303,Ki,7.75
4264097,OCc1cccc(OCC(O)CNC2CCN(CC2)c3ncnc4scc(c5ccccc5)c34)c1,CHEMBL1258371,Ki,7.75
8125973,CC(C)c1ccccc1OCC(O)CN2CCC(CN3C(=O)c4ccccc4C3=O)CC2,CHEMBL1085270,Ki,7.77
6296467,CC(C)c1ccccc1OCC(O)CNC2CCN(C)CC2,CHEMBL1083670,Ki,7.77
6296583,O[C@@H](CNCCc1cccc(CNCc2ccccn2)c1)c3ccc(O)c4NC(=O)Sc34,CHEMBL1945043,IC50,7.8
8125989,Oc1ccc(CCNCCc2ccc(cc2)c3cccc(CN4Cc5ccccc5C4)c3)c6SC(=O)Nc16,CHEMBL1947150,IC50,7.8
6296698,CCCCOc1ccc(C[C@@H](C)NC[C@H](O)c2onc(Br)c2)cc1,CHEMBL226349,Ki,7.81
6296594,Cc1cccc(c1)[C@H]2CCC[C@H]2NC[C@H](O)c3ccc(O)c4NC(=O)Sc34,CHEMBL3323661,Ki,7.82
1756379,Cl.CCOC(=O)CCc1ccc(OC[C@H](O)CNC(C)(C)Cc2ccc3ccccc3c2)c(c1)C#N,CHEMBL1204009,IC50,7.85
4264231,OC(CNC1CCN(CC1)c2ncnc3ccsc23)COc4ccccc4,CHEMBL1258599,Ki,7.85
4265214,OCc1cc(OCC(O)CNC2CCN(CC2)c3ncnc4scc(c5ccccc5)c34)ccc1O,CHEMBL1257555,Ki,7.85
6296773,C[C@H](Cc1ccc(OCC(=O)O)cc1)NC[C@H](O)c2onc(Br)c2,CHEMBL387851,Ki,7.86
8126012,COc1ccc(C[C@@H](C)NC[C@H](O)c2cc(O)cc(O)c2)c3ccccc13,CHEMBL1800963,Ki,7.87
8126023,CC(C)c1ccccc1OCC(O)CN2CCC(CC2)N3C(=O)c4cccc5cccc(C3=O)c45,CHEMBL1085013,Ki,7.89
1922590,COc1cc(CCNC[C@@H](O)c2ccc(O)c3NC(=O)COc23)ccc1OCCCc4ccccc4,CHEMBL3797205,Ki,7.89
1922478,COc1cc(CCNC[C@H](O)c2ccc(O)c3NC(=O)COc23)ccc1OCCCc4ccccc4,CHEMBL3798748,EC50,7.89
7990563,OC(CNCCCCCCCCCN1CCC(CC1)OC(=O)Nc2ccccc2c3ccccc3)c4ccc(O)c5NC(=O)C=Cc45,CHEMBL1683938,Ki,7.89
8126040,CCOc1ccc(Nc2ccc(CCNC[C@H](O)c3ccc(O)c4NC(=O)C=Cc34)cc2)cc1,CHEMBL3298327,Ki,7.9
8126051,COc1ccc(C[C@H](C)NC[C@H](O)c2cc(O)cc(O)c2)c3ccccc13,CHEMBL1800934,Ki,7.9
6298228,O[C@@H](CNCCc1ccccc1CNCCc2ccccc2F)c3ccc(O)c4NC(=O)Sc34,CHEMBL1945035,IC50,7.9
8126064,Oc1ccc(CCNCCc2cccc(CN[C@H]3C[C@@H]3c4ccccc4)c2)c5SC(=O)Nc15,CHEMBL1946765,IC50,7.9
6297026,CCc1cccc(c1)[C@H]2CCC[C@H]2NC[C@H](O)c3ccc(O)c4NC(=O)Sc34,CHEMBL3323663,Ki,7.92
6296539,O[C@@H](CNC1CCCCCC1)c2ccc(O)c3NC(=O)Sc23,CHEMBL1221679,Ki,7.93
8126079,Oc1cc2CCNC(Cc3cc(I)c(O)c(I)c3)c2cc1O,CHEMBL121964,Ki,7.93
8126090,O[C@@H](CNCCc1ccc(OC2Cc3ccccc3C2)cc1)c4ccc(O)c(NC=O)c4,CHEMBL184538,Ki,7.94
6297152,CC(=O)Nc1ccc(CCNC[C@H](O)COc2ccc(O)cc2)cc1,CHEMBL13102,IC50,7.96
4265115,CCc1cc(OCC(O)CNC2CCN(CC2)c3ncnc4scc(c5ccccc5)c34)ccc1O,CHEMBL1257797,Ki,7.96
4265060,COc1ccccc1OCC(O)CNC2CCN(CC2)c3ncnc4scc(c5ccccc5)c34,CHEMBL1258023,Ki,7.96
6296410,OC(CNCCOCCOCCNC(=O)CCCCCNC(=O)COc1ccc(\C=C\c2ccc3C=C4C=CC(=[N+]4[B-](F)(F)n23)c5cccs5)cc1)COc6cccc7[nH]ccc67,CHEMBL1830621,Kd,7.96
4263944,CC(C)c1ccccc1OCC(O)CNC2CCN(CC2)c3ncnc4scc(c5ccccc5)c34,CHEMBL1258704,Ki,8.0
8126111,CCC(NC1CCCC1)C(O)c2ccc(O)c(O)c2,CHEMBL2426777,Kd,8.0
4263968,CCc1cccc(OCC(O)CNC2CCN(CC2)c3ncnc4scc(c5ccccc5)c34)c1,CHEMBL1258484,Ki,8.0
6297622,C[C@@H](CCc1ccc(O)cc1)NC[C@H](O)COc2ccc(O)cc2,CHEMBL12994,IC50,8.0
7989378,O[C@@H](CNCCCCCCCN1CCC(CC1)OC(=O)Nc2ccccc2c3ccccc3)c4ccc(O)c5NC(=O)C=Cc45,CHEMBL1683932,Ki,8.0
8126128,O[C@@H](CNCCOc1ccc(cc1)c2cocn2)c3cccnc3,CHEMBL249336,Ki,8.0
8126139,O[C@@H](CNCCOc1ccc(cc1)c2cscn2)c3cccnc3,CHEMBL251392,Ki,8.0
8126150,O[C@@H](CNCCc1ccc(Nc2ccc(OCCN3CCNCC3)cc2)cc1)c4ccc(O)c5NC(=O)C=Cc45,CHEMBL3298897,Ki,8.0
8126161,O[C@@H](CNCCc1ccc(Nc2ccc(OCCNC(=O)c3ccccc3)cc2)cc1)c4ccc(O)c5NC(=O)C=Cc45,CHEMBL3298762,Ki,8.0
8126172,O[C@@H](CNCCc1cccc(c1)c2cccc(CNCc3ccccc3)c2)c4ccc(O)c5NC(=O)Sc45,CHEMBL1947156,IC50,8.0
8126183,O[C@@H](CN[C@@H]1CCCc2ccccc12)c3ccc(O)c4NC(=O)Sc34,CHEMBL1221634,Ki,8.03
8126194,O[C@@H](CNCCc1ccc(OCCCCc2ccccc2)cc1)c3ccc(O)c(NC=O)c3,CHEMBL185052,Ki,8.04
8126205,CC(C)c1ccccc1OCC(O)CN2CCC(CN3C(=O)CCCC3=O)CC2,CHEMBL1085010,Ki,8.05
8126216,CCOC(=O)c1oc2cccc(OC[C@@H](O)CNC(C)C)c2c1C,CHEMBL1233771,Ki,8.05
4264864,OC(CNC1CCN(CC1)c2ncnc3scc(c4ccccc4)c23)COc5ccccc5,CHEMBL1255596,Ki,8.05
8126229,CC(=O)Nc1c(I)cc(CC2NCCc3cc(O)c(O)cc23)cc1I,CHEMBL122992,Ki,8.06
8126240,O[C@@H](CNCCc1cccc(OCCCCc2ccccc2)c1)c3ccc(O)c(NC=O)c3,CHEMBL440561,Ki,8.07
6298474,COc1cc2C(=O)N(CC3CCN(CC(O)COc4cccc5[nH]c6ccccc6c45)CC3)C(=O)c7cccc(c1)c27,CHEMBL1084707,Ki,8.1
1901577,O[C@@H](CNCCOc1cccc(CNCCc2ccccc2F)c1)c3ccc(O)c4NC(=O)Sc34,CHEMBL1945298,IC50,8.1
8126255,CC(=O)Nc1ccc(CC2NCCc3cc(O)c(O)cc23)cc1I,CHEMBL332964,Ki,8.11
8126266,O[C@@H](CNCCc1ccc(OCCc2ccccc2)cc1)c3ccc(O)c(NC=O)c3,CHEMBL363260,Ki,8.11
6298087,CN(C)C(=N)NC1=NC(=O)\C(=C\c2ccc(cc2)N3CCC(CC3)NC[C@H](O)COc4cccc5[nH]c(O)nc45)\S1,CHEMBL177442,Ki,8.14
6296928,O[C@@H](CN[C@@H]1CCCC[C@H]1OCc2ccccc2)c3ccc(O)c4NC(=O)Sc34,CHEMBL1221732,Ki,8.14
6296809,Cc1ccccc1[C@H]2CCC[C@H]2NC[C@H](O)c3ccc(O)c4NC(=O)Sc34,CHEMBL3323660,Ki,8.15
4263922,O[C@@H](CNCCCCCCCCNC(=O)CCCCCNC(=O)COc1ccc(\C=C\c2ccc3C=C4C=CC(=[N+]4[B-](F)(F)n23)c5cccs5)cc1)COc6cccc7ccccc67,CHEMBL1830487,Kd,8.15
4264362,CCc1cc(O)ccc1OCC(O)CNC2CCN(CC2)c3ncnc4scc(c5ccccc5)c34,CHEMBL1257676,Ki,8.16
8126287,OC(COc1ccccc1CC=C)CN2CCOCC2,CHEMBL1083667,Ki,8.16
6298019,CC(C)Cc1ccc(CCNC[C@H](O)c2ccc(O)c3NC(=O)Sc23)cc1,CHEMBL3323667,Ki,8.17
6296712,O[C@@H](CN[C@H]1CCC[C@H]1C2CCCC2)c3ccc(O)c4NC(=O)Sc34,CHEMBL3323653,Ki,8.17
6297868,O[C@@H](CNC12CC3CC(CC(C3)C1)C2)COc4cccc5[nH]ccc45,CHEMBL236514,Ki,8.18
8126304,Nc1ccc(CC2NCCc3cc(O)c(O)cc23)cc1I,CHEMBL122990,Ki,8.19
8126315,CC(C)(N)COc1ccc(Nc2ccc(CCNC[C@H](O)c3ccc(O)c4NC(=O)C=Cc34)cc2)cc1,CHEMBL3298986,Ki,8.2
1927066,COc1cc(CCNCCc2ccc(O)c3NC(=O)C=Cc23)ccc1OCCCc4ccccc4,CHEMBL3799455,Ki,8.2
8126328,COc1ccc(Nc2ccc(CCNC[C@H](O)c3ccc(O)c4NC(=O)C=Cc34)cc2)cc1c5ccccc5,CHEMBL3290999,Ki,8.2
1898891,COc1cccc(CNCc2cccc(CCNC[C@H](O)c3ccc(O)c4NC(=O)Sc34)c2)c1,CHEMBL1945044,IC50,8.2
6296855,COc1ccccc1CNCc2cccc(CCNC[C@H](O)c3ccc(O)c4NC(=O)Sc34)c2,CHEMBL1945039,IC50,8.2
8126343,NCCOCCOc1ccc(Nc2ccc(CCNC[C@H](O)c3ccc(O)c4NC(=O)C=Cc34)cc2)cc1,CHEMBL3298691,Ki,8.2
8126354,NCCOc1ccc(Nc2ccc(CCNC[C@H](O)c3ccc(O)c4NC(=O)C=Cc34)cc2)cc1,CHEMBL3298328,Ki,8.2
8126365,O[C@@H](CNC1CCN(CCN2CCCCCC2)CC1)c3ccc(O)c4NC(=O)Sc34,CHEMBL1221802,Ki,8.2
1900719,O[C@@H](CNCCCc1cccc(CNCCc2c(Cl)cccc2Cl)c1)c3ccc(O)c4NC(=O)Sc34,CHEMBL1945296,IC50,8.2
4265181,OC(CNC1CCN(CC1)c2ncnc3scc(c4ccccc4)c23)COc5cccc(O)c5,CHEMBL1257913,Ki,8.22
4263677,OC(CNC1CCN(CC1)c2ncnc3scc(c4ccccc4)c23)COc5ccccc5CC=C,CHEMBL1258597,Ki,8.22
6296676,O[C@@H](CN[C@H]1CCC[C@@H]1OCc2ccccc2)c3ccc(O)c4NC(=O)Sc34,CHEMBL1221681,Ki,8.22
8126384,O[C@@H](CNCCc1ccc(OCCCc2ccccc2)cc1)c3ccc(O)c(NC=O)c3,CHEMBL363329,Ki,8.23
4263768,OC(CNCCCCCCCCNC(=O)CCCCCNC(=O)COc1ccc(\C=C\c2ccc3C=C4C=CC(=[N+]4[B-](F)(F)n23)c5cccs5)cc1)COc6cccc7ccccc67,CHEMBL1830490,Kd,8.24
6297098,O[C@@H](CN[C@@H]1CCC[C@@H]1c2ccccc2)c3ccc(O)c4NC(=O)Sc34,CHEMBL3323659,Ki,8.26
6297772,COc1ccc(CNCc2cccc(CCNC[C@H](O)c3ccc(O)c4NC(=O)Sc34)c2)cc1,CHEMBL1945289,IC50,8.3
8126401,NCCCCOc1ccc(Nc2ccc(CCNC[C@H](O)c3ccc(O)c4NC(=O)C=Cc34)cc2)cc1,CHEMBL3298330,Ki,8.3
8126412,NCCCOc1ccc(Nc2ccc(CCNC[C@H](O)c3ccc(O)c4NC(=O)C=Cc34)cc2)cc1,CHEMBL3298329,Ki,8.3
4265665,COCc1cc(OCC(O)CNC2CCN(CC2)c3ncnc4scc(c5ccccc5)c34)ccc1O,CHEMBL1257675,Ki,8.31
6297516,O[C@@H](CNCCOc1ccccc1)c2ccc(O)c3NC(=O)Sc23,CHEMBL1221803,Ki,8.36
1751447,CC(C)(Cc1ccc2ccccc2c1)NC[C@@H](O)COc3cccc(Cl)c3C#N,CHEMBL180672,IC50,8.37
6296762,CC(C)[C@H]1CCC[C@H]1NC[C@H](O)c2ccc(O)c3NC(=O)Sc23,CHEMBL3323657,Ki,8.38
8126433,COc1ccc(C[C@@H](C)NC[C@H](O)c2cc(O)cc(O)c2)cc1,CHEMBL228992,Ki,8.39
8126444,C[C@H](Cc1ccc(O)cc1)NC[C@H](O)c2cc(O)cc(O)c2,CHEMBL388570,Ki,8.4
4265071,OC(CNC1CCN(CC1)c2ncnc3scc(c4cccs4)c23)COc5ccccc5,CHEMBL1258025,Ki,8.4
8126457,O[C@@H](CNC1CCCC1C2CCCCC2)c3ccc(O)c4NC(=O)Sc34,CHEMBL1221736,Ki,8.4
1899273,O[C@@H](CNCCc1ccc(CNCCc2c(Cl)cccc2Cl)cc1)c3ccc(O)c4NC(=O)Sc34,CHEMBL1944689,IC50,8.4
8126470,O[C@@H](CNCCc1cccc(CN2CCC(CC2)c3ccccc3)c1)c4ccc(O)c5NC(=O)Sc45,CHEMBL1947153,IC50,8.4
8126481,O[C@@H](CNCCc1cccc(CN2CCCC2)c1)c3ccc(O)c4NC(=O)Sc34,CHEMBL1945294,IC50,8.4
1922421,Oc1ccc(CCNCCS(=O)(=O)CCCOCCc2ccccc2)c3sc(O)nc13,CHEMBL82663,Ki,8.4
6297677,CCCCOc1ccc(CCNC[C@H](O)c2ccc(O)c3NC(=O)Sc23)cc1,CHEMBL3323669,Ki,8.41
8126496,CC1(C)[C@@H]2CC[C@@]1(C)[C@H](C2)NC[C@H](O)c3ccc(O)c4NC(=O)Sc34,CHEMBL1221735,Ki,8.42
6298184,O[C@@H](CNC1CCCCC1)COc2cccc3[nH]ccc23,CHEMBL393648,Ki,8.43
7989229,O[C@@H](CNCCCCCCCCCN1CCC(CC1)OC(=O)Nc2ccccc2c3ccccc3)c4ccc(O)c5NC(=O)C=Cc45,CHEMBL1683934,Ki,8.46
7989841,O[C@@H](CNCCCCCCCCN1CCC(CC1)OC(=O)Nc2ccccc2c3ccccc3)c4ccc(O)c5NC(=O)C=Cc45,CHEMBL1683933,Ki,8.47
6296644,OC(CNCCOCCOCCNC(=O)CCCCCNC(=O)COc1ccc(\C=C\c2ccc3C=C4C=CC(=[N+]4[B-](F)(F)n23)c5cccs5)cc1)COc6cccc7ccccc67,CHEMBL1830492,Kd,8.48
8126515,O[C@@H](CNCCc1cccc(OCCCOc2ccccc2)c1)c3ccc(O)c(NC=O)c3,CHEMBL183948,Ki,8.48
6298032,CCCc1cccc(CCNC[C@H](O)c2ccc(O)c3NC(=O)Sc23)c1,CHEMBL3323666,Ki,8.5
8126528,COC(=O)COc1ccc(C[C@@H](C)NC[C@H](O)c2cccc(Cl)c2)cc1,CHEMBL38486,Ki,8.5
8126538,COc1ccc(C[C@@H](C)NC[C@H](O)c2ccc(O)c3NC(=O)C=Cc23)cc1,CHEMBL1094785,Ki,8.5
8126549,COc1ccc(Nc2ccc(CCNC[C@H](O)c3ccc(O)c4NC(=O)C=Cc34)cc2)cc1c5ccccc5CN,CHEMBL3298324,Ki,8.5
1901588,O[C@@H](CNCCc1ccc(CNCCc2ccccn2)cc1)c3ccc(O)c4NC(=O)Sc34,CHEMBL1945034,IC50,8.5
8126562,O[C@@H](CNCCc1ccc(NC[C@H](O)c2ccccc2)cc1)c3ccc(O)c(NC=O)c3,CHEMBL1940832,Ki,8.5
2964327,CC(C)NC(C)C(O)COc1ccc(C)c2CCCc12,CHEMBL513389,IC50,8.52
6297954,OC(COc1cccc2[nH]c3ccccc3c12)CN4CCC(CN5C(=O)c6cccc7cccc(C5=O)c67)CC4,CHEMBL1084772,Ki,8.52
6298277,O[C@@H](CNCCSc1ccc(Cl)cc1)c2ccc(O)c3NC(=O)Sc23,CHEMBL1221861,Ki,8.52
4263911,O[C@@H](CNCCNC(=O)CCCCCNC(=O)COc1ccc(\C=C\c2ccc3C=C4C=CC(=[N+]4[B-](F)(F)n23)c5cccs5)cc1)COc6ccccc6CC=C,CHEMBL1830493,Kd,8.54
6297174,CCOC(=O)COc1ccc(C[C@@H](C)NC[C@H](O)c2onc(Br)c2)cc1,CHEMBL387852,Ki,8.55
1936763,COc1cc(CCNCCc2ccc(O)c3NC(=O)COc23)ccc1OCCCc4ccccc4,CHEMBL3800341,Ki,8.55
4263566,OC(CNCCNC(=O)CCCCCNC(=O)COc1ccc(\C=C\c2ccc3C=C4C=CC(=[N+]4[B-](F)(F)n23)c5cccs5)cc1)COc6cccc7ccccc67,CHEMBL1830488,Kd,8.56
6298321,C[C@@H](NC[C@H](O)c1ccc(O)c2NC(=O)Sc12)c3ccc4ccccc4c3,CHEMBL1221637,Ki,8.57
8126589,O[C@@H](CNCCc1cccc(CNCCc2ccccn2)c1)c3ccc(O)c4NC(=O)Sc34,CHEMBL1945033,IC50,8.6
8126600,CN1CCC(CC1)NCC(O)COc2ccccc2CC=C,CHEMBL1083669,Ki,8.62
4264140,OC(CNCCNC(=O)CCCCCNC(=O)COc1ccc(\C=C\c2ccc3C=C4C=CC(=[N+]4[B-](F)(F)n23)c5cccs5)cc1)COc6ccccc6CC=C,CHEMBL1830617,Kd,8.63
4264674,COc1c(I)cc(CC2NCCc3cc(O)c(O)cc23)cc1I,CHEMBL308351,Ki,8.69
1903198,COc1ccccc1CCNCc2ccc(CCNC[C@H](O)c3ccc(O)c4NC(=O)Sc34)cc2,CHEMBL1944694,IC50,8.7
8126617,C[C@@H](NCc1ccccc1c2ccc(CCNC[C@H](O)c3ccc(O)c4NC(=O)Sc34)cc2)c5ccccc5,CHEMBL1947155,IC50,8.7
1898913,Cc1cccc2c(CCNCc3ccc(CCNC[C@H](O)c4ccc(O)c5NC(=O)Sc45)cc3)c[nH]c12,CHEMBL1945032,IC50,8.7
1902651,O[C@@H](CNCCc1ccc(CNCCc2ccccc2)cc1)c3ccc(O)c4NC(=O)Sc34,CHEMBL1944695,IC50,8.7
1900386,O[C@@H](CNCCc1ccc(CNCCc2ccccc2F)cc1)c3ccc(O)c4NC(=O)Sc34,CHEMBL1944692,IC50,8.7
6297807,O[C@@H](CNCCc1cccc(CNCc2ccccc2Cl)c1)c3ccc(O)c4NC(=O)Sc34,CHEMBL1945041,IC50,8.7
6296952,O[C@@H](CN[C@@H]1CCC[C@@H]1C2CCCCC2)c3ccc(O)c4NC(=O)Sc34,CHEMBL3323655,Ki,8.7
8126638,Oc1cc2CCNC(Cc3ccc(NC(=O)c4ccccc4)c(I)c3)c2cc1O,CHEMBL121704,Ki,8.7
6297820,CC(C)(C)CC(C)(C)NC[C@H](O)c1ccc(O)c2NC(=O)Sc12,CHEMBL1221543,Ki,8.72
6297655,O[C@@H](CNCCCCc1ccccc1)c2ccc(O)c3NC(=O)Sc23,CHEMBL1221636,Ki,8.75
6298098,O[C@@H](CNCCc1ccccc1)c2ccc(O)c3NC(=O)Sc23,CHEMBL1221587,Ki,8.75
6298065,CCCCOc1cccc(CCNC[C@H](O)c2ccc(O)c3NC(=O)Sc23)c1,CHEMBL3323670,Ki,8.77
4264108,CC(C)NC[C@H](O)COc1cccc2[nH]ccc12,CHEMBL117405,IC50,8.8
8126658,COc1ccc(Nc2ccc(CCNC[C@H](O)c3ccc(O)c4NC(=O)C=Cc34)cc2)cc1c5cccc(CN)c5,CHEMBL3298325,Ki,8.8
1901511,COc1ccccc1CNCCc2cccc(CCNC[C@H](O)c3ccc(O)c4NC(=O)Sc34)c2,CHEMBL1945299,IC50,8.8
8126671,Nc1c(I)cc(CC2NCCc3cc(O)c(O)cc23)cc1I,CHEMBL123596,Ki,8.81
8126682,Oc1cc2CCNC(Cc3cc(I)c(I)c(I)c3)c2cc1O,CHEMBL120278,Ki,8.82
5293429,CCCCc1cccc(CCNC[C@H](O)c2ccc(O)c3NC(=O)Sc23)c1,CHEMBL3323668,Ki,8.85
4264164,O[C@@H](CNCCNC(=O)CCCCCNC(=O)COc1ccc(\C=C\c2ccc3C=C4C=CC(=[N+]4[B-](F)(F)n23)c5cccs5)cc1)COc6cccc7ccccc67,CHEMBL1830485,Kd,8.86
6296831,OC(CNCCCCNC(=O)CCCCCNC(=O)COc1ccc(\C=C\c2ccc3C=C4C=CC(=[N+]4[B-](F)(F)n23)c5cccs5)cc1)COc6cccc7ccccc67,CHEMBL1830489,Kd,8.87
1755323,COc1ccc(CC(C)(C)NC[C@H](O)COc2cccc3NC(=O)Nc23)cc1,CHEMBL486278,IC50,8.89
8126701,COc1ccc(Nc2ccc(CCNC[C@H](O)c3ccc(O)c4NC(=O)C=Cc34)cc2)cc1c5ccc(CN)cc5,CHEMBL3298326,Ki,8.9
4263734,OC(CNCCOCCOCCNC(=O)CCCCCNC(=O)COc1ccc(\C=C\c2ccc3C=C4C=CC(=[N+]4[B-](F)(F)n23)c5cccs5)cc1)COc6ccccc6CC=C,CHEMBL1830619,Kd,8.91
6298383,CC(C)NC[C@H](O)COc1cccc(C)c1,CHEMBL252319,Kd,8.92
6297725,CC(C)c1ccccc1OCC(O)CN2CCOCC2,CHEMBL1083668,Ki,8.92
6298206,O[C@@H](CNCCCc1ccccc1)c2ccc(O)c3NC(=O)Sc23,CHEMBL1221589,Ki,8.92
8126720,CC(C)(N)COc1ccc(Nc2ccc(CCNC[C@H](O)c3ccc(O)c4NC(=O)C=Cc34)cc2)cc1c5ccccc5,CHEMBL3298987,Ki,9.0
8126733,COc1ccc(CC(C)(C)NC[C@H](O)COc2cccc(Cl)c2Cl)cc1,CHEMBL487508,IC50,9.0
6298310,C[C@@H](NC[C@H](O)c1ccc(O)c2NC(=O)Sc12)C3CCCCC3,CHEMBL1221541,Ki,9.0
1899284,O[C@@H](CNCCc1cccc(CNCc2ccccc2F)c1)c3ccc(O)c4NC(=O)Sc34,CHEMBL1945042,IC50,9.0
4263501,O[C@@H](CNCCOCCOCCNC(=O)CCCCCNC(=O)COc1ccc(\C=C\c2ccc3C=C4C=CC(=[N+]4[B-](F)(F)n23)c5cccs5)cc1)COc6ccccc6CC=C,CHEMBL1830618,Kd,9.03
1934243,COc1ccccc1OCCNC[C@@H](O)COc2cccc3[nH]c4ccccc4c23,CHEMBL3798017,Ki,9.06
1899240,COc1ccccc1CCNCc2cccc(CCNC[C@H](O)c3ccc(O)c4NC(=O)Sc34)c2,CHEMBL1944693,IC50,9.1
8126755,C[C@@H](NCc1ccccc1c2ccc(CCNCCc3ccc(O)c4NC(=O)Sc34)cc2)c5ccccc5,CHEMBL1947151,IC50,9.1
6297499,O[C@@H](CNCCc1cccc(CNCCCc2ccccc2)c1)c3ccc(O)c4NC(=O)Sc34,CHEMBL1945037,IC50,9.1
6297528,O[C@@H](CN[C@@H]1CCC[C@@H]1C2CCCC2)c3ccc(O)c4NC(=O)Sc34,CHEMBL1221682,Ki,9.1
6297965,O[C@@H](CN[C@@H]1CCC[C@H]1C2CCCC2)c3ccc(O)c4NC(=O)Sc34,CHEMBL1221683,Ki,9.1
6298173,CC(C)NC[C@H](O)COc1cccc2ccccc12,CHEMBL452861,IC50,9.11
6297039,O[C@@H](CNCCCCNC(=O)CCCCCNC(=O)COc1ccc(\C=C\c2ccc3C=C4C=CC(=[N+]4[B-](F)(F)n23)c5cccs5)cc1)COc6cccc7ccccc67,CHEMBL1830486,Kd,9.14
6296517,Cc1cccc2c(CCNCc3cccc(CCNC[C@H](O)c4ccc(O)c5NC(=O)Sc45)c3)c[nH]c12,CHEMBL1945031,IC50,9.2
1900397,O[C@@H](CNCCc1cccc(CNCCc2ccccc2Cl)c1)c3ccc(O)c4NC(=O)Sc34,CHEMBL1944690,IC50,9.2
8126780,Oc1ccc(CCNCCc2cccc(CNCCc3c(Cl)cccc3Cl)c2)c4SC(=O)Nc14,CHEMBL1946768,IC50,9.2
4263745,O[C@@H](CNCCOCCOCCNC(=O)CCCCCNC(=O)COc1ccc(\C=C\c2ccc3C=C4C=CC(=[N+]4[B-](F)(F)n23)c5cccs5)cc1)COc6cccc7ccccc67,CHEMBL1830491,Kd,9.21
6298242,CCc1cc2CC(C)(Cc2cc1CC)NC[C@H](O)c3ccc(O)c4NC(=O)C=Cc34,CHEMBL2088201,Ki,9.22
6297539,O[C@@H](CN[C@H]1CCC[C@@H]1C2CCCC2)c3ccc(O)c4NC(=O)Sc34,CHEMBL3323654,Ki,9.22
8126798,C[C@@H](NCCc1ccc(O)cc1)[C@@H](O)c2ccc(O)cc2,CHEMBL489553,Kd,9.3
6297666,OC(COc1cccc2[nH]c3ccccc3c12)CN4CCC(Cc5ccccc5)CC4,CHEMBL1086542,Ki,9.3
6296740,O[C@@H](CNCCc1cccc(CNCCCc2ccccn2)c1)c3ccc(O)c4NC(=O)Sc34,CHEMBL1945038,IC50,9.3
6296751,O[C@@H](CNCCc1cccc(CNCCc2ccccc2F)c1)c3ccc(O)c4NC(=O)Sc34,CHEMBL1944691,IC50,9.3
6298360,O[C@@H](CN[C@@H]1CCC[C@H]1OCc2ccccc2)c3ccc(O)c4NC(=O)Sc34,CHEMBL1221680,Ki,9.3
6298255,CC(C)(Cc1ccccc1)NC[C@H](O)c2ccc(O)c3NC(=O)Sc23,CHEMBL1221590,Ki,9.4
6298371,O[C@@H](CN[C@@H]1CCC[C@@H]1CCc2ccccc2)c3ccc(O)c4NC(=O)Sc34,CHEMBL3323658,Ki,9.4
8126821,Cc1c[nH]c2cccc(OCC(O)CN3CCN(CC3)C(c4ccccc4)c5ccccc5)c12,CHEMBL461463,Ki,9.51
6297853,CN(CCCNC[C@H](O)c1ccc(O)c2NC(=O)Sc12)c3ccccc3,CHEMBL1221804,Ki,9.52
6297074,OC(COc1cccc2[nH]c3ccccc3c12)CN4CCC(CC4)C(=O)c5ccc(F)cc5,CHEMBL1086077,Ki,9.52
8126836,Oc1cc2CCNC(Cc3cc(I)cc(I)c3)c2cc1O,CHEMBL122757,Ki,9.52
1901052,CC(CNCc1ccc(CCNC[C@H](O)c2ccc(O)c3NC(=O)Sc23)cc1)c4ccccc4,CHEMBL1945036,IC50,9.7
6298109,COc1ccc(CC2CCN(CC(O)COc3cccc4[nH]c5ccccc5c34)CC2)cc1,CHEMBL1082500,Ki,9.7
6297688,COc1ccc(cc1)C(=O)C2CCN(CC(O)COc3cccc4[nH]c5ccccc5c34)CC2,CHEMBL1082828,Ki,9.7
6297611,OC(COc1cccc2[nH]c3ccccc3c12)CN4CCC(CC4)C(=O)c5ccccc5,CHEMBL1082827,Ki,9.7
1899764,O[C@@H](CNCCc1cccc(CNCCc2c(Cl)cccc2Cl)c1)c3ccc(O)c4NC(=O)Sc34,CHEMBL1947157,IC50,9.7
8126859,CC(C)(C)NCC(O)COc1cccc2oc3ccccc3c12,CHEMBL513104,Ki,9.84
8126870,CC(C)NCC(O)COc1cccc2[nH]c3ccccc3c12,CHEMBL324665,Ki,9.94
6298416,CC(C)(C)NC[C@H](O)COc1cccc2[nH]c(O)nc12,CHEMBL36060,Ki,10.0
4263823,OC(COc1cccc2[nH]c3ccccc3c12)CN4CCC(Cc5cccnc5)CC4,CHEMBL1082501,Ki,10.0
1929855,COc1ccccc1OCCNC[C@H](O)COc2cccc3[nH]c4ccccc4c23,CHEMBL3799125,Ki,10.47
6298551,CC(C)(Cc1ccc(Oc2ccc(cn2)C(=O)N)cc1)NC[C@H](O)COc3cccc4[nH]c5ccccc5c34.OC(=O)CCC(=O)O,CHEMBL2012522,Ki,10.92
