id,smiles,name,assay_type,activity_value
4263449,NC1=NC(CC(=O)NC2=CC=C(CCNC[C@H](O)C3=CC=CC=C3)C=C2)=CS1,mirabegron,EC50,7.64975214
1898719,N[C@@H]([C@H](O)C1=CC(O)=C(O)C=C1)C(O)=O,droxidopa,N/A,N/A
4263469,CC(C)NCC(O)COc1cccc2ccccc12,CHEMBL27,Ki,7.0
4263479,CCCCCCCCN1C(=O)NN(C1=O)c2ccc(cc2)S(=O)(=O)Nc3ccc(CCNC[C@H](O)c4cccnc4)cc3,CHEMBL312364,EC50,7.0
4263490,CCCCCCN1N=CN(C1=O)c2ccc(cc2)S(=O)(=O)Nc3ccc(CCNC[C@H](O)c4cccnc4)cc3,CHEMBL314893,EC50,7.0
4263501,O[C@@H](CNCCOCCOCCNC(=O)CCCCCNC(=O)COc1ccc(\C=C\c2ccc3C=C4C=CC(=[N+]4[B-](F)(F)n23)c5cccs5)cc1)COc6ccccc6CC=C,CHEMBL1830618,Kd,7.0
4263512,O[C@@H](CNCCc1ccc(N\C(=N\c2ccc(I)cc2)\NC#N)cc1)c3cccnc3,CHEMBL126055,EC50,7.0
4263522,O[C@@H](CNCCc1ccc(N\C(=N\c2cccc(F)c2)\NC#N)cc1)c3cccnc3,CHEMBL124668,EC50,7.0
4263533,OC(COc1cccc2[nH]c3ccccc3c12)CN4CCC(CC4)N5C(=O)c6cccc7cccc(C5=O)c67,CHEMBL1083363,Ki,7.01
4263544,CCOP(=O)(Cc1ccc(NC(=O)[C@@](C)(NC[C@H](O)c2ccc(O)c(NS(=O)(=O)C)c2)c3ccc(OC)cc3)cc1)OCC,CHEMBL325425,Ki,7.03
4263555,CCOP(=O)(OCC)c1ccc(NC(=O)[C@@](C)(NC[C@H](O)c2ccc(O)c(NS(=O)(=O)C)c2)c3ccc(OC)cc3)cc1,CHEMBL401068,Ki,7.03
4263566,OC(CNCCNC(=O)CCCCCNC(=O)COc1ccc(\C=C\c2ccc3C=C4C=CC(=[N+]4[B-](F)(F)n23)c5cccs5)cc1)COc6cccc7ccccc67,CHEMBL1830488,Kd,7.03
4263577,O[C@@H](CNCCc1ccc(NS(=O)(=O)c2ccc(cc2)N3N=NN(CCCC4CCCC4)C3=O)cc1)c5cccnc5,CHEMBL22375,IC50,7.04
4263588,COc1ccc(cc1)[C@H](NC[C@H](O)c2ccc(O)c(NS(=O)(=O)C)c2)C(=O)Nc3ccc(Cl)cc3,CHEMBL118216,Ki,7.05
4263599,Cc1c(sc2ncnc(N3CCC(CC3)NCC(O)COc4ccccc4)c12)c5ccccc5,CHEMBL1258144,Ki,7.05
4263609,O[C@@H](CNCCc1ccc(N\C(=N\c2cc(Cl)cc(Cl)c2)\NC#N)cc1)c3cccnc3,CHEMBL338618,EC50,7.05
4263622,CC(C)NCC(O)COc1cccc2[nH]ccc12,CHEMBL500,IC50,7.06
4263632,OC(CNC1CCN(CC1)c2ncnc3scc(c4ccccc4)c23)COc5ccc(F)cc5,CHEMBL1258370,Ki,7.06
4263643,CC(=O)Nc1cccc(OCC(O)CNC2CCN(CC2)c3ncnc4scc(c5ccccc5)c34)c1,CHEMBL1258825,Ki,7.07
4263655,CC(C)NCC(O)c1ccc(O)c(O)c1,CHEMBL434,EC50,7.07
4263666,COC(=O)c1ccc(cc1)[C@@H](Cc2ccccc2)NC[C@H](O)c3ccc(O)c(NS(=O)(=O)C)c3,CHEMBL105004,Ki,7.07
4263677,OC(CNC1CCN(CC1)c2ncnc3scc(c4ccccc4)c23)COc5ccccc5CC=C,CHEMBL1258597,Ki,7.07
4263688,CS(=O)(=O)Nc1cc(ccc1O)[C@@H](O)CNC(Cc2ccccc2)c3ccc(OCC(F)(F)F)cc3,CHEMBL104988,Ki,7.08
4263699,CC(NC[C@H](O)c1ccc(O)c(NS(=O)(=O)C)c1)(c2ccc(OC(F)F)cc2)c3ccc(OC(F)F)cc3,CHEMBL103131,Ki,7.09
4263710,CCCCCCN1C(=CN(C1=O)c2ccc(cc2)S(=O)(=O)Nc3ccc(CCNC[C@H](O)c4cccnc4)cc3)C,CHEMBL312546,EC50,7.09
4263723,COc1ccc(cc1)C(NC[C@H](O)c2ccc(O)c(NS(=O)(=O)C)c2)c3ccc(OC)cc3,CHEMBL102836,Ki,7.09
4263734,OC(CNCCOCCOCCNC(=O)CCCCCNC(=O)COc1ccc(\C=C\c2ccc3C=C4C=CC(=[N+]4[B-](F)(F)n23)c5cccs5)cc1)COc6ccccc6CC=C,CHEMBL1830619,Kd,7.09
4263745,O[C@@H](CNCCOCCOCCNC(=O)CCCCCNC(=O)COc1ccc(\C=C\c2ccc3C=C4C=CC(=[N+]4[B-](F)(F)n23)c5cccs5)cc1)COc6cccc7ccccc67,CHEMBL1830491,Kd,7.09
4263757,COc1ccc(cc1)[C@H](NC[C@H](O)c2ccc(O)c(NS(=O)(=O)C)c2)C(=O)Nc3ccccc3,CHEMBL117577,Ki,7.11
4263768,OC(CNCCCCCCCCNC(=O)CCCCCNC(=O)COc1ccc(\C=C\c2ccc3C=C4C=CC(=[N+]4[B-](F)(F)n23)c5cccs5)cc1)COc6cccc7ccccc67,CHEMBL1830490,Kd,7.11
4263779,OC(CNC1CCN(CC1)c2ncnc3scc(c4cccs4)c23)COc5ccc(O)cc5,CHEMBL1258026,Ki,7.12
4263790,CCOC(=O)[C@@H]1[C@@H]2CN(C[C@H]12)C(=O)c3ccc(C[C@@H]4CC[C@@H](N4)[C@H](O)c5ccccc5)cc3,CHEMBL3746885,EC50,7.13
4263801,CS(=O)(=O)Nc1cc(ccc1O)[C@@H](O)CN[C@H](Cc2ccccc2)c3ccc(CC(=O)N)cc3,CHEMBL319186,Ki,7.13
4263812,OC(CNC1CCN(CC1)c2ncnc3scc(c4ccc(F)cc4)c23)COc5ccc(O)cc5,CHEMBL1257916,Ki,7.13
4263823,OC(COc1cccc2[nH]c3ccccc3c12)CN4CCC(Cc5cccnc5)CC4,CHEMBL1082501,Ki,7.14
4263834,OCc1cc(O)ccc1OCC(O)CNC2CCN(CC2)c3ncnc4scc(c5ccccc5)c34,CHEMBL1257554,Ki,7.14
4263845,CCOc1n[nH]c2cc(OCCNC[C@H](O)c3cccc(NS(=O)(=O)C)c3)ccc12,CHEMBL3601202,EC50,7.15
4263856,COc1ccc(cc1)[C@](C)(NC[C@H](O)c2ccc(O)c(NS(=O)(=O)C)c2)C(=O)Nc3cc(Cl)cc(Cl)c3,CHEMBL117737,Ki,7.15
4263867,COc1ccc(C(Cc2ccccc2)NCC(O)c3ccc(O)c(NS(=O)(=O)C)c3)c(OC)c1,CHEMBL103147,Ki,7.16
4263878,CS(=O)(=O)Nc1cc(ccc1O)[C@@H](O)CNC(Cc2ccccc2)c3ccc(OCc4ccccc4)cc3,CHEMBL105475,Ki,7.16
4263889,CS(=O)(=O)Nc1cc(ccc1O)[C@@H](O)CN[C@H](Cc2ccccc2)c3ccc(cc3)C(=O)N,CHEMBL274494,Ki,7.16
4263900,Cc1cc(ccc1OC(F)F)[C@@H](Cc2ccccc2)NC[C@H](O)c3ccc(O)c(NS(=O)(=O)C)c3,CHEMBL104905,Ki,7.16
4263911,O[C@@H](CNCCNC(=O)CCCCCNC(=O)COc1ccc(\C=C\c2ccc3C=C4C=CC(=[N+]4[B-](F)(F)n23)c5cccs5)cc1)COc6ccccc6CC=C,CHEMBL1830493,Kd,7.16
4263922,O[C@@H](CNCCCCCCCCNC(=O)CCCCCNC(=O)COc1ccc(\C=C\c2ccc3C=C4C=CC(=[N+]4[B-](F)(F)n23)c5cccs5)cc1)COc6cccc7ccccc67,CHEMBL1830487,Kd,7.17
4263933,CS(=O)(=O)Nc1cccc(c1)[C@@H](O)CNCCOc2ccc3c(n[nH]c3c2)C4CCC4,CHEMBL3601307,EC50,7.18
4263944,CC(C)c1ccccc1OCC(O)CNC2CCN(CC2)c3ncnc4scc(c5ccccc5)c34,CHEMBL1258704,Ki,7.19
4263955,CS(=O)(=O)Nc1cccc(c1)[C@@H](O)CNCCOc2ccc3c(n[nH]c3c2)C(F)(F)F,CHEMBL3601308,EC50,7.19
1718605,CCOC(=O)C1CCN(CC1)C(=O)c2ccc(C[C@@H]3CC[C@@H](N3)[C@H](O)c4ccccc4)cc2,CHEMBL3747487,EC50,7.2
4263968,CCc1cccc(OCC(O)CNC2CCN(CC2)c3ncnc4scc(c5ccccc5)c34)c1,CHEMBL1258484,Ki,7.2
4263979,OCc1cc(OCC(O)CNC2CCN(CC2)c3ncnc4scc(c5cccs5)c34)ccc1O,CHEMBL1258143,Ki,7.21
4263990,CCCCCCCCN1C(=CN(C1=O)c2ccc(cc2)S(=O)(=O)Nc3ccc(CCNC[C@H](O)c4cccnc4)cc3)C,CHEMBL79363,EC50,7.22
4264001,COc1ccc(cc1)[C@](C)(NC[C@H](O)c2ccc(O)c(NS(=O)(=O)C)c2)C(=O)Nc3cccc(C)c3,CHEMBL115538,Ki,7.22
4264012,C[C@H](Cc1ccc(OCS(=O)(=O)O)cc1)NC[C@H](O)c2cccc(Cl)c2,CHEMBL38538,EC50,7.22
4264022,CCCCCCCCc1csc(n1)N2CCc3ccc(N\C(=N\c4ccc(CCNC[C@H](O)c5cccnc5)cc4)\NC#N)cc23,CHEMBL124929,EC50,7.23
4264033,CS(=O)(=O)Nc1cc(C[C@@H](O)CN[C@@H](CCc2ccccc2)c3ccc(OC(F)F)c(OC(F)F)c3)ccc1O,CHEMBL251555,Ki,7.23
4264044,OC(CNC1CCN(CC1)c2ncnc3scc(c4ccccc4)c23)COc5cccc(OC(F)(F)F)c5,CHEMBL1258142,Ki,7.23
4264054,O[C@@H](CNCCc1ccc(N\C(=N\c2cccc(I)c2)\NC#N)cc1)c3cccnc3,CHEMBL125168,EC50,7.23
4264064,O[C@@H](CNCCc1ccc(N\C(=N\c2cccc3N(CCc23)c4nc(cs4)c5ccc(OC(F)(F)F)cc5)\NC#N)cc1)c6cccnc6,CHEMBL120238,EC50,7.24
4264075,COc1ccc(cc1)[C@@H](Cc2ccccc2)NC[C@@H](O)Cc3ccc(O)c(NS(=O)(=O)C)c3,CHEMBL251581,Ki,7.28
4264086,COc1ccc(cc1)[C@](C)(NC[C@H](O)c2ccc(O)c(NS(=O)(=O)C)c2)C(=O)Nc3cc(Cl)c(Cl)c(Cl)c3,CHEMBL333551,Ki,7.29
4264097,OCc1cccc(OCC(O)CNC2CCN(CC2)c3ncnc4scc(c5ccccc5)c34)c1,CHEMBL1258371,Ki,7.31
4264108,CC(C)NC[C@H](O)COc1cccc2[nH]ccc12,CHEMBL117405,IC50,7.32
4264118,COc1ccc(cc1)[C@](C)(NC[C@H](O)c2ccc(O)c(NS(=O)(=O)C)c2)C(=O)Nc3ccc(Cl)cc3F,CHEMBL115627,Ki,7.33
4264129,OC(CNC1CCN(CC1)c2ncnc3scc(c4ccccc4)c23)COc5cccc(c5)C#N,CHEMBL1258705,Ki,7.33
4264140,OC(CNCCNC(=O)CCCCCNC(=O)COc1ccc(\C=C\c2ccc3C=C4C=CC(=[N+]4[B-](F)(F)n23)c5cccs5)cc1)COc6ccccc6CC=C,CHEMBL1830617,Kd,7.33
4264151,COc1ccc(cc1)[C@](C)(NC[C@H](O)c2ccc(O)c(NS(=O)(=O)C)c2)C(=O)Nc3ccc(OC)c(OC)c3,CHEMBL332632,Ki,7.34
1750955,O[C@@H](CNCCc1ccc(NS(=O)(=O)c2ccc(cc2)c3nc(cs3)c4ccc(cc4)C(F)(F)F)cc1)c5cccnc5,CHEMBL111201,IC50,7.34
4264164,O[C@@H](CNCCNC(=O)CCCCCNC(=O)COc1ccc(\C=C\c2ccc3C=C4C=CC(=[N+]4[B-](F)(F)n23)c5cccs5)cc1)COc6cccc7ccccc67,CHEMBL1830485,Kd,7.35
4264175,COc1ccc(cc1)C(Cc2ccccc2)NCC(O)c3ccc(O)c(NS(=O)(=O)C)c3,CHEMBL102928,Ki,7.36
4264186,COc1ccc(cc1)[C@@H](Cc2ccccc2)NC[C@H](O)c3ccc(O)c(NS(=O)(=O)C)c3,CHEMBL116715,Ki,7.36
4264197,CS(=O)(=O)Nc1cc(ccc1O)[C@@H](O)CN[C@H](Cc2ccccc2)c3cccc4ccccc34,CHEMBL431638,Ki,7.37
4123951,CS(=O)(=O)Nc1cccc(c1)[C@@H](O)CNCCOc2ccc3c(Cl)n[nH]c3c2,CHEMBL3601203,EC50,7.37
4264210,COc1cccc(OCC(O)CNC2CCN(CC2)c3ncnc4scc(c5ccccc5)c34)c1,CHEMBL1258024,Ki,7.38
4264220,O[C@@H](CNCCc1ccc(N\C(=N\c2cccc3ccccc23)\NC#N)cc1)c4cccnc4,CHEMBL439794,EC50,7.38
4264231,OC(CNC1CCN(CC1)c2ncnc3ccsc23)COc4ccccc4,CHEMBL1258599,Ki,7.39
4264241,CC(C)NC[C@H](O)c1ccc(O)c(O)c1,CHEMBL1160723,EC50,7.4
4264252,COc1n[nH]c2cc(OCCNC[C@H](O)c3cccc(NS(=O)(=O)C)c3)ccc12,CHEMBL3601201,EC50,7.4
4264263,CS(=O)(=O)Nc1cc(ccc1O)[C@@H](O)CN[C@H](Cc2ccccc2)c3ccc(OC(F)F)c(OC(F)F)c3,CHEMBL319687,Ki,7.42
4264274,NC(=O)Nc1cccc(OCC(O)CNC2CCN(CC2)c3ncnc4scc(c5ccccc5)c34)c1,CHEMBL1258824,Ki,7.43
4264285,C[C@H](Cc1c[nH]c2c(OS(=O)(=O)C)cccc12)NC[C@H](O)c3cccc(NCC=C(C)C)c3,CHEMBL182770,EC50,7.44
4264296,O[C@@H](CNCCc1ccc(N\C(=C/[N+](=O)[O-])\Nc2cc(Cl)cc(Cl)c2)cc1)c3cccnc3,CHEMBL125246,EC50,7.46
4264307,COc1ccc(cc1)[C@H](NC[C@H](O)c2ccc(O)c(NS(=O)(=O)C)c2)C(=O)Nc3ccc4OCOc4c3,CHEMBL333334,Ki,7.48
4264318,COc1ccc(cc1OC)C(Cc2ccccc2)NCC(O)c3ccc(O)c(NS(=O)(=O)C)c3,CHEMBL102891,Ki,7.48
4264329,CS(=O)(=O)Oc1cccc2c(CCNC[C@H](O)c3cccc(NS(=O)(=O)c4cccs4)c3)c[nH]c12,CHEMBL188622,Ki,7.48
4264340,COc1ccc(cc1)[C@H](CCc2ccccc2)NC[C@H](O)Cc3ccc(O)c(NS(=O)(=O)C)c3,CHEMBL251347,Ki,7.51
4264351,CC(C)(Cc1ccc(Oc2ccc(cn2)C(=O)N)cc1)NC[C@H](O)COc3cccc4[nH]c(O)nc34,CHEMBL61275,EC50,7.52
4264362,CCc1cc(O)ccc1OCC(O)CNC2CCN(CC2)c3ncnc4scc(c5ccccc5)c34,CHEMBL1257676,Ki,7.52
4264374,C[C@H](Cc1c[nH]c2ccccc12)NC[C@H](O)c3cccc(NS(=O)(=O)c4cccs4)c3,CHEMBL185836,Ki,7.52
4264385,O[C@@H](CNCCc1ccc(NS(=O)(=O)c2ccc(cc2)c3nc(cs3)c4ccc(OC(F)(F)F)cc4)cc1)c5cccnc5,CHEMBL331744,IC50,7.52
4264396,COc1ccc(cc1OC)[C@H](CCc2cccc(Cl)c2)NC[C@H](O)Cc3ccc(O)c(NS(=O)(=O)C)c3,CHEMBL398241,Ki,7.54
4264407,COc1ccc(cc1)[C@](C)(NC[C@H](O)c2ccc(O)c(NS(=O)(=O)C)c2)C(=O)Nc3ccc(C)cc3,CHEMBL119786,Ki,7.55
4264418,COc1ccc([C@@H](Cc2ccccc2)NC[C@H](O)c3ccc(O)c(NS(=O)(=O)C)c3)c4ccccc14,CHEMBL317920,Ki,7.59
4264428,O[C@@H](CNCCc1ccc(N\C(=N\c2cccc(Oc3ccccc3)c2)\NC#N)cc1)c4cccnc4,CHEMBL124863,EC50,7.59
4264439,COc1ccc(C[C@@H](C)NC[C@H](O)c2ccc(O)c(NC=O)c2)cc1.OC(=O)\C=C\C(=O)O,CHEMBL605993,EC50,7.6
4264450,COc1ccc(cc1OC)[C@@H](Cc2ccccc2)NC[C@H](O)Cc3ccc(O)c(NS(=O)(=O)C)c3,CHEMBL248548,Ki,7.6
4264461,COc1ccc(cn1)[C@@H](Cc2ccccc2)NC[C@H](O)c3ccc(O)c(NS(=O)(=O)C)c3,CHEMBL102580,Ki,7.6
4264472,COc1ccc(cc1)[C@](C)(NC[C@H](O)c2ccc(O)c(NS(=O)(=O)C)c2)C(=O)Nc3ccc(Cl)c(Cl)c3,CHEMBL118121,Ki,7.62
4264483,COc1ccc(cc1OC)[C@@H](Cc2ccc(Cl)cc2)NC[C@@H](O)Cc3ccc(O)c(NS(=O)(=O)C)c3,CHEMBL429665,Ki,7.62
4264494,Nc1nc(CNC(=O)c2ccc(C[C@@H]3CC[C@@H](N3)[C@H](O)c4ccccc4)cc2)cs1,CHEMBL3746068,EC50,7.62
4264505,COc1ccc(cc1)[C@](C)(NC[C@H](O)c2ccc(O)c(NS(=O)(=O)C)c2)C(=O)Nc3ccc(O)cc3,CHEMBL116294,Ki,7.64
4264516,OC(CNC1CCN(CC1)c2ncnc3scc(c4ccc(F)cc4)c23)COc5ccccc5,CHEMBL1257915,Ki,7.64
4264527,O[C@@H](CNCCc1ccc(N\C(=C/[N+](=O)[O-])\Nc2cccc(I)c2)cc1)c3cccnc3,CHEMBL127428,EC50,7.66
4264674,COc1c(I)cc(CC2NCCc3cc(O)c(O)cc23)cc1I,CHEMBL308351,Ki,7.67
4264686,CS(=O)(=O)Nc1cc(ccc1O)[C@@H](O)CN[C@H](Cc2ccccc2)c3ccc(OC(F)F)cc3,CHEMBL322862,Ki,7.68
4264697,C[C@H](Cc1ccc(OCC(=O)O)cc1)NC[C@H](O)c2cccc(Cl)c2,CHEMBL284782,EC50,7.68
4264708,Cc1n[nH]c2cc(OCCNC[C@H](O)c3cccc(NS(=O)(=O)C)c3)ccc12,CHEMBL3601200,EC50,7.68
4264719,CCCNC(=O)c1ccc(NC(=O)[C@@](C)(NC[C@H](O)c2ccc(O)c(NS(=O)(=O)C)c2)c3ccc(OC)cc3)cc1,CHEMBL326820,Ki,7.7
1730521,COc1ccc(CC(C)(C)NCC(O)COc2ccccc2C#N)cc1,CHEMBL504479,EC50,7.7
4264732,COc1ccc(cc1)C(C)(NC[C@H](O)c2ccc(O)c(NS(=O)(=O)C)c2)c3ccc(OC)cc3,CHEMBL102222,Ki,7.7
4264743,O[C@@H](CNCCc1ccc(NS(=O)(=O)c2ccc(cc2)c3nc(cs3)c4ccc(F)c(F)c4)cc1)c5cccnc5,CHEMBL293994,IC50,7.7
4264754,COc1ccc(cc1)[C@](C)(NC[C@H](O)c2ccc(O)c(NS(=O)(=O)C)c2)C(=O)Nc3cccc(Br)c3,CHEMBL119533,Ki,7.72
4264765,CS(=O)(=O)Nc1cc(C[C@H](O)CN[C@H](Cc2ccccc2)c3ccc(OC(F)F)c(OC(F)F)c3)ccc1O,CHEMBL250553,Ki,7.72
4264775,O[C@@H](CNCCc1ccc2cc(N\C(=N\c3ccc4N(CCc4c3)c5nc(cs5)c6ccc(OC(F)(F)F)cc6)\NC#N)ccc2c1)c7cccnc7,CHEMBL124597,EC50,7.72
4264786,CCCCCCN1CCN(C1=O)c2ccc(cc2)S(=O)(=O)Nc3ccc(CCNC[C@H](O)c4cccnc4)cc3,CHEMBL82296,EC50,7.75
4264797,O[C@@H](CNCCc1ccc(NS(=O)(=O)c2ccc(cc2)N3CCN(CCCC(F)(F)F)C3=O)cc1)c4cccnc4,CHEMBL79675,EC50,7.75
4264808,COc1ccc(NC(=O)[C@@](C)(NC[C@H](O)c2ccc(O)c(NS(=O)(=O)C)c2)c3ccc(OC)cc3)cc1,CHEMBL434223,Ki,7.77
4264819,COc1ccc(cc1)[C@](C)(NC[C@H](O)c2ccc(O)c(NS(=O)(=O)C)c2)C(=O)Nc3cccc(Cl)c3,CHEMBL115628,Ki,7.77
4264830,CS(=O)(=O)Nc1cccc(c1)[C@@H](O)CNCCOc2ccc3c(n[nH]c3c2)C4CC4,CHEMBL3600395,EC50,7.77
4264842,C[C@H](Cc1c[nH]c2c(OCC(=O)O)cccc12)NC[C@H](O)c3cccc(NS(=O)(=O)c4cccs4)c3,CHEMBL188196,Ki,7.77
4264853,OC(CNC1CCN(CC1)c2ncnc3scc(c4ccccc4)c23)COc5cccc(F)c5,CHEMBL1258258,Ki,7.77
4264864,OC(CNC1CCN(CC1)c2ncnc3scc(c4ccccc4)c23)COc5ccccc5,CHEMBL1255596,Ki,7.77
4264875,CCCCCCCCN1CC(=O)N(C1=O)c2ccc(cc2)S(=O)(=O)Nc3ccc(CCNC[C@H](O)c4cccnc4)cc3,CHEMBL66936,EC50,7.8
4264886,CCCCCCCCN1NCN(C1=O)c2ccc(cc2)S(=O)(=O)Nc3ccc(CCNC[C@H](O)c4cccnc4)cc3,CHEMBL311731,EC50,7.82
4264897,COc1ccc([C@@H](Cc2ccccc2)NC[C@H](O)c3ccc(O)c(NS(=O)(=O)C)c3)c(OC)n1,CHEMBL102611,Ki,7.82
4264908,CCCCCCN1C=CN(C1=O)c2ccc(cc2)S(=O)(=O)Nc3ccc(CCNC[C@H](O)c4cccnc4)cc3,CHEMBL22386,EC50,7.85
4264919,CCc1n[nH]c2cc(OCCNC[C@H](O)c3cccc(NS(=O)(=O)C)c3)ccc12,CHEMBL3601204,EC50,7.85
4264930,COc1ccc(cc1)[C@](C)(NC[C@H](O)c2ccc(O)c(NS(=O)(=O)C)c2)C(=O)Nc3ccc(Oc4ccccc4)cc3,CHEMBL119120,Ki,7.85
4264942,COc1cccc2c(C[C@@H](C)NC[C@H](O)c3cccc(NS(=O)(=O)c4cccs4)c3)c[nH]c12,CHEMBL361505,Ki,7.85
4264953,OC(CNC1CCN(CC1)c2ncnc3scc(c4ccccc4)c23)COc5ccccc5F,CHEMBL1258257,Ki,7.85
4264964,O[C@@H](CNCCc1ccc(NS(=O)(=O)c2ccc(cc2)N3CCN(CCCC(F)(F)C(F)(F)F)C3=O)cc1)c4cccnc4,CHEMBL83754,EC50,7.85
4264975,CC(C)c1n[nH]c2cc(OCCNC[C@H](O)c3cccc(NS(=O)(=O)C)c3)ccc12,CHEMBL3601305,EC50,7.89
4264985,CCCCCCCCc1csc(n1)N2CCc3c(N\C(=N\c4ccc(CCNC[C@H](O)c5cccnc5)cc4)\NC#N)cccc23,CHEMBL127656,EC50,7.89
4264996,CCCCCCN1C(=O)CN(C1=O)c2ccc(cc2)S(=O)(=O)Nc3ccc(CCNC[C@H](O)c4cccnc4)cc3,CHEMBL84117,EC50,7.89
4265006,O[C@@H](CNCCc1ccc(N\C(=N\c2ccc3N(CCc3c2)c4nc(cs4)c5ccc(OC(F)(F)F)cc5)\NC#N)cc1)c6cccnc6,CHEMBL431678,EC50,7.89
4265017,COc1ccc(cc1OC)[C@H](CCc2ccc(Cl)cc2)NC[C@H](O)Cc3ccc(O)c(NS(=O)(=O)C)c3,CHEMBL251764,Ki,7.92
4265027,CCCCCCCCc1csc(n1)N2CCc3cc(N\C(=N\c4ccc(CCNC[C@H](O)c5cccnc5)cc4)\NC#N)ccc23,CHEMBL123745,EC50,7.96
4265038,COc1ccc(cc1)[C@](C)(NC[C@H](O)c2ccc(O)c(NS(=O)(=O)C)c2)C(=O)Nc3ccc4sc(C)nc4c3,CHEMBL332529,Ki,7.96
4265049,COc1ccc(cc1OC)[C@@H](Cc2ccccc2)NC[C@H](O)c3ccc(O)c(NS(=O)(=O)C)c3,CHEMBL317621,Ki,7.96
4265060,COc1ccccc1OCC(O)CNC2CCN(CC2)c3ncnc4scc(c5ccccc5)c34,CHEMBL1258023,Ki,7.96
4265071,OC(CNC1CCN(CC1)c2ncnc3scc(c4cccs4)c23)COc5ccccc5,CHEMBL1258025,Ki,7.96
4265082,C[C@H](Cc1c[nH]c2c(OS(=O)(=O)C)cccc12)NC[C@H](O)c3cccc(NCC#C)c3,CHEMBL181300,EC50,8.0
4265093,NC(=O)c1cccc(N\C(=C\[N+](=O)[O-])\Nc2ccc(CCNC[C@H](O)c3cccnc3)cc2)c1,CHEMBL127451,EC50,8.0
4265104,CCS(=O)(=O)C1CCN(CC1)C(=O)c2ccc(C[C@@H]3CC[C@@H](N3)[C@H](O)c4ccccc4)cc2,CHEMBL3747710,EC50,8.01
4265115,CCc1cc(OCC(O)CNC2CCN(CC2)c3ncnc4scc(c5ccccc5)c34)ccc1O,CHEMBL1257797,Ki,8.05
4265126,COc1ccc(cc1OC)[C@H](CCc2ccccc2)NC[C@H](O)Cc3ccc(O)c(NS(=O)(=O)C)c3,CHEMBL400067,Ki,8.05
4265137,COc1ccc(cc1OC)[C@H](Cc2ccccc2)NC[C@@H](O)Cc3ccc(O)c(NS(=O)(=O)C)c3,CHEMBL398557,Ki,8.05
4265148,CS(=O)(=O)Nc1cc(ccc1O)[C@@H](O)CN[C@H](Cc2cccc(Cl)c2)c3ccc(OC(F)F)cc3,CHEMBL60116,Ki,8.05
4265159,C[C@](Cc1ccccc1)(NC[C@H](O)c2ccc(O)c(NS(=O)(=O)C)c2)c3ccc(OC(F)F)cc3,CHEMBL317648,Ki,8.05
4265170,COc1ccc(cc1)[C@](C)(NC[C@H](O)c2ccc(O)c(NS(=O)(=O)C)c2)C(=O)Nc3ccc(Cl)cc3,CHEMBL323938,Ki,8.06
4265181,OC(CNC1CCN(CC1)c2ncnc3scc(c4ccccc4)c23)COc5cccc(O)c5,CHEMBL1257913,Ki,8.07
4265192,COc1ccc(cc1O)[C@@H](Cc2ccccc2)NC[C@@H](O)Cc3ccc(O)c(NS(=O)(=O)C)c3,CHEMBL400947,Ki,8.1
4265203,CS(=O)(=O)Nc1cc(ccc1O)[C@@H](O)CN[C@H](Cc2ccccc2)c3ccc4OCOc4c3,CHEMBL321518,Ki,8.1
4265214,OCc1cc(OCC(O)CNC2CCN(CC2)c3ncnc4scc(c5ccccc5)c34)ccc1O,CHEMBL1257555,Ki,8.14
1755323,COc1ccc(CC(C)(C)NC[C@H](O)COc2cccc3NC(=O)Nc23)cc1,CHEMBL486278,EC50,8.16
4265227,COc1ccc(cc1)C(C)(C)NC[C@H](O)c2ccc(O)c(NS(=O)(=O)C)c2,CHEMBL250191,Ki,8.16
4265238,COc1ccc(cc1OC)[C@@H](Cc2ccccc2Cl)NC[C@@H](O)Cc3ccc(O)c(NS(=O)(=O)C)c3,CHEMBL437578,Ki,8.16
4265249,COc1ccc(cc1OC)[C@H](CCc2ccccc2Cl)NC[C@H](O)Cc3ccc(O)c(NS(=O)(=O)C)c3,CHEMBL447786,Ki,8.16
4265260,CCCCCCNC(=O)Nc1ccc(cc1)S(=O)(=O)Nc2ccc(CCNC[C@H](O)c3cccnc3)cc2,CHEMBL57486,EC50,8.2
4265271,O[C@@H](CNCCc1ccc(NS(=O)(=O)c2ccccc2)cc1)COc3ccc(O)cc3,CHEMBL417613,EC50,8.2
4265282,CCCCCCN1C=NN(C1=O)c2ccc(cc2)S(=O)(=O)Nc3ccc(CCNC[C@H](O)c4cccnc4)cc3,CHEMBL79806,EC50,8.22
4265293,COc1ccc(cc1OC)[C@@H](Cc2cccc(Cl)c2)NC[C@@H](O)Cc3ccc(O)c(NS(=O)(=O)C)c3,CHEMBL250755,Ki,8.22
4265304,COc1ccc(cc1OC)[C@@H](Cc2ccccc2)NC[C@@H](O)Cc3ccc(O)c(NS(=O)(=O)C)c3,CHEMBL399329,Ki,8.22
4265315,O[C@@H]([C@H]1CC[C@@H](Cc2ccc(NC(=O)CN3N=CC=CC3=O)cc2)N1)c4ccccc4,CHEMBL3764088,EC50,8.23
4265326,CCCCCCCCN1CNN(C1=O)c2ccc(cc2)S(=O)(=O)Nc3ccc(CCNC[C@H](O)c4cccnc4)cc3,CHEMBL309628,EC50,8.27
4265337,C[C@H](Cc1c[nH]c2ccccc12)NC[C@H](O)c3cccc(Cl)c3,CHEMBL26393,EC50,8.27
4265348,Cn1nnc(n1)[C@H]2[C@@H]3CN(C[C@H]23)C(=O)c4ccc(C[C@@H]5CC[C@@H](N5)[C@H](O)c6ccccc6)cc4,CHEMBL3745890,EC50,8.27
4265359,CCCCCCCCc1csc(n1)N2CCc3cc(N\C(=N\c4ccc(CCNC[C@H](O)c5cccnc5)cc4)\S)ccc23,CHEMBL338664,EC50,8.28
4265370,CS(=O)(=O)Nc1cc(ccc1O)C(=O)C[C@@H](O)CN[C@H](Cc2ccccc2)c3ccc(OC(F)F)cc3,CHEMBL401135,Ki,8.3
4265381,CCCCCCCCN1C(=O)CN(C1=O)c2ccc(cc2)S(=O)(=O)Nc3ccc(CCNC[C@H](O)c4cccnc4)cc3,CHEMBL83698,EC50,8.31
4265392,COc1cccc2c(C[C@@H](C)NC[C@H](O)c3cccc(NS(=O)(=O)c4cccs4)c3)cn(Cc5ccccc5)c12,CHEMBL2260988,EC50,8.36
4265403,O[C@@H]([C@H]1CC[C@@H](Cc2ccc(NC(=O)CN3C=CC=CC3=O)cc2)N1)c4ccccc4,CHEMBL3764592,EC50,8.37
706414,COc1ccccc1OCCNCC(O)COc2cccc3[nH]c4ccccc4c23,CHEMBL723,IC50,8.38
4265416,C[C@H](Cc1c[nH]c2c(OS(=O)(=O)C)cccc12)NC[C@H](O)c3cccc(NS(=O)(=O)c4cccs4)c3,CHEMBL184407,Ki,8.4
4265427,O[C@@H]([C@H]1CC[C@@H](Cc2ccc(NC(=O)CN3C=NC=CC3=O)cc2)N1)c4ccccc4,CHEMBL3764950,EC50,8.41
4265438,O[C@@H]([C@H]1CC[C@@H](Cc2ccc(NC(=O)C3CCc4ccnn34)cc2)N1)c5cccnc5,CHEMBL3745911,EC50,8.43
4265450,O[C@@H]([C@H]1CC[C@@H](Cc2ccc(NC(=O)[C@@H]3CCc4ccnn34)cc2)N1)c5cccnc5,CHEMBL3128188,EC50,8.43
4265461,O[C@@H](CNCCc1ccc(NS(=O)(=O)c2ccc(I)cc2)cc1)COc3cccnc3,CHEMBL294042,EC50,8.44
4265472,CCCCCCCCN1C=CN(C1=O)c2ccc(cc2)S(=O)(=O)Nc3ccc(CCNC[C@H](O)c4cccnc4)cc3,CHEMBL83753,EC50,8.47
4265483,O[C@@H]([C@H]1CC[C@@H](Cc2ccc(cc2)C(=O)N3CCC4(CCOC4=O)CC3)N1)c5ccccc5,CHEMBL3747244,EC50,8.48
4265494,CCc1oc(nn1)[C@H]2[C@@H]3CN(C[C@H]23)C(=O)c4ccc(C[C@@H]5CC[C@@H](N5)[C@H](O)c6ccccc6)cc4,CHEMBL3747455,EC50,8.51
4265505,COc1ccc(cc1OC)[C@@H](Cc2ccccc2)NC[C@H](O)CC(=O)c3ccc(O)c(NS(=O)(=O)C)c3,CHEMBL250978,Ki,8.52
4265516,C[C@H](Cc1c[nH]c2c(OS(=O)(=O)C)cccc12)NC[C@H](O)c3cccc(NCc4ccc5ccccc5c4)c3,CHEMBL183552,EC50,8.54
4265527,C[C@H](N1N=CC=CC1=O)C(=O)Nc2ccc(C[C@@H]3CC[C@@H](N3)[C@H](O)c4ccccc4)cc2,CHEMBL3765335,EC50,8.57
4265538,CS(=O)(=O)c1cccc2c(CCNC[C@H](O)c3cccc(NS(=O)(=O)c4cccc(N)c4)c3)c[nH]c12,CHEMBL186247,Ki,8.59
4265549,C[C@H](N1N=CC=CC1=O)C(=O)Nc2ccc(C[C@@H]3CC[C@@H](N3)[C@H](O)c4cccnc4)cc2,CHEMBL3763998,EC50,8.59
4265560,CCCCCCCCN1CCN(C1=O)c2ccc(cc2)S(=O)(=O)Nc3ccc(CCNC[C@H](O)c4cccnc4)cc3,CHEMBL84190,EC50,8.66
4265571,O[C@@H]([C@H]1CC[C@@H](Cc2ccc(NC(=O)CN3C=CC=NC3=O)cc2)N1)c4ccccc4,CHEMBL3763594,EC50,8.66
4265582,CS(=O)(=O)Nc1cc(ccc1O)[C@@H](O)CN[C@H](Cc2ccccc2)c3ccc(OC(F)F)c4ccccc34,CHEMBL105758,Ki,8.7
4265593,CC1(C)CC2(CCN(CC2)C(=O)c3ccc(C[C@@H]4CC[C@@H](N4)[C@H](O)c5ccccc5)cc3)C(=O)O1,CHEMBL3746280,EC50,8.72
1737143,O[C@@H]([C@H]1CC[C@@H](Cc2ccc(NC(=O)CN3C=Nc4ccccc4C3=O)cc2)N1)c5ccccc5,CHEMBL3764774,EC50,8.77
4265606,O[C@@H]([C@H]1CC[C@@H](Cc2ccc(cc2)C(=O)N3C[C@@H]4[C@H](C3)[C@H]4c5ocnn5)N1)c6ccccc6,CHEMBL3747356,EC50,8.77
258172,O[C@@H]([C@H]1CC[C@@H](Cc2ccc(NC(=O)[C@@H]3CCC4=NC=CC(=O)N34)cc2)N1)c5ccccc5,CHEMBL2107826,EC50,8.8
1723947,O[C@@H]([C@H]1CC[C@@H](Cc2ccc(NC(=O)[C@@H]3CCc4scnc34)cc2)N1)c5cccnc5,CHEMBL3128178,EC50,8.85
4265621,CCN(CC)C(=O)COc1cccc2c(C[C@@H](C)NC[C@H](O)c3cccc(NS(=O)(=O)c4cccs4)c3)c[nH]c12,CHEMBL2261203,EC50,8.89
4265632,CCOC(=O)S(=O)(=O)Oc1cccc2c(C[C@@H](C)NC[C@H](O)c3cccc(NS(=O)(=O)c4cccs4)c3)c[nH]c12,CHEMBL2260984,EC50,8.92
4265643,C\C=C\CNc1cccc(c1)[C@@H](O)CN[C@H](C)Cc2c[nH]c3c(OS(=O)(=O)C)cccc23,CHEMBL425161,EC50,8.92
4265654,C[C@H](Cc1c[nH]c2c(cccc12)S(=O)(=O)C)NC[C@H](O)c3cccc(NS(=O)(=O)c4cccc(N)c4)c3,CHEMBL442225,Ki,8.96
4265665,COCc1cc(OCC(O)CNC2CCN(CC2)c3ncnc4scc(c5ccccc5)c34)ccc1O,CHEMBL1257675,Ki,9.0
4265676,C[C@H](Cc1cn2CCCOc3cccc1c23)NC[C@H](O)c4cccc(NS(=O)(=O)c5cccs5)c4,CHEMBL2260989,EC50,9.0
2212426,Nc1nc(CC(=O)Nc2ccc(C[C@@H]3CC[C@@H](N3)[C@H](O)c4ccccc4)cc2)cs1,CHEMBL1684585,EC50,9.01
4265689,CCCCCCCCc1csc(n1)N2CCc3cc(ccc23)S(=O)(=O)Nc4ccc(CCNC[C@H](O)c5cccnc5)cc4,CHEMBL301231,EC50,9.03
4265700,C[C@H](Cc1c[nH]c2c(OS(=O)(=O)c3ccccc3)cccc12)NC[C@H](O)c4cccc(NS(=O)(=O)c5cccs5)c4,CHEMBL187209,EC50,9.06
4265711,C[C@H](Cc1c[nH]c2c(OCc3ccccc3)cccc12)NC[C@H](O)c4cccc(NS(=O)(=O)c5cccs5)c4,CHEMBL186676,EC50,9.12
4265722,C[C@H](Cc1c[nH]c2c(OS(=O)(=O)c3cccs3)cccc12)NC[C@H](O)c4cccc(NS(=O)(=O)c5cccs5)c4,CHEMBL186271,EC50,9.19
4265733,O[C@@H]([C@H]1CC[C@@H](Cc2ccc(NC(=O)[C@@H]3CCC4=CC=CC(=O)N34)cc2)N1)c5ccccc5,CHEMBL3763934,EC50,9.21
4265744,CCCCS(=O)(=O)Oc1cccc2c(C[C@@H](C)NC[C@H](O)c3cccc(NS(=O)(=O)c4cccs4)c3)c[nH]c12,CHEMBL187317,EC50,9.23
4265755,C[C@H](Cc1c[nH]c2c(OS(=O)(=O)C)cccc12)NC[C@H](O)c3ccc(cc3)S(=O)(=O)Nc4ccccc4,CHEMBL2260986,EC50,9.27
4265766,C[C@H](Cc1c[nH]c2c(OS(=O)(=O)C(C)C)cccc12)NC[C@H](O)c3cccc(NS(=O)(=O)c4cccs4)c3,CHEMBL185660,EC50,9.29
1721457,CCOC(=O)[C@H]1[C@@H]2CN(C[C@H]12)C(=O)c3ccc(C[C@@H]4CC[C@@H](N4)[C@H](O)c5ccccc5)cc3,CHEMBL3747546,EC50,9.31
4265779,C[C@H](Cc1c[nH]c2c(OS(=O)(=O)C)cccc12)NC[C@H](O)c3cccc(NS(=O)(=O)c4cccc(N)c4)c3,CHEMBL2260985,EC50,9.33
4265790,CCCCCCNC(=O)Nc1ccc(cc1)S(=O)(=O)Nc2ccc(CCNC[C@H](O)COc3ccc(O)cc3)cc2,CHEMBL12998,EC50,9.37
4265801,COc1cccc2c(CC(C)NC[C@H](O)c3cccc(Cl)c3)c[nH]c12,CHEMBL416012,EC50,9.44
4265812,CCCCCCCCS(=O)(=O)Oc1cccc2c(C[C@@H](C)NC[C@H](O)c3cccc(NS(=O)(=O)c4cccs4)c3)c[nH]c12,CHEMBL186135,EC50,9.55
4265823,C[C@H](Cc1c[nH]c2c(OS(=O)(=O)c3cccnc3)cccc12)NC[C@H](O)c4cccc(NS(=O)(=O)c5cccs5)c4,CHEMBL189081,EC50,9.59
4265834,CC(C)Oc1cc(ccc1C(=O)NS(=O)(=O)C)c2ccc(CCN[C@@H](C)[C@H](O)c3ccc(O)cc3)cc2,CHEMBL551272,EC50,9.8
4265845,CC(Cc1c[nH]c2c(OCC(=O)O)cccc12)NC[C@H](O)c3cccc(Cl)c3,CHEMBL282190,EC50,10.21
4265856,O[C@@H](CNCCc1cc2cccc(OCC(=O)O)c2[nH]1)c3cccc(Cl)c3,CHEMBL303537,EC50,10.22
