id,smiles,name,assay_type,activity_value
8912458,CCOC1=NC2=C(N1CC1=CC=C(C=C1)C1=C(C=CC=C1)C1=NN=NN1)C(=CC=C2)C(=O)OC(C)OC(=O)OC1CCCCC1,candesartan cilexetil,IC50,9.59999991
8912469,CCCCC1=NC(C)=C(CC(=S)N(C)C)C(=O)N1CC1=CC=C(C=C1)C1=CC=CC=C1C1=NN=NN1,fimasartan,IC50,9.37675095
8912479,CC1=NC(C)=C2CCC(=O)N(CC3=CC=C(C=C3)C3=C(C=CC=C3)C3=NN=NN3)C2=N1,tasosartan,IC50,7.49
8912489,CCCC1=NC(=C(N1CC1=CC=C(C=C1)C1=C(C=CC=C1)C1=NN=NN1)C(=O)OCC1=C(C)OC(=O)O1)C(C)(C)O,olmesartan medoxomil,IC50,8.10000038
2150933,CCCCC1=NC(Cl)=C(CO)N1CC1=CC=C(C=C1)C1=C(C=CC=C1)C1=NN=NN1,losartan,IC50,9.48
8912501,CCCCC1=NC=C(\C=C(/CC2=CC=CS2)C(O)=O)N1CC1=CC=C(C=C1)C(O)=O,eprosartan,IC50,8.7
8912511,CCOC1=NC2=CC=CC(C(=O)OCC3=C(C)OC(=O)O3)=C2N1CC1=CC=C(C=C1)C1=C(C=CC=C1)C1=NOC(=O)N1,azilsartan medoxomil,IC50,8.35000038
8912521,CCCCC1=NC2(CCCC2)C(=O)N1CC1=CC=C(C=C1)C1=CC=CC=C1C1=NN=NN1,irbesartan,Ki,9.1
8912531,CCCCC(=O)N(CC1=CC=C(C=C1)C1=C(C=CC=C1)C1=NN=NN1)[C@@H](C(C)C)C(O)=O,valsartan,Ki,5.33
2150943,CCCC1=NC2=C(C=C(C=C2C)C2=NC3=C(C=CC=C3)N2C)N1CC1=CC=C(C=C1)C1=C(C=CC=C1)C(O)=O,telmisartan,IC50,9.31
2150953,CNCC(=O)N[C@@H](CCCNC(N)=N)C(=O)N[C@@H](C(C)C)C(=O)N[C@@H](CC1=CC=C(O)C=C1)C(=O)N[C@@H](C(C)C)C(=O)N[C@@H](CC1=CNC=N1)C(=O)N1CCC[C@H]1C(=O)N[C@@H](C)C(O)=O,saralasin,Ki,9.77
8912650,CC1=NC(C(=O)N1Cc2ccc(cc2)c3ccccc3c4nn[nH]n4)(c5ccccc5)c6ccccc6,CHEMBL39978,IC50,7.0
8912660,CCCc1nc(CN(CC(=O)O)C(=O)C(c2ccccc2)c3ccccc3)c(C(=O)O)n1Cc4ccc(cc4)c5ccccc5c6nn[nH]n6,CHEMBL308943,IC50,7.0
8912670,CCCc1nc2c(C)cc(cc2n1Cc3ccc(cc3)c4ccccc4c5nnn[nH]5)C(=O)NCc6ccc(OC)c(OC)c6,CHEMBL2058858,IC50,7.01
8912681,CCCc1nn2ccc(cc2c1Cc3ccc(cc3)c4ccccc4c5nn[nH]n5)C(=O)NC(CC)c6ccccc6,CHEMBL3115245,IC50,7.01
8912692,CCCc1nc2c(C)cc(cc2n1Cc3ccc(cc3)c4ccccc4S(=O)(=O)Nc5onc(C)c5C)C(=O)NCCN6CCCC6,CHEMBL3736507,IC50,7.02
8912702,CCc1nc2c(C)cc(C)nc2n1C3CCc4cc(ccc34)c5ccccc5c6nn[nH]n6,CHEMBL178380,IC50,7.02
8912713,CCCc1nc2c(C)cc(cc2n1Cc3ccc(cc3)c4ccccc4C(=O)Nc5nnn[nH]5)C(=O)NCCc6ccc(OC)c(OC)c6,CHEMBL3754394,IC50,7.03
8912723,CCCc1nc2c(C)cc(cc2n1Cc3ccc(cc3)c4ccccc4C(=O)O)C(=O)NC[C@H](O)c5ccccc5,CHEMBL3734819,IC50,7.03
8912734,CCCc1nc2c(C)cc(cc2n1Cc3ccc(cc3)c4ccccc4S(=O)(=O)Nc5onc(C)c5C)C(=O)NCCN6CCCCC6,CHEMBL3735302,IC50,7.03
8912744,CCc1nc2C=CN(Cc3ccccc3C(F)(F)F)C(=O)c2n1[C@H]4CCc5cc(ccc45)c6ccccc6c7nnn[nH]7,CHEMBL2322446,IC50,7.03
8912755,CCCc1nc2c(C)cc(cc2n1Cc3ccc(cc3)c4ccccc4C(=O)O)C(=O)N[C@H](C)c5ccccc5,CHEMBL3736257,IC50,7.04
8912766,CCCc1nc2c(C)cc(cc2n1Cc3ccc(cc3)c4ccccc4S(=O)(=O)Nc5onc(C)c5C)C(=O)NCCc6ccc(OC)c(OC)c6,CHEMBL3734955,IC50,7.04
8912776,CCCc1nc2c(C)cc(cc2n1Cc3ccc(cc3)c4ccccc4C(=O)Nc5nnn[nH]5)C(=O)NCCc6ccccc6F,CHEMBL3753277,IC50,7.05
5671931,CCCCc1nc(Cl)c(CO)n1Cc2ccc(cc2)c3ccccc3c4nnn[nH]4,CHEMBL191,IC50,7.06
8912788,CCCSc1nc2c(C)cc(cc2n1Cc3ccc(cc3)c4ccccc4C(=O)O)C(=O)NC[C@@H](C)c5ccccc5,CHEMBL3734763,IC50,7.06
8912799,CCCc1nc2c(C)cc(cc2n1Cc3ccc(cc3)c4ccccc4C(=O)Nc5nnn[nH]5)C(=O)NCCc6ccc(OC)cc6,CHEMBL3752145,IC50,7.06
2151424,CCC1=Nc2ccc(NC(=O)c3ccccn3)cc2C(=O)N1Cc4ccc(cc4F)c5ccccc5S(=O)(=O)NC(=O)OCCC(C)C,CHEMBL74144,IC50,7.07
8912810,CCCc1nn2ccc(cc2c1Cc3ccc(cc3)c4ccccc4C(=O)O)c5nc6ccccc6n5CCC,CHEMBL3115242,IC50,7.07
1893283,CCCc1nc2c(C)cc(cc2n1Cc3ccc(cc3)c4ccccc4C(=O)Nc5nnn[nH]5)C(=O)NCc6ccccc6,CHEMBL3753406,IC50,7.09
8912822,CCCc1nc2c(C)cc(cc2n1Cc3ccc(cc3)c4ccccc4S(=O)(=O)Nc5onc(C)c5C)C(=O)NCc6ccc(OC)cc6,CHEMBL3734835,IC50,7.09
8912832,CCc1nc2C=CN(Cc3cccc(c3)C(F)(F)F)C(=O)c2n1[C@H]4CCc5cc(ccc45)c6ccccc6c7nnn[nH]7,CHEMBL2322450,IC50,7.09
8912843,CCCCN1N(Cc2ccc(cc2)c3ccccc3c4nn[nH]n4)C(=O)CC5(CCCC5)C1=O,CHEMBL146275,Ki,7.1
8912854,CCCc1nc2c(C)cc(cc2n1Cc3ccc(cc3)c4ccccc4c5nnn[nH]5)C(=O)NCCc6cc(OC)ccc6OC,CHEMBL2058863,IC50,7.11
8912865,CCCc1nc2c(C)cc(cc2n1Cc3ccc(cc3)c4ccccc4c5nnn[nH]5)C(=O)NCc6cccc(OC)c6,CHEMBL2058856,IC50,7.11
8912876,CCCc1nc2c(C)cc(cc2n1Cc3ccc(cc3)c4ccccc4S(=O)(=O)Nc5onc(C)c5C)C(=O)NCCc6ccc(OC)cc6,CHEMBL3736414,IC50,7.12
8912886,CCCc1nc2c(C)cc(cc2n1Cc3ccc(cc3)c4ccccc4C(=O)Nc5nnn[nH]5)C(=O)Nc6ccccc6,CHEMBL3752444,IC50,7.13
8912896,CCCc1nc2c(C)cc(cc2n1Cc3ccc(cc3)c4ccccc4C(=O)Nc5nnn[nH]5)C(=O)NCc6ccccc6OC,CHEMBL3752117,IC50,7.14
8912906,CCCCc1ncc(\C=C\2/N(Cc3csc(C)n3)C(=O)N(CCCC(F)(F)F)C2=O)n1Cc4ccc(cc4)C(=O)OC,CHEMBL338431,IC50,7.16
8912916,CCCc1nc2c(C)cc(cc2n1Cc3ccc(cc3)c4ccccc4C(=O)Nc5nnn[nH]5)C(=O)NCCN6CCCC6,CHEMBL3753888,IC50,7.16
8912926,CCCc1nc2c(C)cc(cc2n1Cc3ccc(cc3)c4ccccc4C(=O)O)C(=O)N[C@@H](COC)c5ccccc5,CHEMBL3735098,IC50,7.16
8912937,CCCc1nc2c(C)cc(cc2n1Cc3ccc(cc3)c4ccccc4C(=O)Nc5nnn[nH]5)C(=O)NCCN6CCCCC6,CHEMBL3754267,IC50,7.17
8912947,CCc1nc2C=CN(Cc3cccc(F)c3)C(=O)c2n1[C@H]4CCc5cc(ccc45)c6ccccc6c7nnn[nH]7,CHEMBL2322448,IC50,7.17
2151794,CCC1=Nc2ccc(NC(=O)N(C)C(C)C)cc2C(=O)N1Cc3ccc(cc3F)c4ccccc4S(=O)(=O)NC(=O)COCC(C)C,CHEMBL311386,IC50,7.19
8912959,CCc1nc2C=CN(Cc3c(C)onc3C)C(=O)c2n1[C@H]4CCc5cc(ccc45)c6ccccc6c7nnn[nH]7,CHEMBL2322174,IC50,7.2
8912970,CCc1nc2C=CN(Cc3ccccn3)C(=O)c2n1[C@H]4CCc5cc(ccc45)c6ccccc6c7nnn[nH]7,CHEMBL2322451,IC50,7.2
8912981,CCCSc1nc2c(C)cc(cc2n1Cc3ccc(cc3)c4ccccc4C(=O)O)C(=O)NC[C@H](C)c5ccccc5,CHEMBL3735804,IC50,7.21
8912992,CCCCC(=O)N(Cc1ccc(cc1)c2ccccc2c3nn[nH]n3)[C@@H](C(C)C)C(=O)OC,CHEMBL326349,IC50,7.22
8913002,CCCCC(=O)N(Cc1ccc(cc1)c2ccccc2c3nn[nH]n3)[C@@H](CC4CCCCC4)C(=O)O,CHEMBL117941,IC50,7.22
8913012,CCCCn1c(nc2ccccc12)c3ccc4nn(CCC)c(Cc5ccc(cc5)c6ccccc6C(=O)O)c4c3,CHEMBL3115246,IC50,7.22
2151202,CCNC(=O)Nc1ccc2N=C(CC)N(Cc3ccc(cc3F)c4ccccc4S(=O)(=O)NC(=O)c5ccccc5F)C(=O)c2c1,CHEMBL311484,IC50,7.23
8913024,CCCc1nc2c(C)cc(cc2n1Cc3ccc(cc3)c4ccccc4C(=O)O)C(=O)NCCc5ccc(OC)c(OC)c5,CHEMBL1945009,IC50,7.24
8913035,CCCc1nc2c(C)cc(cc2n1Cc3ccc(cc3)c4ccccc4C(=O)O)C(=O)N[C@H](COC)c5ccccc5,CHEMBL3736319,IC50,7.24
8913046,CCOc1nc2c(C)cc(cc2n1Cc3ccc(cc3)c4ccccc4C(=O)O)C(=O)NC[C@@H](C)c5ccccc5,CHEMBL3736451,IC50,7.24
8913057,CCCc1nc2c(C)cc(cc2n1Cc3ccc(cc3)c4ccccc4S(=O)(=O)Nc5onc(C)c5C)C(=O)NCc6ccc(OC)c(OC)c6,CHEMBL3735151,IC50,7.25
8913067,CCCCN1C(=O)N(Cc2c[nH]cn2)\C(=C/c3cnc(CCCC)n3Cc4ccc(cc4)C(=O)OC)\C1=O,CHEMBL419058,IC50,7.26
8913077,CCCc1nc2c(C)cc(cc2n1Cc3ccc(cc3)c4ccccc4C(=O)Nc5nnn[nH]5)C(=O)NCCN6CCN(C)CC6,CHEMBL3751986,IC50,7.27
8913087,CCCc1nc2c(C)cc(cc2n1Cc3ccc(cc3)c4ccccc4C(=O)Nc5nnn[nH]5)C(=O)NCc6cccc(OC)c6,CHEMBL3753134,IC50,7.27
8913097,CCCc1nc2c(C)cc(cc2n1Cc3ccc(cc3)c4ccccc4C(=O)O)C(=O)NCc5ccccc5,CHEMBL1947128,IC50,7.28
8913108,CCCc1nc2c(C)cc(cc2n1Cc3ccc(cc3)c4ccccc4S(=O)(=O)Nc5onc(C)c5C)C(=O)NCc6cccc(OC)c6,CHEMBL3736262,IC50,7.3
8913118,CCCCc1ncc(CN[C@@H](Cc2c[nH]c3ccccc23)C(=O)O)n1Cc4ccc(cc4)C(=O)O,CHEMBL310752,IC50,7.32
8913128,CCCCc1ncc(\C=C\2/N(Cc3csc(C)n3)C(=O)N(CCCO)C2=O)n1Cc4ccc(cc4)C(=O)OC,CHEMBL340882,IC50,7.32
8913138,CCCCc1ncc(\C=C\2/N(Cc3csc(C)n3)C(=O)N(COC)C2=O)n1Cc4ccc(cc4)C(=O)OC,CHEMBL125835,IC50,7.32
8913148,CCCc1nc2c(C)cc(cc2n1Cc3ccc(cc3)c4ccccc4S(=O)(=O)Nc5onc(C)c5C)C(=O)NCCN6CCN(C)CC6,CHEMBL3735236,IC50,7.33
8913158,CCc1nc2C=CN(Cc3cccnc3)C(=O)c2n1[C@H]4CCc5cc(ccc45)c6ccccc6c7nnn[nH]7,CHEMBL2322172,IC50,7.35
8913169,CCCc1nc2c(C)cc(cc2n1Cc3ccc(cc3)c4ccccc4C(=O)Nc5nnn[nH]5)C(=O)NCCN6CCOCC6,CHEMBL3752947,IC50,7.36
8913179,Cc1nc2N(Cc3ccc(cc3)c4ccccc4c5nn[nH]n5)C(=O)CCc2c(n1)C(=O)O,CHEMBL291944,IC50,7.36
8913191,OCc1nc(CO)c2C=CC(=O)N(Cc3ccc(cc3)c4ccccc4c5nn[nH]n5)c2n1,CHEMBL307191,IC50,7.36
8913202,OCc1nc2N(Cc3ccc(cc3)c4ccccc4c5nn[nH]n5)C(=O)CCc2c(n1)C(=O)O,CHEMBL74347,IC50,7.36
8913213,[Br-].CCCCc1c(Br)[n+](Cc2ccc(cc2)c3ccccc3c4nn[nH]n4)c(CO)n1Cc5ccc(cc5)c6ccccc6c7nn[nH]n7,CHEMBL2337681,IC50,7.37
8913224,CCCCN1C(=O)N(Cc2nn[nH]n2)\C(=C/c3cnc(CCCC)n3Cc4ccc(cc4)C(=O)OC)\C1=O,CHEMBL334326,IC50,7.38
8913234,CCCCN1N(Cc2ccc(cc2)c3ccccc3S(=O)(=O)NC(=O)c4ccccc4)C(=O)C(C)(C)C1=O,CHEMBL88924,Ki,7.38
8913245,CCCc1nc2c(C)cc(cc2n1Cc3ccc(cc3)c4ccccc4S(=O)(=O)Nc5onc(C)c5C)C(=O)NCCc6cccc(OC)c6,CHEMBL3736248,IC50,7.38
8913255,CCCc1nc2c(C)cc(cc2n1Cc3ccc(cc3)c4ccccc4C(=O)O)C(=O)NC[C@@H](C)c5ccccc5,CHEMBL3735652,IC50,7.39
8913266,CCc1nc2C=CN(CC3CCCCC3)C(=O)c2n1[C@H]4CCc5cc(ccc45)c6ccccc6c7nnn[nH]7,CHEMBL2322442,IC50,7.39
8913277,CCCCCCN1C(=O)N(CCCC)C(=O)/C/1=C/c2cnc(CCCC)n2Cc3ccc(cc3)C(=O)OC,CHEMBL341456,IC50,7.4
8913287,CCCN1N(Cc2ccc(cc2)c3ccccc3S(=O)(=O)NC(=O)c4ccccc4)C(=O)C5(CCCC5)C1=O,CHEMBL92225,Ki,7.4
8913298,CCCc1nc(CC)c(C(=O)OCC#CC(=O)N(c2ccccc2)c3ccccc3)n1Cc4ccc(cc4)c5ccccc5c6nn[nH]n6,CHEMBL73369,IC50,7.4
2151243,CCCc1nc2c(C)cc(cc2n1Cc3ccc(cc3)c4ccccc4C(=O)O)C(=O)Nc5ccc(C)cc5,CHEMBL2435834,IC50,7.41
8913310,CCCc1nc2c(C)cc(cc2n1Cc3ccc(cc3)c4ccccc4c5nnn[nH]5)C(=O)N[C@@H](COC)c6ccccc6,CHEMBL3735769,IC50,7.41
8913321,CCc1nc2C=CN(Cc3ccccc3F)C(=O)c2n1[C@H]4CCc5cc(ccc45)c6ccccc6c7nnn[nH]7,CHEMBL2322443,IC50,7.42
8913335,CCCc1nc2c(C)cc(cc2n1Cc3ccc(cc3)c4ccccc4C(=O)Nc5nnn[nH]5)C(=O)NCCc6cccc(OC)c6,CHEMBL3752530,IC50,7.43
8913345,CCCc1nc2c(C)cc(cc2n1Cc3ccc(cc3)c4ccccc4S(=O)(=O)Nc5onc(C)c5C)C(=O)NCCc6cc(OC)ccc6OC,CHEMBL3734870,IC50,7.43
8913355,CCCc1nc2c(C)cc(cc2n1Cc3ccc(cc3)c4ccccc4c5nnn[nH]5)C(=O)NCCc6ccccc6F,CHEMBL2058865,IC50,7.43
8913366,CCc1nc2C=CN(Cc3cccc(C)c3)C(=O)c2n1[C@H]4CCc5cc(ccc45)c6ccccc6c7nnn[nH]7,CHEMBL2322449,IC50,7.43
8913377,CCCCc1ncc(\C=C\2/N(Cc3csc(C)n3)C(=O)N(CO)C2=O)n1Cc4ccc(cc4)C(=O)OC,CHEMBL121990,IC50,7.45
8913387,CCCCN1C(=O)N(Cc2ccc(C)cc2)\C(=C/c3cnc(CCCC)n3Cc4ccc(cc4)C(=O)OC)\C1=O,CHEMBL331081,IC50,7.46
2151500,CCCCOC(=O)NS(=O)(=O)c1ccccc1c2ccc(CN3C(=Nc4ccc(NC(=O)N5CCOCC5)cc4C3=O)CC)c(F)c2,CHEMBL307290,IC50,7.48
8913398,CCCc1nc2c(C)cc(cc2n1Cc3ccc(cc3)c4ccccc4C(=O)Nc5nnn[nH]5)C(=O)NCc6ccc(OC)c(OC)c6,CHEMBL3751994,IC50,7.48
8913408,CCCCN1N(Cc2ccc(cc2)c3ccccc3S(=O)(=O)NC(=O)NC4CCCCC4)C(=O)C5(CCCC5)C1=O,CHEMBL315873,Ki,7.5
8913419,CCCCN1N(Cc2ccc(cc2)c3ccccc3S(=O)(=O)NC(=O)c4ccccc4)C(=O)C(C)(CCCC)C1=O,CHEMBL313392,Ki,7.5
8913430,CCCCN1C(=O)N(CCc2ccccc2)\C(=C/c3cnc(CCCC)n3Cc4ccc(cc4)C(=O)OC)\C1=O,CHEMBL333058,IC50,7.51
8913440,CCCCc1ncc(\C=C(/Cc2cccs2)\C(=O)O)n1Cc3ccc(C(=O)O)c4ccccc34,CHEMBL97533,IC50,7.51
8913450,CCCc1nc2c(C)cc(cc2n1Cc3ccc(cc3)c4ccccc4C(=O)Nc5nnn[nH]5)C(=O)NCCc6cc(OC)ccc6OC,CHEMBL3752160,IC50,7.51
8913460,CCCc1nc2c(C)cc(cc2n1Cc3ccc(cc3)c4ccccc4C(=O)O)C(=O)NCCc5cccc(OC)c5,CHEMBL1945007,IC50,7.51
8913471,CCCc1nc2c(C)cc(cc2n1Cc3ccc(cc3)c4ccccc4C(=O)O)C(=O)NCc5ccc(OC)c(OC)c5,CHEMBL1945006,IC50,7.51
8913482,CCCc1nc2c(C)cc(cc2n1Cc3ccc(cc3)c4ccccc4S(=O)(=O)Nc5onc(C)c5C)C(=O)NCCN6CCOCC6,CHEMBL3736037,IC50,7.51
8913492,CCCCC(=O)N(Cc1ccc(cc1)c2ccccc2c3nn[nH]n3)C(Cc4ccc(F)cc4)C(=O)O,CHEMBL115783,IC50,7.52
8913502,CCCCN(CCCC)C(=O)CCCOC(=O)c1c(CC)nc(CCC)n1Cc2ccc(cc2)c3ccccc3c4nn[nH]n4,CHEMBL306186,IC50,7.52
8913512,CCCCc1cnc(CO)n1Cc2ccc(cc2)c3ccccc3c4nn[nH]n4,CHEMBL2063979,IC50,7.52
8913523,CCCc1nc(CC)c(C(=O)OCc2cccc(c2)C(=O)N(c3ccccc3)c4ccccc4)n1Cc5ccc(cc5)c6ccccc6c7nn[nH]n7,CHEMBL305369,IC50,7.52
1892758,CCCc1nc2CCCCC(=O)c2n1Cc3ccc(c(CO)c3)c4ccccc4S(=O)(=O)Nc5onc(C)c5C,CHEMBL11528,IC50,7.52
8913534,CCCCN1C(=O)N(CCCC)\C(=C/c2cnc(CCCC)n2Cc3ccc(cc3)S(=O)(=O)NC(F)(F)F)\C1=O,CHEMBL2259777,IC50,7.53
3243747,CCc1nc2C=CN(Cc3ccccc3OC(F)(F)F)C(=O)c2n1[C@H]4CCc5cc(ccc45)c6ccccc6c7nnn[nH]7,CHEMBL2322447,IC50,7.53
8913546,CCCCc1nc2ccc(NC(=O)NC3CCCCC3)cc2n1Cc4ccc(cc4)c5ccccc5C(=O)O,CHEMBL130896,Ki,7.54
8913557,CCCc1nc2ccccc2n1C(F)(F)C(O)c3ccc(cc3)c4ccccc4c5nnn[nH]5,CHEMBL1668003,Ki,7.54
2151804,CCC1=NN(C(=O)N1Cc2ccc(cc2F)c3ccccc3S(=O)(=O)NC(=O)OC(C)(C)C)c4cc(NC(=O)c5ccccc5)ccc4Cl,CHEMBL331632,IC50,7.55
1893293,CCCc1nc2c(C)cc(cc2n1Cc3ccc(cc3)c4ccccc4S(=O)(=O)Nc5onc(C)c5C)C(=O)NCc6ccccc6,CHEMBL3735931,IC50,7.55
8913570,CC[C@H](C)[C@H](NC(=O)[C@H](Cc1ccc(O)cc1)NC(=O)[C@@H](NC(=O)[C@H](CCCN\C(=N\C(=O)NCCCCNC(=O)CCCCC[n+]2cc(ccc2\C=C\C3=Cc4ccc(cc4OC3=O)N(CC)CC)S(=O)(=O)[O-])\N)NC(=O)[C@@H](N)CC(=O)O)C(C)C)C(=O)N[C@@H](Cc5cnc[nH]5)C(=O)N6CCC[C@H]6C(=O)N[C@@H](Cc7ccccc7)C(=O)O.OC(=O)C(F)(F)F.OC(=O)C(F)(F)F.OC(=O)C(F)(F)F,CHEMBL3785563,IC50,7.55
2151732,CC(C)CCOC(=O)NS(=O)(=O)c1ccccc1c2ccc(CN3C(=Nc4ccc(NC(=O)N(C)C(C)C)cc4C3=O)C)c(F)c2,CHEMBL75401,IC50,7.58
8914195,CCCc1nc2c(C)cc(cc2n1Cc3ccc(cc3)c4ccccc4C(=O)Nc5nnn[nH]5)C(=O)NCCc6ccccc6OC,CHEMBL3753458,IC50,7.58
8914205,CCCCCN1N(Cc2ccc(cc2)c3ccccc3S(=O)(=O)NC(=O)c4ccccc4)C(=O)C5(CCCC5)C1=O,CHEMBL90483,Ki,7.6
8914216,CCCCN1C(=O)N(CCc2csc(Br)c2)\C(=C/c3cnc(CCCC)n3Cc4ccc(cc4)C(=O)OC)\C1=O,CHEMBL2263542,IC50,7.6
8914226,CCCCN1CC2(CN1Cc3ccc(cc3)c4ccccc4c5nnn[nH]5)C(=O)CCC2=O,CHEMBL1667999,Ki,7.6
8914237,CCCCN1N(Cc2ccc(cc2)c3ccccc3c4nn[nH]n4)C(=O)C5(CCCC5)C1=O,CHEMBL315444,Ki,7.6
8914248,CCc1nc2C=CN(CC(=O)N(C)C)C(=O)c2n1[C@H]3CCc4cc(ccc34)c5ccccc5c6nnn[nH]6,CHEMBL2322438,IC50,7.61
2152918,CCC1=NN(C(=O)N1Cc2ccc(cc2F)c3ccccc3S(=O)(=O)NC(=O)OC(C)(C)C)c4cc(NC(=O)c5ccccc5)ccc4Br,CHEMBL273542,IC50,7.62
8914261,CCCCC(=O)N(Cc1ccc(cc1)c2ccccc2c3nn[nH]n3)[C@@H](C)C(=O)O,CHEMBL112523,IC50,7.62
8914271,CCCCN1C(=O)N(Cc2sccc2C)\C(=C/c3cnc(CCCC)n3Cc4ccc(cc4)C(=O)OC)\C1=O,CHEMBL338123,IC50,7.62
8914281,CCCCc1cnc(C=O)n1Cc2ccc(cc2)c3ccccc3c4nn[nH]n4,CHEMBL2063983,IC50,7.62
8914292,CCCCc1nc(Cl)c(C(=O)N)n1Cc2ccc(cc2)c3ccccc3S(=O)(=O)Nc4onc(C)c4C,CHEMBL417429,IC50,7.62
8914302,CCCc1nc(C)n2nc(O)nc2c1Cc3ccc(cc3)c4ccccc4c5nn[nH]n5,CHEMBL312104,Ki,7.62
8914314,CCCc1nc2c(C)cc(cc2n1Cc3ccc(cc3)c4ccccc4C(=O)O)C(=O)NCCc5ccccc5,CHEMBL2435818,IC50,7.64
8914325,CCCc1nc2c(C)cc(cc2n1Cc3ccc(cc3)c4ccccc4C(=O)O)C(=O)NC[C@H](C)c5ccccc5,CHEMBL3735588,IC50,7.64
3237641,CCCc1nn2ccc(cc2c1Cc3ccc(cc3)c4ccccc4c5nn[nH]n5)c6nc7ccccc7n6CCC,CHEMBL3115243,IC50,7.64
8914339,Cc1nc(nc2N(Cc3ccc(cc3)c4ccccc4c5nn[nH]n5)C(=O)CCc12)C(=O)O,CHEMBL72053,IC50,7.64
8914350,CCCc1nc2c(C)cc(cc2n1Cc3ccc(cc3)c4ccccc4c5nnn[nH]5)C(=O)NCCc6ccc(OC)cc6,CHEMBL2058862,IC50,7.65
8914361,CCCCN1C(=O)N(Cc2cc(Br)cs2)\C(=C/c3cnc(CCCC)n3Cc4ccc(cc4)C(=O)OC)\C1=O,CHEMBL125697,IC50,7.66
8914371,CCCCc1nc2cnnc(O)c2n1Cc3ccc(cc3)c4ccccc4C(=O)O,CHEMBL7396,IC50,7.66
8914382,[Na+].[Na+].CCCCN(C(=O)c1ccc(OP(=O)([O-])[O-])cc1)c2ccc3N=CN(Cc4ccc(cc4)c5ccccc5c6nnnn6C)C(=O)c3c2,CHEMBL281890,IC50,7.67
1891424,CCCc1nc(Cl)c(C(=O)N)n1Cc2ccc(cc2)c3ccccc3S(=O)(=O)Nc4onc(C)c4C,CHEMBL12333,IC50,7.68
8914395,CCCC1=NC(C(=O)N1Cc2ccc(cc2)c3ccccc3c4nn[nH]n4)(C(F)(F)F)C(F)(F)F,CHEMBL37768,IC50,7.7
8914405,CCCCCN(C(=O)NC)c1ccc2nc(CCCC)n(Cc3ccc(NC(=O)c4c(Cl)ccc(Cl)c4C(=O)O)cc3)c2c1,CHEMBL348126,Ki,7.7
8914416,CCCc1nc(CC)c(C(=O)OCc2ccc(cc2)C(=O)N(c3ccccc3)c4ccccc4)n1Cc5ccc(cc5)c6ccccc6c7nn[nH]n7,CHEMBL309081,IC50,7.7
8914426,CCCc1nc(CN(Cc2ccccc2)C(=O)Cc3ccccc3)c(C(=O)O)n1Cc4ccc(cc4)c5ccccc5c6nn[nH]n6,CHEMBL74113,IC50,7.7
8914436,CCCc1nc(CN(Cc2ccccc2)C(=O)OCC(C)C)c(C(=O)O)n1Cc3ccc(cc3)c4ccccc4c5nn[nH]n5,CHEMBL273992,IC50,7.7
2151349,CCCc1nc2c(C)cc(cc2n1Cc3ccc(cc3)c4ccccc4C(=O)O)C(=O)N5CCCCC5,CHEMBL2435833,IC50,7.7
8914448,CCc1nc(CN2CCN(CC2)c3ccccn3)c(C(=O)O)n1Cc4ccc(cc4)c5ccccc5c6nn[nH]n6,CHEMBL70389,IC50,7.7
8914458,CCc1nc2C=CN(CC(=O)OCc3ccccc3)C(=O)c2n1[C@H]4CCc5cc(ccc45)c6ccccc6c7nnn[nH]7,CHEMBL2322439,IC50,7.7
8914469,CCCc1nc2c(C)cc(cc2n1Cc3ccc(cc3)c4ccccc4C(=O)O)C(=O)N[C@@H](C)c5ccccc5,CHEMBL3736295,IC50,7.71
8914480,CCCc1nc2c(C)cc(cc2n1Cc3ccc(cc3)c4ccccc4c5nnn[nH]5)C(=O)NCc6ccccc6OC,CHEMBL2058855,IC50,7.71
8914491,CCc1nc2C=CN(CC(C)C)C(=O)c2n1[C@H]3CCc4cc(ccc34)c5ccccc5c6nnn[nH]6,CHEMBL2322441,IC50,7.71
8914502,CCCCN1C(=O)N(Cc2cccc(C)c2)\C(=C/c3cnc(CCCC)n3Cc4ccc(cc4)C(=O)OC)\C1=O,CHEMBL122490,IC50,7.73
2151192,CCC1=Nc2ccc(NC(=O)N3CCOCC3)cc2C(=O)N1Cc4ccc(cc4F)c5ccccc5S(=O)(=O)NC(=O)OCCC(C)C,CHEMBL17487,IC50,7.75
8914513,CCCCN1C(=O)N(Cc2ccc(Br)s2)\C(=C/c3cnc(CCCC)n3Cc4ccc(cc4)C(=O)OC)\C1=O,CHEMBL331121,IC50,7.75
8914523,CCCCN1C(=O)N(Cc2ccc(Cl)cc2)\C(=C/c3cnc(CCCC)n3Cc4ccc(cc4)C(=O)OC)\C1=O,CHEMBL123670,IC50,7.75
8914533,CCCCN1C(=O)N(Cc2ccc(cc2)[N+](=O)[O-])\C(=C/c3cnc(CCCC)n3Cc4ccc(cc4)C(=O)OC)\C1=O,CHEMBL331219,IC50,7.77
2153001,CCCCNC(=O)c1ccc(Br)c(c1)N2N=C(CC)N(Cc3ccc(cc3F)c4ccccc4S(=O)(=O)NC(=O)OC(C)(C)C)C2=O,CHEMBL339806,IC50,7.77
8914545,CCCCc1nc2C(=O)NNC(=O)c2n1Cc3ccc(cc3)c4ccccc4c5nn[nH]n5,CHEMBL267056,IC50,7.77
8914556,CCc1cc(C)c2nc(C(C)C)n([C@H]3CCc4cc(ccc34)c5ccccc5c6nnn[nH]6)c2n1,CHEMBL1801739,IC50,7.77
8914567,CCCCc1ncc(\C=C\2/N(Cc3csc(C)n3)C(=O)N(C)C2=O)n1Cc4ccc(cc4)C(=O)OC,CHEMBL123091,IC50,7.78
8914578,CCCc1nc2c(C)cc(cc2n1Cc3ccc(cc3)c4ccccc4c5nnn[nH]5)C(=O)NCC(C)c6ccccc6,CHEMBL2058860,IC50,7.78
2151669,CCCCC1=NN(C(=O)N1Cc2ccc(cc2F)c3cc(CCC)ccc3S(=O)(=O)NC(=O)c4ccccc4Cl)c5cc(NC(=O)C)ccc5Cl,CHEMBL321531,IC50,7.8
8914590,CCCCN1C(=O)NC(=O)/C/1=C/c2cnc(CCCC)n2Cc3ccc(cc3)c4ccccc4C(=O)OC,CHEMBL333126,IC50,7.8
8914600,CCCCc1nc(Cc2ccc(cc2)c3ccccc3c4nn[nH]n4)n(CCCC)n1,CHEMBL12909,IC50,7.8
1892692,CCCc1nc2CCCCC(=O)c2n1Cc3ccc(c(c3)C#N)c4ccccc4S(=O)(=O)Nc5onc(C)c5C,CHEMBL3735155,IC50,7.8
8914612,CCc1c(C)nc2c(nc(CC)n2[C@H]3CCc4cc(ccc34)c5ccccc5c6nnn[nH]6)c1C,CHEMBL1801737,IC50,7.8
2151784,CC(C)CCOC(=O)NS(=O)(=O)c1ccccc1c2ccc(CN3C(=Nc4ccc(NC(=O)NC(C)C)cc4C3=O)C)c(F)c2,CHEMBL194608,IC50,7.82
2153319,CCCCC1=NN(C(=O)N1Cc2ccc(cc2F)c3cc(CCC)ccc3S(=O)(=O)NC(=O)OCC)c4cc(NC(=O)C)ccc4Cl,CHEMBL321313,IC50,7.82
8914625,CCCCCN(Cc1ccc(cc1)c2ccccc2c3nn[nH]n3)C(=O)N4CCN([C@@H](C4)C(=O)O)C(=O)N(c5ccccc5)c6ccccc6,CHEMBL348157,IC50,7.82
2151936,CCC1=Nc2ccc(NC(=O)N(C)C(C)C)cc2C(=O)N1Cc3ccc(cc3F)c4ccccc4S(=O)(=O)NC(=O)OCC=C(C)C,CHEMBL76821,IC50,7.83
8914637,CCCCN1C(=O)N(CCc2cccs2)\C(=C/c3cnc(CCCC)n3Cc4ccc(cc4)C(=O)OC)\C1=O,CHEMBL340605,IC50,7.84
8914647,CCCCN1C(=O)N(CCc2ccsc2)\C(=C/c3cnc(CCCC)n3Cc4ccc(cc4)C(=O)OC)\C1=O,CHEMBL124144,IC50,7.84
2151753,CCCCC1=NN(C(=O)N1Cc2ccc(cc2F)c3cc(CCC)ccc3S(=O)(=O)NC(=O)OC(C)(C)C)c4cc(NC(=O)C)ccc4Cl,CHEMBL323506,IC50,7.85
8914658,CCCCN1C(=O)N(Cc2ccc(cc2)C(=O)OC)\C(=C/c3cnc(CCCC)n3Cc4ccc(cc4)C(=O)OC)\C1=O,CHEMBL121733,IC50,7.85
8914668,CCCCN1N(Cc2ccc(cc2)c3ccccc3c4nn[nH]n4)C(=O)C5(CCCC5)CC1=O,CHEMBL358359,Ki,7.85
8914679,CCc1nc2C=CN(Cc3ccccc3C#N)C(=O)c2n1[C@H]4CCc5cc(ccc45)c6ccccc6c7nnn[nH]7,CHEMBL2322445,IC50,7.87
8914690,CCCc1nc2c(C)cc(C)nc2n1[C@H]3CCc4cc(ccc34)c5ccccc5c6nnn[nH]6,CHEMBL1801714,IC50,7.88
8914701,CCCCN1N(Cc2ccc(cc2)c3ccccc3S(=O)(=O)NC(=O)CCCC)C(=O)C4(CCCC4)C1=O,CHEMBL90872,Ki,7.89
8914712,CCCCNC(=O)c1cc(C)c2nc(CCC)n(Cc3ccc(cc3)c4ccccc4C(=O)O)c2c1,CHEMBL2435831,IC50,7.89
1892029,CCCc1cc(Cn2c(CC)nc3c(C)cc(C)cc23)ccc1OC(C(=O)NS(=O)(=O)c4ccc(cc4)C(C)C)c5ccc6OCOc6c5,CHEMBL3734968,IC50,7.89
1892039,CCCc1cc(Cn2c(CC)nc3c(C)cc(C)nc23)ccc1OC(C(=O)NS(=O)(=O)c4ccc(cc4)C(C)C)c5ccc6CCOc6c5,CHEMBL372814,IC50,7.89
1892050,CCCc1cc(Cn2c(CC)nc3c(C)cc(C)nc23)ccc1OC(C(=O)NS(=O)(=O)c4ccc(cc4)C(C)C)c5ccc6OCOc6c5,CHEMBL278176,IC50,7.89
8914727,[Br-].CC[C@H](C)[C@H](NC(=O)[C@H](Cc1ccc(O)cc1)NC(=O)[C@@H](NC(=O)[C@H](CCCN\C(=N\C(=O)NCCCCNC(=O)CCCCCN2\C(=C/C=C/C=C/C3=[N+](C)c4ccccc4C3(C)C)\C(C)(C)c5ccccc25)\N)NC(=O)[C@@H](N)CC(=O)O)C(C)C)C(=O)N[C@@H](Cc6cnc[nH]6)C(=O)N7CCC[C@H]7C(=O)N[C@@H](Cc8ccccc8)C(=O)O.OC(=O)C(F)(F)F.OC(=O)C(F)(F)F.OC(=O)C(F)(F)F.OC(=O)C(F)(F)F,CHEMBL3786195,Ki,7.89
8914738,CCc1nc2C=CN(Cc3ccccc3)C(=O)c2n1[C@H]4CCc5cc(ccc45)c6ccccc6c7nnn[nH]7,CHEMBL2322437,IC50,7.9
8914749,CCCCN1C(=O)N(Cc2ccccc2)\C(=C/c3cnc(CCCC)n3Cc4ccc(cc4)C(=O)OC)\C1=O,CHEMBL332323,IC50,7.91
8914759,CCCCN1C=C(CCCC)N(Cc2ccc(cc2)c3ccccc3c4nn[nH]n4)C1=O,CHEMBL9714,IC50,7.92
8914770,CCCCc1nc(Cl)c(C=O)n1Cc2ccc3C(=Cc4ccccc4C(=O)c3c2)c5nnn[nH]5,CHEMBL315881,Ki,7.92
2151916,CCNC(=O)Nc1ccc2N=C(CC)N(Cc3ccc(cc3F)c4ccccc4S(=O)(=O)NC(=O)OCCC5CC5)C(=O)c2c1,CHEMBL306361,IC50,7.92
2151774,CN(C)C(=O)Nc1ccc2N=C(C)N(Cc3ccc(cc3F)c4ccccc4S(=O)(=O)NC(=O)OCCC5CC5)C(=O)c2c1,CHEMBL305956,IC50,7.92
8914783,CCCCN1C(=O)N(C=C(C)C)\C(=C/c2cnc(CCCC)n2Cc3ccc(cc3)C(=O)OC)\C1=O,CHEMBL435994,IC50,7.96
8914793,CCCCN1C(=O)N(Cc2ccc(cc2)C#N)\C(=C/c3cnc(CCCC)n3Cc4ccc(cc4)C(=O)OC)\C1=O,CHEMBL339480,IC50,7.96
8914803,CCCCc1ncc(\C=C\2/N(Cc3csc(C)n3)C(=O)N(CC)C2=O)n1Cc4ccc(cc4)C(=O)OC,CHEMBL409136,IC50,7.96
8914813,CCCc1nc2c(C)cc(cc2n1Cc3ccc(cc3)c4ccccc4C(=O)O)C(=O)NCCN5CCOCC5,CHEMBL2435819,IC50,7.96
8914827,CCc1nc2c(C)cc(CC(C)C)nc2n1[C@H]3CCc4cc(ccc34)c5ccccc5C(=O)O,CHEMBL1801744,IC50,7.98
8914838,Cn1nnnc1c2ccccc2c3ccc(CN4C=Nc5ccc(cc5C4=O)N(Cc6ccccn6)C(=O)c7occc7)cc3,CHEMBL280988,IC50,7.98
8914848,CC(C)c1nc2c(C)cc(C)nc2n1[C@H]3CCc4cc(ccc34)c5ccccc5c6nnn[nH]6,CHEMBL1801734,IC50,7.99
2151956,CCC1=Nc2ccc(NC(=O)N(C)C(C)C)cc2C(=O)N1Cc3ccc(cc3F)c4ccccc4S(=O)(=O)NC(=O)OCCC(C)C,CHEMBL74442,IC50,8.0
1895226,CCCCC1=NC2(CCCC2)C(=O)N1Cc3ccc(c(CN4CCC(C)(C)C4=O)c3)c5ccccc5S(=O)(=O)Nc6onc(C)c6C,CHEMBL11706,Ki,8.0
8914862,CCCCN(Cc1ccccc1)C(=O)C#CCOC(=O)c2c(CC)nc(CCC)n2Cc3ccc(cc3)c4ccccc4c5nn[nH]n5,CHEMBL309455,IC50,8.0
8914872,CCCCN(Cc1ccccc1)C(=O)CCCOC(=O)c2c(CC)nc(CCC)n2Cc3ccc(cc3)c4ccccc4c5nn[nH]n5,CHEMBL306473,IC50,8.0
8914882,CCCCN1C(=O)N(Cc2oncc2)\C(=C/c3cnc(CCCC)n3Cc4ccc(cc4)C(=O)OC)\C1=O,CHEMBL125273,IC50,8.0
8914892,CCCCN1C(=O)NC(=O)/C/1=C\c2cnc(CCCC)n2Cc3ccc(cc3)c4ccccc4C(=O)OC,CHEMBL125454,IC50,8.0
8914902,CCCCN1CC2(CN1Cc3ccc(cc3)c4ccccc4S(=O)(=O)NC(=O)c5ccccc5)C(=O)CCC2=O,CHEMBL1668000,Ki,8.0
8914913,CCCCN1N(Cc2ccc(cc2)c3ccccc3S(=O)(=O)NC(=O)c4ccccc4)C(=O)C5(CCCC5)C1=O,CHEMBL91113,Ki,8.0
8914924,CCCc1nc(CN2CCN(CC2)C(=O)C(c3ccccc3)c4ccccc4)c(C(=O)O)n1Cc5ccc(cc5)c6ccccc6c7nn[nH]n7,CHEMBL70638,IC50,8.0
8914934,CCCc1nc(CN2CCN(CC2)C(=O)C3CC3)c(C(=O)O)n1Cc4ccc(cc4)c5ccccc5c6nn[nH]n6,CHEMBL309820,IC50,8.0
8914944,CCCc1nc(CN2CCN(CC2)c3ccccn3)c(C(=O)O)n1Cc4ccc(cc4)c5ccccc5S(=O)(=O)NC(=O)C6CC6,CHEMBL409170,IC50,8.0
8914954,CCCc1nc(CN2CCN(CC2)c3ccccn3)c(CO)n1Cc4ccc(cc4)c5ccccc5c6nn[nH]n6,CHEMBL72409,IC50,8.0
8914964,CCCc1nc(CN2CCN(C[C@H]2Cc3ccccc3)c4ccccc4)c(C(=O)O)n1Cc5ccc(cc5)c6ccccc6c7nn[nH]n7,CHEMBL309365,IC50,8.0
8914974,CCCc1nc(CNC(=O)C(c2ccccc2)c3ccccc3)c(C(=O)O)n1Cc4ccc(cc4)c5ccccc5c6nn[nH]n6,CHEMBL302760,IC50,8.0
8914984,CCCc1nc2c(C)cc(cc2n1Cc3ccc(cc3)c4ccccc4C(=O)O)C(=O)NCCCN5CCOCC5,CHEMBL2435821,IC50,8.0
8914995,CCCCN1C(=O)N(Cc2ccc(OC)cc2)\C(=C/c3cnc(CCCC)n3Cc4ccc(cc4)C(=O)OC)\C1=O,CHEMBL121718,IC50,8.01
8915005,CCCCC(=O)N(Cc1ccc2C(=Cc3ccccc3Oc2c1)c4nnn[nH]4)[C@@H](C(C)C)C(=O)O,CHEMBL328738,Ki,8.02
8915016,CCCCc1ncc(\C=C\2/N(Cc3csc(C)n3)C(=O)N(CSCC)C2=O)n1Cc4ccc(cc4)C(=O)OC,CHEMBL2263543,IC50,8.02
8915026,COC(=O)c1ccc(CN(C(=O)c2ccccc2)c3ccc4N=CN(Cc5ccc(cc5)c6ccccc6c7nnnn7C)C(=O)c4c3)cc1,CHEMBL282778,IC50,8.02
8915036,CCCCn1ncc(C(=O)O)c1Cc2ccc(cc2)c3ccccc3c4nn[nH]n4,CHEMBL443559,IC50,8.04
8915047,CCCC1=NC2(CCCC2)C(=O)N1Cc3ccc(cc3)c4ccccc4S(=O)(=O)NC(=O)c5ccccc5,CHEMBL36324,IC50,8.05
8915057,CCCCc1ncc(\C=C\2/N(Cc3csc(C)n3)C(=O)N(CCC)C2=O)n1Cc4ccc(cc4)C(=O)OC,CHEMBL421629,IC50,8.05
8915067,CCCc1nc(CC)c(C(=O)OCc2ccc(cc2)C(=O)c3ccccc3)n1Cc4ccc(cc4)c5ccccc5c6nn[nH]n6,CHEMBL302485,IC50,8.05
8915077,CCCc1nc(CC)c(C(=O)OCc2cccc(c2)C(=O)c3ccccc3)n1Cc4ccc(cc4)c5ccccc5c6nn[nH]n6,CHEMBL72249,IC50,8.05
8915087,CCCc1nc(CN(Cc2ccccc2)C(=O)OC(C)(C)C)c(C(=O)O)n1Cc3ccc(cc3)c4ccccc4c5nn[nH]n5,CHEMBL306922,IC50,8.05
8915097,CCCCC(=O)N(Cc1ccc2C(=Cc3ccccc3C(=O)c2c1)c4nnn[nH]4)[C@@H](C(C)C)C(=O)O,CHEMBL90834,Ki,8.06
2152467,CCCCNC(=O)c1ccc(c(c1)N2N=C(CC)N(Cc3ccc(cc3F)c4ccccc4S(=O)(=O)NC(=O)OC(C)(C)C)C2=O)C(F)(F)F,CHEMBL124903,IC50,8.06
8915110,CCCCN1C(=O)N(CCCC)\C(=C/c2cnc(CCCC)n2Cc3ccc(cc3)C(=O)OC)\C1=O,CHEMBL338514,IC50,8.07
8915120,CCCCN1C(=O)N(Cc2cc(C)on2)\C(=C/c3cnc(CCCC)n3Cc4ccc(cc4)C(=O)OC)\C1=O,CHEMBL122458,IC50,8.07
8915130,CCCCN1C(=O)N(Cc2cocc2)\C(=C/c3cnc(CCCC)n3Cc4ccc(cc4)C(=O)OC)\C1=O,CHEMBL333722,IC50,8.08
2152630,CCC1=Nc2ccc(NC(=O)N(C)C(C)C)cc2C(=O)N1Cc3ccc(cc3F)c4ccccc4S(=O)(=O)NC(=O)OCCC5CC5,CHEMBL73876,IC50,8.09
8915141,Cc1cc(C)c2nc(C3CC3)n([C@H]4CCc5cc(ccc45)c6ccccc6c7nnn[nH]7)c2n1,CHEMBL1801735,IC50,8.09
8915152,CCCC1=NC2(CCOCC2)C(=O)N1Cc3ccc(cc3)c4ccccc4c5nn[nH]n5,CHEMBL435953,IC50,8.1
8915162,CCCCN(Cc1ccccc1)C(=O)c2ccc(COC(=O)c3c(CC)nc(CCC)n3Cc4ccc(cc4)c5ccccc5c6nn[nH]n6)cc2,CHEMBL305239,IC50,8.1
8915172,CCCCN1C(=O)N(Cc2csc(C)n2)\C(=C/c3cnc(CCCC)n3Cc4ccc(cc4)C5(CCCC5)C(=O)O)\C1=O,CHEMBL339544,IC50,8.1
8915182,CCCCN1C(=O)N(Cc2cscn2)\C(=C/c3cnc(CCCC)n3Cc4ccc(cc4)C(=O)OC)\C1=O,CHEMBL331546,IC50,8.1
1893800,CCCc1nc(CC)c(C(=O)NC)n1Cc2ccc(c(COC)c2)c3ccccc3S(=O)(=O)Nc4onc(C)c4C,CHEMBL275545,IC50,8.1
2150992,CCCc1nc(CN(Cc2ccccc2)C(=O)c3ccccc3)c(C(=O)O)n1Cc4ccc(cc4)c5ccccc5S(=O)(=O)NC(=O)OCC(C)C,CHEMBL71069,IC50,8.1
8915194,CCCc1nc2c(C)cc(cc2n1Cc3ccc(cc3)c4ccccc4S(=O)(=O)Nc5onc(C)c5C)C(=O)NCCc6ccccc6,CHEMBL3735574,IC50,8.1
8915204,CCc1nc2c(C)cc(C)nc2n1[C@H]3CCc4cc(ccc34)c5ccccc5c6nnn[nH]6,CHEMBL1801712,IC50,8.12
2152609,CCC1=Nc2ccc(NC(=O)NC(C)C)cc2C(=O)N1Cc3ccc(cc3F)c4ccccc4S(=O)(=O)NC(=O)OCCC5CC5,CHEMBL307430,IC50,8.14
8915218,CCOc1nc2c(C)cc(cc2n1Cc3ccc(cc3)c4ccccc4C(=O)O)C(=O)NC[C@H](C)c5ccccc5,CHEMBL3736440,IC50,8.14
8915229,CCCCN1C(=O)NC(=O)/C/1=C/c2cnc(CCCC)n2Cc3ccc(cc3)c4nn[nH]n4,CHEMBL421074,IC50,8.15
8915239,CCCCc1ncc(\C=C\2/N(Cc3cccs3)C(=O)NC2=O)n1Cc4ccc(cc4)C(=O)OC,CHEMBL125958,IC50,8.15
1893131,CCCCC1=NN(C(=O)N1Cc2ccc(cc2)c3ccccc3S(=O)(=O)Nc4onc(C)c4C)c5ccccc5Cl,CHEMBL3736242,IC50,8.16
2152569,CCCCCN(C(=O)c1ccccc1)c2ccc3N=C(CCC)N(Cc4ccc(cc4)c5ccccc5c6nn[nH]n6)C(=O)c3c2,CHEMBL302102,IC50,8.16
8915251,CCCCCN(C(=O)c1ccccc1)c2ccc3N=CN(Cc4ccc(cc4)c5ccccc5c6nnnn6C)C(=O)c3c2,CHEMBL28917,IC50,8.16
8915261,CCCCc1nc(CCCC)n(Cc2ccc(nc2)c3ccccc3c4nn[nH]n4)n1,CHEMBL315021,IC50,8.16
8915272,CCc1nc2C(=CN(Cc3ccccc3C#N)C(=O)c2n1[C@H]4CCc5cc(ccc45)c6ccccc6c7nnn[nH]7)C,CHEMBL2322176,IC50,8.16
8915283,CCc1cc(C)c2nc(CC)n([C@H]3CCc4cc(ccc34)c5ccccc5c6nnn[nH]6)c2n1,CHEMBL1801738,IC50,8.17
3241754,CCc1nc2C(=CN(Cc3ccccc3C)C(=O)c2n1[C@H]4CCc5cc(ccc45)c6ccccc6c7nnn[nH]7)C,CHEMBL2322175,IC50,8.17
8915296,CCCCc1ncc(\C=C\2/N(CCC(C)C)C(=O)NC2=O)n1Cc3ccc(cc3)C(=O)O,CHEMBL341070,IC50,8.18
8915306,CCCCN1C(=O)N(CCCC(F)(F)F)\C(=C/c2cnc(CCCC)n2Cc3ccc(cc3)C(=O)OC)\C1=O,CHEMBL341151,IC50,8.19
8915316,CCCCN1C=C(CCCC)N(Cc2ccc(nc2)c3ccccc3c4nn[nH]n4)C1=O,CHEMBL9642,IC50,8.19
8915327,CCOc1nc2c(C)cc(cc2n1Cc3ccc(cc3)c4ccccc4c5nnn[nH]5)C(=O)NC[C@@H](C)c6ccccc6,CHEMBL3734891,IC50,8.2
8915337,CC[C@H](C)[C@H](NC(=O)[C@H](Cc1ccc(O)cc1)NC(=O)[C@@H](NC(=O)[C@H](CCCN\C(=N\C(=O)NCCCCN)\N)NC(=O)[C@@H](N)CC(=O)O)C(C)C)C(=O)N[C@@H](Cc2cnc[nH]2)C(=O)N3CCC[C@H]3C(=O)N[C@@H](Cc4ccccc4)C(=O)O.OC(=O)C(F)(F)F.OC(=O)C(F)(F)F.OC(=O)C(F)(F)F.OC(=O)C(F)(F)F,CHEMBL3786145,IC50,8.21
8915348,CCCCC(=O)N(Cc1ccc(cc1)c2ccccc2c3nn[nH]n3)[C@@H](C(C)C)C(=O)N,CHEMBL116298,IC50,8.22
8915358,CCCCC1=Nc2ccc(cc2C(=O)N1Cc3ccc(cc3)c4ccccc4c5nn[nH]n5)C(C)(C)OC,CHEMBL275875,IC50,8.22
2151576,CCCCCC(=O)NS(=O)(=O)c1ccccc1c2ccc(Cn3c(CCC)nc(CN4CCN(CC4)c5ccccn5)c3C(=O)O)cc2,CHEMBL307321,IC50,8.22
8915370,CCCCN1C(=O)N(\C(=C/c2cnc(CCCC)n2Cc3ccc(cc3)C(=O)OC)\C1=O)c4ccccc4,CHEMBL2263317,IC50,8.22
2151022,CCCCOC(=O)NS(=O)(=O)c1ccccc1c2ccc(Cn3c(CCC)nc(CN4CCN(CC4)c5ccccn5)c3C(=O)O)cc2,CHEMBL308361,IC50,8.22
8915381,CCCCn1c(nc2ccccc12)c3ccc4nn(CCC)c(Cc5ccc(cc5)c6ccccc6c7nn[nH]n7)c4c3,CHEMBL3115247,IC50,8.22
8915392,CCCc1nc(CC)c(C(=O)O)n1Cc2ccc(cc2)c3ccccc3c4nn[nH]n4,CHEMBL115021,IC50,8.22
8915402,CCCc1nc(CN2CCN(CC2)c3ccccn3)c(C(=O)O)n1Cc4ccc(cc4)c5ccccc5S(=O)(=O)NC(=O)c6ccccc6,CHEMBL72819,IC50,8.22
8915412,CCCc1nc(CNC(=O)OC(C)(C)C)c(C(=O)O)n1Cc2ccc(cc2)c3ccccc3c4nn[nH]n4,CHEMBL70770,IC50,8.22
2153713,CCOCC(=O)Nc1ccc(Cl)c(c1)N2N=C(CC)N(Cc3ccc(cc3F)c4ccccc4S(=O)(=O)NC(=O)OC(C)(C)C)C2=O,CHEMBL125760,IC50,8.22
8915424,Cn1nnnc1c2ccccc2c3ccc(CN4C=Nc5ccc(cc5C4=O)N(Cc6ccc(O)cc6)C(=O)c7ccccc7)cc3,CHEMBL30015,IC50,8.22
2153372,CCCCC1=NN(C(=O)N1Cc2ccc(cc2F)c3cc(CCC)ccc3S(=O)(=O)NC(=O)c4ccccc4F)c5cc(NC(=O)C)ccc5Cl,CHEMBL313868,IC50,8.23
2151975,CCC1=Nc2ccc(NC(=O)N(C)C(C)C)cc2C(=O)N1Cc3ccc(cc3F)c4ccccc4S(=O)(=O)NC(=O)c5ccc(CC)cc5,CHEMBL263452,IC50,8.24
8915436,CCCCC(=O)N(Cc1ccccc1)c2ccc3N=CN(Cc4ccc(cc4)c5ccccc5c6nnnn6C)C(=O)c3c2,CHEMBL28918,IC50,8.24
8915446,CCCCN1C(=O)N(Cc2ccccn2)\C(=C/c3cnc(CCCC)n3Cc4ccc(cc4)C(=O)OC)\C1=O,CHEMBL122494,IC50,8.24
8915456,CCCCc1nc(CCCC)n(Cc2ccc(cc2)c3ccccc3c4nn[nH]n4)n1,CHEMBL85595,IC50,8.25
8915469,CCCCCCN1C(=O)N(Cc2csc(C)n2)\C(=C/c3cnc(CCCC)n3Cc4ccc(cc4)C(=O)OC)\C1=O,CHEMBL125533,IC50,8.28
3237211,CCc1nc2c(C)cc(Cc3ccccc3)nc2n1[C@H]4CCc5cc(ccc45)c6ccccc6c7nnn[nH]7,CHEMBL1801743,IC50,8.28
3236974,CCc1nc2C=CN(Cc3ccccc3C)C(=O)c2n1[C@H]4CCc5cc(ccc45)c6ccccc6c7nnn[nH]7,CHEMBL2322444,IC50,8.29
8915483,Cn1nnnc1c2ccccc2c3ccc(CN4C=Nc5ccc(cc5C4=O)N(Cc6ccccn6)C(=O)c7ccccc7)cc3,CHEMBL30086,IC50,8.29
8915493,CCCc1nc(CN2CCN(CC2)C(=O)c3ccccc3)c(C(=O)O)n1Cc4ccc(cc4)c5ccccc5c6nn[nH]n6,CHEMBL70801,IC50,8.3
2151307,CCCc1nc(CN2CCN(CC2)c3ccccc3)c(C(=O)O)n1Cc4ccc(cc4)c5ccccc5c6nn[nH]n6,CHEMBL307756,IC50,8.3
8915504,CCCc1nc2c(C)cc(cc2n1Cc3ccc(cc3)c4ccccc4c5nnn[nH]5)C(=O)NC[C@@H](C)c6ccccc6,CHEMBL3735409,IC50,8.3
8915515,CCCCC1=CN([C@H]2[C@H](C)CCC[C@@H]2C)C(=O)N1Cc3ccc(nc3)c4ccccc4c5nn[nH]n5,CHEMBL9599,IC50,8.31
8915526,CCCCCN(C(=O)c1ccc(O)cc1)c2ccc3N=CN(Cc4ccc(cc4)c5ccccc5c6nnnn6C)C(=O)c3c2,CHEMBL28464,IC50,8.31
8915536,CCCCN1C(=O)N(Cc2ccc(O)c(O)c2)\C(=C/c3cnc(CCCC)n3Cc4ccc(cc4)C(=O)OC)\C1=O,CHEMBL122982,IC50,8.31
8915546,CCCCc1ncc(\C=C/2\N(CCC(C)C)C(=O)NC2=O)n1Cc3ccc(cc3)C(=O)O,CHEMBL332766,IC50,8.31
8915556,CCCc1nc2c(C)cc(NC(=O)c3ccc(C)cc3)cc2n1Cc4ccc(cc4)c5ccccc5C(=O)O,CHEMBL2435826,IC50,8.31
8915567,CCCCN1C(=O)N(Cc2ccsc2)\C(=C/c3cnc(CCCC)n3Cc4ccc(cc4)C(=O)OC)\C1=O,CHEMBL339404,IC50,8.32
2153087,CCCCc1nc2C=CN(CC(=O)N3CCCCC3)C(=O)c2n1Cc4ccc(cc4F)c5ccccc5S(=O)(=O)NC(=O)OCc6ccccc6,CHEMBL1668007,IC50,8.33
2153436,CCCCC(=O)Nc1ccc(Br)c(c1)N2N=C(C)N(Cc3ccc(cc3F)c4ccccc4S(=O)(=O)NC(=O)OC(C)(C)C)C2=O,CHEMBL333224,IC50,8.34
8915581,Cn1nnnc1c2ccccc2c3ccc(CN4C=Nc5ccc(cc5C4=O)N(Cc6ccccn6)C(=O)c7ccncc7)cc3,CHEMBL29725,IC50,8.36
2153744,CCCCC(=O)Nc1ccc(Br)c(c1)N2N=C(CC)N(Cc3ccc(cc3F)c4ccccc4S(=O)(=O)NC(=O)OC(C)C)C2=O,CHEMBL338687,IC50,8.37
8915593,CCCc1nc2c(C)cc(cc2n1Cc3ccc(cc3)c4ccccc4C(=O)O)C(=O)NCc5ccc(OC)cc5,CHEMBL1947131,IC50,8.37
8915604,CCOC(=O)c1c(C)nc(C)cc1OCc2ccc3C(=Cc4ccccc4C(=O)c3c2)c5nnn[nH]5,CHEMBL330109,Ki,8.37
8915615,Cc1cc(OCc2ccc3C(=Cc4ccccc4C(=O)c3c2)c5nnn[nH]5)c6CCCCc6n1,CHEMBL327633,Ki,8.37
8915626,[Br-].CCCCc1c[n+](Cc2ccc(cc2)c3ccccc3c4nn[nH]n4)c(CO)n1Cc5ccc(cc5)c6ccccc6c7nn[nH]n7,CHEMBL2337677,IC50,8.37
8915637,CCCCN1C(=O)N(Cc2ccc(s2)C(=O)OC)\C(=C/c3cnc(CCCC)n3Cc4ccc(cc4)C(=O)OC)\C1=O,CHEMBL419421,IC50,8.38
8915647,CCCCN1C(=O)NC(=O)/C/1=C\c2cnc(CCCC)n2Cc3ccc(cc3)c4nn[nH]n4,CHEMBL125940,IC50,8.38
2151233,CCCc1nc(CN2CCN(CC2)c3ccccn3)c(C(=O)O)n1Cc4ccc(cc4)c5ccccc5c6nn[nH]n6,CHEMBL308703,IC50,8.38
8915658,CCCC1=NC(C)(C)C(=O)N1Cc2ccc(cc2)c3ccccc3c4nn[nH]n4,CHEMBL37892,IC50,8.4
2151544,CCCC1=Nc2ccc3NCCCCCCC(=O)NS(=O)(=O)c4ccc(CCC)cc4c5ccc(CN1C(=O)c2c3)cc5,CHEMBL263714,IC50,8.4
8915670,CCCCN(C(=O)c1ccc(O)cc1)c2ccc3N=CN(Cc4ccc(cc4)c5ccccc5c6nnnn6C)C(=O)c3c2,CHEMBL282168,IC50,8.4
2151223,CCCCOC(=O)NS(=O)(=O)c1ccccc1c2ccc(CN3C(=Nc4ccc(NC(=O)N(C)C(C)C)cc4C3=O)CCCC)cc2,CHEMBL74476,IC50,8.4
8915681,CCCCc1ncc(\C=C\2/N(Cc3ccccc3)C(=O)NC2=O)n1Cc4ccc(cc4)C(=O)O,CHEMBL331859,IC50,8.4
2152675,CCCc1nc2c(C)cc(NC(=O)c3ccccc3)cc2n1Cc4ccc(cc4)c5ccccc5C(=O)O,CHEMBL2435825,IC50,8.41
8915693,CCCc1nc2c(C)cc(cc2n1Cc3ccc(cc3)c4ccccc4C(=O)Nc5nnn[nH]5)C(=O)NCCc6ccccc6,CHEMBL3752680,IC50,8.41
8915703,CCOc1nc2cccc(C(=O)O)c2n1Cc3ccc4C(=Cc5ccccc5Oc4c3)c6nnn[nH]6,CHEMBL91928,Ki,8.41
8915714,CCCc1nc2c(C)cc(cc2n1Cc3ccc(cc3)c4ccccc4c5nnn[nH]5)C(=O)NCCc6ccc(OC)c(OC)c6,CHEMBL2058864,IC50,8.43
3237167,CC(C)Cc1cc(C)c2nc(C(C)C)n([C@H]3CCc4cc(ccc34)c5ccccc5c6nnn[nH]6)c2n1,CHEMBL1801741,IC50,8.46
2153099,CCCCC(=O)Nc1ccc(Br)c(c1)N2N=C(CC)N(Cc3ccc(cc3F)c4ccccc4S(=O)(=O)NC(=O)OC(C)(C)C)C2=O,CHEMBL338027,IC50,8.46
8915729,CCCCN1C(=O)NC(=O)/C/1=C/c2cnc(CCCC)n2Cc3ccc(cc3)C(=O)OC,CHEMBL121854,IC50,8.46
8915739,CCCCc1cnc(C(=O)O)n1Cc2ccc(cc2)c3ccccc3c4nn[nH]n4,CHEMBL2063984,IC50,8.46
8915750,CCOc1nc2c(C)cc(cc2n1Cc3ccc(cc3)c4ccccc4c5nnn[nH]5)C(=O)NC[C@H](C)c6ccccc6,CHEMBL3735290,IC50,8.46
2153671,CCC(=O)Nc1ccc(Br)c(c1)N2N=C(CC)N(Cc3ccc(cc3F)c4ccccc4S(=O)(=O)NC(=O)OC(C)(C)C)C2=O,CHEMBL122157,IC50,8.47
8915763,CCCCN1C(=O)N(Cc2cccs2)\C(=C/c3cnc(CCCC)n3Cc4ccc(cc4)C(=O)OC)\C1=O,CHEMBL331511,IC50,8.47
8915773,CCCCc1ncc(\C=C/2\N(Cc3ccccc3)C(=O)NC2=O)n1Cc4ccc(cc4)C(=O)O,CHEMBL121874,IC50,8.47
2153477,CCCCC(=O)Nc1ccc(Cl)c(c1)N2N=C(CC)N(Cc3ccc(cc3F)c4ccccc4S(=O)(=O)NC(=O)OC(C)(C)C)C2=O,CHEMBL338888,IC50,8.48
8915785,CCCCN1C(=O)N(CC2CCCCC2)\C(=C/c3cnc(CCCC)n3Cc4ccc(cc4)C(=O)OC)\C1=O,CHEMBL331519,IC50,8.48
8915795,CCCCN1C(=O)NC(=O)/C/1=C/c2cnc(CCCC)n2Cc3ccc(cc3)S(=O)(=O)NC(F)(F)F,CHEMBL2259778,IC50,8.48
8915804,CC[C@H](C)[C@H](NC(=O)[C@H](Cc1ccc(O)cc1)NC(=O)[C@@H](NC(=O)[C@H](CCCN\C(=N\C(=O)NCCOCCOCCNC(=O)CC)\N)NC(=O)[C@@H](N)CC(=O)O)C(C)C)C(=O)N[C@@H](Cc2cnc[nH]2)C(=O)N3CCC[C@H]3C(=O)N[C@@H](Cc4ccccc4)C(=O)O.OC(=O)C(F)(F)F.OC(=O)C(F)(F)F.OC(=O)C(F)(F)F,CHEMBL3787379,Ki,8.51
8915815,CCCC1=NC(C)(C)C(=O)N1Cc2ccc(cc2)c3ccccc3S(=O)(=O)NC(=O)c4ccccc4,CHEMBL39352,IC50,8.52
8915825,CCCC1=NC2(CC2)C(=O)N1Cc3ccc(cc3)c4ccccc4c5nn[nH]n5,CHEMBL290180,IC50,8.52
8915835,CCCC1=NC2(CCCCC2)C(=O)N1Cc3ccc(cc3)c4ccccc4c5nn[nH]n5,CHEMBL290614,IC50,8.52
2151002,CCCCN(Cc1ccccc1)Cc2nc(CCC)n(Cc3ccc(cc3)c4ccccc4c5nn[nH]n5)c2C(=O)O,CHEMBL304137,IC50,8.52
8915846,CCCCN1C(=O)N(Cc2ccc(N)cc2)\C(=C/c3cnc(CCCC)n3Cc4ccc(cc4)C(=O)OC)\C1=O,CHEMBL2259780,IC50,8.52
8915856,CCCCc1ncc(\C=C\2/N(Cc3ccc(Cl)cc3)C(=O)NC2=O)n1Cc4ccc(cc4)C(=O)O,CHEMBL333411,IC50,8.52
8915866,CCCc1nc(CC)c(C(=O)OCc2ccc(cc2)c3ccccc3)n1Cc4ccc(cc4)c5ccccc5c6nn[nH]n6,CHEMBL306923,IC50,8.52
2151861,CCCc1nc(CC)c(C(=O)OCc2ccccc2OCCC(C)C)n1Cc3ccc(cc3F)c4ccccc4S(=O)(=O)NC(=O)OCCC(C)C,CHEMBL307866,IC50,8.52
8915877,CCCc1nc(CC)c(C(=O)OCc2ccccc2c3ccccc3)n1Cc4ccc(cc4)c5ccccc5c6nn[nH]n6,CHEMBL306924,IC50,8.52
2151993,CCCc1nc(CC)c(C(=O)OCc2ccccc2c3ccccc3)n1Cc4ccc(cc4F)c5ccccc5S(=O)(=O)NC(=O)OCCC(C)C,CHEMBL70793,IC50,8.52
2151065,CCCc1nc(CN2CCN(CC2)c3ccc(F)cc3)c(C(=O)O)n1Cc4ccc(cc4)c5ccccc5c6nn[nH]n6,CHEMBL306216,IC50,8.52
8915891,CCCCc1ncc(CN[C@H](Cc2c[nH]c3ccccc23)C(=O)O)n1Cc4ccc(cc4)C(=O)O,CHEMBL79242,IC50,8.54
8915901,CCOC(=O)c1c(C)nc(C)cc1NCc2ccc3C(=Cc4ccccc4C(=O)c3c2)c5nnn[nH]5,CHEMBL94106,Ki,8.54
8915912,[Na+].[Na+].[Br-].CCCCc1c[n+](Cc2ccc(cc2)c3ccccc3c4nn[n-]n4)cn1Cc5ccc(cc5)c6ccccc6c7nn[n-]n7,CHEMBL2337688,IC50,8.54
8915923,CCCCN1C(=O)NC(=O)/C/1=C/c2cnc(CCCC)n2Cc3ccc(cc3)C(=O)O,CHEMBL125937,IC50,8.55
8915932,CC[C@H](C)[C@H](NC(=O)[C@H](Cc1ccc(O)cc1)NC(=O)[C@@H](NC(=O)[C@H](CCCN\C(=N\C(=O)NCCOCCOCCN)\N)NC(=O)[C@@H](N)CC(=O)O)C(C)C)C(=O)N[C@@H](Cc2cnc[nH]2)C(=O)N3CCC[C@H]3C(=O)N[C@@H](Cc4ccccc4)C(=O)O.OC(=O)C(F)(F)F.OC(=O)C(F)(F)F.OC(=O)C(F)(F)F.OC(=O)C(F)(F)F,CHEMBL3786986,Ki,8.55
8915945,CCCCN1C(=O)NC(=O)/C/1=C\c2cnc(CCCC)n2Cc3ccc(cc3)c4ccccc4c5nn[nH]n5,CHEMBL125818,IC50,8.57
8915955,CCCSc1nc2c(C)cc(cc2n1Cc3ccc(cc3)c4ccccc4c5nnn[nH]5)C(=O)NC[C@@H](C)c6ccccc6,CHEMBL3736244,IC50,8.57
8915966,CCOc1nc2cccc(C(=O)O)c2n1Cc3ccc4C(=Cc5ccccc5C(=O)c4c3)c6nnn[nH]6,CHEMBL328296,Ki,8.57
8915977,CCc1cc(OCc2ccc3C(=Cc4ccccc4C(=O)c3c2)c5nnn[nH]5)c6cc(ccc6n1)C(=O)O,CHEMBL330508,Ki,8.57
2154002,CCc1nc2c(C)cc(C)nc2n1Cc3ccc(cc3)c4ccccc4c5nn[nH]n5,CHEMBL7550,IC50,8.57
8915990,CCCCc1ncc(\C=C/2\N(Cc3cccs3)C(=O)NC2=O)n1Cc4ccc(cc4)C(=O)O,CHEMBL123568,IC50,8.59
8916000,CCCCn1ncc(C(=O)O)c1Nc2ccc(cc2)c3ccccc3c4nnn[nH]4,CHEMBL1824184,IC50,8.59
8916011,CCCc1nc2c(C)cc(cc2n1Cc3ccc(cc3)c4ccccc4c5nnn[nH]5)C(=O)NCCc6cccc(OC)c6,CHEMBL2058861,IC50,8.59
8916023,CCCCC1=NN(C(=O)N1Cc2ccc(cc2)c3ccccc3S(=O)(=O)NC(=O)c4ccccc4)c5ccccc5C(F)(F)F,CHEMBL279629,IC50,8.6
8916033,CCCCC1=NN(C)C(=O)N1Cc2ccc(cc2)n3cccc3c4nnn[nH]4,CHEMBL3092993,IC50,8.6
8916044,CCCCN1C(=O)NC(=O)/C/1=C\c2cnc(CCCC)n2Cc3ccc(cc3)C4(CCCC4)C(=O)OC,CHEMBL2259779,IC50,8.6
8916054,CCCCN1C(=O)NC(=O)/C/1=C\c2cnc(CCCC)n2Cc3ccc(cc3)C(=O)O,CHEMBL125766,IC50,8.62
8916064,CCCc1nc2c(C)cc(cc2n1Cc3ccc(cc3)c4ccccc4C(=O)O)C(=O)NCc5ccccc5OC,CHEMBL1947129,IC50,8.62
8916075,CCCCc1ncc(\C=C\2/N(Cc3cccs3)C(=O)NC2=O)n1Cc4ccc(cc4)C(=O)O,CHEMBL126037,IC50,8.64
8916084,CCc1cc2C(=O)N(CC(=O)c3ccc(OC)cc3)C(=O)N(Cc4ccc(cc4OC)c5ccccc5C6=NC(=O)ON6)c2s1,CHEMBL3640160,IC50,8.64
2153045,CCCCC(=O)Nc1ccc(c(c1)N2N=C(CC)N(Cc3ccc(cc3F)c4ccccc4S(=O)(=O)NC(=O)OC(C)(C)C)C2=O)C(F)(F)F,CHEMBL338889,IC50,8.66
2152548,CCCCC(=O)c1ccc(Cl)c(c1)N2N=C(CCCC)N(Cc3ccc(cc3F)c4ccccc4S(=O)(=O)NC(=O)OC(C)(C)C)C2=O,CHEMBL421478,IC50,8.66
8916097,CC[C@H](C)[C@H](NC(=O)[C@H](Cc1ccc(O)cc1)NC(=O)[C@@H](NC(=O)[C@H](CCCN\C(=N\C(=O)NCCCCNC(=O)CC)\N)NC(=O)[C@@H](N)CC(=O)O)C(C)C)C(=O)N[C@@H](Cc2cnc[nH]2)C(=O)N3CCC[C@H]3C(=O)N[C@@H](Cc4ccccc4)C(=O)O.OC(=O)C(F)(F)F.OC(=O)C(F)(F)F.OC(=O)C(F)(F)F,CHEMBL3787243,IC50,8.66
2153448,CCCCOC(=O)NS(=O)(=O)c1ccc(CC(C)C)cc1c2ccc(Cn3c(CC)nc4c(C)cc(C)nc34)cc2,CHEMBL289614,IC50,8.68
8916110,CCCCc1nc(Cl)c(C(=O)O)n1Cc2ccc3C(=Cc4ccccc4C(=O)c3c2)c5nnn[nH]5,CHEMBL327535,Ki,8.68
8916121,CCCC1=NC2(CCSCC2)C(=O)N1Cc3ccc(cc3)c4ccccc4c5nn[nH]n5,CHEMBL289105,IC50,8.7
2153034,CCCC1=NN(C(=O)N1Cc2ccc(cc2F)c3ccccc3S(=O)(=O)NC(=O)OC(C)(C)C)c4cc(NC(=O)c5ccccc5)ccc4Br,CHEMBL338342,IC50,8.7
8916133,CCCCCN(CCCCC)Cc1nc(CCC)n(Cc2ccc(cc2)c3ccccc3c4nn[nH]n4)c1C(=O)O,CHEMBL71953,IC50,8.7
2151012,CCCCN(Cc1nc(CCC)n(Cc2ccc(cc2)c3ccccc3S(=O)(=O)NC(=O)CCC)c1C(=O)O)C(=O)CCC,CHEMBL304620,IC50,8.7
8916144,CCCCc1nc(CN2CCN(CC2)c3ccccn3)c(C(=O)O)n1Cc4ccc(cc4)c5ccccc5c6nn[nH]n6,CHEMBL72721,IC50,8.7
8916154,CCCCc1nc(Cl)c(C(=O)O)n1Cc2ccc3oc(c(Br)c3c2)c4ccccc4c5nnn[nH]5,CHEMBL304639,Ki,8.7
8916165,CCCc1nc(C(=O)N2CCN(CC2)c3ccccn3)c(C(=O)O)n1Cc4ccc(cc4)c5ccccc5c6nn[nH]n6,CHEMBL303426,IC50,8.7
1894288,CCCc1nc(CC)c(C(=O)N)n1Cc2ccc(c(C)c2)c3ccccc3S(=O)(=O)Nc4onc(C)c4C,CHEMBL12106,IC50,8.7
8916176,CCCc1nc(CC)c(C(=O)OCc2ccccc2C(=O)c3ccccc3)n1Cc4ccc(cc4)c5ccccc5c6nn[nH]n6,CHEMBL70353,IC50,8.7
8916186,CCCc1nc(CN(Cc2ccccc2)C(=O)Nc3ccccc3)c(C(=O)O)n1Cc4ccc(cc4)c5ccccc5c6nn[nH]n6,CHEMBL73780,IC50,8.7
8916196,CCCc1nc(CN2CCC(CC2)c3ccccc3)c(C(=O)O)n1Cc4ccc(cc4)c5ccccc5c6nn[nH]n6,CHEMBL70796,IC50,8.7
8916206,CCCc1nc(CN2CCN(CC2)c3ccccc3Cl)c(C(=O)O)n1Cc4ccc(cc4)c5ccccc5c6nn[nH]n6,CHEMBL306489,IC50,8.7
8916216,CCCc1nc(CN2CCN(CC2)c3ccccc3OC)c(C(=O)O)n1Cc4ccc(cc4)c5ccccc5c6nn[nH]n6,CHEMBL306961,IC50,8.7
8916226,CCCc1nc(CN2CCN(CC2)c3ccccn3)c(C=O)n1Cc4ccc(cc4)c5ccccc5c6nn[nH]n6,CHEMBL430997,IC50,8.7
2151075,CCCc1nc(CN2CCN(CC2)c3ncccn3)c(C(=O)O)n1Cc4ccc(cc4)c5ccccc5c6nn[nH]n6,CHEMBL309165,IC50,8.7
2151150,CCCc1nc(CN2CCN(C[C@H]2C)c3ccccc3)c(C(=O)O)n1Cc4ccc(cc4)c5ccccc5c6nn[nH]n6,CHEMBL309367,IC50,8.7
1892911,CCCc1nc2CCCCC(=O)c2n1Cc3ccc(c(C)c3)c4ccccc4S(=O)(=O)Nc5onc(C)c5C,CHEMBL12013,IC50,8.7
8916238,CCc1cc2C(=O)N(C\C(=N\OC(C)C)\c3ccc(OC)cc3)C(=O)N(Cc4ccc(cc4)c5ccccc5C6=NC(=O)ON6)c2s1,CHEMBL3640168,IC50,8.7
2153702,CCCCC(=O)Nc1ccc(Br)c(c1)N2N=C(CC)N(Cc3ccc(cc3F)c4ccccc4S(=O)(=O)NC(=O)c5cc(F)ccc5F)C2=O,CHEMBL122380,IC50,8.72
2152498,CCCCC1=Nc2ccc(NC(=O)N(C)C(C)C)cc2C(=O)N1Cc3ccc(cc3F)c4ccccc4S(=O)(=O)NC(=O)OCCC(C)C,CHEMBL74556,IC50,8.72
8916251,CCCCN1C(=O)N(Cc2csc(C)n2)\C(=C/c3cnc(CCCC)n3Cc4ccc(cc4)C(=O)OC)\C1=O,CHEMBL122638,IC50,8.72
8916260,CCc1cc2C(=O)N(CC(=O)c3sccc3Br)C(=O)N(Cc4ccc(cc4)c5ccccc5C6=NC(=O)ON6)c2s1,CHEMBL3640172,IC50,8.72
8916269,CCc1cc2C(=O)NC(=O)N(Cc3ccc(cc3OC)c4ccccc4C#N)c2s1,CHEMBL3640154,IC50,8.72
2151636,CCCCC1=NN(C(=O)N1Cc2ccc(cc2)c3ccccc3S(=O)(=O)NC(=O)OC(C)(C)C)c4cc(NC(=O)CC)ccc4C(F)(F)F,CHEMBL276674,IC50,8.75
8916280,CCc1cc2C(=O)N(CC(=O)c3ccc(OC)cc3)C(=O)N(Cc4ccc(cc4)c5cc(F)ccc5C6=NC(=O)ON6)c2s1,CHEMBL3640164,IC50,8.75
8916289,CCc1cc2C(=O)N(CC(=O)c3ccc(OC)cc3)C(=O)N(Cc4ccc(cc4C)c5ccccc5c6noc(O)n6)c2s1,CHEMBL3640134,IC50,8.75
8916298,CCc1cc2C(=O)N(CC(O)C(C)(C)C)C(=O)N(Cc3ccc(cc3)c4ccccc4C5=NC(=O)ON5)c2s1,CHEMBL3640150,IC50,8.75
8916307,CCc1cc2C(=O)N(CCN3CCOCC3)C(=O)N(Cc4ccc(cc4F)c5ccccc5C6=NC(=O)ON6)c2s1,CHEMBL3640135,IC50,8.75
8916316,CCc1cc2C(=O)N(C\C(=N\OCC=C)\c3ccc(OC)cc3)C(=O)N(Cc4ccc(cc4)c5ccccc5C6=NC(=O)ON6)c2s1,CHEMBL3640169,IC50,8.75
8916326,CCCCN1C(=O)N(Cc2csc(C)n2)\C(=C\c3cnc(CCCC)n3Cc4ccc(cc4)C(=O)O)\C1=O,CHEMBL125383,IC50,8.77
8916335,CCCc1cc2C(=O)N(CC(=O)c3ccc(OC)cc3)C(=O)N(Cc4ccc(cc4F)c5ccccc5C6=NC(=O)ON6)c2s1,CHEMBL3640156,IC50,8.77
8916344,CCc1cc2C(=O)N(CC(=O)C34CC5CC(CC(C5)C3)C4)C(=O)N(Cc6ccc(cc6)c7ccccc7C8=NC(=O)ON8)c2s1,CHEMBL3640141,IC50,8.77
8916353,CCc1cc2C(=O)N(CC(=O)c3ccc(Cl)cc3)C(=O)N(Cc4ccc(cc4)c5ccccc5C6=NC(=O)ON6)c2s1,CHEMBL3640136,IC50,8.77
8916362,CCc1cc2C(=O)N(CC(=O)c3ccc(OC)cc3)C(=O)N(Cc4ccc(cc4Br)c5ccccc5c6noc(O)n6)c2s1,CHEMBL3640161,IC50,8.77
8916371,CCc1cc2C(=O)N(CC(=O)c3nc4ccccc4n3C)C(=O)N(Cc5ccc(cc5)c6ccccc6C7=NC(=O)ON7)c2s1,CHEMBL3640144,IC50,8.77
8916380,CCc1cc2C(=O)N(CC3(C)COC3)C(=O)N(Cc4ccc(cc4)c5ccccc5C6=NC(=O)ON6)c2s1,CHEMBL3640147,IC50,8.77
8916389,CCc1cc2C(=O)N(CC3(O)CCOCC3)C(=O)N(Cc4ccc(cc4)c5ccccc5C6=NC(=O)ON6)c2s1,CHEMBL3640148,IC50,8.77
2153141,CCC1=Nc2ccc(NC(=O)NC(C)C)cc2C(=O)N1Cc3ccc(cc3F)c4ccccc4S(=O)(=O)NC(=O)c5ccc(CC)cc5F,CHEMBL311160,IC50,8.8
2152716,CCCC1=NN(C(=O)N1Cc2ccc(cc2F)c3ccccc3S(=O)(=O)NC(=O)OC(C)(C)C)c4cc(NC(=O)c5ccccc5)ccc4C(F)(F)F,CHEMBL122158,IC50,8.8
2153499,CCCCNC(=O)c1ccc(Br)c(c1)N2N=C(CCC)N(Cc3ccc(cc3F)c4ccccc4S(=O)(=O)NC(=O)c5cc(Cl)ccc5Cl)C2=O,CHEMBL122401,IC50,8.8
8916403,CCO\N=C(\CN1C(=O)N(Cc2ccc(cc2)c3ccccc3C4=NC(=O)ON4)c5sc(CC)cc5C1=O)/c6ccc(OC)cc6,CHEMBL3640167,IC50,8.8
8916412,CCc1cc2C(=O)N(C(=O)N(Cc3ccc(cc3F)c4ccccc4C5=NC(=O)ON5)c2s1)c6ccc(OC(C)C)cc6,CHEMBL3640157,IC50,8.8
8916421,CCc1cc2C(=O)N(CC(C)(C)c3ccccc3)C(=O)N(Cc4ccc(cc4)c5ccccc5C6=NOC(=O)N6)c2s1,CHEMBL3640173,IC50,8.8
8916431,CCc1nc2c(C)cc(CC(C)C)nc2n1[C@H]3CCc4cc(ccc34)c5ccccc5c6nnn[nH]6,CHEMBL1801740,IC50,8.8
8916441,COc1cc(F)ccc1C(=O)CN2C(=O)N(Cc3ccc(cc3)c4ccccc4C5=NC(=O)ON5)c6sc(cc6C2=O)C7CC7,CHEMBL3640139,IC50,8.8
8916450,COc1cc(F)ccc1C(=O)CN2C(=O)N(Cc3ccc(cc3F)c4ccccc4C5=NC(=O)ON5)c6sc(cc6C2=O)C7CC7,CHEMBL3640138,IC50,8.8
8916459,FC(F)(F)Cc1cc2C(=O)N(CCc3ccc(Cl)cc3)C(=O)N(Cc4ccc(cc4)c5ccccc5C6=NC(=O)ON6)c2s1,CHEMBL3640123,IC50,8.8
2153066,CCCC1=Nc2ccc(NC(=O)NC(C)C)cc2C(=O)N1Cc3ccc(cc3F)c4ccccc4S(=O)(=O)NC(=O)COCC(C)C,CHEMBL263191,IC50,8.82
2151565,CCCCC1=NN(C(=O)N1Cc2ccc(cc2F)c3ccccc3S(=O)(=O)NC(=O)OC(C)(C)C)c4cc(NC(=O)c5occc5)ccc4Cl,CHEMBL340473,IC50,8.82
8916472,CCCCN1C(=O)N(Cc2cc(C)cs2)\C(=C/c3cnc(CCCC)n3Cc4ccc(cc4)C(=O)O)\C1=O,CHEMBL122966,IC50,8.82
2152653,CCCCOC(=O)NS(=O)(=O)c1ccc(CCC)cc1c2ccc(Cn3c(CC)nc4c(C)cc(C)nc34)cc2,CHEMBL39959,IC50,8.82
8916483,CCc1cc2C(=O)N(CC(=O)C(C)(C)COC(=O)C)C(=O)N(Cc3ccc(cc3)c4ccccc4C5=NC(=O)ON5)c2s1,CHEMBL3640149,IC50,8.82
8916492,CCc1cc2C(=O)N(CC(=O)C3CCCCC3)C(=O)N(Cc4ccc(cc4)c5ccccc5C6=NC(=O)ON6)c2s1,CHEMBL3640165,IC50,8.82
8916501,CCc1cc2C(=O)N(CC(=O)c3ccc(Cl)s3)C(=O)N(Cc4ccc(cc4)c5ccccc5C6=NC(=O)ON6)c2s1,CHEMBL3640151,IC50,8.82
8916510,CCc1cc2C(=O)N(CC(=O)c3ccc(OC)cc3)C(=O)N(Cc4ccc(cc4)c5ccc(F)cc5C6=NC(=O)ON6)c2s1,CHEMBL3640163,IC50,8.82
8916519,CCc1cc2C(=O)N(CC(=O)c3ccc(OC)cc3F)C(=O)N(Cc4ccc(cc4)c5ccccc5C6=NC(=O)ON6)c2s1,CHEMBL3640127,IC50,8.82
8916528,CCc1cc2C(=O)N(CC(O)c3ccc(OC)cc3)C(=O)N(Cc4ccc(cc4F)c5ccccc5C6=NC(=O)ON6)c2s1,CHEMBL3640152,IC50,8.82
8916537,CCc1cc2C(=O)N(C\C(=N\OC)\C(C)(C)C)C(=O)N(Cc3ccc(cc3)c4ccccc4C5=NC(=O)ON5)c2s1,CHEMBL3640145,IC50,8.82
8916546,COc1ccc(cc1)C(=O)CN2C(=O)N(Cc3c(F)cc(cc3F)c4ccccc4C5=NC(=O)ON5)c6sc(cc6C2=O)C7CC7,CHEMBL3640142,IC50,8.82
8916555,FC(F)(F)Cc1cc2C(=O)N(CC(=O)C3CCCCC3)C(=O)N(Cc4ccc(cc4)c5ccccc5C6=NC(=O)ON6)c2s1,CHEMBL3640143,IC50,8.82
8916564,CC(C)(C)C(O)CN1C(=O)N(Cc2ccc(cc2)c3ccccc3C4=NC(=O)ON4)c5sc(cc5C1=O)C6CC6,CHEMBL3640146,IC50,8.85
2152619,CCCCC1=NN(C(=O)N1Cc2ccc(cc2F)c3ccccc3S(=O)(=O)NC(=O)OC(C)(C)C)c4cc(NC(=O)c5ccccc5)ccc4C(F)(F)F,CHEMBL338137,IC50,8.85
8916576,CCCCN1C(=O)NC(=O)/C/1=C/c2cnc(CCCC)n2Cc3ccc(cc3)c4ccccc4c5nn[nH]n5,CHEMBL125542,IC50,8.85
2150981,CCCCOC(=O)NS(=O)(=O)c1ccc(Cc2cccc(OC)c2)cc1c3ccc(Cn4c(CC)nc5c(C)cc(C)nc45)cc3,CHEMBL290214,IC50,8.85
8916588,CCCCc1nnc(SCc2ccccc2C(=O)O)n1Cc3ccc(cc3)c4ccccc4c5nn[nH]n5,CHEMBL157577,IC50,8.85
8916599,CCCSc1nc2c(C)cc(cc2n1Cc3ccc(cc3)c4ccccc4c5nnn[nH]5)C(=O)NC[C@H](C)c6ccccc6,CHEMBL3736514,IC50,8.85
8916609,CCc1cc2C(=O)N(CC(=O)c3ccc(OC)c(F)c3)C(=O)N(Cc4ccc(cc4F)c5ccccc5C6=NOC(=O)N6)c2s1,CHEMBL3640155,IC50,8.85
8916618,CCc1cc2C(=O)N(CC(=O)c3ccc(OC)cc3)C(=O)N(Cc4c(F)cc(cc4F)c5ccccc5C6=NC(=O)ON6)c2s1,CHEMBL3640162,IC50,8.85
8916627,CCc1cc2C(=O)N(CC(=O)c3ccccc3)C(=O)N(Cc4ccc(cc4)c5ccccc5C6=NC(=O)ON6)c2s1,CHEMBL3640166,IC50,8.85
8916636,CCc1cc2C(=O)N(CC(=O)c3ccccc3OC)C(=O)N(Cc4ccc(cc4)c5ccccc5c6noc(O)n6)c2s1,CHEMBL3640133,IC50,8.85
8916645,CCc1cc2C(=O)N(CC(=O)c3cccs3)C(=O)N(Cc4ccc(cc4)c5ccccc5C6=NC(=O)ON6)c2s1,CHEMBL3640171,IC50,8.85
8916654,COc1ccccc1C(=O)CN2C(=O)N(Cc3c(F)cc(cc3F)c4ccccc4C5=NC(=O)ON5)c6sc(CC(F)(F)F)cc6C2=O,CHEMBL3640137,IC50,8.85
8916664,CCCCN1C(=O)N(CCCC)\C(=C/c2cnc(CCCC)n2Cc3ccc(cc3)C(=O)O)\C1=O,CHEMBL331042,IC50,8.89
1893789,CCCc1nc(CC)c(C(=O)N)n1Cc2ccc(c(CC)c2)c3ccccc3S(=O)(=O)Nc4onc(C)c4C,CHEMBL12233,IC50,8.89
8916675,CCCc1nc2c(C)cc(cc2n1Cc3ccc(cc3)c4ccccc4C(=O)O)C(=O)NCCc5cc(OC)ccc5OC,CHEMBL1945010,IC50,8.89
8916686,CCCc1nc2c(C)cc(cc2n1Cc3ccc(cc3)c4ccccc4c5nnn[nH]5)C(=O)NCCc6ccccc6,CHEMBL2058859,IC50,8.89
8916697,CCc1cc(OCc2ccc3C(=Cc4ccccc4C(=O)c3c2)c5nnn[nH]5)c6CCCCc6n1,CHEMBL327903,Ki,8.89
8916707,CCc1cc2C(=O)N(CC(OC(=O)C)c3ccc(OC)cc3)C(=O)N(Cc4ccc(cc4F)c5ccccc5C6=NC(=O)ON6)c2s1,CHEMBL3640153,IC50,8.89
8916716,CCc1cc2C(=O)N(C\C(=N\OC)\c3ccccc3)C(=O)N(Cc4ccc(cc4)c5ccccc5C6=NC(=O)ON6)c2s1,CHEMBL3640170,IC50,8.89
8916725,CC(C)(C)C(=O)CN1C(=O)N(Cc2ccc(cc2)c3ccccc3C4=NC(=O)ON4)c5sc(cc5C1=O)C6CC6,CHEMBL3640159,IC50,8.92
2152528,CCCCC1=Nc2ccc(NC(=O)N(C)C(C)C)cc2C(=O)N1Cc3ccc(cc3F)c4ccccc4S(=O)(=O)NC(=O)OCCC5CC5,CHEMBL306362,IC50,8.92
8916736,CCCCN1C(=O)N(Cc2csc(C)n2)\C(=C/c3cnc(CCCC)n3Cc4ccc(cc4)C(=O)O)\C1=O,CHEMBL123671,IC50,8.92
8916746,CCCCN1C(=O)N(Cc2csc(N)n2)\C(=C/c3cnc(CCCC)n3Cc4ccc(cc4)C(=O)OC)\C1=O,CHEMBL124913,IC50,8.92
2151096,CCCc1nc2c(C)cc(NC(=O)Cc3ccccc3)cc2n1Cc4ccc(cc4)c5ccccc5C(=O)O,CHEMBL2435827,IC50,8.92
8916757,CCc1cc2C(=O)N(C(=O)N(Cc3ccc(cc3F)c4ccccc4C5=NC(=O)ON5)c2s1)c6ccc7OC(C)(C)Cc7c6,CHEMBL3640158,IC50,8.92
8916766,CCc1cc2C(=O)N(CC(=O)C(C)(C)C)C(=O)N(Cc3ccc(cc3)c4ccccc4C5=NC(=O)ON5)c2s1,CHEMBL3640140,IC50,8.92
8916775,COc1ccccc1C(=O)CN2C(=O)N(Cc3ccc(cc3)c4ccccc4c5noc(O)n5)c6sc(cc6C2=O)C7CC7,CHEMBL3640130,IC50,8.92
8916784,Cc1ccc(CCN2C(=O)N(Cc3ccc(cc3)c4ccccc4C5=NC(=O)ON5)c6sc(CC(F)(F)F)cc6C2=O)cc1,CHEMBL3640124,IC50,8.92
2152640,CCCCC1=NN(C(=O)N1Cc2ccc(cc2F)c3ccccc3S(=O)(=O)NC(=O)OC(C)(C)C)c4cc(NC(=O)c5ccccc5)ccc4Br,CHEMBL125008,IC50,8.96
2153276,CCCCOC(=O)NS(=O)(=O)c1sc(CC(C)C)cc1c2ccc(Cn3c(CC)nc4c(C)cc(C)nc34)cc2,CHEMBL288174,IC50,8.96
8916798,CCCc1nc2c(C)cc(cc2n1Cc3ccc(cc3)c4ccccc4c5nnn[nH]5)C(=O)NC[C@H](C)c6ccccc6,CHEMBL3735744,IC50,8.96
8916809,CCc1cc(NCc2ccc3C(=Cc4ccccc4C(=O)c3c2)c5nnn[nH]5)n6nccc6n1,CHEMBL90513,Ki,8.96
8916819,COc1cccc(c1)C(=O)CN2C(=O)N(Cc3ccc(cc3)c4ccccc4c5noc(O)n5)c6sc(cc6C2=O)C7CC7,CHEMBL3640132,IC50,8.96
8916828,Fc1ccc(cc1)C(=O)CN2C(=O)N(Cc3ccc(cc3)c4ccccc4C5=NC(=O)ON5)c6sc(cc6C2=O)C7CC7,CHEMBL3640126,IC50,8.96
8916838,CCCC1=NC2(CCSCC2)C(=O)N1Cc3ccc(cc3)c4ccccc4S(=O)(=O)NC(=O)c5ccccc5,CHEMBL39996,IC50,9.0
2153308,CCCC1=NN(C(=O)N1Cc2ccc(cc2F)c3ccccc3S(=O)(=O)NC(=O)OC(C)(C)C)c4cc(NC(=O)COCC)ccc4C(F)(F)F,CHEMBL331507,IC50,9.0
8916850,CCCCC1=NC(=C(C(C)N1Cc2ccc(cc2)c3ccccc3c4nn[nH]n4)C(=O)O)Cl,CHEMBL358335,Ki,9.0
2150969,CCCCC1=NC2(CCCC2)C(=O)N1Cc3ccc(cc3)c4ccccc4S(=O)(=O)NC(=O)c5ccccc5,CHEMBL286134,IC50,9.0
2152896,CCCCC1=NN(C(=O)N1Cc2ccc(cc2F)c3ccccc3S(=O)(=O)NC(=O)CC(C)(C)C)c4cc(NC(=O)CC)ccc4C(F)(F)F,CHEMBL122917,IC50,9.0
2151814,CCCCCCCOC(=O)NS(=O)(=O)c1ccccc1c2ccc(Cn3c(CCC)nc(CC)c3C(=O)OCc4ccccc4OC)c(F)c2,CHEMBL308482,IC50,9.0
2153682,CCCNC(=O)c1ccc(c(c1)N2N=C(CCC)N(Cc3ccc(cc3F)c4ccccc4S(=O)(=O)NC(=O)c5ccccc5)C2=O)C(F)(F)F,CHEMBL331450,IC50,9.0
2153812,CCCc1nc(CC)c(C(=O)OC)n1Cc2ccc(cc2F)c3ccccc3S(=O)(=O)NC(=O)OCCC(C)C,CHEMBL294512,IC50,9.0
2153583,CCCc1nc(CC)c(C(=O)OCc2ccccc2Sc3ccccc3)n1Cc4ccc(cc4F)c5ccccc5S(=O)(=O)NC(=O)OCCC(C)C,CHEMBL306761,IC50,9.0
8916869,CCc1cc2C(=O)N(CC(=O)c3ccc(OC)cc3C)C(=O)N(Cc4ccc(cc4)c5ccccc5C6=NC(=O)ON6)c2s1,CHEMBL3640128,IC50,9.0
8916878,COc1ccc(cc1)C(=O)CN2C(=O)N(Cc3ccc(cc3F)c4ccccc4c5noc(O)n5)c6sc(cc6C2=O)C7CC7,CHEMBL3640131,IC50,9.0
8916887,Fc1cccc(CCN2C(=O)N(Cc3ccc(cc3)c4ccccc4C5=NC(=O)ON5)c6sc(CC(F)(F)F)cc6C2=O)c1,CHEMBL3640125,IC50,9.0
2152727,CCCCC1=NN(C(=O)N1Cc2ccc(cc2F)c3ccccc3S(=O)(=O)NC(=O)c4cc(Cl)ccc4Cl)c5cc(NC(=O)CC)ccc5C(F)(F)F,CHEMBL340078,IC50,9.02
2153425,CCCCC1=NN(C(=O)N1Cc2ccc(cc2F)c3ccccc3S(=O)(=O)NC(=O)OC(C)(C)C)c4cc(NC(=O)COCC)ccc4C(F)(F)F,CHEMBL338433,IC50,9.03
8916900,[3H]CC([3H])C(=O)NCCCCNC(=O)\N=C(/N)\NCCC[C@H](NC(=O)[C@@H](N)CC(=O)O)C(=O)N[C@@H](C(C)C)C(=O)N[C@@H](Cc1ccc(O)cc1)C(=O)N[C@@H]([C@@H](C)CC)C(=O)N[C@@H](Cc2cnc[nH]2)C(=O)N3CCC[C@H]3C(=O)N[C@@H](Cc4ccccc4)C(=O)O.OC(=O)C(F)(F)F.OC(=O)C(F)(F)F.OC(=O)C(F)(F)F,CHEMBL3787375,Kd,9.03
8916911,[K+].[K+].[Br-].CCCCc1c[n+](Cc2ccc(cc2)c3ccccc3c4nn[n-]n4)cn1Cc5ccc(cc5)c6ccccc6c7nn[n-]n7,CHEMBL2337687,IC50,9.04
8916922,CCCC1=NC2(CCCC2)C(=O)N1Cc3ccc(cc3)c4ccccc4c5nn[nH]n5,CHEMBL39379,IC50,9.05
2152979,CCCCC(=O)Nc1ccc(c(c1)N2N=C(CCCC)N(Cc3ccc(cc3F)c4ccccc4S(=O)(=O)NC(=O)OC(C)(C)C)C2=O)C(F)(F)F,CHEMBL338434,IC50,9.05
8916934,CCCCN1C(=O)N(Cc2ccsc2)\C(=C/c3cnc(CCCC)n3Cc4ccc(cc4)C(=O)O)\C1=O,CHEMBL341131,IC50,9.05
2152538,CCCCOC(=O)NS(=O)(=O)c1ccccc1c2ccc(CN3C(=Nc4ccc(NC(=O)N(C)C(C)C)cc4C3=O)CCCC)c(F)c2,CHEMBL415073,IC50,9.05
8916945,CCCc1nc(CN2CCN(CC2)c3ccccn3)c(C(=O)O)n1Cc4ccc(cc4F)c5ccccc5c6nn[nH]n6,CHEMBL302959,IC50,9.05
8916955,Cn1nnnc1c2ccccc2c3ccc(CN4C=Nc5ccc(cc5C4=O)N(Cc6cccnc6)C(=O)c7ccccc7)cc3,CHEMBL283495,IC50,9.05
2153329,CCCCNC(=O)c1ccc(c(c1)N2N=C(CCC)N(Cc3ccc(cc3F)c4ccccc4S(=O)(=O)NC(=O)OC(C)(C)C)C2=O)C(F)(F)F,CHEMBL121907,IC50,9.06
2152886,CCCC1=Nc2ccc(NC(=O)NC(C)C)cc2C(=O)N1Cc3ccc(cc3F)c4ccccc4S(=O)(=O)NC(=O)c5ccc(CC)cc5F,CHEMBL305647,IC50,9.08
2153361,CCCCNC(=O)c1ccc(Br)c(c1)N2N=C(CCC)N(Cc3ccc(cc3F)c4ccccc4S(=O)(=O)NC(=O)OC(C)(C)C)C2=O,CHEMBL121872,IC50,9.08
1893403,CCCCC1=NC2(CCCC2)C(=O)N1Cc3ccc(c(COCC)c3)c4ccccc4S(=O)(=O)Nc5noc(C)c5C,CHEMBL539423,Ki,9.1
2151843,CCCOC(=O)NS(=O)(=O)c1ccccc1c2ccc(Cn3c(CCC)nc(CC)c3C(=O)OCc4ccccc4c5cncnc5)c(F)c2,CHEMBL306435,IC50,9.1
2153209,CCCc1nc(CC)c(C(=O)OC(C(=O)c2ccccc2)c3ccccc3)n1Cc4ccc(cc4F)c5ccccc5S(=O)(=O)NC(=O)OCCC(C)C,CHEMBL74514,IC50,9.1
2153254,CCCc1nc(CC)c(C(=O)OCc2ccccc2c3cccs3)n1Cc4ccc(cc4F)c5ccccc5S(=O)(=O)NC(=O)OCCC(C)C,CHEMBL74069,IC50,9.1
8916974,CCc1cc2C(=O)N(CC(=O)c3ccc(OC)cc3)C(=O)N(Cc4ccc(cc4F)c5ccccc5C6=NC(=O)ON6)c2s1,CHEMBL3640129,IC50,9.11
2153162,CCCCNC(=O)c1ccc(Cl)c(c1)N2N=C(CCCC)N(Cc3ccc(cc3F)c4ccccc4S(=O)(=O)NC(=O)OC(C)(C)C)C2=O,CHEMBL340632,IC50,9.12
2153264,CCCCC1=NN(C(=O)N1Cc2ccc(cc2F)c3ccccc3S(=O)(=O)NC(=O)OC(C)(C)C)c4cc(NC(=O)CC)ccc4C(F)(F)F,CHEMBL339113,IC50,9.13
2153458,CCCc1nc(CC)c(C(=O)OCc2ccccc2C(=O)c3ccccc3)n1Cc4ccc(cc4)c5ccccc5S(=O)(=O)NC(=O)OCCc6ccccc6,CHEMBL70100,IC50,9.13
2153948,CCCCC(=O)Nc1ccc(Br)c(c1)N2N=C(CC)N(Cc3ccc(cc3F)c4ccccc4S(=O)(=O)NC(=O)c5ccccc5F)C2=O,CHEMBL122273,IC50,9.14
2153121,CCCC1=Nc2ccc(NC(=O)N3CCOCC3)cc2C(=O)N1Cc4ccc(cc4F)c5ccccc5S(=O)(=O)NC(=O)OCCC(C)C,CHEMBL259843,IC50,9.15
8916992,CCCCN1C(=O)N(Cc2cccs2)\C(=C/c3cnc(CCCC)n3Cc4ccc(cc4)C(=O)O)\C1=O,CHEMBL126111,IC50,9.16
8917002,CCCc1nc2c(C)cc(C)nc2n1Cc3ccc4C(=Cc5ccccc5Oc4c3)c6nnn[nH]6,CHEMBL410417,Ki,9.16
8917013,CCCc1nc2c(C)cc(NC(=O)OC)cc2n1Cc3ccc(cc3)c4ccccc4C(=O)O,CHEMBL2435829,IC50,9.16
8917024,CCc1nc2c(C)cc(C)nc2n1Cc3ccc4C(=Cc5ccccc5C(=O)c4c3)c6nnn[nH]6,CHEMBL90027,Ki,9.18
2153110,CCCCC1=NN(C(=O)N1Cc2ccc(cc2F)c3ccccc3S(=O)(=O)NC(=O)OC(C)(C)C)c4cc(ccc4Cl)C(=O)NCCC,CHEMBL339040,IC50,9.19
8917037,CCc1cc(OCc2ccc3C(=Cc4ccccc4C(=O)c3c2)c5nnn[nH]5)c6ccccc6n1,CHEMBL330298,Ki,9.19
8917048,CCCCN1C(=O)N(Cc2ccc(C)s2)\C(=C/c3cnc(CCCC)n3Cc4ccc(cc4)C(=O)O)\C1=O,CHEMBL124925,IC50,9.22
8917058,CCCCN1C(=O)N(Cc2cccs2)\C(=C\c3cnc(CCCC)n3Cc4ccc(cc4)C(=O)O)\C1=O,CHEMBL341295,IC50,9.22
8917068,CCCCN1C(=O)N(Cc2csc(N)n2)\C(=C/c3cnc(CCCC)n3Cc4ccc(cc4)C(=O)O)\C1=O,CHEMBL122443,IC50,9.22
2153182,CCCCOC(=O)NS(=O)(=O)c1ccccc1c2ccc(Cn3c(CCC)nc(CC)c3C(=O)OCc4ccccc4Oc5ccccc5)c(F)c2,CHEMBL72099,IC50,9.22
2152778,CCCc1nc(CC)c(C(=O)NCc2ccccc2[S+]([O-])c3ccccc3)n1Cc4ccc(cc4F)c5ccccc5S(=O)(=O)NC(=O)OCCC(C)C,CHEMBL419073,IC50,9.22
2153896,CCCc1nc(CC)c(C(=O)OCc2cccc(c2)C(=O)c3ccccc3)n1Cc4ccc(cc4F)c5ccccc5S(=O)(=O)NC(=O)OCCC(C)C,CHEMBL71220,IC50,9.22
2151852,CCCc1nc(CC)c(C(=O)OCc2ccccc2C(=O)c3ccccc3)n1Cc4ccc(cc4)c5ccccc5S(=O)(=O)NC(=O)OC,CHEMBL304065,IC50,9.22
2151615,CCCc1nc(CC)c(C(=O)OCc2ccccc2c3ccsc3)n1Cc4ccc(cc4F)c5ccccc5S(=O)(=O)NC(=O)OCCC(C)C,CHEMBL74236,IC50,9.22
2153938,CCCc1nc(CC)c(C(=O)OCc2ccccc2C(=O)c3ccccc3)n1Cc4ccc(cc4F)c5ccccc5S(=O)(=O)NC(=O)OCCc6ccccc6,CHEMBL71125,IC50,9.24
2153350,CCCCC1=NN(C(=O)N1Cc2ccc(cc2F)c3ccccc3S(=O)(=O)NC(=O)OC(C)(C)C)c4cc(NC(=O)COCC)ccc4Cl,CHEMBL339722,IC50,9.25
2153012,CCCCNC(=O)c1ccc(Cl)c(c1)N2N=C(CCCC)N(Cc3ccc(cc3F)c4ccccc4S(=O)(=O)NC(=O)c5ccccc5Cl)C2=O,CHEMBL339004,IC50,9.26
2153392,CCCCC1=NN(C(=O)N1Cc2ccc(cc2F)c3ccccc3S(=O)(=O)NC(=O)OC(C)(C)C)c4cc(NC(=O)CC)ccc4Br,CHEMBL124771,IC50,9.3
8917090,CCCCN1C(=O)N(CCCC)\C(=C\c2cnc(CCCC)n2Cc3ccc(cc3)C(=O)O)\C1=O,CHEMBL122969,IC50,9.3
8917100,CCCCN1C(=O)N(Cc2csc(N)n2)\C(=C\c3cnc(CCCC)n3Cc4ccc(cc4)C(=O)O)\C1=O,CHEMBL125725,IC50,9.3
2153191,CCCOC(=O)NS(=O)(=O)c1ccccc1c2ccc(Cn3c(CCC)nc(CC)c3C(=O)OCc4ccccc4c5cccs5)c(F)c2,CHEMBL307008,IC50,9.3
2153840,CCCc1nc(CC)c(C(=O)OCc2ccccc2C(=O)c3ccccc3)n1Cc4ccc(cc4F)c5ccccc5S(=O)(=O)NC(=O)OCC(C)C,CHEMBL72595,IC50,9.3
2153928,CCCc1nc(CC)c(C(=O)OCc2ccccc2C(=O)c3ccccc3)n1Cc4ccc(cc4F)c5ccccc5S(=O)(=O)NC(=O)OCCC(C)C,CHEMBL74573,IC50,9.3
8917113,Cl.CCc1cc2N(Cc3ccc(cc3)c4ccccc4c5nnn[nH]5)C(=O)CCc2c(CC)n1,CHEMBL2440454,Ki,9.3
8917124,CCCc1nc2c(C)cc(C)nc2n1Cc3ccc4C(=Cc5ccccc5Cc4c3)c6nnn[nH]6,CHEMBL93159,Ki,9.31
8917135,CCc1cc(OCc2ccc3C(=Cc4ccccc4C(=O)c3c2)c5nnn[nH]5)c6nc(OC)ccc6n1,CHEMBL96552,Ki,9.32
8917146,CC(O)CCC(=O)N([C@@H](C(C)C)C(=O)O)c1ccc(cc1)c2ccccc2c3nn[nH]n3,CHEMBL74767,IC50,9.33
2153297,CCCCC1=NN(C(=O)N1Cc2ccc(cc2F)c3ccccc3S(=O)(=O)NC(=O)OC(C)C)c4cc(NC(=O)CC)ccc4C(F)(F)F,CHEMBL331455,IC50,9.35
8917159,Cc1cc(C)c2nc(C3CC3)n(Cc4ccc5C(=Cc6ccccc6C(=O)c5c4)c7nnn[nH]7)c2n1,CHEMBL93522,Ki,9.35
2152990,CCCCC1=NN(C(=O)N1Cc2ccc(cc2F)c3ccccc3S(=O)(=O)NC(=O)OC(C)(C)C)c4cc(NC(=O)CC)ccc4Cl,CHEMBL339605,IC50,9.36
2153414,CCCCC(=O)Nc1ccc(Br)c(c1)N2N=C(CCC)N(Cc3ccc(cc3F)c4ccccc4S(=O)(=O)NC(=O)OC(C)(C)C)C2=O,CHEMBL341369,IC50,9.37
2153076,CCCCC1=NN(C(=O)N1Cc2ccc(cc2F)c3ccccc3S(=O)(=O)NC(=O)c4ccccc4Cl)c5cc(NC(=O)CC)ccc5C(F)(F)F,CHEMBL339256,IC50,9.37
2152929,CCCCC1=NN(C(=O)N1Cc2ccc(cc2F)c3ccccc3S(=O)(=O)NC(=O)OC(C)(C)C)c4cc(ccc4Cl)C(=O)NCCOC,CHEMBL444065,IC50,9.4
2151586,CCCCOC(=O)NS(=O)(=O)c1ccccc1c2ccc(Cn3c(CCC)nc(CC)c3C(=O)NCCCOc4ccccc4)c(F)c2,CHEMBL69839,IC50,9.4
2153200,CCCc1nc(CC)c(C(=O)NCc2ccccc2Sc3ccccc3)n1Cc4ccc(cc4F)c5ccccc5S(=O)(=O)NC(=O)OCCC(C)C,CHEMBL307359,IC50,9.4
2152805,CCCc1nc(CC)c(C(=O)OCc2ccccc2S(=O)(=O)c3ccccc3)n1Cc4ccc(cc4F)c5ccccc5S(=O)(=O)NC(=O)OCCC(C)C,CHEMBL312301,IC50,9.4
2151085,CCCc1nc2c(C)cc(NC(=O)CC)cc2n1Cc3ccc(cc3)c4ccccc4C(=O)O,CHEMBL2435823,IC50,9.4
2153488,CCCCC1=NN(C(=O)N1Cc2ccc(cc2F)c3ccccc3S(=O)(=O)NC(=O)c4ccccc4F)c5cc(NC(=O)CC)ccc5C(F)(F)F,CHEMBL125280,IC50,9.44
2153619,CCCc1nc(CC)c(C(=O)OCc2ccccc2C(=O)c3ccccc3)n1Cc4ccc(cc4)c5ccccc5S(=O)(=O)NC(=O)OCCC(C)C,CHEMBL306638,IC50,9.46
8917186,[Br-].CCCCc1c[n+](Cc2ccc(cc2)c3ccccc3c4nn[nH]n4)cn1Cc5ccc(cc5)c6ccccc6c7nn[nH]n7,CHEMBL2337686,IC50,9.46
2153734,CCCC1=NN(C(=O)N1Cc2ccc(cc2F)c3ccccc3S(=O)(=O)NC(=O)OC(C)(C)C)c4cc(NC(=O)CC)ccc4Br,CHEMBL436396,IC50,9.47
8917198,CCc1cc2C(=O)N(CCc3ccc(F)cc3)C(=O)N(Cc4ccc(cc4)c5ccccc5C6=NC(=O)ON6)c2s1,CHEMBL3640122,IC50,9.47
2152907,CCCCC1=NN(C(=O)N1Cc2ccc(cc2F)c3ccccc3S(=O)(=O)NC(=O)c4ccccc4)c5cc(NC(=O)CC)ccc5C(F)(F)F,CHEMBL332909,IC50,9.5
2153151,CCCCC1=NN(C(=O)N1Cc2ccc(cc2F)c3ccccc3S(=O)(=O)NC(=O)c4ccccc4Cl)c5cc(NC(=O)CC)ccc5Cl,CHEMBL339672,IC50,9.5
2151275,CCCC(=O)Nc1cc(C)c2nc(CCC)n(Cc3ccc(cc3)c4ccccc4C(=O)O)c2c1,CHEMBL2435824,IC50,9.52
8917214,CCCNC(=O)NS(=O)(=O)c1ccccc1c2ccc(Cn3c(CCC)nc(SC)c3C(=O)O)cc2,CHEMBL63998,IC50,9.52
2151834,CCCOC(=O)NS(=O)(=O)c1ccccc1c2ccc(Cn3c(CCC)nc(CC)c3C(=O)OCc4cccc(c4)C(=O)c5ccccc5)c(F)c2,CHEMBL311018,IC50,9.52
2151606,CCCOC(=O)NS(=O)(=O)c1ccccc1c2ccc(Cn3c(CCC)nc(CC)c3C(=O)OCc4ccccc4c5ccsc5)c(F)c2,CHEMBL71286,IC50,9.52
2151984,CCCc1nc(CC)c(C(=O)NCCCOc2ccccc2)n1Cc3ccc(cc3F)c4ccccc4S(=O)(=O)NC(=O)OCCC(C)C,CHEMBL306340,IC50,9.52
2153236,CCCc1nc(CC)c(C(=O)OCc2ccccc2C(=O)C(C)(C)C)n1Cc3ccc(cc3F)c4ccccc4S(=O)(=O)NC(=O)OCCC(C)C,CHEMBL309790,IC50,9.52
2153831,CCCc1nc(CC)c(C(=O)OCc2ccccc2C(=O)Nc3ccccc3)n1Cc4ccc(cc4F)c5ccccc5S(=O)(=O)NC(=O)OCCC(C)C,CHEMBL70867,IC50,9.52
2153849,CCCc1nc(CC)c(C(=O)OCc2ccccc2NC(=O)c3ccccc3)n1Cc4ccc(cc4F)c5ccccc5S(=O)(=O)NC(=O)OCCC(C)C,CHEMBL302579,IC50,9.52
2153245,CCCc1nc(CC)c(C(=O)OCc2ccccc2c3ccccn3)n1Cc4ccc(cc4F)c5ccccc5S(=O)(=O)NC(=O)OCCC(C)C,CHEMBL303647,IC50,9.52
8917232,CCCc1nc2c(C)cc(C)nc2n1Cc3ccc4C(=Cc5ccccc5C(=O)c4c3)c6nnn[nH]6,CHEMBL92950,Ki,9.54
2152686,CCCCC1=NN(C(=O)N1Cc2ccc(cc2)c3ccccc3S(=O)(=O)NC(=O)OC(C)(C)C)c4cc(NC(=O)CC)ccc4Cl,CHEMBL334300,IC50,9.55
2153692,CCCOC(=O)NS(=O)(=O)c1ccccc1c2ccc(Cn3c(CCC)nc(CC)c3C(=O)OCc4ccccc4C(=O)c5ccccc5)c(F)c2,CHEMBL70726,IC50,9.55
2152747,CCCCN(Cc1ccccc1)C(=O)CCCOC(=O)c2c(CC)nc(CCC)n2Cc3ccc(cc3F)c4ccccc4S(=O)(=O)NC(=O)OCCC(C)C,CHEMBL70868,IC50,9.7
2153887,CCCCOC(=O)NS(=O)(=O)c1ccccc1c2ccc(Cn3c(CCC)nc(CC)c3C(=O)OCc4ccccc4C(=O)c5ccccc5)c(F)c2,CHEMBL71172,IC50,9.7
2152787,CCCc1nc(CC)c(C(=O)OCCCC(=O)Nc2ccccc2)n1Cc3ccc(cc3F)c4ccccc4S(=O)(=O)NC(=O)OCCC(C)C,CHEMBL430792,IC50,9.7
2153529,CCCc1nc(CC)c(C(=O)OCCCCOc2ccccc2)n1Cc3ccc(cc3F)c4ccccc4S(=O)(=O)NC(=O)OCCC(C)C,CHEMBL302964,IC50,9.7
2153556,CCCc1nc(CC)c(C(=O)OCCCS(=O)(=O)c2ccccc2)n1Cc3ccc(cc3F)c4ccccc4S(=O)(=O)NC(=O)OCCC(C)C,CHEMBL308323,IC50,9.7
2153565,CCCc1nc(CC)c(C(=O)OCCCSc2ccccc2)n1Cc3ccc(cc3F)c4ccccc4S(=O)(=O)NC(=O)OCCC(C)C,CHEMBL71639,IC50,9.7
2153822,CCCc1nc(CC)c(C(=O)OCCC[S+]([O-])c2ccccc2)n1Cc3ccc(cc3F)c4ccccc4S(=O)(=O)NC(=O)OCCC(C)C,CHEMBL311625,IC50,9.7
2152960,CCCc1nc(CC)c(C(=O)OCCN(C(=O)OCCC(C)C)c2ccccc2)n1Cc3ccc(cc3F)c4ccccc4S(=O)(=O)NC(=O)OCCC(C)C,CHEMBL303427,IC50,9.7
2152578,CCCc1nc(CC)c(C(=O)OCCN2C(=O)c3ccccc3C2=O)n1Cc4ccc(cc4F)c5ccccc5S(=O)(=O)NC(=O)OCCC(C)C,CHEMBL311253,IC50,9.7
2153592,CCCc1nc(CC)c(C(=O)OCc2ccccc2[S+]([O-])c3ccccc3)n1Cc4ccc(cc4F)c5ccccc5S(=O)(=O)NC(=O)OCCC(C)C,CHEMBL73283,IC50,9.7
8917256,Cc1nc(C)c2C(=CC(=O)N(Cc3ccc(cc3)c4ccccc4c5nn[nH]n5)c2n1)O,CHEMBL72838,IC50,9.77
2153650,CCCCC1=NN(C(=O)N1Cc2ccc(cc2F)c3ccccc3S(=O)(=O)NC(=O)OC(C)(C)C)c4cc(NC(=O)CCOC)ccc4Cl,CHEMBL435811,IC50,9.85
8917269,CCCCC1=Nc2ccc(NC(=O)N(C)C(C)C)cc2C(=O)N1Cc3ccc(cc3)c4ccccc4c5nn[nH]n5,CHEMBL24322,IC50,10.0
2153791,CCCCCOC(=O)NS(=O)(=O)c1ccccc1c2ccc(Cn3c(CCC)nc(CC)c3C(=O)OCCC(=O)Nc4ccccc4)c(F)c2,CHEMBL307318,IC50,10.0
2153520,CCCc1nc(CC)c(C(=O)OCC(=O)c2ccccc2)n1Cc3ccc(cc3F)c4ccccc4S(=O)(=O)NC(=O)OCCC(C)C,CHEMBL70935,IC50,10.0
2153218,CCCc1nc(CC)c(C(=O)OCCC(=O)Nc2ccccc2)n1Cc3ccc(cc3F)c4ccccc4S(=O)(=O)NC(=O)OCCC(C)C,CHEMBL305238,IC50,10.0
2152796,CCCc1nc(CC)c(C(=O)OCCCC(=O)c2ccccc2)n1Cc3ccc(cc3F)c4ccccc4S(=O)(=O)NC(=O)OCCC(C)C,CHEMBL70161,IC50,10.0
2153227,CCCc1nc(CC)c(C(=O)OCCCN2C(=O)c3ccccc3C2=O)n1Cc4ccc(cc4F)c5ccccc5S(=O)(=O)NC(=O)OCCC(C)C,CHEMBL70843,IC50,10.0
2153538,CCCc1nc(CC)c(C(=O)OCCCOCc2ccccc2)n1Cc3ccc(cc3F)c4ccccc4S(=O)(=O)NC(=O)OCCC(C)C,CHEMBL70370,IC50,10.0
2153547,CCCc1nc(CC)c(C(=O)OCCCOc2ccccc2)n1Cc3ccc(cc3F)c4ccccc4S(=O)(=O)NC(=O)OCCC(C)C,CHEMBL69721,IC50,10.0
2153574,CCCc1nc(CC)c(C(=O)OCCN(C(=O)c2ccccc2)c3ccccc3)n1Cc4ccc(cc4F)c5ccccc5S(=O)(=O)NC(=O)OCCC(C)C,CHEMBL305017,IC50,10.0
2153858,CCCc1nc(CC)c(C(=O)OCc2ccccc2OC)n1Cc3ccc(cc3F)c4ccccc4S(=O)(=O)NC(=O)OCCC(C)C,CHEMBL70789,IC50,10.0
8917289,CCCc1nc2c(C)cc(NC(=O)CCc3ccccc3)cc2n1Cc4ccc(cc4)c5ccccc5C(=O)O,CHEMBL2435828,IC50,10.0
2151658,CCc1nc2c(C)cc(C)nc2n1Cc3ccc(cc3)c4ccccc4S(=O)(=O)NC(=O)C(c5ccccc5)c6ccccc6,CHEMBL346728,IC50,10.3
