id,smiles,name,assay_type,activity_value
2150933,CCCCC1=NC(Cl)=C(CO)N1CC1=CC=C(C=C1)C1=C(C=CC=C1)C1=NN=NN1,losartan,Kd,8.43
2150943,CCCC1=NC2=C(C=C(C=C2C)C2=NC3=C(C=CC=C3)N2C)N1CC1=CC=C(C=C1)C1=C(C=CC=C1)C(O)=O,telmisartan,IC50,9.48
2150953,CNCC(=O)N[C@@H](CCCNC(N)=N)C(=O)N[C@@H](C(C)C)C(=O)N[C@@H](CC1=CC=C(O)C=C1)C(=O)N[C@@H](C(C)C)C(=O)N[C@@H](CC1=CNC=N1)C(=O)N1CCC[C@H]1C(=O)N[C@@H](C)C(O)=O,saralasin,Ki,9.82
2150969,CCCCC1=NC2(CCCC2)C(=O)N1Cc3ccc(cc3)c4ccccc4S(=O)(=O)NC(=O)c5ccccc5,CHEMBL286134,IC50,7.0
2150981,CCCCOC(=O)NS(=O)(=O)c1ccc(Cc2cccc(OC)c2)cc1c3ccc(Cn4c(CC)nc5c(C)cc(C)nc45)cc3,CHEMBL290214,IC50,7.0
2150992,CCCc1nc(CN(Cc2ccccc2)C(=O)c3ccccc3)c(C(=O)O)n1Cc4ccc(cc4)c5ccccc5S(=O)(=O)NC(=O)OCC(C)C,CHEMBL71069,IC50,7.0
2151002,CCCCN(Cc1ccccc1)Cc2nc(CCC)n(Cc3ccc(cc3)c4ccccc4c5nn[nH]n5)c2C(=O)O,CHEMBL304137,IC50,7.05
2151012,CCCCN(Cc1nc(CCC)n(Cc2ccc(cc2)c3ccccc3S(=O)(=O)NC(=O)CCC)c1C(=O)O)C(=O)CCC,CHEMBL304620,IC50,7.05
2151022,CCCCOC(=O)NS(=O)(=O)c1ccccc1c2ccc(Cn3c(CCC)nc(CN4CCN(CC4)c5ccccn5)c3C(=O)O)cc2,CHEMBL308361,IC50,7.05
2151032,CCCCOC(=O)NS(=O)(=O)c1sc(CC(C)C)cc1c2ccc(CN3C(=Nc4ccc(NC(=O)c5ccccc5)cc4C3=O)CCC)cc2,CHEMBL409843,Ki,7.07
2151043,CCCCOC(=O)NS(=O)(=O)c1sc(CCOC)cc1c2ccc(Cn3ccnc3)cc2,CHEMBL217752,Ki,7.07
2151054,CCCCS(=O)(=O)NC(=O)c1sc(CC(C)C)cc1c2ccc(Cn3ccnc3)cc2,CHEMBL386718,Ki,7.1
2151065,CCCc1nc(CN2CCN(CC2)c3ccc(F)cc3)c(C(=O)O)n1Cc4ccc(cc4)c5ccccc5c6nn[nH]n6,CHEMBL306216,IC50,7.1
2151075,CCCc1nc(CN2CCN(CC2)c3ncccn3)c(C(=O)O)n1Cc4ccc(cc4)c5ccccc5c6nn[nH]n6,CHEMBL309165,IC50,7.1
2151085,CCCc1nc2c(C)cc(NC(=O)CC)cc2n1Cc3ccc(cc3)c4ccccc4C(=O)O,CHEMBL2435823,IC50,7.11
2151096,CCCc1nc2c(C)cc(NC(=O)Cc3ccccc3)cc2n1Cc4ccc(cc4)c5ccccc5C(=O)O,CHEMBL2435827,IC50,7.11
2151106,CO\C(=C/1\NC(=O)[C@@H](NC(=O)c2csc(n2)c3cc(O)c(nc3c4csc(n4)[C@@H]5COC(=O)c6c7CO[C@@H]([C@H](NC(=O)c8csc1n8)c9nc(cs9)C(=O)N5)[C@H](O[C@H]%10C[C@](C)(O)[C@@H]([C@H](C)O%10)N(C)C)C(=O)OCc%11cccc(c7%11)n6O)c%12nc(cs%12)C(=O)NCCNC(=O)CN(C)C)[C@@H](C)O)\C,CHEMBL507053,IC50,7.11
2151117,CCCCS(=O)(=O)NS(=O)(=O)c1sc(CC(C)C)cc1c2ccc(Cn3ccnc3)cc2,CHEMBL385714,Ki,7.12
2151128,CC(C)Cc1cc(c2ccc(Cn3ccnc3)cc2)c(s1)S(=O)(=O)NC(=O)OC(C)C,CHEMBL215159,Ki,7.13
2151139,CCCCOC(=O)NS(=O)(=O)c1sc(CC(C)C)cc1c2ccc(CC#N)cc2,CHEMBL191468,Ki,7.16
2151150,CCCc1nc(CN2CCN(C[C@H]2C)c3ccccc3)c(C(=O)O)n1Cc4ccc(cc4)c5ccccc5c6nn[nH]n6,CHEMBL309367,IC50,7.16
2151160,COc1ccc2CN(C(Cc2c1OCc3ccccc3)C(=O)O)C(=O)Cc4c(Cl)cccc4Cl,CHEMBL155938,IC50,7.16
2151170,Cc1cc(Cn2cnc3CN([C@@H](Cc23)C(=O)O)C(=O)C(c4ccccc4)c5ccccc5)ccc1N,CHEMBL292277,IC50,7.18
2151181,Cl.Cc1cc(Cn2cnc3CN(C(Cc23)C(=O)O)C(=O)C(c4ccccc4)c5ccccc5)ccc1N,CHEMBL535139,IC50,7.18
2151192,CCC1=Nc2ccc(NC(=O)N3CCOCC3)cc2C(=O)N1Cc4ccc(cc4F)c5ccccc5S(=O)(=O)NC(=O)OCCC(C)C,CHEMBL17487,IC50,7.19
2151202,CCNC(=O)Nc1ccc2N=C(CC)N(Cc3ccc(cc3F)c4ccccc4S(=O)(=O)NC(=O)c5ccccc5F)C(=O)c2c1,CHEMBL311484,IC50,7.19
2151212,CC(C)Cc1cc(c2ccc(Cn3ccnc3)cc2)c(s1)S(=O)(=O)NC(=O)OC(C)(C)C,CHEMBL386671,Ki,7.2
2151223,CCCCOC(=O)NS(=O)(=O)c1ccccc1c2ccc(CN3C(=Nc4ccc(NC(=O)N(C)C(C)C)cc4C3=O)CCCC)cc2,CHEMBL74476,IC50,7.22
2151233,CCCc1nc(CN2CCN(CC2)c3ccccn3)c(C(=O)O)n1Cc4ccc(cc4)c5ccccc5c6nn[nH]n6,CHEMBL308703,IC50,7.22
2151243,CCCc1nc2c(C)cc(cc2n1Cc3ccc(cc3)c4ccccc4C(=O)O)C(=O)Nc5ccc(C)cc5,CHEMBL2435834,IC50,7.22
2151254,CC[C@@H](C)[C@H](N1Cc2cc(NC(=O)[C@H](CCCN=C(N)N)NC(=O)[C@@H](N)CC(=O)O)ccc2[C@@H](Cc3ccc(O)cc3)C1=O)C(=O)N[C@@H](Cc4c[nH]cn4)C(=O)N5CCC[C@H]5C(=O)N[C@@H](Cc6ccccc6)C(=O)O,CHEMBL1791259,Ki,7.22
2151265,COc1cc2CN(C(Cc2cc1OCc3ccccc3)C(=O)O)C(=O)C(c4ccccc4)c5ccccc5,CHEMBL155987,IC50,7.23
2151275,CCCC(=O)Nc1cc(C)c2nc(CCC)n(Cc3ccc(cc3)c4ccccc4C(=O)O)c2c1,CHEMBL2435824,IC50,7.28
2151285,CC[C@H](C)[C@@H]1Nc2c(Cc3ccc(O)cc3)cc(NC(=O)[C@H](CCCN=C(N)N)NC(=O)[C@@H](N)CC(=O)O)cc2CN(CC(=O)N4CCC[C@H]4C(=O)N[C@@H](Cc5ccccc5)C(=O)O)C1=O,CHEMBL425077,Ki,7.28
2151296,CCCCc1nc(Cl)c2C(=CCC(c3ccc(cc3)c4ccccc4c5nnn[nH]5)n12)C(=O)O,CHEMBL1668009,IC50,7.3
2151307,CCCc1nc(CN2CCN(CC2)c3ccccc3)c(C(=O)O)n1Cc4ccc(cc4)c5ccccc5c6nn[nH]n6,CHEMBL307756,IC50,7.3
2151317,CCCCOC(=O)NS(=O)(=O)c1sc(CC(C)C)cc1c2ccc(CN3C(=Nc4ccc(cc4C3=O)N(Cc5ccccc5)C(=O)C)CCC)cc2,CHEMBL289211,Ki,7.32
2151328,CCCCOC(=O)NS(=O)(=O)c1sc(CC(C)C)cc1c2ccc(CN3C(=Nc4ccc(cc4C3=O)N(Cc5ccccc5)C(=O)CCCC)CCC)cc2,CHEMBL432095,Ki,7.34
2151339,CCCCc1nc(SC)c(C(=O)n2cnnn2)n1Cc3ccc(cc3)c4ccccc4S(=O)(=O)NC(=O)NCc5ccccc5,CHEMBL328480,IC50,7.36
2151349,CCCc1nc2c(C)cc(cc2n1Cc3ccc(cc3)c4ccccc4C(=O)O)C(=O)N5CCCCC5,CHEMBL2435833,IC50,7.38
2151360,N[C@@H](CC(=O)O)C(=O)N[C@@H](CCCN=C(N)N)C(=O)Nc1cc(Cc2ccc(O)cc2)cc(c1)C(=O)N[C@@H](Cc3c[nH]cn3)C(=O)N4CCC[C@H]4C(=O)N[C@@H](Cc5ccccc5)C(=O)O,CHEMBL194864,Ki,7.38
2151371,OC(=O)[C@H](Cc1ccccc1)NC(=O)c2cccc(Cc3cnc[nH]3)c2,CHEMBL219839,Ki,7.39
2151382,COc1ccc2CN(C(Cc2c1Oc3ccc(N)cc3)C(=O)O)C(=O)C(c4ccccc4)c5ccccc5,CHEMBL156587,IC50,7.4
2151393,COc1ccc2CN([C@@H](Cc2c1OCc3ccccc3)C(=O)O)C(=O)C(c4ccccc4)c5ccccc5,CHEMBL34124,Ki,7.4
2151403,CCCCc1nc(SC)c(C(=O)C(=O)O)n1Cc2ccc(cc2)c3ccccc3S(=O)(=O)NC(=O)NCc4ccccc4,CHEMBL89769,IC50,7.42
2151413,CC(C)COC(=O)NS(=O)(=O)c1sc(CC(C)C)cc1c2ccc(Cn3ccnc3)cc2,CHEMBL384577,Ki,7.43
2151424,CCC1=Nc2ccc(NC(=O)c3ccccn3)cc2C(=O)N1Cc4ccc(cc4F)c5ccccc5S(=O)(=O)NC(=O)OCCC(C)C,CHEMBL74144,IC50,7.43
2151433,C[C@H](NC(=O)[C@@H](N)CC(=O)O)C(=O)Nc1cccc2CN(CC(=O)N[C@@H](Cc3c[nH]cn3)C(=O)N4CCC[C@H]4C(=O)N[C@@H](Cc5ccccc5)C(=O)O)C(=O)[C@H](Cc6ccc(O)cc6)Nc12,CHEMBL371395,Ki,7.43
2151444,OC(=O)[C@H](Cc1ccccc1)NC(=O)c2cccc(Cn3ccnc3)c2,CHEMBL219840,Ki,7.43
2151455,COc1ccc2CN(C(Cc2c1OCc3ccccc3)C(=O)O)C(=O)C(c4ccc(Cl)cc4)c5ccc(Cl)cc5,CHEMBL156165,IC50,7.46
2151465,CCCCC(=O)NS(=O)(=O)c1sc(CC(C)C)cc1c2ccc(Cn3ccnc3)cc2,CHEMBL217208,Ki,7.47
2151478,CN(C)c1ccc(Cn2cnc3CN([C@@H](Cc23)C(=O)O)C(=O)C(c4ccccc4)c5ccccc5)cc1C.OC(=O)C(F)(F)F.OC(=O)C(F)(F)F,CHEMBL157946,IC50,7.47
2151489,CCCCOC(=O)NS(=O)(=O)c1sc(CC(C)C)cc1c2ccc(CN3C(=Nc4ccc(cc4C3=O)N(CC)C(=O)c5ccccc5)CCC)cc2,CHEMBL289775,Ki,7.48
2151500,CCCCOC(=O)NS(=O)(=O)c1ccccc1c2ccc(CN3C(=Nc4ccc(NC(=O)N5CCOCC5)cc4C3=O)CC)c(F)c2,CHEMBL307290,IC50,7.5
2151510,CCCCOC(=O)NS(=O)(=O)c1sc(CC(C)C)cc1c2ccc(CN3C(=Nc4ccc(cc4C3=O)N(Cc5ccccc5)C(=O)c6ccccc6)CCC)cc2,CHEMBL290708,Ki,7.5
1892039,CCCc1cc(Cn2c(CC)nc3c(C)cc(C)nc23)ccc1OC(C(=O)NS(=O)(=O)c4ccc(cc4)C(C)C)c5ccc6CCOc6c5,CHEMBL372814,IC50,7.5
2151523,COCCOC(=O)NS(=O)(=O)c1sc(CC(C)C)cc1c2ccc(Cn3ccnc3)cc2,CHEMBL386172,Ki,7.51
2151534,OC(=O)[C@@H]1Cc2cc(ccc2CN1C(=O)C(c3ccccc3)c4ccccc4)c5ccccc5,CHEMBL290286,IC50,7.52
2151544,CCCC1=Nc2ccc3NCCCCCCC(=O)NS(=O)(=O)c4ccc(CCC)cc4c5ccc(CN1C(=O)c2c3)cc5,CHEMBL263714,IC50,7.62
2151555,CCCc1nc2c(C)ccnc2n1Cc3ccc(OC(C(=O)O)c4ccccc4Cl)cc3,CHEMBL40381,IC50,7.66
2151565,CCCCC1=NN(C(=O)N1Cc2ccc(cc2F)c3ccccc3S(=O)(=O)NC(=O)OC(C)(C)C)c4cc(NC(=O)c5occc5)ccc4Cl,CHEMBL340473,IC50,7.7
2151576,CCCCCC(=O)NS(=O)(=O)c1ccccc1c2ccc(Cn3c(CCC)nc(CN4CCN(CC4)c5ccccn5)c3C(=O)O)cc2,CHEMBL307321,IC50,7.7
2151586,CCCCOC(=O)NS(=O)(=O)c1ccccc1c2ccc(Cn3c(CCC)nc(CC)c3C(=O)NCCCOc4ccccc4)c(F)c2,CHEMBL69839,IC50,7.7
2151596,CCCCc1nc2ccnc(O)c2n1Cc3ccc(cc3)c4ccccc4C(=O)O,CHEMBL288705,IC50,7.7
2151606,CCCOC(=O)NS(=O)(=O)c1ccccc1c2ccc(Cn3c(CCC)nc(CC)c3C(=O)OCc4ccccc4c5ccsc5)c(F)c2,CHEMBL71286,IC50,7.7
2151615,CCCc1nc(CC)c(C(=O)OCc2ccccc2c3ccsc3)n1Cc4ccc(cc4F)c5ccccc5S(=O)(=O)NC(=O)OCCC(C)C,CHEMBL74236,IC50,7.7
2151625,COC(C)c1ccc(N2CCN(CC2)C(=O)c3cc(ccc3c4ccc(F)cc4)S(=O)(=O)C)c(F)c1,CHEMBL3746420,IC50,7.7
2151636,CCCCC1=NN(C(=O)N1Cc2ccc(cc2)c3ccccc3S(=O)(=O)NC(=O)OC(C)(C)C)c4cc(NC(=O)CC)ccc4C(F)(F)F,CHEMBL276674,IC50,7.75
2151647,CCCCOC(=O)NS(=O)(=O)c1sc(CC(C)C)cc1c2cccc(Cn3ccnc3)c2,CHEMBL2086892,Ki,7.75
2151658,CCc1nc2c(C)cc(C)nc2n1Cc3ccc(cc3)c4ccccc4S(=O)(=O)NC(=O)C(c5ccccc5)c6ccccc6,CHEMBL346728,IC50,7.75
2151669,CCCCC1=NN(C(=O)N1Cc2ccc(cc2F)c3cc(CCC)ccc3S(=O)(=O)NC(=O)c4ccccc4Cl)c5cc(NC(=O)C)ccc5Cl,CHEMBL321531,IC50,7.77
2151679,CCCCOC(=O)NS(=O)(=O)c1sc(CC(C)C)cc1c2ccc(CN3C(=Nc4ccc(NC(=O)C)cc4C3=O)CCC)cc2,CHEMBL289803,Ki,7.77
2151690,CC[C@@H](C)[C@H](NC(=O)c1cccc(Cn2ccnc2)c1)C(=O)O,CHEMBL376286,Ki,7.78
2151701,CCCCOC(=O)NS(=O)(=O)c1ccc(OC(C)C)cc1c2ccc(Cn3ccnc3)cc2,CHEMBL216515,Ki,7.82
2151711,CCCc1nc(SC)c(C(O)C(=O)O)n1Cc2ccc(cc2)c3ccccc3S(=O)(=O)NC(=O)NCc4ccccc4,CHEMBL315994,IC50,7.82
2151721,CCCCNC(=O)NS(=O)(=O)c1sc(CC(C)C)cc1c2ccc(Cn3ccnc3)cc2,CHEMBL216361,Ki,7.89
2151732,CC(C)CCOC(=O)NS(=O)(=O)c1ccccc1c2ccc(CN3C(=Nc4ccc(NC(=O)N(C)C(C)C)cc4C3=O)C)c(F)c2,CHEMBL75401,IC50,7.9
2151742,CCCCOC(=O)NS(=O)(=O)c1ccc(CC(C)C)cc1c2cccc(Cn3ccnc3)c2,CHEMBL3394207,Ki,7.91
2151753,CCCCC1=NN(C(=O)N1Cc2ccc(cc2F)c3cc(CCC)ccc3S(=O)(=O)NC(=O)OC(C)(C)C)c4cc(NC(=O)C)ccc4Cl,CHEMBL323506,IC50,7.92
2151763,CC[C@@H](C)[C@H](NC(=O)[C@@H]1CCCN1C(=O)[C@H](Cc2c[nH]cn2)NC(=O)[C@H](CCCCNC(=O)[C@H](CCCN=C(N)N)NC(=O)OCc3ccccc3)NC(=O)[C@H](Cc4ccc(O)cc4)NC(=O)c5ccccc5)C(=O)O,CHEMBL267354,IC50,7.92
2151774,CN(C)C(=O)Nc1ccc2N=C(C)N(Cc3ccc(cc3F)c4ccccc4S(=O)(=O)NC(=O)OCCC5CC5)C(=O)c2c1,CHEMBL305956,IC50,7.92
2151784,CC(C)CCOC(=O)NS(=O)(=O)c1ccccc1c2ccc(CN3C(=Nc4ccc(NC(=O)NC(C)C)cc4C3=O)C)c(F)c2,CHEMBL194608,IC50,7.96
2151794,CCC1=Nc2ccc(NC(=O)N(C)C(C)C)cc2C(=O)N1Cc3ccc(cc3F)c4ccccc4S(=O)(=O)NC(=O)COCC(C)C,CHEMBL311386,IC50,7.96
2151804,CCC1=NN(C(=O)N1Cc2ccc(cc2F)c3ccccc3S(=O)(=O)NC(=O)OC(C)(C)C)c4cc(NC(=O)c5ccccc5)ccc4Cl,CHEMBL331632,IC50,8.0
2151814,CCCCCCCOC(=O)NS(=O)(=O)c1ccccc1c2ccc(Cn3c(CCC)nc(CC)c3C(=O)OCc4ccccc4OC)c(F)c2,CHEMBL308482,IC50,8.0
2151824,CCCCc1nc(Cl)c2C=C(CC(c3ccc(cc3)c4ccccc4c5nnn[nH]5)n12)C(=O)O,CHEMBL1668008,IC50,8.0
2151834,CCCOC(=O)NS(=O)(=O)c1ccccc1c2ccc(Cn3c(CCC)nc(CC)c3C(=O)OCc4cccc(c4)C(=O)c5ccccc5)c(F)c2,CHEMBL311018,IC50,8.0
2151843,CCCOC(=O)NS(=O)(=O)c1ccccc1c2ccc(Cn3c(CCC)nc(CC)c3C(=O)OCc4ccccc4c5cncnc5)c(F)c2,CHEMBL306435,IC50,8.0
2151852,CCCc1nc(CC)c(C(=O)OCc2ccccc2C(=O)c3ccccc3)n1Cc4ccc(cc4)c5ccccc5S(=O)(=O)NC(=O)OC,CHEMBL304065,IC50,8.0
2151861,CCCc1nc(CC)c(C(=O)OCc2ccccc2OCCC(C)C)n1Cc3ccc(cc3F)c4ccccc4S(=O)(=O)NC(=O)OCCC(C)C,CHEMBL307866,IC50,8.0
2151871,CCOC(=O)NS(=O)(=O)c1sc(CC(C)C)cc1c2ccc(Cn3ccnc3)cc2,CHEMBL386269,Ki,8.0
2151882,N[C@@H](CC(=O)O)C(=O)N[C@@H](CCCN=C(N)N)C(=O)NCc1cc(Cc2ccc(O)cc2)cc(c1)C(=O)N[C@@H](Cc3c[nH]cn3)C(=O)N4CCC[C@H]4C(=O)N[C@@H](Cc5ccccc5)C(=O)O,CHEMBL196316,Ki,8.0
2151893,CC(C)[C@H](NC(=O)[C@H](CCCN=C(N)N)NC(=O)[C@@H](N)CC(=O)O)C(=O)Nc1cc(Cc2ccc(O)cc2)cc(c1)C(=O)N[C@@H](Cc3c[nH]cn3)C(=O)N4CCC[C@H]4C(=O)N[C@@H](Cc5ccccc5)C(=O)O,CHEMBL276163,Ki,8.01
2151905,CCCCOC(=O)NS(=O)(=O)c1sc(CC(C)C)cc1c2ccc(Cn3ccnc3)cc2,CHEMBL189568,Ki,8.01
2151916,CCNC(=O)Nc1ccc2N=C(CC)N(Cc3ccc(cc3F)c4ccccc4S(=O)(=O)NC(=O)OCCC5CC5)C(=O)c2c1,CHEMBL306361,IC50,8.01
2151925,CC(C)[C@H](NC(=O)[C@H](C)NC(=O)[C@@H](N)CC(=O)O)C(=O)Nc1cccc2CN(CC(=O)N[C@@H](Cc3c[nH]cn3)C(=O)N4CCC[C@H]4C(=O)N[C@@H](Cc5ccccc5)C(=O)O)C(=O)[C@H](Cc6ccc(O)cc6)Nc12,CHEMBL406907,Ki,8.03
2151936,CCC1=Nc2ccc(NC(=O)N(C)C(C)C)cc2C(=O)N1Cc3ccc(cc3F)c4ccccc4S(=O)(=O)NC(=O)OCC=C(C)C,CHEMBL76821,IC50,8.03
2151946,COc1ccc2CN(C(Cc2c1OCc3ccccc3)C(=O)O)C(=O)N(C)c4ccccc4,CHEMBL155728,IC50,8.03
2151956,CCC1=Nc2ccc(NC(=O)N(C)C(C)C)cc2C(=O)N1Cc3ccc(cc3F)c4ccccc4S(=O)(=O)NC(=O)OCCC(C)C,CHEMBL74442,IC50,8.04
2151965,CCCCc1nc(SC)c(n1Cc2ccc(cc2)c3ccccc3S(=O)(=O)NC(=O)NCc4ccccc4)C(O)(C(=O)O)C(F)(F)F,CHEMBL313073,IC50,8.04
2151975,CCC1=Nc2ccc(NC(=O)N(C)C(C)C)cc2C(=O)N1Cc3ccc(cc3F)c4ccccc4S(=O)(=O)NC(=O)c5ccc(CC)cc5,CHEMBL263452,IC50,8.05
2151984,CCCc1nc(CC)c(C(=O)NCCCOc2ccccc2)n1Cc3ccc(cc3F)c4ccccc4S(=O)(=O)NC(=O)OCCC(C)C,CHEMBL306340,IC50,8.05
2151993,CCCc1nc(CC)c(C(=O)OCc2ccccc2c3ccccc3)n1Cc4ccc(cc4F)c5ccccc5S(=O)(=O)NC(=O)OCCC(C)C,CHEMBL70793,IC50,8.05
2152467,CCCCNC(=O)c1ccc(c(c1)N2N=C(CC)N(Cc3ccc(cc3F)c4ccccc4S(=O)(=O)NC(=O)OC(C)(C)C)C2=O)C(F)(F)F,CHEMBL124903,IC50,8.09
2152478,CCCCOC(=O)NS(=O)(=O)c1cc(CC(C)C)ccc1c2cccc(Cn3ccnc3)c2,CHEMBL3394209,Ki,8.09
2152488,CCCCc1nc(SC)c(n1Cc2ccc(cc2)c3ccccc3S(=O)(=O)NC(=O)NCCC)C(C)(O)C(=O)O,CHEMBL315275,IC50,8.09
2152498,CCCCC1=Nc2ccc(NC(=O)N(C)C(C)C)cc2C(=O)N1Cc3ccc(cc3F)c4ccccc4S(=O)(=O)NC(=O)OCCC(C)C,CHEMBL74556,IC50,8.1
2152508,CCCCOC(=O)NS(=O)(=O)c1sc(CC(C)C)cc1c2ccc(CN3C(=Nc4ccc(cc4C3=O)N(CC)C(=O)c5cccs5)CCC)cc2,CHEMBL287829,Ki,8.1
2152518,CCCCc1nc(SC)c(C(O)n2cnnn2)n1Cc3ccc(cc3)c4ccccc4S(=O)(=O)NC(=O)NCc5ccccc5,CHEMBL89463,IC50,8.1
2152528,CCCCC1=Nc2ccc(NC(=O)N(C)C(C)C)cc2C(=O)N1Cc3ccc(cc3F)c4ccccc4S(=O)(=O)NC(=O)OCCC5CC5,CHEMBL306362,IC50,8.11
2152538,CCCCOC(=O)NS(=O)(=O)c1ccccc1c2ccc(CN3C(=Nc4ccc(NC(=O)N(C)C(C)C)cc4C3=O)CCCC)c(F)c2,CHEMBL415073,IC50,8.11
2152548,CCCCC(=O)c1ccc(Cl)c(c1)N2N=C(CCCC)N(Cc3ccc(cc3F)c4ccccc4S(=O)(=O)NC(=O)OC(C)(C)C)C2=O,CHEMBL421478,IC50,8.13
2152558,CCCCOC(=O)NS(=O)(=O)c1sc(CC(C)C)cc1c2ccc(Cn3cnc4cccnc34)cc2,CHEMBL190811,Ki,8.15
2152569,CCCCCN(C(=O)c1ccccc1)c2ccc3N=C(CCC)N(Cc4ccc(cc4)c5ccccc5c6nn[nH]n6)C(=O)c3c2,CHEMBL302102,IC50,8.16
2152578,CCCc1nc(CC)c(C(=O)OCCN2C(=O)c3ccccc3C2=O)n1Cc4ccc(cc4F)c5ccccc5S(=O)(=O)NC(=O)OCCC(C)C,CHEMBL311253,IC50,8.16
2152588,Cc1cc(Cn2cnc3CN([C@@H](Cc23)C(=O)O)C(=O)C(c4ccccc4)c5ccccc5)ccc1NCCCCCCNC(=O)[C@@H](N)CCCCNC(=O)CCCC[C@@H]6SC[C@@H]7NC(=O)N[C@H]67,CHEMBL265790,IC50,8.16
2152598,CCCc1nc(c2ccccc2)c(C=O)n1Cc3ccc(cc3)c4ccccc4c5nn[nH]n5,CHEMBL177435,IC50,8.17
2152609,CCC1=Nc2ccc(NC(=O)NC(C)C)cc2C(=O)N1Cc3ccc(cc3F)c4ccccc4S(=O)(=O)NC(=O)OCCC5CC5,CHEMBL307430,IC50,8.19
2152619,CCCCC1=NN(C(=O)N1Cc2ccc(cc2F)c3ccccc3S(=O)(=O)NC(=O)OC(C)(C)C)c4cc(NC(=O)c5ccccc5)ccc4C(F)(F)F,CHEMBL338137,IC50,8.2
2152630,CCC1=Nc2ccc(NC(=O)N(C)C(C)C)cc2C(=O)N1Cc3ccc(cc3F)c4ccccc4S(=O)(=O)NC(=O)OCCC5CC5,CHEMBL73876,IC50,8.21
2152640,CCCCC1=NN(C(=O)N1Cc2ccc(cc2F)c3ccccc3S(=O)(=O)NC(=O)OC(C)(C)C)c4cc(NC(=O)c5ccccc5)ccc4Br,CHEMBL125008,IC50,8.22
2152653,CCCCOC(=O)NS(=O)(=O)c1ccc(CCC)cc1c2ccc(Cn3c(CC)nc4c(C)cc(C)nc34)cc2,CHEMBL39959,IC50,8.22
2152664,CCCCOC(=O)NS(=O)(=O)c1sc(CCC)cc1c2ccc(Cn3ccnc3)cc2,CHEMBL216688,Ki,8.22
2152675,CCCc1nc2c(C)cc(NC(=O)c3ccccc3)cc2n1Cc4ccc(cc4)c5ccccc5C(=O)O,CHEMBL2435825,IC50,8.22
2152686,CCCCC1=NN(C(=O)N1Cc2ccc(cc2)c3ccccc3S(=O)(=O)NC(=O)OC(C)(C)C)c4cc(NC(=O)CC)ccc4Cl,CHEMBL334300,IC50,8.24
2152697,COc1ccc2CN(C(Cc2c1OCc3ccccc3)C(=O)O)C(=O)N(c4ccccc4)c5ccccc5,CHEMBL348363,IC50,8.24
2152706,CCCCc1nc(SC)c(n1Cc2ccc(cc2)c3ccccc3S(=O)(=O)NC(=O)NCC4CCCCC4)C(O)(C(=O)O)C(F)(F)F,CHEMBL86617,IC50,8.25
2152716,CCCC1=NN(C(=O)N1Cc2ccc(cc2F)c3ccccc3S(=O)(=O)NC(=O)OC(C)(C)C)c4cc(NC(=O)c5ccccc5)ccc4C(F)(F)F,CHEMBL122158,IC50,8.28
2152727,CCCCC1=NN(C(=O)N1Cc2ccc(cc2F)c3ccccc3S(=O)(=O)NC(=O)c4cc(Cl)ccc4Cl)c5cc(NC(=O)CC)ccc5C(F)(F)F,CHEMBL340078,IC50,8.29
2152738,Cc1cc(Cn2cnc3CN([C@@H](Cc23)C(=O)O)C(=O)C(c4ccccc4)c5ccccc5)cc(I)c1O,CHEMBL424004,IC50,8.29
2152747,CCCCN(Cc1ccccc1)C(=O)CCCOC(=O)c2c(CC)nc(CCC)n2Cc3ccc(cc3F)c4ccccc4S(=O)(=O)NC(=O)OCCC(C)C,CHEMBL70868,IC50,8.3
2152757,CCCCOC(=O)NS(=O)(=O)c1ccc(CCCC)cc1c2ccc(Cn3ccnc3)cc2,CHEMBL214592,Ki,8.3
2152768,CCCCOC(=O)NS(=O)(=O)c1sc(CCCC)cc1c2ccc(Cn3ccnc3)cc2,CHEMBL217249,Ki,8.3
2152778,CCCc1nc(CC)c(C(=O)NCc2ccccc2[S+]([O-])c3ccccc3)n1Cc4ccc(cc4F)c5ccccc5S(=O)(=O)NC(=O)OCCC(C)C,CHEMBL419073,IC50,8.3
2152787,CCCc1nc(CC)c(C(=O)OCCCC(=O)Nc2ccccc2)n1Cc3ccc(cc3F)c4ccccc4S(=O)(=O)NC(=O)OCCC(C)C,CHEMBL430792,IC50,8.3
2152796,CCCc1nc(CC)c(C(=O)OCCCC(=O)c2ccccc2)n1Cc3ccc(cc3F)c4ccccc4S(=O)(=O)NC(=O)OCCC(C)C,CHEMBL70161,IC50,8.3
2152805,CCCc1nc(CC)c(C(=O)OCc2ccccc2S(=O)(=O)c3ccccc3)n1Cc4ccc(cc4F)c5ccccc5S(=O)(=O)NC(=O)OCCC(C)C,CHEMBL312301,IC50,8.3
2152814,CCCc1nc(SC)c(n1Cc2ccc(cc2)c3ccccc3S(=O)(=O)NC(=O)NCc4ccccc4)C(O)(C=C)C(=O)O,CHEMBL89052,IC50,8.3
2152824,COc1ccc2CN(C(Cc2c1OCCc3ccccc3)C(=O)O)C(=O)C(c4ccccc4)c5ccccc5,CHEMBL156129,IC50,8.32
2152833,CCCc1nc(SC)c(n1Cc2ccc(cc2)c3ccccc3S(=O)(=O)NC(=O)NCc4ccccc4)C(C)(O)C(=O)O,CHEMBL275449,IC50,8.33
2152842,CC[C@H](C)[C@@H]1Nc2c(Cc3ccc(O)cc3)cc(NC(=O)[C@H](CCCN=C(N)N)NC(=O)[C@@H](N)CC(=O)O)cc2CN(CC(=O)N[C@@H](Cc4c[nH]cn4)C(=O)N5CCC[C@H]5C(=O)N[C@@H](Cc6ccccc6)C(=O)O)C1=O,CHEMBL265613,Ki,8.33
2152853,CCCCC1=NN(C(=O)N1Cc2ccc(cc2F)c3ccccc3S(=O)(=O)NC(=O)OCC)c4cc(NC(=O)CC)ccc4C(F)(F)F,CHEMBL332576,IC50,8.34
2152864,CCCCOC(=O)NS(=O)(=O)c1sc(CC(C)C)cc1c2ccc(CN3C(=Nc4ccc(cc4C3=O)N(CC)C(=O)C)CCC)cc2,CHEMBL291124,Ki,8.34
2152875,CCCCc1nc2ccccc2[n+]([O-])c1Oc3ccc(cc3)c4ccccc4c5nn[nH]n5,CHEMBL77029,Ki,8.35
2152886,CCCC1=Nc2ccc(NC(=O)NC(C)C)cc2C(=O)N1Cc3ccc(cc3F)c4ccccc4S(=O)(=O)NC(=O)c5ccc(CC)cc5F,CHEMBL305647,IC50,8.36
2152896,CCCCC1=NN(C(=O)N1Cc2ccc(cc2F)c3ccccc3S(=O)(=O)NC(=O)CC(C)(C)C)c4cc(NC(=O)CC)ccc4C(F)(F)F,CHEMBL122917,IC50,8.37
2152907,CCCCC1=NN(C(=O)N1Cc2ccc(cc2F)c3ccccc3S(=O)(=O)NC(=O)c4ccccc4)c5cc(NC(=O)CC)ccc5C(F)(F)F,CHEMBL332909,IC50,8.37
2152918,CCC1=NN(C(=O)N1Cc2ccc(cc2F)c3ccccc3S(=O)(=O)NC(=O)OC(C)(C)C)c4cc(NC(=O)c5ccccc5)ccc4Br,CHEMBL273542,IC50,8.39
2152929,CCCCC1=NN(C(=O)N1Cc2ccc(cc2F)c3ccccc3S(=O)(=O)NC(=O)OC(C)(C)C)c4cc(ccc4Cl)C(=O)NCCOC,CHEMBL444065,IC50,8.39
2152940,CCCCN(C)C(=O)NS(=O)(=O)c1sc(CC(C)C)cc1c2ccc(Cn3ccnc3)cc2,CHEMBL384462,Ki,8.4
2152950,CCCCOC(=O)NS(=O)(=O)c1sc(CC(C)C)cc1c2ccc(Cn3cnc4ccccc34)cc2,CHEMBL366210,Ki,8.4
2152960,CCCc1nc(CC)c(C(=O)OCCN(C(=O)OCCC(C)C)c2ccccc2)n1Cc3ccc(cc3F)c4ccccc4S(=O)(=O)NC(=O)OCCC(C)C,CHEMBL303427,IC50,8.4
2152969,CCCCc1nc(SC)c(n1Cc2ccc(cc2)c3ccccc3S(=O)(=O)NC(=O)NCc4ccccc4)C(C)(O)C(=O)O,CHEMBL316021,IC50,8.41
2152979,CCCCC(=O)Nc1ccc(c(c1)N2N=C(CCCC)N(Cc3ccc(cc3F)c4ccccc4S(=O)(=O)NC(=O)OC(C)(C)C)C2=O)C(F)(F)F,CHEMBL338434,IC50,8.42
2152990,CCCCC1=NN(C(=O)N1Cc2ccc(cc2F)c3ccccc3S(=O)(=O)NC(=O)OC(C)(C)C)c4cc(NC(=O)CC)ccc4Cl,CHEMBL339605,IC50,8.43
2153001,CCCCNC(=O)c1ccc(Br)c(c1)N2N=C(CC)N(Cc3ccc(cc3F)c4ccccc4S(=O)(=O)NC(=O)OC(C)(C)C)C2=O,CHEMBL339806,IC50,8.43
2153012,CCCCNC(=O)c1ccc(Cl)c(c1)N2N=C(CCCC)N(Cc3ccc(cc3F)c4ccccc4S(=O)(=O)NC(=O)c5ccccc5Cl)C2=O,CHEMBL339004,IC50,8.43
2153023,CNC(=O)[C@H](Cc1c[nH]cn1)NC(=O)[C@@H]2CS[C@@H]3C[C@@](Cc4ccc(O)cc4)(NC(=O)[C@@H](NC(=O)C)C(C)C)C(=O)N23,CHEMBL190286,Ki,8.43
2153034,CCCC1=NN(C(=O)N1Cc2ccc(cc2F)c3ccccc3S(=O)(=O)NC(=O)OC(C)(C)C)c4cc(NC(=O)c5ccccc5)ccc4Br,CHEMBL338342,IC50,8.44
2153045,CCCCC(=O)Nc1ccc(c(c1)N2N=C(CC)N(Cc3ccc(cc3F)c4ccccc4S(=O)(=O)NC(=O)OC(C)(C)C)C2=O)C(F)(F)F,CHEMBL338889,IC50,8.44
2153056,Cc1cc(Cn2cnc3CN([C@@H](Cc23)C(=O)O)C(=O)C(c4ccccc4)c5ccccc5)ccc1NCCCCCCNC(=O)CCNc6ccc(c7nonc67)[N+](=O)[O-],CHEMBL170290,IC50,8.44
2153066,CCCC1=Nc2ccc(NC(=O)NC(C)C)cc2C(=O)N1Cc3ccc(cc3F)c4ccccc4S(=O)(=O)NC(=O)COCC(C)C,CHEMBL263191,IC50,8.46
2153076,CCCCC1=NN(C(=O)N1Cc2ccc(cc2F)c3ccccc3S(=O)(=O)NC(=O)c4ccccc4Cl)c5cc(NC(=O)CC)ccc5C(F)(F)F,CHEMBL339256,IC50,8.46
2153087,CCCCc1nc2C=CN(CC(=O)N3CCCCC3)C(=O)c2n1Cc4ccc(cc4F)c5ccccc5S(=O)(=O)NC(=O)OCc6ccccc6,CHEMBL1668007,IC50,8.46
2153099,CCCCC(=O)Nc1ccc(Br)c(c1)N2N=C(CC)N(Cc3ccc(cc3F)c4ccccc4S(=O)(=O)NC(=O)OC(C)(C)C)C2=O,CHEMBL338027,IC50,8.47
2153110,CCCCC1=NN(C(=O)N1Cc2ccc(cc2F)c3ccccc3S(=O)(=O)NC(=O)OC(C)(C)C)c4cc(ccc4Cl)C(=O)NCCC,CHEMBL339040,IC50,8.47
2153121,CCCC1=Nc2ccc(NC(=O)N3CCOCC3)cc2C(=O)N1Cc4ccc(cc4F)c5ccccc5S(=O)(=O)NC(=O)OCCC(C)C,CHEMBL259843,IC50,8.48
2153130,CCCCOC(=O)NS(=O)(=O)c1sc(CC(C)C)cc1c2ccc(Cn3c(CC)nc4ccccc34)cc2,CHEMBL190577,Ki,8.5
2153141,CCC1=Nc2ccc(NC(=O)NC(C)C)cc2C(=O)N1Cc3ccc(cc3F)c4ccccc4S(=O)(=O)NC(=O)c5ccc(CC)cc5F,CHEMBL311160,IC50,8.51
2153151,CCCCC1=NN(C(=O)N1Cc2ccc(cc2F)c3ccccc3S(=O)(=O)NC(=O)c4ccccc4Cl)c5cc(NC(=O)CC)ccc5Cl,CHEMBL339672,IC50,8.51
2153162,CCCCNC(=O)c1ccc(Cl)c(c1)N2N=C(CCCC)N(Cc3ccc(cc3F)c4ccccc4S(=O)(=O)NC(=O)OC(C)(C)C)C2=O,CHEMBL340632,IC50,8.51
2153172,CC(C)[C@H](NC(=O)[C@H](CCCN=C(N)N)NC(=O)[C@@H](N)CC(=O)O)C(=O)Nc1ccc2N[C@@H](Cc3ccc(O)cc3)C(=O)N(CC(=O)N[C@@H](Cc4c[nH]cn4)C(=O)N5CCC[C@H]5C(=O)N[C@@H](Cc6ccccc6)C(=O)O)Cc2c1,CHEMBL414478,Ki,8.52
2153182,CCCCOC(=O)NS(=O)(=O)c1ccccc1c2ccc(Cn3c(CCC)nc(CC)c3C(=O)OCc4ccccc4Oc5ccccc5)c(F)c2,CHEMBL72099,IC50,8.52
2153191,CCCOC(=O)NS(=O)(=O)c1ccccc1c2ccc(Cn3c(CCC)nc(CC)c3C(=O)OCc4ccccc4c5cccs5)c(F)c2,CHEMBL307008,IC50,8.52
2153200,CCCc1nc(CC)c(C(=O)NCc2ccccc2Sc3ccccc3)n1Cc4ccc(cc4F)c5ccccc5S(=O)(=O)NC(=O)OCCC(C)C,CHEMBL307359,IC50,8.52
2153209,CCCc1nc(CC)c(C(=O)OC(C(=O)c2ccccc2)c3ccccc3)n1Cc4ccc(cc4F)c5ccccc5S(=O)(=O)NC(=O)OCCC(C)C,CHEMBL74514,IC50,8.52
2153218,CCCc1nc(CC)c(C(=O)OCCC(=O)Nc2ccccc2)n1Cc3ccc(cc3F)c4ccccc4S(=O)(=O)NC(=O)OCCC(C)C,CHEMBL305238,IC50,8.52
2153227,CCCc1nc(CC)c(C(=O)OCCCN2C(=O)c3ccccc3C2=O)n1Cc4ccc(cc4F)c5ccccc5S(=O)(=O)NC(=O)OCCC(C)C,CHEMBL70843,IC50,8.52
2153236,CCCc1nc(CC)c(C(=O)OCc2ccccc2C(=O)C(C)(C)C)n1Cc3ccc(cc3F)c4ccccc4S(=O)(=O)NC(=O)OCCC(C)C,CHEMBL309790,IC50,8.52
2153245,CCCc1nc(CC)c(C(=O)OCc2ccccc2c3ccccn3)n1Cc4ccc(cc4F)c5ccccc5S(=O)(=O)NC(=O)OCCC(C)C,CHEMBL303647,IC50,8.52
2153254,CCCc1nc(CC)c(C(=O)OCc2ccccc2c3cccs3)n1Cc4ccc(cc4F)c5ccccc5S(=O)(=O)NC(=O)OCCC(C)C,CHEMBL74069,IC50,8.52
2153264,CCCCC1=NN(C(=O)N1Cc2ccc(cc2F)c3ccccc3S(=O)(=O)NC(=O)OC(C)(C)C)c4cc(NC(=O)CC)ccc4C(F)(F)F,CHEMBL339113,IC50,8.54
2153276,CCCCOC(=O)NS(=O)(=O)c1sc(CC(C)C)cc1c2ccc(Cn3c(CC)nc4c(C)cc(C)nc34)cc2,CHEMBL288174,Ki,8.55
2153286,N[C@@H](CC(=O)O)C(=O)N[C@@H](CCCN=C(N)N)C(=O)Nc1cccc2CN(CC(=O)N[C@@H](Cc3c[nH]cn3)C(=O)N4CCC[C@H]4C(=O)N[C@@H](Cc5ccccc5)C(=O)O)C(=O)[C@H](Cc6ccc(O)cc6)Nc12,CHEMBL409528,Ki,8.55
2153297,CCCCC1=NN(C(=O)N1Cc2ccc(cc2F)c3ccccc3S(=O)(=O)NC(=O)OC(C)C)c4cc(NC(=O)CC)ccc4C(F)(F)F,CHEMBL331455,IC50,8.57
2153308,CCCC1=NN(C(=O)N1Cc2ccc(cc2F)c3ccccc3S(=O)(=O)NC(=O)OC(C)(C)C)c4cc(NC(=O)COCC)ccc4C(F)(F)F,CHEMBL331507,IC50,8.59
2153319,CCCCC1=NN(C(=O)N1Cc2ccc(cc2F)c3cc(CCC)ccc3S(=O)(=O)NC(=O)OCC)c4cc(NC(=O)C)ccc4Cl,CHEMBL321313,IC50,8.59
2153329,CCCCNC(=O)c1ccc(c(c1)N2N=C(CCC)N(Cc3ccc(cc3F)c4ccccc4S(=O)(=O)NC(=O)OC(C)(C)C)C2=O)C(F)(F)F,CHEMBL121907,IC50,8.59
2153339,CC[C@@H](C)[C@H](N1Cc2cccc(NC(=O)[C@H](CCCN=C(N)N)NC(=O)[C@@H](N)CC(=O)O)c2N[C@@H](Cc3ccc(O)cc3)C1=O)C(=O)N[C@@H](Cc4c[nH]cn4)C(=O)N5CCC[C@H]5C(=O)N[C@@H](Cc6ccccc6)C(=O)O,CHEMBL1791309,Ki,8.59
2153350,CCCCC1=NN(C(=O)N1Cc2ccc(cc2F)c3ccccc3S(=O)(=O)NC(=O)OC(C)(C)C)c4cc(NC(=O)COCC)ccc4Cl,CHEMBL339722,IC50,8.6
2153361,CCCCNC(=O)c1ccc(Br)c(c1)N2N=C(CCC)N(Cc3ccc(cc3F)c4ccccc4S(=O)(=O)NC(=O)OC(C)(C)C)C2=O,CHEMBL121872,IC50,8.6
2153372,CCCCC1=NN(C(=O)N1Cc2ccc(cc2F)c3cc(CCC)ccc3S(=O)(=O)NC(=O)c4ccccc4F)c5cc(NC(=O)C)ccc5Cl,CHEMBL313868,IC50,8.62
2153382,COc1ccc2CN(C(Cc2c1OCc3ccccc3)C(=O)O)C(=O)C(c4ccccc4)c5ccccc5,CHEMBL155836,IC50,8.62
2153392,CCCCC1=NN(C(=O)N1Cc2ccc(cc2F)c3ccccc3S(=O)(=O)NC(=O)OC(C)(C)C)c4cc(NC(=O)CC)ccc4Br,CHEMBL124771,IC50,8.64
2153403,CCc1nc2c(C)cc(C)nc2n1Cc3ccc(cc3)c4ccsc4c5nn[nH]n5,CHEMBL58156,IC50,8.64
2153414,CCCCC(=O)Nc1ccc(Br)c(c1)N2N=C(CCC)N(Cc3ccc(cc3F)c4ccccc4S(=O)(=O)NC(=O)OC(C)(C)C)C2=O,CHEMBL341369,IC50,8.66
2153425,CCCCC1=NN(C(=O)N1Cc2ccc(cc2F)c3ccccc3S(=O)(=O)NC(=O)OC(C)(C)C)c4cc(NC(=O)COCC)ccc4C(F)(F)F,CHEMBL338433,IC50,8.66
2153436,CCCCC(=O)Nc1ccc(Br)c(c1)N2N=C(C)N(Cc3ccc(cc3F)c4ccccc4S(=O)(=O)NC(=O)OC(C)(C)C)C2=O,CHEMBL333224,IC50,8.68
2153448,CCCCOC(=O)NS(=O)(=O)c1ccc(CC(C)C)cc1c2ccc(Cn3c(CC)nc4c(C)cc(C)nc34)cc2,CHEMBL289614,Ki,8.68
2153458,CCCc1nc(CC)c(C(=O)OCc2ccccc2C(=O)c3ccccc3)n1Cc4ccc(cc4)c5ccccc5S(=O)(=O)NC(=O)OCCc6ccccc6,CHEMBL70100,IC50,8.68
2153467,CCCc1nc(SC)c(n1Cc2ccc(cc2)c3ccccc3S(=O)(=O)NC(=O)NCc4ccccc4)C(O)(C(=O)O)c5ccccc5,CHEMBL88446,IC50,8.68
2153477,CCCCC(=O)Nc1ccc(Cl)c(c1)N2N=C(CC)N(Cc3ccc(cc3F)c4ccccc4S(=O)(=O)NC(=O)OC(C)(C)C)C2=O,CHEMBL338888,IC50,8.7
2153488,CCCCC1=NN(C(=O)N1Cc2ccc(cc2F)c3ccccc3S(=O)(=O)NC(=O)c4ccccc4F)c5cc(NC(=O)CC)ccc5C(F)(F)F,CHEMBL125280,IC50,8.7
2153499,CCCCNC(=O)c1ccc(Br)c(c1)N2N=C(CCC)N(Cc3ccc(cc3F)c4ccccc4S(=O)(=O)NC(=O)c5cc(Cl)ccc5Cl)C2=O,CHEMBL122401,IC50,8.7
2153510,CCCCc1ccc(c(c1)c2ccc(Cn3ccnc3)cc2)S(=O)(=O)NC(=O)OCC,CHEMBL214525,Ki,8.7
2153520,CCCc1nc(CC)c(C(=O)OCC(=O)c2ccccc2)n1Cc3ccc(cc3F)c4ccccc4S(=O)(=O)NC(=O)OCCC(C)C,CHEMBL70935,IC50,8.7
2153529,CCCc1nc(CC)c(C(=O)OCCCCOc2ccccc2)n1Cc3ccc(cc3F)c4ccccc4S(=O)(=O)NC(=O)OCCC(C)C,CHEMBL302964,IC50,8.7
2153538,CCCc1nc(CC)c(C(=O)OCCCOCc2ccccc2)n1Cc3ccc(cc3F)c4ccccc4S(=O)(=O)NC(=O)OCCC(C)C,CHEMBL70370,IC50,8.7
2153547,CCCc1nc(CC)c(C(=O)OCCCOc2ccccc2)n1Cc3ccc(cc3F)c4ccccc4S(=O)(=O)NC(=O)OCCC(C)C,CHEMBL69721,IC50,8.7
2153556,CCCc1nc(CC)c(C(=O)OCCCS(=O)(=O)c2ccccc2)n1Cc3ccc(cc3F)c4ccccc4S(=O)(=O)NC(=O)OCCC(C)C,CHEMBL308323,IC50,8.7
2153565,CCCc1nc(CC)c(C(=O)OCCCSc2ccccc2)n1Cc3ccc(cc3F)c4ccccc4S(=O)(=O)NC(=O)OCCC(C)C,CHEMBL71639,IC50,8.7
2153574,CCCc1nc(CC)c(C(=O)OCCN(C(=O)c2ccccc2)c3ccccc3)n1Cc4ccc(cc4F)c5ccccc5S(=O)(=O)NC(=O)OCCC(C)C,CHEMBL305017,IC50,8.7
2153583,CCCc1nc(CC)c(C(=O)OCc2ccccc2Sc3ccccc3)n1Cc4ccc(cc4F)c5ccccc5S(=O)(=O)NC(=O)OCCC(C)C,CHEMBL306761,IC50,8.7
2153592,CCCc1nc(CC)c(C(=O)OCc2ccccc2[S+]([O-])c3ccccc3)n1Cc4ccc(cc4F)c5ccccc5S(=O)(=O)NC(=O)OCCC(C)C,CHEMBL73283,IC50,8.7
2153601,CCCc1nc(SC)c(n1Cc2ccc(cc2)c3ccccc3S(=O)(=O)NC(=O)NCc4ccccc4)C(O)(CC)C(=O)O,CHEMBL315327,IC50,8.7
2153610,CCCCc1nc(SC)c(n1Cc2ccc(cc2)c3ccccc3S(=O)(=O)NC(=O)NCC4CCCCC4)C(C)(O)C(=O)O,CHEMBL81236,IC50,8.72
2153619,CCCc1nc(CC)c(C(=O)OCc2ccccc2C(=O)c3ccccc3)n1Cc4ccc(cc4)c5ccccc5S(=O)(=O)NC(=O)OCCC(C)C,CHEMBL306638,IC50,8.72
2153629,COc1ccc(COc2c(OC)ccc3CN(C(Cc23)C(=O)O)C(=O)C(c4ccccc4)c5ccccc5)cc1C,CHEMBL156100,IC50,8.72
2153639,CC(C)[C@H](NC(=O)[C@H](CCCN=C(N)N)NC(=O)[C@@H](N)CC(=O)O)C(=O)NCc1cc(Cc2ccc(O)cc2)cc(c1)C(=O)N[C@@H](Cc3c[nH]cn3)C(=O)N4CCC[C@H]4C(=O)N[C@@H](Cc5ccccc5)C(=O)O,CHEMBL428986,Ki,8.73
2153650,CCCCC1=NN(C(=O)N1Cc2ccc(cc2F)c3ccccc3S(=O)(=O)NC(=O)OC(C)(C)C)c4cc(NC(=O)CCOC)ccc4Cl,CHEMBL435811,IC50,8.75
2153660,CC[C@H](C)[C@@H]1Nc2c(Cc3ccc(O)cc3)cc(NC(=O)[C@@H](NC(=O)[C@H](CCCN=C(N)N)NC(=O)[C@@H](N)CC(=O)O)C(C)C)cc2CN(CC(=O)N[C@@H](Cc4c[nH]cn4)C(=O)N5CCC[C@H]5C(=O)N[C@@H](Cc6ccccc6)C(=O)O)C1=O,CHEMBL385706,Ki,8.75
2153671,CCC(=O)Nc1ccc(Br)c(c1)N2N=C(CC)N(Cc3ccc(cc3F)c4ccccc4S(=O)(=O)NC(=O)OC(C)(C)C)C2=O,CHEMBL122157,IC50,8.77
2153682,CCCNC(=O)c1ccc(c(c1)N2N=C(CCC)N(Cc3ccc(cc3F)c4ccccc4S(=O)(=O)NC(=O)c5ccccc5)C2=O)C(F)(F)F,CHEMBL331450,IC50,8.77
2153692,CCCOC(=O)NS(=O)(=O)c1ccccc1c2ccc(Cn3c(CCC)nc(CC)c3C(=O)OCc4ccccc4C(=O)c5ccccc5)c(F)c2,CHEMBL70726,IC50,8.8
2153702,CCCCC(=O)Nc1ccc(Br)c(c1)N2N=C(CC)N(Cc3ccc(cc3F)c4ccccc4S(=O)(=O)NC(=O)c5cc(F)ccc5F)C2=O,CHEMBL122380,IC50,8.82
2153713,CCOCC(=O)Nc1ccc(Cl)c(c1)N2N=C(CC)N(Cc3ccc(cc3F)c4ccccc4S(=O)(=O)NC(=O)OC(C)(C)C)C2=O,CHEMBL125760,IC50,8.82
2153724,OC(=O)[C@@H]1CN(CCN1C(=O)N(c2ccccc2)c3ccccc3)C(=O)N(c4ccccc4)c5ccccc5,CHEMBL290829,IC50,8.82
2153734,CCCC1=NN(C(=O)N1Cc2ccc(cc2F)c3ccccc3S(=O)(=O)NC(=O)OC(C)(C)C)c4cc(NC(=O)CC)ccc4Br,CHEMBL436396,IC50,8.85
2153744,CCCCC(=O)Nc1ccc(Br)c(c1)N2N=C(CC)N(Cc3ccc(cc3F)c4ccccc4S(=O)(=O)NC(=O)OC(C)C)C2=O,CHEMBL338687,IC50,8.96
2153754,CCCCCCC(O)(C(=O)O)c1c(SC)nc(CCC)n1Cc2ccc(cc2)c3ccccc3S(=O)(=O)NC(=O)NCc4ccccc4,CHEMBL314506,IC50,8.96
2153763,CCCc1nc(SC)c(n1Cc2ccc(cc2)c3ccccc3S(=O)(=O)NC(=O)NCc4ccccc4)C(O)(C(C)C)C(=O)O,CHEMBL314827,IC50,8.96
2153772,CCCc1nc(SC)c(n1Cc2ccc(cc2)c3ccccc3S(=O)(=O)NC(=O)NCc4ccccc4)C(O)(Cc5ccccc5)C(=O)O,CHEMBL89053,IC50,8.96
2153782,COc1ccc2CN(C(Cc2c1OCc3ccccc3)C(=O)O)C(=O)C(C4CCCC4)c5ccccc5,CHEMBL154057,IC50,8.96
2153791,CCCCCOC(=O)NS(=O)(=O)c1ccccc1c2ccc(Cn3c(CCC)nc(CC)c3C(=O)OCCC(=O)Nc4ccccc4)c(F)c2,CHEMBL307318,IC50,9.0
2153801,CCCCOCC(=O)NS(=O)(=O)c1sc(CC(C)C)cc1c2ccc(Cn3ccnc3)cc2,CHEMBL216250,Ki,9.0
2153812,CCCc1nc(CC)c(C(=O)OC)n1Cc2ccc(cc2F)c3ccccc3S(=O)(=O)NC(=O)OCCC(C)C,CHEMBL294512,IC50,9.0
2153822,CCCc1nc(CC)c(C(=O)OCCC[S+]([O-])c2ccccc2)n1Cc3ccc(cc3F)c4ccccc4S(=O)(=O)NC(=O)OCCC(C)C,CHEMBL311625,IC50,9.0
2153831,CCCc1nc(CC)c(C(=O)OCc2ccccc2C(=O)Nc3ccccc3)n1Cc4ccc(cc4F)c5ccccc5S(=O)(=O)NC(=O)OCCC(C)C,CHEMBL70867,IC50,9.0
2153840,CCCc1nc(CC)c(C(=O)OCc2ccccc2C(=O)c3ccccc3)n1Cc4ccc(cc4F)c5ccccc5S(=O)(=O)NC(=O)OCC(C)C,CHEMBL72595,IC50,9.0
2153849,CCCc1nc(CC)c(C(=O)OCc2ccccc2NC(=O)c3ccccc3)n1Cc4ccc(cc4F)c5ccccc5S(=O)(=O)NC(=O)OCCC(C)C,CHEMBL302579,IC50,9.0
2153858,CCCc1nc(CC)c(C(=O)OCc2ccccc2OC)n1Cc3ccc(cc3F)c4ccccc4S(=O)(=O)NC(=O)OCCC(C)C,CHEMBL70789,IC50,9.0
2153868,CNC(=O)[C@H](Cc1c[nH]cn1)NC(=O)[C@@H]2CS[C@H]3C[C@@](Cc4ccc(O)cc4)(NC(=O)[C@@H](NC(=O)C)C(C)C)C(=O)N23,CHEMBL187880,Ki,9.0
2153878,CCCCC(O)(C(=O)O)c1c(SC)nc(CCC)n1Cc2ccc(cc2)c3ccccc3S(=O)(=O)NC(=O)NCc4ccccc4,CHEMBL432378,IC50,9.05
2153887,CCCCOC(=O)NS(=O)(=O)c1ccccc1c2ccc(Cn3c(CCC)nc(CC)c3C(=O)OCc4ccccc4C(=O)c5ccccc5)c(F)c2,CHEMBL71172,IC50,9.05
2153896,CCCc1nc(CC)c(C(=O)OCc2cccc(c2)C(=O)c3ccccc3)n1Cc4ccc(cc4F)c5ccccc5S(=O)(=O)NC(=O)OCCC(C)C,CHEMBL71220,IC50,9.05
2153905,CC(C)[C@H](NC(=O)[C@H](CCCN=C(N)N)NC(=O)[C@@H](N)CC(=O)O)C(=O)Nc1cccc2CN(CC(=O)N[C@@H](Cc3c[nH]cn3)C(=O)N4CCC[C@H]4C(=O)N[C@@H](Cc5ccccc5)C(=O)O)C(=O)[C@H](Cc6ccc(O)cc6)Nc12,CHEMBL265881,Ki,9.1
2153917,CCCCOC(=O)NS(=O)(=O)c1ccc(CC(C)C)cc1c2ccc(Cn3ccnc3)cc2,CHEMBL217673,Ki,9.16
2153928,CCCc1nc(CC)c(C(=O)OCc2ccccc2C(=O)c3ccccc3)n1Cc4ccc(cc4F)c5ccccc5S(=O)(=O)NC(=O)OCCC(C)C,CHEMBL74573,IC50,9.16
2153938,CCCc1nc(CC)c(C(=O)OCc2ccccc2C(=O)c3ccccc3)n1Cc4ccc(cc4F)c5ccccc5S(=O)(=O)NC(=O)OCCc6ccccc6,CHEMBL71125,IC50,9.16
2153948,CCCCC(=O)Nc1ccc(Br)c(c1)N2N=C(CC)N(Cc3ccc(cc3F)c4ccccc4S(=O)(=O)NC(=O)c5ccccc5F)C2=O,CHEMBL122273,IC50,9.19
2153959,[K+].COc1ccc2CN([C@@H](Cc2c1OCc3ccccc3)C(=O)[O-])C(=O)C(c4ccccc4)c5ccccc5,CHEMBL157510,IC50,9.24
2153969,CCCCOC(=O)NS(=O)(=O)c1ccc(OCCCC)cc1c2ccc(Cn3ccnc3)cc2,CHEMBL215160,Ki,9.3
2153979,CCCCOC(=O)NS(=O)(=O)c1sc(CC(C)C)cc1c2ccc(Cn3ccnc3C)cc2,CHEMBL361927,Ki,9.3
2153991,CC[C@@H](C)[C@H](N1Cc2cccc(NC(=O)[C@@H](NC(=O)[C@H](CCCN=C(N)N)NC(=O)[C@@H](N)CC(=O)O)C(C)C)c2N[C@@H](Cc3ccc(O)cc3)C1=O)C(=O)N[C@@H](Cc4c[nH]cn4)C(=O)N5CCC[C@H]5C(=O)N[C@@H](Cc6ccccc6)C(=O)O,CHEMBL1791308,Ki,9.52
2154002,CCc1nc2c(C)cc(C)nc2n1Cc3ccc(cc3)c4ccccc4c5nn[nH]n5,CHEMBL7550,IC50,9.7
