id,smiles,name,assay_type,activity_value
5230999,CSCC[C@H](NC(=O)[C@H](CS)NC(=O)[C@H](CCCNC(=N)N)NC(=O)[C@H](CCCNC(=N)N)NC(=O)C1CCC(=O)N1)C(=O)N2CCC[C@H]2C(=O)N[C@@H](CC(C)C)C(=O)N[C@@H](Cc3cnc[nH]3)C(=O)N[C@@H](C)C(=O)N[C@@H](CCCNC(=N)N)C(=O)N[C@@H](C(C)C)C(=O)N4CCC[C@H]4C(=O)N[C@@H](Cc5ccccc5)C(=O)N6CCC[C@H]6C(=O)O,CHEMBL3809968,EC50,7.09
5231010,CSCC[C@H](NC(=O)[C@@H]1CCCN1C(=O)CNC(=O)[C@H](CCCCN)NC(=O)[C@H](Cc2cnc[nH]2)NC(=O)[C@H](CO)NC(=O)[C@H](CC(C)C)NC(=O)[C@H](CCCNC(=N)N)NC(=O)[C@@H]3CCCN3C(=O)[C@H](CCCNC(=N)N)NC(=O)C4CCC(=O)N4)C(=O)N5CCC[C@H]5C(=O)N[C@@H](Cc6ccccc6)C(=O)O,CHEMBL3809818,EC50,7.17
5231020,CSCC[C@H](NC(=O)[C@H](CS)NC(=O)[C@H](CCCNC(=N)N)NC(=O)[C@H](CCCNC(=N)N)NC(=O)C1CCC(=O)N1)C(=O)N2CCC[C@H]2C(=O)N[C@@H](CC(C)C)C(=O)N[C@@H](Cc3cnc[nH]3)C(=O)N[C@@H](CO)C(=O)N[C@@H](CCCNC(=N)N)C(=O)N[C@@H](C(C)C)C(=O)N[C@@H](C)C(=O)N[C@@H](Cc4ccccc4)C(=O)N5CCC[C@H]5C(=O)O,CHEMBL3809707,EC50,7.22
5231030,CSCC[C@H](NC(=O)[C@H](CS)NC(=O)[C@H](CCCNC(=N)N)NC(=O)[C@H](CCCNC(=N)N)NC(=O)C1CCC(=O)N1)C(=O)N2CCC[C@H]2C(=O)N[C@@H](CC(C)C)C(=O)N[C@@H](Cc3cnc[nH]3)C(=O)N[C@@H](CO)C(=O)N[C@@H](CCCNC(=N)N)C(=O)N[C@@H](C(C)C)C(=O)N4CCC[C@H]4C(=O)N[C@@H](C)C(=O)N5CCC[C@H]5C(=O)O,CHEMBL3809477,Ki,7.31
5231040,CSCC[C@H](NC(=O)[C@@H](NC(=O)[C@H](CC(C)C)NC(=O)[C@H](CC(=O)N)NC(=O)[C@@H](NC(=O)[C@@H]1CCCN1C(=O)[C@H](CCCNC(=N)N)NC(=O)C2CCC(=O)N2)C(C)C)[C@@H](C)O)C(=O)N[C@@H](CCCNC(=N)N)C(=O)N[C@@H](CCCNC(=N)N)C(=O)N[C@@H](CCCCN)C(=O)N[C@@H](CC(C)C)C(=O)N[C@@H](CCCNC(=N)N)C(=O)N[C@@H](CCCCN)C(=O)N[C@@H](Cc3cnc[nH]3)C(=O)N[C@@H](CC(=O)N)C(=O)N[C@H]4CSSC[C@H](NC(=O)[C@H](CCCNC(=N)N)NC(=O)[C@H](CCCNC(=N)N)NC(=O)[C@H](CCC(=O)N)NC(=O)[C@H](CC(C)C)NC4=O)C(=O)N[C@@H](CCSC)C(=O)N5CCC[C@H]5C(=O)N[C@@H](CC(C)C)C(=O)N[C@@H](Cc6cnc[nH]6)C(=O)N[C@@H](CCCNC(=N)N)C(=O)N[C@@H](CO)C(=O)N[C@@H](C(C)C)C(=O)N7CCC[C@H]7C(=O)N[C@@H](Cc8ccccc8)C(=O)N9CCC[C@H]9C(=O)O,CHEMBL3809767,EC50,7.35
5231050,CSCC[C@H](NC(=O)[C@H](CS)NC(=O)[C@H](CCCNC(=N)N)NC(=O)[C@H](CCCNC(=N)N)NC(=O)[C@@H]1CCC(=O)N1)C(=O)N2CCC[C@H]2C(=O)N[C@@H](CC(C)C)C(=O)N[C@@H](Cc3cnc[nH]3)C(=O)N[C@@H](CO)C(=O)N[C@@H](CCCNC(=N)N)C(=O)N[C@@H](C(C)C)C(=O)N4CCC[C@H]4C(=O)N[C@@H](Cc5ccccc5)C(=O)N6CCC[C@H]6C(=O)O,CHEMBL3809739,EC50,7.44
5231060,CSCC[C@H](NC(=O)[C@H](CS)NC(=O)[C@H](CCCNC(=N)N)NC(=O)[C@H](CCCNC(=N)N)NC(=O)C1CCC(=O)N1)C(=O)N2CCC[C@H]2C(=O)N[C@@H](CC(C)C)C(=O)N[C@@H](C)C(=O)N[C@@H](CO)C(=O)N[C@@H](CCCNC(=N)N)C(=O)N[C@@H](C(C)C)C(=O)N3CCC[C@H]3C(=O)N[C@@H](Cc4ccccc4)C(=O)N5CCC[C@H]5C(=O)O,CHEMBL3810194,Ki,7.46
5231070,CSCC[C@H](NC(=O)[C@H](CS)NC(=O)[C@H](CCCNC(=N)N)NC(=O)[C@H](CCCNC(=N)N)NC(=O)C1CCC(=O)N1)C(=O)N2CCC[C@H]2C(=O)N[C@@H](CC(C)C)C(=O)N[C@@H](Cc3cnc[nH]3)C(=O)N[C@@H](CO)C(=O)N[C@@H](CCCNC(=N)N)C(=O)N[C@@H](C)C(=O)N4CCC[C@H]4C(=O)N[C@@H](Cc5ccccc5)C(=O)N6CCC[C@H]6C(=O)O,CHEMBL3808818,EC50,7.62
5231080,CSCC[C@H](NC(=O)[C@H](CS)NC(=O)[C@H](CCCNC(=N)N)NC(=O)[C@H](CCCNC(=N)N)NC(=O)C1CCC(=O)N1)C(=O)N2CCC[C@H]2C(=O)N[C@@H](CC(C)C)C(=O)N[C@@H](Cc3cnc[nH]3)C(=O)N[C@@H](CO)C(=O)N[C@@H](CCCNC(=N)N)C(=O)N[C@@H](C(C)C)C(=O)N4CCC[C@H]4C(=O)N[C@@H](Cc5ccccc5)C(=O)N6CCC[C@H]6C(=O)N,CHEMBL3808449,Ki,7.66
5231090,CSCC[C@H](NC(=O)[C@H](CS)NC(=O)[C@H](CCCNC(=N)N)NC(=O)[C@H](CCCNC(=N)N)NC(=O)C1CCC(=O)N1)C(=O)N2CCC[C@H]2C(=O)N[C@@H](C)C(=O)N[C@@H](Cc3cnc[nH]3)C(=O)N[C@@H](CO)C(=O)N[C@@H](CCCNC(=N)N)C(=O)N[C@@H](C(C)C)C(=O)N4CCC[C@H]4C(=O)N[C@@H](Cc5ccccc5)C(=O)N6CCC[C@H]6C(=O)O,CHEMBL3809334,Ki,7.7
5231100,CSCC[C@H](NC(=O)[C@H](CS)NC(=O)[C@H](CCCNC(=N)N)NC(=O)[C@H](C)NC(=O)C1CCC(=O)N1)C(=O)N2CCC[C@H]2C(=O)N[C@@H](CC(C)C)C(=O)N[C@@H](Cc3cnc[nH]3)C(=O)N[C@@H](CO)C(=O)N[C@@H](CCCNC(=N)N)C(=O)N[C@@H](C(C)C)C(=O)N4CCC[C@H]4C(=O)N[C@@H](Cc5ccccc5)C(=O)N6CCC[C@H]6C(=O)O,CHEMBL3809768,EC50,7.8
5231110,CSCC[C@H](NC(=O)[C@H](CS)NC(=O)[C@H](CCCNC(=N)N)NC(=O)[C@H](CCCNC(=N)N)NC(=O)C1CCC(=O)N1)C(=O)N[C@@H](C)C(=O)N[C@@H](CC(C)C)C(=O)N[C@@H](Cc2cnc[nH]2)C(=O)N[C@@H](CO)C(=O)N[C@@H](CCCNC(=N)N)C(=O)N[C@@H](C(C)C)C(=O)N3CCC[C@H]3C(=O)N[C@@H](Cc4ccccc4)C(=O)N5CCC[C@H]5C(=O)O,CHEMBL3809538,EC50,7.8
5231121,CSCC[C@H](NC(=O)[C@@H](N)CS)C(=O)N1CCC[C@H]1C(=O)N[C@@H](CC(C)C)C(=O)N[C@@H](Cc2cnc[nH]2)C(=O)N[C@@H](CO)C(=O)N[C@@H](CCCNC(=N)N)C(=O)N[C@@H](C(C)C)C(=O)N3CCC[C@H]3C(=O)N[C@@H](Cc4ccccc4)C(=O)N5CCC[C@H]5C(=O)O,CHEMBL3809035,EC50,7.82
5231131,CC(C)C[C@H](NC(=O)[C@@H]1CCCN1C(=O)[C@H](C)NC(=O)[C@H](CS)NC(=O)[C@H](CCCNC(=N)N)NC(=O)[C@H](CCCNC(=N)N)NC(=O)C2CCC(=O)N2)C(=O)N[C@@H](Cc3cnc[nH]3)C(=O)N[C@@H](CO)C(=O)N[C@@H](CCCNC(=N)N)C(=O)N[C@@H](C(C)C)C(=O)N4CCC[C@H]4C(=O)N[C@@H](Cc5ccccc5)C(=O)N6CCC[C@H]6C(=O)O,CHEMBL3810012,EC50,7.85
5231141,CSCC[C@H](NC(=O)[C@H](CS)NC(=O)[C@H](C)NC(=O)[C@H](CCCNC(=N)N)NC(=O)C1CCC(=O)N1)C(=O)N2CCC[C@H]2C(=O)N[C@@H](CC(C)C)C(=O)N[C@@H](Cc3cnc[nH]3)C(=O)N[C@@H](CO)C(=O)N[C@@H](CCCNC(=N)N)C(=O)N[C@@H](C(C)C)C(=O)N4CCC[C@H]4C(=O)N[C@@H](Cc5ccccc5)C(=O)N6CCC[C@H]6C(=O)O,CHEMBL3809136,EC50,7.85
5231151,CCCC[C@H](NC(=O)[C@@H]1CCCN1C(=O)CNC(=O)[C@H](CCCCN)NC(=O)[C@H](Cc2cnc[nH]2)NC(=O)[C@H](CO)NC(=O)[C@H](CC(C)C)NC(=O)[C@H](CCCNC(=N)N)NC(=O)[C@@H]3CCCN3C(=O)[C@H](CCCNC(=N)N)NC(=O)[C@@H]4CCC(=O)N4)C(=O)N5CCC[C@H]5C(=O)N[C@@H](CC6c7ccccc7Cc8ccccc68)C(=O)O,CHEMBL3417387,IC50,7.86
5231162,CSCC[C@H](NC(=O)[C@H](CS)NC(=O)[C@H](CCCNC(=N)N)NC(=O)[C@H](CCCNC(=N)N)NC(=O)[C@@H](C)N)C(=O)N1CCC[C@H]1C(=O)N[C@@H](CC(C)C)C(=O)N[C@@H](Cc2cnc[nH]2)C(=O)N[C@@H](CO)C(=O)N[C@@H](CCCNC(=N)N)C(=O)N[C@@H](C(C)C)C(=O)N3CCC[C@H]3C(=O)N[C@@H](Cc4ccccc4)C(=O)N5CCC[C@H]5C(=O)O,CHEMBL3809537,EC50,7.89
5231172,CSCC[C@H](NC(=O)[C@H](CS)NC(=O)[C@H](CCCNC(=N)N)NC(=O)[C@H](CCCNC(=N)N)NC(=O)C1CCC(=O)N1)C(=O)N2CCC[C@H]2C(=O)N[C@@H](CC(C)C)C(=O)N[C@@H](Cc3cnc[nH]3)C(=O)N[C@@H](CO)C(=O)N[C@@H](CCCNC(=N)N)C(=O)N[C@@H](C(C)C)C(=O)N4CCC[C@H]4C(=O)N[C@@H](Cc5ccccc5)C(=O)N[C@@H](C)C(=O)O,CHEMBL3808736,EC50,7.92
5231182,CCCCC(NC(=O)[C@H](CS)NC(=O)[C@H](CCCNC(=N)N)NC(=O)[C@H](CCCNC(=N)N)NC(=O)C1CCC(=O)N1)C(=O)N2CCC[C@H]2C(=O)N[C@@H](CC(C)C)C(=O)N[C@@H](Cc3cnc[nH]3)C(=O)N[C@@H](CO)C(=O)N[C@@H](CCCNC(=N)N)C(=O)N[C@@H](C(C)C)C(=O)N4CCC[C@H]4C(=O)N[C@@H](Cc5ccccc5)C(=O)N6CCC[C@H]6C(=O)O,CHEMBL3808761,EC50,8.04
5231193,CSCC[C@H](NC(=O)[C@H](CS)NC(=O)[C@H](CCCNC(=N)N)NC(=O)[C@H](CCCNC(=N)N)NC(=O)[C@H](CCC(=O)N)NC(=O)[C@H](CC(C)C)NC(=O)[C@@H](N)CS)C(=O)N1CCC[C@H]1C(=O)N[C@@H](CC(C)C)C(=O)N[C@@H](Cc2cnc[nH]2)C(=O)N[C@@H](CO)C(=O)N[C@@H](CCCNC(=N)N)C(=O)N[C@@H](C(C)C)C(=O)N3CCC[C@H]3C(=O)N[C@@H](Cc4ccccc4)C(=O)N5CCC[C@H]5C(=O)O,CHEMBL3809335,EC50,8.17
5231203,CSCC[C@H](NC(=O)[C@@H]1CSSC[C@H](N)C(=O)N[C@@H](CC(C)C)C(=O)N[C@@H](CCC(=O)N)C(=O)N[C@@H](CCCNC(=N)N)C(=O)N[C@@H](CCCNC(=N)N)C(=O)N1)C(=O)N2CCC[C@H]2C(=O)N[C@@H](CC(C)C)C(=O)N[C@@H](Cc3cnc[nH]3)C(=O)N[C@@H](CO)C(=O)N[C@@H](CCCNC(=N)N)C(=O)N[C@@H](C(C)C)C(=O)N4CCC[C@H]4C(=O)N[C@@H](Cc5ccccc5)C(=O)N6CCC[C@H]6C(=O)O,CHEMBL3810388,EC50,8.18
5231213,CSCC[C@H](NC(=O)[C@H](CO)NC(=O)[C@H](CCCNC(=N)N)NC(=O)[C@H](CCCNC(=N)N)NC(=O)C1CCC(=O)N1)C(=O)N2CCC[C@H]2C(=O)N[C@@H](CC(C)C)C(=O)N[C@@H](Cc3cnc[nH]3)C(=O)N[C@@H](CO)C(=O)N[C@@H](CCCNC(=N)N)C(=O)N[C@@H](C(C)C)C(=O)N4CCC[C@H]4C(=O)N[C@@H](Cc5ccccc5)C(=O)N6CCC[C@H]6C(=O)O,CHEMBL3809291,EC50,8.19
5231223,CSCC[C@H](NC(=O)[C@H](C)NC(=O)[C@H](CCCNC(=N)N)NC(=O)[C@H](CCCNC(=N)N)NC(=O)C1CCC(=O)N1)C(=O)N2CCC[C@H]2C(=O)N[C@@H](CC(C)C)C(=O)N[C@@H](Cc3cnc[nH]3)C(=O)N[C@@H](CO)C(=O)N[C@@H](CCCNC(=N)N)C(=O)N[C@@H](C(C)C)C(=O)N4CCC[C@H]4C(=O)N[C@@H](Cc5ccccc5)C(=O)N6CCC[C@H]6C(=O)O,CHEMBL3809149,EC50,8.24
5231233,CCCC[C@H](NC(=O)[C@@H]1CCCN1C(=O)CNC(=O)[C@H](CCCCN)NC(=O)[C@H](Cc2cnc[nH]2)NC(=O)[C@H](CO)NC(=O)[C@H](CC(C)C)NC(=O)[C@H](CCCNC(=N)N)NC(=O)[C@@H]3CCCN3C(=O)[C@H](CCCNC(=N)N)NC(=O)[C@@H]4CCC(=O)N4)C(=O)N5CCC[C@H]5C(=O)N[C@@H](C\C=C\c6ccccc6)C(=O)O,CHEMBL3417386,EC50,8.47
5231243,CCCC[C@H](NC(=O)[C@@H]1CCCN1C(=O)CNC(=O)[C@H](CCCCN)NC(=O)[C@H](Cc2cnc[nH]2)NC(=O)[C@H](CO)NC(=O)[C@H](CC(C)C)NC(=O)[C@H](CCCNC(=N)N)NC(=O)[C@@H]3CCCN3C(=O)[C@H](CCCNC(=N)N)NC(=O)[C@@H]4CCC(=O)N4)C(=O)N5CCC[C@H]5C(=O)NC6(CCc7ccccc67)C(=O)O,CHEMBL3414601,IC50,8.77
