id,smiles,name,assay_type,activity_value
6834911,Cc1c(Cl)ccc(c1Cl)S(=O)(=O)N(CCc2ccccc2)CC(=O)NCC(=O)N(CCCCN)CC3CCNCC3,CHEMBL2087030,Ki,7.0
6834923,O[C@H](CC(=O)N[C@@H]1CCCc2cc(CN3CCCCC3)ccc12)CS(=O)(=O)c4ccc5ccccc5c4,CHEMBL488677,Ki,7.0
6834934,CCCN1C(=O)C(NC(=O)Nc2ccc(cc2)N3CCN(CC3)c4ccccn4)N=C(C5CCCCC5)c6ccccc16,CHEMBL298860,Ki,7.01
6834945,COC(=O)c1c(F)cccc1c2ccc(CNC(=O)C(O)(C(F)(F)F)C(F)(F)F)c(F)c2,CHEMBL257016,Ki,7.02
6834956,COc1cc(CN(CC(=O)NCc2ccccc2Cl)S(=O)(=O)c3ccc(CN(C)C)cc3)ccc1OCC(C)C,CHEMBL512111,Ki,7.03
6834967,Cc1ccc(cc1)S(=O)(=O)N2CCCC[C@H]2CC(=O)N[C@@H]3CCCc4cc(CNC(C)(C)C)ccc34,CHEMBL208387,IC50,7.03
6834978,COC(=O)c1c(F)cccc1c2ccc(CNC(=O)[C@@H](O)C(C)(C)C)c(F)c2,CHEMBL272491,Ki,7.05
6834989,CCCC(=O)Nc1cccnc1NCc2ccc(cc2)c3ccccc3C(=O)OC,CHEMBL195617,Ki,7.06
6835000,CCCN1C(=O)C(NC(=O)Nc2ccc(cc2)N3CCN(CC3)c4cccnc4)N=C(C5CCCCC5)c6ccccc16,CHEMBL299164,Ki,7.07
6835011,CN(C)Cc1ccc2[C@@H](CCOc2c1)NC(=O)C[C@@H](NS(=O)(=O)c3ccc4ccccc4c3)c5ccccc5,CHEMBL427279,Ki,7.07
6835022,CN(Cc1ccc(cc1)C2=NCCN2)C(=O)COCCN(C)S(=O)(=O)c3ccc(OC(F)(F)F)cc3,CHEMBL2087417,Ki,7.07
6835033,COC(=O)c1c(F)cccc1c2ccc(CNc3ccc(cn3)C(=O)N4CCN(CC4)c5ccccn5)c(F)c2,CHEMBL207011,Ki,7.07
6835044,OCc1ccc2[C@@H](CCOc2c1)NC(=O)C[C@H]3N(c4ccccc4NC3=O)S(=O)(=O)c5ccc(Cl)c(Cl)c5,CHEMBL498488,Ki,7.07
6835055,COC(=O)c1c(F)cccc1c2ccc(CNC(=O)[C@@](C)(O)C(C)C)c(F)c2,CHEMBL272791,Ki,7.08
6835065,C[C@@H](NC(=O)C1(COC1)NC(=O)c2cn(C)cn2)c3ncc(cc3F)c4cc(Cl)cc(F)c4c5noc(C)n5,CHEMBL3657634,Ki,7.08
6835075,NC(CCCN=C(N)N)C(=O)N[C@H](CCCN=C(N)N)C(=O)N1CCC[C@H]1C(=O)N2CC(O)C[C@H]2C(=O)NCC(=O)NC(Cc3cccs3)C(=O)N[C@@H](CO)C(=O)N[C@@H]4CSc5ccccc5N(CC(=O)O)C4=O,CHEMBL408846,Ki,7.08
6835086,COC(=O)c1c(F)cccc1c2ccc(CNc3ccc(cn3)C(=O)N4CCOCC4)c(F)c2,CHEMBL207178,Ki,7.1
6835097,CC(C)(C)NCc1ccc2[C@@H](CCOc2c1)NC(=O)C[C@@H](NS(=O)(=O)c3ccc(cc3)C(F)(F)F)c4ccccc4,CHEMBL389054,Ki,7.11
6835108,CN(C)CC(=C)c1ccc2[C@@H](CCCc2c1)NC(=O)C[C@@H](NS(=O)(=O)c3cccc(c3)C(F)(F)F)c4ccccc4,CHEMBL1210748,Ki,7.11
6835119,CN(Cc1ccc(cc1)C2=NCCN2)C(=O)CNC(=O)CN(C)S(=O)(=O)c3ccc(Cl)c(C)c3Cl,CHEMBL2087436,Ki,7.11
6835130,CC(=O)Nc1ccc(cc1)S(=O)(=O)Nc2ccccc2C(=O)c3cccnc3,CHEMBL500312,Ki,7.14
6835141,CC(C)NCc1ccc2[C@@H](CCCc2c1)NC(=O)C[C@@H]3CCCCN3S(=O)(=O)c4cccc(c4)C(F)(F)F,CHEMBL206247,IC50,7.14
6835152,COC(=O)[C@@H](NC(=O)c1n[nH]c(NC(=O)c2ccccc2Cl)c1Br)c3ccccc3,CHEMBL243467,Ki,7.14
6835163,COC(=O)c1c(F)cccc1c2ccc(CNC(=O)[C@@H](O)C(C)C)c(F)c2,CHEMBL269948,Ki,7.15
6835174,CC(=O)Nc1ccc(cc1)S(=O)(=O)Nc2ccccc2C(=O)c3ccc(Cl)cc3,CHEMBL472303,Ki,7.16
6835185,COC(=O)c1c(F)cccc1c2ccc(CNc3ccc(cn3)C(=O)N4CCCCC4)c(F)c2,CHEMBL207539,Ki,7.16
6835196,Cc1ccc(cc1)S(=O)(=O)N2CCc3ccccc3C2CC(=O)NCCc4ccc(cc4)C5=NCCN5,CHEMBL498394,Ki,7.17
6835207,CC(=O)Nc1ccc(cc1)S(=O)(=O)Nc2ccccc2C(=O)c3cccc(F)c3,CHEMBL460046,Ki,7.19
6835218,CCCN1C(=O)[C@H](NC(=O)Nc2ccc(cc2)N3CCC(CC3)N4CCCCC4)N=C(c5ccc(C)cc5)c6ccccc16,CHEMBL1744085,IC50,7.19
6835229,CN(Cc1ccc(cc1)C2=NCCN2)C(=O)CCCN(C)S(=O)(=O)c3ccc(Cl)c(C)c3Cl,CHEMBL2087033,Ki,7.19
6835240,O=C(N[C@@H]1CCCc2cc(CN3CCCCC3)ccc12)c4cccc(c4)C5=COc6ccccc6C5=O,CHEMBL1835756,Ki,7.19
6835251,CN(Cc1ccc(cc1)C2=NCCN2)C(=O)COCCN(C)S(=O)(=O)c3ccccc3C#N,CHEMBL2087414,Ki,7.2
6835262,COC(=O)c1ccccc1c2ccc(CNC(=O)C3(CC3)NC(=O)CC(F)(F)F)cc2,CHEMBL202089,Ki,7.2
6835273,C[C@@H](NC(=O)C1(CC1)NC(=O)C(F)(F)F)c2ccc(cc2F)c3cccc(F)c3c4nnnn4C,CHEMBL220978,Ki,7.2
6835284,CN(C)Cc1ccc2[C@@H](CCCc2c1)NC(=O)C[C@@H]3CCCCN3S(=O)(=O)c4cccc(c4)C(F)(F)F,CHEMBL205501,IC50,7.21
6835295,COC(=O)c1c(F)cccc1c2ccc(CNc3ccc(cn3)C(=O)N4CCN(CC4)c5ccccc5)c(F)c2,CHEMBL208210,Ki,7.21
6835306,Cc1ccc(cc1)S(=O)(=O)N2CCNC(=O)[C@H]2CC(=O)N[C@@H]3CCCc4cc(CN)ccc34,CHEMBL1777973,Ki,7.22
6835317,Fc1ccc(cc1)C2(CCC(CNc3ncccc3NC(=O)CC(F)(F)F)CC2)C#N,CHEMBL234297,Ki,7.22
6835328,O=C(CCCS(=O)(=O)c1ccc2ccccc2c1)N[C@@H]3CCCc4cc(CN5CCCCC5)ccc34,CHEMBL488512,Ki,7.22
6835339,CC(C)(C)CNCc1ccc2[C@@H](CCCc2c1)NC(=O)C[C@@H]3CCCCN3S(=O)(=O)c4cccc(c4)C(F)(F)F,CHEMBL203174,IC50,7.23
6835350,COC(=O)c1c(F)cccc1c2ccc(CNC(=O)C3(O)CC3)c(F)c2,CHEMBL428954,Ki,7.23
6835361,Cc1c(Cl)ccc(c1Cl)S(=O)(=O)N[C@H](Cc2ccccc2)C(=O)N[C@@H](CCCCN)C(=O)NCC3CCNCC3,CHEMBL2087029,Ki,7.23
6835372,Clc1ccc(cc1Cl)S(=O)(=O)N2[C@H](CC(=O)N[C@@H]3CCOc4cc(C=O)ccc34)C(=O)Nc5ccccc25,CHEMBL498489,Ki,7.24
6835383,FC(F)(F)c1cccc(c1)S(=O)(=O)N2CCCC[C@H]2CC(=O)N[C@@H]3CCCc4cc(CNC5CCC5)ccc34,CHEMBL439505,IC50,7.24
6835394,CC(=O)Nc1ccc(cc1)S(=O)(=O)Nc2ccccc2C(=O)c3ccc(F)cc3F,CHEMBL470486,Ki,7.25
6835405,CCCN1C(=O)C(NC(=O)Nc2ccc(cc2)N3CCC(CC3)c4ccncc4)N=C(CCc5ccccc5)c6ccccc16,CHEMBL50208,Ki,7.26
6835416,O[C@H](CS(=O)(=O)c1cccc(Cl)c1)[C@@H](O)C(=O)N[C@@H]2CCCc3cc(CN4CCCCC4)ccc23,CHEMBL508632,Ki,7.26
6835427,COC(=O)C1C2CCC(CC2)C1c3ccc(CNc4nccc(C)c4NC(=O)CC#N)cc3,CHEMBL183876,Ki,7.27
6835438,COC(=O)c1c(F)cccc1c2ccc(CNc3ccc(cn3)C(=O)N4CCN(CC(F)(F)F)CC4)c(F)c2,CHEMBL382909,Ki,7.28
6835449,COC(=O)c1cccc(c1)C2(CCC(CNc3ncccc3NC(=O)CC(F)(F)F)CC2)C#N,CHEMBL234513,Ki,7.31
6835460,FC(F)(F)c1cccc(c1)S(=O)(=O)N2CCCC[C@H]2CC(=O)N[C@@H]3CCCc4cc(CNC5CC5)ccc34,CHEMBL205981,IC50,7.32
6835471,O[C@H](CS(=O)(=O)c1ccc(cc1)C(F)(F)F)[C@@H](O)C(=O)N[C@@H]2CCCc3cc(CN4CCCCC4)ccc23,CHEMBL455643,Ki,7.32
6835483,CC(=O)Nc1ccc(cc1)S(=O)(=O)Nc2ccccc2C(=O)c3ccccc3,CHEMBL471371,Ki,7.35
6835494,COC(=O)c1c(F)cccc1c2ccc(CNC(=O)[C@@](C)(O)C(F)(F)F)c(F)c2,CHEMBL402114,IC50,7.36
6835505,O[C@H](CS(=O)(=O)c1ccccc1C(F)(F)F)[C@@H](O)C(=O)N[C@@H]2CCCc3cc(CN4CCCCC4)ccc23,CHEMBL453596,Ki,7.36
6835516,CC(=O)Nc1ccc(cc1)S(=O)(=O)Nc2ccccc2C(=O)c3ccc(F)nc3,CHEMBL488626,Ki,7.37
6835527,CC1=NN(C(=O)c2ccccc12)c3ccc(cc3)C(=O)N[C@H]4CCCc5cc(CN6CCCCC6)ccc45,CHEMBL1934253,Ki,7.37
6835538,COCCNCC(=C)c1ccc2[C@@H](CCCc2c1)NC(=O)C[C@@H](NS(=O)(=O)c3cccc(c3)C(F)(F)F)c4ccccc4,CHEMBL1210750,Ki,7.38
6835549,Clc1ccc2C(=O)C(=COc2c1)c3ccc(cc3)C(=O)N[C@H]4CCCc5cc(CN6CCCCC6)ccc45,CHEMBL1934262,Ki,7.38
6835560,O[C@@H](CC(=O)N[C@@H]1CCCc2cc(CN3CCCCC3)ccc12)CS(=O)(=O)c4ccc5ccccc5c4,CHEMBL530554,Ki,7.38
6835571,Cc1c(Cl)cccc1S(=O)(=O)N[C@H](CC(=O)N[C@@H]2CCOc3cc(CNC(C)(C)C)ccc23)c4ccccc4,CHEMBL390603,Ki,7.39
6835582,COC(=O)c1ccccc1c2ccc(CNc3ncccc3NC(=O)CS(=O)(=O)C)cc2,CHEMBL364073,Ki,7.4
6835593,COC(=O)C1C2CCC(C=C2)C1c3ccc(CNc4nccc(C)c4NC(=O)CC#N)cc3,CHEMBL451549,Ki,7.42
6835604,COc1cc(CN(CC(=O)NCc2ccccc2Cl)S(=O)(=O)c3ccc(CN4CCN(C)CC4)cc3)ccc1OCC(C)C,CHEMBL447392,Ki,7.43
6835615,COC(=O)C1=C(CCCC1)c2ccc(CNc3nccc(C)c3NC(=O)CC#N)cc2,CHEMBL182331,Ki,7.46
6835626,CC(CN1CCCCC1)c2ccc3[C@@H](CCCc3c2)NC(=O)C[C@@H](NS(=O)(=O)c4cccc(c4)C(F)(F)F)c5ccccc5,CHEMBL1210741,Ki,7.47
6835637,COC(=O)N1CCN(CC1)C(=O)c2ccc(NCc3ccc(cc3F)c4cccc(F)c4C(=O)OC)nc2,CHEMBL383089,Ki,7.47
6835648,COc1cc(C)c(c(C)c1)S(=O)(=O)N(C)CCOCC(=O)N2CCN(CC2)[C@H]3CN4CCC3CC4,CHEMBL2087419,Ki,7.47
6835659,COc1cc(CN(CC(=O)NCc2ccccc2Cl)S(=O)(=O)c3ccc(CN4CCCCC4)cc3)ccc1OCC(C)C,CHEMBL452238,Ki,7.47
6835670,CNC(=O)c1ccccc1c2ccc(CNc3ncccc3NC(=O)CC(F)(F)F)cc2,CHEMBL362974,Ki,7.48
6835681,O=C(C[C@@H](NS(=O)(=O)c1ccc2ccccc2c1)c3ccccc3)N[C@H]4CCCc5cc(CN6CCCCC6)ccc45,CHEMBL415629,Ki,7.51
6835692,COc1cc(C)c(c(C)c1)S(=O)(=O)N(C)CCOCC(=O)N2CCC(CC2)C(O)CN(C)C,CHEMBL2087430,Ki,7.52
6835703,FC(F)(F)CC(=O)Nc1cccnc1NCC2CCC(CC2)(C#N)c3ccc(Cl)c(Cl)c3,CHEMBL234514,Ki,7.52
6835714,FC(F)(F)c1cccc(c1)S(=O)(=O)N[C@H](CC(=O)N[C@@H]2CCCc3cc(ccc23)C(=C)CNC4CCCC4)c5ccccc5,CHEMBL1210755,Ki,7.52
6835725,Clc1cccc2OC=C(C(=O)c12)c3cccc(c3)C(=O)N[C@@H]4CCCc5cc(CN6CCCCC6)ccc45,CHEMBL1934254,Ki,7.54
6835736,CC(=O)Nc1ccc(cc1)S(=O)(=O)Nc2ccccc2C(=O)c3cccc(F)c3F,CHEMBL469675,Ki,7.55
6835747,CCCN1C(=O)C(NC(=O)Nc2ccc(cc2)N3CCC(CC3)N(C)C)N=C(C4CCCCC4)c5ccccc15,CHEMBL52498,Ki,7.55
6835758,COC(=O)c1c(F)cccc1c2ccc(CNc3ccc(cn3)C(=O)N4CCN(CC(F)F)CC4)c(F)c2,CHEMBL206975,Ki,7.55
6835769,CC(C)(C)NCc1ccc2[C@@H](CCOc2c1)NC(=O)C[C@@H](NS(=O)(=O)c3cccc(Cl)c3)c4ccccc4,CHEMBL2113274,Ki,7.56
6835780,COC(=O)c1c(F)cccc1c2ccc(CNc3ccc(cn3)C(=O)N4CCN(Cc5ccccc5)CC4)c(F)c2,CHEMBL426681,Ki,7.59
6835791,COC(=O)c1ccccc1c2ccc(CNC(=O)C3(CC3)NC(=O)c4cncnc4)cc2,CHEMBL202090,Ki,7.59
6835802,CC(C)(C)NCc1ccc2[C@@H](CCOc2c1)NC(=O)C[C@@H](NS(=O)(=O)c3ccc(F)c(Cl)c3)c4ccccc4,CHEMBL388720,Ki,7.6
6835813,COC(=O)c1c(F)cccc1c2ccc(CNc3ccc(cn3)C(=O)N4CCN(CC#C)CC4)c(F)c2,CHEMBL207000,Ki,7.6
6835824,COC(=O)c1ccccc1C2=CCC(CNc3nccc(C)c3NC(=O)CC#N)CC2,CHEMBL369307,Ki,7.6
6835834,COCC(=O)NC1(COC1)C(=O)N[C@H](C)c2ncc(cc2F)c3cc(Cl)cc(F)c3c4noc(C)n4,CHEMBL3657625,Ki,7.6
6835844,CC(C)(C)NCc1ccc2[C@@H](CCOc2c1)NC(=O)C[C@@H](NS(=O)(=O)c3ccc(cc3)C(C)(C)C)c4ccccc4,CHEMBL413786,Ki,7.61
6835855,CCCN1C(=O)[C@H](NC(=O)Nc2ccc(cc2)N3CCC(CC3)N4CCCCC4)N=C(C5CCCCC5)c6ccccc16,CHEMBL1744082,IC50,7.61
6835866,FC(F)(F)CC(=O)Nc1cccnc1NCC2CCC(CC2)(C#N)c3cccc(c3)C(F)(F)F,CHEMBL234512,Ki,7.61
6835877,CC(=O)Nc1ccc(cc1)S(=O)(=O)Nc2ccccc2C(=O)c3ccc(F)cn3,CHEMBL530549,Ki,7.62
6835888,COCCNC(=O)Nc1ccc(cc1)S(=O)(=O)Nc2ccccc2C(=O)c3ccccc3,CHEMBL487620,Ki,7.62
6835899,NCCCC[C@H](N)C(=O)N[C@@H](CCCN=C(N)N)C(=O)N1CCC2(CC1)N(CCc3ccccc3)CN(CC(=O)N[C@@H](CO)C(=O)N[C@@H]4CSc5ccccc5N(CC(=O)O)C4=O)C2=O,CHEMBL3142392,Ki,7.62
6835910,O[C@H](CCS(=O)(=O)c1ccc2ccccc2c1)C(=O)N[C@@H]3CCCc4cc(CN5CCCCC5)ccc34,CHEMBL486641,Ki,7.63
6835921,CC(=O)Nc1ccc(cc1)S(=O)(=O)Nc2ccccc2C(=O)c3ccc(F)cc3,CHEMBL516783,Ki,7.64
6835932,CC(C)(C)NCc1ccc2[C@@H](CCCc2c1)NC(=O)C[C@@H]3CCCCN3S(=O)(=O)c4cccc(c4)C(F)(F)F,CHEMBL381366,IC50,7.64
6835943,COC(=O)c1c(F)cccc1c2ccc(CNc3ccc(cn3)C(=O)N4CCN(CC4)S(=O)(=O)C)c(F)c2,CHEMBL206982,Ki,7.64
6835954,COC(=O)c1c(F)cccc1c2ccc([C@H](C)NC(=O)C3(CC3)NC(=O)CC(F)(F)F)c(F)c2,CHEMBL2096845,Ki,7.66
6835965,O=C(C[C@@H](NS(=O)(=O)c1ccc2ccccc2c1)c3ccccc3)N[C@@H]4CCOc5cc(CNC6CCCCC6)ccc45,CHEMBL268911,Ki,7.66
6835976,CC(C)COc1ccc(CN(CC(=O)NCc2ccccc2Cl)S(=O)(=O)c3ccc(CN4CCN(C)CC4)cc3)cc1Cl,CHEMBL443207,Ki,7.68
6835987,COCCNCc1ccc2[C@@H](CCCc2c1)NC(=O)C[C@@H]3CCCCN3S(=O)(=O)c4cccc(c4)C(F)(F)F,CHEMBL381372,IC50,7.68
6835998,OCCNCC(=C)c1ccc2[C@@H](CCCc2c1)NC(=O)C[C@@H](NS(=O)(=O)c3cccc(c3)C(F)(F)F)c4ccccc4,CHEMBL1210749,Ki,7.68
6836043,CC(C)(C)NCc1ccc2[C@@H](CCOc2c1)NC(=O)C[C@@H](NS(=O)(=O)c3cc(Cl)c(F)cc3F)c4ccccc4,CHEMBL387982,Ki,7.69
6836053,C[C@@H](NC(=O)C1(COC1)NC(=O)C(F)(F)F)c2ccc(cc2F)c3cc(Cl)cc(Cl)c3OCC(F)F,CHEMBL3657640,Ki,7.7
6836063,Cl.CNCCNC(=O)Nc1ccc(cc1)S(=O)(=O)Nc2ccccc2C(=O)c3ccccc3,CHEMBL1203967,Ki,7.72
6836074,O[C@@H](CCS(=O)(=O)c1ccc2ccccc2c1)C(=O)N[C@@H]3CCCc4cc(CN5CCCCC5)ccc34,CHEMBL486640,Ki,7.72
6836085,CC(C)(C)NCc1ccc2[C@@H](CCOc2c1)NC(=O)C[C@@H](NS(=O)(=O)c3cccc(c3)C(F)(F)F)c4ccccc4,CHEMBL227778,Ki,7.75
6836096,Fc1ccccc1C2(CCC(CNc3ncccc3NC(=O)CC(F)(F)F)CC2)C#N,CHEMBL234296,Ki,7.75
6836107,COC(=O)c1c(F)cccc1c2ccc(CNc3ccc(cn3)C(=O)N4CCN(CC4)C(=O)C)c(F)c2,CHEMBL206935,Ki,7.77
6836118,C[C@@H](NC(=O)C[C@@H](NS(=O)(=O)c1ccc2ccccc2c1)c3ccccc3)c4ccc(CN5CCCCC5)cc4,CHEMBL221925,Ki,7.77
6836129,Fc1cccc2OC=C(C(=O)c12)c3ccc(cc3)C(=O)N[C@H]4CCCc5cc(CN6CCCCC6)ccc45,CHEMBL1934264,Ki,7.77
6836140,O=C(C[C@@H](NS(=O)(=O)c1ccc2ccccc2c1)c3ccccc3)N[C@H]4CCOc5cc(CN6CCCCC6)ccc45,CHEMBL385740,Ki,7.77
6836151,O[C@H](CS(=O)(=O)c1ccc(Cl)c(Cl)c1)[C@@H](O)C(=O)N[C@@H]2CCCc3cc(CN4CCCCC4)ccc23,CHEMBL507168,Ki,7.77
6836162,CC(C)(C)c1ccc(cc1)S(=O)(=O)C[C@@H](O)[C@@H](O)C(=O)N[C@@H]2CCCc3cc(CN4CCCCC4)ccc23,CHEMBL486456,Ki,7.8
6836173,CN1c2cc(CN3CCCCC3)ccc2[C@@H](CS1(=O)=O)NC(=O)C[C@@H](NS(=O)(=O)c4ccc5ccccc5c4)c6ccccc6,CHEMBL412552,Ki,7.8
6836184,FC(F)(F)c1cccc(c1)S(=O)(=O)N2CCCC[C@H]2CC(=O)N[C@@H]3CCCc4cc(CNCC5CC5)ccc34,CHEMBL380117,IC50,7.8
6836195,FC(F)(F)c1cccc(c1)S(=O)(=O)N[C@H](CC(=O)N[C@@H]2CCCc3cc(ccc23)C(=C)CNCC4CC4)c5ccccc5,CHEMBL1210751,Ki,7.8
6836206,COc1ccc(cc1)S(=O)(=O)N2C(CC(=O)NCCc3ccc(cc3)C4=NCCN4)c5ccccc5c6ccccc26,CHEMBL2018870,Ki,7.81
6836217,CN(Cc1ccc(cc1)C2=NCCN2)C(=O)CCN(C)S(=O)(=O)c3ccc(Cl)c(C)c3Cl,CHEMBL2087034,Ki,7.82
6836228,Cc1ccc(cc1Cl)S(=O)(=O)N2CCCC[C@H]2CC(=O)N[C@@H]3CCCc4cc(CNC(C)(C)C)ccc34,CHEMBL381979,IC50,7.82
6836239,Cc1cccc2OC=C(C(=O)c12)c3ccc(cc3)C(=O)N[C@H]4CCCc5cc(CN6CCCCC6)ccc45,CHEMBL1934265,Ki,7.82
6836250,O=C(NCC1CCCO1)Nc2ccc(cc2)S(=O)(=O)Nc3ccccc3C(=O)c4ccccc4,CHEMBL487621,Ki,7.82
6836261,CC(C)(C)NCc1ccc2[C@@H](CCCc2c1)NC(=O)C[C@@H]3CCCCN3S(=O)(=O)c4csc5ccccc45,CHEMBL206554,IC50,7.85
6836272,COCCNCc1ccc2[C@@H](CCOc2c1)NC(=O)C[C@@H](NS(=O)(=O)c3cccc(c3)C(F)(F)F)c4ccc(F)cc4,CHEMBL227870,Ki,7.85
6836282,C[C@@H](NC(=O)C1(COC1)NC(=O)c2cccnn2)c3ncc(cc3F)c4cc(Cl)cc(F)c4c5noc(C)n5,CHEMBL3657636,Ki,7.85
6836292,FC(F)(F)CC(=O)Nc1cccnc1NCC2CCC(CC2)(C#N)c3ccccc3,CHEMBL388029,Ki,7.85
6836303,FC(F)(F)c1cccc(c1)S(=O)(=O)N[C@H](CC(=O)N[C@@H]2CCCc3cc(ccc23)C4(CN5CCCCC5)CC4)c6ccccc6,CHEMBL1210742,Ki,7.85
6836314,CC1CCCC(C)N1Cc2ccc3[C@@H](CCOc3c2)NC(=O)C[C@@H](NS(=O)(=O)c4ccc5ccccc5c4)c6ccccc6,CHEMBL390540,Ki,7.87
6836325,COC(=O)c1c(F)cccc1c2ccc(CNC(=O)C3(CC3)NC(=O)C(F)F)c(F)c2,CHEMBL384893,Ki,7.87
6836336,CC(C)CNCc1ccc2[C@@H](CCCc2c1)NC(=O)C[C@@H]3CCCCN3S(=O)(=O)c4cccc(c4)C(F)(F)F,CHEMBL437509,IC50,7.89
6836347,COC(=O)c1ccccc1N2CCC(CNc3nccc(C)c3NC(=O)CC#N)CC2,CHEMBL182785,Ki,7.89
6836358,O[C@H](CS(=O)(=O)c1cccc(Cl)c1Cl)[C@@H](O)C(=O)N[C@@H]2CCCc3cc(CN4CCCCC4)ccc23,CHEMBL488501,Ki,7.9
6836369,CN(Cc1ccc(cc1)C2=NCCN2)C(=O)\C=C\CN(C)S(=O)(=O)c3ccc(Cl)c(C)c3Cl,CHEMBL2087036,Ki,7.92
6836381,COC(=O)c1ccccc1c2ccc(CNc3ncccc3NC(=O)CC(F)(F)F)cc2,CHEMBL195883,Ki,7.92
6836391,C[C@@H](NC(=O)C1(COC1)NC(=O)C(F)(F)F)c2ncc(cc2F)c3cc(Cl)cc(F)c3c4noc(C)n4,CHEMBL3657610,Ki,7.92
6836401,FC(F)(F)c1cccc(c1)S(=O)(=O)N[C@H](CC(=O)N[C@@H]2CCCc3cc(ccc23)C(=C)CN4CCC4)c5ccccc5,CHEMBL1210747,Ki,7.92
6836412,O[C@@H]1CCN(CC(=C)c2ccc3[C@@H](CCCc3c2)NC(=O)C[C@@H](NS(=O)(=O)c4cccc(c4)C(F)(F)F)c5ccccc5)C1,CHEMBL1210746,Ki,7.92
6836423,COC(=O)c1c(F)cccc1c2ccc(CNC(=O)C3(CC3)NC(=O)C)c(F)c2,CHEMBL387331,Ki,7.94
6836434,Cc1ccnc(NCc2ccc(cc2)c3ccccc3C(=O)O)c1NC(=O)CC#N,CHEMBL193684,Ki,7.94
6836445,CC(C)(C)NCC(=C)c1ccc2[C@@H](CCCc2c1)NC(=O)C[C@@H](NS(=O)(=O)c3cccc(c3)C(F)(F)F)c4ccccc4,CHEMBL1210752,Ki,7.96
6836456,CNC(=O)c1ccccc1c2ccc(CNc3nccc(C)c3NC(=O)CC(F)(F)F)cc2,CHEMBL196494,Ki,7.96
6836467,COC(=O)c1ccccc1c2ccc(CNc3nccc(C)c3NC(=O)CC#N)cc2,CHEMBL181968,Ki,7.96
6836478,COC(=O)c1ccccc1c2ccc(CNc3ncccc3NC(=O)CC#N)cc2,CHEMBL196698,Ki,7.96
6836489,Cc1ccc(cc1C(F)(F)F)S(=O)(=O)N2CCCC[C@H]2CC(=O)N[C@@H]3CCCc4cc(CNC(C)(C)C)ccc34,CHEMBL207947,IC50,7.96
6836500,COC(=O)c1ccccc1c2ccc([C@@H](C)NC(=O)C3(CC3)NC(=O)C(F)(F)F)c(F)c2,CHEMBL218319,Ki,7.99
6836511,CC(C)N1CCN(CC1)C(=O)C2CCN(CC2)S(=O)(=O)c3ccc(NCC(c4ccccc4)c5ccccc5)c(c3)C(=O)N6CCOCC6,CHEMBL181695,Ki,8.0
6836522,CCN(CC)CCN1CCN(CC1)C(=O)COCCN(C)S(=O)(=O)c2c(C)cc(OC)cc2C,CHEMBL2087426,Ki,8.0
6836533,CN(C)CCCN(CCCN(C)C)C(=O)C1CCN(CC1)S(=O)(=O)c2ccc(NCC(c3ccccc3)c4ccccc4)c(c2)[N+](=O)[O-],CHEMBL366294,Ki,8.0
6836544,CN(C)CCCN(CCCN(C)C)C(=O)CCNS(=O)(=O)c1ccc(NCC(c2ccccc2)c3ccccc3)c(c1)C(=O)N4CCOCC4,CHEMBL185551,Ki,8.0
6836556,CN1CCN(CC1)C(=O)C2CCN(CC2)S(=O)(=O)c3ccc(NCC(c4ccccc4)c5ccccc5)c(c3)C(=O)N6CCOCC6,CHEMBL273869,Ki,8.0
6836567,COc1cc(C)c(c(C)c1)S(=O)(=O)N(C)CCOCC(=O)N2CCC(CC2)C(C)(C)CN(C)C,CHEMBL2087428,Ki,8.0
6836578,Fc1ccc(cc1)[C@@H](CC(=O)N[C@@H]2CCOc3cc(CNC4CCC4)ccc23)NS(=O)(=O)c5cccc(c5)C(F)(F)F,CHEMBL227977,Ki,8.0
6836589,COC(=O)c1c(F)cccc1c2ccc(CNc3ccc(cn3)C(=O)N4CCN(CCC(C)C)CC4)c(F)c2,CHEMBL207913,Ki,8.02
6836600,COc1cc(C)c(c(C)c1)S(=O)(=O)N(C)CCOCC(=O)N2CCC(CC2)N3CCN(C)CC3,CHEMBL2087431,Ki,8.02
6836611,COC(=O)c1c(F)cccc1c2ccc(CNc3ccc(CN4CCCCC4)cn3)c(F)c2,CHEMBL208248,Ki,8.04
6836622,Fc1cc(F)c2c(c1)C(CC(=O)NCCc3ccc(cc3)C4=NCCN4)N(c5ccccc25)S(=O)(=O)c6ccc(Cl)c(Cl)c6,CHEMBL2018872,Ki,8.04
6836633,CCNCc1ccc2[C@@H](CCOc2c1)NC(=O)C[C@@H](NS(=O)(=O)c3ccc4ccccc4c3)c5ccccc5,CHEMBL224071,Ki,8.05
6836644,COc1cccc2C(CC(=O)N[C@@H]3CC[C@@H](CCN4CCCC4)CC3)N(c5ccccc5c12)S(=O)(=O)c6ccc(Cl)c(Cl)c6,CHEMBL2018874,Ki,8.05
6836654,C[C@@H](NC(=O)C1(COC1)NC(=O)c2oc(C)nn2)c3ncc(cc3F)c4cc(Cl)cc(Cl)c4OCC(F)F,CHEMBL3657646,Ki,8.06
6836664,CC(C)NCc1ccc2[C@@H](CCOc2c1)NC(=O)C[C@@H](NS(=O)(=O)c3ccc4ccccc4c3)c5ccccc5,CHEMBL227690,Ki,8.08
6836675,CCCN1C(=O)[C@H](NC(=O)Nc2ccc(cc2)N3CCN(CC3)c4ccncc4)N=C(C5CCCCC5)c6ccccc16,CHEMBL1744084,IC50,8.1
6836686,COC(=O)c1c(F)cccc1c2ccc(CNc3ccc(cn3)C(=O)N4CCN(CC=C)CC4)c(F)c2,CHEMBL208241,Ki,8.1
6836697,CC(C)(C)NCc1ccc2[C@@H](CCOc2c1)NC(=O)C[C@@H](NS(=O)(=O)c3ccc(Cl)c(Cl)c3)c4ccccc4,CHEMBL227786,Ki,8.12
6836708,C[C@@H](NC(=O)C1(CC1)NC(=O)C(F)(F)F)c2ccc(cc2F)c3cc(Cl)ccc3c4onc(C)n4,CHEMBL233350,Ki,8.12
6836719,COC(=O)c1ccccc1c2ccc(CNc3nccc(C)c3NC(=O)CC(F)(F)F)cc2,CHEMBL2113085,Ki,8.15
6836729,C[C@@H](NC(=O)C1(COC1)NC(=O)c2snnc2C)c3ncc(cc3F)c4cc(Cl)cc(Cl)c4OCC(F)F,CHEMBL3657648,Ki,8.15
6836742,COC(=O)C1CC=CCC1c2ccc(CNc3nccc(C)c3NC(=O)CC#N)cc2,CHEMBL182378,Ki,8.16
6836753,CN(Cc1ccc(cc1)C2=NCCN2)C(=O)COCCN(C)S(=O)(=O)c3cccc(Cl)c3C,CHEMBL2087415,Ki,8.17
6836764,COCCNCc1ccc2[C@@H](CCOc2c1)NC(=O)C[C@@H](NS(=O)(=O)c3ccc(Cl)c(Cl)c3)c4ccc(F)cc4,CHEMBL227655,Ki,8.17
6836775,C[C@@H](NC(=O)[C@@](C)(O)C(F)(F)F)c1ncc(cc1F)c2cc(Cl)cc(Cl)c2c3onc(C)n3,CHEMBL257729,IC50,8.18
6836786,C[C@@H](NC(=O)[C@@](C)(O)C(F)(F)F)c1ncc(cc1F)c2cc(Cl)cc(F)c2c3onc(C)n3,CHEMBL258326,IC50,8.18
6836796,COC(=O)c1c(Cl)cccc1c2ccc([C@@H](C)NC(=O)C3(COC3)NC(=O)C(F)(F)F)c(F)c2,CHEMBL3657614,Ki,8.19
6836806,CO[C@@H](CC(=O)N[C@@H]1CCCc2cc(CN3CCCCC3)ccc12)CS(=O)(=O)c4ccc5ccccc5c4,CHEMBL487823,Ki,8.19
6836817,Clc1ccc(cc1Cl)S(=O)(=O)N2C(CC(=O)NCCc3ccc(cc3)C4=NCCN4)CCc5ccccc25,CHEMBL2018859,Ki,8.2
6836828,CNC(=O)c1ccccc1c2ccc(cc2)[C@@H](C)Nc3nccc(C)c3NC(=O)CC(F)(F)F,CHEMBL196352,Ki,8.22
6836839,C[C@@H](Nc1nccc(Cl)c1NC(=O)CC#N)c2ccc(cc2)c3cccc(F)c3c4nnnn4C,CHEMBL221984,Ki,8.22
6836850,CC(C)CNCc1ccc2[C@@H](CCOc2c1)NC(=O)C[C@@H](NS(=O)(=O)c3cccc(c3)C(F)(F)F)c4ccc(F)cc4,CHEMBL389478,Ki,8.23
6836861,COc1cc(C)c(c(C)c1)S(=O)(=O)N(C)CCOCC(=O)N2CCN(CCCN(C)C)CC2,CHEMBL2087427,Ki,8.24
6836872,O=C(C[C@@H](NS(=O)(=O)c1ccc2ccccc2c1)c3ccccc3)N[C@@H]4CCOc5cc(CN6CCCC6)ccc45,CHEMBL390539,Ki,8.24
6836883,COc1cc(C)c(c(C)c1)S(=O)(=O)N(C)CCOCC(=O)N2CCN(CC2)[C@@H]3CN4CCC3CC4,CHEMBL2087418,Ki,8.25
6836894,FC1(F)CCCN(CCCNC(=O)Nc2ccc(cc2)S(=O)(=O)Nc3ccccc3C(=O)c4ccccc4)C1,CHEMBL486052,Ki,8.25
6836905,NC(CCCN=C(N)N)C(=O)N[C@H](CCCN=C(N)N)C(=O)N1CCC[C@H]1C(=O)N2CC(O)C[C@H]2C(=O)NCC(=O)NC(C3Cc4ccccc4C3)C(=O)N[C@@H](CO)C(=O)N[C@@H]5CSc6ccccc6N(CC(=O)O)C5=O,CHEMBL216618,Ki,8.25
6836916,COC(=O)c1c(F)cccc1c2ccc(CNc3ccc(cn3)C(=O)N4CCNCC4)c(F)c2,CHEMBL207122,Ki,8.26
6836927,COc1ccc(c(C)c1)S(=O)(=O)N(C)CCOCC(=O)N(C)Cc2ccc(cc2)C3=NCCN3,CHEMBL2087410,Ki,8.26
6836938,Fc1ccc(cc1)[C@@H](CC(=O)N[C@@H]2CCOc3cc(CN4CCCC4)ccc23)NS(=O)(=O)c5cccc(c5)C(F)(F)F,CHEMBL227600,Ki,8.26
6836949,CC(C)(C)NCc1ccc2[C@@H](CCOc2c1)NC(=O)C[C@@H](NS(=O)(=O)c3ccc4ccccc4c3)c5ccccc5,CHEMBL227879,Ki,8.27
6836959,COC(=O)c1c(Cl)cccc1c2ccc([C@@H](C)NC(=O)C3(COC3)NC(=O)CC(F)(F)F)c(F)c2,CHEMBL3657616,Ki,8.28
6836969,COC(=O)c1c(F)cccc1c2ccc(CNc3ccc(cn3)C(=O)N4CCN(CCF)CC4)c(F)c2,CHEMBL382228,Ki,8.28
6836980,COC(=O)c1c(F)cccc1c2ccc(CNc3ccc(cn3)C(=O)N4CCN(CC4)c5ccncc5)c(F)c2,CHEMBL425588,Ki,8.29
6836990,C[C@@H](NC(=O)C1(COC1)NC(=O)c2oc(C)nn2)c3ncc(cc3F)c4cc(Cl)cc(F)c4c5noc(C)n5,CHEMBL3657627,Ki,8.29
6836999,C[C@@H](NC(=O)C1(COC1)NC(=O)c2onc(C)c2)c3ncc(cc3F)c4cc(Cl)cc(Cl)c4OCC(F)F,CHEMBL3657617,Ki,8.29
6837009,CC(C)(C)NCc1ccc2[C@@H](CCOc2c1)NC(=O)C[C@@H](NS(=O)(=O)c3ccc(Cl)c(Cl)c3)c4ccc(F)cc4,CHEMBL390311,Ki,8.3
6837020,CC(C)CNCc1ccc2[C@@H](CCOc2c1)NC(=O)C[C@@H](NS(=O)(=O)c3ccc4ccccc4c3)c5ccccc5,CHEMBL227721,Ki,8.3
6837031,C[C@@H](NC(=O)[C@@](C)(O)C(F)(F)F)c1ncc(cc1F)c2cc(Cl)cc(F)c2c3nnn(C)n3,CHEMBL258324,IC50,8.31
6837042,FC(F)(F)CC(=O)Nc1cccnc1NCC2CCC(CC2)(C#N)c3cccc(Cl)c3Cl,CHEMBL234720,Ki,8.31
6837053,CC(C)(C)NCc1ccc2[C@@H](CCOc2c1)NC(=O)C[C@@H](NS(=O)(=O)c3cccc(c3)C(F)(F)F)c4ccc(F)cc4,CHEMBL389249,Ki,8.32
6837064,CCCN1C(=O)[C@H](NC(=O)Nc2ccc(cc2)N3CCC(CC3)N4CCCCC4)N=C(CCc5ccccc5)c6ccccc16,CHEMBL1744083,IC50,8.32
6837075,CC(C)NCc1ccc2[C@@H](CCOc2c1)NC(=O)C[C@@H](NS(=O)(=O)c3cccc(c3)C(F)(F)F)c4ccc(F)cc4,CHEMBL425490,Ki,8.33
6837086,COc1cc(C)c(c(C)c1)S(=O)(=O)N(C)CCOCC(=O)N2CCC(CN3CCN(C)CC3)CC2,CHEMBL2087435,Ki,8.33
6837096,C[C@@H](NC(=O)C1(COC1)NC(=O)c2oncc2)c3ncc(cc3F)c4cc(Cl)cc(Cl)c4OCC(F)F,CHEMBL3657618,Ki,8.33
6837106,Cc1ccc(cc1)S(=O)(=O)N2C(CC(=O)NCCc3ccc(cc3)C4=NCCN4)c5ccccc5c6ccccc26,CHEMBL2018869,Ki,8.33
6837117,CC(C)NCC(=C)c1ccc2[C@@H](CCCc2c1)NC(=O)C[C@@H](NS(=O)(=O)c3cccc(c3)C(F)(F)F)c4ccccc4,CHEMBL1210753,Ki,8.34
6837128,COc1cc(C)c(c(C)c1)S(=O)(=O)N(C)CCOCC(=O)N2CCN(CC3CCN(C)CC3)CC2,CHEMBL2087424,Ki,8.35
6837139,C[C@@H](NC(=O)[C@@](C)(O)C(F)(F)F)c1ncc(cc1F)c2cc(Cl)cc(F)c2c3noc(C)n3,CHEMBL402831,IC50,8.35
6837150,COC(=O)c1c(F)cccc1c2ccc(CNc3ccc(cn3)C(=O)N4CCN(C)CC4)c(F)c2,CHEMBL207937,Ki,8.36
6837161,COc1ccc(c(Cl)c1)S(=O)(=O)N(C)CCOCC(=O)N(C)Cc2ccc(cc2)C3=NCCN3,CHEMBL2087413,Ki,8.37
6837171,C[C@@H](NC(=O)C1(COC1)NC(=O)C(F)(F)F)c2ncc(cc2F)c3cc(Cl)cc(F)c3c4nnn(C)n4,CHEMBL3639564,Ki,8.37
6837180,C[C@@H](NC(=O)C1(COC1)NC(=O)c2oc(C)nn2)c3ccc(cc3F)c4cc(Cl)cc(Cl)c4OCC(F)F,CHEMBL3657645,Ki,8.37
6837190,Clc1ccc(cc1Cl)S(=O)(=O)N2C(CC(=O)N[C@@H]3CC[C@@H](CCC4=NCCN4)CC3)CCc5ccccc25,CHEMBL2018863,Ki,8.37
6837201,CN(Cc1ccc(cc1)C2=NCCN2)C(=O)COCCN(C)S(=O)(=O)c3c(Cl)cccc3Cl,CHEMBL2087412,Ki,8.38
6837212,O[C@H](CS(=O)(=O)c1cccc(c1)C(F)(F)F)[C@@H](O)C(=O)N[C@@H]2CCCc3cc(CN4CCCCC4)ccc23,CHEMBL455642,Ki,8.39
6837223,COC(=O)c1c(F)cccc1c2ccc(CNc3ccc(cn3)C(=O)N4CCN(CCC=C)CC4)c(F)c2,CHEMBL208006,Ki,8.4
6837234,Clc1cccc2OC=C(C(=O)c12)c3ccc(cc3)C(=O)N[C@H]4CCCc5cc(CN6CCCCC6)ccc45,CHEMBL1934260,Ki,8.4
6837245,COC(=O)c1c(Cl)cc(Cl)cc1c2cnc([C@@H](C)NC(=O)[C@@](C)(O)C(F)(F)F)c(F)c2,CHEMBL256671,IC50,8.41
6837256,COc1cc(C)c(c(C)c1)S(=O)(=O)N(C)CCOCC(=O)N2CCC(CC2)N3CCN(CC3)C(C)C,CHEMBL2087432,Ki,8.42
6837267,C[C@@H](NC(=O)C1(CC1)NC(=O)C(F)(F)F)c2ncc(cc2F)c3cc(Cl)cc(Cl)c3c4nnn(C)n4,CHEMBL429074,Ki,8.42
6837278,Clc1ccc(cc1Cl)S(=O)(=O)N2CCc3ccccc3C2CC(=O)N4CCC(Cc5ccc(cc5)C6=NCCN6)CC4,CHEMBL2018865,Ki,8.42
6837289,Clc1ccc(cc1Cl)S(=O)(=O)N2[C@H](CC(=O)NCCc3ccc(cc3)n4cnnc4)C(=O)Nc5ccccc25,CHEMBL188617,Ki,8.43
6837300,FC(F)(F)CC(=O)Nc1cccnc1NCC2CCC(CC2)(C#N)c3ccccc3Cl,CHEMBL233886,Ki,8.43
6837311,Fc1cccc(c1)C2(CCC(CNc3ncccc3NC(=O)CC(F)(F)F)CC2)C#N,CHEMBL388030,Ki,8.43
6837322,O=C(C[C@@H](NS(=O)(=O)c1ccc2ccccc2c1)c3ccccc3)N[C@@H]4CCOc5cc(CN6CCOCC6)ccc45,CHEMBL412762,Ki,8.43
6837333,FC(F)(F)CC(=O)Nc1cccnc1NCC2CCC(CC2)(C#N)c3ccccc3OC(F)(F)F,CHEMBL233887,Ki,8.44
6837344,COC(=O)c1c(F)cccc1c2ccc(CNc3ccc(cn3)C(=O)N4CCN(CC4)c5cccnc5)c(F)c2,CHEMBL424868,Ki,8.46
6837355,COc1cc(C)c(c(C)c1)S(=O)(=O)N(C)CCOCC(=O)N2CCC(CCN(C)C)CC2,CHEMBL2087429,Ki,8.46
6837365,COc1cc(on1)C(=O)NC2(COC2)C(=O)N[C@H](C)c3ccc(cc3F)c4cc(Cl)cc(Cl)c4OCC(F)F,CHEMBL3657644,Ki,8.46
6837375,O[C@H]1CCN(CC(=C)c2ccc3[C@@H](CCCc3c2)NC(=O)C[C@@H](NS(=O)(=O)c4cccc(c4)C(F)(F)F)c5ccccc5)C1,CHEMBL1210745,Ki,8.46
6837386,CCN1CCN(CC1)C(=O)c2ccc(NCc3ccc(cc3F)c4cccc(F)c4C(=O)OC)nc2,CHEMBL207377,Ki,8.47
6837397,COC(=O)c1c(F)cccc1c2ccc(CNc3ccc(cn3)C(=O)N4CCN(CC5CCC5)CC4)c(F)c2,CHEMBL206519,Ki,8.47
6837408,FC(F)(F)c1cccc(c1)S(=O)(=O)N[C@H](CC(=O)N[C@@H]2CCCc3cc(ccc23)C(=C)CNC4CCC4)c5ccccc5,CHEMBL1210754,Ki,8.47
6837419,COC(=O)c1c(F)cccc1c2ccc(CNc3ccc(cn3)C(=O)N4CCN(C\C=C\C)CC4)c(F)c2,CHEMBL207800,Ki,8.48
6837430,COc1cc(C)c(c(C)c1)S(=O)(=O)N(C)CCOCC(=O)N2CCN(CC2)C3CC4CCC(C3)N4C,CHEMBL2087420,Ki,8.48
6837440,COc1ncc(cn1)C(=O)NC2(COC2)C(=O)N[C@H](C)c3ccc(cc3F)c4cc(Cl)cc(Cl)c4OCC(F)F,CHEMBL3657642,Ki,8.48
6837450,FC(F)(F)c1cccc(c1)S(=O)(=O)N[C@H](CC(=O)N[C@@H]2CCCc3cc(ccc23)C(=C)CN4CCCCC4)c5ccccc5,CHEMBL1210743,Ki,8.48
6837461,CN(Cc1ccc(cc1)C2=NCCN2)C(=O)COCCN(C)S(=O)(=O)c3cccc(Cl)c3Cl,CHEMBL2087411,Ki,8.51
6837472,Clc1ccc(cc1Cl)S(=O)(=O)N2C(CC(=O)NCCc3ccc(cc3)C4=NCCN4)c5ccccc5c6ccccc26,CHEMBL2018867,Ki,8.51
6837482,COc1cc(on1)C(=O)NC2(COC2)C(=O)N[C@H](C)c3ncc(cc3F)c4cc(Cl)cc(Cl)c4OCC(F)F,CHEMBL3657626,Ki,8.52
6837492,COC(=O)c1c(F)cccc1c2ccc(CNC(=O)C3(CC3)NC(=O)C(F)(F)C(F)(F)F)c(F)c2,CHEMBL219309,Ki,8.53
6837503,COC(=O)c1c(F)cccc1c2ccc(CNc3ccc(cn3)C(=O)N4CCN(CC4)C5CCC5)c(F)c2,CHEMBL204562,Ki,8.54
6837514,Cc1cc(C)c(cc1C)S(=O)(=O)N2C(CC(=O)NCCc3ccc(cc3)C4=NCCN4)c5ccccc5c6ccccc26,CHEMBL2018868,Ki,8.54
6837525,CN(Cc1ccc(cc1)C2=NCCN2)C(=O)COCCN(C)S(=O)(=O)c3ccccc3C(F)(F)F,CHEMBL2087409,Ki,8.55
6837536,COC(=O)c1c(F)cccc1c2ccc(CNC(=O)C3(CC3)NC(=O)C(F)Cl)c(F)c2,CHEMBL218552,Ki,8.55
6837547,COC(=O)c1c(F)cccc1c2ccc(CNc3ccc(cn3)C(=O)N4CCN(CC4)C5CCCCC5)c(F)c2,CHEMBL380920,Ki,8.55
6837558,COC(=O)c1c(Cl)cc(Cl)cc1c2cnc([C@@H](C)NC(=O)C3(CC3)NC(=O)C(F)(F)F)c(F)c2,CHEMBL232750,Ki,8.59
6837569,COC(=O)c1ccccc1c2ccc(cc2)[C@@H](C)Nc3nccc(C)c3NC(=O)CC#N,CHEMBL2113091,Ki,8.59
6837580,C[C@@H](NC(=O)C1(CC1)NC(=O)c2cc(on2)C3CC3)c4ncc(cc4F)c5cc(Cl)cc(Cl)c5OCC(F)F,CHEMBL403434,Ki,8.59
6837590,C[C@@H](NC(=O)C1(COC1)NC(=O)c2cc(F)cc(c2)C(F)(F)F)c3ncc(cc3F)c4cc(Cl)cc(F)c4c5noc(C)n5,CHEMBL3657609,Ki,8.59
6837599,C[C@@H](NC(=O)C1(COC1)NC(=O)c2cncnc2)c3ncc(cc3F)c4cc(Cl)cc(Cl)c4OCC(F)F,CHEMBL3657619,Ki,8.59
6837609,NCc1ccc2[C@@H](CCOc2c1)NC(=O)C[C@H]3N(c4ccccc4NC3=O)S(=O)(=O)c5ccc(Cl)c(Cl)c5,CHEMBL496459,Ki,8.59
6837620,O=C(Nc1ccc(cc1)S(=O)(=O)Nc2ccccc2C(=O)c3ccccn3)OCC4CCCO4,CHEMBL454086,Ki,8.59
6837631,COC(=O)c1c(F)cccc1c2ccc(CNC(=O)C3(CC3)NC(=O)C(F)(F)Cl)c(F)c2,CHEMBL218267,Ki,8.6
6837641,C[C@@H](NC(=O)C1(COC1)NC(=O)c2onc(C)c2)c3ncc(cc3F)c4cc(Cl)cc(F)c4c5noc(C)n5,CHEMBL3657612,Ki,8.6
6837651,C[C@@H](NC(=O)C1(CC1)NC(=O)C(F)(F)F)c2ccc(cc2F)c3cc(Cl)cc(Cl)c3c4noc(C)n4,CHEMBL232933,Ki,8.62
6837661,C[C@@H](NC(=O)C1(COC1)NC(=O)c2oncc2)c3ncc(cc3F)c4cc(Cl)cc(F)c4c5noc(C)n5,CHEMBL3657611,Ki,8.62
6837671,CC(C)Oc1c(Cl)cc(Cl)cc1c2ccc([C@@H](C)NC(=O)C3(CC3)NC(=O)C(F)(F)F)c(F)c2,CHEMBL255325,Ki,8.64
6837681,C[C@@H](NC(=O)C1(COC1)NC(=O)c2oncc2)c3ccc(cc3F)c4cc(Cl)cc(Cl)c4OCC(F)F,CHEMBL3657639,Ki,8.64
6837691,COC(=O)C1CCCCC1c2ccc(CNc3nccc(C)c3NC(=O)CC#N)cc2,CHEMBL182275,Ki,8.66
6837702,COC(=O)c1c(F)cccc1c2ccc(CNc3ccc(cn3)C(=O)N4CCN(CC4)C(C)C)c(F)c2,CHEMBL437704,Ki,8.66
6837712,COc1cc(on1)C(=O)NC2(COC2)C(=O)N[C@H](C)c3ncc(cc3F)c4cc(Cl)cc(F)c4c5nnn(C)n5,CHEMBL3657641,Ki,8.66
6837722,Clc1ccc(cc1Cl)S(=O)(=O)N2CCc3ccccc3C2CC(=O)NCCc4ccc(cc4)C5=NCCN5,CHEMBL2018861,Ki,8.66
6837733,CN(Cc1ccc(cc1)C2=NCCN2)C(=O)COCCN(C)S(=O)(=O)c3ccc(Cl)c(C)c3Cl,CHEMBL2087035,Ki,8.68
6837744,Fc1ccc(nc1)C(=O)c2ccccc2NS(=O)(=O)c3ccc(NC(=O)OCC4CCCO4)cc3,CHEMBL451761,Ki,8.68
6837755,O=C(NCCCN1CCOCC1)Nc2ccc(cc2)S(=O)(=O)Nc3ccccc3C(=O)c4ccccc4,CHEMBL487876,Ki,8.68
6837766,COC(=O)c1ccc(Cl)cc1c2ccc([C@@H](C)NC(=O)C3(CC3)NC(=O)C(F)(F)F)c(F)c2,CHEMBL391491,Ki,8.69
6837778,COC(=O)c1c(Cl)cccc1c2ccc([C@@H](C)NC(=O)C3(CC3)NC(=O)C(F)(F)F)c(F)c2,CHEMBL232943,Ki,8.7
6837789,C[C@@H](Nc1nccc(Cl)c1NC(=O)CC#N)c2ccc(cc2)c3cccc(F)c3C#N,CHEMBL374779,Ki,8.7
6837800,Cc1noc(n1)[C@H]2CC=CC[C@@H]2c3ccc(CNc4nccc(C)c4NC(=O)CC#N)cc3,CHEMBL181961,Ki,8.7
6837811,Fc1cccc(c1F)C2(CCC(CNc3ncccc3NC(=O)CC(F)(F)F)CC2)C#N,CHEMBL388031,Ki,8.7
6837822,CCC(=O)c1c(Cl)cccc1c2ccc([C@@H](C)NC(=O)C3(CC3)NC(=O)C(F)(F)F)c(F)c2,CHEMBL222159,Ki,8.71
6837834,CCCN1C(=O)[C@H](NC(=O)Nc2ccc(cc2)N3CCN(CC3)c4ccncc4)N=C(CCc5ccccc5)c6ccccc16,CHEMBL1253497,IC50,8.72
6837845,CCc1onc(c1)C(=O)NC2(CC2)C(=O)N[C@H](C)c3ncc(cc3F)c4cc(Cl)cc(Cl)c4OCC(F)F,CHEMBL256903,Ki,8.72
6837856,CCOC(=O)c1c(Cl)cc(Cl)cc1c2ccc([C@@H](C)NC(=O)C3(CC3)NC(=O)C(F)(F)F)c(F)c2,CHEMBL392903,Ki,8.73
6837867,CC(C)(C)NCc1ccc2[C@@H](CCOc2c1)NC(=O)C[C@H]3N(c4ccccc4NC3=O)S(=O)(=O)c5ccccc5,CHEMBL525092,Ki,8.75
6837878,CCOC(=O)c1c(Cl)cc(Cl)cc1c2cnc([C@@H](C)NC(=O)C3(CC3)NC(=O)C(F)(F)F)c(F)c2,CHEMBL232946,Ki,8.75
6837889,CN1CCC(CC1)N2CCC(CCNC(=O)c3n[nH]c(NC(=O)c4ccccc4Cl)c3C)CC2,CHEMBL522947,IC50,8.75
6837900,COC(=O)c1ccccc1c2ccc(CNC(=O)C3(CC3)NC(=O)c4cncc(c4)C(F)(F)F)cc2,CHEMBL201041,Ki,8.75
6837911,COC(=O)c1ccccc1c2ccc(cc2)[C@@H](C)Nc3nccc(C)c3NC(=O)CC(F)(F)F,CHEMBL2113087,Ki,8.75
6837922,C[C@@H](NC(=O)C1(CC1)NC(=O)C(F)(F)F)c2ccc(cc2F)c3cc(Cl)cc(Cl)c3OCC(F)(F)F,CHEMBL436854,Ki,8.75
6837933,CCCN1CCN(CC1)C(=O)c2ccc(NCc3ccc(cc3F)c4cccc(F)c4C(=O)OC)nc2,CHEMBL207378,Ki,8.77
6837944,CN(C)Cc1ccc2[C@@H](CCOc2c1)NC(=O)C[C@H]3N(c4ccccc4NC3=O)S(=O)(=O)c5ccc(Cl)c(Cl)c5,CHEMBL504119,Ki,8.77
6837955,COC(=O)c1c(F)cccc1c2ccc(CNc3ccc(cn3)C(=O)N4CCN(CC5CCCC5)CC4)c(F)c2,CHEMBL380679,Ki,8.77
6837966,COc1cccc2C(CC(=O)NCCc3ccc(cc3)C4=NCCN4)N(c5ccccc5c12)S(=O)(=O)c6ccc(Cl)c(Cl)c6,CHEMBL2018873,Ki,8.77
6837976,C[C@@H](NC(=O)C1(COC1)NC(=O)C(F)(F)F)c2ccc(cc2F)c3cc(Cl)cc(F)c3c4nnn(C)n4,CHEMBL3657629,Ki,8.77
6837986,O[C@H](CS(=O)(=O)c1ccc2ccccc2c1)[C@@H](O)C(=O)N[C@@H]3CCCc4cc(CN5CCCCC5)ccc34,CHEMBL453339,Ki,8.77
6837997,Cc1ccc(cc1)S(=O)(=O)N2C=CNC(=O)[C@H]2CC(=O)N[C@@H]3CCCc4cc(CN)ccc34,CHEMBL1939756,Ki,8.79
6838007,COC(=O)c1c(Cl)cccc1c2ccc([C@@H](C)NC(=O)C3(COC3)NC(=O)c4cncnc4)c(F)c2,CHEMBL3657615,Ki,8.8
6838017,COC(=O)c1c(F)cccc1c2ccc([C@@H](C)NC(=O)C3(CC3)NC(=O)C(F)(F)C(F)(F)F)c(F)c2,CHEMBL373803,Ki,8.8
6838028,COc1cc(C)c(c(C)c1)S(=O)(=O)N(C)CCOCC(=O)N2CCN(CC2)C3CCN(C)CC3,CHEMBL2087421,Ki,8.8
6838039,C[C@@H](NC(=O)C1(CC1)NC(=O)C(F)(F)F)c2ccc(cc2F)c3cc(Cl)cc(Cl)c3c4nnn(C)n4,CHEMBL391227,Ki,8.8
6838049,C[C@@H](NC(=O)C1(COC1)NC(=O)c2onc(C)c2)c3ncc(cc3F)c4cc(Cl)cc(F)c4c5nnn(C)n5,CHEMBL3657628,Ki,8.8
6838058,C[C@@H](NC(=O)C1(COC1)NC(=O)c2snnc2C)c3ncc(cc3F)c4cc(Cl)cc(F)c4c5noc(C)n5,CHEMBL3657624,Ki,8.8
6838068,C[C@@H](NC(=O)C1(O)CC[S+]([O-])C1)c2ncc(cc2F)c3cc(Cl)cc(F)c3c4nnn(C)n4,CHEMBL521454,Ki,8.8
6838079,O=C(C[C@@H](NS(=O)(=O)c1ccc2ccccc2c1)c3ccccc3)N[C@@H]4CCc5cc(CN6CCCCC6)ccc45,CHEMBL441188,Ki,8.8
6838090,CCC(C)N1CCN(CC1)C(=O)c2ccc(NCc3ccc(cc3F)c4cccc(F)c4C(=O)OC)nc2,CHEMBL208991,Ki,8.82
6838101,CCOc1c(Cl)cc(Cl)cc1c2cnc([C@@H](C)NC(=O)C3(CC3)NC(=O)C(F)(F)F)c(F)c2,CHEMBL269963,Ki,8.82
6323550,COC(=O)c1c(F)cccc1c2ccc(CNC(=O)C3(CC3)NC(=O)C(F)(F)F)c(F)c2,CHEMBL413775,Ki,8.82
6838114,COC(=O)c1c(F)cccc1c2ccc(CNc3ccc(cn3)C(=O)N4CCN(CC(C)C)CC4)c(F)c2,CHEMBL381974,Ki,8.82
6838125,COC(=O)c1c(F)cccc1c2ccc(CNc3ccc(cn3)C(=O)N4CCN(CC4)C5CCCC5)c(F)c2,CHEMBL204356,Ki,8.82
6838136,C[C@@H](NC(=O)C1(CC1)NC(=O)C(F)(F)F)c2ncc(cc2F)c3cc(Cl)cc(Cl)c3OCC(F)F,CHEMBL403202,Ki,8.82
6838147,Cc1c(Cl)ccc(c1Cl)S(=O)(=O)N(CCc2ccccc2)CC(=O)NCC(=O)N(CCCCN3CCCC3)Cc4ccc(cc4)C(=N)N,CHEMBL2087031,Ki,8.82
6838158,O=C(CC(CS(=O)(=O)c1ccc2ccccc2c1)c3ccccc3)N[C@@H]4CCCc5cc(CN6CCCCC6)ccc45,CHEMBL449789,Ki,8.82
6838169,C[C@@H](NC(=O)C1(CC1)NC(=O)C(F)(F)F)c2ccc(cc2F)c3cc(Cl)ccc3c4nnn(C)n4,CHEMBL233764,Ki,8.84
6838180,C[C@@H](NC(=O)C1(CC1)NC(=O)C(F)(F)F)c2ccc(cc2F)c3cccc(F)c3C(F)(F)F,CHEMBL221695,Ki,8.84
6838191,CCCCN1CCN(CC1)C(=O)c2ccc(NCc3ccc(cc3F)c4cccc(F)c4C(=O)OC)nc2,CHEMBL208320,Ki,8.85
6838201,COc1cc(on1)C(=O)NC2(COC2)C(=O)N[C@H](C)c3ccc(cc3F)c4cc(Cl)cc(F)c4c5nnn(C)n5,CHEMBL3657650,Ki,8.85
6838210,COc1cc(on1)C(=O)NC2(COC2)C(=O)N[C@H](C)c3ncc(cc3F)c4cc(Cl)cc(F)c4c5noc(C)n5,CHEMBL3657622,Ki,8.85
6838220,C[C@@H](NC(=O)C1(CC1)NC(=O)c2cc(C)on2)c3ncc(cc3F)c4cc(Cl)cc(Cl)c4OCC(F)F,CHEMBL402630,Ki,8.85
6838230,C[C@@H](NC(=O)C1(COC1)NC(=O)c2cncc(N)c2)c3ncc(cc3F)c4cc(Cl)cc(F)c4c5noc(C)n5,CHEMBL3657635,Ki,8.85
6838240,C[C@@H](NC(=O)C1(CC1)NC(=O)C(F)(F)F)c2ccc(cc2F)c3cc(Cl)ccc3c4noc(C)n4,CHEMBL233351,Ki,8.86
6838251,CCOC(=O)c1c(Cl)cccc1c2ccc([C@@H](C)NC(=O)C3(CC3)NC(=O)C(F)(F)F)c(F)c2,CHEMBL218553,Ki,8.87
6838262,CCOc1c(Cl)cc(Cl)cc1c2ccc([C@@H](C)NC(=O)C3(CC3)NC(=O)C(F)(F)F)c(F)c2,CHEMBL404328,Ki,8.89
6838273,CN1c2cc(CN3CCCCC3)ccc2[C@H](CS1(=O)=O)NC(=O)C[C@@H](NS(=O)(=O)c4ccc5ccccc5c4)c6ccccc6,CHEMBL373654,Ki,8.89
6838283,C[C@@H](NC(=O)C1(COC1)NC(=O)c2cccnc2)c3ncc(cc3F)c4cc(Cl)cc(F)c4c5noc(C)n5,CHEMBL3657637,Ki,8.89
6838293,CN(C)Cc1ccc2[C@@H](CCCc2c1)NC(=O)C[C@H]3N(C=CNC3=O)S(=O)(=O)c4ccc(C)cc4,CHEMBL1939757,Ki,8.9
6838304,CCOC(=O)c1c(Cl)cccc1c2cnc([C@@H](C)NC(=O)C3(CC3)NC(=O)C(F)(F)F)c(F)c2,CHEMBL232945,Ki,8.92
6838315,CNCc1ccc2[C@@H](CCOc2c1)NC(=O)C[C@H]3N(c4ccccc4NC3=O)S(=O)(=O)c5ccc(Cl)c(Cl)c5,CHEMBL503847,Ki,8.92
6838326,COC(=O)c1ccc(C)cc1c2ccc(cc2)[C@@H](C)Nc3nccc(C)c3NC(=O)CC#N,CHEMBL225133,Ki,8.92
6838336,COc1ncc(cn1)C(=O)NC2(COC2)C(=O)N[C@H](C)c3ncc(cc3F)c4cc(Cl)cc(F)c4c5nnn(C)n5,CHEMBL3657643,Ki,8.92
6838346,C[C@@H](NC(=O)C1(CC1)NC(=O)c2ccon2)c3ncc(cc3F)c4cc(Cl)cc(Cl)c4OCC(F)F,CHEMBL401619,Ki,8.92
6838356,C[C@@H](NC(=O)C1(COC1)NC(=O)c2onc(C)c2)c3ccc(cc3F)c4cc(Cl)cc(F)c4c5noc(C)n5,CHEMBL3657631,Ki,8.92
6838366,FC1CCCN(CCCNC(=O)Nc2ccc(cc2)S(=O)(=O)Nc3ccccc3C(=O)c4ccccc4)C1,CHEMBL488662,Ki,8.92
6838377,Fc1ccc2c(c1)C(CC(=O)NCCc3ccc(cc3)C4=NCCN4)N(c5ccccc25)S(=O)(=O)c6ccc(Cl)c(Cl)c6,CHEMBL2018871,Ki,8.92
6838388,CC(C)(C)NCc1ccc2[C@@H](CCOc2c1)NC(=O)C[C@H]3N(c4ccccc4NC3=O)S(=O)(=O)c5ccc(Cl)c(Cl)c5,CHEMBL508043,Ki,8.96
6838399,CCOc1cc(on1)C(=O)NC2(CC2)C(=O)N[C@H](C)c3ncc(cc3F)c4cc(Cl)cc(Cl)c4OCC(F)F,CHEMBL404280,Ki,8.96
6838409,COc1ncc(cn1)C(=O)NC2(COC2)C(=O)N[C@H](C)c3ccc(cc3F)c4cc(Cl)cc(F)c4c5nnn(C)n5,CHEMBL3657651,Ki,8.96
6838418,COc1ncc(cn1)C(=O)NC2(COC2)C(=O)N[C@H](C)c3ncc(cc3F)c4cc(Cl)cc(Cl)c4OCC(F)F,CHEMBL3657647,Ki,8.96
6838427,COc1ncc(cn1)C(=O)NC2(COC2)C(=O)N[C@H](C)c3ncc(cc3F)c4cc(Cl)cc(F)c4c5noc(C)n5,CHEMBL3657623,Ki,8.96
6838437,C[C@@H](NC(=O)C1(CC1)NC(=O)C(F)(F)F)c2ccc(cc2F)c3cc(Cl)cc(F)c3c4nnn(C)n4,CHEMBL232354,Ki,8.96
6838447,C[C@@H](NC(=O)C1(COC1)NC(=O)c2cncnc2)c3ncc(cc3F)c4cc(Cl)cc(F)c4c5noc(C)n5,CHEMBL3657613,Ki,8.96
6838457,C[C@@H](Nc1nccc(Cl)c1NC(=O)CC#N)c2ccc(cc2)c3cccc(F)c3C(F)(F)F,CHEMBL225006,Ki,8.96
6838468,Clc1ccc(cc1Cl)S(=O)(=O)N2[C@H](CC(=O)NCCc3ccc(cc3)n4ccnc4)C(=O)Nc5ccccc25,CHEMBL189245,Ki,8.96
6838479,CC(NC(=O)C1(O)CCC(F)(F)C1)c2ncc(cc2F)c3cc(Cl)cc(F)c3c4nnn(C)n4,CHEMBL484882,Ki,9.0
6838490,CN(C)CCCN(CCCN(C)C)C(=O)C1CCN(CC1)S(=O)(=O)c2ccc(NCC(c3ccccc3)c4ccccc4)c(c2)C(=O)N5CCOCC5,CHEMBL183048,Ki,9.0
6838500,COC(=O)c1c(Cl)cccc1c2ccc([C@@H](C)NC(=O)C3(COC3)NC(=O)c4onc(C)c4)c(F)c2,CHEMBL3657621,Ki,9.0
6838509,C[C@@H](NC(=O)C1(COC1)NC(=O)c2ccnnc2)c3ncc(cc3F)c4cc(Cl)cc(F)c4c5noc(C)n5,CHEMBL3657632,Ki,9.0
6838518,C[C@@H](NC(=O)C1(COC1)NC(=O)c2onc(C)c2)c3ccc(cc3F)c4cc(Cl)cc(F)c4c5nnn(C)n5,CHEMBL3657630,Ki,9.0
6838528,Clc1ccc(cc1Cl)S(=O)(=O)N2CCc3ccccc3C2CC(=O)N[C@@H]4CC[C@@H](CCC5=NCCN5)CC4,CHEMBL2018866,Ki,9.0
6838539,C[C@@H](NC(=O)C1(O)CCOCC1)c2ncc(cc2F)c3cc(Cl)cc(F)c3c4nnn(C)n4,CHEMBL483858,Ki,9.02
6838550,COC(=O)c1c(F)cccc1c2ccc([C@@H](C)NC(=O)C3(CC3)NC(=O)C)c(F)c2,CHEMBL221288,Ki,9.03
6838561,CCOc1c(Cl)cccc1c2ccc([C@@H](C)NC(=O)C3(CC3)NC(=O)C(F)(F)F)c(F)c2,CHEMBL404683,Ki,9.05
6838572,C[C@@H](NC(=O)C1(CC1)NC(=O)C(F)(F)F)c2ccc(cc2F)c3cc(Cl)cc(Cl)c3OC(CF)CF,CHEMBL404705,Ki,9.05
6838585,Clc1ccc(cc1Cl)S(=O)(=O)N2[C@H](CC(=O)NCCc3ccc(cc3)C4=NCCN4)C(=O)Nc5ccccc25,CHEMBL189123,Ki,9.05
6838596,COC(=O)c1c(F)cccc1c2ccc(CNc3ccc(cn3)C(=O)N4CCN(CC5CC5)CC4)c(F)c2,CHEMBL207022,Ki,9.07
6838607,COC(=O)c1c(F)cccc1c2ccc(CNC(=O)C3(CC3)NC(=O)CC(F)(F)F)c(F)c2,CHEMBL219083,Ki,9.09
6838618,COC(=O)c1c(F)cccc1c2ccc([C@@H](C)NC(=O)C3(CC3)NC(=O)C(F)(F)Cl)c(F)c2,CHEMBL220371,Ki,9.09
6838628,COC(=O)c1c(Cl)cccc1c2ccc([C@@H](C)NC(=O)C3(COC3)NC(=O)c4oncc4)c(F)c2,CHEMBL3657620,Ki,9.1
6838638,COC(=O)c1ccc(Cl)cc1c2ccc(cc2)[C@@H](C)Nc3nccc(Cl)c3NC(=O)CC#N,CHEMBL375288,Ki,9.1
6838649,COc1cc(C)c(c(C)c1)S(=O)(=O)N(C)CCOCC(=O)N2CCN(CC2)C3CCN(CC3)C4CC4,CHEMBL2087423,Ki,9.1
6838660,C[C@@H](NC(=O)[C@@](C)(O)C(F)(F)F)c1ncc(cc1F)c2cc(Cl)cc(F)c2c3noc(CO)n3,CHEMBL496529,Ki,9.1
6838671,COC(=O)c1c(Cl)cccc1c2cnc([C@@H](C)NC(=O)C3(CC3)NC(=O)C(F)(F)F)c(F)c2,CHEMBL392551,Ki,9.11
6838683,O=C(C[C@@H](NS(=O)(=O)c1ccc2ccccc2c1)c3ccccc3)N[C@@H]4CCOc5cc(CN6CCCCC6)ccc45,CHEMBL415848,Ki,9.11
6838694,COC(=O)c1c(F)cccc1c2ccc(CNc3nccc(C)c3NC(=O)CC#N)c(F)c2,CHEMBL208371,Ki,9.15
6838705,CC(C)NCc1ccc2[C@@H](CCOc2c1)NC(=O)C[C@H]3N(c4ccccc4NC3=O)S(=O)(=O)c5ccc(Cl)c(Cl)c5,CHEMBL452331,Ki,9.16
6838716,COC(=O)c1c(Cl)cccc1c2ccc(cc2)[C@@H](C)Nc3nccc(Cl)c3NC(=O)CC#N,CHEMBL221998,Ki,9.16
6838727,COc1cc(C)c(c(C)c1)S(=O)(=O)N(C)CCOCC(=O)N2CCC(CC2)C3CCN(C)CC3,CHEMBL2087433,Ki,9.16
6838738,C[C@@H](NC(=O)C1(O)CCS(=O)(=O)C1)c2ncc(cc2F)c3cc(Cl)cc(F)c3c4nnn(C)n4,CHEMBL482829,Ki,9.16
6838749,C[C@@H](Nc1nccc(Cl)c1NC(=O)CC#N)c2ccc(cc2)c3cccc(F)c3c4noc(C)n4,CHEMBL225218,Ki,9.16
6838760,FC(F)(F)c1cccc(c1)S(=O)(=O)N[C@H](CC(=O)N[C@@H]2CCCc3cc(ccc23)C(=C)CN4CCCC4)c5ccccc5,CHEMBL1210744,Ki,9.16
1719131,O=C(Nc1ccc(cc1)S(=O)(=O)Nc2ccccc2C(=O)c3ccccc3)OCC4CCCO4,CHEMBL454085,Ki,9.16
6838773,COC(=O)c1c(F)cc(Cl)cc1c2ccc([C@@H](C)NC(=O)C3(CC3)NC(=O)C(F)(F)F)c(F)c2,CHEMBL231734,Ki,9.17
6838784,C[C@@H](NC(=O)C1(O)CCC(=O)C1)c2ncc(cc2F)c3cc(Cl)cc(F)c3c4nnn(C)n4,CHEMBL484881,Ki,9.17
6838795,C[C@@H](NC(=O)C1(CC1)NC(=O)C(F)(F)F)c2ccc(cc2F)c3cccc(Cl)c3c4nnn(C)n4,CHEMBL426561,Ki,9.18
6838806,CCOc1c(Cl)cc(Cl)cc1c2cnc([C@@H](C)NC(=O)C3(CC3)NC(=O)c4oncc4)c(F)c2,CHEMBL270173,Ki,9.22
6838816,COc1ncc(cn1)C(=O)NC2(COC2)C(=O)N[C@H](C)c3ccc(cc3F)c4cc(Cl)cc(F)c4c5noc(C)n5,CHEMBL3657638,Ki,9.22
6838826,C[C@@H](NC(=O)C1(CC1)NC(=O)C(F)(F)F)c2ccc(cc2F)c3cccc(F)c3c4nnn(C)n4,CHEMBL220657,Ki,9.22
6838837,FC(F)(F)c1ccccc1C2(CCC(CNc3ncccc3NC(=O)c4oncc4)CC2)C#N,CHEMBL234097,Ki,9.22
6838848,CCCN1C(=O)C(NC(=O)Nc2ccc(cc2)N3CCN(CC3)c4ccncc4)N=C(CCc5ccccc5)c6ccccc16,CHEMBL299832,Ki,9.23
6838859,COC(=O)c1c(F)cccc1c2ccc([C@@H](C)NC(=O)C3(CC3)NC(=O)C(F)(F)F)c(F)c2,CHEMBL374580,Ki,9.24
6838870,Cc1ccc(cc1)S(=O)(=O)N2C=CNC(=O)[C@H]2CC(=O)N[C@@H]3CCCc4cc(CNC5CC5)ccc34,CHEMBL1939759,Ki,9.25
6838881,COC(=O)c1c(F)cccc1c2ccc(CNC(=O)C3(CC3)NC(=O)C(Cl)Cl)c(F)c2,CHEMBL424919,Ki,9.27
6838892,C[C@@H](NC(=O)C1(CC1)NC(=O)C(F)(F)F)c2ccc(cc2F)c3cccc(F)c3c4onc(C)n4,CHEMBL218605,Ki,9.29
6838903,COc1cc(on1)C(=O)NC2(CC2)C(=O)N[C@H](C)c3ncc(cc3F)c4cc(Cl)cc(Cl)c4OCC(F)F,CHEMBL404484,Ki,9.3
6838914,C[C@@H](Nc1nccc(Cl)c1NC(=O)CC#N)c2ccc(cc2)c3cccc(F)c3c4nnn(C)n4,CHEMBL387638,Ki,9.3
6838925,C[C@@H](Nc1nccc(Cl)c1NC(=O)CC#N)c2ccc(cc2)c3cccc(F)c3c4onc(C)n4,CHEMBL222038,Ki,9.3
6838936,C[C@@H](NC(=O)C1(O)CCCC1)c2ncc(cc2F)c3cc(Cl)cc(F)c3c4nnn(C)n4,CHEMBL521735,Ki,9.32
6838947,Cc1ccc(cc1)S(=O)(=O)N2C=CNC(=O)[C@H]2CC(=O)N[C@@H]3CCCc4cc(CNCC(C)(C)C)ccc34,CHEMBL1939760,Ki,9.32
6838958,COC(=O)c1c(Cl)cc(Cl)cc1c2ccc([C@@H](C)NC(=O)C3(CC3)NC(=O)C(F)(F)F)c(F)c2,CHEMBL233968,Ki,9.34
6838969,CC(C)CNCc1ccc2[C@@H](CCOc2c1)NC(=O)C[C@H]3N(c4ccccc4NC3=O)S(=O)(=O)c5ccc(Cl)c(Cl)c5,CHEMBL444431,Ki,9.36
6838980,C[C@@H](NC(=O)[C@@](C)(O)C(F)(F)F)c1ncc(cc1Cl)c2cc(Cl)cc(F)c2c3nnn(C)n3,CHEMBL271283,Ki,9.37
6838991,C[C@@H](NC(=O)C1(O)CCC(F)(F)CC1)c2ncc(cc2F)c3cc(Cl)cc(F)c3c4nnn(C)n4,CHEMBL484055,Ki,9.39
6839002,COC(=O)c1c(Cl)cc(Cl)cc1c2ccc([C@@H](C)NC(=O)C3(CC3)NC(=O)c4onc(OC)c4)c(F)c2,CHEMBL404370,Ki,9.4
6839013,COC(=O)c1c(F)cccc1c2ccc([C@@H](C)NC(=O)C3(CC3)NC(=O)C(F)F)c(F)c2,CHEMBL414962,Ki,9.4
6839024,COC(=O)c1c(F)cccc1c2ccc(cc2)[C@@H](C)Nc3nccc(Cl)c3NC(=O)CC#N,CHEMBL225607,Ki,9.4
6839035,COc1cc(C)c(c(C)c1)S(=O)(=O)N(C)CCOCC(=O)N2CCC(CC2)C3CCN(CC3)C(C)C,CHEMBL2087434,Ki,9.4
6839046,C[C@@H](NC(=O)C1(CC1)NC(=O)c2oncc2)c3ncc(cc3F)c4cc(Cl)cc(Cl)c4OCC(F)F,CHEMBL255997,Ki,9.4
6839057,FC(F)(F)CC(=O)Nc1cccnc1NCC2CCC(CC2)(C#N)c3ccccc3C(F)(F)F,CHEMBL234096,Ki,9.4
6839068,Fc1ccc(cc1)[C@@H](CC(=O)N[C@@H]2CCOc3cc(CN4CCCCC4)ccc23)NS(=O)(=O)c5cccc(c5)C(F)(F)F,CHEMBL227713,Ki,9.4
6839079,C[C@@H](NC(=O)C1(O)CCSC1)c2ncc(cc2F)c3cc(Cl)cc(F)c3c4nnn(C)n4,CHEMBL496530,Ki,9.41
6839091,COc1cc(C)c(c(C)c1)S(=O)(=O)N(C)CCOCC(=O)N(C)Cc2ccc(cc2)C3=NCCN3,CHEMBL1254771,Ki,9.46
6839102,Clc1cccc2CN(C(=O)c12)c3cccc(c3)C(=O)N4CCC5(CC4)CCN(CC5)c6ccncc6,CHEMBL1254945,Ki,9.59
1743547,O=C(NCCCN1CCCCC1)Nc2ccc(cc2)S(=O)(=O)Nc3ccccc3C(=O)c4ccccc4,CHEMBL487445,Ki,9.6
6839115,Cc1ccc(cc1)S(=O)(=O)N2[C@H](CC(=O)N[C@@H]3CCOc4cc(CN5CCCCC5)ccc34)C(=O)Nc6ccccc26,CHEMBL447870,Ki,9.62
6839127,O=C(C[C@@H](NS(=O)(=O)c1ccc2ccccc2c1)c3ccccc3)N[C@@H]4CCCc5cc(CN6CCCCC6)ccc45,CHEMBL218152,Ki,9.62
6839138,NCCCCC(N)C(=O)N[C@H](CCCN=C(N)N)C(=O)N1CCC[C@H]1C(=O)N2CC(O)C[C@H]2C(=O)NCC(=O)NC(Cc3cccs3)C(=O)N[C@@H](CO)C(=O)N[C@@H]4CSc5ccccc5N(CC(=O)O)C4=O,CHEMBL412824,Ki,9.66
6839149,CCN1CCC(CC1)N2CCN(CC2)C(=O)COCCN(C)S(=O)(=O)c3c(C)cc(OC)cc3C,CHEMBL2087422,Ki,9.7
6839160,C[C@@H](NC(=O)C1(CC1)NC(=O)C(F)(F)F)c2ccc(cc2F)c3cc(Cl)cc(Cl)c3OCC(F)F,CHEMBL272278,Ki,9.7
6839171,C[C@@H](NC(=O)C1(CC1)NC(=O)c2onc(Cl)c2)c3ncc(cc3F)c4cc(Cl)cc(Cl)c4OCC(F)F,CHEMBL410281,Ki,9.7
6839182,Cc1ccc(cc1)S(=O)(=O)N2C=CNC(=O)[C@H]2CC(=O)N[C@@H]3CCCc4cc(CN5CCCC5)ccc34,CHEMBL1939758,Ki,9.71
6839193,O=C(C[C@H]1N(c2ccccc2NC1=O)S(=O)(=O)c3ccccc3)N[C@@H]4CCOc5cc(CN6CCCCC6)ccc45,CHEMBL502140,Ki,9.72
6839204,Cc1ccc(cc1)S(=O)(=O)N2CCNC(=O)[C@H]2CC(=O)N[C@@H]3CCCc4cc(CN5CCCCC5)ccc34,CHEMBL1777958,Ki,9.8
6839215,Clc1ccc(cc1Cl)S(=O)(=O)N2[C@H](CC(=O)N[C@@H]3CCOc4cc(CN5CCCCC5)ccc34)C(=O)Nc6ccccc26,CHEMBL450541,Ki,9.82
6839226,COC(=O)c1c(F)cccc1c2ccc([C@@H](C)NC(=O)C3(CC3)NC(=O)CC(F)(F)F)c(F)c2,CHEMBL373530,Ki,9.89
6839237,Clc1ccc(cc1Cl)S(=O)(=O)N2[C@H](CC(=O)N[C@@H]3CCCc4cc(CN5CCCCC5)ccc34)C(=O)Nc6ccccc26,CHEMBL504531,Ki,10.0
6839248,Clc1ccc2NC(=O)[C@@H](CC(=O)NCCc3ccc(cc3)c4ncc[nH]4)N(c2c1)S(=O)(=O)c5ccc6ccccc6c5,CHEMBL185727,Ki,10.15
6839259,O=C(C[C@H]1N(c2ccccc2NC1=O)S(=O)(=O)c3ccc4ccccc4c3)NCCc5ccc(cc5)c6ncc[nH]6,CHEMBL185811,Ki,10.15
6839270,Cc1ccc(cc1)S(=O)(=O)N2C=CNC(=O)[C@H]2CC(=O)N[C@@H]3CCCc4cc(CN5CCCCC5)ccc34,CHEMBL1939755,Ki,10.35
6839281,NCCCC[C@H](N)C(=O)N[C@@H](CCCCN)C(=O)N[C@H](CCCN=C(N)N)C(=O)N1CCC[C@H]1C(=O)N2CC(O)C[C@H]2C(=O)NCC(=O)N[C@@H](C3Cc4ccccc4C3)C(=O)N[C@@H](CO)C(=O)N[C@@H]5CSc6ccccc6N(CC(=O)O)C5=O,CHEMBL3142391,Ki,10.46
6839292,NCCCC[C@H](N)C(=O)N[C@@H](CCCN=C(N)N)C(=O)N1CCC[C@H]1C(=O)N2C[C@H](O)C[C@H]2C(=O)NCC(=O)N[C@@H](C3Cc4ccccc4C3)C(=O)N[C@@H](CO)C(=O)N[C@@H]5CSc6ccccc6N(CC(=O)O)C5=O,CHEMBL3085458,Ki,10.64
6839303,CN1CCN=C1c2ccc(CCNC(=O)C[C@H]3N(c4cc(Cl)ccc4NC3=O)S(=O)(=O)c5ccc6ccccc6c5)cc2,CHEMBL185693,Ki,10.7
6839314,O=C(C[C@H]1N(c2ccccc2NC1=O)S(=O)(=O)c3ccc4ccccc4c3)NCCc5ccc(cc5)C6=NCCN6,CHEMBL359553,Ki,10.7
6839325,Clc1ccc2NC(=O)[C@@H](CC(=O)NCCc3ccc(cc3)C4=NCCN4)N(c2c1)S(=O)(=O)c5ccc6ccccc6c5,CHEMBL160547,Ki,11.0
