id,smiles,name,assay_type,activity_value
6179753,CC(C)(C)NC(=O)NS(=O)(=O)c1cnccc1N[C@@H]2C[C@H]3CC[C@@H]2C3,CHEMBL1762247,IC50,7.0
6179765,CCC(C)(C)Cc1c[nH]c(CCc2ccc(cc2)c3ccncc3)n1,CHEMBL1091984,IC50,7.0
6179777,Cc1ccc2Nc3nc(ccc3CN(c2c1C)S(=O)(=O)c4ccc(cc4)C(C)(C)C)C(F)(F)F,CHEMBL2164575,EC50,7.01
6179788,CCC(C)(C)Cc1c[nH]c(CCc2ccc(cc2)c3ccccc3OCc4cnn[nH]4)n1,CHEMBL1087442,IC50,7.08
1723960,CC(C)(C)Cc1c[nH]c(n1)C(C)(O)Cc2ccc(cc2)c3ccc(F)cn3,CHEMBL1672351,IC50,7.09
6179801,CCC(C)(C)NC(=O)NS(=O)(=O)c1cnccc1N[C@@H]2C[C@H]3CC[C@@H]2C3,CHEMBL1762250,IC50,7.13
6179814,CC(C)(O)c1onc(n1)c2cccc3Nc4nc(ccc4CN(c23)S(=O)(=O)c5ccc(OC(F)(F)F)cc5)C(F)(F)F,CHEMBL2023109,EC50,7.14
6179825,Cc1ccc2Nc3nc(ccc3CN(c2c1C)S(=O)(=O)c4ccc(cc4)S(=O)(=O)C)C(F)(F)F,CHEMBL2179475,IC50,7.14
6179837,CC(C)COc1cccc(CC(=O)N2CCNc3nc(ccc3C2)C(F)(F)F)c1,CHEMBL3115378,EC50,7.16
6179848,CC(C)C(=O)Oc1cccc(CC(=O)N2CCNc3nc(ccc3[C@H]2CC(=O)O)C(F)(F)F)c1,CHEMBL3356403,EC50,7.17
6179859,O=S(=O)(Nc1nc(n[nH]1)C2CCC2)c3cnccc3NC4CC5CCC4C5,CHEMBL1762274,IC50,7.17
6179871,CCCCOc1cccc(CC(=O)N2CCNc3nc(ccc3C2)C(F)(F)F)c1,CHEMBL3115377,EC50,7.23
6179882,CCC(C)(C)Cc1c[nH]c(CCc2ccc(cc2)c3cccc(O)n3)n1,CHEMBL1093170,IC50,7.29
6179893,CCC(C)(C)Cc1c[nH]c(CCc2ccc(cc2)c3cnccn3)n1,CHEMBL1089512,IC50,7.29
6179905,CC(C)(C)c1ccc(CC(=O)N2Cc3ccc(nc3Nc4ccccc24)C(F)(F)F)cc1,CHEMBL3115392,EC50,7.32
6179916,CCC(C)(C)Cc1c[nH]c(CCc2ccc(cc2)c3csnn3)n1,CHEMBL1089511,IC50,7.35
6179927,OC(=O)C[C@H]1N(CCNc2nc(ccc12)C(F)(F)F)C(=O)Cc3cccc(OC(=O)CC4CC4)c3,CHEMBL3356406,EC50,7.38
6179938,FC(F)(F)c1ccc2CN(CCNc2n1)C(=O)Cc3cccc(OC4CCCC4)c3,CHEMBL3115380,EC50,7.39
6179949,CC(C)OC(=O)c1cccc(CC(=O)N2CCNc3nc(ccc3[C@H]2CC(=O)O)C(F)(F)F)c1,CHEMBL3356409,EC50,7.4
6179960,Cc1ccc2Nc3ncccc3CN(c2c1C)S(=O)(=O)c4ccc(cc4)C(C)(C)C,CHEMBL2179482,IC50,7.4
839084,CSCC[C@H](NC(=O)[C@H](CC(C)C)NC(=O)[C@H](Cc1c[nH]cn1)NC(=O)CNC(=O)[C@@H](NC(=O)[C@H](C)NC(=O)[C@H](Cc2c[nH]c3ccccc23)NC(=O)[C@H](CCC(=O)N)NC(=O)COCC(=O)Nc4ccc(CC(CNCCN)CNCCN)cc4)C(C)C)C(=O)N,CHEMBL414307,IC50,7.43
6179973,OC(=O)c1cc(F)c(F)cc1c2ccc(CCc3nc(CC4CCCCC4)c[nH]3)cc2,CHEMBL1092730,IC50,7.44
6179984,CCC(C)(C)Cc1c[nH]c(CCc2ccc(cc2)n3cccn3)n1,CHEMBL1089521,IC50,7.48
6179995,CCC(C)(C)Cc1c[nH]c(CCc2ccc(cc2)c3ccccc3O)n1,CHEMBL1088684,IC50,7.51
6180006,CCC(C)(C)Cc1c[nH]c(CCc2ccc(cc2)c3ccccc3OCC4=NC(=O)NN4)n1,CHEMBL1086684,IC50,7.51
6180017,CC(C)(C)c1ccc(cc1)S(=O)(=O)N2Cc3ccc(nc3Nc4cccc(C5=NOC(=O)N5)c24)C(F)(F)F,CHEMBL2164579,IC50,7.54
6180028,CCC(C)(C)Cc1c[nH]c(CCc2ccc(cc2)N3CCCCC3)n1,CHEMBL1091918,IC50,7.55
6180039,CCC(C)(C)Cc1c[nH]c(CCc2ccc(cc2)c3ccccc3OCc4nc(N)n[nH]4)n1,CHEMBL1086674,IC50,7.57
6180051,O[C@@](Cc1nc(CC2(CC2)C(F)(F)F)c[nH]1)(c3ccc(cc3)n4cccn4)C(F)(F)F,CHEMBL1672354,IC50,7.57
6180062,CCC(C)(C)Cc1c[nH]c(CCc2ccc(cc2)N3CCCC[C@@H]3c4ncn[nH]4)n1,CHEMBL1088411,IC50,7.59
6180074,FC(F)(F)c1ccc2CN(C(=O)Cc3cccc(Oc4ccccc4)c3)c5ccccc5Nc2n1,CHEMBL3115394,EC50,7.6
6180085,CCC(C)(C)Cc1c[nH]c(CCc2ccc(cc2)c3ccccc3OCc4ncn[nH]4)n1,CHEMBL1086673,IC50,7.66
6180096,CCC(C)(C)Cc1c[nH]c(CCc2ccc3c(CN(C)C(=O)c4ccccc34)c2)n1,CHEMBL1087200,IC50,7.7
6180107,Cc1ccc2Nc3nc(ccc3CN(c2c1C)S(=O)(=O)C4=NC(C=[S+]4)C(C)(C)C)C(F)(F)F,CHEMBL2179479,IC50,7.7
6180119,CCC(C)(C)Cc1c[nH]c(CCc2ccc(cc2)c3ccc(F)cn3)n1,CHEMBL1093184,IC50,7.72
6180130,CCCCC(=O)Oc1cccc(CC(=O)N2CCNc3nc(ccc3[C@H]2CC(=O)O)C(F)(F)F)c1,CHEMBL3356405,EC50,7.72
6180141,CC(C)(O)c1onc(n1)c2cccc3Nc4nc(ccc4CN(c23)S(=O)(=O)c5ccc(OC(F)F)cc5)C(F)(F)F,CHEMBL2164226,IC50,7.75
6180152,CCC(C)(C)Cc1c[nH]c(CCc2ccc(cc2)N3CCCc4cn[nH]c34)n1,CHEMBL1088553,IC50,7.75
1741540,CCC(C)(C)Cc1c[nH]c(CCc2ccc(cc2)c3ccccn3)n1,CHEMBL1091720,IC50,7.75
1728196,CC(C)(C)Cc1c[nH]c(CC(C)(O)c2ccc(cc2)c3ccc(F)cn3)n1,CHEMBL1672352,IC50,7.77
6180168,CC(C)COc1cccc(CC(=O)N2CCNc3nc(ccc3[C@H]2CC(=O)O)C(F)(F)F)c1,CHEMBL3115389,EC50,7.77
6180179,C(Cc1nc(CC2CCCC2)c[nH]1)c3ccc(cc3)c4ccccc4c5nnn[nH]5,CHEMBL1099034,IC50,7.82
6180190,Cc1ccc2Nc3nc(ccc3CN(c2c1C)S(=O)(=O)c4csc(c4)C(F)(F)F)C(F)(F)F,CHEMBL2179481,IC50,7.85
6180202,OC(=O)CC1N(CCNc2nc(ccc12)C(F)(F)F)C(=O)Cc3cccc(Oc4ccccc4)c3,CHEMBL3115385,EC50,7.89
6180213,CC(C)CC(=O)Oc1cccc(CC(=O)N2CCNc3nc(ccc3[C@H]2CC(=O)O)C(F)(F)F)c1,CHEMBL3356404,EC50,7.92
6180224,OCC1N(CCNc2nc(ccc12)C(F)(F)F)C(=O)Cc3cccc(Oc4ccccc4)c3,CHEMBL3115382,EC50,7.92
6180235,CC(O)(Cc1nc(CC2(CC2)C(F)(F)F)c[nH]1)c3ccc(cc3)n4cccn4,CHEMBL1671874,IC50,7.96
6180246,CCC(C)(C)Cc1c[nH]c(CCc2ccc(cc2)c3ccccc3C(=O)O)n1,CHEMBL1089721,IC50,7.96
6180257,CCC(C)(C)Cc1c[nH]c(CCc2ccc(cc2)c3ccns3)n1,CHEMBL1093459,IC50,7.96
6180268,OCCC1N(CCNc2nc(ccc12)C(F)(F)F)C(=O)Cc3cccc(Oc4ccccc4)c3,CHEMBL3115384,EC50,7.96
6180279,CCC(C)(C)Cc1c[nH]c(CCc2ccc(cc2)c3cnsc3)n1,CHEMBL1082471,IC50,8.0
6180290,CCC(C)(C)Cc1c[nH]c(CCc2ccc3c(CNC(=O)c4ccccc34)c2)n1,CHEMBL1087443,IC50,8.0
6180301,Cc1ccc2CN(c3c(C)c(C)ccc3Nc2n1)S(=O)(=O)c4ccc(cc4)C(C)(C)C,CHEMBL2179484,IC50,8.0
6180312,Cc1ccc2Nc3nc(ccc3CN(c2c1C)S(=O)(=O)c4ccc(s4)C(F)(F)F)C(F)(F)F,CHEMBL2179480,IC50,8.0
6180324,Cc1ccc(Oc2cccc(CC(=O)N3CCNc4nc(ccc4C3)C(F)(F)F)c2)cn1,CHEMBL3115373,EC50,8.02
6180335,Cc1ccc2Nc3nc(Cl)c(F)cc3CN(c2c1C)S(=O)(=O)c4ccc(cc4)C(C)(C)C,CHEMBL2179910,IC50,8.05
6180346,CC(C)(C)CC(=O)Oc1cccc(CC(=O)N2CCNc3nc(ccc3[C@H]2CC(=O)O)C(F)(F)F)c1,CHEMBL3356407,EC50,8.06
6180358,FC(F)(F)c1ccc2CN(CCNc2n1)C(=O)Cc3cccc(Oc4ccccc4)c3,CHEMBL3115395,EC50,8.07
6180369,CC(C)(O)c1onc(n1)c2cccc3Nc4nc(ccc4CN(c23)S(=O)(=O)c5ccc(cc5)C(F)(F)F)C(F)(F)F,CHEMBL2164225,IC50,8.08
6180380,FC(F)(F)c1ccc2CN(CCNc2n1)C(=O)Cc3cccc(OC4CCCCC4)c3,CHEMBL3115381,EC50,8.09
6180391,CCC(C)(C)Cc1c[nH]c(CCc2ccc(cc2)c3cccnc3)n1,CHEMBL1091599,IC50,8.13
6180402,CCC(C)(C)Cc1c[nH]c(CCc2ccc(cc2)c3cccc(N)n3)n1,CHEMBL1092381,IC50,8.14
6180413,Fc1ccccc1Oc2cccc(CC(=O)N3CCNc4nc(ccc4C3)C(F)(F)F)c2,CHEMBL3115397,EC50,8.16
6180424,Cc1ccc2Nc3nc(ccc3CN(c2c1C)S(=O)(=O)c4ccc(cc4)C(F)(F)F)C(F)(F)F,CHEMBL2179474,IC50,8.17
6180435,Fc1cccc(Oc2cccc(CC(=O)N3CCNc4nc(ccc4C3)C(F)(F)F)c2)c1,CHEMBL3115398,EC50,8.17
6180446,CCC(C)(C)Cc1c[nH]c(CCc2ccc(cc2)c3cccc(C)n3)n1,CHEMBL1091985,IC50,8.2
6180457,CCC(C)(C)Cc1c[nH]c(CCc2ccc(cc2)N3CCCC[C@@H]3c4nnn[nH]4)n1,CHEMBL1088410,IC50,8.21
6180468,CCC(C)(C)Cc1c[nH]c(CCc2ccc(cc2)c3ccccc3OCC4=NC(=S)NN4)n1,CHEMBL1086672,IC50,8.22
6180479,Cc1ccc2Nc3nc(ccc3CN(c2c1)S(=O)(=O)c4ccc(cc4)C(C)(C)C)C(F)(F)F,CHEMBL2179913,IC50,8.24
6180490,Cc1ccc2Nc3nc(ccc3CN(c2c1C)S(=O)(=O)c4ccc(cc4)C(C)(C)C#N)C(F)(F)F,CHEMBL2179478,IC50,8.24
6180501,Cc1ccc2Nc3nc(ccc3CN(c2c1C)S(=O)(=O)c4ccc(cc4)C(C)(C)F)C(F)(F)F,CHEMBL2179477,IC50,8.24
6180512,CC(C)(C)COC(=O)c1cccc(CC(=O)N2CCNc3nc(ccc3[C@H]2CC(=O)O)C(F)(F)F)c1,CHEMBL3356413,EC50,8.25
6180523,CC(C)(C)c1ccc(cc1)S(=O)(=O)N2Cc3ccc(nc3Nc4ccccc24)C(F)(F)F,CHEMBL2179914,IC50,8.26
6180534,CCC(C)(C)Cc1c[nH]c(CCc2ccc(cc2)N3CCCC[C@@H]3C(=O)O)n1,CHEMBL1088409,IC50,8.28
6180545,CCC(C)(C)Cc1c[nH]c(CCc2ccc(cc2)c3ccccc3OCc4nnn[nH]4)n1,CHEMBL1094054,IC50,8.28
6180556,Cc1ccc2Nc3nc(ccc3CN(c2n1)S(=O)(=O)c4ccc(cc4)C(C)(C)C)C(F)(F)F,CHEMBL2179917,IC50,8.28
6180567,CC(C)(C)Cc1c[nH]c(CC(C)(O)c2ccc(cc2)n3cccn3)n1,CHEMBL1672353,IC50,8.3
6180578,CC(C)(C)c1ccc(cc1)S(=O)(=O)N2Cc3ccc(nc3Nc4ccc(c(F)c24)C(C)(C)O)C(F)(F)F,CHEMBL2179915,IC50,8.3
6180589,Cc1ccc2Nc3nc(ccc3CN(c2c1C)S(=O)(=O)c4ccc(cc4)C(C)(C)C)C#N,CHEMBL2179907,IC50,8.36
6180600,CC(C)COC(=O)c1cccc(CC(=O)N2CCNc3nc(ccc3[C@H]2CC(=O)O)C(F)(F)F)c1,CHEMBL3356410,EC50,8.38
6180611,CCCCOC(=O)c1cccc(CC(=O)N2CCNc3nc(ccc3[C@H]2CC(=O)O)C(F)(F)F)c1,CHEMBL3356411,EC50,8.4
6180623,Fc1ccc(Oc2cccc(CC(=O)N3CCNc4nc(ccc4C3)C(F)(F)F)c2)cc1,CHEMBL3115399,EC50,8.44
6180634,OC(=O)C[C@H]1N(CCNc2nc(ccc12)C(F)(F)F)C(=O)Cc3cccc(c3)C(=O)OCC4CC4,CHEMBL3356412,EC50,8.47
6180645,Cc1ccc2Nc3nc(ccc3CN(c2c1C)S(=O)(=O)c4ccc(OC(F)(F)F)cc4)C(F)(F)F,CHEMBL2179476,IC50,8.48
6180656,CC(C)(C)c1ccc(cc1)S(=O)(=O)N2Cc3ccc(nc3Nc4cccc(Cl)c24)C(F)(F)F,CHEMBL2179912,IC50,8.5
6180667,CC(C)(C)c1ccc(cc1)S(=O)(=O)N2Cc3ccc(nc3Nc4cccc(O)c24)C(F)(F)F,CHEMBL2179916,IC50,8.66
6180678,CNC(=O)C1(CCC1)c2cccc3Nc4nc(ccc4CN(c23)S(=O)(=O)c5ccc(OC(F)(F)F)cc5)C(F)(F)F,CHEMBL2023114,IC50,8.68
6180689,C[C@@H](O)c1onc(n1)c2cccc3Nc4nc(ccc4CN(c23)S(=O)(=O)c5ccc(cc5)C(C)(C)C)C(F)(F)F,CHEMBL2164222,IC50,8.72
6180700,CC(C)(C)c1ccc(cc1)S(=O)(=O)N2Cc3ccc(nc3Nc4cccc(c5cccnc5)c24)C(F)(F)F,CHEMBL2164576,IC50,8.76
6180711,CC(C)c1ccc(cc1)S(=O)(=O)N2Cc3ccc(nc3Nc4cccc(c5noc(n5)C(C)(C)O)c24)C(F)(F)F,CHEMBL2164224,IC50,8.77
6180723,Cc1ccc(Oc2cccc(CC(=O)N3CCNc4nc(ccc4[C@H]3CC(=O)O)C(F)(F)F)c2)cn1,CHEMBL3115390,EC50,8.77
6180735,OC(=O)C[C@H]1N(CCNc2nc(ccc12)C(F)(F)F)C(=O)Cc3cccc(Oc4ccc(F)cc4)c3,CHEMBL3115388,EC50,8.77
6180746,CC(C)c1ccc(cc1)S(=O)(=O)N2Cc3ccc(nc3Nc4ccc(C)c(C)c24)C(F)(F)F,CHEMBL2179473,IC50,8.8
6180758,OC(=O)C[C@H]1N(CCNc2nc(ccc12)C(F)(F)F)C(=O)Cc3cccc(Oc4ccccc4)c3,CHEMBL3115386,EC50,8.8
6180769,CC(C)(C)c1ccc(cc1)S(=O)(=O)N2Cc3ccc(nc3Nc4cccc(C5CCNCC5)c24)C(F)(F)F,CHEMBL2164578,IC50,8.85
6180780,CC(C)(O)c1onc(n1)C(C)(C)c2cccc3Nc4nc(ccc4CN(c23)S(=O)(=O)c5ccc(OC(F)(F)F)cc5)C(F)(F)F,CHEMBL2023110,IC50,8.85
6180792,Cc1ccc(Oc2cccc(CC(=O)N3CCNc4nc(ccc4C3)C(F)(F)F)c2)cc1,CHEMBL3115400,EC50,8.89
6180803,C[C@H](O)c1onc(n1)c2cccc3Nc4nc(ccc4CN(c23)S(=O)(=O)c5ccc(cc5)C(C)(C)C)C(F)(F)F,CHEMBL2164582,IC50,8.92
6180814,Cc1ccc2Nc3nc(Cl)ccc3CN(c2c1C)S(=O)(=O)c4ccc(cc4)C(C)(C)C,CHEMBL2179908,IC50,8.92
6180825,CC(C)(C)c1ccc(cc1)S(=O)(=O)N2Cc3ccc(nc3Nc4cccc(c5nocn5)c24)C(F)(F)F,CHEMBL2164580,IC50,8.96
6180931,CC(C)(C)c1ccc(cc1)S(=O)(=O)N2Cc3ccc(nc3Nc4cccc(c5noc(n5)C(C)(C)O)c24)C(F)(F)F,CHEMBL2164223,IC50,9.05
6180942,Cc1cccc2Nc3nc(ccc3CN(c12)S(=O)(=O)c4ccc(cc4)C(C)(C)C)C(F)(F)F,CHEMBL2179911,IC50,9.05
6180953,Cn1cc(cn1)c2cccc3Nc4nc(ccc4CN(c23)S(=O)(=O)c5ccc(cc5)C(C)(C)C)C(F)(F)F,CHEMBL2164577,IC50,9.12
6180964,CC(C)(C)c1ccc(cc1)S(=O)(=O)N2Cc3ccc(nc3Nc4ccc5ncccc5c24)C(F)(F)F,CHEMBL2179918,IC50,9.16
6180975,CC(C)(C)c1ccc(cc1)S(=O)(=O)N2Cc3ccc(nc3Nc4cccc(c5noc(CO)n5)c24)C(F)(F)F,CHEMBL2164581,IC50,9.16
6180986,CC(C)(O)c1onc(n1)C2(CCC2)c3cccc4Nc5nc(ccc5CN(c34)S(=O)(=O)c6ccc(OC(F)(F)F)cc6)C(F)(F)F,CHEMBL2023111,IC50,9.22
6180997,CC(C)(C(=O)N)c1cccc2Nc3nc(ccc3CN(c12)S(=O)(=O)c4ccc(OC(F)(F)F)cc4)C(F)(F)F,CHEMBL2023112,IC50,9.3
6181008,NC(=O)C1(CCC1)c2cccc3Nc4nc(ccc4CN(c23)S(=O)(=O)c5ccc(OC(F)(F)F)cc5)C(F)(F)F,CHEMBL2023113,IC50,9.3
