id,smiles,name,assay_type,activity_value
8273097,Cc1nc(oc1C(=O)N[C@@H](CCCNC(=N)N)C(=O)O)C(c2ccccc2)c3ccccc3,CHEMBL3342679,IC50,7.0
8273109,Fc1cc(cc(F)c1F)C(C2CCCCC2)C(=O)NC3CCN(CC3)C(=O)CCc4cccnc4,CHEMBL396030,IC50,7.0
8273120,NC(=N)NCCC[C@H](NC(=O)CCCC(c1ccccc1)c2ccccc2)C(=O)O,CHEMBL3342677,IC50,7.0
8273131,NC(=N)NCCC[C@H](NC(=O)c1oc(nc1c2ccccc2)C(c3ccccc3)c4ccccc4)C(=O)O,CHEMBL3342683,IC50,7.0
8273142,NC(=N)NCCC[C@H](NC(=O)c1nc([nH]c1c2ccccc2)C(c3ccccc3)c4ccccc4)C(=O)O,CHEMBL3342687,IC50,7.06
8273153,Cc1cccc(c1)C(C2CCCCC2)C(=O)NC3CCN(CC3)C(=O)CCc4cccnc4,CHEMBL232031,IC50,7.1
8273164,NC(=N)NCCC[C@@H](NC(=O)c1oc(cc1)c2cccc(Cl)c2)C(=O)O,CHEMBL231405,IC50,7.1
8273175,CC[C@H](C)[C@H](NC(=O)Cc1c[nH]c2ccccc12)c3occ(n3)C(=O)N[C@@H](CCCNC(=N)N)C(=O)O,CHEMBL3735993,EC50,7.14
8273187,NC(=N)NCCC[C@H](NC(=O)c1oc(cc1)C(c2ccccc2)c3ccccc3)C(=O)O,CHEMBL230034,IC50,7.2
8273198,CC[C@H](C)[C@H](NC(=O)C(C)c1ccc2cc(OC)ccc2c1)c3occ(n3)C(=O)N[C@@H](CCCNC(=N)N)C(=O)O,CHEMBL3735240,IC50,7.26
8273209,CC[C@H](C)[C@H](NC(=O)c1ccccc1Oc2ccccc2)c3occ(n3)C(=O)N[C@@H](CCCNC(=N)N)C(=O)O,CHEMBL3735764,EC50,7.26
8273220,NC(=N)NCCC[C@H](NC(=O)c1noc(n1)C(c2ccccc2)c3ccccc3)C(=O)O,CHEMBL3342681,IC50,7.27
8273231,Clc1cccc(c1)C(C2CCCC=C2)C(=O)NC3CCN(CC3)C(=O)CCc4cccnc4,CHEMBL438129,IC50,7.3
8273242,CC(C)C[C@H](NC(=O)OC(C)(C)C)c1oc(C)c(n1)C(=O)N[C@@H](CCCNC(=N)N)C(=O)O,CHEMBL3735339,EC50,7.35
8273253,CC[C@H](C)[C@H](NC(=O)c1ccc2ccccc2n1)c3occ(n3)C(=O)N[C@@H](CCCNC(=N)N)C(=O)O,CHEMBL3735048,EC50,7.39
8273264,Cc1c(nc(C(c2ccccc2)c3ccccc3)n1C)C(=O)N[C@@H](CCCNC(=N)N)C(=O)O,CHEMBL3342690,IC50,7.5
8273275,Fc1ncccc1CCC(=O)N2CCC(CC2)NC(=O)C(C3CCCCC3)c4ccccc4,CHEMBL396031,IC50,7.5
8273286,NC(=N)NCCC[C@@H](NC(=O)c1oc(cc1)C(c2cccc(F)c2)c3cccc(F)c3)C(=O)O,CHEMBL229005,IC50,7.5
8273297,CC[C@H](C)[C@H](NC(=O)OC(C)(C)C)c1occ(n1)C(=O)N[C@@H](CCCNC(=N)N)C(=O)O,CHEMBL3736239,IC50,7.52
8273308,CC[C@H](C)[C@H](NC(=O)c1ccccc1)c2occ(n2)C(=O)N[C@@H](CCCNC(=N)N)C(=O)O,CHEMBL3736519,IC50,7.57
8273319,CC(C)C[C@H](NC(=O)OC(C)(C)C)c1occ(n1)C(=O)N[C@@H](CCCNC(=N)N)C(=O)O,CHEMBL3735760,IC50,7.7
8273330,NC(=N)NCCC[C@H](NC(=O)c1coc(n1)C(c2ccccc2)c3ccccc3)C(=O)O,CHEMBL3342685,IC50,7.7
8273341,CC[C@H](C)[C@H](NC(=O)c1cncc(Br)c1)c2occ(n2)C(=O)N[C@@H](CCCNC(=N)N)C(=O)O,CHEMBL3735507,EC50,7.76
8273352,NC(=N)NCCC[C@@H](NC(=O)c1oc(cc1)C(c2cccc(Cl)c2)c3cccc(Cl)c3)C(=O)O,CHEMBL387755,IC50,7.8
8273363,NC(=N)NCCC[C@H](NC(=O)c1onc(n1)C(c2ccccc2)c3ccccc3)C(=O)O,CHEMBL3342680,IC50,7.9
8273374,Cc1oc(nc1C(=O)N[C@@H](CCCNC(=N)N)C(=O)O)C(c2ccccc2)c3ccccc3,CHEMBL3342686,IC50,7.96
8273385,Cc1[nH]c(nc1C(=O)N[C@@H](CCCNC(=N)N)C(=O)O)C(c2ccccc2)c3ccccc3,CHEMBL3342689,IC50,8.0
8273396,NC(=N)NCCC[C@H](NC(=O)COCC(c1ccccc1)c2ccccc2)C(=O)O,CHEMBL389348,IC50,8.0
8273407,NC(=O)NCCC[C@H](NC(=O)COCC(c1ccccc1)c2ccccc2)C(=O)O,CHEMBL3735614,IC50,8.0
8273418,CC(C)C[C@H](NC(=O)c1c[nH]c2ccccc12)c3occ(n3)C(=O)N[C@@H](CCCNC(=N)N)C(=O)O,CHEMBL3736108,IC50,8.03
8273429,CC[C@H](C)[C@H](NC(=O)CCC(=O)c1ccc(cc1)c2ccccc2)c3occ(n3)C(=O)N[C@@H](CCCNC(=N)N)C(=O)O,CHEMBL3736125,EC50,8.1
8273440,NC(=N)NCCC[C@H](NC(=O)CSCC(c1ccccc1)c2ccccc2)C(=O)O,CHEMBL3342676,IC50,8.1
8273451,NC(=N)NCCC[C@H](NC(=O)c1c[nH]c(n1)C(c2ccccc2)c3ccccc3)C(=O)O,CHEMBL3342688,IC50,8.16
