id,smiles,name,assay_type,activity_value
7744949,CNc1nc(nc2CCN(Cc12)c3cc(ccc3C)C(C)C)c4cccc5[nH]cc(C)c45,CHEMBL3646912,IC50,7.03
7744959,C[C@@H]1CN(CCN1CC(=O)N)c2nc(nc3CCN(Cc23)c4ccccc4C(F)(F)F)c5cccc6[nH]cc(C)c56,CHEMBL3646968,IC50,7.04
7744969,CC(C)(CN(C1CCC2(CC1)OCCO2)C(=O)c3csc4ccccc34)c5ccc(Cl)cc5,CHEMBL469527,IC50,7.05
7744980,COC(=O)C(CC1CCCCC1)N(C2CCC3(CC2)OCCO3)C(=O)c4csc5ccccc45,CHEMBL471018,IC50,7.05
7744990,Cc1cc(N2CCc3nc(nc(N4CCCC(C)(C)C4)c3C2)c5c(C)cccc5C)n(C)n1,CHEMBL3646902,IC50,7.05
7745000,Cc1nc(c2csc3ccccc23)n(C4CCC5(CC4)OCCO5)c1Cc6ccc(Cl)cc6,CHEMBL514743,IC50,7.05
7745011,Clc1ccc(Cc2cnc(c3cccc4ccccc34)n2C5CCC6(CC5)OCCO6)cc1,CHEMBL460167,IC50,7.05
7745022,CCN(C1CCCc2nc(cc(OC)c12)c3ccccc3CC)c4cccc5ccccc45,CHEMBL259643,Ki,7.07
7745032,COC1CCN(CC1(C)C)c2nc(nc3CCN(Cc23)[C@@H](C)c4ccccc4)c5c(C)cccc5C,CHEMBL3646985,IC50,7.1
7745042,COc1ccc(N(C(C(=O)NC2CCCC2)c3ccccc3F)C(=O)c4occc4)c(OC)c1,CHEMBL472455,IC50,7.1
7745053,Clc1ccc(CCN(C2CCC3(CC2)OCCO3)C(=O)c4cccc5ccccc45)cc1,CHEMBL488388,IC50,7.1
7745063,CC(C)c1ccc(C)c(c1)N2CCc3nc(cc(C)c3C2)c4cccc5[nH]cc(C)c45,CHEMBL3647041,IC50,7.11
7745072,COc1nc(nc2CCN(Cc12)c3cc(ccc3C)C4(C)COC4)c5c(C)ccc6[nH]nc(C)c56,CHEMBL3646981,IC50,7.11
7745081,COCCCOc1nc(nc2CCN(Cc12)c3cc(ccc3C)C(C)C)c4c(C)cccc4C,CHEMBL3646986,IC50,7.13
7745090,C[C@@H]1CN(CCN1CC(=O)N)c2nc(nc3CCN(Cc23)c4cc(F)ccc4C)c5cccc6[nH]cc(C)c56,CHEMBL3646969,IC50,7.13
7745100,Clc1ccc(CCN(C2CCC3(CC2)OCCO3)C(=O)c4csc5ccccc45)cc1,CHEMBL519540,IC50,7.13
7745111,O[C@@H]1CC[C@H](CC1)N(CCc2ccc(Cl)cc2)C(=O)c3csc4ccccc34,CHEMBL487167,IC50,7.16
7745121,CN(C)C1CN(C1)c2nc(nc3CCN(Cc23)c4c(Cl)c(nn4C)C5CC5)c6c(C)ccc7[nH]nc(C)c67,CHEMBL3647027,IC50,7.17
7745130,CO[C@H]1CCN(CC1(C)C)c2nc(nc3CCN(Cc23)c4cc(ccc4C)C5CC5)c6ccccc6C(F)(F)F,CHEMBL3646925,IC50,7.19
7745139,CO[C@H]1CCN(CC1(C)C)c2nc(nc3CCN(Cc23)c4cc(nn4C)C(F)(F)F)c5c(C)ccc6[nH]nc(C)c56,CHEMBL3646966,IC50,7.19
7745149,Cc1ccc(N2CCN(CC2)C(=O)[C@@H](CC3CCCCC3)N4C(=O)N[C@H](CCCN=C(N)N)C4=O)c(C)c1,CHEMBL431761,IC50,7.22
7745158,CCc1cccc(CC)c1c2cc(C)c3CN(C(C)Cc3n2)c4cc(nn4C)C5CC5,CHEMBL3647037,IC50,7.24
7745167,CC(C)c1ccc(C)c(c1)N2CCc3nc(cc(C)c3C2)c4c(C)ccc5[nH]ncc45,CHEMBL3647035,IC50,7.25
7745176,CCn1cc(N2CCc3nc(cc(C)c3C2)c4cccc5[nH]cc(C)c45)c(C)n1,CHEMBL3647036,IC50,7.25
7745185,CO[C@@H]1CCN(CC1(C)C)c2nc(nc3CCN(Cc23)c4cc(ccc4C)C(C)C)c5c(C)cncc5C,CHEMBL3646941,IC50,7.25
7745194,CN(C)c1nc(nc2CCN(Cc12)c3ccccc3C)c4c(C)cccc4C,CHEMBL3646909,IC50,7.27
7745203,CC(C)c1cc(N2CCc3nc(nc(N4CCCC(C)(C)C4)c3C2)c5c(C)cccc5C)n(C)n1,CHEMBL3646901,IC50,7.32
7745213,C(C1CCCCC1)c2cnc(c3csc4ccccc34)n2C5CCC6(CC5)OCCO6,CHEMBL457790,IC50,7.33
7745223,CO[C@H]1CCN(CC1(C)C)c2nc(nc3CCN(Cc23)c4cc(ccc4C)C5CC5)c6c(Cl)cnc7[nH]ccc67,CHEMBL3646929,IC50,7.33
7745232,CO[C@H]1C[C@H]2CC[C@@H](C1)N2c3nc(nc4CCN(Cc34)c5cc(ccc5C)C(C)C)c6cccc7[nH]cc(C)c67,CHEMBL3646917,IC50,7.34
7745242,CC(=O)C(Cc1ccc(Cl)cc1)N(C2CCC3(CC2)OCCO3)C(=O)c4csc5ccccc45,CHEMBL468429,IC50,7.35
7745252,CC(C)c1ccc2[nH]ncc2c1c3cc(C)c4CN(CCc4n3)c5c(Cl)c(nn5C)C6CC6,CHEMBL3646997,IC50,7.38
7745261,CO[C@@H]1CCN([C@H](C)C1)c2nc(nc3CCN(Cc23)c4cc(nn4C)C(C)C)c5c(C)cccc5C,CHEMBL3646959,IC50,7.4
7745271,COc1ccc(N(C(C(=O)NC2CCCC2)c3ccccc3F)C(=O)c4ccccc4)c(OC)c1,CHEMBL471412,IC50,7.4
7745282,Cc1cccc(C)c1N2CCN(CC2)C(=O)[C@@H](CC3CCCCC3)N4C(=O)N[C@H](CCCN=C(N)N)C4=O,CHEMBL302063,IC50,7.4
7745292,Cc1ccccc1N2CCN(CC2)C(=O)[C@@H](CC3CCCCC3)N4C(=O)N[C@H](CCCN=C(N)N)C4=O,CHEMBL420736,IC50,7.4
7745301,CC(C)c1ccc(C)c(c1)N2CCc3nc(nc(N4CCC[C@@H]4CO)c3C2)c5cccc6[nH]cc(C)c56,CHEMBL3646920,IC50,7.41
7745310,Cc1cccc(C)c1N2CCc3nc(cc(C)c3C2)c4cccc5[nH]cc(C)c45,CHEMBL3639459,IC50,7.42
7745319,CCn1nc(C)c(N2CCc3nc(cc(C)c3C2)c4c(C)ccc5[nH]ncc45)c1C,CHEMBL3646990,IC50,7.43
7745329,CC(CN(C1CCC2(CC1)OCCO2)C(=O)c3csc4ccccc34)c5ccc(Cl)cc5,CHEMBL471210,IC50,7.46
7745340,CCc1cccc(CC)c1c2cc(OC)c3C(CCCc3n2)N4CCc5ccccc5C4,CHEMBL258658,Ki,7.46
7745350,CC(C)c1ccc(C)c(c1)N2CCc3nc(nc(OCCN4CCOCC4)c3C2)c5c(C)ccc6[nH]nc(C)c56,CHEMBL3647017,IC50,7.5
7745359,CC(C)c1ccc(C)c(c1)N2CCc3nc(nc(N4CCN(CC(=O)N)C[C@H]4C)c3C2)c5cc(C)ccc5C,CHEMBL3646967,IC50,7.51
7745368,CC(C)c1ccc(C)c(c1)N2CCc3nc(nc(N4CC[C@H](O)[C@H](C)C4)c3C2)c5cccc6[nH]cc(C)c56,CHEMBL3646914,IC50,7.51
7745377,CNCCOc1nc(nc2CCN(Cc12)c3cc(ccc3C)C(C)C)c4c(C)ccc5[nH]nc(C)c45,CHEMBL3647016,IC50,7.51
7745386,CO[C@@H]1CCN(C[C@H]1C)c2nc(nc3CCN(Cc23)c4cc(ccc4C)C(C)C)c5c(C)cccc5C#N,CHEMBL3639458,IC50,7.51
7745396,Fc1ccc(NC(=O)N2CCC(CC2)N(CCc3ccc(Cl)cc3)C(=O)c4csc5ccccc45)c(F)c1,CHEMBL463115,IC50,7.51
7745406,CC(C)[C@H](CO)Nc1nc(nc2CCN(Cc12)c3cc(ccc3C)C(C)C)c4cccc5[nH]cc(C)c45,CHEMBL3646906,IC50,7.52
7745415,CO[C@@H]1CCN([C@H](C)C1)c2nc(nc3CCN(Cc23)c4cc(ccc4C)C(C)C)c5c(C)ccnc5C,CHEMBL3646946,IC50,7.52
7745425,NC(=N)NCCC[C@H]1NC(=O)N([C@H](CC2CCCCC2)C(=O)N3CCC(CC3)c4ccccc4)C1=O,CHEMBL308932,IC50,7.52
7745434,CO[C@H]1CCN(CC1(C)C)c2nc(nc3CCN(Cc23)c4cc(ccc4C)C5CC5)c6cccc7[nH]cc(C)c67,CHEMBL3646927,IC50,7.54
7745444,CCc1ccccc1C(=O)N(C(CN(C)C)Cc2ccc(Cl)cc2)C3CCC4(CC3)OCCO4,CHEMBL467571,IC50,7.57
7745454,COc1ccc(C)c(c1)N2CCc3nc(cc(C)c3C2)c4c(C)ccc5[nH]ncc45,CHEMBL3647034,IC50,7.6
7745464,NC(=N)NCCC[C@H]1NC(=O)N([C@H](CC2CCCCC2)C(=O)N3CCC4(CC3)CCc5ccccc45)C1=O,CHEMBL68555,IC50,7.6
7745473,CC(C)c1ccc(C)c(c1)N2CCc3nc(nc(N4CCN(C[C@H]4C)C(=O)C)c3C2)c5ccccc5C(F)(F)F,CHEMBL3646975,IC50,7.64
7745482,CC(C)c1ccc(C)c(c1)N2CCc3nc(nc(OCC(F)F)c3C2)c4c(C)ccc5[nH]nc(C)c45,CHEMBL3647015,IC50,7.64
7745491,CO[C@@H]1CCN([C@H](C)C1)c2nc(nc3CCN(Cc23)c4cc(ccc4C)C(C)C)c5cc(C)ccc5C,CHEMBL3646939,IC50,7.64
7745500,CCc1cccc(CC)c1c2cc(C)c3CN(CCc3n2)c4cc(ccc4C)C(C)C,CHEMBL3646995,IC50,7.66
7745509,CC(C)c1ccc(C)c(c1)N2CCc3nc(cc(C)c3C2)c4cccc5[nH]nc(C)c45,CHEMBL3646992,IC50,7.68
7745519,CCc1cccc(CC)c1c2cc(OC)c3C(CCCc3n2)Nc4ccccc4CCO,CHEMBL480723,Ki,7.68
7745529,CC(C)c1ccc2[nH]ncc2c1c3cc(C)c4CN(CCc4n3)c5cc(nn5C)C6CC6,CHEMBL3646996,IC50,7.7
7745538,CCn1nc(C2CC2)c(Cl)c1N3CCc4nc(nc(N5CC(C5)N(C)C)c4C3)c6c(C)ccc7[nH]nc(C)c67,CHEMBL3647032,IC50,7.7
7745547,C[C@@H]1CN(CCN1c2nc(nc3CCN(Cc23)c4cc(ccc4C)C5(C)COC5)c6cccc7[nH]cc(C)c67)C(=O)C,CHEMBL3646976,IC50,7.7
7745556,CC(C)c1ccc(C)c(c1)N2CCc3nc(nc(N4CCC(O)C(C)(C)C4)c3C2)c5cccc6[nH]cc(C)c56,CHEMBL3646911,IC50,7.72
7745565,CC(C)c1ccc(C)c(c1)N2CCc3nc(nc(N4CCN(C(=O)C)C5(CC5)C4)c3C2)c6cccc7[nH]cc(C)c67,CHEMBL3647002,IC50,7.75
7745575,CCc1ccccc1C(=O)N(CCc2ccc(Cl)cc2)C3CCC4(CC3)OCCO4,CHEMBL486953,IC50,7.75
7745585,CO[C@H]1CCN(CC1(C)C)c2nc(nc3CCN(Cc23)c4cc(ccc4C)C(F)(F)F)c5c(C)cccc5C,CHEMBL3646930,IC50,7.77
7745594,CC(C)c1ccc(C)c(c1)N2CCc3nc(nc(N4CCN([C@H](C)C4)C5COC5)c3C2)c6cccc7[nH]cc(C)c67,CHEMBL3646980,IC50,7.8
7745603,CN(C)[C@@H]1CCN(C1)c2nc(nc3CCN(Cc23)c4c(Cl)c(nn4C)C5CC5)c6c(C)ccc7[nH]nc(C)c67,CHEMBL3647024,IC50,7.8
7745612,CO[C@H]1CCN(C[C@H]1C)c2nc(nc3CCN(Cc23)c4cc(ccc4C)C(C)C)c5cccc6[nH]cc(C)c56,CHEMBL3646916,IC50,7.8
7745621,CC(C)c1ccc(C)c(c1)N2CCc3nc(nc(N4CC(C4)N(C)C)c3C2)c5cccc6[nH]cc(C)c56,CHEMBL3646922,IC50,7.82
7745631,COC(=O)C(Cc1ccc(Cl)cc1)N(C2CCC3(CC2)OCCO3)C(=O)c4csc5ccccc45,CHEMBL514872,IC50,7.82
7745641,CCc1cccc(CC)c1c2cc(C)c3CN(C(C)Cc3n2)c4c(Cl)c(nn4C)C5CC5,CHEMBL3647038,IC50,7.85
7745651,CCc1cccc(CC)c1c2cc(OC)c3C(CCCc3n2)Nc4ccc(Cl)cc4CO,CHEMBL479395,Ki,7.89
7745662,CN(C)CC(Cc1ccc(Cl)cc1)N(C2CCC3(CC2)OCCO3)C(=O)c4cccc5ccccc45,CHEMBL468430,IC50,7.89
7745672,CO[C@H]1CCN([C@H](C)C1)c2nc(nc3CCN(Cc23)c4cc(ccc4C)C(C)C)c5cccc6[nH]cc(C)c56,CHEMBL3646907,IC50,7.89
7745681,CC(C)c1ccc(C)c(c1)N2CCc3nc(nc(N4CCC[C@H](O)C4)c3C2)c5cccc6[nH]cc(C)c56,CHEMBL3646918,IC50,7.92
7745691,COCC(Cc1ccc(Cl)cc1)N(C2CCC3(CC2)OCCO3)C(=O)c4csc5ccccc45,CHEMBL513344,IC50,7.92
7745701,C[C@@H]1COCCN1c2nc(nc3CCN(Cc23)c4c(Cl)c(nn4C)C5CC5)c6c(C)ccc7[nH]nc(C)c67,CHEMBL3647031,IC50,7.92
7745710,CCc1cccc(CC)c1c2cc(C)c3CN(CCc3n2)c4cc(ccc4C)C5CC5,CHEMBL3646989,IC50,7.96
7745719,CC(C)c1ccc(C)c(c1)N2CCc3nc(nc(N4CC(O)C4)c3C2)c5cccc6[nH]cc(C)c56,CHEMBL3646915,IC50,8.0
7745729,CCc1cccc(CC)c1c2cc(OC)c3C(CCCc3n2)Nc4cc(OC)ccc4C,CHEMBL481482,Ki,8.0
7745739,CN(CC(C)(C)O)c1nc(nc2CCN(Cc12)c3ccccc3C)c4c(C)cccc4C,CHEMBL3646905,IC50,8.0
7745748,CO[C@@H]1CCN([C@H](C)C1)c2nc(nc3CCN(Cc23)c4cc(ccc4C)C(C)C)c5cccc6[nH]cc(C)c56,CHEMBL3646908,IC50,8.0
7745758,CCc1cccc(CC)c1c2cc(OC)c3C(CCCc3n2)N4CCc5cccc(c5C4)C(F)(F)F,CHEMBL262330,Ki,8.01
7745769,CCN(C1CCCc2nc(cc(OC)c12)c3c(CC)cccc3CC)c4cccc5ccccc45,CHEMBL259769,Ki,8.05
7745779,CCn1nc(C2CC2)c(Cl)c1N3CCc4nc(nc(N5CCOC[C@H]5C)c4C3)c6c(C)ccc7[nH]nc(C)c67,CHEMBL3647030,IC50,8.05
7745788,CO[C@@H]1CCN(CC1(C)C)c2nc(nc3CCN(Cc23)c4cc(ccc4C)C(C)C)c5c(C)cc(C)cc5C,CHEMBL3646949,IC50,8.05
7745797,CO[C@H]1CCN(C[C@@H]1C)c2nc(nc3CCN(Cc23)c4cc(ccc4C)C(C)C)c5cccc6[nH]cc(C)c56,CHEMBL3646919,IC50,8.05
7745806,COc1nc(nc2CCN(Cc12)c3cc(ccc3C)C(C)C)c4c(C)ccc5[nH]nc(C)c45,CHEMBL3646982,IC50,8.05
7745815,CC(C)c1ccc(C)c(c1)N2CCc3nc(nc(N4CCN(CC(=O)N)[C@H](C)C4)c3C2)c5cccc6[nH]cc(C)c56,CHEMBL3646972,IC50,8.1
7745825,CCc1ccccc1C(=O)N(C(Cc2ccc(Cl)cc2)c3noc(C)n3)C4CCC5(CC4)OCCO5,CHEMBL513964,IC50,8.1
7745835,CO[C@@H]1CCN([C@H](C)C1)c2nc(nc3CCN(Cc23)c4cc(nn4C)C(F)(F)F)c5c(C)ccc6[nH]nc(C)c56,CHEMBL3646965,IC50,8.1
7745844,CO[C@@H]1CCN([C@H](C)C1)c2nc(nc3CCN(Cc23)c4cc(nn4C)C5CC5)c6c(C)cccc6C,CHEMBL3646960,IC50,8.1
7745853,Cc1ccc2[nH]nc(C)c2c1c3nc4CCN(Cc4c(n3)N5CC[C@H]6OC[C@H]6C5)c7c(Cl)c(nn7C)C8CC8,CHEMBL3647029,IC50,8.1
7745863,CCc1cccc(CC)c1c2cc(OC)c3C(CCCc3n2)N(C)c4cccc5ccccc45,CHEMBL259563,Ki,8.14
7745873,CO[C@@H]1CCN([C@H](C)C1)c2nc(nc3CCN(Cc23)c4cc(Cl)ccc4C)c5c(C)cccc5C,CHEMBL3646943,IC50,8.16
7745882,C[C@@H]1CN(CCN1CC(=O)N)c2nc(nc3CCN(Cc23)c4cc(ccc4C)C(F)(F)F)c5cccc6[nH]cc(C)c56,CHEMBL3646970,IC50,8.16
7745891,CC(C)c1ccc(C)c(c1)N2CCc3nc(nc(N4CCN(CC(=O)N)C[C@H]4C)c3C2)c5c(C)ccc6[nH]ncc56,CHEMBL3646973,IC50,8.22
7745900,CO[C@@H]1CCN(CC1(C)C)c2nc(nc3CCN(Cc23)c4c(Cl)c(nn4C)C(F)(F)F)c5c(C)ccc6[nH]nc(C)c56,CHEMBL3647010,IC50,8.22
7746114,CO[C@@H]1CCN(CC1(C)C)c2nc(nc3CCN(Cc23)c4cc(ccc4C)C(F)(F)F)c5c(C)ccc6[nH]nc(C)c56,CHEMBL3646954,IC50,8.22
7746123,COc1nc(nc2CCN(Cc12)c3cc(ccc3C)C(C)C)c4c(C)ccc5[nH]nc(Cl)c45,CHEMBL3646983,IC50,8.22
7746133,CCOC(=O)C(Cc1ccc(Cl)cc1)N(C2CCC3(CC2)OCCO3)C(=O)c4csc5ccccc45,CHEMBL471017,IC50,8.3
7746143,CCO[C@@H]1CCN([C@H](C)C1)c2nc(nc3CCN(Cc23)c4c(Cl)c(nn4C)C5CC5)c6c(C)ccc7[nH]nc(C)c67,CHEMBL3647007,IC50,8.3
7746152,CO[C@@H]1CCN([C@H](C)C1)c2nc(nc3CCN(Cc23)c4cc(ccc4C)C(F)(F)F)c5c(C)cccc5C,CHEMBL3646955,IC50,8.3
7746161,CO[C@H]1CCN(CC1(C)C)c2nc(nc3CCN(Cc23)c4cc(nn4C)C(C)C)c5c(ccc6[nH]ncc56)C(C)C,CHEMBL3646961,IC50,8.3
7746170,C[C@@H]1CN(CCN1c2nc(nc3CCN(Cc23)c4cc(ccc4C)C5CC5)c6cccc7[nH]cc(C)c67)C(=O)C,CHEMBL3646974,IC50,8.3
7746180,Clc1ccc(CCN([C@@H]2CC[C@@]3(CCCO3)CC2)C(=O)c4csc5ccccc45)cc1,CHEMBL520715,IC50,8.3
7746190,CC(C)c1ccc(C)c(c1)N2CCc3nc(nc(N4C[C@H](C)N(CC(=O)N)C[C@H]4C)c3C2)c5cccc6[nH]cc(C)c56,CHEMBL3646978,IC50,8.4
7746199,CCO[C@@H]1CCN(CC1(C)C)c2nc(nc3CCN(Cc23)c4c(Cl)c(nn4C)C5CC5)c6c(C)ccc7[nH]nc(C)c67,CHEMBL3647005,IC50,8.4
7746208,COC1CN(C[C@@H]1N(C)C)c2nc(nc3CCN(Cc23)c4cc(ccc4C)C(C)C)c5c(C)ccc6[nH]nc(C)c56,CHEMBL3647020,IC50,8.4
7746217,CO[C@@H]1CCN(CC1(C)C)c2nc(nc3CCN(Cc23)c4c(Cl)c(nn4C)C5CC5)c6c(C)ccc7[nH]nc(C)c67,CHEMBL3647004,IC50,8.4
7746226,CO[C@@H]1CCN(CC1(C)C)c2nc(nc3CCN(Cc23)c4cc(ccc4C)C(F)(F)F)c5c(C)cccc5C,CHEMBL3646948,IC50,8.4
7746235,CO[C@@H]1CCN(C[C@H]1C)c2nc(nc3CCN(Cc23)c4cc(ccc4C)C(C)C)c5c(C)cccc5Cl,CHEMBL3646935,IC50,8.4
7746244,CO[C@@H]1CN([C@H]1C)c2nc(nc3CCN(Cc23)c4c(Cl)c(nn4C)C5CC5)c6c(C)ccc7[nH]nc(C)c67,CHEMBL3647026,IC50,8.4
7746253,CO[C@H]1CCN(CC1(C)C)c2nc(nc3CCN(Cc23)c4cc(OC)ccc4C)c5c(ccc6[nH]ncc56)C(C)C,CHEMBL3646933,IC50,8.4
7746262,CO[C@H]1CCN(CC1(C)C)c2nc(nc3CCN(Cc23)c4cc(ccc4C)C(C)C)c5ccc(F)c6[nH]cc(C)c56,CHEMBL3646950,IC50,8.4
7746271,CO[C@H]1CCN(CC1(C)C)c2nc(nc3CCN(Cc23)c4cc(ccc4C)C5(C)COC5)c6c(ccc7[nH]ncc67)C(C)C,CHEMBL3646931,IC50,8.4
7746280,CO[C@H]1C[C@H]2CC[C@@H](C1)N2c3nc(nc4CCN(Cc34)c5cc(ccc5C)C(C)C)c6c(C)ccc7[nH]nc(C)c67,CHEMBL3646924,IC50,8.4
7746289,COc1nc(Cl)nc2CCN(Cc3ccccc3)Cc12,CHEMBL3646904,IC50,8.4
7746298,C[C@H]1[C@H](O)CN1c2nc(nc3CCN(Cc23)c4c(Cl)c(nn4C)C5CC5)c6c(C)ccc7[nH]nc(C)c67,CHEMBL3647025,IC50,8.4
7746307,CC(C)c1ccc(C)c(c1)N2CCc3nc(cc(C)c3C2)c4c(ccc5[nH]ncc45)C(C)C,CHEMBL3646994,IC50,8.52
7746316,CC(C)c1ccc(C)c(c1)N2CCc3nc(nc(N4C[C@H](C)N(CC(=O)N)C[C@H]4C)c3C2)c5c(C)cccc5C,CHEMBL3646977,IC50,8.52
7746326,CCOC(=O)C(Cc1ccc(Cl)cc1)N(C2CCC3(CC2)OCCO3)C(=O)c4cccc5ccccc45,CHEMBL465377,IC50,8.52
7746336,CO[C@H]1CCN(CC1(C)C)c2nc(nc3CCN(Cc23)c4c(Cl)c(nn4C)C5CC5)c6c(C)ccc7[nH]nc(C)c67,CHEMBL3647008,IC50,8.52
7746345,CC(C)c1ccc(C)c(c1)N2CCc3nc(nc(N4CCN([C@H](C)C4)S(=O)(=O)C)c3C2)c5cccc6[nH]cc(C)c56,CHEMBL3646979,IC50,8.7
7746354,CC(C)c1ccc(C)c(c1)N2CCc3nc(nc(N4CCOC[C@H]4C)c3C2)c5c(C)ccc6[nH]nc(C)c56,CHEMBL3647022,IC50,8.7
7746363,CC(C)c1ccc(C)c(c1)N2CCc3nc(nc(N4CC[C@H](C4)N(C)C)c3C2)c5c(C)ccc6[nH]nc(C)c56,CHEMBL3647019,IC50,8.7
7746372,CCOC1CN(C1)c2nc(nc3CCN(Cc23)c4c(Cl)c(nn4C)C5CC5)c6c(C)ccc7[nH]nc(C)c67,CHEMBL3647023,IC50,8.7
7746381,CCO[C@@H]1CCN(CC1(C)C)c2nc(nc3CCN(Cc23)c4c(F)c(nn4C)C5CC5)c6c(C)ccc7[nH]nc(C)c67,CHEMBL3647013,IC50,8.7
860822,CCn1nc(C2CC2)c(F)c1N3CCc4nc(nc(N5CC[C@@H](OC)C(C)(C)C5)c4C3)c6c(C)ccc7[nH]nc(C)c67,CHEMBL3647033,IC50,8.7
7746391,CO[C@@H]1CCN(CC1(C)C)c2nc(nc3CCN(Cc23)c4cc(ccc4C)C(C)C)c5cccc6[nH]cc(C)c56,CHEMBL3646913,IC50,8.7
7746400,CO[C@@H]1CCN([C@H](C)C1)c2nc(nc3CCN(Cc23)c4c(Cl)c(nn4C)C(C)C)c5c(C)ccc6[nH]nc(C)c56,CHEMBL3647003,IC50,8.7
7746409,CO[C@@H]1CCN([C@H](C)C1)c2nc(nc3CCN(Cc23)c4cc(OC)ccc4C)c5c(C)cccc5C,CHEMBL3646942,IC50,8.7
7746418,CO[C@@H]1CCN([C@H](C)C1)c2nc(nc3CCN(Cc23)c4cc(ccc4C)C(C)C)c5c(cnc6[nH]ccc56)C(F)(F)F,CHEMBL3646958,IC50,8.7
7746427,CO[C@@H]1CCN([C@H](C)C1)c2nc(nc3CCN(Cc23)c4cc(ccc4C)C5(C)COC5)c6c(C)cccc6C,CHEMBL3646940,IC50,8.7
7746436,CO[C@@H]1CCN([C@H](C)C1)c2nc(nc3CCN(Cc23)c4cc(nn4C)C(C)C)c5c(C)ccc6[nH]nc(C)c56,CHEMBL3646962,IC50,8.7
7746445,CO[C@H]1CCN(CC1(C)C)c2nc(nc3CCN(Cc23)c4cc(ccc4C)C(C)C)c5c(C)ccc6[nH]nc(C)c56,CHEMBL3646936,IC50,8.7
7746454,CO[C@H]1CCN(CC1(C)C)c2nc(nc3CCN(Cc23)c4cc(ccc4C)C(C)C)c5c(C)ccc6[nH]nc(Cl)c56,CHEMBL3646984,IC50,8.7
7746463,CO[C@H]1CCN(CC1(C)C)c2nc(nc3CCN(Cc23)c4cc(ccc4C)C(C)C)c5c(C)cccc5C,CHEMBL3646932,IC50,8.7
7746472,CO[C@H]1C[C@H]2CC[C@@H](C1)N2c3nc(nc4CCN(Cc34)c5c(F)c(nn5C)C6CC6)c7c(C)ccc8[nH]nc(C)c78,CHEMBL3647011,IC50,8.7
7746482,CC(C)Cc1ccccc1C(=O)N(CCc2ccc(Cl)cc2)C3CCC4(CC3)OCCO4,CHEMBL486749,IC50,8.82
7746492,CC(C)c1ccc(C)c(c1)N2CCc3nc(nc(N4CC(C4)N(C)C)c3C2)c5c(C)ccc6[nH]nc(C)c56,CHEMBL3647018,IC50,9.0
7746501,CC(C)c1ccc(C)c(c1)N2CCc3nc(nc(N4CCC4C)c3C2)c5c(C)ccc6[nH]nc(C)c56,CHEMBL3647021,IC50,9.0
7746510,CC(C)c1ccc(C)c(c1)N2CCc3nc(nc(N4CCCC[C@H]4C)c3C2)c5c(C)ccc6[nH]nc(C)c56,CHEMBL3646957,IC50,9.0
7746519,CC(C)c1ccc(C)c(c1)N2CCc3nc(nc(N4CCN(CC(=O)N)C[C@H]4C)c3C2)c5cccc6[nH]cc(C)c56,CHEMBL3647001,IC50,9.0
7746528,CCO[C@@H]1CCN([C@H](C)C1)c2nc(nc3CCN(Cc23)c4cc(ccc4C)C(C)C)c5c(C)ccc6[nH]nc(C)c56,CHEMBL3646956,IC50,9.0
7746537,CO[C@@H]1CCN(CC1(C)C)c2nc(nc3CCN(Cc23)c4c(Cl)c(nn4C)C(F)F)c5c(C)ccc6[nH]nc(C)c56,CHEMBL3647006,IC50,9.0
7746546,CO[C@@H]1CCN(CC1(C)C)c2nc(nc3CCN(Cc23)c4c(F)c(nn4C)C(F)F)c5c(C)ccc6[nH]nc(C)c56,CHEMBL3647014,IC50,9.0
7746555,CO[C@@H]1CCN(CC1(C)C)c2nc(nc3CCN(Cc23)c4cc(ccc4C)C(C)C)c5c(C)ccc6[nH]nc(C)c56,CHEMBL3646953,IC50,9.0
7746564,CO[C@@H]1CCN(C[C@H]1C)c2nc(nc3CCN(Cc23)c4cc(ccc4C)C(C)C)c5c(C)ccc6[nH]nc(C)c56,CHEMBL3646934,IC50,9.0
7746573,CO[C@@H]1CCN([C@H](C)C1)c2nc(nc3CCN(Cc23)c4c(Cl)c(nn4C)C5CC5)c6c(C)ccc7[nH]nc(C)c67,CHEMBL3647009,IC50,9.0
7746582,CO[C@@H]1CCN([C@H](C)C1)c2nc(nc3CCN(Cc23)c4cc(Cl)ccc4C)c5c(C)ccc6[nH]nc(C)c56,CHEMBL3646951,IC50,9.0
7746591,CO[C@@H]1CCN([C@H](C)C1)c2nc(nc3CCN(Cc23)c4cc(ccc4C)C(C)C)c5c(C)ccc6[nH]nc(C)c56,CHEMBL3646944,IC50,9.0
7746600,CO[C@@H]1CCN([C@H](C)C1)c2nc(nc3CCN(Cc23)c4cc(ccc4C)C(F)(F)F)c5c(C)ccc6[nH]nc(C)c56,CHEMBL3646952,IC50,9.0
7746609,CO[C@@H]1CCN([C@H](C)C1)c2nc(nc3CCN(Cc23)c4cc(ccc4C)C5(C)COC5)c6c(C)ccc7[nH]nc(C)c67,CHEMBL3646945,IC50,9.0
7746618,CO[C@@H]1CCN([C@H](C)C1)c2nc(nc3CCN(Cc23)c4cc(nn4C)C5CC5)c6c(C)ccc7[nH]nc(C)c67,CHEMBL3646963,IC50,9.0
7746627,CO[C@H]1CCN(CC1(C)C)c2nc(nc3CCN(Cc23)c4c(F)c(nn4C)C5CC5)c6c(C)ccc7[nH]nc(C)c67,CHEMBL3647012,IC50,9.0
7746636,Cc1ccc2[nH]nc(C)c2c1c3nc4CCN(Cc4c(n3)N5CC[C@@H]6OC[C@]6(C)C5)c7c(Cl)c(nn7C)C8CC8,CHEMBL3647028,IC50,9.0
7746645,CO[C@@H]1CCN(CC1(C)C)c2nc(nc3CCN(Cc23)c4cc(nn4C)C5CC5)c6c(C)ccc7[nH]nc(C)c67,CHEMBL3646964,IC50,9.3
7746654,CO[C@@H]1CCN([C@H](C)C1)c2nc(nc3CCN(Cc23)c4cc(ccc4C)C(C)C)c5c(C)cccc5C,CHEMBL3646938,IC50,9.3
