id,smiles,name,assay_type,activity_value
5256150,C[C@@H](NCCCc1cccc(c1)C(F)(F)F)c2cccc3ccccc23,cinacalcet,EC50,7.7
9288575,C[C@@H](NC(=O)[C@@H](CCCNC(N)=N)NC(=O)[C@@H](CCCNC(N)=N)NC(=O)[C@@H](CCCNC(N)=N)NC(=O)[C@@H](C)NC(=O)[C@@H](CSSC[C@H](N)C(O)=O)NC(C)=O)C(=O)N[C@H](CCCNC(N)=N)C(N)=O,etelcalcetide,EC50,4.5999999
9288594,CC(O)(c1ccc(Cl)c(Cl)c1)c2nc3ccccc3s2,CHEMBL1256303,EC50,7.0
9288605,CC(O)(c1ccc(Cl)cc1Cl)c2nc3ccccc3s2,CHEMBL1256404,EC50,7.0
9288616,CCC1=C(C)N=C(N(CCc2ccccc2)C1=O)c3ccccc3O,CHEMBL195859,IC50,7.0
9288627,COC(=O)c1cccc(NC(=O)N(CCC(c2ccccc2)c3ccccc3)CCN4CCOCC4)c1,CHEMBL2346786,EC50,7.0
9288638,COC(=O)c1cccc(NC(=O)N(CCCN2CCN(C)CC2)CCC(c3ccccc3)c4ccccc4)c1,CHEMBL2349577,EC50,7.0
9288649,OC(=O)c1ccc2nc(NC(=O)N(CCC(c3ccccc3)c4ccccc4)CCN5CCOCC5)sc2c1,CHEMBL2375383,EC50,7.0
9288660,CCC1=C(C)N=C(N(CCc2ccccc2F)C1=O)c3ccccc3O,CHEMBL194764,IC50,7.01
9288671,CCc1cc2C(=O)N(CCc3ccccc3F)C(=Nc2cc1C)c4ccccc4O,CHEMBL1083694,IC50,7.01
9288682,FC(F)(F)[C@H]1C[C@H](Nc2c(cnn12)C(=O)OC34CC5CC(CC(C5)C3)C4)c6ccccc6,CHEMBL1289346,IC50,7.01
9288693,CC(C)C1=C(C)N=C(N(CCc2cccc(F)c2)C1=O)c3ccccc3O,CHEMBL195711,IC50,7.02
9288704,C[C@@H](N[C@H](C)c1ccn(n1)c2ccc(cc2)C(F)(F)F)c3cccc(Cl)c3,CHEMBL568485,EC50,7.04
9288715,FC(F)(F)Oc1ccc2nc(NC(=O)N(CCC(c3ccccc3)c4ccccc4)CCN5CCOCC5)sc2c1,CHEMBL2377745,EC50,7.05
9288726,COc1cccc(c1)[C@@H](C)NCCCc2ccccc2Cl,CHEMBL292376,EC50,7.1
9288737,CS(=O)(=O)c1ccc2nc(NC(=O)N(CCC(c3ccccc3)c4ccccc4)CCN5CCOCC5)sc2c1,CHEMBL2377752,EC50,7.1
9288750,Cc1cc(C)nc(NC(=O)N(CCC(c2ccccc2)c3ccccc3)CCN4CCOCC4)c1,CHEMBL2377727,EC50,7.1
9288761,Cc1ccc(c(C)c1)[C@@](C)(O)c2nc3ccccc3s2,CHEMBL1256402,EC50,7.1
9288772,Cl.COc1cccc(c1)[C@@H](C)NCCCc2ccccc2Cl,CHEMBL2107572,EC50,7.1
9288783,Clc1ccc2oc(NC(=O)N(CCC(c3ccccc3)c4ccccc4)CCN5CCOCC5)nc2c1,CHEMBL2377739,EC50,7.1
9288794,OCc1ccc2nc(NC(=O)N(CCC(c3ccccc3)c4ccccc4)CCN5CCOCC5)sc2c1,CHEMBL2377747,EC50,7.1
9288805,C[C@@H](OC[C@H](O)CNC(C)(C)Cc1ccc(Cl)c(F)c1)c2ccc(C)c3O[C@H]4[C@@H]([C@H]4c23)C(=O)O,CHEMBL3827356,IC50,7.11
9288816,C[C@H]1C[C@H](Nc2c(cnn12)C(=O)NC34CC5CC(CC(C5)C3)C4)c6ccccc6,CHEMBL1290106,IC50,7.12
9288827,CC(C)(CC1Cc2ccccc2C1)NC[C@@H](O)COc3cc(CCC(=O)O)ccc3C#N,CHEMBL1084513,IC50,7.14
9288838,COc1cc(nn1c2ccc(cc2)C(F)(F)F)[C@@H](C)N[C@H](C)c3ccccc3,CHEMBL569863,EC50,7.16
1730138,COc1ccc(CC(C)(C)NCC(O)COc2cccc(Cl)c2C#N)cc1,CHEMBL523475,IC50,7.16
9288851,COc1ccc(CC(C)(C)NC[C@@H](O)COc2cccc(Cl)c2Cl)cc1,CHEMBL487507,IC50,7.17
9288862,CC(OC[C@H](O)CNC(C)(C)Cc1ccc2ccccc2c1)c3ccc(C)c4OC5C(C5c34)C(=O)O,CHEMBL3827723,IC50,7.19
9288873,COC(=O)c1cccc(NC(=O)N(CCCN2CCNCC2)CCC(c3ccccc3)c4ccccc4)c1,CHEMBL2346788,EC50,7.22
9288884,Clc1ccc2nc(NC(=O)N(CCC(c3ccccc3)c4ccccc4)CCN5CCOCC5)sc2c1,CHEMBL2377746,EC50,7.22
9288895,Cn1nnc(n1)c2cccc(NC(=O)N(CCC(c3ccccc3)c4ccccc4)CCN5CCOCC5)c2,CHEMBL2349575,EC50,7.22
9288906,O=C(Nc1cccc(c1)c2ocnc2)N(CCC(c3ccccc3)c4ccccc4)CCN5CCOCC5,CHEMBL2349603,EC50,7.22
9288917,O=C(Nc1nc2ccccc2[nH]1)N(CCC(c3ccccc3)c4ccccc4)CCN5CCOCC5,CHEMBL2377736,EC50,7.22
9288928,C[C@@H](OC[C@H](O)CNC(C)(C)Cc1ccc(Cl)c(F)c1)c2ccc(C)c3O[C@@H]4[C@H]([C@@H]4c23)C(=O)O,CHEMBL3827154,IC50,7.23
9288939,COc1cc(nn1c2cccc(Cl)c2)[C@@H](C)N[C@H](C)c3cccc(Cl)c3,CHEMBL577333,EC50,7.24
9288950,COc1ccc(CN[C@H](C)c2ccc(F)cc2)cc1c3ccc(cc3)C(F)(F)F,CHEMBL1224423,EC50,7.24
9288961,CC(C)(CC1Cc2ccccc2C1)NC[C@@H](O)COc3cc(cc(F)c3F)C4CC5CC4C6C5C6C(=O)O,CHEMBL1783762,IC50,7.25
9288972,Fc1sc(NC(=O)N(CCC(c2ccccc2)c3ccccc3)CCN4CCOCC4)nc1c5ccccc5,CHEMBL3093418,EC50,7.28
9288983,C[C@@H](OC[C@H](O)CNC(C)(C)CCSc1ccccc1)c2ccc(C)c3O[C@@H]4[C@H]([C@@H]4c23)C(=O)O,CHEMBL3827577,IC50,7.29
9288994,C[C@@H](OC[C@H](O)CNC(C)(C)Cc1ccc(Cl)cc1F)c2ccccc2C3CC4CC3C5C4C5C(=O)O,CHEMBL1783934,IC50,7.3
9289005,C[C@@H](OC[C@H](O)CNC(C)(C)CC1Cc2ccccc2C1)c3ccc(C)c4O[C@H]5[C@@H]([C@H]5c34)C(=O)O,CHEMBL3828154,IC50,7.34
1751447,CC(C)(Cc1ccc2ccccc2c1)NC[C@@H](O)COc3cccc(Cl)c3C#N,CHEMBL180672,IC50,7.37
9289018,COc1cc(nn1c2ccc(cc2)C(F)(F)F)[C@@H](C)N[C@H](C)c3cccc(Cl)c3,CHEMBL571476,EC50,7.39
9289029,COc1ccc2nc(NC(=O)N(CCC(c3ccccc3)c4ccccc4)CCN5CCOCC5)sc2c1,CHEMBL2377744,EC50,7.4
9289040,FC(F)(F)[C@H]1C[C@H](Nc2c(cnn12)C(=O)NC34CC5CC(CC(C5)C3)C4)c6ccccc6,CHEMBL1289345,IC50,7.4
9289051,CSc1ccc(CC(C)(C)NC[C@@H](O)CO[C@H](C)c2ccc(C)c3O[C@@H]4[C@H]([C@@H]4c23)C(=O)O)cc1,CHEMBL3827209,IC50,7.41
9289062,COc1ccc(CN[C@H](C)c2cccc(F)c2)cc1c3ccc(cc3)C(F)(F)F,CHEMBL1224342,EC50,7.43
9289073,O=C(Nc1nc(cs1)c2ccccc2)N(CCC(c3ccccc3)c4ccccc4)CCN5CCOCC5,CHEMBL3093417,EC50,7.44
9289084,Cc1cc(Cl)ccc1C(C)(O)c2nc3ccccc3s2,CHEMBL1256403,EC50,7.5
9289095,COc1cccc2sc(NC(=O)N(CCC(c3ccccc3)c4ccccc4)CCN5CCOCC5)nc12,CHEMBL2377741,EC50,7.52
9289106,CS(=O)(=O)Nc1ccc2nc(NC(=O)N(CCC(c3ccccc3)c4ccccc4)CCN5CCOCC5)sc2c1,CHEMBL2377748,EC50,7.52
9289117,CS(=O)(=O)Nc1ccc2sc(NC(=O)N(CCC(c3ccccc3)c4ccccc4)CCN5CCOCC5)nc2c1,CHEMBL2377743,EC50,7.52
9289128,Cc1ccc2nc(NC(=O)N(CCC(c3ccccc3)c4ccccc4)CCN5CCOCC5)sc2c1,CHEMBL2377749,EC50,7.52
9289139,C[C@@H](OC[C@H](O)CNC(C)(C)CCCc1ccccc1)c2ccc(C)c3O[C@@H]4[C@H]([C@@H]4c23)C(=O)O,CHEMBL3827830,IC50,7.55
9289150,CSc1ccc(CC(C)(C)NC[C@@H](O)CO[C@H](C)c2ccc(C)c3O[C@@H]4[C@H]([C@@H]4c23)C(=O)O)cc1F,CHEMBL3827041,IC50,7.56
9289161,COc1ccc(CN[C@H](C)c2ccccc2)cc1c3ccc(cc3)C(F)(F)F,CHEMBL1224341,EC50,7.57
9289172,C[C@@H](OC[C@H](O)CNC(C)(C)Cc1ccc(C)c(F)c1)c2ccccc2C3CC4CC3C5C4C5C(=O)O,CHEMBL1783933,IC50,7.6
9289183,C[C@@H](OC[C@H](O)CNC(C)(C)Cc1ccc(C)c(F)c1)c2ccccc2[C@@H]3C[C@@H]4C[C@H]3[C@@H]5[C@H]4[C@H]5C(=O)O,CHEMBL2368751,IC50,7.6
9289194,Cc1ccc(c(C)c1)C(C)(O)c2nc3ccccc3s2,CHEMBL1256367,EC50,7.6
9289205,COc1cc(nn1c2ccc(Br)cc2)[C@@H](C)N[C@H](C)c3cccc(Cl)c3,CHEMBL569182,EC50,7.64
9289216,COc1cccc(c1)[C@@H](C)NCc2ccc(OC)c(c2)c3ccc(cc3)C(F)(F)F,CHEMBL1224340,EC50,7.64
9289227,Cc1ccc(CC(C)(C)NC[C@@H](O)COc2cc(ccc2C#N)C3CC4CC3C5C4C5C(=O)O)cc1F,CHEMBL1783931,IC50,7.64
9289238,O=C(Nc1nc(ns1)c2ccccc2)N(CCC(c3ccccc3)c4ccccc4)CCN5CCOCC5,CHEMBL3093416,EC50,7.64
9289249,C[C@@H](OC[C@H](O)CNC(C)(C)Cc1ccc2OCCOc2c1)c3ccc(C)c4O[C@@H]5[C@H]([C@@H]5c34)C(=O)O,CHEMBL3827475,IC50,7.66
9289260,C[C@@H](OC[C@H](O)CNC(C)(C)Cc1ccc2ccccc2c1)c3ccc(C)c4O[C@H]5[C@@H]([C@H]5c34)C(=O)O,CHEMBL3828483,IC50,7.67
9289271,CS(=O)(=O)Nc1ccc(cc1)c2nsc(NC(=O)N(CCC(c3ccc(F)cc3)c4ccc(F)cc4)CCN5CCOCC5)n2,CHEMBL3093430,EC50,7.7
9289282,C[C@@H](OC[C@H](O)CNC(C)(C)CC1Cc2ccccc2C1)c3ccc(C)c4O[C@@H]5[C@H]([C@@H]5c34)C(=O)O,CHEMBL3827736,IC50,7.7
9289296,Clc1cccc2sc(NC(=O)N(CCC(c3ccccc3)c4ccccc4)CCN5CCOCC5)nc12,CHEMBL2377740,EC50,7.7
9289307,O=C(Nc1nc2ccccc2s1)N(CCC(c3ccccc3)c4ccccc4)CCN5CCOCC5,CHEMBL2377735,EC50,7.7
9289318,COc1ccc(CC(C)(C)NC[C@@H](O)CO[C@H](C)c2ccc(C)c3O[C@@H]4[C@H]([C@@H]4c23)C(=O)O)c(Cl)c1,CHEMBL3828187,IC50,7.71
9289329,NS(=O)(=O)c1ccc(cc1)c2nc(NC(=O)N(CCC(c3cccc(F)c3)c4cccc(F)c4)CCN5CCOCC5)sc2Cl,CHEMBL3093426,EC50,7.72
9289340,C[C@@H](OC[C@H](O)CNC(C)(C)Cc1ccc(C)c(C)c1)c2ccc(C)c3O[C@@H]4[C@H]([C@@H]4c23)C(=O)O,CHEMBL3827570,IC50,7.75
9289351,C[C@@H](OC[C@H](O)CNC(C)(C)Cc1ccc(C)c(Cl)c1)c2ccccc2C3CC4CC3C5C4C5C(=O)O,CHEMBL1783935,IC50,7.75
9289362,Clc1sc(NC(=O)N(CCC(c2ccccc2)c3ccccc3)CCN4CCOCC4)nc1c5ccccc5,CHEMBL3093420,EC50,7.75
9289373,COc1ccc(cc1c2ccc(cc2)C(F)(F)F)[C@@H](C)N[C@H](C)c3ccccc3,CHEMBL1224424,EC50,7.77
9289384,CS(=O)(=O)c1sc(NC(=O)N(CCC(c2ccccc2)c3ccccc3)CCN4CCOCC4)nc1c5ccccc5,CHEMBL3093419,EC50,7.77
9289395,CS(=O)(=O)Nc1ccc(cc1)c2csc(NC(=O)N(CCC(c3ccccc3)c4ccccc4)CCN5CCOCC5)n2,CHEMBL3093411,EC50,7.8
9289406,CC1(C)C[C@H](Nc2c(cnn12)C(=O)NC34CC5CC(CC(C5)C3)C4)c6ccccc6,CHEMBL1290328,IC50,8.0
9289417,Cc1ccc(c(C)c1)[C@](C)(O)c2nc3ccccc3s2,CHEMBL1256368,EC50,8.0
9289428,NS(=O)(=O)c1ccc(cc1)c2nc(NC(=O)N(CCC(c3ccc(F)cc3)c4ccc(F)cc4)CCN5CCOCC5)sc2Cl,CHEMBL3093427,EC50,8.0
9289439,C[C@@H](OC[C@H](O)CNC(C)(C)Cc1ccc2sccc2c1)c3ccc(C)c4O[C@@H]5[C@H]([C@@H]5c34)C(=O)O,CHEMBL3827304,IC50,8.02
9289450,CS(=O)(=O)Nc1ccc(cc1)c2nc(NC(=O)N(CCC(c3ccc(F)cc3)c4ccc(F)cc4)CCN5CCOCC5)sc2Cl,CHEMBL3093428,EC50,8.05
9289461,NS(=O)(=O)c1ccc(cc1)c2nsc(NC(=O)N(CCC(c3ccc(F)cc3)c4ccc(F)cc4)CCN5CCOCC5)n2,CHEMBL3093429,EC50,8.05
9289472,C[C@@H](OC[C@H](O)CNC(C)(C)Cc1ccc2ccccc2c1)c3ccc(C)c4O[C@@H]5[C@H]([C@@H]5c34)C(=O)O,CHEMBL3827259,IC50,8.13
9289483,CC(C)(CC1Cc2ccccc2C1)NC[C@@H](O)COc3cc(ccc3C#N)C4CC5CC4C6C5C6C(=O)O,CHEMBL1783764,IC50,8.22
9289494,CS(=O)(=O)Nc1ccc(cc1)c2nsc(NC(=O)N(CCC(c3ccccc3)c4ccccc4)CCN5CCOCC5)n2,CHEMBL3093423,EC50,8.22
1754320,CC(C)(Cc1ccc2ccccc2c1)NC[C@@H](O)COc3ccc(CCC(=O)O)cc3,CHEMBL572163,IC50,8.32
9289507,NS(=O)(=O)c1ccc(cc1)c2nc(NC(=O)N(CCC(c3ccccc3F)c4ccccc4F)CCN5CCOCC5)sc2Cl,CHEMBL3093425,EC50,8.4
9289518,CS(=O)(=O)Nc1ccc(cc1)c2nc(NC(=O)N(CCC(c3ccccc3)c4ccccc4)CCN5CCOCC5)sc2Cl,CHEMBL3093421,EC50,8.52
1732422,Cl.CC(C)(Cc1ccc2ccccc2c1)NC[C@@H](O)COc3cccc(Cl)c3C#N,CHEMBL2112075,IC50,8.52
9289531,NS(=O)(=O)c1ccc(cc1)c2nsc(NC(=O)N(CCC(c3ccccc3)c4ccccc4)CCN5CCOCC5)n2,CHEMBL3093424,EC50,8.52
9289542,NS(=O)(=O)c1ccc(cc1)c2nc(NC(=O)N(CCC(c3ccccc3)c4ccccc4)CCN5CCOCC5)sc2Cl,CHEMBL3093422,EC50,8.7
1754444,CC(C)(Cc1ccc2ccccc2c1)NC[C@@H](O)COc3ccc(CCC(=O)O)cc3C#N,CHEMBL570593,IC50,10.66
