id,smiles,name,assay_type,activity_value
6161872,CN1C(=O)C(O)=C(N=C1C(C)(C)NC(=O)C1=NN=C(C)O1)C(=O)NCC1=CC=C(F)C=C1,raltegravir,Ki,8.3
6161885,CC(C)[C@@H](NC(=O)c1cccc(C)c1C)C(=O)N2CCC(CC2)c3ccc(Cl)cc3,CHEMBL2180511,IC50,7.0
6161896,Cc1cc(ccc1Cl)N2CCN(CC2)C(=O)Cn3nc(c(Cl)c3C)C(F)(F)F,CHEMBL2322874,IC50,7.0
6161907,OC1(CCN(CCCCCC(C#N)(c2ccccc2)c3ccccc3)CC1)c4ccc(Cl)cc4,CHEMBL142620,Ki,7.0
6161918,CNC1=C(Nc2cc(Cl)ccc2OCC(=O)N3CCN(Cc4ccc(F)c(F)c4)C[C@H]3C)C(=O)C1=O,CHEMBL232043,IC50,7.01
6161929,COc1cc(ccc1Cl)N2CCN(CC2)C(=O)Cn3nc(CO)c(Cl)c3C,CHEMBL2322849,IC50,7.01
6161940,Cc1c(Cl)c(nn1CC(=O)N2CCN(CC2)c3ccc(Cl)cc3)C(F)(F)F,CHEMBL2322890,IC50,7.01
6161951,OC1(CCN(CCCC(C#N)c2ccccc2C#N)CC1)c3ccc(Cl)cc3,CHEMBL344989,Ki,7.01
6161962,CC(C)[C@@H](NC(=O)CCCc1ccccc1)C(=O)N2CCC(CC2)c3ccc(Cl)cc3,CHEMBL2180516,IC50,7.02
6161973,CCC(CCCN1CCC(O)(CC1)c2ccc(Cl)cc2)(C#N)c3ccccc3,CHEMBL343028,Ki,7.03
6161984,Cc1c(Cl)c(nn1CC(=O)N2CCN(CC2)c3ccc(F)cc3)C(F)(F)F,CHEMBL2322888,IC50,7.03
6161995,COc1cc(ccc1Cl)N2CCN(C[C@H]2C)C(=O)Cn3nc(c(Cl)c3C)C(F)(F)F,CHEMBL2322855,IC50,7.04
6162006,OC1(CCN(CCCC(C#N)(c2ccccc2)c3ccccc3)CC1)c4ccc(cc4)C#N,CHEMBL143499,Ki,7.04
6162017,CC(=O)N[C@H]1CCN(C1)C(=O)c2ccc(O)cc2OC[C@@H](O)CN3CCC4(CC3)Cc5cc(Cl)ccc5O4,CHEMBL2391807,IC50,7.05
6162028,CNC1=C(Nc2cc(C)ccc2OCC(=O)N3CCN(Cc4ccc(F)cc4)C[C@H]3C)C(=O)C1=O,CHEMBL430356,IC50,7.05
6162039,Cc1cccc(Cl)c1S(=O)(=O)NCCCN2CCC(O)(CC2)c3ccc(Cl)cc3,CHEMBL429419,IC50,7.05
6162050,OC1(CCN(CC1)C2CCN(CC2)S(=O)(=O)c3ccccc3Br)c4ccc(Cl)cc4,CHEMBL403728,IC50,7.05
6162061,CC(C)CC(NC(=O)c1ccccc1C)C(=O)N2CCC(CC2)c3ccc(Cl)cc3,CHEMBL2180543,IC50,7.06
6162072,CC[C@@H](NC(=O)CCc1ccccc1)C(=O)N2CCC(CC2)c3ccc(Cl)cc3,CHEMBL2180498,IC50,7.07
6162083,CC(C)C(NC(=O)c1ccc2ccccc2c1)C(=O)N3CCC(CC3)c4ccc(Cl)cc4,CHEMBL2180513,IC50,7.1
1742396,N[C@H](COc1cccc2OCC(=O)Nc12)CN3CCC4(CC3)Cc5cc(F)ccc5O4,CHEMBL3099958,IC50,7.1
6162096,OC1(CCN(CCCNS(=O)(=O)c2c(Cl)cccc2Cl)CC1)c3ccc(Cl)cc3,CHEMBL255629,IC50,7.1
6162107,CC(C)Oc1cc(ccc1Cl)N2CCN(CC2)C(=O)Cn3nc(c(Cl)c3C)C(F)(F)F,CHEMBL2322877,IC50,7.11
1721422,CC(C)[C@@H](NC(=O)c1ccccc1)C(=O)N2CCC(CC2)c3ccc(Cl)cc3,CHEMBL2180528,IC50,7.11
6162120,CNC1=C(Nc2cc(Cl)ccc2OCC(=O)N3CCN(Cc4ccc(Cl)cc4)C[C@H]3C)C(=O)C1=O,CHEMBL390706,IC50,7.11
6162131,OC1(CCN(CCCCC(C#N)(c2ccccc2)c3ccccc3)CC1)c4ccc(Cl)cc4,CHEMBL142199,Ki,7.11
6162142,CNC1=C(Nc2cc(Cl)ccc2\C=C\C(=O)N3CCN(Cc4ccc(F)cc4)C[C@H]3C)C(=O)C1=O,CHEMBL232655,IC50,7.12
3395061,CC(C)(O)CC[C@H](C[C@H](O)[C@H](Cc1cccc(F)c1)NC(=O)c2cnc3ccccc3n2)C(=O)N,CHEMBL1628706,Ki,7.13
6162155,CCNC(=O)C(CCC(C)(C)F)C[C@H](O)[C@H](Cc1ccccc1)NC(=O)c2cnc3ccccc3n2,CHEMBL69123,IC50,7.13
6162166,COc1ccc(cc1Br)C(CCCN2CCC(O)(CC2)c3ccc(Cl)cc3)C#N,CHEMBL142468,Ki,7.13
6162177,CCNC1=C(Nc2cc(Cl)ccc2OCC(=O)N3CCN(Cc4ccc(F)cc4)C[C@H]3C)C(=O)C1=O,CHEMBL234073,IC50,7.14
1741483,CC(=O)NCCNC(=O)c1ccc(O)cc1OC[C@@H](O)CN2CCC3(CC2)Cc4cc(Cl)ccc4O3,CHEMBL2391935,IC50,7.15
6162190,CC(C)(C)NC(=O)NCC(CCCN1CCC(O)(CC1)c2ccc(Cl)cc2)(c3ccccc3)c4ccccc4,CHEMBL435812,IC50,7.15
6162201,OC1(CCN(CCCC2(C#N)c3ccccc3C[S+]([O-])c4ccccc24)CC1)c5ccc(Cl)cc5,CHEMBL143173,Ki,7.15
6162212,CC(C)[C@@H](NC(=O)C1CCCC1)C(=O)N2CCC(CC2)c3ccc(Cl)cc3,CHEMBL2180501,IC50,7.16
6162223,CC(C)[C@@H](NC(=O)CCc1ccc(F)cc1)C(=O)N2CCC(CC2)c3ccc(Cl)cc3,CHEMBL2180193,IC50,7.16
6162234,Cc1nnc([C@H]2CCCN2C(=O)Nc3ccc(cc3)C(F)(F)F)n1Cc4ccc(Cl)cc4,CHEMBL1224189,IC50,7.16
6162245,CC(=O)Nc1ccc(O)cc1OC[C@@H](N)CN2CCC3(CC2)Cc4ccccc4O3,CHEMBL2332942,IC50,7.17
6162256,CN(C)CCNC(=O)NCC(CCCN1CCC(O)(CC1)c2ccc(Cl)cc2)(c3ccccc3)c4ccccc4,CHEMBL340797,IC50,7.17
6162267,COc1cc(ccc1Cl)N2CCN(CC2)C(=O)Cn3nc(c(Cl)c3CNC(=O)C)C(F)(F)F,CHEMBL2322870,IC50,7.17
6162278,CC[C@@H](C)[C@@H](NC(=O)CCc1ccccc1)C(=O)N2CCC(CC2)c3ccc(Cl)cc3,CHEMBL2180500,IC50,7.18
6162289,CNC(=O)[C@H](CC(C)C)C[C@H](O)[C@H](Cc1ccccc1)NC(=O)c2cnc3ccccc3n2,CHEMBL68581,IC50,7.19
6162300,C[C@@H]1CN(Cc2ccc(F)cc2)CCN1C(=O)COc3ccc(Cl)cc3NC4=C(NCCN5CCCC5)C(=O)C4=O,CHEMBL233042,IC50,7.19
6162311,FC(F)(F)c1ccc(NC(=O)N2CCCC2c3nccn3Cc4ccc(Cl)cc4)cc1,CHEMBL1224118,IC50,7.19
6162322,COCCNC1=C(Nc2cc(Cl)ccc2OCC(=O)N3CCN(Cc4ccc(F)cc4)C[C@H]3C)C(=O)C1=O,CHEMBL387822,IC50,7.2
6162333,C[C@@H]1CN(Cc2ccc(F)cc2)[C@@H](C)CN1C(=O)COc3ccc(Cl)cc3C(=O)O,CHEMBL391301,IC50,7.23
6162344,CC(C)[C@@H](NC(=O)c1cc2ccccc2s1)C(=O)N3CCC(CC3)c4ccc(Cl)cc4,CHEMBL2180196,IC50,7.24
6162355,OC1(CCN(CCCC2(C#N)c3ccccc3C=Cc4ccccc24)CC1)c5ccc(Cl)cc5,CHEMBL344073,Ki,7.25
6162366,CC(C)C(NC(=O)c1ccccc1)C(=O)N2CCC(CC2)c3ccc(Cl)cc3,CHEMBL2180534,IC50,7.26
6162377,CC(C)[C@@H](NC(=O)[C@@H]1CC[C@@H](O)C1)C(=O)N2CC[C@](O)(c3ccc(Cl)cc3)C(C)(C)C2,CHEMBL2398726,IC50,7.27
6162388,OC1(CCN(CCCC(C#N)c2ccccc2)CC1)c3ccc(Cl)cc3,CHEMBL143059,Ki,7.27
6162399,CC(C)(O)CCC(C[C@H](O)[C@H](Cc1ccccc1F)NC(=O)c2cnc3ccccc3n2)C(=O)N,CHEMBL304053,IC50,7.28
6162410,COC(=O)C(CCCN1CCC(O)(CC1)c2ccc(Cl)cc2)(C#N)c3ccccc3,CHEMBL343680,Ki,7.28
6162421,COc1cc(cc(C(=O)N)c1Cl)N2CCN(CC2)C(=O)Cn3nc(c(Cl)c3C)C(F)(F)F,CHEMBL2322883,IC50,7.28
6162433,OC1(CCN(CCCC(C#N)(c2ccccc2)c3ccccc3)CC1)c4ccc(Cl)cc4,CHEMBL34166,Ki,7.28
6162444,O=C(NC1CCN(C\C\2=C\CCCCCC2)CC1)C3c4ccccc4Oc5ccccc35,CHEMBL33277,IC50,7.29
6162455,OC1(CCN(CCCC(CCCCl)(C#N)c2ccccc2)CC1)c3ccc(Cl)cc3,CHEMBL142191,Ki,7.29
6162466,CC[C@@H](NC(=O)Cc1ccccc1)C(=O)N2CCC(CC2)c3ccc(Cl)cc3,CHEMBL2180495,IC50,7.3
6162477,CN(Cc1ccc(Cl)cc1)C(=O)[C@H]2CCCN2C(=O)Nc3ccc(cc3C)C(F)(F)F,CHEMBL473734,IC50,7.3
6162488,COc1cc(ccc1Cl)N2CCN(CC2)C(=O)Cn3nc(c(Cl)c3CN)C(F)(F)F,CHEMBL2322868,IC50,7.3
6162499,C[C@@H]1CN(Cc2ccc(F)cc2)CCN1C(=O)COc3ccc(Cl)cc3NC4=C(NCCN5CCNCC5)C(=O)C4=O,CHEMBL387608,IC50,7.3
6162510,CC(C)[C@@H](NC(=O)c1ccc(F)c(O)c1)C(=O)N2CCC(CC2)c3ccc(Cl)cc3,CHEMBL2398762,IC50,7.32
6162521,CC(C)[C@@H](NC(=O)c1cccc(c1)c2ccccc2NC(=O)N)C(=O)N3CC[C@](O)(c4ccc(Cl)cc4)C(C)(C)C3,CHEMBL2398765,IC50,7.32
6162532,NC(=O)[C@@H](C[C@H](O)[C@H](Cc1ccccc1)NC(=O)c2cnc3ccccc3n2)CC4CCCC4,CHEMBL306685,IC50,7.32
6162543,COc1cc(ccc1Cl)N2CCN(CC2)C(=O)Cn3nc(c(Cl)c3CN(C)C)C(F)(F)F,CHEMBL2322869,IC50,7.33
3385836,[I-].CC[N+]1(C\C\2=C\CCCCCC2)CCC(CC1)NC(=O)C3c4cc(Cl)ccc4Oc5ccc(Cl)cc35,CHEMBL277930,IC50,7.33
6162556,CC(C)(O)CCC(C[C@H](O)[C@H](Cc1cccc(F)c1)NC(=O)c2cnc3ccccc3n2)C(=O)N,CHEMBL308473,IC50,7.34
6162567,CC(C)[C@@H](NC(=O)CC1CC1)C(=O)N2CCC(CC2)c3ccc(Cl)cc3,CHEMBL2180503,IC50,7.34
6162578,CC(C)[C@@H](NC(=O)Cc1cccc(Cl)c1)C(=O)N2CCC(CC2)c3ccc(Cl)cc3,CHEMBL2177135,IC50,7.35
6162589,CC[C@@H](C)[C@@H](NC(=O)c1ccccc1)C(=O)N2CCC(CC2)c3ccc(Cl)cc3,CHEMBL2180493,IC50,7.35
6162600,OC1(CCN(CCCC2(C#N)c3ccccc3CCc4ccccc24)CC1)c5ccc(Cl)cc5,CHEMBL433746,Ki,7.35
6162611,CC(C)[C@@H](NC(=O)Cc1cccc(F)c1)C(=O)N2CCC(CC2)c3ccc(Cl)cc3,CHEMBL2180187,IC50,7.36
6162622,COS(=O)(=O)NC(=O)Cc1cc(Cl)ccc1OCC(=O)N2C[C@H](C)N(Cc3ccc(F)cc3)C[C@H]2C,CHEMBL391239,IC50,7.36
6162633,OC1(CCN(CCCC2(C#N)c3ccccc3CSc4ccccc24)CC1)c5ccc(F)cc5,CHEMBL142318,Ki,7.36
6162644,CC(C)[C@@H](NC(=O)NCC(C)(C)O)C(=O)N1CC[C@](O)(c2ccc(Cl)cc2)C(C)(C)C1,CHEMBL3334824,IC50,7.38
6162655,C[C@@H]1CN(Cc2ccc(F)cc2)CCN1C(=O)COc3ccc(Cl)cc3NC4=C(NCc5cccnc5)C(=O)C4=O,CHEMBL397910,IC50,7.38
6162666,CC(C)C(NC(=O)Cc1ccccc1)C(=O)N2CCC(CC2)c3ccc(Cl)cc3,CHEMBL2180514,IC50,7.4
6162677,CC(C)[C@@H](NC(=O)CCc1ccccc1)C(=O)N2CCC(CC2)c3ccc(Cl)cc3,CHEMBL2180499,IC50,7.4
6162688,CC(C)[C@@H](NC(=O)c1cccc(c1)S(=O)(=O)N)C(=O)N2CCC(CC2)c3ccc(Cl)cc3,CHEMBL2398766,IC50,7.4
6162699,COc1cc(ccc1Cl)N2CCN(CC2)C(=O)Cn3nc(C)c(Cl)c3C,CHEMBL2322843,IC50,7.4
6162710,CC[C@@H](C)[C@@H](NC(=O)Cc1ccccc1)C(=O)N2CCC(CC2)c3ccc(Cl)cc3,CHEMBL2180497,IC50,7.42
6162721,C[C@@H]1CN(Cc2ccc(F)cc2)[C@@H](C)CN1C(=O)COc3ccc(Cl)cc3CC(=O)O,CHEMBL234262,IC50,7.42
6162732,COc1cc(ccc1Cl)N2CCN([C@H](C)C2)C(=O)Cn3nc(c(Cl)c3C)C(F)(F)F,CHEMBL2322852,IC50,7.43
1747035,O[C@H](COc1cccc2C=CC(=O)Nc12)CN3CCC4(CC3)Cc5cc(Cl)ccc5O4,CHEMBL3099953,IC50,7.43
6162745,CC(C)C(NC(=O)c1ccccc1C)C(=O)N2CCC(CC2)c3ccc(Cl)cc3,CHEMBL2180542,IC50,7.44
6162756,CC(C)C(NC(=O)CCc1ccccc1)C(=O)N2CCC(CC2)c3ccc(Cl)cc3,CHEMBL2180515,IC50,7.46
6162767,CC[C@@H](C)[C@@H](NC(=O)CC(C)C)C(=O)N1CCC(CC1)c2ccc(Cl)cc2,CHEMBL2180526,IC50,7.47
6162778,OC1(CCN(CCCC2(C#N)c3ccccc3COc4ccccc24)CC1)c5ccc(Cl)cc5,CHEMBL343511,Ki,7.47
6162789,CCOC(=O)C(CCCN1CCC(O)(CC1)c2ccc(Cl)cc2)(C#N)c3ccccc3,CHEMBL344324,Ki,7.48
6162800,CC(C)CC(=O)N[C@H](C(C)C)C(=O)N1CCC(CC1)c2ccc(Cl)cc2,CHEMBL2180525,IC50,7.5
6162811,CC(C)[C@@H](NC(=O)c1ccccc1C)C(=O)N2CCC(CC2)c3ccc(Cl)cc3,CHEMBL2180509,IC50,7.5
6162822,CN1C(=O)c2ccccc2C(CCCN3CCC(O)(CC3)c4ccc(Cl)cc4)(C#N)c5ccccc15,CHEMBL142925,Ki,7.5
6162833,COc1ccc(NC(=O)C)c(OC[C@@H](N)CN2CCC3(CC2)Cc4ccccc4O3)c1,CHEMBL2332939,IC50,7.5
6162844,FC(F)(F)c1ccc(NC(=O)N2CCC[C@@H]2c3ncnn3Cc4ccc(Cl)cc4)cc1,CHEMBL1224120,IC50,7.5
6162855,O[C@H](COc1cc(O)ccc1C(=O)N2CCOCC2)CN3CCC4(CC3)Cc5cc(Cl)ccc5O4,CHEMBL2391811,IC50,7.5
1747938,O[C@H](COc1cccc2CCC(=O)Nc12)CN3CCC4(CC3)Cc5cc(Cl)ccc5O4,CHEMBL3099952,IC50,7.5
6162869,C[C@@H]1CN(Cc2ccc(F)cc2)CCN1C(=O)COc3ccc(Cl)cc3NC(=O)N,CHEMBL232656,IC50,7.51
6162880,OCCCNC(=O)NCC(CCCN1CCC(O)(CC1)c2ccc(Cl)cc2)(c3ccccc3)c4ccccc4,CHEMBL124127,IC50,7.51
6162891,CC(C)[C@@H](NC(=O)Cc1ccccc1)C(=O)N2CCC(CC2)c3ccc(Cl)cc3,CHEMBL2180496,IC50,7.52
6162902,C[C@@H]1CN(Cc2ccc(F)cc2)[C@@H](C)CN1C(=O)COc3ccc(Cl)cc3C(=O)NCCN,CHEMBL391302,IC50,7.52
6162913,CC(C)[C@@H](NC(=O)c1cccnc1)C(=O)N2CC[C@H](c3ccc(Cl)cc3)C(C)(C)C2,CHEMBL2398757,IC50,7.54
6163096,OC1(CCN(CCCC2(C#N)c3ccccc3Cc4ccccc24)CC1)c5ccc(Br)cc5,CHEMBL435485,Ki,7.54
6163107,CC(C)CC[C@H](C[C@H](O)[C@H](Cc1ccccc1)NC(=O)c2cnc3ccccc3n2)C(=O)N,CHEMBL304358,IC50,7.55
6163118,CC(C)(F)CCC(C[C@H](O)[C@H](Cc1ccccc1)NC(=O)c2cnc3ccccc3n2)C(=O)NO,CHEMBL305423,IC50,7.57
6163129,CC(C)CCC(=O)N[C@H](C(C)C)C(=O)N1CCC(CC1)c2ccc(Cl)cc2,CHEMBL2180502,IC50,7.59
6163140,CNC1=C(Nc2cc(Cl)ccc2OCC(=O)N3CCN(Cc4ccc(F)cc4)C[C@H]3C)C(=O)C1=O,CHEMBL231829,IC50,7.59
6163151,C[C@@H]1CN(Cc2ccc(F)cc2)CCN1C(=O)COc3ccc(Cl)cc3NC4=C(NCc5ccncc5)C(=O)C4=O,CHEMBL232654,IC50,7.59
6163162,NC(=O)[C@@H](C[C@H](O)[C@H](Cc1ccccc1)NC(=O)c2cnc3ccccc3n2)C4CCCC4,CHEMBL69274,IC50,7.59
6163173,CC(C)[C@@H](NC(=O)c1ccc(C)cc1)C(=O)N2CCC(CC2)c3ccc(Cl)cc3,CHEMBL2180510,IC50,7.6
6163184,CNC1=C(Nc2cc(Br)ccc2OCC(=O)N3CCN(Cc4ccc(F)cc4)C[C@H]3C)C(=O)C1=O,CHEMBL232253,IC50,7.6
6163195,CC(C)[C@@H](NC(=O)c1cccc(F)c1)C(=O)N2CCC(CC2)c3ccc(Cl)cc3,CHEMBL2180506,IC50,7.62
6163206,OC1(CCN(CCCC2(C#N)c3ccccc3CSc4ccccc24)CC1)c5ccc(Cl)cc5,CHEMBL143492,Ki,7.62
6163217,CN(Cc1ccc(Cl)cc1)C(=O)[C@H]2CCCN2C(=O)Nc3ccc(cc3F)C(F)(F)F,CHEMBL473532,IC50,7.64
6163228,COc1cc(ccc1Cl)N2CCN(C[C@@H]2C)C(=O)Cn3nc(c(Cl)c3C)C(F)(F)F,CHEMBL2322856,IC50,7.64
6163239,C[C@H]1CN([C@H](C)CN1Cc2ccc(F)cc2)C(=O)COc3ccc(Cl)cc3CS(=O)(=O)O,CHEMBL430166,IC50,7.64
6163250,CC(C)[C@@H](NC(=O)CCC(C)(C)O)C(=O)N1CC[C@](O)(c2ccc(Cl)cc2)C(C)(C)C1,CHEMBL3334825,IC50,7.66
6163261,CC(C)[C@@H](NC(=O)CCc1cccc(C)c1)C(=O)N2CCC(CC2)c3ccc(Cl)cc3,CHEMBL2180191,IC50,7.66
6163272,CNC(=O)[C@H](CCC(C)C)C[C@H](O)[C@H](Cc1ccccc1)NC(=O)c2cnc3ccccc3n2,CHEMBL304845,IC50,7.66
6163283,OC1(CCN(CCCC2(C#N)c3ccccc3CSc4ccccc24)CC1)c5ccc(Br)cc5,CHEMBL143350,Ki,7.66
6163294,[I-].C[N+]1(CCCC(C#N)c2ccc3ccccc3c2)CCC(O)(CC1)c4ccc(Cl)cc4,CHEMBL143374,Ki,7.66
6163305,CC(C)[C@@H](NC(=O)c1cccnc1)C(=O)N2CC[C@](O)(c3ccc(Cl)cc3)C4(CC4)C2,CHEMBL2398718,IC50,7.68
6163316,CC(C)[C@@H](NC(=O)CC1CCCC1)C(=O)N2CCC(CC2)c3ccc(Cl)cc3,CHEMBL2180504,IC50,7.7
6163327,CC(C)[C@@H](NC(=O)Nc1ccccc1)C(=O)N2CC[C@](O)(c3ccc(Cl)cc3)C(C)(C)C2,CHEMBL3334724,IC50,7.7
6163338,CC(C)[C@@H](NC(=O)[C@@H]1CCC[C@H]1O)C(=O)N2CC[C@](O)(c3ccc(Cl)cc3)C(C)(C)C2,CHEMBL2398723,IC50,7.7
6163349,COc1cc(ccc1Cl)N2CCN(CC2)C(=O)Cn3nc(Br)c(Cl)c3C,CHEMBL2322846,IC50,7.7
6163360,C[C@@H]1CN(Cc2ccc(F)cc2)CCN1C(=O)COc3ccc(Cl)cc3NC4=C(NCCO)C(=O)C4=O,CHEMBL232638,IC50,7.7
6163371,FC(F)(F)c1ccc(NC(=O)N2CCC[C@@H]2c3nnnn3Cc4ccc(Cl)cc4)cc1,CHEMBL1224119,IC50,7.7
6163382,NC(=O)C(C[C@H](O)[C@H](Cc1ccccc1)NC(=O)c2cnc3ccccc3n2)C4CCC(F)(F)CC4,CHEMBL302533,IC50,7.7
6163393,CC(C)[C@@H](NC(=O)CCc1ccccc1C)C(=O)N2CCC(CC2)c3ccc(Cl)cc3,CHEMBL2180190,IC50,7.72
6163404,CC(C)[C@@H](NC(=O)N[C@@H]1CC[C@@H](O)C1)C(=O)N2CC[C@](O)(c3ccc(Cl)cc3)C(C)(C)C2,CHEMBL3334726,IC50,7.72
6163415,COc1cc(ccc1Cl)N2CCN(CC2)C(=O)Cn3nc(cc3C)C(F)(F)F,CHEMBL2322857,IC50,7.72
6163425,CC1(C)CN(CC[C@]1(O)c2ccc(Cl)cc2)C(=O)[C@H]3CCCC[C@H]3NC(=O)Nc4ccccc4,CHEMBL3679642,IC50,7.73
6163434,CC1(C)CN(CC[C@]1(O)c2ccc(Cl)cc2)C(=O)[C@H]3CCCC[C@H]3NC(=O)c4cncnc4,CHEMBL3679644,IC50,7.73
6163444,CC(C)[C@@H](NC(=O)C1CCCC1)C(=O)N2CCN(c3ccc(Cl)cc3)C(C)(C)C2,CHEMBL2398758,IC50,7.75
6163455,CC(C)[C@@H](NC(=O)CCc1ccccc1F)C(=O)N2CCC(CC2)c3ccc(Cl)cc3,CHEMBL2180192,IC50,7.75
6163466,CC(C)[C@@H](NC(=O)c1ccccc1)C(=O)N2CC[C@](O)(c3ccc(Cl)cc3)C(C)(C)C2,CHEMBL2398761,IC50,7.75
6163477,CC(C)[C@@H](NC(=O)c1nc2ccccc2s1)C(=O)N3CCC(CC3)c4ccc(Cl)cc4,CHEMBL2180195,IC50,7.75
6163488,COc1cc(ccc1Cl)N2CCN(CC2)C(=O)Cn3cc(Cl)c(n3)C(F)(F)F,CHEMBL2322863,IC50,7.75
6163499,C[C@@H]1CN(Cc2ccc(F)cc2)CCN1C(=O)COc3ccc(Cl)cc3NC4=C(NCCN)C(=O)C4=O,CHEMBL232837,IC50,7.75
6163509,CC1(C)CN(CC[C@]1(O)c2ccc(Cl)cc2)C(=O)[C@H]3CC(=O)CC[C@H]3NC(=O)c4ccccc4,CHEMBL3679641,IC50,7.76
6163519,CC(C)[C@@H](NC(=O)[C@@H]1CCC[C@H]1N)C(=O)N2CC[C@](O)(c3ccc(Cl)cc3)C(C)(C)C2,CHEMBL2398725,IC50,7.77
6163530,FC(F)(F)c1ccc(NC(=O)N2CCC[C@@H]2c3nncn3Cc4ccc(Cl)cc4)cc1,CHEMBL1224188,IC50,7.77
6163541,[I-].C[N+]1(CC2CCCCCCC2)CCC(CC1)NC(=O)C3c4cc(Cl)ccc4Oc5ccc(Cl)cc35,CHEMBL33929,IC50,7.77
6163551,CC1(C)CN(CC[C@]1(O)c2ccc(Cl)cc2)C(=O)[C@H]3CCCC[C@H]3NC(=O)CCc4ccccc4,CHEMBL3679646,IC50,7.8
6163561,COc1cc(cc(CN)c1Cl)N2CCN(CC2)C(=O)Cn3nc(c(Cl)c3C)C(F)(F)F,CHEMBL2322887,IC50,7.8
6163572,COc1cc(ccc1Cl)N2CCN(CC2)C(=O)Cn3nc(c(Cl)c3C)C(C)(C)O,CHEMBL2322845,IC50,7.8
6163583,CC(C)[C@@H](NC(=O)C)C(=O)N1CC[C@](O)(c2ccc(Cl)cc2)C(C)(C)C1,CHEMBL2398740,IC50,7.82
6163594,CC(C)[C@@H](NC(=O)c1ccccn1)C(=O)N2CC[C@](O)(c3ccc(Cl)cc3)C(C)(C)C2,CHEMBL2398734,IC50,7.82
6163605,CC1CC(CC(C)O1)[C@H](C[C@H](O)[C@H](Cc2ccccc2)NC(=O)c3cnc4ccccc4n3)C(=O)N,CHEMBL69659,IC50,7.82
6163616,COc1cc(ccc1Cl)N2CCN(CC2)C(=O)Cn3nc(c(Cl)c3C)C(F)(F)F,CHEMBL2322875,IC50,7.82
6163627,C[C@@H]1CN(Cc2ccc(F)cc2)CCN1C(=O)COc3ccc(Cl)cc3NC4=C(NCc5ccccn5)C(=O)C4=O,CHEMBL428193,IC50,7.82
6163637,C[C@@H](O)CNC(=O)N[C@@H]1CCCC[C@@H]1C(=O)N2CC[C@](O)(c3ccc(Cl)cc3)C(C)(C)C2,CHEMBL3679650,IC50,7.84
6163647,CC(C)[C@@H](NC(=O)c1ccc(F)c(F)c1)C(=O)N2CCC(CC2)c3ccc(Cl)cc3,CHEMBL2180508,IC50,7.85
6163657,CC1(C)CN(CC[C@]1(O)c2ccc(Cl)cc2)C(=O)[C@H]3CCC[C@H]3NC(=O)[C@@H]4CC[C@H](O)C4,CHEMBL3679652,IC50,7.85
6163667,COc1cc(cc(Br)c1Cl)N2CCN(CC2)C(=O)Cn3nc(c(Cl)c3C)C(F)(F)F,CHEMBL2322881,IC50,7.85
6163678,[I-].C[N+]1(CC2CCCCCCC2)CCC(CC1)NC(=O)C3c4ccccc4Oc5ccccc35,CHEMBL34165,IC50,7.85
6163689,CC(C)[C@@H](NC(=O)Cc1ccccc1F)C(=O)N2CCC(CC2)c3ccc(Cl)cc3,CHEMBL2180186,IC50,7.89
6163700,CC(C)[C@@H](NC(=O)c1ccc(F)c(O)c1)C(=O)N2CC[C@](O)(c3ccc(Cl)cc3)C(C)(C)C2,CHEMBL2398763,IC50,7.89
6163711,CNC(=O)Nc1ccc(OC)cc1OC[C@@H](O)CN2CCC3(CC2)Cc4cc(F)ccc4O3,CHEMBL3099960,IC50,7.89
6163722,C[C@@H]1CN(Cc2ccc(F)cc2)[C@@H](C)CN1C(=O)COc3ccc(Cl)cc3C(=O)CCC(=O)O,CHEMBL234263,IC50,7.89
6163732,CC(C)(C)OC(=O)N[C@@H]1CCC[C@@H]1C(=O)N2CC[C@](O)(c3ccc(Cl)cc3)C(C)(C)C2,CHEMBL3679638,IC50,7.92
6163742,CC(C)[C@@H](NC(=O)[C@H]1CC[C@H](O)C1)C(=O)N2CC[C@](O)(c3ccc(Cl)cc3)C(C)(C)C2,CHEMBL2398727,IC50,7.92
6163753,CCOc1cc(ccc1Cl)N2CCN(CC2)C(=O)Cn3nc(c(Cl)c3C)C(F)(F)F,CHEMBL2322876,IC50,7.92
6163764,COc1cc(cc(CO)c1Cl)N2CCN(CC2)C(=O)Cn3nc(c(Cl)c3C)C(F)(F)F,CHEMBL2322886,IC50,7.92
6163775,C[C@@H]1CN(Cc2ccc(F)cc2)CCN1C(=O)COc3ccc(Cl)cc3NC4=C(NCCN5CCOCC5)C(=O)C4=O,CHEMBL234295,IC50,7.92
6163786,OCCNC(=O)c1ccc(O)cc1OC[C@@H](O)CN2CCC3(CC2)Cc4cc(Cl)ccc4O3,CHEMBL2391812,IC50,7.92
6163797,O[C@H](COc1cc(F)ccc1C(=O)N2CC[C@H](O)C2)CN3CCC4(CC3)Cc5cc(F)ccc5O4,CHEMBL2391802,IC50,7.92
6163807,CC1(C)CN(CC[C@]1(O)c2ccc(Cl)cc2)C(=O)[C@H]3CCC[C@H]3NC(=O)Nc4ccccc4,CHEMBL3679639,IC50,7.94
6163816,CC1(C)CN(CC[C@]1(O)c2ccc(cc2)[N+]#[C-])C(=O)[C@H]3CCCC[C@H]3NC(=O)c4cccc(c4)C(=O)O,CHEMBL3679657,IC50,7.95
6163826,CN(Cc1ccc(Cl)cc1)C(=O)[C@H]2CCCN2C(=O)Nc3c(C)cc(cc3C)C(F)(F)F,CHEMBL475748,IC50,7.96
6163837,COc1cc(ccc1Cl)N2CCN([C@H](CO)C2)C(=O)Cn3nc(c(Cl)c3C)C(F)(F)F,CHEMBL2322854,IC50,7.96
6163848,C[C@H](O)CC(=O)N[C@H](C(C)C)C(=O)N1CC[C@](O)(c2ccc(Cl)cc2)C(C)(C)C1,CHEMBL3334820,IC50,7.96
6163859,CC(C)[C@@H](NC(=O)N[C@H]1CC[C@H](O)C1)C(=O)N2CC[C@](O)(c3ccc(Cl)cc3)C(C)(C)C2,CHEMBL3334727,IC50,8.0
6163870,CC(C)[C@@H](NC(=O)c1cccc(Cl)c1)C(=O)N2CC[C@](O)(c3ccc(Cl)cc3)C(C)(C)C2,CHEMBL2398771,IC50,8.0
6163881,CC(C)[C@@H](NC(=O)c1cccc(c1)S(=O)(=O)N)C(=O)N2CC[C@](O)(c3ccc(Cl)cc3)C(C)(C)C2,CHEMBL2398767,IC50,8.0
6163892,COc1cc(cc(Cl)c1Cl)N2CCN(CC2)C(=O)Cn3nc(c(Cl)c3C)C(F)(F)F,CHEMBL2322880,IC50,8.0
6163903,COc1cc(ccc1Cl)N2CCN(CC2)C(=O)Cn3nc(C#N)c(Cl)c3C,CHEMBL2322847,IC50,8.0
6163914,COc1cc(ccc1Cl)N2CCN(CC2)C(=O)Cn3nc(c(Cl)c3C)S(=O)(=O)C,CHEMBL2321887,IC50,8.0
6163925,COc1cc(ccc1Cl)N2CCN(CC2)C(=O)Cn3nc(c(Cl)c3CO)C(F)(F)F,CHEMBL2322867,IC50,8.0
6163936,C[C@@H]1CN(Cc2ccc(F)cc2)CCN1C(=O)COc3ccc(Cl)cc3NC4=C(N)C(=O)C4=O,CHEMBL232441,IC50,8.0
6163947,[Br-].C=CC[N+]1(CC2CCCCCCC2)CCC(CC1)NC(=O)C3c4ccccc4Oc5ccccc35,CHEMBL33104,IC50,8.01
6163958,CC(C)[C@@H](NC(=O)Cc1ccncc1)C(=O)N2CCC(CC2)c3ccc(Cl)cc3,CHEMBL2398768,IC50,8.03
6163969,CC(C)(F)CC[C@H](C[C@H](O)[C@H](Cc1ccccc1)NC(=O)c2cnc3ccccc3n2)C(=O)N,CHEMBL68366,IC50,8.05
6163980,CC(C)[C@@H](NC(=O)N1CCCC1)C(=O)N2CC[C@](O)(c3ccc(Cl)cc3)C(C)(C)C2,CHEMBL3334819,IC50,8.05
6163991,CC(C)[C@@H](NC(=O)c1cccc(c1)C(=O)O)C(=O)N2CC[C@](O)(c3ccc(Cl)cc3)C(C)(C)C2,CHEMBL2398733,IC50,8.05
6164002,COc1ccc(NC(=O)C)c(OC[C@@H](N)CN2CCC3(CC2)Cc4cc(F)ccc4O3)c1,CHEMBL2332938,IC50,8.05
6164013,Cc1ccc(C(=O)N2CC[C@H](O)C2)c(OC[C@@H](O)CN3CCC4(CC3)Cc5cc(F)ccc5O4)c1,CHEMBL2391798,IC50,8.05
6164024,OC1(CCN(CCCC(CNC(=O)NC2CCNCC2)(c3ccccc3)c4ccccc4)CC1)c5ccc(Cl)cc5,CHEMBL142752,Ki,8.05
6164035,CC(C)[C@@H](NC(=O)C1CCCC1(O)CCN2CCOCC2)C(=O)N3CC[C@](O)(c4ccc(Cl)cc4)C(C)(C)C3,CHEMBL2398750,IC50,8.08
6164046,CC(C)[C@@H](NC(=O)CC1CCCCC1)C(=O)N2CCC(CC2)c3ccc(Cl)cc3,CHEMBL2180505,IC50,8.1
6164057,CO[C@H]1CCN(C1)C(=O)c2ccc(O)cc2OC[C@@H](O)CN3CCC4(CC3)Cc5cc(Cl)ccc5O4,CHEMBL2391806,IC50,8.1
6164068,COc1cc(ccc1Cl)N2CCN(CC2)C(=O)Cn3nc(C(C)C)c(Cl)c3C,CHEMBL2322844,IC50,8.1
6164079,COc1cc(ccc1Cl)N2CCN(CC2)C(=O)Cn3nc(c(Br)c3C)C(F)(F)F,CHEMBL2322859,IC50,8.1
6164090,C[C@H]1CN([C@H](C)CN1Cc2ccc(F)cc2)C(=O)COc3ccc(Cl)cc3NC(=O)NCCN,CHEMBL391238,IC50,8.1
6164101,NC(=O)C(C[C@H](O)[C@H](Cc1ccccc1)NC(=O)c2cnc3ccccc3n2)C4CCCCC4,CHEMBL68145,IC50,8.1
6164112,NC(=O)[C@@H](C[C@H](O)[C@H](Cc1ccccc1)NC(=O)c2cnc3ccccc3n2)C4CCCCC4,CHEMBL69375,IC50,8.1
6164123,O[C@H](COc1cc(O)ccc1C(=O)N2CC[C@@H](O)C2)CN3CCC4(CC3)Cc5cc(Cl)ccc5O4,CHEMBL2391796,IC50,8.1
6164134,[I-].C[N+]1(CCCC(C#N)(c2ccccc2)c3ccccc3)CCC(O)(CC1)c4ccc(Cl)cc4,CHEMBL141127,Ki,8.1
6164145,CC(C)[C@@H](NC(=O)c1ccncc1)C(=O)N2CC[C@](O)(c3ccc(Cl)cc3)C(C)(C)C2,CHEMBL2398736,IC50,8.12
6164156,O[C@H](COc1cc(O)ccc1C(=O)N2CCCCC2)CN3CCC4(CC3)Cc5cc(Cl)ccc5O4,CHEMBL2391809,IC50,8.15
1747046,O[C@H](COc1cccc2OCC(=O)Nc12)CN3CCC4(CC3)Cc5cc(Cl)ccc5O4,CHEMBL3099951,IC50,8.15
6164169,CC(C)(F)CCC(C[C@H](O)[C@H](Cc1ccccc1)NC(=O)c2cnc3ccccc3n2)C(=O)NN,CHEMBL66159,IC50,8.16
6164180,COc1cc(ccc1Cl)N2CCN(CC2)C(=O)Cn3nc(c(I)c3C)C(F)(F)F,CHEMBL2322860,IC50,8.16
6164191,C[C@@H]1CN(Cc2ccc(F)cc2)CCN1C(=O)\C=C\c3ccc(Cl)cc3NC4=C(N)C(=O)C4=O,CHEMBL389293,IC50,8.16
6164202,C[C@H](O)CNC(=O)N[C@H](C(C)C)C(=O)N1CC[C@](O)(c2ccc(Cl)cc2)C(C)(C)C1,CHEMBL3334821,IC50,8.16
6164213,ONC(=O)C(C[C@H](O)[C@H](Cc1ccccc1)NC(=O)c2cnc3ccccc3n2)C4CCC(F)(F)CC4,CHEMBL303673,IC50,8.16
6164224,CC(C)[C@@H](NC(=O)c1cccc(c1)c2ccccc2NC(=O)N)C(=O)N3CCC(CC3)c4ccc(Cl)cc4,CHEMBL2398764,IC50,8.17
1749034,NC(=O)Nc1ccccc1OC[C@@H](O)CN2CCC3(CC2)Cc4cc(Cl)ccc4O3,CHEMBL3099949,IC50,8.17
6164237,CC(C)[C@@H](NC(=O)c1ccccc1Cl)C(=O)N2CC[C@](O)(c3ccc(Cl)cc3)C(C)(C)C2,CHEMBL2398770,IC50,8.18
6164248,CC(C)[C@@H](NC(=O)N[C@H]1CC[C@@H](O)C1)C(=O)N2CC[C@](O)(c3ccc(Cl)cc3)C(C)(C)C2,CHEMBL3334815,IC50,8.22
6164259,CC(C)[C@@H](NC(=O)c1cccnc1)C(=O)N2CC[C@](O)(c3ccc(Cl)cc3)C(C)(C)C2,CHEMBL2398735,IC50,8.22
6164270,CC[C@@H](C)NC(=O)N[C@H](C(C)C)C(=O)N1CC[C@](O)(c2ccc(Cl)cc2)C(C)(C)C1,CHEMBL3334816,IC50,8.22
6164281,COc1cc(ccc1Cl)N2CCN(CC2)C(=O)Cn3nc(c(C#N)c3C)C(F)(F)F,CHEMBL2322861,IC50,8.22
6164292,COc1ccc(NC(=O)C)c(OC[C@@H](N)CN2CCC3(CC2)Cc4cc(Cl)ccc4O3)c1,CHEMBL2332937,IC50,8.22
6164303,C[C@@H](O)CNC(=O)N[C@H](C(C)C)C(=O)N1CC[C@](O)(c2ccc(Cl)cc2)C(C)(C)C1,CHEMBL3334823,IC50,8.22
6164314,[I-].C[N+]1(CCCC(c2ccccc2)c3ccccc3)CCC(O)(CC1)c4ccc(Cl)cc4,CHEMBL356099,Ki,8.22
6164325,CC(C)[C@@H](NC(=O)CCc1ccccc1)C(=O)N2CC[C@](O)(c3ccc(Cl)cc3)C(C)(C)C2,CHEMBL2398738,IC50,8.24
6164336,CC(C)[C@@H](NC(=O)[C@@H]1CCC[C@@H]1N)C(=O)N2CC[C@](O)(c3ccc(Cl)cc3)C(C)(C)C2,CHEMBL2398724,IC50,8.25
1749023,NC(=O)Nc1ccc(F)cc1OC[C@@H](O)CN2CCC3(CC2)Cc4cc(Cl)ccc4O3,CHEMBL3099950,IC50,8.25
6164349,CC(C)[C@@H](NC(=O)c1ccc(Cl)cc1)C(=O)N2CC[C@](O)(c3ccc(Cl)cc3)C(C)(C)C2,CHEMBL2398730,IC50,8.26
6164360,CC(C)[C@@H](NC(=O)CC(C)(C)O)C(=O)N1CC[C@](O)(c2ccc(Cl)cc2)C(C)(C)C1,CHEMBL2398716,IC50,8.28
6164371,[I-].CC[N+]1(CC2CCCCCCC2)CCC(CC1)NC(=O)C3c4ccccc4Oc5ccccc35,CHEMBL280751,IC50,8.28
6164382,CC(=O)Nc1ccc(O)cc1OC[C@@](C)(O)CNC2CCN(Cc3ccc(Cl)cc3)CC2,CHEMBL2178570,Ki,8.3
6164393,CN1C(=O)C(=C(N=C1C(C)(C)NC(=O)c2oc(C)nn2)C(=O)NCc3ccc(F)cc3)O,CHEMBL254316,Ki,8.3
6164404,COc1cc(cc(F)c1Cl)N2CCN(CC2)C(=O)Cn3nc(c(Cl)c3C)C(F)(F)F,CHEMBL2322879,IC50,8.3
6164415,COc1cc(ccc1Cl)N2CCN(CC2)C(=O)Cn3nc(c(F)c3C)C(F)(F)F,CHEMBL2322858,IC50,8.3
6164426,Cc1ccc(C(=O)N2CC[C@H](O)C2)c(OC[C@@H](O)CN3CCC4(CC3)Cc5cc(Cl)ccc5O4)c1,CHEMBL2391799,IC50,8.3
6164437,[I-].CCCC[N+]1(CC2CCCCCCC2)CCC(CC1)NC(=O)C3c4ccccc4Oc5ccccc35,CHEMBL32713,IC50,8.3
6164448,CC(C)[C@@H](NC(=O)C(C)C)C(=O)N1CC[C@](O)(c2ccc(Cl)cc2)C(C)(C)C1,CHEMBL2398742,IC50,8.34
6164459,CCC(=O)N[C@H](C(C)C)C(=O)N1CC[C@](O)(c2ccc(Cl)cc2)C(C)(C)C1,CHEMBL2398741,IC50,8.35
6164470,CNC(=O)Nc1ccc(OC)cc1OC[C@@H](O)CN2CCC3(CC2)Cc4cc(Cl)ccc4O3,CHEMBL3099941,IC50,8.35
6164481,CC(C)[C@@H](NC(=O)Cc1ccccc1)C(=O)N2CC[C@](O)(c3ccc(Cl)cc3)C(C)(C)C2,CHEMBL2398737,IC50,8.39
6164492,CC(C)[C@@H](NC(=O)N[C@@H]1CC[C@H](O)C1)C(=O)N2CC[C@](O)(c3ccc(Cl)cc3)C(C)(C)C2,CHEMBL3334728,IC50,8.4
6164503,[I-].C[N+]1(CC2CCCCCCC2)CCC(CC1)NC(=O)C3c4cc(Br)ccc4Oc5ccc(Br)cc35,CHEMBL33223,IC50,8.41
6164514,[I-].CCC[N+]1(CC2CCCCCCC2)CCC(CC1)NC(=O)C3c4ccccc4Oc5ccccc35,CHEMBL33614,IC50,8.44
6164525,CC(C)[C@@H](NC(=O)Cc1ccncc1)C(=O)N2CC[C@](O)(c3ccc(Cl)cc3)C(C)(C)C2,CHEMBL2398769,IC50,8.46
6164536,[I-].CC[N+]1(CC2CCCCCCC2)CCC(CC1)NC(=O)C3c4cc(Br)ccc4Oc5ccc(Br)cc35,CHEMBL33340,IC50,8.48
6164547,CNC(=O)Nc1ccc(O)cc1OC[C@@H](O)CN2CCC3(CC2)Cc4cc(F)ccc4O3,CHEMBL3099961,IC50,8.5
6164558,CNC(=O)c1ccc(O)cc1OC[C@@H](O)CN2CCC3(CC2)Cc4cc(F)ccc4O3,CHEMBL2391794,IC50,8.5
6164569,NC(=O)Nc1ccc(O)cc1OC[C@@H](O)CN2CCC3(CC2)Cc4cc(Cl)ccc4O3,CHEMBL3099948,IC50,8.5
6164580,CC(C)[C@@H](NC(=O)[C@@H]1CCC[C@@H]1O)C(=O)N2CC[C@](O)(c3ccc(Cl)cc3)C(C)(C)C2,CHEMBL2398722,IC50,8.51
6164591,[I-].CCC[N+]1(CC2CCCCCCC2)CCC(CC1)NC(=O)C3c4cc(Br)ccc4Oc5ccc(Br)cc35,CHEMBL418589,IC50,8.51
6164602,CC(C)[C@@H](NC(=O)C1CC1)C(=O)N2CC[C@](O)(c3ccc(Cl)cc3)C(C)(C)C2,CHEMBL2398745,IC50,8.52
6164613,CC(C)[C@@H](NC(=O)NC1CCCC1)C(=O)N2CC[C@](O)(c3ccc(Cl)cc3)C(C)(C)C2,CHEMBL3334725,IC50,8.52
6164624,CC(C)CC(=O)N[C@H](C(C)C)C(=O)N1CC[C@](O)(c2ccc(Cl)cc2)C(C)(C)C1,CHEMBL2398743,IC50,8.54
6164635,CC(C)[C@@H](NC(=O)[C@@H]1CC[C@H](O)C1)C(=O)N2CC[C@](O)(c3ccc(Cl)cc3)C(C)(C)C2,CHEMBL2398729,IC50,8.54
6164646,O[C@H](COc1ccccc1C(=O)NC2CC2)CN3CCC4(CC3)Cc5cc(Cl)ccc5O4,CHEMBL2391937,IC50,8.55
6164657,[I-].CCC[N+]1(C\C\2=C\CCCCCC2)CCC(CC1)NC(=O)C3c4ccccc4Oc5ccccc35,CHEMBL33050,IC50,8.55
6164668,CC(=O)Nc1ccc(O)cc1OC[C@@H](O)CN2CCC3(CC2)Cc4cc(F)ccc4O3,CHEMBL2332936,IC50,8.59
6164679,CC(C)[C@@H](NC(=O)CC12CC3CC(CC(C3)C1)C2)C(=O)N4CC[C@](O)(c5ccc(Cl)cc5)C(C)(C)C4,CHEMBL2398749,IC50,8.59
6164690,CC(C)[C@@H](NC(=O)C1CCCC1)C(=O)N2CC[C@](O)(c3ccc(Cl)cc3)C(C)(C)C2,CHEMBL2398747,IC50,8.6
6164701,COc1ccc(C(=O)NC2CC2)c(OC[C@@H](O)CN3CCC4(CC3)Cc5cc(Cl)ccc5O4)c1,CHEMBL2391938,IC50,8.6
1746124,O[C@H](COc1cc(F)ccc1C(=O)N2CC[C@H](O)C2)CN3CCC4(CC3)Cc5cc(Cl)ccc5O4,CHEMBL2391800,IC50,8.6
6164714,[I-].C[N+]1(C\C\2=C\CCCCCC2)CCC(CC1)NC(=O)C3c4ccccc4Oc5ccccc35,CHEMBL32257,IC50,8.6
3404095,CC1(C)CN(CC\C=C\2/c3cccnc3COc4ccc(cc24)C(=O)O)C[C@@H]([C@H]1O)c5ccc(Cl)cc5,CHEMBL2178569,Ki,8.64
6164727,CC(C)[C@@H](NC(=O)C1CCCCC1)C(=O)N2CC[C@](O)(c3ccc(Cl)cc3)C(C)(C)C2,CHEMBL2398748,IC50,8.66
6164738,COc1ccc(NC(=O)NC2CC2)c(OC[C@@H](O)CN3CCC4(CC3)Cc5cc(F)ccc5O4)c1,CHEMBL3099946,IC50,8.66
6164748,CC1(C)CN(CC[C@]1(O)c2ccc(Cl)cc2)C(=O)[C@H]3CCCC[C@H]3NC(=O)c4ccccc4,CHEMBL3679637,IC50,8.68
6164758,CC(=O)Nc1ccc(O)cc1OC[C@@H](O)CN2CCC3(CC2)Cc4cc(Cl)ccc4O3,CHEMBL2332935,IC50,8.7
6164769,CC[C@H](C)NC(=O)N[C@H](C(C)C)C(=O)N1CC[C@](O)(c2ccc(Cl)cc2)C(C)(C)C1,CHEMBL3334817,IC50,8.7
6164780,COc1cc(ccc1Cl)N2CCN([C@@H](C)C2)C(=O)Cn3nc(c(Cl)c3C)C(F)(F)F,CHEMBL2322853,IC50,8.7
6164791,C[C@@H](O)CC(=O)N[C@H](C(C)C)C(=O)N1CC[C@](O)(c2ccc(Cl)cc2)C(C)(C)C1,CHEMBL3334822,IC50,8.7
6164802,[I-].CC[N+]1(C\C\2=C\CCCCCC2)CCC(CC1)NC(=O)C3c4ccccc4Oc5ccccc35,CHEMBL34732,IC50,8.7
6164813,O[C@H](COc1cc(O)ccc1C(=O)N2CC[C@H](O)C2)CN3CCC4(CC3)Cc5cc(Cl)ccc5O4,CHEMBL2391804,IC50,8.72
6164824,[I-].CC[N+]1(C\C\2=C\CCCCCC2)CCC(CC1)NC(=O)C3c4cc(Br)ccc4Oc5ccc(Br)cc35,CHEMBL289902,IC50,8.72
6164835,CC(C)[C@@H](NC(=O)C1CCC1)C(=O)N2CC[C@](O)(c3ccc(Cl)cc3)C(C)(C)C2,CHEMBL2398746,IC50,8.75
6164845,CC1(C)CN(CC[C@]1(O)c2ccc(Cl)cc2)C(=O)[C@H]3CCC[C@H]3NC(=O)c4cccc(c4)C(=O)N,CHEMBL3679656,IC50,8.75
6164855,CNC(=O)c1ccc(O)cc1OC[C@@H](O)CN2CCC3(CC2)Cc4cc(Cl)ccc4O3,CHEMBL2391793,IC50,8.75
1746028,COc1ccc(NC(=O)NC2CC2)c(OC[C@@H](O)CN3CCC4(CC3)Cc5cc(Cl)ccc5O4)c1,CHEMBL3099944,IC50,8.75
6164868,NCC1CCCN(C1)C(=O)c2ccc3Oc4ccccc4C(C(=O)NC5CCN(C\C\6=C\CCCCCCC6)CC5)c3c2,CHEMBL2178571,Ki,8.75
1743591,O[C@H](COc1cc(O)c(Cl)cc1NC(=O)NC2CC2)CN3CCC4(CC3)Cc5cc(Cl)ccc5O4,CHEMBL3099943,IC50,8.75
6164881,O[C@H](COc1cc(O)ccc1C(=O)N2CCCC2)CN3CCC4(CC3)Cc5cc(Cl)ccc5O4,CHEMBL2391808,IC50,8.75
6164892,CC(C)CCC(=O)N[C@H](C(C)C)C(=O)N1CC[C@](O)(c2ccc(Cl)cc2)C(C)(C)C1,CHEMBL2398744,IC50,8.77
6164903,CC(C)[C@@H](NC(=O)CCCc1ccccc1)C(=O)N2CC[C@](O)(c3ccc(Cl)cc3)C(C)(C)C2,CHEMBL2398739,IC50,8.77
6164914,CC(C)[C@@H](NC(=O)[C@H]1CC[C@@H](O)C1)C(=O)N2CC[C@](O)(c3ccc(Cl)cc3)C(C)(C)C2,CHEMBL2398728,IC50,8.8
6164924,CC1(C)CN(CC[C@]1(O)c2ccc(Cl)cc2)C(=O)[C@H]3CCC[C@H]3NC(=O)c4cccc(c4)C(=O)O,CHEMBL3679654,IC50,8.8
6164933,CC1(C)CN(CC[C@]1(O)c2ccc(Cl)cc2)C(=O)[C@H]3CCC[C@H]3NC(=O)[C@H]4CC[C@@H](O)C4,CHEMBL3679653,IC50,8.82
6164943,CC(=O)Nc1ccc(O)cc1OC[C@@H](N)CN2CCC3(CC2)Cc4cc(F)ccc4O3,CHEMBL2332941,IC50,8.85
1754331,O[C@H](COc1cc(F)ccc1C(=O)NC2CC2)CN3CCC4(CC3)Cc5cc(Cl)ccc5O4,CHEMBL2391939,IC50,8.85
1750061,O[C@H](COc1cc(O)ccc1C(=O)NC2CC2)CN3CCC4(CC3)Cc5cc(Cl)ccc5O4,CHEMBL2391795,IC50,8.85
6164958,O[C@H](COc1ccccc1NC(=O)N2CCCC2)CN3CCC4(CC3)Cc5cc(Cl)ccc5O4,CHEMBL3099940,IC50,8.85
6164968,CC1(C)CN(CC[C@]1(O)c2ccc(Cl)cc2)C(=O)[C@H]3CCC[C@H]3NC(=O)C4CCCC4,CHEMBL3679655,IC50,8.89
6164978,CN(C)[C@@H]1CCN(C1)C(=O)c2ccc(O)cc2OC[C@@H](O)CN3CCC4(CC3)Cc5cc(Cl)ccc5O4,CHEMBL2391797,IC50,8.89
1727386,CNC(=O)Nc1ccc(O)cc1OC[C@@H](O)CN2CCC3(CC2)Cc4cc(Cl)ccc4O3,CHEMBL3099942,IC50,8.89
1739383,O[C@H](COc1cc(O)ccc1C(=O)N2CCC(O)CC2)CN3CCC4(CC3)Cc5cc(Cl)ccc5O4,CHEMBL2391810,IC50,8.96
6164993,CC(C)[C@@H](NC(=O)CC1CC1)C(=O)N2CC[C@](O)(c3ccc(Cl)cc3)C(C)(C)C2,CHEMBL2398717,IC50,9.0
6165004,CC(C)[C@@H](NC(=O)NCc1ccccc1)C(=O)N2CC[C@](O)(c3ccc(Cl)cc3)C(C)(C)C2,CHEMBL3334818,IC50,9.0
6165014,CC1(C)CN(CC[C@]1(O)c2ccc(Cl)cc2)C(=O)[C@H]3CCC[C@H]3NC(=O)c4cccc(c4)S(=O)(=O)N,CHEMBL3679651,IC50,9.0
6165024,CC(=O)Nc1ccccc1OC[C@@H](O)CN2CCC3(CC2)Cc4cc(Cl)ccc4O3,CHEMBL2332932,IC50,9.02
6165035,CC(=O)Nc1ccccc1OC[C@@H](O)CN2CCC3(CC2)Cc4cc(F)ccc4O3,CHEMBL2332934,IC50,9.02
1718828,O[C@H](COc1cc(O)c(Cl)cc1C(=O)N2CC[C@H](O)C2)CN3CCC4(CC3)Cc5cc(Cl)ccc5O4,CHEMBL2391803,IC50,9.04
3385824,CC[N+]1(C\C\2=C\CCCCCC2)CCC(CC1)NC(=O)C3c4cc(Cl)ccc4Oc5ccc(Cl)cc35,CHEMBL331897,IC50,9.05
6165050,COc1ccc(NC(=O)C)c(OC[C@@H](O)CN2CCC3(CC2)Cc4cc(Cl)ccc4O3)c1,CHEMBL2332930,IC50,9.05
1734992,O[C@H](COc1cc(O)ccc1NC(=O)NC2CC2)CN3CCC4(CC3)Cc5cc(Cl)ccc5O4,CHEMBL3099945,IC50,9.05
6165063,CC(=O)Nc1ccc(O)cc1OC[C@@H](N)CN2CCC3(CC2)Cc4cc(Cl)ccc4O3,CHEMBL2332940,IC50,9.1
6165073,C[C@H](NC(=O)N[C@@H]1CCCC[C@@H]1C(=O)N2CC[C@](O)(c3ccc(Cl)cc3)C(C)(C)C2)C(C)(C)O,CHEMBL3679659,IC50,9.16
6165083,CC(=O)Nc1ccc(F)cc1OC[C@@H](O)CN2CCC3(CC2)Cc4cc(Cl)ccc4O3,CHEMBL2332931,IC50,9.19
1729759,O[C@H](COc1cc(O)ccc1NC(=O)NC2CC2)CN3CCC4(CC3)Cc5cc(F)ccc5O4,CHEMBL3099947,IC50,9.2
6165095,CC(C)NC(=O)N[C@H](C(C)C)C(=O)N1CC[C@](O)(c2ccc(Cl)cc2)C(C)(C)C1,CHEMBL3656279,Ki,9.3
6165105,CC(=O)Nc1ccc(F)cc1OC[C@@H](O)CN2CCC3(CC2)Cc4cc(F)ccc4O3,CHEMBL2332933,IC50,9.44
3142141,Nc1nc(N2CCNCC2)c3CCC4=C([C@@H]5CCCC[C@@H]5O4)c3n1,CHEMBL519240,IC50,10.06
