id,smiles,name,assay_type,activity_value
692425,C(N1CCCNCCNCCCNCC1)C1=CC=C(CN2CCCNCCNCCCNCC2)C=C1,plerixafor,IC50,10.4
692438,CC(C)N(C)[C@@H]1CC[C@@H]([C@H](CS(=O)(=O)c2ccccc2)C1)N3C(=O)C[C@H](NC(=O)c4cccc(c4)C(F)(F)F)C3=O,CHEMBL1090562,IC50,7.0
692449,CC(C)[C@@H](O)[C@H](CNCc1ccc(C)cc1C)NC(=O)CNC(=O)c2cccc(c2)C(F)(F)F,CHEMBL2018365,IC50,7.0
692460,COC1COCCC1N[C@@H]2C[C@H]3CN(C[C@]3(C2)C(=O)N4CCc5ncc(cc5C4)C(F)(F)F)C(=O)OCC(C)(C)C,CHEMBL3115104,IC50,7.0
692470,C[C@H]1COCC[C@@H]1N[C@@H]2C[C@H]3CCC[C@]3(C2)C(=O)N4C[C@@H]5C[C@H]4CN5c6cc(ccn6)C(F)(F)F,CHEMBL3650405,IC50,7.0
692480,Cc1ccc(CNC[C@H](NC(=O)CNC(=O)c2cccc(c2)C(F)(F)F)C(=O)NC3(C)CC3)c(C)c1,CHEMBL401010,IC50,7.0
692491,Cc1ccc(CNC[C@H](NC(=O)CNC(=O)c2cccc(c2)C(F)(F)F)C(=O)NC3CCCC3)c(C)c1,CHEMBL247207,IC50,7.0
692502,Cc1ccc(CNC[C@H](NC(=O)CNC(=O)c2cccc(c2)C(F)(F)F)[C@@H](O)c3ccccc3)c(C)c1,CHEMBL2018375,IC50,7.0
692513,Clc1ccc(Cn2ccnn2)c(NS(=O)(=O)c3cccc(Cl)c3)c1,CHEMBL2207088,Ki,7.0
692524,Clc1ccc(NC(=O)N2CCN(C[C@@H]3CCCN(Cc4ccccc4)C3)CC2)cc1Cl,CHEMBL2036753,IC50,7.0
692535,Clc1ccc(cc1)S(=O)(=O)Nc2cc(Cl)ccc2Cn3ccnn3,CHEMBL2207087,Ki,7.0
692546,Fc1cccc(c1)S(=O)(=O)Nc2cc(Cl)ccc2Cn3ccnn3,CHEMBL2207090,Ki,7.0
692557,OC(=O)c1cc2c(F)cccc2n1Cc3ccc(Cl)c(Cl)c3,CHEMBL130008,IC50,7.0
692568,O[C@@]1(CC[C@H](CC1)N2CC(C2)NC(=O)CNC(=O)c3cccc(c3)C(F)(F)F)c4cccs4,CHEMBL2204258,IC50,7.0
2022,Oc1ccc2[nH]cc(C3CCN(CCCCCNC(=O)\C=C\c4ccc(Cl)c(Cl)c4)CC3)c2c1,CHEMBL432713,Ki,7.0
692581,COC1COCCC1N[C@@H]2C[C@H]3CN(C[C@]3(C2)C(=O)N4CCc5ncc(cc5C4)C(F)(F)F)C(=O)OCCN6CCOCC6,CHEMBL3115111,IC50,7.01
692592,CSc1ccc(CNC2CCNCC2NC(=O)CNC(=O)c3cccc(c3)C(F)(F)F)cc1,CHEMBL495718,IC50,7.01
692603,Cc1ccc(CNC[C@H](NC(=O)CNC(=O)c2cccc(c2)C(F)(F)F)C(=O)NC3CCC3)c(C)c1,CHEMBL247206,IC50,7.01
692614,FC(F)(F)c1cc(CNC(=O)[C@@H](CCN2CCC3(CC2)C=Cc4ccccc34)C5CC5)cc(c1)C(F)(F)F,CHEMBL385540,IC50,7.01
692625,FC(F)(F)c1cccc(NC(=O)N2CCN(C[C@@H]3CCCN(C3)C4CC4)CC2)c1,CHEMBL2036766,IC50,7.01
692636,COC1COCCC1N[C@@H]2C[C@H]3CC(F)(F)C[C@]3(C2)C(=O)N4CCc5ncc(cc5C4)C(F)(F)F,CHEMBL2313769,IC50,7.02
692646,CO[C@@H]1COCC[C@@H]1N[C@@H]2C[C@H]3CCC[C@]3(C2)C(=O)N4C[C@@H]5C[C@H]4CN5c6nc(cs6)C(F)(F)F,CHEMBL3650375,IC50,7.02
692656,COc1ccc(cn1)[C@@]2(O)CC[C@H](CC2)N[C@H]3CCN(C3)C(=O)CNC(=O)c4cccc(c4)C(F)(F)F,CHEMBL2029410,IC50,7.02
692667,Nc1ccc(cc1C(=O)NCC(=O)N[C@@H]2CCN(Cc3ccc(Cl)cc3Cl)C2)C(F)(F)F,CHEMBL270205,IC50,7.02
692678,OC(=O)c1c(C(=O)O)n(Cc2ccc(Cl)c(Cl)c2)c3ccccc13,CHEMBL133075,IC50,7.02
692688,COC1COCCC1NC2CC3OCCC3(C2)C(=O)N4CCc5ncc(cc5C4)C(F)(F)F,CHEMBL3671251,IC50,7.03
692698,C[C@H]1CN(CCCC(=O)NCc2cc(cc(c2)C(F)(F)F)C(F)(F)F)CC[C@@]13C=Cc4ccccc34,CHEMBL409162,IC50,7.03
692708,CO[C@@H]1COCC[C@@H]1N[C@@H]2C[C@H]3CCC[C@]3(C2)C(=O)N4C[C@@H]5C[C@H]4CN5c6cc(F)cc(c6)C(F)(F)F,CHEMBL3650370,IC50,7.04
692719,CC(C)N(C)[C@@H]1CC[C@@H](C[C@@H]1CS(=O)(=O)c2ccccc2)NC(=O)CNC(=O)c3cccc(c3)C(F)(F)F,CHEMBL1944780,IC50,7.05
692730,COC1COCCC1N[C@@H]2C[C@H]3CN(C[C@]3(C2)C(=O)N4CCc5ncc(cc5C4)C(F)(F)F)c6ccccc6,CHEMBL3115268,IC50,7.05
692741,C[N+](C)(Cc1ccc(NC(=O)c2ccc(Cl)c(Cl)c2)cc1)C3CC4CCC3C4,CHEMBL246728,IC50,7.05
692752,Cc1ccc(CNC[C@H](NC(=O)CNC(=O)c2cc(ccc2NC(=O)C3CCCCC3)C(F)(F)F)C(=O)NC(C)(C)C)c(C)c1,CHEMBL247635,IC50,7.05
692763,FC(F)(F)c1cccc(c1)C(=O)NCC(=O)NC2CCN(CC2)C3CCC(CC3)c4ccc5OCOc5c4,CHEMBL3359301,Ki,7.05
692774,Fc1ccc(cc1)C(CCN2CCC3(CC2)OCCc4ccccc34)C(=O)NCc5cc(cc(c5)C(F)(F)F)C(F)(F)F,CHEMBL3589845,IC50,7.05
692785,OC(=O)c1cc2ccc(F)cc2n1Cc3ccc(Cl)c(Cl)c3,CHEMBL134072,IC50,7.05
692796,COC1COCCC1N[C@@H]2C[C@H]3CN(C[C@]3(C2)C(=O)N4CCc5ncc(cc5C4)C(F)(F)F)C(=O)C#CC6CC6,CHEMBL3115274,IC50,7.06
692807,COC1COCCC1N[C@@H]2C[C@H]3CN(C[C@]3(C2)C(=O)N4CCc5ncc(cc5C4)C(F)(F)F)C(=O)CCc6ccccc6,CHEMBL3115275,IC50,7.06
692818,COC1COCCC1N[C@@H]2C[C@H]3CN(C[C@]3(C2)C(=O)N4CCc5ncc(cc5C4)C(F)(F)F)C(=O)\C=C\C(C)(C)C,CHEMBL3115273,IC50,7.06
692829,COC1COCCC1N[C@@H]2C[C@H]3C[C@@H](C[C@]3(C2)C(=O)N4CCc5ncc(cc5C4)C(F)(F)F)C(=O)N,CHEMBL2313776,IC50,7.06
692840,CS(=O)(=O)c1ccc(cc1)C(=O)N[C@@H]2CCCC[C@@H]2NC(=O)CNC(=O)c3cccc(c3)C(F)(F)F,CHEMBL429425,IC50,7.06
692851,Cc1ccc(CNC[C@H](NC(=O)CNC(=O)c2cc(ccc2N)C(F)(F)F)C3(O)CCCC3)c(C)c1,CHEMBL2018383,IC50,7.06
692862,Cc1ccc(CNC[C@H](NC(=O)CNC(=O)c2cccc(c2)C(F)(F)F)C(=O)NC3CC3)c(C)c1,CHEMBL247205,IC50,7.06
692872,NC(=O)C(NC1CCC(CC1)c2c[nH]c3cccnc23)C4CCN(CC4)C(=O)Nc5ccc(Cl)c(Cl)c5,CHEMBL3681898,IC50,7.06
692882,Nc1ccc(OC(F)(F)F)cc1C(=O)NCC(=O)N[C@@H]2CCN(Cc3ccc(Cl)cc3)C2,CHEMBL272283,IC50,7.06
692893,CC(C)[C@@]1(CC[C@H](C1)NC2CCOC2)C(=O)NCc3cc(cc(c3)C(F)(F)F)C(F)(F)F,CHEMBL494591,IC50,7.07
692903,C[C@@H](CCN1CCC2(CC1)C=Cc3ccccc23)C(=O)NCc4cc(cc(c4)C(F)(F)F)C(F)(F)F,CHEMBL215391,IC50,7.07
692914,Nc1ccc(nc1)[C@@H]2CC[C@H](CC2)N3CC(C3)NC(=O)CNC(=O)c4cccc(c4)C(F)(F)F,CHEMBL1829627,IC50,7.07
692925,CCC1CC(N[C@@H]2CC[C@](C2)(C(C)C)C(=O)N3CCc4ccc(cc4C3)C(F)(F)F)c5cc(OC)c(Br)cc15,CHEMBL3417234,Ki,7.08
692936,CN([C@@H]1CC[C@@H](CC1)c2ccccc2)[C@H]3CCN(C3)C(=O)CNC(=O)c4cccc(c4)C(F)(F)F,CHEMBL2029408,IC50,7.08
692946,CO[C@@H]1COCC[C@@H]1N(C)[C@@H]2C[C@H]3CCC[C@]3(C2)C(=O)N4C[C@@H]5C[C@H]4CN5c6cc(ccc6C(F)(F)F)C(F)(F)F,CHEMBL3650397,IC50,7.08
692955,NC(=O)C(N[C@@H]1CC[C@H](CC1)c2c[nH]c3ccncc23)C4CCN(CC4)C(=O)\C=C\c5cc(F)c(F)c(F)c5,CHEMBL3681897,IC50,7.08
692965,COC1COCCC1N[C@@H]2C[C@H]3CN(C[C@]3(C2)C(=O)N4CCc5ncc(cc5C4)C(F)(F)F)C(=O)NC(C)C,CHEMBL3115098,IC50,7.09
692976,COC1COCCC1N[C@@H]2C[C@H]3OCC[C@]3(C2)C(=O)N4CC5CC4CN5c6nccc(n6)C(F)(F)F,CHEMBL3263274,IC50,7.09
692987,COCCOC(=O)N1C[C@@H]2C[C@H](C[C@@]2(C1)C(=O)N3CCc4ncc(cc4C3)C(F)(F)F)NC5CCOCC5OC,CHEMBL3115106,IC50,7.09
692998,NC(=O)n1nc(NCC(=O)NC2CN(C2)[C@@H]3CC[C@@H](CC3)c4ccc5OCOc5c4)c6cc(ccc16)C(F)(F)F,CHEMBL1834718,IC50,7.09
693009,CC(=O)N1CCCC(C1)C(CCN2CCC3(CC2)C=Cc4ccccc34)C(=O)NCc5cc(cc(c5)C(F)(F)F)C(F)(F)F,CHEMBL212972,IC50,7.1
693020,CC(=O)NCC(C1CCN(CC1)C(=O)\C=C\c2cc(F)c(F)c(F)c2)N3CCC(CC3)c4c[nH]c5ccccc45,CHEMBL257351,IC50,7.1
693031,COC(=O)c1ccc(cc1)[C@@H]2CC[C@H](CC2)N3CC(C3)NC(=O)CNC(=O)c4cccc(c4)C(F)(F)F,CHEMBL1829614,IC50,7.1
693043,CO[C@@H]1COCC[C@@H]1N[C@@H]2CC[C@](C2)(C(C)C)C(=O)N3CCN(CC3)c4cccc(n4)C(F)(F)F,CHEMBL1683073,IC50,7.1
693054,COc1ccc(cc1)C2CCN(C[C@@H]3CC[C@@H](C3)NC(=O)\C=C\c4cc(F)c(F)c(F)c4)CC2,CHEMBL400680,IC50,7.1
693066,C[C@H]1CC=C(C(=O)O)[C@@](C)(C1)c2ccc(Cl)c(Cl)c2,CHEMBL3753813,IC50,7.1
693077,C[C@H]1CN(CC[C@H](C2CC2)C(=O)NCc3cc(cc(c3)C(F)(F)F)C(F)(F)F)CC[C@@]14C=Cc5ccccc45,CHEMBL213058,IC50,7.1
693088,Fc1ccc(cc1)[C@H](CCN2CCC3(CC2)C=Cc4ccccc34)C(=O)NCc5cc(cc(c5)C(F)(F)F)C(F)(F)F,CHEMBL277279,IC50,7.1
693099,OC(=O)C(C1CCN(CC1)C(=O)\C=C\c2ccccc2)N3CCC(CC3)c4c[nH]c5ccccc45,CHEMBL236721,IC50,7.1
693110,Oc1ccc2[nH]cc(C3CCN(C[C@@H]4CC[C@@H](CC4)NC(=O)\C=C\c5ccc(Cl)c(Cl)c5)CC3)c2c1,CHEMBL400698,Ki,7.1
693122,CC(C)[C@@]1(CC[C@H](C1)NC2CCc3ccccc23)C(=O)NCc4cc(cc(c4)C(F)(F)F)C(F)(F)F,CHEMBL494019,IC50,7.11
693132,CCc1ncc(s1)[C@@]2(O)CC[C@H](CC2)N3CC(C3)NC(=O)CNC(=O)c4cccc(c4)C(F)(F)F,CHEMBL2204264,IC50,7.11
693143,CNC(=O)N1C[C@@H]2C[C@H](C[C@@]2(C1)C(=O)N3CCc4ncc(cc4C3)C(F)(F)F)NC5CCOCC5OC,CHEMBL3115097,IC50,7.11
693153,CO[C@@H]1COCC[C@@H]1N[C@@H]2C[C@H]3CCC[C@]3(C2)C(=O)N4C[C@@H]5C[C@H]4CN5c6cc(ccc6C(F)(F)F)C(F)(F)F,CHEMBL3650395,Ki,7.11
693162,CO[C@@H]1COCC[C@@H]1N[C@@H]2C[C@H]3CCC[C@]3(C2)C(=O)N4C[C@@H]5C[C@H]4CN5c6ccc(Cl)c(c6)C#N,CHEMBL3650392,Ki,7.11
693172,CC(C)N(C)[C@@H]1CC[C@H](NC(=O)CNC(=O)c2cccc(c2)C(F)(F)F)[C@H](COc3ccccc3)C1,CHEMBL3577941,IC50,7.12
693183,CC(C)[C@@]1(CC[C@H](C1)NC2CCOCC2F)C(=O)N3C[C@@H]4C[C@H]3CN4C(=O)N5CCCCC5,CHEMBL1684715,IC50,7.12
693194,COC1COCCC1N[C@@H]2C[C@H]3CCC[C@]3(C2)C(=O)N4CCc5ncc(cc5C4)C(F)(F)F,CHEMBL2313784,IC50,7.12
693204,CO[C@@H]1COCC[C@@H]1N[C@@H]2C[C@H]3CCC[C@]3(C2)C(=O)N4C[C@@H]5C[C@H]4CN5c6cc(ccn6)C(F)(F)F,CHEMBL3650347,IC50,7.12
693213,CO[C@@H]1COCC[C@@H]1N[C@@H]2C[C@H]3CCC[C@]3(C2)C(=O)N4C[C@@H]5C[C@H]4CN5c6cccc(c6)C(F)(F)F,CHEMBL3650363,IC50,7.12
693223,CC(C(=O)Nc1nc(cs1)C(CCN2CC[C@]3(C=Cc4ccccc34)[C@@H](C)C2)C(=O)NCc5cc(cc(c5)C(F)(F)F)C(F)(F)F)c6ccccc6,CHEMBL231150,IC50,7.13
693234,CCN(CC)CCCC(CC(C)C)NC(=O)CCOc1cc(nn1c2ccc3ccccc3c2)c4cc(Cl)cc(Cl)c4,CHEMBL396621,IC50,7.13
693245,COc1ccc(cc1)c2ccc3C(CCc3c2)N[C@@H]4CC[C@](C4)(C(C)C)C(=O)N5CCc6ccc(cc6C5)C(F)(F)F,CHEMBL3417224,Ki,7.13
693256,FC(F)(F)c1cccc(c1)C(=O)NCC(=O)NC2CCN(CC2)C3CCC(CC3)c4ccccc4,CHEMBL3358698,Ki,7.13
693266,NC(=O)C(NC1CCC(CC1)c2c[nH]c3ccccc23)C4CCN(CC4)C(=O)\C=C\c5cccc(c5)C(F)(F)F,CHEMBL3681874,IC50,7.13
693276,CC(C)N(C)[C@@H]1CC[C@@H](CC1)NC(=O)CNC(=O)c2cccc(c2)C(F)(F)F,CHEMBL1947040,IC50,7.14
693287,CC(C)[C@@H](CCN1CCC2(CC1)C=Cc3ccccc23)C(=O)NCc4cc(cc(c4)C(F)(F)F)C(F)(F)F,CHEMBL215689,IC50,7.14
693298,FC(F)(F)c1cc(CNC(=O)C(CCN2CCC3(CC2)C=Cc4ccccc34)C5CCCCC5)cc(c1)C(F)(F)F,CHEMBL214747,IC50,7.14
693309,Fc1ccc(cc1)C2CCN(CC[C@@H](C3CC3)C(=O)NCc4cc(cc(c4)C(F)(F)F)C(F)(F)F)CC2,CHEMBL214647,IC50,7.14
693320,O[C@@]1(CC[C@H](CC1)N2CC(C2)NC(=O)CNc3ccnc4ccc(cc34)C(F)(F)F)c5cncs5,CHEMBL2315941,IC50,7.14
693331,COc1cccc(n1)[C@@]2(O)CC[C@H](CC2)N3CC(C3)NC(=O)CNC(=O)c4cccc(c4)C(F)(F)F,CHEMBL2204247,IC50,7.15
693342,CN(Cc1ccc(NC(=O)C2=Cc3cc(ccc3CCC2)c4ccc(C)cc4)cc1)C5CCOCC5,CHEMBL131243,Ki,7.16
693353,CN1CCN[C@H](C1)C(=O)N2CCN(CC2)C(=O)Nc3ccc(Cl)c(Cl)c3,CHEMBL2036783,IC50,7.16
693364,COC1COCCC1N[C@@H]2C[C@H]3CN(C[C@]3(C2)C(=O)N4CCc5ncc(cc5C4)C(F)(F)F)C(=O)OC,CHEMBL3115101,IC50,7.16
693375,CO[C@@H]1COCC[C@@H]1N[C@@H]2CC[C@](C2)(C(C)C)C(=O)N3CCN(CC3)c4nc(ns4)C(F)(F)F,CHEMBL1782575,IC50,7.16
693386,C[C@H]1CC=C(C(=O)O)[C@@](C)(C1)c2ccc(Cl)c(C)c2,CHEMBL3751958,IC50,7.16
693397,FC(F)(F)c1cc(CNC(=O)C(CCN2CCC3(CC2)C=Cc4ccccc34)C5CC5)cc(c1)C(F)(F)F,CHEMBL215654,IC50,7.16
693408,OC(=O)c1ccc(cc1)[C@@H]2CC[C@H](CC2)N3CC(C3)NC(=O)CNC(=O)c4cccc(c4)C(F)(F)F,CHEMBL1829615,IC50,7.16
693419,CO[C@@H]1COCC[C@@H]1N[C@@H]2CC[C@@](CC3CC3)(C2)C(=O)N4CCN(CC4)c5cc(ccn5)C(F)(F)F,CHEMBL1683080,IC50,7.17
693430,CS[C@@]1(CC[C@H](C1)N2CC[C@]3(C=Cc4ccccc34)[C@@H](C)C2)C(=O)NCc5cc(F)cc(c5)C(F)(F)F,CHEMBL231247,IC50,7.17
693441,C[C@H]1CN(CC[C@H](C(=O)NCc2cc(cc(c2)C(F)(F)F)C(F)(F)F)c3ccc(F)cc3)CC[C@@]14C=Cc5ccccc45,CHEMBL213601,IC50,7.17
693452,FC(F)(F)c1ccc(NC(=O)N2CCN(C[C@@H]3CCCN(C3)C4CC4)CC2)cc1,CHEMBL2036767,IC50,7.17
693463,CCN(CC)CCCC(C)NC(=O)CCOc1cc(nn1c2ccc3ccccc3c2)c4cc(Cl)cc(Cl)c4,CHEMBL238936,IC50,7.18
693474,CCO[C@H]1COCC[C@H]1N[C@@H]2CC[C@](C2)(C(C)C)C(=O)N3CCN(CC3)c4cccc(c4)C(F)(F)F,CHEMBL1683070,IC50,7.18
693484,CO[C@@H]1COCC[C@@H]1N(C)[C@@H]2C[C@H]3CCC[C@]3(C2)C(=O)N4C[C@@H]5C[C@H]4CN5c6cc(ccn6)C(F)(F)F,CHEMBL3650352,IC50,7.18
693493,CO[C@@H]1COCC[C@@H]1N[C@@H]2C[C@H]3CCC[C@]3(C2)C(=O)N4C[C@@H]5C[C@H]4CN5c6ccc(C#N)c(c6)C(F)(F)F,CHEMBL3650384,Ki,7.18
694208,COc1cccc(c1)C2CCC(CC2)N3CCC(CC3)NC(=O)CNC(=O)c4cccc(c4)C(F)(F)F,CHEMBL3359297,Ki,7.18
694219,Cc1ccc(CNC[C@H](NC(=O)CNC(=O)c2cccc(c2)C(F)(F)F)C(=O)N)c(C)c1,CHEMBL248418,IC50,7.18
694230,O[C@@]1(CC[C@H](CC1)N[C@H]2CCN(C2)C(=O)CNC(=O)c3cccc(c3)C(F)(F)F)c4ncccn4,CHEMBL2029413,IC50,7.18
694241,CC(C)OC(=O)Nc1ccc(cc1C(=O)NCC(=O)N[C@@H](CNCc2ccc(C)cc2C)C(=O)NC(C)(C)C)C(F)(F)F,CHEMBL247439,IC50,7.19
694252,CC(C)[C@@]1(CC[C@H](C1)N2CCC(CC2)c3ccnnc3)C(=O)NCc4cc(cc(c4)C(F)(F)F)C(F)(F)F,CHEMBL401609,IC50,7.19
694264,CC(C)[C@@]1(CC[C@H](C1)NC2CCCCC2)C(=O)NCc3cc(cc(c3)C(F)(F)F)C(F)(F)F,CHEMBL493780,IC50,7.19
694274,CC(C)[C@H](O)[C@H](CNCc1ccc(C)cc1C)NC(=O)CNC(=O)c2cccc(c2)C(F)(F)F,CHEMBL2018372,IC50,7.19
694285,CCN1CCO[C@@H](CN2CCN(CC2)C(=O)Nc3ccc(Cl)c(Cl)c3)C1,CHEMBL2036773,IC50,7.19
694296,CC[C@H](O)[C@H](CNCc1ccc(C)cc1C)NC(=O)CNC(=O)c2cccc(c2)C(F)(F)F,CHEMBL2018369,IC50,7.19
694307,COC1COCCC1N[C@@H]2C[C@H]3CN(C[C@]3(C2)C(=O)N4CCc5ncc(cc5C4)C(F)(F)F)C(=O)N,CHEMBL3115096,IC50,7.19
694318,COC1COCCC1N[C@@H]2C[C@H]3CN(C[C@]3(C2)C(=O)N4CCc5ncc(cc5C4)C(F)(F)F)C(=O)OCC6CCOCC6,CHEMBL3115107,IC50,7.19
694329,CSc1ccc(cc1)C(=O)N[C@@H]2CCCC[C@@H]2NC(=O)CNC(=O)c3cccc(c3)C(F)(F)F,CHEMBL272168,IC50,7.19
694340,Cc1ccc(CNC[C@H](NC(=O)CNC(=O)c2cccc(c2)C(F)(F)C(F)(F)F)C(=O)NC(C)(C)C)c(C)c1,CHEMBL246415,IC50,7.19
694351,Clc1ccc(NC(=O)N2CCN(C[C@@H]3CCCN(CCCc4ccccc4)C3)CC2)cc1Cl,CHEMBL2036756,IC50,7.19
694362,FC(F)(F)c1cc(CNC(=O)C2CCC(C2)N3CCC(CC3)c4ccccc4)cc(c1)C(F)(F)F,CHEMBL388308,IC50,7.19
694373,O[C@@]1(CC[C@H](CC1)N[C@H]2CCN(C2)C(=O)CNC(=O)c3cccc(c3)C(F)(F)F)c4ccccc4,CHEMBL2029409,IC50,7.19
694384,Clc1ccc(Cn2ccnn2)c(NS(=O)(=O)c3csc4ccccc34)c1,CHEMBL2207095,Ki,7.2
694395,FC(F)(F)c1ccc2[nH]nc(NCC(=O)NC3CN(C3)[C@@H]4CC[C@@H](CC4)N5C=CC=CC5=O)c2c1,CHEMBL1834636,IC50,7.2
694407,CC(C)[C@@]1(CC[C@H](C1)N2CCC(CC2)c3cccc(c3)C(=O)O)C(=O)NCc4cc(cc(c4)C(F)(F)F)C(F)(F)F,CHEMBL255511,IC50,7.21
694418,CN(C)C1CCC(NC(=O)CNC(=O)c2cccc(c2)C(F)(F)F)C(C1)NCc3ccc(Cl)c(Cl)c3,CHEMBL479643,IC50,7.21
694430,COC(=O)[C@H](CCCNC(=N)N)NC(=O)CCOc1cc(nn1c2ccc3ccccc3c2)c4cc(Cl)cc(Cl)c4,CHEMBL238518,IC50,7.21
694441,Cc1ccc(CNC[C@H](NC(=O)CNC(=O)c2cccc(c2)C(F)(F)F)[C@@H](O)CCc3ccccc3)c(C)c1,CHEMBL3577928,IC50,7.21
694451,FC(F)(F)c1cnc2CCN(Cc2c1)C(=O)C34CCOC3CC(C4)NC5CCOCC5,CHEMBL3671252,IC50,7.21
694461,FC(F)(F)c1cnc2CCN(Cc2c1)C(=O)[C@@]34CCO[C@@H]3C[C@H](C4)NC5CCOCC5,CHEMBL3263279,IC50,7.21
694472,O[C@@]1(CC[C@H](CC1)N2CC(C2)NC(=O)CNC(=O)c3cccc(c3)C(F)(F)F)c4nccs4,CHEMBL2204259,IC50,7.21
694483,COC[C@@H]1C[C@@H](CC[C@@H]1NC(=O)CNC(=O)c2cccc(c2)C(F)(F)F)N(C)C(C)C,CHEMBL3577936,IC50,7.22
694495,CO[C@H]1COCC[C@H]1N[C@@H]2C[C@H]3CCC[C@]3(C2)C(=O)N4CCc5ncc(cc5C4)C(F)(F)F,CHEMBL2313765,IC50,7.22
694506,Cc1ccc(CNC[C@H](NC(=O)CNC(=O)c2cccc(c2)C(F)(F)F)C(=O)NCC3CC3)c(C)c1,CHEMBL246399,IC50,7.22
694517,FC(F)(F)c1cccc(c1)C(=O)NCC(=O)NC2CN(C2)[C@@H]3CC[C@H](CC3)c4ccc(cc4)N5CCCC5,CHEMBL1829616,IC50,7.22
694528,CCc1ccc(CN2CC[C@H](C2)NC(=O)CNC(=O)c3cccc(c3)C(F)(F)F)cc1,CHEMBL405633,IC50,7.23
694539,COC1COCCC1N[C@@H]2C[C@H]3C[C@H](O)C[C@]3(C2)C(=O)N4CCc5ncc(cc5C4)C(F)(F)F,CHEMBL2313778,IC50,7.23
694550,COC1COCCC1N[C@@H]2C[C@H]3OC(C)(C)C[C@]3(C2)C(=O)N4CCc5ncc(cc5C4)C(F)(F)F,CHEMBL3263257,IC50,7.23
694561,Cc1ccc2NC(=O)OC3(CCN(CCc4nc(oc4C)c5ccccc5)CC3)c2c1,CHEMBL134074,Ki,7.23
694572,N[C@@H]1CC[C@@H](C[C@@H]1CS(=O)(=O)c2ccccc2)NC(=O)CNC(=O)c3cccc(c3)C(F)(F)F,CHEMBL1946831,IC50,7.23
694583,Brc1ccc(NC(=O)N2CCN(C[C@@H]3CCCN(C3)C4CC4)CC2)cc1,CHEMBL2036764,IC50,7.24
694594,CC(C)c1ncc(s1)[C@@]2(O)CC[C@H](CC2)N3CC(C3)NC(=O)CNC(=O)c4cccc(c4)C(F)(F)F,CHEMBL2204265,IC50,7.24
694604,CCOC(=O)c1cccc(NC(=O)N2CCC(CC2)C(NC3CCC(CC3)c4c[nH]c5ccccc45)C(=O)N)c1,CHEMBL3681880,IC50,7.24
694614,COC1COCCC1N[C@@H]2C[C@H]3CN(C[C@]3(C2)C(=O)N4CCc5ncc(cc5C4)C(F)(F)F)C(=O)NCc6ccccc6,CHEMBL3115099,IC50,7.24
694625,COC1COCCC1N[C@@H]2C[C@H]3C[C@@H](O)C[C@]3(C2)C(=O)N4CCc5ncc(cc5C4)C(F)(F)F,CHEMBL2313779,IC50,7.24
694636,CC(C)[C@@]1(CC[C@H](C1)NC2CCCOC2)C(=O)NCc3cc(cc(c3)C(F)(F)F)C(F)(F)F,CHEMBL494770,IC50,7.25
694648,CC(C)[C@@]1(CC[C@H](C1)NC2CCOCC2)C(=O)NCc3cc(cc(c3)C(F)(F)F)C(F)(F)F,CHEMBL495368,IC50,7.25
694658,CCOC(=O)[C@@H]1CC[C@@H](CC1)N2CC(C2)NC(=O)CNc3nn(C(=O)N)c4ccc(cc34)C(F)(F)F,CHEMBL1834781,IC50,7.25
694669,COc1cccc(n1)[C@@]2(O)CC[C@H](CC2)N3CC(C3)NC(=O)CNc4ncnc5ccc(cc45)C(F)(F)F,CHEMBL2315928,IC50,7.25
694680,CSc1ccc(cc1)S(=O)(=O)C[C@@H]2C[C@@H](CC[C@@H]2N3CCC(C)(NC(=O)c4cccc(c4)C(F)(F)F)C3=O)N(C)C(C)C,CHEMBL1093319,IC50,7.25
694691,Cn1nc(NCC(=O)NC2CN(C2)[C@@H]3CC[C@@H](CC3)c4cccnc4)c5cc(ccc15)C(F)(F)F,CHEMBL1834789,IC50,7.25
694702,OC(=O)c1cc2cc(F)ccc2n1Cc3ccc(Cl)c(Cl)c3,CHEMBL424638,IC50,7.25
694713,CC(C)(C)NC(=O)n1nc(NCC(=O)NC2CN(C2)[C@@H]3CC[C@@H](CC3)c4ccc5OCOc5c4)c6cc(ccc16)C(F)(F)F,CHEMBL1834717,IC50,7.26
694724,CC(C)[C@@]1(CC[C@H](C1)NC2CCc3cc(ccc23)c4cccc(c4)C#N)C(=O)N5CCc6ccc(cc6C5)C(F)(F)F,CHEMBL3417220,Ki,7.26
694734,CO[C@@H]1COCC[C@H]1N[C@@H]2C[C@H]3CCC[C@]3(C2)C(=O)N4C[C@@H]5C[C@H]4CN5c6cc(ccn6)C(F)(F)F,CHEMBL3650346,IC50,7.26
694744,Cc1ccc(CNC[C@H](NC(=O)CNC(=O)c2cccc(c2)C(F)(F)F)C(=O)NCC(F)(F)F)c(C)c1,CHEMBL247209,IC50,7.26
694755,CCCN[C@@H]1CC[C@@H](C[C@@H]1CS(=O)(=O)c2ccccc2)NC(=O)CNC(=O)c3cccc(c3)C(F)(F)F,CHEMBL1947043,IC50,7.27
694766,Cc1ccc(CN2CC[C@H](C2)NC(=O)CNC(=O)c3cccc(c3)C(F)(F)F)c(C)c1,CHEMBL337246,IC50,7.27
694777,CCCCC(CCCN(CC)CC)NC(=O)CCOc1cc(nn1c2ccc3ccccc3c2)c4cc(Cl)cc(Cl)c4,CHEMBL396622,IC50,7.28
694788,CCOC(=O)[C@@H]1CC[C@@H](CC1)N2CC(C2)NC(=O)CNc3nn(CC=C)c4ccc(cc34)C(F)(F)F,CHEMBL1834779,IC50,7.28
694799,CO[C@@H]1COCC[C@@H]1N[C@@H]2CC[C@@](CC(C)C)(C2)C(=O)N3CCN(CC3)c4cc(ccn4)C(F)(F)F,CHEMBL1683079,IC50,7.28
694810,CO[C@@H]1COCC[C@@H]1N[C@@H]2C[C@H]3CCC[C@]3(C2)C(=O)N4CCc5ncc(cc5C4)C(F)(F)F,CHEMBL2313764,IC50,7.28
694821,COc1ccc(CN2CC[C@H](C2)NC(=O)CNC(=O)c3cc(ccc3N)C(F)(F)F)cc1O,CHEMBL404269,IC50,7.28
694832,CSc1ccc(cc1)S(=O)(=O)C[C@@H]2C[C@@H](CC[C@@H]2NC(=O)Cc3nc4ccc(cc4[nH]3)C(F)(F)F)N(C)C(C)C,CHEMBL2088209,IC50,7.28
694843,Clc1ccc(NC(=O)N2CCN(C[C@@H]3CCCN(CC4CC4)C3)CC2)cc1Cl,CHEMBL2036754,IC50,7.28
694854,Oc1cnccc1[C@@H]2CC[C@H](CC2)N3CC(C3)NC(=O)CNC(=O)c4cccc(c4)C(F)(F)F,CHEMBL1829625,IC50,7.28
694865,CC(C)N(C)[C@@H]1CC[C@H](NC(=O)Cc2nc3cccc(c3[nH]2)C(F)(F)F)[C@H](CS(=O)(=O)c4ccc(cc4)c5cccs5)C1,CHEMBL2088384,IC50,7.29
694878,CC(C)[C@@]1(CC[C@H](C1)NC2CCOCC2F)C(=O)NCc3cc(cc(c3)C(F)(F)F)C(F)(F)F,CHEMBL492564,IC50,7.29
694888,CC(C)[C@@]1(CC[C@H](C1)NC2CCOCC2O)C(=O)NCc3cc(cc(c3)C(F)(F)F)C(F)(F)F,CHEMBL494542,IC50,7.29
694899,CCCN(C(C)C)[C@@H]1CC[C@@H]([C@H](CS(=O)(=O)c2ccccc2)C1)N3CC[C@H](NC(=O)c4cccc(c4)C(F)(F)F)C3=O,CHEMBL1093318,IC50,7.29
694910,Cc1cccc(n1)[C@@]2(O)CC[C@H](CC2)N[C@H]3CCN(C3)C(=O)CNC(=O)c4cccc(c4)C(F)(F)F,CHEMBL2029416,IC50,7.29
694920,FC(F)(F)c1ccc(C#N)c(c1)N2C[C@@H]3C[C@H]2CN3C(=O)[C@@]45CCC[C@@H]4C[C@H](C5)N6CCC(CC6)c7ccccc7,CHEMBL3650393,IC50,7.29
694930,CC(C)Oc1ccc(cn1)[C@@]2(O)CC[C@H](CC2)N3CC(C3)NC(=O)CNC(=O)c4cccc(c4)C(F)(F)F,CHEMBL2204251,IC50,7.3
694941,CC(C)[C@@]1(CC[C@H](C1)N2CCC(CC2)c3cccnn3)C(=O)NCc4cc(cc(c4)C(F)(F)F)C(F)(F)F,CHEMBL257160,IC50,7.3
694952,COC(=O)c1ccc2[nH]cc(C3CCN(CC3)C(CO)C4CCN(CC4)C(=O)Nc5ccc(Cl)c(Cl)c5)c2c1,CHEMBL402801,IC50,7.3
694963,COc1ccc2c(c[nH]c2c1)C3CCN(CC3)C(CO)C4CCN(CC4)C(=O)\C=C\c5cc(F)c(F)c(F)c5,CHEMBL401744,IC50,7.3
694974,CSc1ccc(cc1)C(=O)N[C@@H]2CCCC[C@@H]2NC(=O)CNC(=O)c3cc(ccc3NC(=O)OC(C)(C)C)C(F)(F)F,CHEMBL1092433,IC50,7.3
694985,Clc1ccc(Cn2ccnn2)c(NS(=O)(=O)c3ccc(Cl)s3)c1,CHEMBL2207093,Ki,7.3
694996,FC(F)(F)c1cccc(c1)S(=O)(=O)Nc2cc(Cl)ccc2Cn3ccnn3,CHEMBL2207091,Ki,7.3
695007,Fc1ccc(NC(=O)N2CCN(C[C@@H]3CCCN(C3)C4CC4)CC2)cc1Cl,CHEMBL2036759,IC50,7.3
695018,OC(=O)C(C1CCN(CC1)C(=O)\C=C\c2cc(F)c(F)c(F)c2)N3CCC(CC3)c4c[nH]c5ccc(F)cc45,CHEMBL237805,IC50,7.3
695029,O[C@@]1(CC[C@H](CC1)N2CC(C2)NC(=O)CNc3cc(nc4ccc(cc34)C(F)(F)F)C(F)(F)F)c5cncs5,CHEMBL2315939,IC50,7.3
695040,CC(C)(C)Oc1ccc(cn1)[C@@]2(O)CC[C@H](CC2)N3CC(C3)NC(=O)CNC(=O)c4cccc(c4)C(F)(F)F,CHEMBL2204252,IC50,7.31
695051,CCC[C@H](O)[C@H](CNCc1ccc(C)cc1C)NC(=O)Cc2nc3c(cccc3[nH]2)C(F)(F)F,CHEMBL2018534,IC50,7.31
695062,COc1ccc(OC)c2C(CCc12)N[C@@H]3CC[C@](C3)(C(C)C)C(=O)N4CCc5ccc(cc5C4)C(F)(F)F,CHEMBL3417216,Ki,7.31
695073,CC(O)C(CCN1CC[C@@]2(C=Cc3ccccc23)[C@@H](C)C1)C(=O)NCc4cc(cc(c4)C(F)(F)F)C(F)(F)F,CHEMBL214825,IC50,7.32
695083,CO[C@@H]1COCC[C@@H]1N(C)[C@@H]2C[C@H]3CCC[C@]3(C2)C(=O)N4C[C@@H]5C[C@H]4CN5c6cc(ccc6C#N)C(F)(F)F,CHEMBL3650398,IC50,7.32
695093,Cc1ccc(CNC[C@H](NC(=O)CNC(=O)c2cccc(c2)C(F)(F)F)C(=O)NC(C)(C)C)c(C)c1,CHEMBL400196,IC50,7.32
695104,CC(C)[C@H](CCN1CCC2(CC1)C=Cc3ccccc23)C(=O)NCc4cc(cc(c4)C(F)(F)F)C(F)(F)F,CHEMBL215093,IC50,7.33
695115,CCCCO[C@H]1CN(C[C@@H]1NC(=O)CNC(=O)c2cccc(c2)C(F)(F)F)[C@@H]3CC[C@@H](CC3)c4ccccc4,CHEMBL1290754,IC50,7.33
695126,COC[C@H]1COCC[C@H]1N[C@@H]2CC[C@](C2)(C(C)C)C(=O)N3CCN(CC3)c4cccc(c4)C(F)(F)F,CHEMBL1683072,IC50,7.33
695137,COc1ccc(CNC[C@H](NC(=O)CNC(=O)c2cccc(c2)C(F)(F)F)C(=O)NC(C)(C)C)c(C)c1,CHEMBL246406,IC50,7.33
695148,C[C@@]1(CC[C@H](C1)N2CCC3(CC2)C=Cc4ccccc34)C(=O)NCc5cc(cc(c5)C(F)(F)F)C(F)(F)F,CHEMBL388380,IC50,7.33
695159,CC(C)N(C)[C@@H]1CC[C@H](NC(=O)Cc2nc3cccc(c3[nH]2)C(F)(F)F)[C@H](CS(=O)(=O)c4ccc(Cc5ccccc5)cc4)C1,CHEMBL2088385,IC50,7.34
695170,CC(C)[C@@]1(CC[C@H](C1)NC2CCOCC2)C(=O)N3CCC(=CC3)c4cccc(c4)C(F)(F)F,CHEMBL1683054,IC50,7.34
695180,CCO[C@@H]1COCC[C@@H]1N[C@@H]2CC[C@](C2)(C(C)C)C(=O)N3CCN(CC3)c4cccc(c4)C(F)(F)F,CHEMBL1683069,IC50,7.34
695190,CC[C@@H]1COCC[C@H]1N[C@@H]2C[C@H]3CCC[C@]3(C2)C(=O)N4C[C@@H]5C[C@H]4CN5c6cc(ccn6)C(F)(F)F,CHEMBL3650410,IC50,7.34
695200,CC[C@H]1COCC[C@@H]1N[C@@H]2CC[C@](C2)(C(C)C)C(=O)N3CCN(CC3)c4cccc(c4)C(F)(F)F,CHEMBL1683065,IC50,7.34
695210,CO[C@@H]1COCC[C@@H]1N(C)[C@@H]2C[C@H]3CCC[C@]3(C2)C(=O)N4C[C@@H]5C[C@H]4CN5c6ccc(C#N)c(c6)C(F)(F)F,CHEMBL3650401,IC50,7.34
695220,CSc1ccc(cc1)S(=O)(=O)C[C@@H]2CCCC[C@@H]2NC(=O)CNC(=O)c3cc(ccc3NC(=O)OC(C)(C)C)C(F)(F)F,CHEMBL500786,IC50,7.34
695231,CC(C)(O)[C@@]1(CC[C@H](C1)N2CCC(CC2)c3cccc(c3)C(=O)O)C(=O)NCc4cc(cc(c4)C(F)(F)F)C(F)(F)F,CHEMBL402624,IC50,7.35
695242,CC1CN(CC[C@H](C(=O)NCc2cc(cc(c2)C(F)(F)F)C(F)(F)F)c3ccc(F)cc3)CCC14C=Cc5ccccc45,CHEMBL385824,IC50,7.35
695253,COC1COCCC1N[C@@H]2C[C@H]3CN(C[C@]3(C2)C(=O)N4CCc5ncc(cc5C4)C(F)(F)F)C(=O)OCCNC(=O)C,CHEMBL3115109,IC50,7.35
695264,COC1COCCC1N[C@@H]2C[C@H]3C[C@@H](Cl)C[C@]3(C2)C(=O)N4CCc5ncc(cc5C4)C(F)(F)F,CHEMBL2313773,IC50,7.35
695275,CSc1ccc(cc1)S(=O)(=O)C[C@@H]2CCCC[C@@H]2NC(=O)CNC(=O)c3cc(ccc3NC(=O)NC4CCCC4)C(F)(F)F,CHEMBL451597,IC50,7.35
695286,Cc1ccc(cn1)[C@@]2(O)CC[C@H](CC2)N3CC(C3)NC(=O)CNC(=O)c4cccc(c4)C(F)(F)F,CHEMBL2204243,IC50,7.35
695297,FC(F)(F)c1cccc(c1)C(=O)NCC(=O)NC2CN(C2)[C@@H]3CC[C@H](CC3)c4cccnc4,CHEMBL1829618,IC50,7.35
695308,Nc1ccc(cc1C(=O)NCC(=O)N[C@@H]2CCN(Cc3ccc(Cl)cc3)C2)C(F)(F)F,CHEMBL404259,IC50,7.35
695319,CC(C)[C@@]1(CC[C@H](C1)N2CCC(CC2)c3ccncn3)C(=O)NCc4cc(cc(c4)C(F)(F)F)C(F)(F)F,CHEMBL256954,IC50,7.36
695330,CCCC(CCCN(CC)CC)NC(=O)CCOc1cc(nn1c2ccc3ccccc3c2)c4cc(Cl)cc(Cl)c4,CHEMBL239143,IC50,7.36
695340,CO[C@@H]1COCC[C@@H]1N(C)[C@@H]2C[C@H]3CCC[C@]3(C2)C(=O)N4C[C@@H]5C[C@H]4CN5c6ccc(Cl)c(c6)C(F)(F)F,CHEMBL3650396,IC50,7.36
695350,COc1ccc(cn1)[C@@]2(O)CC[C@H](CC2)N3CC(C3)NC(=O)CNC(=O)c4cccc(c4)C(F)(F)F,CHEMBL2204244,IC50,7.36
695361,Cn1nc(NCC(=O)NC2CN(C2)[C@@H]3CC[C@H](CO)CC3)c4cc(ccc14)C(F)(F)F,CHEMBL1834643,IC50,7.36
695372,FC(F)(F)c1cccc(c1)C(=O)NCC(=O)NC2CN(C2)[C@@H]3CC[C@H](CC3)c4cnccn4,CHEMBL1829622,IC50,7.36
695383,CCC[C@H](O)[C@H](CNCc1ccc(C)cc1C)NC(=O)CC(=O)Nc2cc(ccc2N)C(F)(F)F,CHEMBL2018398,IC50,7.37
695394,COC(=O)[C@H](CCCNC(=N)N)NC(=O)CCNCc1cc(nn1c2ccc3ccccc3c2)c4cc(Cl)cc(Cl)c4,CHEMBL1210728,IC50,7.37
695405,COC(=O)[C@H](CCCNC(=N)N)NC(=O)CCNc1cc(nn1c2ccc3ccccc3c2)c4cc(Cl)cc(Cl)c4,CHEMBL238731,IC50,7.37
695415,CO[C@@H]1COCC[C@@H]1N[C@@H]2C[C@H]3CCC[C@]3(C2)C(=O)N4C[C@@H]5C[C@H]4CN5c6cc(ccc6F)C(F)(F)F,CHEMBL3650359,IC50,7.37
695425,Nc1cccnc1[C@@H]2CC[C@H](CC2)N3CC(C3)NC(=O)CNC(=O)c4cccc(c4)C(F)(F)F,CHEMBL1829626,IC50,7.37
695436,CC(=O)Nc1nc(cs1)[C@@H](CCN2CCC(CC2)c3ccccc3)C(=O)NCc4cc(cc(c4)C(F)(F)F)C(F)(F)F,CHEMBL388949,IC50,7.38
695450,CC(C)[C@@]1(CC[C@H](C1)NC2CCOCC2C)C(=O)NCc3cc(cc(c3)C(F)(F)F)C(F)(F)F,CHEMBL494191,IC50,7.38
695461,CCC[C@H](CCN1CCC(CC1)c2ccccc2)C(=O)NCc3cc(cc(c3)C(F)(F)F)C(F)(F)F,CHEMBL214641,IC50,7.38
695471,CO[C@@H]1COCC[C@@H]1N[C@@H]2C[C@H]3CCC[C@]3(C2)C(=O)N4C[C@@H]5C[C@H]4CN5c6ccc(Cl)c(Cl)c6,CHEMBL3650385,IC50,7.38
695481,CSc1ccc(cc1)S(=O)(=O)C[C@@H]2C[C@@H](CC[C@@H]2NC(=O)CNC(=O)c3cccc(c3)C(F)(F)F)NS(=O)(=O)C,CHEMBL526180,IC50,7.38
695492,Nc1ccc(cc1C(=O)NCC(=O)N[C@@H]2CCN(Cc3ccc(O)cc3)C2)C(F)(F)F,CHEMBL257064,IC50,7.38
695503,CC(C)[C@@]1(CC[C@H](C1)NC2C3CCCC2COC3)C(=O)N4CCN(CC4)c5cc(cnn5)C(F)(F)F,CHEMBL1782379,IC50,7.39
695514,CCC(O)(CC)[C@H](CNCc1ccc(C)cc1C)NC(=O)CNC(=O)c2cc(ccc2N)C(F)(F)F,CHEMBL2018379,IC50,7.39
695525,CCC[C@@]1(CC[C@H](C1)N[C@H]2CCOC[C@H]2OC)C(=O)N3CCN(CC3)c4cc(ccn4)C(F)(F)F,CHEMBL1683078,IC50,7.39
695536,COc1cncc(c1)c2ccc3C(CCc3c2)N[C@@H]4CC[C@](C4)(C(C)C)C(=O)N5CCc6ccc(cc6C5)C(F)(F)F,CHEMBL3417226,Ki,7.39
695547,COc1sc(NC(=O)N2CCN(CC2)C(=O)[C@H]3CN(CCN3)C(C)(C)C)nc1C,CHEMBL3769934,IC50,7.39
695557,CSc1ncc(s1)[C@@]2(O)CC[C@H](CC2)N3CC(C3)NC(=O)CNC(=O)c4cccc(c4)C(F)(F)F,CHEMBL2204267,IC50,7.39
695568,CC(C)[C@@]1(CC[C@H](C1)NC2CCOCC2F)C(=O)N3C[C@@H]4C[C@H]3CN4C(=O)CC(C)(C)C,CHEMBL1684703,IC50,7.4
695579,CCC[C@H](O)[C@H](CNCc1ccc(C)cc1C)NC(=O)CC(=O)Nc2cc(NC(=O)NCC)cc(c2)C(F)(F)F,CHEMBL2018528,IC50,7.4
695590,CO[C@@H]1COCC[C@@H]1N[C@@H]2CC[C@@](CCCF)(C2)C(=O)N3CCN(CC3)c4cc(ccn4)C(F)(F)F,CHEMBL1683188,IC50,7.4
695601,C[N+](C)(Cc1ccc(NC(=O)c2ccc(Cl)c(Cl)c2)cc1)C3CCCC3,CHEMBL246520,IC50,7.4
695612,Clc1ccc(Cn2cncn2)c(NS(=O)(=O)c3ccc(Cl)c(Cl)c3)c1,CHEMBL2207083,Ki,7.4
695622,NC(=O)C(NC1CCC(CC1)c2c[nH]c3ccncc23)C4CCN(CC4)C(=O)Nc5ccc(Cl)c(Cl)c5,CHEMBL3681896,IC50,7.4
695632,OCC(C1CCN(CC1)C(=O)Nc2cc(F)cc(F)c2)N3CCC(CC3)c4c[nH]c5ccccc45,CHEMBL255266,IC50,7.4
695643,OCC(C1CCN(CC1)C(=O)\C=C\c2cc(F)c(F)c(F)c2)N3CCC(CC3)c4c[nH]c5ccc(F)cc45,CHEMBL402955,IC50,7.4
695654,O[C@@]1(CC[C@H](CC1)N2CC(C2)NC(=O)CNc3ncnc4ccc(cc34)C(F)(F)F)c5cncs5,CHEMBL2315924,IC50,7.4
695665,Oc1ccc2[nH]cc([C@@H]3C[C@H]4CC[C@@H](C3)N4C[C@@H]5CC[C@@H](CC5)NC(=O)\C=C\c6ccc(Cl)c(Cl)c6)c2c1,CHEMBL71707,Ki,7.4
695676,COc1cc(CN2CC[C@H](C2)NC(=O)CNC(=O)c3cc(ccc3N)C(F)(F)F)ccc1O,CHEMBL255209,IC50,7.41
695687,COc1cccc(c1)c2ccc3C(CCc3c2)N[C@@H]4CC[C@](C4)(C(C)C)C(=O)N5CCc6ccc(cc6C5)C(F)(F)F,CHEMBL3417223,Ki,7.41
695698,FC(F)(F)c1cc(CNC(=O)[C@@H](NCCN2CCCCC2)c3ccsc3)cc(c1)C(F)(F)F,CHEMBL211775,IC50,7.41
695709,FC(F)(F)c1cc(CNC(=O)[C@H](NCCN2CCCCC2)c3ccsc3)cc(c1)C(F)(F)F,CHEMBL2236473,IC50,7.41
695719,O[C@@]1(CC[C@H](CC1)N2CC(C2)NC(=O)CNc3nc(nc4ccc(cc34)C(F)(F)F)C(F)(F)F)c5cncs5,CHEMBL2315938,IC50,7.41
695730,CC(C)[C@@]1(CC[C@H](C1)NC2CCOCC2F)C(=O)N3C[C@@H]4C[C@H]3CN4C(=O)C5CCC5,CHEMBL1684704,IC50,7.42
695741,CCCc1ccc(cc1)S(=O)(=O)C[C@@H]2C[C@@H](CC[C@@H]2NC(=O)Cc3nc4cccc(c4[nH]3)C(F)(F)F)N(C)C(C)C,CHEMBL2088381,IC50,7.42
695752,O[C@@]1(CC[C@H](CC1)N2CC(C2)NC(=O)CNc3nccc4ncc(cc34)C(F)(F)F)c5cncs5,CHEMBL2316211,IC50,7.42
695763,CC(C)[C@@]1(CC[C@H](C1)NC2CCOCC2)C(=O)N3C[C@@H]4C[C@H]3CN4C(=O)CC(C)(C)C,CHEMBL1684684,IC50,7.43
695774,CCN1CCC[C@@H](CN2CCN(CC2)C(=O)Nc3ccc(Cl)c(Cl)c3)C1,CHEMBL2036751,IC50,7.43
695785,COC1COCCC1N[C@@H]2C[C@H]3CN(C[C@]3(C2)C(=O)N4CCc5ncc(cc5C4)C(F)(F)F)\C(=N/C#N)\N,CHEMBL3115100,IC50,7.43
695796,C[C@H](CCN1CCC2(CC1)C=Cc3ccccc23)C(=O)NCc4cc(cc(c4)C(F)(F)F)C(F)(F)F,CHEMBL380190,IC50,7.43
695807,Cc1ccc(CNC[C@H](NC(=O)CNC(=O)c2cccc(c2N)C(F)(F)F)C(=O)N)c(C)c1,CHEMBL398747,IC50,7.43
695818,FC(F)(F)c1cc(CNC(=O)[C@@H](CCN2CCC3(CC2)C=Cc4ccccc34)CC=C)cc(c1)C(F)(F)F,CHEMBL215394,IC50,7.43
695829,FC(F)(F)c1cccc(c1)C(=O)NCC(=O)N[C@H]2CCCC[C@H]2NC(=O)c3ccc(I)cc3,CHEMBL411726,IC50,7.43
695839,FC(F)(F)c1ccnc(c1)N2C[C@@H]3C[C@H]2CN3C(=O)[C@@]45CCC[C@@H]4C[C@H](C5)N6CCC(CC6)c7ccccc7,CHEMBL3650394,IC50,7.43
695849,N[C@@H]1CC[C@H](NC(=O)CNC(=O)c2cccc(c2)C(F)(F)F)[C@H](CS(=O)(=O)c3ccccc3)C1,CHEMBL1946829,IC50,7.43
695860,O[C@@]1(CC[C@H](CC1)N2CC(C2)NC(=O)CNC(=O)c3cccc(c3)C(F)(F)F)c4cncs4,CHEMBL2204263,IC50,7.43
695871,CC(C)[C@@]1(CC[C@H](C1)NC2CCSC2)C(=O)NCc3cc(cc(c3)C(F)(F)F)C(F)(F)F,CHEMBL495165,IC50,7.44
695883,CC(C)[C@@]1(CC[C@H](C1)NC2CCSCC2)C(=O)NCc3cc(cc(c3)C(F)(F)F)C(F)(F)F,CHEMBL521697,IC50,7.44
695893,CCc1ccc(CNC[C@H](NC(=O)CNC(=O)c2cccc(c2)C(F)(F)F)C(=O)NC(C)(C)C)c(C)c1,CHEMBL246407,IC50,7.44
695904,CN(C)c1ccc(CNC[C@H](NC(=O)CNC(=O)c2cccc(c2)C(F)(F)F)C(=O)NC(C)(C)C)c(C)c1,CHEMBL402056,IC50,7.44
695914,COC[C@@H]1COCC[C@@H]1N[C@@H]2CC[C@](C2)(C(C)C)C(=O)N3CCN(CC3)c4cccc(c4)C(F)(F)F,CHEMBL1683071,IC50,7.44
695925,CS(=O)(=O)Nc1nc(cs1)C(CCN2CCC(CC2)c3ccccc3)C(=O)NCc4cc(cc(c4)C(F)(F)F)C(F)(F)F,CHEMBL230824,IC50,7.44
695936,C[C@H]1CN(CCC(C(=O)NCc2cc(cc(c2)C(F)(F)F)C(F)(F)F)c3csc(NC(=O)C4Cc5ccccc45)n3)CC[C@]16C=Cc7ccccc67,CHEMBL397717,IC50,7.44
695947,FC(F)(F)c1cc(CNC(=O)[C@H]2CC[C@H](C2)N3CCC(CC3)c4ccccc4)cc(c1)C(F)(F)F,CHEMBL226376,IC50,7.44
695958,FC(F)(F)c1ccc2onc(NCC(=O)NC3CN(C3)[C@@H]4CC[C@@H](CC4)c5ccc6OCOc6c5)c2c1,CHEMBL1834651,IC50,7.44
695969,Nc1cnccc1[C@@H]2CC[C@@H](CC2)N3CC(C3)NC(=O)CNc4ncnc5ccc(cc45)C(F)(F)F,CHEMBL2315929,IC50,7.44
695980,O[C@@]1(CC[C@@H](CC1)N2CC(C2)NC(=O)CNC(=O)c3cccc(c3)C(F)(F)F)c4ccccc4,CHEMBL1829628,IC50,7.44
695991,O[C@@]1(CC[C@H](CC1)N2CC(C2)NC(=O)CNC(=O)c3cccc(c3)C(F)(F)F)c4ccns4,CHEMBL2204260,IC50,7.44
696002,COC1COCCC1N[C@@H]2C[C@H]3CN(C[C@]3(C2)C(=O)N4CCc5ncc(cc5C4)C(F)(F)F)C(=O)OCC(C)C,CHEMBL3115105,IC50,7.46
696012,CO[C@@H]1COCC[C@@H]1N[C@@H]2C[C@H]3CCC[C@]3(C2)C(=O)N4C[C@@H]5C[C@H]4CN5c6ccc(F)c(c6)C(F)(F)F,CHEMBL3650360,IC50,7.46
696022,FC(F)(F)c1cc(NC(=O)N2CCN(C[C@@H]3CCCN(C3)C4CC4)CC2)ccc1Cl,CHEMBL2036761,IC50,7.46
696033,FC(F)(F)c1cccc(c1)C(=O)NCC(=O)N2CC[C@@H](C2)N[C@@H]3CC[C@@H](CC3)c4ccccc4,CHEMBL2029407,IC50,7.46
696044,FC(F)(F)c1cccc(c1)C(=O)NCC(=O)NC2CN(C2)[C@@H]3CC[C@H](CC3)c4ccccc4,CHEMBL1829609,IC50,7.46
696055,OC(=O)c1cccc(c1)C2CCN(CC2)[C@@H]3C[C@H]4OCC[C@]4(C3)C(=O)N5COc6ccc(cc6C5)C(F)(F)F,CHEMBL3263285,IC50,7.46
696066,CC(C)N(C)[C@@H]1CC[C@@H](C[C@@H]1CS(=O)(=O)c2ccccc2)NC(=O)CNC(=O)c3cc(ccc3NC(=O)N4CCC4)C(F)(F)F,CHEMBL1944779,IC50,7.47
696077,CCOC[C@@]1(CC[C@H](C1)N[C@H]2CCOC[C@H]2OC)C(=O)N3CCN(CC3)c4cc(ccn4)C(F)(F)F,CHEMBL1683082,IC50,7.47
696088,COC1COCCC1N[C@@H]2C[C@H]3CCC[C@]3(C2)C(=O)N4CCc5ccc(cc5C4)C(F)(F)F,CHEMBL2314054,IC50,7.47
696099,FC(F)(F)c1cccc(c1)C(=O)NCC(=O)N[C@H]2CC[C@@H](NC3CCC3)[C@@H](CS(=O)(=O)c4ccccc4)C2,CHEMBL1947044,IC50,7.47
696110,COC1COCCC1N[C@@H]2C[C@H]3CN(C[C@]3(C2)C(=O)N4CCc5ncc(cc5C4)C(F)(F)F)C(=O)OCCN6CCCC6,CHEMBL3115110,IC50,7.48
696121,COC1COCCC1N[C@@H]2C[C@H]3CN(C[C@]3(C2)C(=O)N4CCc5ncc(cc5C4)C(F)(F)F)C(=O)\C=C\c6ccccc6,CHEMBL3115272,IC50,7.48
696131,CO[C@@H]1COCC[C@H]1N[C@@H]2C[C@H]3CCC[C@]3(C2)C(=O)N4C[C@@H]5C[C@H]4CN5c6cc(cnn6)C(F)(F)F,CHEMBL3650351,IC50,7.48
696141,CC(=O)Nc1nc(cs1)C(CCN2CCN(CC2)c3ccc(F)cc3)C(=O)NCc4cc(cc(c4)C(F)(F)F)C(F)(F)F,CHEMBL230791,IC50,7.49
696152,CN(C)C1CCC(NC(=O)CNC(=O)c2cccc(c2)C(F)(F)F)C(C1)NCc3cccc(c3)C(F)(F)F,CHEMBL480620,IC50,7.49
696163,CC(C)[C@@]1(CC[C@H](C1)NC2CCOCC2)C(=O)N3C[C@@H]4C[C@H]3CN4C(=O)C5CCC5,CHEMBL1684690,IC50,7.5
696174,CC[C@@]1(CC[C@H](C1)N[C@H]2CCOC[C@H]2OC)C(=O)N3CCN(CC3)c4cc(ccn4)C(F)(F)F,CHEMBL1683077,IC50,7.5
696185,COC1COCCC1N[C@@H]2C[C@H]3CN(C[C@]3(C2)C(=O)N4CCc5ncc(cc5C4)C(F)(F)F)C(=O)OCCC6CCOCC6,CHEMBL3115108,IC50,7.5
696196,CO[C@@H]1COCC[C@@H]1N(C)[C@@H]2CC[C@](C2)(C(C)C)C(=O)N3CCN(CC3)c4cc(cnn4)C(F)(F)F,CHEMBL1782378,IC50,7.5
696206,CO[C@@H]1COCC[C@@H]1N[C@@H]2C[C@H]3CCC[C@]3(C2)C(=O)N4C[C@@H]5C[C@H]4CN5c6cc(ccc6C#N)C(F)(F)F,CHEMBL3650373,Ki,7.5
696216,COc1cnccc1[C@@H]2CC[C@H](CC2)N3CC(C3)NC(=O)CNC(=O)c4cccc(c4)C(F)(F)F,CHEMBL1829620,IC50,7.5
696227,C[C@H]1CN(CC[C@]12C=Cc3ccccc23)C4CCC(CC5CCC5)(C4)C(=O)NCc6cc(F)cc(c6)C(F)(F)F,CHEMBL231142,IC50,7.5
696238,Cc1ccc2NC(=O)OC3(CCN(CCc4coc(n4)c5ccc(F)cc5)CC3)c2c1,CHEMBL209263,IC50,7.5
696249,Clc1ccc(Cn2nnnc2C3CC3)c(NS(=O)(=O)c4ccc(Cl)c(Cl)c4)c1,CHEMBL2207080,Ki,7.5
696260,Clc1ccc(NC(=O)N2CCN(CC2)C(=O)[C@H]3CN(CCN3)C4CC4)cc1Cl,CHEMBL2036781,IC50,7.5
696271,Cn1nc(NCC(=O)NC2CN(C2)[C@@H]3CC[C@H](COCC=C)CC3)c4cc(ccc14)C(F)(F)F,CHEMBL1834645,IC50,7.5
696282,Fc1ccc(Cn2ccnn2)c(NS(=O)(=O)c3ccc(Cl)c(Cl)c3)c1,CHEMBL2207097,Ki,7.5
696293,CC(C)[C@@]1(CC[C@H](C1)NC2CCc3c(C)cccc23)C(=O)N4CCc5ccc(cc5C4)C(F)(F)F,CHEMBL3417112,Ki,7.51
696304,CCC[C@@H](O)[C@H](CNCc1ccc(C)cc1C)NC(=O)CNC(=O)c2cccc(c2)C(F)(F)F,CHEMBL2018363,IC50,7.51
696315,CN(C)c1ncc(cn1)[C@@H]2CC[C@H](CC2)N3CC(C3)NC(=O)CNC(=O)c4cccc(c4)C(F)(F)F,CHEMBL1829623,IC50,7.51
696326,FC(F)(F)c1ccc2onc(NCC(=O)NC3CN(C3)[C@@H]4CC[C@@H](CC4)c5cncs5)c2c1,CHEMBL1834853,IC50,7.51
696337,FC(F)(F)c1ccc2onc(NCC(=O)NC3CN(C3)[C@@H]4CC[C@@H](CC4)c5nccs5)c2c1,CHEMBL1834854,IC50,7.51
696348,CC(C)[C@@]1(CC[C@H](C1)NC2CCCOCC2)C(=O)NCc3cc(cc(c3)C(F)(F)F)C(F)(F)F,CHEMBL523054,IC50,7.52
696358,CCN(CC)CCCC(C)NC(=O)CCNc1cc(nn1c2ccc3ccccc3c2)c4cc(Cl)cc(Cl)c4,CHEMBL428559,IC50,7.52
696369,CNC(=O)Nc1nc(cs1)[C@@H](CCN2CCC(CC2)c3ccccc3)C(=O)NCc4cc(cc(c4)C(F)(F)F)C(F)(F)F,CHEMBL398150,IC50,7.52
696380,COC1COCCC1N(C)[C@@H]2C[C@H]3OCC[C@]3(C2)C(=O)N4CCc5ncc(cc5C4)C(F)(F)F,CHEMBL3263280,IC50,7.52
696391,COc1ccc2c(c[nH]c2c1)C3CCN(CC3)C(CO)C4CCN(CC4)C(=O)\C=C\c5ccc(Cl)c(Cl)c5,CHEMBL258204,IC50,7.52
696402,C[N+](C)(Cc1ccc(NC(=O)c2ccc(Cl)c(Cl)c2)cc1)C3CCCCC3,CHEMBL393631,IC50,7.52
696413,FC(F)(F)c1ccc2[nH]nc(NCC(=O)NC3CN(C3)[C@@H]4CC[C@@H](CC4)c5cccnc5)c2c1,CHEMBL1834787,IC50,7.52
696424,CCOC(=O)[C@@H]1CC[C@@H](CC1)N2CC(C2)NC(=O)CNc3noc4ccc(cc34)C(F)(F)F,CHEMBL1834720,IC50,7.54
696435,COC1COCCC1N[C@@H]2C[C@H]3SCC[C@]3(C2)C(=O)N4CCc5ncc(cc5C4)C(F)(F)F,CHEMBL3263261,IC50,7.54
696446,CO[C@@H]1COCC[C@@H]1N[C@@H]2CC[C@](C2)(C(C)C)C(=O)N3CCN(CC3)c4nncc(n4)C(F)(F)F,CHEMBL1782571,IC50,7.54
696457,NC(=O)n1nc(NCC(=O)NC2CN(C2)[C@@H]3CC[C@@H](CC3)c4nccs4)c5cc(ccc15)C(F)(F)F,CHEMBL1834795,IC50,7.54
696468,Nc1nc(cs1)C(CCN2CCC(CC2)n3cnc4ccccc34)C(=O)NCc5cc(cc(c5)C(F)(F)F)C(F)(F)F,CHEMBL229536,IC50,7.54
696479,OC(=O)c1cc2cc(O)ccc2n1Cc3ccc(Cl)c(Cl)c3,CHEMBL376981,Ki,7.54
696490,OCCn1nc(NCC(=O)NC2CN(C2)[C@@H]3CC[C@@H](CC3)c4nccs4)c5cc(ccc15)C(F)(F)F,CHEMBL1834796,IC50,7.54
696506,[Cl-].Cc1ccc(cc1)c2ccc3CCCC(=Cc3c2)C(=O)Nc4ccc(C[N+](C)(C)C5CCOCC5)cc4,CHEMBL41275,Ki,7.54
696517,CC(C)[C@@]1(CC[C@H](C1)NC2CCOC(C)C2)C(=O)NCc3cc(cc(c3)C(F)(F)F)C(F)(F)F,CHEMBL495149,IC50,7.55
696528,CC(C)[C@@]1(CC[C@H](C1)NC2CCOCC2(C)C)C(=O)NCc3cc(cc(c3)C(F)(F)F)C(F)(F)F,CHEMBL492376,IC50,7.55
696538,CC(C)[C@@]1(CC[C@H](C1)NC2CCOCC2F)C(=O)N3C[C@@H]4C[C@H]3CN4C(=O)NC(C)(C)C,CHEMBL1684711,IC50,7.55
696549,CC(C)[C@@]1(CC[C@H](C1)N[C@H]2CCOC[C@@H]2C)C(=O)N3CCN(CC3)c4cccc(c4)C(F)(F)F,CHEMBL1683061,IC50,7.55
696560,CCC[C@H](O)[C@H](CNCc1ccc(C)cc1C)NC(=O)CC(=O)Nc2cccc(c2)C(F)(F)F,CHEMBL2018397,IC50,7.55
696570,CC[C@@H]1COCC[C@@H]1N[C@@H]2C[C@H]3CCC[C@]3(C2)C(=O)N4C[C@@H]5C[C@H]4CN5c6cc(ccn6)C(F)(F)F,CHEMBL3650409,IC50,7.55
696580,CO[C@@H]1COCC[C@@H]1N[C@@H]2CC[C@](C2)(C(C)C)C(=O)N3CCN(CC3)c4nc(cs4)C(F)(F)F,CHEMBL1782574,IC50,7.55
696591,CS[C@@]1(CC[C@H](C1)N2CC[C@]3(C=Cc4ccccc34)[C@@H](C)C2)C(=O)NCc5cc(cc(c5)C(F)(F)F)C(F)(F)F,CHEMBL388675,IC50,7.55
696602,CSc1ccc(cc1)C(=O)NC2CCNCC2NC(=O)CNC(=O)c3cc(ccc3N)C(F)(F)F,CHEMBL481790,IC50,7.55
696613,C[C@H]1CN(CC[C@@H](C2CCC2)C(=O)NCc3cc(cc(c3)C(F)(F)F)C(F)(F)F)CC[C@@]14C=Cc5ccccc45,CHEMBL378195,IC50,7.55
696624,Cc1ccc(CNC[C@H](NC(=O)CNC(=O)c2cc(OC(F)(F)F)ccc2N)C(=O)NC(C)(C)C)c(C)c1,CHEMBL247622,IC50,7.55
696635,Cn1nc(NCC(=O)NC2CN(C2)[C@@H]3CC[C@@H](CC3)c4cncs4)c5cc(ccc15)C(F)(F)F,CHEMBL1834793,IC50,7.55
696646,CCNC(=O)Nc1ccc(cc1C(=O)NCC(=O)N[C@H]2CCCC[C@H]2CS(=O)(=O)c3ccc(SC)cc3)C(F)(F)F,CHEMBL502515,IC50,7.56
696657,CCCC(O)(CCC)[C@H](CNCc1ccc(C)cc1C)NC(=O)CNC(=O)c2cc(ccc2N)C(F)(F)F,CHEMBL2018382,IC50,7.57
696668,CCCCCCC1(CCC(C1)N2CC[C@]3(C=Cc4ccccc34)[C@@H](C)C2)C(=O)NCc5cc(F)cc(c5)C(F)(F)F,CHEMBL231143,IC50,7.57
696679,CCN[C@@H]1CC[C@@H](C[C@@H]1CS(=O)(=O)c2ccccc2)NC(=O)CNC(=O)c3cccc(c3)C(F)(F)F,CHEMBL1947042,IC50,7.57
696690,CCOC(=O)[C@@H]1CC[C@@H](CC1)N2CC(C2)NC(=O)CNc3n[nH]c4ccc(cc34)C(F)(F)F,CHEMBL1834719,IC50,7.57
696701,CCOC[C@@H]1CC[C@@H](CC1)N2CC(C2)NC(=O)CNc3nn(C)c4ccc(cc34)C(F)(F)F,CHEMBL1834644,IC50,7.57
696712,COC1COCCC1N[C@@H]2C[C@H]3OCC[C@]3(C2)C(=O)N4CCc5ncc(OC(F)(F)F)cc5C4,CHEMBL3263271,IC50,7.57
696723,Cc1ccc(NC(=O)N2CCN(C[C@@H]3CCCN(C3)C4CC4)CC2)cc1Cl,CHEMBL2036762,IC50,7.57
696734,Cc1ncc(s1)[C@@]2(O)CC[C@H](CC2)N3CC(C3)NC(=O)CNc4ncnc5ccc(cc45)C(F)(F)F,CHEMBL2315925,IC50,7.57
696745,FC(F)(F)c1cccc(c1)C(=O)NCC(=O)NC2CN(C2)[C@@H]3CC[C@H](CC3)c4ccc5[nH]cnc5c4,CHEMBL1829617,IC50,7.57
696756,O[C@@]1(CC[C@H](CC1)N2CC(C2)NC(=O)CNC(=O)c3cccc(c3)C(F)(F)F)c4ccc(OC5CCC5)nc4,CHEMBL2204253,IC50,7.57
696767,CSc1ccc(cc1)S(=O)(=O)C[C@@H]2CCCC[C@@H]2NC(=O)CNC(=O)c3cc(ccc3NC(=O)NC(C)C)C(F)(F)F,CHEMBL442929,IC50,7.58
696778,CC(C)N1CCN[C@@H](CN2CCN(CC2)C(=O)Nc3ccc(Cl)c(Cl)c3)C1,CHEMBL2036777,IC50,7.59
696789,CO[C@@H]1COCC[C@@H]1N[C@@H]2CC[C@](C2)(C(C)C)C(=O)N3CCN(CC3)c4ccnc(n4)C(F)(F)F,CHEMBL1782569,IC50,7.59
696800,CCC[C@@H]1C[C@@H](CC[C@@H]1NC(=O)CNC(=O)c2cccc(c2)C(F)(F)F)N(C)C(C)C,CHEMBL3577935,IC50,7.6
696811,CN(C)CCS[C@H](C(=O)NCc1cc(cc(c1)C(F)(F)F)C(F)(F)F)c2ccccc2,CHEMBL208685,IC50,7.6
696822,COc1cc(ccn1)[C@@H]2CC[C@H](CC2)N3CC(C3)NC(=O)CNC(=O)c4cccc(c4)C(F)(F)F,CHEMBL1829621,IC50,7.6
696833,C[C@H]1CN(CC[C@H](CC2CC2)C(=O)NCc3cc(cc(c3)C(F)(F)F)C(F)(F)F)CC[C@@]14C=Cc5ccccc45,CHEMBL215020,IC50,7.6
696844,Clc1ccc(Cn2ccnn2)c(NS(=O)(=O)c3cc(Cl)c(Cl)s3)c1,CHEMBL2207094,Ki,7.6
696855,Cn1nnnc1Cc2ncc(Cl)cc2NS(=O)(=O)c3ccc(Cl)c(Cl)c3,CHEMBL2207099,Ki,7.6
696865,NC(=O)C(NC1CCC(CC1)c2c[nH]c3ccccc23)C4CCN(CC4)C(=O)\C=C\c5cc(F)c(F)c(F)c5,CHEMBL1922789,IC50,7.6
696874,NC(=O)C(NC1CCC(CC1)c2c[nH]c3cccnc23)C4CCN(CC4)C(=O)\C=C\c5cc(F)c(F)c(F)c5,CHEMBL1922797,IC50,7.6
696884,OC(=O)C(C1CCN(CC1)C(=O)Nc2ccc(Cl)c(Cl)c2)N3CCC(CC3)c4c[nH]c5ccccc45,CHEMBL442085,IC50,7.6
696895,O[C@@]1(CC[C@@H](CC1)N2CC(C2)NC(=O)CNC(=O)c3cccc(c3)C(F)(F)F)c4ccc5CCOc5c4,CHEMBL1829634,IC50,7.6
696906,CC(C)(O)[C@@]1(CC[C@H](C1)N2CCC(CC2)c3cc(Cl)ncn3)C(=O)NCc4cc(cc(c4)C(F)(F)F)C(F)(F)F,CHEMBL401608,IC50,7.62
696917,CC(C)[C@@]1(CC[C@H](C1)N[C@H]2CCc3cc(Br)ccc23)C(=O)N4CCc5ccc(cc5C4)C(F)(F)F,CHEMBL3417236,Ki,7.62
696928,CCC[C@H](O)[C@H](CNCc1ccc(C)cc1C)NC(=O)CC(=O)Nc2cc(OC)cc(c2)C(F)(F)F,CHEMBL2018530,IC50,7.62
696938,COC1COCCC1NC2CC3OC(C)CC3(C2)C(=O)N4CCc5ncc(cc5C4)C(F)(F)F,CHEMBL3671257,IC50,7.62
696948,CO[C@@H]1COCC[C@@H]1N[C@@H]2CC[C@](C2)(C(C)C)C(=O)N3C[C@@H]4C[C@H]3CN4C(=O)CC(C)(C)C,CHEMBL1684697,IC50,7.62
696959,CC(C)CNc1ccc(cc1C(=O)NCC(=O)N[C@@H](CNCc2ccc(C)cc2C)C(=O)NC(C)(C)C)C(F)(F)F,CHEMBL248188,IC50,7.64
696970,CC(C)[C@@]1(CC[C@H](C1)NC2CCc3ccc(C)cc23)C(=O)N4CCc5ccc(cc5C4)C(F)(F)F,CHEMBL3417121,Ki,7.64
696981,COC1COCCC1N[C@@H]2C[C@H]3C[C@H](F)C[C@]3(C2)C(=O)N4CCc5ncc(cc5C4)C(F)(F)F,CHEMBL2313770,IC50,7.64
696992,COCC[C@@H]1C[C@@H](CC[C@@H]1NC(=O)CNC(=O)c2cccc(c2)C(F)(F)F)N(C)C(C)C,CHEMBL3577938,IC50,7.64
697003,COc1cc(ccn1)c2ccc3C(CCc3c2)N[C@@H]4CC[C@](C4)(C(C)C)C(=O)N5CCc6ccc(cc6C5)C(F)(F)F,CHEMBL3417228,Ki,7.64
697014,COc1ccc(cn1)[C@@H]2CC[C@@H](CC2)N3CC(C3)NC(=O)CNc4noc5ccc(cc45)C(F)(F)F,CHEMBL1834852,IC50,7.64
697025,C[C@H]1CN(CCC(C(=O)NCc2cc(cc(c2)C(F)(F)F)C(F)(F)F)c3csc(NC(=O)Cc4cccs4)n3)CC[C@]15C=Cc6ccccc56,CHEMBL395289,IC50,7.64
697036,Cc1ccc(CNC[C@H](NC(=O)CNC(=O)c2cc(N)cc(c2)C(F)(F)F)C(=O)NC(C)(C)C)c(C)c1,CHEMBL247621,IC50,7.64
697046,NC(=O)C(NC1CCC(CC1)c2c[nH]c3ccccc23)C4CCN(CC4)C(=O)\C=C\c5cccc(F)c5,CHEMBL1922814,IC50,7.64
697056,Nc1ccc(cc1C(=O)NCC(=O)N[C@H]2CCCC[C@H]2NC(=O)c3ccc(cc3)S(=O)(=O)N)C(F)(F)F,CHEMBL270959,IC50,7.64
697067,O[C@@]1(CC[C@H](CC1)N2CC(C2)NC(=O)CNc3cc(nc4ccc(cc34)C(F)(F)F)C#N)c5cncs5,CHEMBL2315940,IC50,7.64
697078,CC(C)c1ncc(s1)[C@@]2(O)CC[C@H](CC2)N3CC(C3)NC(=O)CNc4ncnc5ccc(cc45)C(F)(F)F,CHEMBL2315926,IC50,7.66
697089,O[C@@]1(CC[C@@H](CC1)N2CC(C2)NC(=O)CNC(=O)c3cccc(c3)C(F)(F)F)c4ccc5OCOc5c4,CHEMBL1829633,IC50,7.66
697100,O[C@@]1(CC[C@H](CC1)N2CC(C2)NC(=O)CNc3ncnc4ccc(cc34)C(F)(F)F)c5ccns5,CHEMBL2315923,IC50,7.66
697111,Nc1ccc(cc1C(=O)NCC(=O)NC2CNCCC2NCc3ccc(Cl)cc3)C(F)(F)F,CHEMBL497780,IC50,7.67
697122,CC(C)[C@@]1(CC[C@H](C1)NC2CCc3c(O)cccc23)C(=O)N4CCc5ccc(cc5C4)C(F)(F)F,CHEMBL3417115,Ki,7.68
697133,CCN1CCN[C@H](C1)C(=O)N2CCN(CC2)C(=O)Nc3ccc(Cl)c(Cl)c3,CHEMBL2036780,IC50,7.68
697144,CCO[C@H]1COCC[C@H]1N[C@@H]2CC[C@](C2)(C(C)C)C(=O)N3CCN(CC3)c4cc(ccn4)C(F)(F)F,CHEMBL1782576,IC50,7.68
697155,FC(F)(F)c1ccc2ncnc(NCC(=O)NC3CN(C3)[C@@H]4CC[C@@H](CC4)c5ccccc5C#N)c2c1,CHEMBL2315936,IC50,7.68
697165,NC(=O)C(NC1CCC(CC1)c2c[nH]c3ccccc23)C4CCN(CC4)C(=O)\C=C\c5ccc(F)c(F)c5,CHEMBL1922822,IC50,7.68
697175,NS(=O)(=O)c1ccc(cc1)C(=O)N[C@@H]2CCCC[C@@H]2NC(=O)CNC(=O)c3cccc(c3)C(F)(F)F,CHEMBL270906,IC50,7.68
697186,OCCn1nc(NCC(=O)NC2CN(C2)[C@@H]3CC[C@@H](CC3)c4ccc5OCOc5c4)c6cc(ccc16)C(F)(F)F,CHEMBL1834652,IC50,7.68
697197,Oc1ccc(cc1)[C@@H]2CC[C@H](CC2)N3CC(C3)NC(=O)CNC(=O)c4cccc(c4)C(F)(F)F,CHEMBL1829613,IC50,7.68
697208,CC(=O)OCC(C1CCN(CC1)C(=O)\C=C\c2cc(F)c(F)c(F)c2)N3CCC(CC3)c4c[nH]c5ccccc45,CHEMBL257143,IC50,7.7
697218,CCCC1CC2(CC(CC2O1)NC3CCOCC3OC)C(=O)N4CCc5ncc(cc5C4)C(F)(F)F,CHEMBL3671258,IC50,7.7
697228,CCCNc1cc(NC(=O)CC(=O)N[C@@H](CNCc2ccc(C)cc2C)[C@@H](O)CCC)cc(c1)C(F)(F)F,CHEMBL2018403,IC50,7.7
697239,COC(=O)c1ccc2[nH]cc(C3CCN(CC3)C(CO)C4CCN(CC4)C(=O)\C=C\c5cc(F)c(F)c(F)c5)c2c1,CHEMBL402749,IC50,7.7
697250,COC1COCCC1N[C@@H]2C[C@H]3C[C@H](Cl)C[C@]3(C2)C(=O)N4CCc5ncc(cc5C4)C(F)(F)F,CHEMBL2313772,IC50,7.7
697261,COc1ccc(CN2CC[C@H](C2)NC(=O)CNC(=O)c3cc(ccc3N)C(F)(F)F)cc1,CHEMBL257063,IC50,7.7
697272,COc1ccc(cc1)[C@@]2(O)CC[C@@H](CC2)N3CC(C3)NC(=O)CNC(=O)c4cccc(c4)C(F)(F)F,CHEMBL1829632,IC50,7.7
697284,C[C@H]1CC=C(C(=O)O)[C@@](C)(C1)c2ccc(Cl)c(c2)C(F)(F)F,CHEMBL3752627,IC50,7.7
697295,C[C@H]1CN(CC[C@]12C=Cc3ccccc23)C4CCC(CC5CC5)(C4)C(=O)NCc6cc(cc(c6)C(F)(F)F)C(F)(F)F,CHEMBL230078,IC50,7.7
697306,C[C@H]1CN(CC[C@]12C=Cc3ccccc23)[C@@H]4CC[C@@H](C4)C(=O)NCc5cc(cc(c5)C(F)(F)F)C(F)(F)F,CHEMBL230616,IC50,7.7
697317,C[N+](C)(Cc1ccc(NC(=O)c2ccc(Cl)c(Cl)c2)cc1)C3CCOCC3,CHEMBL397647,IC50,7.7
697328,Cc1cc(Br)ccc1CNC[C@H](NC(=O)CNC(=O)c2cccc(c2N)C(F)(F)F)C(=O)NC(C)(C)C,CHEMBL246804,IC50,7.7
697339,Cc1ccc(CN2CC[C@H](C2)NC(=O)CNC(=O)c3cc(ccc3N)C(F)(F)F)cc1,CHEMBL271290,IC50,7.7
697350,Nc1nc(cs1)C(CCN2CCC(CC2)c3ccccc3)C(=O)NCc4cc(cc(c4)C(F)(F)F)C(F)(F)F,CHEMBL230624,IC50,7.7
697361,OC(=O)C(C1CCN(CC1)C(=O)\C=C\c2cc(F)c(F)c(F)c2)N3CCC(CC3)c4c[nH]c5cc(F)ccc45,CHEMBL392098,IC50,7.7
697372,OC(=O)C(C1CCN(CC1)C(=O)\C=C\c2cc(F)cc(F)c2)N3CCC(CC3)c4c[nH]c5ccccc45,CHEMBL428378,IC50,7.7
697382,OC(=O)C(N[C@@H]1CC[C@H](CC1)c2c[nH]c3ccccc23)C4CCN(CC4)C(=O)\C=C\c5cc(F)c(F)c(F)c5,CHEMBL3681885,IC50,7.7
697392,OCC(C1CCN(CC1)C(=O)\C=C\c2ccc(Cl)c(Cl)c2)N3CCC(CC3)c4c[nH]c5ccc(F)cc45,CHEMBL255680,IC50,7.7
697403,O[C@@]1(CC[C@H](CC1)N2CC(C2)NC(=O)CNc3nccc4ccc(cc34)C(F)(F)F)c5cncs5,CHEMBL2316209,IC50,7.7
697414,CC(C)[C@@]1(CC[C@H](C1)NC2CCOCC2)C(=O)N3CCN(CC3)c4cc(ccn4)C(F)(F)F,CHEMBL1782579,IC50,7.71
697425,COC[C@@]1(CC[C@H](C1)N[C@H]2CCOC[C@H]2OC)C(=O)N3CCN(CC3)c4cc(ccn4)C(F)(F)F,CHEMBL1683081,IC50,7.71
697436,CC(C)C[C@H](O)[C@H](CNCc1ccc(C)cc1C)NC(=O)CNC(=O)c2cccc(c2)C(F)(F)F,CHEMBL2018373,IC50,7.72
697447,CCNc1cc(cc(c1)C(F)(F)F)C(=O)NCC(=O)N[C@@H](CNCc2ccc(C)cc2C)C(=O)NC(C)(C)C,CHEMBL392814,IC50,7.72
697458,COc1ccc(cn1)[C@@]2(O)CC[C@H](CC2)N3CC(C3)NC(=O)CNc4ncnc5ccc(cc45)C(F)(F)F,CHEMBL2315927,IC50,7.72
697469,C[C@H]1CN(CCC(C(=O)NCc2cc(cc(c2)C(F)(F)F)C(F)(F)F)c3csc(NC(=O)Cc4ccccc4)n3)CC[C@]15C=Cc6ccccc56,CHEMBL438128,IC50,7.72
697480,C[C@H]1CN(CC[C@]12C=Cc3ccccc23)[C@@H]4CC[C@@](CC5CCC5)(C4)C(=O)NCc6cc(cc(c6)C(F)(F)F)C(F)(F)F,CHEMBL230405,IC50,7.72
697491,Cc1ccc(CNC[C@H](NC(=O)CNC(=O)c2cc(ccc2NCc3ccccc3)C(F)(F)F)C(=O)NC(C)(C)C)c(C)c1,CHEMBL247608,IC50,7.72
697502,Cc1ccc(CNC[C@H](NC(=O)CNC(=O)c2cccc(c2)C(F)(F)F)[C@@H](O)CC(C)(C)C)c(C)c1,CHEMBL2018374,IC50,7.72
697513,Cc1ncc(s1)[C@@H]2CC[C@@H](CC2)N3CC(C3)NC(=O)CNc4nn(C)c5ccc(cc45)C(F)(F)F,CHEMBL1834797,IC50,7.72
697524,Cn1nc(NCC(=O)NC2CN(C2)[C@@H]3CC[C@@H](CC3)c4ccccc4)c5cc(ccc15)C(F)(F)F,CHEMBL1834785,IC50,7.72
697534,NC(=O)C(NC1CCC(CC1)c2c[nH]c3ccccc23)C4CCN(CC4)C(=O)\C=C\c5ccc(F)cc5,CHEMBL1922813,IC50,7.72
697544,Nc1ccc(cc1C(=O)NCC(=O)N[C@@H]2CCN(Cc3ccc(C=C)cc3)C2)C(F)(F)F,CHEMBL257066,IC50,7.72
697555,O[C@@]1(CC[C@H](CC1)N2CC(C2)NC(=O)CNC(=O)c3cccc(c3)C(F)(F)F)c4ccc(OCC(F)(F)F)nc4,CHEMBL2204250,IC50,7.72
697566,O[C@@]1(CC[C@H](CC1)N2CC(C2)NC(=O)CNc3nncc4ccc(cc34)C(F)(F)F)c5cncs5,CHEMBL2316210,IC50,7.72
697577,CO[C@@H]1COCC[C@@H]1N[C@@H]2CC[C@](C2)(C(C)C)C(=O)N3CCN(CC3)c4ccnc(c4)C(F)(F)F,CHEMBL1782567,IC50,7.73
697588,CC(C)(C)C(=O)Nc1nc(cs1)C(CCN2CCC(CC2)c3ccccc3)C(=O)NCc4cc(cc(c4)C(F)(F)F)C(F)(F)F,CHEMBL396101,IC50,7.75
697599,CC(C)[C@@]1(CC[C@H](C1)NC2CCOCC2)C(=O)N3CCN(CC3)c4cccc(c4)C(F)(F)F,CHEMBL1683055,IC50,7.75
697610,CCOc1ccc(cn1)[C@@]2(O)CC[C@H](CC2)N3CC(C3)NC(=O)CNC(=O)c4cccc(c4)C(F)(F)F,CHEMBL2204249,IC50,7.75
697621,CCc1ncc(s1)[C@@H]2CC[C@@H](CC2)N3CC(C3)NC(=O)CNc4nn(C)c5ccc(cc45)C(F)(F)F,CHEMBL1834798,IC50,7.75
697632,CO[C@@H]1COCC[C@@H]1N[C@@H]2CC[C@](C2)(C(C)C)C(=O)N3CCN(CC3)c4cc(ncn4)C(F)(F)F,CHEMBL1782570,IC50,7.75
697642,CO[C@@H]1COCC[C@@H]1N[C@@H]2C[C@H]3CCC[C@]3(C2)C(=O)N4C[C@@H]5C[C@H]4CN5c6ccc(Cl)c(c6)C(F)(F)F,CHEMBL3650391,IC50,7.75
697651,C[C@@H]1COCC[C@@H]1N[C@@H]2C[C@H]3CCC[C@]3(C2)C(=O)N4C[C@@H]5C[C@H]4CN5c6cc(ccn6)C(F)(F)F,CHEMBL3650407,IC50,7.75
697661,Cc1cnc(s1)[C@@]2(O)CC[C@H](CC2)N3CC(C3)NC(=O)CNC(=O)c4cccc(c4)C(F)(F)F,CHEMBL2204261,IC50,7.75
697672,O[C@@]1(CC[C@H](CC1)N[C@H]2CCN(C2)C(=O)CNC(=O)c3cccc(c3)C(F)(F)F)c4nccs4,CHEMBL2029414,IC50,7.75
697683,CC(C)[C@@]1(CC[C@H](C1)NC2CCOCC2F)C(=O)N3C[C@@H]4C[C@H]3CN4C(=O)CCC(F)(F)F,CHEMBL1684708,IC50,7.76
697694,CC(C)[C@@]1(CC[C@H](C1)NC2CCOCC2F)C(=O)N3C[C@@H]4C[C@H]3CN4C(=O)c5ccccc5,CHEMBL1684710,IC50,7.76
697705,CC(C)N1CCO[C@@H](CN2CCN(CC2)C(=O)Nc3ccc(Cl)c(Cl)c3)C1,CHEMBL2036775,IC50,7.77
697716,CC[C@H](O)[C@H](CNCc1ccc(C)cc1C)NC(=O)CNC(=O)c2cc(ccc2N)C(F)(F)F,CHEMBL2018378,IC50,7.77
697728,CO[C@@H]1COCC[C@@H]1N[C@@H]2CC[C@](C2)(C(C)C)C(=O)N3CCN(CC3)c4nccc(n4)C(F)(F)F,CHEMBL1683075,IC50,7.77
697739,CO[C@@H]1COCC[C@@H]1N[C@@H]2CC[C@](C2)(C(O)C(F)(F)F)C(=O)N3CCN(CC3)c4cc(ccn4)C(F)(F)F,CHEMBL1683189,IC50,7.77
697750,C[C@H]1CN(CCC(C(=O)NCc2cc(cc(c2)C(F)(F)F)C(F)(F)F)c3csc(NC(=O)c4ccccc4)n3)CC[C@]15C=Cc6ccccc56,CHEMBL388869,IC50,7.77
697761,FC(F)(F)c1cc(CNC(=O)C(CCN2CCC3(CC2)OCCc4ccccc34)C5CC5)cc(c1)C(F)(F)F,CHEMBL3589952,IC50,7.77
697772,FC(F)(F)c1ccc(NC(=O)N2CCN(C[C@@H]3CCCN(C3)C4CC4)CC2)cc1Cl,CHEMBL2036760,IC50,7.77
697783,FC(F)(F)c1cccc(c1)C(=O)NCC(=O)N[C@H]2CN(C[C@@H]2OCc3ccccc3)[C@@H]4CC[C@@H](CC4)c5ccccc5,CHEMBL1288324,IC50,7.77
697794,Nc1cccnc1[C@@H]2CC[C@@H](CC2)N3CC(C3)NC(=O)CNc4ncnc5ccc(cc45)C(F)(F)F,CHEMBL2315933,IC50,7.77
697805,CC(C)c1ccc(CNC2CC(CCC2NC(=O)CNC(=O)c3cccc(c3)C(F)(F)F)N(C)C)cc1,CHEMBL518772,IC50,7.78
697816,COc1ccc2[nH]cc(C3CCN(CC3)C(C4CCN(CC4)C(=O)\C=C\c5cc(F)c(F)c(F)c5)C(=O)O)c2c1,CHEMBL399617,IC50,7.78
697826,C[C@@H]1COCC[C@H]1N[C@@H]2C[C@H]3CCC[C@]3(C2)C(=O)N4C[C@@H]5C[C@H]4CN5c6cc(ccn6)C(F)(F)F,CHEMBL3650408,IC50,7.78
697836,CC(C)CC[C@@H]1C[C@@H](CC[C@@H]1NC(=O)CNC(=O)c2cccc(c2)C(F)(F)F)N(C)C(C)C,CHEMBL3577939,IC50,7.8
697847,CC(C)N1CCC[C@@H](CN2CCN(CC2)C(=O)Nc3ccc(Cl)c(Cl)c3)C1,CHEMBL2036758,IC50,7.8
697858,CCC[C@@]1(CC[C@H](C1)N2CC[C@]3(C=Cc4ccccc34)[C@@H](C)C2)C(=O)NCc5cc(cc(c5)C(F)(F)F)C(F)(F)F,CHEMBL387587,IC50,7.8
697869,CN(C)C1CCC(NC(=O)CNC(=O)c2cccc(c2)C(F)(F)F)C(C1)NCc3ccc(Cl)cc3,CHEMBL479642,IC50,7.8
697880,CNc1cc(cc(c1)C(F)(F)F)C(=O)NCC(=O)N[C@@H](CNCc2ccc(C)cc2C)C(=O)NC(C)(C)C,CHEMBL398134,IC50,7.8
697890,COC1COCCC1NC2CC3OC(CC3(C2)C(=O)N4CCc5ncc(cc5C4)C(F)(F)F)C6CC6,CHEMBL3671255,IC50,7.8
697900,COC1COCCC1N[C@@H]2C[C@H]3CCC[C@]3(C2)C(=O)N4CCc5ccc(OC(F)(F)F)cc5C4,CHEMBL2313768,IC50,7.8
697911,COC1COCCC1N[C@@H]2C[C@H]3OC(C[C@]3(C2)C(=O)N4CCc5ncc(cc5C4)C(F)(F)F)C6CC6,CHEMBL3263258,IC50,7.8
697922,COC1COCCC1N[C@@H]2C[C@H]3OCC[C@]3(C2)C(=O)N4CCc5ncc(cc5C4)C(F)(F)F,CHEMBL3263255,IC50,7.8
697933,CO[C@@H]1COCC[C@@H]1N[C@@H]2CC[C@](C2)(C(C)C)C(=O)N3CCN(CC3)c4cncc(n4)C(F)(F)F,CHEMBL1782568,IC50,7.8
697944,COc1ccc(cn1)[C@@]2(O)CC[C@H](CC2)N3CC(C3)NC(=O)CNc4n[nH]c5ccc(cc45)C(F)(F)F,CHEMBL2092884,IC50,7.8
697955,Cn1nnnc1Cc2ccc(Cl)cc2NS(=O)(=O)c3ccc(Cl)c(Cl)c3,CHEMBL2207085,Ki,7.8
697966,FC(F)(F)c1cc(CNC(=O)C(CCN2CCC(CC2)c3ccccc3)c4csc(NC(=O)c5ccccc5)n4)cc(c1)C(F)(F)F,CHEMBL230165,IC50,7.8
697977,FC(F)(F)c1ccc2[nH]nc(NCC(=O)NC3CN(C3)[C@@H]4CC[C@@H](CC4)c5cncs5)c2c1,CHEMBL1834792,IC50,7.8
697988,O[C@@]1(CC[C@H](CC1)N2CC(C2)NC(=O)CNC(=O)c3cccc(c3)C(F)(F)F)c4nc5ccccc5s4,CHEMBL2204262,IC50,7.8
697999,CC(C)[C@@]1(CC[C@H](C1)N[C@H]2CCOC[C@H]2O)C(=O)N3CCN(CC3)c4cc(ccn4)C(F)(F)F,CHEMBL1782580,IC50,7.81
698010,CCO[C@@H]1COCC[C@@H]1N[C@@H]2CC[C@](C2)(C(C)C)C(=O)N3CCN(CC3)c4cc(ccn4)C(F)(F)F,CHEMBL1782577,IC50,7.81
698021,COCC1(CCC(C1)N2CC[C@]3(C=Cc4ccccc34)[C@@H](C)C2)C(=O)NCc5cc(cc(c5)C(F)(F)F)C(F)(F)F,CHEMBL230831,IC50,7.81
698032,CO[C@@H]1COCC[C@@H]1N[C@@H]2CC[C@](C2)(C(C)C)C(=O)N3CCN(CC3)c4cncc(c4)C(F)(F)F,CHEMBL1782566,IC50,7.81
698043,CC(C)NC(=O)Nc1ccc(cc1C(=O)NCC(=O)N[C@@H](CNCc2ccc(C)cc2C)C(=O)NC(C)(C)C)C(F)(F)F,CHEMBL247455,IC50,7.82
698054,CC(C)[C@@]1(CC[C@H](C1)NC2CCOCC2F)C(=O)N3C[C@@H]4C[C@H]3CN4C(=O)C5CCCCC5,CHEMBL1684714,IC50,7.82
698065,CC(C)[C@@]1(CC[C@H](C1)NC2CCc3c(cccc23)C#N)C(=O)N4CCc5ccc(cc5C4)C(F)(F)F,CHEMBL3417114,Ki,7.82
698076,CC(C)[C@@]1(CC[C@H](C1)NC2CCc3ccccc23)C(=O)N4CCN(CC4)c5cc(ccn5)C(F)(F)F,CHEMBL3417110,Ki,7.82
698087,CCC[C@H](O)[C@H](CNCC(C)C)NC(=O)CNC(=O)c1cccc(c1)C(F)(F)F,CHEMBL3577929,IC50,7.82
698098,CCOC(=O)[C@@H]1CC[C@@H](CC1)N2CC(C2)NC(=O)CNc3nn(CC)c4ccc(cc34)C(F)(F)F,CHEMBL1834721,IC50,7.82
698109,CN(C)c1cccc(c1)[C@@]2(O)CC[C@@H](CC2)N3CC(C3)NC(=O)CNC(=O)c4cccc(c4)C(F)(F)F,CHEMBL1829631,IC50,7.82
698120,CO[C@H]1COCC[C@H]1N[C@@H]2CC[C@](C2)(C(C)C)C(=O)N3CCN(CC3)c4cccc(c4)C(F)(F)F,CHEMBL1683068,IC50,7.82
698131,FC(F)(F)c1ccc2ncnc(NCC(=O)NC3CN(C3)[C@@H]4CC[C@@H](CC4)c5ccccc5)c2c1,CHEMBL2315920,IC50,7.82
698142,OC(=O)C(C1CCN(CC1)C(=O)\C=C\c2cc(F)c(F)c(F)c2)N3CCC(CC3)c4c[nH]c5ccc(O)cc45,CHEMBL392097,IC50,7.82
698153,OC(=O)C(C1CCN(CC1)C(=O)\C=C\c2ccc(cc2)C(F)(F)F)N3CCC(CC3)c4c[nH]c5ccccc45,CHEMBL236722,IC50,7.82
698164,O[C@@]1(CC[C@H](CC1)N2CC(C2)NC(=O)CNc3ncnc4ccc(cc34)C(F)(F)F)c5ccccc5,CHEMBL2315921,IC50,7.82
698175,CC(C)[C@@]1(CC[C@H](C1)NC2CCOCC2F)C(=O)N3C[C@@H]4C[C@H]3CN4C(=O)CC5CCCC5,CHEMBL1684709,IC50,7.83
698186,CC(=O)Nc1nc(cs1)C(CCN2CCN(CC2)c3ccccc3C)C(=O)NCc4cc(cc(c4)C(F)(F)F)C(F)(F)F,CHEMBL438514,IC50,7.84
698197,CC(C)[C@@]1(CC[C@H](C1)NC2CCOCC2)C(=O)N3C[C@@H]4C[C@H]3CN4C(=O)CCC(F)(F)F,CHEMBL1684696,IC50,7.84
698208,CC(C)(C)OC(=O)Nc1nc(cs1)[C@H](CCN2CCC(CC2)c3ccccc3)C(=O)NCc4cc(cc(c4)C(F)(F)F)C(F)(F)F,CHEMBL397750,IC50,7.85
698218,COC1COCCC1NC2CC3OC(CC3(C2)C(=O)N4CCc5ncc(cc5C4)C(F)(F)F)c6ccccc6,CHEMBL3671259,IC50,7.85
698228,COC1COCCC1N[C@@H]2C[C@H]3OC(C[C@]3(C2)C(=O)N4CCc5ncc(cc5C4)C(F)(F)F)c6ccccc6,CHEMBL3263259,IC50,7.85
698239,CO[C@@H]1COCC[C@@H]1N[C@@H]2C[C@H]3OCC[C@]3(C2)C(=O)N4CCc5ncc(cc5C4)C(F)(F)F,CHEMBL3263268,IC50,7.85
698250,C[C@H]1CN(CCC(C(=O)NCc2cc(cc(c2)C(F)(F)F)C(F)(F)F)c3csc(NC(=O)c4cccnc4)n3)CC[C@]15C=Cc6ccccc56,CHEMBL231149,IC50,7.85
698261,C[C@H]1CN(CC[C@@H](C2CC2)C(=O)NCc3cc(cc(c3)C(F)(F)F)C(F)(F)F)CC[C@@]14C=Cc5ccccc45,CHEMBL441856,IC50,7.85
698271,NC(=O)C(N[C@@H]1CC[C@H](CC1)c2c[nH]c3ccccc23)C4CCN(CC4)C(=O)\C=C\c5cc(F)cc(F)c5,CHEMBL3681870,IC50,7.85
698281,Nc1ccc(cc1C(=O)NCC(=O)N[C@@H]2CCN(Cc3ccc(O)c(N)c3)C2)C(F)(F)F,CHEMBL408908,IC50,7.85
698292,O[C@@]1(CC[C@H](CC1)N2CC[C@H](C2)NC(=O)CNC(=O)c3cccc(c3)C(F)(F)F)c4cncnc4,CHEMBL1951773,IC50,7.85
698303,CC(C)[C@@]1(CC[C@H](C1)NC2CCOCC2F)C(=O)N3C[C@@H]4C[C@H]3CN4C(=O)C5CCCC5,CHEMBL1684705,IC50,7.86
698314,CC(C)(C)OC(=O)Nc1nc(cs1)[C@@H](CCN2CCC(CC2)c3ccccc3)C(=O)NCc4cc(cc(c4)C(F)(F)F)C(F)(F)F,CHEMBL389773,IC50,7.88
698325,CSc1ccc(cc1)S(=O)(=O)C[C@@H]2C[C@H](N)CC[C@@H]2NC(=O)CNC(=O)c3cccc(c3)C(F)(F)F,CHEMBL496432,IC50,7.88
698336,Nc1nc(cs1)[C@H](CCN2CCC(CC2)c3ccccc3)C(=O)NCc4cc(cc(c4)C(F)(F)F)C(F)(F)F,CHEMBL230507,IC50,7.88
698347,CC(=O)Nc1nc(cs1)C(CCN2CCCCC2)C(=O)NCc3cc(cc(c3)C(F)(F)F)C(F)(F)F,CHEMBL231252,IC50,7.89
698358,CC(C)[C@@]1(CC[C@H](C1)NC2CCOCC2)C(=O)N3C[C@@H]4C[C@H]3CN4C(=O)CC(C)C(F)(F)F,CHEMBL1684695,IC50,7.89
698369,CC(C)[C@@]1(CC[C@H](C1)NC2CCOCC2F)C(=O)N3C[C@@H]4C[C@H]3CN4C(=O)CC(C)C(F)(F)F,CHEMBL1684707,IC50,7.89
698380,CC(C)[C@@]1(CC[C@H](C1)NC2CCc3cc(ccc23)C(F)(F)F)C(=O)N4CCc5ccc(cc5C4)C(F)(F)F,CHEMBL3417120,Ki,7.89
698391,CC(C)[C@@]1(CC[C@H](C1)NC2CCc3ccc(cc23)C#N)C(=O)N4CCc5ccc(cc5C4)C(F)(F)F,CHEMBL3417122,Ki,7.89
698402,CCNc1ccc(cc1C(=O)NCC(=O)N[C@@H](CNCc2ccc(C)cc2C)C(=O)NC(C)(C)C)C(F)(F)F,CHEMBL393267,IC50,7.89
698413,CCOC(=O)[C@@H]1CC[C@@H](CC1)N2CC(C2)NC(=O)CNc3nn(C)c4ccc(cc34)C(F)(F)F,CHEMBL1834640,IC50,7.89
698424,CN(C)CCC[C@H](C(=O)NCc1cc(cc(c1)C(F)(F)F)C(F)(F)F)c2ccccc2,CHEMBL209063,IC50,7.89
698435,COc1cc2C(CC(C)c2cc1Br)N[C@@H]3CC[C@](C3)(C(C)C)C(=O)N4CCc5ccc(cc5C4)C(F)(F)F,CHEMBL3417233,Ki,7.89
698446,CSC[C@@]1(CC[C@H](C1)N2CC[C@]3(C=Cc4ccccc34)[C@@H](C)C2)C(=O)NCc5cc(cc(c5)C(F)(F)F)C(F)(F)F,CHEMBL230832,IC50,7.89
698457,C[C@H]1CN(CCC(C(=O)NCc2cc(cc(c2)C(F)(F)F)C(F)(F)F)c3csc(NC(=O)Cc4ccccn4)n3)CC[C@]15C=Cc6ccccc56,CHEMBL231340,IC50,7.89
698468,Cn1nc(NCC(=O)NC2CN(C2)[C@@H]3CC[C@@H](CC3)c4ccc5OCOc5c4)c6cc(ccc16)C(F)(F)F,CHEMBL1834635,IC50,7.89
698479,Cn1nc(NCC(=O)NC2CN(C2)[C@@H]3CC[C@@H](CC3)c4nccs4)c5cc(ccc15)C(F)(F)F,CHEMBL1834794,IC50,7.89
698490,Oc1ccc(nc1)[C@@H]2CC[C@H](CC2)N3CC(C3)NC(=O)CNC(=O)c4cccc(c4)C(F)(F)F,CHEMBL1829624,IC50,7.89
698501,COc1ccc(CNC2CC(CCC2NC(=O)CNC(=O)c3cccc(c3)C(F)(F)F)N(C)C)cc1,CHEMBL480228,IC50,7.9
698512,CSc1ccc(cc1)S(=O)(=O)C[C@@H]2C[C@@H](CC[C@@H]2NC(=O)CNC(=O)c3cc(ccc3NC(=O)OC(C)(C)C)C(F)(F)F)N(C)C(C)C,CHEMBL500175,IC50,7.9
698523,Clc1ccc(s1)S(=O)(=O)Nc2cc(Cl)c(Cl)cc2Cn3ccnn3,CHEMBL2207100,Ki,7.9
698534,FC(F)(F)c1cccc(c1)S(=O)(=O)Nc2cc(Cl)c(Cl)cc2Cn3ccnn3,CHEMBL2207101,Ki,7.9
698545,CC(C)[C@@]1(CC[C@H](C1)NC2CCOCC2)C(=O)N3C[C@@H]4C[C@H]3CN4C(=O)C5CCCC5,CHEMBL1684691,IC50,7.91
698556,CC(C)N[C@@H]1CC[C@@H](C[C@@H]1CS(=O)(=O)c2ccccc2)NC(=O)CNC(=O)c3cccc(c3)C(F)(F)F,CHEMBL1946832,IC50,7.92
698568,CC(C)[C@@]1(CC[C@H](C1)N2CCC(CC2)c3cncnc3)C(=O)NCc4cc(cc(c4)C(F)(F)F)C(F)(F)F,CHEMBL256154,IC50,7.92
698579,CCN[C@@H]1CC[C@@H](C[C@@H]1CS(=O)(=O)c2ccccc2)NC(=O)CNC(=O)c3cc(ccc3NC(=O)N4CCC4)C(F)(F)F,CHEMBL1944777,IC50,7.92
698590,CO[C@@H]1COCC[C@@H]1N[C@@H]2CC[C@](C2)(C(C)C)C(=O)N3C[C@@H]4C[C@H]3CN4C(=O)c5ccccc5,CHEMBL1684701,IC50,7.92
698601,COc1cc(c(F)cn1)c2ccc3C(CCc3c2)N[C@@H]4CC[C@](C4)(C(C)C)C(=O)N5CCc6ccc(cc6C5)C(F)(F)F,CHEMBL3417229,Ki,7.92
698612,COc1ccc(cn1)[C@@H]2CC[C@@H](CC2)N3CC(C3)NC(=O)CNc4n[nH]c5ccc(cc45)C(F)(F)F,CHEMBL1834634,IC50,7.92
698624,FC(F)(F)c1ccc2[nH]nc(NCC(=O)NC3CN(C3)[C@@H]4CC[C@@H](CC4)c5ccccc5)c2c1,CHEMBL1834631,IC50,7.92
698635,NC(=O)Cc1ccc(cc1)[C@@H]2CC[C@@H](CC2)N3CC(C3)NC(=O)CNc4n[nH]c5ccc(cc45)C(F)(F)F,CHEMBL1834633,IC50,7.92
698646,CO[C@@H]1COCC[C@@H]1N[C@@H]2CC[C@](C2)(C(C)C)C(=O)N3C[C@@H]4C[C@H]3CN4C(=O)C5CCC5,CHEMBL1684699,IC50,7.93
698657,CC(C)[C@@]1(CC[C@H](C1)NC2CCOCC2)C(=O)N3C[C@@H]4C[C@H]3CN4C(=O)C5CCCCC5,CHEMBL1684692,IC50,7.94
698668,CC[C@H]1COCC[C@H]1N[C@@H]2CC[C@](C2)(C(C)C)C(=O)N3CCN(CC3)c4cccc(c4)C(F)(F)F,CHEMBL1683064,IC50,7.94
698679,CC(C)[C@@]1(CC[C@H](C1)NC2C3CCCC2COC3)C(=O)N4CCN(CC4)c5cc(ccn5)C(F)(F)F,CHEMBL1782376,IC50,7.95
698690,CC(C)[C@@]1(CC[C@H](C1)NC2CCc3cc(ccc23)c4ccc(cc4)C#N)C(=O)N5CCc6ccc(cc6C5)C(F)(F)F,CHEMBL3417221,Ki,7.96
698701,CCC[C@H](OC)[C@H](CNCc1ccc(C)cc1C)NC(=O)CNC(=O)c2cc(ccc2N)C(F)(F)F,CHEMBL2018538,IC50,7.96
698712,CCc1ccc(CN2CC[C@H](C2)NC(=O)CNC(=O)c3cc(ccc3N)C(F)(F)F)cc1,CHEMBL271288,IC50,7.96
698723,CO[C@@H]1COCC[C@@H]1N[C@@H]2CC[C@](C2)(C(C)C)C(=O)N3C[C@@H]4C[C@H]3CN4C(=O)C5CCCC5,CHEMBL1684700,IC50,7.96
698734,CO[C@H]1COCC[C@H]1N[C@@H]2C[C@H]3OCC[C@]3(C2)C(=O)N4CCc5ncc(cc5C4)C(F)(F)F,CHEMBL3263269,IC50,7.96
698745,CSc1ccc(cc1)S(=O)(=O)C[C@@H]2C[C@@H](CC[C@@H]2NC(=O)Cc3nc4cccc(c4[nH]3)C(F)(F)F)N(C)C(C)C,CHEMBL2088210,IC50,7.96
698756,Cc1ccc(CNC[C@H](NC(=O)CNC(=O)c2cc(ccc2N)C(F)(F)F)C(=O)NC(C)(C)C)c(C)c1,CHEMBL247245,IC50,7.96
698767,O[C@@]1(CC[C@H](CC1)N2CC[C@H](C2)NC(=O)CNC(=O)c3cccc(c3)C(F)(F)F)c4cnccn4,CHEMBL1951776,IC50,7.96
698778,O[C@@]1(CC[C@H](CC1)N[C@H]2CCN(C2)C(=O)C3CCN(CC3)c4cc(ccn4)C#N)c5ccc(cn5)c6ncccn6,CHEMBL2029571,IC50,7.96
698789,O[C@@]1(CC[C@H](CC1)N[C@H]2CCN(C2)C(=O)CNC(=O)c3cccc(c3)C(F)(F)F)c4ccccn4,CHEMBL2029412,IC50,7.96
698800,CC(C)[C@@]1(CC[C@H](C1)N[C@@H]2CCOC[C@@H]2C)C(=O)N3CCN(CC3)c4cccc(c4)C(F)(F)F,CHEMBL1683060,IC50,7.98
698811,O[C@@]1(CC[C@H](CC1)N2CC[C@H](C2)NC(=O)CNC(=O)c3cccc(c3)C(F)(F)F)c4ncccn4,CHEMBL1951771,IC50,7.99
698822,CC(C)[C@@]1(CC[C@H](C1)NC2CCc3cc(ccc23)c4cccnc4)C(=O)N5CCc6ccc(cc6C5)C(F)(F)F,CHEMBL3417225,Ki,8.0
698833,CCC1(CCC(C1)N2CC[C@]3(C=Cc4ccccc34)[C@@H](C)C2)C(=O)NCc5cc(cc(c5)C(F)(F)F)C(F)(F)F,CHEMBL388007,IC50,8.0
698844,CCC[C@H](O)[C@H](CNCc1ccc(C)cc1C)NC(=O)CNC(=O)c2cc(ccc2NC(=O)NC(C)C)C(F)(F)F,CHEMBL2018387,IC50,8.0
698855,CCC[C@H](O)[C@H](CNCc1ccc(C)cc1C)NC(=O)CNc2n[nH]c3ccc(cc23)C(F)(F)F,CHEMBL2018395,IC50,8.0
698866,CCO[C@@H]1CN(C[C@@H]1NC(=O)CCC(=O)c2cccc(c2)C(F)(F)F)[C@@H]3CC[C@@](O)(CC3)c4ccc5OCOc5c4,CHEMBL2236474,IC50,8.0
698876,CCOc1cncc(c1)c2ccc3C(CCc3c2)N[C@@H]4CC[C@](C4)(C(C)C)C(=O)N5CCc6ccc(cc6C5)C(F)(F)F,CHEMBL3417227,Ki,8.0
698887,CN(C)C1CCC(NC(=O)CNC(=O)c2cccc(c2)C(F)(F)F)C(C1)NCc3ccc(C)cc3,CHEMBL481202,IC50,8.0
698898,CN(C)CC\C=N\[C@H](C(=O)NCc1cc(cc(c1)C(F)(F)F)C(F)(F)F)c2ccccc2,CHEMBL209411,IC50,8.0
698909,COc1ccc(cc1)[C@@H]2CC[C@H](CC2)N3CC(C3)NC(=O)CNC(=O)c4cccc(c4)C(F)(F)F,CHEMBL1829612,IC50,8.0
698920,COc1cccc2c(c[nH]c12)C3CCN(CC3)C(CO)C4CCN(CC4)C(=O)\C=C\c5cc(F)c(F)c(F)c5,CHEMBL255500,IC50,8.0
698931,C[N+](C)(Cc1ccc(NC(=O)\C=C\c2ccc(cc2)c3ccc(cc3)C(F)(F)F)cc1)C4CCOCC4,CHEMBL245686,IC50,8.0
698942,Cc1ccc(cc1)c2ccc(\C=C\C(=O)Nc3ccc(C[N+](C)(C)C4CCOCC4)cc3)cc2,CHEMBL247537,IC50,8.0
698953,Cc1nnnn1Cc2ccc(Cl)cc2NS(=O)(=O)c3ccc(Cl)c(Cl)c3,CHEMBL2207084,Ki,8.0
698964,Clc1ccc(Cn2ccnn2)c(NS(=O)(=O)c3ccc(Cl)c(Cl)c3)c1,CHEMBL2207081,Ki,8.0
698975,Clc1ccc(Cn2cnnc2)c(NS(=O)(=O)c3ccc(Cl)c(Cl)c3)c1,CHEMBL2207082,Ki,8.0
698986,Clc1ccc(NC(=O)N2CCN(C[C@@H]3CCCN(C3)C4CC4)CC2)cc1Cl,CHEMBL2036757,IC50,8.0
698997,Clc1ccc(cc1Cl)S(=O)(=O)Nc2cc(Cl)c(Cl)cc2Cn3ccnn3,CHEMBL2207098,Ki,8.0
699008,OC(=O)C(C1CCN(CC1)C(=O)Nc2ccc(OC(F)(F)F)cc2)N3CCC(CC3)c4c[nH]c5ccccc45,CHEMBL237754,IC50,8.0
699019,OCC(C1CCN(CC1)C(=O)Nc2ccc(Cl)c(Cl)c2)N3CCC(CC3)c4c[nH]c5ccc(cc45)C(=O)O,CHEMBL403581,IC50,8.0
699030,OCC(C1CCN(CC1)C(=O)\C=C\c2cccc(c2)C(F)(F)F)N3CCC(CC3)c4c[nH]c5ccccc45,CHEMBL403250,IC50,8.0
699041,OC[C@@H](C1CCN(CC1)C(=O)\C=C\c2cc(F)c(F)c(F)c2)N3CCC(CC3)c4c[nH]c5ccccc45,CHEMBL257768,IC50,8.0
699052,O[C@@]1(CC[C@H](CC1)N2CC(C2)NC(=O)CNc3ncnc4ccc(cc34)C(F)(F)F)c5nccs5,CHEMBL2315922,IC50,8.0
699063,O[C@@]1(CC[C@H](CC1)N[C@H]2CCN(C2)C(=O)C3CCN(CC3)c4cc(ncn4)C(F)(F)F)c5ccc(cn5)c6ncccn6,CHEMBL2029570,IC50,8.0
699074,O[C@@]1(CC[C@H](CC1)N[C@H]2CCN(C2)C(=O)CNC(=O)c3cccc(c3)C(F)(F)F)c4ccc(cn4)c5cncnc5,CHEMBL2029420,IC50,8.0
699085,CC(C)[C@@]1(CC[C@H](C1)N2CCC3COCCC23)C(=O)N4CCN(CC4)c5cc(ccn5)C(F)(F)F,CHEMBL1782375,IC50,8.02
699096,CCC[C@H](O)[C@H](CNCc1ccc(C)cc1C)NC(=O)CNC(=O)c2cc(ccc2NCc3ccccc3)C(F)(F)F,CHEMBL2018394,IC50,8.03
699107,CC(C)(C)N1CCN[C@H](C1)C(=O)N2CCN(CC2)C(=O)Nc3ncc(F)s3,CHEMBL3770951,IC50,8.04
699117,CCC1COCC[C@@H]1N[C@@H]2CC[C@](C2)(C(C)C)C(=O)N3CCN(CC3)c4cc(ccn4)C(F)(F)F,CHEMBL1782578,IC50,8.04
699128,Nc1nc(cs1)C(CCN2CCC(CC2)c3ccc(F)cc3)C(=O)NCc4cc(cc(c4)C(F)(F)F)C(F)(F)F,CHEMBL230727,IC50,8.04
699139,CCC(CCCN(CC)CC)NC(=O)CCOc1cc(nn1c2ccc3ccccc3c2)c4cc(Cl)cc(Cl)c4,CHEMBL391662,IC50,8.05
699149,COC1COCCC1NC2CC3OCCC3(C2)C(=O)N4CCc5ccc(cc5C4)C(F)(F)F,CHEMBL3671253,IC50,8.05
699159,COc1ccc(cn1)[C@@H]2CC[C@@H](CC2)N3CC(C3)NC(=O)CNc4nn(C)c5ccc(cc45)C(F)(F)F,CHEMBL1834790,IC50,8.05
699170,C[C@H]1CN(CC[C@]12C=Cc3ccccc23)[C@@H]4CC[C@@](C)(C4)C(=O)NCc5cc(cc(c5)C(F)(F)F)C(F)(F)F,CHEMBL230617,IC50,8.05
699181,NS(=O)(=O)c1ccc(cc1)C(=O)N[C@@H]2CCCC[C@@H]2NC(=O)CNC(=O)c3cc(ccc3NC(=O)C4CCCCC4)C(F)(F)F,CHEMBL271828,IC50,8.05
699192,OCC(C1CCN(CC1)C(=O)Nc2ccc(Cl)c(Cl)c2)N3CCC(CC3)c4c[nH]c5ccccc45,CHEMBL438353,IC50,8.05
699203,OCC(C1CCN(CC1)C(=O)\C=C\c2cccc(Br)c2)N3CCC(CC3)c4c[nH]c5ccccc45,CHEMBL257385,IC50,8.05
699214,O[C@@]1(CC[C@H](CC1)N[C@H]2CCN(C2)C(=O)CNC(=O)c3cccc(c3)C(F)(F)F)c4ccc(cn4)c5cccnc5,CHEMBL2029418,IC50,8.05
699225,CCCN1CCC(NCc2ccc(SC)cc2)C(C1)NC(=O)CNC(=O)c3cc(ccc3NC(=O)N4CCCC4)C(F)(F)F,CHEMBL449672,IC50,8.06
699236,CO[C@@H]1COCC[C@@H]1N[C@@H]2CC[C@](C2)(C(C)C)C(=O)N3CCN(CC3)c4ncc(s4)C(F)(F)F,CHEMBL1782573,IC50,8.06
699247,CC(C)[C@@]1(CC[C@H](C1)NC2COC2)C(=O)NCc3cc(cc(c3)C(F)(F)F)C(F)(F)F.OC(=O)C(F)(F)F,CHEMBL494580,IC50,8.07
699258,COCC1(CCC(C1)N2CC[C@]3(C=Cc4ccccc34)[C@@H](C)C2)C(=O)NCc5cc(F)cc(c5)C(F)(F)F,CHEMBL389610,IC50,8.07
699269,CSc1ccc(cc1)S(=O)(=O)C[C@@H]2C[C@@H](CC[C@@H]2NC(=O)CNC(=O)c3cccc(c3)C(F)(F)F)NCc4ccccc4,CHEMBL451340,IC50,8.08
699280,CO[C@@H]1COCC[C@@H]1N[C@@H]2CC[C@](C2)(C(C)C)C(=O)N3CCN(CC3)c4cc(cnn4)C(F)(F)F,CHEMBL1782572,IC50,8.09
699291,CSc1ccc(cc1)S(=O)(=O)C[C@@H]2CCCC[C@@H]2NC(=O)CNC(=O)c3cc(ccc3NC(=O)N(C)C)C(F)(F)F,CHEMBL502795,IC50,8.09
699302,CC(C)C[C@@]1(CC[C@H](C1)N2CC[C@]3(C=Cc4ccccc34)[C@@H](C)C2)C(=O)NCc5cc(cc(c5)C(F)(F)F)C(F)(F)F,CHEMBL398000,IC50,8.1
699313,CC(C)N(C)[C@@H]1CC[C@H](NC(=O)Cc2nc3cccc(c3[nH]2)C(F)(F)F)[C@H](CS(=O)(=O)c4ccccc4)C1,CHEMBL2088211,IC50,8.1
699324,CC(C)[C@@]1(CC[C@H](C1)NC2CCc3ccc(Cl)cc23)C(=O)N4CCc5ccc(cc5C4)C(F)(F)F,CHEMBL3417123,Ki,8.1
699335,CCCCN1CCC(NCc2ccc(SC)cc2)C(C1)NC(=O)CNC(=O)c3cc(ccc3N)C(F)(F)F,CHEMBL526091,IC50,8.1
699346,CN(C)CCCN(C)[C@H](C(=O)NCc1cc(cc(c1)C(F)(F)F)C(F)(F)F)c2ccccc2,CHEMBL380258,IC50,8.1
699357,Cc1nc(NCC(=O)NC2CN(C2)[C@@H]3CC[C@@](O)(CC3)c4cncs4)c5cc(ccc5n1)C(F)(F)F,CHEMBL2315937,IC50,8.1
699367,NC(=O)C(NC1CCC(CC1)c2c[nH]c3ccccc23)C4CCN(CC4)C(=O)Nc5ccc(Cl)c(Cl)c5,CHEMBL3681872,IC50,8.1
699376,NC(=O)C(N[C@@H]1CC[C@H](CC1)c2c[nH]c3ccccc23)C4CCN(CC4)C(=O)\C=C\c5cc(F)c(F)c(F)c5,CHEMBL3681894,IC50,8.1
699386,CC(C)[C@@]1(CC[C@H](C1)NC2CCOCC2C3CC3)C(=O)NCc4cc(cc(c4)C(F)(F)F)C(F)(F)F,CHEMBL494541,IC50,8.11
699396,CCCC1COCCC1N[C@@H]2CC[C@](C2)(C(C)C)C(=O)NCc3cc(cc(c3)C(F)(F)F)C(F)(F)F,CHEMBL494540,IC50,8.11
699407,CN(C)C1CCC(NC(=O)CNC(=O)c2cccc(c2)C(F)(F)F)C(C1)NCc3ccc(NC(=O)C)cc3,CHEMBL480621,IC50,8.11
699418,OC(=O)C(C1CCN(CC1)C(=O)\C=C\c2cc(F)c(F)c(F)c2)N3CCC(CC3)c4c[nH]c5cc(Cl)ccc45,CHEMBL399616,IC50,8.11
699429,O[C@@]1(CC[C@H](CC1)N2CC[C@H](C2)NC(=O)CNC(=O)c3cccc(c3)C(F)(F)F)c4ccncn4,CHEMBL1951772,IC50,8.11
699440,CC(C)[C@@]1(CC[C@H](C1)N2CC[C@]3(C=Cc4ccccc34)[C@@H](C)C2)C(=O)NCc5cc(cc(c5)C(F)(F)F)C(F)(F)F,CHEMBL230721,IC50,8.12
699451,CC(C)(C)N1CCN[C@H](C1)C(=O)N2CCN(CC2)C(=O)Nc3ncc(Cl)s3,CHEMBL3770125,IC50,8.13
699461,CC(C)C(=O)Nc1nc(cs1)C(CCN2CCC(CC2)c3ccccc3)C(=O)NCc4cc(cc(c4)C(F)(F)F)C(F)(F)F,CHEMBL395721,IC50,8.13
699472,CCC[C@H](O)[C@H](CNCc1ccc(C)cc1C)NC(=O)CNC(=O)c2cc(ccc2NC(C)(C)C)C(F)(F)F,CHEMBL2018393,IC50,8.13
699483,CSc1ccc(cc1)C(=O)N[C@@H]2CCCC[C@@H]2NC(=O)CNC(=O)c3cc(ccc3NC(=O)NC(C)C)C(F)(F)F,CHEMBL273083,IC50,8.13
699494,FC(F)(F)c1cc(CNC(=O)[C@H]2CC[C@H](C2)N3CCC4(CC3)C=Cc5ccccc45)cc(c1)C(F)(F)F,CHEMBL226017,IC50,8.13
699505,O[C@H]1CN(C[C@@H]1NC(=O)CNC(=O)c2cccc(c2)C(F)(F)F)[C@@H]3CC[C@@H](CC3)c4ccccc4,CHEMBL1290412,IC50,8.13
699516,Nc1nc(cs1)C(CCN2CCC3(CC2)C=Cc4ccccc34)C(=O)NCc5cc(cc(c5)C(F)(F)F)C(F)(F)F,CHEMBL396517,IC50,8.14
699527,O[C@@]1(CC[C@H](CC1)N2CC[C@H](C2)NC(=O)CNC(=O)c3cccc(c3)C(F)(F)F)c4cccnn4,CHEMBL1951774,IC50,8.14
699538,CCC[C@H](O)[C@H](CNCc1ccc(C)cc1C)NC(=O)CC(=O)Nc2cc(NC)cc(c2)C(F)(F)F,CHEMBL2018401,IC50,8.15
699549,CC(C)[C@@]1(CC[C@H](C1)NC2C(C)COCC2C)C(=O)NCc3cc(cc(c3)C(F)(F)F)C(F)(F)F,CHEMBL495151,IC50,8.16
699560,CCC[C@@H](O)[C@H](CNCc1ccc(C)cc1C)NC(=O)CNC(=O)c2cc(ccc2N)C(F)(F)F,CHEMBL2018381,IC50,8.16
699571,CO[C@@H]1COCC[C@@H]1N[C@@H]2CC[C@](C2)(C(C)C)C(=O)N3CCN(CC3)c4cccc(c4)C(F)(F)F,CHEMBL1683067,IC50,8.16
699582,COc1ccc(cn1)[C@@H]2CC[C@H](CC2)N3CC(C3)NC(=O)CNC(=O)c4cccc(c4)C(F)(F)F,CHEMBL1829619,IC50,8.16
699593,COc1ccc2[nH]cc(C3CCN(CC3)C(CO)C4CCN(CC4)C(=O)\C=C\c5ccc(Cl)c(Cl)c5)c2c1,CHEMBL257628,IC50,8.16
699604,COc1cnccc1[C@@H]2CC[C@@H](CC2)N3CC(C3)NC(=O)CNc4ncnc5ccc(cc45)C(F)(F)F,CHEMBL2315930,IC50,8.16
699615,Cc1ccc(cn1)[C@@H]2CC[C@@H](CC2)N3CC(C3)NC(=O)CNc4nn(C)c5ccc(cc45)C(F)(F)F,CHEMBL1834791,IC50,8.16
699626,Cc1ccc(nc1)[C@@]2(O)CC[C@H](CC2)N[C@H]3CCN(C3)C(=O)CNC(=O)c4cccc(c4)C(F)(F)F,CHEMBL2029417,IC50,8.16
699637,Oc1ccc(nc1)[C@@H]2CC[C@@H](CC2)N3CC(C3)NC(=O)CNc4ncnc5ccc(cc45)C(F)(F)F,CHEMBL2315932,IC50,8.16
699648,Oc1ccccc1[C@@H]2CC[C@@H](CC2)N3CC(C3)NC(=O)CNc4ncnc5ccc(cc45)C(F)(F)F,CHEMBL2315935,IC50,8.16
699659,CCC[C@H](O)[C@H](CNCc1ccc(C)cc1C)NC(=O)CNC(=O)c2cc(N)cc(c2)C(F)(F)F,CHEMBL2018396,IC50,8.17
699670,CCC[C@H](O)[C@H](CNCc1ccc(C)cc1C)NC(=O)CNC(=O)c2cc(ccc2NC(=O)NC)C(F)(F)F,CHEMBL2018385,IC50,8.17
699681,CC(C)N[C@@H]1CC[C@@H](C[C@@H]1CS(=O)(=O)c2ccccc2)NC(=O)CNC(=O)c3cc(ccc3NC(=O)N4CCC4)C(F)(F)F,CHEMBL1944778,IC50,8.18
699692,CO[C@@H]1COCC[C@@H]1N[C@@H]2C[C@H]3OCC[C@]3(C2)C(=O)N4COc5ccc(cc5C4)C(F)(F)F,CHEMBL3263272,IC50,8.18
699703,N[C@@H]1CC[C@@H](C[C@@H]1CS(=O)(=O)c2ccccc2)NC(=O)CNC(=O)c3cc(ccc3NC(=O)N4CCC4)C(F)(F)F,CHEMBL1944776,IC50,8.18
699714,CC(=O)Nc1nc(cs1)[C@@H](CCN2CCC3(CC2)C=Cc4ccccc34)C(=O)NCc5cc(cc(c5)C(F)(F)F)C(F)(F)F,CHEMBL388867,IC50,8.19
699725,CCN(CC)C(=O)Nc1ccc(cc1C(=O)NCC(=O)N[C@H]2CCCC[C@H]2CS(=O)(=O)c3ccc(SC)cc3)C(F)(F)F,CHEMBL452509,IC50,8.19
699736,C[C@H]1CN(CC[C@]12C=Cc3ccccc23)C4CCC(C4)(C5CC5)C(=O)NCc6cc(cc(c6)C(F)(F)F)C(F)(F)F,CHEMBL266017,IC50,8.19
699747,CS(=O)(=O)Nc1ccc2[nH]cc(C3CCN(CC3)C(C4CCN(CC4)C(=O)\C=C\c5cc(F)c(F)c(F)c5)C(=O)O)c2c1,CHEMBL394955,IC50,8.2
699758,CSc1ccc(CNC2CCNCC2NC(=O)CNC(=O)c3cc(ccc3N)C(F)(F)F)cc1,CHEMBL497577,IC50,8.2
699769,CCCN1CCC(NC(=O)c2ccc(SC)cc2)C(C1)NC(=O)CNC(=O)c3cc(N)cc(c3)C(F)(F)F,CHEMBL496344,IC50,8.21
699780,CC(C)(O)[C@@]1(CC[C@H](C1)N2CCC(CC2)c3cncnc3)C(=O)NCc4cc(cc(c4)C(F)(F)F)C(F)(F)F,CHEMBL429849,IC50,8.22
699791,CC(C)[C@@]1(CC[C@H](C1)N2CCC(CC2)c3cccc(O)c3)C(=O)NCc4cc(cc(c4)C(F)(F)F)C(F)(F)F,CHEMBL255312,IC50,8.22
699802,CC(C)[C@@]1(CC[C@H](C1)N2CCC(CC2)c3cccnc3)C(=O)NCc4cc(cc(c4)C(F)(F)F)C(F)(F)F,CHEMBL255513,IC50,8.22
699813,CC(C)[C@@]1(CC[C@H](C1)NC2CCOCC2C(F)(F)F)C(=O)NCc3cc(cc(c3)C(F)(F)F)C(F)(F)F,CHEMBL492569,IC50,8.22
699823,CCCN1CCC(NCc2ccc(SC)cc2)C(C1)NC(=O)CNC(=O)c3cc(N)cc(c3)C(F)(F)F,CHEMBL496959,IC50,8.22
699834,CCN(CC)CCCC(NC(=O)CCOc1cc(nn1c2ccc3ccccc3c2)c4cc(Cl)cc(Cl)c4)C(C)C,CHEMBL239144,IC50,8.22
699845,COc1ccc2[nH]cc(C3CCN(CC3)C(CO)C4CCN(CC4)C(=O)\C=C\c5cc(F)c(F)c(F)c5)c2c1,CHEMBL255499,IC50,8.22
699856,COc1cccc(c1)C2CCN(CC2)[C@@H]3CC[C@](C3)(C(C)C)C(=O)NCc4cc(cc(c4)C(F)(F)F)C(F)(F)F,CHEMBL403033,IC50,8.22
699867,Cc1ccc(CN2CC[C@H](C2)NC(=O)CNC(=O)c3cc(ccc3N)C(F)(F)F)cc1N,CHEMBL271725,IC50,8.22
699878,Cc1ccc(cn1)[C@@H]2CC[C@@H](CC2)N3CC(C3)NC(=O)CNc4n[nH]c5ccc(cc45)C(F)(F)F,CHEMBL1834788,IC50,8.22
699889,FC(F)(F)c1ccc2[nH]nc(NCC(=O)NC3CN(C3)[C@@H]4CC[C@@H](CC4)c5ccc6OCOc6c5)c2c1,CHEMBL1834632,IC50,8.22
699900,OCC(C1CCN(CC1)C(=O)\C=C\c2ccc(F)c(F)c2)N3CCC(CC3)c4c[nH]c5ccccc45,CHEMBL257173,IC50,8.22
699911,O[C@@]1(CC[C@H](CC1)N[C@H]2CCN(C2)C(=O)CNC(=O)c3cccc(c3)C(F)(F)F)c4ccc(cn4)c5cnccn5,CHEMBL2029421,IC50,8.22
699922,O[C@@]1(CC[C@H](CC1)N[C@H]2CCN(C2)C(=O)CNC(=O)c3cccc(c3)C(F)(F)F)c4ccc(cn4)c5nccs5,CHEMBL2029423,IC50,8.22
699933,CCCCOCCOc1ccc(cc1)c2ccc3N(CC(C)C)CCC\C(=C/c3c2)\C(=O)Nc4ccc(cc4)[S+]([O-])Cc5cncn5CCC,CHEMBL2110727,IC50,8.23
699944,CCCCOCCOc1ccc(cc1)c2ccc3N(CC(C)C)CCC\C(=C/c3c2)\C(=O)Nc4ccc(cc4)[S+]([O-])Cc5cncn5CCC.CS(=O)(=O)O,CHEMBL2105686,IC50,8.23
699955,CCC[C@H](O)[C@H](CNCc1ccc(C)cc1C)NC(=O)CNC(=O)c2cc(ccc2NC(=O)N3CCCC3)C(F)(F)F,CHEMBL2018389,IC50,8.24
699966,CNC(=O)Nc1nc(cs1)[C@@H](CCN2CCC3(CC2)C=Cc4ccccc34)C(=O)NCc5cc(cc(c5)C(F)(F)F)C(F)(F)F,CHEMBL388868,IC50,8.24
699977,CSc1ccc(cc1)S(=O)(=O)C[C@@H]2CCCC[C@@H]2NC(=O)CNC(=O)c3cc(ccc3NC(=O)N4CCC4)C(F)(F)F,CHEMBL499467,IC50,8.24
699988,O[C@@]1(CC[C@H](CC1)N[C@H]2CCN(C2)C(=O)CNC(=O)c3cccc(c3)C(F)(F)F)c4ccc(cn4)c5ccncc5,CHEMBL2029419,IC50,8.24
700001,CCC1COCCC1N[C@@H]2CC[C@](C2)(C(C)C)C(=O)NCc3cc(cc(c3)C(F)(F)F)C(F)(F)F,CHEMBL522688,IC50,8.25
700012,O[C@@]1(CC[C@H](CC1)N[C@H]2CCN(C2)C(=O)CNC(=O)c3cccc(c3)C(F)(F)F)c4ccc(cn4)c5occn5,CHEMBL2029424,IC50,8.25
700023,CC(C)[C@@]1(CC[C@H](C1)NC2CCOCC2(O)C(F)(F)F)C(=O)NCc3cc(cc(c3)C(F)(F)F)C(F)(F)F,CHEMBL523503,IC50,8.26
700033,C[C@H]1CN(CC[C@]12C=Cc3ccccc23)C4CCC(CC5CC5)(C4)C(=O)NCc6cc(F)cc(c6)C(F)(F)F,CHEMBL436796,IC50,8.26
700044,O[C@@]1(CC[C@H](CC1)N[C@H]2CCN(C2)C(=O)C3CCN(CC3)c4nccc(n4)C(F)(F)F)c5ccc(cn5)c6ncccn6,CHEMBL2029569,IC50,8.27
700055,CC(=O)Nc1nc(cs1)C(CCN2CCC(CC2)c3ccccc3)C(=O)NCc4cc(cc(c4)C(F)(F)F)C(F)(F)F,CHEMBL389888,IC50,8.28
700066,CC(C)N(C)[C@@H]1CC[C@@H]([C@H](CS(=O)(=O)C)C1)N2CC[C@H](NC(=O)c3ccc(C)c(c3)C(F)(F)F)C2=O,CHEMBL3233182,IC50,8.28
700077,CC(C)N[C@@H]1CC[C@H](NC(=O)CNC(=O)c2cccc(c2)C(F)(F)F)[C@H](CS(=O)(=O)c3ccccc3)C1,CHEMBL1946830,IC50,8.28
700088,CCC[C@H](O)[C@H](CNCc1ccc(C)cc1C)NC(=O)CNC(=O)c2cc(ccc2NC(C)C)C(F)(F)F,CHEMBL2018392,IC50,8.28
700099,COc1ccc(CN2CC[C@H](C2)NC(=O)CNC(=O)c3cc(ccc3N)C(F)(F)F)cc1N,CHEMBL270435,IC50,8.28
700110,O[C@@]1(CC[C@H](CC1)N[C@H]2CCN(C2)C(=O)CNC(=O)c3cccc(c3)C(F)(F)F)c4ccc(cn4)c5ncccn5,CHEMBL2029422,IC50,8.28
700121,CC(C)N1CCN[C@H](C1)C(=O)N2CCN(CC2)C(=O)Nc3ccc(Cl)c(Cl)c3,CHEMBL2036782,IC50,8.29
700132,CCO[C@H]1CN(C[C@@H]1NC(=O)CNC(=O)c2cccc(c2)C(F)(F)F)[C@@H]3CC[C@@](O)(CC3)c4ccc5OCOc5c4,CHEMBL1289316,IC50,8.29
700143,CC(C)N(C)[C@@H]1CC[C@@H]([C@H](CS(=O)(=O)C)C1)N2CC[C@H](NC(=O)c3cccc(OC(F)(F)F)c3)C2=O,CHEMBL3233183,IC50,8.3
700154,CC(C)Oc1ncc(s1)[C@@]2(O)CC[C@H](CC2)N3CC(C3)NC(=O)CNC(=O)c4cccc(c4)C(F)(F)F,CHEMBL2204266,IC50,8.3
700165,CC(C)[C@@]1(CC[C@H](C1)NC2CCOCC2)C(=O)N3C[C@@H]4C[C@H]3CN4C(=O)OC(C)(C)C,CHEMBL1684683,IC50,8.3
700176,CC(C)c1ncc(s1)[C@@H]2CC[C@@H](CC2)N3CC(C3)NC(=O)CNc4nn(C)c5ccc(cc45)C(F)(F)F,CHEMBL1834799,IC50,8.3
700187,CCCC1(CCC(C1)N2CC[C@]3(C=Cc4ccccc34)[C@@H](C)C2)C(=O)NCc5cc(F)cc(c5)C(F)(F)F,CHEMBL231038,IC50,8.3
700198,CCCC[C@H](O)[C@H](CNCc1ccc(C)cc1C)NC(=O)CNC(=O)c2cccc(c2)C(F)(F)F,CHEMBL2018371,IC50,8.3
700209,CCC[C@H](O)[C@H](CNCc1ccc(C)cc1C)NC(=O)CNC(=O)c2cccc(c2)C(F)(F)F,CHEMBL2018370,IC50,8.3
700220,CN(C)c1cccc(c1)[C@@H]2CC[C@@H](CC2)N3CC(C3)NC(=O)CNc4nn(C)c5ccc(cc45)C(F)(F)F,CHEMBL1834786,IC50,8.3
700231,CO[C@@H]1COCC[C@@H]1N[C@@H]2CC[C@@](C2)(C(C)C)C(=O)N3CCc4ncc(cc4C3)C(F)(F)F,CHEMBL2236475,IC50,8.3
700241,Cc1cnc(C(=O)c2ncnc3[nH]ccc23)c(NS(=O)(=O)c4ccc(Cl)c(c4)C(F)(F)F)c1,CHEMBL2178573,IC50,8.3
700252,Clc1ccc(NC(=O)N2CCN(C[C@@H]3CCCN(CCc4ccccc4)C3)CC2)cc1Cl,CHEMBL2036755,IC50,8.3
700263,FC(F)(F)c1ccc2ncnc(NCC(=O)NC3CN(C3)[C@@H]4CC[C@@H](CC4)c5ccccn5)c2c1,CHEMBL2315934,IC50,8.3
700274,FC(F)(F)c1ccc2ncnc(NCC(=O)NC3CN(C3)[C@@H]4CC[C@@H](CC4)c5cccnc5)c2c1,CHEMBL2315931,IC50,8.3
700285,FC(F)(F)c1cccc(c1)C(=O)NCC(=O)NC2CN(C2)[C@@H]3CC[C@@H](CC3)c4ccc5OCOc5c4,CHEMBL1829605,IC50,8.3
700297,OC(=O)C(C1CCN(CC1)C(=O)\C=C\c2cc(F)c(F)c(F)c2)N3CCC(CC3)c4c[nH]c5ccccc45,CHEMBL391459,IC50,8.3
700308,CC(C)[C@@]1(CC[C@H](C1)NC2CCc3cc(F)ccc23)C(=O)N4CCc5ccc(cc5C4)C(F)(F)F,CHEMBL3417116,Ki,8.31
700319,CCC[C@H](O)[C@H](CNCC1CC1)NC(=O)CNC(=O)c2cc(ccc2NC(=O)NC(C)C)C(F)(F)F,CHEMBL3577934,IC50,8.31
700330,O[C@@]1(CC[C@H](CC1)N2CC[C@H](C2)NC(=O)CNC(=O)c3cccc(c3)C(F)(F)F)c4ccnnc4,CHEMBL1951775,IC50,8.31
700341,CSc1ccc(cc1)C(=O)NC2CC(N)CCC2NC(=O)CNC(=O)c3cc(ccc3N)C(F)(F)F,CHEMBL481009,IC50,8.32
700352,CCC[C@@H]1C[C@@H](CC[C@@H]1N2CC[C@H](Nc3ncnc4ccc(cc34)C(F)(F)F)C2=O)N(C)C(C)C,CHEMBL3577945,IC50,8.33
700363,CC(C)[C@@]1(CC[C@H](C1)NC2CCc3c(N)cccc23)C(=O)N4CCc5ccc(cc5C4)C(F)(F)F,CHEMBL3417113,Ki,8.34
700374,CC(C)[C@@]1(CC[C@H](C1)N[C@H]2C[C@H](C)c3cc(Br)ccc23)C(=O)N4CCc5ccc(cc5C4)C(F)(F)F,CHEMBL3417238,Ki,8.34
700384,CC[C@@H]1COCC[C@@H]1N[C@@H]2CC[C@](C2)(C(C)C)C(=O)N3CCN(CC3)c4cccc(c4)C(F)(F)F,CHEMBL1683063,IC50,8.34
700395,C[C@H]1CN(CC[C@@]12C=Cc3ccccc23)[C@@H]4CC[C@@]5(CCO[C@H]5OCc6cc(F)cc(c6)C(F)(F)F)C4,CHEMBL402532,IC50,8.34
700406,CCC[C@H](O)[C@H](CNCc1ccc(C)cc1C)NC(=O)CC(=O)Nc2cc(NCC)cc(c2)C(F)(F)F,CHEMBL2018402,IC50,8.35
700417,CO[C@@H]1COCC[C@@H]1N(C)[C@@H]2CC[C@](C2)(C(C)C)C(=O)N3CCN(CC3)c4cc(ccn4)C(F)(F)F,CHEMBL1782377,IC50,8.35
700428,COc1cc2C(CCc2cc1Br)N[C@@H]3CC[C@](C3)(C(C)C)C(=O)N4CCc5ccc(cc5C4)C(F)(F)F,CHEMBL3417232,Ki,8.35
700439,O[C@@]1(CC[C@H](CC1)N[C@H]2CCN(C2)C(=O)C3CCN(CC3)c4cccc(n4)C(F)(F)F)c5ccc(cn5)c6ncccn6,CHEMBL2029567,IC50,8.35
700450,CC(C)[C@@]1(CC[C@H](C1)NC2CCc3cc(I)ccc23)C(=O)N4CCc5ccc(cc5C4)C(F)(F)F,CHEMBL3417119,Ki,8.36
700461,CC(C)COC(=O)N1C[C@@H]2C[C@H]1CN2C(=O)[C@]3(CC[C@H](C3)NC4CCOCC4F)C(C)C,CHEMBL1684713,IC50,8.37
700472,CCCCN1CCC(NC(=O)c2ccc(SC)cc2)C(C1)NC(=O)CNC(=O)c3cc(ccc3N)C(F)(F)F,CHEMBL526859,IC50,8.37
700483,O[C@@]1(CC[C@H](CC1)N2CC[C@H](C2)NC(=O)CNC(=O)c3cccc(c3)C(F)(F)F)c4ccncc4,CHEMBL1951770,IC50,8.37
700494,CC(C)[C@@]1(CC[C@H](C1)NC2CCOCC2F)C(=O)N3C[C@@H]4C[C@H]3CN4C(=O)OC(C)(C)C,CHEMBL1684702,IC50,8.38
700505,Nc1ccc(cc1C(=O)NCC(=O)N[C@@H]2CCN(Cc3ccc(Cl)c(N)c3)C2)C(F)(F)F,CHEMBL257062,IC50,8.39
700516,CC(C)[C@@]1(CC[C@H](C1)N2CCC(CC2)c3cccc(F)c3)C(=O)NCc4cc(cc(c4)C(F)(F)F)C(F)(F)F,CHEMBL258246,IC50,8.4
700526,CCC1CC2(CC(CC2O1)NC3CCOCC3OC)C(=O)N4CCc5ncc(cc5C4)C(F)(F)F,CHEMBL3671256,IC50,8.4
700536,CCC1C[C@]2(C[C@@H](C[C@H]2O1)NC3CCOCC3OC)C(=O)N4CCc5ncc(cc5C4)C(F)(F)F,CHEMBL3263256,IC50,8.4
700547,CCC[C@H](O)[C@H](CNCc1ccc(C)cc1C)NC(=O)CNC(=O)c2cc(ccc2NC(=O)OC(C)(C)C)C(F)(F)F,CHEMBL2018384,IC50,8.4
700558,C[C@H]1CN(CC[C@]12C=Cc3ccccc23)[C@@H]4CC[C@@](C)(C4)C(=O)NCc5cc(F)cc(c5)C(F)(F)F,CHEMBL230722,IC50,8.4
700569,Cc1[nH]c2ccccc2c1C3CCN(CC3)C(C4CCN(CC4)C(=O)\C=C\c5cc(F)c(F)c(F)c5)C(=O)O,CHEMBL392120,IC50,8.4
700580,FC(F)(F)c1cc(CNC(=O)C(CCN2CCC(CC2)c3ccccc3)c4csc(NC=O)n4)cc(c1)C(F)(F)F,CHEMBL397747,IC50,8.4
700591,Nc1ccc2[nH]cc(C3CCN(CC3)C(C4CCN(CC4)C(=O)\C=C\c5cc(F)c(F)c(F)c5)C(=O)O)c2c1,CHEMBL237806,IC50,8.4
700602,OC(=O)C(C1CCN(CC1)C(=O)\C=C\c2ccc(Cl)c(Cl)c2)N3CCC(CC3)c4c[nH]c5ccccc45,CHEMBL236930,IC50,8.4
700613,OC(=O)[C@H](C1CCN(CC1)C(=O)\C=C\c2cc(F)c(F)c(F)c2)N3CCC(CC3)c4c[nH]c5ccccc45,CHEMBL237967,IC50,8.4
700624,OCC(C1CCN(CC1)C(=O)\C=C\c2cc(F)c(F)c(F)c2)N3CCC(CC3)c4c[nH]c5ccccc45,CHEMBL255478,IC50,8.4
700635,CC(C)C[C@@]1(CC[C@H](C1)N2CC[C@]3(C=Cc4ccccc34)[C@@H](C)C2)C(=O)NCc5cc(F)cc(c5)C(F)(F)F,CHEMBL231039,IC50,8.41
700648,CO[C@@H]1COCC[C@@H]1N[C@@H]2CC[C@](C2)(C(C)C)C(=O)N3CCN(CC3)c4cc(ccn4)C(F)(F)F,CHEMBL1683074,IC50,8.41
700659,FC(F)(F)c1cc(CNC(=O)C(CCN2CCC(CC2)c3ccccc3)c4csc(NC(=O)C5CC5)n4)cc(c1)C(F)(F)F,CHEMBL230794,IC50,8.41
700670,CCCN1CCC(NCc2ccc(SC)cc2)C(C1)NC(=O)CNC(=O)c3cc(ccc3NC(=O)NC)C(F)(F)F,CHEMBL502513,IC50,8.42
700681,CCC[C@H](O)[C@H](CNCc1ccc(C)cc1C)NC(=O)CC(=O)Nc2cc(N)cc(c2)C(F)(F)F,CHEMBL2018400,IC50,8.42
700692,CCC[C@H](O)[C@H](CNCc1ccc(C)cc1C)NC(=O)CNC(=O)c2cc(ccc2NC(=O)N3CCOCC3)C(F)(F)F,CHEMBL2018390,IC50,8.42
700703,CSc1ccc(cc1)C(=O)NC2CCC(CC2NC(=O)CNC(=O)c3cc(ccc3N)C(F)(F)F)NC(C)C,CHEMBL516224,IC50,8.42
700714,CSc1ccc(cc1)S(=O)(=O)C[C@@H]2CCCC[C@@H]2NC(=O)CNC(=O)c3cc(ccc3NC(=O)N4CCCC4)C(F)(F)F,CHEMBL447937,IC50,8.42
700725,CN[C@@H]1CC[C@H](NC(=O)CNC(=O)c2cccc(c2)C(F)(F)F)[C@H](CS(=O)(=O)c3ccc(SC)cc3)C1,CHEMBL496630,IC50,8.43
700736,COc1ccc(cn1)[C@@]2(O)CC[C@H](CC2)N3CC[C@H](C3)NC(=O)CNC(=O)c4cccc(c4)C(F)(F)F,CHEMBL1963131,IC50,8.43
700747,COc1ccc(cn1)[C@@]2(O)CC[C@H](CC2)N3CC[C@H](C3)NC(=O)CNC(=O)c4cccc(c4)C(F)(F)F.CS(=O)(=O)O,CHEMBL1951778,IC50,8.43
700758,CCC[C@H](O)[C@H](CNCc1ccc(C)cc1C)NC(=O)CNC(=O)c2cc(ccc2NC(=O)NCC)C(F)(F)F,CHEMBL2018386,IC50,8.44
700769,O[C@@]1(CC[C@H](CC1)N[C@H]2CCN(C2)C(=O)C3CCN(CC3)c4cccc(c4)C(F)(F)F)c5ccc(cn5)c6ncccn6,CHEMBL2029566,IC50,8.44
700780,CC(C)N(C)[C@@H]1CC[C@@H]([C@H](CS(=O)(=O)c2ccccc2)C1)N3CC[C@H](NC(=O)c4cc(cc(c4)C(F)(F)F)C(F)(F)F)C3=O,CHEMBL1092748,IC50,8.46
700791,CC(C)[C@@]1(CC[C@H](C1)NC2CCOCC2)C(=O)N3C[C@@H]4C[C@H]3CN4C(=O)OC(C)C(F)(F)F,CHEMBL1684694,IC50,8.46
700802,CCC(=O)Nc1nc(cs1)C(CCN2CCC(CC2)c3ccccc3)C(=O)NCc4cc(cc(c4)C(F)(F)F)C(F)(F)F,CHEMBL230684,IC50,8.46
700813,COC(=O)Nc1nc(cs1)[C@H](CCN2CCC(CC2)c3ccccc3)C(=O)NCc4cc(cc(c4)C(F)(F)F)C(F)(F)F,CHEMBL397997,IC50,8.46
700824,CSC[C@@]1(CC[C@H](C1)N2CC[C@]3(C=Cc4ccccc34)[C@@H](C)C2)C(=O)NCc5cc(F)cc(c5)C(F)(F)F,CHEMBL231246,IC50,8.46
700835,CC(C)[C@@]1(CC[C@H](C1)NC2CC(C)c3ccccc23)C(=O)N4CCc5ccc(cc5C4)C(F)(F)F,CHEMBL3417230,Ki,8.47
700846,CCCN1CCC(NCc2ccc(SC)cc2)C(C1)NC(=O)CNC(=O)c3cc(ccc3N)C(F)(F)F,CHEMBL497788,IC50,8.47
700857,CCC[C@H](O)[C@H](CNCc1ccc(C)cc1C)NC(=O)CNC(=O)c2cc(ccc2N)C(F)(F)F,CHEMBL2018380,IC50,8.47
700868,CO[C@@H]1COCC[C@@H]1N[C@@H]2CC[C@@](CC(F)(F)F)(C2)C(=O)N3CCN(CC3)c4cc(ccn4)C(F)(F)F,CHEMBL1683190,IC50,8.47
700879,CCC1(CCC(C1)N2CC[C@]3(C=Cc4ccccc34)[C@@H](C)C2)C(=O)NCc5cc(F)cc(c5)C(F)(F)F,CHEMBL230932,IC50,8.48
700890,CCC[C@@H]1C[C@@H](CC[C@@H]1N2CC[C@H](NC(=O)c3cc(ccc3NC(=O)NC(C)C)C(F)(F)F)C2=O)N(C)C(C)C,CHEMBL3577943,IC50,8.48
700901,OC1(CCN(CC1)c2cc(ccn2)C(F)(F)F)C(=O)N3CC[C@@H](C3)N[C@@H]4CC[C@@](O)(CC4)c5ccc(cn5)c6ncccn6,CHEMBL2029572,IC50,8.48
700912,O[C@@]1(CC[C@H](CC1)N[C@H]2CCN(C2)C(=O)C3CCN(CC3)c4cc(ccn4)C(F)(F)F)c5ccc(cn5)c6ncccn6,CHEMBL2029568,IC50,8.48
700923,CC(C)[C@@]1(CC[C@H](C1)NC2CCOCC2F)C(=O)N3C[C@@H]4C[C@H]3CN4C(=O)OC(C)C(F)(F)F,CHEMBL1684706,IC50,8.5
700934,CCOc1ccc(cn1)[C@@]2(O)CC[C@H](CC2)N3CC[C@H](C3)NC(=O)CNC(=O)c4cccc(c4)C(F)(F)F,CHEMBL1951779,IC50,8.5
700945,Cc1ccc(CN2CC[C@H](C2)NC(=O)CNC(=O)c3cc(ccc3N)C(F)(F)F)c(C)c1,CHEMBL256629,IC50,8.5
700956,O[C@@]1(CC[C@H](CC1)N2CC[C@H](C2)NC(=O)CNC(=O)c3cccc(c3)C(F)(F)F)c4ccccn4,CHEMBL1951768,IC50,8.5
700967,CC(C)N(C)[C@@H]1CC[C@H](NC(=O)Cc2nc3cccc(c3[nH]2)C(F)(F)F)[C@H](CS(=O)(=O)c4ccc(C)cc4)C1,CHEMBL2088378,IC50,8.51
700978,CC(C)[C@@]1(CC[C@H](C1)N2CC[C@]3(C=Cc4ccccc34)[C@@H](C)C2)C(=O)NCc5cc(F)cc(c5)C(F)(F)F,CHEMBL230933,IC50,8.51
700989,CC(C)[C@@]1(CC[C@H](C1)NC2CCOCC2F)C(=O)N3C[C@@H]4C[C@H]3CN4C(=O)OC5CCCC5,CHEMBL1684712,IC50,8.51
700999,CC(C)[C@@]1(CC[C@H](C1)N[C@H]2CCOC[C@H]2C)C(=O)N3CCN(CC3)c4cccc(c4)C(F)(F)F,CHEMBL1683059,IC50,8.51
701010,CN(C)C1CCC(NC(=O)CNC(=O)c2cccc(c2)C(F)(F)F)C(C1)NCc3ccc4[nH]ccc4c3,CHEMBL521275,IC50,8.51
701021,CC(=O)Nc1nc(cs1)C(CCN2CCC(CC2)n3cnc4ccccc34)C(=O)NCc5cc(cc(c5)C(F)(F)F)C(F)(F)F,CHEMBL388486,IC50,8.52
701032,CC(C)[C@@]1(CC[C@H](C1)N2CCC(CC2)c3ccc(F)cc3)C(=O)NCc4cc(cc(c4)C(F)(F)F)C(F)(F)F,CHEMBL428594,IC50,8.52
701043,CNC(=O)Nc1nc(cs1)C(CCN2CCC(CC2)c3ccccc3)C(=O)NCc4cc(cc(c4)C(F)(F)F)C(F)(F)F,CHEMBL230166,IC50,8.52
701054,COC[C@@H]1C[C@@H](CC[C@@H]1N2CC[C@H](Nc3ncnc4ccc(cc34)C(F)(F)F)C2=O)N(C)C(C)C,CHEMBL3577949,IC50,8.52
701065,C[C@H]1CN(CCC(C(=O)NCc2cc(cc(c2)C(F)(F)F)C(F)(F)F)c3csc(NC(=O)C)n3)CCC14C=Cc5ccccc45,CHEMBL438304,IC50,8.52
701075,FC(F)(F)c1ccc2CCN(Cc2c1)C(=O)C34CCOC3CC(C4)NC5CCOCC5,CHEMBL3671254,IC50,8.52
701085,CCCO[C@H]1CN(C[C@@H]1NC(=O)CNC(=O)c2cccc(c2)C(F)(F)F)[C@@H]3CC[C@@H](CC3)c4ccccc4,CHEMBL1290637,IC50,8.54
701096,CO[C@@H]1COCC[C@@H]1N[C@@H]2CC[C@](C2)(C(C)C)C(=O)N3C[C@@H]4C[C@H]3CN4C(=O)OC(C)(C)C,CHEMBL1681819,IC50,8.54
701107,CCc1ccc(cc1)S(=O)(=O)C[C@@H]2C[C@@H](CC[C@@H]2NC(=O)Cc3nc4cccc(c4[nH]3)C(F)(F)F)N(C)C(C)C,CHEMBL2088379,IC50,8.55
701118,CC(C)N1CCN[C@H](C1)C(=O)N2CCN(CC2)C(=O)Nc3nc(c(F)s3)C(C)(C)C,CHEMBL3770008,IC50,8.57
701128,CCCC[C@@H]1C[C@@H](CC[C@@H]1NC(=O)CNC(=O)c2cccc(c2)C(F)(F)F)N(C)C(C)C,CHEMBL3577937,IC50,8.57
701139,CCC[C@@H]1C[C@@H](CC[C@@H]1N2CC[C@H](Nc3ncnc4ccc(Cl)cc34)C2=O)N(C)C(C)C,CHEMBL3577944,IC50,8.57
701150,CSc1ccc(cc1)S(=O)(=O)C[C@@H]2CCCC[C@@H]2NC(=O)CNC(=O)c3cc(ccc3NC(=O)N4CCOCC4)C(F)(F)F,CHEMBL450231,IC50,8.57
701161,CC(C)N(C)[C@@H]1CC[C@@H]([C@H](CS(=O)(=O)C)C1)N2CC[C@H](NC(=O)c3cccc(c3)C(F)(F)F)C2=O,CHEMBL3233178,IC50,8.59
701172,COC(=O)Nc1nc(cs1)C(CCN2CCC(CC2)c3ccccc3)C(=O)NCc4cc(cc(c4)C(F)(F)F)C(F)(F)F,CHEMBL387583,IC50,8.59
701183,O[C@@]1(CC[C@H](CC1)N2CC[C@H](C2)NC(=O)CNC(=O)c3cccc(c3)C(F)(F)F)c4cccnc4,CHEMBL1951769,IC50,8.59
701194,CC(C)N(C)[C@@H]1CC[C@H](NC(=O)CNC(=O)c2cccc(c2)C(F)(F)F)[C@H](CCc3ccccc3)C1,CHEMBL3577940,IC50,8.6
701205,CCC[C@H](O)[C@H](CNCc1ccc(C)cc1C)NC(=O)CNC(=O)c2cc(ccc2NC(=O)N3CCNCC3)C(F)(F)F,CHEMBL2018391,IC50,8.6
701216,COc1cccc2c(c[nH]c12)C3CCN(CC3)C(C4CCN(CC4)C(=O)\C=C\c5cc(F)c(F)c(F)c5)C(=O)O,CHEMBL392748,IC50,8.6
701227,CC(C)[C@@]1(CC[C@H](C1)N[C@@H]2CCc3cc(Br)ccc23)C(=O)N4CCc5ccc(cc5C4)C(F)(F)F,CHEMBL3417235,Ki,8.62
701238,CSc1ccc(CNC2CC(CCC2NC(=O)CNC(=O)c3cccc(c3)C(F)(F)F)N(C)C)cc1,CHEMBL481010,IC50,8.62
701249,CSc1ccc(cc1)C(=O)NC2CC(CCC2NC(=O)CNC(=O)c3cccc(c3)C(F)(F)F)NC(=O)OCc4ccccc4,CHEMBL505722,IC50,8.62
701260,Cc1ccc(cn1)[C@@]2(O)CC[C@H](CC2)N3CC[C@H](C3)NC(=O)CNC(=O)c4cccc(c4)C(F)(F)F,CHEMBL1951777,IC50,8.62
701271,OC[C@H](C1CCN(CC1)C(=O)\C=C\c2cc(F)c(F)c(F)c2)N3CCC(CC3)c4c[nH]c5ccccc45,CHEMBL254355,IC50,8.62
701282,CC(C)N1CCN[C@H](C1)C(=O)N2CCN(CC2)C(=O)Nc3nc(c(Cl)s3)C(C)(C)C,CHEMBL3770591,IC50,8.64
701292,CC(C)[C@@]1(CC[C@H](C1)NC2CCc3cc(Br)ccc23)C(=O)N4CCc5ccc(cc5C4)C(F)(F)F,CHEMBL3417118,Ki,8.64
701303,CCO[C@H]1CN(C[C@@H]1NC(=O)CNC(=O)c2cccc(c2)C(F)(F)F)[C@@H]3CC[C@@](O)(CC3)c4ccc(C)cc4,CHEMBL1289203,IC50,8.64
701314,CCO[C@H]1CN(C[C@@H]1NC(=O)CNC(=O)c2cccc(c2)C(F)(F)F)[C@@H]3CC[C@@](O)(CC3)c4ccccc4,CHEMBL1289083,IC50,8.64
701325,CN(C)C(=O)Nc1nc(cs1)C(CCN2CCC(CC2)c3ccccc3)C(=O)NCc4cc(cc(c4)C(F)(F)F)C(F)(F)F,CHEMBL437552,IC50,8.64
701336,CC(C)N(C)[C@@H]1CC[C@@H]([C@H](C)C1)N2CC[C@H](Nc3ncnc4ccc(cc34)C(F)(F)F)C2=O,CHEMBL3577947,IC50,8.66
701347,CC(C)N(C)[C@@H]1CC[C@@H]([C@H](CS(=O)(=O)C)C1)N2CC[C@H](NC(=O)c3cccc(n3)C(F)(F)F)C2=O,CHEMBL3233179,IC50,8.66
701358,CC(C)[C@@]1(CC[C@H](C1)NC2CCc3ccccc23)C(=O)N4CCc5ccc(cc5C4)C(F)(F)F,CHEMBL3417111,Ki,8.66
701369,CCC[C@H](O)[C@H](CNCc1ccc(C)cc1C)NC(=O)CNC(=O)c2cc(ccc2NC(=O)N3CCC3)C(F)(F)F,CHEMBL2018388,IC50,8.68
701380,CSc1ccc(cc1)S(=O)(=O)C[C@@H]2C[C@@H](CC[C@@H]2NC(=O)CNC(=O)c3cccc(c3)C(F)(F)F)NC(C)C,CHEMBL502516,IC50,8.69
701391,CC(=O)Nc1ccc2[nH]cc(C3CCN(CC3)C(CO)C4CCN(CC4)C(=O)\C=C\c5cc(F)c(F)c(F)c5)c2c1,CHEMBL255302,IC50,8.7
701402,CC(C)[C@@]1(CC[C@H](C1)NC2CC(C)c3cc(Br)ccc23)C(=O)N4CCc5ccc(cc5C4)C(F)(F)F,CHEMBL3417231,Ki,8.7
701413,CC(C)[C@@]1(CC[C@H](C1)N[C@H]2C[C@@H](C)c3cc(Br)ccc23)C(=O)N4CCc5ccc(cc5C4)C(F)(F)F,CHEMBL3417237,Ki,8.7
701424,COC1COCCC1N[C@@H]2C[C@H]3OCC[C@]3(C2)C(=O)N4CCc5ccc(cc5C4)C(F)(F)F,CHEMBL3263270,IC50,8.7
701435,CO[C@@H]1COCC[C@@H]1NC2CCN(CC2)C(=O)c3nc(nc(N4CCc5cc(ccc5C4)C(F)(F)F)c3C)C(F)(F)F,CHEMBL2338390,Ki,8.7
701446,OCC(C1CCN(CC1)C(=O)\C=C\c2ccc(F)c(Br)c2)N3CCC(CC3)c4c[nH]c5ccccc45,CHEMBL402442,IC50,8.7
701457,CC(C)N(C)[C@@H]1CC[C@H](NC(=O)Cc2nc3cccc(c3[nH]2)C(F)(F)F)[C@H](CS(=O)(=O)c4ccc(cc4)C#N)C1,CHEMBL2088380,IC50,8.72
701468,CCN(C(C)C)[C@@H]1CC[C@@H]([C@H](CS(=O)(=O)c2ccccc2)C1)N3CCC(C3=O)c4nc5cccc(c5[nH]4)C(F)(F)F,CHEMBL2088389,IC50,8.72
701479,C[C@H]1CN(CC[C@]12C=Cc3ccccc23)[C@@H]4CC[C@](C4)(C5CC5)C(=O)NCc6cc(F)cc(c6)C(F)(F)F,CHEMBL437359,IC50,8.72
701490,CC(=O)Nc1nc(cs1)C(CCN2CCC(CC2)c3ccc(F)cc3)C(=O)NCc4cc(cc(c4)C(F)(F)F)C(F)(F)F,CHEMBL230790,IC50,8.75
701501,CC(=O)Nc1nc(cs1)[C@H](CCN2CCC(CC2)c3ccccc3)C(=O)NCc4cc(cc(c4)C(F)(F)F)C(F)(F)F,CHEMBL397996,IC50,8.75
701512,CSc1ccc(cc1)C(=O)NC2CCN(C)CC2NC(=O)CNC(=O)c3cc(ccc3N)C(F)(F)F,CHEMBL496343,IC50,8.75
701523,CC(=O)Nc1nc(cs1)C(CCN2CCC3(CC2)C=Cc4ccccc34)C(=O)NCc5cc(cc(c5)C(F)(F)F)C(F)(F)F,CHEMBL388487,IC50,8.77
701534,CCc1nc(NC(=O)N2CCN(CC2)C(=O)[C@H]3CN(CCN3)C(C)C)sc1Cl,CHEMBL3769984,IC50,8.77
701544,CC(C)[C@@]1(CC[C@H](C1)NC2CCc3cc(Cl)ccc23)C(=O)N4CCc5ccc(cc5C4)C(F)(F)F,CHEMBL3417117,Ki,8.8
701555,FC(F)(F)c1cnc2CCN(Cc2c1)C(=O)[C@@]34CCO[C@@H]3C[C@H](C4)N5CCC(CC5)c6ccccc6,CHEMBL3263282,IC50,8.82
701566,CC(=O)Nc1nc(cs1)[C@H](CCN2CCC3(CC2)C=Cc4ccccc34)C(=O)NCc5cc(cc(c5)C(F)(F)F)C(F)(F)F,CHEMBL397948,IC50,8.85
701577,CC(C)[C@@]1(CC[C@H](C1)N2CC[C@@]3(C=Cc4ccccc34)[C@@H](C)C2)C(=O)NCc5cc(F)cc(c5)C(F)(F)F,CHEMBL272369,IC50,8.85
701588,CSc1ccc(cc1)S(=O)(=O)C[C@@H]2C[C@@H](CC[C@@H]2NC(=O)CNC(=O)c3cc(ccc3N)C(F)(F)F)N(C)C(C)C,CHEMBL526752,IC50,8.85
701599,C[C@H]1CN(CC[C@@]12C=Cc3ccccc23)[C@@H]4CC[C@@H](C4)C(=O)NCc5cc(cc(c5)C(F)(F)F)C(F)(F)F,CHEMBL226065,IC50,8.85
701610,CC(C)(O)[C@@]1(CC[C@H](C1)N2CCC(CC2)c3ccc(F)cc3)C(=O)NCc4cc(cc(c4)C(F)(F)F)C(F)(F)F,CHEMBL428602,IC50,8.89
701621,CC(C)N(C)[C@@H]1CC[C@@H]([C@H](CS(=O)(=O)C(C)(C)C)C1)N2CC[C@H](NC(=O)c3cc(F)cc(c3)C(F)(F)F)C2=O,CHEMBL3233190,IC50,8.89
701633,CC(C)N(C)[C@@H]1CC[C@H](NC(=O)CNC(=O)c2cccc(c2)C(F)(F)F)[C@H](CS(=O)(=O)c3ccccc3)C1,CHEMBL1091604,IC50,8.89
701644,CCN(CC)[C@@H]1CC[C@H](NC(=O)CNC(=O)c2cccc(c2)C(F)(F)F)[C@H](CS(=O)(=O)c3ccc(SC)cc3)C1,CHEMBL502793,IC50,8.89
701655,CSc1ccc(cc1)S(=O)(=O)C[C@@H]2C[C@@H](CC[C@@H]2NC(=O)CNC(=O)c3cccc(c3)C(F)(F)F)N(C)C(C)C,CHEMBL502247,IC50,8.89
701666,C[C@H]1CN(CCC(C(=O)NCc2cc(cc(c2)C(F)(F)F)C(F)(F)F)c3csc(N)n3)CCC14C=Cc5ccccc45,CHEMBL229316,IC50,8.89
701677,C[C@H]1CN(CC[C@@]12C=Cc3ccccc23)[C@@H]4CC[C@@](C)(C4)C(=O)NCc5cc(cc(c5)C(F)(F)F)C(F)(F)F,CHEMBL226066,IC50,8.89
701688,NC(=N)Nc1nc(cs1)C(CCN2CCC(CC2)c3ccccc3)C(=O)NCc4cc(cc(c4)C(F)(F)F)C(F)(F)F,CHEMBL397749,IC50,8.89
701699,CC(C)N(C)[C@@H]1CC[C@@H]([C@H](CS(=O)(=O)C(C)(C)C)C1)N2CC[C@H](NC(=O)c3cccc(OC(F)(F)F)c3)C2=O,CHEMBL3233189,IC50,8.92
701710,CC(C)N(C)[C@@H]1CC[C@@H]([C@H](CS(=O)(=O)C)C1)N2CC[C@H](NC(=O)c3cccc(c3)C(C)(C)C)C2=O,CHEMBL3233180,IC50,8.92
701721,CC(C)N(C)[C@@H]1CC[C@@H]([C@H](CS(=O)(=O)c2ccccc2)C1)N3CCC(C3=O)c4nc5cccc(c5[nH]4)C(F)(F)F,CHEMBL2088388,IC50,8.92
701732,CC(C)N1CCN[C@H](C1)C(=O)N2CCN(CC2)C(=O)Nc3nc(C(C)C)c(Cl)s3,CHEMBL3769610,IC50,8.92
701742,CCS(=O)(=O)C[C@@H]1C[C@@H](CC[C@@H]1N2CC[C@H](NC(=O)c3cccc(c3)C(F)(F)F)C2=O)N(C)C(C)C,CHEMBL3233184,IC50,8.92
701753,COc1cc2CCC(N[C@@H]3CC[C@](C3)(C(C)C)C(=O)N4CCc5ccc(cc5C4)C(F)(F)F)c2cc1OC,CHEMBL3417124,Ki,8.92
701764,CC(C)(C)N1CCN[C@H](C1)C(=O)N2CCN(CC2)C(=O)Nc3nc(cs3)C4CC4,CHEMBL3770530,IC50,8.96
701774,CCC[C@H](O)[C@H](CNCC(C)C)NC(=O)CNC(=O)c1cc(ccc1NC(=O)NC(C)C)C(F)(F)F,CHEMBL3577932,IC50,8.96
701785,CCS(=O)(=O)C[C@@H]1C[C@@H](CC[C@@H]1N2CC[C@H](NC(=O)c3cccc(c3)c4ccccc4)C2=O)N(C)C(C)C,CHEMBL3233185,IC50,8.96
701796,CC(C)N(C)[C@@H]1CC[C@@H]([C@H](CS(=O)(=O)c2ccccc2)C1)N3CC[C@H](NC(=O)c4cccc(c4)C(F)(F)F)C3=O,CHEMBL1091605,IC50,9.0
701807,CCC[C@@H]1C[C@@H](CC[C@@H]1N2CC[C@H](NC(=O)c3cc(ccc3NC(=O)NCC)C(F)(F)F)C2=O)N(C)C(C)C,CHEMBL3577942,IC50,9.0
701818,CS(=O)(=O)Nc1ccc2[nH]cc(C3CCN(CC3)C(CO)C4CCN(CC4)C(=O)\C=C\c5cc(F)c(F)c(F)c5)c2c1,CHEMBL254772,IC50,9.0
701829,Cc1c(NC[C@H]2CCC[C@H](O2)c3ccc(cc3)C(F)(F)F)nc(nc1C(=O)N4CCC(CC4)N[C@H]5CCOC[C@H]5F)C6CCOCC6,CHEMBL2338391,Ki,9.0
701840,Cc1ccc(cc1)[C@@]2(O)CC[C@H](CC2)N3CC[C@H](C3)NC(=O)CNC(=O)c4cccc(c4)C(F)(F)F,CHEMBL1951766,IC50,9.0
701851,Cc1onc(c1)c2nc(NC[C@H]3CCC[C@H](O3)c4ccc(cc4)C(F)(F)F)c(C)c(n2)C(=O)N5CCC(CC5)N[C@@H]6CCOC[C@@H]6F,CHEMBL2338393,Ki,9.0
701862,Nc1ccc2[nH]cc(C3CCN(CC3)C(CO)C4CCN(CC4)C(=O)\C=C\c5cc(F)c(F)c(F)c5)c2c1,CHEMBL403889,IC50,9.0
701873,OCC(C1CCN(CC1)C(=O)\C=C\c2cc(F)c(F)c(F)c2)N3CCC(CC3)c4c[nH]c5ccc(O)cc45,CHEMBL404904,IC50,9.0
701884,CC(C)N(C)[C@@H]1CC[C@@H]([C@H](CS(=O)(=O)C(C)(C)C)C1)N2CC[C@H](NC(=O)c3cccc(c3)C(F)(F)F)C2=O,CHEMBL3233188,IC50,9.02
701895,CCO[C@H]1CN(C[C@@H]1NC(=O)CNC(=O)c2cccc(c2)C(F)(F)F)[C@@H]3CC[C@@H](CC3)c4ccccc4,CHEMBL1290636,IC50,9.02
701906,CSc1ccc(CNC2CCN(C)CC2NC(=O)CNC(=O)c3cc(ccc3N)C(F)(F)F)cc1,CHEMBL495924,IC50,9.02
701917,CC(C)N(C)[C@@H]1CC[C@H](NC(=O)Cc2nc3cccc(c3[nH]2)C(F)(F)F)[C@H](CS(=O)(=O)c4ccc(Br)cc4)C1,CHEMBL2088212,IC50,9.05
701928,CC(C)N(C)[C@@H]1CC[C@@H]([C@H](CS(=O)(=O)c2ccccc2)C1)N3CC[C@H](NC(=O)c4cc(F)cc(c4)C(F)(F)F)C3=O,CHEMBL1092941,IC50,9.1
701939,CCC[C@H](O)[C@H](CNCC(C)(C)C)NC(=O)CNC(=O)c1cc(ccc1NC(=O)NC(C)C)C(F)(F)F,CHEMBL3577933,IC50,9.1
701950,CNC(=O)Nc1nc(cs1)[C@H](CCN2CCC3(CC2)C=Cc4ccccc34)C(=O)NCc5cc(cc(c5)C(F)(F)F)C(F)(F)F,CHEMBL389771,IC50,9.1
701961,CC(C)N(C)[C@@H]1CC[C@@H]([C@H](CS(=O)(=O)C)C1)N2CC[C@H](NC(=O)c3cccc(n3)C(C)(C)C)C2=O,CHEMBL3233181,IC50,9.16
701972,Cc1nc(NC(=O)N2CCN(CC2)C(=O)[C@H]3CN(CCN3)C(C)(C)C)sc1Cl,CHEMBL3769444,IC50,9.19
701982,CO[C@@H]1COCC[C@@H]1NC2CCN(CC2)C(=O)c3nc(CF)nc(Nc4ccc(Cl)c(Cl)c4)c3C,CHEMBL2338392,Ki,9.22
701993,CS(=O)(=O)Nc1ccc2[nH]cc(C3CCN(CC3)C(CO)C4CCN(CC4)C(=O)\C=C\c5ccc(Cl)c(Cl)c5)c2c1,CHEMBL256301,IC50,9.22
702004,OCC(C1CCN(CC1)C(=O)\C=C\c2cc(F)cc(F)c2)N3CCC(CC3)c4c[nH]c5ccccc45,CHEMBL257191,IC50,9.22
702015,CO[C@@H]1COCC[C@@H]1N[C@@H]2CC[C@](C2)(C(C)C)C(=O)N3CCc4ncc(cc4C3)C(F)(F)F,CHEMBL3305901,Ki,9.26
702026,CC(C)N(C)[C@@H]1CC[C@@H]([C@H](CS(=O)(=O)C(C)C)C1)N2CC[C@H](NC(=O)c3cccc(c3)C(C)(C)C)C2=O,CHEMBL3233187,IC50,9.3
702037,CC[C@@H]1C[C@@H](CC[C@@H]1N2CC[C@H](Nc3ncnc4ccc(cc34)C(F)(F)F)C2=O)N(C)C(C)C,CHEMBL3577946,IC50,9.3
702048,CNC(=O)Nc1nc(cs1)[C@H](CCN2CCC(CC2)c3ccccc3)C(=O)NCc4cc(cc(c4)C(F)(F)F)C(F)(F)F,CHEMBL230281,IC50,9.37
702059,CC(C)N(C)[C@@H]1CC[C@@H]([C@H](CS(=O)(=O)c2ccc(C)cc2)C1)N3CC[C@H](NC(=O)c4cccc(c4)C(F)(F)F)C3=O,CHEMBL1092678,IC50,9.4
702070,CC(C)[C@@H]1C[C@@H](CC[C@@H]1N2CC[C@H](Nc3ncnc4ccc(cc34)C(F)(F)F)C2=O)N(C)C(C)C,CHEMBL3577948,IC50,9.4
702081,CSc1ccc(cc1)S(=O)(=O)C[C@@H]2C[C@@H](CC[C@@H]2NC(=O)CNC(=O)c3cccc(c3)C(F)(F)F)N(C)C,CHEMBL497202,IC50,9.43
702092,CC(C)N(C)[C@@H]1CC[C@@H]([C@H](CS(=O)(=O)C(C)C)C1)N2CC[C@H](NC(=O)c3cccc(c3)C(F)(F)F)C2=O,CHEMBL3233186,IC50,9.47
702103,CCN(C(C)C)[C@@H]1CC[C@@H]([C@H](CS(=O)(=O)c2ccccc2)C1)N3CC[C@H](NC(=O)c4cccc(c4)C(F)(F)F)C3=O,CHEMBL1090893,IC50,9.52
702114,CNC(=O)c1cccc(c1)C2CCN(CC2)[C@@H]3C[C@H]4OCC[C@]4(C3)C(=O)N5COc6ccc(cc6C5)C(F)(F)F,CHEMBL3263286,IC50,9.6
702125,OCC(C1CCN(CC1)C(=O)\C=C\c2ccc(Cl)c(Cl)c2)N3CCC(CC3)c4c[nH]c5ccccc45,CHEMBL258205,IC50,9.7
702136,CC(C)(C)N1CCN[C@H](C1)C(=O)N2CCN(CC2)C(=O)Nc3nc(c(Cl)s3)C(F)(F)F,CHEMBL3770912,IC50,9.89
