id,smiles,name,assay_type,activity_value
3409476,CC(C)(C)c1ccc(cc1)S(=O)(=O)Nc2ccc(Cl)c3C(=O)N(CCc4cccnc4)C(=O)c23,CHEMBL3800351,Ki,7.0
3409488,CC(C)(C)c1ccc(cc1)S(=O)(=O)Nc2ccc(Cl)cc2c3ncccc3N,CHEMBL3604477,IC50,7.02
3409499,CC(C)(C)c1ccc(Cn2c(cc3ccc(cc23)C#N)C(=O)O)cn1,CHEMBL3815007,IC50,7.03
3409510,CC(C)(C)c1ccc(cc1)S(=O)(=O)Nc2ccc(Cl)c3C(=O)N(C(=O)c23)c4cccnc4F,CHEMBL3799853,Ki,7.04
3409521,CC(C)(C)c1ccc(cc1)S(=O)(=O)Nc2ccc(Cl)cc2c3ncccc3CO,CHEMBL3604478,IC50,7.05
3409532,Cc1ccc(CN2C(=O)c3c(Cl)ccc(NS(=O)(=O)c4ccc(cc4)C(C)(C)C)c3C2=O)cn1,CHEMBL3799395,Ki,7.07
3409543,Cc1ccc2cc(C(=O)O)n(Cc3ccc(cc3)C(C)(C)C)c2c1,CHEMBL3814176,IC50,7.07
3409554,COc1ccc(cn1)N2C(=O)c3c(Cl)ccc(NS(=O)(=O)c4ccc(cc4)C(C)(C)C)c3C2=O,CHEMBL3797948,Ki,7.11
3409565,COc1ncccc1CN2C(=O)c3c(Cl)ccc(NS(=O)(=O)c4ccc(cc4)C(C)(C)C)c3C2=O,CHEMBL3798577,Ki,7.11
3409576,CC(C)(C)c1ccc(cc1)S(=O)(=O)Nc2ccc(Cl)c3C(=O)N(Cc4ccc[n+]([O-])c4)C(=O)c23,CHEMBL3799220,Ki,7.13
3409587,COc1ccc2cc(C(=O)O)n(Cc3ccc(cc3)C(C)(C)C)c2c1,CHEMBL3815051,IC50,7.13
3409598,CC(C)(C)c1ccc(cc1)S(=O)(=O)Nc2ccc(Cl)c3C(=O)N(C(=O)c23)c4cncc(c4)C#N,CHEMBL3800355,Ki,7.14
3409609,CC1(CCOCC1)c2ccc(Cn3c(cc4ncc(Cl)cc34)C(=O)O)cc2,CHEMBL3814683,IC50,7.16
3409620,CCc1ncnc(c1O)c2cc(Cl)ccc2NS(=O)(=O)c3ccc(cc3)C(C)(C)C,CHEMBL3604496,IC50,7.22
3409631,COc1cncc(CN2C(=O)c3c(Cl)ccc(NS(=O)(=O)c4ccc(cc4)C(C)(C)C)c3C2=O)c1,CHEMBL3799328,Ki,7.23
3409642,Cc1cccc(CN2C(=O)c3c(Cl)ccc(NS(=O)(=O)c4ccc(cc4)C(C)(C)C)c3C2=O)n1,CHEMBL3798104,Ki,7.24
3409653,Cc1ccnc(c1)N2C(=O)c3c(Cl)ccc(NS(=O)(=O)c4ccc(cc4)C(C)(C)C)c3C2=O,CHEMBL3798670,Ki,7.27
3409664,CC(C)(C)c1ccc(cc1)S(=O)(=O)Nc2ccc(Cl)cc2c3nccc(C(=O)N)c3O,CHEMBL3604482,IC50,7.28
3409675,Cc1ccc(CN2C(=O)c3c(Cl)ccc(NS(=O)(=O)c4ccc(cc4)C(C)(C)C)c3C2=O)nc1,CHEMBL3798206,Ki,7.29
3409686,CC(C)(C)c1ccc(cc1)S(=O)(=O)Nc2ccc(Cl)c3C(=O)N(C(=O)c23)c4cc(ccn4)C#N,CHEMBL3798681,Ki,7.35
3409697,CC(C)(C)c1ccc(cc1)S(=O)(=O)Nc2ccc(Cl)c3C(=O)N(Cc4cccc[n+]4[O-])C(=O)c23,CHEMBL3798178,Ki,7.4
3409708,CC(C)(C)c1ccc(Cn2c(cc3ccc(Br)cc23)C(=O)O)cc1,CHEMBL3813888,IC50,7.44
3409719,COCC(C)(C)c1ccc(Cn2c(cc3ncc(Cl)cc23)C(=O)O)cc1,CHEMBL3814811,IC50,7.46
3409730,COc1ccncc1N2C(=O)c3c(Cl)ccc(NS(=O)(=O)c4ccc(cc4)C(C)(C)C)c3C2=O,CHEMBL3799487,Ki,7.46
3409741,CC(C)(C)c1ccc(cc1)S(=O)(=O)Nc2ccc(Cl)cc2c3nccnc3NCCO,CHEMBL3604499,IC50,7.47
3409752,COc1ncccc1N2C(=O)c3c(Cl)ccc(NS(=O)(=O)c4ccc(cc4)C(C)(C)C)c3C2=O,CHEMBL3799229,Ki,7.5
3409763,CC(C)(C)c1ccc(cc1)S(=O)(=O)Nc2ccc(Cl)c3C(=O)N(Cc4cncc(c4)C#N)C(=O)c23,CHEMBL3799280,Ki,7.51
3409774,CC(C)(C)c1ccc(cc1)S(=O)(=O)Nc2ccc(Cl)c3C(=O)N(C(=O)c23)c4cccc(n4)C#N,CHEMBL3799828,Ki,7.52
3409785,CC(C)(C)c1ccc(cc1)S(=O)(=O)Nc2ccc(Cl)c3C(=O)N(Cc4cc[n+]([O-])cc4)C(=O)c23,CHEMBL3797624,Ki,7.52
3409796,CC(C)(C)c1ccc(cc1)S(=O)(=O)Nc2ccc(Cl)cc2c3nc(N)ncc3O,CHEMBL3604489,IC50,7.52
3409807,Cc1cncc(c1)N2C(=O)c3c(Cl)ccc(NS(=O)(=O)c4ccc(cc4)C(C)(C)C)c3C2=O,CHEMBL3800161,Ki,7.52
3409818,CC(C)(C)c1ccc(Cn2c(cc3ccc(Cl)cc23)C(=O)O)cn1,CHEMBL3814511,IC50,7.54
3409829,CC(C)(C)c1ccc(cc1)S(=O)(=O)Nc2ccc(Cl)cc2c3ncccc3O,CHEMBL3604476,IC50,7.54
3409840,COc1nccc(C)c1N2C(=O)c3c(Cl)ccc(NS(=O)(=O)c4ccc(cc4)C(C)(C)C)c3C2=O,CHEMBL3798723,Ki,7.55
3409851,CC(C)(C)c1ccc(cc1)S(=O)(=O)Nc2ccc(Cl)c3C(=O)N(Cc4cccnc4)C(=O)c23,CHEMBL3797858,Ki,7.57
3409862,CNc1ncc(O)c(n1)c2cc(Cl)ccc2NS(=O)(=O)c3ccc(cc3)C(C)(C)C,CHEMBL3604490,IC50,7.57
3409873,CC(C)(C)c1ccc(cc1)S(=O)(=O)Nc2ccc(Cl)cc2c3nncc(N4CCOCC4)c3N,CHEMBL3604494,IC50,7.59
3409884,CC(C)(C)c1ccc(cc1)S(=O)(=O)Nc2ccc(Cl)c3C(=O)N(C(=O)c23)c4cccnc4,CHEMBL3799968,Ki,7.6
3409895,CCc1c(OC)cncc1N2C(=O)c3c(Cl)ccc(NS(=O)(=O)c4ccc(cc4)C(C)(C)C)c3C2=O,CHEMBL3799199,Ki,7.6
3409906,CNc1nccnc1c2cc(Cl)ccc2NS(=O)(=O)c3ccc(cc3)C(C)(C)C,CHEMBL3604497,IC50,7.6
3409917,Cc1c(ccc[n+]1[O-])N2C(=O)c3c(Cl)ccc(NS(=O)(=O)c4ccc(cc4)C(C)(C)C)c3C2=O,CHEMBL3797271,Ki,7.62
3409928,Cc1ccncc1CN2C(=O)c3c(Cl)ccc(NS(=O)(=O)c4ccc(cc4)C(C)(C)C)c3C2=O,CHEMBL3797235,Ki,7.62
3409939,CC(C)(C)c1ccc(cc1)S(=O)(=O)Nc2ccc(Cl)cc2c3nccnc3N,CHEMBL3604486,IC50,7.64
3409950,CC(C)(C)c1ccc(cc1)S(=O)(=O)Nc2ccc(Cl)cc2c3nnccc3N,CHEMBL3604487,IC50,7.64
3409961,Cc1cncc(CN2C(=O)c3c(Cl)ccc(NS(=O)(=O)c4ccc(cc4)C(C)(C)C)c3C2=O)c1,CHEMBL3799348,Ki,7.64
3409972,CC(C)(C)c1ccc(cc1)S(=O)(=O)Nc2ccc(Cl)c3C(=O)N(C(=O)c23)c4cc(F)ccn4,CHEMBL3800584,Ki,7.66
3409983,COc1cccnc1N2C(=O)c3c(Cl)ccc(NS(=O)(=O)c4ccc(cc4)C(C)(C)C)c3C2=O,CHEMBL3797425,Ki,7.66
3409994,COc1cncc(c1)N2C(=O)c3c(Cl)ccc(NS(=O)(=O)c4ccc(cc4)C(C)(C)C)c3C2=O,CHEMBL3800331,Ki,7.66
3410005,Cc1ccc(nc1)N2C(=O)c3c(Cl)ccc(NS(=O)(=O)c4ccc(cc4)C(C)(C)C)c3C2=O,CHEMBL3798400,Ki,7.68
3410016,CC(C)(C)c1ccc(Cn2c(cc3ncc(Cl)cc23)C(=O)O)cc1,CHEMBL3814736,IC50,7.7
3410027,CC(C)(C)c1ccc(cc1)S(=O)(=O)Nc2ccc(Cl)c3C(=O)N(Cc4ccccn4)C(=O)c23,CHEMBL3799726,Ki,7.7
3410038,CC(C)(C)c1ccc(cc1)S(=O)(=O)Nc2ccc(C#N)c3C(=O)N(Cc4cccnc4)C(=O)c23,CHEMBL3799062,Ki,7.72
3410049,CC(C)(C)c1ccc(cc1)S(=O)(=O)Nc2ccc(Cl)c3C(=O)N(C(=O)c23)c4ccc(F)nc4,CHEMBL3800073,Ki,7.72
3410060,Cc1ccc(cn1)N2C(=O)c3c(Cl)ccc(NS(=O)(=O)c4ccc(cc4)C(C)(C)C)c3C2=O,CHEMBL3799770,Ki,7.72
3410071,Cc1cccc(n1)N2C(=O)c3c(Cl)ccc(NS(=O)(=O)c4ccc(cc4)C(C)(C)C)c3C2=O,CHEMBL3799111,Ki,7.72
3410082,COc1cncc(N2C(=O)c3c(Cl)ccc(NS(=O)(=O)c4ccc(cc4)C(C)(C)C)c3C2=O)c1C,CHEMBL3800627,Ki,7.75
3410093,Cc1cnc(C#N)c(c1)N2C(=O)c3c(Cl)ccc(NS(=O)(=O)c4ccc(cc4)C(C)(C)C)c3C2=O,CHEMBL3797290,Ki,7.75
3410104,CC(C)(C)c1ccc(cc1)S(=O)(=O)Nc2ccc(Cl)c3C(=O)N(Cc4ccncc4)C(=O)c23,CHEMBL3800135,Ki,7.77
3410115,CC(C)(C)c1ccc(cc1)S(=O)(=O)Nc2ccc(Cl)c3C(=O)N(C(=O)c23)c4ccc[n+]([O-])c4,CHEMBL3800052,Ki,7.8
3410126,COc1ccc(nc1C)N2C(=O)c3c(Cl)ccc(NS(=O)(=O)c4ccc(cc4)C(C)(C)C)c3C2=O,CHEMBL3798346,Ki,7.8
3410137,COc1ncc(C)cc1N2C(=O)c3c(Cl)ccc(NS(=O)(=O)c4ccc(cc4)C(C)(C)C)c3C2=O,CHEMBL3797722,Ki,7.8
3410148,CC(C)(C)c1ccc(cc1)S(=O)(=O)Nc2ccc(Cl)cc2c3ncnc(N)c3O,CHEMBL3604492,IC50,7.85
3410159,COc1ccc(N2C(=O)c3c(Cl)ccc(NS(=O)(=O)c4ccc(cc4)C(C)(C)C)c3C2=O)c(C)n1,CHEMBL3797989,Ki,7.85
3410170,Cc1ncccc1N2C(=O)c3c(Cl)ccc(NS(=O)(=O)c4ccc(cc4)C(C)(C)C)c3C2=O,CHEMBL3800062,Ki,7.85
3410181,CC(C)(C)c1ccc(cc1)S(=O)(=O)Nc2ccc(Cl)c3C(=O)N(Cc4ncccc4F)C(=O)c23,CHEMBL3797603,Ki,7.89
3410192,Cc1ccc(CN2C(=O)c3c(Cl)ccc(NS(=O)(=O)c4ccc(cc4)C(C)(C)C)c3C2=O)[n+]([O-])c1,CHEMBL3800291,Ki,7.89
3410203,CC(C)(C)c1ccc(cc1)S(=O)(=O)Nc2ccc(Cl)c3C(=O)N(C(=O)c23)c4ccccn4,CHEMBL3798612,Ki,7.92
3410214,Cc1cc[n+]([O-])cc1CN2C(=O)c3c(Cl)ccc(NS(=O)(=O)c4ccc(cc4)C(C)(C)C)c3C2=O,CHEMBL3797753,Ki,7.92
3410225,CC(C)(C)c1ccc(cc1)S(=O)(=O)Nc2ccc(Cl)c3C(=O)N(C(=O)c23)c4ccncc4,CHEMBL3797572,Ki,7.96
3410238,CC(C)(C)c1ccc(cc1)S(=O)(=O)Nc2ccc(Cl)cc2C(=O)c3ccn(=O)cc3,CHEMBL2178578,IC50,7.96
3410249,CC(C)(C)c1ccc(cc1)S(=O)(=O)Nc2ccc(Cl)cc2c3ncnc(CO)c3O,CHEMBL3604495,IC50,7.96
3410260,CC(C)(C)c1ccc(cc1)S(=O)(=O)Nc2ccc(Cl)cc2c3ncncc3O,CHEMBL3604488,IC50,7.96
3410271,Cc1cnc(C)c(c1)N2C(=O)c3c(Cl)ccc(NS(=O)(=O)c4ccc(cc4)C(C)(C)C)c3C2=O,CHEMBL3797825,Ki,7.96
3410282,CC(C)(C)c1ccc(cc1)S(=O)(=O)Nc2ccc(Cl)c3C(=O)N(C(=O)c23)c4ccc(F)cn4,CHEMBL3797882,Ki,8.0
3410293,CCOc1ccncc1N2C(=O)c3c(Cl)ccc(NS(=O)(=O)c4ccc(cc4)C(C)(C)C)c3C2=O,CHEMBL3800270,Ki,8.05
3410304,CN(C)c1ncnc(c1O)c2cc(Cl)ccc2NS(=O)(=O)c3ccc(cc3)C(C)(C)C,CHEMBL3604493,IC50,8.05
3410315,CC(C)(C)c1ccc(cc1)S(=O)(=O)Nc2ccc(Cl)cc2c3nccc(CO)c3O,CHEMBL3604483,IC50,8.06
3410326,CC(C)(C)c1ccc(Cn2c(cc3ccc(cc23)C#N)C(=O)O)cc1,CHEMBL3814136,IC50,8.1
3410337,COc1ccc(N2C(=O)c3c(Cl)ccc(NS(=O)(=O)c4ccc(cc4)C(C)(C)C)c3C2=O)c(OC)n1,CHEMBL3798193,Ki,8.1
3410348,Cc1ccncc1N2C(=O)c3c(Cl)ccc(NS(=O)(=O)c4ccc(cc4)C(C)(C)C)c3C2=O,CHEMBL3799829,Ki,8.16
3410359,COc1c(ccc[n+]1[O-])N2C(=O)c3c(Cl)ccc(NS(=O)(=O)c4ccc(cc4)C(C)(C)C)c3C2=O,CHEMBL3798368,Ki,8.22
3410370,Cc1ccc(N2C(=O)c3c(Cl)ccc(NS(=O)(=O)c4ccc(cc4)C(C)(C)C)c3C2=O)c(C)n1,CHEMBL3798186,Ki,8.22
3410381,Cc1cnccc1N2C(=O)c3c(Cl)ccc(NS(=O)(=O)c4ccc(cc4)C(C)(C)C)c3C2=O,CHEMBL3798484,Ki,8.22
3410392,CC(C)(C)c1ccc(cc1)S(=O)(=O)Nc2ccc(Cl)cc2c3ncncc3N,CHEMBL3604485,IC50,8.5
3410403,CC(C)(C)c1ccc(Cn2c(cc3cnc(Cl)cc23)C(=O)O)cc1,CHEMBL3814804,IC50,8.82
3410414,CC(C)(C)c1ccc(cc1)S(=O)(=O)Nc2ccc(Cl)cc2c3ncccn3,CHEMBL3604484,IC50,9.52
