id,smiles,name,assay_type,activity_value
6103065,CC(C)[C@@H]1CC[C@@H](CC1)N2CC(C2)NC(=O)CNc3ncnc4ccc(cc34)C(F)(F)F,CHEMBL3704126,IC50,7.0
6103075,CCC(O)[C@@H]1CC[C@@H](CC1)N2CC(C2)NC(=O)CNc3cc(nc4ccc(cc34)C(F)(F)F)C(F)(F)F,CHEMBL3704044,IC50,7.0
6103084,COCC[C@@H]1CC[C@@H](CC1)N2CC(C2)NC(=O)CNc3ncnc4ccc(cc34)C(F)(F)F,CHEMBL3704129,IC50,7.01
6103093,CON(C)C(=O)C1CCC(CC1)N2CC(C2)NC(=O)CNc3ncnc4ccc(cc34)C(F)(F)F,CHEMBL3704134,IC50,7.04
6103102,FC(F)(F)c1ccc2nccc(NCC(=O)NC3CN(C3)[C@@H]4CC[C@@H](CC4)N5C=CC=CC5=O)c2c1,CHEMBL3704076,IC50,7.04
6103111,CC(O)[C@@H]1CC[C@@H](CC1)N2CC(C2)NC(=O)CNc3ncnc4ccc(cc34)C(F)(F)F,CHEMBL3704108,IC50,7.05
6103120,CC(C)C1CCC(CC1)N2CC(C2)NC(=O)CNc3ncnc4ccc(cc34)C(C)(F)F,CHEMBL3659058,IC50,7.07
6103129,CCC(OC)[C@@H]1CC[C@@H](CC1)N2CC(C2)NC(=O)CNc3ncnc4ccc(cc34)C(F)(F)F,CHEMBL3704128,IC50,7.08
6103138,CC1CCC(CC1)N2CC(C2)NC(=O)CNc3ncnc4ccc(cc34)C(F)(F)F,CHEMBL3704127,IC50,7.09
6103147,FC(F)(F)C(=O)NC[C@@H]1CC[C@@H](CC1)N2CC(C2)NC(=O)CNc3ncnc4ccc(cc34)C(F)(F)F,CHEMBL3704121,IC50,7.09
6103156,FC(F)(F)c1ccc2ncnc(NCC(=O)NC3CN(C3)C4CCC(CC4)N5CCCC5=O)c2c1,CHEMBL3704059,IC50,7.11
6103165,CC(=C)C(O)[C@@H]1CC[C@@H](CC1)N2CC(C2)NC(=O)CNc3ncnc4ccc(cc34)C(F)(F)F,CHEMBL3704107,IC50,7.13
6103174,CC(=C)[C@@H]1CC[C@@H](CC1)N2CC(C2)NC(=O)CNc3ncnc4ccc(cc34)C(F)(F)F,CHEMBL3704055,IC50,7.13
5027683,CCC(O)[C@@H]1CC[C@@H](CC1)N2CC(C2)NC(=O)CNc3nccc4ccc(cc34)C(F)(F)C(F)(F)F,CHEMBL3659054,IC50,7.14
6103184,FC(F)(F)c1ccc2ncnc(NCC(=O)NC3CN(C3)C4CCC(CC4)N5CCS(=O)(=O)CC5)c2c1,CHEMBL3704142,IC50,7.14
6103193,OC([C@@H]1CC[C@@H](CC1)N2CC(C2)NC(=O)CNc3ncnc4ccc(cc34)C(F)(F)F)C(F)(F)F,CHEMBL3704053,IC50,7.14
6103202,OC1(CCC(CC1)N2CC(C2)NC(=O)CNc3ccnc4ccc(cc34)C(F)(F)F)c5cncs5,CHEMBL3704045,IC50,7.14
6103211,O[C@@H]1CC[C@@H](CC1)N2CC(C2)NC(=O)CNc3ncnc4ccc(cc34)C(F)(F)F,CHEMBL3704119,IC50,7.17
6103220,FC(F)(F)c1ccc2ncnc(NCC(=O)NC3CN(C3)[C@@H]4CC[C@@H](CC4)C5CNC(=O)O5)c2c1,CHEMBL3704041,IC50,7.19
6103229,FC(F)(F)c1ccc2ncnc(NCC(=O)NC3CN(C3)[C@@H]4CC[C@@H](CC4)N5CCCCO5)c2c1,CHEMBL3704070,IC50,7.19
6103238,FC(F)(F)c1ccc2ncnc(NCC(=O)NC3CN(C3)C4CCCCC4)c2c1,CHEMBL3704112,IC50,7.2
6103247,COCC(O)[C@@H]1CC[C@@H](CC1)N2CC(C2)NC(=O)CNc3ncnc4ccc(cc34)C(F)(F)F,CHEMBL3704039,IC50,7.24
6103256,FC(F)(F)c1ccc2ncnc(NCC(=O)NC3CN(C3)[C@@H]4CC[C@@H](CC4)C5CCOC(=O)N5)c2c1,CHEMBL3704036,IC50,7.24
6103265,OC[C@@H]1CC[C@@H](CC1)N2CC(C2)NC(=O)CNc3ncnc4ccc(cc34)C(F)(F)F,CHEMBL3704118,IC50,7.24
6103274,COc1cccc(n1)C2(O)CCC(CC2)N3CC(C3)NC(=O)CNc4ncnc5ccc(cc45)C(F)(F)F,CHEMBL3704094,IC50,7.25
6103283,OCc1ccccc1C2CCC(CC2)N3CC(C3)NC(=O)CNc4ncnc5ccc(cc45)C(F)(F)F,CHEMBL3704090,IC50,7.26
695029,O[C@@]1(CC[C@H](CC1)N2CC(C2)NC(=O)CNc3cc(nc4ccc(cc34)C(F)(F)F)C(F)(F)F)c5cncs5,CHEMBL2315939,IC50,7.3
6103293,FC(F)(F)c1ccc2ncnc(NCC(=O)NC3CN(C3)[C@@H]4CC[C@@H](CC4)C5CCCO5)c2c1,CHEMBL3704034,IC50,7.31
6103302,CC(C)C(O)C1CCC(CC1)N2CC(C2)NC(=O)CNc3ncnc4ccc(cc34)C(F)(F)F,CHEMBL3659056,IC50,7.36
6103311,CCC(O)[C@@H]1CC[C@H](CC1)N2CC(C2)NC(=O)CNc3nccc4ccc(cc34)C(F)(F)F,CHEMBL3659052,IC50,7.36
6103320,CCC(N)[C@@H]1CC[C@@H](CC1)N2CC(C2)NC(=O)CNc3ncnc4ccc(cc34)C(F)(F)F,CHEMBL3704144,IC50,7.4
6103329,FC(F)(F)c1ccc2nc(cc(NCC(=O)NC3CN(C3)[C@@H]4CC[C@@H](CC4)N5C=CC=CC5=O)c2c1)C#N,CHEMBL3704078,IC50,7.4
695654,O[C@@]1(CC[C@H](CC1)N2CC(C2)NC(=O)CNc3ncnc4ccc(cc34)C(F)(F)F)c5cncs5,CHEMBL2315924,IC50,7.4
6103339,OC1(CCC(CC1)N2CC(C2)NC(=O)CNc3nc(nc4ccc(cc34)C(F)(F)F)C(F)(F)F)c5cncs5,CHEMBL3704098,IC50,7.41
6103348,O[C@@]1(CC[C@H](CC1)N2CC(C2)NC(=O)CN(C(=O)OCc3ccccc3)c4nccc5ccc(cc45)C(F)(F)F)c6cncs6,CHEMBL3704080,IC50,7.41
6103357,CC(=O)NC[C@@H]1CC[C@@H](CC1)N2CC(C2)NC(=O)CNc3ncnc4ccc(cc34)C(F)(F)F,CHEMBL3704120,IC50,7.43
6103366,CCCN(C=O)[C@@H]1CC[C@@H](CC1)N2CC(C2)NC(=O)CNc3ncnc4ccc(cc34)C(F)(F)F,CHEMBL3704069,IC50,7.43
6103375,CC(C)C(O)[C@@H]1CC[C@@H](CC1)N2CC(C2)NC(=O)CNc3nccc4ccc(cc34)C(F)(F)F,CHEMBL3659053,IC50,7.46
6103384,FC(F)(F)c1ccc2ncnc(NCC(=O)NC3CN(C3)[C@@H]4CC[C@@H](CC4)C5COC(=O)N5)c2c1,CHEMBL3704035,IC50,7.46
6103393,CC(C)(O)C1CCC(CC1)N2CC(C2)NC(=O)CNc3ncnc4ccc(cc34)C(F)(F)F,CHEMBL3704048,IC50,7.48
6103402,CCC(OC(=O)C)[C@@H]1CC[C@@H](CC1)N2CC(C2)NC(=O)CNc3ncnc4ccc(cc34)C(F)(F)F,CHEMBL3704111,IC50,7.55
6103411,OC(C#C)[C@@H]1CC[C@@H](CC1)N2CC(C2)NC(=O)CNc3ncnc4ccc(cc34)C(F)(F)F,CHEMBL3704106,IC50,7.55
6103420,O[C@@]1(CC[C@H](CC1)N2CC(C2)NC(=O)CNc3cc(nc4ccc(cc34)C(F)(F)F)C(F)(F)F)c5nccs5,CHEMBL3704043,IC50,7.55
6103429,Cc1ncc(s1)C2(O)CCC(CC2)N3CC(C3)NC(=O)CNc4ncnc5ccc(cc45)C(F)(F)F,CHEMBL3704095,IC50,7.57
6103438,OC(C1CC1)C2CCC(CC2)N3CC(C3)NC(=O)CNc4ncnc5ccc(cc45)C(F)(F)F,CHEMBL3659055,IC50,7.6
699052,O[C@@]1(CC[C@H](CC1)N2CC(C2)NC(=O)CNc3ncnc4ccc(cc34)C(F)(F)F)c5nccs5,CHEMBL2315922,IC50,7.6
6103448,OC(C1CCCC1)[C@@H]2CC[C@@H](CC2)N3CC(C3)NC(=O)CNc4ncnc5ccc(cc45)C(F)(F)F,CHEMBL3704105,IC50,7.62
6103457,OC1(CC=CC1)C2CCC(CC2)N3CC(C3)NC(=O)CNc4ncnc5ccc(cc45)C(F)(F)F,CHEMBL3704047,IC50,7.64
697067,O[C@@]1(CC[C@H](CC1)N2CC(C2)NC(=O)CNc3cc(nc4ccc(cc34)C(F)(F)F)C#N)c5cncs5,CHEMBL2315940,IC50,7.64
6103467,CC(C)C(O)[C@@H]1CC[C@H](CC1)N2CC(C2)NC(=O)CNc3nncc4ccc(cc34)C(F)(F)F,CHEMBL3659048,IC50,7.66
6103476,CC(C)c1ncc(s1)C2(O)CCC(CC2)N3CC(C3)NC(=O)CNc4ncnc5ccc(cc45)C(F)(F)F,CHEMBL3704096,IC50,7.66
6103485,OC(C1CC1)[C@@H]2CC[C@@H](CC2)N3CC(C3)NC(=O)CNc4ncnc5ccc(cc45)C(F)(F)F,CHEMBL3659057,IC50,7.66
6103494,OC1(CCC(CC1)N2CC(C2)NC(=O)CNc3ncnc4ccc(cc34)C(F)(F)F)c5ccns5,CHEMBL3704097,IC50,7.66
6103503,CCC(O)[C@@H]1CC[C@@H](CC1)N2CC(C2)NC(=O)CNc3ncnc4ccc(cc34)C(F)(F)F,CHEMBL3704104,IC50,7.68
6103512,FC(F)(F)c1ccc2ncnc(NCC(=O)NC3CN(C3)C4CCC(CC4)c5ccccc5C#N)c2c1,CHEMBL3704089,IC50,7.68
6103521,FC(F)(F)c1ccc2ncnc(NCC(=O)NC3CN(C3)[C@@H]4CC[C@@H](CC4)C5CCC(=O)N5)c2c1,CHEMBL3704031,IC50,7.68
6103530,O[C@@]1(CC[C@@H](CC1)N2CC(C2)NC(=O)CNc3nccc4ccc(cc34)C(F)(F)F)c5cncs5,CHEMBL3659051,IC50,7.7
6103539,O[C@@]1(CC[C@@H](CC1)N2CC(C2)NC(=O)CNc3nncc4ccc(cc34)C(F)(F)F)c5cncs5,CHEMBL3659042,IC50,7.7
6103548,COc1ccc(cn1)C2(O)CCC(CC2)N3CC(C3)NC(=O)CNc4ncnc5ccc(cc45)C(F)(F)F,CHEMBL3704093,IC50,7.72
6103557,OC([C@@H]1CC[C@@H](CC1)N2CC(C2)NC(=O)CNc3ncnc4ccc(cc34)C(F)(F)F)c5cncs5,CHEMBL3704110,IC50,7.72
6103566,OCC[C@@H]1CC[C@@H](CC1)N2CC(C2)NC(=O)CNc3ncnc4ccc(cc34)C(F)(F)F,CHEMBL3704117,IC50,7.72
6103575,Nc1cccnc1C2CCC(CC2)N3CC(C3)NC(=O)CNc4ncnc5ccc(cc45)C(F)(F)F,CHEMBL3704088,IC50,7.77
6103584,OC1(CCC(CC1)N2CC(C2)NC(=O)CNc3ccnc4ccc(cc34)C(F)(F)F)c5nccs5,CHEMBL3704046,IC50,7.77
6103593,OC(C=C)[C@@H]1CC[C@@H](CC1)N2CC(C2)NC(=O)CNc3ncnc4ccc(cc34)C(F)(F)F,CHEMBL3704103,IC50,7.8
6103602,OC(CC=C)[C@@H]1CC[C@@H](CC1)N2CC(C2)NC(=O)CNc3ncnc4ccc(cc34)C(F)(F)F,CHEMBL3704102,IC50,7.8
6103611,OC(CN=[N+]=[N-])[C@@H]1CC[C@@H](CC1)N2CC(C2)NC(=O)CNc3ncnc4ccc(cc34)C(F)(F)F,CHEMBL3704038,IC50,7.8
6103620,CCC(O)[C@@H]1CC[C@H](CC1)N2CC(C2)NC(=O)CNc3nncc4ccc(cc34)C(F)(F)F,CHEMBL3659045,IC50,7.82
6103629,FC(F)(F)c1ccc2ncnc(NCC(=O)NC3CN(C3)[C@@H]4CC[C@@H](CC4)C5CCCCO5)c2c1,CHEMBL3704033,IC50,7.82
6103638,FC(F)(F)c1ccc2ncnc(NCC(=O)NC3CN(C3)[C@@H]4CC[C@@H](CC4)N5C=CC=CC5=O)c2c1,CHEMBL3704073,IC50,7.82
698131,FC(F)(F)c1ccc2ncnc(NCC(=O)NC3CN(C3)[C@@H]4CC[C@@H](CC4)c5ccccc5)c2c1,CHEMBL2315920,IC50,7.82
698164,O[C@@]1(CC[C@H](CC1)N2CC(C2)NC(=O)CNc3ncnc4ccc(cc34)C(F)(F)F)c5ccccc5,CHEMBL2315921,IC50,7.82
6103649,CCOCC1CCC(CC1)N2CC(C2)NC(=O)CNc3ncnc4ccc(cc34)C(F)(F)F,CHEMBL3704115,IC50,7.85
6103658,CCCC(O)[C@@H]1CC[C@@H](CC1)N2CC(C2)NC(=O)CNc3ncnc4ccc(cc34)C(F)(F)F,CHEMBL3704101,IC50,7.89
6103667,CCOC(=O)[C@@H]1CC[C@@H](CC1)N2CC(C2)NC(=O)CNc3ncnc4ccc(cc34)C(F)(F)F,CHEMBL3704116,IC50,7.89
6103676,FC(F)(F)c1ccc2ncnc(NCC(=O)NC3CN(C3)[C@@H]4CC[C@@H](CC4)C5CC=CC(=O)N5)c2c1,CHEMBL3704030,IC50,7.92
6103685,Cc1ccc(cn1)[C@@]2(O)CC[C@H](CC2)N3CC(C3)NC(=O)CNc4ncnc5ccc(cc45)C(F)(F)F,CHEMBL3704092,IC50,7.96
6103694,CSCC(O)[C@@H]1CC[C@@H](CC1)N2CC(C2)NC(=O)CNc3ncnc4ccc(cc34)C(F)(F)F,CHEMBL3704037,IC50,8.0
6103703,FC(F)(F)c1ccc2ncnc(NCC(=O)NC3CN(C3)[C@@H]4CC[C@@H](CC4)C5CCCC(=O)N5)c2c1,CHEMBL3704032,IC50,8.0
6103712,O[C@@]1(CC[C@H](CC1)N2CC(C2)NC(=O)CNc3cnnc4ccc(cc34)C(F)(F)F)c5cncs5,CHEMBL3659041,IC50,8.04
6103721,CC(C)C(O)[C@@H]1CC[C@@H](CC1)N2CC(C2)NC(=O)CNc3ncnc4ccc(cc34)C(F)(F)F,CHEMBL3704027,IC50,8.05
6103730,FC(F)(F)c1ccc2ncnc(NCC(=O)NC3CN(C3)[C@@H]4CC[C@@H](CC4)C5OCC=C5)c2c1,CHEMBL3704029,IC50,8.05
6103739,FC(F)(F)c1ccc2ncnc(NCC(=O)NC3CN(C3)[C@@H]4CC[C@@H](CC4)C=C)c2c1,CHEMBL3704028,IC50,8.05
6103748,NC(=O)c1cc(NCC(=O)NC2CN(C2)[C@@H]3CC[C@@](O)(CC3)c4cncs4)c5cc(ccc5n1)C(F)(F)F,CHEMBL3704079,IC50,8.05
6103757,Nc1ccc(nc1)C2CCC(CC2)N3CC(C3)NC(=O)CNc4ncnc5ccc(cc45)C(F)(F)F,CHEMBL3704087,IC50,8.05
6103766,Cc1nc(NCC(=O)NC2CN(C2)C3CCC(O)(CC3)c4cncs4)c5cc(ccc5n1)C(F)(F)F,CHEMBL3704100,IC50,8.1
6103775,CC(C)c1nc(NCC(=O)NC2CN(C2)C3CCC(O)(CC3)c4cncs4)c5cc(ccc5n1)C(F)(F)F,CHEMBL3704099,IC50,8.16
6103784,Oc1ccccc1C2CCC(CC2)N3CC(C3)NC(=O)CNc4ncnc5ccc(cc45)C(F)(F)F,CHEMBL3704086,IC50,8.16
6103793,COc1cnccc1C2CCC(CC2)N3CC(C3)NC(=O)CNc4ncnc5ccc(cc45)C(F)(F)F,CHEMBL3704085,IC50,8.22
6103802,Oc1ccc(nc1)C2CCC(CC2)N3CC(C3)NC(=O)CNc4ncnc5ccc(cc45)C(F)(F)F,CHEMBL3704084,IC50,8.22
6103811,FC(F)(F)c1ccc2ncnc(NCC(=O)NC3CN(C3)C4CCC(CC4)c5ccccn5)c2c1,CHEMBL3704083,IC50,8.3
6103820,FC(F)(F)c1ccc2ncnc(NCC(=O)NC3CN(C3)C4CCC(CC4)c5cccnc5)c2c1,CHEMBL3704082,IC50,8.3
6103829,FC(F)(F)c1ccc2ncnc(NCC(=O)NC3CN(C3)[C@@H]4CC[C@@H](CC4)C5CC=CCO5)c2c1,CHEMBL3704026,IC50,8.3
6103838,Oc1cccnc1C2CCC(CC2)N3CC(C3)NC(=O)CNc4ncnc5ccc(cc45)C(F)(F)F,CHEMBL3704025,IC50,8.4
