id,smiles,name,assay_type,activity_value
3936154,CC(OC(C)=O)C(=O)OCC[N+](C)(C)C,aclatonium,N/A,N/A
3936165,C[N+]1(C)CCC(C1)OC(=O)C(O)(C1CCCC1)C1=CC=CC=C1,glycopyrronium bromide,Ki,9.25
5027129,CC(C)N(CC[C@H](C1=CC=CC=C1)C1=C(OC(=O)C(C)C)C=CC(CO)=C1)C(C)C,fesoterodine,Ki,6.401
3936194,CN1[C@H]2CC[C@@H]1C[C@@H](C2)OC(=O)[C@H](CO)C1=CC=CC=C1,hyoscyamine,Ki,9.3
3936237,[H][C@]12CC[C@]([H])(C[C@@]([H])(C1)OC(=O)C(CO)C1=CC=CC=C1)N2C,atropine,Ki,8.97
3936268,CC(C)[N+](C)(CCOC(=O)C1C2=CC=CC=C2OC2=C1C=CC=C2)C(C)C,propantheline,Ki,9.5
5027145,O=C1CC[C@@](C2CCN(CC3=CC=CC=C3)CC2)(C(=O)N1)C1=CC=CC=C1,dexetimide,Ki,8.89999962
5027155,CC(C[N+](C)(C)C)OC(N)=O,bethanechol,Ki,4.0
5027166,CC[N+](CC)(CC)CCOC1=CC=CC(OCC[N+](CC)(CC)CC)=C1OCC[N+](CC)(CC)CC,gallamine,Ki,6.1481304
1755006,CC(C)N(CC[C@H](c1ccccc1)c2cc(C)ccc2O)C(C)C,tolterodine,Ki,8.57
5027181,O=C(O[C@H]1CN2CCC1CC2)N1CCC2=CC=CC=C2[C@@H]1C1=CC=CC=C1,solifenacin,IC50,6.24
5027191,[H][C@]12CC[C@]([H])(C[C@@H](C1)OC(=O)C(O)(C1=CC=CC=C1)C1=CC=CC=C1)[N+]21CCCC1,trospium,N/A,N/A
3936430,CC[N+](C)(CC)CCOC(=O)C1C2=CC=CC=C2OC2=C1C=CC=C2,methanthelinium,N/A,N/A
3938513,C1CN2CCC1C(=C2)c3coc4ccccc34,CHEMBL144385,Ki,7.0
5027339,CN(C)CC#CCOC1=NOCC1,CHEMBL3323285,Ki,7.0
707251,CN1CCN(CC1)C2=Nc3cc(Cl)ccc3Nc4ccccc24,clozapine,Ki,7.0
705020,CN1CCN(CC1)C2=Nc3ccccc3Nc4sc(C)cc24,olanzapine,Ki,7.0
5027352,CO[C@@]1(CN2CCC1CC2)C#CC(O)(c3cccnc3)c4cccnc4,CHEMBL381469,Ki,7.0
3396946,C[C@H](N1CCN(C[C@@H]1C)C2CCN(CC2)C(=O)c3c(C)cccc3N)c4ccc(cc4)S(=O)(=O)c5ccc6OCOc6c5,CHEMBL69670,Ki,7.0
3396878,C[C@H](N1CCN(C[C@@H]1C)C2CCN(CC2)C(=O)c3c(N)cccc3Cl)c4ccc(cc4)S(=O)(=O)c5ccc6OCOc6c5,CHEMBL69642,Ki,7.0
3939148,Cc1c(NC2CC2)nc(nc1N3CCCCCC3)C4CC4,CHEMBL205654,Kd,7.0
703739,O=C(OCCN1CCCC1)N2c3ccccc3Sc4ccccc24,CHEMBL481153,Ki,7.0
3939715,OC1(C(=O)N[C@H]2CN3CCC2CC3)c4ccccc4c5ccccc15,CHEMBL3401645,IC50,7.0
5027373,O[C@@H]1C[C@H](N(C1)C(=O)CC(c2ccc(Cl)cc2)(c3ccc(Cl)cc3)c4ccc(Cl)cc4)C(=O)N5CCC[C@@H]5C(=O)NC[C@@H]6CCCNC6,CHEMBL215894,Ki,7.0
5027386,[Cl-].C[N+](C)(C)CCOC(=O)N,CHEMBL14,Ki,7.0
3937971,C1CN2CCC1C(=C3c4ccccc4c5ccccc35)C2,CHEMBL273586,Ki,7.01
5027398,CCC(C1=C(CCN(C)C)Cc2ccccc12)c3ccccn3,CHEMBL354678,Ki,7.01
3937141,CCN(CC)CCOCCOC(=O)C1(CCCC1)c2ccc(Cl)cc2,CHEMBL72219,Ki,7.01
3941247,Fc1cccc(c1)N(Cc2cc(F)c(F)c(F)c2)C(=O)O[C@H]3CN4CCC3CC4,CHEMBL1779046,IC50,7.01
5027413,O=C1NC(CN1C2CCN(Cc3ccccc3)CC2)(c4cccs4)c5cccs5,CHEMBL222860,Ki,7.01
3938314,C1CN2CCC1C(=C2)c3csc4ccccc34,CHEMBL359027,Ki,7.02
3938425,CN(C)C[C@@H]1COCC(O1)(c2ccccc2)c3ccccc3.OC(=O)C(=O)O,CHEMBL2042554,Ki,7.02
5027428,C[C@H]1CCC[C@H](\C=C\[C@@H]2[C@H]3CCCC[C@H]3C[C@@H]4[C@H]2[C@H](C)OC4=O)N1C,CHEMBL301670,Ki,7.02
3937817,[I-].C[N+]1(C)CCC[C@@H]1[C@@H]2C[S+]([O-])[C@@](O2)(C3CCCCC3)c4ccccc4,CHEMBL554916,Ki,7.02
5027441,C[N+]1(CC(=O)c2ccccc2)CC[C@H](C1)N3CC(NC3=O)(c4ccc(F)cc4)c5ccc(F)cc5,CHEMBL374513,Ki,7.03
5027452,O[C@@H]1C[C@H](N(C1)C(=O)CC(c2ccc(Cl)cc2)(c3ccc(Cl)cc3)c4ccc(Cl)cc4)C(=O)N5CCC[C@@H]5C(=O)NCCC6CCNCC6,CHEMBL378859,Ki,7.03
703947,CN(C)CCC=C1c2ccccc2COc3ccccc13,doxepin,Ki,7.04
3937894,[Br-].O=C(N[C@H]1C[N+]2(CCCOc3ccccc3)CCC1CC2)C(c4cccs4)c5cccs5,CHEMBL3401652,IC50,7.04
5027466,[Br-].[Br-].C[N+](C)(C)CCCCCC[N+](C)(C)CC#CCOC1=NOCC1,CHEMBL3323288,Ki,7.04
5027477,[Br-].[Br-].C[N+](C)(CCCCCC[N+](C)(C)CC#CCOC1=NOCC1)CCCN2C(=O)c3ccccc3C2=O,CHEMBL3121474,Ki,7.04
5027488,CN(C)C1(CNCCc2ccccc2)COc3ccccc3OC1,CHEMBL234252,Ki,7.05
3939600,CN1CCC=C(C1)c2nsnc2OCCCCCCCCCCCC3CCN(CCCN4C(=O)CCc5ccccc45)CC3,CHEMBL3354070,Ki,7.05
5027501,C[N+]1(CC(=O)c2ccsc2)CC[C@H](C1)N3CC(NC3=O)(c4ccc(F)cc4)c5ccc(F)cc5,CHEMBL222450,Ki,7.05
3939869,O=C(O[C@H]1CN2CCC1CC2)N(Cc3ccccc3)Cc4cccs4,CHEMBL1779039,IC50,7.05
5027514,CN1CCC=C(C1)C(=O)OCC#C,CHEMBL128365,Ki,7.06
3938076,[I-].C[N+]1(C)CCC[C@@H]1c2oc(cc2)[C@](O)(C3CCCCC3)c4ccccc4,CHEMBL568775,Ki,7.06
757803,CN(C)CCCN1c2ccccc2CCc3ccc(Cl)cc13,CHEMBL415,Ki,7.07
3938110,CN1CCC=C(C1)c2nsnc2OCCCCCCCCCCCCCC3CCN(CCCN4C(=O)CCc5ccccc45)CC3,CHEMBL3354071,Ki,7.07
3939431,COC(=O)C1=CCCN(C)C1,CHEMBL7303,EC50,7.08
5027533,CCN(CC)CC1CCCCN1CC(=O)N2c3ccccc3C(=O)Nc4cccnc24,CHEMBL17045,Ki,7.09
704506,CN(C)CCC=C1c2ccccc2CCc3ccccc13,CHEMBL629,IC50,7.09
5027545,O=C1NC(CN1[C@@H]2CCN(Cc3ccccc3)C2)(c4ccccc4)c5ccccc5,CHEMBL438427,Ki,7.09
5027556,CCO\C(=C\1/CN2CC(CCC2COCc3ccccc3)C1=O)\O,CHEMBL69452,Ki,7.1
5027567,CCOc1ccccc1C(=O)N2CCC3(CCN(Cc4ccccc4)CC3)CC2,CHEMBL1290634,IC50,7.1
5027578,COC1(CN2CCC1CC2)C#CC(O)(c3ccccc3)c4ccccn4,CHEMBL200210,Ki,7.1
5027589,Clc1ccc(CN2CCC3(CC2)CN(CCO3)C(=O)c4ccon4)cc1,CHEMBL1289432,IC50,7.1
5027600,O=C(N1CCC2(CCN(Cc3ccccc3)CC2)CC1)c4cccnc4,CHEMBL1290295,IC50,7.1
5027611,O=C(N1CCC2(CCN(Cc3ccccc3)CC2)CC1)c4occc4,CHEMBL1290409,IC50,7.1
3939341,O=C(O[C@H]1CN2CCC1CC2)C3c4ccccc4CCc5ccccc35,CHEMBL551525,IC50,7.1
3938734,O=C1CCc2ccccc2N1CCCN3CCC(CCCCCCCCCC4CCN(CCCN5C(=O)CCc6ccccc56)CC4)CC3,CHEMBL3354078,Ki,7.1
5027626,O=C1NC(CN1C2CCN(Cc3ccccc3)CC2)(c4ccccc4)c5ccccc5,CHEMBL376000,Ki,7.1
3939825,OC(C1CCCC1)(C(=O)NC2CCN(Cc3ccsc3)CC2)c4ccccc4,CHEMBL358193,Ki,7.1
5027639,Oc1ccc(cc1)N(C2CCN(Cc3ccccc3)CC2)C(=O)c4ccccc4,CHEMBL83982,Ki,7.1
5027650,CC(C)NC(=O)c1ccc(CC2CCN(CC2)C3CCN(CC3)C(=O)c4ccccc4N)cc1,CHEMBL50822,Ki,7.11
5027661,C[C@H](N1CCN(C[C@H]1C)C2CCN(CC2)C(=O)c3ncccc3C)c4ccc(cc4)S(=O)(=O)c5ccc6OCOc6c5,CHEMBL164385,Ki,7.11
1119238,OCCNCCNC1=CC=C(NCCNCCO)C2=C1C(=O)C1=C(O)C=CC(O)=C1C2=O,mitoxantrone,Ki,7.11
3936769,[I-].C[N+]1(C)CCC[C@@H]1[C@@H]2C[S+]([O-])[C@](O2)(C3CCCCC3)c4ccccc4,CHEMBL539121,Ki,7.11
3941313,CCCCN(Cc1cccs1)C(=O)O[C@H]2CN3CCC2CC3,CHEMBL1779041,IC50,7.12
3938579,Br.CN1[C@@H]2CC[C@H]1C[C@H](C2)OC(=O)C(O)c3ccccc3,CHEMBL1319362,Ki,7.13
3937805,C[C@@H]1O[C@H](C[N+](C)(C)C)C[C@H]1O,CHEMBL12587,Ki,7.13
3937484,Clc1ccc(cc1Cl)C2(CCCCC2)C(=O)OCOCCN3CCCC3,CHEMBL73017,Ki,7.13
3939038,[I-].C[N+](C)(C)C[C@@H]1C[S+]([O-])[C@](O1)(C2CCCCC2)c3ccccc3,CHEMBL557808,Ki,7.13
5027683,CCC(O)[C@@H]1CC[C@@H](CC1)N2CC(C2)NC(=O)CNc3nccc4ccc(cc34)C(F)(F)C(F)(F)F,CHEMBL3659054,IC50,7.14
3937060,CCCCCCCOC(=O)C1=C(CCN(CC)C1)c2ccccc2.OC(=O)C(=O)O,CHEMBL334245,IC50,7.14
3939060,C\C(=N/c1ccc2C[C@@H](O)[C@H](NC(=O)c3ccc(Br)cc3)c2c1)\NCc4ccc(F)cc4,CHEMBL3618440,EC50,7.14
5027697,O=C(CCCCCNC(=O)CC(c1ccccc1)(c2ccccc2)c3ccccc3)NC[C@H]4CCCN(CC5CCCCC5)C4,CHEMBL2112956,Ki,7.14
5027708,O=C1NC(CN1C2CCN(Cc3ccccc3)CC2)(C4CCCCC4)c5ccccc5,CHEMBL223267,Ki,7.14
3937417,O[C@@H]1C[C@H](N(C1)C(=O)CC(c2ccc(F)cc2)(c3ccc(F)cc3)c4ccc(F)cc4)C(=O)N5CCC[C@@H]5C(=O)NCC6CCN(CC7CC7)CC6,CHEMBL378772,Ki,7.14
3936893,CC1CCN(CC(=O)N2c3ccccc3C(=O)Nc4cccnc24)CC1,CHEMBL611476,Ki,7.15
5027722,Cc1ccc2C(=O)N(CCC[N+](C)(C)CCCCCC[N+](C)(C)CC(C)(C)CN3C(=O)c4ccccc4C3=O)C(=O)c2c1,CHEMBL127933,EC50,7.15
3939543,[I-].C[N+]1(C)CCC[C@H]1[C@H]2C[S+]([O-])[C@](O2)(C3CCCCC3)c4ccccc4,CHEMBL539120,Ki,7.15
3940904,Cc1cccc(CN2CCC(CC2)NC(=O)C(O)(C3CCCC3)c4ccccc4)c1,CHEMBL358726,Ki,7.16
5027737,O=C1CCON1CC#CCN2CCCC2,CHEMBL275104,Ki,7.16
3937905,[I-].C[N+]1(C)CCC[C@@H]1[C@@H]2C[S+]([O-])C(O2)(c3ccccc3)c4ccccc4,CHEMBL556390,Ki,7.16
5027750,C[C@@H]1OC(=O)[C@H]2C=C3CCCC[C@@H]3\C(=C\CC4CCC(C)(C)N4C)\[C@@H]12,CHEMBL181447,Ki,7.17
3399553,C[C@H](N1CCN(C[C@@H]1C)C2(C)CCN(CC2)C(=O)c3c(C)ncnc3C)c4ccc(OC(F)(F)F)cc4,CHEMBL357557,Ki,7.17
5027763,O[C@@H]1C[C@H](N(C1)C(=O)CC(c2ccc(F)cc2)(c3ccc(F)cc3)c4ccc(F)cc4)C(=O)N5CCC[C@@H]5C(=O)NCC6CCN(CC7CCC7)CC6,CHEMBL215189,Ki,7.17
3938027,CN(Cc1ccc(F)cc1)\C(=N\c2ccc3C[C@@H](O)[C@H](NC(=O)c4ccc(C)cc4)c3c2)\C,CHEMBL3616499,EC50,7.18
3938646,CN(Cc1ccc(F)cc1)\C(=N\c2ccc3C[C@@H](O)[C@H](NC(=O)c4ccc(Cl)cc4)c3c2)\C,CHEMBL3618450,EC50,7.18
3937072,CN1CCC=C(C1)c2nsnc2OCCCC3CCN(CCCN4C(=O)CCc5ccccc45)CC3,CHEMBL3354066,Ki,7.18
3938281,CN1CCC[C@@H]1[C@@H]2C[S+]([O-])[C@](O2)(C3CCCCC3)c4ccccc4,CHEMBL496915,Ki,7.18
3938165,CN1CCCC1c2oc(cc2)C(c3ccccc3)c4ccccc4,CHEMBL571123,Ki,7.19
3939681,CN1CCC[C@H]1[C@H]2C[S+]([O-])[C@](O2)(C3CCCCC3)c4ccccc4,CHEMBL493980,Ki,7.19
5027786,O=C1NC(CN1C2CC3CCC(C2)N3Cc4ccccc4)(c5ccccc5)c6ccccc6,CHEMBL221400,Ki,7.19
3937462,COc1nsc(OCCCOCCCOCCCOc2nsnc2c3cccnc3)n1,CHEMBL219118,Ki,7.2
5027799,Clc1ccc(CN2CCC3(CC2)CN(CCO3)C(=O)c4cocc4)cc1,CHEMBL1289202,IC50,7.2
3937451,CO\N=C(/C#N)\[C@H]1CN2CCC1CC2,CHEMBL134641,EC50,7.21
5027812,[Br-].[Br-].CC(C)(CN1C(=O)c2cccc3cccc(C1=O)c23)C[N+](C)(C)CCCCCC[N+]4(C)[C@@H]5CC[C@@H]4CC(C5)OC(=O)C(CO)c6ccccc6,CHEMBL3323281,Ki,7.21
3938951,CN1CCC[C@H]1c2oc(cc2)[C@@](O)(C3CCCCC3)c4ccccc4,CHEMBL571341,Ki,7.22
5027825,CC(C[N+](C)(C)C)OC(=O)C,CHEMBL978,Ki,7.23
5027836,O=C(COc1ccccc1)N2CCC(CC2)N3CCC(CC3)Oc4ccc(cc4)S(=O)(=O)c5ccc6OCOc6c5,CHEMBL170739,Ki,7.23
3939159,[I-].C[N+]1(C)CCC[C@H]1[C@H]2C[S+]([O-])[C@@](O2)(C3CCCCC3)c4ccccc4,CHEMBL541671,Ki,7.24
5027849,Cc1ccc2C(=O)N(CC(C)(C)C[N+](C)(C)CCCCCC[N+](C)(C)CCCN3C(=O)c4ccccc4C3=O)C(=O)c2c1,CHEMBL122499,EC50,7.26
3940994,NCC=C1CCN(CC1)C(=O)[C@@](O)([C@@H]2CCC(F)(F)C2)c3ccccc3,CHEMBL68384,Ki,7.26
1395747,[Br-].CCC(C)C(C(=O)OCC[N+](C)(CC)CC)c1ccccc1,CHEMBL2107687,IC50,7.26
3938154,[Br-].[Br-].CCCCN(CCCC)c1ccc(\C=C\c2cc[n+](CCC[N+](CC)(CC)CC)cc2)cc1,CHEMBL257431,Ki,7.26
5027865,[Br-].[Br-].C[N+](C)(C)CCCCCC[N+]1(C)[C@@H]2CC[C@@H]1CC(C2)OC(=O)C(CO)c3ccccc3,CHEMBL3323279,Ki,7.26
2965075,[I-].C[N+]1(C)CCC(CC1)OC(=O)C(c2ccccc2)c3ccccc3,CHEMBL76897,IC50,7.26
3939016,CCCCCCCCOC(=O)C1=C(CCN(CC)C1)c2ccccc2.OC(=O)C(=O)O,CHEMBL120080,IC50,7.28
5027880,COc1cc2OCOc2cc1S(=O)(=O)c3ccc(cc3)[C@H](C)N4CCN(C[C@H]4C)C5CCN(CC5)C(=O)c6ccccc6C,CHEMBL350404,Ki,7.28
5027891,CC(C)N(C)CC1=C(C(C)c2ccccn2)c3ccccc3C1,CHEMBL171216,Ki,7.29
2955114,COc1ccccc1CNCCCCCCNCCCCCCCCNCCCCCCNCc2ccccc2OC,CHEMBL27673,IC50,7.29
5027904,C[C@@H]1OC(=O)[C@H]2C[C@H]3CCCC[C@@H]3[C@@H](CCCN4CCOCC4)[C@@H]12,CHEMBL352618,Ki,7.29
3939363,[Br-].O=C(O[C@H]1C[N+]2(CCc3ccccc3)CCC1CC2)N(Cc4ccccc4)c5ccccc5,CHEMBL1779048,IC50,7.29
3936947,CCCCCCOc1nsnc1C2=CCCN(C)C2,CHEMBL21536,Ki,7.3
5027970,COC1(CN2CCC1CC2)C#CC(O)(C3CCCC3)c4ccccn4,CHEMBL370862,Ki,7.3
5027981,CO[C@@]1(CN2CCC1CC2)C#CC(O)(c3cccc(C)c3)c4cccc(C)c4,CHEMBL380583,Ki,7.3
5027992,CO[C@@]1(CN2CCC1CC2)C#C[C@](O)(c3ccccc3)c4cccnc4,CHEMBL372566,Ki,7.3
5028003,Cc1oc(cc1)C(=O)N2CCOC3(CCN(Cc4ccc(Cl)cc4)CC3)C2,CHEMBL1290753,IC50,7.3
5028014,Clc1ccc(CN2CCC3(CC2)CN(CCO3)C(=O)c4cscn4)cc1,CHEMBL1289544,IC50,7.3
5028025,Clc1ccc(cc1)N(C2CCN(Cc3ccccc3)CC2)C(=O)c4cccs4,CHEMBL85391,Ki,7.3
3940113,NC(=O)C([C@@H]1CCN(CCc2ccc3OCCc3c2)C1)(c4ccccc4)c5ccccc5,CHEMBL1346,Ki,7.3
5028038,[Br-].[Br-].C[N+](C)(CCCCCC[N+]1(C)[C@@H]2C[C@@H](C[C@H]1[C@@H]3O[C@H]23)OC(=O)[C@H](CO)c4ccccc4)CCCN5C(=O)c6ccccc6C5=O,CHEMBL3323283,Ki,7.3
5028049,[I-].Cc1onc(OCC#CC[N+](C)(C)C)c1,CHEMBL239655,Ki,7.3
5028060,CN(C)C1(CNCCc2c(Cl)cccc2Cl)COc3ccccc3OC1,CHEMBL233199,Ki,7.31
5028071,CN(C)C1(CNCCc2ccc(Cl)cc2)COc3ccccc3OC1,CHEMBL234254,Ki,7.31
5028082,CC(C)OC(=O)CSc1ccc(CC2CCN(CC2)C3CCN(CC3)C(=O)c4cccc5ccccc45)cc1,CHEMBL12419,Ki,7.32
5028093,CN(C)C1(CNCCc2ccc(C)cc2)COc3ccccc3OC1,CHEMBL234253,Ki,7.32
5028104,COc1ccc(CC(=O)N2CCC3(CC2)CN(C3)[C@H](C(C)C)c4ccc(cc4)c5ncccn5)nc1,CHEMBL2424680,Ki,7.32
3938043,C[C@H]1CCC[C@H](\C=C\[C@@H]2[C@H]3CCCC[C@@H]3C[C@H]4[C@@H]2[C@H](C)OC4=O)N1C,CHEMBL277642,Ki,7.32
5028117,C[N+]1(CCOCc2ccccc2)CCC(C1)N3CC(NC3=O)(c4ccccc4)c5ccccc5,CHEMBL222976,Ki,7.32
5028128,Oc1cccc(CN2CCC(CC2)N3CC(NC3=O)(c4ccccc4)c5ccccc5)c1,CHEMBL222804,Ki,7.32
5028139,[Br-].[Br-].C[N+](C)(C)CCCCCC[N+]1(C)[C@@H]2C[C@@H](C[C@H]1[C@@H]3O[C@H]23)OC(=O)[C@H](CO)c4ccccc4,CHEMBL3323282,Ki,7.32
5028150,CCN(CCCCC1CCN(CC(=O)N2c3ccccc3N(C(=O)c4ccc(F)cc4)C(=O)c5ccccc25)CC1)C(=O)c6ccc(F)cc6,CHEMBL168149,Ki,7.33
5028160,Cc1ccc2C(=O)N(CC(C)(C)C[N+](C)(C)CCCCCC[N+](C)(C)CC(C)(C)CN3C(=O)c4ccc(C)cc4C3=O)C(=O)c2c1,CHEMBL262632,EC50,7.33
1409414,CCN(CC)CCOC(=O)C1(CCCCC1)C2CCCCC2,dicycloverine,IC50,7.34
3941159,Cc1cccc(c1)N(Cc2cc(F)c(F)cc2F)C(=O)O[C@H]3CN4CCC3CC4,CHEMBL1779045,IC50,7.34
4058017,CC(C1=C(CCN(C)C)Cc2ccccc12)c3ccccn3,CHEMBL22108,Ki,7.35
5028176,CCN(CC)CCC1=C(C(C)c2ccccn2)c3ccccc3C1,CHEMBL168704,Ki,7.35
5028187,CC(C)c1ccc(CCNCC2(COc3ccccc3OC2)N(C)C)cc1,CHEMBL233198,Ki,7.36
3938404,O=C(CCNC(=O)CC(c1ccccc1)(c2ccccc2)c3ccccc3)NCCC(=O)NC[C@H]4CCCN(CC5CCCCC5)C4,CHEMBL2112959,Ki,7.36
5028200,CC(C)N(CCC1=C(C(C)c2ccccn2)c3ccccc3C1)C(C)C,CHEMBL352375,Ki,7.37
5028211,COc1noc2CCCNCc12,CHEMBL304142,EC50,7.37
5028222,C[C@@H]1OC(=O)[C@H]2C[C@H]3CCCC[C@@H]3\C(=C\CC4CCC(C)(C)N4C)\[C@@H]12,CHEMBL184843,Ki,7.37
3941170,O=C(O[C@H]1CN2CCC1CC2)N(CCc3ccccc3)c4ccccc4,CHEMBL1779032,IC50,7.38
3938757,[I-].C[N+]1(C)CCC[C@H]1[C@H]2C[S+]([O-])C(O2)(c3ccccc3)c4ccccc4,CHEMBL539373,Ki,7.38
3936710,CCOc1noc2CCCNCc12,CHEMBL69305,EC50,7.39
5028239,CN(C)C1(CNCCc2ccccc2F)COc3ccccc3OC1,CHEMBL233200,Ki,7.39
3940604,NCCC1CCN(CC1)C(=O)[C@@](O)(C2CCCC2)c3ccccc3,CHEMBL69648,Ki,7.39
3938558,[Br-].CCCCCCCCCCCCCCCC[n+]1ccccc1,CHEMBL334255,Ki,7.39
5028253,C1CN2CC1[C@@H](C2)Oc3cnccn3,CHEMBL292574,Ki,7.4
5028264,CC(C)NC(=O)c1ccc(CC2CCN(CC2)C3CCN(CC3)C(=O)c4ccnc5ccccc45)cc1,CHEMBL54155,Ki,7.4
5028275,CCCCCC(O)(C#CC1(CN2CCC1CC2)OC)c3ccccc3,CHEMBL199821,Ki,7.4
5028286,CCOC(=O)CSc1ccc(CC2CCN(CC2)C3CCN(CC3)C(=O)c4cccc5ccccc45)cc1,CHEMBL11690,Ki,7.4
3937165,CN1CCC[C@@H]1[C@@H]2C[S+]([O-])C(O2)(c3ccccc3)c4ccccc4,CHEMBL523518,Ki,7.4
5028299,COC1(CN2CCC1CC2)C#CC(C)(c3ccccc3)c4ccccc4,CHEMBL410061,Ki,7.4
5028310,COC1(CN2CCC1CC2)C#CC(O)(c3ccccc3)c4cccnn4,CHEMBL383248,Ki,7.4
5028321,COc1ccc(cc1)[S+]([O-])c2ccc(cc2)C(N3CCN(CC3)C4CCCCC4)C(=O)N,CHEMBL431787,Ki,7.4
5028332,COc1nsc(OCCOCCOCCOCCOc2nsnc2C3C=CCCN3C)n1,CHEMBL216928,Ki,7.4
5028343,COc1nsnc1OCCOCCOCCOc2nsnc2C3=CCCN(C)C3,CHEMBL218755,Ki,7.4
5028354,COc1nsnc1OCCOCCOc2nsnc2C3=CCCN(C)C3,CHEMBL373888,Ki,7.4
5028365,Clc1ccc(CN2CCC3(CC2)CN(CCO3)C(=O)c4cnsn4)cc1,CHEMBL1289314,IC50,7.4
5028376,OC(=O)C(=O)O.O=C1CCON1CC#CCN2CCCCC2,CHEMBL398043,Ki,7.4
704189,CSc1ccc2Sc3ccccc3N(CCC4CCCCN4C)c2c1,thioridazine,Ki,7.42
705494,Clc1ccc2C(=C3CCNCC3)c4ncccc4CCc2c1,desloratadine,Ki,7.42
3938524,[Br-].[Br-].CCN(CC)c1ccc(\C=C\c2cc[n+](CCC[N+](CC)(CC)CC)cc2)cc1,CHEMBL257643,Ki,7.42
3937748,CC(N1CCNCC1)c2ccc(cc2)S(=O)(=O)c3ccccc3,CHEMBL71088,Ki,7.43
3937338,CCN(Cc1ccncc1)C(=O)C(CO)c2ccccc2,CHEMBL1200604,Ki,7.43
3937264,CCOC(=O)N(CC)CCCCC1CCN(CC(=O)N2c3ccccc3NC(=O)c4ccccc24)CC1,CHEMBL166385,Ki,7.43
3941071,Oc1cccc(CN2CCC(CC2)NC(=O)[C@@](O)([C@@H]3CCC(F)(F)C3)c4ccccc4)c1,CHEMBL145913,Ki,7.43
5028397,CC(N1CCN(CC1)C2CCCCC2)c3ccc(cc3)S(=O)(=O)c4ccc(cc4)S(=O)(=O)C,CHEMBL72956,Ki,7.44
5028408,Cc1ccc2C(=O)N(CCC[N+](C)(C)CCCCCC[N+](C)(C)CC(C)(C)CN3C(=O)c4ccc(C)cc4C3=O)C(=O)c2c1,CHEMBL124330,EC50,7.44
5028419,CC(C)NC(=O)c1ccc(cc1)C2(OCCO2)C3CCN(CC3)C4CCN(CC4)C(=O)c5ccccc5Cl,CHEMBL51515,Ki,7.46
704660,CC(CN1c2ccccc2Sc3ccccc13)N(C)C,promethazine,IC50,7.46
5028431,CCCS(=O)(=O)N1CCC(CC1)N2CCC(CC2)C(=O)c3ccc(cc3)[S+]([O-])c4ccc5OCOc5c4,CHEMBL328659,Ki,7.46
707472,CN1CCC(=C2c3ccccc3C=Cc4ccccc24)CC1,cyproheptadine,IC50,7.46
3392183,C[C@H](N1CCN(C[C@@H]1C)C2CCN(CC2)C(=O)c3ccccc3C)c4ccc(Cc5ccc6OCOc6c5)cc4,CHEMBL70124,Ki,7.46
5028445,O=S(=O)(N1CCC(CC1)N2CCC(CC2)Oc3ccc(cc3)S(=O)(=O)c4ccc5OCOc5c4)c6cccc7ccccc67,CHEMBL139311,Ki,7.46
3940072,OC(C(=O)N[C@H]1CN2CCC1CC2)(c3ccccc3)c4ccccc4,CHEMBL3401640,IC50,7.46
3936699,CC(N1CCN(C)CC1)c2ccc(cc2)S(=O)(=O)c3ccccc3,CHEMBL73410,Ki,7.47
5028461,Cl.Cl.Cl.Cl.COc1ccccc1CNCCCCCCNCCCCCCCCNCCCCCCNCc2ccccc2OC,CHEMBL500996,IC50,7.47
1400040,OC(CCN1CCCCC1)(C2CCCCC2)c3ccccc3,trihexyphenidyl,IC50,7.47
4057994,CC(C1=C(CCN(C)C)Cc2cc(Cl)ccc12)c3ccccn3,CHEMBL167223,Ki,7.48
3936849,CC(N1CCN(CC1)C2CCCCC2)c3ccc(cc3)S(=O)(=O)c4ccc(cc4)C(C)(C)C,CHEMBL73661,Ki,7.48
3939782,[Br-].C[N+]12CCC(CC1)[C@H](C2)OC(=O)N(Cc3cccs3)c4ccccc4,CHEMBL1779130,IC50,7.48
3939318,[I-].C[N+](C)(C)C[C@@H]1COCC(O1)(c2ccccc2)c3ccccc3,CHEMBL2042406,Ki,7.48
4057489,CC(C1=C(CCN(C)CCF)Cc2ccccc12)c3ccccn3,CHEMBL172233,Ki,7.49
3938612,C[C@H]1CCC[C@H](CC[C@@H]2[C@H]3CCCC[C@@H]3C[C@H]4[C@@H]2[C@H](C)OC4=O)N1C,CHEMBL355854,Ki,7.49
5028485,CC(C)S(=O)(=O)c1ccc(cc1)C(=C2CCN(CC2)C3CCN(CC3)C(=O)c4cccc(C)c4N)C,CHEMBL150707,Ki,7.5
5028496,CC(C)c1nc(cs1)C(=O)N2CCOC3(CCN(Cc4ccc(Cl)cc4)CC3)C2,CHEMBL1289865,IC50,7.5
3937672,CCN(CCCCC1CCN(CC(=O)N2c3ccccc3NC(=O)c4ccccc24)CC1)C(=O)c5ccc(F)cc5,CHEMBL353140,Ki,7.5
5028508,CO[C@@]1(CN2CCC1CC2)C#C[C@](O)(C3CCCCCCC3)c4ccccc4,CHEMBL260228,Ki,7.5
5028519,C[N+]1(CC(=O)c2ccccc2)CCC(C1)N3CC(NC3=O)(c4ccccc4)c5ccccc5,CHEMBL222636,Ki,7.5
5028530,Clc1ccc(CN2CCC3(CC2)CN(CCO3)C(=O)c4ccc5occc5c4)cc1,CHEMBL1290752,IC50,7.5
3938929,[I-].C[N+]1(C)CCCC1c2oc(cc2)C(O)(c3ccccc3)c4ccccc4,CHEMBL569729,Ki,7.5
3939726,C1CN2CCC1C(=C2)c3oc4ccccc4c3,CHEMBL109405,Ki,7.51
5028545,CN1CCC(CC1)OC(=O)C(CO)c2cccc(c2)C(F)(F)F,CHEMBL2377268,Ki,7.51
3936641,CO\N=C(/C#N)\C12CCCN(CC1)C2,CHEMBL135645,IC50,7.51
5028558,Cc1cccc(C)c1C(=O)N2CCC(CC2)N3CCN(Cc4ccc(cc4)S(=O)(=O)c5ccc6OCOc6c5)CC3,CHEMBL67172,Ki,7.51
4056004,C[C@@H](C1=C(CCN(C)C)Cc2ccccc12)c3ccccn3,CHEMBL1493369,Ki,7.52
5028571,O=C(CCNC(=O)CNC(=O)CC(c1ccccc1)(c2ccccc2)c3ccccc3)NC[C@H]4CCCN(CC5CCCCC5)C4,CHEMBL2112955,Ki,7.52
3940470,OC(C1CCCC1)(C(=O)NC2CCN(Cc3ccccc3)CC2)c4ccccc4,CHEMBL146464,Ki,7.52
3938436,CN1CCCC1c2oc(cc2)C(O)(c3ccccc3)c4ccccc4,CHEMBL576663,Ki,7.53
3940415,[Br-].Cc1cccc(c1)N(Cc2cc(F)c(F)cc2F)C(=O)O[C@H]3C[N+]4(CCCc5ccccc5)CCC3CC4,CHEMBL1779138,IC50,7.53
3940191,[Br-].O=C(N[C@H]1C[N+]2(CCCOc3ccccc3)CCC1CC2)C4c5ccccc5Oc6ccccc46,CHEMBL3401654,IC50,7.53
3936175,CN1[C@H]2C[C@H](C[C@@H]1[C@H]1O[C@@H]21)OC(=O)[C@H](CO)C1=CC=CC=C1,scopolamine,Ki,7.54
3940735,NCC1CCN(CC1)C(=O)[C@@](O)(C2CCCC2)c3ccccc3,CHEMBL66400,Ki,7.55
3940538,[Br-].Cc1cccc(c1)N(Cc2cc(F)c(F)cc2F)C(=O)O[C@H]3C[N+]4(CCOc5ccccc5)CCC3CC4,CHEMBL1779139,IC50,7.55
5028596,C[N+]1(C[C@H]2O[C@@H]2c3ccccc3)CCC(C1)N4CC(NC4=O)(c5ccccc5)c6ccccc6,CHEMBL376900,Ki,7.56
5028607,CC(C)NC(=O)c1ccc(CC2CCN(CC2)C3CCN(CC3)C(=O)c4cccc5[nH]cnc45)cc1,CHEMBL53965,Ki,7.57
1404306,CCN(CC)CC#CCOC(=O)C(O)(C1CCCCC1)c2ccccc2,oxybutynin,IC50,7.57
3940699,CN(C)CCCOC(=O)C(C)(C1CCCCC1)c2ccccc2,CHEMBL286008,Ki,7.57
3940857,Fc1cccc(CN(C(=O)O[C@H]2CN3CCC2CC3)c4cccc(F)c4)c1,CHEMBL1779044,IC50,7.57
3937038,CC(N1CCN(CCO)CC1)c2ccc(cc2)S(=O)(=O)c3ccccc3,CHEMBL70531,Ki,7.59
5028625,C[C@@H]1OC(=O)[C@H]2C[C@H]3CCCC[C@@H]3[C@@H](CCCNC45CC6CC(CC(C6)C4)C5)[C@@H]12,CHEMBL353311,Ki,7.59
5028636,OCCSc1ccc(CC2CCN(CC2)C3CCN(CC3)C(=O)c4cccc5ccccc45)cc1,CHEMBL275347,Ki,7.59
3938503,[Br-].CC[N+]1(CCOC(=O)C(O)(c2ccccc2)c3ccccc3)CCCCC1,CHEMBL1909073,IC50,7.59
5028648,Brc1ccc(cc1)N(C2CCN(Cc3ccccc3)CC2)C(=O)c4cccs4,CHEMBL82512,Ki,7.6
5028659,CC(C)c1nc(cs1)C(=O)N2CCOC3(CCN(Cc4ccccc4Cl)CC3)C2,CHEMBL1289982,IC50,7.6
5028670,CCCCC(O)(C#CC1(CN2CCC1CC2)OC)c3ccccc3,CHEMBL200416,Ki,7.6
5028681,CO[C@@]1(CN2CCC1CC2)C#C[C@](O)(C3CCCCC3)c4ccccc4,CHEMBL371734,Ki,7.6
5028692,Clc1ccc(CN2CCC3(CC2)CN(CCO3)C(=O)c4occc4)cc1,CHEMBL1289081,IC50,7.6
3936993,CN1CCCC/C/1=N\c2ccc3C[C@@H](O)[C@H](NC(=O)c4ccc(Br)cc4)c3c2,CHEMBL3616504,EC50,7.62
3940582,Cc1cc(CN2CCC(CC2)NC(=O)C(O)(C3CCCC3)c4ccccc4)cs1,CHEMBL356305,Ki,7.62
3940281,CCN(CC)CCOC(=O)C(C)(C1CCCCC1)c2ccccc2,CHEMBL443780,Ki,7.63
3941093,CCCCN(C(=O)O[C@H]1CN2CCC1CC2)c3ccccc3,CHEMBL1779036,IC50,7.64
3940516,O=C(O[C@H]1CN2CCC1CC2)N(Cc3cccs3)Cc4cccs4,CHEMBL1779040,IC50,7.64
3939554,CCCCCCCCCOC(=O)C1=C(CCN(CC)C1)c2ccccc2,CHEMBL121059,IC50,7.65
5028715,CC(C)Sc1ccc(CC2CCN(CC2)C3CCN(CC3)C(=O)c4ccc(F)c5ccccc45)cc1,CHEMBL440601,Ki,7.66
5028726,CC(C)Sc1ccc(CC2CCN(CC2)C3CCN(CC3)C(=O)c4cccc5cc(F)ccc45)cc1,CHEMBL11893,Ki,7.66
3939093,CCN(CC)CCOCOC(=O)C1(CCCCC1)c2ccc(Cl)c(Cl)c2,CHEMBL75217,Ki,7.66
5028739,C[N+]1(CCc2ccccc2)CC[C@H](C1)N3CC(NC3=O)(c4ccc(F)cc4)c5ccc(F)cc5,CHEMBL223668,Ki,7.66
3940328,Cc1ccc(CN2CCC(CC2)NC(=O)C(O)(C3CCCC3)c4ccccc4)cc1,CHEMBL149486,Ki,7.66
5028751,Cl.COc1ccccc1CNCCCCCCNCCCCCCCCNCCCCCCNCc2ccccc2OC,CHEMBL373758,IC50,7.66
5028762,CCCCCCCCCCOC(=O)C1=C(CCN(CC)C1)c2ccccc2,CHEMBL332320,IC50,7.69
5028773,Brc1ccc(cc1)N(C2CCN(Cc3ccccc3)CC2)C(=O)C4CCC4,CHEMBL314831,Ki,7.7
5028784,CC(C)Sc1ccc(CC2CCN(CC2)C3CCN(CC3)C(=O)c4cccc(C)c4N)cc1,CHEMBL12228,Ki,7.7
5028795,CC(C)Sc1ccc(CC2CCN(CC2)C3CCN(CC3)C(=O)c4ccnc5ccccc45)cc1,CHEMBL11794,Ki,7.7
3938679,CCCCCCOc1nccnc1OC2CN3CCC2C3,CHEMBL300998,Ki,7.7
5028808,CO[C@@]1(CN2CCC1CC2)C#CC(O)(c3ccc(F)cc3)c4ccc(F)cc4,CHEMBL381878,Ki,7.7
5028819,CO[C@@]1(CN2CCC1CC2)C#C[C@](O)(C3CCCCCC3)c4ccccc4,CHEMBL264414,Ki,7.7
3936905,COc1ccc(cc1)[S+]([O-])c2ccc(cc2)C(C#N)N3CCN(CC3)C4CCCCC4,CHEMBL2111540,Ki,7.7
5028832,Clc1ccc(CN2CCC3(CC2)CN(CCO3)C(=O)c4cccs4)cc1,CHEMBL1289082,IC50,7.7
5028843,Clc1ccc(cc1)C(=O)N(C2CCN(Cc3ccccc3)CC2)c4ccc(Br)cc4,CHEMBL85996,Ki,7.7
5028854,Clc1ccc(cc1Cl)N(C2CCN(Cc3ccccc3)CC2)C(=O)c4ccccc4,CHEMBL310132,Ki,7.7
3939793,[I-].C[N+]1(C)CCC[C@H]1c2oc(cc2)[C@@](O)(C3CCCCC3)c4ccccc4,CHEMBL568870,Ki,7.7
3940426,CCN(CC)CCCOC(=O)C(C)(C1CCCCC1)c2ccccc2,CHEMBL284137,Ki,7.71
5028869,[Br-].[Br-].CC(C)(CN1C(=O)c2cccc3cccc(C1=O)c23)C[N+](C)(C)CCCCCC[N+](C)(C)CC#CCOC4=NOCC4,CHEMBL3323287,Ki,7.71
3939285,O=C1CCCN1CC#CCN2CCCC2,CHEMBL7634,EC50,7.72
3937242,O[C@@H]1C[C@H](N(C1)C(=O)CC(c2ccc(F)cc2)(c3ccc(F)cc3)c4ccc(F)cc4)C(=O)N5CCC[C@@H]5C(=O)NCC6CCN(CC7CCCC7)CC6,CHEMBL214898,Ki,7.72
5028886,CC(C)(C)NC(=O)c1ccc(CC2CCN(CC2)C3CCN(CC3)C(=O)c4ccc(F)c5ccccc45)cc1,CHEMBL301354,Ki,7.75
5028897,CCOCC(=O)N1CCC(CC1)N2CCC(CC2)Oc3ccc(cc3)S(=O)(=O)c4ccc5OCOc5c4,CHEMBL355299,Ki,7.75
5028908,NC(=O)CSc1ccc(CC2CCN(CC2)C3CCN(CC3)C(=O)c4cccc5ccccc45)cc1,CHEMBL12085,Ki,7.75
3940503,[Br-].CCCCN(C(=O)O[C@H]1C[N+]2(CCCc3ccccc3)CCC1CC2)c4ccccc4,CHEMBL1779135,IC50,7.75
5028920,COc1ccc(cc1)[S+]([O-])c2ccc(cc2)C(C#N)N3CCN(CC3)C4CCCCC4,CHEMBL2114066,Ki,7.76
3940003,[I-].C[N+]1(C)CCCC1c2oc(cc2)C(C3CCCCC3)c4ccccc4,CHEMBL569712,Ki,7.76
3940214,CC(=O)OC1CC2CCCC1N2,CHEMBL64000,IC50,7.77
5028935,CC(C)S(=O)(=O)c1ccc(CC2CCN(CC2)C3CCN(CC3)C(=O)c4ccc(F)c5ccccc45)cc1,CHEMBL52203,Ki,7.77
5028946,CC(C)S(=O)(=O)c1ccc(CC2CCN(CC2)C3CCN(CC3)C(=O)c4cccc5ccccc45)cc1,CHEMBL12150,Ki,7.77
3937949,COc1ccc(cc1)[S+]([O-])c2ccc(cc2)C(C3CCCCC3)N4CCN(CC4)C5CCCCC5,CHEMBL421304,Ki,7.77
3937083,O=C(CCCNC(=O)CC(c1ccccc1)(c2ccccc2)c3ccccc3)NCCC(=O)NCC4CCCN(CC5CCCCC5)C4,CHEMBL369062,Ki,7.77
3940235,CN(C)CC1COCC(O1)(c2ccccc2)c3ccccc3.OC(=O)C(=O)O,CHEMBL2042552,Ki,7.78
5028963,[Br-].[Br-].CC(C)(CN1C(=O)c2ccccc2C1=O)C[N+](C)(C)CCCCCC[N+]3(C)[C@@H]4CC[C@@H]3CC(C4)OC(=O)C(CO)c5ccccc5,CHEMBL3323280,Ki,7.78
5028974,CC(C)c1nc(cs1)C(=O)N2CCOC3(CCN(Cc4ccccc4)CC3)C2,CHEMBL1289866,IC50,7.8
5028985,COc1ccc(cc1)S(=O)(=O)c2ccc(cc2)C(C#N)N3CCN(C[C@@H]3C)C4CCCCC4,CHEMBL352607,Ki,7.8
5028996,COc1nsnc1OCCCCCCCCCCCCOc2nsnc2C3=CCCN(C)C3,CHEMBL136027,Ki,7.8
3937360,C[C@H]1CCC[C@H](CC[C@@H]2[C@H]3CCCC[C@@H]3C[C@H]4[C@@H]2[C@H](C)OC4=O)N1,CHEMBL427145,Ki,7.8
3938016,Cl.CN1CCC=C(C1)c2nsnc2OCCCCCCCCCCCCO,CHEMBL545077,Ki,7.8
3940292,Cl.CN1CCC=C(C1)c2nsnc2OCCCCCCCCCCCCOC(=O)C,CHEMBL538793,Ki,7.8
5029013,O=C(N1CCC2(CCN(Cc3ccccc3)CC2)CC1)c4ccsc4,CHEMBL1290410,IC50,7.8
3937938,CN(C)CCC1=C(c2ccccc2C1)C(C)(C)c3ccccn3,CHEMBL423831,Ki,7.81
3939925,CCN(CC)CCOC(=O)C(c1ccccc1)C2(O)CCCCC2,CHEMBL2377269,Ki,7.82
5029028,Cc1ccccc1C(=O)N2CCC(CC2)N3CCC(Cc4ccc(cc4)C(=O)NC5CCCCC5)CC3,CHEMBL51339,Ki,7.82
5029039,NC(=O)C(CCCN1CC[C@@H](C1)Oc2ccccc2)(c3ccccc3)c4ccccc4,CHEMBL1910845,Ki,7.82
5029050,O=S(=O)(Cc1ccccc1)N2CCC(CC2)N3CCC(CC3)Oc4ccc(cc4)S(=O)(=O)c5ccc6OCOc6c5,CHEMBL352660,Ki,7.82
3940393,Cl.O=C(Nc1ccccc1c2ccccc2)OC34CCN(CC3)CC4,CHEMBL1779047,IC50,7.84
3941104,[Br-].Fc1cccc(c1)N(Cc2cc(F)c(F)c(F)c2)C(=O)O[C@H]3C[N+]4(CCOc5ccccc5)CCC3CC4,CHEMBL1779140,IC50,7.84
5029065,CC(C)S(=O)(=O)N1CCC(CC1)N2CCC(CC2)Oc3ccc(cc3)S(=O)(=O)c4ccc5OCOc5c4,CHEMBL169313,Ki,7.85
5029076,CCOC(=O)N1CCC(CC1)N2CCC(CC2)C3(SCCCS3)c4ccc(cc4)S(=O)(=O)c5ccc(OC)cc5,CHEMBL90199,Ki,7.85
5029087,CCOc1ccc2c(cccc2c1)C(=O)N3CCC(CC3)N4CCC(Cc5ccc(SC(C)C)cc5)CC4,CHEMBL12064,Ki,7.85
3940549,OC(CCN1CCCCC1)([C@H]2C[C@H]3C[C@@H]2C=C3)c4ccccc4,CHEMBL3085495,Ki,7.86
3941302,CCCCCN(C(=O)O[C@H]1CN2CCC1CC2)c3ccccc3,CHEMBL1779037,IC50,7.87
3939577,[I-].C[N+]1(C)CCCC1c2oc(cc2)C(c3ccccc3)c4ccccc4,CHEMBL583027,Ki,7.87
3937371,C[C@H]1CCC[C@H](C\C=C/2\[C@H]3CCCC[C@@H]3C[C@H]4[C@@H]2[C@H](C)OC4=O)N1C,CHEMBL182761,Ki,7.88
3941724,CN1[C@@H]2CC[C@H]1CC(C2)OC(=O)[C@H](CO)c3ccccc3,CHEMBL2449003,Ki,7.89
5029108,COC1(CN2CCC1CC2)C#CC(O)(C3CCC3)c4ccccc4,CHEMBL200957,Ki,7.89
3938303,C[C@@H]1OC(=O)[C@H]2C[C@H]3CCCC[C@@H]3[C@@H](CCCN4CCCC5CCCCC45)[C@@H]12,CHEMBL354636,Ki,7.89
5029121,O=C(CNC(=O)[C@@H]1CCCN1C(=O)CC(c2ccccc2)(c3ccccc3)c4ccccc4)NC[C@H]5CCCN(CC6CCCCC6)C5,CHEMBL2112961,Ki,7.89
5029132,CCc1nc(cs1)C(=O)N2CCOC3(CCN(Cc4ccc(Cl)cc4)CC3)C2,CHEMBL1289758,IC50,7.9
3941148,CN1[C@@H]2CC[C@H]1C[C@@H](CC(CO)(c3ccccc3)c4ccccc4)C2,CHEMBL3084679,Ki,7.9
3938447,CC(C1=C(CN(C)C)Cc2ccccc12)c3ccccn3,CHEMBL434684,Ki,7.91
5029147,C[C@@H]1OC(=O)[C@H]2C[C@H]3CCCC[C@@H]3C(CCC4CCC(C)(C)N4C)[C@@H]12,CHEMBL183903,Ki,7.91
5029158,CC(C)(CCC(C(=O)N)(c1ccccc1)c2ccccc2)N3CC[C@H](C3)Oc4ccccc4,CHEMBL1910847,Ki,7.92
5029169,CC(C)NC(=O)c1ccc(CC2CCN(CC2)C3CCN(CC3)C(=O)c4ccccc4Cl)cc1,CHEMBL50998,Ki,7.92
5029180,CC(C)[S+]([O-])c1ccc(cc1)C(=C2CCN(CC2)C3CCN(CC3)C(=O)c4cccc(C)c4N)C,CHEMBL418446,Ki,7.92
5029191,CCCS(=O)(=O)N1CCC(CC1)N2CCC(CC2)C3(CCCO3)c4ccc(cc4)[S+]([O-])c5ccc6OCOc6c5,CHEMBL328120,Ki,7.92
5029202,CN(C)C(=O)CSc1ccc(CC2CCN(CC2)C3CCN(CC3)C(=O)c4cccc5ccccc45)cc1,CHEMBL11816,Ki,7.92
3938635,CN(C)C1(CNCC2CCCCC2)COc3ccccc3OC1,CHEMBL234257,Ki,7.92
5029215,CN(C)C1(CNCCC2=CCSCC2)COc3ccccc3OC1,CHEMBL233202,Ki,7.92
5029226,O=C(CCNC(=O)[C@@H]1CCCN1C(=O)CC(c2ccccc2)(c3ccccc3)c4ccccc4)NC[C@H]5CCCN(CC6CCCCC6)C5,CHEMBL2112958,Ki,7.92
5029237,O=C(N1CCC(CC1)N2CCC(CC2)Oc3ccc(cc3)S(=O)(=O)c4ccc5OCOc5c4)c6cccc7cccnc67,CHEMBL355510,Ki,7.92
3936687,[Br-].OC(C(=O)O[C@H]1C[N+]2(Cc3ccccc3)CCC1CC2)(c4cccs4)c5cccs5,CHEMBL556634,IC50,7.92
5029250,[Br-].[Br-].C=CC[N+]12CC[C@@]34[C@@H]1C[C@@H]5[C@H]6[C@@H](OCC=C5C2)N7[C@H]8[C@H]9[C@H]%10C[C@H]%11[C@@]8(CC[N+]%11(CC=C)CC%10=CCO[C@H]9N([C@H]36)c%12ccccc4%12)c%13ccccc7%13,CHEMBL607178,EC50,7.95
5029261,CC(C)Sc1ccc(CC2CCN(CC2)C3CCN(CC3)C(=O)c4nccc5ccccc45)cc1,CHEMBL12542,Ki,7.96
3939082,CN1CCC=C(C1)c2nsnc2OCCCCCC3CCN(CCCN4C(=O)CCc5ccccc45)CC3,CHEMBL3354067,Ki,7.96
5029274,C[N+]1(C)[C@@H]2CC[C@@H]1CC(C2)OC(=O)C(CO)c3ccccc3,CHEMBL1197177,Ki,7.96
3941203,NC1CCN(CC1)C(=O)[C@@](O)(C2CCCC2)c3ccccc3,CHEMBL71431,Ki,7.96
3940677,[Br-].CCCCN(C(=O)O[C@H]1C[N+]2(CCCc3cccs3)CCC1CC2)c4ccccc4,CHEMBL1779136,IC50,7.96
3937274,COc1ccc(cc1)[S+]([O-])c2ccc(cc2)C(=O)C3CCN(CC3)C4CCCCC4,CHEMBL2115127,Ki,7.97
3936315,C[N+]1(C)[C@H]2C[C@@H](C[C@@H]1[C@H]1O[C@@H]21)OC(=O)[C@H](CO)C1=CC=CC=C1,methscopolamine,Ki,7.98
5029294,Cl.COc1ccccc1NCCCCCCNCCCCCCCCNCCCCCCNc2ccccc2OC,CHEMBL1256938,Ki,7.98
3940626,[I-].C[N+]1(C)CCCC1c2oc(cc2)C(O)(C3CCCCC3)c4ccccc4,CHEMBL569760,Ki,7.99
5029307,CC(C)c1nc(cs1)C(=O)N2CCOC3(CCN(Cc4cccc(Cl)c4)CC3)C2,CHEMBL1289983,IC50,8.0
755961,CN1[C@@H]2CC[C@H]1C[C@H](C2)OC(c3ccccc3)c4ccccc4,benzatropine,IC50,8.0
5029319,C[N+]1(CC(=O)Nc2ccccc2)CCC(C1)N3CC(NC3=O)(c4ccccc4)c5ccccc5,CHEMBL222634,Ki,8.0
5029330,[Br-].C[N+](C)(C)CC#CCOC1=NOCC1,CHEMBL3323286,Ki,8.0
3941005,CN(C)C[C@H]1COCC(O1)(c2ccccc2)c3ccccc3.OC(=O)C(=O)O,CHEMBL2042553,Ki,8.01
5029343,CC(C)S(=O)(=O)c1ccc(cc1)C(=C2CCN(CC2)C3CCN(CC3)C(=O)c4ccc(F)c5ccccc45)C,CHEMBL150845,Ki,8.02
3938846,CCN(CC)CCOC(=O)C(C)(c1ccccc1)c2ccccc2,CHEMBL26505,Ki,8.03
5029356,CCCS(=O)(=O)N1CCC(CC1)N2CCC(CC2)C3(O[C@H](C)[C@@H](C)O3)c4ccc(cc4)[S+]([O-])c5ccc6OCOc6c5,CHEMBL328550,Ki,8.04
5029367,COc1ccccc1CN2CCC(CC2)C3CCN(CC3)C(=O)CCCCCCC(=O)N4CCC(CC4)C5CCN(Cc6ccccc6OC)CC5,CHEMBL130835,Ki,8.04
3940224,CC(C)N(CC[C@H](c1ccccc1)c2cc(CCNC(=O)CCCCCNC(=O)COc3ccc(\C=C\C4=[N+]5C(=Cc6ccc(c7cccs7)n6[B-]5(F)F)C=C4)cc3)ccc2O)C(C)C,CHEMBL271108,Ki,8.05
5029380,CC(C)NC(=O)c1ccc(CC2CCN(CC2)C3CCN(CC3)C(=O)c4ccc(F)c5c(F)cccc45)cc1,CHEMBL51574,Ki,8.05
5029391,CC(C)NC(=O)c1ccc(CC2CCN(CC2)C3CCN(CC3)C(=O)c4cccc(C)c4N)cc1,CHEMBL50618,Ki,8.05
5029402,CC(C)NC(=O)c1ccc(cc1)C2(OCCO2)C3CCN(CC3)C4CCN(CC4)C(=O)c5ccccc5C,CHEMBL300845,Ki,8.05
5029413,C[C@H](N1CCN(C[C@H]1C)C2CCNCC2)c3ccc(cc3)S(=O)(=O)c4ccc5OCOc5c4,CHEMBL164397,Ki,8.05
5029424,C[N+]1(CCCOc2ccccc2)CCC(C1)N3CC(NC3=O)(c4ccccc4)c5ccccc5,CHEMBL223028,Ki,8.05
3940915,[Br-].CCCCN(C(=O)O[C@H]1C[N+]2(CCOc3ccccc3)CCC1CC2)c4ccccc4,CHEMBL1779137,IC50,8.05
5029437,[Br-].[Br-].CC(C)(CN1C(=O)c2cccc3cccc(C1=O)c23)C[N+](C)(C)CCCCCC[N+]4(C)[C@@H]5C[C@@H](C[C@H]4[C@@H]6O[C@H]56)OC(=O)[C@H](CO)c7ccccc7,CHEMBL3323284,Ki,8.05
3936871,CN(C)C1(CNCC=C2CCOCC2)COc3ccccc3OC1,CHEMBL394255,Ki,8.06
5029450,CC(C)Sc1ccc(CC2CCN(CC2)C3CCN(CC3)C(=O)c4cccc5ccc(F)cc45)cc1,CHEMBL12153,Ki,8.07
3939126,COc1ccccc1CN2CCC(CC2)C3CCN(CCCCCCCCN4CCC(CC4)C5CCN(Cc6ccccc6OC)CC5)CC3,CHEMBL127273,Ki,8.07
3940688,[Br-].O=C(O[C@H]1C[N+]2(CCCc3cccs3)CCC1CC2)N(Cc4ccsc4)c5ccccc5,CHEMBL1779132,IC50,8.08
5029465,[Cl-].[Cl-].C[N+]12CC[C@@]34[C@@H]1C[C@@H]5[C@H]6[C@@H](OCC=C5C2)N7[C@H]8[C@H]9[C@H]%10C[C@H]%11[C@@]8(CC[N+]%11(C)CC%10=CCO[C@H]9N([C@H]36)c%12ccccc4%12)c%13ccccc7%13,CHEMBL607179,EC50,8.09
3940948,CCN(CC)CCOC(=O)C(O)(C1CCCCC1)c2cccs2,CHEMBL2377267,Ki,8.1
5029477,COc1ccc(cc1)[S+]([O-])c2ccc(cc2)C(C#N)N3CCN(CC3)C4CCCCC4,CHEMBL73341,Ki,8.1
3937994,COc1nsnc1OCCOCCOCCOCCOc2nsnc2C3=CCCN(C)C3,CHEMBL216927,Ki,8.1
3937473,Cl.COc1nsnc1OCCOCCOCCOCCOc2nsnc2C3=CCCN(C)C3,CHEMBL553058,Ki,8.1
5029492,Clc1ccc(cc1)N(C2CCN(Cc3ccccc3)CC2)C(=O)c4ccccc4,CHEMBL84993,Ki,8.1
5029503,COc1ccc(cc1)[S+]([O-])c2ccc(cc2)C(C#N)C3CCN(CC3)C4CCCCC4,CHEMBL2114064,Ki,8.12
3940926,[Br-].O=C(O[C@H]1C[N+]2(CCCc3cccs3)CCC1CC2)N(Cc4ccccc4)c5ccccc5,CHEMBL1779128,IC50,8.12
3941115,[I-].C[N+](C)(C)C[C@@H]1CS[C@](O1)(C2CCCCC2)c3ccccc3,CHEMBL45454,Ki,8.12
3937927,CN(C)C1(CNCCC2CCSCC2)COc3ccccc3OC1,CHEMBL233201,Ki,8.14
3937187,COc1ccc(cc1)S(=O)(=O)c2ccc(cc2)C(C#N)N3CCN(CC3)C4CCCCC4,CHEMBL71971,Ki,8.14
5029521,COc1ccc(cc1)[S+]([O-])c2ccc(cc2)C(C#N)C3CCN(CC3)C4CCCCC4,CHEMBL2115126,Ki,8.15
3905928,CC(=O)OCC[N+](C)(C)C,acetylcholine,EC50,8.16
5029534,CC(C)NC(=O)c1ccc(CC2CCN(CC2)C3CCN(CC3)C(=O)c4ccccc4C)cc1,CHEMBL49975,Ki,8.16
5029545,CCCCS(=O)(=O)N1CCC(CC1)N2CCC(CC2)Oc3ccc(cc3)S(=O)(=O)c4ccc5OCOc5c4,CHEMBL426761,Ki,8.16
5029556,C#CCOc1noc2CCCNCc12,CHEMBL69306,EC50,8.17
3941038,CN1CCCC1c2oc(cc2)C(O)(C3CCCCC3)c4ccccc4,CHEMBL583051,Ki,8.17
3941456,CN1[C@@H]2CC[C@H]1C[C@@H](CC(O)(c3ccccc3)c4ccccc4)C2,CHEMBL3084662,Ki,8.2
5029571,COC1(CN2CCC1CC2)C#CC(C#N)(c3ccccc3)c4ccccc4,CHEMBL258959,Ki,8.2
5029582,O=C(N1CCC2(CCN(Cc3ccccc3)CC2)CC1)c4ccccc4,CHEMBL1290294,IC50,8.2
3939239,CN(C)C1(CNCCC2CCCCC2)COc3ccccc3OC1,CHEMBL234438,Ki,8.21
5029595,CC(C)NC(=O)c1ccc(CC2CCN(CC2)C3CCN(CC3)C(=O)c4c[nH]c5ccccc45)cc1,CHEMBL50927,Ki,8.22
5029606,CC(C)Oc1ccc2c(cccc2c1)C(=O)N3CCC(CC3)N4CCC(Cc5ccc(SC(C)C)cc5)CC4,CHEMBL11527,Ki,8.22
3938624,CCCN(CCC)CC1CCCCN1CCNC(=O)N2c3ccccc3C(=O)Nc4cccnc24,CHEMBL279453,Ki,8.22
5029619,CCOC(=O)N1CCC(CC1)N2CCC(CC2)Oc3ccc(cc3)S(=O)(=O)c4ccc5OCOc5c4,CHEMBL353465,Ki,8.22
3937771,CN(C)C1(CNCCC2CCOCC2)COc3ccccc3OC1,CHEMBL435353,Ki,8.22
3939137,COc1ccccc1CNCCCCCCN2CCC(CCC3CCN(CCCCCCNCc4ccccc4OC)CC3)CC2,CHEMBL242345,Ki,8.22
3939981,NC(CCCNC(=N)N)C(=O)CCCCCCCCNC(=N)N,CHEMBL477542,IC50,8.22
5029636,CC(C)N(CCOC(=O)C(O)(c1ccccc1)c2ccccc2)C(C)C,CHEMBL2377261,Ki,8.23
3941324,[I-].C[N+](C)(C)CC1COCC(O1)(c2ccccc2)c3ccccc3,CHEMBL2042404,Ki,8.24
3940980,CCN(CC)CCSC(=O)C(O)(c1ccccc1)c2ccccc2,CHEMBL2377387,Ki,8.27
3938087,CN(C)[C@H]1CCCC[C@@H]1N(C)CC(=O)N2c3ccccc3NC(=O)c4ccccc24.OC(=O)C(=O)O.OC(=O)C(=O)O,CHEMBL2021477,Ki,8.27
5029653,[Br-].C[N+]1(CCc2ccccc2)CCC(C1)N3CC(NC3=O)(c4ccccc4)c5ccccc5,CHEMBL223055,Ki,8.27
3938370,CN(C)C1(CNCCC2CCOCC2)COc3ccc(F)cc3OC1,CHEMBL392186,Ki,8.29
5029666,Brc1ccc(cc1)N(C2CCN(Cc3ccccc3)CC2)C(=O)c4ccccc4,CHEMBL85892,Ki,8.3
5029677,CC(C)NC(=O)c1ccc(CC2CCN(CC2)C3CCN(CC3)C(=O)c4ccc5[nH]ccc5c4)cc1,CHEMBL417369,Ki,8.3
5029688,CC(C)NC(=O)c1ccc(CC2CCN(CC2)C3CCN(CC3)C(=O)c4cccc5c(F)cc(F)cc45)cc1,CHEMBL51400,Ki,8.3
5029699,CCCS(=O)(=O)N1CCC(CC1)N2CCC(CC2)C3(CCCO3)c4ccc(cc4)S(=O)(=O)c5ccc6OCOc6c5,CHEMBL92569,Ki,8.3
5029710,COC1(CN2CCC1CC2)C#CC(O)(c3ccccc3)c4ccncc4,CHEMBL201933,Ki,8.3
5029721,CO[C@@]1(CN2CCC1CC2)C#CC(O)(c3cccc(F)c3)c4cccc(F)c4,CHEMBL383389,Ki,8.3
3938962,COc1ccc(cc1)[S+]([O-])c2ccc(cc2)C(N3CCN(CC3)C4CCCCC4)C(F)(F)F,CHEMBL70464,Ki,8.3
3940317,CN1CCC[C@H]1[C@H]2CSC(O2)(c3ccccc3)c4ccccc4,CHEMBL373515,Ki,8.31
3940270,[Br-].OC(C(=O)N[C@H]1C[N+]2(CCCOc3ccccc3)CCC1CC2)(c4cccs4)c5cccs5,CHEMBL3401651,IC50,8.32
5029738,COc1ccc(c2OCOc12)S(=O)(=O)c3ccc(cc3)[C@H](C)N4CCN(C[C@H]4C)C5CCN(CC5)C(=O)c6ccccc6C,CHEMBL167839,Ki,8.33
3941544,O=C(O[C@H]1CN2CCC1CC2)N(Cc3ccsc3)c4ccccc4,CHEMBL1779034,IC50,8.33
3941049,CN1CCC[C@@H]1c2oc(cc2)[C@@](O)(C3CCCCC3)c4ccccc4,CHEMBL571121,Ki,8.34
3939971,CCNCCCCC1CCN(CC(=O)N2c3ccccc3NC(=O)c4ccccc24)CC1,CHEMBL355874,Ki,8.35
1436756,CN(C)CCOc1cc(C)c2cc(NC(=O)COc3ccc(Cl)cc3Cl)ccc2n1,CHEMBL194837,IC50,8.35
3939519,CN(C)[C@H]1CCCC[C@H]1N(C)CC(=O)N2c3ccccc3NC(=O)c4ccccc24.OC(=O)C(=O)O.OC(=O)C(=O)O,CHEMBL2021479,Ki,8.35
3941236,CN1CCC[C@@H]1[C@@H]2CS[C@](O2)(C3CCCCC3)c4ccccc4,CHEMBL219825,Ki,8.35
3940371,[Br-].CCCCCCC[N+]12CCC(CC1)[C@H](C2)OC(=O)C3(O)c4ccccc4c5ccccc35,CHEMBL563996,IC50,8.35
5029762,C[C@H](N1CCN(C[C@H]1C)C2CCN(CC2)C(=O)c3ccccc3NC(=O)C)c4ccc(cc4)S(=O)(=O)c5ccc6OCOc6c5,CHEMBL166685,Ki,8.36
3940891,CN1CCC[C@H]1[C@H]2CS[C@@](O2)(C3CCCCC3)c4ccccc4,CHEMBL376255,Ki,8.37
5029775,COC(=O)CSc1ccc(CC2CCN(CC2)C3CCN(CC3)C(=O)c4cccc5ccc(F)cc45)cc1,CHEMBL12354,Ki,8.37
3937005,CN1CCC[C@@H]1[C@@H]2C[S+]([O-])[C@@](O2)(C3CCCCC3)c4ccccc4,CHEMBL493979,Ki,8.38
3941555,O[C@@](C1CCCC1)(C(=O)N[C@H]2CN3CCC2CC3)c4cccs4,CHEMBL3401643,IC50,8.38
3938995,CN(C)[C@@H]1CCCC[C@H]1N(C)CC(=O)N2c3ccccc3NC(=O)c4ccccc24.OC(=O)C(=O)O.OC(=O)C(=O)O,CHEMBL2021476,Ki,8.4
5029794,COC1(CN2CCC1CC2)C#CC(O)(c3ccccc3)c4ccc(F)nc4,CHEMBL427013,Ki,8.4
5029805,Clc1cccc(CN2CCC3(CC2)CCN(CC3)C(=O)c4ccccc4)c1,CHEMBL1290183,IC50,8.4
3941027,[Br-].C[N+]1(C)[C@@H]2CC[C@H]1C[C@@H](CC(CO)(c3ccccc3)c4ccccc4)C2,CHEMBL3084643,Ki,8.4
3940803,[Br-].C[N+]1(C)[C@@H]2CC[C@H]1C[C@@H](CC(O)(c3ccccc3)c4ccccc4)C2,CHEMBL3084658,Ki,8.4
3940880,[Br-].O=C(O[C@H]1C[N+]2(CCCc3ccccc3)CCC1CC2)N(Cc4ccccc4)c5ccccc5,CHEMBL1779049,IC50,8.4
3940758,[Br-].O=C(O[C@H]1C[N+]2(CCOc3ccccc3)CCC1CC2)N(Cc4ccccc4)c5ccccc5,CHEMBL1779129,IC50,8.41
3937603,CCC(=O)N1CCC(CC1)N2CCC(CC2)C(=C)c3ccc(cc3)S(=O)(=O)c4ccc(OC)cc4,CHEMBL305607,Ki,8.42
3941522,O=C(O[C@H]1CN2CCC1CC2)N(Cc3ccccc3)c4ccccc4,CHEMBL1777826,IC50,8.43
3936781,Cc1nccn1CC#CCOc2ccon2,CHEMBL1162116,Ki,8.44
5029830,COc1ccc(cc1)[S+]([O-])c2ccc(cc2)C(=O)C3CCN(CC3)C4CCCCC4,CHEMBL2114067,Ki,8.45
3940026,CN(C)[C@@H]1CCCC[C@@H]1N(C)CC(=O)N2c3ccccc3NC(=O)c4ccccc24.OC(=O)C(=O)O.OC(=O)C(=O)O,CHEMBL2021478,Ki,8.46
3940664,Cl.CCCCCCSc1nccnc1O[C@H]2CN3CCC2C3,CHEMBL542622,Ki,8.47
3940560,[I-].C[N+]1(C)CCC[C@@H]1[C@@H]2CSC(O2)(c3ccccc3)c4ccccc4,CHEMBL375851,Ki,8.47
5029847,CC(C)OC(=O)N1CCC(CC1)N2CCC(CC2)Oc3ccc(cc3)S(=O)(=O)c4ccc5OCOc5c4,CHEMBL169876,Ki,8.5
3940770,CN1CCC=C(C1)c2nsnc2OCCCCCCCCCOc3nsnc3C4=CCCN(C)C4,CHEMBL143469,Ki,8.5
5029860,COC1(CN2CCC1CC2)C#CC(O)(C3CCCC3)c4ccccc4,CHEMBL200432,Ki,8.5
5029871,COC1(CN2CCC1CC2)C#CC(O)(c3ccccc3)c4cccnc4F,CHEMBL382213,Ki,8.5
5029882,CO[C@@]1(CN2CCC1CC2)C#C[C@@](O)(C3CCCCCCC3)c4ccccc4,CHEMBL264676,Ki,8.5
5029893,Cc1nc(cs1)C(=O)N2CCOC3(CCN(Cc4ccc(Cl)cc4)CC3)C2,CHEMBL1289545,IC50,8.5
5029904,Cc1nc(cs1)C(=O)N2CCOC3(CCN(Cc4ccccc4Cl)CC3)C2,CHEMBL1289654,IC50,8.5
3940814,[Br-].O=C(O[C@H]1C[N+]2(CCCc3cccs3)CCC1CC2)N(Cc4cccs4)c5ccccc5,CHEMBL1777827,IC50,8.5
1734668,[I-].CC(C)OC(=O)c1ccc(NC(=O)N[C@@H](Cc2ccc(O)cc2)C(=O)N[C@H]3CCC[N+](C)(Cc4cccc(O)c4)C3)cc1,CHEMBL540359,Ki,8.5
3938657,COc1ccc(cc1)S(=O)(=O)c2ccc(cc2)C(=O)C3CCN(CC3)C4CCCCC4,CHEMBL71531,Ki,8.51
5029921,COc1c2OCOc2ccc1S(=O)(=O)c3ccc(cc3)[C@H](C)N4CCN(C[C@H]4C)C5CCN(CC5)C(=O)c6ccccc6C,CHEMBL167838,Ki,8.52
3936722,COc1ccc(cc1)S(=O)(=O)c2ccc(cc2)C(=C)C3CCN(CC3)C4CCN(CC4)C(=O)Cc5ccccc5,CHEMBL72787,Ki,8.52
5029934,CCOC(=O)N1CCC(CC1)N2CCC(CC2)C(=O)c3ccc(cc3)S(=O)(=O)c4ccc(OC)cc4,CHEMBL92110,Ki,8.54
3941658,O=C(O[C@H]1CN2CCC1CC2)C3c4ccccc4Oc5ccccc35,CHEMBL549577,IC50,8.55
3941467,[I-].C[N+](C)(C)C[C@H]1COCC(O1)(c2ccccc2)c3ccccc3,CHEMBL2042405,Ki,8.55
3941335,CN1CCC[C@@H]1[C@@H]2CSC(O2)(c3ccccc3)c4ccccc4,CHEMBL375073,Ki,8.56
3940937,CN1CCC[C@H]1[C@H]2CS[C@](O2)(C3CCCCC3)c4ccccc4,CHEMBL385328,Ki,8.56
5029953,CC(C)NC(=O)c1ccc(cc1)C2(OCCO2)C3CCN(CC3)C4CCN(CC4)C(=O)c5cccc(C)c5N,CHEMBL422763,Ki,8.57
5029964,CC(C)[S+]([O-])c1ccc(cc1)C(=C2CCN(CC2)C3CCN(CC3)C(=O)c4ccc(F)c5ccccc45)C,CHEMBL150624,Ki,8.57
5029975,CCOC(=O)CSc1ccc(CC2CCN(CC2)C3CCN(CC3)C(=O)c4cccc5cc(OCC)ccc45)cc1,CHEMBL418530,Ki,8.57
5029986,CC(C)(CCC(C(=O)N)(c1ccccc1)c2ccccc2)N3CCC(CC3)Oc4ccccc4,CHEMBL1910849,Ki,8.59
5029997,COc1ccc(cc1)S(=O)(=O)c2ccc(cc2)[C@H](C)N3CCN(C[C@H]3C)C4CCN(CC4)C(=O)c5ccccc5C,CHEMBL167629,Ki,8.59
5030008,CCNC(=O)N1CCC(CC1)N2CCN([C@@H](C)c3ccc(cc3)S(=O)(=O)c4ccc5OCOc5c4)[C@H](C)C2,CHEMBL163887,Ki,8.6
5030019,CO[C@@]1(CN2CCC1CC2)C#C[C@@](O)(C3CCCCCC3)c4ccccc4,CHEMBL409151,Ki,8.6
5030030,COc1nsnc1OCCOCCOCCOCCOCCOc2nsnc2C3=CCCN(C)C3,CHEMBL386983,Ki,8.6
5030041,Cc1cccc(CN2CCC3(CC2)CCN(CC3)C(=O)c4ccccc4)c1,CHEMBL1290184,IC50,8.6
5030052,[Br-].C[N+]1(C)CCC[C@@H](C1)OC(=O)C(O)(c2ccccc2)c3ccccc3,CHEMBL3289391,Ki,8.6
5030063,CC(C)NC(=O)c1ccc(cc1)C2(OCCO2)C3CCN(CC3)C4CCN(CC4)C(=O)c5ccc(F)c6ccccc56,CHEMBL51096,Ki,8.62
3939049,CN(C)C1(CNCCC2CCCC2)COc3ccccc3OC1,CHEMBL394254,Ki,8.62
5030076,C[N+]1(CCOc2ccccc2)CC[C@H](C1)N3CC(NC3=O)(c4ccccc4)c5ccccc5,CHEMBL387546,Ki,8.62
3941357,[I-].C[N+]1(C)CCC[C@@H]1c2oc(cc2)[C@@](O)(C3CCCCC3)c4ccccc4,CHEMBL569307,Ki,8.63
3940438,[Br-].CC(C)[N+]1(C)[C@@H]2CC[C@H]1C[C@H](C2)OC(=O)C(CO)c3ccccc3,CHEMBL1464005,IC50,8.65
3941082,[Br-].OC1(C(=O)O[C@H]2C[N+]3(CCc4ccccc4)CCC2CC3)c5ccccc5c6ccccc16,CHEMBL562655,IC50,8.65
5030094,COc1ccc(cc1)S(=O)(=O)c2ccc(cc2)C(=C)C3CCN(CC3)C4CCN(CC4)C(=O)C(C)C,CHEMBL70848,Ki,8.66
5030105,CC(C)NC(=O)c1ccc(CC2CCN(CC2)C3CCN(CC3)C(=O)c4ccc(F)c5ccccc45)cc1,CHEMBL51459,Ki,8.68
3941016,[Br-].CC1(C(=O)O[C@H]2C[N+]3(CCCOc4ccccc4)CCC2CC3)c5ccccc5c6ccccc16,CHEMBL559931,IC50,8.68
5030118,CCS(=O)(=O)N1CCC(CC1)N2CCC(CC2)Oc3ccc(cc3)S(=O)(=O)c4ccc5OCOc5c4,CHEMBL355169,Ki,8.7
3939530,CN(C)C1(CNCCC2CCCCCC2)COc3ccccc3OC1,CHEMBL234439,Ki,8.7
5030131,COC1(CN2CCC1CC2)C#CC(O)(c3ccccc3)c4cncnc4,CHEMBL203249,Ki,8.7
5030142,CO[C@@]1(CN2CCC1CC2)C#CC(O)(C3CCCCC3)c4ccccc4,CHEMBL200693,Ki,8.7
5030153,O=C1NC(CN1C2CCCN(Cc3ccccc3)CC2)(c4ccccc4)c5ccccc5,CHEMBL222387,Ki,8.7
5030164,CC(C)NC(=O)c1ccc(cc1)C2(OCCO2)C3CCN(CC3)C4CCN(CC4)C(=O)c5cccc(N)c5C,CHEMBL51510,Ki,8.72
3939182,CN(C)C1(CNCCC2CCC(O)CC2)COc3ccccc3OC1,CHEMBL391977,Ki,8.72
5030177,CCOC(=O)N1CCC(CC1)N2CCC(CC2)C3(O[C@@H](C)[C@H](C)O3)c4ccc(cc4)S(=O)(=O)c5ccc6OCOc6c5,CHEMBL328093,Ki,8.74
3941489,[Br-].O=C(O[C@H]1C[N+]2(CCc3ccccc3)CCC1CC2)C4c5ccccc5Oc6ccccc46,CHEMBL559106,IC50,8.74
3942027,CCCCCCCCCCCCCCCC(=O)OC[C@H](NC(=O)CNC(=O)CCCCCCCCCCCCC)C(=O)OCc1ccccc1,CHEMBL112297,Kd,8.75
3939228,CN(C)C1(CNCCC2CCC(CO)CC2)COc3ccccc3OC1,CHEMBL234258,Ki,8.75
5030194,C[C@H](N1CCN(C[C@H]1C)C2CCN(CC2)C(=O)c3ccccc3C)c4ccc(cc4)S(=O)(=O)c5cccc(c5)C(F)(F)F,CHEMBL354461,Ki,8.75
3941533,O=C(O[C@H]1CN2CCC1CC2)N(Cc3cccs3)c4ccccc4,CHEMBL1779033,IC50,8.75
3941126,CN1CCC=C(C1)c2nsnc2OCCCCCCCCCC3CCN(CCCN4C(=O)CCc5ccccc45)CC3,CHEMBL3354069,Ki,8.77
3941258,OC(C(=O)N[C@H]1CN2CCC1CC2)(c3cccs3)c4cccs4,CHEMBL3401641,IC50,8.77
5030211,C[N+]1(CCOc2ccccc2)CCC(C1)N3CC(NC3=O)(c4ccccc4)c5ccccc5,CHEMBL374989,Ki,8.78
5030222,CC(C)(CCC(C(=O)N)(c1ccccc1)c2ccccc2)N3CC[C@@H](C3)Oc4ccccc4,CHEMBL1910846,Ki,8.8
5030233,CC(C)NC(=O)c1ccc(CC2CCN(CC2)C3CCN(CC3)C(=O)c4cccc(N)c4C)cc1,CHEMBL51256,Ki,8.8
5030244,CC(C)NC(=O)c1ccc(CC2CCN(CC2)C3CCN(CC3)C(=O)c4cccc5[nH]ccc45)cc1,CHEMBL421864,Ki,8.8
5030255,CCCS(=O)(=O)N1CCC(CC1)N2CCC(CC2)Oc3ccc(cc3)S(=O)(=O)c4ccc5OCOc5c4,CHEMBL169565,Ki,8.8
5030266,CO[C@@]1(CN2CCC1CC2)C#C[C@@](O)(C3CCCCC3)c4ccccc4,CHEMBL428962,Ki,8.8
5030277,O=C(N1CCC(CC1)N2CCC(CC2)Oc3ccc(cc3)S(=O)(=O)c4ccc5OCOc5c4)c6ccccc6,CHEMBL171411,Ki,8.8
3941577,[Br-].O=C(O[C@H]1C[N+]2(CCOc3ccccc3)CCC1CC2)N(Cc4ccsc4)c5ccccc5,CHEMBL1779133,IC50,8.8
3940792,[Br-].CC[N+](C)(CC)CCOC(=O)C(O)(c1ccccc1)c2ccccc2,CHEMBL2106570,Ki,8.81
3941214,[I-].C[N+]1(C)CCC[C@@H]1[C@@H]2CS[C@@](O2)(C3CCCCC3)c4ccccc4,CHEMBL220393,Ki,8.83
3938547,COc1ccc(cc1)S(=O)(=O)c2ccc(cc2)C(=C)C3CCN(CC3)C4CCN(CC4)S(=O)(=O)Cc5ccccc5,CHEMBL422770,Ki,8.84
3938188,CN1CCC=C(C1)c2nsnc2OCCCCCCCC3CCN(CCCN4C(=O)CCc5ccccc45)CC3,CHEMBL3354068,Ki,8.86
3404095,CC1(C)CN(CC\C=C\2/c3cccnc3COc4ccc(cc24)C(=O)O)C[C@@H]([C@H]1O)c5ccc(Cl)cc5,CHEMBL2178569,Ki,8.89
5030300,CCCCC(=O)N1CCC(CC1)N2CCN([C@@H](C)c3ccc(cc3)S(=O)(=O)c4ccc5OCOc5c4)[C@H](C)C2,CHEMBL165337,Ki,8.89
5030311,COC1(CN2CCC1CC2)C#CC(O)(c3ccccc3)c4cccnc4,CHEMBL200319,Ki,8.89
3404230,COc1ccc(cc1)S(=O)(=O)c2ccc(CC3CCN(CC3)C4CCN(CC4)C(=O)c5ccc(F)c6ccccc56)cc2,CHEMBL109051,Ki,8.89
3939307,COc1ccc(cc1)S(=O)(=O)c2ccc(cc2)C(C#N)C3CCN(CC3)C4CCCCC4,CHEMBL69595,Ki,8.89
5030326,C[C@H](N1CCN(C[C@H]1C)C2CCN(CC2)C(=O)C3CC3)c4ccc(cc4)S(=O)(=O)c5ccc6OCOc6c5,CHEMBL353842,Ki,8.89
5030337,Cc1nc(cs1)C(=O)N2CCOC3(CCN(Cc4cccc(Cl)c4)CC3)C2,CHEMBL1289653,IC50,8.9
5030348,CCCS(=O)(=O)N1CCC(CC1)N2CCC(CC2)C3(O[C@H](C)[C@@H](C)O3)c4ccc(cc4)S(=O)(=O)c5ccc6OCOc6c5,CHEMBL90507,Ki,8.91
3939771,COc1ccc(cc1)S(=O)(=O)c2ccc(cc2)C(=C)C3CCN(CC3)C4CCNCC4,CHEMBL420008,Ki,8.94
3941735,OC1(C(=O)O[C@H]2CN3CCC2CC3)c4ccccc4c5ccccc15,CHEMBL563887,IC50,8.94
5030363,CC(C)NC(=O)c1ccc(cc1)C2(OCCO2)C3CCN(CC3)C4CCN(CC4)C(=O)c5cccc6[nH]ccc56,CHEMBL52852,Ki,8.96
5030374,O=C(Oc1ccccc1)N2CCC(CC2)N3CCC(CC3)Oc4ccc(cc4)S(=O)(=O)c5ccc6OCOc6c5,CHEMBL422740,Ki,8.96
3941566,[Br-].O=C(O[C@H]1C[N+]2(CCOc3ccccc3)CCC1CC2)N(Cc4cccs4)c5ccccc5,CHEMBL1779131,IC50,8.96
3941621,CN1CCC[C@@H]1[C@@H]2CS[C@@](O2)(C3CCCCC3)c4ccccc4,CHEMBL376870,Ki,8.97
3941389,[Br-].OC1(C(=O)O[C@H]2C[N+]3(CCCOc4ccccc4)CCC2CC3)c5ccccc5c6ccccc16,CHEMBL561870,IC50,8.97
5030391,CCCS(=O)(=O)N1CCC(CC1)N2CCC(CC2)C(=O)c3ccc(cc3)S(=O)(=O)c4ccc5OCOc5c4,CHEMBL91232,Ki,8.99
5030402,CC(C)Sc1ccc(CC2CCN(CC2)C3CCN(CC3)C(=O)c4cccc5ncccc45)cc1,CHEMBL11756,Ki,9.0
3937648,COC(=O)N1CCC(CC1)N2CCC(CC2)C(=C)c3ccc(cc3)S(=O)(=O)c4ccc(OC)cc4,CHEMBL307234,Ki,9.0
3940061,COc1ccc(cc1)[S+]([O-])c2ccc(cc2)C(C)N3CCN(CC3)C4CCCCC4,CHEMBL307810,Ki,9.0
5030417,C[C@H](N1CCN(CC1)C2CCN(CC2)C(=O)c3c(C)cccc3C)c4ccc(cc4)S(=O)(=O)c5ccc6OCOc6c5,CHEMBL67563,Ki,9.0
5030428,C[C@H](N1CCN(C[C@H]1C)C2CCN(CC2)C(=O)c3ccccc3O)c4ccc(cc4)S(=O)(=O)c5ccc6OCOc6c5,CHEMBL165434,Ki,9.0
5030439,O=C(N1CCC(CC1)N2CCC(CC2)Oc3ccc(cc3)S(=O)(=O)c4ccc5OCOc5c4)c6ccnc7ccccc67,CHEMBL168483,Ki,9.0
3941291,[Br-].O[C@](C1CCCC1)(C(=O)O[C@H]2C[N+]3(CCCOc4ccccc4)CCC2CC3)c5cccs5,CHEMBL549986,IC50,9.0
3941949,[I-].C[N+]1(C)CCC[C@H]1[C@H]2CS[C@](O2)(C3CCCCC3)c4ccccc4,CHEMBL219786,Ki,9.02
3941378,[Br-].OC(c1ccccc1)(c2ccccc2)C34CC[N+](CCCOc5ccccc5)(CC3)CC4,CHEMBL524097,Ki,9.03
5030456,CC(C)Sc1ccc(CC2CCN(CC2)C3CCN(CC3)C(=O)c4cccc5ccccc45)cc1,CHEMBL276239,Ki,9.05
5030468,C[C@H](N1CCN(C[C@H]1C)C2CCN(CC2)C(=O)c3ccccc3)c4ccc(cc4)S(=O)(=O)c5ccc6OCOc6c5,CHEMBL349720,Ki,9.05
5030480,Cc1cccc(C(=O)N2CCC(CC2)N3CCC(Cc4ccc(cc4)S(=O)(=O)c5cccc(Cl)c5)CC3)c1N,CHEMBL12098,Ki,9.05
3940615,[Br-].OC(C(=O)N[C@H]1C[N+]2(CCOc3ccccc3)CCC1CC2)(c4cccs4)c5cccs5,CHEMBL3401650,IC50,9.05
3941478,[I-].C[N+]1(C)CCC[C@@H]1[C@@H]2CS[C@](O2)(C3CCCCC3)c4ccccc4,CHEMBL222259,Ki,9.08
5030495,CCCS(=O)(=O)N1CCC(CC1)N2CCC(CC2)C3(OCCO3)c4ccc(cc4)[S+]([O-])c5ccc6OCOc6c5,CHEMBL93017,Ki,9.09
5030506,CCCS(=O)(=O)N1CCC(CC1)N2CCC(CC2)C3(SCCS3)c4ccc(cc4)[S+]([O-])c5ccc6OCOc6c5,CHEMBL90638,Ki,9.09
3939453,O=C(CC(c1ccccc1)(c2ccccc2)c3ccccc3)N4CCC[C@H]4C(=O)N5CCC[C@@H]5C(=O)NC[C@H]6CCCN(CC7CCCCC7)C6,CHEMBL2112957,Ki,9.09
3939588,CC(N1CCN(CC1)C2CCCCC2)c3ccc(cc3)S(=O)(=O)c4ccc(C)cc4,CHEMBL72455,Ki,9.1
5030522,CO[C@@]1(CN2CCC1CC2)C#CC(O)(c3ccccc3)c4ccccc4,CHEMBL381623,Ki,9.1
5030533,CO[C@@]1(CN2CCC1CC2)C#C[C@@](O)(c3ccccc3)c4cccnc4,CHEMBL200171,Ki,9.1
5030544,C[C@H](N1CCN(C[C@H]1C)C2CCN(CC2)C(=O)c3c(C)cccc3C)c4ccc(cc4)S(=O)(=O)c5ccc6OCOc6c5,CHEMBL305026,Ki,9.1
5030555,C[C@H](N1CCN(C[C@H]1C)C2CCN(CC2)C(=O)c3ccc(Cl)c(Cl)c3)c4ccc(cc4)S(=O)(=O)c5ccc6OCOc6c5,CHEMBL110744,Ki,9.1
5030566,C[C@H](N1CCN(C[C@H]1C)C2CCN(CC2)S(=O)(=O)c3ccccc3)c4ccc(cc4)S(=O)(=O)c5ccc6OCOc6c5,CHEMBL163658,Ki,9.1
3941746,[I-].C[N+]1(C)CCC[C@H]1[C@H]2CS[C@@](O2)(C3CCCCC3)c4ccccc4,CHEMBL376057,Ki,9.11
5030579,CCOC(=O)N1CCC(CC1)N2CCC(CC2)C3(OCCCO3)c4ccc(cc4)S(=O)(=O)c5ccc(OC)cc5,CHEMBL433011,Ki,9.14
5030590,C[N+]1(CCCc2ccccc2)CCC(C1)N3CC(NC3=O)(c4ccccc4)c5ccccc5,CHEMBL374452,Ki,9.14
3941411,[Br-].CC(C(=O)O[C@H]1C[N+]2(CCCOc3ccccc3)CCC1CC2)(c4cccs4)c5cccs5,CHEMBL561187,IC50,9.14
3941588,[Br-].C[N+]1(C)[C@@H]2CC[C@H]1C[C@H](C2)C=C(c3cccs3)c4cccs4,CHEMBL3084413,Ki,9.14
5030605,CCS(=O)(=O)N1CCC(CC1)N2CCN([C@@H](C)c3ccc(cc3)S(=O)(=O)c4ccc5OCOc5c4)[C@H](C)C2,CHEMBL163714,Ki,9.16
5030616,COC(=O)CSc1ccc(CC2CCN(CC2)C3CCN(CC3)C(=O)c4cccc5ccccc45)cc1,CHEMBL11892,Ki,9.16
5030627,[Br-].C[N+]1(C)CCCC(C1)OC(=O)C(O)(c2ccccc2)c3ccccc3,CHEMBL1724,Ki,9.17
3940083,CN(C)C1(CNCCC23CC4CC(CC(C4)C2)C3)COc5ccccc5OC1,CHEMBL394137,Ki,9.18
3939914,CN1CCC=C(C1)c2nsnc2OCCOCCOCCOCCOc3nsnc3C4=CCCN(C)C4,CHEMBL335542,IC50,9.2
3939902,CC(N1CCN(CC1)C2CCCCC2)c3ccc(cc3)S(=O)(=O)c4ccc(Cl)cc4,CHEMBL75448,Ki,9.22
5030644,COc1ccc(c(OC)c1)S(=O)(=O)c2ccc(cc2)[C@H](C)N3CCN(C[C@H]3C)C4CCN(CC4)C(=O)c5ccccc5C,CHEMBL354534,Ki,9.22
3940050,COc1ccc(cc1)S(=O)(=O)c2ccc(cc2)C(C)N3CCN(CC3)C4CCCCC4,CHEMBL310912,Ki,9.22
3941181,[Br-].OC(C(=O)N[C@H]1C[N+]2(CCCc3ccccc3)CCC1CC2)(c4cccs4)c5cccs5,CHEMBL3401648,IC50,9.22
3941192,[Br-].OC(C(=O)N[C@H]1C[N+]2(CCCc3cccs3)CCC1CC2)(c4cccs4)c5cccs5,CHEMBL3401649,IC50,9.22
3938200,CCCOC(=O)N1CCC(CC1)N2CCC(CC2)C(=C)c3ccc(cc3)S(=O)(=O)c4ccc(OC)cc4,CHEMBL74352,Ki,9.23
3941757,O[C@](C1CCCC1)(C(=O)O[C@H]2CN3CCC2CC3)c4cccs4,CHEMBL554699,IC50,9.27
3941702,[Br-].OC1(C(=O)O[C@H]2C[N+]3(CCc4ccccc4)CCC2CC3)c5ccccc5Oc6ccccc16,CHEMBL564515,IC50,9.27
5030667,COc1ccc(cc1)S(=O)(=O)c2ccc(cc2)C3(OCCO3)C4CCN(CC4)C5CCN(CC5)C(=O)c6ccc(F)c7ccccc67,CHEMBL74141,Ki,9.29
3941971,CN1[C@@H]2CC[C@H]1C[C@@H](CC(C#N)(c3ccccc3)c4ccccc4)C2,CHEMBL3084650,Ki,9.3
5030680,C[C@H](N1CCN(C[C@H]1C)C2CCN(CC2)C(=O)c3ccccc3N)c4ccc(cc4)S(=O)(=O)c5ccc6OCOc6c5,CHEMBL351079,Ki,9.3
5030691,O=C(N1CCC(CC1)N2CCC(CC2)Oc3ccc(cc3)S(=O)(=O)c4ccc5OCOc5c4)c6cccc7ccccc67,CHEMBL170033,Ki,9.3
5030702,O=C(N1CCC(CC1)N2CCC(CC2)Oc3ccc(cc3)S(=O)(=O)c4ccc5OCOc5c4)c6cccc7ncccc67,CHEMBL355511,Ki,9.3
3941982,CN1CC2CC(CC1C2)OC(=O)C(C)(c3ccccc3)c4ccccc4,CHEMBL287868,Ki,9.33
3941680,[I-].C[N+]1(C)CCC[C@H]1[C@H]2CSC(O2)(c3ccccc3)c4ccccc4,CHEMBL375969,Ki,9.33
3937153,CCS(=O)(=O)N1CCC(CC1)N2CCC(CC2)C(=C)c3ccc(cc3)S(=O)(=O)c4ccc(OC)cc4,CHEMBL73245,Ki,9.34
3941500,[Br-].C[N+]12CCC(CC1)[C@H](C2)OC(=O)C(O)(c3cccs3)c4cccs4,CHEMBL560327,IC50,9.34
3939658,COc1ccc(cc1)S(=O)(=O)c2ccc(cc2)C(=C)C3CCN(CC3)C4CCN(CC4)C(=O)OCc5ccccc5,CHEMBL70860,Ki,9.35
5030725,[Br-].C[N+]1(C)CCC[C@H](C1)OC(=O)C(O)(c2ccccc2)c3ccccc3,CHEMBL3289390,Ki,9.35
3941669,[Br-].OC(C(=O)O[C@H]1C[N+]2(CCCOc3ccccc3)CCC1CC2)(c4ccccc4)c5ccccc5,CHEMBL551731,IC50,9.36
3940959,[Br-].C[N+]1(C)[C@H]2C[C@@H](C[C@H]1[C@H]3O[C@@H]23)OC(=O)[C@H](CO)c4ccccc4,CHEMBL1201024,IC50,9.38
3939375,COc1ccc(cc1)S(=O)(=O)c2ccc(cc2)C(=C)C3CCN(CC3)C4CCN(CC4)C(=O)OC(C)C,CHEMBL72957,Ki,9.39
5030741,CO[C@@]1(CN2CCC1CC2)C#CC(O)(c3ccsc3)c4ccsc4,CHEMBL200401,Ki,9.4
5030752,C[C@H](N1CCN(C[C@H]1C)C2CCN(CC2)C(=O)c3ccccc3C)c4ccc(cc4)S(=O)(=O)c5cccc(C)c5,CHEMBL165035,Ki,9.4
5030763,Cc1cccc(C(=O)N2CCC(CC2)N3CCC(CC3)Oc4ccc(cc4)S(=O)(=O)c5ccc6OCOc6c5)c1C,CHEMBL170298,Ki,9.4
3941610,OC(C(=O)O[C@H]1CN2CCC1CC2)(c3ccccc3)c4ccccc4,CHEMBL558910,IC50,9.4
3938177,CCCC(=O)N1CCC(CC1)N2CCC(CC2)C(=C)c3ccc(cc3)S(=O)(=O)c4ccc(OC)cc4,CHEMBL72551,Ki,9.42
3937760,CCCCS(=O)(=O)N1CCC(CC1)N2CCC(CC2)C(=C)c3ccc(cc3)S(=O)(=O)c4ccc(OC)cc4,CHEMBL72363,Ki,9.42
3941691,[Br-].OC(C(=O)O[C@H]1C[N+]2(CCCCc3ccccc3)CCC1CC2)(c4cccs4)c5cccs5,CHEMBL554725,IC50,9.42
3940248,COc1ccc(Sc2ccc(cc2)C(=C)C3CCN(CC3)C4CCCCC4)cc1,CHEMBL70828,Ki,9.43
3938359,COc1ccc(cc1)S(=O)(=O)c2ccc(cc2)C(=C)C3CCN(CC3)C4CCN(CC4)S(=O)(=O)c5ccccc5,CHEMBL72494,Ki,9.44
3941511,[Br-].CCCCCCC[N+]12CCC(CC1)[C@H](C2)OC(=O)C(O)(c3cccs3)c4cccs4,CHEMBL549784,IC50,9.44
3941801,[Br-].OC1(C(=O)O[C@H]2C[N+]3(CCCOc4ccccc4)CCC2CC3)c5ccccc5Oc6ccccc16,CHEMBL562890,IC50,9.44
3939693,CCCCOC(=O)N1CCC(CC1)N2CCC(CC2)C(=C)c3ccc(cc3)S(=O)(=O)c4ccc(OC)cc4,CHEMBL72408,Ki,9.46
3941632,[Br-].O=C(O[C@H]1C[N+]2(CCCOc3ccccc3)CCC1CC2)C(c4cccs4)c5cccs5,CHEMBL551063,IC50,9.46
3941813,O.[Br-].C[N+]1(C)[C@@H]2C[C@H](C[C@H]1[C@@H]3O[C@H]23)OC(=O)C(O)(c4cccs4)c5cccs5,CHEMBL3545181,Ki,9.5
3941599,[Br-].O[C@@](C(=O)O[C@H]1C[N+]2(CCCOc3ccccc3)CCC1CC2)(c4ccccc4)c5cccs5,CHEMBL564765,IC50,9.51
3940305,CN(CCCCCCCCN(C)CCCCCCN(CC(=O)N1c2ccccc2C(=O)Nc3cccnc13)CC(=O)N4c5ccccc5C(=O)Nc6cccnc46)CCCCCCNCC(=O)N7c8ccccc8C(=O)Nc9cccnc79,CHEMBL265256,Ki,9.52
5030800,COc1ccc(cc1)S(=O)(=O)c2ccc(CN3CCN(C[C@H]3C)C4CCCCC4)cc2,CHEMBL165439,Ki,9.52
3939670,COc1ccc(cc1)S(=O)(=O)c2ccc(cc2)C(=C)C3CCN(CC3)C4CCN(CC4)C(=O)OCC(C)C,CHEMBL440491,Ki,9.52
5030813,COc1ccc(cc1)S(=O)(=O)c2ccc(cc2)[C@H](C)N3CCN(C[C@H]3C)C4CCCCC4,CHEMBL163777,Ki,9.52
5030824,C[C@H](N1CCN(C[C@H]1C)C2CCN(CC2)C(=O)c3ccc(Cl)cc3Cl)c4ccc(cc4)S(=O)(=O)c5ccc6OCOc6c5,CHEMBL349142,Ki,9.52
5030835,C[C@H](N1CCN(C[C@H]1C)C2CCN(CC2)C(=O)c3sccc3Cl)c4ccc(cc4)S(=O)(=O)c5ccc6OCOc6c5,CHEMBL167816,Ki,9.52
3938860,CCCS(=O)(=O)N1CCC(CC1)N2CCC(CC2)C(=C)c3ccc(cc3)S(=O)(=O)c4ccc(OC)cc4,CHEMBL421113,Ki,9.54
3941713,[Br-].CC1(C(=O)O[C@H]2C[N+]3(CCCOc4ccccc4)CCC2CC3)c5ccccc5Oc6ccccc16,CHEMBL556221,IC50,9.57
3937349,COc1ccc(cc1)S(=O)(=O)c2ccc(cc2)C(=C)C3CCN(CC3)C4CCN(CC4)C(=O)C5CC5,CHEMBL74117,Ki,9.59
3941824,OC(C(=O)O[C@H]1CN2CCC1CC2)(c3cccs3)c4cccs4,CHEMBL551729,IC50,9.59
3941779,O[C@@](C(=O)O[C@H]1CN2CCC1CC2)(c3ccccc3)c4cccs4,CHEMBL556426,IC50,9.59
3941857,O[C@@](C1CCCC1)(C(=O)O[C@H]2CN3CCC2CC3)c4cccs4,CHEMBL562642,IC50,9.64
3941835,O[C@](C(=O)O[C@H]1CN2CCC1CC2)(c3ccccc3)c4cccs4,CHEMBL564747,IC50,9.68
3940969,CC(N1CCN(CC1)C2CCCCC2)c3ccc(cc3)S(=O)(=O)c4ccccc4,CHEMBL312085,Ki,9.7
5030862,CCCCS(=O)(=O)N1CCC(CC1)N2CCN([C@@H](C)c3ccc(cc3)S(=O)(=O)c4ccc5OCOc5c4)[C@H](C)C2,CHEMBL435849,Ki,9.7
5030873,CCCS(=O)(=O)N1CCC(CC1)N2CCN([C@@H](C)c3ccc(cc3)S(=O)(=O)c4ccc5OCOc5c4)[C@H](C)C2,CHEMBL165375,Ki,9.7
5030884,CO[C@@]1(CN2CCC1CC2)C#CC(O)(c3cccs3)c4cccs4,CHEMBL370232,Ki,9.7
5030895,C[C@H](N1CCN(C[C@H]1C)C2CCN(CC2)C(=O)c3ccccc3C)c4ccc(cc4)S(=O)(=O)c5ccc6OCOc6c5,CHEMBL165377,Ki,9.7
5030906,C[C@H](N1CCN(C[C@H]1C)C2CCN(CC2)C(=O)c3ccccc3COC(=O)c4ccccc4)c5ccc(cc5)S(=O)(=O)c6ccc7OCOc7c6,CHEMBL412814,Ki,9.7
5030917,Cc1ccsc1C(=O)N2CCC(CC2)N3CCC(CC3)Oc4ccc(cc4)S(=O)(=O)c5ccc6OCOc6c5,CHEMBL174070,Ki,9.7
3941790,[Br-].OC(C(=O)O[C@H]1C[N+]2(CCCOc3ccccc3)CCC1CC2)(c4ccsc4)c5ccsc5,CHEMBL551327,IC50,9.75
3941924,[Br-].OC(C(=O)O[C@H]1C[N+]2(CCc3ccccc3)CCC1CC2)(c4cccs4)c5cccs5,CHEMBL564057,IC50,9.75
3940449,COc1ccc(cc1)S(=O)(=O)c2ccc(cc2)C(=C)C3CCN(CC3)C4CCCCC4,CHEMBL71147,Ki,9.77
3942005,[Br-].C[N+]1(C)[C@@H]2CC[C@H]1C[C@@H](CC(C#N)(c3ccccc3)c4ccccc4)C2,CHEMBL2103803,Ki,9.77
3941913,[Br-].OC(C(=O)O[C@H]1C[N+]2(CCCOc3ccccc3)CCC1CC2)(c4cccs4)c5cccs5,CHEMBL551466,IC50,9.77
3941890,[Br-].O[C@](C(=O)O[C@H]1C[N+]2(CCCOc3ccccc3)CCC1CC2)(c4ccccc4)c5cccs5,CHEMBL556222,IC50,9.77
3938121,CCN(CC)CCOC(=O)C(C)(c1ccccc1)c2ccc(O)cc2,CHEMBL37372,Ki,9.78
5030942,CCOC(=O)N1CCC(CC1)N2CCC(CC2)C3(OCCO3)c4ccc(cc4)S(=O)(=O)c5ccc(OC)cc5,CHEMBL328059,Ki,9.8
3938601,COc1ccc(cc1)S(=O)(=O)c2ccc(cc2)C(=C)C3CCN(CC3)C4CCN(CC4)S(=O)(=O)C(C)C,CHEMBL73893,Ki,9.8
5030954,COc1ccc(cc1)S(=O)(=O)c2ccc(cc2)C(C#N)N3CCN(C[C@H]3C)C4CCCCC4,CHEMBL352739,Ki,9.8
3942016,CCCCCCCCCCCCCC(=O)NCC(=O)N[C@@H](CO)C(=O)OCc1ccccc1,CHEMBL115078,Kd,9.82
5030969,COc1ccc(cc1)S(=O)(=O)c2ccc(cc2)[C@@H](C)N3CCN(C[C@H]3C)C4CCCCC4,CHEMBL424530,Ki,9.82
3941879,[Br-].OC(c1ccccc1)(c2ccccc2)C34CC[N+](CCOCc5ccccc5)(CC3)CC4,CHEMBL523299,Ki,9.82
5030982,COc1ccc(cc1)S(=O)(=O)c2ccc(cc2)[C@@H](C)N3CCN([C@H](C)C3)C4CCCCC4,CHEMBL164762,Ki,9.85
3941445,COc1ccc(cc1)[S+]([O-])c2ccc(cc2)C(C)C3CCN(CC3)C4CCCCC4,CHEMBL71124,Ki,9.85
3941868,O[C@@H](CNCCc1ccc(CCN2CCC(Cn3cnc(n3)[C@@](O)(C4CCCCC4)c5ccccc5)CC2)cc1)c6ccc(O)c7NC(=O)C=Cc67,CHEMBL3629360,Ki,9.85
3941901,[Br-].O[C@@](C1CCCC1)(C(=O)O[C@H]2C[N+]3(CCCOc4ccccc4)CCC2CC3)c5cccs5,CHEMBL556635,IC50,9.85
3941960,CC(C)(CCC(C(=O)N)(c1ccccc1)c2ccccc2)N3CC(C3)Oc4cccc(O)c4,CHEMBL1910856,Ki,9.86
5031001,CCOC(=O)N1CCC(CC1)N2CCC(CC2)C(=O)c3ccc(cc3)S(=O)(=O)c4ccc5OCOc5c4,CHEMBL91404,Ki,9.89
3940721,CN(C)C1(CNCCC2CCOCC2)COc3cc(Cl)c(Cl)cc3OC1,CHEMBL234440,Ki,9.92
3940015,CCOC(=O)N1CCC(CC1)N2CCC(CC2)C(=C)c3ccc(cc3)S(=O)(=O)c4ccc(OC)cc4,CHEMBL308566,Ki,9.96
5031016,CCOC(=O)N1CCC(CC1)N2CCC(CC2)C3(SCCS3)c4ccc(cc4)S(=O)(=O)c5ccc(OC)cc5,CHEMBL94247,Ki,9.96
5031027,COc1ccccc1C(=O)N2CCC(CC2)N3CCN([C@@H](C)c4ccc(cc4)S(=O)(=O)c5ccc6OCOc6c5)[C@H](C)C3,CHEMBL164935,Ki,10.0
5031038,C[C@H](N1CCN(C[C@H]1C)C2CCN(CC2)C(=O)c3cccc4OCOc34)c5ccc(cc5)S(=O)(=O)c6ccc7OCOc7c6,CHEMBL352291,Ki,10.0
5031049,C[C@H](N1CCN(C[C@H]1C)C2CCN(CC2)C(=O)c3ccccc3Cl)c4ccc(cc4)S(=O)(=O)c5ccc6OCOc6c5,CHEMBL352380,Ki,10.0
5031060,C[C@H](N1CCN(C[C@H]1C)C2CCN(CC2)C(=O)c3ccccc3Oc4ccccc4)c5ccc(cc5)S(=O)(=O)c6ccc7OCOc7c6,CHEMBL167396,Ki,10.0
3941938,[Br-].C[N@+]1(CCCCC=C)C2CCC1C[C@@H](CC(C#N)(c3ccccc3)c4ccccc4)C2,CHEMBL2023764,Ki,10.0
5031073,CCOC(=O)N1CCC(CC1)N2CCC(CC2)C3(OCCO3)c4ccc(cc4)S(=O)(=O)c5ccc6OCOc6c5,CHEMBL94189,Ki,10.14
3940571,COc1ccc(cc1)[S+]([O-])c2ccc(cc2)C(=C)C3CCN(CC3)C4CCCCC4,CHEMBL2115128,Ki,10.24
5031086,CC(C)(CCC(C(=O)N)(c1ccccc1)c2ccccc2)N3CC(C3)Oc4ccccc4,CHEMBL1910848,Ki,10.25
3941993,OC(C(=O)OC1CN2CCC1CC2)(c3ccccc3)c4ccccc4,CHEMBL12980,Ki,10.35
5031098,COc1ccc(cc1)S(=O)(=O)c2ccc(cc2)[C@@H](C)N3CCN([C@@H](C)C3)C4CCCCC4,CHEMBL350956,Ki,10.4
5031109,CCCS(=O)(=O)N1CCC(CC1)N2CCC(CC2)C3(SCCS3)c4ccc(cc4)S(=O)(=O)c5ccc6OCOc6c5,CHEMBL90700,Ki,10.51
5031120,CCOC(=O)N1CCC(CC1)N2CCC(CC2)C3(O[C@H](C)[C@@H](C)O3)c4ccc(cc4)S(=O)(=O)c5ccc6OCOc6c5,CHEMBL328094,Ki,10.52
3941367,COc1ccc(cc1)[S+]([O-])c2ccc(cc2)C(=C)C3CCN(CC3)C4CCCCC4,CHEMBL2114068,Ki,10.52
5031133,C[C@@H](N1CCN(C[C@H]1C)C2CCCCC2)c3ccc(cc3)S(=O)(=O)c4ccc5OCOc5c4,CHEMBL164705,Ki,10.52
5031143,C[C@H](N1CCN(C[C@H]1C)C2CCCCC2)c3ccc(cc3)S(=O)(=O)c4ccc5OCOc5c4,CHEMBL349497,Ki,10.52
5031154,CCCS(=O)(=O)N1CCC(CC1)N2CCC(CC2)C3(OCCO3)c4ccc(cc4)S(=O)(=O)c5ccc6OCOc6c5,CHEMBL76164,Ki,11.0
