id,smiles,name,assay_type,activity_value
3936154,CC(OC(C)=O)C(=O)OCC[N+](C)(C)C,aclatonium,N/A,N/A
3936165,C[N+]1(C)CCC(C1)OC(=O)C(O)(C1CCCC1)C1=CC=CC=C1,glycopyrronium bromide,Ki,8.90999985
3936430,CC[N+](C)(CC)CCOC(=O)C1C2=CC=CC=C2OC2=C1C=CC=C2,methanthelinium,N/A,N/A
1728236,CCOC[C@H]1[C@@H]2CNC[C@]12c3ccc(Cl)c(Cl)c3,CHEMBL608151,Ki,7.0
707251,CN1CCN(CC1)C2=Nc3cc(Cl)ccc3Nc4ccccc24,clozapine,Ki,7.0
3936652,COc1nsnc1OCCCOCCCOCCCOc2nsnc2c3cccnc3,CHEMBL376295,Ki,7.0
5030030,COc1nsnc1OCCOCCOCCOCCOCCOc2nsnc2C3=CCCN(C)C3,CHEMBL386983,Ki,7.0
3937539,CCN1CC[C@H]([C@@H](C1)C(=O)OCCc2ccccc2)c3ccccc3.OC(=O)C(=O)O,CHEMBL2112589,IC50,7.01
3938436,CN1CCCC1c2oc(cc2)C(O)(c3ccccc3)c4ccccc4,CHEMBL576663,Ki,7.01
1752841,[Cl-].CC(C)(C)CC(C)(C)c1ccc(OCCOCC[N+](C)(C)Cc2ccccc2)cc1,CHEMBL221753,Ki,7.02
3938757,[I-].C[N+]1(C)CCC[C@H]1[C@H]2C[S+]([O-])C(O2)(c3ccccc3)c4ccccc4,CHEMBL539373,Ki,7.04
3937338,CCN(Cc1ccncc1)C(=O)C(CO)c2ccccc2,CHEMBL1200604,IC50,7.05
1718498,Fc1ccc(cc1)[C@@H]2CCNC[C@H]2COc3ccc4OCOc4c3,CHEMBL490,Ki,7.05
3938447,CC(C1=C(CN(C)C)Cc2ccccc12)c3ccccn3,CHEMBL434684,Ki,7.06
5027865,[Br-].[Br-].C[N+](C)(C)CCCCCC[N+]1(C)[C@@H]2CC[C@@H]1CC(C2)OC(=O)C(CO)c3ccccc3,CHEMBL3323279,Ki,7.06
3939554,CCCCCCCCCOC(=O)C1=C(CCN(CC)C1)c2ccccc2,CHEMBL121059,IC50,7.07
5030480,Cc1cccc(C(=O)N2CCC(CC2)N3CCC(Cc4ccc(cc4)S(=O)(=O)c5cccc(Cl)c5)CC3)c1N,CHEMBL12098,Ki,7.07
3938154,[Br-].[Br-].CCCCN(CCCC)c1ccc(\C=C\c2cc[n+](CCC[N+](CC)(CC)CC)cc2)cc1,CHEMBL257431,Ki,7.08
3938425,CN(C)C[C@@H]1COCC(O1)(c2ccccc2)c3ccccc3.OC(=O)C(=O)O,CHEMBL2042554,Ki,7.09
3936947,CCCCCCOc1nsnc1C2=CCCN(C)C2,CHEMBL21536,Ki,7.1
7099892,CN1CCC(=C(C1)C(=O)OCCc2cccc(F)c2)c3ccccc3,CHEMBL2312370,Ki,7.1
3939737,CCN1CCC(=C(C1)C(=O)OCCc2ccccc2)c3ccccc3.OC(=O)C(=O)O,CHEMBL262198,IC50,7.11
3938503,[Br-].CC[N+]1(CCOC(=O)C(O)(c2ccccc2)c3ccccc3)CCCCC1,CHEMBL1909073,Ki,7.11
3938132,CN(C)CCC1=C(C(c2ccccc2)c3ccccn3)c4ccccc4C1,CHEMBL171102,Ki,7.18
753389,CN(C)CCCN1c2ccccc2Sc3ccccc13,promazine,IC50,7.19
3939261,CCN1CC=C(C(C1)C(=O)OC2CCCCC2)c3ccccc3.OC(=O)C(=O)O,CHEMBL324936,IC50,7.2
3939914,CN1CCC=C(C1)c2nsnc2OCCOCCOCCOCCOc3nsnc3C4=CCCN(C)C4,CHEMBL335542,Ki,7.2
3939148,Cc1c(NC2CC2)nc(nc1N3CCCCCC3)C4CC4,CHEMBL205654,Ki,7.2
7099915,CN1CCC(=C(C1)C(=O)OCCc2ccc3OCCc3c2)c4ccccc4,CHEMBL2312361,Ki,7.22
3937005,CN1CCC[C@@H]1[C@@H]2C[S+]([O-])[C@@](O2)(C3CCCCC3)c4ccccc4,CHEMBL493979,Ki,7.23
3939016,CCCCCCCCOC(=O)C1=C(CCN(CC)C1)c2ccccc2.OC(=O)C(=O)O,CHEMBL120080,IC50,7.24
5029226,O=C(CCNC(=O)[C@@H]1CCCN1C(=O)CC(c2ccccc2)(c3ccccc3)c4ccccc4)NC[C@H]5CCCN(CC6CCCCC6)C5,CHEMBL2112958,Ki,7.24
3938258,CCN1CCC(=C(C1)C(=O)OCCC2CCCCC2)c3ccccc3.OC(=O)C(=O)O,CHEMBL120472,IC50,7.25
3938579,Br.CN1[C@@H]2CC[C@H]1C[C@H](C2)OC(=O)C(O)c3ccccc3,CHEMBL1319362,IC50,7.26
3939475,CN1CCCC1c2oc(cc2)C(C3CCCCC3)c4ccccc4,CHEMBL576707,Ki,7.26
3939285,O=C1CCCN1CC#CCN2CCCC2,CHEMBL7634,EC50,7.26
3939217,CCN1CCC(=C(C1)C(=O)OC2CCCCC2)c3ccccc3.OC(=O)C(=O)O,CHEMBL332980,IC50,7.27
757803,CN(C)CCCN1c2ccccc2CCc3ccc(Cl)cc13,clomipramine,IC50,7.28
7099942,Cc1nccn1CC#CCN2CCCC2=O,CHEMBL77793,Ki,7.29
1727623,Clc1ccc2Nc3ccccc3C(=Nc2c1)N4CCNCC4,CHEMBL845,Ki,7.29
3938734,O=C1CCc2ccccc2N1CCCN3CCC(CCCCCCCCCC4CCN(CCCN5C(=O)CCc6ccccc56)CC4)CC3,CHEMBL3354078,Ki,7.31
3939486,Cl.CCN1CC=C(C(C1)C(=O)OCc2ccccc2)c3ccccc3,CHEMBL541584,IC50,7.37
3939159,[I-].C[N+]1(C)CCC[C@H]1[C@H]2C[S+]([O-])[C@@](O2)(C3CCCCC3)c4ccccc4,CHEMBL541671,Ki,7.38
1398487,CN1CCCC(CN2c3ccccc3Sc4ccccc24)C1,CHEMBL395110,IC50,7.4
705020,CN1CCN(CC1)C2=Nc3ccccc3Nc4sc(C)cc24,olanzapine,IC50,7.4
5028571,O=C(CCNC(=O)CNC(=O)CC(c1ccccc1)(c2ccccc2)c3ccccc3)NC[C@H]4CCCN(CC5CCCCC5)C4,CHEMBL2112955,Ki,7.43
3938929,[I-].C[N+]1(C)CCCC1c2oc(cc2)C(O)(c3ccccc3)c4ccccc4,CHEMBL569729,Ki,7.43
2949483,CN1CCN(CC(=O)N2C3=CC=CC=C3C(=O)NC3=C2N=CC=C3)CC1,pirenzepine,Ki,7.45
3940305,CN(CCCCCCCCN(C)CCCCCCN(CC(=O)N1c2ccccc2C(=O)Nc3cccnc13)CC(=O)N4c5ccccc5C(=O)Nc6cccnc46)CCCCCCNCC(=O)N7c8ccccc8C(=O)Nc9cccnc79,CHEMBL265256,Ki,7.47
1395747,[Br-].CCC(C)C(C(=O)OCC[N+](C)(CC)CC)c1ccccc1,CHEMBL2107687,IC50,7.47
7099972,O[C@@H]1C[C@@H](C1)NC(=O)c2ccc(cn2)C#Cc3cccc(F)c3,CHEMBL3334991,EC50,7.48
3939577,[I-].C[N+]1(C)CCCC1c2oc(cc2)C(c3ccccc3)c4ccccc4,CHEMBL583027,Ki,7.5
3938110,CN1CCC=C(C1)c2nsnc2OCCCCCCCCCCCCCC3CCN(CCCN4C(=O)CCc5ccccc45)CC3,CHEMBL3354071,Ki,7.51
3938281,CN1CCC[C@@H]1[C@@H]2C[S+]([O-])[C@](O2)(C3CCCCC3)c4ccccc4,CHEMBL496915,Ki,7.52
3939115,COc1ccc(CCOC(=O)C2=C(CCN(C)C2)c3ccccc3)cc1,CHEMBL2312358,Ki,7.52
3938404,O=C(CCNC(=O)CC(c1ccccc1)(c2ccccc2)c3ccccc3)NCCC(=O)NC[C@H]4CCCN(CC5CCCCC5)C4,CHEMBL2112959,Ki,7.52
43757,CN(C)CCOC(C1=CC=CC=C1)C1=C(C)C=CC=C1,orphenadrine,IC50,7.55
3938951,CN1CCC[C@H]1c2oc(cc2)[C@@](O)(C3CCCCC3)c4ccccc4,CHEMBL571341,Ki,7.56
704089,CNCCC=C1c2ccccc2CCc3ccccc13,nortriptyline,IC50,7.57
703947,CN(C)CCC=C1c2ccccc2COc3ccccc13,doxepin,IC50,7.59
704214,CN(C)CCCN1c2ccccc2Sc3ccc(Cl)cc13,chlorpromazine,IC50,7.6
3939681,CN1CCC[C@H]1[C@H]2C[S+]([O-])[C@](O2)(C3CCCCC3)c4ccccc4,CHEMBL493980,Ki,7.6
3939836,CCN1CCC(=C(C1)C(=O)OCCc2ccc(C)cc2)c3ccccc3,CHEMBL1180285,IC50,7.61
3939847,CCN1CCC(=C(C1)C(=O)OCCc2ccc(C)cc2)c3ccccc3.OC(=O)C(=O)O,CHEMBL120119,IC50,7.61
3939543,[I-].C[N+]1(C)CCC[C@H]1[C@H]2C[S+]([O-])[C@](O2)(C3CCCCC3)c4ccccc4,CHEMBL539120,Ki,7.63
5028139,[Br-].[Br-].C[N+](C)(C)CCCCCC[N+]1(C)[C@@H]2C[C@@H](C[C@H]1[C@@H]3O[C@H]23)OC(=O)[C@H](CO)c4ccccc4,CHEMBL3323282,Ki,7.68
5027812,[Br-].[Br-].CC(C)(CN1C(=O)c2cccc3cccc(C1=O)c23)C[N+](C)(C)CCCCCC[N+]4(C)[C@@H]5CC[C@@H]4CC(C5)OC(=O)C(CO)c6ccccc6,CHEMBL3323281,Ki,7.71
3905928,CC(=O)OCC[N+](C)(C)C,acetylcholine,EC50,7.72
3936175,CN1[C@H]2C[C@H](C[C@@H]1[C@H]1O[C@@H]21)OC(=O)[C@H](CO)C1=CC=CC=C1,scopolamine,Ki,7.75
3940224,CC(C)N(CC[C@H](c1ccccc1)c2cc(CCNC(=O)CCCCCNC(=O)COc3ccc(\C=C\C4=[N+]5C(=Cc6ccc(c7cccs7)n6[B-]5(F)F)C=C4)cc3)ccc2O)C(C)C,CHEMBL271108,Ki,7.76
5028038,[Br-].[Br-].C[N+](C)(CCCCCC[N+]1(C)[C@@H]2C[C@@H](C[C@H]1[C@@H]3O[C@H]23)OC(=O)[C@H](CO)c4ccccc4)CCCN5C(=O)c6ccccc6C5=O,CHEMBL3323283,Ki,7.77
5028963,[Br-].[Br-].CC(C)(CN1C(=O)c2ccccc2C1=O)C[N+](C)(C)CCCCCC[N+]3(C)[C@@H]4CC[C@@H]3CC(C4)OC(=O)C(CO)c5ccccc5,CHEMBL3323280,Ki,7.78
3940003,[I-].C[N+]1(C)CCCC1c2oc(cc2)C(C3CCCCC3)c4ccccc4,CHEMBL569712,Ki,7.81
1404306,CCN(CC)CC#CCOC(=O)C(O)(C1CCCCC1)c2ccccc2,oxybutynin,Ki,7.85
3936769,[I-].C[N+]1(C)CCC[C@@H]1[C@@H]2C[S+]([O-])[C@](O2)(C3CCCCC3)c4ccccc4,CHEMBL539121,Ki,7.85
1400040,OC(CCN1CCCCC1)(C2CCCCC2)c3ccccc3,trihexyphenidyl,IC50,7.92
3939793,[I-].C[N+]1(C)CCC[C@H]1c2oc(cc2)[C@@](O)(C3CCCCC3)c4ccccc4,CHEMBL568870,Ki,7.92
3940626,[I-].C[N+]1(C)CCCC1c2oc(cc2)C(O)(C3CCCCC3)c4ccccc4,CHEMBL569760,Ki,7.94
3938558,[Br-].CCCCCCCCCCCCCCCC[n+]1ccccc1,CHEMBL334255,IC50,8.0
704189,CSc1ccc2Sc3ccccc3N(CCC4CCCCN4C)c2c1,thioridazine,IC50,8.03
3939600,CN1CCC=C(C1)c2nsnc2OCCCCCCCCCCCC3CCN(CCCN4C(=O)CCc5ccccc45)CC3,CHEMBL3354070,Ki,8.06
705730,CN1CCC[C@@H]1CCO[C@](C)(c2ccccc2)c3ccc(Cl)cc3,clemastine,IC50,8.08
704506,CN(C)CCC=C1c2ccccc2CCc3ccccc13,amitriptyline,IC50,8.1
3941038,CN1CCCC1c2oc(cc2)C(O)(C3CCCCC3)c4ccccc4,CHEMBL583051,Ki,8.15
3936781,Cc1nccn1CC#CCOc2ccon2,CHEMBL1162116,Ki,8.21
703739,O=C(OCCN1CCCC1)N2c3ccccc3Sc4ccccc24,CHEMBL481153,Ki,8.22
3939082,CN1CCC=C(C1)c2nsnc2OCCCCCC3CCN(CCCN4C(=O)CCc5ccccc45)CC3,CHEMBL3354067,Ki,8.25
3940317,CN1CCC[C@H]1[C@H]2CSC(O2)(c3ccccc3)c4ccccc4,CHEMBL373515,Ki,8.25
5029437,[Br-].[Br-].CC(C)(CN1C(=O)c2cccc3cccc(C1=O)c23)C[N+](C)(C)CCCCCC[N+]4(C)[C@@H]5C[C@@H](C[C@H]4[C@@H]6O[C@H]56)OC(=O)[C@H](CO)c7ccccc7,CHEMBL3323284,Ki,8.26
3940235,CN(C)CC1COCC(O1)(c2ccccc2)c3ccccc3.OC(=O)C(=O)O,CHEMBL2042552,Ki,8.27
704660,CC(CN1c2ccccc2Sc3ccccc13)N(C)C,promethazine,IC50,8.34
3941324,[I-].C[N+](C)(C)CC1COCC(O1)(c2ccccc2)c3ccccc3,CHEMBL2042404,Ki,8.36
3940770,CN1CCC=C(C1)c2nsnc2OCCCCCCCCCOc3nsnc3C4=CCCN(C)C4,CHEMBL143469,Ki,8.4
707472,CN1CCC(=C2c3ccccc3C=Cc4ccccc24)CC1,cyproheptadine,IC50,8.42
3940560,[I-].C[N+]1(C)CCC[C@@H]1[C@@H]2CSC(O2)(c3ccccc3)c4ccccc4,CHEMBL375851,Ki,8.46
3941049,CN1CCC[C@@H]1c2oc(cc2)[C@@](O)(C3CCCCC3)c4ccccc4,CHEMBL571121,Ki,8.48
3941335,CN1CCC[C@@H]1[C@@H]2CSC(O2)(c3ccccc3)c4ccccc4,CHEMBL375073,Ki,8.49
3941214,[I-].C[N+]1(C)CCC[C@@H]1[C@@H]2CS[C@@](O2)(C3CCCCC3)c4ccccc4,CHEMBL220393,Ki,8.49
3941724,CN1[C@@H]2CC[C@H]1CC(C2)OC(=O)[C@H](CO)c3ccccc3,CHEMBL2449003,Ki,8.52
3941126,CN1CCC=C(C1)c2nsnc2OCCCCCCCCCC3CCN(CCCN4C(=O)CCc5ccccc45)CC3,CHEMBL3354069,Ki,8.53
3941115,[I-].C[N+](C)(C)C[C@@H]1CS[C@](O1)(C2CCCCC2)c3ccccc3,CHEMBL45454,Ki,8.55
1409414,CCN(CC)CCOC(=O)C1(CCCCC1)C2CCCCC2,dicycloverine,IC50,8.62
3938188,CN1CCC=C(C1)c2nsnc2OCCCCCCCC3CCN(CCCN4C(=O)CCc5ccccc45)CC3,CHEMBL3354068,Ki,8.64
3936315,C[N+]1(C)[C@H]2C[C@@H](C[C@@H]1[C@H]1O[C@@H]21)OC(=O)[C@H](CO)C1=CC=CC=C1,methscopolamine,IC50,8.64
3940113,NC(=O)C([C@@H]1CCN(CCc2ccc3OCCc3c2)C1)(c4ccccc4)c5ccccc5,CHEMBL1346,Ki,8.64
1755006,CC(C)N(CC[C@H](c1ccccc1)c2cc(C)ccc2O)C(C)C,tolterodine,Ki,8.66
3941621,CN1CCC[C@@H]1[C@@H]2CS[C@@](O2)(C3CCCCC3)c4ccccc4,CHEMBL376870,Ki,8.7
3940891,CN1CCC[C@H]1[C@H]2CS[C@@](O2)(C3CCCCC3)c4ccccc4,CHEMBL376255,Ki,8.7
755961,CN1[C@@H]2CC[C@H]1C[C@H](C2)OC(c3ccccc3)c4ccccc4,benzatropine,IC50,8.7
3941005,CN(C)C[C@H]1COCC(O1)(c2ccccc2)c3ccccc3.OC(=O)C(=O)O,CHEMBL2042553,Ki,8.74
3941467,[I-].C[N+](C)(C)C[C@H]1COCC(O1)(c2ccccc2)c3ccccc3,CHEMBL2042405,Ki,8.77
3941445,COc1ccc(cc1)[S+]([O-])c2ccc(cc2)C(C)C3CCN(CC3)C4CCCCC4,CHEMBL71124,Ki,8.78
3941357,[I-].C[N+]1(C)CCC[C@@H]1c2oc(cc2)[C@@](O)(C3CCCCC3)c4ccccc4,CHEMBL569307,Ki,8.81
3936237,[H][C@]12CC[C@]([H])(C[C@@]([H])(C1)OC(=O)C(CO)C1=CC=CC=C1)N2C,atropine,Ki,8.83
3940937,CN1CCC[C@H]1[C@H]2CS[C@](O2)(C3CCCCC3)c4ccccc4,CHEMBL385328,Ki,8.87
3941236,CN1CCC[C@@H]1[C@@H]2CS[C@](O2)(C3CCCCC3)c4ccccc4,CHEMBL219825,Ki,8.92
3941868,O[C@@H](CNCCc1ccc(CCN2CCC(Cn3cnc(n3)[C@@](O)(C4CCCCC4)c5ccccc5)CC2)cc1)c6ccc(O)c7NC(=O)C=Cc67,CHEMBL3629360,Ki,8.96
3940438,[Br-].CC(C)[N+]1(C)[C@@H]2CC[C@H]1C[C@H](C2)OC(=O)C(CO)c3ccccc3,CHEMBL1464005,Ki,8.98
2965075,[I-].C[N+]1(C)CCC(CC1)OC(=O)C(c2ccccc2)c3ccccc3,CHEMBL76897,IC50,9.08
3941478,[I-].C[N+]1(C)CCC[C@@H]1[C@@H]2CS[C@](O2)(C3CCCCC3)c4ccccc4,CHEMBL222259,Ki,9.11
3940959,[Br-].C[N+]1(C)[C@H]2C[C@@H](C[C@H]1[C@H]3O[C@@H]23)OC(=O)[C@H](CO)c4ccccc4,CHEMBL1201024,IC50,9.35
3941680,[I-].C[N+]1(C)CCC[C@H]1[C@H]2CSC(O2)(c3ccccc3)c4ccccc4,CHEMBL375969,Ki,9.39
3941746,[I-].C[N+]1(C)CCC[C@H]1[C@H]2CS[C@@](O2)(C3CCCCC3)c4ccccc4,CHEMBL376057,Ki,9.7
3941960,CC(C)(CCC(C(=O)N)(c1ccccc1)c2ccccc2)N3CC(C3)Oc4cccc(O)c4,CHEMBL1910856,Ki,9.77
3941913,[Br-].OC(C(=O)O[C@H]1C[N+]2(CCCOc3ccccc3)CCC1CC2)(c4cccs4)c5cccs5,CHEMBL551466,IC50,9.8
3941949,[I-].C[N+]1(C)CCC[C@H]1[C@H]2CS[C@](O2)(C3CCCCC3)c4ccccc4,CHEMBL219786,Ki,9.97
3941813,O.[Br-].C[N+]1(C)[C@@H]2C[C@H](C[C@H]1[C@@H]3O[C@H]23)OC(=O)C(O)(c4cccs4)c5cccs5,CHEMBL3545181,IC50,10.0
