id,smiles,name,assay_type,activity_value
3154946,CCC[C@H](CO)Nc1nc(SCc2ccccc2)nc3nc(N)sc13,CHEMBL2349339,Ki,7.0
3154958,COc1ccccc1CSc2nc(N[C@@H](CO)CC(C)C)c3sc(N)nc3n2,CHEMBL2349327,Ki,7.0
3154969,CC(C)C[C@H](CCO)Nc1nc(SCc2ccccc2Cl)nc3nc(N)sc13,CHEMBL2349301,Ki,7.04
3154980,CC(C)C[C@H](CO)Nc1nc(SCc2cccc(c2)C#N)nc3nc(N)sc13,CHEMBL2349329,Ki,7.04
1589488,CC(C)C[C@H](CO)Nc1nc(SCc2cccc(F)c2F)nc3nc(N)sc13,CHEMBL2349333,Ki,7.15
3154993,CC(C)C[C@H](CO)Nc1nc(SCc2ccccc2C)nc3nc(N)sc13,CHEMBL2349325,Ki,7.16
3155004,CC(C)C[C@H](CO)Nc1nc(SCc2ccccc2Cl)nc3nc(N)sc13,CHEMBL2349323,Ki,7.29
3155015,CC(C)C[C@H](CO)Nc1nc(SCc2ccccc2)nc3nc(N)sc13,CHEMBL2349335,Ki,7.32
3155026,CC(C)C[C@H](CO)Nc1nc(SCc2ccc(Br)cc2)nc3nc(N)sc13,CHEMBL2349330,Ki,7.33
3155037,CC(C)C[C@H](CO)Nc1nc(OCc2ccccc2)nc3NC(=O)Sc13,CHEMBL2349186,Ki,7.36
3155048,COC(=O)[C@@H](CC(C)C)Nc1nc(SCc2ccccc2Cl)nc3nc(N)sc13,CHEMBL2349302,Ki,7.37
3155059,CCC[C@H](CO)Nc1nc(S[C@@H](C)c2cccc(c2)C#N)nc3nc(N)sc13,CHEMBL2349317,Ki,7.38
3155070,CC(C)C[C@H](CO)Nc1nc(SCc2cccc(Br)c2)nc3nc(N)sc13,CHEMBL2349328,Ki,7.5
1589499,CC(C)C[C@H](CO)Nc1nc(SCc2ccccc2)nc3NC(=O)Sc13,CHEMBL2349321,Ki,7.52
3155083,CC(C)C[C@H](CO)Nc1nc(S[C@@H](C)c2cccc(c2)S(=O)(=O)C)nc3nc(N)sc13,CHEMBL2349319,Ki,7.55
3155094,CC(C)C[C@H](CO)Nc1nc(SCc2ccccc2F)nc3nc(N)sc13,CHEMBL2349324,Ki,7.64
3155105,CCC[C@H](CO)Nc1nc(S[C@@H](C)c2cnccc2Cl)nc3NC(=O)Sc13,CHEMBL2349181,Ki,7.68
3155116,CC(C)C[C@H](CO)Nc1nc(SCCc2ccccc2)nc3nc(N)sc13,CHEMBL2349182,Ki,7.75
3155127,CC(C)C[C@H](CO)Nc1nc(S[C@H](C)c2ccccc2)nc3nc(N)sc13,CHEMBL2349311,Ki,7.75
3155138,CCC[C@H](CO)Nc1nc(S[C@@H](C)c2cccc(c2)C#N)nc3NC(=O)Sc13,CHEMBL2349318,Ki,7.85
3155149,CC(C)C[C@H](CO)Nc1nc(S[C@@H](C)c2ccccc2Br)nc3nc(N)sc13,CHEMBL2349314,Ki,7.89
1593066,CC(C)C[C@H](CO)Nc1nc(SCc2cccc(F)c2F)nc3NC(=O)Sc13,CHEMBL2349306,Ki,8.0
3155162,COC(=O)[C@@H](CC(C)C)Nc1nc(SCc2ccccc2)nc3nc(N)sc13,CHEMBL2349303,Ki,8.08
3155173,CC(C)C[C@H](CO)Nc1nc(SCc2ccc(Br)cc2F)nc3nc(N)sc13,CHEMBL2349332,Ki,8.09
3155184,CC(C)C[C@H](CO)Nc1nc(S[C@H](C)c2ccccc2)nc3NC(=O)Sc13,CHEMBL2349313,Ki,8.1
3155195,CC(C)C[C@H](CO)Nc1nc(S[C@@H](C)c2ccccc2)nc3NC(=O)Sc13,CHEMBL2349312,Ki,8.11
3155206,CC(C)C[C@H](CO)Nc1nc(S[C@@H](C)c2cc(Cl)ccn2)nc3nc(N)sc13,CHEMBL2349179,Ki,8.21
3155217,CC(C)C[C@H](CO)Nc1nc(S[C@@H](C)c2cc(Cl)ccn2)nc3NC(=O)Sc13,CHEMBL2349180,Ki,8.24
3155228,CC(C)C[C@H](CO)Nc1nc(S[C@@H](C)c2ccccc2F)nc3nc(N)sc13,CHEMBL2349316,Ki,8.33
3155239,CC(C)C[C@H](CO)Nc1nc(SCc2ccccc2Br)nc3nc(N)sc13,CHEMBL2349322,Ki,8.4
3155250,CC(C)C[C@H](CO)Nc1nc(S[C@@H](C)c2ccccc2)nc3nc(N)sc13,CHEMBL2349310,Ki,8.41
