id,smiles,name,assay_type,activity_value
1589242,CC(C)(CO)Nc1nc(SCc2occc2)nc3nc(N)sc13,CHEMBL233262,IC50,7.0
1589253,CC(C)C(=O)c1cccc(NC2=C(NC(c3oc(C)cc3)C4(C)COC4)C(=O)C2=O)c1O,CHEMBL3701190,IC50,7.0
1589263,CC(C)C[C@H](CO)Nc1nc(nc2NC(=O)Sc12)S(=O)(=O)Cc3ccccc3,CHEMBL2349184,Ki,7.0
1589274,CC(C)Cc1ccc(cc1)[C@@H](C)C(=O)NS(=O)(=O)C,CHEMBL191413,IC50,7.0
1589285,CC(C)S(=O)(=O)c1c(O)c(NC2=NC(=O)C=C(N2)C(C)(C)C(F)(F)F)ccc1Cl,CHEMBL3355242,IC50,7.0
1589296,CCCCc1cc(N[C@@H](CC(C)C)C(=O)NCCCOCC)nc(n1)n2cnc(c2)c3ccccc3,CHEMBL207171,Ki,7.0
1589307,CC[C@H](CO)Nc1nc(SCc2cccc(F)c2F)nc3nc(NC(C)C)sc13,CHEMBL395340,IC50,7.0
1589318,CN1CCC[C@@H](CC1)S(=O)(=O)c2c(Cl)ccc(NC(=O)Nc3cccc(F)c3Cl)c2O,CHEMBL3818827,IC50,7.0
1589328,Cc1oc(cc1)C(NC2=C(Nc3cccc(C(=O)N4CCC[C@@H]4C(=O)OC(C)(C)C)c3O)C(=O)C2=O)C5(C)COC5,CHEMBL3701187,IC50,7.0
1589338,OCC(CO)Nc1nc(SCc2cccc(F)c2F)nc3nc(NC4CC4)sc13,CHEMBL430381,IC50,7.0
1589348,CN(C)C(=O)c1scc(NC2=C(N[C@@H](c3oc(C)cc3)C4(C)COC4)C(=O)C2=O)c1O,CHEMBL3640034,IC50,7.02
1589358,CCC(NC1=C(Nc2cccc(C(=O)N(C)C)c2O)C(=O)C1=O)c3oc(CN(C)C)cc3,CHEMBL404251,IC50,7.03
1589369,CN(C)C(=O)c1cccc(Nc2nsnc2N[C@@H](c3oc(C)cc3)C(C)(C)C)c1O,CHEMBL455431,Ki,7.04
1589380,Oc1cc(Cl)cc2c1NC(=NS2(=O)=O)Nc3ccccc3Cl,CHEMBL234186,IC50,7.04
1589391,Sc1nc(nn1Cc2cccc(Cl)c2)c3ccc(Cl)cc3Cl,CHEMBL82566,IC50,7.04
1589402,CCCCc1cc(N[C@@H](CC(C)C)C(=O)NCCCOCC)nc(n1)n2cnc(C)c2,CHEMBL207276,Ki,7.05
1589413,[O-][n+]1cc(ccc1S(=O)(=O)c2ccccc2)C(=O)Nc3ccc(F)cc3,CHEMBL301424,IC50,7.05
1589424,CCC(NC1=C(Nc2cccc(C(=O)N(C)C)c2O)C(=O)C1=O)c3oc(cc3)c4cccc(c4)C(F)(F)F,CHEMBL251890,IC50,7.06
1589435,Fc1ccc(cc1)c2[nH]c3ccc(cc3c2CCCC(=O)NS(=O)(=O)C(F)(F)F)C#N,CHEMBL257178,IC50,7.06
1589446,CCCCc1cc(N[C@@H](CC(C)C)C(=O)NCCCOCC)nc(n1)n2cnc(c2)C(C)(C)C,CHEMBL382377,Ki,7.07
1589457,CN(Cc1ccc(cn1)B(O)O)c2ccc(cn2)C(=O)Nc3ccc(F)cc3,CHEMBL3609006,IC50,7.09
1589467,OC(=O)c1cc(on1)C(=O)CSc2ccc(cn2)C(=O)Nc3ccc(F)cc3,CHEMBL3639571,IC50,7.09
1589477,Oc1cc(cc2c1NC(=NS2(=O)=O)Nc3ccccc3Cl)[N+](=O)[O-],CHEMBL231924,IC50,7.09
1589488,CC(C)C[C@H](CO)Nc1nc(SCc2cccc(F)c2F)nc3nc(N)sc13,CHEMBL2349333,Ki,7.1
1589499,CC(C)C[C@H](CO)Nc1nc(SCc2ccccc2)nc3NC(=O)Sc13,CHEMBL2349321,Ki,7.1
1589510,CC(C)c1coc(c1)[C@H](Nc2nsnc2Nc3cccc(C(=O)N(C)CCC#N)c3O)C(C)(C)C,CHEMBL462156,Ki,7.1
1589521,CC(CO)(CO)Nc1nc(SCc2cccc(F)c2F)nc3nc(N)sc13,CHEMBL389792,IC50,7.1
1589532,CN1CC[C@@H](C1)S(=O)(=O)c2c(Cl)ccc(NC(=O)Nc3cccc(F)c3Cl)c2O,CHEMBL3818277,IC50,7.1
1589542,COc1ccc(B(O)O)c(CSc2ccc(cn2)C(=O)Nc3ccc(F)cc3)c1,CHEMBL3426945,IC50,7.1
1589552,C[C@H](CO)Nc1cc(NS(=O)(=O)C)nc(SCc2ccccc2)n1,CHEMBL3403830,IC50,7.1
1589563,C[C@H](CO)Nc1cc(NS(=O)(=O)c2ccccc2)nc(SCc3ccccc3)n1,CHEMBL3403841,IC50,7.1
1589574,Oc1c(NC(=O)Nc2cccc(F)c2Cl)ccc(Cl)c1S(=O)(=O)C3CCCCC3,CHEMBL3819480,IC50,7.1
1589585,OB(O)c1ccccc1CSc2ccc(cn2)C(=O)N(Cc3ccccn3)c4ccc(F)cc4,CHEMBL3342320,IC50,7.11
1589595,CC[C@@H](NC1=C(Nc2cc(C)cc(C(=O)N(C)C)c2O)C(=O)C1=O)c3cccs3,CHEMBL550945,Ki,7.12
1589606,OC1=C(Nc2cc(ccc2O)C#N)\C(=N\c3ccccc3)\C1=O,CHEMBL378503,IC50,7.13
1589616,CC1(C)OB(OC1(C)C)c2ccc(OC(F)(F)F)cc2CSc3ccc(cn3)C(=O)Nc4ccc(F)cc4,CHEMBL3654446,IC50,7.14
1589625,CCN(C)C(=O)c1cccc(NC2=C(N[C@@H](c3oc(C)cc3)C4(C)COC4)C(=O)C2=O)c1O,CHEMBL3704571,IC50,7.14
1589634,CN(C)C(=O)c1cccc(NC2=C(N[C@@H](c3oc(C)cc3)C4(C)COC4)C(=O)C2=O)c1O,CHEMBL3704570,IC50,7.14
1589644,CS(=O)(=O)NC(=O)CCCc1c([nH]c2ccc(cc12)C#N)c3ccc(F)cc3,CHEMBL440405,IC50,7.14
1589655,Oc1cc(Br)cc2c1NC(=NS2(=O)=O)Nc3ccccc3Br,CHEMBL396411,IC50,7.16
1589666,NS(=O)(=O)NC(=O)CCCc1c([nH]c2ccc(cc12)C#N)c3ccc(F)cc3,CHEMBL257830,IC50,7.18
1589677,CC(C)C[C@H](CO)Nc1nc(SCc2ccccn2)nc3nc(N)sc13,CHEMBL2349307,Ki,7.19
1589688,CCNC(=O)c1cccc(\N=C/2\C(\C(=C2O)O)=N\c3ccccc3)c1O,CHEMBL213943,IC50,7.19
1589699,CCS(=O)(=O)NC(=O)CCCc1c([nH]c2ccc(cc12)C#N)c3ccc(F)cc3,CHEMBL255483,IC50,7.19
1589710,Oc1cc(Cl)cc2c1NC(=NS2(=O)=O)Nc3cccc(F)c3Cl,CHEMBL393253,IC50,7.19
1589721,Oc1cc(Cl)cc2c1NC(=NS2(=O)=O)Nc3ccccc3Br,CHEMBL393047,IC50,7.19
1589732,C[C@@H](CO)Nc1nc(SCc2cccc(F)c2F)nc3nc(N)sc13,CHEMBL414894,IC50,7.2
1589743,C[C@H](CO)Nc1cc(NS(=O)(=O)N(C)C)nc(SCc2ccccc2)n1,CHEMBL3403845,IC50,7.2
1589754,Oc1c(Cl)c(Cl)ccc1NC(=O)Nc2ccccc2Br,CHEMBL185259,IC50,7.2
1589765,CCCCCCCCSc1cc(N[C@@H](CC(C)C)C(=O)NCCCOCC)nc(n1)n2ccnc2,CHEMBL207725,Ki,7.22
1589776,CC[C@@H](NC1=C(Nc2cc(Br)cc(C(=O)N(C)C)c2O)C(=O)C1=O)c3cccs3,CHEMBL562950,Ki,7.22
1589786,COC(=O)[C@@H]1CCCN1C(=O)c2cccc(NC3=C(N[C@@H](c4oc(C)cc4)C5(C)COC5)C(=O)C3=O)c2O,CHEMBL3640000,IC50,7.22
1589796,C[C@H](CO)Nc1nc(SCc2csc(C)n2)nc3NC(=O)Sc13,CHEMBL402728,IC50,7.22
1589806,CC1(C)C2CC3OB(OC3(C)C1C2)c4ccccc4CSc5ccc(cn5)C(=O)Nc6ccc(F)cc6,CHEMBL3654444,IC50,7.23
1589816,CCC(NC1=C(Nc2cccc(C(=O)N(C)C)c2O)C(=O)C1=O)c3oc(cc3)c4cccc(Cl)c4,CHEMBL254516,IC50,7.24
1589827,CCOCCCNC(=O)[C@H](CC(C)C)Nc1cc(CC)nc(n1)n2cnc(c2)c3ccc(OC(F)(F)F)cc3,CHEMBL206987,Ki,7.24
1589838,COc1cc2[nH]c(c(CCCC(=O)NS(=O)(=O)N(C)C)c2cc1C#N)c3ccc(F)cc3,CHEMBL254567,IC50,7.24
1589849,C[C@H](NC1=N[S+]([O-])N=C1Nc2cccc(C(=O)N(C)C)c2O)C(C)(C)C,CHEMBL403936,Ki,7.24
1589860,Oc1c(NC(=O)Nc2ccccc2Br)ccc(Cl)c1C#N,CHEMBL26830,IC50,7.24
1589871,OC1=C(Nc2cc(ccc2O)[N+](=O)[O-])\C(=N\c3ccccc3)\C1=O,CHEMBL209858,IC50,7.25
1589882,Oc1cc(Cl)cc2c1NC(=NS2(=O)=O)Nc3ccccc3Oc4ccccc4,CHEMBL233346,IC50,7.27
1589893,Oc1cc(cc2c1NC(=NS2(=O)=O)Nc3ccccc3Oc4ccccc4)[N+](=O)[O-],CHEMBL399203,IC50,7.27
1589904,Oc1ccc(Cl)cc1NC2=C(Nc3ccccc3)C(=O)C2=O,CHEMBL238724,IC50,7.27
1589915,COC(=O)c1cccc(\N=C/2\C(\C(=C2O)O)=N\c3ccccc3)c1O,CHEMBL380052,IC50,7.28
1589925,OB(O)c1ccc(F)cc1CSc2ccc(cn2)C(=O)Nc3ccc(F)cc3,CHEMBL3426949,IC50,7.28
1589935,Oc1cc(c(Cl)cc1NC2=C(Nc3ccccc3)C(=O)C2=O)[N+](=O)[O-],CHEMBL238511,IC50,7.28
1589946,Oc1ccccc1NC2=C(Nc3ccccc3Br)C(=O)C2=O,CHEMBL391372,IC50,7.29
1589957,CC(C)(CO)Nc1nc(SCc2cccc(Oc3ccccc3)c2)nc4nc(N)sc14,CHEMBL204552,IC50,7.3
1589968,CC(C)S(=O)(=O)c1c(Cl)ccc(NC2=NC(=O)C(=C(N2)C3CCC3)F)c1O,CHEMBL3355248,IC50,7.3
1589979,CCC(NC1=C(Nc2cccc(C(=O)N(C)C)c2O)C(=O)C1=O)c3ccncc3,CHEMBL253506,IC50,7.3
1589990,CCCc1cc(N[C@@H](CC(C)C)C(=O)NCCCOCC)nc(n1)n2cnc(c2)c3ccccc3OC(F)(F)F,CHEMBL379549,Ki,7.3
1590001,CC[C@@H](NC1=C(Nc2cc(Cl)cc(C(=O)N(C)C)c2O)C(=O)C1=O)c3cccs3,CHEMBL550880,Ki,7.3
1590012,CN(C)S(=O)(=O)NC(=O)CCCc1c([nH]c2ccc(cc12)C#N)c3ccc(F)cc3,CHEMBL403313,IC50,7.3
1590023,C[C@H](CO)Nc1cc(NS(=O)(=O)Cc2ccccc2)nc(SCc3ccccc3)n1,CHEMBL3403839,IC50,7.3
1590034,CCC(NC1=C(Nc2cccc(C(=O)N(C)C)c2O)C(=O)C1=O)c3oc(cc3)c4ccccc4Cl,CHEMBL402952,IC50,7.31
1590045,C[C@H](CO)Nc1nc(SCc2cccc(F)c2F)nc3NC(=O)C(=O)Nc13,CHEMBL403877,IC50,7.35
1590056,CCOCCCNC(=O)[C@H](CC(C)C)Nc1cc(C)nc(n1)n2cnc(c2)c3ccc(OC(F)(F)F)cc3,CHEMBL380644,Ki,7.36
1590067,CN(CCC#N)C(=O)c1cccc(Nc2nsnc2N[C@@H](c3occc3)C(C)(C)C)c1O,CHEMBL462331,Ki,7.36
1590078,CN1CCCN(CC1)C(=O)c2cccc(NC3=C(Nc4ccccc4)C(=O)C3=O)c2O.OC(=O)C(F)(F)F,CHEMBL240458,IC50,7.36
1590089,CCCCc1cc(N[C@@H](CC(C)C)C(=O)NCCCOCC)nc(n1)n2cnc(c2)c3ccc(cc3)C#N,CHEMBL207376,Ki,7.37
1590100,CCCCc1cc(N[C@@H](CC(C)C)C(=O)NCCCOCC)nc(n1)n2cnc(c2)c3ccc(OC)cc3,CHEMBL207742,Ki,7.38
1590111,CN(C)C(=O)c1cccc(\N=C/2\C(\C(=C2O)O)=N\Cc3occc3)c1O,CHEMBL211609,IC50,7.39
1590122,CC(C)(C)S(=O)(=O)c1c(O)c(NC(=O)Nc2cccc(F)c2Cl)ccc1Cl,CHEMBL3819569,IC50,7.4
1590133,CCCCc1cc(N[C@@H](CC(C)C)C(=O)NCCCOCC)nc(n1)n2cnc(c2)c3ccc(C)cc3,CHEMBL381705,Ki,7.4
1590144,Oc1cc(ccc1NC(=O)Nc2ccccc2Br)[N+](=O)[O-],CHEMBL239767,IC50,7.4
1590155,Oc1nc(SCc2cccc(F)c2F)nc(C3CC3)c1C#N,CHEMBL3310783,IC50,7.4
1590166,CC[C@@H](NC1=C(Nc2cccc(C(=O)N(C)C)c2O)C(=O)C1=O)c3ccc(F)c(c3)C(F)(F)F,CHEMBL254572,Ki,7.42
1590177,OB(O)c1ccccc1CSc2ccc(cn2)C(=O)Nc3ccc(F)cc3,CHEMBL3342269,IC50,7.42
1590187,CCCCc1cc(N[C@@H](CC(C)C)C(=O)NCCCOCC)nc(n1)n2cnc(c2)c3ccc(F)cc3,CHEMBL207498,Ki,7.43
1590197,COC(=O)[C@H]1CCCN1C(=O)c2cccc(NC3=C(N[C@@H](c4oc(C)cc4)C5(C)COC5)C(=O)C3=O)c2O,CHEMBL3701188,IC50,7.43
1590206,OB(O)c1ccccc1CSc2ccc(cn2)C(=O)Nc3ccc(F)cc3O,CHEMBL3658338,IC50,7.43
1590216,Oc1cc(ccc1NC2=C(Nc3ccccc3Br)C(=O)C2=O)[N+](=O)[O-],CHEMBL239348,IC50,7.43
1590227,CC(C)[C@@H](Nc1nsnc1Nc2cccc(C(=O)N(C)C)c2O)c3oc(C)cc3,CHEMBL510437,IC50,7.44
1590238,OC1=C(Nc2ccc(cc2O)[N+](=O)[O-])\C(=N\c3ccccc3)\C1=O,CHEMBL379438,IC50,7.44
1590249,Oc1cc(ccc1NC2=C(Nc3ccccc3Br)C(=O)C2=O)C#N,CHEMBL239136,IC50,7.44
1590260,CCCc1cc(N[C@@H](CC(C)C)C(=O)NCCCOCC)nc(n1)n2cnc(c2)c3cccc(OC(F)(F)F)c3,CHEMBL207856,Ki,7.46
1590271,C[C@H](CO)Nc1nc(SCc2occc2)nc3nc(N)sc13,CHEMBL233263,IC50,7.46
1590282,CC[C@@H](NC1=C(Nc2cccc(C(=O)NC3CC3)c2O)C(=O)C1=O)c4ccccc4,CHEMBL564068,Ki,7.47
1590293,NC(=O)c1cccc(\N=C/2\C(\C(=C2O)O)=N\c3ccccc3)c1O,CHEMBL214286,IC50,7.47
1590304,CC(C)Nc1nc2nc(SCc3cccc(F)c3F)nc(N[C@H](C)CO)c2s1,CHEMBL437013,IC50,7.5
1590762,CC(C)S(=O)(=O)c1c(Cl)ccc(NC2=NC(=O)C=C(N2)C3CCCC3C)c1O,CHEMBL3355239,IC50,7.5
1590773,CCCCc1cc(N[C@@H](CC(C)C)C(=O)NCCCOCC)nc(n1)n2cnc(c2)c3ccc(O)cc3,CHEMBL383633,Ki,7.5
1590783,CN(C)C(=O)c1cccc(NC2=C(NC(c3occ(C)c3)C4(C)COC4)C(=O)C2=O)c1O,CHEMBL3704564,IC50,7.5
1590793,COC(=O)CSc1ccc(cn1)C(=O)Nc2ccc(F)cc2,CHEMBL431511,IC50,7.5
1590804,C[C@H](CO)Nc1cc(NS(=O)(=O)C)nc(SCc2cccc(F)c2F)n1,CHEMBL3403834,IC50,7.5
1590815,C[C@H](CO)Nc1cc(NS(=O)(=O)c2ccc(Cl)cc2)nc(SCc3ccccc3)n1,CHEMBL3403842,IC50,7.5
1590826,C[C@H](CO)Nc1cc(NS(=O)(=O)c2cn(C)cn2)nc(SCc3cccc(F)c3F)n1,CHEMBL3403846,IC50,7.5
1590837,C[C@H](CO)Nc1nc(SCc2ccccc2Cl)nc3nc(N)sc13,CHEMBL233259,IC50,7.5
1590848,Nc1nc2nc(SCc3cccc(F)c3F)nc(NC(CO)CO)c2s1,CHEMBL245190,IC50,7.5
1590858,OB(O)c1ccccc1COc2ccc(cn2)C(=O)Nc3ccc(F)cn3,CHEMBL3658341,IC50,7.5
1590868,OC(=O)c1cccc(c1)S(=O)(=O)c2ccc(c[n+]2[O-])C(=O)Nc3ccc(F)cc3,CHEMBL57680,IC50,7.5
1590879,Oc1c(NC2=C(Nc3ccccc3)C(=O)C2=O)cccc1C#N,CHEMBL240817,IC50,7.5
1590890,Oc1cc(Cl)ccc1NC2=C(Nc3ccccc3Br)C(=O)C2=O,CHEMBL441144,IC50,7.5
1590900,CN(C)S(=O)(=O)c1c(Cl)ccc(NC2=C(NC(c3oc(C)cc3)C4(C)COC4)C(=O)C2=O)c1O,CHEMBL3701196,IC50,7.51
1590909,CN1CCN(CC1)S(=O)(=O)c2c(Cl)ccc(NC3=C(N[C@@H](c4oc(C)cc4)C5(C)COC5)C(=O)C3=O)c2O,CHEMBL3704573,IC50,7.52
1590919,CN(C)S(=O)(=O)c1c(Cl)ccc(N\C(=N\C#N)\Nc2cccc(Cl)c2F)c1O,CHEMBL221039,IC50,7.54
1590930,CCC(NC1=C(Nc2cccc(C(=O)N(C)C)c2O)C(=O)C1=O)c3ccc(F)c(F)c3,CHEMBL254172,Ki,7.55
1590941,CC[C@@H](NC1=C(Nc2cccc(C(=O)NC)c2O)C(=O)C1=O)c3ccccc3,CHEMBL563467,Ki,7.55
1590952,Oc1c(NC2=C(Nc3ccccc3Br)C(=O)C2=O)ccc(Cl)c1C(=O)N4CCCC4,CHEMBL399223,IC50,7.55
1590962,Oc1ccc(OC(F)(F)F)cc1CSc2ccc(cn2)C(=O)Nc3ccc(F)cc3,CHEMBL3654441,IC50,7.55
1590972,CCCCc1cc(N[C@@H](CC(C)C)C(=O)NCCCOCC)nc(n1)n2cnc(c2)c3ccc(Cl)cc3,CHEMBL207497,Ki,7.57
1590983,CC[C@@H](NC1=C(Nc2cccc(C(=O)N3CCN(CC3)C(=O)C)c2O)C(=O)C1=O)c4ccccc4,CHEMBL562670,Ki,7.57
1590994,CN1CCN(CC1)C(=O)c2cccc(NC3=C(Nc4ccccc4)C(=O)C3=O)c2O.OC(=O)C(F)(F)F,CHEMBL392473,IC50,7.57
1591004,CN(CC(F)(F)F)C(=O)c1cccc(NC2=C(N[C@@H](c3oc(C)cc3)C4(C)COC4)C(=O)C2=O)c1O,CHEMBL3704569,IC50,7.59
1591014,Oc1cc(cc2c1NC(=NS2(=O)=O)Nc3ccccc3Br)[N+](=O)[O-],CHEMBL443583,IC50,7.59
1591025,CC(C)(CO)Nc1nc(SCc2cccc(F)c2F)nc3nc(N)sc13,CHEMBL380947,IC50,7.6
1591036,CC(C)S(=O)(=O)c1c(Cl)ccc(NC2=NC(=O)C(=C(N2)C(C)(C)C)F)c1O,CHEMBL3355247,IC50,7.6
1591046,CC(C)c1coc(c1)C(NC2=C(Nc3cccc(C(=O)N(C)C)c3O)C(=O)C2=O)C4(C)COC4,CHEMBL3704565,IC50,7.6
1591056,CCCc1cc(N[C@@H](CC(C)C)C(=O)NCCCOCC)nc(n1)n2cnc(c2)c3ccc(OC(F)(F)F)cc3,CHEMBL381597,Ki,7.6
1591067,CC[C@@H](NC1=C(Nc2cccc(C(=O)N(C)C)c2O)C(=O)C1=O)c3occc3CC,CHEMBL245697,Ki,7.6
1591078,CC[C@@H](NC1=C(Nc2cccc(C(=O)N)c2O)C(=O)C1=O)c3ccccc3,CHEMBL559031,Ki,7.6
1591089,CC[C@H](CO)Nc1nc(SCc2cccc(F)c2F)nc3nc(N)sc13,CHEMBL380732,IC50,7.6
1591100,CN1CCC(CC1)S(=O)(=O)c2c(O)c(NC(=O)Nc3cccc(F)c3Cl)ccc2Cl,CHEMBL3819512,IC50,7.6
1591111,CN1CCC2(CCC(CC2)S(=O)(=O)c3c(Cl)ccc(NC(=O)Nc4cccc(F)c4Cl)c3O)CC1,CHEMBL3818581,IC50,7.6
1591122,C[C@H](CO)Nc1cc(NS(=O)(=O)c2ccc(cc2)C#N)nc(SCc3ccccc3)n1,CHEMBL3403843,IC50,7.6
1591133,Oc1c(NC(=O)Nc2cccc(F)c2Cl)ccc(Cl)c1S(=O)(=O)C3CCCC3,CHEMBL3818853,IC50,7.6
1591145,Oc1cc(ccc1NC(=O)Nc2ccccc2Br)C#N,CHEMBL27863,IC50,7.6
1591156,CN(C)C(=O)c1cccc(NC2=NS(=O)(=O)N=C2N[C@@H](c3ccc4OCCOc4c3)C(C)(C)C)c1O,CHEMBL404381,Ki,7.62
1591167,CN(C)S(=O)(=O)NC(=O)CCCc1c([nH]c2cc(C)c(cc12)C#N)c3ccc(F)cc3,CHEMBL254568,IC50,7.62
1591178,CCC(CC)(NS(=O)(=O)c1c(Cl)ccc(N\C(=N\C#N)\Nc2ccccc2Br)c1O)N3CCC(N)CC3,CHEMBL386072,IC50,7.66
1591189,CC[C@@H](NC1=C(Nc2ccccc2O)C(=O)C1=O)c3oc(C)cc3,CHEMBL551747,Ki,7.66
1591200,CNC(=O)c1cccc(\N=C/2\C(\C(=C2O)O)=N\c3ccccc3)c1O,CHEMBL377397,IC50,7.66
1591212,OB(O)c1ccc(OC(F)(F)F)cc1CSc2ccc(cn2)C(=O)Nc3ccc(F)cc3,CHEMBL3426944,IC50,7.66
1591222,Oc1c(Cl)c(ccc1NC(=O)Nc2ccccc2Br)C#N,CHEMBL27446,IC50,7.66
1591233,CCC(NC1=C(Nc2cccc(C(=O)N(C)C)c2O)C(=O)C1=O)c3sccc3Cl,CHEMBL253504,IC50,7.68
1591244,CC[C@H](CO)Nc1nc(SCc2ccccc2)nc3NC(=O)Sc13,CHEMBL2349334,Ki,7.68
1591255,OB(O)c1ccc(CN(Cc2occc2)c3ccc(cn3)C(=O)Nc4ccc(F)cc4)nc1,CHEMBL3609016,IC50,7.68
1591266,CC(C)S(=O)(=O)c1c(Cl)ccc(NC2=NC(=O)C=C(N2)C3CCCC3)c1O,CHEMBL3355238,IC50,7.7
1591277,CC[C@@H](NC1=C(Nc2cccc(C(=O)N3CC(O)C3)c2O)C(=O)C1=O)c4ccccc4,CHEMBL562207,Ki,7.7
1591288,CC[C@@H](NC1=C(Nc2cccc(C(=O)N3CCN(CC3)C(=O)c4ccccn4)c2O)C(=O)C1=O)c5ccccc5,CHEMBL550006,Ki,7.7
1591299,CC[C@@H](NC1=C(Nc2cccc(C(=O)N3CC[C@H](CO)C3)c2O)C(=O)C1=O)c4ccccc4,CHEMBL556861,Ki,7.7
1591310,C[C@H](CO)Nc1nc(SCc2cccc(F)c2F)nc3nc(NC4CC4)sc13,CHEMBL396043,IC50,7.7
1591321,Cl.CN1CCCN(CC1)S(=O)(=O)c2c(Cl)ccc(NC3=C(Nc4ccccc4Cl)C(=O)C3=O)c2O,CHEMBL537441,IC50,7.7
1591332,CC[C@@H](NC1=C(Nc2cccc(C(=O)N(C)C)c2O)C(=O)C1=O)c3ccc(c(F)c3)C(F)(F)F,CHEMBL254368,Ki,7.71
1591343,Cc1cc2[nH]c(c(CCCC(=O)NS(=O)(=O)C)c2cc1C#N)c3ccc(F)cc3,CHEMBL403084,IC50,7.72
1591354,CC[C@@H](NC1=C(Nc2cccc(C(=O)N3CC[C@H](O)C3)c2O)C(=O)C1=O)c4ccccc4,CHEMBL556656,Ki,7.75
1591365,Cl.Oc1c(NC2=C(Nc3ccccc3)C(=O)C2=O)ccc(Cl)c1S(=O)(=O)N4CCC(CC4)N5CCCCC5,CHEMBL537883,IC50,7.75
1591376,CCC(NC1=C(Nc2cccc(C(=O)N(C)C)c2O)C(=O)C1=O)c3oc(cc3)C(F)(F)F,CHEMBL404250,IC50,7.76
1591387,CCC(CC)(NS(=O)(=O)c1c(Cl)ccc(N\C(=N\C#N)\Nc2ccccc2C)c1O)N3C[C@@H](C)O[C@@H](C)C3,CHEMBL373522,IC50,7.77
1591398,CCCCc1cc(N[C@@H](CC(C)C)C(=O)NCCCOCC)nc(n1)n2cnc(c2)c3ccc(OC(F)(F)F)cc3,CHEMBL207024,Ki,7.77
1591409,CC[C@@H](NC1=C(Nc2ccc(c3ccccc3)c(C(=O)N(C)C)c2O)C(=O)C1=O)c4ccccc4,CHEMBL557877,Ki,7.77
1591420,CN(C)S(=O)(=O)c1c(Cl)ccc(N\C(=N\C#N)\Nc2ccccc2C)c1O,CHEMBL220860,IC50,7.77
1591431,C[C@@H](NC1=C(Nc2cccc(C(=O)N(C)C)c2O)C(=O)C1=O)c3ccccc3,CHEMBL1162935,IC50,7.77
1591442,CCC(NC1=C(Nc2cccc(C(=O)N(C)C)c2O)C(=O)C1=O)c3occc3Br,CHEMBL253707,IC50,7.78
1591453,CC(C)S(=O)(=O)c1c(Cl)ccc(NC2=NC(=O)C=C(N2)C3(C)CCC3)c1O,CHEMBL3355240,IC50,7.8
1591464,CC(C)S(=O)(=O)c1c(Cl)ccc(NC2=NC(=O)C=C(N2)C3CCC3)c1O,CHEMBL3355237,IC50,7.8
1591475,CCC(C)(C)[C@@H](NC1=NS(=O)(=O)N=C1Nc2cccc(C(=O)N(C)C)c2O)c3occc3,CHEMBL253922,Ki,7.8
1591486,CCC(CC)(NS(=O)(=O)c1c(Cl)ccc(N\C(=N\C#N)\Nc2ccccc2Br)c1O)N3CCC[C@@H]3C(=O)O,CHEMBL387136,IC50,7.8
1591497,COc1cc(ccc1F)[C@H](NC2=C(Nc3cccc(C(=O)N(C)C)c3O)C(=O)C2=O)C(C)C,CHEMBL254571,Ki,7.8
1591508,C[C@@H](O)[C@@H](CO)Nc1nc(SCc2cccc(F)c2F)nc3nc(N)sc13,CHEMBL389791,IC50,7.8
1591519,C[C@H](CO)Nc1nc(SCc2cccc(Cl)c2Cl)nc3nc(N)sc13,CHEMBL233260,IC50,7.8
1591530,C[C@H](CO)Nc1nc(SCc2cccc(F)c2)nc3nc(N)sc13,CHEMBL233059,IC50,7.8
1591541,C[C@H](CO)Nc1nc(SCc2cccc(F)c2F)nc3NC(=O)C(=Cc13)C#N,CHEMBL403656,IC50,7.8
1591551,[O-][N+](=O)c1cc(ccc1Cl)C(=O)CSc2ccc(cn2)C(=O)Nc3ccc(F)cc3,CHEMBL3658278,IC50,7.8
1591561,CCC(CC)NC1=C(Nc2cccc(C(=O)N(C)C)c2O)C(=O)C1=O,CHEMBL218964,IC50,7.82
1591572,CC[C@@H](NC1=C(Nc2ccc(c3ccccn3)c(C(=O)N(C)C)c2O)C(=O)C1=O)c4ccccc4,CHEMBL550130,Ki,7.82
1591583,CCc1ccccc1N\C(=N/C#N)\Nc2ccc(Cl)c(c2O)S(=O)(=O)N(C)C,CHEMBL386505,IC50,7.82
1591594,CN(C)C(=O)c1cccc(NC2=N[S+]([O-])N=C2NCc3ccc4OCOc4c3)c1O,CHEMBL253104,Ki,7.82
1591605,CN(C)S(=O)(=O)c1c(C)ccc(NC2=C(Nc3ccccc3C)C(=O)C2=O)c1O,CHEMBL239768,IC50,7.82
1591616,OC1=C(Nc2ccc(cc2O)C#N)\C(=N\c3ccccc3)\C1=O,CHEMBL209859,IC50,7.82
1591627,CCCCc1cc(N[C@@H](CC(C)C)C(=O)NCCCOCC)nc(n1)n2cnc(c2)c3ccc(cc3)C(F)(F)F,CHEMBL207199,Ki,7.85
1591638,CN(C)C(=O)c1cccc(NC2=C(N[C@@H](c3ccccc3)C(F)(F)F)C(=O)C2=O)c1O,CHEMBL464301,Ki,7.85
1591649,CN(C)C(=O)c1cccc(NC2=C(N[C@@H](c3occ(C)c3)C(C)(F)F)C(=O)C2=O)c1O,CHEMBL523984,Ki,7.85
1591660,CN(C)C(=O)c1cccc(\N=C/2\C(\C(=C2O)O)=N\C(C)(C)C)c1O,CHEMBL211247,IC50,7.85
1591670,COC(=O)c1cc(on1)C(=O)CSc2ccc(cn2)C(=O)Nc3ccc(F)cc3,CHEMBL3658321,IC50,7.85
1591680,NC(=O)c1c(Cl)ccc(NC2=C(Nc3ccccc3)C(=O)C2=O)c1O,CHEMBL238743,IC50,7.85
1591691,CC(C)[C@@H](NC1=C(Nc2cccc(C(=O)N(C)C)c2O)C(=O)C1=O)c3ccc(c(F)c3)C(F)(F)F,CHEMBL254369,Ki,7.86
1591702,CC(C)[C@@H](NC1=C(Nc2cccc(C(=O)N(C)C)c2O)C(=O)C1=O)c3cc(F)cc(c3)C(F)(F)F,CHEMBL254981,Ki,7.88
1591713,CN(C)S(=O)(=O)c1c(Cl)ccc(N\C(=N\C#N)\Nc2ccccc2c3ccccc3)c1O,CHEMBL425985,IC50,7.89
1591724,CN1CCN(CC1)S(=O)(=O)c2c(F)ccc(NC3=C(Nc4ccccc4Br)C(=O)C3=O)c2O.OC(=O)C(F)(F)F,CHEMBL239982,IC50,7.89
1591735,C[C@H](CO)Nc1nc(SCc2cccc(F)c2F)nc3[nH]c(N)nc13,CHEMBL257006,IC50,7.89
1591746,C[C@H](CO)Nc1nc(SCc2ccccc2)nc3nc(N)sc13,CHEMBL271013,IC50,7.89
1591757,C[C@H](CO)Nc1nc(SCc2ccccc2F)nc3nc(N)sc13,CHEMBL232846,IC50,7.89
1591768,C[C@H](F)[C@@H](NC1=C(Nc2cccc(C(=O)N(C)C)c2O)C(=O)C1=O)c3oc(C)cc3,CHEMBL514001,Ki,7.89
1591779,C[C@H](CO)Nc1cc(NS(=O)(=O)C)nc(SCc2cccc(Cl)c2F)n1,CHEMBL3403835,IC50,7.9
1591790,C[C@H](CO)Nc1cc(NS(=O)(=O)c2cn(C)cn2)nc(SCc3cccc(Cl)c3F)n1,CHEMBL3403847,IC50,7.9
1591801,C[C@H](CO)Nc1nc(SCc2cccc(Cl)c2)nc3nc(N)sc13,CHEMBL394799,IC50,7.9
1591812,Oc1c(NC(=O)Nc2cccc(F)c2Cl)ccc(Cl)c1S(=O)(=O)C3CCC3,CHEMBL3818984,IC50,7.9
1591823,CC[C@@H](NC1=C(Nc2cccc(C(=O)N(C)C)c2O)C(=O)C1=O)c3cc(C)on3,CHEMBL253927,IC50,7.91
1591834,CCC(CC)(NS(=O)(=O)c1cccc(N\C(=N\C#N)\Nc2ccccc2Br)c1O)N3CCOCC3,CHEMBL218744,IC50,7.92
1591845,CC[C@@H](NC1=C(Nc2cccc(C(=O)N(C)C)c2O)C(=O)C1=O)c3ccc(F)c(OC)c3,CHEMBL404917,Ki,7.92
1591856,CC[C@@H](NC1=C(Nc2cccc(C(=O)N3CCN(C)CC3)c2O)C(=O)C1=O)c4ccccc4,CHEMBL562286,Ki,7.92
1591867,CC[C@@H](NC1=C(Nc2cccc(C(=O)O)c2O)C(=O)C1=O)c3oc(C)cc3,CHEMBL562542,Ki,7.92
1591878,CN(C)C(=O)c1cccc(NC2=C(N[C@@H](c3occc3C)C(C)(F)F)C(=O)C2=O)c1O,CHEMBL491506,Ki,7.92
1591889,CN(C)C(=O)c1cccc(NC2=N[S+]([O-])N=C2N[C@@H](c3occc3)C4(C)CC4)c1O,CHEMBL252911,Ki,7.92
1591900,CN(C)S(=O)(=O)c1c(Cl)ccc(NC(=O)Nc2ccccc2Br)c1O,CHEMBL183222,IC50,7.92
1591911,CN(C)S(=O)(=O)c1c(O)c(N\C(=N\C#N)\Nc2ccccc2C(F)(F)F)ccc1Cl,CHEMBL222075,IC50,7.92
1591922,CC[C@@H](NC1=C(Nc2cccc(C(=O)N(C)C)c2O)C(=O)C1=O)c3cc(C)cc(c3)C(F)(F)F,CHEMBL404073,Ki,7.93
1591933,CC(C)[C@@H](NC1=NS(=O)(=O)N=C1Nc2cccc(C(=O)N(C)C)c2O)c3cccc(F)c3,CHEMBL402076,Ki,7.96
1591944,CCC(NC1=C(Nc2cccc(C(=O)N(C)C)c2O)C(=O)C1=O)c3cocn3,CHEMBL252697,IC50,7.96
1591955,CC[C@@H](NC1=C(Nc2cccc(C(=O)N(C)C(C)C)c2O)C(=O)C1=O)c3ccccc3,CHEMBL561812,Ki,7.96
1591966,CN(C)C(=O)c1cccc(NC2=NS(=O)(=O)N=C2N[C@@H](c3occc3)C(C)(C)C)c1O,CHEMBL253921,Ki,7.96
1591977,Brc1ccccc1NC(=O)Nc2ccc(C#N)c3[nH]nnc23,CHEMBL38182,IC50,8.0
1591988,CC(C)S(=O)(=O)c1c(Cl)ccc(NC(=O)Nc2cccc(F)c2Cl)c1O,CHEMBL3817901,IC50,8.0
1591999,CC(C)\N=C/1\C(\C(=C1O)O)=N\c2cccc(C(=O)N(C)C)c2O,CHEMBL375175,IC50,8.0
1592010,CC[C@@H](NC1=C(Nc2cccc(C(=O)N(C)C)c2O)C(=O)C1=O)c3sccc3C,CHEMBL245500,Ki,8.0
1592021,CC[C@@H](NC1=C(Nc2cccc(C(=O)N3CCOCC3)c2O)C(=O)C1=O)c4ccccc4,CHEMBL563855,Ki,8.0
1592032,CN(C)C(=O)c1cccc(NC2=C(N[C@@H](c3oc(C)cc3)C(C)(F)F)C(=O)C2=O)c1O,CHEMBL491330,Ki,8.0
1592043,CN(C)C(=O)c1cccc(\N=C/2\C(\C(=C2O)O)=N\C3CCCCC3)c1O,CHEMBL213130,IC50,8.0
1592054,C[C@@H]1CN(C[C@H](C)O1)S(=O)(=O)c2c(Cl)ccc(NC(=O)Nc3cccc(Cl)c3Cl)c2O,CHEMBL3817880,IC50,8.0
1592065,C[C@H](CO)Nc1cc(NS(=O)(=O)C(F)(F)F)nc(SCc2ccccc2)n1,CHEMBL3403840,IC50,8.0
1592076,Cl.CN1CCCN(CC1)S(=O)(=O)c2c(Cl)ccc(NC3=C(Nc4ccccc4Br)C(=O)C3=O)c2O,CHEMBL556367,IC50,8.0
1592087,NC(=O)c1c(Cl)ccc(NC(=O)Nc2ccccc2Br)c1O,CHEMBL184185,IC50,8.0
1592098,CCC(NC1=C(Nc2cccc(C(=O)N(C)C)c2O)C(=O)C1=O)c3nccs3,CHEMBL401893,IC50,8.01
1592109,CCC(NC1=C(Nc2cccc(C(=O)N(C)C)c2O)C(=O)C1=O)c3oncc3,CHEMBL252698,IC50,8.01
1592120,CCC(NC1=C(Nc2cccc(C(=O)N(C)C)c2O)C(=O)C1=O)c3occ(c3)c4ccncc4,CHEMBL401938,IC50,8.02
1592131,CCC(CC)(NS(=O)(=O)c1c(Cl)ccc(N\C(=N\C#N)\Nc2ccccc2Br)c1O)N3C[C@@H](C)O[C@@H](C)C3,CHEMBL218486,IC50,8.05
1592142,CC[C@@H](NC1=C(Nc2cccc(C(=O)N(C)C)c2O)C(=O)C1=O)c3cccc(F)c3,CHEMBL401512,Ki,8.05
1592153,CC[C@@H](NC1=C(Nc2cccc(C(=O)N(C)C)c2O)C(=O)C1=O)c3occ(CCCCN4CCOCC4)c3,CHEMBL246107,Ki,8.05
1592164,CC[C@@H](NC1=C(Nc2cccc(C(=O)N3CCCC3)c2O)C(=O)C1=O)c4ccccc4,CHEMBL564029,Ki,8.05
1592175,CC[C@@H](NC1=NS(=O)(=O)N=C1Nc2cccc(C(=O)N(C)C)c2O)c3ccc4N(C)CCOc4c3,CHEMBL252289,Ki,8.05
1592186,CC[C@@H](NC1=N[S+]([O-])N=C1Nc2cccc(C(=O)N(C)C)c2O)c3occ(c3)C(C)C,CHEMBL254942,Ki,8.05
1592197,CN(C)C(=O)c1cccc(NC2=C(N[C@@H](c3oc(C)cc3)C(F)(F)C=C)C(=O)C2=O)c1O,CHEMBL491312,Ki,8.05
1592208,CN(C)C(=O)c1cccc(NC2=NS(=O)(=O)N=C2N[C@@H](c3oc(Cl)cc3)C(C)(C)C)c1O,CHEMBL403023,Ki,8.05
1592219,CN(C)S(=O)(=O)c1c(Cl)ccc(N\C(=N\C#N)\Nc2ccccc2F)c1O,CHEMBL220797,IC50,8.05
1592230,CN(C)S(=O)(=O)c1c(Cl)ccc(N\C(=N\C#N)\Nc2ccccc2OCc3ccccc3)c1O,CHEMBL376621,IC50,8.05
1592241,CCC(NC1=C(Nc2cccc(C(=O)N(C)C)c2O)C(=O)C1=O)c3occn3,CHEMBL430116,IC50,8.07
1592252,CCC(NC1=C(Nc2cccc(C(=O)N(C)C)c2O)C(=O)C1=O)c3occ(c3)c4ccsc4,CHEMBL253705,IC50,8.09
1592263,CCC(NC1=C(Nc2cccc(C(=O)N(C)C)c2O)C(=O)C1=O)c3onc(C)n3,CHEMBL252896,IC50,8.09
1592274,CC(C)[C@@H](NC1=N[S+]([O-])N=C1Nc2cccc(C(=O)N(C)C)c2O)c3cccc(F)c3,CHEMBL402144,Ki,8.1
1592285,CCC(NC1=C(Nc2cccc(C(=O)N(C)C)c2O)C(=O)C1=O)c3cocc3,CHEMBL252897,IC50,8.1
1592296,CCCc1ccccc1NC2=C(Nc3ccc(Cl)c(c3O)S(=O)(=O)N4CCN(CC)CC4)C(=O)C2=O.OC(=O)C(F)(F)F,CHEMBL238971,IC50,8.1
1592307,CC[C@@H](NC1=C(Nc2cccc(C(=O)N(C)C)c2O)C(=O)C1=O)c3cc(F)cc(c3)C(F)(F)F,CHEMBL254980,Ki,8.1
1592318,CN(C)C(=O)c1cccc(NC2=C(N[C@@H](c3oc(C)cc3)C(C)(C)F)C(=O)C2=O)c1O,CHEMBL491487,Ki,8.1
1592329,CN(C)C(=O)c1cccc(\N=C/2\C(\C(=C2O)O)=N\C3CCCC3)c1O,CHEMBL214162,IC50,8.1
1592340,CNc1nc2nc(SCc3cccc(F)c3F)nc(N[C@H](C)CO)c2s1,CHEMBL245180,IC50,8.1
1592351,COCCNS(=O)(=O)c1c(Cl)ccc(NC2=C(Nc3ccccc3)C(=O)C2=O)c1O,CHEMBL391465,IC50,8.1
1592362,C[C@H](CO)Nc1cc(NS(=O)(=O)N2CCCC2)nc(SCc3cccc(F)c3F)n1,CHEMBL3403852,IC50,8.1
1592373,C[C@H](CO)Nc1cc(NS(=O)(=O)N2CCCCC2)nc(SCc3cccc(F)c3F)n1,CHEMBL3403853,IC50,8.1
1592384,C[C@H](CO)Nc1cc(NS(=O)(=O)N2CCNCC2)nc(SCc3cccc(Cl)c3F)n1,CHEMBL3403849,IC50,8.1
1592395,Oc1c(NC(=O)Nc2cccc(Cl)c2Cl)ccc(Cl)c1S(=O)(=O)C3CCOC3,CHEMBL3818793,IC50,8.1
1592406,Oc1c(NC(=O)Nc2cccc(F)c2Cl)ccc(Cl)c1C(=O)N3CCCC3,CHEMBL3818323,IC50,8.1
1592417,CCC(NC1=C(Nc2cccc(C(=O)N(C)C)c2O)C(=O)C1=O)c3occ(c3)c4c(C)onc4C,CHEMBL253706,IC50,8.12
1592428,CCC(NC1=C(Nc2cccc(C(=O)N(C)C)c2O)C(=O)C1=O)c3cc(C)on3,CHEMBL401894,IC50,8.13
1592439,CN(C)C(=O)c1cccc(NC2=C(N[C@@H](c3oc(Cl)cc3)C(F)(F)F)C(=O)C2=O)c1O,CHEMBL491134,Ki,8.16
1592450,CN(C)S(=O)(=O)c1c(C)ccc(N\C(=N\C#N)\Nc2ccccc2Br)c1O,CHEMBL376540,IC50,8.16
1592461,CN(C)S(=O)(=O)c1c(O)c(N\C(=N\C#N)\Nc2ccccc2Br)ccc1C(F)(F)F,CHEMBL218665,IC50,8.16
1592472,C[C@H](CO)Nc1nc(SCc2cccc(F)c2F)nc3nc(N)cnc13,CHEMBL271703,IC50,8.16
1592483,C[C@H](F)[C@@H](NC1=C(Nc2cccc(C(=O)N(C)C)c2O)C(=O)C1=O)c3occc3,CHEMBL472749,Ki,8.16
1592494,NS(=O)(=O)c1c(Cl)ccc(NC(=O)Nc2ccccc2Br)c1O,CHEMBL359670,IC50,8.16
1592505,CCC(NC1=C(Nc2cccc(C(=O)N(C)C)c2O)C(=O)C1=O)c3oc(cc3)C(F)F,CHEMBL253052,IC50,8.17
1592516,CC[C@@H](NC1=C(Nc2cccc(C(=O)N(C)C)c2O)C(=O)C1=O)c3ccccc3,CHEMBL254370,IC50,8.17
1592527,CC(C)S(=O)(=O)c1c(Cl)ccc(NC2=NC(=O)C=C(N2)C(C)(C)C)c1O,CHEMBL3355235,IC50,8.2
1592538,Oc1c(NC(=O)Nc2cccc(Cl)c2Cl)ccc(Cl)c1S(=O)(=O)C3CCOCC3,CHEMBL3818820,IC50,8.2
1592549,Oc1c(NC(=O)Nc2cccc(F)c2Cl)ccc(Cl)c1C(=O)N3CCCCC3,CHEMBL3819221,IC50,8.2
1592560,CC(C)[C@@H](NC1=C(Nc2cccc(C(=O)N(C)C)c2O)C(=O)C1=O)c3oc(C)cc3,CHEMBL384889,IC50,8.21
1592571,CCC(NC1=C(Nc2cccc(C(=O)N(C)C)c2O)C(=O)C1=O)c3ccc(Cl)s3,CHEMBL404060,IC50,8.21
1592582,CCC(NC1=C(Nc2cccc(C(=O)N(C)C)c2O)C(=O)C1=O)c3cccs3,CHEMBL404059,IC50,8.21
1592593,CC(C)c1coc(c1)[C@H](NC2=C(Nc3cccc(C(=O)N(C)C)c3O)C(=O)C2=O)C(F)(F)F,CHEMBL442799,Ki,8.22
1592604,CCC(CC)(NS(=O)(=O)c1c(C)ccc(N\C(=N\C#N)\Nc2ccccc2Br)c1O)N3CCOCC3,CHEMBL221481,IC50,8.22
1592615,CCC(NC1=C(Nc2cccc(C(=O)N(C)C)c2O)C(=O)C1=O)c3ccc(F)c(C)c3,CHEMBL254570,Ki,8.22
1592626,CCC(NC1=C(Nc2cccc(C(=O)N(C)C)c2O)C(=O)C1=O)c3occ(c3)c4ccccc4,CHEMBL253499,IC50,8.22
1592637,CC[C@@H](NC1=C(Nc2cccc(C(=O)N(C)C)c2O)C(=O)C1=O)c3cccs3,CHEMBL385715,IC50,8.22
1592648,Oc1c(Br)c(ccc1NC(=O)Nc2ccccc2Br)C#N,CHEMBL28009,IC50,8.22
1592659,CCC(NC1=C(Nc2cccc(C(=O)N(C)C)c2O)C(=O)C1=O)c3ccsc3,CHEMBL252898,IC50,8.24
1592670,CCC(NC1=C(Nc2cccc(C(=O)N(C)C)c2O)C(=O)C1=O)c3oc(C)cc3,CHEMBL404249,IC50,8.24
1592681,C[C@@H](NC1=C(Nc2cccc(C(=O)N(C)C)c2O)C(=O)C1=O)c3oc(C)cc3,CHEMBL216602,IC50,8.27
1592692,CC[C@@H](NC1=C(Nc2cccc(C(=O)N(C)C)c2O)C(=O)C1=O)c3ccc(C)s3,CHEMBL415446,IC50,8.28
1592703,CC[C@@H](NC1=C(Nc2cccc(C(=O)N(C)C)c2O)C(=O)C1=O)c3ccc(OC)c(F)c3,CHEMBL254173,Ki,8.28
1592714,Oc1c(NC(=O)Nc2cccc(F)c2Cl)ccc(Cl)c1S(=O)(=O)N3CCNCC3,CHEMBL2178579,IC50,8.29
1592724,CCC(CC)\N=C/1\C(\C(=C1O)O)=N\c2cccc(C(=O)N(C)C)c2O,CHEMBL214047,IC50,8.3
1592735,CCC(F)(F)[C@@H](NC1=C(Nc2cccc(C(=O)N(C)C)c2O)C(=O)C1=O)c3oc(C)cc3,CHEMBL523437,Ki,8.3
1592746,CCC(NC1=C(Nc2cccc(C(=O)N(C)C)c2O)C(=O)C1=O)c3occ(Br)c3,CHEMBL253498,IC50,8.3
1592757,CCC(NC1=C(Nc2cccc(C(=O)N(C)C)c2O)C(=O)C1=O)c3occc3,CHEMBL252851,IC50,8.3
1592768,CC[C@@H](NC1=C(Nc2cc(cc(C(=O)N(C)C)c2O)C#N)C(=O)C1=O)c3cccs3,CHEMBL563875,Ki,8.3
1592779,CC[C@@H](NC1=C(Nc2cccc(C(=O)N(C)C)c2O)C(=O)C1=O)c3cc(C)cs3,CHEMBL393900,Ki,8.3
1592790,CC[C@@H](NC1=C(Nc2cccc(C(=O)N(C)C)c2O)C(=O)C1=O)c3ccc4OCOc4c3,CHEMBL220182,IC50,8.3
1592802,CC[C@@H](NC1=C(Nc2cccc(C(=O)N(C)C)c2O)C(=O)C1=O)c3oc(C)cc3,CHEMBL216981,Ki,8.3
1592813,CC[C@@H](NC1=C(Nc2cccc(C(=O)N3CCCC3C(=O)O)c2O)C(=O)C1=O)c4ccccc4,CHEMBL556862,Ki,8.3
1592824,CC[C@@H](NC1=N[S+]([O-])N=C1Nc2cccc(C(=O)N(C)C)c2O)c3ccccc3,CHEMBL253304,Ki,8.3
1592835,CN(C)C(=O)c1cccc(NC2=C(N[C@@H](c3ccc4OCOc4c3)C(F)(F)F)C(=O)C2=O)c1O,CHEMBL518857,Ki,8.3
1592846,CN(C)C(=O)c1cccc(NC2=C(N[C@@H](c3oc(C)cc3)C(F)(F)F)C(=O)C2=O)c1O,CHEMBL515262,Ki,8.3
1592857,CN(C)C(=O)c1cccc(NC2=C(N[C@@H](c3oc(Cl)c(Cl)c3)C(F)(F)F)C(=O)C2=O)c1O,CHEMBL523807,Ki,8.3
1592868,CN(C)C(=O)c1cccc(NC2=C(N[C@@H](c3occ(Cl)c3)C(F)(F)F)C(=O)C2=O)c1O,CHEMBL491135,Ki,8.3
1592879,CN(C)C(=O)c1cccc(NC2=C(N[C@H](CC(F)(F)F)c3occc3)C(=O)C2=O)c1O,CHEMBL473145,Ki,8.3
1592890,CN(C)C(=O)c1cccc(NC2=N[S+]([O-])N=C2N[C@@H](c3oc(C)cc3)C(C)(C)C)c1O,CHEMBL403206,Ki,8.3
1592901,CN(C)S(=O)(=O)c1c(Cl)ccc(N\C(=N\C#N)\Nc2ccccc2Br)c1O,CHEMBL218387,IC50,8.3
1592912,C[C@H](CO)Nc1cc(NS(=O)(=O)N(C)C)nc(SCc2cccc(Cl)c2F)n1,CHEMBL3403848,IC50,8.3
1592923,C[C@H](CO)Nc1cc(NS(=O)(=O)N2CCOCC2)nc(SCc3cccc(Cl)c3F)n1,CHEMBL3403855,IC50,8.3
1592934,C[C@H](CO)Nc1nc(SCc2cccc(F)c2F)nc3nc(NS(=O)(=O)C)sc13,CHEMBL429682,IC50,8.3
1592945,C[C@H](CO)Nc1nc(SCc2ccccc2)nc3NC(=O)Sc13,CHEMBL402986,IC50,8.3
1592956,C[C@H](CO)Nc1nc(SCc2occc2)nc3NC(=O)Sc13,CHEMBL272705,IC50,8.3
1592967,CCC(NC1=C(Nc2cccc(C(=O)N(C)C)c2O)C(=O)C1=O)c3oc(Cl)cc3,CHEMBL253051,IC50,8.32
1592978,CCC(NC1=C(Nc2cccc(C(=O)N(C)C)c2O)C(=O)C1=O)c3oc(Br)cc3,CHEMBL253050,IC50,8.33
1592989,CN(C)C(=O)c1cccc(NC2=NS(=O)(=O)N=C2N[C@@H](c3ccc4OCOc4c3)C(C)(C)C)c1O,CHEMBL253495,Ki,8.33
1593000,CC[C@@H](NC1=C(Nc2cccc(C(=O)N(C)C)c2O)C(=O)C1=O)c3oc(Cl)cc3,CHEMBL404490,IC50,8.34
1593011,CCC(NC1=C(Nc2cccc(C(=O)N(C)C)c2O)C(=O)C1=O)c3occ(Cl)c3,CHEMBL253497,IC50,8.35
1593022,CC[C@@H](NC1=C(Nc2c(C)ccc(C(=O)N(C)C)c2O)C(=O)C1=O)c3ccccc3,CHEMBL562781,Ki,8.35
1593033,CC[C@@H](NC1=C(Nc2cccc(C(=O)N(C)C)c2O)C(=O)C1=O)c3ccccn3,CHEMBL269707,IC50,8.35
1593044,CN(C)C(=O)c1cccc(NC2=C(N[C@H](C3CC3)c4cc(F)cc(F)c4)C(=O)C2=O)c1O,CHEMBL254776,Ki,8.35
1593055,CC(C)[C@@H](NC1=C(Nc2cccc(C(=O)N(C)C)c2O)C(=O)C1=O)c3cc(C)cc(c3)C(F)(F)F,CHEMBL254982,Ki,8.36
1593066,CC(C)C[C@H](CO)Nc1nc(SCc2cccc(F)c2F)nc3NC(=O)Sc13,CHEMBL2349306,Ki,8.39
1593077,CCC(NC1=C(Nc2cccc(C(=O)N(C)C)c2O)C(=O)C1=O)c3oc(CC)cc3,CHEMBL252852,IC50,8.39
1593088,CC(C)[C@@H](NC1=C(Nc2cccc(C(=O)N(C)C)c2O)C(=O)C1=O)c3occ(c3)C(C)C,CHEMBL247149,Ki,8.4
1593099,CC(C)c1coc(c1)[C@H](NC2=C(Nc3cccc(C(=O)N(C)C)c3O)C(=O)C2=O)C(C)(C)C,CHEMBL247356,Ki,8.4
1593110,CC[C@@H](NC1=C(Nc2ccc(Br)c(C(=O)N(C)C)c2O)C(=O)C1=O)c3ccccc3,CHEMBL557466,Ki,8.4
1593121,CC[C@@H](NC1=C(Nc2cccc(C(=O)N(C)C)c2O)C(=O)C1=O)c3occ(C)c3,CHEMBL245501,Ki,8.4
1593132,CC[C@@H](NC1=C(Nc2cccc(C(=O)N(C)C)c2O)C(=O)C1=O)c3occ(c3)C(C)(C)C,CHEMBL394899,Ki,8.4
1593143,CC[C@@H](NC1=C(Nc2cccc(C(=O)N(C)C)c2O)C(=O)C1=O)c3occ(c3)C4CCCCC4,CHEMBL246733,Ki,8.4
1593154,CN(C)C(=O)c1cccc(NC2=C(N[C@@H](c3oc(C)cc3)C(F)(F)C(F)(F)F)C(=O)C2=O)c1O,CHEMBL523645,Ki,8.4
1593165,CN(C)C(=O)c1cccc(NC2=N[S+]([O-])N=C2N[C@@H](c3ccccc3)C(C)(C)C)c1O,CHEMBL253305,Ki,8.4
1593176,CN(C)S(=O)(=O)c1c(F)ccc(N\C(=N\C#N)\Nc2ccccc2Br)c1O,CHEMBL375393,IC50,8.4
1593187,C[C@@H]1CN(C[C@H](C)O1)S(=O)(=O)c2c(Cl)ccc(NC(=O)Nc3cccc(F)c3Cl)c2O,CHEMBL3819013,IC50,8.4
1593198,C[C@H](CO)Nc1cc(NS(=O)(=O)N2CCC2)nc(SCc3cccc(F)c3F)n1,CHEMBL3403850,IC50,8.4
1593209,C[C@H](CO)Nc1cc(NS(=O)(=O)N2CCOCC2)nc(SCc3cccc(F)c3F)n1,CHEMBL3403854,IC50,8.4
1593220,C[C@H](CO)Nc1nc(SCc2cccc(Cl)c2F)nc3nc(N)sc13,CHEMBL429791,IC50,8.4
1593232,C[C@H](CO)Nc1nc(SCc2cccc(F)c2F)nc3nc(N)sc13,CHEMBL397237,IC50,8.4
1593243,C[C@H](F)[C@@H](NC1=C(Nc2cccc(C(=O)N(C)C)c2O)C(=O)C1=O)c3occ(C)c3,CHEMBL516184,Ki,8.4
1593254,OB(O)c1ccc(CN(Cc2ccccc2)c3ncc(cn3)C(=O)Nc4ccc(F)cc4)nc1,CHEMBL3609018,IC50,8.4
1593265,CC[C@@H](NC1=C(Nc2cccc(C(=O)N(C)C)c2O)C(=O)C1=O)c3occ(Cl)c3,CHEMBL253714,IC50,8.42
1593276,CC[C@@H](NC1=C(Nc2cccc(C(=O)N(C)C)c2O)C(=O)C1=O)c3occc3,CHEMBL218115,IC50,8.42
1593287,CN(C)C(=O)c1cccc(NC2=C(N[C@@H](c3oc(C)cc3)C(C)(C)C)C(=O)C2=O)c1O,CHEMBL376414,IC50,8.42
1593298,CN(C)C(=O)c1cccc(NC2=C(N[C@H](C3CC3)c4oc(C)cc4)C(=O)C2=O)c1O,CHEMBL216603,IC50,8.44
1593309,CCC(NC1=C(Nc2cccc(C(=O)N(C)C)c2O)C(=O)C1=O)c3oc4ccccc4c3,CHEMBL251811,IC50,8.46
1593320,CC[C@@H](NC1=C(Nc2cccc(C(=O)N(C)C)c2O)C(=O)C1=O)c3occ(Br)c3,CHEMBL401939,IC50,8.46
1593331,CC[C@@H](NC1=C(Nc2cccc(C(=O)N(C)C)c2O)C(=O)C1=O)c3ccsc3,CHEMBL401940,IC50,8.47
1593342,CC(C)c1coc(c1)[C@H](NC2=C(Nc3cccc(C(=O)N(C)C)c3O)C(=O)C2=O)C4CC4,CHEMBL247150,Ki,8.52
1593353,CC[C@@H](NC1=C(Nc2cc(cc(C(=O)N(C)C)c2O)C#N)C(=O)C1=O)c3ccccc3,CHEMBL560089,Ki,8.52
1593364,CC[C@@H](NC1=C(Nc2cccc(C(=O)N(C)C)c2O)C(=O)C1=O)c3occ(c3)C4CCCC4,CHEMBL246731,Ki,8.52
1593375,CC[C@@H](NC1=N[S+]([O-])N=C1Nc2cccc(C(=O)N(C)C)c2O)c3oc(C)cc3,CHEMBL253306,Ki,8.52
1593386,CCC(NC1=C(Nc2cccc(C(=O)N(C)C)c2O)C(=O)C1=O)c3oc(CO)cc3,CHEMBL427888,IC50,8.55
1593397,CC[C@@H](NC1=C(Nc2cccc(C(=O)N(C)C)c2O)C(=O)C1=O)c3cc(C)cc(F)c3,CHEMBL254174,Ki,8.55
1593408,CC(C)[C@@H](NC1=N[S+]([O-])N=C1Nc2cccc(C(=O)N(C)C)c2O)c3oc(C)c(C)c3,CHEMBL254943,Ki,8.57
1593419,C[C@H](CO)Nc1cc(NS(=O)(=O)N2CCC2)nc(SCc3cccc(Cl)c3F)n1,CHEMBL3403851,IC50,8.6
1593430,CN(C)C(=O)c1cccc(NC2=N[S+]([O-])N=C2N[C@@H](c3occc3)C(C)(C)C)c1O,CHEMBL403547,Ki,8.64
1593441,CC(C)c1coc(c1)[C@@H](C)NC2=C(Nc3cccc(C(=O)N(C)C)c3O)C(=O)C2=O,CHEMBL246941,Ki,8.7
1593452,CC(C)c1coc(c1)[C@H](NC2=C(Nc3cccc(C(=O)N(C)C)c3O)C(=O)C2=O)C(C)(F)F,CHEMBL523769,Ki,8.7
1593463,CCCCc1coc(c1)[C@@H](CC)NC2=C(Nc3cccc(C(=O)N(C)C)c3O)C(=O)C2=O,CHEMBL246106,Ki,8.7
1593474,CN(C)C(=O)c1cc(Cl)cc(\N=C/2\C(\C(=C2O)O)=N\c3ccccc3)c1O,CHEMBL387431,IC50,8.7
1593485,CN(C)C(=O)c1cccc(NC2=C(N[C@@H](c3occc3)C(F)(F)F)C(=O)C2=O)c1O,CHEMBL473959,Ki,8.7
1593496,CN(C)C(=O)c1cccc(\N=C/2\C(\C(=C2O)O)=N\c3ccccc3)c1O,CHEMBL211468,IC50,8.7
1593507,CN1CCC2(CC1)CC(C2)S(=O)(=O)c3c(Cl)ccc(NC(=O)Nc4cccc(F)c4Cl)c3O,CHEMBL3819070,IC50,8.7
1593518,COC(=O)C1=Nc2c(N[C@H](C)CO)nc(SCc3cccc(F)c3F)nc2NC1=O,CHEMBL272105,IC50,8.7
1593529,C[C@H](CO)Nc1nc(SCc2ccccc2F)nc3NC(=O)Sc13,CHEMBL271012,IC50,8.7
1593540,NS(=O)(=O)c1c(Cl)ccc(NC(=O)Nc2cccc(Cl)c2Cl)c1O,CHEMBL3819292,IC50,8.7
1593551,Oc1c(NC(=O)Nc2cccc(Cl)c2Cl)ccc(Cl)c1S(=O)(=O)C3CCNCC3,CHEMBL3818269,IC50,8.7
1593562,CC(C)[C@@H](NC1=C(Nc2cccc(C(=O)N(C)C)c2O)C(=O)C1=O)c3cc(F)cc(F)c3,CHEMBL404918,Ki,8.72
1593573,CC[C@@H](NC1=C(Nc2cccc(C(=O)N(C)C)c2O)C(=O)C1=O)c3cc(C)cc(c3)C#N,CHEMBL254176,Ki,8.72
1593584,CC[C@@H](NC1=C(Nc2cccc(C(=O)N(C)C)c2O)C(=O)C1=O)c3cc(F)cc(F)c3,CHEMBL254775,Ki,8.77
1593595,CC[C@@H](NC1=C(Nc2cccc(C(=O)N(C)C)c2O)C(=O)C1=O)c3cc(F)cc(c3)C#N,CHEMBL404074,Ki,8.77
1593606,CC(C)N1CCN(CC1)S(=O)(=O)c2c(Cl)ccc(NC(=O)Nc3cccc(F)c3Cl)c2O,CHEMBL3819603,IC50,8.8
1593617,CN1CCC(CC1)S(=O)(=O)c2c(Cl)ccc(NC(=O)Nc3cccc(Cl)c3Cl)c2O,CHEMBL3819521,IC50,8.8
1593628,COc1ccc(cc1F)[C@H](NC2=C(Nc3cccc(C(=O)N(C)C)c3O)C(=O)C2=O)C(C)C,CHEMBL402965,Ki,8.82
1593639,CC[C@@H](NC1=C(Nc2cccc(C(=O)N(C)C)c2O)C(=O)C1=O)c3occ(c3)C(C)C,CHEMBL246108,IC50,8.89
1593650,CCN1CCC(CC1)S(=O)(=O)c2c(Cl)ccc(NC(=O)Nc3cccc(F)c3Cl)c2O,CHEMBL3818331,IC50,8.9
1593661,CN1CC[C@@H](C1)S(=O)(=O)c2c(Cl)ccc(NC(=O)Nc3cccc(Cl)c3Cl)c2O,CHEMBL3818179,IC50,8.9
1593672,CC(C)[C@@H](NC1=C(Nc2cccc(C(=O)N(C)C)c2O)C(=O)C1=O)c3cc(C)cc(F)c3,CHEMBL254175,Ki,9.0
1593683,CCN1CCN(CC1)S(=O)(=O)c2c(Cl)ccc(NC(=O)Nc3cccc(F)c3Cl)c2O,CHEMBL3819382,IC50,9.0
1593694,CC[C@@H](NC1=C(Nc2cccc(C(=O)N(C)C)c2O)C(=O)C1=O)c3occ(CC)c3,CHEMBL245699,Ki,9.0
1593705,C[C@H](CO)Nc1nc(SCc2cccc(Cl)c2F)nc3NC(=O)Sc13,CHEMBL403225,IC50,9.0
1593716,C[C@H](CO)Nc1nc(SCc2cccc(F)c2F)nc3NC(=O)C=Nc13,CHEMBL256668,IC50,9.0
1593727,C[C@H](CO)Nc1nc(SCc2cccc(F)c2F)nc3NC(=O)Sc13,CHEMBL446458,IC50,9.0
1593738,CCC(CC)c1coc(c1)[C@@H](CC)NC2=C(Nc3cccc(C(=O)N(C)C)c3O)C(=O)C2=O,CHEMBL246318,Ki,9.1
1593749,CN1CCN(CC1)S(=O)(=O)c2c(Cl)ccc(NC(=O)Nc3cccc(Cl)c3Cl)c2O,CHEMBL3819542,IC50,9.1
1593760,CN1CCN(CC1)S(=O)(=O)c2c(O)c(NC(=O)Nc3cccc(F)c3Cl)ccc2Cl,CHEMBL3818917,IC50,9.1
1593771,CC(C)S(=O)(=O)c1c(Cl)ccc(NC(=O)Nc2cccc(Cl)c2Cl)c1O,CHEMBL3818216,IC50,9.2
1593782,Oc1c(NC(=O)Nc2cccc(Cl)c2Cl)ccc(Cl)c1S(=O)(=O)N3CCNCC3,CHEMBL3818458,IC50,9.2
1593793,CCC(C)c1coc(c1)[C@@H](CC)NC2=C(Nc3cccc(C(=O)N(C)C)c3O)C(=O)C2=O,CHEMBL396573,Ki,9.22
1593804,CCS(=O)(=O)c1c(Cl)ccc(NC(=O)Nc2cccc(Cl)c2Cl)c1O,CHEMBL3819295,IC50,9.3
1593815,CN1CC2(CC(C2)S(=O)(=O)c3c(Cl)ccc(NC(=O)Nc4cccc(F)c4Cl)c3O)C1,CHEMBL3819163,IC50,9.4
