id,smiles,name,assay_type,activity_value
704361,CCCN1C[C@H](CSC)C[C@H]2[C@H]1Cc3c[nH]c4cccc2c34,pergolide,Ki,6.46999979
1411217,OCCN1CCN(CC\C=C/2\c3ccccc3Sc4ccc(cc24)C(F)(F)F)CC1,flupentixol,Ki,7.77499962
1892,[H][C@@]12CC3=CNC4=CC=CC(=C34)C1=C[C@H](CN2C)C(=O)N[C@@H](CC)CO,methylergometrine,Ki,6.26841124
7730607,OC1=CC=C(C=C1)C1CNCCC2=C(Cl)C(O)=C(O)C=C12,fenoldopam,Kd,7.55
1921570,OCCN1CCN(CC\C=C2\C3=CC=CC=C3SC3=CC=C(Cl)C=C23)CC1,zuclopenthixol,N/A,N/A
884135,N[C@@H](Cc1ccc(O)c(O)c1)C(=O)O,levodopa,N/A,N/A
7730770,CN1CCN(CC1)C2=Nc3ccccc3N(NC(=O)c4cccc(c4)C#N)c5ccc(Cl)cc25,CHEMBL213238,Ki,7.0
705020,CN1CCN(CC1)C2=Nc3ccccc3Nc4sc(C)cc24,olanzapine,Ki,7.0
884578,NCCc1ccc(O)c(O)c1,dopamine,EC50,7.0
1944622,[O-][N+](=O)c1ccc(Nc2ccc(CCN3CN(c4ccccc4)C5(CCN(CCCC(=O)c6ccc(F)cc6)CC5)C3=O)cc2)c7nonc17,CHEMBL92649,Ki,7.0
7730786,CN1CCN(CC1)C2=Nc3cc(Cl)ccc3N(NC(=O)C(C)(C)C)c4ccccc24,CHEMBL379757,Ki,7.01
7730797,CN1CCN(CC1)C2=Nc3cc(Cl)ccc3N(NC(=O)c4cc(F)c(F)c(F)c4F)c5ccc(Cl)cc25,CHEMBL213466,Ki,7.01
7730808,COc1cc2C[C@@H]3N(CCc4cc(OC)c(O)c(OC)c34)Cc2c(OC)c1,CHEMBL2057454,IC50,7.01
704189,CSc1ccc2Sc3ccccc3N(CCC4CCCCN4C)c2c1,thioridazine,Ki,7.01
7730819,Cc1cc(Oc2nccc3[nH]ccc23)ccc1c4cncc5nccn45,CHEMBL3671283,Ki,7.01
7033885,Oc1cc2OCC3NCc4ccccc4C3c2cc1O,CHEMBL217299,Ki,7.01
7730830,CC1=NNC(=O)C(=C1c2ccc(Oc3ncccc3OC(F)(F)F)cc2C)C,CHEMBL3697584,Ki,7.02
704214,CN(C)CCCN1c2ccccc2Sc3ccc(Cl)cc13,chlorpromazine,Ki,7.02
7730841,Cc1cc(Oc2nccc3n[nH]cc23)ccc1c4c(C)nc[n+]([O-])c4C,CHEMBL3671281,Ki,7.03
7730851,Cl.CCCN1CCc2cc(cc3c2[C@H]1Cc4ccc(O)c(O)c34)c5ccc(O)cc5,CHEMBL560721,Ki,7.03
7730861,CN1C(=O)NC(=O)C(=C1c2ccc(Oc3ncc(Cl)cc3C)cc2C)C,CHEMBL3697557,Ki,7.04
7730871,CCCN1C[C@H](Cn2cccn2)O[C@@H]3Cc4c(O)cccc4C[C@@H]13,CHEMBL3099230,EC50,7.05
704506,CN(C)CCC=C1c2ccccc2CCc3ccccc13,amitriptyline,Ki,7.05
7730883,CN1C(=O)NC(=O)C(=C1c2ccc(Oc3ncc(Cl)cc3Cl)cc2C)C,CHEMBL3697561,Ki,7.05
707251,CN1CCN(CC1)C2=Nc3cc(Cl)ccc3Nc4ccccc24,clozapine,Ki,7.05
7730894,Cc1cc(Oc2nccc3[nH]ccc23)ccc1c4c(C)cnnc4C,CHEMBL3671280,Ki,7.05
7730904,CC1=NCCc2cc(Cl)c(O)cc2N1c3ccsc3,CHEMBL578122,Ki,7.06
7730914,CC1=NNC(=O)C(=C1c2ccc(Oc3ncccc3OC(F)F)cc2C)C,CHEMBL3697590,Ki,7.06
7730923,CN1C(=O)C=NC(=C1c2ccc(Oc3ncccc3OC(F)F)cc2C)C,CHEMBL3697606,Ki,7.06
7730932,CN1C(=O)NC(=O)C(=C1c2ccc(Oc3ncccc3Cl)cc2)C,CHEMBL3697577,Ki,7.06
7730942,CN1CCN(CC1)C2=Nc3cc(Cl)ccc3N(NC(=O)c4ccccc4n5ccnc5)c6ccccc26,CHEMBL212844,Ki,7.06
1924227,CN1CCc2cc(cc3c2[C@H]1Cc4ccc(O)c(O)c34)c5ccccc5,CHEMBL465054,Ki,7.06
7730955,CN1C[C@@H](c2ccccc2)c3cc(O)c(Cl)cc3C1,CHEMBL302393,Ki,7.06
1924258,COc1cc2CCN3Cc4ccsc4C[C@H]3c2cc1O,CHEMBL3344356,Ki,7.06
703406,[H][C@@]12CC3=CNC4=CC=CC(=C34)C1=C[C@@H](CN2C)NC(=O)N(CC)CC,lisuride,Ki,7.07
7730969,CN1CCN(CC1)C2=Nc3cc(Cl)ccc3N(NC(=O)C(F)(F)F)c4ccccc24,CHEMBL212486,Ki,7.07
7730980,CN1CCN(CC1)C2=Nc3cc(Cl)ccc3N(NC(=O)c4cccnc4)c5ccccc25,CHEMBL215997,Ki,7.07
7730991,CN1CCN(CC1)C2=Nc3cc(Cl)ccc3N(NC(=O)c4ccncc4)c5ccccc25,CHEMBL384248,Ki,7.07
7731002,COc1cccc(c1)C(=O)NN2c3ccccc3N=C(N4CCN(C)CC4)c5cc(Cl)ccc25,CHEMBL213239,Ki,7.07
7731012,CCC1=C(N(C)C(=O)NC1=O)c2ccc(Oc3ncccc3Cl)cc2,CHEMBL3697555,Ki,7.08
7731022,CCCN1CCC[C@@H]2Cc3c(O)cccc3C[C@@H]12.OC(=O)C(F)(F)F,CHEMBL3098131,EC50,7.08
762755,CN(C)CCOC1=Cc2ccccc2Sc3ccc(Cl)cc13,CHEMBL285802,Ki,7.08
762937,CN(C)C[C@H]1CC2[C@H](O1)c3cc(Cl)ccc3Oc4ccccc24,CHEMBL435301,Ki,7.08
7731036,CN1C(=O)NC(=O)C(=C1c2ccc(Oc3ncccc3O)cc2C)C,CHEMBL3697573,Ki,7.08
7033548,CN1CCCc2ccccc2Cc3ccc(O)cc3CCC1,CHEMBL389559,Ki,7.08
7731048,CN1CCN(CC1)C2=Nc3ccccc3N(NC(=O)c4ccc5OCOc5c4)c6ccc(Cl)cc26,CHEMBL213472,Ki,7.08
7731059,CC(C)CN1CCN(CC1)C2=Nc3cc(Cl)ccc3N(NC(=O)c4ccccc4Cl)c5ccccc25,CHEMBL212950,Ki,7.09
7731069,CCC1=C(N(C)C(=O)NC1=O)c2ccc(Oc3ncccc3C(F)F)cc2C,CHEMBL3697580,Ki,7.09
7731078,CN1C(=O)NC(=O)C(=C1c2ccc(Oc3ncc(C)cc3Cl)cc2C)C,CHEMBL3697618,Ki,7.09
1927645,COc1ccc2CCN(C)CCc3ccccc3Cc2c1,CHEMBL381946,Ki,7.09
1397848,OC1(CCN(CCCC(=O)c2ccc(F)cc2)CC1)c3ccc(Cl)cc3,haloperidol,Ki,7.09
707472,CN1CCC(=C2c3ccccc3C=Cc4ccccc24)CC1,cyproheptadine,Ki,7.1
7731093,CN1CCN(CC1)C2=Nc3cc(Cl)ccc3N(NC(=O)CCc4ccccc4)c5ccccc25,CHEMBL215611,Ki,7.1
704728,CN1CCN(CCCN2c3ccccc3Sc4ccc(Cl)cc24)CC1,prochlorperazine,Ki,7.11
7731105,COc1cc2CCN(C)[C@@H]3Cc4cccc(N)c4c(c1)c23,CHEMBL506721,Ki,7.11
1936290,COc1cc2CCN3Cc4cc(CCCCl)sc4C[C@H]3c2cc1O,CHEMBL3344468,Ki,7.11
708514,CN1C[C@H](CNC(=O)OCc2ccccc2)C[C@H]3[C@H]1Cc4cn(C)c5cccc3c45,CHEMBL19215,IC50,7.13
7731119,COc1cc2C[C@@H]3N(CCc4cc5OCOc5cc34)Cc2c(OC)c1,CHEMBL2057443,Ki,7.13
7731130,Cl.CCCN1C[C@H](Cn2cc(Cl)cn2)O[C@@H]3Cc4c(O)cccc4C[C@@H]13,CHEMBL3099236,EC50,7.13
885540,CN1CCc2cccc3c2[C@H]1Cc4ccc(O)c(O)c34,apomorphine,Ki,7.14
7731142,Cc1ncnc(C)c1c2ccc(Oc3nccc4n[nH]cc34)cc2F,CHEMBL3671298,Ki,7.14
7731152,Oc1cc2CCNC[C@H](c3ccccc3)c2cc1O,CHEMBL24077,Ki,7.14
1927296,CN1CCN(CC1)C2=Nc3cc(Cl)ccc3N(c4ccccc24)S(=O)(=O)c5ccccc5C,CHEMBL377452,Ki,7.15
1927285,CN1CCCc2ccccc2Cc3cc(O)ccc3CC1,CHEMBL394779,Ki,7.16
7731167,COc1ccc2CN3CCc4cc(OC)c(O)cc4[C@@H]3Cc2c1,CHEMBL2057453,IC50,7.16
7731177,Cc1ncnc(C#N)c1c2ccc(Oc3nccc4n[nH]cc34)cc2F,CHEMBL3671301,Ki,7.16
7731186,CC1=NNC(=O)C=C1c2ccc(Oc3nccc4[nH]ccc34)cc2C,CHEMBL3671295,Ki,7.17
1395348,CN(C)C1CCC2(C=C1)c3ccccc3CCc4ccc(Cl)cc24,CHEMBL45491,Ki,7.17
7731198,CN1CCN(CC1)C2=Nc3cc(Cl)ccc3N(NC(=O)c4ccc(cc4)C#N)c5ccccc25,CHEMBL212334,Ki,7.17
7731209,CN1CCN(CC1)C2=Nc3cc(Cl)ccc3N(NC(=O)c4ccc(cc4)C(F)(F)F)c5ccccc25,CHEMBL378886,Ki,7.17
1935310,CN1CCN(CC1)C2=Nc3ccccc3Nc4sc(CO)cc24,CHEMBL100454,Ki,7.18
1938655,COc1cc2CCN3Cc4cc(CC5CC5)sc4C[C@H]3c2cc1O,CHEMBL3344466,Ki,7.18
7731223,COc1ccc2C[C@@H]3N(CCc4cc5OCOc5cc34)Cc2c1OC,CHEMBL490533,Ki,7.18
7731234,CCOc1ccc2ccccc2c1C(=O)NN3c4ccc(Cl)cc4N=C(N5CCN(C)CC5)c6ccccc36,CHEMBL378512,Ki,7.19
7731245,CN1CCN(CC1)C2=Nc3cc(Cl)ccc3N(c4ccccc24)S(=O)(=O)c5ccc(C)cc5,CHEMBL209805,Ki,7.19
7731256,CN1CCN(CC1)C2=Nc3ccccc3N(NC(=O)c4ccc(cc4)C#N)c5ccc(Cl)cc25,CHEMBL213201,Ki,7.19
7731267,COc1cc(OC)c2CN3CCc4cc(OC)c(OC)cc4[C@@H]3Cc2c1CO,CHEMBL2057442,Ki,7.19
7731278,Oc1cc2CC[C@H]3NCc4ncccc4[C@@H]3c2cc1O,CHEMBL281932,Ki,7.19
885518,CCCN1CCC[C@@H]2Cc3n[nH]cc3C[C@@H]12,CHEMBL240773,Ki,7.2
763521,CN(C)C[C@H]1C[C@H]2[C@H](O1)c3ccccc3Cc4ccccc24,CHEMBL329566,Ki,7.2
7731292,CN1C(=O)NC(=O)C(=C1c2ccc(Oc3ncccc3OC(F)(F)F)cc2C)C,CHEMBL3697585,Ki,7.2
7731302,Oc1ccc2Cc3ccccc3CCNCCc2c1,CHEMBL459871,Ki,7.2
1936367,CCCCc1cc2CN3CCc4cc(OC)c(O)cc4[C@@H]3Cc2s1,CHEMBL3344458,Ki,7.21
1931605,CCCc1cc2CN3CCc4cc(OC)c(O)cc4[C@@H]3Cc2s1,CHEMBL3344457,Ki,7.21
7731317,CN1CCN(CC1)C2=Nc3cc(Cl)ccc3N(NC(=O)c4cccc(c4)C#N)c5ccccc25,CHEMBL212905,Ki,7.21
7731328,CN1CCN(CC1)C2=Nc3cc(Cl)ccc3N(NC(=O)c4ccccc4NC5CCCCC5)c6ccccc26,CHEMBL212186,Ki,7.21
1928162,CN1CCc2cccc3c2[C@H]1Cc4cccc(O)c34,CHEMBL119455,Ki,7.22
1930527,CN1CCc2ccccc2Cc3[nH]c4ccccc4c3CC1,CHEMBL441618,Ki,7.22
7731343,CN1CCc2ccccc2Cc3ccn(C)c3CC1,CHEMBL201483,Ki,7.22
1930552,CN1CCc2ccccc2Cc3sccc3CC1,CHEMBL3752512,Ki,7.22
4580084,COc1ccc2C[C@@H]3N(CCc4cc5OCOc5cc34)Cc2c1O,CHEMBL2314732,Ki,7.22
7731357,COc1ccccc1CNN2c3ccc(Cl)cc3N=C(N4CCN(C)CC4)c5ccccc25,CHEMBL211910,Ki,7.22
7731367,CC1=NNC(=O)C(=C1c2ccc(Oc3ncccc3C(F)F)cc2C)C,CHEMBL3697622,Ki,7.23
7731376,CC1=C(N(C2CC2)C(=O)NC1=O)c3ccc(Oc4ncccc4C(F)F)cc3C,CHEMBL3697612,Ki,7.24
7731385,CCN1C(=O)NC(=O)C(=C1c2ccc(Oc3ncccc3Cl)cc2C)C,CHEMBL3697615,Ki,7.24
7731395,Br.Oc1cc2C(CNCCc2c(c1O)c3ccc4ccccc4c3)c5ccccc5,CHEMBL485207,Ki,7.25
7731406,CN1CCN(CC1)C2=Nc3cc(Cl)ccc3N(NC(=O)c4ccc5OCOc5c4)c6ccccc26,CHEMBL213668,Ki,7.25
7731417,COc1cc2CCN3Cc4c(C)cc(C)cc4C[C@H]3c2cc1O,CHEMBL2057457,IC50,7.25
7731428,COc1ccc(CCC(=O)NN2c3ccc(Cl)cc3N=C(N4CCN(C)CC4)c5ccccc25)cc1Cl,CHEMBL215950,Ki,7.25
7731438,CCN1C(=O)NC(=O)C(=C1c2ccc(Oc3ncccc3C(F)F)cc2C)C,CHEMBL3697620,Ki,7.26
7731447,CN1C(=O)NC(=O)C(=C1c2ccc(Oc3ncccc3C(F)F)cc2C)C,CHEMBL3697621,Ki,7.26
7731456,Cc1ncnc(C)c1c2cc(F)c(Oc3nccc4[nH]ccc34)cc2F,CHEMBL3671290,Ki,7.26
7731466,CCN1CCN(CC1)C2=Nc3cc(Cl)ccc3N(NC(=O)c4ccccc4Cl)c5ccccc25,CHEMBL215842,Ki,7.27
7731476,Cc1ncnc(C)c1c2ccc(Oc3nccc4[nH]ccc34)c(F)c2F,CHEMBL3639701,Ki,7.27
7731485,CCc1cccnc1Oc2ccc(C3=C(C)C(=O)NC(=O)N3C)c(C)c2,CHEMBL3697553,Ki,7.28
4052903,CN1CCN2[C@H]3CC[NH+](CCCC(=O)c4ccc(F)cc4)C[C@H]3c5cccc1c25.Cc6ccc(cc6)S(=O)(=O)[O-],CHEMBL3233142,Ki,7.28
7731700,Cc1ncnc(C)c1c2ccc(Oc3nccc4n[nH]cc34)cc2Cl,CHEMBL3671303,Ki,7.28
7731711,Fc1ccc(SCCCN2CCN(CC2)c3ccc(Cl)cc3)cc1,CHEMBL1940409,Ki,7.28
7731722,CN1CCN(CC1)C2=Nc3cc(Cl)ccc3N(NC(=O)c4ccc(cc4)C#N)c5ccc(Cl)cc25,CHEMBL378648,Ki,7.29
7731733,CN1CCN(CC1)C2=Nc3cc(Cl)ccc3N(NC(=O)c4ccccc4Oc5ccccc5)c6ccccc26,CHEMBL214407,Ki,7.29
7731744,CN1CCc2cc(O)c(Cl)cc2CC1,CHEMBL340006,Ki,7.3
4579879,COc1cc2CCN3Cc4c(C[C@H]3c2cc1OC)ccc(O)c4OC,CHEMBL448891,Ki,7.3
7731757,CCCc1cc2[C@H]3[C@@H](CCc4cc(O)c(O)cc34)NCc2s1,CHEMBL28338,Ki,7.31
7731768,CN1CCN(CC1)C2=Nc3cc(Cl)ccc3N(NC(=O)c4ccc(F)cc4C(F)(F)F)c5ccccc25,CHEMBL437917,Ki,7.31
7731779,COc1ccc2[C@H]3[C@@H](CCc4cc(O)c(O)cc34)NCc2n1,CHEMBL285924,Ki,7.31
7731790,CN1CCN(CC1)C2=Nc3ccccc3N(NC(=O)c4ccccc4C)c5ccc(Cl)cc25,CHEMBL385295,Ki,7.32
7731801,Cl.Oc1ccc2CCN(CC=C)CC(c3ccccc3)c2c1,CHEMBL534678,Ki,7.32
7731812,CN1CCN(CC1)C2=Nc3cc(Cl)ccc3N(NC(=O)c4cccc(F)c4)c5ccccc25,CHEMBL213083,Ki,7.33
7731823,CN1CCN(CC1)C2=Nc3cc(Cl)ccc3N(NC(=O)c4cccc(c4)C#N)c5ccc(Cl)cc25,CHEMBL212402,Ki,7.33
7731834,COc1ccc(cc1)C(=O)NN2c3ccc(Cl)cc3N=C(N4CCN(C)CC4)c5ccccc25,CHEMBL215885,Ki,7.33
7731845,Oc1ccc2[C@@H]3CNCC[C@H]3[C@@H](Cc2c1O)c4ccccc4,CHEMBL1224527,Ki,7.33
7731855,CN1C(=O)NC(=O)C(=C1c2ccc(Oc3nccc(C)c3[N+]#[C-])cc2C)C,CHEMBL3697556,Ki,7.34
7731865,COc1cc2CCN(C)[C@@H]3Cc4cccc(O)c4c(c1)c23,CHEMBL270426,Ki,7.34
1936895,COc1cc2CCN3Cc4cc(CC(C)Cl)sc4C[C@H]3c2cc1O,CHEMBL3344469,Ki,7.34
7731878,COc1cc2C[C@@H]3N(CCc4cc(OC)c(OC)c(OC)c34)Cc2c(OC)c1,CHEMBL2057446,IC50,7.34
7731889,Cc1cc2CCN3CC[C@](O)(C[C@@H]3c2cc1O)c4ccc(Cl)cc4,CHEMBL2331599,Ki,7.34
1938244,CCCN1CCc2cccc3c2[C@H]1Cc4cccc(O)c34,CHEMBL27559,Ki,7.35
7731902,CCCc1ccc2[C@H]3[C@@H](CCc4cc(O)c(O)cc34)NCc2n1,CHEMBL26965,Ki,7.35
7731912,Cc1ncnc(C)c1c2ccc(Oc3nccc4[nH]ccc34)cc2,CHEMBL3671288,Ki,7.35
7731921,CN1C(=O)C=NC(=C1c2ccc(Oc3nccc(C)c3Cl)cc2C)C,CHEMBL3697604,Ki,7.36
7731931,COc1cccc(c1)C(=O)NN2c3ccc(Cl)cc3N=C(N4CCN(C)CC4)c5cc(Cl)ccc25,CHEMBL384069,Ki,7.36
1929779,CNc1ncc2C(=O)CC(CN3CCC(CC3)c4noc5cc(F)ccc45)Cc2n1,CHEMBL576756,Ki,7.37
7731943,CN1C(=O)C=NC(=C1c2ccc(Oc3nccc4n[nH]cc34)cc2C)C,CHEMBL3671305,Ki,7.38
7731953,CN1CCN(CC1)C2=Nc3cc(Cl)ccc3N(NC(=O)C4CCCCC4)c5ccccc25,CHEMBL213388,Ki,7.38
7731963,CC1=NNC(=O)C(=C1c2ccc(Oc3nccc4n[nH]cc34)cc2)C,CHEMBL3671306,Ki,7.39
7731972,CN1C(=O)NC(=O)C(=C1c2ccc(Oc3ncc(F)cc3Cl)cc2C)C,CHEMBL3697614,Ki,7.39
1403018,CCCCCCOc1ccc2CC3N(CCc4cc(OC)c(O)cc34)Cc2c1OC,CHEMBL3781035,Ki,7.4
1943756,CN1CCc2ccccc2Cc3sc4ccccc4c3CC1,CHEMBL3753266,Ki,7.4
1930224,Cl.CN1CCc2ccc(Cc3ccc(O)cc3)c4c2[C@H]1Cc5ccc(O)c(O)c45,CHEMBL2397383,Ki,7.4
7731990,Br.Cc1cccc(c1)c2c(O)c(O)cc3C(CNCCc23)c4ccccc4,CHEMBL484356,Ki,7.41
1925340,CN1CCN(CC1)C2=Nc3cc(Cl)ccc3N(NC(=O)c4sccc4c5ccccc5)c6ccccc26,CHEMBL384916,Ki,7.41
7732002,Cc1cc(Oc2nccc3[nH]ccc23)ccc1c4c(C)ncnc4C#N,CHEMBL3671285,Ki,7.41
7732012,Fc1ccc2c(noc2c1)C3CCN(CC4CC(=O)c5cn[nH]c5C4)CC3,CHEMBL246484,Ki,7.41
7732021,CN1C(=O)NC(=O)C(=C1c2ccc(Oc3ncc(Cl)c(C)c3Cl)cc2C)C,CHEMBL3697558,Ki,7.42
7732030,CN1C(=O)NC(=O)C(=C1c2ccc(Oc3ncccc3C4CC4)cc2)C,CHEMBL3697600,Ki,7.42
7732040,CN1CCc2cc(Cl)c(O)cc2[C@@H]3[C@@H]1CCc4c3cccc4C(=O)O,CHEMBL598915,Ki,7.42
7732050,CC(C)(C)[C@]1(O)CCN2C[C@@H]3c4ccccc4CCc5cccc([C@H]2C1)c35,CHEMBL479587,Ki,7.43
7732060,CN1C(=O)NC(=O)C(=C1c2ccc(Oc3nccc(C)c3F)cc2C)C,CHEMBL3697560,Ki,7.44
7732070,Fc1ccc2c(c[nH]c2c1)C3CCN(CC4CC(=O)c5sc(nc5C4)N6CCCC6)CC3,CHEMBL3220219,Ki,7.44
7732079,CC1=C(C=NNC1=O)c2ccc(Oc3nccc4[nH]ccc34)cc2C,CHEMBL3671294,Ki,7.45
7732088,CN1C(=O)NC(=O)C(=C1c2ccc(Sc3ncccc3Cl)cc2C)C,CHEMBL3697623,Ki,7.45
7034074,COc1ccc2Cc3ccccc3CCN(C)CCOc2c1,CHEMBL184049,Ki,7.45
1928487,Oc1cc2CC[C@H]3NCc4ccccc4[C@@H]3c2cc1O,CHEMBL25856,Ki,7.45
7732101,CC1=NNC(=O)C(=C1c2ccc(Oc3ncccc3C(F)(F)F)cc2C)C,CHEMBL3697597,Ki,7.46
7732111,CN1CCN(CC1)C2=Nc3cc(Cl)ccc3N(NC(=O)c4ccc(Cl)cc4)c5ccccc25,CHEMBL214142,Ki,7.46
7732121,Cc1cnn(C)c1c2ccc(Oc3nccc4[nH]ccc34)cc2C,CHEMBL3671273,Ki,7.46
7033654,C(CN1CCCCC1)Oc2ccccc2Cc3ccccc3,CHEMBL364565,Ki,7.47
753510,Cc1oc2CC(CN3CCC(CC3)c4c[nH]c5cc(F)ccc45)CC(=O)c2n1,CHEMBL3220215,Ki,7.47
7732133,CCC1=C(N(C)C(=O)NC1=O)c2ccc(Oc3ncccc3Cl)cc2C,CHEMBL3697616,Ki,7.48
1932842,CSc1ncc2C(=O)CC(CN3CCC(CC3)c4noc5cc(F)ccc45)Cc2n1,CHEMBL566508,Ki,7.48
7732144,CN1C(=O)N=CC(=C1c2ccc(Oc3nccc(C)c3Cl)cc2C)C,CHEMBL3697609,Ki,7.49
7732154,CN1CCN(CC1)C2=Nc3cc(Cl)ccc3N(NC(=O)c4cc(F)c(F)c(F)c4F)c5ccccc25,CHEMBL212438,Ki,7.5
705324,NC(=O)C1CCN(CCCN2c3ccccc3Sc4ccc(Cl)cc24)CC1,CHEMBL1909072,IC50,7.5
7732165,CC(C)c1cccnc1Oc2ccc(C3=C(C)C(=O)NC(=O)N3C)c(C)c2,CHEMBL3697571,Ki,7.51
7732175,CCCCCCC(=O)Oc1cccc2C[C@H]3N(CCC)CCc4cccc(c34)c12,CHEMBL516580,Ki,7.51
7732186,COc1cc(cc(OC)c1OC)C(=O)NN2c3ccc(Cl)cc3N=C(N4CCN(C)CC4)c5ccccc25,CHEMBL379875,Ki,7.51
7732197,COc1cc2CCN3Cc4c(C[C@H]3c2cc1O)c(CO)c(OC)cc4OC,CHEMBL2057456,IC50,7.51
7732208,Cl.CCN1CCc2cc(cc3c2[C@H]1Cc4ccc(O)c(O)c34)c5ccccc5,CHEMBL564909,Ki,7.51
7732218,CC1=NNC(=O)C(=C1c2ccc(Oc3ncccc3Cl)cc2C)C,CHEMBL3697589,Ki,7.52
7732228,CN1CCN(CC1)C2=Nc3cc(Cl)ccc3N(NC(=O)c4cnn(c5ccccc5)c4C(F)(F)F)c6ccccc26,CHEMBL405751,Ki,7.52
7732238,Cc1ncnc(C)c1c2ccc(Oc3nccc4[nH]ccc34)cc2F,CHEMBL3671272,Ki,7.52
7732248,Oc1cc2[C@H](CNCCc2c(Cl)c1O)c3ccccc3,CHEMBL1160787,Ki,7.52
1934495,COc1ccc2Cc3ccccc3CCN(C)CCCc2c1,CHEMBL389357,Ki,7.53
7732260,Cc1ncc2nccn2c1c3ccc(Oc4nccc5[nH]ccc45)cc3F,CHEMBL3671286,Ki,7.53
7732270,CCc1ccc2CN[C@@H]3CCc4cc(O)c(O)cc4[C@H]3c2c1,CHEMBL104571,Ki,7.54
1921271,CCCN(CCC1=CC=CS1)[C@H]1CCC2=C(O)C=CC=C2C1,rotigotine,EC50,7.55
7732283,CCOc1c(sc2ccccc12)C(=O)NN3c4ccc(Cl)cc4N=C(N5CCN(C)CC5)c6ccccc36,CHEMBL378914,Ki,7.55
7732294,CN1CCN(CC1)C2=Nc3cc(Cl)ccc3N(NC(=O)c4cnc5ccccc5c4)c6ccccc26,CHEMBL213444,Ki,7.55
7732305,CN1CCc2cc(I)c(O)cc2[C@H](C1)c3ccc(cc3)N=[N+]=[N-],CHEMBL356597,Ki,7.55
1928736,CN1CCc2ccccc2Cc3c(CC1)[nH]c4ccccc34,CHEMBL1087301,Ki,7.55
1938110,COc1ccc2Cc3ccccc3CCN(C)CCc2c1,CHEMBL380330,Ki,7.55
7732319,Cc1ncnc(C#N)c1c2ccc(Oc3nccc4[nH]ccc34)cc2F,CHEMBL3671284,Ki,7.55
7732329,CN1CCc2cc(Cl)c(O)cc2[C@@H]1Cc3ccccc3,CHEMBL64117,Ki,7.57
1939904,OC1(CCN(CCCSc2ccc(F)cc2)CC1)c3ccc(Cl)cc3,CHEMBL1940403,Ki,7.57
1931199,CCc1cc2CN3CCc4cc(OC)c(O)cc4[C@@H]3Cc2s1,CHEMBL3344456,Ki,7.58
7732344,Br.Oc1cc2CCNC[C@H](c3ccccc3)c2cc1O,CHEMBL503958,Ki,7.59
7732355,CCCC(CCC)C(=O)NN1c2ccc(Cl)cc2N=C(N3CCN(C)CC3)c4ccccc14,CHEMBL215581,Ki,7.59
7732366,CCCN1CCN(CC1)C2=Nc3cc(Cl)ccc3N(NC(=O)c4ccccc4Cl)c5ccccc25,CHEMBL213335,Ki,7.59
707884,CN1CCC2C(C1)c3cccc4SCc5ccccc5N2c34,CHEMBL3217984,Ki,7.6
7732378,COc1c(Cl)cc2CCN(C)CCc3ccccc3Cc2c1Cl,CHEMBL203734,Ki,7.6
7732389,Cl.Oc1cc2CCNCC(c3ccccc3)c2cc1O,CHEMBL542700,Ki,7.6
7732399,CC1=NNC(=O)C(=C1c2ccc(Oc3nc(C)cc4n[nH]cc34)cc2)C,CHEMBL3671270,Ki,7.61
7732408,CN1C(=O)NC(=O)C(=C1c2ccc(Oc3ncccc3Cl)cc2C)C,CHEMBL3697587,Ki,7.62
7732418,CN1CCN(CC1)C2=Nc3cc(Cl)ccc3N(NC(=O)c4cc(Cl)cc(Cl)c4)c5ccccc25,CHEMBL427230,Ki,7.62
1926307,CN1CCN(CC1)C2=Nc3cc(Cl)ccc3N(NC(=O)c4cc(F)ccc4C(F)(F)F)c5ccc(Cl)cc25,CHEMBL378341,Ki,7.62
1396188,CN1CCc2cc(Cl)c(O)cc2[C@H](C1)c3ccccc3,CHEMBL62,Ki,7.62
7732432,COc1ccnc(Oc2ccc(C3=C(C)C(=O)NN=C3C)c(C)c2)c1C,CHEMBL3697593,Ki,7.62
7033643,COc1ccc2Cc3ccccc3CCCN(C)CCCc2c1,CHEMBL231171,Ki,7.63
7732444,CCCCC(=O)Oc1cccc2C[C@H]3N(CCC)CCc4cccc(c34)c12,CHEMBL403550,Ki,7.64
7732455,CN1CCN(CC1)C2=Nc3cc(Cl)ccc3N(NC(=O)c4nccc5ccccc45)c6ccccc26,CHEMBL213278,Ki,7.64
705665,OCCN1CCN(CCCN2c3ccccc3Sc4ccc(cc24)C(F)(F)F)CC1,fluphenazine,IC50,7.64
763292,CN(C)C[C@H]1C[C@H]2[C@H](O1)c3cc(F)ccc3Sc4ccccc24,CHEMBL366164,Ki,7.66
7732469,CN1CCN(CC1)C2=Nc3cc(Cl)ccc3N(NC(=O)c4ccon4)c5ccccc25,CHEMBL213372,Ki,7.66
7732480,CN1CCN(CC1)C2=Nc3ccccc3N(NC(=O)c4cc(F)ccc4C(F)(F)F)c5ccc(Cl)cc25,CHEMBL213193,Ki,7.66
7732491,COc1cc2CCN3Cc4c(C[C@H]3c2cc1O)ccc(OC)c4O,CHEMBL1235966,Ki,7.66
1924272,COc1ccc2Cc3ccccc3CCCN(C)CCc2c1,CHEMBL276778,Ki,7.66
1939892,OC1(CCN(CCCOc2ccc(F)cc2)CC1)c3ccc(Cl)cc3,CHEMBL1940404,Ki,7.66
706402,CC1=C(CCN2CCC(CC2)c3noc4cc(F)ccc34)C(=O)N5CCCCC5=N1,risperidone,Ki,7.68
7732507,CN1C(=O)NC(=O)C(=C1c2ccc(Oc3ncccc3C(F)(F)F)cc2C)C,CHEMBL3697617,Ki,7.68
7732517,NC[C@@H]1O[C@@H](Cc2c(O)c(O)ccc12)C34CC5CC(CC(C5)C3)C4,CHEMBL291143,Ki,7.68
7732528,COc1cc(cc(OC)c1OC)C(=O)NN2c3ccccc3N=C(N4CCN(C)CC4)c5cc(Cl)ccc25,CHEMBL377420,Ki,7.7
7732539,Oc1cc2[C@H](CN(CC=C)CCc2c(Cl)c1O)c3ccccc3,CHEMBL317741,Ki,7.7
1399591,CCCCCOc1ccc2CC3N(CCc4cc(OC)c(O)cc34)Cc2c1OC,CHEMBL3780140,Ki,7.72
763605,CN(C)C[C@@H]1CC2[C@H](O1)c3cc(F)ccc3Sc4ccccc24,CHEMBL363581,Ki,7.72
1935054,COc1ccc2Cc3[nH]c4ccccc4c3CCN(C)CCc2c1,CHEMBL396561,Ki,7.72
7732556,Cl.CCCN1C[C@H](CSC)O[C@@H]2Cc3c(O)cccc3C[C@@H]12,CHEMBL3099222,EC50,7.72
7732566,CN1C(=O)NC(=O)C(=C1c2ccc(Oc3ncccc3OC(F)F)cc2C)C,CHEMBL3697578,Ki,7.73
7732576,CCCN1CCc2cccc3c2[C@H]1Cc4cccc(OC(=O)CC)c34,CHEMBL515187,Ki,7.75
1921430,CN(C)CC\C=C1\C2=CC=CC=C2SC2=C1C=C(Cl)C=C2,chlorprothixene,Ki,7.75
7732588,CN1C(=O)NC(=O)C(=C1c2ccc(Oc3nccc4n[nH]cc34)cc2)C,CHEMBL3671308,Ki,7.76
7732597,CN1C(=O)NC(=O)C(=C1c2ccc(Sc3ncccc3C(F)(F)F)cc2C)C,CHEMBL3697599,Ki,7.77
1932485,COc1cc2CCN3Cc4cc(CCCl)sc4C[C@H]3c2cc1O,CHEMBL3344467,Ki,7.78
7033750,CCN1CCc2ccccc2Cc3[nH]c4ccccc4c3CC1,CHEMBL382850,Ki,7.79
7732611,CN1CCN(CC1)C2=Nc3cc(Cl)ccc3N(NC(=O)c4cccc(F)c4F)c5ccccc25,CHEMBL384269,Ki,7.8
7732622,CN1CCN(CC1)C2=Nc3cc(Cl)ccc3N(NC(=O)c4ccccc4Br)c5ccccc25,CHEMBL377877,Ki,7.8
7732633,CN1CCc2cc(Br)c(O)cc2C(C1)c3ccc(N\C(=N\c4ccc5c(c4)C(=O)OC56c7ccc(O)cc7Oc8cc(O)ccc68)\S)cc3,CHEMBL321223,Ki,7.8
7732644,COc1cc(cc(OC)c1OC)C(=O)NN2c3ccc(Cl)cc3N=C(N4CCN(C)CC4)c5cc(Cl)ccc25,CHEMBL213110,Ki,7.8
7732654,Cc1ncc2nccn2c1c3ccc(Oc4nccc5[nH]ccc45)cc3,CHEMBL3671287,Ki,7.8
7732663,CN1C(=O)NC(=O)C(=C1c2ccc(Oc3cc(ccn3)C4CC4)cc2C)C,CHEMBL3697572,Ki,7.82
7732672,CN1C(=O)NC(=O)C(=C1c2ccc(Oc3ncccc3C4CC4)cc2C)C,CHEMBL3697613,Ki,7.82
7732682,CN1CCN(CC1)C2=Nc3cc(Cl)ccc3N(NC(=O)c4occc4)c5ccccc25,CHEMBL426868,Ki,7.82
1400083,COc1cc2CCN3Cc4c(CC3c2cc1O)ccc(OC)c4OC,CHEMBL3780481,Ki,7.82
7732695,CN1CCN(CC1)C2=Nc3cc(Cl)ccc3N(NC(=O)c4ccc(Br)cc4)c5ccccc25,CHEMBL213775,Ki,7.85
7732706,CN1CCN(CC1)C2=Nc3cc(Cl)ccc3N(NC(=O)c4cccs4)c5ccccc25,CHEMBL379874,Ki,7.85
7732717,COc1cc2C[C@@H]3N(CCc4cc(OC)cc(OC)c34)Cc2c(OC)c1,CHEMBL2057445,IC50,7.85
7033737,CN1CCCc2cc(O)ccc2Cc3ccccc3CC1,CHEMBL389356,Ki,7.86
7732729,COc1ccnc(Oc2ccc(C3=C(C)C(=O)NN=C3C)c(C)c2)c1C(F)F,CHEMBL3697595,Ki,7.87
7732738,CN1C(=O)NC(=O)C(=C1c2ccc(Oc3ncccc3C(F)(F)F)c4[nH]ccc24)C,CHEMBL3697624,Ki,7.89
7732748,COc1cccc(c1)C(=O)NN2c3ccc(Cl)cc3N=C(N4CCN(C)CC4)c5ccccc25,CHEMBL214016,Ki,7.89
7732759,COc1ccccc1C(=O)NN2c3ccc(Cl)cc3N=C(N4CCN(C)CC4)c5ccccc25,CHEMBL379560,Ki,7.89
7732769,Cc1cc(Oc2nccc3[nH]ccc23)ccc1c4c(C)ncnc4C,CHEMBL3671275,Ki,7.89
1399536,CCOc1ccc2CC3N(CCc4cc(OC)c(O)cc34)Cc2c1OC,CHEMBL3779928,Ki,7.91
1928538,COc1cc2CCN3Cc4c(C[C@H]3c2cc1O)ccc(O)c4OC,CHEMBL487387,IC50,7.91
1931557,Br.Oc1cc2C(CNCCc2c(Br)c1O)c3ccccc3,CHEMBL541559,Ki,7.92
7732784,CC1=NNC(=O)C(=C1c2ccc(Oc3nccc(C)c3C(F)(F)F)cc2C)C,CHEMBL3697594,Ki,7.92
1928691,CCCN1CCc2cccc3c2[C@H]1Cc4cccc(OC(=O)CCC)c34,CHEMBL478671,Ki,7.92
7732796,CN1CCN(CC1)C2=Nc3cc(Cl)ccc3N(NC(=O)c4ccc(Cl)c(Cl)c4)c5ccccc25,CHEMBL212077,Ki,7.92
7732807,CN1CCN(CC1)C2=Nc3cc(Cl)ccc3N(NC(=O)c4ccccc4F)c5ccccc25,CHEMBL213477,Ki,7.92
1932263,CN1CCN(CC1)C2=Nc3cc(Cl)ccc3N(NC(=O)c4ccccc4I)c5ccc(Cl)cc25,CHEMBL212936,Ki,7.92
1406427,COc1cc2CCN3Cc4c(CC3c2cc1O)ccc(OCC5CC5)c4OC,CHEMBL3780184,Ki,7.92
7732822,Cl.Oc1cc2CCN(CC=C)CC(c3ccccc3)c2cc1O,CHEMBL552611,Ki,7.92
1406122,CCCCOc1ccc2CC3N(CCc4cc(OC)c(O)cc34)Cc2c1OC,CHEMBL3781840,Ki,7.96
7732834,CN1C(=O)NC(=O)C(=C1c2ccc(Oc3nccc(C)c3Cl)cc2)C,CHEMBL3697619,Ki,7.96
7732844,CN1CCN(CC1)C2=Nc3cc(Cl)ccc3N(NC(=O)c4cccnc4Cl)c5ccccc25,CHEMBL384500,Ki,7.96
1922489,COc1cccc(OC)c1C(=O)NN2c3ccc(Cl)cc3N=C(N4CCN(C)CC4)c5cc(Cl)ccc25,CHEMBL212807,Ki,7.96
1938310,Cc1cc2CCN3CC[C@@](O)(C[C@@H]3c2cc1O)c4ccc(Cl)cc4,CHEMBL2335737,EC50,7.96
5292803,CN1CCc2ccccc2Cc3ccsc3CC1,CHEMBL201093,Ki,7.97
7732860,CC1=NNC(=O)C(=C1c2ccc(Oc3nccc4n[nH]cc34)cc2C)C,CHEMBL3671274,Ki,7.98
7732869,CN1C(=O)C=NC(=C1c2ccc(Oc3nccc4[nH]ccc34)cc2C)C,CHEMBL3671293,Ki,7.98
7732878,CC1=NNC(=O)C(=C1c2ccc(Oc3nccc4n[nH]c(C)c34)cc2)C,CHEMBL3671269,Ki,7.99
7033776,CN1CCc2ccccc2Cc3[nH]c4ccccc4c3C[C@@H]1CO,CHEMBL1949728,Ki,7.99
7732890,CCCCCC(=O)Oc1cccc2C[C@H]3N(CCC)CCc4cccc(c34)c12,CHEMBL515342,Ki,8.0
7732901,CCOc1csc(c1)C(=O)NN2c3ccc(Cl)cc3N=C(N4CCN(C)CC4)c5ccccc25,CHEMBL437112,Ki,8.0
7732911,CN1C(=O)NC(=O)C(=C1c2ccc(Oc3nccc(C)c3OC(F)F)cc2C)C,CHEMBL3697583,Ki,8.0
7732921,CN1CCN(CC1)C2=Nc3cc(Cl)ccc3N(NC(=O)c4ccc5ccccc5n4)c6ccccc26,CHEMBL213443,Ki,8.0
7732931,Cc1ncnc(C)c1c2ccc(Oc3nccc4[nH]ccc34)cc2Cl,CHEMBL3671291,Ki,8.01
7732940,CC1=NNC(=O)C(=C1c2ccc(Oc3ncccc3Br)cc2C)C,CHEMBL3697576,Ki,8.02
708293,Clc1cc2NC(=O)Cc2cc1CCN3CCN(CC3)c4nsc5ccccc45,ziprasidone,Ki,8.02
1932040,CN1CCc2ccccc2Cc3cc(N)c(O)cc3CC1,CHEMBL204098,Ki,8.03
1940840,COc1ccc2Cc3ccc(OC)cc3CCN(C)CCc2c1,CHEMBL204065,Ki,8.03
7732956,CN1CCN(CC1)C2=Nc3cc(Cl)ccc3N(NC(=O)c4ccsc4)c5ccccc25,CHEMBL212896,Ki,8.05
1932051,CN1CCc2ccccc2Cc3cc(O)ccc3CC1,CHEMBL382010,Ki,8.05
1939671,CN1C[C@H]2[C@H](C1)c3cc(Cl)ccc3Oc4ccccc24,CHEMBL504548,Ki,8.05
1924610,CN1CCc2ccccc2Cc3c(O)cccc3CC1,CHEMBL203689,Ki,8.06
7732972,Cc1ccc2CN[C@@H]3CCc4cc(O)c(O)cc4[C@H]3c2c1,CHEMBL319707,Ki,8.06
7732983,Cl.CN1CCc2cc(O)c(O)cc2C(C1)c3ccccc3,CHEMBL545000,Ki,8.06
7732993,CN1C(=O)NC(=O)C(=C1c2ccc(Oc3ncccc3C(=C)C)cc2C)C,CHEMBL3697570,Ki,8.08
5305467,CCCN1CCc2cc(OC)cc3c2[C@H]1Cc4ccc(O)c(O)c34,CHEMBL53294,Ki,8.09
1937646,COc1cc2CCN3CC[C@@](O)(C[C@@H]3c2cc1O)c4ccc(Cl)cc4,CHEMBL2335740,EC50,8.1
7733006,Cc1cc(Oc2nccc3[nH]ccc23)ccc1c4c(C)ncc5nccn45,CHEMBL3671282,Ki,8.1
1401857,CCCOc1ccc2CC3N(CCc4cc(OC)c(O)cc34)Cc2c1OC,CHEMBL3780506,Ki,8.11
7733018,CN1CCN(CC1)C2=Nc3cc(Cl)ccc3N(NC(=O)c4ccc(C)cc4)c5ccccc25,CHEMBL213795,Ki,8.11
7733029,CN1CCN(CC1)C2=Nc3cc(Cl)ccc3N(NC(=O)c4ccccc4N5CCCCC5)c6ccccc26,CHEMBL212383,Ki,8.11
7733039,CC1=NNC(=O)C(=C1c2ccc(Oc3ncccc3C4CC4)cc2C)C,CHEMBL3697579,Ki,8.12
7733049,COc1cccc2CCN(C)CCc3ccccc3Cc12,CHEMBL379662,Ki,8.12
1436756,CN(C)CCOc1cc(C)c2cc(NC(=O)COc3ccc(Cl)cc3Cl)ccc2n1,CHEMBL194837,IC50,8.13
7733062,CN1CCN(CC1)C2=Nc3cc(Cl)ccc3N(NC(=O)c4ccc5ccccc5c4)c6ccccc26,CHEMBL213882,Ki,8.13
7733073,COc1c(O)ccc2C[C@@H]3N(CCc4cc5CCOc5cc34)Cc12,CHEMBL2334882,Ki,8.13
7733084,CN1CCc2cc(Cl)c(O)cc2[C@@H]3[C@@H]1CCc4c(NC(=O)Nc5c(Cl)cccc5Cl)cccc34,CHEMBL604129,Ki,8.15
7733095,Br.Oc1cc2C(CNCCc2c(Cl)c1O)c3ccccc3,CHEMBL553503,Ki,8.16
1923826,CN1CCN(CC1)C2=Nc3cc(Cl)ccc3N(NC(=O)c4c(N)cccc4C(F)(F)F)c5ccccc25,CHEMBL377756,Ki,8.16
7733108,CN1CCN(CC1)C2=Nc3ccccc3N(NC(=O)c4ccccc4I)c5ccc(Cl)cc25,CHEMBL214503,Ki,8.16
7033817,CN1CCc2cc(Cl)c(O)cc2[C@@H]3[C@@H]1CCc4cc(N)ccc34,CHEMBL598515,Ki,8.16
7733121,CN1CCc2cc(Cl)c(O)cc2[C@@H]3[C@@H]1Cc4ccccc34,CHEMBL307790,Ki,8.16
7733132,Br.CN1CCc2c(cc(O)c(O)c2c3cccc(C)c3)C(C1)c4cccc(C)c4,CHEMBL484538,Ki,8.17
1402142,COc1cc2CCN3Cc4c(CC3c2cc1O)ccc(OCCCO)c4OC,CHEMBL3780268,Ki,8.17
7733145,CN1CCc2cc(Cl)c(O)cc2[C@@H]1c3ccccc3,CHEMBL303993,Ki,8.18
7733156,COc1cc2CCN3Cc4c(C[C@@H]3c2cc1O)ccc(OC)c4OC,CHEMBL2334892,Ki,8.18
7733167,COc1c(O)ccc2C[C@@H]3N(CCc4cc5OCOc5cc34)Cc12,CHEMBL1457510,Ki,8.2
7733178,CN1CCc2cc(Cl)c(O)cc2[C@H](C1)c3cccc4ccoc34,CHEMBL71600,Ki,8.22
7733189,COc1cccc(OC)c1C(=O)NN2c3ccccc3N=C(N4CCN(C)CC4)c5cc(Cl)ccc25,CHEMBL215414,Ki,8.22
1924466,C[C@H]1Cc2c(Cc3ccccc3CCN1C)[nH]c4ccccc24,CHEMBL1949725,Ki,8.22
7733202,Cl.CN1CCc2ccc(O)cc2[C@H](C1)c3ccccc3,CHEMBL1744078,Ki,8.22
7733213,CCS(=O)(=O)Nc1cccc2[C@H]3[C@H](CCc12)N(C)CCc4cc(Cl)c(O)cc34,CHEMBL602052,Ki,8.24
7733224,CN1CCc2cc(Cl)c(O)cc2[C@@H]3[C@@H]1CCc4c(NC(=O)C5CC5)cccc34,CHEMBL602659,Ki,8.24
1397174,COc1cc2CCN3Cc4c(CC3c2cc1O)ccc(O)c4OC,CHEMBL595489,Ki,8.25
1928640,Br.Oc1cc2C(CN(CC=C)CCc2c(Cl)c1O)c3ccccc3,CHEMBL544115,Ki,8.26
7733238,CC1=NNC(=O)C(=C1c2ccc(Oc3nccc(C)c3Cl)cc2C)C,CHEMBL3697574,Ki,8.27
763790,CN(C)C[C@H]1CC2[C@H](O1)c3cc(F)ccc3Sc4ccccc24,CHEMBL193639,Ki,8.28
7733250,CN1CCc2cc(Br)c(O)cc2C(C1)c3ccc(Nc4ccc(c5nonc45)[N+](=O)[O-])cc3,CHEMBL322760,Ki,8.28
7733260,Cc1ncnc(N2CC(F)C2)c1c3ccc(Oc4nccc5[nH]ccc45)cc3F,CHEMBL3671292,Ki,8.29
1936129,Br.Oc1cc2C(CN(CC=C)CCc2c(Br)c1O)c3ccccc3,CHEMBL544114,Ki,8.3
7733271,CC1=NNC(=O)C(=C1c2ccc(Oc3nccc4[nH]ccc34)cc2C)C,CHEMBL3671279,Ki,8.3
1942197,COc1cc2CCN3CC[C@@](O)(C[C@@H]3c2cc1O)c4ccc(OC(F)(F)F)cc4,CHEMBL2335736,EC50,8.3
1933452,Br.CN1CCc2c(cc(O)c(O)c2c3ccc4ccccc4c3)C(C1)c5cccc(C)c5,CHEMBL520821,Ki,8.31
7733285,Br.Oc1cc2C(CNCCc2cc1Cl)c3ccccc3,CHEMBL540857,Ki,8.31
7733296,COc1cc2C[C@@H]3N(CCc4cc(OC)c(O)cc34)Cc2c(OC)c1,CHEMBL2057455,IC50,8.31
7733307,CN1CCc2cc(Cl)c(O)cc2[C@@H]3[C@@H]1CCc4c(NS(=O)(=O)C)cccc34,CHEMBL604135,Ki,8.33
7733317,Cc1cc(Oc2nccc3[nH]cc([N+]#[C-])c23)ccc1c4c(C)ncnc4C,CHEMBL3671268,Ki,8.34
1928174,CN1CCc2ccccc2Cc3ccccc3CC1,CHEMBL201525,Ki,8.35
1923852,COc1cc2CCN3Cc4c(C[C@H]3c2cc1O)ccc(OC)c4OC,CHEMBL2334891,Ki,8.35
7033724,CO\N=C\c1cccc2[C@H]3[C@H](CCc12)N(C)CCc4cc(Cl)c(O)cc34,CHEMBL599134,Ki,8.36
1942172,CN1CCc2ccccc2Cc3c[nH]c4cccc(CC1)c34,CHEMBL1087300,Ki,8.38
1932979,COc1cc2CCN3Cc4cc5OCOc5cc4C[C@H]3c2cc1O,CHEMBL2334893,Ki,8.38
7733336,COc1ccnc(Oc2ccc(C3=C(C)C(=O)NN=C3C)c(C)c2)c1C(F)(F)F,CHEMBL3697596,Ki,8.38
7733346,Br.Oc1cc2C(CNCCc2cc1Br)c3ccccc3,CHEMBL557799,Ki,8.39
7733356,CC1=NNC(=O)C(=C1c2ccc(Oc3nccc4[nH]ccc34)cc2)C,CHEMBL3671277,Ki,8.39
7033602,CN1CCN(CC1)C2=Nc3cc(Cl)ccc3N(NC(=O)c4ccccc4Cl)c5ccccc25,CHEMBL212912,Ki,8.39
7733368,CN1CCN(CC1)C2=Nc3cc(Cl)ccc3N(NC(=O)c4c(Cl)cc(Cl)cc4Cl)c5ccccc25,CHEMBL213881,Ki,8.4
7733379,CN1CCN(CC1)C2=Nc3cc(Cl)ccc3N(NC(=O)c4cccc(Cl)c4)c5ccccc25,CHEMBL213084,Ki,8.4
7733390,CN1CCN(CC1)C2=Nc3cc(Cl)ccc3N(NC(=O)c4cccc5ccccc45)c6ccccc26,CHEMBL213834,Ki,8.42
1925315,CCN1CCc2ccccc2Cc3ccc(O)cc3CC1,CHEMBL508399,Ki,8.43
1925717,CN1CCc2cc(O)ccc2Cc3[nH]c4ccccc4c3CC1,CHEMBL245571,Ki,8.43
7733404,CN1C(=O)NC(=O)C(=C1c2ccc(Oc3nccc(C)c3Cl)cc2C)C,CHEMBL3697564,Ki,8.44
7733414,CN1CCN(CC1)C2=Nc3cc(Cl)ccc3N(NC(=O)c4cccc(I)c4)c5ccccc25,CHEMBL377584,Ki,8.44
7733425,CN1CCN(CC1)C2=Nc3cc(Cl)ccc3N(NC(=O)c4c(Cl)cccc4Cl)c5ccccc25,CHEMBL386122,Ki,8.47
1729236,Fc1ccc2c(noc2c1)C3CCN(CCCCNS(=O)(=O)c4cc5ccccc5s4)CC3,CHEMBL3290012,Ki,8.48
1925706,CN1CCCc2ccccc2Cc3ccc(O)cc3CC1,CHEMBL231070,Ki,8.5
7033615,CN1CCN(CC1)C2=Nc3cc(Cl)ccc3N(NC(=O)c4c(C)cccc4N)c5ccccc25,CHEMBL213424,Ki,8.5
7034115,CN1CCOc2cc(O)ccc2Cc3ccccc3CC1,CHEMBL184050,Ki,8.5
1924238,CN1CCc2ccccc2Cc3cc(Cl)c(O)c(Cl)c3CC1,CHEMBL383451,Ki,8.5
1394587,CN(C)C1CCC2(C=C1)c3ccccc3C=Cc4ccc(Cl)cc24,CHEMBL300647,Ki,8.51
7033713,CN1CCc2cc(Cl)c(O)cc2[C@@H]3[C@@H]1CCc4c3cccc4N5CCCC5=O,CHEMBL598949,Ki,8.51
1943378,CN1CCc2ccccc2Cc3cc(O)c(Cl)cc3CC1,CHEMBL203047,Ki,8.51
7033702,CN1CCN(CC1)C2=Nc3cc(Cl)ccc3N(NC(=O)c4c(C)cccc4C)c5ccccc25,CHEMBL213336,Ki,8.52
7733454,CN1CCN(CC1)C2=Nc3cc(Cl)ccc3N(NC(=O)c4cccc(C)c4)c5ccccc25,CHEMBL213793,Ki,8.52
7033830,CN1CCc2cc(Cl)c(O)cc2[C@@H]3[C@@H]1CCc4c(Br)cccc34,CHEMBL600083,Ki,8.52
7733467,Oc1cc2[C@H](CN(CC=C)CCc2c(Br)c1O)c3ccccc3,CHEMBL34095,Ki,8.52
1937679,CN1CCCc2ccccc2Cc3[nH]c4ccccc4c3CC1,CHEMBL216258,Ki,8.55
7033874,CN1CCc2cc(Cl)c(O)cc2[C@@H]3[C@@H]1CCc4c(N)cccc34,CHEMBL591685,Ki,8.55
7033572,CN1CCc2cc(Cl)c(O)cc2[C@@H]3[C@@H]1CCc4c(cccc34)C#N,CHEMBL604127,Ki,8.55
7033632,CN1CCN(CC1)C2=Nc3cc(Cl)ccc3N(NC(=O)c4c(N)cccc4Cl)c5ccccc25,CHEMBL378669,Ki,8.59
7034018,CN1CCc2cc(Cl)c(O)cc2[C@@H]3[C@@H]1CCc4c(C=O)cccc34,CHEMBL604316,Ki,8.59
7033863,CN1CCN(CC1)C2=Nc3cc(Cl)ccc3N(NC(=O)c4c(F)cccc4C(F)(F)F)c5ccccc25,CHEMBL213492,Ki,8.6
7733490,CCNC(=O)Nc1cccc2[C@H]3[C@H](CCc12)N(C)CCc4cc(Cl)c(O)cc34,CHEMBL604132,Ki,8.62
1944066,CC(C)(C)[C@]1(O)CCN2C[C@H]3c4ccccc4CCc5cccc([C@@H]2C1)c35,CHEMBL8514,Ki,8.64
7733503,CCC(=O)Nc1cccc2[C@H]3[C@H](CCc12)N(C)CCc4cc(Cl)c(O)cc34,CHEMBL601634,Ki,8.64
7733514,CN1CCc2cc(Br)c(O)cc2C(C1)c3ccc(N)cc3,CHEMBL321042,Ki,8.64
7733525,CN1CCc2cc(Cl)c(O)cc2[C@@H]3[C@@H]1CCc4cc(NC(=O)C5CC5)ccc34,CHEMBL598516,Ki,8.64
7733536,CN1CCc2cc(Cl)c(O)cc2[C@@H]3[C@H]1CCc4c3cccc4c5cccc(OC(F)(F)F)c5,CHEMBL604383,Ki,8.64
7033983,COC(=O)c1cccc2[C@H]3[C@H](CCc12)N(C)CCc4cc(Cl)c(O)cc34,CHEMBL598730,Ki,8.64
7733549,CN1CCN(CC1)C2=Nc3cc(Cl)ccc3N(NC(=O)c4ccccc4C)c5ccc(Cl)cc25,CHEMBL379942,Ki,8.7
7033841,CN1CCc2cc(Cl)c(O)cc2[C@@H]3[C@@H]1CCc4c(CO)cccc34,CHEMBL599116,Ki,8.7
7733562,CN1CCc2cc(Cl)c(O)cc2[C@H](C1)c3ccc(CNc4ccccc4)cc3,CHEMBL604108,Ki,8.7
1928150,CN1CCc2cc(O)ccc2Cc3ccc(O)cc3CC1,CHEMBL381936,Ki,8.7
1943608,COc1ccc2c(c1)c3CCN(C)CCc4ccccc4Cc3n2C,CHEMBL245764,Ki,8.7
7733577,CN1CCc2c(Cl)c(O)c(O)cc2C(C1)c3cccc(C)c3,CHEMBL574558,Ki,8.71
7034060,CN1CCc2cc(Cl)c(O)cc2[C@@H]3[C@@H]1CCc4ccccc34,CHEMBL298406,Ki,8.72
7733589,CN1C(=O)NC(=O)C(=C1c2ccc(Oc3nccc4n[nH]cc34)cc2C)C,CHEMBL3671278,Ki,8.74
7033802,CCO\N=C\c1cccc2[C@H]3[C@H](CCc12)N(C)CCc4cc(Cl)c(O)cc34,CHEMBL604525,Ki,8.75
7034029,CN1CCc2cc(Cl)c(O)cc2[C@@H]3[C@@H]1CCc4c(\C=N\O)cccc34,CHEMBL604732,Ki,8.8
7733603,CN1CCc2cc(Cl)c(O)cc2[C@H](C1)c3ccc(C)cc3,CHEMBL303012,Ki,8.8
7033678,COc1cccc(OC)c1C(=O)NN2c3ccc(Cl)cc3N=C(N4CCN(C)CC4)c5ccccc25,CHEMBL425069,Ki,8.8
7033852,CCNC(=O)Nc1ccc2[C@H]3[C@H](CCc2c1)N(C)CCc4cc(Cl)c(O)cc34,CHEMBL600987,Ki,8.82
7034007,CCOC(=O)Nc1ccc2[C@H]3[C@H](CCc2c1)N(C)CCc4cc(Cl)c(O)cc34,CHEMBL603485,Ki,8.85
7733620,Br.CN1CCc2c(Br)c(O)c(O)cc2C(C1)c3ccccc3,CHEMBL554009,Ki,8.92
7034126,CN1CCc2cc(Cl)c(O)cc2C(C1)c3ccccc3,CHEMBL13668,Ki,8.92
7733633,Cl.Oc1cc2C(CN(CC=C)CCc2cc1Cl)c3ccccc3,CHEMBL543704,Ki,8.92
7733644,Br.CN1CCc2c(Cl)c(O)c(O)cc2C(C1)c3cccc(C)c3,CHEMBL520992,Ki,8.93
1929583,CCCN1CCc2cccc3c2[C@H]1Cc4ccc(O)c(O)c34,CHEMBL225230,Ki,9.0
7034047,CN1CCc2cc(Cl)c(O)cc2[C@@H]3[C@@H]1CCc4c(\C=N\Oc5ccccc5)cccc34,CHEMBL605354,Ki,9.0
7733659,CN1CCc2cc(Cl)c(O)cc2[C@H](C1)c3ccccc3.OC(=O)\C(=C(\O)/C(=O)O)\O,CHEMBL2158641,Ki,9.03
1925280,Br.CN1CCc2c(Cl)c(O)c(O)cc2C(C1)c3ccccc3,CHEMBL543398,Ki,9.05
7733672,CN1CCc2cc(Cl)c(O)cc2[C@@H]3[C@@H]1CCc4c3cccc4c5cc(F)cc(F)c5,CHEMBL597100,Ki,9.05
1922887,CN1CCc2cc(Cl)c(O)cc2[C@@H]3[C@@H]1CCc4c3cccc4c5cccs5,CHEMBL597900,Ki,9.05
7033972,CN1CCc2cc(Cl)c(O)cc2[C@H](C1)c3ccc(CNC4CCC4)cc3,CHEMBL596622,Ki,9.05
7733687,Cl.Oc1cc2C(CN(CC=C)CCc2cc1Br)c3ccccc3,CHEMBL543473,Ki,9.05
1942184,CN1CCc2ccccc2Cc3ccc(O)c(Cl)c3CC1,CHEMBL203637,Ki,9.08
1938479,COc1ccc2[nH]c3Cc4ccccc4CCN(C)CCc3c2c1,CHEMBL396560,Ki,9.09
7733702,CN1CCc2cc(Cl)c(O)cc2[C@H](C1)c3ccccc3C,CHEMBL444321,Ki,9.1
7033929,CCS(=O)(=O)Nc1ccc2[C@H]3[C@H](CCc2c1)N(C)CCc4cc(Cl)c(O)cc34,CHEMBL600986,Ki,9.16
1938424,CN(C)c1ccc(cc1)c2cccc3[C@H]4[C@H](CCc23)N(C)CCc5cc(Cl)c(O)cc45,CHEMBL597310,Ki,9.16
1924072,CN1CCc2cc(Cl)c(O)cc2[C@@H]3[C@@H]1CCc4c3cccc4c5ccc(CO)cc5,CHEMBL604176,Ki,9.16
7733719,CN1CCc2cc(Cl)c(O)cc2[C@@H]3[C@@H]1CCc4cc(NC(=O)Nc5c(Cl)cccc5Cl)ccc34,CHEMBL599977,Ki,9.16
7733730,CN1CCc2cc(Cl)c(O)cc2[C@H](C1)c3ccc(CN(Cc4ccccc4)c5ccc(F)cc5F)cc3,CHEMBL597702,Ki,9.16
7033896,COc1ccc(cc1)c2cccc3[C@H]4[C@H](CCc23)N(C)CCc5cc(Cl)c(O)cc45,CHEMBL603872,Ki,9.16
7034102,CN(Cc1ccc(cc1)[C@H]2CN(C)CCc3cc(Cl)c(O)cc23)S(=O)(=O)c4ccccc4,CHEMBL599487,Ki,9.22
7034091,CN1CCc2cc(Cl)c(O)cc2[C@@H]3[C@@H]1CCc4c(O)cccc34,CHEMBL604314,Ki,9.22
1929341,CN1CCc2cc(Cl)c(O)cc2[C@@H]3[C@@H]1CCc4c3cccc4c5ccc6[nH]ccc6c5,CHEMBL597503,Ki,9.22
7033996,CN1CCc2cc(Cl)c(O)cc2[C@@H]3[C@@H]1CCc4c3cccc4c5cccc(c5)C#N,CHEMBL598105,Ki,9.22
7033955,CN1CCc2cc(Cl)c(O)cc2[C@@H]3[C@@H]1CCc4c3cccc4c5cccc(c5)[N+](=O)[O-],CHEMBL605339,Ki,9.22
7733752,CC1=NNC(=O)C(=C1c2ccc(Oc3ncccc3I)cc2C)C,CHEMBL3697581,Ki,9.24
7733762,Cl.CN1CCc2cc(Br)c(O)cc2[C@H](C1)c3ccccc3,CHEMBL1744079,Ki,9.24
1930684,CN1CCc2ccccc2Cc3[nH]c4ccc(O)cc4c3CC1,CHEMBL245570,Ki,9.25
7733775,CN(Cc1ccc(cc1)[C@H]2CN(C)CCc3cc(Cl)c(O)cc23)S(=O)(=O)C,CHEMBL603901,Ki,9.3
7033918,CN1CCc2cc(Cl)c(O)cc2[C@@H]3[C@@H]1CCc4cc(NS(=O)(=O)C)ccc34,CHEMBL597909,Ki,9.3
7033907,CN1CCc2cc(Cl)c(O)cc2[C@H](C1)c3ccc(CN(C4CCC4)S(=O)(=O)C)cc3,CHEMBL599282,Ki,9.3
1944186,CN1CCc2ccccc2Cc3c(CC1)ccc(O)c3Cl,CHEMBL380464,Ki,9.34
7733792,CN1CCc2cc(Cl)c(O)cc2[C@@H]3[C@@H]1CCc4c3cccc4c5cccc(F)c5,CHEMBL598104,Ki,9.4
7733803,CN1CCc2cc(Cl)c(O)cc2[C@H](C1)c3cccc(C)c3,CHEMBL304535,Ki,9.4
1930542,CN1CCc2ccccc2Cc3ccc(O)cc3CC1,CHEMBL201170,Ki,9.4
1936605,Br.CN1CCc2ccccc2Cc3ccc(O)cc3CC1,CHEMBL1204122,Ki,9.41
7733817,CN1CCc2cc(Br)c(O)cc2C(C1)c3ccccc3,CHEMBL324017,Ki,9.52
7033789,CN1CCc2cc(Cl)c(O)cc2[C@@H]3[C@@H]1CCc4c3cccc4c5ccncc5,CHEMBL605127,Ki,9.52
7733830,CN1CCc2cc(I)c(O)cc2[C@@H](C1)c3ccc(cc3)N=[N+]=[N-],CHEMBL150800,Kd,9.55
7034140,CN1CCc2cc(Cl)c(O)cc2[C@H](C1)c3ccccc3.OC(=O)\C=C/C(=O)O,CHEMBL1814790,IC50,9.57
1926318,CN1CCc2cc(Cl)c(O)cc2[C@@H]3[C@@H]1CCc4c(\C=N\OCc5ccccc5)cccc34,CHEMBL599135,Ki,9.7
1925065,CN1CCc2cc(Cl)c(O)cc2[C@@H]3[C@@H]1CCc4c3cccc4c5ccccc5,CHEMBL599528,Ki,9.7
7033761,CN1CCc2cc(Cl)c(O)cc2[C@H](C1)c3ccc(CN(C4CCC4)C(=O)C)cc3,CHEMBL596824,Ki,9.7
7733849,Cl.CN1CCc2cc(Cl)c(O)cc2[C@H](C1)c3ccccc3,CHEMBL1256645,Ki,9.77
7733860,CN1CCc2cc(I)c(O)cc2C(C1)c3ccc(cc3)N=[N+]=[N-],CHEMBL434215,Kd,9.82
