id,smiles,name,assay_type,activity_value
885540,CN1CCc2cccc3c2[C@H]1Cc4ccc(O)c(O)c34,apomorphine,Ki,7.0999999
1411217,OCCN1CCN(CC\C=C/2\c3ccccc3Sc4ccc(cc24)C(F)(F)F)CC1,flupentixol,Ki,8.10000038
708329,CCNC(=O)N(CCCN(C)C)C(=O)[C@@H]1C[C@H]2[C@@H](Cc3c[nH]c4cccc2c34)N(CC=C)C1,cabergoline,Ki,7.69999981
1921430,CN(C)CC\C=C1\C2=CC=CC=C2SC2=C1C=C(Cl)C=C2,chlorprothixene,Ki,8.05
703406,[H][C@@]12CC3=CNC4=CC=CC(=C34)C1=C[C@@H](CN2C)NC(=O)N(CC)CC,lisuride,Ki,8.5
705020,CN1CCN(CC1)C2=Nc3ccccc3Nc4sc(C)cc24,olanzapine,Ki,7.0
7033548,CN1CCCc2ccccc2Cc3ccc(O)cc3CCC1,CHEMBL389559,Ki,7.02
1931828,CN1CCCc2c(Cc3ccccc3CC1)[nH]c4ccccc24,CHEMBL216439,Ki,7.04
7033561,CN1CCc2ccccc2Cc3[nH]c4ccccc4c3C[C@H]1CO,CHEMBL1949729,Ki,7.04
7033572,CN1CCc2cc(Cl)c(O)cc2[C@@H]3[C@@H]1CCc4c(cccc34)C#N,CHEMBL604127,Ki,7.05
5298490,FC(F)(F)c1cccc(c1)N2CCN(CCCCN3Cc4ccccc4C3=O)CC2,CHEMBL240996,Ki,7.09
5292803,CN1CCc2ccccc2Cc3ccsc3CC1,CHEMBL201093,Ki,7.1
5295503,O=C1N(CCCCN2CCN(CC2)c3ccccc3)Cc4ccccc14,CHEMBL240774,Ki,7.1
5295951,COc1ccccc1N2CCN(CCCCN3Cc4ccccc4C3=O)CC2,CHEMBL393492,Ki,7.12
7033591,COc1ccc2CCN(C)CCCc3ccccc3Cc2c1,CHEMBL231374,Ki,7.13
7033602,CN1CCN(CC1)C2=Nc3cc(Cl)ccc3N(NC(=O)c4ccccc4Cl)c5ccccc25,CHEMBL212912,Ki,7.14
1927285,CN1CCCc2ccccc2Cc3cc(O)ccc3CC1,CHEMBL394779,Ki,7.16
7033615,CN1CCN(CC1)C2=Nc3cc(Cl)ccc3N(NC(=O)c4c(C)cccc4N)c5ccccc25,CHEMBL213424,Ki,7.24
1397848,OC1(CCN(CCCC(=O)c2ccc(F)cc2)CC1)c3ccc(Cl)cc3,haloperidol,Ki,7.24
1934495,COc1ccc2Cc3ccccc3CCN(C)CCCc2c1,CHEMBL389357,Ki,7.26
1938110,COc1ccc2Cc3ccccc3CCN(C)CCc2c1,CHEMBL380330,Ki,7.27
7033632,CN1CCN(CC1)C2=Nc3cc(Cl)ccc3N(NC(=O)c4c(N)cccc4Cl)c5ccccc25,CHEMBL378669,Ki,7.28
7033643,COc1ccc2Cc3ccccc3CCCN(C)CCCc2c1,CHEMBL231171,Ki,7.28
7033654,C(CN1CCCCC1)Oc2ccccc2Cc3ccccc3,CHEMBL364565,Ki,7.37
1932051,CN1CCc2ccccc2Cc3cc(O)ccc3CC1,CHEMBL382010,Ki,7.37
7033667,Oc1ccc2C3Cc4ccccc4CN3CCc2c1,CHEMBL593897,Ki,7.39
7033678,COc1cccc(OC)c1C(=O)NN2c3ccc(Cl)cc3N=C(N4CCN(C)CC4)c5ccccc25,CHEMBL425069,Ki,7.42
7033689,Clc1ccc(cc1)N2CCN(CCCCN3Cc4ccccc4C3=O)CC2,CHEMBL240995,Ki,7.47
1935054,COc1ccc2Cc3[nH]c4ccccc4c3CCN(C)CCc2c1,CHEMBL396561,Ki,7.5
7033702,CN1CCN(CC1)C2=Nc3cc(Cl)ccc3N(NC(=O)c4c(C)cccc4C)c5ccccc25,CHEMBL213336,Ki,7.51
7033713,CN1CCc2cc(Cl)c(O)cc2[C@@H]3[C@@H]1CCc4c3cccc4N5CCCC5=O,CHEMBL598949,Ki,7.57
7033724,CO\N=C\c1cccc2[C@H]3[C@H](CCc12)N(C)CCc4cc(Cl)c(O)cc34,CHEMBL599134,Ki,7.66
705665,OCCN1CCN(CCCN2c3ccccc3Sc4ccc(cc24)C(F)(F)F)CC1,fluphenazine,Ki,7.68
7033737,CN1CCCc2cc(O)ccc2Cc3ccccc3CC1,CHEMBL389356,Ki,7.77
1410252,O[Si]1(CCN(CCCC(=O)c2ccc(F)cc2)CC1)c3ccc(Cl)cc3,CHEMBL2204343,Ki,7.78
7033750,CCN1CCc2ccccc2Cc3[nH]c4ccccc4c3CC1,CHEMBL382850,Ki,7.83
7033761,CN1CCc2cc(Cl)c(O)cc2[C@H](C1)c3ccc(CN(C4CCC4)C(=O)C)cc3,CHEMBL596824,Ki,7.89
1930527,CN1CCc2ccccc2Cc3[nH]c4ccccc4c3CC1,CHEMBL441618,Ki,7.9
1940840,COc1ccc2Cc3ccc(OC)cc3CCN(C)CCc2c1,CHEMBL204065,Ki,7.9
7033776,CN1CCc2ccccc2Cc3[nH]c4ccccc4c3C[C@@H]1CO,CHEMBL1949728,Ki,7.94
1928174,CN1CCc2ccccc2Cc3ccccc3CC1,CHEMBL201525,Ki,7.95
7033789,CN1CCc2cc(Cl)c(O)cc2[C@@H]3[C@@H]1CCc4c3cccc4c5ccncc5,CHEMBL605127,Ki,7.98
1928736,CN1CCc2ccccc2Cc3c(CC1)[nH]c4ccccc34,CHEMBL1087301,Ki,7.99
7033802,CCO\N=C\c1cccc2[C@H]3[C@H](CCc12)N(C)CCc4cc(Cl)c(O)cc34,CHEMBL604525,Ki,8.0
1925706,CN1CCCc2ccccc2Cc3ccc(O)cc3CC1,CHEMBL231070,Ki,8.01
7033817,CN1CCc2cc(Cl)c(O)cc2[C@@H]3[C@@H]1CCc4cc(N)ccc34,CHEMBL598515,Ki,8.08
1396188,CN1CCc2cc(Cl)c(O)cc2[C@H](C1)c3ccccc3,CHEMBL62,Ki,8.09
7033830,CN1CCc2cc(Cl)c(O)cc2[C@@H]3[C@@H]1CCc4c(Br)cccc34,CHEMBL600083,Ki,8.13
7033841,CN1CCc2cc(Cl)c(O)cc2[C@@H]3[C@@H]1CCc4c(CO)cccc34,CHEMBL599116,Ki,8.13
7033852,CCNC(=O)Nc1ccc2[C@H]3[C@H](CCc2c1)N(C)CCc4cc(Cl)c(O)cc34,CHEMBL600987,Ki,8.15
7033863,CN1CCN(CC1)C2=Nc3cc(Cl)ccc3N(NC(=O)c4c(F)cccc4C(F)(F)F)c5ccccc25,CHEMBL213492,Ki,8.16
7033874,CN1CCc2cc(Cl)c(O)cc2[C@@H]3[C@@H]1CCc4c(N)cccc34,CHEMBL591685,Ki,8.16
7033885,Oc1cc2OCC3NCc4ccccc4C3c2cc1O,CHEMBL217299,Ki,8.16
7033896,COc1ccc(cc1)c2cccc3[C@H]4[C@H](CCc23)N(C)CCc5cc(Cl)c(O)cc45,CHEMBL603872,Ki,8.21
7033907,CN1CCc2cc(Cl)c(O)cc2[C@H](C1)c3ccc(CN(C4CCC4)S(=O)(=O)C)cc3,CHEMBL599282,Ki,8.23
7033918,CN1CCc2cc(Cl)c(O)cc2[C@@H]3[C@@H]1CCc4cc(NS(=O)(=O)C)ccc34,CHEMBL597909,Ki,8.24
7033929,CCS(=O)(=O)Nc1ccc2[C@H]3[C@H](CCc2c1)N(C)CCc4cc(Cl)c(O)cc34,CHEMBL600986,Ki,8.25
7033940,COc1cccc(CN2CC[C@@H](C2)NC(=O)c3cc(Cl)c(NC(=O)C4CC4)cc3OC)c1.OC(=O)C(=O)O,CHEMBL282116,Ki,8.25
1925717,CN1CCc2cc(O)ccc2Cc3[nH]c4ccccc4c3CC1,CHEMBL245571,Ki,8.27
1943378,CN1CCc2ccccc2Cc3cc(O)c(Cl)cc3CC1,CHEMBL203047,Ki,8.31
7033955,CN1CCc2cc(Cl)c(O)cc2[C@@H]3[C@@H]1CCc4c3cccc4c5cccc(c5)[N+](=O)[O-],CHEMBL605339,Ki,8.33
1924272,COc1ccc2Cc3ccccc3CCCN(C)CCc2c1,CHEMBL276778,Ki,8.34
1928538,COc1cc2CCN3Cc4c(C[C@H]3c2cc1O)ccc(O)c4OC,CHEMBL487387,Ki,8.36
1924466,C[C@H]1Cc2c(Cc3ccccc3CCN1C)[nH]c4ccccc24,CHEMBL1949725,Ki,8.36
7033972,CN1CCc2cc(Cl)c(O)cc2[C@H](C1)c3ccc(CNC4CCC4)cc3,CHEMBL596622,Ki,8.41
7033983,COC(=O)c1cccc2[C@H]3[C@H](CCc12)N(C)CCc4cc(Cl)c(O)cc34,CHEMBL598730,Ki,8.43
1938479,COc1ccc2[nH]c3Cc4ccccc4CCN(C)CCc3c2c1,CHEMBL396560,Ki,8.44
7033996,CN1CCc2cc(Cl)c(O)cc2[C@@H]3[C@@H]1CCc4c3cccc4c5cccc(c5)C#N,CHEMBL598105,Ki,8.47
7034007,CCOC(=O)Nc1ccc2[C@H]3[C@H](CCc2c1)N(C)CCc4cc(Cl)c(O)cc34,CHEMBL603485,Ki,8.48
7034018,CN1CCc2cc(Cl)c(O)cc2[C@@H]3[C@@H]1CCc4c(C=O)cccc34,CHEMBL604316,Ki,8.48
7034029,CN1CCc2cc(Cl)c(O)cc2[C@@H]3[C@@H]1CCc4c(\C=N\O)cccc34,CHEMBL604732,Ki,8.48
1930552,CN1CCc2ccccc2Cc3sccc3CC1,CHEMBL3752512,Ki,8.52
1937679,CN1CCCc2ccccc2Cc3[nH]c4ccccc4c3CC1,CHEMBL216258,Ki,8.55
1926318,CN1CCc2cc(Cl)c(O)cc2[C@@H]3[C@@H]1CCc4c(\C=N\OCc5ccccc5)cccc34,CHEMBL599135,Ki,8.6
1942172,CN1CCc2ccccc2Cc3c[nH]c4cccc(CC1)c34,CHEMBL1087300,Ki,8.6
7034047,CN1CCc2cc(Cl)c(O)cc2[C@@H]3[C@@H]1CCc4c(\C=N\Oc5ccccc5)cccc34,CHEMBL605354,Ki,8.68
7034060,CN1CCc2cc(Cl)c(O)cc2[C@@H]3[C@@H]1CCc4ccccc34,CHEMBL298406,Ki,8.7
1922887,CN1CCc2cc(Cl)c(O)cc2[C@@H]3[C@@H]1CCc4c3cccc4c5cccs5,CHEMBL597900,Ki,8.72
1943756,CN1CCc2ccccc2Cc3sc4ccccc4c3CC1,CHEMBL3753266,Ki,8.72
7034074,COc1ccc2Cc3ccccc3CCN(C)CCOc2c1,CHEMBL184049,Ki,8.75
1928150,CN1CCc2cc(O)ccc2Cc3ccc(O)cc3CC1,CHEMBL381936,Ki,8.78
1936605,Br.CN1CCc2ccccc2Cc3ccc(O)cc3CC1,CHEMBL1204122,Ki,8.82
1930542,CN1CCc2ccccc2Cc3ccc(O)cc3CC1,CHEMBL201170,Ki,8.82
7034091,CN1CCc2cc(Cl)c(O)cc2[C@@H]3[C@@H]1CCc4c(O)cccc34,CHEMBL604314,Ki,8.85
7034102,CN(Cc1ccc(cc1)[C@H]2CN(C)CCc3cc(Cl)c(O)cc23)S(=O)(=O)c4ccccc4,CHEMBL599487,Ki,8.92
1944186,CN1CCc2ccccc2Cc3c(CC1)ccc(O)c3Cl,CHEMBL380464,Ki,9.01
7034115,CN1CCOc2cc(O)ccc2Cc3ccccc3CC1,CHEMBL184050,Ki,9.24
7034126,CN1CCc2cc(Cl)c(O)cc2C(C1)c3ccccc3,CHEMBL13668,IC50,9.25
1930684,CN1CCc2ccccc2Cc3[nH]c4ccc(O)cc4c3CC1,CHEMBL245570,Ki,9.41
7034140,CN1CCc2cc(Cl)c(O)cc2[C@H](C1)c3ccccc3.OC(=O)\C=C/C(=O)O,CHEMBL1814790,IC50,9.43
1943608,COc1ccc2c(c1)c3CCN(C)CCc4ccccc4Cc3n2C,CHEMBL245764,Ki,9.64
1942184,CN1CCc2ccccc2Cc3ccc(O)c(Cl)c3CC1,CHEMBL203637,Ki,10.24
