id,smiles,name,assay_type,activity_value
2080246,[H][C@@]12C[C@]3([H])C[C@@H](CC[C@@]3([H])[C@H](\C=C\C3=CC=C(C=N3)C3=CC(F)=CC=C3)[C@]1([H])[C@@H](C)OC2=O)NC(=O)OCC,vorapaxar,Ki,8.09151459
2080267,CC(C)C[C@H](NC(=O)[C@H](Cc1ccc(NC(=N)N)cc1)NC(=O)[C@H](Cc2ccc(F)cc2)N(C(=O)C)C(=O)\C=C\c3ccc(Cl)cc3)C(=O)N[C@@H](CCCN=C(N)N)C(=O)N,CHEMBL3143267,IC50,7.0
2080278,CC(C)c1ccc(Cn2ccc3c2ccc4nc(nc(N)c34)N(C)C)cc1,CHEMBL416862,IC50,7.0
2080289,CC(C)c1ccc(Cn2ccc3c2ccc4nc(nc(N)c34)N5CCCCC5)cc1,CHEMBL291807,IC50,7.0
2080300,CC1(C[C@@H]2CCCC[C@@H]2[C@H]1\C=C\c3ccc(cn3)c4cccc(F)c4)OC(=O)N,CHEMBL3091993,IC50,7.0
2080311,CCCS(=O)(=O)N1CC[C@@H]2[C@H](C[C@@H]3[C@@H]([C@@H](C)OC3=O)[C@H]2\C=C\c4ccc(cn4)c5cccc(F)c5)C1,CHEMBL244503,IC50,7.0
2080322,C[C@H]1OC(=O)[C@@H]2C[C@@H]3CCCC[C@H]3[C@H](\C=C\c4ccc(cn4)c5cccc(c5)S(=O)(=O)N)[C@H]12,CHEMBL197523,IC50,7.0
2080333,C[C@H]1OC(=O)[C@@H]2C[C@@H]3CCCC[C@H]3[C@H](\C=C\c4ccc5cc(NC(=O)C)ccc5n4)[C@H]12,CHEMBL205683,IC50,7.0
2080345,C[C@H]1OC(=O)[C@@H]2C[C@@H]3CCCC[C@H]3[C@H](\C=C\c4ccc5ccccc5n4)[C@H]12,CHEMBL204009,IC50,7.0
2080356,FC(F)Oc1cccc(N\C(=N\C#N)\N2CC(N3CNCC3=O)C(=N2)c4ccc(Cl)cc4)c1,CHEMBL3819515,IC50,7.0
2080367,CC(C)(C)c1cc(cc(c1O)C(C)(C)C)C(=O)CN2C(=N)N(CCN3CCOCC3)c4ccccc24,CHEMBL95632,IC50,7.01
2080377,CCC(CC)OC1=NN2C(=N)N(CC(=O)c3cc(OCCO)c(OC)c(c3)C(C)(C)C)N=C2C(=C1)C,CHEMBL3704463,IC50,7.01
2080386,CCc1ccc(cc1)C2CC(CN(C2)C(=O)c3scnc3C)C(=O)Nc4ccccc4,CHEMBL3658404,IC50,7.01
2080396,CN(C1C[C@@H]2CCCC[C@@H]2[C@H]1\C=C\c3ccc(cn3)c4cccc(F)c4)S(=O)(=O)C,CHEMBL3091980,IC50,7.01
2080407,C[C@H]1OC(=O)[C@@H]2C[C@@H]3C[C@@H](CC[C@H]3[C@H](\C=C\c4ccc(cn4)c5cccc(c5)C(F)(F)F)[C@H]12)C(=O)NCCO,CHEMBL3109573,Ki,7.01
2080418,C[C@H]1OC(=O)[C@@H]2C[C@@H]3C[C@H](O)CC[C@H]3[C@H](\C=C\c4ccc(cn4)c5cc(Cl)ccc5Cl)[C@H]12,CHEMBL218449,IC50,7.01
2080429,CCCN([C@@H]1CC[C@@H]2[C@@H](C1)C[C@@H]3[C@@H]([C@@H](C)OC3=O)[C@H]2\C=C\c4ccc(cn4)c5cccc(F)c5)C(=O)OCC,CHEMBL506808,Ki,7.05
2080440,CCNCCNC(=O)[C@H](CCN)NC(=O)[C@H](Cc1ccc(F)c(F)c1)NC(=O)Nc2ccc3c(CN4CCCC4)cn(Cc5c(Cl)cccc5Cl)c3c2,CHEMBL72854,IC50,7.05
2080451,COc1ccc2nc(\C=C\[C@@H]3[C@H]4[C@@H](C)OC(=O)[C@H]4Cc5ccccc35)ccc2c1,CHEMBL234483,IC50,7.05
2080462,C[C@H]1OC(=O)[C@@H]2C[C@@H]3CCCC[C@H]3[C@H](\C=C\c4ccc(cn4)c5cnccn5)[C@H]12,CHEMBL232140,IC50,7.06
2080472,CCC(CC)Oc1ccc2[n+](CC(=O)c3cc(OCCOC)cc(c3)C(C)(C)C)nc(N)n2n1,CHEMBL3644440,IC50,7.07
2080483,CCc1cccc(\C=C\[C@H]2[C@@H]3CCCC[C@H]3C[C@@H]4[C@H]2[C@@H](C)OC4=O)n1,CHEMBL197791,IC50,7.07
2080494,Fc1cccc(c1)c2ccc(\C=C\[C@@H]3[C@H]4COC(=O)[C@H]4Cc5cccc(F)c35)nc2,CHEMBL233163,IC50,7.07
2080504,OC1CCN(CC1)C(=O)N2CC(CC(C2)c3ccc(cc3)C(F)(F)F)NC(=O)C4CCCC4,CHEMBL3662514,IC50,7.09
2080513,CC(C)c1cccc(c1)C2CC(CN(C2)C(=O)N3CCOCC3)NC(=O)c4ccccc4,CHEMBL3662506,IC50,7.1
2080523,CCN(C1CN(N=C1c2ccc(Cl)cc2)\C(=N/C#N)\Nc3ccc4OC(F)(F)Oc4c3)C(=O)CO,CHEMBL3818750,IC50,7.1
2080534,C[C@H]1OC(=O)[C@@H]2C[C@@H]3CC(F)(F)CC[C@H]3[C@H](\C=C\c4ccc(cn4)c5cccc(C)c5)[C@H]12,CHEMBL384982,IC50,7.1
2080545,C[C@H]1OC(=O)[C@@H]2C[C@@H]3C[S+]([O-])CC[C@H]3[C@H](\C=C\c4ccc(cn4)c5cccc(c5)C(F)(F)F)[C@H]12,CHEMBL244483,IC50,7.1
2080556,CCOC(=O)N[C@@H]1CC[C@@H]2[C@@H](C1)C[C@@H]3[C@@H]([C@@H](C)OC3=O)[C@H]2\C=C\c4ccc(cn4)c5nccs5,CHEMBL1269815,Ki,7.13
2080567,COc1ccc2nc(\C=C\[C@H]3[C@@H]4CCCC[C@H]4C[C@@H](CO)[C@H]3[C@@H](C)O)ccc2c1,CHEMBL387441,IC50,7.13
2080578,C[C@H]1OC(=O)[C@@H]2C[C@@H]3C[C@H](O)CC[C@H]3[C@H](\C=C\c4ccc(cn4)c5ccccc5F)[C@H]12,CHEMBL219698,IC50,7.14
2080589,CCN(C1CN(N=C1c2ccc(Cl)cc2)\C(=N/C#N)\Nc3cccc(OC(F)F)c3)C(=O)CO,CHEMBL3819277,IC50,7.16
2080600,C[C@H]1OC(=O)[C@@H]2C[C@@H]3C[C@H](O)CC[C@H]3[C@H](\C=C\c4ccc(cn4)c5ccccc5C)[C@H]12,CHEMBL218670,IC50,7.16
2080611,NCCNC(=O)[C@H](Cc1ccncc1)NC(=O)[C@H](Cc2ccccc2F)NC(=O)Nc3ccc4c(CN5CCCC5)cn(Cc6c(Cl)cccc6Cl)c4c3,CHEMBL440808,IC50,7.16
2080622,NCC[C@H](NC(=O)[C@H](Cc1ccc(F)c(F)c1)NC(=O)Nc2ccc3c(CN4CCCC4)cn(Cc5c(Cl)cccc5Cl)c3c2)C(=O)NCCN6CCCC6,CHEMBL302594,IC50,7.16
2080633,CC(=O)OC1C[C@@H]2CCCC[C@@H]2[C@H]1\C=C\c3ccc(cn3)c4cccc(F)c4,CHEMBL3091985,IC50,7.17
2080644,CCC(=O)Nc1ccc2nc(\C=C\[C@H]3[C@@H]4CCCC[C@H]4C[C@@H]5[C@H]3[C@@H](C)OC5=O)ccc2c1,CHEMBL381569,IC50,7.17
2080655,COC1C[C@@H]2CCCC[C@@H]2[C@H]1\C=C\c3ccc(cn3)c4cccc(F)c4,CHEMBL3091984,IC50,7.17
2080666,CC(C)(C)c1cc(cc(c1O)C(C)(C)C)C(=O)CN2C(=N)N(Cc3ccccc3)c4ccccc24,CHEMBL98805,IC50,7.19
2080677,CC[C@@H]1[C@@H](C)C[C@]2(O)[C@@H]([C@@H](C)OC2=O)[C@H]1\C=C\c3ccc(cn3)N4CCCC4,CHEMBL2012511,IC50,7.19
2080688,Fc1cccc2[C@H](\C=C\c3ccc(cn3)c4cccc(c4)C(F)(F)F)[C@H]5COC(=O)[C@H]5Cc12,CHEMBL232171,IC50,7.19
2080698,FC(F)(F)c1ccc(cc1)C2CC(CN(C2)C(=O)N3CCC(CC3)C#N)NC(=O)C4CCCC4,CHEMBL3662515,IC50,7.2
2080708,Fc1cccc(c1)c2ccc(\C=C\[C@@H]3[C@H]4COC(=O)[C@H]4Cc5c(Cl)cccc35)nc2,CHEMBL231957,IC50,7.2
2080719,COc1ccc2nc(\C=C\[C@H]3[C@@H]4CCCC[C@H]4C[C@H]5[C@H](O)O[C@H](C)[C@@H]35)ccc2c1,CHEMBL215924,IC50,7.21
2080730,CCN(C1CN(N=C1c2ccc(Cl)cc2)\C(=N/C#N)\Nc3ccc(F)c(Cl)c3)C(=O)CO,CHEMBL3817930,IC50,7.22
2080741,CCN(C1CN(N=C1c2ccc(Cl)cc2)\C(=N/C#N)\Nc3ccc(OC(F)F)cc3)C(=O)CO,CHEMBL3819343,IC50,7.22
2080752,CCOC(=O)N[C@@H]1CC[C@@H]2[C@@H](C1)C[C@@H]3[C@@H]([C@@H](C)OC3=O)[C@H]2\C=C\c4ccc(cn4)c5cocc5,CHEMBL1271461,Ki,7.22
2080763,CSC[C@H](NC(=O)[C@H](Cc1ccc(F)c(F)c1)NC(=O)Nc2ccc3c(CN4CCCC4)cn(Cc5c(Cl)cccc5Cl)c3c2)C(=O)NCCN,CHEMBL431164,IC50,7.22
2080775,CC(C)c1ccc(Cn2ccc3c2ccc4nc(NC5CC5)nc(N)c34)cc1,CHEMBL63426,IC50,7.25
2080785,FC(F)(F)c1ccc(cc1)C2CC(CN(C2)C(=O)N3CCNC(=O)C3)NC(=O)c4ccccc4,CHEMBL3662511,IC50,7.27
2080795,CC(=O)NC1C[C@@H]2CCCC[C@@H]2[C@H]1\C=C\c3ccc(cn3)c4cccc(F)c4,CHEMBL3091979,IC50,7.28
2080807,CC(C)c1ccc(Cn2ccc3c2ccc4nc(nc(N)c34)N(C)C5CC5)cc1,CHEMBL65476,IC50,7.28
2080818,C[C@H]1OC(=O)[C@@H]2C[C@H]3[C@@H](CCCC3(F)F)[C@H](\C=C\c4ccc(cn4)c5cccc(c5)C(F)(F)F)[C@H]12,CHEMBL218000,IC50,7.28
2080829,CCN(C1CN(N=C1c2ccc(Cl)cc2)\C(=N/C#N)\NCCCC(F)(F)F)C(=O)CO,CHEMBL3818421,IC50,7.3
2080840,CCN(C1CN(N=C1c2ccc(Cl)cc2)\C(=N/C#N)\Nc3ccc(Cl)c(Cl)c3)C(=O)CO,CHEMBL3819237,IC50,7.3
2080851,COc1ccc2nc(\C=C\[C@H]3[C@@H]4CCCC[C@H]4C[C@@H]5[C@H]3[C@@H](C)OC5=O)ccc2c1OC,CHEMBL207791,IC50,7.3
2080862,CS(=O)(=O)NC1C[C@@H]2CCCC[C@@H]2[C@H]1\C=C\c3ccc(cn3)c4cccc(F)c4,CHEMBL3091989,IC50,7.3
2080873,C[C@H]1OC(=O)[C@@H]2C[C@@H]3CCCC[C@H]3[C@H](\C=C\c4ccc5cc(ccc5n4)c6ccsc6)[C@H]12,CHEMBL204157,IC50,7.3
2080884,CCOC(=O)N[C@@H]1CC[C@@H]2[C@@H](C1)C[C@@H]3[C@@H]([C@@H](C)OC3=O)[C@H]2\C=C\c4ccc(cn4)c5ccc(OC)cn5,CHEMBL1271353,Ki,7.31
2080895,CC[C@@H]1[C@@H](C)C[C@]2(O)[C@@H]([C@@H](C)OC2=O)[C@H]1\C=C\c3ccc(cn3)c4cccnc4,CHEMBL2012508,IC50,7.31
2080906,C[C@H]1OC(=O)[C@@H]2C[C@@H]3CCCC[C@H]3[C@H](\C=C\c4ccc(cn4)c5nccs5)[C@H]12,CHEMBL231728,IC50,7.33
2080917,Fc1cc(F)c2C[C@H]3[C@H](COC3=O)[C@@H](\C=C\c4ccc(cn4)c5cccc(Cl)c5)c2c1,CHEMBL232333,IC50,7.33
2080928,CC(C)C[C@H](NC(=O)[C@H](Cc1ccc(NC(=N)N)cc1)NC(=O)[C@H](Cc2ccc(F)cc2)N(C(=O)C)C(=O)c3ccc(cc3)c4ccccc4)C(=O)N[C@@H](CCCN=C(N)N)C(=O)N,CHEMBL3143250,IC50,7.34
2080939,C[C@H]1OC(=O)[C@@H]2C[C@@H]3CCCC[C@H]3[C@H](\C=C\c4ccc(cn4)c5ccccc5C(F)(F)F)[C@H]12,CHEMBL372886,IC50,7.34
2080950,CC[C@@H]1[C@@H](C)C[C@@H]2[C@@H]([C@@H](C)OC2=O)[C@H]1\C=C\c3ccc(cn3)c4cccc(C)c4,CHEMBL2012495,IC50,7.35
2080961,CC(C)C[C@H](NC(=O)[C@H](Cc1ccc(NC(=N)N)cc1)NC(=O)[C@H](Cc2ccc(F)cc2)N(C(=O)C)C(=O)\C=C\c3ccccc3)C(=O)N[C@@H](CCCN)C(=O)CC(=O)N,CHEMBL3143253,IC50,7.36
2080972,CCOC(=O)c1ccccc1c2ccc(\C=C\[C@H]3[C@@H]4CCCC[C@H]4C[C@@H]5[C@H]3[C@@H](C)OC5=O)nc2,CHEMBL383606,IC50,7.36
2080985,C[C@H]1OC(=O)[C@@H]2C[C@@H]3CCCC[C@H]3[C@H](\C=C\c4ccc(cn4)c5cccc(c5)C(F)(F)F)[C@H]12,CHEMBL371069,IC50,7.36
2080996,C[C@H]1OC(=O)[C@@H]2C[C@@H]3C[C@@H](CC[C@H]3[C@H](\C=C\c4ccc(cn4)c5cccc(c5)C#N)[C@H]12)NC(=O)OC(C)(C)C,CHEMBL455020,Ki,7.36
2081007,COC1(C)C[C@@H]2CCCC[C@@H]2[C@H]1\C=C\c3ccc(cn3)c4cccc(F)c4,CHEMBL3091982,IC50,7.37
2081018,C[C@H]1OC(=O)[C@@H]2C=C3CCCC[C@H]3[C@H](\C=C\c4ccc(cn4)c5ccccc5)[C@H]12,CHEMBL391624,IC50,7.37
2081029,C[C@H]1OC(=O)[C@@H]2C[C@@H]3C[C@@]4(CC[C@H]3[C@H](\C=C\c5ccc(cn5)c6cccc(c6)C#N)[C@H]12)COC(=O)N4,CHEMBL3288442,Ki,7.37
2081040,CCC(=O)c1cccc(c1)N([C@@H](Cc2ccc(F)cc2)C(=O)N[C@@H](Cc3ccc(NC(=N)N)cc3)C(=O)N[C@@H](CC(C)C)C(=O)N[C@@H](CCCN=C(N)N)C(=O)N)C(=O)C,CHEMBL3143684,IC50,7.38
2081051,CCOC(=O)N[C@@H]1CC[C@@H]2[C@@H](C1)C[C@@H]3[C@@H]([C@@H](C)OC3=O)[C@H]2\C=C\c4ccc(cn4)c5cc(C)ccn5,CHEMBL1271045,Ki,7.38
2081062,CC(C)C[C@H](NC(=O)[C@H](Cc1ccc(NC(=N)N)cc1)NC(=O)[C@H](Cc2ccc(F)cc2)N(C(=O)C)C(=O)\C=C\c3cccc(Cl)c3)C(=O)N[C@@H](CCCN=C(N)N)C(=O)N,CHEMBL3143257,IC50,7.39
2081073,C[C@H]1OC(=O)[C@@H]2C[C@@H]3[C@@H](O)CCC[C@H]3[C@H](\C=C\c4ccc(cn4)c5cccc(c5)C(F)(F)F)[C@H]12,CHEMBL218726,IC50,7.39
2081084,CCN(C1CN(N=C1c2ccc(Cl)cc2)\C(=N/C#N)\NCCC3CC3)C(=O)CO,CHEMBL3819204,IC50,7.4
2081095,COc1ccc(\C=C\C(=O)N([C@@H](Cc2ccc(F)cc2)C(=O)N[C@@H](Cc3ccc(NC(=N)N)cc3)C(=O)N[C@@H](CC(C)C)C(=O)N[C@@H](CCCN=C(N)N)C(=O)N)C(=O)C)cc1,CHEMBL3143251,IC50,7.4
2081106,C[C@H]1OC(=O)[C@@H]2C[C@@H]3C[C@H](O)CC[C@H]3[C@H](\C=C\c4ccc(cn4)c5cccc(Cl)c5)[C@H]12,CHEMBL376285,IC50,7.42
2081117,C[C@H]1OC(=O)[C@@H]2C[C@@H]3CC(F)(F)CC[C@H]3[C@H](\C=C\c4ccc(cn4)c5cccc(c5)C(F)(F)F)[C@H]12,CHEMBL374122,IC50,7.43
2081128,C[C@H]1OC(=O)[C@@H]2C[C@@H]3CN(CC[C@H]3[C@H](\C=C\c4ccc(cn4)c5cccc(c5)C(F)(F)F)[C@H]12)C(=O)C6CC6,CHEMBL389835,IC50,7.43
2081139,C[C@H]1OC(=O)[C@@H]2C[C@@H]3CCCC[C@H]3[C@H](\C=C\c4ccc(cn4)c5ccc(Cl)s5)[C@H]12,CHEMBL391834,IC50,7.44
2081150,CCNC(=O)[C@@H]1CC[C@@H]2[C@@H](C1)C[C@@H]3[C@@H]([C@@H](C)OC3=O)[C@H]2\C=C\c4ccc(cn4)c5cccc(c5)C(F)(F)F,CHEMBL3109571,Ki,7.46
2081161,CC[C@@H]1[C@@H](C)C[C@]2(O)[C@@H]([C@@H](C)OC2=O)[C@H]1\C=C\c3ccc(cn3)c4cccc(C)c4,CHEMBL2012502,IC50,7.46
2081172,C[C@H]1OC(=O)[C@@H]2C[C@@H]3CCCC[C@H]3[C@H](\C=C\c4ccc(cn4)c5cccc(F)c5)[C@H]12,CHEMBL197903,IC50,7.46
2081183,NCCNC(=O)[C@H](Cc1cccs1)NC(=O)[C@H](Cc2ccc(F)c(F)c2)NC(=O)Nc3ccc4c(CN5CCCC5)cn(Cc6c(Cl)cccc6Cl)c4c3,CHEMBL71411,IC50,7.46
2081193,OC1CCN(CC1)C(=O)N2CC(CC(C2)c3ccc(cc3)C(F)(F)F)NC(=O)c4ccccc4,CHEMBL3662508,IC50,7.47
2081203,CC1(O)C[C@@H]2CCCC[C@@H]2[C@H]1\C=C\c3ccc(cn3)c4cccc(F)c4,CHEMBL3091992,IC50,7.48
2081214,CCOC(=O)N1CC[C@@H]2[C@H](C[C@@H]3[C@@H]([C@@H](C)OC3=O)[C@H]2\C=C\c4ccc(cn4)c5ccccn5)C1,CHEMBL244298,IC50,7.48
2081225,CC[C@@H]1[C@@H](C)C[C@]2(O)[C@@H]([C@@H](C)OC2=O)[C@H]1\C=C\c3ccc(cn3)c4ccccc4C,CHEMBL2012501,IC50,7.48
2081236,Cc1ccc(CN2C(=N)N(CC(=O)c3cc(c(O)c(c3)C(C)(C)C)C(C)(C)C)c4ccccc24)cc1,CHEMBL330204,IC50,7.48
2081247,C[C@H](N)C(=O)NC[C@@H]1CC[C@@H]2[C@@H](C1)C[C@@H]3[C@@H]([C@@H](C)OC3=O)[C@H]2\C=C\c4ccc(cn4)c5cccc(F)c5,CHEMBL3109585,Ki,7.5
2081258,C[C@H]1OC(=O)[C@@H]2C[C@@H]3C[C@@]4(CC[C@H]3[C@H](\C=C\c5ccc(cn5)c6cccc(c6)C(F)(F)F)[C@H]12)CNC(=O)O4,CHEMBL3288445,Ki,7.5
2081269,Fc1ccc2C[C@H]3[C@H](COC3=O)[C@@H](\C=C\c4ccc(cn4)c5cccc(c5)C(F)(F)F)c2c1,CHEMBL232372,IC50,7.5
2081280,CC(C)NC(=O)[C@@H]1CC[C@@H]2[C@@H](C1)C[C@@H]3[C@@H]([C@@H](C)OC3=O)[C@H]2\C=C\c4ccc(cn4)c5cccc(c5)C(F)(F)F,CHEMBL3109572,Ki,7.51
2081291,CCCCN\C(=N\C#N)\N1CC(N(CC)C(=O)CO)C(=N1)c2ccc(Cl)cc2,CHEMBL3818898,IC50,7.52
2081302,CCN(C1CN(N=C1c2ccc(Cl)cc2)\C(=N/C#N)\Nc3ccc(Cl)c(Cl)c3)C(=O)COC,CHEMBL3818510,IC50,7.52
2081313,C[C@H]1OC(=O)[C@@H]2C[C@@H]3CCCC[C@H]3[C@H](\C=C\c4ccc5cc(N)ccc5n4)[C@H]12,CHEMBL204955,IC50,7.52
2081324,C[C@H]1OC(=O)[C@@H]2C[C@@H]3C[C@@H](CC[C@H]3[C@H](\C=C\c4ccc(cn4)c5cccc(c5)C(F)(F)F)[C@H]12)NC(=O)C,CHEMBL447913,Ki,7.52
2081335,CC(C)C[C@H](NC(=O)[C@H](Cc1ccc(NC(=N)N)cc1)NC(=O)[C@H](Cc2ccc(F)cc2)NC(=O)c3cocc3)C(=O)N[C@@H](CCCN=C(N)N)C(=O)N,CHEMBL3143247,IC50,7.54
2081345,CCc1ccc(cc1)C2CC(CN(C2)C(=O)C(C)(C)CF)C(=O)Nc3ccccc3,CHEMBL3658401,IC50,7.54
2081671,C[C@H]1OC(=O)[C@@H]2C[C@@H]3CCCC[C@H]3[C@H](\C=C\c4ccc(cn4)N5CCCC5)[C@H]12,CHEMBL233343,IC50,7.54
2081682,C[C@H]1OC(=O)[C@@H]2C[C@@H]3CCCC[C@H]3[C@H](\C=C\c4ccc5cc(OCC(=O)O)ccc5n4)[C@H]12,CHEMBL381593,IC50,7.54
2081693,Fc1cccc2[C@H](\C=C\c3ccc(cn3)c4cccc(Cl)c4)[C@H]5COC(=O)[C@H]5Cc12,CHEMBL232536,IC50,7.54
2081704,CCCC(=O)Nc1ccc2nc(\C=C\[C@H]3[C@@H]4CCCC[C@H]4C[C@@H]5[C@H]3[C@@H](C)OC5=O)ccc2c1,CHEMBL203992,IC50,7.55
2081715,CC[C@@H]1[C@@H](C)C[C@@H]2[C@@H]([C@@H](C)OC2=O)[C@H]1\C=C\c3ccc(cn3)c4cccc(Cl)c4,CHEMBL2012493,IC50,7.55
2081726,COc1cccc(c1)c2ccc(\C=C\[C@H]3[C@@H]4CCCC[C@H]4C[C@@H]5[C@H]3[C@@H](C)OC5=O)nc2,CHEMBL381226,IC50,7.55
2081737,C[C@H]1OC(=O)[C@@H]2C[C@@H]3CC(F)(F)CC[C@H]3[C@H](\C=C\c4ccc(cn4)c5ccccc5F)[C@H]12,CHEMBL217958,IC50,7.55
2081748,C[C@H]1OC(=O)[C@@H]2C[C@@H]3C[C@@]4(CC[C@H]3[C@H](\C=C\c5ccc(cn5)c6cccc(F)c6)[C@H]12)COC(=O)N4,CHEMBL3288440,Ki,7.55
2081759,C[C@H]1OC(=O)[C@@H]2C[C@@H]3C[C@H](O)CC[C@H]3[C@H](\C=C\c4ccc(cn4)c5cccc(F)c5)[C@H]12,CHEMBL219643,IC50,7.55
2081770,C[C@H]1OC(=O)[C@@H]2C[C@@H]3[C@H](O)CCC[C@H]3[C@H](\C=C\c4ccc(cn4)c5cccc(c5)C(F)(F)F)[C@H]12,CHEMBL374265,IC50,7.55
2081781,CC[C@@H]1[C@@H](C)C[C@]2(O)[C@@H]([C@@H](C)OC2=O)[C@H]1\C=C\c3ccc(cn3)c4cccc(F)c4,CHEMBL2012499,IC50,7.57
2081793,C[C@H]1OC(=O)[C@@H]2C[C@@H]3CCCC[C@H]3[C@H](\C=C\c4ccc(cn4)c5ccccc5)[C@H]12,CHEMBL195729,IC50,7.57
2081804,C[C@H]1OC(=O)[C@@H]2C[C@@H]3C[C@@]4(CC[C@H]3[C@H](\C=C\c5ccc(cn5)c6cccc(c6)C(F)(F)F)[C@H]12)COC(=O)N4,CHEMBL3288439,Ki,7.58
2081815,CC(C)C[C@H](NC(=O)[C@H](Cc1ccc(NC(=N)N)cc1)NC(=O)[C@H](Cc2ccc(F)cc2)NC(=O)c3ccc(Cl)cc3)C(=O)N[C@@H](CCCN=C(N)N)C(=O)N,CHEMBL3143682,IC50,7.59
2081826,C[C@H]1OC(=O)[C@@H]2C[C@@H]3CCCC[C@H]3[C@H](\C=C\c4ccc(cn4)c5ccccc5Cl)[C@H]12,CHEMBL382104,IC50,7.59
2081837,C[C@H]1OC(=O)[C@@H]2C[C@@H]3COCC[C@H]3[C@H](\C=C\c4ccc(cn4)c5cccc(F)c5)[C@H]12,CHEMBL243913,IC50,7.59
2081848,C[C@H]1OC(=O)[C@@H]2C[C@@H]3COCC[C@H]3[C@H](\C=C\c4ccc(cn4)c5cccc(F)c5F)[C@H]12,CHEMBL244102,IC50,7.59
2081859,Fc1cccc(c1)c2ccc(\C=C\[C@@H]3[C@H]4CCCC[C@H]4CC35OCCO5)nc2,CHEMBL3091994,IC50,7.59
2081870,CC(C)C[C@H](NC(=O)[C@H](Cc1ccc(NC(=N)N)cc1)NC(=O)[C@H](Cc2ccc(F)cc2)N(C(=O)C)C(=O)\C=C\c3ccc(F)cc3)C(=O)N[C@@H](CCCN=C(N)N)C(=O)N[C@@H](CCCN)C(=O)CC(=O)N,CHEMBL3143278,IC50,7.6
2081881,CC(C)C[C@H](NC(=O)[C@H](Cc1ccc(NC(=N)N)cc1)NC(=O)[C@H](Cc2ccc(F)cc2)NC(=O)c3cccs3)C(=O)N[C@@H](CCCN=C(N)N)C(=O)N,CHEMBL3143277,IC50,7.6
2081892,CC[C@@H]1[C@@H](C)C[C@@H]2[C@@H]([C@@H](C)OC2=O)[C@H]1\C=C\c3ccc(cn3)c4ccccc4Cl,CHEMBL2012492,IC50,7.6
2081903,CNC(=O)[C@@H]1CC[C@@H]2[C@@H](C1)C[C@@H]3[C@@H]([C@@H](C)OC3=O)[C@H]2\C=C\c4ccc(cn4)c5cccc(c5)C(F)(F)F,CHEMBL3109591,Ki,7.6
2081914,CSCC[C@H](NC(=O)[C@H](Cc1ccc(F)c(F)c1)NC(=O)Nc2ccc3c(CN4CCCC4)cn(Cc5c(Cl)cccc5Cl)c3c2)C(=O)NCCN,CHEMBL308050,IC50,7.6
2081925,C[C@H]1OC(=O)[C@@H]2C[C@@H]3CCCC[C@H]3[C@H](\C=C\c4ccc(cn4)c5cccc(Br)c5)[C@H]12,CHEMBL198375,IC50,7.6
2081936,C[C@H]1OC(=O)[C@@H]2C[C@@H]3CCCC[C@H]3[C@H](\C=C\c4ccc(cn4)c5cccc(c5)C#N)[C@H]12,CHEMBL439681,IC50,7.6
2081947,C[C@H]1OC(=O)[C@@H]2C[C@@H]3CCCC[C@H]3[C@H](\C=C\c4ccc5cc(OCC(=O)Nc6ccccc6)ccc5n4)[C@H]12,CHEMBL382830,IC50,7.6
2081958,C[C@H]1OC(=O)[C@@H]2C[C@@H]3CN(CC[C@H]3[C@H](\C=C\c4ccc(cn4)c5cccc(c5)C(F)(F)F)[C@H]12)C(=O)OCc6ccccc6,CHEMBL397491,IC50,7.6
2081969,C[C@H]1OC(=O)[C@@H]2C[C@@H]3COCC[C@H]3[C@H](\C=C\c4ccc(cn4)c5ccccc5F)[C@H]12,CHEMBL387603,IC50,7.6
2081980,C[C@H]1OC(=O)[C@@H]2C[C@@H]3C[C@@]4(CC[C@H]3[C@H](\C=C\c5ccc(cn5)c6ccccc6F)[C@H]12)COC(=O)N4,CHEMBL3288443,Ki,7.6
2081990,Cc1cccc(n1)C(=O)NC2CC(CN(C2)C(=O)N3CCOCC3)c4ccc(cc4)C(F)(F)F,CHEMBL3662513,IC50,7.6
2082000,CC(C)C[C@H](NC(=O)[C@H](Cc1ccc(NC(=N)N)cc1)NC(=O)[C@H](Cc2ccc(F)cc2)NC(=O)c3cc4ccccc4[nH]3)C(=O)N[C@@H](CCCN=C(N)N)C(=O)N,CHEMBL3143683,IC50,7.62
2082011,CC(C)C[C@H](NC(=O)[C@H](Cc1ccc(NC(=N)N)cc1)NC(=O)[C@H](Cc2ccc(F)cc2)NC(=O)c3ccsc3)C(=O)N[C@@H](CCCN=C(N)N)C(=O)N,CHEMBL3143276,IC50,7.62
2082022,CC[C@@H]1[C@@H](C)C[C@@H]2[C@@H]([C@@H](C)OC2=O)[C@H]1\C=C\c3ccc(cn3)c4cccc(c4)C(F)(F)F,CHEMBL2012488,IC50,7.62
2082033,C[C@H]1OC(=O)[C@@H]2C[C@@H]3C[C@H](CNC(=O)[C@@H]4CCCN4)CC[C@H]3[C@H](\C=C\c5ccc(cn5)c6cccc(F)c6)[C@H]12,CHEMBL3109586,Ki,7.62
2082044,CC(C)C[C@H](NC(=O)[C@H](Cc1ccc(NC(=N)N)cc1)NC(=O)[C@H](Cc2ccc(F)cc2)N(C(=O)C)c3sccc3C(=O)C=C)C(=O)N[C@@H](CCCN=C(N)N)C(=O)N,CHEMBL3143302,IC50,7.64
2082055,C[C@H]1OC(=O)[C@@H]2C[C@@H]3C[C@@H](O)CC[C@H]3[C@H](\C=C\c4ccc(cn4)c5cccc(c5)C(F)(F)F)[C@H]12,CHEMBL374106,IC50,7.64
2082066,CC(C)C[C@H](NC(=O)[C@H](Cc1ccc(NC(=N)N)cc1)NC(=O)[C@H](Cc2ccc(F)cc2)N(C(=O)C)C(=O)\C=C\c3ccccc3)C(=O)N[C@@H](CCCN=C(N)N)C(=O)N[C@@H](CCCN)C(=O)CCC(=O)N,CHEMBL3143252,IC50,7.66
2082077,CC[C@@H]1[C@@H](C)C[C@@H]2[C@@H]([C@@H](C)OC2=O)[C@H]1\C=C\c3ccc(cn3)c4ccccc4F,CHEMBL2012490,IC50,7.66
2082088,C[C@H]1OC(=O)[C@@H]2C[C@@H]3CCCC[C@H]3[C@H](\C=C\c4ccc(cn4)c5ccccc5F)[C@H]12,CHEMBL198473,IC50,7.66
2082099,C[C@H]1OC(=O)[C@@H]2C[C@@H]3CCCC[C@H]3[C@H](\C=C\c4ccc(cn4)c5ccccn5)[C@H]12,CHEMBL231942,IC50,7.66
2082110,C[C@H]1OC(=O)[C@@H]2C[C@@H]3CCCC[C@H]3[C@H](\C=C\c4ccc(cn4)c5cccnc5)[C@H]12,CHEMBL231943,IC50,7.66
2082121,C[C@H]1OC(=O)[C@@H]2C[C@@H]3CSCC[C@H]3[C@H](\C=C\c4ccc(cn4)c5cccc(c5)C(F)(F)F)[C@H]12,CHEMBL244290,IC50,7.66
2082132,Fc1cc(F)c2C[C@H]3[C@H](COC3=O)[C@@H](\C=C\c4ccc(cn4)c5cccc(c5)C(F)(F)F)c2c1,CHEMBL232172,IC50,7.67
2082143,CC[C@@H]1[C@@H](C)C[C@@H]2[C@@H]([C@@H](C)OC2=O)[C@H]1\C=C\c3ccc(cn3)c4cccc(c4)C#N,CHEMBL2012496,IC50,7.68
2082154,C[C@H]1OC(=O)[C@@H]2C[C@@H]3COCC[C@H]3[C@H](\C=C\c4ccc(cn4)c5cccc(Cl)c5Cl)[C@H]12,CHEMBL244295,IC50,7.68
2082165,C[C@H]1OC(=O)[C@@H]2C[C@@H]3C[C@]4(CC[C@H]3[C@H](\C=C\c5ccc(cn5)c6cccc(c6)C(F)(F)F)[C@H]12)COC(=O)N4,CHEMBL3288435,Ki,7.68
2082176,Fc1cccc(c1)c2ccc(\C=C\[C@@H]3[C@H]4COC(=O)[C@H]4Cc5c(F)cccc35)nc2,CHEMBL399407,IC50,7.69
2082187,CC[C@@H]1[C@@H](C)C[C@@H]2[C@@H]([C@@H](C)OC2=O)[C@H]1\C=C\c3ccc(cn3)c4ccccc4C,CHEMBL2012494,IC50,7.7
2082198,CC[C@@H]1[C@@H](C)C[C@]2(O)[C@@H]([C@@H](C)OC2=O)[C@H]1\C=C\c3ccc(cn3)c4cccc(c4)C#N,CHEMBL2012503,IC50,7.7
2082209,C[C@H]1OC(=O)[C@@H]2C[C@@H]3C[C@H](CN)CC[C@H]3[C@H](\C=C\c4ccc(cn4)c5cccc(F)c5)[C@H]12,CHEMBL3109580,Ki,7.7
2082220,C[C@H]1OC(=O)[C@@H]2C[C@@H]3C[C@H](N)CC[C@H]3[C@H](\C=C\c4ccc(cn4)c5cccc(F)c5)[C@H]12,CHEMBL498785,Ki,7.7
2082231,CCOC(=O)N[C@@H]1CC[C@@H]2[C@@H](C1)C[C@]3(O)[C@@H]([C@@H](C)OC3=O)[C@H]2\C=C\c4ccc(cn4)c5cccc(F)c5,CHEMBL3109578,Ki,7.71
2082241,CCc1ccc(cc1)C2CC(CN(C2)C(=O)C3CCCC3)NC(=O)c4ccc(cn4)c5cccc(c5)C(F)(F)F,CHEMBL3658405,IC50,7.71
2082251,CC(C)C[C@H](NC(=O)[C@H](Cc1ccc(NC(=N)N)cc1)NC(=O)[C@H](Cc2ccc(F)cc2)NC(=O)c3c[nH]c4ccccc34)C(=O)N[C@@H](CCCN=C(N)N)C(=O)N,CHEMBL3143298,IC50,7.72
2082262,CC(C)c1cccc(c1)c2ccc(\C=C\[C@H]3[C@@H]4CCCC[C@H]4C[C@@H]5[C@H]3[C@@H](C)OC5=O)nc2,CHEMBL197783,IC50,7.72
2082273,CCOC(=O)N[C@@H]1CC[C@@H]2[C@@H](C1)C[C@@H]3[C@@H]([C@@H](C)OC3=O)[C@H]2\C=C\c4ccc(cn4)c5ccccn5,CHEMBL1270738,Ki,7.72
2082284,C[C@H]1OC(=O)[C@@H]2C[C@@H]3CCCC[C@H]3[C@H](\C=C\c4ccc(OCc5ccccc5)cn4)[C@H]12,CHEMBL371850,IC50,7.72
2082295,C[C@H]1OC(=O)[C@@H]2C[C@@H]3COCC[C@H]3[C@H](\C=C\c4ccc(cn4)c5cccc(Cl)c5)[C@H]12,CHEMBL244103,IC50,7.72
2082306,CCNC(=O)N1CC[C@@H]2[C@H](C[C@@H]3[C@@H]([C@@H](C)OC3=O)[C@H]2\C=C\c4ccc(cn4)c5cccc(F)c5)C1,CHEMBL397480,IC50,7.73
2082316,CCc1ccc(cc1)C2CC(CN(C2)C(=O)N3CCOCC3)OC(=O)Nc4ccccc4,CHEMBL3658412,IC50,7.74
2082326,CC[C@@H]1[C@@H](C)C[C@]2(O)[C@@H]([C@@H](C)OC2=O)[C@H]1\C=C\c3ccc(cn3)c4cccc(OC)c4,CHEMBL2012506,IC50,7.75
2082337,C[C@@H](O)[C@@H]1[C@H](CO)C[C@@H]2CCCC[C@H]2[C@@H]1\C=C\c3ccc(cn3)c4cccc(c4)C(F)(F)F,CHEMBL424893,IC50,7.75
2082347,CCc1ccc(cc1)C2CC(CN(C2)C(=O)N3CCCC3)NC(=O)Nc4ccccc4,CHEMBL3658407,IC50,7.76
2082357,CCCOC(=O)N[C@@H]1CC[C@@H]2[C@@H](C1)C[C@@H]3[C@@H]([C@@H](C)OC3=O)[C@H]2\C=C\c4ccc(cn4)c5cccc(F)c5,CHEMBL494816,Ki,7.77
2082368,C[C@H]1OC(=O)[C@@H]2C[C@@H]3COCC[C@H]3[C@H](\C=C\c4ccc(cn4)c5cccc(c5)C(F)(F)F)[C@H]12,CHEMBL390399,IC50,7.77
2082379,C[C@H]1OC(=O)[C@@H]2C[C@@H]3C[C@H](O)CC[C@H]3[C@H](\C=C\c4ccc(cn4)c5cccc(c5)C(F)(F)F)[C@H]12,CHEMBL218933,IC50,7.77
2082389,FC(F)(F)c1ccc(cc1)C2CC(CN(C2)C(=O)N3CCOCC3)NC(=O)c4ccccc4,CHEMBL3662507,IC50,7.77
2082399,CC(C)C[C@H](NC(=O)[C@H](Cc1ccc(NC(=N)N)cc1)NC(=O)[C@H](Cc2ccc(F)cc2)N(C(=O)C)C(=O)\C=C\c3ccccc3)C(=O)N[C@@H](CCCN=C(N)N)C(=O)N[C@@H](CCCN)C(=O)CC(=O)N,CHEMBL3143274,IC50,7.78
2082410,COCCOC(=O)N1CC[C@@H]2[C@H](C[C@@H]3[C@@H]([C@@H](C)OC3=O)[C@H]2\C=C\c4ccc(cn4)c5cccc(F)c5)C1,CHEMBL394576,IC50,7.78
2082421,C[C@H]1OC(=O)[C@@H]2C[C@@H]3C[C@H](O)CC[C@H]3[C@H](\C=C\c4ccc(cn4)c5cccc(Cl)c5Cl)[C@H]12,CHEMBL374503,IC50,7.78
2082432,C[C@H]1OC(=O)[C@@H]2C[C@@H]3CCCC[C@H]3[C@H](\C=C\c4ccc(cn4)c5cccs5)[C@H]12,CHEMBL233548,IC50,7.8
2082442,Cc1ccc(cc1C)C2CC(CN(C2)C(=O)C3(N)CCC3)NC(=O)c4ccccc4,CHEMBL3658415,IC50,7.8
2082452,C[C@H]1OC(=O)[C@@H]2C[C@@H]3CN(CC[C@H]3[C@H](\C=C\c4ccc(cn4)c5cccc(F)c5)[C@H]12)C(=O)C6CC6,CHEMBL244109,IC50,7.81
2082463,C[C@H]1OC(=O)[C@@H]2C[C@@H]3C[C@]4(CC[C@H]3[C@H](\C=C\c5ccc(cn5)c6cccc(F)c6)[C@H]12)COC(=O)N4,CHEMBL3288436,Ki,7.81
2082473,FC(F)(F)c1ccc(cc1)C2CC(CN(C2)C(=O)N3CCS(=O)(=O)CC3)NC(=O)c4ccccc4,CHEMBL3662510,IC50,7.81
2082483,Fc1ccc2[C@H](\C=C\c3ccc(cn3)c4cccc(Cl)c4)[C@H]5COC(=O)[C@H]5Cc2c1F,CHEMBL232348,IC50,7.81
2082494,CCOC(=O)N[C@@H]1CC[C@@H]2[C@@H](C1)C[C@@H]3[C@@H]([C@@H](C)OC3=O)[C@H]2\C=C\c4ccc(cn4)c5ccccc5C#N,CHEMBL1270537,Ki,7.82
2082505,CC[C@@H]1[C@@H](C)C[C@@H]2[C@@H]([C@@H](C)OC2=O)[C@H]1\C=C\c3ccc(cn3)c4cccc(F)c4,CHEMBL2012491,IC50,7.82
2082517,COc1ccc2nc(\C=C\[C@H]3[C@@H]4CCCC[C@H]4C[C@@H]5[C@H]3[C@@H](C)OC5=O)ccc2c1,CHEMBL206502,IC50,7.82
2082528,C[C@H]1OC(=O)[C@@H]2C[C@@H]3CC(F)(F)CC[C@H]3[C@H](\C=C\c4ccc(cn4)c5cccc(F)c5)[C@H]12,CHEMBL219522,IC50,7.82
2082539,C[C@H]1OC(=O)[C@@H]2C[C@@H]3CN(CC[C@H]3[C@H](\C=C\c4ccc(cn4)c5cccc(F)c5)[C@H]12)S(=O)(=O)C,CHEMBL244315,IC50,7.82
2082550,C[C@H]1OC(=O)[C@@H]2C[C@@H]3C[C@H](CNS(=O)(=O)C)CC[C@H]3[C@H](\C=C\c4ccc(cn4)c5cccc(F)c5)[C@H]12,CHEMBL3109588,Ki,7.82
2082561,CCS(=O)(=O)NC[C@@H]1CC[C@@H]2[C@@H](C1)C[C@@H]3[C@@H]([C@@H](C)OC3=O)[C@H]2\C=C\c4ccc(cn4)c5cccc(F)c5,CHEMBL3109589,Ki,7.84
2082571,C[C@@H]1CC[C@@H](C)N1C(=O)N2CC(CC(C2)c3ccc(cc3)C(F)(F)F)NC(=O)c4ccccc4,CHEMBL3662509,IC50,7.84
2082581,Clc1cccc(c1)c2ccc(\C=C\[C@@H]3[C@H]4COC(=O)[C@H]4Cc5ccccc35)nc2,CHEMBL399820,IC50,7.84
2082592,Fc1cccc(c1)c2ccc(\C=C\[C@@H]3[C@H]4COC(=O)[C@H]4Cc5ccc(Cl)cc35)nc2,CHEMBL391436,IC50,7.84
2082603,CCOC(=O)NC[C@@H]1CC[C@@H]2[C@@H](C1)C[C@@H]3[C@@H]([C@@H](C)OC3=O)[C@H]2\C=C\c4ccc(cn4)c5cccc(F)c5,CHEMBL3109582,Ki,7.85
2082614,C[C@H]1OC(=O)[C@@H]2C[C@@H]3CCCC[C@H]3[C@H](\C=C\c4ccc(cn4)c5ccccc5C)[C@H]12,CHEMBL436130,IC50,7.85
2082625,C[C@H]1OC(=O)[C@@H]2C[C@@H]3C[C@H](CNC(=O)C4CCNCC4)CC[C@H]3[C@H](\C=C\c5ccc(cn5)c6cccc(F)c6)[C@H]12,CHEMBL3109587,Ki,7.87
2082636,CCNC(=O)NC[C@@H]1CC[C@@H]2[C@@H](C1)C[C@@H]3[C@@H]([C@@H](C)OC3=O)[C@H]2\C=C\c4ccc(cn4)c5cccc(F)c5,CHEMBL3109590,Ki,7.89
2082647,CCOC(=O)N[C@@H]1CC[C@@H]2[C@@H](C1)C[C@@H]3[C@@H]([C@@H](C)OC3=O)[C@H]2\C=C\c4ccc(cn4)c5cccc(c5)C(F)(F)F,CHEMBL449425,Ki,7.89
2082658,CC[C@@H]1[C@@H](C)C[C@@H]2[C@@H]([C@@H](C)OC2=O)[C@H]1\C=C\c3ccc(cn3)c4cccc(Cl)c4Cl,CHEMBL2012497,IC50,7.89
2082669,C[C@H]1OC(=O)[C@@H]2C[C@@H]3CCCC[C@H]3[C@H](\C=C\c4ccc(cn4)c5cccc(C)c5)[C@H]12,CHEMBL197686,IC50,7.89
2082680,C[C@H]1OC(=O)[C@@H]2C[C@@H]3COCC[C@H]3[C@H](\C=C\c4ccc(cn4)c5ccccc5Cl)[C@H]12,CHEMBL244294,IC50,7.89
2082691,Fc1ccc2[C@H](\C=C\c3ccc(cn3)c4cccc(Cl)c4)[C@H]5COC(=O)[C@H]5Cc2c1,CHEMBL231713,IC50,7.89
2082702,CCC(=O)NC[C@@H]1CC[C@@H]2[C@@H](C1)C[C@@H]3[C@@H]([C@@H](C)OC3=O)[C@H]2\C=C\c4ccc(cn4)c5cccc(F)c5,CHEMBL3109584,Ki,7.9
2082713,COc1ccc2nc(\C=C\[C@H]3[C@@H]4COC(=O)[C@@H]4Cc5ccccc35)ccc2c1,CHEMBL234690,IC50,7.9
2082724,CCOC(=O)N[C@@H]1CC[C@@H]2[C@@H](C1)C[C@@H]3[C@@H]([C@@H](C)OC3=O)[C@H]2\C=C\c4ccc(cn4)c5ccccc5OC,CHEMBL1270636,Ki,7.92
2082735,C[C@H]1OC(=O)[C@@H]2C[C@@H]3CC(F)(F)CC[C@H]3[C@H](\C=C\c4ccc(cn4)c5cccc(Cl)c5)[C@H]12,CHEMBL373836,IC50,7.92
2082746,C[C@H]1OC(=O)[C@@H]2C[C@@H]3CCCC[C@H]3[C@H](\C=C\c4ccc(cn4)c5occc5)[C@H]12,CHEMBL233546,IC50,7.92
2082757,C[C@H]1OC(=O)[C@@H]2C[C@@H]3C[C@H](CNC(=O)C)CC[C@H]3[C@H](\C=C\c4ccc(cn4)c5cccc(F)c5)[C@H]12,CHEMBL3109583,Ki,7.92
2082768,CCOC(=O)N1CC[C@@H]2[C@H](C[C@@H]3[C@@H]([C@@H](C)OC3=O)[C@H]2\C=C\c4ccc(cn4)c5cccc(c5)C(F)(F)F)C1,CHEMBL410157,IC50,7.96
2082779,CCOC(=O)N[C@@H]1CC[C@@H]2[C@@H](C1)C[C@@H]3[C@@H]([C@@H](C)OC3=O)[C@H]2\C=C\c4ccc(cn4)c5cccc(C)c5F,CHEMBL507697,Ki,7.96
2082790,CCOC(=O)N[C@@H]1CC[C@@H]2[C@@H](C1)C[C@@H]3[C@@H]([C@@H](C)OC3=O)[C@H]2\C=C\c4ccc(cn4)c5cccc(Cl)c5,CHEMBL521531,Ki,7.96
2082801,CCOC(=O)N[C@@H]1CC[C@@H]2[C@@H](C1)C[C@@H]3[C@@H]([C@@H](C)OC3=O)[C@H]2\C=C\c4ccc(cn4)c5ccccc5F,CHEMBL495422,Ki,7.96
2082811,CCc1ccc(cc1)C2CC(CN(C2)C(=O)N3CCC(CC3)C#N)NC(=O)c4cccc(OC)c4,CHEMBL3662512,IC50,7.96
2082821,COc1ccccc1c2ccc(\C=C\[C@H]3[C@@H]4CCCC[C@H]4C[C@@H]5[C@H]3[C@@H](C)OC5=O)nc2,CHEMBL370656,IC50,7.96
2082832,C[C@H]1OC(=O)[C@@H]2C[C@@H]3CC(F)(F)CC[C@H]3[C@H](\C=C\c4ccc(cn4)c5ccccc5Cl)[C@H]12,CHEMBL218935,IC50,7.96
2082843,C[C@H]1OC(=O)[C@@H]2C[C@@H]3CCCC[C@H]3[C@H](\C=C\c4ccc(cn4)c5ccsc5)[C@H]12,CHEMBL231727,IC50,7.96
2082854,C[C@H]1OC(=O)[C@@H]2C[C@@H]3C[C@@H](CC[C@H]3[C@H](\C=C\c4ccc(cn4)c5cccc(F)c5)[C@H]12)NS(=O)(=O)C,CHEMBL493975,Ki,7.96
2082864,FC(F)(F)Oc1ccc(cc1)C2CC(CN(C2)C(=O)c3ccncc3)NC(=O)c4ccccc4,CHEMBL3658414,IC50,7.96
2082874,COc1ccc(C[C@H](NC(=O)Nc2ccc3c(CNC4CCCC4)cn(Cc5ccc(F)cc5)c3c2)C(=O)N[C@@H](CCCN=C(N)N)C(=O)NCc6ccccc6)cc1,CHEMBL7627,Kd,7.97
2082885,CCOC(=O)N1CC[C@@H]2[C@H](C[C@@H]3[C@@H]([C@@H](C)OC3=O)[C@H]2\C=C\c4ccc(cn4)c5cccc(F)c5)C1,CHEMBL390630,IC50,7.98
2082896,CCN(C1CN(N=C1c2ccc(Cl)cc2)\C(=N/C#N)\NCCc3cccc(Cl)c3)C(=O)CO,CHEMBL3819038,IC50,8.0
2082907,C[C@H]1OC(=O)[C@@H]2C[C@@H]3CCCC[C@H]3[C@H](\C=C\c4ccc(cn4)c5cccc(Cl)c5)[C@H]12,CHEMBL199201,IC50,8.0
2082918,C[C@H]1OC(=O)[C@@H]2C[C@@H]3C[C@@H](CC[C@H]3[C@H](\C=C\c4ccc(cn4)c5cccc(c5)C(F)(F)F)[C@H]12)NS(=O)(=O)C,CHEMBL447996,Ki,8.0
2082929,FC(F)(F)c1cccc(c1)c2ccc(\C=C\[C@@H]3[C@H]4COC(=O)[C@H]4Cc5ccccc35)nc2,CHEMBL234190,IC50,8.0
2082940,Fc1ccc2C[C@H]3[C@H](COC3=O)[C@@H](\C=C\c4ccc(cn4)c5cccc(Cl)c5)c2c1,CHEMBL232534,IC50,8.0
2082951,Fc1cccc(c1)c2ccc(\C=C\[C@@H]3[C@H]4COC(=O)[C@H]4Cc5ccc(F)cc35)nc2,CHEMBL269006,IC50,8.0
2082962,CCC(=O)c1cccc(c1)N([C@@H](Cc2ccc(F)cc2)C(=O)N[C@@H](Cc3ccc(NC(=N)N)cc3)C(=O)N[C@@H](CC(C)C)C(=O)N[C@@H](CCCN=C(N)N)C(=O)N[C@@H](CCCN=C(N)N)C(=O)N)C(=O)C,CHEMBL3143280,IC50,8.05
2082973,C[C@H]1OC(=O)[C@@H]2C[C@@H]3C[C@@]4(CC[C@H]3[C@H](\C=C\c5ccc(cn5)c6ccccc6C#N)[C@H]12)COC(=O)N4,CHEMBL3288441,Ki,8.05
2082984,CC[C@@H]1[C@@H](C)C[C@@H]2[C@@H]([C@@H](C)OC2=O)[C@H]1\C=C\c3ccc(cn3)c4ccccc4,CHEMBL2012489,IC50,8.06
2082997,CC[C@@H]1[C@@H](C)C[C@]2(O)[C@@H]([C@@H](C)OC2=O)[C@H]1\C=C\c3ccc(cn3)c4cocc4,CHEMBL2012510,IC50,8.07
2083008,Fc1cccc(c1)c2ccc(\C=C\[C@@H]3[C@H]4CCCC[C@H]4CC35CNC(=O)O5)nc2,CHEMBL3091981,IC50,8.07
2083019,CC[C@@H]1[C@@H](C)C[C@]2(O)[C@@H]([C@@H](C)OC2=O)[C@H]1\C=C\c3ccc(cn3)c4ccccc4OC,CHEMBL2012505,IC50,8.09
2083030,CCOC(=O)N1CC[C@@H]2[C@H](C[C@@H]3[C@@H]([C@@H](C)OC3=O)[C@H]2\C=C\c4ccc(cn4)c5ccccc5F)C1,CHEMBL244105,IC50,8.1
2083041,C[C@H]1OC(=O)[C@@H]2C[C@@H]3CN(CC[C@H]3[C@H](\C=C\c4ccc(cn4)c5ccccc5F)[C@H]12)C(=O)C6CC6,CHEMBL244299,IC50,8.1
2083052,C[C@H]1OC(=O)[C@@H]2C[C@@H]3C[C@H](CO)CC[C@H]3[C@H](\C=C\c4ccc(cn4)c5cccc(F)c5)[C@H]12,CHEMBL3109579,Ki,8.1
2083063,Fc1ccc2[C@H](\C=C\c3ccc(cn3)c4cccc(F)c4)[C@H]5COC(=O)[C@H]5Cc2c1,CHEMBL232955,IC50,8.12
2083074,CC(C)C[C@H](NC(=O)[C@H](Cc1ccc(NC(=N)N)cc1)NC(=O)[C@H](Cc2ccc(F)cc2)NC(=O)\C=C\c3ccccc3)C(=O)N[C@@H](CCCN=C(N)N)C(=O)N[C@@H](CCCN=C(N)N)C(=O)N,CHEMBL46869,IC50,8.13
2083085,Fc1cccc(c1)c2ccc(\C=C\[C@@H]3[C@H]4COC(=O)[C@H]4Cc5ccccc35)nc2,CHEMBL234397,IC50,8.13
2083095,FC(F)(F)Oc1ccc(cc1)C2CC(CN(C2)C(=O)N3CCC(CC3)C#N)NC(=O)c4ccccc4,CHEMBL3658413,IC50,8.15
2083105,Fc1cccc(c1)c2ccc(\C=C\[C@@H]3[C@H]4COC(=O)[C@H]4Cc5c(F)c(F)ccc35)nc2,CHEMBL391098,IC50,8.16
2083116,CCC(=O)N[C@@H]1CC[C@@H]2[C@@H](C1)C[C@@H]3[C@@H]([C@@H](C)OC3=O)[C@H]2\C=C\c4ccc(cn4)c5cccc(F)c5,CHEMBL493792,Ki,8.19
2083127,CC[C@@H]1[C@@H](C)C[C@]2(O)[C@@H]([C@@H](C)OC2=O)[C@H]1\C=C\c3ccc(cn3)c4ccccc4,CHEMBL2012500,IC50,8.19
2083138,CS(=O)(=O)OC1C[C@@H]2CCCC[C@@H]2[C@H]1\C=C\c3ccc(cn3)c4cccc(F)c4,CHEMBL3091975,IC50,8.19
2083149,C[C@H]1OC(=O)[C@@H]2C[C@@H]3C[C@@H](CC[C@H]3[C@H](\C=C\c4ccc(cn4)c5cccc(F)c5)[C@H]12)NC(=O)C6CC6,CHEMBL494618,Ki,8.19
2083160,C[C@H]1OC(=O)[C@@H]2C[C@@H]3CCCC[C@H]3[C@H](\C=C\c4ccc5cc(O)ccc5n4)[C@H]12,CHEMBL381265,IC50,8.2
2083171,C[C@H]1OC(=O)[C@@H]2C[C@@H]3C[C@@H](CC[C@H]3[C@H](\C=C\c4ccc(cn4)c5cccc(F)c5)[C@H]12)NC(=O)C,CHEMBL493632,Ki,8.21
2083182,COC(=O)N[C@@H]1CC[C@@H]2[C@@H](C1)C[C@@H]3[C@@H]([C@@H](C)OC3=O)[C@H]2\C=C\c4ccc(cn4)c5cccc(F)c5,CHEMBL493983,Ki,8.22
2083193,CCOC(=O)N[C@@H]1CC[C@@H]2[C@@H](C1)C[C@@H]3[C@@H]([C@@H](C)OC3=O)[C@H]2\C=C\c4ccc(cn4)c5cc(F)cc(F)c5,CHEMBL458264,Ki,8.23
2083204,CCOC(=O)N[C@@H]1CC[C@@H]2[C@@H](C1)C[C@@H]3[C@@H]([C@@H](C)OC3=O)[C@H]2\C=C\c4ccc(cn4)c5cccc(OC)c5,CHEMBL446344,Ki,8.23
2083215,CN(C1C[C@@H]2CCCC[C@@H]2[C@H]1\C=C\c3ccc(cn3)c4cccc(F)c4)C(=O)C,CHEMBL3091991,IC50,8.27
2083226,C[C@H]1OC(=O)[C@@H]2C[C@@H]3C[C@]4(CC[C@H]3[C@H](\C=C\c5ccc(cn5)c6ccccc6C#N)[C@H]12)COC(=O)N4,CHEMBL3288437,Ki,8.29
2083237,COC(=O)NC[C@@H]1CC[C@@H]2[C@@H](C1)C[C@@H]3[C@@H]([C@@H](C)OC3=O)[C@H]2\C=C\c4ccc(cn4)c5cccc(F)c5,CHEMBL3109581,Ki,8.3
2083248,CCNC(=O)N[C@@H]1CC[C@@H]2[C@@H](C1)C[C@@H]3[C@@H]([C@@H](C)OC3=O)[C@H]2\C=C\c4ccc(cn4)c5cccc(F)c5,CHEMBL523854,Ki,8.32
2083259,CC[C@@H]1[C@@H](C)C[C@]2(O)[C@@H]([C@@H](C)OC2=O)[C@H]1\C=C\c3ccc(cn3)c4ccsc4,CHEMBL2012509,IC50,8.34
2083270,CNC(=O)N[C@@H]1CC[C@@H]2[C@@H](C1)C[C@@H]3[C@@H]([C@@H](C)OC3=O)[C@H]2\C=C\c4ccc(cn4)c5cccc(F)c5,CHEMBL493633,Ki,8.36
2083281,CCOC(=O)N(C)[C@@H]1CC[C@@H]2[C@@H](C1)C[C@@H]3[C@@H]([C@@H](C)OC3=O)[C@H]2\C=C\c4ccc(cn4)c5cccc(F)c5,CHEMBL500551,Ki,8.39
2083292,CC(C)C[C@H](NC(=O)[C@H](Cc1ccc(NC(=N)N)cc1)NC(=O)[C@H](Cc2ccc(F)cc2)N(C(=O)C)c3cccc(c3)C(=O)C#C)C(=O)N[C@@H](CCCN=C(N)N)C(=O)N[C@@H](CCCN=C(N)N)C(=O)N,CHEMBL3143273,IC50,8.4
2083303,CCOC(=O)N(C)[C@@H]1CC[C@@H]2[C@@H](C1)C[C@@H]3[C@@H]([C@@H](C)OC3=O)[C@H]2\C=C\c4ccc(cn4)c5cccc(c5)C(F)(F)F,CHEMBL453277,Ki,8.43
2083314,COc1ccc(C[C@H](NC(=O)Nc2ccc3c(CN4CCCC4)cn(Cc5ccc(OC(F)(F)F)cc5)c3c2)C(=O)N[C@@H](CCCN=C(N)N)C(=O)NCc6ccccc6)cc1,CHEMBL268328,Kd,8.62
2083325,COc1ccc(C[C@H](NC(=O)Nc2ccc3c(CN4CCCC4)cn(Cc5ccc(F)cc5)c3c2)C(=O)N[C@@H](CCCN=C(N)N)C(=O)NCc6ccccc6)cc1,CHEMBL269345,Kd,8.66
2083336,CCOC(=O)N[C@@H]1CC[C@@H]2[C@@H](C1)C[C@@H]3[C@@H]([C@@H](C)OC3=O)[C@H]2\C=C\c4ccc(cn4)c5cccc(c5)C#N,CHEMBL442649,Ki,8.75
2083347,COc1ccc(C[C@H](NC(=O)Nc2ccc3c(CN4CCCC4)cn(Cc5c(Cl)cccc5Cl)c3c2)C(=O)N[C@@H](CCCNC(=N)N)C(=O)NCc6ccccc6)cc1,CHEMBL7610,Kd,8.89
2083358,NC(=N)NCCC[C@H](NC(=O)[C@H](Cc1ccc(F)c(F)c1)NC(=O)Nc2ccc3c(CN4CCCC4)cn(Cc5c(Cl)cccc5Cl)c3c2)C(=O)NCc6ccccc6,CHEMBL428311,Kd,9.09
2083369,NC(=N)NCCC[C@H](NC(=O)[C@H](Cc1ccccc1)NC(=O)Nc2ccc3c(CN4CCCC4)cn(Cc5ccc(F)cc5)c3c2)C(=O)NCc6ccccc6,CHEMBL275946,Kd,9.16
2083380,NCC[C@H](NC(=O)[C@H](Cc1ccc(F)c(F)c1)NC(=O)Nc2ccc3c(CN4CCCC4)nn(Cc5c(Cl)cccc5Cl)c3c2)C(=O)NCc6ccccc6,CHEMBL7642,Kd,9.82
2083391,NC(=N)NCCC[C@H](NC(=O)[C@H](Cc1ccc(F)c(F)c1)NC(=O)Nc2ccc3c(CN4CCCC4)cn(Cc5c(Cl)cccc5Cl)c3c2)C(=O)NCc6ccncc6,CHEMBL267059,Kd,10.4
