id,smiles,name,assay_type,activity_value
7788658,CC[C@H](C)[C@H](NC(=O)[C@H](CC(C)C)NC(=O)c1occc1)C(=O)NCC(=O)N[C@@H](CCCNC(=N)N)C(=O)N[C@@H](CC(C)C)C(=O)N[C@@H](CCCN)C(=O)N,CHEMBL509819,IC50,7.0
7788670,C\C(=N/NC(=O)[C@H]1[C@@H](CNC1=O)c2ccccc2)\c3cccc(Br)c3,CHEMBL494502,EC50,7.52
7788680,CCCCCCCCCCCCCCCC(=O)N[C@@H](CCCNC(=N)N)C(=O)N[C@@H](CCSC)C(=O)N[C@@H](CC(C)C)C(=O)N[C@@H](CCCNC(=N)N)C(=O)N[C@@H](CO)C(=O)N[C@@H](CO)C(=O)N[C@@H](C)C(=O)N[C@@H](CCSC)C(=O)N[C@@H](CC(=O)O)C(=O)N[C@@H](CCC(=O)O)C(=O)N[C@@H](CC(=O)N)C(=O)N[C@@H](CO)C(=O)N[C@@H](CCC(=O)O)C(=O)N[C@@H](CCCCN)C(=O)N[C@@H](CCCCN)C(=O)N[C@@H](CCCNC(=N)N)C(=O)N[C@@H](CCCCN)C(=O)N[C@@H](CCCNC(=N)N)C(=O)N[C@@H](C)C(=O)N[C@@H]([C@@H](C)CC)C(=O)N[C@@H](Cc1ccccc1)C(=O)O,CHEMBL2431720,EC50,7.6
4100145,CC(C)[C@]12O[C@H]1[C@@H]3O[C@@]34[C@@]5(C)CCC6=C(COC6=O)[C@@H]5C[C@@H]7O[C@]47[C@@H]2O,CHEMBL463763,IC50,7.64
7788693,CCCCCCCCCCCCCCCC(=O)OCCOCCOCCNCCC[C@H](NC(=O)[C@H](CC(C)C)NC(=O)[C@H](CCCNC(=N)N)NC(=O)CNC(=O)[C@@H](NC(=O)[C@H](CC(C)C)NC(=O)c1csc(N)n1)[C@@H](C)CC)C(=O)N,CHEMBL2431724,EC50,8.0
7788704,CC(C)c1cc(nn2cc(nc12)C(=O)N3CCN(CC3(C)C)C(=O)OC(C)(C)C)c4ccc(F)cc4,CHEMBL3582248,IC50,8.3
7788715,CC(C)c1cc(nn2cc(nc12)C(=O)N3CCN([C@@H](C)C3)C(=O)Cc4ccsc4)c5ccc(F)cc5,CHEMBL3582250,IC50,8.3
7788726,CC(C)(C)OC(=O)N1CCN(C(=O)c2cn3nc(cc(c3n2)C(C)(C)C)c4ccc(F)cc4)C(C)(C)C1,CHEMBL3582251,IC50,8.32
