id,smiles,name,assay_type,activity_value
5924124,Cc1ccc(s1)C(NC(=O)c2ccccc2O)C(=O)Nc3c(C)cccc3C,CHEMBL1770298,IC50,7.0
5924138,CSCC[C@H](NC=O)C(=O)N[C@@H](CC(C)C)C(=O)N[C@@H](Cc1ccccc1)C(=O)O,CHEMBL267179,Ki,7.38
5924149,CCOc1ccc2oc(C(=O)NC(CCSC)c3nc4ccccc4[nH]3)c(C)c2c1,CHEMBL1770297,IC50,7.5
5924160,CC(C)C[C@@H](NC(=O)[C@H](Cc1ccccc1)NC(=O)[C@@H](CC(C)C)NC(=O)[C@H](Cc2ccccc2)NC(=O)NC34CC5CC(CC(C5)C3)C4)C(=O)N[C@@H](Cc6ccccc6)C(=O)O,CHEMBL415296,IC50,7.7
5924171,COc1ccc(NC(=O)N[C@@H](CCSC)C(=O)N[C@@H](CC(C)C)C(=O)NC(Cc2ccccc2)C(=O)O)cc1,CHEMBL7753,IC50,8.7
