id,smiles,name,assay_type,activity_value
9864946,CN(C)CCOc1ccc(cc1)N2C(=O)\C(=N\c3cccc(c3)C(F)(F)F)\c4ccccc24,CHEMBL209730,Ki,7.05
9864958,FC(F)(F)c1cccc(c1)\N=C/2\C(=O)N(CC#C)c3ccccc23,CHEMBL387401,Ki,7.05
9864969,CCN(CC)CCOc1cccc(c1)N2C(=O)\C(=N\c3cccc(c3)C(F)(F)F)\c4ccccc24,CHEMBL209481,Ki,7.06
9864980,CCN(CC)CCOc1ccc(cc1)N2C(=O)\C(=N\c3cccc(c3)C(F)(F)F)\c4ccccc24,CHEMBL211467,Ki,7.11
9864991,CCN(CC)CCCCOc1ccc(cc1)N2C(=O)\C(=N\c3cccc(c3)C(F)(F)F)\c4ccccc24,CHEMBL377328,Ki,7.16
9865002,CCC(CC)N1C(=O)\C(=N\c2ccc(cc2)C(F)(F)F)\c3ccccc13,CHEMBL211169,Ki,7.28
9865013,FC(F)(F)c1cccc(c1)\N=C/2\C(=O)N(c3cccc(OCCCN4CCCC4)c3)c5ccccc25,CHEMBL211031,Ki,7.31
9865024,CCN(CC)CCCCOc1cccc(c1)N2C(=O)\C(=N\c3cccc(c3)C(F)(F)F)\c4ccccc24,CHEMBL209476,Ki,7.35
9865035,CCN(CC)COc1cccc(c1)N2C(=O)\C(=N\c3cccc(c3)C(F)(F)F)\c4ccccc24,CHEMBL383941,Ki,7.42
9865046,CCN(CC)CCCOc1ccc(cc1)N2C(=O)\C(=N\c3cccc(c3)C(F)(F)F)\c4ccccc24,CHEMBL213893,Ki,7.47
9865057,CN(C)CCCOc1cccc(c1)N2C(=O)\C(=N\c3cccc(c3)C(F)(F)F)\c4ccccc24,CHEMBL377468,Ki,7.54
9865068,CCN(CC)C[C@H](O)COc1cccc(c1)N2C(=O)\C(=N\c3cccc(c3)C(F)(F)F)\c4ccccc24,CHEMBL209642,Ki,7.57
9865079,CN(C)CCOc1cccc(c1)N2C(=O)\C(=N\c3cccc(c3)C(F)(F)F)\c4ccccc24,CHEMBL211398,Ki,7.59
9865090,CCN(CC)CCCOc1cccc(c1)N2C(=O)\C(=N\c3cccc(c3)C(F)(F)F)\c4ccccc24,CHEMBL378825,Ki,7.68
671255,FC(F)(F)c1cccc(c1)\N=C/2\C(=O)N(c3ccccc3)c4ccccc24,CHEMBL210288,Ki,7.77
9865103,CCN(CC)CC(O)COc1cccc(c1)N2C(=O)\C(=N\c3cccc(c3)C(F)(F)F)\c4ccccc24,CHEMBL378991,Ki,7.82
9865114,FC(F)(F)c1cccc(c1)\N=C/2\C(=O)N(c3cccc(OCCN4CCCCC4)c3)c5ccccc25,CHEMBL209498,Ki,8.1
4123731,FC(F)(F)c1cccc(c1)\N=C/2\C(=O)N(c3cccc(OCCN4CCCC4)c3)c5ccccc25,CHEMBL209497,Ki,8.3
