id,smiles,name,assay_type,activity_value
3768080,Cc1cc(NC(=O)N(Cc2ccc(cc2)C(=O)NC[C@@H](O)C(=O)O)[C@@H]3CC[C@H](CC3)C(C)(C)C)cc(c1)C(F)(F)F,CHEMBL486651,IC50,7.01
3768093,CC(C)(C)[C@@H]1CC[C@H](CC1)N(Cc2ccc(cc2)C(=O)NCCC(=O)O)C(=O)Nc3cc(cc(c3)C(F)(F)F)C(F)(F)F,CHEMBL375167,IC50,7.03
3768104,O[C@H](CNC(=O)c1ccc(CN(C(=O)Nc2cc(Cl)cc(Cl)c2)c3ccc(cc3)C4CCCCC4)cc1)C(=O)O,CHEMBL487668,IC50,7.03
3768115,CC(C)(C)[C@@H]1CC[C@H](CC1)N(Cc2ccc(cc2)C(=O)NC[C@@H](O)C(=O)O)C(=O)Nc3cc(cc(c3)C(F)(F)F)C(F)(F)F,CHEMBL499160,IC50,7.06
3768126,O[C@H](CNC(=O)c1ccc(CN(C(=O)Nc2ccc3OC(F)(F)OC(F)(F)c3c2)c4ccc(cc4)C5=CCCCC5)cc1)C(=O)O,CHEMBL455214,IC50,7.08
3768137,CC(C)(C)c1cccc(NC(=O)N(Cc2ccc(cc2)C(=O)NC[C@@H](O)C(=O)O)c3ccc(cc3)C4CCCCC4)c1,CHEMBL447742,IC50,7.13
3768149,OC(=O)CCNC(=O)c1ccc(CN(C(=O)Nc2cc(Cl)cc(Cl)c2)c3ccc(cc3)C4=CCCCC4)cc1,CHEMBL386446,IC50,7.19
3768160,CC(C)(C)c1ccc(cc1)N(Cc2ccc(cc2)C(=O)NCCC(=O)O)C(=O)Nc3ccc(OC(F)(F)F)cc3,CHEMBL219384,IC50,7.42
3768171,CC(C)(C)C1CCC(CC1)N(Cc2ccc(cc2)C(=O)NCCC(=O)O)C(=O)Nc3ccc(OC(F)(F)F)cc3,CHEMBL198736,IC50,7.55
3768182,O[C@H](CNC(=O)c1ccc(CN(C(=O)Nc2ccc(SC(F)(F)F)cc2)c3ccc(cc3)C4CCCCC4)cc1)C(=O)O,CHEMBL453457,IC50,7.92
