id,smiles,name,assay_type,activity_value
280762,[H][C@@](C)(CCC(O)=O)[C@@]1([H])CC[C@@]2([H])[C@]3([H])[C@H](O)[C@]([H])(CC)[C@]4([H])C[C@]([H])(O)CC[C@]4(C)[C@@]3([H])CC[C@]12C,obeticholic acid,EC50,7.0
7802612,CN(C)c1ccc(cc1)C(C\C(=N/O)\c2ccncc2)c3ccc(C)cc3,CHEMBL2407946,EC50,7.0
7802623,Fc1cnc(nc1)N2CCC[C@H](C2)C(=O)NCCc3ccc(Cl)cc3,CHEMBL3234554,EC50,7.02
7802634,CN1CCN(CC1)c2cc(nc(n2)C(F)(F)F)N3CCC[C@H](C3)C(=O)NCCc4ccc(cc4)C#N,CHEMBL3234568,IC50,7.05
7802645,CCc1nc2CCN(Cc2c(n1)C(=O)N)C(=O)CCc3ccc(OC(F)(F)F)cc3,CHEMBL2331653,EC50,7.08
7802656,CN(C)c1ccc(cc1)C(C\C(=N/O)\c2ccncc2)c3cccc(C)c3,CHEMBL2407945,EC50,7.1
7802667,CN1C=C(C=CC1=O)\C(=N\O)\C[C@@H](c2ccc(cc2)S(=O)(=O)C)c3ccccc3C,CHEMBL2407935,EC50,7.1
7802678,Cc1cc(ccn1)\C(=N\O)\C[C@H](c2ccc(cc2)N3CCC(CC3)C(=O)O)c4ccccc4C,CHEMBL2407930,EC50,7.1
7802689,CCNc1nc2CCN(Cc2c(n1)C(=O)N)C(=O)CCc3ccc(C)cc3,CHEMBL2331644,EC50,7.11
7802700,CCOC(=O)CNC(=O)c1oc2cc(Cl)c(cc2c1C)C(=O)Oc3ccncc3C(=O)N4CCN(C5CC5)c6ccccc46,CHEMBL3290727,EC50,7.11
7802711,CN1CCN(CC1)c2cc(C)nc(n2)N3CCC[C@H](C3)C(=O)NCCc4ccc(cc4)C#N,CHEMBL3234564,EC50,7.12
1727318,CCNc1nc2CCN(Cc2c(n1)C(=O)N)C(=O)CCc3ccc(OC(F)(F)F)cc3,CHEMBL2331648,EC50,7.13
7802724,CCC(C)N(Cc1cccnc1)C(=O)c2c(C)nn(C)c2Oc3cccc(Cl)c3Cl,CHEMBL2336234,EC50,7.16
7802735,Cc1nn(C)c(Oc2cccc(F)c2F)c1C(=O)N3CCCCC3c4cccnc4,CHEMBL2336212,EC50,7.19
7802746,O=C(N1CCN(C2CC2)c3ccccc13)c4cnccc4Oc5ccc6ncccc6c5,CHEMBL3290703,EC50,7.19
7802757,Cc1c(oc2cc(Cl)c(Oc3ccncc3C(=O)N4CCN(C5CC5)c6ccccc46)cc12)C(=O)O,CHEMBL3290723,EC50,7.2
7802768,FC(F)(F)c1nc(cc(n1)N2CCC[C@H](C2)C(=O)NCCc3ccc(nc3)C#N)N4CCNCC4,CHEMBL3234572,EC50,7.2
7802779,Fc1ccccc1c2ccncc2CNS(=O)(=O)c3cc(cc(c3)C(F)(F)F)C(F)(F)F,CHEMBL2435927,EC50,7.2
7802790,Fc1cccc(F)c1c2ccncc2CNS(=O)(=O)c3cc(cc(c3)C(F)(F)F)C(F)(F)F,CHEMBL2435928,EC50,7.21
7802801,CC(C)N(Cc1cncs1)C(=O)c2c(C)nn(C)c2Oc3cccc(Cl)c3Cl,CHEMBL2331604,EC50,7.22
7802812,CN1C=C(C=CC1=O)\C(=N\O)\C[C@H](c2ccc(cc2)c3ccc(cc3)C(=O)O)c4ccccc4C,CHEMBL2407932,EC50,7.22
7802823,Cc1ccnc(n1)N2CCC[C@H](C2)C(=O)NCCc3ccc(Cl)cc3,CHEMBL3234549,EC50,7.22
7802834,FC(F)(F)c1cc(cc(c1)C(F)(F)F)C(NCc2cnccc2c3ccccc3)C#N,CHEMBL2435925,EC50,7.22
7802845,O=C(N1CCN(C2CC2)c3ccccc13)c4cnccc4Oc5ccc6cccnc6c5,CHEMBL3290704,EC50,7.23
7802856,Cc1cc(ccn1)\C(=N\O)\C[C@@H](c2ccc(cc2)c3ccc(cc3)C(=O)O)c4ccccc4C,CHEMBL2407929,EC50,7.24
7802867,Fc1ccccc1c2ccncc2CN(C(=O)c3ccsc3)S(=O)(=O)c4cc(cc(c4)C(F)(F)F)C(F)(F)F,CHEMBL2435914,EC50,7.28
7802878,Fc1cccc(F)c1c2ccncc2CNC(C#N)c3cc(cc(c3)C(F)(F)F)C(F)(F)F,CHEMBL2435926,EC50,7.29
7802889,CC(C)N(Cc1ccc(C)nc1)C(=O)c2c(C)nn(C)c2Oc3cccc(Cl)c3Cl,CHEMBL2336233,EC50,7.31
7802900,CCNc1nc2CCN(Cc2c(n1)C(=O)N)C(=O)CCc3ccc(SC(F)(F)F)cc3,CHEMBL2331649,EC50,7.32
7802911,Clc1ccc(Cl)c(Oc2ncncc2C(=O)N3CCCc4ccccc34)c1,CHEMBL2181251,EC50,7.32
7802922,CCc1nnn(c2ccccc2)c1C(=O)N(C)c3ccc(Cl)cc3,CHEMBL604131,EC50,7.33
7802933,CN(C)c1ccc(cc1)C(C\C(=N/O)\c2ccncc2)c3ccccc3,CHEMBL2407936,EC50,7.35
7802944,CCNc1nc2CCN(Cc2c(n1)C(=O)N)C(=O)CCc3ccc(nc3)C(C)(F)F,CHEMBL2331652,EC50,7.37
7802955,NC(=O)c1nc(nc2CCN(Cc12)C(=O)CCc3ccc(OC(F)(F)F)cc3)C4CC4,CHEMBL2331655,EC50,7.37
7802966,CSc1ncc(C(=O)N2CCNc3ccccc23)c(Oc4cc(Cl)ccc4Cl)n1,CHEMBL3321844,EC50,7.39
7802977,O=C(N1CCN(C2CC2)c3ccccc13)c4cnccc4Oc5ccc6ccccc6c5,CHEMBL3290701,EC50,7.39
7802988,O=C(N1CCN(C2CC2)c3ccccc13)c4cnccc4Oc5cccc6ncccc56,CHEMBL3290702,EC50,7.4
7802999,CCN1CCN(CC1)c2cc(nc(n2)C(F)(F)F)N3CCC[C@H](C3)C(=O)NCCc4cnc(nc4)C#N,CHEMBL3234573,EC50,7.42
7803010,CCOC(=O)c1oc2cc(Cl)c(Oc3ccncc3C(=O)N4CCN(C5CC5)c6ccccc46)cc2c1C,CHEMBL3290719,EC50,7.42
7803021,COc1ccc(cc1OC)C(C)(C)c2cnc(SCCOc3ccccc3)n2c4ccc(F)cc4,CHEMBL3794293,EC50,7.42
7803032,Cc1c(CCC(=O)O)oc2ccc(Cl)c(Oc3ccncc3C(=O)N4CCN(C5CC5)c6ccccc46)c12,CHEMBL3290736,EC50,7.46
7803043,Fc1ccccc1c2ccncc2CNC(C#N)c3cc(cc(c3)C(F)(F)F)C(F)(F)F,CHEMBL2435924,EC50,7.46
7803054,Cc1c(oc2ccc(Cl)c(C(=O)Oc3ccncc3C(=O)N4CCN(C5CC5)c6ccccc46)c12)\C=C\C(=O)NCC(=O)O,CHEMBL3290734,EC50,7.47
7803065,CC(C)N(Cc1cccnc1)C(=O)c2c(C)nn(C)c2Oc3cccc(Cl)c3Cl,CHEMBL2336232,EC50,7.48
7803076,Cc1ccnc(n1)N2CCC[C@H](C2)C(=O)NCCc3ccc(Br)cc3,CHEMBL3234552,EC50,7.48
7803087,COc1ccc(cc1OC)C(C)(C)c2cnc(SCCOc3ccc(cc3)c4nccs4)n2c5ccc(F)cc5,CHEMBL3794424,EC50,7.5
7803098,Fc1ccccc1c2ccncc2CN(C(=O)c3occc3)S(=O)(=O)c4cc(cc(c4)C(F)(F)F)C(F)(F)F,CHEMBL2435933,EC50,7.5
7803109,Fc1ccccc1c2ccncc2CN(C(=O)c3ccccc3)S(=O)(=O)c4cc(cc(c4)C(F)(F)F)C(F)(F)F,CHEMBL2435932,EC50,7.51
7803120,CCOC(=O)CNC(=O)CCc1oc2ccc(Cl)c(Oc3ccncc3C(=O)N4CCN(C5CC5)c6ccccc46)c2c1C,CHEMBL3290737,EC50,7.52
7803131,OC(=O)Cc1ccc(OC2CCN(CC2)c3cc(nc(n3)C(F)(F)F)N4CC[C@H]4C(=O)NCCc5ccc(cc5)C#N)cc1,CHEMBL3234583,EC50,7.52
7803142,Cc1cc(ccn1)\C(=N\O)\CC(c2ccc(Br)cc2)c3ccccc3C,CHEMBL2407950,EC50,7.55
7803153,CN1C=C(C=CC1=O)\C(=N\O)\C[C@H](c2ccc(cc2)S(=O)(=O)C)c3ccccc3C,CHEMBL2407934,EC50,7.59
7803164,OC(=O)C1CCN(CC1)c2cc(nc(n2)C(F)(F)F)N3CCC[C@H](C3)C(=O)NCCc4ccc(cc4)C#N,CHEMBL3234580,EC50,7.59
7803175,CN(C)c1ccc(cc1)C(C\C(=N/O)\c2ccncc2)c3ccccc3C,CHEMBL2407944,EC50,7.6
7803186,Cc1c(oc2ccc(Cl)c(Oc3ccncc3C(=O)N4CCN(C5CC5)c6ccccc46)c12)\C=C\C(=O)O,CHEMBL3290732,EC50,7.6
7803197,O=C(N1CCN(C2CC2)c3ccccc13)c4cnccc4Oc5ccc6ccoc6c5,CHEMBL3290707,EC50,7.6
7803208,OC(=O)c1ccc(cc1)c2ccc(cc2)c3cc(nc(n3)C(F)(F)F)N4CC[C@H]4C(=O)NCCc5ccc(cc5)C#N,CHEMBL3234870,EC50,7.6
7803219,CN(C(=O)c1c(C)onc1c2ccccc2Cl)c3ccc(C)c(Cl)c3,CHEMBL576138,EC50,7.62
7803230,COC(=O)CCc1coc2cc(Cl)c(cc12)C(=O)Oc3ccncc3C(=O)N4CCN(C5CC5)c6ccccc46,CHEMBL3290722,EC50,7.62
7803241,Cc1cc(ccn1)\C(=N\O)\C[C@@H](c2ccc(cc2)N3CCC(CC3)C(=O)O)c4ccccc4C,CHEMBL2407931,EC50,7.64
7803252,CN1CCN(C(=O)c2cnc(O)nc2Nc3cc(Cl)ccc3Cl)c4ccccc14,CHEMBL3321758,EC50,7.7
7803263,CN1CCN(CC1)c2cc(nc(n2)C(F)(F)F)N3CCCC[C@H]3C(=O)NCCc4ccc(cc4)C#N,CHEMBL3234574,EC50,7.7
7803274,Cc1cc(ccn1)\C(=N\O)\CC(c2ccc(cc2)c3ccc(cc3)C(=O)O)c4ccccc4C,CHEMBL2407954,EC50,7.7
7803285,COc1ccc(cc1OC)C(C)(C)c2cnc(SCCOc3ccc(cc3)n4cccn4)n2c5ccc(F)cc5,CHEMBL3793859,EC50,7.71
7803296,CCN1CCN(CC1)c2cc(nc(n2)C(F)(F)F)N3CC[C@H]3C(=O)NCCc4ccc(nc4)C#N,CHEMBL3234579,EC50,7.72
7803307,Fc1ccccc1c2ccnc3OCC(=O)N(Cc4cc(cc(c4)C(F)(F)F)C(F)(F)F)Cc23,CHEMBL2181247,EC50,7.72
7803318,CCOC(=O)CCc1oc2ccc(Cl)c(C(=O)Oc3ccncc3C(=O)N4CCN(C5CC5)c6ccccc46)c2c1C,CHEMBL3290735,EC50,7.75
7803329,Cc1nn(C)c(Oc2cccc(Cl)c2Cl)c1C(=O)N(Cc3cccnc3)C4CCOC4,CHEMBL2336237,EC50,7.75
7803340,OC(=O)c1ccc(OC2CCN(CC2)c3cc(nc(n3)C(F)(F)F)N4CC[C@H]4C(=O)NCCc5ccc(cc5)C#N)cc1,CHEMBL3234868,EC50,7.75
7803351,COc1ccc(cc1OC)C(C)(C)c2cnc(SCc3c(F)cccc3Cl)n2c4ccc(F)cc4,CHEMBL3794175,EC50,7.77
7803362,FC(F)(F)c1ccnc(n1)N2CCC[C@H](C2)C(=O)NCCc3ccc(cc3)C#N,CHEMBL3234562,EC50,7.77
7803373,O=C(N1CCN(C2CC2)c3ccccc13)c4cnccc4Oc5cccc6ccccc56,CHEMBL3290700,EC50,7.77
7803384,COc1ccc(cc1OC)C(C)(C)c2cnc(SCCOc3ccc(cc3)n4cncn4)n2c5ccc(F)cc5,CHEMBL3794111,EC50,7.78
7803395,O=C(N1CCN(C2CC2)c3ccccc13)c4cnccc4Oc5ccc6sccc6c5,CHEMBL3290711,EC50,7.8
7803406,Cc1nn(C)c(Oc2ccccc2C(F)(F)F)c1C(=O)N3CCCCC3c4cccnc4,CHEMBL2336216,EC50,7.82
7803417,Cc1nn(C)c(Oc2ccccc2Cl)c1C(=O)N3CCCCC3c4cccnc4,CHEMBL2336210,EC50,7.82
7803428,O=C(N1CCN(C2CC2)c3ccccc13)c4cnccc4Oc5ccc6ncsc6c5,CHEMBL3290712,EC50,7.82
7803439,OC(=O)[C@@H]1CC[C@H](CC1)c2ccc(cc2)c3cc(nc(n3)C(F)(F)F)N4CC[C@H]4C(=O)NCCc5ccc(cc5)C#N,CHEMBL3234871,EC50,7.82
7803450,CN(Cc1cccnc1)C(=O)c2c(C)nn(C)c2Oc3cccc(Cl)c3Cl,CHEMBL2336235,EC50,7.85
7803461,FC(F)(F)c1nc(cc(n1)N2CCC[C@H](C2)C(=O)NCCc3ccc(cc3)C#N)N4CCNCC4,CHEMBL3234569,EC50,7.85
7803472,OC(=O)Cc1ccc(OC2CCN(CC2)c3cc(nc(n3)C(F)(F)F)N4CCC[C@H](C4)C(=O)NCCc5ccc(cc5)C#N)cc1,CHEMBL3234582,EC50,7.85
7803483,Cc1nc(ncc1F)N2CCC[C@H](C2)C(=O)NCCc3ccc(cc3)C#N,CHEMBL3234561,EC50,7.89
7803494,CC1(CCN(CC1)c2cc(nc(n2)C(F)(F)F)N3CCC[C@H](C3)C(=O)NCCc4ccc(cc4)C#N)C(=O)O,CHEMBL3234581,EC50,7.92
7803505,CSc1ncc(C(=O)N2CCN(C)c3ccccc23)c(Oc4cc(Cl)ccc4Cl)n1,CHEMBL3321843,EC50,7.92
7803516,Cc1ccccc1C(C\C(=N/O)\c2ccncc2)c3ccc(Br)cc3,CHEMBL2407949,EC50,7.92
7803527,Cc1nn(C)c(Oc2ccc(Cl)cc2Cl)c1C(=O)N3CCCCC3c4cccnc4,CHEMBL2336213,EC50,7.92
7803538,COc1cc(ccc1C(=O)O)C2CCN(CC2)c3cc(nc(n3)C(F)(F)F)N4CC[C@H]4C(=O)NCCc5ccc(cc5)C#N,CHEMBL3234869,EC50,7.96
7803549,Cc1cc(ccn1)\C(=N\O)\C[C@H](c2ccc(cc2)c3ccc(cc3)C(=O)O)c4ccccc4C,CHEMBL2408107,EC50,7.96
7803560,O=C(N1CCN(C2CC2)c3ccccc13)c4cnccc4Oc5ccc6occc6c5,CHEMBL3290706,EC50,7.97
7803571,Clc1ccc(Cl)c(Oc2ncccc2C(=O)N3CCCc4ccccc34)c1,CHEMBL2181246,EC50,8.0
7803582,CCNc1nc2CCN(Cc2c(n1)C(=O)N)C(=O)CCc3ccc(CC)cc3,CHEMBL2331645,EC50,8.04
7803593,CCOC(=O)\C=C\c1oc2ccc(Cl)c(Oc3ccncc3C(=O)N4CCN(C5CC5)c6ccccc46)c2c1C,CHEMBL3290731,EC50,8.05
7803604,CCOC(=O)CNC(=O)\C=C\c1oc2ccc(Cl)c(Oc3ccncc3C(=O)N4CCN(C5CC5)c6ccccc46)c2c1C,CHEMBL3290733,EC50,8.07
7803615,COc1ccc(cc1OC)C(C)(C)c2cnc(SCCOc3ccc(cc3F)n4ccnc4C)n2c5ccc(F)cc5,CHEMBL3793168,EC50,8.07
7803626,CN1C=C(C=CC1=O)\C(=N\O)\CC(c2ccc(Br)cc2)c3ccccc3C,CHEMBL2407951,EC50,8.1
7803637,CN1CCN(CC1)c2cc(nc(n2)C(F)(F)F)N3CCC[C@H]3C(=O)NCCc4ccc(cc4)C#N,CHEMBL3234575,EC50,8.1
7803648,Cc1nc(ncc1F)N2CCC[C@H](C2)C(=O)NCCc3ccc(Cl)cc3,CHEMBL3234555,EC50,8.1
7803659,Cc1nn(C)c(Oc2cccc(Cl)c2Cl)c1C(=O)N(Cc3cccnc3)C4CC4,CHEMBL2336236,EC50,8.1
7803670,Cc1nn(C)c(Oc2cccc(Cl)c2Cl)c1C(=O)N3CCCCC3c4cccnc4,CHEMBL2336211,EC50,8.1
7803681,COc1ccc(cc1OC)C(C)(C)c2cnc(SCCOc3ccc(cc3)n4cccc4)n2c5ccc(F)cc5,CHEMBL3792957,EC50,8.11
7803750,Cc1c(Br)oc2cc(Cl)c(Oc3ccncc3C(=O)N4CCN(C5CC5)c6ccccc46)cc12,CHEMBL3290718,EC50,8.11
7803761,Cc1nn(C)c(Oc2cccc(Cl)c2Cl)c1C(=O)N3CCCC[C@@H]3c4cccnc4,CHEMBL2336222,EC50,8.17
7803772,CN1CCN(C(=O)c2cccnc2Oc3cc(Cl)ccc3Cl)c4ccccc14,CHEMBL3321841,EC50,8.22
7803783,CN1CCN(CC1)c2cc(nc(n2)C(F)(F)F)N3CCC[C@H](C3)C(=O)NCCc4ccc(nc4)C#N,CHEMBL3234571,EC50,8.22
7803794,COc1ccc(cc1OC)C(C)(C)c2cnc(SCCOc3ccc(cc3F)n4ccnc4)n2c5ccc(F)cc5,CHEMBL3793388,EC50,8.24
7803805,CC(=O)c1cccc(Oc2ccncc2C(=O)N3CCN(C4CC4)c5ccccc35)c1,CHEMBL3290739,EC50,8.26
7803816,COc1cccc(c1)n2nnc(C3CC3)c2C(=O)N(C)c4ccc(cc4)C#N,CHEMBL2336238,EC50,8.26
7803827,CCOC(=O)Cc1coc2cc(Cl)c(Oc3ccncc3C(=O)N4CCN(C5CC5)c6ccccc46)cc12,CHEMBL3290721,EC50,8.28
7803838,CN1CCN(C(=O)C2(CC2)C(=O)Nc3cc(Cl)ccc3Cl)c4ccccc14,CHEMBL3321850,EC50,8.29
7803849,CCNc1nc2CCN(Cc2c(n1)C(=O)N)C(=O)CCc3ccc(CC(F)(F)F)cc3,CHEMBL2331650,EC50,8.33
7803860,CN1CCN(CC1)c2cc(nc(n2)C(F)(F)F)N3CC[C@H]3C(=O)NCCc4ccc(cc4)C#N,CHEMBL3234577,EC50,8.4
7803871,CN1CCN(CC1)c2nc(nc(C)c2F)N3CCC[C@H](C3)C(=O)NCCc4ccc(cc4)C#N,CHEMBL3234566,EC50,8.4
7803882,CN1CCN(C(=O)c2cnc(O)nc2Oc3cc(Cl)ccc3Cl)c4ccccc14,CHEMBL3321846,EC50,8.41
7803893,CN1CCN(C(=O)c2cncnc2Oc3cc(Cl)ccc3Cl)c4ccccc14,CHEMBL3321845,EC50,8.46
7803904,CCOc1nc2CCN(Cc2c(n1)C(=O)N)C(=O)CCc3ccc(OC(F)(F)F)cc3,CHEMBL2331654,EC50,8.48
7803915,CCNc1nc2CCN(Cc2c(n1)C(=O)N)C(=O)CCc3ccc(cc3)C(C)(F)F,CHEMBL2331651,EC50,8.57
7803926,CCNc1nc2CCN(Cc2c(n1)C(=O)N)C(=O)CCc3ccc(cc3)C(C)C,CHEMBL2331646,EC50,8.6
7803937,CC(=O)c1cc(ccc1O)C(=O)N2CCN(C3CC3)c4ccccc24,CHEMBL3286440,EC50,8.64
7803948,COc1ccc(cc1OC)C(C)(C)c2cnc(SCCOc3ccc(cc3)C#N)n2c4ccc(F)cc4,CHEMBL3793012,EC50,8.64
7803959,CN1CCN(CC1)c2cc(nc(n2)N3CCC[C@H](C3)C(=O)NCCc4ccc(cc4)C#N)C(F)(F)F,CHEMBL3234565,EC50,8.7
7803970,CCOC(=O)c1coc2cc(Cl)c(Oc3ccncc3C(=O)N4CCN(C5CC5)c6ccccc46)cc12,CHEMBL3290720,EC50,8.77
7803981,Cc1noc2ccc(Oc3ccncc3C(=O)N4CCN(C5CC5)c6ccccc46)cc12,CHEMBL3290713,EC50,8.82
7803992,COc1ccc(cc1OC)C(C)(C)c2cnc(SCCOc3ccc(cc3)n4ccnc4C)n2c5ccc(F)cc5,CHEMBL3794442,EC50,8.83
7804003,Clc1cc2occc2cc1Oc3ccncc3C(=O)N4CCN(C5CC5)c6ccccc46,CHEMBL3290715,EC50,8.85
7804014,CCN(Cc1cccnc1)C(=O)c2c(C)nn(C)c2Oc3cccc(Cl)c3Cl,CHEMBL2336231,EC50,8.92
7804025,FC(F)(F)c1nc(cc(n1)N2CCC[C@H](C2)C(=O)NCCc3ccc(cc3)C#N)N4CCN(CC4)C5COC5,CHEMBL3234570,EC50,9.0
7804036,Cc1coc2ccc(Oc3ccncc3C(=O)N4CCN(C5CC5)c6ccccc46)cc12,CHEMBL3290716,EC50,9.35
7804047,Cc1coc2cc(Cl)c(Oc3ccncc3C(=O)N4CCN(C5CC5)c6ccccc46)cc12,CHEMBL3290717,EC50,9.55
7804058,COc1ccc(cc1OC)C(C)(C)c2cnc(SCCOc3ccc(cc3)n4ccnc4)n2c5ccc(F)cc5,CHEMBL3793436,EC50,10.24
