id,smiles,name,assay_type,activity_value
7920042,CC(C)(C)OC(=O)N1CCC(CC1)Oc2ncnc3c(csc23)c4ccc(cc4)S(=O)(=O)C,CHEMBL3321828,EC50,7.0
7920054,CCOC(=O)C1(Cc2ccccc2)CCCCCc3cnc4c(cnn4c13)c5ccc(cc5)C(F)(F)F,CHEMBL3354783,EC50,7.0
7920065,Cn1nnnc1c2ccc(OCc3cnn(C4CCN(CC4)C(=O)OC5(C)CC5)c3C#N)c(F)c2,CHEMBL2204982,Ki,7.0
7920076,CC(C)OC(=O)N1CCC(CC1)n2ncc3cc(ncc23)c4ccc(cc4F)C(=O)N,CHEMBL3822567,EC50,7.01
7920087,CCCc1cnc(nc1)N2CCC(CC2)OC3=CC(=O)N(C=C3)c4ccc(cc4)n5ccnc5,CHEMBL3338180,EC50,7.02
7920098,CC(C)(C)OC(=O)N1CCC(CC1)O[C@@H]2CC[C@H](CC2)Oc3cnc(cn3)S(=O)(=O)C,CHEMBL3598090,EC50,7.03
7920109,CC(C)OC(=O)N1C2CC3CC1CC(C2)N3c4ncnc(Oc5ccc(cc5)n6cnnn6)c4C,CHEMBL2312515,Ki,7.03
7920120,CC(C)OC(=O)N1CCC(CC1)O[C@@H]2CC[C@H](CC2)Oc3cnc(cn3)S(=O)(=O)C,CHEMBL3598094,EC50,7.03
7920131,Cc1nc(ccc1Oc2ncnc(OC3CCN(CC3)C(=O)OC(C)(C)C#N)c2F)S(=O)(=O)C,CHEMBL3325847,EC50,7.03
7920142,CC(C)(C)OC(=O)N1CC2CCC(C1)N2c3ncc(OCc4ccc(cc4)S(=O)(=O)C)cn3,CHEMBL2382408,IC50,7.04
7920153,CC(C)OC(=O)N1CCC(CC1)n2ncc3cc(ncc23)c4cc(F)c(cc4F)C(=O)NCCO,CHEMBL3823972,EC50,7.04
7920164,CC(=O)NC(C)(Cc1ccccc1)c2ccnc3c(cnn23)c4ccc(cc4)C(F)(F)F,CHEMBL3260537,EC50,7.07
7920175,CC(C)OC(=O)N1CCC(CC1)N(C)c2ncnc3c(csc23)c4ccc(cc4)S(=O)(=O)C,CHEMBL3321830,EC50,7.09
7920186,Cc1nc(ccc1Oc2ncnc(OC3CCN(CC3)C(=O)C(C)(C)F)c2F)S(=O)(=O)C,CHEMBL3325461,EC50,7.12
7920197,COC(=O)C1(Cc2ccccc2)CCCCc3cnc4c(cnn4c13)c5ccc(cc5)C(F)(F)F,CHEMBL3354782,EC50,7.13
7920208,CCOC(=O)C(C)(Cc1cccnc1)c2ccnc3c(cnn23)c4ccc(Cl)cc4,CHEMBL3260526,EC50,7.14
7920219,COC(=O)[C@@]1(Cc2cccc(F)c2)N=Cc3cnc4c(cnn4c13)c5ccc(cc5)C(F)(F)F,CHEMBL3354793,EC50,7.14
7920230,Cc1nc(ccc1Oc2ncnc(OC3CCN(CC3)C(=O)C4CCCC4)c2F)S(=O)(=O)C,CHEMBL3326683,EC50,7.14
7920241,CC(C)OC(=S)N1CCC(CC1)Oc2ncnc(Oc3ccc(nc3C)S(=O)(=O)C)c2F,CHEMBL3326677,EC50,7.16
7920252,Cc1c(Nc2ccc(cc2F)S(=O)(=O)C)ncnc1OC3CC4COCC(C3)N4C(=O)OC5(C)CC5,CHEMBL3629483,EC50,7.16
7920263,CC(F)OC(=O)N1CCC(CC1)Oc2ncnc(Oc3ccc(nc3C)S(=O)(=O)C)c2F,CHEMBL3325849,EC50,7.18
7920274,CC(C)(C)OC(=O)N1CCN(CC1)c2ncc(OCc3ccc(cc3)S(=O)(=O)C)cn2,CHEMBL2086650,EC50,7.19
7920285,CC(C)OC(=O)N1CC2COCC(C1)C2Oc3ncnc(Nc4cccnc4C)c3C,CHEMBL3629482,EC50,7.19
7920296,CC(C)c1noc(CN2CCC(CC2)O[C@@H]3CC[C@H](CC3)Oc4cnc(cn4)S(=O)(=O)C)n1,CHEMBL3598112,EC50,7.19
7920307,CS(=O)(=O)c1cnc(O[C@@H]2CC[C@H](CC2)OC3CCN(CC3)C(=O)OC(CF)CF)cn1,CHEMBL3598098,EC50,7.19
7920318,CC(C)(C)OC(=O)N1CCC(CC1)n2nnc3cc(ccc23)c4ccc(cc4)S(=O)(=O)C,CHEMBL3823123,EC50,7.2
7920329,CC(C)(C)OC(=O)N1CCC(CO[C@@H]2CC[C@H](CC2)c3ccncc3F)CC1,CHEMBL2323602,EC50,7.2
7920340,CCCc1cnc(nc1)N2CCC(CC2)OC3=CC(=O)N(C=C3)c4ccc(cc4)n5cncn5,CHEMBL3338179,EC50,7.2
7920351,CCOC(=O)C(C)(CC1CCOCC1)c2ccnc3c(cnn23)c4ccc(Cl)cc4,CHEMBL3260525,EC50,7.2
7920362,CS(=O)(=O)c1cnc(O[C@@H]2CC[C@H](CC2)OC3CCN(CC4(CC4)C(F)(F)F)CC3)cn1,CHEMBL3598108,EC50,7.2
7920373,CCOC(=O)C(C)(Cc1ccccc1)c2ccnc3c(ncn23)c4ccc(Cl)cc4,CHEMBL3260541,EC50,7.21
7920384,CC(F)Cc1noc(CN2CCC(CC2)O[C@@H]3CC[C@H](CC3)Oc4cnc(cn4)S(=O)(=O)C)n1,CHEMBL3598114,EC50,7.23
7920395,CC(C)OC(=O)N1CCC(CO[C@@H]2CC[C@H](CC2)c3ccc(cc3)S(=O)(=O)C)CC1,CHEMBL2323597,EC50,7.24
7920406,CCOC(=O)C(C)(Cc1ccccc1)c2ccnc3c(cnn23)c4ccc(Cl)nc4,CHEMBL3260531,EC50,7.24
7920417,CCc1cnc(nc1)N2CCC(CC2)OC3=CC(=O)N(C=C3)c4ccc(cc4)S(=O)(=O)C,CHEMBL3338169,EC50,7.24
7920428,CC(C)c1onc(CN2CCC(CC2)O[C@@H]3CC[C@H](CC3)Oc4cnc(cn4)S(=O)(=O)C)n1,CHEMBL3598113,EC50,7.25
7920439,CS(=O)(=O)c1cnc(O[C@@H]2CC[C@H](CC2)OC3CCN(CC4(CCC4)C(F)(F)F)CC3)cn1,CHEMBL3598109,EC50,7.26
7920450,C[C@@H](OC(=O)N1CCC2(CC1)CCc3cc(ccc3O2)c4ccc(CS(=O)(=O)Cc5ccccn5)cc4)C(F)(F)F,CHEMBL3809509,EC50,7.27
7920461,CC(C)(C)OC(=O)N1CCC(CC1)O[C@@H]2CC[C@H](CC2)Oc3ccc(c(F)c3)S(=O)(=O)C,CHEMBL3598084,EC50,7.28
7920472,CC(C)OC(=O)N1CCC(CC1)Oc2ncnc(Oc3ccc(cc3F)S(=O)(=O)C)c2C,CHEMBL1951011,Ki,7.28
7920483,CC(C)OC(=O)N1CCC(CC1)n2ncc3cc(ncc23)c4cc(F)c(cc4F)C(=O)N,CHEMBL3823398,EC50,7.28
7920494,CCOC(=O)C(C)(Cc1ccccc1)c2csc3c(cnn23)c4ccc(Cl)cc4,CHEMBL3260542,EC50,7.28
7920505,C[C@H](OC(=O)N1CCC(CC1)O[C@@H]2CC[C@H](CC2)Oc3cnc(cn3)S(=O)(=O)C)C(F)(F)F,CHEMBL3598100,EC50,7.28
7920516,Cc1c(Nc2ccc(cc2Cl)C#N)ncnc1OC3C4COCC3CN(C4)S(=O)(=O)C5CC5,CHEMBL3629480,EC50,7.29
7920527,CS(=O)(=O)c1cnc(O[C@@H]2CC[C@H](CC2)OC3CCN(CC4(CCCC4)C(F)(F)F)CC3)cn1,CHEMBL3598110,EC50,7.31
7920538,Cc1c(Oc2ccc(cc2)n3cnnn3)ncnc1N4C5CC6CC4CC(C5)N6C(=O)OC7(C)CC7,CHEMBL2312516,Ki,7.32
7920549,CC(C)(C)OC(=O)N1CCC(CC1)O[C@@H]2CC[C@H](CC2)Oc3ccc(cn3)S(=O)(=O)C,CHEMBL3598086,EC50,7.33
1716405,FC(F)(F)COC(=O)N1CCN(CC1)c2ncc(OCc3ccncc3C#N)cn2,CHEMBL2382414,EC50,7.33
7920562,CC(C)OC(=O)N1CCC(CC1)n2ncc3cc(ncc23)c4cc(F)c(cc4F)C(=O)N(C)C,CHEMBL3823379,EC50,7.34
7920573,COc1c(Nc2ccc(nc2C)S(=O)(=O)C)ncnc1OC3CCN(CC3)C(=O)OC(C)C,CHEMBL1951032,EC50,7.34
7920584,CS(=O)(=O)c1cnc(O[C@@H]2CC[C@H](CC2)OC3CCN(CC3)C(=O)OC(C(F)(F)F)C(F)(F)F)cn1,CHEMBL3598101,EC50,7.35
7920595,Cc1c(Nc2ccc(cc2Cl)S(=O)(=O)C)ncnc1OC3CC4COCC(C3)N4C(=O)OC(C)(C)C,CHEMBL3629479,EC50,7.36
7920606,Cc1nc(ccc1Oc2ncnc(OC3CCN(CC3)C(=O)c4onc(n4)C(C)(C)F)c2F)S(=O)(=O)C,CHEMBL3326687,EC50,7.36
7920617,CC(C)OC(=O)N1CCC(CC1)n2ncc3cc(ncc23)c4ccc(cc4)S(=O)(=O)C,CHEMBL3822500,EC50,7.38
7920628,Cc1nc(ccc1[C@@H]2CC[C@H](CC2)OCC3CCN(CC3)c4ncc(cn4)C(F)(F)F)S(=O)(=O)C,CHEMBL2323596,EC50,7.38
7920639,CCCc1cnc(nc1)N2CCC(CC2)OC3=CC(=O)N(C=C3)c4ccc(cc4)[S+](C)[O-],CHEMBL3338175,EC50,7.39
7920650,Cc1c(Oc2ccc(cc2F)S(=O)(=O)C)ncnc1N3C4CC5CC3CC(C4)N5C(=O)OC(C)(C)C,CHEMBL2312517,Ki,7.39
7920661,CCOC(=O)C(C)(Cc1cccc(C)c1)c2ccnc3c(cnn23)c4ccc(Cl)cc4,CHEMBL3260522,EC50,7.4
7920672,CCOC(=O)C(C)(Cc1cscn1)c2ccnc3c(cnn23)c4ccc(Cl)cc4,CHEMBL3260527,EC50,7.4
7920683,CN(C1CCN(CC1)C(=O)OC(C)(C)C)c2ncnc3c(csc23)c4ccc(cc4)S(=O)(=O)C,CHEMBL3321826,EC50,7.41
7920694,CC(C)(C)OC(=O)N1CCC(COC2CCC(=CC2)c3ccncc3C#N)CC1,CHEMBL2323601,EC50,7.42
7920705,CC(C)c1noc(n1)N2CCC(CO[C@@H]3CC[C@H](CC3)c4ccc(cc4F)S(=O)(=O)C)CC2,CHEMBL2323593,EC50,7.42
7920716,CCOC(=O)[C@]1(Cc2ccccc2)CCc3cnc4c(cnn4c13)c5ccc(cc5)C(F)(F)F,CHEMBL3352841,EC50,7.42
7920727,CS(=O)(=O)c1cnc(O[C@@H]2CC[C@H](CC2)OC3CCN(CC3)C(=O)C4(CCCC4)C(F)(F)F)cn1,CHEMBL3598105,EC50,7.42
7920738,C[C@@H](OC(=O)N1CCC(CC1)O[C@@H]2CC[C@H](CC2)Oc3cnc(cn3)S(=O)(=O)C)C(F)(F)F,CHEMBL3598099,EC50,7.42
7920749,CCCc1cnc(nc1)N2CCC(CC2)OC3=CC(=O)N(C=C3)c4ccc(NC(=O)C(C)(C)C)cc4,CHEMBL3338177,EC50,7.43
7920760,C[C@H](CF)OC(=O)N1CCC(CC1)O[C@@H]2CC[C@H](CC2)Oc3cnc(cn3)S(=O)(=O)C,CHEMBL3598096,EC50,7.43
7920771,Cc1nc(ccc1Oc2ncnc(OC3CCN(CC3)C(=O)C(C)(F)F)c2F)S(=O)(=O)C,CHEMBL3326680,EC50,7.43
7920782,CC1(CC1)OC(=O)N2CCC(CC2)n3ncc(COc4ccc(cc4F)C#N)c3C#N,CHEMBL2204986,Ki,7.44
7920793,[2H]C([2H])(O)c1nn2c3c(CN[C@]3(Cc4cccc(F)c4)C(=O)OC)cnc2c1c5ccc(nc5)C(F)(F)F,CHEMBL3354802,EC50,7.46
7920804,COC(=O)C1(Cc2ccccc2)OCc3cnc4c(cnn4c13)c5ccc(cc5)C(F)(F)F,CHEMBL3354790,EC50,7.47
7920816,CC(C)OC(=O)N1CC2COCC(C1)C2Oc3ncnc(Oc4cccnc4C)c3C,CHEMBL1766082,Ki,7.48
7920827,CC(C)c1noc(n1)N2CCC(CC(F)CNc3ccc4CCC(=O)c4c3)CC2,CHEMBL3809973,EC50,7.48
7920838,Cc1c(Oc2ccc(cc2F)n3cncn3)ncnc1N4C5CC6CC4CC(C5)N6C(=O)OC(C)(C)C,CHEMBL2312161,Ki,7.48
7920849,CCCc1cnc(nc1)N2CCC(CC2)OC3=CC(=O)N(C=C3)c4ccc(cc4)N5CCCC5=O,CHEMBL3338178,EC50,7.5
7920860,CC(C)(C)OC(=O)N1CCC(CC1)n2ncc3cc(ccc23)c4ccc(cc4)S(=O)(=O)C,CHEMBL3823843,EC50,7.51
7920871,CCCc1cnc(nc1)N2CCC(CC2)OC3=CC(=O)N(C=C3C)c4ccc(cc4)S(=O)(=O)C,CHEMBL3338185,EC50,7.51
7920882,C[C@@H](CF)OC(=O)N1CCC(CC1)O[C@@H]2CC[C@H](CC2)Oc3cnc(cn3)S(=O)(=O)C,CHEMBL3598097,EC50,7.51
7920893,C[C@@H]1CN(CCN1c2ncc(OCc3ccncc3C#N)cn2)C(=O)OCC(F)(F)F,CHEMBL2086687,IC50,7.51
7920904,CC(F)Cc1onc(CN2CCC(CC2)O[C@@H]3CC[C@H](CC3)Oc4cnc(cn4)S(=O)(=O)C)n1,CHEMBL3598115,EC50,7.52
7920915,Cc1ccc(nc1)N2CCC(CC2)n3ncc4cc(ncc34)c5ccc(cc5)S(=O)(=O)C,CHEMBL3822863,EC50,7.52
7920926,CC1(CC1)OC(=O)N2CCC(CC2)n3ncc(COc4ccc(cc4)n5cnnn5)c3C#N,CHEMBL2204983,Ki,7.53
7920937,Cc1nc(ccc1Oc2ncnc(OC3CCN(CC3)C(=O)OC4(COC4)C(F)(F)F)c2F)S(=O)(=O)C,CHEMBL3326671,EC50,7.53
7920948,CCC(F)(F)C(=O)N1CCC(CC1)O[C@@H]2CC[C@H](CC2)Oc3cnc(cn3)S(=O)(=O)C,CHEMBL3598104,EC50,7.54
7920959,CC(C)OC(=O)N1CCC(CC1)n2ncc3cc(ncc23)c4ccc(cc4F)S(=O)(=O)C,CHEMBL3823669,EC50,7.57
7920970,CC1(CC1)OC(=O)N2CCC(CC2)O[C@@H]3CC[C@H](CC3)Oc4cnc(cn4)S(=O)(=O)C,CHEMBL3598095,EC50,7.59
7920981,CN(C1CCN(CC1)C(=O)OC2(C)CC2)c3ncnc4c(csc34)c5ccc(cc5F)S(=O)(=O)C,CHEMBL3321837,EC50,7.59
7920992,CC1(CC1)OC(=O)N2CC3COCC(C2)C3Oc4cc(Nc5ccc(cc5Cl)C#N)ncn4,CHEMBL3629596,EC50,7.6
7921003,CCOC(=O)[C@@]1(Cc2ccccc2)CNc3cnc4c(cnn4c13)c5ccc(cc5)C(F)(F)F,CHEMBL3354789,EC50,7.6
7921014,Cc1nc(ccc1Oc2ncnc(OC3CCN(CC3)C(=O)SC4CC4)c2F)S(=O)(=O)C,CHEMBL3326674,EC50,7.6
7921025,FC1(F)CC(OC(=O)N2CCN(CC2)c3ncc(OCc4ccncc4C#N)cn3)C1(F)F,CHEMBL2382411,IC50,7.6
7921036,Cc1nc(ccc1Oc2ncnc(OC3CCN(CC3)C(=O)C4(F)CCC4)c2F)S(=O)(=O)C,CHEMBL3326682,EC50,7.61
7921047,CC(C)(OC(=O)N1CCC(CC1)n2ncc3cc(ncc23)c4ccc(cc4)S(=O)(=O)C)C(F)F,CHEMBL3822488,EC50,7.64
7921058,CC(C)OC(=O)N1CCC(CC1)Oc2ncnc(Oc3cccnc3C)c2C,CHEMBL1766081,Ki,7.64
7921069,CCOC(=O)[C@](C)(Cc1ccccc1)c2ccnc3c(c(C)nn23)c4ccc(cc4)C(F)(F)F,CHEMBL3354776,EC50,7.64
7921080,CS(=O)(=O)c1ccc(cc1)N2C=CC(=CC2=O)OC3CCN(CC3)c4ncc(cn4)C5CC5,CHEMBL3338173,EC50,7.64
7921091,CCC1(CC1)OC(=O)N2CCC(CC2)Oc3ncnc(Oc4ccc(nc4C)S(=O)(=O)C)c3F,CHEMBL3326668,EC50,7.66
7921102,CC(C)c1onc(n1)C(=O)N2CCC(CC2)Oc3ncnc(Oc4ccc(nc4C)S(=O)(=O)C)c3F,CHEMBL3326685,EC50,7.67
7921113,CC(C)(C)OC(=O)N1CCN(CC1)c2ncc(OCc3ccncc3C#N)cn2,CHEMBL2086680,EC50,7.68
7921124,CC(C)OC(=O)N1CCC(CC1)Oc2ncnc(Oc3ccc(nc3C)S(=O)(=O)C)c2F,CHEMBL3325843,EC50,7.68
7921165,CC(C)OC(=O)N1CCC(CO[C@@H]2CC[C@H](CC2)c3ccc(cc3F)S(=O)(=O)C)CC1,CHEMBL2323591,EC50,7.68
7921176,Cc1c(Oc2ccc(cc2)n3cnnn3)ncnc1N4C5CC6CC4CC(C5)N6C(=O)OC(C)(C)C,CHEMBL2312156,Ki,7.68
7921187,Fc1cccc(CC2(NCc3cnc4c(cnn4c23)c5ccc(cc5)C(F)(F)F)C6CC6)c1,CHEMBL3354797,EC50,7.68
7921198,CC(C)(C)OC(=O)N1CCC(CC1)n2ncc3cc(ncc23)c4ccc(cc4)S(=O)(=O)C,CHEMBL3822759,EC50,7.7
7921209,CCOC(=O)C(C)(Cc1ccccc1)c2ccnc3c(cnn23)c4ccc(Cl)cc4,CHEMBL3260517,EC50,7.7
7921220,CCOC(=O)C1(Cc2ccccc2)CCc3cnc4c(cnn4c13)c5ccc(Oc6ccccc6)cc5,CHEMBL3354787,EC50,7.7
7921231,CCOC(=O)[C@](C)(Cc1ccccc1)c2cnnc3c(cnn23)c4ccc(cc4)C(F)(F)F,CHEMBL3260540,EC50,7.7
7921242,COC(=O)[C@@]1(Cc2cccc(F)c2)NCc3cnc4c(c5ccc(cc5)C(F)(F)F)c(nn4c13)C(=O)N,CHEMBL3354803,EC50,7.7
7921254,Cc1c(Nc2ccc(cc2Cl)C#N)ncnc1OC3C4COCC3CN(C4)C(=O)OC(C)(C)C,CHEMBL3629481,EC50,7.7
7921265,Cc1nc(ccc1Oc2ncnc(OC3CCN(CC3)C(=O)OC(C)(C)CF)c2F)S(=O)(=O)C,CHEMBL3325848,EC50,7.7
7921276,CC(C)c1onc(n1)N2CCN(CC2)c3ncc(OCc4ccncc4C#N)cn3,CHEMBL2382416,EC50,7.72
7921287,C[C@@H]1CN(CCN1c2ncc(OCc3ccc(cc3)S(=O)(=O)C)cn2)C(=O)OC(C)(C)C,CHEMBL2086660,EC50,7.72
7921298,CC(C)S(=O)(=O)c1cnc(O[C@@H]2CC[C@H](CC2)OC3CCN(CC3)C(=O)OC(C)(C)C)cn1,CHEMBL3598091,EC50,7.73
7921309,CC(C)OC(=O)N1C2CC3CC1CC(C2)N3c4ncnc(Oc5ccc(cc5F)n6cnnn6)c4C,CHEMBL2312157,Ki,7.75
7921320,CCCc1cnc(nc1)N2CCC(CC2)OC3=CC(=O)N(C=C3)c4ccc(cc4F)S(=O)(=O)C,CHEMBL3338181,EC50,7.75
7921331,CCc1c(Oc2cccnc2C)ncnc1N3C4CC5CC3CC(C4)N5C(=O)OC(C)(C)C,CHEMBL2312506,Ki,7.75
7921342,CS(=O)(=O)c1ccc(cc1)N2C=C(Cl)C(=CC2=O)OC3CCN(CC3)c4ncc(Cl)cn4,CHEMBL3338192,EC50,7.75
7921353,CCC(F)(F)C(=O)N1CCC(CC1)Oc2ncnc(Oc3ccc(nc3C)S(=O)(=O)C)c2F,CHEMBL3326681,EC50,7.76
7921364,CCOC(=O)[C@](C)(Cc1ccccc1)c2ccnc3c(cnn23)c4ccc(Cl)cc4,CHEMBL3260518,EC50,7.77
7921375,Cc1c(Nc2ccc(cc2Cl)C#N)ncnc1OC3CC4COCC(C3)N4C(=O)OC(C)(C)C,CHEMBL3629478,EC50,7.77
7921386,CC(C)(C)OC(=O)N1CCC(CC1)O[C@@H]2CC[C@H](CC2)Oc3ccc(cc3)S(=O)(=O)C,CHEMBL3598081,EC50,7.79
7921397,CC(C)(C)OC(=O)N1CCC(CO[C@@H]2CC[C@H](CC2)c3ccc(cc3)S(=O)(=O)C)CC1,CHEMBL2323590,EC50,7.8
7921408,CCCc1cnc(nc1)N2CCC(CC2)OC3=CC(=O)N(C=C3)c4ccc(cc4)S(=O)(=O)C,CHEMBL3338174,EC50,7.8
7921419,CCOC(=O)C(Cc1ccccc1)c2ccnc3c(cnn23)c4ccc(Cl)cc4,CHEMBL3260512,EC50,7.8
7921430,CS(=O)(=O)c1ccc(cc1F)N2C=C(Cl)C(=CC2=O)OC3CCN(CC3)c4ncc(cn4)C(F)(F)F,CHEMBL3338191,EC50,7.8
7921441,Cc1c(OC2C3COCC2CN(C3)C(=O)OC4(C)CC4)ncnc1Oc5ccc(cc5Cl)C#N,CHEMBL3629477,EC50,7.8
7921452,CC(C)(F)c1noc(n1)N2CCC(COC3CCC(=CC3)c4ccc(cc4)S(=O)(=O)C)CC2,CHEMBL2323595,EC50,7.82
7921463,CCc1cnc(nc1)N2CCC(CC2)n3ncc4cc(ncc34)c5cc(F)c(cc5F)C(=O)NCCO,CHEMBL3823329,EC50,7.82
7921474,COC(=O)[C@@]1(Cc2cccc(F)c2)NCc3cnc4c(c(CO)nn4c13)c5ccc(nc5)C(F)(F)F,CHEMBL3354799,EC50,7.82
7921485,Cc1c(Oc2ccc(cc2F)n3cnnn3)ncnc1N4C5CC6CC4CC(C5)N6C(=O)OC7(C)CC7,CHEMBL2312158,Ki,7.82
7921496,CCc1cnc(nc1)N2CCC(CC2)n3ncc(COc4ccc(cc4)n5cnnn5)c3C#N,CHEMBL2204984,Ki,7.83
7921508,CC(C)(C)OC(=O)N1[C@@H]2CC[C@H]1C[C@H](C2)Oc3ncnc(Nc4ccc(cc4)S(=O)(=O)C)c3[N+](=O)[O-],CHEMBL3084480,EC50,7.84
7921519,CCCNC(=O)c1cc(F)c(cc1F)c2cc3cnn(C4CCN(CC4)C(=O)OC(C)C)c3cn2,CHEMBL3824111,EC50,7.85
7921530,CCc1cnc(nc1)N2CCC(CC2)C(C)CCNc3cc4OCC(=O)c4cn3,CHEMBL3809686,EC50,7.85
1740189,CS(=O)(=O)c1ccc(N2C=C(Cl)C(=CC2=O)OC3CCN(CC3)c4ncc(Cl)cn4)c(F)c1,CHEMBL3338194,EC50,7.85
7921543,Cc1nc(ccc1Oc2ncnc(OC3CCN(CC3)C(=O)OC4(CCC4)C(F)(F)F)c2F)S(=O)(=O)C,CHEMBL3326670,EC50,7.85
7921554,Cc1nc(ccc1Oc2ncnc(OC3CCN(CC3)C(=O)c4noc(n4)C(C)(C)F)c2F)S(=O)(=O)C,CHEMBL3326686,EC50,7.85
7921565,Cc1nc(ccc1Oc2ncnc(OC3CCN(CC3)C(=O)OC4(C)CC4)c2F)S(=O)(=O)C,CHEMBL3326667,EC50,7.86
7921576,Cc1nc(ccc1Oc2ncnc(OC3CCN(CC3)C(=O)OC4CCC4)c2F)S(=O)(=O)C,CHEMBL3325845,EC50,7.87
7921587,Cc1nc(ccc1Oc2ncnc(OC3CCN(CC3)C(=O)SC4(C)CC4)c2F)S(=O)(=O)C,CHEMBL3326675,EC50,7.88
7921598,CC(C)OC(=O)N1CCC(CC1)O[C@@H]2CC[C@H](CC2)Oc3ccc(nc3)S(=O)(=O)C,CHEMBL3598087,EC50,7.89
7921609,CCc1cnc(nc1)N2CCC(CC2)n3ncc4cc(ncc34)c5ccc(cc5)S(=O)(=O)C,CHEMBL3824187,EC50,7.89
7921620,CS(=O)(=O)c1ccc(cc1)N2C=C(Cl)C(=CC2=O)OC3CCN(CC3)c4ncc(cn4)C(F)(F)F,CHEMBL3338189,EC50,7.89
7921631,CS(=O)(=O)c1ccc(cc1F)N2C=C(Cl)C(=CC2=O)OC3CCN(CC3)c4ncc(Cl)cn4,CHEMBL3338193,EC50,7.89
7921642,CCCc1cnc(nc1)N2CCC(CC2)OC3=CC(=O)N(C=C3C#N)c4ccc(cc4)S(=O)(=O)C,CHEMBL3338187,EC50,7.92
7921653,CS(=O)(=O)c1ccc(N2C=C(Cl)C(=CC2=O)OC3CCN(CC3)c4ncc(cn4)C(F)(F)F)c(F)c1,CHEMBL3338190,EC50,7.92
7921664,CC(C)(C)OC(=O)N1[C@@H]2CC[C@H]1C[C@@H](C2)Nc3ncnc(Nc4ccc(cc4)S(=O)(=O)C)c3[N+](=O)[O-],CHEMBL3084484,EC50,7.94
7921675,CC(C)(C)OC(=O)N1C2CCC1CN(C2)c3ncc(OCc4ccc(cc4)S(=O)(=O)C)cn3,CHEMBL2382409,EC50,7.96
7921686,CC(C)COC(=O)N1CCC(CC1)n2ncc3cc(ncc23)c4ccc(cc4)S(=O)(=O)C,CHEMBL3822762,EC50,7.96
7921697,CC(C)OC(=O)N1CCC(CC1)O[C@@H]2CC[C@H](CC2)Oc3ccc(nc3C)S(=O)(=O)C,CHEMBL3598088,EC50,7.96
7921708,CC(C)c1onc(n1)N2C3CCC2CN(C3)c4ncc(OCc5ccncc5C#N)cn4,CHEMBL2382417,EC50,7.96
7921719,CCCc1cnc(nc1)N2CCC(CC2)OC3=CC(=O)N(C=C3)c4ccc(cc4)C#N,CHEMBL3338176,EC50,7.96
7921730,CCOC(=O)C(C)(Cc1ccccc1)c2ccnc3c(cnn23)c4ccc(cc4)C(F)(F)F,CHEMBL3260532,EC50,7.96
7921741,COC(=O)C1(Cc2ccccc2)COc3cnc4c(cnn4c13)c5ccc(cc5)C(F)(F)F,CHEMBL3354788,EC50,7.96
7921752,CC(C)(OC(=O)N1CCC(CC1)n2ncc3cc(ncc23)c4ccc(cc4F)S(=O)(=O)C)C(F)F,CHEMBL3823396,EC50,8.0
7921763,CCNC(=O)c1cc(F)c(cc1F)c2cc3cnn(C4CCN(CC4)C(=O)OC(C)C)c3cn2,CHEMBL3824019,EC50,8.0
7921774,CCOC(=O)[C@](C)(Cc1ccccc1)c2ccnc3c(cnn23)c4ccc(cc4)C(F)(F)F,CHEMBL3260533,EC50,8.0
7921785,C[C@H](OC(=O)N1CCC(CC1)Oc2ncnc(Oc3ccc(nc3C)S(=O)(=O)C)c2F)C(F)(F)F,CHEMBL3326666,EC50,8.01
7921796,CS(=O)(=O)c1cnc(O[C@@H]2CC[C@H](CC2)OC3CCN(CC3)C(=O)Oc4ccccc4)cn1,CHEMBL3598103,EC50,8.02
7921807,CCc1cnc(nc1)N2CCC(CC2)n3ncc(COc4ccc(cc4F)C#N)c3C#N,CHEMBL2204985,Ki,8.03
7921818,C[C@@H](OC(=O)N1CCC(CC1)Oc2ncnc(Oc3ccc(nc3C)S(=O)(=O)C)c2F)C(F)(F)F,CHEMBL3325852,EC50,8.04
7921829,CCCc1cnc(nc1)N2CCC(CC2)OC3=CC(=O)N(C=C3)c4ccc(c(F)c4)S(=O)(=O)C,CHEMBL3338182,EC50,8.05
7921840,FC(F)(F)COC(=O)N1C2CCC1CN(C2)c3ncc(OCc4ccncc4C#N)cn3,CHEMBL2382415,EC50,8.05
7921851,FC1(F)CC(OC(=O)N2C3CCC2CN(C3)c4ncc(OCc5ccncc5C#N)cn4)C1(F)F,CHEMBL2382413,IC50,8.05
7921862,CS(=O)(=O)c1ccc(COC[C@@H]2C[C@@H]2C3CCN(CC3)c4ncc(Cl)cn4)nc1,CHEMBL3622164,EC50,8.06
7921873,CC(C)(C)OC(=O)N1CCC(CC1)O[C@@H]2CC[C@H](CC2)Oc3ccc(cc3)C#N,CHEMBL3598085,EC50,8.07
7921884,CC(C)(C)OC(=O)N1CCC(CC1)O[C@@H]2CC[C@H](CC2)Oc3ccc(cc3F)S(=O)(=O)C,CHEMBL3598083,EC50,8.07
7921895,Cc1nc(ccc1Oc2ncnc(OC3CCN(CC3)C(=O)SC4CCC4)c2F)S(=O)(=O)C,CHEMBL3326676,EC50,8.07
7921906,CC(C)(C)OC(=O)N1CCC(CC1)O[C@@H]2CC[C@H](CC2)Oc3cnc(cn3)C#N,CHEMBL3598092,EC50,8.08
1715124,CC(C)c1onc(n1)N2CCN([C@H](C)C2)c3ncc(OCc4ccncc4C#N)cn3,CHEMBL2086690,EC50,8.1
7921919,CCOC(=O)[C@@]1(Cc2ccccc2)CCCc3cnc4c(cnn4c13)c5ccc(cc5)C(F)(F)F,CHEMBL3354781,EC50,8.1
7921930,Cc1nc(ccc1Oc2ncnc(OC3CCN(CC3)C(=O)OC(C)(C)C)c2F)S(=O)(=O)C,CHEMBL3325844,EC50,8.1
7921941,CCS(=O)(=O)c1ccc(COC[C@@H]2C[C@@H]2C3CCN(CC3)c4ncc(COC)cn4)c(F)c1,CHEMBL3622177,EC50,8.15
7921952,COC(=O)C1(Cc2ccccc2)CCc3cnc4c(cnn4c13)c5ccc(cc5)C#N,CHEMBL3354786,EC50,8.16
7921963,COc1c(Nc2ccc(cc2Cl)C#N)ncnc1OC3C4COCC3CN(C4)C(=O)OC5(C)CC5,CHEMBL3629485,EC50,8.16
7921974,Cc1c(Oc2ccc(cc2F)n3cnnn3)ncnc1N4C5CC6CC4CC(C5)N6C(=O)OC(C)(C)C,CHEMBL2312159,Ki,8.16
7921985,CC(C)(C)OC(=O)N1[C@@H]2CC[C@H]1C[C@@H](CNc3ncnc(Nc4ccc(cc4F)S(=O)(=O)C)c3[N+](=O)[O-])C2,CHEMBL3084481,EC50,8.17
7921996,CC(C)SC(=O)N1CCC(CC1)Oc2ncnc(Oc3ccc(nc3C)S(=O)(=O)C)c2F,CHEMBL3326672,EC50,8.17
7922007,CC(C)(C)OC(=O)N1CCC(CO[C@@H]2CC[C@H](CC2)c3ccc(cc3F)S(=O)(=O)C)CC1,CHEMBL2323599,EC50,8.19
7922018,Cc1nc(ccc1Oc2ncnc(OC3CCN(CC3)C(=O)OC(C)(C)C(F)(F)F)c2F)S(=O)(=O)C,CHEMBL3325846,EC50,8.19
7922029,Cc1nc(ccc1Oc2ncnc(OC3CCN(CC3)C(=O)c4ncc(Cl)cn4)c2F)S(=O)(=O)C,CHEMBL3326689,EC50,8.21
7922040,C[C@@H]1CN(CCN1c2ncc(OCc3ccncc3C#N)cn2)C(=O)OC4CC(F)(F)C4(F)F,CHEMBL2382412,EC50,8.22
7922051,OCc1nn2c3c(CN[C@]3(Cc4cccc(F)c4)C5CC5)cnc2c1c6ccc(nc6)C(F)(F)F,CHEMBL3354805,EC50,8.22
7922062,CCCc1cnc(nc1)N2CCC(CC2)OC3=CC(=O)N(C=C3Cl)c4ccc(cc4)S(=O)(=O)C,CHEMBL3338188,EC50,8.3
7922073,COC(=O)[C@@]1(Cc2cccc(F)c2)NCc3cnc4c(c(CO)nn4c13)c5ccc(cc5)C(F)(F)F,CHEMBL3354798,EC50,8.3
7922084,COc1c(Nc2ccc(cc2F)C#N)ncnc1OC3C4COCC3CN(C4)C(=O)OC5(C)CC5,CHEMBL3629597,EC50,8.3
7922095,C[C@@H]1CN(CCN1c2ncc(OCc3ccncc3C#N)cn2)C(=O)OC(C)(C)C,CHEMBL2086684,EC50,8.3
7922106,CC1(CC1)OC(=O)N2CCC(CC2)[C@H]3C[C@H]3COCc4ccc(cc4F)n5cnnn5,CHEMBL3622169,EC50,8.32
7922117,Cc1nc(ccc1Oc2ncnc(OC3CCN(CC3)C(=O)SC(C)(C)C)c2F)S(=O)(=O)C,CHEMBL3326673,EC50,8.32
7922128,CCc1cnc(nc1)C(=O)N2CCC(CC2)Oc3ncnc(Oc4ccc(nc4C)S(=O)(=O)C)c3F,CHEMBL3326688,EC50,8.33
7922139,COC(C)c1cnc(nc1)N2CCC(CC2)[C@H]3C[C@H]3COCc4ccc(cc4F)S(=O)(=O)C,CHEMBL3622176,EC50,8.34
7922150,COCc1cnc(nc1)N2CCC(CC2)[C@H]3C[C@H]3COCc4cc(F)c(c(F)c4)S(=O)(=O)C,CHEMBL3622180,EC50,8.35
7922161,COc1cnc(nc1)N2CCC(CC2)[C@H]3C[C@H]3COCc4ccc(cc4F)S(=O)(=O)C,CHEMBL3622170,EC50,8.35
7922172,CC(C)c1noc(n1)N2CCC(CC2)[C@H]3C[C@H]3COCc4ccc(cc4F)S(=O)(=O)C,CHEMBL3622167,EC50,8.38
7922183,CC(C)(C)OC(=O)N1C2CCC1CN(C2)c3ncc(OCc4ccncc4C#N)cn3,CHEMBL2382410,EC50,8.4
7922194,CCc1cnc(nc1)N2CCC(CC2)n3ncc4cc(ncc34)c5ccc(cc5F)S(=O)(=O)C,CHEMBL3823780,EC50,8.4
7922205,COCCOC(=O)C(C)(Cc1ccccc1)c2ccnc3c(cnn23)c4ccc(Cl)cc4,CHEMBL3260535,EC50,8.4
7922216,Cc1c(Nc2ccc(cc2Cl)C#N)ncnc1OC3C4COCC3CN(C4)C(=O)OC5(C)CC5,CHEMBL3629484,EC50,8.4
7922227,COCc1cnc(nc1)N2CCC(CC2)[C@H]3C[C@H]3COCc4ccc(c(F)c4)S(=O)(=O)C,CHEMBL3622172,EC50,8.48
7922238,COCc1cnc(nc1)N2CCC(CC2)[C@H]3C[C@H]3COCc4ccc(CC(=O)N5CCOCC5)cc4F,CHEMBL3622178,EC50,8.5
7922249,CCOC(=O)[C@@]1(Cc2ccccc2)CCc3cnc4c(cnn4c13)c5ccc(Cl)cc5,CHEMBL3354784,EC50,8.52
7922260,CCOC(=O)[C@](C)(Cc1ccccc1)c2c(Cl)cnc3c(cnn23)c4ccc(cc4)C(F)(F)F,CHEMBL3354777,EC50,8.52
7922271,CN(C1CCN(CC1)C(=O)OC(C)(C)C)c2ncnc3c(csc23)c4ccc(cc4F)S(=O)(=O)C,CHEMBL3321835,EC50,8.52
7922282,COC(=O)[C@@]1(Cc2cccc(F)c2)CCc3cnc4c(cnn4c13)c5ccc(cc5)C(F)(F)F,CHEMBL3354780,EC50,8.52
7922293,COC(=O)[C@@]1(Cc2cccc(F)c2)NCc3cnc4c(cnn4c13)c5ccc(cc5)C(F)(F)F,CHEMBL3354791,EC50,8.52
7922304,CCc1cnc(nc1)N2CCC(CC2)[C@H]3C[C@H]3COCc4ccc(c(F)c4)S(=O)(=O)C,CHEMBL3622174,EC50,8.6
7922315,CS(=O)(=O)c1ccc(COC[C@@H]2C[C@@H]2C3CCN(CC3)c4ncc(F)cn4)cc1F,CHEMBL3622173,EC50,8.62
7922326,OCCS(=O)(=O)c1ccc(COC[C@@H]2C[C@@H]2C3CCN(CC3)c4ncc(Cl)cn4)c(F)c1,CHEMBL3622165,EC50,8.64
7922337,COCc1cnc(nc1)N2CCC(CC2)[C@H]3C[C@H]3COCc4ccc(cc4F)S(=O)(=O)C,CHEMBL3622175,EC50,8.68
7922348,COC(=O)C1(Cc2ccccc2)CCc3cnc4c(cnn4c13)c5ccc(cc5)C(F)(F)F,CHEMBL3354779,EC50,8.7
7922359,COCCN(C)C(=O)[C@@]1(Cc2cccc(F)c2)NCc3cnc4c(cnn4c13)c5ccc(cc5)C(F)(F)F,CHEMBL3354795,EC50,8.7
7922370,OCc1nn2c3c(CN[C@]3(Cc4cccc(F)c4)C5CC5)cnc2c1c6ccc(cc6)C(F)(F)F,CHEMBL3354804,EC50,8.7
7922381,[2H]C([2H])(O)c1nn2c3c(CN[C@]3(Cc4cccc(F)c4)C(=O)OC)cnc2c1c5ccc(cc5)C(F)(F)F,CHEMBL3354801,EC50,8.7
7922392,CC(C)c1noc(n1)N2CCC(CC2)[C@H]3C[C@H]3COCc4ccc(cc4F)n5cnnn5,CHEMBL3622168,EC50,8.77
7922403,CCOc1cnc(nc1)N2CCC(CC2)[C@H]3C[C@H]3COCc4ccc(c(F)c4)S(=O)(=O)C,CHEMBL3622171,EC50,8.77
7922414,CCS(=O)(=O)c1ccc(OCC[C@@H]2C[C@@H]2C3CCN(CC3)c4onc(n4)C(C)C)c(F)c1,CHEMBL3622181,EC50,8.77
7922425,CC(C)(C)OC(=O)N1[C@@H]2CC[C@H]1C[C@@H](C2)Nc3ncnc(Nc4ccc(cc4F)S(=O)(=O)C)c3[N+](=O)[O-],CHEMBL3084483,EC50,8.82
7922437,CC(C)(C)OC(=O)N1[C@@H]2CC[C@H]1C[C@H](C2)Oc3ncnc(Nc4ccc(cc4F)S(=O)(=O)C)c3[N+](=O)[O-],CHEMBL3084479,EC50,8.82
7922448,CCc1cnc(nc1)N2CCC(CC2)[C@H]3C[C@H]3COCc4ccc(cn4)S(=O)(=O)C,CHEMBL3622166,EC50,8.82
7922459,COCc1cnc(nc1)N2CCC(CC2)[C@H]3C[C@H]3COCc4ccc(c(F)c4)n5cnnn5,CHEMBL3622179,EC50,8.96
7922470,CCOC(=O)[C@](C)(Cc1ccccc1)c2c(C)cnc3c(cnn23)c4ccc(cc4)C(F)(F)F,CHEMBL3354774,EC50,9.0
7922481,COCCN(C)C(=O)C(C)(Cc1ccccc1)c2ccnc3c(cnn23)c4ccc(cc4)C(F)(F)F,CHEMBL3260536,EC50,9.0
7922492,CCS(=O)(=O)c1ccc(COC[C@@H]2C[C@@H]2C3CCN(CC3)c4onc(n4)C(C)C)c(F)c1,CHEMBL3622182,EC50,9.1
7922503,CCOC(=O)[C@@]1(Cc2ccccc2)CCc3cnc4c(cnn4c13)c5ccc(cc5)C(F)(F)F,CHEMBL3354778,EC50,9.3
