id,smiles,name,assay_type,activity_value
1840391,CCCCCCCCCCCCCCCOc1ccc(CCC(=O)OC[C@@H](O)COP(=O)(O)OC[C@H](N)C(=O)O)cc1,CHEMBL3577176,EC50,7.07
1840403,CCCCCCCOc1cccc(CCC(=O)OC[C@@H](O)COP(=O)(O)OC[C@H](N)C(=O)O)c1,CHEMBL3577168,EC50,7.09
1840414,CCCCCCCCCCCOc1ccc(CCC(=O)OC[C@@H](O)COP(=O)(O)OC[C@H](N)C(=O)O)cc1,CHEMBL3577173,EC50,7.12
1840425,CCCCCCCC\C=C/CCCCCCCC(=O)NC[C@@H](O)COP(=O)(O)OC[C@H](N)C(=O)O,CHEMBL3577156,EC50,7.2
1840436,CCCCCCCCCCCOc1ccccc1CCC(=O)OC[C@@H](O)COP(=O)(O)OC[C@H](N)C(=O)O,CHEMBL3577171,EC50,7.36
1840447,CCCCCCCCCCCOc1cccc(CCC(=O)OC[C@@H](O)COP(=O)(O)O[C@@H](C)[C@H](N)C(=O)O)c1,CHEMBL3577263,EC50,7.4
1840458,CCCCCCCCCCCCCCCOc1ccccc1CCC(=O)OC[C@@H](O)COP(=O)(O)OC[C@H](N)C(=O)O,CHEMBL3577174,EC50,7.48
1840228,CCCCCCCCCCCOc1cccc(CCC(=O)NC[C@@H](O)COP(=O)(O)O[C@@H](C)[C@H](N)C(=O)O)c1,CHEMBL3577265,EC50,7.51
1840471,CCCCCCCCCCCCCCCOc1cccc(CCC(=O)OC[C@@H](O)COP(=O)(O)OC[C@H](N)C(=O)O)c1,CHEMBL3577175,EC50,7.6
1840482,CCCCCCCCCCCOc1cccc(CCC(=O)OC[C@@H](O)COP(=O)(O)OC[C@H](N)C(=O)O)c1,CHEMBL3577172,EC50,7.74
