id,smiles,name,assay_type,activity_value
1365620,OC(=O)C(=O)NC1=CC(=CC(NC(=O)C(O)=O)=C1Cl)C#N,lodoxamide,EC50,8.79317379
1365631,OC1=C(CC2=C(O)C3=C(OC2=O)C=CC=C3)C(=O)OC2=CC=CC=C12,dicoumarol,Ki,7.41
887000,Oc1cc2C(=O)Oc3c(O)c(O)cc4C(=O)Oc(c1O)c2c34,CHEMBL6246,IC50,7.0
1365724,CCOc1ccc(cc1)C(=O)Nc2cc(Br)cc3C(=O)C=C(Oc23)C(=O)O,CHEMBL2392175,Ki,7.01
1365735,OC(=O)C1=CC(=O)c2cc(Br)cc(NC(=O)c3ccccc3)c2O1,CHEMBL2392168,Ki,7.09
1365746,OC(=O)C1=CC(=O)c2cc(Br)cc(NC(=O)c3ccc4OCOc4c3)c2O1,CHEMBL2392178,EC50,7.22
1365757,COc1ccc(nc1)C(=O)Nc2cc(Br)cc3C(=O)C=C(Oc23)C(=O)O,CHEMBL2392182,Ki,7.25
1365768,OC(=O)COc1ccc(\C=C\2/SC(=O)NC2=O)cc1,CHEMBL2425825,Ki,7.29
1365779,OC(=O)c1cc2ccccc2c(Cc3c(O)c(cc4ccccc34)C(=O)O)c1O,CHEMBL177880,EC50,7.3
1365790,COc1ccc(cc1)C(=O)Nc2cc(C)cc3C(=O)C=C(Oc23)C(=O)O,CHEMBL2425822,Ki,7.37
1365801,COC(=O)c1cnn(c1\C=N\NC(=S)NC(C)(C)C)c2ccc(F)cc2F,CHEMBL1708510,Ki,7.38
1365812,OC(=O)C1=CC(=O)c2cc(Br)cc(NC(=O)c3ccc(Cl)cc3)c2O1,CHEMBL2392170,EC50,7.39
1365825,OC(=O)C1=CC(=O)c2cc(Br)cc(NC(=O)c3ccc(Cl)cc3Cl)c2O1,CHEMBL2392171,EC50,7.46
1365836,COc1ccc(cn1)C(=O)Nc2cc(Br)cc3C(=O)C=C(Oc23)C(=O)O,CHEMBL2392183,EC50,7.52
1365847,COc1ccc(cc1)C(=O)Nc2cc(Cl)cc3C(=O)C=C(Oc23)C(=O)O,CHEMBL2392167,EC50,7.54
1365858,C\C(=C/c1ccccc1)\C=C\2/SC(=S)N(CCCC(=O)Nc3ccc(C(=O)O)c(O)c3)C2=O,CHEMBL1384502,IC50,7.57
1365869,OC(=O)C1=CC(=O)c2cc(Br)cc(NC(=O)c3ccc(Cl)c(Cl)c3)c2O1,CHEMBL2392172,EC50,7.57
1365880,COc1ccc(cc1)C(=O)Nc2cc(OC)cc3C(=O)C=C(Oc23)C(=O)O,CHEMBL2425823,EC50,7.59
1365892,OC(=O)c1ccc(\C=C\2/S\C(=N/c3ccccc3F)\NC2=O)cc1,CHEMBL2392141,EC50,7.59
1365903,COc1ccc(cc1)C(=O)Nc2cc(F)cc3C(=O)C=C(Oc23)C(=O)O,CHEMBL2392162,Ki,7.6
1365914,COc1ccc(cc1)C(=O)Nc2cc(Br)cc3C(=O)C=C(Oc23)C(=O)O,CHEMBL2392174,EC50,7.66
1365925,OC(=O)C1=CC(=O)c2cc(F)cc(NC(=O)c3ccc(Cl)cc3Cl)c2O1,CHEMBL2392160,EC50,7.69
1365936,COc1ccc(C(=O)Nc2cc(Br)cc3C(=O)C=C(Oc23)C(=O)O)c(Cl)c1,CHEMBL2392179,EC50,7.83
1365947,OC(=O)C1=CC(=O)c2cc(F)cc(NC(=O)c3ccc(Cl)c(Cl)c3)c2O1,CHEMBL2392161,Ki,7.94
1365958,COc1ccc(C(=O)Nc2cc(Cl)cc3C(=O)C=C(Oc23)C(=O)O)c(F)c1,CHEMBL2425824,EC50,8.22
1365969,Oc1c(cc(cc1[N+](=O)[O-])C(=C(Cl)Cl)c2cc(c(O)c(c2)[N+](=O)[O-])[N+](=O)[O-])[N+](=O)[O-],CHEMBL3347474,EC50,8.22
1365979,[3H]C([3H])([3H])Oc1ccc(cc1)C(=O)Nc2cc(Br)cc3C(=O)C=C(Oc23)C(=O)O,CHEMBL2425818,Kd,8.23
1365990,COc1cc(F)c(C(=O)Nc2cc(Br)cc3C(=O)C=C(Oc23)C(=O)O)c(F)c1,CHEMBL2425821,EC50,8.26
1366001,COc1ccc(C(=O)Nc2cc(Br)cc3C(=O)C=C(Oc23)C(=O)O)c(F)c1,CHEMBL2425819,EC50,8.35
1366012,COc1ccc(cc1F)C(=O)Nc2cc(Br)cc3C(=O)C=C(Oc23)C(=O)O,CHEMBL2425820,EC50,8.36
