id,smiles,name,assay_type,activity_value
4021239,CCc1nn2c(C)cc(C)nc2c1Cc3ccc(\C=C\C(=O)N4CCN(C)CC4)cc3,CHEMBL3675728,IC50,7.09
4021249,CCc1nn2c(C)cc(C)nc2c1Cc3ccc(cc3)n4cc(CC5(O)CCN(CC5)C(=O)OC(C)(C)C)nn4,CHEMBL3675742,IC50,7.11
4021258,CCc1nn2c(C)cc(C)nc2c1Cc3ccc(cc3)c4oc(nn4)C5CCNCC5,CHEMBL3675743,IC50,7.13
4021268,CCc1nc2c(C)cc(C)nc2n1Cc3ccc4Nc5ccc(CN6CCCCC6)cc5CCc4c3,CHEMBL3810385,IC50,7.17
4021278,CCc1nn2c(C)cc(C)nc2c1Cc3ccc(OCCN4CCN[C@@H](COC)C4)cc3,CHEMBL3675736,IC50,7.23
4021287,CCc1nc2c(C)cc(C)nc2n1Cc3ccc(\C=C\CN4CCN(CC4)C(C)C)cc3,CHEMBL3675746,IC50,7.26
4021296,CCc1nn2c(C)cc(C)nc2c1Cc3ccc(CCC(=O)N4CCN(CC4)C(=O)OC(C)(C)C)cc3,CHEMBL3675729,IC50,7.27
4021305,CCc1nn2c(C)cc(C)nc2c1Cc3ccc(OC[C@@H]4CC[C@@H](CC4)NC(=O)[C@H]5NCC[C@H]5O)cc3,CHEMBL3675733,IC50,7.27
4021314,CCc1nn2c(C)cc(C)nc2c1Cc3ccc(\C=C\CN4CCN(CC4)C(=O)[C@H](CO)NC)cc3,CHEMBL3675725,IC50,7.29
4021323,CCc1nn2c(C)cc(C)nc2c1Cc3ccc(CCCC4(O)CCN(CC4)C(=O)OC(C)(C)C)cc3,CHEMBL3670933,IC50,7.33
4021332,CCc1nn2c(C)cc(C)nc2c1Cc3ccc(\C=C\C4(O)CCN(CC4)C(=O)OC(C)(C)C)cc3,CHEMBL3670930,IC50,7.35
4021341,CCc1nn2c(C)cc(C)nc2c1Cc3ccc(OCCN4CCN(CC4)C(=O)OC(C)(C)C)cc3,CHEMBL3675735,IC50,7.36
4021350,CCc1nn2c(C)cc(C)nc2c1Cc3ccc(\C=C\CC4(O)CCNCC4)cc3,CHEMBL3670932,IC50,7.36
4021359,CCc1nn2c(C)cc(C)nc2c1Cc3ccc(cc3)n4cc(CN5CCNCC5)cn4,CHEMBL3675740,IC50,7.37
4021368,CCc1nn2c(C)cc(C)nc2c1Cc3ccc(\C=C\CN4CCN(CC4)C(=O)CN)cc3,CHEMBL3670940,IC50,7.42
4021377,CCc1nn2c(C)cc(C)nc2c1Cc3ccc(cc3)n4cc(CN5CCNCC5)nn4,CHEMBL3675741,IC50,7.42
4021386,CCc1nn2c(C)cc(C)nc2c1Cc3ccc(OC[C@@H]4CC[C@H](N)CC4)cc3,CHEMBL3675732,IC50,7.46
4021395,CCc1nn2c(C)cc(C)nc2c1Cc3ccc(\C=C\CN4CCN(CC4)C(=O)[C@H]5NCC[C@H]5O)cc3,CHEMBL3675726,IC50,7.46
4021404,CCc1nn2c(C)cc(C)nc2c1Cc3ccc(\C=C\CC4(O)CCN(CC4)C(=O)CN(C)C(=O)OC(C)(C)C)cc3,CHEMBL3670936,IC50,7.47
4021413,CCc1nn2c(C)cc(C)nc2c1Cc3ccc(\C=C\CC4(O)CN(C4)C(=O)OC(C)(C)C)cc3,CHEMBL3670931,IC50,7.47
4021422,CCc1nn2c(C)cc(C)nc2c1Cc3ccc(\C=C\CN4CCC(CC4)c5nnnn5C)cc3,CHEMBL3670941,IC50,7.48
4021431,CCc1nn2c(C)cc(C)nc2c1Cc3ccc(\C=C\CN4CCN[C@H](COC)C4)cc3,CHEMBL3670939,IC50,7.48
4021440,CCc1nn2c(C)cc(C)nc2c1Cc3ccc(\C=C\CN4CCN(C[C@@H](O)CO[Si](C)(C)C(C)(C)C)CC4)cc3,CHEMBL3675727,IC50,7.52
4021449,CCc1nn2c(C)cc(C)nc2c1Cc3ccc(\C=C\CN4CCN[C@H](CO)C4)cc3,CHEMBL3670937,IC50,7.55
4021458,CCc1nn2c(C)cc(C)nc2c1Cc3ccc(cc3)n4cc(CN5CCC(N)CC5)cn4,CHEMBL3675739,IC50,7.59
4021467,CCc1nn2c(C)cc(C)nc2c1Cc3ccc(\C=C\CC4(O)CCN(C[C@@H](O)CO)CC4)cc3,CHEMBL3670935,IC50,7.62
4021476,CCc1nn2c(C)cc(C)nc2c1Cc3ccc(OCC4CCNCC4)cc3,CHEMBL3675730,IC50,7.66
4021485,CCc1nn2c(C)cc(C)nc2c1Cc3ccc(cc3)n4cc(CN5CC(N)C5)cn4,CHEMBL3675738,IC50,7.68
4021494,CCc1nn2c(C)cc(C)nc2c1Cc3ccc(OCC4CCN(CC4)C(=O)[C@H]5NCC[C@H]5O)cc3,CHEMBL3675731,IC50,7.72
4021503,CCc1nn2c(C)cc(C)nc2c1Cc3ccc(\C=C\CN4CCN[C@@H](C)C4)cc3,CHEMBL3670938,IC50,7.72
4021512,CCc1nn2c(C)cc(C)nc2c1Cc3ccc(\C=C\C[C@]4(O)CCN[C@@H](C)C4)cc3,CHEMBL3670934,IC50,7.82
4021521,CCc1nn2c(C)cc(C)nc2c1Cc3ccc(cc3)c4oc(nn4)C5CCN(CC5)C(=O)[C@H](CO)NC,CHEMBL3675745,IC50,7.82
4021530,CCc1nn2c(C)cc(C)nc2c1Cc3ccc(CCCN4CCN(CC4)C(C)C)cc3,CHEMBL3639746,IC50,7.89
4021539,CCc1nn2c(C)cc(C)nc2c1Cc3ccc(\C=C\CN4CCNCC4)cc3,CHEMBL3675724,IC50,8.0
4021548,CCc1nn2c(C)cc(C)nc2c1Cc3ccc(\C=C\CN4CCN(C)[C@@H](CN(C)C)C4)cc3,CHEMBL3670942,IC50,8.16
4021557,CCc1nn2c(C)cc(C)nc2c1Cc3ccc(cc3)c4oc(nn4)[C@@H]5CC[C@@H](N)CC5,CHEMBL3675744,IC50,8.3
