id,smiles,name,assay_type,activity_value
1227995,CCCCCCCCCCCCCCCC(=O)NCCO,palmidrol,EC50,8.39999962
1228077,CN(C)S(=O)(=O)c1ccc(NC(=S)NC(=O)c2ccc(cc2)c3ccccc3)cc1,CHEMBL3747718,EC50,7.25
1228088,O=C(NC(=S)Nc1ccc(cc1)S(=O)(=O)NCCc2ccccc2)c3ccc(cc3)c4ccccc4,CHEMBL3745918,EC50,7.41
1228099,COc1ccc2c(OC(C)(C)c3cn(CNC(=O)CN4CCN(CC4)c5ccccc5)nc23)c1,CHEMBL3781085,EC50,7.5
1228110,CC(C)CNS(=O)(=O)c1ccc(NC(=S)NC(=O)c2ccc(cc2)c3ccccc3)cc1,CHEMBL3747083,EC50,7.51
1228121,COc1ccc2c(OC(C)(C)c3cn(CNC(=O)CN4CCN(CC4)c5cccc(C)c5C)nc23)c1,CHEMBL3780529,EC50,7.52
1228132,COc1ccc2c(OC(C)(C)c3cnn(CCN4CCN(CC4)C(=O)c5cccs5)c23)c1,CHEMBL3781224,EC50,7.53
1228143,COc1ccc2c(OC(C)(C)c3cn(CNC(=O)CN4CCN(CC4)c5ccccc5OC)nc23)c1,CHEMBL3780748,EC50,7.55
1228154,COc1ccc(cc1)N2CCN(CC(=O)NCn3ncc4c3c5ccc(OC)cc5OC4(C)C)CC2,CHEMBL3781297,EC50,7.56
1228165,COc1ccc2c(OC(C)(C)c3cnn(CNC(=O)CN4CCN(CC4)c5ccccc5)c23)c1,CHEMBL3781210,EC50,7.56
1228176,COc1ccc2c(OC(C)(C)c3cn(CCN4CCN(CC4)C(=O)C5CCCCC5)nc23)c1,CHEMBL3780020,EC50,7.6
1228187,COc1ccc2c(OC(C)(C)c3cn(CCN4CCN(CC4)C(=O)C5CCCO5)nc23)c1,CHEMBL3781437,EC50,7.61
1228198,COc1ccc2c(OC(C)(C)c3cn(CCN4CCN(CC4)C(=O)C(C)(C)C)nc23)c1,CHEMBL3781521,EC50,7.66
1228209,CCCCC\C=C/C\C=C/C\C=C/C\C=C/CCCC(=O)OC[C@@H](O)COP(=O)(O)O[C@@H]1[C@H](O)[C@H](O)[C@@H](O)[C@H](O)[C@H]1O,CHEMBL3745966,EC50,7.69
1228220,COc1ccc2c(OC(C)(C)c3cn(CCN4CCN(CC4)C(=O)c5occc5)nc23)c1,CHEMBL3781158,EC50,7.7
1228231,C=CCNS(=O)(=O)c1ccc(NC(=S)NC(=O)c2ccc(cc2)c3ccccc3)cc1,CHEMBL3746874,EC50,7.71
1228242,COc1ccc2c(OC(C)(C)c3cnn(CCN4CCN(CC4)C(=O)c5occc5)c23)c1,CHEMBL3781764,EC50,7.71
1228253,COc1ccc2c(OC(C)(C)c3cn(CCN4CCN(CC4)C(=O)COc5ccccc5)nc23)c1,CHEMBL3779954,EC50,7.74
1228264,COc1ccc2c(OC(C)(C)c3cn(CCN4CCN(CC4)C(=O)c5ccccc5)nc23)c1,CHEMBL3779969,EC50,7.81
1228275,Cc1ccc(CNS(=O)(=O)c2ccc(NC(=S)NC(=O)c3ccc(cc3)c4ccccc4)cc2)cc1,CHEMBL3747626,EC50,7.91
1228286,COc1ccc2c(OC(C)(C)c3cn(CCN4CCN(CC4)C(=O)c5cccs5)nc23)c1,CHEMBL3781953,EC50,8.09
1228297,COc1ccc(CNS(=O)(=O)c2ccc(NC(=S)NC(=O)c3ccc(cc3)c4ccccc4)cc2)cc1,CHEMBL3747608,EC50,8.11
1228308,O=C(NC(=S)Nc1ccc(cc1)S(=O)(=O)Nc2ccccc2)c3ccc(cc3)c4ccccc4,CHEMBL3745774,EC50,8.21
1228319,O=C(NC(=S)Nc1ccc(cc1)S(=O)(=O)NCc2ccccc2)c3ccc(cc3)c4ccccc4,CHEMBL3746316,EC50,8.25
1228330,CCCCCCCCCCCCCCCCCC(=O)OC[C@@H](O)COP(=O)(O)O[C@@H]1[C@H](O)[C@H](O)[C@@H](O)[C@H](O)[C@H]1O,CHEMBL3780056,EC50,8.55
1228341,Fc1ccc(CNS(=O)(=O)c2ccc(NC(=S)NC(=O)c3ccc(cc3)c4ccccc4)cc2)cc1,CHEMBL3746607,EC50,8.7
1228352,O=C(NC(=S)Nc1ccc(cc1)S(=O)(=O)NCc2occc2)c3ccc(cc3)c4ccccc4,CHEMBL3746228,EC50,8.7
