id,smiles,name,assay_type,activity_value
7898151,CCCC(C)COc1ccc(cc1)C(CN2CCN(C)CC2)NC(=O)[C@@H](C)c3ccccc3,CHEMBL3716700,EC50,7.0
7898163,CCCC(C)COc1ccc(cc1)[C@H](CN2CCOCC2)NC(=O)[C@@H](C)c3ccccc3,CHEMBL3403783,EC50,7.0
7898173,CCCC(C)COc1ccc(cc1)[C@H](CNC(=O)[C@@H](C)N)NC(=O)[C@@H](C)c2ccccc2,CHEMBL3714989,EC50,7.0
7898183,CCCC(C)COc1ccc(cc1)[C@H](CNC(=O)[C@@H](N)CC2CC2)NC(=O)[C@@H](C)c3ccccc3,CHEMBL3717978,EC50,7.0
7898193,CCCC(C)COc1ccc(cc1)[C@H](CNC(=O)[C@@H](N)[C@@H](C)OC)NC(=O)[C@@H](C)c2ccccc2,CHEMBL3717488,EC50,7.0
7898203,CCCC(C)COc1ccc(cc1)[C@H](CNC(=O)[C@@H](N)[C@H](C)CC)NC(=O)[C@@H](C)c2ccccc2,CHEMBL3717617,EC50,7.0
7898213,CCCC(C)COc1ccc(cc1)[C@H](CNC(=O)[C@H](N)C2CC2)NC(=O)[C@@H](C)c3ccccc3,CHEMBL3717324,EC50,7.0
7898223,CCCC(C)COc1ccc(cc1)[C@H](CNC(=O)[C@H](N)CCC)NC(=O)[C@@H](C)c2ccccc2,CHEMBL3715622,EC50,7.0
7898233,CCCC(C)COc1ccc(cc1)[C@H](CNC(=O)[C@H](N)Cc2cscn2)NC(=O)[C@@H](C)c3ccccc3,CHEMBL3717512,EC50,7.0
7898243,CCCC(C)COc1ccc(cc1)[C@H](CNC(=O)[C@H](N)[C@@H](C)CC)NC(=O)[C@@H](C)c2ccccc2,CHEMBL3717750,EC50,7.0
7898253,CCCC(C)COc1ccc(cc1)[C@H](CNCC(C)CC)NC(=O)[C@@H](C)c2ccccc2,CHEMBL3715058,EC50,7.0
7898263,CCCC(C)COc1ccc(cc1)[C@H](CNCC2CCOC2)NC(=O)[C@@H](C)c3ccccc3,CHEMBL3718752,EC50,7.0
7898273,CCCC(C)COc1ccc(cc1)[C@H](CNC[C@@H]2CCCN2)NC(=O)[C@@H](C)c3ccccc3,CHEMBL3715177,EC50,7.0
7898283,CCCC(C)COc1ccc(cc1)[C@H](CNC[C@H](C)N)NC(=O)[C@@H](C)c2ccccc2,CHEMBL3715294,EC50,7.0
7898293,CCCC(C)COc1ccc(cc1)[C@H](CNCc2c[nH]c3ccccc23)NC(=O)[C@@H](C)c4ccccc4,CHEMBL3716282,EC50,7.0
7898303,CCCC(C)COc1ccc(cc1)[C@H](CNCc2cc[nH]n2)NC(=O)[C@@H](C)c3ccccc3,CHEMBL3715982,EC50,7.0
7898313,CCCC(C)COc1ccc(cc1)[C@H](CNCc2cccnc2)NC(=O)[C@@H](C)c3ccccc3,CHEMBL3715603,EC50,7.0
7898323,CCCC(C)COc1ccc(cc1)[C@H](CNCc2ccncc2)NC(=O)[C@@H](C)c3ccccc3,CHEMBL3717835,EC50,7.0
7898333,CCCC(C)COc1ccc(cc1)[C@H](CO)NC(=O)[C@@H](C)c2ccccc2,CHEMBL3403768,EC50,7.0
7898343,CCCC(C)COc1ccc(cc1)[C@H](CO)NC(=O)[C@@H](CC)c2ccccc2,CHEMBL3716055,EC50,7.0
7898353,CCCC(C)COc1ccc(cc1)[C@H](CO)NC(=O)[C@@H](CO)c2ccccc2,CHEMBL3715473,EC50,7.0
7898363,CCCNC[C@H](NC(=O)[C@@H](C)c1ccccc1)c2ccc(OC[C@@H](C)CC)cc2,CHEMBL3719078,EC50,7.0
7898373,CC[C@H](C)COc1ccc(cc1)[C@@H](NC(=O)[C@@H](C)c2ccccc2)[C@@H](C)O,CHEMBL3715126,EC50,7.0
7898383,CC[C@H](C)[C@H](N)CN(C(=O)[C@@H]1C[C@H]1c2ccccc2)c3ccc(cc3)c4ccc(Oc5ccccc5)cc4,CHEMBL3400269,EC50,7.03
7898395,Cc1ccc(cc1)c2ccc(cc2)[C@H](CO)NC(=O)[C@H]3C[C@@H]3c4cccs4,CHEMBL3403765,EC50,7.03
7898406,CCCC(C)COc1ccc(cc1)[C@H](CN2CCN(C)CC2)NC(=O)[C@@H](C)c3ccccc3,CHEMBL3403782,EC50,7.05
7898417,CCCC(C)COc1ccc(cc1)[C@H](CNC(=O)[C@@H]2CCCN2)NC(=O)[C@@H](C)c3ccccc3,CHEMBL3715014,EC50,7.05
7898427,CCOc1ccc(cc1)c2ccc(cc2)N(C[C@@H](N)[C@@H](C)CC)C(=O)[C@@H]3C[C@H]3c4ccccc4,CHEMBL3400267,EC50,7.05
7898438,Cc1ccc(cc1)c2ccc(cc2)[C@H](CO)NC(=O)[C@@H]3C[C@H]3c4cccs4,CHEMBL3718649,EC50,7.09
7898448,CCCC(C)COc1ccc(cc1)[C@H](CO)NC(=O)[C@H]2C[C@@H]2c3cccs3,CHEMBL3718508,EC50,7.13
7898458,CC[C@H](C)[C@H](N)CN(C(=O)[C@@H]1C[C@H]1c2ccccc2)c3ccc(cc3)c4ccc(OC(C)C)cc4,CHEMBL3400266,EC50,7.14
7898469,CC[C@H](C)[C@H](N)CN(C(=O)[C@@H]1C[C@H]1c2ccccc2)c3ccc(cc3)c4ccc(CC(=O)OC)cc4,CHEMBL3400274,EC50,7.18
7898480,CCC(CC)COc1ccc([C@H](CO)NC(=O)[C@H]2C[C@@H]2c3ccccc3)c(OC)c1,CHEMBL3714993,EC50,7.21
7898490,CCC(CC)COc1ccc([C@H](CO)NC(=O)[C@H]2C[C@@H]2c3cccs3)c(C)c1,CHEMBL3715868,EC50,7.21
7898500,CCC(CC)COc1ccc(cc1)[C@H](CO)NC(=O)[C@H]2C[C@@H]2c3cccs3,CHEMBL3716350,EC50,7.21
7898510,CCCC#Cc1ccc([C@H](CO)NC(=O)[C@H]2C[C@@H]2c3cccs3)c(OC)c1,CHEMBL3718836,EC50,7.21
7898520,CCCC(C)COc1ccc([C@H](CO)NC(=O)[C@H]2C[C@@H]2c3cccs3)c(C)c1,CHEMBL3718798,EC50,7.21
7898530,CCCC(C)COc1ccc(cc1)[C@H](CN2CCN(C)CC2)NC(=O)[C@H]3C[C@@H]3c4cccs4,CHEMBL3716842,EC50,7.21
7898540,CC[C@H](C)COc1ccc([C@H](CN)NC(=O)[C@H]2C[C@@H]2c3cccs3)c(C)c1,CHEMBL3717751,EC50,7.21
7898550,CC[C@H](C)COc1ccc([C@H](CO)NC(=O)[C@H]2C[C@@H]2c3cccs3)c(C)c1,CHEMBL3716229,EC50,7.21
7898560,CC[C@H](C)COc1ccc(cc1)[C@H](CN)NC(=O)[C@H]2C[C@@H]2c3cccs3,CHEMBL3715159,EC50,7.21
7898570,CC[C@H](C)COc1ccc(cc1)[C@H](CN2CCN(C)CC2)NC(=O)[C@H]3C[C@@H]3c4cccs4,CHEMBL3714859,EC50,7.21
7898580,CC[C@H](NC(=O)[C@H]1C[C@@H]1c2ccccc2)c3ccc(cc3)c4ccc(OC)cc4,CHEMBL3719161,EC50,7.21
7898590,CCc1ccc(cc1)c2ccc([C@H](CO)NC(=O)[C@H]3C[C@@H]3c4cccs4)c(OC)c2,CHEMBL3718412,EC50,7.21
7898600,CCc1ccc(cc1)c2ccc(cc2)[C@H](CO)NC(=O)[C@H]3C[C@@H]3c4cccs4,CHEMBL3717862,EC50,7.21
7898610,COc1cc(ccc1[C@H](CO)NC(=O)[C@H]2C[C@@H]2c3cccs3)c4ccc(C)cc4,CHEMBL3715370,EC50,7.21
7898620,CCCc1ccc(cc1)c2ccc(cc2)N(C[C@@H](N)[C@@H](C)CC)C(=O)[C@@H]3C[C@H]3c4ccccc4,CHEMBL3400263,EC50,7.22
7898631,CCCC(C)COc1ccc(cc1)[C@H](CN)NC(=O)[C@@H](C)c2ccccc2,CHEMBL3403780,EC50,7.27
7898641,CC[C@H](C)[C@H](N)CN(C(=O)[C@@H]1C[C@H]1c2ccccc2)c3ccc(cc3)c4ccc(CC)cc4,CHEMBL3400262,EC50,7.36
7898652,CCCC(C)COc1ccc(cc1)[C@@H](NC(=O)[C@@H](C)c2ccccc2)C(C)(C)O,CHEMBL3403779,EC50,7.41
7898663,CCCC(C)COc1ccc(cc1)[C@H](CN(C)C)NC(=O)[C@@H](C)c2ccccc2,CHEMBL3403781,EC50,7.41
7898673,CCCC(C)COc1ccc(cc1)[C@H](CNC(=O)[C@@H](N)C(C)C)NC(=O)[C@@H](C)c2ccccc2,CHEMBL3716360,EC50,7.41
7898683,CCCC(C)COc1ccc(cc1)[C@H](CNC(=O)[C@@H](N)CC)NC(=O)[C@@H](C)c2ccccc2,CHEMBL3715029,EC50,7.41
7898693,CCCC(C)COc1ccc(cc1)[C@H](CNC(=O)[C@@H](N)CCC)NC(=O)[C@@H](C)c2ccccc2,CHEMBL3716078,EC50,7.41
7898703,CCCC(C)COc1ccc(cc1)[C@H](CNC(=O)[C@@H](N)[C@@H](C)CC)NC(=O)[C@@H](C)c2ccccc2,CHEMBL3717315,EC50,7.41
7898713,CCCC(C)COc1ccc(cc1)[C@H](CNC(=O)[C@H](C)N)NC(=O)[C@@H](C)c2ccccc2,CHEMBL3718503,EC50,7.41
7898723,CCCC(C)COc1ccc(cc1)[C@H](CNC(=O)[C@H](N)CC(C)C)NC(=O)[C@@H](C)c2ccccc2,CHEMBL3716058,EC50,7.41
7898733,CCCC(C)COc1ccc(cc1)[C@H](CNC(=O)[C@H](N)[C@H](C)CC)NC(=O)[C@@H](C)c2ccccc2,CHEMBL3718100,EC50,7.41
7898743,CCCC(C)COc1ccc(cc1)[C@H](CNCC2(N)CCCC2)NC(=O)[C@@H](C)c3ccccc3,CHEMBL3718302,EC50,7.41
7898753,CCCC(C)COc1ccc(cc1)[C@H](CNCC2CC2)NC(=O)[C@@H](C)c3ccccc3,CHEMBL3715862,EC50,7.41
7898763,CC[C@H](C)COc1ccc(cc1)[C@H](CN)NC(=O)[C@@H](C)c2ccccc2,CHEMBL3403793,EC50,7.41
7898773,CC[C@H](C)[C@H](N)CN(C(=O)[C@@H]1C[C@H]1c2ccccc2)c3ccc(cc3)c4ccc(COC)cc4,CHEMBL3400271,EC50,7.46
7898785,CC[C@H](C)[C@H](N)CN(C(=O)[C@@H]1C[C@H]1c2ccccn2)c3ccc(cc3)c4ccc(COC)cc4,CHEMBL3401459,EC50,7.82
7898796,CC(C)(C)[C@H](N)CN(C(=O)[C@@H]1C[C@H]1c2ccccc2)c3ccc(cc3)c4ccccc4,CHEMBL3400201,EC50,7.96
7898807,O=C([C@@H]1C[C@H]1c2ccccc2)N(CC3CCCNC3)c4ccc(cc4)c5ccccc5,CHEMBL3400202,EC50,8.0
7898818,CC[C@H](C)[C@H](N)CN(C(=O)[C@@H]1C[C@H]1c2cccc(F)n2)c3ccc(cc3)c4ccc(OC(C)C)cc4.OC(=O)C(F)(F)F.OC(=O)C(F)(F)F,CHEMBL3714828,EC50,8.1
7898828,O=C([C@@H]1C[C@H]1c2ccccc2)N(CCNCC3CCCCC3)c4ccc(cc4)c5ccccc5,CHEMBL3400207,EC50,8.18
7898839,CC[C@H](C)[C@@H](CN(C(=O)[C@@H]1C[C@H]1c2ccccc2)c3ccc(cc3)c4ccccc4)NC(=O)C,CHEMBL3404053,EC50,8.24
7898850,CC(C)CCNCCN(C(=O)[C@@H]1C[C@H]1c2ccccc2)c3ccc(cc3)c4ccccc4,CHEMBL3400205,EC50,8.29
7898861,CCC(C)CNCCN(C(=O)[C@@H]1C[C@H]1c2ccccc2)c3ccc(cc3)c4ccccc4,CHEMBL3400206,EC50,8.33
7898872,N[C@H](CN(C(=O)[C@@H]1C[C@H]1c2ccccc2)c3ccc(cc3)c4ccccc4)c5ccccc5,CHEMBL3400196,EC50,8.33
7898884,CC[C@H](C)[C@H](N)CN(C(=O)[C@@H]1C[C@H]1c2ccccn2)c3ccc(cc3)c4ccc(OC(C)C)cc4,CHEMBL3401460,EC50,8.46
7898896,CCCc1ccc(cc1)c2ccc(cc2)N(C[C@@H](N)[C@@H](C)CC)C(=O)[C@@H]3C[C@H]3c4ccccn4,CHEMBL3401461,EC50,8.51
7898907,CC(C)C[C@H](N)CCN(C(=O)[C@@H]1C[C@H]1c2ccccc2)c3ccc(cc3)c4ccccc4,CHEMBL3400203,EC50,8.52
7898918,CC(C)Oc1ccc(cc1)c2ccc(cc2)N(CC3(N)CCCC3)C(=O)[C@@H]4C[C@H]4c5cccc(F)n5.OC(=O)C(F)(F)F.OC(=O)C(F)(F)F,CHEMBL3714801,EC50,8.52
7898928,CCCC#Cc1ccc(cc1)N(C[C@@H](N)[C@@H](C)CC)C(=O)[C@H]2C[C@@H]2c3cccc(F)n3.OC(=O)C(F)(F)F.OC(=O)C(F)(F)F,CHEMBL3718945,EC50,8.52
7898938,CCCc1ccc(cc1)c2ccc(cc2)N(CC3(N)CCCC3)C(=O)[C@@H]4C[C@H]4c5cccc(F)n5.OC(=O)C(F)(F)F.OC(=O)C(F)(F)F,CHEMBL3718084,EC50,8.52
7898948,CCCc1ccc(cc1)c2ccc(cc2)N(C[C@@H](N)[C@@H](C)CC)C(=O)[C@@H]3C[C@H]3c4cccc(F)n4.OC(=O)C(F)(F)F.OC(=O)C(F)(F)F,CHEMBL3715807,EC50,8.52
7898958,CCCc1ccc(cc1)c2ccc(cc2)N(C[C@@H](N)[C@@H](C)CC)C(=O)[C@@H]3C[C@H]3c4cnccn4.OC(=O)C(F)(F)F.OC(=O)C(F)(F)F,CHEMBL3715829,EC50,8.52
7898968,CCCc1ccc(cc1)c2ccc(cc2)N(C[C@@H](N)[C@@H](C)CC)C(=O)[C@@H]3C[C@H]3c4ncccc4F.OC(=O)C(F)(F)F.OC(=O)C(F)(F)F,CHEMBL3718515,EC50,8.52
7898978,CCCc1ccc(cc1)c2ccc(cc2)N(C[C@@H](N)[C@@H](C)OC)C(=O)[C@@H]3C[C@H]3c4cnccn4.OC(=O)C(F)(F)F.OC(=O)C(F)(F)F,CHEMBL3718875,EC50,8.52
7898988,CC[C@H](C)[C@H](N)CN(C(=O)[C@@H]1C[C@H]1c2ccc(F)cn2)c3ccc(OCC4CCC4)cc3.OC(=O)C(F)(F)F.OC(=O)C(F)(F)F,CHEMBL3716470,EC50,8.52
7898998,CC[C@H](C)[C@H](N)CN(C(=O)[C@@H]1C[C@H]1c2ccc(F)cn2)c3ccc(cc3)c4ccc(COC)cc4.OC(=O)C(F)(F)F,CHEMBL3715838,EC50,8.52
7899008,CC[C@H](C)[C@H](N)CN(C(=O)[C@@H]1C[C@H]1c2ccc(F)cn2)c3ccc4cc(ccc4c3)C5CC5.OC(=O)C(F)(F)F,CHEMBL3718796,EC50,8.52
7899018,CC[C@H](C)[C@H](N)CN(C(=O)[C@@H]1C[C@H]1c2cccc(F)n2)c3ccc(cc3)c4ccc(COC)cc4.OC(=O)C(F)(F)F.OC(=O)C(F)(F)F,CHEMBL3717656,EC50,8.52
7899028,CC[C@H](C)[C@H](N)CN(C(=O)[C@@H]1C[C@H]1c2ccccn2)c3ccc(OCC4CCC4)cc3,CHEMBL3717562,EC50,8.52
7899038,CC[C@H](C)[C@H](N)CN(C(=O)[C@@H]1C[C@H]1c2ccccn2)c3ccc(cc3)c4ccc(cc4)C#CC.OC(=O)C(F)(F)F,CHEMBL3719007,EC50,8.52
7899048,COCc1ccc(cc1)c2ccc(cc2)N(CC3(N)CCCC3)C(=O)[C@@H]4C[C@H]4c5cccc(F)n5.OC(=O)C(F)(F)F.OC(=O)C(F)(F)F,CHEMBL3718807,EC50,8.52
7899058,Cl.CCCc1ccc(cc1)c2ccc(cc2)N(CC3(N)CCOCC3)C(=O)[C@@H]4C[C@H]4c5ccccn5,CHEMBL3716013,EC50,8.52
7899068,O=C([C@@H]1C[C@H]1c2ccccc2)N(CCNCC3CCCC3)c4ccc(cc4)c5ccccc5,CHEMBL3400208,EC50,8.6
7899079,CCC(CC)C(N)CCN(C(=O)[C@@H]1C[C@H]1c2ccccc2)c3ccc(cc3)c4ccccc4,CHEMBL3400204,EC50,8.7
7899090,CN[C@@H](CC(C)C)CN(C(=O)[C@@H]1C[C@H]1c2ccccc2)c3ccc(cc3)c4ccccc4,CHEMBL3404052,EC50,8.7
7899101,CC(C)C[C@@H](N)CN(C(=O)[C@@H]1C[C@H]1c2ccccc2)c3ccc(cc3)c4ccccc4,CHEMBL3404051,EC50,8.75
7899112,N[C@@H](CC1CCCCC1)CN(C(=O)[C@@H]2C[C@H]2c3ccccc3)c4ccc(cc4)c5ccccc5,CHEMBL3404055,EC50,8.77
7899123,CC(C)(N)CN(C(=O)[C@@H]1C[C@H]1c2ccccc2)c3ccc(cc3)c4ccccc4,CHEMBL3400200,EC50,8.85
7899134,CC[C@@H](C)[C@H](N)CN(C(=O)[C@@H]1C[C@H]1c2ccccc2)c3ccc(cc3)c4ccccc4,CHEMBL3404054,EC50,8.85
7899145,CC(C)C[C@H](N)CN(C(=O)C(C)Cc1ccccc1)c2ccc(cc2)c3ccccc3,CHEMBL3404049,EC50,8.92
7899156,CC(C)[C@H](N)CN(C(=O)[C@@H]1C[C@H]1c2ccccc2)c3ccc(cc3)c4ccccc4,CHEMBL3400197,EC50,8.96
7899167,CO[C@H](C)[C@H](N)CN(C(=O)[C@@H]1C[C@H]1c2ccccc2)c3ccc(cc3)c4ccccc4,CHEMBL3400198,EC50,9.17
7899178,N[C@H](CN(C(=O)[C@@H]1C[C@H]1c2ccccc2)c3ccc(cc3)c4ccccc4)C5CCCCC5,CHEMBL3404056,EC50,9.18
7899217,NC1(CN(C(=O)[C@@H]2C[C@H]2c3ccccc3)c4ccc(cc4)c5ccccc5)CCCC1,CHEMBL3400199,EC50,9.24
