id,smiles,name,assay_type,activity_value
9059588,CCOC(=O)c1[nH]c(C)c(C(=O)OC2CC3CCC2C3)c1C,CHEMBL396594,IC50,7.0
9059600,C[C@@H]1CN(CCN1C(=O)C23CC4CC(CC(C4)C2)C3)c5cccnc5C#N,CHEMBL2397347,IC50,7.0
9059611,Cc1ccoc1C(=O)Nc2ccc(N3C(=O)c4ccccc4C3=O)c(Cl)c2,CHEMBL3628104,EC50,7.01
9059622,Cc1ccoc1C(=O)Nc2ccc(N3C(=O)c4ccncc4C3=O)c(Cl)c2,CHEMBL3628115,EC50,7.01
9059633,Cc1ccoc1C(=O)Nc2ccc(nc2)N3C(=O)c4cccc(C)c4C3=O,CHEMBL3634434,EC50,7.02
9059644,CCc1cc2cc(ccc2nc1OC)C(=O)C3CCC(CC3)OC,CHEMBL175643,IC50,7.03
9059655,Fc1cccc(n1)N2C[C@@H]3CN(C[C@@H]3C2)C(=O)C45CC6CC(CC(C6)C4)C5,CHEMBL2418380,IC50,7.03
712010,Ic1cccc2C3=CC(=NCC(=O)N3CCc12)c4cocc4,CHEMBL3702385,IC50,7.03
9059667,Cc1ccoc1C(=O)Nc2ccc(N3C(=O)c4ccccc4C3=O)c(C)c2,CHEMBL3634422,EC50,7.05
9059678,CCc1cc2cc(ccc2nc1C)C(=O)C[C@@H]3CC[C@@H](CC3)OC,CHEMBL175699,IC50,7.07
9059689,CCc1cc2cc(ccc2nc1O)C(=O)C3CCC(CC3)OC,CHEMBL441844,IC50,7.07
9059700,O=C(N1C[C@@H]2CN(C[C@@H]2C1)c3ccccn3)C45CC6CC(CC(C6)C4)C5,CHEMBL2418364,IC50,7.07
9059711,Cc1ccoc1C(=O)Nc2ccc(N3C(=O)c4ccc(Cl)cc4C3=O)c(Cl)c2,CHEMBL3628112,EC50,7.09
9059722,CCc1cc2cc(ccc2nc1C)C(=O)C3CCC(O)CC3,CHEMBL177585,IC50,7.1
9059733,C=Cc1cccc(c1)N2C=Nc3c(csc3C2=O)c4ccccc4,CHEMBL3330812,IC50,7.13
9059744,O=C(Cc1ccsc1)c2ccc3nc4OCCCc4cc3c2,CHEMBL178742,IC50,7.13
9059755,Fc1ccc(cc1)N2C=Nc3c(csc3C2=O)c4ccccc4,CHEMBL3330802,IC50,7.18
9059766,Cc1scnc1C(=O)Nc2ccc(N3C(=O)c4ccc(F)cc4C3=O)c(Cl)c2,CHEMBL3758967,EC50,7.2
9059777,CCc1cc2cc(ccc2nc1I)C(=O)C3CCC(CC3)OC,CHEMBL177043,IC50,7.21
9059788,Cc1scnc1C(=O)Nc2ccc(N3C(=O)c4ccccc4C3=O)c(Cl)c2,CHEMBL3758683,EC50,7.23
9059799,COc1ccc(cc1)N2C=Nc3c(csc3C2=O)c4ccccc4F,CHEMBL3330817,IC50,7.24
9059810,Fc1cccc(c1)N2C=Nc3c(csc3C2=O)c4ccccc4,CHEMBL3330801,IC50,7.24
9059821,Cc1ccc2C(=O)N(C(=O)c2c1)c3ccc(NC(=O)c4occc4C)cc3Cl,CHEMBL3628110,EC50,7.26
9059832,Cc1ocnc1C(=O)Nc2ccc(N3C(=O)c4ccc(Cl)cc4C3=O)c(Cl)c2,CHEMBL3759289,EC50,7.26
9059843,CCc1cc2cc(ccc2nc1C)C(=O)Cc3ccccc3,CHEMBL177586,IC50,7.29
9059854,Cc1scnc1C(=O)Nc2ccc(N3C(=O)c4ccc(Cl)cc4C3=O)c(Cl)c2,CHEMBL3758216,EC50,7.29
9059865,COc1ccc(cc1)N2C=Nc3c(csc3C2=O)c4ccccc4,CHEMBL3330811,IC50,7.3
9059876,COc1cc(NC(=O)c2occc2C)ccc1N3C(=O)c4cccc(C)c4C3=O,CHEMBL3634431,EC50,7.31
9059887,Cc1ccoc1C(=O)Nc2ccc(N3C(=O)c4cccc(Cl)c4C3=O)c(C)c2,CHEMBL3634424,EC50,7.31
9059898,Cc1ccoc1C(=O)Nc2ccc(N3C(=O)c4cccc(F)c4C3=O)c(C)c2,CHEMBL3634425,EC50,7.31
9059909,Cc1ccoc1C(=O)Nc2ccc(cc2)N3C(=O)c4ccccc4C3=O,CHEMBL3634414,EC50,7.32
9059920,COc1cc(NC(=O)c2occc2C)ccc1N3C(=O)c4ccccc4C3=O,CHEMBL3634430,IC50,7.33
1716809,COc1ccc(cc1)N2C=Nc3c(csc3C2=O)c4ccccc4C,CHEMBL3330823,IC50,7.35
9059933,Cc1ccoc1C(=O)Nc2ccc(cc2)N3C(=O)c4cccc(F)c4C3=O,CHEMBL3634417,EC50,7.36
9059944,Cc1ccc2C(=O)N(C(=O)c2c1)c3ccc(NC(=O)c4ncoc4C)cc3Cl,CHEMBL3758587,EC50,7.38
715659,OCCc1cn(cn1)C2=NCC(=O)N3CCc4c(cccc4C3=C2)C5CC5,CHEMBL3644406,IC50,7.39
9059956,Cc1ccoc1C(=O)Nc2ccc(N3C(=O)c4cccc(F)c4C3=O)c(F)c2,CHEMBL3634421,EC50,7.46
9059967,Cc1ccoc1C(=O)Nc2ccc(nc2)N3C(=O)c4cccc(Cl)c4C3=O,CHEMBL3634435,EC50,7.46
714490,Cn1ccc(n1)C2=NCC(=O)N3CCc4c(I)cccc4C3=C2,CHEMBL3702383,IC50,7.46
9059979,Cc1ccoc1C(=O)Nc2ccc(N3C(=O)c4cccc(Cl)c4C3=O)c(Cl)c2,CHEMBL3628111,EC50,7.48
9059990,Cc1ccoc1C(=O)Nc2ccc(N3C(=O)c4cccc(F)c4C3=O)c(Cl)c2,CHEMBL3628113,EC50,7.49
9060001,COCCNC(=O)c1[nH]cc(C(=O)O[C@@H](C)C(C)(C)C)c1C,CHEMBL233708,IC50,7.5
9060012,CO[C@@H]1CC[C@@H](CC1)C(=O)c2ccc3nc4N(C)CCCc4cc3c2,CHEMBL174216,IC50,7.54
9060023,Cc1ccoc1C(=O)Nc2ccc(cc2)N3C(=O)c4cccc(Cl)c4C3=O,CHEMBL3634416,EC50,7.54
9060034,Cc1ccoc1C(=O)Nc2ccc(cc2Cl)N3C(=O)c4ccccc4C3=O,CHEMBL3634446,EC50,7.54
9060045,Cc1ccoc1C(=O)Nc2ccc(N3C(=O)c4cccc(Cl)c4C3=O)c(F)c2,CHEMBL3634420,EC50,7.55
9060056,OCCSc1nc2CCCCc2c(NC3Cc4ccccc4C3)n1,CHEMBL3786530,IC50,7.55
709601,Clc1cccc2C3=CC(=NCC(=O)N3CCc12)c4cccs4,CHEMBL3702357,IC50,7.57
9060068,Cc1ccoc1C(=O)Nc2ccc(N3C(=O)c4cccc(C)c4C3=O)c(F)c2,CHEMBL3634419,IC50,7.58
9060079,Cc1ccc2C(=O)N(C(=O)c2c1)c3ccc(NC(=O)c4occc4C)c(F)c3,CHEMBL3758746,EC50,7.59
9060090,Cc1ccoc1C(=O)Nc2ccc(cc2F)N3C(=O)c4cccc(C)c4C3=O,CHEMBL3758305,EC50,7.59
9060101,Cc1ccoc1C(=O)Nc2ccc(N3C(=O)c4cccc(C)c4C3=O)c(Cl)c2,CHEMBL3628109,EC50,7.61
9060112,Cc1ccoc1C(=O)Nc2ccc(N3C(=O)c4ccc(F)cc4C3=O)c(Cl)c2,CHEMBL3628114,EC50,7.62
9060123,Cc1ccoc1C(=O)Nc2ccc(N3C(=O)c4cccc(Cl)c4C3=O)c5ccccc25,CHEMBL3634443,EC50,7.64
9060134,Cc1ccoc1C(=O)Nc2ccc(N3C(=O)c4ccccc4C3=O)c(F)c2,CHEMBL3634418,IC50,7.65
9060145,Cc1ccoc1C(=O)Nc2ccc(cc2F)N3C(=O)c4cccc(F)c4C3=O,CHEMBL3758465,EC50,7.65
9060156,Cc1cn[nH]c1C(=O)Nc2ccc(N3C(=O)c4cccc(F)c4C3=O)c(Cl)c2,CHEMBL3759028,EC50,7.65
9060167,Cc1ccc2C(=O)N(C(=O)c2c1)c3ccc(NC(=O)c4ncsc4C)cc3Cl,CHEMBL3759038,EC50,7.66
711600,O=C1CN=C(C=C2N1CCc3c(cccc23)C#C)c4cccs4,CHEMBL3702389,IC50,7.66
9060179,Cc1ccoc1C(=O)Nc2ccc(N3C(=O)c4cccc(C)c4C3=O)c(C)c2,CHEMBL3634423,IC50,7.67
9060190,Cc1ccoc1C(=O)Nc2ccc(N3C(=O)c4ccccc4C3=O)c5ccccc25,CHEMBL3634441,IC50,7.69
9060201,CCOC(=O)c1[nH]cc(C(=O)OC2CC3CCC2C3)c1C,CHEMBL396593,IC50,7.7
9060212,Cc1ccoc1C(=O)Nc2ccc(N3C(=O)c4cccc(F)c4C3=O)c5ccccc25,CHEMBL3634444,EC50,7.7
9060223,Cc1ccoc1C(=O)Nc2ccc(cc2F)N3C(=O)c4ccc(F)cc4C3=O,CHEMBL3758435,EC50,7.71
9060234,COc1cc(NC(=O)c2occc2C)ccc1N3C(=O)c4cccc(Cl)c4C3=O,CHEMBL3632642,IC50,7.74
9060245,CO[C@@H]1CC[C@@H](CC1)C(=O)c2ccc3nc4CCCCCc4cc3c2,CHEMBL178741,IC50,7.75
9060256,Cc1ccoc1C(=O)Nc2ccc(cc2)N3C(=O)c4cccc(C)c4C3=O,CHEMBL3634415,IC50,7.79
9060266,C[C@@H]1CC[C@@H](CC1)C(=O)c2ccc3nc4CCCCCc4cc3c2,CHEMBL2112048,IC50,7.8
9060277,Cc1ccoc1C(=O)Nc2ccc(N3C(=O)c4cccc(C)c4C3=O)c5ccccc25,CHEMBL3634442,EC50,7.8
713962,CC(C)n1cc(cn1)C2=NCC(=O)N3CCc4c(I)cccc4C3=C2,CHEMBL3702386,IC50,7.82
711871,COc1cccc2C3=CC(=NCC(=O)N3CCc12)c4cccs4,CHEMBL3702360,IC50,7.82
9060290,Cc1ccoc1C(=O)Nc2ccc(cc2C)N3C(=O)c4ccccc4C3=O,CHEMBL3634447,EC50,7.82
9060301,O=C(Cc1ccccc1)c2ccc3nc4OCCCc4cc3c2,CHEMBL369459,IC50,7.85
9060312,Cc1ccoc1C(=O)Nc2ccc(cc2F)N3C(=O)c4ccccc4C3=O,CHEMBL3634445,EC50,7.89
9060323,CCc1cc2cc(ccc2nc1F)C(=O)[C@@H]3CC[C@@H](CC3)OC,CHEMBL2112964,IC50,8.05
9060334,COc1ccc(cc1)c2nsc(NC(=O)[C@@H]3C[C@H]3C)c2C,CHEMBL2011870,IC50,8.05
709506,Brc1cccc2C3=CC(=NCC(=O)N3CCc12)c4cccs4,CHEMBL3702381,IC50,8.1
9060346,CCc1cc2cc(ccc2nc1CC)C(=O)C3CCC(CC3)OC,CHEMBL175377,IC50,8.1
9060357,CCc1cc2cc(ccc2nc1C)C(=O)C3COc4ccccc4O3,CHEMBL177519,IC50,8.16
9060368,COc1ccc(cc1)N2C=Nc3c(sc4nccc(NCC#C)c34)C2=O,CHEMBL1783876,IC50,8.17
9060379,CCCc1cc2cc(ccc2nc1C)C(=O)[C@@H]3CC[C@@H](CC3)OC,CHEMBL360728,IC50,8.22
9060390,Cc1ccoc1C(=O)Nc2ccc(cc2F)N3C(=O)c4ccc(Cl)cc4C3=O,CHEMBL3759901,EC50,8.27
9060401,[11CH3]N(C1CCCCC1)C(=O)c2cn3c4cc(CN(C)CCOC)ccc4nc3s2,CHEMBL1771388,Ki,8.32
9060412,[11CH3]N(CCOC)Cc1ccc2nc3sc(cn3c2c1)C(=O)N(C)C4CCCCC4,CHEMBL1645351,Ki,8.32
9060423,CCCOC(=O)c1[nH]cc(C(=O)O[C@@H](C)C(C)(C)C)c1C,CHEMBL234972,IC50,8.4
9060434,CCc1cc2cc(ccc2nc1Cl)C(=O)C3CCC(CC3)OC,CHEMBL178592,IC50,8.4
9060445,CC(C)N(C)C(=O)N1CCC(=CC1)c2nnn(c2C)c3cccnc3[18F],CHEMBL1645350,Ki,8.41
9060456,Cc1c(nnn1c2cccnc2F)c3ccc4ncccc4c3,CHEMBL1645352,IC50,8.44
9060467,CCCc1ccc2cc(ccc2n1)C(=O)[C@@H]3CC[C@@H](CC3)OC,CHEMBL176279,IC50,8.52
9060478,CO[C@@H]1CC[C@@H](CC1)C(=O)c2ccc3nc4SCCc4cc3c2,CHEMBL175463,IC50,8.7
9060489,CCc1cc2cc(ccc2nc1N)C(=O)[C@@H]3CC[C@@H](CC3)OC,CHEMBL2112967,IC50,9.0
9060501,[11CH3]c1nc2ccc(cc2cc1CC)C(=O)[C@@H]3CC[C@@H](CC3)OC,CHEMBL1645348,Ki,9.06
9060512,CO[C@@H]1CC[C@@H](CC1)C(=O)c2ccc3nc4CCCc4cc3c2,CHEMBL178690,IC50,9.25
9060524,CO[C@@H]1CC[C@@H](CC1)C(=O)c2ccc3nc4OCCCc4cc3c2,CHEMBL174588,IC50,9.26
9060535,CCCN1Cc2cc(ccc2C1=O)c3nnn(c3C)c4cccnc4[18F],CHEMBL1645349,Ki,9.4
