id,smiles,name,assay_type,activity_value
9710629,Cn1c(CN2CCC(CC2)c3ccc(cc3)C(F)(F)F)nc4ccccc14,CHEMBL593745,EC50,7.0
9710641,Cn1c(CN2CCC(CC2)c3cccc(Cl)c3)nc4ccccc14,CHEMBL608103,EC50,7.0
9710652,Cn1c(CN2CCC(CC2)c3cccc(c3)C(F)(F)F)nc4ccccc14,CHEMBL604993,EC50,7.0
9710663,FC(F)(F)COc1cccc(c1)N(Cc2cccnc2)S(=O)(=O)CC(F)(F)F,CHEMBL322465,EC50,7.0
840375,N[C@]1(C[C@@H](Sc2nnc([nH]2)C(F)F)[C@H]3[C@@H]([C@@H]13)C(=O)O)C(=O)O,CHEMBL3616850,Ki,7.02
9710676,CC(C)CC(=O)c1ccc(OCCCCOc2ccc(cc2)c3nn[nH]n3)c(Br)c1O,CHEMBL364324,EC50,7.03
9710687,CC(C)c1nnc(S[C@@H]2C[C@](N)([C@H]3[C@@H]2[C@@H]3C(=O)O)C(=O)O)[nH]1,CHEMBL3616852,EC50,7.06
9710698,CCOC(=O)C(C)(C)Oc1cccc(c1)N(Cc2cccnc2)S(=O)(=O)CC(F)(F)F,CHEMBL323541,EC50,7.06
9710709,CN1C(=O)N(CC(C)(C)C)c2ccc(nc12)c3cc(CO)ccc3C,CHEMBL3765537,EC50,7.07
9710720,NC([C@H]1[C@@H](CCC2c3ccccc3Oc4ccccc24)[C@@H]1C(=O)O)C(=O)O,CHEMBL325140,Ki,7.07
840320,N[C@]1(CC[C@H]2[C@@H]([C@@H]12)C(=O)O)C(=O)O,CHEMBL8759,Ki,7.07
840364,N[C@]1(C[C@@H](Sc2nnc([nH]2)C(F)(F)F)[C@H]3[C@@H]([C@@H]13)C(=O)O)C(=O)O,CHEMBL3616849,Ki,7.07
9710735,CC(C)(C)c1ccc(OC[C@@H]2CN(C(=O)O2)c3cccc(c3)C#N)cc1,CHEMBL1094763,EC50,7.09
9710746,CN1C(=O)N(CC(C)(C)C)c2ccc(nc12)c3ccccc3F,CHEMBL3764024,EC50,7.09
9710757,CN1C(=O)N(CC(C)(C)C)c2ccc(nc12)c3cccc(c3)C#N,CHEMBL3764820,EC50,7.1
9710768,Cn1c(CN2CCC(CC2)c3ccc(Cl)cc3)nc4ccccc14,CHEMBL593744,EC50,7.1
9710779,Cn1c(CN2CCN(CC2)c3ncc(cc3Cl)C(F)(F)F)nc4ccccc14,CHEMBL605836,EC50,7.1
9710790,COc1cc(ccc1[C@@H]2CCN(Cc3nc4ncccc4n3C)C[C@@H]2C)C(F)(F)F,CHEMBL1774231,EC50,7.12
840353,CC(C)c1nnc(S[C@H]2C[C@](N)([C@H]3[C@@H]2[C@@H]3C(=O)O)C(=O)O)[nH]1,CHEMBL3616859,EC50,7.13
9710803,CCS(=O)(=O)N(Cc1cccnc1)c2cccc(c2)C(C)c3ccccc3,CHEMBL105065,EC50,7.14
9710814,CN1C(=O)N(CC(C)(C)C)c2ccc(nc12)c3ccccc3,CHEMBL3763395,EC50,7.16
9710825,N[C@]1(C[C@H](Sc2nnc[nH]2)[C@H]3[C@@H]([C@@H]13)C(=O)O)C(=O)O,CHEMBL3616854,EC50,7.16
9710836,CCCCN1C=CC(=C(Cl)C1=O)N2CCC(CC2)c3ccccc3,CHEMBL3337527,IC50,7.17
840525,N[C@]1(CS[C@H]2[C@@H]([C@@H]12)C(=O)O)C(=O)O,CHEMBL8839,Ki,7.17
840306,Nc1nnc(S[C@@H]2C[C@](N)([C@H]3[C@@H]2[C@@H]3C(=O)O)C(=O)O)[nH]1,CHEMBL3616851,Ki,7.17
9710851,CCn1c(CN2CCN(CC2)c3nc(ccc3Cl)C(F)(F)F)nc4ccccc14,CHEMBL594011,EC50,7.2
9710863,CN1C(=O)N(CC(C)(C)C)c2ccc(nc12)c3cc(ccc3C)C(C)(C)O,CHEMBL3765778,EC50,7.2
9710874,C[C@@H]1C[C@](N)([C@H]2[C@@H]1[C@@H]2C(=O)O)C(=O)O,CHEMBL192051,EC50,7.2
9710885,CN1C(=O)N(CC(C)(C)C)c2ccc(nc12)c3ccccc3C,CHEMBL3764005,EC50,7.24
9710896,Cn1c(CN2CCN(CC2)c3nc(Cl)ccc3C(F)(F)F)nc4cc(ccc14)C#N,CHEMBL593755,EC50,7.3
9710907,CN1C(=O)N(CC(C)(C)C)c2ccc(nc12)c3cc(ccc3C#N)C(C)(C)O,CHEMBL3763754,EC50,7.31
840424,N[C@@H]1C[C@](N)([C@H]2[C@@H]1[C@@H]2C(=O)O)C(=O)O,CHEMBL2381646,EC50,7.32
9710920,N[C@]1(C[C@@H](Sc2nnc[nH]2)[C@H]3[C@@H]([C@@H]13)C(=O)O)C(=O)O,CHEMBL3616847,EC50,7.32
9710931,N[C@]1(C[C@@H](Sc2c[nH]nn2)[C@H]3[C@@H]([C@@H]13)C(=O)O)C(=O)O,CHEMBL3616853,EC50,7.34
840294,Cc1nnc(S[C@H]2C[C@](N)([C@H]3[C@@H]2[C@@H]3C(=O)O)C(=O)O)[nH]1,CHEMBL3616855,EC50,7.35
9710944,Cn1c(CN2CCC(CC2)c3ccc(cc3)C(F)(F)F)nc4ncccc14,CHEMBL1774108,EC50,7.37
840399,Cc1nnc(S[C@@H]2C[C@](N)([C@H]3[C@@H]2[C@@H]3C(=O)O)C(=O)O)[nH]1,CHEMBL3616848,EC50,7.4
9710957,Cn1c(CN2CCC(CC2)c3ncc(cc3Cl)C(F)(F)F)nc4ccccc14,CHEMBL593056,EC50,7.4
9710968,CN1C(=O)N(CC(C)(C)C)c2ccc(nc12)N3CC4CCC3CN4c5ncccn5,CHEMBL3804845,EC50,7.43
9710979,CN1C(=O)N(CC(C)(C)C)c2ccc(nc12)N3CC4CCC3CN4C(=O)c5ccccc5,CHEMBL3805718,EC50,7.44
9710990,FC(F)(F)CS(=O)(=O)N(Cc1cccnc1)c2cccc(OC3CCC3)c2,CHEMBL105151,EC50,7.44
840492,N[C@]1(CO[C@H]2[C@@H]([C@@H]12)C(=O)O)C(=O)O,CHEMBL275079,Ki,7.44
9711003,CC1c2ccccc2Oc3cccc(c13)[C@](N)([C@H]4C[C@@H]4C(=O)O)C(=O)O,CHEMBL287831,IC50,7.47
9711014,CC(C)Oc1cccc(c1)N(Cc2cccnc2)S(=O)(=O)CC(F)(F)F,CHEMBL104190,EC50,7.5
9711025,CN1C(=O)N(CC(C)(C)C)c2ccc(cc12)c3ccccc3,CHEMBL3764108,EC50,7.51
9711036,C[C@H]1CN(Cc2nc3ncccc3n2C)CC[C@H]1c4ccc(OC(F)(F)F)cc4F,CHEMBL1774235,EC50,7.51
9711047,CN1C(=O)N(CC(C)(C)C)c2ccc(nc12)N3C[C@@H]4CC[C@H]3CN4C(=O)c5ccon5,CHEMBL3806137,EC50,7.54
9711058,CN1C(=O)N(CC(C)(C)C)c2ccc(nc12)N3C[C@@H]4CC[C@H]3CN4C(=O)c5csnn5,CHEMBL3805203,EC50,7.54
9711069,C[C@H]1C[C@](N)([C@H]2[C@@H]1[C@@H]2C(=O)O)C(=O)O,CHEMBL365368,EC50,7.54
9711080,FC(F)(F)CS(=O)(=O)N(Cc1cccnc1)c2cccc(OC3CCCCC3)c2,CHEMBL107114,EC50,7.54
840388,Nc1nnc(S[C@H]2C[C@](N)([C@H]3[C@@H]2[C@@H]3C(=O)O)C(=O)O)[nH]1,CHEMBL3616858,Ki,7.56
9711093,CC(C)COc1cccc(c1)N(Cc2cccnc2)S(=O)(=O)CC(F)(F)F,CHEMBL107948,EC50,7.57
9711104,CN1C(=O)N(CC(C)(C)C)c2ccc(nc12)c3ccccc3C#N,CHEMBL3764057,EC50,7.59
9711115,FC(F)(F)CS(=O)(=O)N(Cc1cccnc1)c2cccc(OC3CCCC3)c2,CHEMBL321968,EC50,7.62
840558,N[C@@H]([C@H]1[C@@H](O)[C@@H]1C(=O)O)C(=O)O,CHEMBL140197,Ki,7.64
840459,N[C@H]1C[C@](N)([C@H]2[C@@H]1[C@@H]2C(=O)O)C(=O)O,CHEMBL2381647,EC50,7.67
840331,N[C@]1(C[C@H](Sc2c[nH]nn2)[C@H]3[C@@H]([C@@H]13)C(=O)O)C(=O)O,CHEMBL3616860,EC50,7.72
9711132,CCC(C)Oc1cccc(c1)N(Cc2cccnc2)S(=O)(=O)CC(F)(F)F,CHEMBL322588,EC50,7.75
9711143,CCC(C)COc1cccc(c1)N(Cc2cccnc2)S(=O)(=O)CC(F)(F)F,CHEMBL105193,EC50,7.77
9711154,CCC(CC)Oc1cccc(c1)N(Cc2cccnc2)S(=O)(=O)CC(F)(F)F,CHEMBL321746,EC50,7.8
9711165,CN1C(=O)N(CC(C)(C)C)c2ccc(nc12)C3=C[C@@H]4CC[C@H]3CN4C(=O)c5ccon5,CHEMBL3805139,EC50,7.8
9711176,CN1C(=O)N(CC(C)(C)C)c2ccc(OCc3cccc(c3)c4cc(F)cc(c4)C(=O)O)cc12,CHEMBL3764173,EC50,7.82
9711187,FC(F)(F)c1c(ccn2c(CC3CC3)nnc12)N4CCC(CC4)c5ccccc5,CHEMBL2179319,IC50,7.82
9711198,CCCC(C)Oc1cccc(c1)N(Cc2cccnc2)S(=O)(=O)CC(F)(F)F,CHEMBL105296,EC50,7.85
840435,N[C@]1(C[C@H](Sc2nnc([nH]2)C(F)F)[C@H]3[C@@H]([C@@H]13)C(=O)O)C(=O)O,CHEMBL3616857,Ki,7.87
840470,N[C@]1(C[C@H](N=[N+]=[N-])[C@H]2[C@@H]([C@@H]12)C(=O)O)C(=O)O,CHEMBL2381645,EC50,7.91
9711213,COc1ccc(F)cc1C2CCN(CC2)c3ccn4c(CC5CC5)nnc4c3Cl,CHEMBL2206441,IC50,7.95
9711224,COc1cccc(F)c1C2CCN(CC2)c3ccn4c(CC5CC5)nnc4c3Cl,CHEMBL2206442,IC50,7.95
9711235,COc1c(F)ccc(F)c1C2CCN(CC2)c3ccn4c(CC5CC5)nnc4c3Cl,CHEMBL2206445,IC50,8.04
840446,N[C@]1(C[C@H](Sc2nnc([nH]2)C(F)(F)F)[C@H]3[C@@H]([C@@H]13)C(=O)O)C(=O)O,CHEMBL3616856,Ki,8.07
840514,N[C@]1(C[C@@H](N=[N+]=[N-])[C@H]2[C@@H]([C@@H]12)C(=O)O)C(=O)O,CHEMBL2381644,EC50,8.09
840503,N[C@]1(C[C@@H](O)[C@H]2[C@@H]([C@@H]12)C(=O)O)C(=O)O,CHEMBL2381642,EC50,8.12
840536,N[C@]1(C[C@H](O)[C@H]2[C@@H]([C@@H]12)C(=O)O)C(=O)O,CHEMBL2381643,EC50,8.13
9711254,COc1ccc(F)c(F)c1C2CCN(CC2)c3ccn4c(CC5CC5)nnc4c3Cl,CHEMBL2206446,IC50,8.14
9711265,COc1cc(F)cc(F)c1C2CCN(CC2)c3ccn4c(CC5CC5)nnc4c3Cl,CHEMBL2206447,IC50,8.25
9711276,NC(CC1c2ccccc2Oc3ccccc13)(C4CC4(F)C(=O)O)C(=O)O,CHEMBL259435,IC50,8.35
840580,N[C@]1(C[S+]([O-])[C@H]2[C@@H]([C@@H]12)C(=O)O)C(=O)O,CHEMBL218710,Ki,8.36
9711289,N[C@@](CC1c2ccccc2Oc3ccccc13)([C@H]4C[C@]4(F)C(=O)O)C(=O)O,CHEMBL409928,IC50,8.46
9711300,C[C@H]1CN(Cc2nc3ncccc3n2C)CC[C@H]1c4ccc(cc4F)C(F)(F)F,CHEMBL1774233,EC50,8.52
9711311,N[C@@](CC1c2ccccc2Oc3ccccc13)([C@H]4C[C@@H]4C(=O)O)C(=O)O,CHEMBL432038,IC50,8.54
840547,N[C@]1([C@@H](C[C@@H]2[C@H]1[C@@]2(F)C(=O)O)OCc3ccc(Cl)c(Cl)c3)C(=O)O,CHEMBL186453,Ki,8.66
840481,N[C@]1(CC(=C)[C@H]2[C@@H]([C@@H]12)C(=O)O)C(=O)O,CHEMBL2381641,EC50,8.89
840569,N[C@]1(C[C@@H](F)[C@H]2[C@@H]([C@@H]12)C(=O)O)C(=O)O,CHEMBL2381652,EC50,9.25
840591,N[C@]1(CC(=O)[C@H]2[C@@H]([C@@H]12)C(=O)O)C(=O)O,CHEMBL2381640,EC50,9.8
