id,smiles,name,assay_type,activity_value
843847,COc1cc(NC(=O)c2ccccn2)ccc1NC(=O)c3ccccc3Cl,CHEMBL1672234,EC50,7.0
843859,Cc1cccc2C(=O)N(C(=O)c12)c3ccc(NC(=O)c4ccccn4)cc3Br,CHEMBL3357578,EC50,7.0
843870,Nc1cccnc1C(=O)Nc2ccc(N3C(=O)c4ccccc4C3=O)c(Cl)c2,CHEMBL3798234,EC50,7.02
843881,COc1cc(NC(=O)c2cccc(F)n2)ccc1F,CHEMBL3609735,IC50,7.05
843892,Fc1ccc(CS(=O)(=O)n2ccc(NC(=O)c3ccccn3)c2)c(Cl)c1,CHEMBL3809447,EC50,7.07
843903,Fc1cc(Cl)ccc1CS(=O)(=O)c2cnc(NC(=O)c3ccccn3)s2,CHEMBL3809990,EC50,7.08
843914,Fc1ccc(Nc2n[nH]c3cccnc23)cc1Cl,CHEMBL3798040,EC50,7.17
843925,CCc1cnc(Oc2ccc(NC(=O)c3ncccc3N)cc2Cl)nc1,CHEMBL3798517,EC50,7.19
843936,Cc1ccc(cc1C)S(=O)(=O)n2ccc(NC(=O)c3ccccn3)c2,CHEMBL3808555,EC50,7.21
843947,Clc1cc(NC(=O)c2ccccn2)ccc1N3C(=O)c4ccccc4C3=O,CHEMBL1727966,EC50,7.23
843958,Fc1cccc2C(=O)N(C(=O)c12)c3ccc(NC(=O)c4ccccn4)cc3Cl,CHEMBL3357574,EC50,7.3
843969,Brc1ccc(NC(=O)c2ccccn2)cc1C#N,CHEMBL3609739,IC50,7.33
843981,Cc1cccc2C(=O)N(C(=O)c12)c3ccc(NC(=O)c4ccccn4)cc3Cl,CHEMBL3357575,EC50,7.36
843992,Clc1cccc2C(=O)N(C(=O)c12)c3ccc(NC(=O)c4ccccn4)cc3Cl,CHEMBL1698378,EC50,7.38
844003,COc1cc(NC(=O)c2ccccn2)ccc1F,CHEMBL551635,IC50,7.5
844014,Clc1ccccc1NS(=O)(=O)c2ccc(NC(=O)c3ccccn3)cc2Cl,CHEMBL1223381,EC50,7.7
844025,COc1cccc(NC(=O)c2ccccn2)c1,CHEMBL3609733,IC50,7.86
844036,O=C(Nc1cccc(c1)C#N)c2ccccn2,CHEMBL3609736,IC50,7.98
844047,C1Cc2n[nH]cc2c3nc(Nc4ncccn4)sc3C1,CHEMBL1830711,EC50,8.05
844058,COc1cc(NC(=O)c2cccc(F)n2)ccc1Cl,CHEMBL3608323,IC50,8.13
844069,Fc1ccc(NC(=O)c2ccccn2)cc1C#N,CHEMBL3609737,IC50,8.13
844080,FC(F)Oc1cccc(NC(=O)c2cccc(F)n2)c1,CHEMBL3609734,IC50,8.17
844091,Clc1ccc(NC(=O)c2ccccn2)cc1C#N,CHEMBL3609738,IC50,8.28
844102,COc1cc(NC(=O)c2ccccn2)ccc1Cl,CHEMBL562551,IC50,8.29
844113,CSc1cccc(NC(=O)c2ccccn2)c1,CHEMBL1300476,IC50,8.31
844124,FC(F)Oc1cccc(NC(=O)c2ccccn2)c1,CHEMBL541754,IC50,8.34
844135,CC1N(C(=O)c2ccccc12)c3ccc(NC(=O)c4ncccc4N)cc3Cl,CHEMBL3798583,EC50,8.4
844146,Cc1ccnc(Nc2nc(c(C)s2)c3cn[nH]c3)n1,CHEMBL3609729,EC50,8.4
844157,[2H]C([2H])(F)Oc1cccc(NC(=O)c2ccccn2)c1,CHEMBL3609743,IC50,8.43
844168,FCOc1cc(NC(=O)c2ccccn2)ccc1Cl,CHEMBL3609741,IC50,8.49
844179,[2H]C([2H])(F)Oc1cc(NC(=O)c2ccccn2)ccc1Cl,CHEMBL3609742,IC50,8.49
844190,CC1(CN(C(=O)C1)c2ccc(NC(=O)c3ncccc3N)cc2Cl)C4CC4,CHEMBL3799999,EC50,8.55
844201,Nc1cccnc1C(=O)Nc2ccc(N3CC(CC3=O)c4cccnc4)c(Cl)c2,CHEMBL3799281,EC50,8.6
844212,Nc1cccnc1C(=O)Nc2ccc(N3Cc4ccccc4CC3=O)c(Cl)c2,CHEMBL3798945,EC50,8.66
844223,Nc1cccnc1C(=O)Nc2ccc(N3CC(CC3=O)c4c(F)cccc4Cl)c(Cl)c2,CHEMBL3797777,EC50,8.73
844234,CC(C)CC1CN(C(=O)C1)c2ccc(NC(=O)c3ncccc3N)cc2Cl,CHEMBL3799708,EC50,8.79
844245,Cc1ncc(Oc2ccc(NC(=O)c3ncccc3N)cc2Cl)cn1,CHEMBL3798239,EC50,8.87
844256,Nc1cccnc1C(=O)Nc2ccc(N3CC4(CCCCC4)CC3=O)c(Cl)c2,CHEMBL3798366,EC50,8.89
844267,Nc1cccnc1C(=O)Nc2ccc(N3Cc4ncccc4C3=O)c(Cl)c2,CHEMBL3797390,EC50,8.9
844278,Nc1cccnc1C(=O)Nc2ccc(N3CCc4ccccc4C3=O)c(Cl)c2,CHEMBL3797463,EC50,9.04
844289,Nc1cccnc1C(=O)Nc2ccc(N3CC(Cc4ccccc4)CC3=O)c(Cl)c2,CHEMBL3797923,EC50,9.12
844300,Cc1cccc2C(=O)N(C(=O)c12)c3ccc(NC(=O)c4ncccc4N)cc3Cl,CHEMBL3799261,EC50,9.16
844311,COc1ccc2CN(C(=O)c2c1)c3ccc(NC(=O)c4ncccc4N)cc3Cl,CHEMBL3797445,EC50,9.5
844322,Nc1cccnc1C(=O)Nc2ccc(N3Cc4ccccc4C3=O)c(Cl)c2,CHEMBL3798197,EC50,9.63
