id,smiles,name,assay_type,activity_value
709188,CC(C)CCN1CCc2nc(C#Cc3ccccc3)sc2C1,CHEMBL2403674,EC50,7.0
709200,CC(C)N1CCc2nc(ccc2C1=O)C#Cc3cccc(Cl)c3,CHEMBL1779863,Ki,7.0
709211,CC1CCCC(C1)C(=O)N2CCc3nc(C#Cc4ccccc4)sc3C2,CHEMBL2403698,EC50,7.0
709222,Cc1cc(ccn1)C#Cc2cn(c(C)n2)c3cccc(c3)S(=O)(=O)C,CHEMBL3410218,IC50,7.0
709233,Cc1cc(ncc1C2CC(F)CN2C(=O)c3cncs3)c4cccc(Cl)c4,CHEMBL1808899,Ki,7.0
709244,Cc1cccc(c1)C(=O)N2CCc3nc(C#Cc4ccccc4)sc3C2,CHEMBL2403588,EC50,7.0
709254,Cc1csc(NC(=O)c2cc(Oc3cccnc3)ccn2)n1,CHEMBL3660217,IC50,7.0
709263,Clc1cccc(c1)C(=O)Nc2cncc(Oc3cccnc3)n2,CHEMBL3314809,IC50,7.0
709272,Clc1cccc(c1)C(=O)Nc2cncc(Oc3cncnc3)n2,CHEMBL3314811,IC50,7.0
709282,Fc1ccc(N2CCn3nc(COc4ccccc4)cc3C2=O)c(F)c1,CHEMBL3746540,EC50,7.0
709293,Fc1ccc(OCc2cc3C(=O)N(CCn3n2)c4ccc(F)cc4)cc1,CHEMBL3745812,EC50,7.0
709304,Fc1ccc(cc1)N2CCn3nc(COc4cccc(F)c4)cc3C2=O,CHEMBL3747118,EC50,7.0
709315,Fc1cccc(c1)c2noc(n2)C3CN(C3)C(=O)[C@@H]4CC5CCC4C5,CHEMBL2151639,EC50,7.0
709325,O=C1CN=C(C=C2N1CCc3c2cccc3c4cnccn4)n5cnc(c5)C6CC6,CHEMBL3702442,IC50,7.0
709335,Cc1cc(ccc1F)c2cn(CC(=O)N3CCN(CC3)c4ncc(F)cn4)c(n2)c5ccccc5,CHEMBL2431409,EC50,7.01
709346,Cc1cc(ccn1)C#Cc2cn(c(C)n2)c3ccc(F)cc3F,CHEMBL3410221,IC50,7.01
709356,Cc1cccc(c1)C(=O)Nc2cncc(Oc3cncnc3)n2,CHEMBL3314814,IC50,7.01
709366,Clc1cccc(c1)c2noc(n2)C3CN(C3)C(=O)[C@@H]4CC5CCC4C5,CHEMBL2151641,EC50,7.01
709377,CCCCN1CCc2cc(ccc2C1=O)C#Cc3ccccc3,CHEMBL1684103,EC50,7.02
709388,Cc1cccc(NC(=O)c2cc(c3ccccc3)n(C)n2)n1,CHEMBL2349532,IC50,7.02
709399,Cc1cccc(NC(=O)c2cccc3OC(=O)Nc23)n1,CHEMBL396691,Ki,7.02
709410,Fc1ccc(cc1)N2CCc3nc(COc4ccccc4)sc3C2=O,CHEMBL2426603,EC50,7.02
380722,CC1CC(=O)c2cnc(Nc3ccc(C)cc3)nc2C1,CHEMBL2408565,IC50,7.03
709423,Cc1cc(NC(=O)c2nn(C)c(c2C)c3ccc(F)cc3)ccn1,CHEMBL2346718,IC50,7.03
709433,Fc1ccc2C3=CC(=NCC(=O)N3CCc2c1c4cnc(F)nc4)n5cnc(c5)C6CC6,CHEMBL3644414,IC50,7.03
709443,Cc1ccc(NC(=O)c2nn(C)c(c2C)c3ccc(F)cc3)nc1,CHEMBL2349552,IC50,7.04
709454,Cc1cccc(NC(=O)c2nn(C)c(OC3CCCCC3)c2C)n1,CHEMBL2349547,IC50,7.04
709465,Cc1cnc(N2CCC\C(=C/C#Cc3cccc(C)n3)\C2)c(c1)[N+](=O)[O-],CHEMBL3597603,IC50,7.04
709475,Cc1occ(n1)c2cccc3C4=CC(=NCC(=O)N4CCc23)n5cnc(n5)C6CC6,CHEMBL3644379,IC50,7.04
709485,Fc1ccc(nc1)N2CCn3nc(COc4cccc(F)c4)cc3C2=O,CHEMBL3746325,EC50,7.04
709496,O=C1COc2cc(ccc12)C#Cc3ccccc3,CHEMBL1682791,EC50,7.04
709506,Brc1cccc2C3=CC(=NCC(=O)N3CCc12)c4cccs4,CHEMBL3702381,IC50,7.05
709516,CC(=O)N1CCc2nc(C#Cc3ccccc3)sc2C1,CHEMBL2403680,IC50,7.05
709527,CC1=NC2CCN(CC2O1)C(=O)Cn3cc(nc3c4ccccc4)c5ccc(F)c(C)c5,CHEMBL2431423,EC50,7.05
709538,Cc1cc(ccc1F)c2cn(CC(=O)N3CCc4nc(C)sc4CC3)c(n2)c5ccccc5,CHEMBL2431420,EC50,7.05
709549,Cc1cc(ccn1)C#Cc2cn(c(C)n2)c3cccc(c3)C#N,CHEMBL3410216,Ki,7.05
709560,Cc1cccc(c1)C(=O)Nc2cc(nn2c3ccccc3)c4ccccc4,CHEMBL360813,EC50,7.05
709571,Cc1nc(C(=O)Nc2ccc(F)cn2)c(C)n1c3ccc(F)cc3,CHEMBL2346736,IC50,7.05
709581,Clc1cccc(c1)C(=O)Nc2cccc(Oc3cncnc3)n2,CHEMBL3655596,IC50,7.05
709591,Clc1cccc(c1)c2ccc(cn2)C3CCCN3C(=O)c4cccs4,CHEMBL1808866,Ki,7.05
709601,Clc1cccc2C3=CC(=NCC(=O)N3CCc12)c4cccs4,CHEMBL3702357,IC50,7.05
709610,CN(c1cncnc1)c2cncc(NC(=O)c3cccc(Br)c3)c2,CHEMBL3655658,IC50,7.06
709620,COC(=O)N1CCCCC12CCCC(O)(C2)C#Cc3cccc(C)c3,CHEMBL3087212,IC50,7.06
709630,Cc1cccc(c1)C(=O)Nc2cccc(Oc3cncnc3)n2,CHEMBL3655597,IC50,7.06
709640,Fc1ccc(cc1)N2CC(CC2=O)c3onc(n3)c4cccc(F)c4,CHEMBL2071581,EC50,7.06
709651,Fc1ccc(cc1)N2CCCn3nc(COc4ccccc4)cc3C2=O,CHEMBL3746344,EC50,7.06
709662,Fc1ccc(cc1F)N2CCn3nc(COc4ccccc4)cc3C2=O,CHEMBL3746591,EC50,7.06
709672,Fc1ccc2C3=CC(=NCC(=O)N3CCc2c1c4cccnc4F)n5cnc(n5)C6CC6,CHEMBL3644366,IC50,7.06
709682,COC(=O)N1C[C@@H]2CC[C@H]1C[C@@]2(O)C#Cc3cccc(C)c3,CHEMBL3087513,IC50,7.07
709693,Clc1ccnc(c1)C(=O)Nc2cncc(Oc3cncnc3)n2,CHEMBL3314850,IC50,7.07
709704,FC1CC(C1)C(=O)N2CCc3nc(C#Cc4ccccc4)sc3C2,CHEMBL2403688,EC50,7.07
709715,Fc1cccc(c1)C(=O)NC2CCCC(C2)NC(=O)c3cccc(Cl)c3,CHEMBL2338566,IC50,7.07
381184,CC1CC(=O)c2cnc(Nc3ccc(cc3)C#N)nc2C1,CHEMBL2408569,IC50,7.08
709728,COc1ccnc(c1)N2CCN(CC2)C(=O)Cn3cc(nc3c4ccccc4)c5ccc(F)c(C)c5,CHEMBL2431428,EC50,7.08
709739,Cc1cc(ccn1)C#Cc2cn(c(C)n2)c3ccc(cc3)C#N,CHEMBL3410217,Ki,7.08
709750,Cc1cc(ncc1C2CCCN2C(=O)c3ccncn3)c4cccc(Cl)c4,CHEMBL1808876,IC50,7.08
709760,Fc1ccc(c(F)n1)c2cccc3C4=CC(=NCC(=O)N4CCc23)n5cnc(c5)C6CC6,CHEMBL3702456,IC50,7.08
709769,O=C(Nc1ccccn1)c2cc(Oc3cncnc3)ccn2,CHEMBL3660254,IC50,7.08
709779,CC1CC(C1)C(=O)N2CCc3nc(C#Cc4ccccc4)sc3C2,CHEMBL2403686,EC50,7.09
709789,COc1cccc(c1)C2=NCC(=O)N3CCc4c(OC)c(Cl)ccc4C3=C2,CHEMBL3702367,IC50,7.09
709799,C[C@@H]1C[C@H]1C(=O)Nc2snc(c3ccc4nn(C)cc4c3)c2c5cccc(n5)C(F)F,CHEMBL2334975,IC50,7.09
709810,Cc1ccnc(NC(=O)c2nn(C)c(c2C)c3ccc(F)cc3)c1,CHEMBL2349553,IC50,7.09
709821,CC(C)(C)n1nnc2CC(CCc12)c3onc(n3)c4ccc(cc4)C#N,CHEMBL3735340,EC50,7.1
709832,CCOc1cc(cnc1Nc2cccc(C)n2)c3cccnc3C#N,CHEMBL198180,IC50,7.1
709843,COc1cccc(c1)c2noc(n2)[C@@H]3CCCCN3C(=O)C4CCC4,CHEMBL1771677,IC50,7.1
709854,Cc1cc(ncc1C2CC(O)CN2C(=O)c3nccs3)c4cccc(Cl)c4,CHEMBL1808896,IC50,7.1
709865,Fc1cccc(c1)c2noc(n2)[C@H]3CCCCN3C(=O)C4CC4,CHEMBL1771680,EC50,7.1
709876,Fc1cnn(c1)c2cc(ncn2)c3cc(Cl)cc(c3)C#N,CHEMBL3603918,IC50,7.1
709886,O=C1CN=C(C=C2N1CCc3c2cccc3c4ccncc4)c5occc5,CHEMBL3702380,IC50,7.1
709895,O=C1CN=C(C=C2N1CCc3c2cccc3n4nccn4)n5cnc(c5)C6CC6,CHEMBL3644413,IC50,7.1
709904,CN(c1cncnc1)c2cc(F)cc(c2)C(=O)Nc3nc(C)cs3,CHEMBL3694789,IC50,7.11
709914,CN1CC(=O)N/C/1=N\C(=O)Nc2csc(Cl)c2,CHEMBL391604,IC50,7.11
709924,COc1cccc(c1)C2=NCC(=O)N3CCc4c(OC)cccc4C3=C2,CHEMBL3644416,IC50,7.11
709933,Cc1cncc(n1)C(=O)NC23CCCC(CC2)(C3)NC(=O)c4cccc(F)c4,CHEMBL3671834,Ki,7.11
709943,Cc1nc(C(=O)Nc2cccc(n2)C#N)c(C)n1c3ccc(F)cc3,CHEMBL2346733,IC50,7.11
709953,Cc1oc(cn1)c2cccc3C4=CC(=NCC(=O)N4CCc23)n5cnc(C)c5,CHEMBL3702457,IC50,7.11
709963,Fc1ccc(cc1)N2CCc3nc(COc4cccc(F)c4)sc3C2=O,CHEMBL2426606,EC50,7.11
709974,COC(=O)N1[C@@H]2CC[C@H]1C[C@@](O)(C2)C#Cc3cccc(OC)c3,CHEMBL3087219,IC50,7.12
709985,Cc1cc(ccc1F)c2cn(CC(=O)N3CCN(CC3)c4ccccn4)c(n2)c5ccccc5,CHEMBL2431429,EC50,7.12
709996,COC(=O)N1C[C@@H]2CCC(O)(C#Cc3cccc(C)c3)[C@@H]2C1,CHEMBL3087514,IC50,7.13
710006,COc1cc(ccn1)C2=NCC(=O)N3CCc4c(Cl)cccc4C3=C2,CHEMBL3702361,IC50,7.13
710016,Cc1cc(ncc1C2CCCN2C(=O)c3cncs3)c4cc(F)cc(Cl)c4,CHEMBL1808892,IC50,7.13
710027,Clc1cccc(c1)c2ccc(cn2)C3CCCN3C(=O)c4cnccn4,CHEMBL1808870,IC50,7.13
710038,Clc1cccc(c1)c2noc(n2)C3CN(C3)C(=O)[C@H]4CC5CCC4C5,CHEMBL2151640,EC50,7.13
710049,FC1CCN(CC1)C(=O)N2CCc3nc(C#Cc4ccccc4)sc3C2,CHEMBL2403583,EC50,7.13
710060,Fc1ccccc1C(=O)Nc2cc(nn2c3ccccc3)c4ccccc4,CHEMBL361478,EC50,7.13
710071,O=C(N1CCCCC1)N2CCc3nc(C#Cc4ccccc4)sc3C2,CHEMBL2403581,EC50,7.13
710082,CCN1CCc2nc(C#Cc3cccc(F)c3)sc2C1,CHEMBL2403672,IC50,7.14
710093,COC(=O)N1[C@@H]2CC[C@H]1C[C@@](O)(C2)C#Cc3cccc(OC(F)F)c3,CHEMBL3087220,IC50,7.14
710104,Cc1cccc(c1)C#Cc2ncn3c2COc4ccccc34,CHEMBL3410209,Ki,7.14
710115,Cc1cccc(c1)c2cn(CC(=O)N3CCN(CC3)c4ccccn4)c(n2)c5ccccc5,CHEMBL2431412,EC50,7.14
710126,Cc1cccc(n1)C(=O)N[C@@H]2CCC[C@@]3(CN=C(O3)c4cccc(Cl)c4)C2,CHEMBL2338578,IC50,7.14
710136,Cc1cn(cn1)C2=NCC(=O)N3CCc4c(cccc4c5cncs5)C3=C2,CHEMBL3702430,IC50,7.14
710146,FC1(F)CCN(CC1)C(=O)N2CCc3nc(C#Cc4ccccc4)sc3C2,CHEMBL2403582,EC50,7.14
710157,Fc1cccc(c1)c2noc(n2)C3CN(C3)C(=O)[C@H]4CC5CCC4C5,CHEMBL2151638,EC50,7.14
710168,CCC[C@@H](NC(=O)c1nccs1)c2cnc(Nc3cccnc3)c(Cl)c2,CHEMBL3600425,IC50,7.15
710180,COC(=O)N1CC[C@@H]2[C@H]1CCC[C@@]2(O)C#Cc3cccc(C)c3,CHEMBL3087515,IC50,7.15
710190,COC(C)c1cccc2C3=CC(=NCC(=O)N3CCc12)c4ccn(C)n4,CHEMBL3644417,IC50,7.15
710199,COc1cc(ccn1)C2=NCC(=O)N3CCc4c(cccc4C3=C2)N5CCOCC5,CHEMBL3702375,IC50,7.15
710209,Cc1ccc(cc1)N2CCn3nc(COc4ccccc4)cc3C2=O,CHEMBL3747073,EC50,7.15
710771,Cc1cccc(NC(=O)c2nn(C)c(c2C)c3ccncc3)n1,CHEMBL2349545,IC50,7.15
710782,O=C(N1CCc2nc(C#Cc3ccccc3)sc2C1)c4cccc(c4)C#N,CHEMBL2403591,EC50,7.15
710793,C1Oc2ccccc2n3cnc(C#Cc4ccccc4)c13,CHEMBL3410207,Ki,7.16
710804,COCC(=O)N(C)c1cc(C)cc(OCc2cccc(Cl)c2)c1,CHEMBL204354,Ki,7.16
710815,C[C@@H](NC(=O)c1ccc(OCc2cccc(F)c2)nc1)C(C)(C)C,CHEMBL2151817,EC50,7.16
710826,FC1(F)CCC(CC1)C(=O)N2CCc3nc(C#Cc4ccccc4)sc3C2,CHEMBL2401758,EC50,7.16
710836,Fc1ccncc1c2cccc3C4=CC(=NCC(=O)N4CCc23)n5cnc(c5)C6CC6,CHEMBL3702447,IC50,7.16
710846,CC1(C)CC(=O)c2cc(cnc2C1)C#Cc3ccccc3,CHEMBL2408411,IC50,7.17
710856,COC1(CC1)c2cn(cn2)C3=NCC(=O)N4CCc5c(cccc5c6ccc(F)nc6)C4=C3,CHEMBL3644375,IC50,7.17
710866,Cc1cc(ncc1C2CCCN2C(=O)c3ccncc3)c4cccc(Cl)c4,CHEMBL1808880,IC50,7.17
710877,Cc1ccc(cc1)c2cn(CC(=O)N3CCN(CC3)c4ncccn4)c(n2)c5ccccc5,CHEMBL2431414,EC50,7.17
710888,Clc1cccc(NC(=O)c2cccc3OC(=O)Nc23)c1,CHEMBL239592,Ki,7.17
710898,Brc1cnc2cc(nn2c1)C(=O)N3CCC4=C(CC3)SC(=O)N4,CHEMBL3672907,IC50,7.18
710907,COc1cc(ccn1)C2=NCC(=O)N3CCc4c(cccc4c5cnccn5)C3=C2,CHEMBL3702402,IC50,7.18
710916,Cn1cc(cn1)C2=NCC(=O)N3CCc4c(cccc4C3=C2)N5CCOCC5,CHEMBL3702377,IC50,7.18
710926,Fc1ccc(N2CCc3nc(COc4ccccc4)sc3C2=O)c(F)c1,CHEMBL2426604,EC50,7.18
710937,Fc1cccc(c1)C#Cc2ccc3C(=O)NCc3c2,CHEMBL1684239,EC50,7.18
710948,COC(=O)N1[C@@H]2CC[C@H]1C[C@@H](C2)C#Cc3cccc(C)c3,CHEMBL3087508,IC50,7.19
710959,Cc1cc(ccc1F)c2cn(CC(=O)N3Cc4nc(C)sc4C3)c(n2)c5ccc(F)cc5,CHEMBL2431425,EC50,7.19
710969,Cc1cccc(NC(=O)C23CCCC(CC2)(C3)NC(=O)c4nc(C)cs4)n1,CHEMBL3671839,Ki,7.19
710978,Cc1csc(NC(=O)c2cc(Oc3cncnc3)ccn2)n1,CHEMBL3660237,IC50,7.19
710988,Fc1ccc(cc1)N2CCn3nc(COc4ccccc4)cc3C2=O,CHEMBL3747735,EC50,7.19
710998,Cc1nc2CCN(CCc2s1)C(=O)c3cc4ncc(Cl)cn4n3,CHEMBL3672909,IC50,7.2
711008,Clc1cccc(NC(=O)c2noc3CCCc23)c1,CHEMBL2349528,IC50,7.2
711019,Fc1cc(cc(c1)c2cc(ncn2)n3cccn3)C#N,CHEMBL3603907,Ki,7.2
711030,CC(=O)N1CCOc2nc(ccc12)C#Cc3ccccc3,CHEMBL1682813,EC50,7.21
711041,CC(C)NC(=O)c1ccc(nc1)C#Cc2ccccc2,CHEMBL1779844,EC50,7.21
711052,COC(=O)N1[C@@H]2CC[C@H]1C[C@@](O)(C2)C#Cc3cccc(F)c3,CHEMBL3087214,IC50,7.21
711063,Cc1nc(C(=O)Nc2ccnc(Cl)c2)c(C)n1c3ccc(F)cc3,CHEMBL2346735,IC50,7.21
711074,Cl.CNc1cccc(n1)c2c(NC(=O)[C@@H]3C[C@H]3C)snc2c4ccc5nn(C)cc5c4,CHEMBL2334978,IC50,7.21
711085,Clc1cccc(c1)C(=O)N[C@@H]2CCC[C@H](C2)NC(=O)c3ccccn3,CHEMBL2338590,IC50,7.21
711096,CCC[C@@H](NC(=O)c1nccs1)c2cnc(Nc3cnc(C)s3)c(Cl)c2,CHEMBL3600429,IC50,7.22
711107,CCN1CCOc2cc(COc3ccccc3)cnc12,CHEMBL1682830,EC50,7.22
711119,CN1CC(=O)N=C1NC(=O)Nc2cccc(Cl)c2,CHEMBL239800,IC50,7.22
711129,COC(=O)c1cccc2C3=CC(=NCC(=O)N3CCc12)n4cnc(c4)C5CC5,CHEMBL3644408,IC50,7.22
711139,Cc1oc2CCN(Cc2n1)C(=O)Cn3cc(nc3c4ccccc4)c5ccc(F)c(C)c5,CHEMBL2431427,EC50,7.22
711150,Fc1cc(cc(c1)c2oc(cc2)c3ccccn3)C#N,CHEMBL2164547,IC50,7.22
711161,N#Cc1cccc(c1)N2CCc3oc(nc3C2)c4ccccn4,CHEMBL1258893,IC50,7.22
711172,[O-][N+](=O)c1cccnc1N2CCN(CC#Cc3ccccc3)CC2,CHEMBL3597591,Ki,7.22
711182,Clc1cnc2cc(nn2c1)C(=O)N3CCc4ncsc4CC3,CHEMBL3672906,IC50,7.23
711192,Fc1cccc(c1)C(=O)N[C@@H]2CCC[C@H](C2)NC(=O)c3cccc(Cl)c3,CHEMBL2338567,IC50,7.23
711203,CCN(CC)C(=O)c1nn(C)c2nc(OCc3ccccn3)cnc12,CHEMBL3122206,Ki,7.24
711214,Cc1cc(OCc2cccc(Cl)c2)cc(c1)c3cccnc3,CHEMBL208506,Ki,7.24
711225,Fc1ccc(cc1)N2CC(CC2=O)c3onc(n3)c4ccccc4,CHEMBL2071580,EC50,7.24
711236,N#Cc1cccc(c1)N2CCCc3oc(nc3C2)c4ccccn4,CHEMBL1257504,IC50,7.24
711247,Brc1cccc(NC(=O)c2cccc3OC(=O)Nc23)c1,CHEMBL239608,Ki,7.25
711258,CCCCN1CCc2nc(ccc2C1=O)C#Cc3cccc(F)c3,CHEMBL1684123,EC50,7.25
711268,CCOCc1cn(cn1)C2=NCC(=O)N3CCc4c(cccc4c5nccs5)C3=C2,CHEMBL3702446,IC50,7.25
711278,CN1CCOc2nc(ccc12)C#Cc3ccccc3,CHEMBL1682810,EC50,7.25
711289,COC[C@H](NC(=O)c1nccs1)c2cnc(Nc3ccc(C)nc3)c(Cl)c2,CHEMBL3601913,IC50,7.25
711300,Cc1c(nn(C)c1c2ccc(F)cc2)C(=O)Nc3ccnc(Cl)c3,CHEMBL2346719,IC50,7.25
711310,FC(F)(F)c1cn(cn1)C2=NCC(=O)N3CCc4c(cccc4C3=C2)C5CC5,CHEMBL3644402,IC50,7.25
711320,CCNC(=O)c1nn(C)c2nc(OCc3cccc(C)n3)ccc12,CHEMBL3122222,Ki,7.26
711331,Cc1ccc(Nc2ncc(cc2Cl)[C@@H](Cc3ccccc3)NC(=O)c4nccs4)cn1,CHEMBL3601912,IC50,7.26
711342,Cc1cccc(n1)C#CC=C2CCN(CC2)c3ccccc3,CHEMBL3597595,IC50,7.26
711353,CC(C)CN1CCc2nc(ccc2C1=O)C#Cc3cccc(F)c3,CHEMBL1684122,EC50,7.27
711364,Cc1cc(ccc1Cl)c2cn(CC(=O)N3CCN(CC3)c4ncccn4)c(n2)c5ccccc5,CHEMBL2431415,EC50,7.27
711375,Cl.C[C@@H]1C[C@H]1C(=O)Nc2snc(c3ccc4nn(C)cc4c3)c2c5cccc(n5)C6CCC6,CHEMBL2334983,IC50,7.27
711386,Fc1cc(cc(c1)N2CCc3nc(oc3C2)c4ccccn4)C#N,CHEMBL1257274,IC50,7.27
711397,O=C1C=CN=C2C=C(C=CN12)C#Cc3ccccc3,CHEMBL1682793,EC50,7.27
711408,CC(C)(C)c1nnc2C[C@H](CCn12)c3onc(n3)c4ccc(F)cc4,CHEMBL2431211,EC50,7.28
711418,CCc1cn(cn1)C2=NCC(=O)N3CCc4c(cccc4C3=C2)C5CCCO5,CHEMBL3644387,IC50,7.28
711428,COc1cnc(nc1)N2CCN(CC2)C(=O)Cn3cc(nc3c4ccccc4)c5ccc(F)c(C)c5,CHEMBL2431408,EC50,7.28
711439,Cc1cc(ccc1F)c2cn(CC(=O)N3CCN(CC3)c4ccccn4)c(n2)c5ccc(F)cc5,CHEMBL2431430,EC50,7.28
711450,Cc1ccc(cc1C)S(=O)(=O)c2cnc3ccccc3c2N4CCOCC4,CHEMBL3765747,Ki,7.28
711461,FC1(F)CCN(C1)C(=O)N2CCc3nc(C#Cc4ccccc4)sc3C2,CHEMBL2403585,EC50,7.28
711473,COC(=O)N1CCC(O)(C#Cc2cccc(C)c2)[C@@H]3CCC[C@H]13,CHEMBL3086715,IC50,7.29
711483,COc1cccc(NC(=O)c2cc(Cl)cc(Oc3cncnc3)c2)n1,CHEMBL2440630,IC50,7.29
711493,Cc1cc(OCc2ccccc2)cc(c1)N3C(=O)c4ccccc4C3=O,CHEMBL381764,Ki,7.29
711504,Fc1cc(cc(c1)c2onc(n2)c3ccc(cn3)C#N)C#N,CHEMBL2164552,IC50,7.29
711515,O=C1NCCc2nc(C#Cc3cccnc3)sc12,CHEMBL2403666,EC50,7.29
711526,O=C1NCc2cc(ccc12)C#Cc3ccccc3,CHEMBL1682798,EC50,7.29
711537,CC(C)(C)n1nnc2CC(CCc12)n3cnc(n3)c4ccc(F)cc4,CHEMBL3736345,EC50,7.3
711548,CN1CCOc2cc(COc3ccccc3)cnc12,CHEMBL1681799,EC50,7.3
711559,COC(=O)N1[C@@H]2CC[C@H]1C[C@](O)(C2)C#Cc3cccc(C)c3,CHEMBL3349197,IC50,7.3
711570,C[C@@H]1C[C@H]1C(=O)Nc2snc(c3ccc4nn(C)cc4c3)c2c5cccc(CF)n5,CHEMBL2334974,IC50,7.3
711580,Cc1ncn(n1)C2=NCC(=O)N3CCc4c(ccc(F)c4c5ccc(F)nc5)C3=C2,CHEMBL3644364,IC50,7.3
711590,O=C1CCCc2nc(ccc12)C#Cc3ccccc3,CHEMBL252956,EC50,7.3
711600,O=C1CN=C(C=C2N1CCc3c(cccc23)C#C)c4cccs4,CHEMBL3702389,IC50,7.3
711610,O=C1NCCc2cc(ccc12)C#Cc3ccccc3,CHEMBL1682799,EC50,7.3
711621,Cc1csc(NC(=O)c2cc(F)cc(Oc3cncnc3)c2)n1,CHEMBL2440659,IC50,7.31
711631,O=C1CN=C(C=C2N1CCc3c(cccc23)N4CCOCC4)n5cnc(c5)C6CCC6,CHEMBL3702418,IC50,7.31
711641,CCOC(=O)N1[C@@H]2CC[C@H]1C[C@@](O)(C2)C#Cc3cccc(C)c3,CHEMBL3085792,IC50,7.32
711652,CN(C(=O)Cc1c(F)cccc1F)c2cc(C)cc(OCc3cccc(Cl)c3)c2,CHEMBL206427,Ki,7.32
711662,Cc1ncn(n1)C2=NCC(=O)N3CCc4c(cccc4c5cnc(F)cn5)C3=C2,CHEMBL3644412,IC50,7.32
711672,CCOc1cc(Br)cnc1Nc2cccc(C)n2,CHEMBL373045,IC50,7.33
711683,COC(=O)N1[C@@H]2CC[C@H]1C[C@@](O)(C2)C#Cc3cccc(C)c3,CHEMBL3087511,IC50,7.33
711693,Cc1cccc(NC(=O)c2cc(Oc3cncnc3)ccn2)n1,CHEMBL3660255,IC50,7.33
711704,Cc1nc(cs1)C#Cc2cccnc2,CHEMBL292065,IC50,7.33
711715,Cl.C[C@@H]1C[C@H]1C(=O)Nc2snc(c3ccc4n[nH]cc4c3)c2c5cccc(n5)N(C)C,CHEMBL2334988,IC50,7.33
711726,Clc1cccc(c1)c2noc(n2)C3CN(C3)C(=O)N4CCCCCC4,CHEMBL2151628,EC50,7.33
711737,[3H]C([3H])([3H])OCc1cncc(c1)C#Cc2csc(C)n2,CHEMBL1169453,IC50,7.33
711748,CCOc1cc(cnc1Nc2cccc(C)n2)C#N,CHEMBL198093,IC50,7.34
711758,COCCOc1cccc(c1)C2=NCC(=O)N3CCc4c(OC)cccc4C3=C2,CHEMBL3702366,IC50,7.34
711767,COCCc1cn(cn1)C2=NCC(=O)N3CCc4c(cccc4c5nccs5)C3=C2,CHEMBL3702444,IC50,7.34
711776,COc1cc(ccn1)C2=NCC(=O)N3CCc4c(cccc4c5ccccn5)C3=C2,CHEMBL3702400,IC50,7.34
711786,Cc1cccc(NC(=O)c2nc(C)n(c2C)c3ccc(cc3)C(F)(F)F)n1,CHEMBL2346729,IC50,7.34
711796,FC(F)(F)OCc1cn(cn1)C2=NCC(=O)N3CCc4c(cccc4C3=C2)C5CC5,CHEMBL3644430,IC50,7.34
711806,CC(C)N1CCc2nc(ccc2C1=O)C#Cc3cccs3,CHEMBL1779868,IC50,7.35
711817,CCOc1cc(cnc1Nc2cccc(C)n2)c3cnccc3C,CHEMBL197692,IC50,7.35
711828,Cc1cc(cc(OCc2cccc(Cl)c2)n1)n3c(C)ccc3C,CHEMBL205606,Ki,7.35
711839,Cl.CC(C)c1cccc(n1)c2c(NC(=O)[C@@H]3C[C@H]3C)snc2c4ccc5n[nH]cc5c4,CHEMBL2334987,IC50,7.35
711850,Cl.C[C@@H]1C[C@H]1C(=O)Nc2snc(c3ccc4nn(C)cc4c3)c2c5cccc(C)n5,CHEMBL2334973,IC50,7.35
711861,CCC[C@@H](NC(=O)c1nccs1)c2cnc(Nc3cnc(C)nc3)c(Cl)c2,CHEMBL3600430,IC50,7.36
711871,COc1cccc2C3=CC(=NCC(=O)N3CCc12)c4cccs4,CHEMBL3702360,IC50,7.36
711881,Cc1cc(cc(OCc2cccc(Cl)c2)n1)n3cc(nc3C)C(=O)N,CHEMBL204404,Ki,7.36
711892,CC1CC(=O)c2cnc(Nc3ccc(Cl)nc3)nc2C1,CHEMBL2408574,IC50,7.37
711903,Cc1cccc(NC(=O)c2nc(C)cc3cc[nH]c23)n1,CHEMBL2153782,Ki,7.37
711913,Cc1nc2CCN(CCc2s1)C(=O)c3cc4ncc(Br)cn4n3,CHEMBL3672902,IC50,7.37
711923,N#Cc1cccc(c1)c2onc(n2)c3ccccn3,CHEMBL361795,IC50,7.37
711934,CCC(C)NC(=O)c1nn(C)c2nc(OCc3cccc(C)n3)ccc12,CHEMBL3122221,Ki,7.38
711945,CCC[C@@H](NC(=O)c1occn1)c2cnc(Nc3ccc(C)nc3)c(Cl)c2,CHEMBL3600423,IC50,7.38
711956,Cc1c(nn(C)c1c2ccc(F)cc2)C(=O)Nc3ccnc(F)c3,CHEMBL2346720,IC50,7.38
711967,[O-][N+](=O)c1ccc(C=C)nc1N2CCN(CC2)C(=O)C#Cc3ccccc3,CHEMBL3597586,IC50,7.38
711978,Cc1cc(ccc1F)c2cn(CC(=O)N3CCN(CC3)c4ncccn4)c(n2)c5ccccc5,CHEMBL2431431,EC50,7.39
711989,Cc1nc(C(=O)Nc2ccnc(Cl)n2)c(C)n1c3ccc(F)cc3,CHEMBL2346737,IC50,7.39
712000,Cc1onc(c1)C(=O)N2CCCC2c3ccc(nc3)c4cccc(Cl)c4,CHEMBL1808869,IC50,7.39
712010,Ic1cccc2C3=CC(=NCC(=O)N3CCc12)c4cocc4,CHEMBL3702385,IC50,7.39
712020,CC1=NC2CCN(CC2O1)C(=O)Cn3cc(nc3c4ccc(F)cc4)c5ccc(F)c(C)c5,CHEMBL2431424,EC50,7.4
712031,CCOc1cccnc1Nc2cccc(C)n2,CHEMBL426826,IC50,7.4
712042,Cc1cc(cc(c1)c2cc(ccn2)n3cccn3)C#N,CHEMBL3603916,IC50,7.4
712053,Clc1cccc(c1)C(=O)Nc2cc(nn2c3ccccc3)c4ccccc4,CHEMBL190504,EC50,7.4
712064,O=C(Nc1cc(nn1c2ccccc2)c3ccccc3)c4ccccc4,CHEMBL191039,EC50,7.4
712075,O=C1N(CCc2nc(ccc12)C#Cc3ccccc3)C4CCCCC4,CHEMBL1779880,EC50,7.4
712085,COCc1cn(cn1)C2=NCC(=O)N3CCc4c(C=C)cccc4C3=C2,CHEMBL3702433,IC50,7.41
712095,Cc1cccc(n1)C#Cc2ccccn2,CHEMBL245405,IC50,7.41
712105,Cc1cccc(n1)C(=O)N[C@]23CCC[C@](CC2)(C3)NC(=O)c4ccccn4,CHEMBL3671837,Ki,7.41
712115,Cl.CC(C)c1cccc(n1)c2c(NC(=O)C3CC3)snc2c4ccc5nn(C)cc5c4,CHEMBL2334989,IC50,7.41
712126,CCC(=O)N1CCc2nc(C#Cc3ccccc3)sc2C1,CHEMBL2403681,IC50,7.42
712137,CC[C@@H]1CCCCN1C(=O)c2cnc(Nc3ccc(C)nc3)c(Cl)c2,CHEMBL593590,Ki,7.42
712148,Cc1cc(cc(C)c1F)c2cn(CC(=O)N3CCN(CC3)c4ncccn4)c(n2)c5ccccc5,CHEMBL2431417,EC50,7.42
712159,Cc1ccc(Nc2ncc(cc2Cl)[C@H](NC(=O)c3nccs3)C4CCCCC4)cn1,CHEMBL3601909,IC50,7.42
712170,Cc1cccc(NC(=O)c2nn(C)c(c2C)c3ccc(cc3)C(F)(F)F)n1,CHEMBL2349542,IC50,7.42
712180,Cc1cccc(n1)C(=O)NC23CCCC(CC2)(C3)C(=O)Nc4ccnc(C)n4,CHEMBL3671841,IC50,7.42
712189,Fc1ccc(cn1)c2cccc3C4=CC(=NCC(=O)N4CCc23)n5cnc(n5)C6CCC6,CHEMBL3702464,IC50,7.42
712199,CCOc1cc(cnc1Nc2cccc(C)n2)c3ccccc3C#N,CHEMBL198272,IC50,7.43
712210,Cn1cnc2cc(ccc12)C#Cc3ccccc3,CHEMBL1682806,EC50,7.43
712220,Fc1ncccc1c2cccc3C4=CC(=NCC(=O)N4CCc23)n5cnc(c5)C6CC6,CHEMBL3702454,IC50,7.43
712230,CCOc1cc(cnc1Nc2cccc(C)n2)c3cncnc3,CHEMBL194508,IC50,7.44
712241,COC(=O)N1CCC2CC(O)(C#Cc3cccc(C)c3)C2C1,CHEMBL3086712,IC50,7.44
712252,COc1cccc(n1)c2c(NC(=O)[C@@H]3C[C@H]3C)snc2c4ccc5nn(C)cc5c4,CHEMBL2334977,IC50,7.44
712263,Cc1cccc(c1)C#Cc2ccc3C(=O)N(CCc3n2)C4CCCCC4,CHEMBL1779882,EC50,7.44
712277,Cc1cccc(n1)C#Cc2ccccc2,CHEMBL66654,Ki,7.44
712287,Cc1cn(cn1)C2=NCC(=O)N3CCc4c(cccc4c5ccc(F)nc5)C3=C2,CHEMBL3702429,IC50,7.44
712297,Cc1nc(C#Cc2ccnc(Cl)c2)c(C)n1c3ccc(F)cc3,CHEMBL3301626,Ki,7.44
712308,Cl.CCc1cccc(n1)c2c(NC(=O)[C@@H]3C[C@H]3C)snc2c4ccc5n[nH]cc5c4,CHEMBL2334986,IC50,7.44
712319,O=S(=O)(N1CCCC1)N2CCc3nc(C#Cc4ccccc4)sc3C2,CHEMBL2403653,IC50,7.44
712329,CC(=O)c1cccc2C3=CC(=NCC(=O)N3CCc12)n4cnc(c4)C5CCC5,CHEMBL3644392,IC50,7.46
712338,COc1cccc(c1)C2=NCC(=O)N3CCc4c(cccc4C3=C2)C(=O)C,CHEMBL3702398,IC50,7.46
712347,Cc1cccc(c1)C(=O)NC23CCCC(CC2)(C3)NC(=O)c4ccncc4,CHEMBL3671836,IC50,7.46
712356,Cc1cncc(n1)C(=O)N[C@]23CCC[C@](CC2)(C3)NC(=O)c4cccc(F)c4,CHEMBL3671838,Ki,7.46
712366,Cl.CC[C@@H]1C[C@H]1C(=O)Nc2snc(c3ccc4nn(C)cc4c3)c2c5cccc(n5)N(C)C,CHEMBL2334985,IC50,7.46
712376,Cn1ccc(n1)C2=NCC(=O)N3CCc4c(cccc4C3=C2)N5CCOCC5,CHEMBL3640012,IC50,7.46
712386,Fc1cccc(c1)C#Cc2ccc3C(=O)NC(=O)c3c2,CHEMBL1684234,EC50,7.46
712396,O=C1CN=C(C=C2N1CCc3c2cccc3c4ccncc4)c5cocc5,CHEMBL3702401,IC50,7.46
712406,CC1CC(=O)c2cnc(Nc3ccc(Cl)cc3)nc2C1,CHEMBL2408568,IC50,7.47
712417,CN1CCc2nc(C#Cc3ccccc3)sc2C1,CHEMBL2403669,EC50,7.47
712427,COCCc1cn(cn1)C2=NCC(=O)N3CCc4c(cccc4c5cscn5)C3=C2,CHEMBL3702424,IC50,7.47
712436,Cc1ncc(s1)c2cccc3C4=CC(=NCC(=O)N4CCc23)n5cnc(c5)C6CC6,CHEMBL3702441,IC50,7.47
712446,O=S(=O)(C1CC1)N2CCc3nc(C#Cc4ccccc4)sc3C2,CHEMBL2403652,IC50,7.47
712457,CC(C)NC(=O)c1ccc(cn1)C#Cc2ccncc2,CHEMBL2431212,EC50,7.48
712468,CCCCCOC(=O)N(C)c1cc(C)cc(OCc2cccc(Cl)c2)c1,CHEMBL206998,Ki,7.48
712478,CCc1nc2CCN(CCc2s1)C(=O)c3cc4ncc(Br)cn4n3,CHEMBL3672900,IC50,7.48
712487,Cc1cccc(NC(=O)C23CCCC(CC2)(C3)NC(=O)c4cccc(Cl)c4)n1,CHEMBL3671840,IC50,7.48
712497,Cc1nc(C#Cc2ccnc(Cl)c2)c(C)n1c3ccc(F)cc3F,CHEMBL3410224,Ki,7.48
712508,Clc1cccc(c1)C#Cc2ccc3C(=O)N(CCc3n2)C4CCCC4,CHEMBL1779874,EC50,7.48
712519,O=C1CCCc2nc(C#Cc3ccccc3)sc12,CHEMBL2426621,EC50,7.48
712530,CC(C)(C)Cn1nnc2CC(CCc12)c3onc(n3)c4ccc(F)cc4,CHEMBL3735762,EC50,7.5
712540,CC(C)n1cc(cn1)C2=NCC(=O)N3CCc4c(cccc4n5cccn5)C3=C2,CHEMBL3702393,IC50,7.5
712549,COCc1cn(cn1)C2=NCC(=O)N3CCc4c(cccc4c5ncc(C)s5)C3=C2,CHEMBL3702425,IC50,7.5
712558,COc1cccc(c1)C2=NCC(=O)N3CCc4c(cccc4C3=C2)N5CCOCC5,CHEMBL3702392,IC50,7.5
712568,Cc1cccc(NC(=O)c2cccc(C)n2)n1,CHEMBL441117,IC50,7.5
712579,Fc1ccc(cc1)c2noc(n2)C3CCc4c(C3)nnn4C5CCCC5,CHEMBL3735325,EC50,7.5
712590,N#Cc1cccc(c1)c2cc(ncn2)c3ccncn3,CHEMBL3603928,IC50,7.5
712601,CCCC[C@@H](NC(=O)c1nccs1)c2cnc(Nc3ccc(C)nc3)c(Cl)c2,CHEMBL3601901,IC50,7.51
712612,CCC[C@@H](NC(=O)c1cscn1)c2cnc(Nc3ccc(C)nc3)c(Cl)c2,CHEMBL3600420,IC50,7.51
712623,CNc1ncc(cn1)C#Cc2ccccc2,CHEMBL505105,EC50,7.51
712634,Cc1ccc(Nc2ncc(cc2Cl)[C@H](NC(=O)c3nccs3)C(C)(C)C)cn1,CHEMBL3601904,IC50,7.51
712645,O=C1CCCc2ncc(cc12)C#Cc3ccccc3,CHEMBL2408410,EC50,7.51
712655,O=C1CN=C(C=C2N1CCc3c2cccc3c4cncs4)n5cnc(c5)C6CC6,CHEMBL3702440,IC50,7.51
712665,CN1CCOc2cc(cnc12)C#Cc3ccccc3,CHEMBL1682789,EC50,7.52
712676,CN1CCc2nc(ccc2C1=O)C#Cc3ccccc3,CHEMBL1779847,IC50,7.52
712687,Cc1cc(ncc1C2CCCN2C(=O)c3cncs3)c4cccc(Cl)c4,CHEMBL1808873,Ki,7.52
712698,Cc1cc(ncc1C2CCCN2C(=O)c3cncs3)c4cccc(F)c4,CHEMBL1808888,IC50,7.52
712709,Cc1ccc(cc1)C(=O)Nc2cc(nn2c3ccccc3)c4ccccc4,CHEMBL365409,EC50,7.52
712720,Cl.C[C@@H]1C[C@H]1C(=O)Nc2snc(c3ccc4nn(C)cc4c3)c2c5cccc(n5)C6CC6,CHEMBL2334982,IC50,7.52
712731,Clc1cccc(c1)C2=NCC3(CCCC(C3)NC(=O)c4ccccn4)O2,CHEMBL2338580,Ki,7.52
712742,Fc1ccc(cc1)C(=O)Nc2cc(nn2c3ccccc3)c4ccccc4,CHEMBL362527,EC50,7.52
712753,Fc1cccc(c1)C(=O)N2CCc3nc(C#Cc4ccccc4)sc3C2,CHEMBL2403590,EC50,7.52
712764,O=C(Oc1ccc2C(=O)CCOc2c1)c3ccccc3,CHEMBL1682821,EC50,7.52
712775,O=C1CCOc2cc(ccc12)C#Cc3ccccc3,CHEMBL1682796,EC50,7.52
712786,CCCC(NC(=O)c1nccs1)c2cnc(Nc3ccc(C)nc3)c(Cl)c2,CHEMBL3600433,IC50,7.54
712797,COc1cc(ccc1C)c2cn(CC(=O)N3CCN(CC3)c4ncccn4)c(n2)c5ccccc5,CHEMBL2431418,EC50,7.54
712808,COc1cccc(c1)C(=O)N2CCc3nc(C#Cc4ccccc4)sc3C2,CHEMBL2403593,EC50,7.54
712819,COc1cccc(c1)[C@H]2OC(=O)N[C@@H]2c3cccc(c3)C#Cc4ccccc4,CHEMBL3805652,EC50,7.54
712830,Cc1nc(C#Cc2ccccc2)c3COc4ccccc4n13,CHEMBL3410214,Ki,7.54
712841,Cl.C[C@@H]1C[C@H]1C(=O)Nc2snc(c3ccc4nn(C)cc4c3)c2c5ccccn5,CHEMBL2334972,IC50,7.54
712851,CCc1cccc2C3=CC(=NCC(=O)N3CCc12)n4cnc(c4)C(C)C,CHEMBL3702448,IC50,7.55
712860,COCCc1cn(cn1)C2=NCC(=O)N3CCc4c(cccc4c5ccc(F)nc5)C3=C2,CHEMBL3702432,IC50,7.55
712870,Cc1cc(cc(OCc2cccc(Cl)c2)n1)c3ocnc3CO,CHEMBL383758,Ki,7.55
712881,Cc1cc(ccn1)C#Cc2cn(c(C)n2)c3ccc(F)cc3,CHEMBL1946770,IC50,7.55
712892,Cc1cc(ccn1)C#Cc2cn(c(C)n2)c3ccccc3,CHEMBL3410215,Ki,7.55
712903,Cc1cnc(N)c(n1)C(=O)Nc2ccccn2,CHEMBL183081,IC50,7.55
712914,Cc1nc(NC(=O)c2nn(C)c(c2C)c3ccc(F)cc3)ccc1F,CHEMBL2346713,IC50,7.55
712925,Fc1cc(cc(c1)N2CCc3oc(nc3C2)c4ccccn4)C#N,CHEMBL1257273,IC50,7.55
712936,CC1CC(=O)c2cc(cnc2C1)C#Cc3ccccc3,CHEMBL2408412,IC50,7.56
712947,CCC[C@@H](NC(=O)c1ccccn1)c2cnc(Nc3ccc(C)nc3)c(Cl)c2,CHEMBL3601915,IC50,7.56
712958,COC(=O)N1[C@@H]2CC[C@H]1C[C@@](O)(C2)C#Cc3cccc(Cl)c3,CHEMBL3087216,IC50,7.56
712969,CC(C)N1CCc2nc(ccc2C1=O)C#Cc3ccccn3,CHEMBL1779866,IC50,7.57
712980,CCc1c(nn(C)c1c2ccccc2)C(=O)Nc3cccc(C)n3,CHEMBL2346739,IC50,7.57
712991,CN(Cc1cccnc1)C(=O)c2cc(C)nc(OCc3cccc(Cl)c3)c2,CHEMBL205576,Ki,7.57
713001,COCc1cn(cn1)C2=NCC(=O)N3CCc4c(cccc4c5ncc[nH]5)C3=C2,CHEMBL3702419,IC50,7.57
713011,C[C@@H]1C[C@H]1C(=O)Nc2snc(c3ccc4nn(C)cc4c3)c2c5cccc(n5)C6CCCC6,CHEMBL2334984,IC50,7.57
713022,Cc1cc(OCc2cccc(Cl)c2)cc(c1)n3ccnc3C,CHEMBL207733,Ki,7.57
713033,Cc1cccc(NC(=O)c2nn(C)c3CCCCc23)n1,CHEMBL2349529,IC50,7.57
713043,Cc1cccc(n1)C(=O)NC23CCCC(CC2)(C3)NC(=O)c4cccc(Cl)c4,CHEMBL3671833,Ki,7.57
713054,O=C(Nc1cc(nn1c2ccccc2)c3ccccc3)c4cccc(c4)C#N,CHEMBL190270,EC50,7.57
713064,OC(C1CC1)c2cn(cn2)C3=NCC(=O)N4CCc5c(cccc5C4=C3)C6CC6,CHEMBL3644407,IC50,7.57
713073,COCc1cn(cn1)C2=NCC(=O)N3CCc4c(cccc4c5cscn5)C3=C2,CHEMBL3644369,IC50,7.59
713083,Cc1cccc(n1)C#Cc2ccncc2,CHEMBL394923,IC50,7.59
713094,Cc1ccnnc1c2nn(C)c3nc(OCc4ccccn4)cnc23,CHEMBL3122216,Ki,7.59
713104,Cc1ncc(s1)C(=O)NC23CCCC(CC2)(C3)NC(=O)c4cccc(Cl)c4,CHEMBL3671835,IC50,7.59
713114,FC1(F)CN(C1)C(=O)N2CCc3nc(C#Cc4ccccc4)sc3C2,CHEMBL2403586,EC50,7.59
713125,Fc1ccc(nc1)c2noc(n2)c3cc(F)cc(c3)C#N,CHEMBL2164551,IC50,7.59
713135,Fc1cncc(n1)c2cccc3C4=CC(=NCC(=O)N4CCc23)n5cnc(c5)C6CC6,CHEMBL3644415,IC50,7.59
713145,Cc1cccc(NC(=O)c2nn(C)c(C3CCCCC3)c2C)n1,CHEMBL2349546,IC50,7.6
713156,Fc1cc(cc(c1)c2onc(n2)c3ccccn3)C#N,CHEMBL2164544,IC50,7.6
713167,Fc1ccc(cc1)[C@H]2OC(=O)N[C@@H]2c3cncc(c3)C#Cc4cncc(F)c4,CHEMBL3806078,Ki,7.6
713177,CO[C@@H](C)c1cn(cn1)C2=NCC(=O)N3CCc4c(cccc4C3=C2)C(=C)C,CHEMBL3644393,IC50,7.62
713186,COc1cccc2C3=CC(=NCC(=O)N3CCc12)c4oc(C)cc4,CHEMBL3702362,IC50,7.62
713196,Cc1nc(C(=O)Nc2cccc(F)n2)c(C)n1c3ccc(F)cc3,CHEMBL2346731,IC50,7.62
713207,CCC[C@@H](NC(=O)c1cocn1)c2cnc(Nc3ccc(C)nc3)c(Cl)c2,CHEMBL3600424,IC50,7.63
713218,CC(C)Nc1nc(N)c(nc1Cl)C(=O)Nc2ccccn2,CHEMBL181169,IC50,7.64
713229,CC1(C)CCc2nc(ccc2C1=O)C#Cc3ccccc3,CHEMBL253814,IC50,7.64
713240,Cc1cccc(n1)C(=O)N[C@H]2CCC[C@]3(CN=C(O3)c4cccc(Cl)c4)C2,CHEMBL2338579,IC50,7.64
713250,Cc1occ(n1)c2cccc3C4=CC(=NCC(=O)N4CCc23)n5cnc(n5)C6CCC6,CHEMBL3644380,IC50,7.64
713260,Clc1cccc(c1)c2ccc(cn2)C3CCCN3C(=O)C4CCC4,CHEMBL1808871,IC50,7.64
713271,Fc1cc(cc(c1)c2noc(n2)c3ccccn3)C#N,CHEMBL2164546,IC50,7.64
713282,O=C1N(Cc2nc(C#Cc3ccccc3)sc12)C4CC4,CHEMBL2403668,IC50,7.64
713292,CCc1cn(cn1)C2=NCC(=O)N3CCc4c(cccc4c5occn5)C3=C2,CHEMBL3702422,IC50,7.66
713302,CN1CCc2nc(ccc2C1=O)C#Cc3cccc(Cl)c3,CHEMBL1779852,IC50,7.66
713312,COc1cc(ccn1)C2=NCC(=O)N3CCc4c(OC)cccc4C3=C2,CHEMBL3702358,IC50,7.66
713322,Cc1cccc(NC(=O)c2ccc(c3cccc(F)c3)c(c2)C#N)n1,CHEMBL493568,Ki,7.66
713333,Cc1cccc(NC(=O)c2nc(C)ccc2N)n1,CHEMBL181424,IC50,7.66
713343,Cc1oc(cc1)C2=NCC(=O)N3CCc4c(cccc4C3=C2)N5CCOCC5,CHEMBL3702376,IC50,7.66
713353,Fc1cc(cc(c1)c2occ(n2)c3ccccn3)C#N,CHEMBL2164545,IC50,7.66
713364,Cc1cccc(NC(=O)c2cccc(Br)n2)n1,CHEMBL181332,IC50,7.68
713375,C1COc2cc(cnc2N1)C#Cc3ccccc3,CHEMBL1682811,EC50,7.69
713386,CC(C)(C)n1nnc2CC(CCc12)c3onc(Cc4ccc(F)cc4)n3,CHEMBL3736277,EC50,7.7
713397,CCCc1cccc(n1)c2c(NC(=O)[C@@H]3C[C@H]3C)snc2c4ccc5nn(C)cc5c4,CHEMBL2334980,IC50,7.7
713408,COc1cc(ncc1C2CCCN2C(=O)c3cncs3)c4cccc(Cl)c4,CHEMBL1808884,Ki,7.7
713419,C[C@@H]1C[C@H]1C(=O)Nc2snc(c3ccc4nn(C)cc4c3)c2c5cccc(n5)N(C)C,CHEMBL2334979,IC50,7.7
713430,Cc1cc(cc(c1)c2ccnc(c2)n3cccn3)C#N,CHEMBL3603917,IC50,7.7
713440,Cc1ccc(cn1)c2ccnc3C4=CC(=NCC(=O)N4CCc23)n5cnc(c5)C6CC6,CHEMBL3644418,IC50,7.7
713450,Cc1nc(C#Cc2ccnc(Cl)c2)c(C)n1c3ccc(OC(F)(F)F)cc3,CHEMBL3410223,Ki,7.7
713461,Clc1ccc(cc1)C(=O)Nc2cc(nn2c3ccccc3)c4ccccc4,CHEMBL363062,EC50,7.7
713472,Fc1ccc2nc(CCC#Cc3ccccn3)cn2c1,CHEMBL2346738,IC50,7.7
713483,Fc1cccc(c1)C(=O)Nc2cc(nn2c3ccccc3)c4ccccc4,CHEMBL194051,EC50,7.7
713493,Fc1nccnc1c2cccc3C4=CC(=NCC(=O)N4CCc23)n5cnc(n5)C6CC6,CHEMBL3702438,IC50,7.7
713503,N#Cc1cccc(c1)C#C[C@H]2CCC[C@H]3CN(CCN23)c4ncccc4C#N,CHEMBL3759888,IC50,7.7
713513,O=C1CN=C(C=C2N1CCc3c2cccc3n4cccn4)n5cnc(c5)C6CCC6,CHEMBL3702417,IC50,7.7
713523,Cc1cc(ncc1C2CCCN2C(=O)c3nccs3)c4cccc(Cl)c4,CHEMBL1808872,Ki,7.72
713534,Cl.CC(C)c1cccc(n1)c2c(NC(=O)[C@@H]3C[C@H]3C)snc2c4ccc5nn(C)cc5c4,CHEMBL2334981,IC50,7.72
713545,FC(F)(F)c1ccc(cc1)C(=O)Nc2cc(nn2c3ccccc3)c4ccccc4,CHEMBL190326,EC50,7.72
713555,Fc1ccnc(NC(=O)c2cc(Cl)cc(Oc3cncnc3)c2)c1,CHEMBL2440617,IC50,7.72
713564,Fc1cnc(cn1)c2cccc3C4=CC(=NCC(=O)N4CCc23)n5cnc(n5)C6CC6,CHEMBL3644411,IC50,7.72
713574,O=C(C1CCCC1)N2CCc3nc(C#Cc4ccccc4)sc3C2,CHEMBL2403693,EC50,7.72
713585,O=C(NC1CCCC1)c2ccc(nc2)C#Cc3ccccc3,CHEMBL551958,EC50,7.72
713595,O=C1CN=C(C=C2N1CCc3c2cccc3c4oncc4)n5cnc(c5)C6CC6,CHEMBL3644422,IC50,7.72
713605,CCOc1cc(Oc2cccnc2)cnc1Nc3cccc(C)n3,CHEMBL366242,IC50,7.75
713616,CN(C(=O)C(F)(F)F)c1cc(C)nc(OCc2cccc(Cl)c2)c1,CHEMBL204062,Ki,7.75
713626,CO[C@H](C)c1cn(cn1)C2=NCC(=O)N3CCc4c(cccc4C3=C2)C(=C)C,CHEMBL3644426,IC50,7.75
713636,Cc1cc(ccn1)C#Cc2ncn3c2COc4ccccc34,CHEMBL3410213,Ki,7.75
713646,Cc1cc(sn1)c2cccc3C4=CC(=NCC(=O)N4CCc23)n5cnc(c5)C6CC6,CHEMBL3644371,IC50,7.75
713655,Cc1occ(n1)c2cccc3C4=CC(=NCC(=O)N4CCc23)n5cnc(c5)C6CC6,CHEMBL3644423,IC50,7.75
713665,FC1(F)CC(C1)C(=O)N2CCc3nc(C#Cc4ccccc4)sc3C2,CHEMBL2403689,EC50,7.75
713676,O=C([C@H]1CC2CCC1C2)N3CCc4nc(C#Cc5ccccc5)sc4C3,CHEMBL2403702,EC50,7.75
713687,Cn1cnc2cc(cnc12)C#Cc3ccccc3,CHEMBL1682807,EC50,7.76
713698,CC1CC(C1)C(=O)N2CCc3nc(C#Cc4cccc(F)c4)sc3C2,CHEMBL2403687,EC50,7.77
713709,CCOc1cc(Cl)cnc1Nc2cccc(C)n2,CHEMBL198715,IC50,7.77
713720,COc1ccc(cc1)c2c(C)c(nn2C)C(=O)Nc3cccc(C)n3,CHEMBL2349543,IC50,7.77
713731,Cc1cc(ccn1)C#Cc2cn(c(C)n2)c3cccc(F)c3,CHEMBL3410220,Ki,7.77
713742,Cc1cc(ncc1[C@H]2CCCN2C(=O)c3nccs3)c4cccc(Cl)c4,CHEMBL1808901,IC50,7.77
713753,Cc1ccc(cc1)S(=O)(=O)c2cnc3ccccc3c2c4ccc(Cl)cc4,CHEMBL3764138,Ki,7.77
713764,Cc1cccc(NC(=O)c2nc(C)n(c2C)c3ccc(Cl)cc3)n1,CHEMBL2346730,IC50,7.77
713774,Cc1cnc(cn1)c2cccc3C4=CC(=NCC(=O)N4CCc23)n5cnc(c5)C6CC6,CHEMBL3644432,IC50,7.77
713784,Clc1cc(COc2cc(cc(Cl)n2)C#N)ccn1,CHEMBL206296,Ki,7.77
713794,O=C1CN=C(C=C2N1CCc3c2cccc3c4nccs4)n5cnc(n5)C6CC6,CHEMBL3702443,IC50,7.77
713804,Cc1ccc(Nc2ncc(cc2Cl)[C@H](NC(=O)c3nccs3)C4CCCC4)cn1,CHEMBL3601908,IC50,7.78
713815,Cc1c(nn(C)c1c2ccc(F)cc2)C(=O)Nc3cccc(Cl)n3,CHEMBL2346711,IC50,7.79
713826,Cc1csc(NC(=O)c2nn(C)c(c2C)c3ccc(F)cc3)n1,CHEMBL2346722,IC50,7.79
713837,C1Cc2cc(cnc2N1)C#Cc3ccccc3,CHEMBL1682804,EC50,7.8
713848,CC(C)(C#N)n1nnc2CC(CCc12)c3onc(n3)c4ccc(F)cc4,CHEMBL3735720,EC50,7.8
713858,CCc1ncn(n1)C2=NCC(=O)N3CCc4c(cccc4c5ccc(F)nc5)C3=C2,CHEMBL3644370,IC50,7.8
713867,COCc1cn(cn1)C2=NCC(=O)N3CCc4c(ccc(F)c4C3=C2)C5CC5,CHEMBL3702465,IC50,7.8
713877,Fc1cc(cc(c1)N2CCCc3oc(nc3C2)c4ccccn4)C#N,CHEMBL1257505,IC50,7.8
713888,Fc1ccc(cc1)c2noc(n2)C3CCc4c(C3)nnn4c5ccc(F)cc5,CHEMBL3735704,EC50,7.8
713899,Fc1cccc(c1)C#Cc2ccc(cn2)C(=O)NC3CCC3,CHEMBL1684242,EC50,7.8
713910,CC[C@@H](NC(=O)c1nccs1)c2cnc(Nc3ccc(C)nc3)c(Cl)c2,CHEMBL3601898,IC50,7.81
713921,Cc1cc(ncc1C2CCCN2C(=O)C3CCC3)c4cccc(Cl)c4,CHEMBL1808881,Ki,7.82
713931,Fc1ccc(NC(=O)c2cc(Cl)cc(Oc3cncnc3)c2)nc1,CHEMBL2440663,IC50,7.82
713941,Fc1cccc(c1)[C@H]2OC(=O)N[C@@H]2c3cccc(c3)C#Cc4ccccc4,CHEMBL3805340,EC50,7.82
713952,Cc1cccc(NC(=O)c2nc(C)n(c2C)c3ccc(F)c(Cl)c3)n1,CHEMBL2346727,IC50,7.84
713962,CC(C)n1cc(cn1)C2=NCC(=O)N3CCc4c(I)cccc4C3=C2,CHEMBL3702386,IC50,7.85
713971,COCc1cn(cn1)C2=NCC(=O)N3CCc4c(cccc4C3=C2)C(=C)C,CHEMBL3644395,IC50,7.85
713980,COc1cccc(c1)C2=NCC(=O)N3CCc4c(cccc4C3=C2)C5CCCO5,CHEMBL3702406,IC50,7.85
713989,Fc1ncccc1c2cccc3C4=CC(=NCC(=O)N4CCc23)n5cnc(c5)C6CCC6,CHEMBL3702455,IC50,7.85
713999,CCC[C@@H](NC(=O)c1nccs1)c2cnc(Nc3ccc(OC)nc3)c(Cl)c2,CHEMBL3600426,IC50,7.88
714010,CCC[C@@H](NC(=O)c1nccs1)c2cnc(Nc3ccc(F)nc3)c(Cl)c2,CHEMBL3600427,IC50,7.89
714020,COc1cc(ccn1)C2=NCC(=O)N3CCc4c(I)cccc4C3=C2,CHEMBL3702384,IC50,7.89
714030,Cc1cccc(NC(=O)c2nc(C)n(c2C)c3ccc(F)cc3)n1,CHEMBL2346725,IC50,7.89
714041,O=C1N(CCc2nc(ccc12)C#Cc3cccs3)C4CCCCC4,CHEMBL1779992,EC50,7.89
714052,O=S(=O)(N1CCOCC1)N2CCc3nc(C#Cc4ccccc4)sc3C2,CHEMBL2403580,IC50,7.89
714063,Cc1cc(cc(c1)c2cc(ncn2)n3cccn3)C#N,CHEMBL3603913,IC50,7.9
714075,Cc1cccc(c1)c2noc(n2)C3CN(C(=O)C3)c4ccc(F)cc4,CHEMBL2069398,EC50,7.9
714086,CN1CCOc2cc(OC(=O)c3ccccc3)cnc12,CHEMBL1682829,EC50,7.91
714097,CCOc1cc(cnc1Nc2cccc(C)n2)c3cccnc3,CHEMBL194507,IC50,7.92
714107,CCc1cn(cn1)C2=NCC(=O)N3CCc4c(cccc4c5ccc(F)cc5)C3=C2,CHEMBL3702434,IC50,7.92
714117,COc1cc(ncc1C2CCCN2C(=O)C3CCC3)c4cccc(Cl)c4,CHEMBL1808885,Ki,7.92
714128,Cc1csc(n1)C#Cc2cccnc2,CHEMBL2346724,IC50,7.92
714139,Fc1ccccc1C#Cc2ccc3C(=O)NC(=O)c3c2,CHEMBL1684237,EC50,7.92
714150,Nc1ncc(Br)nc1C(=O)Nc2ccccn2,CHEMBL182762,IC50,7.92
714160,O=C1CN=C(C=C2N1CCc3c(cccc23)C4CC4)n5cnc(c5)c6ocnc6,CHEMBL3644398,IC50,7.92
714170,O=C1N(CCc2nc(ccc12)C#Cc3cccs3)C4CCCC4,CHEMBL1779879,EC50,7.92
714181,Cc1nc(cs1)C#Cc2ccc(c(F)c2)c3cccnc3,CHEMBL443979,Ki,7.94
714192,O=C1CCOc2nc(ccc12)C#Cc3ccccc3,CHEMBL1682792,EC50,7.94
714203,O=C1NC(=O)c2cc(ccc12)C#Cc3ccccc3,CHEMBL1682790,EC50,7.94
714214,CC(C)S(=O)(=O)N1CCc2nc(C#Cc3ccccc3)sc2C1,CHEMBL2403649,IC50,7.96
714225,CN(c1cncnc1)c2cc(C)nc(OCc3cccc(Cl)c3)c2,CHEMBL207097,Ki,7.96
714235,COc1cc(ccn1)C2=NCC(=O)N3CCc4c(cccc4c5ccncc5F)C3=C2,CHEMBL3702404,IC50,7.96
714244,COc1ncn(n1)C2=NCC(=O)N3CCc4c(cccc4C3=C2)C5CC5,CHEMBL3644401,IC50,7.96
714254,Cc1cccc(NC(=O)c2nc(C)ccc2Nc3cccnc3)n1,CHEMBL181769,IC50,7.96
714265,Cc1cccnc1c2nn(C)c3nc(OCc4ccccn4)cnc23,CHEMBL3122211,Ki,7.96
714275,Cc1csc(NC(=O)c2cc(Cl)cc(Oc3cncnc3)c2)n1,CHEMBL2440660,IC50,7.96
714285,Cn1nc(c2ccccc2)c3ccc(OCc4ccccn4)nc13,CHEMBL3122207,Ki,7.96
714296,FC(F)(F)c1cccc(c1)C(=O)N2CCc3nc(C#Cc4ccccc4)sc3C2,CHEMBL2403592,EC50,7.96
714306,Fc1ccc(cn1)c2ccnc3C4=CC(=NCC(=O)N4CCc23)n5cnc(c5)C6CC6,CHEMBL3644419,IC50,7.96
714316,Nc1ncc(Cl)nc1C(=O)Nc2ccccn2,CHEMBL361556,IC50,7.96
714327,Cc1nc(cs1)C#Cc2cccc(c2)c3ccccc3,CHEMBL365403,Ki,7.97
714339,Fc1ccc(cc1)N2CC(CC2=O)c3onc(n3)c4cccc(Cl)c4,CHEMBL2069397,EC50,7.97
714350,Cc1cccc(n1)C#CC=C2CCN(CC2)c3ccccc3[N+](=O)[O-],CHEMBL3597596,IC50,7.98
714361,Cc1c(nn(C)c1c2ccc(F)cc2)C(=O)Nc3ccc(F)cn3,CHEMBL2346715,IC50,7.99
714372,CC1(CCOCC1)n2nnc3CC(CCc23)c4onc(n4)c5ccc(F)cc5,CHEMBL3734885,EC50,8.0
714383,CCC[C@@H](NC(=O)c1nc(C)cs1)c2cnc(Nc3ccc(C)nc3)c(Cl)c2,CHEMBL3600421,IC50,8.0
714393,CCCc1cccc2C3=CC(NCC(=O)N3CCc12)n4cnc(C)c4,CHEMBL3702449,IC50,8.0
714403,COc1cccc(c1)C#Cc2cccc(C)n2,CHEMBL332397,Ki,8.0
714414,Cc1cc(COc2cc(cc(Cl)n2)C#N)ccn1,CHEMBL205146,Ki,8.0
714425,Cc1cc(ncc1C2CCCN2C(=O)c3cnccn3)c4cccc(Cl)c4,CHEMBL1808875,IC50,8.0
714436,Cc1cccc(n1)C#Cc2cccnc2,CHEMBL245406,IC50,8.0
714447,Cc1ccncc1c2nn(C3CC3)c4nc(OCc5ccccn5)cnc24,CHEMBL3122219,Ki,8.0
714458,Cl.CCc1cccc(n1)c2c(NC(=O)[C@@H]3C[C@H]3C)snc2c4ccc5nn(C)cc5c4,CHEMBL2334976,IC50,8.0
714469,Clc1cc(cc(c1)c2cc(ncn2)c3cccnn3)C#N,CHEMBL3603927,Ki,8.0
714480,Clc1cccc(c1)n2nnc(n2)[C@H]3CC[C@H]4CN(CCN34)c5nccnc5C#N,CHEMBL3758266,IC50,8.0
714490,Cn1ccc(n1)C2=NCC(=O)N3CCc4c(I)cccc4C3=C2,CHEMBL3702383,IC50,8.0
714500,Fc1ccc(cc1F)C(=O)Nc2cc(nn2c3ccccc3)c4ccccc4,CHEMBL191147,EC50,8.0
714510,O=C1CN=C(C=C2N1CCc3c2cccc3c4cocn4)n5cnc(c5)C6CC6,CHEMBL3644424,IC50,8.0
714520,O=C1N[C@@H]([C@H](O1)c2ccccc2)c3cc(ccn3)C#Cc4ccccc4,CHEMBL3805655,Ki,8.0
714531,OC1CCN(CC1)C(=O)c2ccc(cc2)C#Cc3ccccc3,CHEMBL1684241,EC50,8.0
714542,Cc1ccc(Nc2ncc(cc2Cl)[C@H](NC(=O)c3nccs3)C4CC4)cn1,CHEMBL3601905,IC50,8.01
714553,Cc1cccc(NC(=O)c2ccc(c3ccccc3)c(c2)C#N)n1,CHEMBL466006,Ki,8.01
714564,Cc1cccc(n1)C#CC=C2CCN(CC2)c3ncc(cc3C#N)c4ccccc4,CHEMBL3597602,IC50,8.01
714575,O=C(N1CCCC1)N2CCc3nc(C#Cc4ccccc4)sc3C2,CHEMBL2403584,EC50,8.01
714586,CC1CC1C(=O)N2CCc3nc(C#Cc4ccccc4)sc3C2,CHEMBL2403683,EC50,8.03
714597,Cc1ccc(Nc2ncc(cc2Cl)[C@H](NC(=O)c3nccs3)C4CCC4)cn1,CHEMBL3601906,IC50,8.03
714607,Fc1cccc(NC(=O)c2cc(Cl)cc(Oc3cncnc3)c2)n1,CHEMBL2440624,IC50,8.03
714616,CCc1cn(cn1)C2=NCC(=O)N3CCc4c(cccc4c5occc5)C3=C2,CHEMBL3702423,IC50,8.05
714625,COCc1cn(cn1)C2=NCC(=O)N3CCc4c(cccc4C3=C2)C5CCC5,CHEMBL3702450,IC50,8.05
714635,Clc1cccc(c1)c2ccc(cn2)C3CCCN3C(=O)c4cncs4,CHEMBL1808868,IC50,8.05
714646,C\C=C\C[C@@H](NC(=O)c1nccs1)c2cnc(Nc3ccc(C)nc3)c(Cl)c2,CHEMBL3601911,IC50,8.06
714657,Clc1cccc(c1)C(=O)N2CCc3nc(C#Cc4ccccc4)sc3C2,CHEMBL2403589,EC50,8.06
714668,CCC[C@@H](NC(=O)c1nccs1)c2cnc(Nc3ccc(C)nc3)c(Cl)c2,CHEMBL3601900,IC50,8.09
714679,Cc1c(cnn1C)c2nn(C)c3nc(OCc4ccccn4)cnc23,CHEMBL3122217,Ki,8.09
714689,Clc1cc(Oc2cncnc2)cc(c1)C(=O)Nc3cccc(Cl)n3,CHEMBL2440625,IC50,8.09
714699,Cc1cccc(NC(=O)c2nc(C)cnc2N)n1,CHEMBL180713,IC50,8.1
714709,O=C1CN=C(C=C2N1CCc3c(cccc23)C4CC4)n5cnc(n5)C6CC6,CHEMBL3644400,IC50,8.1
714719,CCN(CC)C(=O)c1nn(C)c2nc(OCc3cccc(C)n3)ccc12,CHEMBL3122223,Ki,8.11
714730,CC(C)[C@@H](NC(=O)c1nccs1)c2cnc(Nc3ccc(C)nc3)c(Cl)c2,CHEMBL3601902,IC50,8.13
714741,Cc1cccc(c1)C#Cc2ccc3C(=O)N(CCc3n2)C4CCCC4,CHEMBL1779871,EC50,8.13
714752,Cc1cccc(c1)C#Cc2cncnc2,CHEMBL508497,IC50,8.13
714763,[3H]c1c(F)cc(cc1C#N)c2onc(n2)c3ccc(F)cn3,CHEMBL2164550,Kd,8.14
714774,Cc1c(nn(C)c1c2ccc(F)cc2)C(=O)Nc3ccnc(Cl)n3,CHEMBL2346721,IC50,8.15
714785,CCn1nc(c2cnccc2C)c3ncc(OCc4ccccn4)nc13,CHEMBL3122218,Ki,8.16
714795,COCc1cn(cn1)C2=NCC(=O)N3CCc4c(cccc4C3=C2)C5=CCCC5,CHEMBL3644394,IC50,8.16
714804,CO[C@H](C)c1cn(cn1)C2=NCC(=O)N3CCc4c(ccc(F)c4C3=C2)C5CC5,CHEMBL3702466,IC50,8.16
714814,CO\N=C\1/CCCC(=C1)C#Cc2cccc(C)n2,CHEMBL227853,IC50,8.16
714824,COc1cc(ccn1)C2=NCC(=O)N3CCc4c(cccc4c5ccc(F)nc5)C3=C2,CHEMBL3702403,IC50,8.16
714834,C[C@@H](Oc1nnc(C2=CC(=O)NN=C2)n1C)c3nnn(n3)c4cccc(C)c4,CHEMBL3759977,IC50,8.16
714846,Cc1cccc(NC(=O)c2nc(C)ccc2O)n1,CHEMBL180964,IC50,8.16
714856,O=C1CN=C(C=C2N1CCc3c2cccc3c4occn4)n5cnc(c5)C6CC6,CHEMBL3644372,IC50,8.16
714865,OC1(CC1)c2cn(cn2)C3=NCC(=O)N4CCc5c(cccc5C4=C3)C6CC6,CHEMBL3644405,IC50,8.16
714875,C[C@@H]1CCCN1C(=O)c2nn(C)c3nc(OCc4ccccn4)ccc23,CHEMBL3122225,Ki,8.18
714886,Cn1nc(c2ncccc2OC(F)F)c3ncc(OCc4ccccn4)nc13,CHEMBL3122214,Ki,8.19
714897,Cn1nc(c2cccnc2)c3ccc(OCc4ccccn4)nc13,CHEMBL3122209,Ki,8.21
714907,COCc1cn(cn1)C2=NCC(=O)N3CCc4c(cccc4C3=C2)C5CC5,CHEMBL3644420,IC50,8.22
714916,CO[C@H](C)c1cn(cn1)C2=NCC(=O)N3CCc4c(ccc(F)c4C5CC5)C3=C2,CHEMBL3644363,IC50,8.22
714926,Cc1cc(OCc2cccc(c2)C#N)cc(c1)N3C(=O)c4ccccc4C3=O,CHEMBL206579,Ki,8.22
714938,Cc1nc(cs1)C#Cc2ccc(nc2)c3cccnc3,CHEMBL369310,IC50,8.22
714949,O=C(N1CCCCC1)c2cnc(C#Cc3ccccc3)s2,CHEMBL2403704,EC50,8.22
714959,OCc1cn(cn1)C2=NCC(=O)N3CCc4c(cccc4C3=C2)C5CC5,CHEMBL3644428,IC50,8.22
714969,O=C1N(CCc2nc(ccc12)C#Cc3ccccc3)C4CCCC4,CHEMBL1779869,EC50,8.23
714980,CN(C)S(=O)(=O)N1CCc2nc(C#Cc3ccccc3)sc2C1,CHEMBL2403651,IC50,8.24
714991,Cc1cccc(NC(=O)c2nc(C)n(c2C)c3ccc(Cl)c(Cl)c3)n1,CHEMBL2346726,IC50,8.24
715002,Cc1nc(cs1)C#Cc2ccc(nc2)c3ccccc3,CHEMBL184995,Ki,8.26
715013,Cc1ccc(cc1)c2c(C)c(nn2C)C(=O)Nc3cccc(C)n3,CHEMBL2349541,IC50,8.28
715024,Cc1cccc(NC(=O)c2nn(C)c(c2C)c3cc(F)cc(F)c3)n1,CHEMBL2349539,IC50,8.28
715035,CC(C)(C)n1nnc2CC(CCc12)c3noc(n3)c4ccc(F)cc4,CHEMBL3736161,EC50,8.3
715046,CC(C)(C)n1nnc2CC(CCc12)c3onc(n3)c4ccc(F)cc4,CHEMBL3735684,EC50,8.3
715056,CCC(=O)c1cccc2C3=CC(=NCC(=O)N3CCc12)n4cnc(c4)C5CCC5,CHEMBL3644404,IC50,8.3
715065,CCCc1cccc2C3=CC(=NCC(=O)N3CCc12)n4cnc(c4)c5occn5,CHEMBL3702437,IC50,8.3
715074,CO[C@@H](C)c1cn(cn1)C2=NCC(=O)N3CCc4c(cccc4C3=C2)C5CC5,CHEMBL3644396,IC50,8.3
715084,Cc1ccc(nc1)c2cc(ncn2)c3cc(Cl)cc(c3)C#N,CHEMBL3603921,IC50,8.3
715095,Cc1cccc(NC(=O)c2nc(Cl)cnc2N)n1,CHEMBL361973,IC50,8.3
715106,Cc1cccc(n1)C#Cc2ccccc2Cl,CHEMBL415083,IC50,8.3
715117,Clc1cc(cc(c1)c2cc(ncn2)n3cccn3)C#N,CHEMBL3603914,IC50,8.3
715128,Clc1cccc(COc2cc(cc(Cl)n2)C#N)c1,CHEMBL202908,Ki,8.3
715139,Clc1cccc(c1)c2ccc(cn2)C3CCCN3C(=O)c4nccs4,CHEMBL1808867,IC50,8.3
715150,Cn1nc(c2ccccn2)c3ccc(OCc4ccccn4)nc13,CHEMBL3122208,Ki,8.3
715161,CCN(CC)C(=O)c1nn(C)c2nc(OCc3ccccn3)ccc12,CHEMBL3122224,Ki,8.31
715172,CC(C)N1CCc2nc(ccc2C1=O)C#Cc3cccc(C)c3,CHEMBL1779860,IC50,8.32
715183,Cc1cc(OCc2cccc(Cl)c2)cc(c1)N3C(=O)c4ccccc4C3=O,CHEMBL206422,Ki,8.33
715194,Cc1cccc(NC(=O)c2nn(C)c(c2C)c3cccc(Cl)c3)n1,CHEMBL2349536,IC50,8.33
715205,Cc1cccc(NC(=O)c2nn(C)c(c2C)c3ccccc3)n1,CHEMBL2349533,IC50,8.36
715216,Cc1cccc(NC(=O)c2nn(C)c(c2C)c3ccc(F)c(F)c3)n1,CHEMBL2349537,IC50,8.37
715227,O=C(C1CC12CCC2)N3CCc4nc(C#Cc5ccccc5)sc4C3,CHEMBL2403684,EC50,8.41
715238,Cc1cccc(NC(=O)c2nn(C)c(c2C)c3ccc(Cl)cc3)n1,CHEMBL2349535,IC50,8.42
715249,[O-][N+](=O)c1cccnc1N2CCC(=CC#Cc3cccc(Cl)c3)CC2,CHEMBL3597598,IC50,8.42
715260,Cc1cccc(NC(=O)c2nn(C)c(c2C)c3ccc(F)cc3F)n1,CHEMBL2349538,IC50,8.43
715271,[3H]C([3H])([3H])OCc1cccc(c1)C#Cc2cccc(C)n2,CHEMBL2112677,IC50,8.44
715282,Clc1cc(cc(c1)c2cc(ncn2)c3ccccn3)C#N,CHEMBL3603919,Ki,8.5
715293,Clc1ccc(nc1)c2cc(ncn2)c3cc(Cl)cc(c3)C#N,CHEMBL3603925,IC50,8.5
715303,COCc1cn(cn1)C2=NCC(=O)N3CCc4c(cc(F)cc4C3=C2)C5CC5,CHEMBL3702467,IC50,8.52
715312,COCc1ncn(n1)C2=NCC(=O)N3CCc4c(cccc4C3=C2)C5CC5,CHEMBL3702452,IC50,8.52
715321,CO[C@H](C)c1cn(cn1)C2=NCC(=O)N3CCc4c(cccc4C3=C2)C5CC5,CHEMBL3644397,IC50,8.52
715331,Cc1cccc(n1)C#Cc2cccc(Cl)c2,CHEMBL245404,IC50,8.52
715342,Cc1onc(c1)C(=O)N2CCCC2c3cnc(cc3C)c4cccc(Cl)c4,CHEMBL1808874,IC50,8.52
715353,CN1CCc2nc(ccc2C1=O)C#Cc3cccc(C)c3,CHEMBL1779849,IC50,8.54
715364,Cn1nc(c2cnccc2C(F)(F)F)c3ncc(OCc4ccccn4)nc13,CHEMBL3122213,Ki,8.55
715375,[O-][N+](=O)c1cccnc1N2CCC(=CC#Cc3ccccc3)CC2,CHEMBL3597592,IC50,8.55
715386,Cc1nc(cs1)C#Cc2cc(F)cc(c2)c3cccnc3,CHEMBL511603,Ki,8.57
715397,Fc1ccc(F)c(c1)[C@H]2OC(=O)N[C@@H]2c3cncc(c3)C#Cc4ccccc4,CHEMBL3804846,EC50,8.59
715408,Fc1c(Cl)cc(cc1c2cc(ncn2)n3cccn3)C#N,CHEMBL3603915,IC50,8.6
715419,Fc1ccc(nc1)c2cc(ncn2)c3cc(cc(c3)C#N)C#N,CHEMBL3603922,IC50,8.6
715430,Fc1cccc(c1)C#Cc2nc3CCN(Cc3s2)C(=O)C4CC(F)(F)C4,CHEMBL2403690,EC50,8.6
715441,O=C1N(Cc2nc(C#Cc3ccccc3)sc12)C4CCCC4,CHEMBL2403667,EC50,8.6
715452,CCCn1c(nc2cccc(Cl)c12)c3cnc(Nc4ccc(C)nc4)c(Cl)c3,CHEMBL1672539,Ki,8.62
715463,CN1CCc2nc(C#Cc3ccccc3)sc2C1=O,CHEMBL2403659,EC50,8.62
715474,Cc1ccc(Nc2ncc(cc2Cl)[C@@H](CC=C)NC(=O)c3nccs3)cn1,CHEMBL3601910,IC50,8.62
715485,Fc1cccc(\C=N\N=C\c2cccc(F)c2)c1,CHEMBL371811,EC50,8.63
715496,Cc1cccc(NC(=O)c2nn(C)c(c2C)c3ccc(Cl)c(Cl)c3)n1,CHEMBL2349540,IC50,8.64
715507,Cn1nc(c2cccnc2)c3ncc(OCc4ccccn4)nc13,CHEMBL3122210,Ki,8.64
715517,CC(O)c1cn(cn1)C2=NCC(=O)N3CCc4c(cccc4C3=C2)C5CC5,CHEMBL3644429,IC50,8.7
715526,COCc1cn(cn1)C2=NCC(=O)N3CCc4c(ccc(F)c4C5CC5)C3=C2,CHEMBL3644421,IC50,8.7
715535,COCc1ncn(n1)C2=NCC(=O)N3CCc4c(ccc(F)c4C5CC5)C3=C2,CHEMBL3644365,IC50,8.7
715544,FC(F)c1cn(cn1)C2=NCC(=O)N3CCc4c(cccc4C3=C2)C5CC5,CHEMBL3644362,IC50,8.7
715553,FCc1cn(cn1)C2=NCC(=O)N3CCc4c(cccc4C3=C2)C5CC5,CHEMBL3639432,IC50,8.7
715563,Cc1cccc(c1)C#CC=C2CCN(CC2)c3ncccc3[N+](=O)[O-],CHEMBL3597597,IC50,8.75
715574,Fc1c(Cl)cc(cc1c2cc(ncn2)c3ccccn3)C#N,CHEMBL3603920,IC50,8.8
715585,Fc1cccc(c1)[C@H]2OC(=O)N[C@@H]2c3cncc(c3)C#Cc4ccccc4,CHEMBL3805542,Ki,8.82
715596,Cc1c(Cl)cncc1c2nn(C)c3nc(OCc4ccccn4)cnc23,CHEMBL3122215,Ki,8.89
715607,Cc1ccc(c(n1)N2CCC(=CC#Cc3ccc(cn3)C#N)CC2)[N+](=O)[O-],CHEMBL3597600,IC50,8.89
715618,Cc1cccc(NC(=O)c2nn(C)c(c2C)c3ccc(F)cc3)n1,CHEMBL2349534,IC50,8.96
715629,Cc1cc(cc(OCc2cccc(Cl)c2)n1)C#N,CHEMBL207703,Ki,9.0
715640,Cc1nc(cs1)C#Cc2cncc(C=C)c2,CHEMBL202307,Ki,9.0
715650,O=C1CN=C(C=C2N1CCc3c(cccc23)C4CC4)n5cnc(c5)c6oncc6,CHEMBL3644399,IC50,9.0
715659,OCCc1cn(cn1)C2=NCC(=O)N3CCc4c(cccc4C3=C2)C5CC5,CHEMBL3644406,IC50,9.0
715669,Cc1ccncc1c2nn(C)c3nc(OCc4ccccn4)cnc23,CHEMBL3122212,Ki,9.05
715680,Cc1nc(cs1)C#Cc2cc(F)cc(c2)C#N,CHEMBL446543,Ki,9.05
715691,[O-][N+](=O)c1cccnc1N2CCN(CC2)C(=O)C#Cc3ccccc3,CHEMBL3597584,IC50,9.05
715702,Cc1cccc(n1)C#CC=C2CCN(CC2)c3ncccc3[N+](=O)[O-],CHEMBL3597594,IC50,9.1
715713,Fc1ccc(nc1)c2cc(ncn2)c3cc(cc(Cl)c3F)C#N,CHEMBL3603926,Ki,9.1
715724,Fc1ccc2c(SCc3c(nnn23)C(=O)Nc4ccnc(Cl)c4)c1Cl,CHEMBL3759766,IC50,9.1
715735,Clc1cc(cc(c1)c2cc(ncn2)c3ccc(cn3)C#N)C#N,CHEMBL3603924,IC50,9.2
715746,Fc1ccc(nc1)c2cc(ncn2)c3cc(Cl)cc(c3)C#N,CHEMBL3603923,IC50,9.2
715757,[O-][N+](=O)c1ccccc1N2CCN(CC2)C(=O)C#Cc3ccccc3,CHEMBL3597585,Ki,9.4
715768,[O-][N+](=O)c1cccnc1N2CCC(=CC#Cc3ccccn3)CC2,CHEMBL3597593,IC50,9.4
715779,Cc1nc(cs1)C#Cc2cccc(c2)C#N,CHEMBL201943,Ki,9.43
