id,smiles,name,assay_type,activity_value
8924932,C[C@@](Cc1c[nH]c2ccccc12)(NC(=O)Nc3ccc(cc3)[N+](=O)[O-])C(=O)NCC4(CCCCC4)c5ccccc5,CHEMBL86370,Ki,7.05
8924944,C[C@@](Cc1c[nH]c2ccccc12)(NC(=O)Nc3ccc(Cl)c(Cl)c3)C(=O)NCC4(CCCCC4)c5ccccn5,CHEMBL327678,Ki,7.07
8924955,C[C@@](Cc1c[nH]c2ccccc12)(NC(=O)Nc3cccc(c3)[N+](=O)[O-])C(=O)NCC4(CCCCC4)c5ccccn5,CHEMBL313346,Ki,7.07
8924966,C[C@@](Cc1c[nH]c2ccccc12)(NC(=O)Nc3ccc(cc3)C#N)C(=O)NCC4(CCCCC4)c5ccccn5,CHEMBL327840,Ki,7.43
8924977,CC(C)c1ccc(cc1)C2(CNC(=O)[C@](C)(Cc3c[nH]c4ccccc34)NC(=O)Nc5ccc(cc5)[N+](=O)[O-])CCCCC2,CHEMBL313030,Ki,7.46
8924988,COc1ccc(cc1OC)C2(CNC(=O)[C@](C)(Cc3c[nH]c4ccccc34)NC(=O)Nc5ccc(cc5)[N+](=O)[O-])CCCCC2,CHEMBL85400,Ki,7.48
8924999,C[C@@](Cc1c[nH]c2ccccc12)(NC(=O)Nc3ccc(cc3)[N+](=O)[O-])C(=O)NCC4(CCCCC4)c5ccc(O)cc5,CHEMBL87846,Ki,7.5
8925009,CC(C)C[C@H](NC(=O)[C@H](Cc1cnc[nH]1)NC(=O)CN(C)C(=O)[C@@H](NC(=O)[C@H](C)NC(=O)[C@H](Cc2c[nH]c3ccccc23)NC(=O)[C@H](CCC(=O)N)NC(=O)CCCCNC(=O)[C@H](CCCNC(=N)N)NC(=O)C(O)C(O)C(=O)NCCc4ccc(cc4)[Si](F)(C(C)(C)C)C(C)(C)C)C(C)C)[C@@H](O)CC(=O)N[C@@H](CC(C)C)C(=O)N,CHEMBL2429981,IC50,7.64
8925019,CC(C)C[C@H](NC(=O)[C@H](Cc1cnc[nH]1)NC(=O)CN(C)C(=O)[C@@H](NC(=O)[C@H](C)NC(=O)[C@H](Cc2c[nH]c3ccccc23)NC(=O)[C@H](CCC(=O)N)NC(=O)CCCCNC(=O)[C@H](CCCNC(=N)N)NC(=O)Cc4ccc(cc4)[Si](F)(C(C)(C)C)C(C)(C)C)C(C)C)[C@@H](O)CC(=O)N[C@@H](CC(C)C)C(=O)N,CHEMBL2429964,IC50,7.64
4267649,CC[C@H](C)[C@H](N)C(=O)N[C@@H](CC(=O)N)C(=O)N1CCC[C@H]1C(=O)N[C@@H](CCCCNC(=O)COCCOCCNC(=O)[C@H](CCCCNC(=O)COCC(=O)NCCOCCOCC(=O)NCC(=O)Nc2ccc(cc2)C(=O)N[C@@H](CCC(=O)N)C(=O)N[C@@H](Cc3c[nH]c4ccccc34)C(=O)N[C@@H](C)C(=O)N[C@@H](C(C)C)C(=O)NCC(=O)N[C@@H](Cc5cnc[nH]5)C(=O)N[C@@H](CC(C)C)C(=O)N[C@@H](CCSC)C(=O)N)NC(=O)CN6CCN(CC(=O)O)CCN(CC(=O)O)CCN(CC(=O)O)CC6)C(=O)N[C@@H](Cc7ccc(O)cc7)C(=O)N[C@@H](CCCNC(=N)N)C(=O)N[C@@H](CC(C)C)C(=O)N[C@@H](CCCNC(=N)N)C(=O)N[C@@H](Cc8ccc(O)cc8)C(=O)N,CHEMBL2314835,IC50,7.75
8925032,C[C@@](Cc1c[nH]c2ccccc12)(NC(=O)Nc3ccc(cc3)[N+](=O)[O-])C(=O)NCC4(CCCCC4)c5ccccn5,CHEMBL329650,Ki,7.77
839095,COc1ccc(nc1)C2(CNC(=O)[C@](C)(Cc3c[nH]c4ccccc34)NC(=O)Nc5ccc(cc5)[N+](=O)[O-])CCCCC2,CHEMBL405908,IC50,7.8
8925045,CN(C)c1ccc(cc1)C2(CNC(=O)[C@](C)(Cc3c[nH]c4ccccc34)NC(=O)Nc5ccc(cc5)[N+](=O)[O-])CCCCC2,CHEMBL433143,Ki,8.05
8925055,CC(C)C[C@H](NC(=O)[C@H](Cc1cnc[nH]1)NC(=O)CN(C)C(=O)[C@@H](NC(=O)[C@H](C)NC(=O)[C@H](Cc2c[nH]c3ccccc23)NC(=O)[C@H](CCC(=O)N)NC(=O)CCCCNC(=O)[C@H](CS(=O)(=O)O)NC(=O)[C@H](CS(=O)(=O)O)NC(=O)Cc4ccc(cc4)[Si](F)(C(C)(C)C)C(C)(C)C)C(C)C)[C@@H](O)CC(=O)N[C@@H](CC(C)C)C(=O)N,CHEMBL2429980,IC50,8.08
8925066,C[C@@](Cc1c[nH]c2ccccc12)(NC(=O)Nc3ccc(cc3)[N+](=O)[O-])C(=O)NCC4(CCCCC4)c5ccc(cc5)[N+](=O)[O-],CHEMBL327388,Ki,8.19
8925077,CCOc1ccc(cc1)C2(CNC(=O)[C@](C)(Cc3c[nH]c4ccccc34)NC(=O)Nc5ccc(cc5)[N+](=O)[O-])CCCCC2,CHEMBL85291,Ki,8.24
8925087,CSCC[C@H](NC(=O)[C@H](CC(C)C)NC(=O)[C@H](Cc1cnc[nH]1)NC(=O)CNC(=O)[C@@H](NC(=O)[C@H](C)NC(=O)[C@H](Cc2c[nH]c3ccccc23)NC(=O)[C@H](CCC(=O)N)NC(=O)[C@H](CC(=O)N)NC(=O)CNC(=O)[C@H](CC(C)C)NC(=O)[C@H](CCCCNC(=O)c4ccc(F)cc4)NC(=O)[C@H](CCC(=O)N)NC(=O)[C@@H]5CCC(=O)N5)C(C)C)C(=O)N,CHEMBL2429987,IC50,8.28
8925098,COc1ccc(cc1)C2(CNC(=O)[C@](C)(Cc3c[nH]c4ccccc34)NC(=O)Nc5ccc(cc5)[N+](=O)[O-])CCCCC2,CHEMBL312926,Ki,8.43
839031,CCCCC[C@H](NC(=O)[C@H](CC(C)C)NC(=O)[C@H](Cc1c[nH]cn1)NC(=O)CNC(=O)[C@@H](NC(=O)[C@H](C)NC(=O)[C@H](Cc2c[nH]c3ccccc23)NC(=O)[C@H](CCC(=O)N)NC(=O)[C@H](CC(=O)N)NC(=O)CNC(=O)[C@H](Cc4ccc(O)cc4)NC(=O)[C@H](CCCN=C(N)N)NC(=O)[C@H](CCC(=O)N)NC(=O)[C@@H]5CCCN5C(=O)C(CNCCN)CNCCN)C(C)C)C(=O)N,CHEMBL2371724,IC50,8.71
8925110,CSCC[C@H](NC(=O)[C@H](CC(C)C)NC(=O)[C@H](Cc1cnc[nH]1)NC(=O)CNC(=O)[C@@H](NC(=O)[C@H](C)NC(=O)[C@H](Cc2c[nH]c3ccccc23)NC(=O)[C@H](CCC(=O)N)NC(=O)CCCCCNC(=O)[C@H](CS)NC(=O)CNC(=O)CN)C(C)C)C(=O)N,CHEMBL2372320,IC50,8.84
839062,CCCC[C@H](NC(=O)[C@H](CC(C)C)NC(=O)[C@H](Cc1c[nH]cn1)NC(=O)CNC(=O)[C@@H](NC(=O)[C@H](C)NC(=O)[C@H](Cc2c[nH]c3ccccc23)NC(=O)[C@H](CCC(=O)N)NC(=O)COCC(=O)Nc4ccc(CC(CNCCN)CNCCN)cc4)C(C)C)C(=O)N,CHEMBL266079,IC50,8.89
839084,CSCC[C@H](NC(=O)[C@H](CC(C)C)NC(=O)[C@H](Cc1c[nH]cn1)NC(=O)CNC(=O)[C@@H](NC(=O)[C@H](C)NC(=O)[C@H](Cc2c[nH]c3ccccc23)NC(=O)[C@H](CCC(=O)N)NC(=O)COCC(=O)Nc4ccc(CC(CNCCN)CNCCN)cc4)C(C)C)C(=O)N,CHEMBL414307,IC50,9.19
8925124,CC(C)C[C@H](NC(=O)[C@H](Cc1cnc[nH]1)NC(=O)CNC(=O)[C@@H](NC(=O)[C@H](C)NC(=O)[C@H](Cc2c[nH]c3ccccc23)NC(=O)[C@H](CCC(=O)N)NC(=O)[C@@H](Cc4ccccc4)NC(=O)CN5CCC(CC5)NC(=O)Cn6cc(C[N+](C)(C)C[B-](F)(F)F)nn6)C(C)C)[C@@H](O)CC(=O)N[C@@H](CC(C)C)C(=O)N,CHEMBL3401466,IC50,9.22
8925134,CSCC[C@H](NC(=O)[C@H](CC(C)C)NC(=O)[C@H](Cc1cnc[nH]1)NC(=O)CNC(=O)[C@@H](NC(=O)[C@H](C)NC(=O)[C@H](Cc2c[nH]c3ccccc23)NC(=O)[C@H](CCC(=O)N)NC(=O)[C@H](CC(=O)N)NC(=O)CNC(=O)[C@H](CC(C)C)NC(=O)[C@H](CCCNC(=N)N)NC(=O)[C@H](CCC(=O)N)NC(=O)CCCCCNC(=O)[C@H](CS)NC(=O)CNC(=O)CN)C(C)C)C(=O)N,CHEMBL2372319,IC50,9.23
839073,CSCCC[C@H](NC(=O)[C@H](CC(C)C)NC(=O)[C@H](Cc1c[nH]cn1)NC(=O)CNC(=O)[C@@H](NC(=O)[C@H](C)NC(=O)[C@H](Cc2c[nH]c3ccccc23)NC(=O)[C@H](CCC(=O)N)NC(=O)[C@H](CC(=O)N)NC(=O)CNC(=O)[C@H](Cc4ccc(O)cc4)NC(=O)[C@H](CCCN=C(N)N)NC(=O)[C@H](CCC(=O)N)NC(=O)[C@@H]5CCCN5C(=O)C(CNCCN)CNCCN)C(C)C)C(=O)N,CHEMBL2371725,IC50,9.33
8925146,CSCC[C@H](NC(=O)[C@H](CC(C)C)NC(=O)[C@H](Cc1cnc[nH]1)NC(=O)CNC(=O)[C@@H](NC(=O)[C@H](C)NC(=O)[C@H](Cc2c[nH]c3ccccc23)NC(=O)[C@H](CCC(=O)N)NC(=O)CCCCCCCNC(=O)CCCCCN)C(C)C)C(=O)N,CHEMBL272335,EC50,9.43
