id,smiles,name,assay_type,activity_value
2115345,C[C@@H]1CCN(CCN1C(=O)C1=CC(C)=CC=C1N1N=CC=N1)C1=NC2=C(O1)C=CC(Cl)=C2,suvorexant,Ki,9.45593166
2115372,CC1(C)OC[C@H](NC(=O)Nc2ccccc2Br)[C@@H](O1)c3ccccc3,CHEMBL363743,Ki,7.0
2115384,CC1(C)OC[C@H](NC(=O)Nc2ccccc2C(F)(F)F)[C@@H](O1)c3ccccc3,CHEMBL363951,Ki,7.0
2115395,CC1(C)OC[C@H](NC(=O)Nc2ccccc2c3ccccc3)[C@@H](O1)c4ccccc4,CHEMBL183421,Ki,7.0
2115405,CN(C)c1cc(nc(n1)C(F)(F)F)N2CC3CN(CC3C2)C(=O)c4cc(F)ccc4n5nccn5,CHEMBL3646160,Ki,7.0
2115414,COc1ccc(cc1OC)S(=O)(=O)N2CCC[C@H]2C(=O)Nc3cc(C)cc(C)c3,CHEMBL3667591,IC50,7.0
2115425,COc1ccc2CCC(NC(=O)CN3CCc4cc(OC)c(OC)cc4C3Cc5ccc(OC)c(OC)c5)c2c1,CHEMBL493427,IC50,7.0
2115436,COc1cccc(c1)C(C)NC(=O)COc2cc(c3c(nn(C)c3n2)c4ccccc4)C(F)(F)F,CHEMBL3634010,Kd,7.0
2115446,C[C@@H]1CCN(CCN1C(=O)c2ccccc2n3nccn3)c4ncc(c(Cl)n4)C(F)(F)F,CHEMBL3622329,IC50,7.0
2115457,C[C@@H]1CC[C@H](CN1C(=O)c2cc(C)ccc2n3nccn3)C#Cc4ccnc(CO)c4,CHEMBL3235264,IC50,7.0
2115467,C[C@H]1[C@@H](CCCN1C(=O)c2nc(C)ccc2c3ncccn3)Nc4oc5ccccc5n4,CHEMBL3669032,Ki,7.0
2115476,Fc1ccc(OCC2CC3CCC2N3C(=O)c4cc(F)ccc4c5ccn[nH]5)nc1,CHEMBL3663414,Ki,7.0
2115485,COc1ccc(cc1)S(=O)(=O)N2CCC[C@H]2C(=O)Nc3cccc(c3)C#N,CHEMBL3667573,IC50,7.01
2115495,COc1cccc(OC)c1C(=O)N2CCCN(CC2)c3nc4ccc(Cl)cc4s3,CHEMBL3586412,IC50,7.01
2115505,C[C@@H]1CS[C@@H](CSc2ccccn2)CN1C(=O)c3ccccc3n4nccn4,CHEMBL3672926,Ki,7.01
2115514,O=C(N1CC2CN(CC2C1)c3cnc4ccccc4n3)c5ccccc5c6nnc[nH]6,CHEMBL3649048,Ki,7.01
2115523,O=C1N(Cc2c[nH]c3ccccc23)CCCC14CCN(CC4)c5oc6ccccc6n5,CHEMBL3669466,Ki,7.01
2115532,O=C1N(Cc2cccc(c2)c3cccnc3)CCCC14CCN(CC4)c5cnc6ccccc6n5,CHEMBL3669436,Kd,7.01
2115541,O=C1N(Cc2cccc3nonc23)CCCC14CCN(CC4)c5cnc6ccccc6n5,CHEMBL3669493,Ki,7.01
2115550,CCOc1ccc2ccccc2c1C(=O)N3CC4CN(CC4C3)c5nccc(n5)c6ccccc6,CHEMBL3649087,Ki,7.02
2115559,COCc1cccc(CN2CCCC3(CCN(CC3)c4cnc5ccccc5n4)C2=O)c1,CHEMBL3669495,Ki,7.02
2115568,COc1ccc2[C@H](CCc2c1)NC(=O)C(C)Oc3cc(C)c4c(nn(C)c4n3)C5CC5,CHEMBL3665732,Kd,7.02
2115578,C[C@@H]1CC[C@H](CN1C(=O)c2ccccc2n3nccn3)Oc4cc(ccn4)C(=O)N(C)C,CHEMBL3426139,IC50,7.02
2115588,C[C@H]1[C@@H](CCCN1C(=O)c2ccccc2n3nccn3)Nc4cnc5ccccc5n4,CHEMBL3704967,Ki,7.02
2115597,Cc1ccc(c(c1)C(=O)N2CC3CN(CC3C2)c4cc(C)nc(n4)C(F)(F)F)c5ncccn5,CHEMBL3649073,Ki,7.02
2115606,Cc1cnc(C)c(n1)N2C[C@@H]3CCN(C[C@H]23)C(=O)c4cccc(F)c4n5nccn5,CHEMBL3670509,Ki,7.02
2115615,Clc1ccc2oc(nc2c1)N3CCC4(CCCC(=O)N4Cc5cccc6[nH]ccc56)CC3,CHEMBL3669542,Kd,7.02
2115625,Fc1ccc(CNC(=O)Cn2cc(c3ccccc23)S(=O)(=O)Cc4ccc(F)cc4)cc1,CHEMBL2413374,IC50,7.02
2115636,COc1ccc(cc1S(=O)(=O)Nc2cccc(NCCNC(=O)c3cccc(Cl)c3)c2)c4cccc(c4)C(=O)N(C)C,CHEMBL3623077,EC50,7.03
2115646,C[C@@H]1CC[C@H](CN1C(=O)c2nscc2n3nccn3)Oc4cc(ccn4)C#N,CHEMBL3642125,Ki,7.03
2115655,C[C@H](NC(=O)COc1cc(c2c(nn(C)c2n1)c3cccc(F)c3)C(F)(F)F)c4ccccc4,CHEMBL3665677,Kd,7.03
2115665,Cc1cc2CC[C@H](NC(=O)COc3cc(C)c4c(nn(C)c4n3)C5CC5)c2cn1,CHEMBL3634027,Ki,7.03
2115675,Cc1ccc(c(n1)C(=O)N2C3CCC2C(COc4ccc(F)cn4)C3)n5nccn5,CHEMBL3659179,Ki,7.03
2115684,Cc1cccc(c1C(=O)N2C3CCC2C(COc4ccc(F)cn4)C3)n5nccn5,CHEMBL3663415,Ki,7.03
2115693,O=C(N1CC2CN(C2C1)c3nccc(n3)c4ccccc4)c5ccccc5c6cccs6,CHEMBL3665625,Ki,7.03
2115702,CN(C)c1nc(C)cc(n1)N2CC3CCN(CC23)C(=O)c4cc(F)ccc4n5nccn5,CHEMBL3670629,Ki,7.04
2115711,COc1ccnc(n1)N2CC3CN(CC3C2)C(=O)c4cc(F)ccc4c5ncccn5,CHEMBL3649111,Ki,7.04
2115721,C[C@@H]1CCN(CCN1C(=O)c2ccccc2n3nccn3)c4ncc5c(C)nn(C)c5n4,CHEMBL3260825,Ki,7.04
2115731,C[C@H]1[C@@H](CCCN1C(=O)c2ncc(C)cc2c3ncccn3)Nc4ccc(cn4)C(F)(F)F,CHEMBL3704947,Ki,7.04
2115740,Cc1cc(C)cc(NC(=O)[C@@H]2CCCN2S(=O)(=O)c3ccc(C=C)cc3)c1,CHEMBL3667594,IC50,7.04
2115749,Cc1cc(C)nc(OCC2CC3CCC2N3C(=O)c4c(F)cccc4c5ncccn5)n1,CHEMBL3659212,Ki,7.04
2115758,Cc1ccc2ccccc2c1C(=O)N3CC4CN(CC4C3)c5cnc6ccccc6n5,CHEMBL3646171,Ki,7.04
2115767,Cc1cccc(C(=O)N2CC[C@H]3CN([C@H]3C2)c4cc(ccn4)C(F)(F)F)c1n5nccn5,CHEMBL3670555,Ki,7.04
2115776,Cc1cccc(n1)N2C[C@@H]3CCN(C[C@H]23)C(=O)c4c(F)cccc4n5nccn5,CHEMBL3670533,Ki,7.04
2115785,O=C(N1C[C@@H]2CN([C@@H]2C1)c3nccc(n3)c4ccccc4)c5ccccc5c6cccs6,CHEMBL3665630,Ki,7.04
2115794,O=C1N(Cc2c[nH]c3ncccc23)CCCC14CCN(CC4)c5cnc6ccccc6n5,CHEMBL3669476,Ki,7.04
2115803,CCOc1ccccc1C(=O)N2CCC[C@@H](Nc3cnc4ccccc4n3)[C@@H]2C,CHEMBL3704968,Ki,7.05
2115812,CN(C)c1nc(C)cc(n1)N2CC3CCN(CC23)C(=O)c4ccccc4n5nccn5,CHEMBL3670632,Ki,7.05
2115821,Cc1cc(C)nc(n1)N2CC3CN(CC3C2)C(=O)c4cccc(C)c4n5nccn5,CHEMBL3649213,Ki,7.05
2115830,Cc1cc(C)nc(n1)N2CC3CN(CC3C2)C(=O)c4occc4c5ccccc5,CHEMBL3646164,Ki,7.05
2115839,Cc1ccc(c2ncccn2)c(n1)C(=O)N3C4CCC3C(C4)Nc5cnc6ccccc6n5,CHEMBL3663502,Ki,7.05
2115848,Cc1ccc2[C@H](CCc2n1)NC(=O)COc3cc(C(F)F)c4c(nn(C)c4n3)C5CC5,CHEMBL3665703,Kd,7.05
2115857,Cc1ccnc(n1)N2CC3CN(CC3C2)C(=O)c4ccccc4n5nccn5,CHEMBL3649096,Ki,7.05
2115866,Cc1oc(C)c(c1)c2nn(C)c3nc(OCC(=O)N[C@H]4CCc5nc(C)ccc45)cc(c23)C(F)(F)F,CHEMBL3665734,Kd,7.05
2115875,Cn1nc(c2cccc(F)c2)c3c(cc(OCC(=O)N[C@H]4CCc5ccccc45)nc13)C(F)(F)F,CHEMBL3665686,Kd,7.05
2115884,CC(NC(=O)COc1cc(c2c(nn(C)c2n1)c3ccccc3)C(F)(F)F)c4ccc(C)nc4,CHEMBL3665691,Kd,7.06
2115893,Cc1onc(c1CN2CCCC3(CCN(CC3)c4cnc5ccccc5n4)C2=O)c6ccccc6,CHEMBL3669463,Ki,7.06
2115902,O=C(N1CC2CN(CC2C1)c3oc4ccccc4n3)c5ccccc5n6nccn6,CHEMBL3649105,Ki,7.06
2115911,CCOc1cccc(n1)N2CC3CN(CC3C2)C(=O)c4ccccc4n5nccn5,CHEMBL3649108,Ki,7.07
2115921,COc1ccc(OC[C@]2(C[C@H]2C(=O)Nc3ccncc3)c4ccccc4)cc1OC,CHEMBL3343253,Ki,7.07
2115931,COc1cccc(c1)n2cncc2CN3CCCC4(CCN(CC4)c5cnc6ccccc6n5)C3=O,CHEMBL3669519,Ki,7.07
2115941,C[C@@H]1CCN(CCN1C(=O)c2cc(C)ccc2n3nccn3)c4ncc5c(C)nn(C)c5n4,CHEMBL3260824,IC50,7.07
2115952,COc1ccc(CNC(=O)COc2cc(c3c(nn(C)c3n2)c4ccccc4)C(F)(F)F)cc1,CHEMBL3634017,Ki,7.08
2115963,COc1ccc(CNC(=O)c2cc(ncc2N3CCC3)c4cncc(C)c4)nc1OC,CHEMBL3338863,IC50,7.08
2115973,Cc1cc(nc(n1)C(F)(F)F)N2C[C@@H]3CCN(C[C@H]23)C(=O)c4c(F)cccc4c5ncccn5,CHEMBL3665648,Ki,7.08
2115982,Cc1cccc(n1)c2c(F)cccc2C(=O)N3CC4CN(CC4C3)c5nc(C)cc(C)n5,CHEMBL3652506,Ki,7.08
2115991,Clc1cccc(CN2CCCC3(CCN(CC3)c4cnc5ccccc5n4)C2=O)c1,CHEMBL3669457,Ki,7.08
2116000,O=C1N(Cc2c[nH]c3ccccc23)CCCC14CCN(CC4)c5nc6ccccc6[nH]5,CHEMBL3669557,Kd,7.08
2116009,O=C1N(Cc2ccnc(c2)n3cccn3)CCCC14CCN(CC4)c5cnc6ccccc6n5,CHEMBL3669481,Ki,7.08
2116018,C[C@H](NC(=O)COc1cc(C)c2c(nn(C)c2n1)c3cnn(C)c3)c4ccc(C)cc4,CHEMBL3665694,Kd,7.09
2116027,Cc1cc(C)nc(c1)N2C[C@@H]3CCN(C[C@H]23)C(=O)c4cccc(F)c4c5ncccn5,CHEMBL3670561,Ki,7.09
2116036,Cc1cc(C)nc(n1)N2CC3CN(CC3C2)C(=O)c4ccc5ccccc5c4n6nccn6,CHEMBL3652478,Ki,7.09
2116045,Cc1ccc(c(Br)c1)S(=O)(=O)N2CCC[C@H]2C(=O)Nc3cc(C)cc(C)c3,CHEMBL3667599,IC50,7.09
2116054,Cc1ccc(c2ncccn2)c(n1)C(=O)N3C4CCC3C(COc5ccc(F)cn5)C4,CHEMBL3659232,Ki,7.09
2116063,Cc1ccc2oc(nc2c1)N3CCC4(CCCC(=O)N4Cc5cccc6[nH]ccc56)CC3,CHEMBL3669546,Ki,7.09
2116072,O=C(N1CC2CN(CC2C1)c3nccc(n3)c4cccs4)c5ccccc5n6nccn6,CHEMBL3649104,Ki,7.09
2116081,O=C1N(Cc2c[nH]c3ccccc23)CCCC14CCN(CC4)c5cc6nccnc6cn5,CHEMBL3669571,Ki,7.09
2116090,O=C1N(Cc2cccc3OCCOc23)CCCC14CCN(CC4)c5nccc6occc56,CHEMBL3669497,Ki,7.09
2116099,O=C1N(Cc2cccc3nsnc23)CCCC14CCN(CC4)c5cnc6ccccc6n5,CHEMBL3669521,Ki,7.09
2116110,CC1(C)OC[C@H](NC(=O)Nc2ccccc2Cl)[C@@H](O1)c3ccccc3,CHEMBL185435,Ki,7.1
2116122,CC1(C)OC[C@H](NC(=O)Nc2ccccc2I)[C@@H](O1)c3ccccc3,CHEMBL185382,Ki,7.1
2116133,CC1(C)OC[C@H](NC(=O)Nc2ccccc2c3cccc(Cl)c3)[C@@H](O1)c4ccccc4,CHEMBL185131,Ki,7.1
2116144,CC1(C)OC[C@H](NC(=O)Nc2ccccc2c3ccsc3)[C@@H](O1)c4ccccc4,CHEMBL184596,Ki,7.1
2116154,CCOc1ccc2ccccc2c1C(=O)N3CC4CN(CC4C3)c5nccc(OC)n5,CHEMBL3646207,Ki,7.1
2116164,COc1cc2CCN(C(C(=O)NC3CC3)c4ccccc4)C(Cc5ccc6ccccc6c5)c2cc1OC,CHEMBL490082,IC50,7.1
2116175,COc1ccc(cc1OC)N2C(=O)N(Cc3ccccc3)c4ccccc4S2(=O)=O,CHEMBL3740976,Ki,7.1
2116184,C[C@@H]1CC[C@H](CN1C(=O)c2ccc(OC(F)F)cc2n3nccn3)Oc4cc(ccn4)C#N,CHEMBL3642137,Ki,7.1
2116193,C[C@H](NC(=O)COc1cc(c2c(nn(C)c2n1)c3ccccc3F)C(F)(F)F)c4ccccc4,CHEMBL3665671,Kd,7.1
2116202,Cc1nc(ncc1F)N2CC3CN(CC3C2)C(=O)c4ccccc4c5ncn(C)n5,CHEMBL3652459,Ki,7.1
2116212,Cc1ncc(OC[C@]2(C[C@H]2C(=O)Nc3ccccn3)c4ccccc4)c(C)n1,CHEMBL3585943,Ki,7.1
2116222,O=C(N1CC2CN(CC2C1)c3nccc(n3)c4occc4)c5ccccc5c6cccs6,CHEMBL3646185,Ki,7.1
2116231,O=C1N(Cc2cccc(n2)n3cccn3)CCCC14CCN(CC4)c5cnc6ccccc6n5,CHEMBL3669498,Ki,7.1
2116241,CC(NC(=O)COc1cc(c2c(nn(C)c2n1)c3ccccc3)C(F)(F)F)c4ccccc4,CHEMBL3634006,Ki,7.11
2116252,CN(Cc1ccc2nccnc2c1)C(=O)c3cc(cnc3c4cccnc4)c5cc(C)cc(C)c5,CHEMBL3099887,Ki,7.11
2116262,COc1ccnc(n1)N2CC3CN(CC3C2)C(=O)c4c(C)ccc5ccccc45,CHEMBL3646200,Ki,7.11
2116272,Cc1cc(C)nc(n1)N2C[C@H]3CN(C[C@H]3C2)C(=O)c4cc(Cl)ccc4n5nccn5,CHEMBL3586442,Ki,7.11
2116282,O=C(N1CC2CN(C2C1)c3cnc4ccccc4n3)c5ccccc5c6cccs6,CHEMBL3665624,Ki,7.11
2116292,O=C1N(Cc2cccc3[nH]ccc23)CCCC14CCN(CC4)c5cnc6ccccc6n5,CHEMBL2435408,Ki,7.11
2116302,CC(C)c1nn(C)c2nc(OCC(=O)N[C@@H](C)c3ccc(C)cc3)cc(C)c12,CHEMBL3665716,Kd,7.12
2116311,C[C@H](CNC(=O)COc1cc(c2c(nn(C)c2n1)c3ccccc3)C(F)(F)F)c4ccccc4,CHEMBL3665673,Kd,7.12
2116320,CCOc1ccccc1C(=O)N2CC3CN(CC3C2)c4nc(C)cc(C)n4,CHEMBL3649051,Ki,7.13
2116375,COc1ccc(CNC(=O)c2cc(ncc2N3CCOCC3)c4cncc(C)c4)nc1OC,CHEMBL3338861,Ki,7.13
2116385,FC(F)(F)c1ccnc(n1)N2CC3CN(CC3C2)C(=O)c4ccccc4n5nccn5,CHEMBL3649114,Ki,7.13
2116394,Fc1ccc(c(c1)C(=O)N2CC[C@H]3CN([C@H]3C2)c4oc5ccc(Cl)cc5n4)n6nccn6,CHEMBL3670530,Ki,7.13
2116403,O=C(N1CC2CN(CC2C1)c3nccc(n3)c4ccccc4)c5ccccc5n6nccn6,CHEMBL3649092,Ki,7.13
2116413,CCc1nc(OC)c2C(CCc3ccc(cc3)C(F)(F)F)N(CCn12)[C@@H](C(=O)NC)c4ccccc4,CHEMBL2347485,IC50,7.14
2116423,CN(C)c1ccc(cn1)c2ccc(F)cc2C(=O)N3CC[C@H]4CN([C@H]4C3)c5nc(C)cc(C)n5,CHEMBL3670574,Ki,7.14
2116432,CN(C)c1nc(C)cc(n1)N2CC3CCN(CC23)C(=O)c4c(F)cccc4n5nccn5,CHEMBL3670633,Ki,7.14
2116441,COc1ccc(c(n1)C(=O)N2C3CCC2C(COc4ccc(F)cn4)C3)n5nccn5,CHEMBL3663418,Ki,7.14
2116450,Cc1ccc(cc1CN2CCCC3(CCN(CC3)c4cnc5ccccc5n4)C2=O)n6nccn6,CHEMBL3669535,Ki,7.14
2116459,Cc1ccc(nc1)c2c(F)cccc2C(=O)N3CC4CN(CC4C3)c5nc(C)cc(C)n5,CHEMBL3652510,Ki,7.14
2116468,Cc1cccc(n1)N2C[C@@H]3CCN(C[C@H]23)C(=O)c4ccccc4n5nccn5,CHEMBL3670534,Ki,7.14
2116477,CN(C)c1nc(C)cc(n1)N2CC3CN(CC3C2)C(=O)c4ccccc4n5nccn5,CHEMBL3649081,Ki,7.15
2116487,COc1ccc(C[C@@H]2CCCN2C(=O)c3nc(C)ccc3c4ncccn4)cc1OC,CHEMBL3740670,IC50,7.15
2116496,Cc1ccc(c(c1)C(=O)N2C3CCC2C(COc4ccc(cn4)C(F)(F)F)C3)n5nccn5,CHEMBL3659183,Ki,7.15
2116506,COc1cc2CCN(Cc2cc1OC)C(=O)C(Cc3ccccc3)NC(=O)c4ccc(F)c(Br)c4,CHEMBL138091,IC50,7.16
2116516,COc1ccc(c(c1)C(=O)N2CC[C@H]3CN([C@H]3C2)c4cc(ccn4)C(F)(F)F)n5nccn5,CHEMBL3670549,Ki,7.16
2116526,C[C@@H]1CCN(CCN1C(=O)c2cc(C)ccc2n3nccn3)c4ncc5cnn(C)c5n4,CHEMBL3260823,IC50,7.16
2116536,Cc1cc(C)nc(n1)N2CC3CN(CC3C2)C(=O)c4cc(Cl)ccc4n5nccn5,CHEMBL3649117,Ki,7.16
2116545,Cc1cc(C)nc(n1)N2CC3CN(CC3C2)C(=O)c4cccnc4c5cc[nH]n5,CHEMBL3649193,Ki,7.16
2116554,Cc1cc(C)nc(n1)N2C[C@@H]3CCN(C[C@H]23)C(=O)c4cccc(C)c4n5ccnn5,CHEMBL3670547,Ki,7.16
2116563,Cc1ccnc(OCC2CC3CCC2N3C(=O)c4cc(C)ccc4n5nccn5)c1,CHEMBL3659186,Ki,7.16
2116572,O=C(N1CC2CN(CC2C1)c3nccc(n3)c4ccccc4)c5ccccc5c6cccs6,CHEMBL3646173,Ki,7.16
2116582,O=C1CCCC2(CCN(CC2)c3cnc4ccccc4n3)N1Cc5c[nH]c6ccccc56,CHEMBL2435412,Ki,7.16
2116592,O=C1N(Cc2c[nH]c3ccccc23)CCCC14CCN(CC4)c5ncc6ccccc6n5,CHEMBL3669573,Ki,7.16
2116601,CN(C)c1cc(nc(n1)C(F)(F)F)N2CC3CN(CC3C2)C(=O)c4ccc(F)cc4n5nccn5,CHEMBL3646157,Ki,7.17
2116610,COc1ccc(cc1)S(=O)(=O)N2CCC[C@H]2C(=O)Nc3cc(cc(c3)C(F)(F)F)C(F)(F)F,CHEMBL3667577,IC50,7.17
2116619,Cc1cc(C)nc(n1)N2CC3CN(CC3C2)C(=O)c4ccc(F)cc4c5ncccn5,CHEMBL3649187,Ki,7.17
2116628,Cc1cc(nc(n1)C(F)(F)F)N2CC3CN(CC3C2)C(=O)c4ccccc4c5nnc[nH]5,CHEMBL3649059,Ki,7.17
2116637,O=C1N(Cc2c[nH]c3ccccc23)CCCC14CCN(CC4)c5ccc6ccccc6n5,CHEMBL3669564,Ki,7.17
2116646,C[C@@H]1CS[C@@H](COc2ccc(cn2)C(F)(F)F)CN1C(=O)c3ccccc3n4nccn4,CHEMBL3672930,Ki,7.18
2116656,Cc1cccc(c1)c2sc(C)nc2C(=O)N3CCC[C@H]3Cc4ccc(Cl)c(Cl)c4,CHEMBL3741767,IC50,7.18
2116665,O=C(N1CC2CN(CC2C1)c3cnc4ccccc4n3)c5ccccc5c6ccccc6,CHEMBL3649128,Ki,7.18
2116674,CCOc1ccc(C)nc1C(=O)N2C3CCC2C(C3)Nc4cnc5ccccc5n4,CHEMBL3663501,Ki,7.19
2116683,COc1cc(nc(n1)N(C)C)N2CC3CN(CC3C2)C(=O)c4cc(F)ccc4n5nccn5,CHEMBL3646155,Ki,7.19
2116692,COc1cc2CCC(NC(=O)COc3cc(C)c4c(nn(C)c4n3)C5CC5)c2cc1OC,CHEMBL3665735,Kd,7.19
2116702,COc1ccc(C[C@@H]2CCCN2C(=O)c3cc(C)ccc3n4cccn4)cc1OC,CHEMBL3740565,IC50,7.19
2116711,COc1ccc(cc1)[C@H](C)NC(=O)COc2cc(C(F)F)c3c(nn(C)c3n2)c4cc(C)oc4C,CHEMBL3665723,Kd,7.19
2116720,Cc1cc(C)nc(n1)N2CC3CN(CC3C2)C(=O)c4cccc5ccccc45,CHEMBL3649056,Ki,7.19
2116729,Cc1cc(C)nc(n1)N2CC3CN(CC3C2)C(=O)c4ccccc4c5cccc(F)c5,CHEMBL3646203,Ki,7.19
2116738,Cc1noc(n1)c2ccccc2C(=O)N3CC4CN(CC4C3)c5ncc(F)c(C)n5,CHEMBL3652457,Ki,7.19
2116749,CC1(C)OC[C@H](NC(=O)Nc2cc(Cl)ccc2Cl)[C@@H](O1)c3ccccc3,CHEMBL361716,Ki,7.2
2116760,COc1cc(ccn1)N2C(=O)N(Cc3c(F)cc(F)cc3F)c4ccccc4S2(=O)=O,CHEMBL3742143,Ki,7.2
2116769,COc1ccc(cc1)[C@H](C)NC(=O)COc2cc(C)c3c(nn(C)c3n2)C4CC4,CHEMBL3665689,Kd,7.2
2116779,C[C@@H]1CC[C@H](CN1C(=O)c2ccccc2c3cccnc3)Oc4ccnc5c(F)cccc45,CHEMBL3394843,Ki,7.2
2116791,Cc1ccc(Cl)c(NC(=O)N[C@H]2COC(C)(C)O[C@H]2c3ccccc3)c1,CHEMBL182473,Ki,7.2
2116801,Cc1oc(nc1)c2cccc(CN3CCCC4(CCN(CC4)c5cnc6ccccc6n5)C3=O)c2,CHEMBL3669553,Kd,7.2
2116810,O=C(N1CC2CN(CC2C1)c3oc4ccccc4n3)c5ccccc5c6cccs6,CHEMBL3649100,Ki,7.2
2116820,COc1ccc(C[C@@H]2CCCN2C(=O)c3nc(C)sc3c4ccc(F)cc4)cc1OC,CHEMBL3740088,IC50,7.21
2116829,Cc1cc2c(CN3CCCC4(CCN(CC4)c5cnc6ccccc6n5)C3=O)cccc2[nH]1,CHEMBL3669443,Kd,7.21
2116839,Cc1ccc(c(c1)C(=O)N2C[C@@H]3CC[C@H]2CN(C3)c4ncc5ccc(F)cc5n4)n6nccn6,CHEMBL1171595,Ki,7.21
2116849,Cc1ccc(cc1)c2sc(C)nc2C(=O)N3CC[C@H]4CN([C@H]4C3)c5nc(C)cc(C)n5,CHEMBL3670580,Ki,7.21
2116859,O=C1N(Cc2c[nH]c3ccccc23)CCCC14CCN(CC4)c5cnc6ccccc6n5,CHEMBL2435407,Ki,7.21
2116869,O=C1N(Cc2cccc(c2)c3ncccn3)CCCC14CCN(CC4)c5cnc6ccccc6n5,CHEMBL3669479,Ki,7.21
2116879,CCCc1nc(Cl)c2[C@H](CCc3ccc(cc3)C(F)(F)F)N(CCn12)[C@@H](C(=O)NC)c4ccccc4,CHEMBL2347604,IC50,7.22
2116889,Cc1cc(C)nc(n1)N2CC3CN(CC3C2)C(=O)c4ccccc4OC(F)(F)F,CHEMBL3649226,Ki,7.22
2116898,Cc1ccc(c(c1)C(=O)N2CC3CN(C3C2)c4nccc(n4)c5ccccc5)n6nccn6,CHEMBL3665644,Ki,7.22
2116907,Cc1nc(C(=O)N2C3CCC2C(COc4ccc(F)cn4)C3)c(s1)c5ccccc5F,CHEMBL3659198,Ki,7.22
2116916,Fc1ccc(C(=O)N2CC[C@H]3CN([C@H]3C2)c4cnc5ccccc5n4)c(c1)n6nccn6,CHEMBL3670525,Ki,7.22
2116926,CC(NC(=O)COc1cc(C(F)F)c2c(nn(C)c2n1)c3ccccc3)c4c(C)nn(C)c4C,CHEMBL3634028,Ki,7.23
2116937,COc1cc2CCN(Cc2cc1OC)C(=O)[C@@H](NCc3nccs3)C(C)(C)C,CHEMBL444602,IC50,7.23
2116947,Cc1cc(C)nc(n1)N2C[C@@H]3CCN(C[C@H]23)C(=O)c4ccccc4c5onc(C)n5,CHEMBL3670577,Ki,7.23
2116956,Cc1ccc(c2ncccn2)c(c1)C(=O)N3C4CCC3C(COc5nc(C)cc(C)n5)C4,CHEMBL3659213,Ki,7.23
2116965,Cc1cccc(n1)c2cc(F)ccc2C(=O)N3CC4CN(CC4C3)c5nc(C)cc(C)n5,CHEMBL3652481,Ki,7.23
2116974,Fc1ccc(C(=O)N2CC[C@H]3CN([C@H]3C2)c4oc5ccc(Cl)cc5n4)c(c1)n6nccn6,CHEMBL3670531,Ki,7.23
2116983,O=C1N(Cc2cccc(c2)c3ccccc3)CCCC14CCN(CC4)c5cnc6ccccc6n5,CHEMBL3669452,Kd,7.23
2116992,CCOc1ccccc1C(=O)N2CCC[C@@H](Nc3nccc(n3)c4ccccc4)[C@@H]2C,CHEMBL3669007,Ki,7.24
2117001,CN(C)c1nc(cc(n1)C(F)(F)F)N2CC3CN(CC3C2)C(=O)c4cc(C)ccc4c5ncccn5,CHEMBL3649069,Ki,7.24
2117010,COc1cc(OC)nc(n1)N2CC3CN(CC3C2)C(=O)c4ccc(F)cc4n5nccn5,CHEMBL3649120,Ki,7.24
2117020,COc1ccc(CNC(=O)c2cc(ncc2c3cncc(F)c3)c4cncc(C)c4)nc1OC,CHEMBL3338860,IC50,7.24
2117030,COc1ccc(c(c1)C(=O)N2CC3CN(CC3C2)c4cnc5cc(F)c(F)cc5n4)n6nccn6,CHEMBL3649201,Ki,7.24
2117039,COc1ccc(cc1)S(=O)(=O)N2CCC[C@H]2C(=O)Nc3ccc(Cl)c(Cl)c3,CHEMBL3667587,IC50,7.24
2117048,C[C@@H]1CC[C@H](CN1C(=O)c2cc(Cl)ccc2n3nccn3)Oc4cc(ccn4)C#N,CHEMBL3642121,Ki,7.24
2117057,Cc1cc(C)nc(n1)N2C[C@@H]3CCN(C[C@H]23)C(=O)c4cccc(F)c4n5cccn5,CHEMBL3670563,Ki,7.24
2117066,Cc1ccc(c(c1)C(=O)N2C3CCC2C(COc4ccc(F)cn4)C3)n5nccn5,CHEMBL3659180,Ki,7.24
2117076,COc1cc2CCN(Cc2cc1OC)C(=O)C(Cc3ccccc3)C(C)(C)C,CHEMBL139083,IC50,7.25
2117089,Cc1cc(C)nc(n1)N2C[C@@H]3CCN(C[C@H]23)C(=O)c4cccc(F)c4c5ncccn5,CHEMBL3670592,Ki,7.25
2117098,Cc1cnc(C)c(n1)N2CC3CN(CC3C2)C(=O)c4ccccc4c5nnc[nH]5,CHEMBL3649173,Ki,7.25
2117108,Cc1ncc(OC[C@]2(C[C@H]2C(=O)Nc3cccc(F)n3)c4ccccc4)c(C)n1,CHEMBL3585947,Ki,7.25
2117118,Cc1cc(C)nc(n1)N2C[C@@H]3CCN(C[C@H]23)C(=O)c4cccc5Cc6ccccc6c45,CHEMBL3670575,Ki,7.26
2117127,Cc1ccc(c(c1)C(=O)N2CC3CN(CC3C2)c4nccc(n4)c5ccccc5)n6nccn6,CHEMBL3649088,Ki,7.26
2117137,Cc1ccc(c(c1)C(=O)N2CCCC(C2)Oc3ccc(F)c(C)c3)n4nccn4,CHEMBL3394826,Ki,7.26
2117147,Cc1cncc(n1)N2CC3CN(CC3C2)C(=O)c4ccc(F)cc4n5nccn5,CHEMBL3649118,Ki,7.26
2117156,Cc1nc(CN2CCCC3(CCN(CC3)c4cnc5ccccc5n4)C2=O)c(s1)c6cccc(F)c6,CHEMBL3669490,Ki,7.26
2117166,Cc1ccc(c(c1)C(=O)N2C[C@@H]3CN(C[C@@H]3C2)c4nc(C)cc(C)n4)n5nccn5,CHEMBL3586439,Ki,7.27
2117176,CN(C)c1nc(cc(n1)C(F)(F)F)N2CC3CN(CC3C2)C(=O)c4cc(F)ccc4n5nccn5,CHEMBL3649071,Ki,7.28
2117185,COc1cc(OC)nc(n1)N2CC3CN(CC3C2)C(=O)c4ccccc4c5ccccn5,CHEMBL3649033,Ki,7.28
2117194,COc1cc(OC)nc(n1)N2CC3CN(CC3C2)C(=O)c4ccccc4n5nccn5,CHEMBL3649047,Ki,7.28
2117204,C[C@@H]1CCN(CCN1C(=O)c2cc(C)ccc2n3nccn3)c4ncc(c(C)n4)C(F)(F)F,CHEMBL3622330,IC50,7.28
2117215,C[C@@H]1CC[C@H](CN1C(=O)c2cc(C)ccc2n3nccn3)C#Cc4cnccc4O,CHEMBL3235258,IC50,7.28
2117225,Cc1cc(C)nc(n1)N2CC3CN(CC3C2)C(=O)c4cccc(F)c4I,CHEMBL3649188,Ki,7.28
2117234,CN(C)c1cc(C)nc(n1)N2CC3CN(CC3C2)C(=O)c4ccccc4n5nccn5,CHEMBL3649080,Ki,7.29
2117244,COc1ccc(OC[C@]2(C[C@H]2C(=O)Nc3cccnc3)c4ccccc4)cc1OC,CHEMBL3343252,Ki,7.29
2117255,Cc1cc(C)nc(n1)N2C[C@H]3CN(C[C@H]3C2)C(=O)c4c(C)ccc5ccccc45,CHEMBL3586427,Ki,7.29
2117265,Fc1ccc(c(c1)C(=O)N2CCC3CN(C3C2)c4cnc5ccccc5n4)c6ncccn6,CHEMBL3670624,Ki,7.29
2117274,CC(NC(=O)COc1cc(c2c(nn(C)c2n1)c3ccccc3)C(F)(F)F)c4c(C)nn(C)c4C,CHEMBL3665688,Kd,7.3
2117284,CC1(C)OC[C@H](NC(=O)Nc2ccccc2c3cccs3)[C@@H](O1)c4ccccc4,CHEMBL185424,Ki,7.3
2117294,COc1cccc(n1)N2CC3CN(CC3C2)C(=O)c4ccccc4c5cccs5,CHEMBL3649098,Ki,7.3
2117304,COc1ccccc1C(=O)NCCNc2cccc(NS(=O)(=O)c3cc(ccc3OC)c4cccc(c4)C(=O)N(C)C)c2,CHEMBL3622422,EC50,7.3
2117314,Cc1cc(nc(n1)C(F)(F)F)N2CC3CCN(CC23)C(=O)c4ccc(F)cc4n5nccn5,CHEMBL3670625,Ki,7.3
2117323,Cc1cc(nc(n1)C(F)(F)F)N2CC3CN(CC3C2)C(=O)c4cc(F)ccc4c5ncccn5,CHEMBL3649164,Ki,7.3
2117333,Cc1ncc(OC[C@]2(C[C@H]2C(=O)Nc3cccnc3)c4ccccc4)c(C)n1,CHEMBL3585944,Ki,7.3
2117343,Cc1onc(n1)c2cccc(CN3CCCC4(CCN(CC4)c5cnc6ccccc6n5)C3=O)c2,CHEMBL3669508,Ki,7.3
2117352,Cn1cc(CN2C(=O)CCCC23CCN(CC3)c4cnc5ccccc5n4)c6cccnc16,CHEMBL3669549,Kd,7.3
2117361,Fc1ccc(OCC2CC3CCC2N3C(=O)c4ccccc4n5nccn5)nc1,CHEMBL3659191,Ki,7.3
2117370,Fc1ccc(c(c1)C(=O)N2CC3CN(CC3C2)c4nccc(n4)c5ccccc5)c6ncccn6,CHEMBL3649074,Ki,7.3
2117379,Cc1cc(C)cc(NC(=O)[C@@H]2CCCN2S(=O)(=O)c3ccc(Br)cc3)c1,CHEMBL3667588,IC50,7.31
2117389,Cc1ncc(OC[C@]2(C[C@H]2C(=O)Nc3ccc(cn3)C#N)c4ccccc4)c(C)n1,CHEMBL3585939,Ki,7.31
2117399,O=C1N(Cc2cccc(c2)n3cccn3)CCCC14CCN(CC4)c5cnc6ccccc6n5,CHEMBL3669478,Ki,7.31
2117408,Cc1cc(C)nc(n1)N2C[C@@H]3CCN(C[C@H]23)C(=O)c4ccccc4c5nnc[nH]5,CHEMBL3670579,Ki,7.32
2117417,Cc1cnc(C)c(n1)N2CC3CN(CC3C2)C(=O)c4c(F)cccc4n5nccn5,CHEMBL3649063,Ki,7.32
2117426,Cn1ccc2c(CN3C(=O)CCCC34CCN(CC4)c5cnc6ccccc6n5)cccc12,CHEMBL3669467,Ki,7.32
2117435,CCCc1ccc(cc1)S(=O)(=O)N2CCC[C@H]2C(=O)Nc3cccc(SC)c3,CHEMBL3667552,IC50,7.33
2117444,COc1ccc(cc1)S(=O)(=O)N2CCC[C@H]2C(=O)Nc3cccc(OC)c3,CHEMBL3667569,IC50,7.33
2117453,C[C@@H]1CS[C@@H](COc2ccc(cn2)C#N)CN1C(=O)c3ccccc3n4nccn4,CHEMBL3672938,Ki,7.33
2117462,Cc1ccnc(n1)N2CC3CN(CC3C2)C(=O)c4ccccc4c5cccs5,CHEMBL3646183,Ki,7.33
2117471,O=C1N(Cc2cccc(c2)c3ccccn3)CCCC14CCN(CC4)c5cnc6ccccc6n5,CHEMBL3669473,Ki,7.33
2117480,CN(C)c1nc(cc(n1)C(F)(F)F)N2CC3CN(CC3C2)C(=O)c4cc(F)ccc4c5ncccn5,CHEMBL3649070,Ki,7.34
2117489,COc1cc(OC)nc(n1)N2CC3CN(CC3C2)C(=O)c4c(F)cccc4n5nccn5,CHEMBL3649211,Ki,7.34
2117498,COc1ccc(c(c1)C(=O)N2CC3CN(CC3C2)c4nc(C)cc(C)n4)n5nccn5,CHEMBL3649121,Ki,7.34
1718959,COc1ccc(c(c1)C(=O)N2C[C@@H]3CN(C[C@@H]3C2)c4nc(C)cc(C)n4)n5nccn5,CHEMBL3586441,Ki,7.34
2117509,Cc1cc(C)nc(n1)N2CC3CN(CC3C2)C(=O)c4sccc4c5ccccc5,CHEMBL3646163,Ki,7.34
2117518,Cc1cccc(C(=O)N2CC3CC(Nc4ccc(cn4)C(F)(F)F)C2C3)c1n5nccn5,CHEMBL3691848,Ki,7.34
2117527,O=C1N(Cc2cccc3OCCOc23)CCCC14CCN(CC4)c5cnc6ccccc6n5,CHEMBL3669435,Ki,7.34
2117536,CCOc1ccc2ccccc2c1C(=O)N3CC4CN(CC4C3)c5cnc6ccccc6n5,CHEMBL3649106,Ki,7.35
2117545,COc1ccnc(n1)N2CC3CN(CC3C2)C(=O)c4ccc(F)cc4n5nccn5,CHEMBL3649119,Ki,7.35
2117555,C[C@@H]1CC[C@H](CN1C(=O)c2ccccc2n3nccn3)Oc4cc(ccn4)c5ccccc5,CHEMBL3426148,IC50,7.35
2117565,Fc1cccc(C(=O)N2CC[C@H]3CN([C@H]3C2)c4oc5ccc(Cl)cc5n4)c1n6nccn6,CHEMBL3670532,Ki,7.35
2117574,O=C1N(Cc2ccccc2c3occc3)CCCC14CCN(CC4)c5cnc6ccccc6n5,CHEMBL3669555,Ki,7.35
2117584,COc1nc(ncc1C(F)(F)F)N2CC[C@@H](C)N(CC2)C(=O)c3ccccc3n4nccn4,CHEMBL3622333,IC50,7.36
2117594,Cc1ccc(OCC2CC3CCC2N3C(=O)c4cc(C)ccc4n5nccn5)nc1,CHEMBL3659188,Ki,7.36
2117603,Cc1ccc(c(c1)C(=O)N2C3CCC2C(COc4cccc(C)n4)C3)n5nccn5,CHEMBL3659187,Ki,7.36
2117612,Cc1ccc(c(c1)C(=O)N2CC3CN(CC3C2)c4nc(C)cnc4C)n5nccn5,CHEMBL3649084,Ki,7.36
2117621,Cc1ccc(cc1)c2ccccc2C(=O)N3CCC4CN(C4C3)c5cnc6ccccc6n5,CHEMBL3670610,Ki,7.36
2117630,Cc1cnc(C)c(n1)N2CC3CN(CC3C2)C(=O)c4ccccc4c5cccs5,CHEMBL3649026,Ki,7.36
2117639,Cc1cncc(n1)N2CC3CN(CC3C2)C(=O)c4ccccc4n5nccn5,CHEMBL3649171,Ki,7.36
2117649,Cc1nc(C(=O)N2CCC[C@@H](COc3ccc(F)cc3)C2)c(s1)c4ccccc4,CHEMBL3597954,Ki,7.36
2117660,COc1ccc(CNC(=O)c2nc(ccc2c3ccccc3)c4cncc(C)c4)nc1OC,CHEMBL3338847,Ki,7.37
2117670,COc1ccnc(n1)N2CC3CN(CC3C2)C(=O)c4c(F)cccc4n5nccn5,CHEMBL3649122,Ki,7.37
2117680,COc1nc(ncc1C(F)(F)F)N2CC[C@@H](C)N(CC2)C(=O)c3cc(C)ccc3n4nccn4,CHEMBL3622331,IC50,7.37
2117691,C[C@@H]1CCN(CCN1C(=O)c2cc(C)ccc2n3nccn3)c4nc(N)c5c(C)csc5n4,CHEMBL3260835,IC50,7.37
2117702,C[C@H](NC(=O)COc1cc(c2c(n[nH]c2n1)c3ccccc3)C(F)(F)F)c4ccccc4,CHEMBL3634019,Ki,7.37
2117712,CCOc1ccc2ccccc2c1C(=O)N3CC4CN(C4C3)c5nc(C)cc(C)n5,CHEMBL3665640,Ki,7.38
2117721,CCc1c(C)nc(nc1C)N2CC3CN(CC3C2)C(=O)c4ncccc4n5nccn5,CHEMBL3652518,Ki,7.38
2117730,CN(C)c1cc(nc(n1)C(F)(F)F)N2CC3CN(CC3C2)C(=O)c4c(F)cccc4n5nccn5,CHEMBL3646154,Ki,7.38
2117739,COc1cc(nc(n1)N(C)C)N2CC3CN(CC3C2)C(=O)c4ccc(F)cc4n5nccn5,CHEMBL3646158,Ki,7.38
2117748,COc1ccc(cn1)C(C)NC(=O)COc2cc(C(F)F)c3c(nn(C)c3n2)c4ccccc4,CHEMBL3665713,Kd,7.38
2117758,C[C@@H]1CCN(CCN1C(=O)c2cc(C)ccc2n3nccn3)c4ncc5c(C)c(C)oc5n4,CHEMBL3260827,IC50,7.38
2117769,C[C@@H]1CC[C@H](CN1C(=O)c2cc(C)ccc2n3nccn3)C#Cc4cc(CO)ccn4,CHEMBL3235261,Ki,7.38
2117780,C[C@@H]1CC[C@H](CN1C(=O)c2cc(C)ccc2n3nccn3)C#Cc4ccccn4,CHEMBL3235254,IC50,7.38
2117790,Cc1ccc(c(c1)C(=O)N2C3CCC2C(COc4cccc(n4)C(F)(F)F)C3)n5nccn5,CHEMBL3659185,Ki,7.38
2117800,Cc1ccc2[C@H](CCc2n1)NC(=O)COc3cc(C)c4c(nn(C)c4n3)C5CC5,CHEMBL3634022,Kd,7.38
2117809,Cc1ccnc(c1)c2c(F)cccc2C(=O)N3CC4CN(CC4C3)c5nc(C)cc(C)n5,CHEMBL3652509,Ki,7.38
2117818,Cc1cnc(C)c(n1)N2CC3CN(CC3C2)C(=O)c4ccc(F)cc4n5nccn5,CHEMBL3649066,Ki,7.38
2117827,O=C(N1CC2CN(CC2C1)c3nccc(n3)c4cn[nH]c4)c5ccccc5c6cccs6,CHEMBL3649025,Ki,7.38
2117837,O=C1N2CCCN(CC2)c3ccc4cc(CCCCc5ccc(c1c5)n6nccn6)ccc4c3,CHEMBL512778,Ki,7.38
2117848,COc1cc(OC)nc(n1)N2C[C@H]3CN(C[C@H]3C2)C(=O)c4ccccc4c5cccs5,CHEMBL3586431,Ki,7.39
2117859,COc1cccc(CNC(=O)c2cc(cnc2c3cccnc3)c4cc(C)cc(C)c4)c1,CHEMBL3099890,Ki,7.39
2117870,C[C@@H]1CC[C@H](CN1C(=O)c2cc(C)ccc2n3nccn3)C#Cc4cccnc4,CHEMBL3235255,Ki,7.39
2117880,Fc1cccc(c1C(=O)N2CC3CN(CC3C2)c4nc(cc(n4)C(F)(F)F)C(F)(F)F)n5nccn5,CHEMBL3649232,Ki,7.39
2117889,O=C1C(Cc2c[nH]c3ccccc23)NCCC14CCN(CC4)c5nccc(n5)n6cccn6,CHEMBL3669577,Kd,7.39
2117900,COc1cc2CCN(Cc2cc1OC)C(=O)[C@@H](NCc3ccncc3)C(C)(C)C,CHEMBL142009,IC50,7.4
2117910,C[C@H]1[C@@H](CCCN1C(=O)c2ccccc2n3nccn3)Nc4nc(C)cc(C)n4,CHEMBL3704927,Ki,7.4
2117921,Cc1cc(Br)ccc1NC(=O)N[C@H]2COC(C)(C)O[C@H]2c3ccccc3,CHEMBL185093,Ki,7.4
2117932,Cc1cccc(c1)c2sc(C)nc2C(=O)N3CCC[C@H]3Cc4ccc5OCOc5c4,CHEMBL3741099,IC50,7.4
2117942,Fc1ccc(c(c1)C(=O)N2CC[C@H]3CN([C@H]3C2)c4cnc5ccccc5n4)n6nccn6,CHEMBL2413511,Ki,7.4
2117951,COc1ccc2C(CCc2c1)NC(=O)COc3cc(C)c4c(nn(C)c4n3)C5CC5,CHEMBL3665704,Kd,7.41
2117960,COc1ccnc(n1)N2CC3CN(CC3C2)C(=O)c4ccccc4n5nccn5,CHEMBL3649116,Ki,7.41
2117970,C[C@H]1[C@H](COc2ccccn2)CCCN1C(=O)c3cc(C)ccc3n4nccn4,CHEMBL2413366,Ki,7.41
2117980,Cc1cc(C)nc(n1)N2CC3CN(CC3C2)C(=O)c4ccccc4c5onc(C)n5,CHEMBL3652453,Ki,7.41
2117989,Cc1ccc(c(c1)C(=O)N2C3CCC2C(COc4ccc(F)cn4)C3)c5ncccn5,CHEMBL3659202,Ki,7.41
2117999,Cc1cccc(c1)c2sc(C)nc2C(=O)N3CCC[C@H]3Cc4ccc5OCCOc5c4,CHEMBL3742301,IC50,7.41
2118008,Fc1ccc2nc(ncc2c1)N3CC4CN(CC4C3)C(=O)c5cccc(F)c5n6nccn6,CHEMBL3649198,Ki,7.41
2118017,O=C1N(Cc2ccccc2n3nccn3)CCCC14CCN(CC4)c5cnc6ccccc6n5,CHEMBL3669470,Ki,7.41
2118027,CC(C)OC(=O)c1ccccc1C(=O)N2C[C@@H](CC[C@H]2C)Oc3cc(ccn3)C#N,CHEMBL3426153,IC50,7.42
2118037,CCOc1ccc2ccccc2c1C(=O)N3C4CCC3C(COc5ccccn5)C4,CHEMBL3663396,Ki,7.42
2118046,CCOc1cccc(NC(=O)[C@@H]2CCCN2S(=O)(=O)c3ccc(OC)cc3)c1,CHEMBL3667579,IC50,7.42
2118056,CCc1nc(C(=O)NC)c2C(CCc3ccc(cc3)C(F)(F)F)N(CCn12)[C@@H](C(=O)NC)c4ccccc4,CHEMBL2347601,IC50,7.42
2118067,COc1nc(ncc1C)N2CC[C@@H](C)N(CC2)C(=O)c3cc(C)ccc3n4nccn4,CHEMBL3622327,IC50,7.42
2118077,Cc1cc(C)nc(n1)N2CC3CN(CC3C2)C(=O)c4c(C)ccc5ccccc45,CHEMBL3646198,Ki,7.42
2118086,Cc1cc(C)nc(n1)N2CC3CN(CC3C2)C(=O)c4c(F)cccc4c5onc(C)n5,CHEMBL3652462,Ki,7.42
2118095,Cc1cc(C)nc(n1)N2CC3CN(CC3C2)C(=O)c4ccc(F)c5ccccc45,CHEMBL3649053,Ki,7.42
2118104,Cc1ccc(c2ncccn2)c(c1)C(=O)N3CC4CN(CC4C3)c5nc(C)cnc5C,CHEMBL3649065,Ki,7.42
2118113,COc1cc(nc(n1)N(C)C)N2CC3CN(CC3C2)C(=O)c4c(F)cccc4n5nccn5,CHEMBL3646152,Ki,7.43
2118123,COc1ccc(CNC(=O)c2cc(ncc2N3CCCC3)c4cncc(C)c4)nc1OC,CHEMBL3338862,IC50,7.43
2118133,COc1ccc(cc1)S(=O)(=O)N2CCC[C@H]2C(=O)Nc3cccc(Br)c3,CHEMBL3667567,IC50,7.43
2118142,COc1ccc(cc1)[C@H](C)NC(=O)COc2cc(c3c(nn(C)c3n2)C4CC4)C(F)(F)F,CHEMBL3665710,Kd,7.43
2118151,COc1nc(cs1)c2nn(C)c3nc(OCC(=O)N[C@@H](C)c4ccc(C)cc4)cc(C)c23,CHEMBL3665700,Kd,7.43
2118161,C[C@@H]1CC[C@H](CN1C(=O)c2ccccc2OC(F)F)Oc3cc(ccn3)C#N,CHEMBL3426154,IC50,7.43
2118172,COc1cc2CCN(Cc2cc1OC)C(=O)C(Cc3ccccc3)NC(=O)c4cc(Cl)cc(Cl)c4,CHEMBL343551,IC50,7.44
2118183,COc1ccc(CNC(=O)c2cc(ncc2c3ccccn3)c4cncc(C)c4)nc1OC,CHEMBL3338857,IC50,7.44
2118194,COc1ccc(OC[C@]2(C[C@H]2C(=O)Nc3ccccn3)c4ccccc4)cc1OC,CHEMBL3343246,Ki,7.44
2118204,COc1ccnc(n1)N2CC3CN(CC3C2)C(=O)c4ccccc4c5cccs5,CHEMBL3646196,Ki,7.44
2118213,Cc1cc(C)cc(NC(=O)[C@@H]2CCCN2S(=O)(=O)c3cc(ccc3Cl)C(F)(F)F)c1,CHEMBL3667597,IC50,7.44
2118222,Cc1cc(C)nc(c1)N2C[C@@H]3CCN(C[C@H]23)C(=O)c4cccc(F)c4n5nccn5,CHEMBL3670556,Ki,7.44
2118231,Cc1cc(C)nc(n1)N2C[C@@H]3CCN(C[C@H]23)C(=O)c4cccc(C)c4n5cccn5,CHEMBL3670542,Ki,7.44
2118240,Cc1cc(nc(n1)N2CC3CN(CC3C2)C(=O)c4c(F)cccc4n5nccn5)C(C)(C)C,CHEMBL3652448,Ki,7.44
2118250,Cc1ccc(C)c(CN2C(=O)CCCC23CCN(CC3)c4cnc5ccccc5n4)c1,CHEMBL2435413,Kd,7.44
2118259,Cc1ccnc(c1)c2cc(F)ccc2C(=O)N3CC4CN(CC4C3)c5nc(C)cc(C)n5,CHEMBL3652489,Ki,7.44
2118268,Fc1ccc(c(c1)C(=O)N2CC[C@H]3CN([C@H]3C2)c4cccc(n4)C(F)(F)F)n5nccn5,CHEMBL3670538,Ki,7.44
2118277,O=C1N(Cc2ncoc2c3ccccc3)CCCC14CCN(CC4)c5cnc6ccccc6n5,CHEMBL3669506,Kd,7.44
2118287,CN(Cc1ccccc1)C(=O)Cn2cc(c3ccccc23)S(=O)(=O)Cc4ccccc4,CHEMBL2413375,IC50,7.46
2118298,CNC(=O)[C@H](N1CCn2c(CC3CC3)nc(Cl)c2[C@@H]1CCc4ccc(cc4)C(F)(F)F)c5ccccc5,CHEMBL2347608,IC50,7.46
2118309,COc1cc2CCN(Cc2cc1OC)C(=O)[C@@H](NCc3ccsc3)C(C)(C)C,CHEMBL343786,IC50,7.46
2118320,COc1ccc(OC[C@]2(C[C@H]2C(=O)Nc3ncc(C)s3)c4ccccc4)cc1OC,CHEMBL3343254,Ki,7.46
2118331,C[C@@H]1CCN(CCN1C(=O)c2cc(C)ccc2n3nccn3)c4nc(N)c5cc(C)sc5n4,CHEMBL3260833,IC50,7.46
2118342,C[C@@H]1CCN(CCN1C(=O)c2cc(C)ccc2n3nccn3)c4ncc5c(C)csc5n4,CHEMBL3260828,IC50,7.46
2118353,C[C@@H]1CCN(CCN1C(=O)c2ccccc2n3nccn3)c4nc(N)c5ccsc5n4,CHEMBL3260832,IC50,7.46
2118363,C[C@@H]1CC[C@H](CN1C(=O)c2ccc(OCF)cc2n3nccn3)Oc4cc(ccn4)C#N,CHEMBL3642136,Ki,7.46
2118372,Cc1cc(C)nc(n1)N2C[C@@H]3CCN(C[C@H]23)C(=O)c4cc(F)ccc4c5ccn(C)n5,CHEMBL3670595,Ki,7.46
2118381,O=C1N(Cc2cccc3OCOc23)CCCC14CCN(CC4)c5cnc6ccccc6n5,CHEMBL3669439,Ki,7.46
2118391,COc1ccc(OC[C@]2(C[C@H]2C(=O)Nc3cc(ccn3)C#N)c4ccccc4)cc1OC,CHEMBL3343258,Ki,7.47
2118401,COc1ccc(cc1)S(=O)(=O)N2CCC[C@H]2C(=O)Nc3ccc(F)c(Cl)c3,CHEMBL3667578,IC50,7.47
2118411,C[C@@H]1CCN(CCN1C(=O)c2cc(C)ccc2n3nccn3)c4nc(N)c5ccsc5n4,CHEMBL3260831,IC50,7.47
2118422,C[C@@H]1CCN(CCN1C(=O)c2cc(C)ccc2n3nccn3)c4ncc5c(C)coc5n4,CHEMBL3260826,IC50,7.47
2118433,C[C@@H]1CCN(CCN1C(=O)c2ccccc2n3nccn3)c4nc(N)c5cc(C)sc5n4,CHEMBL3260834,IC50,7.47
2118444,C[C@@H]1CC[C@H](CN1C(=O)c2cc(C)ccc2n3nccn3)\C=C\c4ccc(F)cn4,CHEMBL3235251,IC50,7.47
2118455,C[C@@H]1CC[C@H](CN1C(=O)c2ccccc2n3nccn3)Oc4cc(F)ccn4,CHEMBL3426140,IC50,7.47
2118465,Cc1cc(nc(n1)C(F)(F)F)N2CC3CCN(CC23)C(=O)c4cc(F)ccc4n5nccn5,CHEMBL3670631,Ki,7.47
2118475,Cc1ccc(NC(=O)[C@@H]2C[C@@]2(COc3cnc(C)nc3C)c4ccccc4)nc1,CHEMBL3585949,Ki,7.47
2118485,O=C1N(Cc2cccc(c2)n3nccn3)CCCC14CCN(CC4)c5cnc6ccccc6n5,CHEMBL3669578,Kd,7.47
2118494,O=C1N(Cc2cccc3ccccc23)CCCC14CCN(CC4)c5cnc6ccccc6n5,CHEMBL3669434,Kd,7.47
2118503,CN(C)c1cc(nc(n1)C(F)(F)F)N2CC3CN(CC3C2)C(=O)c4ccccc4n5nccn5,CHEMBL3646153,Ki,7.48
2118512,COc1ccc(C(=O)N2CC3CN(CC3C2)c4nc(C)cc(C)n4)c(c1)c5ncccn5,CHEMBL3649224,Ki,7.48
2118522,COc1cccc(c1)C(=O)NCCNc2cccc(NS(=O)(=O)c3cc(ccc3OC)c4cccc(c4)C(=O)N(C)C)c2,CHEMBL3622428,EC50,7.48
2118533,C[C@@H]1CC[C@H](CN1C(=O)c2ccccc2n3nccn3)Oc4cccc(C)n4,CHEMBL3426129,IC50,7.48
2118543,Cc1cnc(C)c(n1)N2CC3CN(CC3C2)C(=O)c4cc(F)ccc4c5ncccn5,CHEMBL3649172,Ki,7.48
2118552,Cc1cnc(C)c(n1)N2CC3CN(CC3C2)C(=O)c4ccccc4n5nccn5,CHEMBL3649115,Ki,7.48
2118561,O=C(N1CCC2CN(C2C1)c3nccc(n3)c4ccccc4)c5ccccc5c6ccccc6,CHEMBL3665615,Ki,7.48
2118571,C[C@@H]1CC[C@H](CN1C(=O)c2cc(C)ccc2n3nccn3)C#Cc4cncc(CO)c4,CHEMBL3235263,Ki,7.5
2118582,C[C@@H]1CC[C@H](CN1C(=O)c2ccccc2CC(F)(F)F)Oc3cc(ccn3)C#N,CHEMBL3426155,IC50,7.5
2118592,C[C@@H]1CS[C@@H](COc2ncc(Cl)c(C)n2)CN1C(=O)c3ccccc3n4nccn4,CHEMBL3672933,Ki,7.5
2118601,C[C@H](NC(=O)COc1cc(C(F)F)c2c(nn(C)c2n1)C3CC3)c4ccc(C)cc4,CHEMBL3665707,Kd,7.5
2118610,Cc1cc(C)cc(NC(=O)[C@@H]2CCCN2S(=O)(=O)c3ccc(Cl)cc3)c1,CHEMBL3667593,IC50,7.5
2118619,Cc1ccc(c(c1)C(=O)N2C3CCC2C(COc4cc(C)nc(n4)C(F)(F)F)C3)n5nccn5,CHEMBL3663476,Ki,7.5
2118628,Cc1ccc(c(c1)C(=O)N2CC3CN(CC3C2)c4nc(C)cc(C)n4)n5nccn5,CHEMBL3649091,Ki,7.5
2118637,O=C1N(Cc2c[nH]c3ccccc23)CCCC14CCN(CC4)c5cnc6ccccc6c5,CHEMBL3669469,Ki,7.5
2118647,COc1ccc(CNC(=O)c2nc(cnc2c3ccccc3)c4cncc(C)c4)nc1OC,CHEMBL3338849,IC50,7.51
2118657,COc1ccc(cc1)S(=O)(=O)N2CCC[C@H]2C(=O)Nc3cccc(Cl)c3,CHEMBL3667566,IC50,7.51
2118667,COc1ccc(cc1S(=O)(=O)Nc2cccc(NCCNC(=O)c3ccccc3Cl)c2)c4cccc(c4)C(=O)N(C)C,CHEMBL3623076,EC50,7.51
2118677,Fc1ccc(c(c1)C(=O)N2CC[C@H]3CN([C@H]3C2)c4cc(ccn4)C(F)(F)F)n5nccn5,CHEMBL3670539,Ki,7.51
2118686,COc1cc(OC)nc(n1)N2CC3CN(CC3C2)C(=O)c4ccccc4c5cccs5,CHEMBL3649099,Ki,7.52
2118696,COc1cc2CCN(Cc2cc1OC)C(=O)[C@H](Cc3ccccc3)NC(=O)c4cc(Cl)cc(Cl)c4,CHEMBL140700,IC50,7.52
2118706,COc1ccc(C(=O)N2CC3CN(CC3C2)c4ncc5cc(F)ccc5n4)c(c1)n6nccn6,CHEMBL3652521,Ki,7.52
2118716,C[C@@H]1CCN(CCN1C(=O)c2cc(C)ccc2n3nccn3)c4ncc(C)c(Cl)n4,CHEMBL3622326,IC50,7.52
2118726,C[C@H](NC(=O)COc1cc(C(F)F)c2c(nn(C)c2n1)c3ccccc3)c4ccc(C)cc4,CHEMBL3665712,Kd,7.52
2118736,Cc1cc(C)nc(n1)N2C[C@H]3CN(C[C@H]3C2)C(=O)c4cc(F)ccc4n5nccn5,CHEMBL3586435,Ki,7.52
2118747,Cc1cc(C)nc(n1)N2C[C@H]3CN(C[C@H]3C2)C(=O)c4ccccc4c5ncn[nH]5,CHEMBL3586437,Ki,7.52
2118758,CC1CCC(CN1C(=O)c2ccccc2n3nccn3)Oc4cc(C)nc5ccccc45,CHEMBL3394835,Ki,7.54
2118769,CCc1nc(C2CC2)c3[C@H](CCc4ccc(cc4)C(F)(F)F)N(CCn13)[C@@H](C(=O)NC)c5ccccc5,CHEMBL2347479,IC50,7.54
2118779,CN1CNC(=N1)c2ccccc2C(=O)N3CC4CN(CC4C3)c5ncc(Cl)c(C)n5,CHEMBL3652468,Ki,7.54
2118788,COc1ccc(cc1)S(=O)(=O)N2CCC[C@H]2C(=O)Nc3ccc(C)c(C)c3,CHEMBL3667571,IC50,7.54
2118798,C[C@@H]1CCN(CCN1C(=O)c2ccccc2n3nccn3)c4nc(N)c5c(C)csc5n4,CHEMBL3260836,IC50,7.54
2118808,Cc1cc(C)nc(n1)N2CC3CCN(CC23)C(=O)c4c(F)cccc4c5ncccn5,CHEMBL3670614,Ki,7.54
2118817,Cc1cc(C)nc(n1)N2CC3CN(CC23)C(=O)c4ccccc4c5cccs5,CHEMBL3665632,Ki,7.54
2118827,Cc1ccnc(NC(=O)[C@@H]2C[C@@]2(COc3cnc(C)nc3C)c4ccccc4)c1,CHEMBL3585950,Ki,7.54
2118837,Cn1cc(CN2CCCC3(CCN(CC3)c4cnc5ccccc5n4)C2=O)c6ccccc16,CHEMBL3669537,Ki,7.54
2118846,CC(CCc1ccccc1)NC(=O)COc2cc(C)c3c(nn(C)c3n2)c4ccccc4,CHEMBL3665675,Kd,7.55
2118855,CC1CCCC(COc2ccc(F)cn2)CN1C(=O)c3ccccc3n4nccn4,CHEMBL3680364,Ki,7.55
2118864,CN(C)c1nc(cc(n1)C(F)(F)F)N2CC3CN(CC3C2)C(=O)c4ccc(F)cc4n5nccn5,CHEMBL3649072,Ki,7.55
2118874,COc1cc2CCN(Cc2cc1OC)C(=O)[C@@H](NCc3cccn3C)C(C)(C)C,CHEMBL140547,IC50,7.55
2118884,COc1ccc(C(=O)N2CC3CN(CC3C2)c4cc(nc(C)n4)N(C)C)c(c1)n5nccn5,CHEMBL3652524,Ki,7.55
2118894,COc1ccc(OC[C@]2(C[C@H]2C(=O)Nc3cc(C)on3)c4ccccc4)cc1OC,CHEMBL3343256,Ki,7.55
2118904,COc1ccc(cc1)S(=O)(=O)N2CCC[C@H]2C(=O)Nc3ccc(F)c(C)c3,CHEMBL3667584,IC50,7.55
2118914,COc1ccc(cc1S(=O)(=O)Nc2cccc(NCCNC(=O)c3ccccc3N(C)C)c2)c4cccc(c4)C(=O)N(C)C,CHEMBL3623079,EC50,7.55
2118925,C[C@@H]1CC[C@H](CN1C(=O)c2cc(C)ccc2n3nccn3)\C=C/c4ccc(F)cn4,CHEMBL3235252,Ki,7.55
2118936,C[C@@H]1CC[C@H](CN1C(=O)c2ccccc2c3ncccn3)Oc4cc(ccn4)C#N,CHEMBL3426150,IC50,7.55
2118946,Cc1cc(C)nc(n1)N2CC3CN(CC3C2)C(=O)c4ccccc4c5nnc[nH]5,CHEMBL3646165,Ki,7.55
2118955,Cc1cc(nc(n1)C(F)(F)F)N2CC3CN(CC3C2)C(=O)c4c(F)cccc4n5nccn5,CHEMBL3649060,Ki,7.55
2118964,Cc1ccc(c(c1)C(=O)N2CC[C@H]3CN([C@H]3C2)c4ccnc(n4)c5ccccc5)C(F)(F)F,CHEMBL3670601,Ki,7.55
2118973,Cc1ccc(c2ncccn2)c(c1)C(=O)N3CCC4CN(C4C3)c5nc(C)cc(C)n5,CHEMBL3670618,Ki,7.55
2118982,Cc1ccc2[C@H](CCc2c1)NC(=O)COc3cc(C)c4c(nn(C)c4n3)C5CC5,CHEMBL3665727,Kd,7.55
2118991,Fc1cccc(C(=O)N2CC[C@H]3CN([C@H]3C2)c4cnc5ccccc5n4)c1n6nccn6,CHEMBL3670526,Ki,7.55
2119001,CCOc1ccc2ccccc2c1C(=O)N3C[C@@H]4CN(C[C@@H]4C3)c5nc(C)cc(C)n5,CHEMBL3586430,Ki,7.57
2119012,COc1ccc(OC[C@]2(C[C@H]2C(=O)c3nc4cc(F)ccc4[nH]3)c5ccccc5)cc1OC,CHEMBL3343257,Ki,7.57
2119022,COc1ccc(cc1)[C@H](C)NC(=O)COc2cc(C(F)F)c3c(nn(C)c3n2)C4CC4,CHEMBL3665706,Kd,7.57
2119031,CSc1cccc(NC(=O)[C@@H]2CCCN2S(=O)(=O)c3ccc4N(C)CCOc4c3)c1,CHEMBL3667553,IC50,7.57
2119041,C[C@@H]1CCN(CCN1C(=O)c2ccccc2n3nccn3)c4ncc(c(C)n4)C(F)(F)F,CHEMBL3622332,IC50,7.57
2119053,C[C@@H]1CCN(CCN1C(=O)c2ccccc2n3nccn3)c4ncc5cc(F)ccc5n4,CHEMBL1083358,IC50,7.57
2119063,Cc1ccc(c(c1)C(=O)N2C3CCC2C(COc4nc(C)cc(C)n4)C3)n5nccn5,CHEMBL3659208,Ki,7.57
2119073,Cc1ccc(c(c1)C(=O)N2CCCN(CC2)c3ncc4ccccc4n3)n5nccn5,CHEMBL469146,IC50,7.57
2119084,Cc1ccnc(n1)N2CCC3(CCCN(Cc4c[nH]c5ccccc45)C3=O)CC2,CHEMBL2435404,Ki,7.57
2119094,Fc1ccc(c(c1)C(=O)N2CC3CN(CC3C2)c4cnc5ccccc5n4)c6ncccn6,CHEMBL3649107,Ki,7.57
2119103,CN(C)c1nc(cc(n1)C(F)(F)F)N2CC3CN(CC3C2)C(=O)c4c(F)cccc4n5nccn5,CHEMBL3649068,Ki,7.59
2119112,COc1ccc(cc1)S(=O)(=O)N2CCC[C@H]2C(=O)Nc3cc(C)ccc3F,CHEMBL3667585,IC50,7.59
2119122,C[C@@H]1CCN(CCN1C(=O)c2cc(C)ccc2n3nccn3)c4ncc(Cl)c(C)n4,CHEMBL3622325,IC50,7.59
2119133,C[C@@H]1CC[C@@H](CCc2ccc(F)cn2)CN1C(=O)c3cc(C)ccc3n4nccn4,CHEMBL3235250,Ki,7.59
2119144,C[C@@H]1CC[C@H](CN1C(=O)c2cc(C)ccc2n3nccn3)C#Cc4cccc(CO)n4,CHEMBL3235260,IC50,7.59
2119154,C[C@H](NC(=O)COc1cc(C)c2c(nn(C)c2n1)c3cncs3)c4ccc(C)cc4,CHEMBL3665699,Kd,7.59
2119163,Cc1cc(C)cc(NC(=O)[C@@H]2CCCN2S(=O)(=O)c3cccc4ccccc34)c1,CHEMBL3667589,IC50,7.59
2119172,Cc1cc(C)nc(c1)N2C[C@@H]3CCN(C[C@H]23)C(=O)c4cc(F)ccc4n5nccn5,CHEMBL3670537,Ki,7.59
2119181,Cc1cc(C)nc(n1)N2CC3CN(CC3C2)C(=O)c4ccccc4c5ncn(C)n5,CHEMBL3652455,Ki,7.59
2119190,Fc1cccc(c1C(=O)N2CC[C@H]3CN([C@H]3C2)c4oc5ccc(Cl)cc5n4)n6nccn6,CHEMBL3670529,Ki,7.59
2119200,CC1(C)OC[C@H](NC(=O)Nc2ccccc2c3ccccc3Cl)[C@@H](O1)c4ccccc4,CHEMBL364814,Ki,7.6
2119210,CCOc1ccc2ccccc2c1C(=O)N3CC4CN(CC4C3)c5nc(C)cc(C)n5,CHEMBL3649040,Ki,7.6
2119220,CCc1nc(c2[C@H](CCc3ccc(cc3)C(F)(F)F)N(CCn12)[C@@H](C(=O)NC)c4ccccc4)S(=O)(=O)C,CHEMBL2347598,IC50,7.6
2119231,CNC(=O)[C@H](N1CCn2c(COC)nc(Cl)c2[C@@H]1CCc3ccc(cc3)C(F)(F)F)c4ccccc4,CHEMBL2347605,IC50,7.6
2119242,COc1cc2CCN(Cc2cc1OC)C(=O)[C@@H](NCc3cccs3)C(C)(C)C,CHEMBL344622,IC50,7.6
2119253,COc1ccc(CNC(=O)c2cc(ncc2c3ccccc3F)c4cncc(C)c4)nc1OC,CHEMBL3338855,IC50,7.6
2119264,COc1ccc(cc1OC)N2C(=O)N(Cc3ccc(F)cc3Cl)c4ccccc4S2(=O)=O,CHEMBL3742141,Ki,7.6
2119274,C[C@@H]1CCN(CCN1C(=O)c2ccccc2n3nccn3)c4nc(N)c5c(C)coc5n4,CHEMBL3260830,Ki,7.6
2119285,C[C@@H]1CC[C@H](CN1C(=O)c2ccccc2c3noc(C)n3)Oc4cc(ccn4)C#N,CHEMBL3426149,IC50,7.6
2119295,C[C@H]1[C@@H](CCCN1C(=O)c2cc(C)ccc2c3ncccn3)Nc4nc(C)cc(C)n4,CHEMBL3704929,Ki,7.6
2119304,Cc1cc(C)cc(NC(=O)[C@@H]2CCCN2S(=O)(=O)c3ccc4ccccc4c3)c1,CHEMBL3667590,IC50,7.6
2119313,Cc1cc(C)nc(n1)N2CC3CN(CC3C2)C(=O)c4ccc(F)cc4c5ncccc5F,CHEMBL3652491,Ki,7.6
2119322,Cc1nc(nc(C)c1C)N2CC3CN(CC3C2)C(=O)c4cccnc4c5cc[nH]n5,CHEMBL3649205,Ki,7.6
2119331,Cc1nc(nc(C)c1C)N2CC3CN(CC3C2)C(=O)c4ncccc4n5nccn5,CHEMBL3652470,Ki,7.6
2119341,Cc1noc(n1)c2ccccc2CN3CCCC4(CCN(CC4)c5cnc6ccccc6n5)C3=O,CHEMBL2413514,Ki,7.6
2119350,Nc1ccccc1C(=N)CN2CCCC3(CCN(CC3)c4cnc5ccccc5n4)C2=O,CHEMBL3669536,Kd,7.6
2119360,CCc1nc(C)c2C(CCc3ccc(cc3)C(F)(F)F)N(CCn12)[C@@H](C(=O)NC)c4ccccc4,CHEMBL2347475,IC50,7.62
2119370,COc1ccc2[C@H](CCc2c1)NC(=O)COc3cc(C)c4c(nn(C)c4n3)C5CC5,CHEMBL3665737,Kd,7.62
2119380,C[C@@H]1CC[C@H](CN1C(=O)c2cc(C)ccc2n3nccn3)C#Cc4ccc(F)cn4,CHEMBL3235253,IC50,7.62
2119391,C[C@@H]1CC[C@H](CN1C(=O)c2cc(C)ccc2n3nccn3)C#Cc4cccnc4O,CHEMBL3235257,Ki,7.62
2119401,Cc1cc(nc(n1)C(F)(F)F)N2CC3CCN(CC23)C(=O)c4ccccc4n5nccn5,CHEMBL3670626,Ki,7.62
2119410,Cc1cc(nc(n1)C(F)(F)F)N2CC3CN(CC3C2)C(=O)c4c(F)cccc4c5ncccn5,CHEMBL3649078,Ki,7.62
2119419,Cc1cnc(nc1C)N2CC3CN(CC3C2)C(=O)c4c(F)cccc4n5nccn5,CHEMBL3652442,Ki,7.62
2119428,O=C(N1CC2CN(CC2C1)c3cnc4ccccc4n3)c5ccccc5c6cccs6,CHEMBL3646170,Ki,7.62
2119437,O=C(N1CCC2CN(C2C1)c3cnc4ccccc4n3)c5ccccc5c6ccccc6,CHEMBL3665614,Ki,7.62
2119447,CCc1nc(C=C)c2C(CCc3ccc(cc3)C(F)(F)F)N(CCn12)[C@@H](C(=O)NC)c4ccccc4,CHEMBL2347480,IC50,7.64
2119458,CCc1nc(I)c2C(CCc3ccc(cc3)C(F)(F)F)N(CCn12)[C@@H](C(=O)NC)c4ccccc4,CHEMBL2347481,IC50,7.64
2119469,COc1ccc(cc1S(=O)(=O)Nc2cccc(NCCNC(=O)c3cccc(C)c3)c2)c4cccc(c4)C(=O)N(C)C,CHEMBL3623075,EC50,7.64
2119479,Cc1cc(C)nc(n1)N2CC3CN(CC3C2)C(=O)c4ccc(F)cc4c5ccccn5,CHEMBL3652503,Ki,7.64
2119488,Cc1cc(nc(n1)N2CC3CN(CC3C2)C(=O)c4c(F)cccc4n5nccn5)C#N,CHEMBL3649231,Ki,7.64
2119498,Cc1nc(C(=O)N2CCCC[C@H]2CNC(=O)c3cccc4cccnc34)c(s1)c5ccc(F)cc5,CHEMBL2413523,IC50,7.64
2119508,Fc1cccc(c1C(=O)N2CC[C@H]3CN([C@H]3C2)c4nccc(n4)C(F)(F)F)n5nccn5,CHEMBL3665651,Ki,7.64
2119517,O=C1N(Cc2c[nH]c3ccccc23)CCCC14CCN(CC4)c5nccc6occc56,CHEMBL3669560,Ki,7.64
2119526,O=C1N(Cc2cccc(c2)c3cnccn3)CCCC14CCN(CC4)c5cnc6ccccc6n5,CHEMBL3669483,Ki,7.64
2119535,CCOc1ccc2ccccc2c1C(=O)N3C4CCC3C(COc5nc(C)cc(C)n5)C4,CHEMBL3659210,Ki,7.66
2119544,CN(C)c1nc(cc(n1)C(F)(F)F)N2CC3CN(CC3C2)C(=O)c4c(F)cccc4c5ncccn5,CHEMBL3649077,Ki,7.66
2119554,COC(=O)c1ccnc(O[C@@H]2CC[C@@H](C)N(C2)C(=O)c3ccccc3n4nccn4)c1,CHEMBL3426138,IC50,7.66
2119564,COc1ccc(C(=O)N2CC3CN(CC3C2)c4cnc5cc(F)c(F)cc5n4)c(c1)n6nccn6,CHEMBL3652522,Ki,7.66
2119574,COc1ccc(CNC(=O)c2cc(cnc2c3cccnc3)c4cc(C)cc(C)c4)cc1,CHEMBL3099888,Ki,7.66
2119585,C[C@@H]1CC[C@H](COc2ccc(F)c(C)c2)CN1C(=O)c3cc(C)ccc3n4nccn4,CHEMBL3769978,Ki,7.66
2119596,C[C@H](NC(=O)COc1cc(C)c2c(nn(C)c2n1)c3cnccn3)c4ccc(C)cc4,CHEMBL3634025,Kd,7.66
2119605,C[C@H](NC(=O)COc1cc(C)c2c(nn(C)c2n1)c3ncccc3F)c4ccc(C)cc4,CHEMBL3665692,Kd,7.66
2119614,Cc1cc(C)cc(NC(=O)[C@@H]2CCCN2S(=O)(=O)c3ccc(Br)cc3C)c1,CHEMBL3667604,IC50,7.66
2119624,CCOC(=O)c1ccccc1C(=O)N2C[C@@H](CC[C@H]2C)Oc3cc(ccn3)C#N,CHEMBL3426152,IC50,7.68
2119635,COC(=O)c1ccccc1C(=O)N2C[C@@H](CC[C@H]2C)Oc3cc(ccn3)C#N,CHEMBL3426151,IC50,7.68
2119646,COc1ccc(CNC(=O)c2cc(ncc2c3ccccc3)c4cncc(C)c4)nc1OC,CHEMBL3338848,IC50,7.68
2119656,C[C@H](NC(=O)COc1cc(C)c2c(nn(C)c2n1)c3cccc(C)n3)c4ccc(C)cc4,CHEMBL3665702,Kd,7.68
2119665,Cc1cc(C)nc(n1)N2CC3CCN(CC23)C(=O)c4ccccc4c5ncccn5,CHEMBL3670620,Ki,7.68
2119674,Cc1cc(C)nc(n1)N2CC3CN(CC3C2)C(=O)c4cccc(F)c4c5ncccc5F,CHEMBL3652511,Ki,7.68
2119684,Cc1cc(C)nc(n1)N2CCC3(CCCN(Cc4cn(C)c5ccccc45)C3=O)CC2,CHEMBL2435401,Ki,7.68
2119695,Cc1cnc(OC[C@]2(C[C@H]2C(=O)Nc3ccc(cn3)C#N)c4ccccc4)c(C)n1,CHEMBL3585941,Ki,7.68
2119707,CC1(C)OC[C@H](NC(=O)Nc2ccc(Cl)cc2Cl)[C@@H](O1)c3ccccc3,CHEMBL185136,Ki,7.7
2119718,CCc1nc(CC)n2CCN([C@@H](C(=O)NC)c3ccccc3)C(CCc4ccc(cc4)C(F)(F)F)c12,CHEMBL2347476,IC50,7.7
2119728,COc1ccc(cc1)S(=O)(=O)N2CCC[C@H]2C(=O)Nc3cc(Cl)cc(Cl)c3,CHEMBL3667564,IC50,7.7
2119737,COc1ccc(cn1)C(C)NC(=O)COc2cc(c3c(nn(C)c3n2)c4ccccc4)C(F)(F)F,CHEMBL3665687,Kd,7.7
2119746,Cc1cc(C)nc(n1)N2CC3CCN(CC23)C(=O)c4cc(F)ccc4c5ncccn5,CHEMBL3670615,Ki,7.7
2119755,Cc1cc(C)nc(n1)N2CC3CN(CC3C2)C(=O)c4cc(I)ccc4n5nccn5,CHEMBL3649067,Ki,7.7
2119764,O=C(N1CCC2CN(C2C1)c3cnc4ccccc4n3)c5ccccc5n6nccn6,CHEMBL3670628,Ki,7.7
2119774,CCCCNC(=O)C(N1CCc2cc(OC)c(OC)cc2C1CCc3ccc(F)c(F)c3)c4ccccc4,CHEMBL489686,IC50,7.72
2119784,COc1ccc(cc1)S(=O)(=O)N2CCC[C@H]2C(=O)Nc3cccc(c3)N(C)C,CHEMBL3667570,IC50,7.72
2119793,COc1ccnc(n1)c2nn(C)c3nc(OCC(=O)N[C@@H](C)c4ccc(C)cc4)cc(C)c23,CHEMBL3665698,Kd,7.72
2119803,C[C@@H]1CC[C@H](CN1C(=O)c2ccccc2n3nccn3)c4oc(C5CC5)c(n4)C(C)(C)O,CHEMBL3597956,IC50,7.72
2119813,C[C@H](NC(=O)COc1cc(C)c2c(nn(C)c2n1)c3ccc(C)cn3)c4ccc(C)cc4,CHEMBL3665695,Kd,7.72
2119822,Cc1cc(C)cc(NC(=O)[C@@H]2CCCN2S(=O)(=O)c3ccc(Cl)c(c3)C(F)(F)F)c1,CHEMBL3667600,IC50,7.72
2119831,Cc1cc(C)nc(n1)N2CC3CN(CC3C2)C(=O)c4cc(F)ccc4c5occn5,CHEMBL3652530,Ki,7.72
2119840,Cc1cc(C)nc(n1)N2CC3CN(CC3C2)C(=O)c4ccc(F)cc4c5occn5,CHEMBL3652505,Ki,7.72
2119849,Cc1cc(C)nc(n1)N2CC3CN(CC3C2)C(=O)c4ccc(F)cc4n5nccn5,CHEMBL3649079,Ki,7.72
2119858,Cc1nc(ncc1F)N2CC3CN(CC3C2)C(=O)c4c(F)cccc4n5nccn5,CHEMBL3652440,Ki,7.72
2119867,Cc1nc(ncc1F)N2CC3CN(CC3C2)C(=O)c4ccccc4n5nccn5,CHEMBL3652437,Ki,7.72
2119876,O=C1N(Cc2ccccc2c3occn3)CCCC14CCN(CC4)c5cnc6ccccc6n5,CHEMBL3669554,Ki,7.72
2119885,C[C@@H]1CC[C@H](CN1C(=O)c2ccccc2n3nccn3)Oc4cccc5ocnc45,CHEMBL3694265,Ki,7.74
2119895,CCN(CCN(C)c1oc2ccccc2n1)C(=O)c3cc(C)ccc3n4nccn4,CHEMBL3770745,IC50,7.75
2119908,COc1ccc(CNC(=O)c2cc(cnc2c3ccccn3)c4cncc(Cl)c4)nc1OC,CHEMBL3338866,IC50,7.75
2119919,COc1ccc(Cl)c(C[C@@H]2CCCN2C(=O)c3nc(C)sc3c4cccc(C)c4)c1,CHEMBL3740773,IC50,7.75
2119928,COc1ccc(cc1)S(=O)(=O)N2CCC[C@H]2C(=O)Nc3ccc(Cl)c(C)c3,CHEMBL3667586,IC50,7.75
2119937,COc1ccc2[C@H](CCc2c1)NC(=O)COc3cc(c4c(nn(C)c4n3)C5CC5)C(F)(F)F,CHEMBL3665726,Kd,7.75
2119947,C[C@@H]1CC[C@H](CN1C(=O)c2ccccc2n3nccn3)Oc4cc(ccn4)C(F)(F)F,CHEMBL3426135,IC50,7.75
2119958,C[C@@H]1CC[C@H](CN1C(=O)c2ccccc2n3nccn3)Oc4ccnc5c(F)cccc45,CHEMBL3394842,IC50,7.75
2119969,Cc1cc(C)cc(c1)c2cnc(c3cccnc3)c(c2)C(=O)NCc4ccc(F)c(C)c4,CHEMBL3099891,Ki,7.75
2119979,Cc1cc(C)nc(n1)N2CC3CN(CC3C2)C(=O)c4ccc(Cl)cc4n5nccn5,CHEMBL3649089,Ki,7.75
2119989,Cc1cc(C)nc(n1)N2CC[C@@H]3CN([C@H]3C2)C(=O)c4cc(F)ccc4n5nccn5,CHEMBL2413513,Ki,7.75
2120000,Cc1ccc(c(c1)C(=O)N2CCCC(C2)Oc3cccc4ccccc34)n5nccn5,CHEMBL3394827,Ki,7.75
2120010,Cc1noc(n1)c2ccccc2C(=O)N3CC4CN(CC4C3)c5nc(C)c6CCCc6n5,CHEMBL3652466,Ki,7.75
2120019,Fc1cc2cnc(nc2cc1F)N3CC4CN(CC4C3)C(=O)c5cccc(F)c5n6nccn6,CHEMBL3649200,Ki,7.75
2120028,Fc1cccc(c1C(=O)N2CC[C@H]3CN([C@H]3C2)c4cnc5ccccc5n4)n6nccn6,CHEMBL3670527,Ki,7.75
2120038,Cc1cc(C)nc(n1)N2CCC3(CCCN(Cc4nn(C)cc4c5ccccc5)C3=O)CC2,CHEMBL2435394,Ki,7.76
2120048,COc1ccc(C(=O)N2CC3CN(CC3C2)c4ncc(F)c(C)n4)c(c1)n5nccn5,CHEMBL3652513,Ki,7.77
2120057,COc1ccc(c(c1)C(=O)N2CC3CN(CC3C2)c4nc(C)c(C)c(C)n4)n5nccn5,CHEMBL3649197,Ki,7.77
2120066,COc1ccc(c(c1)C(=O)N2CC[C@H]3CN([C@H]3C2)c4cc(C)cc(C)n4)n5nccn5,CHEMBL3670559,Ki,7.77
2120075,COc1ccc(cc1)S(=O)(=O)N2CCC[C@H]2C(=O)Nc3cccc(C)c3,CHEMBL3667568,IC50,7.77
2120084,COc1ccnc(c1)c2nn(C)c3nc(OCC(=O)N[C@@H](C)c4ccc(C)cc4)cc(C)c23,CHEMBL3665721,Kd,7.77
2120093,CSc1cccc(NC(=O)[C@@H]2CCCN2S(=O)(=O)c3ccc(cc3)C(F)(F)F)c1,CHEMBL3667556,IC50,7.77
2120104,C[C@@H]1CC[C@@H](COc2ccc(F)cn2)CN1C(=O)c3cc(C)ccc3c4ncccn4,CHEMBL2107822,IC50,7.77
2120114,C[C@H](NC(=O)COc1cc(C)c2c(nn(C)c2n1)C3CC3)c4ccc(C)cc4,CHEMBL3665736,Kd,7.77
2120123,C[C@H](NC(=O)COc1cc(C)c2c(nn(C)c2n1)c3occn3)c4ccc(C)cc4,CHEMBL3665693,Kd,7.77
2120133,Cc1cc(C)cc(c1)c2cnc(c3cccnc3)c(c2)C(=O)NCc4ccc5OCOc5c4,CHEMBL3099884,Ki,7.77
2120143,Cc1cc(C)nc(n1)N2CC3CN(CC3C2)C(=O)c4cccc(F)c4c5occn5,CHEMBL3652512,Ki,7.77
2120152,Cc1cc(C)nc(n1)N2CC3CN(CC3C2)C(=O)c4ccccc4c5ccccn5,CHEMBL3649032,Ki,7.77
2120161,Cc1cc(nc(n1)N2CC3CN(CC3C2)C(=O)c4c(F)cccc4n5nccn5)C6CC6,CHEMBL3652449,Ki,7.77
2120170,Cc1ccc(c2ncccn2)c(c1)C(=O)N3CC4CN(CC4C3)c5nc(C)cc(C)n5,CHEMBL3649064,Ki,7.77
1724106,Cc1ncc(OC[C@]2(C[C@H]2C(=O)Nc3ccc(F)cn3)c4ccccc4F)c(C)n1,CHEMBL3585953,Ki,7.77
2120181,Clc1ccc2oc(nc2c1)N3C[C@@H]4CCN(C[C@H]34)C(=O)c5ccccc5n6nccn6,CHEMBL3670528,Ki,7.77
2120191,Cc1cc(C)nc(n1)N2CCC3(CCCN(Cc4c[nH]c5ncccc45)C3=O)CC2,CHEMBL2435399,Ki,7.79
2120202,CC(NC(=O)COc1cc(c2c(nn(C)c2n1)c3ccccc3)C(F)(F)F)c4c(C)n[nH]c4C,CHEMBL3634008,Kd,7.8
2120211,CN(C)c1nc(cc(n1)C(F)(F)F)N2CC3CCN(CC23)C(=O)c4ccc(F)cc4n5nccn5,CHEMBL3670627,Ki,7.8
2120221,COc1ccc(CCC2CCCCN2C(=O)c3cc(C)ccc3n4nccn4)cc1OC,CHEMBL3742247,IC50,7.8
2120231,COc1ccc(CNC(=O)c2cc(ncc2c3cccc(F)c3)c4cncc(C)c4)nc1OC,CHEMBL3338856,IC50,7.8
2120242,COc1ccc(CNC(=O)c2cc(ncc2c3nccs3)c4cncc(C)c4)nc1OC,CHEMBL3338865,IC50,7.8
2120252,COc1ccc(c(c1)C(=O)N2CC[C@H]3CN([C@H]3C2)c4nc(C)cc(C)n4)n5nccn5,CHEMBL3670543,Ki,7.8
2120261,COc1ccc(cc1)S(=O)(=O)N2CCC[C@H]2C(=O)Nc3cc(OC)cc(OC)c3,CHEMBL3667574,IC50,7.8
2120271,COc1cccc(C[C@@H]2CCCN2C(=O)c3nc(C)sc3c4cccc(C)c4)c1Cl,CHEMBL3741058,IC50,7.8
2120281,C[C@@H]1CC[C@H](CN1C(=O)c2ccccc2n3nccn3)Oc4cc(C)ccn4,CHEMBL3426131,IC50,7.8
2120292,C[C@@H]1CC[C@H](CN1C(=O)c2ccccc2n3nccn3)Oc4cc(ccn4)S(=O)(=O)C,CHEMBL3426146,IC50,7.8
2120303,Cc1ccc(c(c1)C(=O)N2CCCC(COc3ccc(F)c(C)c3)C2)n4nccn4,CHEMBL3394825,Ki,7.8
2120313,Cc1nc(nc(C)c1Cl)N2CC3CN(CC3C2)C(=O)c4ncccc4n5nccn5,CHEMBL3652471,Ki,7.8
2120322,Cc1nc(nc(C)c1F)N2CC3CN(CC3C2)C(=O)c4ncccc4n5nccn5,CHEMBL3652472,Ki,7.8
2120331,Fc1cc2ncc(nc2cc1F)N3CC4CN(CC4C3)C(=O)c5cccc(F)c5c6ncccn6,CHEMBL3652520,Ki,7.8
2120340,Fc1ccc2nc(ncc2c1)N3CC4CN(CC4C3)C(=O)c5cccc(F)c5c6ncccn6,CHEMBL3649199,Ki,7.8
2120349,CC(C)c1cc(C)nc(n1)N2CC3CN(CC3C2)C(=O)c4ccccc4n5nccn5,CHEMBL3652446,Ki,7.82
2120358,CN(C)c1nc(cc(n1)C(F)(F)F)N2CC3CCN(CC23)C(=O)c4cc(F)ccc4n5nccn5,CHEMBL3670635,Ki,7.82
2120367,CN(C)c1nc(cc(n1)C(F)(F)F)N2CC3CN(CC3C2)C(=O)c4ccccc4n5nccn5,CHEMBL3649082,Ki,7.82
2120376,COc1ccc(C(=O)N2CC3CN(CC3C2)c4ncc(C)c(C)n4)c(c1)n5nccn5,CHEMBL3652516,Ki,7.82
2120385,COc1ccc(C(=O)N2C[C@@H](CC[C@H]2C)Oc3cc(ccn3)C#N)c(n1)n4nccn4,CHEMBL3642130,Ki,7.82
2120395,C[C@@H]1CC[C@@H](COc2ccc(F)cn2)CN1C(=O)c3cc(C)ccc3n4nccn4,CHEMBL3235249,IC50,7.82
2120405,C[C@@H]1CC[C@H](CN1C(=O)c2sccc2n3nccn3)Oc4cc(ccn4)C#N,CHEMBL3642128,Ki,7.82
2120414,C[C@@H]1CS[C@@H](COc2ccccn2)CN1C(=O)c3ccccc3n4nccn4,CHEMBL3672936,Ki,7.82
2120423,Cc1cc(C)nc(n1)N2CC3CCN(CC23)C(=O)c4ccccc4n5cccc5,CHEMBL3670609,Ki,7.82
2120432,Cc1cc(C)nc(n1)N2CC3CCN(CC23)C(=O)c4ccccc4n5nccn5,CHEMBL3670619,Ki,7.82
2120441,Cc1cc(C)nc(n1)N2CC3CN(CC3C2)C(=O)c4cccc(F)c4c5ccccn5,CHEMBL3652504,Ki,7.82
2120450,Cc1cc(C)nc(n1)N2C[C@@H]3CCN(C[C@H]23)C(=O)c4cc(F)ccc4c5cc[nH]n5,CHEMBL3670578,Ki,7.82
2120459,Cc1cc(C)nc(n1)N2C[C@@H]3CCN(C[C@H]23)C(=O)c4cccc(C)c4n5nccn5,CHEMBL3670544,Ki,7.82
2120468,Cc1cc(nc(n1)C(F)(F)F)N2CC3CN(CC3C2)C(=O)c4ccc(F)cc4n5nccn5,CHEMBL3649061,Ki,7.82
2120477,CC1CCCC(COc2ccc(F)cn2)CN1C(=O)c3cc(C)ccc3c4ncccn4,CHEMBL3680369,Ki,7.85
2120487,CCc1nc(SC)c2[C@H](CCc3ccc(cc3)C(F)(F)F)N(CCn12)[C@@H](C(=O)NC)c4ccccc4,CHEMBL2347487,IC50,7.85
2120498,CN(Cc1ccccc1)C(=O)Cn2nc(c3ccccc23)S(=O)(=O)Cc4ccccc4,CHEMBL2413082,IC50,7.85
2120508,COc1cc(nc(n1)N(C)C)N2CC3CN(CC3C2)C(=O)c4ccccc4n5nccn5,CHEMBL3646156,Ki,7.85
2120518,COc1cc2CCN(C(C(=O)NCC3CC3)c4ccccc4)C(CCc5ccc(F)c(F)c5)c2cc1OC,CHEMBL454924,IC50,7.85
2120529,COc1ccc(CNC(=O)c2cc(ccc2c3ccccc3)c4cncc(C)c4)nc1OC,CHEMBL3338852,IC50,7.85
2120541,COc1ccc(OC[C@]2(C[C@H]2C(=O)Nc3ccc(cn3)C#N)c4ccccc4)cc1OC,CHEMBL3343259,Ki,7.85
2120552,COc1ccc(OC[C@]2(C[C@H]2C(=O)Nc3nc(C)cs3)c4ccccc4)cc1OC,CHEMBL3343255,Ki,7.85
2120562,COc1ccc2[C@H](CCc2c1)NC(=O)COc3cc(C(F)F)c4c(nn(C)c4n3)C5CC5,CHEMBL3665725,Kd,7.85
2120572,COc1ccnc(n1)N2CCC3(CCCN(Cc4c[nH]c5ccccc45)C3=O)CC2,CHEMBL2435402,Ki,7.85
2120583,C[C@@H]1CC[C@H](CN1C(=O)c2ccccc2n3nccn3)c4nc(c(C)s4)C(C)(C)O,CHEMBL3597959,IC50,7.85
2120594,C[C@@H]1CC[C@H](CN1C(=O)c2cscc2n3nccn3)c4csc(n4)C(C)(C)O,CHEMBL3597958,IC50,7.85
2120604,C[C@H](NC(=O)COc1cc(c2c(nn(C)c2n1)C3CC3)C(F)(F)F)c4ccc(C)cc4,CHEMBL3665708,Kd,7.85
2120613,Cc1cc(C)cc(NC(=O)[C@@H]2CCCN2S(=O)(=O)c3ccc(cc3Cl)C(F)(F)F)c1,CHEMBL3667598,IC50,7.85
2120622,Cc1cc(C)nc(n1)N2CC3CN(CC3C2)C(=O)c4cc(F)ccc4c5ncccn5,CHEMBL3649037,Ki,7.85
1723788,Cc1cc(C)nc(n1)N2C[C@H]3CN(C[C@H]3C2)C(=O)c4cccc(F)c4n5nccn5,CHEMBL3586433,Ki,7.85
2120633,Cc1cc(nc2ccccc12)N3CCC4(CCCN(Cc5c[nH]c6ccccc56)C4=O)CC3,CHEMBL3669568,Ki,7.85
2120643,Cc1ccc(c(c1)C(=O)N2C[C@@H]3CC[C@H]2CCN3c4ncc5ccc(F)cc5n4)n6nccn6,CHEMBL1170179,Ki,7.85
2120654,Cc1nc(C(=O)N2CCCC[C@H]2CCOc3ccc(F)cc3)c(s1)c4ccccc4,CHEMBL3597953,IC50,7.85
2120664,FC(F)C(F)(F)Oc1ccccc1C(=O)N2CC[C@H]3CN([C@H]3C2)c4ccnc(n4)c5ccccc5,CHEMBL3670602,Ki,7.85
2120674,C[C@@H]1CC[C@H](CN1C(=O)c2ccccc2n3ncnn3)c4oc(C)c(n4)C(C)(C)O,CHEMBL3597957,IC50,7.87
2120684,CC1CCCC(COc2ccc(F)cn2)CN1C(=O)c3cc(C)ccc3c4occn4,CHEMBL3680367,Ki,7.89
2120694,CN1CCOc2c1cccc2C(=O)NCC3CCN3C(=O)c4nc(C)sc4c5cccc(C)c5,CHEMBL2413368,IC50,7.89
2120705,CNC(=O)[C@H](N1CCn2c(C)nc(Cl)c2[C@@H]1CCc3ccc(cc3)C(F)(F)F)c4ccccc4,CHEMBL2347603,IC50,7.89
2120715,COc1cc(OC)nc(n1)N2CC3CN(CC3C2)C(=O)c4c(F)cccc4c5ncccn5,CHEMBL3649031,Ki,7.89
2120725,COc1ccc(CNC(=O)c2cc(cnc2c3ccccc3)c4cncc(C)c4)nc1OC,CHEMBL3338846,IC50,7.89
2120736,COc1ccnc(O[C@@H]2CC[C@@H](C)N(C2)C(=O)c3ccccc3n4nccn4)c1,CHEMBL3426144,IC50,7.89
2120747,C[C@@H]1CC[C@H](CN1C(=O)c2ccccc2n3nccn3)Oc4cc(ccn4)C#N,CHEMBL3426137,IC50,7.89
2120758,C[C@H](NC(=O)COc1cc(C)c2c(nn(C)c2n1)c3ncccn3)c4ccc(C)cc4,CHEMBL3634024,Kd,7.89
2120767,Cc1cc(C)nc(n1)N2CC3CCN(CC23)C(=O)c4ccc(F)cc4n5nccn5,CHEMBL3670622,Ki,7.89
2120776,Cc1cc(C)nc(n1)N2CC3CN(CC3C2)C(=O)c4cccc(F)c4c5onc(C)n5,CHEMBL3652461,Ki,7.89
2120785,Cc1cc(C)nc(n1)N2CC3CN(CC3C2)C(=O)c4cccc(F)c4n5nccn5,CHEMBL3646166,Ki,7.89
2120794,Cc1cc(nc(C)n1)N2CC3CCN(CC23)C(=O)c4c(F)cccc4n5nccn5,CHEMBL3670623,Ki,7.89
2120803,Cc1ccc(c(c1)C(=O)N2CCC3CN(C3C2)c4nc(C)cc(C)n4)n5nccn5,CHEMBL3670617,Ki,7.89
2120812,C[C@@H]1CC[C@H](CN1C(=O)c2cccc(F)c2c3ncccn3)Oc4cc(ccn4)C#N,CHEMBL3642146,Ki,7.91
2120822,COc1ccc(C[C@@H]2CCCN2C(=O)c3ccccc3c4onc(C)n4)cc1OC,CHEMBL3739613,IC50,7.92
2120831,COc1ccc(cc1)S(=O)(=O)N2CCC[C@H]2C(=O)Nc3ccc4CCCc4c3,CHEMBL3667580,IC50,7.92
2120840,COc1cccc(c1C(=O)N2C3CCC2C(COc4ccc(F)cn4)C3)n5nccn5,CHEMBL3663413,Ki,7.92
2120849,Cc1cc(C)nc(n1)N2CC3CCN(CC23)C(=O)c4cc(F)ccc4n5nccn5,CHEMBL3670630,Ki,7.92
2120858,Cc1cc(C)nc(n1)N2CC3CN(CC3C2)C(=O)c4ccccc4n5nccn5,CHEMBL3649046,Ki,7.92
2120868,Cc1cc(C)nc(n1)N2C[C@@H]3CCN(C[C@H]23)C(=O)c4cc(F)ccc4n5nccn5,CHEMBL2413512,Ki,7.92
2120879,Cc1cc(C)nc(n1)N2C[C@H]3CN(C[C@H]3C2)C(=O)c4ccccc4n5nccn5,CHEMBL3586432,Ki,7.92
2120889,Fc1ccc(OCC2CC3CCC2N3C(=O)c4ccccc4c5cccs5)nc1,CHEMBL3659181,Ki,7.92
2120899,Fc1ccc(OC[C@@H]2CC3CCC2N3C(=O)c4ccccc4c5cccs5)nc1,CHEMBL3597966,Ki,7.92
2120910,O=C1CCCC2(CCN(CC2)c3oc4ccccc4n3)N1Cc5cccc6[nH]ccc56,CHEMBL2435409,Kd,7.92
2120919,COc1ccc(C(=O)N2C[C@@H](CC[C@H]2C)Oc3cc(ccn3)C#N)c(n1)C4CC4,CHEMBL3642133,Ki,7.94
2120928,CC1COCC(COc2ccc(F)c(C)c2)CN1C(=O)c3ccccc3n4nccn4,CHEMBL3680371,Ki,7.96
2120937,CCOc1ccc2ccccc2c1C(=O)N3C4CCC3C(COc5ccc(F)cn5)C4,CHEMBL3659197,Ki,7.96
2120947,CCc1ccnc(O[C@@H]2CC[C@@H](C)N(C2)C(=O)c3ccccc3n4nccn4)c1,CHEMBL3426134,IC50,7.96
2120958,CCc1nc(c2[C@H](CCc3ccc(cc3)C(F)(F)F)N(CCn12)[C@@H](C(=O)NC)c4ccccc4)C(F)(F)F,CHEMBL2347484,IC50,7.96
2120969,CNC(=O)[C@H](N1CCn2c(nc(Cl)c2[C@@H]1CCc3ccc(cc3)C(F)(F)F)C(C)C)c4ccccc4,CHEMBL2347606,IC50,7.96
2120979,COc1ccc(C(=O)N2CC3CN(CC3C2)c4nc(C)cc(C)n4)c(c1)n5nccn5,CHEMBL3649240,Ki,7.96
2120989,COc1ccc(CNC(=O)c2cc(nnc2c3ccccc3)c4cncc(C)c4)nc1OC,CHEMBL3338851,Ki,7.96
2121000,COc1ccc(CNC(=O)c2nc(ncc2c3ccccc3)c4cncc(C)c4)nc1OC,CHEMBL3338850,Ki,7.96
2121011,COc1ccc(cc1)S(=O)(=O)N2CCC[C@H]2C(=O)Nc3cc(C)cc(C)c3,CHEMBL3597952,IC50,7.96
2121022,C[C@@H]1CC[C@H](CN1C(=O)c2ccccc2n3nccn3)Oc4cc(Cl)ccn4,CHEMBL3426141,IC50,7.96
2121032,Cc1cc(C)nc(n1)N2CC3CCN(CC23)C(=O)c4c(F)cccc4n5nccn5,CHEMBL3670621,Ki,7.96
2121042,Cc1ccc(c(c1)C(=O)N2CC3CC2CN(C3)c4ncc5ccccc5n4)n6nccn6,CHEMBL1091111,Ki,7.96
2121052,Cc1nc(nc(C)c1C)N2C[C@@H]3CCN(C[C@H]23)C(=O)c4ccccc4n5nccn5,CHEMBL3670636,Ki,7.96
2121061,Fc1cccc(c1C(=O)N2CC3CN(CC3C2)c4cnc5cc(F)c(F)cc5n4)n6nccn6,CHEMBL3649202,Ki,7.96
2121071,O=C(CCc1nc2ccccc2[nH]1)N3CCC[C@H]3C(=O)Nc4ccccc4n5cccc5,CHEMBL404153,Ki,7.96
2121082,O=C(CSc1nc2ccccc2[nH]1)N3CCC[C@H]3C(=O)Nc4ccc(cc4)c5ccccc5,CHEMBL256788,Ki,7.96
2121092,CC1CCCC(COc2ccc(F)c(C)c2)CN1C(=O)c3cc(C)ccc3c4ncccn4,CHEMBL3680366,Ki,8.0
2121101,CC1CCCC(COc2ccc(F)c(C)c2)CN1C(=O)c3ccccc3n4nccn4,CHEMBL3680362,Ki,8.0
2121110,CCc1c(C)nc(nc1C)N2CC3CN(CC3C2)C(=O)c4ccccc4c5ncn(C)n5,CHEMBL3652469,Ki,8.0
2121120,CCc1nc(C#N)c2C(CCc3ccc(cc3)C(F)(F)F)N(CCn12)[C@@H](C(=O)NC)c4ccccc4,CHEMBL2347599,IC50,8.0
2121131,CCn1cc(OCC2(CC2C(=O)Nc3ccc(cn3)C#N)c4ccccc4)c(C)n1,CHEMBL3585936,Ki,8.0
2121141,COc1ccc(C(=O)N2CC3CN(CC3C2)c4ncc(Cl)c(C)n4)c(c1)n5nccn5,CHEMBL3652514,Ki,8.0
2121151,COc1ccc(cc1)c2sc(C)nc2C(=O)N3CCC[C@H]3Cc4ccc(OC)c(OC)c4,CHEMBL3740186,IC50,8.0
2121161,COc1ccc(cc1OC)N2C(=O)N(Cc3ccc(Cl)cc3F)c4ccccc4S2(=O)=O,CHEMBL3740284,Ki,8.0
2121170,CSc1cccc(NC(=O)[C@@H]2CCCN2S(=O)(=O)c3ccc(Br)cc3)c1,CHEMBL3667561,IC50,8.0
2121180,CSc1cccc(NC(=O)[C@@H]2CCCN2S(=O)(=O)c3ccc(Br)s3)c1,CHEMBL3667549,IC50,8.0
2121190,C[C@@H]1CC[C@H](CN1C(=O)c2ccccc2n3nccn3)Oc4cc(Br)ccn4,CHEMBL3426142,IC50,8.0
2121201,C[C@@H]1CC[C@H](CN1C(=O)c2ccccc2n3nccn3)Oc4cc(ccn4)C#C,CHEMBL3426136,IC50,8.0
2121212,C[C@@H]1CC[C@H](CN1C(=O)c2ccccc2n3ncnn3)Oc4cc(ccn4)C(F)(F)F,CHEMBL3597962,IC50,8.0
2121223,C[C@H](NC(=O)COc1cc(c2c(nn(C)c2n1)c3ccccc3)C(F)(F)F)c4c(C)nn(C)c4C,CHEMBL3634021,Ki,8.0
2121233,Cc1cc(C)nc(OCC2CC3CCC2N3C(=O)c4ccccc4c5cccs5)n1,CHEMBL3659214,Ki,8.0
2121242,Cc1cc(C)nc(n1)N2CC3CN(CC3C2)C(=O)c4cccc(F)c4c5ncccn5,CHEMBL3649235,Ki,8.0
2121252,Cc1cc(C)nc(n1)N2C[C@H]3CN(C[C@H]3C2)C(=O)c4c(F)cccc4n5nccn5,CHEMBL3586436,Ki,8.0
2121263,Cc1cc(C)nc(n1)N2C[C@H]3CN(C[C@H]3C2)C(=O)c4ccc(F)cc4n5nccn5,CHEMBL3586434,Ki,8.0
2121274,Cc1cccc(c1)c2sc(C)nc2C(=O)N3CCC[C@H]3Cc4ccc(C)c(Cl)c4,CHEMBL3739577,IC50,8.0
2121283,Cc1nc(ncc1Cl)N2CC3CN(CC3C2)C(=O)c4c(F)cccc4n5nccn5,CHEMBL3652463,Ki,8.0
2121292,O=C(N1CCC2CN(C2C1)c3cnc4ccccc4n3)c5ccccc5c6occc6,CHEMBL3670608,Ki,8.0
2121302,CC1CCC(CN1C(=O)c2ccccc2n3nccn3)Oc4cccc5cccnc45,CHEMBL3394834,Ki,8.01
2121312,CC1CCCC(COc2ccc(F)cn2)CN1C(=O)c3cc(C)ccc3n4nccn4,CHEMBL3680363,Ki,8.01
2121321,C[C@@H]1CS[C@@H](COc2ccc(C)cn2)CN1C(=O)c3ccccc3n4nccn4,CHEMBL3672928,Ki,8.01
2121331,Cc1cc(C)nc(n1)N2C[C@H]3CN(C[C@H]3C2)C(=O)c4ccccc4c5cccs5,CHEMBL3586426,Ki,8.01
2121342,CC1CCC(CN1C(=O)c2ccccc2n3nccn3)Oc4cccc5ccncc45,CHEMBL3394831,Ki,8.03
2121352,C[C@@H]1CC[C@H](CN1C(=O)c2cc(Br)ccc2n3nccn3)Oc4cc(ccn4)C#N,CHEMBL3642129,Ki,8.04
2121361,CC(C)c1cc(C)nc(n1)N2CC3CN(CC3C2)C(=O)c4c(F)cccc4n5nccn5,CHEMBL3652445,Ki,8.05
2121371,CCc1nc(Cl)c2[C@H](CCc3ccc(cc3)C(F)(F)F)N(CCn12)[C@@H](C(=O)NC)c4ccccc4,CHEMBL2347482,IC50,8.05
2121382,CNC(=O)[C@H](N1CCn2c(nc(Cl)c2[C@@H]1CCc3ccc(cc3)C(F)(F)F)C4CC4)c5ccccc5,CHEMBL2347607,IC50,8.05
2121393,COCc1nc(C)ncc1OC[C@]2(C[C@H]2C(=O)Nc3ccc(cn3)C#N)c4ccccc4,CHEMBL3585942,Ki,8.05
2121403,COc1cc(C)nc(n1)N2CC3CN(CC3C2)C(=O)c4c(F)cccc4n5nccn5,CHEMBL3652443,Ki,8.05
2121412,COc1ccc(C(=O)N2CC3CN(CC3C2)c4nc(C)c(F)c(C)n4)c(c1)n5nccn5,CHEMBL3652515,Ki,8.05
2121422,COc1ccc(CNC(=O)c2cc(nc3onc(c4ccccc4)c23)c5cncc(C)c5)nc1OC,CHEMBL3338853,Ki,8.05
2121432,COc1ccc(cc1)S(=O)(=O)N2CCC[C@H]2C(=O)Nc3cccc(c3)C(F)(F)F,CHEMBL3667565,IC50,8.05
2121441,CSc1cccc(NC(=O)[C@@H]2CCCN2S(=O)(=O)c3ccc(Cl)cc3)c1,CHEMBL3667557,IC50,8.05
2121451,C[C@@H]1CC[C@H](CN1C(=O)c2ccccc2n3nccn3)Oc4ccc(C)cn4,CHEMBL3426130,IC50,8.05
2121462,C[C@@H]1CC[C@H](CN1C(=O)c2ccsc2n3nccn3)Oc4ncccc4C(C)(C)O,CHEMBL3597961,IC50,8.05
2121473,Cc1cc(C)nc(n1)N2CC3CN(CC3C2)C(=O)c4c(F)cccc4n5nccn5,CHEMBL3597971,Ki,8.05
2121482,Cc1cc(C)nc(n1)N2C[C@@H]3CCN(C[C@H]23)C(=O)c4cccc(F)c4c5cc[nH]n5,CHEMBL3670591,Ki,8.05
2121491,CC1COCC(COc2ccc(F)c(C)c2)CN1C(=O)c3cc(C)ccc3n4nccn4,CHEMBL3680370,Ki,8.06
2121501,C[C@H]1CCN(CCN1C(=O)c2ccccc2n3nccn3)c4ncc5ccccc5n4,CHEMBL1082414,Ki,8.07
2121513,Cc1nc(C(=O)N2CCCC[C@H]2CNC(=O)c3cccc4occc34)c(s1)c5ccc(F)cc5,CHEMBL1272307,Ki,8.07
2121524,COc1ccc(CNC(=O)c2cc(cnc2c3cccnc3)c4cc(F)cc(F)c4)cc1OC,CHEMBL3099895,Ki,8.08
2121535,COc1ccc(C[C@@H]2CCCN2C(=O)c3cc(C)ccc3n4nccn4)cc1OC,CHEMBL3740506,IC50,8.08
2121545,C[C@@H]1CO[C@@H](COc2ncccc2C)CN1C(=O)c3cc(C)ccc3n4nccn4,CHEMBL2413509,Ki,8.08
2121555,CCc1cccc(NC(=O)[C@@H]2CCCN2S(=O)(=O)c3ccc(OC)cc3)c1,CHEMBL3667581,IC50,8.1
2121565,CCn1cc(OC[C@]2(C[C@H]2C(=O)Nc3ccc(cn3)C#N)c4ccccc4)c(C)n1,CHEMBL3585938,Ki,8.1
2121576,CNC(=O)[C@H](N1CCc2cc(OC)c(OC)cc2[C@@H]1CCc3ccc(cc3)C(F)(F)F)c4ccccc4,CHEMBL455136,Ki,8.1
2121587,COc1ccc(C[C@@H]2CCCN2C(=O)c3nc(C)sc3c4ccc5OCCc5c4)cc1OC,CHEMBL3742040,IC50,8.1
2121596,COc1cccc(c1)S(=O)(=O)N2CCC[C@H]2C(=O)Nc3cccc(SC)c3,CHEMBL3667551,IC50,8.1
2121606,C[C@H](NC(=O)COc1cc(c2c(nn(C)c2n1)c3ccccc3)C(F)(F)F)c4c(C)n[nH]c4C,CHEMBL3634015,Kd,8.1
2121615,Cc1cc(C)nc(n1)N2CC3CCN(CC23)C(=O)c4ccccc4c5ccccc5,CHEMBL3670606,Ki,8.1
2121624,Cc1cc(C)nc(n1)N2CC3CN(CC3C2)C(=O)c4c(C)cccc4n5nccn5,CHEMBL3649212,Ki,8.1
2121633,Cc1cc(C)nc(n1)N2CC3CN(CC3C2)C(=O)c4cccc(F)c4c5cc[nH]n5,CHEMBL3649236,Ki,8.1
2121642,Cc1cc(C)nc(n1)N2CC3CN(CC3C2)C(=O)c4cccc5Cc6ccccc6c45,CHEMBL3652473,Ki,8.1
1721619,Cc1cc(C)nc(n1)N2C[C@H]3CN(C[C@H]3C2)C(=O)c4c(C)cccc4n5nccn5,CHEMBL3586440,Ki,8.1
2121653,Cc1ccc(c(c1)C(=O)N2CCCCC(COc3ccc(F)c(C)c3)C2)n4nccn4,CHEMBL3680360,Ki,8.1
1735635,Cc1ncc(OC[C@]2(C[C@H]2C(=O)Nc3ccc(F)cn3)c4ccc(F)cc4)c(C)n1,CHEMBL3585954,Ki,8.1
2121665,O=C(CSc1oc2ccccc2n1)N3CCC[C@H]3C(=O)Nc4ccccc4n5cccc5,CHEMBL404343,Ki,8.1
2121676,COc1cccc(c1)c2sc(C)nc2C(=O)N3CCC[C@H]3Cc4ccc(OC)c(OC)c4,CHEMBL3739958,IC50,8.11
2121686,COc1ccc(CNC(=O)c2cc(ncc2c3cnccn3)c4cncc(C)c4)nc1OC,CHEMBL3338858,Ki,8.12
2121697,CC1CCC(CN1C(=O)c2ccccc2n3nccn3)Oc4cccc5cnccc45,CHEMBL3394830,Ki,8.13
2121707,C[C@@H]1CS[C@@H](COc2ncc(C)c(Cl)n2)CN1C(=O)c3ccccc3n4nccn4,CHEMBL3672934,Ki,8.13
2121717,COc1ccc(OC[C@]2(C[C@H]2C(=O)Nc3ccccc3)c4ccccc4)cc1OC,CHEMBL3343242,Ki,8.14
2121728,C[C@@H]1CC[C@H](CN1C(=O)c2ccccc2n3nccn3)Oc4cc(I)ccn4,CHEMBL3426143,IC50,8.14
2121739,CCc1nc(C)ncc1OC[C@]2(C[C@H]2C(=O)Nc3ccc(cn3)C#N)c4ccccc4,CHEMBL3585940,Ki,8.16
2121750,CCn1nc(C)cc1C(=O)NCC[C@H](Cc2ccccc2)N(C)C(=O)c3cc(C)ccc3n4nccn4,CHEMBL2413518,Kd,8.16
2121761,COc1ccc(cc1)C(C)NC(=O)COc2cc(c3c(nn(C)c3n2)c4ccccc4)C(F)(F)F,CHEMBL3634007,Kd,8.16
2121771,COc1ccc(cc1)S(=O)(=O)N2CCC[C@H]2C(=O)Nc3cccc(SC)c3,CHEMBL3667554,IC50,8.16
2121781,COc1ccc(cc1)[C@H](C)NC(=O)COc2cc(C(F)F)c3c(nn(C)c3n2)c4ccccc4,CHEMBL3665711,Kd,8.16
2121791,COc1ccc(cc1F)[C@]2(COc3cnc(C)nc3C)C[C@H]2C(=O)Nc4ccc(F)cn4,CHEMBL2425783,Ki,8.16
2121802,C[C@@H]1CC[C@H](CN1C(=O)c2cc(C)ccc2n3nccn3)C#Cc4ccncc4,CHEMBL3235256,Ki,8.16
2121812,Cc1cc(C)nc(n1)N2CC3CN(CC3C2)C(=O)c4c(F)cccc4c5ncccn5,CHEMBL3649036,Ki,8.16
2121821,Cc1cc(C)nc(n1)N2CC3CN(CC3C2)C(=O)c4ccccc4c5cccs5,CHEMBL3646194,Ki,8.16
2121831,Cc1cc(C)nc(n1)N2CCC3(CCCN(Cc4c[nH]c5ccccc45)C3=O)CC2,CHEMBL2435403,Ki,8.16
2121842,Cc1cc(C)nc(n1)N2CCC3(CCCN(Cc4ccccc4c5onc(C)n5)C3=O)CC2,CHEMBL2413515,Ki,8.16
2121853,Cc1cc(C)nc(n1)N2CCC3(CCCN(Cc4n[nH]c5ccccc45)C3=O)CC2,CHEMBL2435398,Ki,8.16
2121863,Cc1nc(nc(C)c1C)N2CC3CN(CC3C2)C(=O)c4cccc(F)c4c5ncccn5,CHEMBL3649195,Ki,8.16
2121872,Cc1nc(nc(C)c1C)N2CC3CN(CC3C2)C(=O)c4cccc(F)c4n5nccn5,CHEMBL3649196,Ki,8.16
2121881,Cc1nc(nc(C)c1C)N2CC3CN(CC3C2)C(=O)c4ccccc4c5ncn(C)n5,CHEMBL3652458,Ki,8.16
2121890,Cc1nc(nc(C)c1C)N2CC3CN(CC3C2)C(=O)c4ccccc4c5nnc[nH]5,CHEMBL3652452,Ki,8.16
2121899,Cc1nc(nc2CCCc12)N3CC4CN(CC4C3)C(=O)c5c(F)cccc5n6nccn6,CHEMBL3652460,Ki,8.16
1720248,Cc1ncc(OC[C@]2(C[C@H]2C(=O)Nc3ccc(F)cn3)c4ccccc4)c(C)n1,CHEMBL3585946,Ki,8.16
2121910,Cc1noc(n1)c2ccccc2C(=O)N3CC4CN(CC4C3)c5nc(C)c(C)c(C)n5,CHEMBL3652456,Ki,8.16
2121919,O=C(N1CCC2CN(C2C1)c3cnc4ccccc4n3)c5ccccc5c6cccs6,CHEMBL3670607,Ki,8.16
2121929,O=C1CCCC2(CCN(CC2)c3cnc4ccccc4n3)N1Cc5cccc6[nH]ccc56,CHEMBL2435411,Kd,8.16
2121939,CC1CCC(CN1C(=O)c2ccccc2n3nccn3)Oc4ccnc5ccccc45,CHEMBL3394832,Ki,8.17
2121950,CSc1ccnc(O[C@@H]2CC[C@@H](C)N(C2)C(=O)c3ccccc3n4nccn4)c1,CHEMBL3426145,IC50,8.17
2121962,Cc1ccc(c(c1)C(=O)N2C3CCC2CN(CC3)c4ncc5ccc(F)cc5n4)n6nccn6,CHEMBL1171594,Ki,8.17
2121973,COc1ccc(C[C@@H]2CCCN2C(=O)c3nc(C)sc3c4ccc5OCOc5c4)cc1OC,CHEMBL3741194,IC50,8.18
2121984,CC1(C)OC[C@H](NC(=O)Nc2ccc(Br)cc2Cl)[C@@H](O1)c3ccccc3,CHEMBL185088,Ki,8.2
2121995,COc1ccc(C[C@@H]2CCCN2C(=O)c3nc(C)sc3c4cccc(Cl)c4)cc1OC,CHEMBL3742079,IC50,8.2
2122005,COc1ccc(cc1OC)N2C(=O)N(Cc3c(F)cc(F)cc3OC)c4ccccc4S2(=O)=O,CHEMBL3741373,Ki,8.2
2122015,COc1ccc(cc1OC)N2C(=O)N(Cc3ccccc3F)c4ccccc4S2(=O)=O,CHEMBL3739510,Ki,8.2
2122025,C[C@@H]1CC[C@H](CN1C(=O)c2cc(C)ccc2n3nccn3)C#Cc4cccc(CO)c4,CHEMBL3235265,IC50,8.2
2122037,CC1(C)OC[C@H](NC(=O)Nc2ccc(Br)cc2Br)[C@@H](O1)c3ccccc3,CHEMBL359632,Ki,8.22
2122047,CCOc1ccc2ccccc2c1C(=O)N3CCC4CN(C4C3)c5nc(C)cc(C)n5,CHEMBL3670616,Ki,8.22
2122056,CCc1cc(C)nc(n1)N2CC3CN(CC3C2)C(=O)c4c(F)cccc4n5nccn5,CHEMBL3652444,Ki,8.22
2122066,COc1cc(NC(=O)[C@@H]2C[C@@]2(COc3cnc(C)nc3C)c4ccccc4)ncc1F,CHEMBL3585952,Ki,8.22
2122077,C[C@@H]1CC[C@H](CN1C(=O)c2ccccc2n3ncnn3)Oc4nccc(c4F)C(C)(C)O,CHEMBL3597960,IC50,8.22
2122088,O=C(CCc1nc2ccccc2[nH]1)N3CCC[C@H]3C(=O)Nc4ccccc4c5ccccc5,CHEMBL271232,Ki,8.22
2122098,C[C@@H]1CC[C@H](CN1C(=O)c2ccsc2n3nccn3)Oc4cc(ccn4)C#N,CHEMBL3642124,Ki,8.23
2122107,C[C@@H]1CC[C@H](CN1C(=O)c2sccc2c3ncccn3)Oc4cc(ccn4)C#N,CHEMBL3642144,Ki,8.23
2122117,CN(Cc1ccc(F)cc1)C(=O)Cc2c(C)c(c3ccccn23)S(=O)(=O)Cc4ccc(F)cc4,CHEMBL2413520,Ki,8.24
2122127,C[C@@H]1CC[C@H](CN1C(=O)c2cccc(F)c2n3nccn3)Oc4cc(ccn4)C#N,CHEMBL3642120,Ki,8.26
2122137,CC1CCC(CN1C(=O)c2ccccc2n3nccn3)Oc4ccnc5ccc(Br)cc45,CHEMBL3394838,Ki,8.28
2122148,CC1CCC(CN1C(=O)c2ccccc2n3nccn3)Oc4cccc5ncccc45,CHEMBL3394833,Ki,8.29
2122159,CN(Cc1ccc(F)cc1)C(=O)Cn2cc(c3ccccc23)S(=O)(=O)Cc4ccc(F)cc4,CHEMBL2413373,IC50,8.3
2122170,COc1cc(cnc1OC)N2C(=O)N(Cc3c(F)cc(F)cc3F)c4ccccc4S2(=O)=O,CHEMBL3741125,Ki,8.3
2122180,COc1ccc(OCC2(CC2C(=O)Nc3ccc(cn3)C#N)c4ccccc4)cc1OC,CHEMBL3343260,Ki,8.3
2122191,C[C@@H]1CCN(CCN1C(=O)c2cc(C)ccc2n3nccn3)c4nc(N)c5c(C)coc5n4,CHEMBL3260829,Ki,8.3
2122202,Cc1cccc(c1)c2sc(C)nc2C(=O)N3CCC3CNC(=O)c4c(N)nc5sccn45,CHEMBL2413369,IC50,8.3
2122213,Cc1ncc(OC[C@]2(C[C@H]2C(=O)Nc3ccc(cn3)C#N)c4cccc(F)c4)c(C)n1,CHEMBL2425786,Ki,8.3
2122223,Cc1noc(n1)c2ccccc2C(=O)N3CC4CN(CC4C3)c5nc(C)c(Cl)c(C)n5,CHEMBL3652465,Ki,8.3
2122233,CN(C)c1ccc(CNC(=O)c2cc(cnc2c3cccnc3)c4cc(C)cc(C)c4)cc1,CHEMBL3099889,Ki,8.32
2122244,COc1ccc(C[C@@H]2CCCN2C(=O)c3ccccc3c4ncccn4)cc1OC,CHEMBL3741003,IC50,8.33
2122254,Cc1cc(C)nc(n1)N2CCC3(CCCN(Cc4nn(C)nc4c5ccccc5)C3=O)CC2,CHEMBL2435395,Ki,8.34
2122264,COc1ncc(CNC(=O)c2cc(ncc2c3cccc(F)c3)c4cncc(C)c4)nc1OC,CHEMBL3655710,Ki,8.35
2122274,C[C@@H]1CC[C@H](CN1C(=O)c2ccccc2n3nccn3)Oc4cc(ccn4)N(C)C,CHEMBL3426147,Ki,8.35
2122285,Fc1ccc(cc1)S(=O)(=O)N(Cc2ncc[nH]2)c3ccccc3c4ccccc4,CHEMBL3597951,Ki,8.35
2122296,COc1cc(C[C@@H]2CCCN2C(=O)c3nc(C)sc3c4cccc(C)c4)cc(OC)c1,CHEMBL3742235,IC50,8.37
2122305,CC1CCCC(COc2ccc(F)c(C)c2)CN1C(=O)c3cc(C)ccc3c4nccs4,CHEMBL3680365,Ki,8.38
2122315,COc1ccc(CNC(=O)c2cc(ncc2c3cnn(C)c3)c4cncc(C)c4)nc1OC,CHEMBL3338864,Ki,8.39
2122326,Cc1cc(C)cc(c1)c2cnc(c3cccnc3)c(c2)C(=O)NCc4ccc(c(F)c4)C(F)(F)F,CHEMBL3099892,Ki,8.39
2122337,CCN(CCCOc1ccc(F)cc1)C(=O)c2nc(C)sc2c3ccccc3,CHEMBL3597955,Ki,8.4
2122347,COc1ccc(C)cc1S(=O)(=O)N2CCC[C@H]2C(=O)Nc3cc(C)cc(C)c3,CHEMBL3667595,IC50,8.4
2122357,COc1ccc(C[C@@H]2CCCN2C(=O)c3nccnc3c4cccc(C)c4)cc1OC,CHEMBL3739859,IC50,8.4
2122367,COc1ccc(cc1)[C@H](C)NC(=O)COc2cc(c3c(nn(C)c3n2)c4ccccc4)C(F)(F)F,CHEMBL3634013,Kd,8.4
2122377,COc1cccc(F)c1[C@@H]2C[C@@H](O)C(=O)N2Cc3ccc4oc5ccccc5c4c3,CHEMBL3409876,IC50,8.4
2122387,Cc1cc(C)nc(n1)N2CC3CCN(CC23)C(=O)c4ccccc4c5cccs5,CHEMBL3670604,Ki,8.4
2122396,Cc1cc(C)nc(n1)N2CC3CCN(CC23)C(=O)c4ccccc4c5occc5,CHEMBL3670605,Ki,8.4
2122406,Cc1cc(NC(=O)[C@@H]2C[C@@]2(COc3cnc(C)nc3C)c4cccc(F)c4)ncc1F,CHEMBL3585957,Ki,8.4
2122417,Cc1cc(NC(=O)[C@@H]2C[C@@]2(COc3cnc(C)nc3C)c4ccccc4)ncc1F,CHEMBL3585951,Ki,8.4
2122428,Cc1nc(C(=O)N2CCCCC2CCOc3ccc(F)cc3)c(s1)c4ccccc4,CHEMBL3771050,Ki,8.4
2122438,Cc1nc(nc(C)c1C)N2CC3CN(CC3C2)C(=O)c4c(F)cccc4n5nccn5,CHEMBL3652441,Ki,8.4
2122447,Cc1nc(nc(C)c1Cl)N2CC3CN(CC3C2)C(=O)c4ccccc4c5ncn(C)n5,CHEMBL3652467,Ki,8.4
1735624,Cc1ncc(OC[C@]2(C[C@H]2C(=O)Nc3ccc(F)cn3)c4ccc(F)c(F)c4)c(C)n1,CHEMBL3585956,Ki,8.4
2122459,Cc1cc(C)nc(n1)N2CCC3(CCCN(Cc4n[nH]cc4c5ccccc5)C3=O)CC2,CHEMBL2435397,Ki,8.41
2122469,CC1CCCC(COc2ccc(F)cn2)CN1C(=O)c3cc(C)ccc3c4nccs4,CHEMBL3680368,Ki,8.42
2122478,C[C@@H]1CC[C@H](CN1C(=O)c2ccc(C)cc2n3nccn3)Oc4cc(ccn4)C#N,CHEMBL3642123,Ki,8.43
2122488,Cc1ccc(c(c1)C(=O)N2CC3CC(C2)N(C3)c4ncc5ccccc5n4)n6nccn6,CHEMBL1091110,Ki,8.44
2122499,COc1ccc(C[C@@H]2CCCN2C(=O)c3ccccc3n4nccn4)cc1OC,CHEMBL3739682,IC50,8.46
2122508,C[C@@H]1CC[C@H](CN1C(=O)c2ccc(F)cc2c3ncccn3)Oc4cc(ccn4)C#N,CHEMBL3642147,Ki,8.46
2122517,C[C@@H]1CC[C@H](CN1C(=O)c2ccc(F)cc2n3nccn3)Oc4cc(ccn4)C#N,CHEMBL3642122,Ki,8.46
2122526,C[C@@H]1CC[C@H](CN1C(=O)c2c(F)cccc2n3nccn3)Oc4cc(ccn4)C#N,CHEMBL3642135,Ki,8.47
2122535,CC1CCCC(COc2ccc(F)c(C)c2)CN1C(=O)c3cc(C)ccc3n4nccn4,CHEMBL3680361,Ki,8.48
2122545,COc1ccc(CC2CCCCN2C(=O)c3cc(C)ccc3n4nccn4)cc1OC,CHEMBL3742089,IC50,8.48
2122554,COc1ccc(CNC(=O)c2cc(nnc2c3cnn(C)c3)c4cc(C)cc(C)c4)cc1OC,CHEMBL3690070,Ki,8.48
2122564,C[C@@H]1CCN(CCN1C(=O)c2cc(C)ccc2n3nccn3)c4oc5ccccc5n4,CHEMBL1083658,Ki,8.5
2122575,COc1ccc(C[C@@H]2CCCN2C(=O)c3nc(C)sc3c4cccc(C)c4)cc1OC,CHEMBL3739711,IC50,8.51
2122585,CN1CCc2cc(CNC(=O)c3cc(cnc3c4cccnc4)c5cc(C)cc(C)c5)ccc12,CHEMBL3099886,Ki,8.52
2122595,COc1ccc(cc1OC)S(=O)(=O)N2CCC[C@H]2C(=O)Nc3cccc(SC)c3,CHEMBL3667558,IC50,8.52
2122604,CSc1cccc(NC(=O)[C@@H]2CCCN2S(=O)(=O)c3ccc(C)c(Cl)c3)c1,CHEMBL3667560,IC50,8.52
2122613,C[C@@H]1CC[C@H](CN1C(=O)c2cccc(C)c2n3nccn3)Oc4cc(ccn4)C#N,CHEMBL3642118,Ki,8.52
2122622,C[C@H](NC(=O)COc1cc(C)c2c(nn(C)c2n1)c3nc(C)cs3)c4ccc(C)cc4,CHEMBL3665696,Kd,8.52
2122631,C[C@H](NC(=O)COc1cc(C)c2c(nn(C)c2n1)c3ncc(C)s3)c4ccc(C)cc4,CHEMBL3665701,Kd,8.52
2122640,C[C@H](NC(=O)COc1cc(C)c2c(nn(C)c2n1)c3nccs3)c4ccc(C)cc4,CHEMBL3665697,Kd,8.52
2122649,Cc1nc(nc(C)c1Cl)N2CC3CN(CC3C2)C(=O)c4c(F)cccc4n5nccn5,CHEMBL3652464,Ki,8.52
1726912,Cc1ncc(OC[C@]2(C[C@H]2C(=O)Nc3ccc(F)cn3)c4cc(F)cc(F)c4)c(C)n1,CHEMBL3585955,Ki,8.52
1723821,Cc1ncc(OC[C@]2(C[C@H]2C(=O)Nc3ccc(F)cn3)c4cccc(F)c4)c(C)n1,CHEMBL3545367,Ki,8.52
2122663,Fc1ccccc1c2ccccc2NC(=O)[C@@H]3CCCN3C(=O)CCc4nc5ccccc5[nH]4,CHEMBL404053,Ki,8.52
2122674,O=C(CSc1nc2ccccc2[nH]1)N3CCC[C@H]3C(=O)Nc4ccccc4Oc5ccccc5,CHEMBL271438,Ki,8.52
2122685,Cc1ccc(c(c1)C(=O)N2C[C@H]3CC[C@@H]2CN(C3)c4ncc5ccc(F)cc5n4)n6nccn6,CHEMBL1172519,Ki,8.54
2122696,CC1CCC(CN1C(=O)c2ccccc2n3nccn3)Oc4ccnc5c(Br)cccc45,CHEMBL3394839,Ki,8.59
2122707,COc1cc(cnc1OC)N2C(=O)N(Cc3c(F)cc(F)cc3F)c4ncccc4S2(=O)=O,CHEMBL3740099,Ki,8.6
2122716,C[C@@H]1CS[C@@H](COc2ncccc2Cl)CN1C(=O)c3ccccc3n4nccn4,CHEMBL3672931,Ki,8.6
2122725,C[C@@H]1CC[C@H](CN1C(=O)c2c(C)cccc2n3nccn3)Oc4cc(ccn4)C#N,CHEMBL3642119,Ki,8.64
2122735,Cc1ccc(c(c1)C(=O)N2C[C@H]3CC[C@@H]2CCN3c4ncc5ccc(F)cc5n4)n6nccn6,CHEMBL1170178,Ki,8.66
2122745,C[C@@H]1CC[C@H](CN1C(=O)c2c(F)cccc2c3ncccn3)Oc4cc(ccn4)C#N,CHEMBL3642149,Ki,8.68
2122754,C[C@@H]1CC[C@H](CN1C(=O)c2ccsc2c3ncccn3)Oc4cc(ccn4)C#N,CHEMBL3642145,Ki,8.68
2122764,C[C@H]1[C@H](COc2nccc3ccccc23)CCCN1C(=O)c4cc(C)ccc4n5nccn5,CHEMBL2413365,Ki,8.68
2122775,CCN(Cc1cccnc1)C(=O)CN(c2ccc(OC)nc2)S(=O)(=O)c3ccccc3C,CHEMBL2385132,IC50,8.7
2122786,CCOc1cccc(c1)C(=O)N(C)[C@H](CCNC(=O)c2cccn2C)Cc3ccccc3,CHEMBL2413517,Kd,8.7
2122797,COc1cc(C(=O)N2CC[C@H]2c3onc(n3)c4cccc(Cl)c4C)c(cc1C)n5nccn5,CHEMBL3597963,IC50,8.7
2122808,COc1cc(NC(=O)[C@@H]2C[C@@]2(COc3cnc(C)nc3C)c4cccc(F)c4)ncc1F,CHEMBL2425784,Ki,8.7
2122819,COc1ccc(cc1OC)N2C(=O)N(Cc3c(F)cc(F)cc3F)c4ccccc4S2(=O)=O,CHEMBL3741978,Ki,8.7
2122829,COc1ccccc1c2ccccc2NC(=O)[C@@H]3CCCN3C(=O)CCc4nc5ccccc5[nH]4,CHEMBL255780,Ki,8.7
2122840,COc1nc(NC(=O)[C@@H]2C[C@@]2(COc3cnc(C)nc3C)c4cccc(F)c4)ccc1F,CHEMBL2425787,Ki,8.7
2122850,CSc1cccc(NC(=O)[C@@H]2CCCN2S(=O)(=O)c3ccc(Cl)c(Cl)c3)c1,CHEMBL3667562,IC50,8.7
2122859,CSc1cccc(NC(=O)[C@@H]2CCCN2S(=O)(=O)c3cccc(Br)c3)c1,CHEMBL3667559,IC50,8.7
2122868,CSc1cccc(NC(=O)[C@@H]2CCCN2S(=O)(=O)c3cccc(Cl)c3)c1,CHEMBL3667555,IC50,8.7
2122878,Cc1ccc(c(c1)C(=O)N2CCCN(CC2)c3ccc4ccccc4c3)n5nccn5,CHEMBL469147,Ki,8.7
2122889,Cc1ncc(OC[C@]2(C[C@H]2C(=O)Nc3ccc(Cl)cn3)c4ccccc4)c(C)n1,CHEMBL3585948,Ki,8.7
2122900,Cn1c(CCC(=O)N2CCC[C@H]2C(=O)Nc3ccccc3n4cccc4)nc5ccccc15,CHEMBL404734,Ki,8.7
2122911,O=C(CSc1nc2ccccc2s1)N3CCC[C@H]3C(=O)Nc4ccccc4n5cccc5,CHEMBL403667,Ki,8.7
2122922,COc1ccc(C[C@@H]2CCCN2C(=O)c3nc(C)sc3c4cccc(C)c4)cc1Cl,CHEMBL3741779,IC50,8.75
2122931,C[C@@H]1CS[C@@H](COc2ccc(Cl)cn2)CN1C(=O)c3ccccc3n4nccn4,CHEMBL3672929,Ki,8.77
2122941,COc1cc(cnc1OC)N2C(=O)N(Cc3c(F)cc(F)cc3Cl)c4ccccc4S2(=O)=O,CHEMBL3741721,Ki,8.8
2122951,COc1ccc(nc1OC)N2C(=O)N(Cc3c(F)cc(F)cc3F)c4ncccc4S2(=O)=O,CHEMBL3741584,Ki,8.8
2122961,CCn1cc(C(=O)N2CCc3ccsc3C2Cc4ccc(OC)c(OC)c4)c5ccccc15,CHEMBL3742341,IC50,8.85
2122971,C[C@@H]1CO[C@@H](COc2nccc3ccccc23)CN1C(=O)c4cc(C)ccc4n5nccn5,CHEMBL2413510,Ki,8.85
2122982,CC1CCC(CN1C(=O)c2ccccc2n3nccn3)Oc4ccnc5c(F)cccc45,CHEMBL3394841,Ki,8.89
2122993,COc1ccc(CNC(=O)c2cc(cnc2c3cccnc3)c4cccc(Cl)c4)cc1OC,CHEMBL3099897,Ki,8.89
2123003,C[C@@H]1CC[C@H](CN1C(=O)c2ccc(Cl)cc2n3nccn3)Oc4cc(ccn4)C#N,CHEMBL3642142,Ki,8.89
2123013,COc1cc(cc(OC)n1)N2C(=O)N(Cc3c(F)cc(F)cc3F)c4ccccc4S2(=O)=O,CHEMBL3741648,Ki,8.9
2123023,Cc1cc(C)nc(n1)N2CCC3(CCCN(Cc4n[nH]nc4c5ccccc5)C3=O)CC2,CHEMBL2435396,Ki,8.93
2123034,C[C@@H]1CC[C@H](CN1C(=O)c2ccccc2c3cnn[nH]3)Oc4ccnc5c(F)cccc45,CHEMBL3394844,Ki,8.96
2123045,[11CH3]Oc1ccc(cn1)N(CC(=O)N(CC)Cc2cccnc2)S(=O)(=O)c3ccccc3C,CHEMBL2385134,Ki,8.96
2123056,[3H]c1ccc(CN(CC)C(=O)CN(c2ccc(OC([3H])([3H])[3H])nc2)S(=O)(=O)c3ccccc3C)cn1,CHEMBL2385133,Ki,8.96
2123067,CN(Cc1ccccc1)C(=O)Cc2c(C)c(c3ccccn23)S(=O)(=O)Cc4ccccc4,CHEMBL2413370,IC50,9.0
2123078,COCc1nc(C)ncc1OC[C@]2(C[C@H]2C(=O)Nc3ccc(F)cn3)c4cccc(F)c4,CHEMBL2425785,Ki,9.0
2123089,COCc1nc(C)ncc1OC[C@]2(C[C@H]2C(=O)Nc3ccc(F)cn3)c4ccccc4,CHEMBL2425788,Ki,9.0
2123100,COc1ccc(cc1OC)N2C(=O)N(Cc3c(F)cc(F)cc3Cl)c4ccccc4S2(=O)=O,CHEMBL3740873,Ki,9.0
2123110,C[C@@H]1CC[C@H](CN1C(=O)c2cc(C)ccc2n3nccn3)Oc4cccc5ccccc45,CHEMBL3394828,Ki,9.0
2123120,C[C@@H]1CC[C@H](CN1C(=O)c2cc(F)ccc2c3ncccn3)Oc4cc(ccn4)C#N,CHEMBL3642148,Ki,9.0
2123130,O=C(CSc1nc2ccccc2[nH]1)N3CCC[C@H]3C(=O)Nc4ccccc4n5cccc5,CHEMBL403259,Ki,9.0
2123140,COc1nc(CNC(=O)c2cc(ncc2c3nccs3)c4cncc(C)c4)ccc1C5CC5,CHEMBL3655711,Ki,9.01
2123149,COc1ccc(CNC(=O)c2cc(nnc2N3CCOCC3)c4cc(C)cc(Cl)c4)cc1OC,CHEMBL3690071,Ki,9.02
2123159,CC1CCC(CN1C(=O)c2ccccc2n3nccn3)Oc4ccnc5c(Cl)cccc45,CHEMBL3394840,Ki,9.05
2123169,C[C@@H]1CS[C@@H](COc2ccc(F)cn2)CN1C(=O)c3ccccc3n4nccn4,CHEMBL3672937,Ki,9.05
2123179,Cc1cc(C)nc(n1)N2CCC3(CCCC(=O)N3Cc4cccc5[nH]ccc45)CC2,CHEMBL2435410,Ki,9.07
2123190,CN(Cc1ccc(F)cc1)C(=O)Cc2c(C)c(c3ccccn23)S(=O)(=O)Cc4ccccc4,CHEMBL2413371,IC50,9.1
2123201,COc1ccc(CNC(=O)c2cc(cnc2c3cccnc3)c4cc(C)cc(F)c4)cc1OC,CHEMBL3099894,Ki,9.1
2123212,COc1ccc(cc1OC)N2C(=O)N(Cc3c(F)cc(C)cc3Cl)c4ccccc4S2(=O)=O,CHEMBL3741094,Ki,9.1
2123222,COc1ccc(cc1OC)N2C(=O)N(Cc3c(F)cccc3Cl)c4ccccc4S2(=O)=O,CHEMBL3742392,Ki,9.1
2123232,C[C@@H]1CC[C@H](CN1C(=O)c2ccccc2c3ccccn3)Oc4ccnc5c(F)cccc45,CHEMBL3394845,Ki,9.1
2123243,Cc1ccc(c(c1)C(=O)N2CCC3CCC(C2)N3c4ncc5ccc(F)cc5n4)n6nccn6,CHEMBL1170803,Ki,9.1
2123254,Cn1c(CCC(=O)N2CCC[C@H]2C(=O)Nc3ccccc3c4ccccc4)nc5ccccc15,CHEMBL445161,Ki,9.1
2123265,COC(=O)c1ccc2[nH]cc(CN3CCCC4(CCN(CC4)c5nc(C)cc(C)n5)C3=O)c2c1,CHEMBL2413516,Ki,9.16
2123276,COc1cc(C(=O)N2CC[C@H]2c3noc(n3)c4cccc(Cl)c4OC)c(cc1C)n5nccn5,CHEMBL3597964,IC50,9.16
2123287,COc1ccc(CNC(=O)c2cc(cnc2c3cccnc3)c4cc(C)cc(C)c4)cc1OC,CHEMBL3099893,Ki,9.16
2123298,C[C@@H]1CCN(CCN1C(=O)c2cc(C)ccc2n3nccn3)c4ncc(c(Cl)n4)C(F)(F)F,CHEMBL3622328,Ki,9.16
2123309,CNc1cc(cnc1OC)N2C(=O)N(Cc3c(F)cc(OC)cc3F)c4ncccc4S2(=O)=O,CHEMBL3739451,Ki,9.2
2123319,COc1ccc(CNC(=O)c2cc(cnc2c3cccnc3)c4cc(F)cc(Cl)c4)cc1OC,CHEMBL3099898,Ki,9.22
2123330,Fc1ccc2nc(ncc2c1)N3CC4CC3CN(C4)C(=O)c5cc(Cl)ccc5n6nccn6,CHEMBL1093725,Ki,9.22
2123341,Fc1ccc2nc(ncc2c1)N3C[C@H]4C[C@@H]3CN(C4)C(=O)c5cc(Cl)ccc5n6nccn6,CHEMBL1172520,Ki,9.22
2123352,O=C(CSc1nc2ccccc2[nH]1)N3CCC[C@H]3C(=O)Nc4ccccc4c5ccccc5,CHEMBL256789,Ki,9.22
2123362,C[C@@H]1CC[C@H](CN1C(=O)c2cc(C)ccc2n3nccn3)Nc4nccc5ccccc45,CHEMBL3694264,Ki,9.25
2123372,COc1cc(F)c(CN2C(=O)N(c3ccc(OC)c(OC)c3)S(=O)(=O)c4ccccc24)c(F)c1,CHEMBL3742398,Ki,9.3
2123382,C[C@@H]1CCN(CCN1C(=O)c2ccccc2n3nccn3)c4ncc5ccccc5n4,CHEMBL1084949,Ki,9.33
2123393,COc1cc(F)c(CN2C(=O)N(c3cnc(OC)c(OC)c3)S(=O)(=O)c4ccccc24)c(F)c1,CHEMBL3741474,Ki,9.4
2123402,C[C@@H]1CS[C@@H](COc2ccc(F)cn2)CN1C(=O)c3cc(C)ccc3n4nccn4,CHEMBL3672927,Ki,9.42
2123412,C[C@@H]1CCN(CCN1C(=O)c2cc(C)ccc2n3nccn3)c4ncc5ccccc5n4,CHEMBL1083357,Ki,9.44
2123423,C[C@@H]1CC[C@H](CN1C(=O)c2ccccc2n3nccn3)Oc4nccc5ccccc45,CHEMBL3394829,Ki,9.52
2123434,Cn1c(SCC(=O)N2CCC[C@H]2C(=O)Nc3ccccc3n4cccc4)nc5ccccc15,CHEMBL429130,Ki,9.52
2123445,C[C@@H]1CCN(CCN1C(=O)c2ccccc2n3nccn3)c4ncc5CCCCc5n4,CHEMBL1083657,Ki,9.55
2123456,COc1cc(F)c(CN2C(=O)N(c3cc(OC)nc(OC)c3)S(=O)(=O)c4ccccc24)c(F)c1,CHEMBL3740971,Ki,9.6
2123466,C[C@@H]1CCN(CCN1C(=O)c2ccccc2n3nccn3)c4cnc5cc(F)c(F)cc5n4,CHEMBL1083041,Ki,9.6
2123477,COc1cnc(O[C@@H]2CC[C@@H](C)N(C2)C(=O)c3ccccc3n4nccn4)c5ccccc15,CHEMBL3394847,Ki,9.62
2123488,COc1cc(F)c(CN2C(=O)N(c3ccc(OC)c(OC)n3)S(=O)(=O)c4ccccc24)c(F)c1,CHEMBL3740471,Ki,9.7
2123498,Cc1ccc(c(c1)C(=O)N2CCCN(CC2)c3ncc4cc(F)ccc4n3)n5nccn5,CHEMBL1089406,Ki,9.7
2123509,Cc1ccc2[nH]c(SCC(=O)N3CCC[C@H]3C(=O)Nc4ccccc4n5cccc5)nc2c1,CHEMBL401653,Ki,9.7
2123520,Cn1c(SCC(=O)N2CCC[C@H]2C(=O)Nc3ccccc3c4ccccc4)nc5ccccc15,CHEMBL429848,Ki,9.7
2123531,COc1ccc2[nH]cc(CN3CCCC4(CCN(CC4)c5nc(C)cc(C)n5)C3=O)c2c1,CHEMBL2435400,Ki,9.78
2123542,COc1cc(F)c(CN2C(=O)N(c3ccc(OC)c(OC)c3)S(=O)(=O)c4ccccc24)c(Cl)c1,CHEMBL3741853,Ki,10.0
2123552,C[C@@H]1CC[C@@H](COc2ccc(F)c(C)c2)CN1C(=O)c3cc(C)ccc3n4nccn4,CHEMBL3770503,Ki,10.0
2123563,Cc1ccc2nc(SCC(=O)N3CCC[C@H]3C(=O)Nc4ccccc4n5cccc5)n(C)c2c1,CHEMBL255763,Ki,10.0
2123574,Cc1ccc2c(c1)nc(SCC(=O)N3CCC[C@H]3C(=O)Nc4ccccc4n5cccc5)n2C,CHEMBL272715,Ki,10.05
1721569,COc1ccc(CNC(=O)c2cc(cnc2c3cccnc3)c4cc(Cl)cc(Cl)c4)cc1OC,CHEMBL3099899,Ki,10.15
