id,smiles,name,assay_type,activity_value
2115345,C[C@@H]1CCN(CCN1C(=O)C1=CC(C)=CC=C1N1N=CC=N1)C1=NC2=C(O1)C=CC(Cl)=C2,suvorexant,Ki,9.25963688
2115372,CC1(C)OC[C@H](NC(=O)Nc2ccccc2Br)[C@@H](O1)c3ccccc3,CHEMBL363743,Ki,7.0
2115384,CC1(C)OC[C@H](NC(=O)Nc2ccccc2C(F)(F)F)[C@@H](O1)c3ccccc3,CHEMBL363951,Ki,7.0
2118113,COc1cc(nc(n1)N(C)C)N2CC3CN(CC3C2)C(=O)c4c(F)cccc4n5nccn5,CHEMBL3646152,Ki,7.0
2117951,COc1ccc2C(CCc2c1)NC(=O)COc3cc(C)c4c(nn(C)c4n3)C5CC5,CHEMBL3665704,Kd,7.0
2123942,COc1cccc(c1)c2nn(C)c3nc(OCC(=O)N[C@@H](C)c4ccccc4)cc(c23)C(F)(F)F,CHEMBL3665676,Kd,7.0
2117780,C[C@@H]1CC[C@H](CN1C(=O)c2cc(C)ccc2n3nccn3)C#Cc4ccccn4,CHEMBL3235254,IC50,7.0
2118592,C[C@@H]1CS[C@@H](COc2ncc(Cl)c(C)n2)CN1C(=O)c3ccccc3n4nccn4,CHEMBL3672933,Ki,7.0
2118250,Cc1ccc(C)c(CN2C(=O)CCCC23CCN(CC3)c4cnc5ccccc5n4)c1,CHEMBL2435413,Kd,7.0
2123955,Cc1cnc(C(=O)N2CC3CC(Oc4ccc(cn4)C(F)(F)F)C2C3)c(c1)n5nccn5,CHEMBL3691812,Ki,7.0
2123964,C[C@H]1[C@@H](CCCN1C(=O)c2ccccc2n3nccn3)Oc4ncc(cn4)C(F)(F)F,CHEMBL3669050,Ki,7.01
2123973,Cc1cccc(C(=O)N2C3CCC2C(C3)Nc4ncc(cn4)C(F)(F)F)c1I,CHEMBL3663560,Ki,7.01
2116674,CCOc1ccc(C)nc1C(=O)N2C3CCC2C(C3)Nc4cnc5ccccc5n4,CHEMBL3663501,Ki,7.02
2117565,Fc1cccc(C(=O)N2CC[C@H]3CN([C@H]3C2)c4oc5ccc(Cl)cc5n4)c1n6nccn6,CHEMBL3670532,Ki,7.02
2123984,O=C(N1CCC2CN(C2C1)c3cnc4ccccc4n3)c5ccccc5c6cccnc6,CHEMBL3670612,Ki,7.02
1721569,COc1ccc(CNC(=O)c2cc(cnc2c3cccnc3)c4cc(Cl)cc(Cl)c4)cc1OC,CHEMBL3099899,Ki,7.03
2116801,Cc1oc(nc1)c2cccc(CN3CCCC4(CCN(CC4)c5cnc6ccccc6n5)C3=O)c2,CHEMBL3669553,Ki,7.03
2117435,CCCc1ccc(cc1)S(=O)(=O)N2CCC[C@H]2C(=O)Nc3cccc(SC)c3,CHEMBL3667552,IC50,7.04
2116526,C[C@@H]1CCN(CCN1C(=O)c2cc(C)ccc2n3nccn3)c4ncc5cnn(C)c5n4,CHEMBL3260823,IC50,7.04
2116394,Fc1ccc(c(c1)C(=O)N2CC[C@H]3CN([C@H]3C2)c4oc5ccc(Cl)cc5n4)n6nccn6,CHEMBL3670530,Ki,7.04
2124000,CCOc1ccccc1C(=O)N2CCC[C@@H](Nc3ccc(cn3)C(F)(F)F)[C@@H]2C,CHEMBL3704949,Ki,7.05
2120705,CNC(=O)[C@H](N1CCn2c(C)nc(Cl)c2[C@@H]1CCc3ccc(cc3)C(F)(F)F)c4ccccc4,CHEMBL2347603,IC50,7.05
2120633,Cc1cc(nc2ccccc12)N3CCC4(CCCN(Cc5c[nH]c6ccccc56)C4=O)CC3,CHEMBL3669568,Kd,7.05
2116045,Cc1ccc(c(Br)c1)S(=O)(=O)N2CCC[C@H]2C(=O)Nc3cc(C)cc(C)c3,CHEMBL3667599,IC50,7.05
2122223,Cc1noc(n1)c2ccccc2C(=O)N3CC4CN(CC4C3)c5nc(C)c(Cl)c(C)n5,CHEMBL3652465,Ki,7.05
2117370,Fc1ccc(c(c1)C(=O)N2CC3CN(CC3C2)c4nccc(n4)c5ccccc5)c6ncccn6,CHEMBL3649074,Ki,7.05
2116241,CC(NC(=O)COc1cc(c2c(nn(C)c2n1)c3ccccc3)C(F)(F)F)c4ccccc4,CHEMBL3634006,Ki,7.06
2115655,C[C@H](NC(=O)COc1cc(c2c(nn(C)c2n1)c3cccc(F)c3)C(F)(F)F)c4ccccc4,CHEMBL3665677,Kd,7.06
2120487,CCc1nc(SC)c2[C@H](CCc3ccc(cc3)C(F)(F)F)N(CCn12)[C@@H](C(=O)NC)c4ccccc4,CHEMBL2347487,IC50,7.07
2116610,COc1ccc(cc1)S(=O)(=O)N2CCC[C@H]2C(=O)Nc3cc(cc(c3)C(F)(F)F)C(F)(F)F,CHEMBL3667577,IC50,7.07
2122829,COc1ccccc1c2ccccc2NC(=O)[C@@H]3CCCN3C(=O)CCc4nc5ccccc5[nH]4,CHEMBL255780,Ki,7.07
2124023,Fc1cccc(C(=O)N2CC3CC(Oc4ccc(cn4)C(F)(F)F)C2C3)c1n5ccnn5,CHEMBL3691830,Ki,7.07
2118657,COc1ccc(cc1)S(=O)(=O)N2CCC[C@H]2C(=O)Nc3cccc(Cl)c3,CHEMBL3667566,IC50,7.08
2117870,C[C@@H]1CC[C@H](CN1C(=O)c2cc(C)ccc2n3nccn3)C#Cc4cccnc4,CHEMBL3235255,IC50,7.08
2116810,O=C(N1CC2CN(CC2C1)c3oc4ccccc4n3)c5ccccc5c6cccs6,CHEMBL3649100,Ki,7.08
2115532,O=C1N(Cc2cccc(c2)c3cccnc3)CCCC14CCN(CC4)c5cnc6ccccc6n5,CHEMBL3669436,Ki,7.08
2123276,COc1cc(C(=O)N2CC[C@H]2c3noc(n3)c4cccc(Cl)c4OC)c(cc1C)n5nccn5,CHEMBL3597964,IC50,7.09
2121233,Cc1cc(C)nc(OCC2CC3CCC2N3C(=O)c4ccccc4c5cccs5)n1,CHEMBL3659214,Ki,7.09
1724106,Cc1ncc(OC[C@]2(C[C@H]2C(=O)Nc3ccc(F)cn3)c4ccccc4F)c(C)n1,CHEMBL3585953,Ki,7.09
2124042,Fc1ccc(OCC2CC3CCC2N3C(=O)c4cccc(F)c4n5nccn5)nc1,CHEMBL3663421,Ki,7.09
2116110,CC1(C)OC[C@H](NC(=O)Nc2ccccc2Cl)[C@@H](O1)c3ccccc3,CHEMBL185435,Ki,7.1
2116122,CC1(C)OC[C@H](NC(=O)Nc2ccccc2I)[C@@H](O1)c3ccccc3,CHEMBL185382,Ki,7.1
2117001,CN(C)c1nc(cc(n1)C(F)(F)F)N2CC3CN(CC3C2)C(=O)c4cc(C)ccc4c5ncccn5,CHEMBL3649069,Ki,7.1
2118133,COc1ccc(cc1)S(=O)(=O)N2CCC[C@H]2C(=O)Nc3cccc(Br)c3,CHEMBL3667567,IC50,7.1
2117379,Cc1cc(C)cc(NC(=O)[C@@H]2CCCN2S(=O)(=O)c3ccc(Br)cc3)c1,CHEMBL3667588,IC50,7.1
2120613,Cc1cc(C)cc(NC(=O)[C@@H]2CCCN2S(=O)(=O)c3ccc(cc3Cl)C(F)(F)F)c1,CHEMBL3667598,IC50,7.1
2116956,Cc1ccc(c2ncccn2)c(c1)C(=O)N3C4CCC3C(COc5nc(C)cc(C)n5)C4,CHEMBL3659213,Ki,7.1
2124060,Brc1ccccc1C(=O)N2CCC3CN(C3C2)c4cnc5ccccc5n4,CHEMBL3670611,Ki,7.11
2120211,CN(C)c1nc(cc(n1)C(F)(F)F)N2CC3CCN(CC23)C(=O)c4ccc(F)cc4n5nccn5,CHEMBL3670627,Ki,7.11
2117910,C[C@H]1[C@@H](CCCN1C(=O)c2ccccc2n3nccn3)Nc4nc(C)cc(C)n4,CHEMBL3704927,Ki,7.11
2124071,Cc1cnc(NC2CC3CCC2N3C(=O)c4cccc(F)c4c5ncccn5)cn1,CHEMBL3663562,Ki,7.11
2124080,Fc1ccc(OCC2CC3CCC2N3C(=O)c4c(F)cccc4n5nccn5)nc1,CHEMBL3663419,Ki,7.11
2119428,O=C(N1CC2CN(CC2C1)c3cnc4ccccc4n3)c5ccccc5c6cccs6,CHEMBL3646170,Ki,7.11
2117769,C[C@@H]1CC[C@H](CN1C(=O)c2cc(C)ccc2n3nccn3)C#Cc4cc(CO)ccn4,CHEMBL3235261,Ki,7.12
2122716,C[C@@H]1CS[C@@H](COc2ncccc2Cl)CN1C(=O)c3ccccc3n4nccn4,CHEMBL3672931,Ki,7.12
2116018,C[C@H](NC(=O)COc1cc(C)c2c(nn(C)c2n1)c3cnn(C)c3)c4ccc(C)cc4,CHEMBL3665694,Kd,7.12
2124094,Cc1cnn(c1)c2ccc(C)nc2C(=O)N3C4CCC3C(COc5ccccn5)C4,CHEMBL3663403,Ki,7.12
2124104,CCCCNC(=O)C(N1CCc2cc(OC)c(OC)cc2C1Cc3ccc(OC)c(OC)c3)c4ccccc4,CHEMBL521649,IC50,7.13
2115550,CCOc1ccc2ccccc2c1C(=O)N3CC4CN(CC4C3)c5nccc(n5)c6ccccc6,CHEMBL3649087,Ki,7.13
2118401,COc1ccc(cc1)S(=O)(=O)N2CCC[C@H]2C(=O)Nc3ccc(F)c(Cl)c3,CHEMBL3667578,IC50,7.13
2115457,C[C@@H]1CC[C@H](CN1C(=O)c2cc(C)ccc2n3nccn3)C#Cc4ccnc(CO)c4,CHEMBL3235264,Ki,7.13
2124118,Cc1ccc2ccccc2c1C(=O)N3C4CCC3C(COc5ccc(F)cn5)C4,CHEMBL3659194,Ki,7.13
2124127,CCOc1ccccc1C(=O)N2CCC[C@@H](Nc3ccc(Br)cn3)[C@@H]2C,CHEMBL3704963,Ki,7.14
2119304,Cc1cc(C)cc(NC(=O)[C@@H]2CCCN2S(=O)(=O)c3ccc4ccccc4c3)c1,CHEMBL3667590,IC50,7.14
2124137,Cc1ccc(c2occn2)c(n1)C(=O)N3C4CCC3C(COc5ccccn5)C4,CHEMBL3663400,Ki,7.14
2119695,Cc1cnc(OC[C@]2(C[C@H]2C(=O)Nc3ccc(cn3)C#N)c4ccccc4)c(C)n1,CHEMBL3585941,Ki,7.14
2124148,C[C@H]1[C@@H](CCCN1C(=O)c2ccccc2n3nccn3)Nc4ccc(C)cn4,CHEMBL3704956,Ki,7.15
2124157,Clc1ccc2oc(NC3CC4CCC3N4C(=O)c5ccccc5n6nccn6)nc2c1,CHEMBL3663510,Ki,7.15
2117880,Fc1cccc(c1C(=O)N2CC3CN(CC3C2)c4nc(cc(n4)C(F)(F)F)C(F)(F)F)n5nccn5,CHEMBL3649232,Ki,7.15
2124167,CC(NC(=O)COc1cc(C)c2c(nn(C)c2n1)C3CC3)c4ccc5c(ccn5C)c4,CHEMBL3665729,Kd,7.16
2117536,CCOc1ccc2ccccc2c1C(=O)N3CC4CN(CC4C3)c5cnc6ccccc6n5,CHEMBL3649106,Ki,7.16
2115803,CCOc1ccccc1C(=O)N2CCC[C@@H](Nc3cnc4ccccc4n3)[C@@H]2C,CHEMBL3704968,Ki,7.16
2118904,COc1ccc(cc1)S(=O)(=O)N2CCC[C@H]2C(=O)Nc3ccc(F)c(C)c3,CHEMBL3667584,IC50,7.16
2124179,COc1ccc(cc1)[C@H](C)NC(=O)COc2cc(C)c3c(nn(C)c3n2)c4ccoc4C,CHEMBL3665719,Kd,7.16
2121812,Cc1cc(C)nc(n1)N2CC3CN(CC3C2)C(=O)c4c(F)cccc4c5ncccn5,CHEMBL3649036,Ki,7.16
2124189,Cc1ccc(c(c1)C(=O)N2C3CCC2C(COc4cnc5ccccc5n4)C3)n6nccn6,CHEMBL3659205,Ki,7.16
2124198,Cc1ccc(c(n1)C(=O)N2C3CCC2C(COc4ccc(Br)cn4)C3)n5nccn5,CHEMBL3659217,Ki,7.16
2124207,Cc1ccc(c(n1)C(=O)N2C3CCC2C(COc4ccc(F)cn4)C3)n5ccc(C)n5,CHEMBL3659235,Ki,7.16
2122674,O=C(CSc1nc2ccccc2[nH]1)N3CCC[C@H]3C(=O)Nc4ccccc4Oc5ccccc5,CHEMBL271438,Ki,7.16
2119370,COc1ccc2[C@H](CCc2c1)NC(=O)COc3cc(C)c4c(nn(C)c4n3)C5CC5,CHEMBL3665737,Kd,7.17
2117758,C[C@@H]1CCN(CCN1C(=O)c2cc(C)ccc2n3nccn3)c4ncc5c(C)c(C)oc5n4,CHEMBL3260827,IC50,7.17
2124221,Cc1ccc(C(=O)N2C3CCC2C(COc4ccc(F)cn4)C3)c(c1)n5nccn5,CHEMBL3663425,Ki,7.17
2118982,Cc1ccc2[C@H](CCc2c1)NC(=O)COc3cc(C)c4c(nn(C)c4n3)C5CC5,CHEMBL3665727,Kd,7.17
2115684,Cc1cccc(c1C(=O)N2C3CCC2C(COc4ccc(F)cn4)C3)n5nccn5,CHEMBL3663415,Ki,7.17
2124232,Cn1cc(c2ccccc2)c(n1)C(=O)N3C4CCC3C(COc5ccccn5)C4,CHEMBL3663384,Ki,7.18
2117480,CN(C)c1nc(cc(n1)C(F)(F)F)N2CC3CN(CC3C2)C(=O)c4cc(F)ccc4c5ncccn5,CHEMBL3649070,Ki,7.19
2119728,COc1ccc(cc1)S(=O)(=O)N2CCC[C@H]2C(=O)Nc3cc(Cl)cc(Cl)c3,CHEMBL3667564,IC50,7.19
2119947,C[C@@H]1CC[C@H](CN1C(=O)c2ccccc2n3nccn3)Oc4cc(ccn4)C(F)(F)F,CHEMBL3426135,Ki,7.19
2124245,C[C@H](NC(=O)COc1cc(c2c(nn(C)c2n1)c3ccccc3)C(F)(F)F)c4ccccc4,CHEMBL3634018,Kd,7.19
2122387,Cc1cc(C)nc(n1)N2CC3CCN(CC23)C(=O)c4ccccc4c5cccs5,CHEMBL3670604,Ki,7.19
2124255,Cc1ccc(c2onc(C)c2)c(n1)C(=O)N3C4CCC3C(COc5ccc(F)cn5)C4,CHEMBL3659237,Ki,7.19
2117932,Cc1cccc(c1)c2sc(C)nc2C(=O)N3CCC[C@H]3Cc4ccc5OCOc5c4,CHEMBL3741099,IC50,7.19
2117426,Cn1ccc2c(CN3C(=O)CCCC34CCN(CC4)c5cnc6ccccc6n5)cccc12,CHEMBL3669467,Ki,7.19
2124267,C=CCCCc1ccc2cc(ccc2c1)N3CCCN(CC3)C(=O)c4cc(CC=C)ccc4n5nccn5,CHEMBL466260,Ki,7.2
2116926,CC(NC(=O)COc1cc(C(F)F)c2c(nn(C)c2n1)c3ccccc3)c4c(C)nn(C)c4C,CHEMBL3634028,Ki,7.2
2116749,CC1(C)OC[C@H](NC(=O)Nc2cc(Cl)ccc2Cl)[C@@H](O1)c3ccccc3,CHEMBL361716,Ki,7.2
2120508,COc1cc(nc(n1)N(C)C)N2CC3CN(CC3C2)C(=O)c4ccccc4n5nccn5,CHEMBL3646156,Ki,7.2
2122005,COc1ccc(cc1OC)N2C(=O)N(Cc3c(F)cc(F)cc3OC)c4ccccc4S2(=O)=O,CHEMBL3741373,Ki,7.2
2121161,COc1ccc(cc1OC)N2C(=O)N(Cc3ccc(Cl)cc3F)c4ccccc4S2(=O)=O,CHEMBL3740284,Ki,7.2
2120562,COc1ccc2[C@H](CCc2c1)NC(=O)COc3cc(C(F)F)c4c(nn(C)c4n3)C5CC5,CHEMBL3665725,Kd,7.2
2120093,CSc1cccc(NC(=O)[C@@H]2CCCN2S(=O)(=O)c3ccc(cc3)C(F)(F)F)c1,CHEMBL3667556,IC50,7.2
2116791,Cc1ccc(Cl)c(NC(=O)N[C@H]2COC(C)(C)O[C@H]2c3ccccc3)c1,CHEMBL182473,Ki,7.2
2124331,C[C@H]1[C@@H](CCCN1C(=O)c2ccc(C)nc2n3ccnn3)Nc4oc5ccccc5n4,CHEMBL3669027,Ki,7.21
2119614,Cc1cc(C)cc(NC(=O)[C@@H]2CCCN2S(=O)(=O)c3ccc(Br)cc3C)c1,CHEMBL3667604,IC50,7.21
2124341,Cc1ccc(c(n1)C(=O)N2C3CCC2C(COc4ccc(F)cn4)C3)n5cccn5,CHEMBL3659238,Ki,7.21
2119544,CN(C)c1nc(cc(n1)C(F)(F)F)N2CC3CN(CC3C2)C(=O)c4c(F)cccc4c5ncccn5,CHEMBL3649077,Ki,7.22
2116487,COc1ccc(C[C@@H]2CCCN2C(=O)c3nc(C)ccc3c4ncccn4)cc1OC,CHEMBL3740670,IC50,7.22
2121011,COc1ccc(cc1)S(=O)(=O)N2CCC[C@H]2C(=O)Nc3cc(C)cc(C)c3,CHEMBL3597952,IC50,7.22
2122396,Cc1cc(C)nc(n1)N2CC3CCN(CC23)C(=O)c4ccccc4c5occc5,CHEMBL3670605,Ki,7.22
2115848,Cc1ccc2[C@H](CCc2n1)NC(=O)COc3cc(C(F)F)c4c(nn(C)c4n3)C5CC5,CHEMBL3665703,Kd,7.22
2124356,FC(F)(F)c1ccc(NC2CC3CCC2N3C(=O)c4ccccc4n5nccn5)nc1,CHEMBL3663490,Ki,7.22
2124365,Fc1ccc(C(=O)N2C3CCC2C(C3)Nc4cnc(cn4)C(F)(F)F)c(c1)c5ncccn5,CHEMBL3663551,Ki,7.22
2124374,Fc1ccc(c(c1)C(=O)N2C3CCC2C(C3)Nc4cnc(cn4)C(F)(F)F)n5nccn5,CHEMBL3663540,Ki,7.22
2124383,O=C(N1C2CCC1C(COc3cnc4ccccc4n3)C2)c5ccccc5n6nccn6,CHEMBL3659203,Ki,7.22
2124392,COc1ccc(C(=O)N2CC3CC(Oc4ccc(cn4)C(F)(F)F)C2C3)c(c1)c5ncccn5,CHEMBL3691815,Ki,7.23
2119144,C[C@@H]1CC[C@H](CN1C(=O)c2cc(C)ccc2n3nccn3)C#Cc4cccc(CO)n4,CHEMBL3235260,IC50,7.23
2121728,C[C@@H]1CC[C@H](CN1C(=O)c2ccccc2n3nccn3)Oc4cc(I)ccn4,CHEMBL3426143,Ki,7.23
2120947,CCc1ccnc(O[C@@H]2CC[C@@H](C)N(C2)C(=O)c3ccccc3n4nccn4)c1,CHEMBL3426134,Ki,7.24
2124407,COc1ccc(C(=O)N2CCC[C@@H](Nc3cnc(cn3)C(F)(F)F)[C@@H]2C)c(c1)n4nccn4,CHEMBL3669033,Ki,7.24
2122595,COc1ccc(cc1OC)S(=O)(=O)N2CCC[C@H]2C(=O)Nc3cccc(SC)c3,CHEMBL3667558,IC50,7.24
2124417,C[C@H]1[C@@H](CCCN1C(=O)c2nc(C)ccc2c3ncccn3)Nc4ncc(cn4)C(F)(F)F,CHEMBL3669029,Ki,7.24
2124426,Fc1cccc(c1C(=O)N2C3CCC2C(COc4cnc5ccccc5n4)C3)n6nccn6,CHEMBL3659204,Ki,7.24
2117748,COc1ccc(cn1)C(C)NC(=O)COc2cc(C(F)F)c3c(nn(C)c3n2)c4ccccc4,CHEMBL3665713,Kd,7.25
2124436,Cc1ccc(c(c1)C(=O)N2C3CCC2C(COc4ncccc4C(F)(F)F)C3)n5nccn5,CHEMBL3659184,Ki,7.25
2116692,COc1cc2CCC(NC(=O)COc3cc(C)c4c(nn(C)c4n3)C5CC5)c2cc1OC,CHEMBL3665735,Kd,7.26
2121432,COc1ccc(cc1)S(=O)(=O)N2CCC[C@H]2C(=O)Nc3cccc(c3)C(F)(F)F,CHEMBL3667565,IC50,7.26
2120414,C[C@@H]1CS[C@@H](COc2ccccn2)CN1C(=O)c3ccccc3n4nccn4,CHEMBL3672936,Ki,7.26
2124448,C[C@H]1[C@@H](CCCN1C(=O)c2ncc(C)cc2c3occn3)Nc4ccc(Cl)cn4,CHEMBL3669028,Ki,7.26
2124457,Clc1ccc(NC2CC3CCC2N3C(=O)c4ccccc4n5nccn5)nc1,CHEMBL3663505,Ki,7.26
2124466,Fc1cccc(C(=O)N2CC3CC(Oc4ccc(cn4)C(F)(F)F)C2C3)c1Br,CHEMBL3691839,Ki,7.26
2124475,O=C(N1C[C@H]2CN([C@H]2C1)c3nccc(n3)c4ccccc4)c5ccccc5c6cccs6,CHEMBL3665631,Ki,7.26
2121555,CCc1cccc(NC(=O)[C@@H]2CCCN2S(=O)(=O)c3ccc(OC)cc3)c1,CHEMBL3667581,IC50,7.27
2124485,COc1ccc(C(=O)N2C3CCC2C(C3)Nc4cnc(cn4)C(F)(F)F)c(c1)c5ncccn5,CHEMBL3663533,Ki,7.27
2121501,C[C@H]1CCN(CCN1C(=O)c2ccccc2n3nccn3)c4ncc5ccccc5n4,CHEMBL1082414,Ki,7.27
2124496,C[C@H]1[C@@H](CCCN1C(=O)c2ccccc2n3nccn3)Nc4ncc(Cl)cn4,CHEMBL3704950,Ki,7.27
2117800,Cc1ccc2[C@H](CCc2n1)NC(=O)COc3cc(C)c4c(nn(C)c4n3)C5CC5,CHEMBL3634022,Kd,7.27
2122447,Cc1nc(nc(C)c1Cl)N2CC3CN(CC3C2)C(=O)c4ccccc4c5ncn(C)n5,CHEMBL3652467,Ki,7.27
2124507,CCOc1ccc2[C@H](CCc2c1)NC(=O)COc3cc(C)c4c(nn(C)c4n3)C5CC5,CHEMBL3665731,Kd,7.28
2124517,COc1cc2CCN(CC(=O)NCc3ccccc3)C(Cc4ccc(Oc5ncccn5)c(OC)c4)c2cc1OC,CHEMBL451281,IC50,7.28
2117691,C[C@@H]1CCN(CCN1C(=O)c2cc(C)ccc2n3nccn3)c4nc(N)c5c(C)csc5n4,CHEMBL3260835,IC50,7.28
2119596,C[C@H](NC(=O)COc1cc(C)c2c(nn(C)c2n1)c3cnccn3)c4ccc(C)cc4,CHEMBL3634025,Ki,7.28
2124531,C[C@H]1[C@@H](CCCN1C(=O)c2ccc(C)nc2n3nccn3)Nc4ncc(cn4)C(F)(F)F,CHEMBL3669022,Ki,7.28
2124540,C[C@H]1[C@@H](CCCN1C(=O)c2ncc(C)cc2c3occn3)Nc4cnc(cn4)C(F)(F)F,CHEMBL3669034,Ki,7.28
2120803,Cc1ccc(c(c1)C(=O)N2CCC3CN(C3C2)c4nc(C)cc(C)n4)n5nccn5,CHEMBL3670617,Ki,7.28
2124550,Fc1ccc(OCC2CC3CCC2N3C(=O)c4cccc(F)c4c5ncccn5)nc1,CHEMBL3663428,Ki,7.28
2124559,Fc1cccc(C(=O)N2C3CCC2C(C3)Nc4ccc(cn4)C(F)(F)F)c1c5ncccn5,CHEMBL3663486,Ki,7.28
2117837,O=C1N2CCCN(CC2)c3ccc4cc(CCCCc5ccc(c1c5)n6nccn6)ccc4c3,CHEMBL512778,Ki,7.29
2122819,COc1ccc(cc1OC)N2C(=O)N(Cc3c(F)cc(F)cc3F)c4ccccc4S2(=O)=O,CHEMBL3741978,Ki,7.3
2116496,Cc1ccc(c(c1)C(=O)N2C3CCC2C(COc4ccc(cn4)C(F)(F)F)C3)n5nccn5,CHEMBL3659183,Ki,7.3
2124574,Cc1ccc(c(n1)C(=O)N2C3CCC2C(C3)Nc4cnc5ccccc5n4)n6nccn6,CHEMBL3663499,Ki,7.3
2124584,COc1ccc(CC2N(CC(=O)NC3CCc4ccccc34)CCc5cc(OC)c(OC)cc25)cc1OC,CHEMBL490484,IC50,7.31
2124594,COc1ccc2cccnc2c1C(=O)N3C4CCC3C(COc5ccccn5)C4,CHEMBL3663395,Ki,7.31
2121201,C[C@@H]1CC[C@H](CN1C(=O)c2ccccc2n3nccn3)Oc4cc(ccn4)C#C,CHEMBL3426136,Ki,7.31
2122900,Cn1c(CCC(=O)N2CCC[C@H]2C(=O)Nc3ccccc3n4cccc4)nc5ccccc15,CHEMBL404734,Ki,7.31
2116441,COc1ccc(c(n1)C(=O)N2C3CCC2C(COc4ccc(F)cn4)C3)n5nccn5,CHEMBL3663418,Ki,7.32
2124608,C[C@H](NC(=O)COc1cc(c2c(nn(C)c2n1)c3cccc(C)c3)C(F)(F)F)c4ccccc4,CHEMBL3665679,Kd,7.32
2124617,C[C@H]1[C@@H](CCCN1C(=O)c2ccc(C)cc2n3nccn3)Nc4ncc(Cl)cn4,CHEMBL3669040,Ki,7.32
2119822,Cc1cc(C)cc(NC(=O)[C@@H]2CCCN2S(=O)(=O)c3ccc(Cl)c(c3)C(F)(F)F)c1,CHEMBL3667600,IC50,7.32
2124627,Cc1ccc(c(n1)C(=O)N2C3CCC2C(C3)Nc4ccc(cn4)C(F)(F)F)n5nccn5,CHEMBL3663481,Ki,7.32
2124636,Fc1cccc(c1C(=O)N2C3CCC2C(C3)Nc4cnc(cn4)C(F)(F)F)n5nccn5,CHEMBL3663542,Ki,7.32
2120358,CN(C)c1nc(cc(n1)C(F)(F)F)N2CC3CCN(CC23)C(=O)c4cc(F)ccc4n5nccn5,CHEMBL3670635,Ki,7.33
2118331,C[C@@H]1CCN(CCN1C(=O)c2cc(C)ccc2n3nccn3)c4nc(N)c5cc(C)sc5n4,CHEMBL3260833,IC50,7.33
2124648,C[C@H]1[C@@H](CCCN1C(=O)c2ccc(C)nc2n3ccnn3)Nc4cnc(cn4)C(F)(F)F,CHEMBL3669044,Ki,7.33
2124657,Cc1ccc(C(=O)N2CC3CC(Oc4ccc(cn4)C(F)(F)F)C2C3)c(n1)n5nccn5,CHEMBL3691826,Ki,7.33
2124666,Fc1ccc(OCC2CC3CCC2N3C(=O)c4cc(F)ccc4n5nccn5)nc1,CHEMBL3659199,Ki,7.33
2117361,Fc1ccc(OCC2CC3CCC2N3C(=O)c4ccccc4n5nccn5)nc1,CHEMBL3659191,Ki,7.33
2117265,Fc1ccc(c(c1)C(=O)N2CCC3CN(C3C2)c4cnc5ccccc5n4)c6ncccn6,CHEMBL3670624,Ki,7.33
2119737,COc1ccc(cn1)C(C)NC(=O)COc2cc(c3c(nn(C)c3n2)c4ccccc4)C(F)(F)F,CHEMBL3665687,Kd,7.34
2119154,C[C@H](NC(=O)COc1cc(C)c2c(nn(C)c2n1)c3cncs3)c4ccc(C)cc4,CHEMBL3665699,Kd,7.34
2124679,Cc1cccc(OCC2CC3CCC2N3C(=O)c4nc(C)ccc4n5nccn5)n1,CHEMBL3659230,Ki,7.34
2124688,Cc1nc(C(=O)N2C3CCC2C(C3)Nc4cnc(cn4)C(F)(F)F)c(s1)c5ccc(F)cc5,CHEMBL3663528,Ki,7.34
2124698,CCCCNC(=O)C(N1CCc2cc(OC)c(OC)cc2C1Cc3ccc(cc3)N(C)C)c4ccccc4,CHEMBL489685,IC50,7.35
2116702,COc1ccc(C[C@@H]2CCCN2C(=O)c3cc(C)ccc3n4cccn4)cc1OC,CHEMBL3740565,IC50,7.35
2124709,COc1ccccc1c2nn(C)c3nc(OCC(=O)N[C@@H](C)c4ccc(C)cc4)ccc23,CHEMBL3665714,Kd,7.35
2118422,C[C@@H]1CCN(CCN1C(=O)c2cc(C)ccc2n3nccn3)c4ncc5c(C)coc5n4,CHEMBL3260826,IC50,7.35
2124720,C[C@H](NC(=O)COc1cc(C)c2c(nn(C)c2n1)c3ccccc3)c4ccccc4,CHEMBL3665674,Kd,7.35
2124729,Fc1ccc(c2ncccn2)c(c1)C(=O)N3C4CCC3C(C4)Nc5cnc(cn5)C(F)(F)F,CHEMBL3663527,Ki,7.35
2122047,CCOc1ccc2ccccc2c1C(=O)N3CCC4CN(C4C3)c5nc(C)cc(C)n5,CHEMBL3670616,Ki,7.36
2124740,COc1cc2CCN(CC(=O)NC3CCc4ccccc34)C(Cc5ccc(C)c(C)c5)c2cc1OC,CHEMBL522786,IC50,7.36
2120604,C[C@H](NC(=O)COc1cc(c2c(nn(C)c2n1)C3CC3)C(F)(F)F)c4ccc(C)cc4,CHEMBL3665708,Kd,7.36
2121393,COCc1nc(C)ncc1OC[C@]2(C[C@H]2C(=O)Nc3ccc(cn3)C#N)c4ccccc4,CHEMBL3585942,Ki,7.37
2122347,COc1ccc(C)cc1S(=O)(=O)N2CCC[C@H]2C(=O)Nc3cc(C)cc(C)c3,CHEMBL3667595,IC50,7.37
2119190,Fc1cccc(c1C(=O)N2CC[C@H]3CN([C@H]3C2)c4oc5ccc(Cl)cc5n4)n6nccn6,CHEMBL3670529,Ki,7.37
2120367,CN(C)c1nc(cc(n1)C(F)(F)F)N2CC3CN(CC3C2)C(=O)c4ccccc4n5nccn5,CHEMBL3649082,Ki,7.38
2115436,COc1cccc(c1)C(C)NC(=O)COc2cc(c3c(nn(C)c3n2)c4ccccc4)C(F)(F)F,CHEMBL3634010,Kd,7.38
2119410,Cc1cc(nc(n1)C(F)(F)F)N2CC3CN(CC3C2)C(=O)c4c(F)cccc4c5ncccn5,CHEMBL3649078,Ki,7.38
2124758,Fc1ccc(C(=O)N2CC3CC(Oc4ccc(cn4)C(F)(F)F)C2C3)c(c1)n5nccn5,CHEMBL3691838,Ki,7.38
2124767,Fc1cccc(C(=O)N2C3CCC2C(C3)Nc4ncc(cn4)C(F)(F)F)c1c5ncccn5,CHEMBL3663555,Ki,7.38
2124776,COc1cccc(c1C(=O)N2C3CCC2C(C3)Nc4cnc(cn4)C(F)(F)F)n5nccn5,CHEMBL3663526,Ki,7.39
2124785,Cc1ccc(c(n1)C(=O)N2C3CCC2C(COc4ccccn4)C3)n5nccn5,CHEMBL3659178,Ki,7.39
2124794,Cc1cccc(C(=O)N2C3CCC2C(C3)Nc4cnc(cn4)C(F)(F)F)c1c5cccnn5,CHEMBL3663547,Ki,7.39
2116563,Cc1ccnc(OCC2CC3CCC2N3C(=O)c4cc(C)ccc4n5nccn5)c1,CHEMBL3659186,Ki,7.39
2124804,Fc1ccc(c(c1)C(=O)N2C3CCC2C(COc4ccccn4)C3)c5ncccn5,CHEMBL3659176,Ki,7.39
2121371,CCc1nc(Cl)c2[C@H](CCc3ccc(cc3)C(F)(F)F)N(CCn12)[C@@H](C(=O)NC)c4ccccc4,CHEMBL2347482,IC50,7.4
2122941,COc1cc(cnc1OC)N2C(=O)N(Cc3c(F)cc(F)cc3Cl)c4ccccc4S2(=O)=O,CHEMBL3741721,Ki,7.4
2124816,COc1ccc(cc1)[C@H](C)NC(=O)COc2cc(C)c3c(nn(C)c3n2)c4cc(C)oc4C,CHEMBL3665717,Kd,7.4
2124825,COc1cccc(c1C(=O)N2CC3CC(Oc4ccc(cn4)C(F)(F)F)C2C3)n5nccn5,CHEMBL3691818,Ki,7.4
2119295,C[C@H]1[C@@H](CCCN1C(=O)c2cc(C)ccc2c3ncccn3)Nc4nc(C)cc(C)n4,CHEMBL3704929,Ki,7.4
2124835,C[C@H]1[C@@H](CCCN1C(=O)c2ccc(C)nc2n3nccn3)Nc4oc5ccccc5n4,CHEMBL3669026,Ki,7.4
2117921,Cc1cc(Br)ccc1NC(=O)N[C@H]2COC(C)(C)O[C@H]2c3ccccc3,CHEMBL185093,Ki,7.4
2117127,Cc1ccc(c(c1)C(=O)N2CC3CN(CC3C2)c4nccc(n4)c5ccccc5)n6nccn6,CHEMBL3649088,Ki,7.4
2124847,Cc1ccc(c2ncccn2)c(n1)C(=O)N3C4CCC3C(C4)Nc5ccc(Br)cn5,CHEMBL3663511,Ki,7.4
2124857,Cl.Cc1oc2cc(NC(=O)Nc3ccnc4cccnc34)ccc2n1,CHEMBL2111553,IC50,7.4
2122088,O=C(CCc1nc2ccccc2[nH]1)N3CCC[C@H]3C(=O)Nc4ccccc4c5ccccc5,CHEMBL271232,Ki,7.4
2121950,CSc1ccnc(O[C@@H]2CC[C@@H](C)N(C2)C(=O)c3ccccc3n4nccn4)c1,CHEMBL3426145,Ki,7.41
2122889,Cc1ncc(OC[C@]2(C[C@H]2C(=O)Nc3ccc(Cl)cn3)c4ccccc4)c(C)n1,CHEMBL3585948,Ki,7.41
1735635,Cc1ncc(OC[C@]2(C[C@H]2C(=O)Nc3ccc(F)cn3)c4ccc(F)cc4)c(C)n1,CHEMBL3585954,Ki,7.41
2122911,O=C(CSc1nc2ccccc2s1)N3CCC[C@H]3C(=O)Nc4ccccc4n5cccc5,CHEMBL403667,Ki,7.41
2115693,O=C(N1CC2CN(C2C1)c3nccc(n3)c4ccccc4)c5ccccc5c6cccs6,CHEMBL3665625,Ki,7.41
2124878,CCOc1ccc(C)nc1C(=O)N2CCC[C@@H](Nc3ccc(cn3)C(F)(F)F)[C@@H]2C,CHEMBL3704938,Ki,7.42
2124887,C[C@H]1[C@@H](CCCN1C(=O)c2ccc(C)nc2n3ccnn3)Nc4ccc(cn4)C(F)(F)F,CHEMBL3669042,Ki,7.42
2124896,FC(F)(F)c1cnc(NC2CC3CCC2N3C(=O)c4ccccc4n5nccn5)cn1,CHEMBL3663477,Ki,7.42
2116164,COc1cc2CCN(C(C(=O)NC3CC3)c4ccccc4)C(Cc5ccc6ccccc6c5)c2cc1OC,CHEMBL490082,IC50,7.43
2118342,C[C@@H]1CCN(CCN1C(=O)c2cc(C)ccc2n3nccn3)c4ncc5c(C)csc5n4,CHEMBL3260828,IC50,7.43
2121451,C[C@@H]1CC[C@H](CN1C(=O)c2ccccc2n3nccn3)Oc4ccc(C)cn4,CHEMBL3426130,Ki,7.43
2118726,C[C@H](NC(=O)COc1cc(C(F)F)c2c(nn(C)c2n1)c3ccccc3)c4ccc(C)cc4,CHEMBL3665712,Kd,7.43
2124912,Cc1ccc(c2ncccn2)c(n1)C(=O)N3C4CCC3C(C4)Nc5ccc(cn5)C(F)(F)F,CHEMBL3663489,Ki,7.43
2124921,Cc1cccc(C(=O)N2C3CCC2C(C3)Nc4ncc(cn4)C(F)(F)F)c1c5ccccn5,CHEMBL3663574,Ki,7.43
2124930,Fc1ccc(C(=O)N2C3CCC2C(C3)Nc4ccc(cn4)C(F)(F)F)c(c1)c5ncccn5,CHEMBL3663563,Ki,7.43
2124940,CCN(CC)c1ccc(NC(=O)c2oc3ccccc3c2C)cc1,CHEMBL2413519,Ki,7.44
2119022,COc1ccc(cc1)[C@H](C)NC(=O)COc2cc(C(F)F)c3c(nn(C)c3n2)C4CC4,CHEMBL3665706,Kd,7.44
2120910,O=C1CCCC2(CCN(CC2)c3oc4ccccc4n3)N1Cc5cccc6[nH]ccc56,CHEMBL2435409,Kd,7.44
2119535,CCOc1ccc2ccccc2c1C(=O)N3C4CCC3C(COc5nc(C)cc(C)n5)C4,CHEMBL3659210,Ki,7.46
2124953,CCOc1ccc2cccnc2c1C(=O)N3C4CCC3C(C4)Nc5cnc(cn5)C(F)(F)F,CHEMBL3663572,Ki,7.46
2118610,Cc1cc(C)cc(NC(=O)[C@@H]2CCCN2S(=O)(=O)c3ccc(Cl)cc3)c1,CHEMBL3667593,IC50,7.46
2117999,Cc1cccc(c1)c2sc(C)nc2C(=O)N3CCC[C@H]3Cc4ccc5OCCOc5c4,CHEMBL3742301,IC50,7.46
2119585,C[C@@H]1CC[C@H](COc2ccc(F)c(C)c2)CN1C(=O)c3cc(C)ccc3n4nccn4,CHEMBL3769978,Ki,7.47
2122649,Cc1nc(nc(C)c1Cl)N2CC3CN(CC3C2)C(=O)c4c(F)cccc4n5nccn5,CHEMBL3652464,Ki,7.47
2115866,Cc1oc(C)c(c1)c2nn(C)c3nc(OCC(=O)N[C@H]4CCc5nc(C)ccc45)cc(c23)C(F)(F)F,CHEMBL3665734,Kd,7.47
2120822,COc1ccc(C[C@@H]2CCCN2C(=O)c3ccccc3c4onc(C)n4)cc1OC,CHEMBL3739613,IC50,7.48
2119919,COc1ccc(Cl)c(C[C@@H]2CCCN2C(=O)c3nc(C)sc3c4cccc(C)c4)c1,CHEMBL3740773,IC50,7.48
2124970,C[C@H]1[C@@H](CCCN1C(=O)c2ncc(C)cc2n3nccn3)Nc4ncc(cn4)C(F)(F)F,CHEMBL3669024,Ki,7.48
2118619,Cc1ccc(c(c1)C(=O)N2C3CCC2C(COc4cc(C)nc(n4)C(F)(F)F)C3)n5nccn5,CHEMBL3663476,Ki,7.48
2124980,Fc1ccc(OCC2CC3CCC2N3C(=O)c4c(F)cccc4c5ncccn5)nc1,CHEMBL3659200,Ki,7.48
2117942,Fc1ccc(c(c1)C(=O)N2CC[C@H]3CN([C@H]3C2)c4cnc5ccccc5n4)n6nccn6,CHEMBL2413511,Ki,7.48
2124990,COc1ccc(C(=O)N2CCC[C@@H](Nc3ccc(cn3)C(F)(F)F)[C@@H]2C)c(c1)n4nccn4,CHEMBL3669045,Ki,7.5
2121761,COc1ccc(cc1)C(C)NC(=O)COc2cc(c3c(nn(C)c3n2)c4ccccc4)C(F)(F)F,CHEMBL3634007,Kd,7.5
2125000,COc1cccc(c2ncccn2)c1C(=O)N3C4CCC3C(C4)Nc5cnc(cn5)C(F)(F)F,CHEMBL3663570,Ki,7.5
2125009,Cc1ccc(N2CCCC2)c(n1)C(=O)N3C4CCC3C(COc5ccccn5)C4,CHEMBL3663404,Ki,7.5
2122213,Cc1ncc(OC[C@]2(C[C@H]2C(=O)Nc3ccc(cn3)C#N)c4cccc(F)c4)c(C)n1,CHEMBL2425786,Ki,7.5
2120181,Clc1ccc2oc(nc2c1)N3C[C@@H]4CCN(C[C@H]34)C(=O)c5ccccc5n6nccn6,CHEMBL3670528,Ki,7.5
2119764,O=C(N1CCC2CN(C2C1)c3cnc4ccccc4n3)c5ccccc5n6nccn6,CHEMBL3670628,Ki,7.5
2121382,CNC(=O)[C@H](N1CCn2c(nc(Cl)c2[C@@H]1CCc3ccc(cc3)C(F)(F)F)C4CC4)c5ccccc5,CHEMBL2347607,IC50,7.51
2121771,COc1ccc(cc1)S(=O)(=O)N2CCC[C@H]2C(=O)Nc3cccc(SC)c3,CHEMBL3667554,IC50,7.51
2118433,C[C@@H]1CCN(CCN1C(=O)c2ccccc2n3nccn3)c4nc(N)c5cc(C)sc5n4,CHEMBL3260834,IC50,7.51
2119380,C[C@@H]1CC[C@H](CN1C(=O)c2cc(C)ccc2n3nccn3)C#Cc4ccc(F)cn4,CHEMBL3235253,IC50,7.51
2121791,COc1ccc(cc1F)[C@]2(COc3cnc(C)nc3C)C[C@H]2C(=O)Nc4ccc(F)cn4,CHEMBL2425783,Ki,7.52
2115839,Cc1ccc(c2ncccn2)c(n1)C(=O)N3C4CCC3C(C4)Nc5cnc6ccccc6n5,CHEMBL3663502,Ki,7.52
2125033,COc1ccc(c(c1)C(=O)N2C3CCC2C(C3)Nc4cnc(cn4)C(F)(F)F)n5nccn5,CHEMBL3663539,Ki,7.54
2125042,C[C@H]1[C@@H](CCCN1C(=O)c2ccccc2n3nccn3)Nc4ncc(cn4)C(F)(F)F,CHEMBL3704954,Ki,7.54
2119063,Cc1ccc(c(c1)C(=O)N2C3CCC2C(COc4nc(C)cc(C)n4)C3)n5nccn5,CHEMBL3659208,Ki,7.54
2119073,Cc1ccc(c(c1)C(=O)N2CCCN(CC2)c3ncc4ccccc4n3)n5nccn5,CHEMBL469146,IC50,7.54
2125054,Cc1cccc(C(=O)N2C3CCC2C(COc4ccc(F)cn4)C3)c1n5nccn5,CHEMBL3663429,Ki,7.54
2125064,CCn1cc(C(=O)N2CCCCC2Cc3ccc(OC)c(OC)c3)c4ccccc14,CHEMBL3739704,IC50,7.55
2120221,COc1ccc(CCC2CCCCN2C(=O)c3cc(C)ccc3n4nccn4)cc1OC,CHEMBL3742247,IC50,7.55
2121596,COc1cccc(c1)S(=O)(=O)N2CCC[C@H]2C(=O)Nc3cccc(SC)c3,CHEMBL3667551,IC50,7.55
2118798,C[C@@H]1CCN(CCN1C(=O)c2ccccc2n3nccn3)c4nc(N)c5c(C)csc5n4,CHEMBL3260836,IC50,7.55
2125077,C[C@H]1[C@@H](CCCN1C(=O)c2nc(C)ccc2c3ncccn3)Nc4cnc(cn4)C(F)(F)F,CHEMBL3669035,Ki,7.55
2123130,O=C(CSc1nc2ccccc2[nH]1)N3CCC[C@H]3C(=O)Nc4ccccc4n5cccc5,CHEMBL403259,Ki,7.55
2125088,CCOc1ccc2cccnc2c1C(=O)N3CC4CC(Oc5ccc(cn5)C(F)(F)F)C3C4,CHEMBL3691813,Ki,7.57
2125099,CN(C)c1ccc(NC(=O)Nc2cc(C)nc3c(F)cc(F)cc23)cc1,CHEMBL1334465,Kd,7.57
2119053,C[C@@H]1CCN(CCN1C(=O)c2ccccc2n3nccn3)c4ncc5cc(F)ccc5n4,CHEMBL1083358,IC50,7.57
2119605,C[C@H](NC(=O)COc1cc(C)c2c(nn(C)c2n1)c3ncccc3F)c4ccc(C)cc4,CHEMBL3665692,Kd,7.57
2125112,Fc1cccc(C(=O)N2C3CCC2C(C3)Nc4cnc(cn4)C(F)(F)F)c1n5nccn5,CHEMBL3663536,Ki,7.57
2125121,Fc1cccc(C(=O)N2C3CCC2C(C3)Nc4ncc(cn4)C(F)(F)F)c1c5occn5,CHEMBL3663567,Ki,7.57
2122663,Fc1ccccc1c2ccccc2NC(=O)[C@@H]3CCCN3C(=O)CCc4nc5ccccc5[nH]4,CHEMBL404053,Ki,7.57
2125132,OCc1ccc(c(c1)C(=O)N2C3CCC2C(COc4ccc(F)cn4)C3)n5nccn5,CHEMBL3663430,Ki,7.57
2117274,CC(NC(=O)COc1cc(c2c(nn(C)c2n1)c3ccccc3)C(F)(F)F)c4c(C)nn(C)c4C,CHEMBL3665688,Kd,7.59
2120271,COc1cccc(C[C@@H]2CCCN2C(=O)c3nc(C)sc3c4cccc(C)c4)c1Cl,CHEMBL3741058,IC50,7.59
2118411,C[C@@H]1CCN(CCN1C(=O)c2cc(C)ccc2n3nccn3)c4nc(N)c5ccsc5n4,CHEMBL3260831,IC50,7.59
2121802,C[C@@H]1CC[C@H](CN1C(=O)c2cc(C)ccc2n3nccn3)C#Cc4ccncc4,CHEMBL3235256,Ki,7.59
2125147,C[C@H]1[C@@H](CCCN1C(=O)c2ccccc2n3nccn3)Nc4oc5ccc(Cl)cc5n4,CHEMBL3704964,Ki,7.59
2115731,C[C@H]1[C@@H](CCCN1C(=O)c2ncc(C)cc2c3ncccn3)Nc4ccc(cn4)C(F)(F)F,CHEMBL3704947,Ki,7.59
2125157,Cc1ccc(c(n1)C(=O)N2C3CCC2C(C3)Nc4ccc(Br)cn4)n5nccn5,CHEMBL3663514,Ki,7.59
2125166,Cc1cccc(C(=O)N2C3CCC2C(C3)Nc4ncc(cn4)C(F)(F)F)c1n5nccn5,CHEMBL3663556,Ki,7.59
2123100,COc1ccc(cc1OC)N2C(=O)N(Cc3c(F)cc(F)cc3Cl)c4ccccc4S2(=O)=O,CHEMBL3740873,Ki,7.6
2122951,COc1ccc(nc1OC)N2C(=O)N(Cc3c(F)cc(F)cc3F)c4ncccc4S2(=O)=O,CHEMBL3741584,Ki,7.6
2121321,C[C@@H]1CS[C@@H](COc2ccc(C)cn2)CN1C(=O)c3ccccc3n4nccn4,CHEMBL3672928,Ki,7.6
2125178,C[C@H]1[C@@H](CCCN1C(=O)c2ccc(C)cc2n3nccn3)Oc4ncc(cn4)C(F)(F)F,CHEMBL3669049,Ki,7.6
2125187,C[C@H]1[C@@H](CCCN1C(=O)c2ccccc2n3nccn3)Nc4cnc(cn4)C(F)(F)F,CHEMBL3704957,Ki,7.6
2125196,C[C@H]1[C@@H](CCCN1C(=O)c2ncc(C)cc2c3occn3)Nc4oc5ccccc5n4,CHEMBL3669037,Ki,7.6
2125205,C[C@H]1[C@@H](CCCN1C(=O)c2ncccc2n3nccn3)Nc4ccc(cn4)C(F)(F)F,CHEMBL3704942,Ki,7.6
2125214,Cc1ccc(c2occn2)c(n1)C(=O)N3C4CCC3C(COc5ccc(F)cn5)C4,CHEMBL3659231,Ki,7.6
2125223,O=C(N1C2CCC1C(C2)Nc3cnc4ccccc4n3)c5ccccc5n6nccn6,CHEMBL3663498,Ki,7.6
2119391,C[C@@H]1CC[C@H](CN1C(=O)c2cc(C)ccc2n3nccn3)C#Cc4cccnc4O,CHEMBL3235257,Ki,7.62
2125234,C[C@H]1[C@@H](CCCN1C(=O)c2ncc(C)cc2c3occn3)Nc4ccc(Br)cn4,CHEMBL3669031,Ki,7.62
2116054,Cc1ccc(c2ncccn2)c(n1)C(=O)N3C4CCC3C(COc5ccc(F)cn5)C4,CHEMBL3659232,Ki,7.62
2119437,O=C(N1CCC2CN(C2C1)c3cnc4ccccc4n3)c5ccccc5c6ccccc6,CHEMBL3665614,Ki,7.62
2125245,O=C1CCCC2(CCN(CC2)c3cnc4ccccc4n3)N1Cc5noc6ccccc56,CHEMBL3669541,Ki,7.62
2122357,COc1ccc(C[C@@H]2CCCN2C(=O)c3nccnc3c4cccc(C)c4)cc1OC,CHEMBL3739859,IC50,7.64
2125255,C[C@H]1[C@@H](CCCN1C(=O)c2nc(C)ccc2c3ncccn3)Nc4ccc(cn4)C(F)(F)F,CHEMBL3704944,Ki,7.64
2115467,C[C@H]1[C@@H](CCCN1C(=O)c2nc(C)ccc2c3ncccn3)Nc4oc5ccccc5n4,CHEMBL3669032,Ki,7.64
2125265,Cc1ccc(c(n1)C(=O)N2CC3CC(Oc4ccc(cn4)C(F)(F)F)C2C3)n5nccn5,CHEMBL3691825,Ki,7.64
2125274,Cc1ccc(c2ncccn2)c(n1)C(=O)N3C4CCC3C(COc5ccccn5)C4,CHEMBL3659177,Ki,7.64
2117649,Cc1nc(C(=O)N2CCC[C@@H](COc3ccc(F)cc3)C2)c(s1)c4ccccc4,CHEMBL3597954,Ki,7.64
2125285,Fc1cccc(C(=O)N2C3CCC2C(C3)Nc4cnc(cn4)C(F)(F)F)c1c5cnccn5,CHEMBL3663549,Ki,7.64
2118991,Fc1cccc(C(=O)N2CC[C@H]3CN([C@H]3C2)c4cnc5ccccc5n4)c1n6nccn6,CHEMBL3670526,Ki,7.64
2125295,Fc1cccc(c1C(=O)N2CC3CC(Oc4ccc(cn4)C(F)(F)F)C2C3)n5nccn5,CHEMBL3691821,Ki,7.64
2120028,Fc1cccc(c1C(=O)N2CC[C@H]3CN([C@H]3C2)c4cnc5ccccc5n4)n6nccn6,CHEMBL3670527,Ki,7.64
2121170,CSc1cccc(NC(=O)[C@@H]2CCCN2S(=O)(=O)c3ccc(Br)cc3)c1,CHEMBL3667561,IC50,7.66
2118601,C[C@H](NC(=O)COc1cc(C(F)F)c2c(nn(C)c2n1)C3CC3)c4ccc(C)cc4,CHEMBL3665707,Kd,7.66
2125307,Cc1ccc(N2CCCC2)c(n1)C(=O)N3C4CCC3C(COc5ccc(F)cn5)C4,CHEMBL3659236,Ki,7.66
2116656,Cc1cccc(c1)c2sc(C)nc2C(=O)N3CCC[C@H]3Cc4ccc(Cl)c(Cl)c4,CHEMBL3741767,IC50,7.66
2125317,FC(F)(F)c1ccc(OC2CC3CC2N(C3)C(=O)c4ncccc4n5nccn5)nc1,CHEMBL3691827,Ki,7.66
2118561,O=C(N1CCC2CN(C2C1)c3nccc(n3)c4ccccc4)c5ccccc5c6ccccc6,CHEMBL3665615,Ki,7.66
2123265,COC(=O)c1ccc2[nH]cc(CN3CCCC4(CCN(CC4)c5nc(C)cc(C)n5)C3=O)c2c1,CHEMBL2413516,Ki,7.68
2125330,COc1ccc(CC2N(CCc3cc(OC)c(OC)cc23)C(C(=O)Nc4ccc5OCOc5c4)c6ccccc6)cc1OC,CHEMBL444407,IC50,7.68
2121180,CSc1cccc(NC(=O)[C@@H]2CCCN2S(=O)(=O)c3ccc(Br)s3)c1,CHEMBL3667549,IC50,7.68
2119803,C[C@@H]1CC[C@H](CN1C(=O)c2ccccc2n3nccn3)c4oc(C5CC5)c(n4)C(C)(C)O,CHEMBL3597956,IC50,7.68
2125344,C[C@H]1[C@@H](CCCN1C(=O)c2ncc(C)cc2n3nccn3)Nc4oc5ccccc5n4,CHEMBL3669025,Ki,7.68
2125353,Fc1ccc(OCC2CC3CCC2N3C(=O)c4cc(F)ccc4c5ncccn5)nc1,CHEMBL3659201,Ki,7.68
2125362,Fc1ccc(c(c1)C(=O)N2CC3CC(Oc4ccc(cn4)C(F)(F)F)C2C3)n5nccn5,CHEMBL3691817,Ki,7.68
2123531,COc1ccc2[nH]cc(CN3CCCC4(CCN(CC4)c5nc(C)cc(C)n5)C3=O)c2c1,CHEMBL2435400,Ki,7.69
2119707,CC1(C)OC[C@H](NC(=O)Nc2ccc(Cl)cc2Cl)[C@@H](O1)c3ccccc3,CHEMBL185136,Ki,7.7
2122707,COc1cc(cnc1OC)N2C(=O)N(Cc3c(F)cc(F)cc3F)c4ncccc4S2(=O)=O,CHEMBL3740099,Ki,7.7
2116711,COc1ccc(cc1)[C@H](C)NC(=O)COc2cc(C(F)F)c3c(nn(C)c3n2)c4cc(C)oc4C,CHEMBL3665723,Kd,7.7
2117790,Cc1ccc(c(c1)C(=O)N2C3CCC2C(COc4cccc(n4)C(F)(F)F)C3)n5nccn5,CHEMBL3659185,Ki,7.7
2125378,Cc1noc(n1)c2c(F)cccc2C(=O)N3C4CCC3C(C4)Nc5cnc(cn5)C(F)(F)F,CHEMBL3663538,Ki,7.7
2115476,Fc1ccc(OCC2CC3CCC2N3C(=O)c4cc(F)ccc4c5ccn[nH]5)nc1,CHEMBL3663414,Ki,7.7
2125388,CCOc1ccc2ccccc2c1C(=O)N3C4CCC3C(C4)Nc5cnc(cn5)C(F)(F)F,CHEMBL3663523,Ki,7.72
2125397,COc1ccc(cc1)[C@H](C)NC(=O)COc2cc(C)c3c(nn(C)c3n2)c4cc(OC)cc(OC)c4,CHEMBL3665720,Kd,7.72
2115425,COc1ccc2CCC(NC(=O)CN3CCc4cc(OC)c(OC)cc4C3Cc5ccc(OC)c(OC)c5)c2c1,CHEMBL493427,IC50,7.72
2125408,C[C@H]1[C@@H](CCCN1C(=O)c2cc(F)ccc2n3nccn3)Nc4cnc(cn4)C(F)(F)F,CHEMBL3669039,Ki,7.72
2125417,C[C@H]1[C@@H](CCCN1C(=O)c2nc(C)ccc2c3occn3)Nc4ccc(cn4)C(F)(F)F,CHEMBL3704943,Ki,7.72
2115675,Cc1ccc(c(n1)C(=O)N2C3CCC2C(COc4ccc(F)cn4)C3)n5nccn5,CHEMBL3659179,Ki,7.72
2125428,FC(F)(F)c1cnc(N[C@@H]2CC3CCC2N3C(=O)c4ccccc4c5ncccn5)cn1,CHEMBL3597965,Ki,7.72
2125438,Fc1cccc(c2ncccn2)c1C(=O)N3C4CCC3C(C4)Nc5cnc(cn5)C(F)(F)F,CHEMBL3663571,Ki,7.72
2125448,COc1cc2CCN(CC(=O)NCc3ccccc3)C(Cc4ccc(C)c(C)c4)c2cc1OC,CHEMBL489884,IC50,7.75
2121462,C[C@@H]1CC[C@H](CN1C(=O)c2ccsc2n3nccn3)Oc4ncccc4C(C)(C)O,CHEMBL3597961,IC50,7.75
2120114,C[C@H](NC(=O)COc1cc(C)c2c(nn(C)c2n1)C3CC3)c4ccc(C)cc4,CHEMBL3665736,Kd,7.75
2125461,C[C@H]1[C@@H](CCCN1C(=O)c2ncc(C)cc2n3nccn3)Nc4ccc(Br)cn4,CHEMBL3669041,Ki,7.75
2117621,Cc1ccc(cc1)c2ccccc2C(=O)N3CCC4CN(C4C3)c5cnc6ccccc6n5,CHEMBL3670610,Ki,7.75
2125471,CCOc1ncc2ccccc2c1C(=O)N3C4CCC3C(C4)Nc5cnc(cn5)C(F)(F)F,CHEMBL3663530,Ki,7.77
2125481,COc1ccc(CC2N(CC(=O)NCc3ccccc3)CCc4cc(OC)c(OC(C)C)cc24)cc1OC,CHEMBL3771066,IC50,7.77
2121151,COc1ccc(cc1)c2sc(C)nc2C(=O)N3CCC[C@H]3Cc4ccc(OC)c(OC)c4,CHEMBL3740186,IC50,7.77
2125492,COc1cccc(c2ccn[nH]2)c1C(=O)N3CC4CC(Oc5ccc(cn5)C(F)(F)F)C3C4,CHEMBL3691834,Ki,7.77
2118444,C[C@@H]1CC[C@H](CN1C(=O)c2cc(C)ccc2n3nccn3)\C=C\c4ccc(F)cn4,CHEMBL3235251,Ki,7.77
2125503,Cc1cccc(C(=O)N2C3CCC2C(C3)Nc4ncc(cn4)C(F)(F)F)c1c5ncccn5,CHEMBL3663564,Ki,7.77
2121929,O=C1CCCC2(CCN(CC2)c3cnc4ccccc4n3)N1Cc5cccc6[nH]ccc56,CHEMBL2435411,Kd,7.77
2123013,COc1cc(cc(OC)n1)N2C(=O)N(Cc3c(F)cc(F)cc3F)c4ccccc4S2(=O)=O,CHEMBL3741648,Ki,7.8
2122244,COc1ccc(C[C@@H]2CCCN2C(=O)c3ccccc3c4ncccn4)cc1OC,CHEMBL3741003,IC50,7.8
2122499,COc1ccc(C[C@@H]2CCCN2C(=O)c3ccccc3n4nccn4)cc1OC,CHEMBL3739682,IC50,7.8
2120104,C[C@@H]1CC[C@@H](COc2ccc(F)cn2)CN1C(=O)c3cc(C)ccc3c4ncccn4,CHEMBL2107822,IC50,7.8
2120395,C[C@@H]1CC[C@@H](COc2ccc(F)cn2)CN1C(=O)c3cc(C)ccc3n4nccn4,CHEMBL3235249,IC50,7.8
2125520,C[C@H]1[C@@H](CCCN1C(=O)c2cc(F)ccc2n3nccn3)Nc4ccc(cn4)C(F)(F)F,CHEMBL3704945,Ki,7.8
2125529,Cc1cc(C)cc(NC(=O)[C@@H]2CCCN2S(=O)(=O)c3ccc(cc3)S(=O)(=O)C)c1,CHEMBL3667596,IC50,7.8
2118964,Cc1ccc(c(c1)C(=O)N2CC[C@H]3CN([C@H]3C2)c4ccnc(n4)c5ccccc5)C(F)(F)F,CHEMBL3670601,Ki,7.8
2121052,Cc1nc(nc(C)c1C)N2C[C@@H]3CCN(C[C@H]23)C(=O)c4ccccc4n5nccn5,CHEMBL3670636,Ki,7.8
2125540,Fc1cccc(C(=O)N2C3CCC2C(C3)Nc4cnc(cn4)C(F)(F)F)c1c5ncccn5,CHEMBL3663522,Ki,7.8
2125549,CCOc1ncc2ccccc2c1C(=O)N3CC4CC(Oc5ccc(cn5)C(F)(F)F)C3C4,CHEMBL3691811,Ki,7.82
2118151,COc1nc(cs1)c2nn(C)c3nc(OCC(=O)N[C@@H](C)c4ccc(C)cc4)cc(C)c23,CHEMBL3665700,Kd,7.82
2121441,CSc1cccc(NC(=O)[C@@H]2CCCN2S(=O)(=O)c3ccc(Cl)cc3)c1,CHEMBL3667557,IC50,7.82
2118353,C[C@@H]1CCN(CCN1C(=O)c2ccccc2n3nccn3)c4nc(N)c5ccsc5n4,CHEMBL3260832,IC50,7.82
2125562,C[C@H]1[C@@H](CCCN1C(=O)c2ccc(C)cc2n3nccn3)Nc4ccc(Cl)cn4,CHEMBL3669047,Ki,7.82
2120303,Cc1ccc(c(c1)C(=O)N2CCCC(COc3ccc(F)c(C)c3)C2)n4nccn4,CHEMBL3394825,Ki,7.82
2123254,Cn1c(CCC(=O)N2CCC[C@H]2C(=O)Nc3ccccc3c4ccccc4)nc5ccccc15,CHEMBL445161,Ki,7.82
2125575,Fc1ccc(C(=O)N2CC3CC(Oc4ccc(cn4)C(F)(F)F)C2C3)c(c1)c5ncccn5,CHEMBL3691823,Ki,7.82
2125584,Fc1cccc(C(=O)N2C3CCC2C(C3)Nc4ccc(cn4)C(F)(F)F)c1n5nccn5,CHEMBL3663575,Ki,7.82
2125593,CC(NC(=O)COc1cc(C)c2c(nn(C)c2n1)c3cc(C)oc3C)c4c(C)nn(C)c4C,CHEMBL3665718,Kd,7.85
2120937,CCOc1ccc2ccccc2c1C(=O)N3C4CCC3C(COc5ccc(F)cn5)C4,CHEMBL3659197,Ki,7.85
2122367,COc1ccc(cc1)[C@H](C)NC(=O)COc2cc(c3c(nn(C)c3n2)c4ccccc4)C(F)(F)F,CHEMBL3634013,Ki,7.85
2119813,C[C@H](NC(=O)COc1cc(C)c2c(nn(C)c2n1)c3ccc(C)cn3)c4ccc(C)cc4,CHEMBL3665695,Kd,7.85
2125606,C[C@H]1[C@@H](CCCN1C(=O)c2ncc(C)cc2n3nccn3)Nc4ccc(cn4)C(F)(F)F,CHEMBL3704946,Ki,7.85
1735624,Cc1ncc(OC[C@]2(C[C@H]2C(=O)Nc3ccc(F)cn3)c4ccc(F)c(F)c4)c(C)n1,CHEMBL3585956,Ki,7.85
2120664,FC(F)C(F)(F)Oc1ccccc1C(=O)N2CC[C@H]3CN([C@H]3C2)c4ccnc(n4)c5ccccc5,CHEMBL3670602,Ki,7.85
2125618,Fc1ccc(OCC2CC3CCC2N3C(=O)c4cc(Cl)ccc4n5nccn5)nc1,CHEMBL3663424,Ki,7.85
2119895,CCN(CCN(C)c1oc2ccccc2n1)C(=O)c3cc(C)ccc3n4nccn4,CHEMBL3770745,IC50,7.89
2121576,CNC(=O)[C@H](N1CCc2cc(OC)c(OC)cc2[C@@H]1CCc3ccc(cc3)C(F)(F)F)c4ccccc4,CHEMBL455136,Ki,7.89
2123110,C[C@@H]1CC[C@H](CN1C(=O)c2cc(C)ccc2n3nccn3)Oc4cccc5ccccc45,CHEMBL3394828,Ki,7.89
2121274,Cc1cccc(c1)c2sc(C)nc2C(=O)N3CCC[C@H]3Cc4ccc(C)c(Cl)c4,CHEMBL3739577,IC50,7.89
2122170,COc1cc(cnc1OC)N2C(=O)N(Cc3c(F)cc(F)cc3F)c4ccccc4S2(=O)=O,CHEMBL3741125,Ki,7.9
2125635,CCOc1ncc2ccccc2c1C(=O)N3C4CCC3C(COc5ccccn5)C4,CHEMBL3663390,Ki,7.92
2120840,COc1cccc(c1C(=O)N2C3CCC2C(COc4ccc(F)cn4)C3)n5nccn5,CHEMBL3663413,Ki,7.92
2122840,COc1nc(NC(=O)[C@@H]2C[C@@]2(COc3cnc(C)nc3C)c4cccc(F)c4)ccc1F,CHEMBL2425787,Ki,7.92
2118533,C[C@@H]1CC[C@H](CN1C(=O)c2ccccc2n3nccn3)Oc4cccc(C)n4,CHEMBL3426129,Ki,7.92
2125649,C[C@H]1[C@@H](CCCN1C(=O)c2ccc(C)cc2n3nccn3)Nc4ncc(cn4)C(F)(F)F,CHEMBL3669023,Ki,7.92
2125659,C[C@H]1[C@@H](CCCN1C(=O)c2ccc(C)cc2n3nccn3)Oc4ccc(cn4)C(F)(F)F,CHEMBL3597970,Ki,7.92
2125668,C[C@H]1[C@@H](CCCN1C(=O)c2ccc(C)nc2n3nccn3)Nc4ccc(cn4)C(F)(F)F,CHEMBL3669046,Ki,7.92
2125677,C[C@H]1[C@@H](CCCN1C(=O)c2ccccc2n3nccn3)Nc4ccc(Cl)cn4,CHEMBL3704951,Ki,7.92
2125686,C[C@H]1[C@@H](CCCN1C(=O)c2ccccc2n3nccn3)Nc4ncc5ccccc5n4,CHEMBL3704958,Ki,7.92
2125695,C[C@H]1[C@@H](CCCN1C(=O)c2nc(C)ccc2n3nccn3)Nc4ccc(cn4)C(F)(F)F,CHEMBL3704939,Ki,7.92
2117594,Cc1ccc(OCC2CC3CCC2N3C(=O)c4cc(C)ccc4n5nccn5)nc1,CHEMBL3659188,Ki,7.92
2117603,Cc1ccc(c(c1)C(=O)N2C3CCC2C(COc4cccc(C)n4)C3)n5nccn5,CHEMBL3659187,Ki,7.92
2121042,Cc1ccc(c(c1)C(=O)N2CC3CC2CN(C3)c4ncc5ccccc5n4)n6nccn6,CHEMBL1091111,Ki,7.92
2125708,Cc1cccc(C(=O)N2C3CCC2C(C3)Nc4cnc(cn4)C(F)(F)F)c1c5ncccn5,CHEMBL3663557,Ki,7.92
2120654,Cc1nc(C(=O)N2CCCC[C@H]2CCOc3ccc(F)cc3)c(s1)c4ccccc4,CHEMBL3597953,IC50,7.92
2125719,FC(F)(F)c1ccc(OC2CC3CC2N(C3)C(=O)c4ccccc4n5nccn5)nc1,CHEMBL3691810,Ki,7.92
2125729,Fc1ccc(O[C@@H]2CC3CC2N(C3)C(=O)c4ccccc4n5nccn5)nc1,CHEMBL3597967,Ki,7.92
2121973,COc1ccc(C[C@@H]2CCCN2C(=O)c3nc(C)sc3c4ccc5OCOc5c4)cc1OC,CHEMBL3741194,IC50,7.96
2121781,COc1ccc(cc1)[C@H](C)NC(=O)COc2cc(C(F)F)c3c(nn(C)c3n2)c4ccccc4,CHEMBL3665711,Kd,7.96
2121676,COc1cccc(c1)c2sc(C)nc2C(=O)N3CCC[C@H]3Cc4ccc(OC)c(OC)c4,CHEMBL3739958,IC50,7.96
2120758,C[C@H](NC(=O)COc1cc(C)c2c(nn(C)c2n1)c3ncccn3)c4ccc(C)cc4,CHEMBL3634024,Kd,7.96
2125743,C[C@H]1[C@@H](CCCN1C(=O)c2ccccc2n3nccn3)Nc4ccc(cn4)C(F)(F)F,CHEMBL3704935,Ki,7.96
2115588,C[C@H]1[C@@H](CCCN1C(=O)c2ccccc2n3nccn3)Nc4cnc5ccccc5n4,CHEMBL3704967,Ki,7.96
2116907,Cc1nc(C(=O)N2C3CCC2C(COc4ccc(F)cn4)C3)c(s1)c5ccccc5F,CHEMBL3659198,Ki,7.96
2125754,Cc1nc(C(=O)N2C3CCC2C(COc4ccccn4)C3)c(s1)c5ccccc5,CHEMBL3663399,Ki,7.96
2125763,Fc1cccc(c2ncccn2)c1C(=O)N3CC4CC(Oc5ccc(Br)cn5)C3C4,CHEMBL3691840,Ki,7.96
2123423,C[C@@H]1CC[C@H](CN1C(=O)c2ccccc2n3nccn3)Oc4nccc5ccccc45,CHEMBL3394829,Ki,7.98
2118037,CCOc1ccc2ccccc2c1C(=O)N3C4CCC3C(COc5ccccn5)C4,CHEMBL3663396,Ki,8.0
2125775,CCOc1ccc2cccnc2c1C(=O)N3CC4CC(Nc5ccc(cn5)C(F)(F)F)C3C4,CHEMBL3691849,Ki,8.0
2125784,COc1ccc(c(c1)C(=O)N2CCC[C@@H](Nc3ccc(cn3)C(F)(F)F)[C@@H]2C)n4nccn4,CHEMBL3704940,Ki,8.0
2125793,COc1ccc(c(c1)C(=O)N2CCC[C@@H](Nc3ncc(cn3)C(F)(F)F)[C@@H]2C)n4nccn4,CHEMBL3669038,Ki,8.0
2119656,C[C@H](NC(=O)COc1cc(C)c2c(nn(C)c2n1)c3cccc(C)n3)c4ccc(C)cc4,CHEMBL3665702,Kd,8.0
2120123,C[C@H](NC(=O)COc1cc(C)c2c(nn(C)c2n1)c3occn3)c4ccc(C)cc4,CHEMBL3665693,Kd,8.0
2125804,C[C@H]1[C@@H](CCCN1C(=O)c2ccccc2n3nccn3)Nc4ccc(Br)cn4,CHEMBL3704961,Ki,8.0
2122685,Cc1ccc(c(c1)C(=O)N2C[C@H]3CC[C@@H]2CN(C3)c4ncc5ccc(F)cc5n4)n6nccn6,CHEMBL1172519,Ki,8.0
2122202,Cc1cccc(c1)c2sc(C)nc2C(=O)N3CCC3CNC(=O)c4c(N)nc5sccn45,CHEMBL2413369,IC50,8.0
2120889,Fc1ccc(OCC2CC3CCC2N3C(=O)c4ccccc4c5cccs5)nc1,CHEMBL3659181,Ki,8.0
2120899,Fc1ccc(OC[C@@H]2CC3CCC2N3C(=O)c4ccccc4c5cccs5)nc1,CHEMBL3597966,Ki,8.0
2125820,Fc1cccc(C(=O)N2C3CCC2C(C3)Nc4cnc(cn4)C(F)(F)F)c1c5occn5,CHEMBL3663544,Ki,8.0
2123352,O=C(CSc1nc2ccccc2[nH]1)N3CCC[C@H]3C(=O)Nc4ccccc4c5ccccc5,CHEMBL256789,Ki,8.0
2121995,COc1ccc(C[C@@H]2CCCN2C(=O)c3nc(C)sc3c4cccc(Cl)c4)cc1OC,CHEMBL3742079,IC50,8.04
2123089,COCc1nc(C)ncc1OC[C@]2(C[C@H]2C(=O)Nc3ccc(F)cn3)c4ccccc4,CHEMBL2425788,Ki,8.05
2125834,COc1cccc(c2ncccn2)c1C(=O)N3CC4CC(Oc5ccc(cn5)C(F)(F)F)C3C4,CHEMBL3691835,Ki,8.05
2125843,C[C@H]1[C@@H](CCCN1C(=O)c2ccc(C)cc2n3nccn3)Nc4ccc(cn4)C(F)(F)F,CHEMBL3704936,Ki,8.05
2125852,C[C@H]1[C@@H](CCCN1C(=O)c2ccccc2n3nccn3)Nc4oc5ccccc5n4,CHEMBL3704960,Ki,8.05
2117989,Cc1ccc(c(c1)C(=O)N2C3CCC2C(COc4ccc(F)cn4)C3)c5ncccn5,CHEMBL3659202,Ki,8.05
2117066,Cc1ccc(c(c1)C(=O)N2C3CCC2C(COc4ccc(F)cn4)C3)n5nccn5,CHEMBL3659180,Ki,8.05
2120000,Cc1ccc(c(c1)C(=O)N2CCCC(C2)Oc3cccc4ccccc34)n5nccn5,CHEMBL3394827,Ki,8.05
2125865,Cc1ccc(c(n1)C(=O)N2CC3CC(Oc4ccc(Br)cn4)C2C3)n5nccn5,CHEMBL3691843,Ki,8.05
2125874,Cc1cccc(C(=O)N2C3CCC2C(C3)Nc4ncc(cn4)C(F)(F)F)c1c5occn5,CHEMBL3663566,Ki,8.05
2123434,Cn1c(SCC(=O)N2CCC[C@H]2C(=O)Nc3ccccc3n4cccc4)nc5ccccc15,CHEMBL429130,Ki,8.05
2125885,FC(F)(F)c1cnc(NC2CC3CC2N(C3)C(=O)c4ccccc4n5nccn5)cn1,CHEMBL3691852,Ki,8.05
2125894,Fc1ccc(c2ncccn2)c(c1)C(=O)N3CC4CC(Oc5ccc(cn5)C(F)(F)F)C3C4,CHEMBL3691822,Ki,8.05
2125904,CN(C)c1ccc(NC(=O)Nc2ccnc3c(F)ccc(F)c23)cc1,CHEMBL522758,Ki,8.06
2121535,COc1ccc(C[C@@H]2CCCN2C(=O)c3cc(C)ccc3n4nccn4)cc1OC,CHEMBL3740506,IC50,8.07
2121587,COc1ccc(C[C@@H]2CCCN2C(=O)c3nc(C)sc3c4ccc5OCCc5c4)cc1OC,CHEMBL3742040,IC50,8.08
2122337,CCN(CCCOc1ccc(F)cc1)C(=O)c2nc(C)sc2c3ccccc3,CHEMBL3597955,Ki,8.1
2125919,COCCNC(=O)C(N1CCc2cc(OC)c(OC)cc2C1Cc3ccc4ccccc4c3)c5ccccc5,CHEMBL493016,IC50,8.1
2123222,COc1ccc(cc1OC)N2C(=O)N(Cc3c(F)cccc3Cl)c4ccccc4S2(=O)=O,CHEMBL3742392,Ki,8.1
2122868,CSc1cccc(NC(=O)[C@@H]2CCCN2S(=O)(=O)c3cccc(Cl)c3)c1,CHEMBL3667555,IC50,8.1
2125932,C[C@@H]1CCCN([C@@H]1CNC(=O)c2cccc3cccnc23)C(=O)c4nc(C)sc4c5ccc(F)cc5,CHEMBL2031484,IC50,8.1
2123169,C[C@@H]1CS[C@@H](COc2ccc(F)cn2)CN1C(=O)c3ccccc3n4nccn4,CHEMBL3672937,Ki,8.1
2125944,C[C@H]1[C@@H](CCCN1C(=O)c2cc(Cl)ccc2n3nccn3)Nc4ccc(cn4)C(F)(F)F,CHEMBL3597969,Ki,8.1
2125953,C[C@H]1[C@@H](CCCN1C(=O)c2cccc(C)c2n3nccn3)Nc4ccc(cn4)C(F)(F)F,CHEMBL3704941,Ki,8.1
2125962,Cc1cccc(C(=O)N2C3CCC2C(C3)Nc4ccc(cn4)C(F)(F)F)c1n5nccn5,CHEMBL3663576,Ki,8.1
2122428,Cc1nc(C(=O)N2CCCCC2CCOc3ccc(F)cc3)c(s1)c4ccccc4,CHEMBL3771050,Ki,8.1
2125973,Fc1cccc(C(=O)N2CC3CC(Oc4ccc(cn4)C(F)(F)F)C2C3)c1c5ncccn5,CHEMBL3691814,Ki,8.1
2125982,Fc1cccc(c2ncccn2)c1C(=O)N3CC4CC(Oc5ccc(cn5)C(F)(F)F)C3C4,CHEMBL3691833,Ki,8.1
2121919,O=C(N1CCC2CN(C2C1)c3cnc4ccccc4n3)c5ccccc5c6cccs6,CHEMBL3670607,Ki,8.1
2121292,O=C(N1CCC2CN(C2C1)c3cnc4ccccc4n3)c5ccccc5c6occc6,CHEMBL3670608,Ki,8.1
2120643,Cc1ccc(c(c1)C(=O)N2C[C@@H]3CC[C@H]2CCN3c4ncc5ccc(F)cc5n4)n6nccn6,CHEMBL1170179,Ki,8.12
2121717,COc1ccc(OC[C@]2(C[C@H]2C(=O)Nc3ccccc3)c4ccccc4)cc1OC,CHEMBL3343242,Ki,8.14
2125997,CCOc1ccc2cccnc2c1C(=O)N3C4CCC3C(COc5ccccn5)C4,CHEMBL3659243,Ki,8.16
2119793,COc1ccnc(n1)c2nn(C)c3nc(OCC(=O)N[C@@H](C)c4ccc(C)cc4)cc(C)c23,CHEMBL3665698,Kd,8.16
2122850,CSc1cccc(NC(=O)[C@@H]2CCCN2S(=O)(=O)c3ccc(Cl)c(Cl)c3)c1,CHEMBL3667562,IC50,8.16
2122859,CSc1cccc(NC(=O)[C@@H]2CCCN2S(=O)(=O)c3cccc(Br)c3)c1,CHEMBL3667559,IC50,8.16
2121223,C[C@H](NC(=O)COc1cc(c2c(nn(C)c2n1)c3ccccc3)C(F)(F)F)c4c(C)nn(C)c4C,CHEMBL3634021,Ki,8.16
2126011,C[C@H]1[C@@H](CCCN1C(=O)c2ccc(C)cc2n3nccn3)Nc4cnc(cn4)C(F)(F)F,CHEMBL3669030,Ki,8.16
2126020,Cc1cccc(C(=O)N2C3CCC2C(C3)Nc4cnc(cn4)C(F)(F)F)c1c5occn5,CHEMBL3663550,Ki,8.16
2126029,Cc1cccc(C(=O)N2C3CCC2C(C3)Nc4cnc(cn4)C(F)(F)F)c1n5nccn5,CHEMBL3663529,Ki,8.16
1726912,Cc1ncc(OC[C@]2(C[C@H]2C(=O)Nc3ccc(F)cn3)c4cc(F)cc(F)c4)c(C)n1,CHEMBL3585955,Ki,8.16
2126040,Fc1cccc(C(=O)N2CC3CC(Oc4ccc(cn4)C(F)(F)F)C2C3)c1n5nccn5,CHEMBL3691819,Ki,8.16
2121984,CC1(C)OC[C@H](NC(=O)Nc2ccc(Br)cc2Cl)[C@@H](O1)c3ccccc3,CHEMBL185088,Ki,8.2
2123212,COc1ccc(cc1OC)N2C(=O)N(Cc3c(F)cc(C)cc3Cl)c4ccccc4S2(=O)=O,CHEMBL3741094,Ki,8.2
2122025,C[C@@H]1CC[C@H](CN1C(=O)c2cc(C)ccc2n3nccn3)C#Cc4cccc(CO)c4,CHEMBL3235265,IC50,8.2
2123382,C[C@@H]1CCN(CCN1C(=O)c2ccccc2n3nccn3)c4ncc5ccccc5n4,CHEMBL1084949,Ki,8.21
2126056,Brc1ccc(OC2CC3CC2N(C3)C(=O)c4ccccc4n5nccn5)nc1,CHEMBL3691842,Ki,8.22
2120202,CC(NC(=O)COc1cc(c2c(nn(C)c2n1)c3ccccc3)C(F)(F)F)c4c(C)n[nH]c4C,CHEMBL3634008,Kd,8.22
2126067,COc1ccc(C[C@@H]2N(CCc3cc(OC)c(OC)cc23)[C@@H](C(=O)NC(C)C)c4ccccc4)cc1OC,CHEMBL2413367,IC50,8.22
2126077,COc1ccccc1c2nn(C)c3nc(OCC(=O)N[C@@H](C)c4ccccc4)cc(c23)C(F)(F)F,CHEMBL3665683,Kd,8.22
2120084,COc1ccnc(c1)c2nn(C)c3nc(OCC(=O)N[C@@H](C)c4ccc(C)cc4)cc(C)c23,CHEMBL3665721,Kd,8.22
2126088,C[C@@H]1CCCN([C@@H]1CNc2oc3ccccc3n2)C(=O)c4nc(C)sc4c5ccccc5,CHEMBL2031493,IC50,8.22
2122417,Cc1cc(NC(=O)[C@@H]2C[C@@]2(COc3cnc(C)nc3C)c4ccccc4)ncc1F,CHEMBL3585951,Ki,8.22
2126100,Cc1ccc(c(n1)C(=O)N2CC3CC(Nc4ccc(cn4)C(F)(F)F)C2C3)n5nccn5,CHEMBL3691847,Ki,8.22
2126109,Cc1cccc(C(=O)N2C3CCC2C(C3)Nc4ccc(cn4)C(F)(F)F)c1c5occn5,CHEMBL3663577,Ki,8.22
1723821,Cc1ncc(OC[C@]2(C[C@H]2C(=O)Nc3ccc(F)cn3)c4cccc(F)c4)c(C)n1,CHEMBL3545367,Ki,8.22
2126120,Fc1cccc(C(=O)N2CC3CC(Oc4ccc(Br)cn4)C2C3)c1c5ncccn5,CHEMBL3691841,Ki,8.22
2122931,C[C@@H]1CS[C@@H](COc2ccc(Cl)cn2)CN1C(=O)c3ccccc3n4nccn4,CHEMBL3672929,Ki,8.24
2122961,CCn1cc(C(=O)N2CCc3ccsc3C2Cc4ccc(OC)c(OC)c4)c5ccccc15,CHEMBL3742341,IC50,8.27
2126133,Cc1nc(C(=O)N2CCC[C@H]2Cc3oc(nn3)c4ccccc4)c(s1)c5ccccc5F,CHEMBL2110363,Kd,8.29
2122037,CC1(C)OC[C@H](NC(=O)Nc2ccc(Br)cc2Br)[C@@H](O1)c3ccccc3,CHEMBL359632,Ki,8.3
2122604,CSc1cccc(NC(=O)[C@@H]2CCCN2S(=O)(=O)c3ccc(C)c(Cl)c3)c1,CHEMBL3667560,IC50,8.3
2121606,C[C@H](NC(=O)COc1cc(c2c(nn(C)c2n1)c3ccccc3)C(F)(F)F)c4c(C)n[nH]c4C,CHEMBL3634015,Ki,8.3
2119498,Cc1nc(C(=O)N2CCCC[C@H]2CNC(=O)c3cccc4cccnc34)c(s1)c5ccc(F)cc5,CHEMBL2413523,IC50,8.3
2126150,Fc1ccc(c(c1)C(=O)N2CC3CC(Nc4ccc(cn4)C(F)(F)F)C2C3)n5nccn5,CHEMBL3691850,Ki,8.3
2115721,C[C@@H]1CCN(CCN1C(=O)c2ccccc2n3nccn3)c4ncc5c(C)nn(C)c5n4,CHEMBL3260825,Ki,8.35
2122564,C[C@@H]1CCN(CCN1C(=O)c2cc(C)ccc2n3nccn3)c4oc5ccccc5n4,CHEMBL1083658,Ki,8.39
2122622,C[C@H](NC(=O)COc1cc(C)c2c(nn(C)c2n1)c3nc(C)cs3)c4ccc(C)cc4,CHEMBL3665696,Kd,8.4
2122631,C[C@H](NC(=O)COc1cc(C)c2c(nn(C)c2n1)c3ncc(C)s3)c4ccc(C)cc4,CHEMBL3665701,Kd,8.4
2126165,Cc1cccc(C(=O)N2CC3CC(Oc4ccc(cn4)C(F)(F)F)C2C3)c1c5occn5,CHEMBL3691829,Ki,8.4
2126175,FC(F)(F)c1cnc(N[C@@H]2CC3CCC2N(C3)C(=O)c4ccccc4c5ncccn5)cn1,CHEMBL3597968,Ki,8.4
2122922,COc1ccc(C[C@@H]2CCCN2C(=O)c3nc(C)sc3c4cccc(C)c4)cc1Cl,CHEMBL3741779,IC50,8.42
2121962,Cc1ccc(c(c1)C(=O)N2C3CCC2CN(CC3)c4ncc5ccc(F)cc5n4)n6nccn6,CHEMBL1171594,Ki,8.43
2122575,COc1ccc(C[C@@H]2CCCN2C(=O)c3nc(C)sc3c4cccc(C)c4)cc1OC,CHEMBL3739711,IC50,8.46
2122296,COc1cc(C[C@@H]2CCCN2C(=O)c3nc(C)sc3c4cccc(C)c4)cc(OC)c1,CHEMBL3742235,IC50,8.47
2122808,COc1cc(NC(=O)[C@@H]2C[C@@]2(COc3cnc(C)nc3C)c4cccc(F)c4)ncc1F,CHEMBL2425784,Ki,8.52
2122066,COc1cc(NC(=O)[C@@H]2C[C@@]2(COc3cnc(C)nc3C)c4ccccc4)ncc1F,CHEMBL3585952,Ki,8.52
2122640,C[C@H](NC(=O)COc1cc(C)c2c(nn(C)c2n1)c3nccs3)c4ccc(C)cc4,CHEMBL3665697,Kd,8.52
2123509,Cc1ccc2[nH]c(SCC(=O)N3CCC[C@H]3C(=O)Nc4ccccc4n5cccc5)nc2c1,CHEMBL401653,Ki,8.52
2117518,Cc1cccc(C(=O)N2CC3CC(Nc4ccc(cn4)C(F)(F)F)C2C3)c1n5nccn5,CHEMBL3691848,Ki,8.52
2126198,Cc1cccc(C(=O)N2CC3CC(Oc4ccc(cn4)C(F)(F)F)C2C3)c1n5nccn5,CHEMBL3691820,Ki,8.52
2123520,Cn1c(SCC(=O)N2CCC[C@H]2C(=O)Nc3ccccc3c4ccccc4)nc5ccccc15,CHEMBL429848,Ki,8.52
2126209,FC(F)(F)c1ccc(NC2CC3CC2N(C3)C(=O)c4ccccc4n5nccn5)nc1,CHEMBL3691846,Ki,8.52
2122545,COc1ccc(CC2CCCCN2C(=O)c3cc(C)ccc3n4nccn4)cc1OC,CHEMBL3742089,IC50,8.57
2123393,COc1cc(F)c(CN2C(=O)N(c3cnc(OC)c(OC)c3)S(=O)(=O)c4ccccc24)c(F)c1,CHEMBL3741474,Ki,8.6
2122488,Cc1ccc(c(c1)C(=O)N2CC3CC(C2)N(C3)c4ncc5ccccc5n4)n6nccn6,CHEMBL1091110,Ki,8.64
2122971,C[C@@H]1CO[C@@H](COc2nccc3ccccc23)CN1C(=O)c4cc(C)ccc4n5nccn5,CHEMBL2413510,Ki,8.66
2123372,COc1cc(F)c(CN2C(=O)N(c3ccc(OC)c(OC)c3)S(=O)(=O)c4ccccc24)c(F)c1,CHEMBL3742398,Ki,8.7
2122406,Cc1cc(NC(=O)[C@@H]2C[C@@]2(COc3cnc(C)nc3C)c4cccc(F)c4)ncc1F,CHEMBL3585957,Ki,8.7
2122878,Cc1ccc(c(c1)C(=O)N2CCCN(CC2)c3ccc4ccccc4c3)n5nccn5,CHEMBL469147,Ki,8.7
2116839,Cc1ccc(c(c1)C(=O)N2C[C@@H]3CC[C@H]2CN(C3)c4ncc5ccc(F)cc5n4)n6nccn6,CHEMBL1171595,Ki,8.7
2123563,Cc1ccc2nc(SCC(=O)N3CCC[C@H]3C(=O)Nc4ccccc4n5cccc5)n(C)c2c1,CHEMBL255763,Ki,8.7
2126233,Fc1ccc(c2ncccn2)c(c1)C(=O)N3CC4CC(Nc5ccc(cn5)C(F)(F)F)C3C4,CHEMBL3691851,Ki,8.7
2122191,C[C@@H]1CCN(CCN1C(=O)c2cc(C)ccc2n3nccn3)c4nc(N)c5c(C)coc5n4,CHEMBL3260829,Ki,8.75
2123466,C[C@@H]1CCN(CCN1C(=O)c2ccccc2n3nccn3)c4cnc5cc(F)c(F)cc5n4,CHEMBL1083041,Ki,8.75
2119274,C[C@@H]1CCN(CCN1C(=O)c2ccccc2n3nccn3)c4nc(N)c5c(C)coc5n4,CHEMBL3260830,Ki,8.75
2126249,FC1(F)CCN(C[C@@H]1Oc2ccc3ccccc3n2)C(=O)c4ccccc4n5nccn5,CHEMBL3394848,Ki,8.89
2123309,CNc1cc(cnc1OC)N2C(=O)N(Cc3c(F)cc(OC)cc3F)c4ncccc4S2(=O)=O,CHEMBL3739451,Ki,8.9
2126261,[3H]c1cccc([3H])c1c2oc(C[C@@H]3CCCN3C(=O)c4nc(C)sc4c5ccccc5F)nn2,CHEMBL2413521,Ki,8.96
2123078,COCc1nc(C)ncc1OC[C@]2(C[C@H]2C(=O)Nc3ccc(F)cn3)c4cccc(F)c4,CHEMBL2425785,Ki,9.0
2123456,COc1cc(F)c(CN2C(=O)N(c3cc(OC)nc(OC)c3)S(=O)(=O)c4ccccc24)c(F)c1,CHEMBL3740971,Ki,9.0
2117970,C[C@H]1[C@H](COc2ccccn2)CCCN1C(=O)c3cc(C)ccc3n4nccn4,CHEMBL2413366,Ki,9.0
2123498,Cc1ccc(c(c1)C(=O)N2CCCN(CC2)c3ncc4cc(F)ccc4n3)n5nccn5,CHEMBL1089406,Ki,9.0
2123243,Cc1ccc(c(c1)C(=O)N2CCC3CCC(C2)N3c4ncc5ccc(F)cc5n4)n6nccn6,CHEMBL1170803,Ki,9.05
2123402,C[C@@H]1CS[C@@H](COc2ccc(F)cn2)CN1C(=O)c3cc(C)ccc3n4nccn4,CHEMBL3672927,Ki,9.08
2115941,C[C@@H]1CCN(CCN1C(=O)c2cc(C)ccc2n3nccn3)c4ncc5c(C)nn(C)c5n4,CHEMBL3260824,Ki,9.1
2123445,C[C@@H]1CCN(CCN1C(=O)c2ccccc2n3nccn3)c4ncc5CCCCc5n4,CHEMBL1083657,Ki,9.11
2121513,Cc1nc(C(=O)N2CCCC[C@H]2CNC(=O)c3cccc4occc34)c(s1)c5ccc(F)cc5,CHEMBL1272307,Ki,9.12
2123574,Cc1ccc2c(c1)nc(SCC(=O)N3CCC[C@H]3C(=O)Nc4ccccc4n5cccc5)n2C,CHEMBL272715,Ki,9.16
2122735,Cc1ccc(c(c1)C(=O)N2C[C@H]3CC[C@@H]2CCN3c4ncc5ccc(F)cc5n4)n6nccn6,CHEMBL1170178,Ki,9.22
2122764,C[C@H]1[C@H](COc2nccc3ccccc23)CCCN1C(=O)c4cc(C)ccc4n5nccn5,CHEMBL2413365,Ki,9.3
2123477,COc1cnc(O[C@@H]2CC[C@@H](C)N(C2)C(=O)c3ccccc3n4nccn4)c5ccccc15,CHEMBL3394847,Ki,9.39
2123542,COc1cc(F)c(CN2C(=O)N(c3ccc(OC)c(OC)c3)S(=O)(=O)c4ccccc24)c(Cl)c1,CHEMBL3741853,Ki,9.4
2123330,Fc1ccc2nc(ncc2c1)N3CC4CC3CN(C4)C(=O)c5cc(Cl)ccc5n6nccn6,CHEMBL1093725,Ki,9.4
2123341,Fc1ccc2nc(ncc2c1)N3C[C@H]4C[C@@H]3CN(C4)C(=O)c5cc(Cl)ccc5n6nccn6,CHEMBL1172520,Ki,9.4
2123412,C[C@@H]1CCN(CCN1C(=O)c2cc(C)ccc2n3nccn3)c4ncc5ccccc5n4,CHEMBL1083357,Ki,9.41
2123552,C[C@@H]1CC[C@@H](COc2ccc(F)c(C)c2)CN1C(=O)c3cc(C)ccc3n4nccn4,CHEMBL3770503,Ki,9.52
