id,smiles,name,assay_type,activity_value
592909,NCCc1c[nH]cn1,histamine,Ki,8.1
1395008,COc1ccc(CN(CCN(C)C)c2ccccn2)cc1,mepyramine,Kd,7.5
601035,Br.Br.Cc1ccc(CCNC(=N)SCCCc2c[nH]cn2)cc1,CHEMBL1202320,Ki,7.0
596525,C(CCc1c[nH]cn1)CNC2CCCCC2,CHEMBL383324,Ki,7.0
592943,C(c1cccnc1)c2c[nH]cn2,CHEMBL78838,Ki,7.0
4980883,CC(C)(C)c1cn(CCCc2c[nH]cn2)nn1,CHEMBL1688944,Ki,7.0
597574,CCNCCCCc1c[nH]cn1,CHEMBL204843,Ki,7.0
4980896,CN1CCN(CC1)C(=O)c2cc3cc(ccc3[nH]2)[N+](=O)[O-],CHEMBL2047270,Ki,7.0
4980906,CN1CCN(CC1)c2cc(N)nc(c2)N3CCCC3,CHEMBL1770965,Ki,7.0
4980917,CNC1CN(C1)C(=O)c2cc3cc(Cl)cc(F)c3[nH]2,CHEMBL2047471,Ki,7.0
4980928,CN\C(=N/C#N)\NC[C@H]1CC[C@@H](C1)c2c[nH]cn2,CHEMBL3804906,EC50,7.0
4980939,Fc1cccc2cc([nH]c12)C(=O)N3CCNCC3,CHEMBL2047463,Ki,7.0
4980951,N#C\N=C(\NCCSc1ccccc1)/NC[C@H]2CC[C@@H](C2)c3c[nH]cn3,CHEMBL3805361,Ki,7.0
4980962,N[C@@H]1CCN(C1)c2cc(Cc3ccccc3)nc(N)n2,CHEMBL3236573,Ki,7.0
4980973,CN1CCN(CC1)c2cc(NCc3ccccc3)nc(N)n2,CHEMBL492677,Ki,7.01
4980984,CN[C@@H]1CCN(C1)c2ccnc(c2)N3CCCCC3,CHEMBL3393524,Ki,7.01
4980995,CNC1CCN(C1)c2ncnc3c2oc4ccc(Cl)cc34,CHEMBL1088889,IC50,7.02
4981006,CN[C@H]1CCN(C1)c2ccnc(NCC(C)C)c2,CHEMBL3393527,Ki,7.02
4981017,CN1CCN(CCCOc2ccc(c(Cl)c2)c3nc4cc(ccc4[nH]3)C(C)(C)C)CC1,CHEMBL220934,Ki,7.03
4981028,C(NC[C@H]1C[C@@H]1c2c[nH]cn2)C3CCCCC3,CHEMBL214156,Ki,7.04
4981039,CN1CCN(CC1)c2nc(N)nc3c(C)cccc23,CHEMBL1935555,Ki,7.04
4981050,CN[C@@H]1CCN(C1)c2cc(CCl)nc(N)n2,CHEMBL3354808,Ki,7.04
4981061,Cl.CN1CCN(CC1)c2cnc3cc(Cl)ccc3n2,CHEMBL1743969,Ki,7.04
606021,Br.CCCCN\C(=N\Cc1ccc(Cl)c(Cl)c1)\SCCCc2c[nH]cn2,CHEMBL1923032,Ki,7.05
605889,Br.CCCCN\C(=N\Cc1ccc(Cl)cc1)\SCCCc2c[nH]cn2,CHEMBL1923027,Ki,7.05
593139,C(Cc1c[nH]cn1)Cn2cc(nn2)C3CCCCC3,CHEMBL1688971,Ki,7.05
887245,CN(C)CCCSC(=N)N,CHEMBL12344,Ki,7.05
4981080,CN1C2CN(CCCOc3ccc(c(C)c3)c4nc5c(C)c(F)ccc5[nH]4)CC12,CHEMBL1086038,Ki,7.05
4981091,CN1CCN(CC1)C(=O)c2cc3ccsc3[nH]2,CHEMBL362495,Ki,7.05
4981102,CN1CCN(CC1)C(=O)c2cc3sccc3[nH]2,CHEMBL200546,Ki,7.05
4981113,CN1CCN(CC1)c2nc(N)nc3cc(ccc23)c4c(C)cccc4C,CHEMBL1935567,Ki,7.05
4026039,CN1CCN(CC1)c2nc(NCc3cocc3)c4cc(Cl)ccc4n2,CHEMBL454890,Ki,7.05
4981126,CN1CCN(CC1)c2nc(NCc3occc3)c4cc(Cl)ccc4n2,CHEMBL452925,Ki,7.05
4981137,COc1nc(N2CCN(C)CC2)c3oc4ccc(Cl)cc4c3n1,CHEMBL1093439,IC50,7.05
603634,NCCCCc1c[nH]cn1,CHEMBL90019,EC50,7.05
4981150,CNC1CN(C1)c2ncnc3c2oc4ccc(Cl)cc34,CHEMBL1091569,IC50,7.06
4981166,CN1CCN(CC1)C(=O)c2cc3cc(Cl)ccc3[nH]2,CHEMBL129198,IC50,7.07
4981177,CN1CCN(CC1)c2ccnc(NC3CC4CCC3C4)n2,CHEMBL3393546,Ki,7.07
4981188,CN[C@@H]1CCN(C1)c2ncnc3c2oc4ccc(C)cc34,CHEMBL1091729,IC50,7.07
4981199,Cc1cc(C)nc(N\C(=N\CCc2c[nH]cn2)\N)n1,CHEMBL1162351,Ki,7.07
4981210,CN(C)C1CCN(CCCOc2ccc(c(C)c2)c3nc4c(C)c(F)ccc4[nH]3)C1,CHEMBL1083084,Ki,7.08
4981221,CN1CCN(CC1)c2nc(nc3c2oc4ccc(Cl)cc34)C(F)(F)F,CHEMBL1092542,IC50,7.08
4981232,CN1C[C@H]2CN(C[C@H]2C1)C(=O)c3cc4cc(Cl)cnc4[nH]3,CHEMBL1938972,Ki,7.08
4981243,CN1C[C@H]2CN(C[C@H]2C1)C(=O)c3nc4cc(F)ccc4[nH]3,CHEMBL1915346,Ki,7.08
4981254,CN[C@H]1CCN(C1)c2cc(nc(N)n2)N3CCCC3,CHEMBL1770996,Ki,7.08
4981265,CN1CCN(CC1)c2cc(NCCC(C)(C)C)ncn2,CHEMBL1915535,Ki,7.09
4981276,C(Cc1c[nH]cn1)Cc2cn(CC3CCCCC3)nn2,CHEMBL1688986,Ki,7.1
607926,CC(C)CNCCCCc1c[nH]cn1,CHEMBL205559,Ki,7.1
4981289,CC(C)CNc1cc(NCCNc2ccnc(N)n2)nc(N)n1,CHEMBL2375755,Ki,7.1
4981300,CC(C)CNc1nccc(NCCNc2cc(nc(N)n2)c3ccccc3)n1,CHEMBL2375766,Ki,7.1
4981311,CC(C)CNc1nccc(NCCNc2ccnc(N)n2)n1,CHEMBL2375768,Ki,7.1
4981322,CN(CCNc1cc(nc(N)n1)c2ccccc2)c3ccnc(N)n3,CHEMBL2375749,Ki,7.1
4981333,CN1CCN(CC1)C(=O)c2cc3c(F)ccc(F)c3[nH]2,CHEMBL2047476,Ki,7.1
4981344,CN1CCN(CC1)C(=O)c2cc3ccc(N)cc3[nH]2,CHEMBL2047275,Ki,7.1
4981356,CN1CCN(CC1)C(=O)c2cc3ccccc3[nH]2,CHEMBL129199,Ki,7.1
4981368,CN1CCN(CC1)C(=O)c2nc3ccc(Cl)cc3[nH]2,CHEMBL185951,Ki,7.1
4981379,CN1CCN(CC1)C2=Nc3ccc(C)cc3Oc4ccccc24,CHEMBL211242,Ki,7.1
4026490,CNc1nc(nc2ccc(Cl)cc12)N3CCN(C)CC3,CHEMBL489062,Ki,7.1
4981392,Cc1cc(OCCCN2CCC(N)C2)ccc1c3nc4c(C)c(F)ccc4[nH]3,CHEMBL1082771,Ki,7.1
4981403,Cc1cccc2cc([nH]c12)C(=O)N3CC(C3)N4CCCC4,CHEMBL2047446,Ki,7.1
3142141,Nc1nc(N2CCNCC2)c3CCC4=C([C@@H]5CCCC[C@@H]5O4)c3n1,CHEMBL519240,Ki,7.1
4981416,Nc1nc(N2CCNCC2)c3CCCc4ccccc4c3n1,CHEMBL509540,Ki,7.1
591852,S=C(NC1CCCCC1)N2CCC(CC2)c3cnc[nH]3,CHEMBL260374,Ki,7.1
4981429,CN1CC2C(C1)N2CCCOc3ccc(c(C)c3)c4nc5c(C)c(F)ccc5[nH]4,CHEMBL1086085,Ki,7.11
4981440,CN[C@@H]1CCN(C1)c2cc(C)nc(N)n2,CHEMBL3236567,Ki,7.11
4981451,CN[C@@H]1CCN(C1)c2cc(N)nc(c2)N3CCCC3,CHEMBL1770972,Ki,7.11
4981462,C\N=C(\NC[C@H]1CC[C@@H](O1)c2c[nH]cn2)/NC#N,CHEMBL321860,EC50,7.11
602266,Br.C(CS\C(=N/C1CCCCC1)\NCc2ccccc2)Cc3c[nH]cn3,CHEMBL1923024,Ki,7.12
4981475,CN[C@H]1CCN(C1)c2nc(N)nc3c4cc(Cl)ccc4sc23,CHEMBL1914796,Ki,7.12
4981486,CCN[C@@H]1CCN(C1)c2nc(N)nc3c2oc4ccc(Cl)cc34,CHEMBL1914544,Ki,7.13
4981497,CN1CCN(CC1)c2nc(N)nc3c2oc4cccc(Cl)c34,CHEMBL1914751,Ki,7.13
4981508,CN1C[C@H]2CN(C[C@H]2C1)C(=O)c3nc4c(F)c(F)ccc4[nH]3,CHEMBL1938846,Ki,7.13
4057419,CN1CCN(CC1)C2=Nc3ccc(Cl)cc3Oc4ccccc24,CHEMBL213912,Kd,7.14
4981523,Cc1cc(OCCCN2CCCC(N)C2)ccc1c3nc4c(C)c(F)ccc4[nH]3,CHEMBL1083085,Ki,7.14
707251,CN1CCN(CC1)C2=Nc3cc(Cl)ccc3Nc4ccccc24,clozapine,Kd,7.15
4981536,CN1CCN(CC1)c2cc(NCc3ccc(Cl)cc3)nc(N)n2,CHEMBL594022,Ki,7.15
4981547,CN1CCN(CC1)c2nc(NCCS(=O)(=O)Nc3ccc(I)cc3)c4cc(Cl)ccc4n2,CHEMBL608373,Ki,7.15
4981558,CC(C)CNc1nccc(n1)N2CCN(C)CC2,CHEMBL3393538,Ki,7.16
4981569,CN1C[C@@H]2CN(C[C@@H]2C1)C(=N)c3nc4c(F)c(F)c(F)cc4[nH]3,CHEMBL1938978,Ki,7.16
4981580,CN[C@@H]1CCN(C1)c2cc(N)nc(NCc3ccccc3)n2,CHEMBL1770960,Ki,7.16
4981591,CCCCCc1cn(CCCc2c[nH]cn2)nn1,CHEMBL1688945,Ki,7.17
4981602,N=C(NCCCc1c[nH]cn1)NC(=O)CC(c2ccccc2)c3nccs3,CHEMBL472441,EC50,7.18
4981613,CN1CCN(CCCOc2ccc(cc2Cl)c3nc4cc(ccc4[nH]3)C(C)(C)C)CC1,CHEMBL221211,Ki,7.19
4981624,CN[C@H]1CCN(C1)c2nc(N)nc3c4cc(Br)ccc4sc23,CHEMBL1914795,Ki,7.19
4981635,N[C@@H]1CCN(C1)c2cc(nc(N)n2)N3CCCC3,CHEMBL1770994,Ki,7.19
598310,Br.Br.N=C(NCCc1ccccc1)SCCCc2c[nH]cn2,CHEMBL1202330,Ki,7.2
595397,CC(C)(C)NCCCCCc1c[nH]cn1,CHEMBL202638,Ki,7.2
604550,CCCCNCCCCc1c[nH]cn1,CHEMBL206303,Ki,7.2
4981652,CN1CCCN(CC1)C(=O)c2cc3cc(Cl)cc(F)c3[nH]2,CHEMBL2047468,Ki,7.2
4981663,CN1CCN(CC1)C(=O)c2cc3cc(I)ccc3[nH]2,CHEMBL186108,Ki,7.2
4981674,CN1CCN(CC1)c2ccnc(NC3CCCC3)n2,CHEMBL3393543,Ki,7.2
4981685,CN1CCN(CC1)c2nc3cc(Cl)c(Cl)cc3nc2C,CHEMBL261519,Ki,7.2
4025477,CN1CCN(CC1)c2nc3ccccc3nc2O,CHEMBL414183,Ki,7.2
609012,Clc1ccc(CNCCCCCc2c[nH]cn2)cc1,CHEMBL203263,Ki,7.2
4981700,Clc1ccc2[nH]c(cc2c1)C(=O)N3CCCNCC3,CHEMBL2047467,Ki,7.2
598518,N=C(NCCCCc1ccccc1)SCCCc2c[nH]cn2,CHEMBL551047,Ki,7.2
4981713,S=C(NCCCCc1c[nH]cn1)NCCc2ccccc2,CHEMBL308913,Ki,7.2
4981725,CN1CCN(CC1)C(=O)c2cc3cccc(Br)c3[nH]2,CHEMBL128252,Ki,7.22
4981736,CN1CCN(CC1)c2nc(NCCc3cccs3)c4cc(Cl)ccc4n2,CHEMBL452848,Ki,7.22
4981747,CN(C)[C@@H]1CCN(C1)c2cc(NCC(C)(C)C)ncn2,CHEMBL1916499,Ki,7.23
4981758,CN[C@@H]1CCN(C1)c2cc(NCc3ccccc3)nc(N)n2,CHEMBL1770981,Ki,7.24
4981795,COc1nc2cc(Cl)c(Cl)cc2nc1N3CCN(C)CC3,CHEMBL261224,Ki,7.24
4981807,N#C\N=C(\NCCCCc1c[nH]cn1)/NCCSc2ccccc2,CHEMBL1078642,Ki,7.24
614146,C(C1CCNCC1)c2c[nH]cn2,CHEMBL18661,EC50,7.25
4981820,CN1CCN(CC1)c2ncnc3c2oc4ccccc34,CHEMBL232421,Ki,7.25
4981831,Nc1nc(cc(n1)N2C[C@H]3NCCO[C@@H]3C2)C4CCCC4,CHEMBL3233048,Ki,7.25
4981842,C(Cc1c[nH]cn1)Cn2cc(CC3CCCCCC3)nn2,CHEMBL1688975,Ki,7.26
4981853,CCCCNc1nccc(n1)N2CCN(C)CC2,CHEMBL3393541,Ki,7.26
4981864,CN[C@@H]1CCN(C1)c2cnnc(NCC(C)C)c2,CHEMBL3393550,Ki,7.26
4981875,COc1ccc(cc1)c2ccc3c(nc(N)nc3c2)N4CCN(C)CC4,CHEMBL1935569,Ki,7.26
4981886,CNC1CN(C1)c2nc(N)nc3cc(cnc23)C#N,CHEMBL2376802,Ki,7.27
4981897,CN1CCN(CC1)c2ncnc3c4ccccc4sc23,CHEMBL1914534,Ki,7.28
4981908,CN1C[C@H]2CN(C[C@H]2C1)C(=O)c3nc4c(C)c(F)ccc4[nH]3,CHEMBL1938845,Ki,7.28
4981919,Nc1nc(N2CCNCC2)c3CCc4ccccc4c3n1,CHEMBL493281,Ki,7.28
4981930,CC(C)CNc1cc(ccn1)N2CCN(C)CC2,CHEMBL3393525,Ki,7.29
4981941,CN[C@@H]1CCN(C1)c2cc(nc(N)n2)N(C)C(C)C,CHEMBL1770978,Ki,7.29
610296,NC(=N)SCCc1c[nH]cn1,CHEMBL19439,EC50,7.29
601948,Br.Br.N=C(NCCCc1ccccc1)SCCCc2c[nH]cn2,CHEMBL1202331,Ki,7.3
607893,C(CCNC1CCCCCC1)CCc2c[nH]cn2,CHEMBL377954,Ki,7.3
595342,C(CCc1c[nH]cn1)CNC2CCCCCC2,CHEMBL202728,Ki,7.3
601047,C(COCc1ccccc1)Cc2c[nH]cn2,CHEMBL19173,Ki,7.3
4981962,CC(C)CNc1nccc(NCCN(C)c2cc(nc(N)n2)c3cccc(Cl)c3)n1,CHEMBL2375771,Ki,7.3
4981973,CC(C)CNc1nccc(NCCNc2cc(nc(N)n2)c3cccc(Cl)c3)n1,CHEMBL2375767,Ki,7.3
603270,CCCNCCCCc1c[nH]cn1,CHEMBL205731,Ki,7.3
4981986,CN1CCC(CC1)\C(=N\O)\c2cc3cc(C)ccc3[nH]2,CHEMBL1632412,Ki,7.3
4981997,CN1CCC(CC1)\C(=N\O)\c2cc3ccccc3[nH]2,CHEMBL1632411,Ki,7.3
4982009,CN1CCN(CC1)C(=O)c2cc3cc(C)ccc3[nH]2,CHEMBL128088,Ki,7.3
4982020,CN1CCN(CC1)c2nc(N)nc3c2oc4cccc(c34)C(F)(F)F,CHEMBL1914753,Ki,7.3
4982031,CN1CCN(CC1)c2nc(NCCc3ccc(cc3)[N+](=O)[O-])c4cc(Cl)ccc4n2,CHEMBL589800,Ki,7.3
4982042,CN[C@@H]1CCN(C1)c2cc(N)nc(NCc3ccccc3)c2,CHEMBL1770974,Ki,7.3
4982053,Cc1nc[nH]c1CCN,CHEMBL275443,Ki,7.3
4982064,Nc1cc(cc(NC2CCCC2)n1)C3CCNCC3,CHEMBL3354819,Ki,7.3
4982075,S=C(NCCCCc1c[nH]cn1)NCc2ccccc2,CHEMBL72431,Ki,7.3
4982086,CN1CCN(CC1)C(=O)c2nc3c(F)c(F)ccc3[nH]2,CHEMBL338972,Ki,7.31
4982097,CN1C[C@H]2CN(C[C@H]2C1)C(=N)c3nc4c(F)c(F)ccc4[nH]3,CHEMBL1938976,Ki,7.31
4982108,CN[C@@H]1CCN(C1)c2nc(N)nc3CC(CCCc23)c4ccccc4,CHEMBL1089040,Ki,7.31
612093,Clc1ccc(CN\C(=N/C2CCCCC2)\SCCCc3c[nH]cn3)cc1,CHEMBL43934,Ki,7.32
4982121,COc1cccc2oc3c(nc(N)nc3c12)N4CCNCC4,CHEMBL1914771,Ki,7.33
4982132,CN1CCN(CC1)C2=Nc3ccc(Cl)cc3Oc4c(Cl)cccc24,CHEMBL211170,Ki,7.34
4982143,CN1CCN(CC1)c2cc(NCc3ccc(F)cc3)nc(N)n2,CHEMBL593103,Ki,7.34
4982154,CN1CCN(CCCOc2ccc(c(Cl)c2)c3nc4c(C)c(C)ccc4[nH]3)CC1,CHEMBL219930,Ki,7.34
4982165,Nc1nc(N2CC[C@H](C2)NCCO)c3oc4ccc(Cl)cc4c3n1,CHEMBL1914545,Ki,7.34
4982176,CN1CCN(CC1)c2nc(N)nc3ccccc23,CHEMBL281590,Ki,7.35
4982187,CN[C@H]1CCN(C1)c2ccnc(NC3CCCC3)n2,CHEMBL3393545,Ki,7.35
4982198,CC(=N)SCCNC(=N)N,CHEMBL3805514,EC50,7.36
4982209,CN[C@@H]1CCN(C1)c2cc(NCCO)nc(N)n2,CHEMBL1770982,Ki,7.36
594966,Br.C(CS\C(=N/C1CCCC1)\NCc2ccccc2)Cc3c[nH]cn3,CHEMBL1923023,Ki,7.37
4982222,CN1CCN(CC1)C2=Nc3cc(Cl)ccc3Oc4ccccc24,CHEMBL7828,Ki,7.37
4982233,CN1CCN(CC1)c2nc(N)nc3c4ccc(Br)cc4sc23,CHEMBL1914762,Ki,7.37
4056922,CN1CCN(CC1)c2nc(NCc3cccs3)c4cc(Cl)ccc4n2,CHEMBL452847,Ki,7.37
4982246,CN[C@@H]1CCN(C1)c2nc(N)nc3CCCCc23,CHEMBL3236582,Ki,7.37
4982257,Cc1cc(OCCCN2CC3CCCNC3C2)ccc1c4nc5c(C)c(F)ccc5[nH]4,CHEMBL1084810,Ki,7.38
4982268,N[C@H]1CCCN(C1)c2nc(N)nc3c2oc4ccc(cc34)C(F)(F)F,CHEMBL1915026,Ki,7.38
4982280,Nc1nc(cc(n1)c2ccc(cc2)C#N)N3CCNCC3,CHEMBL494890,Ki,7.38
1731340,Nc1nc(N2CCNCC2)c3ccc(cc3n1)c4occc4,CHEMBL1935574,Kd,7.39
603205,Brc1ccc(CCNC(=N)SCCCc2c[nH]cn2)cc1,CHEMBL561250,Ki,7.4
606571,C(CCNC1CCCC1)CCc2c[nH]cn2,CHEMBL202744,Ki,7.4
601981,C(CCNC1CCCCC1)CCc2c[nH]cn2,CHEMBL206346,Ki,7.4
595331,C(CCc1c[nH]cn1)CNC2CCCC2,CHEMBL379447,Ki,7.4
4982301,CC(C)CNc1cc(nc(N)n1)N(C)CCNc2ccnc(N)n2,CHEMBL2375667,Ki,7.4
4982312,CN1CCCN(CC1)C(=O)c2cc3cc(Cl)ccc3[nH]2,CHEMBL2047455,Ki,7.4
4982323,CN1CCN(CC1)C(=O)c2cc3c(F)ccc(C)c3[nH]2,CHEMBL2047475,Ki,7.4
4982334,CN1CCN(CC1)C(=O)c2cc3sc(Cl)cc3[nH]2,CHEMBL370135,Ki,7.4
4982345,CN1CCN(CC1)c2nc3ccccc3nc2Cc4ccccc4,CHEMBL261551,Ki,7.4
4982356,CN[C@@H]1CCN(C1)c2nc(N)nc3c2oc4cccc(Cl)c34,CHEMBL1914777,Ki,7.4
591796,C\N=C(/S)\NCCCCc1c[nH]cn1,CHEMBL12160,Ki,7.4
4982369,Cc1cccc2cc([nH]c12)C(=O)N3CCNCC3,CHEMBL2047443,Ki,7.4
4982380,Cc1nccc(NCCNc2cc(nc(N)n2)c3ccccc3)n1,CHEMBL2375762,Ki,7.4
4982391,Fc1cccc2cc([nH]c12)C(=O)N3CC(C3)N4CCCC4,CHEMBL2047462,Ki,7.4
4982402,Nc1nc(cc(n1)N2CC3CCCNC3C2)N4CCCC4,CHEMBL1770997,Ki,7.4
4982414,Nc1nc2C(CCCCc2c(n1)N3CCNCC3)c4ccccc4,CHEMBL492231,Ki,7.4
4982425,CN1CCN(CC1)C(=O)c2nc3CCCCc3[nH]2,CHEMBL3236551,Ki,7.41
4982436,CN1CCN(CC1)C2=Nc3ccc(Cl)cc3Oc4cc(F)ccc24,CHEMBL387054,Ki,7.41
4982447,CN1CCN(CC1)c2nc(NCc3cc(C)cs3)c4cc(Cl)ccc4n2,CHEMBL452869,Ki,7.41
4982458,CN[C@@H]1CCN(C1)c2nc(N)nc3c2oc4ccc(F)c(F)c34,CHEMBL1914787,Ki,7.41
4982470,O=C(N1CCNCC1)c2cc3ccccc3[nH]2,CHEMBL129660,Ki,7.42
4982481,CN1CCCN(CC1)c2nc(N)nc3c2oc4ncc(Cl)cc34,CHEMBL1915047,Ki,7.43
4982492,CN1CCN(CC1)c2nc(C)nc3c2oc4ccc(Cl)cc34,CHEMBL1091558,IC50,7.43
607451,Clc1ccc(CNCC[C@H]2C[C@@H]2c3c[nH]cn3)cc1,CHEMBL214311,Ki,7.43
4982505,CN[C@@H]1CCN(C1)c2cc(Cc3ccccc3)nc(N)n2,CHEMBL3236572,Ki,7.44
4982516,CN[C@@H]1CCN(C1)c2cc(nc(N)n2)N3CCCC3,CHEMBL1770995,Ki,7.44
4982527,N[C@H]1CCN(C1)c2cc(nc(N)n2)C3CCCC3,CHEMBL3236557,Ki,7.44
4982538,CC(C)(C)c1ccc2c(nc(N)nc2c1)N3CCNCC3,CHEMBL2376791,Ki,7.45
4982550,CN1CCN(CC1)c2nc(NCc3ccsc3)c4cc(Cl)ccc4n2,CHEMBL509142,Ki,7.45
4982561,CN1CCN(CC1)C(=O)c2nc3ccccc3[nH]2,CHEMBL382276,Ki,7.46
4982573,CN1CCN(CC1)c2cc(nc(N)n2)c3ccc(cc3)C#N,CHEMBL494678,Ki,7.46
4982584,Nc1nc(N2CCNCC2)c3oc4ncc(Cl)cc4c3n1,CHEMBL1915045,Ki,7.46
4982595,CN1CCN(CC1)c2nc(NCc3sccc3C)c4cc(Cl)ccc4n2,CHEMBL509852,Ki,7.47
4982606,CN1CCN(CC1)C(=O)c2cc3cc(C)cc(Cl)c3[nH]2,CHEMBL187285,Ki,7.48
4982617,CN1CCN(CC1)c2nc(N)nc3c2oc4ncc(Cl)cc34,CHEMBL1915044,Ki,7.48
4982628,CNS(=O)(=O)CCCNc1nc(nc2ccc(Cl)cc12)N3CCN(C)CC3,CHEMBL591711,Ki,7.48
4982639,CN[C@@H]1CCN(C1)c2ncnc3c2oc4ccc(Cl)cc34,CHEMBL1090190,IC50,7.48
4982650,CN[C@H]1CCN(C1)c2ccnc(NC3CCCC3)c2,CHEMBL3393533,Ki,7.48
4982661,CN[C@H]1CCN(C1)c2nc(N)nc3c4ccc(Cl)cc4sc23,CHEMBL1915020,Ki,7.48
1698630,N\C(=N/C(=O)CCNC(=O)c1cc2ccccc2[nH]1)\NCCCc3c[nH]cn3,CHEMBL515428,EC50,7.48
4982674,CN(C)CCNc1cc(NCC2CC2)ncn1,CHEMBL1916505,Ki,7.49
601937,Br.Br.Clc1ccc(CCNC(=N)SCCCc2c[nH]cn2)cc1,CHEMBL1202322,Ki,7.5
598771,Br.C(CS\C(=N/C1CCCC1)\NC2CCCCC2)Cc3c[nH]cn3,CHEMBL1923030,Ki,7.5
4982689,Br.NC(=N)NCCSC(=N)N,CHEMBL557151,Ki,7.5
4982700,CC(C)CNc1nccc(NCCN(C)c2cc(nc(N)n2)c3ccccc3)n1,CHEMBL2375748,Ki,7.5
4982711,CN1CCCN(CC1)C(=O)c2cc3c(F)c(Cl)ccc3[nH]2,CHEMBL2047469,Ki,7.5
4982723,CN1CCN(CC1)C(=O)c2cc3c(Br)cccc3[nH]2,CHEMBL128505,Ki,7.5
4982734,CN1CCN(CC1)C(=O)c2cc3c(Cl)cccc3[nH]2,CHEMBL2047264,Ki,7.5
4982745,CN1CCN(CC1)C(=O)c2cc3c(F)cccc3[nH]2,CHEMBL2047263,Ki,7.5
4982757,CN1CCN(CC1)C(=O)c2cc3cc(Br)ccc3[nH]2,CHEMBL128613,Ki,7.5
4982770,CN1CCN(CC1)C(=O)c2cc3cc(N)ccc3[nH]2,CHEMBL340740,Ki,7.5
4982781,CN1CCN(CC1)\C(=N/O)\c2cc3cc(Cl)ccc3[nH]2,CHEMBL1632413,Ki,7.5
4982792,CN1CCN(CC1)c2nc(N)nc3c(cccc23)c4ccccc4,CHEMBL1935557,Ki,7.5
4982803,CN1CCN(CCCOc2ccc(c(C)c2)c3nc4c(C)c(F)ccc4[nH]3)CC1,CHEMBL1086460,Ki,7.5
4982814,Cc1cc(Cl)cc2cc([nH]c12)C(=O)N3CC(C3)N4CCCC4,CHEMBL2047454,Ki,7.5
4982825,NC(=N)NCCSC(=N)N,CHEMBL1196470,Ki,7.5
594421,NCCCc1c[nH]cn1,CHEMBL91353,Ki,7.5
596089,C(C[C@@H]1C[C@H]1c2c[nH]cn2)NCC3CCCCC3,CHEMBL378619,Ki,7.51
4982841,CN1CCN(CC1)C(=O)c2cc3cc(C)cc(C)c3[nH]2,CHEMBL129026,Ki,7.51
4982852,CN1CCN(CC1)C2=Nc3ccc(Cl)cc3Oc4c(F)cccc24,CHEMBL209628,Ki,7.51
600673,CN1CCN(CC1)c2ccnc(N)n2,CHEMBL501882,Ki,7.51
4982865,CN1CCN(CC1)c2nc(N)nc3cccnc23,CHEMBL2376788,Ki,7.51
4982876,CN[C@@H]1CCN(C1)c2nc(N)nc3c4cc(F)ccc4sc23,CHEMBL1914790,Ki,7.51
4982887,CN1CCN(CC1)C(=O)c2nc3c(C)cccc3[nH]2,CHEMBL383384,Ki,7.52
4982898,CN[C@@H]1CCN(C1)c2ncnc3c2oc4ccc(cc34)C(F)(F)F,CHEMBL1088859,IC50,7.52
4982909,CN[C@H]1CN(C[C@@H]1O)c2cc(nc(N)n2)C3CCCC3,CHEMBL3236565,Ki,7.52
4982920,COc1cccc2oc3c(nc(N)nc3c12)N4CCN(C)CC4,CHEMBL1914754,Ki,7.52
593304,Br.CC(C)(C)N\C(=N\C1CCCC1)\SCCCc2c[nH]cn2,CHEMBL1923031,Ki,7.53
4982933,CN1CCN(CC1)c2nc(N)nc3c4ccccc4sc23,CHEMBL1914759,Ki,7.54
4982944,CN1CCN(CC1)c2nc(N)nc3cc(ccc23)c4ccc(cc4)C#N,CHEMBL1935568,Ki,7.54
4982955,CN[C@@H]1CCN(C1)c2cc(N)nc(c2)N(C)C(C)C,CHEMBL1770970,Ki,7.54
4982966,CC(C)Nc1cc(cc(N)n1)N2CCN(C)CC2,CHEMBL1770962,Ki,7.55
4982977,CN1CCN(CCCOc2ccc(c(Cl)c2)c3nc4c(ccc5ccccc45)[nH]3)CC1,CHEMBL223490,Ki,7.55
4982988,CN[C@@H]1CCN(C1)c2cc(nc(N)n2)C3CC3,CHEMBL3236574,Ki,7.55
599823,N\C(=N/C(=O)CNC(=O)c1cc2ccccc2[nH]1)\NCCCc3c[nH]cn3,CHEMBL474449,EC50,7.55
4983001,CN1CCN(CC1)C2=Nc3cc(Cl)ccc3Oc4c(F)cccc24,CHEMBL209758,Ki,7.56
4983012,CN1CCN(CC1)C(=O)c2cc3c(C)c(F)ccc3[nH]2,CHEMBL268525,Ki,7.57
4983023,CN1CCN(CC1)c2nc(NCCS(=O)(=O)C)c3cc(Cl)ccc3n2,CHEMBL601946,Ki,7.57
4983034,COc1nc2cc(Cl)ccc2nc1N3CCN(C)CC3,CHEMBL260444,Ki,7.58
4983045,CN1CCCN(CCCOc2ccc(cc2Cl)c3nc4cc(ccc4[nH]3)C(C)(C)C)CC1,CHEMBL221210,Ki,7.59
4983056,CN1CCN(CCCOc2ccc(cc2C)c3nc4cc(ccc4[nH]3)C(C)(C)C)CC1,CHEMBL387342,Ki,7.59
4983067,CN1C[C@H]2CN(C[C@H]2C1)C(=N)c3nc4cc(Cl)ccc4[nH]3,CHEMBL1938974,Ki,7.59
4983078,Cc1cc(OCCCN2CC3CCNC3C2)ccc1c4nc5c(C)c(F)ccc5[nH]4,CHEMBL1083098,Ki,7.59
4983090,Clc1ccc2[nH]c(cc2c1)C(=O)N3CCNCC3,CHEMBL503605,Ki,7.59
4983101,Nc1nc(N2C[C@@H]3C[C@H]2CN3)c4oc5ccc(Cl)cc5c4n1,CHEMBL1914748,Ki,7.59
604484,Br.Br.Cc1ccc(CNC(=N)SCCCc2c[nH]cn2)cc1,CHEMBL1202329,Ki,7.6
605559,Br.Br.Fc1ccc(CNC(=N)SCCCc2c[nH]cn2)cc1,CHEMBL1202328,Ki,7.6
596503,Br.Br.N=C(NCCC(c1ccccc1)c2ccccc2)SCCCc3c[nH]cn3,CHEMBL1202323,Ki,7.6
603183,Br.Br.N=C(NCc1ccccc1)SCCCc2c[nH]cn2,CHEMBL1202324,Ki,7.6
4983120,CC(C)CCc1cc(NCCNc2ccnc(N)n2)nc(N)n1,CHEMBL2375756,Ki,7.6
4983131,CC\N=C(/S)\NCCCCCc1c[nH]cn1,CHEMBL72424,Ki,7.6
4983142,CC\N=C(/S)\NCCCCc1c[nH]cn1,CHEMBL309819,Ki,7.6
4983153,CN1CCN(CC1)C(=O)c2cc3cc(Cl)sc3[nH]2,CHEMBL364400,Ki,7.6
4983165,CN1CCN(CC1)C(=O)c2cc3cc(O)ccc3[nH]2,CHEMBL128958,Ki,7.6
4983176,CN1CCN(CC1)C(=O)c2cc3ccc(O)cc3[nH]2,CHEMBL2047273,Ki,7.6
4983187,CN1CCN(CC1)c2cc(NCCO)nc(N)n2,CHEMBL1770976,Ki,7.6
4983198,CN1CCN(CC1)c2cc(NCc3ccccc3C)nc(N)n2,CHEMBL594731,Ki,7.6
4983209,CN1C[C@H]2CN(C[C@H]2C1)c3cc(nc(N)n3)C4CCCC4,CHEMBL3236562,Ki,7.6
4983220,CNC1CN(C1)c2nc(N)nc3cc(cnc23)C(C)C,CHEMBL2376805,Ki,7.6
1730499,CN[C@@H]1CCN(C1)c2cc(NCC3CC3)nc(N)n2,CHEMBL1915540,Kd,7.6
4983233,CN[C@@H]1CCN(C1)c2nc(N)nc3c4ccc(Br)cc4sc23,CHEMBL1914791,Ki,7.6
4983244,CN[C@H]1CCN(C1)c2cc(nc(N)n2)C3CCCC3,CHEMBL3236555,Ki,7.6
593339,Cc1[nH]cnc1CSCCNC(=N)NCCCc2c[nH]cn2,CHEMBL12608,Ki,7.6
592830,N=C(NCCCc1c[nH]cn1)NCc2ccccc2,CHEMBL552694,Ki,7.6
4983259,NC1CN(C1)c2cc(nc(N)n2)C3CCCC3,CHEMBL3236558,Kd,7.6
4983270,CC(C)N(C)c1cc(nc(N)n1)N2CCN(C)CC2,CHEMBL1770999,Ki,7.62
4983281,CN1CCN(CC1)c2nc(N)nc3cc(C)ccc23,CHEMBL1935564,Ki,7.62
4983292,CN1CCN(CC1)c2cc(NCC(C)(C)C)ncn2,CHEMBL1916498,Ki,7.63
4983303,CN1CCN(CC1)C(=O)c2nc3c(Cl)cc(C)cc3[nH]2,CHEMBL120854,Ki,7.64
594794,C[C@H](CC(=O)NC(=N)NCCCc1c[nH]cn1)c2ccccc2,CHEMBL1096428,EC50,7.64
4983316,CN1CCN(CCCOc2ccc(c(Cl)c2)c3nc4c(C)cc(C)cc4[nH]3)CC1,CHEMBL220933,Ki,7.66
4983327,CN[C@@H]1CCN(C1)c2nc(N)nc3cc(ccc23)C4CC4,CHEMBL2376798,Ki,7.66
593806,CC(C1CCCCC1)c2cn(CCCc3c[nH]cn3)nn2,CHEMBL1688974,Ki,7.67
4983340,CCc1cnc2c(nc(N)nc2c1)N3CC[C@H](C3)NC,CHEMBL2376801,Kd,7.67
4983351,CCc1cc(nc(N)n1)N2CC[C@@H](N)C2,CHEMBL3236569,Ki,7.68
4983362,CCc1cc(nc(N)n1)N2CC[C@H](C2)NC,CHEMBL3236568,Ki,7.68
4983373,CN1CCN(CC1)C(=O)c2cc3scc(C)c3[nH]2,CHEMBL199231,Ki,7.68
4983384,CN1CCN(CC1)c2ccnc(c2)c3ccsc3,CHEMBL3393521,Ki,7.68
4983395,CN1CCN(CC1)c2nc(N)nc3c2oc4cccc(F)c34,CHEMBL1914752,Ki,7.68
4983406,Nc1nc(N2CCNCC2)c3oc4ccccc4c3n1,CHEMBL1914767,Ki,7.68
4983417,Nc1nc(N2C[C@@H]3CCCN[C@@H]3C2)c4oc5ccc(Cl)cc5c4n1,CHEMBL1914747,Ki,7.68
4983428,CN1CCN(CC1)C(=O)c2cc3CCCCc3[nH]2,CHEMBL3236550,Ki,7.7
4983440,CN1CCN(CC1)C(=O)c2cc3cccc(Cl)c3[nH]2,CHEMBL338051,Ki,7.7
4983451,CN1CCN(CC1)C(=O)c2cc3cccc(F)c3[nH]2,CHEMBL2047276,Ki,7.7
4983462,CNC1CCN(CCCOc2ccc(c(C)c2)c3nc4c(C)c(F)ccc4[nH]3)C1,CHEMBL1082772,Ki,7.7
4983473,CN[C@@H]1CCN(C1)c2nc(N)nc3c2oc4cccc(OC)c34,CHEMBL1914780,Ki,7.7
599746,Clc1ccc(CNCCCCc2c[nH]cn2)cc1,CHEMBL379027,Ki,7.7
4983486,Fc1cc(Cl)cc2cc([nH]c12)C(=O)N3CCNCC3,CHEMBL2047473,Ki,7.7
4983497,CN1CCN(CC1)C(=O)c2nc3cc(F)ccc3[nH]2,CHEMBL333220,Ki,7.72
4983508,CN1CCN(CC1)c2nc(N)nc3c4cc(F)ccc4sc23,CHEMBL1914761,Ki,7.72
4983519,CN1CCN(CC1)c2nc(N)nc3cc(ccc23)c4ccccc4,CHEMBL1935566,Ki,7.72
4983530,CN1CCN(CC1)c2nc(NCCS(=O)(=O)Nc3ccccc3)c4cc(Cl)c(Cl)cc4n2,CHEMBL590995,Ki,7.72
4983541,CN1CCN(CC1)c2ncnc3c2oc4ccc(Cl)cc34,CHEMBL1093180,IC50,7.72
4983552,CN[C@@H]1CCN(C1)c2ccnc(NC(C)C)c2,CHEMBL3354816,Ki,7.72
4983563,NC1CN(C1)c2nc(N)nc3c2oc4ccc(Cl)cc34,CHEMBL1914546,Ki,7.72
1698671,N\C(=N/C(=O)Cc1c[nH]c2ccccc12)\NCCCc3c[nH]cn3,CHEMBL474447,EC50,7.72
4983576,CN1CCN(CC1)c2cc(NCc3ccccc3Cl)nc(N)n2,CHEMBL594721,Ki,7.75
4983587,CN1CCN(CC1)c2nc(N)nc3c4ccc(Cl)cc4sc23,CHEMBL1914763,Ki,7.75
4983598,CN1CCN(CC1)c2nc(NCCS(=O)(=O)N3CCCC3)c4cc(Cl)ccc4n2,CHEMBL591248,Ki,7.75
4983609,CNC1CN(C1)c2cc(NCc3cccc(F)c3)nc(N)n2,CHEMBL1915538,Ki,7.75
1733169,CCc1ccc2c(nc(N)nc2c1)N3CC[C@H](C3)NC,CHEMBL2376797,Ki,7.77
4983622,CN1CCN(CC1)c2nc(N)nc3cc(Br)ccc23,CHEMBL1935565,Ki,7.77
4983633,FC(F)(F)c1ccc(SCC(c2ccncc2)c3c[nH]cn3)cc1,CHEMBL1243367,Ki,7.77
594586,Br.CCCCN\C(=N\C1CCCC1)\SCCCc2c[nH]cn2,CHEMBL1923025,Ki,7.79
603150,Br.Br.Clc1cccc(CNC(=N)SCCCc2c[nH]cn2)c1,CHEMBL1202326,Ki,7.8
603172,Br.Br.Ic1ccc(CCNC(=N)SCCCc2c[nH]cn2)cc1,CHEMBL1237146,Ki,7.8
4983650,CN1CCC(CC1)\C(=N\O)\c2nc3cc(Cl)ccc3[nH]2,CHEMBL1632414,Ki,7.8
4983662,CN1CCN(CC1)C(=O)c2cc3cc(F)ccc3[nH]2,CHEMBL436381,Ki,7.8
4983675,CN1CCN(CC1)C(=O)c2cc3cccc(N)c3[nH]2,CHEMBL129540,Ki,7.8
4983686,CN1CCN(CC1)c2ccnc(NC3CCCC3)c2,CHEMBL3393531,Ki,7.8
4983697,CN1C[C@H]2CN(C[C@H]2C1)C(=O)c3cc4cc(Cl)ccc4[nH]3,CHEMBL1915345,Ki,7.8
4983708,CN[C@@H]1CCN(C1)c2cc(CCC(F)(F)F)nc(N)n2,CHEMBL3354812,Ki,7.8
4983719,COc1ccc(cc1)c2cc(nc(N)n2)N3CCN(C)CC3,CHEMBL494648,Ki,7.8
4983729,Fc1cc(Cl)cc2cc([nH]c12)C(=O)N3CC(C3)N4CCCC4,CHEMBL2047470,Ki,7.8
4983740,N[C@@H]1CCN(C1)c2nc(N)nc3c2oc4ncc(Cl)cc34,CHEMBL1915049,Ki,7.8
4983752,N\C(=N\CCc1ccc(I)cc1)\SCCCc2cnc[nH]2,CHEMBL498770,Ki,7.8
4983763,CN1CCN(CC1)c2nc(N)nc3c2CCc4ccccc34,CHEMBL494093,Ki,7.81
4983774,CN1CCN(CC1)c2nc(NCCS(=O)(=O)Nc3ccccc3)c4cc(Br)c(Cl)cc4n2,CHEMBL589782,Ki,7.81
4983785,CC(C)CN\C(=N\C#N)\NC[C@H]1CC[C@@H](C1)c2c[nH]cn2,CHEMBL3806255,EC50,7.82
4983796,CC(C)CNc1nc(N)cc(n1)N2CCN(C)CC2,CHEMBL1770985,Ki,7.82
608913,CC(CC(=O)\N=C(/N)\NCCCc1c[nH]cn1)c2ccccc2,CHEMBL483406,EC50,7.82
4983808,CN1CCN(CC1)c2nc(N)nc3cc(ccc23)c4cccc(c4)C(=O)C,CHEMBL1935570,Ki,7.82
4983819,CNC1CN(C1)c2nc(N)nc3cc(ccc23)C(C)(C)C,CHEMBL2376792,Ki,7.82
1739532,CCc1ccc2c(nc(N)nc2c1)N3CCNCC3,CHEMBL2376795,Ki,7.83
4983833,CN1CCN(CC1)C(=O)c2cc3cc(F)cc(F)c3[nH]2,CHEMBL129444,Ki,7.85
4983844,Cc1cc(OCCCN2C[C@H]3CCCN[C@H]3C2)ccc1c4nc5c(C)c(F)ccc5[nH]4,CHEMBL1082296,Ki,7.85
4983855,CNC1CN(C1)c2nc(N)nc3cc(cnc23)C4CC4,CHEMBL2376804,Kd,7.87
4983866,CN[C@H]1CCN(C1)c2nc(N)nc3c2oc4ccc(Cl)cc34,CHEMBL1091875,IC50,7.89
4983877,Nc1nc(N2CCNCC2)c3Cc4ccccc4c3n1,CHEMBL521995,Ki,7.89
4983888,Nc1nc(N2CCNCC2)c3oc4ccc(cc4c3n1)C(F)(F)F,CHEMBL1914772,Ki,7.89
603139,Br.Br.COc1ccc(CNC(=N)SCCCc2c[nH]cn2)cc1,CHEMBL1202319,Ki,7.9
4983901,CC(C)c1cc(nc(N)n1)N2CC[C@@H](N)C2,CHEMBL3236549,Kd,7.9
4983912,CN(C)S(=O)(=O)CCNc1nc(nc2ccc(Cl)cc12)N3CCN(C)CC3,CHEMBL592188,Ki,7.9
4983925,CN1CCN(CC1)C(=O)c2cc3cccc(C)c3[nH]2,CHEMBL129488,Ki,7.9
4983936,CN[C@@H]1CCN(C1)c2cc(nc(N)n2)C(C)C,CHEMBL3236570,Kd,7.9
4983947,Cc1cc(Cl)cc2cc([nH]c12)C(=O)N3CCNCC3,CHEMBL2047451,Ki,7.9
4983958,Cl.Cl.NCCc1c[nH]cn1,CHEMBL1533310,Ki,7.9
595276,Ic1ccc(COCCCc2c[nH]cn2)cc1,CHEMBL19010,Ki,7.9
608072,NC(=N)SCCCc1c[nH]cn1,CHEMBL281576,Ki,7.9
4983973,CN[C@@H]1CCN(C1)c2nc(N)nc3cc(cnc23)C(C)C,CHEMBL2376807,Ki,7.91
1730929,Nc1nc(N2CCNCC2)c3ccc(cc3n1)C4CCCC4,CHEMBL2376789,Ki,7.91
4983986,CN1CCN(CC1)c2cc(NCc3c(Cl)cccc3Cl)nc(N)n2,CHEMBL595180,Ki,7.92
4983997,COc1ccc2oc3c(nc(N)nc3c2c1)N4CCN(C)CC4,CHEMBL1914756,Ki,7.92
4984008,CN1CCN(CC1)C2=Nc3cc(Cl)ccc3NC2=O,CHEMBL262859,Ki,7.93
1727241,Nc1nc(N2CCNCC2)c3ccc(cc3n1)C4CC4,CHEMBL2376793,Ki,7.94
1734714,CCc1ccc2c(nc(N)nc2c1)N3CC(C3)NC,CHEMBL2376796,Ki,7.95
4984023,CN1CCN(CC1)c2nc(NCCS(=O)(=O)Nc3ccccc3)c4cc(Cl)cc(Cl)c4n2,CHEMBL589746,Ki,7.95
4984034,Nc1nc(cc(n1)N2CCC3(CCCN3)C2)C4CCCC4,CHEMBL3236564,Ki,7.95
4984046,CN1CCN(CC1)C(=O)c2cc3cc(Cl)cc(Cl)c3[nH]2,CHEMBL338937,Ki,7.96
4984057,CNC1CN(C1)c2nc(N)nc3c2CCCc4ccccc34,CHEMBL522673,Ki,7.96
4984068,CN[C@@H]1CCN(C1)c2cc(CC(F)(F)F)nc(N)n2,CHEMBL3354811,Ki,7.96
4984079,CN[C@@H]1CCN(C1)c2nc(N)nc3c2oc4ccc(OC)cc34,CHEMBL1914784,Ki,7.96
4984090,CCc1cnc2c(nc(N)nc2c1)N3CC(C3)NC,CHEMBL2376800,Ki,7.97
4984101,CNC1CN(C1)c2nc(N)nc3cc(cnc23)C4CCCC4,CHEMBL2376803,Kd,7.99
4984112,CN[C@@H]1CCN(C1)c2nc(N)nc3cc(cnc23)C4CC4,CHEMBL2376806,Ki,7.99
603161,Br.Br.Clc1ccccc1CNC(=N)SCCCc2c[nH]cn2,CHEMBL1202318,Ki,8.0
607882,Br.Br.Ic1ccc(CNC(=N)SCCCc2c[nH]cn2)cc1,CHEMBL1202321,Ki,8.0
608846,Br.Brc1ccc(CNC(=N)SCCCc2c[nH]cn2)cc1,CHEMBL1743881,Ki,8.0
4984129,CC(C)CCc1cc(nc(N)n1)N(C)CCNc2ccnc(N)n2,CHEMBL2375668,Ki,8.0
4984140,CC1CCCCN1S(=O)(=O)CCNc2nc(nc3ccc(Cl)cc23)N4CCN(C)CC4,CHEMBL591249,Ki,8.0
4984151,CCC\N=C(/S)\NCCCCc1c[nH]cn1,CHEMBL72769,Ki,8.0
4984162,CN(CCNc1ccnc(N)n1)c2cc(nc(N)n2)c3ccccc3,CHEMBL2375770,Ki,8.0
4984173,CN1CCN(CC1)c2cc(N)nc(NC3CCCC3)n2,CHEMBL1770987,Ki,8.0
4984184,CN1CCN(CC1)c2ncnc(n2)c3ccc(Cl)cc3,CHEMBL3290570,Ki,8.0
4984195,CN1C[C@@H]2CN(C[C@@H]2C1)C(=N)c3nc4cc(F)c(F)cc4[nH]3,CHEMBL1915348,Ki,8.0
4984206,CN[C@@H]1CCN(C1)c2nc(N)nc3c2oc4ccc(Cl)c(Cl)c34,CHEMBL1914786,Ki,8.0
4984217,CN[C@@H]1CCN(C1)c2nc(N)nc3c2oc4cccc(F)c34,CHEMBL1914778,Ki,8.0
4984228,CN[C@@H]1CCN(C1)c2nc(N)nc3c4cc(Cl)ccc4sc23,CHEMBL1914789,Ki,8.0
608050,Clc1ccc(CNC(=N)SCCCc2c[nH]cn2)cc1,CHEMBL14690,Ki,8.0
4984241,Clc1ccc2[nH]c(cc2c1)C(=O)N3CC(C3)N4CCCC4,CHEMBL2047466,Ki,8.0
4984252,CC(C)(C)c1cc(nc(N)n1)N2CC[C@@H](N)C2,CHEMBL3236578,Ki,8.03
4984263,CCc1cnc2c(nc(N)nc2c1)N3CCN(C)CC3,CHEMBL2376799,Ki,8.03
4984274,CN1CCN(CC1)c2nc(NCCS(=O)(=O)N3CCOCC3)c4cc(Cl)ccc4n2,CHEMBL591250,Ki,8.03
4984286,CN[C@@H]1CCN(C1)c2nc(N)nc3c2oc4ncc(Cl)cc34,CHEMBL1915048,Ki,8.03
4984297,N[C@@H]1CCCN(C1)c2nc(N)nc3c2oc4ccc(Cl)cc34,CHEMBL1914549,Ki,8.04
4984308,CN1CCCN(CCCOc2ccc(c(Cl)c2)c3nc4c(C)c(C)ccc4[nH]3)CC1,CHEMBL219982,Ki,8.05
4984319,CN[C@@H]1CCN(C1)c2cc(NC3CCCC3)nc(N)n2,CHEMBL1770980,Ki,8.05
1698655,N=C(NCCCc1c[nH]cn1)NC(=O)CC(c2ccccc2)c3ccccc3,CHEMBL471413,EC50,8.07
4984332,C(Cc1c[nH]cn1)Cn2cc(CC3CCCCC3)nn2,CHEMBL1688946,Ki,8.08
611627,CC1CC(C)(C)N=C(O1)c2cccc(Cc3c[nH]cn3)c2,CHEMBL494982,Ki,8.08
608570,C[C@H](CC(=O)NC(=N)NCCCc1c[nH]cn1)C2CCCCC2,CHEMBL1096430,EC50,8.08
4984347,CN1CCN(CC1)c2nc(NCCS(=O)(=O)Nc3ccccc3)c4c(cccc4n2)C(F)(F)F,CHEMBL591496,Ki,8.09
603513,NC(=N)NCCCc1c[nH]cn1,CHEMBL325327,EC50,8.09
592006,C(Cc1c[nH]cn1)Cn2cc(CC3CCCC3)nn2,CHEMBL1688976,Ki,8.1
4984362,CC(C)\N=C(/S)\NCCCCc1c[nH]cn1,CHEMBL306077,Ki,8.1
4984373,CN1CCN(CC1)c2cc(nc(N)n2)c3ccc(cc3)[N+](=O)[O-],CHEMBL3133131,Ki,8.1
4023145,CN1CCN(CC1)c2cc(nc(N)n2)c3ccccc3,CHEMBL492884,Ki,8.1
4984385,CN[C@@H]1CCN(C1)c2cc(nc(N)n2)C(C)(C)C,CHEMBL3236577,Ki,8.1
4984396,CN[C@@H]1CCN(C1)c2ccnc(NC(C)C)n2,CHEMBL3354815,Ki,8.1
4984407,CN[C@@H]1CCN(C1)c2cnnc(NC3CC4CCC3C4)c2,CHEMBL3393556,Ki,8.1
4984418,CN[C@@H]1CCN(C1)c2nc(N)nc3c2oc4c(Cl)cc(Cl)cc34,CHEMBL1914785,Ki,8.1
4984429,CN[C@H]1CCN(C1)c2ccnc(NC3CC4CCC3C4)n2,CHEMBL3393548,Ki,8.1
609001,Clc1ccc(CNC(=N)SCCCCc2c[nH]cn2)cc1,CHEMBL1632409,Ki,8.1
4984442,Nc1nc(cc(n1)N2CCNCC2)N3CCCC3,CHEMBL1770160,Ki,8.1
4984453,Nc1nccc(NCCNc2cc(nc(N)n2)c3ccccc3)n1,CHEMBL2375773,Ki,8.1
4984464,CN1CCN(CC1)c2nc(N)nc3c2oc4ccc(Cl)c(Cl)c34,CHEMBL1914757,Ki,8.11
4984475,Nc1nc(N2CCNCC2)c3oc4ccc(Cl)c(Cl)c4c3n1,CHEMBL1914774,Ki,8.11
4984486,CCN(CC)S(=O)(=O)CCNc1nc(nc2ccc(Cl)cc12)N3CCN(C)CC3,CHEMBL591500,Ki,8.12
603040,Clc1ccc(CNCC[C@@H]2C[C@H]2c3c[nH]cn3)cc1,CHEMBL213886,Ki,8.12
1730127,CNC1CN(C1)c2nc(N)nc3cc(ccc23)C4CC4,CHEMBL2376794,Ki,8.15
1698643,N\C(=N/C(=O)CCc1c[nH]c2ccccc12)\NCCCc3c[nH]cn3,CHEMBL514641,EC50,8.15
4984503,Nc1nc2C(CCCCc2c(n1)N3CC4CCCNC4C3)c5ccccc5,CHEMBL1077276,Ki,8.15
4984514,CCCCNc1cc(ccn1)N2CC[C@H](C2)NC,CHEMBL3393529,Ki,8.16
4984525,CN1CCN(CC1)C(=O)c2nc3c(C)c(F)ccc3[nH]2,CHEMBL120591,Ki,8.16
4984536,CN1C[C@@H]2CN(C[C@@H]2C1)C(=N)c3nc4ccccc4[nH]3,CHEMBL1938979,Ki,8.19
610803,CC(CC(=O)NC(=N)NCCCc1c[nH]cn1)c2cccs2,CHEMBL502339,EC50,8.2
4984551,CN1CCN(CC1)C(=O)c2cc3c(Cl)c(Cl)ccc3[nH]2,CHEMBL129436,Ki,8.2
4984562,CN1CCN(CC1)C(=O)c2cc3c(F)c(Cl)ccc3[nH]2,CHEMBL2047447,Ki,8.2
4984573,CN1CCN(CC1)C(=O)c2cc3cc(Cl)cc(C)c3[nH]2,CHEMBL2047449,Ki,8.2
4984584,CN1CCN(CC1)C(=O)c2cc3cc(Cl)cc(F)c3[nH]2,CHEMBL2047448,Ki,8.2
4984595,Nc1nccc(NCCNc2cc(nc(N)n2)c3cccc(Cl)c3)n1,CHEMBL2375757,Ki,8.2
4984606,CN1CCN(CC1)C2=Nc3cc(Cl)c(Cl)cc3NC2=O,CHEMBL260549,Ki,8.22
4984617,CN1CCN(CC1)c2cc(nc(N)n2)N3CCCC3,CHEMBL505061,Ki,8.22
4984628,CN1CCN(CC1)c2nc(N)nc3cc(ccc23)c4cocc4,CHEMBL1935571,Ki,8.22
4984639,CN[C@@H]1CCN(C1)c2cc(N)nc(NC(C)C)n2,CHEMBL1770990,Ki,8.22
4984650,CN[C@@H]1CCN(C1)c2cc(N)nc(NC3CCCC3)n2,CHEMBL1770959,Ki,8.22
4984661,CN[C@@H]1CCN(C1)c2cnnc(NC3CCCC3)c2,CHEMBL3393553,Ki,8.22
4984672,CN[C@H]1CCN(C1)c2ccnc(NC3CC4CCC3C4)c2,CHEMBL3393535,Ki,8.22
4984683,Nc1nc(N2CCNCC2)c3CCC4=C([C@H]5CCCC[C@H]5O4)c3n1,CHEMBL1935450,Ki,8.22
4984694,CN1CCN(CC1)c2nc(NCCS(=O)(=O)Nc3ccccc3)c4cc(I)ccc4n2,CHEMBL592434,Ki,8.24
4984705,N[C@H]1CCCN(C1)c2nc(N)nc3c2oc4ccc(Cl)cc34,CHEMBL1914548,Ki,8.24
606219,CC(C)(C)C#Cc1cccc(Cc2c[nH]cn2)c1,CHEMBL493014,Ki,8.25
596470,CC(C)(C)CC(=O)c1cccc(Cc2c[nH]cn2)c1,CHEMBL489493,Ki,8.25
4984720,CN(c1ccccc1)S(=O)(=O)CCNc2nc(nc3ccc(Cl)cc23)N4CCN(C)CC4,CHEMBL592663,Ki,8.27
4984731,CN[C@@H]1CCN(C1)c2nc(N)nc3c4ccc(Cl)cc4sc23,CHEMBL1914792,Ki,8.28
4984742,Cc1cc(OCCCNCc2cccnc2)ccc1c3nc4c(C)c(F)ccc4[nH]3,CHEMBL1084355,Ki,8.28
4984753,Nc1nc(N2CCNCC2)c3CCCc4ccc(F)cc4c3n1,CHEMBL523225,Ki,8.29
4984764,CN1CCC(CCCCOc2cc(c(C)cn2)c3nc4c(C)c(F)ccc4[nH]3)CC1,CHEMBL3236548,Ki,8.3
4984775,CN1CCN(CC1)C(=O)c2cc3cc(Cl)cc(N)c3[nH]2,CHEMBL2047450,Ki,8.3
4984786,CN1CCN(CC1)c2cc(nc(N)n2)c3ccc(N)cc3,CHEMBL3133130,Ki,8.3
591839,CN1CCN(CC1)c2nc(N)nc3cc(ccc23)c4occc4,CHEMBL1935573,Ki,8.3
4984798,CN[C@H]1CCN(C1)c2cnnc(NC3CC4CCC3C4)c2,CHEMBL3393557,Ki,8.3
4984810,N[C@@H]1CCN(C1)c2nc(N)nc3c2CCCc4ccccc34,CHEMBL502347,Ki,8.3
607352,CC(=O)\N=C(/N)\NCCCc1c[nH]cn1,CHEMBL443896,EC50,8.31
4984824,CN1CCN(CC1)c2nc(NCCS(=O)(=O)Nc3ccccc3)c4cc(Cl)ccc4n2,CHEMBL592379,Ki,8.31
4984835,Nc1nc(N2C[C@H]3CCCN[C@H]3C2)c4oc5ccc(Cl)cc5c4n1,CHEMBL1914746,Ki,8.33
4984846,CN1C[C@H]2CN(C[C@H]2C1)C(=N)c3nc4c(C)c(F)ccc4[nH]3,CHEMBL1938975,Ki,8.34
4984857,CN1C[C@H]2CN(C[C@H]2C1)C(=N)c3nc4cc(F)ccc4[nH]3,CHEMBL1938977,Ki,8.34
4984868,CNC1CN(C1)c2cc(NCCC(C)(C)C)nc(N)n2,CHEMBL1915537,Ki,8.34
604984,C[C@@H](CC(=O)NC(=N)NCCCc1c[nH]cn1)C2CCCCC2,CHEMBL1096431,EC50,8.34
4984881,CN1CCN(CC1)c2nc(NCCS(=O)(=O)N)c3cc(Cl)ccc3n2,CHEMBL591969,Ki,8.35
4984892,CNS(=O)(=O)CCNc1nc(nc2ccc(Cl)cc12)N3CCN(C)CC3,CHEMBL591011,Ki,8.37
4984903,CCCCc1cc(nc(N)n1)N2CC[C@H](C2)NC,CHEMBL3236571,Kd,8.4
593678,CN1CCN(CC1)c2nc(N)nc3cc(ccc23)c4ccsc4,CHEMBL1935572,Ki,8.4
4984916,CN[C@@H]1CCN(C1)c2cc(NCC(C)C)nc(N)n2,CHEMBL1770979,Ki,8.4
4984927,CN[C@@H]1CCN(C1)c2ccnc(NC3CCCC3)c2,CHEMBL3393532,Ki,8.4
611297,CC(C)C(=O)\N=C(/N)\NCCCc1c[nH]cn1,CHEMBL471724,EC50,8.43
4984940,Nc1nc(N2CC3CCNC3C2)c4oc5ccc(Cl)cc5c4n1,CHEMBL1914745,Ki,8.44
4984951,CN[C@@H]1CCN(C1)c2nc(N)nc3c2CCCc4ccccc34,CHEMBL521996,Ki,8.46
1744671,CNC1CN(C1)c2nc(N)nc3cc(ccc23)C4CCCC4,CHEMBL2376790,Ki,8.47
4984964,CN[C@@H]1CCN(C1)c2nc(N)nc3c2oc4ccccc34,CHEMBL1914776,Ki,8.47
4984975,CN[C@H]1CCN(C1)c2nc(N)nc3c2oc4ccccc34,CHEMBL3819470,Ki,8.47
4984985,NCC1CN(C1)c2nc(N)nc3c2oc4ccc(Cl)cc34,CHEMBL1914547,Ki,8.47
4984996,Cc1cc(OCCCN2CCc3nc[nH]c3C2)ccc1c4nc5c(C)c(F)ccc5[nH]4,CHEMBL1086105,Ki,8.48
4985007,CC(C)CCc1cc(nc(N)n1)N2CCN(C)CC2,CHEMBL2375772,Ki,8.5
4985019,CC(C)CNc1cc(nc(N)n1)N2CCN(C)CC2,CHEMBL1771000,Ki,8.5
4985030,CN1CCN(CC1)c2cc(nc(N)n2)c3ccc(Cl)cc3,CHEMBL493720,Ki,8.5
4985041,CN[C@@H]1CCN(C1)c2cc(N)nc(NC(C)C)c2,CHEMBL1770969,Ki,8.51
4985052,CC(C)Nc1cc(nc(N)n1)N2CCN(C)CC2,CHEMBL1770998,Ki,8.52
610912,CCC(=O)\N=C(/N)\NCCCc1c[nH]cn1,CHEMBL475621,EC50,8.52
4985065,CCCCNc1nccc(n1)N2CC[C@H](C2)NC,CHEMBL3393542,Ki,8.52
4985076,CN1CCN(CC1)C(=O)c2cc3sc(Cl)c(C)c3[nH]2,CHEMBL199062,Ki,8.52
4985087,CN1CCN(CC1)c2cc(N)nc(NC3CCCC3)c2,CHEMBL1770966,Ki,8.52
4985098,CN[C@@H]1CCN(C1)c2cc(NC(C)C)nc(N)n2,CHEMBL1770977,Ki,8.52
4985109,Nc1nc(cc(n1)N2C[C@H]3CCN[C@H]3C2)C4CCCC4,CHEMBL3236561,Ki,8.54
610364,C[C@@H](CC(=O)NC(=N)NCCCc1c[nH]cn1)c2ccccc2,CHEMBL1096429,EC50,8.58
610923,CCCC(=O)\N=C(/N)\NCCCc1c[nH]cn1,CHEMBL465170,EC50,8.59
4985124,CN[C@@H]1CCN(C1)c2cc(nc(N)n2)C3CCC3,CHEMBL3236575,Ki,8.62
4985135,N[C@@H]1CCN(C1)c2nc(N)nc3c2oc4ccc(Cl)cc34,CHEMBL1914543,Ki,8.62
4985146,CN[C@@H]1CCN(C1)c2cc(nc(N)n2)C3CCCCC3,CHEMBL3236576,Ki,8.64
4985157,CN[C@@H]1CCN(C1)c2nc(N)nc3c4cc(Br)ccc4sc23,CHEMBL1914788,Ki,8.68
4985168,CC(C)CNc1cc(cc(N)n1)N2CCN(C)CC2,CHEMBL1770964,Ki,8.7
4985179,CN[C@@H]1CCN(C1)c2ccnc(NC3CCCC3)n2,CHEMBL3393544,Ki,8.7
4985190,CN[C@@H]1CCN(C1)c2ccnc(NCC(C)C)c2,CHEMBL3393526,Ki,8.7
4985201,CN[C@@H]1CCN(C1)c2ccnc(NCC(C)C)n2,CHEMBL3393539,Ki,8.7
4985212,CN[C@@H]1CCN(C1)c2nc(N)nc3c2CCCC34CCCC4,CHEMBL1089390,Ki,8.7
4985223,CN[C@@H]1CCN(C1)c2nc(N)nc3c2oc4ccc(F)cc34,CHEMBL1914782,Ki,8.7
4985234,Nc1cc(cc(NC2CCCC2)n1)N3CCNCC3,CHEMBL3354820,Ki,8.7
4985245,Nc1nc(cc(n1)N2C[C@H]3CCCN[C@H]3C2)C4CCCC4,CHEMBL3236560,Ki,8.75
4985256,CNC1CN(C1)c2cc(NCC(C)(C)C)nc(N)n2,CHEMBL1915536,Ki,8.77
4985267,CN[C@@H]1CCN(C1)c2cc(nc(N)n2)C34CC5CC(CC(C5)C3)C4,CHEMBL3236579,Ki,8.77
604495,Br.Br.Clc1ccc(CNC(=N)SCCCc2c[nH]cn2)cc1Cl,CHEMBL1202332,Ki,8.8
593689,CNC1CN(C1)c2nc(N)nc3c2CCCC34CCCC4,CHEMBL1079516,Ki,8.82
4985282,CN1CCN(CC1)c2cc(nc(N)n2)C3CCCC3,CHEMBL3236552,Ki,8.85
597845,Nc1nc(cc(n1)N2CCNCC2)C3CCCC3,CHEMBL3236553,Ki,8.92
614406,CC(C)(C)c1ccc(SCCc2c[nH]cn2)cc1,CHEMBL1098230,Ki,8.96
4985297,CN[C@@H]1CCN(C1)c2cc(nc(N)n2)C3CCCC3,CHEMBL3236554,Ki,8.96
4985308,Nc1nc(N2CCCNCC2)c3oc4ccc(Cl)cc4c3n1,CHEMBL1914540,Ki,8.96
4985319,Nc1nc(N2CCNCC2)c3oc4ccc(Cl)cc4c3n1,CHEMBL1914542,Ki,8.96
4985330,CN1CCCN(CCCOc2ccc(c(Cl)c2)c3nc4c(C)cc(C)cc4[nH]3)CC1,CHEMBL373579,Ki,9.0
4985341,CN1CCN(CC1)c2cc(NC3CCCC3)nc(N)n2,CHEMBL1771001,Ki,9.0
4985352,CN1CCN(CC1)c2nc(N)nc3c4cc(Br)ccc4sc23,CHEMBL1914760,Ki,9.0
4985363,CN[C@@H]1CCN(C1)c2cc(N)nc(NCC(C)C)n2,CHEMBL1770992,Ki,9.0
4985374,CN[C@@H]1CCN(C1)c2ccnc(NC3CC4CCC3C4)c2,CHEMBL3393534,Ki,9.0
4985385,CN[C@@H]1CCN(C1)c2nc(N)nc3c2oc4ccc(Cl)cc34,CHEMBL1091874,IC50,9.0
4985396,CN[C@@H]1CCN(C1)c2nc(N)nc3c2oc4ccc(cc34)C(F)(F)F,CHEMBL1914783,Ki,9.0
4985407,CN[C@H]1CCN(C1)c2nc(N)nc3c2oc4ccc(cc34)C(C)(F)F,CHEMBL3819260,Ki,9.0
4985417,N[C@@H]1CCN(C1)c2cc(nc(N)n2)C3CCCC3,CHEMBL3236556,Ki,9.04
4985428,CNC1CCN(C1)c2nc(N)nc3c2oc4ccc(Cl)cc34,CHEMBL1914750,Ki,9.05
4985439,CN[C@@H]1CCN(C1)c2cc(N)nc(NC3CCCC3)c2,CHEMBL1770973,Ki,9.05
4985450,CN1CCN(CC1)c2nc(N)nc3c2oc4ccc(cc34)C(F)(F)F,CHEMBL1914755,Ki,9.1
4985461,CN[C@@H]1CCN(C1)c2ccnc(NC3CC4CCC3C4)n2,CHEMBL3393547,Ki,9.1
4985472,CN[C@@H]1CCN(C1)c2nc(N)nc3c2oc4ccc(Br)cc34,CHEMBL1914781,Ki,9.16
4985483,CN1CCN(CC1)c2cc(N)nc(NCC(C)(C)C)c2,CHEMBL1770968,Ki,9.52
4985494,CN1CCN(CC1)c2nc(N)nc3c4cc(Cl)ccc4sc23,CHEMBL1914462,Ki,9.52
4985505,Cc1cc(OCCCNCCc2c[nH]cn2)ccc1c3nc4c(C)c(F)ccc4[nH]3,CHEMBL1083162,Ki,9.68
4985516,CN[C@@H]1CCN(C1)c2cc(N)nc(NCC(C)C)c2,CHEMBL1770971,Ki,9.7
4985527,CN1CCN(CC1)c2nc(N)nc3c2oc4ccc(Cl)cc34,CHEMBL1914541,Ki,10.0
4985538,CN[C@@H]1CCN(C1)c2cc(N)nc(NCC(C)(C)C)c2,CHEMBL1770975,Ki,10.4
