id,smiles,name,assay_type,activity_value
1876,CNS(=O)(=O)CCC1=CC=C2NC=C(C3CCN(C)CC3)C2=C1,naratriptan,Ki,7.69999981
1892,[H][C@@]12CC3=CNC4=CC=CC(=C34)C1=C[C@H](CN2C)C(=O)N[C@@H](CC)CO,methylergometrine,Ki,7.1
1901,CN1CCC[C@@H]1CC1=CNC2=C1C=C(CCS(=O)(=O)C1=CC=CC=C1)C=C2,eletriptan,Ki,7.2
1909,[H][C@@]12CC3=CNC4=CC=CC(=C34)C1=C[C@H](CN2C)C(=O)N(CC)CC,lysergide,Ki,7.03
1919,[H]C12CN(C)CC1([H])C1=C(OC3=C2C=CC=C3)C=CC(Cl)=C1,asenapine,Ki,8.0
1980,NC(=O)c1ccc2[nH]cc(C3=CCC(CC3)NCCCCCCCNC4CCC(=CC4)c5c[nH]c6ccc(cc56)C(=O)N)c2c1,CHEMBL22744,IC50,7.0
1993,CCN(CC)C(=O)[C@H]1CN(C)[C@@H]2Cc3c[nH]c4cccc(C2=C1)c34,CHEMBL263881,Ki,7.03
2010,NCCc1c[nH]c2ccc(O)cc12,CHEMBL39,Ki,7.96
2022,Oc1ccc2[nH]cc(C3CCN(CCCCCNC(=O)\C=C\c4ccc(Cl)c(Cl)c4)CC3)c2c1,CHEMBL432713,Ki,8.2
