id,smiles,name,assay_type,activity_value
7145349,CN(C)CCc1c[nH]c2ccc(C[C@H]3COC(=O)N3)cc12,zolmitriptan,Ki,8.9
8930012,CN(C)CCC1=CNC2=C1C=C(CN1C=NC=N1)C=C2,rizatriptan,Ki,7.9
1876,CNS(=O)(=O)CCC1=CC=C2NC=C(C3CCN(C)CC3)C2=C1,naratriptan,EC50,8.7959
8930022,CN(C)CCC1=CNC2=C1C=C(CS(=O)(=O)N1CCCC1)C=C2,almotriptan,Ki,7.5
707699,CN1C[C@@H](C[C@H]2[C@H]1Cc3c[nH]c4cccc2c34)C(=O)N[C@]5(C)O[C@@]6(O)[C@@H]7CCCN7C(=O)[C@H](Cc8ccccc8)N6C5=O,dihydroergotamine,Ki,9.55
7146340,CN[C@@H]1CCc2[nH]c3ccc(cc3c2C1)C(=O)N,frovatriptan,Ki,8.36
583739,CNS(=O)(=O)CC1=CC2=C(NC=C2CCN(C)C)C=C1,sumatriptan,Ki,8.92
1901,CN1CCC[C@@H]1CC1=CNC2=C1C=C(CCS(=O)(=O)C1=CC=CC=C1)C=C2,eletriptan,Kd,9.05
4022625,CC1=CC=C(SC2=C(C=CC=C2)N2CCNCC2)C(C)=C1,vortioxetine,Ki,7.26760626
708046,CN1C[C@@H](C=C2[C@H]1Cc3c[nH]c4cccc2c34)C(=O)N[C@]5(C)O[C@@]6(O)[C@@H]7CCCN7C(=O)[C@H](Cc8ccccc8)N6C5=O,ergotamine,Ki,9.1
8944850,CN(C)[C@@H]1C[C@H](C1)c2c[nH]c3ccc(CC4COC(=O)N4)cc23,CHEMBL2110300,IC50,7.0
8930160,CN(C)[C@@H]1C[C@H](C1)c2c[nH]c3ccc(CC4COC(=O)N4C)cc23,CHEMBL2368257,IC50,7.0
8933529,COc1cc2CCN(C(=O)Cc3cccc(Cl)c3F)c2cc1N4C[C@@H](C)N(C)[C@@H](C)C4,CHEMBL195898,Ki,7.0
8933312,COc1cc2CCN(C(=O)c3ccc(c4cccc(C)n4)c5ccccc35)c2cc1N6C[C@@H](C)N(C)[C@@H](C)C6,CHEMBL195497,Ki,7.0
8933345,COc1ccc(NC(=O)c2ccc(cc2)c3ccc(cc3C)c4noc(C)n4)cc1CCCN(C)C,CHEMBL21790,Ki,7.0
2774643,COc1ccc(NS(=O)(=O)c2sc3ccc(Cl)cc3c2C)cc1N4CCN5CCC[C@H]5C4,CHEMBL29433,Ki,7.0
704957,COc1ccc2[nH]cc(CCN(CC=C)CC=C)c2c1,CHEMBL2391541,Ki,7.0
7158088,Cc1ccc2c(OCCN3CCC(Cc4ccc5OCC(=O)Nc5c4F)CC3)cc(F)cc2n1,CHEMBL393539,Ki,7.0
5299763,Cl.O=C(N[C@@H]1CC[C@@H](CCN2CCc3cc(ccc3C2)C#N)CC1)c4ccc5ccccc5c4,CHEMBL2113348,Ki,7.0
5305296,Cl.O=C(N[C@@H]1CC[C@@H](CCN2CCc3ccc(cc3C2)C#N)CC1)\C=C\c4ccccc4,CHEMBL2113350,Ki,7.0
1922308,Cl.O=C(N[C@@H]1CC[C@@H](CCN2CCc3ccc(cc3C2)C#N)CC1)c4cc5ccccc5[nH]4,CHEMBL2113347,Ki,7.0
708367,Clc1cccc(N2CCN(CCCCOc3ccc4CCC(=O)Nc4c3)CC2)c1Cl,aripiprazole,Ki,7.0
8930914,CC(C)C(=O)Oc1ccc2[nH]cc(CCN(C)C)c2c1,CHEMBL327103,Ki,7.01
2770601,CN(C)CCc1cccc2c1cc(C(=O)c3ccccc3)n2S(=O)(=O)c4ccccc4,CHEMBL126340,Ki,7.01
8944887,C(Cc1c[nH]c2ccc(cc12)n3cnnc3)N4CCC[C@@H]4COCc5ccccc5,CHEMBL159381,IC50,7.02
704044,COc1ccccc1N2CCN(CCN(C(=O)C34CCC(CF)(CC3)C4)c5ccccn5)CC2,CHEMBL1910141,Ki,7.04
8933544,COc1ccccc1N2CCN(CC2)C(=O)Nc3ccc(OC)c(c3)N4CCN(C)CC4.OC(=O)\C=C\C(=O)O,CHEMBL430500,Ki,7.05
704394,COc1ccccc1N2CCN(CCCCN3N=CC(=O)N(C)C3=O)CC2,CHEMBL2413154,Ki,7.05
8944903,CCCN(CCC)C1CCc2ccc3[nH]cc(C(=O)C(=O)N)c3c2C1,CHEMBL70431,Ki,7.06
8933568,COc1ccc(NC(=O)N2CCN(CC2)c3ccc(C)cc3C)cc1N4CCN(C)CC4.OC(=O)\C=C\C(=O)O,CHEMBL323986,Ki,7.06
8930270,C[C@@H]1CN(CCN1CC[C@H]2OCCc3cc(ccc23)C(=O)N)c4cccc5cc(F)ccc45,CHEMBL234448,Ki,7.06
8944917,CN1CCN=C1Cc2c(C)cc(cc2C)C(C)(C)C,CHEMBL72107,Ki,7.07
704022,CN1CCc2c(C1)c3cccc4CCc5ccccc5n2c34,CHEMBL3104091,Ki,7.07
584526,CN1CCC(CC1)c2c[nH]c3ccc(NC(=O)c4ccc(Cl)cc4Cl)nc23,CHEMBL104496,Ki,7.08
6500217,CC(C)Oc1cccc2C(C)NC(=Nc12)NCC(F)F,CHEMBL446459,Ki,7.09
8944934,CC(CN1CCC(Cc2ccc3OCC(=O)Nc3c2)CC1)Oc4cccc5nc(C)ccc45,CHEMBL484386,Ki,7.1
8932995,COc1cc2CCN(C(=O)Nc3cccc(Cl)c3Cl)c2cc1N4C[C@@H](C)N(C)[C@@H](C)C4,CHEMBL435936,Ki,7.1
5292502,COc1cccc2Cc3ccccc3[C@@H]4CN(C)CCN4c12,CHEMBL113238,Ki,7.1
7155823,Cc1ccc2c(OCCN3CCC(Cc4cc(F)c5OCC(=O)Nc5c4)CC3)cc(F)cc2n1,CHEMBL238730,Ki,7.1
7150405,Cc1ccc2c(OCCN3CCC(Cc4ccc5OCC(=O)Nc5c4)CC3)ccc(F)c2n1,CHEMBL241499,Ki,7.1
8944955,Fc1ccc(cc1)C(=O)Nc2ccc3[nH]cc(C4CCN(CCCN5CCC(CC5)c6c[nH]c7ccc(NC(=O)c8ccc(F)cc8)cc67)CC4)c3c2,CHEMBL505954,Ki,7.1
8944966,C1CCN(C1)C2CCc3ccc4[nH]ccc4c3C2,CHEMBL69560,Ki,7.11
8944977,CCN(CC)CCc1c[nH]c2ccc(O)cc12,CHEMBL142629,IC50,7.11
8944988,FC(F)(CN1CCC(Cc2ccccc2)CC1)Cc3c[nH]c4ccc(cc34)n5cnnc5,CHEMBL64003,IC50,7.11
8944999,CN(C)CCc1c[nH]c2ccc(OCc3ccccc3)cc12,CHEMBL357130,IC50,7.12
8945010,C(Cc1c[nH]c2ccc(cc12)C3=CCNCC3)N4CCCC4,CHEMBL422192,Ki,7.13
8945021,CCCN(CC1CC1)C2CCc3ccc4[nH]ccc4c3C2,CHEMBL69729,Ki,7.13
8945032,Cc1cc(Br)cc(C)c1CC2=NCCN2,CHEMBL307408,Ki,7.13
8945043,NC(=O)c1ccc2C(CCN3CCN(CC3)c4c[nH]c5cc(F)ccc45)OCCc2c1,CHEMBL310744,Ki,7.13
8945054,Cc1cc(C)c(CC2=NCCN2)c(C)c1,CHEMBL72178,Ki,7.14
8945065,NC(=O)c1ccc2C(CCN3CCC(=CC3)c4ccc5cc(F)ccc5c4)OCCc2c1,CHEMBL310082,Ki,7.15
6500287,CC(C)Oc1cccc2C(C)NC(=Nc12)N,CHEMBL258075,Ki,7.16
8932143,CCCCCCCCCCCOc1ccc2[nH]cc(CCN)c2c1,CHEMBL109839,Ki,7.16
8945080,CCCNC1CCc2ccc3[nH]ccc3c2C1,CHEMBL305976,Ki,7.16
7145233,COc1cccc(c1)N2CCN(CC2)C(=O)Nc3ccc(OC)c(c3)N4CCN(C)CC4.OC(=O)\C=C\C(=O)O,CHEMBL108722,Ki,7.16
7152000,C[C@H]1CN(CCN1CC[C@H]2OCc3cc(ccc23)C(=O)N)c4cccc5cc(F)ccc45,CHEMBL3706924,Ki,7.17
8930171,CN(C)[C@@H]1C[C@H](C1)c2c[nH]c3ccc(Oc4ccccc4)cc23,CHEMBL2368253,IC50,7.19
8945096,Cn1cc(C2=CCN(CCC3OCCc4cc(ccc34)C(=O)N)CC2)c5ccc(F)cc15,CHEMBL311323,Ki,7.19
584042,Ic1ccccc1CS(=O)(=O)Nc2ccc3[nH]cc(C[C@H]4CCCN4)c3c2,CHEMBL2113386,Ki,7.19
7151130,C(CNC1=NCCCN1)NCC2CCc3ccccc3O2,CHEMBL88783,IC50,7.2
8945110,C(CNCC1CCc2ccc3[nH]ccc3c2C1)Cc4ccccc4,CHEMBL70980,Ki,7.2
707884,CN1CCC2C(C1)c3cccc4SCc5ccccc5N2c34,CHEMBL3217984,Ki,7.2
7147985,Cc1ccc2c(OCCN3CCC(Cc4ccc5OCC(=O)Nc5c4)CC3)ccc(Cl)c2n1,CHEMBL241500,Ki,7.2
1939847,Cl.CCCN[C@H]1CCc2c(CS(=O)(=O)C(F)(F)F)cccc2C1,CHEMBL2021538,Ki,7.2
5302743,Cl.FC(F)(F)S(=O)(=O)Oc1ccc2CCN(CCCCNC(=O)\C=C\c3c[nH]c4ccccc34)Cc2c1,CHEMBL552599,Ki,7.2
8945128,NC(=O)c1ccc2C(CCN3CCC(=CC3)c4noc5cc(F)ccc45)OCCc2c1,CHEMBL79853,Ki,7.2
756714,NCCc1c[nH]c2ccccc12,CHEMBL6640,Ki,7.22
8945141,CN(C)CCn1ccc2ccc(cc12)c3ccc4ccccc4c3,CHEMBL139438,Ki,7.24
8945152,NC(=O)c1ccc2C(CCN3CCC(=CC3)c4c[nH]c5c(F)c(F)ccc45)OCCc2c1,CHEMBL82523,Ki,7.24
8945163,C[C@@H]1CN(CCN1CCC2OCCc3cc(ccc23)C(=O)N)c4cccc5cc(F)ccc45,CHEMBL234447,Ki,7.25
8945174,FC(F)(CN1CCC(CCc2ccccc2)CC1)Cc3c[nH]c4ccc(cc34)n5cnnc5,CHEMBL68019,IC50,7.25
1941857,NC(=O)c1ccc2C(CCN3CCC(=CC3)c4c[nH]c5cc(F)ccc45)OCCc2c1,CHEMBL83617,Ki,7.25
8932132,NCCc1c[nH]c2ccc(OCCCCC3CCCCC3)cc12,CHEMBL110318,Ki,7.26
8945189,CCCN(CCC)C1CCc2ccc3[nH]cc(CC(F)(F)F)c3c2C1,CHEMBL71899,Ki,7.27
8945200,CCCN(CCC)[C@@H]1CCc2ccc3[nH]cc(C(=O)C(=O)N)c3c2C1,CHEMBL71247,Ki,7.27
8945211,Cc1cc(Br)cc(C)c1N=C2NCCN2,CHEMBL182837,Ki,7.27
8945222,CCCN(CCC)C1CCc2ccc3[nH]cc(c3c2C1)S(=O)(=O)C,CHEMBL303269,Ki,7.28
584163,CN1CCC(CC1)c2c[nH]c3cnc(NC(=O)c4ccc(F)cc4)cc23,CHEMBL103503,Ki,7.28
7145211,COc1ccc(NC(=O)c2ccc(cc2)c3ccc(cc3C)c4noc(C)n4)cc1N5CCN(C)CC5,CHEMBL15928,IC50,7.28
8945237,Cn1nc(C2=CCN(CCC3OCCc4cc(ccc34)C(=O)N)CC2)c5ccc(F)cc15,CHEMBL442974,Ki,7.29
7151151,CC(C)\N=C(\NCCCNCC1CCc2ccccc2O1)/NC#N,CHEMBL312845,IC50,7.3
8933422,COc1cc2CCN(C(=O)Nc3cccc(c3Cl)C(F)(F)F)c2cc1N4C[C@@H](C)N(C)[C@@H](C)C4,CHEMBL370214,Ki,7.3
8644844,Clc1cc(I)cc(Cl)c1N=C2NCCN2,CHEMBL360803,Ki,7.3
4126811,COc1cc2CCN(C)C3Cc4cc5OCOc5cc4c(c1OC)c23,CHEMBL467094,Ki,7.31
705145,COc1ccc2[nH]cc(CCN(C)C)c2c1,CHEMBL7257,IC50,7.31
8933505,COc1ccc(NC(=O)N2CCN(CC2)c3ccccc3C)cc1N4CCN(C)CC4.OC(=O)\C=C\C(=O)O,CHEMBL105970,Ki,7.32
8945258,CCc1ccc2[nH]cc(CCN3CCCC3)c2c1,CHEMBL49048,Ki,7.35
8945269,C[C@@H]1CN(CCN1CCC2OCCc3c(Cl)c(sc23)C(=O)N)c4cccc5cc(F)ccc45,CHEMBL197982,Ki,7.35
8945280,COc1ccc(NC(=O)c2ccc3N(CC(=O)N(C)c3c2)c4ccc(Cl)c(Cl)c4)cc1N5CCN(C)CC5,CHEMBL1910792,Ki,7.36
8945291,CCCN(CCC)C1CCc2ccc3[nH]cc(C)c3c2C1,CHEMBL69562,Ki,7.37
8945302,CNS(=O)(=O)Cc1ccc2[nH]cc(CCCN3CCC(CC3)N[C@H](C)c4ccccc4)c2c1,CHEMBL341897,IC50,7.37
7155551,NCCc1coc2ccc(cc12)C(=O)N,CHEMBL19114,IC50,7.37
8932490,CC(C)CCCCCCOc1ccc2[nH]cc(CCN)c2c1,CHEMBL111283,Ki,7.38
8931687,CCCCCCCCCCOc1ccc2[nH]cc(CCN)c2c1,CHEMBL111284,Ki,7.38
8931499,CCCCCCCCCOc1ccc2[nH]cc(CCN(C)C)c2c1,CHEMBL322054,Ki,7.38
8945320,CCCN(CCC)[C@H]1CCc2ccc3[nH]cc(C#N)c3c2C1,CHEMBL71804,Ki,7.38
8945331,C(CNCC1CCc2ccccc2C1)CNC3=NCCCN3,CHEMBL314738,IC50,7.4
8945341,CCCN(CCC)C1CCc2ccc3[nH]ccc3c2C1,CHEMBL65196,Ki,7.4
584571,CCNC(=O)Nc1ccc2[nH]cc(C3CCN(C)CC3)c2n1,CHEMBL102292,Ki,7.4
8945354,CN1CCC(CC1)c2c[nH]c3ccc(N)cc23,CHEMBL521235,Ki,7.4
8932660,CN1CCN(CC1)c2cc(NC(=O)c3ccc(Br)c(C)c3)ccc2C,CHEMBL20771,Ki,7.4
8933455,COc1ccc(NC(=O)c2ccc(cc2)c3ccc(cc3C)c4noc(C)n4)cc1NCCN(C)C,CHEMBL282693,Ki,7.4
8930215,NC(=O)c1ccc2C(CCN3CCC(C3)c4c[nH]c5cc(F)ccc45)OCCc2c1,CHEMBL79725,Ki,7.4
8945371,NC(=O)c1ccc2C(CCN3CCC(CC3)c4nsc5cc(F)ccc45)OCCc2c1,CHEMBL444843,Ki,7.4
7157581,CN1CCC(CC1)c2c[nH]c3cnc(NC(=O)C)cc23,CHEMBL104026,Ki,7.41
2758520,COc1ccc2[nH]cc(C3=CCNCC3)c2c1,CHEMBL18785,IC50,7.41
8945386,CN(Cc1ccccc1)[C@@H]2CCN(CCc3c[nH]c4ccc(cc34)n5cnnc5)C2,CHEMBL324287,IC50,7.42
8932862,COc1ccc(NC(=O)N2CCN(CC2)c3c(C)cccc3C)cc1N4CCN(C)CC4.OC(=O)\C=C\C(=O)O,CHEMBL111302,Ki,7.43
8945456,COc1ccc(NC(=O)c2ccc(cc2)c3ccc(cc3C)c4oc(C)nn4)cc1N5CCN(C)CC5,CHEMBL146735,IC50,7.43
8945467,O[C@H]1Cc2ccccc2C1NC3CCN(CCCc4c[nH]c5ccc(cc45)n6cnnc6)CC3,CHEMBL143894,IC50,7.43
8945478,CCCN(CCC)C1CCc2cc(F)c3[nH]cc(C(=O)CC)c3c2C1,CHEMBL70985,Ki,7.44
8945489,C(CN1CCC(CC1)NCc2cccnc2)Cc3c[nH]c4ccc(cc34)n5cnnc5,CHEMBL146891,IC50,7.46
8945500,CCCN(CC(C)C)[C@@H]1CCc2ccc3[nH]ccc3c2C1,CHEMBL1744041,Ki,7.46
8945511,CCCN(CC=C)C1CCc2ccc3[nH]ccc3c2C1,CHEMBL309121,Ki,7.46
8945522,CN(Cc1ccccc1)C2CCN(CC(F)(F)Cc3c[nH]c4ccc(cc34)n5cnnc5)CC2,CHEMBL67367,IC50,7.46
7147261,CN1CCN(CC1)c2nc3cc(ccc3n4cccc24)C(F)(F)F,CHEMBL27403,IC50,7.46
8945535,CN1CCN(CCCc2c[nH]c3ccc(cc23)n4cnnc4)CC1,CHEMBL117249,IC50,7.46
8932732,COc1ccc(NC(=O)N2CCN(CC2)c3ccccc3Cl)cc1N4CCN(C)CC4,CHEMBL370128,Ki,7.46
8945548,CCCN(CCC)[C@H]1CCc2cc(F)c3[nH]cc(C=O)c3c2C1,CHEMBL70652,Ki,7.47
8945559,CCCN(Cc1ccccc1)C2CCc3ccc4[nH]cc(C=O)c4c3C2,CHEMBL420191,Ki,7.48
8945570,Cc1cc(cc(C)c1CC2=NCCCN2)C(C)(C)C,CHEMBL361470,Ki,7.48
7148787,C(CNc1ncccn1)NCC2CCc3ccccc3O2,CHEMBL313490,IC50,7.5
8945582,CN(C)CCn1ccc2ccc(cc12)C3=CCOCC3,CHEMBL138462,Ki,7.5
8932984,COc1cc2CCN(C(=O)Cc3cccc(c3)[N+](=O)[O-])c2cc1N4CCN(C)CC4,CHEMBL2113097,Ki,7.5
8933444,COc1cc2CCN(C(=O)Oc3cccc(c3F)C(F)(F)F)c2cc1N4C[C@@H](C)N(C)[C@@H](C)C4,CHEMBL197505,Ki,7.5
8933731,COc1ccc(NC(=O)c2ccc(cc2)c3ccc(cc3C)c4noc(C)n4)cc1OCCN(C)C,CHEMBL20963,Ki,7.5
8945599,OC[C@H](NC1CCN(CCCc2c[nH]c3ccc(Cn4cncn4)cc23)CC1)c5ccccc5,CHEMBL341854,EC50,7.5
8945610,C(CN1CCNCC1)Cc2c[nH]c3ccc(cc23)n4cnnc4,CHEMBL274001,IC50,7.51
8945621,CCCN(CCC)[C@@H]1CCc2ccc3[nH]cc(C=O)c3c2C1,CHEMBL71625,Ki,7.51
8945632,CN(C)CCc1c[nH]c2ccc(OC(=O)C)cc12,CHEMBL111000,Ki,7.51
8945643,COc1ccc2[nH]cc(C3=CCN(CCC4OCCc5cc(ccc45)C(=O)N)CC3)c2c1,CHEMBL84171,Ki,7.51
8945654,Clc1ccc(s1)c2ccc3[nH]cc(CCN4CCCC4)c3c2,CHEMBL423610,Ki,7.51
584394,CN1CCC(CC1)c2c[nH]c3ccc(OS(=O)(=O)c4ccc(F)cc4)nc23,CHEMBL319920,Ki,7.52
8945667,C[C@H](O)[C@H](NC1CCN(CCCc2c[nH]c3ccc(cc23)n4cnnc4)CC1)c5ccccc5,CHEMBL356315,EC50,7.52
8945678,Cc1cc(cc(C)c1CC2=NCCN2Cc3ccccc3)C(C)(C)C,CHEMBL361729,Ki,7.52
8945689,FC(CN1CCC(CC1)OCc2ccccc2)Cc3c[nH]c4ccc(cc34)n5cnnc5,CHEMBL305062,IC50,7.52
584075,CN1CCC[C@@H]1Cc2c[nH]c3ccc(NS(=O)(=O)c4ccccc4Cl)cc23,CHEMBL606547,Ki,7.53
8945702,CN(C)[C@@H]1C[C@@H](Cc2c[nH]c3ccc(C[C@H]4COC(=O)N4)cc23)C1,CHEMBL3084967,IC50,7.54
705030,CN1CCc2c(C1)c3cccc4Cc5ccccc5Cn2c34,CHEMBL3104092,Ki,7.54
8945715,C[C@@H](NC1CCN(CCCc2c[nH]c3ccc(cc23)n4cnnc4)CC1)c5ccc(NC(=O)C)cc5,CHEMBL146150,IC50,7.54
8930669,O=C(NN1CCC(=CC1)c2ccc3[nH]cc(CCN4CCCC4)c3c2)C56CC7CC(CC(C7)C5)C6,CHEMBL440008,Ki,7.54
8945728,O=C(NN1CCC(=CC1)c2ccc3[nH]cc(CCN4CCCC4)c3c2)C5CCCCC5,CHEMBL162771,Ki,7.54
8945739,S=C(NN1CCC(=CC1)c2ccc3[nH]cc(CCN4CCCC4)c3c2)C56CC7CC(CC(C7)C5)C6,CHEMBL163516,Ki,7.54
8945750,C[C@H]1CC(CCN1CCC2OCCc3cc(ccc23)C(=O)N)c4c[nH]c5cc(F)ccc45,CHEMBL311787,Ki,7.55
703705,Cl.Oc1ccccc1N2CCN(CCCCCC(=O)n3c4ccccc4c5ccccc35)CC2,CHEMBL3764335,Ki,7.55
8945763,NC(=O)c1ccc2C(CCN3CCC(=CC3)c4coc5cc(F)ccc45)OCCc2c1,CHEMBL82488,Ki,7.55
8945774,NC(=O)c1ccc2[nH]cc(C3=CCC(CC3)NCCCNC4CCC(=CC4)c5c[nH]c6ccc(cc56)C(=O)N)c2c1,CHEMBL278610,IC50,7.56
8945784,CCCNC1CCc2ccc3[nH]cc(C=O)c3c2C1,CHEMBL312525,Ki,7.57
8945795,NC(=O)c1ccc2C(CCN3CCC(=CC3)c4ccc(F)c5ccoc45)OCCc2c1,CHEMBL2112307,Ki,7.57
8945806,O=S(=O)(N1CCC(=CC1)c2ccc3[nH]cc(CCN4CCCC4)c3c2)c5cccc6ccccc56,CHEMBL162011,Ki,7.57
8945817,CCCN(CCC)C1CCc2ccc3NC(=O)Cc3c2C1,CHEMBL71091,Ki,7.59
8945828,CCCN(CCCCN1C(=O)CC(C)(C)CC1=O)C2CCc3ccc4[nH]ccc4c3C2,CHEMBL69943,Ki,7.59
8933902,COc1ccc(NC(=O)N2CCN(CC2)c3cccc4CCCCc34)cc1N5CCN(C)CC5.OC(=O)\C=C\C(=O)O,CHEMBL325359,Ki,7.59
8945840,NC(=O)c1ccc2C(CCN3CCC(=CC3)c4c[nH]c5c(F)cccc45)OCCc2c1,CHEMBL83112,Ki,7.59
8945851,NC(=O)c1ccc2C(CCN3CCC(=CC3)c4cccc5ccc(F)cc45)OCCc2c1,CHEMBL83732,Ki,7.59
8930248,OC[C@@H]1CCN(CCc2c[nH]c3ccc(cc23)n4cnnc4)C1,CHEMBL159627,IC50,7.59
8945864,C(CN1CCC(CC1)NC2CCc3ccccc23)Cc4c[nH]c5ccc(cc45)n6cnnc6,CHEMBL148095,EC50,7.6
7150301,C(CNCC1COc2ccccc2O1)CNC3=NCCCN3,CHEMBL89448,IC50,7.6
8933599,CN(C)CCOc1cc(NC(=O)c2ccc(cc2)c3ccc(cc3C)c4noc(C)n4)cc5CCOc15,CHEMBL21724,Ki,7.6
8933433,COc1cc2CCN(C(=O)Oc3cccc(c3Cl)C(F)(F)F)c2cc1N4C[C@@H](C)N(C)[C@@H](C)C4,CHEMBL372731,Ki,7.6
7152159,COc1cc2CCN(C(=O)c3ccc(c4cccc(C)n4)c5ccccc35)c2cc1N6CCN(C)CC6,CHEMBL195114,Ki,7.6
8933800,Cc1ccc2c(cccc2n1)N3C[C@H]4C[C@@H]3CN4CCc5ccc6OCC(=O)Nc6c5,CHEMBL523064,Ki,7.6
703925,Clc1ccc(OC2CCN(CC[C@H]3CCCN3S(=O)(=O)c4ccc5cc[nH]c5c4)CC2)cc1,CHEMBL95104,Ki,7.6
8945886,NC(=O)c1ccc2[C@@H](CCN3CCC(=CC3)c4c[nH]c5c(F)cccc45)OCCc2c1,CHEMBL1159649,Ki,7.6
8945897,C(CN1CCC(CC1)NCc2ccncc2)Cc3c[nH]c4ccc(cc34)n5cnnc5,CHEMBL146729,IC50,7.62
8932441,C(CN1CCCCC1)Cc2c[nH]c3ccc(cc23)n4cnnc4,CHEMBL331612,IC50,7.62
8945910,CCCN(CC1CC1)C2CCc3ccc4[nH]cc(C=O)c4c3C2,CHEMBL71640,Ki,7.62
8945921,Fc1ccc(cc1)C(=O)Nc2ccc3[nH]cc(C4CCN(C\C=C\CN5CCC(CC5)c6c[nH]c7ccc(NC(=O)c8ccc(F)cc8)cc67)CC4)c3c2,CHEMBL450852,Ki,7.62
8945932,NC(=O)c1ccc2C(CCN3CCC(=CC3)c4[nH]nc5cc(F)ccc45)OCCc2c1,CHEMBL441259,Ki,7.62
8945943,C(Cc1c[nH]c2ccc(cc12)n3cnnc3)N4CC[C@H](C4)OCc5ccccc5,CHEMBL420874,IC50,7.64
8945954,CCCN(CCC)C1CCc2ccc3[nH]cc(Cl)c3c2C1,CHEMBL303021,Ki,7.64
583942,COc1ccc2[nH]cc(C3CCN(C)CC3)c2n1,CHEMBL104374,Ki,7.64
8945967,CN(C)CCn1ccc2ccc(cc12)C3=CCSCC3,CHEMBL343712,Ki,7.66
8945978,CN(CC1CC1)C2CCN(CCCc3c[nH]c4ccc(cc34)n5cnnc5)CC2,CHEMBL147786,IC50,7.66
8945989,CC(C)(C)OC(=O)NCC1(O)CCN(CCCc2c[nH]c3ccc(cc23)n4cnnc4)CC1,CHEMBL115496,IC50,7.68
7149383,CCN(CC)CCc1c[nH]c2ccc(OS(=O)(=O)C(F)(F)F)cc12,CHEMBL143510,IC50,7.68
8946002,O=S(=O)(N1CCC(=CC1)c2ccc3[nH]cc(CCN4CCCC4)c3c2)c5ccccc5,CHEMBL163639,Ki,7.68
8946013,NC(=O)c1ccc2[nH]cc(C3=CCC(CC3)NCCCCNC4CCC(=CC4)c5c[nH]c6ccc(cc56)C(=O)N)c2c1,CHEMBL277452,IC50,7.69
8946023,C(Cc1c[nH]c2ccc(cc12)n3cnnc3)N4CC[C@@H](C4)OCc5ccccc5,CHEMBL435060,IC50,7.7
8933411,CN(C)CCN1CCOc2ccc(NC(=O)c3ccc(cc3)c4ccc(cc4C)c5noc(C)n5)cc12,CHEMBL20791,Ki,7.7
8946036,CN(CC=C)C1CCN(CCCc2c[nH]c3ccc(cc23)n4cnnc4)CC1,CHEMBL148286,IC50,7.7
8946047,COc1ccc(CN2CCN(CCOc3cccc4nc(C)ccc34)CC2)cc1[N+](=O)[O-],CHEMBL193268,Ki,7.7
8946058,NC(=O)c1ccc2C(CCN3CCC(=CC3)c4csc5cc(F)ccc45)OCCc2c1,CHEMBL81703,Ki,7.7
8946069,C(Cc1c[nH]c2ccc(cc12)c3cccs3)N4CCCC4,CHEMBL353256,Ki,7.72
8946079,CN(C)[C@H]1CCc2ccc3[nH]cc(C=O)c3c2C1,CHEMBL1788196,Ki,7.72
8930082,CN(Cc1ccc(NC(=O)C)cc1)C2CCN(CCCc3c[nH]c4ccc(cc34)n5cnnc5)CC2,CHEMBL149488,IC50,7.72
8946092,CCCN(CCC)C1CCc2ccc3[nH]cc(SC)c3c2C1,CHEMBL306869,Ki,7.75
8946103,CN(C1CCN(CCCc2c[nH]c3ccc(cc23)n4cnnc4)CC1)C(=O)Nc5ccccc5,CHEMBL148325,IC50,7.75
8946114,CN(Cc1ccc(cc1)S(=O)(=O)C)C2CCN(CCCc3c[nH]c4ccc(cc34)n5cnnc5)CC2,CHEMBL147555,IC50,7.75
8946125,C[C@@H](NC1CCN(CCCc2c[nH]c3ccc(cc23)n4cncn4)CC1)c5ccccc5,CHEMBL144002,EC50,7.75
8946136,C=CCNC[C@@H]1CCN(CCc2c[nH]c3ccc(cc23)n4cnnc4)C1,CHEMBL162296,IC50,7.77
8930802,CCC(=O)Oc1ccc2[nH]cc(CCN(C)C)c2c1,CHEMBL322349,Ki,7.77
8931523,CN(CC1CCN(CCCc2c[nH]c3ccc(cc23)n4cnnc4)CC1)C(=O)c5ccc(NC(=O)C)cc5,CHEMBL347570,IC50,7.77
7146886,C(CNC[C@@H]1CCc2ccccc2O1)CNC3=NCCCN3,CHEMBL88212,IC50,7.8
8933494,CC(C)(C)CCCCCCOc1ccc2[nH]cc(CCN)c2c1,CHEMBL111150,Ki,7.8
8933710,CCCCCCCCCOc1ccc2[nH]cc(CCN)c2c1,CHEMBL97450,Ki,7.8
8946156,CCCN(C)C1CCc2ccc3[nH]cc(C=O)c3c2C1,CHEMBL71469,Ki,7.8
8946167,CCCN(CCC)[C@@H]1CCc2ccc3[nH]ccc3c2C1,CHEMBL302172,Ki,7.8
7151514,CCc1ccc2[nH]cc(CCN(C)C)c2c1,CHEMBL50492,Ki,7.8
7152962,CN1CCN(CC1)c2nccc3cc4CCN(C(=O)c5ccccc5C(F)(F)F)c4cc23,CHEMBL194701,Ki,7.8
8933135,COc1cc2CCN(C(=O)c3ccc(cc3)c4ccc(cc4C)c5noc(C)n5)c2cc1N6C[C@@H](C)N(C)[C@@H](C)C6,CHEMBL274256,Ki,7.8
8933835,COc1cc2CCN(C(=O)c3ccc(cc3)c4ccccc4C)c2cc1N5C[C@@H](C)N(C)[C@@H](C)C5,CHEMBL196848,Ki,7.8
8930226,S=C(NN1CCC(=CC1)c2ccc3[nH]cc(CCN4CCCC4)c3c2)c5cccc6ccccc56,CHEMBL161894,Ki,7.8
7151433,COc1ccccc1N2CCC(CC2)C(=O)Nc3ccc(OC)c(c3)N4CCN(C)CC4,CHEMBL195927,Ki,7.81
8946190,CCCNC1CCc2cccc(OS(=O)(=O)C(F)(F)F)c2C1,CHEMBL28313,Ki,7.82
8946201,CN(C)[C@@H]1CCc2ccc3[nH]ccc3c2C1,CHEMBL303339,Ki,7.82
8930489,CS(=O)(=O)NC[C@H](NC1CCN(CCCc2c[nH]c3ccc(cc23)n4cnnc4)CC1)c5ccccc5,CHEMBL148071,IC50,7.82
8930393,C[C@@H](NC1CCN(CCCc2c[nH]c3ccc(cc23)n4cnnc4)CC1)C(=O)Nc5ccccc5,CHEMBL148110,EC50,7.82
8946216,C[C@@H](NC1CCN(CCCc2c[nH]c3ccc(cc23)n4cnnc4)CC1)[C@H](O)c5ccccc5,CHEMBL423022,EC50,7.82
8946227,Fc1cccc(CCN2CCN(CC(F)(F)Cc3c[nH]c4ccc(cc34)n5cnnc5)CC2)c1,CHEMBL305301,IC50,7.82
8946238,NC(=O)c1ccc2[C@H](CCN3CCC(=CC3)c4c[nH]c5c(F)cccc45)OCCc2c1,CHEMBL1169435,Ki,7.82
8931448,CN(C)[C@@H]1C[C@H](C1)c2c[nH]c3ccc(cc23)C(=O)N,CHEMBL158638,IC50,7.83
8932887,N[C@@H]1C[C@H](C1)c2c[nH]c3ccc(Oc4ccccc4)cc23,CHEMBL2368254,IC50,7.84
8930511,C(CN1CCC(CC1)NCc2ccccn2)Cc3c[nH]c4ccc(cc34)n5cnnc5,CHEMBL145997,IC50,7.85
8946255,CCCN(CCC)[C@@H]1CCc2cc(F)c3[nH]ccc3c2C1,CHEMBL70710,Ki,7.85
8946266,C[C@H]1CN(CCN1CC[C@@H]2OCCc3cc(ccc23)C(=O)N)c4ccc5cc(F)ccc5c4,CHEMBL391272,Ki,7.85
7151989,C[C@H]1CN(CCN1CC[C@@H]2OCc3cc(ccc23)C(=O)N)c4cccc5cc(F)ccc45,CHEMBL3706923,Ki,7.85
8930558,NC(=O)c1ccc2C(CCN3CCC(CC3)c4cccc5ccccc45)OCCc2c1,CHEMBL79693,Ki,7.85
8930125,OC[C@@H](Cc1ccccc1)NC2CCN(CCCc3c[nH]c4ccc(cc34)n5cnnc5)CC2,CHEMBL147853,EC50,7.85
8946283,CCCN(CCCOc1cccc(Cl)c1)C2CCc3ccc4[nH]ccc4c3C2,CHEMBL420748,Ki,7.89
8946294,CCCN(CCc1cccs1)C2CCc3ccc4[nH]ccc4c3C2,CHEMBL71145,Ki,7.89
8946305,CN(Cc1ccccc1)[C@@H]2CCN(CCCc3c[nH]c4ccc(cc34)n5cnnc5)C[C@@H]2F,CHEMBL92207,IC50,7.89
8946316,CN(Cc1ccccc1C(F)(F)F)[C@H]2CCN(CCCc3c[nH]c4ccc(cc34)n5cnnc5)C[C@@H]2F,CHEMBL2114039,IC50,7.89
8931720,C[C@@H](NC1CCN(CCCc2c[nH]c3ccc(cc23)n4cnnc4)CC1)c5ccccc5,CHEMBL331970,EC50,7.89
8946329,Cc1cc(cc(C)c1CC(=N)N)C(C)(C)C,CHEMBL73281,Ki,7.89
8946340,F[C@@H]1CN(CCCc2c[nH]c3ccc(cc23)n4cnnc4)CC[C@@H]1NCc5ccccc5C(F)(F)F,CHEMBL2115111,IC50,7.89
8946351,Fc1ccc(cc1)C(=O)Nc2ccc3[nH]cc(C4CCN(CCCCCCCCCCCCN5CCC(CC5)c6c[nH]c7ccc(NC(=O)c8ccc(F)cc8)cc67)CC4)c3c2,CHEMBL500749,Ki,7.89
8946362,Fc1ccc(cc1)C(=O)Nc2ccc3[nH]cc(C4CCN(CCCCCCCCCCCN5CCC(CC5)c6c[nH]c7ccc(NC(=O)c8ccc(F)cc8)cc67)CC4)c3c2,CHEMBL509314,Ki,7.89
8931618,Fc1ccc(cc1)C(=O)Nc2ccc3[nH]cc(C4CCN(CCCCCCCCCCN5CCC(CC5)c6c[nH]c7ccc(NC(=O)c8ccc(F)cc8)cc67)CC4)c3c2,CHEMBL500230,Ki,7.89
8946375,O[C@@H]1Cc2ccccc2[C@H]1NC3CCN(CCCc4c[nH]c5ccc(cc45)n6cnnc6)CC3,CHEMBL2112862,EC50,7.89
7153662,C(CCNC1=NCCCN1)CNCC2CCc3ccccc3O2,CHEMBL431211,IC50,7.9
7146920,COc1cc2CCN(C(=O)Nc3cccc(Cl)c3Cl)c2cc1N4CCN(C)CC4,CHEMBL195432,Ki,7.9
7146931,COc1ccc(CN2CCN(CCOc3cccc4nc(C)ccc34)CC2)cc1,CHEMBL494991,Ki,7.9
8933066,COc1ccc(NC(=O)c2ccc(Br)c(C)c2)cc1N3CCN(C)CC3,CHEMBL277467,Ki,7.9
7159474,Cc1ccc2c(cccc2n1)N3CCN(CCCCc4ccc5OCC(=O)Nc5c4)CC3,CHEMBL483365,Ki,7.9
7159500,O=C1COc2ccc(CCN3CCN(CC3)c4cccc5nc(ccc45)c6ccccc6)cc2N1,CHEMBL484059,Ki,7.9
8946397,CC(=O)Nc1ccc(CCNC2CCN(CCCc3c[nH]c4ccc(cc34)n5cnnc5)CC2)cc1,CHEMBL146023,IC50,7.92
8946408,CC(=O)Nc1ccc(CNC[C@@H]2CCN(CCc3c[nH]c4ccc(cc34)n5cnnc5)C2)cc1,CHEMBL349390,IC50,7.92
1927607,CCCN(CCC)C1CCc2cccc(OS(=O)(=O)C(F)(F)F)c2C1,CHEMBL28437,Ki,7.92
8946420,CN(C)C1CCc2ccc3[nH]ccc3c2C1,CHEMBL413105,Ki,7.92
8946431,CN(Cc1ccccc1)[C@H]2CCN(CCCc3c[nH]c4ccc(cc34)n5cnnc5)C[C@H]2F,CHEMBL91534,IC50,7.92
8946442,C[C@@H](NC1CCN(CCCc2c[nH]c3ccc(cc23)n4cnnc4)CC1)[C@@H](O)c5ccccc5,CHEMBL143890,IC50,7.92
8930204,C[C@H](NC1CCN(CCCc2c[nH]c3ccc(cc23)n4cnnc4)CC1)c5ccccc5,CHEMBL148087,EC50,7.92
8946455,Cc1ccc(cc1)S(=O)(=O)N2CCC(=CC2)c3ccc4[nH]cc(CCN5CCCC5)c4c3,CHEMBL349174,Ki,7.92
8931672,Clc1ccc(cc1)C(=S)NN2CCC(=CC2)c3ccc4[nH]cc(CCN5CCCC5)c4c3,CHEMBL351036,Ki,7.92
8930743,NC1CCN(CCCc2c[nH]c3ccc(cc23)n4cnnc4)CC1,CHEMBL143951,IC50,7.92
8930791,O=S(=O)(NCC1CCN(CCCc2c[nH]c3ccc(cc23)n4cnnc4)CC1)c5ccccc5,CHEMBL143952,EC50,7.92
8933768,CN1CCC(CC1)c2c[nH]c3ccc(NC(=O)CCCCCCCCCCCCCCC(=O)Nc4ccc5[nH]cc(C6CCN(C)CC6)c5c4)cc23,CHEMBL500488,Ki,7.95
8931865,CC(=O)Nc1ccc(CNCC2(O)CCN(CCCc3c[nH]c4ccc(cc34)n5cnnc5)CC2)cc1,CHEMBL326723,IC50,7.96
8946476,CCCN(CCC)C1CCc2cc(F)c3[nH]ccc3c2C1,CHEMBL305743,Ki,7.96
8946487,CN(C)CCc1c[nH]c2ccc(cc12)n3cnc4cccnc34,CHEMBL80189,IC50,7.96
8946497,COc1ccc(cc1)S(=O)(=O)N2CCC(=CC2)c3ccc4[nH]cc(CCN5CCCC5)c4c3,CHEMBL349675,Ki,7.96
8931629,S=C(NN1CCC(=CC1)c2ccc3[nH]cc(CCN4CCCC4)c3c2)C5CCCCC5,CHEMBL348756,Ki,7.96
8946510,CCCN(CCC)CCc1c[nH]c2ccc(cc12)C(C)(C)C,CHEMBL343025,Ki,7.97
7155155,C(CCNCC1CCc2ccccc2O1)CCNC3=NCCCN3,CHEMBL88784,IC50,8.0
7155165,C(CNCC1CCc2ccccc2O1)CNc3ccncn3,CHEMBL329207,IC50,8.0
7155722,C(CNCC1CCc2ccccc2O1)CNc3cnccn3,CHEMBL88152,IC50,8.0
8946524,CN([C@@H](CO)c1ccccc1)C2CCN(CCCc3c[nH]c4ccc(cc34)n5cnnc5)CC2,CHEMBL423749,EC50,8.0
7154529,CN1CCN(CC1)c2nccc3cc4CCN(C(=O)c5cnn(C)c5C(F)(F)F)c4cc23,CHEMBL196140,Ki,8.0
7153717,CN1CCN(CC1=O)c2cccc(CC3CCN(CCOc4cccc5nc(C)ccc45)CC3)c2,CHEMBL458200,Ki,8.0
8946539,COc1ccc(NC(=O)c2ccc(cc2)c3ccc(cc3C)C(=O)N)cc1N4CCN(C)CC4,CHEMBL147071,IC50,8.0
7146180,Cc1ccc2c(OCCN3CCN(CN4OC5=CCC(=O)C=C5C=C4)CC3)cccc2n1,CHEMBL192176,Ki,8.0
8946552,Cc1ccc2c(OCCN3CCN(Cc4ccc(O)c(c4)[N+](=O)[O-])CC3)cccc2n1,CHEMBL365810,Ki,8.0
7146202,Cc1ccc2c(OCCN3CCN(Cc4ccc5OCC(=O)Nc5c4)CC3)cccc2n1,CHEMBL248457,Ki,8.0
7157112,Cc1ccc2c(cccc2n1)N3CCN(CCCc4ccc5OCC(=O)Nc5c4)CC3,CHEMBL485395,Ki,8.0
8946567,NC(=O)c1ccc2[C@H](CCN3CCN(CC3)c4ccc5cc(F)ccc5c4)OCCc2c1,CHEMBL234449,Ki,8.0
8930417,CC#CCN(C)C1CCN(CCCc2c[nH]c3ccc(cc23)n4cnnc4)CC1,CHEMBL146396,IC50,8.01
7158416,CC(=O)c1ccc2[nH]cc(CCN)c2c1,CHEMBL110317,Ki,8.01
8946582,CCCN(CCCCN1C(=O)CC(C)(C)CC1=O)C2CCc3ccc4[nH]cc(C=O)c4c3C2,CHEMBL423127,Ki,8.01
8930636,S=C(NN1CCC(=CC1)c2ccc3[nH]cc(CCN4CCCC4)c3c2)c5ccccc5,CHEMBL352181,Ki,8.02
584549,CN(C)CCc1cccc2c1ccn2S(=O)(=O)c3ccccc3,CHEMBL92139,Ki,8.03
8946596,CN(Cc1ccccc1C(F)(F)F)[C@H]2CCN(CCCc3c[nH]c4ccc(cc34)n5cnnc5)C[C@H]2F,CHEMBL2115112,IC50,8.03
8930292,CN(Cc1occc1)C2CCN(CCCc3c[nH]c4ccc(cc34)n5cnnc5)CC2,CHEMBL434315,IC50,8.03
8946609,Clc1ccc(cc1)S(=O)(=O)N2CCC(=CC2)c3ccc4[nH]cc(CCN5CCCC5)c4c3,CHEMBL349903,Ki,8.03
8946620,NC(=O)OC[C@H](NC1CCN(CCCc2c[nH]c3ccc(cc23)n4cnnc4)CC1)c5ccccc5,CHEMBL342805,EC50,8.03
8930314,C(Cc1c[nH]c2ccc(cc12)n3cnnc3)N4CC[C@@H](CNc5ccccc5)C4,CHEMBL159493,IC50,8.04
8946633,CN(Cc1cocc1)C2CCN(CCCc3c[nH]c4ccc(cc34)n5cnnc5)CC2,CHEMBL148085,EC50,8.05
8946644,COC[C@H](NC1CCN(CCCc2c[nH]c3ccc(Cn4cncn4)cc23)CC1)c5ccc(F)cc5,CHEMBL344537,EC50,8.05
8930259,O[C@@H]1CCN(CCc2c[nH]c3ccc(cc23)n4cnnc4)C1,CHEMBL349528,IC50,8.05
8933037,C(CN1CCOCC1)Cc2c[nH]c3ccc(cc23)n4cnnc4,CHEMBL162930,IC50,8.06
8930680,O=C(NN1CCC(=CC1)c2ccc3[nH]cc(CCN4CCCC4)c3c2)c5cccc6ccccc56,CHEMBL423789,Ki,8.06
8946661,C(Cc1c[nH]c2ccc(cc12)n3cnnc3)N4CC[C@@H](CNCc5ccncc5)C4,CHEMBL161066,IC50,8.07
8946672,CCCN(CCC)C1CCc2cc(F)c3[nH]cc(C#N)c3c2C1,CHEMBL71474,Ki,8.07
584650,CNC(=O)Nc1ccc2[nH]cc(C3CCN(C)CC3)c2n1,CHEMBL323264,Ki,8.07
8946685,COc1ccc(cc1)N2CCN(CCC3OCCc4cc(ccc34)C(=O)N)CC2,CHEMBL69385,Ki,8.07
8930717,Cc1ccc(cc1)C(=O)NN2CCC(=CC2)c3ccc4[nH]cc(CCN5CCCC5)c4c3,CHEMBL162012,Ki,8.07
8946698,FC(F)(CN1CCC(CC1)OCc2ccccc2)Cc3c[nH]c4ccc(cc34)n5cnnc5,CHEMBL63258,IC50,8.07
8931563,O=C(NN1CCC(=CC1)c2ccc3[nH]cc(CCN4CCCC4)c3c2)c5ccccc5,CHEMBL163151,Ki,8.07
8946711,CCCN(CCC)C1CCc2cc(F)c3[nH]cc(CCC)c3c2C1,CHEMBL71663,Ki,8.08
7147897,CN(C)CCc1c[nH]c2ccc(OS(=O)(=O)C(F)(F)F)cc12,CHEMBL143767,IC50,8.08
8946724,NC(=O)c1ccc2C(CCN3CCC(CC3)c4c[nH]c5cc(F)ccc45)OCCc2c1,CHEMBL79674,Ki,8.08
8946735,OC[C@H](NC[C@@H]1CCN(CCc2c[nH]c3ccc(cc23)n4cnnc4)C1)c5ccccc5,CHEMBL441296,IC50,8.08
8930647,CN(CC1CCN(CCCc2c[nH]c3ccc(cc23)n4cnnc4)CC1)Cc5ccc(cc5)S(=O)(=O)C,CHEMBL343667,IC50,8.09
8946748,OC[C@@H]1CCCN1CCc2c[nH]c3ccc(cc23)c4cccs4,CHEMBL174141,Ki,8.09
7158000,C(CNCC1CCc2ccccc2O1)CNc3nccs3,CHEMBL89427,IC50,8.1
7154507,CCc1c(cnn1c2ccc(cc2)C#N)C(=O)N3CCc4cc5ccnc(N6CCN(CC6)C(C)C)c5cc34,CHEMBL198488,Ki,8.1
7148844,CCc1c(cnn1c2ccc(cc2)C#N)C(=O)N3CCc4cc5ccnc(N6C[C@@H](C)N[C@@H](C)C6)c5cc34,CHEMBL199144,Ki,8.1
8946764,CN(C)CCc1c[nH]c2ccc(cc12)C3=CCN(C)CC3,CHEMBL115415,Ki,8.1
584504,CN1CCC(CC1)c2c[nH]c3ccc(OS(=O)(=O)C)nc23,CHEMBL105556,Ki,8.1
7155255,CN1CCN(CC1)c2nccc3cc4CCN(C(=O)c5cc(C)oc5C(F)(F)F)c4cc23,CHEMBL199175,Ki,8.1
7146999,Cc1ccc2c(OCCN3CC(COc4ccc5OCC(=O)Nc5c4)C3)cccc2n1,CHEMBL484387,Ki,8.1
7146169,Cc1ccc2c(OCCN3CCC(Cc4cccc(c4)c5ccccc5)CC3)cccc2n1,CHEMBL456459,Ki,8.1
8946783,Cc1ccc2c(OCCN3CCN(Cc4ccc(F)c(c4)[N+](=O)[O-])CC3)cccc2n1,CHEMBL192536,Ki,8.1
7149721,Fc1ccc2OC(CNCCCNC3=NCCCN3)CCc2c1,CHEMBL90405,IC50,8.1
8946795,NC(=O)c1ccc2[nH]cc(C3=CCC(CC3)NCCNC4CCC(=CC4)c5c[nH]c6ccc(cc56)C(=O)N)c2c1,CHEMBL22553,IC50,8.1
8946805,CN(C[C@@H]1CCN(CCc2c[nH]c3ccc(Cn4cncn4)cc23)C1)Cc5ccccc5,CHEMBL159733,IC50,8.11
8931461,COc1ccc(cc1)C(=O)NN2CCC(=CC2)c3ccc4[nH]cc(CCN5CCCC5)c4c3,CHEMBL428991,Ki,8.11
8946818,C(CN1CCC(CC1)NCc2ccccc2)Cc3c[nH]c4ccc(cc34)n5cnnc5,CHEMBL117046,EC50,8.12
8946829,CN(C)CCc1c[nH]c2ccc(cc12)c3ccc(Cl)s3,CHEMBL422737,Ki,8.12
8931596,CCCN(CCC)C1CCc2ccc3[nH]cc(C#N)c3c2C1,CHEMBL70589,Ki,8.13
8946842,CCCN(CCc1ccccc1)C2CCc3ccc4[nH]ccc4c3C2,CHEMBL72285,Ki,8.13
8931800,Cc1ccc(cc1)C(=S)NN2CCC(=CC2)c3ccc4[nH]cc(CCN5CCCC5)c4c3,CHEMBL162049,Ki,8.13
8946855,OC[C@H](NC1CCN(CCCc2c[nH]c3ccc(cc23)n4cncn4)CC1)c5ccccc5,CHEMBL147961,EC50,8.13
8930371,CC(C)(C)CNCC1(O)CCN(CCCc2c[nH]c3ccc(cc23)n4cnnc4)CC1,CHEMBL113831,IC50,8.14
8946868,CN(C)CCn1ccc2ccc(cc12)c3ccsc3,CHEMBL138821,Ki,8.14
8932479,CNS(=O)(=O)Cc1ccc2[nH]cc(C[C@H]3CCCN3C)c2c1,CHEMBL159332,IC50,8.14
8930478,C(CN1CCC(CC1)NCc2cocc2)Cc3c[nH]c4ccc(cc34)n5cnnc5,CHEMBL357408,EC50,8.15
8931766,CN[C@@H]1C[C@H](C1)c2c[nH]c3ccc(CC4COC(=O)N4)cc23,CHEMBL2368256,IC50,8.15
8946885,C[C@@H]1CN(CCN1CC[C@@H]2OCCc3cc(ccc23)C(=O)N)c4cccc5cc(F)ccc45,CHEMBL391271,Ki,8.16
8931415,Cc1noc(n1)c2ccc(CCN3CCN(CCCc4c[nH]c5ccc(cc45)n6cnnc6)CC3)cc2,CHEMBL163114,IC50,8.16
7151893,NCCc1c[nH]c2ccc(OCC(=O)N3CCN(CC3)c4ccccc4CN)cc12,CHEMBL332063,Ki,8.16
8931988,CCCN(CCC)[C@@H]1CCc2ccc3[nH]cc(C#N)c3c2C1,CHEMBL308347,Ki,8.17
7043874,COc1ccc(cc1)N2CCN(CCC3OCCc4ccccc34)CC2,CHEMBL71724,Ki,8.17
8946904,C[C@H](Cc1ccccc1)NC2CCN(CCCc3c[nH]c4ccc(cc34)n5cnnc5)CC2,CHEMBL146502,EC50,8.17
8946915,Cc1cc(ccc1CC2=NCCN2)C(C)(C)C,CHEMBL70409,Ki,8.17
1926384,Cl.CCCN[C@@H]1CCc2cccc(CS(=O)(=O)C(F)(F)F)c2C1,CHEMBL2021539,Ki,8.17
8946928,FC(CN1CCN(CCc2ccccc2)CC1)Cc3c[nH]c4ccc(cc34)n5cnnc5,CHEMBL304993,IC50,8.17
8946939,O=C1CN(CCCc2c[nH]c3ccc(cc23)n4cnnc4)CCN1Cc5ccccc5,CHEMBL162899,IC50,8.18
8946950,CCCN(CC(C)C)[C@@H]1CCc2ccc3[nH]cc(C=O)c3c2C1,CHEMBL1744039,Ki,8.19
7146774,COc1ccc(NC(=O)N2CCN(CC2)c3ccc(Cl)cc3)cc1N4CCN(C)CC4,CHEMBL372453,Ki,8.19
8946963,Cc1ccc2[nH]cc(CCN)c2c1,CHEMBL331241,Ki,8.19
7152094,C(CNCC1CCc2ccccc2O1)CNC3=NCCN3,CHEMBL88208,IC50,8.2
8931534,COc1ccc(CC2CCN(CCOc3cccc4nc(C)ccc34)CC2)cc1NS(=O)(=O)C,CHEMBL495217,Ki,8.2
8932018,Cc1ccc2c(OC3CCN(CCc4ccc5OCC(=O)Nc5c4)CC3)cccc2n1,CHEMBL485427,Ki,8.2
7148907,Cc1ccc2c(OCCN3CCC(Cc4cccc(c4)c5cocc5)CC3)cccc2n1,CHEMBL456460,Ki,8.2
7155845,Cc1ccc2c(OCCN3CCN(Cc4ccc5OCC(=O)N(Cc6ccccc6)c5c4)CC3)cccc2n1,CHEMBL248231,Ki,8.2
8946983,OC[C@H](NC1CCN(CCCc2c[nH]c3ccc(C[C@H]4COC(=O)N4)cc23)CC1)c5ccccc5,CHEMBL146129,IC50,8.2
2757681,C1CN(CCN1)c2cccc3ccccc23,CHEMBL277120,Ki,8.21
8946996,CC(CN1CCN(CC(F)(F)Cc2c[nH]c3ccc(cc23)n4cnnc4)CC1)c5ccccc5,CHEMBL433108,IC50,8.21
8947007,CCCNCCc1c[nH]c2ccc(cc12)C(C)(C)C,CHEMBL147454,Ki,8.21
8930835,COc1ccc(cc1)C(=S)NN2CCC(=CC2)c3ccc4[nH]cc(CCN5CCCC5)c4c3,CHEMBL159278,Ki,8.21
8947020,C[C@@H](NC1CCN(CCCc2c[nH]c3ccc(cc23)n4ccnc4)CC1)c5ccccc5,CHEMBL147907,EC50,8.21
8930382,CN(CC1CCN(CCCc2c[nH]c3ccc(cc23)n4cnnc4)CC1)[C@@H](CO)c5ccccc5,CHEMBL145849,IC50,8.22
8930439,Clc1ccc(cc1)C(=O)NN2CCC(=CC2)c3ccc4[nH]cc(CCN5CCCC5)c4c3,CHEMBL162724,Ki,8.22
8933083,CN(CC1CCN(CCCc2c[nH]c3ccc(cc23)n4cnnc4)CC1)C(=O)Nc5ccccc5,CHEMBL147148,IC50,8.23
8930467,OC[C@H](NCC1CCN(CCCc2c[nH]c3ccc(cc23)n4cnnc4)CC1)c5ccccc5,CHEMBL147979,IC50,8.23
8930658,CN(CCc1ccc(NC(=O)C)cc1)C2CCN(CCCc3c[nH]c4ccc(cc34)n5cnnc5)CC2,CHEMBL147546,IC50,8.24
8947043,F[C@H](CN1CCN(CCc2cccc(F)c2)CC1)Cc3c[nH]c4ccc(cc34)n5cnnc5,CHEMBL2114036,IC50,8.24
8931900,C(CN1CCC(CNCc2ccccc2)CC1)Cc3c[nH]c4ccc(cc34)n5cnnc5,CHEMBL143893,EC50,8.25
8947056,CN(C)CCn1ccc2ccc(cc12)C3CCSCC3,CHEMBL138873,Ki,8.25
8931585,CN1CCC[C@@H]1Cc2c[nH]c3ccc(cc23)C4=CCN(CC4)\C(=N\C56C[C@@H]7C[C@@H](C[C@@H](C7)C5)C6)\S,CHEMBL323705,Ki,8.25
8947069,FC(CN1CCN(CCc2ccc(F)cc2)CC1)Cc3c[nH]c4ccc(cc34)n5cnnc5,CHEMBL303514,IC50,8.26
2010,NCCc1c[nH]c2ccc(O)cc12,CHEMBL39,Ki,8.26
8947082,OCCC(NC1CCN(CCCc2c[nH]c3ccc(cc23)n4cnnc4)CC1)c5ccccc5,CHEMBL146628,IC50,8.26
8947093,CN(Cc1ccccc1)C2CCN(CC(F)Cc3c[nH]c4ccc(cc34)n5cnnc5)CC2,CHEMBL416688,IC50,8.27
671958,COc1ccc2[nH]cc(CCN)c2c1,CHEMBL8165,Ki,8.27
8947106,NC(=O)c1ccc2C(CCN3CCC(=CC3)c4cccc5ccccc45)OCCc2c1,CHEMBL81191,Ki,8.27
8947117,CC(C)c1ccc2[nH]cc(CCN3CCCC3)c2c1,CHEMBL297660,Ki,8.28
8930147,CC(CO)(NC1CCN(CCCc2c[nH]c3ccc(cc23)n4cnnc4)CC1)c5ccccc5,CHEMBL148194,IC50,8.28
8947130,FC(F)(F)c1ccc(CN2CCN(CCCc3c[nH]c4ccc(cc34)n5cnnc5)CC2)cc1,CHEMBL163376,IC50,8.28
8930500,O=C1CN(CCCc2c[nH]c3ccc(cc23)n4cnnc4)CCN1CCc5ccccc5,CHEMBL161970,IC50,8.28
8947143,CCCN(CCCOc1cccc(Cl)c1)C2CCc3ccc4[nH]cc(C=O)c4c3C2,CHEMBL303921,Ki,8.29
8947153,FC(CN1CCN(CCc2cccc(F)c2)CC1)Cc3c[nH]c4ccc(cc34)n5cnnc5,CHEMBL63432,IC50,8.29
7158508,C(CNCC1CCc2ccccc2O1)CNc3ccccn3,CHEMBL88207,IC50,8.3
8931426,CC(=O)Nc1ccc(CNC2CCN(CCCc3c[nH]c4ccc(cc34)n5cnnc5)CC2)cc1,CHEMBL146335,EC50,8.3
8947167,CC(=O)Nc1ccccc1CN2CCN(CCOc3cccc4nc(C)ccc34)CC2,CHEMBL495161,Ki,8.3
8947177,CCCN(CCCCN1C(=O)CC(C)(C)CC1=O)[C@@H]2CCc3ccc4[nH]cc(C=O)c4c3C2,CHEMBL1788198,Ki,8.3
8933891,COc1cc2CCN(C(=O)c3ccc(cc3)c4ccc(cc4C)c5noc(C)n5)c2cc1OCCN(C)C,CHEMBL282229,Ki,8.3
7146191,Cc1ccc2c(OCCN3CCN(Cc4ccc(Cl)c(c4)[N+](=O)[O-])CC3)cccc2n1,CHEMBL364495,Ki,8.3
8947192,Cc1ccc2c(cccc2n1)N3CCN(CCc4c(C)ccc5NC(=O)CCc45)CC3,CHEMBL1290596,EC50,8.3
8947202,F[C@H]1CN(CCCc2c[nH]c3ccc(cc23)n4cnnc4)CC[C@@H]1NCc5ccccc5C(F)(F)F,CHEMBL2114038,IC50,8.3
7151599,NCCc1c[nH]c2ccc(OCCCC(=O)N3CCN(CC3)c4ccc(cc4)[N+](=O)[O-])cc12,CHEMBL120272,Ki,8.3
8930360,C(CN1CCN(CCCc2c[nH]c3ccc(cc23)n4cnnc4)CC1)Cc5ccccc5,CHEMBL352123,IC50,8.31
8930237,C(CN1CCN(CCc2cccnc2)CC1)Cc3c[nH]c4ccc(cc34)n5cnnc5,CHEMBL351311,IC50,8.31
7148174,CCCCCCCOc1ccc2[nH]cc(CCN)c2c1,CHEMBL320079,Ki,8.31
8947221,C(CN1CCC(CC1)N2CCCCC2c3ccccc3)Cc4c[nH]c5ccc(cc45)n6cnnc6,CHEMBL147838,EC50,8.33
584639,CN1CCC[C@@H]1Cc2c[nH]c3ccc(NS(=O)(=O)c4cccc(Cl)c4)cc23,CHEMBL606556,Ki,8.33
8947234,FC(CN1CCN(CCc2ccccc2F)CC1)Cc3c[nH]c4ccc(cc34)n5cnnc5,CHEMBL292262,IC50,8.33
8930428,CCCN(CCC)C1CCc2cc(F)c3[nH]cc(C=O)c3c2C1,CHEMBL441256,Ki,8.34
8947247,CNC(=O)c1ccc2[C@H](CCN3CCN(CC3)c4ccc(cc4)C(=O)N)OCCc2c1,CHEMBL441095,Ki,8.34
8947258,C(Cc1c[nH]c2ccc(cc12)c3cccs3)N4CC=CC4,CHEMBL173162,Ki,8.35
583840,NCCc1cccc2c1ccn2S(=O)(=O)c3ccccc3,CHEMBL125745,Ki,8.35
8930857,OC1(CNCC2CC2)CCN(CCCc3c[nH]c4ccc(cc34)n5cnnc5)CC1,CHEMBL331143,IC50,8.35
8947273,CCCN(CCC)[C@@H]1CCc2cc(F)c3[nH]cc(C=O)c3c2C1,CHEMBL71176,Ki,8.36
8930846,C[C@H](NCC1CCN(CCCc2c[nH]c3ccc(cc23)n4cnnc4)CC1)c5ccccc5,CHEMBL146391,IC50,8.36
8947288,CN(Cc1cccs1)C2CCN(CCCc3c[nH]c4ccc(cc34)n5cnnc5)CC2,CHEMBL423212,IC50,8.37
8930569,CN([C@H](CO)c1ccccc1)C2CCN(CCCc3c[nH]c4ccc(cc34)n5cnnc5)CC2,CHEMBL342330,IC50,8.37
8932944,CC(=O)Nc1ccc(CNCC2CCN(CCCc3c[nH]c4ccc(cc34)n5cnnc5)CC2)cc1,CHEMBL147940,IC50,8.38
8930813,CN(C[C@@H]1CCN(CCCc2c[nH]c3ccc(cc23)n4cnnc4)C1)Cc5ccccc5,CHEMBL159650,IC50,8.38
8931698,CN(Cc1ccsc1)C2CCN(CCCc3c[nH]c4ccc(cc34)n5cnnc5)CC2,CHEMBL146024,EC50,8.38
7154475,C(CNCC1CCc2ccccc2O1)CNC3=NCCCC3,CHEMBL91123,IC50,8.4
7152104,CC(=O)N1CCC(CC1)c2cccc(CC3CCN(CCOc4cccc5nc(C)ccc45)CC3)c2,CHEMBL459068,Ki,8.4
7155196,CC(C)N1C(=O)COc2ccc(CC3CCN(CCOc4cccc5nc(C)ccc45)CC3)cc12,CHEMBL248456,Ki,8.4
8932789,CN1CCC[C@@H]1Cc2c[nH]c3ccc(cc23)C4=CCN(CC4)C(=O)NC56C[C@@H]7C[C@@H](C[C@@H](C7)C5)C6,CHEMBL332484,Ki,8.4
7150344,CN1CCN(C(=O)C1)c2cccc(CC3CCN(CCOc4cccc5nc(C)ccc45)CC3)c2,CHEMBL456458,Ki,8.4
7155777,CN1CCN(CC1)c2nccc3cc4CCN(C(=O)c5cccc6ncccc56)c4cc23,CHEMBL370625,Ki,8.4
7145255,Cc1ccc2c(OCCN3CCN(Cc4cc(Cl)ccc4Cl)CC3)cccc2n1,CHEMBL363413,Ki,8.4
8930406,Cc1ccccc1CNCC2(O)CCN(CCCc3c[nH]c4ccc(cc34)n5cnnc5)CC2,CHEMBL324751,IC50,8.4
7154281,CCCN(CCC)C1CCc2cccc(OCCCCCCOc3cccc4CCC(Cc34)N(CCC)CCC)c2C1,CHEMBL29951,Ki,8.41
1993,CCN(CC)C(=O)[C@H]1CN(C)[C@@H]2Cc3c[nH]c4cccc(C2=C1)c34,CHEMBL263881,Ki,8.41
8931815,Fc1ccc(cc1)C(=O)Nc2ccc3[nH]cc(C4CCN(CCOCCOCCOCCN5CCC(CC5)c6c[nH]c7ccc(NC(=O)c8ccc(F)cc8)cc67)CC4)c3c2,CHEMBL501645,Ki,8.41
8930754,C(Cc1c[nH]c2ccc(cc12)n3cnnc3)N4CC[C@@H](CNCc5cccnc5)C4,CHEMBL345657,IC50,8.42
584229,CN1CCC(CC1)c2c[nH]c3ccc(NC(=O)Nc4ccc(F)cc4)nc23,CHEMBL105369,Ki,8.42
8947334,COc1ccc(cc1)N2CCN(CC[C@@H]3OCCc4cc(ccc34)C(=O)N)CC2,CHEMBL71635,Ki,8.42
7150333,CCc1ccc2[nH]cc(CCN)c2c1,CHEMBL107511,Ki,8.43
8947347,CN(C)CCn1ccc2ccc(cc12)C3CCOCC3,CHEMBL343105,Ki,8.43
705457,C[C@@H]1C[C@H](C)N1C(=O)[C@H]2CN(C)C3Cc4c[nH]c5cccc(C3=C2)c45,CHEMBL137781,Ki,8.43
8931343,C(Cc1c[nH]c2ccc(cc12)n3cnnc3)N4CC[C@@H](CNCc5ccccn5)C4,CHEMBL349893,IC50,8.44
8947362,CN1CCN(CC1)c2cc(OC(=O)N3CCN(CC3)c4ccccc4C)ccc2Cl.OC(=O)\C=C\C(=O)O,CHEMBL107772,Ki,8.44
8932267,N[C@@H]1C[C@H](C1)c2c[nH]c3ccc(CC4COC(=O)N4)cc23,CHEMBL2110299,IC50,8.44
8947374,OC[C@H](Cc1ccccc1)NC2CCN(CCCc3c[nH]c4ccc(cc34)n5cnnc5)CC2,CHEMBL146131,EC50,8.44
8947385,CN1CCC[C@@H]1Cc2c[nH]c3ccc(C)cc23,CHEMBL300686,Ki,8.46
8947396,OC[C@@H](NC1CCN(CCCc2c[nH]c3ccc(cc23)n4cnnc4)CC1)c5ccccc5,CHEMBL146132,IC50,8.46
8931854,C(Cc1c[nH]c2ccc(cc12)n3cnnc3)N4CCCC4,CHEMBL116092,IC50,8.47
8932776,CCCN(CCCc1ccccc1OC)C2CCc3ccc4[nH]cc(C=O)c4c3C2,CHEMBL305837,Ki,8.47
8947411,CN(C)CCn1ccc2ccc(cc12)C3(O)CCOCC3,CHEMBL139801,Ki,8.47
8932389,CN1CCC(CC1)c2c[nH]c3ccc(NC(=O)CC(=O)Nc4ccc5[nH]cc(C6CCN(C)CC6)c5c4)cc23,CHEMBL489453,Ki,8.47
6500241,NCCc1c[nH]c2ccc(cc12)C(=O)N,CHEMBL18840,IC50,8.47
8947425,NCCc1c[nH]c2ccc(cc12)C3CCCCC3,CHEMBL146976,Ki,8.47
8931731,OC[C@@H](NCC1CCN(CCCc2c[nH]c3ccc(cc23)n4cnnc4)CC1)c5ccccc5,CHEMBL146265,IC50,8.47
8947438,CN1C[C@@H](CN(Cc2ccccc2)C#N)C[C@@H]1Cc3c[nH]c4ccc(cc34)n5ccnc5,CHEMBL310061,IC50,8.48
8947449,NC(=O)c1ccc2[nH]cc(C3=CCC(CC3)NCCCCCNC4CCC(=CC4)c5c[nH]c6ccc(cc56)C(=O)N)c2c1,CHEMBL17828,IC50,8.48
7152084,C(CNCC1CCc2ccccc2O1)CNC3=NCCCN3,CHEMBL88676,IC50,8.5
8947460,C(Cc1c[nH]c2ccc(Cn3cncn3)cc12)N4CC[C@@H](CNCc5ccccc5)C4,CHEMBL161192,IC50,8.5
7153685,CC(C)\N=C(/N)\NNCCCNCC1CCc2ccccc2O1,CHEMBL90443,IC50,8.5
7158518,CCCCN1C(=O)COc2ccc(CN3CCN(CCOc4cccc5nc(C)ccc45)CC3)cc12,CHEMBL248229,Ki,8.5
7158553,CCc1c(cnn1c2ccc(cc2)C#N)C(=O)N3CCc4cc5ccnc(N6CCN7CCC[C@H]7C6)c5cc34,CHEMBL382078,Ki,8.5
8947476,CN(C)CCc1c[nH]c2ccc(cc12)c3ccc(C)s3,CHEMBL174355,Ki,8.5
7152170,COc1ccc2CCC(CNCCCNC3=NCCCN3)Oc2c1,CHEMBL91596,IC50,8.5
7159713,Cc1ccc2c(OCCN3CCC(Cc4cc5NC(=O)COc5cc4F)CC3)cccc2n1,CHEMBL239168,Ki,8.5
7153734,Cc1ccc2c(OCCN3CCC(Cc4cccc(c4)C5CCN(CC5)S(=O)(=O)C)CC3)cccc2n1,CHEMBL462915,Ki,8.5
8947492,Cc1ccc2c(OCCN3CCN(Cc4ccc5[nH]ccc5c4)CC3)cccc2n1,CHEMBL2113061,Ki,8.5
8947503,Cc1ccc2c(OCCN3CCN(Cc4cccc5cc[nH]c45)CC3)cccc2n1,CHEMBL190190,Ki,8.5
8930903,OC1(CNCc2ccccn2)CCN(CCCc3c[nH]c4ccc(cc34)n5cnnc5)CC1,CHEMBL112558,IC50,8.5
8932534,CN1CCC[C@@H]1Cc2c[nH]c3ccc(cc23)C4=CCN(CC4)C(=O)NC5CCCCC5,CHEMBL323603,Ki,8.52
8947518,COC[C@H](NC1CCN(CCCc2c[nH]c3ccc(cc23)n4cnnc4)CC1)c5ccccc5,CHEMBL145815,IC50,8.52
8947529,COc1ccc(NC(=O)c2ccc(cc2)c3ccc(cc3C)C(=N)N)cc1N4CCN(C)CC4,CHEMBL147503,IC50,8.52
8932920,C[C@H](NCC1CCN(CCCc2c[nH]c3ccc(cc23)n4cnnc4)CC1)c5ccc(NC(=O)C)cc5,CHEMBL146483,EC50,8.52
8947542,NCCc1c[nH]c2ccc(OCC(=O)N3CCN(CC3)c4ccc(N)cc4)cc12,CHEMBL334159,Ki,8.54
7145325,CC(=O)Nc1ccc(cc1)N2CCN(CC2)C(=O)COc3ccc4[nH]cc(CCN)c4c3,CHEMBL331240,Ki,8.55
8930879,CCCN(CCc1ccccc1)C2CCc3ccc4[nH]cc(C=O)c4c3C2,CHEMBL304767,Ki,8.55
8932042,CN(CC1CCN(CCCc2c[nH]c3ccc(cc23)n4cnnc4)CC1)Cc5ccc(NC(=O)C)cc5,CHEMBL147660,EC50,8.55
7150785,NCCc1c[nH]c2ccc(OS(=O)(=O)C(F)(F)F)cc12,CHEMBL143512,Ki,8.55
7145708,CS(=O)(=O)Nc1ccc(cc1)N2CCN(CC2)C(=O)COc3ccc4[nH]cc(CCN)c4c3,CHEMBL121901,Ki,8.57
8947563,NC(=O)c1ccc2[nH]cc(C3=CCC(CC3)NCCCCCCCCCCNC4CCC(=CC4)c5c[nH]c6ccc(cc56)C(=O)N)c2c1,CHEMBL281575,IC50,8.58
8947573,C(Cc1ccccc1)NC[C@@H]2CCN(CCc3c[nH]c4ccc(cc34)n5cnnc5)C2,CHEMBL348815,IC50,8.59
8932053,CN(CCC=C(C)C)C1CCN(CCCc2c[nH]c3ccc(cc23)n4cnnc4)CC1,CHEMBL357007,IC50,8.59
7155175,C(CNC[C@H]1CCc2ccccc2O1)CNC3=NCCCN3,CHEMBL88240,IC50,8.6
8930868,CC(=O)Nc1ccc(CN2CCN(CCCc3c[nH]c4ccc(cc34)n5cnnc5)CC2)cc1,CHEMBL163127,IC50,8.6
8947589,CC(C)(C)c1ccc2[nH]cc(CCN3CCCC3)c2c1,CHEMBL297471,Ki,8.6
7157485,CC(C)CN1C(=O)COc2ccc(CN3CCN(CCOc4cccc5nc(C)ccc45)CC3)cc12,CHEMBL248230,Ki,8.6
8930601,CC1CCC(C)N1CCc2c[nH]c3ccc(cc23)c4cccs4,CHEMBL173656,Ki,8.6
8931510,CCCN(CCCc1ccccc1OC)C2CCc3ccc4[nH]ccc4c3C2,CHEMBL306197,Ki,8.6
7156366,CCN1CCN(CC1)c2nccc3cc4CCN(C(=O)c5cnn(c5CC)c6ccc(cc6)C#N)c4cc23,CHEMBL426285,Ki,8.6
7158564,CCc1c(cnn1c2ccc(cc2)C#N)C(=O)N3CCc4cc5ccnc(N6CCNCC6)c5cc34,CHEMBL372651,Ki,8.6
7154518,CN1C(=O)COc2ccc(CC3CCN(CCOc4cccc5nc(C)ccc45)CC3)cc12,CHEMBL246597,Ki,8.6
7155266,CN1CCN(CC1)c2nccc3cc4CCN(C(=O)c5ccccc5Cl)c4cc23,CHEMBL194809,Ki,8.6
7154540,CN1CCN(CC1)c2nccc3cc4CCN(C(=O)c5oc(C)nc5C)c4cc23,CHEMBL197169,Ki,8.6
7152191,COc1cccc(CN2CCN(CCOc3cccc4nc(C)ccc34)CC2)c1,CHEMBL494992,Ki,8.6
8947618,C[C@H](NC[C@@H]1CCN(CCc2c[nH]c3ccc(Cn4cncn4)cc23)C1)c5ccccc5,CHEMBL424154,IC50,8.6
7147010,Cc1ccc2c(OCCN3CCC(Cc4ccc5OCC(=O)Nc5c4)CC3)c(F)ccc2n1,CHEMBL391033,Ki,8.6
7153056,Cc1ccc2c(OCCN3CCC(Cc4cccc(c4)N5CCCC5)CC3)cccc2n1,CHEMBL456684,Ki,8.6
7155348,Cc1ccc2c(OCCN3CCC(Cc4cccc(c4)N5CCOCC5)CC3)cccc2n1,CHEMBL457765,Ki,8.6
8947635,Cc1ccc2c(OCCN3CCN(Cc4cccc5ncccc45)CC3)cccc2n1,CHEMBL191921,Ki,8.6
8947646,Cc1ccc2c(OCCN3CCN(Cc4cccc5ncncc45)CC3)cccc2n1,CHEMBL362992,Ki,8.6
8947657,NCCc1c[nH]c2ccc(OCC(=O)N3CCN(CC3)c4ccc(CN)cc4)cc12,CHEMBL121499,Ki,8.6
7151358,NCCc1c[nH]c2ccc(OCCCCC(=O)N3CCN(CC3)c4ccc(cc4)[N+](=O)[O-])cc12,CHEMBL324289,Ki,8.6
706235,C[C@H]1C[C@H](C)N1C(=O)[C@H]2CN(C)C3Cc4c[nH]c5cccc(C3=C2)c45,CHEMBL343755,Ki,8.62
8930325,C(Cc1c[nH]c2ccc(cc12)n3cnnc3)N4CC[C@@H](COCc5ccccc5)C4,CHEMBL326371,IC50,8.64
8933850,CN1CCC(CC1)c2c[nH]c3ccc(NC(=O)CCCCCCCCCCCCCC(=O)Nc4ccc5[nH]cc(C6CCN(C)CC6)c5c4)cc23,CHEMBL500284,Ki,8.64
8930892,NC(=O)C(N1CCN(CCCc2c[nH]c3ccc(cc23)n4cnnc4)CC1)c5ccccc5,CHEMBL163462,IC50,8.64
8947680,CN(Cc1ccccc1)C2CCN(CCCc3c[nH]c4ccc(cc34)n5cnnc5)CC2,CHEMBL304857,IC50,8.66
7143540,CS(=O)(=O)NCc1ccc(cc1)N2CCN(CC2)C(=O)COc3ccc4[nH]cc(CCN)c4c3,CHEMBL117157,Ki,8.66
8930547,Oc1nc2ccccc2n1C3CCN(CCCc4c[nH]c5ccc(cc45)n6cnnc6)CC3,CHEMBL146991,EC50,8.66
8931742,C(CN1CC[C@@H](COCc2ccccc2)C1)Cc3c[nH]c4ccc(cc34)n5cnnc5,CHEMBL161735,IC50,8.68
8932621,CN(Cc1ccccc1)[C@H]2CCN(CCCc3c[nH]c4ccc(cc34)n5cnnc5)C[C@@H]2F,CHEMBL2114040,IC50,8.68
7153780,Cc1ccccc1N2CCN(CC2)C(=O)COc3ccc4[nH]cc(CCN)c4c3,CHEMBL120055,Ki,8.68
8947700,CCCCCCCNC1CCC(=CC1)c2c[nH]c3ccc(cc23)C(=O)N,CHEMBL417650,IC50,8.7
8932765,CCCN(CCCc1ccccc1)C2CCc3ccc4[nH]cc(C=O)c4c3C2,CHEMBL70680,Ki,8.7
8931404,CCCN(CCc1cccs1)C2CCc3ccc4[nH]cc(C=O)c4c3C2,CHEMBL72062,Ki,8.7
7149632,CCCN1C(=O)COc2ccc(CN3CCN(CCOc4cccc5nc(C)ccc45)CC3)cc12,CHEMBL246599,Ki,8.7
8947716,CN(C)CCn1ccc2ccc(cc12)C3(O)CCSCC3,CHEMBL138872,Ki,8.7
8932634,CN1CCC[C@@H]1Cc2c[nH]c3ccc(cc23)C4=CCN(CC4)\C(=N\C5CCCCC5)\S,CHEMBL113868,Ki,8.7
7152951,CN1CCN(CC1)c2cc3N(CCc3cc2Cl)C(=O)Nc4ccc(c5ccncc5)c6ccccc46,CHEMBL191971,Ki,8.7
7153119,COc1cccc(c1)N2CCN(CC2)C(=O)COc3ccc4[nH]cc(CCN)c4c3,CHEMBL352234,Ki,8.7
2759356,C[C@@H]1C[C@@H](C)N1C(=O)[C@H]2CN(C)C3Cc4c[nH]c5cccc(C3=C2)c45,CHEMBL138989,Ki,8.7
7154586,Cc1ccc2c(OCCN3CCC(Cc4cccc(c4)N5CCCC5=O)CC3)cccc2n1,CHEMBL495895,Ki,8.7
7155359,Cc1ccc2c(OCCN3CCC(Cc4cccc(c4)c5cccnc5)CC3)cccc2n1,CHEMBL516997,Ki,8.7
7147996,Cc1ccc2c(OCCN3CCN(Cc4ccc(C)c(c4)[N+](=O)[O-])CC3)cccc2n1,CHEMBL191605,Ki,8.7
7148918,Cc1ccc2c(OCCN3CCN(Cc4ccc5OCC(=O)N(CCc6ccccc6)c5c4)CC3)cccc2n1,CHEMBL248407,Ki,8.7
7153791,Cc1ccccc1N2CCN(CC2)C(=O)COc3ccc4[nH]cc(CCN)c4c3.OC(=O)\C=C\C(=O)O,CHEMBL321818,Ki,8.7
7159906,Clc1ccc(NCCCNCC2CCc3ccccc3O2)nn1,CHEMBL89007,IC50,8.7
8931330,FC1(CCc2ccccc2)CCN(CCCc3c[nH]c4ccc(cc34)n5cnnc5)CC1,CHEMBL293678,IC50,8.7
8947746,CC(NC1CCN(CCCc2c[nH]c3ccc(cc23)n4cnnc4)CC1)c5ccc(F)cc5,CHEMBL146285,IC50,8.72
8933662,CN1CCN(CC1)c2cccc3ccc(OCC(=O)N4CCN(CC4)c5c(C)cc(C)cc5C)cc23,CHEMBL128699,Ki,8.72
7148053,O.Cl.CN(C)S(=O)(=O)Nc1ccc(cc1)N2CCN(CC2)C(=O)COc3ccc4[nH]cc(CCN)c4c3,CHEMBL1203216,Ki,8.72
8947761,CC(=O)Nc1cccc(CCN2CCN(CCCc3c[nH]c4ccc(cc34)n5cnnc5)CC2)c1,CHEMBL333089,IC50,8.75
8947772,CC(CN1CCN(CC(F)(F)Cc2c[nH]c3ccc(cc23)n4cnnc4)CC1)c5ccc(F)cc5,CHEMBL65215,IC50,8.75
8930778,CN(CC(C)(C)C)CC1(O)CCN(CCCc2c[nH]c3ccc(cc23)n4cnnc4)CC1,CHEMBL115352,IC50,8.75
8931475,CN(CC=C(C)C)C1CCN(CCCc2c[nH]c3ccc(cc23)n4cnnc4)CC1,CHEMBL148233,EC50,8.75
8932851,COC[C@@H]1CCCN1CCc2c[nH]c3ccc(cc23)c4cccs4,CHEMBL369798,Ki,8.75
7155111,CS(=O)(=O)NCc1ccccc1N2CCN(CC2)C(=O)COc3ccc4[nH]cc(CCN)c4c3,CHEMBL120480,Ki,8.75
8930347,C[C@H]1CN(CCN1CC[C@H]2OCc3cc(ccc23)C(=O)N)c4cccc5cc(ccc45)C#N,CHEMBL3706925,Ki,8.75
8947793,OC(CN1CCN(Cc2ccccc2)CC1)Cc3c[nH]c4ccc(cc34)n5cnnc5,CHEMBL304197,IC50,8.75
8933273,C(CN1CCC(CNc2ccccn2)CC1)Cc3c[nH]c4ccc(cc34)n5cnnc5,CHEMBL358072,IC50,8.77
8930612,CN(C[C@@H]1CCN(CCc2c[nH]c3ccc(C[C@H]4COC(=O)N4C)cc23)C1)Cc5ccccc5,CHEMBL350153,IC50,8.77
8933876,CN1CCC(CC1)c2c[nH]c3ccc(NC(=O)CCCCCCCCCCCCC(=O)Nc4ccc5[nH]cc(C6CCN(C)CC6)c5c4)cc23,CHEMBL502138,Ki,8.77
7151719,CN1CCN(CC1)c2cccc3ccc(OCCOc4ccc5cccc(N6CCN(C)CC6)c5c4)cc23,CHEMBL30831,Ki,8.77
7146418,NCCc1c[nH]c2ccc(OCC(=O)N3CCN(CC3)c4ccc(NC(=O)c5ccccc5)cc4)cc12,CHEMBL334193,Ki,8.77
8947814,NCCc1c[nH]c2ccc(cc12)C3CCCC3,CHEMBL151502,Ki,8.77
8931826,NCCc1c[nH]c2ccc(cc12)c3cccs3,CHEMBL355517,Ki,8.77
8947827,OC[C@H](NC1CCN(CCCc2c[nH]c3ccc(cc23)n4cnnc4)CC1)c5ccccc5,CHEMBL118012,EC50,8.77
8931651,C(CN1CCN(Cc2ncc[nH]2)CC1)Cc3c[nH]c4ccc(cc34)n5cnnc5,CHEMBL164413,IC50,8.8
7157453,C(CNCC1CCc2ccccc2O1)CNc3ncccn3,CHEMBL422243,IC50,8.8
8930947,C(Cc1c[nH]c2ccc(cc12)n3cnnc3)N4CC[C@H](CNCc5ccccc5)C4,CHEMBL159819,IC50,8.8
7147200,CCCCCCCCOc1ccc2[nH]cc(CCN)c2c1,CHEMBL326667,Ki,8.8
7155231,CCN(C(=O)C)c1cccc(CC2CCN(CCOc3cccc4nc(C)ccc34)CC2)c1,CHEMBL497127,Ki,8.8
7156355,CCN1C(=O)COc2ccc(CC3CCN(CCOc4cccc5nc(C)ccc45)CC3)cc12,CHEMBL246598,Ki,8.8
8932171,CN(C)[C@@H]1CCc2ccc3[nH]cc(C=O)c3c2C1,CHEMBL1744040,Ki,8.8
8932300,CN(CC1CCN(CCCc2c[nH]c3ccc(cc23)n4cnnc4)CC1)S(=O)(=O)c5ccccc5,CHEMBL145982,IC50,8.8
7152148,CN(c1cccc(CC2CCN(CCOc3cccc4nc(C)ccc34)CC2)c1)S(=O)(=O)C,CHEMBL495046,Ki,8.8
7157042,C[C@@H]1CN(C[C@H](C)O1)c2cccc(CC3CCN(CCOc4cccc5nc(C)ccc45)CC3)c2,CHEMBL513955,Ki,8.8
7156473,C[C@H]1CN(CCN1CCc2ccc3OCC(=O)Nc3c2)c4cccc5nc(C)ccc45,CHEMBL495703,Ki,8.8
7157066,Cc1ccc2c(OCCN3CCC(Cc4ccc5OCC(=O)Nc5c4)CC3)cccc2n1,CHEMBL183460,Ki,8.8
7153745,Cc1ccc2c(OCCN3CCC(Cc4cccc(c4)N5CCCS5(=O)=O)CC3)cccc2n1,CHEMBL522708,Ki,8.8
8947863,Cc1ccc2c(OCCN3CCN(Cc4ccc(O)c(N)c4)CC3)cccc2n1,CHEMBL191895,Ki,8.8
7156506,Cc1ccc2c(cccc2n1)N3CCN(CCc4cccc(c4)N5C(=O)CCC5=O)CC3,CHEMBL1631544,Ki,8.8
8932156,C(Cc1c[nH]c2ccc(cc12)n3cnnc3)N4CC[C@@H](CNCc5occc5)C4,CHEMBL349041,IC50,8.82
7147728,CCCCCOc1ccc2[nH]cc(CCN)c2c1,CHEMBL111376,Ki,8.82
8932610,CN(C)C[C@H](NC1CCN(CCCc2c[nH]c3ccc(cc23)n4cnnc4)CC1)c5ccccc5,CHEMBL147818,IC50,8.82
8932828,CN(C1CCN(CCCc2c[nH]c3ccc(cc23)n4cnnc4)CC1)S(=O)(=O)c5ccccc5,CHEMBL357634,IC50,8.82
8932955,C[C@@H](NCC1CCN(CCCc2c[nH]c3ccc(cc23)n4cnnc4)CC1)c5ccc(NC(=O)C)cc5,CHEMBL146338,IC50,8.82
8932321,Fc1ccc(cc1)C(=O)Nc2ccc3[nH]cc(C4CCN(CCOCCOCCN5CCC(CC5)c6c[nH]c7ccc(NC(=O)c8ccc(F)cc8)cc67)CC4)c3c2,CHEMBL448555,Ki,8.82
8932588,C(CN1CCN(CC1)c2ccccc2)Cc3c[nH]c4ccc(cc34)n5cnnc5,CHEMBL162463,IC50,8.85
8947890,C(CN1CCN(CCc2ccccc2)CC1)Cc3c[nH]c4ccc(cc34)n5cnnc5,CHEMBL117633,IC50,8.85
8947901,CN(C)CCn1ccc2ccc(cc12)c3cccnc3,CHEMBL343492,Ki,8.85
8933981,CN1CCC(CC1)c2c[nH]c3ccc(NC(=O)CCCCCCCCCCCC(=O)Nc4ccc5[nH]cc(C6CCN(C)CC6)c5c4)cc23,CHEMBL374973,Ki,8.85
8930303,COC[C@H](NC1CCN(CCCc2c[nH]c3ccc(cc23)n4cnnc4)CC1)c5ccc(F)cc5,CHEMBL343217,IC50,8.85
7152901,CS(=O)(=O)Nc1ccc(cc1)N2CCN(CC2)C(=O)CCCCCOc3ccc4[nH]cc(CCN)c4c3,CHEMBL331037,Ki,8.85
8932558,C[C@@H](NCC1CCN(CCCc2c[nH]c3ccc(cc23)n4cnnc4)CC1)c5ccccc5,CHEMBL343648,IC50,8.85
7147068,NCCc1c[nH]c2ccc(OCCCCC(=O)N3CCN(CC3)c4ccc(N)cc4)cc12,CHEMBL116314,Ki,8.85
8947922,OC[C@@H](NC[C@@H]1CCN(CCc2c[nH]c3ccc(cc23)n4cnnc4)C1)c5ccccc5,CHEMBL351303,IC50,8.85
8947933,OC[C@H](NC1CCN(CC(F)Cc2c[nH]c3ccc(cc23)n4cnnc4)CC1)c5ccc(F)cc5,CHEMBL88893,IC50,8.85
8931966,CN(CC1CC1)CC2(O)CCN(CCCc3c[nH]c4ccc(cc34)n5cnnc5)CC2,CHEMBL115989,IC50,8.87
8931999,C(CN1CCC(CNC2CCc3ccccc23)CC1)Cc4c[nH]c5ccc(cc45)n6cnnc6,CHEMBL356808,EC50,8.89
8947948,CC(=O)Nc1ccc(CCN2CCN(CCCc3c[nH]c4ccc(cc34)n5cnnc5)CC2)cc1,CHEMBL119785,IC50,8.89
8930281,CN(Cc1ccccc1C)CC2(O)CCN(CCCc3c[nH]c4ccc(cc34)n5cnnc5)CC2,CHEMBL114303,IC50,8.89
8947961,CN1CCC[C@@H]1Cc2c[nH]c3ccc(cc23)n4cnc5cc(ccc45)C#N,CHEMBL75642,IC50,8.89
7154485,CC(C)C(=O)Nc1cccc(CC2CCN(CCOc3cccc4nc(C)ccc34)CC2)c1,CHEMBL498355,Ki,8.9
7156974,CCN1C(=O)COc2ccc(CN3CCN(CCOc4cccc5nc(C)ccc45)CC3)c(F)c12,CHEMBL443060,Ki,8.9
7149643,CN(C(=O)C)c1cccc(CC2CCN(CCOc3cccc4nc(C)ccc34)CC2)c1,CHEMBL498356,Ki,8.9
7159946,CN1CCN(CC1)c2nccc3cc4CCN(C(=O)c5cnn6ccccc56)c4cc23,CHEMBL380812,Ki,8.9
7154575,Cc1ccc2c(OCCN3CCC(Cc4cccc(c4)C5CCNCC5)CC3)cccc2n1,CHEMBL459067,Ki,8.9
7155766,CN1CCN(CC1)c2cccc3ccc(OCC(=O)N4CCN(CC4)C(=O)COc5ccc6cccc(N7CCN(C)CC7)c6c5)cc23,CHEMBL285402,Ki,8.91
8931977,CN(CC1CCCCC1)CC2(O)CCN(CCCc3c[nH]c4ccc(cc34)n5cnnc5)CC2,CHEMBL111899,IC50,8.92
8930193,CN(Cc1ccccc1)CC2(O)CCN(CCCc3c[nH]c4ccc(cc34)n5cnnc5)CC2,CHEMBL114877,IC50,8.92
8947987,CN1[C@@H](Cc2c[nH]c3ccc(cc23)n4cnnc4)C[C@@H]5CN(CCc6cccc(F)c6)C[C@H]15,CHEMBL84712,IC50,8.92
7152476,NCCc1c[nH]c2ccc(OCC(=O)N3CCN(CC3)c4ccccc4)cc12,CHEMBL421064,Ki,8.92
8931955,C(CN1CCN(Cc2cocc2)CC1)Cc3c[nH]c4ccc(cc34)n5cnnc5,CHEMBL164111,IC50,8.96
8933172,C(Cc1c[nH]c2ccc(cc12)n3cnnc3)N4CCC4,CHEMBL161045,IC50,8.96
8932755,CC(=O)N(C[C@@H]1CCN(CCc2c[nH]c3ccc(cc23)n4cnnc4)C1)Cc5ccccc5,CHEMBL423599,IC50,8.96
8931640,CC(C)c1cc(C)c(CC2=NCCN2)c(C)c1,CHEMBL308042,Ki,8.96
8948007,CC(C)c1ccc2[nH]cc(CCN)c2c1,CHEMBL150798,Ki,8.96
7147785,CNS(=O)(=O)Cc1ccc2[nH]cc(CCN3CC[C@@H](CNCc4ccccc4)C3)c2c1,CHEMBL161780,IC50,8.96
8931574,CC(C)(NC[C@@H]1CCN(CCc2c[nH]c3ccc(cc23)n4cnnc4)C1)c5ccccc5,CHEMBL164046,IC50,9.0
8948022,CC(CN1CCN(CC(F)Cc2c[nH]c3ccc(cc23)n4cnnc4)CC1)c5ccc(F)cc5,CHEMBL64004,IC50,9.0
8948033,CC(CN1CCN(CC(F)Cc2c[nH]c3ccc(cc23)n4cnnc4)CC1)c5ccccc5F,CHEMBL304833,IC50,9.0
8932599,CC(N1CCN(CCCc2c[nH]c3ccc(cc23)n4cnnc4)CC1)c5ccccc5,CHEMBL351346,IC50,9.0
7147886,CCN1C(=O)COc2ccc(CN3CCN(CCOc4cccc5nc(C)ccc45)CC3)cc12,CHEMBL248458,Ki,9.0
7158033,CCc1c(cnn1c2ccc(cc2)C#N)C(=O)N3CCc4cc5ccnc(N6CCN7CCC[C@@H]7C6)c5cc34,CHEMBL197947,Ki,9.0
8948050,CN(C)C(=O)C(N1CCN(CCCc2c[nH]c3ccc(cc23)n4cnnc4)CC1)c5ccccc5,CHEMBL164035,IC50,9.0
7151229,CN(C)CC(=O)Nc1cccc(CC2CCN(CCOc3cccc4nc(C)ccc34)CC2)c1,CHEMBL496098,Ki,9.0
7160311,CN1C(=O)C=Cc2c(CCN3CCN(CC3)c4cccc5nc(C)ccc45)cccc12,CHEMBL1290716,EC50,9.0
8931356,C[C@@H](O)[C@H](NC1CCN(CCCc2c[nH]c3ccc(cc23)n4cnnc4)CC1)c5ccccc5,CHEMBL143947,EC50,9.0
7155322,C[C@@H]1CN([C@@H](C)CN1)c2cccc(CC3CCN(CCOc4cccc5nc(C)ccc45)CC3)c2,CHEMBL457982,Ki,9.0
7155812,C[C@H]1CN(CCN1)c2cccc(CC3CCN(CCOc4cccc5nc(C)ccc45)CC3)c2,CHEMBL518545,Ki,9.0
7155834,Cc1ccc2c(OCCN3CCC(Cc4cccc(c4)N5CCCCC5)CC3)cccc2n1,CHEMBL459061,Ki,9.0
7153756,Cc1ccc2c(OCCN3CCC(Cc4cccc(c4)c5ccncc5)CC3)cccc2n1,CHEMBL462916,Ki,9.0
7149686,Cc1ccc2c(OCCN3CCN(Cc4ccccc4)CC3)cccc2n1,CHEMBL494631,Ki,9.0
8932466,FC1(Cc2ccccc2)CCN(CCCc3c[nH]c4ccc(cc34)n5cnnc5)CC1,CHEMBL294732,IC50,9.0
8932031,Fc1ccc(CCC2(F)CCN(CCCc3c[nH]c4ccc(cc34)n5cnnc5)CC2)cc1,CHEMBL293614,IC50,9.0
8930182,Fc1ccc(CCN2CCN(CCCc3c[nH]c4ccc(cc34)n5cnnc5)CC2)cc1F,CHEMBL119668,IC50,9.0
8948083,Fc1ccc(cc1)C(=O)Nc2ccc3[nH]cc(C4CCN(CCCCCCCCCN5CCC(CC5)c6c[nH]c7ccc(NC(=O)c8ccc(F)cc8)cc67)CC4)c3c2,CHEMBL505750,Ki,9.0
7151336,NC(=O)c1ccc2[C@H](CCN3CCN(CC3)c4cccc5cc(ccc45)C#N)OCCc2c1,CHEMBL391273,Ki,9.0
8931371,CCc1ccc2[nH]cc(C[C@H]3CCCN3C)c2c1,CHEMBL45929,Ki,9.01
8931933,CN(CC1CCN(CCCc2c[nH]c3ccc(cc23)n4cnnc4)CC1)Cc5ccccc5,CHEMBL333341,IC50,9.02
8933814,CN1CCC(CC1)c2c[nH]c3ccc(NC(=O)CCCC(=O)Nc4ccc5[nH]cc(C6CCN(C)CC6)c5c4)cc23,CHEMBL444404,Ki,9.02
8933781,CN1CCC(CC1)c2c[nH]c3ccc(NC(=O)CCCCCCCCC(=O)Nc4ccc5[nH]cc(C6CCN(C)CC6)c5c4)cc23,CHEMBL452387,Ki,9.02
8930767,FC(CN1CCC(Cc2ccccc2)CC1)Cc3c[nH]c4ccc(cc34)n5cnnc5,CHEMBL432332,IC50,9.02
7153413,NCCc1c[nH]c2ccc(OCC(=O)N3CCN(CC3)c4cccc5ccccc45)cc12,CHEMBL160581,Ki,9.02
7151588,NCCc1c[nH]c2ccc(OCC(=O)N3CCN(CC3)c4ccccc4C#N)cc12,CHEMBL119927,Ki,9.04
8948109,CC(CN1CCN(CC(F)Cc2c[nH]c3ccc(cc23)n4cnnc4)CC1)c5cccc(F)c5,CHEMBL65321,IC50,9.05
8932512,CCCN(CCCc1ccccc1)[C@@H]2CCc3ccc4[nH]cc(C=O)c4c3C2,CHEMBL1788197,Ki,9.05
7150733,CN(C)CCc1c[nH]c2ccc(CS(=O)(=O)N(C)Cc3ccc(CN(C)S(=O)(=O)Cc4ccc5[nH]cc(CCN(C)C)c5c4)cc3)cc12,CHEMBL158941,Ki,9.05
8948124,CN(C[C@H]1C[C@H](Cc2c[nH]c3ccc(cc23)n4ccnc4)N(C)C1)Cc5ccccc5,CHEMBL84070,IC50,9.05
8933673,CN1CCC(CC1)c2c[nH]c3ccc(NC(=O)CCCCCCC(=O)Nc4ccc5[nH]cc(C6CCN(C)CC6)c5c4)cc23,CHEMBL448902,Ki,9.05
8933684,CN1CCC(CC1)c2c[nH]c3ccc(NC(=O)CCCCCCCCCC(=O)Nc4ccc5[nH]cc(C6CCN(C)CC6)c5c4)cc23,CHEMBL446745,Ki,9.05
8948139,CN1[C@@H](Cc2c[nH]c3ccc(cc23)n4cnnc4)C[C@@H]5CN(Cc6ccccc6)C[C@H]15,CHEMBL83426,IC50,9.05
8948151,CNC(=O)c1ccc2[C@H](CCN3CCN(CC3)c4ccc(OC)cc4)OCCc2c1,CHEMBL71838,Ki,9.05
8932365,CNCC(N1CCN(CCCc2c[nH]c3ccc(cc23)n4cnnc4)CC1)c5ccccc5,CHEMBL348962,IC50,9.05
7149549,C[C@H]1CN(CCN1CC[C@@H]2OCCc3cc(ccc23)C(=O)N)c4cccc5cc(ccc45)C#N,CHEMBL233210,Ki,9.05
7146001,OC[C@H](NC1CCN(CCCc2c[nH]c3ccc(cc23)n4cnnc4)CC1)c5ccc(F)cc5,CHEMBL313714,IC50,9.05
8932088,CN1CCC[C@@H]1Cc2c[nH]c3ccc(cc23)C4=CCN(CC4)S(=O)(=O)c5cccc6ccccc56,CHEMBL323666,Ki,9.06
8933922,CN1CCN(CC1)c2cccc3ccc(OCC(=O)N4CCN(CC4)c5cccc6ccccc56)cc23,CHEMBL2112661,Ki,9.06
8948172,NC(=O)c1ccc2[nH]cc(C3=CCC(CC3)NCCCCCCNC4CCC(=CC4)c5c[nH]c6ccc(cc56)C(=O)N)c2c1,CHEMBL21862,IC50,9.08
7149883,NCCc1c[nH]c2ccc(OCC(=O)N3CCN(CC3)c4ccc(cc4)[N+](=O)[O-])cc12,CHEMBL334323,Ki,9.08
8933396,C(Cc1c[nH]c2ccc(cc12)n3cnnc3)N4CCC[C@H]4COCc5ccccc5,CHEMBL348304,IC50,9.09
8931437,CC(CN1CCN(CCCc2c[nH]c3ccc(cc23)n4cnnc4)CC1)c5ccccc5,CHEMBL162722,IC50,9.1
8932452,CN(C[C@@H]1CCCN1CCc2c[nH]c3ccc(cc23)n4cnnc4)Cc5ccccc5,CHEMBL159683,IC50,9.1
8932354,CN1CCC[C@@H]1Cc2c[nH]c3ccc(cc23)C4=CCN(CC4)S(=O)(=O)c5ccc(C)cc5,CHEMBL116876,Ki,9.1
7158950,CN1CCN(CC1)c2nccc3cc4CCN(C(=O)c5ccc(cc5)C#N)c4cc23,CHEMBL194647,Ki,9.1
8948194,CN1[C@@H](Cc2c[nH]c3ccc(cc23)n4cnnc4)C[C@@H]5CN(Cc6ccc(F)cc6)C[C@H]15,CHEMBL82204,IC50,9.1
7155288,COc1cccc2CCC(CNCCCNC3=NCCCN3)Oc12,CHEMBL88283,IC50,9.1
7157684,C[C@@H]1CN(C[C@H](C)N1)c2cccc(CC3CCN(CCOc4cccc5nc(C)ccc45)CC3)c2,CHEMBL461670,Ki,9.1
7157088,Cc1ccc2c(OCCN3CCC(Cc4ccc5OCC(=O)Nc5c4F)CC3)cccc2n1,CHEMBL241503,Ki,9.1
8948211,Cc1ccc2c(OCCN3CCN(Cc4cccc5cccnc45)CC3)cccc2n1,CHEMBL425190,Ki,9.1
8948222,Fc1ccc(CCN2CCN(CCCc3c[nH]c4ccc(cc34)n5cnnc5)CC2)cc1,CHEMBL115750,IC50,9.1
8932419,Fc1ccccc1CCC2(F)CCN(CCCc3c[nH]c4ccc(cc34)n5cnnc5)CC2,CHEMBL67460,IC50,9.1
8930136,OC[C@H](NC1CCN(CCCc2c[nH]c3ccc(cc23)n4ccnc4)CC1)c5ccccc5,CHEMBL434125,EC50,9.1
8932332,S=C1CN(CCCc2c[nH]c3ccc(cc23)n4cnnc4)CCN1Cc5ccccc5,CHEMBL352159,IC50,9.1
8932547,COc1ccc(cc1)S(=O)(=O)N2CCC(=CC2)c3ccc4[nH]cc(C[C@H]5CCCN5C)c4c3,CHEMBL115941,Ki,9.12
7145584,COc1ccc(NC(=O)c2ccc(cc2)c3ccc(cc3C)C4=NC(C)ON4)cc1N5CCN(C)CC5,CHEMBL339308,Ki,9.13
8932121,Fc1cccc(CCC2(F)CCN(CCCc3c[nH]c4ccc(cc34)n5cnnc5)CC2)c1,CHEMBL63799,IC50,9.13
8930524,C[C@@H](NC[C@@H]1CCN(CCc2c[nH]c3ccc(cc23)n4cnnc4)C1)c5ccccc5,CHEMBL161410,IC50,9.14
8932077,CN(C)CCc1c[nH]c2ccc(cc12)c3cccs3,CHEMBL170192,Ki,9.16
8931753,CN(C[C@@H]1CCN(CCc2c[nH]c3ccc(cc23)n4cnnc4)C1)Cc5ccccc5,CHEMBL117579,IC50,9.16
8933290,CN1CCC[C@@H]1Cc2c[nH]c3ccc(cc23)C4=CCN(CC4)\C(=N\c5cccc6ccccc56)\S,CHEMBL117397,Ki,9.16
7147136,CN1CCN(CC1)c2cccc3ccc(OCC(=O)N4CCN(CC4)c5ccccc5C)cc23,CHEMBL340786,Ki,9.16
8948255,CN1[C@@H](Cc2c[nH]c3ccc(cc23)n4ccnc4)C[C@@H]5CN(Cc6ccccc6)C[C@H]15,CHEMBL85668,IC50,9.16
7156807,COc1ccc2ccc(cc2c1)N3CCNCC3,CHEMBL129661,Ki,9.16
8930336,C[C@H](N(C)C[C@@H]1CCN(CCc2c[nH]c3ccc(Cn4cncn4)cc23)C1)c5ccccc5,CHEMBL348864,IC50,9.16
4123515,Cc1cc(cc(C)c1CC2=NCCN2)C(C)(C)C,xylometazoline,Ki,9.16
8931382,Fc1cc(F)cc(CCN2CCN(CCCc3c[nH]c4ccc(cc34)n5cnnc5)CC2)c1,CHEMBL116153,IC50,9.16
8948274,N#Cc1ccc(CN2CCN(CCCc3c[nH]c4ccc(cc34)n5cnnc5)CC2)cc1,CHEMBL347665,IC50,9.16
8932898,OCC(N1CCN(CCCc2c[nH]c3ccc(cc23)n4cnnc4)CC1)c5ccccc5,CHEMBL163386,IC50,9.16
8933096,CN1CCC[C@@H]1Cc2c[nH]c3ccc(cc23)C4=CCN(CC4)\C(=N\c5ccccc5)\S,CHEMBL334259,Ki,9.17
8931876,CC(C)CN(C)CC1(O)CCN(CCCc2c[nH]c3ccc(cc23)n4cnnc4)CC1,CHEMBL331819,IC50,9.19
8932224,CC1(C)CCCN(CC2(O)CCN(CCCc3c[nH]c4ccc(cc34)n5cnnc5)CC2)C1,CHEMBL116161,IC50,9.19
7149621,CCC(=O)Nc1cccc(CC2CCN(CCOc3cccc4nc(C)ccc34)CC2)c1,CHEMBL498354,Ki,9.2
7158022,CCCS(=O)(=O)Nc1cccc(CCN2CCN(CC2)c3cccc4nc(C)ccc34)c1,CHEMBL1631548,Ki,9.2
7158542,CCc1c(cnn1c2ccc(cc2)C#N)C(=O)N3CCc4cc5ccnc(N6CCN(C)CC6)c5cc34,CHEMBL372743,Ki,9.2
7156996,CN1CCCN(CC1)c2cccc(CC3CCN(CCOc4cccc5nc(C)ccc45)CC3)c2,CHEMBL514429,Ki,9.2
7159452,CN1CCN(CC1)c2nccc3cc4CCN(C(=O)c5cnn(c5C)c6ccccc6)c4cc23,CHEMBL198975,Ki,9.2
7157018,COc1ccccc1C(=O)Nc2cccc(CCN3CCN(CC3)c4cccc5nc(C)ccc45)c2,CHEMBL1632214,Ki,9.2
7157031,C[C@@H]1CN(CCN1)c2cccc(CC3CCN(CCOc4cccc5nc(C)ccc45)CC3)c2,CHEMBL517170,Ki,9.2
7155867,Cc1ccc2c(cccc2n1)N3CCN(CCc4cccc(NC(=O)Nc5cccc(F)c5)c4)CC3,CHEMBL1631536,Ki,9.2
7151858,COc1cccc(N2CCN(CC2)C(=O)COc3ccc4cccc(N5CCN(C)CC5)c4c3)c1OC,CHEMBL338015,Ki,9.21
8933861,C(CN1CCN(CC1)c2ncccn2)Cc3c[nH]c4ccc(cc34)n5cnnc5,CHEMBL159396,IC50,9.22
8932066,C(CN1CCN(Cc2ccncc2)CC1)Cc3c[nH]c4ccc(cc34)n5cnnc5,CHEMBL162858,IC50,9.22
7154964,C(Cc1c[nH]c2ccc(cc12)n3cnnc3)N4CC[C@@H](CNCc5ccccc5)C4,CHEMBL420965,IC50,9.22
8948317,CC(C)(C)c1ccc2[nH]cc(CCN)c2c1,CHEMBL444341,Ki,9.22
8931911,CC(CC1(F)CCN(CCCc2c[nH]c3ccc(cc23)n4cnnc4)CC1)c5ccccc5,CHEMBL67684,IC50,9.22
8930103,Fc1ccc(cc1)C(=O)Nc2ccc3[nH]cc(C4CCN(CCCCCCN5CCC(CC5)c6c[nH]c7ccc(NC(=O)c8ccc(F)cc8)cc67)CC4)c3c2,CHEMBL500737,Ki,9.22
8930536,Fc1cccc(CCN2CCN(CCCc3c[nH]c4ccc(cc34)n5cnnc5)CC2)c1,CHEMBL292779,IC50,9.22
8930114,Fc1ccccc1CCN2CCN(CCCc3c[nH]c4ccc(cc34)n5cnnc5)CC2,CHEMBL116031,IC50,9.22
7155062,NCCc1c[nH]c2ccc(OCC(=O)N3CCN(CC3)c4ccccc4[N+](=O)[O-])cc12,CHEMBL332142,Ki,9.24
8933640,CN1CCC[C@@H]1Cc2c[nH]c3ccc(cc23)C4=CCN(CC4)\C(=N\c5ccc(Cl)cc5)\S,CHEMBL115663,Ki,9.25
7149966,CN1CCN(CC1)c2cccc3ccc(OCC(=O)N4CCN(Cc5ccccc5C)CC4)cc23,CHEMBL2112662,Ki,9.26
7150540,FC(F)(F)c1nc2c(cccc2[nH]1)N3CCN(CCOc4cccc5nc([nH]c45)C(F)(F)F)CC3,CHEMBL472117,Ki,9.26
7152248,CN1CCN(CC1)c2cccc3ccc(OCC(=O)N4CCN(CC4)c5ccccc5C#N)cc23,CHEMBL2112660,Ki,9.29
7149610,CC(=O)Nc1cccc(CC2CCN(CCOc3cccc4nc(C)ccc34)CC2)c1,CHEMBL525712,Ki,9.3
7157463,CC(=O)Nc1cccc(CN2CCN(CCOc3cccc4nc(C)ccc34)CC2)c1,CHEMBL494806,Ki,9.3
8932343,CN(C)CCc1c[nH]c2ccc(cc12)c3ccsc3,CHEMBL171129,Ki,9.3
7156379,CN1C(=O)COc2ccc(CN3CCN(CCOc4cccc5nc(C)ccc45)CC3)c(F)c12,CHEMBL247609,Ki,9.3
7152940,CN1C(=O)COc2ccc(CN3CCN(CCOc4cccc5nc(C)ccc45)CC3)cc12,CHEMBL399719,Ki,9.3
7158939,CN1CCN(CC1)c2cccc(CC3CCN(CCOc4cccc5nc(C)ccc45)CC3)c2,CHEMBL458199,Ki,9.3
7154818,CN1CCN(CC1)c2cccc3ccc(OCC(=O)Nc4ccc(NC(=O)COc5ccc6[nH]cc(CCN)c6c5)cc4)cc23,CHEMBL282950,Ki,9.3
7159206,CN1CCN(CC1)c2nccc3cc4CCN(C(=O)c5ccc(Cl)cc5)c4cc23,CHEMBL370852,Ki,9.3
7156401,CN1CCN(CC1)c2nccc3cc4CCN(C(=O)c5ccc(nc5)C(F)(F)F)c4cc23,CHEMBL199088,Ki,9.3
7156412,COc1ccc(cc1)C(=O)Nc2cccc(CCN3CCN(CC3)c4cccc5nc(C)ccc45)c2,CHEMBL1632216,Ki,9.3
7158055,C[C@@H]1CN(CCN1CCc2ccc3OCC(=O)Nc3c2)c4cccc5nc(C)ccc45,CHEMBL521873,Ki,9.3
1927410,Cc1ccc2c(OCCN3CCC(Cc4cccc(NS(=O)(=O)C)c4)CC3)cccc2n1,CHEMBL497963,Ki,9.3
1753741,Cc1ccc2c(cccc2n1)N3CCN(CCc4ccc5OCC(=O)Nc5c4)CC3,CHEMBL490417,EC50,9.3
7151295,Cc1ccc2c(cccc2n1)N3CCN(CCc4cccc(N)c4)CC3,CHEMBL1631534,Ki,9.3
7157123,Cc1ccc2c(cccc2n1)N3CCN(CCc4cccc(NC(=O)Nc5ccc(F)cc5)c4)CC3,CHEMBL1631537,Ki,9.3
8930824,Clc1ccc(CN2CCN(CCCc3c[nH]c4ccc(cc34)n5cnnc5)CC2)cc1,CHEMBL161696,IC50,9.3
7152059,NCCc1c[nH]c2ccc(OCCCCCC(=O)N3CCN(CC3)c4ccc(cc4)[N+](=O)[O-])cc12,CHEMBL121207,Ki,9.33
8933483,COc1ccc(NC(=S)N2CCC(=CC2)c3ccc4[nH]cc(C[C@H]5CCCN5C)c4c3)cc1,CHEMBL113994,Ki,9.34
8932710,C(Cc1c[nH]c2ccc(cc12)n3cnnc3)N4CC[C@@H](CNCc5cocc5)C4,CHEMBL349185,IC50,9.35
8933249,CN1CCC[C@@H]1Cc2c[nH]c3ccc(cc23)C4=CCN(CC4)C(=O)Nc5cccc6ccccc56,CHEMBL113893,Ki,9.35
8933159,CN1CCC[C@@H]1Cc2c[nH]c3ccc(cc23)C4=CCN(CC4)C(=O)Nc5ccccc5,CHEMBL325175,Ki,9.35
7151708,CN1CCN(CC1)c2cccc3ccc(OCC(=O)N4CCN(CC4)c5cccc6OCCOc56)cc23,CHEMBL129813,Ki,9.35
7154693,CNCCc1c[nH]c2ccc(cc12)C(C)(C)C,CHEMBL357034,Ki,9.35
8931486,C[C@H](NC[C@@H]1CCN(CCc2c[nH]c3ccc(cc23)n4cnnc4)C1)c5ccccc5,CHEMBL159759,IC50,9.35
8948394,Cn1cc(CCN)c2cc(ccc12)C(C)(C)C,CHEMBL301757,Ki,9.35
8931393,OC1(CNCc2ccccc2)CCN(CCCc3c[nH]c4ccc(cc34)n5cnnc5)CC1,CHEMBL326125,IC50,9.35
8948407,CN(C)CCc1c[nH]c2ccc(cc12)C(C)(C)C,CHEMBL423029,Ki,9.36
8933187,COc1ccc(NC(=O)N2CCC(=CC2)c3ccc4[nH]cc(C[C@H]5CCCN5C)c4c3)cc1,CHEMBL431866,Ki,9.38
8932278,C(CN1CCN(Cc2ccccn2)CC1)Cc3c[nH]c4ccc(cc34)n5cnnc5,CHEMBL163573,IC50,9.4
8932289,C(CN1CCN(Cc2occc2)CC1)Cc3c[nH]c4ccc(cc34)n5cnnc5,CHEMBL162805,IC50,9.4
7156963,CC(C)S(=O)(=O)Nc1cccc(CC2CCN(CCOc3cccc4nc(C)ccc34)CC2)c1,CHEMBL495213,Ki,9.4
8932501,CC(C)c1ccc2[nH]cc(CCN(C)C)c2c1,CHEMBL300519,Ki,9.4
7159680,CCN1C(=O)COc2ccc(CCN3CCN(CC3)c4cccc5nc(C)ccc45)cc12,CHEMBL489393,Ki,9.4
7153706,CN1C(=O)COc2c(F)cc(CN3CCN(CCOc4cccc5nc(C)ccc45)CC3)cc12,CHEMBL247428,Ki,9.4
7159009,CN1CCN(CC1)c2cccc3ccc(OCCOc4ccc5[nH]cc(CCN)c5c4)cc23,CHEMBL31217,Ki,9.4
7160240,Cc1cc(N2CCN(CCc3ccc4OCC(=O)Nc4c3)CC2)c5ccc(C)nc5c1,CHEMBL484260,Ki,9.4
4123187,CC1=CC(=C(O)C(C)=C1CC1=NCCN1)C(C)(C)C,oxymetazoline,Ki,9.4
7155337,Cc1ccc2c(OCCN3CCC(Cc4cc(F)c5OCC(=O)Nc5c4)CC3)cccc2n1,CHEMBL241463,Ki,9.4
7160081,Cc1ccc2c(cccc2n1)N3CCN(CCc4ccc5OCC(=O)Nc5c4F)CC3,CHEMBL496520,Ki,9.4
7158601,Cc1ccc2c(cccc2n1)N3CCN(CCc4cccc(NC(=O)c5ccc(F)cc5)c4)CC3,CHEMBL1632213,Ki,9.4
1749658,Cc1ccc2c(cccc2n1)N3CCN(CCc4cccc(NC(=O)c5csc(C)n5)c4)CC3,CHEMBL1632218,Ki,9.4
8933109,Fc1cccc(CC2(F)CCN(CCCc3c[nH]c4ccc(cc34)n5cnnc5)CC2)c1,CHEMBL65765,IC50,9.4
8933238,CN1CCC[C@@H]1Cc2c[nH]c3ccc(cc23)C4=CCN(CC4)C(=O)Nc5ccc(Cl)cc5,CHEMBL114780,Ki,9.42
8933629,CN1CCC[C@@H]1Cc2c[nH]c3ccc(cc23)C4=CCN(CC4)\C(=N\c5ccc(C)cc5)\S,CHEMBL113950,Ki,9.42
7147706,NCCc1c[nH]c2ccc(OCCCCCC(=O)N3CCN(CC3)c4ccc(N)cc4)cc12,CHEMBL120514,Ki,9.42
8932213,C(CN1CCC(Cc2ccccc2)CC1)Cc3c[nH]c4ccc(cc34)n5cnnc5,CHEMBL294547,IC50,9.46
7151026,O=C1N[C@@H](Cc2ccc3[nH]cc(CCN4CC[C@@H](CNCc5ccccc5)C4)c3c2)CO1,CHEMBL159483,IC50,9.46
1738899,COc1cc2nc(nc(N)c2cc1OC)N3CCN(CC3)C(=O)c4occc4,prazosin,Ki,9.48
8948460,NC(=O)c1ccc2[nH]cc(C3=CCC(CC3)NCCCCCCCCCCCCNC4CCC(=CC4)c5c[nH]c6ccc(cc56)C(=O)N)c2c1,CHEMBL22960,IC50,9.48
7159182,CC1CN(CCc2ccc3OCC(=O)Nc3c2)CCN1c4cccc5nc(C)ccc45,CHEMBL495705,Ki,9.5
7155756,CCc1ccc2CCC(CNCCCNC3=NCCCN3)Oc2c1,CHEMBL89878,IC50,9.5
7157559,CN(C(=O)C)c1cccc(CCN2CCN(CC2)c3cccc4nc(C)ccc34)c1,CHEMBL1631539,Ki,9.5
8931291,CN(C(=O)C)c1cccc(CN2CCN(CCOc3cccc4nc(C)ccc34)CC2)c1,CHEMBL506942,Ki,9.5
1744909,CN1C(=O)COc2ccc(CCN3CCN(CC3)c4cccc5nc(C)ccc45)cc12,CHEMBL522257,Ki,9.5
7160057,Cc1ccc2c(ccc(F)c2n1)N3CCN(CCc4ccc5OCC(=O)Nc5c4)CC3,CHEMBL497979,Ki,9.5
7154597,Cc1ccc2c(cccc2n1)N3CCN(CCc4cccc(NC(=O)C(C)(C)C)c4)CC3,CHEMBL1632209,Ki,9.5
1749647,Cc1ccc2c(cccc2n1)N3CCN(CCc4cccc(NC(=O)Nc5ccccc5)c4)CC3,CHEMBL1632223,Ki,9.5
7159485,Cc1ccc2c(cccc2n1)N3CCN(CCc4cccc(NC(=O)c5cccc(F)c5)c4)CC3,CHEMBL1632212,Ki,9.5
1753973,Cc1ccc2c(cccc2n1)N3CCN(CCc4cccc(NC(=O)c5ccccc5)c4)CC3,CHEMBL1632210,Ki,9.5
7156517,Cc1ccc2c(cccc2n1)N3CCN(CCc4cccc(c4)N5CCCNC5=O)CC3,CHEMBL1631541,Ki,9.5
7159895,Cc1ncc2c(cccc2n1)N3CCN(CCc4ccc5OCC(=O)Nc5c4)CC3,CHEMBL489195,Ki,9.5
8933383,CN1CCC[C@@H]1Cc2c[nH]c3ccc(cc23)C4=CCN(CC4)C(=O)Nc5ccc(C)cc5,CHEMBL114571,Ki,9.51
8932110,C(CN1CCN(Cc2cccnc2)CC1)Cc3c[nH]c4ccc(cc34)n5cnnc5,CHEMBL422366,IC50,9.52
8933651,CN(C)CCc1c[nH]c2ccc(cc12)n3cnnc3,CHEMBL296161,IC50,9.52
7158440,COc1ccc(CNC(=O)\C=C\c2ccc3[nH]cc(CCN(C)C)c3c2)cc1,CHEMBL344127,Ki,9.52
7153481,C[C@H](NC[C@@H]1CCN(CCc2c[nH]c3ccc(C[C@H]4COC(=O)N4)cc23)C1)c5ccccc5,CHEMBL160070,IC50,9.52
8932721,Cc1cc(cc(C)c1NC2=NCCN2)C(C)(C)C,CHEMBL366322,Ki,9.52
8932571,FC(F)(F)c1ccccc1CC2(F)CCN(CCCc3c[nH]c4ccc(cc34)n5cnnc5)CC2,CHEMBL63167,IC50,9.52
8930456,Fc1ccc(cc1)C(=O)Nc2ccc3[nH]cc(C4CCN(CCCCCCCN5CCC(CC5)c6c[nH]c7ccc(NC(=O)c8ccc(F)cc8)cc67)CC4)c3c2,CHEMBL503468,Ki,9.52
8932814,CC(C)c1ccc2[nH]cc(C[C@H]3CCCN3C)c2c1,CHEMBL44054,Ki,9.54
1728563,CC(=O)Nc1cccc(CCN2CCN(CC2)c3cccc4nc(C)ccc34)c1,CHEMBL1632206,Ki,9.6
7148831,CCNC(=O)Nc1cccc(CC2CCN(CCOc3cccc4nc(C)ccc34)CC2)c1,CHEMBL525362,Ki,9.6
8932430,CN1CCC[C@@H]1Cc2c[nH]c3ccc(cc23)C(C)(C)C,CHEMBL49826,Ki,9.6
5292474,COC(=O)Nc1cccc(CCN2CCN(CC2)c3cccc4nc(C)ccc34)c1,CHEMBL1631532,Ki,9.6
8930732,Cc1ccc2c(OCCN3CCN(Cc4cccc5[nH]cnc45)CC3)cccc2n1,CHEMBL190298,Ki,9.6
7160068,Cc1ccc2c(cccc2n1)N3CCN(CCc4cc5NC(=O)COc5cc4F)CC3,CHEMBL496317,Ki,9.6
7153767,Cc1ccc2c(cccc2n1)N3CCN(CCc4cccc(NC(=O)NC(C)(C)C)c4)CC3,CHEMBL1632222,Ki,9.6
7158980,Cc1ccc2c(cccc2n1)N3CCN(CCc4cccc(NC(=O)c5ccccc5F)c4)CC3,CHEMBL1632211,Ki,9.6
7159871,Cc1ccc2c(cccc2n1)N3CCN(CCc4cccc(NC(=O)c5scnc5C)c4)CC3,CHEMBL1632219,Ki,9.6
7157134,Cc1ccc2c(cccc2n1)N3CCN(CCc4cccc(c4)N5CCCOC5=O)CC3,CHEMBL1631543,Ki,9.6
7158134,O=C1COc2ccc(CCN3CCN(CC3)c4cccc5cccnc45)cc2N1,CHEMBL523095,Ki,9.6
7143414,O=C1COc2ccc(CCN3CCN(CC3)c4nccc5ccccc45)cc2N1,CHEMBL490211,Ki,9.6
8932744,C(CN1CCN(Cc2ccccc2)CC1)Cc3c[nH]c4ccc(cc34)n5cnnc5,CHEMBL65367,IC50,9.7
8933472,CC(=O)Nc1cccc(CN2CCN(CCCc3c[nH]c4ccc(cc34)n5cnnc5)CC2)c1,CHEMBL161176,IC50,9.7
7157509,CCC(=O)Nc1cccc(CCN2CCN(CC2)c3cccc4nc(C)ccc34)c1,CHEMBL1632207,Ki,9.7
7156390,CN1CCC(CC1)c2cccc(CC3CCN(CCOc4cccc5nc(C)ccc45)CC3)c2,CHEMBL459282,Ki,9.7
7156484,Cc1cc2c(cccc2[nH]1)N3CCN(CCc4ccc5OCC(=O)Nc5c4)CC3,CHEMBL444398,Ki,9.7
7157101,Cc1ccc2c(cc(F)cc2n1)N3CCN(CCc4ccc5OCC(=O)Nc5c4)CC3,CHEMBL485491,Ki,9.7
7155856,Cc1ccc2c(ccc(Cl)c2n1)N3CCN(CCc4ccc5OCC(=O)Nc5c4)CC3,CHEMBL497980,Ki,9.7
7158590,Cc1ccc2c(cccc2n1)N3CCN(CCc4cc(F)c5OCC(=O)Nc5c4)CC3,CHEMBL489394,Ki,9.7
7156495,Cc1ccc2c(cccc2n1)N3CCN(CCc4cccc(NC(=O)Nc5ccccc5F)c4)CC3,CHEMBL1631533,Ki,9.7
5293257,Cc1ccc2c(cccc2n1)N3CCN(CCc4cccc(NC(=O)c5cnccn5)c4)CC3,CHEMBL1632217,Ki,9.7
7159882,Cc1ccc2c(cccc2n1)N3CCN(CCc4cccc(c4)N5CCNC5=O)CC3,CHEMBL1631540,Ki,9.7
7157474,CC(C)C(=O)Nc1cccc(CCN2CCN(CC2)c3cccc4nc(C)ccc34)c1,CHEMBL1632208,Ki,9.8
7159658,CC1(C)Cc2cccc(N3CCN(CCc4ccc5OCC(=O)Nc5c4)CC3)c2O1,CHEMBL491839,Ki,9.8
7155220,CCCNC(=O)Nc1cccc(CCN2CCN(CC2)c3cccc4nc(C)ccc34)c1,CHEMBL1632221,Ki,9.8
1746433,CCNC(=O)Nc1cccc(CCN2CCN(CC2)c3cccc4nc(C)ccc34)c1,CHEMBL1632220,Ki,9.8
7157603,COc1cccc(c1)C(=O)Nc2cccc(CCN3CCN(CC3)c4cccc5nc(C)ccc45)c2,CHEMBL1632215,Ki,9.8
7159957,Cc1ccc2c(cc(Cl)cc2n1)N3CCN(CCc4ccc5OCC(=O)Nc5c4)CC3,CHEMBL521506,Ki,9.8
1736720,Cc1ccc2c(cccc2n1)N3CCN(CCc4cccc(c4)N5CCOC5=O)CC3,CHEMBL1631542,Ki,9.8
704289,Cc1ccc2c(cccc2n1)N3CCN(CCc4cccc(c4)n5cccn5)CC3,CHEMBL1631545,Ki,9.8
7158531,CCOC(=O)Nc1cccc(CCN2CCN(CC2)c3cccc4nc(C)ccc34)c1,CHEMBL1631538,Ki,9.9
1747672,Cc1ccc2c(cccc2n1)N3CCN(CCc4cccc(NS(=O)(=O)C)c4)CC3,CHEMBL1631535,Ki,9.9
8948577,NC(=O)c1ccc2[nH]cc(C3=CCC(CC3)NCCCCCCCCNC4CCC(=CC4)c5c[nH]c6ccc(cc56)C(=O)N)c2c1,CHEMBL22961,IC50,9.96
7158121,NCCc1c[nH]c2ccc(OCc3ccc(COc4ccc5[nH]cc(CCN)c5c4)cc3)cc12,CHEMBL144030,Ki,9.96
4126597,Cc1ccc2c(cccc2n1)N3CCN(CCc4cccc5c4OCc6c(ncn56)C(=O)N)CC3,CHEMBL1241913,Ki,10.0
8932201,Fc1ccc(CN2CCN(CCCc3c[nH]c4ccc(cc34)n5cnnc5)CC2)cc1,CHEMBL161723,IC50,10.0
8933370,Fc1ccccc1CC2(F)CCN(CCCc3c[nH]c4ccc(cc34)n5cnnc5)CC2,CHEMBL65824,IC50,10.0
8931839,OC1(Cc2ccccc2)CCN(CCCc3c[nH]c4ccc(cc34)n5cnnc5)CC1,CHEMBL112507,IC50,10.0
1980,NC(=O)c1ccc2[nH]cc(C3=CCC(CC3)NCCCCCCCNC4CCC(=CC4)c5c[nH]c6ccc(cc56)C(=O)N)c2c1,CHEMBL22744,IC50,10.3
