id,smiles,name,assay_type,activity_value
4022625,CC1=CC=C(SC2=C(C=CC=C2)N2CCNCC2)C(C)=C1,vortioxetine,Ki,7.48148584
7145349,CN(C)CCc1c[nH]c2ccc(C[C@H]3COC(=O)N3)cc12,zolmitriptan,Ki,7.7
8930012,CN(C)CCC1=CNC2=C1C=C(CN1C=NC=N1)C=C2,rizatriptan,Ki,6.9
8930022,CN(C)CCC1=CNC2=C1C=C(CS(=O)(=O)N1CCCC1)C=C2,almotriptan,Ki,8.0
7146340,CN[C@@H]1CCc2[nH]c3ccc(cc3c2C1)C(=O)N,frovatriptan,Ki,7.99
583739,CNS(=O)(=O)CC1=CC2=C(NC=C2CCN(C)C)C=C1,sumatriptan,Ki,8.26
1876,CNS(=O)(=O)CCC1=CC=C2NC=C(C3CCN(C)CC3)C2=C1,naratriptan,Ki,8.48
1901,CN1CCC[C@@H]1CC1=CNC2=C1C=C(CCS(=O)(=O)C1=CC=CC=C1)C=C2,eletriptan,Kd,8.52
7143275,CC(=O)O.OCc1cc(ccc1O)[C@@H](O)CNCCCCCCOCCCCc2cccc(c2)S(=O)(=O)C3CCCC3,CHEMBL3126382,IC50,7.0
7143319,CC(COc1cccc2nc(C)ccc12)N3CCC(Cc4ccc5OCC(=O)Nc5c4)CC3,CHEMBL484216,Ki,7.0
7155231,CCN(C(=O)C)c1cccc(CC2CCN(CCOc3cccc4nc(C)ccc34)CC2)c1,CHEMBL497127,Ki,7.0
8930082,CN(Cc1ccc(NC(=O)C)cc1)C2CCN(CCCc3c[nH]c4ccc(cc34)n5cnnc5)CC2,CHEMBL149488,IC50,7.0
7146036,CN1CCC(CCN2CCC(CC2)c3cn(c4ccc(F)cc4)c5ccc(cc35)c6ncn(C)n6)C1=O,CHEMBL97333,Ki,7.0
4126811,COc1cc2CCN(C)C3Cc4cc5OCOc5cc4c(c1OC)c23,CHEMBL467094,Ki,7.0
7146180,Cc1ccc2c(OCCN3CCN(CN4OC5=CCC(=O)C=C5C=C4)CC3)cccc2n1,CHEMBL192176,Ki,7.0
7146202,Cc1ccc2c(OCCN3CCN(Cc4ccc5OCC(=O)Nc5c4)CC3)cccc2n1,CHEMBL248457,Ki,7.0
5302743,Cl.FC(F)(F)S(=O)(=O)Oc1ccc2CCN(CCCCNC(=O)\C=C\c3c[nH]c4ccccc34)Cc2c1,CHEMBL552599,Ki,7.0
8930103,Fc1ccc(cc1)C(=O)Nc2ccc3[nH]cc(C4CCN(CCCCCCN5CCC(CC5)c6c[nH]c7ccc(NC(=O)c8ccc(F)cc8)cc67)CC4)c3c2,CHEMBL500737,Ki,7.0
8930114,Fc1ccccc1CCN2CCN(CCCc3c[nH]c4ccc(cc34)n5cnnc5)CC2,CHEMBL116031,IC50,7.0
8930125,OC[C@@H](Cc1ccccc1)NC2CCN(CCCc3c[nH]c4ccc(cc34)n5cnnc5)CC2,CHEMBL147853,IC50,7.0
8930136,OC[C@H](NC1CCN(CCCc2c[nH]c3ccc(cc23)n4ccnc4)CC1)c5ccccc5,CHEMBL434125,IC50,7.0
8930147,CC(CO)(NC1CCN(CCCc2c[nH]c3ccc(cc23)n4cnnc4)CC1)c5ccccc5,CHEMBL148194,IC50,7.01
7147897,CN(C)CCc1c[nH]c2ccc(OS(=O)(=O)C(F)(F)F)cc12,CHEMBL143767,IC50,7.01
8930160,CN(C)[C@@H]1C[C@H](C1)c2c[nH]c3ccc(CC4COC(=O)N4C)cc23,CHEMBL2368257,IC50,7.01
8930171,CN(C)[C@@H]1C[C@H](C1)c2c[nH]c3ccc(Oc4ccccc4)cc23,CHEMBL2368253,IC50,7.01
8930182,Fc1ccc(CCN2CCN(CCCc3c[nH]c4ccc(cc34)n5cnnc5)CC2)cc1F,CHEMBL119668,IC50,7.01
8930193,CN(Cc1ccccc1)CC2(O)CCN(CCCc3c[nH]c4ccc(cc34)n5cnnc5)CC2,CHEMBL114877,IC50,7.02
8930204,C[C@H](NC1CCN(CCCc2c[nH]c3ccc(cc23)n4cnnc4)CC1)c5ccccc5,CHEMBL148087,IC50,7.02
8930215,NC(=O)c1ccc2C(CCN3CCC(C3)c4c[nH]c5cc(F)ccc45)OCCc2c1,CHEMBL79725,Ki,7.02
8930226,S=C(NN1CCC(=CC1)c2ccc3[nH]cc(CCN4CCCC4)c3c2)c5cccc6ccccc56,CHEMBL161894,Ki,7.02
8930237,C(CN1CCN(CCc2cccnc2)CC1)Cc3c[nH]c4ccc(cc34)n5cnnc5,CHEMBL351311,IC50,7.03
8930248,OC[C@@H]1CCN(CCc2c[nH]c3ccc(cc23)n4cnnc4)C1,CHEMBL159627,IC50,7.03
8930259,O[C@@H]1CCN(CCc2c[nH]c3ccc(cc23)n4cnnc4)C1,CHEMBL349528,IC50,7.03
8930270,C[C@@H]1CN(CCN1CC[C@H]2OCCc3cc(ccc23)C(=O)N)c4cccc5cc(F)ccc45,CHEMBL234448,Ki,7.04
8930281,CN(Cc1ccccc1C)CC2(O)CCN(CCCc3c[nH]c4ccc(cc34)n5cnnc5)CC2,CHEMBL114303,IC50,7.05
8930292,CN(Cc1occc1)C2CCN(CCCc3c[nH]c4ccc(cc34)n5cnnc5)CC2,CHEMBL434315,IC50,7.05
8930303,COC[C@H](NC1CCN(CCCc2c[nH]c3ccc(cc23)n4cnnc4)CC1)c5ccc(F)cc5,CHEMBL343217,IC50,7.05
8930314,C(Cc1c[nH]c2ccc(cc12)n3cnnc3)N4CC[C@@H](CNc5ccccc5)C4,CHEMBL159493,IC50,7.06
8930325,C(Cc1c[nH]c2ccc(cc12)n3cnnc3)N4CC[C@@H](COCc5ccccc5)C4,CHEMBL326371,IC50,7.06
8930336,C[C@H](N(C)C[C@@H]1CCN(CCc2c[nH]c3ccc(Cn4cncn4)cc23)C1)c5ccccc5,CHEMBL348864,IC50,7.06
8930347,C[C@H]1CN(CCN1CC[C@H]2OCc3cc(ccc23)C(=O)N)c4cccc5cc(ccc45)C#N,CHEMBL3706925,Ki,7.06
584174,Clc1ccccc1S(=O)(=O)Nc2ccc3[nH]cc(C[C@H]4CCCN4)c3c2,CHEMBL609742,Ki,7.06
8930360,C(CN1CCN(CCCc2c[nH]c3ccc(cc23)n4cnnc4)CC1)Cc5ccccc5,CHEMBL352123,IC50,7.07
8930371,CC(C)(C)CNCC1(O)CCN(CCCc2c[nH]c3ccc(cc23)n4cnnc4)CC1,CHEMBL113831,IC50,7.07
8930382,CN(CC1CCN(CCCc2c[nH]c3ccc(cc23)n4cnnc4)CC1)[C@@H](CO)c5ccccc5,CHEMBL145849,IC50,7.07
8930393,C[C@@H](NC1CCN(CCCc2c[nH]c3ccc(cc23)n4cnnc4)CC1)C(=O)Nc5ccccc5,CHEMBL148110,IC50,7.07
584685,CN1CCC(CC1)c2c[nH]c3ccc(NC(=O)c4ccc(F)cc4)cc23,CHEMBL101690,Ki,7.08
8930406,Cc1ccccc1CNCC2(O)CCN(CCCc3c[nH]c4ccc(cc34)n5cnnc5)CC2,CHEMBL324751,IC50,7.08
8930417,CC#CCN(C)C1CCN(CCCc2c[nH]c3ccc(cc23)n4cnnc4)CC1,CHEMBL146396,IC50,7.09
8930428,CCCN(CCC)C1CCc2cc(F)c3[nH]cc(C=O)c3c2C1,CHEMBL441256,Ki,7.09
8930439,Clc1ccc(cc1)C(=O)NN2CCC(=CC2)c3ccc4[nH]cc(CCN5CCCC5)c4c3,CHEMBL162724,Ki,7.09
584163,CN1CCC(CC1)c2c[nH]c3cnc(NC(=O)c4ccc(F)cc4)cc23,CHEMBL103503,Ki,7.1
7153734,Cc1ccc2c(OCCN3CCC(Cc4cccc(c4)C5CCN(CC5)S(=O)(=O)C)CC3)cccc2n1,CHEMBL462915,Ki,7.1
7147996,Cc1ccc2c(OCCN3CCN(Cc4ccc(C)c(c4)[N+](=O)[O-])CC3)cccc2n1,CHEMBL191605,Ki,7.1
8930456,Fc1ccc(cc1)C(=O)Nc2ccc3[nH]cc(C4CCN(CCCCCCCN5CCC(CC5)c6c[nH]c7ccc(NC(=O)c8ccc(F)cc8)cc67)CC4)c3c2,CHEMBL503468,Ki,7.1
8930467,OC[C@H](NCC1CCN(CCCc2c[nH]c3ccc(cc23)n4cnnc4)CC1)c5ccccc5,CHEMBL147979,IC50,7.1
8930478,C(CN1CCC(CC1)NCc2cocc2)Cc3c[nH]c4ccc(cc34)n5cnnc5,CHEMBL357408,IC50,7.11
8930489,CS(=O)(=O)NC[C@H](NC1CCN(CCCc2c[nH]c3ccc(cc23)n4cnnc4)CC1)c5ccccc5,CHEMBL148071,IC50,7.11
8930500,O=C1CN(CCCc2c[nH]c3ccc(cc23)n4cnnc4)CCN1CCc5ccccc5,CHEMBL161970,IC50,7.11
8930511,C(CN1CCC(CC1)NCc2ccccn2)Cc3c[nH]c4ccc(cc34)n5cnnc5,CHEMBL145997,IC50,7.12
7152406,Fc1ccc(cc1)n2cc(C3CCN(CCN4CCNC4=O)CC3)c5cc(ccc25)c6ncccn6,CHEMBL421573,Ki,7.12
8930524,C[C@@H](NC[C@@H]1CCN(CCc2c[nH]c3ccc(cc23)n4cnnc4)C1)c5ccccc5,CHEMBL161410,IC50,7.13
8930536,Fc1cccc(CCN2CCN(CCCc3c[nH]c4ccc(cc34)n5cnnc5)CC2)c1,CHEMBL292779,IC50,7.13
8930547,Oc1nc2ccccc2n1C3CCN(CCCc4c[nH]c5ccc(cc45)n6cnnc6)CC3,CHEMBL146991,IC50,7.13
8930558,NC(=O)c1ccc2C(CCN3CCC(CC3)c4cccc5ccccc45)OCCc2c1,CHEMBL79693,Ki,7.14
8930569,CN([C@H](CO)c1ccccc1)C2CCN(CCCc3c[nH]c4ccc(cc34)n5cnnc5)CC2,CHEMBL342330,IC50,7.15
8930580,CNC(C)COc1c(Br)cccc1Br.OC(=O)C(=O)O,CHEMBL2260929,Ki,7.15
8930590,COc1ccc(cc1CCCN(C)C)C(=O)Nc2ccc(cc2)c3ccncc3,CHEMBL309021,Ki,7.15
8930601,CC1CCC(C)N1CCc2c[nH]c3ccc(cc23)c4cccs4,CHEMBL173656,Ki,7.16
8930612,CN(C[C@@H]1CCN(CCc2c[nH]c3ccc(C[C@H]4COC(=O)N4C)cc23)C1)Cc5ccccc5,CHEMBL350153,IC50,7.16
7149857,Cn1cnc(n1)c2ccc3c(c2)c(cn3c4ccc(F)cc4)C5CCN(CCN6CCNC6=O)CC5,CHEMBL327527,Ki,7.17
8930625,Cn1ncc(n1)c2ccc3c(c2)c(cn3c4ccc(F)cc4)C5CCN(CCN6CCNC6=O)CC5,CHEMBL328940,Ki,7.17
8930636,S=C(NN1CCC(=CC1)c2ccc3[nH]cc(CCN4CCCC4)c3c2)c5ccccc5,CHEMBL352181,Ki,7.17
8930647,CN(CC1CCN(CCCc2c[nH]c3ccc(cc23)n4cnnc4)CC1)Cc5ccc(cc5)S(=O)(=O)C,CHEMBL343667,IC50,7.18
8930658,CN(CCc1ccc(NC(=O)C)cc1)C2CCN(CCCc3c[nH]c4ccc(cc34)n5cnnc5)CC2,CHEMBL147546,IC50,7.18
8930669,O=C(NN1CCC(=CC1)c2ccc3[nH]cc(CCN4CCCC4)c3c2)C56CC7CC(CC(C7)C5)C6,CHEMBL440008,Ki,7.19
8930680,O=C(NN1CCC(=CC1)c2ccc3[nH]cc(CCN4CCCC4)c3c2)c5cccc6ccccc56,CHEMBL423789,Ki,7.19
8930691,CN(C)CCc1c[nH]c2ccc(OC(=O)C(C)(C)C)cc12,CHEMBL109360,Ki,7.2
8930702,CN1C(=O)C=Cc2c(CCN3CCN(CC3)c4cccc5nc(C)ccc45)c(C)ccc12,CHEMBL1289048,EC50,7.2
1725916,CN1C(=O)COc2c(CCCN3CCN(CC3)c4cccc5nc(C)ccc45)cccc12,CHEMBL469375,EC50,7.2
7150344,CN1CCN(C(=O)C1)c2cccc(CC3CCN(CCOc4cccc5nc(C)ccc45)CC3)c2,CHEMBL456458,Ki,7.2
8930717,Cc1ccc(cc1)C(=O)NN2CCC(=CC2)c3ccc4[nH]cc(CCN5CCCC5)c4c3,CHEMBL162012,Ki,7.2
7146169,Cc1ccc2c(OCCN3CCC(Cc4cccc(c4)c5ccccc5)CC3)cccc2n1,CHEMBL456459,Ki,7.2
7155845,Cc1ccc2c(OCCN3CCN(Cc4ccc5OCC(=O)N(Cc6ccccc6)c5c4)CC3)cccc2n1,CHEMBL248231,Ki,7.2
8930732,Cc1ccc2c(OCCN3CCN(Cc4cccc5[nH]cnc45)CC3)cccc2n1,CHEMBL190298,Ki,7.2
8930743,NC1CCN(CCCc2c[nH]c3ccc(cc23)n4cnnc4)CC1,CHEMBL143951,IC50,7.2
8930754,C(Cc1c[nH]c2ccc(cc12)n3cnnc3)N4CC[C@@H](CNCc5cccnc5)C4,CHEMBL345657,IC50,7.21
7147785,CNS(=O)(=O)Cc1ccc2[nH]cc(CCN3CC[C@@H](CNCc4ccccc4)C3)c2c1,CHEMBL161780,IC50,7.21
8930767,FC(CN1CCC(Cc2ccccc2)CC1)Cc3c[nH]c4ccc(cc34)n5cnnc5,CHEMBL432332,IC50,7.21
8930778,CN(CC(C)(C)C)CC1(O)CCN(CCCc2c[nH]c3ccc(cc23)n4cnnc4)CC1,CHEMBL115352,IC50,7.22
7150540,FC(F)(F)c1nc2c(cccc2[nH]1)N3CCN(CCOc4cccc5nc([nH]c45)C(F)(F)F)CC3,CHEMBL472117,Ki,7.22
8930791,O=S(=O)(NCC1CCN(CCCc2c[nH]c3ccc(cc23)n4cnnc4)CC1)c5ccccc5,CHEMBL143952,IC50,7.22
8930802,CCC(=O)Oc1ccc2[nH]cc(CCN(C)C)c2c1,CHEMBL322349,Ki,7.23
8930813,CN(C[C@@H]1CCN(CCCc2c[nH]c3ccc(cc23)n4cnnc4)C1)Cc5ccccc5,CHEMBL159650,IC50,7.23
8930824,Clc1ccc(CN2CCN(CCCc3c[nH]c4ccc(cc34)n5cnnc5)CC2)cc1,CHEMBL161696,IC50,7.23
8930835,COc1ccc(cc1)C(=S)NN2CCC(=CC2)c3ccc4[nH]cc(CCN5CCCC5)c4c3,CHEMBL159278,Ki,7.24
8930846,C[C@H](NCC1CCN(CCCc2c[nH]c3ccc(cc23)n4cnnc4)CC1)c5ccccc5,CHEMBL146391,IC50,7.24
8930857,OC1(CNCC2CC2)CCN(CCCc3c[nH]c4ccc(cc34)n5cnnc5)CC1,CHEMBL331143,IC50,7.24
8930868,CC(=O)Nc1ccc(CN2CCN(CCCc3c[nH]c4ccc(cc34)n5cnnc5)CC2)cc1,CHEMBL163127,IC50,7.25
8930879,CCCN(CCc1ccccc1)C2CCc3ccc4[nH]cc(C=O)c4c3C2,CHEMBL304767,Ki,7.25
753307,FC1=CC=C(C=C1)N1C=C(C2CCN(CCN3CCNC3=O)CC2)C2=C1C=CC(Cl)=C2,sertindole,Ki,7.25
8930892,NC(=O)C(N1CCN(CCCc2c[nH]c3ccc(cc23)n4cnnc4)CC1)c5ccccc5,CHEMBL163462,IC50,7.26
8930903,OC1(CNCc2ccccn2)CCN(CCCc3c[nH]c4ccc(cc34)n5cnnc5)CC1,CHEMBL112558,IC50,7.26
8930914,CC(C)C(=O)Oc1ccc2[nH]cc(CCN(C)C)c2c1,CHEMBL327103,Ki,7.28
8930925,CCCCCCCCCOc1ccc2[nH]cc(CC(C)N)c2c1,CHEMBL107487,Ki,7.28
8930936,COc1cc(N2CCN(C)CC2)c3nc(cc(N(C)C)c3c1)C(=O)Nc4ccc(cc4)N5CCOCC5,CHEMBL387545,Ki,7.29
8930947,C(Cc1c[nH]c2ccc(cc12)n3cnnc3)N4CC[C@H](CNCc5ccccc5)C4,CHEMBL159819,IC50,7.3
7154485,CC(C)C(=O)Nc1cccc(CC2CCN(CCOc3cccc4nc(C)ccc34)CC2)c1,CHEMBL498355,Ki,7.3
8931291,CN(C(=O)C)c1cccc(CN2CCN(CCOc3cccc4nc(C)ccc34)CC2)c1,CHEMBL506942,Ki,7.3
8931302,COc1cc2CCN(C(=O)c3ccc(c4cccc(C)n4)c5ccccc35)c2cc1N6C[C@@H](C)N[C@@H](C)C6,CHEMBL195897,Ki,7.3
7153481,C[C@H](NC[C@@H]1CCN(CCc2c[nH]c3ccc(C[C@H]4COC(=O)N4)cc23)C1)c5ccccc5,CHEMBL160070,IC50,7.3
7146999,Cc1ccc2c(OCCN3CC(COc4ccc5OCC(=O)Nc5c4)C3)cccc2n1,CHEMBL484387,Ki,7.3
7157112,Cc1ccc2c(cccc2n1)N3CCN(CCCc4ccc5OCC(=O)Nc5c4)CC3,CHEMBL485395,Ki,7.3
8931319,CCCN(CC=C)C1CCc2ccc3[nH]cc(C=O)c3c2C1,CHEMBL304984,Ki,7.31
8931330,FC1(CCc2ccccc2)CCN(CCCc3c[nH]c4ccc(cc34)n5cnnc5)CC1,CHEMBL293678,IC50,7.31
7151026,O=C1N[C@@H](Cc2ccc3[nH]cc(CCN4CC[C@@H](CNCc5ccccc5)C4)c3c2)CO1,CHEMBL159483,IC50,7.31
8931343,C(Cc1c[nH]c2ccc(cc12)n3cnnc3)N4CC[C@@H](CNCc5ccccn5)C4,CHEMBL349893,IC50,7.32
8931356,C[C@@H](O)[C@H](NC1CCN(CCCc2c[nH]c3ccc(cc23)n4cnnc4)CC1)c5ccccc5,CHEMBL143947,IC50,7.32
756030,Cn1nnc(n1)c2ccc3c(c2)c(cn3c4ccc(F)cc4)C5CCN(CCN6CCNC6=O)CC5,CHEMBL319352,Ki,7.32
7154964,C(Cc1c[nH]c2ccc(cc12)n3cnnc3)N4CC[C@@H](CNCc5ccccc5)C4,CHEMBL420965,IC50,7.33
8931371,CCc1ccc2[nH]cc(C[C@H]3CCCN3C)c2c1,CHEMBL45929,Ki,7.33
8931382,Fc1cc(F)cc(CCN2CCN(CCCc3c[nH]c4ccc(cc34)n5cnnc5)CC2)c1,CHEMBL116153,IC50,7.33
8931393,OC1(CNCc2ccccc2)CCN(CCCc3c[nH]c4ccc(cc34)n5cnnc5)CC1,CHEMBL326125,IC50,7.33
8931404,CCCN(CCc1cccs1)C2CCc3ccc4[nH]cc(C=O)c4c3C2,CHEMBL72062,Ki,7.34
8931415,Cc1noc(n1)c2ccc(CCN3CCN(CCCc4c[nH]c5ccc(cc45)n6cnnc6)CC3)cc2,CHEMBL163114,IC50,7.34
8931426,CC(=O)Nc1ccc(CNC2CCN(CCCc3c[nH]c4ccc(cc34)n5cnnc5)CC2)cc1,CHEMBL146335,IC50,7.35
8931437,CC(CN1CCN(CCCc2c[nH]c3ccc(cc23)n4cnnc4)CC1)c5ccccc5,CHEMBL162722,IC50,7.35
8931448,CN(C)[C@@H]1C[C@H](C1)c2c[nH]c3ccc(cc23)C(=O)N,CHEMBL158638,IC50,7.35
7147164,Cn1cc(cn1)c2ccc3c(c2)c(cn3c4ccc(F)cc4)C5CCN(CCN6CCNC6=O)CC5,CHEMBL329280,Ki,7.35
8931461,COc1ccc(cc1)C(=O)NN2CCC(=CC2)c3ccc4[nH]cc(CCN5CCCC5)c4c3,CHEMBL428991,Ki,7.36
8931475,CN(CC=C(C)C)C1CCN(CCCc2c[nH]c3ccc(cc23)n4cnnc4)CC1,CHEMBL148233,IC50,7.39
8931486,C[C@H](NC[C@@H]1CCN(CCc2c[nH]c3ccc(cc23)n4cnnc4)C1)c5ccccc5,CHEMBL159759,IC50,7.39
7155196,CC(C)N1C(=O)COc2ccc(CC3CCN(CCOc4cccc5nc(C)ccc45)CC3)cc12,CHEMBL248456,Ki,7.4
8931499,CCCCCCCCCOc1ccc2[nH]cc(CCN(C)C)c2c1,CHEMBL322054,Ki,7.4
8931510,CCCN(CCCc1ccccc1OC)C2CCc3ccc4[nH]ccc4c3C2,CHEMBL306197,Ki,7.4
7149643,CN(C(=O)C)c1cccc(CC2CCN(CCOc3cccc4nc(C)ccc34)CC2)c1,CHEMBL498356,Ki,7.4
8931523,CN(CC1CCN(CCCc2c[nH]c3ccc(cc23)n4cnnc4)CC1)C(=O)c5ccc(NC(=O)C)cc5,CHEMBL347570,IC50,7.4
8931534,COc1ccc(CC2CCN(CCOc3cccc4nc(C)ccc34)CC2)cc1NS(=O)(=O)C,CHEMBL495217,Ki,7.4
8931545,COc1ccc(NCC(=O)N2CCN(CC2)c3ccccc3C)cc1N4CCN(C)CC4.OC(=O)\C=C\C(=O)O,CHEMBL110601,Ki,7.4
7153056,Cc1ccc2c(OCCN3CCC(Cc4cccc(c4)N5CCCC5)CC3)cccc2n1,CHEMBL456684,Ki,7.4
7148907,Cc1ccc2c(OCCN3CCC(Cc4cccc(c4)c5cocc5)CC3)cccc2n1,CHEMBL456460,Ki,7.4
7156506,Cc1ccc2c(cccc2n1)N3CCN(CCc4cccc(c4)N5C(=O)CCC5=O)CC3,CHEMBL1631544,Ki,7.4
7156517,Cc1ccc2c(cccc2n1)N3CCN(CCc4cccc(c4)N5CCCNC5=O)CC3,CHEMBL1631541,Ki,7.4
8931563,O=C(NN1CCC(=CC1)c2ccc3[nH]cc(CCN4CCCC4)c3c2)c5ccccc5,CHEMBL163151,Ki,7.4
8931574,CC(C)(NC[C@@H]1CCN(CCc2c[nH]c3ccc(cc23)n4cnnc4)C1)c5ccccc5,CHEMBL164046,IC50,7.41
8931585,CN1CCC[C@@H]1Cc2c[nH]c3ccc(cc23)C4=CCN(CC4)\C(=N\C56C[C@@H]7C[C@@H](C[C@@H](C7)C5)C6)\S,CHEMBL323705,Ki,7.41
8931596,CCCN(CCC)C1CCc2ccc3[nH]cc(C#N)c3c2C1,CHEMBL70589,Ki,7.42
8931607,COc1ccc(NC(=O)N2CCN(CC2)c3ccc(F)cc3)cc1N4CCN(C)CC4,CHEMBL194206,Ki,7.42
8931618,Fc1ccc(cc1)C(=O)Nc2ccc3[nH]cc(C4CCN(CCCCCCCCCCN5CCC(CC5)c6c[nH]c7ccc(NC(=O)c8ccc(F)cc8)cc67)CC4)c3c2,CHEMBL500230,Ki,7.42
8931629,S=C(NN1CCC(=CC1)c2ccc3[nH]cc(CCN4CCCC4)c3c2)C5CCCCC5,CHEMBL348756,Ki,7.42
8931640,CC(C)c1cc(C)c(CC2=NCCN2)c(C)c1,CHEMBL308042,Ki,7.43
8931651,C(CN1CCN(Cc2ncc[nH]2)CC1)Cc3c[nH]c4ccc(cc34)n5cnnc5,CHEMBL164413,IC50,7.44
8931662,CNCCOc1cccc(Cl)c1Cl.OC(=O)C(=O)O,CHEMBL2260920,Ki,7.44
8931672,Clc1ccc(cc1)C(=S)NN2CCC(=CC2)c3ccc4[nH]cc(CCN5CCCC5)c4c3,CHEMBL351036,Ki,7.44
7149210,Cn1cc(nn1)c2ccc3c(c2)c(cn3c4ccc(F)cc4)C5CCN(CCN6CCNC6=O)CC5,CHEMBL328187,Ki,7.44
756714,NCCc1c[nH]c2ccccc12,CHEMBL6640,Ki,7.44
8931687,CCCCCCCCCCOc1ccc2[nH]cc(CCN)c2c1,CHEMBL111284,Ki,7.46
8931698,CN(Cc1ccsc1)C2CCN(CCCc3c[nH]c4ccc(cc34)n5cnnc5)CC2,CHEMBL146024,IC50,7.46
8931709,COc1cc(N2CC[C@H](C2)N(C)C)c3NC(=CC(=O)c3c1)C(=O)Nc4ccc(cc4)N5CCOCC5,CHEMBL376813,Ki,7.46
8931720,C[C@@H](NC1CCN(CCCc2c[nH]c3ccc(cc23)n4cnnc4)CC1)c5ccccc5,CHEMBL331970,IC50,7.46
8931731,OC[C@@H](NCC1CCN(CCCc2c[nH]c3ccc(cc23)n4cnnc4)CC1)c5ccccc5,CHEMBL146265,IC50,7.47
8931742,C(CN1CC[C@@H](COCc2ccccc2)C1)Cc3c[nH]c4ccc(cc34)n5cnnc5,CHEMBL161735,IC50,7.48
8931753,CN(C[C@@H]1CCN(CCc2c[nH]c3ccc(cc23)n4cnnc4)C1)Cc5ccccc5,CHEMBL117579,IC50,7.48
4025213,Cl.Cc1ccc(Sc2ccccc2N3CCNCC3)c(C)c1,CHEMBL2204360,Ki,7.48
8931766,CN[C@@H]1C[C@H](C1)c2c[nH]c3ccc(CC4COC(=O)N4)cc23,CHEMBL2368256,IC50,7.49
7157485,CC(C)CN1C(=O)COc2ccc(CN3CCN(CCOc4cccc5nc(C)ccc45)CC3)cc12,CHEMBL248230,Ki,7.5
583964,CCCCCCCC(=O)Nc1ccc2[nH]cc(C3CCN(C)CC3)c2n1,CHEMBL101686,Ki,7.5
7158518,CCCCN1C(=O)COc2ccc(CN3CCN(CCOc4cccc5nc(C)ccc45)CC3)cc12,CHEMBL248229,Ki,7.5
7149632,CCCN1C(=O)COc2ccc(CN3CCN(CCOc4cccc5nc(C)ccc45)CC3)cc12,CHEMBL246599,Ki,7.5
7145162,CCCN1[C@H](C)CN(C[C@@H]1C)c2cc3N(CCc3cc2OC)C(=O)c4ccc(c5cccc(C)n5)c6ccccc46,CHEMBL371655,Ki,7.5
8931787,CN1CCC2(CC1)COc3ccc(NC(=O)c4ccc(cc4)c5ccc(cc5C)c6noc(C)n6)cc23,CHEMBL15933,Ki,7.5
7155322,C[C@@H]1CN([C@@H](C)CN1)c2cccc(CC3CCN(CCOc4cccc5nc(C)ccc45)CC3)c2,CHEMBL457982,Ki,7.5
8931800,Cc1ccc(cc1)C(=S)NN2CCC(=CC2)c3ccc4[nH]cc(CCN5CCCC5)c4c3,CHEMBL162049,Ki,7.5
7147010,Cc1ccc2c(OCCN3CCC(Cc4ccc5OCC(=O)Nc5c4)CC3)c(F)ccc2n1,CHEMBL391033,Ki,7.5
7157134,Cc1ccc2c(cccc2n1)N3CCN(CCc4cccc(c4)N5CCCOC5=O)CC3,CHEMBL1631543,Ki,7.5
8931815,Fc1ccc(cc1)C(=O)Nc2ccc3[nH]cc(C4CCN(CCOCCOCCOCCN5CCC(CC5)c6c[nH]c7ccc(NC(=O)c8ccc(F)cc8)cc67)CC4)c3c2,CHEMBL501645,Ki,7.5
8931826,NCCc1c[nH]c2ccc(cc12)c3cccs3,CHEMBL355517,Ki,7.5
7158134,O=C1COc2ccc(CCN3CCN(CC3)c4cccc5cccnc45)cc2N1,CHEMBL523095,Ki,7.5
8931839,OC1(Cc2ccccc2)CCN(CCCc3c[nH]c4ccc(cc34)n5cnnc5)CC1,CHEMBL112507,IC50,7.5
1753171,CC(C)N1CCN(CC1)C2CCc3ccc(OCc4noc(n4)c5ccc(Cl)cc5)cc23,CHEMBL239596,Ki,7.51
7147479,Fc1ccc(cc1)n2cc(C3CCN(CCN4CCNC4=O)CC3)c5cc(ccc25)c6c[nH]nn6,CHEMBL97422,Ki,7.51
8931854,C(Cc1c[nH]c2ccc(cc12)n3cnnc3)N4CCCC4,CHEMBL116092,IC50,7.52
8931865,CC(=O)Nc1ccc(CNCC2(O)CCN(CCCc3c[nH]c4ccc(cc34)n5cnnc5)CC2)cc1,CHEMBL326723,IC50,7.52
8931876,CC(C)CN(C)CC1(O)CCN(CCCc2c[nH]c3ccc(cc23)n4cnnc4)CC1,CHEMBL331819,IC50,7.52
8931887,COc1cc(nc2c(cc(F)cc12)N3CCN(C)CC3)C(=O)Nc4ccc(cc4)N5CCOCC5,CHEMBL224267,Ki,7.52
2010,NCCc1c[nH]c2ccc(O)cc12,CHEMBL39,EC50,7.52
8931900,C(CN1CCC(CNCc2ccccc2)CC1)Cc3c[nH]c4ccc(cc34)n5cnnc5,CHEMBL143893,IC50,7.55
8931911,CC(CC1(F)CCN(CCCc2c[nH]c3ccc(cc23)n4cnnc4)CC1)c5ccccc5,CHEMBL67684,IC50,7.55
8931922,CCn1cc(nn1)c2ccc3c(c2)c(cn3c4ccc(F)cc4)C5CCN(CCN6CCNC6=O)CC5,CHEMBL318249,Ki,7.55
8931933,CN(CC1CCN(CCCc2c[nH]c3ccc(cc23)n4cnnc4)CC1)Cc5ccccc5,CHEMBL333341,IC50,7.55
8931944,COc1ccc(NC(=O)N2CCN(CC2)c3ccc(cc3)C(F)(F)F)cc1N4CCN(C)CC4,CHEMBL196598,Ki,7.55
8931955,C(CN1CCN(Cc2cocc2)CC1)Cc3c[nH]c4ccc(cc34)n5cnnc5,CHEMBL164111,IC50,7.57
8931966,CN(CC1CC1)CC2(O)CCN(CCCc3c[nH]c4ccc(cc34)n5cnnc5)CC2,CHEMBL115989,IC50,7.57
8931977,CN(CC1CCCCC1)CC2(O)CCN(CCCc3c[nH]c4ccc(cc34)n5cnnc5)CC2,CHEMBL111899,IC50,7.57
8931988,CCCN(CCC)[C@@H]1CCc2ccc3[nH]cc(C#N)c3c2C1,CHEMBL308347,Ki,7.59
8931999,C(CN1CCC(CNC2CCc3ccccc23)CC1)Cc4c[nH]c5ccc(cc45)n6cnnc6,CHEMBL356808,IC50,7.6
7147886,CCN1C(=O)COc2ccc(CN3CCN(CCOc4cccc5nc(C)ccc45)CC3)cc12,CHEMBL248458,Ki,7.6
7148831,CCNC(=O)Nc1cccc(CC2CCN(CCOc3cccc4nc(C)ccc34)CC2)c1,CHEMBL525362,Ki,7.6
584504,CN1CCC(CC1)c2c[nH]c3ccc(OS(=O)(=O)C)nc23,CHEMBL105556,Ki,7.6
1722936,C[C@@H]1CN(CCN1CCCc2cccc3N(C)C(=O)COc23)c4cccc5nc(C)ccc45,CHEMBL469376,EC50,7.6
8932018,Cc1ccc2c(OC3CCN(CCc4ccc5OCC(=O)Nc5c4)CC3)cccc2n1,CHEMBL485427,Ki,7.6
7148918,Cc1ccc2c(OCCN3CCN(Cc4ccc5OCC(=O)N(CCc6ccccc6)c5c4)CC3)cccc2n1,CHEMBL248407,Ki,7.6
8932031,Fc1ccc(CCC2(F)CCN(CCCc3c[nH]c4ccc(cc34)n5cnnc5)CC2)cc1,CHEMBL293614,IC50,7.6
8932042,CN(CC1CCN(CCCc2c[nH]c3ccc(cc23)n4cnnc4)CC1)Cc5ccc(NC(=O)C)cc5,CHEMBL147660,IC50,7.62
8932053,CN(CCC=C(C)C)C1CCN(CCCc2c[nH]c3ccc(cc23)n4cnnc4)CC1,CHEMBL357007,IC50,7.62
1903750,COc1ccccc1N2CCN(CCN(C(=O)C3CCCCC3)c4ccccn4)CC2,CHEMBL31354,Ki,7.62
8932066,C(CN1CCN(Cc2ccncc2)CC1)Cc3c[nH]c4ccc(cc34)n5cnnc5,CHEMBL162858,IC50,7.64
8932077,CN(C)CCc1c[nH]c2ccc(cc12)c3cccs3,CHEMBL170192,Ki,7.64
8932088,CN1CCC[C@@H]1Cc2c[nH]c3ccc(cc23)C4=CCN(CC4)S(=O)(=O)c5cccc6ccccc56,CHEMBL323666,Ki,7.64
8932099,COc1ccc(cc1C#CCN(C)C)C(=O)Nc2ccc(cc2)c3ccncc3,CHEMBL118360,Ki,7.65
8932110,C(CN1CCN(Cc2cccnc2)CC1)Cc3c[nH]c4ccc(cc34)n5cnnc5,CHEMBL422366,IC50,7.66
8932121,Fc1cccc(CCC2(F)CCN(CCCc3c[nH]c4ccc(cc34)n5cnnc5)CC2)c1,CHEMBL63799,IC50,7.66
8932132,NCCc1c[nH]c2ccc(OCCCCC3CCCCC3)cc12,CHEMBL110318,Ki,7.66
8932143,CCCCCCCCCCCOc1ccc2[nH]cc(CCN)c2c1,CHEMBL109839,Ki,7.68
7149549,C[C@H]1CN(CCN1CC[C@@H]2OCCc3cc(ccc23)C(=O)N)c4cccc5cc(ccc45)C#N,CHEMBL233210,Ki,7.68
8932156,C(Cc1c[nH]c2ccc(cc12)n3cnnc3)N4CC[C@@H](CNCc5occc5)C4,CHEMBL349041,IC50,7.7
7149610,CC(=O)Nc1cccc(CC2CCN(CCOc3cccc4nc(C)ccc34)CC2)c1,CHEMBL525712,Ki,7.7
7157463,CC(=O)Nc1cccc(CN2CCN(CCOc3cccc4nc(C)ccc34)CC2)c1,CHEMBL494806,Ki,7.7
8932171,CN(C)[C@@H]1CCc2ccc3[nH]cc(C=O)c3c2C1,CHEMBL1744040,Ki,7.7
8932182,COc1cc2CCN(C(=O)c3cccc(Cl)c3)c2cc1N4C[C@@H](C)N(C)[C@@H](C)C4,CHEMBL194610,Ki,7.7
7159713,Cc1ccc2c(OCCN3CCC(Cc4cc5NC(=O)COc5cc4F)CC3)cccc2n1,CHEMBL239168,Ki,7.7
7154586,Cc1ccc2c(OCCN3CCC(Cc4cccc(c4)N5CCCC5=O)CC3)cccc2n1,CHEMBL495895,Ki,7.7
7148007,Cn1cnnc1c2ccc3c(c2)c(cn3c4ccc(F)cc4)C5CCN(CCN6CCNC6=O)CC5,CHEMBL327662,Ki,7.7
7146865,Cn1nnnc1c2ccc3c(c2)c(cn3c4ccc(F)cc4)C5CCN(CCN6CCNC6=O)CC5,CHEMBL330603,Ki,7.7
8932201,Fc1ccc(CN2CCN(CCCc3c[nH]c4ccc(cc34)n5cnnc5)CC2)cc1,CHEMBL161723,IC50,7.7
8932213,C(CN1CCC(Cc2ccccc2)CC1)Cc3c[nH]c4ccc(cc34)n5cnnc5,CHEMBL294547,IC50,7.72
8932224,CC1(C)CCCN(CC2(O)CCN(CCCc3c[nH]c4ccc(cc34)n5cnnc5)CC2)C1,CHEMBL116161,IC50,7.72
8932235,COc1ccc(cc1\C=C/CN(C)C)C(=O)Nc2ccc(cc2)c3ccncc3,CHEMBL2111779,Ki,7.72
8932245,COc1ccc(cc1\C=C\CN(C)C)C(=O)Nc2ccc(cc2)c3ccncc3,CHEMBL119800,Ki,7.73
8932256,COc1ccc(NC(=O)N2CCN(CC2)c3ccccc3F)cc1N4CCN(C)CC4,CHEMBL196169,Ki,7.74
8932267,N[C@@H]1C[C@H](C1)c2c[nH]c3ccc(CC4COC(=O)N4)cc23,CHEMBL2110299,IC50,7.74
8932278,C(CN1CCN(Cc2ccccn2)CC1)Cc3c[nH]c4ccc(cc34)n5cnnc5,CHEMBL163573,IC50,7.75
8932289,C(CN1CCN(Cc2occc2)CC1)Cc3c[nH]c4ccc(cc34)n5cnnc5,CHEMBL162805,IC50,7.75
8932300,CN(CC1CCN(CCCc2c[nH]c3ccc(cc23)n4cnnc4)CC1)S(=O)(=O)c5ccccc5,CHEMBL145982,IC50,7.75
8932311,COc1ccc(NC(=O)N2CCN(CC2)c3ccccc3)cc1N4CCN(C)CC4.OC(=O)\C=C\C(=O)O,CHEMBL325131,Ki,7.75
8932321,Fc1ccc(cc1)C(=O)Nc2ccc3[nH]cc(C4CCN(CCOCCOCCN5CCC(CC5)c6c[nH]c7ccc(NC(=O)c8ccc(F)cc8)cc67)CC4)c3c2,CHEMBL448555,Ki,7.75
8932332,S=C1CN(CCCc2c[nH]c3ccc(cc23)n4cnnc4)CCN1Cc5ccccc5,CHEMBL352159,IC50,7.75
8932343,CN(C)CCc1c[nH]c2ccc(cc12)c3ccsc3,CHEMBL171129,Ki,7.77
8932354,CN1CCC[C@@H]1Cc2c[nH]c3ccc(cc23)C4=CCN(CC4)S(=O)(=O)c5ccc(C)cc5,CHEMBL116876,Ki,7.77
8932365,CNCC(N1CCN(CCCc2c[nH]c3ccc(cc23)n4cnnc4)CC1)c5ccccc5,CHEMBL348962,IC50,7.77
8932376,COc1ccc(NC(=O)N2CCN(CC2)c3ccc(SC)cc3)cc1N4CCN(C)CC4,CHEMBL197796,Ki,7.78
7149621,CCC(=O)Nc1cccc(CC2CCN(CCOc3cccc4nc(C)ccc34)CC2)c1,CHEMBL498354,Ki,7.8
8932389,CN1CCC(CC1)c2c[nH]c3ccc(NC(=O)CC(=O)Nc4ccc5[nH]cc(C6CCN(C)CC6)c5c4)cc23,CHEMBL489453,Ki,7.8
7152962,CN1CCN(CC1)c2nccc3cc4CCN(C(=O)c5ccccc5C(F)(F)F)c4cc23,CHEMBL194701,Ki,7.8
7154540,CN1CCN(CC1)c2nccc3cc4CCN(C(=O)c5oc(C)nc5C)c4cc23,CHEMBL197169,Ki,7.8
8932404,COc1cc2CCN(C(=O)Cc3cccc(c3)[N+](=O)[O-])c2cc1N4C[C@@H](C)N(C)[C@@H](C)C4,CHEMBL2113098,Ki,7.8
7155812,C[C@H]1CN(CCN1)c2cccc(CC3CCN(CCOc4cccc5nc(C)ccc45)CC3)c2,CHEMBL518545,Ki,7.8
1746521,Cc1ccc2c(cccc2n1)N3CCN(CCCc4cccc5NC(=O)COc45)CC3,CHEMBL470849,EC50,7.8
8932419,Fc1ccccc1CCC2(F)CCN(CCCc3c[nH]c4ccc(cc34)n5cnnc5)CC2,CHEMBL67460,IC50,7.8
8932430,CN1CCC[C@@H]1Cc2c[nH]c3ccc(cc23)C(C)(C)C,CHEMBL49826,Ki,7.81
8932441,C(CN1CCCCC1)Cc2c[nH]c3ccc(cc23)n4cnnc4,CHEMBL331612,IC50,7.82
8932452,CN(C[C@@H]1CCCN1CCc2c[nH]c3ccc(cc23)n4cnnc4)Cc5ccccc5,CHEMBL159683,IC50,7.82
584075,CN1CCC[C@@H]1Cc2c[nH]c3ccc(NS(=O)(=O)c4ccccc4Cl)cc23,CHEMBL606547,Ki,7.82
8932466,FC1(Cc2ccccc2)CCN(CCCc3c[nH]c4ccc(cc34)n5cnnc5)CC1,CHEMBL294732,IC50,7.82
7151336,NC(=O)c1ccc2[C@H](CCN3CCN(CC3)c4cccc5cc(ccc45)C#N)OCCc2c1,CHEMBL391273,Ki,7.82
8932479,CNS(=O)(=O)Cc1ccc2[nH]cc(C[C@H]3CCCN3C)c2c1,CHEMBL159332,IC50,7.84
8932490,CC(C)CCCCCCOc1ccc2[nH]cc(CCN)c2c1,CHEMBL111283,Ki,7.85
8932501,CC(C)c1ccc2[nH]cc(CCN(C)C)c2c1,CHEMBL300519,Ki,7.85
8932512,CCCN(CCCc1ccccc1)[C@@H]2CCc3ccc4[nH]cc(C=O)c4c3C2,CHEMBL1788197,Ki,7.85
8932523,CN(C)CCCc1cc(ccc1O)C(=O)Nc2ccc(cc2)c3ccncc3,CHEMBL119264,Ki,7.85
8932534,CN1CCC[C@@H]1Cc2c[nH]c3ccc(cc23)C4=CCN(CC4)C(=O)NC5CCCCC5,CHEMBL323603,Ki,7.85
584650,CNC(=O)Nc1ccc2[nH]cc(C3CCN(C)CC3)c2n1,CHEMBL323264,Ki,7.85
8932547,COc1ccc(cc1)S(=O)(=O)N2CCC(=CC2)c3ccc4[nH]cc(C[C@H]5CCCN5C)c4c3,CHEMBL115941,Ki,7.85
8932558,C[C@@H](NCC1CCN(CCCc2c[nH]c3ccc(cc23)n4cnnc4)CC1)c5ccccc5,CHEMBL343648,IC50,7.85
4123515,Cc1cc(cc(C)c1CC2=NCCN2)C(C)(C)C,xylometazoline,Ki,7.85
8932571,FC(F)(F)c1ccccc1CC2(F)CCN(CCCc3c[nH]c4ccc(cc34)n5cnnc5)CC2,CHEMBL63167,IC50,7.85
7152022,Fc1ccc(cc1)n2cc(C3CCN(CCN4CCNC4=O)CC3)c5cc(ccc25)c6cccnc6,CHEMBL94612,Ki,7.85
7150785,NCCc1c[nH]c2ccc(OS(=O)(=O)C(F)(F)F)cc12,CHEMBL143512,Ki,7.85
761368,COc1ccc(NC(=O)N2CCN(CC2)c3ccc(cc3)c4ccccc4)cc1N5CCN(C)CC5,CHEMBL197408,Ki,7.86
8932588,C(CN1CCN(CC1)c2ccccc2)Cc3c[nH]c4ccc(cc34)n5cnnc5,CHEMBL162463,IC50,7.89
8932599,CC(N1CCN(CCCc2c[nH]c3ccc(cc23)n4cnnc4)CC1)c5ccccc5,CHEMBL351346,IC50,7.89
8932610,CN(C)C[C@H](NC1CCN(CCCc2c[nH]c3ccc(cc23)n4cnnc4)CC1)c5ccccc5,CHEMBL147818,IC50,7.89
8932621,CN(Cc1ccccc1)[C@H]2CCN(CCCc3c[nH]c4ccc(cc34)n5cnnc5)C[C@@H]2F,CHEMBL2114040,IC50,7.89
2764330,CN1CCC(CC1)c2cn(c3ccc(F)cc3)c4ccc(cc24)c5cncnc5,CHEMBL1259203,Ki,7.89
8932634,CN1CCC[C@@H]1Cc2c[nH]c3ccc(cc23)C4=CCN(CC4)\C(=N\C5CCCCC5)\S,CHEMBL113868,Ki,7.89
8932645,CCOc1ccc(CC(=O)N2CCc3cc(OC)c(cc23)N4C[C@@H](C)N(C)[C@@H](C)C4)cc1Cl,CHEMBL250973,Ki,7.9
7157559,CN(C(=O)C)c1cccc(CCN2CCN(CC2)c3cccc4nc(C)ccc34)c1,CHEMBL1631539,Ki,7.9
7152148,CN(c1cccc(CC2CCN(CCOc3cccc4nc(C)ccc34)CC2)c1)S(=O)(=O)C,CHEMBL495046,Ki,7.9
8932660,CN1CCN(CC1)c2cc(NC(=O)c3ccc(Br)c(C)c3)ccc2C,CHEMBL20771,Ki,7.9
8932671,COc1cc2CCN(C(=O)c3cccc(Cl)c3Cl)c2cc1N4C[C@@H](C)N(C)[C@@H](C)C4,CHEMBL370896,Ki,7.9
7153745,Cc1ccc2c(OCCN3CCC(Cc4cccc(c4)N5CCCS5(=O)=O)CC3)cccc2n1,CHEMBL522708,Ki,7.9
7155359,Cc1ccc2c(OCCN3CCC(Cc4cccc(c4)c5cccnc5)CC3)cccc2n1,CHEMBL516997,Ki,7.9
2022,Oc1ccc2[nH]cc(C3CCN(CCCCCNC(=O)\C=C\c4ccc(Cl)c(Cl)c4)CC3)c2c1,CHEMBL432713,Ki,7.9
8932688,COc1cc2CC[C@@H](Oc2c(c1)N3CCN(C)CC3)C(=O)Nc4ccc(cc4)N5CCOCC5,CHEMBL602875,Ki,7.91
8932699,COc1ccccc1N2CCN(CC2)C(=O)Nc3ccc(OC)c(c3)N4CCN(C)CC4,CHEMBL196370,Ki,7.91
8932710,C(Cc1c[nH]c2ccc(cc12)n3cnnc3)N4CC[C@@H](CNCc5cocc5)C4,CHEMBL349185,IC50,7.92
8932721,Cc1cc(cc(C)c1NC2=NCCN2)C(C)(C)C,CHEMBL366322,Ki,7.92
8932732,COc1ccc(NC(=O)N2CCN(CC2)c3ccccc3Cl)cc1N4CCN(C)CC4,CHEMBL370128,Ki,7.95
8932744,C(CN1CCN(Cc2ccccc2)CC1)Cc3c[nH]c4ccc(cc34)n5cnnc5,CHEMBL65367,IC50,7.96
8932755,CC(=O)N(C[C@@H]1CCN(CCc2c[nH]c3ccc(cc23)n4cnnc4)C1)Cc5ccccc5,CHEMBL423599,IC50,7.96
8932765,CCCN(CCCc1ccccc1)C2CCc3ccc4[nH]cc(C=O)c4c3C2,CHEMBL70680,Ki,7.96
8932776,CCCN(CCCc1ccccc1OC)C2CCc3ccc4[nH]cc(C=O)c4c3C2,CHEMBL305837,Ki,7.96
584549,CN(C)CCc1cccc2c1ccn2S(=O)(=O)c3ccccc3,CHEMBL92139,Ki,7.96
8932789,CN1CCC[C@@H]1Cc2c[nH]c3ccc(cc23)C4=CCN(CC4)C(=O)NC56C[C@@H]7C[C@@H](C[C@@H](C7)C5)C6,CHEMBL332484,Ki,7.96
8932800,CN1CCN(CC1)c2cc(OCC(=O)N3CCN(CC3)c4ccccc4C)ccc2Cl.OC(=O)\C=C\C(=O)O,CHEMBL106807,Ki,7.96
7156272,Cn1ccnc1c2ccc3c(c2)c(cn3c4ccc(F)cc4)C5CCN(CCN6CCNC6=O)CC5,CHEMBL318735,Ki,7.96
2757681,C1CN(CCN1)c2cccc3ccccc23,CHEMBL277120,Ki,7.98
8932814,CC(C)c1ccc2[nH]cc(C[C@H]3CCCN3C)c2c1,CHEMBL44054,Ki,7.98
706402,CC1=C(CCN2CCC(CC2)c3noc4cc(F)ccc34)C(=O)N5CCCCC5=N1,risperidone,Ki,8.0
8932828,CN(C1CCN(CCCc2c[nH]c3ccc(cc23)n4cnnc4)CC1)S(=O)(=O)c5ccccc5,CHEMBL357634,IC50,8.0
8932841,CN1CCC2(CC1)COc3cc4CCN(C(=O)c5ccc(cc5)c6ccc(cc6C)c7noc(C)n7)c4cc23,CHEMBL281350,Ki,8.0
8932851,COC[C@@H]1CCCN1CCc2c[nH]c3ccc(cc23)c4cccs4,CHEMBL369798,Ki,8.0
8932862,COc1ccc(NC(=O)N2CCN(CC2)c3c(C)cccc3C)cc1N4CCN(C)CC4.OC(=O)\C=C\C(=O)O,CHEMBL111302,EC50,8.0
7157066,Cc1ccc2c(OCCN3CCC(Cc4ccc5OCC(=O)Nc5c4)CC3)cccc2n1,CHEMBL183460,Ki,8.0
8932874,NC1CCc2[nH]c3ccc(cc3c2C1)C(=O)N,CHEMBL111316,Ki,8.0
7151433,COc1ccccc1N2CCC(CC2)C(=O)Nc3ccc(OC)c(c3)N4CCN(C)CC4,CHEMBL195927,Ki,8.01
8932887,N[C@@H]1C[C@H](C1)c2c[nH]c3ccc(Oc4ccccc4)cc23,CHEMBL2368254,IC50,8.02
8932898,OCC(N1CCN(CCCc2c[nH]c3ccc(cc23)n4cnnc4)CC1)c5ccccc5,CHEMBL163386,IC50,8.02
8932909,CN1CCN(CC1)c2cc(F)cc3C(=O)C=C(Nc23)C(=O)Nc4ccc(cc4)N5CCOCC5,CHEMBL225363,Ki,8.03
8932920,C[C@H](NCC1CCN(CCCc2c[nH]c3ccc(cc23)n4cnnc4)CC1)c5ccc(NC(=O)C)cc5,CHEMBL146483,IC50,8.03
8932931,Cc1ccc(c2NC(=CC(=O)c12)C(=O)Nc3ccc(cc3)N4CCOCC4)c5c(C)n[nH]c5C,CHEMBL601012,Ki,8.03
584042,Ic1ccccc1CS(=O)(=O)Nc2ccc3[nH]cc(C[C@H]4CCCN4)c3c2,CHEMBL2113386,Ki,8.03
8932944,CC(=O)Nc1ccc(CNCC2CCN(CCCc3c[nH]c4ccc(cc34)n5cnnc5)CC2)cc1,CHEMBL147940,IC50,8.05
8932955,C[C@@H](NCC1CCN(CCCc2c[nH]c3ccc(cc23)n4cnnc4)CC1)c5ccc(NC(=O)C)cc5,CHEMBL146338,IC50,8.05
8932966,COc1ccc(cc1)N2CCN(CC2)C(=O)Nc3ccc(OC)c(c3)N4CCN(C)CC4.OC(=O)\C=C\C(=O)O,CHEMBL108645,Ki,8.08
7148844,CCc1c(cnn1c2ccc(cc2)C#N)C(=O)N3CCc4cc5ccnc(N6C[C@@H](C)N[C@@H](C)C6)c5cc34,CHEMBL199144,Ki,8.1
7152940,CN1C(=O)COc2ccc(CN3CCN(CCOc4cccc5nc(C)ccc45)CC3)cc12,CHEMBL399719,Ki,8.1
7156996,CN1CCCN(CC1)c2cccc(CC3CCN(CCOc4cccc5nc(C)ccc45)CC3)c2,CHEMBL514429,Ki,8.1
7152951,CN1CCN(CC1)c2cc3N(CCc3cc2Cl)C(=O)Nc4ccc(c5ccncc5)c6ccccc46,CHEMBL191971,Ki,8.1
8932984,COc1cc2CCN(C(=O)Cc3cccc(c3)[N+](=O)[O-])c2cc1N4CCN(C)CC4,CHEMBL2113097,Ki,8.1
8932995,COc1cc2CCN(C(=O)Nc3cccc(Cl)c3Cl)c2cc1N4C[C@@H](C)N(C)[C@@H](C)C4,CHEMBL435936,Ki,8.1
8933006,COc1cc2CCN(C(=O)Nc3cccc(Cl)c3F)c2cc1N4C[C@@H](C)N(C)[C@@H](C)C4,CHEMBL381035,Ki,8.1
8933017,COc1cc2CCN(C(=O)c3ccc(cc3)c4cc(C)ncc4C)c2cc1N5C[C@@H](C)N[C@@H](C)C5,CHEMBL193616,Ki,8.1
7145233,COc1cccc(c1)N2CCN(CC2)C(=O)Nc3ccc(OC)c(c3)N4CCN(C)CC4.OC(=O)\C=C\C(=O)O,CHEMBL108722,Ki,8.1
7158055,C[C@@H]1CN(CCN1CCc2ccc3OCC(=O)Nc3c2)c4cccc5nc(C)ccc45,CHEMBL521873,Ki,8.1
7153756,Cc1ccc2c(OCCN3CCC(Cc4cccc(c4)c5ccncc5)CC3)cccc2n1,CHEMBL462916,Ki,8.1
7151295,Cc1ccc2c(cccc2n1)N3CCN(CCc4cccc(N)c4)CC3,CHEMBL1631534,Ki,8.1
7150333,CCc1ccc2[nH]cc(CCN)c2c1,CHEMBL107511,Ki,8.11
8933037,C(CN1CCOCC1)Cc2c[nH]c3ccc(cc23)n4cnnc4,CHEMBL162930,IC50,8.13
7158416,CC(=O)c1ccc2[nH]cc(CCN)c2c1,CHEMBL110317,Ki,8.13
755418,COc1ccccc1N2CCN(CCCCCC(=O)NCc3ccccc3c4ccccc4Cl)CC2,CHEMBL3326993,Ki,8.16
7154281,CCCN(CCC)C1CCc2cccc(OCCCCCCOc3cccc4CCC(Cc34)N(CCC)CCC)c2C1,CHEMBL29951,Ki,8.19
7152712,Cn1ncnc1c2ccc3c(c2)c(cn3c4ccc(F)cc4)C5CCN(CCN6CCNC6=O)CC5,CHEMBL98299,Ki,8.19
583840,NCCc1cccc2c1ccn2S(=O)(=O)c3ccccc3,CHEMBL125745,Ki,8.19
7151229,CN(C)CC(=O)Nc1cccc(CC2CCN(CCOc3cccc4nc(C)ccc34)CC2)c1,CHEMBL496098,Ki,8.2
1731595,CN1C(=O)COc2cc(CCN3CCN(CC3)c4cccc5nc(C)ccc45)ccc12,CHEMBL472289,EC50,8.2
7154518,CN1C(=O)COc2ccc(CC3CCN(CCOc4cccc5nc(C)ccc45)CC3)cc12,CHEMBL246597,Ki,8.2
7158939,CN1CCN(CC1)c2cccc(CC3CCN(CCOc4cccc5nc(C)ccc45)CC3)c2,CHEMBL458199,Ki,8.2
8933066,COc1ccc(NC(=O)c2ccc(Br)c(C)c2)cc1N3CCN(C)CC3,CHEMBL277467,Ki,8.2
7154575,Cc1ccc2c(OCCN3CCC(Cc4cccc(c4)C5CCNCC5)CC3)cccc2n1,CHEMBL459067,Ki,8.2
7159474,Cc1ccc2c(cccc2n1)N3CCN(CCCCc4ccc5OCC(=O)Nc5c4)CC3,CHEMBL483365,Ki,8.2
8933083,CN(CC1CCN(CCCc2c[nH]c3ccc(cc23)n4cnnc4)CC1)C(=O)Nc5ccccc5,CHEMBL147148,IC50,8.21
7154833,Cn1nccc1c2ccc3c(c2)c(cn3c4ccc(F)cc4)C5CCN(CCN6CCNC6=O)CC5,CHEMBL328048,Ki,8.23
8933096,CN1CCC[C@@H]1Cc2c[nH]c3ccc(cc23)C4=CCN(CC4)\C(=N\c5ccccc5)\S,CHEMBL334259,Ki,8.24
7151514,CCc1ccc2[nH]cc(CCN(C)C)c2c1,CHEMBL50492,Ki,8.26
8933109,Fc1cccc(CC2(F)CCN(CCCc3c[nH]c4ccc(cc34)n5cnnc5)CC2)c1,CHEMBL65765,IC50,8.28
7156390,CN1CCC(CC1)c2cccc(CC3CCN(CCOc4cccc5nc(C)ccc45)CC3)c2,CHEMBL459282,Ki,8.3
7154529,CN1CCN(CC1)c2nccc3cc4CCN(C(=O)c5cnn(C)c5C(F)(F)F)c4cc23,CHEMBL196140,Ki,8.3
8933124,COc1cc2CCN(C(=O)c3ccc(cc3)c4ccc(cc4C)c5ncccn5)c2cc1N6C[C@@H](C)N[C@@H](C)C6,CHEMBL364056,Ki,8.3
8933135,COc1cc2CCN(C(=O)c3ccc(cc3)c4ccc(cc4C)c5noc(C)n5)c2cc1N6C[C@@H](C)N(C)[C@@H](C)C6,CHEMBL274256,Ki,8.3
8933146,COc1cc2CCN(C(=O)c3ccc(cc3)c4ccc(nc4C)N5CCCC5=O)c2cc1N6C[C@@H](C)N[C@@H](C)C6,CHEMBL425919,Ki,8.3
7158601,Cc1ccc2c(cccc2n1)N3CCN(CCc4cccc(NC(=O)c5ccc(F)cc5)c4)CC3,CHEMBL1632213,Ki,8.3
8933159,CN1CCC[C@@H]1Cc2c[nH]c3ccc(cc23)C4=CCN(CC4)C(=O)Nc5ccccc5,CHEMBL325175,Ki,8.32
7143962,CCCOc1ccc2[nH]cc(CCN)c2c1,CHEMBL109526,Ki,8.34
8933172,C(Cc1c[nH]c2ccc(cc12)n3cnnc3)N4CCC4,CHEMBL161045,IC50,8.36
584639,CN1CCC[C@@H]1Cc2c[nH]c3ccc(NS(=O)(=O)c4cccc(Cl)c4)cc23,CHEMBL606556,Ki,8.37
7145211,COc1ccc(NC(=O)c2ccc(cc2)c3ccc(cc3C)c4noc(C)n4)cc1N5CCN(C)CC5,CHEMBL15928,Ki,8.37
8933187,COc1ccc(NC(=O)N2CCC(=CC2)c3ccc4[nH]cc(C[C@H]5CCCN5C)c4c3)cc1,CHEMBL431866,Ki,8.38
7148542,Fc1ccc(cc1)n2cc(C3CCN(CCN4CCNC4=O)CC3)c5cc(ccc25)c6cncnc6,CHEMBL97650,Ki,8.38
7156355,CCN1C(=O)COc2ccc(CC3CCN(CCOc4cccc5nc(C)ccc45)CC3)cc12,CHEMBL246598,Ki,8.4
8933202,CCN1[C@H](C)CN(C[C@@H]1C)c2cc3N(CCc3cc2OC)C(=O)c4ccc(c5cccc(C)n5)c6ccccc46,CHEMBL434355,Ki,8.4
7154507,CCc1c(cnn1c2ccc(cc2)C#N)C(=O)N3CCc4cc5ccnc(N6CCN(CC6)C(C)C)c5cc34,CHEMBL198488,Ki,8.4
7146920,COc1cc2CCN(C(=O)Nc3cccc(Cl)c3Cl)c2cc1N4CCN(C)CC4,CHEMBL195432,Ki,8.4
8933217,COc1cc2CCN(C(=O)Nc3cccc(c3F)C(F)(F)F)c2cc1N4C[C@@H](C)N(C)[C@@H](C)C4,CHEMBL424837,Ki,8.4
7156412,COc1ccc(cc1)C(=O)Nc2cccc(CCN3CCN(CC3)c4cccc5nc(C)ccc45)c2,CHEMBL1632216,Ki,8.4
7157018,COc1ccccc1C(=O)Nc2cccc(CCN3CCN(CC3)c4cccc5nc(C)ccc45)c2,CHEMBL1632214,Ki,8.4
7157684,C[C@@H]1CN(C[C@H](C)N1)c2cccc(CC3CCN(CCOc4cccc5nc(C)ccc45)CC3)c2,CHEMBL461670,Ki,8.4
7153767,Cc1ccc2c(cccc2n1)N3CCN(CCc4cccc(NC(=O)NC(C)(C)C)c4)CC3,CHEMBL1632222,Ki,8.4
7155867,Cc1ccc2c(cccc2n1)N3CCN(CCc4cccc(NC(=O)Nc5cccc(F)c5)c4)CC3,CHEMBL1631536,Ki,8.4
8933238,CN1CCC[C@@H]1Cc2c[nH]c3ccc(cc23)C4=CCN(CC4)C(=O)Nc5ccc(Cl)cc5,CHEMBL114780,Ki,8.42
8933249,CN1CCC[C@@H]1Cc2c[nH]c3ccc(cc23)C4=CCN(CC4)C(=O)Nc5cccc6ccccc56,CHEMBL113893,Ki,8.42
8933260,COc1cc(N2CCN(C)CC2)c3NC(=CC(=O)c3c1)C(=O)Nc4ccc(cc4)N5CCOCC5,CHEMBL224399,Ki,8.46
671958,COc1ccc2[nH]cc(CCN)c2c1,CHEMBL8165,Ki,8.46
8933273,C(CN1CCC(CNc2ccccn2)CC1)Cc3c[nH]c4ccc(cc34)n5cnnc5,CHEMBL358072,IC50,8.48
759531,CC(C)C[C@@H]1N2C(=O)[C@](C)(NC(=O)[C@H]3CN(C)[C@@H]4Cc5c[nH]c6cccc(C4=C3)c56)O[C@@]2(O)[C@H](Cc7ccccc7)NC1=O,CHEMBL2112882,Ki,8.5
584229,CN1CCC(CC1)c2c[nH]c3ccc(NC(=O)Nc4ccc(F)cc4)nc23,CHEMBL105369,Ki,8.5
8933290,CN1CCC[C@@H]1Cc2c[nH]c3ccc(cc23)C4=CCN(CC4)\C(=N\c5cccc6ccccc56)\S,CHEMBL117397,Ki,8.5
8933301,COc1cc2CCN(C(=O)Cc3cccc(F)c3C(F)(F)F)c2cc1N4C[C@@H](C)N(C)[C@@H](C)C4,CHEMBL195651,Ki,8.5
8933312,COc1cc2CCN(C(=O)c3ccc(c4cccc(C)n4)c5ccccc35)c2cc1N6C[C@@H](C)N(C)[C@@H](C)C6,CHEMBL195497,Ki,8.5
8933323,COc1cc2CCN(C(=O)c3ccc(cc3)c4ccc(cc4C)C(=O)C)c2cc1N5C[C@@H](C)N[C@@H](C)C5,CHEMBL196951,Ki,8.5
8933334,COc1cc2CCN(C(=O)c3ccc(cc3)c4ccc(cc4C)c5noc(C)n5)c2cc1N6C[C@@H](C)N[C@@H](C)C6,CHEMBL196666,Ki,8.5
8933345,COc1ccc(NC(=O)c2ccc(cc2)c3ccc(cc3C)c4noc(C)n4)cc1CCCN(C)C,CHEMBL21790,Ki,8.5
7157123,Cc1ccc2c(cccc2n1)N3CCN(CCc4cccc(NC(=O)Nc5ccc(F)cc5)c4)CC3,CHEMBL1631537,Ki,8.5
1749647,Cc1ccc2c(cccc2n1)N3CCN(CCc4cccc(NC(=O)Nc5ccccc5)c4)CC3,CHEMBL1632223,Ki,8.5
7159485,Cc1ccc2c(cccc2n1)N3CCN(CCc4cccc(NC(=O)c5cccc(F)c5)c4)CC3,CHEMBL1632212,Ki,8.5
7158980,Cc1ccc2c(cccc2n1)N3CCN(CCc4cccc(NC(=O)c5ccccc5F)c4)CC3,CHEMBL1632211,Ki,8.5
1749658,Cc1ccc2c(cccc2n1)N3CCN(CCc4cccc(NC(=O)c5csc(C)n5)c4)CC3,CHEMBL1632218,Ki,8.5
7159882,Cc1ccc2c(cccc2n1)N3CCN(CCc4cccc(c4)N5CCNC5=O)CC3,CHEMBL1631540,Ki,8.5
708046,CN1C[C@@H](C=C2[C@H]1Cc3c[nH]c4cccc2c34)C(=O)N[C@]5(C)O[C@@]6(O)[C@@H]7CCCN7C(=O)[C@H](Cc8ccccc8)N6C5=O,ergotamine,Ki,8.51
8933370,Fc1ccccc1CC2(F)CCN(CCCc3c[nH]c4ccc(cc34)n5cnnc5)CC2,CHEMBL65824,IC50,8.51
7147200,CCCCCCCCOc1ccc2[nH]cc(CCN)c2c1,CHEMBL326667,Ki,8.52
8933383,CN1CCC[C@@H]1Cc2c[nH]c3ccc(cc23)C4=CCN(CC4)C(=O)Nc5ccc(C)cc5,CHEMBL114571,Ki,8.52
7150774,Cn1nncc1c2ccc3c(c2)c(cn3c4ccc(F)cc4)C5CCN(CCN6CCNC6=O)CC5,CHEMBL97184,Ki,8.55
8933396,C(Cc1c[nH]c2ccc(cc12)n3cnnc3)N4CCC[C@H]4COCc5ccccc5,CHEMBL348304,IC50,8.57
7155766,CN1CCN(CC1)c2cccc3ccc(OCC(=O)N4CCN(CC4)C(=O)COc5ccc6cccc(N7CCN(C)CC7)c6c5)cc23,CHEMBL285402,Ki,8.59
7158564,CCc1c(cnn1c2ccc(cc2)C#N)C(=O)N3CCc4cc5ccnc(N6CCNCC6)c5cc34,CHEMBL372651,Ki,8.6
8933411,CN(C)CCN1CCOc2ccc(NC(=O)c3ccc(cc3)c4ccc(cc4C)c5noc(C)n5)cc12,CHEMBL20791,Ki,8.6
8933422,COc1cc2CCN(C(=O)Nc3cccc(c3Cl)C(F)(F)F)c2cc1N4C[C@@H](C)N(C)[C@@H](C)C4,CHEMBL370214,Ki,8.6
8933433,COc1cc2CCN(C(=O)Oc3cccc(c3Cl)C(F)(F)F)c2cc1N4C[C@@H](C)N(C)[C@@H](C)C4,CHEMBL372731,Ki,8.6
8933444,COc1cc2CCN(C(=O)Oc3cccc(c3F)C(F)(F)F)c2cc1N4C[C@@H](C)N(C)[C@@H](C)C4,CHEMBL197505,Ki,8.6
8933455,COc1ccc(NC(=O)c2ccc(cc2)c3ccc(cc3C)c4noc(C)n4)cc1NCCN(C)C,CHEMBL282693,Ki,8.6
7157088,Cc1ccc2c(OCCN3CCC(Cc4ccc5OCC(=O)Nc5c4F)CC3)cccc2n1,CHEMBL241503,Ki,8.6
7157101,Cc1ccc2c(cc(F)cc2n1)N3CCN(CCc4ccc5OCC(=O)Nc5c4)CC3,CHEMBL485491,Ki,8.6
1753973,Cc1ccc2c(cccc2n1)N3CCN(CCc4cccc(NC(=O)c5ccccc5)c4)CC3,CHEMBL1632210,Ki,8.6
8933472,CC(=O)Nc1cccc(CN2CCN(CCCc3c[nH]c4ccc(cc34)n5cnnc5)CC2)c1,CHEMBL161176,IC50,8.62
8933483,COc1ccc(NC(=S)N2CCC(=CC2)c3ccc4[nH]cc(C[C@H]5CCCN5C)c4c3)cc1,CHEMBL113994,Ki,8.62
8933494,CC(C)(C)CCCCCCOc1ccc2[nH]cc(CCN)c2c1,CHEMBL111150,Ki,8.64
8933505,COc1ccc(NC(=O)N2CCN(CC2)c3ccccc3C)cc1N4CCN(C)CC4.OC(=O)\C=C\C(=O)O,CHEMBL105970,Ki,8.64
7151719,CN1CCN(CC1)c2cccc3ccc(OCCOc4ccc5cccc(N6CCN(C)CC6)c5c4)cc23,CHEMBL30831,Ki,8.68
7146112,CC(C)(C)CCCCCCCOc1ccc2[nH]cc(CCN)c2c1,CHEMBL107617,Ki,8.7
7159182,CC1CN(CCc2ccc3OCC(=O)Nc3c2)CCN1c4cccc5nc(C)ccc45,CHEMBL495705,Ki,8.7
7155220,CCCNC(=O)Nc1cccc(CCN2CCN(CC2)c3cccc4nc(C)ccc34)c1,CHEMBL1632221,Ki,8.7
7158022,CCCS(=O)(=O)Nc1cccc(CCN2CCN(CC2)c3cccc4nc(C)ccc34)c1,CHEMBL1631548,Ki,8.7
7158553,CCc1c(cnn1c2ccc(cc2)C#N)C(=O)N3CCc4cc5ccnc(N6CCN7CCC[C@H]7C6)c5cc34,CHEMBL382078,Ki,8.7
7155255,CN1CCN(CC1)c2nccc3cc4CCN(C(=O)c5cc(C)oc5C(F)(F)F)c4cc23,CHEMBL199175,Ki,8.7
8933529,COc1cc2CCN(C(=O)Cc3cccc(Cl)c3F)c2cc1N4C[C@@H](C)N(C)[C@@H](C)C4,CHEMBL195898,Ki,8.7
7152159,COc1cc2CCN(C(=O)c3ccc(c4cccc(C)n4)c5ccccc35)c2cc1N6CCN(C)CC6,CHEMBL195114,Ki,8.7
7156807,COc1ccc2ccc(cc2c1)N3CCNCC3,CHEMBL129661,Ki,8.7
8933544,COc1ccccc1N2CCN(CC2)C(=O)Nc3ccc(OC)c(c3)N4CCN(C)CC4.OC(=O)\C=C\C(=O)O,CHEMBL430500,Ki,8.7
7157031,C[C@@H]1CN(CCN1)c2cccc(CC3CCN(CCOc4cccc5nc(C)ccc45)CC3)c2,CHEMBL517170,Ki,8.7
1927410,Cc1ccc2c(OCCN3CCC(Cc4cccc(NS(=O)(=O)C)c4)CC3)cccc2n1,CHEMBL497963,Ki,8.7
7155834,Cc1ccc2c(OCCN3CCC(Cc4cccc(c4)N5CCCCC5)CC3)cccc2n1,CHEMBL459061,Ki,8.7
7154597,Cc1ccc2c(cccc2n1)N3CCN(CCc4cccc(NC(=O)C(C)(C)C)c4)CC3,CHEMBL1632209,Ki,8.7
7159871,Cc1ccc2c(cccc2n1)N3CCN(CCc4cccc(NC(=O)c5scnc5C)c4)CC3,CHEMBL1632219,Ki,8.7
1736720,Cc1ccc2c(cccc2n1)N3CCN(CCc4cccc(c4)N5CCOC5=O)CC3,CHEMBL1631542,Ki,8.7
7154693,CNCCc1c[nH]c2ccc(cc12)C(C)(C)C,CHEMBL357034,Ki,8.72
8933568,COc1ccc(NC(=O)N2CCN(CC2)c3ccc(C)cc3C)cc1N4CCN(C)CC4.OC(=O)\C=C\C(=O)O,CHEMBL323986,EC50,8.72
7146774,COc1ccc(NC(=O)N2CCN(CC2)c3ccc(Cl)cc3)cc1N4CCN(C)CC4,CHEMBL372453,Ki,8.74
8933580,CCC(=O)N1CCN(CC1)c2ccc(NC(=O)C3=CC(=O)c4cc(F)cc(N5CCN(C)CC5)c4O3)cc2,CHEMBL602674,Ki,8.76
7157474,CC(C)C(=O)Nc1cccc(CCN2CCN(CC2)c3cccc4nc(C)ccc34)c1,CHEMBL1632208,Ki,8.8
7147728,CCCCCOc1ccc2[nH]cc(CCN)c2c1,CHEMBL111376,Ki,8.8
7156974,CCN1C(=O)COc2ccc(CN3CCN(CCOc4cccc5nc(C)ccc45)CC3)c(F)c12,CHEMBL443060,Ki,8.8
7156366,CCN1CCN(CC1)c2nccc3cc4CCN(C(=O)c5cnn(c5CC)c6ccc(cc6)C#N)c4cc23,CHEMBL426285,Ki,8.8
8933599,CN(C)CCOc1cc(NC(=O)c2ccc(cc2)c3ccc(cc3C)c4noc(C)n4)cc5CCOc15,CHEMBL21724,Ki,8.8
7156379,CN1C(=O)COc2ccc(CN3CCN(CCOc4cccc5nc(C)ccc45)CC3)c(F)c12,CHEMBL247609,Ki,8.8
8933612,COc1cc2CCN(C(=O)Cc3cccc(c3F)C(F)(F)F)c2cc1N4C[C@@H](C)N(C)[C@@H](C)C4,CHEMBL196600,Ki,8.8
7157603,COc1cccc(c1)C(=O)Nc2cccc(CCN3CCN(CC3)c4cccc5nc(C)ccc45)c2,CHEMBL1632215,Ki,8.8
7160068,Cc1ccc2c(cccc2n1)N3CCN(CCc4cc5NC(=O)COc5cc4F)CC3,CHEMBL496317,Ki,8.8
704289,Cc1ccc2c(cccc2n1)N3CCN(CCc4cccc(c4)n5cccn5)CC3,CHEMBL1631545,Ki,8.8
8933629,CN1CCC[C@@H]1Cc2c[nH]c3ccc(cc23)C4=CCN(CC4)\C(=N\c5ccc(C)cc5)\S,CHEMBL113950,Ki,8.82
8933640,CN1CCC[C@@H]1Cc2c[nH]c3ccc(cc23)C4=CCN(CC4)\C(=N\c5ccc(Cl)cc5)\S,CHEMBL115663,Ki,8.82
8933651,CN(C)CCc1c[nH]c2ccc(cc12)n3cnnc3,CHEMBL296161,IC50,8.85
8933662,CN1CCN(CC1)c2cccc3ccc(OCC(=O)N4CCN(CC4)c5c(C)cc(C)cc5C)cc23,CHEMBL128699,Ki,8.85
8933673,CN1CCC(CC1)c2c[nH]c3ccc(NC(=O)CCCCCCC(=O)Nc4ccc5[nH]cc(C6CCN(C)CC6)c5c4)cc23,CHEMBL448902,Ki,8.89
8933684,CN1CCC(CC1)c2c[nH]c3ccc(NC(=O)CCCCCCCCCC(=O)Nc4ccc5[nH]cc(C6CCN(C)CC6)c5c4)cc23,CHEMBL446745,Ki,8.89
7156963,CC(C)S(=O)(=O)Nc1cccc(CC2CCN(CCOc3cccc4nc(C)ccc34)CC2)c1,CHEMBL495213,Ki,8.9
7157509,CCC(=O)Nc1cccc(CCN2CCN(CC2)c3cccc4nc(C)ccc34)c1,CHEMBL1632207,Ki,8.9
1746433,CCNC(=O)Nc1cccc(CCN2CCN(CC2)c3cccc4nc(C)ccc34)c1,CHEMBL1632220,Ki,8.9
7158531,CCOC(=O)Nc1cccc(CCN2CCN(CC2)c3cccc4nc(C)ccc34)c1,CHEMBL1631538,Ki,8.9
7155266,CN1CCN(CC1)c2nccc3cc4CCN(C(=O)c5ccccc5Cl)c4cc23,CHEMBL194809,Ki,8.9
7156473,C[C@H]1CN(CCN1CCc2ccc3OCC(=O)Nc3c2)c4cccc5nc(C)ccc45,CHEMBL495703,Ki,8.9
5293257,Cc1ccc2c(cccc2n1)N3CCN(CCc4cccc(NC(=O)c5cnccn5)c4)CC3,CHEMBL1632217,Ki,8.9
6500241,NCCc1c[nH]c2ccc(cc12)C(=O)N,CHEMBL18840,Ki,8.9
8933710,CCCCCCCCCOc1ccc2[nH]cc(CCN)c2c1,CHEMBL97450,Ki,8.92
7153166,CCCCCCCCC(=O)Oc1ccc2[nH]cc(CCN(C)C)c2c1,CHEMBL321190,Ki,8.96
7148174,CCCCCCCOc1ccc2[nH]cc(CCN)c2c1,CHEMBL320079,Ki,9.0
7158542,CCc1c(cnn1c2ccc(cc2)C#N)C(=O)N3CCc4cc5ccnc(N6CCN(C)CC6)c5cc34,CHEMBL372743,Ki,9.0
7158033,CCc1c(cnn1c2ccc(cc2)C#N)C(=O)N3CCc4cc5ccnc(N6CCN7CCC[C@@H]7C6)c5cc34,CHEMBL197947,Ki,9.0
7159946,CN1CCN(CC1)c2nccc3cc4CCN(C(=O)c5cnn6ccccc56)c4cc23,CHEMBL380812,Ki,9.0
8933731,COc1ccc(NC(=O)c2ccc(cc2)c3ccc(cc3C)c4noc(C)n4)cc1OCCN(C)C,CHEMBL20963,Ki,9.0
7158590,Cc1ccc2c(cccc2n1)N3CCN(CCc4cc(F)c5OCC(=O)Nc5c4)CC3,CHEMBL489394,Ki,9.0
7156495,Cc1ccc2c(cccc2n1)N3CCN(CCc4cccc(NC(=O)Nc5ccccc5F)c4)CC3,CHEMBL1631533,Ki,9.0
8933746,COC1(CCOCC1)c2ccc(NC(=O)C3CCc4cc(F)cc(c4O3)c5c(C)nn(C)c5C)cn2,CHEMBL601013,Ki,9.02
8933757,COc1cc(N2CCCN(C)CC2)c3NC(=CC(=O)c3c1)C(=O)Nc4ccc(cc4)N5CCOCC5,CHEMBL224195,Ki,9.05
8933768,CN1CCC(CC1)c2c[nH]c3ccc(NC(=O)CCCCCCCCCCCCCCC(=O)Nc4ccc5[nH]cc(C6CCN(C)CC6)c5c4)cc23,CHEMBL500488,Ki,9.09
7159680,CCN1C(=O)COc2ccc(CCN3CCN(CC3)c4cccc5nc(C)ccc45)cc12,CHEMBL489393,Ki,9.1
8933781,CN1CCC(CC1)c2c[nH]c3ccc(NC(=O)CCCCCCCCC(=O)Nc4ccc5[nH]cc(C6CCN(C)CC6)c5c4)cc23,CHEMBL452387,Ki,9.1
7155777,CN1CCN(CC1)c2nccc3cc4CCN(C(=O)c5cccc6ncccc56)c4cc23,CHEMBL370625,Ki,9.1
7155337,Cc1ccc2c(OCCN3CCC(Cc4cc(F)c5OCC(=O)Nc5c4)CC3)cccc2n1,CHEMBL241463,Ki,9.1
1747672,Cc1ccc2c(cccc2n1)N3CCN(CCc4cccc(NS(=O)(=O)C)c4)CC3,CHEMBL1631535,Ki,9.1
4126597,Cc1ccc2c(cccc2n1)N3CCN(CCc4cccc5c4OCc6c(ncn56)C(=O)N)CC3,CHEMBL1241913,Ki,9.1
8933800,Cc1ccc2c(cccc2n1)N3C[C@H]4C[C@@H]3CN4CCc5ccc6OCC(=O)Nc6c5,CHEMBL523064,Ki,9.1
7153791,Cc1ccccc1N2CCN(CC2)C(=O)COc3ccc4[nH]cc(CCN)c4c3.OC(=O)\C=C\C(=O)O,CHEMBL321818,Ki,9.1
7143414,O=C1COc2ccc(CCN3CCN(CC3)c4nccc5ccccc45)cc2N1,CHEMBL490211,Ki,9.1
8933814,CN1CCC(CC1)c2c[nH]c3ccc(NC(=O)CCCC(=O)Nc4ccc5[nH]cc(C6CCN(C)CC6)c5c4)cc23,CHEMBL444404,Ki,9.12
7159009,CN1CCN(CC1)c2cccc3ccc(OCCOc4ccc5[nH]cc(CCN)c5c4)cc23,CHEMBL31217,Ki,9.12
7154818,CN1CCN(CC1)c2cccc3ccc(OCC(=O)Nc4ccc(NC(=O)COc5ccc6[nH]cc(CCN)c6c5)cc4)cc23,CHEMBL282950,Ki,9.16
7150733,CN(C)CCc1c[nH]c2ccc(CS(=O)(=O)N(C)Cc3ccc(CN(C)S(=O)(=O)Cc4ccc5[nH]cc(CCN(C)C)c5c4)cc3)cc12,CHEMBL158941,Ki,9.19
7159658,CC1(C)Cc2cccc(N3CCN(CCc4ccc5OCC(=O)Nc5c4)CC3)c2O1,CHEMBL491839,Ki,9.2
7159452,CN1CCN(CC1)c2nccc3cc4CCN(C(=O)c5cnn(c5C)c6ccccc6)c4cc23,CHEMBL198975,Ki,9.2
8933835,COc1cc2CCN(C(=O)c3ccc(cc3)c4ccccc4C)c2cc1N5C[C@@H](C)N(C)[C@@H](C)C5,CHEMBL196848,Ki,9.2
7160240,Cc1cc(N2CCN(CCc3ccc4OCC(=O)Nc4c3)CC2)c5ccc(C)nc5c1,CHEMBL484260,Ki,9.2
7159895,Cc1ncc2c(cccc2n1)N3CCN(CCc4ccc5OCC(=O)Nc5c4)CC3,CHEMBL489195,Ki,9.2
8933850,CN1CCC(CC1)c2c[nH]c3ccc(NC(=O)CCCCCCCCCCCCCC(=O)Nc4ccc5[nH]cc(C6CCN(C)CC6)c5c4)cc23,CHEMBL500284,Ki,9.24
8933861,C(CN1CCN(CC1)c2ncccn2)Cc3c[nH]c4ccc(cc34)n5cnnc5,CHEMBL159396,IC50,9.3
1728563,CC(=O)Nc1cccc(CCN2CCN(CC2)c3cccc4nc(C)ccc34)c1,CHEMBL1632206,Ki,9.3
1744909,CN1C(=O)COc2ccc(CCN3CCN(CC3)c4cccc5nc(C)ccc45)cc12,CHEMBL522257,Ki,9.3
8933876,CN1CCC(CC1)c2c[nH]c3ccc(NC(=O)CCCCCCCCCCCCC(=O)Nc4ccc5[nH]cc(C6CCN(C)CC6)c5c4)cc23,CHEMBL502138,Ki,9.3
7158950,CN1CCN(CC1)c2nccc3cc4CCN(C(=O)c5ccc(cc5)C#N)c4cc23,CHEMBL194647,Ki,9.3
5292474,COC(=O)Nc1cccc(CCN2CCN(CC2)c3cccc4nc(C)ccc34)c1,CHEMBL1631532,Ki,9.3
8933891,COc1cc2CCN(C(=O)c3ccc(cc3)c4ccc(cc4C)c5noc(C)n5)c2cc1OCCN(C)C,CHEMBL282229,Ki,9.3
8933902,COc1ccc(NC(=O)N2CCN(CC2)c3cccc4CCCCc34)cc1N5CCN(C)CC5.OC(=O)\C=C\C(=O)O,CHEMBL325359,Ki,9.3
7159957,Cc1ccc2c(cc(Cl)cc2n1)N3CCN(CCc4ccc5OCC(=O)Nc5c4)CC3,CHEMBL521506,Ki,9.3
7155856,Cc1ccc2c(ccc(Cl)c2n1)N3CCN(CCc4ccc5OCC(=O)Nc5c4)CC3,CHEMBL497980,Ki,9.3
1753741,Cc1ccc2c(cccc2n1)N3CCN(CCc4ccc5OCC(=O)Nc5c4)CC3,CHEMBL490417,Ki,9.3
7151858,COc1cccc(N2CCN(CC2)C(=O)COc3ccc4cccc(N5CCN(C)CC5)c4c3)c1OC,CHEMBL338015,Ki,9.36
7151708,CN1CCN(CC1)c2cccc3ccc(OCC(=O)N4CCN(CC4)c5cccc6OCCOc56)cc23,CHEMBL129813,Ki,9.37
8933922,CN1CCN(CC1)c2cccc3ccc(OCC(=O)N4CCN(CC4)c5cccc6ccccc56)cc23,CHEMBL2112661,Ki,9.37
8933933,COC1(CCOCC1)c2ccc(NC(=O)C3=CC(=O)c4cc(F)cc(c4O3)c5c(C)nn(C)c5C)cn2,CHEMBL605785,Ki,9.37
7156484,Cc1cc2c(cccc2[nH]1)N3CCN(CCc4ccc5OCC(=O)Nc5c4)CC3,CHEMBL444398,Ki,9.4
7160081,Cc1ccc2c(cccc2n1)N3CCN(CCc4ccc5OCC(=O)Nc5c4F)CC3,CHEMBL496520,Ki,9.4
7152248,CN1CCN(CC1)c2cccc3ccc(OCC(=O)N4CCN(CC4)c5ccccc5C#N)cc23,CHEMBL2112660,Ki,9.42
8933950,CC(C)c1cc(nc(N)n1)c2ccc(F)c3ccccc23,CHEMBL473186,Ki,9.5
7159206,CN1CCN(CC1)c2nccc3cc4CCN(C(=O)c5ccc(Cl)cc5)c4cc23,CHEMBL370852,Ki,9.5
7159500,O=C1COc2ccc(CCN3CCN(CC3)c4cccc5nc(ccc45)c6ccccc6)cc2N1,CHEMBL484059,Ki,9.5
7147136,CN1CCN(CC1)c2cccc3ccc(OCC(=O)N4CCN(CC4)c5ccccc5C)cc23,CHEMBL340786,Ki,9.52
4123187,CC1=CC(=C(O)C(C)=C1CC1=NCCN1)C(C)(C)C,oxymetazoline,Ki,9.52
7156401,CN1CCN(CC1)c2nccc3cc4CCN(C(=O)c5ccc(nc5)C(F)(F)F)c4cc23,CHEMBL199088,Ki,9.6
1436756,CN(C)CCOc1cc(C)c2cc(NC(=O)COc3ccc(Cl)cc3Cl)ccc2n1,CHEMBL194837,IC50,9.7
7153706,CN1C(=O)COc2c(F)cc(CN3CCN(CCOc4cccc5nc(C)ccc45)CC3)cc12,CHEMBL247428,Ki,9.7
7149966,CN1CCN(CC1)c2cccc3ccc(OCC(=O)N4CCN(Cc5ccccc5C)CC4)cc23,CHEMBL2112662,Ki,9.7
7158440,COc1ccc(CNC(=O)\C=C\c2ccc3[nH]cc(CCN(C)C)c3c2)cc1,CHEMBL344127,Ki,9.7
7145584,COc1ccc(NC(=O)c2ccc(cc2)c3ccc(cc3C)C4=NC(C)ON4)cc1N5CCN(C)CC5,CHEMBL339308,Ki,9.85
8933981,CN1CCC(CC1)c2c[nH]c3ccc(NC(=O)CCCCCCCCCCCC(=O)Nc4ccc5[nH]cc(C6CCN(C)CC6)c5c4)cc23,CHEMBL374973,Ki,10.0
7158121,NCCc1c[nH]c2ccc(OCc3ccc(COc4ccc5[nH]cc(CCN)c5c4)cc3)cc12,CHEMBL144030,Ki,10.0
