id,smiles,name,assay_type,activity_value
1909,[H][C@@]12CC3=CNC4=CC=CC(=C34)C1=C[C@H](CN2C)C(=O)N(CC)CC,lysergide,Ki,8.05
708046,CN1C[C@@H](C=C2[C@H]1Cc3c[nH]c4cccc2c34)C(=O)N[C@]5(C)O[C@@]6(O)[C@@H]7CCCN7C(=O)[C@H](Cc8ccccc8)N6C5=O,ergotamine,Ki,7.85
6499908,Br.NC1=Nc2cccc(Cl)c2CN1,CHEMBL556983,Ki,7.0
6499919,CCn1c2CCN(CCCOc3ccccc3)Cc2c4ccccc14,CHEMBL128099,Ki,7.0
2769042,CSc1ccc2Sc3ccccc3CC(N4CCN(C)CC4)c2c1,CHEMBL93240,Ki,7.0
6499932,Cn1c2CCN(CCCOc3ccccc3)Cc2c4ccccc14,CHEMBL128848,Ki,7.0
6499943,N=C1NC(=O)\C(=C/c2c[nH]c3ccccc23)\N1,CHEMBL2442270,Ki,7.0
4023175,NC1=Nc2cccc(Cl)c2CN1,CHEMBL401541,Ki,7.0
6499956,I.COc1cccc2CNC(=Nc12)N,CHEMBL552782,Ki,7.01
6499967,CC1NC(=Nc2ccccc12)NCC3COCCO3,CHEMBL404365,Ki,7.02
705201,Brc1ccc2[nH]cc(\C=C/3\NC(=N)NC3=O)c2c1,CHEMBL2442272,Ki,7.05
6499980,CC1NC(=Nc2ccccc12)NCC(F)F,CHEMBL272355,Ki,7.06
6499991,CCC1NC(=Nc2cccc(Cl)c12)N,CHEMBL270176,Ki,7.07
2010,NCCc1c[nH]c2ccc(O)cc12,CHEMBL39,Ki,7.09
6500004,CN(C)CCN(Cc1ccc(cc1)c2ccc(CNCCOc3ccccc3)cc2)C(=O)CCC4CCCC4.OC(=O)C(F)(F)F,CHEMBL363678,Ki,7.1
6500015,CN(C)CCN(Cc1ccc(cc1)c2ccc(CNCCc3ccccc3)cc2)C(=O)C4CC4c5ccccc5.OC(=O)C(F)(F)F,CHEMBL191583,Ki,7.1
6500026,CN(C)CCc1c[nH]c2ccc(cc12)N3CCN(Cc4ccccc4)S3(=O)=O,CHEMBL101138,IC50,7.1
6500042,CC1CCN(CC[C@H]2CCCN2S(=O)(=O)c3cccc(O)c3)CC1,CHEMBL282199,Ki,7.19
6500053,Cn1c2CCN(CCCOc3ccc(F)cc3)Cc2c4ccccc14,CHEMBL96504,Ki,7.26
6500064,OC(=O)C(F)(F)F.O=C(\C=C\c1ccccc1)N(Cc2ccc(cc2)c3ccc(CNCCc4ccccc4)cc3)Cc5cccnc5,CHEMBL187928,Ki,7.3
4024197,NC1=Nc2ccc(Cl)c(Cl)c2CN1,CHEMBL1548,Ki,7.37
2757681,C1CN(CCN1)c2cccc3ccccc23,CHEMBL277120,Ki,7.4
6500081,I.CC1NC(=Nc2ccccc12)N,CHEMBL541396,Ki,7.42
6500092,CC1NC(=Nc2ccccc12)NCC3COc4ccccc4O3,CHEMBL256693,Ki,7.43
6500103,CC1NC(=Nc2c(Cl)ccc(Cl)c12)NCC(F)F,CHEMBL271253,Ki,7.48
6500114,CN(C)CCN(Cc1ccc(cc1)c2ccc(CNCCc3ccccn3)cc2)C(=O)CCC4CCCC4.OC(=O)C(F)(F)F,CHEMBL186849,Ki,7.5
6500125,CN(C)CCN(Cc1ccc(nc1)c2ccc(CNCCc3ccccc3)cc2)C(=O)CCC4CCCC4,CHEMBL189689,Ki,7.5
6500136,COc1cccc2C(C)NC(=Nc12)NCC(F)F,CHEMBL404248,Ki,7.55
706235,C[C@H]1C[C@H](C)N1C(=O)[C@H]2CN(C)C3Cc4c[nH]c5cccc(C3=C2)c45,CHEMBL343755,Ki,7.57
6500149,CCC1NC(=Nc2ccc(Cl)c(Cl)c12)N,CHEMBL439240,Ki,7.58
6500160,CN(C)CCN(Cc1ccc(cc1)c2ccc(CNCCc3ccccc3)cc2)C(=O)\C=C\c4ccccc4.OC(=O)C(F)(F)F,CHEMBL188486,Ki,7.6
6500171,CN(C)CCN(Cc1ccc(nc1)c2ccc(CNCCc3ccccc3)cc2)C(=O)\C=C\c4ccccc4,CHEMBL187621,Ki,7.6
6500182,CNC1=Nc2c(OC(C)C)cccc2C(C)N1,CHEMBL402179,Ki,7.6
6500193,OC(=O)C(F)(F)F.O=C(CCC1CCCC1)N(CC2CCCCN2)Cc3ccc(cc3)c4ccc(CNCCc5ccccc5)cc4,CHEMBL185676,Ki,7.6
6500204,CCC1NC(=Nc2ccccc12)N,CHEMBL270841,Ki,7.62
755155,COc1c(Cl)ccc2N=C(N)NC(C)c12,CHEMBL258073,Ki,7.64
6500217,CC(C)Oc1cccc2C(C)NC(=Nc12)NCC(F)F,CHEMBL446459,Ki,7.65
6500228,COc1c(Cl)ccc2N=C(NCC(F)F)NC(C)c12,CHEMBL257744,Ki,7.65
6500241,NCCc1c[nH]c2ccc(cc12)C(=O)N,CHEMBL18840,Ki,7.7
705457,C[C@@H]1C[C@H](C)N1C(=O)[C@H]2CN(C)C3Cc4c[nH]c5cccc(C3=C2)c45,CHEMBL137781,Ki,7.8
2759356,C[C@@H]1C[C@@H](C)N1C(=O)[C@H]2CN(C)C3Cc4c[nH]c5cccc(C3=C2)c45,CHEMBL138989,Ki,7.89
6500255,Cc1cc(c2c(F)cc(F)cc2F)c3cc(ccc3n1)C(=O)N=C(N)N,CHEMBL3644524,Ki,7.89
6500265,CN(C)CCN(Cc1ccc(cc1)c2ccc(CNCCc3ccccc3)cn2)C(=O)CCC4CCCC4,CHEMBL190382,Ki,7.9
6500276,CNC1=Nc2cccc(Cl)c2C(C)N1,CHEMBL269964,Ki,7.97
6500287,CC(C)Oc1cccc2C(C)NC(=Nc12)N,CHEMBL258075,Ki,8.0
6500298,CC1NC(=Nc2cccc(Cl)c12)NCC(F)F,CHEMBL404511,Ki,8.0
1993,CCN(CC)C(=O)[C@H]1CN(C)[C@@H]2Cc3c[nH]c4cccc(C2=C1)c34,CHEMBL263881,Ki,8.05
6500310,COc1cccc(F)c1c2ncc(F)c3ccc(cc23)C(=O)N=C(N)N,CHEMBL3644532,Ki,8.15
6500319,NC(=NC(=O)N1CCc2c(F)ccc(c2C1)c3ncc(F)cc3F)N,CHEMBL3654201,Ki,8.16
6500329,C[C@@H]1NC(=Nc2cccc(Cl)c12)NCC(F)F,CHEMBL541993,Ki,8.17
6500339,NC(=NC(=O)N1CC(F)c2c(Cl)ccc(c2C1)c3ccc(F)cc3F)N,CHEMBL3654202,Ki,8.18
755133,CC1NC(=Nc2c(Cl)ccc(Cl)c12)N,CHEMBL272781,Ki,8.19
6500351,CN(C)CCN(Cc1ccc(cc1)c2ccc(CNCCc3ccccc3)cc2)C(=O)CCC4CCCC4.OC(=O)C(F)(F)F.OC(=O)C(F)(F)F,CHEMBL191460,Ki,8.2
753726,CNC1=Nc2ccc(Cl)c(Cl)c2C(C)N1,CHEMBL271298,Ki,8.2
6500364,COc1cccc2C(C)NC(=Nc12)N,CHEMBL408152,Ki,8.2
6500374,NC(=NC(=O)c1ccc2c(F)cnc(c3ncc(F)cc3Cl)c2c1)N,CHEMBL3644538,Ki,8.21
4057042,CC1NC(=Nc2ccc(Cl)c(Cl)c12)NCC(F)F,CHEMBL429136,Ki,8.24
6500385,NC(=NC(=O)c1ccc2c(F)cnc(c3c(F)cncc3F)c2c1)N,CHEMBL3644531,Ki,8.28
6500395,CC1NC(=Nc2cccc(Cl)c12)N,CHEMBL270177,Ki,8.29
6500406,CN(C)CCN(Cc1ccc(cc1)c2ccc(CNCCc3ccccc3)cn2)C(=O)\C=C\c4ccccc4,CHEMBL361256,Ki,8.3
703865,Cl.COc1ccccc1N2CCN(CCCCC(=O)n3c4ccccc4c5ccccc35)CC2,CHEMBL3763779,Ki,8.3
759291,COc1cc(Cl)c(C)c2C(C)NC(=Nc12)N,CHEMBL401745,Ki,8.33
6500420,NC(=NC(=O)c1ccc2c(F)cnc(c3c(F)cncc3Cl)c2c1)N,CHEMBL3644536,Ki,8.33
6500429,NC(=NC(=O)c1ccc2c(cnc(c3c(F)cccc3F)c2c1)C(F)F)N,CHEMBL3644539,Ki,8.34
6500438,NC(=NC(=O)N1CCc2c(F)ccc(c2C1)c3ncc(Cl)cc3F)N,CHEMBL3654195,Ki,8.37
6500447,NC(=NC(=O)N1CCc2cccc(c2C1)c3ncc(F)cc3F)N,CHEMBL3654213,Ki,8.38
6500456,NC(=NC(=O)c1ccc2c(F)cnc(c3ccc(F)cc3Cl)c2c1)N,CHEMBL3644529,Ki,8.39
6500465,Cc1ccc(c2CN(CCc12)C(=O)N=C(N)N)c3ncc(F)cc3F,CHEMBL3654203,Ki,8.41
6500474,Cc1nc2ccc(cc2c(c1C)c3c(F)cc(F)cc3F)C(=O)N=C(N)N,CHEMBL3644526,Ki,8.43
6500483,NC(=NC(=O)N1CCc2c(F)ccc(c2C1)c3cc(F)c(F)cc3F)N,CHEMBL3654211,Ki,8.43
6500492,NC(=NC(=O)N1CCc2cccc(c2C1)c3cc(F)c(F)cc3F)N,CHEMBL3654196,Ki,8.44
6500501,NC(=NC(=O)c1ccc2c(F)cnc(c3ccccc3Cl)c2c1)N,CHEMBL3644534,Ki,8.47
6500510,NC(=NC(=O)c1ccc2c(F)cnc(c3ccccc3F)c2c1)N,CHEMBL3644533,Ki,8.48
6500520,Oc1ccc2cccc(N3CCNCC3)c2c1,CHEMBL24462,Ki,8.52
6500530,NC(=NC(=O)N1CCc2c(Cl)ccc(c2C1)c3ccc(F)cc3F)N,CHEMBL3654200,Ki,8.57
6500539,NC(=NC(=O)N1Cc2c(ccc(F)c2C3(CC3)C1)C4CC4)N,CHEMBL3654209,Ki,8.57
6500548,NC(=NC(=O)N1CCc2c(Cl)ccc(c2C1)c3c(F)cncc3F)N,CHEMBL3654204,Ki,8.6
6500557,NC(=NC(=O)c1ccc2c(Cl)cnc(c3ccc(F)cc3F)c2c1)N,CHEMBL3644541,Ki,8.64
758422,CC1NC(=Nc2ccc(Cl)c(Cl)c12)N,CHEMBL273170,Ki,8.7
6500568,Cc1cnc(c2c(F)cccc2F)c3cc(ccc13)C(=O)N=C(N)N,CHEMBL3644537,Ki,8.72
6500577,NC(=NC(=O)N1CCc2c(F)ccc(c2C1)c3ncc(Cl)cc3Cl)N,CHEMBL3654205,Ki,8.72
4057870,C[C@@H]1NC(=Nc2ccc(Cl)c(Cl)c12)NCC(F)F,CHEMBL256694,Ki,8.75
6500588,Cc1cnc(c2ccccc2F)c3cc(ccc13)C(=O)N=C(N)N,CHEMBL3644540,Ki,8.75
6500597,CC1CN(Cc2c1c(F)ccc2c3c(F)cccc3F)C(=O)N=C(N)N,CHEMBL3654207,Ki,8.8
756332,C[C@@H]1NC(=Nc2cccc(Cl)c12)N,CHEMBL404372,Ki,8.8
6500608,NC(=NC(=O)c1ccc2c(F)cnc(c3c(F)cccc3Cl)c2c1)N,CHEMBL3644527,Ki,8.8
6500617,NC(=NC(=O)c1ccc2c(F)cnc(c3c(F)cccc3F)c2c1)N,CHEMBL3644528,Ki,8.85
6500626,Cc1cnc(c2c(F)cc(F)cc2F)c3cc(ccc13)C(=O)N=C(N)N,CHEMBL3644530,Ki,8.89
6500635,NC(=NC(=O)N1Cc2c(ccc(F)c2C3(CC3)C1)c4cc(F)c(F)cc4F)N,CHEMBL3654210,Ki,8.89
6500644,NC(=NC(=O)c1ccc2ncc(Cl)c(c3ccc(F)cc3F)c2c1)N,CHEMBL3644525,Ki,8.89
6500653,NC(=NC(=O)c1ccc2c(Cl)cnc(c3c(F)cccc3F)c2c1)N,CHEMBL3644535,Ki,8.92
6500662,NC(=NC(=O)N1CCc2c(Cl)ccc(c2C1)c3c(F)cc(F)cc3F)N,CHEMBL3654197,Ki,8.96
6500671,NC(=NC(=O)N1CCc2c(F)ccc(c2C1)c3c(F)cccc3F)N,CHEMBL3654199,Ki,8.96
2966139,C\C(=N/OC(=O)Nc1ccccc1)\c2cccc(c2)c3cccs3,CHEMBL1210154,IC50,9.0
6500682,NC(=NC(=O)N1Cc2c(ccc(F)c2C3(CC3)C1)c4ccccc4F)N,CHEMBL3654214,Ki,9.02
6500691,NC(=NC(=O)N1Cc2c(ccc(F)c2C3(CC3)C1)c4c(F)cc(F)cc4F)N,CHEMBL3654208,Ki,9.06
6500700,NC(=NC(=O)N1Cc2c(ccc(F)c2C3(CC3)C1)c4ccc(F)cc4F)N,CHEMBL3654212,Ki,9.07
6500709,NC(=NC(=O)N1Cc2c(ccc(F)c2C3(CC3)C1)c4c(F)cccc4F)N,CHEMBL3654206,Ki,9.13
6500718,NC(=NC(=O)N1CCc2c(F)ccc(c2C1)c3c(F)cc(F)cc3F)N,CHEMBL3654198,Ki,9.17
