id,smiles,name,assay_type,activity_value
1335607,CCCCCCCCCCCCCCCCCCOCC(COP(=S)(O)O)OC,CHEMBL2335052,EC50,7.0
1381455,CCCCCCCCOc1c(C)cc(CNCCCP(=O)(O)O)cc1OC,CHEMBL432813,IC50,7.05
260980,CCCCCCCCOc1c(Br)cc(CNCCCP(=O)(O)O)cc1OC,CHEMBL117723,IC50,7.1
1381468,CCCCCCCCCOc1ccc(CNCCCP(=O)(O)O)cc1,CHEMBL333335,IC50,7.13
1381479,OC(=O)c1cc(Br)ccc1S(=O)(=O)NCCCCN2C(=O)c3cccc4cccc(C2=O)c34,CHEMBL3322508,EC50,7.22
1381490,CCCCCCCCOc1ccc(CNCCCP(=O)(O)O)cc1F,CHEMBL119873,IC50,7.23
1381501,CCCCCCCCOc1c(Cl)cc(CNCCCP(=O)(O)O)cc1OC,CHEMBL117715,IC50,7.24
1381512,CCCCCCCCOc1ccc(CNCCCP(=O)(O)O)cc1Cl,CHEMBL119413,IC50,7.26
1381523,OC(=O)c1ccc(Br)cc1S(=O)(=O)NCCCCN2C(=O)c3cccc4cccc(C2=O)c34,CHEMBL3322507,EC50,7.3
1381534,CCCCCCCCCCCOc1c(Br)cc(CNCCCP(=O)(O)O)cc1OC,CHEMBL118815,IC50,7.38
261082,CCCCCCCCCc1ccc(CNCCCP(=O)(O)O)cc1,CHEMBL118860,IC50,7.4
1381547,CCCCCCCCOc1ccc(CNCCCP(=O)(O)O)cc1Br,CHEMBL119354,IC50,7.44
1381558,CCCCCCCOc1c(Br)cc(CNCCCP(=O)(O)O)cc1OC,CHEMBL118783,IC50,7.48
1381569,CCCCCCCCOc1ccc(CNCCCP(=O)(O)O)cc1C,CHEMBL331054,IC50,7.5
1335563,CCCCCCCC\C=C/CCCCCCCC(=O)OC[C@@H](O)COP(=O)(O)O,CHEMBL117021,EC50,7.54
1381582,CCCCCCCCc1ccc(CNCCCP(=O)(O)O)cc1,CHEMBL119256,IC50,7.59
1381593,CCCCCCCCOc1c(Br)cc(CNCCCP(=O)(O)O)cc1Br,CHEMBL332667,IC50,7.64
1381604,CCCCCCCCCCOc1c(Br)cc(CNCCCP(=O)(O)O)cc1OC,CHEMBL441826,IC50,7.75
1381615,CCCCCCCCOc1c(C)cc(CNCCCP(=O)(O)O)cc1C,CHEMBL119440,IC50,7.82
1381626,CCCCCCCCOc1c(Cl)cc(CNCCCP(=O)(O)O)cc1Cl,CHEMBL119116,IC50,8.18
1381637,OC(=O)c1cc(F)ccc1S(=O)(=O)NCCCCN2C(=O)c3cccc4cccc(C2=O)c34,CHEMBL3322513,EC50,9.82
