id,smiles,name,assay_type,activity_value
1335550,CCCCCCCCCCCCCCCC(=O)OC[C@@H](O)COP(=O)(O)O,CHEMBL364797,EC50,7.08
1335563,CCCCCCCC\C=C/CCCCCCCC(=O)OC[C@@H](O)COP(=O)(O)O,CHEMBL117021,EC50,8.09
1335574,CCCCCCCCCCCCCCCCCC(=O)OC[C@H](COP(=S)(O)O)OC,CHEMBL153043,EC50,8.31
1335585,CCCCCCCCCCCCCCCCCCOC[C@H](COP(=S)(O)O)OC,CHEMBL2335048,EC50,8.31
1335596,[Na+].CCCCCCCCCCCCCCCCCOC(COC)COP(=S)(O)[O-],CHEMBL2335050,EC50,8.35
1335607,CCCCCCCCCCCCCCCCCCOCC(COP(=S)(O)O)OC,CHEMBL2335052,EC50,8.42
1335618,[Na+].CCCCCCCCCCCCCCCCOC(COC)COP(=S)(O)[O-],CHEMBL2335049,EC50,8.42
1335629,CCCCCCCCCCCCCCCCCCOC[C@@H](COP(=S)(O)O)OC,CHEMBL2335047,EC50,8.46
1335640,CCCCCCCCCCCCCCCCCC(=O)OCC(COP(=O)(O)S)OC,CHEMBL2017139,EC50,8.48
1335651,CCCCCCCCCCCCCCCCCC(=O)OC[C@@H](COP(=S)(O)O)OC,CHEMBL357053,EC50,8.57
1335662,[Na+].CCCCCCCCCCCCCCCCCC(=O)OC(COC)COP(=S)(O)[O-],CHEMBL2335051,EC50,8.61
