id,smiles,name,assay_type,activity_value
6773116,CCCCCCCC\C=C/CCCCCCCC(=O)N[C@@H](COP(=O)(O)O)Cc1ccc(OCc2cc(OCC(F)(F)F)ccn2)cc1,CHEMBL183221,IC50,7.08
1335550,CCCCCCCCCCCCCCCC(=O)OC[C@@H](O)COP(=O)(O)O,CHEMBL364797,EC50,7.15
6773130,CCCCCCCC\C=C/CCCCCCCC(=O)N[C@@H](COP(=O)(O)O)Cc1ccc(OCc2cc(OCCC)ccn2)cc1,CHEMBL291229,Ki,7.19
6773141,CCCCCCCC\C=C/CCCCCCCC(=O)N[C@@H](COP(=O)(O)O)Cc1ccc(OCc2ncc(C)c(OC)c2C)cc1,CHEMBL362053,IC50,7.21
6773152,OC(=O)c1ccc2C(=O)N(C(=O)c2c1)c3cccc(Oc4ccc(cc4)[N+](=O)[O-])c3,CHEMBL604677,Ki,7.32
6773163,CCCCCCCC\C=C/CCCCCCCC(=O)NCCOP(=S)(O)O,CHEMBL3621959,EC50,7.4
6773173,CCCCCCCC\C=C/CCCCCCCC(=O)N[C@@H](COP(=O)(O)O)Cc1ccc(OCc2cc(OCCOC)ccn2)cc1,CHEMBL182446,Ki,7.46
1335585,CCCCCCCCCCCCCCCCCCOC[C@H](COP(=S)(O)O)OC,CHEMBL2335048,EC50,7.51
1335618,[Na+].CCCCCCCCCCCCCCCCOC(COC)COP(=S)(O)[O-],CHEMBL2335049,EC50,7.58
6773188,CCCCCCCC\C=C/CCCCCCCC(=O)N[C@@H](COP(=O)(O)O)Cc1ccc(OCc2cc(OCC)ccn2)cc1,CHEMBL183143,Ki,7.59
6773199,C[C@@H](OC(=O)Nc1c(C)noc1c2ccc(cc2)c3ccc(CC(=O)O)cc3)c4ccccc4,CHEMBL2182052,IC50,7.6
1335574,CCCCCCCCCCCCCCCCCC(=O)OC[C@H](COP(=S)(O)O)OC,CHEMBL153043,EC50,7.62
6773211,CCCCCCCC\C=C/CCCCCCCC(=O)N[C@@H](COP(=O)(O)O)Cc1ccc(OCc2ccccn2)cc1,CHEMBL440696,Ki,7.75
1335563,CCCCCCCC\C=C/CCCCCCCC(=O)OC[C@@H](O)COP(=O)(O)O,CHEMBL117021,EC50,7.75
6773224,C[C@@H](OC(=O)Nc1c(C)noc1c2ccc(cc2)c3ccc(CC(=O)O)cc3)c4ccccc4Cl,CHEMBL3621966,IC50,7.77
1335640,CCCCCCCCCCCCCCCCCC(=O)OCC(COP(=O)(O)S)OC,CHEMBL2017139,EC50,7.78
1335651,CCCCCCCCCCCCCCCCCC(=O)OC[C@@H](COP(=S)(O)O)OC,CHEMBL357053,EC50,7.83
1335662,[Na+].CCCCCCCCCCCCCCCCCC(=O)OC(COC)COP(=S)(O)[O-],CHEMBL2335051,EC50,7.91
1335596,[Na+].CCCCCCCCCCCCCCCCCOC(COC)COP(=S)(O)[O-],CHEMBL2335050,EC50,7.95
1335629,CCCCCCCCCCCCCCCCCCOC[C@@H](COP(=S)(O)O)OC,CHEMBL2335047,EC50,7.99
1335607,CCCCCCCCCCCCCCCCCCOCC(COP(=S)(O)O)OC,CHEMBL2335052,EC50,8.08
6773246,COc1ccc([C@@H](O)C(=O)N(CCCc2ccccc2)Cc3nc(C(=O)NS(=O)(=O)C)c(C)s3)c(F)c1,CHEMBL3621968,IC50,8.18
