id,smiles,name,assay_type,activity_value
7141777,CCCCCCCC(=O)OC[C@H](COP(=O)(O)O)OC(=O)CCCCCCC,CHEMBL202185,IC50,7.07
7141789,CCCCCCCC\C=C/CCCCCCCCOC[C@@H](COP(=S)(O)O)OC,CHEMBL3621962,EC50,7.1
1335563,CCCCCCCC\C=C/CCCCCCCC(=O)OC[C@@H](O)COP(=O)(O)O,CHEMBL117021,EC50,7.11
7141801,CCCCCCCCCCCCCCOP(=S)(O)O,CHEMBL189296,Ki,7.12
7141812,CCCCCCCCOC[C@@H](COP(=S)(O)O)OCCCCCCCC,CHEMBL427017,Ki,7.17
7141823,CCCCCCCC\C=C/CCCCCCCCOC[C@H](COP(=S)(O)O)OC,CHEMBL3621961,EC50,7.21
7141833,CCCC\C=C\CCCCCCCCOP(=O)(O)O,CHEMBL190430,Ki,7.24
7141844,CCCCCCCCOC[C@@H](COP(=O)(O)O)OCCCCCCCC,CHEMBL203986,Ki,7.3
7141855,CCCCCCCCCCOP(=S)(O)O,CHEMBL187795,Ki,7.31
6773116,CCCCCCCC\C=C/CCCCCCCC(=O)N[C@@H](COP(=O)(O)O)Cc1ccc(OCc2cc(OCC(F)(F)F)ccn2)cc1,CHEMBL183221,Ki,7.32
7141868,CC\C=C\CCCCCCCCCCOP(=O)(O)O,CHEMBL188591,Ki,7.4
6773188,CCCCCCCC\C=C/CCCCCCCC(=O)N[C@@H](COP(=O)(O)O)Cc1ccc(OCc2cc(OCC)ccn2)cc1,CHEMBL183143,Ki,7.41
6773141,CCCCCCCC\C=C/CCCCCCCC(=O)N[C@@H](COP(=O)(O)O)Cc1ccc(OCc2ncc(C)c(OC)c2C)cc1,CHEMBL362053,Ki,7.41
7141883,CC\C=C\CCCCCCCCOP(=O)(O)O,CHEMBL190349,Ki,7.57
7141894,CCCCCCCCCCCCOP(=S)(O)O,CHEMBL191365,Ki,7.85
7141905,CCCC\C=C\CCCCCCCCOP(=S)(O)O,CHEMBL187402,Ki,7.85
7141916,CC\C=C\CCCCCCCCOP(=S)(O)O,CHEMBL190484,Ki,7.85
2409873,CCCCCCCC(=O)OC[C@H](COP(=S)(O)O)OC(=O)CCCCCCC,CHEMBL202361,IC50,7.96
7141929,CCCCCCCCOC[C@H](COP(=S)(O)O)OCCCCCCCC,CHEMBL201482,EC50,8.52
1335585,CCCCCCCCCCCCCCCCCCOC[C@H](COP(=S)(O)O)OC,CHEMBL2335048,EC50,8.97
1335574,CCCCCCCCCCCCCCCCCC(=O)OC[C@H](COP(=S)(O)O)OC,CHEMBL153043,EC50,9.35
1335596,[Na+].CCCCCCCCCCCCCCCCCOC(COC)COP(=S)(O)[O-],CHEMBL2335050,EC50,9.4
1335629,CCCCCCCCCCCCCCCCCCOC[C@@H](COP(=S)(O)O)OC,CHEMBL2335047,EC50,9.43
1335618,[Na+].CCCCCCCCCCCCCCCCOC(COC)COP(=S)(O)[O-],CHEMBL2335049,EC50,9.44
1335640,CCCCCCCCCCCCCCCCCC(=O)OCC(COP(=O)(O)S)OC,CHEMBL2017139,EC50,9.55
1335651,CCCCCCCCCCCCCCCCCC(=O)OC[C@@H](COP(=S)(O)O)OC,CHEMBL357053,EC50,9.57
1335607,CCCCCCCCCCCCCCCCCCOCC(COP(=S)(O)O)OC,CHEMBL2335052,EC50,9.64
1335662,[Na+].CCCCCCCCCCCCCCCCCC(=O)OC(COC)COP(=S)(O)[O-],CHEMBL2335051,EC50,9.68
