id,smiles,name,assay_type,activity_value
1335629,CCCCCCCCCCCCCCCCCCOC[C@@H](COP(=S)(O)O)OC,CHEMBL2335047,EC50,7.05
1335640,CCCCCCCCCCCCCCCCCC(=O)OCC(COP(=O)(O)S)OC,CHEMBL2017139,EC50,7.07
1335651,CCCCCCCCCCCCCCCCCC(=O)OC[C@@H](COP(=S)(O)O)OC,CHEMBL357053,EC50,7.1
1335596,[Na+].CCCCCCCCCCCCCCCCCOC(COC)COP(=S)(O)[O-],CHEMBL2335050,EC50,7.11
1335662,[Na+].CCCCCCCCCCCCCCCCCC(=O)OC(COC)COP(=S)(O)[O-],CHEMBL2335051,EC50,7.12
1335618,[Na+].CCCCCCCCCCCCCCCCOC(COC)COP(=S)(O)[O-],CHEMBL2335049,EC50,7.18
1335574,CCCCCCCCCCCCCCCCCC(=O)OC[C@H](COP(=S)(O)O)OC,CHEMBL153043,EC50,7.23
1335607,CCCCCCCCCCCCCCCCCCOCC(COP(=S)(O)O)OC,CHEMBL2335052,EC50,7.41
