id,smiles,name,assay_type,activity_value
8002816,C[C@@H](CC1=CC(O)=C(O)C=C1)[C@H](C)CC1=CC(O)=C(O)C=C1,masoprocol,IC50,7.07
9677685,CCCc1c(OCCCOc2ccc3CCC(Oc3c2CCC)C(=O)O)ccc(c1OC)c4cocn4,CHEMBL168658,IC50,7.0
9677696,COC(=O)CCCCCOc1cc(cc(n1)c2ccccc2)c3ccccc3,CHEMBL138174,IC50,7.0
9677707,Cc1ccc(cc1)c2cc(OCCCCC(C)(C)C(=O)O)nc3ccccc23,CHEMBL342688,IC50,7.0
9677718,[Li+].CCCCCCCCC(O)c1ccc2ccc(CCc3cccc(c3)C(=O)[O-])nc2c1,CHEMBL113528,Ki,7.0
9677729,CCCc1c(OCCCOc2ccc3CCC(Oc3c2CCC)C(=O)O)ccc(c1OC)c4cscn4,CHEMBL168944,IC50,7.03
9677740,CCc1cc(c(O)cc1OCCCOc2ccc(CCC(=O)O)cc2)c3cc[nH]n3,CHEMBL420576,IC50,7.06
5726180,CC(Cc1ccc(O)c(O)c1)C(C)Cc2ccc(O)c(O)c2,CHEMBL52,IC50,7.07
9677754,CCc1cc(C(=O)C)c(O)cc1OCCCCCC(C)(C)c2nn[nH]n2,CHEMBL15766,IC50,7.07
9677766,[Na+].CCc1cc(C(=O)C)c(O)cc1OCCCCCC(C)(C)c2nn[n-]n2,CHEMBL45460,IC50,7.07
9677776,[Na+].CCc1cc(OCCC(C)C)c(O)cc1OCCCCCC(C)(C)c2nn[n-]n2,CHEMBL295799,Ki,7.08
9677786,CCc1cc(c(O)cc1OCCCCCOc2ccc(cc2)C(=O)O)c3cc[nH]n3,CHEMBL81489,IC50,7.09
9677797,CN(CCc1ccccc1)C(=O)Cn2cc(C=O)c3cc(OCc4ccccc4)ccc23,CHEMBL340180,IC50,7.1
9677809,COc1ccc(CCCCCCCCOc2ccc(CSc3cccc(c3)C(=O)O)nc2\C=C\C(=O)O)cc1,CHEMBL115362,Ki,7.1
9677820,COc1ccc(CCCCCCCCOc2ccc(CSc3ccccc3)nc2\C=C\C(=O)O)cc1,CHEMBL264197,Ki,7.13
9677831,COc1ccc(CCCCCCCCOc2ccc(CSc3cccc(NC(=O)C(=O)O)c3)nc2\C=C\C(=O)O)cc1,CHEMBL334267,Ki,7.14
9677842,CCCc1c(OCCCOc2cc(O)c(cc2CC)C(=O)C)cccc1OCC(=O)O,CHEMBL15648,IC50,7.17
9677852,COc1ccc(cc1NC(=O)\C=C\c2ccc(cc2)c3ccccc3)C(=O)O,CHEMBL367943,IC50,7.17
9677862,CCc1cc(c(O)cc1OCCCCCC(C)(C)c2nn[nH]n2)c3cccc(c3)C(F)(F)F,CHEMBL167580,Ki,7.18
9677872,CCc1cc(c(O)cc1OCCCCCC(C)(C)c2nn[nH]n2)c3ccc(cc3)N(C)C,CHEMBL166862,Ki,7.2
9677882,CCc1cc(c(O)cc1OCCCCCC(C)(C)c2nn[nH]n2)c3cccc(C)c3,CHEMBL424361,Ki,7.21
9677892,CC(C)(CCCCCCOc1cc(cc(n1)c2ccccc2)c3ccccc3)C(=O)O,CHEMBL135612,IC50,7.22
9677903,CC(C)(CCCCCc1sccc1CCCc2ccccc2)C(=O)O,CHEMBL108415,IC50,7.22
9677914,CN(O)C(=O)c1cc(CC(=O)N(C)CCc2ccccc2)c3cccc(OCc4ccccc4)c3c1,CHEMBL125611,IC50,7.22
9677925,[Li+].CCCCCCCCC(O)CCc1cccc(CC(O)c2cccc(c2)C(=O)[O-])n1,CHEMBL111811,Ki,7.22
9677936,CCc1cc(c(O)cc1OCCCCCC(C)(C)c2nn[nH]n2)c3ccccc3C,CHEMBL167261,Ki,7.23
9677946,CCc1cc(c(O)cc1OCCCCCOc2ccc(CC(=O)O)cc2)c3cc[nH]n3,CHEMBL309883,IC50,7.26
9677957,CC(C)(CCCCOc1cc(cc(n1)c2ccccc2)c3ccccc3)c4nnnn4CCCCC(=O)NCCCOCCOCCOCCCNC(=O)[C@H](CS(=O)(=O)O)NC(=O)[C@H](CS(=O)(=O)O)NC(=O)[C@H](CS(=O)(=O)O)NC(=O)[C@H](CS(=O)(=O)O)NC(=O)CC[C@H](NC(=O)CN(CCN(CCN(CC(=O)O)CC(=O)O)CC(=O)O)CC(=O)O)C(=O)N[C@@H](CS(=O)(=O)O)C(=O)N[C@@H](CS(=O)(=O)O)C(=O)N[C@@H](CS(=O)(=O)O)C(=O)N[C@@H](CS(=O)(=O)O)C(=O)NCCCOCCOCCOCCCNC(=O)CCCCn5nnnc5C(C)(C)CCCCOc6cc(cc(n6)c7ccccc7)c8ccccc8,CHEMBL415548,IC50,7.27
9677968,CCc1cc(c(O)cc1OCCCOc2ccc(CC(=O)O)cc2)c3ccn[nH]3,CHEMBL81817,IC50,7.27
9677979,COc1ccc(CCCCCCCCOc2ccc(CS(=O)(=O)Cc3cccc(c3)C(=O)O)nc2\C=C\C(=O)O)cc1,CHEMBL325643,Ki,7.28
9677990,[Na+].CCc1cc(OC(C)C)c(O)cc1OCCCCCC(C)(C)c2nn[n-]n2,CHEMBL47716,Ki,7.28
9678000,C(CCOc1cc(cc(n1)c2ccccc2)c3ccccc3)CCn4cnnn4,CHEMBL136243,IC50,7.3
9678011,CC(C)(CCCCCOc1cc(cc(n1)c2ccccc2)c3ccccc3)C(=O)O,CHEMBL138380,IC50,7.3
9678022,CC(C)(CCCCOc1cc(c2ccc(Cl)cc2)c3ccccc3n1)c4nnn[nH]4,CHEMBL137248,IC50,7.3
9678033,CN(CCc1ccccc1)C(=O)Cc2cccc(\C=C\C(=O)O)c2,CHEMBL124717,IC50,7.3
9678044,OC(=O)CCCCCOc1cc(cc(n1)c2ccccc2)c3ccc(cc3)[N+](=O)[O-],CHEMBL137594,IC50,7.3
9678055,OC(=O)CCCCOc1cc(cc(n1)c2ccccc2)c3ccccc3,CHEMBL137201,IC50,7.3
9678066,[Li+].CCCCCCCC[C@@H](O)c1ccc2ccc(CCc3cccc(c3)C(=O)[O-])nc2c1,CHEMBL1788228,Ki,7.3
9678077,[Na+].[Na+].[Na+].CCc1cc(C(=O)C)c([O-])cc1OCCCOc2ccc(cc2CCC(=O)[O-])C(=O)c3cccc(c3)C(=O)[O-],CHEMBL60881,IC50,7.34
9678088,COc1ccc(\C=C\CCCCOc2ccc3C(=O)c4cc(ccc4Oc3c2CCC(=O)O)C(=O)O)cc1,CHEMBL49210,Ki,7.35
9678098,Nc1ccc(cc1)c2cc(OCCCCCC(=O)O)nc(c2)c3ccccc3,CHEMBL136991,IC50,7.35
9678109,[Na+].CC(C)(CCCCOc1cc(cc(n1)c2ccccc2)c3ccccc3)c4nnnn4CCCCC(=O)NCCCOCCOCCOCCCNC(=O)c5ccc(N\N=C\c6ccccc6S(=O)(=O)[O-])nc5,CHEMBL384950,IC50,7.35
9678120,CCCCCCCCCCOc1ccc2C(=O)c3cc(ccc3Oc2c1CCC(=O)O)C(=O)O,CHEMBL288758,IC50,7.37
9678131,CCCc1c(OCCCOc2ccc3CCC(Oc3c2CCC)C(=O)O)ccc(C(=O)C)c1OC,CHEMBL14823,IC50,7.37
9678142,Nc1cccc(SCc2ccc(OCCCCCCCCc3ccc(cc3)C(F)(F)F)c(\C=C\C(=O)O)n2)c1,CHEMBL112135,Ki,7.37
9678153,CCCc1c(OCCCOc2cc(O)c(cc2CC)c3ccc(F)cc3)cccc1Sc4ccccc4C(=O)O,CHEMBL139254,Ki,7.38
9678164,CCCc1c(OCCCOc2ccc(c(OC)c2CC3CC3)c4cscn4)ccc5CCC(Oc15)C(=O)O,CHEMBL99099,IC50,7.38
9678175,CCCc1cc(OCCCOc2ccc(C(=O)C)c(OC)c2CCC)cc3CCC(Oc13)C(=O)O,CHEMBL15817,IC50,7.38
9678185,[Na+].CCc1cc(OC2CCCC2)c(O)cc1OCCCCCC(C)(C)c3nn[n-]n3,CHEMBL47726,IC50,7.38
9678195,CC(C)(CCCCOc1cc(c2ccc(N)cc2)c3ccccc3n1)C(=O)O,CHEMBL134697,IC50,7.4
9678206,CC(CCCCOc1cc(cc(n1)c2ccccc2)c3ccc(Cl)cc3)C(=O)O,CHEMBL137494,IC50,7.4
9678217,CC(CCCCOc1cc(cc(n1)c2ccccc2)c3cccc(Cl)c3)C(=O)O,CHEMBL136960,IC50,7.4
9678228,CCCc1c(OCCCOc2cc(O)c(cc2CC)C(=O)C)ccc3CCC(Oc13)C(=O)O,CHEMBL90788,IC50,7.4
9678239,CN(C)C(=O)CC1(O)CCCC(C1)\C=C\C(O)CCCCc2ccccc2,CHEMBL169055,IC50,7.4
9678250,[Na+].CCCc1c(OCCCOc2cc(O)c(cc2CC)C(=O)C)ccc3CCC(Oc13)C(=O)[O-],CHEMBL15559,IC50,7.4
9678260,CCc1cc(c(O)cc1OCCCOc2cc(Oc3ccc(cc3)C(=O)O)ccc2CCC(=O)O)c4ccc(F)cc4,CHEMBL292783,Ki,7.41
9678270,CCc1cc(c(O)cc1OCCCCCC(C)(C)c2nn[nH]n2)c3ccc(OC)cc3,CHEMBL167972,Ki,7.42
9678280,COc1ccc(CCCCCCCCOc2ccc(C[S+]([O-])c3ccccc3)nc2\C=C\C(=O)O)cc1,CHEMBL112804,Ki,7.43
9678291,CCCc1c(OCCCOc2cc(O)c(cc2CC)C(=O)C)cccc1OC(CC)C(=O)O,CHEMBL15295,IC50,7.44
9678301,CCCc1c(OCCCOc2cc(O)c(cc2CC)c3ccc(F)cc3)cccc1S(=O)(=O)c4ccccc4C(=O)O,CHEMBL139799,Ki,7.44
9678312,CCc1cc(c(O)cc1OCCCOc2ccc3C(=O)c4ccccc4Oc3c2CCC(=O)O)c5ccc(F)cc5,CHEMBL129463,Ki,7.44
9678323,COc1ccc(CCCCCCCCOc2ccc(CS(=O)(=O)c3cccc(N)c3)nc2\C=C\C(=O)O)cc1,CHEMBL114290,Ki,7.44
9678334,Nc1cccc(SCc2ccc(OCCCCCCCCc3ccccc3)c(\C=C\C(=O)O)n2)c1,CHEMBL112176,Ki,7.44
9678345,CCc1cc(c(O)cc1OCCCCCC(C)(C)c2nn[nH]n2)c3ccc(C)cc3,CHEMBL168011,Ki,7.47
9678355,COc1ccc(CCCCCCCCOc2ccc(CSc3cccc(N)c3)nc2\C=C\C(=O)O)cc1,CHEMBL112808,Ki,7.47
9678366,CCCc1c(OCCCOc2cc(O)c(cc2CC)c3ccc(F)cc3)cccc1C(=O)c4ccccc4C(=O)O,CHEMBL139115,Ki,7.48
9678377,[Na+].CCCCCCc1cc(CC)c(OCCCCCC(C)(C)c2nn[n-]n2)cc1O,CHEMBL58794,Ki,7.48
3986193,CCCCC\C=C/C[C@@H](O)\C=C\C=C\C=C/[C@@H](O)CCCC(=O)O,CHEMBL65061,IC50,7.5
9678388,[Na+].CCc1cc(OCc2ccc(F)cc2)c(O)cc1OCCCCCC(C)(C)c3nn[n-]n3,CHEMBL47725,IC50,7.51
9678398,CC(C)(CCCCOc1cc(cc(n1)c2ccccc2)c3ccccc3)C(=O)O,CHEMBL135671,IC50,7.52
9678409,CC(CCCCOc1cc(cc(n1)c2ccccc2)c3ccc(C)cc3)C(=O)O,CHEMBL137089,IC50,7.52
9678420,CC(CCCCOc1cc(cc(n1)c2ccccc2)c3ccc(N)cc3)C(=O)O,CHEMBL137247,IC50,7.52
9678431,CC(CCCCOc1cc(cc(n1)c2ccccc2)c3ccccc3)C(=O)O,CHEMBL137581,IC50,7.52
9678442,CN(C)c1ccc(cc1)c2cc(OCCCCCC(=O)O)nc(c2)c3ccccc3,CHEMBL135431,IC50,7.52
6036085,Cc1c(C)c2nc(NCc3ccc(cc3)S(=O)(=O)N)sc2c(C)c1O,CHEMBL318809,IC50,7.52
9678455,OC(=O)CCCCCOc1cc(c2ccc(Cl)cc2)c3ccccc3n1,CHEMBL137168,IC50,7.52
9678466,OC(=O)CCCCCOc1cc(cc(n1)c2ccc(F)cc2)c3ccccc3,CHEMBL137801,IC50,7.52
9678477,OC(=O)CCCCCOc1cc(cc(n1)c2ccccc2)c3ccccc3,CHEMBL137504,IC50,7.52
9678488,OC(=O)CCCCCOc1cc(cc(n1)c2ccccc2)c3ccccc3F,CHEMBL136094,IC50,7.52
9678499,CCc1cc(c(O)cc1OCCCCCOc2ccc(CCC(=O)O)cc2)c3cc[nH]n3,CHEMBL81503,IC50,7.55
9678510,COc1ccc(CCCCOc2ccc(CSCc3cccc(c3)C(=O)O)nc2CCC(=O)O)cc1,CHEMBL115040,Ki,7.55
9678521,CCCc1c(OCCCOc2ccc3CCC(CCC(=O)O)Oc3c2CCC)ccc(c1OC)c4cscn4,CHEMBL436047,IC50,7.59
9678532,CCCc1c(Cc2ccccc2C(=O)O)cccc1OCCCOc3cc(O)c(cc3CC)c4ccc(F)cc4,CHEMBL138954,Ki,7.6
9678543,CCCc1c(OCCCOc2cc(O)c(cc2CC)c3ccc(F)cc3)cccc1Oc4ccccc4C(=O)O,CHEMBL329123,Ki,7.6
9678554,CCCc1c(OCCCOc2ccc(c(OC)c2CC=C)c3cscn3)ccc4CCC(Oc14)C(=O)O,CHEMBL355503,IC50,7.6
9678565,OC(=O)CCCCCCOc1cc(cc(n1)c2ccccc2)c3ccccc3,CHEMBL135434,IC50,7.6
9678577,[Na+].CCc1cc(OC)c(O)cc1OCCCCCC(C)(C)c2nn[n-]n2,CHEMBL46820,Ki,7.6
9678587,CCCc1c(OCCCOc2cc(O)c(cc2CC)C(=O)C)cccc1OC(C)C(=O)O,CHEMBL15299,IC50,7.64
9678598,[Na+].CCCCCOc1cc(CC)c(OCCCCCC(C)(C)c2nn[n-]n2)cc1O,CHEMBL416259,Ki,7.65
9678608,CC(C)Nc1ccc(cc1)c2cc(OCCCCCC(=O)O)nc(c2)c3ccccc3,CHEMBL136955,IC50,7.66
9678619,CCc1cc(c(O)cc1OCCCOc2ccc3C(=O)c4ccccc4Oc3c2CCC(=O)O)c5ccccc5,CHEMBL129272,Ki,7.66
9678630,CCc1cc(c(O)cc1OCCCCCC(C)(C)c2nn[nH]n2)c3ccc(Cl)cc3,CHEMBL167850,Ki,7.69
9678640,CC(C)(CCCCOc1cc(cc(n1)c2ccccc2)c3ccc4OCOc4c3)C(=O)O,CHEMBL137330,IC50,7.7
9678651,CC(C)(CCCCOc1cc(cc(n1)c2ccccc2)c3ccccc3)c4nnn[nH]4,CHEMBL380555,IC50,7.7
9678662,CC(CCCCOc1cc(cc(n1)c2ccccc2)c3ccccc3)n4cnnn4,CHEMBL337563,IC50,7.7
9678673,CC(CCCCOc1cc(cc(n1)c2ccccc2F)c3ccccc3)C(=O)O,CHEMBL344230,IC50,7.75
9678684,[Na+].CCc1cc(CC)c(OCCCCCC(C)(C)c2nn[n-]n2)cc1O,CHEMBL62051,Ki,7.77
9678694,COc1ccc(cc1NC(=O)\C=C\c2ccc(cc2)c3ccccc3)c4nn[nH]n4,CHEMBL424779,IC50,7.78
9678704,CCc1cc(c(O)cc1OCCCCCC(C)(C)c2nn[nH]n2)c3cccc(OC)c3,CHEMBL167923,Ki,7.79
9678714,CC(C)(CCCCOc1cc(cc(n1)c2ccccc2)c3ccccc3)c4nnnn4CCCCC(=O)NCCCOCCOCCOCCCNC(=O)[C@H](CS(=O)(=O)O)NC(=O)[C@H](CS(=O)(=O)O)NC(=O)[C@H](CS(=O)(=O)O)NC(=O)[C@H](CS(=O)(=O)O)NC(=O)c5ccc(N\N=C\c6ccccc6)nc5,CHEMBL406432,IC50,7.8
9678725,COc1ccc(cc1NC(=O)\C=C(/C)\c2ccc(cc2)c3ccccc3)C(=O)O,CHEMBL175073,IC50,7.8
9679048,CCCc1c(OCCCOc2ccc(c(OC)c2CC3CC3)c4cscn4)ccc5C(Oc15)C(=O)O,CHEMBL435665,IC50,7.81
9679059,OC(=O)\C=C\c1nc(CSCc2cccc(c2)C(=O)O)ccc1OCCCCCCCCc3ccccc3,CHEMBL112707,Ki,7.81
9679070,CC(C)(CCCCOc1cc(c2ccc(Cl)cc2)c3ccccc3n1)C(=O)O,CHEMBL137497,IC50,7.82
9679082,CCCc1c(OCCCOc2ccc(C(=O)NC)c(OC)c2CC3CC3)ccc4CC[C@@H](CCC(=O)O)Oc14,CHEMBL419948,IC50,7.84
9679092,Nc1cccc(c1)[S+]([O-])Cc2ccc(OCCCCCCCCc3ccc(cc3)C(F)(F)F)c(\C=C\C(=O)O)n2,CHEMBL112737,Ki,7.85
9679103,[Na+].CCCc1cc(CC)c(OCCCCCC(C)(C)c2nn[n-]n2)cc1O,CHEMBL60617,Ki,7.85
9679114,[Na+].CCOc1cc(CC)c(OCCCCCC(C)(C)c2nn[n-]n2)cc1O,CHEMBL48667,Ki,7.85
9679127,COc1ccc(\C=C\CCCCOc2ccc(cc2CCC(=O)O)C(=O)c3cccc(c3)C(=O)O)cc1,CHEMBL49302,IC50,7.88
9679138,CCCc1c(OCCCOc2ccc(c(OC)c2CC3CC3)c4cscn4)ccc5CCC(CCC(=O)O)Oc15,CHEMBL172168,IC50,7.91
9679149,CC(CCCCOc1cc(cc(n1)c2ccccc2Cl)c3ccc4OCOc4c3)C(=O)O,CHEMBL137074,IC50,7.92
9679160,CCc1cc(c(O)cc1OCCCOc2ccccc2CC(=O)O)c3cc[nH]n3,CHEMBL310870,IC50,7.92
9679171,Nc1cccc(c1)[S+]([O-])Cc2ccc(OCCCCCCCCc3ccc(F)cc3)c(\C=C\C(=O)O)n2,CHEMBL326909,Ki,7.92
9679182,OC(=O)\C=C\c1nc(CSc2c(Cl)cccc2Cl)ccc1OCc3ccc(F)cc3,CHEMBL127341,Ki,7.92
9679193,CCCc1c(OCCCOc2ccc(C(=O)NC)c(OC)c2CC3CC3)ccc4CCC(CCC(=O)O)Oc14,CHEMBL328492,IC50,7.96
9679203,CCc1cc(c(O)cc1OCCCOc2cccc(CC(=O)O)c2)c3cc[nH]n3,CHEMBL78605,IC50,7.96
9679214,COc1ccc(cc1)c2cc(OCCCCC(C)C(=O)O)nc(c2)c3ccccc3,CHEMBL137531,IC50,7.96
9679225,Nc1cccc(c1)[S+]([O-])Cc2ccc(OCCCCCCCCc3ccccc3)c(\C=C\C(=O)O)n2,CHEMBL112018,Ki,7.96
9679236,[Na+].CCCCc1cc(CC)c(OCCCCCC(C)(C)c2nn[n-]n2)cc1O,CHEMBL305560,Ki,7.97
9679246,COc1ccc(cc1)c2cc(OCCCCC(C)(C)C(=O)O)nc3ccccc23,CHEMBL136805,IC50,8.0
9679257,OC(=O)CCCCCOc1cc(cc(n1)c2ccccc2)c3ccc(cc3)C(F)(F)F,CHEMBL137303,IC50,8.0
9679268,[Li+].CCCCCCCCC(O)c1ccc2ccc(CC(O)c3cccc(c3)C(=O)[O-])nc2c1,CHEMBL326397,Ki,8.0
9679279,CC(C)(CCCCOc1cc(cc(n1)c2ccccc2)c3ccc(N)cc3)C(=O)O,CHEMBL137104,IC50,8.02
9679290,CCc1cc(c(O)cc1OCCCCCC(C)(C)c2nnn[nH]2)c3ccn(C)n3,CHEMBL312483,IC50,8.03
9679301,COc1ccc(CCCCOc2ccc(CSCc3cccc(c3)C(=O)O)nc2\C=C\C(=O)O)cc1,CHEMBL112972,Ki,8.04
9679312,CCCc1c(OCCCOc2ccc(C(=O)NC)c(OC)c2CC3CC3)ccc4CC[C@H](CCC(=O)O)Oc14,CHEMBL167669,IC50,8.07
9679322,O[C@@H]1[C@@H](Cc2ccc(cc2)c3ccccc3)COc4cc(ccc14)C5(CCCC5)C(=O)O,CHEMBL51770,IC50,8.08
9679333,CC(C)(CCCCOc1cc(cc(n1)c2ccccc2)c3ccccc3)c4nnnn4CCCCC(=O)NCCCOCCOCCOCCCNC(=O)[C@H](CS(=O)(=O)O)NC(=O)[C@H](CS(=O)(=O)O)NC(=O)[C@H](CS(=O)(=O)O)NC(=O)[C@H](CS(=O)(=O)O)NC(=O)CC[C@H](N)C(=O)N[C@@H](CS(=O)(=O)O)C(=O)N[C@@H](CS(=O)(=O)O)C(=O)N[C@@H](CS(=O)(=O)O)C(=O)N[C@@H](CS(=O)(=O)O)C(=O)NCCCOCCOCCOCCCNC(=O)CCCCn5nnnc5C(C)(C)CCCCOc6cc(cc(n6)c7ccccc7)c8ccccc8,CHEMBL412510,IC50,8.1
9679344,COc1ccc(CCCCCCCCOc2ccc(CSCc3cccc(c3)C(=O)O)nc2CCC(=O)O)cc1,CHEMBL325773,Ki,8.1
9679357,COc1ccc(CCCCCCCCOc2ccc(CSCc3cccc(c3)C(=O)O)nc2\C=C\C(=O)O)cc1,CHEMBL422598,Ki,8.15
9679368,COc1cc(ccc1OCCCCOc2ccc3c(N)noc3c2)C(=O)N(C(C)C)C(C)C,CHEMBL126463,IC50,8.16
9679378,COc1cccc(c1)c2cc(OCCCCC(C)C(=O)O)nc(c2)c3ccccc3,CHEMBL137336,IC50,8.16
9679389,CC(CCCCOc1cc(cc(n1)c2ccccc2)c3ccc4OCOc4c3)C(=O)O,CHEMBL137341,IC50,8.18
9679400,CCc1cc(c(O)cc1OCCCCCC(C)(C)c2nnn[nH]2)c3cc[nH]n3,CHEMBL407983,IC50,8.19
9679411,CC(CCCCOc1cc(cc(n1)c2ccccc2Cl)c3ccccc3)C(=O)O,CHEMBL342416,IC50,8.22
9679422,OC(=O)CCCCCOc1cc(cc(n1)c2ccccc2)c3ccc4OCOc4c3,CHEMBL137759,IC50,8.22
9679433,CCCc1c(OCCCOc2cc(O)c(cc2CC)c3ccc(F)cc3)cccc1[S+]([O-])c4ccccc4C(=O)O,CHEMBL139969,Ki,8.23
9679444,CCc1cc(c(O)cc1OCCCOc2cccc(CCC(=O)O)c2)c3cc[nH]n3,CHEMBL79991,IC50,8.24
9679455,COc1ccc(CCCCCCCCOc2ccc(CSCc3ccc(cc3)C(=O)O)nc2\C=C\C(=O)O)cc1,CHEMBL325637,Ki,8.24
9679466,CCCc1c(OCCCOc2ccc(C(=O)NC)c(OC)c2CC3CC3)ccc4CCC(Oc14)C(=O)O,CHEMBL167474,IC50,8.28
9679476,CCCc1c(OCCCOc2ccc3CCC(Oc3c2CCC)C(=O)O)ccc(c1OC)c4c[nH]nn4,CHEMBL354553,IC50,8.28
9679487,CNc1ccc(cc1)c2cc(OCCCCCC(=O)O)nc(c2)c3ccccc3,CHEMBL137472,IC50,8.3
9679498,OC(=O)\C=C\c1nc(CSCc2cccc(c2)C(=O)O)ccc1OCCCCc3ccccc3,CHEMBL115658,Ki,8.32
9679509,CCc1cc(c(O)cc1OCCCCCC(C)(C)c2nn[nH]n2)c3cccc(F)c3,CHEMBL353378,Ki,8.33
9679520,CN(CCc1ccccc1)C(=O)Cc2cc(cc3c(OCc4ccccc4)cccc23)C(=O)O,CHEMBL328712,IC50,8.33
9679532,COc1ccc(CCCCCCCCOc2ccc(C[S+]([O-])c3cccc(N)c3)nc2\C=C\C(=O)O)cc1,CHEMBL112338,Ki,8.33
9679543,CCCc1c(OCCCOc2cc(O)c(cc2CC)c3cc[nH]n3)ccc4CCC(Oc14)C(=O)O,CHEMBL81401,IC50,8.35
9679554,CCCc1c(OCCCOc2cc(O)c(OCC)cc2CC)ccc3CCC(Oc13)C(=O)O,CHEMBL416277,IC50,8.38
9679564,CCc1cc(C(=O)C)c(O)cc1OCCCOc2ccc3C(=O)c4cc(ccc4Oc3c2CCC(=O)O)C(=O)O,CHEMBL88337,Ki,8.4
9679575,COc1cc(ccc1OCCCCCOc2ccc(cc2)C(=N)N)C(=O)N(C(C)C)C(C)C,CHEMBL89326,IC50,8.4
9679587,COc1ccc(\C=C\CCCCOc2cccc(OCCCCC(=O)O)c2CCC(=O)O)cc1,CHEMBL422420,Ki,8.4
9679598,[Na+].[Na+].[Na+].CCc1cc(C(=O)C)c([O-])cc1OCCCOc2ccc3C(=O)c4cc(ccc4Oc3c2CCC(=O)[O-])C(=O)[O-],CHEMBL292768,IC50,8.4
9679608,CCc1cc(c(O)cc1OCCCCCC(C)(C)c2nn[nH]n2)c3ccccc3,CHEMBL435273,Ki,8.46
9679618,CCCc1c(OCCCOc2ccc(c(COC)c2CC3CC3)c4cscn4)ccc5CC[C@@H](Oc15)C(=O)O,CHEMBL58495,Ki,8.5
9679629,CCc1cc(c(O)cc1OCCCCCC(C)(C)c2nn[nH]n2)c3ccc(F)cc3,CHEMBL167520,Ki,8.52
9679639,[Li+].CCCCOc1cccc(c1)C(O)\C=C\c2cccc(CC(O)c3cccc(c3)C(=O)[O-])n2,CHEMBL113288,Ki,8.52
9679650,CCCc1c(OCCCOc2cc(O)c(OC)cc2CC)ccc3CCC(Oc13)C(=O)O,CHEMBL294987,IC50,8.54
9679660,COc1ccc(CCCCOc2ccc(CSc3ccccc3)nc2\C=C\C(=O)O)cc1,CHEMBL123862,Ki,8.55
9679671,CCCc1c(OCCCOc2ccc3CCC(Oc3c2CCC)C(=O)O)ccc(C(=O)N)c1OC,CHEMBL166699,IC50,8.62
9679681,COc1ccc(CCCCOc2ccc(CSc3c(Cl)cccc3Cl)nc2\C=C\C(=O)O)cc1,CHEMBL337995,Ki,8.82
9679692,OC(=O)\C=C\c1nc(CSc2c(Cl)cccc2Cl)ccc1OCCc3ccc(F)cc3,CHEMBL123722,Ki,8.82
9679703,OC(=O)\C=C\c1nc(CSc2c(Cl)cccc2Cl)ccc1OCCCc3ccccc3,CHEMBL126976,Ki,8.85
9679714,OC(=O)\C=C\c1nc(CSc2c(Cl)cccc2Cl)ccc1OCCc3ccc(Cl)cc3,CHEMBL127376,Ki,8.89
9679725,COc1ccc(CCOc2ccc(CSc3c(Cl)cccc3Cl)nc2\C=C\C(=O)O)cc1,CHEMBL127913,Ki,8.92
9679736,CCc1cc(c(O)cc1OCCCOc2ccc(cc2CCC(=O)O)C#CCCC(=O)O)c3ccc(F)cc3,CHEMBL62265,Ki,8.96
9679746,CCc1cc(c(O)cc1OCCCOc2cccc(Oc3ccc(cc3)C(=O)O)c2CCC(=O)O)c4ccc(F)cc4,CHEMBL262231,Ki,8.96
9679756,CCCCCCCCC(O)\C=C\c1cccc(CC(O)c2cccc(c2)C(=O)O)n1,CHEMBL112487,Ki,9.0
9679767,CCCc1c(OCCCCCCc2cccc(OCCCCC(=O)O)c2CCC(=O)O)ccc3C(=O)CCOc13,CHEMBL95453,Ki,9.0
9679778,CCCc1c(OCCCCCCc2cccc(OCCCCCC(=O)O)c2CCC(=O)O)ccc3C(=O)CCOc13,CHEMBL86900,Ki,9.0
9679789,[Li+].CCCCCCCCC(O)\C=C\c1cccc(CC(O)c2cccc(c2)C(=O)[O-])n1,CHEMBL112520,Ki,9.0
9679800,CCCc1c(OCCCOc2ccc3CCC(Oc3c2CCC)C(=O)O)ccc(C(=O)NC)c1OC,CHEMBL167804,IC50,9.07
9679810,OC(=O)\C=C\c1nc(CSc2c(Cl)cccc2Cl)ccc1OCCc3ccccc3,CHEMBL90214,Ki,9.1
9679821,CCc1cc(c(O)cc1OCCCOc2ccc3C(=O)c4cc(ccc4Oc3c2CCC(=O)O)C(=O)O)c5ccccc5,CHEMBL340460,Ki,9.24
9679832,CCc1cc(c(O)cc1OCCCOc2ccc3C(=O)c4cc(ccc4Oc3c2CCC(=O)O)C(=O)O)c5ccc(F)cc5,CHEMBL292782,Ki,9.33
9679842,CCCc1c(OCCCOc2ccc3CCC(Oc3c2CCC)C(=O)O)ccc(C(=O)N(C)C)c1OC,CHEMBL167350,IC50,9.82
9679852,CCCc1c(OCCCOc2ccc3CCC(Oc3c2CCC)C(=O)O)ccc(C(=O)NC(C)C)c1OC,CHEMBL422388,IC50,10.0
