id,smiles,name,assay_type,activity_value
159349,CCCC[C@H](NC(=O)[C@H](CO)NC(=O)[C@H](CC1=CC=C(O)C=C1)NC(=O)[C@H](CO)NC(C)=O)C(=O)N[C@@H](CCC(O)=O)C(=O)N[C@@H](CC1=CNC=N1)C(=O)N[C@@H](CC1=CC=CC=C1)C(=O)N[C@@H](CCCNC(N)=N)C(=O)N[C@@H](CC1=CNC2=C1C=CC=C2)C(=O)NCC(=O)N[C@@H](CCCCN)C(=O)N1CCC[C@H]1C(=O)N[C@@H](C(C)C)C(N)=O,afamelanotide,IC50,10.0
159365,CCC[C@@H]1N(CCN([C@@H](Cc2ccc3ccccc3c2)C(=O)NC)C1=O)C(=O)[C@@H](Cc4ccc(F)cc4)NC(=O)[C@H](C)NC,CHEMBL504349,Ki,7.0
159376,CCC[C@@H]1N(CCN([C@@H](Cc2ccc3ccccc3c2)C(=O)NC)C1=O)C(=O)[C@@H](Cc4ccc(F)cc4)NC(=O)[C@H]5CCCCN5,CHEMBL448410,Ki,7.0
159387,COCC(=O)N[C@@H](Cc1c[nH]cn1)C(=O)N[C@@H](Cc2ccccc2)C(=O)N[C@@H](CCCN=C(N)N)C(=O)N[C@@H](Cc3c[nH]c4ccccc34)C(=O)N,CHEMBL315258,Ki,7.04
159398,NC(=N)NCCC[C@H](NC(=O)[C@H](Cc1ccccc1)NC(=O)[C@H](Cc2c[nH]cn2)NC(=O)CC#N)C(=O)N[C@@H](Cc3c[nH]c4ccccc34)C(=O)N,CHEMBL88630,Ki,7.06
159409,CC(=O)N[C@@H](Cc1ccc(O)cc1)C(=O)N[C@H](Cc2ccccc2)C(=O)N3C[C@@H](C[C@@H]3CCCN=C(N)N)OCc4ccc5ccccc5c4,CHEMBL377620,Ki,7.07
159420,NC(=N)NCCC[C@H]1C[C@H](CN1C(=O)[C@H](CC[C@H]2Cc3ccccc3CN2)Cc4ccccc4)OCc5ccccc5,CHEMBL380437,Ki,7.15
159431,CCCC(=O)N[C@@H](Cc1c[nH]cn1)C(=O)N[C@@H](Cc2ccc(OC)cc2)C(=O)N[C@@H](CCCN=C(N)N)C(=O)N[C@@H](Cc3c[nH]c4ccccc34)C(=O)NCC(=O)N,CHEMBL345234,IC50,7.16
159441,CCCC[C@@H](NC(=O)C)C(=O)N[C@H]1CC(=O)NCCCC[C@H](N(C)C(=O)[C@H](Cc2c[nH]c3ccccc23)N(C)C(=O)[C@H](CCCNC(=N)N)N(C)C(=O)[C@@H](Cc4ccc5ccccc5c4)N(C)C(=O)[C@H](Cc6cnc[nH]6)N(C)C1=O)C(=O)N,CHEMBL3601432,IC50,7.17
159452,CNC(=O)[C@H](Cc1ccc2ccccc2c1)N3CCN([C@@H](C\C=N\NC(=N)N)C3=O)C(=O)[C@H](N)Cc4ccc(F)cc4,CHEMBL443396,Ki,7.2
159463,NC(=N)NCCC[C@H](NC(=O)[C@H](Cc1ccccc1)NC(=O)[C@H](Cc2c[nH]cn2)NC(=O)CC(F)(F)F)C(=O)N[C@@H](Cc3c[nH]c4ccccc34)C(=O)N,CHEMBL86573,Ki,7.2
159474,NC(=N)NCCC[C@H](NC(=O)[C@H](Cc1ccccc1)NC(=O)[C@H](Cc2c[nH]cn2)NC(=O)C(=O)N)C(=O)N[C@@H](Cc3c[nH]c4ccccc34)C(=O)N,CHEMBL328117,Ki,7.21
159485,CCCC[C@@H](NC(=O)C)C(=O)N[C@H]1CC(=O)NCCCC[C@H](N(C)C(=O)[C@H](Cc2c[nH]c3ccccc23)N(C)C(=O)[C@H](CCCNC(=N)N)NC(=O)[C@@H](Cc4ccc5ccccc5c4)N(C)C(=O)[C@H](Cc6cnc[nH]6)N(C)C1=O)C(=O)N,CHEMBL3601429,EC50,7.24
159496,CSCC(=O)N[C@@H](Cc1c[nH]cn1)C(=O)N[C@@H](Cc2ccccc2)C(=O)N[C@@H](CCCN=C(N)N)C(=O)N[C@@H](Cc3c[nH]c4ccccc34)C(=O)N,CHEMBL327450,Ki,7.24
159507,NC(=N)NCCC[C@H]1C[C@H](CN1C(=O)[C@@H](Cc2ccccc2)NC(=O)[C@@H]3CCCN3)OCc4ccc5ccccc5c4,CHEMBL375440,Ki,7.26
159518,CCC(=O)N[C@@H](Cc1c[nH]cn1)C(=O)N[C@@H](Cc2ccccc2)C(=O)N[C@@H](CCCN=C(N)N)C(=O)N[C@@H](Cc3c[nH]c4ccccc34)C(=O)N,CHEMBL407825,Ki,7.32
159529,CCCC[C@H](NC(=O)C)C(=O)C[C@H]1CC(=O)NCCCC[C@H](NC(=O)[C@H](Cc2cc3ccccc3[nH]2)NC(=O)[C@@H]4CCCN4C(=O)[C@@H](Cc5ccc(cc5)c6ccccc6)NC(=O)[C@H](Cc7cnc[nH]7)NC1=O)C(=O)N,CHEMBL438118,IC50,7.35
159539,CCCC[C@H](NC(=O)[C@H](CCCNC(=N)N)NC(=O)[C@H](Cc1cnc[nH]1)NC(=O)[C@H](CCC(=O)N)NC(=O)[C@H](CO)NC(=O)CNC(=O)COCCOCCNC(=O)CCCCCCCCCCCCCCCc2nnn[nH]2)C(=O)N[C@H]3CCC(=O)NCCCC[C@H](NC(=O)[C@H](Cc4c[nH]c5ccccc45)NC(=O)[C@H](CCCNC(=N)N)NC(=O)[C@@H](Cc6ccccc6)NC(=O)[C@@H]7C[C@@H](O)CN7C3=O)C(=O)N,CHEMBL2070251,Ki,7.36
159550,CC(C)(C)C(=O)N[C@@H](Cc1c[nH]cn1)C(=O)N[C@@H](Cc2ccccc2)C(=O)N[C@@H](CCCN=C(N)N)C(=O)N[C@@H](Cc3c[nH]c4ccccc34)C(=O)N,CHEMBL315356,Ki,7.37
159561,NC(=N)NCCC[C@H](NC(=O)[C@H](Cc1ccccc1)NC(=O)[C@H](Cc2c[nH]cn2)NC(=O)C3CC3)C(=O)N[C@@H](Cc4c[nH]c5ccccc45)C(=O)N,CHEMBL329586,Ki,7.37
159572,Fc1ccccc1CCNCc2ccccc2N3CCN(CC3)C(=O)[C@@H](Cc4ccc(Cl)cc4)NC(=O)[C@H]5Cc6ccccc6CN5,CHEMBL365278,Ki,7.38
159583,NC(=N)NCCC[C@H]1C[C@H](CN1C(=O)[C@@H](Cc2ccccc2)NC(=O)[C@@H]3Cc4ccccc4CN3)OCc5ccc6ccccc6c5,CHEMBL214347,Ki,7.38
159594,CC(C)C(=O)N[C@@H](Cc1c[nH]cn1)C(=O)N[C@@H](Cc2ccccc2)C(=O)N[C@@H](CCCN=C(N)N)C(=O)N[C@@H](Cc3c[nH]c4ccccc34)C(=O)N,CHEMBL313377,Ki,7.4
159605,NC(=N)NCCC[C@H]1C[C@H](CN1C(=O)[C@@H](Cc2ccccc2)NC(=O)[C@@H]3CCCCN3)OCc4ccc5ccccc5c4,CHEMBL213956,Ki,7.4
159616,CCCC(=O)N[C@@H](Cc1c[nH]cn1)C(=O)N[C@@H](Cc2ccccc2)C(=O)N[C@@H](CCCN=C(N)N)C(=O)N[C@@H](Cc3c[nH]c4ccccc34)C(=O)N,CHEMBL264306,Ki,7.43
159627,CCCC[C@@H](NC(=O)C)C(=O)N[C@H]1CC(=O)NCCCC[C@H](N(C)C(=O)[C@H](Cc2c[nH]c3ccccc23)N(C)C(=O)[C@H](CCCNC(=N)N)NC(=O)[C@@H](Cc4ccc5ccccc5c4)NC(=O)[C@H](Cc6cnc[nH]6)NC1=O)C(=O)N,CHEMBL3600836,EC50,7.44
159638,CC(=O)N[C@@H](CCC(=O)N)C(=O)N[C@H](Cc1ccccc1)C(=O)N2C[C@@H](C[C@@H]2CCCN=C(N)N)OCc3ccc4ccccc4c3,CHEMBL209789,Ki,7.46
159649,NC(=N)NCCC[C@H](NC(=O)[C@H](Cc1ccccc1)NC(=O)[C@H](Cc2c[nH]cn2)NC(=O)CCCO)C(=O)N[C@@H](Cc3c[nH]c4ccccc34)C(=O)N,CHEMBL88537,Ki,7.47
159660,CCCC(=O)C1(CCN(CC1)C(=O)[C@@H](Cc2ccc(OC)cc2)NC(=O)[C@H](N)Cc3c[nH]cn3)c4ccccc4,CHEMBL446941,IC50,7.5
159671,CCCC[C@@H](NC(=O)C)C(=O)N[C@H]1CC(=O)NCCCC[C@H](N(C)C(=O)[C@H](Cc2c[nH]c3ccccc23)N(C)C(=O)[C@H](CCCNC(=N)N)NC(=O)[C@@H](Cc4ccc5ccccc5c4)NC(=O)[C@H](Cc6cnc[nH]6)N(C)C1=O)C(=O)N,CHEMBL3600916,Kd,7.5
159682,NC(=N)NCCC[C@H](NC(=O)[C@H](Cc1ccccc1)NC(=O)[C@H](Cc2c[nH]cn2)NC(=O)c3ccccc3)C(=O)N[C@@H](Cc4c[nH]c5ccccc45)C(=O)N,CHEMBL316259,Ki,7.52
159693,NC(=N)NCCC[C@H]1C[C@H](CN1C(=O)[C@@H](Cc2ccccc2)NC(=O)[C@H]3Cc4ccccc4CN3)OCc5ccccc5,CHEMBL206033,Ki,7.52
159704,CCCC(=O)C1(CCN(CC1)C(=O)[C@@H](Cc2ccc(OC)cc2)NC(=O)[C@@H](N)Cc3cncn3C)c4ccccc4,CHEMBL14642,EC50,7.55
159715,NCc1ccccc1N2CCN(CC2)C(=O)[C@@H](Cc3ccc(Cl)cc3)NC(=O)[C@H]4Cc5ccccc5CN4,CHEMBL183434,Ki,7.57
159726,CCCC[C@@H](NC(=O)C)C(=O)N[C@H]1CC(=O)NCCCC[C@H](N(C)C(=O)[C@H](Cc2c[nH]c3ccccc23)N(C)C(=O)[C@H](CCCNC(=N)N)N(C)C(=O)[C@@H](Cc4ccc5ccccc5c4)NC(=O)[C@H](Cc6cnc[nH]6)N(C)C1=O)C(=O)N,CHEMBL3601428,EC50,7.59
159737,CCCC[C@H](NC(=O)C)C(=O)N[C@H]1CC(=O)NCCCC[C@H](NC(=O)[C@H](Cc2c[nH]c3ccccc23)NC(=O)[C@H](CCCNC(=N)N)NC(=O)[C@@H](Cc4ccccc4)NC(=O)[C@@H]5CCCN5C(=O)[C@H](Cc6c[nH]c7ccccc67)NC1=O)C(=O)N,CHEMBL3753760,EC50,7.59
159748,CCCC[C@@H](NC(=O)C)C(=O)N[C@H]1CC(=O)NCCCC[C@H](N(C)C(=O)[C@H](Cc2c[nH]c3ccccc23)NC(=O)[C@H](CCCNC(=N)N)N(C)C(=O)[C@@H](Cc4ccc5ccccc5c4)NC(=O)[C@H](Cc6cnc[nH]6)N(C)C1=O)C(=O)N,CHEMBL3600918,EC50,7.64
159759,CCCCC(=O)N[C@@H](Cc1c[nH]cn1)C(=O)N[C@@H](Cc2ccccc2)C(=O)N[C@@H](CCCN=C(N)N)C(=O)N[C@@H](Cc3c[nH]c4ccccc34)C(=O)N,CHEMBL406276,Ki,7.69
159770,NC(=N)NCCC[C@@H]1C[C@H](CN1C(=O)[C@@H](Cc2ccccc2)NC(=O)C3Cc4ccccc4CN3)OCc5ccc6ccccc6c5,CHEMBL213751,Ki,7.72
159781,CCCC(=O)C1(CCN(CC1)C(=O)[C@@H](Cc2ccc(OC)cc2)NC(=O)CCc3c[nH]cn3)c4ccccc4,CHEMBL276301,IC50,7.75
159792,CNC(=O)[C@H](Cc1ccc2ccccc2c1)N3CCN([C@@H](CCCN=C(N)N)C3=O)C(=O)[C@@H](Cc4ccc(F)cc4)NC(=O)C,CHEMBL384176,Ki,7.75
159803,NC(=N)NCCC[C@H](NC(=O)[C@H](Cc1ccccc1)NC(=O)[C@H](Cc2c[nH]cn2)NC(=O)Cc3ccccc3)C(=O)N[C@@H](Cc4c[nH]c5ccccc45)C(=O)N,CHEMBL89004,Ki,7.76
159814,CCC[C@@H]1N(CCN([C@@H](Cc2ccc3ccccc3c2)C(=O)NC)C1=O)C(=O)[C@@H](Cc4ccc(F)cc4)NC(=O)C5CCNCC5,CHEMBL506762,Ki,7.77
159825,CCCC(=O)N[C@@H](Cc1c[nH]cn1)C(=O)N[C@H](Cc2ccc(OCC)cc2)C(=O)N[C@@H](CCCN=C(N)N)C(=O)N[C@@H](Cc3c[nH]c4ccccc34)C(=O)NCC(=O)N,CHEMBL2112918,IC50,7.8
159836,N[C@@H](Cc1c[nH]cn1)C(=O)N[C@H](Cc2ccccc2)C(=O)N3C[C@@H](C[C@@H]3C(=O)NCCN=C(N)N)OCc4ccc5ccccc5c4,CHEMBL209587,Ki,7.82
159847,CNC(=O)[C@H](Cc1ccc2ccccc2c1)N3CCN([C@@H](CCCN=C(N)N)C3=O)C(=O)[C@@H](Cc4ccc(F)cc4)NC(=O)[C@H](Cc5ccc(O)cc5)NC(=O)C,CHEMBL385000,Ki,7.85
159858,CC(=O)N[C@@H](Cc1c[nH]cn1)C(=O)N[C@H](Cc2ccccc2)C(=O)N3C[C@@H](C[C@@H]3C(=O)NCCN=C(N)N)OCc4ccc5ccccc5c4,CHEMBL378293,Ki,7.89
159870,CNC(=O)[C@H](Cc1ccc2ccccc2c1)NC(=O)[C@H](CCCN=C(N)N)NC(=O)[C@@H](Cc3ccccc3)NC(=O)[C@H](Cc4c[nH]cn4)NC(=O)C,CHEMBL211699,Ki,7.89
159881,CCCC[C@@H](NC(=O)C)C(=O)N[C@H]1CC(=O)NCCCC[C@H](N(C)C(=O)[C@H](Cc2c[nH]c3ccccc23)NC(=O)[C@H](CCCNC(=N)N)NC(=O)[C@@H](Cc4ccc5ccccc5c4)NC(=O)[C@H](Cc6cnc[nH]6)NC1=O)C(=O)N,CHEMBL3600737,IC50,7.9
159892,NC(=N)NCCC[C@H](NC(=O)[C@H](Cc1ccccc1)NC(=O)[C@H](Cc2c[nH]cn2)NC(=O)C(O)Cc3ccccc3)C(=O)N[C@@H](Cc4c[nH]c5ccccc45)C(=O)N,CHEMBL312998,Ki,7.94
159903,CC(=O)N[C@H](Cc1ccc(O)cc1)C(=O)N[C@H](Cc2ccccc2)C(=O)N3C[C@@H](C[C@@H]3CCCN=C(N)N)OCc4ccccc4,CHEMBL380120,Ki,8.05
159913,CCCCCCCCCCCCCCCC(=O)NCC(=O)N[C@@H](CO)C(=O)N[C@@H](CCC(=O)N)C(=O)N[C@@H](Cc1cnc[nH]1)C(=O)N[C@@H](CO)C(=O)N[C@@H](CCCC)C(=O)N[C@H]2CCC(=O)NCCCC[C@H](NC(=O)[C@H](Cc3c[nH]c4ccccc34)NC(=O)[C@H](CCCNC(=N)N)NC(=O)[C@@H](Cc5ccccc5)NC(=O)[C@@H]6C[C@@H](O)CN6C2=O)C(=O)N,CHEMBL2070243,Ki,8.1
159924,NC(=N)NCCC[C@H](NC(=O)[C@H](Cc1ccccc1)NC(=O)[C@H](Cc2c[nH]cn2)NC(=O)CCc3ccccc3)C(=O)N[C@@H](Cc4c[nH]c5ccccc45)C(=O)N,CHEMBL432565,Ki,8.22
159935,NC(=N)NCCC[C@H](NC(=O)[C@H](Cc1ccccc1)NC(=O)[C@H](Cc2c[nH]cn2)NC(=O)COc3ccc(Cl)cc3)C(=O)N[C@@H](Cc4c[nH]c5ccccc45)C(=O)N,CHEMBL419307,Ki,8.22
159946,CCCC(=O)C1(CCN(CC1)C(=O)[C@@H](Cc2ccc(OC)cc2)NC(=O)[C@H](O)Cc3c[nH]cn3)c4ccccc4,CHEMBL276012,IC50,8.26
159957,CCCC(=O)C1(CCN(CC1)C(=O)[C@@H](Cc2ccc(OC)cc2)NC(=O)[C@@H](Cc3c[nH]cn3)NC(=O)C)c4ccccc4,CHEMBL275067,IC50,8.29
159968,CC(=O)N[C@@H](Cc1c[nH]cn1)C(=O)N[C@H](Cc2ccccc2)C(=O)N3C[C@@H](C[C@H]3CCCN=C(N)N)OCc4ccc5ccccc5c4,CHEMBL211419,Ki,8.33
159979,CNC(=O)[C@H](Cc1ccc2ccccc2c1)N3CCN([C@@H](CCCN=C(N)N)C3=O)C(=O)[C@@H](Cc4ccc(F)cc4)N5CCNCC5,CHEMBL214410,Ki,8.37
159989,CCCC[C@H](NC(=O)[C@@H](NC(=O)[C@H](Cc1ccc(O)cc1)NC(=O)[C@@H](N)CCCCNC(=O)CCCC#C)C(C)C)C(=O)NCC(=O)N[C@@H](Cc2cnc[nH]2)C(=O)N[C@H](Cc3ccc4ccccc4c3)C(=O)N[C@@H](CCCNC(=N)N)C(=O)N[C@H](Cc5ccccc5)C(=O)N[C@@H](CC(=O)O)C(=O)N[C@@H](CCCNC(=N)N)C(=O)N[C@@H](Cc6ccccc6)C(=O)NCC(=O)N,CHEMBL1923668,Ki,8.38
160000,O=C(CCc1c[nH]c2ccccc12)N3C[C@@H]4CCCN4C[C@H]3Cc5ccccc5,CHEMBL435923,IC50,8.4
160011,CCCC[C@@H](NC(=O)C)C(=O)N[C@H]1CC(=O)NCCCC[C@H](N(C)C(=O)[C@H](Cc2c[nH]c3ccccc23)NC(=O)[C@H](CCCNC(=N)N)N(C)C(=O)[C@@H](Cc4ccc5ccccc5c4)NC(=O)[C@H](Cc6cnc[nH]6)NC1=O)C(=O)N,CHEMBL3600837,IC50,8.41
160022,NC(=N)NCCC[C@@H]1NC(=O)[C@@H](Cc2ccccc2)NC(=O)[C@H](Cc3cnc[nH]3)NC(=O)c4cc(ccc4SC[C@H](NC(=O)[C@H](Cc5c[nH]c6ccccc56)NC1=O)C(=O)N)[N+](=O)[O-],CHEMBL504986,IC50,8.43
160033,NC(=N)NCCC[C@H](NC(=O)[C@H](Cc1ccccc1)NC(=O)[C@H](Cc2c[nH]cn2)NC(=O)Cc3ccc(Cl)cc3)C(=O)N[C@@H](Cc4c[nH]c5ccccc45)C(=O)N,CHEMBL92481,Ki,8.46
160043,CCCCCCCCCCCCCCCC(=O)NCC(=O)N[C@@H](CO)C(=O)N[C@@H](CCC(=O)N)C(=O)N[C@@H](CCCCNC(=N)N)C(=O)N[C@@H](CO)C(=O)N[C@@H](CCCC)C(=O)N[C@H]1CCC(=O)NCCCC[C@H](NC(=O)[C@H](Cc2c[nH]c3ccccc23)NC(=O)[C@H](CCCNC(=N)N)NC(=O)[C@@H](Cc4ccccc4)NC(=O)[C@@H]5C[C@@H](O)CN5C1=O)C(=O)N,CHEMBL2070245,Ki,8.5
160054,CCCC(=O)C1(CCN(CC1)C(=O)[C@@H](Cc2ccc(OC)cc2)NC(=O)[C@@H](Cc3c[nH]cn3)NC(=O)c4ccccc4)c5ccccc5,CHEMBL13910,IC50,8.51
160064,CCCC[C@H](NC(=O)[C@@H](NC(=O)[C@H](Cc1ccc(O)cc1)NC(=O)[C@@H](N)CCCCNC(=O)CCCC#C)C(C)C)C(=O)NCC(=O)N[C@@H](Cc2cnc[nH]2)C(=O)N[C@H](Cc3ccc4ccccc4c3)C(=O)N[C@@H](CCCNC(=N)N)C(=O)N[C@H](Cc5c[nH]c6ccccc56)C(=O)N[C@@H](CC(=O)O)C(=O)N[C@@H](CCCNC(=N)N)C(=O)N[C@@H](Cc7ccccc7)C(=O)NCC(=O)N,CHEMBL1923666,Ki,8.59
160075,O=C(Cc1ccccc1)N2C[C@@H]3CCCN3C[C@@H]2Cc4ccccc4,CHEMBL218748,IC50,8.66
160086,CNC(=O)[C@H](Cc1ccc2ccccc2c1)N3CCN([C@@H](CCCN=C(N)N)C3=O)C(=O)[C@@H](Cc4ccc(F)cc4)NC(=O)[C@H](CCC(=O)N)NC(=O)C,CHEMBL215833,Ki,8.7
160097,CNC(=O)[C@H](Cc1ccc2ccccc2c1)N3CCN([C@@H](CCCN=C(N)N)C3=O)C(=O)[C@@H](Cc4ccc(F)cc4)NC(=O)[C@H](Cc5c[nH]cn5)NC(=O)C,CHEMBL384774,Ki,8.7
160108,CC(=O)N[C@@H](Cc1c[nH]cn1)C(=O)N[C@H](Cc2ccccc2)C(=O)N3C[C@H](C[C@@H]3CCCN=C(N)N)OCc4ccc5ccccc5c4,CHEMBL377465,Ki,8.89
160119,O=C(Cc1ccccc1)N2C[C@@H]3CCCN3C[C@H]2Cc4ccccc4,CHEMBL373821,IC50,8.89
160130,CNC(=O)[C@H](Cc1ccc2ccccc2c1)N3CCN([C@@H](CCCN=C(N)N)C3=O)C(=O)[C@@H](Cc4ccccc4)NC(=O)[C@H](Cc5ccc(O)cc5)NC(=O)C,CHEMBL379054,Ki,9.0
160141,CC(=O)N[C@@H](Cc1c[nH]cn1)C(=O)N[C@H](Cc2ccccc2)C(=O)N3C[C@@H](C[C@@H]3CCCN=C(N)N)OCc4ccc5ccccc5c4,CHEMBL379508,Ki,9.19
160152,CNC(=O)[C@H](Cc1ccc2ccccc2c1)N3CCN([C@@H](CCCN=C(N)N)C3=O)C(=O)[C@@H](Cc4ccccc4)NC(=O)[C@H](Cc5c[nH]cn5)NC(=O)C,CHEMBL212614,Ki,9.4
160163,NC(=N)NCCC[C@H](NC(=O)[C@@H](Cc1ccccc1)NC(=O)[C@H](Cc2cnc[nH]2)NC(=O)CCCc3ccccc3)C(=O)N[C@@H](Cc4c[nH]c5ccccc45)C(=O)NCC(=O)N[C@@H](CCCCNC(=O)CCCC#C)C(=O)N,CHEMBL1923664,Ki,9.62
160174,NC(=N)NCCC[C@H](NC(=O)[C@@H](Cc1ccccc1)NC(=O)[C@H](Cc2cnc[nH]2)NC(=O)CCCc3ccccc3)C(=O)N[C@@H](Cc4c[nH]c5ccccc45)C(=O)N,CHEMBL1923662,Ki,9.77
