id,smiles,name,assay_type,activity_value
159349,CCCC[C@H](NC(=O)[C@H](CO)NC(=O)[C@H](CC1=CC=C(O)C=C1)NC(=O)[C@H](CO)NC(C)=O)C(=O)N[C@@H](CCC(O)=O)C(=O)N[C@@H](CC1=CNC=N1)C(=O)N[C@@H](CC1=CC=CC=C1)C(=O)N[C@@H](CCCNC(N)=N)C(=O)N[C@@H](CC1=CNC2=C1C=CC=C2)C(=O)NCC(=O)N[C@@H](CCCCN)C(=O)N1CCC[C@H]1C(=O)N[C@@H](C(C)C)C(N)=O,afamelanotide,Ki,8.9
166714,[H]N[C@@H](CO)C(=O)N[C@@H](CC1=CC=C(O)C=C1)C(=O)N[C@@H](CO)C(=O)N[C@@H](CCSC)C(=O)N[C@@H](CCC(O)=O)C(=O)N[C@@H](CC1=CNC=N1)C(=O)N[C@@H](CC1=CC=CC=C1)C(=O)N[C@@H](CCCNC(N)=N)C(=O)N[C@@H](CC1=CNC2=C1C=CC=C2)C(=O)NCC(=O)N[C@@H](CCCCN)C(=O)N1CCC[C@H]1C(=O)N[C@@H](C(C)C)C(=O)NCC(=O)N[C@@H](CCCCN)C(=O)N[C@@H](CCCCN)C(=O)N[C@@H](CCCNC(N)=N)C(=O)N[C@@H](CCCNC(N)=N)C(=O)N1CCC[C@H]1C(=O)N[C@@H](C(C)C)C(=O)N[C@@H](CCCCN)C(=O)N[C@@H](C(C)C)C(=O)N[C@@H](CC1=CC=C(O)C=C1)C(=O)N1CCC[C@H]1C(=O)N[C@@H](CC(N)=O)C(=O)NCC(=O)N[C@@H](C)C(=O)N[C@@H](CCC(O)=O)C(=O)N[C@@H](CC(O)=O)C(=O)N[C@@H](CCC(O)=O)C(=O)N[C@@H](CO)C(=O)N[C@@H](C)C(=O)N[C@@H](CCC(O)=O)C(=O)N[C@@H](C)C(=O)N[C@@H](CC1=CC=CC=C1)C(=O)N1CCC[C@H]1C(=O)N[C@@H](CC(C)C)C(=O)N[C@@H](CCC(O)=O)C(=O)N[C@@H](CC1=CC=CC=C1)C(O)=O,corticotropin,Ki,7.05999994
1703792,CC(=O)N[C@H]1Cc2c(CN([C@H](Cc3ccc(Br)cc3)C(=O)N[C@@H](CCCNC(=N)N)C(=O)N[C@@H](Cc4c[nH]c5ccccc45)C(=O)N)C1=O)[nH]c6ccccc26,CHEMBL3421678,IC50,7.0
1703803,CC(C)(C)NC(=O)C1(CCN(CC1)C(=O)[C@@H](Cc2ccc(Cl)cc2)NC(=O)C3CCCc4ccccc4C3N)C5CCCCC5,CHEMBL2113041,IC50,7.01
159583,NC(=N)NCCC[C@H]1C[C@H](CN1C(=O)[C@@H](Cc2ccccc2)NC(=O)[C@@H]3Cc4ccccc4CN3)OCc5ccc6ccccc6c5,CHEMBL214347,Ki,7.07
1703816,CC(C)(C)NC(=O)C1(CCN(CC1)C(=O)[C@@H](Cc2ccc(Cl)cc2)NC(=O)C3Cc4ccccc4C3N)C5CCCCC5,CHEMBL187990,IC50,7.08
1703827,N[C@H]1CCCCC(=O)CCC(=O)NCCCC[C@H](NC(=O)[C@H](Cc2c[nH]c3ccccc23)NC(=O)[C@H](CCCNC(=N)N)NC(=O)[C@@H](Cc4ccccc4)NC1=O)C(=O)N,CHEMBL411391,IC50,7.08
1703838,CCC[C@@H]1N(CCN([C@@H](Cc2ccc3ccccc3c2)C(=O)NC)C1=O)C(=O)[C@@H](Cc4ccc(F)cc4)NC(=O)[C@@H]5Cc6ccccc6CN5,CHEMBL446757,Ki,7.1
1703849,NC(=N)NCCC[C@@H]1NC(=O)[C@@H](Cc2ccccc2)NC(=O)[C@H](Cc3c[nH]cn3)NC(=O)CCC(=O)NCCCC[C@@H](NC(=O)[C@@H](Cc4c[nH]c5ccccc45)NC1=O)C(=O)N,CHEMBL91041,Ki,7.11
159452,CNC(=O)[C@H](Cc1ccc2ccccc2c1)N3CCN([C@@H](C\C=N\NC(=N)N)C3=O)C(=O)[C@H](N)Cc4ccc(F)cc4,CHEMBL443396,Ki,7.12
1703862,CNC(=O)[C@H](Cc1ccc2ccccc2c1)N3CCN([C@@H](CCCN=C(N)N)C3=O)C(=O)[C@H](N)Cc4ccc(F)cc4,CHEMBL378837,Ki,7.13
1703873,NC(=N)NCCC[C@@H]1NC(=O)[C@@H](Cc2ccccc2)NC(=O)[C@H](Cc3c[nH]cn3)NC(=O)CCCC(=O)NCCCC[C@@H](NC(=O)[C@@H](Cc4c[nH]c5ccccc45)NC1=O)C(=O)N,CHEMBL313690,EC50,7.13
1703883,CCCC[C@H](NC(=O)[C@H](CNC(=O)CN(CC(=O)O)CC(=O)O)NC(=O)[C@H](Cc1cnc[nH]1)NC(=O)[C@H](CCC(=O)N)NC(=O)[C@H](CO)NC(=O)CNC(=O)COCCOCCNC(=O)CCCCCCCCCCCCCCCc2nnn[nH]2)C(=O)N[C@H]3CCC(=O)NCCCC[C@H](NC(=O)[C@H](Cc4c[nH]c5ccccc45)NC(=O)[C@H](CCCNC(=N)N)NC(=O)[C@@H](Cc6ccccc6)NC(=O)[C@@H]7C[C@@H](O)CN7C3=O)C(=O)N,CHEMBL2070374,Ki,7.15
1703894,NC(=N)NCCC[C@@H]1NC(=O)[C@@H](Cc2ccc3ccccc3c2)NC(=O)[C@H](Cc4c[nH]cn4)NC(=O)CCC(=O)NCCCC[C@@H](NC(=O)[C@@H](Cc5c[nH]c6ccccc56)NC1=O)C(=O)N,CHEMBL432377,EC50,7.16
1703904,CCCC[C@H](NC(=O)[C@H](CO)NC(=O)[C@H](Cc1cnc[nH]1)NC(=O)[C@H](CCC(=O)N)NC(=O)[C@H](CO)NC(=O)CNC(=O)COCCOCCNC(=O)CCCCCCCCCCCCCCCc2nnn[nH]2)C(=O)N[C@H]3CCC(=O)NCCCC[C@H](NC(=O)[C@H](Cc4c[nH]c5ccccc45)NC(=O)[C@H](CCCNC(=N)N)NC(=O)[C@@H](Cc6ccccc6)NC(=O)[C@@H]7C[C@@H](O)CN7C3=O)C(=O)N,CHEMBL2070247,Ki,7.17
1703915,NCCCC[C@H](NC(=O)[C@H](Cc1c[nH]c2ccccc12)NC(=O)[C@H](CCCN=C(N)N)NC(=O)[C@@H](Cc3ccccc3)NC(=O)[C@H](Cc4c[nH]cn4)NC(=O)CCC(=O)O)C(=O)N,CHEMBL433413,EC50,7.17
1703926,NC(=N)NCCC[C@H](NC(=O)Cc1ccc(Cl)cc1)C(=O)N2C[C@H](Cc3ccccc3)C[C@H]2C(=O)NCc4ccccc4,CHEMBL413565,Ki,7.18
159803,NC(=N)NCCC[C@H](NC(=O)[C@H](Cc1ccccc1)NC(=O)[C@H](Cc2c[nH]cn2)NC(=O)Cc3ccccc3)C(=O)N[C@@H](Cc4c[nH]c5ccccc45)C(=O)N,CHEMBL89004,Ki,7.18
159924,NC(=N)NCCC[C@H](NC(=O)[C@H](Cc1ccccc1)NC(=O)[C@H](Cc2c[nH]cn2)NC(=O)CCc3ccccc3)C(=O)N[C@@H](Cc4c[nH]c5ccccc45)C(=O)N,CHEMBL432565,Ki,7.19
1703941,NC(=N)NCCC[C@@H]1NC(=O)[C@H](Cc2ccc3ccccc3c2)NC(=O)CCC(=O)NCCC[C@@H](NC(=O)[C@@H](Cc4c[nH]c5ccccc45)NC1=O)C(=O)N,CHEMBL333178,Ki,7.25
1703953,CC(=O)[C@@H]1CSSC[C@H](NC(=O)CNC(=O)[C@@H](Cc2c[nH]c3ccccc23)NC(=O)[C@H](CCCN=C(N)N)NC(=O)[C@H](Cc4ccc5ccccc5c4)NC(=O)[C@H](Cc6c[nH]cn6)NC(=O)[C@@H](CCC(=O)O)NC1=O)C(=O)N7CCC[C@H]7C(=O)CN8CCC[C@H]8C(=O)CN[C@@H](CCCCN)C(=O)CN[C@@H](CC(=O)O)C(=O)N,CHEMBL415333,Ki,7.27
159638,CC(=O)N[C@@H](CCC(=O)N)C(=O)N[C@H](Cc1ccccc1)C(=O)N2C[C@@H](C[C@@H]2CCCN=C(N)N)OCc3ccc4ccccc4c3,CHEMBL209789,Ki,7.3
1703966,CCCC[C@H](N)C(=O)N[C@H]1CC(=O)NCCCC[C@H](NC(=O)[C@H](Cc2c[nH]c3ccccc23)NC(=O)[C@H](CCCNC(=N)N)NC(=O)[C@@H](Cc4ccccc4)N5Cc6ccccc6CC(NC1=O)C5=O)C(=O)N,CHEMBL234629,IC50,7.3
1703977,CC(C)(C)NC(=O)C1(CCN(CC1)C(=O)[C@@H](Cc2ccc(Cl)cc2)NC(=O)C3Cc4ccccc4CC3N)C5CCCCC5,CHEMBL362523,IC50,7.32
1703988,NC(=N)NCCC[C@@H]1NC(=O)[C@H](Cc2ccc3ccccc3c2)NC(=O)[C@H](Cc4c[nH]cn4)NC(=O)CCC(=O)NCCCC[C@@H](NC(=O)[C@@H](Cc5c[nH]c6ccccc56)NC1=O)C(=O)N,CHEMBL124169,Ki,7.33
1703999,CCCC[C@H](N)C(=O)N[C@H]1CC(=O)NCCCC[C@H](NC(=O)[C@H](Cc2c[nH]c3ccccc23)NC(=O)[C@H](CCCNC(=N)N)NC(=O)[C@@H](Cc4ccc5ccccc5c4)N6Cc7ccccc7CC(NC1=O)C6=O)C(=O)N,CHEMBL391704,IC50,7.37
159409,CC(=O)N[C@@H](Cc1ccc(O)cc1)C(=O)N[C@H](Cc2ccccc2)C(=O)N3C[C@@H](C[C@@H]3CCCN=C(N)N)OCc4ccc5ccccc5c4,CHEMBL377620,Ki,7.38
1704012,CCCC[C@H](NC(=O)C)C(=O)N[C@H]1CC(=O)NCCCC[C@H](NC(=O)[C@H](Cc2c[nH]c3ccccc23)NC(=O)[C@H](CCCNC(=N)N)NC(=O)[C@@H](Cc4ccc5ccccc5c4)NC(=O)[C@@H]6CCCN6C(=O)[C@H](Cc7c[nH]c8ccccc78)NC1=O)C(=O)N,CHEMBL3753126,EC50,7.38
1704022,CCCC[C@H](NC(=O)[C@H](CN)NC(=O)[C@H](Cc1cnc[nH]1)NC(=O)[C@H](CCC(=O)N)NC(=O)[C@H](CO)NC(=O)CNC(=O)COCCOCCNC(=O)CCCCCCCCCCCCCCCc2nnn[nH]2)C(=O)N[C@H]3CCC(=O)NCCCC[C@H](NC(=O)[C@H](Cc4c[nH]c5ccccc45)NC(=O)[C@H](CCCNC(=N)N)NC(=O)[C@@H](Cc6ccccc6)NC(=O)[C@@H]7C[C@@H](O)CN7C3=O)C(=O)N,CHEMBL2070249,Ki,7.38
160022,NC(=N)NCCC[C@@H]1NC(=O)[C@@H](Cc2ccccc2)NC(=O)[C@H](Cc3cnc[nH]3)NC(=O)c4cc(ccc4SC[C@H](NC(=O)[C@H](Cc5c[nH]c6ccccc56)NC1=O)C(=O)N)[N+](=O)[O-],CHEMBL504986,IC50,7.4
160097,CNC(=O)[C@H](Cc1ccc2ccccc2c1)N3CCN([C@@H](CCCN=C(N)N)C3=O)C(=O)[C@@H](Cc4ccc(F)cc4)NC(=O)[C@H](Cc5c[nH]cn5)NC(=O)C,CHEMBL384774,Ki,7.46
1704037,C[C@@H]1CN(C[C@H](C)N1)C(=O)N[C@H](Cc2ccc(Cl)cc2)C(=O)N3CCC(CC3)(C4CCCCC4)C(=O)NC(C)(C)C,CHEMBL1762009,IC50,7.48
159715,NCc1ccccc1N2CCN(CC2)C(=O)[C@@H](Cc3ccc(Cl)cc3)NC(=O)[C@H]4Cc5ccccc5CN4,CHEMBL183434,Ki,7.48
1704050,CC(C)(C)NC(=O)C1(CCN(CC1)C(=O)[C@@H](Cc2ccc(Cl)cc2)NC(=O)[C@@H]3CCc4ccccc4[C@@H]3N)C5CCCCC5,CHEMBL360818,IC50,7.5
1704061,NC(=N)NCCC[C@@H]1NC(=O)[C@@H](Cc2ccc3ccccc3c2)NC(=O)[C@@H]4CCCN4C(=O)c5ccccc5C(=O)NCCCC[C@H](NC(=O)[C@H](Cc6c[nH]c7ccccc67)NC1=O)C(=O)N,CHEMBL253788,IC50,7.5
1704072,CC(=O)[C@@H]1CSSC[C@@H](NC(=O)[C@@H](Cc2c[nH]c3ccccc23)NC(=O)[C@H](CCCN=C(N)N)NC(=O)[C@H](Cc4ccc5ccccc5c4)NC(=O)[C@@H]6CCCN6C(=O)[C@@H](CCC(=O)O)NC1=O)C(=O)N7CCC[C@H]7C(=O)CN8CCC[C@H]8C(=O)CN[C@@H](CCCCN)C(=O)CN[C@@H](CC(=O)O)C(=O)N,CHEMBL268094,IC50,7.51
1704083,CCCC[C@H](N)C(=O)N[C@H]1CC(=O)NCCCC[C@H](NC(=O)[C@H](Cc2c[nH]c3ccccc23)NC(=O)[C@H](CCCNC(=N)N)NC(=O)[C@@H](Cc4ccc(Cl)cc4)N5Cc6ccccc6CC(NC1=O)C5=O)C(=O)N,CHEMBL391796,IC50,7.54
1704094,NC(=N)NCCC[C@@H]1NC(=O)[C@H](Cc2ccc3ccccc3c2)NC(=O)[C@H](Cc4c[nH]cn4)NC(=O)CCC(=O)NCC(NC(=O)[C@@H](Cc5c[nH]c6ccccc56)NC1=O)C(=O)N,CHEMBL434985,Ki,7.54
159539,CCCC[C@H](NC(=O)[C@H](CCCNC(=N)N)NC(=O)[C@H](Cc1cnc[nH]1)NC(=O)[C@H](CCC(=O)N)NC(=O)[C@H](CO)NC(=O)CNC(=O)COCCOCCNC(=O)CCCCCCCCCCCCCCCc2nnn[nH]2)C(=O)N[C@H]3CCC(=O)NCCCC[C@H](NC(=O)[C@H](Cc4c[nH]c5ccccc45)NC(=O)[C@H](CCCNC(=N)N)NC(=O)[C@@H](Cc6ccccc6)NC(=O)[C@@H]7C[C@@H](O)CN7C3=O)C(=O)N,CHEMBL2070251,Ki,7.57
160141,CC(=O)N[C@@H](Cc1c[nH]cn1)C(=O)N[C@H](Cc2ccccc2)C(=O)N3C[C@@H](C[C@@H]3CCCN=C(N)N)OCc4ccc5ccccc5c4,CHEMBL379508,Ki,7.59
1704109,CC(=O)N[C@@H]1CSSC[C@H](NC(=O)CNC(=O)[C@@H](Cc2c[nH]c3ccccc23)NC(=O)[C@H](CCCN=C(N)N)NC(=O)[C@H](Cc4ccc5ccccc5c4)NC(=O)[C@H](Cc6c[nH]cn6)NC(=O)[C@@H](CCC(=O)O)NC1=O)C(=O)N7CCC[C@H]7C(=O)N8CCC[C@H]8C(=O)[C@H](CCCCN)NC(=O)[C@@H](N)CC(=O)O,CHEMBL2370553,Ki,7.6
1704120,CCCC[C@@H](NC(=O)C)C(=O)N[C@H]1CC(=O)NCCCC[C@H](N(C)C(=O)[C@H](Cc2c[nH]c3ccccc23)NC(=O)[C@H](CCCNC(=N)N)NC(=O)[C@@H](Cc4ccc5ccccc5c4)NC(=O)[C@H](Cc6cnc[nH]6)N(C)C1=O)C(=O)N,CHEMBL3600839,IC50,7.6
1704131,Clc1ccc(C[C@@H](NC(=O)[C@H]2Cc3ccccc3CN2)C(=O)N4CCN(CC4)c5ccccc5Cn6cncn6)cc1,CHEMBL340355,Ki,7.62
159903,CC(=O)N[C@H](Cc1ccc(O)cc1)C(=O)N[C@H](Cc2ccccc2)C(=O)N3C[C@@H](C[C@@H]3CCCN=C(N)N)OCc4ccccc4,CHEMBL380120,Ki,7.64
159881,CCCC[C@@H](NC(=O)C)C(=O)N[C@H]1CC(=O)NCCCC[C@H](N(C)C(=O)[C@H](Cc2c[nH]c3ccccc23)NC(=O)[C@H](CCCNC(=N)N)NC(=O)[C@@H](Cc4ccc5ccccc5c4)NC(=O)[C@H](Cc6cnc[nH]6)NC1=O)C(=O)N,CHEMBL3600737,IC50,7.64
1704146,NC(=N)NCCC[C@@H]1NC(=O)[C@@H](Cc2ccc3ccccc3c2)NC(=O)c4nccnc4C(=O)NCCCC[C@H](NC(=O)[C@H](Cc5c[nH]c6ccccc56)NC1=O)C(=O)N,CHEMBL253789,IC50,7.64
1704157,CC(=O)N[C@@H]1CSSC[C@H](NC(=O)CNC(=O)[C@@H](Cc2c[nH]c3ccccc23)NC(=O)[C@H](CCCN=C(N)N)NC(=O)[C@H](Cc4ccc(Cl)c(Cl)c4)NC(=O)[C@H](Cc5c[nH]cn5)NC(=O)[C@@H](CCC(=O)O)NC1=O)C(=O)N6CCC[C@H]6C(=O)N7CCC[C@H]7C(=O)[C@H](CCCCN)NC(=O)[C@@H](N)CC(=O)O,CHEMBL2370533,Ki,7.7
159726,CCCC[C@@H](NC(=O)C)C(=O)N[C@H]1CC(=O)NCCCC[C@H](N(C)C(=O)[C@H](Cc2c[nH]c3ccccc23)N(C)C(=O)[C@H](CCCNC(=N)N)N(C)C(=O)[C@@H](Cc4ccc5ccccc5c4)NC(=O)[C@H](Cc6cnc[nH]6)N(C)C1=O)C(=O)N,CHEMBL3601428,IC50,7.7
1704169,NC(=N)NCCC[C@@H]1NC(=O)[C@@H](Cc2ccc3ccccc3c2)NC(=O)[C@@H]4CCCN4C(=O)\C=C/C(=O)NCCCC[C@H](NC(=O)[C@H](Cc5c[nH]c6ccccc56)NC1=O)C(=O)N,CHEMBL398635,IC50,7.7
160033,NC(=N)NCCC[C@H](NC(=O)[C@H](Cc1ccccc1)NC(=O)[C@H](Cc2c[nH]cn2)NC(=O)Cc3ccc(Cl)cc3)C(=O)N[C@@H](Cc4c[nH]c5ccccc45)C(=O)N,CHEMBL92481,Ki,7.7
159627,CCCC[C@@H](NC(=O)C)C(=O)N[C@H]1CC(=O)NCCCC[C@H](N(C)C(=O)[C@H](Cc2c[nH]c3ccccc23)N(C)C(=O)[C@H](CCCNC(=N)N)NC(=O)[C@@H](Cc4ccc5ccccc5c4)NC(=O)[C@H](Cc6cnc[nH]6)NC1=O)C(=O)N,CHEMBL3600836,IC50,7.75
1704184,NC(=N)NCCC[C@@H]1NC(=O)[C@@H](Cc2ccc3ccccc3c2)NC(=O)[C@H](Cc4c[nH]cn4)NC(=O)c5ccccc5C(=O)NCCCC[C@@H](NC(=O)[C@@H](Cc6c[nH]c7ccccc67)NC1=O)C(=O)N,CHEMBL439188,EC50,7.75
159979,CNC(=O)[C@H](Cc1ccc2ccccc2c1)N3CCN([C@@H](CCCN=C(N)N)C3=O)C(=O)[C@@H](Cc4ccc(F)cc4)N5CCNCC5,CHEMBL214410,Ki,7.77
1704197,CCCC[C@@H](NC(=O)C)C(=O)N[C@H]1CC(=O)NCCCC[C@H](N(C)C(=O)[C@H](Cc2c[nH]c3ccccc23)NC(=O)[C@H](CCCNC(=N)N)NC(=O)[C@@H](Cc4ccc5ccccc5c4)N(C)C(=O)[C@H](Cc6cnc[nH]6)N(C)C1=O)C(=O)N,CHEMBL3600919,IC50,7.86
1704208,NC(=N)NCCC[C@H](NC(=O)[C@H](Cc1ccccc1)NC(=O)[C@H](Cc2c[nH]cn2)NC(=O)CCCc3ccccc3)C(=O)N[C@@H](Cc4c[nH]c5ccccc45)C(=O)N,CHEMBL431801,Ki,7.87
1704218,CCCC[C@H](NC(=O)[C@H](CNC(C)C)NC(=O)[C@H](Cc1cnc[nH]1)NC(=O)[C@H](CCC(=O)N)NC(=O)[C@H](CO)NC(=O)CNC(=O)COCCOCCNC(=O)CCCCCCCCCCCCCCCc2nnn[nH]2)C(=O)N[C@H]3CCC(=O)NCCCC[C@H](NC(=O)[C@H](Cc4c[nH]c5ccccc45)NC(=O)[C@H](CCCNC(=N)N)NC(=O)[C@@H](Cc6ccccc6)NC(=O)[C@@H]7C[C@@H](O)CN7C3=O)C(=O)N,CHEMBL2070252,Ki,7.89
1704229,NC(=N)NCCC[C@@H]1NC(=O)[C@@H](Cc2ccccc2)NC(=O)[C@H](Cc3c[nH]cn3)NC(=O)c4ccccc4C(=O)NCCCC[C@@H](NC(=O)[C@@H](Cc5c[nH]c6ccccc56)NC1=O)C(=O)N,CHEMBL314401,EC50,7.89
1704240,N[C@H]1CCCCC(=O)CCC(=O)NCCCC[C@H](NC(=O)[C@H](Cc2c[nH]c3ccccc23)NC(=O)[C@H](CCCNC(=N)N)NC(=O)[C@@H](Cc4ccc5ccccc5c4)NC1=O)C(=O)N,CHEMBL267265,IC50,7.92
159671,CCCC[C@@H](NC(=O)C)C(=O)N[C@H]1CC(=O)NCCCC[C@H](N(C)C(=O)[C@H](Cc2c[nH]c3ccccc23)N(C)C(=O)[C@H](CCCNC(=N)N)NC(=O)[C@@H](Cc4ccc5ccccc5c4)NC(=O)[C@H](Cc6cnc[nH]6)N(C)C1=O)C(=O)N,CHEMBL3600916,EC50,7.96
1704252,CCCC[C@H](NC(=O)[C@H](CN(C)C)NC(=O)[C@H](Cc1cnc[nH]1)NC(=O)[C@H](CCC(=O)N)NC(=O)[C@H](CO)NC(=O)CNC(=O)COCCOCCNC(=O)CCCCCCCCCCCCCCCc2nnn[nH]2)C(=O)N[C@H]3CCC(=O)NCCCC[C@H](NC(=O)[C@H](Cc4c[nH]c5ccccc45)NC(=O)[C@H](CCCNC(=N)N)NC(=O)[C@@H](Cc6ccccc6)NC(=O)[C@@H]7C[C@@H](O)CN7C3=O)C(=O)N,CHEMBL2069317,Ki,7.96
1704263,NC(=N)NCCC[C@@H]1NC(=O)[C@@H](Cc2ccc3ccccc3c2)NC(=O)[C@@H]4CCCN4C(=O)c5ccccc5C(=O)CCCNCCCC[C@H](NC(=O)[C@H](Cc6c[nH]c7ccccc67)NC1=O)C(=O)N,CHEMBL398665,IC50,7.96
1704274,CCCC[C@@H](NC(=O)C)C(=O)N[C@H]1CC(=O)NCCCC[C@H](N(C)C(=O)[C@H](Cc2c[nH]c3ccccc23)N(C)C(=O)[C@H](CCCNC(=N)N)N(C)C(=O)[C@@H](Cc4ccc5ccccc5c4)NC(=O)[C@H](Cc6cnc[nH]6)NC1=O)C(=O)N,CHEMBL3600914,IC50,8.01
1704284,CCCCCCCCCCCCCCCC(=O)NS(=O)(=O)CCCC(=O)NCC(=O)N[C@@H](CO)C(=O)N[C@@H](CCC(=O)N)C(=O)N[C@@H](Cc1cnc[nH]1)C(=O)N[C@@H](CO)C(=O)N[C@@H](CCCC)C(=O)N[C@H]2CCC(=O)NCCCC[C@H](NC(=O)[C@H](Cc3c[nH]c4ccccc34)NC(=O)[C@H](CCCNC(=N)N)NC(=O)[C@@H](Cc5ccccc5)NC(=O)[C@@H]6C[C@@H](O)CN6C2=O)C(=O)N,CHEMBL2070246,Ki,8.09
1704294,CCCCCCCCCCCCCCCC(=O)NCC(=O)NCC(=O)NCC(=O)NCC(=O)NCC(=O)N[C@@H](CCCC)C(=O)N[C@H]1CCC(=O)NCCCC[C@H](NC(=O)[C@H](Cc2c[nH]c3ccccc23)NC(=O)[C@H](CCCNC(=N)N)NC(=O)[C@@H](Cc4ccccc4)NC(=O)[C@@H]5C[C@@H](O)CN5C1=O)C(=O)N,CHEMBL2070248,Ki,8.1
1704305,CCCC[C@@H](NC(=O)C)C(=O)N[C@H]1CC(=O)NCCCC[C@H](N(C)C(=O)[C@H](Cc2c[nH]c3ccccc23)NC(=O)[C@H](CCCNC(=N)N)N(C)C(=O)[C@@H](Cc4ccc5ccccc5c4)N(C)C(=O)[C@H](Cc6cnc[nH]6)NC1=O)C(=O)N,CHEMBL3600917,IC50,8.1
159792,CNC(=O)[C@H](Cc1ccc2ccccc2c1)N3CCN([C@@H](CCCN=C(N)N)C3=O)C(=O)[C@@H](Cc4ccc(F)cc4)NC(=O)C,CHEMBL384176,Ki,8.16
1704318,NC(=N)NCCC[C@@H]1NC(=O)[C@@H](Cc2ccc3ccccc3c2)NC(=O)[C@H](Cc4c[nH]cn4)NC(=O)CCCC(=O)NCCCC[C@@H](NC(=O)[C@@H](Cc5c[nH]c6ccccc56)NC1=O)C(=O)N,CHEMBL313279,Ki,8.23
160119,O=C(Cc1ccccc1)N2C[C@@H]3CCCN3C[C@H]2Cc4ccccc4,CHEMBL373821,IC50,8.3
160086,CNC(=O)[C@H](Cc1ccc2ccccc2c1)N3CCN([C@@H](CCCN=C(N)N)C3=O)C(=O)[C@@H](Cc4ccc(F)cc4)NC(=O)[C@H](CCC(=O)N)NC(=O)C,CHEMBL215833,Ki,8.48
1704333,CC(=O)C1C(=O)N[C@H](CCC(=O)O)C(=O)N[C@@H](Cc2c[nH]cn2)C(=O)N[C@@H](Cc3ccc4ccccc4c3)C(=O)N[C@@H](CCCN=C(N)N)C(=O)N[C@H](Cc5c[nH]c6ccccc56)C(=O)NC(CSSC1(C)C)C(=O)N7CCC[C@H]7C(=O)CN8CCC[C@H]8C(=O)CN[C@@H](CCCCN)C(=O)CN[C@@H](CC(=O)O)C(=O)N,CHEMBL263585,IC50,8.52
159913,CCCCCCCCCCCCCCCC(=O)NCC(=O)N[C@@H](CO)C(=O)N[C@@H](CCC(=O)N)C(=O)N[C@@H](Cc1cnc[nH]1)C(=O)N[C@@H](CO)C(=O)N[C@@H](CCCC)C(=O)N[C@H]2CCC(=O)NCCCC[C@H](NC(=O)[C@H](Cc3c[nH]c4ccccc34)NC(=O)[C@H](CCCNC(=N)N)NC(=O)[C@@H](Cc5ccccc5)NC(=O)[C@@H]6C[C@@H](O)CN6C2=O)C(=O)N,CHEMBL2070243,Ki,8.6
159748,CCCC[C@@H](NC(=O)C)C(=O)N[C@H]1CC(=O)NCCCC[C@H](N(C)C(=O)[C@H](Cc2c[nH]c3ccccc23)NC(=O)[C@H](CCCNC(=N)N)N(C)C(=O)[C@@H](Cc4ccc5ccccc5c4)NC(=O)[C@H](Cc6cnc[nH]6)N(C)C1=O)C(=O)N,CHEMBL3600918,IC50,8.6
1704347,CCCC[C@H](NC(=O)C)C(=O)N[C@H]1CC(=O)NCCCC[C@H](NC(=O)[C@H](Cc2c[nH]c3ccccc23)NC(=O)[C@H](CCCNC(=N)N)NC(=O)[C@@H](Cc4ccc5ccccc5c4)NC(=O)[C@@H]6CCCN6C(=O)[C@@H]7CCCN7C1=O)C(=O)N,CHEMBL3752534,IC50,8.62
160043,CCCCCCCCCCCCCCCC(=O)NCC(=O)N[C@@H](CO)C(=O)N[C@@H](CCC(=O)N)C(=O)N[C@@H](CCCCNC(=N)N)C(=O)N[C@@H](CO)C(=O)N[C@@H](CCCC)C(=O)N[C@H]1CCC(=O)NCCCC[C@H](NC(=O)[C@H](Cc2c[nH]c3ccccc23)NC(=O)[C@H](CCCNC(=N)N)NC(=O)[C@@H](Cc4ccccc4)NC(=O)[C@@H]5C[C@@H](O)CN5C1=O)C(=O)N,CHEMBL2070245,Ki,8.7
1704360,CCCC[C@H](NC(=O)C)C(=O)N[C@H]1CC(=O)NCCCCC[C@H](NC(=O)[C@H](Cc2c[nH]c3ccccc23)NC(=O)[C@H](CCCNC(=N)N)NC(=O)[C@H](Cc4ccccc4)NC(=O)[C@H](Cc5c[nH]cn5)NC1=O)C(=O)N,CHEMBL2370154,EC50,8.73
160011,CCCC[C@@H](NC(=O)C)C(=O)N[C@H]1CC(=O)NCCCC[C@H](N(C)C(=O)[C@H](Cc2c[nH]c3ccccc23)NC(=O)[C@H](CCCNC(=N)N)N(C)C(=O)[C@@H](Cc4ccc5ccccc5c4)NC(=O)[C@H](Cc6cnc[nH]6)NC1=O)C(=O)N,CHEMBL3600837,IC50,8.8
160000,O=C(CCc1c[nH]c2ccccc12)N3C[C@@H]4CCCN4C[C@H]3Cc5ccccc5,CHEMBL435923,IC50,8.92
159847,CNC(=O)[C@H](Cc1ccc2ccccc2c1)N3CCN([C@@H](CCCN=C(N)N)C3=O)C(=O)[C@@H](Cc4ccc(F)cc4)NC(=O)[C@H](Cc5ccc(O)cc5)NC(=O)C,CHEMBL385000,Ki,8.96
160152,CNC(=O)[C@H](Cc1ccc2ccccc2c1)N3CCN([C@@H](CCCN=C(N)N)C3=O)C(=O)[C@@H](Cc4ccccc4)NC(=O)[C@H](Cc5c[nH]cn5)NC(=O)C,CHEMBL212614,Ki,9.0
160130,CNC(=O)[C@H](Cc1ccc2ccccc2c1)N3CCN([C@@H](CCCN=C(N)N)C3=O)C(=O)[C@@H](Cc4ccccc4)NC(=O)[C@H](Cc5ccc(O)cc5)NC(=O)C,CHEMBL379054,Ki,9.0
1704381,CCCC[C@@H](NC(=O)C)C(=O)N[C@@H]1CC(=O)NCCCC[C@H](NC(=O)[C@H](Cc2c[nH]c3ccccc23)NC(=O)[C@@H](CCCNC(=N)N)NC(=O)[C@H](Cc4ccc5ccccc5c4)NC(O)[C@H]6CCCN6C1=O)C(=O)N,CHEMBL1161313,Kd,9.4
