id,smiles,name,assay_type,activity_value
1736208,CC(=O)N[C@@H]1CC2(CCN(Cc3ccc4c(c3)c5ccccc5n4C(=O)N)CC2)c6ccccc16,CHEMBL1934130,Ki,7.89
1436756,CN(C)CCOc1cc(C)c2cc(NC(=O)COc3ccc(Cl)cc3Cl)ccc2n1,CHEMBL194837,IC50,8.06
1448145,CN(C)CCNc1cc(C)c2cc(NC(=O)\C=C\c3ccc(OC(F)(F)F)cc3)ccc2n1,CHEMBL196196,IC50,8.08
1454299,CN(C)CCCNc1cc(C)c2cc(NC(=O)COc3ccc(OC(F)(F)F)cc3)ccc2n1,CHEMBL196581,IC50,8.15
1451515,CNCCN(C)c1cc(C)c2cc(NC(=O)COc3ccc(Cl)cc3Cl)ccc2n1,CHEMBL373084,IC50,8.17
1450039,Cc1cc(nc2ccc(NC(=O)COc3ccc(OC(F)(F)F)cc3)cc12)N4CC5CC4CN5,CHEMBL427540,IC50,8.17
1440747,CN(CCO)c1cc(C)c2cc(NC(=O)\C=C\c3ccc(OC(F)(F)F)cc3)ccc2n1,CHEMBL197050,IC50,8.19
1451334,Cc1cc(nc2ccc(NC(=O)COc3ccc(OC(F)(F)F)cc3)cc12)N4CCC(CC4)N5CCCC5,CHEMBL195635,IC50,8.2
1454420,Cc1cc(nc2ccc(NC(=O)COc3ccc(OC(F)(F)F)cc3)cc12)N4CCC(N)CC4,CHEMBL197026,IC50,8.33
1450179,CN(C)CCN(C)c1cc(C)c2cc(NC(=O)COc3ccc(Cl)cc3Cl)ccc2n1,CHEMBL194408,IC50,8.35
1447119,Cc1cc(nc2ccc(NC(=O)COc3ccc(Cl)cc3Cl)cc12)N4CCNCC4,CHEMBL196667,IC50,8.43
1457442,CSCC[C@H](NC(=O)[C@H](CC(=O)O)NC(=O)[C@H](Cc1ccccc1)NC(=O)[C@@H](N)CC(=O)O)C(=O)N[C@@H](CC(C)C)C(=O)N[C@@H](CCCNC(=N)N)C(=O)N[C@H]2CSSC[C@H](NC(=O)[C@@H]3CCCN3C(=O)[C@H](CCCNC(=N)N)NC(=O)[C@H](Cc4ccccc4)NC(=O)[C@@H](NC(=O)[C@H](CCCNC(=N)N)NC(=O)CNC(=O)[C@H](CC(C)C)NC(=O)[C@H](CCSC)NC2=O)C(C)C)C(=O)N[C@@H](Cc5c[nH]c6ccccc56)C(=O)N[C@@H](CCC(=O)N)CN[C@@H](Cc7ccc(O)cc7)C(=O)O,CHEMBL557629,Ki,8.8
3175800,COc1ccc2oc(c(CCNC(=O)C)c2c1)c3ccccc3,CHEMBL287560,Ki,11.0
