id,smiles,name,assay_type,activity_value
430459,CC(C)[C@H]1NC(=O)[C@@H](Cc2cccc(Cl)c2)NCCOc3ccccc3CCCNC(=O)[C@H](CN\C(=N\C#N)\N)NC1=O,CHEMBL411408,Ki,7.0
430471,CC(C)[C@H]1NC(=O)[C@@H](Cc2cccc(Cl)c2)NCCOc3ccccc3CCCNC(=O)[C@H](CNC4=NCCCN4)NC1=O,CHEMBL277329,Ki,7.06
430482,CCC[C@@H]1NC(=O)[C@H](NC(=O)[C@@H](Cc2ccc3ccccc3c2)NCCOc4ccccc4CCCNC1=O)C(C)C,CHEMBL216400,Ki,7.1
430493,CCC[C@@H]1NC(=O)[C@H](NC(=O)[C@@H](Cc2ccccc2)NCCOc3ccccc3\C=C\CNC1=O)C(C)C,CHEMBL215016,Ki,7.11
430505,CC[C@H]1OC(=O)[C@H](C)[C@@H](O[C@H]2C[C@@](C)(OC)[C@@H](O)[C@H](C)O2)[C@H](C)[C@@H](O[C@@H]3O[C@H](C)C[C@@H]([C@H]3O)N(C)C)[C@](C)(O)C[C@@H](C)C(=O)[C@H](C)[C@@H](O)[C@]1(C)O,CHEMBL532,IC50,7.15
430515,CC(C)[C@H]1NC(=O)[C@@H](Cc2cccc(Cl)c2)NCCOc3ccccc3CCCNC(=O)[C@H](CN)NC1=O,CHEMBL393541,Ki,7.19
430526,CC(C)C[C@@H]1NC(=O)[C@H](NC(=O)[C@@H](Cc2ccc(O)cc2)NCCOc3ccccc3\C=C\CNC1=O)C(C)C,CHEMBL215946,Ki,7.21
430537,CC(C)[C@H]1NC(=O)[C@@H](Cc2cccc(Cl)c2)NCCOc3ccccc3CCCNC(=O)[C@H](Cn4ccnc4)NC1=O,CHEMBL393439,Ki,7.21
430548,CC(C)[C@H]1NC(=O)[C@@H](Cc2ccc(Cl)cc2)NCCOc3ccccc3CCCNC(=O)[C@H](CN)NC1=O,CHEMBL391045,Ki,7.22
430559,CC(C)[C@H]1NC(=O)[C@@H](Cc2cccc(Cl)c2)NCCOc3ccccc3CCCNC(=O)[C@H](CNC(=N)N)NC1=O,CHEMBL392553,Ki,7.24
430570,CCC[C@@H]1NC(=O)[C@H](NC(=O)[C@@H](Cc2ccccc2)NCCOc3ccccc3CCCNC1=O)C(C)C,CHEMBL215440,Ki,7.24
430581,CCC[C@@H]1NC(=O)[C@H](NC(=O)[C@@H](Cc2ccc(O)cc2)NCCOc3ccccc3CCCNC1=O)C(C)C,CHEMBL215825,Ki,7.26
430592,CC(C)[C@H]1NC(=O)[C@@H](Cc2cccc(Cl)c2)NCCOc3ccccc3CCCNC(=O)[C@H](CNC4=NCCN4)NC1=O,CHEMBL409410,Ki,7.29
430603,CC(C)[C@H]1NC(=O)[C@@H](Cc2cccc(Cl)c2)NCCOc3ccccc3CCCNC(=O)[C@H](CNc4nccs4)NC1=O,CHEMBL393842,Ki,7.39
430614,CCC1OC(=O)C(C)C(O[C@H]2C[C@@](C)(OC)[C@@H](O)C(C)O2)C(C)[C@@H](OC3OC(C)CC([C@H]3O)N(C)C)[C@]4(C)CC(=C(O4)[C@H](C)[C@@H](O)[C@]1(C)OC)C,CHEMBL166642,IC50,7.4
430624,CC(C)[C@H]1NC(=O)[C@@H](Cc2cccc(Cl)c2)NCCOc3ccccc3CCCNC(=O)[C@H](CCNC(=N)N)NC1=O,CHEMBL411409,Ki,7.48
430635,CNC[C@@H]1NC(=O)[C@H](NC(=O)[C@@H](Cc2ccc(Cl)cc2)NCCOc3ccccc3CCCNC1=O)C(C)C,CHEMBL233560,Ki,7.51
430646,CC(C)[C@H]1NC(=O)[C@@H](Cc2cccc(Cl)c2)NCCOc3ccccc3CCCNC(=O)[C@H](CCC(=N)N)NC1=O,CHEMBL234810,Ki,7.57
430657,CC(C)[C@H]1NC(=O)[C@@H](Cc2cccc(Cl)c2)NCCOc3ccccc3CCCNC(=O)[C@H](CN(C)C)NC1=O,CHEMBL400635,Ki,7.57
430668,CC(C)[C@H]1NC(=O)[C@@H](Cc2cccc(c2)C(F)(F)F)NCCOc3ccccc3CCCNC(=O)[C@H](Cn4nnc(C)c4C)NC1=O,CHEMBL410786,Ki,7.64
430679,CC(C)[C@H]1NC(=O)[C@@H](Cc2cccc(c2)C(F)(F)F)NCCOc3ccccc3CCCNC(=O)[C@H](Cn4nnnc4C)NC1=O,CHEMBL392656,Ki,7.68
430690,CC(C)[C@H]1NC(=O)[C@@H](Cc2cccc(c2)C(F)(F)F)NCCOc3ccccc3CCCNC(=O)[C@H](CNc4ncccn4)NC1=O,CHEMBL231744,Ki,7.7
430701,CC(C)[C@H]1NC(=O)[C@@H](Cc2cccc(Cl)c2)NCCOc3ccccc3CCCNC(=O)[C@H](Cn4cccn4)NC1=O,CHEMBL392657,Ki,7.75
430712,CC(C)[C@H]1NC(=O)[C@@H](Cc2cccc(c2)C(F)(F)F)NCCOc3ccccc3CCCNC(=O)[C@H](Cn4nncc4C)NC1=O,CHEMBL269007,Ki,7.77
430723,CC(C)[C@H]1NC(=O)[C@@H](Cc2ccc(Cl)cc2)NCCOc3ccccc3CCCNC(=O)[C@H](CN(C)C)NC1=O,CHEMBL233561,Ki,7.8
430734,CC(C)[C@H]1NC(=O)[C@@H](Cc2cccc(c2)C(F)(F)F)NCCOc3ccccc3CCCNC(=O)[C@H](CN)NC1=O,CHEMBL274876,Ki,7.82
430745,CCC1OC(=O)C(C)C(O[C@H]2C[C@@](C)(OC)[C@@H](O)C(C)O2)C(C)[C@@H](OC3OC(C)CC([C@H]3O)N(C)C(C)C)[C@]4(C)CC(=C(O4)[C@H](C)[C@@H](O)[C@]1(C)OC)C,CHEMBL351216,IC50,7.82
430755,CCC[C@@H]1NC(=O)[C@H](NC(=O)[C@@H](Cc2csc3ccccc23)NCCOc4ccccc4CCCNC1=O)C(C)C,CHEMBL450634,Ki,7.96
430766,COc1cccc(CCN(Cc2ccccc2c3ccc(CN4C[C@@H](C)N[C@@H](C)C4)cc3)C(=O)NC5CCCCC5)c1,CHEMBL501315,EC50,8.0
430777,CCC1OC(=O)C(C)C(O[C@H]2C[C@@](C)(OC)[C@@H](O)C(C)O2)C(C)[C@@H](OC3OC(C)CC([C@H]3O)N(C)CC)[C@]4(C)CC(=C(O4)[C@H](C)[C@@H](O)[C@]1(C)OC)C,CHEMBL262052,IC50,8.08
430787,CCC[C@@H]1NC(=O)[C@H](NC(=O)[C@@H](Cc2cccc3ccccc23)NCCOc4ccccc4CCCNC1=O)C(C)C,CHEMBL385087,Ki,8.08
430798,CCC[C@@H]1NC(=O)[C@H](NC(=O)[C@@H](Cc2ccc(OC)cc2)NCCOc3ccccc3CCCNC1=O)C(C)C,CHEMBL384501,Ki,8.1
430809,CC(C)[C@H]1NC(=O)[C@@H](Cc2ccc(Cl)cc2)NCCOc3ccccc3CCCNC(=O)[C@H](CNC(=N)N)NC1=O,CHEMBL232154,Ki,8.22
430820,CC(C)[C@H]1NC(=O)[C@@H](Cc2cccc(c2)C(F)(F)F)NCCOc3ccccc3CCCNC(=O)[C@H](CNC(=N)N)NC1=O,CHEMBL396413,Ki,8.22
430831,CNC[C@@H]1NC(=O)[C@H](NC(=O)[C@@H](Cc2cccc(c2)C(F)(F)F)NCCOc3ccccc3CCCNC1=O)C(C)C,CHEMBL233711,Ki,8.22
430842,CC(C)[C@H]1NC(=O)[C@@H](Cc2cccc(c2)C(F)(F)F)NCCOc3ccccc3CCCNC(=O)[C@H](CN4CCCC4)NC1=O,CHEMBL393315,Ki,8.34
430852,CC[C@H]1OC(=O)[C@H](C)[C@@H](O[C@H]2C[C@@](C)(OC)[C@@H](O)[C@H](C)O2)[C@H](C)[C@@H](O[C@@H]3O[C@H](C)C[C@@H]([C@H]3O)N(C)C(C)C)[C@]4(C)CC(=C(O4)[C@H](C)C(=O)[C@]1(C)OC)C,CHEMBL1778156,IC50,8.4
430864,C[C@@H]1CN(Cc2ccc(cc2)c3cccnc3C(=O)N4CCC(CC4)Nc5ccc(F)cc5)C[C@H](C)N1,CHEMBL473921,IC50,8.4
430875,CC[C@H]1OC(=O)[C@H](C)[C@@H](O[C@H]2C[C@@](C)(OC)[C@@H](O)[C@H](C)O2)[C@H](C)[C@@H](O[C@@H]3O[C@H](C)C[C@@H]([C@H]3O)N(C)C)[C@@]4(C)CC(=C(O4)[C@H](C)[C@@H](O)[C@]1(C)O)C,CHEMBL300004,IC50,8.47
430885,CC[C@H]1OC(=O)[C@H](C)[C@@H](O[C@H]2C[C@](C)(C[C@@H](C)O2)OC)[C@H](C)[C@@H](O[C@@H]3O[C@H](C)C[C@@H]([C@H]3O)N(C)CC)[C@@]4(C)CC(=C(O4)[C@H](C)[C@@H](O)[C@H]1C)C,CHEMBL1628277,Ki,8.47
430896,CCC1OC(=O)C(C)C(C[C@@H](OC2OC(C)CC([C@H]2O)N(C)CC)[C@]3(C)CC(=C(O3)[C@H](C)[C@@H](O)[C@]1(C)O)C)OC4C[C@@](C)(OC)[C@@H](O)C(C)O4,CHEMBL353526,IC50,8.5
430906,NC(=O)[C@@H](CCc1ccccc1)NC(=O)[C@@H](CCc2ccccc2)NC(=O)C3CCC4(CCNCC4)N5N3C(=O)N(Cc6ccc7OCOc7c6)C5=O,CHEMBL298224,Ki,8.57
430917,Cl.CCNC(=O)[C@H](Cc1ccc(O)c(c1)C(C)(C)C)C(N)C(=O)[C@H](C(C)C)N(C)C(=O)[C@H](Cc2ccc(F)cc2)NC,CHEMBL2313632,Ki,8.58
430928,NC(=O)[C@H](CCc1ccccc1)NC(=O)[C@H](CCc2ccccc2)NC(=O)C3C=CC4(CCNCC4)N5N3C(=O)N(Cc6ccc7OCOc7c6)C5=O,CHEMBL296748,Ki,8.7
430940,NC(=O)[C@H](CCc1ccccc1)NC(=O)[C@H](CCc2ccccc2)NC(=O)C3CCC4(CCNCC4)N5N3C(=O)N(Cc6ccc7OCOc7c6)C5=O,CHEMBL297494,Ki,9.0
