id,smiles,name,assay_type,activity_value
3169121,[H][C@@]1(CNC(=O)CC)C[C@@]1([H])C1=C2CCOC2=CC=C1,tasimelteon,Ki,9.80000019
3169132,CCC(=O)NCC[C@@H]1CCC2=C1C1=C(OCC1)C=C2,ramelteon,Ki,10.39
753268,COC1=CC2=C(C=CC=C2CCNC(C)=O)C=C1,agomelatine,Ki,10.0
3169144,COC1=CC2=C(NC=C2CCNC(C)=O)C=C1,melatonin,EC50,9.7
3169171,COc1cc2CCN(C(CC(c3ccccc3)c4ccccc4)c2cc1OC)C(=O)C(F)(F)F,CHEMBL366115,IC50,7.0
3169182,CCNC(=O)N[C@H]1CCN(C1)c2cccc3oc(CCCCc4ccccc4)cc23,CHEMBL359561,Ki,7.01
3169194,C[S+]([O-])c1ccc2cccc(CCNC(=O)C)c2c1,CHEMBL456646,IC50,7.01
3169205,CC(=O)NCCCc1cn2CCCc3cccc1c23,CHEMBL241928,Ki,7.02
3169216,CCC1=C(C)C2=Cc3c(CCNC(=O)C)c4cc(OC)ccc4n3[B-](F)(F)[N+]2=C1C,CHEMBL3109562,Ki,7.02
3169227,O=C(NCCCc1cccc2oc(CCCCc3ccccc3)cc12)C4CC4,CHEMBL183846,Ki,7.02
3169238,CCNC(=O)N1CCN(CC1)C2CCCc3ccc(OC)cc23,CHEMBL19503,IC50,7.03
3169249,CN(CCNC(=O)C)c1cccc(OCCCCCCCCOc2cccc(c2)N(C)CCNC(=O)C)c1,CHEMBL1813322,Ki,7.03
3169260,CN(CCNC(=O)C)c1cccc(OCCCCc2ccccc2)c1,CHEMBL3260987,Ki,7.04
3169270,CC(=O)NCCC1Cc2ccccc2Cc3ccccc13,CHEMBL364835,Ki,7.05
3169281,CC(=O)NCCCc1cccc2nc(oc12)c3ccccc3,CHEMBL126005,Ki,7.05
3169292,CC(C)C(=O)NC[C@@H]1C[C@H]1c2cccc3O[C@H](CCCCc4ccccc4)Cc23,CHEMBL361854,Ki,7.05
3169303,CCNC(=O)NC[C@@H]1C[C@H]1c2c(Cl)ccc3O[C@H](CCCCc4ccccc4)Cc23,CHEMBL181457,Ki,7.05
3169314,CCNC(=O)NC[C@@H]1C[C@H]1c2cccc3oc(CCCCc4ccccc4)cc23,CHEMBL362097,Ki,7.05
3169325,COc1ccc2c(c1)c(cn2C)C3(CNC(=O)C)CC3,CHEMBL209711,Ki,7.05
3169336,COc1ccc2cccc(N3CCN(CC3)C(=O)C4CC4)c2c1,CHEMBL19442,IC50,7.05
3169347,CC(=O)NCCc1c[nH]c2ccc(OCCCOc3ccccc3)cc12,CHEMBL3260986,Ki,7.06
3169357,CC(C)C(=O)NCCCc1cccc2nc(oc12)C(C)C,CHEMBL123973,Ki,7.06
3169368,CC(=O)NCC1=Cc2ccccc2Cc3ccccc13,CHEMBL365249,Ki,7.07
3169379,CC(=O)NCCc1cccc2ccc(OCCCCOc3ccc4[nH]cc(CCNC(=O)C)c4c3)cc12,CHEMBL1095522,Ki,7.07
3169390,CC(C)C(=O)N[C@@H]1CCN(C1)c2cccc3OCCc23,CHEMBL336024,Ki,7.07
3169401,CCCC(=O)NCC1(CCCC1)c2cn(C)c3ccc(OC)cc23,CHEMBL206419,Ki,7.07
3169412,CCOc1ccc2c(c1)c(CCNC(=O)C3CC3)c4c5ccccc5CCCn24,CHEMBL9935,Ki,7.07
3169423,COc1ccc(OC)c(c1)[C@@H]2C[C@H]2NC(=O)C,CHEMBL2314263,Ki,7.07
3169434,CC(C)C(=O)NCCCc1cccc2oc(CCCCc3ccccc3)cc12,CHEMBL187186,Ki,7.08
3169445,COc1cc2CCN(C=O)C(CCc3ccccc3)c2cc1OC,CHEMBL360641,IC50,7.08
3169456,COc1cccc(Nc2ccc(NC(=O)C(C)C)cc2)c1,CHEMBL7874,Ki,7.08
3169467,CCCC(=O)NCCCc1cccc2oc(CCCCc3ccccc3)cc12,CHEMBL184990,Ki,7.09
3169478,COc1ccc2[nH]c(Cn3ccc4ccccc34)c(CCNC(=O)C5CCC5)c2c1,CHEMBL3219325,Ki,7.09
3169488,COc1ccc2[nH]cc(CC(=O)NCC#C)c2c1,CHEMBL3580907,EC50,7.09
3169499,CC(=O)NCCc1c(Cc2ccccc2)oc3ccc(O)cc13,CHEMBL91813,Ki,7.1
3169510,CCCC(=O)N1CCc2cc(OC)c(OC)cc2C1CC(c3ccccc3)c4ccccc4,CHEMBL186451,IC50,7.1
3169521,COc1cc2CCN(C(CCc3ccccc3)c2cc1OC)C(=O)C,CHEMBL187593,IC50,7.12
3169532,COc1ccc2CCCC(N3CCN(CC3)C(=O)C4CC4)c2c1,CHEMBL275205,IC50,7.13
3169544,CC(=O)NCCc1cccc2ccc(OCCCCOc3ccc4cccc(CCNC(=O)C)c4c3)cc12,CHEMBL14453,Ki,7.14
3169554,CCC(=O)NCCc1c(OCCI)ccc2ccc(OC)cc12,CHEMBL79224,Ki,7.14
3169564,COc1ccc(OCCCc2ccccc2)c(CCCNC(=O)C)c1,CHEMBL1091896,Ki,7.14
3169575,COc1ccc2c(c1)c(cn2C)C3(CNC(=O)C)CCC3,CHEMBL379413,Ki,7.14
3169586,COc1ccc2[nH]cc(Cc3oc(C)nn3)c2c1,CHEMBL3580915,EC50,7.15
3169597,O=C(NCCCc1cn2CCCc3cccc1c23)C4CC4,CHEMBL242573,Ki,7.15
3169608,COc1cc(CCCNC(=O)C)ccc1OCc2ccccc2,CHEMBL1092647,Ki,7.16
3169619,CCCC(=O)NC[C@@H](C)Oc1cccc(OC)c1,CHEMBL1223194,Ki,7.17
3169630,COc1ccc2[nH]cc(CCc3ocnn3)c2c1,CHEMBL3580917,Ki,7.17
3169641,COc1cccc(OCCNC(=O)C)c1,CHEMBL396132,Ki,7.17
3169652,COc1ccc2c(c1)c(cn2C)C3(CNC(=O)C)CCCC3,CHEMBL379403,Ki,7.18
3169663,COc1ccc2[nH]c(C(=O)OCCCCCCCOC(=O)c3[nH]c4ccc(OC)cc4c3CCNC(=O)C)c(CCNC(=O)C)c2c1,CHEMBL226163,Ki,7.19
3169674,COc1ccc2c(c1)c(CCNC(=O)C)c3CN4C(Cc5ccccc45)Cn23,CHEMBL514413,Ki,7.19
3169685,COc1cccc(Nc2ccc(NC(=O)C3CC3)cc2)c1,CHEMBL7713,Ki,7.19
3169696,CCCC(=O)NCCc1c2c3ccccc3CCCn2c4ccccc14,CHEMBL9815,Ki,7.2
3169707,COc1ccc2[nH]c(CN(C)c3ccc(cc3)C(F)(F)F)c(CCNC(=O)C)c2c1,CHEMBL563847,Ki,7.2
3169718,CCC(=O)N1CCc2cc(OC)c(OC)cc2C1CC(c3ccccc3)c4ccccc4,CHEMBL188120,IC50,7.21
3169729,COc1ccc2[nH]c(C(=O)OCCCCCOC(=O)c3[nH]c4ccc(OC)cc4c3CCNC(=O)C)c(CCNC(=O)C)c2c1,CHEMBL226162,Ki,7.21
3169740,COc1ccc2[nH]cc(c2c1)C3(CNC(=O)C4CCC4)CCC3,CHEMBL377809,Ki,7.21
3169751,CCC(=O)NCCCc1cccc2oc(CCCCc3ccccc3)cc12,CHEMBL363936,Ki,7.22
3169762,CCNC(=O)NCCCc1cccc2nc(oc12)c3ccccc3,CHEMBL127576,Ki,7.22
3169773,CNC(=O)N1CCc2cc(OC)c(OC)cc2C1CC(c3ccccc3)c4ccccc4,CHEMBL186590,IC50,7.22
3169784,CC(C(=O)O)c1ccc2cc(OCCCCOc3ccc4cccc(CCNC(=O)C)c4c3)ccc2c1,CHEMBL1095505,Ki,7.23
3169795,CNC(=O)CCc1c(nc2ccc(OC)cn12)c3ccccc3,CHEMBL1823016,Ki,7.23
3169806,COc1cc2c(CCNC(=O)C)coc2cn1,CHEMBL3763247,Ki,7.23
3169817,CC(C)C(=O)NCCCc1cccc2nc(oc12)c3ccccc3,CHEMBL123612,Ki,7.24
3169828,CCCC(=O)NCC1(CCC1)c2c[nH]c3ccc(OC)cc23,CHEMBL207676,Ki,7.24
3169839,CC(C)C(=O)NC[C@@H]1CC1c2cccc3oc(CCCCc4ccccc4)cc23,CHEMBL184562,Ki,7.27
3169850,CCNC(=O)NCCCc1cccc2nc(oc12)C(C)C,CHEMBL123972,Ki,7.28
3169861,CCNC(=O)NCCCc1cccc2oc(CCCCc3ccccc3)cc12,CHEMBL183962,Ki,7.28
3169872,COc1cccc(c1)N(CCN(C)C(=O)C)c2ccccc2,CHEMBL235334,Ki,7.28
3169883,O=C(NCCc1c2c3ccccc3CCCn2c4ccccc14)C5CC5,CHEMBL9791,Ki,7.28
3169894,CC(=O)NCCc1cccc2ccc(OCCCCOc3ccc(cc3)c4ccc(cc4)C(=O)O)cc12,CHEMBL1094546,Ki,7.29
3169905,CC(=O)NCCc1c[nH]c2ccc(OCCCc3ccccc3)cc12,CHEMBL3260985,Ki,7.31
3169916,COc1cccc(S[C@H](C)CNC(=O)C2CC2)c1,CHEMBL1223191,Ki,7.31
3169927,COc1ccc2cc(cc(CCNC(=O)C3CCC3)c2c1)c4cccc(CO)c4,CHEMBL478438,Ki,7.32
888396,CC(=O)NCCc1c(Cc2ccccc2)[nH]c3ccccc13,CHEMBL286615,Ki,7.33
3169940,CC(=O)NCCc1cccc2ccc(OCCCCOc3ccc4cccc(CC(=O)O)c4c3)cc12,CHEMBL1095504,Ki,7.34
3169951,CCC(=O)NCCc1c2c3ccccc3CCCn2c4ccccc14,CHEMBL9838,Ki,7.34
3169962,CCNC(=O)NCCc1oc2ccc3ccc(OC)cc3c2c1,CHEMBL3759180,Ki,7.34
3169973,COc1ccc(O)c(CCCNC(=O)C)c1,CHEMBL1092062,Ki,7.34
3169984,COc1cccc2c1cc(CCNC(=O)C3CC3)n2c4ccccc4,CHEMBL318871,Ki,7.34
3169995,COc1cc2CCN(C(CC(c3ccccc3)c4ccccc4)c2c(OC)c1)C(=O)C,CHEMBL187136,IC50,7.35
3170006,CC(=O)NCCc1cccc2ccc(OCCCOc3ccccc3)cc12,CHEMBL3740052,Ki,7.36
3170016,COc1ccc2CCC(N3CCN(CC3)C(=O)C)c2c1,CHEMBL277429,IC50,7.36
3170027,COc1ccc2[nH]c(C(=O)OCCCCCCCCCCCCOC(=O)c3[nH]c4ccc(OC)cc4c3CCNC(=O)C)c(CCNC(=O)C)c2c1,CHEMBL220091,Ki,7.36
3170038,COc1ccc2[nH]cc(Cc3onc(C)n3)c2c1,CHEMBL3580913,Ki,7.36
3170049,COc1ccc2cc(cc(CCNC(=O)C)c2c1)c3cccc(c3)C(=O)O,CHEMBL490594,Ki,7.36
3170060,COc1ccc2cccc3CC(CCNC(=O)C4CC4)c1c23,CHEMBL130813,Ki,7.38
3170071,CN(CCNC(=O)C)c1cccc(OCCCCCCCCCCOc2cccc(c2)N(C)CCNC(=O)C)c1,CHEMBL1813323,Ki,7.39
3170082,CC(C)C(=O)NCCCc1cccc2O[C@H](CCCCc3ccccc3)Cc12,CHEMBL181687,Ki,7.4
3170093,CCNC(=O)NCCCc1cccc2O[C@H](CCCCc3ccccc3)Cc12,CHEMBL181192,Ki,7.4
3170104,CCNC(=O)NC[C@@H]1C[C@H]1c2cccc3O[C@H](CCCCc4ccccc4)Cc23,CHEMBL361206,Ki,7.4
3170115,COc1ccc2Cc3ccccc3CC(CCNC(=O)C)c2c1,CHEMBL187160,Ki,7.4
3170126,COc1cccc(SCCNC(=O)C)c1,CHEMBL1223124,Ki,7.4
3170137,CCC(=O)NCC1(CC1)c2cn(C)c3ccc(OC)cc23,CHEMBL377871,Ki,7.41
3170148,CCC(=O)N[C@@H]1CCN(C1)c2cccc3OCCc23,CHEMBL138848,Ki,7.41
3170159,CCCC(=O)Nc1ccc(Nc2cccc3OCCc23)cc1,CHEMBL8004,Ki,7.41
3170171,COc1ccc2c(c(CCNC(=O)C)c(I)n2C)c1[N+](=O)[O-],CHEMBL300728,Ki,7.41
3170182,CCC(=O)NCCN1c2ccccc2C=Cc3ccc(OC)cc13,CHEMBL364806,Ki,7.42
3170193,O=C(NCCCc1cccc2nc(oc12)c3ccccc3)C4CC4,CHEMBL445840,Ki,7.42
3170204,CC(=O)NCCc1c2c3ccccc3CCn2c4ccccc14,CHEMBL9634,Ki,7.44
3170215,CCCc1oc2c(CCCNC(=O)NCC)cccc2n1,CHEMBL127565,Ki,7.44
3170226,COc1ccc2[nH]c(CN3C(CO)Cc4ccccc34)c(CCNC(=O)C)c2c1,CHEMBL498494,Ki,7.44
3170237,COc1ccc2oc(Cc3ccccc3)c(CCNC(=O)c4occc4)c2c1,CHEMBL96173,Ki,7.44
3170248,COc1cccc(c1)N(CCCCCCN(CCNC(=O)C)c2cccc(OC)c2)CCNC(=O)C,CHEMBL1813325,Ki,7.44
3170285,CC(C)c1oc2c(CCCNC(=O)C)cccc2n1,CHEMBL123690,Ki,7.46
3170296,CCCc1oc2c(CCCNC(=O)C)cccc2n1,CHEMBL124216,Ki,7.46
3170307,COc1cc2c(CCNC(=O)C)c[nH]c2cn1,CHEMBL3765249,Ki,7.46
3170318,O=C(N[C@@H]1CCN(C1)c2cccc3OCCc23)C4CC4,CHEMBL138228,Ki,7.46
3170329,CC(=O)NCCc1c2c3ccccc3Cn2c4ccc(Cl)cc14,CHEMBL273624,Ki,7.47
3170340,COc1ccc2N(Cc3[nH]c4ccc(OC)cc4c3CCNC(=O)C)C(CO)Cc2c1,CHEMBL525374,Ki,7.47
3170351,COc1ccc2[nH]c(CN3Cc4ccccc4C3)c(CCNC(=O)C5CC5)c2c1,CHEMBL3219329,Ki,7.47
3170361,CCCC(=O)Nc1ccc(cc1)C(=O)c2cccc(OC)c2,CHEMBL8200,Ki,7.48
3170372,COc1ccc2c(c1)c(cn2C)C(C)(C)CNC(=O)C3CCC3,CHEMBL382439,Ki,7.48
3170383,O=C(NC[C@@H]1CC1c2cccc3oc(CCCCc4ccccc4)cc23)C5CC5,CHEMBL360428,Ki,7.48
3170394,CCC(=O)N1CCN(CC1)C2CCc3ccc(OC)cc23,CHEMBL18810,IC50,7.5
3170405,CCC(=O)NCC1(CCC1)c2c[nH]c3ccc(OC)cc23,CHEMBL207420,Ki,7.5
3170416,COc1ccc2c(c1)c(CCNC(=O)C3CCC3)c4c5ccccc5CCCn24,CHEMBL9917,Ki,7.5
3170427,CC(=O)NCC1Cc2ccccc2Cc3ccccc13,CHEMBL363321,Ki,7.52
3170438,CCCC(=O)NCCCc1cccc2O[C@H](CCCCc3ccccc3)Cc12,CHEMBL368886,Ki,7.52
3170449,COc1cc2CCN(C(CC(c3ccccc3)c4ccccc4)c2cc1OC)C(=O)N,CHEMBL186262,IC50,7.52
3170460,COc1ccc2[nH]c(CN3CCc4cc(Br)ccc34)c(CCNC(=O)C)c2c1,CHEMBL457807,Ki,7.52
3170471,COc1ccc2c(cn(CCNC(=O)C)c2n1)C(=O)C(F)(F)F,CHEMBL1760955,Ki,7.52
3170482,O=C(NCCCc1cccc2O[C@H](CCCCc3ccccc3)Cc12)C4CC4,CHEMBL181974,Ki,7.52
3170493,CCCC(=O)NCCCc1cccc2nc(CCCCc3ccccc3)oc12,CHEMBL125705,Ki,7.54
3170504,CCCCCCOc1ccc2OCCC(CCNC(=O)C)c2c1,CHEMBL3260984,Ki,7.54
3170515,CCCc1oc2c(CCCNC(=O)C(C)C)cccc2n1,CHEMBL331636,Ki,7.54
3170526,COc1cc(c2[nH]cc(CCNC(=O)C)c2c1)[N+](=O)[O-],CHEMBL300729,Ki,7.54
3170537,COc1ccc2[nH]cc(CCC3=NNC(=O)O3)c2c1,CHEMBL3580919,EC50,7.54
3170548,COc1ccc2[nH]cc(c2c1)C3(CNC(=O)C4CC4)CCC3,CHEMBL206790,Ki,7.54
3170559,COc1ccc(COc2ccc(OC)cc2CCCNC(=O)C)cc1,CHEMBL1092839,Ki,7.55
3170570,COc1ccc(cc1)N(CCNC(=O)C)c2ccccc2,CHEMBL394676,Ki,7.56
3170581,CCCC(=O)Nc1cccc(Oc2cccc(OC)c2)c1,CHEMBL416328,Ki,7.57
3170592,CCCc1oc2c(CCCNC(=O)CC)cccc2n1,CHEMBL124783,Ki,7.57
3170603,CCCC(=O)NC[C@@H](C)Sc1cccc(OC)c1,CHEMBL1223197,Ki,7.58
3170614,COC(=O)Nc1ccc2cccc(CCNC(=O)C)c2c1,CHEMBL1770214,IC50,7.58
3170625,COc1ccc(OC)c(CCCNC(=O)C)c1,CHEMBL1092400,Ki,7.58
3170636,COc1ccc2[nH]c(CN3CCc4ccc(cc34)[N+](=O)[O-])c(CCNC(=O)C)c2c1,CHEMBL513933,Ki,7.58
3170647,CCNC(=O)NCCCc1cccc2nc(C)oc12,CHEMBL125226,Ki,7.59
3170658,COc1ccc(\C=C\C2=[N+]3C(=Cc4c(CCNC(=O)C)c5cc(OC)ccc5n4[B-]3(F)F)C=C2)cc1,CHEMBL3109560,Ki,7.59
3170669,COc1ccc2[nH]c(CN3CCCC3)c(CCNC(=O)C)c2c1,CHEMBL514904,Ki,7.6
3170680,Fc1ccc(Sc2sc3ccc(F)cc3c2CCNC(=O)CCCCl)cc1,CHEMBL1779808,Ki,7.61
3170691,COc1cc2C(CC(c3ccccc3)c4ccccc4)N(CCc2cc1Br)C(=O)C,CHEMBL186941,IC50,7.62
3170702,COc1cc2CCN(C(CCc3ccccc3)c2cc1OC)C(=O)C4CCC4,CHEMBL365648,IC50,7.62
3170713,COc1ccc2ccc3occ(CNC(=O)C(C)C)c3c2c1,CHEMBL3759054,Ki,7.62
3170725,COc1ccc2[nH]c(I)c(CCNC(=O)C)c2c1[N+](=O)[O-],CHEMBL52559,Ki,7.63
3170736,COc1ccc2cc(cc(CCNC(=O)C)c2c1)c3ccc(CO)cc3,CHEMBL476132,Ki,7.64
3170747,[I-].CCC(=O)NCCc1c(OCC[N+](C)(C)C)ccc2ccc(OC)cc12,CHEMBL78338,Ki,7.64
3170757,CCCC(=O)N[C@@H]1CCN(C1)c2cccc3OCCc23,CHEMBL341705,Ki,7.65
3170768,CCCC(=O)NCCCc1cccc2nc(CCC)oc12,CHEMBL124782,Ki,7.66
3170779,CCOc1ccc2c(c1)c(CCNC(=O)CC)c3c4ccccc4CCCn23,CHEMBL276005,Ki,7.66
3170790,COC(=O)N1CCc2cc(OC)c(OC)cc2C1CC(c3ccccc3)c4ccccc4,CHEMBL433573,IC50,7.66
3170802,O=C(NCCCc1cccc2nc(CCCCc3ccccc3)oc12)C4CC4,CHEMBL334079,Ki,7.66
3170813,CC(=O)NCCc1cccc2ccc(OCCCc3ccccc3)cc12,CHEMBL3739824,Ki,7.67
3170823,COc1ccc2[nH]c(CN3CCc4ccccc4C3)c(CCNC(=O)C)c2c1,CHEMBL3219323,Ki,7.67
3170833,COc1cccc(O[C@H](C)CNC(=O)C2CC2)c1,CHEMBL1223129,Ki,7.68
3170844,CCC(=O)NCCCc1cccc2O[C@H](CCCCc3ccccc3)Cc12,CHEMBL178678,Ki,7.7
3170855,COc1ccc2[nH]c(C(=O)OCCCCCCCCCOC(=O)c3ccccc3)c(CCNC(=O)C)c2c1,CHEMBL225301,Ki,7.7
3170866,COC(=O)c1ccc(cc1)c2ccc(OCCCCOc3ccc4cccc(CCNC(=O)C)c4c3)cc2,CHEMBL1094545,Ki,7.72
3170877,O=C(NC1CC1)N[C@H]2CCN(C2)c3cccc4OCCc34,CHEMBL136894,Ki,7.72
3170888,COc1cccc(Cc2oc3ccccc3c2CCNC(=O)C)c1,CHEMBL445117,Ki,7.73
3170899,CC(C)C(=O)NCCCc1cccc2nc(CCCCc3ccccc3)oc12,CHEMBL435586,Ki,7.75
3170910,CCC(=O)NCCc1cc2c(OC)cccc2n1Cc3ccccc3,CHEMBL99002,Ki,7.75
3170921,CCC(=O)NCCCc1cn2CCCc3cccc1c23,CHEMBL244263,Ki,7.76
3170932,CCC(=O)NCCc1c2c3ccccc3Cn2c4ccccc14,CHEMBL269175,Ki,7.76
3170943,CC(=O)NCCc1c2c3ccccc3Cn2c4ccccc14,CHEMBL9765,Ki,7.77
3170954,CC(=O)NCCc1cccc2ccc(OCCCCOc3ccc4scc(CCNC(=O)C)c4c3)cc12,CHEMBL1097497,Ki,7.77
3170965,CCCC(=O)NCCCc1cccc2nc(oc12)c3ccccc3,CHEMBL339784,Ki,7.77
3170976,CCNc1nnc(Cc2c[nH]c3ccc(OC)cc23)s1,CHEMBL3580926,Ki,7.77
3170987,CCc1ccc2oc(Cc3cccc(OC)c3)c(CCNC(=O)C)c2c1,CHEMBL96778,Ki,7.77
3170998,O=C(NCCC1Cc2cccc3cccc1c23)C4CC4,CHEMBL131431,Ki,7.79
3171009,CC(=O)NCCCc1cccc2nc(CCCCc3ccccc3)oc12,CHEMBL339265,Ki,7.8
3171020,CCCC(=O)NCCCc1cccc2nc(oc12)C(C)C,CHEMBL124445,Ki,7.8
3171031,CCCOc1ccc2ccc(OC)cc2c1CCNC(=O)CC,CHEMBL311106,Ki,7.8
705145,COc1ccc2[nH]cc(CCN(C)C)c2c1,CHEMBL7257,Ki,7.8
3171043,COc1ccc2[nH]c(C(=O)OCCCCCCCCCCOC(=O)c3[nH]c4ccc(OC)cc4c3CCNC(=O)C)c(CCNC(=O)C)c2c1,CHEMBL388141,Ki,7.81
3171054,CCC(=O)NCCCc1cccc2nc(oc12)C(C)C,CHEMBL123634,Ki,7.82
3171065,CNC(=O)N\C=C\c1cccc2ccccc12,CHEMBL2314254,Ki,7.82
3171076,COc1ccc2[nH]c(CN3CCc4cc(C)ccc34)c(CCNC(=O)C)c2c1,CHEMBL514427,Ki,7.82
3171087,COc1ccc2ccc3occ(CNC(=O)C4CC4)c3c2c1,CHEMBL3759816,Ki,7.82
3171098,COc1cccc(Oc2ccc(NC(=O)CC(C)C)cc2)c1,CHEMBL7708,Ki,7.82
3171109,FC(F)C(=O)NCCc1cccc2ccc(OCCCCOc3ccc4cccc(CCNC(=O)C(F)F)c4c3)cc12,CHEMBL3740377,Ki,7.82
3171119,CCC(=O)NCCc1c(CN2CCc3ccccc23)[nH]c4ccc(OC)cc14,CHEMBL457352,Ki,7.84
3171130,CC(=O)N[C@H]1CCN(C1)c2cccc3oc(CCCCc4ccccc4)cc23,CHEMBL188016,Ki,7.85
3171141,CCC(=O)NCCCc1cccc2nc(CCCCc3ccccc3)oc12,CHEMBL330969,Ki,7.85
3171152,COc1ccc2[nH]c(C(=O)OCCCOC(=O)c3[nH]c4ccc(OC)cc4c3CCNC(=O)C)c(CCNC(=O)C)c2c1,CHEMBL226112,Ki,7.85
3171163,COc1ccc2[nH]c(CN3C(C)Cc4ccccc34)c(CCNC(=O)C)c2c1,CHEMBL508552,Ki,7.85
3171174,CC(=O)NCCc1coc2ccc(OCCCCOc3ccc4cccc(CCNC(=O)C)c4c3)cc12,CHEMBL1097496,Ki,7.86
3171185,COc1ccc(OCCc2ccccc2)c(CCCNC(=O)C)c1,CHEMBL1091895,Ki,7.87
3171196,O=C(NCCc1cccc2ccc(OCCCCOc3ccc4cccc(CCNC(=O)C5CC5)c4c3)cc12)C6CC6,CHEMBL1097314,Ki,7.87
3171207,COc1ccc2ccc3occ(CCNC(=O)C4CC4)c3c2c1,CHEMBL3759606,Ki,7.88
3171218,COc1ccc2cccc3C(CCNC(=O)C4CC4)CCc1c23,CHEMBL336633,Ki,7.88
3171229,O=C(NCC=C(c1ccccc1)c2ccccc2)C3CCC3,CHEMBL426168,Ki,7.88
3171240,CCC(=O)NCCCc1cc2c(OC)cccc2n1c3ccccc3,CHEMBL99001,Ki,7.89
3171251,COc1ccc2oc(Cc3c(Cl)cccc3Cl)c(CCNC(=O)C)c2c1,CHEMBL96562,Ki,7.89
3171262,COc1cccc(OC(C)CNC(=O)C2CC2)c1,CHEMBL1223128,Ki,7.89
3171273,COc1cccc(Oc2ccc(NC(=O)C3CC3)cc2)c1,CHEMBL7673,Ki,7.89
3171284,CNC(=O)NC[C@@H]1C[C@H]1c2cccc3NC(Oc23)C(C)C,CHEMBL19237,Ki,7.9
3171295,COc1cc(CCCNC(=O)C)ccc1O,CHEMBL1092047,Ki,7.9
3171306,CCCC(=O)NCCc1c2c3ccccc3Cn2c4ccccc14,CHEMBL10328,Ki,7.92
3171317,CCNC(=O)NCCCc1cccc2nc(CC)oc12,CHEMBL124217,Ki,7.92
3171328,COc1ccc2c(c1)c(CCNC(=O)C3CC3)c4c5ccccc5CCCn24,CHEMBL10124,Ki,7.92
3171339,CC(=O)NCCc1cccc2ccc(OCCCCOc3ccc4cccc(CCNC(=O)c5occc5)c4c3)cc12,CHEMBL1096991,Ki,7.93
3171350,CCCC(=O)NCCCc1cn2CCCc3cccc1c23,CHEMBL244472,Ki,7.93
3171361,COc1ccc2cccc3C(CCNC(=O)C)CCc1c23,CHEMBL130286,Ki,7.93
3171372,CC(=O)NCC=C(c1ccccc1)c2ccccc2,CHEMBL219076,Ki,7.94
3171383,C=CCC(=O)NCCc1cccc2ccc(OCCCCOc3ccc4cccc(CCNC(=O)CC=C)c4c3)cc12,CHEMBL1097315,Ki,7.96
3171394,CC(=O)NCCc1cccc2ccc(OCCCCOc3ccc4cccc(CCNC(=O)C5CC5)c4c3)cc12,CHEMBL1095832,Ki,7.96
3171405,COc1ccc2[nH]cc(CCC(=O)NCC=C)c2c1,CHEMBL3580910,EC50,7.96
3171416,COc1ccc2ccc3oc(CCNC(=O)C4CC4)cc3c2c1,CHEMBL3759859,Ki,7.96
3171427,Fc1ccc(Sc2sc3ccc(F)cc3c2CCNC(=O)C=C)cc1,CHEMBL1779809,Ki,7.97
3171438,O=C(NC1CC1)N[C@@H]2CCN(C2)c3cccc4OCCc34,CHEMBL435023,Ki,7.97
3171449,CC(=O)NCCc1c(Cc2ccccc2)oc3ccccc13,CHEMBL440144,Ki,7.98
3171460,CCC(=O)NCc1cc2c(OC)cccc2n1c3ccccc3,CHEMBL287343,Ki,7.99
3171471,CC(=O)NC[C@@H]1CC1c2cccc3oc(CCCCc4ccccc4)cc23,CHEMBL186586,Ki,8.0
3171482,CCC(=O)NCCCc1cccc2nc(oc12)c3ccccc3,CHEMBL125033,Ki,8.0
3171493,CCC(=O)NCCc1c(OCCN(C)C)ccc2ccc(OC)cc12,CHEMBL80792,Ki,8.0
3171503,CCCC(=O)NC[C@@H]1CC1c2cccc3oc(CCCCc4ccccc4)cc23,CHEMBL363947,Ki,8.0
3171514,CCCC(=O)Nc1ccc(cc1)S(=O)(=O)c2cccc(OC)c2,CHEMBL7637,Ki,8.0
3171525,CCNC(=O)NCc1oc2ccc3ccc(OC)cc3c2c1,CHEMBL3759080,EC50,8.0
3171536,COc1cc2CCN(C=O)C(CC(c3ccccc3)c4ccccc4)c2cc1OC,CHEMBL364816,IC50,8.0
3171547,COc1ccc2c(c1)c(CCNC(=O)C)c3C=C4C(=CC(=[N+]4[B-](F)(F)n23)C)C,CHEMBL3109563,Ki,8.0
3171558,COc1cc2CCN(C(CC(c3ccccc3)c4ccccc4)c2cc1OC)C(=O)C,CHEMBL187525,IC50,8.01
3171569,COc1cccc(SC(C)CNC(=O)C2CC2)c1,CHEMBL1223131,Ki,8.01
3171579,CC(=O)NCC[C@H]1CCc2ccc3nc(C)oc3c12,CHEMBL3648357,IC50,8.02
3171589,CCCCCOc1ccc2oc(Cc3ccccc3)c(CCNC(=O)C)c2c1,CHEMBL94919,Ki,8.02
3171600,COc1cccc(OC(C)CNC(=O)C)c1,CHEMBL1222986,Ki,8.02
3171611,CCC(=O)NCCc1c2c3ccccc3CCn2c4ccccc14,CHEMBL273897,Ki,8.03
3171622,COc1ccc2[nH]c(CN3Cc4ccccc4C3)c(CCNC(=O)CC=C)c2c1,CHEMBL3219328,Ki,8.03
3171632,CC(=O)NCCc1cccc2ccc(OCCCCc3ccccc3)cc12,CHEMBL3741561,Ki,8.05
3171643,CCC(=O)NCc1cc2c(OC)cccc2n1Cc3ccc(Cl)cc3,CHEMBL33185,Ki,8.05
3171654,COc1ccc(cc1)N(C)Cc2[nH]c3ccc(OC)cc3c2CCNC(=O)C,CHEMBL552002,Ki,8.05
3171665,COc1ccc2oc(c(CCNC(=O)C)c2n1)c3c(C)cccc3C,CHEMBL3764421,Ki,8.05
3171675,CC(=O)NCC[C@H]1CCc2ccc3nc(C)sc3c12,CHEMBL3648364,IC50,8.07
3171685,CC(=O)NCCc1cccc2ccc(OCCCCOc3ccc4cccc(CCNC(=O)CC=C)c4c3)cc12,CHEMBL1095195,Ki,8.07
3171696,CCOC(=O)Nc1cccc(c1)c2cc(CCNC(=O)C)c3cc(OC)ccc3c2,CHEMBL478218,Ki,8.08
3171707,CCc1ccc2oc(Cc3ccccc3)c(CCNC(=O)C)c2c1,CHEMBL96333,Ki,8.08
3171718,CCCC(=O)NCCc1c(CN2C(C)Cc3ccccc23)[nH]c4ccc(OC)cc14,CHEMBL457138,Ki,8.09
3171729,FC(F)C(=O)NCCc1cccc2ccc(OCCCOc3ccc4cccc(CCNC(=O)C(F)F)c4c3)cc12,CHEMBL3741890,Ki,8.09
3171739,CC(=O)NCCCc1cccc2O[C@H](CCCCc3ccccc3)Cc12,CHEMBL362849,Ki,8.1
3171750,COc1ccc2[nH]c(C(=O)OCCCCCCCCOC(=O)c3[nH]c4ccc(OC)cc4c3CCNC(=O)C)c(CCNC(=O)C)c2c1,CHEMBL387655,Ki,8.1
3171761,COc1ccc2nc(c(CCNC(=O)C)n2c1)c3ccccc3,CHEMBL1823017,Ki,8.1
3171772,COc1ccc2[nH]c(C(=O)OCCCCCCCCCOC(=O)c3[nH]c4ccc(OC)cc4c3CCNC(=O)C)c(CCNC(=O)C)c2c1,CHEMBL226171,Ki,8.11
3171783,COc1ccc2[nH]c(CN3[C@H](CO)Cc4ccccc34)c(CCNC(=O)C)c2c1,CHEMBL498493,Ki,8.11
3171794,COc1cccc2c1cc(CCNC(=O)C)n2c3ccccc3,CHEMBL329979,Ki,8.11
3171805,FC(F)C(=O)NCCc1c[nH]c2ccc(OCCCOc3ccccc3)cc12,CHEMBL3739674,Ki,8.11
3171815,CCC(=O)NCc1cc2c(OC)cccc2n1Cc3ccccc3,CHEMBL33346,Ki,8.12
3171826,CCCc1oc2c(CCCNC(=O)C3CC3)cccc2n1,CHEMBL123899,Ki,8.12
3171837,COc1ccc2cc(cc(CCNC(=O)C)c2c1)c3cccc(NC(=O)C)c3,CHEMBL489170,Ki,8.12
3171848,CCCC(=O)NCC1(CC1)c2cn(C)c3ccc(OC)cc23,CHEMBL209712,Ki,8.13
3171859,CCCC(=O)NCC1Cc2cccc3ccc(OC)c1c23,CHEMBL130214,Ki,8.13
3171870,COc1cccc(NCCNC(=O)C)c1,CHEMBL398017,Ki,8.13
3171881,CCCC(=O)N[C@H]1CCN(C1)c2cccc3oc(CCCCc4ccccc4)cc23,CHEMBL184144,Ki,8.14
3171892,CCOC(=O)Nc1ccc(cc1)N(C)c2cccc(OC)c2,CHEMBL7556,Ki,8.14
3171903,CCC(=O)NCCCc1cccc(OC)c1,CHEMBL297947,Ki,8.15
3171914,COc1ccc2N(Cc3[nH]c4ccc(OC)cc4c3CCNC(=O)C)CCc2c1,CHEMBL515856,Ki,8.15
3171925,COc1cccc(S[C@@H](C)CNC(=O)C)c1,CHEMBL1223053,Ki,8.15
3171936,CCNC(=S)NCc1oc2ccc3ccc(OC)cc3c2c1,CHEMBL3759677,Ki,8.16
3171947,CC(=O)NCCC1CCCc2ccc(OCCCCOc3ccc4cccc(CCNC(=O)C)c4c3)cc12,CHEMBL1095831,Ki,8.17
3171958,CC(=O)N[C@@H]1C[C@H]1c2cccc3ccccc23,CHEMBL2314250,Ki,8.17
3171969,CCC(=O)Nc1ccc(Oc2cccc(OC)c2)cc1,CHEMBL266970,Ki,8.17
3171980,CCCCOc1ccc2ccc(OC)cc2c1CCNC(=O)CC,CHEMBL82135,Ki,8.17
3171990,CCCNC(=O)CCCc1cccc2OCCSc12,CHEMBL3260981,IC50,8.17
3172001,COc1cccc(S[C@@H](C)CNC(=O)C2CC2)c1,CHEMBL1223192,Ki,8.17
3172012,CC(=O)NCCc1cccc2ccc(OCCCCOc3ccc(cc3)c4ccc(CO)cc4)cc12,CHEMBL1094212,Ki,8.19
3172023,CC(C)C(=O)N[C@H]1CCN(C1)c2cccc3OCCc23,CHEMBL138744,Ki,8.19
3172034,CCCC(=O)NCCc1c2c3ccccc3CCCn2c4ccc(OCC)cc14,CHEMBL10007,Ki,8.19
3172045,CNC(=O)N\C=C\c1c(OC)ccc2ccccc12,CHEMBL2314258,Ki,8.19
3172056,COc1ccc2c(c1)c(CCNC(=O)C)cn2Cc3ccccc3,CHEMBL34327,Ki,8.19
3172067,COc1ccc2c(c1)c(CCNC(=O)C)c3c4ccccc4CCCn23,CHEMBL275529,Ki,8.2
3172077,CCC(=O)NCC[C@H]1CCc2ccc3nc(C)oc3c12,CHEMBL3648360,IC50,8.21
3172087,CCNC(=O)NCCc1coc2ccc3ccc(OC)cc3c12,CHEMBL3760044,EC50,8.21
3172098,CC(=O)NCCc1c(nc2ccc3OCCc3n12)c4ccccc4,CHEMBL1802020,Ki,8.22
3172109,CCC(=O)N[C@H]1CCN(C1)c2cccc3oc(CCCCc4ccccc4)cc23,CHEMBL186977,Ki,8.22
3172120,CCCC(=O)NC[C@H](C)Sc1cccc(OC)c1,CHEMBL1223198,Ki,8.22
3172131,COc1ccc(Cc2ccccc2)c(CCNC(=O)C)c1,CHEMBL216158,Ki,8.22
3172142,COCC(=O)Nc1ccc(Oc2cccc(OC)c2)cc1,CHEMBL7659,Ki,8.23
3172153,CCCNC(=O)N[C@H]1CCN(C1)c2cccc3OCCc23,CHEMBL136895,Ki,8.24
3172164,COc1ccc2[nH]c(Cn3ccc4ccccc34)c(CCNC(=O)C)c2c1,CHEMBL3219324,Ki,8.24
3172174,CCOc1ccc2c(c1)c(CCNC(=O)C3CC3)c4c5ccccc5Cn24,CHEMBL9600,Ki,8.26
3172185,COc1ccc2CCN(C(CC(c3ccccc3)c4ccccc4)c2c1)C(=O)C,CHEMBL186452,IC50,8.26
3172196,COc1cccc(c1)N(C)c2ccc(NC(=O)C(C)C)cc2,CHEMBL7990,Ki,8.26
3172207,COc1cccc(c1)C(CCNC(=O)C)c2ccccc2,CHEMBL218773,Ki,8.27
3172218,CC(=O)NCCCc1cccc2nc(C)oc12,CHEMBL333810,Ki,8.28
3172229,COc1cc2c(CCNC(=O)C)c[nH]c2cc1[N+](=O)[O-],CHEMBL298335,Ki,8.28
3172240,Fc1ccc(Sc2sc3ccc(F)cc3c2CCNC(=O)CBr)cc1,CHEMBL1779807,Ki,8.28
3172251,CC(=O)NCCc1c2c3ccccc3CCCn2c4ccc(Cl)cc14,CHEMBL274630,Ki,8.3
3172262,CCC(=O)NCCC(c1ccccc1)c2cccc(OC)c2,CHEMBL218774,Ki,8.3
3172273,CCCC(=O)NCC(C)Sc1cccc(OC)c1,CHEMBL1223196,Ki,8.3
3172284,COc1ccc2c(I)cn(CCNC(=O)C)c2n1,CHEMBL1760956,Ki,8.3
3172295,COc1ccc2oc(c(CCNC(=O)C)c2n1)c3c4ccccc4cc5ccccc35,CHEMBL3764063,Ki,8.3
3172306,COc1ccc2oc(c(CCNC(=O)C)c2n1)c3cc4ccccc4c5ccccc35,CHEMBL3763537,Ki,8.3
3172317,O=C(NC[C@@H]1C[C@H]1c2cccc3O[C@H](CCCCc4ccccc4)Cc23)C5CC5,CHEMBL361410,Ki,8.3
3172328,CC(=O)NCCc1csc2ccc(F)cc12,CHEMBL1779803,Ki,8.31
3172339,COc1ccc2[nH]cc(CC(=O)NCC=C)c2c1,CHEMBL3580909,Ki,8.31
3172350,CCCCCOC(=O)c1[nH]c2ccc(OC)cc2c1CCNC(=O)C,CHEMBL390944,Ki,8.32
3172361,COc1cccc(c1)N(C)c2ccc(NC(=O)C3CC3)cc2,CHEMBL7567,Ki,8.32
3172372,CCCC(=O)Nc1ccc(Oc2cccc3OCCOc23)cc1,CHEMBL8032,Ki,8.33
3172383,CCc1oc2c(CCCNC(=O)C3CC3)cccc2n1,CHEMBL125642,Ki,8.33
3172394,COc1cccc(O[C@@H](C)CNC(=O)C)c1,CHEMBL1223050,Ki,8.33
3172405,CNC(=O)N[C@@H]1CCN(C1)c2cccc3OCCc23,CHEMBL344449,Ki,8.34
3172416,CC(=O)NCCn1c(nc2ccc3OCCc3c12)c4ccccc4,CHEMBL1802021,Ki,8.35
3172427,CCc1oc2c(CCCNC(=O)C(C)C)cccc2n1,CHEMBL262890,Ki,8.35
3172438,CCC(=O)NCC1(CCC1)c2cn(C)c3ccc(OC)cc23,CHEMBL424693,Ki,8.36
3172449,CCC(=O)NCCc1c(Sc2ccc(F)cc2)sc3ccc(F)cc13,CHEMBL1779805,Ki,8.36
3172460,COc1cccc(O[C@@H](C)CNC(=O)C2CC2)c1,CHEMBL1223130,Ki,8.36
3172471,CC(=O)NCCCc1cccc2ncoc12,CHEMBL124488,Ki,8.37
3172482,COC(=O)C(C)c1ccc2cc(OCCCCOc3ccc4cccc(CCNC(=O)C)c4c3)ccc2c1,CHEMBL1095197,Ki,8.38
3172493,COc1cccc(Nc2ccc(NC(=O)C)cc2)c1,CHEMBL268165,Ki,8.38
3172504,CCCC(=O)NCC1CCc2c(OC)ccc3cccc1c23,CHEMBL131424,Ki,8.39
3172515,COc1cccc(Oc2ccc(NC(=O)C)cc2)c1,CHEMBL8094,Ki,8.39
3172526,CCC(=O)NCCC1CCc2c(OC)ccc3cccc1c23,CHEMBL340745,Ki,8.4
3172537,CC(=O)NCCN(c1ccccc1)c2ccccc2,CHEMBL237840,Ki,8.41
3172548,CC(=O)NCCC1Cc2cccc3cccc1c23,CHEMBL337295,Ki,8.42
3172559,CCC(=O)NCCc1c(CN2Cc3ccccc3C2)[nH]c4ccc(OC)cc14,CHEMBL3219327,Ki,8.43
3172569,CCCC(=O)NCC(C)Oc1cccc(OC)c1,CHEMBL1223193,Ki,8.43
3172580,CCCC(=O)NCCCc1cccc2ncoc12,CHEMBL124914,Ki,8.43
3172591,CCCC(=O)NCCc1c2c3ccccc3CCn2c4ccccc14,CHEMBL9605,Ki,8.43
3172602,COc1cccc(c1)N(CCNC(=O)C2CCC2)c3ccccc3,CHEMBL238049,Ki,8.43
3172613,COc1ccc2oc(Cc3cccnc3)c(CCNC(=O)C)c2c1,CHEMBL94745,Ki,8.45
3172624,COc1cc2[nH]cc(CCNC(=O)C)c2cc1OC,CHEMBL124699,Ki,8.46
3172635,CCC(=O)NCCCc1cc(OC)ccc1Cc2cccc(OC)c2,CHEMBL2326202,Ki,8.47
3172646,COc1ccc2OC(=O)C=C(CCNC(=O)C)c2c1,CHEMBL3628489,Ki,8.47
3172657,COc1ccc2cc(cc(CCNC(=O)C)c2c1)c3cccc(CN)c3,CHEMBL477834,Ki,8.47
3172668,COc1ccc2ccc3occ(CNC(=O)CF)c3c2c1,CHEMBL3759160,EC50,8.47
3172679,COc1ccc2[nH]cc(c2c1)C3(CNC(=O)C)CCC3,CHEMBL207960,Ki,8.48
3172690,CCCCCCOc1ccc2oc(Cc3ccccc3)c(CCNC(=O)C)c2c1,CHEMBL315653,Ki,8.49
3172701,CCNC(=O)N1CCN(CC1)C2CCc3ccc(OC)cc23,CHEMBL281345,IC50,8.51
3172713,COc1ccc2c(c1)c(CCNC(=O)C)cn2C,CHEMBL33700,Ki,8.51
3172724,COc1ccc2CCC(N3CCN(CC3)C(=O)C4CC4)c2c1,CHEMBL19339,IC50,8.52
3172735,COc1ccc2[nH]cc(CCC(=O)NCC#C)c2c1,CHEMBL3580908,EC50,8.52
3172746,COc1ccc2[nH]cc(C(C)CNC(=O)C)c2c1,CHEMBL210147,Ki,8.53
3172757,CCC(=O)NCCCc1cccc2nc(C)oc12,CHEMBL124577,Ki,8.55
3172768,CCC(=O)NC[C@@H]1CC1c2cccc3oc(CCCCc4ccccc4)cc23,CHEMBL186736,Ki,8.55
3172779,O=C(N[C@H]1CCN(C1)c2cccc3OCCc23)C4CC4,CHEMBL139439,Ki,8.55
3172790,CCCC(=O)NC[C@H](C)Oc1cccc(OC)c1,CHEMBL1223195,Ki,8.56
3172801,COc1ccc2[nH]cc(c2c1)C(C)(C)CNC(=O)C,CHEMBL206472,Ki,8.56
3172812,COc1cccc(Cc2oc3ccc(OC)cc3c2CCNC(=O)C=C)c1,CHEMBL96916,Ki,8.56
3172823,Cc1oc2c(CCCNC(=O)C3CC3)cccc2n1,CHEMBL127570,Ki,8.57
3172834,CCC(=O)NCCc1cn(C)c2c(C)cc(OC)cc12,CHEMBL233516,Ki,8.58
3172845,CCCC(=O)NCCC(c1ccccc1)c2cccc(OC)c2,CHEMBL374075,Ki,8.58
3172856,CCCC(=O)N[C@H]1CCN(C1)c2cccc(OC)c2,CHEMBL139497,Ki,8.59
3172867,CCCNC(=O)N[C@@H]1CCN(C1)c2cccc3OCCc23,CHEMBL342393,Ki,8.59
3172878,COc1ccc2ccccc2c1[C@@H]3C[C@H]3NC(=O)C,CHEMBL2314252,Ki,8.59
3172889,CC(C)C1Nc2cccc([C@@H]3C[C@H]3CNC(=O)C(C)C)c2O1,CHEMBL19441,Ki,8.6
3172900,COc1ccc2oc(CC3CCCCC3)c(CCNC(=O)C)c2c1,CHEMBL329299,Ki,8.6
3172911,COc1cccc(c1)\C(=C/CNC(=O)C)\c2ccccc2,CHEMBL425644,Ki,8.6
3172923,COc1cccc(c1)\C(=C\CNC(=O)C)\c2ccccc2,CHEMBL218708,Ki,8.6
3172934,CC(=O)NCCc1cccc2ccc(OCCCCCCOc3ccc4cccc(CCNC(=O)C)c4c3)cc12,CHEMBL13985,Ki,8.63
3172945,CC(C)C(=O)NCCCc1cccc2nc(C)oc12,CHEMBL127596,Ki,8.64
3172956,CCC(=O)NCCc1cn(C)c2c(Br)cc(OC)cc12,CHEMBL233310,Ki,8.64
3172967,CCCC(=O)N1CCN(CC1)C2CCc3ccc(OC)cc23,CHEMBL19123,IC50,8.64
3172978,CCc1oc2c(CCCNC(=O)C)cccc2n1,CHEMBL125665,Ki,8.64
3172989,COc1ccc2[nH]c(CN3Cc4ccccc4C3)c(CCNC(=O)C)c2c1,CHEMBL3219326,Ki,8.65
3172999,CC(C)C1Nc2cccc([C@@H]3C[C@H]3CNC(=O)C4CC4)c2O1,CHEMBL18846,Ki,8.66
3173010,CCCC(=O)NCCCc1cccc2nc(C)oc12,CHEMBL338659,Ki,8.66
3173021,CCNC(=O)NC[C@@H]1C[C@H]1c2cccc3NC(CC)Oc23,CHEMBL19260,Ki,8.66
3173032,COc1cc2c(CCNC(=O)C)c(C)[nH]c2cc1Cl,CHEMBL3260979,Ki,8.66
3173043,CCCC(=O)NCCc1cn(C)c2c(Br)cc(OC)cc12,CHEMBL394406,Ki,8.67
3173054,CCCOc1ccc(OC)cc1CCCNC(=O)C,CHEMBL1091894,Ki,8.67
3173065,CCNC(=O)N[C@H]1CCN(C1)c2cccc3OCCc23,CHEMBL136431,Ki,8.68
3173076,COc1cccc(Oc2ccc(NC(=O)\C=C\C)cc2)c1,CHEMBL7559,Ki,8.68
3173087,CC(=O)NC[C@@H]1C[C@H]1c2cccc3O[C@H](CCCCc4ccccc4)Cc23,CHEMBL359921,Ki,8.7
3173098,CCC(=O)NC[C@@H]1C[C@H]1c2cccc3O[C@H](CCCCc4ccccc4)Cc23,CHEMBL367797,Ki,8.7
3173109,CCCC(=O)NC[C@@H]1C[C@H]1c2cccc3O[C@H](CCCCc4ccccc4)Cc23,CHEMBL367604,Ki,8.7
3173120,COc1ccc2cccc(CCNC(=O)C(Cl)Cl)c2c1,CHEMBL3742090,Ki,8.7
3173130,COc1ccc2cccc(CCNC(=O)C(F)(F)F)c2c1,CHEMBL322339,Ki,8.7
3173140,COc1cccc(c1)N(C)CCCNC(=O)C,CHEMBL235329,Ki,8.7
3173151,CC(C)C(=O)NC[C@@H]1C[C@H]1c2cccc3NC(CCCCc4ccccc4)Oc23,CHEMBL18845,Ki,8.72
3173162,CCC(=O)NCCC1Cc2cccc3cccc1c23,CHEMBL336333,Ki,8.73
3173173,CCCC(=O)NCCC1Cc2cccc3cccc1c23,CHEMBL133426,Ki,8.73
3173184,COc1ccc2cc(cc(CCNC(=O)C)c2c1)c3ccccc3CO,CHEMBL517502,Ki,8.73
3173195,COC(=O)Cc1cccc2ccc(OCCCCOc3ccc4cccc(CCNC(=O)C)c4c3)cc12,CHEMBL1095196,Ki,8.74
3173206,CCC(=O)NCCCc1cccc2ncoc12,CHEMBL124476,Ki,8.75
3173217,CCC(=O)Nc1ccc(Nc2cccc(OC)c2)cc1,CHEMBL7215,Ki,8.75
3173228,CC(=O)NCCc1cccc2ccc(OCCCCCOc3ccc4cccc(CCNC(=O)C)c4c3)cc12,CHEMBL273787,Ki,8.76
3173239,COc1cc(C)c2[nH]cc(CCNC(=O)C)c2c1,CHEMBL231872,Ki,8.76
3173250,CCC(=O)NCCCc1cc(OC)ccc1OCc2cccc(OC)c2,CHEMBL2326199,Ki,8.77
3173260,CCNC(=O)N1CCN(CC1)[C@@H]2CCc3ccc(OC)cc23,CHEMBL280142,IC50,8.77
3173271,COc1ccc2ccc3oc(CCNC(=O)C)cc3c2c1,CHEMBL3758720,Ki,8.77
3173282,COc1ccc2oc(c(CCNC(=O)c3occc3)c2c1)c4ccccc4,CHEMBL96420,Ki,8.77
3173293,CCC(=O)NCCc1cc2c(OC)cccc2n1c3ccccc3,CHEMBL100104,Ki,8.78
3173304,COc1ccc(OCc2ccccn2)c(CCCNC(=O)C)c1,CHEMBL1091716,Ki,8.79
3173315,CCC(=O)NCCc1c(OC(=O)CCl)ccc2ccc(OC)cc12,CHEMBL131919,Ki,8.8
3173326,CCOc1ccc(OC)cc1CCCNC(=O)C,CHEMBL1091561,Ki,8.8
3173337,COc1ccc2CC[C@@H](N3CCN(CC3)C(=O)C4CC4)c2c1,CHEMBL19653,IC50,8.8
3173348,COc1ccc2ccc(OC)c3C(CCNC(=O)C4CC4)CCc1c23,CHEMBL131575,Ki,8.8
3173359,COc1cc(C)c2c(c1)c(CCNC(=O)C)cn2C,CHEMBL392421,Ki,8.81
3173370,COc1cccc(c1)\C(=C/CNC(=O)C2CCC2)\c3ccccc3,CHEMBL218709,Ki,8.81
3173383,CCC(=O)NC1CC(c2ccccc2)c3ccccc3C1,CHEMBL285718,Ki,8.82
3173394,COc1ccc2CCC(N3CCN(CC3)C(=O)C(C)C)c2c1,CHEMBL18808,IC50,8.82
3173405,COc1ccc2CC[C@@H](N3CCN(CC3)C(=O)C(C)C)c2c1,CHEMBL19374,IC50,8.82
3173416,COc1ccc2oc(CCCc3ccccc3)c(CCNC(=O)C)c2c1,CHEMBL98074,Ki,8.82
3173427,CC(=O)N\C=C\c1cccc2ccccc12,CHEMBL229015,Ki,8.85
3173438,CCC(=O)NCCc1c2c3ccccc3CCCn2c4ccc(OC)cc14,CHEMBL10293,Ki,8.85
3173449,COc1ccc2ccc3occ(CNC(=O)C)c3c2c1,CHEMBL3758225,EC50,8.85
3173460,COc1ccc2nccc(CCNC(=O)C)c2c1,CHEMBL69521,Ki,8.85
3173470,CCCC(=O)NCCc1cn(C)c2c(C)cc(OC)cc12,CHEMBL392422,Ki,8.87
3173481,COc1cc(Br)c2c(c1)c(CCNC(=O)C)cn2C,CHEMBL233309,Ki,8.88
3173492,CCC(=O)NCCc1c(OCCO)ccc2ccc(OC)cc12,CHEMBL78751,Ki,8.89
3173502,COc1ccc2c(c1)c(cn2C)C(C)(C)CNC(=O)C,CHEMBL208307,Ki,8.89
3173513,COc1ccc2oc(c(CCNC(=O)C)c2n1)c3cccc4ccccc34,CHEMBL3764879,Ki,8.89
3173524,CC(C)C1Nc2cccc([C@@H]3C[C@H]3CNC(=O)C)c2O1,CHEMBL278922,Ki,8.92
3173535,CCC(=O)NCCc1c(O)ccc2ccc(OC)cc12,CHEMBL440692,Ki,8.92
3173545,CCOc1ccc2ccc(OC)cc2c1CCNC(=O)CC,CHEMBL80736,Ki,8.92
3173555,COc1ccc2occ(CCNC(=O)C)c2n1,CHEMBL3763281,Ki,8.92
3173566,COc1ccc2[nH]c(CN3CCc4ccccc34)c(CCNC(=O)C)c2c1,CHEMBL514415,Ki,8.93
3173577,COc1ccc2oc(Cc3cccc(c3)C(F)(F)F)c(CCNC(=O)C)c2c1,CHEMBL314947,Ki,8.93
3173588,CCC(=O)NCC(C)(C)c1cn(C)c2ccc(OC)cc12,CHEMBL426127,Ki,8.94
3173599,CCC(=O)NCCc1c[nH]c2c(C)cc(OC)cc12,CHEMBL395221,Ki,8.96
3173610,COc1ccc2ccc3oc(CNC(=O)CF)cc3c2c1,CHEMBL3759084,EC50,8.96
3173621,CCC(=O)NCC(C)c1cn(C)c2ccc(OC)cc12,CHEMBL379616,Ki,8.99
3173632,CC(=O)N[C@H]1CCN(C1)c2cccc3OCCc23,CHEMBL336268,Ki,9.0
3173643,CCC(=O)NCCCc1cccc2nc(CC)oc12,CHEMBL124362,Ki,9.0
3173654,CCCC(=O)NCCCc1cccc2nc(CC)oc12,CHEMBL124422,Ki,9.0
3173665,CCCC1Nc2cccc([C@@H]3C[C@H]3CNC(=O)NCC)c2O1,CHEMBL19109,Ki,9.0
3173676,COc1ccc2ccc3oc(CNC(=O)C)cc3c2c1,CHEMBL3758717,EC50,9.01
3173687,COc1ccc2ccc3oc(CNC(=O)C4CC4)cc3c2c1,CHEMBL3758679,EC50,9.01
3173698,CCC(=O)NCCc1ccnc2ccc(OC)cc12,CHEMBL306468,Ki,9.02
3173708,COCc1cccc(c1)c2cc(CCNC(=O)C)c3cc(OC)ccc3c2,CHEMBL491403,Ki,9.02
3173720,COc1ccc2c(c1)c(CCNC(=O)C3CC3)c4c5ccccc5Cn24,CHEMBL10110,Ki,9.02
3173732,CSc1ccc2cccc(CCNC(=O)C)c2c1,CHEMBL456727,IC50,9.02
3173743,CC(=O)NCCc1c(nn2ccc3OCCc3c12)C(F)(F)F,CHEMBL1802029,Ki,9.03
3173754,CNC(=O)N[C@H]1CCN(C1)c2cccc3OCCc23,CHEMBL138012,Ki,9.03
3173765,COc1ccc2cc(cc(CCNC(=O)C)c2c1)c3cccc(c3)N(C)C,CHEMBL478217,Ki,9.03
3173776,COc1ccc2C(=O)c3ccccc3CC(CNC(=O)C)c2c1,CHEMBL427516,Ki,9.05
3173787,COc1ccc2C[C@@H](C[C@H](CCNC(=O)C3CCC3)c2c1)c4ccccc4,CHEMBL514280,Ki,9.05
3173798,CC(=O)NCCc1c(Sc2ccc(F)cc2)sc3ccc(F)cc13,CHEMBL1779804,Ki,9.06
3173809,CCC1Nc2cccc([C@@H]3C[C@H]3CNC(=O)C)c2O1,CHEMBL18960,Ki,9.06
3173820,COc1ccc(cc1)N(CCNC(=O)C)c2cccc(OC)c2,CHEMBL394430,Ki,9.06
3173831,CCCC(=O)NCC1(CCC1)c2cn(C)c3ccc(OC)cc23,CHEMBL207625,Ki,9.07
3173842,COc1ccc2cccc(CCNC(=O)C(F)F)c2c1,CHEMBL1946221,Ki,9.07
3173852,CCCC(=O)NC[C@@H]1C[C@H]1c2cccc3NC(Oc23)C(C)C,CHEMBL553105,Ki,9.1
3173863,CNC(=S)NCc1oc2ccc3ccc(OC)cc3c2c1,CHEMBL3759372,Ki,9.1
3173874,COc1ccc2[nH]cc(C3CCCN(C3)C(=O)C)c2c1,CHEMBL3260983,Ki,9.1
3173885,COc1ccc2cccc3C(CNC(=O)C4CC4)CCc1c23,CHEMBL130876,Ki,9.1
3173896,CC(=O)NCCC1=C(Cc2ccc3OCCc3c12)c4ccc(cc4)C(C)(C)C,CHEMBL1774530,Ki,9.11
3173907,CCCC(=O)Nc1ccc(Cc2cccc3occc23)cc1,CHEMBL7875,Ki,9.11
3173918,COc1cc2c(CCNC(=O)C)c(I)n(C)c2cc1[N+](=O)[O-],CHEMBL55084,Ki,9.11
3173928,Cc1oc2c3C(CCNC(=O)C4CC4)CCc3ccc2n1,CHEMBL3648368,IC50,9.11
3173938,COc1cccc(CCCNC(=O)C)c1,CHEMBL50398,Ki,9.12
3173949,COc1cccc(c1)N(CCNC(=O)C)Cc2ccccc2,CHEMBL395437,Ki,9.12
3173959,CC(=O)NCCC1CCc2ccc3nc(oc3c12)C4CC4,CHEMBL3648366,IC50,9.13
3173969,CCC1Nc2cccc([C@@H]3C[C@H]3CNC(=O)C(C)C)c2O1,CHEMBL431103,Ki,9.13
3173980,CCCC(=O)NCC(C)(C)c1cn(C)c2ccc(OC)cc12,CHEMBL207745,Ki,9.13
3173991,CCCC(=O)Nc1ccc(Oc2cccc(OC)c2)cc1,CHEMBL7599,Ki,9.13
3174002,CCCCC(=O)Nc1ccc(Oc2cccc(OC)c2)cc1,CHEMBL7650,Ki,9.13
3174013,CCCC(=O)Nc1ccc(Cc2cccc3OCCc23)cc1,CHEMBL8169,Ki,9.15
3174024,COc1ccc2cc(cc(CCNC(=O)C)c2c1)c3cccc(CI)c3,CHEMBL477833,Ki,9.15
3174035,COc1ccc2ccc3occ(CCNC(=O)C)c3c2c1,CHEMBL3759802,EC50,9.16
3174046,COc1ccc2cccc([C@@H]3C[C@H]3NC(=O)C)c2c1,CHEMBL2314251,Ki,9.16
3174057,COc1ccc2oc(Cc3ccccc3)c(CCNC(=O)C=C)c2c1,CHEMBL96548,Ki,9.16
3174069,COc1ccc2occ(CCNC(=O)C)c2c1,CHEMBL323332,IC50,9.16
3174080,CCCC(=O)NCCc1c[nH]c2c(C)cc(OC)cc12,CHEMBL391350,Ki,9.17
3174091,CCCC(=O)Nc1ccc(Oc2cccc3OCCc23)cc1,CHEMBL7700,Ki,9.17
3174102,COc1cc(Br)c2[nH]cc(CCNC(=O)C)c2c1,CHEMBL233728,Ki,9.17
3174113,COc1ccc2c3CCCCc3n(CCNC(=O)C)c2n1,CHEMBL1760957,Ki,9.17
3174125,COc1ccc2Cc3ccccc3CC(CNC(=O)C)c2c1,CHEMBL189449,Ki,9.18
3174136,COC(=O)c1cccc(c1)c2cc(CCNC(=O)C)c3cc(OC)ccc3c2,CHEMBL491605,Ki,9.19
3174147,COc1cccc(c1)N(C)CCNC(=O)C,CHEMBL237236,Ki,9.19
3174158,COc1ccc2ccn(CCNC(=O)C)c2n1,CHEMBL1760945,Ki,9.22
3174169,COc1ccc2cccc3CC(CCNC(=O)C)c1c23,CHEMBL130203,Ki,9.23
3174180,O=C(NCC1Cc2cccc3cccc1c23)C4CC4,CHEMBL341439,Ki,9.24
3174191,COc1ccc2cc(cc(CCNC(=O)C)c2c1)c3cccc(CBr)c3,CHEMBL490595,Ki,9.25
3174202,CCC(=O)NCCC1CCc2c(OC)ccc3ccc(OC)c1c23,CHEMBL337024,Ki,9.26
3174213,CCC(=O)NCCCc1cc(OC)ccc1CCc2cccc(OC)c2,CHEMBL2326201,Ki,9.26
3174224,COc1ccc2ccc(OC)c3C(CCNC(=O)C)CCc1c23,CHEMBL130898,Ki,9.26
3174235,CCC(=O)NCCc1c[nH]c2c(Br)cc(OC)cc12,CHEMBL233729,Ki,9.27
3174246,CC(=O)NCCc1c(C)nn2ccc3OCCc3c12,CHEMBL1802023,Ki,9.28
3174257,CCC(=O)NCCc1cc(cc2ccc(OC)cc12)c3cccc(CO)c3,CHEMBL518113,Ki,9.28
3174268,COc1cccc(c1)\C(=C\CNC(=O)C2CCC2)\c3ccccc3,CHEMBL218065,Ki,9.28
3174279,CC(=O)NCC1Cc2cccc3cccc1c23,CHEMBL131602,Ki,9.29
3174290,CNc1cccc(c1)c2cc(CCNC(=O)C)c3cc(OC)ccc3c2,CHEMBL477835,Ki,9.29
3174301,COc1ccc2c(c1)c(CCNC(=O)C)c3c4ccccc4CCn23,CHEMBL274842,Ki,9.29
3174312,CCCC(=O)NCCc1c2c3ccccc3CCCn2c4ccc(OC)cc14,CHEMBL274438,Ki,9.3
3174323,COc1ccc(Cc2oc3ccc(OC)cc3c2CCNC(=O)C)cc1,CHEMBL317742,Ki,9.3
3174335,COc1ccc2c(c1)c(cn2C)C(C)CNC(=O)C,CHEMBL210791,Ki,9.3
3174346,CCCC(=O)Nc1ccc(cc1)N(C)c2cccc3OCCc23,CHEMBL7807,Ki,9.31
3174357,O=C(NC[C@@H]1C[C@H]1c2cccc3nc(CCCCc4ccccc4)oc23)C5CC5,CHEMBL2112734,Ki,9.32
3174368,CCCC(=O)NCC(C)c1cn(C)c2ccc(OC)cc12,CHEMBL377101,Ki,9.33
3174382,CCC(=O)NC[C@@H]1C[C@H]1c2cccc3nc(CC)oc23,CHEMBL2112727,Ki,9.36
3174392,CC(=O)NC\C=C/1\CCc2ccc3nc(CCCCc4ccccc4)oc3c12,CHEMBL3648352,IC50,9.37
3174402,CCNC(=O)N[C@@H]1CCN(C1)c2cccc3OCCc23,CHEMBL136564,Ki,9.38
3174413,CCc1nn2ccc3OCCc3c2c1CCNC(=O)C,CHEMBL1802025,Ki,9.38
3174424,COc1ccc2cc(cc(CCNC(=O)C)c2c1)c3cccc(C=O)c3,CHEMBL491604,Ki,9.38
3174435,CCCC(=O)NCCc1ccnc2ccc(OC)cc12,CHEMBL68864,Ki,9.39
3174444,CCc1oc2c3C(CCNC(=O)C)CCc3ccc2n1,CHEMBL3648365,IC50,9.39
3174454,COc1ccc2cccc3C(CNC(=O)C)CCc1c23,CHEMBL336647,Ki,9.39
3174465,COc1ccc2oc(Cc3ccccc3)c(CCNC(=O)CI)c2c1,CHEMBL328617,Ki,9.39
3174476,CCC(=O)N[C@H]1CCN(C1)c2cccc3OCCc23,CHEMBL343825,Ki,9.4
3174487,CCCC(=O)Nc1ccc(Nc2cccc(OC)c2)cc1,CHEMBL7229,Ki,9.41
3174498,COc1ccc2cccc3CCC(CCNC(=O)C)c1c23,CHEMBL132340,Ki,9.41
3174509,CCC(=O)NCCc1c(OC)ccc2ccc(OC)cc12,CHEMBL291857,Ki,9.42
3174519,CC(=O)NC[C@@H]1C[C@H]1c2cccc3nc(CCCCc4ccccc4)oc23,CHEMBL2112700,Ki,9.43
3174529,CC(=O)NC\C=C/1\CCc2ccc3nc(C)oc3c12,CHEMBL3648349,IC50,9.43
3174539,COc1ccc2cc(cc(CCNC(=O)C)c2c1)c3ccccc3,CHEMBL453138,Ki,9.43
3174551,COc1ccc2[nH]cc(CCNC(=O)C)c2n1,CHEMBL1760944,Ki,9.44
3174562,COc1ccc2cc(cc(CCNC(=O)C)c2c1)c3cccc(CO)c3,CHEMBL476131,Ki,9.44
3174573,CCCC(=O)NCCc1c[nH]c2c(Br)cc(OC)cc12,CHEMBL233308,Ki,9.45
3174584,CNC(=O)NCCc1c(Cc2ccccc2)oc3ccc(OC)cc13,CHEMBL94301,Ki,9.46
3174595,CC(C)Oc1ccccc1C2=C(CCNC(=O)C)c3c(C2)ccc4OCCc34,CHEMBL1774528,Ki,9.47
3174606,CCC(=O)NCCCc1cc(OC)ccc1c2cccc(OC)c2,CHEMBL2326203,Ki,9.47
3174617,CCCC(=O)NCCC1Cc2cccc3ccc(OC)c1c23,CHEMBL434226,Ki,9.47
3174628,COc1ccc2oc(Cc3ccccc3OC)c(CCNC(=O)C)c2c1,CHEMBL329960,Ki,9.47
3174639,CCC(=O)NCCc1c(nn2ccc3OCCc3c12)C(F)(F)F,CHEMBL1802030,Ki,9.48
3174650,CCCC(=O)NC[C@@H]1C[C@H]1c2cccc3nc(CC)oc23,CHEMBL2112722,Ki,9.48
3174662,COc1cccc(Cc2oc3ccc(OC)cc3c2CCNC(=O)C)c1,CHEMBL33549,Ki,9.48
3174673,CCC(=O)NC[C@@H]1C[C@H]1c2cccc3NC(Oc23)C(C)C,CHEMBL428692,Ki,9.5
3174683,CC(=O)NCCC1CCc2ccc3nc(C)oc3c12,CHEMBL3648355,IC50,9.51
3174692,CC(=O)NCCC1CCc2ccc3ncoc3c12,CHEMBL3648354,IC50,9.51
3174702,CCCC(=O)N[C@H]1CCN(C1)c2cccc3OCCc23,CHEMBL136531,Ki,9.51
3174713,COc1ccc2cccc3CC(CNC(=O)C4CC4)c1c23,CHEMBL334962,Ki,9.51
3174724,CCCC(=O)NCCn1ccc2ccc(OC)nc12,CHEMBL1760947,Ki,9.52
3174735,CNC(=O)N\C=C\c1c(OC)ccc2ccc(OC)cc12,CHEMBL2314260,Ki,9.52
3174745,CC(=O)NCCC1CCc2ccc3nc(C)sc3c12,CHEMBL3648362,IC50,9.55
3174755,CC(=O)NCCc1c(nn2ccc3OCCc3c12)C4CC4,CHEMBL1802027,Ki,9.55
3174765,CCC(=O)NCCC1CCc2ccc3nc(C)oc3c12,CHEMBL3648358,IC50,9.55
3174775,CCC(=O)NCCn1ccc2ccc(OC)nc12,CHEMBL1760946,Ki,9.55
3174786,CCCC(=O)NCCc1cc(cc2ccc(OC)cc12)c3cccc(CO)c3,CHEMBL476341,Ki,9.55
3174797,CCCC1Nc2cccc([C@@H]3C[C@H]3CNC(=O)C(C)C)c2O1,CHEMBL19050,Ki,9.55
3174807,COc1oc2c3C(CCNC(=O)C)CCc3ccc2n1,CHEMBL3648367,IC50,9.55
3174817,COc1cccc(c1)C(=CCNC(=O)C)c2cccc(OC)c2,CHEMBL218225,Ki,9.56
3174828,COc1ccc2cc(cc(CCNC(=O)C)c2c1)c3cccc(N)c3,CHEMBL490188,Ki,9.57
3174839,CCOc1ccc2c(c1)c(CCNC(=O)CC)c3c4ccccc4Cn23,CHEMBL9630,Ki,9.59
3174850,COc1ccc2ccc(OC)c3C(CNC(=O)C4CC4)CCc1c23,CHEMBL133416,Ki,9.59
3174861,COc1ccc2[nH]c(Cc3ccccc3)c(CCNC(=O)C)c2c1,CHEMBL339105,Ki,9.6
3174872,CCCC(=O)NCC1Cc2ccccc2Cc3ccc(OC)cc13,CHEMBL189395,Ki,9.61
3174882,CC(=O)NCCC1=CCc2ccc3nc(C)oc3c12,CHEMBL3648350,IC50,9.62
3174892,CCC(=O)NCCC1Cc2cccc3ccc(OC)c1c23,CHEMBL336858,Ki,9.62
3174903,CCCC(=O)NC[C@@H]1C[C@H]1c2cccc3NC(CCCCc4ccccc4)Oc23,CHEMBL19026,Ki,9.62
3174914,Fc1ccc(Sc2sc3ccc(F)cc3c2CCNC(=O)CC=C)cc1,CHEMBL1779810,Ki,9.62
3174925,COc1ccc2oc(Cc3cccc(F)c3)c(CCNC(=O)C)c2c1,CHEMBL95166,Ki,9.64
3174936,COc1cccc(c1)N(C)c2ccc(NC(=O)C)cc2,CHEMBL8168,Ki,9.64
3174947,CC(=O)NCC1CCc2cccc3cccc1c23,CHEMBL130319,Ki,9.66
3174957,CC(=O)NC\C=C/1\CCc2ccc3nc(C)sc3c12,CHEMBL3648353,IC50,9.66
3174967,CCC(=O)NCC1Cc2cccc3cccc1c23,CHEMBL133001,Ki,9.66
3174978,CCC(=O)NCCc1c(CC)nn2ccc3OCCc3c12,CHEMBL1802026,Ki,9.66
3174988,CCC(=O)NC\C=C/1\CCc2ccc3nc(C)oc3c12,CHEMBL3648351,IC50,9.66
3174999,COc1ccc2[nH]c(I)c(CCNC(=O)C)c2c1,CHEMBL289233,Ki,9.66
3175010,COc1ccc2oc(Cc3cccc(Cl)c3)c(CCNC(=O)C)c2c1,CHEMBL94607,Ki,9.66
3175021,CCOc1ccc2c(c1)c(CCNC(=O)C)c3c4ccccc4Cn23,CHEMBL274896,Ki,9.68
3175032,COc1ccc2oc(c(CCNC(=O)\C=C\C)c2c1)c3ccccc3,CHEMBL96104,Ki,9.68
3175043,CC(=O)NCCN(c1ccccc1)c2cccc(Br)c2,CHEMBL235328,Ki,9.7
3175054,CCCC(=O)NCCc1c(Cc2ccccc2)oc3ccc(OC)cc13,CHEMBL96859,Ki,9.7
3175065,CCCC(=O)NCCc1c2c3ccccc3CCn2c4ccc(OC)cc14,CHEMBL10099,Ki,9.7
3175076,COc1cc2c(CCNC(=O)C)c[nH]c2cc1Cl,CHEMBL34730,Ki,9.7
3175087,COc1ccc2[nH]c(c(CCNC(=O)C)c2n1)c3ccccc3,CHEMBL1823015,Ki,9.7
3175098,COc1ccc2ccc(OC)c([C@@H]3C[C@H]3NC(=O)C)c2c1,CHEMBL2314253,Ki,9.7
3175109,CCC(=O)NCCc1c(C)nn2ccc3OCCc3c12,CHEMBL1802024,Ki,9.72
3175120,CCCC(=O)NCCC1CCc2c(OC)ccc3ccc(OC)c1c23,CHEMBL129890,Ki,9.72
3175131,CCCC(=O)Nc1ccc(Sc2cccc(OC)c2)cc1,CHEMBL7771,Ki,9.72
3175142,CCc1oc2c(cccc2n1)[C@@H]3C[C@H]3CNC(=O)C4CC4,CHEMBL2112724,Ki,9.72
3175153,CC(=O)NCCc1cccc2ccc(OCCCCCCCCOc3ccc4cccc(CCNC(=O)C)c4c3)cc12,CHEMBL14136,Ki,9.75
3175164,CCCC(=O)NCC1CCc2cccc3cccc1c23,CHEMBL338425,Ki,9.75
3175175,CCC(=O)NCCc1c2c3ccccc3Cn2c4ccc(OC)cc14,CHEMBL274317,Ki,9.77
3175186,CCC(=O)Nc1ccc(cc1)N(C)c2cccc(OC)c2,CHEMBL7832,Ki,9.77
3175197,COc1cc2c(CCNC(=O)C)c(I)[nH]c2cc1[N+](=O)[O-],CHEMBL52755,Ki,9.77
3175208,CCC(=O)NCC1Cc2ccccc2Cc3ccc(OC)cc13,CHEMBL189414,Ki,9.79
3175219,CCCC(=O)NCCc1c2c3ccccc3Cn2c4ccc(OCC)cc14,CHEMBL9590,Ki,9.8
3175230,CCC(=O)NCC1CCc2c(OC)ccc3ccc(OC)c1c23,CHEMBL336054,Ki,9.82
3175241,COc1ccc2ccc(OC)c3C(CNC(=O)C)CCc1c23,CHEMBL336509,Ki,9.84
3175252,CCC(=O)NCCc1c(nn2ccc3OCCc3c12)C4CC4,CHEMBL1802028,Ki,9.85
3175263,CCCC1Nc2cccc([C@@H]3C[C@H]3CNC(=O)C4CC4)c2O1,CHEMBL279343,Ki,9.85
3175274,COc1ccc2oc(c(CCNC(=O)C)c2n1)c3ccccc3,CHEMBL3765540,Ki,9.85
3175284,Cc1oc2c3C(CCNC(=O)C(F)(F)F)CCc3ccc2n1,CHEMBL3648369,IC50,9.85
3175293,CC(=O)NCC[C@@H]1CCc2ccc3nc(C)oc3c12,CHEMBL3648356,IC50,9.89
3175303,CCC(=O)NCC1CCc2c(OC)ccc3cccc1c23,CHEMBL129889,Ki,9.89
3175314,CCCC1Nc2cccc([C@@H]3C[C@H]3CNC(=O)C)c2O1,CHEMBL19128,Ki,9.89
3175324,CC(=O)NCC[C@@H]1CCc2ccc3nc(C)sc3c12,CHEMBL3648363,IC50,9.92
3175334,CCC(=O)NCCc1c2c3ccccc3CCn2c4ccc(OC)cc14,CHEMBL9997,Ki,9.92
3175345,CCCC(=O)Nc1ccc(Cc2cccc(OC)c2)cc1,CHEMBL7867,Ki,9.92
3175356,COc1ccc2cccc3CC(CNC(=O)C)c1c23,CHEMBL130490,Ki,9.92
3175367,COc1cccc(c1)N(CCNC(=O)C)c2ccc3ccccc3c2,CHEMBL237234,Ki,9.95
3175379,COc1cccc(Cc2oc3ccc(OC)cc3c2CCNC(=O)CC=C)c1,CHEMBL329086,Ki,9.96
3175390,COc1cccc(c1)C(CCNC(=O)C)c2ccc3ccccc3c2,CHEMBL457128,Ki,9.96
3175401,CCCC(=O)NCCN(c1ccccc1)c2cccc(OC)c2,CHEMBL279401,Ki,9.98
3175412,CCCC(=O)NCC1CCc2c(OC)ccc3ccc(OC)c1c23,CHEMBL340832,Ki,10.0
3175423,CCCC(=O)Nc1ccc(cc1)N(C)c2cccc(OC)c2,CHEMBL266549,Ki,10.0
3175434,CCCC(=O)NCC1Cc2cccc3cccc1c23,CHEMBL337882,Ki,10.03
3175445,COc1ccc2cccc3CCC(CNC(=O)C)c1c23,CHEMBL132802,Ki,10.03
3175455,CC(=O)NCCC1CCc2ccc3nc(CCCCc4ccccc4)oc3c12,CHEMBL3648361,IC50,10.04
3175465,COc1ccc2ccccc2c1\C=C\NC(=O)C,CHEMBL2314257,Ki,10.05
3175476,COc1ccc2oc(c(CCNC(=O)C)c2n1)c3ccc4ccccc4c3,CHEMBL3764765,Ki,10.05
3175487,CC(=O)NCCc1c(nn2ccc3OCCc3c12)c4ccccc4,CHEMBL1802022,Ki,10.07
3175498,CCC(=O)NCC1Cc2cccc3ccc(OC)c1c23,CHEMBL130542,Ki,10.07
3175509,CCNC(=O)NCCC1=C(Cc2ccc3OCCc3c12)C(C)C,CHEMBL1774517,Ki,10.08
3175520,CCCC1Nc2cccc([C@@H]3C[C@H]3CNC(=O)CC)c2O1,CHEMBL276921,Ki,10.1
3175531,COc1ccc2oc(I)c(CCNC(=O)C)c2n1,CHEMBL3765401,Ki,10.1
3175542,CCC(=O)NCCCc1cc(OC)ccc1C#Cc2cccc(OC)c2,CHEMBL2326200,Ki,10.14
3175553,CCC(=O)NC[C@@H]1C[C@H]1c2cccc3nc(CCCCc4ccccc4)oc23,CHEMBL2112690,Ki,10.15
3175564,COc1ccc2ccc(OC)c(\C=C\NC(=O)C)c2c1,CHEMBL2314259,Ki,10.15
3175575,CCCC(=O)NCC1CCc2cccc3ccc(OC)c1c23,CHEMBL131252,Ki,10.16
3175586,COc1cccc(c1)N(CCNC(=O)C)c2ccccc2,CHEMBL235327,Ki,10.18
3175597,COc1ccc2c(c1)c(CCNC(=O)C)c3c4ccccc4Cn23,CHEMBL9772,Ki,10.22
3175608,COc1ccc2oc(Cc3ccccc3)c(CCNC(=O)CC=C)c2c1,CHEMBL97186,Ki,10.22
3175620,CCCC(=O)NCCc1c2c3ccccc3Cn2c4ccc(OC)cc14,CHEMBL10009,Ki,10.3
3175632,COc1ccc2oc(Cc3ccccc3)c(CCNC(=O)C)c2c1,CHEMBL329263,Ki,10.3
3175642,CCC(=O)NCC[C@@H]1CCc2ccc3nc(C)oc3c12,CHEMBL3648359,IC50,10.31
3175652,COc1ccc(OCc2ccccc2)c(CCCNC(=O)C)c1,CHEMBL1091160,Ki,10.33
3175664,COc1ccc2c(c1)c(CCNC(=O)C)c(I)n2C,CHEMBL300056,Ki,10.33
3175678,CC(=O)NCCc1cccc2ccc(OCCCCCCCCCCOc3ccc4cccc(CCNC(=O)C)c4c3)cc12,CHEMBL14417,Ki,10.4
3175689,CCCC1Nc2cccc([C@@H]3C[C@H]3CNC(=O)CCC)c2O1,CHEMBL19211,Ki,10.4
3175700,CNC(=O)NCCc1c(oc2ccc(OC)cc12)c3ccccc3,CHEMBL94838,Ki,10.4
3175711,COc1ccc(cc1)C2=C(CCNC(=O)C)c3c(C2)ccc4OCCc34,CHEMBL1774527,Ki,10.43
3175722,CC(C)C1=C(CCNC(=O)C2CC2)c3c(C1)ccc4OCCc34,CHEMBL1774515,Ki,10.46
3175733,CC(=O)NCCC1=C(Cc2ccc3OCCc3c12)c4cccnc4,CHEMBL1774524,Ki,10.47
3175744,COc1ccc(OCc2cc(OC)cc(OC)c2)c(CCCNC(=O)C)c1,CHEMBL1091998,Ki,10.49
3175755,COc1ccc2cccc(\C=C\NC(=O)C)c2c1,CHEMBL2314255,Ki,10.52
3175766,COc1ccc2oc(c(CCNC(=O)C)c2n1)c3ccc(F)cc3,CHEMBL3763503,Ki,10.52
3175777,COc1cccc(c1)N(CCNC(=O)C)c2cccc(OC)c2,CHEMBL394273,Ki,10.56
3175788,CC(=O)NCCC1=CCc2ccc3OCCc3c12,CHEMBL1774512,Ki,10.66
3175800,COc1ccc2oc(c(CCNC(=O)C)c2c1)c3ccccc3,CHEMBL287560,Ki,10.7
3175811,COc1ccc2oc(c(CCNC(=O)CC=C)c2c1)c3ccccc3,CHEMBL330137,Ki,10.7
3175822,COc1ccccc1C2=C(CCNC(=O)C)c3c(C2)ccc4OCCc34,CHEMBL1774525,Ki,10.7
3175833,CC(C)C1=C(CCNC(=O)C)c2c(C1)ccc3OCCc23,CHEMBL1774513,Ki,10.74
3175844,CC(=O)NCCC1=C(Br)Cc2ccc3OCCc3c12,CHEMBL1774521,Ki,10.85
3175855,CC(=O)NCCC1=C(CC2CCCCC2)Cc3ccc4OCCc4c13,CHEMBL1774519,Ki,10.92
3175866,CC(C)c1cccc(c1)C2=C(CCNC(=O)C)c3c(C2)ccc4OCCc34,CHEMBL1774529,Ki,10.96
3175877,CCC(=O)NCCC1=C(Cc2ccc3OCCc3c12)C(C)C,CHEMBL1774514,Ki,10.96
3175888,CC(C)C1=C(CCNC(=O)C(F)(F)F)c2c(C1)ccc3OCCc23,CHEMBL1774516,Ki,11.0
3175899,COc1ccc2oc(c(CCNC(=O)C=C)c2c1)c3ccccc3,CHEMBL314512,Ki,11.0
