id,smiles,name,assay_type,activity_value
838957,CC(C)c1cccc(C(C)C)c1NC(=O)NC(C)(Cc2c[nH]c3ccccc23)C(=O)N[C@H]4COC(C)(C)OC4c5ccccc5,CHEMBL89075,Ki,7.02
838969,Cc1ccc2NC3=C(C(Nc2c1)c4ccccc4C(F)(F)F)C(=O)CC5(CCCC5)C3,CHEMBL563374,IC50,7.02
838980,CC(C)c1cccc(C(C)C)c1NC(=O)N[C@@](C)(Cc2c[nH]c3ccccc23)C(=O)NC4CCCCC4c5ccccc5,CHEMBL1907682,Ki,7.12
838990,CC(C)c1cccc(C(C)C)c1NC(=O)NC(C)(Cc2c[nH]c3ccccc23)C(=O)NC4CCCc5ccccc45,CHEMBL315859,Ki,7.14
839000,CC(C)CNC(=O)C(Cc1c[nH]c2ccccc12)NC(=O)OCc3cn(cn3)C(c4ccccc4)(c5ccccc5)c6ccccc6,CHEMBL292119,Ki,7.43
839010,COc1cccc2[nH]c3CCC(Cc3c12)(NC(=O)Nc4c(cccc4C(C)C)C(C)C)C(=O)NCC5(CCCCC5)c6ccccn6,CHEMBL103756,IC50,7.54
839021,CC(C)c1cccc(C(C)C)c1NC(=O)N[C@](C)(Cc2c[nH]c3ccccc23)C(=O)NC4CCCc5ccccc45,CHEMBL1907865,Ki,7.85
839031,CCCCC[C@H](NC(=O)[C@H](CC(C)C)NC(=O)[C@H](Cc1c[nH]cn1)NC(=O)CNC(=O)[C@@H](NC(=O)[C@H](C)NC(=O)[C@H](Cc2c[nH]c3ccccc23)NC(=O)[C@H](CCC(=O)N)NC(=O)[C@H](CC(=O)N)NC(=O)CNC(=O)[C@H](Cc4ccc(O)cc4)NC(=O)[C@H](CCCN=C(N)N)NC(=O)[C@H](CCC(=O)N)NC(=O)[C@@H]5CCCN5C(=O)C(CNCCN)CNCCN)C(C)C)C(=O)N,CHEMBL2371724,IC50,7.95
839042,CC(C)c1cccc(C(C)C)c1NC(=O)NC(C)(Cc2c[nH]c3ccccc23)C(=O)NCC4(CCCCC4)c5ccccc5,CHEMBL329561,Ki,8.11
839052,CC(C)c1cccc(C(C)C)c1NC(=O)N[C@@](C)(Cc2c[nH]c3ccccc23)C(=O)NCC4(CCCCC4)c5ccccn5,CHEMBL86828,Ki,8.2
839062,CCCC[C@H](NC(=O)[C@H](CC(C)C)NC(=O)[C@H](Cc1c[nH]cn1)NC(=O)CNC(=O)[C@@H](NC(=O)[C@H](C)NC(=O)[C@H](Cc2c[nH]c3ccccc23)NC(=O)[C@H](CCC(=O)N)NC(=O)COCC(=O)Nc4ccc(CC(CNCCN)CNCCN)cc4)C(C)C)C(=O)N,CHEMBL266079,IC50,8.7
839073,CSCCC[C@H](NC(=O)[C@H](CC(C)C)NC(=O)[C@H](Cc1c[nH]cn1)NC(=O)CNC(=O)[C@@H](NC(=O)[C@H](C)NC(=O)[C@H](Cc2c[nH]c3ccccc23)NC(=O)[C@H](CCC(=O)N)NC(=O)[C@H](CC(=O)N)NC(=O)CNC(=O)[C@H](Cc4ccc(O)cc4)NC(=O)[C@H](CCCN=C(N)N)NC(=O)[C@H](CCC(=O)N)NC(=O)[C@@H]5CCCN5C(=O)C(CNCCN)CNCCN)C(C)C)C(=O)N,CHEMBL2371725,IC50,8.8
839084,CSCC[C@H](NC(=O)[C@H](CC(C)C)NC(=O)[C@H](Cc1c[nH]cn1)NC(=O)CNC(=O)[C@@H](NC(=O)[C@H](C)NC(=O)[C@H](Cc2c[nH]c3ccccc23)NC(=O)[C@H](CCC(=O)N)NC(=O)COCC(=O)Nc4ccc(CC(CNCCN)CNCCN)cc4)C(C)C)C(=O)N,CHEMBL414307,IC50,9.05
839095,COc1ccc(nc1)C2(CNC(=O)[C@](C)(Cc3c[nH]c4ccccc34)NC(=O)Nc5ccc(cc5)[N+](=O)[O-])CCCCC2,CHEMBL405908,IC50,9.18
