id,smiles,name,assay_type,activity_value
130396,NC(=N)NCCC[C@@H](NC(=O)c1ccc(cc1)c2ccccc2)C(=O)N[C@@H](Cc3ccccc3)C(=O)N,CHEMBL2208325,Ki,7.03
130408,NC(=N)NCCC[C@H](NC(=O)c1ccccc1)C(=O)N[C@@H](Cc2ccccc2)C(=O)N,CHEMBL2208339,Ki,7.04
130419,NC(=N)NCC(=O)NCC1(Cc2ccccc2)CCN(Cc3ccccc3)CC1,CHEMBL3361423,Ki,7.08
130433,NC(=NCCC[C@@H](NC(=O)C(c1ccccc1)c2ccccc2)C(=O)NCc3ccc(O)cc3)N,CHEMBL332347,Ki,7.08
130444,NC(=N)NCC(=O)NCC1(Cc2ccc(Cl)c(Cl)c2)CCN(Cc3ccccc3)CC1,CHEMBL3361434,Ki,7.09
130455,CC(=N)NCCC[C@H](NC(=O)C12CC3CC(CC(C3)C1)C2)C(=O)N[C@@H](Cc4ccccc4)C(=O)N,CHEMBL3360829,Ki,7.13
130466,NC(=N)NCCC[C@H](NC(=O)c1ccc2ccccc2n1)C(=O)N[C@@H](Cc3ccccc3)C(=O)N,CHEMBL2208312,Ki,7.33
130477,NC(=N)NCCC[C@H](NC(=O)C12CC3CC(CC(C3)C1)C2)C(=O)N[C@@H](Cc4ccccc4)C(=O)N,CHEMBL1672380,Ki,7.37
130487,CCC(=O)NCCCCNC(=O)\N=C(\N)/NCCC[C@H](NC(=O)[C@H](CCC(=O)N)NC(=O)[C@@H]1CCCN1C(=O)[C@H](C)NC(=O)[C@H](C)NC(=O)[C@H](CC(C)C)NC(=O)[C@H](CO)NC(=O)[C@H](Cc2c[nH]c3ccccc23)NC(=O)[C@H](Cc4ccc(O)cc4)NC(=O)[C@@H](N)CCC(=O)O)C(=O)N[C@@H](Cc5ccccc5)C(=O)N.OC(=O)C(F)(F)F.OC(=O)C(F)(F)F,CHEMBL3786376,Ki,7.39
130498,NC(=N)NCC(=O)NCC1(Cc2cccc3ccccc23)CCN(Cc4ccccc4)CC1,CHEMBL3361433,Ki,7.52
130508,CC(C)C[C@H](NC(=O)[C@H](CO)NC(=O)[C@H](Cc1c[nH]c2ccccc12)NC(=O)[C@H](Cc3ccc(O)cc3)NC(=O)[C@@H](N)CCC(=O)O)C(=O)N[C@@H](C)C(=O)N[C@@H](C)C(=O)N4CCC[C@H]4C(=O)N[C@@H](CCC(=O)N)C(=O)N[C@@H](CCCN\C(=N/C(=O)NCCCCN)\N)C(=O)N[C@@H](Cc5ccccc5)C(=O)N.OC(=O)C(F)(F)F.OC(=O)C(F)(F)F.OC(=O)C(F)(F)F,CHEMBL3786583,Ki,7.57
130519,NC(=N)NCCC[C@@H](NC(=O)c1ccccc1)C(=O)N[C@@H](Cc2ccccc2)C(=O)N,CHEMBL2208340,Ki,7.66
130530,NC(=N)NCCC[C@@H](NC(=O)c1cccc(c1)c2ccccc2)C(=O)N[C@@H](Cc3ccccc3)C(=O)N,CHEMBL2208322,Ki,8.05
130541,NC(=N)NCCC[C@@H](NC(=O)C(c1ccccc1)c2ccccc2)C(=O)N[C@@H](Cc3ccccc3)C(=O)N,CHEMBL2208319,Ki,8.4
130552,NC(=N)NCCC[C@@H](NC(=O)c1ccccc1c2ccccc2)C(=O)N[C@@H](Cc3ccccc3)C(=O)N,CHEMBL2208338,Ki,8.4
130562,CC(C)C[C@H](NC(=O)[C@H](CO)NC(=O)[C@H](Cc1c[nH]c2ccccc12)NC(=O)[C@H](Cc3ccc(O)cc3)NC(=O)[C@@H](N)CCC(=O)O)C(=O)N[C@@H](C)C(=O)N[C@@H](C)C(=O)N4CCC[C@H]4C(=O)N[C@@H](CCC(=O)N)C(=O)N[C@@H](CCCNC(=N)N)C(=O)N[C@@H](Cc5ccccc5)C(=O)N,CHEMBL3786309,Kd,9.27
