id,smiles,name,assay_type,activity_value
7443140,NC(=N)NCC(=O)NCC1(CCN(Cc2ccccc2)CC1)Nc3cccc4ccccc34,CHEMBL3361418,Ki,7.03
7443152,NC(=N)NCCC[C@H](NC(=O)c1cccc2ccccc12)C(=O)N[C@@H](Cc3ccccc3)C(=O)N,CHEMBL2208294,Ki,7.06
7443163,NC(=N)NCCC[C@@H](NC(=O)\C=C\c1ccccc1)C(=O)N[C@H](Cc2ccccc2)C(=O)N,CHEMBL2208304,Ki,7.08
7443174,NC(=N)NCCNC(=O)C1(CCN(Cc2ccccc2)CC1)Nc3ccccc3,CHEMBL3361425,Ki,7.09
130455,CC(=N)NCCC[C@H](NC(=O)C12CC3CC(CC(C3)C1)C2)C(=O)N[C@@H](Cc4ccccc4)C(=O)N,CHEMBL3360829,Ki,7.24
7443187,NC(=N)NCCC[C@@H](NC(=O)C12CC3CC(CC(C3)C1)C2)C(=O)N[C@H](Cc4ccccc4)C(=O)N,CHEMBL2208307,Ki,7.29
7443198,NC(=N)NCCC[C@@H](NC(=O)Cc1ccccc1)C(=O)N[C@@H](Cc2ccccc2)C(=O)N,CHEMBL2208316,Ki,7.46
7443209,NC(=N)NCCC[C@@H](NC(=O)C12CC3CC(CC(C3)C1)C2)C(=O)N[C@@H](Cc4ccccc4)C(=O)N,CHEMBL2208305,Ki,7.54
130408,NC(=N)NCCC[C@H](NC(=O)c1ccccc1)C(=O)N[C@@H](Cc2ccccc2)C(=O)N,CHEMBL2208339,Ki,7.64
130477,NC(=N)NCCC[C@H](NC(=O)C12CC3CC(CC(C3)C1)C2)C(=O)N[C@@H](Cc4ccccc4)C(=O)N,CHEMBL1672380,Ki,7.66
130433,NC(=NCCC[C@@H](NC(=O)C(c1ccccc1)c2ccccc2)C(=O)NCc3ccc(O)cc3)N,CHEMBL332347,Ki,7.75
7443226,NC(=N)NCCC[C@@H](NC(=O)C(c1ccccc1)c2ccccc2)C(=O)N[C@H](Cc3ccccc3)C(=O)N,CHEMBL2208299,Ki,7.82
130519,NC(=N)NCCC[C@@H](NC(=O)c1ccccc1)C(=O)N[C@@H](Cc2ccccc2)C(=O)N,CHEMBL2208340,Ki,7.96
130541,NC(=N)NCCC[C@@H](NC(=O)C(c1ccccc1)c2ccccc2)C(=O)N[C@@H](Cc3ccccc3)C(=O)N,CHEMBL2208319,Ki,8.0
130530,NC(=N)NCCC[C@@H](NC(=O)c1cccc(c1)c2ccccc2)C(=O)N[C@@H](Cc3ccccc3)C(=O)N,CHEMBL2208322,Ki,8.22
7443243,NC(=N)NCCC[C@@H](NC(=O)c1ccccc1c2ccccc2)C(=O)N[C@H](Cc3ccccc3)C(=O)N,CHEMBL2208320,Ki,8.3
130396,NC(=N)NCCC[C@@H](NC(=O)c1ccc(cc1)c2ccccc2)C(=O)N[C@@H](Cc3ccccc3)C(=O)N,CHEMBL2208325,Ki,8.7
130552,NC(=N)NCCC[C@@H](NC(=O)c1ccccc1c2ccccc2)C(=O)N[C@@H](Cc3ccccc3)C(=O)N,CHEMBL2208338,Ki,8.7
7443258,NC(=N)NCCC[C@H](NC(=O)CCN1c2ccccc2Sc3ccccc13)C(=O)N[C@@H](Cc4ccccc4)C(=O)N,CHEMBL2208301,Ki,9.05
7443269,NC(=N)NCCC[C@@H](NC(=O)\C=C\c1ccccc1)C(=O)N[C@@H](Cc2ccccc2)C(=O)N,CHEMBL2208303,Ki,9.1
7443280,NC(=N)NCCC[C@H](NC(=O)c1ccccc1c2ccccc2)C(=O)N[C@@H](Cc3ccccc3)C(=O)N,CHEMBL2208337,Ki,9.5
