id,smiles,name,assay_type,activity_value
5891705,Cc1c(n2ccccc2[n+]1C\C=C\c3ccccc3Cl)P(=S)(c4ccccc4)c5ccccc5.[O-]C(=O)C(F)(F)F,CHEMBL3086837,IC50,7.03
5891717,[I-].Cc1c([n+]2ccccc2n1C)P(=S)(c3ccccc3)c4ccccc4,CHEMBL1598051,IC50,7.08
5891728,Cc1c(n2ccccc2[n+]1C\C=C\c3ccc(F)cc3)P(=S)(c4ccccc4)c5ccccc5.[O-]C(=O)C(F)(F)F,CHEMBL3086821,IC50,7.15
5891739,Fc1ccc(CNC(=O)N2CCN3C(C2)C(OC3=O)(c4ccccc4)c5ccccc5)cc1,CHEMBL469695,IC50,7.32
5891750,[Br-].Cc1c(n2ccccc2[n+]1C\C=C\c3ccccc3)P(=S)(c4ccccc4)c5ccccc5,CHEMBL1474387,IC50,7.35
5891761,Cc1c(n2ccccc2[n+]1Cc3ccccc3)P(=S)(c4ccccc4)c5ccccc5.[O-]C(=O)C(F)(F)F,CHEMBL3086833,IC50,7.8
5891772,[Br-].Cc1c(n2ccccc2[n+]1CCc3ccccc3)P(=S)(c4ccccc4)c5ccccc5,CHEMBL1315807,IC50,7.8
5891783,[Br-].Cc1c(n2ccccc2[n+]1CCCCc3ccccc3)P(=S)(c4ccccc4)c5ccccc5,CHEMBL1553073,IC50,7.82
5891794,[Br-].Cc1c(n2ccccc2[n+]1C(=O)Cc3ccccc3)P(=S)(c4ccccc4)c5ccccc5,CHEMBL3086834,IC50,7.89
5891805,CCC(C)(CCN1CCOCC1)N(CC2=Cc3ccccc3N(C)C2=O)C(=O)C4CCCCC4,CHEMBL1210313,IC50,7.96
5891816,Cc1nc2ccccn2c1P(=S)(c3ccccc3)c4ccccc4,CHEMBL1514777,IC50,8.04
5891827,Cc1c(n2ccccc2[n+]1CCCCCc3ccccc3)P(=S)(c4ccccc4)c5ccccc5.[O-]C(=O)C(F)(F)F,CHEMBL1472563,IC50,8.21
