id,smiles,name,assay_type,activity_value
1823798,CC(=O)N1CCc2ccc(cc12)N(C3CCN(CCC4CCCC4)CC3)C(=O)\C=C\c5cccc(c5)C#N,CHEMBL21283,IC50,7.0
1823810,CCC(CC)C(=O)Nc1ccc(N2CCN(CC2)C(C(=O)N(CC)CC)c3ccc(Cl)cc3)c(F)c1,CHEMBL3104192,IC50,7.0
1823821,CCC(CC)C(=O)Nc1ccc(N2CCN(CC2)C(C(=O)N(CC)CC)c3ccc(O)cc3)c(F)c1,CHEMBL3104197,IC50,7.0
1823832,COC(=O)C(N1CCN(CC1)c2ccc(NC(=O)c3ccccc3c4ccccc4)cc2C)c5ccccc5,CHEMBL1823348,IC50,7.0
1823843,CCN(CC)C(=O)C(N1CCN(CC1)c2ccc(cc2F)c3onc(C)n3)c4ccccc4,CHEMBL3104182,IC50,7.07
1823853,NCCN(CCNC(=O)CCC(=O)NCCCCCCNC(=O)\N=C(/N)\NCCC[C@H](NC(=O)CC1(CC(=O)N2CCN(CC2)C3c4ccccc4NC(=O)c5ccccc35)CCCC1)C(=O)NCCN6C(=O)N(N(C6=O)c7ccccc7)c8ccccc8)CCNC(=O)CCC(=O)NCCCCCCNC(=O)\N=C(/N)\NCCC[C@@H](NC(=O)C(c9ccccc9)c%10ccccc%10)C(=O)NCc%11ccc(O)cc%11.OC(=O)C(F)(F)F,CHEMBL2440899,Ki,7.07
1823864,CCN(CC)C(=O)C(N1CCN(CC1)c2ccc(NC(=O)C3CCCC3)cc2F)c4ccccc4,CHEMBL3104209,IC50,7.1
1823875,CCN(CC)C(=O)C(N1CCN(CC1)c2ccc(cc2F)c3ccccc3OC)c4ccccc4,CHEMBL3104122,IC50,7.11
1823886,CCN(CC)C(=O)C(N1CCN(CC1)c2ccc(NC(=O)C(C)(C)c3ccc(Cl)cc3)cc2F)c4ccccc4,CHEMBL3104206,IC50,7.14
1823897,CCN(CC)C(=O)C(N1CCN(CC1)c2ccc(NC(=O)C3(C)CCCCC3)cc2F)c4ccccc4,CHEMBL3104213,IC50,7.16
1823908,CCNC(=O)C(C1CCN(CC1)c2ccc(NC(=O)c3ccccc3c4ccsc4)cc2F)c5ccccc5,CHEMBL2402907,IC50,7.16
1823919,CC[C@H](C)C(=O)Nc1ccc(N2CCN(CC2)C(C(=O)N(CC)CC)c3ccccc3)c(F)c1,CHEMBL3104208,IC50,7.16
1823930,CCN(CC)C(=O)C(N1CCN(CC1)c2ccc(NC(=O)[C@H]3CCOC3)cc2F)c4ccccc4,CHEMBL3104210,IC50,7.19
1823940,CC(C)C[C@H](NC(=O)[C@H](CC(C)C)NC(=O)[C@@H](Cc1c[nH]c2ccccc12)NC(=O)[C@H](Cc3ccccc3)NC(=O)[C@@H](Cc4cccc5ccccc45)NC(=O)[C@H](CCCCN)NC(=O)CCC(=O)NCC(NC(=O)C)C(=O)N[C@@H](CC(C)C)C(=O)N[C@@H](CCCNC(=N)N)C(=O)N[C@@H](Cc6cnc[nH]6)C(=O)N[C@@H](Cc7ccc(O)cc7)C(=O)N[C@@H](CC(C)C)C(=O)N[C@@H](CC(=O)N)C(=O)N[C@@H](CC(C)C)C(=O)N[C@@H](CC(C)C)C(=O)N[C@@H]([C@@H](C)O)C(=O)N[C@@H](CCCNC(=N)N)C(=O)N[C@@H](CCC(=O)N)C(=O)N[C@@H](CCCNC(=N)N)C(=O)N[C@@H](Cc8ccc(O)cc8)C(=O)N)C(=O)N,CHEMBL3578017,IC50,7.2
1823950,CC[C@H](C)[C@H](N)C(=O)N[C@@H](CCCCN)C(=O)N1CCC[C@H]1C(=O)N[C@@H](CCC(=O)O)C(=O)N[C@@H](C)C(=O)N2CCC[C@H]2C(=O)NCC(=O)N[C@@H](CCC(=O)O)C(=O)N[C@@H](CC(=O)O)C(=O)N[C@@H](C)C(=O)N[C@@H](CO)C(=O)N3CCC[C@H]3C(=O)N[C@@H](CCC(=O)O)C(=O)N[C@@H](CCC(=O)O)C(=O)N[C@@H](CC(C)C)C(=O)N[C@@H](CC(=O)N)C(=O)N[C@@H](CCCNC(=N)N)C(=O)N[C@@H](Cc4ccc(O)cc4)C(=O)N[C@@H](Cc5ccc(O)cc5)C(=O)N[C@@H](C)C(=O)N[C@@H](CO)C(=O)N[C@@H](CC(C)C)C(=O)N[C@@H](CCCNC(=N)N)C(=O)N[C@@H](Cc6cnc[nH]6)C(=O)N[C@@H](Cc7ccc(O)cc7)C(=O)N[C@@H](CC(C)C)C(=O)N[C@@H](CC(=O)N)C(=O)N[C@@H](C)C(=O)N[C@@H](C(C)C)C(=O)N[C@@H]([C@@H](C)O)C(=O)N[C@@H](CCCNC(=N)N)C(=O)O[C@@H](CCC(=O)N)C(=O)N[C@@H](CCCNC(=N)N)C(=O)N[C@@H](Cc8ccc(O)cc8)C(=O)N,CHEMBL3099723,EC50,7.21
1823961,CC(C)C[C@@H](CN[C@@H](CCCN=C(N)N)C(=O)N[C@@H](Cc1c[nH]cn1)C(=O)N[C@@H](Cc2ccc(O)cc2)C(=O)N[C@@H](CC(C)C)C(=O)N[C@@H](CC(=O)N)C(=O)N[C@@H](CC(C)C)C(=O)N[C@@H](C(C)C)C(=O)N[C@@H]([C@@H](C)O)C(=O)N[C@@H](CCCN=C(N)N)C(=O)N[C@@H](CCC(=O)N)C(=O)N[C@@H](CCCN=C(N)N)C(=O)N[C@@H](Cc3ccc(O)cc3)C(=O)N)NC(=O)[C@H](CO)NC(=O)[C@H](C)NC(=O)C,CHEMBL428292,IC50,7.23
1823972,CC(C)C[C@@H](CN[C@@H](CC(=O)N)C(=O)N[C@@H](CC(C)C)C(=O)N[C@@H](C(C)C)C(=O)N[C@@H]([C@@H](C)O)C(=O)N[C@@H](CCCN=C(N)N)C(=O)N[C@@H](CCC(=O)N)C(=O)N[C@@H](CCCN=C(N)N)C(=O)N[C@@H](Cc1ccc(O)cc1)C(=O)N)NC(=O)[C@H](Cc2ccc(O)cc2)NC(=O)[C@H](Cc3c[nH]cn3)NC(=O)[C@H](CCCN=C(N)N)NC(=O)[C@H](CC(C)C)NC(=O)[C@H](CO)NC(=O)[C@H](C)NC(=O)C,CHEMBL438923,IC50,7.26
1823983,CC(C)C[C@H](NC(=O)[C@H](CO)NC(=O)[C@H](C)NC(=O)C)C(=O)N[C@@H](CCCN=C(N)N)C(=O)N[C@@H](Cc1c[nH]cn1)C(=O)N[C@@H](Cc2ccc(O)cc2)C(=O)N[C@@H](CC(C)C)C(=O)N[C@@H](CC(=O)N)C(=O)N[C@@H](CC(C)C)C(=O)N[C@@H](C(C)C)C(=O)N[C@H](CN[C@@H](CCCN=C(N)N)C(=O)N[C@@H](CCC(=O)N)C(=O)N[C@@H](CCCN=C(N)N)C(=O)N[C@@H](Cc3ccc(O)cc3)C(=O)N)[C@@H](C)O,CHEMBL411800,IC50,7.28
1823994,COC(=O)C(N1CCN(CC1)c2ccc(NC(=O)c3ccccc3c4ccccc4)cc2F)c5ccccc5,CHEMBL1823346,IC50,7.28
1824005,CCC(CC)C(=O)Nc1ccc(N2CCN(CC2)C(C(=O)N(CC)CC)c3cccc(Cl)c3)c(F)c1,CHEMBL3104215,IC50,7.3
1824016,CCC(CC)C(=O)Nc1ccc(N2CCN(CC2)C(C(=O)N(CC)CC)c3ccccc3)c(F)c1,CHEMBL1823576,IC50,7.3
1824027,CCNC(=O)C(C1CCN(CC1)c2ccc(cc2F)C(=O)Nc3ccccc3c4ccccc4)c5ccccc5,CHEMBL2403029,IC50,7.35
1824038,CCC(CC)C(=O)Nc1ccc(N2CCN(CC2)C(C(=O)N(CC)CC)c3ccc(cc3)C#N)c(F)c1,CHEMBL3104193,IC50,7.36
1824049,CCOc1ccc(cc1)C(N2CCN(CC2)c3ccc(NC(=O)C(CC)CC)cc3F)C(=O)N(CC)CC,CHEMBL3104195,IC50,7.36
1824060,CCNC(=O)C(N1CCN(CC1)c2ccc(NC(=O)c3ccccc3c4cccnc4)cc2F)c5ccccc5,CHEMBL1823355,IC50,7.38
1824071,CC(C)C[C@H](NC(=O)[C@H](CO)NC(=O)[C@H](C)NC(=O)C)C(=O)N[C@@H](CCCN=C(N)N)CN[C@@H](Cc1c[nH]cn1)C(=O)N[C@@H](Cc2ccc(O)cc2)C(=O)N[C@@H](CC(C)C)C(=O)N[C@@H](CC(=O)N)C(=O)N[C@@H](CC(C)C)C(=O)N[C@@H](C(C)C)C(=O)N[C@@H]([C@@H](C)O)C(=O)N[C@@H](CCCN=C(N)N)C(=O)N[C@@H](CCC(=O)N)C(=O)N[C@@H](CCCN=C(N)N)C(=O)N[C@@H](Cc3ccc(O)cc3)C(=O)N,CHEMBL406128,IC50,7.39
1824082,CCN(CC)C(=O)C(N1CCN(CC1)c2ccc(cc2F)c3onc(n3)C(C)C)c4ccccc4,CHEMBL3104183,IC50,7.39
1824093,CCC(CC)C(=O)Nc1ccc(N2CCN(CC2)C(C(=O)N(CC)CC)c3cccc(OC)c3)c(F)c1,CHEMBL3104216,IC50,7.4
1824104,COC(=O)C(N1CCN(CC1)c2ccc(NC(=O)c3ccccc3c4cccnc4)cc2F)c5ccccc5,CHEMBL1823350,IC50,7.4
1824115,CCC(CC)C(=O)Nc1ccc(N2CCN(CC2)C(c3onc(C)c3)c4ccccc4)c(F)c1,CHEMBL3104177,IC50,7.42
1824126,CCN(CC)C(=O)C(C1CCN(CC1)c2ccc(NC(=O)c3c(C)onc3C)cc2F)c4ccccc4,CHEMBL2403024,IC50,7.43
1824137,CCN(CC)C(=O)C(N1CCN(CC1)c2ccc(NC(=O)c3ccccc3c4ccccc4)cc2C#N)c5ccccc5,CHEMBL1823359,IC50,7.43
1824148,COC(=O)C(N1CCN(CC1)c2ccc(NC(=O)c3ccccc3c4ccncc4)cc2F)c5ccccc5,CHEMBL1823344,IC50,7.43
1824159,CCN(CC)C(=O)C(N1CCN(CC1)c2ccc(NC(=O)c3c(C)cnn3CC)cc2F)c4ccccc4,CHEMBL3104219,IC50,7.46
1824170,CCNC(=O)C(N1CCN(CC1)c2ccc(NC(=O)c3ccccc3c4ccccc4)cc2F)c5ccccc5,CHEMBL1823353,IC50,7.46
1824181,CCC(CC)C(=O)Nc1ccc(N2CCN(CC2)C(C3CCOC3)c4ccccc4)c(F)c1,CHEMBL3104178,IC50,7.47
1824192,CCC(CC)C(=O)Nc1ccc(N2CCN(CC2)C(C(=O)N(CC)CC)c3cccc(F)c3)c(F)c1,CHEMBL3104214,IC50,7.48
1824203,CCC(CC)C(=O)Nc1ccc(N2CCN(CC2)C(c3ccccc3)c4ncccn4)c(F)c1,CHEMBL3104179,IC50,7.48
1824214,CCNC(=O)C(N1CCN(CC1)c2ccc(NC(=O)c3ccccc3c4cccnc4)cc2C#N)c5ccccc5,CHEMBL1823356,IC50,7.52
1824225,CCC(CC)C(=O)Nc1ccc(N2CCN(CC2)C(c3ccccc3)c4onc(C)n4)c(F)c1,CHEMBL3104124,IC50,7.57
1824236,CCC(CC)C(=O)Nc1ccc(N2CCN(CC2)C(c3ccccc3)c4onc(CC)n4)c(F)c1,CHEMBL3104125,IC50,7.57
1824247,CCNC(=O)C(C1CCN(CC1)c2ccc(NC(=O)Nc3ccccc3c4ccccc4)cc2F)c5ccccc5,CHEMBL2403025,IC50,7.57
1824257,CCCCCCCCCCCCCCCC(=O)NCCCC[C@H](NC(=O)[C@H](CCCCN)NC(=O)[C@H](CCCCN)NC(=O)[C@H](Cc1ccc(O)cc1)NC(=O)C)C(=O)NCCCCCC(=O)N[C@@H](C)C(=O)N[C@@H](CCCNC(=N)N)C(=O)N[C@@H](Cc2cnc[nH]2)C(=O)N[C@@H](Cc3ccc(O)cc3)C(=O)N[C@@H]([C@@H](C)CC)C(=O)N[C@@H](CC(=O)N)C(=O)N[C@@H](CC(C)C)C(=O)N[C@@H]([C@@H](C)CC)C(=O)N[C@@H]([C@@H](C)O)C(=O)N[C@@H](CCCNC(=N)N)C(=O)N[C@@H](CCC(=O)N)C(=O)N[C@@H](CCCNC(=N)N)C(=O)N[C@@H](Cc4ccc(O)cc4)C(=O)N,CHEMBL3104111,Ki,7.58
1824268,CCC(CC)C(=O)Nc1ccc(N2CCN(CC2)C(C(=O)N(CC)CC)c3ccc(OC(F)(F)F)cc3)c(F)c1,CHEMBL3104196,IC50,7.59
1824279,CCN(CC)C(=O)C(N1CCN(CC1)c2ccc(NC(=O)c3c(C)onc3C)cc2F)c4ccccc4,CHEMBL3104218,IC50,7.59
1824290,CCN(CC)C(=O)C(C1CCN(CC1)c2ccc(NC(=O)C3CCOC3)cc2F)c4ccccc4,CHEMBL3104201,IC50,7.6
1824301,COC(=O)C(N1CCN(CC1)c2ccc(NC(=O)c3ccccc3c4ccccc4)cc2C#N)c5ccccc5,CHEMBL1823347,IC50,7.6
1824312,COc1cccnc1C(=O)N2CCN(CC2)c3ccc(NC(C)(C)c4ccccc4)cc3Cl,CHEMBL1823341,IC50,7.6
1824323,CCNC(=O)C(C1CCN(CC1)c2ccc(NC(=O)c3ccccc3c4cccnc4)cc2F)c5ccccc5,CHEMBL2402906,IC50,7.62
1824334,CCN(CC)C(=O)C(N1CCN(CC1)c2ccc(NC(=O)C3(CCCC3)c4ccccc4)cc2F)c5ccccc5,CHEMBL3104207,IC50,7.7
1824345,CCN(CC)C(=O)C(N1CCN(CC1)c2ccc(NC(=O)Cc3c(C)onc3C)cc2F)c4ccccc4,CHEMBL3104204,IC50,7.7
1824355,CC(C)C[C@H](NC(=O)[C@H](Cc1ccc(O)cc1)NC(=O)[C@H](Cc2cnc[nH]2)NC(=O)[C@H](CCCNC(=N)N)NC(=O)C3Cc4ccccc4N3)C(=O)N[C@@H](CC(=O)N)C(=O)N[C@@H](CC(C)C)C(=O)N[C@@H](C(C)C)C(=O)N[C@@H]([C@@H](C)O)C(=O)N[C@@H](CCCNC(=N)N)C(=O)N[C@@H](CCC(=O)N)C(=O)N[C@@H](CCCNC(=N)N)C(=O)N[C@@H](Cc5ccc(O)cc5)C(=O)N,CHEMBL411766,Ki,7.75
1824366,CCC(CC)C(=O)Nc1ccc(N2CCN(CC2)C(C(=O)N(CC)CC)c3ccc(OC)cc3)c(F)c1,CHEMBL3104194,IC50,7.75
1824377,CCN(CC)C(=O)C(N1CCN(CC1)c2ccc(NC(=O)Nc3c(C)onc3C)cc2F)c4ccccc4,CHEMBL3104205,IC50,7.8
1824388,CCNC(=O)C(C1CCN(CC1)c2ccc(NC(=O)Nc3c(C)onc3C)cc2F)c4ccccc4,CHEMBL2403027,IC50,7.82
1824398,CC(C)C[C@H](NC(=O)[C@H](CCCCNC(=O)CCNC(=O)[C@H](CCC(=O)N)NC(=O)[C@H](CC(C)C)NC(=O)[C@@H](Cc1c[nH]c2ccccc12)NC(=O)[C@H](Cc3ccccc3)NC(=O)[C@@H](Cc4cccc5ccccc45)NC(=O)[C@@H](N)CCCCN)NC(=O)C)C(=O)N[C@@H](CCCNC(=N)N)C(=O)N[C@@H](Cc6cnc[nH]6)C(=O)N[C@@H](Cc7ccc(O)cc7)C(=O)N[C@@H](CC(C)C)C(=O)N[C@@H](CC(=O)N)C(=O)N[C@@H](CC(C)C)C(=O)N[C@@H](CC(C)C)C(=O)N[C@@H]([C@@H](C)O)C(=O)N[C@@H](CCCNC(=N)N)C(=O)N[C@@H](CCC(=O)N)C(=O)N[C@@H](CCCNC(=N)N)C(=O)N[C@@H](Cc8ccc(O)cc8)C(=O)N,CHEMBL3578015,IC50,7.83
1824409,CCN(CC)C(=O)C(C1CCN(CC1)c2ccc(NC(=O)Cc3c(C)onc3C)cc2F)c4ccccc4,CHEMBL3104202,IC50,7.85
1824420,CCN(CC)C(=O)[C@@H](N1CCN(CC1)c2ccc(NC(=O)c3ccccc3c4cccnc4)cc2F)c5ccccc5,CHEMBL1823578,IC50,7.85
1824431,CCC(CC)C(=O)Nc1ccc(N2CCN(CC2)C(C(=O)N(CC)CC)c3ccccc3)c(c1)C#N,CHEMBL1823575,IC50,7.89
1824442,CCC(CC)C(=O)Nc1ccc(N2CCC(CC2)C(C(=O)N(CC)CC)c3ccccc3)c(F)c1,CHEMBL3104200,IC50,7.92
1824453,CCN(CC)C(=O)C(C1CCN(CC1)c2ccc(NC(=O)Nc3c(C)onc3C)cc2F)c4ccccc4,CHEMBL2403028,IC50,7.92
1824464,CCNC(=O)C(C1CCN(CC1)c2ccc(NC(=O)c3ccccc3c4ccccc4)cc2F)c5ccccc5,CHEMBL2402905,IC50,7.92
1824475,CCN(CC)C(=O)C(N1CCN(CC1)c2ccc(cc2C#N)c3onc(n3)C(C)C)c4ccccc4,CHEMBL3104180,IC50,7.96
1824486,CCNC(=O)C(N1CCN(CC1)c2ccc(NC(=O)c3ccccc3c4ccccc4)cc2C#N)c5ccccc5,CHEMBL1823354,IC50,7.96
1824496,CSc1ncccc1C(=O)N[C@@H](CCCNC(=N)N)C(=O)N[C@@H](Cc2cnc[nH]2)C(=O)N[C@@H](Cc3ccc(O)cc3)C(=O)N[C@@H](CC(C)C)C(=O)N[C@@H](CC(=O)N)C(=O)N[C@@H](CC(C)C)C(=O)N[C@@H](CC(C)C)C(=O)N[C@@H]([C@@H](C)O)C(=O)N[C@@H](CCCNC(=N)N)C(=O)N[C@@H](CCC(=O)N)C(=O)N[C@@H](CCCNC(=N)N)C(=O)N[C@@H](Cc4ccc(O)cc4)C(=O)N,CHEMBL437487,Ki,7.96
1824507,CCC(=O)NCCNC(=O)CCCC(=O)NC(=N)NCCC[C@H](NC(=O)CC1(CC(=O)N2CCN(CC2)C3c4ccccc4NC(=O)c5ccccc35)CCCC1)C(=O)NCCN6C(=O)N(N(C6=O)c7ccccc7)c8ccccc8,CHEMBL3104224,Ki,8.0
1824518,CCN(CC)C(=O)C(N1CCN(CC1)c2ccc(NC(=O)c3ccccc3c4ccccc4)cc2F)c5ccccc5,CHEMBL1823360,IC50,8.0
1824528,CC(C)C[C@H](NC(=O)[C@H](CC(C)C)NC(=O)[C@@H](Cc1c[nH]c2ccccc12)NC(=O)[C@H](Cc3ccccc3)NC(=O)[C@H](Cc4cccc5ccccc45)NC(=O)[C@H](CCCCN)NC(=O)[C@H](CCCCN)NC(=O)CCC(=O)NCC(NC(=O)C)C(=O)N[C@@H](CC(C)C)C(=O)N[C@@H](CCCNC(=N)N)C(=O)N[C@@H](Cc6cnc[nH]6)C(=O)N[C@@H](Cc7ccc(O)cc7)C(=O)N[C@@H](CC(C)C)C(=O)N[C@@H](CC(=O)N)C(=O)N[C@@H](CC(C)C)C(=O)N[C@@H](CC(C)C)C(=O)N[C@@H]([C@@H](C)O)C(=O)N[C@@H](CCCNC(=N)N)C(=O)N[C@@H](CCC(=O)N)C(=O)N[C@@H](CCCNC(=N)N)C(=O)N[C@@H](Cc8ccc(O)cc8)C(=O)N)C(=O)N,CHEMBL3578018,IC50,8.01
1824538,CC(C)C[C@H](NC(=O)[C@H](CO)NC(=O)[C@H](C)NC(=O)[C@H](Cc1ccc(O)cc1)NC(=O)[C@H](Cc2ccc(O)cc2)NC(=O)[C@H](CCCNC(=N)N)NC(=O)[C@H](CC(=O)N)NC(=O)[C@H](CC(C)C)NC(=O)[C@H](CCC(=O)O)NC(=O)[C@H](CCC(=O)O)NC(=O)[C@@H]3CCCN3C(=O)[C@H](CO)NC(=O)c4cccnc4SCCOCCOCCOCCOCCOCCOCCOCCOCCOCCOCCOCCOCCOCCOCCOCCOCCOCCOCCOCCO)C(=O)N[C@@H](CCCNC(=N)N)C(=O)N[C@@H](Cc5cnc[nH]5)C(=O)N[C@@H](Cc6ccc(O)cc6)C(=O)N[C@@H](CC(C)C)C(=O)N[C@@H](CC(=O)N)C(=O)N[C@@H](CC(C)C)C(=O)N[C@@H](C(C)C)C(=O)N[C@@H]([C@@H](C)O)C(=O)N[C@@H](CCCNC(=N)N)C(=O)N[C@@H](CCC(=O)N)C(=O)N[C@@H](CCCNC(=N)N)C(=O)N[C@@H](Cc7ccc(O)cc7)C(=O)N,CHEMBL3104112,Ki,8.04
1824548,CC(C)C[C@H](NC(=O)[C@H](CCCCNC(=O)CCCCCNC(=O)[C@H](CCC(=O)N)NC(=O)[C@H](CC(C)C)NC(=O)[C@@H](Cc1c[nH]c2ccccc12)NC(=O)[C@H](Cc3ccccc3)NC(=O)[C@@H](Cc4cccc5ccccc45)NC(=O)[C@@H](N)CCCCN)NC(=O)C)C(=O)N[C@@H](CCCNC(=N)N)C(=O)N[C@@H](Cc6cnc[nH]6)C(=O)N[C@@H](Cc7ccc(O)cc7)C(=O)N[C@@H](CC(C)C)C(=O)N[C@@H](CC(=O)N)C(=O)N[C@@H](CC(C)C)C(=O)N[C@@H](CC(C)C)C(=O)N[C@@H]([C@@H](C)O)C(=O)N[C@@H](CCCNC(=N)N)C(=O)N[C@@H](CCC(=O)N)C(=O)N[C@@H](CCCNC(=N)N)C(=O)N[C@@H](Cc8ccc(O)cc8)C(=O)N,CHEMBL3578016,IC50,8.05
1824559,CCN(CC)C(=O)[C@H](N1CCN(CC1)c2ccc(NC(=O)c3ccccc3c4cccnc4)cc2F)c5ccccc5,CHEMBL1823577,IC50,8.05
1824569,CC[C@H](C)[C@H](N)C(=O)N[C@@H](CCCCN)C(=O)N1CCC[C@H]1C(=O)N[C@@H](CCC(=O)O)C(=O)N[C@@H](C)C(=O)N2CCC[C@H]2C(=O)NCC(=O)N[C@@H](CCC(=O)O)C(=O)N[C@@H](CC(=O)O)C(=O)N[C@@H](C)C(=O)N[C@@H](CO)C(=O)N3CCC[C@H]3C(=O)N[C@@H](CCC(=O)O)C(=O)N[C@@H](CCC(=O)O)C(=O)N[C@@H](CC(C)C)C(=O)N[C@@H](CC(=O)N)C(=O)N[C@@H](CCCNC(=N)N)C(=O)N[C@@H](Cc4ccc(O)cc4)C(=O)N[C@@H](Cc5ccc(O)cc5)C(=O)N[C@@H](C)C(=O)N[C@@H](CO)C(=O)N[C@@H](CC(C)C)C(=O)N[C@@H](CCCNC(=N)N)C(=O)N[C@@H](Cc6cnc[nH]6)C(=O)N[C@@H](Cc7ccc(O)cc7)C(=O)N[C@@H](CC(C)C)C(=O)N[C@@H](CC(=O)N)C(=O)N[C@@H](C)C(=O)N[C@@H](C(C)C)C(=O)O[C@@H]([C@@H](C)O)C(=O)N[C@@H](CCCNC(=N)N)C(=O)N[C@@H](CCC(=O)N)C(=O)N[C@@H](CCCNC(=N)N)C(=O)N[C@@H](Cc8ccc(O)cc8)C(=O)N,CHEMBL3099726,EC50,8.08
1824580,CCC(CC)C(=O)Nc1ccc(N2CCN(CC2)C(c3cccc(F)c3)c4occn4)c(c1)C#N,CHEMBL3104181,IC50,8.16
1824591,CCN(CC)C(=O)C(C1CCN(CC1)c2ccc(NC(=O)c3ccccc3c4cccnc4)cc2F)c5ccccc5,CHEMBL2403023,IC50,8.16
1824602,NCCCCCCNC(=O)\N=C(\N)/NCCC[C@H](NC(=O)CC1(CC(=O)N2CCN(CC2)C3c4ccccc4NC(=O)c5ccccc35)CCCC1)C(=O)NCCN6C(=O)N(N(C6=O)c7ccccc7)c8ccccc8.OC(=O)C(F)(F)F,CHEMBL2440922,Ki,8.16
1824613,CC[C@H](C)[C@H](NC(=O)[C@H](Cc1ccc(O)cc1)NC(=O)[C@H](Cc2c[nH]cn2)NC(=O)[C@H](CCCN=C(N)N)NC(=O)[C@H](CC(C)C)NC(=O)[C@H](C)NC(=O)[C@H](CO)NC(=O)[C@@H]3CSSC[C@H](NC(=O)[C@@H](CC(=O)O)NC(=O)[C@H]4CCCN4C(=O)[C@H](CCCCN)NC(=O)[C@H](CO)NC(=O)[C@H]5CCCN5C(=O)[C@@H](N)Cc6ccc(O)cc6)C(=O)NCCCCCCCC(=O)N[C@@H](CCCN=C(N)N)C(=O)N[C@H](Cc7ccc(O)cc7)C(=O)N3)C(=O)N[C@@H](CC(=O)N)C(=O)N[C@@H](CC(C)C)C(=O)N[C@@H]([C@@H](C)CC)C(=O)N[C@@H]([C@@H](C)O)C(=O)N[C@@H](CCCN=C(N)N)C(=O)N[C@@H](CCC(=O)N)C(=O)N[C@@H](CCCN=C(N)N)C(=O)N[C@@H](Cc8ccc(O)cc8)C(=O)O,CHEMBL440824,Ki,8.18
1824623,CC(C)C[C@H](NC(=O)[C@H](Cc1ccc(O)cc1)NC(=O)[C@H](Cc2cnc[nH]2)NC(=O)[C@H](CCCNC(=N)N)NC(=O)c3ccc(N)c(C)c3)C(=O)N[C@@H](CC(=O)N)C(=O)N[C@@H](CC(C)C)C(=O)N[C@@H](C(C)C)C(=O)N[C@@H]([C@@H](C)O)C(=O)N[C@@H](CCCNC(=N)N)C(=O)N[C@@H](CCC(=O)N)C(=O)N[C@@H](CCCNC(=N)N)C(=O)N[C@@H](Cc4ccc(O)cc4)C(=O)N,CHEMBL266814,Ki,8.22
1824633,CC(C)C[C@H](NC(=O)[C@H](Cc1ccc(O)cc1)NC(=O)[C@H](Cc2cnc[nH]2)NC(=O)[C@H](CCCNC(=N)N)NC(=O)c3ccc(N)cc3)C(=O)N[C@@H](CC(=O)N)C(=O)N[C@@H](CC(C)C)C(=O)N[C@@H](C(C)C)C(=O)N[C@@H]([C@@H](C)O)C(=O)N[C@@H](CCCNC(=N)N)C(=O)N[C@@H](CCC(=O)N)C(=O)N[C@@H](CCCNC(=N)N)C(=O)N[C@@H](Cc4ccc(O)cc4)C(=O)N,CHEMBL397528,Ki,8.22
1824643,CC(C)C[C@H](NC(=O)[C@H](Cc1ccc(O)cc1)NC(=O)[C@H](Cc2cnc[nH]2)NC(=O)[C@H](CCCNC(=N)N)NC(=O)c3ccc(N)cc3Cl)C(=O)N[C@@H](CC(=O)N)C(=O)N[C@@H](CC(C)C)C(=O)N[C@@H](C(C)C)C(=O)N[C@@H]([C@@H](C)O)C(=O)N[C@@H](CCCNC(=N)N)C(=O)N[C@@H](CCC(=O)N)C(=O)N[C@@H](CCCNC(=N)N)C(=O)N[C@@H](Cc4ccc(O)cc4)C(=O)N,CHEMBL436630,Ki,8.22
1824653,CC(C)C[C@H](NC(=O)[C@H](Cc1ccc(O)cc1)NC(=O)[C@H](Cc2cnc[nH]2)NC(=O)[C@H](CCCNC(=N)N)NC(=O)c3ccccc3)C(=O)N[C@@H](CC(=O)N)C(=O)N[C@@H](CC(C)C)C(=O)N[C@@H](C(C)C)C(=O)N[C@@H]([C@@H](C)O)C(=O)N[C@@H](CCCNC(=N)N)C(=O)N[C@@H](CCC(=O)N)C(=O)N[C@@H](CCCNC(=N)N)C(=O)N[C@@H](Cc4ccc(O)cc4)C(=O)N,CHEMBL437290,Ki,8.22
1824665,CCN(CC)C(=O)C(N1CCN(CC1)c2ccc(NC(=O)c3ccccc3c4cccnc4)cc2F)c5ccccc5,CHEMBL1823342,IC50,8.22
1824676,CC[C@H](C)[C@H](NC(=O)[C@H](Cc1ccc(O)cc1)NC(=O)[C@H](Cc2c[nH]cn2)NC(=O)[C@H](CCCN=C(N)N)NC(=O)[C@H](CC(C)C)NC(=O)[C@H](C)NC(=O)[C@H](CO)NC(=O)[C@H]3CSSC[C@H](NC(=O)[C@@H](CC(=O)O)NC(=O)[C@H]4CCCN4C(=O)[C@H](CCCCN)NC(=O)[C@H](CO)NC(=O)[C@H]5CCCN5C(=O)[C@@H](N)Cc6ccc(O)cc6)C(=O)NCCCCCCCC(=O)N[C@@H](CCCN=C(N)N)C(=O)N[C@H](Cc7ccc(O)cc7)C(=O)N3)C(=O)N[C@@H](CC(=O)N)C(=O)N[C@@H](CC(C)C)C(=O)N[C@@H]([C@@H](C)CC)C(=O)N[C@@H]([C@@H](C)O)C(=O)N[C@@H](CCCN=C(N)N)C(=O)N[C@@H](CCC(=O)N)C(=O)N[C@@H](CCCN=C(N)N)C(=O)N[C@@H](Cc8ccc(O)cc8)C(=O)O,CHEMBL437671,Ki,8.28
1824687,CC[C@H](C)[C@H](NC(=O)[C@H](Cc1ccc(O)cc1)NC(=O)[C@H](Cc2c[nH]cn2)NC(=O)[C@H](CCCN=C(N)N)NC(=O)[C@H](CC(C)C)NC(=O)[C@H](CCCCN)NC(=O)[C@@H]3CCCN3C(=O)[C@H](CCCCN)NC(=O)[C@H](CO)NC(=O)[C@@H]4CCCN4C(=O)[C@@H](N)Cc5ccc(O)cc5)C(=O)N[C@@H](CC(=O)N)C(=O)N[C@@H](CC(C)C)C(=O)N[C@@H]([C@@H](C)CC)C(=O)N[C@@H]([C@@H](C)O)C(=O)N[C@@H](CCCN=C(N)N)C(=O)N[C@@H](CCC(=O)N)C(=O)N[C@@H](CCCN=C(N)N)C(=O)N[C@@H](Cc6ccc(O)cc6)C(=O)N([C@@H](CC(=O)N)C(=O)N7CCC[C@H]7C(=O)NCC(=O)N[C@@H](CCC(=O)O)C(=O)N[C@@H](CC(=O)O)C(=O)N[C@@H](C)C(=O)N8CCC[C@H]8C(=O)N[C@@H](C)C(=O)N[C@@H](CCC(=O)O)C(=O)N[C@@H](CC(=O)O)C(=O)N[C@@H](CC(C)C)C(=O)N[C@@H](C)C(=O)N[C@@H](CCCN=C(N)N)C(=O)N[C@@H](Cc9ccc(O)cc9)C(=O)N[C@@H](Cc%10ccc(O)cc%10)C(=O)N[C@@H](CO)C(=O)N)C(=O)C,CHEMBL265637,Kd,8.29
1824697,COc1cc(ccc1N)C(=O)N[C@@H](CCCNC(=N)N)C(=O)N[C@@H](Cc2cnc[nH]2)C(=O)N[C@@H](Cc3ccc(O)cc3)C(=O)N[C@@H](CC(C)C)C(=O)N[C@@H](CC(=O)N)C(=O)N[C@@H](CC(C)C)C(=O)N[C@@H](C(C)C)C(=O)N[C@@H]([C@@H](C)O)C(=O)N[C@@H](CCCNC(=N)N)C(=O)N[C@@H](CCC(=O)N)C(=O)N[C@@H](CCCNC(=N)N)C(=O)N[C@@H](Cc4ccc(O)cc4)C(=O)N,CHEMBL411765,Ki,8.3
1824707,CC(C)C[C@H](NC(=O)[C@H](Cc1ccc(O)cc1)NC(=O)[C@H](Cc2cnc[nH]2)NC(=O)[C@H](CCCNC(=N)N)NC(=O)c3cccc(N)c3)C(=O)N[C@@H](CC(=O)N)C(=O)N[C@@H](CC(C)C)C(=O)N[C@@H](C(C)C)C(=O)N[C@@H]([C@@H](C)O)C(=O)N[C@@H](CCCNC(=N)N)C(=O)N[C@@H](CCC(=O)N)C(=O)N[C@@H](CCCNC(=N)N)C(=O)N[C@@H](Cc4ccc(O)cc4)C(=O)N,CHEMBL241105,Ki,8.4
1824717,CC(C)C[C@H](NC(=O)[C@H](Cc1ccc(O)cc1)NC(=O)[C@H](Cc2cnc[nH]2)NC(=O)[C@H](CCCNC(=N)N)NC(=O)c3ccccc3N)C(=O)N[C@@H](CC(=O)N)C(=O)N[C@@H](CC(C)C)C(=O)N[C@@H](C(C)C)C(=O)N[C@@H]([C@@H](C)O)C(=O)N[C@@H](CCCNC(=N)N)C(=O)N[C@@H](CCC(=O)N)C(=O)N[C@@H](CCCNC(=N)N)C(=O)N[C@@H](Cc4ccc(O)cc4)C(=O)N,CHEMBL227456,Ki,8.4
1824727,CC[C@H](C)[C@H](N)C(=O)N[C@@H](CCCCN)C(=O)N1CCC[C@H]1C(=O)N[C@@H](CCC(=O)O)C(=O)N[C@@H](C)C(=O)N2CCC[C@H]2C(=O)NCC(=O)N[C@@H](CCC(=O)O)C(=O)N[C@@H](CC(=O)O)C(=O)N[C@@H](C)C(=O)N[C@@H](CO)C(=O)N3CCC[C@H]3C(=O)N[C@@H](CCC(=O)O)C(=O)N[C@@H](CCC(=O)O)C(=O)N[C@@H](CC(C)C)C(=O)N[C@@H](CC(=O)N)C(=O)N[C@@H](CCCNC(=N)N)C(=O)N[C@@H](Cc4ccc(O)cc4)C(=O)N[C@@H](Cc5ccc(O)cc5)C(=O)N[C@@H](C)C(=O)N[C@@H](CO)C(=O)N[C@@H](CC(C)C)C(=O)N[C@@H](CCCNC(=N)N)C(=O)N[C@@H](Cc6cnc[nH]6)C(=O)N[C@@H](Cc7ccc(O)cc7)C(=O)N[C@@H](CC(C)C)C(=O)N[C@@H](CC(=O)N)C(=O)N[C@@H](C)C(=O)N[C@@H](C(C)C)C(=O)N[C@@H]([C@@H](C)O)C(=O)O[C@@H](CCCNC(=N)N)C(=O)N[C@@H](CCC(=O)N)C(=O)N[C@@H](CCCNC(=N)N)C(=O)N[C@@H](Cc8ccc(O)cc8)C(=O)N,CHEMBL3099727,EC50,8.44
1824738,CC[C@H](C)[C@H](NC(=O)[C@H](CC(C)C)NC(=O)[C@H](CC(=O)N)NC(=O)[C@@H](NC(=O)[C@@]1(C)NC(=O)CC[C@H](NC(=O)[C@@H](N)Cc2ccc(O)cc2)C(=O)N[C@@H](CO)C(=O)N[C@H](CCCCN)C(=O)N3CCC[C@H]3C(=O)N[C@H](C)C(=O)N[C@@H](CC(C)C)C(=O)N[C@H](CCCN=C(N)N)C(=O)N[C@@H](Cc4c[nH]cn4)C(=O)N1)[C@@H](C)CC)C(=O)N[C@@H]([C@@H](C)O)C(=O)N[C@@H](CCCN=C(N)N)C(=O)N[C@@H](CCC(=O)N)C(=O)N[C@@H](CCCN=C(N)N)C(=O)N[C@@H](Cc5ccc(O)cc5)C(=O)O,CHEMBL385339,Kd,8.44
1824749,NC(=N)NCCC[C@@H](NC(=O)CC1(CC(=O)N2CCN(CC2)C3c4ccccc4NC(=O)c5ccccc35)CCCC1)C(=O)NCCN6C(=O)N(N(C6=O)c7ccccc7)c8ccccc8,CHEMBL2307889,IC50,8.48
1824760,CC[C@H](C)[C@H](NC(=O)[C@H](Cc1ccc(O)cc1)NC(=O)[C@@H](Cc2c[nH]cn2)NC(=O)[C@H](CCCN=C(N)N)NC(=O)[C@H](CC(C)C)NC(=O)[C@H](C)NC(=O)[C@H](CO)NC(=O)[C@H](Cc3ccc(O)cc3)NC(=O)[C@H]4CSSC[C@H](NC(=O)[C@H](CC(=O)O)NC(=O)[C@@H]5CCCN5C(=O)[C@@H](CCCCN)NC(=O)[C@@H](CO)NC(=O)[C@H]6CCCN6C(=O)[C@@H](N)Cc7ccc(O)cc7)C(=O)NCCCCCCCC(=O)N[C@@H](CCCN=C(N)N)C(=O)N4)C(=O)N[C@@H](CC(=O)N)C(=O)N[C@@H](CC(C)C)C(=O)N[C@@H]([C@@H](C)CC)C(=O)N[C@@H]([C@@H](C)O)C(=O)N[C@@H](CCCN=C(N)N)C(=O)N[C@@H](CCC(=O)N)C(=O)N[C@@H](CCCN=C(N)N)C(=O)N[C@@H](Cc8ccc(O)cc8)C(=O)O,CHEMBL409634,Ki,8.57
1824771,CC[C@H](C)[C@H](NC(=O)[C@H](CC(C)C)NC(=O)[C@H](CC(=O)N)NC(=O)[C@@H](NC(=O)[C@@H]1CNC(=O)[C@H](Cc2c[nH]cn2)NC(=O)[C@H](CCCN=C(N)N)NC(=O)CCCCCNC(=O)[C@H](CCCCN)NC(=O)[C@H](CO)NC(=O)[C@H](CCC(=O)N1)NC(=O)[C@@H](N)Cc3ccc(O)cc3)[C@@H](C)CC)C(=O)N[C@@H]([C@@H](C)O)C(=O)N[C@@H](CCCN=C(N)N)C(=O)N[C@@H](CCC(=O)N)C(=O)N[C@@H](CCCN=C(N)N)C(=O)N[C@@H](Cc4ccc(O)cc4)C(=O)O,CHEMBL2370624,Ki,8.64
1824781,CC[C@H](C)[C@H](N)C(=O)N[C@@H](CCCCN)C(=O)N1CCC[C@H]1C(=O)N[C@@H](CCC(=O)O)C(=O)N[C@@H](C)C(=O)N2CCC[C@H]2C(=O)NCC(=O)N[C@@H](CCC(=O)O)C(=O)N[C@@H](CC(=O)O)C(=O)N[C@@H](C)C(=O)N[C@@H](CO)C(=O)N3CCC[C@H]3C(=O)N[C@@H](CCC(=O)O)C(=O)N[C@@H](CCC(=O)O)C(=O)N[C@@H](CC(C)C)C(=O)N[C@@H](CC(=O)N)C(=O)N[C@@H](CCCNC(=N)N)C(=O)N[C@@H](Cc4ccc(O)cc4)C(=O)N[C@@H](Cc5ccc(O)cc5)C(=O)N[C@@H](C)C(=O)N[C@@H](CO)C(=O)N[C@@H](CC(C)C)C(=O)N[C@@H](CCCNC(=N)N)C(=O)N[C@@H](Cc6cnc[nH]6)C(=O)N[C@@H](Cc7ccc(O)cc7)C(=O)N[C@@H](CC(C)C)C(=O)N[C@@H](CC(=O)N)C(=O)N[C@@H](C)C(=O)N[C@@H](C(C)C)C(=O)N[C@@H]([C@@H](C)O)C(=O)N[C@@H](CCCNC(=N)N)C(=O)N[C@@H](CCC(=O)N)C(=O)O[C@@H](CCCNC(=N)N)C(=O)N[C@@H](Cc8ccc(O)cc8)C(=O)N,CHEMBL3099722,EC50,8.66
1824792,CC[C@H](C)[C@H](NC(=O)[C@H](Cc1ccc(O)cc1)NC(=O)[C@H](Cc2c[nH]cn2)NC(=O)[C@H](CCCN=C(N)N)NC(=O)[C@H](CC(C)C)NC(=O)[C@H](CCCCN)NC(=O)[C@@H]3CCCN3C(=O)[C@H](CCCCN)NC(=O)[C@H](CO)NC(=O)[C@@H]4CCCN4C(=O)[C@@H](N)Cc5ccc(O)cc5)C(=O)N[C@@H](CC(=O)N)C(=O)N[C@@H](CC(C)C)C(=O)N[C@@H]([C@@H](C)CC)C(=O)N[C@@H]([C@@H](C)O)C(=O)N[C@@H](CCCN=C(N)N)C(=O)N[C@@H](CCC(=O)N)C(=O)N([C@@H](CCCN=C(N)N)C(=O)N[C@@H](Cc6ccc(O)cc6)C(=O)N[C@@H](C)C(=O)N[C@@H](CCC(=O)O)C(=O)N[C@@H](CC(=O)O)C(=O)N[C@@H](CC(C)C)C(=O)N[C@@H](C)C(=O)N[C@@H](CCCN=C(N)N)C(=O)N[C@@H](Cc7ccc(O)cc7)C(=O)N[C@@H](Cc8ccc(O)cc8)C(=O)N[C@@H](CO)C(=O)O)C(=O)C,CHEMBL265008,Kd,8.68
1824803,CCCC[C@H](NC(=O)[C@H](CO)NC(=O)[C@H](C)NC(=O)C)C(=O)N[C@@H](CCCN=C(N)N)C(=O)N[C@@H](Cc1c[nH]cn1)C(=O)N[C@@H](Cc2ccc(O)cc2)C(=O)N[C@@H](CCCC)C(=O)N[C@@H](CC(=O)N)C(=O)N[C@@H](Cc3c[nH]c4ccccc34)C(=O)N[C@@H](CCC)C(=O)N[C@@H]([C@@H](C)O)C(=O)N[C@@H](CCCN=C(N)N)C(=O)N[C@@H](CCC(=O)N)C(=O)N[C@@H](CCCN=C(N)N)CN[C@@H](Cc5ccc(O)cc5)C(=O)N,CHEMBL412257,IC50,8.76
1824814,CC(C)C[C@H](NC(=O)[C@H](CO)NC(=O)[C@H](C)NC(=O)C)C(=O)N[C@@H](CCCN=C(N)N)C(=O)N[C@@H](Cc1c[nH]cn1)C(=O)N[C@@H](Cc2ccc(O)cc2)C(=O)N[C@@H](CC(C)C)C(=O)N[C@@H](CC(=O)N)C(=O)N[C@@H](Cc3c[nH]c4ccccc34)C(=O)N[C@@H](C(C)C)C(=O)N[C@@H]([C@@H](C)O)C(=O)N[C@@H](CCCN=C(N)N)C(=O)N[C@@H](CCC(=O)N)C(=O)N[C@@H](CCCN=C(N)N)CN[C@@H](Cc5ccc(O)cc5)C(=O)N,CHEMBL214707,IC50,8.86
1824825,CC(C)C[C@H](NC(=O)[C@H](CO)NC(=O)[C@H](C)NC(=O)C)C(=O)N[C@@H](CCCN=C(N)N)C(=O)N[C@@H](Cc1c[nH]cn1)C(=O)N[C@@H](Cc2ccc(O)cc2)C(=O)N[C@@H](CC(C)C)C(=O)N[C@@H](CC(=O)N)C(=O)N[C@@H](CC(C)C)C(=O)N[C@@H](C(C)C)C(=O)N[C@@H]([C@@H](C)O)C(=O)N[C@@H](CCCN=C(N)N)C(=O)N[C@@H](CCC(=O)N)C(=O)N[C@@H](CCCN=C(N)N)CN[C@@H](Cc3ccc(O)cc3)C(=O)N,CHEMBL412704,IC50,8.88
1824836,CC(C)C[C@H](NC(=O)[C@H](CO)NC(=O)[C@H](C)NC(=O)C)C(=O)N[C@@H](CCCN=C(N)N)C(=O)N[C@@H](Cc1c[nH]cn1)C(=O)N[C@@H](Cc2c[nH]c3ccccc23)C(=O)N[C@@H](CC(C)C)C(=O)N[C@@H](CC(=O)N)C(=O)N[C@@H](CC(C)C)C(=O)N[C@@H](C(C)C)C(=O)N[C@@H]([C@@H](C)O)C(=O)N[C@@H](CCCN=C(N)N)C(=O)N[C@@H](CCC(=O)N)C(=O)N[C@@H](CCCN=C(N)N)CN[C@@H](Cc4ccc(O)cc4)C(=O)N,CHEMBL384306,IC50,8.98
1824847,CC[C@H](C)[C@H](NC(=O)[C@H](Cc1ccc(O)cc1)NC(=O)[C@H](Cc2c[nH]cn2)NC(=O)[C@H](CCCN=C(N)N)NC(=O)CCCCCNC(=O)[C@H](CCCCN)NC(=O)[C@H](CO)NC(=O)[C@@H]3CCCN3C(=O)[C@@H](N)Cc4ccc(O)cc4)C(=O)N[C@@H](CC(=O)N)C(=O)N[C@@H](CC(C)C)C(=O)N[C@@H]([C@@H](C)CC)C(=O)N[C@@H]([C@@H](C)O)C(=O)N[C@@H](CCCN=C(N)N)C(=O)N[C@@H](CCC(=O)N)C(=O)N[C@@H](CCCN=C(N)N)C(=O)N[C@@H](Cc5ccc(O)cc5)C(=O)O,CHEMBL439122,Ki,9.0
1824857,CC(C)C[C@H](NC(=O)[C@H](CC(=O)N)NC(=O)[C@H](CC(C)C)NC(=O)[C@H](Cc1ccc(O)cc1)NC(=O)[C@H](Cc2cnc[nH]2)NC(=O)[C@H](CCCNC(=N)N)NC(=O)[C@H](CC(C)C)NC(=O)C(CN)NC(=O)C)C(=O)N[C@@H](CC(C)C)C(=O)N[C@@H]([C@@H](C)O)C(=O)N[C@@H](CCCNC(=N)N)C(=O)N[C@@H](CCC(=O)N)C(=O)N[C@@H](CCCNC(=N)N)C(=O)N[C@@H](Cc3ccc(O)cc3)C(=O)N,CHEMBL3578012,EC50,9.4
1824867,CC[C@H](C)[C@H](N)C(=O)N[C@@H](CCCCN)C(=O)N1CCC[C@H]1C(=O)N[C@@H](CCC(=O)O)C(=O)N[C@@H](C)C(=O)N2CCC[C@H]2C(=O)NCC(=O)N[C@@H](CCC(=O)O)C(=O)N[C@@H](CC(=O)O)C(=O)N[C@@H](C)C(=O)N[C@@H](CO)C(=O)N3CCC[C@H]3C(=O)N[C@@H](CCC(=O)O)C(=O)N[C@@H](CCC(=O)O)C(=O)N[C@@H](CC(C)C)C(=O)N[C@@H](CC(=O)N)C(=O)N[C@@H](CCCNC(=N)N)C(=O)N[C@@H](Cc4ccc(O)cc4)C(=O)N[C@@H](Cc5ccc(O)cc5)C(=O)N[C@@H](C)C(=O)N[C@@H](CO)C(=O)N[C@@H](CC(C)C)C(=O)N[C@@H](CCCNC(=N)N)C(=O)N[C@@H](Cc6cnc[nH]6)C(=O)N[C@@H](Cc7ccc(O)cc7)C(=O)N[C@@H](CC(C)C)C(=O)N[C@@H](CC(=O)N)C(=O)N[C@@H](C)C(=O)N[C@@H](C(C)C)C(=O)N[C@@H]([C@@H](C)O)C(=O)N[C@@H](CCCNC(=N)N)C(=O)N[C@@H](CCC(=O)N)C(=O)N[C@@H](CCCNC(=N)N)C(=O)O[C@@H](Cc8ccc(O)cc8)C(=O)N,CHEMBL3099721,EC50,9.52
