id,smiles,name,assay_type,activity_value
9722012,CC(C)C(=O)N1CCC(CNc2nc3c(CCOc4cc(Cl)c(F)cc34)s2)CC1,CHEMBL81337,IC50,7.0
9722024,CCCCC(=O)N1CCC(CNc2nc3c(CCOc4ccc(F)cc34)s2)CC1,CHEMBL82374,IC50,7.0
9722035,CCn1c2ccccc2c3cc(ccc13)c4nc(C)c([nH]4)c5ccccn5,CHEMBL300543,Ki,7.0
9722046,COc1ccc(cc1)S(=O)(=O)Nc2ccc(cc2)c3cc(N)n(n3)c4ccccc4,CHEMBL75662,IC50,7.0
9722057,Cc1nc(N2CCCCC2)c3[nH]c(cc3n1)c4cccs4,CHEMBL139483,IC50,7.0
9722068,Cc1nc(N2CCOCC2)c3[nH]c(cc3n1)c4ccccc4,CHEMBL137404,IC50,7.0
9722079,CC(C)S(=O)(=O)NC[C@@H]1CC[C@H](CC1)NC(=O)CN2C(=O)COc3ccc(F)cc23,CHEMBL1829318,Ki,7.01
9722090,Clc1ccc(NC(=O)NC[C@@H]2CC[C@@H](CNS(=O)(=O)c3cccc4ccccc34)CC2)cc1Cl,CHEMBL52382,Ki,7.02
9722101,COc1ccc2C(C3=C(O)CC(C)(C)CC3=O)C4=C(CC(C)(C)CC4=O)Oc2c1,CHEMBL468846,Ki,7.03
9722112,Cn1c2ccccc2c3cc(NC(=O)C(F)(F)F)ccc13,CHEMBL294822,Ki,7.03
9722123,Fc1ccc(cc1)C2(CNC(=N2)c3ccsc3)c4ccc(F)cc4,CHEMBL506812,IC50,7.03
9722134,CC(C)Oc1ccc(cc1)c2cc(NC(=O)C3Cc4ccccc4C3)[nH]n2,CHEMBL160722,Ki,7.04
9722145,COc1ccc2C3CC(=NC3CCc2c1)NC(=O)[C@@H]4CC[C@@H](CNS(=O)(=O)c5ccccc5)CC4,CHEMBL305987,IC50,7.04
9722156,O=C(NNC(=O)c1cc2ccccc2s1)[C@@H]3CC[C@@H](CNS(=O)(=O)c4cccc5cccnc45)CC3,CHEMBL350684,IC50,7.04
9722167,O=C1O[C@@]2(CC[C@H](CC2)c3nc4ccccc4[nH]3)c5ccccc15,CHEMBL491020,IC50,7.04
9722178,O=C1O[C@@]2(CC[C@H](CC2)c3nc4cccnc4[nH]3)c5ccccc15,CHEMBL495930,IC50,7.04
9722189,CN(C1CCN(CC1)S(=O)(=O)C)C(=O)NC2CCN(CC2)c3ccccc3F,CHEMBL403282,Ki,7.06
9722200,COc1ccc2N(CCN[C@@H]3CC[C@@H](CNS(=O)(=O)C(C)C)CC3)CCOc2c1,CHEMBL1829329,Ki,7.06
9722211,COc1ccc2CCCC(CNCC3CN(CCNS(=O)(=O)c4cccc5ccccc45)C3)Cc2c1,CHEMBL351082,IC50,7.07
9722222,CS(=O)(=O)c1ccc2[nH]c(nc2c1)N3CCC4(CC3)OC(=O)c5ccccc45,CHEMBL484267,IC50,7.07
9722233,Clc1ccc2CCCC(Cc2c1)NCC3CCN(CCNS(=O)(=O)c4cccc5ccccc45)CC3,CHEMBL163470,IC50,7.07
9722244,FC(F)(F)c1cccc2[nH]c(nc12)N3CCC4(CC3)OC(=O)c5ccccc45,CHEMBL498166,IC50,7.08
9722255,CC1(C)CC(=C(C2C3=C(CC(C)(C)CC3=O)Oc4ccc(F)cc24)C(=O)C1)O,CHEMBL469041,Ki,7.09
9722266,CN(C)CC(=O)N[C@@H]1CC[C@@H](CNc2nc3c(CCCc4ccc(F)cc34)s2)CC1,CHEMBL82408,IC50,7.09
9722277,CN([C@@H]1CC[C@]2(CC1)Cc3cnccc3C(=O)O2)C(=O)Nc4cnc(cn4)c5ccccc5,CHEMBL2016741,Ki,7.09
9722288,CS(=O)(=O)NCCCCCNc1nc(cs1)c2ccsc2,CHEMBL1912074,Ki,7.1
9722299,Cc1cc(nn1c2cccc(c2)C(F)(F)F)C(=O)Nc3cccc4cnccc34,CHEMBL73534,IC50,7.1
9722310,Cc1ccc(cc1)c2cc(NC(=O)C3Cc4ccccc4C3)[nH]n2,CHEMBL158759,Ki,7.1
9722321,Cc1ccc(cc1)n2nc(cc2N)c3ccc(NS(=O)(=O)c4ccc(cc4)[N+](=O)[O-])cc3,CHEMBL73251,IC50,7.1
9722332,Cc1nc(N2CCCCC2)c3[nH]c(cc3n1)c4cc(F)ccc4F,CHEMBL344820,IC50,7.1
9722343,[O-][N+](=O)c1ccc2CCCC(Cc2c1)NCC3CCN(CCNS(=O)(=O)c4cccc5ccccc45)CC3,CHEMBL159450,IC50,7.1
9722354,CC(=O)NC1CCN(CC(=O)Nc2nc3c(CCCc4ccc(F)cc34)s2)CC1,CHEMBL78901,IC50,7.11
9722365,CC(C)(C)Cn1c2ccccc2c3cc(NC(=O)N4CCOCC4)ccc13,CHEMBL119426,IC50,7.11
9722376,FC(F)(F)Oc1cc(Br)ccc1S(=O)(=O)NCC2CCC(CNc3ncc4ccccc4n3)CC2,CHEMBL425012,IC50,7.11
9722387,CC(C)Cn1c2ccccc2c3cc(NC(=O)CCN4CCCC4)ncc13,CHEMBL2115090,Ki,7.13
9722398,CC1CN(CC(C)O1)S(=O)(=O)NCCCCCNc2nc(cs2)c3ccccn3,CHEMBL1909729,Ki,7.13
9722409,CCC1CCCCN1c2[nH]c(C)nc3cc(nc23)c4ccccc4,CHEMBL334373,IC50,7.13
9722420,COc1ccc2C(Cc3cccnc3)C(CCc2c1)NC(=O)CN4CCC(CC4)n5c(O)nc6ccccc56,CHEMBL42768,IC50,7.13
9722431,Cc1ccc(cc1)n2nc(cc2N)c3ccc(NS(=O)(=O)c4ccc(N)cc4)cc3,CHEMBL421695,IC50,7.13
9722442,Cc1cccc2[nH]c(nc12)N3CCC4(CC3)OC(=O)c5ccccc45,CHEMBL526641,IC50,7.13
9722453,Fc1ccc2C(CC=C)C(CCc2c1)NC(=O)[C@@H]3CC[C@@H](CNS(=O)(=O)c4ccccc4)CC3,CHEMBL3084863,IC50,7.13
9722464,Cc1ccc2CCCC(Cc2c1)NCC3CCN(CCNS(=O)(=O)c4cccc5ccccc45)CC3,CHEMBL162094,IC50,7.14
9722475,CC(CC1CCCCC1)N(C)C(=O)Nc2ccc(Oc3ccccc3)cc2,CHEMBL76422,IC50,7.15
9722486,CC1(C)CC(=C(C2C3=C(CC(C)(C)CC3=O)Oc4c(Cl)cccc24)C(=O)C1)O,CHEMBL467813,Ki,7.15
9722497,Fc1ccc2OCCc3sc(NCC4CCN(CC4)C(=O)CN5CCCCC5)nc3c2c1,CHEMBL311824,IC50,7.15
9722508,CC(=O)N1CCC(CNc2nc3c(CCCc4ccc(F)cc34)s2)CC1,CHEMBL83255,IC50,7.16
9722519,CC(=O)N1CCC(CNc2nc3c(CCOc4ccc(F)cc34)s2)CC1,CHEMBL81442,IC50,7.16
9722530,C[C@H]([C@@H](O)c1ccccc1)N(C)\C(=N\c2ccc(Oc3ccccc3)cc2)\S,CHEMBL77010,IC50,7.16
9722541,Cc1[nH]c(nc1c2ccc(Cl)cc2)c3cccnc3,CHEMBL333509,Ki,7.16
9722552,COc1cc2CCCC(Cc2cc1OC)NCC3CCN(CCNS(=O)(=O)c4cccc5ccccc45)CC3,CHEMBL165556,IC50,7.17
9722563,Cc1ccc(cc1)n2nc(cc2N)c3ccc(NS(=O)(=O)c4ccc(OC(F)(F)F)cc4)cc3,CHEMBL308110,IC50,7.17
9722574,CCCc1cc2[nH]c(C)nc(N3CCCCC3)c2n1,CHEMBL137258,IC50,7.18
9722585,COc1ccc2CCC(O)(CNCC3CCN(CCNS(=O)(=O)c4cccc5ccccc45)CC3)c2c1,CHEMBL354111,IC50,7.18
9722596,COc1ccc2CCCC(Cc2c1)NC3CCN(CCNS(=O)(=O)c4cccc5ccccc45)CC3,CHEMBL165506,IC50,7.18
9722607,Cc1ccc(cc1)n2nc(cc2N)c3ccc(NS(=O)(=O)c4ccc(cc4)C(F)(F)F)cc3,CHEMBL75827,IC50,7.2
9722618,COc1ccc(cc1)c2cc(NC(=O)C3Cc4ccccc4C3)[nH]n2,CHEMBL159070,Ki,7.21
9722629,CC(C)C(=O)N1CCC(CNc2nc3c(CCOc4ccc(C)cc34)s2)CC1,CHEMBL316153,IC50,7.22
9722640,CC(C)S(=O)(=O)NC[C@@H]1CC[C@H](CC1)NCCN2CCOc3ccc(Cl)cc23,CHEMBL1829330,Ki,7.22
9722651,COCCN(CCOC)S(=O)(=O)NCCCCCNc1nc(cs1)c2ccccn2,CHEMBL1909731,Ki,7.22
9722662,O=C(NC1=NC2CCc3ccccc3C2C1)[C@@H]4CC[C@@H](CNS(=O)(=O)c5ccccc5)CC4,CHEMBL66168,IC50,7.22
9722673,CN(C1CCN(CC1)C(=O)C)C(=O)N[C@@H]2CC[C@H](CC2)c3ccccc3,CHEMBL403223,Ki,7.23
9722685,Clc1ccc(cc1)c2cc(NC(=O)C3Cc4ccccc4C3)[nH]n2,CHEMBL435036,Ki,7.23
9722696,OCc1cccc(c1)C2=NC(CN2)(c3ccc(F)cc3)c4ccc(F)cc4,CHEMBL493998,IC50,7.23
9722707,CN(C)C(=O)c1ccc2[nH]c(nc2c1)N3CCC4(CC3)OC(=O)c5ccccc45,CHEMBL497785,IC50,7.24
9722718,COc1ccc2C3CC(=NC3CCc2c1)NC[C@@H]4CC[C@@H](CNS(=O)(=O)c5ccccc5)CC4,CHEMBL67768,IC50,7.24
9722729,Cc1nc(N2CCC2)c3[nH]c(cc3n1)c4ccccc4,CHEMBL343153,IC50,7.24
9722740,COc1ccc2CCCC(O)(CNCC3CCN(CCNS(=O)(=O)c4cccc5ccccc45)CC3)Cc2c1,CHEMBL167621,IC50,7.25
9722751,COc1cccc(c1)c2c[nH]c(n2)c3cccnc3,CHEMBL422608,Ki,7.25
9722762,CS(=O)(=O)Nc1ccc2[nH]c(nc2c1)N3CCC4(CC3)OC(=O)c5ccccc45,CHEMBL496537,IC50,7.25
9722773,C1NC(=NC1(c2ccccc2)c3ccccc3)c4ccccc4,CHEMBL493970,IC50,7.27
9722784,Clc1ccc2C3CC(=NC3CCc2c1)NC[C@@H]4CC[C@@H](CNS(=O)(=O)c5ccccc5)CC4,CHEMBL302584,IC50,7.27
9722795,Fc1ccc(cc1)C2(CNC(=N2)c3cccs3)c4ccc(F)cc4,CHEMBL494175,IC50,7.27
9722806,CN(C1CCN(CC1)S(=O)(=O)C)C(=O)NC2CCN(CC2)c3ccccc3C,CHEMBL402557,Ki,7.28
9722817,CN(C1CCN(CC1)S(=O)(=O)C)C(=O)N[C@@H]2CC[C@H](CC2)c3ccccc3,CHEMBL257939,Ki,7.28
9722828,CN(Cc1occc1)c2[nH]c(C)nc3cc(nc23)c4ccccc4,CHEMBL137613,IC50,7.28
9722839,COc1ccc2C(Cc3cccnc3)C(CCc2c1)NCCCCCCNS(=O)(=O)c4ccccc4,CHEMBL118931,IC50,7.28
9722850,COc1ccc2CCc3[nH]c(nc3c2c1)c4ccccc4,CHEMBL266637,IC50,7.28
9722861,Cc1nc(N2CCCCC2)c3[nH]c(c(C)c3n1)c4ccccc4,CHEMBL137427,IC50,7.28
9722872,Clc1ccc2SC(=O)N(CC(=O)N3CCC(CC3)C(=O)Nc4nccs4)c2c1,CHEMBL279073,IC50,7.28
9722883,Fc1ccc2C(Cc3cccnc3)C(CCc2c1)NC(=O)CN4CCC(CC4)NC(=O)Oc5ccccc5,CHEMBL46799,IC50,7.28
9722894,Nc1ccc2CCCC(Cc2c1)NCC3CCN(CCNS(=O)(=O)c4cccc5ccccc45)CC3,CHEMBL164586,IC50,7.28
9722905,COc1cccc(c1)C2=NC(CN2)(c3ccc(F)cc3)c4ccc(F)cc4,CHEMBL522513,IC50,7.29
9722916,Clc1cccc2[nH]c(nc12)N3CCC4(CC3)OC(=O)c5ccccc45,CHEMBL497972,IC50,7.29
9722927,CCC(C)S(=O)(=O)NCCCCCNc1nc(cs1)c2ccccn2,CHEMBL1912072,Ki,7.31
9722938,CC(C)c1cc(C(C)C)c(c(c1)C(C)C)S(=O)(=O)NC[C@@H]2CC[C@H](CC2)C(=O)NNC(=O)c3cccs3,CHEMBL154168,IC50,7.32
9722949,CN(C1CCN(CC1)S(=O)(=O)C)C(=O)NC2CCN(CC2)c3ccc(Cl)c(Cl)c3,CHEMBL270890,Ki,7.32
9722960,COc1ccc(cc1)S(=O)(=O)Nc2ccc(cc2)c3cc(N)n(n3)c4cccc5ccccc45,CHEMBL307458,IC50,7.32
9722971,Clc1ccc(cc1)S(=O)(=O)NC[C@@H]2CC[C@H](CC2)C(=O)NNC(=O)c3cccs3,CHEMBL439638,IC50,7.32
9722982,Clc1ccc(cc1)c2cc(NC(=O)Cc3ccc4ccccc4c3)[nH]n2,CHEMBL158732,IC50,7.33
9722993,FC(F)(F)c1ccc2[nH]c(nc2c1)[C@@H]3CC[C@]4(CC3)OC(=O)c5ccccc45,CHEMBL452726,IC50,7.33
9723004,Fc1ccc(cc1)C2(CNC(=N2)c3cncnc3)c4ccc(F)cc4,CHEMBL495036,IC50,7.33
9723016,O=S(=O)(NC[C@@H]1CC[C@@H](CNCc2ccc3ccccc3c2)CC1)c4ccc5ccccc5c4,CHEMBL17022,IC50,7.33
9723027,Fc1ccc2CCCc3[nH]c(nc3c2c1)c4ccccn4,CHEMBL266904,IC50,7.34
9723038,[O-][N+](=O)c1ccccc1S(=O)(=O)NCCCCCCNC(=O)C2CCc3ccccc3C2,CHEMBL49906,Ki,7.34
9723049,Brc1ccc2[nH]c(nc2c1)[C@@H]3CC[C@]4(CC3)OC(=O)c5ccccc45,CHEMBL523943,IC50,7.35
9723060,CC(C)(C)OC(=O)NC1CCN(CC(=O)NC2CCc3cc(F)ccc3C2Cc4cccnc4)C1,CHEMBL42020,IC50,7.35
9723071,COc1ccc2CCCC(Cc2c1)NCC3CCN(CCNS(=O)(=O)c4cccc5ccccc45)CC3,CHEMBL162093,IC50,7.35
9723082,C[C@H]([C@H](O)c1ccccc1)N(C)C(=O)Nc2ccc(Oc3ccccc3)cc2,CHEMBL419086,IC50,7.35
9723093,Cc1nc(N2CCCCC2)c3[nH]c(cc3n1)C45C[C@@H]6C[C@@H](C[C@@H](C6)C4)C5,CHEMBL335145,IC50,7.35
9723104,O=S(=O)(NCCCCCNc1nc(cs1)c2ccccn2)C3CC3,CHEMBL1912071,Ki,7.35
9723137,CC(=O)c1cccc(c1)C2=NC(CN2)(c3ccc(F)cc3)c4ccc(F)cc4,CHEMBL523364,IC50,7.36
9723148,Cc1nc(N2CCCCC2)c3[nH]c(cc3n1)c4ccccc4F,CHEMBL137008,IC50,7.36
9723159,CCN1C(=O)c2ccc(NC(=O)C(F)(F)F)cc2c3ccccc13,CHEMBL292560,Ki,7.37
9723170,Cc1ccc(cc1)S(=O)(=O)NC[C@@H]2CC[C@H](CC2)C(=O)NNC(=O)c3cc4ccccc4s3,CHEMBL158344,IC50,7.37
9723181,C[C@@H]1NC(=N[C@@]1(c2ccc(F)cc2)c3ccc(F)nc3)C4=CC(=O)NC=C4,CHEMBL1783922,Ki,7.38
9723192,CC(C)N1CCN([C@@H]2CC[C@@H](CC2)C(=O)Nc3ccc(cn3)c4cc(F)cc(F)c4)C1=O,CHEMBL3126051,Ki,7.39
9723203,CCN1C(=O)c2ccc(NC(=O)CN(C)C)cc2c3ccccc13,CHEMBL417236,Ki,7.39
9723214,CCc1ccc2C(C3=C(O)CC(C)(C)CC3=O)C4=C(CC(C)(C)CC4=O)Oc2c1,CHEMBL469257,Ki,7.39
7101551,CN(C)c1nc(NCC2CCC(CNS(=O)(=O)C)CC2)nc3ccccc13,CHEMBL195123,IC50,7.39
9723227,COc1ccc(cc1)c2cc3[nH]c(C)nc(N4CCCCC4)c3n2,CHEMBL422816,IC50,7.39
9723238,CS(=O)(=O)N1CC2(CCN(CC2)C(=O)Nc3ccc(cc3)n4nccn4)c5ccccc15,CHEMBL574089,IC50,7.39
9723249,Fc1ccc2OCCc3sc(NCC4CCN(CC4)C(=O)CN5CCOCC5)nc3c2c1,CHEMBL79302,IC50,7.39
9723260,CC(C)C(=O)N1CCC(CNc2nc3c(CCOc4cc(F)c(F)cc34)s2)CC1,CHEMBL79500,IC50,7.4
9723271,Cc1ccc(cc1)n2nc(cc2N)c3ccc(NS(=O)(=O)c4ccc(C)cc4)cc3,CHEMBL72133,IC50,7.4
9723282,Cc1ccc2OCCc3sc(NCC4CCN(CC4)C(=O)[C@H]5CCCO5)nc3c2c1,CHEMBL311229,IC50,7.4
9723293,Cc1ccccc1c2c[nH]c(n2)c3cccnc3,CHEMBL332582,Ki,7.4
9723304,Clc1ccc(cc1Cl)c2c[nH]c(n2)c3cnccn3,CHEMBL332561,Ki,7.4
9723315,Fc1ccc2C(Cc3cccnc3)C(CCc2c1)NC(=O)[C@@H]4CC[C@@H](CNS(=O)(=O)c5ccccc5)CC4,CHEMBL3084876,IC50,7.4
9723326,O=C(Nc1ccc2c(c1)c3ccccc3n2C4CCOC4)N5CCOCC5,CHEMBL324028,IC50,7.4
9723337,COc1ccc2CCCC(CNC3CCN(CCNS(=O)(=O)c4cccc5ccccc45)CC3)Cc2c1,CHEMBL351508,IC50,7.41
9723348,Cl.O=S(=O)(NC[C@@H]1CC[C@@H](CNC2=NC3CCc4ccccc4C3C2)CC1)c5ccccc5,CHEMBL1744020,IC50,7.41
9723359,Clc1ccc2[nH]c(nc2c1)[C@@H]3CC[C@]4(CC3)OC(=O)c5ccccc45,CHEMBL523964,IC50,7.41
9723370,Fc1ccc(cc1)C2(CNC(=N2)c3cccc(n3)C#N)c4ccc(F)cc4,CHEMBL492766,IC50,7.41
9723381,Fc1ccc2C(Cc3cccnc3)C(CCc2c1)NC(=O)[C@@H]4CC[C@@H](CNC(=O)c5ccccc5)CC4,CHEMBL42437,IC50,7.41
9723392,CC(C)N1C(=O)c2ccc(NC(=O)CN(C)C)cc2c3ccccc13,CHEMBL418459,Ki,7.42
9723403,CCCCC(=O)N1CCC(CNc2nc3c(CCOc4cc(F)c(F)cc34)s2)CC1,CHEMBL80006,IC50,7.42
9723414,O=S(=O)(NCCCCCNc1nc(cs1)c2ccccn2)N3CCOCC3,CHEMBL1909728,Ki,7.42
9723425,O=S(=O)(NC[C@@H]1CC[C@H](CNCC2CCc3ccccc3C2)CC1)c4cccc5ccccc45,CHEMBL164897,IC50,7.42
9723436,CC(C)(C)OC(=O)NC1CCN(CC(=O)NC2CCc3cc(F)ccc3C2Cc4cccnc4)CC1,CHEMBL42620,IC50,7.43
9723447,COCC(=O)N1CCC(CNc2nc3c(CCOc4ccc(F)cc34)s2)CC1,CHEMBL81551,IC50,7.43
9723458,COc1ccc(cc1)S(=O)(=O)Nc2ccc(cc2)c3cc(N)n(n3)c4ccc(F)cc4,CHEMBL73401,IC50,7.43
9723469,COc1ccc(cc1)S(=O)(=O)Nc2ccc(cc2)c3cc(N)n(n3)c4cccc(C)c4,CHEMBL444319,IC50,7.43
9723480,COc1ccc2[nH]c(nc2c1)N3CCC4(CC3)OC(=O)c5ccccc45,CHEMBL525543,IC50,7.43
9723491,FC(F)(F)c1ccc(cc1)c2c[nH]c(n2)c3cccnc3,CHEMBL325704,Ki,7.43
9723502,CC1(C)CC(=C(C2C3=C(CC(C)(C)CC3=O)Oc4cc(Br)ccc24)C(=O)C1)O,CHEMBL467550,Ki,7.44
9723513,CCN(CC)c1[nH]c(C)nc2cc(nc12)c3ccccc3,CHEMBL337152,IC50,7.44
9723524,Cc1ccc2C(C3=C(O)CC(C)(C)CC3=O)C4=C(CC(C)(C)CC4=O)Oc2c1,CHEMBL469256,Ki,7.44
9723535,Cc1ccc2[nH]c(nc2c1)N3CCC4(CC3)OC(=O)c5ccccc45,CHEMBL451955,IC50,7.44
9723546,Fc1ccc2C(Cc3cccnc3)C(CCc2c1)NC(=O)CN4CCC(CC4)NC(=O)Cc5ccccc5,CHEMBL288763,IC50,7.44
9723557,CN(C1CCN(CC1)S(=O)(=O)C)C(=O)NC2CCN(CC2)c3cccc(F)c3,CHEMBL404462,Ki,7.46
9723568,CN(CCc1ccccc1)C(=O)Nc2ccc(Oc3ccccc3)cc2,CHEMBL76661,IC50,7.46
9723579,COc1ccc2C3CC(=NC3CCc2c1)NC[C@@H]4CC[C@@H](CNS(=O)(=O)c5ccccc5F)CC4,CHEMBL66371,IC50,7.46
9723590,CC(C)S(=O)(=O)NCCCCCNc1nc(cs1)c2sc(C)nc2C,CHEMBL1909721,Ki,7.47
9723601,CC1(C)CC(=C(C2C3=C(CC(C)(C)CC3=O)Oc4c(F)cccc24)C(=O)C1)O,CHEMBL468225,Ki,7.47
9723612,CC1(C)CC(=C(C2C3=C(CC(C)(C)CC3=O)Oc4cc(Cl)ccc24)C(=O)C1)O,CHEMBL512787,Ki,7.47
9723623,CN(C1CCc2ccccc2C1)C(=O)Nc3ccc(Oc4ccccc4)cc3,CHEMBL309370,IC50,7.47
9723634,Fc1ccc(cc1F)c2c[nH]c(n2)c3cccnc3,CHEMBL120431,Ki,7.47
9723645,c1ccc(cc1)c2c[nH]c(n2)c3ccccc3,CHEMBL327027,Ki,7.47
9723657,CC1(C)CC(=C(C2C3=C(CC(C)(C)CC3=O)Oc4ccccc24)C(=O)C1)O,CHEMBL491762,Ki,7.48
9723668,COc1ccc(cc1OC)c2cc(NC(=O)C3Cc4ccccc4C3)[nH]n2,CHEMBL160443,Ki,7.48
9723679,Cn1c2ccccc2c3cc(NC(=O)CCc4ccncc4)ccc13,CHEMBL118973,IC50,7.48
9723690,O=C(NNC(=O)c1cccs1)[C@@H]2CC[C@@H](CNS(=O)(=O)c3ccccc3)CC2,CHEMBL422150,IC50,7.49
9723701,C1CCN(CC1)c2[nH]c(nc3cc(nc23)c4ccccc4)C5CC5,CHEMBL137530,IC50,7.5
9723712,Cc1ccc2CCCc3[nH]c(nc3c2c1)c4ccccn4,CHEMBL268654,IC50,7.5
9723723,Fc1ccc(cc1)C2(CNC(=N2)c3ccccc3)c4ccc(F)cc4,CHEMBL493971,IC50,7.5
9723735,O=S(=O)(NC[C@@H]1CC[C@@H](CNCC2CCc3ccccc3C2)CC1)c4ccc5ccccc5c4,CHEMBL415926,Ki,7.5
7102118,CN(C)c1nc(NC2CCC(CC2)NS(=O)(=O)c3ccc(Br)cc3OC(F)(F)F)nc4ccccc14,CHEMBL193771,IC50,7.51
9723748,Fc1ccc2C(Cc3cccnc3)C(CCc2c1)NC(=O)[C@@H]4CC[C@@H](CNC(=O)Oc5ccccc5)CC4,CHEMBL44036,IC50,7.51
9723759,O=S(=O)(NCCCCCNc1nc(cs1)c2ccccn2)c3cccs3,CHEMBL1912083,Ki,7.51
9723770,CC(C)(C)OC(=O)N[C@@H]1CCN(CC(=O)NC2CCc3cc(F)ccc3C2Cc4cccnc4)C1,CHEMBL42031,IC50,7.52
9723781,COc1ccc(cc1)S(=O)(=O)Nc2ccc(cc2)c3cc(N)n(n3)c4cccc(c4)N(C)C,CHEMBL73643,IC50,7.52
9723792,Cc1cccc(c1)C2=NC(CN2)(c3ccc(F)cc3)c4ccc(F)cc4,CHEMBL499973,IC50,7.52
9723803,Cc1nc(N2CCCCC2)c3oc(cc3n1)c4ccccc4,CHEMBL133032,IC50,7.52
9723814,Clc1ccc(cc1Cl)c2c[nH]c(n2)c3ccccn3,CHEMBL120377,Ki,7.52
9723825,CC1(C)CC(=C(C2C3=C(CC(C)(C)CC3=O)Oc4cc(F)ccc24)C(=O)C1)O,CHEMBL513701,Ki,7.54
1824867,CC[C@H](C)[C@H](N)C(=O)N[C@@H](CCCCN)C(=O)N1CCC[C@H]1C(=O)N[C@@H](CCC(=O)O)C(=O)N[C@@H](C)C(=O)N2CCC[C@H]2C(=O)NCC(=O)N[C@@H](CCC(=O)O)C(=O)N[C@@H](CC(=O)O)C(=O)N[C@@H](C)C(=O)N[C@@H](CO)C(=O)N3CCC[C@H]3C(=O)N[C@@H](CCC(=O)O)C(=O)N[C@@H](CCC(=O)O)C(=O)N[C@@H](CC(C)C)C(=O)N[C@@H](CC(=O)N)C(=O)N[C@@H](CCCNC(=N)N)C(=O)N[C@@H](Cc4ccc(O)cc4)C(=O)N[C@@H](Cc5ccc(O)cc5)C(=O)N[C@@H](C)C(=O)N[C@@H](CO)C(=O)N[C@@H](CC(C)C)C(=O)N[C@@H](CCCNC(=N)N)C(=O)N[C@@H](Cc6cnc[nH]6)C(=O)N[C@@H](Cc7ccc(O)cc7)C(=O)N[C@@H](CC(C)C)C(=O)N[C@@H](CC(=O)N)C(=O)N[C@@H](C)C(=O)N[C@@H](C(C)C)C(=O)N[C@@H]([C@@H](C)O)C(=O)N[C@@H](CCCNC(=N)N)C(=O)N[C@@H](CCC(=O)N)C(=O)N[C@@H](CCCNC(=N)N)C(=O)O[C@@H](Cc8ccc(O)cc8)C(=O)N,CHEMBL3099721,EC50,7.54
9723838,CNc1nc(N2CCCCC2)c3[nH]c(cc3n1)c4ccccc4,CHEMBL136650,IC50,7.54
9723849,Cc1ccc(cc1)n2nc(cc2N)c3ccc(NS(=O)(=O)c4ccc(F)cc4)cc3,CHEMBL72547,IC50,7.54
9723860,Fc1ccc2CCCc3sc(NC[C@@H]4CC[C@H](CC4)NC(=O)CN5CCCCC5)nc3c2c1,CHEMBL312361,IC50,7.54
9723871,Brc1ccc(cc1)S(=O)(=O)NC[C@@H]2CC[C@H](CC2)C(=O)NNC(=O)c3cc4ccccc4s3,CHEMBL153522,IC50,7.55
9723882,CCCc1nc(N2CCCCC2)c3[nH]c(cc3n1)c4ccccc4,CHEMBL137758,IC50,7.55
9723893,CCOCC(=O)N1CCC(CNc2nc3c(CCOc4ccc(F)cc34)s2)CC1,CHEMBL79849,IC50,7.55
9723904,COc1ccc2CCCC(O)(CNCC3CCN(CC3)C(=O)CN4C(=O)Sc5ccc(Cl)cc45)c2c1,CHEMBL409418,IC50,7.55
9723915,C[C@@H]1NC(=N[C@@]1(c2ccc(F)cc2)c3ccc(F)nc3)C4=C(C)C=CC(=O)N4,CHEMBL1783925,Ki,7.55
9723926,Fc1ccc2C(Cc3cccnc3)C(CCc2c1)NC(=O)CN4CCC(CC4)NC(=O)c5ccccc5,CHEMBL44886,IC50,7.55
9723937,Fc1ccc2[nH]c(nc2c1)N3CCC4(CC3)OC(=O)c5ccccc45,CHEMBL525918,IC50,7.55
9723948,[O-][N+](=O)c1ccccc1S(=O)(=O)NC[C@@H]2CC[C@@H](CNCc3ccnc4ccccc34)CC2,CHEMBL301747,Ki,7.55
9723959,CN(C)S(=O)(=O)NC[C@@H]1CC[C@H](CC1)NC(=O)CN2C(=O)CC(C)(C)Sc3ccccc23,CHEMBL1829309,Ki,7.57
9723970,CN(C1CCN(CC1)S(=O)(=O)C)C(=O)NC2CCN(CC2)c3cccc(c3)C#N,CHEMBL404304,Ki,7.57
9723981,FC(F)(F)c1ccccc1c2c[nH]c(n2)c3cccnc3,CHEMBL120117,Ki,7.57
9723992,Fc1ccc2C(Cc3cccnc3)C(CCc2c1)NC(=O)CN4CC[C@H](C4)NS(=O)(=O)c5ccccc5,CHEMBL119355,IC50,7.57
9724003,Fc1ccc2C(Cc3cccnc3)C(CCc2c1)NC[C@@H]4CC[C@@H](CNS(=O)(=O)c5ccccc5)CC4,CHEMBL3084886,IC50,7.57
9724014,FC(F)(F)c1ccccc1S(=O)(=O)NC[C@@H]2CC[C@@H](CNCc3cccc4ccccc34)CC2,CHEMBL51874,Ki,7.59
9724025,Fc1ccc2C(Cc3cccnc3)C(CCc2c1)NC(=O)CN4CC[C@@H](C4)NC(=O)c5ccccc5,CHEMBL42658,IC50,7.59
9724036,O=C(Nc1cc([nH]n1)c2ccccc2)[C@@H]3CC[C@]4(CC3)OC(=O)c5cccnc45,CHEMBL593935,IC50,7.59
9724047,CCc1cc(ccn1)c2cc(NC(=O)C3Cc4ccc5ccccc5c4C3)[nH]n2,CHEMBL422012,Ki,7.6
9724058,CN(C)C(=O)CCCCNc1nc2c(CCCc3ccc(F)cc23)s1,CHEMBL310292,IC50,7.6
9724069,COc1ccc2CCCc3[nH]c(nc3c2c1)c4ccccc4,CHEMBL6938,IC50,7.6
9724080,Cc1ccc(cc1)n2nc(cc2N)c3ccc(NS(=O)(=O)c4ccccc4)cc3,CHEMBL75823,IC50,7.6
9724091,Cc1ccc2OCCc3sc(NCC4CCN(CC4)C(=O)c5ccccn5)nc3c2c1,CHEMBL309449,IC50,7.6
9724102,Oc1nc2ccccc2n1C3CCN(CC(=O)NC4CCc5cc(F)ccc5C4Cc6cccnc6)CC3,CHEMBL296022,IC50,7.6
9724113,CC[C@@H](C)N(C)C(=O)Nc1ccc(Oc2ccccc2)cc1,CHEMBL77355,IC50,7.62
9724124,CN1CCN(CC(=O)N2CCC(CNc3nc4c(CCCc5ccc(F)cc45)s3)CC2)CC1,CHEMBL79714,IC50,7.62
9724135,COc1ccc2CCCC(O)(CNCCC3CCN(CCNS(=O)(=O)c4cccc5ccccc45)CC3)c2c1,CHEMBL166399,IC50,7.62
9724146,OC1=C(C2C3=C(CC4(CCCCC4)CC3=O)Oc5ccccc25)C(=O)CC6(CCCCC6)C1,CHEMBL466756,Ki,7.62
9724157,CC(C)S(=O)(=O)NC[C@@H]1CC[C@H](CC1)NC(=O)CN2CCC(C)(C)S(=O)(=O)c3ccccc23,CHEMBL1829316,Ki,7.64
9724168,COc1ccc2C(Cc3cccnc3)C(CCc2c1)NC[C@@H]4CC[C@@H](CNS(=O)(=O)c5ccccc5F)CC4,CHEMBL3084865,IC50,7.64
9724180,CS(=O)(=O)N1CC2(CCN(CC2)C(=O)Nc3cccc(c3)c4ccncc4)c5ccccc15,CHEMBL492375,IC50,7.64
9724191,CS(=O)(=O)NC[C@@H]1CC[C@H](CC1)Nc2nc(cs2)c3ccc(F)cc3,CHEMBL81000,IC50,7.64
9724202,CN([C@@H]1CC[C@]2(CC1)OC(=O)c3ccccc23)C(=O)Nc4ccn(n4)c5ccccc5F,CHEMBL2016733,Ki,7.66
9724213,COCCC(=O)N1CCC(CNc2nc3c(CCOc4ccc(F)cc34)s2)CC1,CHEMBL312169,IC50,7.66
9724224,N[C@@H](CCCCNS(=O)(=O)c1ccccc1F)C(=O)NC2CCc3cc(F)ccc3C2Cc4cccnc4,CHEMBL331319,IC50,7.66
9724235,Oc1nc2ccccc2n1C3CCN(CC(=O)NC4CCc5ccccc5C4Cc6cccnc6)CC3,CHEMBL298037,IC50,7.66
9724246,CC(C)OCC(=O)N1CCC(CNc2nc3c(CCOc4ccc(C)cc34)s2)CC1,CHEMBL82710,IC50,7.68
9724257,CC(C)S(=O)(=O)NC[C@@H]1CC[C@H](CC1)NC(=O)CN2C(=O)COc3ccccc23,CHEMBL1829317,Ki,7.68
9724268,CCn1c2ccccc2c3cc(NC(=O)CN(C)C)ccc13,CHEMBL294286,Ki,7.68
9724279,Clc1ccccc1c2c[nH]c(n2)c3cccnc3,CHEMBL120332,Ki,7.68
9724290,Fc1ccc2C(CC=C)C(CCc2c1)NC[C@@H]3CC[C@@H](CNS(=O)(=O)c4ccccc4)CC3,CHEMBL3084890,IC50,7.68
9724301,Cc1ccc(cc1)S(=O)(=O)NC[C@@H]2CC[C@H](CC2)C(=O)NNC(=O)c3cccs3,CHEMBL154889,IC50,7.69
9724312,C1Cc2ccccc2c3[nH]c(nc3C1)c4ccncc4,CHEMBL7017,IC50,7.7
9724323,CCC1(CC)CC(=C(C2C3=C(CC(CC)(CC)CC3=O)Oc4ccccc24)C(=O)C1)O,CHEMBL512996,Ki,7.7
9724334,CCCCC(=O)N1CCC(CNc2nc3c(CCOc4cc(F)c(Cl)cc34)s2)CC1,CHEMBL84285,IC50,7.7
9724345,CCc1nc(N2CCCCC2)c3[nH]c(cc3n1)c4ccccc4,CHEMBL345082,IC50,7.7
9724356,CN(C1CCN(CC1)S(=O)(=O)C)C(=O)NC2CCN(CC2)c3cccc(C)c3,CHEMBL404398,Ki,7.7
9724367,CNC(=O)c1ccc2[nH]c(nc2c1)N3CCC4(CC3)OC(=O)c5ccccc45,CHEMBL525908,IC50,7.7
9724378,C[C@H]([C@@H](O)c1ccccc1)N(C)C(=O)Nc2ccc(OCc3ccccc3)cc2,CHEMBL306277,IC50,7.7
9724389,FC(F)(F)c1ccc(cc1)c2cnc(NC(=O)N3CCC4(CC3)OC(=O)c5ccccc45)nc2,CHEMBL497644,IC50,7.7
9724400,Fc1ccc2CCCc3sc(NCC4CCN(CC4)C(=O)c5ccccc5F)nc3c2c1,CHEMBL80041,IC50,7.7
9724411,Nc1ccccc1S(=O)(=O)NCC2CCC(CC2)c3cc(N)n(n3)c4ccc(cc4)C(F)(F)F,CHEMBL3084800,IC50,7.7
9724422,O=C1O[C@@]2(CC[C@H](CC2)c3nc4cc(ccc4[nH]3)C#N)c5ccccc15,CHEMBL490608,IC50,7.7
9724433,CC(C)S(=O)(=O)NC[C@@H]1CC[C@H](CC1)NC(=O)CN2C(=O)CC(C)(C)Sc3ccccc23,CHEMBL1829314,Ki,7.72
9724444,Cc1[nH]c(nc1c2cccc(Cl)c2)c3cccnc3,CHEMBL119507,Ki,7.72
9724455,Cc1onc(C)c1S(=O)(=O)NCCCCCNc2nc(cs2)c3ccccn3,CHEMBL1912086,Ki,7.72
9724466,Fc1ccc2C(Cc3cccnc3)C(CCc2c1)NC[C@@H]4CC[C@@H](CNS(=O)(=O)c5ccccc5F)CC4,CHEMBL3084885,IC50,7.72
9724477,Fc1ccc2OCCc3sc(NCC4CCN(CC4)C(=O)[C@@H]5CCCO5)nc3c2c1,CHEMBL312710,IC50,7.72
9724488,O=C1OC2(CCN(CC2)c3nc4cc(ccc4[nH]3)C#N)c5ccccc15,CHEMBL521720,IC50,7.72
9724499,CCOCC(=O)N1CCC(CNc2nc3c(CCOc4ccc(C)cc34)s2)CC1,CHEMBL84269,IC50,7.75
9724510,CN(CC1CC1)CC(=O)N2CCC(CNc3nc4c(CCOc5ccc(F)cc45)s3)CC2,CHEMBL79301,IC50,7.75
9724521,Cc1nc(N2CCCCC2)c3nc(COc4ccccc4)cc3[nH]1,CHEMBL136093,IC50,7.75
9724532,CC(C)(C)OC(=O)N[C@H]1CCN(CC(=O)NC2CCc3cc(F)ccc3C2Cc4cccnc4)C1,CHEMBL43659,IC50,7.77
9724543,CC1CCCC(C)N1c2[nH]c(C)nc3cc(nc23)c4ccccc4,CHEMBL137538,IC50,7.77
9724554,CCCCC(=O)N1CCC(CNc2nc3c(CCOc4ccc(OC)cc34)s2)CC1,CHEMBL82196,IC50,7.77
3352813,CC[C@H](C)[C@H](NC(=O)[C@H](CC(C)C)NC(=O)[C@H](CCSC)NC(=O)[C@H](CC(=O)N)NC(=O)[C@@H](NC(=O)[C@H](Cc1ccc(O)cc1)NC(=O)[C@H](CCCNC(=N)N)NC(=O)[C@H](CCCNC(=N)N)NC(=O)[C@H](CC(C)C)NC(=O)[C@H](CC(=O)O)NC(=O)[C@H](C)NC(=O)[C@H](C)NC(=O)[C@H](Cc2ccc(O)cc2)NC(=O)[C@H](CCC(=O)N)NC(=O)[C@H](C)NC(=O)[C@H](CCSC)NC(=O)[C@H](CCC(=O)N)NC(=O)[C@H](CCC(=O)O)NC(=O)[C@@H]3CCCN3C(=O)[C@@H](NC(=O)[C@H](C)NC(=O)[C@H](CC(=O)N)NC(=O)[C@H](CC(=O)O)NC(=O)CNC(=O)[C@@H]4CCCN4C(=O)[C@H](Cc5ccc(O)cc5)NC(=O)[C@@H](NC(=O)[C@@H]6CCCN6C(=O)[C@H](CCC(=O)O)NC(=O)[C@H](CC(C)C)NC(=O)[C@@H]7CCCN7C(=O)[C@H](C)N)C(C)C)[C@@H](C)O)[C@@H](C)O)C(=O)N[C@@H](CCCNC(=N)N)C(=O)N8CCC[C@H]8C(=O)N[C@@H](CCCNC(=N)N)C(=O)N[C@H](N)Cc9ccc(O)cc9,CHEMBL2440192,Ki,7.77
9724567,Cc1ccc2OCCc3sc(NCC4CCN(CC4)C(=O)[C@@H]5CCCO5)nc3c2c1,CHEMBL81427,IC50,7.77
9724578,Clc1ccc2SC(=O)N(CC(=O)N3CCC(CC3)C(=O)Nc4cccc5ccccc45)c2c1,CHEMBL276283,IC50,7.77
9724589,Fc1ccc(cc1)C2(CNC(=N2)c3cncc(c3)C#N)c4ccc(F)cc4,CHEMBL523339,IC50,7.77
9724600,O=C1OC2(CCN(CC2)c3nc4c(cccc4[nH]3)c5ccccc5)c6ccccc16,CHEMBL524988,IC50,7.77
9724611,OC1=C(C2C3=C(CC4(CCCC4)CC3=O)Oc5ccccc25)C(=O)CC6(CCCC6)C1,CHEMBL469173,Ki,7.77
9724622,OCC(Cc1ccc(Cl)cc1)NC[C@@H]2CC[C@@H](CNS(=O)(=O)c3cccc4ccccc34)CC2,CHEMBL299295,Ki,7.77
9724633,OC(=O)CCc1cccc(CC(=O)Nc2cc(n[nH]2)c3ccc(Cl)cc3)c1,CHEMBL2110162,IC50,7.79
9724644,CC(C)(C)OC(=O)NC[C@@H]1CC[C@H](CC1)C(=O)NC2CCc3cc(F)ccc3C2Cc4cccnc4,CHEMBL45199,IC50,7.8
9724655,CC(C)N1C(=O)c2ccc(NC(=O)Cc3ccncc3)cc2c4ccccc14,CHEMBL59866,Ki,7.8
9724666,COc1ccc2CCCC(CNCC3CCN(CCNS(=O)(=O)c4cccc5ccccc45)CC3)Cc2c1,CHEMBL350620,IC50,7.8
9724677,Clc1ccc(cc1)c2c[nH]c(n2)c3cccnc3,CHEMBL333310,Ki,7.8
9724688,CC(=O)C1(CCC(CC(=O)Nc2nc3c(CCCc4ccc(F)cc34)s2)CC1)c5ccccc5,CHEMBL81621,IC50,7.82
9724699,CC(C)n1c2ccccc2c3cc(NC(=O)C(F)(F)F)ccc13,CHEMBL294842,Ki,7.82
9724710,CCn1c2ccccc2c3cc(ccc13)c4nc(C)c([nH]4)c5ccccc5,CHEMBL303325,Ki,7.82
9724721,CCn1c2ccccc2c3cc(ccc13)c4nc5cc[nH]cc5n4,CHEMBL417225,Ki,7.82
9724732,CN(C)S(=O)(=O)NC[C@@H]1CC[C@H](CC1)Nc2nc3c4ccccc4Sc5ccccc5c3s2,CHEMBL419104,IC50,7.82
9724743,COCCCNCC(=O)N1CCC(CNc2nc3c(CCCc4ccc(F)cc34)s2)CC1,CHEMBL83748,IC50,7.82
9724754,COc1ccc(cc1)S(=O)(=O)Nc2ccc(cc2)c3cc(N)n(n3)c4ccc(C)cc4,CHEMBL430414,IC50,7.82
9724765,CS(=O)(=O)n1c2ccccc2c3cc(NC(=O)N4CCOCC4)ccc13,CHEMBL443809,IC50,7.82
9724776,Fc1ccc2CCCc3sc(NC[C@@H]4CC[C@H](CC4)NC(=O)c5cccs5)nc3c2c1,CHEMBL81636,IC50,7.82
9724787,O=C1O[C@@]2(CC[C@H](CC2)c3nc4cc(ccc4[nH]3)c5ocnn5)c6ccccc16,CHEMBL522609,IC50,7.82
9724798,CC(C)S(=O)(=O)NC[C@@H]1CC[C@H](CC1)NCCN2CCOc3cc(Cl)ccc23,CHEMBL1829331,Ki,7.85
9724809,CC1(C)CC(=C([C@H]2C3=C(CC(C)(C)CC3=O)Oc4ccccc24)C(=O)C1)O,CHEMBL508770,Ki,7.85
9724820,CCn1c2ccccc2c3cc(NC(=O)C(F)(F)F)ccc13,CHEMBL61879,Ki,7.85
9724831,COc1ccc(cc1)c2cnc(NC(=O)N3CCC4(CC3)OC(=O)c5ccccc45)nc2,CHEMBL495828,IC50,7.85
9724842,Cc1cccc(c1)c2c[nH]c(n2)c3cccnc3,CHEMBL339652,Ki,7.85
9724853,OC1=C(C2C3=C(CC4(CCC4)CC3=O)Oc5ccccc25)C(=O)CC6(CCC6)C1,CHEMBL467558,Ki,7.85
9724864,[O-][N+](=O)c1ccccc1S(=O)(=O)NC[C@@H]2CC[C@@H](CNCc3ccc4ccccc4n3)CC2,CHEMBL51138,Ki,7.85
9724875,CC(C)C(=O)N1CCC(CNc2nc3c(CCOc4cc(F)c(Cl)cc34)s2)CC1,CHEMBL441059,IC50,7.89
9724886,CN(C1CCN(CC1)S(=O)(=O)C)C(=O)NC2CCN(CC2)c3cccc(Cl)c3,CHEMBL255352,Ki,7.89
9724897,COc1ccc2CCCC(O)(CNCC3CCN(CCNS(=O)(=O)c4cccc(C)c4)CC3)c2c1,CHEMBL167860,IC50,7.89
9724908,COc1ccc2CCCc3[nH]c(nc3c2c1)c4ccncc4,CHEMBL267193,IC50,7.89
9724919,C[C@@H]1NC(=N[C@@]1(c2ccc(F)cc2)c3ccc(F)nc3)C4=CN(C)C(=O)C=C4,CHEMBL1782077,Ki,7.89
9724930,Fc1ccc2CCCc3[nH]c(nc3c2c1)c4ccncc4,CHEMBL269561,IC50,7.89
9724941,O=C(NNC(=O)c1cccs1)[C@@H]2CC[C@@H](CNS(=O)(=O)c3cccs3)CC2,CHEMBL157157,IC50,7.9
9724952,CC(C)S(=O)(=O)NCCCCCNc1nc(cs1)c2ccccn2,CHEMBL1912068,Ki,7.92
9724963,CC(C)S(=O)(=O)NC[C@@H]1CC[C@H](CC1)NC(=O)Cc2c[nH]c3ccccc23,CHEMBL2013028,Ki,7.92
9724974,CC(C)n1c2ccccc2c3c(F)c(NC(=O)N4CCOCC4)c(F)cc13,CHEMBL325639,IC50,7.92
9724985,CCN1C(=O)c2ccc(NC(=O)Cc3ccncc3)cc2c4ccccc14,CHEMBL304896,Ki,7.92
9724996,CN1CCCN([C@@H]2CC[C@@H](CC2)C(=O)Nc3ccc(cn3)c4cc(F)cc(F)c4)C1=O,CHEMBL3126049,Ki,7.92
9725007,Fc1ccc2C(Cc3cccnc3)C(CCc2c1)NC(=O)[C@@H]4CC[C@@H](CNS(=O)(=O)c5ccccc5F)CC4,CHEMBL3084904,IC50,7.92
9725018,O=S(=O)(NC[C@@H]1CC[C@@H](CNCc2ccc3OCCOc3c2)CC1)c4cccc5ccccc45,CHEMBL445613,Ki,7.92
9725029,O=C(NNC(=O)c1cc2ccccc2s1)[C@@H]3CC[C@@H](CNS(=O)(=O)c4cccs4)CC3,CHEMBL155553,IC50,7.94
9725040,CCN([C@@H]1CC[C@]2(CC1)Cc3ccccc3C(=O)O2)C(=O)Nc4cnc(cn4)c5ccccc5,CHEMBL2016743,Ki,7.96
9725051,CCn1c2ccccc2c3cc(NC(=O)CCN4CCCC4)ccc13,CHEMBL292729,Ki,7.96
9725062,COc1ccc2C(Cc3cccnc3)C(CCc2c1)NC(=O)[C@@H]4CC[C@@H](CNS(=O)(=O)c5ccccc5)CC4,CHEMBL3084877,IC50,7.96
9725073,COc1ccc2C(Cc3cccnc3)C(CCc2c1)NC(=O)[C@@H]4CC[C@@H](CNS(=O)(=O)c5ccccc5F)CC4,CHEMBL3084871,IC50,7.96
9725084,COc1ccc2CCCC(O)(CNCC3CCN(CCNS(=O)(=O)c4cccc(Cl)c4C)CC3)c2c1,CHEMBL167558,IC50,7.96
9725095,CS(=O)(=O)N1CC2(CCN(CC2)C(=O)Nc3ccc(Cl)nc3)c4ccccc14,CHEMBL577358,IC50,7.96
9725106,C[C@@H]1NC(=N[C@@]1(c2ccc(F)cc2)c3ccc(F)nc3)C4=CNC(=O)C(=C4)F,CHEMBL1784123,Ki,7.96
9725117,Cc1nc(N2CCCCC2)c3nc(cc3[nH]1)C4CCCCC4,CHEMBL135831,IC50,7.96
9725128,Fc1ccc2C(Cc3cccnc3)C(CCc2c1)NC(=O)CN4CCC(C4)NS(=O)(=O)c5ccccc5,CHEMBL442399,IC50,7.96
9725138,O=S(=O)(NC[C@@H]1CC[C@@H](CNCC2CCc3ccccc3C2)CC1)c4cccc5ccccc45,CHEMBL51884,Ki,7.96
9725149,Brc1ccc2[nH]c(nc2c1)N3CCC4(CC3)OC(=O)c5ccccc45,CHEMBL497570,IC50,8.0
9725160,CC(C)S(=O)(=O)NC[C@@H]1CC[C@H](CC1)NC(=O)CN2C(=O)Oc3ccccc23,CHEMBL2013011,Ki,8.0
9725171,CCCCc1cc2[nH]c(C)nc(N3CCCCC3)c2n1,CHEMBL137638,IC50,8.0
9725182,CCN1CCN([C@@H]2CC[C@@H](CC2)C(=O)Nc3ccc(cn3)c4cc(F)cc(F)c4)C1=O,CHEMBL3126050,Ki,8.0
9725193,CCn1c2ccccc2c3cc(ccc13)c4nc(C)c(C)[nH]4,CHEMBL61934,Ki,8.0
9725204,CN([C@@H]1CC[C@@]2(CC1)OCc3ccccc23)C(=O)Nc4ccn(n4)c5ccccc5F,CHEMBL2016735,Ki,8.0
9725215,COc1ccc2C(Cc3cccnc3)C(CCc2c1)NC[C@@H]4CC[C@@H](CNS(=O)(=O)c5ccccc5)CC4,CHEMBL3084895,IC50,8.0
9725226,Cc1ccc2nc(NC(=O)C3CCN(CC3)C(=O)CN4C(=O)Sc5ccc(Cl)cc45)sc2c1,CHEMBL17214,IC50,8.0
9725237,FC(F)(F)c1ccccc1S(=O)(=O)NC[C@@H]2CC[C@@H](CNCc3ccc4ccccc4c3)CC2,CHEMBL51542,Ki,8.0
9725248,Fc1ccc(cc1)C2(CNC(=N2)c3cccc(F)c3)c4ccc(F)cc4,CHEMBL522489,IC50,8.0
9725259,Fc1ccc2C(Cc3cccnc3)C(CCc2c1)NC(=O)CN4CCC(CC4)NS(=O)(=O)c5ccccc5,CHEMBL117400,IC50,8.0
9725270,Nc1cc(nn1c2ccc(cc2)C(F)(F)F)C3CCC(CNS(=O)(=O)c4ccccc4[N+](=O)[O-])CC3,CHEMBL3084801,IC50,8.0
9725281,Nc1cc(nn1c2cccc(c2)C(F)(F)F)C3CCC(CNS(=O)(=O)c4ccccc4[N+](=O)[O-])CC3,CHEMBL3084802,IC50,8.0
9725292,Nc1ccccc1S(=O)(=O)NC[C@@H]2CC[C@@H](CNCC3CCc4ccccc4C3)CC2,CHEMBL2113711,Ki,8.0
9725303,O=C(Nc1cc([nH]n1)c2ccncc2)C3Cc4ccc5ccccc5c4C3,CHEMBL350690,Ki,8.0
9725314,[O-][N+](=O)c1ccc2[nH]c(nc2c1)N3CCC4(CC3)OC(=O)c5ccccc45,CHEMBL497152,IC50,8.0
9725326,CS(=O)(=O)N1CC2(CCN(CC2)C(=O)Nc3nccc(n3)c4ccccc4)c5ccccc15,CHEMBL492567,IC50,8.01
9725337,O=C1OC2(CCN(CC2)c3nc4cc5OCOc5cc4[nH]3)c6ccccc16,CHEMBL483040,IC50,8.03
9725348,CC(C)S(=O)(=O)NC[C@@H]1CC[C@H](CC1)NCCN2CCOc3cc(ccc23)C(F)(F)F,CHEMBL1829332,Ki,8.04
9725359,CS(=O)(=O)c1cccc(c1)C2=NC(CN2)(c3ccc(F)cc3)c4ccc(F)cc4,CHEMBL495369,IC50,8.04
9725370,Cc1cc2nc([nH]c2cc1C)N3CCC4(CC3)OC(=O)c5ccccc45,CHEMBL519651,IC50,8.04
9725381,CC(C)S(=O)(=O)NC[C@@H]1CC[C@H](CC1)NC(=O)Cn2c(C)cc3ccccc23,CHEMBL2013027,Ki,8.05
9725392,COc1cccc2sc(NC(=O)N3CCC4(CC3)CN(c5ccccc45)S(=O)(=O)C)nc12,CHEMBL576941,IC50,8.05
9725403,C[C@H]([C@@H](O)c1ccccc1)N(C)C(=O)Nc2cccc(Oc3ccccc3)c2,CHEMBL77769,IC50,8.05
9725414,Cn1ccnc1c2ccc(NC(=O)N3CCC4(CC3)CN(c5ccccc45)S(=O)(=O)C)cc2,CHEMBL574772,IC50,8.05
9725425,Fc1cc(F)cc(c1)c2ccc(NC(=O)[C@@H]3CC[C@@H](CC3)N4CCCNC4=O)nc2,CHEMBL3126048,Ki,8.05
9725436,Fc1cc(F)cc(c1)c2ccc(NC(=O)[C@@H]3CC[C@@H](CC3)N4CCN(C5CC5)C4=O)nc2,CHEMBL3126052,Ki,8.05
9725447,NS(=O)(=O)c1ccc(CCNC(=O)C2CCN(CC2)C(=O)CN3C(=O)Sc4ccc(Cl)cc34)cc1,CHEMBL17513,IC50,8.05
9725458,Oc1ccc2C3CC(=NC3CCc2c1)NC(=O)[C@@H]4CC[C@@H](CNS(=O)(=O)c5ccccc5)CC4,CHEMBL304353,IC50,8.05
9725469,CN(C1CCN(CC1)S(=O)(=O)C)C(=O)NC2CCN(CC2)c3cccc(Br)c3,CHEMBL273182,Ki,8.06
9725480,Fc1ccc(cc1)C2(CNC(=N2)c3cccc(C=O)c3)c4ccc(F)cc4,CHEMBL522539,IC50,8.06
1747971,CCC[C@@H]1NC(=NC1(c2ccc(F)cc2)c3ccc(F)cc3)c4cc(ccn4)C#N,CHEMBL490949,Ki,8.07
9725493,C[C@@H]1NC(=N[C@@]1(c2ccc(F)cc2)c3ccc(F)nc3)C4=CC(=CC(=O)N4)C,CHEMBL1783924,Ki,8.07
9725504,C[C@@H]1NC(=N[C@@]1(c2ccc(F)cc2)c3ccc(F)nc3)C4=CC=C(Cl)C(=O)N4,CHEMBL1783927,Ki,8.07
9725515,C[C@@H]1NC(=N[C@@]1(c2ccc(F)cc2)c3ccc(F)nc3)C4=CN(C(F)F)C(=O)C(=C4)C,CHEMBL1784133,Ki,8.07
9725526,Cc1nc(N2CCCCC2)c3nc(CC4CCCCC4)cc3[nH]1,CHEMBL135261,IC50,8.07
9725537,CC(C)S(=O)(=O)NC[C@@H]1CC[C@H](CC1)NC(=O)CN2C(=O)COc3cc(F)ccc23,CHEMBL1829319,Ki,8.08
9725548,COc1ccc(cc1OC)c2cc(NC(=O)Cc3ccc4ccccc4c3)[nH]n2,CHEMBL291666,Ki,8.08
9725559,Fc1ccc(cc1)C2(CNC(=N2)C3=CC=CC(=O)N3)c4ccc(F)cc4,CHEMBL492377,IC50,8.09
9725570,CCn1c2ccccc2c3cc(ccc13)c4nc5c[nH]cnc5n4,CHEMBL61175,Ki,8.1
9725581,CN(C(Cc1ccccc1)c2ccccc2)C(=O)Nc3ccc(Oc4ccccc4)cc3,CHEMBL308130,IC50,8.1
9725592,CN(C)S(=O)(=O)n1c2ccccc2c3cc(NC(=O)CCc4ccncc4)ccc13,CHEMBL117922,IC50,8.1
9725603,CN([C@@H]1CC[C@@]2(CC1)COc3ccccc23)C(=O)Nc4ccn(n4)c5ccccc5F,CHEMBL2016736,Ki,8.1
9725614,Clc1cc2nc([nH]c2cc1Cl)[C@@H]3CC[C@]4(CC3)OC(=O)c5ccccc45,CHEMBL522788,IC50,8.1
9725625,Clc1cccc(c1)c2c[nH]c(n2)c3cccnc3,CHEMBL325727,Ki,8.1
9725636,Fc1cc(F)cc(c1)c2ccc(NC(=O)[C@@H]3CC[C@@H](CC3)N4CCCC4=O)nc2,CHEMBL3126053,Ki,8.1
9725647,Fc1cc(F)cc(c1)c2ccc(NC(=O)[C@@H]3CC[C@@H](CC3)N4CCOC4=O)nc2,CHEMBL3126042,Ki,8.1
9725658,Fc1ccccc1S(=O)(=O)NCCCCCNc2nc(cs2)c3ccccn3,CHEMBL1912081,Ki,8.1
9725669,O=C(Nc1nc(cs1)c2ccccc2)N3CCC4(CC3)OC(=O)c5ccccc45,CHEMBL521723,IC50,8.1
1927574,[O-][N+](=O)c1ccccc1S(=O)(=O)NC[C@@H]2CC[C@@H](CNCC3CCc4ccccc4C3)CC2,CHEMBL299879,Ki,8.1
9725682,Brc1ccc(cc1)S(=O)(=O)NC[C@@H]2CC[C@H](CC2)C(=O)NNC(=O)c3cccs3,CHEMBL152016,IC50,8.11
9725693,COC(=O)c1ccc2[nH]c(nc2c1)[C@@H]3CC[C@]4(CC3)OC(=O)c5ccccc45,CHEMBL522768,IC50,8.11
9725704,CN(C)S(=O)(=O)NCCCCCNc1nc(cs1)c2ccccn2,CHEMBL1909725,Ki,8.12
9725715,CN(C1CCN(CC1)C(=O)C)C(=O)NC2CCN(CC2)c3cc(F)cc(F)c3,CHEMBL401726,Ki,8.13
9725727,CS(=O)(=O)N1CC2(CCN(CC2)C(=O)Nc3ccnc(n3)c4ccccc4)c5ccccc15,CHEMBL492371,IC50,8.13
9725738,C[C@@H]1NC(=N[C@@]1(c2ccc(F)cc2)c3ccc(F)nc3)C4=CNC(=O)C=C4,CHEMBL1783920,Ki,8.13
9725749,Fc1ccc(cc1)c2cnc(NC(=O)[C@@H]3CC[C@]4(CC3)OC(=O)c5ncccc45)nc2,CHEMBL568337,IC50,8.13
9725760,C1Cc2ccccc2c3[nH]c(nc3C1)c4cccnc4,CHEMBL414205,IC50,8.14
9725771,CCON1C=C(C=CC1=O)C2=N[C@@]([C@H](C)N2)(c3ccc(F)cc3)c4ccc(F)nc4,CHEMBL1784119,Ki,8.14
9725782,Fc1ccc(cc1)C2(CNC(=N2)c3cccnc3)c4ccc(F)cc4,CHEMBL495034,IC50,8.14
9725793,CS(=O)(=O)N1CC2(CCN(CC2)C(=O)Nc3ccc(Cl)cn3)c4ccccc14,CHEMBL572909,IC50,8.15
9725804,CC(C)S(=O)(=O)NC[C@@H]1CC[C@H](CC1)NC(=O)CN2CCC(C)(C)Sc3ccccc23,CHEMBL1829315,Ki,8.16
9725815,CCCCC(=O)N1CCC(CNc2nc3c(CCOc4ccc(C)cc34)s2)CC1,CHEMBL421521,IC50,8.16
9725826,CCn1c2ccccc2c3cc(NC(=O)N4CCOCC4)ccc13,CHEMBL119247,IC50,8.16
9725837,C[C@@H]1NC(=N[C@@]1(c2ccc(F)cc2)c3ccc(F)nc3)C4=CC=C(F)C(=O)N4,CHEMBL1783926,Ki,8.16
9725848,C[C@H]1CN([C@@H]2CC[C@@H](CC2)C(=O)Nc3ccc(cn3)c4cc(F)cc(F)c4)C(=O)O1,CHEMBL3126044,Ki,8.16
9725859,Clc1ccc2CCCc3sc(NCC4CCN(CC4)C(=O)CN5CCCCC5)nc3c2c1,CHEMBL81024,IC50,8.16
9725870,Oc1ccc2C(Cc3cccnc3)C(CCc2c1)NC[C@@H]4CC[C@@H](CNS(=O)(=O)c5ccccc5F)CC4,CHEMBL3084864,IC50,8.16
9725881,Fc1cc2[nH]c(nc2cc1Cl)N3CCC4(CC3)OC(=O)c5ccccc45,CHEMBL490008,IC50,8.17
9725892,CCN1C=C(C=C(C)C1=O)C2=N[C@@]([C@H](C)N2)(c3ccc(F)cc3)c4ccc(F)nc4,CHEMBL1784132,Ki,8.18
9725903,Clc1ccc2[nH]c(nc2c1)N3CCC4(CC3)OC(=O)c5ccccc45,CHEMBL508271,IC50,8.18
9725914,C[C@H]([C@@H](O)c1ccccc1)N(C)C(=O)Nc2ccc(Oc3ccccc3)cc2,CHEMBL77639,IC50,8.19
9725925,Cc1ccc2CCCc3[nH]c(nc3c2c1)c4ccncc4,CHEMBL7149,IC50,8.19
9725936,Fc1ccc2CCCc3[nH]c(nc3c2c1)c4cccnc4,CHEMBL7370,IC50,8.19
9725947,CCC(=O)N1CCC(CC1)N(C)C(=O)NC2CCN(CC2)c3cc(F)cc(F)c3,CHEMBL257457,Ki,8.2
9725958,COc1ccc2CCCc3[nH]c(nc3c2c1)c4cccnc4,CHEMBL429006,IC50,8.2
9725969,Fc1ccc(cc1)C2(CNC(=N2)c3cccc(c3)C(F)(F)F)c4ccc(F)cc4,CHEMBL492388,IC50,8.21
9725980,CCCCC(=O)N[C@@H]1CC[C@@H](CNc2nc3c(CCCc4ccc(F)cc34)s2)CC1,CHEMBL79659,IC50,8.22
9725991,CCCN(C)CC(=O)N[C@@H]1CC[C@@H](CNc2nc3c(CCCc4ccc(F)cc34)s2)CC1,CHEMBL79308,IC50,8.22
9726002,CS(=O)(=O)N1CC2(CCN(CC2)C(=O)Nc3ccc4ccccc4n3)c5ccccc15,CHEMBL578013,IC50,8.22
9726013,Fc1cc(F)cc(c1)c2cnc(NC(=O)[C@@H]3CC[C@@H](CC3)N4CCCC4=O)cn2,CHEMBL3126040,Ki,8.22
9726024,Fc1ccc2CCCc3sc(NCC4CCN(CC4)C(=O)CNCC5CC5)nc3c2c1,CHEMBL310674,IC50,8.22
9726035,Fc1ccc2CCCc3sc(NCC4CCN(CC4)C(=O)CNCC5CCCO5)nc3c2c1,CHEMBL79663,IC50,8.22
9726046,Fc1ccc2CCCc3sc(NC[C@@H]4CC[C@H](CC4)NC(=O)C5CC5)nc3c2c1,CHEMBL81982,IC50,8.22
9726057,Fc1ccc2CCCc3sc(NC[C@@H]4CC[C@H](CC4)NC(=O)CC5CC5)nc3c2c1,CHEMBL310119,IC50,8.22
9726068,O=C(CN1CCCCC1)N2CCC(CNc3nc4c(CCCc5ccccc45)s3)CC2,CHEMBL81104,IC50,8.22
9726079,O=C(Nc1ccc(nn1)c2ccccc2)N3CCC4(CC3)OC(=O)c5ccccc45,CHEMBL497839,IC50,8.22
9726090,Oc1ccc2C(Cc3cccnc3)C(CCc2c1)NC(=O)CN4CCC(CC4)n5c(O)nc6ccccc56,CHEMBL42762,IC50,8.22
9726101,CCCC(=O)N1CCC(CC1)N(C)C(=O)NC2CCN(CC2)c3cc(F)cc(F)c3,CHEMBL257248,Ki,8.23
1721608,C[C@@H]1NC(=N[C@@]1(c2ccc(F)cc2)c3ccc(F)nc3)c4cccc(n4)C#N,CHEMBL523821,Ki,8.23
9726114,Cn1nnc(n1)c2ccc3[nH]c(nc3c2)[C@@H]4CC[C@]5(CC4)OC(=O)c6ccccc56,CHEMBL521750,IC50,8.23
9726125,C1Cc2ccccc2c3[nH]c(nc3C1)c4ccccc4,CHEMBL414020,IC50,8.24
9726136,Clc1cc(Cl)c2nc([nH]c2c1)N3CCC4(CC3)OC(=O)c5ccccc45,CHEMBL484268,IC50,8.24
9726147,O=C(Nc1cnc(cn1)c2ccccc2)N3CCC4(CC3)OC(=O)Cc5ccccc45,CHEMBL496393,IC50,8.24
9726158,CC(C)S(=O)(=O)NC[C@@H]1CC[C@H](CC1)NC(=O)Cn2ccc3cc(ccc23)C#N,CHEMBL2013026,Ki,8.25
9726169,CS(=O)(=O)N1CC2(CCN(CC2)C(=O)Nc3cnc4ccccc4c3)c5ccccc15,CHEMBL574085,IC50,8.27
9726180,Fc1ccc(cc1)C2(CNC(=N2)c3cccc(Cl)c3)c4ccc(F)cc4,CHEMBL492778,IC50,8.27
9726191,O=C(Nc1cc([nH]n1)c2ccccc2)[C@@H]3CC[C@]4(CC3)OC(=O)c5ncccc45,CHEMBL607088,IC50,8.27
9726202,Cc1nc(N2CCCCC2)c3nc(CCc4ccccc4)cc3[nH]1,CHEMBL138118,IC50,8.28
9726213,C[C@@H]1NC(=N[C@@]1(c2ccc(F)cc2)c3ccc(F)nc3)c4cc(ccn4)C(=O)N,CHEMBL489725,Ki,8.29
9726224,Cc1onc(n1)c2ccc3[nH]c(nc3c2)[C@@H]4CC[C@]5(CC4)OC(=O)c6ccccc56,CHEMBL522589,IC50,8.29
9726235,CC(C)(C)S(=O)(=O)N[C@@H]1CC[C@H](CC1)C(=O)Nc2ccc(cn2)C(F)(F)F,CHEMBL2016681,Ki,8.3
9726246,CN1CCN([C@@H]2CC[C@@H](CC2)C(=O)Nc3ccc(cn3)c4cc(F)cc(F)c4)C1=O,CHEMBL3126047,Ki,8.3
9726257,COC1=CC(=CNC1=O)C2=N[C@@]([C@H](C)N2)(c3ccc(F)cc3)c4ccc(F)nc4,CHEMBL1784126,Ki,8.3
9726268,CS(=O)(=O)N1CC2(CCN(CC2)C(=O)Nc3oc4ccc(Cl)cc4n3)c5ccccc15,CHEMBL572460,IC50,8.3
9726279,C[C@H]([C@@H](O)c1ccccc1)N(C)C(=O)Nc2ccc(Oc3ccc(Cl)cc3)cc2,CHEMBL78109,IC50,8.3
9726290,Fc1cc(F)cc(c1)c2ccc(NC(=O)[C@@H]3CC[C@@H](CC3)N4CCNC4=O)nc2,CHEMBL3126046,Ki,8.3
9726301,Fc1cc(F)cc(c1)c2cnc(NC(=O)[C@@H]3CC[C@@H](CC3)N4CCCC4=O)nc2,CHEMBL3126039,Ki,8.3
9726312,Fc1ccc2C(Cc3cccnc3)C(CCc2c1)NC(=O)CN4CC[C@@H](C4)NS(=O)(=O)c5ccccc5,CHEMBL324311,IC50,8.3
9726323,Fc1ccc2CCCc3sc(NC[C@@H]4CC[C@H](CC4)N5CCCC5=O)nc3c2c1,CHEMBL80003,IC50,8.3
9726334,Fc1ccc2OCCc3sc(NCC4CCN(CC4)C(=O)[C@H]5CCCO5)nc3c2c1,CHEMBL309685,IC50,8.3
9726345,NS(=O)(=O)N1CC2(CCN(CC2)C(=O)Nc3ccccc3Cl)c4ccccc14,CHEMBL494346,IC50,8.3
9726356,Oc1ccc2C(CC=C)C(CCc2c1)NC[C@@H]3CC[C@@H](CNS(=O)(=O)c4ccccc4)CC3,CHEMBL3084889,IC50,8.3
7101898,CCCCS(=O)(=O)NCC1CCC(CNc2nc(N(C)C)c3ccccc3n2)CC1,CHEMBL193666,IC50,8.31
9726369,CCS(=O)(=O)N1CC2(CCN(CC2)C(=O)Nc3cn(cn3)c4ccccc4OC)c5ccccc15,CHEMBL576158,IC50,8.31
9726380,FC(F)(F)Oc1cccc(c1)c2c[nH]c(n2)c3cccnc3,CHEMBL120586,Ki,8.31
9726391,Fc1cc2nc([nH]c2cc1F)N3CCC4(CC3)OC(=O)c5ccccc45,CHEMBL483252,IC50,8.32
9726402,Fc1ccc(cc1)C2(CNC(=N2)c3cccc(Br)c3)c4ccc(F)cc4,CHEMBL494398,IC50,8.32
9726413,Fc1ccc(cc1)C2(CNC(=N2)c3ccnc(c3)C#N)c4ccc(F)cc4,CHEMBL451113,IC50,8.32
9726424,CCCN1C=C(C=CC1=O)C2=N[C@@]([C@H](C)N2)(c3ccc(F)cc3)c4ccc(F)nc4,CHEMBL1784128,Ki,8.33
9726435,CCn1c2ccccc2c3cc(NC(=O)Cc4ccncc4)ccc13,CHEMBL294305,Ki,8.33
9726446,Cc1cc(O)ccc1NC(=O)C2CCN(CC2)C(=O)CN3C(=O)Sc4ccc(Cl)cc34,CHEMBL16740,IC50,8.33
9726457,Clc1ccc2SC(=O)N(CC(=O)N3CCC(CC3)C(=O)Nc4oc5ccc(Cl)cc5n4)c2c1,CHEMBL275642,IC50,8.33
9726468,CN([C@@H]1CC[C@]2(CC1)Cc3ccccc3C(=O)O2)C(=O)Nc4cnc(cn4)c5ccccc5,CHEMBL2016742,Ki,8.34
9726479,COC(=O)c1ccc2[nH]c(nc2c1Cl)[C@@H]3CC[C@]4(CC3)OC(=O)c5ccccc45,CHEMBL491436,IC50,8.35
9726490,FCOc1ccccc1c2cnc(NC(=O)[C@@H]3CC[C@]4(CC3)OC(=O)c5ncccc45)nc2,CHEMBL585854,IC50,8.35
9726501,CC(C)S(=O)(=O)NC[C@@H]1CC[C@H](CC1)NCCN2CCCc3cc(Cl)ccc23,CHEMBL1829334,Ki,8.36
9726512,Clc1ccc2SC(=O)N(CC(=O)N3CCC(CC3)C(=O)Nc4ccccc4)c2c1,CHEMBL17037,IC50,8.36
9726523,O=C(Nc1ccn(n1)c2ccccc2)[C@@H]3CC[C@]4(CC3)OC(=O)c5ncccc45,CHEMBL594163,IC50,8.36
9726534,C[C@@H]1NC(=N[C@@]1(c2ccc(F)cc2)c3ccc(F)nc3)C4=CNC(=O)C(=C4)C,CHEMBL1784120,Ki,8.37
1730894,Fc1ccc(cc1)C2(CNC(=N2)c3cnccn3)c4ccc(F)cc4,CHEMBL490937,IC50,8.37
9726547,[O-][N+](=O)c1cccc(c1)C2=NC(CN2)(c3ccc(F)cc3)c4ccc(F)cc4,CHEMBL492594,IC50,8.37
9726558,CS(=O)(=O)N1CC2(CCN(CC2)C(=O)Nc3ccc(cc3)c4occc4)c5ccccc15,CHEMBL576159,IC50,8.38
9726569,O=C(Nc1cnc(cn1)c2ccccc2)[C@@H]3CC[C@]4(CC3)OC(=O)c5ncccc45,CHEMBL596031,IC50,8.38
9726580,CCS(=O)(=O)N1CC2(CCN(CC2)C(=O)Nc3cn(cn3)c4ccc(F)cc4)c5ccccc15,CHEMBL575858,IC50,8.39
9726592,CS(=O)(=O)N1CC2(CCN(CC2)C(=O)Nc3ccc(cc3)c4ccncc4)c5ccccc15,CHEMBL523205,IC50,8.39
9726603,C[C@@H]1NC(=N[C@@]1(c2ccc(F)cc2)c3ccc(F)nc3)c4nccs4,CHEMBL489732,Ki,8.39
9726614,CC(C)(C)C1CN([C@@H]2CC[C@@H](CC2)C(=O)Nc3ccc(cn3)c4cc(F)cc(F)c4)C(=O)O1,CHEMBL3126045,Ki,8.4
9726625,CC(C)S(=O)(=O)NC[C@@H]1CC[C@H](CC1)NC(=O)CN2CCc3cc(F)ccc23,CHEMBL2013014,Ki,8.4
9726636,CCOC(=O)N1CCC(CNc2nc3c(CCCc4ccc(F)cc34)s2)CC1,CHEMBL83860,IC50,8.4
9726647,CN(C)CC(=O)N1CCC(CNc2nc3c(CCCc4ccc(F)cc34)s2)CC1,CHEMBL421714,IC50,8.4
9726658,C[C@H]([C@@H](O)c1ccccc1)N(C)C(=O)Nc2ccc(Oc3cccc(c3)[N+](=O)[O-])cc2,CHEMBL311159,IC50,8.4
9726669,C[C@H]([C@@H](O)c1ccccc1)N(C)C(=O)Nc2ccc3oc4ccccc4c3c2,CHEMBL77333,IC50,8.4
9726680,Clc1ccc(cc1Cl)c2c[nH]c(n2)c3cccnc3,CHEMBL120760,Ki,8.4
9726691,Fc1ccc2CCCc3sc(NCC4CCN(CC4)C(=O)CN5CCCCC5)nc3c2c1,CHEMBL82080,IC50,8.4
9726702,Fc1ccc2CCCc3sc(NCC4CCN(CC4)C(=O)[C@H]5CCC(=O)O5)nc3c2c1,CHEMBL309550,IC50,8.4
9726713,NS(=O)(=O)N1CC2(CCN(CC2)C(=O)Nc3ccc(Cl)c(Cl)c3)c4ccccc14,CHEMBL492986,IC50,8.4
9726724,CC(C)S(=O)(=O)NC[C@@H]1CC[C@H](CC1)NC(=O)CN2C(=O)CCc3cc(Cl)ccc23,CHEMBL1829325,Ki,8.41
9726735,CS(=O)(=O)N1CC2(CCN(CC2)C(=O)Nc3cn(cn3)c4ccccc4F)c5ccccc15,CHEMBL572450,IC50,8.41
9726746,Clc1ccc(cc1)c2cnc(NC(=O)N3CCC4(CC3)OC(=O)c5ccccc45)nc2,CHEMBL496197,IC50,8.41
9726757,O=C(Nc1cnc(cn1)c2ccccc2)[C@@H]3CC[C@]4(CC3)OC(=O)c5cccnc45,CHEMBL593466,IC50,8.41
9726768,C[C@@H]1NC(=N[C@@]1(c2ccc(F)cc2)c3ccc(F)nc3)C4=CNC(=O)C(=C4)C(F)(F)F,CHEMBL1784125,Ki,8.42
9726779,CC(C)S(=O)(=O)NCCCCCNc1nc(cs1)c2ccsc2,CHEMBL1909720,Ki,8.43
9726790,COc1ccc2CCCC(Cc2c1)NCC3CCN(CC3)C(=O)CNS(=O)(=O)c4cccc5ccccc45,CHEMBL164873,IC50,8.43
9726801,O=C(Nc1cnc(cn1)c2ccccc2)N3CCC4(CC3)NC(=O)c5ccccc45,CHEMBL482667,IC50,8.43
9726812,CC(C)N1C=C(C=CC1=O)C2=N[C@@]([C@H](C)N2)(c3ccc(F)cc3)c4ccc(F)nc4,CHEMBL1784129,Ki,8.44
9726823,C[C@@H]1NC(=N[C@@]1(c2ccc(F)cc2)c3ccc(F)nc3)c4nccc(n4)C#N,CHEMBL491567,Ki,8.44
9726834,CC(C)S(=O)(=O)NC[C@@H]1CC[C@H](CC1)NC(=O)CN2CCOc3cc(Cl)ccc23,CHEMBL1829321,Ki,8.46
9726845,CC(C)S(=O)(=O)NC[C@@H]1CC[C@H](CC1)NC(=O)CN2CCc3cc(C)ccc23,CHEMBL2013013,Ki,8.46
9726856,Clc1ccc(cc1Cl)c2c[nH]c(n2)c3ccncc3,CHEMBL122527,Ki,8.46
9726867,FC(F)(F)c1ccc2[nH]c(nc2c1)N3CCC4(CC3)OC(=O)c5ccccc45,CHEMBL497359,IC50,8.46
9726878,O=C(Nc1cn(cn1)c2ccccc2)N3CCC4(CC3)OC(=O)c5ccccc45,CHEMBL522378,IC50,8.46
9726889,CC(C)n1c2ccccc2c3cc(NC(=O)CCN4CCCC4)ccc13,CHEMBL301638,Ki,8.47
9726900,CCCS(=O)(=O)N1CCC(CC1)N(C)C(=O)NC2CCN(CC2)c3cc(F)cc(F)c3,CHEMBL257708,Ki,8.47
9726911,CCS(=O)(=O)N1CC2(CCN(CC2)C(=O)Nc3cn(cn3)c4ccccc4)c5ccccc15,CHEMBL572688,IC50,8.47
9726922,CS(=O)(=O)N1CC2(CCN(CC2)C(=O)Nc3nnc(s3)c4ccccc4)c5ccccc15,CHEMBL576726,IC50,8.47
9726933,C[C@@H]1NC(=N[C@@]1(c2ccc(F)cc2)c3ccc(F)nc3)C4=CNC(=O)C(=C4)Cl,CHEMBL1784124,Ki,8.47
9726944,Cc1nc(C)c(s1)S(=O)(=O)NCCCCCNc2nc(cs2)c3ccccn3,CHEMBL1912087,Ki,8.47
9726955,O=C(Nc1nnc(s1)c2ccccc2)N3CCC4(CC3)OC(=O)c5ccccc45,CHEMBL522237,IC50,8.47
9726966,CCS(=O)(=O)N1CC2(CCN(CC2)C(=O)Nc3cn(cn3)c4ccccc4F)c5ccccc15,CHEMBL573858,IC50,8.48
9726977,Cc1cccc(n1)C(O)CNC(=O)C2CCN(CC2)C(=O)CN3C(=O)Sc4ccc(Cl)cc34,CHEMBL418546,IC50,8.48
9726988,Cc1oc(nn1)c2ccc3[nH]c(nc3c2)[C@@H]4CC[C@]5(CC4)OC(=O)c6ccccc56,CHEMBL490427,IC50,8.48
9726999,CC(C)S(=O)(=O)N1CCC(CC1)N(C)C(=O)NC2CCN(CC2)c3cc(F)cc(F)c3,CHEMBL429679,Ki,8.5
9727010,CCS(=O)(=O)N1CC2(CCN(CC2)C(=O)Nc3cn(cn3)c4ccc(OC)cc4)c5ccccc15,CHEMBL576333,IC50,8.5
9727021,CN(C1CCN(CC1)S(=O)(=O)C)C(=O)NC2CCN(CC2)c3cc(F)cc(F)c3,CHEMBL428953,Ki,8.5
9727032,CS(=O)(=O)N1CC2(CCN(CC2)C(=O)Nc3ccc(cc3)n4cccn4)c5ccccc15,CHEMBL572456,IC50,8.5
9727043,C[C@@H]1NC(=N[C@@]1(c2ccc(F)cc2)c3ccc(F)nc3)c4cncc(c4)C#N,CHEMBL491895,Ki,8.5
9727054,C[C@@H]1NC(=NC1(c2ccc(F)nc2)c3ccc(F)nc3)c4cc(ccn4)C#N,CHEMBL521932,Ki,8.51
9727065,C[C@H](Cc1ccccc1)N(C)C(=O)Nc2ccc(Oc3ccccc3)cc2,CHEMBL77273,IC50,8.51
9727076,FCOc1cccc(c1)c2cnc(NC(=O)[C@@H]3CC[C@]4(CC3)OC(=O)c5ncccc45)nc2,CHEMBL565625,IC50,8.51
9727087,O=C1O[C@@]2(CC[C@H](CC2)c3nc4cc(ccc4[nH]3)c5cccnc5)c6ccccc16,CHEMBL521959,IC50,8.51
9727098,CC(=O)n1c2ccccc2c3cc(NC(=O)CCc4ccncc4)ccc13,CHEMBL116210,IC50,8.52
9727109,CC(C)n1c2ccc(F)cc2c3cc(NC(=O)N4CCOCC4)ccc13,CHEMBL432628,IC50,8.52
9727120,CC(C)n1c2ccccc2c3c(C)c(NC(=O)N4CCOCC4)ccc13,CHEMBL325226,IC50,8.52
9727131,CC1CCCCN1c2[nH]c(C)nc3cc(nc23)c4ccccc4,CHEMBL137058,IC50,8.52
9727142,CCS(=O)(=O)N1CC2(CCN(CC2)C(=O)Nc3cn(cn3)c4cccc(F)c4)c5ccccc15,CHEMBL577398,IC50,8.52
9727153,CN(C)S(=O)(=O)NC[C@@H]1CC[C@H](CC1)Nc2nc3c(CCSc4ccc(F)cc34)s2,CHEMBL83830,IC50,8.52
9727164,CN(CC1CC1)CC(=O)N2CCC(CNc3nc4c(CCCc5ccc(F)cc45)s3)CC2,CHEMBL310670,IC50,8.52
9727175,COC[C@@H]1CCCN1CC(=O)N2CCC(CNc3nc4c(CCCc5ccc(F)cc45)s3)CC2,CHEMBL81103,IC50,8.52
9727187,CS(=O)(=O)N1CC2(CCN(CC2)C(=O)Nc3ccc(cc3)c4ccccn4)c5ccccc15,CHEMBL524044,IC50,8.52
9727199,CS(=O)(=O)N1CC2(CCN(CC2)C(=O)Nc3ccc(nn3)c4ccccc4)c5ccccc15,CHEMBL495200,IC50,8.52
9727210,C[C@@H]1CN([C@@H]2CC[C@@H](CC2)C(=O)Nc3ccc(cn3)c4cc(F)cc(F)c4)C(=O)O1,CHEMBL3126043,Ki,8.52
9727221,Fc1ccccc1c2cnc(NC(=O)[C@@H]3CC[C@]4(CC3)OC(=O)c5ncccc45)nc2,CHEMBL565848,IC50,8.52
9727232,NS(=O)(=O)N1CC2(CCN(CC2)C(=O)Nc3ccc(Oc4ccccc4)cc3)c5ccccc15,CHEMBL492999,IC50,8.52
9727243,Nc1nc(N[C@@H]2CC[C@@H](CNS(=O)(=O)c3cccc4ccccc34)CC2)nc5ccccc15,CHEMBL273597,IC50,8.52
1723935,OC[C@@H]1NC(=NC1(c2ccc(F)cc2)c3ccc(F)cc3)c4cc(ccn4)C#N,CHEMBL523305,Ki,8.52
9727256,CCN1C=C(C=CC1=O)C2=N[C@@]([C@H](C)N2)(c3ccc(F)cc3)c4ccc(F)nc4,CHEMBL1784127,Ki,8.54
7101418,Nc1nc(NC[C@@H]2CC[C@@H](CNS(=O)(=O)c3cccc4ccccc34)CC2)nc5ccccc15,CHEMBL17645,IC50,8.54
9727269,O=C(Nc1cc([nH]n1)c2ccccc2)[C@@H]3CC[C@]4(CC3)OC(=O)c5cnccc45,CHEMBL596266,IC50,8.54
9727280,O=C(Nc1ccn(n1)c2ccccc2)N3CCC4(CC3)OC(=O)c5ccccc45,CHEMBL495593,IC50,8.54
9727292,O=C(Nc1ncc(cn1)c2ccccc2)[C@@H]3CC[C@]4(CC3)OC(=O)c5cccnc45,CHEMBL585851,IC50,8.54
9727303,OCCc1ccc(NC(=O)C2CCN(CC2)C(=O)CN3C(=O)Sc4ccc(Cl)cc34)cc1,CHEMBL278280,IC50,8.54
9727314,CCS(=O)(=O)N1CCC(CC1)N(C)C(=O)NC2CCN(CC2)c3cc(F)cc(F)c3,CHEMBL257707,Ki,8.55
9727325,CON1C=C(C=CC1=O)C2=N[C@@]([C@H](C)N2)(c3ccc(F)cc3)c4ccc(F)nc4,CHEMBL1784131,Ki,8.55
9727336,COc1ccc(cc1OC)c2cc(NC(=O)C3Cc4ccc5ccccc5c4C3)[nH]n2,CHEMBL158913,Ki,8.55
9727347,CS(=O)(=O)N1CC2(CCN(CC2)C(=O)Nc3ccc(cc3)c4cscn4)c5ccccc15,CHEMBL574771,IC50,8.55
9727358,C[C@@H]1NC(=N[C@@]1(c2ccc(F)cc2)c3ccc(F)nc3)C4=CN(C(F)F)C(=O)C=C4,CHEMBL1784130,Ki,8.55
9727369,O=C(Nc1cc(on1)c2ccccc2)[C@@H]3CC[C@]4(CC3)OC(=O)c5ncccc45,CHEMBL607192,IC50,8.55
9727380,CC(=O)c1ccc(NC(=O)N2CCC3(CC2)CN(c4ccccc34)S(=O)(=O)C)cc1,CHEMBL574996,IC50,8.57
7103267,CN(C)c1nc(NCC2CCC(CNS(=O)(=O)c3ccc(Br)cc3OC(F)(F)F)CC2)nc4ccccc14,CHEMBL193438,IC50,8.57
9727393,COC(=O)c1ccc2[nH]c(nc2c1)N3CCC4(CC3)OC(=O)c5ccccc45,CHEMBL496327,IC50,8.57
7103278,Cl.CN(C)c1nc(NC[C@@H]2CC[C@@H](CNS(=O)(=O)c3ccc(Br)cc3OC(F)(F)F)CC2)nc4ccccc14,CHEMBL537846,IC50,8.57
9727406,Fc1ccc(cc1)C2(CNC(=N2)c3cccc(c3)C#N)c4ccc(F)cc4,CHEMBL523819,IC50,8.57
9727417,Fc1ccc(cc1)c2cnc(NC(=O)[C@@H]3CC[C@]4(CC3)OC(=O)c5ccncc45)nc2,CHEMBL565626,IC50,8.57
9727428,O=C(Nc1cc([nH]n1)c2ccccc2)[C@@H]3CC[C@]4(CC3)OC(=O)c5ccncc45,CHEMBL606631,IC50,8.57
9727439,CC(C)C(=O)N1CCC(CC1)N(C)C(=O)NC2CCN(CC2)c3cc(F)cc(F)c3,CHEMBL257022,Ki,8.59
9727450,CCCCCCCCCCNC(=O)C1CCN(CC1)C(=O)CN2C(=O)Sc3ccc(Cl)cc23,CHEMBL440647,IC50,8.59
1747982,CC[C@@H]1NC(=NC1(c2ccc(F)cc2)c3ccc(F)cc3)c4cc(ccn4)C#N,CHEMBL522793,Ki,8.59
9727463,CCn1c2ccccc2c3cc(NC(=O)CNCc4ccccc4)ccc13,CHEMBL58424,Ki,8.59
9727474,COc1ccc(NC(=O)C2CCN(CC2)C(=O)CN3C(=O)Sc4ccc(Cl)cc34)cn1,CHEMBL17165,IC50,8.59
9727485,CS(=O)(=O)N1CC2(CCN(CC2)C(=O)Nc3ccc(Oc4ccccc4)cc3)c5ccccc15,CHEMBL572442,IC50,8.59
9727496,C[C@@H]1NC(=N[C@@]1(c2ccc(F)cc2)c3ccc(F)nc3)C4=CC=C(C)C(=O)N4,CHEMBL1783923,Ki,8.59
9727507,FC(F)(F)c1cc2[nH]c(nc2cc1Cl)[C@@H]3CC[C@]4(CC3)OC(=O)c5ccccc45,CHEMBL455815,IC50,8.59
9727518,FCOc1ccccc1c2cnc(NC(=O)[C@@H]3CC[C@]4(CC3)OC(=O)c5ccncc45)nc2,CHEMBL565826,IC50,8.59
7102788,CN(C)c1nc(NCC2CCC(CC2)NS(=O)(=O)c3ccc(Br)cc3OC(F)(F)F)nc4ccccc14,CHEMBL193970,IC50,8.6
1722901,COc1ccnc(c1)C2=N[C@@]([C@H](C)N2)(c3ccc(F)cc3)c4ccc(F)nc4,CHEMBL490902,Ki,8.6
9727533,CS(=O)(=O)N1CC2(CCN(CC2)C(=O)Nc3ccc4ncccc4c3)c5ccccc15,CHEMBL577794,IC50,8.6
9727544,C[C@@H]1NC(=N[C@@]1(c2ccc(F)cc2)c3ccc(F)nc3)c4cccc(c4)S(=O)(=O)C,CHEMBL491894,Ki,8.6
9727556,CCCC(=O)N1CCC(CC1)N(C)C(=O)N[C@@H]2CC[C@H](CC2)c3cc(F)cc(F)c3,CHEMBL255147,Ki,8.62
9727567,CN([C@@H]1CC[C@]2(CC1)Cc3ccccc3C(=O)O2)C(=O)Nc4ccn(n4)c5ccccc5F,CHEMBL2016737,Ki,8.62
9727578,CS(=O)(=O)N1CC2(CCN(CC2)C(=O)Nc3ccc(cc3)c4nccs4)c5ccccc15,CHEMBL574088,IC50,8.62
9727589,CS(=O)(=O)N1CC2(CCN(CC2)C(=O)Nc3cn(cn3)c4ccccc4)c5ccccc15,CHEMBL577372,IC50,8.62
9727600,Fc1ccc(cc1)c2cnc(NC(=O)N3CCC4(CC3)OC(=O)c5ccccc45)nc2,CHEMBL523228,IC50,8.62
9727611,O=C(Nc1cc(on1)c2ccccc2)[C@@H]3CC[C@]4(CC3)OC(=O)c5cccnc45,CHEMBL594888,IC50,8.62
9727622,O=C(Nc1cnc(cn1)c2ccccc2)N3CCC4(CC3)OC(=O)c5ccccc45,CHEMBL491930,Ki,8.62
9727633,O=C(Nc1cnc(cn1)c2ccccc2)[C@@H]3CC[C@]4(CC3)OC(=O)c5cnccc45,CHEMBL595121,IC50,8.62
9727644,O=C(c1ccccc1)c2ccc3[nH]c(nc3c2)[C@@H]4CC[C@]5(CC4)OC(=O)c6ccccc56,CHEMBL491230,IC50,8.62
9727655,O=C1OC2(CCN(CC2)c3nc4cc(ccc4[nH]3)c5ccccc5)c6ccccc16,CHEMBL497569,IC50,8.62
9727666,O=C1O[C@@]2(CC[C@H](CC2)c3nc4cc(ccc4[nH]3)c5ccccn5)c6ccccc16,CHEMBL491427,IC50,8.62
9727677,COc1ccc(CNC(=O)C2CCN(CC2)C(=O)CN3C(=O)Sc4ccc(Cl)cc34)cc1,CHEMBL17502,IC50,8.64
9727688,Cc1ccc2CCCc3[nH]c(nc3c2c1)c4cccnc4,CHEMBL7342,IC50,8.64
9727699,FCc1cccc(c1)c2cnc(NC(=O)[C@@H]3CC[C@]4(CC3)OC(=O)c5ncccc45)nc2,CHEMBL584732,IC50,8.64
9727710,O=C(Nc1ccn(n1)c2ccccc2)[C@@H]3CC[C@]4(CC3)OC(=O)c5ccncc45,CHEMBL595560,IC50,8.64
9727721,O=C(Nc1cnn(c1)c2ccccc2)N3CCC4(CC3)OC(=O)c5ccccc45,CHEMBL495594,IC50,8.64
9727732,O=C1O[C@@]2(CC[C@H](CC2)c3nc4cc(ccc4[nH]3)c5ccccc5)c6ccccc16,CHEMBL489587,IC50,8.64
9727743,CC(C)S(=O)(=O)NC[C@@H]1CC[C@H](CC1)NC(=O)Cn2ccc3cc(F)ccc23,CHEMBL2013023,Ki,8.66
9727754,COC(=O)c1cc2[nH]c(nc2cc1Cl)[C@@H]3CC[C@]4(CC3)OC(=O)c5ccccc45,CHEMBL491239,IC50,8.66
9727765,CS(=O)(=O)N1CC2(CCN(CC2)C(=O)Nc3ncc(s3)c4ccccc4)c5ccccc15,CHEMBL572451,IC50,8.66
9727776,C[C@@H]1NC(=N[C@@]1(c2ccc(F)cc2)c3ccc(F)nc3)c4cnccn4,CHEMBL523776,Ki,8.66
9727787,Cc1nc(N2CC=CC2)c3[nH]c(cc3n1)c4ccccc4,CHEMBL135262,IC50,8.66
9727798,Clc1cc2nc([nH]c2cc1c3ccccc3)[C@@H]4CC[C@]5(CC4)OC(=O)c6ccccc56,CHEMBL490824,IC50,8.66
9727809,FC1(F)Oc2cc3nc([nH]c3cc2O1)N4CCC5(CC4)OC(=O)c6ccccc56,CHEMBL483244,IC50,8.66
9727820,FCOc1ccccc1c2cnc(NC(=O)[C@@H]3CC[C@]4(CC3)OC(=O)c5cnccc45)nc2,CHEMBL565624,IC50,8.66
9727831,Fc1ccc(cc1)c2cnc(NC(=O)[C@@H]3CC[C@]4(CC3)OC(=O)c5cnccc45)nc2,CHEMBL583007,IC50,8.66
9727842,Fc1cccc(c1)c2cnc(NC(=O)[C@@H]3CC[C@]4(CC3)OC(=O)c5ncccc45)nc2,CHEMBL584902,IC50,8.66
9727853,O=C(Nc1cnc(cn1)c2ccccc2)[C@@H]3CC[C@]4(CC3)OC(=O)c5ccncc45,CHEMBL607144,IC50,8.66
9727864,O=C(Nc1cnc(nc1)c2ccccc2)N3CCC4(CC3)OC(=O)c5ccccc45,CHEMBL525173,IC50,8.66
9727875,O=C(Nc1cnn(c1)c2ccccc2)[C@@H]3CC[C@]4(CC3)OC(=O)c5ccncc45,CHEMBL596025,IC50,8.66
9727887,CS(=O)(=O)N1CC2(CCN(CC2)C(=O)Nc3ccc(cc3)c4cccnc4)c5ccccc15,CHEMBL494592,IC50,8.68
9727898,FC(F)(F)c1onc(n1)c2ccc3[nH]c(nc3c2)[C@@H]4CC[C@]5(CC4)OC(=O)c6ccccc56,CHEMBL489608,IC50,8.68
9727909,O=C(Nc1cc(on1)c2ccccc2)[C@@H]3CC[C@]4(CC3)OC(=O)c5ccncc45,CHEMBL596264,IC50,8.68
9727920,O=C(Nc1ccc(cn1)c2ccccc2)[C@@H]3CC[C@]4(CC3)OC(=O)c5ccncc45,CHEMBL604480,IC50,8.68
9727932,O=C(Nc1ncc(cn1)c2ccccc2)[C@@H]3CC[C@]4(CC3)OC(=O)c5ncccc45,CHEMBL568144,IC50,8.68
9727943,CC(=O)c1ccc(NC(=O)N2CCC3(CC2)CN(c4ccccc34)S(=O)(=O)N)cc1,CHEMBL524029,IC50,8.7
9727954,CC(=O)c1cccc(NC(=O)C2CCN(CC2)C(=O)CN3C(=O)Sc4ccc(Cl)cc34)c1,CHEMBL17327,IC50,8.7
9727965,CC(C)C(=O)N1CCC(CNc2nc3c(CCCc4ccc(F)cc34)s2)CC1,CHEMBL81484,IC50,8.7
9727976,CC(C)S(=O)(=O)NCCCCCNc1nc2c(CCSc3ccccc23)s1,CHEMBL1909722,Ki,8.7
9727987,CC(C)S(=O)(=O)NC[C@@H]1CC[C@H](CC1)NC(=O)Cc2cn(C)c3ccccc23,CHEMBL2013029,Ki,8.7
9727998,CC(C)n1c2ccc(NC(=O)N3CCOCC3)cc2c4cccc(C)c14,CHEMBL117563,IC50,8.7
9728009,CC(C)n1c2ccccc2c3cc(NC(=O)N4CCOCC4)ccc13,CHEMBL419951,IC50,8.7
9728020,CCOC(=O)c1ccc2[nH]c(nc2c1)N3CCC4(CC3)OC(=O)c5ccccc45,CHEMBL524644,IC50,8.7
9728031,CCS(=O)(=O)N1CC2(CCN(CC2)C(=O)Nc3cn(cn3)c4cccc(OC)c4)c5ccccc15,CHEMBL572431,IC50,8.7
9728042,CCn1c2ccccc2c3cc(NC(=O)CCc4ccncc4)ccc13,CHEMBL325475,IC50,8.7
9728053,COC(=O)N[C@@H]1CC[C@@H](CNc2nc3c(CCCc4ccc(F)cc34)s2)CC1,CHEMBL82158,IC50,8.7
9728064,COCC(=O)N1CCC(CNc2nc3c(CCCc4ccc(F)cc34)s2)CC1,CHEMBL313087,IC50,8.7
9728075,COCCC(=O)N1CCC(CNc2nc3c(CCCc4ccc(F)cc34)s2)CC1,CHEMBL313454,IC50,8.7
9728086,COCCNCC(=O)N1CCC(CNc2nc3c(CCCc4ccc(F)cc34)s2)CC1,CHEMBL309967,IC50,8.7
9728097,C[C@@H]1NC(=N[C@@]1(c2ccc(F)cc2)c3ccc(F)nc3)c4cnsn4,CHEMBL523945,Ki,8.7
9728108,FCc1ccccc1c2cnc(NC(=O)[C@@H]3CC[C@]4(CC3)OC(=O)c5ccncc45)nc2,CHEMBL584815,IC50,8.7
9728119,Fc1cc(F)cc(c1)c2ccc(NC(=O)[C@@H]3CC[C@@H](CC3)N4CCCCC4=O)nc2,CHEMBL3126041,Ki,8.7
1753100,Fc1ccc(cc1)C2(CNC(=N2)c3cc(ccn3)C#N)c4ccc(F)cc4,CHEMBL522456,IC50,8.7
9728132,Fc1ccc2CCCc3sc(NCC4CCN(CC4)C(=O)C5CC5)nc3c2c1,CHEMBL84453,IC50,8.7
9728143,Fc1ccc2CCCc3sc(NCC4CCN(CC4)C(=O)CN5CCOCC5)nc3c2c1,CHEMBL81586,IC50,8.7
9728154,Fc1ccc2CCCc3sc(NCC4CCN(CC4)C(=O)[C@@H]5CCCO5)nc3c2c1,CHEMBL432169,IC50,8.7
9728165,Fc1ccc2CCCc3sc(NCC4CCN(CC4)C(=O)[C@H]5CCCO5)nc3c2c1,CHEMBL312362,IC50,8.7
9728176,Fc1cccc(c1)n2ccc(NC(=O)[C@@H]3CC[C@]4(CC3)OC(=O)c5ccncc45)n2,CHEMBL594164,IC50,8.7
9728188,O=C(Nc1ncc(cn1)c2ccccc2)[C@@H]3CC[C@]4(CC3)OC(=O)c5cnccc45,CHEMBL568370,IC50,8.7
9728199,COc1ccc(C)cc1S(=O)(=O)NCCCCCNc2nc(cs2)c3ccccn3,CHEMBL1912082,Ki,8.72
9728210,Cl.C[C@@H]1NC(=NC1(c2ccc(F)cc2)c3ccc(F)cc3)c4cnccn4,CHEMBL491119,Ki,8.72
9728221,FCOc1cccc(c1)c2cnc(NC(=O)[C@@H]3CC[C@]4(CC3)OC(=O)c5ccncc45)nc2,CHEMBL567318,IC50,8.72
9728232,O=C(Nc1cc(n[nH]1)c2ccccc2)N3CCC4(CC3)OC(=O)c5ccccc45,CHEMBL497211,IC50,8.72
9728243,CC(C)Cc1ccc2[nH]c(nc2c1)N3CCC4(CC3)OC(=O)c5ccccc45,CHEMBL496326,IC50,8.75
9728254,CC(C)S(=O)(=O)NC[C@@H]1CC[C@H](CC1)NC(=O)CCN2CCc3ccccc23,CHEMBL2013017,Ki,8.75
9728265,CC(C)S(=O)(=O)NC[C@@H]1CC[C@H](CC1)NC(=O)CN2CCS(=O)(=O)c3cc(Cl)ccc23,CHEMBL1829324,Ki,8.75
9728276,CCN(CC)S(=O)(=O)NCCCCCNc1nc(cs1)c2ccccn2,CHEMBL1909727,Ki,8.75
9728287,CN(C1CCN(CC1)C(=O)C)C(=O)N[C@@H]2CC[C@H](CC2)c3cc(F)cc(F)c3,CHEMBL257940,Ki,8.75
9728298,COc1cccc(c1)c2cnc(NC(=O)N3CCC4(CC3)OC(=O)c5ccccc45)nc2,CHEMBL495625,IC50,8.75
9728309,CS(=O)(=O)N1CC2(CCN(CC2)C(=O)Nc3cn(cn3)c4cccc(F)c4)c5ccccc15,CHEMBL573860,IC50,8.75
9728320,Cc1nc(N2CCCCCC2)c3[nH]c(cc3n1)c4ccccc4,CHEMBL137259,IC50,8.75
1720270,Cl.C[C@@H]1NC(=N[C@@]1(c2ccc(F)cc2)c3ccc(F)nc3)c4cc(Cl)ccn4,CHEMBL490903,Ki,8.75
9728333,FCOc1cccc(c1)c2cnc(NC(=O)[C@@H]3CC[C@]4(CC3)OC(=O)c5cnccc45)nc2,CHEMBL567310,IC50,8.75
9728344,FCc1cccc(c1)c2cnc(NC(=O)[C@@H]3CC[C@]4(CC3)OC(=O)c5ccncc45)nc2,CHEMBL585107,IC50,8.75
9728355,Fc1cccc(c1)c2cnc(NC(=O)[C@@H]3CC[C@]4(CC3)OC(=O)c5ccncc45)nc2,CHEMBL570864,IC50,8.75
9728366,Fc1ccccc1c2cnc(NC(=O)[C@@H]3CC[C@]4(CC3)OC(=O)c5ccncc45)nc2,CHEMBL585203,IC50,8.75
9728378,O=C(Nc1ncc(cn1)c2ccccc2)[C@@H]3CC[C@]4(CC3)OC(=O)c5ccncc45,CHEMBL567527,IC50,8.75
9728389,O=C(Nc1ncc(s1)c2ccccc2)N3CCC4(CC3)OC(=O)c5ccccc45,CHEMBL496399,IC50,8.75
9728400,CC(C)S(=O)(=O)NC[C@@H]1CC[C@H](CC1)NC(=O)Cn2ccc3c(Cl)cccc23,CHEMBL2013019,Ki,8.77
9728411,Cc1cc(N2CCCCC2)c3[nH]c(cc3n1)c4ccccc4,CHEMBL337427,IC50,8.77
9728422,Clc1ccc2CCCc3[nH]c(nc3c2c1)c4ccccc4,CHEMBL266241,IC50,8.77
9728433,Fc1ccc(cc1)c2ccc3[nH]c(nc3c2)[C@@H]4CC[C@]5(CC4)OC(=O)c6ccccc56,CHEMBL491229,IC50,8.77
9728444,O=C(Nc1cnc(cn1)c2ccccc2)N3CCC4(CC3)NC(=O)Cc5ccccc45,CHEMBL496392,IC50,8.77
9728455,C[C@@H]1NC(=N[C@]1(c2ccc(F)cc2)c3ccc(F)nc3)c4cc(ccn4)C#N,CHEMBL490123,Ki,8.8
9728466,Clc1cc2nc([nH]c2cc1Cl)N3CCC4(CC3)OC(=O)c5ccccc45,CHEMBL483251,IC50,8.8
9728477,FC(F)(F)c1cccc(c1)c2c[nH]c(n2)c3cccnc3,CHEMBL326483,Ki,8.8
9728489,Fc1ccccc1n2ccc(NC(=O)[C@@H]3CC[C@]4(CC3)OC(=O)c5ccncc45)n2,CHEMBL595573,Ki,8.8
7101361,Nc1nc(NCC2CCC(CNS(=O)(=O)c3ccc(Br)cc3OC(F)(F)F)CC2)nc4ccccc14,CHEMBL192266,IC50,8.8
9728502,CC(C)S(=O)(=O)NC[C@@H]1CC[C@H](CC1)NC(=O)CN2CCc3c(F)c(F)ccc23,CHEMBL2013015,Ki,8.82
9728513,CC(C)S(=O)(=O)NC[C@@H]1CC[C@H](CC1)NC(=O)Cn2ccc3ccccc23,CHEMBL2013018,Ki,8.82
9728524,CCC(=O)N1CCC(CC1)N(C)C(=O)N[C@@H]2CC[C@H](CC2)c3cc(F)cc(F)c3,CHEMBL403918,Ki,8.82
9728535,CCn1c2ccccc2c3cc(ccc13)c4nc5ccc[nH]c5n4,CHEMBL294560,Ki,8.82
9728546,CS(=O)(=O)N1C[C@@]2(CC[C@H](CC2)C(=O)Nc3ccc(cc3)c4ccccc4)c5ccccc15,CHEMBL522321,IC50,8.82
9728557,Clc1ccc2SC(=O)N(CC(=O)N3CCC(CC3)C(=O)Nc4ccc(Oc5ccccc5)cc4)c2c1,CHEMBL279309,IC50,8.82
9728568,Fc1cccc(c1)c2cnc(NC(=O)[C@@H]3CC[C@]4(CC3)OC(=O)c5cnccc45)nc2,CHEMBL584526,IC50,8.82
9728579,Fc1ccccc1c2cnc(NC(=O)[C@@H]3CC[C@]4(CC3)OC(=O)c5cnccc45)nc2,CHEMBL567495,IC50,8.82
9728590,O=C(Nc1cnc(cn1)c2ccccc2)[C@@H]3CC[C@]4(CC3)OC(=O)c5ccccc45,CHEMBL593934,IC50,8.82
9728601,CS(=O)(=O)N1CC2(CCN(CC2)C(=O)Nc3cc(n[nH]3)c4ccccc4)c5ccccc15,CHEMBL574084,IC50,8.85
9728612,CS(=O)(=O)Nc1ccccc1N2CCN(CC2)C(=O)Nc3cc(n[nH]3)c4ccc(Cl)cc4,CHEMBL524192,IC50,8.85
9728624,C[C@@H]1NC(=N[C@@]1(c2ccc(F)cc2)c3ccc(F)nc3)C4=CC=CC(=O)N4,CHEMBL489726,Ki,8.85
9728635,Cl.Nc1nc(NC[C@@H]2CC[C@@H](CNS(=O)(=O)c3ccc4ccccc4c3)CC2)nc5ccccc15,CHEMBL1836102,Ki,8.85
9728646,Clc1ccc2SC(=O)N(CC(=O)N3CCC(CC3)C(=O)Nc4cccc(c4)C(=O)c5ccccc5)c2c1,CHEMBL17590,IC50,8.85
9728657,O=C(Nc1ncc(cn1)c2ccccc2)N3CCC4(CC3)OC(=O)c5ccccc45,CHEMBL522388,IC50,8.85
9728668,CS(=O)(=O)N1CC2(CCN(CC2)C(=O)Nc3cccc(c3)c4ccccc4)c5ccccc15,CHEMBL524051,IC50,8.89
9728679,CS(=O)(=O)N1CC2(CCN(CC2)C(=O)Nc3onc(c3)c4ccccc4)c5ccccc15,CHEMBL576727,IC50,8.89
9728691,C[C@@H]1NC(=N[C@@]1(c2ccc(F)cc2)c3ccc(F)nc3)c4cc(ccn4)C#N,CHEMBL491288,Ki,8.89
9728702,FC(F)(F)c1ccccc1c2cnc(NC(=O)N3CCC4(CC3)OC(=O)c5ccccc45)nc2,CHEMBL526645,IC50,8.89
9728713,O=C(Nc1cnn(c1)c2ccccc2)[C@@H]3CC[C@]4(CC3)OC(=O)c5ncccc45,CHEMBL595120,IC50,8.89
9728725,CC(C)(C)OCCOc1ccc(cn1)c2nc(c[nH]2)c3cccc(c3)C#N,CHEMBL161724,Ki,8.92
9728736,CC(C)S(=O)(=O)NC[C@@H]1CC[C@H](CC1)NC(=O)Cn2ccc3ccc(F)cc23,CHEMBL2013024,Ki,8.92
9728747,CCCCc1ccc(NC(=O)N2CCC3(CC2)CN(c4ccccc34)S(=O)(=O)C)cc1,CHEMBL523330,IC50,8.92
9728758,CN(C1CCN(CC1)S(=O)(=O)C)C(=O)N[C@@H]2CC[C@H](CC2)c3cc(F)cc(F)c3,CHEMBL255353,Ki,8.92
9728769,COc1ccc2CCCC(CNC(=O)C3CCN(CC3)C(=O)CN4C(=O)Sc5ccc(Cl)cc45)Cc2c1,CHEMBL167709,IC50,8.92
9728780,Nc1nc(N2CCCCC2)c3[nH]c(cc3n1)c4ccccc4,CHEMBL135883,IC50,8.92
9728791,O=C(Nc1csc(n1)c2ccccc2)[C@@H]3CC[C@]4(CC3)OC(=O)c5ccncc45,CHEMBL607037,IC50,8.92
9728802,O=C(Nc1nsc(n1)c2ccccc2)N3CCC4(CC3)OC(=O)c5ccccc45,CHEMBL496621,IC50,8.92
9728813,OC(CNC(=O)C1CCN(CC1)C(=O)CN2C(=O)Sc3ccc(Cl)cc23)c4ccccc4,CHEMBL276322,IC50,8.92
9728824,CC(C)S(=O)(=O)NC[C@@H]1CC[C@H](CC1)NC(=O)CN2CC(C)(C)c3cc(Cl)ccc23,CHEMBL2013016,Ki,8.96
9728835,CN(C1CCN(CC1)S(=O)(=O)C)C(=O)NC2CCN(CC2)c3cc(Cl)cc(Cl)c3,CHEMBL428423,Ki,8.96
9728846,COc1ccccc1c2cnc(NC(=O)N3CCC4(CC3)OC(=O)c5ccccc45)nc2,CHEMBL523060,IC50,8.96
9728857,Cc1nc(N2CCCCC2)c3[nH]c(cc3n1)c4ccccc4,CHEMBL335039,IC50,8.96
1723091,Cl.COc1ccc(cn1)[C@@]2(N=C(N[C@H]2C)c3cc(ccn3)C#N)c4ccc(F)cc4,CHEMBL506163,Ki,8.96
9728870,Clc1ccccc1c2cnc(NC(=O)N3CCC4(CC3)OC(=O)c5ccccc45)nc2,CHEMBL496196,IC50,8.96
9728881,Fc1cccc(c1)c2cnc(NC(=O)N3CCC4(CC3)OC(=O)c5ccccc45)nc2,CHEMBL495630,IC50,8.96
9728892,CC(C)S(=O)(=O)NC[C@@H]1CC[C@H](CC1)NC(=O)CN2C(=O)COc3cc(Cl)ccc23,CHEMBL1829320,Ki,9.0
9728903,CC(C)S(=O)(=O)NC[C@@H]1CC[C@H](CC1)NC(=O)Cn2ccc3ccc(Cl)cc23,CHEMBL2013021,Ki,9.0
9728914,CC(C)n1c2ccccc2c3cc(NC(=O)CCc4ccncc4)ccc13,CHEMBL119743,IC50,9.0
9728925,CN([C@@H]1CC[C@@]2(CC1)OC(=O)c3ccncc23)C(=O)Nc4cnc(cn4)c5ccccc5,CHEMBL2016739,Ki,9.0
9728936,COc1ccc2CCCC(O)(CNC(=O)C3CCN(CC3)C(=O)CN4C(=O)Sc5ccc(Cl)cc45)c2c1,CHEMBL349486,IC50,9.0
9728947,CS(=O)(=O)n1c2ccccc2c3cc(NC(=O)CCc4ccncc4)ccc13,CHEMBL325486,IC50,9.0
1738155,C[C@@H]1NC(=NC1(c2ccc(F)cc2)c3ccc(F)cc3)c4cc(ccn4)C#N,CHEMBL523134,Ki,9.0
9728960,C[C@@H]1NC(=N[C@@]1(c2ccc(F)cc2)c3ccc(F)nc3)c4ccnc(c4)C#N,CHEMBL490561,Ki,9.0
9728971,Clc1cccc(c1)c2cc(NC(=O)N3CCC4(CC3)OC(=O)c5ccccc45)on2,CHEMBL497621,IC50,9.0
9728982,Fc1ccc2CCCc3sc(NCC4CCN(CC4)C(=O)C5CCOC5)nc3c2c1,CHEMBL81994,IC50,9.0
9728993,Fc1ccccc1c2cnc(NC(=O)N3CCC4(CC3)OC(=O)c5ccccc45)nc2,CHEMBL521537,IC50,9.0
9729004,N[C@@H](CCCCNS(=O)(=O)c1ccccc1F)CNC2CCc3cc(O)ccc3C2Cc4cccnc4,CHEMBL331551,IC50,9.0
9729015,Oc1ccc2C3CC(=NC3CCc2c1)NC[C@@H]4CC[C@@H](CNS(=O)(=O)c5ccccc5)CC4,CHEMBL69881,IC50,9.0
9729027,CS(=O)(=O)N1CC2(CCN(CC2)C(=O)Nc3cnc(cn3)c4ccccc4)c5ccccc15,CHEMBL495201,IC50,9.01
9729039,CS(=O)(=O)N1CC2(CCN(CC2)C(=O)Nc3ccc(cn3)c4ccccc4)c5ccccc15,CHEMBL494593,IC50,9.02
9729050,Clc1cccc(c1)c2cnc(NC(=O)N3CCC4(CC3)OC(=O)c5ccccc45)nc2,CHEMBL521545,IC50,9.04
9729061,Fc1ccc(cc1)n2ccc(NC(=O)[C@@H]3CC[C@]4(CC3)OC(=O)c5ccncc45)n2,CHEMBL595790,IC50,9.04
9729072,CC(C)S(=O)(=O)NC[C@@H]1CC[C@H](CC1)NC(=O)CN2C(=O)Sc3cc(Cl)ccc23,CHEMBL2013010,Ki,9.05
9729083,CC(C)S(=O)(=O)NC[C@@H]1CC[C@H](CC1)NC(=O)CN2CCCc3cc(Cl)ccc23,CHEMBL1829326,Ki,9.05
9729094,CC(C)S(=O)(=O)NC[C@@H]1CC[C@H](CC1)NC(=O)Cn2ccc3cc(F)c(F)cc23,CHEMBL2013025,Ki,9.05
9729105,CC(C)S(=O)(=O)NC[C@@H]1CC[C@H](CC1)NC(=O)Cn2ccc3cccc(Cl)c23,CHEMBL2013022,Ki,9.05
9729116,CC(Cc1ccc(Cl)cc1)N(C)C(=O)Nc2ccc(Oc3ccccc3)cc2,CHEMBL442182,IC50,9.05
9729127,CN([C@@H]1CC[C@]2(CC1)OC(=O)c3ccncc23)C(=O)Nc4cnc(cn4)c5ccccc5,CHEMBL2016740,Ki,9.05
9729138,O=C(Nc1cnn(n1)c2ccccc2)[C@@H]3CC[C@]4(CC3)OC(=O)c5ccncc45,CHEMBL593465,IC50,9.05
6007348,CCS(=O)(=O)NC[C@@H]1CC[C@H](CC1)Nc2onc(n2)c3ccc(F)c(F)c3,CHEMBL3666786,IC50,9.07
9729150,CS(=O)(=O)N1CC2(CCN(CC2)C(=O)Nc3ccc(cc3)c4ccccc4)c5ccccc15,CHEMBL492568,IC50,9.07
9729162,CS(=O)(=O)N1CC2(CCN(CC2)C(=O)Nc3cnc(nc3)c4ccccc4)c5ccccc15,CHEMBL523715,IC50,9.07
9729173,FC(F)(F)c1cccc(c1)c2cnc(NC(=O)N3CCC4(CC3)OC(=O)c5ccccc45)nc2,CHEMBL497641,IC50,9.07
9729184,CCn1c2ccccc2c3cc(NC(=O)CCN4CCOCC4)ccc13,CHEMBL59680,Ki,9.08
9729195,Clc1ccccc1c2cc(NC(=O)N3CCC4(CC3)OC(=O)c5ccccc45)on2,CHEMBL526084,IC50,9.08
9729206,O=C(Nc1onc(c1)c2ccccc2)N3CCC4(CC3)OC(=O)c5ccccc45,CHEMBL495580,IC50,9.08
9729216,CCS(=O)(=O)NC[C@@H]1CC[C@H](CC1)Nc2onc(n2)c3cccc(F)c3,CHEMBL3666781,IC50,9.09
9729227,CS(=O)(=O)N1CC2(CCN(CC2)C(=O)Nc3ccc(nc3)c4ccccc4)c5ccccc15,CHEMBL522540,IC50,9.09
9729238,CC(C)S(=O)(=O)NC[C@@H]1CC[C@H](CC1)NC(=O)CN2C(=O)CSc3cc(Cl)ccc23,CHEMBL1829322,Ki,9.1
9729249,CN([C@@H]1CC[C@@]2(CC1)OC(=O)c3ccncc23)C(=O)Nc4ccn(n4)c5ccccc5F,CHEMBL2016682,Ki,9.1
1727810,C[C@@H]1NC(=N[C@@]1(c2ccc(F)cc2)c3ccc(F)nc3)c4cccc(c4)C#N,CHEMBL521947,Ki,9.1
9729262,CCS(=O)(=O)N1CCC(CC1)N(C)C(=O)N[C@@H]2CC[C@H](CC2)c3cc(F)cc(F)c3,CHEMBL404461,Ki,9.13
9729273,CN([C@@H]1CC[C@@]2(CC1)OC(=O)c3ccccc23)C(=O)Nc4ccn(n4)c5ccccc5F,CHEMBL2016732,Ki,9.16
9729284,COc1ccc2CCCC(Cc2c1)NCC3CCN(CC3)C(=O)CN4C(=O)Sc5ccc(Cl)cc45,CHEMBL166606,IC50,9.16
9729295,Cc1nc(N2CCCC2)c3[nH]c(cc3n1)c4ccccc4,CHEMBL341563,IC50,9.16
9729306,Cc1nc(N2CCCCC2)c3[nH]c(cc3n1)c4ccc(cc4)C(F)(F)F,CHEMBL137086,IC50,9.16
9729317,Clc1ccc(cc1)c2cc(NC(=O)N3CCC4(CC3)OC(=O)c5ccccc45)on2,CHEMBL524085,IC50,9.16
9729328,Fc1ccc(NC(=O)C2CCN(CC2)C(=O)CN3C(=O)Sc4ccc(Cl)cc34)cc1C(F)(F)F,CHEMBL16986,IC50,9.16
9729339,CS(=O)(=O)N1CC2(CCN(CC2)C(=O)Nc3ccc(cc3)C(=O)c4ccccc4)c5ccccc15,CHEMBL575214,IC50,9.17
9729350,O=C(Nc1ncc(cn1)c2ccccc2)[C@@H]3CC[C@]4(CC3)OC(=O)c5ccccc45,CHEMBL570633,IC50,9.19
9729361,CC(C)S(=O)(=O)NC[C@@H]1CC[C@H](CC1)NC(=O)CN2CCSc3cc(Cl)ccc23,CHEMBL1829323,Ki,9.22
9729373,CS(=O)(=O)N1CC2(CCN(CC2)C(=O)Nc3ncc(cn3)c4ccccc4)c5ccccc15,CHEMBL495169,IC50,9.24
9729384,COc1ccc2CCCC(O)(CNCC3CCN(CCNS(=O)(=O)c4cccc5ccccc45)CC3)c2c1,CHEMBL167991,IC50,9.27
9729395,CC(C)S(=O)(=O)NC[C@@H]1CC[C@H](CC1)NC(=O)CN2CCc3cc(Cl)ccc23,CHEMBL2013012,Ki,9.3
9729406,CC(Cc1ccncc1)N(C)C(=O)Nc2ccc(Oc3ccccc3)cc2,CHEMBL78089,IC50,9.3
9729417,Cc1ccc(cc1)c2cc3[nH]c(C)nc(N4CCCCC4)c3n2,CHEMBL137449,IC50,9.3
9729428,Cc1oc(cc1)c2cc3[nH]c(C)nc(N4CCCCC4)c3n2,CHEMBL343318,IC50,9.3
9729439,Oc1nc2ccccc2n1C3CCN(CC(=O)Nc4ccc5C(=O)c6ccccc6c5c4)CC3,CHEMBL62166,IC50,9.33
9729450,CN(C1CCN(CC1)S(=O)(=O)C)C(=O)Nc2ccc(cc2)c3cc(F)cc(F)c3,CHEMBL403414,Ki,9.4
9729461,Cc1nc(N2CCC=CC2)c3[nH]c(cc3n1)c4ccccc4,CHEMBL445328,IC50,9.4
9729472,Cc1nc(N2CCCCC2)c3[nH]c(cc3n1)c4cc(F)cc(F)c4,CHEMBL137378,IC50,9.4
9729482,CC(C)Cn1c2ccccc2c3cc(NC(=O)CCN4CCCC4)ccc13,CHEMBL61880,Ki,9.52
9729493,CC(C)S(=O)(=O)NC[C@@H]1CC[C@H](CC1)NC(=O)Cn2ccc3cc(Cl)ccc23,CHEMBL2013020,Ki,9.52
9729504,Cc1nc(N2CCCCC2)c3[nH]c(cc3n1)c4ccc(F)cc4,CHEMBL138379,IC50,9.52
9729515,Cc1nc(N2CCCCC2)c3[nH]c(cc3n1)c4cccc(F)c4,CHEMBL343817,IC50,9.52
9729526,Cc1nc(N2CCCCC2)c3[nH]c(cc3n1)c4oc5ccccc5c4,CHEMBL135143,IC50,9.52
9729537,Clc1ccc2SC(=O)N(CC(=O)N3CCC(CC3)C(=O)Nc4ccc(Cl)c5ccccc45)c2c1,CHEMBL275841,IC50,9.64
9729548,CCCCCc1cc2[nH]c(C)nc(N3CCCCC3)c2n1,CHEMBL342438,IC50,9.7
9729559,CS(=O)(=O)N1CC2(CCN(CC2)C(=O)Nc3ccc(Cl)c(Cl)c3)c4ccccc14,CHEMBL492370,IC50,9.7
