id,smiles,name,assay_type,activity_value
331934,COc1cccc(OC)c1c2cc(nn2c3ccc(cc3C(C)C)C(=O)N(C)CCCN(C)C)C(=O)NC4(C5CC6CC(CC4C6)C5)C(=O)O,CHEMBL3040381,Ki,7.13
332074,COc1cccc(OC)c1c2cc(nn2c3ccc(cc3C(C)C)C(=O)N(C)CCCN(C)CCCCc4cn(nn4)[C@@H]5O[C@H](CO)[C@@H](O)[C@H](O)[C@H]5F)C(=O)NC6(C7CC8CC(CC6C8)C7)C(=O)O,CHEMBL3086356,Ki,7.16
331848,[Cl-].CC(C)C[C@H](NC(=O)[C@@H](NC(=O)[C@H](Cc1ccc(O)cc1)NC(=O)[C@@H]2CCCN2C(=O)[C@H](CCCNC(=N)N)NC(=O)[C@@H](C)CCC[N+](C)(C)C)C(C)(C)C)C(=O)O,CHEMBL1172376,EC50,7.27
331859,CC[C@H](C)[C@H](NC(=O)C[C@H](Cc1ccc(O)cc1)NC(=O)[C@@H]2CCCN2C(=O)[C@H](CCCNC(=N)N)NC(=O)[C@@H](N)CCCNC(=N)N)C(=O)N[C@@H](CC(C)C)C(=O)O,CHEMBL1766937,Ki,7.36
9312392,CC(C)C[C@H](NC(=O)[C@H](CC(C)(C)C)NC(=C)[C@H](Cc1cccc2ccccc12)NC(=O)[C@@H]3CCCN3C(=O)[C@H](CCCNC(=N)N)NC(=O)[C@@H](C)CCCNC(=N)N)C(=O)O,CHEMBL1766947,Ki,7.47
331870,CC[C@H](C)[C@H](NC(=O)[C@H](Cc1ccc(O)cc1)NC(=O)[C@@H]2CCCN2C(=O)[C@H](CCCNC(=N)N)NC(=O)[C@@H](N)CCCNC(=N)N)C(=O)N[C@@H](CC(C)C)CC(=O)O,CHEMBL1766939,Ki,7.6
331945,CC[C@H](C)[C@H](NC(=O)[C@H](Cc1ccc(O)cc1)NC(=O)[C@@H]2CCCN2C(=O)C[C@H](CCCNC(=N)N)NC(=O)[C@@H](N)CCCNC(=N)N)C(=O)N[C@@H](CC(C)C)C(=O)O,CHEMBL1766936,Ki,7.8
331902,CC(C)C[C@H](NC(=O)[C@@H](NC(=O)[C@H](Cc1ccc(O)cc1)NC(=O)[C@@H]2CCCN2C(=O)[C@@H](N)CCC\N=C(\N)/NC(=O)[C@@H](N)CCCCCN)C(C)(C)C)C(=O)O,CHEMBL335846,IC50,7.96
332117,CC[C@H](C)[C@H](NC(=O)[C@H](Cc1ccc(O)cc1)NC(=O)[C@@H]2CCCN2C(=O)[C@@H](N)CCC\N=C(\N)/NC(=O)[C@@H](N)CCCCCNC)C(=O)N[C@@H](CC(C)C)C(=O)O,CHEMBL133849,IC50,8.16
9312411,CC[C@H](C)[C@H](CC(=O)N[C@@H](CC(C)C)C(=O)O)NC(=O)[C@H](Cc1ccc(O)cc1)NC(=O)[C@@H]2CCCN2C(=O)[C@H](CCCNC(=N)N)NC(=O)[C@@H](N)CCCNC(=N)N,CHEMBL1766938,Ki,8.27
332225,CC[C@H](C)[C@H](NC(=O)[C@H](Cc1ccc(O)cc1)NC(=O)[C@@H]2CCCN2C(=O)[C@@H](N)CCCNC(=N)NC(=O)[C@@H](N)CCC[N+](C)(C)C)C(=O)N[C@@H](CC(C)C)C(=O)O,CHEMBL129953,IC50,8.28
332204,CC[C@H](C)[C@H](NC(=O)[C@H](Cc1ccc(O)cc1)NC(=O)[C@@H]2CCCN2C(=O)[C@@H](N)CCC\N=C(\N)/NC(=O)[C@@H](N)CCCN(C)C)C(=O)N[C@@H](CC(C)C)C(=O)O,CHEMBL133378,IC50,8.29
332291,CC[C@H](C)[C@H](NC(=O)[C@H](Cc1ccc(O)cc1)NC(=O)[C@@H]2CCCN2C(=O)[C@@H](N)CCC\N=C(\N)/NC(=O)[C@@H](N)CCCCCN(C)C)C(=O)N[C@@H](CC(C)C)C(=O)O,CHEMBL133850,IC50,8.46
332312,CC[C@H](C)[C@H](NC(=O)[C@H](Cc1ccc(O)cc1)NC(=O)[C@@H]2CCCN2C(=O)[C@@H](N)CCC\N=C(\N)/NC(=O)[C@@H](N)CCCNC)C(=O)N[C@@H](CC(C)C)C(=O)O,CHEMBL133340,IC50,8.46
332030,CC[C@H](C)[C@H](NC(=O)[C@H](Cc1ccc(O)cc1)NC(=O)[C@@H]2CCCN2C(=O)[C@@H](N)CCCNC(=N)NC(=O)[C@@H](N)CCCC[N+](C)(C)C)C(=O)N[C@@H](CC(C)C)C(=O)O,CHEMBL133798,IC50,8.5
332128,CC[C@H](C)[C@H](NC(=O)[C@H](Cc1ccc(O)cc1)NC(=O)[C@@H]2CCCN2C(=O)[C@@H](N)CCCNC(=N)NC(=O)[C@@H](N)CCCCC[N+](C)(C)C)C(=O)N[C@@H](CC(C)C)C(=O)O,CHEMBL132794,IC50,8.51
332096,CC[C@H](C)[C@H](NC(=O)[C@H](Cc1ccc(O)cc1)NC(=O)[C@@H]2CCCN2C(=O)[C@@H](N)CCC\N=C(\N)/NC(=O)[C@@H](N)CCCN)C(=O)N[C@@H](CC(C)C)C(=O)O,CHEMBL339139,IC50,8.52
332171,CC[C@H](C)[C@H](NC(=O)[C@H](Cc1ccc(O)cc1)NC(=O)[C@@H]2CCCN2C(=O)[C@@H](N)CCC\N=C(\N)/NC(=O)[C@@H](N)CCCCN(C)C)C(=O)N[C@@H](CC(C)C)C(=O)O,CHEMBL132507,IC50,8.55
331999,CC[C@H](C)[C@H](NC(=O)[C@H](Cc1ccc(O)cc1)NC(=O)[C@@H]2CCCN2C(=O)[C@H](CCCNC(=N)N)NC(=O)[C@@H](N)CCCN\C(=N\C(=O)NCCCCNC(=O)CC)\N)C(=O)N[C@@H](CC(C)C)C(=O)O.OC(=O)C(F)(F)F.OC(=O)C(F)(F)F.OC(=O)C(F)(F)F,CHEMBL3786291,Ki,8.6
332258,CC[C@H](C)[C@H](NC(=O)[C@H](Cc1ccc(O)cc1)NC(=O)[C@@H]2CCCN2C(=O)[C@@H](N)CCC\N=C(\N)/NC(=O)[C@@H](N)CCCCN)C(=O)N[C@@H](CC(C)C)C(=O)O,CHEMBL430910,IC50,8.68
332236,CC[C@H](C)[C@H](NC(=O)[C@H](Cc1ccc(O)cc1)NC(=O)[C@@H]2CCCN2C(=O)[C@@H](N)CCC\N=C(\N)/NC(=O)[C@@H](N)CCCCNC)C(=O)N[C@@H](CC(C)C)C(=O)O,CHEMBL337260,IC50,8.75
332182,CC[C@H](C)[C@H](NC(=O)[C@H](Cc1ccc(O)cc1)NC(=O)[C@@H]2CCCN2C(=O)[C@@H](N)CCC\N=C(\N)/NC(=O)[C@@H](N)CCCN=C(N)N)C(=O)N[C@@H](CC(C)C)C(=O)O,CHEMBL132409,IC50,9.05
332269,CC[C@H](C)[C@H](NC(=O)[C@H](Cc1ccc(O)cc1)NC(=O)[C@@H]2CCCN2C(=O)[C@@H](N)CCC\N=C(\N)/NC(=O)[C@@H](N)CCCNC3NCCN3)C(=O)N[C@@H](CC(C)C)C(=O)O,CHEMBL132524,IC50,9.11
332019,CC[C@H](C)[C@H](NC(=O)[C@H](Cc1ccc(O)cc1)NC(=O)[C@@H]2CCCN2C(=O)[C@H](CCCNC(=N)N)NC(=O)[C@@H](N)CCCN\C(=N\C(=O)NCCCCN)\N)C(=O)N[C@@H](CC(C)C)C(=O)O.OC(=O)C(F)(F)F.OC(=O)C(F)(F)F.OC(=O)C(F)(F)F.OC(=O)C(F)(F)F,CHEMBL3786852,Ki,9.13
332193,CC[C@H](C)[C@H](NC(=O)[C@H](Cc1ccc(O)cc1)NC(=O)[C@@H]2CCCN2C(=O)[C@@H](N)CCC\N=C(\N)/NC(=O)[C@@H](N)CCCCCN)C(=O)N[C@@H](CC(C)C)C(=O)O,CHEMBL337644,IC50,9.16
332280,CC[C@H](C)[C@H](NC(=O)[C@H](Cc1ccc(O)cc1)NC(=O)[C@@H]2CCCN2C(=O)[C@@H](N)CCC\N=C(\N)/NC(=O)[C@@H](N)CCC\N=C(\N)/NC)C(=O)N[C@@H](CC(C)C)C(=O)O,CHEMBL434227,IC50,9.17
332323,CC[C@H](C)[C@H](NC(=O)[C@H](Cc1ccc(O)cc1)NC(=O)[C@@H]2CCCN2C(=O)[C@H](CCCNC(=N)N)NC(=O)C[C@@H](N)CCCNC(=N)N)C(=O)N[C@@H](CC(C)C)C(=O)O,CHEMBL1766935,Ki,9.22
332052,CC[C@H](C)[C@H](NC(=O)[C@H](Cc1ccc(O)cc1)NC(=O)[C@@H]2CCCN2C(=O)[C@@H](N)CCC\N=C(\N)/NC(=O)[C@@H](N)CCCN3CCN=C3N)C(=O)N[C@@H](CC(C)C)C(=O)O,CHEMBL337721,IC50,9.64
