id,smiles,name,assay_type,activity_value
1719423,CO[C@@]12CC[C@@]3(C[C@@H]1[C@](C)(O)C(C)(C)C)[C@H]4Cc5ccc(O)c6O[C@@H]2[C@]3(CCN4CC7CC7)c56,buprenorphine,Ki,7.11
9337540,CC(=O)NC[C@]1(C[C@H]2CC[C@@H](C1)N2C(c3ccccc3Cl)c4ccccc4Cl)c5ccc(cn5)N6CCCCC6,CHEMBL3349271,Ki,7.0
9337551,CC(C)(C)C1CCC(CC1)N2CCC(CC2)(C(=O)N)c3ccccc3F,CHEMBL271779,Ki,7.0
9337562,CCC(CC)N1CCN(CCC(=O)N2C(Cc3ccccc23)C(=O)N(C)C)CC1,CHEMBL2064137,Ki,7.0
4067486,CCCCN(C[C@H](O)CN1CN(c2ccccc2)C3(CCN(CCc4ccccc4c5cccs5)CC3)C1=O)Cc6ccccc6,CHEMBL3394745,IC50,7.0
1753903,CNC(=O)CN1C(=O)N(C2CCN(CCC(Oc3cc(OC)ccc3C)C(C)C)CC2)c4ccccc14,CHEMBL391487,Ki,7.0
9337577,COC(=O)CN1C(=O)C2(CCN(CC3CCC(CC3)C(C)(C)C)CC2)c4ccccc14,CHEMBL197942,IC50,7.0
9337588,COC(=O)CN1C(=O)C2(CCN(CC3CCCCCCC3)CC2)c4ccccc14,CHEMBL434944,IC50,7.0
9337599,COc1ccc(cc1)N2CNC(=O)C23CCN(CC3)C4Cc5cccc6cccc4c56,CHEMBL305861,Ki,7.0
9337610,Clc1ccccc1C(N2C3CCC2CC(C3)(C#N)c4ccccc4)c5ccccc5Cl,CHEMBL468953,Ki,7.0
9337621,CCC\N=C\c1ccc(OCc2ccccc2C(=O)Nc3ccc4nc(C)cc(N)c4c3)cc1,CHEMBL1762389,IC50,7.01
9337632,CN(C)CCOCCc1cccc2[nH]c(cc12)c3onc(CCc4ccc(Cl)cc4)n3,CHEMBL379048,IC50,7.01
4066573,CN(C)[C@@]1(CC[C@@]2(CC1)OCCc3c2[nH]c4ccc(F)cc34)c5ccccc5.OC(=O)CC(O)(CC(=O)O)C(=O)O,CHEMBL3325958,Ki,7.01
9337645,CO[C@]12C=C[C@@]3(C[C@]1(C)[C@H](O)c4ccccc4)[C@H]5Cc6ccc(O)c7O[C@@H]2[C@]3(CCN5CC8CC8)c67,CHEMBL3581740,Ki,7.01
1395288,Clc1cc2OCOc2cc1CN3CCC4(CC3)N(CNC4=O)c5ccccc5,CHEMBL115652,IC50,7.01
9337658,CN(C)CCc1cccc2[nH]c(cc12)c3onc(CCc4ccc(Cl)cc4)n3,CHEMBL209537,IC50,7.02
4062155,COc1ccc(C)c(OC(CCN2CCC(CC2)N3C(=O)N(Cc4ncn(C)n4)c5ccccc35)C(C)C)c1,CHEMBL406409,Ki,7.02
9337671,FCC(CF)n1c(CNC2CCCC2)nc(c3ccc(Cl)cc3Cl)c1c4ccc(Cl)cc4,CHEMBL557729,IC50,7.02
9337682,CCC(N1CC[C@H]1[C@H](N)c2cccc(Cl)c2)c3ccccc3,CHEMBL320804,Ki,7.03
9337693,CC[C@H](C)[C@H](NC(=O)[C@H](CCCNC(=N)N)NC(=O)[C@H](Cc1ccc(O)cc1)NC(=O)[C@H](Cc2ccccc2)NC(=O)[C@H](CCCNC(=N)N)NC(=O)C(CC)CC)C(=O)N[C@@H](CCCCN)C(=O)N,CHEMBL443765,IC50,7.03
9337704,Cc1ccc(cc1)[C@H](N)[C@@H]2CCN2C(c3ccccc3)c4ccccc4,CHEMBL110126,Ki,7.03
9337715,OCCn1cc(C2CCN(CC2)C3Cc4cccc5cccc3c45)c6cccnc16,CHEMBL212630,Ki,7.03
9337726,CC(C)C1CCC(CC1)N2CCC(CC2)(C(=O)N)c3ccccc3,CHEMBL272896,Ki,7.04
9337737,CC(C)(C)C1CCC(CC1)N2CCC3(CC2)C(=O)NCc4cc(F)ccc34,CHEMBL272592,Ki,7.05
9337748,CCN1[C@@H]2CCCC[C@H]2N(C3CCN(CC3)C4CCC(CC4)C(C)C)C1=O,CHEMBL282195,Ki,7.05
9337759,Cc1ccc(CCc2ccccc2C(=O)Nc3ccc4nc(C)cc(N)c4c3)cc1,CHEMBL343424,Ki,7.05
9337770,O=C1N(CC2CCCCC2)CN(c3ccccc3)C14CCN(CC4)C(c5ccccc5)c6ccccc6,CHEMBL515554,Ki,7.05
9337780,O=C1Nc2ncccc2N(C3CCN(CC3)C4CCCCCCC4)C1=O,CHEMBL3665435,Ki,7.05
9337790,COC(=O)N[C@@]1(C[C@H]2CC[C@@H](C1)N2C(c3ccccc3Cl)c4ccccc4Cl)c5ccccn5,CHEMBL3084551,EC50,7.06
9337801,COc1ccccc1C2(O)CCN(CC2)C(c3ccccc3)c4ccccc4,CHEMBL233493,Ki,7.07
9337812,Nc1ccnc2ccc(NC(=O)c3ccccc3COc4ccc(Cl)cc4)cc12,CHEMBL143243,Ki,7.07
9337823,CCCNCc1ccc(OCc2ccccc2C(=O)Nc3ccc4nc(C)cc(N)c4c3)cc1,CHEMBL1762397,IC50,7.08
9337834,CCN1CN(c2ccccc2)C3(CCN(CC3)C(c4ccccc4)c5ccccc5)C1=O,CHEMBL474091,Ki,7.08
9337845,Cc1cc(N)c2cc(NC(=O)c3ccccc3COc4ccc(N)cc4)ccc2n1,CHEMBL422641,Ki,7.08
9337856,Cc1cc(N)c2cc(NC(=O)c3ccccc3COc4ccc(\C=N\CCCCCCCCC\N=C\c5ccc(OCc6ccccc6C(=O)Nc7ccc8nc(C)cc(N)c8c7)cc5)cc4)ccc2n1,CHEMBL1762379,IC50,7.08
9337867,Cc1cc(N)c2cc(NC(=O)c3ccccc3COc4ccc(\C=N\CCCCCC\N=C\c5ccc(OCc6ccccc6C(=O)Nc7ccc8nc(C)cc(N)c8c7)cc5)cc4)ccc2n1,CHEMBL1762376,IC50,7.08
9337878,Clc1cccc(Cl)c1C2CCN(CCCNC(=O)[C@@H]3CCCN3Cc4ccccc4)CC2,CHEMBL1783827,Ki,7.08
9337889,O=C(NCCCN1CCC2(CC1)CCc3ccccc23)c4ccccc4OCc5ccccc5,CHEMBL201805,IC50,7.08
9337900,O=C1N(CC2CC2)CN(c3ccccc3)C14CCN(CC4)C(c5ccccc5)c6ccccc6,CHEMBL472677,Ki,7.08
9337911,O=C1N(CC2CO2)c3ccccc3C14CCN(CC5CCCCCCC5)CC4,CHEMBL198867,IC50,7.08
4071318,O=S1(=O)NCc2ccccc2N1C3CCN(CCC(c4ccccc4)c5ccccc5)CC3,CHEMBL362160,Ki,7.08
9337924,CC(C)(C)C1CCC(CC1)N2CCC3(CC2)C(=O)N(Cc4ccccc4)Cc5cccc(F)c35,CHEMBL259473,Ki,7.09
9337935,COC(=O)C1(CCCCCCC1)N2CCC(CC2)n3c(nc4ccccc34)N5CCN(C)CC5,CHEMBL1650846,Ki,7.09
9337946,COc1ccc(CCOC[C@H](O)CN2CN(c3ccc(F)cc3)C4(CCN(CC5CCCCCCC5)CC4)C2=O)cc1OC,CHEMBL3394755,IC50,7.09
9337957,Cc1cc(N)c2cc(NC(=O)c3ccccc3COc4ccc(\C=N\CCCCCCCCCC\N=C\c5ccc(OCc6ccccc6C(=O)Nc7ccc8nc(C)cc(N)c8c7)cc5)cc4)ccc2n1,CHEMBL1762380,IC50,7.09
9337968,Cn1cc(C2CCN(CC2)C3Cc4cccc5cccc3c45)c6cccnc16,CHEMBL379657,Ki,7.09
9337979,NC[C@]1(C[C@H]2CC[C@@H](C1)N2C(c3ccccc3Cl)c4ccccc4Cl)c5cccnc5,CHEMBL3349251,Ki,7.09
9337990,CCCC(N1CC[C@H]1[C@H](N)c2cccc(Cl)c2)c3ccccc3,CHEMBL106366,Ki,7.1
9338001,CO[C@]12C=C[C@@]3(C[C@]1(C)[C@H](O)c4cccc(C)c4)[C@H]5Cc6ccc(O)c7O[C@@H]2[C@]3(CCN5CC8CC8)c67,CHEMBL3581741,Ki,7.1
9338012,CO[C@]12CC[C@@]3(C[C@]1(C)[C@H](O)c4ccccc4)[C@H]5Cc6ccc(O)c7O[C@@H]2[C@]3(CCN5CC8CC8)c67,CHEMBL3581750,Ki,7.1
9338023,Cc1cc(N)c2cc(NC(=O)c3ccccc3CCc4ccccc4)ccc2n1,CHEMBL358306,Ki,7.1
9338034,NC(=O)[C@@]1(C[C@H]2CC[C@@H](C1)N2C(c3ccccc3Cl)c4ccccc4Cl)c5ccncc5,CHEMBL3084560,Ki,7.1
4081582,COC(=O)C(CCN1CCC(O)(CC1)c2cccc(c2)C(F)(F)F)(c3ccccc3)c4ccccc4,CHEMBL364625,Ki,7.11
9338049,Cc1ccccc1CSc2nc3cc(F)c(cc3[nH]2)N4CCNCC4,CHEMBL405078,IC50,7.11
4071490,Cl.CN(C)[C@@]1(CC[C@H](CC1)OCc2ccccc2)c3ccccc3,CHEMBL3325748,Ki,7.11
4076809,CCC1C(=O)N(C2CCN(CCC(c3ccccc3)c4ccccc4)CC2)c5ccccc15,CHEMBL3262549,Ki,7.12
9338064,Cc1cc(N)c2cc(NC(=O)c3ccccc3COc4ccc(CNCCCCCNCc5ccc(OCc6ccccc6C(=O)Nc7ccc8nc(C)cc(N)c8c7)cc5)cc4)ccc2n1,CHEMBL1762383,IC50,7.12
9338075,Cc1cc(N)c2cc(NC(=O)c3ccccc3COc4ccc(CNCCCNCc5ccc(OCc6ccccc6C(=O)Nc7ccc8nc(C)cc(N)c8c7)cc5)cc4)ccc2n1,CHEMBL1762381,IC50,7.12
9338086,CO[C@]12CC[C@@]3(C[C@@H]1[C@](C)(O)c4cccs4)[C@H]5Cc6ccc(O)c7O[C@@H]2[C@]3(CCN5CC8CC8)c67,CHEMBL3262372,Ki,7.13
9338097,Cc1c(CNC2CCCCC2)nn(c3ccc(Cl)cc3Cl)c1c4ccc(Cl)cc4,CHEMBL467049,IC50,7.13
9338108,Cc1ccc2NC[C@]3(C[C@H]4CC[C@@H](C3)N4C(c5ccccc5Cl)c6ccccc6Cl)c2c1,CHEMBL3349285,Ki,7.13
9338119,NC(=O)[C@@]1(C[C@H]2CC[C@@H](C1)N2C(c3ccccc3Cl)c4ccccc4Cl)c5ccc(cn5)C#N,CHEMBL3084536,Ki,7.13
9338130,CC(=O)N[C@@H](CCCNC(=O)N)C(=O)N[C@H](CC1CCCCC1)C(=O)N[C@H]2CC[C@H]3CCC[C@H](N3C2=O)C(=O)N[C@H](CCCN=C(N)N)C(=O)N[C@H](Cc4ccc(Cl)cc4)C(=O)N,CHEMBL3144468,Ki,7.14
9338141,CCC(CC)Sc1nc2cc(Cl)c(cc2[nH]1)N3CCN(CCO)C(C)(C)C3,CHEMBL525054,IC50,7.14
9338152,CCCOC1(CCN(CC1)C(c2ccccc2)c3ccccc3)c4ccccc4,CHEMBL229017,Ki,7.14
9338163,Cc1cc(N)c2cc(NC(=O)c3ccccc3COc4ccc(CNCCCCCCNCc5ccc(OCc6ccccc6C(=O)Nc7ccc8nc(C)cc(N)c8c7)cc5)cc4)ccc2n1,CHEMBL1762384,IC50,7.14
9338174,Cc1ccc(cn1)c2c(C)c(CNC3CCCC3)nn2c4ncccc4S(=O)(=O)C,CHEMBL494414,IC50,7.14
9338185,NC(=O)[C@@]1(C[C@H]2CC[C@@H](C1)N2C(c3ccccc3Cl)c4ccccc4Cl)c5ccc(O)cn5,CHEMBL3084535,Ki,7.14
9338196,CC(=O)N1CCCCC1C2C[C@@H]3CC[C@@H](C2)N3C(c4ccccc4Cl)c5ccccc5Cl,CHEMBL551454,Ki,7.15
4069209,CC(C)[C@@H]1CC[C@H](CC1)N2CCC(CC2)N3C(=O)Cc4ccccc34,CHEMBL99738,Ki,7.15
9338209,CN(C)CCc1cccc2[nH]c(cc12)c3onc(CCCC4CCCCC4)n3,CHEMBL211254,IC50,7.15
9338220,Clc1ccccc1C(N2[C@@H]3CC[C@H]2C[C@@](CN4CCCC4)(C3)c5ccccc5)c6ccccc6Cl,CHEMBL3349279,Ki,7.16
9338231,Clc1ccccc1C(N2[C@@H]3CC[C@H]2C[C@H](C3)c4ccncc4)c5ccccc5Cl,CHEMBL3084642,Ki,7.16
9338242,CCc1ccc(cn1)c2c(C)c(CNC3CCCC3)nn2c4ncccc4Cl,CHEMBL494768,IC50,7.17
9338252,COC(=O)C1(CCCCCCC1)N2CCC(CC2)N3C(=O)CC(=O)Nc4ccc(F)cc34,CHEMBL3670297,Ki,7.17
4071141,CO[C@]12CC[C@@]3(C[C@@H]1[C@@](C)(O)C(C)(C)C)[C@H]4Cc5c(Cl)cc(O)c6O[C@@H]2[C@]3(CCN4CC7CC7)c56,CHEMBL1834415,Ki,7.17
9338264,Clc1ccccc1C(N2[C@@H]3CC[C@H]2C[C@@](CN4CCCC4=O)(C3)c5ccccc5)c6ccccc6Cl,CHEMBL3349280,Ki,7.17
9338275,CC(C)N1CN(c2ccccc2)C3(CCN(CC3)C(c4ccccc4)c5ccccc5)C1=O,CHEMBL472676,Ki,7.18
9338286,CC(C)C1CCC(CC1)N2CCC(CC2)(C(=O)NCc3ccccc3)c4ccccc4,CHEMBL449966,Ki,7.19
9338297,N[C@@H]([C@@H]1CCN1C(c2cccc(F)c2)c3cccc(F)c3)c4cccc(Cl)c4,CHEMBL324897,Ki,7.19
9338307,O=C1Nc2ccccc2N(C3CCN(CC3)C4CCCCCCC4)C1=O,CHEMBL3665419,Ki,7.19
9338317,CC(C)C1CCC(CC1)N2CCC(CC2)N3c4ccccc4CN(CC(=O)OC(C)(C)C)S3(=O)=O,CHEMBL181545,Ki,7.2
9338328,Cc1cc(N)c2cc(NC(=O)c3ccccc3COc4ccc(\C=N\CCCCCCC\N=C\c5ccc(OCc6ccccc6C(=O)Nc7ccc8nc(C)cc(N)c8c7)cc5)cc4)ccc2n1,CHEMBL1762377,IC50,7.2
9338339,Fc1ccc(CSc2nc3cc(F)c(cc3[nH]2)N4CCNCC4)cc1,CHEMBL259065,IC50,7.2
9338349,Fc1cccc2N(C3CCN(CC3)C4CCCCCCC4)C(=O)C(=O)Nc12,CHEMBL3665420,Ki,7.2
9338359,NC(=O)[C@@]1(C[C@H]2CC[C@@H](C1)N2C(c3ccccc3Cl)c4ccccc4Cl)c5ccc(Br)cn5,CHEMBL3084531,EC50,7.2
9338370,CC(C)(C)C1(O)CCN(CC1)C(c2ccccc2)c3ccccc3,CHEMBL234771,Ki,7.21
9338381,CN(C)C[C@@H](O)Cn1cc(C2CCN(CC2)C3Cc4cccc5cccc3c45)c6ccc(F)cc16,CHEMBL379971,Ki,7.21
9338392,CN(C)Cc1cccc2[nH]c(cc12)c3onc(CCc4ccc(Cl)cc4)n3,CHEMBL377736,IC50,7.21
9338403,CN1CCC(CC1)c2cccc3[nH]c(cc23)c4onc(CCc5ccc(Cl)cc5)n4,CHEMBL379284,IC50,7.21
9338414,CNC(=O)CN1C(=O)N(C2CCN(CC2)C3CCCC3(C)C)c4ccccc14,CHEMBL1087531,Ki,7.21
9338425,CO[C@]12CC[C@@]3(C[C@]1(C)[C@H](O)c4cccc(F)c4)[C@H]5Cc6ccc(O)c7O[C@@H]2[C@]3(CCN5CC8CC8)c67,CHEMBL3581757,Ki,7.21
9338436,COc1ccc(nc1)[C@]2(CNC(=O)C)C[C@H]3CC[C@@H](C2)N3C(c4ccccc4Cl)c5ccccc5Cl,CHEMBL3349269,Ki,7.21
9338447,O=C1NCN(c2ccccc2)C13CCN(CC4CCCCC4)CC3,CHEMBL240001,Ki,7.21
4066628,CCC(Oc1cc(C)ccc1Cl)C(O)CN2CCC(CC2)n3c(O)nc4ccccc34,CHEMBL183323,Ki,7.22
4068225,COc1ccc(CNC[C@H](O)CN2CN(c3ccccc3)C4(CCN(CCc5ccccc5c6cccs6)CC4)C2=O)cc1,CHEMBL3394743,IC50,7.22
9338462,C[C@@H]1CN(CC#N)CCN1c2cc3[nH]c(SC(C)(C)C)nc3cc2Cl,CHEMBL466427,IC50,7.22
9338473,Cc1c(CNC2CCCC2)nn(c1c3cccnc3)c4ncccc4Cl,CHEMBL492396,IC50,7.22
9338484,O=C(CNCc1ccccc1)NCCCN2CCC3(CC2)OCc4ccccc34,CHEMBL1783819,Ki,7.22
9338495,CCOC1(CCN(CC1)C(c2ccccc2)c3ccccc3)c4ccccc4,CHEMBL229016,Ki,7.23
1751230,Cc1cc(F)ccc1C2CCN(CC3Cc4ccccc4CN3)CC2,CHEMBL3786469,IC50,7.23
9338745,N[C@@H](Cc1ccccc1)C(=O)NCCCN2CCC3(CC2)OCc4ccccc34,CHEMBL1783818,Ki,7.23
9338756,N[C@H](Cc1ccccc1)C(=O)NCCCN2CCC3(CC2)OCc4ccccc34,CHEMBL1783817,Ki,7.23
9338767,CC1(CCN(C[C@@H]2CCc3cccnc3[C@@H](O)C2)CC1)c4ccccc4,CHEMBL518922,Ki,7.24
9338778,CCCCN1CN(c2ccccc2)C3(CCN(CC3)C(c4ccccc4)c5ccccc5)C1=O,CHEMBL514606,Ki,7.24
9338789,CCN(C)CCc1cccc2[nH]c(cc12)c3onc(CCc4ccc(Cl)cc4)n3,CHEMBL210292,IC50,7.24
9338800,Cc1ccc(cc1F)[C@H](N)[C@@H]2CCN2C(c3ccccc3)c4ccccc4,CHEMBL108894,Ki,7.24
9338811,Clc1cccc2c(c[nH]c12)C3CCN(CC3)C4Cc5cccc6cccc4c56,CHEMBL208862,Ki,7.24
9338822,Fc1ccc(C[C@]2(CN3CCCC3)C[C@H]4CC[C@@H](C2)N4C(c5ccccc5Cl)c6ccccc6Cl)cc1,CHEMBL3349262,Ki,7.24
9338833,CC(C)CCN1CN(c2ccccc2)C3(CCN(CC3)C(c4ccccc4Cl)c5ccccc5Cl)C1=O,CHEMBL475497,Ki,7.25
9338844,COC(=O)N[C@]1(Cc2ccc(Cl)cc2)C[C@H]3CC[C@@H](C1)N3C(c4ccccc4Cl)c5ccccc5Cl,CHEMBL3084558,Ki,7.25
9338855,CO[C@]12CC[C@@]3(C[C@]1(C)[C@H](O)c4ccc(C)cc4)[C@H]5Cc6ccc(O)c7O[C@@H]2[C@]3(CCN5CC8CC8)c67,CHEMBL3581753,Ki,7.25
9338866,CO[C@]12CC[C@@]3(C[C@]1(C)[C@H](O)c4ccc(F)cc4)[C@H]5Cc6ccc(O)c7O[C@@H]2[C@]3(CCN5CC8CC8)c67,CHEMBL3581754,Ki,7.25
9338877,Cc1cc(N)c2cc(NC(=O)c3ccccc3COc4ccc(CNCCCCNCc5ccc(OCc6ccccc6C(=O)Nc7ccc8nc(C)cc(N)c8c7)cc5)cc4)ccc2n1,CHEMBL1762382,IC50,7.25
9338887,O=C1Nc2ccccc2N([C@H]3C[C@@H]4C=C[C@H](C3)N4C5CCCCC\C=C/5)C1=O,CHEMBL3665444,Ki,7.25
9338897,CN(C)C[C@@]1(Cc2ccccc2)C[C@H]3CC[C@@H](C1)N3C(c4ccccc4Cl)c5ccccc5Cl,CHEMBL3349246,Ki,7.26
9338908,Cc1ccc(cc1)C2(O)CCN(CC2)C(c3ccccc3)c4ccccc4,CHEMBL393985,Ki,7.26
9338919,Fc1cc2nc(SCc3c(Cl)cccc3Cl)[nH]c2cc1N4CCNCC4,CHEMBL260822,IC50,7.26
9338930,COC1(CCN(CC1)C(c2ccccc2)c3ccccc3)c4ccccc4,CHEMBL228965,Ki,7.27
1744005,Oc1cccc2CC(CN3CCC4(CC3)CCc5ccccc45)NCc12,CHEMBL3785718,IC50,7.27
9338943,CC(C)C(CCN1CCC(CC1)n2c(O)nc3ccccc23)Oc4ccc(F)c(C)c4,CHEMBL179797,Ki,7.28
9338954,Cc1ccc(cc1)C(N2CCC(O)(CC2)c3ccccc3)c4ccccc4,CHEMBL228793,Ki,7.28
9338965,Fc1ccc2c(c[nH]c2c1)C3CCN(CC3)C4Cc5cccc6cccc4c56,CHEMBL377237,Ki,7.28
9338975,O=C1N(CC#N)c2ccccc2N(C3CCN(CC3)C4CCCCCCC4)C1=O,CHEMBL3665433,Ki,7.28
9338985,O=C1N(CC2CCC2)CN(c3ccccc3)C14CCN(CC4)C(c5ccccc5)c6ccccc6,CHEMBL515901,Ki,7.28
9338996,CC(C)(C)C1CCC(CC1)N2CCC3(CC2)C(=O)N(Cc4ccccc4)Cc5ccccc35,CHEMBL272805,Ki,7.29
9339007,Cc1cc(N)c2cc(NC(=O)c3ccccc3COc4ccc(\C=N\CCCCC\N=C\c5ccc(OCc6ccccc6C(=O)Nc7ccc8nc(C)cc(N)c8c7)cc5)cc4)ccc2n1,CHEMBL1762375,IC50,7.29
9339018,Cc1ccccc1[C@H]2CCN(C[C@H]3C[C@H](O)c4ncccc4C3)C[C@@H]2O,CHEMBL488655,Ki,7.29
9339028,O=C1CC(=O)N(C2CCN(CC2)C3CCCCCCC3)c4cccnc4N1,CHEMBL3665441,Ki,7.29
9339038,O=C1N[C@@H]2CCCC[C@H]2N1C3CCN(CC3)C4CCC5CCCCC5C4,CHEMBL2113262,Ki,7.29
9339049,OC1(CCN(CC1)C(c2ccccc2)c3ccccc3)c4ccc(Br)cc4,CHEMBL232067,Ki,7.29
9339060,Cc1cc(N)c2cc(NC(=O)c3ccccc3COc4ccccc4)ccc2n1,CHEMBL336238,Ki,7.3
9339071,Cc1cccnc1[C@]2(CN)C[C@H]3CC[C@@H](C2)N3C(c4ccccc4Cl)c5ccccc5Cl,CHEMBL3349265,Ki,7.3
9339082,Clc1ccccc1C(N2[C@@H]3CC[C@H]2C[C@@]4(CNc5ccccc45)C3)c6ccccc6Cl,CHEMBL3349283,Ki,7.3
9339093,O=C(NCCCN1CCC2(CC1)CCc3ccccc23)[C@H]4CCC(=O)N4Cc5ccccc5,CHEMBL202204,IC50,7.3
9339104,C(CNC[C@H]1CCCN1Cc2ccccc2)CN3CCC4(CC3)OCc5ccccc45,CHEMBL1783821,Ki,7.31
9339115,CCCCC(N1CC[C@H]1[C@H](N)c2cccc(Cl)c2)c3cc(F)cc(F)c3,CHEMBL108900,Ki,7.31
9339126,CCCCN1CN(c2ccccc2)C3(CCN(CC3)C(c4ccccc4Cl)c5ccccc5Cl)C1=O,CHEMBL475496,Ki,7.31
9339137,CN(C)CCc1cccc2[nH]c(cc12)c3onc(CCc4ccc(cc4)C(F)(F)F)n3,CHEMBL209213,IC50,7.31
9339148,Cc1ccccc1C2CCN(C[C@@H]3CCc4cccnc4C(=O)C3)CC2,CHEMBL471301,Ki,7.31
9339159,Fc1ccc(cc1)C(N2CCC3(CC2)N(CNC3=O)c4ccccc4)c5ccc(F)cc5,CHEMBL391703,Ki,7.31
9339170,CO[C@]12CC[C@@]3(C[C@]1(C)[C@H](O)c4cccc(Cl)c4)[C@H]5Cc6ccc(O)c7O[C@@H]2[C@]3(CCN5CC8CC8)c67,CHEMBL3581756,Ki,7.32
9339181,Cc1cc(N)c2cc(NC(=O)c3ccccc3COc4ccc(\C=N\CCC\N=C\c5ccc(OCc6ccccc6C(=O)Nc7ccc8nc(C)cc(N)c8c7)cc5)cc4)ccc2n1,CHEMBL1762373,IC50,7.32
9339192,NCCN1CN(c2ccccc2)C3(CCN(CC3)C(c4ccccc4Cl)c5ccccc5Cl)C1=O,CHEMBL472867,Ki,7.32
9339203,OC1(CCN(CC1)C(c2ccccc2)c3ccccc3)c4cccs4,CHEMBL233323,Ki,7.32
9339214,CCCC(C)C(=O)N[C@@H](CCCNC(=N)N)C(=O)N[C@@H](Cc1ccccc1)C(=O)N[C@@H](Cc2ccc(O)cc2)C(=O)N[C@@H](CCCNC(=N)N)C(=O)N[C@@H]([C@@H](C)CC)C(=O)N[C@@H](CCCCN)C(=O)N,CHEMBL437601,IC50,7.33
4065516,COc1ccc(C)c(OC(CCN2CCC(CC2)N3C(=O)Nc4ccccc34)C(C)C)c1,CHEMBL427683,Ki,7.33
9339227,Cc1cc(N)c2cc(NC(=O)c3ccccc3COc4ccc(O)cc4)ccc2n1,CHEMBL139566,Ki,7.33
4072288,Cc1cc(O)cc(C)c1C[C@H](N)C(=O)N[C@H](CCCNC(=N)N)C(=O)N[C@H]2Cc3ccccc3CN(CCC(=O)N[C@@H](CCCNC(=N)N)C(=O)N[C@@H](Cc4ccc(O)cc4)C(=O)N[C@@H](Cc5ccc(O)cc5)C(=O)N[C@@H](CCCNC(=N)N)C(=O)N[C@@H](Cc6c[nH]c7ccccc67)C(=O)N[C@@H](CCCNC(=N)N)C(=O)N)C2=O,CHEMBL3808523,Ki,7.33
9339240,NC(=O)[C@@]1(C[C@H]2CC[C@@H](C1)N2C(c3ccccc3Cl)c4ccccc4Cl)c5ncc(F)cc5F,CHEMBL3084543,Ki,7.33
9339251,O=C(NCCCN1CCC2(CC1)CCc3ccccc23)[C@@H]4CCCN4Cc5ccccc5,CHEMBL370870,IC50,7.33
9339262,CC[C@H](C)[C@H](NC(=O)[C@H](CCCNC(=N)N)NC(=O)[C@H](Cc1ccc(O)cc1)NC(=O)[C@H](Cc2ccccc2)NC(=O)[C@H](CCCNC(=N)N)NC(=O)C(C)(C)CC)C(=O)N[C@@H](CCCCN)C(=O)N,CHEMBL403588,IC50,7.34
9339273,COc1ccc(C)c(OC(CCN2CCC(CC2)N3C(=O)N(CCN(C)Cc4ccccc4)c5ccccc35)C(C)C)c1,CHEMBL439035,Ki,7.34
9339284,O.OC(=O)C(=O)O.O=C1NCN(c2ccccc2)C13CCN(CC3)[C@@H]4CCOc5ccccc45,CHEMBL3585403,EC50,7.34
9339294,O=S1(=O)NCc2ccccc2N1C3CCN(CC3)C4Cc5ccccc5C4,CHEMBL184328,Ki,7.34
4062757,NC(=N)NCCCCC(=O)N[C@H](CC1CCCCC1)C(=O)N[C@H]2CC[C@H]3CCC[C@H](N3C2=O)C(=O)N[C@H](CCCNC(=O)N)C(=O)N[C@H](Cc4ccc(Cl)cc4)C(=O)N,CHEMBL3144465,Ki,7.35
4063155,CC(=O)N[C@@H](CCCN=C(N)N)C(=O)N[C@@H](CC1CCCCC1)C(=O)N[C@H]2CC[C@H]3SC[C@H](N3C2=O)C(=O)N[C@H](CCCN=C(N)N)C(=O)NC(Cc4ccc(Cl)cc4)C(=O)N,CHEMBL266609,Ki,7.36
4073184,CNC(=O)CN1N=C(c2ccccc2)C3(CCN(CC3)C4CCC(CC4)C(C)(C)C)C1=O,CHEMBL1079940,Ki,7.36
9339311,CO[C@]12CC[C@@]3(C[C@]1(C)[C@H](O)c4ccc(Cl)s4)[C@H]5Cc6ccc(O)c7O[C@@H]2[C@]3(CCN5CC8CC8)c67,CHEMBL3581760,Ki,7.36
9339322,NC(=O)[C@@]1(C[C@H]2CC[C@@H](C1)N2C(c3ccccc3Cl)c4ccccc4Cl)c5ccc(Cl)cn5,CHEMBL3084530,EC50,7.36
4078895,CO[C@]12CC[C@@]3(C[C@@H]1[C@](C)(O)c4ccccc4)[C@H]5Cc6ccc(O)c7O[C@@H]2[C@]3(CCN5CC8CC8)c67,CHEMBL3262089,Ki,7.37
9339334,OC(=O)C1=Nc2ccccc2N([C@H]3C[C@H]4CC[C@@H](C3)N4C5CCCCCCCCCCC5)C1=O,CHEMBL3647963,Ki,7.37
9339344,CC(C)(C)C1CCC(CC1)N2CCC3(CC2)C(=O)NCc4ccccc34,CHEMBL272640,Ki,7.38
4069458,CC(C)C(CCN1CCC(CC1)n2c(O)nc3ccccc23)Oc4ccccc4C,CHEMBL369786,Ki,7.38
4074366,CC[C@H](C)[C@H](NC(=O)[C@H](CCCNC(=N)N)NC(=O)[C@H](Cc1ccc(O)cc1)NC(=O)[C@H](Cc2ccc(O)cc2)NC(=O)[C@H](CCCNC(=N)N)NC(=O)CCN3Cc4ccccc4C[C@H](NC(=O)[C@@H](CCCNC(=N)N)NC(=O)[C@@H](N)Cc5c(C)cc(O)cc5C)C3=O)C(=O)N[C@@H](CCCCN)C(=O)N,CHEMBL3808415,Ki,7.38
9339359,CN(C)[C@@]1(C[C@H]2CC[C@@H](C1)N2C(c3ccccc3Cl)c4ccccc4Cl)c5ccccn5,CHEMBL3084553,Ki,7.38
9339370,COc1ccc(C)c(OC(CCN2CCC(CC2)N3C(=O)N(Cc4nnc(C)[nH]4)c5ccccc35)C(C)C)c1,CHEMBL258897,Ki,7.38
9339381,OC1(CCN(CC1)C(c2ccc(F)cc2)c3ccc(F)cc3)c4ccccc4,CHEMBL228913,Ki,7.38
4065580,CC(C)(C)NC[C@@H](O)CN1CN(c2ccccc2)C3(CCN(CCc4ccccc4c5cccs5)CC3)C1=O,CHEMBL3394752,IC50,7.39
9339394,COC(=O)CN1Cc2ccccc2N(C3CCN(CC3)C4CCC(CC4)C(C)C)S1(=O)=O,CHEMBL364844,Ki,7.39
9339405,OC1(CCN(CC1)C(C2CCCC2)c3ccccc3)c4ccccc4,CHEMBL231608,Ki,7.39
4064710,CC(C)CCC(C)N1CCC(CC1)N2c3ccccc3CNS2(=O)=O,CHEMBL184381,Ki,7.4
4069011,CC1CC(=O)N(C2CCN(CC2)C3CCCCCCC3)c4ccccc14,CHEMBL2387200,Ki,7.4
9339420,CN1CCN(CC1)c2[nH]ccc3nc(cc23)c4onc(CCc5ccc(Cl)cc5)n4,CHEMBL211390,IC50,7.4
9339431,Fc1ccccc1N2CNC(=O)C23CCN(CC3)C4Cc5cccc6cccc4c56,CHEMBL431002,Ki,7.4
9339442,NC(=O)C1(CC2CCC(C1)N2C(c3ccccc3Cl)c4ccccc4Cl)c5ccc(Br)cc5,CHEMBL511223,Ki,7.4
4065291,CC(C)C(CCN1CCC(CC1)n2c(O)nc3ccccc23)Oc4cc(C)ccc4[N+](=O)[O-],CHEMBL182202,Ki,7.41
9339455,CC(C)C1CCC(CC1)N2CCC(CC2)N3[C@@H]4CCCC[C@H]4NC3=O,CHEMBL286411,Ki,7.41
9339466,CCNC[C@]1(Cc2ccccc2)C[C@H]3CC[C@@H](C1)N3C(c4ccccc4Cl)c5ccccc5Cl,CHEMBL3349245,Ki,7.41
9339477,CC[C@H](C)[C@H](NC(=O)[C@H](CCCNC(=N)N)NC(=O)[C@H](Cc1ccc(O)cc1)NC(=O)[C@H](Cc2ccc(O)cc2)NC(=O)[C@@H](N)CCCNC(=N)N)C(=O)N[C@@H](CCCCN)C(=O)N,CHEMBL3810101,Ki,7.41
9339488,Fc1ccc2NC[C@]3(C[C@H]4CC[C@@H](C3)N4C(c5ccccc5Cl)c6ccccc6Cl)c2c1,CHEMBL3349284,Ki,7.41
9339499,CC1CN(CC(=O)C)CCN1c2cc3[nH]c(SC(C)(C)C)nc3cc2Cl,CHEMBL466631,IC50,7.42
4070754,Cc1cc(O)cc(C)c1C[C@H](N)C(=O)N[C@H](CCCNC(=N)N)C(=O)N[C@H]2Cc3ccccc3CN(CCC(=O)N[C@@H](CCCNC(=N)N)C(=O)N[C@@H](Cc4ccc(O)cc4)C(=O)N[C@@H](Cc5c(C)cc(O)cc5C)C(=O)N[C@@H](CCCNC(=N)N)C(=O)N[C@@H](Cc6c[nH]c7ccccc67)C(=O)N[C@@H](CCCNC(=N)N)C(=O)N)C2=O,CHEMBL3810104,Ki,7.42
9339512,Cc1ccc(Cl)c(OC(C(O)CN2CCC(CC2)n3c(O)nc4ccccc34)c5ccccc5)c1,CHEMBL182328,Ki,7.42
4078008,Oc1nc2ccccc2n1C3CCN(Cc4cc5OCOc5cc4Cl)CC3,CHEMBL114379,IC50,7.42
4069077,CCc1ccccc1OC(CCN2CCC(CC2)n3c(O)nc4ccccc34)C(C)C,CHEMBL181830,Ki,7.43
9339527,CN1C(=O)C2(CCN(CC3CCCCCCC3)CC2)c4c(C)cccc14,CHEMBL437505,IC50,7.43
9339538,COc1ccc(C)c(OC(CCN2CCC(CC2)N3C(=O)N(Cc4noc(C)n4)c5ccccc35)C(C)C)c1,CHEMBL438919,Ki,7.43
1732737,Cc1c(CNC2CCCC2)nn(c3ccc(Cl)cc3Cl)c1c4cccnc4,CHEMBL468937,IC50,7.43
9339551,Cc1cc2ccc(NC(=O)c3ccccc3COc4ccc(Cl)cc4)cc2c(N)n1,CHEMBL140580,Ki,7.43
9339562,Cc1cccc(SC[C@H](O)CN2CN(c3ccc(F)cc3)C4(CCN(CC5CCCCCCC5)CC4)C2=O)c1,CHEMBL3394754,IC50,7.43
9339573,N[C@H]([C@@H]1CCN1C(c2ccccc2)c3ccccc3)c4cccc(Cl)c4,CHEMBL324635,Ki,7.43
9339584,Cc1ccc(cn1)c2c(C)c(CNC3CCCC3)nn2c4ncccc4C(F)(F)F,CHEMBL522021,IC50,7.44
9339595,N[C@]1(Cc2ccc(Cl)cc2)C[C@H]3CC[C@@H](C1)N3C(c4ccccc4Cl)c5ccccc5Cl,CHEMBL3084557,Ki,7.44
9339606,O=C1NCN(c2ccccc2)C13CCN(CC3)C4c5ccccc5C=Cc6ccccc46,CHEMBL241067,Ki,7.44
9339617,Cc1cc(N)c2cc(NC(=O)c3ccccc3COc4ccc(\C=N\CCCC\N=C\c5ccc(OCc6ccccc6C(=O)Nc7ccc8nc(C)cc(N)c8c7)cc5)cc4)ccc2n1,CHEMBL1762374,IC50,7.45
9339627,O=C1CC(=O)N(C2CCN(CC2)C3CCCCCCC3)c4ccccc4N1,CHEMBL3665425,Ki,7.45
9339637,CC(=O)NC[C@]1(C[C@H]2CC[C@@H](C1)N2C(c3ccccc3Cl)c4ccccc4Cl)c5cccnc5,CHEMBL3349252,Ki,7.46
9339648,CC(=O)N[C@@H](CCCN=C(N)N)C(=O)N[C@@H](CC1CCCCC1)C(=O)NC2CC[C@H]3CCC[C@H](N3C2=O)C(=O)N[C@H](CCCN=C(N)N)C(=O)NC(Cc4ccc(Cl)cc4)C(=O)N,CHEMBL355931,Ki,7.46
9339659,CNC(=O)CN1C(=O)N(C2CCN(CC2)C3CCCCCC3)c4ccccc14,CHEMBL1086622,Ki,7.46
9339670,OC1(CCN(CC1)C(c2ccccc2)c3cccs3)c4ccccc4,CHEMBL228740,Ki,7.46
1743611,Oc1ccc(Br)c2CC(CN3CCC4(CC3)CCc5ccccc45)NCc12,CHEMBL3785095,IC50,7.46
4065899,CC(=O)N[C@@H](CCCN=C(N)N)C(=O)N[C@@H](CC1CCCCC1)C(=O)N[C@H]2CC[C@@H]3SC[C@@H](N3C2=O)C(=O)N[C@H](CCCN=C(N)N)C(=O)NC(Cc4ccc(Cl)cc4)C(=O)N,CHEMBL358403,Ki,7.47
4065910,CC(=O)N[C@@H](CCCN=C(N)N)C(=O)N[C@H](CC1CCCCC1)C(=O)N[C@H]2CC[C@@H]3SC[C@H](N3C2=O)C(=O)N[C@H](CCCN=C(N)N)C(=O)NC(Cc4ccc(Cl)cc4)C(=O)N,CHEMBL3144471,Ki,7.47
9339687,CCCCCC(N1CC[C@H]1[C@H](N)c2cccc(Cl)c2)c3ccccc3,CHEMBL108995,Ki,7.47
9339698,CCCCN(C[C@H](O)CN1CN(c2ccc(F)cc2)C3(CCN(CC4CCCCCCC4)CC3)C1=O)Cc5ccccc5,CHEMBL3394742,IC50,7.47
9339709,CCCN1CN(c2ccccc2)C3(CCN(CC3)C(c4ccccc4)c5ccccc5)C1=O,CHEMBL475308,Ki,7.47
9339720,CO[C@]12C=C[C@@]3(C[C@]1(C)[C@H](O)c4ccc(F)cc4)[C@H]5Cc6ccc(O)c7O[C@@H]2[C@]3(CCN5CC8CC8)c67,CHEMBL3581743,Ki,7.47
9339731,Fc1ccc(nc1)[C@H]2C[C@H]3CC[C@@H](C2)N3C(c4ccccc4Cl)c5ccccc5Cl,CHEMBL3084673,Ki,7.47
9339742,NC[C@@]1(Cc2ccc(F)cc2)C[C@H]3CC[C@@H](C1)N3C(c4ccccc4Cl)c5ccccc5Cl,CHEMBL3349260,Ki,7.47
9339753,OC1(CCN(CC1)C(c2ccccc2)c3ccccc3)c4ccccc4F,CHEMBL232476,Ki,7.47
4068764,CC(C)C1CCC(CC1)N2CCC(CC2)N3c4ccccc4CN(CC#N)S3(=O)=O,CHEMBL185415,Ki,7.48
9339766,CC(C)n1c(CNC2CCCC2)nc(c3ccc(Cl)cc3Cl)c1c4ccc(Cl)cc4,CHEMBL560937,IC50,7.48
9339777,Cc1c(CN[C@H]2CC[C@@H](F)C2)nn(CCS(=O)(=O)C)c1c3cc(F)cc(F)c3,CHEMBL560469,IC50,7.48
9339788,Cc1ccc(cn1)c2c(C)c(CNC3CCCC3)nn2c4ncccc4C,CHEMBL494413,IC50,7.48
9339799,Cc1cc(N)c2cc(NC(=O)c3ccccc3COc4ccc(CNCCCCCCCCCCNCc5ccc(OCc6ccccc6C(=O)Nc7ccc8nc(C)cc(N)c8c7)cc5)cc4)ccc2n1,CHEMBL1762388,IC50,7.49
9339809,Fc1ccc2NC(=O)CC(=O)N(C3CCN(CC3)C4CCCCCCC4)c2c1,CHEMBL3665427,Ki,7.49
4067212,CC(C)C(CCN1CCC(CC1)n2c(O)nc3ccccc23)Oc4ccc(F)cc4C,CHEMBL367367,Ki,7.5
9339821,CN(C)C(=O)C1Cc2ccccc2N1C(=O)CCN3CCC(CC3)c4ccccc4C(F)(F)F,CHEMBL2064141,Ki,7.5
9339832,CN1C(=O)C2(CCN(CC3CCCCCCC3)CC2)c4ccccc14,CHEMBL194200,IC50,7.5
9339843,Cc1cc(N)c2cc(NC(=O)c3ccccc3COc4ccc(CNCCCCCCCCNCc5ccc(OCc6ccccc6C(=O)Nc7ccc8nc(C)cc(N)c8c7)cc5)cc4)ccc2n1,CHEMBL1762386,IC50,7.5
9339854,CC(=O)NC[C@]1(C[C@H]2CC[C@@H](C1)N2C(c3ccccc3Cl)c4ccccc4Cl)c5ccc(F)cc5,CHEMBL3349281,Ki,7.51
9339865,CN1CN(c2ccccc2)C3(CCN(CC3)C(c4ccccc4)c5ccccc5)C1=O,CHEMBL510201,Ki,7.51
4068049,CNC(=O)CN1C(=O)N(C2CCN(CC2)[C@@H]3CC[C@H](CC3)C(C)C)c4ccccc14,CHEMBL1080484,Ki,7.51
9339878,Cc1ccc(CSc2nc3cc(F)c(cc3[nH]2)N4CCNCC4)cc1,CHEMBL407653,IC50,7.51
4065831,NC(=O)C1(CC2CCC(C1)N2C(c3ccccc3Cl)c4ccccc4Cl)c5ccc(Cl)cc5,CHEMBL467131,Ki,7.51
9339891,NC(=O)[C@@]1(C[C@H]2CC[C@@H](C1)N2C(c3ccccc3Cl)c4ccccc4Cl)c5ccc(N)cn5,CHEMBL3084534,Ki,7.51
9339902,N[C@H]([C@@H]1CCN1C(c2ccccc2)c3ccccc3)c4cccc(c4)C(F)(F)F,CHEMBL316961,Ki,7.51
9339913,CCCCC(N1CC[C@H]1[C@H](N)c2cccc(Cl)c2)c3ccccc3,CHEMBL108893,Ki,7.52
9339925,CCc1ccc(OCc2ccccc2C(=O)Nc3ccc4nc(C)cc(N)c4c3)cc1,CHEMBL140979,IC50,7.52
9339936,Cc1cc(N)c2cc(NC(=O)c3ccccc3COc4ccc(CNCCCCCCCNCc5ccc(OCc6ccccc6C(=O)Nc7ccc8nc(C)cc(N)c8c7)cc5)cc4)ccc2n1,CHEMBL1762385,IC50,7.52
9339947,O=C(NCCCN1CCC2(CC1)CCc3ccccc23)[C@H]4OC(=O)N[C@H]4Cc5ccccc5,CHEMBL381287,IC50,7.52
9339958,O[C@H]1C[C@H](CN2CCC(CC2)c3ccccc3)CCc4cccnc14,CHEMBL487827,Ki,7.52
1747492,CC(=O)N1Cc2ccccc2CC1CN3CCC4(CC3)CCc5ccccc45,CHEMBL3787051,Ki,7.53
4062319,COc1ccc(C)c(OC(CCN2CCC(CC2)N3C(=O)N(Cc4onc(C)n4)c5ccccc35)C(C)C)c1,CHEMBL259157,Ki,7.53
4067179,O=C1Cc2ccccc2N1C3CCN(CC3)C4CCc5ccccc5C4,CHEMBL101676,Ki,7.53
9339975,CCCCNC(=O)CN1C(=O)N(C2CCN(CCC(Oc3cc(OC)ccc3C)C(C)C)CC2)c4ccccc14,CHEMBL240298,Ki,7.54
9339986,CC[C@H](C)[C@@H](NC(=O)[C@H](CCCNC(=N)N)NC(=O)[C@H](Cc1ccc(O)cc1)NC(=O)[C@H](Cc2ccc(O)cc2)NC(=O)[C@H](CCCNC(=N)N)NC(=O)C)C(=O)N[C@@H](CCCCN)C(=O)N,CHEMBL3809510,EC50,7.54
4064990,CNC(=O)CN1C(=O)N(C2CCN(Cc3cccc4ccccc34)CC2)c5ccccc15,CHEMBL1080507,Ki,7.54
9339999,COc1ccc(C)c(OC(CCN2CCC(CC2)N3C(=O)N(CC(=O)NCc4ccccc4)c5ccccc35)C(C)C)c1,CHEMBL238600,Ki,7.54
4066803,COc1ccc(C)c(OC(CCN2CCC(CC2)N3C(=O)N(Cc4ccncc4)c5ccccc35)C(C)C)c1,CHEMBL409351,Ki,7.54
1743712,Cc1cc(F)ccc1C2CCN(CC3Cc4c(Cl)ccc(O)c4CN3)CC2,CHEMBL3785952,IC50,7.54
9340014,Cc1cccnc1[C@H]2C[C@H]3CC[C@@H](C2)N3C(c4ccccc4Cl)c5ccccc5Cl,CHEMBL3084672,Ki,7.54
9340025,NC[C@]1(C[C@H]2CC[C@@H](C1)N2C(c3ccccc3Cl)c4ccccc4Cl)c5cccc(F)n5,CHEMBL3349255,Ki,7.54
4062472,O=S1(=O)NCc2ccccc2N1C3CCN(CC3)C4CCC5CCCCC5C4,CHEMBL184234,Ki,7.54
4066560,Oc1nc2ccccc2n1[C@@H]3CCN4[C@H](CCC[C@H]4C5CCCCC5)C3,CHEMBL54735,Ki,7.54
9340040,CC(C)CC(Oc1cc(C)ccc1Cl)C(O)CN2CCC(CC2)n3c(O)nc4ccccc34,CHEMBL178318,Ki,7.55
4068451,CNC(=O)CN1C(=O)OC2(CCN(CC2)C3CCCCCCCCC3)c4ccccc14,CHEMBL1080463,Ki,7.55
9340053,Cc1c(CNC2CCCC2)nc(c3ccc(Cl)cc3Cl)n1c4ccc(Cl)cc4,CHEMBL560875,IC50,7.55
1754760,Cc1c(CNC2CCCC2)nn(c3ccc(Cl)cc3Cl)c1c4ccc(Cl)cc4,CHEMBL512827,IC50,7.55
9340066,Cc1cc(N)c2cc(NC(=O)c3ccccc3COc4ccc(CNCCCCCCCCCNCc5ccc(OCc6ccccc6C(=O)Nc7ccc8nc(C)cc(N)c8c7)cc5)cc4)ccc2n1,CHEMBL1762387,IC50,7.55
9340077,O=C1Cc2ccccc2N1C3CCN(C[C@@H]4CC5CCC4C5)CC3,CHEMBL2111608,Ki,7.55
9340088,CC(=O)NC[C@]1(C[C@H]2CC[C@@H](C1)N2C(c3ccccc3Cl)c4ccccc4Cl)C5CCCCN5,CHEMBL3349259,Ki,7.57
9340099,CC(=O)NC[C@]1(C[C@H]2CC[C@@H](C1)N2C(c3ccccc3Cl)c4ccccc4Cl)c5ccc(Br)cn5,CHEMBL3349270,Ki,7.57
4062483,CC(=O)N[C@@H](CCCN=C(N)N)C(=O)N[C@H](CC1CCCCC1)C(=O)N[C@H]2CC[C@H]3CCC[C@H](N3C2=O)C(=O)N[C@H](CCCN=C(N)N)C(=O)N[C@H](Cc4ccc(Cl)cc4)C(=O)N,CHEMBL3144469,Ki,7.57
4076351,CC(N1CCC(CC1)N2C(=O)Cc3ccccc23)c4ccccc4,CHEMBL2387192,Ki,7.57
1731991,CCN1CCN(CC1)c2cc3[nH]c(nc3cc2Cl)C(=O)[C@@]4(C)CC[C@@](C)(O)CC4,CHEMBL511742,IC50,7.57
9340116,C[C@@H]1CN(CCC#N)CCN1c2cc3[nH]c(SC(C)(C)C)nc3cc2Cl,CHEMBL466630,IC50,7.57
4070764,Cc1cc(O)cc(C)c1C[C@H](N)C(=O)N[C@H](CCCNC(=N)N)C(=O)N[C@H]2Cc3ccccc3CN(CCC(=O)N[C@@H](CCCNC(=N)N)C(=O)N[C@@H](Cc4ccc(O)cc4)C(=O)N[C@@H](Cc5ccc(F)cc5)C(=O)N[C@@H](CCCNC(=N)N)C(=O)N[C@@H](Cc6c[nH]c7ccccc67)C(=O)N[C@@H](CCCNC(=N)N)C(=O)N)C2=O,CHEMBL3808398,Ki,7.57
9340129,Cc1cccc(c1)C2(O)CCN(CC2)C(c3ccccc3)c4ccccc4,CHEMBL437380,Ki,7.57
9340140,CN(C)C(=O)C1Cc2ccccc2N1C(=O)CCN3CCC(CC3)c4ccccc4,CHEMBL2064139,Ki,7.58
9340151,CN(C)C(=O)C1Cc2ccccc2N1C(=O)CCN3CCC(CC3)c4ccccc4F,CHEMBL2064140,Ki,7.58
9340162,CC(C)C1CCC(CC1)N2CCC3(CC2)C(=O)N(Cc4ccccc4)Cc5cc(F)ccc35,CHEMBL412290,Ki,7.59
9340173,CCCCC(N1CC[C@H]1[C@H](N)c2cccc(Cl)c2)c3cccc(F)c3,CHEMBL110379,Ki,7.59
9340184,COCCN1CN(c2ccccc2)C3(CCN(CC3)C(c4ccccc4Cl)c5ccccc5Cl)C1=O,CHEMBL516024,Ki,7.59
9340195,COc1ccc(cc1)[C@@H](O)[C@@]2(C)C[C@]34CC[C@]2(OC)[C@@H]5Oc6c(O)ccc7C[C@H]3N(CC8CC8)CC[C@@]45c67,CHEMBL3581755,Ki,7.59
9340206,Cc1ccc(cn1)n2c(C)c(CNC3CCCC3)nc2c4ncccc4Cl,CHEMBL554299,IC50,7.59
9340217,Cc1ccccc1CNC[C@@H](O)CN2CN(c3ccccc3)C4(CCN(CCc5ccccc5c6cccs6)CC4)C2=O,CHEMBL3394750,IC50,7.59
9340228,OC1(CCN(CC1)C(c2ccccc2)c3cccc(Cl)c3)c4ccccc4,CHEMBL390498,Ki,7.59
4064968,CC(C)C(CCN1CCC(CC1)n2c(O)nc3ccccc23)Oc4cc(C)ccc4F,CHEMBL361576,Ki,7.6
9340241,CC(C)[C@@H]1CC[C@@H](CC1)N2CCC3(CC2)N(CN(CCCCCCCCCN4CN(c5ccccc5)C6(CCN(CC6)[C@@H]7CC[C@@H](CC7)C(C)C)C4=O)C3=O)c8ccccc8,CHEMBL1762371,IC50,7.6
4066759,CC(N1CCC(CC1)n2c(O)nc3ccccc23)c4ccccc4Cl,CHEMBL146054,EC50,7.6
9340254,Cc1ccccc1C2CCN(C[C@@H]3CCc4cccnc4C5(C3)OCCO5)CC2,CHEMBL512530,Ki,7.6
9340265,Fc1cccc(n1)[C@H]2C[C@H]3CC[C@@H](C2)N3C(c4ccccc4Cl)c5ccccc5Cl,CHEMBL3084661,Ki,7.6
9340276,CC(=O)NC[C@]1(C[C@H]2CC[C@@H](C1)N2C(c3ccccc3Cl)c4ccccc4Cl)c5cccc(F)n5,CHEMBL3349256,Ki,7.62
4068893,CC(C)C(CCN1CCC(CC1)n2c(O)nc3ccccc23)Oc4ccccc4C(F)(F)F,CHEMBL183135,Ki,7.62
4081335,CCC(=O)N(c1ccccc1)[C@]2(CCN(CCc3ccccc3)C[C@H]2C)C(=O)OC,CHEMBL28198,Ki,7.62
9340291,Cc1ccccc1C2CCN(C[C@@H]3CCc4cccnc4C(C)(O)C3)CC2,CHEMBL471981,Ki,7.62
9340302,O=C(NCCCN1CCC2(CC1)CCc3ccccc23)[C@H]4COC(=O)N4Cc5ccccc5,CHEMBL202492,IC50,7.62
9340313,OC1(CCN(CC1)C(c2ccccc2)c3ccccc3)c4ccc(Cl)cc4,CHEMBL392753,Ki,7.62
9340324,Oc1ccc(nc1)[C@H]2C[C@H]3CC[C@@H](C2)N3C(c4ccccc4Cl)c5ccccc5Cl,CHEMBL3084655,Ki,7.62
9340334,Br.Cc1ccccc1C(N2CCC(O)(CC2)c3ccccc3)c4ccccc4,CHEMBL541636,Ki,7.64
9340344,CC(C)C1CCC(CC1)N2CCC(CC2)N3C(=O)C(=O)Nc4ccccc34,CHEMBL3665422,Ki,7.64
9340354,CC(C)C1CCC(CC1)N2CCC3(CC2)C(=O)NCc4cc(F)ccc34,CHEMBL407846,Ki,7.64
9340365,CCCCC1(O)CCN(CC1)C(c2ccccc2)c3ccccc3,CHEMBL397761,Ki,7.64
9340376,CN1C(=O)C2(CCN(CC3CCCCCCC3)CC2)c4cc(F)ccc14,CHEMBL197727,IC50,7.64
9340387,COc1ccc(C)c(OC(CCN2CCC(CC2)N3C(=O)N(CC(=O)NC4CCC4)c5ccccc35)C(C)C)c1,CHEMBL238819,Ki,7.64
9340398,CSc1ccc(nc1)[C@H]2C[C@H]3CC[C@@H](C2)N3C(c4ccccc4Cl)c5ccccc5Cl,CHEMBL3084666,Ki,7.64
9340409,C[C@@H]1CN(CC(F)F)CCN1c2cc3[nH]c(SC(C)(C)C)nc3cc2Cl,CHEMBL450887,IC50,7.64
9340420,Fc1cc2nc(SCc3ccccc3Cl)[nH]c2cc1N4CCNCC4,CHEMBL260821,IC50,7.64
9340432,O=C1NCN(c2ccccc2)C13CCN(CC3)C(c4ccccc4)c5ccccc5,CHEMBL240657,Ki,7.64
9340443,OC1(CCN(CC1)C(c2ccccc2)c3ccccc3)c4cccc(F)c4,CHEMBL395838,Ki,7.64
9340454,CCCCCC(=O)N[C@@H](CCCNC(=N)N)C(=O)N[C@@H](Cc1ccccc1)C(=O)N[C@@H](Cc2ccc(O)cc2)C(=O)N[C@@H](CCCNC(=N)N)C(=O)N[C@@H]([C@@H](C)CC)C(=O)N[C@@H](CCCCN)C(=O)N,CHEMBL438383,IC50,7.66
9340465,CCN1CCN(CC1)c2cc3[nH]c(SC(C)(C)C)nc3cc2Cl,CHEMBL466020,IC50,7.66
4069950,CNC(=O)CN1Cc2ccccc2N(C3CCN(Cc4ccc(C)c5ccccc45)CC3)C1=O,CHEMBL1079941,Ki,7.66
4076543,CO[C@]12CC[C@@]3(C[C@@H]1[C@](C)(O)CC(C)(C)c4ccccc4)[C@H]5Cc6ccc(O)c7O[C@@H]2[C@]3(CCN5CC8CC8)c67,CHEMBL1834411,Ki,7.66
9340480,COc1ccc(C)c(OC(CCN2CCC(CC2)N3C(=O)N(CC(=O)N(C)C)c4ccccc34)C(C)C)c1,CHEMBL392548,Ki,7.66
9340491,COc1ccc(C)c(OC(CCN2CCC(CC2)N3C(=O)N(Cc4cc(C)on4)c5ccccc35)C(C)C)c1,CHEMBL410706,Ki,7.66
4065527,COc1ccc(cc1)C2(CC3CCC(C2)N3C(c4ccccc4Cl)c5ccccc5Cl)C(=O)N,CHEMBL512612,Ki,7.66
9340504,COc1ccc(nc1)[C@]2(C[C@H]3CC[C@@H](C2)N3C(c4ccccc4Cl)c5ccccc5Cl)C(=O)N,CHEMBL3084533,Ki,7.66
9340515,Clc1ccccc1C(N2[C@@H]3CC[C@H]2C[C@H](C3)c4ccc(Br)cn4)c5ccccc5Cl,CHEMBL3084656,Ki,7.66
9340525,O=C1Cc2ccccc2N1C3CCN(C[C@H]4CC5CCC4C5)CC3,CHEMBL2112407,Ki,7.66
9340536,CC[C@H](C)[C@H](NC(=O)[C@H](CCCNC(=N)N)NC(=O)[C@H](Cc1ccc(O)cc1)NC(=O)[C@H](Cc2ccccc2)NC(=O)[C@H](CCCNC(=N)N)NC(=O)C(C)CC)C(=O)N[C@@H](CCCCN)C(=O)N,CHEMBL270394,IC50,7.67
1738190,Oc1ccc(Cl)c2CC(CN3CCC4(CC3)CCc5ccccc45)NCc12,CHEMBL3785560,IC50,7.67
9340549,CCN1CCN(CC1)c2cc3[nH]c(SC(C)(C)CCNC(=O)OC)nc3cc2Cl,CHEMBL466221,IC50,7.68
9340560,CN1Cc2ccccc2C3(CCN(CC3)C4CCC(CC4)C(C)(C)C)C1=O,CHEMBL272390,Ki,7.68
4069523,CNC(=O)CN1Cc2ccccc2N(C3CCN(CC3)C4CCC(CC4)C(C)C)C1=O,CHEMBL1082092,Ki,7.68
9340573,Cc1cc(F)ccc1[C@H]2CCN(C[C@H]3C[C@H](O)c4ncccc4C3)C[C@@H]2O,CHEMBL487457,Ki,7.68
4072651,Clc1ccc(Cl)c2C[C@@H](CCc12)N3CCC4(CC3)N(CNC4=O)c5ccccc5,CHEMBL418020,Ki,7.68
9340586,O=C(NCCCN1CCC2(CC1)CCc3ccccc23)c4ccccc4Cc5ccccc5,CHEMBL202322,IC50,7.68
9340597,OC1(CCN(CC1)C(c2ccccc2Br)c3ccccc3Br)c4ccccc4,CHEMBL389666,Ki,7.68
4072964,CC(C)C1CCC(CC1)N2CCC(CC2)N3C(=O)CCc4ccccc34,CHEMBL2387198,Ki,7.69
9340610,Cc1cc(N)c2cc(NC(=O)c3ccccc3COc4cccc(Cl)c4)ccc2n1,CHEMBL143605,Ki,7.69
9340621,CC(=O)NC[C@@]1(C[C@H]2CC[C@@H](C1)N2C(c3ccccc3Cl)c4ccccc4Cl)c5ccccc5,CHEMBL3084527,Ki,7.7
9340632,CC(=O)NC[C@]1(C[C@H]2CC[C@@H](C1)N2C(c3ccccc3Cl)c4ccccc4Cl)c5ccccc5,CHEMBL3349276,Ki,7.7
4068420,CCCC(Oc1cc(C)ccc1Cl)C(O)CN2CCC(CC2)n3c(O)nc4ccccc34,CHEMBL182410,Ki,7.7
9340645,CCNC[C@]1(C[C@H]2CC[C@@H](C1)N2C(c3ccccc3Cl)c4ccccc4Cl)c5cccc(OC)n5,CHEMBL3349264,Ki,7.7
9340656,CN(C)[C@@]1(CC[C@H](CC1)OCCc2c[nH]c3ccccc23)c4ccccc4,CHEMBL3326225,Ki,7.7
9340667,COC(=O)NC[C@]1(C[C@H]2CC[C@@H](C1)N2C(c3ccccc3Cl)c4ccccc4Cl)c5ccccc5,CHEMBL3349277,Ki,7.7
9340678,COCCNC(=O)CN1C(=O)N(C2CCN(CCC(Oc3cc(OC)ccc3C)C(C)C)CC2)c4ccccc14,CHEMBL241157,Ki,7.7
9340689,COc1ccc(C)c(OC(CCN2CCC(CC2)N3C(=O)N(CC(=O)NC(C)C)c4ccccc34)C(C)C)c1,CHEMBL240941,Ki,7.7
1735236,Cc1ccccc1N2CCN(C[C@@H]3CCc4cccnc4[C@@H](O)C3)CC2,CHEMBL487826,Ki,7.7
9340702,NC(=O)[C@@]1(C[C@H]2CC[C@@H](C1)N2C(c3ccccc3Cl)c4ccccc4Cl)c5ccc(F)cn5,CHEMBL3084529,EC50,7.7
9340713,OCCN1CCN(CC1)c2cc3[nH]c(SC4CCCCC4)nc3cc2Cl,CHEMBL408901,IC50,7.7
9340724,O\N=C\C1(CC2CCC(C1)N2C(c3ccccc3Cl)c4ccccc4Cl)c5ccccc5,CHEMBL467119,Ki,7.7
4076153,CCN1C(=O)N([C@@H]2CCN3[C@H](CCC[C@H]3c4ccccc4)C2)c5ccccc15,CHEMBL52604,Ki,7.71
9340737,COC(=O)CN1CN(c2ccccc2)C3(CCN(CC3)C(c4ccccc4Cl)c5ccccc5Cl)C1=O,CHEMBL516077,Ki,7.71
9340748,CC(=O)N[C@@]1(C[C@H]2CC[C@@H](C1)N2C(c3ccccc3Cl)c4ccccc4Cl)c5ccccn5,CHEMBL3084549,EC50,7.72
9340759,CCCC(N1CCC(O)(CC1)c2ccccc2)c3ccccc3,CHEMBL230145,Ki,7.72
9340770,CCCNC(=O)CN1C(=O)N(C2CCN(CCC(Oc3cc(OC)ccc3C)C(C)C)CC2)c4ccccc14,CHEMBL240086,Ki,7.72
4065644,CN1Cc2ccccc2CC1CN3CCC4(CC3)CCc5ccccc45,CHEMBL3786338,Ki,7.72
4078535,CNC(=O)CN1CN(c2ccccc2)C3(CCN(Cc4cc5OCOc5cc4Cl)CC3)C1=O,CHEMBL115222,IC50,7.72
9340785,NC(=O)[C@@]1(C[C@H]2CC[C@@H](C1)N2C(c3ccccc3Cl)c4ccccc4Cl)c5cc(CF)c(F)cn5,CHEMBL3084545,Ki,7.72
9340796,OC1(CC2CCC(C1)N2C(c3ccccc3Cl)c4ccccc4Cl)c5cncs5,CHEMBL511373,Ki,7.72
4075809,CO[C@]12CC[C@@]3(C[C@@H]1[C@](C)(O)CC(C)(C)C)[C@H]4Cc5ccc(O)c6O[C@@H]2[C@]3(CCN4CC7CC7)c56,CHEMBL1834410,Ki,7.73
4066526,O=C1CCc2ccccc2N1C3CCN(CC3)C4CCCCCCC4,CHEMBL2387199,Ki,7.73
9340811,OCCN1CN(c2ccccc2)C3(CCN(CC3)C(c4ccccc4Cl)c5ccccc5Cl)C1=O,CHEMBL473884,Ki,7.73
9340822,NC(=O)N1Cc2ccccc2CC1CN3CCC4(CC3)CCc5ccccc45,CHEMBL3785839,Ki,7.74
9340833,CC(C)[C@@H](N)C(=O)N(C[C@H](O)CN1CN(c2ccc(F)cc2)C3(CCN(CC4CCCCCCC4)CC3)C1=O)Cc5ccc(C)cc5,CHEMBL3394756,IC50,7.75
9340844,CCC(CC)Sc1nc2cc(Cl)c(cc2[nH]1)N3C[C@@H]4C[C@H]3CN4CCO,CHEMBL523724,IC50,7.75
9340855,CCCCCCC(N1CCC(O)(CC1)c2ccccc2)c3ccccc3,CHEMBL231607,Ki,7.75
4067232,CCCCN1Cc2ccccc2N(C3CCN(CC3)C4CCC(CC4)C(C)C)S1(=O)=O,CHEMBL186773,Ki,7.75
9340868,CNC(=O)CN1C(=O)N(C2CCN(Cc3ccc(OC)c4ccccc34)CC2)c5ccccc15,CHEMBL1080520,Ki,7.75
1749874,Cc1ccccc1C2CCN(C[C@H]3CCc4cccnc4[C@@H](O)C3)CC2,CHEMBL471994,Ki,7.75
9340881,Cc1ccnc(c1)[C@H]2C[C@H]3CC[C@@H](C2)N3C(c4ccccc4Cl)c5ccccc5Cl,CHEMBL3084635,Ki,7.75
9340892,Fc1ccc2[nH]cc(C3CCN(CC3)C4Cc5cccc6cccc4c56)c2c1,CHEMBL211722,Ki,7.75
4067157,COc1ccc(C)c(OC(CCN2CCC(CC2)N3C(=O)N(Cc4csc(C)n4)c5ccccc35)C(C)C)c1,CHEMBL406926,Ki,7.76
9340905,CC(C)(C)Sc1nc2cc(Cl)c(cc2[nH]1)N3CCN(CCO)CC3,CHEMBL259185,IC50,7.77
9340916,CCC(N1CCC2(CC1)N(CNC2=O)c3ccccc3)c4ccccc4,CHEMBL240216,Ki,7.77
9340927,CC[C@H](C)[C@H](NC(=O)[C@H](CCCNC(=N)N)NC(=O)[C@H](Cc1ccc(O)cc1)NC(=O)[C@H](Cc2ccccc2)NC(=O)[C@H](CCCNC(=N)N)NC(=O)CC(C)(C)C)C(=O)N[C@@H](CCCCN)C(=O)N,CHEMBL270216,IC50,7.77
9340938,CN(C)C[C@]1(C[C@H]2CC[C@@H](C1)N2C(c3ccccc3Cl)c4ccccc4Cl)c5ccccc5,CHEMBL3349275,Ki,7.77
9340949,Cc1c(CN[C@H]2CC[C@@H](F)C2)nn(C)c1c3cc(F)cc(Cl)c3,CHEMBL563686,IC50,7.77
9340960,Fc1cc2nc(SCC3CCCCC3)[nH]c2cc1N4CCNCC4,CHEMBL263889,IC50,7.77
9340971,NC(=O)C1(C[C@H]2CC[C@H](C1)N2C(c3ccccc3Cl)c4ccccc4Cl)C5CCCCN5,CHEMBL512962,Ki,7.77
9340982,NC(=O)C[C@]1(Cc2ccc(O)cc2)C[C@H]3CC[C@@H](C1)N3C(c4ccccc4Cl)c5ccccc5Cl,CHEMBL3084556,Ki,7.77
9340993,NC(=O)[C@@H](CN1CCC2(CC1)OCCc3cc(F)sc23)Cc4ccccc4Cl,CHEMBL2204354,Ki,7.77
9341004,NC[C@]1(C[C@H]2CC[C@@H](C1)N2C(c3ccccc3Cl)c4ccccc4Cl)C5CCCCN5,CHEMBL3349253,Ki,7.77
9341015,OC1(CCN(CC1)C(c2ccccc2)c3ccccc3)C4CCCCC4,CHEMBL394695,Ki,7.77
9341026,CCCCNCCN1CN(c2ccccc2)C3(CCN(CC3)C4CCCc5ccc(Cl)cc45)C1=O,CHEMBL516187,Ki,7.8
1736330,CCN1CCN(CC1)c2cc3[nH]c(SC4(C)CCC(C4)NC(=O)OC)nc3cc2Cl,CHEMBL467473,IC50,7.8
4075240,CNC(=O)CN1C(=O)N(C2CCN(Cc3ccccc3c4ccccc4)CC2)c5ccccc15,CHEMBL1079562,Ki,7.8
4071569,CO[C@]12CC[C@@]3(C[C@@H]1[C@](C)(O)CC4CC5CCC4C5)[C@H]6Cc7ccc(O)c8O[C@@H]2[C@]3(CCN6CC9CC9)c78,CHEMBL1834413,Ki,7.8
4067066,COc1cccc(c1)N2CNC(=O)C23CCN(CC3)C4Cc5cccc6cccc4c56,CHEMBL311185,Ki,7.8
9341045,NC(=O)C1(CC2CCC(C1)N2C(c3ccccc3Cl)c4ccccc4Cl)c5ccc(F)cc5,CHEMBL466921,Ki,7.8
9341056,NC(=O)[C@@]1(C[C@H]2CC[C@@H](C1)N2C(c3ccccc3Cl)c4ccccc4Cl)c5nc(F)ccc5F,CHEMBL3084542,Ki,7.8
9341067,O=C1N[C@@H]2CCCC[C@H]2N1C3CCN(CC4CCCCCCC4)CC3,CHEMBL280778,Ki,7.8
4068988,OC1(CCN(CC1)C(Cc2ccccc2)c3ccccc3)c4ccccc4,CHEMBL397945,Ki,7.8
9341080,OCc1ccccc1C2(O)CCN(CC2)C(c3ccccc3)c4ccccc4,CHEMBL233502,Ki,7.8
4068378,CC1(C)C2CCC(CN3CCC(CC3)N4C(=O)Cc5ccccc45)C1C2,CHEMBL100938,Ki,7.81
4067571,O=C1Cc2ccccc2N1C3CCN(CC3)C4CCCC5CCCCC45,CHEMBL320182,Ki,7.81
9341095,CC(=O)NC[C@@]1(Cc2ccc(F)cc2)C[C@H]3CC[C@@H](C1)N3C(c4ccccc4Cl)c5ccccc5Cl,CHEMBL3349261,Ki,7.82
9341106,CC1(C)CCC(N2CCC3(CC2)N(CNC3=O)c4ccccc4)c5cc(Cl)c(Cl)cc15,CHEMBL393980,Ki,7.82
4070346,CCC(C)(C)[C@@H]1CC[C@@H](CC1)N2CCC(CC2)N3C(=O)Cc4ccccc34,CHEMBL2387189,Ki,7.82
9341119,CCC(CC)Sc1nc2cc(C#N)c(cc2[nH]1)N3CCNCC3,CHEMBL258711,IC50,7.82
9341130,CCCS(=O)(=O)NCc1ccccc1C2(O)CCN(CC2)C(c3ccccc3Cl)c4ccccc4Cl,CHEMBL232478,Ki,7.82
9341141,CNC(=O)CN1C(=O)N(C2CCN(CC2)C3CCCCCCC3)c4ccccc14,CHEMBL1086749,Ki,7.82
4064633,COc1ccc(C)c(OC(CCN2CCC(CC2)N3C(=O)N(CC(=O)NCCO)c4ccccc34)C(C)C)c1,CHEMBL241155,Ki,7.82
9341154,Cc1c(CN[C@H]2CC[C@@H](F)C2)nn(C)c1c3cc(F)c(F)c(F)c3,CHEMBL549439,IC50,7.82
9341165,Cc1c(CN[C@H]2CC[C@@H](F)C2)nn(CCO)c1c3cc(F)cc(F)c3,CHEMBL555354,IC50,7.82
9341176,Cc1ccsc1C2(O)CCN(CC2)C(c3ccccc3)c4ccccc4,CHEMBL393356,Ki,7.82
4069961,Clc1ccc(Cl)c2CC(CCc12)N3CCC4(CC3)N(CN(Cc5ccccc5)C4=O)c6ccccc6,CHEMBL285377,Ki,7.82
4065445,Clc1cccc2CCC(Cc12)N3CCC4(CC3)N(CN(CC(=O)c5ccccc5)C4=O)c6ccccc6,CHEMBL26483,Ki,7.82
9341191,NC(=O)[C@@]1(C[C@H]2CC[C@@H](C1)N2C(c3ccccc3Cl)c4ccccc4Cl)c5cc(F)cc(F)n5,CHEMBL3084541,Ki,7.82
3420074,O=C1NCN(c2ccccc2)C13CCN(CC3)C4(CCCCC4)c5ccccc5,CHEMBL403515,IC50,7.82
9341204,CC[C@H](C)[C@H](NC(=O)[C@H](CCCNC(=N)N)NC(=O)[C@H](Cc1ccc(O)cc1)NC(=O)[C@H](Cc2ccccc2)NC(=O)[C@H](CCCNC(=N)N)NC(=O)C(C)(C)C)C(=O)N[C@@H](CCCCN)C(=O)N,CHEMBL270231,IC50,7.83
9341215,CC[C@H](C)[C@H](NC(=O)[C@H](CCCNC(=N)N)NC(=O)[C@H](Cc1ccc(O)cc1)NC(=O)[C@H](Cc2ccccc2)NC(=O)[C@H](CCCNC(=N)N)NC(=O)c3ccccc3)C(=O)N[C@@H](CCCCN)C(=O)N,CHEMBL257921,IC50,7.83
9341226,O=C1NCN(c2ccccc2)C13CCN(CC3)C4CCCCc5ccccc45,CHEMBL442090,Ki,7.84
4066429,CC(C)C(CCN1CCC(CC1)n2c(O)nc3ccccc23)Oc4cc(N)ccc4C,CHEMBL181389,Ki,7.85
4067334,CCCCCC(N1CCC(O)(CC1)c2ccccc2)c3ccccc3,CHEMBL230253,Ki,7.85
9341241,Cc1ccc(C(N2C3CCC2CC(O)(C3)C4CCCN4Cc5ccccc5)c6ccccc6Cl)c(Cl)c1,CHEMBL513303,Ki,7.85
9341252,Cc1ccc(nc1)[C@H]2C[C@H]3CC[C@@H](C2)N3C(c4ccccc4Cl)c5ccccc5Cl,CHEMBL3084648,Ki,7.85
4064944,Cc1ccccc1CNC[C@H](O)CN2CN(c3ccccc3)C4(CCN(CCc5ccccc5c6cccs6)CC4)C2=O,CHEMBL3394749,IC50,7.85
9341265,N[C@@H]([C@H]1CCN1C(c2ccccc2)c3ccccc3)c4cccc(c4)C(F)(F)F,CHEMBL317479,Ki,7.85
9341276,O=C1NCN(c2ccccc2)C13CCN(Cc4ccsc4)CC3,CHEMBL240033,Ki,7.85
9341287,OC1(CCN(CC1)C(c2ccccc2)c3ccccc3)c4ccc(F)cc4,CHEMBL232066,Ki,7.85
4062887,CN(C)C(=O)[C@@H]1Cc2ccccc2N1C(=O)CCN3CCC(CC3)c4ccccc4,CHEMBL2064157,Ki,7.87
9341300,Cc1cc(N)c2cc(NC(=O)c3ccccc3COc4ccccc4Cl)ccc2n1,CHEMBL142999,Ki,7.88
9341311,COC(=O)CN1CN(c2ccccc2)C3(CCN(Cc4cccc5ccccc45)CC3)C1=O,CHEMBL2088036,Ki,7.89
9341322,COc1ccc(CC2(O)CC3CCC(C2)N3C(c4ccccc4Cl)c5ccc(C)cc5Cl)nc1,CHEMBL466066,Ki,7.89
1717898,Cc1cncc(c1)c2c(C)c(CNC3CCCC3)nn2c4ncccc4Cl,CHEMBL494406,IC50,7.89
4066595,NC(=O)[C@@]1(C[C@H]2CC[C@@H](C1)N2C(c3ccccc3Cl)c4ccccc4Cl)c5ccc(Br)nc5,CHEMBL3084561,Ki,7.89
9341336,O=C1Nc2ccccc2N([C@@H]3C[C@H]4CCC[C@@H](C3)N4C5CCCCCCC5)C1=O,CHEMBL3665440,Ki,7.89
9341346,OC1(CCN(CC1)C(c2ccccc2)c3ccccc3)c4ccccc4,CHEMBL228690,Ki,7.89
4071834,CC1C(=O)N(C2CCN(CC2)C3CCCCCCC3)c4ccccc14,CHEMBL2387195,Ki,7.9
9341359,CCCCNCCN1CN(c2ccccc2)C3(CCN(CC3)C4CCC(C)(C)c5cc(Cl)c(Cl)cc45)C1=O,CHEMBL472086,Ki,7.91
9341370,CC(=O)Cn1nc(CN[C@H]2CC[C@@H](F)C2)c(C)c1c3cc(F)cc(F)c3,CHEMBL557925,IC50,7.92
9341381,CC(=O)NC[C@@]1(Cc2ccccc2)C[C@H]3CC[C@@H](C1)N3C(c4ccccc4Cl)c5ccccc5Cl,CHEMBL3349287,Ki,7.92
9341392,CC(C)C1CCC(CC1)N2CCC3(CC2)C(=O)N(Cc4ccccc4)Cc5cccc(F)c35,CHEMBL270756,Ki,7.92
9341403,CC(C)N(CCN1CN(c2ccccc2)C3(CCN(CC3)C(c4ccccc4Cl)c5ccccc5Cl)C1=O)C(C)C,CHEMBL499169,Ki,7.92
4071934,CCC1C(=O)N(C2CCN(CC2)C3CCc4ccccc4C3)c5ccccc15,CHEMBL3262547,Ki,7.92
9341416,CCNC(=O)NCc1ccccc1C2(O)CCN(CC2)C(c3ccccc3Cl)c4ccccc4Cl,CHEMBL232074,Ki,7.92
9341427,CNC(=O)CCN1C(=O)N(C2CCN(CCC(Oc3cc(OC)ccc3C)C(C)C)CC2)c4ccccc14,CHEMBL445154,Ki,7.92
9341438,COC(=O)NC1(C[C@H]2CC[C@H](C1)N2C(c3ccccc3Cl)c4ccccc4Cl)c5ccc(F)cn5,CHEMBL511232,Ki,7.92
9341449,COC(=O)N[C@@]1(C[C@H]2CC[C@@H](C1)N2C(c3ccccc3Cl)c4ccccc4Cl)c5ccc(Cl)cn5,CHEMBL3084552,Ki,7.92
4062144,COc1ccc(C)c(OC(CCN2CCC(CC2)N3C(=O)N(CC(=O)NCC4CC4)c5ccccc35)C(C)C)c1,CHEMBL393138,Ki,7.92
9341462,COc1ccc(C)c(OC(CCN2CCC(CC2)N3C(=O)N(CC(=O)NCC=C)c4ccccc34)C(C)C)c1,CHEMBL238602,Ki,7.92
4065699,Cc1ccc(Cl)c(OC2(CCCCC2)C(O)CN3CCC(CC3)n4c(O)nc5ccccc45)c1,CHEMBL424971,Ki,7.92
9341475,O=C(NCCCN1CCC2(CC1)CCc3ccccc23)c4ccccc4C(=O)c5ccccc5,CHEMBL202715,IC50,7.92
9341486,OC1(CCN(CC1)C(c2ccccc2)c3ccccc3C(F)(F)F)c4ccccc4,CHEMBL228794,Ki,7.92
9341497,O[C@@H](Cc1ccccc1)C(=O)NCCCN2CCC3(CC2)CCc4ccccc34,CHEMBL199639,IC50,7.92
4066363,COc1ccc(C)c(OC(CCN2CCC(CC2)N3C(=O)N(Cc4ncnn4C)c5ccccc35)C(C)C)c1,CHEMBL260555,Ki,7.93
9341510,COc1ccc(OCc2ccccc2C(=O)Nc3ccc4nc(C)cc(N)c4c3)cc1,CHEMBL140519,Ki,7.93
4069416,O=C1Cc2ccccc2N1C3CCN(CC3)C4CCCc5ccccc45,CHEMBL101118,Ki,7.93
9341523,CN(C)C(=O)C1Cc2ccccc2N1C(=O)CCN3CCN(CC3)c4ccccc4C,CHEMBL2064145,Ki,7.94
9341534,Cc1ccccc1C(N2CCC3(CC2)N(CNC3=O)c4ccccc4)c5ccccc5,CHEMBL241079,Ki,7.94
9341544,Fc1ccc2NC(=O)C(=O)N(C3CCN(CC3)C4CCCCCCC4)c2c1,CHEMBL3665421,Ki,7.94
4062966,O=C1Cc2ccccc2N1C3CCN(CC3)C4CC[C@H]5CCCc6cccc4c56,CHEMBL2387193,Ki,7.94
4065165,CC(C)C(CCN1CCC(CC1)n2c(O)nc3ccccc23)Oc4cc(C)ccc4C,CHEMBL183355,Ki,7.96
4065176,CC(C)C(CCN1CCC(CC1)n2c(O)nc3ccccc23)Oc4cc(C)ccc4Cl,CHEMBL360326,Ki,7.96
1731428,CC(C)n1c(CNC2CCCC2)nc(C)c1c3ccc(Cl)cc3,CHEMBL562663,IC50,7.96
4065602,CC(O)CNC(=O)C1(CC2CCC(C1)N2C(c3ccccc3Cl)c4ccccc4Cl)c5ccccc5,CHEMBL466694,Ki,7.96
4071845,CCC1C(=O)N(C2CCN(Cc3cccc4[nH]ccc34)CC2)c5ccccc15,CHEMBL3262548,Ki,7.96
9341566,CCN1[C@@H]2CCCC[C@H]2N(C3CCN(CC4CCCCCCC4)CC3)C1=O,CHEMBL29953,Ki,7.96
4074192,CNC(=O)CN1N=C(c2ccccc2)C3(CCN(CC3)C4CCC(CC4)C(C)C)C1=O,CHEMBL1081191,Ki,7.96
4076709,CN[C@@]1(CC[C@]2(CC1)OCCc3c2[nH]c4ccc(F)cc34)c5ccccc5.OC(=O)CC(O)(CC(=O)O)C(=O)O,CHEMBL3325959,Ki,7.96
9341581,COc1cccc(n1)[C@]2(CN)C[C@H]3CC[C@@H](C2)N3C(c4ccccc4Cl)c5ccccc5Cl,CHEMBL3349272,Ki,7.96
1733353,Cc1c(CNC2CCCC2)nn(c1c3ccc(Cl)nc3)c4ncccc4Cl,CHEMBL492585,IC50,7.96
4064655,Cc1ccccc1C2(O)CCN(CC2)C(c3ccccc3)c4ccccc4,CHEMBL232273,Ki,7.96
9341596,Cc1ccccc1C2CCN(C[C@H]3C[C@H](O)c4ncccc4C3)CC2,CHEMBL471982,Ki,7.96
9341607,Clc1ccccc1C(N2C3CCC2CC(C3)(NC(=O)C4CC4)c5ccccc5)c6ccccc6Cl,CHEMBL466919,Ki,7.96
4062768,NC(=O)[C@@]1(Cc2ccc(F)cc2)C[C@H]3CC[C@@H](C1)N3C(c4ccccc4Cl)c5ccccc5Cl,CHEMBL3084526,EC50,7.96
9341620,NC[C@@]1(Cc2ccccc2)C[C@H]3CC[C@@H](C1)N3C(c4ccccc4Cl)c5ccccc5Cl,CHEMBL3349286,Ki,7.96
9341631,O=C1NCN(c2ccccc2)C13CCN(Cc4ccccc4)CC3,CHEMBL203356,Ki,7.96
9341642,OC1(CCN(CC1)C(c2ccccc2)c3ccccc3Br)c4ccccc4,CHEMBL388314,Ki,7.96
9341653,O[C@H]1CN(C[C@H]2C[C@H](O)c3ncccc3C2)CC[C@@H]1c4ccc(F)cc4Cl,CHEMBL487458,Ki,7.96
9341664,Clc1ccc2CCCC(N3CCC4(CC3)N(CNC4=O)c5ccccc5)c2c1,CHEMBL241085,Ki,7.97
9341675,Fc1ccccc1C(N2CCC3(CC2)N(CNC3=O)c4ccccc4)c5ccccc5,CHEMBL392969,Ki,7.97
9341686,CC(C)N(C)C(=O)[C@@H](CN1CCC2(CC1)OCCc3cc(F)sc23)Cc4ccccc4F,CHEMBL2204346,Ki,7.99
4071152,O=C1NCN(c2ccccc2)C13CCN(CC3)[C@H]4CCCc5ccccc45,CHEMBL26638,Ki,7.99
1749491,Oc1ccc2CNC(CN3CCC4(CC3)CCc5ccccc45)Cc2c1,CHEMBL3785728,Ki,7.99
9341701,CC(=O)N[C@@]1(C[C@H]2CC[C@@H](C1)N2C(c3ccccc3Cl)c4ccccc4Cl)c5ccc(F)cn5,CHEMBL3084550,Ki,8.0
9341712,CC(C)NC(=O)C1(CC2CCC(C1)N2C(c3ccccc3Cl)c4ccccc4Cl)c5ccccc5,CHEMBL467699,Ki,8.0
4075317,CC(C1CCCCC1)N2CCC(CC2)N3C(=O)Cc4ccccc34,CHEMBL2387191,Ki,8.0
9341725,CCC(CC)Sc1nc2cc(Cl)c(cc2[nH]1)N3CCN(CC)CC3,CHEMBL263903,IC50,8.0
1718287,CCN1CCN(CC1)c2cc3[nH]c(nc3cc2Cl)C(=O)C4(C)CCC(=O)CC4,CHEMBL466307,IC50,8.0
9341738,CNC[C@]1(C[C@H]2CC[C@@H](C1)N2C(c3ccccc3Cl)c4ccccc4Cl)c5ccccc5,CHEMBL3349274,Ki,8.0
4065324,COc1ccc(C)c(OC(CCN2CCC(CC2)N3C(=O)N(CCO)c4ccccc34)C(C)C)c1,CHEMBL391518,Ki,8.0
9341751,Cc1[nH]c2ccc(Cl)cc2c1C3CCN(CC3)C4Cc5cccc6cccc4c56,CHEMBL212575,Ki,8.0
4069766,Cc1cc(C)cc(c1)N2CNC(=O)C23CCN(CC3)C4Cc5cccc6cccc4c56,CHEMBL78163,Ki,8.0
9341764,Cc1cccc(n1)[C@H]2C[C@H]3CC[C@@H](C2)N3C(c4ccccc4Cl)c5ccccc5Cl,CHEMBL3084667,Ki,8.0
9341775,Cc1ccccc1[C@@H]2CCN(C[C@@H]3CCc4cccnc4[C@@H](O)C3)C[C@H]2O,CHEMBL512896,Ki,8.0
9341786,Cc1ncc(cc1F)c2[nH]nc(CN[C@H]3CC[C@@H](F)C3)c2C,CHEMBL557653,IC50,8.0
4075751,Cl.Cl.CN(C)[C@@]1(CC[C@H](CC1)NCc2ccccc2)c3ccccc3,CHEMBL3325751,Ki,8.0
4072854,FC(F)(F)c1cccc(c1)N2CNC(=O)C23CCN(CC3)C4Cc5cccc6cccc4c56,CHEMBL77877,Ki,8.0
9341801,NC(=O)[C@@]1(C[C@H]2CC[C@@H](C1)N2C(c3ccccc3Cl)c4ccccc4Cl)c5cccc(F)n5,CHEMBL3084540,Ki,8.0
9341812,NC(=O)[C@]1(Cc2ccc(Cl)cc2)C[C@H]3CC[C@@H](C1)N3C(c4ccccc4Cl)c5ccccc5Cl,CHEMBL3084554,Ki,8.0
9341823,N[C@@]1(C[C@H]2CC[C@@H](C1)N2C(c3ccccc3Cl)c4ccccc4Cl)c5ccccn5,CHEMBL3084547,Ki,8.0
9341834,O=C(NCCCN1CCC2(CC1)CCc3ccccc23)c4ccccc4c5ccccc5,CHEMBL413571,IC50,8.0
9341845,OC1(CC2CCC(C1)N2C(c3ccccc3Cl)c4ccccc4Cl)c5cccnn5,CHEMBL513171,Ki,8.0
9341856,CCC(CC)Sc1nc2cc(Cl)c(cc2[nH]1)N3CCN(CCO)CC3,CHEMBL407325,IC50,8.01
9341867,CN(C)C(=O)[C@@H]1Cc2ccccc2N1C(=O)CCN3CCC(CC3)c4ccc(F)cc4,CHEMBL2064158,Ki,8.01
1739519,CCN1CCN(CC1)c2cc3[nH]c(S[C@@]4(C)CC[C@H](CC4)NC(=O)OC)nc3cc2Cl,CHEMBL468301,IC50,8.02
4066352,COc1ccc(C)c(OC(CCN2CCC(CC2)N3C(=O)N(Cc4cccnc4)c5ccccc35)C(C)C)c1,CHEMBL258781,Ki,8.02
9341882,NCc1ccccc1C2(O)CCN(CC2)C(c3cccc(F)c3)c4cccc(F)c4,CHEMBL400036,Ki,8.02
9341893,CN(C)C(=O)C(CN1CCC2(CC1)OCCc3ccsc23)Cc4ccccc4,CHEMBL2088040,Ki,8.03
9341904,Cc1ccc(cn1)c2c(C)c(CNC3CCC(F)(F)C3)nn2c4ncccc4Cl,CHEMBL468518,IC50,8.03
4078187,Cl.COc1ccc2[nH]c3c(CCO[C@@]34CC[C@](CC4)(N(C)C)c5ccccc5)c2c1,CHEMBL3325962,Ki,8.03
9341917,Cn1nc(CN[C@H]2CC[C@@H](F)C2)c(Cl)c1c3cc(F)cc(F)c3,CHEMBL560468,IC50,8.03
1742791,CCN1CCN([C@H](C)C1)c2cc3[nH]c(SC(C)(C)C)nc3cc2Cl,CHEMBL468504,IC50,8.04
9341930,CNC(=O)[C@@H](CN1CCC2(CC1)OCCc3cc(F)sc23)Cc4ccccc4Cl,CHEMBL2204348,Ki,8.04
9341941,Cc1ccc(cn1)n2c(C)c(CN[C@H]3CC[C@@H](F)C3)nc2c4ncccc4Cl,CHEMBL551208,IC50,8.04
9341952,CC(C)C1CCC(CC1)N2CCC3(CC2)C(=O)N(C)Cc4cc(F)ccc34,CHEMBL272601,Ki,8.05
9341963,CC(C)CCC(N1CCC(O)(CC1)c2ccccc2)c3ccccc3,CHEMBL413791,Ki,8.05
9341974,COc1cccc(n1)[C@H]2C[C@H]3CC[C@@H](C2)N3C(c4ccccc4Cl)c5ccccc5Cl,CHEMBL3084636,Ki,8.05
9341985,Cc1ccccc1C(N2CCC3(CC2)N(CNC3=O)c4ccccc4)c5ccccc5C,CHEMBL439212,Ki,8.05
9341996,Clc1ccccc1C(N2CCC3(CC2)N(CNC3=O)c4ccccc4)c5ccccc5,CHEMBL428563,Ki,8.05
9342007,Clc1ccccc1C(N2[C@@H]3CC[C@H]2C[C@H](C3)c4ccccc4)c5ccccc5Cl,CHEMBL3084668,Ki,8.05
4064666,NC(=O)[C@@]1(C[C@H]2CC[C@@H](C1)N2C(c3ccccc3Cl)c4ccccc4Cl)c5cc(F)c(F)cn5,CHEMBL3084544,Ki,8.05
9342019,O=C1Nc2ccccc2N(C3CCN(CC3)C4Cc5cccc6cccc4c56)C1=O,CHEMBL3665423,Ki,8.05
9342028,OC(=O)C1=Nc2ccccc2N([C@H]3C[C@H]4CC[C@@H](C3)N4C5CCCCCCCCCC5)C1=O,CHEMBL3647960,Ki,8.05
9342038,OCc1ccccc1C(N2CCC(O)(CC2)c3ccccc3)c4ccccc4,CHEMBL228858,Ki,8.05
4070357,CCC1C(=O)N(C2CCN(CC2)C3CCCCCCC3)c4ccccc14,CHEMBL2387197,Ki,8.06
4078264,CCC1C(=O)N(C2CCN(CC2)C3CCCc4ccccc34)c5ccccc15,CHEMBL3262546,Ki,8.06
9342053,COc1ccc(CCNC[C@H](O)CN2CN(c3ccc(F)cc3)C4(CCN(CC5CCCCCCC5)CC4)C2=O)cc1OC,CHEMBL3394753,IC50,8.06
9342064,Clc1ccccc1C(N2CCC3(CC2)N(CN(CCNC4CCCC4)C3=O)c5ccccc5)c6ccccc6Cl,CHEMBL456225,Ki,8.06
9342075,C(C1Cc2ccccc2CN1)N3CCC4(CC3)CCc5ccccc45,CHEMBL3786899,Ki,8.07
9342086,CC(C)c1c(CN[C@H]2CC[C@@H](F)C2)nc(C)n1c3cc(F)cc(F)c3,CHEMBL556300,IC50,8.07
4076565,CCC(C)(C)[C@](C)(O)[C@H]1C[C@]23CC[C@]1(OC)[C@@H]4Oc5c(O)ccc6C[C@H]2N(CC7CC7)CC[C@@]34c56,CHEMBL1834409,Ki,8.07
9342099,CC[C@H](C)[C@H](NC(=O)[C@H](CCCNC(=N)N)NC(=O)[C@H](Cc1ccc(O)cc1)NC(=O)[C@H](Cc2ccc(O)cc2)NC(=O)[C@H](CCCNC(=N)N)NC(=O)CC(C)C)C(=O)N[C@@H](CCCCN)C(=O)N,CHEMBL3343947,IC50,8.07
4073052,COCN1CN(c2ccccc2)C3(CCN(CC3)C4CCc5cccc(Cl)c5C4)C1=O,CHEMBL283432,Ki,8.07
4065491,CC1(C)CCC(N2CCC3(CC2)N(CNC3=O)c4ccccc4)c5ccc(F)cc15,CHEMBL241087,Ki,8.08
4070291,Cc1ccc(Cl)c(OC(CCN2CCC(CC2)n3c(O)nc4ccccc34)c5ccccc5)c1,CHEMBL182819,Ki,8.08
4065401,COCCNC(=O)C1(CC2CCC(C1)N2C(c3ccccc3Cl)c4ccccc4Cl)c5ccccc5,CHEMBL466693,Ki,8.09
1717060,Cc1c(CN[C@H]2CC[C@@H](F)C2)nn(CCC#N)c1c3cc(F)cc(F)c3,CHEMBL560667,IC50,8.09
1741798,Cc1ccc(cn1)c2c(C)c(CNC3CCCC3)nn2c4ncc(Cl)cc4Cl,CHEMBL468307,IC50,8.09
9342122,O=C(NCCCN1CCC2(CC1)CCc3ccccc23)c4ccccc4Oc5ccccc5,CHEMBL202443,IC50,8.09
9342133,CCC(CC)Sc1nc2cc(Cl)c(cc2[nH]1)N3CCN(CCO)C(C)C3,CHEMBL494219,IC50,8.1
9342144,COC1(CC2CCC(C1)N2C(c3ccccc3Cl)c4ccccc4Cl)c5ccccc5,CHEMBL512950,Ki,8.1
9342155,COc1ccc(C)c(OC(CCN2CCC(CC2)N3C(=O)N(Cc4cnn[nH]4)c5ccccc35)C(C)C)c1,CHEMBL259292,Ki,8.1
9342166,Clc1ccccc1C(N2CCC3(CC2)N(CN(CCN4CCCCC4)C3=O)c5ccccc5)c6ccccc6Cl,CHEMBL464192,Ki,8.1
4062977,O[C@H](CNCc1cccs1)CN2CN(c3ccccc3)C4(CCN(CCc5ccccc5c6cccs6)CC4)C2=O,CHEMBL3394748,IC50,8.1
4073855,CNC(=O)CN1N=C(c2ccccc2)C3(CCN(CC3)C4CCC5CCCCC5C4)C1=O,CHEMBL1079942,Ki,8.11
4074085,CCC[C@@H]1CC[C@@H](CC1)N2CCC(CC2)N3C(=O)Cc4ccccc34,CHEMBL2387188,Ki,8.12
9342183,COCCc1nc(CN[C@H]2CC[C@@H](F)C2)n(C(C)C)c1c3ccc(Cl)cc3,CHEMBL563593,IC50,8.12
4062713,CC(C)C1CCC(CC1)N2CCC(CC2)N3c4ccccc4CN(CCO)S3(=O)=O,CHEMBL364398,Ki,8.13
1722742,CCN1CCN(CC1)c2cc3[nH]c(S[C@@]4(C)CC[C@@H](CC4)c5nnnn5C)nc3cc2Cl,CHEMBL511205,IC50,8.13
9342198,CC[C@H](C)[C@H](NC(=O)[C@H](CCCNC(=N)N)NC(=O)[C@H](Cc1ccc(O)cc1)NC(=O)[C@H](Cc2ccccc2)NC(=O)[C@H](CCCNC(=N)N)NC(=O)CC(C)C)C(=O)N[C@@H](CCCCN)C(=O)N,CHEMBL404530,IC50,8.13
9342209,CN(C)C(=O)C(CN1CCC2(CC1)OCCc3ccsc23)Cn4cccn4,CHEMBL2088038,Ki,8.13
9342220,Cc1ccc(C(N2C3CCC2CC(O)(CCCO)C3)c4ccccc4Cl)c(Cl)c1,CHEMBL512247,Ki,8.13
4071757,Cl.Cl.CN(C)[C@@]1(CC[C@H](CC1)NCCc2ccccc2)c3ccccc3,CHEMBL3325878,Ki,8.13
4076044,O=C1Cc2ccccc2N1C3CCN(CC3)C4C5CCCC4CCC5,CHEMBL102900,Ki,8.13
9342235,OC1(CC2CCCC(C1)N2C(c3ccccc3)c4ccccc4)c5ccccc5,CHEMBL466846,Ki,8.13
9342246,Cc1ccc(C(N2C3CCC2CC(O)(C3)c4cc(C)ccn4)c5ccccc5Cl)c(Cl)c1,CHEMBL466126,Ki,8.14
4070302,Clc1cccc2CCC(Cc12)N3CCC4(CC3)N(CNC4=O)c5ccccc5,CHEMBL283617,Ki,8.14
4075505,OCCN1CN(c2ccccc2)C3(CCN(CC3)C4CCc5cccc(Cl)c5C4)C1=O,CHEMBL26987,Ki,8.14
9342261,CNC(=O)CN1c2ccccc2N(C3CCN(CC3)C4CCC5CCCCC5C4)S1(=O)=O,CHEMBL1080483,Ki,8.15
9342272,Cc1ccc(cn1)c2c(C)c(CNC3CCCC3F)nn2c4ncccc4Cl,CHEMBL513855,IC50,8.15
9342283,CCN1CCN(CC1)c2cc3[nH]c(S[C@@]4(C)CC[C@@H](CC4)S(=O)(=O)C)nc3cc2Cl,CHEMBL468524,IC50,8.16
9342294,CCNC(=O)C1(CC2CCC(C1)N2C(c3ccccc3Cl)c4ccccc4Cl)c5ccccc5,CHEMBL513667,Ki,8.16
9342305,CN(C)C[C@]1(C[C@H]2CC[C@@H](C1)N2C(c3ccccc3Cl)c4ccccc4Cl)c5ccccn5,CHEMBL3349250,Ki,8.16
9342316,Cc1ccc(OCc2ccccc2C(=O)Nc3ccc4nc(C)cc(N)c4c3)cc1,CHEMBL140103,Ki,8.16
9342327,Clc1ccccc1C(N2[C@@H]3CC[C@H]2C[C@H](C3)c4ncccc4CN5CCCCC5)c6ccccc6Cl,CHEMBL3084669,Ki,8.16
9342338,NC[C@]1(C[C@H]2CC[C@@H](C1)N2C(c3ccccc3Cl)c4ccccc4Cl)c5ccccn5,CHEMBL3349263,Ki,8.16
9342349,N[C@@]1(C[C@H]2CC[C@@H](C1)N2C(c3ccccc3Cl)c4ccccc4Cl)c5ccc(F)cn5,CHEMBL3084548,Ki,8.16
4062865,CC(C)N(CCN1CN(c2ccccc2)C3(CCN(CC3)C4CCC(C)(C)c5ccccc45)C1=O)C(C)C,CHEMBL473280,Ki,8.17
9342362,CCN1C(=O)N(C2CCN(CC3CCCCCCC3)CC2)c4ccccc14,CHEMBL146013,IC50,8.17
4073800,Clc1ccc(Cl)c2CC(CCc12)N3CCC4(CC3)N(CN(CC=C)C4=O)c5ccccc5,CHEMBL283265,Ki,8.17
9342376,Clc1ccccc1C(N2CCC3(CC2)N(CNC3=O)c4ccccc4)c5ccccc5Cl,CHEMBL241272,Ki,8.17
9342387,Oc1nc2ccccc2n1C3CCN(CC4CCCCCCC4)CC3,CHEMBL146191,IC50,8.17
9342398,CC(C)C1CCC(CC1)N2CCC3(CC2)C(=O)N(Cc4ccccc4)Cc5ccccc35,CHEMBL409621,Ki,8.18
9342409,OCC1(CCCCCCC1)N2CCC(CC2)n3c(nc4ccccc34)N5CC6CN(Cc7ccccc7)CC6C5,CHEMBL1650845,Ki,8.18
4075274,CC(C)[C@@H]1CC[C@@H](CC1)N2CCC(CC2)N3C(=O)C(C)c4ccccc34,CHEMBL2387194,Ki,8.19
9342422,CN(C(=O)c1ccccc1COc2ccc(Cl)cc2)c3ccc4nc(C)cc(N)c4c3,CHEMBL139934,Ki,8.19
9342433,CNC(=O)CN1c2ccccc2N(C3CCN(CC3)C4CCC(CC4)C(C)C)S1(=O)=O,CHEMBL1076242,Ki,8.19
9342444,Cc1c(CN[C@H]2CC[C@@H](F)C2)nn(C)c1c3ccc(F)c(F)c3,CHEMBL551002,IC50,8.19
9342455,Fc1ccccc1C(N2CCC3(CC2)N(CNC3=O)c4ccccc4)c5ccccc5F,CHEMBL239820,Ki,8.2
4070788,O=C1NCN(c2ccccc2)C13CCN(CC3)C4CCc5ccccc5C4,CHEMBL26999,Ki,8.2
4062496,CC(C)C1CCC(CC1)N2CCC(CC2)N3c4ccccc4CNS3(=O)=O,CHEMBL184127,Ki,8.22
9342470,CCNC[C@]1(C[C@H]2CC[C@@H](C1)N2C(c3ccccc3Cl)c4ccccc4Cl)c5ccccn5,CHEMBL3349249,Ki,8.22
9342481,COC(=O)NC1(CC2CCC(C1)N2C(c3ccccc3Cl)c4ccccc4Cl)c5ccccc5,CHEMBL467313,Ki,8.22
9342492,COc1ccc(C)c(OC(CCN2CCC(CC2)N3C(=O)N(CCOC(=O)C)c4ccccc34)C(C)C)c1,CHEMBL401248,Ki,8.22
4068709,Cc1ccc(nc1)[C@]2(C[C@H]3CC[C@@H](C2)N3C(c4ccccc4Cl)c5ccccc5Cl)C(=O)N,CHEMBL3084532,Ki,8.22
1753324,Cc1cccc2[C@@H](O)C[C@H](CN3CCC(CC3)c4ccccc4C)CCc12,CHEMBL513585,Ki,8.22
9342507,Clc1ccccc1C(N2[C@@H]3CC[C@H]2C[C@H](C3)c4ncccn4)c5ccccc5Cl,CHEMBL3084649,Ki,8.22
9342518,Fc1cc2nc(SCc3cccc(Cl)c3Cl)[nH]c2cc1N4CCNCC4,CHEMBL260820,IC50,8.22
9342529,NC[C@]1(C[C@H]2CC[C@@H](C1)N2C(c3ccccc3Cl)c4ccccc4Cl)c5ccccc5,CHEMBL3349273,Ki,8.22
4070854,O=C1Cc2ccccc2N1C3CCN(CC4CCCCCCC4)CC3,CHEMBL317152,Ki,8.22
9342542,OC1(CCN(CC1)C(c2ccccc2F)c3ccccc3F)c4ccccc4,CHEMBL228912,Ki,8.22
9342553,OCC1(CC2CCC(C1)N2C(c3ccccc3Cl)c4ccccc4Cl)c5ccccc5,CHEMBL468952,Ki,8.22
4068808,COc1ccc(C)c(OC(CCN2CCC(CC2)N3C(=O)N(CC4=NNC(=O)N4)c5ccccc35)C(C)C)c1,CHEMBL259291,Ki,8.23
4063110,COc1ccc(C)c(OC(CCN2CCC(CC2)N3C(=O)N(Cc4cnccn4)c5ccccc35)C(C)C)c1,CHEMBL259964,Ki,8.23
9342568,OC1(CCN(CC1)C(c2ccccc2Cl)c3ccccc3Cl)c4ccccc4CN5CCOCC5,CHEMBL394222,Ki,8.23
1726487,CCN1CCN(CC1)c2cc3[nH]c(nc3cc2Cl)C(=O)[C@@]4(C)CC[C@@H](CC4)NC(=O)OC,CHEMBL466702,IC50,8.24
4071779,Clc1ccc2CCC(Cc2c1)N3CCC4(CC3)N(CNC4=O)c5ccccc5,CHEMBL447779,Ki,8.24
9342582,OC(=O)C1=Nc2ccccc2N([C@H]3C[C@H]4CC[C@@H](C3)N4C5CC6CCCC(C6)C5)C1=O,CHEMBL3647959,Ki,8.24
4074280,Oc1nc2ccccc2n1[C@@H]3CCN4[C@H](CCC[C@H]4c5ccccc5)C3,CHEMBL51972,Ki,8.24
1739486,C(C1COc2ccccc2C1)N3CCC4(CC3)CCc5ccccc45,CHEMBL3785605,Ki,8.25
9342596,CCC(C)(C)Sc1nc2cc(Cl)c(cc2[nH]1)N3CCN(CCO)CC3,CHEMBL263919,IC50,8.25
9342607,CCCCC(=O)N[C@@H](CCCNC(=N)N)C(=O)N[C@@H](Cc1ccccc1)C(=O)N[C@@H](Cc2ccc(O)cc2)C(=O)N[C@@H](CCCNC(=N)N)C(=O)N[C@@H]([C@@H](C)CC)C(=O)N[C@@H](CCCCN)C(=O)N,CHEMBL272084,IC50,8.25
4073216,Clc1ccc(Cl)c2CC(CCc12)N3CCC4(CC3)N(CNC4=O)c5ccccc5,CHEMBL283480,Ki,8.25
9342621,NC(=O)[C@@H](CN1CCC2(CC1)OCCc3cc(F)sc23)Cc4ccccc4F,CHEMBL2088032,Ki,8.25
4071901,O=C1Cc2ccccc2N1C3CCN(CC3)C4CCC5CCCCC5C4,CHEMBL316699,Ki,8.25
9342633,O=C1Nc2ccccc2N([C@@H]3C[C@@H]4C=C[C@H](C3)N4C5CCCCC\C=C/5)C1=O,CHEMBL3665443,Ki,8.25
9342643,C(C1CCc2ccccc2C1)N3CCC4(CC3)CCc5ccccc45,CHEMBL3787174,Ki,8.26
9342654,CC(C)[C@@H]1CC[C@@H](CC1)N2CCC3(CC2)N(CN(CCCCCCCCCN(C)C)C3=O)c4ccccc4,CHEMBL1762372,IC50,8.26
9342665,CC1(C)CCC(N2CCC(O)(CC2)c3ccccc3CN)c4ccccc14,CHEMBL233957,Ki,8.26
9342676,CN(C)C(=O)C1Cc2ccccc2N1C(=O)CCN3CCC(CC3)c4ccccc4C,CHEMBL2064130,Ki,8.26
4063022,CNC(=O)CN1C(=O)N(C2CCN(CC2)C3CCC(CC3)C(C)(C)C)c4ccccc14,CHEMBL1087658,Ki,8.26
9342689,CCCN1CN(c2ccccc2)C3(CCN(CC3)C4CCC(C)(C)c5ccccc45)C1=O,CHEMBL471262,Ki,8.27
4073545,CN(C)C1(CCC(CC1)NCc2c[nH]c3ccccc23)c4ccccc4,CHEMBL3326221,Ki,8.27
9342702,CNC(=O)C(CN1CCC2(CC1)OCCc3cc(F)sc23)Cc4ccccc4F,CHEMBL2086647,Ki,8.27
9342713,CNC(=O)[C@@H](CN1CCC2(CC1)OCCc3cc(F)sc23)Cc4ccccc4F,CHEMBL2204349,Ki,8.27
4076653,Cl.CN(C)C1(CCC(CC1)NC(=O)Cc2ccccc2)c3ccccc3,CHEMBL3325880,Ki,8.27
4078231,CCC1C(=O)N(C2CCN(CC2)[C@@H]3CC[C@@H](CC3)C(C)C)c4ccccc14,CHEMBL2387196,Ki,8.28
9342728,CNC(=O)CN1C(=O)N(C2CCN(CC2)C3CCC(C)(C)CC3)c4ccccc14,CHEMBL1087532,Ki,8.28
9342739,Cc1ccc(C(N2C3CCC2CC(O)(C3)c4ccncn4)c5ccccc5Cl)c(Cl)c1,CHEMBL512411,Ki,8.28
4062210,Clc1ccccc1C(N2C3CCC2CC(C3)(c4ccccc4)c5nc[nH]n5)c6ccccc6Cl,CHEMBL513660,Ki,8.28
9342752,CN(C)C(=O)C(CN1CCC2(CC1)OCCc3ccsc23)Cc4ccccc4F,CHEMBL2088043,Ki,8.29
9342763,CC(=O)NC[C@]1(C[C@H]2CC[C@@H](C1)N2C(c3ccccc3Cl)c4ccccc4Cl)c5ccccn5,CHEMBL3349248,Ki,8.3
9342774,CC(C)C1CCC(CC1)N2CCC(CC2)N3c4ccccc4CN(CCNS(=O)(=O)C)S3(=O)=O,CHEMBL182967,Ki,8.3
4068214,CCCCC(N1CCC(O)(CC1)c2ccccc2)c3ccccc3,CHEMBL390882,Ki,8.3
9342787,CCNC(=O)CN1C(=O)N(C2CCN(CCC(Oc3cc(OC)ccc3C)C(C)C)CC2)c4ccccc14,CHEMBL240085,Ki,8.3
4072386,CCOCN1C(=O)N(C2CCN(CCC(Oc3cc(OC)ccc3C)C(C)C)CC2)c4ccccc14,CHEMBL239045,Ki,8.3
4070876,CNC(=O)CN1Cc2ccccc2N(C3CCN(CC3)C4CCC5CCCCC5C4)S1(=O)=O,CHEMBL1079943,Ki,8.3
9342802,COC(=O)CCN1C(=O)N(C2CCN(CCC(Oc3cc(OC)ccc3C)C(C)C)CC2)c4ccccc14,CHEMBL391234,Ki,8.3
4066197,Cc1ccc(cc1)N2CNC(=O)C23CCN(CC3)C4Cc5cccc6cccc4c56,CHEMBL75676,Ki,8.3
9342815,Clc1ccccc1C(N2CCC3(CC2)N(CN(CCNC4CCCCC4)C3=O)c5ccccc5)c6ccccc6Cl,CHEMBL510745,Ki,8.3
9342826,Clc1ccccc1C(N2[C@@H]3CC[C@H]2C[C@H](C3)c4ccccn4)c5ccccc5Cl,CHEMBL3084634,Ki,8.3
9342837,Clc1ccccc1C(N2[C@@H]3CC[C@H]2C[C@H](C3)c4cccnc4)c5ccccc5Cl,CHEMBL3084637,Ki,8.3
9342848,OC1(CCN(CC1)C(c2ccccc2)c3ccccc3F)c4ccccc4,CHEMBL228802,Ki,8.3
4066184,CNC(=O)C1(CC2CCC(C1)N2C(c3ccccc3Cl)c4ccccc4Cl)c5ccccc5,CHEMBL467497,Ki,8.31
4066010,COc1ccc(C)c(OC(CCN2CCC(CC2)N3C(=O)N(Cc4ccccn4)c5ccccc35)C(C)C)c1,CHEMBL408909,Ki,8.31
9342863,COc1ccc(C)c(OC(CCN2CCC(CC2)N3C(=O)N(Cn4ccnc4C)c5ccccc35)C(C)C)c1,CHEMBL406647,Ki,8.31
9342874,CC(C)C1CCC(CC1)N2CCC3(CC2)C(=O)NCc4ccccc34,CHEMBL271590,Ki,8.33
1715101,CC(C)c1c(CNC2CCCC2)nc(c3ncccc3Cl)n1c4ccc(C)nc4,CHEMBL561396,IC50,8.33
9342887,CCC(CC)Sc1nc2cc(F)c(cc2[nH]1)N3CCNCC3,CHEMBL259452,IC50,8.33
4066495,CNC(=O)CN1C(=O)N(C2CCN(CC2)C3CCC(C)(C)CC3(C)C)c4ccccc14,CHEMBL1087276,Ki,8.33
4070399,O=C1Cc2ccccc2N1C3CCN(CC3)C4CCC5CCCC[C@@H]5C4,CHEMBL319307,Ki,8.33
9342903,CC(C)NC(=O)[C@@H](CN1CCC2(CC1)OCCc3cc(F)sc23)Cc4ccccc4F,CHEMBL2088031,Ki,8.34
9342914,CC1(C)CN(CCN1)c2nc3ccccc3n2C4CCN(CC4)C5(CO)CCCCCCC5,CHEMBL1650841,Ki,8.34
9342925,NCc1ccccc1C2(O)CCN(CC3CCCCCC3)CC2,CHEMBL233535,Ki,8.34
9342936,O=C1NCN(c2ccccc2)C13CCN(CC3)C(C4CCCC4)c5ccccc5,CHEMBL391083,Ki,8.34
4070865,CC(=O)CN1CN(c2ccccc2)C3(CCN(CC3)C4CCC(C)(C)c5ccccc45)C1=O,CHEMBL511649,Ki,8.35
4075944,CN(C)[C@@]1(CC[C@]2(CC1)OCCc3c2[nH]c4ccc(C)cc34)c5ccccc5.OC(=O)CC(O)(CC(=O)O)C(=O)O,CHEMBL3325960,Ki,8.35
1733376,Cc1ccccc1C2CCN(C[C@@H]3CCc4cccnc4[C@@H](O)C3)CC2,CHEMBL472168,Ki,8.35
4076867,Cl.CN(C)[C@@]1(CC[C@@](O)(CCc2ccccc2)CC1)c3ccccc3,CHEMBL3325747,Ki,8.36
4066538,O=C1NCN(c2ccccc2)C13CCN(CC3)[C@@H]4CC[C@H]5CCCc6cccc4c56,CHEMBL412098,IC50,8.36
9342957,O[C@H]1CN(C[C@@H]2CCc3cccnc3[C@@H](O)C2)CC[C@@H]1c4ccc(F)cc4Cl,CHEMBL513423,Ki,8.36
1729396,CCOC(=O)N1CCC(C)(CC1)Sc2nc3cc(Cl)c(cc3[nH]2)N4CCN(CC)CC4,CHEMBL466222,IC50,8.37
9342970,CN1CCN(CC1)c2nc3ccccc3n2C4CCN(CC4)C5(CO)CCCCCCC5,CHEMBL1650847,Ki,8.37
9342981,Cc1ccccc1[C@@H]2CCN(C[C@@H]3CCc4cccnc4[C@@H](O)C3)C[C@H]2CO,CHEMBL472125,Ki,8.37
9342992,Cc1ncc(cc1F)c2c(C)c(CN[C@H]3CC[C@@H](F)C3)nn2C,CHEMBL561732,IC50,8.37
9343003,OCC1(CCCCC1)N2CCC(CC2)n3c(nc4ccccc34)c5ccc(F)c(Cl)c5,CHEMBL1650849,Ki,8.37
4070566,OCC1(CCCCCCC1)N2CCC(CC2)N3C(=O)Nc4ccccc34,CHEMBL1650851,Ki,8.37
9343016,COc1ccc(C)c(OC(CCN2CCC(CC2)N3C(=O)N(Cn4ccnc4)c5ccccc35)C(C)C)c1,CHEMBL260784,Ki,8.38
9343027,COc1ccc(CNC[C@@H](O)CN2CN(c3ccccc3)C4(CCN(CCc5ccccc5c6cccs6)CC4)C2=O)cc1,CHEMBL3394744,IC50,8.38
9343038,CC(C)S(=O)(=O)NCc1ccccc1C2(O)CCN(CC2)C(c3ccccc3Cl)c4ccccc4Cl,CHEMBL437177,Ki,8.39
9343049,CNCCN1CN(c2ccccc2)C3(CCN(CC3)C(c4ccccc4Cl)c5ccccc5Cl)C1=O,CHEMBL473068,Ki,8.39
4065390,COCCN1C(=O)N(C2CCN(CCC(Oc3cc(OC)ccc3C)C(C)C)CC2)c4ccccc14,CHEMBL239043,Ki,8.39
4071360,Brc1cccc(c1)N2CNC(=O)C23CCN(CC3)C4Cc5cccc6cccc4c56,CHEMBL419272,Ki,8.4
9343064,C1CN(CCC1c2c[nH]c3ncccc23)C4Cc5cccc6cccc4c56,CHEMBL379297,Ki,8.4
4072736,CC(C)C1CCC(CC1)N2CCC(CC2)N3C(=O)Cc4ccccc34,CHEMBL2387187,Ki,8.4
4072746,CC(C)[C@@H]1CC[C@@H](CC1)N2CCC(CC2)N3C(=O)Cc4ccccc34,CHEMBL418980,Ki,8.4
9343079,COC(=O)CN1C(=O)N(C2CCN(CCC(Oc3cc(OC)ccc3C)C(C)C)CC2)c4ccccc14,CHEMBL238637,Ki,8.4
4064911,COCN1C(=O)N(C2CCN(CCC(Oc3cc(OC)ccc3C)C(C)C)CC2)c4ccccc14,CHEMBL238833,Ki,8.4
9343092,COc1ccc(C)c(OC(CCN2CCC(CC2)N3C(=O)N(CCN(C)C)c4ccccc34)C(C)C)c1,CHEMBL238795,Ki,8.4
9343103,COc1ccc(C)c(OC(CCN2CCC(CC2)N3C(=O)N(C[S+](C)[O-])c4ccccc34)C(C)C)c1,CHEMBL391422,Ki,8.4
9343114,COc1cccc(n1)[C@]2(CNC(=O)C)C[C@H]3CC[C@@H](C2)N3C(c4ccccc4Cl)c5ccccc5Cl,CHEMBL3349258,Ki,8.4
9343125,Cc1ccc(cn1)c2c(C)c(CNC3CCCC3)nn2c4ncccc4Cl,CHEMBL494767,IC50,8.4
4072069,Cc1cccc(c1)N2CNC(=O)C23CCN(CC3)C4Cc5cccc6cccc4c56,CHEMBL308522,Ki,8.4
9343138,Cc1ccccc1C(N2CCC(O)(CC2)c3ccccc3)c4ccccc4C,CHEMBL389665,Ki,8.4
4066065,NC(=O)[C@@]1(C[C@H]2CC[C@@H](C1)N2C(c3ccccc3Cl)c4ccccc4Cl)c5ccccn5,CHEMBL3084528,Ki,8.4
9343151,NC1(CC2CCC(C1)N2C(c3ccccc3Cl)c4ccccc4Cl)c5ccccc5,CHEMBL512258,Ki,8.4
9343161,O=C1Nc2ccccc2N([C@H]3C[C@H]4CCC[C@@H](C3)N4C5CCCCCCC5)C1=O,CHEMBL3665439,Ki,8.4
9343171,OC1(CCN(CC1)C(c2ccccc2)c3ccccc3Cl)c4ccccc4,CHEMBL228849,Ki,8.4
4062416,CC(C)C1CCC(CC1)N2CCC(CC2)N3c4ccccc4CN(CC(=O)N)S3(=O)=O,CHEMBL186822,Ki,8.41
4062843,COc1ccc(C)c(OC(CCN2CCC(CC2)N3C(=O)N(Cc4occn4)c5ccccc35)C(C)C)c1,CHEMBL262062,Ki,8.41
4062922,COc1ccc(CCNC[C@@H](O)CN2CN(c3ccccc3)C4(CCN(CCc5ccccc5c6cccs6)CC4)C2=O)cc1OC,CHEMBL3394751,IC50,8.41
9343188,CN(C)C(=O)[C@@H]1Cc2ccccc2N1C(=O)CCN3CCC(CC3)c4ccc(F)cc4C,CHEMBL2064159,Ki,8.42
9343199,Clc1ccccc1C(N2CCC3(CC2)N(CN(CCNCC4CCCCC4)C3=O)c5ccccc5)c6ccccc6Cl,CHEMBL501088,Ki,8.42
4075612,CN(C)[C@@]1(CC[C@]2(CC1)SCCc3c2[nH]c4ccccc34)c5ccccc5.OC(=O)CC(O)(CC(=O)O)C(=O)O,CHEMBL3326230,Ki,8.43
9343212,COc1ccc(C)c(OC(CCN2CCC(CC2)N3C(=O)N(Cc4c[nH]cn4)c5ccccc35)C(C)C)c1,CHEMBL410257,Ki,8.43
9343223,Cc1cc(F)ccc1[C@@H]2CCN(C[C@@H]3CCc4cccnc4[C@@H](O)C3)C[C@H]2O,CHEMBL472304,Ki,8.43
9343234,Clc1ccccc1C(N2CCC3(CC2)N(CN(CCNC4CC4)C3=O)c5ccccc5)c6ccccc6Cl,CHEMBL517265,Ki,8.43
9343245,CC1(C)CCC(N2CCC3(CC2)N(CN(CCNCc4ccccc4)C3=O)c5ccccc5)c6ccccc16,CHEMBL511162,Ki,8.44
9343256,Cc1ccc(C(N2C3CCC2CC(O)(C3)C4CCNC4=O)c5ccccc5Cl)c(Cl)c1,CHEMBL506634,Ki,8.44
4065765,COc1ccc(C)c(OC(CCN2CCC(CC2)N3C(=O)N(Cc4c(C)onc4C)c5ccccc35)C(C)C)c1,CHEMBL259120,Ki,8.45
4063166,CC(N1CCC2(CC1)N(CNC2=O)c3ccccc3)c4ccccc4,CHEMBL392893,Ki,8.46
9343271,CN(C)CCN1CN(c2ccccc2)C3(CCN(CC3)C(c4ccccc4Cl)c5ccccc5Cl)C1=O,CHEMBL460636,Ki,8.46
9343282,CNC(=O)CN1C(=O)N(C2CCN(CC2)C3CCC4CCCCC4C3)c5ccccc15,CHEMBL1087278,Ki,8.46
1717474,C[C@@H]1CN(C[C@@H]2CCc3cccnc3[C@@H](O)C2)CC[C@H]1c4ccccc4C,CHEMBL511658,Ki,8.46
9343295,CC[C@H](C)[C@H](NC(=O)[C@H](CCCNC(=N)N)NC(=O)[C@H](Cc1ccc(O)cc1)NC(=O)[C@H](Cc2ccccc2)NC(=O)[C@H](CCCNC(=N)N)NC(=O)C34CC5CC(CC(C5)C3)C4)C(=O)N[C@@H](CCCCN)C(=O)N,CHEMBL256687,IC50,8.47
4068103,O=C1Cc2ccccc2N1C3CCN(CC3)[C@@H]4CC[C@@H]5CCCc6cccc4c56,CHEMBL3262543,Ki,8.47
4069383,OC1(CC2CCC(C1)N2C(c3ccccc3Cl)c4ccccc4Cl)c5ccccc5,CHEMBL466847,Ki,8.47
4076109,CN1CN(c2ccccc2)C3(CCN(CC3)C4CCc5c(Cl)ccc(Cl)c5C4)C1=O,CHEMBL27729,Ki,8.48
9343312,COc1ccc(C)c(OC(CCN2CCC(CC2)N3C(=O)N(Cn4cccn4)c5ccccc35)C(C)C)c1,CHEMBL428253,Ki,8.48
4072704,CCC1C(=O)N(C2CCN(CC2)[C@H]3CC[C@@H]4CCCc5cccc3c45)c6ccccc16,CHEMBL3262544,Ki,8.5
9343325,CCc1c(CN[C@H]2CC[C@@H](F)C2)nc(c3ncccc3Cl)n1c4ccc(C)nc4,CHEMBL564812,IC50,8.5
9343336,Clc1ccccc1C(N2CCC3(CC2)N(CN(CCCN4CCCC4)C3=O)c5ccccc5)c6ccccc6Cl,CHEMBL464191,Ki,8.5
4067400,Clc1ccccc1CN2CCC3(CC2)N(CNC3=O)c4ccccc4,CHEMBL401451,Ki,8.5
9343349,CC(C)C1CCC(CC1)N2CCC3(CC2)C(=O)N(C)Cc4ccccc34,CHEMBL272852,Ki,8.51
9343360,Cc1c(CN[C@H]2CC[C@@H](F)C2)nn(C)c1c3cc(F)cc(F)c3,CHEMBL562932,IC50,8.51
9343371,CCC(=O)CN1C(=O)N(C2CCN(CCC(Oc3cc(OC)ccc3C)C(C)C)CC2)c4ccccc14,CHEMBL239260,Ki,8.52
4077545,CCC1C(=O)N(C2CCN(CC2)[C@@H]3CC[C@@H]4CCCc5cccc3c45)c6ccccc16,CHEMBL3262545,Ki,8.52
4064979,CN(C)C(=O)[C@@H]1Cc2ccccc2N1C(=O)CCN3CCC(CC3)c4ccccc4C,CHEMBL2064156,Ki,8.52
9343386,COc1ccc(C)c(OC(CCN2CCC(CC2)N3C(=O)N(CC(=O)N)c4ccccc34)C(C)C)c1,CHEMBL391486,Ki,8.52
9343397,COc1ccc(C)c(OC(CCN2CCC(CC2)N3C(=O)N(CC(=O)NC4CC4)c5ccccc35)C(C)C)c1,CHEMBL238818,Ki,8.52
4064922,COc1ccc(C)c(OC(CCN2CCC(CC2)N3C(=O)N(CS(=O)(=O)C)c4ccccc34)C(C)C)c1,CHEMBL241357,Ki,8.52
4065666,COc1ccc(Cl)c(OC(CCN2CCC(CC2)n3c(O)nc4ccccc34)C(C)C)c1,CHEMBL262104,Ki,8.52
9343412,COc1ccccc1C(N2CCC(O)(CC2)c3ccccc3)c4ccccc4OC,CHEMBL228964,Ki,8.52
9343423,Cc1ccc(C(N2C3CCC2CC(O)(C3)C4=NCCCN4)c5ccccc5Cl)c(Cl)c1,CHEMBL466679,Ki,8.52
9343434,Cc1cccc(c1)C(N2CCC(O)(CC2)c3ccccc3)c4ccccc4,CHEMBL390279,Ki,8.52
9343445,Clc1ccccc1C(N2[C@H]3CC[C@H]2CC(C3)C4CCCCN4CC#N)c5ccccc5Cl,CHEMBL561115,Ki,8.52
9343456,NC(=O)C[C@]1(Cc2ccc(F)cc2)C[C@H]3CC[C@@H](C1)N3C(c4ccccc4Cl)c5ccccc5Cl,CHEMBL3084555,Ki,8.52
4064831,NC(=O)[C@@]1(C[C@H]2CC[C@@H](C1)N2C(c3ccccc3Cl)c4ccccc4Cl)c5cccnc5,CHEMBL3084559,Ki,8.52
9343469,OC(=O)C1(CC2CCC(C1)N2C(c3ccccc3Cl)c4ccccc4Cl)c5ccccc5,CHEMBL513471,Ki,8.52
4066933,OC1(CC2CCC(C1)N2C(c3ccccc3Cl)c4ccccc4Cl)c5cccnc5,CHEMBL511374,Ki,8.52
4071426,CNC(=O)CN1Cc2ccccc2N(C3CCN(CC3)C4CCC(CC4)C(C)C)S1(=O)=O,CHEMBL1081192,Ki,8.54
4072441,Clc1cccc2CC(CCc12)N3CCC4(CC3)N(CNC4=O)c5ccccc5,CHEMBL27699,Ki,8.54
9343486,CC[C@H](C)[C@H](NC(=O)[C@H](CCCNC(=N)N)NC(=O)[C@H](Cc1ccc(O)cc1)NC(=O)[C@H](Cc2ccccc2)NC(=O)[C@H](CCCNC(=N)N)NC(=O)C(C)C)C(=O)N[C@@H](CCCCN)C(=O)N,CHEMBL436852,IC50,8.55
4073810,Clc1ccc(Cl)c2C[C@H](CCc12)N3CCC4(CC3)N(CNC4=O)c5ccccc5,CHEMBL283910,Ki,8.55
9343499,CC(C)CNCCN1CN(c2ccccc2)C3(CCN(CC3)C(c4ccccc4Cl)c5ccccc5Cl)C1=O,CHEMBL457244,Ki,8.56
9343510,CNC(=O)CN1C(=O)N(C2CCN(Cc3ccc(C)c4ccccc34)CC2)c5ccccc15,CHEMBL1080508,Ki,8.57
4065688,Cc1ccc(C(N2C3CCC2CC(O)(C3)c4cccc(F)c4)c5ccccc5Cl)c(Cl)c1,CHEMBL467488,Ki,8.57
9343523,CC(C)NCCN1CN(c2ccccc2)C3(CCN(CC3)C(c4ccccc4Cl)c5ccccc5Cl)C1=O,CHEMBL518325,Ki,8.59
1738961,C[C@@H]1CN(CCO)CCN1c2cc3[nH]c(SC(C)(C)C)nc3cc2Cl,CHEMBL494350,IC50,8.59
9343536,Cc1cc(N)c2cc(NC(=O)c3ccccc3COc4ccc(Br)cc4)ccc2n1,CHEMBL142454,Ki,8.59
4071790,Clc1cccc2CCCC(N3CCC4(CC3)N(CNC4=O)c5ccccc5)c12,CHEMBL393781,Ki,8.59
4071637,CC1(CCCCCCC1)N2CCC(CC2)n3cnc4ccccc34,CHEMBL480619,Ki,8.6
9343551,CNC(=O)CN1c2ccccc2N(C3CCN(CC3)C4CCCCCCCCC4)S1(=O)=O,CHEMBL1079571,Ki,8.6
9343562,COc1ccc(C)c(OC(CCN2CCC(CC2)N3C(=O)N(Cc4cocn4)c5ccccc35)C(C)C)c1,CHEMBL262064,Ki,8.6
9343573,Cc1ccc(cn1)c2c(C)c(CN[C@H]3CC[C@@H](F)C3)nn2c4ncccc4Cl,CHEMBL468308,IC50,8.6
4068753,O=C1NCN(c2ccccc2)C13CCN(CC3)C4Cc5ccccc5C4,CHEMBL28172,Ki,8.6
4071393,O=C1NCN(c2ccccc2)C13CCN(CC3)[C@@H]4CCCc5ccccc45,CHEMBL27716,Ki,8.6
9343588,CCCC(N1CCC2(CC1)N(CNC2=O)c3ccccc3)c4ccccc4,CHEMBL241112,Ki,8.62
9343602,CCN1C(=O)N([C@@H]2CCN(CC3CCCCCCC3)C[C@H]2CO)c4ccccc14,CHEMBL357076,IC50,8.62
1730410,CCN1CCN(CC1)c2cc3[nH]c(S[C@@]4(C)CC[C@@H](CC4)NC(=O)OC)nc3cc2Cl,CHEMBL468302,IC50,8.62
4063033,COc1ccc(C)c(OC(CCN2CCC(CC2)N3C(=O)N(Cc4nocn4)c5ccccc35)C(C)C)c1,CHEMBL259048,Ki,8.62
9343616,OC(=O)C1=Nc2ccccc2N([C@H]3C[C@H]4CCC[C@@H](C3)N4C5CC6CCCC(C6)C5)C1=O,CHEMBL3647958,Ki,8.62
4078109,CNC(=O)CN1N=C(c2ccccc2)C3(CCN(CC3)C4CCCCCCCCC4)C1=O,CHEMBL1080464,Ki,8.64
9343628,Cc1cc(N)c2cc(NC(=O)c3ccccc3COc4ccc(cc4)[N+](=O)[O-])ccc2n1,CHEMBL337128,Ki,8.64
9343639,Cl.OCC(CO)N1C(=O)N(C2CCN(C[C@H]3[C@H]4CC[C@H](C4)C35CC5)CC2)c6ccccc16,CHEMBL563657,IC50,8.64
9343650,Cl.OC[C@H](O)CN1C(=O)N(C2CCN(C[C@H]3[C@H]4CC[C@H](C4)C35CC5)CC2)c6ccccc16,CHEMBL564840,IC50,8.64
4067389,Clc1cccc(Cl)c1CN2CCC3(CC2)N(CN(CCN4CCCC4)C3=O)c5ccccc5,CHEMBL473904,Ki,8.64
4068157,Clc1cccc(Cl)c1CN2CCC3(CC2)N(CNC3=O)c4ccccc4,CHEMBL240215,Ki,8.64
4062394,OC1(CC2CCC(C1)N2C(c3ccccc3)c4ccccc4)c5ccccc5,CHEMBL511920,Ki,8.64
9343667,Clc1ccccc1C(N2CCC3(CC2)N(CN(CCN4CCCC4)C3=O)c5ccccc5)c6ccccc6Cl,CHEMBL457451,Ki,8.65
9343678,CC(C)[C@@H]1CC[C@@H](CC1)N2CCC3(CC2)[C@@H]4CNC[C@@H]4CN3c5ccccc5,CHEMBL2112344,Ki,8.66
1727753,CCN1CCN(CC1)c2cc3[nH]c(S[C@@]4(C)CC[C@@H](CC4)c5nnn(C)n5)nc3cc2Cl,CHEMBL466448,IC50,8.66
9343691,CN1CCN(Cc2ccccc2C3(O)CCN(CC3)C(c4ccccc4Cl)c5ccccc5Cl)CC1,CHEMBL232076,Ki,8.66
9343702,Cc1cc(N)c2cc(NC(=O)c3ccccc3COc4ccc(Cl)cc4)ccc2n1,CHEMBL342580,Ki,8.66
9343713,Oc1ccc2C[C@@H]3[C@@H]4c5[nH]c6ccccc6c5C[C@@H]7Oc1c2[C@]47CCN3CC8CC8,CHEMBL418105,Ki,8.66
9343724,CC(C)[C@@H]1CC[C@@H](CC1)N2CCC3(CC2)[C@@H]4CN(Cc5ccccc5)C[C@@H]4CN3c6ccccc6,CHEMBL2112343,Ki,8.67
9343735,CCCCNCCN1CN(c2ccccc2)C3(CCN(CC3)C(c4ccccc4Cl)c5ccccc5Cl)C1=O,CHEMBL515829,Ki,8.67
9343746,CC(C)[C@@H]1CC[C@@H](CC1)N2CCC3(CC2)[C@@H]4CN(CCN5CCOCC5)C[C@@H]4CN3c6ccccc6,CHEMBL2112341,Ki,8.68
4069479,CC1CN(CC(C)N1)c2nc3ccccc3n2C4CCN(CC4)C5(C)CCCCCCC5,CHEMBL519925,Ki,8.68
9343759,CCC(CC)Sc1nc2cc(Cl)c(cc2[nH]1)N3CCNCC3,CHEMBL258710,IC50,8.68
9343770,CCN1CCN(CC1)c2cc3[nH]c(S[C@@]4(C)CC[C@@H](CC4)NS(=O)(=O)C)nc3cc2Cl,CHEMBL467266,IC50,8.68
9343781,CCNCCN1CN(c2ccccc2)C3(CCN(CC3)C(c4ccccc4Cl)c5ccccc5Cl)C1=O,CHEMBL475096,Ki,8.68
4067637,CNCCN1CN(c2ccccc2)C3(CCN(CC3)C4CCC(C)(C)c5ccccc45)C1=O,CHEMBL474485,Ki,8.68
4066922,O=C1Cc2ccccc2N1C3CCN(CC3)[C@H]4CC[C@@H]5CCCc6cccc4c56,CHEMBL3262542,Ki,8.68
4071307,O=C1NCN(c2ccccc2)C13CCN(CC3)C4CCCc5ccccc45,CHEMBL27460,Ki,8.68
9343798,CN(C)C(=O)C(CN1CCC2(CC1)OCCc3ccsc23)Cn4cccn4.OC(C(O)C(=O)O)C(=O)O,CHEMBL2088039,Ki,8.69
1732217,CCN1CCN(CC1)c2cc3[nH]c(nc3cc2C)C(=O)[C@@]4(C)CC[C@@H](CC4)NC(=O)OC,CHEMBL466112,IC50,8.7
9343811,CCn1nc(CN[C@H]2CC[C@@H](F)C2)c(C)c1c3cnc(C)c(F)c3,CHEMBL557623,IC50,8.7
4070432,CNC(=O)CN1CN(c2ccccc2)C3(CCN(CCC(Oc4cc(OC)ccc4C)C(C)C)CC3)C1=O,CHEMBL391631,Ki,8.7
4068462,CNC(=O)NC1(CC2CCC(C1)N2C(c3ccccc3Cl)c4ccccc4Cl)c5ccccc5,CHEMBL467314,Ki,8.7
9343826,CNC(=O)NCc1ccccc1C2(O)CCN(CC2)C(c3ccccc3Cl)c4ccccc4Cl,CHEMBL231866,Ki,8.7
4066584,CNCCN1C(=O)N(C2CCN(CCC(Oc3cc(OC)ccc3C)C(C)C)CC2)c4ccccc14,CHEMBL240084,Ki,8.7
9343839,COCCN1C(=O)N(C2CCN(CC[C@H](Oc3cc(OC)ccc3C)C(C)C)CC2)c4ccccc14,CHEMBL260768,Ki,8.7
4067725,COc1ccc(C)c(OC(CCN2CCC3(CC2)N(CNC3=O)c4ccccc4)C(C)C)c1,CHEMBL391650,Ki,8.7
9343851,Cc1ccccc1C(N2CCC(O)(CC2)c3ccccc3)c4ccccc4,CHEMBL388123,Ki,8.7
9343862,Clc1cccc2C(CCCc12)N3CCC4(CC3)N(CNC4=O)c5ccccc5,CHEMBL241086,Ki,8.7
9343873,Clc1ccccc1C(N2[C@H]3CC[C@H]2CC(C3)C4CCCCN4)c5ccccc5Cl,CHEMBL561373,Ki,8.7
9343884,Cn1cc(C2CCN(CC2O)C3Cc4cccc5cccc3c45)c6cccnc16,CHEMBL212525,Ki,8.7
4071382,O=C1NCN(c2ccccc2)C13CCN(CC3)[C@H]4Cc5cccc6cccc4c56,CHEMBL1907858,Ki,8.7
9343897,OC1(CCN(CC1)C(c2ccccc2Cl)c3ccccc3Cl)c4ccccc4,CHEMBL228911,Ki,8.7
9343908,OCCN1CCCCC1C2C[C@@H]3CC[C@@H](C2)N3C(c4ccccc4Cl)c5ccccc5Cl,CHEMBL551111,Ki,8.7
9343919,CCN1CCN(CC1)c2cc3[nH]c(S[C@@]4(C)CC[C@@H](CC4)NC(=O)C)nc3cc2Cl,CHEMBL467677,IC50,8.72
9343930,Cc1ccc(C(N2C3CCC2CC(O)(C3)C4CCCC4)c5ccccc5Cl)c(Cl)c1,CHEMBL466067,Ki,8.72
4079004,Cl.CN(C)[C@@]1(CC[C@H](CC1)NC(=O)NCCCc2ccccc2)c3ccccc3,CHEMBL3325881,Ki,8.72
9343943,Cl.OC[C@@H](O)CN1C(=O)N(C2CCN(C[C@H]3[C@H]4CC[C@H](C4)C35CC5)CC2)c6ccccc16,CHEMBL563980,IC50,8.72
9343954,OC1(CCN(CC1)C(c2ccccc2Cl)c3ccccc3Cl)c4ccccc4CN5CCNCC5,CHEMBL232075,Ki,8.72
9343965,CCCC(=O)N[C@@H](CCCNC(=N)N)C(=O)N[C@@H](Cc1ccccc1)C(=O)N[C@@H](Cc2ccc(O)cc2)C(=O)N[C@@H](CCCNC(=N)N)C(=O)N[C@@H]([C@@H](C)CC)C(=O)N[C@@H](CCCCN)C(=O)N,CHEMBL428076,IC50,8.73
4067168,COc1ccc(C)c(OC(CCN2CCC(CC2)N3C(=O)N(Cn4cncn4)c5ccccc35)C(C)C)c1,CHEMBL411643,Ki,8.73
9343978,CN(C)C(=O)C(CN1CCC2(CC1)OCCc3ccsc23)Cc4ccccc4Cl,CHEMBL2088041,Ki,8.74
9343989,CC1(CCCCC1)Sc2nc3cc(Cl)c(cc3[nH]2)N4CCN(CCO)CC4,CHEMBL263917,IC50,8.75
9344000,CCCCNCCN1CN(c2ccccc2)C3(CCN(CC3)C4CCCc5c(Cl)cccc45)C1=O,CHEMBL511161,Ki,8.75
9344011,CCCc1cc(N)c2cc(NC(=O)c3ccccc3COc4ccc(Cl)cc4)ccc2n1,CHEMBL140640,Ki,8.75
9344022,CCN1CCN(CC1)c2cc3[nH]c(S[C@@]4(C)CC[C@@H](CC4)c5oc(C)nn5)nc3cc2Cl,CHEMBL467280,IC50,8.75
9344033,CCc1cc(N)c2cc(NC(=O)c3ccccc3COc4ccc(Cl)cc4)ccc2n1,CHEMBL434060,Ki,8.75
9344044,Cc1cc(N)c2cc(NC(=O)c3ccccc3COc4ccc(cc4)C(F)(F)F)ccc2n1,CHEMBL139776,Ki,8.75
9344055,NCc1ccccc1C2(O)CCN(CC2)C(c3ccccc3Br)c4ccccc4Br,CHEMBL233956,Ki,8.75
4067509,COc1ccc(C)c(OC(CCN2CCC(CC2)N3C(=O)N(Cc4ncn[nH]4)c5ccccc35)C(C)C)c1,CHEMBL260556,Ki,8.76
4065480,CC1(C)CCC(N2CCC3(CC2)N(CN(CCO)C3=O)c4ccccc4)c5ccccc15,CHEMBL474283,Ki,8.77
9344070,CC1(CCCCCCC1)N2CCC(CC2)n3c(nc4ccccc34)c5ccc6cc[nH]c6c5,CHEMBL481548,Ki,8.77
1749167,CCN1CCN(CC1)c2cc3[nH]c(S[C@@]4(C)CC[C@@H](CC4)c5onc(C)n5)nc3cc2Cl,CHEMBL466252,IC50,8.77
9344083,CC[C@H](C)[C@H](NC(=O)[C@H](CCCNC(=N)N)NC(=O)[C@H](Cc1ccc(O)cc1)NC(=O)[C@H](Cc2ccccc2)NC(=O)[C@H](CCCNC(=N)N)NC(=O)CC)C(=O)N[C@@H](CCCCN)C(=O)N,CHEMBL403807,IC50,8.77
9344094,CNC(=O)CN1C(=O)N(C2CCN(CC2)C3CCC(CC3)C(C)C)c4ccccc14,CHEMBL1087657,Ki,8.77
4062166,COc1ccc(C)c(OC(CCN2CCC(CC2)N3C(=O)N(Cc4ncsn4)c5ccccc35)C(C)C)c1,CHEMBL261839,Ki,8.77
4067266,NC(=O)C1(CC2CCC(C1)N2C(c3ccccc3Cl)c4ccccc4Cl)c5ccccc5,CHEMBL512414,Ki,8.77
9344109,CC(C)[C@@H]1CC[C@@H](CC1)N2CCC3(CC2)[C@@H]4CN(CC5CC5)C[C@@H]4CN3c6ccc(F)cc6,CHEMBL2112346,Ki,8.78
9344120,CC(C)[C@@H]1CC[C@@H](CC1)N2CCC3(CC2)[C@@H]4CN(C[C@@H]4CN3c5ccccc5)c6ccccc6,CHEMBL2112347,Ki,8.78
9344131,CC[C@H](C)[C@H](NC(=O)[C@H](CCCNC(=N)N)NC(=O)[C@H](Cc1ccc(O)cc1)NC(=O)[C@H](Cc2ccc(O)cc2)NC(=O)[C@H](CCCNC(=N)N)NC(=O)C(C)C)C(=O)N[C@@H](CCCCN)C(=O)N,CHEMBL3343949,IC50,8.78
9344142,CN(C)C(=O)C(CN1CCC2(CC1)OCc3ccc(F)cc23)Cc4cscn4,CHEMBL2088037,Ki,8.79
4067356,CCNCCN1CN(c2ccccc2)C3(CCN(CC3)C4CCC(C)(C)c5ccccc45)C1=O,CHEMBL474687,Ki,8.8
4067904,Clc1ccc(cc1)N2CNC(=O)C23CCN(CC3)C4Cc5cccc6cccc4c56,CHEMBL77324,Ki,8.8
4068841,Fc1ccc(cc1)N2CNC(=O)C23CCN(CC3)C4Cc5cccc6cccc4c56,CHEMBL306150,Ki,8.8
9344159,NCc1ccccc1C2(O)CCN(CC2)C(c3ccccc3)c4ccccc4,CHEMBL233503,Ki,8.8
4068027,CC(C)CCC(N1CCC2(CC1)N(CNC2=O)c3ccccc3)c4ccccc4,CHEMBL428033,Ki,8.82
4065189,CC1(C)CCC(N2CCC3(CC2)N(CN(CCNC4CCC4)C3=O)c5ccccc5)c6ccccc16,CHEMBL474092,Ki,8.82
4067146,COc1ccc(C)c(OC(CCN2CCC(CC2)N3C(=O)N(Cc4ccsc4)c5ccccc35)C(C)C)c1,CHEMBL259511,Ki,8.82
1730058,OCC1(CCCCCCC1)N2CCC(CC2)n3c(nc4ccccc34)N5CC6CNCC6C5,CHEMBL1650844,Ki,8.84
4064853,CC(C)NCCN1CN(c2ccccc2)C3(CCN(CC3)C4CCC(C)(C)c5ccccc45)C1=O,CHEMBL514489,Ki,8.85
9344180,CC(C)c1c(CN[C@H]2CC[C@@H](F)C2)nc(c3ncccc3Cl)n1c4ccc(C)nc4,CHEMBL561397,IC50,8.85
4064864,CC1(C)CCC(N2CCC3(CC2)N(CN(CCN4CCCC4)C3=O)c5ccccc5)c6ccccc16,CHEMBL473898,Ki,8.85
4066241,CC1(C)CCC(N2CCC3(CC2)N(CNC3=O)c4ccccc4)c5ccc(Cl)cc15,CHEMBL393807,Ki,8.85
9344195,CCN1CCN(CC1)c2cc3[nH]c(S[C@@]4(C)CC[C@@H](CC4)N5CCCC5=O)nc3cc2Cl,CHEMBL506207,IC50,8.85
9344206,CCN1CCN(CC1)c2cc3[nH]c(nc3cc2Cl)C(=O)[C@@]4(C)CC[C@](C)(O)CC4,CHEMBL466308,IC50,8.85
9344217,COCc1c(CN[C@H]2CC[C@@H](F)C2)nn(C)c1c3cc(F)cc(F)c3,CHEMBL557721,IC50,8.85
4066671,COc1ccc(C)c(OC(CCN2CCC(CC2)N3C(=O)N(Cc4cccs4)c5ccccc35)C(C)C)c1,CHEMBL260169,Ki,8.85
4067893,Cc1cccc2C(CCCc12)N3CCC4(CC3)N(CNC4=O)c5ccccc5,CHEMBL280827,Ki,8.85
4068092,O=C1Cc2ccccc2N1C3CCN(CC3)C4CCCCCCC4,CHEMBL101454,Ki,8.85
9344234,CC[C@H](C)[C@H](NC(=O)[C@H](CCCNC(=N)N)NC(=O)[C@H](Cc1ccc(O)cc1)NC(=O)[C@H](Cc2ccc(O)cc2)NC(=O)[C@H](CCCNC(=N)N)NC(=O)CC)C(=O)N[C@@H](CCCCN)C(=O)N,CHEMBL3343948,IC50,8.86
4066308,CC1(C)CCC(N2CCC3(CC2)N(CNC3=O)c4ccccc4)c5ccccc15,CHEMBL239822,Ki,8.89
4067703,CNC(=O)CN1C(=O)N(C2CCN(CC2)C3CCCC4(CCCCC4)C3)c5ccccc15,CHEMBL1088171,Ki,8.89
4076820,CN(C)[C@@]1(CC[C@@]2(CCCc3c2[nH]c4ccccc34)CC1)c5ccccc5,CHEMBL3326231,Ki,8.9
4069799,Clc1cccc(c1)N2CNC(=O)C23CCN(CC3)C4Cc5cccc6cccc4c56,CHEMBL312021,Ki,8.9
9344253,CC(C)[C@@H]1CC[C@@H](CC1)N2CCC3(CC2)[C@@H]4CN(C)C[C@@H]4CN3c5ccccc5,CHEMBL2112345,Ki,8.92
9344265,CCC(C)(CC)Sc1nc2cc(Cl)c(cc2[nH]1)N3CCN(CCO)CC3,CHEMBL263918,IC50,8.92
4066814,COc1ccc(C)c(OC(CCN2CCC(CC2)N3C(=O)N(Cc4cscn4)c5ccccc35)C(C)C)c1,CHEMBL259263,Ki,8.92
4069983,O=C1NCN(c2ccccc2)C13CCN(CC3)C4CCc5ccccc45,CHEMBL284414,Ki,8.92
9344280,[3H]C(C(=O)N[C@@H](CCCNC(=N)N)C(=O)N[C@@H](Cc1ccc(O)cc1)C(=O)N[C@@H](Cc2ccc(O)cc2)C(=O)N[C@@H](CCCNC(=N)N)C(=O)N[C@@H]([C@@H](C)CC)C(=O)N[C@@H](CCCCN)C(=O)N)C([3H])(C)C,CHEMBL3343946,Kd,8.92
9344291,O=C1NCN(c2ccccc2)C13CCN(CC3)[C@H]4CC[C@@H]5CCCc6cccc4c56,CHEMBL2088034,Ki,8.95
4069251,CCCCC(N1CCC2(CC1)N(CNC2=O)c3ccccc3)c4ccccc4,CHEMBL391082,Ki,8.96
1730713,CCN1CCN(CC1)c2cc3[nH]c(S[C@@]4(C)CC[C@@H](CC4)c5ocnn5)nc3cc2Cl,CHEMBL467279,IC50,8.96
4080131,CN[C@@]1(CC[C@]2(CC1)OCCc3c2[nH]c4ccccc34)c5ccccc5.OC(=O)CC(O)(CC(=O)O)C(=O)O,CHEMBL3326232,Ki,8.96
4065334,C[C@@H]1C[C@@H]2C[C@H](C1)C[C@H](C2)N3[C@@H]4CCC[C@H]3C[C@H](C4)N5C(=O)C(=Nc6ccccc56)C(=O)O,CHEMBL3647962,Ki,8.96
4065010,C[C@H]1CN(CCO)CCN1c2cc3[nH]c(SC(C)(C)C)nc3cc2Cl,CHEMBL495402,IC50,8.96
9344311,Cc1ncc(cc1F)c2c(C)c(CNC3CCCC3)nn2c4ncccc4Cl,CHEMBL512975,IC50,8.96
4072299,Cl.Cl.CN(C)[C@@]1(CC[C@H](CC1)NCCc2c[nH]c3ccccc23)c4ccccc4,CHEMBL3326222,Ki,8.96
4064765,NCc1ccccc1C2(O)CCN(CC2)C(c3ccccc3)c4ccccc4Br,CHEMBL233536,Ki,8.96
1739780,O[C@H]1C[C@H](CN2CCC(CC2)c3ccccc3Cl)CCc4cccnc14,CHEMBL487485,Ki,8.96
4066781,CCCNCCN1CN(c2ccccc2)C3(CCN(CC3)C4CCC(C)(C)c5ccccc45)C1=O,CHEMBL473272,Ki,9.0
9344330,CCN(CC)CCN1CN(c2ccccc2)C3(CCN(Cc4c(Cl)cccc4Cl)CC3)C1=O,CHEMBL473701,Ki,9.0
9344341,CCN1CCN(CC1)c2cc3[nH]c(S[C@@]4(C)CC[C@@H](CC4)C(=O)NC)nc3cc2Cl,CHEMBL468315,IC50,9.0
4080024,CN(C)[C@@]1(CC[C@]2(CC1)OCCc3c2[nH]c4ccc(O)cc34)c5ccccc5.OC(=O)CC(O)(CC(=O)O)C(=O)O,CHEMBL3325961,Ki,9.0
9344354,CN1CCCCC1[C@H]2C[C@H]3CC[C@@H](C2)N3C(c4ccccc4Cl)c5ccccc5Cl,CHEMBL3084677,Ki,9.0
4068484,COc1ccc(C)c(OC(CCN2CCC(CC2)N3C(=O)N(CCSC)c4ccccc34)C(C)C)c1,CHEMBL393960,Ki,9.0
4069110,COc1ccc(C)c(OC(CCN2CCC(CC2)N3C(=O)N(CSC)c4ccccc34)C(C)C)c1,CHEMBL240074,Ki,9.0
4068323,COc1ccccc1C(N2CCC(O)(CC2)c3ccccc3)c4ccccc4,CHEMBL228857,Ki,9.0
9344371,CC1CN(CCN1)c2nc3ccccc3n2C4CCN(CC4)C5(CO)CCCCCCC5,CHEMBL1650848,Ki,9.02
4062876,CN(C)C(=O)[C@@H]1Cc2ccccc2N1C(=O)CCN3CCC(CC3)c4c(C)cccc4C,CHEMBL2064160,Ki,9.02
9344384,C[C@@H](O)[C@H](NC(=O)[C@H](Cc1ccccc1)NC(=O)CNC(=O)CNC[C@@H](N)Cc2ccccc2)C(=O)NCC(=O)N[C@@H](C)C(=O)N[C@@H](CCCN=C(N)N)C(=O)N[C@@H](CCCCN)C(=O)N[C@@H](CO)C(=O)N[C@@H](C)C(=O)N[C@@H](CCCN=C(N)N)C(=O)N[C@@H](CCCCN)C(=O)N[C@@H](CCCN=C(N)N)C(=O)N[C@@H](CCCCN)C(=O)N[C@@H](CC(=O)N)C(=O)N[C@@H](CCC(=O)N(N)N)C(=O)NN,CHEMBL262544,EC50,9.03
9344395,CC(C)n1nc(CN[C@H]2CC[C@@H](F)C2)c(C)c1c3cnc(C)c(F)c3,CHEMBL541511,IC50,9.04
4062276,CC1(C)CCC(N2CCC3(CC2)N(CN(CCNC4CCCC4)C3=O)c5ccccc5)c6ccccc16,CHEMBL515091,Ki,9.05
9344408,CC1(C)CCC(N2CCC3(CC2)N(CN(CCNC4CCCCC4)C3=O)c5ccccc5)c6ccccc16,CHEMBL514463,Ki,9.05
9344419,CC1(C)CCC(N2CCC3(CC2)N(CN(CCNCC=C)C3=O)c4ccccc4)c5ccccc15,CHEMBL475094,Ki,9.05
9344430,CCS(=O)(=O)N1CCN(Cc2ccccc2C3(O)CCN(CC3)C(c4ccccc4Cl)c5ccccc5Cl)CC1,CHEMBL232285,Ki,9.05
4078971,CN(C)[C@@]1(CC[C@]2(CC1)OCCc3c2[nH]c4ccc(F)cc34)c5ccccc5.OC(=O)CC(O)(CC(=O)O)C(=O)O,CHEMBL3325957,Ki,9.05
9344443,Fc1ccc2CCCC(N3CCC4(CC3)N(CNC4=O)c5ccccc5)c2c1,CHEMBL239824,Ki,9.05
9344454,CCN1CCN(CC1)c2cc3[nH]c(S[C@@]4(C)CC[C@@H](CC4)N(C)C(=O)C)nc3cc2Cl,CHEMBL467057,IC50,9.09
9344465,CC1(C)CCC(N2CCC3(CC2)N(CN(CCNCC4CC4)C3=O)c5ccccc5)c6ccccc16,CHEMBL473278,Ki,9.1
9344476,CCN1CCN(CC1)c2cc3[nH]c(nc3cc2Cl)C(=O)[C@@]4(CC)CC[C@](C)(O)CC4,CHEMBL467533,IC50,9.1
9344487,CC[C@H](C)[C@H](NC(=O)[C@H](CCCN=C(N)N)NC(=O)[C@H](Cc1ccc(O)cc1)NC(=O)[C@H](Cc2ccc(O)cc2)NC(=O)[C@H](CCCN=C(N)N)NC(=O)C)C(=O)N[C@@H](CCCCN)C(=O)N[C@@H](CCCCNC(=O)CCNC(=O)[C@H](Cc3ccccc3)NC(=O)[C@@H](CCCN=C(N)N)NC(=O)[C@@H](N)Cc4ccc(O)cc4)C(=O)N,CHEMBL412939,IC50,9.1
9344498,CNCCN1CN(c2ccccc2)C3(CCN(Cc4c(Cl)cccc4Cl)CC3)C1=O,CHEMBL517167,Ki,9.1
4064754,Fc1cccc2C(CCCc12)N3CCC4(CC3)N(CNC4=O)c5ccccc5,CHEMBL240005,Ki,9.1
9344511,CC(C)[C@@H]1CC[C@@H](CC1)N2CCC3(CC2)[C@@H]4CN(CCO)C[C@@H]4CN3c5ccccc5,CHEMBL2112348,Ki,9.11
9344522,Clc1cccc(Cl)c1C2CCN(CCCNC(=O)[C@H]3CCCN3Cc4ccccc4)CC2,CHEMBL1783826,Ki,9.14
9344533,OCC1(CCCCCCC1)N2CCC(CC2)n3c(nc4ccccc34)c5ccc(F)c(Cl)c5,CHEMBL1650842,Ki,9.14
9344544,CC(C)NCCN1CN(c2ccccc2)C3(CCN(Cc4c(Cl)cccc4Cl)CC3)C1=O,CHEMBL475707,Ki,9.16
9344555,CC1(C)CCC(N2CCC3(CC2)N(CN(CCNCC4CCCCC4)C3=O)c5ccccc5)c6ccccc16,CHEMBL471882,Ki,9.16
9344566,CCNCCN1CN(c2ccccc2)C3(CCN(Cc4c(Cl)cccc4Cl)CC3)C1=O,CHEMBL515142,Ki,9.16
1728291,CNC(=O)CN1C(=O)N(C2CCN(CC2)[C@@H]3CC[C@@H](CC3)C(C)C)c4ccccc14,CHEMBL1080485,Ki,9.16
9344579,CNCc1ccccc1C2(O)CCN(CC2)C(c3ccccc3Cl)c4ccccc4Cl,CHEMBL232477,Ki,9.16
4068356,Cc1ccccc1C(N2CCC(O)(CC2)c3ccccc3CN)c4ccccc4,CHEMBL233327,Ki,9.16
4067670,Cl.Cc1ccccc1C(N2CCC(O)(CC2)c3ccccc3)c4ccccc4,CHEMBL535844,Ki,9.16
9344594,CCCCN1C[C@@H]2CN(c3ccccc3)C4(CCN(CC4)[C@@H]5CC[C@@H](CC5)C(C)C)[C@@H]2C1,CHEMBL2112342,Ki,9.18
9344605,CC[C@H](C)[C@H](NC(=O)[C@H](CCCNC(=N)N)NC(=O)[C@H](Cc1ccc(O)cc1)NC(=O)[C@H](Cc2ccccc2)NC(=O)[C@H](CCCNC(=N)N)NC=O)C(=O)N[C@@H](CCCCN)C(=O)N,CHEMBL271478,IC50,9.18
9344616,CN1C[C@@H]2CN(c3ccccc3)C4(CCN(CC4)C5CCCCCCCC5)[C@@H]2C1,CHEMBL330291,Ki,9.19
4065200,CC1(CCCCCCC1)N2CCC(CC2)n3c(nc4ccccc34)c5cccc(c5)C(F)(F)F,CHEMBL519100,Ki,9.2
4073681,O=C1NCN(c2ccccc2)C13CCN(CC3)C4Cc5cccc6cccc4c56,CHEMBL281274,Ki,9.2
9344631,CC(C)S(=O)(=O)N1CCN(Cc2ccccc2C3(O)CCN(CC3)C(c4ccccc4Cl)c5ccccc5Cl)CC1,CHEMBL232286,Ki,9.22
4066173,CCCCNCCN1CN(c2ccccc2)C3(CCN(CC3)C4CCC(C)(C)c5cc(Cl)ccc45)C1=O,CHEMBL471880,Ki,9.22
4068279,CCCNCCN1CN(c2ccccc2)C3(CCN(Cc4c(Cl)cccc4Cl)CC3)C1=O,CHEMBL514662,Ki,9.22
4072397,CCc1ccccc1C(N2CCC(O)(CC2)c3ccccc3)c4ccccc4,CHEMBL228848,Ki,9.22
4076521,CNC(=O)CN1Cc2ccccc2N(C3CCN(CC3)C4CCCCCCCCC4)S1(=O)=O,CHEMBL1079400,Ki,9.22
4080732,Cl.CN(C)[C@@]1(CC[C@]2(CC1)N(C)CCc3c2[nH]c4ccccc34)c5ccccc5,CHEMBL3326229,Ki,9.26
9344652,CC1(CCCCCCC1)N2CCC(CC2)n3c(nc4ccccc34)c5oc6ccccc6c5,CHEMBL481707,Ki,9.28
9344663,CN1C[C@@H]2CN(c3ccccc3)C4(CCN(CC4)[C@H]5CC[C@@H]6CCCC[C@@H]6C5)[C@@H]2C1,CHEMBL316086,Ki,9.28
9344674,Cc1ncc(cc1F)c2c(C)c(CN[C@H]3CC[C@@H](F)C3)nn2c4ncccc4Cl,CHEMBL466648,IC50,9.28
4065355,CC(C)CNCCN1CN(c2ccccc2)C3(CCN(CC3)C4CCC(C)(C)c5ccccc45)C1=O,CHEMBL473279,Ki,9.3
4068616,CC(C)CNCCN1CN(c2ccccc2)C3(CCN(Cc4c(Cl)cccc4Cl)CC3)C1=O,CHEMBL475310,Ki,9.3
4076697,CCCCCC(N1CCC(O)(CC1)c2ccccc2CN)c3ccccc3,CHEMBL441914,Ki,9.3
4065077,CCCCNCCN1CN(c2ccccc2)C3(CCN(CC3)C4CCC(C)(C)c5ccccc45)C1=O,CHEMBL474096,Ki,9.3
4065866,CNC(=O)CN1C(=O)N(C2CCN(CC[C@H](Oc3cc(OC)ccc3C)C(C)C)CC2)c4ccccc14,CHEMBL260767,Ki,9.3
9344695,Cc1ccccc1C(N2CCC(O)(CC2)c3ccccc3CN)c4ccccc4C,CHEMBL400035,Ki,9.3
4080412,Cl.CN(C)[C@@]1(CC[C@H](CC1)NC(=O)CCC2CCCC2)c3ccccc3,CHEMBL3326220,Ki,9.3
4069372,Cl.Cl.CN(C)[C@@]1(CC[C@H](CC1)NCCCc2ccccc2)c3ccccc3,CHEMBL3325879,Ki,9.3
9344710,Clc1cccc(Cl)c1CN2CCC3(CC2)N(CN(CCNC4CCC4)C3=O)c5ccccc5,CHEMBL516389,Ki,9.3
4062560,Clc1cccc(Cl)c1CN2CCC3(CC2)N(CN(CCNCC4CC4)C3=O)c5ccccc5,CHEMBL472669,Ki,9.3
4064776,NCc1ccccc1C2(O)CCN(CC2)C(c3ccccc3)c4ccccc4Cl,CHEMBL398794,Ki,9.3
9344725,NCc1ccccc1C2(O)CCN(CC2)C(c3ccccc3Cl)c4ccccc4Cl,CHEMBL233750,Ki,9.3
4067422,NCc1ccccc1C2(O)CCN(CC2)C(c3ccccc3F)c4ccccc4F,CHEMBL233955,Ki,9.3
9344738,CC(C)C1CCC(CC1)N2CCC3(CC2)[C@@H]4CN(C)C[C@@H]4CC3c5ccccc5,CHEMBL53256,Ki,9.31
1743994,O[C@H]1C[C@H](CN2CCC(CC2)c3c(Cl)cccc3Cl)CCc4cccnc14,CHEMBL486644,Ki,9.33
9344751,CN(C)C(=O)C(CN1CCC2(CC1)OCCc3ccsc23)Cc4ccccc4Cl.OC(C(O)C(=O)O)C(=O)O,CHEMBL2088042,Ki,9.34
4062637,CN1C[C@@H]2CN(c3ccccc3)C4(CCN(CC4)C5CCCCCCCCC5)[C@@H]2C1,CHEMBL315551,Ki,9.35
9344763,C[C@@H](O)[C@H](NC(=O)[C@H](Cc1ccc(F)cc1)NC(=O)CNC(=O)CNC(=O)CNCc2ccccc2)C(=O)NCC(=O)N[C@@H](C)C(=O)N[C@@H](CCCN=C(N)N)C(=O)N[C@@H](CCCCN)C(=O)N[C@@H](CO)C(=O)N[C@@H](C)C(=O)N[C@@H](CCCN=C(N)N)C(=O)N[C@@H](CCCCN)C(=O)N[C@@H](CCCN=C(N)N)C(=O)N[C@@H](CCCCN)C(=O)N[C@@H](CC(=O)N)C(=O)N[C@@H](CCC(=O)N(N)N)C(=O)NN,CHEMBL411649,EC50,9.39
9344774,CC(C)CCNCCN1CN(c2ccccc2)C3(CCN(CC3)C4CCC(C)(C)c5ccccc45)C1=O,CHEMBL515575,Ki,9.4
4076686,CCCCC(N1CCC(O)(CC1)c2ccccc2CN)c3ccccc3,CHEMBL233326,Ki,9.4
4067497,CCCCNCCN1CN(c2ccccc2)C3(CCN(Cc4c(Cl)cccc4Cl)CC3)C1=O,CHEMBL473700,Ki,9.4
9344789,CN(C)C(=O)C(CN1CCC2(CC1)OCCc3cc(F)sc23)Cc4ccccc4F,CHEMBL2088059,Ki,9.4
4072430,Cl.Cl.CN(C)[C@@]1(CC[C@H](CC1)NCCc2c[nH]c3ccc(F)cc23)c4ccccc4,CHEMBL3326223,Ki,9.4
9344802,CN(C)Cc1cccnc1n2cc(CN3CCC4(CC3)OCC(F)(F)c5cc(Cl)sc45)c(C)n2.OC(C(O)C(=O)O)C(=O)O,CHEMBL3236483,Ki,9.43
9344813,CNC(=O)CN1C(=O)N(C2CCN(CC2)[C@@H]3Cc4cccc5cccc3c45)c6ccccc16,CHEMBL2088035,Ki,9.47
4074999,Fc1cccc(c1)N2CNC(=O)C23CCN(CC3)C4Cc5cccc6cccc4c56,CHEMBL78156,Ki,9.5
4071626,CC1(CCCCCCC1)N2CCC(CC2)n3c(nc4ccccc34)c5cccc(OCCO)c5,CHEMBL480425,Ki,9.52
4065222,Cc1ccccc1C(N2C3CCC2CC(O)(C3)c4ccccc4)c5ccccc5C,CHEMBL513136,Ki,9.52
4079334,Cl.CN(C)[C@@]1(CC[C@]2(CC1)OCCc3c2[nH]c4ccccc34)c5ccccc5,CHEMBL3326224,Ki,9.52
4074313,Fc1cccc2CCCC(N3CCC4(CC3)N(CNC4=O)c5ccccc5)c12,CHEMBL392798,Ki,9.52
9344835,O=C(NCCCN1CCC2(CC1)OCc3ccccc23)[C@H]4CCCN4Cc5ccccc5,CHEMBL201945,IC50,9.57
9344847,Cc1cccc2[C@@H](O)C[C@@H](CN3CCC(CC3)c4c(Cl)cccc4Cl)CCc12,CHEMBL559569,Ki,9.6
4075009,O=C1NCN(c2ccccc2)C13CCN(CC3)[C@@H]4Cc5cccc6cccc4c56,CHEMBL355202,Ki,9.6
9344860,CN(C)C(=O)C(CN1CCC2(CC1)OCCc3cc(F)sc23)Cn4cccn4.OC(C(O)C(=O)O)C(=O)O,CHEMBL2088051,Ki,9.61
4071648,CN1CCC[C@@H](C1)c2nc3ccccc3n2C4CCN(CC4)C5(C)CCCCCCC5,CHEMBL501331,Ki,9.62
9344874,CC(C)NC(=O)[C@H](CN1CCC2(CC1)OCCc3cc(F)sc23)Cc4ccccc4F,CHEMBL2088030,Ki,9.64
4066617,CC1(CCCCCCC1)N2CCC(CC2)n3c(nc4ccccc34)c5ccc(F)c(Cl)c5,CHEMBL481547,Ki,9.66
9344887,O=C(NCCCN1CCC2(CC1)CCc3ccccc23)[C@H]4CCCN4Cc5ccccc5,CHEMBL202225,IC50,9.66
9344897,C[C@@H](O)[C@H](NC(=O)[C@H](Cc1ccc(F)cc1)NC(=O)CNC(=O)CNC[C@@H](N)Cc2ccccc2)C(=O)NCC(=O)N[C@@H](C)C(=O)N[C@@H](CCCN=C(N)N)C(=O)N[C@@H](CCCCN)C(=O)N[C@@H](CO)C(=O)N[C@@H](C)C(=O)N[C@@H](CCCN=C(N)N)C(=O)N[C@@H](CCCCN)C(=O)N[C@@H](CCCN=C(N)N)C(=O)N[C@@H](CCCCN)C(=O)N[C@@H](CC(=O)N)C(=O)N[C@@H](CCC(=O)N(N)N)C(=O)NN,CHEMBL442297,EC50,9.68
4075229,CN1CCC[C@H](C1)c2nc3ccccc3n2C4CCN(CC4)C5(C)CCCCCCC5,CHEMBL518950,Ki,9.7
4071670,CNC(=O)CN1C(=O)N(C2CCN(CC2)C3CCCCCCCCC3)c4ccccc14,CHEMBL1088036,Ki,9.7
9344912,CN(C1CC1)C(=O)C(CN2CCC3(CC2)OCCc4cc(F)sc34)Cc5ccccc5Cl,CHEMBL2088062,Ki,9.71
4080066,Cl.CN(C)[C@@]1(CC[C@]2(CC1)NCCc3c2[nH]c4ccccc34)c5ccccc5,CHEMBL3326228,Ki,9.72
9344925,COCc1cccnc1n2cc(CN3CCC4(CC3)OCC(F)(F)c5cc(Cl)sc45)c(C)n2.OC(C(O)C(=O)O)C(=O)O,CHEMBL3236488,Ki,9.73
4069700,CC1(CCCCCCC1)N2CCC(CC2)n3c(nc4ccccc34)c5cccc(CN)c5,CHEMBL480426,Ki,9.75
9344938,Cc1nn(cc1CN2CCC3(CC2)OCC(F)(F)c4cc(Cl)sc34)c5ncccc5F.OC(C(O)C(=O)O)C(=O)O,CHEMBL3236481,Ki,9.75
9344950,CNC(=O)[C@H](CN1CCC2(CC1)OCCc3cc(F)sc23)Cc4ccccc4F,CHEMBL2088033,Ki,9.76
9344961,Cc1nn(cc1CN2CCC3(CC2)OCC(F)(F)c4cc(Cl)sc34)c5c(F)cccc5F.OC(C(O)C(=O)O)C(=O)O,CHEMBL3236480,Ki,9.76
9344972,CN(C)C(=O)C(CN1CCC2(CC1)OCCc3cc(Cl)sc23)Cc4ccccc4Cl.OC(C(O)C(=O)O)C(=O)O,CHEMBL2088052,Ki,9.77
4073620,CC1(CCCCCCC1)N2CCC(CC2)n3c(nc4ccccc34)c5cccc(c5)S(=O)(=O)C,CHEMBL481367,Ki,9.82
9344985,OCC1(CCCCCCC1)N2CCC(CC2)n3c(nc4ccccc34)c5ccc(Cl)cc5,CHEMBL1650843,Ki,9.82
9344996,CN(C)Cc1cccc(F)c1n2cc(CN3CCC4(CC3)OCC(F)(F)c5cc(Cl)sc45)c(C)n2.OC(C(O)C(=O)O)C(=O)O,CHEMBL3236482,Ki,9.84
9345006,C[C@@H](O)[C@H](NC(=O)[C@H](Cc1ccccc1)NC(=O)CNC(=O)CNC(=O)[C@@H](N)Cc2ccccc2)C(=O)NCC(=O)N[C@@H](C)C(=O)N[C@@H](CCCN=C(N)N)C(=O)N[C@@H](CCCCN)C(=O)N[C@@H](CO)C(=O)N[C@@H](C)C(=O)N[C@@H](CCCN=C(N)N)C(=O)N[C@@H](CCCCN)C(=O)N[C@@H](CCCN=C(N)N)C(=O)N[C@@H](CCCCN)C(=O)N[C@@H](CC(=O)N)C(=O)N[C@@H](CCC(=O)N(N)N)C(=O)NN,CHEMBL410653,EC50,9.85
9345018,CC(C)N(C)C(=O)[C@H](CN1CCC2(CC1)OCCc3cc(F)sc23)Cc4ccccc4F,CHEMBL2088029,Ki,9.86
9345029,Cc1nn(cc1CN2CCC3(CC2)OCCc4cc(F)sc34)c5ncccc5F.OC(C(O)C(=O)O)C(=O)O,CHEMBL3236473,Ki,9.86
9345040,CN(C)C(=O)C(CN1CCC2(CC1)OCCc3cc(F)sc23)Cc4ccccc4Cl,CHEMBL2088057,Ki,9.87
9345051,CNC(=O)C(CN1CCC2(CC1)OCCc3cc(Cl)sc23)Cc4ccccc4F,CHEMBL2088056,Ki,9.9
9345062,CN(C)Cc1cccc(F)c1n2cc(CN3CCC4(CC3)OCCc5cc(Cl)sc45)c(C)n2.OC(C(O)C(=O)O)C(=O)O,CHEMBL3236477,Ki,9.91
9345073,CNC(=O)C(CN1CCC2(CC1)OCCc3cc(Cl)sc23)Cc4ccccc4Cl,CHEMBL2088053,Ki,9.91
9345084,CN(C)C(=O)[C@H](CN1CCC2(CC1)OCCc3cc(F)sc23)Cc4ccccc4F.OC(C(O)C(=O)O)C(=O)O,CHEMBL2088060,Ki,9.94
9345095,Cc1nn(cc1CN2CCC3(CC2)OCC(F)(F)c4cc(Cl)sc34)c5c(F)cccc5CO.OC(C(O)C(=O)O)C(=O)O,CHEMBL3236484,Ki,9.94
9345106,Cc1nn(cc1CN2CCC3(CC2)OCC(F)(F)c4cc(Cl)sc34)c5ncccc5CO.OC(C(O)C(=O)O)C(=O)O,CHEMBL3236487,Ki,9.98
9345118,NC(=O)[C@H](CN1CCC2(CC1)OCCc3cc(F)sc23)Cc4ccccc4F,CHEMBL2086410,Ki,9.98
4079367,CC1(CCCCCCC1)N2CCC(CC2)n3c(nc4ccccc34)[C@H]5CCCNC5,CHEMBL481366,Ki,10.0
9345131,NC(=O)[C@H](CN1CCC2(CC1)OCCc3cc(F)sc23)Cc4ccccc4Cl,CHEMBL2204353,Ki,10.0
9345142,CNCc1cccc(F)c1n2cc(CN3CCC4(CC3)OCC(F)(F)c5cc(Cl)sc45)c(C)n2.OC(C(O)C(=O)O)C(=O)O,CHEMBL3236485,Ki,10.01
9345153,Cc1nn(cc1CN2CCC3(CC2)OCCc4cc(F)sc34)c5c(F)cccc5C(=O)N.OC(C(O)C(=O)O)C(=O)O,CHEMBL3236475,Ki,10.02
9345164,COCc1cccnc1n2cc(CN3CCC4(CC3)OCCc5cc(F)sc45)c(C)n2.OC(C(O)C(=O)O)C(=O)O,CHEMBL3236479,Ki,10.03
9345175,CNC(=O)C(CN1CCC2(CC1)OCCc3cc(F)sc23)Cc4ccccc4Cl,CHEMBL2088058,Ki,10.04
9345186,COCc1cccnc1n2cc(CN3CCC4(CC3)OCCc5cc(Cl)sc45)c(C)n2.OC(C(O)C(=O)O)C(=O)O,CHEMBL3236478,Ki,10.04
9345197,Cc1nn(cc1CN2CCC3(CC2)OCC(F)(F)c4cc(Cl)sc34)c5ncccc5c6ncc[nH]6,CHEMBL3236486,Ki,10.04
9345208,CN(C)C(=O)C(CN1CCC2(CC1)OCCc3cc(Cl)sc23)Cc4ccccc4F.OC(C(O)C(=O)O)C(=O)O,CHEMBL2088055,Ki,10.05
9345219,CNC(=O)[C@H](CN1CCC2(CC1)OCCc3cc(F)sc23)Cc4ccccc4Cl,CHEMBL2204347,Ki,10.05
4078242,CC1(CCCCCCC1)N2CCC(CC2)n3c(nc4ccccc34)[C@@H]5CCCNC5,CHEMBL481512,Ki,10.07
9345232,CC[C@H](C)[C@H](NC(=O)[C@H](CCCN=C(N)N)NC(=O)[C@H](Cc1ccc(O)cc1)NC(=O)[C@H](Cc2ccc(O)cc2)NC(=O)[C@@H](N)CCCN=C(N)N)C(=O)N[C@@H](CCCCN)C(=O)NCC(=O)NCC(=O)NCC(=O)N[C@@H](CCCCNC(=O)CNC(=O)CNC(=O)CCNC(=O)[C@H](Cc3ccccc3)NC(=O)[C@@H](CCCN=C(N)N)NC(=O)[C@@H](N)Cc4ccc(O)cc4)C(=O)N,CHEMBL441930,IC50,10.1
9345242,C[C@@H](O)[C@H](NC(=O)[C@H](Cc1ccc(F)cc1)NC(=O)CNC(=O)CNC(=O)[C@@H](N)Cc2ccccc2)C(=O)NCC(=O)N[C@@H](C)C(=O)N[C@@H](CCCN=C(N)N)C(=O)N[C@@H](CCCCN)C(=O)N[C@@H](CO)C(=O)N[C@@H](C)C(=O)N[C@@H](CCCN=C(N)N)C(=O)N[C@@H](CCCCN)C(=O)N[C@@H](CCCN=C(N)N)C(=O)N[C@@H](CCCCN)C(=O)N[C@@H](CC(=O)N)C(=O)N[C@@H](CCC(=O)N(N)N)C(=O)NN,CHEMBL414782,EC50,10.12
9345253,Cc1nn(cc1CN2CCC3(CC2)OCCc4cc(F)sc34)c5c(F)cccc5F.OC(C(O)C(=O)O)C(=O)O,CHEMBL3236474,Ki,10.15
9345264,CN(C1CC1)C(=O)C(CN2CCC3(CC2)OCCc4cc(F)sc34)Cc5ccccc5F,CHEMBL2088061,Ki,10.17
9345275,CN(C)Cc1cccc(F)c1n2cc(CN3CCC4(CC3)OCCc5cc(F)sc45)c(C)n2.OC(C(O)C(=O)O)C(=O)O,CHEMBL3236476,Ki,10.19
9345286,CC(=O)N[C@@H](CCCNC(=N)N)C(=O)N[C@@H](Cc1ccc(O)cc1)C(=O)N[C@@H](Cc2ccc(F)cc2)C(=O)N[C@@H](CCCNC(=N)N)C(=O)N[C@@H](Cc3c[nH]c4ccccc34)C(=O)N[C@@H](CCCNC(=N)N)C(=O)N,CHEMBL3808650,Ki,10.3
6407745,CC(=O)N[C@@H](CCCNC(=N)N)C(=O)N[C@@H](Cc1ccc(O)cc1)C(=O)N[C@@H](Cc2c(C)cc(O)cc2C)C(=O)N[C@@H](CCCNC(=N)N)C(=O)N[C@@H](Cc3c[nH]c4ccccc34)C(=O)N[C@@H](CCCNC(=N)N)C(=O)N,CHEMBL3810319,Ki,10.4
9345299,NC(=O)C(CN1CCC2(CC1)OCCc3cc(Cl)sc23)Cc4ccccc4Cl,CHEMBL2088054,Ki,10.43
4068016,Oc1ccc2C[C@H]3N(CC4CC4)CC[C@@]56[C@@H](Oc1c25)c7[nH]c8ccccc8c7C[C@@]36O,CHEMBL567175,Ki,10.52
