id,smiles,name,assay_type,activity_value
1395958,Clc1ccccc1CN2CCc3sccc3C2,ticlopidine,N/A,N/A
5682559,COC(=O)[C@@H](N1CCC2=C(C1)C=CS2)C1=C(Cl)C=CC=C1,clopidogrel,Ki,6.9
5682569,CCCSC1=NC(N[C@@H]2C[C@H]2C2=CC(F)=C(F)C=C2)=C2N=NN([C@@H]3C[C@H](OCCO)[C@@H](O)[C@H]3O)C2=N1,ticagrelor,Ki,7.85
5682579,CSCCNC1=NC(SCCC(F)(F)F)=NC2=C1N=CN2[C@@H]1O[C@H](COP(O)(=O)OP(O)(=O)C(Cl)(Cl)P(O)(O)=O)[C@@H](O)[C@H]1O,cangrelor,IC50,8.62708759
5682589,[H]C(N1CCC2=C(C1)C=C(OC(C)=O)S2)(C(=O)C1CC1)C1=C(F)C=CC=C1,prasugrel,IC50,5.69999981
5682619,CCCC(=O)c1cnn(c1C)c2ccc(NC(=O)c3cn(CC(=O)N4CCCCC4CN5CCCC5)c6ccc(C)cc36)cc2,CHEMBL3325652,IC50,7.0
5682630,CCCC(=O)c1cnn(c1C)c2ccc(NC(=O)c3cn(CC(=O)N4CCN(C)CC4)c5cc(Cl)c(Cl)cc35)cc2,CHEMBL3325797,IC50,7.0
5682641,CCCCOc1cc(nc(c1)c2ccccc2)C(=O)N[C@@H](CCC(=O)O)C(=O)N3CCN(CC3)C(=O)OCC=C,CHEMBL563429,Ki,7.0
5682653,CCOC(=O)N1CCN(CC1)C(=O)[C@H](CCC(=O)O)NC(=O)c2cc(NCCOC)cc(n2)c3ccccc3,CHEMBL552022,Ki,7.0
5682664,CCOC(=O)N1CCN(CC1)C(=O)[C@H](CCC(=O)O)NC(=O)c2cc(nc(n2)c3ccccc3)N4CCOCC4,CHEMBL3322621,IC50,7.0
5682676,CCOC(=O)c1cc(C#N)c(nc1C)N2CC(C2)C(=O)NS(=O)(=O)c3ccc(Cl)s3,CHEMBL2419497,IC50,7.0
5682687,CCCCc1cc(nc(n1)c2ccccc2)C(=O)N[C@@H](CCC(=O)O)C(=O)N3CCN(CC3)C(=O)OCC,CHEMBL3322599,IC50,7.01
5682698,CCOC(=O)N1CCN(CC1)C(=O)[C@H](CCC(=O)O)NC(=O)c2cc(NC(C)COC)nc(n2)c3ccccc3,CHEMBL3322638,IC50,7.01
5682709,CCCC(=O)c1cnn(c1C)c2ccc(NC(=O)c3cn(CC(=O)N4CCCN(C)CC4)c5ccc(C)cc35)cc2,CHEMBL3325643,IC50,7.02
5682720,CCCCOC(=O)c1cnc(N2CCN(CC2)C(=O)NS(=O)(=O)c3ccc(Cl)s3)c(Cl)c1,CHEMBL2402149,IC50,7.02
5682731,CCOC(=O)N1CCN(CC1)C(=O)[C@H](CCC(=O)O)NC(=O)c2cc(NC(C)C)nc(n2)c3ccccc3,CHEMBL3322612,IC50,7.02
5682743,CCOC(=O)N1CCN(CC1)C(=O)[C@H](CCC(=O)O)NC(=O)c2cc(OC)cc(n2)c3ccccc3,CHEMBL560882,Ki,7.02
5682754,CCOC(=O)c1cc(C#N)c(nc1C(F)(F)F)N2CCN(C(CCC(=O)O)C2)C(=O)NS(=O)(=O)c3ccc(Cl)s3,CHEMBL2402142,IC50,7.02
5682765,COCCOc1cc(nc(c1)c2ccccc2)C(=O)N[C@@H](CCC(=O)O)C(=O)N3CCN(CC3)C(=O)OCC=C,CHEMBL562406,Ki,7.02
5682776,CCCC(=O)c1cnn(c1C)c2ccc(NC(=O)c3cn(CC(=O)N(C)CCNC)c4ccc(C)cc34)cc2,CHEMBL3325633,IC50,7.03
5682787,CCCC(=O)c1cnn(c1C)c2ccc(NC(=O)c3cn(CC(=O)N4CCC(C4)NC)c5ccc(C)cc35)cc2,CHEMBL3325646,IC50,7.03
5682798,CCCC(=O)c1cnn(c1C)c2ccc(NC(=O)c3cn(CC(=O)OC)c4ccc(C)cc34)cc2,CHEMBL3325628,IC50,7.03
5682809,CCOC(=O)N1CCN(CC1)C(=O)[C@H](CCC(=O)O)NC(=O)c2cc(OCC)cc(n2)c3ccccc3,CHEMBL598177,Ki,7.03
5682820,CCOC(=O)c1cc(C#N)c(nc1C)N2CC(C2)NC(=O)NS(=O)(=O)c3ccc(Cl)cc3,CHEMBL2402258,IC50,7.03
5682831,OC(=O)CC[C@H](NC(=O)c1cc(OC2CCNCC2)cc(n1)c3ccccc3)C(=O)N4CCN(CC4)C(=O)OCC=C,CHEMBL539661,Ki,7.03
5682842,OC(=O)CC[C@H](NC(=O)c1cccc(n1)c2ccccc2)C(=O)N3CCN(CC3)C(=O)OCC(F)(F)F,CHEMBL598612,Ki,7.03
5682853,CCCC(=O)c1cnn(c1C)c2ccc(NC(=O)c3cn(CC(=O)NCCN(C)C)c4ccc(C)cc34)cc2,CHEMBL3325634,IC50,7.04
5682864,CCOC(=O)N1CCN(CC1)C(=O)[C@H](CCC(=O)O)NC(=O)c2cc(OCCOC)cc(n2)c3ccccc3,CHEMBL561484,Ki,7.04
5682875,CCCC(=O)c1cnn(c1C)c2ccc(NC(=O)c3cn(CC(=O)N4CC5CCN(C)C5C4)c6ccc(C)cc36)cc2,CHEMBL3325654,IC50,7.05
5682886,CCCCCCOC(=O)N1CCN(CC1)C(=O)[C@H](CCC(=O)O)NC(=O)c2cc(OCCCC)cc(n2)c3ccccc3,CHEMBL591691,Ki,7.05
5682897,CCOC(=O)c1cc(C#N)c(nc1C)N2CC(C2)C(=O)NS(=O)(=O)CC3CCCCC3,CHEMBL2419481,IC50,7.05
5682908,CCOC(=O)c1cnc(N2CCN(CC2)C(=O)NS(=O)(=O)c3ccc(Cl)s3)c(Cl)c1,CHEMBL2402251,IC50,7.05
5682919,CCCC(=O)c1cnn(c1C)c2ccc(NC(=O)c3cn(CC(=O)N4CCC(C4)N(C)C)c5ccc(C)cc35)cc2,CHEMBL3325647,IC50,7.06
5682930,CCCC(=O)c1cnn(c1C)c2ccc(NC(=O)c3cn(CC(=O)NC(C)CN(C)C)c4ccc(C)cc34)cc2,CHEMBL3325638,IC50,7.06
5682941,CCOC(=O)N1CCN(CC1)C(=O)[C@H](CCC(=O)O)NC(=O)c2cc(cc(n2)c3ccccc3)N(C)CCO,CHEMBL597980,Ki,7.06
5682952,CCOC(=O)c1cc(C#N)c(nc1C)N2CCC(CC2)NC(=O)NS(=O)(=O)Cc3ccccc3,CHEMBL2402263,IC50,7.06
5682963,CCCC(=O)c1cnn(c1C)c2ccc(NC(=O)c3cn(CC(=O)N4C[C@@H]5C[C@H]4CN5)c6ccc(C)cc36)cc2,CHEMBL3325786,IC50,7.07
5682974,CCOC(=O)N1CCN(CC1)C(=O)[C@H](CCC(=O)O)NC(=O)c2cc(OC(C)(C)C(=O)OCC)c3ccc(C)cc3n2,CHEMBL2172275,Ki,7.07
5682985,CCCC(=O)c1cnn(c1C)c2ccc(NC(=O)c3c(C)n(CC(=O)O)c4ccc(C)cc34)cc2,CHEMBL3325625,IC50,7.08
5682996,CCCC(=O)c1cnn(c1C)c2ccc(NC(=O)c3cn(CC(=O)N(C)CC4CCCN(C)C4)c5ccc(C)cc35)cc2,CHEMBL3325642,IC50,7.08
5683006,CCOC(=O)N1CCN(CC1)C(=O)[C@H](CCC(=O)N)NC(=O)c2cc(OCC(=O)N3CCC[C@H]3C(=O)NC4CCC4)c5ccc(C)cc5n2,CHEMBL3652607,IC50,7.08
5683016,CCCC(=O)c1cnn(c1C)c2ccc(NC(=O)c3cn(CC(=O)N4CCN(CC4)C(C)C)c5ccc(C)cc35)cc2,CHEMBL3325664,IC50,7.09
5683027,CCCCOC(=O)NC1CCN(C1)C(=O)[C@H](CCC(=O)O)NC(=O)c2cc(OCC(=O)N3CCC[C@H]3C(=O)NC4CCC4)n(n2)c5ccccc5,CHEMBL2172141,Ki,7.09
5683038,CCOC(=O)N1CCN(CC1)C(=O)[C@H](CCC(=O)O)NC(=O)c2cc(OC(CC)C(=O)N(CC)CC)cc(n2)c3ccccc3,CHEMBL538171,Ki,7.09
5683049,CCCCNc1nc(SCCC)nc2c1nnn2[C@@H]3C[C@H](CO)[C@@H](O)[C@H]3O,CHEMBL401158,Ki,7.1
5683060,CCOC(=O)N1CCN(C[C@@H]1C)C(=O)[C@H](CCC(=O)O)NC(=O)c2cc(OCC(=O)N3CCC[C@H]3C(=O)NC4CCC4)n(n2)c5ccccc5,CHEMBL2172153,Ki,7.1
5683071,CCOC(=O)c1c(C)nn(c1C)c2ccc(NC(=O)Nc3ccccc3OCCCC(=O)O)cc2,CHEMBL3326902,IC50,7.1
5683082,CCOC(=O)c1cc(C#N)c(nc1C(F)(F)F)N2CCN(CC2)C(=O)NS(=O)(=O)c3ccc(Cl)s3,CHEMBL2402244,IC50,7.1
5683093,CCOC(=O)c1cc(C#N)c(nc1C)N2CC(C2)NC(=O)NS(=O)(=O)Cc3ccccc3,CHEMBL2402259,IC50,7.1
5683104,CN(CCS(=O)(=O)C)c1cc(nc(c1)c2ccccc2)C(=O)N[C@@H](CCC(=O)O)C(=O)N3CCN(CC3)C(=O)OCCC4CCCC4,CHEMBL556493,Ki,7.1
5683115,OC(=O)CC[C@H](NC(=O)c1cccc(n1)c2ccccc2)C(=O)N3CCN(CC3)C(=O)OCCC#C,CHEMBL596733,Ki,7.1
5683126,CCc1cc2c(nc(NCCCO)nc2s1)N3CCN(CC3)C(=O)c4ccc(cc4)c5ccccc5,CHEMBL585317,Ki,7.11
5683137,CCCC(=O)c1cnn(c1C)c2ccc(NC(=O)c3cn(CC(=O)N4CCN(C)CC4)c5ccc(cc35)C#N)cc2,CHEMBL3325794,IC50,7.12
5683148,CCCC(=O)c1cnn(c1C)c2ccc(NC(=O)c3cn(CC(=O)N4CCN5CCCC5C4)c6ccc(C)cc36)cc2,CHEMBL3325663,IC50,7.12
5683160,CCOC(=O)N1CCN(CC1)C(=O)[C@H](CCC(=O)O)NC(=O)c2cc(OCC3CCNCC3)cc(n2)c4ccccc4,CHEMBL553654,Ki,7.12
5683171,CCOC(=O)N1CCN(CC1)C(=O)[C@H](CCC(=O)O)NC(=O)c2cc(nc(n2)c3ccccc3)N4CCC(N)C4,CHEMBL3322644,IC50,7.12
5683182,CCCC(=O)c1cnn(c1C)c2ccc(NC(=O)c3cn(CC(=O)N4CCN(C)CC4)c5ccc(Cl)cc35)c(c2)C(=O)O,CHEMBL3325897,IC50,7.13
5683193,CCc1cc2c(nc(NC[C@@H](O)CO)nc2s1)N3CCN(CC3)C(=O)c4ccc(cc4)c5ccccc5,CHEMBL568148,Ki,7.13
5683204,CCCC(=O)c1cnn(c1C)c2ccc(NC(=O)c3cn(CC(=O)N4CCCC(C4)N(C)C)c5ccc(C)cc35)cc2,CHEMBL3325650,IC50,7.14
5683215,CCCCOC(=O)N1CCN(CC1)C(=O)[C@H](CCC(=O)O)NC(=O)c2cc(OCCN(CC)CC)nc(n2)c3ccccc3,CHEMBL569617,Ki,7.14
5683226,CCOC(=O)N1CCN(CC1)C(=O)[C@H](CCC(=O)O)NC(=O)c2cc(nc(n2)c3ccccc3)c4cn[nH]c4,CHEMBL3322633,IC50,7.14
5683237,CCCC(=O)c1cnn(c1C)c2ccc(NC(=O)c3cn(CC(=O)N4CCC(N)CC4)c5ccc(C)cc35)cc2,CHEMBL3325644,IC50,7.15
5683248,CCCC(=O)c1cnn(c1C)c2ccc(NC(=O)c3cn(CC(=O)NC4CCCN(C)C4)c5ccc(C)cc35)cc2,CHEMBL3325641,IC50,7.15
5683258,CCOC(=O)N1CCN(CC1)C(=O)[C@H](CCC(=O)OCC2CCCC2)NC(=O)c3cc(OCC(=O)N4CCC[C@H]4C(=O)NC5CCC5)c6ccc(C)cc6n3,CHEMBL3652608,IC50,7.15
5683268,OC(=O)CC[C@H](NC(=O)c1cc(OCC(=O)N2CCC[C@H]2C(=O)NC3CCC3)n(n1)c4ccccc4)C(=O)N5CCN(CC5)C(=O)Oc6ccccc6,CHEMBL2172147,Ki,7.15
5683279,CCCC(=O)c1cnn(c1C)c2ccc(NC(=O)c3cn(CC(=O)N4C[C@@H]5C[C@H]4CN5C)c6ccc(C)cc36)cc2,CHEMBL3325787,IC50,7.16
5683290,CCCCCOC(=O)N1CCN(CC1)C(=O)[C@H](CCC(=O)O)NC(=O)c2cc(SC3CCCCC3)nc(n2)c4ccccc4,CHEMBL569913,Ki,7.16
5683301,CCOC(=O)N1CCN(CC1)C(=O)[C@H](CCC(=O)O)NC(=O)c2cc(OCCCOC)cc(n2)c3ccccc3,CHEMBL596939,Ki,7.16
5683313,CCOC(=O)c1cc(C#N)c(nc1C)N2CCN(CC2)C(=O)NS(=O)(=O)c3ccc(Cl)s3,CHEMBL2402264,IC50,7.16
5683324,NCC1CCN(CC1)c2cc(nc(c2)c3ccccc3)C(=O)N[C@@H](CCC(=O)O)C(=O)N4CCN(CC4)C(=O)OCCC5CCCC5,CHEMBL553856,Ki,7.16
5683336,CCOC(=O)N1CCN(CC1)C(=O)[C@H](CCC(=O)O)NC(=O)c2cc(OC3CCNCC3)cc(n2)c4ccccc4,CHEMBL561007,Ki,7.17
5683346,CCOC(=O)N1CCN(CC1)C(=O)[C@H](CCC(=O)O)NC(=O)c2cc(OCC(=O)N3CCC[C@H]3C(=O)NCC(F)(F)F)c4ccccc4n2,CHEMBL3652604,IC50,7.17
5683357,CCOC(=O)N1CCN(CC1)C(=O)[C@H](CCC(=O)O)NC(=O)c2cc(OCCCO)cc(n2)c3ccccc3,CHEMBL562344,Ki,7.17
5683368,CCOC(=O)c1cc(C#N)c(nc1C(F)(F)F)N2CCN(CC2)C(=O)NS(=O)(=O)c3ccc(Cl)cc3,CHEMBL2402249,IC50,7.17
5683379,CCOC(=O)c1cc(C#N)c(nc1C)N2CC(C2)C(=O)NS(=O)(=O)Cc3ccccc3C,CHEMBL2419482,IC50,7.17
5683390,CCc1cc2c(nc(NC(=O)NCCC(=O)O)nc2s1)N3CCN(CC3)C(=O)Cc4ccc(F)c(F)c4,CHEMBL567715,Ki,7.17
5683401,CCCC(=O)c1cnn(c1C)c2ccc(NC(=O)c3cn(CC(=O)N4CCN(CC(F)(F)F)CC4)c5ccc(C)cc35)cc2,CHEMBL3325784,IC50,7.18
5683412,CCCC(=O)c1cnn(c1C)c2ccc(NC(=O)c3cn(CC(=O)N4CCN(CC)CC4)c5ccc(C)cc35)cc2,CHEMBL3325657,IC50,7.18
5683423,CCCNC(=O)[C@@H]1CCCN1C(=O)COc2cc(nn2c3ccccc3)C(=O)N[C@@H](CCC(=O)O)C(=O)N4CCN(CC4)C(=O)OCC,CHEMBL2172267,Ki,7.18
5683434,CCCC(=O)c1cnn(c1C)c2ccc(NC(=O)c3cn(CC(=O)N4CCCC(C4)NC)c5ccc(C)cc35)cc2,CHEMBL3325649,IC50,7.19
5683445,CCCCOC(=O)N1CCN(CC1)C(=O)[C@H](CCC(=O)O)NC(=O)c2cc(cc(n2)c3ccccc3)N4CCC(CC4)N5CCCC5,CHEMBL589290,Ki,7.19
5683457,CCCNc1cc(nc(c1)c2ccccc2)C(=O)N[C@@H](CCC(=O)O)C(=O)N3CCN(CC3)C(=O)OCC,CHEMBL559126,Ki,7.19
5683467,CCOC(=O)N1CCN(CC1)C(=O)[C@H](CCC(=O)O)NC(=O)c2cc(OCC(=O)N3CCC[C@H]3C(=O)NC4CCC4)c5cc(F)c(F)cc5n2,CHEMBL3652605,IC50,7.19
5683477,CCOC(=O)N1CCN(CC1)C(=O)[C@H](CCC(=O)O)NC(=O)c2cc(nc(n2)c3ccccc3)c4ccccc4,CHEMBL598998,IC50,7.19
5683488,CCOC(=O)c1cc(C#N)c(nc1C)N2CCN(CC2C)C(=O)NS(=O)(=O)c3ccc(Cl)s3,CHEMBL2402144,IC50,7.19
5683499,[Na+].[Na+].Nc1c2C(=O)c3ccccc3C(=O)c2c(Nc4ccc(Oc5ccccc5)c(c4)S(=O)(=O)[O-])cc1S(=O)(=O)[O-],CHEMBL446904,Ki,7.2
5683510,CCOC(=O)N1CCN(CC1)C(=O)[C@H](CCC(=O)O)NC(=O)c2cc(O)cc(n2)c3ccccc3,CHEMBL597765,Ki,7.21
5683521,CCOC(=O)c1cc(C#N)c(nc1C)N2CC(C2)NC(=O)NS(=O)(=O)c3ccccc3,CHEMBL2402257,IC50,7.21
5683532,CCCC(=O)c1cnn(c1C)c2ccc(NC(=O)c3cn(CC(=O)NCCn4ccnc4)c5ccc(C)cc35)cc2,CHEMBL3325637,IC50,7.22
5683543,CCCC(=O)c1cnn(c1C)c2ccc(NC(=O)c3cn(CC(=O)N[C@H]4CCNC4)c5ccc(C)cc35)cc2,CHEMBL3325632,IC50,7.22
5683555,CCCCOc1cc(nc(c1)c2ccccc2)C(=O)N[C@@H](CCC(=O)O)C(=O)N3CCN(CC3)C(=O)OCC,CHEMBL550206,Ki,7.22
5683566,CCOC(=O)N1CCN(CC1)C(=O)[C@H](CCC(=O)O)NC(=O)c2cc(nc(n2)c3ccccc3)C4CC4,CHEMBL3322625,IC50,7.23
5683577,CCOC(=O)N1CCN(CC1)C(=O)[C@H](CCC(=O)O)NC(=O)c2cc(NC(C)CO)nc(n2)c3ccccc3,CHEMBL3322637,IC50,7.25
5683588,CCOC(=O)N1CCN(CC1)C(=O)[C@H](CCC(=O)O)NC(=O)c2cc(OCC(=O)N3CCC[C@H]3C(=O)N4CCCCC4)n(n2)c5ccccc5,CHEMBL2172161,Ki,7.25
5683599,CCOC(=O)N1CCN(CC1)C(=O)[C@H](CCC(=O)O)NC(=O)c2cc(OCC(=O)N3CCC[C@H]3C(=O)NC(C)C)n(n2)c4ccccc4,CHEMBL2172268,Ki,7.25
5683610,CCOC(=O)N1CCN(CC1)C(=O)[C@H](CCC(=O)O)NC(=O)c2cc(OCC(=O)N3CCC[C@H]3c4nc(C)c[nH]4)n(n2)c5ccccc5,CHEMBL2172162,Ki,7.25
5683621,CCCCCNC(=O)N1CCN(CC1)C(=O)[C@H](CCC(=O)OC(C)(C)C)NC(=O)c2cccc(n2)c3ccccc3,CHEMBL603333,Ki,7.26
5683632,CCCCOC(=O)N1CCN(CC1)C(=O)[C@H](CCC(=O)O)NC(=O)c2cc(OCC3CCCO3)nc(n2)c4ccccc4,CHEMBL569681,Ki,7.26
5683643,CCCCCCNC(=O)N1CCN(CC1)C(=O)[C@H](CCC(=O)OC(C)(C)C)NC(=O)c2cccc(n2)c3ccccc3,CHEMBL591510,Ki,7.27
5683654,CCOC(=O)N1CCN(CC1)C(=O)[C@H](CCC(=O)O)NC(=O)c2cc(cc(n2)c3ccccc3)N4CCC(CO)CC4,CHEMBL589550,Ki,7.27
5683665,CCOC(=O)N1CCN([C@@H](C)C1)C(=O)[C@H](CCC(=O)O)NC(=O)c2cc(OCC(=O)N3CCC[C@H]3C(=O)NC4CCC4)n(n2)c5ccccc5,CHEMBL2172152,Ki,7.27
5683676,CCOC(=O)N1CCN(CC1)C(=O)[C@H](CCC(=O)O)NC(=O)c2cc(nc(n2)c3ccccc3)C(C)C,CHEMBL3322626,IC50,7.28
5683687,CCOC(=O)N1CCN(CC1)C(=O)[C@H](CCC(=O)O)NC(=O)c2cc(nc(n2)c3ccccc3)N4CC[C@@H](O)C4,CHEMBL3322639,IC50,7.28
5683698,CCOC(=O)N1CCN(CC1)C(=O)[C@H](CCC(=O)O)NC(=O)c2cc(nc(n2)c3ccccc3)c4ccncc4,CHEMBL3322629,IC50,7.28
5683709,CCOC(=O)N1CCN(C[C@H]1C)C(=O)[C@H](CCC(=O)O)NC(=O)c2cc(OCC(=O)N3CCC[C@H]3C(=O)NC4CCC4)n(n2)c5ccccc5,CHEMBL2172154,Ki,7.29
5683882,CCCC(=O)c1cnn(c1C)c2ccc(NC(=O)c3cn(CC(=O)N4CCN(C)CC4)c5ccc(cc35)C(F)(F)F)cc2,CHEMBL3325792,IC50,7.3
5683893,[Na+].[Na+].Nc1c2C(=O)c3ccccc3C(=O)c2c(Nc4ccc(Nc5ncccn5)c(c4)S(=O)(=O)[O-])cc1S(=O)(=O)[O-],CHEMBL499428,Ki,7.3
5683905,CCCCCOC(=O)N1CCN(CC1)C(=O)[C@H](CCC(=O)O)NC(=O)c2cc(OCCCC)cc(n2)c3ccccc3,CHEMBL559340,Ki,7.31
5683916,CCCC(=O)c1cnn(c1C)c2ccc(NC(=O)c3cn(CC(=O)N4CCN(C)CC4)c5cc(C)c(Br)cc35)cc2,CHEMBL3325791,IC50,7.32
5683927,CCCC(=O)c1cnn(c1C)c2ccc(NC(=O)c3cn(CC(=O)N4CCN(C)CC4)c5cc(F)c(Cl)cc35)cc2,CHEMBL3325790,IC50,7.32
5683938,CCCC(=O)c1cnn(c1C)c2ccc(NC(=O)c3cn(CC(=O)N4CCN(C)CC4)c5ccc(Cl)cc35)c(c2)C#N,CHEMBL3325896,IC50,7.32
5683949,CCOC(=O)N1CCN(CC1)C(=O)[C@H](CCC(=O)O)NC(=O)c2cc(cc(n2)c3ccccc3)N(C)CCS(=O)(=O)C,CHEMBL538645,Ki,7.32
5683960,CCOC(=O)N1CCN(CC1)C(=O)[C@H](CNS(=O)(=O)C)NC(=O)c2cc(OCC(=O)N3CCC[C@H]3C(=O)NC4CCC4)n(n2)c5ccccc5,CHEMBL2172155,Ki,7.32
5683971,CCCC(=O)c1cnn(c1C)c2ccc(NC(=O)c3cn(CC(=O)N(C)C4CCN(C)C4)c5ccc(C)cc35)cc2,CHEMBL3325640,IC50,7.33
5683982,CCCC(=O)c1cnn(c1C)c2ccc(NC(=O)n3cc(CCCC(=O)O)c4ccc(C)cc34)cc2,CHEMBL3326904,IC50,7.33
5683993,CCOC(=O)N1CCN(CC1)C(=O)[C@H](CCC(=O)O)NC(=O)c2cc(cc(n2)c3ccccc3)N4CCN(CCN(C)C)CC4,CHEMBL538415,Ki,7.33
5684004,OC(=O)CC[C@H](NC(=O)c1cccc(n1)c2ccccc2)C(=O)N3CCN(CC3)C(=O)OC4CCCC4,CHEMBL598374,Ki,7.33
5684015,CCCC(=O)c1cnn(c1C)c2ccc(NC(=O)c3cn(CC(=O)N4CCCC(N)C4)c5ccc(C)cc35)cc2,CHEMBL3325648,IC50,7.34
5684026,CCCC(=O)c1cnn(c1C)c2ccc(NC(=O)c3cn(CC(=O)N4CCNC(C)C4)c5ccc(C)cc35)cc2,CHEMBL3325665,IC50,7.34
5684037,CCOC(=O)N1CCN(CC1)C(=O)[C@H](CCC(=O)O)NC(=O)c2cc(nc(n2)c3ccccc3)N4CCN(C)CC4,CHEMBL3322620,IC50,7.34
5684048,CCOC(=O)N1CCN(CC1)C(=O)[C@H](CCC(=O)O)NC(=O)c2cc(nc(n2)c3ccccc3)N4CC[C@H](O)C4,CHEMBL3322640,IC50,7.34
5684059,CCc1cc2c(nc(NC(=O)NCCC(=O)O)nc2s1)N3CCN(CC3)C(=O)C(C)C,CHEMBL585298,Ki,7.34
5684070,OC(=O)CC[C@H](NC(=O)c1cccc(n1)c2ccccc2)C(=O)N3CCN(CC3)C(=O)OCC4CCCC4,CHEMBL599197,Ki,7.34
5684081,CCCCCOC(=O)N1CCN(CC1)C(=O)[C@H](CCC(=O)O)NC(=O)c2cc(OC(=O)N(C)CC3CCOCC3)cc(n2)c4ccccc4,CHEMBL591945,Ki,7.35
5684092,CCCN(CCC)c1cc(nc(c1)c2ccccc2)C(=O)N[C@@H](CCC(=O)O)C(=O)N3CCN(CC3)C(=O)OCC,CHEMBL598594,Ki,7.35
5684103,CCOC(=O)N1CCN(CC1)C(=O)[C@H](CCC(=O)O)NC(=O)c2cc(cc(n2)c3ccccc3)N(C)C,CHEMBL598386,Ki,7.35
5684114,CCCC(=O)c1cnn(c1C)c2ccc(NC(=O)c3cn(CC(=O)N4CCN(CC4)C5CC5)c6ccc(C)cc36)cc2,CHEMBL3325662,IC50,7.36
5684126,CCOC(=O)c1cc(C#N)c(nc1C)N2CCC(CC2)C(=O)NS(=O)(=O)Cc3ccccc3,CHEMBL2419490,IC50,7.36
5684137,OC(=O)CC[C@H](NC(=O)c1cccc(n1)c2ccccc2)C(=O)N3CCN(CC3)C(=O)OC4CCCCC4,CHEMBL598375,Ki,7.36
5684149,CCCCCCOC(=O)N1CCN(CC1)C(=O)[C@H](CCC(=O)O)NC(=O)c2cccc(n2)c3ccccc3,CHEMBL564552,Ki,7.37
5684160,CCCCCOC(=O)N1CCN(CC1)C(=O)[C@H](CCC(=O)OC(C)(C)C)NC(=O)c2cc(NC(=O)N3CCC(COC)CC3)cc(n2)c4ccccc4,CHEMBL592408,Ki,7.37
5684171,CCOC(=O)N1CCN(CC1)C(=O)[C@H](CCC(=O)O)NC(=O)c2cc(nc(n2)c3ccccc3)[C@@H]4C[C@H]4COC,CHEMBL3322651,IC50,7.37
5684182,CC(C)(C)CCOC(=O)N1CCN(CC1)C(=O)[C@H](CCC(=O)O)NC(=O)c2cccc(n2)c3ccccc3,CHEMBL598588,Ki,7.38
5684193,CCCCCOC(=O)N1CCN(CC1)C(=O)[C@H](CCC(=O)O)NC(=O)c2cc(SC(C)(C)C)nc(n2)c3ccccc3,CHEMBL569127,Ki,7.38
5684204,CCCNC(=S)N1CCN(CC1)C(=O)[C@H](CCC(=O)OC(C)(C)C)NC(=O)c2cccc(n2)c3ccccc3,CHEMBL596769,Ki,7.38
5684215,CCOC(=O)N1CCN(CC1)C(=O)[C@H](CCC(=O)O)NC(=O)c2cc(OCC(=O)N3CC[C@H]3C(=O)NC4CCC4)n(n2)c5ccccc5,CHEMBL2172157,Ki,7.38
5684227,CCOC(=O)N1CCN(CC1)C(=O)[C@H](CCC(=O)O)NC(=O)c2cc(cc(n2)c3ccccc3)N4CCC(O)CC4,CHEMBL563183,Ki,7.38
5684238,CCOC(=O)N1CCN(CC1)C(=O)[C@H](CCNC(=O)C)NC(=O)c2cc(OCC(=O)N3CCC[C@H]3C(=O)NC4CCC4)n(n2)c5ccccc5,CHEMBL2172131,Ki,7.38
5684249,CCCC(=O)c1cc(C#N)c(nc1SC)N2CCC(CC2)C(=O)NS(=O)(=O)C3(CC3)c4ccccc4,CHEMBL3288123,IC50,7.39
5684260,CCCC(=O)c1cnn(c1C)c2ccc(NC(=O)c3cn(CC(=O)N4CCN(CCO)CC4)c5ccc(C)cc35)cc2,CHEMBL3325659,IC50,7.39
5684271,CCOC(=O)N1CCN(CC1)C(=O)[C@H](CCC(=O)O)NC(=O)c2cc(OCC(=O)N3CCC[C@H]3C(=O)NC(C)(C)C)n(n2)c4ccccc4,CHEMBL2172269,Ki,7.39
5684282,CCCC(=O)c1cnn([C@@H]2CC[C@H](CC2)NC(=O)c3cn(CC(=O)N4CCN(C)CC4)c5ccc(Cl)cc35)c1C,CHEMBL3325893,IC50,7.4
5684293,CCOC(=O)N1CCN(CC1)C(=O)[C@H](CCC(=O)O)NC(=O)c2cc(nc(n2)c3ccccc3)C4CCC(O)CC4,CHEMBL3322647,IC50,7.4
5684304,CCOc1ccc2N3C(=C(C(=O)CS(=O)(=O)Nc4nc5ccc(OCC)cc5s4)S(=O)(=O)N=C3Sc2c1)O,CHEMBL540200,IC50,7.4
5684315,OC(=O)CC[C@H](NC(=O)c1cc(OCC(=O)N2CCC[C@H]2C(=O)NC3CCC3)n(n1)c4ccccc4)C(=O)N5CCC(CC5)C(=O)c6ccccc6,CHEMBL2172144,Ki,7.4
5684326,OC1CCN(CC1)c2cc(nc(c2)c3ccccc3)C(=O)N[C@@H](CCC(=O)O)C(=O)N4CCN(CC4)C(=O)OCCC5CCCC5,CHEMBL540736,Ki,7.4
5684337,CCOC(=O)N1CCN(CC1)C(=O)[C@H](CCC(=O)O)NC(=O)c2cc(cc(n2)c3ccccc3)N4CCOCC4,CHEMBL606408,Ki,7.41
5684349,CCOC(=O)N1CCN(CC1)C(=O)[C@H](CCC(=O)O)NC(=O)c2cc(nc(n2)c3ccccc3)[C@H]4C[C@@H]4COC,CHEMBL3322650,IC50,7.41
5684360,CCOC(=O)c1cc(C#N)c(nc1C)N2CCC(CC2)C(=O)NS(=O)(=O)c3ccc(Cl)s3,CHEMBL2419499,IC50,7.41
5684371,Cl.CCCC(=O)c1cnn(c1C)c2ccc(NC(=O)c3cn(CC(=O)N4CCN(C)CC4)c5cc(C)c(C)cc35)cc2,CHEMBL3325630,IC50,7.41
5684382,CCCCCOC(=O)N1CCN(CC1)C(=O)[C@H](CCC(=O)O)NC(=O)c2nc(NCCCN(C)C)cc(n2)c3ccccc3,CHEMBL566753,Ki,7.42
5684393,CCc1cc2c(nc(NC(=O)NCCC(=O)O)nc2s1)N3CCN(CC3)C(=O)c4ccc(cn4)c5ccccc5,CHEMBL566437,Ki,7.43
5684404,CCc1cc2c(nc(NCCO)nc2s1)N3CCN(CC3)C(=O)c4ccc(cc4)c5ccccc5,CHEMBL565618,Ki,7.43
5684415,CCCCCCOC(=O)N1CCN(CC1)C(=O)[C@H](CCC(=O)O)NC(=O)c2cc(cc(n2)c3ccccc3)N(C)CCS(=O)(=O)C,CHEMBL541745,Ki,7.44
5684427,CCCCOC(=O)N1CCN(CC1)C(=O)[C@H](CCC(=O)O)NC(=O)c2cc(OCCCC)cc(n2)c3ccccc3,CHEMBL557535,Ki,7.44
5684438,CCOC(=O)N1CCN(CC1)C(=O)[C@H](CCC(=O)O)NC(=O)c2cc(nc(n2)c3ccccc3)C(C)(C)C,CHEMBL3322627,IC50,7.44
5684449,CCCCCOC(=O)N1CCN(CC1)C(=O)[C@H](CCC(=O)O)NC(=O)c2nc(NC3CCN(CC3)C(C)C)cc(n2)c4ccccc4,CHEMBL568498,Ki,7.46
5684461,CCOC(=O)N1CCN(CC1)C(=O)[C@H](CCC(=O)O)NC(=O)c2cc(NC)cc(n2)c3ccccc3,CHEMBL551620,Ki,7.46
5684472,CCOC(=O)N1CCN(CC1)C(=O)[C@H](CCC(=O)O)NC(=O)c2cc(nc(n2)c3ccccc3)C(C)(C)O,CHEMBL3322648,IC50,7.46
5684483,CCc1cc2c(nc(nc2s1)N3CCC(O)C3)N4CCN(CC4)C(=O)c5ccc(cc5)c6ccccc6,CHEMBL585948,Ki,7.46
5684494,CCCC(=O)c1cnn(c1C)c2ccc(NC(=O)c3cn(CC(=O)N4CCN(C)CC4)c5cc(C)c(Cl)cc35)cc2,CHEMBL3325793,IC50,7.47
5684506,CCOC(=O)N1CCN(CC1)C(=O)[C@H](CCC(=O)O)NC(=O)c2cc(cc(n2)c3ccccc3)N4CCC(CC4)N5CCCC5,CHEMBL540737,Ki,7.47
5684517,CC(C)CCOC(=O)N1CCN(CC1)C(=O)[C@H](CCC(=O)O)NC(=O)c2cccc(n2)c3ccccc3,CHEMBL599400,Ki,7.48
5684528,CCCC(=O)c1cnn(c1C)c2ccc(NC(=O)c3cn(CC(=O)N4CC5CN(C)CC5C4)c6ccc(C)cc36)cc2,CHEMBL3325656,IC50,7.48
5684540,CCCCCCOC(=O)N1CCN(CC1)C(=O)[C@H](CCC(=O)O)NC(=O)c2cc(cc(n2)c3ccccc3)N4CCC(COC)CC4,CHEMBL539983,Ki,7.48
5684551,CCOC(=O)N1CCN(CC1)C(=O)[C@H](CCC(=O)O)NC(=O)c2cc(OCC(=O)N3CCC[C@H]3c4ccccc4)n(n2)c5ccccc5,CHEMBL2172163,Ki,7.48
5684562,CCOC(=O)c1cc(C#N)c(nc1C)N2CCN(CC2)C(=O)NS(=O)(=O)Cc3ccccc3,CHEMBL2402266,IC50,7.48
5684574,CCCCCOC(=O)N1CCN(CC1)C(=O)[C@H](CCC(=O)O)NC(=O)c2cc(OCCO)cc(n2)c3ccccc3,CHEMBL560748,Ki,7.5
5684585,CCOC(=O)c1cc(C#N)c(nc1C)N2CC(C2)C(=O)NS(=O)(=O)Cc3cccc(C)c3,CHEMBL2419484,IC50,7.5
5684596,CCCC(=O)c1cnn(c1C)c2ccc(NC(=O)c3cn(CC(=O)N(C)C)c4cc(C)c(C)cc34)cc2,CHEMBL3325629,IC50,7.51
5684607,CCCCCOC(=O)N1CCN(CC1)C(=O)C(CCC(=O)O)NC(=O)c2cc(cc(n2)c3ccccc3)N4CCC(COC)C4,CHEMBL590259,Ki,7.51
5684618,CCCCCOC(=O)N1CCN(CC1)C(=O)[C@H](CCC(=O)O)NC(=O)c2cc(cc(n2)c3ccccc3)N4CCCC(C4)OC,CHEMBL601270,Ki,7.51
5684629,CCCCCOC(=O)N1CCN(CC1)C(=O)[C@H](CCC(=O)O)NC(=O)c2nc(OCC3CCNCC3)cc(n2)c4ccccc4,CHEMBL569771,Ki,7.51
5684640,CCCCOC(=O)N1CCN(CC1)C(=O)[C@H](CCC(=O)O)NC(=O)c2cc(O)cc(n2)c3ccccc3,CHEMBL599825,Ki,7.51
5684651,CCOC(=O)N1CCN(CC1)C(=O)[C@H](CCC(=O)O)NC(=O)c2cc(nc(n2)c3ccccc3)c4ccc(OC)cc4,CHEMBL3322631,IC50,7.51
5684662,CCc1cc2c(nc(nc2s1)N3CCCC(C3)C(=O)N)N4CCN(CC4)C(=O)c5ccc(cc5)c6ccccc6,CHEMBL566874,Ki,7.51
5684673,CCc1cc2c(nc(nc2s1)N3C[C@@H](O)C[C@H]3C(=O)O)N4CCN(CC4)C(=O)c5ccc(cc5)c6ccccc6,CHEMBL568334,Ki,7.51
5684684,Cl.CCCC(=O)c1cnn(c1C)c2ccc(NC(=O)c3cn(CC(=O)N4CCN(C)CC4)c5ccc(C)cc35)cc2,CHEMBL3325631,IC50,7.51
5684695,CCOC(=O)c1cc(C#N)c(nc1C)N2CCC(CC2)C(=O)NS(=O)(=O)Cc3ccc(OC)cc3,CHEMBL2419492,IC50,7.52
5684706,COc1cccc(c1)N2CCN(CC2)C(=O)[C@H](CCC(=O)O)NC(=O)c3cc(OCC(=O)N4CCC[C@H]4C(=O)NC5CCC5)n(n3)c6ccccc6,CHEMBL2172143,Ki,7.52
5684717,CCCC(=O)c1cnn(c1C)c2ccc(NC(=O)c3cn(CC(=O)N4CCN(CC5CC5)CC4)c6ccc(C)cc36)cc2,CHEMBL3325661,IC50,7.54
5684728,CCCCCOC(=O)N1CCN(CC1)C(=O)[C@H](CCC(=O)O)NC(=O)c2cc(cc(n2)c3ccccc3)N4CCN(CCC)CC4,CHEMBL590006,Ki,7.54
5684739,CCCCCOC(=O)N1CCN(CC1)C(=O)[C@H](CCC(=O)O)NC(=O)c2nc(cc(n2)c3ccccc3)N4CCN(CC4)C(=O)C,CHEMBL570108,Ki,7.54
5684751,CCCCOC(=O)N1CCN(CC1)C(=O)[C@H](CCC(=O)O)NC(=O)c2cccc(n2)c3ccccc3,CHEMBL549724,Ki,7.54
5684762,CCc1cc2c(ncnc2s1)N3CCN(CC3)C(=O)c4ccc(cc4)c5ccccc5,CHEMBL585852,Ki,7.54
5684773,CCCC(=O)c1cnn(c1C)c2ccc(NC(=O)c3cn(CC(=O)N4CC(C)N(C)C(C)C4)c5ccc(C)cc35)cc2,CHEMBL3325780,IC50,7.55
5684784,CCOC(=O)N1CCN(CC1)C(=O)[C@H](CCC(=O)O)NC(=O)c2cc(OCc3ccccc3)cc(n2)c4ccccc4,CHEMBL554782,Ki,7.55
5684794,CCOC(=O)N1CCN(CC1)C(=O)[C@H](CCC(=O)OCC(C)C)NC(=O)c2cc(OCC(=O)N3CCC[C@H]3C(=O)NC4CCC4)c5ccc(C)cc5n2,CHEMBL3652609,IC50,7.55
5684804,CCOc1cc(nc(c1)c2ccccc2)C(=O)N[C@@H](CCC(=O)O)C(=O)N3CCN(CC3)C(=O)OCc4ccccc4,CHEMBL592882,Ki,7.55
5684815,OC(=O)CC[C@H](NC(=O)c1cccc(n1)c2ccccc2)C(=O)N3CCN(CC3)C(=O)OCC4CCC4,CHEMBL598376,Ki,7.55
5684826,CCCC(=O)c1cnn(c1C)c2ccc(NC(=O)c3cn(CC(=O)N4CCN(C)C(C)C4)c5ccc(C)cc35)cc2,CHEMBL3325666,IC50,7.57
5684837,CCCC(=O)c1cnn(c1C)c2ccc(NC(=O)c3cn(CC(=O)N4CCN(C)CC4)c5ccc(Cl)cc35)cc2,CHEMBL3325452,IC50,7.57
5684848,CCCCCOC(=O)N1CCN(CC1)C(=O)[C@H](CCC(=O)O)NC(=O)c2cc(OCCN(CC)CC)nc(n2)c3ccccc3,CHEMBL569053,Ki,7.57
5684860,CCCOC(=O)N1CCN(CC1)C(=O)[C@H](CCC(=O)O)NC(=O)c2cccc(n2)c3ccccc3,CHEMBL563041,Ki,7.57
5684871,CCOC(=O)N1CCN(CC1)C(=O)[C@H](CCC(=O)O)NC(=O)c2cc(OCC(=O)N3CCC[C@H]3C(=O)N(C)C4CCC4)n(n2)c5ccccc5,CHEMBL2172274,Ki,7.57
5684883,CCOC(=O)N1CCN(CC1)C(=O)[C@H](CCC(=O)O)NC(=O)c2cc(cc(n2)c3ccccc3)N4CCC(N)CC4,CHEMBL551020,Ki,7.57
5684894,CCOC(=O)N1CCN(CC1)C(=O)[C@H](CCC(=O)O)NC(=O)c2cc(nc(n2)c3ccccc3)n4cc(C)cn4,CHEMBL3322622,IC50,7.57
5684905,CCOC(=O)c1cc(C#N)c(nc1C)N2CCC(CC2)NC(=O)NS(=O)(=O)c3ccc(Cl)s3,CHEMBL2402260,IC50,7.57
5684916,CCc1cc2c(nc(nc2s1)N3CC(O)C3)N4CCN(CC4)C(=O)c5ccc(cc5)c6ccccc6,CHEMBL568566,Ki,7.57
5684927,CCCC(=O)c1cnn(c1C)c2ccc(NC(=O)c3cn(CC(=O)N4CCNCC4)c5ccc(C)cc35)cc2,CHEMBL3325781,IC50,7.59
5684938,CCCCCOC(=O)N1CCN(CC1)C(=O)[C@H](CCC(=O)O)NC(=O)c2cc(cc(n2)c3ccccc3)N4CCCC(C4)C(=O)N(CC)CC,CHEMBL601275,Ki,7.59
5684949,CCCCCOC(=O)N1CCN(CC1)C(=O)[C@H](CCC(=O)O)NC(=O)c2cc(cc(n2)c3ccccc3)N4CC[C@@H](C4)C(=O)N(C)C,CHEMBL2021586,Ki,7.59
5684960,CCOC(=O)N1CCN(CC1)C(=O)[C@H](CCC(=O)O)NC(=O)c2cc(NCc3ccccc3)cc(n2)c4ccccc4,CHEMBL553572,Ki,7.59
5684971,CCCCCOC(=O)N1CCN(CC1)C(=O)[C@H](CCC(=O)O)NC(=O)c2cc(cc(n2)c3ccccc3)N4CCC(CNC(=O)C)CC4,CHEMBL601694,Ki,7.6
5684982,CCCCCOC(=O)N1CCN(CC1)C(=O)[C@H](CCC(=O)OC(C)(C)C)NC(=O)c2cc(NC(=O)COC)cc(n2)c3ccccc3,CHEMBL591874,Ki,7.6
5684993,CCOC(=O)N1CCN(CC1)C(=O)[C@H](CCC(=O)O)NC(=O)c2cc(N[C@@H]3CCOC3)nc(n2)c4ccccc4,CHEMBL3322643,IC50,7.6
5685004,[Na+].[Na+].Nc1c2C(=O)c3ccccc3C(=O)c2c(Nc4ccc(Nc5ccccc5)c(c4)S(=O)(=O)[O-])cc1S(=O)(=O)[O-],CHEMBL455536,Ki,7.6
5685015,CCCC(=O)c1cnn(c1C)c2ccc(NC(=O)c3cn(CCCC(=O)O)c4ccc(C)cc34)cc2,CHEMBL3326905,IC50,7.62
5685026,CCCCCCOC(=O)N1CCN(CC1)C(=O)[C@H](CCC(=O)O)NC(=O)c2cc(cc(n2)c3ccccc3)N4CCC(O)CC4,CHEMBL539732,Ki,7.62
5685037,CCCCCOC(=O)N1CCN(CC1)C(=O)[C@H](CCC(=O)O)NC(=O)c2cc(cc(n2)c3ccccc3)N4CC[C@H](C4)C(=O)N(C)C,CHEMBL2021587,Ki,7.62
5685048,CCOC(=O)N1CCN(CC1)C(=O)[C@H](CCC(=O)O)NC(=O)c2cc(cc(n2)c3ccccc3)N(CC)CC,CHEMBL561406,Ki,7.64
5685059,CCOC(=O)N1CCN(CC1)C(=O)[C@H](CCC(=O)O)NC(=O)c2cc(nc(n2)c3ccccc3)[C@H]4C[C@@H]4CO,CHEMBL3322649,IC50,7.64
5685070,CCOC(=O)N1CCN(CC1)C(=O)[C@H](CCNS(=O)(=O)C)NC(=O)c2cc(OCC(=O)N3CCC[C@H]3C(=O)NC4CCC4)n(n2)c5ccccc5,CHEMBL2172127,Ki,7.64
5685081,CCOC(=O)N1CCN(CC1)C(=O)[C@H](CCO)NC(=O)c2cc(OCC(=O)N3CCC[C@H]3C(=O)NC4CCC4)n(n2)c5ccccc5,CHEMBL2172132,Ki,7.64
5685092,CNc1cc2NC(=O)N(C(=O)c2cc1F)c3ccc(NC(=O)NS(=O)(=O)c4ccc(Cl)s4)cc3,CHEMBL2103828,Ki,7.64
5685103,CCCC(=O)c1cnn(c1C)c2ccc(NC(=O)c3cn(CC(=O)N4CCN(C)CC4)c5ccc(OC)cc35)cc2,CHEMBL3325789,IC50,7.66
5685114,CCCCCOC(=O)N1CCN(CC1)C(=O)[C@H](CCC(=O)O)NC(=O)c2cc(CCCN(CC)CC)cc(n2)c3ccccc3,CHEMBL591226,Ki,7.66
5685125,CCCCCOC(=O)N1CCN(CC1)C(=O)[C@H](CCC(=O)O)NC(=O)c2cc(SCC(F)(F)F)nc(n2)c3ccccc3,CHEMBL569911,Ki,7.66
5685136,CCCCCOC(=O)N1CCN(CC1)C(=O)[C@H](CCC(=O)O)NC(=O)c2cc(cc(n2)c3ccccc3)N4CCC(CC4)N(C)C,CHEMBL589198,Ki,7.66
5685147,CCCCCOC(=O)N1CCN(CC1)C(=O)[C@H](CCC(=O)O)NC(=O)c2cc(cc(n2)c3ccccc3)N4CCC(COCCC)CC4,CHEMBL590745,Ki,7.66
5685158,CCCCCOC(=O)N1CCN(CC1)C(=O)[C@H](CCC(=O)O)NC(=O)c2cc(cc(n2)c3ccccc3)N4CCCC(COC)C4,CHEMBL590256,Ki,7.66
5685169,CCCCCOC(=O)N1CCN(CC1)C(=O)[C@H](CCC(=O)O)NC(=O)c2cc(cc(n2)c3ccccc3)N4CCN(CC4)C(=O)C,CHEMBL589930,Ki,7.66
5685180,CCCCCOC(=O)N1CCN(CC1)C(=O)[C@H](CCC(=O)O)NC(=O)c2nc(cc(n2)c3ccccc3)N4CCNCC4,CHEMBL570149,Ki,7.66
5685191,CCCCOC(=O)NC1CCN(CC1)C(=O)[C@H](CCC(=O)O)NC(=O)c2cc(OCC(=O)N3CCC[C@H]3C(=O)NC4CCC4)n(n2)c5ccccc5,CHEMBL2172165,Ki,7.66
5685202,CCc1oc(nc1)c2cc(C#N)c(nc2C)N3CC(C3)C(=O)NS(=O)(=O)c4ccc(Cl)s4,CHEMBL3798029,IC50,7.66
5685213,CCCCCOC(=O)N1CCN(CC1)C(=O)C(CCC(=O)O)NC(=O)c2cc(cc(n2)c3ccccc3)N4CCC(CO)C4,CHEMBL601276,Ki,7.68
5685225,CCCCOC(=O)N1CCN(CC1)C(=O)[C@H](CCC(=O)O)NC(=O)c2cc(OCCO)cc(n2)c3ccccc3,CHEMBL562405,Ki,7.68
5685236,CCOC(=O)N1CCN(CC1)C(=O)[C@H](CCC(=O)O)NC(=O)c2cc(nc(n2)c3ccccc3)C(C)(C)CO,CHEMBL3322628,IC50,7.68
5685247,CCOC(=O)N1CCN(CC1)C(=O)[C@H](CCC(=O)O)NC(=O)c2cc(nc(n2)c3ccccc3)N4CCCC(O)C4,CHEMBL3322641,IC50,7.68
5685258,CCc1cc2c(nc(nc2s1)N3[C@@H](CC[C@@H]3C(=O)N)C(=O)N)N4CCN(CC4)C(=O)c5ccc(cc5)c6ccccc6,CHEMBL568774,Ki,7.68
5685269,[Na+].Nc1c(cc(Nc2ccc(Nc3ccccc3)c(c2)S(=O)(=O)[O-])c4C(=O)c5ccccc5C(=O)c14)C(=O)O,CHEMBL502519,Ki,7.68
5685280,CCCC(=O)c1cnn(c1C)c2ccc(NC(=O)c3cn(CC(=O)N4CCN(CCOC)CC4)c5ccc(C)cc35)cc2,CHEMBL3325660,IC50,7.7
5685291,CCCCCCOC(=O)N1CCN(CC1)C(=O)[C@H](CCC(=O)O)NC(=O)c2cc(O)cc(n2)c3ccccc3,CHEMBL599005,Ki,7.7
5685302,CCCCNc1nc(SCCC)nc2c1nnn2[C@@H]3C[C@@H]([C@@H](O)[C@H]3O)C(=O)N,CHEMBL250848,Ki,7.7
5685313,CCCCOC(=O)N1CCN(CC1)C(=O)[C@H](CCC(=O)O)NC(=O)c2cc(OC3CCN(CC3)C(=O)OCC)cc(n2)c4ccccc4,CHEMBL578335,Ki,7.7
5685324,CCOC(=O)N1CCN(CC1)C(=O)[C@H](CCC(=O)O)NC(=O)c2cc(OCC(=O)N3CCC[C@H]3C(=O)NC4CCCC4)n(n2)c5ccccc5,CHEMBL2172273,Ki,7.7
5685335,CCCC(=O)c1cnn(c1C)c2ccc(NC(=O)c3cn(CC(=O)N4CCN(CC(F)F)CC4)c5ccc(C)cc35)cc2,CHEMBL3325783,IC50,7.72
5685346,CCCC(=O)c1cnn(c1C)c2ccc(NC(=O)c3cn(CC(=O)N4CCN(CCF)CC4)c5ccc(C)cc35)cc2,CHEMBL3325782,IC50,7.72
5685357,CCCCCOC(=O)N1CCN(CC1)C(=O)[C@H](CCC(=O)O)NC(=O)c2cc(OC3CCN(CC3)C(=O)C(F)(F)F)cc(n2)c4ccccc4,CHEMBL592887,Ki,7.72
5685368,CCCCCOC(=O)N1CCN(CC1)C(=O)[C@H](CCC(=O)O)NC(=O)c2nc(NCC3CCNC3)cc(n2)c4ccccc4,CHEMBL565249,Ki,7.72
5685379,CCCCOC(=O)N1CCN(CC1)C(=O)[C@H](CCC(=O)O)NC(=O)c2cc(OC3CCN(CC3)C(C)C)nc(n2)c4ccccc4,CHEMBL569909,Ki,7.72
5685390,CCOC(=O)N1CCN(CC1)C(=O)[C@H](CCC(=O)O)NC(=O)c2cc(OCC(=O)N3CCC[C@H]3C(=O)NCC4CCC4)n(n2)c5ccccc5,CHEMBL2172156,Ki,7.72
5685403,CCCCCCOC(=O)N1CCN(CC1)C(=O)[C@H](CCC(=O)O)NC(=O)c2cc(OCCO)cc(n2)c3ccccc3,CHEMBL591593,Ki,7.75
5685415,CCCCCCOC(=O)N1CCN(CC1)C(=O)[C@H](CCC(=O)O)NC(=O)c2cc(cc(n2)c3ccccc3)N4CCC(CN)CC4,CHEMBL556330,Ki,7.75
5685426,CCCCCOC(=O)N1CCN(CC1)C(=O)[C@H](CCC(=O)O)NC(=O)c2cc(OCCC)cc(n2)c3ccccc3,CHEMBL602294,Ki,7.75
5685437,CCCCCOC(=O)N1CCN(CC1)C(=O)[C@H](CCC(=O)O)NC(=O)c2cc(cc(n2)c3ccccc3)N4CCC[C@H](O)C4,CHEMBL590255,Ki,7.75
5685449,CCCCOC(=O)N1CCN(CC1)C(=O)[C@H](CCC(=O)O)NC(=O)c2cc(OCCOC)cc(n2)c3ccccc3,CHEMBL555342,Ki,7.75
5685461,CCOC(=O)N1CCN(CC1)C(=O)[C@H](CCC(=O)O)NC(=O)c2cc(cc(n2)c3ccccc3)N4CCC(COC)CC4,CHEMBL552973,Ki,7.75
5685472,OC(=O)CC[C@H](NC(=O)c1cccc(n1)c2ccccc2)C(=O)N3CCN(CC3)C(=O)OCCCC(F)(F)F,CHEMBL596732,Ki,7.75
5685483,CCCC(=O)c1cnn(c1C)c2ccc(NC(=O)Nc3cc(C)ccc3OCCCC(=O)O)cc2,CHEMBL3326903,IC50,7.77
5685494,CCCC(=O)c1cnn(c1C)c2ccc(NC(=O)c3cn(CC(=O)N4CCN(C)CC4)c5ccc(Cl)cc35)nn2,CHEMBL3325891,IC50,7.77
5685505,CCCCCOC(=O)N1CCN(CC1)C(=O)[C@H](CCC(=O)O)NC(=O)c2cc(SC3CCCC3)nc(n2)c4ccccc4,CHEMBL569912,Ki,7.77
5685516,CCCCCOC(=O)N1CCN(CC1)C(=O)[C@H](CCC(=O)O)NC(=O)c2cc(cc(n2)c3ccccc3)N4CCC(N)CC4,CHEMBL590742,Ki,7.77
5685527,CCCCCOC(=O)N1CCN(CC1)C(=O)[C@H](CCC(=O)O)NC(=O)c2cc(cc(n2)c3ccccc3)N4CCCC(C4)C(=O)N,CHEMBL590087,Ki,7.77
5685537,CCOC(=O)N1CCN(CC1)C(=O)[C@H](CCC(=O)O)NC(=O)c2cc(OCC(=O)N3CCC[C@H]3C(=O)N4CCCC4)c5ccc(C)cc5n2,CHEMBL3652606,IC50,7.77
5685547,CCOC(=O)c1cc(C#N)c(nc1C)N2CC(C2)C(=O)NS(=O)(=O)Cc3ccccc3,CHEMBL2419501,IC50,7.77
5685558,CCCCCOC(=O)N1CCN(CC1)C(=O)[C@H](CCC(=O)O)NC(=O)c2cc(cc(n2)c3ccccc3)N4CCC[C@@H](O)C4,CHEMBL590039,Ki,7.8
5685569,CCCCCOC(=O)N1CCN(CC1)C(=O)[C@H](CCC(=O)O)NC(=O)c2cc(cc(n2)c3ccccc3)N4CCN(CC4)C(=O)C(C)C,CHEMBL602110,Ki,7.8
5685580,CCCCOC(=O)N1CCN(CC1)C(=O)[C@H](CCC(=O)O)NC(=O)c2cc(OCC3CCNCC3)nc(n2)c4ccccc4,CHEMBL568824,Ki,7.8
5685591,CCOC(=O)N1CCN(CC1)C(=O)[C@H](CCC(=O)O)NC(=O)c2cc(nc(n2)c3ccccc3)N4CC[C@@H](C4)OC,CHEMBL3322642,IC50,7.8
5685602,CCC(=O)ON1CCN(CC1)C(=O)[C@H](CCC(=O)O)NC(=O)c2cc(cc(n2)c3ccccc3)c4ccccc4,CHEMBL551484,Ki,7.82
5685613,CCCC(=O)c1cnn(c1C)c2ccc(NC(=O)c3cn(CC(=O)N4CCN(CCOC)CC4)c5ccc(Cl)cc35)cc2,CHEMBL3325801,IC50,7.82
5685624,CCCC(=O)c1cnn(c1C)c2ccc(NC(=O)c3cn(CC(=O)N4C[C@@H]5C[C@@H](O)CN5C[C@@H]4C)c6ccc(C)cc36)cc2,CHEMBL3325785,IC50,7.82
5685635,CCCCCOC(=O)N1CCN(CC1)C(=O)[C@H](CCC(=O)O)NC(=O)c2cc(cc(n2)c3ccccc3)N(C)CCS(=O)(=O)C,CHEMBL556142,Ki,7.82
5685646,CCCCCOC(=O)N1CCN(CC1)C(=O)[C@H](CCC(=O)O)NC(=O)c2cc(cc(n2)c3ccccc3)N4CCC(CC4)OC,CHEMBL589817,Ki,7.82
5685658,CCCCCOC(=O)N1CCN(CC1)C(=O)[C@H](CCC(=O)O)NC(=O)c2cc(cc(n2)c3ccccc3)N4CCC(CN)CC4,CHEMBL539734,Ki,7.82
5685670,CCCCCOC(=O)N1CCN(CC1)C(=O)[C@H](CCC(=O)O)NC(=O)c2cc(cc(n2)c3ccccc3)N4CCC(COC)CC4,CHEMBL539733,Ki,7.82
5685681,CCCCCOC(=O)N1CCN(CC1)C(=O)[C@H](CCC(=O)O)NC(=O)c2cc(cc(n2)c3ccccc3)N4CCN(C)CC4,CHEMBL589298,Ki,7.82
5685692,CCCCOC(=O)N1CCN(CC1)C(=O)[C@H](CCC(=O)O)NC(=O)c2cc(OCC3CCN(C)CC3)nc(n2)c4ccccc4,CHEMBL569781,Ki,7.82
5685703,CCOC(=O)N1CCN(CC1)C(=O)[C@H](CCC(=O)O)NC(=O)c2cc(cc(n2)c3ccccc3)c4ccccc4,CHEMBL603866,Ki,7.82
5685714,CCOC(=O)c1cc(C#N)c(nc1C)N2CCC(CC2)C(=O)NS(=O)(=O)Cc3ccc(F)cc3,CHEMBL2419491,IC50,7.82
5685725,OC(=O)CC[C@H](NC(=O)c1cccc(n1)c2ccccc2)C(=O)N3CCN(CC3)C(=O)OCCC4CC4,CHEMBL599399,Ki,7.82
5685737,CCCCCCCCOC(=O)N1CCN(CC1)C(=O)[C@H](CCC(=O)O)NC(=O)c2cccc(n2)c3ccccc3,CHEMBL564150,Ki,7.85
5685748,CCCCCCOC(=O)N1CCN(CC1)C(=O)[C@H](CCC(=O)O)NC(=O)c2cc(OCCOC)cc(n2)c3ccccc3,CHEMBL591619,Ki,7.85
5685759,CCCCCOC(=O)N1CCN(CC1)C(=O)[C@H](CCC(=O)O)NC(=O)c2nc(cc(n2)c3ccccc3)N4CCN(CC4)C(=O)N(C)C,CHEMBL570020,Ki,7.85
5685773,CCOC(=O)N1CCN(CC1)C(=O)[C@H](CCC(=O)O)NC(=O)c2cc(cc(n2)c3ccccc3)N4CCC(CN)CC4,CHEMBL550278,Ki,7.85
5685784,CCCCCOC(=O)N1CCN(CC1)C(=O)C(CCC(=O)O)NC(=O)c2cc(cc(n2)c3ccccc3)N4CCC(O)C4,CHEMBL590258,Ki,7.89
5685795,CCCCCOC(=O)N1CCN(CC1)C(=O)[C@H](CCC(=O)O)NC(=O)c2cc(cc(n2)c3ccccc3)C(=O)NCC,CHEMBL603146,Ki,7.89
5685806,CCCCCOC(=O)N1CCN(CC1)C(=O)[C@H](CCC(=O)O)NC(=O)c2cc(cc(n2)c3ccccc3)N4CCN(CCO)CC4,CHEMBL589597,Ki,7.89
5685817,CCCC(=O)c1cnn(c1C)c2ccc(NC(=O)c3cn(CC(=O)N4CCN(Cc5ccc(F)cc5)CC4)c6ccc(C)cc36)cc2,CHEMBL3325788,IC50,7.92
5685829,CCCC(=O)c1cnn(c1C)c2ccc(NC(=O)c3cn(CC(=O)N4CCN5CCN(C)C(=O)C5C4)c6ccc(Cl)cc36)cc2,CHEMBL3325805,IC50,7.92
5685840,CCCCCOC(=O)N1CCN(CC1)C(=O)[C@H](CCC(=O)O)NC(=O)c2cc(CCCNCC(C)C)cc(n2)c3ccccc3,CHEMBL590874,Ki,7.92
5685851,CCCCCOC(=O)N1CCN(CC1)C(=O)[C@H](CCC(=O)O)NC(=O)c2cc(NCCC)cc(n2)c3ccccc3,CHEMBL598387,Ki,7.92
5685862,CCCCCOC(=O)N1CCN(CC1)C(=O)[C@H](CCC(=O)O)NC(=O)c2cc(OCC3CCN(CC3)C(=O)COC)cc(n2)c4ccccc4,CHEMBL589216,Ki,7.92
5685873,CCCCCOC(=O)N1CCN(CC1)C(=O)[C@H](CCC(=O)O)NC(=O)c2cc(cc(n2)c3ccccc3)N4CCC(CCN(C)C)CC4,CHEMBL601693,Ki,7.92
5685884,CCCCCOC(=O)N1CCN(CC1)C(=O)[C@H](CCC(=O)O)NC(=O)c2cc(cc(n2)c3ccccc3)N4CCN(CC4)C(=O)N(CC)CC,CHEMBL601447,Ki,7.92
5685895,CCCCCOC(=O)N1CCN(CC1)C(=O)[C@H](CCC(=O)O)NC(=O)c2nc(OCC3CCN(C)CC3)cc(n2)c4ccccc4,CHEMBL569815,Ki,7.92
5685906,CCCCCOC(=O)N1CCN(CC1)C(=O)[C@H](CCC(=O)O)NC(=O)c2nc(cc(n2)c3ccccc3)N4CCC(COC)CC4,CHEMBL571812,Ki,7.92
5685917,CCCCCOC(=O)N1CCN(CC1)C(=O)[C@H](CCC(=O)O)NC(=O)c2nc(cc(n2)c3ccccc3)N4CCN(CCOC)CC4,CHEMBL570060,Ki,7.92
5685928,CCCCOC(=O)N1CCN(CC1)C(=O)[C@H](CCC(=O)O)NC(=O)c2cc(OC3CCN(CC3)C(=O)C(F)(F)F)cc(n2)c4ccccc4,CHEMBL578102,Ki,7.92
5685940,CCCCOC(=O)N1CCN(CC1)C(=O)[C@H](CCC(=O)O)NC(=O)c2cc(OC3CCNCC3)cc(n2)c4ccccc4,CHEMBL540672,Ki,7.92
5685951,CCCCOC(=O)N1CCN(CC1)C(=O)[C@H](CCC(=O)O)NC(=O)c2cc(OCCOC)nc(n2)c3ccccc3,CHEMBL569319,Ki,7.92
5685962,CCCOC(=O)N1CCN(CC1)C(=O)[C@H](CCC(=O)O)NC(=O)c2cc(cc(n2)c3ccccc3)N4CCC(CC4)C(=O)N(CC)CC,CHEMBL601699,Ki,7.92
5685972,CCOC(=O)N1CCN(CC1)C(=O)[C@H](CCC(=O)O)NC(=O)c2cc(O[C@H](C)C(=O)N3CCC[C@H]3C(=O)N4CCCCC4)c5ccc(C)cc5n2,CHEMBL3652611,IC50,7.92
5685982,CCOC(=O)c1cc(C#N)c(nc1C)N2CC(C2)C(=O)NS(=O)(=O)Cc3ccc(F)cc3,CHEMBL2419486,IC50,7.92
5685993,CCCC(=O)c1cnn(c1C)c2ccc(NC(=O)c3cn(CC(=O)N4CCN(CC(=O)N(C)C)CC4)c5ccc(Cl)cc35)cc2,CHEMBL3325803,IC50,7.96
5686004,CCCC(=O)c1cnn(c1C)c2ccc(NC(=O)c3cn(CC(=O)N4CCN(CCO)CC4)c5ccc(Cl)cc35)cc2,CHEMBL3325802,IC50,7.96
5686015,CCCC(=O)c1cnn(c1C)c2ccc(NC(=O)c3cn(CC(=O)N4CCN(Cc5cc(C)on5)CC4)c6ccc(Cl)cc36)cc2,CHEMBL3325804,IC50,7.96
5686026,CCCCCCOC(=O)N1CCN(CC1)C(=O)[C@H](CCC(=O)O)NC(=O)c2cc(NCCOC)cc(n2)c3ccccc3,CHEMBL589719,Ki,7.96
5686037,CCCCCOC(=O)N1CCN(CC1)C(=O)[C@H](CCC(=O)O)NC(=O)c2cc(O)cc(n2)c3ccccc3,CHEMBL596750,Ki,7.96
5686048,CCCCCOC(=O)N1CCN(CC1)C(=O)[C@H](CCC(=O)O)NC(=O)c2cc(OC(=O)N3CCCCC3)cc(n2)c4ccccc4,CHEMBL591991,Ki,7.96
5686059,CCCCCOC(=O)N1CCN(CC1)C(=O)[C@H](CCC(=O)O)NC(=O)c2cc(OC3CCN(COC)CC3)cc(n2)c4ccccc4,CHEMBL577630,Ki,7.96
5686070,CCCCCOC(=O)N1CCN(CC1)C(=O)[C@H](CCC(=O)O)NC(=O)c2cc(cc(n2)c3ccccc3)C(=O)N(C)C4CCN(C)CC4,CHEMBL603151,Ki,7.96
5686081,CCCCCOC(=O)N1CCN(CC1)C(=O)[C@H](CCC(=O)O)NC(=O)c2cc(cc(n2)c3ccccc3)C(=O)NCCC,CHEMBL589737,Ki,7.96
5686092,CCCCCOC(=O)N1CCN(CC1)C(=O)[C@H](CCC(=O)O)NC(=O)c2cc(cc(n2)c3ccccc3)N4CCC(CCOC)CC4,CHEMBL590001,Ki,7.96
5686104,CCCCCOC(=O)N1CCN(CC1)C(=O)[C@H](CCC(=O)O)NC(=O)c2cc(cc(n2)c3ccccc3)N4CCC(O)CC4,CHEMBL556522,Ki,7.96
5686115,CCCCCOC(=O)N1CCN(CC1)C(=O)[C@H](CCC(=O)O)NC(=O)c2cc(cc(n2)c3ccccc3)N4CCCC(C4)N5CCCC5,CHEMBL601272,Ki,7.96
5686127,CCCCCOC(=O)N1CCN(CC1)C(=O)[C@H](CCC(=O)O)NC(=O)c2cccc(n2)c3ccccc3,CHEMBL560009,Ki,7.96
5686138,CCCCCOC(=O)N1CCN(CC1)C(=O)[C@H](CCC(=O)O)NC(=O)c2nc(OCCCN3CCOCC3)cc(n2)c4ccccc4,CHEMBL569889,Ki,7.96
5686149,CCCCCOC(=O)N1CCN(CC1)C(=O)[C@H](CCC(=O)O)NC(=O)c2nc(cc(n2)c3ccccc3)N4CCC(CNC)CC4,CHEMBL569722,Ki,7.96
5686160,CCCCCOC(=O)N1CCN(CC1)C(=O)[C@H](CCC(=O)O)NC(=O)c2nc(cc(n2)c3ccccc3)N4CCC(CNCC)CC4,CHEMBL568128,Ki,7.96
5686171,CCCCCOC(=O)N1CCN(CC1)C(=O)[C@H](CCC(=O)O)NC(=O)c2nc(cc(n2)c3ccccc3)N4CCN(C)CC4,CHEMBL567840,Ki,7.96
5686182,CCCCCOC(=O)N1CCN(CC1)C(=O)[C@H](CCC(=O)O)NC(=O)c2nc(cc(n2)c3ccccc3)N4CCOCC4,CHEMBL566309,Ki,7.96
5686193,CCCCCOC(=O)N1CCN(CC1)C(=O)[C@H](CCC(=O)OC(C)(C)C)NC(=O)c2cc(NC(=O)OCC)cc(n2)c3ccccc3,CHEMBL592409,Ki,7.96
5686204,CCCCOC(=O)N1CCN(CC1)C(=O)[C@H](CCC(=O)O)NC(=O)c2cc(OC3CCNCC3)nc(n2)c4ccccc4,CHEMBL569732,Ki,7.96
5686215,CCCCOC(=O)N1CCN(CC1)C(=O)[C@H](CCC(=O)O)NC(=O)c2cc(OCC3CCCCN3)cc(n2)c4ccccc4,CHEMBL592881,Ki,7.96
5686226,CCCCOC(=O)N1CCN(CC1)C(=O)[C@H](CCC(=O)O)NC(=O)c2cc(OCC3CCOCC3)cc(n2)c4ccccc4,CHEMBL592535,Ki,7.96
5686237,CCOC(=O)N1CCN(CC1)C(=O)[C@H](CCC(=O)O)NC(=O)c2cc(nc(n2)c3ccccc3)c4ccsc4,CHEMBL3322632,IC50,7.96
5686248,CCOC(=O)c1cc(C#N)c(nc1C)N2CCC(CC2)C(=O)NS(=O)(=O)Cc3ccc(F)cc3F,CHEMBL2419495,IC50,7.96
5686259,CCCCCOC(=O)N1CCN(CC1)C(=O)[C@H](CCC(=O)O)NC(=O)c2cc(nc(n2)c3ccccc3)N4CCC(CCOC)CC4,CHEMBL570263,Ki,7.99
5686270,CCCCCOC(=O)N1CCN(CC1)C(=O)[C@H](CCC(=O)O)NC(=O)c2cc(OC3CCN(CCOC)CC3)cc(n2)c4ccccc4,CHEMBL592886,Ki,8.0
5686282,CCCCCOC(=O)N1CCN(CC1)C(=O)[C@H](CCC(=O)O)NC(=O)c2cc(OCCOC)cc(n2)c3ccccc3,CHEMBL552971,Ki,8.0
5686293,CCCCCOC(=O)N1CCN(CC1)C(=O)[C@H](CCC(=O)O)NC(=O)c2cc(cc(n2)c3ccccc3)C(=O)NC,CHEMBL598161,Ki,8.0
5686304,CCCCCOC(=O)N1CCN(CC1)C(=O)[C@H](CCC(=O)O)NC(=O)c2cc(cc(n2)c3ccccc3)N4CCC(CC4)N5CCOCC5,CHEMBL603145,Ki,8.0
5686315,CCCCCOC(=O)N1CCN(CC1)C(=O)[C@H](CCC(=O)O)NC(=O)c2cc(cc(n2)c3ccccc3)N4CCCC(CN5CCCC5=O)C4,CHEMBL601274,Ki,8.0
5686326,CCCCCOC(=O)N1CCN(CC1)C(=O)[C@H](CCC(=O)O)NC(=O)c2cc(cc(n2)c3ccccc3)N4CCCC(CNC(=O)C)C4,CHEMBL590257,Ki,8.0
5686337,CCCCCOC(=O)N1CCN(CC1)C(=O)[C@H](CCC(=O)O)NC(=O)c2cc(cc(n2)c3ccccc3)N4CCN(CC4)C(=O)N5CCCC5,CHEMBL590254,Ki,8.0
5686348,CCCCCOC(=O)N1CCN(CC1)C(=O)[C@H](CCC(=O)O)NC(=O)c2nc(cc(n2)c3ccccc3)N4CCC(CC4)OCCO,CHEMBL565573,Ki,8.0
5686359,CCCCOC(=O)N1CCN(CC1)C(=O)[C@H](CCC(=O)O)NC(=O)c2cc(OC3CCN(CC3)C(C)C)cc(n2)c4ccccc4,CHEMBL578076,Ki,8.0
5686370,CCCCOC(=O)N1CCN(CC1)C(=O)[C@H](CCC(=O)O)NC(=O)c2cc(OC3CCOCC3)cc(n2)c4ccccc4,CHEMBL592650,Ki,8.0
5686381,CCCCOC(=O)N1CCN(CC1)C(=O)[C@H](CCC(=O)O)NC(=O)c2cc(OCC3CCN(CC3)C(=O)C(F)(F)F)cc(n2)c4ccccc4,CHEMBL600370,Ki,8.0
5686392,CCOC(=O)c1cc(C#N)c(nc1C)N2CC(C2)C(=O)NS(=O)(=O)Cc3ccc(Cl)cc3,CHEMBL2419485,IC50,8.0
5686403,CCc1cc2c(nc(NC(=O)NCCC(=O)O)nc2s1)N3CCN(CC3)C(=O)c4ccc(cc4)c5ccccc5,CHEMBL566438,Ki,8.0
5686414,CCCCCOC(=O)N1CCN(CC1)C(=O)[C@H](CCC(=O)O)NC(=O)c2cc(NCCOC)cc(n2)c3ccccc3,CHEMBL590262,Ki,8.01
5686425,CCOC(=O)c1cc(C#N)c(nc1C)N2CC(C2)NC(=O)NS(=O)(=O)c3ccc(Cl)s3,CHEMBL2402255,IC50,8.02
5686436,CCCCCCOC(=O)N1CCN(CC1)C(=O)[C@H](CCC(=O)O)NC(=O)c2cc(OC3CCNCC3)cc(n2)c4ccccc4,CHEMBL592671,Ki,8.03
5686447,CCCCCOC(=O)N1CCN(CC1)C(=O)[C@H](CCC(=O)O)NC(=O)c2cc(NC3CCN(CC3)C(C)C)nc(n2)c4ccccc4,CHEMBL569742,Ki,8.03
5686458,CCCCCOC(=O)N1CCN(CC1)C(=O)[C@H](CCC(=O)O)NC(=O)c2nc(cc(n2)c3ccccc3)N4CCC(CN)CC4,CHEMBL567050,Ki,8.03
5686469,CCCCOC(=O)N1CCN(CC1)C(=O)[C@H](CCC(=O)O)NC(=O)c2cc(OC3CCN(CCOC)CC3)cc(n2)c4ccccc4,CHEMBL577454,Ki,8.03
5686480,CCCCCOC(=O)N1CCN(CC1)C(=O)[C@H](CCC(=O)OC(C)(C)C)NC(=O)c2cc(NC(=O)C(F)(F)F)cc(n2)c3ccccc3,CHEMBL577653,Ki,8.04
5686491,CCCCCOC(=O)N1CCN(CC1)C(=O)[C@H](CCC(=O)OC(C)(C)C)NC(=O)c2cc(NC(=O)N3CCC(CC3)OC)cc(n2)c4ccccc4,CHEMBL592407,Ki,8.04
5686502,CCCCCOC(=O)N1CCN(CC1)C(=O)[C@H](CCC(=O)O)NC(=O)c2cc(cc(n2)c3ccccc3)N4CCC(CC4)N5CCCC5,CHEMBL603144,Ki,8.05
5686513,CCCCCOC(=O)N1CCN(CC1)C(=O)[C@H](CCC(=O)O)NC(=O)c2cc(cc(n2)c3ccccc3)N4CCN(CCS(=O)(=O)C)CC4,CHEMBL601909,Ki,8.05
5686524,CCCCOC(=O)N1CCN(CC1)C(=O)[C@H](CCC(=O)O)NC(=O)c2cc(nc(n2)c3ccccc3)[C@H]4C[C@H]4COC,CHEMBL3322654,IC50,8.05
5686535,CCNC(=S)N1CCN(CC1)C(=O)[C@H](CCC(=O)OC(C)(C)C)NC(=O)c2cccc(n2)c3ccccc3,CHEMBL599843,Ki,8.05
5686545,CCOC(=O)N1CCN(CC1)C(=O)[C@H](CC(=O)O)NC(=O)c2cc(OCC(=O)N3CCC[C@H]3C(=O)NC4CCC4)c5cc(F)c(C)cc5n2,CHEMBL3652610,IC50,8.05
5686555,CCCCCOC(=O)N1CCN(CC1)C(=O)[C@H](CCC(=O)O)NC(=O)c2cc(OCCN)cc(n2)c3ccccc3,CHEMBL599397,Ki,8.06
5686566,CCCCCOC(=O)N1CCN(CC1)C(=O)[C@H](CCC(=O)O)NC(=O)c2cc(CC3CCCCC3)cc(n2)c4ccccc4,CHEMBL590989,Ki,8.07
5686577,CCCCCOC(=O)N1CCN(CC1)C(=O)[C@H](CCC(=O)O)NC(=O)c2cc(cc(n2)c3ccccc3)C(=O)N(C)CCCN(C)C,CHEMBL590602,Ki,8.07
5686588,CCCCCOC(=O)N1CCN(CC1)C(=O)[C@H](CCC(=O)O)NC(=O)c2cc(cc(n2)c3ccccc3)N4CCN(CCN(C)C)CC4,CHEMBL601908,Ki,8.07
5686599,CCCCCOC(=O)N1CCN(CC1)C(=O)[C@H](CCC(=O)OC(C)(C)C)NC(=O)c2cc(NC(=O)C3CCOCC3)cc(n2)c4ccccc4,CHEMBL592164,Ki,8.07
5686610,CCCCCCOC(=O)N1CCN(CC1)C(=O)[C@H](CCC(=O)O)NC(=O)c2cc(OCCN)cc(n2)c3ccccc3,CHEMBL591367,Ki,8.08
5686621,CCCCCOC(=O)N1CCN(CC1)C(=O)[C@H](CCC(=O)O)NC(=O)c2cc(CCCCOC)cc(n2)c3ccccc3,CHEMBL590771,Ki,8.08
5686632,CCCCCOC(=O)N1CCN(CC1)C(=O)[C@H](CCC(=O)O)NC(=O)c2cc(CCCOC)cc(n2)c3ccccc3,CHEMBL590856,Ki,8.08
5686643,CCCCCOC(=O)N1CCN(CC1)C(=O)[C@H](CCC(=O)O)NC(=O)c2cc(cc(n2)c3ccccc3)N4CCN(CCCN(C)C)CC4,CHEMBL589927,Ki,8.08
5686654,CCCCCOC(=O)N1CCN(CC1)C(=O)[C@H](CCC(=O)O)NC(=O)c2cc(cc(n2)c3ccccc3)N4CCN(CCOC)CC4,CHEMBL589616,Ki,8.08
5686665,CCCCCOC(=O)N1CCN(CC1)C(=O)[C@H](CCC(=O)O)NC(=O)c2cc(nc(n2)c3ccccc3)N4CCC(COC)CC4,CHEMBL567468,Ki,8.08
5686676,CCCCCOC(=O)N1CCN(CC1)C(=O)[C@H](CCC(=O)O)NC(=O)c2nc(cc(n2)c3ccccc3)N4CCC(CCOC)CC4,CHEMBL570271,Ki,8.08
5686687,CCCCCOC(=O)N1CCN(CC1)C(=O)[C@H](CCC(=O)O)NC(=O)c2nc(cc(n2)c3ccccc3)N4CCC(N)CC4,CHEMBL571583,Ki,8.08
3945975,CCOC(=O)N1CCN(CC1)C(=O)[C@H](CCC(=O)O)NC(=O)c2cc(OC(C)(C)C(=O)O)c3ccc(C)cc3n2,CHEMBL3797316,IC50,8.08
5686700,CCCCCOC(=O)N1CCN(CC1)C(=O)[C@H](CCC(=O)O)NC(=O)c2nc(cc(n2)c3ccccc3)N4CCC(COCCOC)CC4,CHEMBL570384,Ki,8.09
5686711,CCCCCOC(=O)N1CCN(CC1)C(=O)[C@H](CCC(=O)O)NC(=O)c2cc(OCC)cc(n2)c3ccccc3,CHEMBL596961,Ki,8.1
5686722,CCCCCOC(=O)N1CCN(CC1)C(=O)[C@H](CCC(=O)O)NC(=O)c2cc(cc(n2)c3ccccc3)C(=O)NCCOC,CHEMBL603148,Ki,8.1
5686733,CCCCCOC(=O)N1CCN(CC1)C(=O)[C@H](CCC(=O)O)NC(=O)c2cc(cc(n2)c3ccccc3)N4CCC(CC4)C(=O)NC,CHEMBL590003,Ki,8.1
5686744,CCCCCOC(=O)N1CCN(CC1)C(=O)[C@H](CCC(=O)O)NC(=O)c2cc(cc(n2)c3ccccc3)N4CCC(CCN5CCCC5)CC4,CHEMBL590002,Ki,8.1
5686755,CCCCNC(=S)N1CCN(CC1)C(=O)[C@H](CCC(=O)OC(C)(C)C)NC(=O)c2cccc(n2)c3ccccc3,CHEMBL604497,Ki,8.1
5686765,CCCCOC(=O)N1CCN(CC1)C(=O)[C@H](CCc2nnn[nH]2)NC(=O)c3cc(OCC(=O)N4CCC[C@H]4C(=O)NC5CCC5)c6ccc(C)cc6n3,CHEMBL3652618,IC50,8.1
5686775,CCc1cc2c(nc(NCCC(=O)O)nc2s1)N3CCN(CC3)C(=O)c4ccc(cc4)c5ccccc5,CHEMBL567702,Ki,8.1
5686786,CCCCCOC(=O)N1CCN(CC1)C(=O)[C@H](CCC(=O)O)NC(=O)c2cc(OC(=O)N3CCCC3)cc(n2)c4ccccc4,CHEMBL591427,Ki,8.11
5686797,CCCCOC(=O)N1CCN(CC1)C(=O)CNC(=O)c2cc(OCC(=O)N3CCC[C@H]3C(=O)NC4CCC4)n(n2)c5ccccc5,CHEMBL2172140,Ki,8.11
5686808,CCOC(=O)N1CCN([C@H](C)C1)C(=O)[C@H](CCC(=O)O)NC(=O)c2cc(OCC(=O)N3CCC[C@H]3C(=O)NC4CCC4)n(n2)c5ccccc5,CHEMBL2172151,Ki,8.11
5686819,CCCCOC(=O)N1CCN(CC1)C(=O)[C@H](CCC(=O)O)NC(=O)c2cc(OC3CCN(CC3)S(=O)(=O)CC)cc(n2)c4ccccc4,CHEMBL578714,Ki,8.12
5686830,CCCCOC(=O)N1CCN(CC1)C(=O)[C@H](CCC(=O)O)NC(=O)c2cc(OCC3CCN(CC3)C(=O)OCC)cc(n2)c4ccccc4,CHEMBL600574,Ki,8.12
5686841,CCCCCOC(=O)N1CCN(CC1)C(=O)[C@H](CCC(=O)O)NC(=O)c2cc(OCC3CCN(CC3)S(=O)(=O)CC)cc(n2)c4ccccc4,CHEMBL600577,Ki,8.13
5686852,CCCCCOC(=O)N1CCN(CC1)C(=O)[C@H](CCC(=O)O)NC(=O)c2cc(cc(n2)c3ccccc3)C(=O)N,CHEMBL598160,Ki,8.13
5686863,CCCCCOC(=O)N1CCN(CC1)C(=O)[C@H](CCC(=O)O)NC(=O)c2cc(nc(n2)c3ccccc3)N4CCC(C)CC4,CHEMBL571929,Ki,8.13
5686874,CCCCCOC(=O)N1CCN(CC1)C(=O)[C@H](CCC(=O)O)NC(=O)c2nc(cc(n2)c3ccccc3)N4CCC(CC4)N5CCCC5,CHEMBL566176,Ki,8.13
5686885,CCCCCOC(=O)N1CCN(CC1)C(=O)[C@H](CCC(=O)O)NC(=O)c2nc(cc(n2)c3ccccc3)N4CCC(CC4)OC,CHEMBL565300,Ki,8.13
5686896,CCCCOC(=O)N1CCN(CC1)C(=O)[C@H](CCC(=O)O)NC(=O)c2cc(cc(n2)c3ccccc3)N4CCC(CN(CC)CC)CC4,CHEMBL589961,Ki,8.13
5686907,CCCCCOC(=O)N1CCN(CC1)C(=O)[C@H](CCC(=O)O)NC(=O)c2cc(cc(n2)c3ccccc3)N4CCCC(CN5CCCC5)C4,CHEMBL601273,Ki,8.14
5686918,CCOC(=O)N1CCN(CC1)C(=O)[C@H](CCC(=O)O)NC(=O)c2cc(OCC(=O)N3CCC[C@H]3C(=O)NC4CCC4)n(n2)c5ccccc5,CHEMBL2172272,Ki,8.14
5686929,CCCCCOC(=O)N1CCN(CC1)C(=O)[C@H](CCC(=O)O)NC(=O)c2cc(cc(n2)c3ccccc3)N4CC(CNC)C4,CHEMBL601488,Ki,8.15
5686940,CCCCCOC(=O)N1CCN(CC1)C(=O)[C@H](CCC(=O)O)NC(=O)c2nc(cc(n2)c3ccccc3)N4CCC(CC4)OCCOC,CHEMBL570156,Ki,8.15
5686951,CCCC(=O)c1cnn(C2CCN(CC2)NC(=O)c3cn(CC(=O)N4CCN(C)CC4)c5ccc(Cl)cc35)c1C,CHEMBL3325894,IC50,8.16
5686962,CCCC(=O)c1cnn(c1C)c2ccc(NC(=O)c3cn(CCC(=O)O)c4ccc(C)cc34)cc2,CHEMBL3326906,IC50,8.16
5686974,CCCCCCCOC(=O)N1CCN(CC1)C(=O)[C@H](CCC(=O)O)NC(=O)c2cccc(n2)c3ccccc3,CHEMBL564981,Ki,8.16
5686985,CCCCCOC(=O)N1CCN(CC1)C(=O)[C@H](CCC(=O)O)NC(=O)c2cc(OC3CCN(CC3)C(C)C)cc(n2)c4ccccc4,CHEMBL590939,Ki,8.16
5686996,CCCCOC(=O)N1CCN(CC1)C(=O)[C@H](CCC(=O)O)NC(=O)c2cc(OC3CCCNC3)cc(n2)c4ccccc4,CHEMBL592737,Ki,8.16
5687007,CCCCOC(=O)N1CCN(CC1)C(=O)[C@H](CCC(=O)O)NC(=O)c2cc(OCCCO)cc(n2)c3ccccc3,CHEMBL599637,Ki,8.16
5687018,CCOC(=O)c1cc(C#N)c(nc1C)N2CCC(CC2)C(=O)NS(=O)(=O)Cc3ccc(C)cc3,CHEMBL2419493,IC50,8.16
5687029,CCCCCOC(=O)N1CCN(CC1)C(=O)[C@H](CCC(=O)O)NC(=O)c2cc(cc(n2)c3ccccc3)N4CCC(CC4)C(=O)N5CCCC5,CHEMBL601907,Ki,8.17
5687040,CCCCCOC(=O)N1CCN(CC1)C(=O)[C@H](CCC(=O)O)NC(=O)c2nc(cc(n2)c3ccccc3)N4CCN(CC(=O)N(C)C)CC4,CHEMBL570053,Ki,8.17
5687051,CCCCCOC(=O)N1CCN(CC1)C(=O)[C@H](CCC(=O)O)NC(=O)c2cc(OC3CCN(CC3)C(=O)OCC)cc(n2)c4ccccc4,CHEMBL592021,Ki,8.19
5687062,CCCCCOC(=O)N1CCN(CC1)C(=O)[C@H](CCC(=O)O)NC(=O)c2cc(cc(n2)c3ccccc3)N4CCC(CC4)C(=O)N,CHEMBL589897,Ki,8.19
5687073,CCCCCOC(=O)N1CCN(CC1)C(=O)[C@H](CCC(=O)O)NC(=O)c2cc(cc(n2)c3ccccc3)N4CCC(CC4)NC,CHEMBL590743,Ki,8.19
5687084,CCCCCOC(=O)N1CCN(CC1)C(=O)[C@H](CCC(=O)O)NC(=O)c2cc(cc(n2)c3ccccc3)N4CCNCC4,CHEMBL590005,Ki,8.19
5687095,CCCCOC(=O)N1CCN(CC1)C(=O)[C@H](CCCO)NC(=O)c2cc(OCC(=O)N3CCC[C@H]3C(=O)NC4CCC4)n(n2)c5ccccc5,CHEMBL2172133,Ki,8.19
5687106,CCCCCOC(=O)N1CCN(CC1)C(=O)[C@H](CCC(=O)O)NC(=O)c2cc(cc(n2)c3ccccc3)N4CCN(CC4)C(=O)N,CHEMBL590009,Ki,8.2
5687117,CCCCCOC(=O)N1CCN(CC1)C(=O)[C@H](CCC(=O)O)NC(=O)c2cc(cc(n2)c3ccccc3)N4CCN(CCOCCC)CC4,CHEMBL589697,Ki,8.2
5687128,CCCCOC(=O)N1CCN(CC1)C(=O)[C@H](CCC(=O)O)NC(=O)c2cc(cc(n2)c3ccccc3)N4CCC(CC4)C(=O)N5CCCC5,CHEMBL601906,Ki,8.2
5687139,Cl.CCCSc1nc(N[C@@H]2C[C@H]2c3ccccc3)c4nnn([C@@H]5C[C@H](CO)[C@@H](O)[C@H]5O)c4n1,CHEMBL535189,Ki,8.2
5687150,CCCCCOC(=O)N1CCN(CC1)C(=O)[C@H](CCC(=O)OC(C)(C)C)NC(=O)c2cc(NC(=O)C)cc(n2)c3ccccc3,CHEMBL577433,Ki,8.21
5687161,CCCCCNC(=S)N1CCN(CC1)C(=O)[C@H](CCC(=O)OC(C)(C)C)NC(=O)c2cccc(n2)c3ccccc3,CHEMBL599634,Ki,8.22
5687172,CCCCCOC(=O)N1CCN(CC1)C(=O)[C@H](CCC(=O)O)NC(=O)c2cc(OC(=O)N3CCC(CC3)OCC)cc(n2)c4ccccc4,CHEMBL578324,Ki,8.22
5687183,CCCCCOC(=O)N1CCN(CC1)C(=O)[C@H](CCC(=O)O)NC(=O)c2cc(cc(n2)c3ccccc3)C(=O)NCCCOC,CHEMBL603149,Ki,8.22
5687194,CCCCCOC(=O)N1CCN(CC1)C(=O)[C@H](CCC(=O)O)NC(=O)c2cc(cc(n2)c3ccccc3)N4CCC(CC4)C(=O)NC(C)C,CHEMBL589828,Ki,8.22
5687205,CCOC(=O)c1cc(C#N)c(nc1C)N2CC(C2)C(=O)NS(=O)(=O)Cc3ccc(C)cc3,CHEMBL2419487,IC50,8.22
5687216,CCCCCOC(=O)N1CCN(CC1)C(=O)[C@H](CCC(=O)O)NC(=O)c2cc(cc(n2)c3ccccc3)N4CCN(CC(=O)N(CC)CC)CC4,CHEMBL602108,Ki,8.23
5687227,CCCCCOC(=O)N1CCN(CC1)C(=O)[C@H](CCC(=O)O)NC(=O)c2cc(cc(n2)c3ccccc3)N4CCN(CC4)C(=O)N(C)C,CHEMBL602112,Ki,8.23
5687238,CCCCCOC(=O)N1CCN(CC1)C(=O)[C@H](CCC(=O)O)NC(=O)c2nc(cc(n2)c3ccccc3)N4CCC(CC4)N5CCOCC5,CHEMBL565542,Ki,8.23
5687249,CCCCOC(=O)N1CCN(CC1)C(=O)[C@H](CCC(=O)O)NC(=O)c2cc(OCCCOC)cc(n2)c3ccccc3,CHEMBL592531,Ki,8.23
5687260,CCCCCOC(=O)N1CCN(CC1)C(=O)[C@H](CCC(=O)O)NC(=O)c2cc(NCCO)cc(n2)c3ccccc3,CHEMBL597772,Ki,8.24
5687271,CCCCCOC(=O)N1CCN(CC1)C(=O)[C@H](CCC(=O)O)NC(=O)c2cc(OCC3CCN(C)CC3)nc(n2)c4ccccc4,CHEMBL569910,Ki,8.24
5687282,CCCCCOC(=O)N1CCN(CC1)C(=O)[C@H](CCC(=O)O)NC(=O)c2cc(cc(n2)c3ccccc3)C(=O)N(C)CCCC,CHEMBL586227,Ki,8.24
5687293,CCCCCOC(=O)N1CCN(CC1)C(=O)[C@H](CCC(=O)O)NC(=O)c2cc(cc(n2)c3ccccc3)C(=O)N4CCN(C)CC4,CHEMBL600057,Ki,8.24
5687304,CCCCCOC(=O)N1CCN(CC1)C(=O)[C@H](CCC(=O)O)NC(=O)c2nc(cc(n2)c3ccccc3)N4CCN(CC4)C(=O)N,CHEMBL570150,Ki,8.24
5687315,CCCCCOC(=O)N1CCN(CC1)C(=O)[C@H](CCC(=O)OC(C)(C)C)NC(=O)c2cc(NC(=O)CNC)cc(n2)c3ccccc3,CHEMBL592165,Ki,8.24
5687326,CCCCCOC(=O)N1CCN(CC1)C(=O)[C@H](CCC(=O)OC(C)(C)C)NC(=O)c2cc(NC(=O)N3CCCCC3)cc(n2)c4ccccc4,CHEMBL579094,Ki,8.24
5687337,Cc1cccc(c1)N2CCN(CC2)C(=O)[C@H](CCC(=O)O)NC(=O)c3cc(cc(n3)c4ccccc4)c5ccccc5,CHEMBL557553,Ki,8.24
5687348,OC(=O)CC[C@H](NC(=O)c1cc(OCC(=O)N2CCC[C@H]2C(=O)NC3CCC3)n(n1)c4ccccc4)C(=O)N5CCN(CC5)C(=O)OCc6ccccc6,CHEMBL2172146,Ki,8.24
5687359,CCCCCOC(=O)N1CCN(CC1)C(=O)[C@H](CCC(=O)O)NC(=O)c2cc(OC(=O)N(C)C)cc(n2)c3ccccc3,CHEMBL591839,Ki,8.26
5687370,CCCCCOC(=O)N1CCN(CC1)C(=O)[C@H](CCC(=O)O)NC(=O)c2cc(OCC3CCN(CC3)C(C)C)cc(n2)c4ccccc4,CHEMBL589282,Ki,8.26
5687381,CCCCCOC(=O)N1CCN(CC1)C(=O)[C@H](CCC(=O)O)NC(=O)c2cc(cc(n2)c3ccccc3)N4CC(C4)N(C)C,CHEMBL590261,Ki,8.26
5687392,CCCCCOC(=O)N1CCN(CC1)C(=O)[C@H](CCC(=O)O)NC(=O)c2cc(cc(n2)c3ccccc3)N4CCCC(N)C4,CHEMBL601271,Ki,8.26
5687403,CCCCCOC(=O)N1CCN(CC1)C(=O)[C@H](CCC(=O)O)NC(=O)c2cc(cc(n2)c3ccccc3)N4CCCCC4,CHEMBL590328,Ki,8.26
5687414,CCCCCOC(=O)N1CCN(CC1)C(=O)[C@H](CCC(=O)O)NC(=O)c2cc(cc(n2)c3ccccc3)C(=O)N4CCC(CC4)N(C)C,CHEMBL600056,Ki,8.27
5687425,CCCCCOC(=O)N1CCN(CC1)C(=O)[C@H](CCC(=O)O)NC(=O)c2cc(OCC3CCN(C)CC3)cc(n2)c4ccccc4,CHEMBL592888,Ki,8.28
5687436,CCCCCOC(=O)N1CCN(CC1)C(=O)[C@H](CCC(=O)O)NC(=O)c2cc(OCC3CCN(CCOC)CC3)cc(n2)c4ccccc4,CHEMBL600369,Ki,8.28
5687447,CCCCCOC(=O)N1CCN(CC1)C(=O)[C@H](CCC(=O)O)NC(=O)c2cc(cc(n2)c3ccccc3)N4CCN(CC(=O)N5CCCC5)CC4,CHEMBL602109,Ki,8.28
5687458,CCCCCOC(=O)N1CCN(CC1)C(=O)[C@H](CCC(=O)O)NC(=O)c2cc(nc(n2)c3ccccc3)N4CCC(CC4)OCCOC,CHEMBL567064,Ki,8.28
5687469,CCCCCOC(=O)N1CCN(CC1)C(=O)[C@H](CCC(=O)O)NC(=O)c2nc(NCCOC)cc(n2)c3ccccc3,CHEMBL568257,Ki,8.28
5687480,CCCCOC(=O)N1CCN(CC1)C(=O)[C@H](CCC(=O)O)NC(=O)c2cc(OCC3CCN(CC3)S(=O)(=O)CC)cc(n2)c4ccccc4,CHEMBL600576,Ki,8.28
5687491,CCCCOC(=O)N1CCN(CC1)C(=O)[C@H](CCC(=O)O)NC(=O)c2cc(OCC3CCN(CCOC)CC3)cc(n2)c4ccccc4,CHEMBL588492,Ki,8.28
5687502,CCCC(=O)c1cnn(c1C)c2ccc(NC(=O)c3cn(CC(=O)O)c4cc(C)c(C)cc34)cc2,CHEMBL3325627,IC50,8.29
5687513,CCCCCOC(=O)N1CCN(CC1)C(=O)[C@H](CCC(=O)O)NC(=O)c2cc(OC3CCN(CC3)S(=O)(=O)CC)cc(n2)c4ccccc4,CHEMBL579334,Ki,8.29
5687524,CCCCCOC(=O)N1CCN(CC1)C(=O)[C@H](CCC(=O)O)NC(=O)c2cc(OC3CCN(C)CC3)cc(n2)c4ccccc4,CHEMBL592885,Ki,8.3
5687535,CCCCCOC(=O)N1CCN(CC1)C(=O)[C@H](CCC(=O)O)NC(=O)c2cc(cc(n2)c3ccccc3)N4CC[C@@H](C4)OCC(=O)N(C)C,CHEMBL590114,Ki,8.3
5687546,CCCCCOC(=O)N1CCN(CC1)C(=O)[C@H](CCC(=O)O)NC(=O)c2cc(nc(n2)c3ccccc3)N4CCC(CC4)OC,CHEMBL567883,Ki,8.3
5687557,CCCCNc1nc(SCCC)nc2c1nnn2[C@@H]3C[C@@H]([C@@H](O)[C@H]3O)C(=O)O,CHEMBL250847,Ki,8.3
5687567,CCCCOC(=O)N1CCN(CC1)C(=O)CNC(=O)c2cc(OCC(=O)N3CCC[C@H]3C(=O)NC4CCC4)c5ccccc5n2,CHEMBL3652617,IC50,8.3
5687577,CCCCOC(=O)N1CCN(CC1)C(=O)[C@H](CCC(=O)O)NC(=O)c2cc(cc(n2)c3ccccc3)N4CCC(CC4)N(C)C,CHEMBL590673,Ki,8.3
5687587,CCCOC(=O)N1CCN(CC1)C(=O)[C@H](CCC(=O)OC)NC(=O)c2cc(OCC(=O)N3CCC[C@H]3C(=O)NC4CCC4)c5ccc(C)cc5n2,CHEMBL3652615,IC50,8.3
5687596,CCCSc1nc(N[C@@H]2C[C@H]2c3ccccc3)c4nnn([C@@H]5C[C@H](CO)[C@@H](O)[C@H]5O)c4n1,CHEMBL250687,Ki,8.3
5687606,CCOC(=O)N1CCN(CC1)C(=O)[C@H](CCC(=O)O)NC(=O)c2cc(O[C@H](C)C(=O)N3CCC[C@H]3C(=O)NCC4CC4)c5ccc(C)cc5n2,CHEMBL3652612,IC50,8.3
5687616,CCOC(=O)N1CCN(CC1)C(=O)[C@H](CCc2nnn[nH]2)NC(=O)c3cc(OCC(=O)N4CCC[C@H]4C(=O)NC5CCC5)n(n3)c6ccccc6,CHEMBL2172128,Ki,8.3
5687627,OC(=O)CC[C@H](NC(=O)c1cc(OCC(=O)N2CCC[C@H]2C(=O)NC3CCC3)n(n1)c4ccccc4)C(=O)N5CCN(CC5)C(=O)OC6CCC6,CHEMBL2172150,Ki,8.3
5687638,OC[C@H]1C[C@H]([C@H](O)[C@@H]1O)n2nnc3c(N[C@@H]4C[C@H]4c5ccc(F)c(F)c5)nc(SCCC(F)(F)F)nc23,CHEMBL249789,Ki,8.3
5687649,OC[C@H]1C[C@H]([C@H](O)[C@@H]1O)n2nnc3c(N[C@@H]4C[C@H]4c5ccccc5)nc(SCCC(F)(F)F)nc23,CHEMBL249584,Ki,8.3
5687660,CCCCCOC(=O)N1CCN(CC1)C(=O)[C@H](CCC(=O)O)NC(=O)c2cc(OC(=O)N3CCC(C3)OC)cc(n2)c4ccccc4,CHEMBL578271,Ki,8.31
5687671,CCCCCOC(=O)N1CCN(CC1)C(=O)[C@H](CCC(=O)O)NC(=O)c2cc(cc(n2)c3ccccc3)N4CCN(CC(=O)N(C)C)CC4,CHEMBL601910,Ki,8.31
5687682,CCCCOC(=O)N1CCN(CC1)C(=O)[C@H](CCC(=O)O)NC(=O)c2cc(OCCCCO)cc(n2)c3ccccc3,CHEMBL592163,Ki,8.31
5687693,CCCCCCOC(=O)N1CCN(CC1)C(=O)[C@H](CCC(=O)O)NC(=O)c2cc(cc(n2)c3ccccc3)N4CCC(CC4)C(=O)N(CC)CC,CHEMBL601904,Ki,8.32
5687704,CCCCCOC(=O)N1CCN(CC1)C(=O)[C@H](CCC(=O)O)NC(=O)c2cc(NCCCN(C)C)nc(n2)c3ccccc3,CHEMBL569915,Ki,8.32
5687715,CCCCCOC(=O)N1CCN(CC1)C(=O)[C@H](CCC(=O)O)NC(=O)c2cc(OC(=O)N3CCOCC3)cc(n2)c4ccccc4,CHEMBL592195,Ki,8.32
5687727,CCCCOC(=O)N1CCN(CC1)C(=O)[C@H](CCC(=O)O)NC(=O)c2cc(nc(n2)c3ccccc3)[C@H]4C[C@@H]4COC,CHEMBL3322653,IC50,8.32
5687738,CCCCCOC(=O)N1CCN(CC1)C(=O)[C@H](CCC(=O)OC(C)(C)C)NC(=O)c2cc(NC(=O)NCC(=O)N(C)C)cc(n2)c3ccccc3,CHEMBL592166,Ki,8.33
5687749,CCCCCOC(=O)N1CCN(CC1)C(=O)[C@H](CCC(=O)O)NC(=O)c2cc(cc(n2)c3ccccc3)C(=O)NC4CCOCC4,CHEMBL590747,Ki,8.34
5687760,[3H]C([3H])([3H])C([3H])([3H])CSc1nc(N)c2ncn([C@@H]3O[C@H](COP(=O)(O)OP(=O)(O)C(Cl)(Cl)P(=O)(O)O)[C@@H](O)[C@H]3O)c2n1,CHEMBL369928,Kd,8.34
5687771,CCCCCCOC(=O)N1CCN(CC1)C(=O)[C@H](CCC(=O)O)NC(=O)c2cc(OCC3CCNCC3)cc(n2)c4ccccc4,CHEMBL592570,Ki,8.35
5687782,CCCCCOC(=O)N1CCN(CC1)C(=O)[C@H](CCC(=O)O)NC(=O)c2cc(OCC3CCN(CC3)C(=O)C(F)(F)F)cc(n2)c4ccccc4,CHEMBL600371,Ki,8.35
5687793,CCCCCOC(=O)N1CCN(CC1)C(=O)[C@H](CCC(=O)O)NC(=O)c2cc(OCC3CCNCC3)cc(n2)c4ccccc4,CHEMBL592880,Ki,8.35
5687804,CCCCCOC(=O)N1CCN(CC1)C(=O)[C@H](CCC(=O)O)NC(=O)c2cc(SCCO)nc(n2)c3ccccc3,CHEMBL570423,Ki,8.35
5687815,CCCCCOC(=O)N1CCN(CC1)C(=O)[C@H](CCC(=O)O)NC(=O)c2cc(cc(n2)c3ccccc3)N4CCN(CCN)CC4,CHEMBL590007,Ki,8.35
5687826,CCCCOC(=O)N1CCN(CC1)C(=O)[C@H](CCC(=O)O)NC(=O)c2cc(OCC3CCN(CC3)C(C)C)cc(n2)c4ccccc4,CHEMBL589281,Ki,8.35
5687837,CCCCCOC(=O)N1CCN(CC1)C(=O)[C@H](CCC(=O)O)NC(=O)c2cc(cc(n2)c3ccccc3)C(=O)N4CCOCC4,CHEMBL590748,Ki,8.36
5687848,CCCCCOC(=O)N1CCN(CC1)C(=O)[C@H](CCC(=O)O)NC(=O)c2cc(nc(n2)c3ccccc3)N4CCC(COCCOC)CC4,CHEMBL570242,Ki,8.37
5687859,CCCCOC(=O)N1CCN(CC1)C(=O)[C@H](CCC(=O)O)NC(=O)c2cc(cc(n2)c3ccccc3)N4CCC(CC4)C(=O)NC(C)C,CHEMBL601697,Ki,8.37
5687870,CCCCCOC(=O)N1CCN(CC1)C(=O)[C@H](CCC(=O)O)NC(=O)c2nc(cc(n2)c3ccccc3)N4CCC(CCN5CCCC5)CC4,CHEMBL568384,Ki,8.38
5687881,CCCCOC(=O)N1CCN(CC1)C(=O)[C@H](CCC(=O)O)NC(=O)c2cc(OCC3CCNCC3)cc(n2)c4ccccc4,CHEMBL592802,Ki,8.38
5687892,CCCCCOC(=O)N1CCN(CC1)C(=O)[C@H](CCC(=O)O)NC(=O)c2cc(NCC3CCNC3)nc(n2)c4ccccc4,CHEMBL567189,Ki,8.39
5687903,CCCCCOC(=O)N1CCN(CC1)C(=O)[C@H](CCC(=O)OC(C)(C)C)NC(=O)c2cc(NC(=O)CN(C)C)cc(n2)c3ccccc3,CHEMBL578482,Ki,8.39
5687914,CCCCCOC(=O)N1CCN(CC1)C(=O)[C@H](CCC(=O)O)NC(=O)c2cc(cc(n2)c3ccccc3)N4CCC(CC4)C(=O)N(CC)CC,CHEMBL589889,Ki,8.4
5687925,CCCCCOC(=O)N1CCN(CC1)C(=O)[C@H](CCC(=O)O)NC(=O)c2cc(cc(n2)c3ccccc3)N4CCC(CN(CC)CC)CC4,CHEMBL589971,Ki,8.4
5687936,CCCCOC(=O)N1CCN(CC1)C(=O)[C@H](CCC(=O)O)NC(=O)c2cc(cc(n2)c3ccccc3)N(C)CCOC,CHEMBL601704,Ki,8.4
5687948,CCCCOC(=O)N1CCN(CC1)C(=O)[C@H](CCC(=O)O)NC(=O)c2cc(cc(n2)c3ccccc3)N4CCC(CNC)CC4,CHEMBL589518,Ki,8.4
5687958,CCCCOC(=O)N1CCN(CC1)C(=O)[C@H](CCO)NC(=O)c2cc(OCC(=O)N3CCC[C@H]3C(=O)NC4CCC4)c5ccc(C)cc5n2,CHEMBL3652614,IC50,8.4
5687967,CCCCOC(=O)N1CCN(CC1)C(=O)[C@H](CO)NC(=O)c2cc(OCC(=O)N3CCC[C@H]3C(=O)NC4CCC4)c5ccc(C)cc5n2,CHEMBL3652619,IC50,8.4
5687977,CCCCOC(=O)N1CCN(CC1)C(=O)[C@H](CCC(=O)O)NC(=O)c2cc(OCC3CCN(CC3)C(=O)C)cc(n2)c4ccccc4,CHEMBL589283,Ki,8.41
5687988,CCCCCOC(=O)N1CCN(CC1)C(=O)[C@H](CCC(=O)O)NC(=O)c2cc(CCCO)cc(n2)c3ccccc3,CHEMBL597150,Ki,8.42
5688000,CCCCCOC(=O)N1CCN(CC1)C(=O)[C@H](CCC(=O)O)NC(=O)c2cc(OC3CCNCC3)cc(n2)c4ccccc4,CHEMBL552972,Ki,8.42
5688011,CCCCOC(=O)N1CCN(CC1)C(=O)[C@H](CCC(=O)O)NC(=O)c2cc(cc(n2)c3ccccc3)N4CCC(CNCC)CC4,CHEMBL589520,Ki,8.42
5688022,CCCCCOC(=O)N1CCN(CC1)C(=O)[C@H](CCC(=O)O)NC(=O)c2cc(CCC(=O)N3CCOCC3)cc(n2)c4ccccc4,CHEMBL591185,Ki,8.43
5688033,CCCCCOC(=O)N1CCN(CC1)C(=O)[C@H](CCC(=O)O)NC(=O)c2cc(nc(n2)c3ccccc3)N4CCN(CC4)C(=O)C,CHEMBL569629,Ki,8.43
5688044,CCCCOC(=O)N1CCN(CC1)C(=O)[C@H](CCC(=O)O)NC(=O)c2cc(OC3CCNC3)cc(n2)c4ccccc4,CHEMBL592563,Ki,8.43
5688055,CCCCOC(=O)N1CCN(CC1)C(=O)[C@H](CCC(=O)O)NC(=O)c2cc(OCC3CCCNC3)cc(n2)c4ccccc4,CHEMBL592806,Ki,8.43
5688066,CCCCOC(=O)N1CCN(CC1)C(=O)[C@H](CCC(=O)O)NC(=O)c2cc(OCCC3CCCCN3)cc(n2)c4ccccc4,CHEMBL592581,Ki,8.43
5688077,CCCCCOC(=O)N1CCN(CC1)C(=O)[C@H](CCC(=O)O)NC(=O)c2cc(CCCCO)cc(n2)c3ccccc3,CHEMBL590798,Ki,8.44
5688088,CCCCCOC(=O)N1CCN(CC1)C(=O)[C@H](CCC(=O)O)NC(=O)c2cc(OC3CCN(CC3)C(=O)OC)cc(n2)c4ccccc4,CHEMBL579081,Ki,8.44
5688099,CCCCCOC(=O)N1CCN(CC1)C(=O)[C@H](CCC(=O)O)NC(=O)c2nc(cc(n2)c3ccccc3)N4CCC(CC4)C(=O)N(CC)CC,CHEMBL567772,Ki,8.44
5688110,CCCCCOC(=O)N1CCN(CC1)C(=O)[C@H](CCC(=O)O)NC(=O)c2nc(cc(n2)c3ccccc3)N4CCC(CC4)C(=O)N5CCCC5,CHEMBL570388,Ki,8.44
5688121,CCCCCOC(=O)N1CCN(CC1)C(=O)[C@H](CCC(=O)O)NC(=O)c2cc(cc(n2)c3ccccc3)N4CC[C@H](C4)OCC(=O)N(CC)CC,CHEMBL590069,Ki,8.46
5688132,CCCCCOC(=O)N1CCN(CC1)C(=O)[C@H](CCC(=O)O)NC(=O)c2nc(cc(n2)c3ccccc3)N4CCC(CC4)C(=O)N,CHEMBL570285,Ki,8.46
5688143,CCCCOC(=O)N1CCN(CC1)C(=O)[C@H](CCC(=O)O)NC(=O)c2cc(cc(n2)c3ccccc3)N4CCC(N)CC4,CHEMBL590741,Ki,8.46
5688154,CCCCCCOC(=O)N1CCN(CC1)C(=O)[C@H](CCC(=O)O)NC(=O)c2cc(cc(n2)c3ccccc3)N4CCC(N)CC4,CHEMBL590208,Ki,8.48
5688165,CCCCCOC(=O)N1CCN(CC1)C(=O)[C@H](CCC(=O)O)NC(=O)c2cc(CCCCN(C)C)cc(n2)c3ccccc3,CHEMBL591227,Ki,8.48
5688176,CCCCCOC(=O)N1CCN(CC1)C(=O)[C@H](CCC(=O)O)NC(=O)c2cc(cc(n2)c3ccccc3)N4CC(C4)N5CCOCC5,CHEMBL601487,Ki,8.48
5688187,CCCCOC(=O)N1CCN(CC1)C(=O)[C@H](CCC(=O)O)NC(=O)c2cc(cc(n2)c3ccccc3)N4CCOCC4,CHEMBL590364,Ki,8.48
5688198,CCCCCOC(=O)N1CCN(CC1)C(=O)[C@H](CCC(=O)O)NC(=O)c2cc(NC(=O)N3CCN(C)CC3)cc(n2)c4ccccc4,CHEMBL579289,Ki,8.5
5688209,CCCCCOC(=O)N1CCN(CC1)C(=O)[C@H](CCC(=O)O)NC(=O)c2cc(cc(n2)c3ccccc3)C(=O)N4CCC(CC4)OC,CHEMBL600055,Ki,8.5
5688221,CCCCOC(=O)N1CCN(CC1)C(=O)[C@H](CCC(=O)O)NC(=O)c2cc(cc(n2)c3ccccc3)N4CCC(CN(C)C)CC4,CHEMBL589584,Ki,8.5
5688232,CCCSc1nc(N[C@@H]2C[C@H]2c3ccccc3)c4nnn([C@@H]5C[C@H](OCCO)[C@@H](O)[C@H]5O)c4n1,CHEMBL274713,Ki,8.5
5688243,CCCCCOC(=O)N1CCN(CC1)C(=O)[C@H](CCC(=O)O)NC(=O)c2cc(nc(n2)c3ccccc3)N4CCC(CC(=O)N(CC)CC)CC4,CHEMBL570238,Ki,8.51
5688254,CCCOC(=O)N1CCN(CC1)C(=O)[C@H](CCC(=O)O)NC(=O)c2cc(OCC(=O)N3CCC[C@H]3C(=O)NC4CCC4)n(n2)c5ccccc5,CHEMBL2172148,Ki,8.51
5688265,CCCCCOC(=O)N1CCN(CC1)C(=O)[C@H](CCC(=O)O)NC(=O)c2cc(nc(n2)c3ccccc3)N4CCC(CN)CC4,CHEMBL571584,Ki,8.52
5688276,CCCCCOC(=O)N1CCN(CC1)C(=O)[C@H](CCC(=O)O)NC(=O)c2nc(cc(n2)c3ccccc3)N4CCC(CCN)CC4,CHEMBL566613,Ki,8.52
5688287,CCCCCOC(=O)N1CCN(CC1)C(=O)[C@H](CCC(=O)OC(C)(C)C)NC(=O)c2cc(NC(=O)N3CCOCC3)cc(n2)c4ccccc4,CHEMBL577854,Ki,8.52
5688298,CCCCOC(=O)N1CCN(CC1)C(=O)[C@H](CCC(=O)O)NC(=O)c2cc(OCCC3CCNCC3)cc(n2)c4ccccc4,CHEMBL592810,Ki,8.52
5688309,CCCCOC(=O)N1CCN(CC1)C(=O)[C@H](CCC(=O)O)NC(=O)c2cc(nc(n2)c3ccccc3)N4CC[C@@H](C4)OC,CHEMBL3322652,IC50,8.52
5688319,Cc1ccc2c(OCC(=O)N3CCC[C@H]3C(=O)NC4CCC4)cc(nc2c1)C(=O)NCC(=O)N5CCN(CC5)C(=O)OCCC(F)(F)F,CHEMBL3652616,IC50,8.52
5688329,CCCCCOC(=O)N1CCN(CC1)C(=O)[C@H](CCC(=O)O)NC(=O)c2cc(nc(n2)c3ccccc3)N4CCC(CC4)N5CCOCC5,CHEMBL566599,Ki,8.54
5688340,CCCCCOC(=O)N1CCN(CC1)C(=O)[C@H](CCC(=O)O)NC(=O)c2cc(nc(n2)c3ccccc3)N4CCN(CC4)C(=O)N(C)C,CHEMBL569988,Ki,8.54
5688351,CCCCCOC(=O)N1CCN(CC1)C(=O)[C@H](CCC(=O)O)NC(=O)c2cc(CCCCCO)cc(n2)c3ccccc3,CHEMBL590990,Ki,8.55
5688362,CCCCCOC(=O)N1CCN(CC1)C(=O)[C@H](CCC(=O)O)NC(=O)c2cc(OCCCN3CCOCC3)nc(n2)c4ccccc4,CHEMBL569884,Ki,8.55
5688373,CCCCCOC(=O)N1CCN(CC1)C(=O)[C@H](CCC(=O)O)NC(=O)c2cc(cc(n2)c3ccccc3)C(=O)N4CCCCC4,CHEMBL603152,Ki,8.55
5688384,CCCCCOC(=O)N1CCN(CC1)C(=O)[C@H](CCC(=O)O)NC(=O)c2cc(cc(n2)c3ccccc3)N4CCC(CCN)CC4,CHEMBL589824,Ki,8.55
5688395,CCCCCOC(=O)N1CCN(CC1)C(=O)[C@H](CCC(=O)O)NC(=O)c2cc(cc(n2)c3ccccc3)N4CCN(CC4)C(=O)CN(C)C,CHEMBL602111,Ki,8.55
5688406,CCCCCOC(=O)N1CCN(CC1)C(=O)[C@H](CCC(=O)O)NC(=O)c2cc(nc(n2)c3ccccc3)N4CCC(CCN(C)C)CC4,CHEMBL567271,Ki,8.55
5688417,CCCCOC(=O)N1CCN(CC1)C(=O)[C@H](CCC(=O)O)NC(=O)c2cc(OC3CCN(CC3)C(=O)OC)cc(n2)c4ccccc4,CHEMBL578899,Ki,8.55
5688428,CCCCCOC(=O)N1CCN(CC1)C(=O)[C@H](CCC(=O)O)NC(=O)c2cc(nc(n2)c3ccccc3)N4CCC(CCN)CC4,CHEMBL570154,Ki,8.57
5688439,CCCCCOC(=O)N1CCN(CC1)C(=O)[C@H](CCC(=O)O)NC(=O)c2cc(nc(n2)c3ccccc3)N4CCN(C)CC4,CHEMBL565470,Ki,8.57
5688450,CCCCCOC(=O)N1CCN(CC1)C(=O)[C@H](CCC(=O)OC(C)(C)C)NC(=O)c2cc(NC(=O)NC(C)C)cc(n2)c3ccccc3,CHEMBL578080,Ki,8.57
5688461,CCCCOC(=O)N1CCN(CC1)C(=O)[C@H](CCC(=O)O)NC(=O)c2cc(cc(n2)c3ccccc3)N4CCC(CC4)NC,CHEMBL590418,Ki,8.57
5688472,CCCCCCOC(=O)N1CCN(CC1)C(=O)[C@H](CCC(=O)O)NC(=O)c2cc(cc(n2)c3ccccc3)N4CCC(CC4)N5CCCC5,CHEMBL590744,Ki,8.59
5688483,CCCCCOC(=O)N1CCN(CC1)C(=O)[C@H](CCC(=O)O)NC(=O)c2cc(cc(n2)c3ccccc3)C(=O)N(C)CC,CHEMBL590746,Ki,8.59
5688494,CCCCCOC(=O)N1CCN(CC1)C(=O)[C@H](CCC(=O)O)NC(=O)c2cc(cc(n2)c3ccccc3)C(=O)N(C)CCCOC,CHEMBL603150,Ki,8.59
5688505,CCCCCOC(=O)N1CCN(CC1)C(=O)[C@H](CCC(=O)O)NC(=O)c2cc(cc(n2)c3ccccc3)N4CC[C@H](C4)C(=O)N(CC)CC,CHEMBL601484,Ki,8.59
5688516,CCCCCOC(=O)N1CCN(CC1)C(=O)[C@H](CCC(=O)O)NC(=O)c2cc(nc(n2)c3ccccc3)N4CCN(CC(=O)N(C)C)CC4,CHEMBL570045,Ki,8.59
5688527,CCCCOC(=O)N1CCN(CC1)C(=O)[C@H](CCC(=O)O)NC(=O)c2cc(OCC3CCN(CC3)C(=O)COC)cc(n2)c4ccccc4,CHEMBL600573,Ki,8.59
5688538,CCCCOC(=O)N1CCN(CC1)C(=O)[C@H](CCC(=O)O)NC(=O)c2cc(cc(n2)c3ccccc3)N4CCC(CC4)C(=O)N(C)C,CHEMBL590004,Ki,8.59
5688549,CCCCCOC(=O)N1CCN(CC1)C(=O)[C@H](CCC(=O)O)NC(=O)c2cc(cc(n2)c3ccccc3)N4CC(O)C4,CHEMBL590194,Ki,8.6
5688560,CCCCCOC(=O)N1CCN(CC1)C(=O)[C@H](CCC(=O)O)NC(=O)c2cc(nc(n2)c3ccccc3)N4CC(O)C4,CHEMBL566520,Ki,8.6
5688571,CCCCCOC(=O)N1CCN(CC1)C(=O)[C@H](CCC(=O)O)NC(=O)c2cc(nc(n2)c3ccccc3)N4CCC(CC4)C(=O)N(C)C,CHEMBL570386,Ki,8.6
5688582,CCCCOC(=O)N1CCN(CC1)C(=O)[C@H](CCC(=O)O)NC(=O)c2cc(OC3CCN(C)CC3)cc(n2)c4ccccc4,CHEMBL577844,Ki,8.6
5688593,CCCCOC(=O)N1CCN(CC1)C(=O)[C@H](CCC(=O)O)NC(=O)c2cc(OCC3CCN(C)CC3)cc(n2)c4ccccc4,CHEMBL576331,Ki,8.6
5688604,CCCCOC(=O)N1CCN(CC1)C(=O)[C@H](CCC(=O)O)NC(=O)c2cc(OCCC3CCCNC3)cc(n2)c4ccccc4,CHEMBL592577,Ki,8.6
5688615,CCCSc1nc(N)c2ncn([C@@H]3O[C@H](COP(=O)(O)OP(=O)(O)C(Cl)(Cl)P(=O)(O)O)[C@@H](O)[C@H]3O)c2n1,CHEMBL336292,IC50,8.6
5688626,CCCSc1nc(N[C@@H]2C[C@H]2c3ccccc3)c4nnn([C@@H]5CC[C@@H](O)[C@H]5O)c4n1,CHEMBL398434,Ki,8.6
5688637,CCCCCOC(=O)N1CCN(CC1)C(=O)[C@H](CCC(=O)O)NC(=O)c2cc(cc(n2)c3ccccc3)C(=O)N(C)C,CHEMBL603147,Ki,8.62
5688648,CCCCCOC(=O)N1CCN(CC1)C(=O)[C@H](CCC(=O)O)NC(=O)c2cc(cc(n2)c3ccccc3)N4CCC(CO)CC4,CHEMBL589554,Ki,8.62
5688659,CCCCOC(=O)N1CCN(CC1)C(=O)[C@H](CCC(=O)O)NC(=O)c2cc(NCCOC)cc(n2)c3ccccc3,CHEMBL604288,Ki,8.62
5688670,CCCCOC(=O)N1CCN(CC1)C(=O)[C@H](CCC(=O)O)NC(=O)c2cc(OC3CCN(COC)CC3)cc(n2)c4ccccc4,CHEMBL579330,Ki,8.62
5688681,CCCCCOC(=O)N1CCN(CC1)C(=O)[C@H](CCC(=O)O)NC(=O)c2cc(OC(=O)N(C)C3CCOC3)cc(n2)c4ccccc4,CHEMBL592678,Ki,8.64
5688692,CCCCCOC(=O)N1CCN(CC1)C(=O)[C@H](CCC(=O)O)NC(=O)c2cc(nc(n2)c3ccccc3)N4CCN(CCOC)CC4,CHEMBL570028,Ki,8.64
5688703,CCCCCOC(=O)N1CCN(CC1)C(=O)[C@H](CCC(=O)OC(C)(C)C)NC(=O)c2cc(NC(=O)N3CCN(C)CC3)cc(n2)c4ccccc4,CHEMBL577236,Ki,8.64
5688714,CCCCCOC(=O)N1CCN(CC1)C(=O)[C@H](CCC(=O)O)NC(=O)c2cc(OCC3CCNCC3)nc(n2)c4ccccc4,CHEMBL569764,Ki,8.66
5688725,CCCCCOC(=O)N1CCN(CC1)C(=O)[C@H](CCC(=O)O)NC(=O)c2cc(nc(n2)c3ccccc3)N4CCC(CNCC)CC4,CHEMBL570153,Ki,8.66
5688736,CCCCCOC(=O)N1CCN(CC1)C(=O)[C@H](CCC(=O)O)NC(=O)c2cc(CCC(=O)N(C)C)cc(n2)c3ccccc3,CHEMBL591048,Ki,8.68
5688747,CCCCCOC(=O)N1CCN(CC1)C(=O)[C@H](CCC(=O)O)NC(=O)c2cc(cc(n2)c3ccccc3)N(C)CCOC,CHEMBL590140,Ki,8.68
5688758,CCCCCOC(=O)N1CCN(CC1)C(=O)[C@H](CCC(=O)O)NC(=O)c2cc(nc(n2)c3ccccc3)N4CCC(CCN5CCCC5)CC4,CHEMBL567280,Ki,8.68
5688769,CCCCCOC(=O)N1CCN(CC1)C(=O)[C@H](CCC(=O)O)NC(=O)c2cc(nc(n2)c3ccccc3)N4CCN(CC(=O)N5CCCC5)CC4,CHEMBL570151,Ki,8.68
5688780,CCCCOC(=O)N1CCN(CC1)C(=O)[C@H](CCC(=O)O)NC(=O)c2cc(OC(=O)N3CCC(CC3)OCC)cc(n2)c4ccccc4,CHEMBL592884,Ki,8.68
5688791,CCCCCOC(=O)N1CCN(CC1)C(=O)[C@H](CCC(=O)O)NC(=O)c2cc(cc(n2)c3ccccc3)N4CC(C4)C(=O)NCC,CHEMBL589901,Ki,8.7
5688802,CCCCCOC(=O)N1CCN(CC1)C(=O)[C@H](CCC(=O)O)NC(=O)c2cc(cc(n2)c3ccccc3)N4CC(C4)OC,CHEMBL601486,Ki,8.7
5688813,CCCCCOC(=O)N1CCN(CC1)C(=O)[C@H](CCC(=O)O)NC(=O)c2cc(nc(n2)c3ccccc3)N4CCC(CC4)C(=O)N,CHEMBL570385,Ki,8.7
5688824,CCCCCOC(=O)N1CCN(CC1)C(=O)[C@H](CCC(=O)O)NC(=O)c2cc(nc(n2)c3ccccc3)N4CCNCC4,CHEMBL570093,Ki,8.7
5688835,CCCCOC(=O)N1CCN(CC1)C(=O)[C@H](CCC(=O)O)NC(=O)c2cc(OC(=O)N(C)C)cc(n2)c3ccccc3,CHEMBL592825,Ki,8.7
5688846,CCCCOC(=O)N1CCN(CC1)C(=O)[C@H](CCC(=O)O)NC(=O)c2cc(nc(n2)c3ccccc3)N4CCC(CCOC)CC4,CHEMBL570256,Ki,8.7
5688857,CCCSc1nc(N[C@@H]2C[C@H]2c3ccccc3)c4nnn([C@@H]5C[C@@H]([C@@H](O)[C@H]5O)c6nnn[nH]6)c4n1,CHEMBL3798413,IC50,8.7
5688868,CCCSc1nc(N[C@@H]2C[C@H]2c3ccccc3)c4nnn([C@@H]5C[C@H](O)[C@@H](O)[C@H]5O)c4n1,CHEMBL398295,Ki,8.7
5688880,CCCCCOC(=O)N1CCN(CC1)C(=O)[C@H](CCC(=O)O)NC(=O)c2cc(cc(n2)c3ccccc3)N4CCC(CN(C)C)CC4,CHEMBL589335,Ki,8.72
5688891,CCCCCOC(=O)N1CCN(CC1)C(=O)[C@H](CCC(=O)OC(C)(C)C)NC(=O)c2cc(NC(=O)OCCCN)cc(n2)c3ccccc3,CHEMBL578507,Ki,8.72
5688902,CCCCOC(=O)N1CCN(CC1)C(=O)[C@H](CCC(=O)O)NC(=O)c2cc(OC(=O)N(C)C3CCOC3)cc(n2)c4ccccc4,CHEMBL592883,Ki,8.75
5688913,CCCCCOC(=O)N1CCN(CC1)C(=O)[C@H](CCC(=O)O)NC(=O)c2cc(cc(n2)c3ccccc3)C(=O)N4CCN(CC4)C(=O)C,CHEMBL590749,Ki,8.77
5688924,CCCCCOC(=O)N1CCN(CC1)C(=O)[C@H](CCC(=O)O)NC(=O)c2cc(cc(n2)c3ccccc3)N4CC(C4)C(=O)NC,CHEMBL590146,Ki,8.77
5688935,CCCCCOC(=O)N1CCN(CC1)C(=O)[C@H](CCC(=O)O)NC(=O)c2cc(cc(n2)c3ccccc3)N4CCN(CC(=O)N)CC4,CHEMBL590008,Ki,8.77
5688946,CCCCCOC(=O)N1CCN(CC1)C(=O)[C@H](CCC(=O)O)NC(=O)c2cc(cc(n2)c3ccccc3)N4CC[C@@H](C4)C(=O)N(CC)CC,CHEMBL601483,Ki,8.77
5688957,CCCCCOC(=O)N1CCN(CC1)C(=O)[C@H](CCC(=O)O)NC(=O)c2cc(cc(n2)c3ccccc3)N4CC[C@@H](C4)C(=O)N5CCCC5,CHEMBL590260,Ki,8.77
5688968,CCCCCOC(=O)N1CCN(CC1)C(=O)[C@H](CCC(=O)OC(C)(C)C)NC(=O)c2cc(NC(=O)OCC3CCNCC3)cc(n2)c4ccccc4,CHEMBL592410,Ki,8.77
5688979,CCCCOC(=O)N1CCN(CC1)C(=O)[C@H](CCC(=O)O)NC(=O)c2cc(OC(=O)N3CCOCC3)cc(n2)c4ccccc4,CHEMBL592441,Ki,8.77
5688990,CCCCOC(=O)N1CCN(CC1)C(=O)[C@H](CCC(=O)O)NC(=O)c2cc(nc(n2)c3ccccc3)N4CCC(CC4)N5CCCC5,CHEMBL570064,Ki,8.77
5689001,CCCCCOC(=O)N1CCN(CC1)C(=O)[C@H](CCC(=O)O)NC(=O)c2cc(nc(n2)c3ccccc3)N4CCC(CC(=O)N5CCCC5)CC4,CHEMBL565363,Ki,8.8
5689012,CCCSc1nc(N[C@@H]2C[C@H]2c3ccccc3)c4nnn([C@@H]5C[C@@H]([C@@H](O)[C@H]5O)C(=O)N)c4n1,CHEMBL266922,Ki,8.8
5689024,CCCCCOC(=O)N1CCN(CC1)C(=O)[C@H](CCC(=O)O)NC(=O)c2cc(cc(n2)c3ccccc3)N4CCC(CNC)CC4,CHEMBL589519,Ki,8.82
5689035,CCCCCOC(=O)N1CCN(CC1)C(=O)[C@H](CCC(=O)O)NC(=O)c2cc(cc(n2)c3ccccc3)N4CCC(CNCC)CC4,CHEMBL589804,Ki,8.82
5689046,CCCCCOC(=O)N1CCN(CC1)C(=O)[C@H](CCC(=O)O)NC(=O)c2cc(nc(n2)c3ccccc3)N4CCC(CC4)C(=O)N(CC)CC,CHEMBL570387,Ki,8.82
5689057,CCCCCOC(=O)N1CCN(CC1)C(=O)[C@H](CCC(=O)O)NC(=O)c2cc(nc(n2)c3ccccc3)N4CCC(CC4)N5CCCC5,CHEMBL570152,Ki,8.82
5689068,CCCCOC(=O)N1CCN(CC1)C(=O)[C@H](CCC(=O)O)NC(=O)c2cc(OC(=O)N(C)CC3CCOCC3)cc(n2)c4ccccc4,CHEMBL592850,Ki,8.82
5689079,CCCCOC(=O)N1CCN(CC1)C(=O)[C@H](CCC(=O)O)NC(=O)c2cc(OC(=O)N3CCC(C3)OC)cc(n2)c4ccccc4,CHEMBL578522,Ki,8.82
5689091,CCCCOC(=O)N1CCN(CC1)C(=O)[C@H](CCC(=O)O)NC(=O)c2cc(cc(n2)c3ccccc3)N4CCC(CN5CCCC5)CC4,CHEMBL601478,Ki,8.82
5689102,CCCCOC(=O)N1CCN(CC1)C(=O)[C@H](CCc2nnn[nH]2)NC(=O)c3cc(OCC(=O)N4CCC[C@H]4C(=O)NC5CCC5)n(n3)c6ccccc6,CHEMBL2172129,Ki,8.82
5689113,CCCCCOC(=O)N1CCN(CC1)C(=O)[C@H](CCC(=O)O)NC(=O)c2cc(cc(n2)c3ccccc3)N4CC[C@H](C4)C(=O)N5CCCC5,CHEMBL601485,Ki,8.85
5689124,CCCCCOC(=O)N1CCN(CC1)C(=O)[C@H](CCC(=O)OC(C)(C)C)NC(=O)c2cc(NC(=O)NCC3CCNCC3)cc(n2)c4ccccc4,CHEMBL591712,Ki,8.85
5689135,CCCCCOC(=O)N1CCN(CC1)C(=O)[C@H](CCC(=O)OC(C)(C)C)NC(=O)c2cc(NC(=O)OCCOC)cc(n2)c3ccccc3,CHEMBL578094,Ki,8.85
5689146,CCCCOC(=O)N1CCN(CC1)C(=O)[C@H](CCC(=O)O)NC(=O)c2cc(nc(n2)c3ccccc3)N4CCC(CC4)OC,CHEMBL570155,Ki,8.85
5689157,CCCCCOC(=O)N1CCN(CC1)C(=O)[C@H](CCC(=O)O)NC(=O)c2cc(OCC3CCN(CC3)C(=O)C)cc(n2)c4ccccc4,CHEMBL590950,Ki,8.89
5689168,CCCCCOC(=O)N1CCN(CC1)C(=O)[C@H](CCC(=O)O)NC(=O)c2cc(OCC3CCN(CC3)C(=O)OCC)cc(n2)c4ccccc4,CHEMBL600575,Ki,8.89
5689179,CCCCOC(=O)N1CCN(CC1)C(=O)[C@H](CCC(=O)O)NC(=O)c2cc(nc(n2)c3ccccc3)N4CCC(CC4)C(=O)N(C)C,CHEMBL570289,Ki,8.89
5689190,CCCCOC(=O)N1CCN(CC1)C(=O)[C@H](CCC(=O)O)NC(=O)c2cc(nc(n2)c3ccccc3)N4CCC(CC4)N5CCOCC5,CHEMBL569995,Ki,8.89
5689201,CCCCCOC(=O)N1CCN(CC1)C(=O)[C@H](CCC(=O)O)NC(=O)c2cc(NCCOC)nc(n2)c3ccccc3,CHEMBL568250,Ki,8.92
5689212,CCCCCOC(=O)N1CCN(CC1)C(=O)[C@H](CCC(=O)O)NC(=O)c2cc(OCCOC)nc(n2)c3ccccc3,CHEMBL569679,Ki,8.92
5689223,CCCCCOC(=O)N1CCN(CC1)C(=O)[C@H](CCC(=O)O)NC(=O)c2cc(cc(n2)c3ccccc3)N4CCC(CC4)C(=O)N5CCC5,CHEMBL601905,Ki,8.92
5689234,CCCCCOC(=O)N1CCN(CC1)C(=O)[C@H](CCC(=O)O)NC(=O)c2cc(nc(n2)c3ccccc3)N4CC(C4)OCC,CHEMBL566745,Ki,8.92
5689245,CCCCCOC(=O)N1CCN(CC1)C(=O)[C@H](CCC(=O)O)NC(=O)c2cc(nc(n2)c3ccccc3)N4CCC(CNC)CC4,CHEMBL567416,Ki,8.92
5689256,CCCCCOC(=O)N1CCN(CC1)C(=O)[C@H](CCC(=O)O)NC(=O)c2cc(nc(n2)c3ccccc3)N4CCN(CC4)C(=O)N,CHEMBL570128,Ki,8.92
5689267,CCCCCOC(=O)N1CCN(CC1)C(=O)[C@H](CCC(=O)O)NC(=O)c2nc(OCCOC)cc(n2)c3ccccc3,CHEMBL569680,Ki,8.92
5689279,CCCCCOC(=O)N1CCN(CC1)C(=O)[C@H](CCC(=O)O)NC(=O)c2cc(cc(n2)c3ccccc3)N4CCC(CN5CCCC5)CC4,CHEMBL601692,Ki,8.96
5689290,CCCCOC(=O)N1CCN(CC1)C(=O)[C@H](CCC(=O)O)NC(=O)c2cc(cc(n2)c3ccccc3)N4CCC(CC4)C(=O)N(CC)CC,CHEMBL601903,Ki,8.96
5689301,CCCCCOC(=O)N1CCN(CC1)C(=O)[C@H](CCC(=O)O)NC(=O)c2cc(CCCN(C)C)cc(n2)c3ccccc3,CHEMBL569097,Ki,9.0
5689312,CCCCCOC(=O)N1CCN(CC1)C(=O)[C@H](CCC(=O)O)NC(=O)c2cc(nc(n2)c3ccccc3)N4CCC(CN5CCCC5=O)CC4,CHEMBL570275,Ki,9.0
5689323,CCCCCOC(=O)N1CCN(CC1)C(=O)[C@H](CCC(=O)O)NC(=O)c2cc(nc(n2)c3ccccc3)N4CCOCC4,CHEMBL569914,Ki,9.0
5689334,CCCCCOC(=O)N1CCN(CC1)C(=O)[C@H](CCC(=O)O)NC(=O)c2cc(cc(n2)c3ccccc3)N4CCC(CC4)C(=O)N(C)C,CHEMBL601698,Ki,9.01
5689345,CCCCCOC(=O)N1CCN(CC1)C(=O)[C@H](CCC(=O)O)NC(=O)c2cc(nc(n2)c3ccccc3)N4CCC(CC(=O)N5CCC5)CC4,CHEMBL571599,Ki,9.04
5689356,CCCC(=O)c1cnn(c1C)c2ccc(NC(=O)c3cn(CC(=O)O)c4ccc(C)cc34)cc2,CHEMBL3326907,IC50,9.05
5689367,CCCCCOC(=O)N1CCN(CC1)C(=O)[C@H](CCC(=O)O)NC(=O)c2cc(nc(n2)c3ccccc3)N4CCC(CC(=O)NC)CC4,CHEMBL565409,Ki,9.05
5689378,CCCCCOC(=O)N1CCN(CC1)C(=O)[C@H](CCC(=O)O)NC(=O)c2cc(nc(n2)c3ccccc3)N4CCC(CC4)C(=O)N5CCC5,CHEMBL566913,Ki,9.08
5689389,CCCCOC(=O)N1CCN(CC1)C(=O)[C@H](CCC(=O)O)NC(=O)c2cc(OCC(=O)N3CCC[C@H]3C(=O)NC4CCC4)n(n2)c5ccccc5,CHEMBL2172149,Ki,9.1
5689400,CCCCOC(=O)N1CCN(CC1)C(=O)[C@H](CCC(=O)O)NC(=O)c2cc(cc(n2)c3ccccc3)N4CCC(CN5CCCC5=O)CC4,CHEMBL601695,Ki,9.1
5689411,CCCCOC(=O)N1CCN(CC1)C(=O)[C@H](CCC(=O)O)NC(=O)c2cc(nc(n2)c3ccccc3)N4CCC(CC4)C(=O)N(CC)CC,CHEMBL568211,Ki,9.1
5689422,O[C@H]1[C@@H](O)[C@@H](O[C@@H]1COP(=O)(O)OP(=O)(O)C(Cl)(Cl)P(=O)(O)O)n2cnc3c(NCC(F)(F)F)nc(SCCC(F)(F)F)nc23,CHEMBL1160364,IC50,9.1
5689433,CCCCCOC(=O)N1CCN(CC1)C(=O)[C@H](CCC(=O)O)NC(=O)c2cc(nc(n2)c3ccccc3)N4CCC(CC4)OCCO,CHEMBL567709,Ki,9.15
5689444,CCCCCOC(=O)N1CCN(CC1)C(=O)[C@H](CCC(=O)O)NC(=O)c2cc(nc(n2)c3ccccc3)N4CCC(N)CC4,CHEMBL568059,Ki,9.16
5689455,CCCCOC(=O)N1CCN(CC1)C(=O)[C@H](CCC(=O)O)NC(=O)c2cc(nc(n2)c3ccccc3)N4CCC(CC4)C(=O)N5CCCC5,CHEMBL567133,Ki,9.16
5689466,CCCCCOC(=O)N1CCN(CC1)C(=O)[C@H](CCC(=O)O)NC(=O)c2cc(nc(n2)c3ccccc3)N4CCC(CC(=O)NCC)CC4,CHEMBL565836,Ki,9.17
5689478,CCCCOC(=O)N1CCN(CC1)C(=O)[C@H](CCC(=O)O)NC(=O)c2cc(cc(n2)c3ccccc3)N4CCC(CC4)C(=O)NCC,CHEMBL570295,Ki,9.17
5689489,CCCCCOC(=O)N1CCN(CC1)C(=O)[C@H](CCC(=O)O)NC(=O)c2cc(cc(n2)c3ccccc3)N4CC(C4)C(=O)N,CHEMBL601489,Ki,9.19
5689500,OCCO[C@H]1C[C@H]([C@H](O)[C@@H]1O)n2nnc3c(N[C@@H]4C[C@H]4c5ccc(F)c(F)c5)nc(SCCC(F)(F)F)nc23,CHEMBL249790,Ki,9.2
5689511,CCCCCOC(=O)N1CCN(CC1)C(=O)[C@H](CCC(=O)O)NC(=O)c2cc(nc(n2)c3ccccc3)N4CCC(CC4)C(=O)NCC,CHEMBL567740,Ki,9.22
5689522,CCCCCOC(=O)N1CCN(CC1)C(=O)[C@H](CCC(=O)O)NC(=O)c2cc(nc(n2)c3ccccc3)N4CCC(CN(CC)CC)CC4,CHEMBL565974,Ki,9.22
5689533,CCCCCOC(=O)N1CCN(CC1)C(=O)[C@H](CCC(=O)O)NC(=O)c2cc(cc(n2)c3ccccc3)N4CCC(CC4)C(=O)NCC,CHEMBL601696,Ki,9.24
5689544,CCCCCOC(=O)N1CCN(CC1)C(=O)[C@H](CCC(=O)O)NC(=O)c2cc(nc(n2)c3ccccc3)N4CCC(CC4)C(=O)N5CCCC5,CHEMBL567561,Ki,9.34
5689555,CCCCCOC(=O)N1CCN(CC1)C(=O)[C@H](CCC(=O)O)NC(=O)c2cc(nc(n2)c3ccccc3)N4CCC(CN5CCCC5)CC4,CHEMBL567915,Ki,9.4
5689566,CCCSc1nc(N[C@@H]2C[C@H]2c3ccccc3)c4nnn([C@@H]5C[C@@H]([C@@H](O)[C@H]5O)C(=O)O)c4n1,CHEMBL251041,Ki,9.6
