id,smiles,name,assay_type,activity_value
1056191,O[C@H]1[C@@H](O)[C@@H](O[C@@H]1COP(O)(=O)OP(O)(=O)OP(O)(=O)OP(O)(=O)OC[C@H]1O[C@H]([C@H](O)[C@@H]1O)N1C=CC(=O)NC1=O)N1C=CC(=O)NC1=O,diquafosol,EC50,7.46852112
1056206,O[C@@H]1[C@@H](COP(=O)(O)OP(=O)(O)OP(=O)(O)O)O[C@H]([C@@H]1O)N2C=C\C(=N\OCCCc3ccc(OCC(=O)NCCc4cn(CCCNC(=O)CCCCCNC(=O)COc5ccc(\C=C\c6ccc7C=C8C=CC(=[N+]8[B-](F)(F)n67)c9cccs9)cc5)nn4)cc3)\NC2=O,CHEMBL3261378,EC50,7.18
1056217,COc1ccc(CCCO\N=C\2/NC(=O)N(C=C2)[C@@H]3O[C@H](COP(=O)(O)OP(=O)(O)OP(=O)(O)O)[C@@H](O)[C@H]3O)cc1,CHEMBL3261369,EC50,7.33
1056228,CO\N=C/1\NC(=O)N(C=C1)[C@@H]2O[C@H](COP(=O)(O)OP(=O)(O)OP(=O)(O)O)[C@@H](O)[C@H]2O,CHEMBL1198849,EC50,7.55
