id,smiles,name,assay_type,activity_value
6940557,CC[C@@H]1[C@@H](C)[C@H](Nc2ccccc2)c3ccccc3N1C(=O)Nc4cccc(Br)c4,CHEMBL462369,Ki,7.0
6940569,CC[C@@H]1[C@@H](C)[C@H](Nc2ccccc2)c3ccccc3N1C(=O)c4ccc(Br)cc4,CHEMBL454910,Ki,7.0
6940580,CC[C@@H]1[C@@H](C)[C@H](Nc2ccccc2)c3ccccc3N1C(=O)c4ccc(OC(F)(F)F)cc4,CHEMBL518042,Ki,7.0
6940594,CSc1nc(N)c2ncn([C@@H]3O[C@H](COP(=O)(O)OP(=O)(O)O)[C@@H](O)[C@H]3O)c2n1,CHEMBL435402,EC50,7.0
6940605,Cc1cc(Oc2ccccc2NC(=O)Nc3ccc(cc3)C(C)(C)C)n(n1)c4ccccc4Cl,CHEMBL256776,Ki,7.0
6940616,FC(F)(F)Oc1ccc(NC(=O)Nc2cccnc2Oc3ccccc3C4CCN(Cc5ccccc5)CC4)cc1,CHEMBL3092633,Ki,7.01
6940627,CNc1nc(nc2c1ncn2[C@H]3C[C@H](OP(=O)(O)O)[C@]4(COP(=O)(O)O)C[C@H]34)C#C,CHEMBL390149,Ki,7.02
6940638,CN1CCN(c2ccccc2NC(=O)Nc3ccc(OC(F)(F)F)cc3)c4ccccc14,CHEMBL3103633,Ki,7.03
6940649,CNc1nc(SC)nc2c1ncn2[C@H]3C[C@H](OP(=O)(O)O)[C@]4(COP(=O)(O)O)C[C@H]34,CHEMBL2112865,Ki,7.04
6940660,CC(C)(C)CN1CCCC1c2ccc(NC(=O)Nc3ccccc3N4CC(C)(C)c5c(ccc(O)c45)c6ccc(F)cc6)cc2,CHEMBL3314308,IC50,7.05
6940671,CC1(C)CN(c2ccccc2NC(=O)Nc3csc(Cl)n3)c4c(O)ccc(c5ccc(F)cc5)c14,CHEMBL3314305,IC50,7.05
6940682,CCOC(=O)c1nnc(Nc2cccnc2Oc3ccccc3C(C)(C)C)s1,CHEMBL2393195,Ki,7.05
6940693,Cc1cc(Oc2ccccc2NC(=O)Nc3ccc(OC(F)(F)F)cc3)n(n1)c4ccccc4Cl,CHEMBL255306,Ki,7.05
6940704,Nc1nc(Cl)nc2c1ncn2[C@@H]3O[C@H](COP(=O)(O)OP(=O)(O)S)[C@@H](O)[C@H]3O,CHEMBL3634186,EC50,7.05
6940715,CC(C)CN1CCC(COc2ccc(NC(=O)Nc3cccnc3Oc4ccccc4C(C)(C)C)cc2)CC1,CHEMBL2381907,Ki,7.06
6940726,FC(F)(F)c1cccc(Oc2ncccc2NC(=O)Nc3ccc(Cl)c(Cl)c3)c1,CHEMBL2333361,Ki,7.08
6940737,CC1(C)CN(c2ccccc2NC(=O)Nc3ccc(OC(F)(F)F)cc3)c4c(O)ccc(c5ccccc5F)c14,CHEMBL3314296,IC50,7.1
6940748,CCCCCCc1nc(NC)c2ncn([C@H]3C[C@H](OP(=O)(O)O)[C@]4(COP(=O)(O)O)C[C@H]34)c2n1,CHEMBL2112869,Ki,7.1
6940759,Nc1ncnc2c1ncn2[C@@H]3O[C@H](COP(=O)(S)OP(=O)(O)O)[C@@H](O)[C@H]3O,CHEMBL575257,EC50,7.1
6940770,CCc1ccccc1Oc2ncccc2NC(=O)Nc3ccc(F)cc3F,CHEMBL2333762,Ki,7.11
6940781,CNc1nc(C)nc2c1ncn2[C@H]3C[C@H](OP(=O)(O)O)[C@@H](COP(=O)(O)O)O3,CHEMBL3143671,Kd,7.11
6940792,CNc1nc(Cl)nc2c1ncn2CC(CP(=O)(O)O)CP(=O)(O)O,CHEMBL153254,Ki,7.12
6940803,FC(F)(F)Oc1ccc(NC(=O)Nc2ccccc2c3cc4ccccc4[nH]3)cc1,CHEMBL3103624,IC50,7.13
6940814,Fc1ccc(NC(=O)Nc2cccnc2Oc3cccc(c3)C(F)(F)F)c(F)c1,CHEMBL2333774,Ki,7.13
6940825,CC(C)(C)c1ccccc1Oc2ncccc2Nc3oc(nn3)c4ccccc4,CHEMBL2393216,Ki,7.16
6940837,CC[C@@H]1[C@@H](C)[C@H](Nc2ccccc2)c3ccccc3N1C(=O)Nc4cc(Cl)cc(Cl)c4,CHEMBL462373,Ki,7.16
6940848,CCc1ccccc1n2nc(C)cc2Oc3ncccc3NC(=O)Nc4ccc(OC(F)(F)F)cc4,CHEMBL255307,Ki,7.16
6940859,FC(F)(F)c1cccc(Oc2ncccc2NC(=O)Nc3ccc(Cl)cc3)c1,CHEMBL2333352,Ki,7.16
6940870,CC(C)CN1Cc2cccc(Oc3ncccc3NC(=O)Nc4ccc(OC(F)(F)F)cc4)c2C1,CHEMBL3092628,Ki,7.17
6940881,CC(C)(C)CN1CCC2(CC1)CN(c3ccccc3Nc4cc(on4)c5ccccc5)c6c(O)ccc(Cl)c26,CHEMBL3263060,Ki,7.18
6940892,CNc1nc(I)nc2c1ncn2CC(CP(=O)(O)O)CP(=O)(O)O,CHEMBL227235,Ki,7.18
6940903,FC(F)(F)Oc1ccc(NC(=O)Nc2ccccc2N3CCOc4ccccc34)cc1,CHEMBL3103631,Ki,7.19
6940914,CC(C)CN1CCc2c(C1)cccc2Oc3ncccc3NC(=O)Nc4ccc(OC(F)(F)F)cc4,CHEMBL3092614,Ki,7.22
6940925,CC(C)c1ccccc1n2nc(C)cc2Oc3ccccc3NC(=O)Nc4ccc(OC(F)(F)F)cc4,CHEMBL257559,Ki,7.22
6940936,CCc1ccccc1n2nc(C)cc2Oc3ccccc3NC(=O)Nc4ccc(cc4)C(F)(F)F,CHEMBL402837,Ki,7.22
6940947,CC(C)(C)c1ccccc1Oc2ncccc2Nc3oc(cn3)c4ccccc4,CHEMBL2393212,Ki,7.23
1721007,CN1Cc2cccc(Oc3ncccc3NC(=O)Nc4ccc(OC(F)(F)F)cc4)c2C1C(C)(C)C,CHEMBL3092629,Ki,7.24
6940960,CN(C)c1cccc(c1)c2nnc(Nc3cccnc3Oc4ccccc4C(C)(C)C)s2,CHEMBL2393203,Ki,7.26
6940971,FC(F)(F)Oc1ccc(NC(=O)Nc2cccnc2Oc3cccc4CN(Cc5ccccc5)CCc34)cc1,CHEMBL3092620,Ki,7.26
6940982,CC(C)(C)CN1CCC2(CC1)CN(c3ccccc3Nc4nc(cs4)c5ccccc5)c6c(O)ccc(Cl)c26,CHEMBL3263061,IC50,7.27
6940993,CC(C)(C)c1ccccc1Oc2ncccc2NC(=O)Nc3ccc(cc3F)c4ccccc4CO,CHEMBL2381891,Ki,7.27
6941004,CN(C)CC(C)(C)COc1ccc(NC(=O)Nc2cccnc2Oc3ccccc3C(C)(C)C)c(F)c1,CHEMBL2381903,Ki,7.28
6941015,Nc1ncnc2c1ncn2C3C(O)C(O)C4(COP(=O)(O)OP(=O)(O)OP(=O)(O)O)CC34,CHEMBL302077,EC50,7.28
6941026,CC(C)CN1CCCC1c2ccc(NC(=O)Nc3ccccc3N4CC(C)(C)c5c(ccc(O)c45)c6ccc(F)cc6)cc2,CHEMBL3314307,IC50,7.3
6941037,CCc1ccccc1n2nc(C)cc2Oc3ccccc3NC(=O)Nc4ccc(OC(F)(F)F)cc4,CHEMBL258406,Ki,7.3
6941048,CC(C)(C)CN1CCC2(CC1)CN(c3ccccc3Nc4cnc(cn4)c5ccccc5)c6c(O)ccc(Cl)c26,CHEMBL3263065,Ki,7.31
6941059,CC(C)(C)CN1CCC2(CC1)CN(c3ccccc3Nc4oc(nn4)c5ccccc5)c6c(O)ccc(Cl)c26,CHEMBL3263059,IC50,7.31
6941070,Cc1ccc(NC(=O)Nc2cccnc2Oc3cccc(c3)C(F)(F)F)cc1,CHEMBL2333353,Ki,7.32
6941081,Fc1ccccc1NC(=O)Nc2cccnc2Oc3cccc(c3)C(F)(F)F,CHEMBL2333776,Ki,7.33
6941092,CNc1nc(F)nc2c1ncn2[C@H]3C[C@H](OP(=O)(O)O)[C@]4(COP(=O)(O)O)C[C@H]34,CHEMBL2112868,Ki,7.35
6941103,Cn1nc(Nc2cccnc2Oc3ccccc3C(C)(C)C)cc1c4ccccc4,CHEMBL2393196,Ki,7.35
6941114,CC(C)(C)c1ccccc1Oc2ncccc2NC(=O)Nc3ccccc3,CHEMBL2393210,Ki,7.39
6941125,CC1(C)CN(c2ccccc2NC(=O)Nc3ccc(OC(F)(F)F)cc3)c4ccccc4O1,CHEMBL3103632,Ki,7.41
6941136,CN(C)Cc1ccc(cc1)c2ccc(NC(=O)Nc3cccnc3Oc4ccccc4C(C)(C)C)c(F)c2,CHEMBL2381900,Ki,7.43
6941147,CSc1nc(N)c2ncn([C@@H]3O[C@H](COP(=O)(O)OP(=O)(O)S)[C@@H](O)[C@H]3O)c2n1,CHEMBL3634185,EC50,7.43
6941158,FC(F)(F)Oc1ccc(NC(=O)Nc2ccccc2N3CC4(CCN(CC4)C(=O)OCc5ccccc5)c6ccccc36)cc1,CHEMBL3104625,Ki,7.44
6941169,FC(F)(F)Oc1ccc(NC(=O)Nc2ccccc2N3CCCc4ccccc34)cc1,CHEMBL3103629,Ki,7.44
6941180,CNc1nc([Se]C)nc2c1ncn2C3CC(OP(=O)(O)O)[C@]4(COP(=O)(O)O)C[C@H]34,CHEMBL356041,Ki,7.46
6941191,CN(C)Cc1cccc(c1)c2ccc(NC(=O)Nc3cccnc3Oc4ccccc4C(C)(C)C)c(F)c2,CHEMBL2381899,Ki,7.47
6941202,CSc1nc(N)c2ncn([C@@H]3O[C@H](COP(=O)(O)OP(=O)(O)OP(=O)(O)O)[C@@H](O)[C@H]3O)c2n1,CHEMBL336208,EC50,7.47
6941213,CC(C)(C)c1cccc(Oc2ncccc2NC(=O)Nc3ccc(F)cc3F)c1,CHEMBL2333760,Ki,7.48
6941224,CNc1ncnc2c1ncn2C3C(O)C(O)[C@]4(COP(=O)(O)OP(=O)(O)OP(=O)(O)O)C[C@H]34,CHEMBL2373324,EC50,7.48
6941235,CC(C)(C)c1ccc(NC(=O)Nc2cccnc2Oc3cccc(c3)C(F)(F)F)cc1,CHEMBL2333354,Ki,7.51
6941246,CC(C)(C)c1ccccc1Oc2ncccc2Nc3nc(c(s3)c4ccccc4)C(C)(C)C,CHEMBL2401799,Ki,7.51
1729802,CC(C)CN1CCC(COc2ccc(NC(=O)Nc3cccnc3Oc4ccccc4C(C)(C)C)c(F)c2)CC1,CHEMBL2381908,Ki,7.52
6941259,Cc1cc(Oc2ccccc2NC(=O)Nc3ccc(cc3)C4CCCC4)n(n1)c5ccccc5Cl,CHEMBL256088,Ki,7.52
6941270,Cc1cc(Oc2ccccc2NC(=O)Nc3ccc(cc3)C4CCCCC4)n(n1)c5ccccc5Cl,CHEMBL256141,Ki,7.52
6941281,Nc1nc(Cl)nc2c1ncn2[C@@H]3O[C@H](COP(=O)(S)OP(=O)(O)O)[C@@H](O)[C@H]3O,CHEMBL3634183,EC50,7.52
6941292,CC1CCN(c2ccccc2NC(=O)Nc3ccc(OC(F)(F)F)cc3)c4ccccc14,CHEMBL3103630,Ki,7.53
6941303,CC(C)(C)CN1CCC2(CC1)CN(c3ccccc3NC(=O)Nc4ccc(OC(F)(F)F)cc4)c5cccnc25,CHEMBL3105196,Ki,7.54
6941314,CC(C)(C)CN1Cc2cccc(Oc3ncccc3NC(=O)Nc4ccc(OC(F)(F)F)cc4)c2C1,CHEMBL3091475,Ki,7.54
6941325,CC(C)(C)c1ccccc1Oc2ncccc2NC(=O)Nc3ccc(OC(F)(F)F)cc3,CHEMBL2333770,IC50,7.54
6941336,CC(C)(C)CN1CCC2(CC1)CN(c3ccccc3Nc4nnc(s4)c5ccccc5Cl)c6c(O)ccc(Cl)c26,CHEMBL3263072,Ki,7.55
6941347,CC(C)c1ccccc1Oc2ncccc2NC(=O)Nc3ccc(F)cc3F,CHEMBL2333761,Ki,7.55
6941358,FC(F)(F)c1cccc(Oc2ncccc2NC(=O)Nc3ccc(cc3)c4ccccc4)c1,CHEMBL2333356,Ki,7.55
6941369,CN(C)c1ccc(cc1)c2nnc(Nc3cccnc3Oc4ccccc4C(C)(C)C)s2,CHEMBL2393202,Ki,7.57
6941380,CC(C)(C)CN1CCC2(CC1)CN(c3ccccc3Nc4nnc(s4)c5ccc(cc5)C(C)(C)C)c6c(O)ccc(c26)C(F)(F)F,CHEMBL3263067,Ki,7.59
6941391,FC(F)(F)Oc1ccc(NC(=O)Nc2ccccc2N3CC4(CC4)c5ccccc35)cc1,CHEMBL3103634,Ki,7.59
6941402,CC(C)(C)c1ccccc1Oc2ncccc2NC(=O)Nc3ccc(cc3F)N4CCOCC4,CHEMBL2381896,Ki,7.6
6941413,CC(C)(C)c1ccccc1Oc2ncccc2Nc3nc(ns3)c4ccccc4,CHEMBL2393214,Ki,7.6
4601266,Nc1ncnc2c1ncn2[C@@H]3O[C@H](COP(=O)(O)OP(=O)(O)O)[C@@H](O)[C@H]3O,CHEMBL14830,EC50,7.62
6941426,CC(C)(C)c1ccccc1Oc2ncccc2Nc3onc(c3)c4ccccc4,CHEMBL2393220,Ki,7.64
6941437,CSc1nc(N)c2ncn(C3C(O)C(O)[C@]4(COP(=O)(O)OP(=O)(O)OP(=O)(O)O)C[C@H]34)c2n1,CHEMBL2373389,EC50,7.64
6941448,CC(C)(C)c1ccccc1Oc2ncccc2Nc3nc(c(C#N)s3)C(F)(F)F,CHEMBL2401805,Ki,7.68
6941459,CC(C)(C)c1ccccc1Oc2ncccc2Nc3nnc(s3)c4ccccn4,CHEMBL2393207,Ki,7.68
6941470,CC(C)CN1CCC2(CC1)CN(c3ccccc3NC(=O)Nc4ccc(OC(F)(F)F)cc4)c5ccccc25,CHEMBL3104634,Ki,7.68
6941481,COc1ccc(NC(=O)Nc2cccnc2Oc3cccc(c3)C(F)(F)F)cc1,CHEMBL2333357,Ki,7.68
6941492,CC1(C)CN(c2ccccc12)c3ncccc3NC(=O)Nc4ccc(OC(F)(F)F)cc4,CHEMBL3103626,Ki,7.69
6941503,CCc1ccccc1n2nc(C)cc2Oc3ccccc3NC(=O)Nc4ccc(cc4)C(C)C,CHEMBL255095,Ki,7.7
6941514,Cc1ccc(NC(=O)Nc2cccnc2Sc3ccccc3C(C)(C)C)cc1,CHEMBL2333767,Ki,7.7
6941525,CC(C)(C)c1ccccc1Oc2ncccc2Nc3cc(on3)c4ccccc4,CHEMBL2393219,Ki,7.72
6941536,FC(F)(F)Oc1ccc(NC(=O)Nc2ccccc2N3CC4(CCN(Cc5ccccc5)CC4)c6ccccc36)cc1,CHEMBL3104635,Ki,7.73
6941547,CC(C)(C)c1ccccc1Oc2ncccc2NC(=O)Nc3ccc(F)cc3F,CHEMBL2333759,Ki,7.75
6941558,CC(C)(C)c1ccccc1Oc2ncccc2Nc3nnc(s3)c4ccc5ccccc5c4,CHEMBL2393206,Ki,7.75
6941569,CNc1ncnc2c1ncn2[C@H]3C[C@H](OP(=O)(O)O)[C@]4(COP(=O)(O)O)C[C@H]34,CHEMBL2112863,Ki,7.75
6941580,COCC1(CC1)c2ccc(NC(=O)Nc3cccnc3Oc4ccccc4C(C)(C)C)cc2,CHEMBL2381887,Ki,7.75
6941591,CC(C)(C)CN1CCC2(CC1)CN(c3ccccc3Nc4ncc(s4)c5ccccc5)c6c(O)ccc(Cl)c26,CHEMBL3263062,Ki,7.77
1725008,CN(C)Cc1ccccc1c2ccc(NC(=O)Nc3cccnc3Oc4ccccc4C(C)(C)C)c(F)c2,CHEMBL2381898,Ki,7.77
6941604,CSc1nc(N)c2ncn([C@@H]3O[C@H](COP(=O)(S)OP(=O)(O)O)[C@@H](O)[C@H]3O)c2n1,CHEMBL3634182,EC50,7.77
1727285,CC(C)(C)CN1CCC(CC1)c2ccccc2Oc3ncccc3NC(=O)Nc4ccc(OC(F)(F)F)cc4,CHEMBL3092631,Ki,7.8
6941773,CC(C)(C)CN1CCC2(CC1)CN(c3ccccc3Nc4nnc(s4)c5ccc(cc5)C(F)(F)F)c6c(O)ccc(c26)C(F)(F)F,CHEMBL3263066,Ki,7.8
6941784,CC(C)(C)CN1CCC2(CC1)CN(c3ccccc3Nc4nnc(s4)c5cccc(Cl)c5)c6c(O)ccc(Cl)c26,CHEMBL3263073,Ki,7.8
6941795,CC(C)c1ccccc1Oc2ncccc2NC(=O)Nc3ccc(OC(F)(F)F)cc3,CHEMBL2333773,Ki,7.8
6941806,CC1(C)CCN(c2ccccc12)c3ncccc3NC(=O)Nc4ccc(OC(F)(F)F)cc4,CHEMBL3103627,Ki,7.8
6941817,CC(C)(C)c1ccccc1Oc2ncccc2NC(=O)Nc3ccc(cc3)C(F)(F)F,CHEMBL2390979,Ki,7.82
6941828,CC(C)(C)c1ccccc1Oc2ncccc2Nc3ncc(s3)c4ccccc4,CHEMBL2393211,Ki,7.82
6941839,COC(=O)N1CCC2(CC1)CN(c3ccccc3NC(=O)Nc4ccc(OC(F)(F)F)cc4)c5ccccc25,CHEMBL3104630,Ki,7.88
6941850,CC(C)(C)CN1CCC2(CC1)CN(c3ccccc3Nc4nnc(s4)c5ccc(Cl)cc5)c6c(O)ccc(Cl)c26,CHEMBL3263074,Ki,7.89
6941861,CC(C)(C)CN1CCC2(CC1)CN(c3ccccc3Nc4nnc(s4)c5ccc(OC(F)(F)F)cc5)c6c(O)ccc(Cl)c26,CHEMBL3263071,Ki,7.89
6941872,CC(C)(C)CN1CCCC2(C1)CN(c3ccccc3NC(=O)Nc4ccc(OC(F)(F)F)cc4)c5ccccc25,CHEMBL3105200,Ki,7.89
6941883,CC(C)(C)c1ccccc1Oc2ncccc2Nc3nc(c(s3)c4ccc(cc4)C#N)C(F)(F)F,CHEMBL2401861,Ki,7.89
6941894,Nc1nc(I)nc2c1ncn2C3CC(OP(=O)(O)O)[C@]4(COP(=O)(O)O)C[C@H]34,CHEMBL343651,Ki,7.9
6941905,CC(C)(C)c1ccccc1Oc2ncccc2Nc3nc(c(s3)c4ccc(OC(F)(F)F)cc4)C(F)(F)F,CHEMBL2401860,Ki,7.92
6941916,CCc1nc(Nc2cccnc2Oc3ccccc3C(C)(C)C)sc1c4ccccc4,CHEMBL2401798,Ki,7.92
6941927,CN(C)CC(C)(C)COc1cccc(c1)c2sc(Nc3cccnc3Oc4ccccc4C(C)(C)C)nc2C(F)(F)F,CHEMBL2401864,Ki,7.92
6941938,CC(C)(C)CN1CCC2(CC1)CN(c3ccccc3NC(=O)Nc4ccc(OC(F)(F)F)cc4)c5cnccc25,CHEMBL3105195,Ki,7.94
6941949,CC(C)(C)CN1CCc2c(C1)cccc2Oc3ncccc3NC(=O)Nc4ccc(OC(F)(F)F)cc4,CHEMBL3092613,Ki,7.96
6941960,CC(C)(C)c1ccccc1Oc2ncccc2NC(=O)Nc3ccc(OCC4CCN(Cc5ccccc5)CC4)cc3F,CHEMBL2381904,Ki,7.96
6941971,CC(C)(C)c1ccccc1Oc2ncccc2NC(=O)Nc3ccc(cc3)N4CCCCC4,CHEMBL2381895,Ki,7.96
6941982,CC(C)(C)c1ccccc1Oc2ncccc2Nc3nnc(s3)c4ccccc4,CHEMBL2393213,Ki,7.96
6941993,Cc1ccccc1c2sc(Nc3cccnc3Oc4ccccc4C(C)(C)C)nc2C(F)(F)F,CHEMBL2401855,Ki,7.96
6942004,Cc1sc(Nc2cccnc2Oc3ccccc3C(C)(C)C)nc1C(F)(F)F,CHEMBL2401803,Ki,7.96
6942015,FC(F)(F)Oc1ccc(NC(=O)Nc2ccccc2N3CC4(CCC4)c5ccccc35)cc1,CHEMBL3103635,IC50,7.98
6942026,CC(C)(C)CN1CCC2(CC1)CCN(c3ccccc3NC(=O)Nc4ccc(OC(F)(F)F)cc4)c5ccccc25,CHEMBL3105199,IC50,8.0
6942037,CC(C)(C)c1ccccc1Oc2ncccc2Nc3nnc(s3)c4ccc(OC(F)(F)F)cc4,CHEMBL2393200,Ki,8.0
6942048,CCc1ccccc1n2nc(C)cc2Oc3ccccc3NC(=O)Nc4ccc(cc4)C5CCCCC5,CHEMBL255724,Ki,8.0
6942059,CC(C)(C)CN1CCC2(CC1)CN(c3ccccc3Nc4nnc(s4)c5ccc(cc5)C(C)(C)C)c6c(O)ccc(C#N)c26,CHEMBL3263068,Ki,8.01
6942070,CC(C)(C)CN1CCC2(CC1)CN(c3ccccc3Nc4nnc(s4)c5ccccc5)c6c(O)ccc(c26)C(F)(F)F,CHEMBL3263057,Ki,8.02
6942081,CNc1nc(Cl)nc2c1ncn2C3C(O)C(O)[C@]4(COP(=O)(O)OP(=O)(O)OP(=O)(O)O)C[C@H]34,CHEMBL2373377,EC50,8.05
6942092,CC1(C)CN(c2ccccc2NC(=O)Nc3ccc(OC(F)(F)F)cc3)c4ccccc14,CHEMBL3103625,Ki,8.06
3181715,CC(C)(C)CN1CCC2(CC1)CN(c3ccccc3NC(=O)Nc4nc5ccc(Cl)nc5s4)c6c(O)ccc(Cl)c26,CHEMBL3263056,Ki,8.1
6942105,CC(C)(C)c1ccc(NC(=O)Nc2cccnc2Oc3ccccc3C(C)(C)C)cc1,CHEMBL2333771,Ki,8.1
6942116,COC(=O)c1ccc(O)c2N(CC3(CCN(CC(C)(C)C)CC3)c12)c4ccccc4Nc5nnc(s5)c6ccc(cc6)C(C)(C)C,CHEMBL3263069,Ki,8.1
6942127,COc1ccc(cc1)c2sc(Nc3cccnc3Oc4ccccc4C(C)(C)C)nc2C(F)(F)F,CHEMBL2401859,Ki,8.1
6942138,COc1cccc(c1)c2sc(Nc3cccnc3Oc4ccccc4C(C)(C)C)nc2C(F)(F)F,CHEMBL2401858,Ki,8.1
6942149,Cc1ccc(cc1)c2sc(Nc3cccnc3Oc4ccccc4C(C)(C)C)nc2C(F)(F)F,CHEMBL2401856,Ki,8.1
6942160,CC1(C)CCN(c2ccccc2NC(=O)Nc3ccc(OC(F)(F)F)cc3)c4ccccc14,CHEMBL3102866,Ki,8.14
6942171,CC(C)(C)c1ccccc1Oc2ncccc2NC(=O)Nc3ccc(cc3)N4CCN(Cc5ccccc5)CC4,CHEMBL2381894,Ki,8.16
6942182,CC(C)(C)c1ccccc1Oc2ncccc2Nc3nc(c(s3)c4ccccc4)C(F)(F)F,CHEMBL2401800,Ki,8.16
6942193,CC(C)(C)c1ccccc1Oc2ncccc2Nc3nc(c(s3)c4ccccc4F)C(F)(F)F,CHEMBL2401857,Ki,8.16
6942204,CC(C)(C)c1ccccc1Oc2ncccc2Nc3nnc(s3)c4ccc(cc4)C(F)(F)F,CHEMBL2393201,Ki,8.16
6942215,CC(C)c1ccccc1Oc2ncccc2NC(=O)Nc3ccc(cc3)C(C)(C)C,CHEMBL2333772,Ki,8.16
6942226,COC(=O)C1(CC1)c2ccc(NC(=O)Nc3cccnc3Oc4ccccc4C(C)(C)C)cc2,CHEMBL2381888,Ki,8.16
6942237,Cc1ccc(NC(=O)Nc2cccnc2Oc3ccccc3C(C)(C)C)cc1,CHEMBL2333766,Ki,8.16
6942248,Nc1nc(Cl)nc2c1ncn2C3C(O)C(O)[C@]4(COP(=O)(O)OP(=O)(O)OP(=O)(O)O)C[C@H]34,CHEMBL2373323,EC50,8.16
6942259,Cc1cc(c2nnc(Nc3ccccc3N4CC5(CCN(CC(C)(C)C)CC5)c6c(Cl)ccc(O)c46)s2)n(C)n1,CHEMBL3263076,Ki,8.18
6942270,FC(F)(F)Oc1ccc(NC(=O)Nc2ccccc2N3CC4(CCCC4)c5ccccc35)cc1,CHEMBL3103636,Ki,8.18
6942281,CC(C)(C)CN1CCC2(CC1)CN(c3ccccc3Nc4nc(ns4)c5ccccc5)c6c(O)ccc(Cl)c26,CHEMBL3263058,IC50,8.19
6942292,CC(C)(C)CN1CCC2(CC1)CN(c3ccccc3Nc4nnc(s4)c5cnccn5)c6c(O)ccc(Cl)c26,CHEMBL3263075,Ki,8.19
6942303,Cc1noc(n1)c2sc(Nc3cccnc3Oc4ccccc4C(C)(C)C)nc2C(F)(F)F,CHEMBL2401853,Ki,8.22
6942314,FC(F)(F)Oc1ccc(NC(=O)Nc2ccccc2N3CC4(CCCCC4)c5ccccc35)cc1,CHEMBL3104624,Ki,8.23
6942325,CC(C)(C)CN1CCC2(C1)CN(c3ccccc3NC(=O)Nc4ccc(OC(F)(F)F)cc4)c5ccccc25,CHEMBL3105201,Ki,8.24
6942336,CC(C)(C)CN1CCC2(CC1)CN(c3ccccc3Nc4nnc(s4)c5ccc(OC(F)(F)F)cc5)c6c(O)ccc(F)c26,CHEMBL3263070,Ki,8.28
6942347,CNc1nc(Br)nc2c1ncn2C3CC(OP(=O)(O)O)[C@]4(COP(=O)(O)O)C[C@H]34,CHEMBL146342,Ki,8.29
6942358,CCOC(=O)c1sc(Nc2cccnc2Oc3ccccc3C(C)(C)C)nc1C(F)(F)F,CHEMBL2401804,Ki,8.3
6942369,CC(C)(C)CN1CCC2(CC1)CN(c3ccccc3NC(=O)Nc4ccc(OC(F)(F)F)cc4)c5cc(O)ccc25,CHEMBL3287046,IC50,8.34
3181693,CC(C)(C)CN1CCC2(CC1)CN(c3ccccc3NC(=O)Nc4ccc(OC(F)(F)F)cc4)c5ccccc25,CHEMBL3104636,Ki,8.37
6942382,CC(C)(C)CN1CCC2(CC1)CN(c3ccccc3NC(=O)Nc4ccc(OC(F)(F)F)cc4)c5c(O)cccc25,CHEMBL3287047,Ki,8.4
6942393,CNc1nc(C)nc2c1ncn2[C@H]3C[C@H](OP(=O)(O)O)[C@]4(COP(=O)(O)O)C[C@H]34,CHEMBL2112867,Ki,8.44
6942404,CNc1nc(Cl)nc2c1ncn2[C@H]3C[C@H](OP(=O)(O)O)[C@]4(COP(=O)(O)O)C[C@H]34,CHEMBL2112864,Ki,8.6
6942415,CC1(C)CN(c2ccccc2NC(=O)Nc3ccc(OC(F)(F)F)cc3)c4c(O)cc(F)c(c5ccc(Cl)s5)c14,CHEMBL3314313,IC50,8.64
6942426,CC1(CC(F)(F)F)CN(c2ccccc2NC(=O)Nc3ccc(OC(F)(F)F)cc3)c4c(O)ccc(Cl)c14,CHEMBL3314289,IC50,8.71
6942437,CC1(C)CN(c2ccccc2NC(=O)Nc3ccc(OC(F)(F)F)cc3)c4c(O)ccc(c5ccc(F)c(F)c5)c14,CHEMBL3314302,IC50,8.75
6942448,CC1(C)CN(c2ccccc2NC(=O)Nc3ccc(OC(F)(F)F)cc3)c4c(O)ccc(c5ccc(cc5)C(F)(F)F)c14,CHEMBL3314300,IC50,8.82
6942459,CC1(C)CN(c2ccccc2NC(=O)Nc3ccc(OC(F)(F)F)cc3)c4c(O)cc(F)c(c5ccc(Cl)cc5)c14,CHEMBL3314311,IC50,8.98
6942471,CNc1nc(I)nc2c1ncn2[C@H]3C[C@H](OP(=O)(O)O)[C@]4(COP(=O)(O)O)C[C@H]34,CHEMBL444278,Ki,9.11
6942482,CC1(C)CN(c2ccccc2NC(=O)Nc3ccc(OC(F)(F)F)cc3)c4c(O)cc(F)c(c5ccc(cn5)C(F)(F)F)c14,CHEMBL3314314,IC50,9.24
6942493,CC1(C)CN(c2ccccc2NC(=O)Nc3ccc(OC(F)(F)F)cc3)c4c(O)ccc(c5cc(F)cc(F)c5)c14,CHEMBL3314303,IC50,9.24
6942504,CC1(C)CN(c2ccccc2NC(=O)Nc3ccc(OC(F)(F)F)cc3)c4c(O)ccc(c5ccc(F)cc5F)c14,CHEMBL3314301,IC50,9.28
6942515,CC1(C)CN(c2ccccc2NC(=O)Nc3ccc(OC(F)(F)F)cc3)c4c(O)cc(F)c(c5ccc(nc5)C(F)(F)F)c14,CHEMBL3314315,IC50,9.29
6942526,CC1(C)CN(c2ccccc2NC(=O)Nc3ccc(OC(F)(F)F)cc3)c4c(O)cc(F)c(c5cc(F)nc(F)c5)c14,CHEMBL3314316,IC50,9.33
6942537,CC1(C)CN(c2ccccc2NC(=O)Nc3ccc(OC(F)(F)F)cc3)c4c(O)c(F)cc(c5ccc(F)cc5)c14,CHEMBL3314310,IC50,9.35
6942548,CSc1nc(N)c2ncn([C@H]3[C@H](O)[C@H](O)[C@]4(COP(=O)(O)OP(=O)(O)O)C[C@H]34)c2n1,CHEMBL2373948,EC50,9.4
6942559,CC1(C)CN(c2ccccc2NC(=O)Nc3ccc(OC(F)(F)F)cc3)c4c(O)ccc(Cl)c14,CHEMBL3314288,IC50,9.41
6942570,CC(C)(C)CN1CCC2(CC1)CN(c3ccccc3NC(=O)Nc4ccc(OC(F)(F)F)cc4)c5c(O)ccc(F)c25,CHEMBL3287045,IC50,9.43
6942581,CC1(C)CN(c2ccccc2NC(=O)Nc3ccc(OC(F)(F)F)cc3)c4c(O)ccc(c5ccccc5)c14,CHEMBL3314295,IC50,9.43
6942592,CC1(C)CN(c2ccccc2NC(=O)Nc3ccc(OC(F)(F)F)cc3)c4c(O)ccc(c5ccc(F)cc5)c14,CHEMBL3314298,IC50,9.48
6942603,CC1(C)CN(c2ccccc2NC(=O)Nc3ccc(OC(F)(F)F)cc3)c4c(O)cc(F)c(c5ncc(F)cn5)c14,CHEMBL3314317,IC50,9.52
6942614,CC1(C)CN(c2ccccc2NC(=O)Nc3ccc(OC(F)(F)F)cc3)c4c(O)cc(F)c(c5ccc(F)cc5)c14,CHEMBL3314309,IC50,9.64
6942625,CC(C)(C)CN1CCC2(CC1)CN(c3ccccc3NC(=O)Nc4nc5ccc(Cl)cc5s4)c6c(O)ccc(Cl)c26,CHEMBL3287040,IC50,9.77
6942636,CC(C)(C)CN1CCC2(CC1)CN(c3ccccc3NC(=O)Nc4ccc(OC(F)(F)F)cc4)c5c(O)cc(F)c(c6ccc(Cl)cc6)c25,CHEMBL3314319,IC50,9.8
6942647,CC1(C)CN(c2ccccc2NC(=O)Nc3ccc(OC(F)(F)F)cc3)c4c(O)ccc(c5cccc(F)c5)c14,CHEMBL3314297,IC50,9.82
6942658,COC(=O)c1ccc(O)c2N(CC3(CCN(CC(C)(C)C)CC3)c12)c4ccccc4NC(=O)Nc5ccc(OC(F)(F)F)cc5,CHEMBL3287052,IC50,9.82
6942669,CC(C)(C)CN1CCC2(CC1)CN(c3ccccc3NC(=O)Nc4ccc(OC(F)(F)F)cc4)c5c(O)ccc(c25)C(F)(F)F,CHEMBL3287041,IC50,9.85
6942680,CC1(C)CN(c2ccccc2NC(=O)Nc3nc4ccc(Cl)nc4s3)c5c(O)ccc(Cl)c15,CHEMBL3314287,IC50,9.85
6942691,CC1(C)CN(c2ccccc2NC(=O)Nc3ccc(OC(F)(F)F)cc3)c4c(O)ccc(c5ccc(Cl)cc5)c14,CHEMBL3314299,IC50,9.89
6942702,CC1(C)CN(c2ccccc2NC(=O)Nc3nc4ccc(Cl)nc4s3)c5c(O)ccc(c6ccc(F)cc6)c15,CHEMBL3314304,IC50,9.89
6942713,CN(C)S(=O)(=O)c1ccc(O)c2N(CC3(CCN(CC(C)(C)C)CC3)c12)c4ccccc4NC(=O)Nc5ccc(OC(F)(F)F)cc5,CHEMBL3287042,IC50,9.89
6942724,CC(C)(C)CN1CCC2(CC1)CN(c3ccccc3NC(=O)Nc4nc5ccc(Cl)nc5s4)c6c(O)cc(F)c(c7ccc(F)cc7)c26,CHEMBL3314321,IC50,9.92
6942735,CC(C)(C)CN1CCC2(CC1)CN(c3ccccc3NC(=O)Nc4ccc(OC(F)(F)F)cc4)c5c(O)cc(F)c(c6ccc(F)cc6)c25,CHEMBL3314320,IC50,10.05
6942746,CCOC(=O)C1(C)CN(c2ccccc2NC(=O)Nc3ccc(OC(F)(F)F)cc3)c4c(O)ccc(Cl)c14,CHEMBL3314290,IC50,10.05
6942757,CC(C)(C)CN1CCC2(CC1)CN(c3ccccc3NC(=O)Nc4ccc(cc4)C(F)(F)F)c5c(O)ccc(Cl)c25,CHEMBL3287051,IC50,10.1
6942768,Cc1nc(NC(=O)Nc2ccccc2N3CC(C)(C)c4c(ccc(O)c34)c5ccc(F)cc5)cs1,CHEMBL3314306,IC50,10.1
6942779,CC(C)(C)CN1CCC2(CC1)CN(c3ccccc3NC(=O)Nc4nc5ccc(F)cc5s4)c6c(O)ccc(Cl)c26,CHEMBL3287049,IC50,10.22
6942790,CCOC(=O)C1(C)CN(c2ccccc2NC(=O)Nc3nc4ccc(Cl)nc4s3)c5c(O)ccc(Cl)c15,CHEMBL3314291,IC50,10.3
6942801,CC(C)(C)CN1CCC2(CC1)CN(c3ccccc3NC(=O)Nc4ccc(OC(F)(F)F)cc4)c5c(O)ccc(C#N)c25,CHEMBL3287043,IC50,10.4
6942812,CC(C)(C)CN1CCC2(CC1)CN(c3ccccc3NC(=O)Nc4ccc(OC(F)(F)F)cc4)c5c(O)ccc(Cl)c25,CHEMBL3287044,IC50,10.4
6942823,CC(C)(C)CN1CCC2(CC1)CN(c3ccccc3NC(=O)Nc4csc(Cl)n4)c5c(O)ccc(Cl)c25,CHEMBL3287050,IC50,10.52
