id,smiles,name,assay_type,activity_value
4355417,Cl.CON1C(=NC2=C(CN(CC2)C(=O)c3ccc(Cl)cc3)C1=O)NCc4ccc(Cl)cc4,CHEMBL3728034,Ki,7.01
4355428,CON1C(=O)C2=C(CCN(C2)C(=O)c3ccc(cc3F)C#N)N=C1N[C@H](C)C4CCCCC4,CHEMBL3732103,Ki,7.22
4355438,CON1C(=O)C2=C(CCN(C2)C(=O)c3ccc(cc3F)C#N)N=C1N[C@@H](C)C4CCCCC4,CHEMBL3732788,Ki,7.25
4355448,CON1C(=NC2=C(CN(CC2)C(=O)c3oc(Cl)cc3)C1=O)N[C@@H](C)c4ccc(cc4)C(F)(F)F,CHEMBL3732297,Ki,7.32
4355458,Cl.CCC(NC1=NC2=C(CN(CC2)C(=O)c3ccc(Cl)cc3)C(=O)N1OC)c4ccc(Cl)cc4,CHEMBL3733220,Ki,7.36
4355468,CC#CCN1C(=NC2=C(CN(CC2)C(=O)c3ccc4OCOc4c3)C1=O)N[C@@H](C)c5ccc(cc5)C(F)(F)F,CHEMBL3730785,Ki,7.38
4355478,CON1C(=NC2=C(CN(CC2)C(=O)c3ccc4OCCOc4c3)C1=O)N[C@@H](C(C)C)c5ccc(Cl)cc5,CHEMBL3730006,Ki,7.38
4355488,C[C@H](NC1=NC2=C(CN(CC2)C(=O)c3ccc(Cl)cc3)C(=O)N1CC#C)c4ccc(Cl)cc4,CHEMBL3732695,Ki,7.38
4355498,CC#CCN1C(=NC2=C(CN(CC2)C(=O)c3ccc(C)c(C)c3)C1=O)N[C@@H](C)c4ccc(cc4)C(F)(F)F,CHEMBL3729362,Ki,7.39
4355508,C[C@H](NC1=NC2=C(CN(CC2)C(=O)c3ccc(C)cc3)C(=O)N1CCC#C)c4ccc(cc4)C(F)(F)F,CHEMBL3732077,Ki,7.39
4355518,Cl.CON1C(=NC2=C(CN(CC2)C(=O)c3ccc(Cl)cc3)C1=O)NCc4ccc(cc4)C(F)(F)F,CHEMBL3727878,Ki,7.41
4355528,CON1C(=NC2=C(CN(CC2)C(=O)c3ccc(Cl)cc3)C1=O)NC(C(C)C)c4ccc(Cl)cc4,CHEMBL3729094,Ki,7.43
4355538,Cl.C[C@H](NC1=NC2=C(CN(CC2)C(=O)c3ccc(cc3)C#N)C(=O)N1N4CCOCC4)c5ccc(cc5)C(F)(F)F,CHEMBL3732985,Ki,7.44
4355548,CON1C(=O)C2=C(CCN(C2)C(=O)c3ccc(Cl)cc3)N=C1N4CCCC4c5ccc(cc5)C(F)(F)F,CHEMBL3732328,Ki,7.47
4355558,CC(C)CON1C(=NC2=C(CN(CC2)C(=O)c3ccc(cc3F)C#N)C1=O)N[C@@H](C)c4ccc(cc4)C(F)(F)F,CHEMBL3729390,Ki,7.48
4355568,CON1C(=NC2=C(CN(CC2)C(=O)c3ccc(cc3)n4ccnc4)C1=O)N[C@@H](C(C)C)c5ccc(Cl)cc5,CHEMBL3730367,Ki,7.51
4355578,Cl.C[C@H](NC1=NC2=C(CN(CC2)C(=O)c3ccc(Cl)cc3)C(=O)N1CC#C)c4ccc(cc4)C(F)(F)F,CHEMBL3732064,Ki,7.54
4355588,CC#CCN1C(=NC2=C(CN(CC2)C(=O)c3cnc4ccccc4c3)C1=O)N[C@@H](C)c5ccc(cc5)C(F)(F)F,CHEMBL3731220,Ki,7.55
4355598,CON1C(=NC2=C(CN(CC2)C(=O)c3ccc(Cl)cc3)C1=O)N[C@@H](C)c4ccc(Cl)cc4,CHEMBL3731864,Ki,7.55
4355608,CON1C(=NC2=C(CN(CC2)C(=O)c3cc4ccccc4cn3)C1=O)N[C@@H](C(C)C)c5ccc(Cl)cc5,CHEMBL3731135,Ki,7.59
4355618,C[C@H](NC1=NC2=C(CN(CC2)C(=O)c3ccc(cc3)c4ocnc4)C(=O)N1CCC#C)c5ccc(cc5)C(F)(F)F,CHEMBL3728107,Ki,7.59
4355628,CCON1C(=NC2=C(CN(CC2)C(=O)c3ccc(Cl)cc3)C1=O)N[C@@H](C)c4ccc(cc4)C(F)(F)F,CHEMBL3728239,Ki,7.6
4355638,Cl.C[C@H](NC1=NC2=C(CN(CC2)C(=O)c3ccc(Cl)cc3)C(=O)N1N(C)C)c4ccc(Cl)cc4,CHEMBL3731865,Ki,7.6
4355648,CC#CCN1C(=NC2=C(CN(CC2)C(=O)c3ccc4ccccc4n3)C1=O)N[C@@H](C)c5ccc(cc5)C(F)(F)F,CHEMBL3728824,Ki,7.62
4355658,CON1C(=NC2=C(CN(CC2)C(=O)c3ccc4N(C)C(=O)CCc4c3)C1=O)N[C@@H](C(C)C)c5ccc(Cl)cc5,CHEMBL3729127,Ki,7.62
4355668,COc1ccc(cc1)C(=O)N2CCC3=C(C2)C(=O)N(CC#CC)C(=N3)N[C@@H](C)c4ccc(cc4)C(F)(F)F,CHEMBL3732511,Ki,7.64
4355678,CCON1C(=NC2=C(CN(CC2)C(=O)c3ccc(cc3)c4ocnc4)C1=O)N[C@@H](C)c5ccc(cc5)C(F)(F)F,CHEMBL3732584,Ki,7.7
4355688,CON1C(=NC2=C(CN(CC2)C(=O)c3cc(c4cccs4)n(C)n3)C1=O)N[C@@H](C)c5ccc(cc5)C(F)(F)F,CHEMBL3729024,Ki,7.7
4355698,CON1C(=NC2=C(CN(CC2)C(=O)c3ccc(Cl)c(C)c3)C1=O)N[C@@H](C)c4ccc(cc4)C(F)(F)F,CHEMBL3732106,Ki,7.7
4355708,Cl.CC#CCN1C(=NC2=C(CN(CC2)C(=O)c3cc4ccccn4n3)C1=O)N[C@@H](C)c5ccc(cc5)C(F)(F)F,CHEMBL3730705,Ki,7.7
4355718,CON1C(=NC2=C(CN(CC2)C(=O)c3ccc(Cl)cc3OC)C1=O)N[C@@H](C)c4ccc(cc4)C(F)(F)F,CHEMBL3728601,Ki,7.75
4355728,CCON1C(=NC2=C(CN(CC2)C(=O)c3cc4cccnc4s3)C1=O)N[C@@H](C)c5ccc(cc5)C(F)(F)F,CHEMBL3727905,Ki,7.77
4355738,Cl.CON1C(=NC2=C(CN(CC2)C(=O)c3ccc(Cl)cc3)C1=O)N[C@@H](C)c4ccc(cc4)C(F)(F)F,CHEMBL3727401,Ki,7.77
4355748,Cl.C[C@H](NC1=NC2=C(CN(CC2)C(=O)c3ccc(Cl)cc3)C(=O)N1N(C)C)c4ccc(cc4)C(F)(F)F,CHEMBL3728270,Ki,7.77
4355758,Cl.Cl.CC#CCN1C(=NC2=C(CN(CC2)C(=O)c3ccc4cccnc4c3)C1=O)N[C@@H](C)c5ccc(cc5)C(F)(F)F,CHEMBL3729534,Ki,7.77
4355768,CON1C(=NC2=C(CN(CC2)C(=O)c3ccc(OC(F)(F)F)cc3)C1=O)N[C@@H](C)c4ccc(cc4)C(F)(F)F,CHEMBL3729152,Ki,7.8
4355778,CON1C(=NC2=C(CN(CC2)C(=O)c3ccc4N(C)C(=O)CCc4c3)C1=O)N[C@@H](C)c5ccc(cc5)C(F)(F)F,CHEMBL3729890,Ki,7.8
4355788,Cl.CC#CCN1C(=NC2=C(CN(CC2)C(=O)c3ccc(Cl)cc3)C1=O)N[C@@H](C)c4ccc(cc4)C(F)(F)F,CHEMBL3730582,Ki,7.8
4355798,CON1C(=NC2=C(CN(CC2)C(=O)C3=CC4=CCCC=C4S3)C1=O)N[C@@H](C)c5ccc(cc5)C(F)(F)F,CHEMBL3728776,Ki,7.82
4355808,CON1C(=NC2=C(CN(CC2)C(=O)COc3ccc(Cl)cc3)C1=O)N[C@H](C)c4ccc(Cl)cc4,CHEMBL3729222,Ki,7.82
4355818,CON1C(=NC2=C(CN(CC2)C(=O)c3ccc(Cl)s3)C1=O)N[C@@H](C)c4ccc(cc4)C(F)(F)F,CHEMBL3731855,Ki,7.82
4355828,Cl.CON1C(=NC2=C(CN(CC2)C(=O)c3ccc(cc3F)C#N)C1=O)N[C@@H](C)c4ccc(cc4)C(F)(F)F,CHEMBL3732204,Ki,7.82
4355838,CON1C(=NC2=C(CN(CC2)C(=O)c3oc4ccc(OC)cc4c3)C1=O)N[C@@H](C)c5ccc(cc5)C(F)(F)F,CHEMBL3730213,Ki,7.85
4355848,CON1C(=NC2=C(CN(CC2)C(=O)c3cc4ccccn4n3)C1=O)N[C@@H](C(C)C)c5ccc(Cl)cc5,CHEMBL3729755,Ki,7.89
4355858,CON1C(=NC2=C(CN(CC2)C(=O)\C=C\c3ccc(Cl)cc3)C1=O)N[C@@H](C)c4ccc(cc4)C(F)(F)F,CHEMBL3732397,Ki,7.92
4355868,CON1C(=NC2=C(CN(CC2)C(=O)c3oc4ccc(Cl)cc4c3)C1=O)N[C@@H](C)c5ccc(cc5)C(F)(F)F,CHEMBL3730415,Ki,7.92
4355878,CCON1C(=NC2=C(CN(CC2)C(=O)c3ccc(cc3)C#N)C1=O)N[C@@H](C)c4ccc(cc4)C(F)(F)F,CHEMBL3733203,Ki,7.96
4355888,CON1C(=NC2=C(CN(CC2)C(=O)c3cc4occc4n3C)C1=O)N[C@@H](C)c5ccc(cc5)C(F)(F)F,CHEMBL3732513,Ki,8.0
4355898,CON1C(=NC2=C(CN(CC2)C(=O)c3ccc(C)s3)C1=O)N[C@@H](C)c4ccc(cc4)C(F)(F)F,CHEMBL3727443,Ki,8.0
4355908,CON1C(=NC2=C(CN(CC2)C(=O)c3ccc4OCCOc4c3)C1=O)N[C@@H](C)c5ccc(cc5)C(F)(F)F,CHEMBL3732440,Ki,8.0
4355918,C[C@H](NC1=NC2=C(CN(CC2)C(=O)c3ccc(cc3)C#N)C(=O)N1N4CCCC4)c5ccc(cc5)C(F)(F)F,CHEMBL3731175,Ki,8.0
4355928,Cl.CC#CCN1C(=NC2=C(CN(CC2)C(=O)c3ccc(cc3)c4ocnc4)C1=O)N[C@@H](C)c5ccc(cc5)C(F)(F)F,CHEMBL3727761,Ki,8.0
4355938,CCOc1ccc(cc1)C(=O)N2CCC3=C(C2)C(=O)N(OC)C(=N3)N[C@@H](C)c4ccc(cc4)C(F)(F)F,CHEMBL3733229,Ki,8.05
4355948,CON1C(=NC2=C(CN(CC2)C(=O)c3cc4cccnc4s3)C1=O)N[C@@H](C)c5ccc(cc5)C(F)(F)F,CHEMBL3728315,Ki,8.05
4355958,C[C@H](NC1=NC2=C(CN(CC2)C(=O)c3c(F)cccc3F)C(=O)N1CC#C)c4ccc(cc4)C(F)(F)F,CHEMBL3729644,Ki,8.05
4355968,C[C@H](NC1=NC2=C(CN(CC2)C(=O)c3ccc(cc3)n4ccnc4)C(=O)N1CCC#C)c5ccc(cc5)C(F)(F)F,CHEMBL3731047,Ki,8.05
4355978,C[C@H](NC1=NC2=C(CN(CC2)C(=O)c3cccc(c3)C#N)C(=O)N1CC#C)c4ccc(cc4)C(F)(F)F,CHEMBL3733091,Ki,8.05
4355988,CC[C@H](NC1=NC2=C(CN(CC2)C(=O)c3ccc(cc3F)C#N)C(=O)N1OC)c4ccc(cc4)C(F)(F)F,CHEMBL3730694,Ki,8.1
4355998,CON1C(=NC2=C(CN(CC2)C(=O)COc3ccc(Cl)cc3)C1=O)N[C@@H](C)c4ccc(cc4)C(F)(F)F,CHEMBL3733126,Ki,8.1
4356008,CON1C(=NC2=C(CN(CC2)C(=O)CSc3ccc(Cl)cc3)C1=O)N[C@@H](C)c4ccc(cc4)C(F)(F)F,CHEMBL3731543,Ki,8.1
4356018,CON1C(=NC2=C(CN(CC2)C(=O)c3ccc(C)c(F)c3)C1=O)N[C@@H](C)c4ccc(cc4)C(F)(F)F,CHEMBL3731217,Ki,8.1
4356028,CON1C(=NC2=C(CN(CC2)C(=O)c3cnc4ccccc4c3)C1=O)N[C@@H](C)c5ccc(cc5)C(F)(F)F,CHEMBL3731182,Ki,8.1
4356038,Cl.CC#CCN1C(=NC2=C(CN(CC2)C(=O)c3ccc(cc3)C#N)C1=O)N[C@@H](C)c4ccc(cc4)C(F)(F)F,CHEMBL3731267,Ki,8.1
4356048,Cl.CC#CCN1C(=NC2=C(CN(CC2)C(=O)c3ccc4NC(=O)CCc4c3)C1=O)N[C@@H](C)c5ccc(cc5)C(F)(F)F,CHEMBL3731131,Ki,8.1
4356058,Cl.C[C@H](NC1=NC2=C(CN(CC2)C(=O)c3ccc(cc3F)C#N)C(=O)N1N(C)C)c4ccc(cc4)C(F)(F)F,CHEMBL3728414,Ki,8.1
4356068,CON1C(=NC2=C(CN(CC2)C(=O)c3ccc(OC)nc3OC)C1=O)N[C@@H](C)c4ccc(cc4)C(F)(F)F,CHEMBL3733353,Ki,8.16
4356078,CON1C(=NC2=C(CN(CC2)C(=O)COc3ccc(cc3)C#N)C1=O)N[C@@H](C)c4ccc(cc4)C(F)(F)F,CHEMBL3727469,Ki,8.22
4356088,CON1C(=NC2=C(CN(CC2)C(=O)c3ccc(C=C)cc3)C1=O)N[C@@H](C)c4ccc(cc4)C(F)(F)F,CHEMBL3728379,Ki,8.22
4356098,C[C@H](NC1=NC2=C(CN(CC2)C(=O)c3ccc(cc3F)C#N)C(=O)N1N4CCCC4)c5ccc(cc5)C(F)(F)F,CHEMBL3727434,Ki,8.22
4356108,Cl.C[C@H](NC1=NC2=C(CN(CC2)C(=O)c3c(F)cc(F)cc3F)C(=O)N1N(C)C)c4ccc(cc4)C(F)(F)F,CHEMBL3728492,Ki,8.22
4356118,Cl.Cl.CC#CCN1C(=NC2=C(CN(CC2)C(=O)c3ccc(cc3)n4ccnc4)C1=O)N[C@@H](C)c5ccc(cc5)C(F)(F)F,CHEMBL3729643,Ki,8.22
4356128,CCON1C(=NC2=C(CN(CC2)C(=O)c3ccc(cc3F)C#N)C1=O)N[C@@H](C)c4ccc(cc4)C(F)(F)F,CHEMBL3729087,Ki,8.3
4356138,C[C@H](NC1=NC2=C(CN(CC2)C(=O)c3ccc(cc3)C#N)C(=O)N1CCC#C)c4ccc(cc4)C(F)(F)F,CHEMBL3729902,Ki,8.3
4356148,Cl.C[C@H](NC1=NC2=C(CN(CC2)C(=O)c3ccc(cc3F)C#N)C(=O)N1CC#C)c4ccc(cc4)C(F)(F)F,CHEMBL3730970,Ki,8.3
4356158,CON1C(=NC2=C(CN(CC2)C(=O)c3ccc(C)c(C)c3)C1=O)N[C@@H](C)c4ccc(cc4)C(F)(F)F,CHEMBL3729468,Ki,8.4
4356168,Cl.CON1C(=NC2=C(CN(CC2)C(=O)c3cc4cccnc4s3)C1=O)N[C@@H](C)c5ccc(Cl)cc5,CHEMBL3731703,Ki,8.52
4356178,Cl.C[C@H](NC1=NC2=C(CN(CC2)C(=O)c3ccc(cc3F)C#N)C(=O)N1N4CCOCC4)c5ccc(cc5)C(F)(F)F,CHEMBL3730277,Ki,8.52
4356188,CON1C(=NC2=C(CN(CC2)C(=O)c3ccc(cc3)C#N)C1=O)N[C@@H](C)c4ccc(cc4)C(F)(F)F,CHEMBL3731943,Ki,8.7
4356198,C[C@H](NC1=NC2=C(CN(CC2)C(=O)c3ccc(cc3F)C#N)C(=O)N1CCC#C)c4ccc(cc4)C(F)(F)F,CHEMBL3728036,Ki,8.7
4356208,Cl.CC#CCN1C(=NC2=C(CN(CC2)C(=O)c3ccc(cc3F)C#N)C1=O)N[C@@H](C)c4ccc(cc4)C(F)(F)F,CHEMBL3733288,Ki,8.7
