id,smiles,name,assay_type,activity_value
7743142,CS(=O)(=O)c1cc(F)cc2c3CC[C@H](CC(=O)O)c3n(Cc4ccc(Cl)cc4)c12,laropiprant,Kd,10.52
9062603,OC(=O)CCC\C=C/C[C@@H]1[C@H]2CC[C@H](C2)[C@H]1NS(=O)(=O)c3ccc(\C=C\c4ccccc4)cc3,CHEMBL82537,IC50,7.0
9062614,OC(=O)CCC\C=C/C[C@@H]1[C@H]2CC[C@H](C2)[C@H]1NS(=O)(=O)c3ccc(\C=C\c4ccccc4)s3,CHEMBL81600,IC50,7.05
8313457,OC(=O)COc1cccc2CC(CN3N=CC(=C(C3=O)c4ccccc4)c5cccc(F)c5)CCc12,CHEMBL3398224,EC50,7.06
145236,OC(=O)Cc1ccc(Oc2ccc(cc2NS(=O)(=O)c3ccc(Cl)cc3)C(=O)NC4CCC4)c(Cl)c1,CHEMBL1951402,IC50,7.07
149439,CCCCNC(=O)c1ccc(Oc2ccc3c(CC(=O)O)c[nH]c3c2)c(NS(=O)(=O)c4ccc(Cl)cc4Cl)c1,CHEMBL1950867,IC50,7.08
142585,COc1cc(CC(=O)O)ccc1Oc2ccc3[nH]c(cc3c2NS(=O)(=O)c4ccc(Cl)cc4Cl)C#N,CHEMBL3287088,IC50,7.09
8316296,OC(=O)\C=C\c1ccccc1Cc2ccc3cc(OCc4ccccc4)ccc3c2,CHEMBL218263,Ki,7.09
9062635,CS(=O)(=O)c1ccc2c(c1)c3CCCC(CC(=O)O)c3n2Cc4ccc(Cl)cc4,CHEMBL210807,Ki,7.1
140261,COc1cc(CC(=O)O)ccc1Oc2ccc3c(cc(C)n3C)c2NS(=O)(=O)c4ccc(Cl)cc4Cl,CHEMBL3287086,IC50,7.12
142749,COc1cc(CC(=O)O)ccc1Oc2ccc3[nH]c(cc3c2NS(=O)(=O)c4ccc(Cl)cc4Cl)C5CC5,CHEMBL3287082,IC50,7.13
9062650,OC(=O)CCC\C=C/C[C@@H]1[C@H]2CC[C@H](C2)[C@H]1NS(=O)(=O)c3ccc4sc5ccccc5c4c3,CHEMBL312983,IC50,7.19
5237444,C[C@H](NC(=O)c1cc(Cl)cc2ccn(Cc3cccc(Cl)c3)c12)c4ccc(cc4)C(=O)O,CHEMBL1085040,Ki,7.2
140724,COc1cc(CC(=O)O)ccc1Oc2ccc3[nH]c(CC(C)C)cc3c2NS(=O)(=O)c4ccc(Cl)cc4Cl,CHEMBL3287083,IC50,7.21
9062665,OC(=O)CCC\C=C/C[C@@H]1[C@H]2CC[C@H](C2)[C@H]1NS(=O)(=O)c3ccc(cc3)c4nnnn4c5ccccc5,CHEMBL413523,IC50,7.21
8313446,OC(=O)COc1cccc2CC(CN3N=C(C(=CC3=O)c4cccc(Cl)c4)c5ccccc5)CCc12,CHEMBL3398211,EC50,7.22
149525,COc1cc(CC(=O)O)ccc1Oc2ccc(cc2NS(=O)(=O)c3ccc(Cl)cc3Cl)C(=O)NCC(C)C,CHEMBL569727,IC50,7.23
9062680,COc1cc2c(oc3ccccc23)cc1S(=O)(=O)N[C@@H]4[C@@H]5CC[C@@H](C5)[C@H]4C\C=C/CCC(C)(C)C(=O)O,CHEMBL309999,IC50,7.24
149483,CCNC(=O)c1ccc(Oc2ccc(CC(=O)O)cc2OC)c(NS(=O)(=O)c3ccc(Cl)cc3Cl)c1,CHEMBL568819,IC50,7.26
5237261,COc1cccc(OC)c1C2(CC2)C(=O)NS(=O)(=O)Cc3ccc(N4Cc5c(OCC(F)(F)F)c6ncccc6c(OCC(F)(F)F)c5C4=O)c(C)c3,CHEMBL404199,Ki,7.28
146583,CN([C@@H]1CCc2c(CC(=O)O)c3ccccc3n2C1)S(=O)(=O)c4ccccc4C,CHEMBL1643792,Ki,7.29
139623,CCCCNC(=O)c1ccc(Oc2ccc(CC(=O)O)cc2OC)c(NS(=O)(=O)c3cc(Cl)ccc3Cl)c1,CHEMBL1951557,IC50,7.3
9062699,Cc1cc2c(CC(=O)O)cccc2n1C(=O)c3ccc(OCC4CCc5ccccc5O4)cc3,CHEMBL365829,Ki,7.3
5237710,C[C@H](NC(=O)c1cccc2ccn(Cc3cc(Cl)cc(OC(F)(F)F)c3)c12)c4ccc(cc4)C(=O)O,CHEMBL1084552,Ki,7.31
148839,CN([C@@H]1CCc2c(CC(=O)O)c3cc(F)c(Cl)cc3n2C1)S(=O)(=O)c4ccc(F)cc4,CHEMBL1643782,Ki,7.32
9062714,COc1cccc(c1)C2=C(C(=O)N(CC3CCc4c(C3)cccc4OCC(=O)O)N=C2)c5ccccc5,CHEMBL3398223,EC50,7.32
8313424,OC(=O)COc1cccc2C[C@H](CN3N=CC(=C(C3=O)c4ccc(F)cc4)c5cccc(F)c5F)CCc12,CHEMBL3398236,EC50,7.32
9062727,CC1(C)[C@H]2C[C@H](C\C=C/CCCC(=O)O)[C@@H](NC(=O)c3ccc(cc3)c4ccccc4)[C@@H]1C2,CHEMBL446628,IC50,7.33
147556,CN([C@@H]1CCc2c(CC(=O)O)c3ccccc3n2C1)S(=O)(=O)c4ccc(Cl)cc4,CHEMBL1643796,Ki,7.33
9062741,OC(=O)CCC\C=C/C[C@@H]1[C@H]2CC[C@H](C2)[C@H]1NS(=O)(=O)c3ccc4cc([nH]c4c3)c5ccccc5,CHEMBL312697,IC50,7.33
144404,CC(C)(C)NC(=O)c1ccc(Oc2ccc(CC(=O)O)cc2Cl)c(NS(=O)(=O)c3ccc(Cl)cc3)c1,CHEMBL1951555,IC50,7.34
146241,CCCc1cc(n[nH]1)c2ccc(Oc3ccc(CC(=O)O)cc3OC)c(NS(=O)(=O)c4ccc(Cl)cc4Cl)c2,CHEMBL1950879,IC50,7.34
140175,CCCc1cc2c(NS(=O)(=O)c3ccc(Cl)cc3Cl)c(Oc4ccc(CC(=O)O)cc4OC)ccc2[nH]1,CHEMBL3287085,IC50,7.35
144918,COc1cc(CC(=O)O)ccc1Oc2ccc(cc2NS(=O)(=O)c3ccc(cc3Cl)C(F)(F)F)C(=O)NC4CCC4,CHEMBL1951570,IC50,7.35
9062760,OC(=O)COc1cccc2CC(CN3N=C(C(=CC3=O)c4cccc(F)c4)c5ccccc5)CCc12,CHEMBL3398210,EC50,7.36
9062771,CCNC(=O)c1ccc(Oc2ccc(cc2)C(C)C(=O)O)c(NS(=O)(=O)c3ccc(Cl)cc3Cl)c1,CHEMBL570005,IC50,7.37
9062782,CC1(C)[C@H]2C[C@H](C\C=C\CCCC(=O)O)[C@@H](NC(=O)c3csc(c3)c4ccccc4)[C@@H]1C2,CHEMBL420956,IC50,7.38
9062793,CS(=O)(=O)NC(=O)CCC\C=C/C[C@@H]1[C@H]2CC[C@H](C2)[C@H]1NS(=O)(=O)c3ccc4oc5ccccc5c4c3,CHEMBL309443,IC50,7.38
8313413,OC(=O)COc1cccc2CC(CN3N=CC(=C(C3=O)c4ccc(F)cc4)c5cccc(F)c5F)CCc12,CHEMBL3398235,EC50,7.38
140508,OC(=O)Cc1cc(F)c(Oc2ccc(cc2NS(=O)(=O)c3ccc(OC(F)(F)F)cc3Cl)C(=O)NC4CCC4)cc1F,CHEMBL1951572,IC50,7.38
142393,COc1cc(CC(=O)O)ccc1Oc2ccc(cc2NS(=O)(=O)c3ccc(Cl)cc3Cl)C(=O)NC4CC4,CHEMBL569537,IC50,7.39
140272,COc1cc(CC(=O)O)ccc1Oc2ccc3c(ccn3C)c2NS(=O)(=O)c4ccc(Cl)cc4Cl,CHEMBL3287081,IC50,7.4
8313380,COc1cccc(C2=C(C(=O)N(CC3CCc4c(C3)cccc4OCC(=O)O)N=C2)c5ccccc5)c1F,CHEMBL3398229,EC50,7.4
143529,CC(C)(C)NC(=O)c1ccc(Oc2cc(F)c(CC(=O)O)cc2Cl)c(NS(=O)(=O)c3ccc(OC(F)(F)F)cc3Cl)c1,CHEMBL1951574,IC50,7.42
150156,CCNC(=O)c1ccc(Oc2ccc(CC(=O)O)cc2F)c(NS(=O)(=O)c3ccc(Cl)cc3Cl)c1,CHEMBL570670,IC50,7.44
9062818,CN(C)c1ccc2c(oc3ccc(cc23)S(=O)(=O)N[C@@H]4[C@@H]5CC[C@@H](C5)[C@H]4C\C=C/CCCC(=O)O)c1,CHEMBL82426,IC50,7.44
150243,COc1cc(CC(=O)O)ccc1Oc2ccc(cc2NS(=O)(=O)c3ccc(Cl)cc3Cl)C(=O)NC(C)C,CHEMBL569772,IC50,7.44
7743976,OC(=O)CC1CCCc2c1n(Cc3ccc(Cl)cc3)c4ccccc24,CHEMBL206631,Ki,7.44
8313248,OC(=O)COc1cccc2CC(CN3N=CC(=C(C3=O)c4ccccc4)c5cccc(F)c5F)CCc12,CHEMBL3398228,EC50,7.44
146208,CC(C)(C)NC(=O)c1ccc(Oc2cc(F)c(CC(=O)O)cc2Cl)c(NS(=O)(=O)c3ccc(cc3Cl)C4CC4)c1,CHEMBL1951575,IC50,7.46
9062837,COc1ccc2oc3ccc(cc3c2c1)S(=O)(=O)N[C@@H]4[C@@H]5CC[C@@H](C5)[C@H]4C\C=C/CCCC(=O)O,CHEMBL430627,IC50,7.47
9062848,CC1(C)[C@H]2C[C@H](C\C=C/CCCC(=O)O)[C@@H](NC(=O)c3ccc4oc5ccccc5c4c3)[C@@H]1C2,CHEMBL119550,IC50,7.5
9062859,CC1(C)[C@H]2C[C@H](C\C=C/CCCC(=O)O)[C@@H](NC(=O)c3ccc[nH]3)[C@@H]1C2,CHEMBL117399,IC50,7.5
9062870,CC1(C)[C@H]2C[C@H](C\C=C/CCCC(=O)O)[C@@H](NC(=O)c3csc4ccccc34)[C@@H]1C2,CHEMBL332635,IC50,7.5
9062881,CC1(C)[C@H]2C[C@H](C\C=C\CCCC(=O)O)[C@@H](NC(=O)c3csc4ccccc34)[C@@H]1C2,CHEMBL79700,IC50,7.5
9062892,CCOc1cc2c(oc3ccccc23)cc1S(=O)(=O)N[C@@H]4[C@@H]5CC[C@@H](C5)[C@H]4C\C=C/CCCC(=O)O,CHEMBL81185,IC50,7.5
150134,CCCNC(=O)c1ccc(Oc2ccc(CC(=O)O)cc2OC)c(NS(=O)(=O)c3ccc(Cl)cc3Cl)c1,CHEMBL570235,IC50,7.51
8313659,COc1ccc(C2=NN(CC3CCc4c(C3)cccc4OCC(=O)O)C(=O)C=C2c5ccccc5)c(F)c1,CHEMBL3398218,EC50,7.51
9062907,OC(=O)COc1cccc2CC(CN3N=CC(=C(C3=O)c4ccccc4)c5ccccc5F)CCc12,CHEMBL3398227,EC50,7.51
146833,CCCCNC(=O)c1ccc(Oc2ccc(CC(=O)O)cc2F)c(NS(=O)(=O)c3ccc(Cl)cc3Cl)c1,CHEMBL1951564,IC50,7.52
9062920,Cc1cc2c(CC(=O)O)cccc2n1C(=O)c3ccc(OCC4Oc5ccccc5O4)cc3,CHEMBL184684,Ki,7.52
150123,CCCCNC(=O)c1ccc(Oc2ccc3c(ccn3CC(=O)O)c2)c(NS(=O)(=O)c4ccc(Cl)cc4Cl)c1,CHEMBL1950868,IC50,7.54
7741617,OC(=O)CC1CCCc2c1n(Cc3ccc(Cl)cc3)c4c(cccc24)[S+]([O-])c5ccccc5,CHEMBL378929,Ki,7.54
9062935,CN(C)C(=O)c1cccc2c3CCCC(CC(=O)O)c3n(Cc4ccc(Cl)cc4)c12,CHEMBL208082,Ki,7.55
9062947,COc1cc2c(oc3ccccc23)cc1S(=O)(=O)N[C@@H]4[C@@H]5CC[C@@H](C5)[C@H]4C\C=C/CCCC(=O)O,CHEMBL309987,IC50,7.57
9062959,OC(=O)CCC\C=C/C[C@@H]1[C@H]2CC[C@H](C2)[C@H]1NS(=O)(=O)c3ccc(cc3)N=Nc4ccccc4,CHEMBL432935,IC50,7.57
9062970,CC1(C)[C@H]2C[C@H](C\C=C/CCCC(=O)O)[C@@H](NC(=O)c3cccc4ccsc34)[C@@H]1C2,CHEMBL119809,IC50,7.59
9062981,CC1(C)[C@H]2C[C@H](C\C=C\CCCC(=O)O)[C@@H](NC(=O)c3cccc4ccsc34)[C@@H]1C2,CHEMBL84413,IC50,7.59
148290,COc1ccc(cc1)S(=O)(=O)N(C)[C@@H]2CCc3c(CC(=O)O)c4ccccc4n3C2,CHEMBL1643798,Ki,7.59
9062994,Cc1cccc(c1)C2=CC(=O)N(CC3CCc4c(C3)cccc4OCC(=O)O)N=C2c5ccccc5,CHEMBL3398209,EC50,7.6
8313402,COc1cccc(c1)C2=CC(=O)N(CC3CCc4c(C3)cccc4OCC(=O)O)N=C2c5ccc(F)cc5,CHEMBL3398221,EC50,7.62
9063007,CC(C)[S+]([O-])c1cccc2c3CCCC(CC(=O)O)c3n(Cc4ccc(Cl)cc4)c12,CHEMBL378628,Ki,7.64
9063018,CCc1noc(n1)c2ccc(Oc3ccc(CC(=O)O)cc3OC)c(NS(=O)(=O)c4ccc(Cl)cc4Cl)c2,CHEMBL1950876,IC50,7.64
9063029,OC(=O)CCC\C=C/C[C@@H]1[C@H]2CC[C@H](C2)[C@H]1NS(=O)(=O)c3ccc4[nH]c5ccccc5c4c3,CHEMBL312715,IC50,7.66
9063040,OC(=O)CCC\C=C/C[C@@H]1[C@H]2CC[C@H](C2)[C@H]1NS(=O)(=O)c3ccc4c(oc5ccccc45)c3,CHEMBL79669,IC50,7.66
141335,OC(=O)Cc1cc(F)c(Oc2ccc(cc2NS(=O)(=O)c3ccc(cc3Cl)C(F)(F)F)C(=O)NC4CCC4)cc1F,CHEMBL1951571,IC50,7.66
142952,CCCCNC(=O)c1ccc(Oc2ccc(CC(=O)O)cc2OC)c(NS(=O)(=O)c3ccc(Cl)c(Cl)c3)c1,CHEMBL1951556,IC50,7.68
140779,CCCCNC(=O)c1ccc(Oc2ccc(CC(=O)O)cc2OC)c(NS(=O)(=O)c3ccc(cc3Cl)C(F)(F)F)c1,CHEMBL1951561,IC50,7.68
8313314,OC(=O)COc1cccc2C(=CCCc12)CCON=C(c3ccccc3)c4ccccc4,CHEMBL3398237,EC50,7.68
9063059,OC(=O)COc1cccc2CC(CN3N=C(C(=CC3=O)c4ccccc4)c5ccccc5)CCc12,CHEMBL3398206,EC50,7.68
9063070,Cc1cc2c(CC(=O)O)cccc2n1C(=O)c3ccc(OCC4Cc5ccccc5O4)cc3,CHEMBL363984,Ki,7.7
9063081,CC1(C)[C@H]2C[C@H](C\C=C\CCCC(=O)O)[C@@H](NC(=O)c3cc4ccccc4s3)[C@@H]1C2,CHEMBL81785,IC50,7.72
146490,OC(=O)Cc1cc(Cl)c(Oc2ccc(cc2NS(=O)(=O)c3ccc(OC(F)(F)F)cc3Cl)C(=O)NC4CCC4)cc1F,CHEMBL1951573,IC50,7.72
9063094,OC(=O)CCC\C=C/C[C@@H]1[C@H]2CC[C@H](C2)[C@H]1NS(=O)(=O)c3ccc4cc([nH]c4c3)c5ccc(O)cc5,CHEMBL78904,IC50,7.75
142010,COc1cc(CC(=O)O)ccc1Oc2ccc3NC(=O)Cc3c2NS(=O)(=O)c4ccc(Cl)cc4Cl,CHEMBL3287089,IC50,7.77
8313435,COc1cccc(c1)C2=CC(=O)N(CC3CCc4c(C3)cccc4OCC(=O)O)N=C2c5ccccc5,CHEMBL3398208,EC50,7.77
9063109,CS(=O)(=O)c1ccnc2c1c(Sc3ccccc3)c4C(CC(=O)O)CCCn24,CHEMBL482743,Ki,7.79
143350,CCc1ccc(cc1)S(=O)(=O)N(C)[C@@H]2CCc3c(CC(=O)O)c4ccccc4n3C2,CHEMBL1643799,Ki,7.8
5237055,C[C@H](NC(=O)c1cccc2ccn(Cc3cccc(Cl)c3)c12)c4ccc(cc4)C(=O)O,CHEMBL1085081,Ki,7.8
7743343,OCc1cccc2c3CCCC(CC(=O)O)c3n(Cc4ccc(Cl)cc4)c12,CHEMBL208596,Ki,7.8
148890,OC(=O)Cc1c2CC[C@H](Cn2c3ccccc13)N(CC(F)(F)F)S(=O)(=O)c4ccc(F)cc4,CHEMBL1643790,Ki,7.81
145079,CC(C)(C)NC(=O)c1ccc(Oc2ccc(CC(=O)O)cc2Cl)c(NS(=O)(=O)c3ccc(Cl)cc3Cl)c1,CHEMBL1951569,IC50,7.82
147238,CCc1nc(n[nH]1)c2ccc(Oc3ccc(CC(=O)O)cc3OC)c(NS(=O)(=O)c4ccc(Cl)cc4Cl)c2,CHEMBL1950875,IC50,7.82
9063132,COc1ccc(cc1)c2cc3ccc(cc3[nH]2)S(=O)(=O)N[C@@H]4[C@@H]5CC[C@@H](C5)[C@H]4C\C=C/CCCC(=O)O,CHEMBL311199,IC50,7.82
150506,CCN([C@@H]1CCc2c(CC(=O)O)c3ccccc3n2C1)S(=O)(=O)c4ccc(F)cc4,CHEMBL1643786,Ki,7.84
5235587,C[C@H](NC(=O)c1cccc2c(Cl)cn(Cc3cccc(Cl)c3)c12)c4ccc(cc4)C(=O)O,CHEMBL1083445,Ki,7.85
142826,OC(=O)Cc1ccc(Oc2ccc(cc2NS(=O)(=O)c3ccc(Cl)cc3Cl)C(=O)NC4CC4)c(Cl)c1,CHEMBL1951567,IC50,7.85
9063149,OC(=O)CC1CCn2c1c(Sc3ccc(Cl)c(Cl)c3)c4cnccc24,CHEMBL474702,Ki,7.87
138772,CCCCNC(=O)c1ccc(Oc2ccc(CC(=O)O)cc2OC)c(NS(=O)(=O)c3ccc(Cl)cc3)c1,CHEMBL1933766,IC50,7.89
9063162,Cc1cc(cs1)C(=O)N[C@@H]2[C@@H](C\C=C\CCCC(=O)O)C[C@H]3C[C@@H]2C3(C)C,CHEMBL81231,IC50,7.89
7741689,CSc1ccnc2c1c(Sc3ccc(Cl)cc3)c4C(CC(=O)O)CCCn24,CHEMBL482548,Ki,7.91
143200,CCCCNC(=O)c1ccc(Oc2ccc(CC(=O)O)cc2OC)c(NS(=O)(=O)c3ccc(Cl)cc3Cl)c1,CHEMBL589973,IC50,7.92
9063228,CCCCNC(=O)c1ccc(Oc2ccc(cc2OC)C3(CCCC3)C(=O)O)c(NS(=O)(=O)c4ccc(Cl)cc4Cl)c1,CHEMBL1933762,IC50,7.92
149514,COc1cc(CC(=O)O)ccc1Oc2ccc(cc2NS(=O)(=O)c3ccc(Cl)cc3Cl)C(=O)NC4CCC4,CHEMBL570009,IC50,7.96
8313746,COc1cccc(c1)C2=CC(=O)N(CC3CCc4c(C3)cccc4OCC(=O)O)N=C2c5ccc(C)cc5,CHEMBL3398220,EC50,7.96
7744064,OC(=O)CC1CCCc2c1n(Cc3ccc(Cl)cc3)c4c(F)cc(F)cc24,CHEMBL208260,Ki,7.96
143339,CCCc1nc(c[nH]1)c2ccc(Oc3ccc(CC(=O)O)cc3OC)c(NS(=O)(=O)c4ccc(Cl)cc4Cl)c2,CHEMBL1950878,IC50,8.0
148506,CCCc1nc(n[nH]1)c2ccc(Oc3ccc(CC(=O)O)cc3OC)c(NS(=O)(=O)c4ccc(Cl)cc4Cl)c2,CHEMBL1950877,IC50,8.0
9063249,Cc1cc2c(CC(=O)O)cccc2n1C(=O)c3ccc(OC[C@@H]4COc5ccccc5O4)cc3,CHEMBL364593,Ki,8.0
9063260,CS(=O)(=O)c1cc(C#N)c2c(c1)c3CCC(CC(=O)O)c3n2Cc4ccc(Cl)cc4,CHEMBL207805,Ki,8.01
9063271,CC(=O)c1cc(cc2c3CCC(CC(=O)O)c3n(Cc4ccc(Cl)cc4)c12)S(=O)(=O)C,CHEMBL379711,Ki,8.02
9063282,CS(=O)(=O)c1cc(F)cc2c3CC[C@@H](CC(=O)O)c3n(Cc4ccc(Cl)cc4)c12,CHEMBL387477,Ki,8.02
146822,CCCCCNC(=O)c1ccc(Oc2ccc(CC(=O)O)cc2OC)c(NS(=O)(=O)c3ccc(Cl)cc3Cl)c1,CHEMBL569521,IC50,8.05
9063296,CS(=O)(=O)c1cc(F)cc2c3CCC(CC(=O)O)c3n(Cc4ccc(Cl)cc4)c12,CHEMBL221007,Ki,8.05
143657,OC(=O)Cc1ccc(Oc2ccc(cc2NS(=O)(=O)c3ccc(Cl)cc3Cl)C(=O)NC4CCC4)c(Cl)c1,CHEMBL1951568,IC50,8.05
9063309,CC(O)c1cc(cc2c3CCC(CC(=O)O)c3n(Cc4ccc(Cl)cc4)c12)S(=O)(=O)C,CHEMBL378744,Ki,8.07
9063321,OC(=O)CCC\C=C/C[C@@H]1[C@H]2CC[C@H](C2)[C@H]1NS(=O)(=O)c3ccc(cc3)C#Cc4ccccc4,CHEMBL82489,IC50,8.07
139044,CCCCNC(=O)c1ccc(Oc2ccc(CC(=O)O)cc2Cl)c(NS(=O)(=O)c3ccc(Cl)cc3Cl)c1,CHEMBL1951563,IC50,8.1
9063334,CC(C)(C)c1ccc(Cn2c3C(CC(=O)O)CCc3c4cc(cc(Br)c24)S(=O)(=O)C)cc1,CHEMBL208319,Ki,8.13
141911,CCCCNC(=O)c1ccc(Oc2cc(F)c(CC(=O)O)cc2F)c(NS(=O)(=O)c3ccc(Cl)cc3Cl)c1,CHEMBL1951566,IC50,8.16
9063347,CCCCNC(=O)c1ccc(Oc2ccc(Cc3nnn[nH]3)cc2OC)c(NS(=O)(=O)c4ccc(Cl)cc4Cl)c1,CHEMBL1933764,IC50,8.16
7743429,OC(=O)CC1CCCc2c1n(Cc3ccc(Cl)cc3)c4c(C=O)cccc24,CHEMBL210045,Ki,8.2
150112,CCCCNC(=O)c1ccc(Cc2ccc(CC(=O)O)cc2OC)c(NS(=O)(=O)c3ccc(Cl)cc3Cl)c1,CHEMBL1950871,IC50,8.22
9063362,CCCCNC(=O)c1ccc(Oc2ccc(CC(=O)NS(=O)(=O)C)cc2OC)c(NS(=O)(=O)c3ccc(Cl)cc3Cl)c1,CHEMBL1933765,IC50,8.22
142654,CCCCNC(=O)c1ccc(Oc2ccc(CC(=O)O)cc2C)c(NS(=O)(=O)c3ccc(Cl)cc3Cl)c1,CHEMBL1951562,IC50,8.22
8313602,COc1cccc(C2=CC(=O)N(CC3CCc4c(C3)cccc4OCC(=O)O)N=C2c5ccccc5)c1F,CHEMBL3398212,EC50,8.22
9063377,Cc1ccc(Sc2c3C(CC(=O)O)CCCn3c4nccc(c24)S(=O)(=O)C)cc1,CHEMBL485535,Ki,8.22
142665,CN([C@@H]1CCc2c(CC(=O)O)c3c(Cl)cc(Cl)cc3n2C1)S(=O)(=O)c4ccc(F)cc4,CHEMBL1643781,Ki,8.25
9063390,CN1C[C@@H](COc2ccc(cc2)C(=O)n3c(C)cc4c(CC(=O)O)cccc34)Oc5cc(F)ccc15,CHEMBL185251,Ki,8.28
147742,CCCCNC(=O)c1ccc(Oc2ccc3c(CC(=O)O)coc3c2)c(NS(=O)(=O)c4ccc(Cl)cc4Cl)c1,CHEMBL1950870,IC50,8.3
9063403,CS(=O)(=O)c1cc(c2cccs2)c3c(c1)c4CCC(CC(=O)O)c4n3Cc5ccc(Cl)cc5,CHEMBL207689,Ki,8.35
9063414,CS(=O)(=O)c1cc(Br)c2c(c1)c3CCC(CC(=O)O)c3n2Cc4ccc5sc(Cl)c(Cl)c5n4,CHEMBL210744,Ki,8.36
7741570,CN(C)S(=O)(=O)c1cc(Br)c2c(c1)c3CCC(CC(=O)O)c3n2Cc4ccc(Cl)cc4,CHEMBL207451,Ki,8.39
9063427,CS(=O)(=O)c1cc(Br)c2c(c1)c3CCC(CC(=O)O)c3n2Cc4cccc(OC(F)(F)F)c4,CHEMBL209033,Ki,8.39
9063438,CC[S+]([O-])c1cccc2c3CCCC(CC(=O)O)c3n(Cc4ccc(Cl)cc4)c12,CHEMBL379491,Ki,8.4
7742169,CS(=O)(=O)c1ccnc2c1c(Sc3ccc(Cl)cc3)c4C(CC(=O)O)CCCn24,CHEMBL484525,Ki,8.4
9063451,OC(=O)CC1CCCc2c1n(Cc3ccc(Cl)cc3)c4c(cccc24)[S+]([O-])Cc5ccccc5,CHEMBL208083,Ki,8.41
7742527,CS(=O)(=O)c1ccnc2c1c(Sc3ccc(F)cc3Cl)c4C(CC(=O)O)CCCn24,CHEMBL484130,Ki,8.43
7741791,CS(=O)(=O)c1ccnc2c1c(Sc3ccc(cc3)C(F)(F)F)c4C(CC(=O)O)CCCn24,CHEMBL520481,Ki,8.43
9063466,CS(=O)(=O)c1cc(C=C)c2c(c1)c3CCC(CC(=O)O)c3n2Cc4ccc(Cl)cc4,CHEMBL377055,Ki,8.44
8313591,CN1C[C@@H](COc2ccc(cc2)C(=O)n3c(C)cc4c(CC(=O)O)cccc34)Oc5ccccc15,CHEMBL364841,Ki,8.46
9063479,CS(=O)(=O)c1cc(Br)c2c(c1)c3CCC(CC(=O)O)c3n2Cc4cccc(Cl)c4,CHEMBL210615,Ki,8.46
7742257,CS(=O)(=O)c1ccnc2c1c(Sc3ccc(Br)cc3)c4C(CC(=O)O)CCCn24,CHEMBL483939,Ki,8.48
9063492,CCCCNC(=O)c1ccc(Oc2ccc(cc2OC)C(F)(F)C(=O)O)c(NS(=O)(=O)c3ccc(Cl)cc3Cl)c1,CHEMBL1933763,IC50,8.52
8313725,COc1ccc(cc1F)C2=NN(CC3CCc4c(C3)cccc4OCC(=O)O)C(=O)C=C2c5ccccc5,CHEMBL3398219,EC50,8.52
9063505,CS(=O)(=O)c1cc(C2CCCCC2)c3c(c1)c4CCC(CC(=O)O)c4n3Cc5ccc(Cl)cc5,CHEMBL207916,Ki,8.55
9063516,C[S+]([O-])c1cccc2c3CCCC(CC(=O)O)c3n(Cc4ccc(Cl)cc4)c12,CHEMBL383224,Ki,8.55
9063529,CC(=O)c1cc(cc2c3CC[C@H](CC(=O)O)c3n(Cc4ccc(Cl)cc4)c12)S(=O)(=O)C,CHEMBL383484,Ki,8.59
7743987,OC(=O)CC1CCCc2c1n(Cc3ccc(Cl)cc3)c4c(Br)cccc24,CHEMBL378125,Ki,8.59
9063542,OC(=O)CC1CCCn2c1c(Sc3ccc(Cl)c(Cl)c3)c4c(nccc24)C5CC5,CHEMBL519803,Ki,8.6
7742998,CC(C)c1ccnc2c1c(Sc3ccc(Cl)c(Cl)c3)c4C(CC(=O)O)CCCn24,CHEMBL521290,Ki,8.64
9063555,CC1(C)[C@H]2C[C@H](C\C=C\CCCC(=O)O)[C@@H](NC(=O)c3csc4cc(O)ccc34)[C@@H]1C2,CHEMBL84452,IC50,8.66
9063566,CS(=O)(=O)c1nccc2c1c(Sc3ccc(Cl)cc3)c4C(CC(=O)O)CCn24,CHEMBL514802,Ki,8.68
9063577,CC1(C)[C@H]2C[C@H](C\C=C\CCCC(=O)O)[C@@H](NC(=O)c3csc4ccc(O)cc34)[C@@H]1C2,CHEMBL311790,IC50,8.72
7743574,CS(=O)(=O)c1cccc2c3CCCC(CC(=O)O)c3n(Cc4ccc(Cl)cc4)c12,CHEMBL210471,Ki,8.72
7742761,CS(=O)(=O)c1ccnc2c1c(Sc3cccc(Cl)c3Cl)c4C(CC(=O)O)CCCn24,CHEMBL484327,Ki,8.72
9063592,CC(O)c1cc(cc2c3CC[C@H](CC(=O)O)c3n(Cc4ccc(Cl)cc4)c12)S(=O)(=O)C,CHEMBL207203,Ki,8.75
7743769,CS(=O)(=O)c1ccnc2c1c(Sc3ccc(Cl)cc3Cl)c4C(CC(=O)O)CCCn24,CHEMBL482547,Ki,8.75
7741999,C[S+]([O-])c1cccc2c3CCC[C@H](CC(=O)O)c3n(Cc4ccc(Cl)cc4)c12,CHEMBL210356,Ki,8.75
7743266,CC(C)c1cccc2c3CCCC(CC(=O)O)c3n(Cc4ccc(Cl)cc4)c12,CHEMBL267820,Ki,8.77
8313768,COc1ccc(cc1)C2=NN(CC3CCc4c(C3)cccc4OCC(=O)O)C(=O)C=C2c5ccccc5,CHEMBL3398215,EC50,8.77
9063611,CS(=O)(=O)c1cc(Br)c2c(c1)c3CCC(CC(=O)O)c3n2Cc4ccc(Cl)cc4,CHEMBL206040,Ki,8.77
9063622,C[S+]([O-])c1cccc2c3CCC[C@H](CC(=O)O)c3n(Cc4ccc(Cl)cc4)c12,CHEMBL210707,Ki,8.77
7742097,CS(=O)(=O)c1ccnc2c1c(Sc3cccc4ccccc34)c5C(CC(=O)O)CCCn25,CHEMBL519862,Ki,8.8
7744240,OC(=O)C[C@H]1CCc2c1n(Cc3ccc(Cl)cc3)c4c(Br)cc(F)cc24,CHEMBL426387,Ki,8.82
9063639,CS(=O)(=O)c1nccc2c1c(Sc3ccc(Cl)c(Cl)c3)c4C(CC(=O)O)CCn24,CHEMBL506909,Ki,8.85
9063650,CC1(C)[C@H]2C[C@H](C\C=C/CCCC(=O)O)[C@@H](NC(=O)c3csc4cc(O)ccc34)[C@@H]1C2,CHEMBL119810,IC50,8.89
7742580,CS(=O)(=O)c1ccnc2c1c(Sc3ccc(Cl)c(Cl)c3)c4C(CC(=O)O)CCCn24,CHEMBL520480,Ki,8.89
9063663,CS(=O)(=O)c1nccc2c1c(Sc3ccc(Cl)c(Cl)c3)c4C(CC(=O)O)CCCn24,CHEMBL474502,Ki,8.89
9063674,CC(C)c1nccc2c1c(Sc3c(Cl)cccc3Cl)c4C(CC(=O)O)CCn24,CHEMBL484404,Ki,8.92
9063685,CCCc1nccc2c1c(Sc3ccc(Cl)c(Cl)c3)c4C(CC(=O)O)CCCn24,CHEMBL518987,Ki,8.94
9063696,CC(=O)c1cc(F)cc2c3CCC(CC(=O)O)c3n(Cc4ccc(Cl)cc4)c12,CHEMBL518461,Ki,8.96
7742963,CC(=O)c1cc(F)cc2c3CC[C@H](CC(=O)O)c3n(Cc4ccc(Cl)cc4)c12,CHEMBL385126,Ki,8.96
9063709,CCc1nccc2c1c(Sc3ccc(Cl)c(Cl)c3)c4C(CC(=O)O)CCCn24,CHEMBL521122,Ki,9.0
9063720,CS(=O)(=O)c1cc(Br)c2c(c1)c3CCC(CC(=O)O)c3n2Cc4ccc5ccc(Cl)cc5n4,CHEMBL207201,Ki,9.0
7743932,CSc1cccc2c3CCCC(CC(=O)O)c3n(Cc4ccc(Cl)cc4)c12,CHEMBL377072,Ki,9.0
9063733,OC(=O)CC1CCCn2c1c(Sc3ccc(Cl)c(Cl)c3)c4c(CC5CC5)nccc24,CHEMBL483152,Ki,9.0
9063744,OC(=O)CC1CCn2c1c(Sc3ccc(Cl)c(Cl)c3)c4c(nccc24)c5ccccc5,CHEMBL514964,Ki,9.0
9063755,CCc1nccc2c1c(Sc3ccc(Cl)c(Cl)c3)c4C(CC(=O)O)CCn24,CHEMBL482550,Ki,9.04
7743386,CC(C)c1ccnc2c1c(Sc3ccc(Cl)cc3)c4C(CC(=O)O)CCCn24,CHEMBL509685,Ki,9.06
9063768,CC(C)c1nccc2c1c(Sc3ccc(Cl)c(Cl)c3)c4C(CC(=O)O)CCCn24,CHEMBL518988,Ki,9.06
9063779,OC(=O)CC1CCn2c1c(Sc3ccc(Cl)c(Cl)c3)c4c(nccc24)C5CC5,CHEMBL482744,Ki,9.1
9063790,OC(=O)CC1CCn2c1c(Sc3ccc(Cl)c(Cl)c3)c4c(CC5CC5)nccc24,CHEMBL483154,Ki,9.13
9063801,CC(C)c1nccc2c1c(Sc3ccc(Cl)cc3)c4C(CC(=O)O)CCn24,CHEMBL483346,Ki,9.15
9063812,CC(C)c1nccc2c1c(Sc3ccc(cc3)C(F)(F)F)c4C(CC(=O)O)CCn24,CHEMBL484777,Ki,9.17
9063823,CC(C)c1nccc2c1c(Sc3ccc(Cl)c(Cl)c3)c4[C@H](CC(=O)O)CCn24,CHEMBL484778,Ki,9.19
9063834,CC(C)c1nccc2c1c(Sc3ccc(Cl)c(Cl)c3)c4C(CC(=O)O)CCn24,CHEMBL483159,Ki,9.28
9063845,CC1(C)[C@H]2C[C@H](C\C=C\CCCC(=O)O)[C@@H](NC(=O)c3csc4ccc(F)cc34)[C@@H]1C2,CHEMBL79943,IC50,9.38
7741606,CC1(C)[C@H]2C[C@H](C\C=C/CCCC(=O)O)[C@@H](NC(=O)c3csc4ccc(O)cc34)[C@@H]1C2,CHEMBL116837,IC50,9.4
9063858,CC(C)c1nccc2c1c(Sc3cc(Cl)c(Cl)cc3Cl)c4C(CC(=O)O)CCn24,CHEMBL520007,Ki,9.41
9063869,CC(C)c1nccc2c1c(Sc3ccc(Cl)cc3Cl)c4C(CC(=O)O)CCn24,CHEMBL484779,Ki,9.41
9063880,CC(C)c1nccc2c1c(Sc3ccc(Cl)c(Cl)c3)c4[C@@H](CC(=O)O)CCn24,CHEMBL483991,Ki,9.5
9063891,CC1(C)[C@H]2C[C@H](C\C=C/CCCC(=O)O)[C@@H](NC(=O)c3csc4ccc(F)cc34)[C@@H]1C2,CHEMBL116836,IC50,9.57
