id,smiles,name,assay_type,activity_value
278348,CCCCC[C@H](O)\C=C\[C@H]1[C@H](O)CC(=O)[C@@H]1CCCCCCC(O)=O,alprostadil,EC50,6.8
8020680,[H][C@]12C[C@@H](O)[C@H](\C=C\[C@@H](O)CCCCC)[C@@]1([H])C\C(O2)=C\CCCC(O)=O,epoprostenol,Ki,4.80000019
278360,CCCCC[C@H](O)\C=C\[C@H]1[C@H](O)CC(=O)[C@@H]1C\C=C/CCCC(O)=O,dinoprostone,Ki,8.04
8020704,CCCC[C@H](C)C[C@H](O)\C=C\[C@H]1[C@H](O)CC(=O)[C@@H]1CCCC\C=C\C(O)=O,limaprost,N/A,N/A
8020714,CC(C)c1oc2c(Cn3nc(cc3C)C(=O)NN4CCCCC4)cc(Cl)cc2c1,CHEMBL1915250,IC50,7.0
8020725,CCOc1ccc2c(nn(c3nc(cs3)C(=O)O)c2c1)c4ccccc4,CHEMBL3127160,IC50,7.0
8020736,CCc1ccc(c2cc(Cl)ccc2OCc3ccccc3)n1c4cccc(c4)C(=O)O,CHEMBL379143,IC50,7.0
8020747,COc1ccc(COc2ccccc2C3=C(CCC3)c4cccc(c4)C(=O)O)cc1,CHEMBL233858,IC50,7.0
8020758,Cc1c(nn(c1c2ccc(F)cc2)c3nc(cs3)C(=O)O)c4ccccc4,CHEMBL3092141,IC50,7.0
8020769,Cc1cc(NC(=O)C2CCNCC2)nn1Cc3cc(Cl)cc4cc(oc34)c5ccccc5,CHEMBL1915258,IC50,7.0
8020780,Cc1ccc(c2cc(Br)ccc2OCc3c(F)cccc3C(F)(F)F)n1c4cccc(c4)C(=O)O,CHEMBL208891,IC50,7.0
8020791,Cc1ccc(c2cc(Br)ccc2OCc3ccc(Cl)c(Cl)c3)n1c4cccc(c4)C(=O)O,CHEMBL378464,IC50,7.0
8020802,Cl.CC(C)COc1ccc(Cl)cc1Cn2nc(NC(=O)c3ccc(CN(C)C)cc3)cc2C,CHEMBL481519,IC50,7.0
8020813,Cl.CC(C)COc1ccc(Cl)cc1Cn2nc(NC(=O)c3ccc(cc3)C4CCCN4)cc2C,CHEMBL494466,IC50,7.0
8020824,Cl.CC(C)COc1ccc(Cl)cc1Cn2nc(NC(=O)c3ccc4CN(CCc4c3)C(C)C)cc2C,CHEMBL492840,IC50,7.0
8020835,Cl.CCNCc1ccc(cc1)C(=O)Nc2cc(C)n(Cc3cc(Cl)ccc3OCC(C)C)n2,CHEMBL481870,IC50,7.0
8020846,O=C(NCCc1cccs1)NS(=O)(=O)c2ccccc2c3ccc(CN4C(=O)c5ccccc5CCc6ccccc46)cc3,CHEMBL328697,Ki,7.0
8020857,OC(=O)c1cccc(c1)C2=C(CCC2)c3cc(Br)ccc3OCc4ccc(Cl)c(Cl)c4,CHEMBL234069,IC50,7.0
8020868,OC(=O)c1cccc(c1)C2=C(CCC2)c3cc(ccc3OCc4ccccc4)C#N,CHEMBL234924,IC50,7.0
8020879,OC(=O)c1cccc(c1)c2ncccc2c3cc(Cl)ccc3OCc4ccccc4,CHEMBL206096,IC50,7.0
8020890,OC(=O)c1cccc(c1)n2c(ccc2C(F)(F)F)c3cc(Cl)ccc3OCc4ccc(F)cc4F,CHEMBL208660,IC50,7.0
8020901,[Na+].CC(C)C(=O)c1cn(c2nc(cs2)C(=O)[O-])c3cc(Cl)ccc13,CHEMBL404309,IC50,7.0
8020912,[Na+].CC(C)Cc1cn(c2ncc(s2)C(=O)[O-])c3cc(Cl)ccc13,CHEMBL401698,IC50,7.0
8020923,[Na+].CCCCOc1ccc(Cl)cc1c2ccccc2c3cccc(n3)C(=O)[O-],CHEMBL499155,IC50,7.0
8020934,[Na+].Cc1cccc(c2cc(Cl)ccc2OCc3ccccc3)c1c4cccc(c4)C(=O)[O-],CHEMBL458008,IC50,7.0
8020945,[Na+].[O-]C(=O)c1cccc(Cc2cc(Cl)ccc2OCC3CCCCC3)n1,CHEMBL468723,IC50,7.0
8020956,[Na+].[O-]C(=O)c1cccc(Cc2cc(Cl)ccc2OCc3ccc(F)cc3)n1,CHEMBL511733,IC50,7.0
8020967,O[C@@H]1C[C@@H]2O[C@H](CC[C@@H]2[C@H]1CCOc3ccccc3)c4nc(cs4)C(=O)O,CHEMBL3806130,EC50,7.01
8020978,CC#CCC1(CCC1)[C@H](O)\C=C\[C@H]2COC(=O)N2CCSc3nc(cs3)C(=O)O,CHEMBL3753268,Ki,7.05
8020989,OC(=O)c1cncc(c1)c2sccc2c3cc(Cl)ccc3OCc4ccccc4,CHEMBL184947,Ki,7.05
8021000,Cc1c(nn(c2nc(cs2)C(=O)O)c1C(F)(F)F)c3ccccc3,CHEMBL2442494,IC50,7.08
8021011,O=C(CCc1ccccc1c2ccccc2CSCCc3ccccc3)NS(=O)(=O)c4cccs4,CHEMBL431612,Ki,7.08
8021022,CCc1ccc(c2cc(Br)ccc2OCc3ccccc3)n1c4cccc(c4)C(=O)O,CHEMBL379155,IC50,7.1
8021033,CCc1ccccc1N(CC(=O)NCc2cccc(OC)c2)S(=O)(=O)c3ccc(C)cc3,CHEMBL240247,Ki,7.1
8021044,CS(=O)(=O)c1ccc(OCc2ccc(F)cc2)c(c1)C3=C(CCC3)c4cccc(c4)C(=O)O,CHEMBL395311,IC50,7.1
8021055,CS(=O)(=O)c1ccc(OCc2ccccc2)c(c1)C3=C(CCC3)c4cccc(c4)C(=O)O,CHEMBL265086,IC50,7.1
8021066,Cc1c(nn(c1c2ccsc2)c3nc(cs3)C(=O)O)c4ccccc4,CHEMBL3092135,IC50,7.1
8021077,Cc1ccc(OCc2ccc(F)cc2)c(c1)c3ccc(C)n3c4cc(C(=O)O)c5ccccc5c4,CHEMBL269514,IC50,7.1
8021088,Cc1ccc(c2cc(Br)ccc2OCc3cccc(OC(F)F)c3)n1c4cccc(c4)C(=O)O,CHEMBL210994,IC50,7.1
8021099,Cc1ccc(c2cc(Cl)ccc2OCc3ccccc3)n1c4cccc(c4)S(=O)(=O)NC(=O)c5ccccc5,CHEMBL394173,IC50,7.1
8021110,Cc1ccc(cc1)S(=O)(=O)N(Cc2oc(Cc3ccccc3Cl)nn2)c4cccc(Cl)c4C,CHEMBL232531,IC50,7.1
8021121,Cl.CC(C)COc1ccc(Cl)cc1Cn2nc(NC(=O)c3ccc4CCNCCc4c3)cc2C,CHEMBL495090,IC50,7.1
8021132,OC(=O)c1ccc(F)c(c1)c2ccccc2c3ccccc3OCc4ccccc4,CHEMBL459091,IC50,7.1
8021143,OC(=O)c1cccc(c1)C2=C(COC2=O)c3cc(Cl)ccc3OCc4ccccc4,CHEMBL208030,IC50,7.1
8021154,OC(=O)c1cccc(c1)c2ccncc2c3cc(Cl)ccc3OCc4ccccc4,CHEMBL209244,IC50,7.1
8021165,OC(=O)c1cccc(c1)n2nccc2c3cc(Cl)ccc3OCc4ccccc4,CHEMBL380667,IC50,7.1
8021176,OC(=O)c1csc(n1)n2nc(C3=CCCC3)c4ccccc24,CHEMBL3127169,IC50,7.1
8021187,OC(=O)c1csc(n1)n2nc(c3ccccc3)c4cc(F)ccc24,CHEMBL3127155,IC50,7.1
8021198,[Na+].[O-]C(=O)c1cccc(Cc2cc(Cl)ccc2OCc3c(F)cc(F)cc3F)n1,CHEMBL466102,IC50,7.1
8021209,[Na+].[O-]C(=O)c1cccc(Cc2cc(Cl)ccc2OCc3ccccc3F)n1,CHEMBL508276,IC50,7.1
8021220,[Na+].[O-]C(=O)c1ccn(Cc2cc(Cl)ccc2OCc3ccccc3)n1,CHEMBL403460,IC50,7.1
8021231,Clc1ccc(OCc2ccccc2)c(c1)c3ccsc3c4cccc(NS(=O)(=O)Cc5ccccc5)c4,CHEMBL182662,Ki,7.14
7741584,OC(=O)c1cccc(c1)c2sccc2c3cc(Cl)ccc3OCc4ccccc4,CHEMBL362543,Ki,7.16
8021244,CC(=O)Nc1cccc(c1)n2c(C)ccc2c3cc(Cl)ccc3OCc4ccccc4,CHEMBL233361,IC50,7.2
8021255,CC(C)c1oc2c(Cn3nc(cc3C)C(=O)NC4CCOCC4)cc(Cl)cc2c1,CHEMBL1915247,IC50,7.2
8021266,CC1=CC(=O)Nc2cc(ccc12)n3c(C)ccc3c4cc(Cl)ccc4OCc5ccccc5,CHEMBL438126,IC50,7.2
8021277,CCc1ccccc1N(CC(=O)NCc2ccccc2)S(=O)(=O)c3ccc(C)cc3,CHEMBL410957,Ki,7.2
8021288,CCc1ccccc1N(CC(=O)OCc2ccc(OC)cc2)S(=O)(=O)c3ccc(C)cc3,CHEMBL234600,IC50,7.2
8021299,CNCc1ccc(NC(=O)c2cc(C)n(Cc3cc(Cl)cc4cc(oc34)C(C)C)n2)cc1,CHEMBL1915246,IC50,7.2
8021310,COc1ccc(Cc2oc(CN(c3cccc(c3C)C(F)(F)F)S(=O)(=O)c4ccc(C)cc4)nn2)cc1,CHEMBL232160,IC50,7.2
8021321,CSc1ccc(OCc2ccccc2)c(c1)C3=C(CCC3)c4cccc(c4)C(=O)O,CHEMBL234281,IC50,7.2
8021332,Cc1cc(NC(=O)CC2CCNCC2)nn1Cc3cc(Cl)cc4cc(oc34)c5ccccc5,CHEMBL1915257,IC50,7.2
8021343,Cc1cc(nn1Cc2cc(Cl)cc3cc(oc23)C(C)(C)C)C(=O)O,CHEMBL1915016,IC50,7.2
8021354,Cc1ccc(c2cc(Br)ccc2OCc3ccc(F)cc3F)n1c4cccc(c4)c5nc6ccccc6[nH]5,CHEMBL233159,IC50,7.2
8021365,Cc1ccc(c2cc(Cl)ccc2OCc3ccccc3)n1c4ccc(cc4)C(=O)NCc5ccncc5,CHEMBL232537,IC50,7.2
8021376,Cc1ccc(c2cc(Cl)ccc2OCc3ccccc3)n1c4cccc(c4)C(=O)N,CHEMBL393416,IC50,7.2
8021387,Cc1ccc(c2cc(Cl)ccc2OCc3ccccc3)n1c4cccc(c4)C(=O)NCc5cccnc5,CHEMBL233141,IC50,7.2
8021398,Cc1ccc(c2cc(Cl)ccc2OCc3ccccc3)n1c4cccc(c4)C(=O)NCc5ccncc5,CHEMBL233146,IC50,7.2
8021409,Cc1ccc(cc1)S(=O)(=O)N(Cc2oc(Cc3c(Cl)cccc3Cl)nn2)c4cccc(Cl)c4C,CHEMBL232925,IC50,7.2
8021420,Cc1ccc(cc1)S(=O)(=O)N(Cc2oc(Cc3ccc(Cl)cc3Cl)nn2)c4cccc(Cl)c4C,CHEMBL232926,IC50,7.2
8021431,OC(=O)c1cc(F)cc(c1)c2ccccc2c3ccccc3OCc4ccccc4,CHEMBL514425,IC50,7.2
8021442,[Na+].CC(C)Cc1cn(c2cccc(n2)C(=O)[O-])c3cc(Cl)ccc13,CHEMBL254763,IC50,7.2
8021453,[Na+].[O-]C(=O)c1cccc(n1)c2ccccc2c3cc(Cl)ccc3OCc4ccc(F)cc4Cl,CHEMBL512617,IC50,7.2
8021464,Nc1c(nn(c1c2ccccc2)c3nc(cs3)C(=O)O)c4ccccc4,CHEMBL3092130,IC50,7.22
8021475,OC(=O)c1csc(n1)n2nc(c(Cl)c2c3ccccc3)c4ccccc4,CHEMBL3092152,IC50,7.22
8021486,OC(=O)c1csc(n1)n2nc(c(O)c2c3ccccc3)c4ccccc4,CHEMBL3092155,IC50,7.22
8021497,O=C(Cc1ccccc1)NS(=O)(=O)c2ccccc2c3ccc(CN4C(=O)c5ccccc5CCc6ccccc46)cc3,CHEMBL328067,Ki,7.24
8021508,CC(C)c1oc2c(Cn3nc(cc3C)C(=O)NN4CCOCC4)cc(Cl)cc2c1,CHEMBL1915251,IC50,7.3
8021519,CC(C)c1oc2c(Cn3nc(cc3C)c4nc5ccccc5[nH]4)cc(Cl)cc2c1,CHEMBL1915245,IC50,7.3
8021530,CCN(CC)C(=O)c1ccc(cc1)n2c(C)ccc2c3cc(Br)ccc3OCc4ccc(F)cc4F,CHEMBL234174,IC50,7.3
8021541,CNc1ccc2c(nn(c3nc(cs3)C(=O)O)c2c1)c4ccccc4,CHEMBL3127162,IC50,7.3
8021552,CO[C@@](C(=O)NS(=O)(=O)c1ccccc1c2ccc(CN3C(=O)c4ccccc4CCc5ccccc35)cc2)(c6ccccc6)C(F)(F)F,CHEMBL91537,Ki,7.3
8021563,COc1ccc(COc2ccc(Br)cc2c3ccc(C)n3c4cccc(c4)C(=O)O)cc1,CHEMBL377034,IC50,7.3
8021574,COc1cccc(COc2ccc(Br)cc2c3ccc(C)n3c4cccc(c4)C(=O)O)c1,CHEMBL377134,IC50,7.3
8021585,Cc1c(nn(c1c2cccc(F)c2)c3nc(cs3)C(=O)O)c4ccccc4,CHEMBL3092140,IC50,7.3
8021596,Cc1c(nn(c1c2ccccc2)c3nc(cs3)C(=O)O)c4ccccc4,CHEMBL2442495,IC50,7.3
8021607,Cc1cc(nn1Cc2cc(Cl)cc3cc(oc23)C4CC4)C(=O)O,CHEMBL1915013,IC50,7.3
8021618,Cc1ccc(c2cc(Cl)ccc2OCc3ccccc3)n1c4cccc(c4)C(=O)NCc5ccccn5,CHEMBL399800,IC50,7.3
8021629,Cc1ccc(cc1)S(=O)(=O)N(Cc2oc(Cc3ccc(cc3)C(F)(F)F)nn2)c4cccc(Cl)c4C,CHEMBL232389,IC50,7.3
8021640,Cl.CC(C)CNC(C)c1ccc(cc1)C(=O)Nc2cc(C)n(Cc3cc(Cl)ccc3OCC(C)C)n2,CHEMBL494268,IC50,7.3
8021651,Cl.CC(C)COc1ccc(Cl)cc1Cn2nc(NC(=O)c3ccc(CN4CCCC4)cc3)cc2C,CHEMBL481689,IC50,7.3
8021662,Cl.CC(C)COc1ccc(Cl)cc1Cn2nc(NC(=O)c3ccc(CN4CCOCC4)cc3)cc2C,CHEMBL521988,IC50,7.3
8021673,Cl.CC(C)COc1ccc(Cl)cc1Cn2nc(NC(=O)c3ccc(cc3)C(C)N4CCCC4)cc2C,CHEMBL494269,IC50,7.3
8021684,Cl.CCN1CCc2ccc(cc2CC1)C(=O)Nc3cc(C)n(Cc4cc(Cl)ccc4OCC(C)C)n3,CHEMBL495091,IC50,7.3
8021695,OC(=O)c1cccc(c1)C2=C(CCC2)c3ccccc3OCc4ccc(Cl)cc4F,CHEMBL388655,IC50,7.3
8021707,OC(=O)c1cccc(c1)c2ccccc2c3cc(Cl)ccc3OCc4ccccc4,CHEMBL207174,IC50,7.3
8021718,[Na+].CC(C)Cc1cn(c2ccc(s2)C(=O)[O-])c3cc(Cl)ccc13,CHEMBL402608,IC50,7.3
8021729,[Na+].[O-]C(=O)Cc1csc(n1)c2cc(Cl)ccc2OCc3ccccc3,CHEMBL404760,IC50,7.3
8021740,[Na+].[O-]C(=O)c1ccc(Cc2cc(Cl)ccc2OCc3ccccc3)s1,CHEMBL408367,IC50,7.3
8021751,[Na+].[O-]C(=O)c1cccc(n1)c2ccccc2c3cc(Cl)ccc3OCc4ccc(Br)cc4F,CHEMBL467578,IC50,7.3
8021762,O=C(CCc1ccccc1)NS(=O)(=O)c2ccccc2c3ccc(CN4C(=O)c5ccccc5CCc6ccccc46)cc3,CHEMBL90227,Ki,7.33
8021773,CC(C)COc1ccc(Cl)cc1Cc2cccc(n2)C(=O)O,CHEMBL403329,IC50,7.4
8021784,COc1ccc(COc2ccc(Br)cc2C3=C(CCC3)c4cccc(c4)C(=O)O)cc1,CHEMBL234280,IC50,7.4
8021795,COc1ccc(Nc2oc(CN(c3cccc(Cl)c3Cl)S(=O)(=O)c4ccc(C)cc4)nn2)cc1,CHEMBL391270,IC50,7.4
8022038,C[C@@H](NC(=O)c1cccc(c1)n2c(C)ccc2c3cc(Cl)ccc3OCc4ccccc4)c5ccccc5,CHEMBL391931,IC50,7.4
8022049,Cc1cc(NC(=O)C2(F)CCNCC2)nn1Cc3cc(Cl)cc4cc(oc34)c5ccccc5,CHEMBL1915259,IC50,7.4
8022060,Cc1cc(nn1Cc2cc(Cl)ccc2OCc3ccccc3)C(=O)Nc4ccccc4,CHEMBL404698,IC50,7.4
8022071,Cc1ccc(c2cc(Br)ccc2OCC3CCCCC3)n1c4cccc(c4)C(=O)O,CHEMBL210987,IC50,7.4
8022082,Cc1ccc(c2cc(Br)ccc2OCc3ccc(F)cc3F)n1c4ccc(cc4)c5cnc[nH]5,CHEMBL233565,IC50,7.4
8022093,Cc1ccc(c2cc(Br)ccc2OCc3ccc(cc3)C(F)(F)F)n1c4cccc(c4)C(=O)O,CHEMBL379514,IC50,7.4
8022104,Cc1ccc(c2cc(Cl)ccc2OCC3CCCO3)n1c4cccc(c4)C(=O)O,CHEMBL378090,IC50,7.4
8022115,Cc1ccc(c2cc(Cl)ccc2OCC3CCOCC3)n1c4cccc(c4)C(=O)O,CHEMBL212680,IC50,7.4
8022126,Cc1ccc(c2cc(Cl)ccc2OCc3ccccc3)n1c4ccc5[nH]ncc5c4,CHEMBL392047,IC50,7.4
8022137,Cc1ccc(c2cc(Cl)ccc2OCc3ccccc3)n1c4ccc5cn[nH]c5c4,CHEMBL234181,IC50,7.4
8022148,Cc1oc(nn1)c2cccc(c2)n3c(C)ccc3c4cc(Br)ccc4OCc5ccc(F)cc5F,CHEMBL233160,IC50,7.4
8022159,Cl.CC(C)COc1ccc(Cl)cc1Cn2nc(NC(=O)c3ccc(CN4CCCCC4)cc3)cc2C,CHEMBL492829,IC50,7.4
8022170,Cl.CC(C)COc1ccc(Cl)cc1Cn2nc(NC(=O)c3ccc4CNCCc4c3)cc2C,CHEMBL493254,IC50,7.4
8022181,OC(=O)c1cc(ccn1)C2=C(CCC2)c3cc(ccc3OCc4ccccc4)C(F)(F)F,CHEMBL234290,IC50,7.4
8022192,OC(=O)c1cc(cnn1)C2=C(CCC2)c3cc(Cl)ccc3OCc4ccccc4,CHEMBL233044,IC50,7.4
8022203,OC(=O)c1cccc(c1)C2=C(CCC2)c3cc(ccc3OCc4ccc(F)cc4F)C#N,CHEMBL397957,IC50,7.4
8022214,OC(=O)c1csc(n1)n2nc(c3Cc4ccccc4c23)c5ccccc5,CHEMBL3092131,IC50,7.4
8022225,[Na+].CC(C)COc1ccc(Cl)cc1Cc2cccc(n2)C(=O)[O-],CHEMBL257998,IC50,7.4
8022236,[Na+].CC(C)Cc1c(C)n(c2nc(cs2)C(=O)[O-])c3cc(Cl)ccc13,CHEMBL403082,IC50,7.4
8022247,[Na+].CC(C)Cc1cn(c2nc(cs2)C(=O)[O-])c3cc(F)ccc13,CHEMBL257135,IC50,7.4
8022258,[Na+].CC(C)Cc1cn(c2nc(cs2)C(=O)[O-])c3ccc(Cl)cc13,CHEMBL256334,IC50,7.4
8022269,[Na+].CC(C)c1cn(c2nc(cs2)C(=O)[O-])c3cc(Cl)ccc13,CHEMBL403890,IC50,7.4
8022280,[Na+].[O-]C(=O)c1cccc(Cc2cc(Cl)ccc2OCc3ccc(Cl)cc3)n1,CHEMBL467113,IC50,7.4
8022291,[Na+].[O-]C(=O)c1cccc(Cc2cc(Cl)ccc2OCc3ccccc3Cl)n1,CHEMBL466103,IC50,7.4
8022302,[Na+].[O-]C(=O)c1cccc(n1)c2ccccc2c3cc(Cl)ccc3OCc4ccccc4F,CHEMBL459537,IC50,7.4
8022313,[Na+].[O-]C(=O)c1csc(Cc2cc(Cl)ccc2OCc3ccccc3)c1,CHEMBL256674,IC50,7.4
8022324,OC(=O)c1csc(n1)n2nc(c3ccccc3)c4ccncc24,CHEMBL3127152,IC50,7.41
8022335,Cc1cc(nn1Cc2cc(Br)ccc2OCc3ccc(cc3)C(F)(F)F)C(=O)O,CHEMBL215956,IC50,7.45
8022346,CC1CCN(CC1)c2nn(c3nc(cs3)C(=O)O)c4ccccc24,CHEMBL3127174,IC50,7.5
8022357,COc1ccc(Nc2oc(CN(c3cccc(Cl)c3C)S(=O)(=O)c4ccc(C)cc4)nn2)cc1,CHEMBL233545,IC50,7.5
8022368,CSc1ccc(OCc2ccc(F)cc2)c(c1)C3=C(CCC3)c4cccc(c4)C(=O)O,CHEMBL389596,IC50,7.5
8022379,Cc1ccc(c2cc(Br)ccc2OCc3ccccc3)n1c4ccc(cc4)S(=O)(=O)C,CHEMBL232931,IC50,7.5
8022390,Cc1ccc(c2cc(ccc2OCC3CCCCC3)C(F)(F)F)n1c4cccc(c4)C(=O)O,CHEMBL378226,IC50,7.5
8022401,Cl.CC(C)COc1ccc(Cl)cc1Cn2nc(cc2C)C(=O)Nc3ccc(CO)cc3,CHEMBL495294,IC50,7.5
8022412,[Na+].CC(C)(C)Cc1cn(c2nc(cs2)C(=O)[O-])c3cc(Cl)ccc13,CHEMBL254764,IC50,7.5
8022423,[Na+].CCCc1cn(c2nc(cs2)C(=O)[O-])c3cc(Cl)ccc13,CHEMBL255880,IC50,7.5
8022434,[Na+].[O-]C(=O)c1cccc(Cc2cc(Cl)ccc2OCC3CCCC3)n1,CHEMBL511252,IC50,7.5
8022445,OC(=O)c1csc(n1)n2nc(c(F)c2c3ccccc3)c4ccccc4,CHEMBL3092151,IC50,7.52
8022456,OC(=O)c1csc(n1)n2nc(c3ccsc3)c4ccccc24,CHEMBL3127171,IC50,7.52
8022467,CCCc1oc2c(Cn3nc(cc3C)C(=O)O)cc(Cl)cc2c1,CHEMBL1915014,IC50,7.6
8022478,CCc1ccccc1N(CC(=O)NCc2ccc(OC)c(OC)c2)S(=O)(=O)c3ccc(C)cc3,CHEMBL238754,Ki,7.6
8022489,CCc1ccccc1N(CC(=O)NCc2ccc(OC)cc2)S(=O)(=O)c3ccc(C)cc3,CHEMBL234398,Ki,7.6
8022500,CCc1ccccc1N(Cc2oc(COc3ccc(OC)cc3)nn2)S(=O)(=O)c4ccc(C)cc4,CHEMBL233155,IC50,7.6
8022511,Cc1cc(NC(=O)C2CCN(CC(F)(F)F)CC2)nn1Cc3cc(Cl)cc4cc(oc34)c5ccccc5,CHEMBL1915260,IC50,7.6
8022522,Cc1cc(nn1Cc2cc(Cl)cc3cc(oc23)c4ccccc4)C(=O)NCC(O)C(F)(F)F,CHEMBL1915263,IC50,7.6
8022533,Cc1ccc(c2cc(Br)ccc2OCc3ccc(F)cc3F)n1c4cccc(c4)C(O)(C(F)(F)F)C(F)(F)F,CHEMBL232544,IC50,7.6
8022544,Cc1ccc(c2cc(Cl)ccc2OCC3CCCC3)n1c4cccc(c4)C(=O)O,CHEMBL380197,IC50,7.6
8022555,Cc1ccc(c2cc(Cl)ccc2OCc3ccccc3)n1c4ccc(cc4)C(=O)NCc5ccccc5,CHEMBL234176,IC50,7.6
8022566,Cc1ccc(c2cc(Cl)ccc2OCc3ccccc3)n1c4ccc5nn[nH]c5c4,CHEMBL233975,IC50,7.6
8022577,Cc1ccc(c2cc(Cl)ccc2OCc3ccccc3)n1c4cccc(c4)C(=O)NCc5ccccc5,CHEMBL233140,IC50,7.6
8022588,Cc1ccc(c2cc(F)ccc2OCc3ccc(F)cc3)n1c4cc(C(=O)O)c5ccccc5c4,CHEMBL397226,IC50,7.6
8022599,Cc1ccc(c2cc(ccc2OCc3ccccc3)S(=O)(=O)C)n1c4cccc(c4)C(=O)O,CHEMBL212742,IC50,7.6
8022610,Cc1onc(COc2ccc(Br)cc2c3ccc(C)n3c4cccc(c4)C(=O)O)c1,CHEMBL209746,IC50,7.6
8022621,Cl.CC(C)COc1ccc(Cl)cc1Cn2nc(NC(=O)c3ccccc3CO)cc2C,CHEMBL480002,IC50,7.6
8022632,Cl.CC(C)COc1ccc(Cl)cc1Cn2nc(cc2C)C(=O)Nc3ccc(CNCCO)cc3,CHEMBL495107,IC50,7.6
8022643,OC(=O)c1cccc(c1)C2=C(CCC2)c3ccccc3OCc4ccc(F)cc4F,CHEMBL233230,IC50,7.6
8022654,OC(=O)c1cccc(c1)n2c(Cl)ccc2c3cc(Cl)ccc3OCc4ccccc4,CHEMBL377338,IC50,7.6
8022665,[Na+].CC(C)Cc1cn(c2oc(cc2)C(=O)[O-])c3cc(Cl)ccc13,CHEMBL403407,IC50,7.6
8022676,[Na+].[O-]C(=O)c1cccc(Cc2cc(Cl)ccc2OCc3ccc(F)cc3F)n1,CHEMBL466101,IC50,7.6
8022687,[Na+].[O-]C(=O)c1csc(Nc2cc(Cl)ccc2OCc3ccccc3)n1,CHEMBL401768,IC50,7.6
8022698,[Na+].[O-]C(=O)c1nc(Cc2cc(Cl)ccc2OCc3ccccc3)cs1,CHEMBL258057,IC50,7.6
8022709,OC(C#N)c1cncc(c1)c2sccc2c3cc(Cl)ccc3OCc4ccccc4,CHEMBL182623,Ki,7.64
8022720,CNC(=O)c1cccc(c1)n2c(C)ccc2c3cc(Br)ccc3OCc4ccc(F)cc4F,CHEMBL231722,IC50,7.7
8022731,COc1ccc(Cc2oc(CN(c3cccc(Cl)c3Cl)S(=O)(=O)c4ccc(Cl)cc4)nn2)cc1,CHEMBL233134,IC50,7.7
8022742,COc1ccc(NCc2oc(CN(c3cccc(Cl)c3C)S(=O)(=O)c4ccc(C)cc4)nn2)cc1,CHEMBL233356,IC50,7.7
8022753,Cc1cc(nn1Cc2cc(Cl)cc3cc(oc23)c4ccccc4)C(=O)NCC5CCNCC5,CHEMBL1915256,IC50,7.7
8022764,Cc1ccc(c2cc(Cl)ccc2OCc3ccccc3)n1c4ccc(cc4)S(=O)(=O)C,CHEMBL232930,IC50,7.7
8022775,Cc1ccc(c2cc(Cl)ccc2OCc3ccccc3)n1c4ccc(cc4)S(=O)(=O)N,CHEMBL393187,IC50,7.7
8022786,Cc1ccc(c2ccccc2OCc3ccccc3)n1c4cccc(c4)C(=O)O,CHEMBL211776,IC50,7.7
8022797,Cc1ccccc1COc2ccc(Br)cc2c3ccc(C)n3c4cccc(c4)C(=O)O,CHEMBL208797,IC50,7.7
8022808,OC(=O)c1cccc(c1)C2=C(CCC2)c3cc(Br)ccc3OCc4ccc(F)cc4,CHEMBL395284,IC50,7.7
8022819,OC(=O)c1cccc(c1)c2ccccc2c3ccccc3OCc4ccccc4,CHEMBL516787,IC50,7.7
8022830,OC(=O)c1ccccc1c2ccccc2c3cc(Cl)ccc3OCc4ccccc4,CHEMBL456707,IC50,7.7
8022841,OC(=O)c1csc(n1)n2nc(c(Br)c2c3ccccc3)c4ccccc4,CHEMBL3092153,IC50,7.7
8022852,OC(=O)c1csc(n1)n2nc(c3cccc(F)c3)c4ccccc24,CHEMBL3127165,IC50,7.7
8022863,OC(=O)c1csc(n1)n2nc(c3ccccc3)c4oc5ccccc5c24,CHEMBL3092132,IC50,7.7
8022874,OC(=O)c1csc(n1)n2nc3c(CCc4ccccc34)c2c5ccccc5,CHEMBL3092133,IC50,7.7
8022885,[Na+].[O-]C(=O)c1cccc(n1)c2ccccc2c3cc(Cl)ccc3OCc4ccc(Cl)cc4F,CHEMBL467579,IC50,7.7
8022896,[Na+].[O-]C(=O)c1coc(Cc2cc(Cl)ccc2OCc3ccccc3)n1,CHEMBL257464,IC50,7.7
8022907,Nc1ccc2c(nn(c3nc(cs3)C(=O)O)c2c1)c4ccccc4,CHEMBL3127161,IC50,7.72
8022918,CC(C)(Cc1ccccc1)C(=O)NS(=O)(=O)c2ccccc2c3ccc(CN4C(=O)c5ccccc5CCc6ccccc46)cc3,CHEMBL315391,Ki,7.75
8022931,Cc1cc(nn1Cc2cc(Br)ccc2OCc3cccc(Br)c3)C(=O)O,CHEMBL387454,IC50,7.75
8022942,NS(=O)(=O)c1cccc(c1)c2ccsc2c3cc(Cl)ccc3OCc4ccccc4,CHEMBL2113029,Ki,7.75
8022953,CC(NC(=O)c1cccc(c1)c2sccc2c3cc(Cl)ccc3OCc4ccccc4)c5cccnc5,CHEMBL360592,Ki,7.77
8022963,CN(CCc1ccccc1)C(=O)NS(=O)(=O)c2ccccc2c3ccc(CN4C(=O)c5ccccc5CCc6ccccc46)cc3,CHEMBL92539,Ki,7.77
8022974,CC(C(=O)NS(=O)(=O)c1ccccc1c2ccc(CN3C(=O)c4ccccc4CCc5ccccc35)cc2)c6ccccc6,CHEMBL90491,Ki,7.8
8022985,CN(C)C(=O)c1ccc(cc1)n2c(C)ccc2c3cc(Br)ccc3OCc4ccc(F)cc4F,CHEMBL233138,IC50,7.8
8022996,CS(=O)(=O)c1ccc(OCc2ccc(F)cc2F)c(c1)C3=C(CCC3)c4cccc(c4)C(=O)O,CHEMBL234710,IC50,7.8
8023007,CSc1ccc(OCc2ccc(F)cc2F)c(c1)C3=C(CCC3)c4cccc(c4)C(=O)O,CHEMBL234709,IC50,7.8
8023018,Cc1cc(NC(=O)c2ccccc2)nn1Cc3cc(Cl)ccc3OCc4ccccc4,CHEMBL254990,IC50,7.8
8023029,Cc1ccc(OCc2ccc(F)cc2)c(c1)c3ccc(C)n3c4cc(N)c(C)c(c4)C(=O)O,CHEMBL388510,IC50,7.8
8023040,Cc1ccc(OCc2ccc(F)cc2)c(c1)c3ccc(C)n3c4ccc(F)c(c4)C(=O)O,CHEMBL230873,IC50,7.8
8023051,Cc1ccc(c2cc(Br)ccc2OCC3CCCC3)n1c4cccc(c4)C(=O)O,CHEMBL208684,IC50,7.8
8023062,Cc1ccc(c2cc(Br)ccc2OCc3ccc(F)cc3Cl)n1c4cccc(c4)C(=O)O,CHEMBL208882,IC50,7.8
8023073,Cc1ccc(c2cc(Br)ccc2OCc3ccc(F)cc3F)n1c4ccc(cc4)C(=O)NC(C)(C)C,CHEMBL439381,IC50,7.8
8023084,Cc1ccc(c2cc(Br)ccc2OCc3ccc(OC(F)(F)F)cc3)n1c4cccc(c4)C(=O)O,CHEMBL377910,IC50,7.8
8023095,Cl.CC(C)COc1ccc(Cl)cc1Cn2nc(cc2C)C(=O)Nc3ccc(CN(CCO)CCO)cc3,CHEMBL523216,IC50,7.8
8023106,OC(=O)c1csc(n1)n2nc(N3CCCCC3)c4ccccc24,CHEMBL3127173,IC50,7.8
8023117,OC(=O)c1csc(n1)n2nc(c3CCCCc23)c4ccccc4,CHEMBL3127177,IC50,7.8
8023129,[Na+].CC(C)COc1ccc(Cl)cc1c2ccccc2c3cccc(n3)C(=O)[O-],CHEMBL467510,IC50,7.8
8023140,OC(=O)Cc1cccc(c1)c2sccc2c3cc(Cl)ccc3OCc4ccccc4,CHEMBL184779,Ki,7.82
8023151,Cc1cc(nn1Cc2cc(Br)ccc2OCc3c(F)cccc3F)C(=O)O,CHEMBL215573,IC50,7.83
8023162,OC(=O)c1csc(n1)n2nc(c3ccccc3)c4ccc(cc24)C(F)(F)F,CHEMBL3127163,IC50,7.85
8023173,CN(C)c1ccc(Cc2oc(CN(c3cccc(Cl)c3C)S(=O)(=O)c4ccc(C)cc4)nn2)cc1,CHEMBL439559,IC50,7.9
8023184,Cc1ccc(c2cc(Br)ccc2OCc3c(F)cccc3Cl)n1c4cccc(c4)C(=O)O,CHEMBL379753,IC50,7.9
8023195,Cc1ccc(c2cc(Br)ccc2OCc3ccc(F)cc3F)n1c4cc(cc(c4)C(F)(F)F)C(=O)O,CHEMBL388243,IC50,7.9
8023206,Cc1ccc(c2cc(Br)ccc2OCc3ccc(cc3F)C(F)(F)F)n1c4cccc(c4)C(=O)O,CHEMBL212471,IC50,7.9
8023217,Cc1ccc(c2cc(Br)ccc2OCc3ccccc3)n1c4cc(C(=O)O)c5ccccc5c4,CHEMBL390081,IC50,7.9
8023228,Cc1ccc(c2cc(Br)ccc2OCc3ccccc3Cl)n1c4cccc(c4)C(=O)O,CHEMBL380046,IC50,7.9
8023239,Cc1ccc(c2cc(Cl)ccc2OCc3ccccc3)n1c4ccc(cc4)C(=O)NCc5cccnc5,CHEMBL401023,IC50,7.9
8023250,Cc1ccc(c2cc(F)ccc2OCc3ccc(F)cc3)n1c4ccc(F)c(c4)C(=O)O,CHEMBL230874,IC50,7.9
8023261,Cl.CC(C)COc1ccc(Cl)cc1Cn2nc(NC(=O)c3ccc(CO)cc3)cc2C,CHEMBL447709,IC50,7.9
8023272,Cl.CCNCc1ccc(NC(=O)c2cc(C)n(Cc3cc(Cl)ccc3OCc4ccccc4)n2)cc1,CHEMBL480790,IC50,7.9
8023283,Cl.CNCc1ccc(NC(=O)c2cc(C)n(Cc3cc(Cl)ccc3OCc4ccccc4)n2)cc1,CHEMBL480789,IC50,7.9
8023294,Cl.Cc1cc(nn1Cc2cc(Cl)ccc2OCc3ccccc3)C(=O)Nc4ccc(CN5CCCC5)cc4,CHEMBL479989,IC50,7.9
8023305,Cl.Cc1cc(nn1Cc2cc(Cl)ccc2OCc3ccccc3)C(=O)Nc4ccc(CN5CCCCC5)cc4,CHEMBL480181,IC50,7.9
8023316,OC(=O)c1cccc(c1)C2=C(CCC2)c3cc(Br)ccc3OCc4ccc(Cl)cc4,CHEMBL428370,IC50,7.9
8023327,OC(=O)c1cccc(c1)C2=C(CCC2)c3cc(Br)ccc3OCc4ccccc4,CHEMBL397687,IC50,7.9
8023338,OC(=O)c1cccc(c1)C2=C(CCC2)c3cc(Cl)ccc3OCc4ccccc4,CHEMBL207577,IC50,7.9
8023349,[Na+].CC(C)Cc1cn(c2nc(cs2)C(=O)[O-])c3cc(ccc13)C(F)(F)F,CHEMBL402392,IC50,7.9
7743233,[Na+].[O-]C(=O)c1cccc(Cc2cc(Cl)ccc2OCc3ccc(Cl)cc3F)n1,CHEMBL467114,IC50,7.9
8023362,[Na+].[O-]C(=O)c1cccc(Cc2cc(Cl)ccc2OCc3ccc(F)cc3Cl)n1,CHEMBL513491,IC50,7.9
8023373,[Na+].[O-]C(=O)c1cccc(n1)c2ccccc2c3cc(Cl)ccc3OCc4c(F)cc(F)cc4F,CHEMBL466549,IC50,7.9
8023384,CO[C@](C(=O)NS(=O)(=O)c1ccccc1c2ccc(CN3C(=O)c4ccccc4CCc5ccccc35)cc2)(c6ccccc6)C(F)(F)F,CHEMBL415310,Ki,7.92
8023395,OC(=O)c1csc(n1)n2nc(c3ccc(Cl)cc3)c4ccccc24,CHEMBL3127166,IC50,7.92
8023406,CC(=O)Nc1cc(cc(c1)c2ccccc2c3cc(Cl)ccc3OCc4ccccc4)C(=O)O,CHEMBL456495,IC50,8.0
8023417,CC(C)(C(=O)NS(=O)(=O)c1ccccc1c2ccc(CN3C(=O)c4ccccc4CCc5ccccc35)cc2)c6ccccc6,CHEMBL314533,Ki,8.0
8023428,CC(C)C(=O)Nc1cc(cc(c1)c2ccccc2c3cc(Cl)ccc3OCc4ccccc4)C(=O)O,CHEMBL458448,IC50,8.0
8023439,CC(C)NC(=O)c1cc(C)n(Cc2cc(Cl)cc3cc(oc23)c4ccccc4)n1,CHEMBL1915253,IC50,8.0
8023450,CCc1ccccc1N(CC(=O)NCc2ccc(Cl)cc2)S(=O)(=O)c3ccc(C)cc3,CHEMBL240436,Ki,8.0
8023461,CN(C)C(=O)c1cccc(c1)n2c(C)ccc2c3cc(Br)ccc3OCc4ccc(F)cc4F,CHEMBL231723,IC50,8.0
8023472,Cc1cc(nn1Cc2cc(Cl)cc3cc(oc23)c4ccccc4)C(=O)NC(C)(C)C,CHEMBL1915255,IC50,8.0
8023483,Cc1cc(nn1Cc2cc(Cl)cc3cc(oc23)c4ccccc4)C(=O)NN5CCOCC5,CHEMBL1915264,IC50,8.0
8023494,Cc1ccc(c2cc(Br)ccc2OCc3ccc(Cl)cc3)n1c4cccc(c4)C(=O)O,CHEMBL211700,IC50,8.0
8023505,Cc1ccc(c2cc(Br)ccc2OCc3cccc(Cl)c3)n1c4cccc(c4)C(=O)O,CHEMBL210261,IC50,8.0
8023516,Cc1ccc(c2cc(Cl)ccc2OCc3ccc(F)cc3F)n1c4cc(cc(c4)C(F)(F)F)C(=O)O,CHEMBL429259,IC50,8.0
8023527,Cl.Cc1cc(nn1Cc2cc(Cl)ccc2OCc3ccccc3)C(=O)Nc4ccc(CN5CCOCC5)cc4,CHEMBL479591,IC50,8.0
8023538,OC(=O)c1cccc(c1)n2cccc2c3cc(Cl)ccc3OCc4ccccc4,CHEMBL383090,IC50,8.0
8023549,OC(=O)c1cccc(n1)c2ccccc2c3cc(Cl)ccc3OCc4ccccc4,CHEMBL515981,IC50,8.0
8023560,OC(=O)c1cncc(c1)C2=C(CCC2)c3cc(ccc3OCc4ccccc4)C(F)(F)F,CHEMBL233043,IC50,8.0
8023571,[Na+].CC(C)COc1ccc(Cl)cc1Cn2nc(cc2C)C(=O)[O-],CHEMBL270208,IC50,8.0
8023582,[Na+].CC(C)Cc1cn(c2nc(cs2)C(=O)[O-])c3cc(C)ccc13,CHEMBL402656,IC50,8.0
8023593,[Na+].Cc1cc(nn1Cc2cc(Cl)ccc2OCc3ccccc3)C(=O)[O-],CHEMBL404525,IC50,8.0
8023604,[Na+].Cc1cc(oc1Cc2cc(Cl)ccc2OCc3ccccc3)C(=O)[O-],CHEMBL407175,IC50,8.0
8023615,[Na+].[O-]C(=O)c1cccc(Cc2cc(Cl)ccc2OCc3ccc(Cl)cc3Cl)n1,CHEMBL467720,IC50,8.0
8023626,OC(=O)c1ccn(Cc2cc(Br)ccc2OCc3ccccc3)n1,CHEMBL213412,IC50,8.01
8023637,Cc1cc(nn1Cc2cc(Br)ccc2OCc3ccc(Cl)cc3)C(=O)O,CHEMBL215400,IC50,8.06
8023648,CCc1ccccc1N(CC(=O)NCCc2ccc(OC)c(OC)c2)S(=O)(=O)c3ccc(C)cc3,CHEMBL234399,IC50,8.1
8023659,COc1ccc(Cc2oc(CN(c3cccc(Cl)c3Cl)S(=O)(=O)c4ccc(C)cc4)nn2)cc1,CHEMBL399614,IC50,8.1
8023670,COc1ccc(Nc2oc(CN(c3cccc(Cl)c3Cl)S(=O)(=O)c4ccc(cc4)C(F)(F)F)nn2)cc1,CHEMBL232950,IC50,8.1
8023681,Cc1cc(nn1Cc2cc(Cl)cc3cc(oc23)c4ccccc4)C(=O)N[C@@H]5CC[C@@H](O)CC5,CHEMBL1915261,IC50,8.1
8023692,Cc1ccc(c2cc(Br)ccc2OCc3cc(F)ccc3F)n1c4cccc(c4)C(=O)O,CHEMBL209078,IC50,8.1
8023703,Cc1ccc(c2cc(Br)ccc2OCc3ccc(F)cc3F)n1c4ccc(cc4)C(=O)N,CHEMBL232932,IC50,8.1
8023714,Cc1ccc(c2cc(Br)ccc2OCc3ccccc3)n1c4cccc(c4)C(=O)O,CHEMBL377649,IC50,8.1
8023725,Cc1ccc(c2cc(Cl)ccc2OCc3ccccc3)n1c4ccc(cc4)S(=O)(=O)NC(=O)c5ccccc5,CHEMBL232543,IC50,8.1
8023736,Cc1ccc(c2cc(Cl)ccc2OCc3ccccc3)n1c4cccc(c4)C(=O)O,CHEMBL377852,IC50,8.1
8023747,Cc1ccc(c2cc(ccc2OCc3ccc(F)cc3)C(F)(F)F)n1c4cc(cc(c4)C(=O)O)N5CCCS5(=O)=O,CHEMBL388038,IC50,8.1
8023758,Cc1ccc(c2cc(ccc2OCc3ccc(F)cc3)C(F)(F)F)n1c4ccc(F)c(c4)C(=O)O,CHEMBL388478,IC50,8.1
8023769,Cl.CC(C)COc1ccc(Cl)cc1Cn2nc(cc2C)C(=O)Nc3ccc(CN4CCOCC4)cc3,CHEMBL523679,IC50,8.1
8023780,Cl.CCNCc1ccc(NC(=O)c2cc(C)n(Cc3cc(Cl)ccc3OCC(C)C)n2)cc1,CHEMBL523158,IC50,8.1
8023791,Cl.CN(C)Cc1ccc(NC(=O)c2cc(C)n(Cc3cc(Cl)ccc3OCc4ccccc4)n2)cc1,CHEMBL480950,IC50,8.1
8023802,Cl.CNCc1ccc(NC(=O)c2cc(C)n(Cc3cc(Cl)ccc3OCC(C)C)n2)cc1,CHEMBL492237,IC50,8.1
8023813,[Na+].CC(C)COc1ccc(Cl)cc1Cc2nc(cs2)C(=O)[O-],CHEMBL255009,IC50,8.1
8023824,[Na+].CC(C)Cc1cn(c2occ(n2)C(=O)[O-])c3cc(Cl)ccc13,CHEMBL402338,IC50,8.1
8023835,Cc1cc(nn1Cc2cc(Br)ccc2OCc3ccc(F)cc3)C(=O)O,CHEMBL215453,IC50,8.13
8023846,Cc1cc(nn1Cc2cc(Br)ccc2OCc3ccccc3)C(=O)O,CHEMBL213221,IC50,8.19
8023857,CCC(=O)Nc1cc(cc(c1)c2ccccc2c3cc(Cl)ccc3OCc4ccccc4)C(=O)O,CHEMBL456496,IC50,8.2
8023868,CCOc1ccc(Cc2oc(CN(c3cccc(Cl)c3Cl)S(=O)(=O)c4ccc(C)cc4)nn2)cc1,CHEMBL441126,IC50,8.2
8023879,COc1ccc(Cc2oc(CN(c3cccc(Cl)c3C)S(=O)(=O)c4ccc(C)cc4)nn2)cc1,CHEMBL399613,IC50,8.2
8023890,Cc1cc(nn1Cc2cc(Cl)cc3cc(oc23)c4ccccc4)C(=O)NC[C@H]5CCCO5,CHEMBL1915262,IC50,8.2
8023901,Cc1ccc(c2cc(Br)ccc2OCc3ccc(F)cc3)n1c4cc(ccc4F)C(=O)O,CHEMBL395310,IC50,8.2
8023912,Cc1ccc(c2cc(Br)ccc2OCc3ccc(F)cc3)n1c4cccc(c4)C(=O)O,CHEMBL208791,IC50,8.2
8023923,Cc1ccc(c2cc(Br)ccc2OCc3cccc(F)c3F)n1c4cccc(c4)C(=O)O,CHEMBL378641,IC50,8.2
8023934,Cc1ccc(c2cc(Cl)ccc2OCc3ccc(F)cc3)n1c4cccc(c4)C(=O)O,CHEMBL208912,IC50,8.2
8023945,Cc1ccc(c2cc(Cl)ccc2OCc3ccc(F)cc3F)n1c4cc(ccc4F)C(=O)O,CHEMBL266258,IC50,8.2
8023956,Cc1ccc(c2cc(Cl)ccc2OCc3ccccc3)n1c4cc(C(=O)O)c5ccccc5c4,CHEMBL228695,IC50,8.2
8023967,Cc1ccc(c2cc(ccc2OCc3ccccc3)C(F)(F)F)n1c4cc(ccc4F)C(=O)O,CHEMBL395523,IC50,8.2
8023978,Cl.CC(C)COc1ccc(Cl)cc1Cn2nc(cc2C)C(=O)Nc3ccc(CN4CCCC4)cc3,CHEMBL494282,IC50,8.2
8023989,Cl.CC(C)COc1ccc(Cl)cc1Cn2nc(cc2C)C(=O)Nc3ccc(CN4CCCCC4)cc3,CHEMBL493065,IC50,8.2
8024000,Cl.Cc1cc(nn1Cc2cc(Cl)ccc2OCc3ccccc3)C(=O)Nc4ccc(CO)cc4,CHEMBL520438,IC50,8.2
8024011,OC(=O)c1cccc(c1)C2=C(CCC2)c3ccccc3OCc4ccccc4,CHEMBL395582,IC50,8.2
8024022,OC(=O)c1cnnc(c1)C2=C(CCC2)c3cc(Cl)ccc3OCc4ccc(F)cc4F,CHEMBL233245,IC50,8.2
8024033,[Na+].CC(C)(C)CCc1cn(c2nc(cs2)C(=O)[O-])c3cc(Cl)ccc13,CHEMBL255675,IC50,8.2
8024044,[Na+].CC(C)Cc1cn(Cc2nc(cs2)C(=O)[O-])c3cc(Cl)ccc13,CHEMBL403892,IC50,8.2
8024055,[Na+].CC(C)Cc1cn(c2nc(cs2)C(=O)[O-])c3cc(Cl)ccc13,CHEMBL257997,IC50,8.2
8024066,[Na+].Cc1cc(nn1Cc2cc(Br)ccc2OCc3ccccc3)C(=O)[O-],CHEMBL258184,IC50,8.2
8024077,[Na+].[O-]C(=O)c1csc(Cc2cc(Cl)ccc2OCc3ccccc3)n1,CHEMBL255652,IC50,8.2
8024088,[Na+].[O-]C(=O)c1oc(Cc2cc(Cl)ccc2OCc3ccccc3)cc1,CHEMBL272793,IC50,8.2
8024099,OC(=O)c1cccc(n1)c2sccc2c3cc(Cl)ccc3OCc4ccccc4,CHEMBL362851,Ki,8.22
8024110,OC(c1cncc(c1)c2sccc2c3cc(Cl)ccc3OCc4ccccc4)C(F)(F)F,CHEMBL182368,Ki,8.22
8024121,CC(C)COc1ccc(Br)cc1c2ccc(C)n2c3cccc(c3)C(=O)O,CHEMBL378120,IC50,8.3
8024132,CC(C)COc1ccc(Cl)cc1c2ccc(C)n2c3cccc(c3)C(=O)O,CHEMBL209800,IC50,8.3
8024143,CC(C)c1oc2c(Cn3nc(cc3C)C(=O)O)cc(Cl)cc2c1,CHEMBL1915012,IC50,8.3
8024154,COC(=O)Nc1cc(cc(c1)n2c(C)ccc2c3cc(Cl)ccc3OCc4ccccc4)C(=O)O,CHEMBL234728,IC50,8.3
8024165,C[C@H](NC(=O)c1ccc(cc1)n2c(C)ccc2c3cc(Cl)ccc3OCc4ccccc4)c5ccccc5,CHEMBL391026,IC50,8.3
8024176,Cc1cc(nn1Cc2cc(Cl)cc3cc(oc23)c4ccccc4)C(=O)N,CHEMBL1915254,IC50,8.3
8024187,Cc1cc(nn1Cc2cc(Cl)cc3cc(oc23)c4ccccc4)C(=O)NC5CC5,CHEMBL1914467,IC50,8.3
8024198,Cc1ccc(c2cc(Br)ccc2OCc3ccc(Cl)cc3Cl)n1c4cccc(c4)C(=O)O,CHEMBL211059,IC50,8.3
8024209,Cc1ccc(c2cc(Br)ccc2OCc3ccc(F)c(F)c3)n1c4cccc(c4)C(=O)O,CHEMBL208934,IC50,8.3
8024220,Cc1ccc(c2cc(Br)ccc2OCc3ccc(F)cc3)n1c4cc(C(=O)O)c5ccccc5c4,CHEMBL228746,IC50,8.3
8024231,Cc1ccc(c2cc(Br)ccc2OCc3ccccc3)n1c4ccc(OC(F)F)c(c4)C(=O)O,CHEMBL374824,IC50,8.3
8024242,Cc1ccc(c2cc(Cl)ccc2OCc3ccc(F)cc3F)n1c4cc(Br)cc(c4)C(=O)O,CHEMBL388242,IC50,8.3
8024253,Cc1ccc(c2cc(Cl)ccc2OCc3ccccc3)n1c4cc(Br)cc(c4)C(=O)O,CHEMBL234722,IC50,8.3
8024264,Cc1ccc(c2cc(Cl)ccc2OCc3ccccc3)n1c4cc(cc(c4)C(=O)O)N5CCCS5(=O)=O,CHEMBL390660,IC50,8.3
8024275,Cc1ccc(c2cc(ccc2OCc3ccccc3)C(F)(F)F)n1c4cccc(c4)C(=O)O,CHEMBL212688,IC50,8.3
8024286,Cc1ccc(cc1C(=O)O)n2c(C)ccc2c3cc(Cl)ccc3OCc4ccc(F)cc4,CHEMBL231184,IC50,8.3
8024297,Cc1onc(C)c1S(=O)(=O)NC(=O)c2cccc(c2)n3c(C)ccc3c4ccccc4OCc5ccccc5,CHEMBL391287,IC50,8.3
8024308,Cl.CC(C)COc1ccc(Cl)cc1Cn2nc(cc2C)C(=O)Nc3ccc(CN(C)C)cc3,CHEMBL492238,IC50,8.3
8024319,Clc1ccc(OCc2ccccc2)c(c1)c3ccsc3c4cccc(NC(=O)Cc5ccccc5)c4,CHEMBL180046,Ki,8.3
8024330,OC(=O)c1cccc(c1)C2=C(CCC2)c3cc(Br)ccc3OCc4ccc(F)cc4F,CHEMBL387605,IC50,8.3
8024341,OC(=O)c1cccc(n1)c2ccccc2c3cc(Cl)ccc3OCc4ccc(F)cc4,CHEMBL457142,IC50,8.3
8024352,OC(O)(c1cncc(c1)c2sccc2c3cc(Cl)ccc3OCc4ccccc4)C(F)(F)F,CHEMBL185346,Ki,8.3
5237455,CCCCC[C@H](O)\C=C\[C@H]1[C@H](O)CC(=O)N1C\C=C\CCCC(=O)O,CHEMBL413509,Ki,8.35
8024365,OC(=O)c1csc(n1)n2nc(c3ccc(F)cc3)c4ccccc24,CHEMBL3127164,IC50,8.35
8024376,CC(=O)Nc1cc(cc(c1)n2c(C)ccc2c3cc(F)ccc3OCc4ccc(F)cc4)C(=O)O,CHEMBL234303,IC50,8.4
8024387,CCOc1ccc(Cc2oc(CN(c3cccc(Cl)c3C)S(=O)(=O)c4ccc(C)cc4)nn2)cc1,CHEMBL231759,IC50,8.4
8024398,CNC(=O)c1ccc(cc1)n2c(C)ccc2c3cc(Br)ccc3OCc4ccc(F)cc4F,CHEMBL233137,IC50,8.4
8024409,COCC(=O)Nc1cc(cc(c1)c2ccccc2c3cc(Cl)ccc3OCc4ccccc4)C(=O)O,CHEMBL458452,IC50,8.4
8024420,COc1ccc(cc1)c2nn(c3nc(cs3)C(=O)O)c4ccccc24,CHEMBL3127167,IC50,8.4
8024431,Cc1cc(nn1Cc2cc(Cl)cc3cc(oc23)C4CCCCC4)C(=O)O,CHEMBL1915015,IC50,8.4
8024442,Cc1ccc(c2cc(Br)ccc2OCc3ccc(F)cc3F)n1c4cc(Cl)cc(c4)C(=O)O,CHEMBL389995,IC50,8.4
8024453,Cc1ccc(c2cc(Br)ccc2OCc3ccc(F)cc3F)n1c4cccc(c4)C(=O)NS(=O)(=O)C,CHEMBL391286,IC50,8.4
8024464,Cc1ccc(c2cc(Cl)ccc2OCc3ccc(F)cc3F)n1c4cc(Cl)cc(c4)C(=O)O,CHEMBL234721,IC50,8.4
8024475,Cc1ccc(c2cc(Cl)ccc2OCc3ccc(F)cc3F)n1c4cccc(c4)C(=O)O,CHEMBL211088,IC50,8.4
8024486,Cc1ccc(c2cc(Cl)ccc2OCc3ccccc3)n1c4cc(N)cc(c4)C(=O)O,CHEMBL234301,IC50,8.4
8024497,Cc1ccc(c2cc(ccc2OCc3ccc(F)cc3)C(F)(F)F)n1c4cc(N)c(C)c(c4)C(=O)O,CHEMBL228644,IC50,8.4
8024508,Cc1ccc(c2cc(ccc2OCc3ccccc3)C(F)(F)F)n1c4cc(N)c(C)c(c4)C(=O)O,CHEMBL228592,IC50,8.4
8024519,OC(=O)c1cccc(n1)c2ccccc2c3cc(Cl)ccc3OCc4ccc(F)cc4F,CHEMBL514574,IC50,8.4
8024530,OC(=O)c1csc(n1)n2nc(C3=CCCCC3)c4ccccc24,CHEMBL3127170,IC50,8.4
8024541,[Na+].CC(C)Cc1cn(c2nc(cs2)C(=O)[O-])c3cc(Br)ccc13,CHEMBL257134,IC50,8.4
8024552,Cc1cc(nn1Cc2cc(Br)ccc2OCc3ccccc3Cl)C(=O)O,CHEMBL402880,IC50,8.5
8024563,Cc1ccc(c2cc(Br)ccc2OCc3ccccc3)n1c4cc(N)c(C)c(c4)C(=O)O,CHEMBL388294,IC50,8.5
8024574,Cc1ccc(c2cc(Br)ccc2OCc3ccccc3)n1c4cc(N)cc(c4)C(=O)O,CHEMBL234302,IC50,8.5
8024585,Cc1ccc(c2cc(Br)ccc2OCc3ccccc3F)n1c4cccc(c4)C(=O)O,CHEMBL212672,IC50,8.5
8024596,OC(=O)c1ccnc(c1)C2=C(CCC2)c3cc(Br)ccc3OCc4ccc(F)cc4,CHEMBL395542,IC50,8.5
8024607,[Na+].CC(C)COc1ccc(Cl)cc1Cc2oc(cc2)C(=O)[O-],CHEMBL403330,IC50,8.5
8024618,CC(=O)Nc1cc(cc(c1)n2c(C)ccc2c3cc(Cl)ccc3OCc4ccc(F)cc4)C(=O)O,CHEMBL390190,IC50,8.6
8024629,CCOc1ccc(Cc2oc(CN(c3cccc(Cl)c3Cl)S(=O)(=O)c4ccc(cc4)C(F)(F)F)nn2)cc1,CHEMBL233335,IC50,8.6
8024640,Cc1ccc(COc2ccc(Br)cc2c3ccc(C)n3c4cccc(c4)C(=O)O)cc1,CHEMBL209685,IC50,8.6
8024651,Cc1ccc(c2cc(Br)ccc2OCc3ccc(F)cc3)n1c4ccc(Cl)c(c4)C(=O)O,CHEMBL230875,IC50,8.6
8024662,Cc1ccc(c2cc(Br)ccc2OCc3ccc(F)cc3F)n1c4cc(C(=O)O)c5ccccc5c4,CHEMBL414978,IC50,8.6
8024673,Cc1ccc(c2cc(Cl)ccc2OCc3ccccc3)n1c4ccc(cc4)C(=O)NCc5ccccn5,CHEMBL232117,IC50,8.6
8024684,Cc1ccc(c2cc(Cl)ccc2OCc3ccccc3)n1c4cccc(c4)C(=O)NS(=O)(=O)c5ccccc5,CHEMBL232340,IC50,8.6
8024695,Cc1ccc(c2ccccc2OCc3ccccc3)n1c4cccc(c4)C(=O)NS(=O)(=O)c5ccccc5,CHEMBL232341,IC50,8.6
8024706,Cc1ccc(cc1C(=O)O)n2c(C)ccc2c3cc(Cl)ccc3OCc4ccc(F)cc4F,CHEMBL397655,IC50,8.6
8024717,OC(=O)c1cccc(c1)C2=C(CCC2)c3cc(Br)ccc3OCc4ccc(Cl)cc4F,CHEMBL390188,IC50,8.6
8024729,OC(=O)c1cccc(n1)C2=C(CCC2)c3cc(Cl)ccc3OCc4ccc(F)cc4F,CHEMBL234940,IC50,8.6
8024740,OC(=O)c1csc(n1)n2nc(c3ccccc3)c4ccccc24,CHEMBL3127175,IC50,8.62
8024751,CC(=O)Nc1cc(cc(c1)n2c(C)ccc2c3cc(Cl)ccc3OCc4ccccc4)C(=O)O,CHEMBL234518,IC50,8.7
8024762,CCCC(=O)Nc1cc(cc(c1)c2ccccc2c3cc(Cl)ccc3OCc4ccccc4)C(=O)O,CHEMBL516324,IC50,8.7
8024773,Cc1cc(nn1Cc2cc(Cl)cc3cc(oc23)c4ccccc4)C(=O)O,CHEMBL1915252,IC50,8.7
8024784,Cc1ccc(c2cc(Br)ccc2OCc3ccc(F)cc3)n1c4ccc(OC(F)F)c(c4)C(=O)O,CHEMBL228638,IC50,8.7
8024795,Cc1ccc(c2cc(Br)ccc2OCc3ccc(F)cc3F)n1c4cc(cc(c4)C(=O)O)N5CCCC5=O,CHEMBL234946,IC50,8.7
8024806,Cc1ccc(c2cc(Br)ccc2OCc3ccc(F)cc3F)n1c4ccc(O)c(c4)C(=O)O,CHEMBL395488,IC50,8.7
8024817,Cc1ccc(c2cc(Cl)ccc2OCc3ccccc3)n1c4cc(N)c(C)c(c4)C(=O)O,CHEMBL426913,IC50,8.7
8024828,Cc1ccc(c2cc(ccc2OCc3ccccc3)C(F)(F)F)n1c4ccc(F)c(c4)C(=O)O,CHEMBL230766,IC50,8.7
8024839,OC(=O)c1cncc(n1)C2=C(CCC2)c3cc(Cl)ccc3OCc4ccc(F)cc4F,CHEMBL389996,IC50,8.7
8024850,OC(=O)c1csc(n1)n2nc(c3ccccc3)c4ccc(F)cc24,CHEMBL3127156,IC50,8.7
8024861,CC(=O)Nc1cc(cc(c1)n2c(C)ccc2c3cc(I)ccc3OCc4ccc(F)cc4F)C(=O)O,CHEMBL390038,IC50,8.8
8024872,C[C@@H](NC(=O)c1ccc(cc1)n2c(C)ccc2c3cc(Cl)ccc3OCc4ccccc4)c5ccccc5,CHEMBL233768,IC50,8.8
8024883,Cc1ccc(c2cc(Br)ccc2OCc3c(F)cc(F)cc3F)n1c4cccc(c4)C(=O)O,CHEMBL210394,IC50,8.8
8024894,Cc1ccc(c2cc(Cl)ccc2OCc3ccc(F)cc3)n1c4cc(NS(=O)(=O)C)cc(c4)C(=O)O,CHEMBL234945,IC50,8.8
8024905,Cc1ncc(cc1C(=O)O)C2=C(CCC2)c3cc(Cl)ccc3OCc4ccc(F)cc4,CHEMBL389796,IC50,8.8
5235217,O[C@@H](COc1ccccc1)\C=C\[C@H]2[C@H](O)C[C@@H]3O[C@H](CC[C@H]23)c4nc(cs4)C(=O)O,CHEMBL3804978,EC50,8.85
8024918,CC(=O)Nc1cc(cc(c1)n2c(C)ccc2c3cc(Br)ccc3OCc4ccccc4)C(=O)O,CHEMBL234519,IC50,8.9
8024929,CC(=O)Nc1cc(cc(c1)n2c(C)ccc2c3cc(ccc3OCc4ccccc4)C(F)(F)F)C(=O)O,CHEMBL234727,IC50,8.9
8024940,CN(C(=O)C)c1cc(cc(c1)n2c(C)ccc2c3cc(Br)ccc3OCc4ccc(F)cc4F)C(=O)O,CHEMBL390238,IC50,8.9
8024951,Cc1ccc(c2cc(Br)ccc2OCc3ccc(F)cc3)n1c4ccc(F)c(c4)C(=O)O,CHEMBL230765,IC50,8.9
8024962,Cc1ccc(c2cc(Br)ccc2OCc3ccc(F)cc3F)n1c4cc(cc(c4)C(=O)O)N5CCCCC5=O,CHEMBL428367,IC50,8.9
8024973,Cc1ccc(c2cc(Cl)ccc2OCc3ccccc3)n1c4cc(C(=O)O)c5cc[nH]c5c4,CHEMBL228963,IC50,8.9
8024984,Cc1ccc(cc1C(=O)O)n2c(C)ccc2c3cc(Br)ccc3OCc4ccc(F)cc4F,CHEMBL395248,IC50,8.9
8024995,COc1ccc2c(nn(c3nc(cs3)C(=O)O)c2c1)c4ccccc4,CHEMBL3127159,IC50,8.96
8025006,Cc1ccc(c2cc(Br)ccc2OCc3c(F)cccc3F)n1c4cccc(c4)C(=O)O,CHEMBL211534,IC50,9.0
8025017,Cc1ccc2c(nn(c3nc(cs3)C(=O)O)c2c1)c4ccccc4,CHEMBL3127157,IC50,9.0
8025028,CC(=O)Nc1cc(cc(c1)n2c(C)ccc2c3cc(Br)ccc3OCc4ccc(F)cc4)C(=O)O,CHEMBL430360,IC50,9.1
8025039,Cc1ccc(c2cc(Br)ccc2OCc3ccc(F)cc3)n1c4cc(N)c(C)c(c4)C(=O)O,CHEMBL228593,IC50,9.1
8025050,Cc1ccc(c2cc(Br)ccc2OCc3ccc(F)cc3F)n1c4ccc(OC(F)F)c(c4)C(=O)O,CHEMBL387878,IC50,9.2
8025061,Cc1cc(nn1Cc2cc(Br)ccc2OCc3ccc(F)cc3F)C(=O)O,CHEMBL214967,IC50,9.28
8025072,Cc1ccc(c2cc(Br)ccc2OCc3ccc(F)cc3F)n1c4cc(N)cc(c4)C(=O)O,CHEMBL390189,IC50,9.3
7743965,CC(=O)Nc1cc(cc(c1)n2c(C)ccc2c3cc(Br)ccc3OCc4ccc(F)cc4F)C(=O)O,CHEMBL427844,IC50,9.4
8025085,CC(=O)Nc1ccc(cc1C(=O)O)n2c(C)ccc2c3cc(Br)ccc3OCc4ccc(F)cc4F,CHEMBL387969,IC50,9.4
8025096,COc1ccc(cc1C(=O)O)n2c(C)ccc2c3cc(Br)ccc3OCc4ccc(F)cc4F,CHEMBL228586,IC50,9.4
8025107,Cc1cc(nn1Cc2cc(Br)ccc2OCc3ccc(Cl)cc3Cl)C(=O)O,CHEMBL214971,IC50,9.88
8025118,[Na+].Cc1cc(nn1Cc2cc(Br)ccc2OCc3ccc(Cl)cc3Cl)C(=O)[O-],CHEMBL2110364,IC50,9.89
