id,smiles,name,assay_type,activity_value
278360,CCCCC[C@H](O)\C=C\[C@H]1[C@H](O)CC(=O)[C@@H]1C\C=C/CCCC(O)=O,dinoprostone,Ki,9.77
5234552,COc1ccc(cc1)c2ccc(OCc3cc(oc3C)C(=O)NS(=O)(=O)c4ccc(CN)cc4)cc2,CHEMBL3260761,Ki,7.0
5234563,COC1CCN(CC1)c2ccc(C)c(n2)C(=O)Nc3c(C)cc(cc3C)C(=O)O,CHEMBL3793912,IC50,7.02
5234574,COc1ccc(cc1)c2ccc(OCc3cc(oc3C)C(=O)O)cc2,CHEMBL3260437,Ki,7.05
5234585,Cc1ccc(C(=O)O)c(C)c1NC(=O)c2nc(ccc2C)N3CCC(C)(O)CC3,CHEMBL3792999,IC50,7.06
5234596,COc1ccccc1c2ccc(OCc3cc(oc3C)C(=O)NS(=O)(=O)c4ccccc4)cc2,CHEMBL3260760,Ki,7.07
5234607,Cc1ccc(nc1C(=O)Nc2c(C)cc(cc2C)C(=O)O)N3CCC(CO)C3,CHEMBL3793994,IC50,7.08
5234618,CCOc1c2CN(C(=O)c2c(OCC)c3ccccc13)c4ccc(CC5(CC5)NC(=O)NS(=O)(=O)c6ccc(F)cc6)cc4C,CHEMBL1669024,IC50,7.1
5234629,CN(Cc1ccccc1)C(=O)[C@H](Cc2ccccc2)NC(=O)[C@H](CCCNC(=O)OCc3ccccc3)NC(=O)c4cc5ccccc5[nH]4,CHEMBL192303,Ki,7.1
5234640,Cc1oc(CC(=O)O)cc1COc2ccc(cc2)c3ccccc3,CHEMBL3260430,Ki,7.1
5234651,Cc1oc(CCC(=O)O)cc1COc2ccc(cc2)c3ccccc3,CHEMBL3260431,Ki,7.1
5234662,CCOc1c2CN(C(=O)c2c(OCC)c3ccccc13)c4ccc(CC5(CC5)NC(=O)NS(=O)(=O)c6c(Cl)cccc6Cl)cc4C,CHEMBL1669008,IC50,7.11
5234673,Cl.OC(=O)c1ccc(cc1)C2(CC2)NC(=O)[C@H]3CCCCN3CCOc4ccccc4,CHEMBL3600788,IC50,7.11
5234684,C[C@H](NC(=O)c1cccc2CCN(Cc3cccnc3)c12)c4ccc(cc4)C(=O)O,CHEMBL1645146,Ki,7.12
4229519,Cc1ccc(nc1C(=O)Nc2c(C)cc(cc2C)C(=O)O)N3CCC(O)CC3,CHEMBL3686863,Ki,7.12
5234696,CN(C)C(=O)c1sc2c(F)cc(F)cc2c1c3ccc(CCNC(=O)NS(=O)(=O)c4ccc(C)cc4)cc3,CHEMBL1644012,Ki,7.13
5234707,CCCCC1(CCC1)[C@H](O)\C=C\[C@H]2COC(=O)N2CCSc3nc(cs3)C(=O)O,CHEMBL3753221,EC50,7.14
5234718,Cc1ccc(C(=O)O)c(C)c1NC(=O)c2cc(ccc2F)c3cccc(CO)c3,CHEMBL3753133,IC50,7.14
5234729,Cl.C[C@H](NC(=O)[C@H]1CCCCN1CCOc2ccc(F)cc2)c3ccc(cc3)C(=O)O,CHEMBL3600884,IC50,7.14
5234741,Cl.C[C@H](NC(=O)[C@H]1CCCCN1CCOc2ccccc2)c3ccc(cc3)C(=O)O,CHEMBL3115074,IC50,7.16
5234752,CN(C)C(=O)c1sc2c(C)cc(C)cc2c1c3ccc(CCNC(=O)OC(C)(C)C)cc3,CHEMBL1644015,Ki,7.17
5234763,OC(CCN1CCC(=O)N1CCc2ccc(cc2)C(=O)O)Cc3ccccc3,CHEMBL249342,Ki,7.17
5234774,OC(Cc1ccccc1)\C=C\[C@H]2CCC(=O)N2CCCCSCc3nn[nH]n3,CHEMBL430121,Ki,7.18
5234785,C[C@H](NC(=O)c1cccc2CCc3cc(ccc3Oc12)C(F)(F)F)c4ccc(cc4)C(=O)O,CHEMBL1910024,IC50,7.2
5234796,CC(C)(C(O)\C=C\[C@H]1CCC(=O)N1CCCCCCC(=O)O)c2ccccc2,CHEMBL278451,Ki,7.21
5234807,CCOc1c2CN(C(=O)c2c(OCC)c3ccccc13)c4ccc(CC5(CC5)NC(=O)Cc6cc(ccc6OC)C(=O)O)cc4C,CHEMBL1669016,IC50,7.22
5234818,Cc1ccc(C(=O)O)c(C)c1NC(=O)c2cc(ccc2C)c3cccc(CO)c3,CHEMBL3753274,IC50,7.23
5234829,Cc1ccc(C(=O)O)c(C)c1NC(=O)c2nc(ccc2C(F)(F)F)c3cccc(CO)c3,CHEMBL3753286,IC50,7.23
5234840,OC(CCN1CCC(=O)N1CCc2ccc(cc2)C(=O)O)Cc3cccc(OC(F)(F)F)c3,CHEMBL249539,Ki,7.23
5234851,OC(CCN1CCC(=O)N1CCc2ccc(cc2)C(=O)O)Cc3cccc(c3)C(F)(F)F,CHEMBL249540,Ki,7.24
5234862,CCOc1c2CN(C(=O)c2c(OCC)c3cccnc13)c4ccc(CS(=O)(=O)NC(=O)Cc5ccccc5OC(F)(F)F)cc4C,CHEMBL269987,Ki,7.25
5234873,C[C@H](NC(=O)c1cccc2cc(C)n(Cc3cccc(Cl)c3)c12)c4ccc(cc4)C(=O)O,CHEMBL1084047,Ki,7.25
5234884,Cc1ccc(nc1C(=O)Nc2c(C)cc(cc2C)C(=O)O)c3cccc(CO)c3,CHEMBL3753835,IC50,7.25
5234894,C[C@H](NC(=O)[C@H]1CCCCN1CCOc2ccccc2)c3ccc(cc3)C(=O)O,CHEMBL3138992,Ki,7.27
5234904,C[C@H](NC(=O)c1cccc2CCN(Cc3ccc(cc3)C(=O)O)c12)c4ccc(cc4)C(=O)O,CHEMBL1645143,Ki,7.27
5234915,Cc1cc(cc(C)c1NC(=O)c2cc(nc3ccccc23)c4cccc(CO)c4)C(=O)O,CHEMBL3739779,Ki,7.28
5234925,C[C@H](NC(=O)c1c(Cl)sc(Cl)c1C(OC2CCCCO2)c3cccc(Cl)c3)c4ccc(cc4)C(=O)O,CHEMBL3695939,Ki,7.29
5234934,C[C@H](NC(=O)c1c(Oc2cccc(Cl)c2)n(C)nc1C(F)F)c3ccc(cc3)C(=O)O,CHEMBL3670684,Ki,7.3
5234944,OC(=O)Cc1cccc(C[C@@H]2CCCC=C2c3oc(c4ccccc4)c(n3)c5ccccc5)c1,CHEMBL189378,Ki,7.3
5234955,CCOc1c2CN(C(=O)c2c(OCC)c3cccnc13)c4ccc(CS(=O)(=O)NC(=O)Cc5cccnc5)cc4C,CHEMBL444800,Ki,7.32
5234966,Cc1cc(CC2(CC2)NC(=O)NS(=O)(=O)c3ccccc3Cl)ccc1N4Cc5c(OCC(F)(F)F)c6ncccc6c(OCC(F)(F)F)c5C4=O,CHEMBL1669011,IC50,7.32
5234977,Cc1cc(cc(C)c1NC(=O)c2cc(ccc2F)c3cccc(CO)c3)C(=O)O,CHEMBL3753567,IC50,7.32
5234988,CCCCC1=NN(C(=O)N1Cc2ccc(cc2)c3ccccc3S(=O)(=O)NC(=O)c4cccs4)c5ccccc5C(F)(F)F,CHEMBL314812,Ki,7.34
5234999,CC(=C\C=C\[C@H]1CCC(=O)N1CCc2ccc(cc2)C(=O)O)C,CHEMBL398947,Ki,7.35
5235010,CC(CCN1CCC(=O)N1CCc2ccc(cc2)C(=O)O)Cc3cccc(CCc4ccccc4)c3,CHEMBL400447,Ki,7.36
5235020,Cc1nn(C)c(Oc2cccc(c2)C(F)(F)F)c1C(=O)NC3(CC3)c4ccc(cc4)C(=O)O,CHEMBL3670682,Ki,7.37
5235030,OC(=O)[C@H](Cc1ccccc1)NC(=O)[C@H](CCCNC(=O)OCc2ccccc2)NC(=O)c3cc4ccccc4[nH]3,CHEMBL191898,Ki,7.37
5235041,CN(C)C(=O)c1sc2c(C)cc(C)cc2c1c3ccc(CCNc4ncccn4)cc3,CHEMBL1644020,Ki,7.38
5235052,CN(C)C(=O)c1sc2c(C)cc(C)cc2c1c3ccc(CCNC(=O)Cc4ccccn4)cc3,CHEMBL1644017,Ki,7.4
5235063,COC(=O)c1sc2c(C)cc(C)cc2c1c3ccc(CCNC(=O)NS(=O)(=O)c4ccc(C)cc4)cc3,CHEMBL1644002,Ki,7.4
5235074,C[C@H](NC(=O)c1cccc2c(C)cn(Cc3cccc(Cl)c3)c12)c4ccc(cc4)C(=O)O,CHEMBL1083746,Ki,7.4
5235085,Cc1ccc(nc1C(=O)Nc2c(C)cc(cc2C)C(=O)O)N3CCC(C)(O)CC3,CHEMBL3793924,IC50,7.4
5235096,Cc1cc(cc(C)c1NC(=O)c2cc(nc3ccccc23)c4ccccc4)C(=O)O,CHEMBL3741642,Ki,7.41
5235107,Cc1ccc(C(=O)O)c(C)c1NC(=O)c2nc(ccc2C)c3cccc(CO)c3,CHEMBL3754085,IC50,7.41
5235118,CCOc1c2CN(C(=O)c2c(OCC)c3ccccc13)c4ccc(CS(=O)(=O)NC(=O)Cc5cc(OC)ccc5OC)cc4,CHEMBL256220,Ki,7.42
5235129,CCOc1c2CN(C(=O)c2c(OCC)c3ccccc13)c4ccc(CC5(CC5)NC(=O)NS(=O)(=O)c6ccc7ccccc7c6)cc4C,CHEMBL1669007,IC50,7.43
5235140,CCOc1c2CN(C(=O)c2c(OCC)c3cccnc13)c4ccc(CS(=O)(=O)NC(=O)Cc5ccccc5Cl)cc4C,CHEMBL218699,Ki,7.43
5235151,OC(CCN1CCC(=O)N1CCc2ccc(cc2)C(=O)O)Cc3cccc(F)c3,CHEMBL400446,Ki,7.44
5235162,Cl.C[C@H](NC(=O)[C@H]1CCCCN1CCOc2ccc(cc2)C#N)c3ccc(cc3)C(=O)O,CHEMBL3600883,IC50,7.45
5235173,CCCCCC(O)CCC1CCC(=O)N1CCCCCCC(=O)O,CHEMBL15096,Ki,7.46
5235184,CCOc1c2CN(C(=O)c2c(OCC)c3ccccc13)c4ccc(CC5(CC5)NC(=O)Cc6ccccc6Cl)cc4C,CHEMBL1669015,IC50,7.46
5235195,CCOc1c2CN(C(=O)c2c(OCC)c3cccnc13)c4ccc(CS(=O)(=O)NC(=O)Cc5ccccc5F)cc4C,CHEMBL402960,Ki,7.47
5235206,CCOc1c2CN(C(=O)c2c(OCC)c3ccccc13)c4ccc(CC5(CC5)NC(=O)NS(=O)(=O)c6ccccc6Cl)cc4C,CHEMBL1669012,IC50,7.48
5235217,O[C@@H](COc1ccccc1)\C=C\[C@H]2[C@H](O)C[C@@H]3O[C@H](CC[C@H]23)c4nc(cs4)C(=O)O,CHEMBL3804978,EC50,7.48
5235228,OC(\C=C\[C@H]1CCC(=O)N1CCCCCCC(=O)O)c2cccc(Oc3ccccc3)c2,CHEMBL288978,Ki,7.5
5235239,CCOc1c2CN(C(=O)c2c(OCC)c3cccnc13)c4ccc(CS(=O)(=O)NC(=O)Cc5ccccc5)cc4C,CHEMBL403630,Ki,7.51
5235250,C[C@H](NC(=O)c1cccc2CCN(Cc3ccc(cc3)C(=O)N)c12)c4ccc(cc4)C(=O)O,CHEMBL1645145,Ki,7.52
5235261,C[C@H](NC(=O)c1cccc2CCN(Cc3cccc(c3)C(=O)N)c12)c4ccc(cc4)C(=O)O,CHEMBL1645150,Ki,7.52
5235271,Cc1sc(C)c(C(=O)NCc2ccc(C(=O)O)c(Cl)c2)c1Cc3cccc(Cl)c3,CHEMBL3695944,Ki,7.52
5235281,CCOc1c2CN(C(=O)c2c(OCC)c3ccccc13)c4ccc(CS(=O)(=O)NC(=O)Cc5ccccc5)cc4C,CHEMBL255527,Ki,7.54
5235292,CN(C)C(=O)c1sc2c(Cl)cc(Cl)cc2c1c3ccc(CCNC(=O)NS(=O)(=O)c4ccc(C)cc4)cc3,CHEMBL1644011,Ki,7.54
5235303,C\C(=C/C=C/[C@H]1CCC(=O)N1CCc2ccc(cc2)C(=O)O)\c3ccccc3,CHEMBL248679,Ki,7.54
5235314,CCCCCC(O)CC[C@H]1CCC(=O)N1CCCCCCC(=O)O,CHEMBL428524,Ki,7.55
5235325,CCOc1c2CN(C(=O)c2c(OCC)c3ccccc13)c4ccc(CC5(CC5)NC(=O)NS(=O)(=O)c6cccc(Cl)c6Cl)cc4C,CHEMBL1669025,IC50,7.55
5235336,CCOc1c2CN(C(=O)c2c(OCC)c3ccccc13)c4ccc(CC5(CC5)NC(=O)NS(=O)(=O)c6ccccc6C(F)(F)F)cc4C,CHEMBL1669006,IC50,7.55
5235347,CCC[C@H](O)\C=C\[C@H]1CCC(=O)N1CCc2ccc(cc2)C(=O)O,CHEMBL271488,Ki,7.57
5235358,CN(C)C(=O)c1sc2c(C)cc(C)cc2c1c3ccc(CCC(=O)O)cc3,CHEMBL1644001,Ki,7.57
5235369,Cc1ccc(cc1)S(=O)(=O)NC(=O)NCCc2ccc(cc2)c3c(sc4c(C)cc(C)cc34)C(=O)N5CCCC5,CHEMBL1644010,Ki,7.57
5235380,OC(=O)c1ccc(cc1)C2(CC2)NC(=O)c3cccc4CCc5cc(ccc5Oc34)C(F)(F)F,CHEMBL1910025,IC50,7.57
5235391,OC(CCN1CCC(=O)N1CCc2ccc(cc2)C(=O)O)Cc3cccc(I)c3,CHEMBL404414,Ki,7.57
5235402,COc1ccccc1CC(=O)NS(=O)(=O)Cc2ccc(N3Cc4c(OC(C)C)c5ncccc5c(OC(C)C)c4C3=O)c(C)c2,CHEMBL272498,Ki,7.59
5235412,C[C@H](NC(=O)c1c(Oc2cccc(c2)C(F)F)n(C)nc1C(F)F)c3ccc(cc3)C(=O)O,CHEMBL3670689,Ki,7.59
5235422,O[C@H](CCN1CCC(=O)N1CCc2ccc(cc2)C(=O)O)Cc3cccc(I)c3,CHEMBL398827,Ki,7.59
5235433,CCCC\C=C/C=C/[C@H]1CCC(=O)N1CCc2ccc(cc2)C(=O)O,CHEMBL251709,Ki,7.6
5235444,CN(C)C(=O)c1sc2c(C)cc(C)cc2c1c3ccc(CCc4nn[nH]n4)cc3,CHEMBL1644000,Ki,7.6
5235455,CN(C)C(=O)c1sc2c(C)cc(C)cc2c1c3ccc(Cc4nn[nH]n4)cc3,CHEMBL1643998,Ki,7.6
5235466,CN(C)C(=O)c1sc2c(C)ccc(C)c2c1c3ccc(CCNC(=O)NS(=O)(=O)c4ccc(C)cc4)cc3,CHEMBL1644014,Ki,7.6
5235477,Cc1oc(cc1COc2ccc(cc2)c3ccccc3)C(=O)NS(=O)(=O)c4ccccc4,CHEMBL3260455,Ki,7.6
5235488,CC\C(=C/C=C/[C@H]1CCC(=O)N1CCc2ccc(cc2)C(=O)O)\C,CHEMBL251710,Ki,7.62
5235499,COc1ccc(c(C)c1)c2ccc(OCc3cc(oc3C)C(=O)NS(=O)(=O)c4c(C)onc4C)cc2,CHEMBL3260770,Ki,7.62
5235510,CCOc1c2CN(C(=O)c2c(OCC)c3ccccc13)c4ccc(CC5(CC5)NC(=O)Cc6ncccc6OC)cc4C,CHEMBL1669017,IC50,7.63
5235521,CCOc1c2CN(C(=O)c2c(OCC)c3ccccc13)c4ccc(CC5(CC5)NC(=O)NS(=O)(=O)c6ccccc6OC)cc4C,CHEMBL1669009,IC50,7.64
5235532,CCOc1c2CN(C(=O)c2c(OCC)c3ccccc13)c4ccc(CC5(CC5)NC(=O)NS(=O)(=O)c6ccccc6Br)cc4C,CHEMBL1669004,IC50,7.66
5235543,COc1ccc(nc1)c2ccc(OCc3cc(oc3C)C(=O)NS(=O)(=O)c4ccccc4)cc2,CHEMBL3260458,Ki,7.66
5235554,CCOc1c2CN(C(=O)c2c(OCC)c3ccccc13)c4ccc(CC5(CC5)NC(=O)NS(=O)(=O)c6c(OC)cccc6OC)cc4C,CHEMBL1669005,IC50,7.68
5235565,COc1ccc(c(C)c1)c2ccc(OCc3cc(oc3C)C(=O)NS(=O)(=O)c4ccccc4)cc2,CHEMBL3260759,Ki,7.68
5235576,CC(=O)c1ccc(cc1)c2ccc(OCc3cc(oc3C)C(=O)NS(=O)(=O)c4ccccc4)cc2,CHEMBL3260459,Ki,7.7
5235587,C[C@H](NC(=O)c1cccc2c(Cl)cn(Cc3cccc(Cl)c3)c12)c4ccc(cc4)C(=O)O,CHEMBL1083445,Ki,7.7
5235598,Cc1oc(cc1COc2ccc(cc2)c3ccc(OC(F)F)cc3)C(=O)O,CHEMBL3260443,Ki,7.7
5235609,Cc1ccc(C(=O)O)c(C)c1NC(=O)c2nc(ccc2C)N3CCC(O)CC3,CHEMBL3792709,IC50,7.71
5235620,CCOc1c2CN(C(=O)c2c(OCC)c3ccccc13)c4ccc(CC5(CC5)NC(=O)NS(=O)(=O)c6c(C)cccc6C)cc4C,CHEMBL1669026,IC50,7.72
5235958,Cc1ccc(cc1C(=O)Nc2c(C)cc(cc2C)C(=O)O)c3cccc(CO)c3,CHEMBL3753860,IC50,7.73
5235969,Cl.OC(=O)c1ccc(CNC(=O)[C@H]2CCCCN2CCOc3ccccc3)cc1,CHEMBL3600786,IC50,7.74
5235980,OC(CCN1CCC(=O)N1CCc2ccc(cc2)C(=O)O)Cc3cccc(Cl)c3,CHEMBL249744,Ki,7.75
5235991,O[C@@H](CCC1CCC1)CC[C@H]2CCC(=O)N2CCc3ccc(cc3)C(=O)O,CHEMBL223744,Ki,7.75
5236002,CCCCC[C@H](O)CC[C@H]1CCC(=O)N1CCc2ccc(cc2)C(=O)O,CHEMBL376347,Ki,7.77
5236013,CCOc1c2CN(C(=O)c2c(OCC)c3ccccc13)c4ccc(CC5(CC5)NC(=O)NS(=O)(=O)c6ccc(C)cc6)cc4C,CHEMBL1669013,IC50,7.77
5236024,CN(C)C(=O)c1sc2c(C)cc(C)cc2c1c3ccc(CCNC(=O)Cc4c(Cl)cccc4Cl)cc3,CHEMBL1644019,Ki,7.77
5236035,COc1ccccc1C2(CC2)C(=O)NCCc3ccc(cc3)c4c(sc5c(C)cc(C)cc45)C(=O)N(C)C,CHEMBL1644018,Ki,7.77
5236046,COc1ccccc1CC(=O)NCCc2ccc(cc2)c3c(sc4c(C)cc(C)cc34)C(=O)N(C)C,CHEMBL1644016,Ki,7.77
5236057,COc1ccccc1CC(=O)NS(=O)(=O)Cc2ccc(N3Cc4c(OCC(F)(F)F)c5ncccc5c(OCC(F)(F)F)c4C3=O)c(C)c2,CHEMBL271095,Ki,7.77
5236068,Cc1ccc(C(=O)O)c(C)c1NC(=O)c2cc(nc3ccccc23)c4cccc(CO)c4,CHEMBL3741902,Ki,7.77
5236079,Cc1ccc(nc1C(=O)Nc2c(C)cc(cc2C)C(=O)O)N3CCCC(CO)C3,CHEMBL3793956,IC50,7.78
5236090,CCOc1c2CN(C(=O)c2c(OCC)c3ccccc13)c4ccc(CC5(CC5)NC(=O)Cc6ccccc6OC)cc4C,CHEMBL1669018,IC50,7.8
5236101,CN(C)C(=O)c1sc2c(Cl)cc(cc2c1c3ccc(CCNC(=O)NS(=O)(=O)c4ccc(C)cc4)cc3)C(F)(F)F,CHEMBL1644013,Ki,7.8
5236112,COc1ccccc1C2(CC2)C(=O)NS(=O)(=O)Cc3ccc(cc3)c4c(sc5c(C)cc(C)cc45)C(=O)N(C)C,CHEMBL1644006,Ki,7.8
5236122,Cn1nc(c(C(=O)NC2(CC2)c3ccc(cc3)C(=O)O)c1Oc4cccc(c4)C(F)(F)F)C(F)(F)F,CHEMBL3670683,Ki,7.8
5236132,O[C@H](CC[C@H]1CCC(=O)N1CCCCCCC(=O)O)Cc2cccc(c2)C(F)(F)F,CHEMBL46395,Ki,7.8
5236143,COc1ccc(cc1)c2ccc(OCc3cc(oc3C)C(=O)NS(=O)(=O)c4ccc(C)cn4)cc2,CHEMBL3260763,Ki,7.82
5236154,Cl.CC[C@H](NC(=O)[C@H]1CCCCN1CCOc2ccccc2)c3ccc(cc3)C(=O)O,CHEMBL3600787,IC50,7.84
5236165,CCOc1c2CN(C(=O)c2c(OCC)c3ccccc13)c4ccc(CC5(CC5)NC(=O)NS(=O)(=O)c6ccccc6C)cc4C,CHEMBL1669010,IC50,7.85
5236176,CN(C)C(=O)c1sc2c(C)cc(C)cc2c1c3ccc(cc3)c4nn[nH]n4,CHEMBL1643999,Ki,7.85
5236186,C[C@H](NC(=O)c1c(C)nn(C)c1Oc2cccc(c2)C(F)(F)F)c3ccc(cc3)C(=O)O,CHEMBL3670681,Ki,7.85
5236196,C[C@H](NC(=O)c1cccc2CCN(Cc3ccc(cc3)C(C)(C)C)c12)c4ccc(cc4)C(=O)O,CHEMBL1645147,Ki,7.85
5236207,Cc1ccc(C(=O)O)c(C)c1NC(=O)c2nc(ccc2C)N3CCCC(CO)C3,CHEMBL3793928,IC50,7.85
5236218,Cc1oc(cc1CNc2ccc(cc2)c3ccccc3)C(=O)NS(=O)(=O)c4ccccc4,CHEMBL3260765,Ki,7.85
5236229,CCOc1c2CN(C(=O)c2c(OCC)c3cccnc13)c4ccc(CS(=O)(=O)NC(=O)Cc5ccccc5OC(F)F)cc4C,CHEMBL257255,Ki,7.89
5236240,CCOc1c2CN(C(=O)c2c(OCC)c3cccnc13)c4ccc(CS(=O)(=O)NC(=O)Cc5ccccn5)cc4C,CHEMBL257886,Ki,7.89
5236251,CN(C)C(=O)c1sc2c(C)cc(C)cc2c1c3ccc(CS(=O)(=O)NC(=O)C4(CC4)c5c(Cl)cccc5Cl)cc3,CHEMBL1644007,Ki,7.89
5236262,COc1ccc(nc1)c2ccc(OCc3cc(oc3C)C(=O)NS(=O)(=O)c4c(C)onc4C)cc2,CHEMBL3260769,Ki,7.89
5236272,C[C@H](NC(=O)c1c(Oc2ccc(Cl)c(Cl)c2)n(C)nc1C(F)(F)F)c3ccc(cc3)C(=O)O,CHEMBL3670686,Ki,7.89
5236282,OC(CCN1CCC(=O)N1CCc2ccc(cc2)C(=O)O)Cc3cccc(Br)c3,CHEMBL249538,Ki,7.89
5236293,OC(Cc1ccccc1)\C=C\[C@H]2CCC(=O)N2CCCCSCC(=O)O,CHEMBL430124,Ki,7.89
5236304,O[C@H](CCN1CCC(=O)N1CCc2ccc(cc2)C(=O)O)Cc3cccc(Br)c3,CHEMBL249953,Ki,7.89
5236315,COc1ccccc1C2(CC2)C(=O)NS(=O)(=O)Cc3ccc(N4Cc5c(OCC(F)(F)F)c6ncccc6c(OCC(F)(F)F)c5C4=O)c(C)c3,CHEMBL270223,Ki,7.92
5236326,OC(\C=C\[C@H]1CCC(=O)N1CCCCCCC(=O)O)C2(CC2)c3ccccc3,CHEMBL280223,Ki,7.92
5236337,CCc1nc2c(C)nc(C)cc2n1c3ccc(CCNC(=O)NS(=O)(=O)c4ccc(C)cc4)cc3,CHEMBL3039498,IC50,7.93
5236348,COc1ccc(cc1)c2ccc(OCc3cc(oc3C)C(=O)NS(=O)(=O)c4ccc(O)cc4)cc2,CHEMBL3260462,Ki,7.96
5236359,Cc1sc(C)c(C(=O)NC2(CC2)c3ccc(cc3)C(=O)O)c1Cc4ccc(cc4)C(F)(F)F,CHEMBL597997,IC50,7.96
5236370,CCOc1c2CN(C(=O)c2c(OCC)c3ccccc13)c4ccc(CC5(CC5)NC(=O)Cc6ccc(Cl)cc6Cl)cc4C,CHEMBL1669014,IC50,7.99
5236383,C[C@H](NC(=O)c1c(Oc2cccc(OC(F)F)c2)n(C)nc1C(F)F)c3ccc(cc3)C(=O)O,CHEMBL3670688,Ki,8.0
5236393,C[C@H](NC(=O)c1cc(Cl)ccc1Oc2ccc(F)cc2)c3ccc(cc3)C(=O)O,CHEMBL591666,IC50,8.0
5236404,OC(\C=C\[C@H]1CCC(=O)N1CCCCCCC(=O)O)c2oc(cc2)C(F)(F)F,CHEMBL45418,Ki,8.0
5236415,CCOc1c2CN(C(=O)c2c(OCC)c3cccnc13)c4ccc(CS(=O)(=O)NC(=O)Cc5ccncc5)cc4C,CHEMBL272571,Ki,8.01
5236426,CCCCC(C)(C)[C@H](O)\C=C\[C@H]1CCC(=O)N1CCc2ccc(cc2)C(=O)O,CHEMBL257658,Ki,8.05
5236437,CCOc1ccccc1CC(=O)NS(=O)(=O)Cc2ccc(N3Cc4c(OCC)c5ncccc5c(OCC)c4C3=O)c(C)c2,CHEMBL255906,Ki,8.05
5236448,Cc1cc(CC2(CC2)NC(=O)NS(=O)(=O)c3ccc4ccccc4c3)ccc1N5Cc6c(OCC(F)(F)F)c7ncccc7c(OCC(F)(F)F)c6C5=O,CHEMBL1669003,IC50,8.05
5236459,CCOc1c2CN(C(=O)c2c(OCC)c3ccccc13)c4ccc(CC5(CC5)NC(=O)NS(=O)(=O)c6ccc(OC(F)(F)F)cc6)cc4C,CHEMBL1669002,IC50,8.08
5236470,OC(=O)CCCCCNC(=O)[C@H](CCCCNC(=O)OCc1ccccc1)NC(=O)c2oc3ccccc3c2,CHEMBL190185,Ki,8.08
5236481,Cc1cc(O)ccc1c2cccc(c2)[C@H](O)CC[C@H]3CCC(=O)N3CCCCCCC(=O)O,CHEMBL296715,Ki,8.09
5236492,CCOc1c2CN(C(=O)c2c(OCC)c3ccccc13)c4ccc(CS(=O)(=O)NC(=O)C(c5ccccc5)c6ccccc6)cc4,CHEMBL404653,Ki,8.1
5236502,C[C@H](NC(=O)c1c(Oc2cccc(c2)C(F)(F)F)n(C)nc1C(F)F)c3ccc(cc3)C(=O)O,CHEMBL3670685,Ki,8.1
5236512,C[C@H](NC(=O)c1cscc1Cc2cccc(Cl)c2)c3ccc(cc3)C(=O)O,CHEMBL599051,Ki,8.1
5236522,Cc1cc(cc(C)c1NC(=O)c2cc(cc3ccccc23)c4ccccc4)C(=O)O,CHEMBL3742015,Ki,8.1
5236532,Cn1nc(C(F)F)c(C(=O)NC2(CC2)c3ccc(cc3)C(=O)O)c1Oc4cccc(c4)C(F)(F)F,CHEMBL3670687,Ki,8.1
5236541,C[C@H](NC(=O)c1c(Cl)sc(Cl)c1C(=O)c2cccc(Cl)c2)c3ccc(cc3)C(=O)O,CHEMBL3695941,Ki,8.13
5236551,C[C@H](NC(=O)c1cccc2CCN(Cc3cccc(c3)C#N)c12)c4ccc(cc4)C(=O)O,CHEMBL1645151,Ki,8.13
5236562,O[C@@H](CC1CCCCC1)\C=C\[C@H]2CCC(=O)N2CCCCCCC(=O)O,CHEMBL42129,Ki,8.13
5236573,O[C@H](CC[C@H]1CCC(=O)N1CCCCCCC(=O)O)c2cccc(c2)C(F)(F)F,CHEMBL291182,Ki,8.13
5236584,CC(C(=O)Nc1ccccc1Cc2ccccc2C(=O)O)c3cccc4ccccc34,CHEMBL3260772,Ki,8.16
5236595,CCCCC[C@H](O)\C=C\[C@H]1CCC(=O)N1CCc2ccc(s2)C(=O)O,CHEMBL224970,Ki,8.16
5236606,O[C@@H](Cc1cccc(c1)C(F)(F)F)\C=C\[C@H]2CCC(=O)N2CCCCOCC(=O)O,CHEMBL373558,Ki,8.16
5236617,C[C@H](NC(=O)c1cccc2CCN(Cc3ccc(cc3Br)C(F)(F)F)c12)c4ccc(cc4)C(=O)O,CHEMBL1645149,Ki,8.17
5236628,Cc1ccc(C(=O)O)c(C)c1NC(=O)c2cc(cc3ccccc23)c4ccccc4,CHEMBL3739435,Ki,8.17
5236639,CN(C)C(=O)c1sc2c(C)cc(C)cc2c1c3ccc(CCNC(=O)NS(=O)(=O)c4ccccc4Cl)cc3,CHEMBL1644005,Ki,8.19
5236650,Cc1ccc(C(=O)O)c(C)c1NC(=O)c2cc(cc3ccccc23)c4cccc(CO)c4,CHEMBL3740223,IC50,8.21
5236661,OC(\C=C\[C@H]1CCC(=O)N1CCCCCCC(=O)O)c2cccc(c2)c3ccccc3Cl,CHEMBL297578,Ki,8.21
5236672,CCCCCC(O)\C=C\[C@H]1CCC(=O)N1CCCCCCC(=O)O,CHEMBL14334,Ki,8.22
5236683,OC(Cc1ccccc1)\C=C\[C@H]2CCC(=O)N2CCCCCCC(=O)O,CHEMBL14359,Ki,8.22
5236694,CN(C)C(=O)c1sc2c(C)cc(C)cc2c1c3ccc(CCNC(=O)NS(=O)(=O)c4ccc(Cl)cc4)cc3,CHEMBL1644004,Ki,8.26
5236705,OC(=O)c1cccc(C[C@@H]2CCCC=C2c3oc(c4ccccc4)c(n3)c5ccccc5)c1,CHEMBL192613,Ki,8.26
5236715,CC(NC(=O)c1sc(Cl)cc1Cc2cccc(Cl)c2)c3ccc(cc3)C(=O)O,CHEMBL3695934,Ki,8.28
5236725,CCCS(=O)(=O)NC(=O)c1oc(C)c(COc2ccc(cc2)c3ccc(OC)cc3)c1,CHEMBL3260461,Ki,8.3
5236736,COc1ccc(cc1)c2ccc(OCc3cc(oc3C)C(=O)NS(=O)(=O)c4ccccc4)cc2,CHEMBL3260456,Ki,8.3
5236747,Cc1cc(O)ccc1c2cccc(c2)C(O)\C=C\[C@H]3CCC(=O)N3CCCCCCC(=O)O,CHEMBL444574,Ki,8.31
5236758,CCOc1c2C(=O)N(Cc2c(OCC)c3ncccc13)c4ccc(CS(=O)(=O)NC(=O)Cc5c(Cl)cccc5Cl)cc4C,CHEMBL272363,Ki,8.32
5236769,CCOc1c2CN(C(=O)c2c(OCC)c3ccccc13)c4ccc(CS(=O)(=O)NC(=O)Cc5cccc6ccccc56)cc4,CHEMBL255529,Ki,8.32
5236780,C[C@H](NC(=O)c1cccc2ccn(Cc3cccc(c3)C(F)(F)F)c12)c4ccc(cc4)C(=O)O,CHEMBL1084551,Ki,8.32
5236792,CCCCC[C@H](O)\C=C\[C@H]1CCC(=O)N1CCCCCCC(=O)O,CHEMBL42027,Ki,8.35
5236803,CCCCC(C)(C)[C@H](O)\C=C\[C@H]1CCC(=O)N1CCSc2nc(cs2)C(=O)O,CHEMBL3752377,EC50,8.38
5236814,CCOc1c2CN(C(=O)c2c(OCC)c3ccccc13)c4ccc(CS(=O)(=O)NC(=O)CCc5ccsc5)cc4,CHEMBL255632,Ki,8.38
5236825,CCOc1c2CN(C(=O)c2c(OCC)c3cccnc13)c4ccc(CS(=O)(=O)NC(=O)C5(CC5)c6ccccc6OC)cc4C,CHEMBL256822,Ki,8.38
5236836,O[C@@H](CC1CCC1)\C=C\[C@H]2CCC(=O)N2CCCCCCC(=O)O,CHEMBL416262,Ki,8.38
5236847,CCCC\C(=C/C=C/[C@H]1CCC(=O)N1CCc2ccc(cc2)C(=O)O)\C,CHEMBL251505,Ki,8.4
5236858,OC(=O)c1ccc(cc1)C2(CC2)NC(=O)c3cccc4CCc5ccc(cc5Oc34)C(F)(F)F,CHEMBL1910023,IC50,8.4
5236869,CCCCC[C@H](O)\C=C\[C@H]1CCC(=O)N1CCSCCCC(=O)O,CHEMBL223151,Ki,8.42
5236880,Cc1ccc(cc1)S(=O)(=O)NC(=O)NCCc2ccc(cc2)c3c(sc4c(C)cc(C)cc34)C(=O)N,CHEMBL1644008,Ki,8.42
5236891,CCOc1c2C(=O)N(Cc2c(OCC)c3ncccc13)c4ccc(CS(=O)(=O)NC(=O)Cc5ccccc5OC)cc4C,CHEMBL402162,Ki,8.44
5236902,COCc1cccc(CC(O)\C=C\[C@H]2CCC(=O)N2CCCCCCC(=O)O)c1,CHEMBL275245,Ki,8.44
5236913,COc1ccc(cc1)c2ccc(OCc3cc(oc3C)C(=O)NS(=O)(=O)c4cccs4)cc2,CHEMBL3260757,Ki,8.44
5236924,Cc1ccc(C(=O)O)c(C)c1NC(=O)c2cc(cc3ccccc23)c4cccc(Cl)c4,CHEMBL3740325,IC50,8.44
5236935,Cc1cc(cc(C)c1NC(=O)c2cc(cc3ccccc23)c4cccc(CO)c4)C(=O)O,CHEMBL3741430,Ki,8.45
5236946,C[C@H](NC(=O)c1c(C)sc(C)c1Cc2ccc(Cl)cc2)c3ccc(cc3)C(=O)O,CHEMBL599262,Ki,8.47
5236956,CCOc1c2CN(C(=O)c2c(OCC)c3ncccc13)c4ccc(CS(=O)(=O)NC(=O)Cc5ccccc5)cc4C,CHEMBL256005,Ki,8.48
5236967,C[C@H](NC(=O)c1c(C)sc(C)c1Cc2cccc(Cl)c2)c3ccc(cc3)C(=O)O,CHEMBL604546,Ki,8.51
5236977,C[C@H](NC(=O)c1cccc2CCN(Cc3ccc(cc3)C#N)c12)c4ccc(cc4)C(=O)O,CHEMBL1645140,Ki,8.51
5236988,Cc1cc(Cl)ccc1c2cccc(c2)C(O)\C=C\[C@H]3CCC(=O)N3CCCCCCC(=O)O,CHEMBL298026,Ki,8.51
5236999,CCCC[C@H](C)C[C@H](O)\C=C\[C@H]1CCC(=O)N1CCSc2nc(cs2)C(=O)O,CHEMBL3754586,EC50,8.52
5237010,COc1ccc(cc1)c2ccc(OCc3cc(oc3C)C(=O)NS(=O)(=O)Cc4ccccc4)cc2,CHEMBL3260758,Ki,8.52
5237021,COc1ccc(nc1)c2ccc(OCc3cc(oc3C)C(=O)NS(=O)(=O)c4ccccc4C)cc2,CHEMBL1628698,Ki,8.52
5237032,[Na+].COc1ccc(nc1)c2ccc(OCc3cc(oc3C)C(=O)[N-]S(=O)(=O)c4ccccc4C)cc2,CHEMBL3260771,Ki,8.52
5237044,CCCCC[C@H](O)\C=C\[C@H]1CCC(=O)N1CCc2ccc(cc2)C(=O)O,CHEMBL222715,Ki,8.54
5237055,C[C@H](NC(=O)c1cccc2ccn(Cc3cccc(Cl)c3)c12)c4ccc(cc4)C(=O)O,CHEMBL1085081,Ki,8.57
5237065,CC(NC(=O)c1sc(Cl)cc1Cc2cccc(Cl)c2)c3ccc(cc3)c4nn[nH]n4,CHEMBL3695935,Ki,8.59
5237075,CN(C)C(=O)c1sc2c(C)cc(C)cc2c1c3ccc(CCNC(=O)NS(=O)(=O)c4ccc(C)cc4)cc3,CHEMBL1644003,Ki,8.59
5237087,CCCC[C@H](O)\C=C\[C@H]1CCC(=O)N1CCc2ccc(cc2)C(=O)O,CHEMBL251294,Ki,8.6
5237098,C[C@H](NC(=O)c1c(C)sc(C)c1Cc2cccc(c2)C(F)(F)F)c3ccc(cc3)C(=O)O,CHEMBL605330,Ki,8.6
5237109,O[C@H](Cc1ccccc1)\C=C\[C@H]2CCC(=O)N2CCCCCCc3nnn[nH]3.O[C@@H](Cc4ccccc4)\C=C\[C@H]5CCC(=O)N5CCCCCCc6nnn[nH]6,CHEMBL1794823,Ki,8.6
5237120,CCOc1c2CN(C(=O)c2c(OCC)c3ccccc13)c4ccc(CS(=O)(=O)NC(=O)Cc5cccc(OC)c5)cc4,CHEMBL404440,Ki,8.62
5237131,C[C@H](NC(=O)c1cc(F)cc2ccn(Cc3cccc(Cl)c3)c12)c4ccc(cc4)C(=O)O,CHEMBL1085041,Ki,8.62
5237142,CCOc1c2CN(C(=O)c2c(OCC)c3cccnc13)c4ccc(CS(=O)(=O)NC(=O)C5(CC5)c6c(OC)cccc6OC)cc4C,CHEMBL405446,Ki,8.64
5237153,CCOc1c2CN(C(=O)c2c(OCC)c3cccnc13)c4ccc(CS(=O)(=O)NC(=O)Cc5c(OC)cccc5C(=O)C)cc4C,CHEMBL256873,Ki,8.64
5237164,C[C@H](NC(=O)c1cccc2CCN(Cc3ccc(Cl)cc3Br)c12)c4ccc(cc4)C(=O)O,CHEMBL1645144,Ki,8.64
5237175,CCCCC1(CCC1)[C@@H](O)\C=C\[C@H]2CCC(=O)N2CCc3ccc(cc3)C(=O)O,CHEMBL272277,Ki,8.7
5237186,CCOc1c2CN(C(=O)c2c(OCC)c3ccccc13)c4ccc(CS(=O)(=O)NC(=O)Cn5nccc5C)cc4,CHEMBL403492,Ki,8.7
5237197,C[C@H](NC(=O)c1cccc2CCc3ccc(cc3Oc12)C(F)(F)F)c4ccc(cc4)C(=O)O,CHEMBL1910022,IC50,8.7
5237208,Cc1oc(cc1CNc2ccc(cc2)c3ccccc3)C(=O)NS(=O)(=O)c4ccccc4C,CHEMBL3260766,Ki,8.7
5237219,COC(=O)c1sc2c(C)cc(C)cc2c1c3ccc(Cc4nn[nH]n4)cc3,CHEMBL1643997,Ki,8.72
5237229,C[C@H](NC(=O)c1c(Cl)sc(Cl)c1C(O)c2cccc(Cl)c2)c3ccc(cc3)C(=O)O,CHEMBL3695940,Ki,8.75
5237239,C[C@H](NC(=O)c1cccc2CCN(Cc3ccc(F)cc3)c12)c4ccc(cc4)C(=O)O,CHEMBL1645136,Ki,8.75
5237250,Cc1ccc(nc1C(=O)Nc2c(C)cc(cc2C)C(=O)O)N3CCC(F)(F)CC3,CHEMBL3793002,IC50,8.79
5237261,COc1cccc(OC)c1C2(CC2)C(=O)NS(=O)(=O)Cc3ccc(N4Cc5c(OCC(F)(F)F)c6ncccc6c(OCC(F)(F)F)c5C4=O)c(C)c3,CHEMBL404199,Ki,8.8
5237272,O[C@@H](Cc1cccc(c1)C(F)(F)F)\C=C\[C@H]2CCC(=O)N2CCCCCCC(=O)O,CHEMBL45008,Ki,8.8
5237283,Cc1ccc(C(=O)O)c(C)c1NC(=O)c2nc(ccc2C)c3cccc(Cl)c3,CHEMBL3753372,IC50,8.81
5237294,C[C@H](NC(=O)c1cccc2CCN(Cc3ccc(OC(F)(F)F)cc3)c12)c4ccc(cc4)C(=O)O,CHEMBL1645139,Ki,8.82
5237305,C[C@H](NC(=O)c1c(C)sc(C)c1Cc2ccc(cc2)C(F)(F)F)c3ccc(cc3)C(=O)O,CHEMBL603690,Ki,8.85
5237315,O[C@@H](Cc1ccccc1)\C=C\[C@H]2CCC(=O)N2CCCCCCc3nnn[nH]3,CHEMBL275667,IC50,8.85
5237326,COc1ccc(cc1)c2ccc(OCc3cc(oc3C)C(=O)NS(=O)(=O)c4c(C)onc4C)cc2,CHEMBL3260463,Ki,8.89
5237337,C[C@H](NC(=O)c1c(Cl)sc(Cl)c1Cc2cccc(Cl)c2)c3ccc(cc3)C(=O)O,CHEMBL599052,Ki,8.89
5237347,Cc1oc(cc1COc2ccc(cc2)c3ccc(OC(F)F)cc3)C(=O)NS(=O)(=O)c4ccccc4,CHEMBL3260457,Ki,8.89
5237358,CCCCCC[C@H](O)\C=C\[C@H]1CCC(=O)N1CCc2ccc(cc2)C(=O)O,CHEMBL257217,Ki,9.0
5237369,CCOc1c2CN(C(=O)c2c(OCC)c3ccccc13)c4ccc(CS(=O)(=O)NC(=O)C5CCCc6ccccc56)cc4,CHEMBL401795,Ki,9.0
5237380,C[C@H](NC(=O)c1cccc2CCN(Cc3ccc(cc3)C(F)(F)F)c12)c4ccc(cc4)c5nn[nH]n5,CHEMBL1645152,Ki,9.0
5237391,O[C@@H](CCC1CCC1)\C=C\[C@H]2CCC(=O)N2CCc3ccc(cc3)C(=O)O,CHEMBL222782,Ki,9.0
5237402,Cc1cc(Cl)ccc1c2cccc(c2)[C@H](O)CC[C@H]3CCC(=O)N3CCc4ccc(cc4)C(=O)O,CHEMBL222677,Ki,9.03
5237413,OC(=O)CCCCCNC(=O)[C@H](CCCNC(=O)OCc1ccccc1)NC(=O)c2oc3ccccc3c2,CHEMBL192729,Ki,9.04
5237424,C[C@@H](NC(=O)c1c(Cl)sc(Cl)c1Cc2cccc(Cl)c2)c3ccc(cc3)C(=O)O,CHEMBL591431,Ki,9.05
5237434,OC(=O)c1ccc(CNC(=O)c2c(Cl)sc(Cl)c2Cc3cccc(Cl)c3)cc1,CHEMBL601299,Ki,9.05
5237444,C[C@H](NC(=O)c1cc(Cl)cc2ccn(Cc3cccc(Cl)c3)c12)c4ccc(cc4)C(=O)O,CHEMBL1085040,Ki,9.09
5237455,CCCCC[C@H](O)\C=C\[C@H]1[C@H](O)CC(=O)N1C\C=C\CCCC(=O)O,CHEMBL413509,Ki,9.1
5237465,C[C@H](NC(=O)c1c(Cl)sc(Cl)c1Cc2cccc(c2)C(F)(F)F)c3ccc(cc3)C(=O)O,CHEMBL3695943,Ki,9.1
5237475,Cc1sc(C)c(C(=O)NC2(CC2)c3ccc(cc3)C(=O)O)c1Cc4cccc(c4)C(F)(F)F,CHEMBL603462,Ki,9.1
5237485,C[C@H](NC(=O)c1cccc2CCN(Cc3ccc(C)cc3)c12)c4ccc(cc4)C(=O)O,CHEMBL1645148,Ki,9.11
5237495,C[C@H](NC(=O)c1csc(Br)c1Cc2cccc(Cl)c2)c3ccc(cc3)C(=O)O,CHEMBL3695936,Ki,9.15
5237505,COCc1cccc(C[C@H](O)\C=C\[C@H]2CCC(=O)N2CCc3ccc(cc3)C(=O)O)c1,CHEMBL222834,Ki,9.16
5237515,Cc1sc(C)c(C(=O)NC2(CC2)c3ccc(cc3)c4nn[nH]n4)c1Cc5cccc(c5)C(F)(F)F,CHEMBL3695945,Ki,9.16
5237525,Cc1cc(cc(C)c1NC(=O)c2nc(ccc2C(F)(F)F)c3cccc(CO)c3)C(=O)O,CHEMBL3752948,IC50,9.17
5237536,O=C(NOCc1ccccc1)c2cccc(C[C@@H]3CCCC=C3c4oc(c5ccccc5)c(n4)c6ccccc6)c2,CHEMBL371394,Ki,9.17
5237547,C[C@H](NC(=O)c1cc(cc2CCN(Cc3ccc(cc3)C(F)(F)F)c12)C(F)(F)F)c4ccc(cc4)C(=O)O,CHEMBL1645154,Ki,9.18
5237558,Cc1sc(C)c(C(=O)NC2(CC2)c3ccc(cc3)c4nnn[nH]4)c1Cc5ccc(cc5)C(F)(F)F,CHEMBL598198,Ki,9.2
5237569,C[C@H](NC(=O)c1cccc2ccn(Cc3ccc(cc3)C(F)(F)F)c12)c4ccc(cc4)C(=O)O,CHEMBL1084553,Ki,9.21
5237580,Cc1oc(cc1COc2ccc(cc2)c3ccc(OC(F)F)cc3)C(=O)NS(=O)(=O)c4c(C)onc4C,CHEMBL3260767,Ki,9.22
5237591,CNC(=O)c1sc2c(C)cc(C)cc2c1c3ccc(CCNC(=O)NS(=O)(=O)c4ccc(C)cc4)cc3,CHEMBL1644009,Ki,9.3
1127281,O[C@@H](Cc1ccccc1)\C=C\[C@H]2CCC(=O)N2CCSc3nc(cs3)C(=O)O,CHEMBL1933725,EC50,9.3
5237603,C[C@H](NC(=O)c1c(Br)sc(Br)c1Cc2cccc(Cl)c2)c3ccc(cc3)C(=O)O,CHEMBL3695937,Ki,9.33
5237612,CC(C)[C@@H](OCCOc1ccccc1)C(=O)N[C@@H](C)c2ccc(cc2)C(=O)O,CHEMBL3667607,Ki,9.35
5237622,C[C@H](NC(=O)c1cc(Cl)cc2ccn(Cc3ccc(cc3)C(F)(F)F)c12)c4ccc(cc4)C(=O)O,CHEMBL1083400,Ki,9.36
5237633,C[C@H](NC(=O)c1cccc2CCN(Cc3ccc(Cl)cc3)c12)c4ccc(cc4)C(=O)O,CHEMBL1645135,Ki,9.36
5237644,C[C@H](NC(=O)c1cccc2CCN(Cc3cccc(Cl)c3)c12)c4ccc(cc4)C(=O)O,CHEMBL1645133,Ki,9.36
5237655,CCOc1c2CN(C(=O)c2c(OCC)c3ccccc13)c4ccc(CS(=O)(=O)NC(=O)Cc5c(C)cc(C)cc5C)cc4,CHEMBL271070,Ki,9.37
5237666,CCOc1c2CN(C(=O)c2c(OCC)c3cccnc13)c4ccc(CS(=O)(=O)NC(=O)Cc5ccccc5C(F)(F)F)cc4C,CHEMBL270397,Ki,9.37
5237677,C[C@H](NC(=O)c1cc(Cl)cc2CCN(Cc3ccc(cc3)C(F)(F)F)c12)c4ccc(cc4)C(=O)O,CHEMBL1645153,Ki,9.4
5237688,C[C@H](NC(=O)c1cccc2CCN(Cc3cccc(c3)C(F)(F)F)c12)c4ccc(cc4)C(=O)O,CHEMBL1645138,Ki,9.4
5237699,CCOc1c2CN(C(=O)c2c(OCC)c3ccccc13)c4ccc(CS(=O)(=O)NC(=O)COc5ccccc5)cc4,CHEMBL256183,Ki,9.42
5237710,C[C@H](NC(=O)c1cccc2ccn(Cc3cc(Cl)cc(OC(F)(F)F)c3)c12)c4ccc(cc4)C(=O)O,CHEMBL1084552,Ki,9.42
5237721,C[C@H](NC(=O)c1cc(F)cc2CCN(Cc3ccc(cc3)C(F)(F)F)c12)c4ccc(cc4)C(=O)O,CHEMBL1645155,Ki,9.43
5237732,C[C@H](NC(=O)c1cccc2CCN(Cc3ccc(cc3)C(F)(F)F)c12)c4ccc(cc4)C(=O)O,CHEMBL1645137,Ki,9.43
5237743,C[C@H](NC(=O)c1cccc2CCN(Cc3ccc(Cl)c(Cl)c3)c12)c4ccc(cc4)C(=O)O,CHEMBL1645134,Ki,9.47
5237754,OC(=O)c1ccc(cc1)C2(CC2)NC(=O)c3cccc4ccn(Cc5ccc(cc5)C(F)(F)F)c34,CHEMBL1084009,Ki,9.47
5237765,C[C@H](NC(=O)c1cccc2CCN(Cc3cc(Br)cc(Br)c3)c12)c4ccc(cc4)C(=O)O,CHEMBL1645142,Ki,9.48
5237776,CCOc1c2CN(C(=O)c2c(OCC)c3ccccc13)c4ccc(CS(=O)(=O)NC(=O)Cc5ccccc5)cc4,CHEMBL255422,Ki,9.51
5237787,OC(=O)c1ccc(cc1)C2(CC2)NC(=O)c3cc(Cl)cc4ccn(Cc5ccc(cc5)C(F)(F)F)c34,CHEMBL1086490,Ki,9.51
5237798,Cc1oc(cc1CNc2ccc(cc2)c3ccc(OC(F)F)cc3)C(=O)NS(=O)(=O)c4ccccc4C,CHEMBL3260768,Ki,9.52
5237809,O=C(NS(=O)(=O)Cc1ccccc1)c2cccc(C[C@@H]3CCCC=C3c4oc(c5ccccc5)c(n4)c6ccccc6)c2,CHEMBL191638,Ki,9.52
5237820,C[C@H](NC(=O)c1cccc2CCN(Cc3ccc(cc3)c4ccccc4)c12)c5ccc(cc5)C(=O)O,CHEMBL1645141,Ki,9.55
5237831,O[C@@H](Cc1ccccc1)\C=C\[C@H]2CCC(=O)N2CCc3ccc(cc3)C(=O)O,CHEMBL272276,Ki,10.3
5237842,O[C@@H](Cc1cccc(Cl)c1)\C=C\[C@H]2CCC(=O)N2CCc3ccc(cc3)C(=O)O,CHEMBL258332,Ki,10.7
