id,smiles,name,assay_type,activity_value
8315618,[H][C@@]1(O)CC(=O)[C@]([H])(CCCCCCC(=O)OC)[C@@]1([H])\C=C\CC(C)(O)CCCC,misoprostol,Ki,6.5
278360,CCCCC[C@H](O)\C=C\[C@H]1[C@H](O)CC(=O)[C@@H]1C\C=C/CCCC(O)=O,dinoprostone,Ki,9.48
8315645,CCC(CC)c1nnc(NC(=O)c2ccc3OCCOc3c2)s1,CHEMBL557109,Ki,7.0
8315656,COc1ccc(cc1)S(=O)(=O)NC(=O)\C=C\c2cn(C)c3cccc(Oc4ccc5ccccc5c4)c23,CHEMBL518522,IC50,7.0
8315667,OC(=O)\C=C\c1ccccc1C\C=C\c2ccccc2,CHEMBL376282,Ki,7.0
8315679,OC(=O)\C=C\c1ccccc1C\C=C\c2ccccc2.OC(=O)\C=C\c3ccccc3\C=C\Cc4ccccc4,CHEMBL1237315,Ki,7.0
8315690,O=C(NS(=O)(=O)c1cccs1)\C=C\c2cccc3ccn(Cc4ccccc4)c23,CHEMBL566211,IC50,7.01
8315701,CC1C(=O)N(Cc2ccc(F)c(F)c2)c3c(\C=C\C(=O)NS(=O)(=O)c4ccc(Cl)c(Cl)c4)cccc13,CHEMBL1093124,IC50,7.02
8315712,CC1C(=O)N(Cc2ccc3ccccc3c2)c4c(\C=C\C(=O)NS(=O)(=O)c5cccs5)cccc14,CHEMBL1090342,IC50,7.02
8315723,Clc1cc(sc1Cl)S(=O)(=O)NC(=O)COc2cccc3[nH]cc(c23)S(=O)(=O)c4ccccn4,CHEMBL481590,IC50,7.02
8315734,Clc1ccc(CN2C(=O)Cc3cccc(\C=C\C(=O)NS(=O)(=O)c4cc(Cl)c(Cl)s4)c23)c(Cl)c1,CHEMBL1091893,IC50,7.03
8315745,Cn1cc(\C=C\C(=O)NS(=O)(=O)c2ccc(Cl)c(Cl)c2)c3c(Oc4ccc5ccccc5c4)cccc13,CHEMBL460322,IC50,7.03
8315756,Clc1cc(sc1Cl)S(=O)(=O)NC(=O)CCc2csc3ncc(\C=C\c4ccc5ccccc5c4)n23,CHEMBL567272,IC50,7.05
8315767,Cn1cc(\C=C\C(=O)NS(=O)(=O)c2cc(Cl)c(Cl)s2)c3c(Oc4ccc5ccccc5c4)cccc13,CHEMBL490693,IC50,7.05
8315778,Cn1nnnc1S(=O)(=O)c2c[nH]c3cccc(OCC(=O)NS(=O)(=O)c4cc(Cl)c(Cl)s4)c23,CHEMBL464073,IC50,7.05
8315789,OC(=O)CCc1ccccc1c2cccc(c2)c3ccccc3COc4ccccc4,CHEMBL127482,Ki,7.05
8315800,COc1cc(Cn2ccc3cccc(\C=C\C(=O)NS(=O)(=O)c4cccs4)c23)cc(OC)c1,CHEMBL565598,IC50,7.06
8315811,Cn1cc(\C=C\C(=O)NS(=O)(=O)c2cc(F)c(F)cc2F)c3c(Oc4ccc(F)cc4F)cccc13,CHEMBL514808,IC50,7.07
8315822,CC12CCCC(=C1N(Cc3ccc(F)cc3)C(=O)C2)\C=C\C(=O)NS(=O)(=O)c4cc(F)cc(F)c4,CHEMBL482158,IC50,7.08
8315833,Clc1cc(sc1Cl)S(=O)(=O)NC(=O)\C=C\c2cccc3c2N(Cc4ccc5ccccc5c4)C(=O)C36OCCO6,CHEMBL1091165,IC50,7.08
8315844,OC(=O)\C=C\c1ccccc1c2cccc(c2)c3ccccc3OCc4ccccc4,CHEMBL340501,Ki,7.08
8315855,CCCCCC(O)c1ccc(cc1)[C@H]2CCC(=O)[C@@H]2CCCCCCC(=O)O,CHEMBL1722929,Ki,7.09
8315866,Cn1cc(\C=C\C(=O)NS(=O)(=O)c2ccc(F)c(F)c2)c3c(Oc4ccc(F)c(Cl)c4)cccc13,CHEMBL461390,IC50,7.09
8315877,Clc1ccc(Cn2cnc3cccc(OCC(=O)NS(=O)(=O)c4cc(Cl)c(Cl)s4)c23)c(Cl)c1,CHEMBL565992,IC50,7.1
8315888,Clc1ccccc1S(=O)(=O)NC(=O)COc2cccc3[nH]cc(c23)S(=O)(=O)c4ccc5ccccc5c4,CHEMBL465297,IC50,7.1
8315899,CCN1CCOc2ccc(cc12)C(=O)Nc3nnc(s3)C4CC4,CHEMBL3798598,Ki,7.11
8315910,Cc1ccc(Cn2ccc3cccc(\C=C\C(=O)NS(=O)(=O)c4cccs4)c23)cc1C,CHEMBL565988,IC50,7.15
8315922,COc1ccc(C\C=C\c2ccccc2\C=C\C(=O)O)cc1.COc3ccc(\C=C\Cc4ccccc4\C=C\C(=O)O)cc3,CHEMBL1237316,Ki,7.17
8315933,COc1ccc(\C=C\Cc2ccccc2\C=C\C(=O)O)cc1,CHEMBL219590,Ki,7.17
8315944,CN1C(=O)C(Nc2ccc(Cl)c(Cl)c2)c3c(OCC(=O)NS(=O)(=O)c4cc(Cl)c(Cl)s4)cccc13,CHEMBL567690,IC50,7.18
8315955,Clc1cc(sc1Cl)S(=O)(=O)NC(=O)COc2cccc3[nH]cc(Sc4ncc[nH]4)c23,CHEMBL518387,IC50,7.18
8315966,CCn1ncc2c(F)cc(cc12)C(=O)Nc3nnc(s3)C4(C)CN(C4)C(=O)C,CHEMBL3798781,Ki,7.19
8315977,Cc1ccc(OCc2ccccc2)c(CCCc3ccccc3CCC(=O)O)c1,CHEMBL220820,Ki,7.19
8315988,Cc1cccc(CCCc2ccccc2CCC(=O)O)c1OCc3ccccc3,CHEMBL180343,Ki,7.19
8315999,FC1(F)C(=O)N(Cc2ccc(Cl)cc2Cl)c3c(\C=C\C(=O)NS(=O)(=O)c4cc(Cl)c(Cl)s4)cccc13,CHEMBL1090499,IC50,7.19
8316010,Fc1ccc(cc1)S(=O)(=O)NC(=O)\C=C\c2cccc3c2N(Cc4ccc(Cl)cc4Cl)C(=O)C3(F)F,CHEMBL1093239,IC50,7.19
8316021,CCn1ncc2c(F)cc(cc12)C(=O)Nc3nnc(s3)C4CC4,CHEMBL3797387,IC50,7.21
8316032,Cn1cc(\C=C\C(=O)NS(=O)(=O)c2cc(F)c(F)cc2F)c3c(Oc4ccc(F)c(Cl)c4)cccc13,CHEMBL472754,IC50,7.21
8316043,OC(=O)\C=C\c1ccccc1C\C=C/c2ccccc2Oc3ccccc3.OC(=O)\C=C\c4ccccc4\C=C\Cc5ccccc5Oc6ccccc6,CHEMBL1237304,Ki,7.22
8316054,Cc1cn(Cc2ccc(F)c(F)c2)c3c(cc(F)cc13)c4onc(NS(=O)(=O)c5cc(Cl)c(Cl)s5)c4,CHEMBL1081902,IC50,7.23
8316065,Cn1nnnc1Sc2c[nH]c3cccc(OCC(=O)NS(=O)(=O)c4cc(Cl)c(Cl)s4)c23,CHEMBL481984,IC50,7.23
8316076,CC12CCCC(=C1N(Cc3ccc(Cl)cc3Cl)C(=O)C2)\C=C\C(=O)NS(=O)(=O)c4cccs4,CHEMBL482155,IC50,7.24
8316087,Cc1ccc(OCc2ccccc2)c(CCCc3ccccc3CCC(=O)NS(=O)(=O)c4cccs4)c1,CHEMBL220821,Ki,7.25
8316098,Clc1ccc(CN2C(=O)Cc3cccc(\C=C\C(=O)NS(=O)(=O)c4cccs4)c23)c(Cl)c1,CHEMBL1092229,IC50,7.25
8316109,Fc1ccc(CN2C(=O)Cc3cccc(\C=C\C(=O)NS(=O)(=O)c4cc(Cl)c(Cl)s4)c23)cc1F,CHEMBL1091146,IC50,7.26
8316120,Fc1ccc(CN2C(=O)Cc3cccc(\C=C\C(=O)NS(=O)(=O)c4ccc(Cl)c(Cl)c4)c23)cc1F,CHEMBL1092871,IC50,7.26
8316131,OC(=O)CCc1ccccc1c2cccc(c2)c3ccccc3OCc4ccccc4,CHEMBL338388,Ki,7.26
8316142,Cn1cc(\C=C\C(=O)NS(=O)(=O)c2cc(F)c(F)cc2F)c3c(Oc4ccc(Cl)c(F)c4)cccc13,CHEMBL521777,IC50,7.27
8316153,Cn1cc(\C=C\C(=O)NS(=O)(=O)c2ccc(Cl)cc2Cl)c3c(Oc4ccc5ccccc5c4)cccc13,CHEMBL516789,IC50,7.27
8316164,CCn1ncc2c(F)cc(cc12)C(=O)Nc3nnc(s3)C4(C)CCN(C4)C(=O)C,CHEMBL3797483,Ki,7.28
8316175,Cc1cccc(OCCCOc2ccc(cc2)c3ccccc3CCC(=O)NS(=O)(=O)c4cccs4)c1,CHEMBL87263,Ki,7.28
8316186,O=C(COc1cccc2[nH]cc(c12)S(=O)(=O)c3ccc4ccccc4c3)NS(=O)(=O)c5ccccc5,CHEMBL481783,IC50,7.28
8316197,OC(=O)CNc1ccccc1c2csc(c2)c3ccccc3OCc4ccccc4,CHEMBL124675,Ki,7.28
8316208,Cn1cc(\C=C\C(=O)NS(=O)(=O)c2ccc(F)c(F)c2)c3c(Oc4ccc(Cl)c(Cl)c4)cccc13,CHEMBL489310,IC50,7.29
8316219,CCCCC(C)(C)[C@H](O)\C=C\[C@H]1COC(=O)N1CCSc2nc(cs2)C(=O)O,CHEMBL3753853,EC50,7.3
8316230,OC(=O)\C=C\c1ccccc1C\C=C/c2cccc(OCc3ccccc3)c2.OC(=O)\C=C\c4ccccc4\C=C\Cc5cccc(OCc6ccccc6)c5,CHEMBL1237298,Ki,7.3
8316241,Clc1ccccc1S(=O)(=O)NC(=O)COc2cccc3[nH]cc(Sc4ccc5ccccc5c4)c23,CHEMBL482380,IC50,7.31
8316252,Fc1ccc(CN2C(=O)Cc3cccc(\C=C\C(=O)NS(=O)(=O)c4ccc(F)c(F)c4)c23)cc1F,CHEMBL1088847,IC50,7.32
8316263,Cc1cn(Cc2cn3ccccc3n2)c4c(\C=C\C(=O)NS(=O)(=O)c5ccc(F)cc5)cc(F)cc14,CHEMBL566013,IC50,7.33
8316274,OC(=O)\C=C\c1ccccc1Cc2ccc3ccccc3c2,CHEMBL423815,Ki,7.33
8316285,O=C(CCc1ccccc1c2ccc(CSCCc3ccccc3)cc2)NS(=O)(=O)c4cccs4,CHEMBL83518,Ki,7.34
8316296,OC(=O)\C=C\c1ccccc1Cc2ccc3cc(OCc4ccccc4)ccc3c2,CHEMBL218263,Ki,7.34
8316307,OCC1(CO)C(=O)N(Cc2ccc(F)c(F)c2)c3c(\C=C\C(=O)NS(=O)(=O)c4ccc(F)c(F)c4)cccc13,CHEMBL1089114,IC50,7.34
8316318,Clc1ccc(c(Cl)c1)S(=O)(=O)c2c[nH]c3cccc(OCC(=O)NS(=O)(=O)c4cc(Cl)c(Cl)s4)c23,CHEMBL480609,IC50,7.35
8316329,Cn1cc(\C=C\C(=O)NS(=O)(=O)c2cc(F)c(F)cc2F)c3c(Oc4ccc(Cl)c(Cl)c4)cccc13,CHEMBL475348,IC50,7.35
8316340,Cn1cc(\C=C\C(=O)NS(=O)(=O)c2cc(F)cc(F)c2)c3c(Oc4ccc5ccccc5c4)cccc13,CHEMBL517282,IC50,7.35
8316351,Cc1cn(Cc2ccc(F)c(F)c2)c3c(cc(F)cc13)c4onc(NS(=O)(=O)c5ccc(F)c(F)c5)c4,CHEMBL1079767,IC50,7.36
8316362,Clc1cc(sc1Cl)S(=O)(=O)NC(=O)COc2cccc3[nH]cc(c23)S(=O)(=O)c4nc5ccccc5s4,CHEMBL513305,IC50,7.36
8316373,Clc1ccccc1S(=O)(=O)c2c[nH]c3cccc(OCC(=O)NS(=O)(=O)c4cc(Cl)c(Cl)s4)c23,CHEMBL469304,IC50,7.37
8316384,NC(=O)Cc1ccc(Sc2c[nH]c3cccc(OCC(=O)NS(=O)(=O)c4cc(Cl)c(Cl)s4)c23)cc1,CHEMBL479435,IC50,7.37
8316395,FC(F)(F)c1ccccc1Cn2ccc3cccc(\C=C\C(=O)NS(=O)(=O)c4cccs4)c23,CHEMBL584279,IC50,7.38
8316406,Fc1ccc(CN2C(=O)Cc3cccc(\C=C\C(=O)NS(=O)(=O)c4cc(F)c(F)cc4F)c23)cc1F,CHEMBL1091145,IC50,7.38
8316417,Cc1cccc(C2CC2c3ccccc3CCC(=O)O)c1OCc4ccccc4,CHEMBL180752,Ki,7.39
8316428,Cc1onc(C)c1S(=O)(=O)NC(=O)COc2cccc3[nH]cc(c23)S(=O)(=O)c4ccc5ccccc5c4,CHEMBL481183,IC50,7.39
8316439,O=C(NS(=O)(=O)c1cccs1)\C=C\c2ccccc2S(=O)(=O)c3ccc4ccccc4c3,CHEMBL2204339,Ki,7.39
8316450,Clc1ccc(s1)S(=O)(=O)NC(=O)COc2cccc3[nH]cc(c23)S(=O)(=O)c4ccc5ccccc5c4,CHEMBL481782,IC50,7.4
8316461,O=C(COc1cccc2[nH]cc(c12)S(=O)(=O)c3ccc4ccccc4c3)NS(=O)(=O)c5cccs5,CHEMBL465298,IC50,7.4
8316472,CC1C(=O)N(Cc2ccc(F)c(F)c2)c3c(\C=C\C(=O)NS(=O)(=O)c4cccc(Cl)c4)cccc13,CHEMBL1090498,IC50,7.41
8316483,Clc1cc(sc1Cl)S(=O)(=O)NC(=O)COc2cccc3[nH]cc(Sc4nc[nH]n4)c23,CHEMBL480604,IC50,7.42
8316494,Cc1cn(Cc2ccc3ccccc3c2)c4c(\C=C\C(=O)NS(=O)(=O)c5cc(Cl)c(Cl)s5)cc(F)cc14,CHEMBL565799,IC50,7.44
8316505,Cc1nnc(Sc2c[nH]c3cccc(OCC(=O)NS(=O)(=O)c4cc(Cl)c(Cl)s4)c23)s1,CHEMBL517316,IC50,7.44
8316516,O=C(NS(=O)(=O)c1cccs1)\C=C\c2cccc3CCN(c23)S(=O)(=O)c4ccc5ccccc5c4,CHEMBL567484,IC50,7.44
8316527,Fc1ccc(CN2C(=O)Cc3cccc(\C=C\C(=O)NS(=O)(=O)c4cccc(Cl)c4)c23)cc1F,CHEMBL1088848,IC50,7.45
8316538,CC(CC(=O)O)c1ccccc1c2csc(c2)c3ccccc3OCc4ccccc4,CHEMBL332446,Ki,7.46
8316549,Cn1cc(\C=C\C(=O)NS(=O)(=O)c2cccc(Cl)c2)c3c(Oc4ccc5ccccc5c4)cccc13,CHEMBL490692,IC50,7.46
8316560,COc1ccc(Cn2ccc3cccc(\C=C\C(=O)NS(=O)(=O)c4cccs4)c23)cc1,CHEMBL584495,IC50,7.47
8316571,COc1cccc(c1)S(=O)(=O)c2c[nH]c3cccc(OCC(=O)NS(=O)(=O)c4cc(Cl)c(Cl)s4)c23,CHEMBL464059,IC50,7.47
8316582,Clc1cc(sc1Cl)S(=O)(=O)NC(=O)COc2cccc3[nH]cc(Sc4ccccc4)c23,CHEMBL518110,IC50,7.47
8316593,Fc1ccc(cc1)S(=O)(=O)NC(=O)\C=C\c2cccc3C(=O)C(=O)N(Cc4ccc5ccccc5c4)c23,CHEMBL1090455,IC50,7.47
8316604,Cc1ccc(c(C)c1)S(=O)(=O)c2c[nH]c3cccc(OCC(=O)NS(=O)(=O)c4cc(Cl)c(Cl)s4)c23,CHEMBL518109,IC50,7.48
8316615,CCn1ncc2c(C)cc(cc12)C3=CC=C(C(=O)N3)[C@@]4(C)CCNC4=O,CHEMBL3589085,Ki,7.5
8316626,Clc1ccc(cc1)S(=O)(=O)c2c[nH]c3cccc(OCC(=O)NS(=O)(=O)c4cc(Cl)c(Cl)s4)c23,CHEMBL464905,IC50,7.5
8316637,COC(=O)C12CCCC(=C1N(Cc3ccc(F)c(F)c3)C(=O)C2)\C=C\C(=O)NS(=O)(=O)c4cc(Cl)c(Cl)s4,CHEMBL479657,IC50,7.52
8316648,COc1ccc(cc1)S(=O)(=O)c2c[nH]c3cccc(OCC(=O)NS(=O)(=O)c4cc(Cl)c(Cl)s4)c23,CHEMBL464906,IC50,7.52
8316659,Cn1cc(\C=C\C(=O)NS(=O)(=O)c2cc(F)c(F)cc2F)c3c(Oc4ccc5ccccc5c4)cccc13,CHEMBL460325,IC50,7.55
8316670,Clc1ccc(Sc2c[nH]c3cccc(OCC(=O)NS(=O)(=O)c4cc(Cl)c(Cl)s4)c23)c(Cl)c1,CHEMBL465122,IC50,7.56
8316681,Cn1cc(\C=C\C(=O)NS(=O)(=O)c2ccc(F)c(F)c2)c3c(Oc4ccc(Cl)cc4)cccc13,CHEMBL518237,IC50,7.56
8316692,Cn1nc(NC(=O)c2ccc3ccccc3c2)c4c(\C=C\C(=O)NS(=O)(=O)c5cc(Cl)c(Cl)s5)cccc14,CHEMBL585582,IC50,7.56
8316703,NC(=O)Cc1ccc(cc1)S(=O)(=O)c2c[nH]c3cccc(OCC(=O)NS(=O)(=O)c4cc(Cl)c(Cl)s4)c23,CHEMBL464042,IC50,7.56
8316714,O=C(COc1cccc2[nH]cc(Sc3ccc4ccccc4c3)c12)NS(=O)(=O)c5cccs5,CHEMBL520290,IC50,7.56
8316725,Fc1cc(F)cc(c1)S(=O)(=O)NC(=O)COc2cccc3[nH]cc(c23)S(=O)(=O)c4ccc5ccccc5c4,CHEMBL480992,IC50,7.57
8316736,Fc1ccc(cc1)S(=O)(=O)NC(=O)\C=C\c2cccc3c2N(Cc4ccc5ccccc5c4)C(=O)C3(F)F,CHEMBL1090888,IC50,7.57
8316960,O=C(CCc1ccccc1c2cccc(CSCCc3ccccc3)c2)NS(=O)(=O)c4cccs4,CHEMBL86933,Ki,7.57
8316971,O=C(COc1cccc2C=CC(=O)N(Cc3ccc4ccccc4c3)c12)NS(=O)(=O)c5cccs5,CHEMBL565604,IC50,7.57
8316982,OC(=O)CCc1ccccc1c2cc(cs2)c3ccccc3OCc4ccccc4,CHEMBL123855,Ki,7.57
8316993,O[C@H](\C=C\[C@H]1COC(=O)N1CCSc2nc(cs2)C(=O)O)C3(CCc4ccccc4)CCC3,CHEMBL3753622,EC50,7.57
8317004,COc1cc(C\C=C\c2ccccc2\C=C\C(=O)NS(=O)(=O)c3cccs3)ccc1OCCn4cc5ccccc5c4C#N,CHEMBL2164609,Ki,7.59
8317015,COCCCC1(CCC1)[C@H](O)\C=C\[C@H]2COC(=O)N2CCSc3nc(cs3)C(=O)O,CHEMBL3753788,EC50,7.6
8317026,Clc1ccc(cc1Cl)c2ccccc2\C=C\C(=O)NS(=O)(=O)c3cccs3,CHEMBL87371,Ki,7.6
8317037,FC(F)(F)c1cccc(Cn2ccc3cccc(\C=C\C(=O)NS(=O)(=O)c4cccs4)c23)c1,CHEMBL585091,IC50,7.6
8317048,OC(=O)\C=C\c1ccccc1C\C=C/c2ccccc2OCc3ccccc3.OC(=O)\C=C\c4ccccc4\C=C\Cc5ccccc5OCc6ccccc6,CHEMBL1237297,Ki,7.6
8317059,COc1ccc(OC)c(Sc2c[nH]c3cccc(OCC(=O)NS(=O)(=O)c4cc(Cl)c(Cl)s4)c23)c1,CHEMBL464270,IC50,7.61
8317070,CC1C(=O)N(Cc2ccc(Cl)cc2Cl)c3c(\C=C\C(=O)NS(=O)(=O)c4cc(Cl)c(Cl)s4)cccc13,CHEMBL1089807,IC50,7.62
8317081,COc1ccccc1Sc2c[nH]c3cccc(OCC(=O)NS(=O)(=O)c4cc(Cl)c(Cl)s4)c23,CHEMBL482177,IC50,7.62
8317092,Cc1cn(Cc2ccc(Cl)cc2Cl)c3c(cc(F)cc13)c4onc(NS(=O)(=O)c5cc(Cl)c(Cl)s5)n4,CHEMBL1079732,IC50,7.62
8317103,COc1cc(C\C=C\c2ccccc2\C=C\C(=O)O)ccc1OCCNc3ccc(cc3[N+](=O)[O-])[N+](=O)[O-],CHEMBL2164610,Ki,7.63
8317114,Cn1cc(\C=C\C(=O)NS(=O)(=O)c2ccc(F)c(F)c2)c3c(Oc4ccc(Cl)c(F)c4)cccc13,CHEMBL475151,IC50,7.63
8317125,Cn1cc(\C=C\C(=O)NS(=O)(=O)c2ccc(F)c(F)c2)c3c(Oc4ccc(Cl)cc4Cl)cccc13,CHEMBL459885,IC50,7.63
8317136,O=C(NS(=O)(=O)c1cccs1)\C=C\c2cccc3CC(=O)N(Cc4ccc5ccccc5c4)c23,CHEMBL1088814,IC50,7.63
8317147,OC(=O)CCc1ccccc1c2csc(c2)c3ccccc3OCc4ccccc4,CHEMBL124738,Ki,7.64
8317158,COc1ccc(Sc2c[nH]c3cccc(OCC(=O)NS(=O)(=O)c4cc(Cl)c(Cl)s4)c23)cc1,CHEMBL479434,IC50,7.65
8317169,Cc1cn(Cc2ccc3ccccc3c2)c4c(CCC(=O)NS(=O)(=O)c5cccs5)cc(F)cc14,CHEMBL585100,IC50,7.66
8317180,Cn1cc(\C=C\C(=O)NS(=O)(=O)c2ccc(Cl)cc2)c3c(Oc4ccc5ccccc5c4)cccc13,CHEMBL464411,IC50,7.66
8317191,FC1(F)C(=O)N(Cc2ccc3ccccc3c2)c4c(\C=C\C(=O)NS(=O)(=O)c5cc(Cl)c(Cl)s5)cccc14,CHEMBL1093240,IC50,7.68
8317202,OC(=O)CCc1ccccc1c2cccc(c2)c3ccccc3OCc4c(Cl)cccc4Cl,CHEMBL125087,Ki,7.68
8317213,COC(=O)C12CCCC(=C1N(Cc3ccc(Cl)cc3Cl)C(=O)C2)\C=C\C(=O)NS(=O)(=O)c4ccc(F)c(F)c4,CHEMBL514311,IC50,7.69
8317224,CC1C(=O)N(Cc2ccc3ccccc3c2)c4c(\C=C\C(=O)NS(=O)(=O)c5ccc(F)c(F)c5)cccc14,CHEMBL1090459,IC50,7.7
8317235,Cc1cn(Cc2ccc(Cl)cc2Cl)c3c(cc(F)cc13)c4oc(NS(=O)(=O)c5ccc(F)c(F)c5)nn4,CHEMBL1080281,IC50,7.7
8317246,Fc1ccc(c(Cl)c1)S(=O)(=O)c2c[nH]c3cccc(OCC(=O)NS(=O)(=O)c4cc(Cl)c(Cl)s4)c23,CHEMBL469303,IC50,7.7
8317257,COc1ccccc1S(=O)(=O)c2c[nH]c3cccc(OCC(=O)NS(=O)(=O)c4cc(Cl)c(Cl)s4)c23,CHEMBL512993,IC50,7.71
8317268,OC1C(=O)N(Cc2ccc3ccccc3c2)c4c(\C=C\C(=O)NS(=O)(=O)c5ccc(F)cc5)cccc14,CHEMBL1093791,IC50,7.71
8317279,COc1cccc(CCCc2ccccc2\C=C\C(=O)O)c1OCc3ccccc3,CHEMBL181691,Ki,7.72
8317290,COc1ccc(OC)c(c1)S(=O)(=O)NC(=O)COc2cccc3[nH]cc(c23)S(=O)(=O)c4ccc5ccccc5c4,CHEMBL464237,IC50,7.73
8317301,Clc1cc(sc1Cl)S(=O)(=O)NC(=O)COc2cccc3[nH]cc(c23)S(=O)(=O)c4ccc5ccccc5n4,CHEMBL521103,IC50,7.73
8317312,Cn1cc(\C=C\C(=O)NS(=O)(=O)c2ccc(F)c(F)c2)c3c(Oc4ccc(F)cc4F)cccc13,CHEMBL464414,IC50,7.73
8317323,CCn1ncc2c(Cl)cc(cc12)C(=O)Nc3nnc(s3)C4CC4,CHEMBL3797824,IC50,7.74
8317334,Cn1cc(\C=C\C(=O)NS(=O)(=O)c2cc(F)c(F)cc2F)c3c(Oc4ccc(F)cc4Cl)cccc13,CHEMBL490897,IC50,7.74
8317345,Cn1cc(\C=C\C(=O)NS(=O)(=O)c2ccccc2Cl)c3c(Oc4ccc5ccccc5c4)cccc13,CHEMBL460321,IC50,7.74
8317356,Fc1ccc(Sc2c[nH]c3cccc(OCC(=O)NS(=O)(=O)c4cc(Cl)c(Cl)s4)c23)c(F)c1,CHEMBL464271,IC50,7.74
8020978,CC#CCC1(CCC1)[C@H](O)\C=C\[C@H]2COC(=O)N2CCSc3nc(cs3)C(=O)O,CHEMBL3753268,EC50,7.75
8317369,COc1cc(C\C=C\c2ccccc2\C=C\C(=O)O)ccc1OCCn3cc4ccccc4c3C#N,CHEMBL2164608,Ki,7.75
8317380,Cn1cc(\C=C\C(=O)NS(=O)(=O)c2cccc(F)c2)c3c(Oc4ccc5ccccc5c4)cccc13,CHEMBL461979,IC50,7.76
8317391,Fc1cc(F)c(cc1F)S(=O)(=O)NC(=O)\C=C\c2cccc3C(=O)C(=O)N(Cc4ccc5ccccc5c4)c23,CHEMBL1093790,IC50,7.76
8317402,O=C(NS(=O)(=O)c1cccs1)\C=C\c2ccccc2S(=O)c3ccc4ccccc4c3,CHEMBL2204338,Ki,7.77
8317413,CCn1ncc2c(F)cc(cc12)C(=O)Nc3nnc(s3)C4(C)CCN(CC4)C(=O)C(C)O,CHEMBL3799118,Ki,7.78
8317424,Clc1cc(sc1Cl)S(=O)(=O)NC(=O)COc2cccc3[nH]cc(c23)S(=O)(=O)c4ccccc4,CHEMBL464074,IC50,7.78
8317435,Cn1cc(\C=C\C(=O)NS(=O)(=O)c2cc(F)c(F)cc2F)c3c(Oc4ccc(Cl)cc4Cl)cccc13,CHEMBL475349,IC50,7.78
8317446,Fc1ccc(CN2C(=O)C(F)(F)c3cccc(\C=C\C(=O)NS(=O)(=O)c4cc(F)c(F)cc4F)c23)cc1F,CHEMBL1092991,IC50,7.78
8317457,Fc1ccc(cc1F)S(=O)(=O)NC(=O)COc2cccc3[nH]cc(c23)S(=O)(=O)c4ccc5ccccc5c4,CHEMBL517180,IC50,7.79
8317468,Cn1cc(\C=C\C(=O)NS(=O)(=O)c2ccc(F)c(F)c2)c3c(Oc4ccc5ccccc5c4)cccc13,CHEMBL521609,IC50,7.8
8317479,O=C(CCc1ccccc1c2ccc(OCCCOc3cccc(CSCCc4ccccc4)c3)cc2)NS(=O)(=O)c5cccs5,CHEMBL87366,Ki,7.8
8317490,O=C(CCc1ccccc1c2cccc(c2)c3ccccc3OCc4ccccc4)NS(=O)(=O)c5cccs5,CHEMBL434637,Ki,7.8
8317501,CC12CCCC(=C1N(Cc3ccc(Cl)cc3Cl)C(=O)C2)\C=C\C(=O)NS(=O)(=O)c4ccc(F)cc4,CHEMBL482156,IC50,7.82
8317512,Clc1cc(sc1Cl)S(=O)(=O)NC(=O)\C=C\c2cccc3C(=O)C(=O)N(Cc4ccc5ccccc5c4)c23,CHEMBL1090454,IC50,7.82
8317523,CCn1ncc2c(F)cc(cc12)C(=O)Nc3nnc(s3)C4(C)CCN(CC4)C(=O)CO,CHEMBL3798872,Ki,7.84
8317534,CN1C(=O)C(NC(=O)c2ccc3ccccc3c2)c4c(\C=C\C(=O)NS(=O)(=O)c5cc(Cl)c(Cl)s5)cccc14,CHEMBL567266,IC50,7.84
8317545,Cc1onc(C)c1Cn2cc(C)c3cc(F)cc(\C=C\C(=O)NS(=O)(=O)c4ccc(F)c(F)c4)c23,CHEMBL566643,IC50,7.84
8317556,Clc1cc(Cl)cc(c1)S(=O)(=O)NC(=O)COc2cccc3[nH]cc(c23)S(=O)(=O)c4ccc5ccccc5c4,CHEMBL516708,IC50,7.84
8317567,Cc1cn(Cc2ccc(Cl)c(Cl)c2)c3c(\C=C\C(=O)NS(=O)(=O)c4cccs4)cccc13,CHEMBL565597,IC50,7.85
8317578,Cc1cn(Cc2ccc3ccccc3c2)c4c(\C=C\C(=O)NS(=O)(=O)c5cccs5)cc(F)cc14,CHEMBL566631,IC50,7.85
8317589,O=C(NS(=O)(=O)c1cccs1)\C=C\c2cccc3ccn(Cc4ccc5OCOc5c4)c23,CHEMBL566015,IC50,7.85
8317600,Cc1cn(Cc2ccc(Cl)cc2Cl)c3c(\C=C\C(=O)NS(=O)(=O)c4cc(F)c(F)cc4F)cc(F)cc13,CHEMBL565791,IC50,7.86
8317611,Clc1ccccc1Sc2c[nH]c3cccc(OCC(=O)NS(=O)(=O)c4cc(Cl)c(Cl)s4)c23,CHEMBL480012,IC50,7.86
8317622,Cn1cc(\C=C\C(=O)NS(=O)(=O)c2ccc(F)c(F)c2)c3c(Oc4ccc(F)cc4Cl)cccc13,CHEMBL472758,IC50,7.86
8317633,Fc1ccc(c(F)c1)S(=O)(=O)c2c[nH]c3cccc(OCC(=O)NS(=O)(=O)c4cc(Cl)c(Cl)s4)c23,CHEMBL465915,IC50,7.86
8317644,O=C(NS(=O)(=O)c1cccs1)\C=C\c2cccc3C(=O)C(=O)N(Cc4ccc5ccccc5c4)c23,CHEMBL1090102,IC50,7.86
8317655,CC12CCCC(=C1N(Cc3ccc(Cl)cc3Cl)C(=O)C2)\C=C\C(=O)NS(=O)(=O)c4ccc(Cl)s4,CHEMBL481987,IC50,7.87
8317666,COc1cccc(CN2C(=O)CC3(C)CCCC(=C23)\C=C\C(=O)NS(=O)(=O)c4ccc(F)c(F)c4)c1,CHEMBL482330,IC50,7.89
8317677,Cc1cccc(CCCc2ccccc2\C=C\C(=O)O)c1OCc3ccccc3,CHEMBL424975,Ki,7.89
8317689,Cc1cccc(C\C=C\c2ccccc2\C=C\C(=O)O)c1OCc3ccccc3.Cc4cccc(\C=C\Cc5ccccc5\C=C\C(=O)O)c4OCc6ccccc6,CHEMBL1237295,Ki,7.89
8317700,Clc1cc(sc1Cl)S(=O)(=O)NC(=O)COc2cccc3[nH]cc(c23)S(=O)(=O)c4ccc5ccccc5c4,CHEMBL479427,IC50,7.89
8317711,O=C(NS(=O)(=O)c1cccs1)\C=C\c2cccc3c2N(Cc4ccc5ccccc5c4)C(=O)C36OCCO6,CHEMBL1089446,IC50,7.89
8317722,OCc1cccc(C\C=C\c2ccccc2\C=C\C(=O)O)c1OCc3c(Cl)cccc3Cl.OCc4cccc(\C=C\Cc5ccccc5\C=C\C(=O)O)c4OCc6c(Cl)cccc6Cl,CHEMBL1237305,Ki,7.89
8317733,Clc1ccc(cc1Cl)S(=O)(=O)NC(=O)\C=C\c2cccc3C(=O)C(=O)N(Cc4ccc5ccccc5c4)c23,CHEMBL1093133,IC50,7.9
8317744,Cc1cn(Cc2ccc(F)c(F)c2)c3c(cc(F)cc13)c4onc(NS(=O)(=O)c5ccc(F)c(F)c5F)c4,CHEMBL1079409,IC50,7.92
8317755,Cn1cc(\C=C\C(=O)NS(=O)(=O)c2ccccc2F)c3c(Oc4ccc5ccccc5c4)cccc13,CHEMBL461980,IC50,7.92
8317766,CCn1ncc2c(F)cc(cc12)C(=O)Nc3nnc(s3)C4(C)CCN(CC4)C(=O)C,CHEMBL3797819,Ki,7.93
8317777,COc1ccc(cc1OC)S(=O)(=O)c2c[nH]c3cccc(OCC(=O)NS(=O)(=O)c4cc(Cl)c(Cl)s4)c23,CHEMBL516686,IC50,7.94
8317788,OCC1(CO)C(=O)N(Cc2ccc3ccccc3c2)c4c(\C=C\C(=O)NS(=O)(=O)c5ccc(F)c(F)c5)cccc14,CHEMBL1089313,IC50,7.94
8317799,COC(=O)C12CCCC(=C1N(Cc3ccc(Cl)cc3Cl)C(=O)C2)\C=C\C(=O)NS(=O)(=O)c4cc(F)c(F)cc4F,CHEMBL473655,IC50,7.95
8317810,Cc1cn(Cc2ccc3ccccc3c2)c4c(cc(F)cc14)c5onc(NS(=O)(=O)c6ccc(Cl)c(Cl)c6)c5,CHEMBL1079381,IC50,7.96
8317821,OC(=O)\C=C\c1ccccc1C\C=C/c2cccc(O)c2OCc3ccccc3.OC(=O)\C=C\c4ccccc4\C=C\Cc5cccc(O)c5OCc6ccccc6,CHEMBL1237296,Ki,7.96
8317832,CC1C(=O)N(Cc2ccc(F)c(F)c2)c3c(\C=C\C(=O)NS(=O)(=O)c4cc(F)c(F)cc4F)cccc13,CHEMBL479868,IC50,7.97
8317843,Cn1c(Sc2c[nH]c3cccc(OCC(=O)NS(=O)(=O)c4cc(Cl)c(Cl)s4)c23)nc5ccccc15,CHEMBL465923,IC50,7.98
8317854,Fc1cc(F)c(cc1F)S(=O)(=O)NC(=O)\C=C\c2cccc3CC(=O)N(Cc4ccc5ccccc5c4)c23,CHEMBL1088815,IC50,7.99
8317865,CCn1ncc2c(F)cc(cc12)C(=O)Nc3nnc(s3)C4(C)CCN(CC4)C(=O)C(C)(C)O,CHEMBL3799530,Ki,8.0
8317876,Cc1ccc(OCc2ccccc2)c(C\C=C\c3ccccc3\C=C\C(=O)NS(=O)(=O)c4cccs4)c1,CHEMBL218179,Ki,8.0
8317887,Cc1ccc(OCc2ccccc2)c(\C=C\Cc3ccccc3\C=C\C(=O)NS(=O)(=O)c4cccs4)c1,CHEMBL218178,Ki,8.0
8317898,Cc1cccc(\C=C\C(O)c2ccccc2\C=C\C(=O)O)c1OCc3c(Cl)cccc3Cl,CHEMBL180742,Ki,8.0
8317909,Cc1cccc(\C=C\Cc2ccccc2\C=C\C(=O)O)c1O,CHEMBL180389,Ki,8.0
8317920,Cc1cn(Cc2ccc(Cl)cc2Cl)c3c(cc(F)cc13)c4oc(NS(=O)(=O)c5cc(Cl)c(Cl)s5)nn4,CHEMBL1079555,IC50,8.0
8317931,O=C(COc1cccc2[nH]cc(Sc3ccc4ccccc4c3)c12)NS(=O)(=O)c5ccccc5,CHEMBL464063,IC50,8.0
8317942,O=C(NS(=O)(=O)c1cccs1)\C=C\c2ccccc2OCc3ccc4ccccc4c3,CHEMBL2204340,Ki,8.0
8317953,O[C@H](\C=C\[C@H]1COC(=O)N1CCSc2nc(cs2)C(=O)O)C3(CCCCF)CCC3,CHEMBL3751951,EC50,8.0
8317964,CC12CCCC(=C1N(Cc3ccc(Cl)cc3Cl)C(=O)C2)\C=C\C(=O)NS(=O)(=O)c4cc(Cl)cc(Cl)c4,CHEMBL479454,IC50,8.01
8317975,CC1C(=O)N(Cc2ccc(Cl)cc2Cl)c3c(\C=C\C(=O)NS(=O)(=O)c4ccc(Cl)c(Cl)c4)cccc13,CHEMBL1090507,IC50,8.01
8317986,Clc1cc(sc1Cl)S(=O)(=O)NC(=O)COc2cccc3[nH]cc(Sc4ccc5ccccc5c4)c23,CHEMBL464032,IC50,8.01
8317997,Clc1cc(sc1Cl)S(=O)(=O)NC(=O)COc2cccc3[nH]cc(Sc4nc5ccccc5s4)c23,CHEMBL517385,IC50,8.01
8318008,CC12CCCC(=C1N(Cc3cccc(F)c3)C(=O)C2)\C=C\C(=O)NS(=O)(=O)c4cc(Cl)c(Cl)s4,CHEMBL517369,IC50,8.02
8318019,CC12CCCC(=C1N(Cc3ccc(F)c(F)c3)C(=O)C2)\C=C\C(=O)NS(=O)(=O)c4ccc(F)c(F)c4,CHEMBL479664,IC50,8.03
8318030,COc1ccc(Sc2c[nH]c3cccc(OCC(=O)NS(=O)(=O)c4cc(Cl)c(Cl)s4)c23)cc1OC,CHEMBL520741,IC50,8.03
8318041,Clc1cccc(c1)S(=O)(=O)NC(=O)\C=C\c2cccc3CC(=O)N(Cc4ccc(Cl)cc4Cl)c23,CHEMBL1092230,IC50,8.03
8318052,Cn1cc(\C=C\C(=O)NS(=O)(=O)c2ccc(F)cc2)c3c(Oc4ccc5ccccc5c4)cccc13,CHEMBL459688,IC50,8.03
8318063,Fc1cc(F)c(cc1F)S(=O)(=O)NC(=O)\C=C\c2cccc3c2N(Cc4ccc5ccccc5c4)C(=O)C3(F)F,CHEMBL1093559,IC50,8.03
8318074,OC1C(=O)N(Cc2ccc3ccccc3c2)c4c(\C=C\C(=O)NS(=O)(=O)c5cc(F)c(F)cc5F)cccc14,CHEMBL1093125,IC50,8.03
8318085,CC12CCCC(=C1N(Cc3ccc(F)c(F)c3)C(=O)C2)\C=C\C(=O)NS(=O)(=O)c4cc(F)cc(F)c4,CHEMBL482318,IC50,8.04
8318096,Cc1ccc(OCc2ccccc2)c(C\C=C\c3ccccc3\C=C\C(=O)O)c1,CHEMBL376053,Ki,8.05
8318107,Cc1ccc(OCc2ccccc2)c(\C=C\Cc3ccccc3\C=C\C(=O)O)c1,CHEMBL218123,Ki,8.05
8318118,Cc1cccc(C(O)\C=C\c2ccccc2\C=C\C(=O)O)c1OCc3c(Cl)cccc3Cl,CHEMBL360290,Ki,8.05
8318129,Clc1cc(sc1Cl)S(=O)(=O)NC(=O)COc2cccc3occ(c23)S(=O)(=O)c4ccc5ccccc5c4,CHEMBL567051,IC50,8.05
8318140,Cn1cc(\C=C\C(=O)NS(=O)(=O)c2cc(Cl)cc(Cl)c2)c3c(Oc4ccc5ccccc5c4)cccc13,CHEMBL463815,IC50,8.06
8318151,Cn1cc(\C=C\C(=O)NS(=O)(=O)c2cc(F)c(F)cc2F)c3c(Oc4ccc5ncccc5c4)cccc13,CHEMBL523608,IC50,8.07
5236803,CCCCC(C)(C)[C@H](O)\C=C\[C@H]1CCC(=O)N1CCSc2nc(cs2)C(=O)O,CHEMBL3752377,EC50,8.08
8318164,Clc1cccc(c1)S(=O)(=O)NC(=O)\C=C\c2cccc3CC(=O)N(Cc4ccc5ccccc5c4)c23,CHEMBL1088846,IC50,8.09
5237455,CCCCC[C@H](O)\C=C\[C@H]1[C@H](O)CC(=O)N1C\C=C\CCCC(=O)O,CHEMBL413509,Ki,8.1
8318178,COc1cc(C\C=C\c2ccccc2\C=C\C(=O)O)ccc1OCc3ccccc3.COc4cc(\C=C/Cc5ccccc5\C=C\C(=O)O)ccc4OCc6ccccc6,CHEMBL1237317,Ki,8.1
8318189,COc1cc(\C=C\Cc2ccccc2\C=C\C(=O)O)ccc1OCc3ccccc3,CHEMBL218626,Ki,8.1
8318200,COc1ccc(OC)c(c1)S(=O)(=O)c2c[nH]c3cccc(OCC(=O)NS(=O)(=O)c4cc(Cl)c(Cl)s4)c23,CHEMBL466595,IC50,8.1
8318211,Cc1cn(Cc2ccc3ccccc3c2)c4c(cc(F)cc14)c5onc(NS(=O)(=O)c6cc(F)c(F)cc6F)c5,CHEMBL1080819,IC50,8.1
8318222,CC12CCCC(=C1N(Cc3ccc(F)c(F)c3)C(=O)C2)\C=C\C(=O)NS(=O)(=O)c4cc(F)c(F)cc4F,CHEMBL479263,IC50,8.11
8318233,Cn1cnc2cc(cc(Cl)c12)C3=CC=C(C(=O)N3)[C@@]4(C)CCCNC4=O,CHEMBL3589084,Ki,8.11
8318244,FC1(F)C(=O)N(Cc2ccc(Cl)cc2Cl)c3c(\C=C\C(=O)NS(=O)(=O)c4cccc(Cl)c4)cccc13,CHEMBL1089095,IC50,8.11
8318255,OC1C(=O)N(Cc2ccc3ccccc3c2)c4c(\C=C\C(=O)NS(=O)(=O)c5ccc(F)c(F)c5)cccc14,CHEMBL1093792,IC50,8.12
8318266,O[C@H](\C=C\[C@H]1COC(=O)N1CCSc2nc(cs2)C(=O)O)C3(CCC4CCCCC4)CCC3,CHEMBL3754197,EC50,8.13
8318277,Cn1cc(\C=C\C(=O)NS(=O)(=O)c2cc(F)c(F)cc2F)c3c(Oc4cnc5ccccc5n4)cccc13,CHEMBL522435,IC50,8.14
8318288,Cn1cc(\C=C\C(=O)NS(=O)(=O)c2ccc(F)c(F)c2)c3c(Oc4ccc(Cl)cc4F)cccc13,CHEMBL475152,IC50,8.14
8318299,Fc1ccc(CN2C(=O)C(F)(F)c3cccc(\C=C\C(=O)NS(=O)(=O)c4cc(Cl)c(Cl)s4)c23)cc1F,CHEMBL1092990,IC50,8.14
8318310,COc1ccc(Br)cc1S(=O)(=O)NC(=O)\C=C\c2ccccc2Cc3ccc4ccccc4c3,CHEMBL218071,Ki,8.16
8318321,Cc1cccc(\C=C\Cc2ccccc2\C=C\C(=O)O)c1OCc3ccc(F)cc3,CHEMBL180089,Ki,8.16
8318332,Cc1cccc(\C=C\Cc2ccccc2\C=C\C(=O)O)c1OCc3ccccc3,CHEMBL123794,Ki,8.16
8318343,Fc1ccc(cc1F)S(=O)(=O)NC(=O)\C=C\c2cccc3CC(=O)N(Cc4ccc5ccccc5c4)c23,CHEMBL1088822,IC50,8.16
8318354,CC(C)(C)CCC1(CCC1)[C@H](O)\C=C\[C@H]2COC(=O)N2CCSc3nc(cs3)C(=O)O,CHEMBL3752435,EC50,8.17
8318365,CC12CCCC(=C1N(Cc3ccc4ccccc4c3)C(=O)C2)\C=C\C(=O)NS(=O)(=O)c5cc(Cl)c(Cl)s5,CHEMBL481813,IC50,8.17
8318376,CC1C(=O)N(Cc2ccc(Cl)cc2Cl)c3c(\C=C\C(=O)NS(=O)(=O)c4cccc(Cl)c4)cccc13,CHEMBL1089161,IC50,8.17
8318387,O=C(NS(=O)(=O)c1cccs1)\C=C\c2ccccc2Sc3ccc4ccccc4c3,CHEMBL2204337,Ki,8.17
8318398,Cc1cn(Cc2ccc(cc2)C#N)c3c(\C=C\C(=O)NS(=O)(=O)c4cc(Cl)c(Cl)s4)cc(F)cc13,CHEMBL584488,IC50,8.18
8318409,COc1cccc(CN2C(=O)CC3(C)CCCC(=C23)\C=C\C(=O)NS(=O)(=O)c4cc(Cl)c(Cl)s4)c1,CHEMBL517377,IC50,8.19
8318420,Clc1ccc(CN2C(=O)C(=O)c3cccc(\C=C\C(=O)NS(=O)(=O)c4cc(Cl)c(Cl)s4)c23)c(Cl)c1,CHEMBL1089481,IC50,8.19
8318431,Cn1cc(\C=C\C(=O)NS(=O)(=O)c2cc(F)ccc2F)c3c(Oc4ccc5ccccc5c4)cccc13,CHEMBL464618,IC50,8.19
8318442,Fc1ccc(cc1F)S(=O)(=O)NC(=O)\C=C\c2cccc3c2N(Cc4ccc(Cl)cc4Cl)C(=O)C3(F)F,CHEMBL1088780,IC50,8.19
8318453,Cc1cn(Cc2ccc(Cl)cc2Cl)c3c(\C=C\C(=O)NS(=O)(=O)c4cc(Cl)c(Cl)s4)cc(F)cc13,CHEMBL565591,IC50,8.22
8318464,Cn1cc(\C=C\C(=O)NS(=O)(=O)c2ccc(F)c(F)c2)c3c(Oc4cnc5ccccc5n4)cccc13,CHEMBL516394,IC50,8.22
8318475,Clc1cccc(c1)S(=O)(=O)NC(=O)COc2cccc3[nH]cc(c23)S(=O)(=O)c4ccc5ccccc5c4,CHEMBL520425,IC50,8.23
8318486,Cn1cc(\C=C\C(=O)NS(=O)(=O)c2c(F)cccc2F)c3c(Oc4ccc5ccccc5c4)cccc13,CHEMBL461807,IC50,8.23
8318497,COc1cccc(Cn2cc(C)c3cc(F)cc(\C=C\C(=O)NS(=O)(=O)c4cc(F)c(F)cc4F)c23)c1,CHEMBL480029,IC50,8.24
8318508,Fc1cc(F)cc(c1)S(=O)(=O)NC(=O)COc2cccc3[nH]cc(Sc4ccc5ccccc5c4)c23,CHEMBL481004,IC50,8.24
8318519,CC12CCCC(=C1N(Cc3ccc(F)c(F)c3)C(=O)C2)\C=C\C(=O)NS(=O)(=O)c4cc(Cl)cc(Cl)c4,CHEMBL481614,IC50,8.25
8318530,COc1cccc(CN2C(=O)CC3(C)CCCC(=C23)\C=C\C(=O)NS(=O)(=O)c4cc(F)c(F)cc4F)c1,CHEMBL479264,IC50,8.25
8318541,COc1cccc(CN2C(=O)CC3(C)CCCC(=C23)\C=C\C(=O)NS(=O)(=O)c4cc(F)cc(F)c4)c1,CHEMBL482159,IC50,8.25
8318552,Fc1cc(F)c(cc1F)S(=O)(=O)NC(=O)\C=C\c2cccc3c2N(Cc4ccc(Cl)cc4Cl)C(=O)C3(F)F,CHEMBL1090501,IC50,8.25
8318563,FC1(F)C(=O)N(Cc2ccc(Cl)cc2Cl)c3c(\C=C\C(=O)NS(=O)(=O)c4ccc(Cl)c(Cl)c4)cccc13,CHEMBL1089094,IC50,8.26
8318574,FC1(F)C(=O)N(Cc2ccc3ccccc3c2)c4c(\C=C\C(=O)NS(=O)(=O)c5ccc(Cl)cc5)cccc14,CHEMBL1090889,IC50,8.26
8318585,CC1C(=O)N(Cc2ccc3ccccc3c2)c4c(\C=C\C(=O)NS(=O)(=O)c5cc(F)c(F)cc5F)cccc14,CHEMBL1090460,IC50,8.27
8318596,Clc1cc(sc1Cl)S(=O)(=O)NC(=O)\C=C\c2cccc3CC(=O)N(Cc4ccc5ccccc5c4)c23,CHEMBL1088785,IC50,8.27
8318607,Cc1ccc(Sc2c[nH]c3cccc(OCC(=O)NS(=O)(=O)c4cc(Cl)c(Cl)s4)c23)c(C)c1,CHEMBL518396,IC50,8.28
8318618,Clc1ccc(cc1Cl)S(=O)(=O)NC(=O)\C=C\c2cccc3CC(=O)N(Cc4ccc5ccccc5c4)c23,CHEMBL1088823,IC50,8.28
8318629,COc1cccc(Oc2cccc3c2c(\C=C\C(=O)NS(=O)(=O)c4cc(F)c(F)cc4F)cn3C)c1,CHEMBL489315,IC50,8.29
8318640,Cn1cc(\C=C\C(=O)NS(=O)(=O)c2c(F)c(F)c(F)c(F)c2F)c3c(Oc4ccc5ccccc5c4)cccc13,CHEMBL516673,IC50,8.29
8318651,CC(C)C1(OC(=O)NC1=O)C2=CC=C(NC2=O)c3ccc4ccccc4c3,CHEMBL1770317,Ki,8.3
8318664,Cc1cn(Cc2ccc(Cl)cc2Cl)c3c(\C=C\C(=O)NS(=O)(=O)c4cccs4)cccc13,CHEMBL585099,IC50,8.3
8318675,Cc1cn(Cc2ccc(Cl)cc2Cl)c3c(cc(F)cc13)c4onc(NS(=O)(=O)c5cc(Cl)c(Cl)s5)c4,CHEMBL1082084,IC50,8.3
8318687,Clc1cc(sc1Cl)S(=O)(=O)NC(=O)COc2cccc3[nH]cc(Cc4ccc5ccccc5c4)c23,CHEMBL467632,IC50,8.3
8318698,Fc1ccc(CN2C(=O)C(F)(F)c3cccc(\C=C\C(=O)NS(=O)(=O)c4cccc(Cl)c4)c23)cc1F,CHEMBL1091892,IC50,8.3
8318709,Fc1ccc(cc1F)S(=O)(=O)NC(=O)\C=C\c2cccc3c2N(Cc4ccc5ccccc5c4)C(=O)C3(F)F,CHEMBL1093843,IC50,8.3
8318720,O=C(NS(=O)(=O)c1cccs1)\C=C\c2ccccc2C\C=C\c3ccccc3,CHEMBL385396,Ki,8.3
8318731,O=C(NS(=O)(=O)c1cccs1)\C=C\c2ccccc2\C=C\Cc3ccccc3,CHEMBL384878,Ki,8.3
8318743,Clc1ccc(CN2C(=O)C3(NCCS3)c4cccc(\C=C\C(=O)NS(=O)(=O)c5cc(Cl)c(Cl)s5)c24)c(Cl)c1,CHEMBL585507,IC50,8.31
8318754,CC(C)(CCCCF)[C@H](O)\C=C\[C@H]1COC(=O)N1CCSc2nc(cs2)C(=O)O,CHEMBL3752406,EC50,8.33
8318765,Clc1cc(sc1Cl)S(=O)(=O)NC(=O)COc2cccc3[nH]cc(Sc4ccc5ccccc5n4)c23,CHEMBL520933,IC50,8.33
8318776,Clc1ccc(cc1Cl)S(=O)(=O)c2c[nH]c3cccc(OCC(=O)NS(=O)(=O)c4cc(Cl)c(Cl)s4)c23,CHEMBL480809,IC50,8.33
8318787,Cn1cc(\C=C\C(=O)NS(=O)(=O)c2ccc(F)c(F)c2)c3c(Oc4ccc(F)c(F)c4)cccc13,CHEMBL464413,IC50,8.33
8318798,Clc1ccc(s1)S(=O)(=O)NC(=O)COc2cccc3[nH]cc(Sc4ccc5ccccc5c4)c23,CHEMBL517165,IC50,8.35
8318809,FC1(F)C(=O)N(Cc2ccc3ccccc3c2)c4c(\C=C\C(=O)NS(=O)(=O)c5ccc(Cl)c(Cl)c5)cccc14,CHEMBL1090222,IC50,8.35
8318820,CC12CCCC(=C1N(Cc3cccc(Cl)c3Cl)C(=O)C2)\C=C\C(=O)NS(=O)(=O)c4cc(Cl)c(Cl)s4,CHEMBL516765,IC50,8.36
8318831,CC1C(=O)N(Cc2ccc3ccccc3c2)c4c(\C=C\C(=O)NS(=O)(=O)c5cc(Cl)c(Cl)s5)cccc14,CHEMBL1090458,IC50,8.36
8318842,CCN1CCOc2ccc(cc12)C(=O)Nc3nnc(s3)c4c(Cl)cccc4Cl,CHEMBL563480,Ki,8.36
8318853,COc1cccc(Oc2cccc3c2c(\C=C\C(=O)NS(=O)(=O)c4ccc(F)c(F)c4)cn3C)c1,CHEMBL472957,IC50,8.36
8318864,Cn1cc(\C=C\C(=O)NS(=O)(=O)c2cc(F)c(F)cc2F)c3c(Oc4ccc(Cl)cc4F)cccc13,CHEMBL490896,IC50,8.36
8318875,Fc1cc(F)c(cc1F)S(=O)(=O)NC(=O)\C=C\c2cccc3CC(=O)N(Cc4ccc(Cl)cc4Cl)c23,CHEMBL1090112,IC50,8.36
8318886,CC12CCCC(=C1N(Cc3cccc(Cl)c3Cl)C(=O)C2)\C=C\C(=O)NS(=O)(=O)c4cc(F)c(F)cc4F,CHEMBL482018,IC50,8.37
8318897,CC1C(=O)N(Cc2ccc(Cl)cc2Cl)c3c(\C=C\C(=O)NS(=O)(=O)c4cc(F)c(F)cc4F)cccc13,CHEMBL1089491,IC50,8.37
8318908,CC1C(=O)N(Cc2ccc3ccccc3c2)c4c(\C=C\C(=O)NS(=O)(=O)c5ccc(Cl)c(Cl)c5)cccc14,CHEMBL1089455,IC50,8.39
8318919,Clc1ccc(Sc2c[nH]c3cccc(OCC(=O)NS(=O)(=O)c4cc(Cl)c(Cl)s4)c23)cc1,CHEMBL479433,IC50,8.39
8318930,Cc1cn(Cc2ccc(Cl)cc2Cl)c3c(cc(F)cc13)c4oc(NS(=O)(=O)c5ccc(Cl)c(Cl)c5)nn4,CHEMBL1081724,IC50,8.4
5234707,CCCCC1(CCC1)[C@H](O)\C=C\[C@H]2COC(=O)N2CCSc3nc(cs3)C(=O)O,CHEMBL3753221,EC50,8.41
8318943,CC12CCCC(=C1N(Cc3ccc(F)cc3)C(=O)C2)\C=C\C(=O)NS(=O)(=O)c4cc(Cl)c(Cl)s4,CHEMBL479633,IC50,8.42
8318954,CC12CCCC(=C1N(Cc3cccc(Cl)c3Cl)C(=O)C2)\C=C\C(=O)NS(=O)(=O)c4cc(F)cc(F)c4,CHEMBL472145,IC50,8.42
8318965,Clc1ccc(CN2C(=O)C3(OCCO3)c4cccc(\C=C\C(=O)NS(=O)(=O)c5cc(Cl)c(Cl)s5)c24)c(Cl)c1,CHEMBL1089115,IC50,8.42
8318976,Cn1cc(\C=C\C(=O)NS(=O)(=O)c2cc(F)c(F)cc2F)c3c(Oc4ccc(F)c(F)c4)cccc13,CHEMBL474949,IC50,8.42
8318987,CC12CCCC(=C1N(Cc3ccc(Cl)cc3Cl)C(=O)C2)\C=C\C(=O)NS(=O)(=O)c4cc(F)c(F)cc4F,CHEMBL479439,IC50,8.43
8318998,Cc1cn(Cc2cccc(c2)C#N)c3c(\C=C\C(=O)NS(=O)(=O)c4cc(Cl)c(Cl)s4)cc(F)cc13,CHEMBL566006,IC50,8.43
8319009,Cc1cn(Cc2cn3ccccc3n2)c4c(\C=C\C(=O)NS(=O)(=O)c5cc(F)cc(F)c5)cc(F)cc14,CHEMBL566429,IC50,8.44
8319020,Clc1cc(Cl)cc(c1)S(=O)(=O)NC(=O)COc2cccc3[nH]cc(Sc4ccc5ccccc5c4)c23,CHEMBL481589,IC50,8.44
8319031,Cn1ncc2c(Cl)cc(cc12)C3=CC=C(C(=O)N3)[C@@]4(C)CCCNC4=O,CHEMBL3589083,Ki,8.44
8319042,CC12CCCC(=C1N(Cc3ccc(F)c(F)c3)C(=O)C2)\C=C\C(=O)NS(=O)(=O)c4cc(Cl)c(Cl)s4,CHEMBL479632,IC50,8.46
8319053,Cn1cc(\C=C\C(=O)NS(=O)(=O)c2ccc(F)cc2F)c3c(Oc4ccc5ccccc5c4)cccc13,CHEMBL463816,IC50,8.46
8319064,CC12CCCC(=C1N(Cc3ccc(Cl)cc3Cl)C(=O)C2)\C=C\C(=O)NS(=O)(=O)c4ccc(F)c(F)c4,CHEMBL517994,IC50,8.47
8319075,CC12CCCC(=C1N(Cc3cccc(Cl)c3Cl)C(=O)C2)\C=C\C(=O)NS(=O)(=O)c4ccc(F)c(F)c4,CHEMBL519137,IC50,8.47
8319086,CC1C(=O)N(Cc2ccc(Cl)cc2Cl)c3c(\C=C\C(=O)NS(=O)(=O)c4ccc(F)c(F)c4)cccc13,CHEMBL1091164,IC50,8.48
8319097,Clc1ccc(CN2C(=O)Cc3cccc(\C=C\C(=O)NS(=O)(=O)c4ccc(Cl)c(Cl)c4)c23)c(Cl)c1,CHEMBL1093797,IC50,8.48
8319108,Fc1ccc(cc1F)S(=O)(=O)NC(=O)\C=C\c2cccc3CC(=O)N(Cc4ccc(Cl)cc4Cl)c23,CHEMBL1090113,IC50,8.48
8319119,CC1=CC(Cc2ccc(Cl)cc2Cl)c3c(\C=C\C(=O)NS(=O)(=O)c4cccs4)cc(F)cc13,CHEMBL566221,IC50,8.52
8319130,CN1C(=O)C(Cc2ccc3ccccc3c2)c4c(CCC(=O)NS(=O)(=O)c5cc(Cl)c(Cl)s5)cccc14,CHEMBL565991,IC50,8.52
8319141,Cc1ccc(OCc2c(Cl)cccc2Cl)c(\C=C\Cc3ccccc3\C=C\C(=O)O)c1,CHEMBL217988,Ki,8.52
8319152,Cc1cccc(\C=C\Cc2ccccc2\C=C\C(=O)O)c1OCc3c(Cl)cccc3Cl,CHEMBL183919,Ki,8.52
8319163,Cc1cn(Cc2ccc(Cl)cc2Cl)c3c(cc(F)cc13)c4onc(NS(=O)(=O)c5cc(F)c(F)cc5F)c4,CHEMBL1080105,IC50,8.52
8319174,Cn1cc(\C=C\C(=O)NS(=O)(=O)c2cc(F)c(F)cc2F)c3c(Oc4ccc(Cl)cc4)cccc13,CHEMBL474948,IC50,8.52
8319185,OC(=O)C1CC1c2ccccc2c3csc(c3)c4ccccc4OCc5ccccc5,CHEMBL125588,Ki,8.52
8319196,CC1C(=O)N(Cc2ccc3ccccc3c2)c4c(\C=C\C(=O)NS(=O)(=O)c5cccc(Cl)c5)cccc14,CHEMBL1089454,IC50,8.55
8319207,Clc1cc(sc1Cl)S(=O)(=O)NC(=O)COc2cccc3[nH]cc(Sc4ccccn4)c23,CHEMBL481582,IC50,8.55
8319218,Cn1cc(Cc2ccc3ccccc3c2)c4c(\C=C\C(=O)NS(=O)(=O)c5cc(Cl)c(Cl)s5)cccc14,CHEMBL566421,IC50,8.57
8319229,Fc1ccc(Sc2c[nH]c3cccc(OCC(=O)NS(=O)(=O)c4cc(Cl)c(Cl)s4)c23)c(Cl)c1,CHEMBL480011,IC50,8.59
8319240,CC12CCCC(=C1N(Cc3ccc(F)cc3)C(=O)C2)\C=C\C(=O)NS(=O)(=O)c4ccc(F)c(F)c4,CHEMBL481823,IC50,8.6
8319251,Clc1cc(sc1Cl)S(=O)(=O)NC(=O)\C=C\c2cccc3[nH]cc(Cc4ccc5ccccc5c4)c23,CHEMBL584492,IC50,8.6
8319262,Cn1cc(Cc2ccc3ccccc3c2)c4c(CCC(=O)NS(=O)(=O)c5cc(Cl)c(Cl)s5)cccc14,CHEMBL585766,IC50,8.6
8319273,CC1C(=O)N(Cc2ccc(Cl)cc2Cl)c3c(\C=C\C(=O)NS(=O)(=O)c4cccs4)cccc13,CHEMBL1089806,IC50,8.62
8319284,COc1ccc(C\C=C\c2ccccc2\C=C\C(=O)NS(=O)(=O)c3cccs3)cc1,CHEMBL218229,Ki,8.62
8319295,COc1ccc(\C=C\Cc2ccccc2\C=C\C(=O)NS(=O)(=O)c3cccs3)cc1,CHEMBL218228,Ki,8.62
8319306,Clc1cc(sc1Cl)S(=O)(=O)NC(=O)CCc2cccc3[nH]cc(Cc4ccc5ccccc5c4)c23,CHEMBL567905,IC50,8.62
8319317,O=C(NS(=O)(=O)c1cccs1)\C=C\c2ccccc2Cc3ccc4cc(OCc5ccccc5)ccc4c3,CHEMBL217991,Ki,8.62
8319328,CC12CCCC(=C1N(Cc3ccc(Cl)cc3Cl)C(=O)C2)\C=C\C(=O)NS(=O)(=O)c4cc(Cl)c(Cl)s4,CHEMBL480251,IC50,8.64
8319339,Cc1cn(Cc2cn3ccccc3n2)c4c(\C=C\C(=O)NS(=O)(=O)c5ccc(F)c(F)c5)cc(F)cc14,CHEMBL566197,IC50,8.64
8319350,OCC1(CO)C(=O)N(Cc2ccc3ccccc3c2)c4c(\C=C\C(=O)NS(=O)(=O)c5cc(Cl)c(Cl)s5)cccc14,CHEMBL1089780,IC50,8.64
8319361,CC12CCCC(=C1N(Cc3cccc(Cl)c3)C(=O)C2)\C=C\C(=O)NS(=O)(=O)c4cc(Cl)c(Cl)s4,CHEMBL479275,IC50,8.66
8319372,Cc1cn(CCC(=O)NS(=O)(=O)c2cc(Cl)c(Cl)s2)c3c(Oc4ccc5ccccc5c4)cc(F)cc13,CHEMBL566016,IC50,8.66
8319383,Clc1cccc(c1)S(=O)(=O)NC(=O)COc2cccc3[nH]cc(Sc4ccc5ccccc5c4)c23,CHEMBL464031,IC50,8.66
8319394,CCn1ncc2c(F)cc(cc12)C3=CC=C(C(=O)N3)[C@@]4(C)CCCNC4=O,CHEMBL3589082,Ki,8.7
8319405,Cc1cn(Cc2ccc(Cl)cc2Cl)c3c(\C=C\C(=O)NS(=O)(=O)c4cc(F)cc(F)c4)cc(F)cc13,CHEMBL566005,IC50,8.7
8319416,Cc1cn(Cc2ccc(Cl)cc2Cl)c3c(cc(F)cc13)c4ccc(NS(=O)(=O)c5cc(Cl)c(Cl)s5)nc4,CHEMBL1080619,IC50,8.7
8319427,Cc1cn(Cc2ccc(Cl)cc2Cl)c3c(cc(F)cc13)c4oc(NS(=O)(=O)c5cc(F)c(F)cc5F)nn4,CHEMBL1080106,IC50,8.7
8319438,Clc1ccc(Cn2ccc3cccc(\C=C\C(=O)NS(=O)(=O)c4cccs4)c23)c(Cl)c1,CHEMBL585581,IC50,8.7
8319449,Fc1ccc(cc1F)S(=O)(=O)NC(=O)COc2cccc3[nH]cc(Sc4ccc5ccccc5c4)c23,CHEMBL466184,IC50,8.7
8319460,Cn1cc(\C=C\C(=O)NS(=O)(=O)c2ccc(F)c(F)c2)c3c(Oc4ccc5ncccc5c4)cccc13,CHEMBL474751,IC50,8.72
8319471,FC1(F)C(=O)N(Cc2ccc3ccccc3c2)c4c(\C=C\C(=O)NS(=O)(=O)c5cccc(Cl)c5)cccc14,CHEMBL1093897,IC50,8.72
8319482,CC12CCCC(=C1N(Cc3ccc(F)c(F)c3)C(=O)C2)CCC(=O)NS(=O)(=O)c4cc(F)c(F)cc4F,CHEMBL480635,IC50,8.75
8319493,COc1cc(C\C=C\c2ccccc2\C=C\C(=O)NS(=O)(=O)c3cccs3)ccc1OCc4ccccc4,CHEMBL385955,Ki,8.8
8319504,COc1cc(\C=C\Cc2ccccc2\C=C\C(=O)NS(=O)(=O)c3cccs3)ccc1OCc4ccccc4,CHEMBL218280,Ki,8.8
8319515,Cc1cn(Cc2cn3ccccc3n2)c4c(\C=C\C(=O)NS(=O)(=O)c5cc(Cl)c(Cl)s5)cc(F)cc14,CHEMBL566202,IC50,8.89
8319526,Clc1ccc(Sc2c[nH]c3cccc(OCC(=O)NS(=O)(=O)c4cc(Cl)c(Cl)s4)c23)cc1Cl,CHEMBL519598,IC50,8.89
8319537,Fc1ccc(CN2C(=O)C(F)(F)c3cccc(\C=C\C(=O)NS(=O)(=O)c4ccc(Cl)c(Cl)c4)c23)cc1F,CHEMBL1091622,IC50,8.89
8319548,Fc1ccc(CN2C(=O)C(F)(F)c3cccc(\C=C\C(=O)NS(=O)(=O)c4ccc(F)c(F)c4)c23)cc1F,CHEMBL1091621,IC50,8.89
8319559,O=C(NS(=O)(=O)c1cccs1)\C=C\c2ccccc2Cc3ccc4ccccc4c3,CHEMBL220802,Ki,8.89
8319570,COc1ccc(OC)c(c1)S(=O)(=O)NC(=O)COc2cccc3[nH]cc(Sc4ccc5ccccc5c4)c23,CHEMBL482379,IC50,8.92
8319581,FC1(F)C(=O)N(Cc2ccc(Cl)cc2Cl)c3c(\C=C\C(=O)NS(=O)(=O)c4ccc(Cl)cc4)cccc13,CHEMBL1091606,IC50,8.96
8319592,COc1cccc(Cn2cc(C)c3cc(F)cc(\C=C\C(=O)NS(=O)(=O)c4ccc(F)c(F)c4)c23)c1,CHEMBL584904,IC50,9.0
8319603,Cc1cn(Cc2ccc(Cl)cc2Cl)c3c(cc(F)cc13)c4onc(NS(=O)(=O)c5ccc(Cl)c(Cl)c5)c4,CHEMBL1081545,IC50,9.0
8319614,Cc1cn(Cc2ccc(Cl)cc2Cl)c3c(cc(F)cc13)c4onc(NS(=O)(=O)c5ccc(F)c(F)c5)c4,CHEMBL1081186,IC50,9.0
8319625,Cc1cn(Cc2ccc3ccccc3c2)c4c(cc(F)cc14)c5onc(NS(=O)(=O)c6cc(Cl)c(Cl)s6)c5,CHEMBL1081185,IC50,9.0
8319636,Cc1cn(Cc2ccc3ccccc3c2)c4c(cc(F)cc14)c5onc(NS(=O)(=O)c6ccc(F)c(F)c6)c5,CHEMBL1081187,IC50,9.0
8319647,COc1ccc(Br)cc1S(=O)(=O)NC(=O)\C=C\c2ccccc2Cc3ccc4cc(OCc5ccccc5)ccc4c3,CHEMBL217941,Ki,9.05
5235217,O[C@@H](COc1ccccc1)\C=C\[C@H]2[C@H](O)C[C@@H]3O[C@H](CC[C@H]23)c4nc(cs4)C(=O)O,CHEMBL3804978,EC50,9.1
8319660,COc1ccc(cc1)S(=O)(=O)NC(=O)COc2cccc3[nH]cc(Sc4ccc5ccccc5c4)c23,CHEMBL465947,IC50,9.16
