id,smiles,name,assay_type,activity_value
7766398,CC(C)OC(=O)CCC\C=C/C[C@H]1[C@@H](O)C[C@@H](O)[C@@H]1\C=C\[C@@H](O)COC1=CC(=CC=C1)C(F)(F)F,travoprost,Ki,7.28399658
7766409,CCNC(=O)CCC\C=C/C[C@H]1[C@@H](O)C[C@@H](O)[C@@H]1\C=C\[C@@H](O)CCC1=CC=CC=C1,bimatoprost,Ki,5.3
7766419,CC(C)OC(=O)CCC\C=C/C[C@H]1[C@@H](O)C[C@@H](O)[C@@H]1CC[C@@H](O)CCC1=CC=CC=C1,latanoprost,Ki,6.30000019
7766429,CCCCC[C@H](O)\C=C\[C@H]1[C@H](O)C[C@H](O)[C@@H]1C\C=C/CCCC(O)=O,dinoprost,Kd,8.4
7766440,CCCCC[C@](C)(O)\C=C\[C@H]1[C@H](O)C[C@H](O)[C@@H]1C\C=C/CCCC(O)=O,carboprost,N/A,N/A
7766449,CC(C)OC(=O)CCC\C=C/C[C@H]1[C@@H](O)C[C@@H](O)[C@@H]1\C=C\C(F)(F)COC1=CC=CC=C1,tafluprost,N/A,N/A
7766479,OC(CC[C@H]1[C@H](O)C[C@H](O)[C@@H]1CCCCCCC(=O)O)CNc2ccccc2,CHEMBL434173,IC50,7.05
7766490,O[C@H](CC[C@H]1[C@H](O)C[C@H](O)[C@@H]1CCCCCCC(=O)O)CCc2ccccc2,CHEMBL290969,IC50,7.09
7766501,O[C@H](CC[C@H]1[C@H](O)C[C@H](O)[C@@H]1CCCCCCC(=O)O)CCc2ccccc2F,CHEMBL289373,IC50,7.12
7766512,O[C@H](CCCCc1ccccc1)\C=C\C2[C@H](O)C[C@H](O)[C@@H]2C\C=C/CCCC(=O)O,CHEMBL2114230,IC50,7.15
7766523,Cc1cccc(SCC(O)CC[C@H]2[C@H](O)C[C@H](O)[C@@H]2CCCCCCC(=O)O)c1,CHEMBL176692,IC50,7.2
7766537,CP(=O)(O)CCC\C=C/C[C@H]1[C@@H](O)C[C@@H](O)[C@@H]1\C=C\[C@@H](O)COc2ccccc2,CHEMBL440164,IC50,7.38
7766548,O[C@H](CC[C@H]1[C@H](O)C[C@H](O)[C@@H]1CCCCCCC(=O)O)CCc2cccc(F)c2,CHEMBL289568,IC50,7.38
7766559,O[C@@H](CCCCc1ccccc1)\C=C\C2[C@H](O)C[C@H](O)[C@@H]2C\C=C/CCCC(=O)O,CHEMBL88275,IC50,7.5
5235217,O[C@@H](COc1ccccc1)\C=C\[C@H]2[C@H](O)C[C@@H]3O[C@H](CC[C@H]23)c4nc(cs4)C(=O)O,CHEMBL3804978,EC50,7.5
7766573,O[C@@H](COc1cccc(Cl)c1)\C=C\[C@H]2[C@H](O)C[C@H](O)[C@@H]2C\C=C/CCCC(=O)O,CHEMBL37853,Ki,7.51
7766584,OC(CC[C@H]1[C@H](O)C[C@H](O)[C@@H]1CCCCCCC(=O)O)CSc2cccc(F)c2,CHEMBL173499,IC50,7.54
7766595,OC(CC[C@H]1[C@H](O)C[C@H](O)[C@@H]1CCCCCCC(=O)O)CSc2cccc(Cl)c2,CHEMBL173680,IC50,7.77
7766606,CCCCC(C)(C)[C@H](O)\C=C\[C@H]1[C@H](O)C[C@H](O)[C@@H]1C\C=C/CCCC(=O)O,CHEMBL40183,IC50,7.8
7766617,O[C@H](CC[C@H]1[C@H](O)C[C@H](O)[C@@H]1CCCCCCC(=O)O)COc2ccccc2,CHEMBL425681,IC50,7.92
7766628,OC(CC[C@H]1[C@H](O)C[C@H](O)[C@@H]1CCCCCCC(=O)O)CSc2cccs2,CHEMBL369797,IC50,7.96
7766639,O[C@@H](CCc1cccc(c1)C(F)(F)F)\C=C\[C@H]2[C@H](O)C[C@H](O)[C@@H]2C\C=C/CCCC(=O)O,CHEMBL287080,IC50,8.0
7766650,O[C@H](CC[C@H]1[C@H](O)C[C@H](O)[C@@H]1CCCCCCC(=O)O)CCc2cccc(c2)C(F)(F)F,CHEMBL39784,IC50,8.07
7766661,OC(CC[C@H]1[C@H](O)C[C@H](O)[C@@H]1CCCCCCC(=O)O)CSc2ccccc2,CHEMBL173299,IC50,8.52
7766673,O[C@H](CC[C@H]1[C@H](O)C[C@H](O)[C@@H]1CCCCCCC(=O)O)COc2cccc(Cl)c2,CHEMBL36041,IC50,8.59
7766684,O[C@@H](COc1ccccc1)\C=C\[C@H]2[C@H](O)C[C@H](O)[C@@H]2C\C=C/CCCC(=O)O,CHEMBL334398,IC50,8.7
