id,smiles,name,assay_type,activity_value
5979381,CCCCCCCCCc1ccc(CNCCC(O)C(=O)O)cc1,CHEMBL118068,IC50,7.0
5980521,CCCCCCCCc1ccc(CCC(N)CCP(=O)(O)O)cc1,CHEMBL325198,IC50,7.0
7073465,CCCCCCCCCCCCC(N)CCP(=O)(O)O,CHEMBL421234,IC50,7.07
5979226,CCCCCCCCCCCCCC(N)CCP(=O)(O)O,CHEMBL119760,IC50,7.07
7073478,NC(=O)c1ccc(Oc2cc(NC(=O)N3CCC(O)(CC3)c4ccc(Cl)cc4)cc(Oc5ccc(F)cc5)c2)cc1,CHEMBL3618196,IC50,7.08
5979937,CCCCCCCCc1ccc(CCC(N)\C=C\P(=O)(O)O)cc1.CCCCCCCCc2ccc(CCC(N)C(O)CP(=O)(O)O)cc2,CHEMBL91283,IC50,7.12
7073491,NC(=O)c1ccc(Oc2cc(NC(=O)N3CCC(O)(CC3)c4ccc(F)cc4)cc(Oc5ccc(F)cc5)c2)cc1,CHEMBL3618197,IC50,7.12
5979707,CCCCCCCCc1ccc(CC[C@H](N)C[C@H](O)P(=O)(O)O)cc1,CHEMBL115714,IC50,7.14
5979903,CCCCCCCCCc1ccc(CNCC(O)CC(=O)O)cc1,CHEMBL116140,IC50,7.18
5982372,CCCCCCCCCc1ccc(CNCCCP(=O)(C)O)cc1,CHEMBL432809,IC50,7.22
5983201,OP(=O)(O)CCCNCCCCCCCCCCc1ccccc1,CHEMBL119349,IC50,7.23
5978415,CCCCCCCCCc1ccc(CNCC(F)CC(=O)O)cc1,CHEMBL424254,IC50,7.24
7073512,CCC(CC)CC1(O)CCN(CC1)C(=O)Nc2cc(Oc3ccc(F)cc3)cc(Oc4ccccc4C(=O)N)c2,CHEMBL3401385,IC50,7.31
7073523,CCC(CC)CC1(O)CCN(CC1)C(=O)Nc2cc(Oc3ccc(F)cc3)cc(Oc4ccc(cc4)S(=O)(=O)C)c2,CHEMBL3401381,IC50,7.35
7073534,CCC(CC)CC1(O)CCN(CC1)C(=O)Nc2cc(Oc3ccncc3)cc(Oc4ccc(F)cc4)c2,CHEMBL3401388,IC50,7.35
261207,CCCCCCCCc1ccc(CCNCCCP(=O)(O)O)cc1,CHEMBL325193,IC50,7.35
261108,CCCCCCCCCCCCC\C=C\[C@@H](O)[C@@H](N)COP(=O)(O)O,CHEMBL225155,EC50,7.36
5981145,CCCCCCCc1ccc(CCCNCCCP(=O)(O)O)cc1,CHEMBL119233,IC50,7.38
5979914,CCCCCCCCOc1ccc(CNCCCP(=O)(O)O)cc1O,CHEMBL119239,IC50,7.39
7073553,CCC(CC)CC1(O)CCN(CC1)C(=O)Nc2cc(Oc3ccc(F)cc3)cc(Oc4ccc(cc4)C(=O)N)c2,CHEMBL3401383,IC50,7.41
7073564,CS(=O)(=O)c1ccc(Oc2cc(NC(=O)N3CCC(O)(CC3)c4ccc(F)cc4)cc(Oc5ccc(F)cc5)c2)cc1,CHEMBL3618199,IC50,7.41
7073575,NS(=O)(=O)c1ccc(Oc2cc(NC(=O)N3CCC(O)(CC3)c4ccc(F)cc4)cc(Oc5ccc(F)cc5)c2)cc1,CHEMBL3618200,IC50,7.41
5982140,CCCCCCCCCCCCCNCCCP(=O)(O)O,CHEMBL118265,IC50,7.42
7073588,CC(C)CC1(O)CCN(CC1)C(=O)Nc2cc(Oc3ccc(F)cc3)cc(Oc4ccc(C(=O)O)c(F)c4)c2,CHEMBL3759218,IC50,7.47
261252,CCCCCCCCc1ccc(CC[C@@H](N)C[C@H](O)P(=O)(O)O)cc1,CHEMBL115713,IC50,7.48
7073601,CC(C)C1(O)CCN(C1)C(=O)Nc2cc(Oc3ccc(F)cc3)cc(Oc4ccc(cc4)C(C)(C)C(=O)O)c2,CHEMBL3760061,IC50,7.54
5979815,CCCCCCCCc1ccc(CC[C@H](N)C[C@@H](O)P(=O)(O)O)cc1,CHEMBL114976,IC50,7.57
7073614,CC(C)CC1(O)CCN(CC1)C(=O)Nc2cc(Oc3ccc(cc3)C(=O)O)cc(Oc4ccc(F)c(F)c4)c2,CHEMBL3758346,IC50,7.6
5982480,CCCCCCCCOc1ccc(CNCCCP(=O)(O)O)cc1OC,CHEMBL118508,IC50,7.62
7073627,CC(C)CC1(O)CCN(CC1)C(=O)Nc2cc(Oc3ccc(F)cc3)cc(Oc4ccc(CC(=O)O)cc4)c2,CHEMBL3759492,IC50,7.68
7073638,CC(C)CC1(O)CCN(CC1)C(=O)Nc2cc(Oc3ccc(cc3)C(=O)O)cc(Oc4ccc(F)cc4F)c2,CHEMBL3759551,IC50,7.7
5979024,CCCCCCCCCCCCNCCCP(=O)(O)O,CHEMBL119562,IC50,7.72
1381455,CCCCCCCCOc1c(C)cc(CNCCCP(=O)(O)O)cc1OC,CHEMBL432813,IC50,7.72
5704752,Cl.CCCCCCCCc1ccc(cc1)c2c[nH]c(n2)C(N)(CO)COP(=O)(O)O,CHEMBL537849,EC50,7.75
7073655,CC(C)(C(=O)O)c1ccc(Oc2cc(NC(=O)N3CCC(O)(C3)C4CCCCC4)cc(Oc5ccc(F)cc5)c2)cc1,CHEMBL3758803,IC50,7.77
7073666,CC(C)CC1(O)CCN(CC1)C(=O)Nc2cc(Oc3ccc(F)cc3)cc(Oc4ccc(cc4F)C(=O)O)c2,CHEMBL3759799,IC50,7.77
7073677,CCC(CC)CC1(O)CCN(CC1)C(=O)Nc2cc(Oc3ccc(F)cc3)cc(Oc4cccc(c4)C(=O)N)c2,CHEMBL3401384,IC50,7.89
5704832,CCCCCCCCCCCCCCNCCCP(=O)(O)O,CHEMBL334213,IC50,7.89
7073690,CCC(CC)CC1(O)CCN(CC1)C(=O)Nc2cc(Oc3ccc(F)cc3)cc(Oc4ccc(cc4)C(=O)O)c2,CHEMBL3758214,IC50,7.92
5980760,CCCCCCCCCCCCCCCCNCCCP(=O)(O)O,CHEMBL115738,IC50,7.92
5982151,CCCCCCCCOc1ccc(CNCCCP(=O)(O)O)cc1OCC,CHEMBL324820,IC50,7.92
5980872,CCCCCCCCCCCCCCCNCCCP(=O)(O)O,CHEMBL117973,IC50,7.96
7073707,COc1cc(Oc2cc(NC(=O)N3CCC(O)(CC(C)C)CC3)cc(Oc4ccc(F)cc4)c2)ccc1C(=O)O,CHEMBL3758974,IC50,7.96
7073718,CC(C)c1cc(NNC(=O)Nc2cc(Cl)nc(Cl)c2)nc3c1c(C)nn3C,CHEMBL1368758,IC50,8.0
260980,CCCCCCCCOc1c(Br)cc(CNCCCP(=O)(O)O)cc1OC,CHEMBL117723,IC50,8.0
261218,CCCCCCCCc1ccc(CCC(N)CC(O)P(=O)(O)O)cc1,CHEMBL113344,IC50,8.01
7073733,CC(C)CC1(O)CCN(CC1)C(=O)Nc2cc(Oc3ccc(F)cc3)cc(Oc4ccc(cc4)C(C)C(=O)O)c2,CHEMBL3758775,IC50,8.03
7073744,CC(C)CC1(O)CN(C1)C(=O)Nc2cc(Oc3ccc(F)cc3)cc(Oc4ccc(cc4)C(C)(C)C(=O)O)c2,CHEMBL3703201,IC50,8.03
7073754,CC(C)(C(=O)O)c1ccc(Oc2cc(NC(=O)N3CCC(O)(C3)C4CCCC4)cc(Oc5ccc(F)cc5)c2)cc1,CHEMBL3759532,IC50,8.06
7073765,CC(C)CC1(O)CCN(CC1)C(=O)Nc2cc(Oc3ccc(F)cc3)cc(Oc4cccc(c4)C(C)(C)C(=O)O)c2,CHEMBL3758872,IC50,8.06
7073776,CCC(CC)CC1(O)CCN(CC1)C(=O)Nc2cc(Oc3ccc(F)cc3)cc(Oc4ccc(cc4)C(=O)N(C)C)c2,CHEMBL3401387,IC50,8.06
7073787,CC(C)CC1(O)CCN(C1)C(=O)Nc2cc(Oc3ccc(F)cc3)cc(Oc4ccc(cc4)C(C)(C)C(=O)O)c2,CHEMBL3759434,IC50,8.09
1381501,CCCCCCCCOc1c(Cl)cc(CNCCCP(=O)(O)O)cc1OC,CHEMBL117715,IC50,8.1
7073799,CCNC(=O)c1ccc(Oc2cc(NC(=O)N3CCC(O)(CC(CC)CC)CC3)cc(Oc4ccc(F)cc4)c2)cc1,CHEMBL3703199,IC50,8.16
7073809,CC(C)CC1(O)CCN(CC1)C(=O)Nc2cc(Oc3ccc(F)cc3)cc(Oc4ccc(cc4)C5(CC5)C(=O)O)c2,CHEMBL3759864,IC50,8.19
5982739,CCCCCCCCOc1ccc(CNCCCP(=O)(O)O)cc1,CHEMBL332373,IC50,8.2
5980718,CCCCCCOc1c(Br)cc(CNCCCP(=O)(O)O)cc1OC,CHEMBL325247,IC50,8.21
7073824,OC(=O)c1ccc(Oc2cc(NC(=O)N3CCC(O)(CC3)c4ccc(F)cc4)cc(Oc5ccc(F)cc5)c2)cc1,CHEMBL3618201,IC50,8.21
1381558,CCCCCCCOc1c(Br)cc(CNCCCP(=O)(O)O)cc1OC,CHEMBL118783,IC50,8.22
261082,CCCCCCCCCc1ccc(CNCCCP(=O)(O)O)cc1,CHEMBL118860,IC50,8.26
1381582,CCCCCCCCc1ccc(CNCCCP(=O)(O)O)cc1,CHEMBL119256,IC50,8.26
7073839,CCC(CC)CC1(O)CCN(CC1)C(=O)Nc2cc(Oc3ccc(F)cc3)cc(Oc4ccc(cc4)C(=O)N5CCCC(O)C5)c2,CHEMBL3703200,IC50,8.29
261240,CCCCCCCCc1ccc(CC[C@@H](N)C[C@@H](O)P(=O)(O)O)cc1,CHEMBL115554,IC50,8.35
7073851,CCC(CC)CC1(O)CCN(CC1)C(=O)Nc2cc(Oc3ccc(F)cc3)cc(Oc4ccc(cc4)S(=O)(=O)N)c2,CHEMBL3401382,IC50,8.39
7073862,CC(C)CC1(O)CCN(CC1)C(=O)Nc2cc(Oc3ccc(F)cc3)cc(Oc4ccc(cc4)C(=O)O)c2,CHEMBL3758929,IC50,8.4
5983369,CCCCCCCCC(=O)c1ccc(CNCCCP(=O)(O)O)cc1,CHEMBL115970,IC50,8.4
261130,CCCCCCCCCOc1c(Br)cc(CNCCCP(=O)(O)O)cc1OC,CHEMBL117910,IC50,8.41
7073877,CC(C)CC1(O)CCN(CC1)C(=O)Nc2cc(Oc3ccc(F)cc3)cc(Oc4ccc(C(=O)O)c(Cl)c4)c2,CHEMBL3759037,IC50,8.44
7073887,CC(C)CC1(O)CCN(CC1)C(=O)Nc2cc(Oc3ccc(F)cc3)cc(c2)C(=O)Oc4ccc(cc4)C(C)(C)C(=O)O,CHEMBL3703202,IC50,8.47
7073897,CCC(CC)CC1(O)CCN(CC1)C(=O)Nc2cc(Oc3ccc(F)cc3)cc(Oc4ccc(cc4)C(=O)NC)c2,CHEMBL3401386,IC50,8.52
7073907,CCC(CC)CC1(O)CCN(CC1)C(=O)Nc2cc(Oc3ccc(F)cc3)cc(Oc4ccc(cc4)C5(CC5)C(=O)O)c2,CHEMBL3703198,IC50,8.52
1381593,CCCCCCCCOc1c(Br)cc(CNCCCP(=O)(O)O)cc1Br,CHEMBL332667,IC50,8.52
1381547,CCCCCCCCOc1ccc(CNCCCP(=O)(O)O)cc1Br,CHEMBL119354,IC50,8.54
5983380,CCCCCCc1ccc(cc1)c2ccc(CNCCCP(=O)(O)O)cc2,CHEMBL116981,IC50,8.59
7073923,CC(C)CC1(O)CCN(CC1)C(=O)Nc2cc(Oc3ccc(F)cc3)cc(Oc4ccc(cc4)C(C)(C)C(=O)O)c2,CHEMBL3703203,IC50,8.64
1381490,CCCCCCCCOc1ccc(CNCCCP(=O)(O)O)cc1F,CHEMBL119873,IC50,8.7
1381534,CCCCCCCCCCCOc1c(Br)cc(CNCCCP(=O)(O)O)cc1OC,CHEMBL118815,IC50,8.72
1381569,CCCCCCCCOc1ccc(CNCCCP(=O)(O)O)cc1C,CHEMBL331054,IC50,8.75
261483,CCCCCCCCc1ccc(CCC(N)COP(=O)(O)O)cc1,CHEMBL432067,IC50,8.75
5984079,CCCCCCCc1onc(n1)c2ccc(CNCCCP(=O)(O)O)cc2,CHEMBL323617,IC50,8.75
1381468,CCCCCCCCCOc1ccc(CNCCCP(=O)(O)O)cc1,CHEMBL333335,IC50,8.77
1381512,CCCCCCCCOc1ccc(CNCCCP(=O)(O)O)cc1Cl,CHEMBL119413,IC50,8.77
1381604,CCCCCCCCCCOc1c(Br)cc(CNCCCP(=O)(O)O)cc1OC,CHEMBL441826,IC50,8.82
5984090,CCCCCCCn1nnc(n1)c2ccc(CNCCCP(=O)(O)O)cc2,CHEMBL119382,IC50,8.85
1381626,CCCCCCCCOc1c(Cl)cc(CNCCCP(=O)(O)O)cc1Cl,CHEMBL119116,IC50,9.0
1381615,CCCCCCCCOc1c(C)cc(CNCCCP(=O)(O)O)cc1C,CHEMBL119440,IC50,9.1
261274,CCCCCCCCc1ccc(CCC(N)(CO)OP(=O)(O)O)cc1,CHEMBL117130,IC50,9.1
261071,CCCCCCCCc1ccc(CCC(N)(CO)COP(=O)(O)O)cc1,CHEMBL114606,IC50,9.11
