id,smiles,name,assay_type,activity_value
15094,[H]N[C@@H](CC1=CC=CC=C1)C(=O)N[C@H]1CSSC[C@H](NC(=O)[C@@H](NC(=O)[C@H](CCCCN)NC(=O)[C@H](CC2=CNC3=C2C=CC=C3)NC(=O)[C@H](CC2=CC=CC=C2)NC1=O)[C@@H](C)O)C(=O)N[C@]([H])(CO)[C@@]([H])(C)O,octreotide,IC50,8.5229
15107,[H][C@](N)(CC1=CC=C2C=CC=CC2=C1)C(=O)N[C@H]1CSSC[C@H](NC(=O)[C@@H](NC(=O)[C@H](CCCCN)NC(=O)[C@@H](CC2=CNC3=C2C=CC=C3)NC(=O)[C@H](CC2=CC=C(O)C=C2)NC1=O)C(C)C)C(=O)N[C@@H]([C@@H](C)O)C(N)=O,lanreotide,Ki,8.35000014
15117,NCCCC[C@@H]1NC(=O)[C@@H](CC2=CNC3=C2C=CC=C3)NC(=O)C(NC(=O)[C@@H]2C[C@H](CN2C(=O)[C@H](CC2=CC=CC=C2)NC(=O)[C@H](CC2=CC=C(OCC3=CC=CC=C3)C=C2)NC1=O)OC(=O)NCCN)C1=CC=CC=C1,pasireotide,IC50,9.80000019
15127,[H]N[C@@H](C)C(=O)NCC(=O)N[C@H]1CSSC[C@H](NC(=O)[C@H](CO)NC(=O)[C@@H](NC(=O)[C@H](CC2=CC=CC=C2)NC(=O)[C@@H](NC(=O)[C@H](CCCCN)NC(=O)[C@H](CC2=CNC3=C2C=CC=C3)NC(=O)[C@H](CC2=CC=CC=C2)NC(=O)[C@H](CC2=CC=CC=C2)NC(=O)[C@H](CC(N)=O)NC(=O)[C@H](CCCCN)NC1=O)[C@@H](C)O)[C@@H](C)O)C(O)=O,somatostatin,Ki,9.85
4118744,COC[C@H]1OC(OCc2ccc3ccccc3c2)[C@H](NCCN)C(OCc4cccc5ccccc45)[C@@H]1O,CHEMBL1253955,IC50,7.0
4118754,CCCCn1nc(CN2CCC3(CC2)CN(C(=O)O3)c4ccc(cc4)C(=O)O)c5cc(F)ccc15,CHEMBL3670734,IC50,7.01
4118763,OC(=O)c1ccc(cc1)N2CC3(CCN(Cc4nc(oc4c5cc(F)c(F)cc5F)c6ccccc6)CC3)OC2=O,CHEMBL3670760,IC50,7.05
4118772,OC(=O)c1ccc(cc1)N2CC3(CCN(Cc4nn(Cc5ccc(Cl)cc5)cc4c6ccc(F)c(F)c6F)CC3)OC2=O,CHEMBL3665785,IC50,7.05
4118783,NCCCC[C@H]1NC(=O)[C@@H](Cc2c[nH]c3ccccc23)SCCN(Cc4cccc5ccccc45)C1=O,CHEMBL92914,IC50,7.06
4118793,OC(=O)c1ccc(cc1)N2CC3(CCN(Cc4nc(oc4c5ccccc5)c6ccccc6)CC3)OC2=O,CHEMBL3670764,IC50,7.07
15741,CNc1ccc(cc1)C(C(C)C)[C@@H]2NC(=O)[C@H](Cc3ccccc3)NC(=O)[C@H](CSSC[C@H](NC(=O)[C@H](Cc4ccccc4)NC(=O)[C@@H](NC(=O)[C@H](CCCCN)NC(=O)[C@@H](Cc5c[nH]c6ccccc56)NC2=O)[C@@H](C)O)C(=O)O)NC(=O)[C@H](Cc7ccc(O)cc7)NC(=O)N,CHEMBL3350724,IC50,7.08
4118805,COc1ccc(CN2CCC(CC2)Nc3oc4ccccc4n3)cc1OC5CCCC5,CHEMBL393333,Ki,7.08
4118815,OC(=O)c1ccc(cc1)N2CC3(CCN(Cc4c(Cc5cc(F)c(F)cc5F)nn(c4Cl)c6ccccc6)CC3)OC2=O,CHEMBL3665782,IC50,7.1
16651,C[C@@H](O)[C@H](CO)NC(=O)[C@@H]1CSSC[C@H](NC(=O)[C@H](Cc2ccccc2)NC[C@]3(O)OC[C@H](O)[C@@H](O[C@@H]4O[C@@H](CO)[C@@H](O)[C@H](O)[C@@H]4O)[C@@H]3O)C(=O)N[C@@H](Cc5ccc(O)c(I)c5)C(=O)N[C@H](Cc6c[nH]c7ccccc67)C(=O)N[C@@H](CCCCN)C(=O)N[C@@H]([C@@H](C)O)C(=O)N1,CHEMBL3144280,IC50,7.13
4118827,COC[C@H]1OC(OCc2ccc3ccccc3c2)[C@H](NCCCN)C(OCc4ccc(Cl)cc4)[C@@H]1O,CHEMBL1253954,IC50,7.16
4118838,COC[C@H]1O[C@H](OCc2ccc3ccccc3c2)[C@H](NC(=O)CCCN)[C@H](OCc4ccc(Cl)cc4)[C@@H]1O,CHEMBL1254140,IC50,7.16
4118849,NCCCCCn1c(SCCc2c[nH]c3ccccc23)nnc1c4ccc5ccccc5c4,CHEMBL363712,Ki,7.16
4118859,OC(=O)c1ccc(cc1)N2CC3(CCN(Cc4sc(nc4c5ccccc5)c6ccccc6)CC3)OC2=O,CHEMBL3670762,IC50,7.16
4118870,CC(C)[C@@H]1NC(=O)[C@H](CCCCN)NC(=O)[C@H](Cc2c[nH]c3ccccc23)NC(=O)[C@H](Cc4ccc(O)cc4)NC(=O)[C@H](Cc5ccccc5)NCCNC(=O)CCCN([C@@H](Cc6ccccc6)C(=O)N[C@@H]([C@@H](C)O)C(=O)N)C1=O,CHEMBL2304255,IC50,7.17
4118880,COc1ccc2c(CN3CCC4(CC3)CN(C(=O)O4)c5ccc(cc5)C(=O)O)nn(C(C)C)c2c1,CHEMBL3670736,IC50,7.17
16444,C[C@@H](O)[C@H](CO)NC(=O)[C@@H]1CSSC[C@H](NC(=O)[C@H](N)Cc2ccccc2)C(=O)N[C@@H](Cc3ccccc3)C(=O)N[C@H](Cc4c[nH]c5ccccc45)C(=O)N[C@@H](CCCCN)C(=O)N[C@@H]([C@@H](C)O)C(=O)N1,CHEMBL3350037,Ki,7.17
4118891,CCOc1cc(CN2CCC(CC2)Nc3oc4ccccc4n3)ccc1O,CHEMBL237660,Ki,7.18
4118902,NCCCn1c(SCCc2c[nH]c3ccccc23)nnc1c4ccc5ccccc5c4,CHEMBL426072,Ki,7.18
4118912,CCOc1cc(C)nc2c(OCC)cc(CN3CCC4(CC3)CN(C(=O)O4)c5ccc(cc5)C(=O)O)cc12,CHEMBL3665851,IC50,7.19
16409,C[C@@H](O)[C@@H](CO)NC(=O)[C@@H]1CSSC[C@H](NC(=O)[C@H](Cc2ccccc2)NC[C@]3(O)OC[C@H](O)[C@@H](O)[C@@H]3O)C(=O)N[C@@H](Cc4ccc(O)c(I)c4)C(=O)N[C@H](Cc5c[nH]c6ccccc56)C(=O)N[C@@H](CCCCN)C(=O)N[C@@H]([C@@H](C)O)C(=O)N1,CHEMBL3144279,IC50,7.19
16558,C[C@H](O)[C@@H](CO)NC(=O)[C@@H]1CSSC[C@H](NC(=O)[C@H](N)Cc2ccccc2)C(=O)N[C@@H](Cc3ccc(O)c(I)c3)C(=O)N[C@H](Cc4c[nH]c5ccccc45)C(=O)N[C@@H](CCCCN)C(=O)N[C@@H]([C@@H](C)O)C(=O)N1,CHEMBL2372604,IC50,7.19
4118926,NCCCCn1c(SCCc2c[nH]c3ccccc23)nnc1c4cccc5cc[nH]c45,CHEMBL188777,Ki,7.19
4118936,CC(C)(C)n1nc(CN2CCC3(CC2)CN(C(=O)O3)c4ccc(cc4)C(=O)O)c5cc(Cl)c(F)cc15,CHEMBL3670747,IC50,7.21
1740613,CCOc1cc(CN2CCC(CC2)NC(=O)c3cccc(c3)S(=O)(=O)C)ccc1Cl,CHEMBL241330,Ki,7.22
4118947,COc1ccc(cc1)c2nn(cc2CN3CCCC4(CC3)CN(C(=O)O4)c5ccc(cc5)C(=O)O)c6ccccc6,CHEMBL3665797,IC50,7.23
16690,C[C@@H](O)[C@@H]1NC(=O)[C@H](CCCCN)NC(=O)[C@@H](Cc2c[nH]c3ccccc23)NC(=O)[C@H](Cc4ccccc4)NC(=O)[C@H](Cc5ccccc5)NC(=O)[C@H](CSSC[C@H](NC(=O)[C@H](CO)NC(=O)[C@H](Cc6ccccc6)NC1=O)C(=O)O)NC(=O)CNC(=O)COCCOCCNC(=O)CN7CCN(CC(=O)O)CCN(CC(=O)O)CCN(CC(=O)O)CC7,CHEMBL3122128,IC50,7.24
4118959,NCCCCn1c(SCCc2c[nH]c3ccccc23)nnc1c4cc5ccccc5s4,CHEMBL191171,Ki,7.24
15490,NCCCCn1c(SCCc2c[nH]c3ccccc23)nnc1c4cnc5ccccc5n4,CHEMBL188402,Ki,7.25
4118972,CCOc1cc(CN2CCC(CC2)Nc3oc4ccc(cc4n3)S(=O)(=O)CC)cc(OC5CCOCC5)c1,CHEMBL1082036,Ki,7.26
4118983,CCOc1cc(CN2CCC(CC2)Nc3oc4ccc(cc4n3)S(=O)(=O)N(C)C)cc(OCC)c1n5cccc5,CHEMBL1079686,Ki,7.28
4118994,NCCCCn1c(SCCc2c[nH]c3ccccc23)nnc1c4cccc(Br)c4,CHEMBL187498,Ki,7.29
4119005,COC[C@H]1O[C@@H](OCc2ccc3ccccc3c2)[C@H](NC(=O)CCCN)[C@@H](OCc4ccc(Cl)cc4)[C@@H]1O,CHEMBL1254235,IC50,7.3
4119016,C[C@@H](NC(=O)[C@H](CCCCN)N1Cc2[nH]c3ccccc3c2C[C@@H](NC(=O)Cc4ccccc4)C1=O)c5ccccc5.OC(=O)C(F)(F)F,CHEMBL476240,IC50,7.3
16887,C[C@H](O)[C@@H](CO)NC(=O)[C@@H]1CSSC[C@H](NC(=O)[C@H](N)Cc2ccccc2)C(=O)N[C@@H](Cc3ccc(O)c([125I])c3)C(=O)N[C@H](Cc4c[nH]c5ccccc45)C(=O)N[C@@H](CCCCN)C(=O)N[C@@H]([C@@H](C)O)C(=O)N1,CHEMBL2372607,IC50,7.3
4119028,CC1(C)Cc2cc(CN3CCC4(CC3)CN(C(=O)O4)c5ccc(cc5)C(=O)O)ccc2O1,CHEMBL3670730,IC50,7.34
4119037,OC(=O)c1ccc(cc1)N2CC3(CCN(Cc4c(Cl)n(nc4c5cc(F)c(F)cc5F)c6ccccc6)CC3)OC2=O,CHEMBL3665774,IC50,7.35
4119046,CCCn1nc(Cc2cc(F)c(F)cc2F)c(CN3CCC4(CC3)CN(C(=O)O4)c5ccc(cc5)C(=O)O)c1Cl,CHEMBL3665781,IC50,7.39
4119056,NCCCC1CCCN2C1C(=O)N(Cc3cccc4ccccc34)CCS[C@H](Cc5c[nH]c6ccccc56)C2=O,CHEMBL93351,IC50,7.39
4119067,COc1cc(CN2CCC(CC2)NC(=O)c3cncc(C)c3)c(OC)c4ccccc14,CHEMBL241328,Ki,7.4
4119078,CCOc1cc(CN2CCC(CC2)Nc3oc4ccccc4n3)ccc1C,CHEMBL236611,Ki,7.43
4119088,CC(C)(C)c1nn(cc1CN2CCC3(CC2)CN(C(=O)O3)c4ccc(cc4)C(=O)O)c5ccc(F)cc5,CHEMBL3665770,IC50,7.44
4119098,C[C@@H](O)[C@@H]1NC(=O)[C@@H](CCCCN)NC(=O)[C@H](Cc2c[nH]c3ccccc23)NC(=O)N(C)[C@H](O)NC(=O)[C@@H](Cc4ccccc4)NC(=O)[C@@H](CSSC[C@@H](NC(=O)[C@@H](Cc5ccccc5)NC1=O)C(=O)O)NC(=O)[C@@H](N)Cc6ccc(O)cc6,CHEMBL1161331,IC50,7.47
4119109,CCOc1cc(CN2CCC(CC2)Nc3oc4ccccc4n3)cc(OCC)c1N,CHEMBL1078449,Ki,7.48
4119119,CC(C)(C)n1cc(CN2CCC3(C2)CN(C(=O)O3)c4ccc(cc4)C(=O)O)c(n1)c5ccc(F)c(F)c5F,CHEMBL3665799,IC50,7.49
4119129,CC(C)Oc1cc(CN2CCC(CC2)Nc3oc4ccccc4n3)cc(OC(C)C)c1,CHEMBL1078895,Ki,7.51
4119139,CC1(C)CCc2cc(CN3CCC4(CC3)CN(C(=O)O4)c5ccc(cc5)C(=O)O)ccc2O1,CHEMBL3670724,IC50,7.53
4119149,C[C@@H](O)[C@@H](CO)NC(=O)[C@@H]1C\C=C\C[C@H](NC(=O)[C@H](N)Cc2ccccc2)C(=O)N[C@@H](Cc3ccccc3)C(=O)N[C@H](Cc4cc5ccccc5[nH]4)C(=O)N[C@@H](CCCCN)C(=O)N[C@@H](Cc6ccc(OC(=O)c7ccccc7)cc6)C(=O)N1,CHEMBL1223227,IC50,7.54
15393,C[C@@H](O)[C@@H](CO)NC(=O)[C@@H]1C\C=C/C[C@H](NC(=O)[C@H](N)Cc2ccccc2)C(=O)N[C@@H](Cc3ccccc3)C(=O)N[C@H](Cc4c[nH]c5ccccc45)C(=O)N[C@@H](CCCCN)C(=O)N[C@@H]([C@@H](C)O)C(=O)N1,CHEMBL252355,IC50,7.55
15404,C[C@@H](O)[C@@H](CO)NC(=O)[C@@H]1C\C=C/C[C@H](NC(=O)[C@H](N)Cc2ccccc2)C(=O)N[C@@H](Cc3ccccc3)C(=O)N[C@H](Cc4cc5ccccc5[nH]4)C(=O)N[C@@H](CCCCN)C(=O)N[C@@H]([C@@H](C)O)C(=O)N1,CHEMBL1223226,IC50,7.55
4119163,COc1ccc(cc1)c2nn(cc2CN3CCCC4(CC3)CN(C(=O)O4)c5ccc(cc5)C(=O)O)C(C)(C)C,CHEMBL3665796,IC50,7.57
15174,NCCCCn1c(SCCc2c[nH]c3ccccc23)nnc1c4ccc5ccccc5c4,CHEMBL188767,Ki,7.57
4119174,CCOc1ccc(c(CN2CCCC3(CC2)CN(C(=O)O3)c4ccc(cc4)C(=O)O)c1)c5ccc(F)c(F)c5,CHEMBL3665795,IC50,7.58
4119184,CCc1ccc(cc1)c2nnc(SCCc3c[nH]c4ccccc34)n2CCCCN,CHEMBL365627,Ki,7.59
4119195,CCOc1cc(CN2CCC(CC2)NC(=O)c3cncc(C)c3)cc(OCC)c1F,CHEMBL1210373,Ki,7.6
4119206,NCCCC[C@@H](N1Cc2[nH]c3ccccc3c2C[C@@H](NC(=O)Cc4ccccc4)C1=O)C(=O)NCc5ccccc5.OC(=O)C(F)(F)F,CHEMBL462020,IC50,7.6
4119216,CC(C)n1nc(Cc2cc(F)c(F)cc2F)c(CN3CCC4(CC3)CN(C(=O)O4)c5ccc(cc5)C(=O)O)c1Cl,CHEMBL3665780,IC50,7.64
4119226,CCOc1cc(CN2CCC(CC2)Nc3oc4cc(ccc4n3)C(=O)O)ccc1Cl,CHEMBL1080586,Ki,7.64
4119238,COc1ccc(CN2CCC(CC2)Nc3oc4ccccc4n3)cc1OCC(C)C,CHEMBL236588,Ki,7.64
4119249,CCOc1cc(CN2CCC[C@H](CC2)NC(=O)c3cncc(C)c3)cc(OCC)c1F,CHEMBL1210271,Ki,7.66
4119260,CCOc1cc(CN2CCC[C@H](CC2)NC(=O)c3cncc(C)c3)ccc1C,CHEMBL1210374,Ki,7.66
4119271,CCOc1cc(CN2CCC(CC2)NC(=O)c3cncc(C)c3)ccc1C,CHEMBL1210028,Ki,7.68
4119282,CCOc1cc(CN2CCC(CC2)NC(=O)c3cncc(C)c3)ccc1Cl,CHEMBL241329,Ki,7.7
4119293,COc1cc(CN2CCC(CC2)NC(=O)c3ccc(cc3)C(C)(C)C)c(OC)c4ccccc14,CHEMBL400021,Ki,7.7
4119304,CCOc1cc(CN2CCC(CC2)NC(=O)c3ccc(N)nc3)ccc1C,CHEMBL1210029,Ki,7.72
4119315,CCOc1cc(CN2CCC(CC2)NC(=O)c3ccc(NC)nc3)cc(OCC)c1F,CHEMBL1210268,Ki,7.75
4119326,CCOc1cc(CN2CCC(CC2)Nc3oc4cc(ccc4n3)C(=O)O)cc(OCC)c1F,CHEMBL1079874,Ki,7.75
4119337,CCOc1cc(CN2CCC[C@H](CC2)NC(=O)c3cncc(C)c3)ccc1Cl,CHEMBL1210269,Ki,7.75
4119348,CCOc1cc(CN2CCC(CC2)Nc3oc4ccc(cc4n3)S(=O)(=O)N)ccc1Cl,CHEMBL391637,Ki,7.77
15894,C[C@@H](O)[C@@H](CO)NC(=O)[C@@H]1C\C=C/C[C@H](NC(=O)[C@H](N)Cc2ccccc2)C(=O)N[C@@H](Cc3cccc4ccccc34)C(=O)N[C@H](Cc5cc6ccccc6[nH]5)C(=O)N[C@@H](CCCCN)C(=O)N[C@@H]([C@@H](C)O)C(=O)N1,CHEMBL1223229,IC50,7.78
16760,C[C@@H](O)[C@@H]1NC(=O)[C@H](CCCCN)NC(=O)[C@@H](Cc2c[nH]c3ccccc23)NC(=O)[C@H](Cc4ccccc4)NC(=O)[C@H](Cc5ccccc5)NC(=O)[C@H](CSSC[C@H](NC(=O)[C@H](CO)NC(=O)[C@H](Cc6ccccc6)NC1=O)C(=O)O)NC(=O)[C@H](CCCNC(=N)N)NC(=O)COCCOCCNC(=O)CN7CCN(CC(=O)O)CCN(CC(=O)O)CCN(CC(=O)O)CC7,CHEMBL3122129,IC50,7.8
15774,NCCCC[C@H](N1Cc2[nH]c3ccccc3c2C[C@@H](NC(=O)c4ccc(cc4)c5ccccc5)C1=O)C(=O)NCc6ccccc6.OC(=O)C(F)(F)F,CHEMBL453412,IC50,7.8
4119364,CC(C)(C)n1cc(CN2CC3(C2)CN(C(=O)O3)c4ccc(cc4)C(=O)O)c(n1)c5ccc(F)c(F)c5F,CHEMBL3665791,IC50,7.83
4119373,CCCCn1nc(Cc2cc(F)c(F)cc2F)c(CN3CCC4(CC3)CN(C(=O)O4)c5ccc(cc5)C(=O)O)c1Cl,CHEMBL3665779,IC50,7.84
4119382,CC1(C)CC(C)(C)c2cc(CN3CCC4(CC3)CN(C(=O)O4)c5ccc(cc5)C(=O)O)ccc2O1,CHEMBL3670723,IC50,7.85
4119391,OC(=O)c1ccc(cc1)N2CC3(CCN(Cc4c(nc5ccccn45)c6ccccc6)CC3)OC2=O,CHEMBL3670767,IC50,7.87
4119400,CCOc1ccc(c(CN2CCC3(CC2)CN(C(=O)O3)c4ccc(cc4)C(=O)O)n1)c5ccc(F)c(F)c5F,CHEMBL3665822,IC50,7.88
4119410,CCOc1cc(CN2CCC(CC2)Nc3oc4ccc(cc4n3)S(=O)(=O)N)cc(OCC)c1N,CHEMBL236788,Ki,7.89
4119421,COC(=O)[C@H](CCCCN)N1Cc2[nH]c3ccccc3c2C[C@@H](NC(=O)Cc4ccccc4)C1=O.OC(=O)C(F)(F)F,CHEMBL473160,IC50,7.89
4119431,OC(=O)c1ccc(cc1)N2CC3(CCN(Cc4cn(nc4c5ccc(OC(F)(F)F)cc5)c6ccccc6)CC3)OC2=O,CHEMBL3665762,IC50,7.89
15361,C[C@@H](O)[C@@H](CO)NC(=O)[C@@H]1C\C=C/C[C@H](NC(=O)[C@H](N)Cc2ccccc2)C(=O)N[C@@H](Cc3ccccc3)C(=O)N[C@H](Cc4cc5ccccc5[nH]4)C(=O)N[C@@H](CCCCN)C(=O)N[C@@H](Cc6ccc(OC(=O)c7ccccc7)cc6)C(=O)N1,CHEMBL1223228,IC50,7.91
4119443,C[C@@H](O)[C@@H](CO)NC(=O)[C@@H]1C\C=C\C[C@H](NC(=O)[C@H](N)Cc2ccccc2)C(=O)N[C@@H](Cc3ccccc3)C(=O)N[C@H](Cc4c[nH]c5ccccc45)C(=O)N[C@@H](CCCCN)C(=O)N[C@@H](Cc6ccc(OCc7ccccc7)cc6)C(=O)N1,CHEMBL503472,IC50,7.92
4119453,CCCCn1cc(CN2CCC3(CC2)CN(C(=O)O3)c4ccc(cc4)C(=O)O)c5ccc(OC)cc15,CHEMBL3670751,IC50,7.93
4119462,CCOc1cc(CN2CCC3(CC2)CN(C(=O)O3)c4ccc(cc4)C(=O)O)cc5ccc(nc15)C(F)(F)F,CHEMBL3665856,IC50,7.95
4119472,CCOc1cc(CN2CCC(CC2)NC(=O)c3cncc(C)c3)cc(OCC)c1n4ccnc4,CHEMBL1210083,Ki,7.96
4119483,CCOc1cc(CN2CCC(CC2)NC(=O)c3cncc(C)c3)ccc1c4ccc(cc4)C(F)(F)F,CHEMBL1210031,Ki,7.96
16180,C[C@H](O)[C@@H](CO)NC(=O)[C@@H]1CSSC[C@H](NC(=O)[C@H](N)Cc2ccccc2)C(=O)N[C@@H](Cc3ccc(O)cc3)C(=O)N[C@H](Cc4c[nH]c5ccccc45)C(=O)N[C@@H](CCCCN)C(=O)N[C@@H]([C@@H](C)O)C(=O)N1,CHEMBL2372603,IC50,7.97
4119495,OC(=O)c1ccc(cc1)N2CC3(CCN(Cc4cn(CC(F)(F)F)nc4c5ccc(F)c(F)c5F)CC3)OC2=O,CHEMBL3665776,IC50,7.98
4119504,OC(=O)c1ccc(cc1)N2CC3(CCN(Cc4cnn(C5CCCCC5)c4c6cc(F)c(F)cc6F)CC3)OC2=O,CHEMBL3665790,IC50,7.98
15153,CN([C@H]1NC(=O)[C@H](Cc2ccccc2)NC(=O)[C@@H](CSSC[C@H](NC(=O)[C@H](Cc3ccccc3)NC(=O)[C@H](CCCCN)NC1=O)C(=O)N[C@@H](Cc4ccc5ccccc5c4)C(=O)N)NC(=O)[C@@H](N)Cc6ccc(cc6)C(=O)N)C(=O)c7ccc8ccccc8c7,CHEMBL538451,IC50,8.0
15796,NCCCCn1c(SCCc2c[nH]c3ccccc23)nnc1c4ccc5ccccc5n4,CHEMBL191025,Ki,8.0
4119517,CCOc1cc(CN2CCC3(CC2)CN(C(=O)O3)c4ccc(cc4)C(C)(C)C(=O)O)cc(OCC)c1c5ccc(F)cc5,CHEMBL3665805,IC50,8.02
4119527,CCOc1cc(CN2CCCC(CC2)NC(=O)c3cncc(C)c3)cc(OCC)c1c4ccc(F)cc4,CHEMBL1210375,Ki,8.03
4119537,Cc1cc(c(CN2CCC3(CC2)CN(C(=O)O3)c4ccc(cc4)C(=O)O)cc1Cl)c5ccc(nc5)C(F)(F)F,CHEMBL3639647,IC50,8.03
15566,Cc1cccc2c(c[nH]c12)C(=O)C(C)(C)CSc3nnc(c4ccc5ccccc5n4)n3CCCCN,CHEMBL190070,Ki,8.03
4119548,CCOc1cc(CN2CCC3(CC2)CN(C(=O)O3)c4cccc(c4)C(=O)O)cc(OCC)c1c5ccc(F)cc5,CHEMBL3665813,IC50,8.04
4119557,COc1ccc2c(CN3CCC4(CC3)CN(C(=O)O4)c5ccc(cc5)C(=O)O)cn(c6ccccc6)c2c1,CHEMBL3670753,IC50,8.04
4119566,COc1ccc2c(CN3CCC4(CC3)CN(C(=O)O4)c5ccc(cc5)C(=O)O)c[nH]c2c1,CHEMBL3670752,IC50,8.06
4119576,NCCCC[C@H](N1Cc2[nH]c3ccccc3c2C[C@@H](NC(=O)C(c4ccccc4)c5ccccc5)C1=O)C(=O)NCc6ccccc6.OC(=O)C(F)(F)F,CHEMBL448713,IC50,8.06
4119586,CCCCn1cc(CN2CCC3(CC2)CN(C(=O)O3)c4ccc(cc4)C(=O)O)c(Cc5cc(F)c(F)cc5F)n1,CHEMBL3665775,IC50,8.08
4119637,CCOc1cc(CN2CCC3(CC2)CN(C(=O)O3)c4ccc(cc4)C5(CC5)C(=O)O)cc(OCC)c1c6ccc(F)cc6,CHEMBL3665809,IC50,8.08
16130,NCCCCn1c(SCCc2c[nH]c3c(Cl)cccc23)nnc1c4ccc5ccccc5n4,CHEMBL185861,Ki,8.08
4119649,CCOc1cc(CN2CCC(CC2)NC(=O)c3ccc(Cl)nc3)cc(OCC)c1c4ccc(F)cc4,CHEMBL1210206,Ki,8.1
1748419,CCOc1cc(CN2CCC(CC2)Nc3oc4ccc(cc4n3)C(=O)N)cc(OCC)c1F,CHEMBL1080584,Ki,8.1
4119662,CS(=O)(=O)N1CC2(CCN(CC2)C(=O)N[C@@H]3Cc4c(CN([C@@H](CCCCN)C(=O)NCc5ccccc5)C3=O)[nH]c6ccccc46)c7ccccc17.OC(=O)C(F)(F)F,CHEMBL503379,IC50,8.1
21195,NCCCC[C@H](N1Cc2[nH]c3ccccc3c2C[C@@H](NC(=O)CC(c4ccccc4)c5ccccc5)C1=O)C(=O)NCc6ccccc6,CHEMBL374833,IC50,8.1
21206,NCCCC[C@H](N1Cc2[nH]c3ccccc3c2C[C@@H](NC(=O)CC(c4ccccc4)c5ccccc5)C1=O)C(=O)NCc6ccccc6.OC(=O)C(F)(F)F,CHEMBL453938,IC50,8.1
15785,NCCCCn1c(SCCc2c[nH]c3ccccc23)nnc1c4ccc5cc(F)ccc5n4,CHEMBL364418,Ki,8.11
15306,C[C@@H](O)[C@@H]1NC(=O)[C@H](CCCCN)NC(=O)[C@@H](Cc2c[nH]c3ccccc23)NC(=O)[C@H](Cc4ccccc4)NC(=O)[C@H](Cc5ccccc5)NC(=O)[C@H](CSSC[C@H](NC(=O)[C@H](Cc6ccc(O)cc6)NC1=O)C(=O)O)NC(=O)N,CHEMBL3350910,IC50,8.12
4119681,CCOc1cc(CN2CCC(CC2)NC(=O)c3ccc(N)nc3)cc(OCC)c1c4ccc(F)cc4,CHEMBL1210142,Ki,8.15
4119691,CCOc1cc(CN2CCC3(CC2)CN(C(=O)O3)c4ccc(cc4OC)c5nnn[nH]5)cc(OCC)c1c6ccc(F)cc6,CHEMBL3665806,IC50,8.15
4119701,CCOc1cc(CN2CCC(CC2)NC(=O)c3ccc(NC)nc3)cc(OCC)c1c4ccccc4,CHEMBL1210144,Ki,8.16
4119712,CCOc1cc(CN2CCC(CC2)NC(=O)c3ccc(N)nc3)cc(OCc4ccccc4)c1c5ccc(F)cc5,CHEMBL1210210,Ki,8.17
4119722,COc1ccc2c(CN3CCC4(CC3)CN(C(=O)O4)c5ccc(cc5)C(=O)O)cn(C)c2c1,CHEMBL3670749,IC50,8.17
4119732,CCOc1cc(CN2CCC(CC2)NC(=O)c3ccc(NC(C)C)nc3)cc(OCC)c1F,CHEMBL1210143,Ki,8.2
4119742,Cc1cc(ccc1C(=O)O)N2CC3(CCN(Cc4cn(nc4c5cc(F)c(Cl)cc5F)C(C)(C)C)CC3)OC2=O,CHEMBL3665747,IC50,8.21
4119751,CCOc1cc(CN2CCC3(C2)CN(C(=O)O3)c4ccc(cc4)C(=O)O)cc(OCC)c1c5ccc(F)cc5,CHEMBL3665798,IC50,8.25
4119761,CCOc1cc(CN2CCC(CC2)NC(=O)c3cncc(C)c3)cc(OCC)c1c4ccccc4,CHEMBL1210208,Ki,8.27
4119771,CCOc1ccc(cc1)c2nn(cc2CN3CCC4(CC3)CN(C(=O)O4)c5ccc(cc5)C(=O)O)c6ccccc6,CHEMBL3665748,IC50,8.27
4119780,OC(=O)c1ccc(cc1)N2CC3(CCN(Cc4cn(nc4c5ccc(F)cc5)c6ccc(F)cc6)CC3)OC2=O,CHEMBL3665755,IC50,8.27
4119789,CC(C)(C)Cn1cc(CN2CCC3(CC2)CN(C(=O)O3)c4ccc(cc4)C(=O)O)c(n1)c5ccc(F)c(Cl)c5,CHEMBL3665773,IC50,8.28
4119799,CC(=O)N[C@@H]1Cc2c(CN([C@@H](CCCCN)C(=O)NCc3ccccc3)C1=O)[nH]c4ccccc24.OC(=O)C(F)(F)F,CHEMBL501699,IC50,8.3
4119810,CCOc1cc(CN2CCC(CC2)NC(=O)c3cncc(C)c3)ccc1c4ccc(F)cc4,CHEMBL1210030,Ki,8.31
4119820,CCOc1cc(CN2CCCC3(CC2)CN(C(=O)O3)c4ccc(cc4)C(=O)O)cc(OCC)c1c5ccc(F)cc5,CHEMBL3665794,IC50,8.31
4119829,COc1cccc(c1)c2nn(cc2CN3CCC4(CC3)CN(C(=O)O4)c5ccc(cc5)C(=O)O)c6ccccc6,CHEMBL3665757,IC50,8.31
15163,C[C@@H](O)[C@@H](CO)NC(=O)[C@@H]1C\C=C/C[C@H](NC(=O)[C@H](N)Cc2ccccc2)C(=O)N[C@@H](Cc3cccc4ccccc34)C(=O)N[C@H](Cc5cc6ccccc6[nH]5)C(=O)N[C@@H](CCCCN)C(=O)N[C@@H](Cc7ccc(OC(=O)c8ccccc8)cc7)C(=O)N1,CHEMBL1223232,IC50,8.31
4119841,C[C@@H](O)[C@H](NC(=O)[C@@H]1CSC[C@@H](NC(=O)[C@H](N)Cc2ccccc2)C(=O)N[C@H](Cc3ccccc3)C(=O)N[C@@H](Cc4c[nH]c5ccccc45)C(=O)N[C@H](CCCCN)C(=O)N[C@@H]([C@@H](C)O)C(=O)N1)C(=O)N,CHEMBL436783,IC50,8.31
4119851,CC(C)(C)n1cc(CN2CCC3(CC2)CN(C(=O)O3)c4ccc(C(=O)O)c(F)c4)c(n1)c5ccc(F)c(F)c5F,CHEMBL3665777,IC50,8.33
4119860,COc1ccccc1c2nn(cc2CN3CCC4(CC3)CN(C(=O)O4)c5ccc(cc5)C(=O)O)C(C)(C)C,CHEMBL3665750,IC50,8.33
4119869,OC(=O)c1ccc(cc1)N2CC3(CCN(Cc4cn(nc4c5ccc(F)c(Cl)c5)c6ccccc6)CC3)OC2=O,CHEMBL3665769,IC50,8.33
4119878,COc1ccc(cc1)c2nn(cc2CN3CCC4(CC3)CN(C(=O)O4)c5ccc(cc5)C(=O)O)C6CC6,CHEMBL3665741,IC50,8.34
15719,C[C@@H](O)[C@@H]1NC(=O)[C@@H](CCCCN)NC(=O)[C@@H](Cc2c[nH]c3ccccc23)NC(=O)[C@@H](Cc4c[nH]c5ccccc45)NC(=O)[C@H](Cc6ccccc6)NC(=O)C(CSSCCN(CC(=O)N)C(=O)[C@@H](Cc7ccccc7)NC1=O)NC(=O)[C@@H](N)Cc8ccccc8,CHEMBL2372667,IC50,8.35
4119890,CCOc1cc(CN2CCC(CC2)NC(=O)c3cncc(C)c3)cc(OCC)c1Cl,CHEMBL1210085,Ki,8.36
4119901,CCOc1cc(CN2CCC(CC2)NC(=O)c3cncc(C)c3)cc(OCC)c1c4ccc(F)cc4,CHEMBL1210207,Ki,8.36
4119912,C[C@@H](O)[C@H](NC(=O)[C@@H]1CSC[C@@H](NC(=O)[C@H](N)Cc2ccccc2)C(=O)N[C@H](Cc3ccccc3)C(=O)N[C@@H](Cc4c[nH]c5ccccc45)C(=O)N[C@H](CCCCN)C(=O)N[C@@H]([C@@H](C)O)C(=O)N1)C(=O)O,CHEMBL266469,IC50,8.38
4119922,CC(C)(C)n1cc(CN2CCC3(CC2)CN(C(=O)O3)c4ccc(C(=O)O)c(Cl)c4)c(n1)c5cc(F)c(Cl)cc5F,CHEMBL3665749,IC50,8.39
4119932,CCOc1cc(CN2CCC(CC2)NC(=O)c3cncc(C)c3)cc(OCC)c1C,CHEMBL1210084,Ki,8.4
4119942,CCOc1cc(CN2CCC3(CC2)CN(C(=O)O3)C4=CNC(=O)C=C4)cc(OCC)c1c5ccc(F)cc5,CHEMBL3665812,IC50,8.42
4119951,OC(=O)c1ccc(cc1)N2CC3(CCN(Cc4cn(nc4c5cc(F)c(F)cc5F)c6ccccc6)CC3)OC2=O,CHEMBL3665751,IC50,8.42
15577,NCCCC[C@H](N1Cc2[nH]c3ccccc3c2C[C@@H](NC(=O)c4ccc(Cl)cc4)C1=O)C(=O)NCc5ccccc5.OC(=O)C(F)(F)F,CHEMBL499398,IC50,8.43
4119962,CC1(C)CCOc2c(F)cc(CN3CCC4(CC3)CN(C(=O)O4)c5ccc(cc5)C(=O)O)cc12,CHEMBL3670726,IC50,8.44
4119972,NCCCC[C@H](N1Cc2[nH]c3ccccc3c2C[C@@H](NC(=O)Cc4ccccc4)C1=O)C(=O)NCc5cccc6ccccc56.OC(=O)C(F)(F)F,CHEMBL505888,IC50,8.46
16098,NCCCC[C@H](N1Cc2[nH]c3ccccc3c2C[C@@H](NC(=O)N4CCN(CC4)S(=O)(=O)c5ccccc5)C1=O)C(=O)NCc6ccccc6.OC(=O)C(F)(F)F,CHEMBL509513,IC50,8.46
15884,NCCCC[C@H](N1Cc2[nH]c3ccccc3c2C[C@@H](NC(=O)CCc4ccccc4)C1=O)C(=O)NCc5ccccc5.OC(=O)C(F)(F)F,CHEMBL448026,IC50,8.47
4119986,OC(=O)c1ccc(cc1)N2CC3(CCN(Cc4cn(nc4c5ccc(F)c(F)c5F)c6cccc7OCCOc67)CC3)OC2=O,CHEMBL3665756,IC50,8.49
4119996,C[C@H](NC(=O)[C@H](CCCCN)N1Cc2[nH]c3ccccc3c2C[C@@H](NC(=O)Cc4ccccc4)C1=O)c5ccccc5.OC(=O)C(F)(F)F,CHEMBL466609,IC50,8.5
4120007,CCOc1cc(CN2CCC(CC2)Nc3oc4ccc(cc4n3)C(=O)O)cc(OCC)c1Cl,CHEMBL1080585,Ki,8.52
4120017,CC(C)(C)n1cc(CN2CCC3(CC2)CN(C(=O)O3)c4ccc(cn4)C(=O)O)c(n1)c5ccc(F)c(F)c5F,CHEMBL3665778,IC50,8.54
4120026,COc1ccc(cc1)c2nn(cc2CN3CCC4(CC3)CN(C(=O)O4)c5ccc(cc5)C(=O)O)C(C)(C)C,CHEMBL3639646,IC50,8.54
16466,NCCCC[C@H](N1Cc2[nH]c3ccccc3c2C[C@@H](NC(=O)N4CCC5(CC4)CCc6ccccc56)C1=O)C(=O)NCc7ccccc7.OC(=O)C(F)(F)F,CHEMBL443084,IC50,8.54
16630,C[C@@H](O)[C@@H]1NC(=O)[C@@H](CCCCN)NC(=O)[C@@H](Cc2c[nH]c3ccccc23)NC(=O)[C@@H](Cc4c[nH]c5ccccc45)NC(=O)[C@H](Cc6ccccc6)NC(=O)CCSSCCN(CC(=O)N)C(=O)[C@@H](Cc7ccccc7)NC1=O,CHEMBL406051,IC50,8.55
4120039,OC(=O)c1ccc(cc1)N2CC3(CCN(Cc4cn(nc4c5ccccc5)c6ccccc6)CC3)OC2=O,CHEMBL3665740,IC50,8.55
4120048,CCOc1cc(CN2CCC3(CC2)CN(C(=O)O3)c4ccc(C(=O)O)c(c4)C(F)(F)F)cc(OCC)c1c5ccc(F)cc5,CHEMBL3665814,IC50,8.56
4120057,CCCCn1cc(CN2CCC3(CC2)CN(C(=O)O3)c4ccc(cc4)C(=O)O)c(n1)c5ccc(F)c(F)c5F,CHEMBL3665753,IC50,8.57
4120066,OC(=O)c1ccc(cc1)N2CC3(CCN(Cc4cn(nc4c5ccc(F)c(F)c5F)c6ccc7ccccc7c6)CC3)OC2=O,CHEMBL3665761,IC50,8.57
4120075,CC(C)(C)n1cc(CN2CCC3(CC2)CN(C(=O)O3)c4ccc(cc4)C(=O)O)c(n1)c5cc(F)c(F)cc5F,CHEMBL3665744,IC50,8.58
4120085,CCOc1cc(CN2CCC(CC2)NC(=O)c3ccc(NC)nc3)cc(OCC)c1c4ccc(F)cc4,CHEMBL1210209,Ki,8.6
16620,C[C@@H](O)[C@@H]1NC(=O)[C@H](CCCCN)NC(=O)[C@@H](Cc2c[nH]c3ccccc23)NC(=O)[C@H](Cc4ccccc4)NC(=O)[C@H](Cc5ccccc5)NC(=O)[C@H](CCCNC(=N)N)NC(=O)[C@@H](CCCCNC(=O)[C@H](Cc6ccccc6)NC1=O)NC(=O)[C@@H](Cc7ccc(O)cc7)NC(=O)CSC[C@@H]8C[C@H]9[C@@H](Cc%10c[nH]c%11cccc9c%10%11)N(C)C8,CHEMBL3647712,Ki,8.61
4120097,CCOc1cc(CN2CCC(CC2)NC(=O)c3cncc(C)c3)cc(OCC)c1c4ccc(OC(F)(F)F)cc4,CHEMBL1210141,Ki,8.62
17206,C[C@@H](O)[C@@H]1NC(=O)[C@H](CCCCN)NC(=O)[C@@H](Cc2c[nH]c3ccccc23)NC(=O)[C@H](Cc4ccncc4)NC(=O)[C@H](Cc5ccccc5)NC(=O)[C@H](CCCNC(=N)N)NC(=O)[C@@H](CCCCNC(=O)[C@H](Cc6ccccc6)NC1=O)NC(=O)CSC[C@@H]7C[C@H]8[C@@H](Cc9c[nH]c%10cccc8c9%10)N(C)C7,CHEMBL3647699,Ki,8.62
4120108,Cc1cc(CN2CCC3(CC2)CN(C(=O)O3)c4ccc(cc4)C(=O)O)cc5c1OCC5(C)C,CHEMBL3665848,IC50,8.62
17075,C[C@@H](O)[C@@H]1NC(=O)[C@H](CCCCN)NC(=O)[C@@H](Cc2c[nH]c3ccccc23)NC(=O)[C@H](Cc4ccncc4)NC(=O)[C@H](Cc5ccccc5)NC(=O)[C@H](CCCNC(=N)N)NC(=O)[C@@H](CCCCNC(=O)[C@H](Cc6ccccc6)NC1=O)N(CCSC[C@@H]7C[C@H]8[C@@H](Cc9c[nH]c%10cccc8c9%10)N(C)C7)CCSC[C@@H]%11C[C@H]%12[C@@H](Cc%13c[nH]c%14cccc%12c%13%14)N(C)C%11,CHEMBL3647705,Ki,8.63
4120118,Cc1ccc(cn1)c2cc(C)c(Cl)cc2CN3CCC4(CC3)CN(C(=O)O4)c5ccc(cc5)C(=O)O,CHEMBL3665843,IC50,8.64
16014,NCCCCn1c(SCCc2c[nH]c3ccc(Cl)cc23)nnc1c4ccc5ccccc5n4,CHEMBL189554,Ki,8.64
4120129,CC(C)(C)n1cc(CN2CCC3(CC2)CN(C(=O)O3)c4ccc(cc4)C(=O)O)c(n1)c5ccc(F)c(F)c5F,CHEMBL3665738,IC50,8.65
4120138,OC(=O)c1ccc(cc1)N2CC3(CCN(Cc4cn(nc4c5ccc(OC(F)(F)F)cc5)C6CCCCC6)CC3)OC2=O,CHEMBL3665758,IC50,8.65
4120147,CCOc1cc(CN2CCC3(CC2)CN(C(=O)O3)c4cc(ccn4)C(=O)O)cc(OCC)c1c5ccc(F)cc5,CHEMBL3665816,IC50,8.66
4120156,CC(C)(C)n1cc(CN2CCC3(CC2)CN(C(=O)O3)c4ccc(cc4)C(=O)O)c(n1)c5c(F)cc(F)cc5F,CHEMBL3665745,IC50,8.67
4120165,CC(C)n1cc(CN2CCC3(CC2)CN(C(=O)O3)c4ccc(cc4)C(=O)O)c(n1)c5ccc(F)c(F)c5F,CHEMBL3665752,IC50,8.67
4120174,CCOc1cc(CN2CCC3(CC2)CN(C(=O)O3)c4cncc(c4)C(=O)O)cc(OCC)c1c5ccc(F)cc5,CHEMBL3665804,IC50,8.67
4120183,CC(C)(C)n1cc(CN2CCC3(CC2)CN(C(=O)O3)c4ccc(cc4)C(=O)O)c(n1)c5cc(F)c(Cl)cc5F,CHEMBL3665766,IC50,8.68
16528,Cc1cccc2c(CCSc3nnc(c4ccc5ccccc5n4)n3CCCCN)c[nH]c12,CHEMBL187768,Ki,8.68
4120194,COc1ccc(c(F)c1)c2nn(cc2CN3CCC4(CC3)CN(C(=O)O4)c5ccc(cc5)C(=O)O)C(C)(C)C,CHEMBL3665767,IC50,8.69
4120203,COc1ccc(cc1)c2nn(cc2CN3CCC4(CC3)CN(C(=O)O4)c5ccc(cc5)C(=O)O)c6ccccc6,CHEMBL3665746,IC50,8.7
4120212,OC(=O)c1ccc(cc1)N2CC3(CCN(Cc4cn(nc4c5ccc(cc5)C(F)(F)F)C6CCCCC6)CC3)OC2=O,CHEMBL3665759,IC50,8.7
4120221,CC(C)(C)n1cc(CN2CCC3(CC2)CN(C(=O)O3)c4ccc(cc4)C(=O)O)c(n1)c5ccc(F)cc5F,CHEMBL3665765,IC50,8.71
4120230,CC1CCOc2c(C)cc(CN3CCC4(CC3)CN(C(=O)O4)c5ccc(cc5)C(=O)O)cc12,CHEMBL3670728,IC50,8.74
4120239,OC(=O)c1ccc(cc1)N2CC3(CCN(Cc4cnn(c5ccccc5)c4c6cc(F)c(F)cc6F)CC3)OC2=O,CHEMBL3665789,IC50,8.74
21338,NCCCC[C@H](N1Cc2[nH]c3ccccc3c2C[C@@H](NC(=O)c4ccccc4)C1=O)C(=O)NCc5ccccc5.OC(=O)C(F)(F)F,CHEMBL504930,IC50,8.75
4120250,CC(C)(C)c1nc(c(CN2CCC3(CC2)CN(C(=O)O3)c4ccc(cc4)C(=O)O)s1)c5cc(F)c(F)cc5F,CHEMBL3670765,IC50,8.76
16338,NCCCCn1c(SCCc2c[nH]c3cc(F)ccc23)nnc1c4ccc5ccccc5n4,CHEMBL363092,Ki,8.77
16943,C[C@@H](O)[C@@H]1NC(=O)[C@H](CCCCN)NC(=O)[C@@H](Cc2c[nH]c3ccccc23)NC(=O)[C@H](Cc4ccccc4)NC(=O)[C@H](Cc5ccccc5)NC(=O)[C@H](CCCNC(=N)N)NC(=O)[C@@H](CCCCNC(=O)[C@H](Cc6ccc(F)cc6)NC1=O)NC[C@H](Cc7ccc(O)cc7)NC(=O)CSC[C@@H]8C[C@H]9[C@@H](Cc%10c[nH]c%11cccc9c%10%11)N(C)C8,CHEMBL3647677,Ki,8.78
16907,C[C@@H](O)[C@@H]1NC(=O)[C@H](CCCCN)NC(=O)[C@@H](Cc2c[nH]c3ccccc23)NC(=O)[C@H](Cc4ccccc4)NC(=O)[C@H](Cc5ccccc5)NC(=O)[C@H](CCCNC(=N)N)NC(=O)[C@@H](CCCCNC(=O)[C@H](Cc6ccccc6)NC1=O)NC[C@H](Cc7ccc(O)cc7)NC(=O)CSC[C@@H]8C[C@H]9[C@@H](Cc%10c[nH]c%11cccc9c%10%11)N(C)C8,CHEMBL3647707,Ki,8.8
4120263,Cc1cc(ccc1N2CC3(CCN(Cc4cn(nc4c5ccc(F)c(F)c5F)C(C)(C)C)CC3)OC2=O)C(=O)O,CHEMBL3665772,IC50,8.8
4120272,CC1(C)CCOc2ccc(CN3CCC4(CC3)CN(C(=O)O4)c5ccc(cc5)C(=O)O)cc12,CHEMBL3670722,IC50,8.81
17093,C[C@@H](O)[C@@H]1NC(=O)[C@H](CCCCN)NC(=O)[C@@H](Cc2c[nH]c3ccccc23)NC(=O)[C@H](Cc4ccncc4)NC(=O)[C@H](Cc5ccccc5)NC(=O)[C@H](CCCNC(=N)N)NC(=O)[C@@H](CCCCNC(=O)[C@H](Cc6ccccc6)NC1=O)NC[C@H](CCCCNC(=O)CSC[C@@H]7C[C@H]8[C@@H](Cc9c[nH]c%10cccc8c9%10)N(C)C7)NC(=O)CSC[C@@H]%11C[C@H]%12[C@@H](Cc%13c[nH]c%14cccc%12c%13%14)N(C)C%11,CHEMBL3647686,Ki,8.81
4120282,Cc1ccc(c(C)c1)n2cc(CN3CCC4(CC3)CN(C(=O)O4)c5ccc(cc5)C(=O)O)c(n2)c6ccc(F)c(F)c6F,CHEMBL3665743,IC50,8.81
4120291,OC(=O)c1ccc(cc1)N2CC3(CCN(Cc4cn(nc4c5cccc(c5)C(F)(F)F)C6CCCCC6)CC3)OC2=O,CHEMBL3665742,IC50,8.81
4120300,CCOc1ccc(c(CN2CCC3(CC2)CN(C(=O)O3)c4ccc(cc4)C(=O)O)c1)c5nccs5,CHEMBL3665846,IC50,8.82
4120309,CCOc1cc(CN2CCC3(CC2)CN(C(=O)O3)c4cncc(O)c4)cc(OCC)c1c5ccc(F)cc5,CHEMBL3665801,IC50,8.83
17019,C[C@@H](O)[C@@H]1NC(=O)[C@H](CCCCN)NC(=O)[C@@H](Cc2c[nH]c3ccccc23)NC(=O)[C@H](Cc4ccncc4)NC(=O)[C@H](Cc5ccccc5)NC(=O)[C@H](CCCNC(=N)N)NC(=O)[C@@H](CCCCNC(=O)[C@H](Cc6ccc(O)cc6)NC1=O)NC[C@H](CCCCNC(=O)CSC[C@@H]7C[C@H]8[C@@H](Cc9c[nH]c%10cccc8c9%10)N(C)C7)NC(=O)CSC[C@@H]%11C[C@H]%12[C@@H](Cc%13c[nH]c%14cccc%12c%13%14)N(C)C%11,CHEMBL3647685,Ki,8.83
4120319,OC(=O)c1ccc(cc1)N2CC3(CCN(Cc4cc(ccc4c5ccc(F)nc5)C(F)(F)F)CC3)OC2=O,CHEMBL3665830,IC50,8.83
4120328,COc1ccc2c(c1)c(CN3CCC4(CC3)CN(C(=O)O4)c5ccc(cc5)C(=O)O)cn2C(C)C,CHEMBL3670756,IC50,8.84
4120337,CCOc1cc(CN2CCC3(CC2)CN(C(=O)O3)c4ccc(C(=O)O)c(C)c4)cc(OCC)c1c5ccc(F)cc5,CHEMBL3665807,IC50,8.85
4120346,CCOc1cc(CN2CCC3(CC2)CN(C(=O)O3)c4ccc(nc4)C(=O)O)cc(OCC)c1c5ccc(F)cc5,CHEMBL3665803,IC50,8.85
16455,NCCCC[C@H](N1Cc2[nH]c3ccccc3c2C[C@@H](NC(=O)C4CCN(CC4)C(=O)c5ccccc5)C1=O)C(=O)NCc6ccccc6.OC(=O)C(F)(F)F,CHEMBL454202,IC50,8.85
16611,C[C@@H](O)C1NC(=O)[C@H](CCCCN)NC(=O)[C@@H](Cc2c[nH]c3ccccc23)NC(=O)[C@H](Cc4ccccc4)NC(=O)[C@H](Cc5ccccc5)NC(=O)[C@H](CCCNC(=N)N)NC(=O)[C@@H](CCCCNC(=O)[C@H](Cc6ccccc6)NC1=O)NC(=O)CSC[C@@H]7C[C@H]8[C@@H](Cc9c[nH]c%10cccc8c9%10)N(C)C7,CHEMBL3650455,Ki,8.86
4120358,COc1ccc(cc1)c2nc(sc2CN3CCC4(CC3)CN(C(=O)O4)c5ccc(cc5)C(=O)O)C6CCCCC6,CHEMBL3670758,IC50,8.87
4120367,Cc1cc(c(CN2CCC3(CC2)CN(C(=O)O3)c4ccc(cc4)C(=O)O)cc1Cl)c5ccc(F)nc5,CHEMBL3665845,IC50,8.88
4120376,OC(=O)c1ccc(cc1)N2CC3(CCN(Cc4cn(nc4c5ccc(F)c(F)c5F)C6CCCCC6)CC3)OC2=O,CHEMBL3665754,IC50,8.88
15512,C[C@@H](O)[C@@H]1NC(=O)[C@@H](CCCCN)NC(=O)[C@@H](Cc2c[nH]c3ccccc23)NC(=O)[C@@H](Cc4c[nH]c5ccccc45)NC(=O)[C@H](Cc6ccccc6)NC(=O)CSSCCN(CC(=O)N)C(=O)[C@@H](Cc7ccccc7)NC1=O,CHEMBL408471,IC50,8.89
4120387,OC(=O)c1ccc(cc1)N2CC3(CCN(Cc4cn(nc4c5cc(F)c(F)cc5F)C6CCCCC6)CC3)OC2=O,CHEMBL3665768,IC50,8.89
4120396,CC1(C)CCOc2c(Cl)cc(CN3CCC4(CC3)CN(C(=O)O4)c5ccc(cc5)C(=O)O)cc12,CHEMBL3670727,IC50,8.9
4120405,CCOc1cc(CN2CCC3(CC2)CN(C(=O)O3)c4ccc(C(=O)O)c(Cl)c4)cc(OCC)c1c5ccc(F)cc5,CHEMBL3665808,IC50,8.92
15262,NCCCC[C@H](N1Cc2[nH]c3ccccc3c2C[C@@H](NC(=O)Cc4ccccc4)C1=O)C(=O)NCc5ccccc5,CHEMBL227212,IC50,8.92
15273,NCCCC[C@H](N1Cc2[nH]c3ccccc3c2C[C@@H](NC(=O)Cc4ccccc4)C1=O)C(=O)NCc5ccccc5.OC(=O)C(F)(F)F,CHEMBL504838,IC50,8.92
4120418,CCOc1cc(CN2CCC3(CC2)CN(C(=O)O3)c4ccc(cc4C)C(=O)O)cc(OCC)c1c5ccc(F)cc5,CHEMBL3665815,IC50,8.93
4120427,CCOc1cc(CN2CCC3(CC2)CN(C(=O)O3)c4ccc(C(=O)O)c(F)c4)cc(OCC)c1c5ccc(F)cc5,CHEMBL3665817,IC50,8.94
4120436,Cc1cc(c(CN2CCC3(CC2)CN(C(=O)O3)c4ccc(cc4)C(=O)O)cc1Cl)c5cc(F)c(F)cc5F,CHEMBL3665844,IC50,8.95
4120445,CCCn1cc(CN2CCC3(CC2)CN(C(=O)O3)c4ccc(cc4)C(=O)O)c5ccc(OC)cc15,CHEMBL3670750,IC50,8.97
16191,C[C@@H](O)[C@@H]1NC(=O)[C@@H](CCCCN)NC(=O)[C@@H](Cc2c[nH]c3ccccc23)NC(=O)[C@@H](Cc4c[nH]c5ccccc45)NC(=O)[C@H](Cc6ccccc6)NC(=O)CCCNC(=O)CCCN(CC(=O)N)C(=O)[C@@H](Cc7ccccc7)NC1=O,CHEMBL406000,IC50,9.0
4120456,CCOc1ccc(c(CN2CCC3(CC2)CN(C(=O)O3)c4ccc(C(=O)O)c(C)c4)c1)c5ccc(F)c(F)c5F,CHEMBL3665833,IC50,9.01
4120465,CCOc1cccc2c(OCC)cc(CN3CCC4(CC3)CN(C(=O)O4)c5ccc(cc5)C(=O)O)cc12,CHEMBL3665850,IC50,9.01
17266,C[C@@H](O)[C@@H]1NC(=O)[C@H](CCCCN)NC(=O)[C@@H](Cc2c[nH]c3ccccc23)NC(=O)[C@H](Cc4ccncc4)NC(=O)[C@H](Cc5ccccc5)NC(=O)[C@H](CCCNC(=N)N)NC(=O)[C@@H](CCCCNC(=O)[C@H](Cc6ccc(O)cc6)NC1=O)NC(=O)CSC[C@@H]7C[C@H]8[C@@H](Cc9c[nH]c%10cccc8c9%10)N(C)C7,CHEMBL3647700,Ki,9.02
4120475,CCOc1cc(CN2CCC3(CC2)CN(C(=O)O3)c4ccc(cn4)C(=O)O)cc(OCC)c1c5ccc(F)cc5,CHEMBL3665810,IC50,9.03
4120484,OC(=O)c1ccc(cc1)N2CC3(CCN(Cc4cn(nc4c5ccc(F)c(Cl)c5)C6CCCCC6)CC3)OC2=O,CHEMBL3665739,IC50,9.03
17146,C[C@@H](O)[C@@H]1NC(=O)[C@H](CCCCN)NC(=O)[C@@H](Cc2c[nH]c3ccccc23)NC(=O)[C@H](Cc4ccncc4)NC(=O)[C@H](Cc5ccccc5)NC(=O)[C@H](CCCNC(=N)N)NC(=O)[C@@H](CCCCNC(=O)[C@H](Cc6ccccc6)NC1=O)NC[C@H](Cc7ccc(O)cc7)NC(=O)CSC[C@@H]8C[C@H]9[C@@H](Cc%10c[nH]c%11cccc9c%10%11)N(C)C8,CHEMBL3647676,Ki,9.04
4120494,COc1ccc2c(CN3CCC4(CC3)CN(C(=O)O4)c5ccc(cc5)C(=O)O)cn(C(C)C)c2c1,CHEMBL3670746,IC50,9.07
17215,C[C@@H](O)[C@@H]1NC(=O)[C@H](CCCCN)NC(=O)[C@@H](Cc2c[nH]c3ccccc23)NC(=O)[C@H](Cc4ccncc4)NC(=O)[C@H](Cc5ccccc5)NC(=O)[C@H](CCCNC(=N)N)NC(=O)[C@@H](CCCCNC(=O)[C@H](Cc6ccccc6)NC1=O)NC[C@H](CCCCNC(=O)C[S+]([O-])C[C@@H]7C[C@H]8[C@@H](Cc9c[nH]c%10cccc8c9%10)N(C)C7)NC(=O)C[S+]([O-])C[C@@H]%11C[C@H]%12[C@@H](Cc%13c[nH]c%14cccc%12c%13%14)N(C)C%11,CHEMBL3647693,Ki,9.07
16798,NCCCC[C@H](N1Cc2[nH]c3ccccc3c2C[C@@H](NC(=O)N4CCC(CC4)N5C(=O)Nc6ccccc56)C1=O)C(=O)NCc7ccccc7.OC(=O)C(F)(F)F,CHEMBL499681,IC50,9.07
17010,C[C@@H](O)[C@@H]1NC(=O)[C@H](CCCCN)NC(=O)[C@@H](Cc2c[nH]c3ccccc23)NC(=O)[C@H](Cc4ccccc4)NC(=O)[C@H](Cc5ccccc5)NC(=O)[C@H](CCCNC(=N)N)NC(=O)[C@@H](CCCCNC(=O)[C@H](Cc6ccc(O)cc6)NC1=O)NC[C@H](Cc7ccc(O)cc7)NC(=O)CSC[C@@H]8C[C@H]9[C@@H](Cc%10c[nH]c%11cccc9c%10%11)N(C)C8,CHEMBL3647709,Ki,9.09
4120507,CCOc1ccc(c(CN2CCC3(CC2)CN(C(=O)O3)c4ccc(cc4)C(=O)O)c1)c5cc(F)c(F)cc5F,CHEMBL3665821,IC50,9.1
4120516,CCOc1cc(CN2CCC3(CC2)CN(C(=O)O3)c4ccc(cc4)C(=O)O)cc(OCC)c1c5ccc(F)cc5,CHEMBL3665800,IC50,9.11
4120525,CC1(C)C2CCC(C2)C1n3cc(CN4CCC5(CC4)CN(C(=O)O5)c6ccc(cc6)C(=O)O)c(n3)c7ccc(F)c(F)c7F,CHEMBL3665760,IC50,9.13
16867,C[C@@H](O)[C@@H]1NC(=O)[C@H](CCCCN)NC(=O)[C@@H](Cc2c[nH]c3ccccc23)NC(=O)[C@H](Cc4ccncc4)NC(=O)[C@H](Cc5ccccc5)NC(=O)[C@H](CCCNC(=N)N)NC(=O)[C@@H](CCCCNC(=O)[C@H](Cc6ccc(O)cc6)NC1=O)NCC[S+]([O-])C[C@@H]7C[C@H]8[C@@H](Cc9c[nH]c%10cccc8c9%10)N(C)C7,CHEMBL3647688,Ki,9.13
4120535,CCOc1cc(CN2CCC3(CC2)CN(C(=O)O3)c4ccc(cc4)C(=O)O)cc5c(OC)cccc15,CHEMBL3665849,IC50,9.15
4120544,COc1ccc(cc1)c2nc(sc2CN3CCC4(CC3)CN(C(=O)O4)c5ccc(cc5)C(=O)O)C(C)(C)C,CHEMBL3670759,IC50,9.15
4120553,CCOc1cc(CN2CCC3(CC2)CN(C(=O)O3)c4ccc(cc4)C(=O)O)cc5c(OC)cc(Cl)cc15,CHEMBL3665852,IC50,9.19
4120562,CCOc1cc(CN2CCC3(CC2)CN(C(=O)O3)c4ccc(cc4)C(=O)O)c(cc1C)c5ccc(nc5)C(F)(F)F,CHEMBL3665840,IC50,9.2
21242,NCCCC[C@H](N1Cc2[nH]c3ccccc3c2C[C@@H](NC(=O)Cc4ccccc4)C1=O)C(=O)NCCc5ccccc5.OC(=O)C(F)(F)F,CHEMBL447455,IC50,9.22
4120573,CC(C)(C)n1cc(CN2CCC3(CC2)CN(C(=O)O3)c4ccc(cc4)c5nnn[nH]5)c(n1)c6cc(F)c(Cl)cc6F,CHEMBL3665764,IC50,9.24
4120583,CC(=O)N[C@@H]1Cc2c(CN([C@@H](CCCCN)C(=O)NCCc3ccccc3)C1=O)[nH]c4ccccc24.OC(=O)C(F)(F)F,CHEMBL442605,IC50,9.25
4120593,CC(C)Oc1ccc(c(CN2CCC3(CC2)CN(C(=O)O3)c4ccc(cc4)C(=O)O)c1)c5ccc(F)c(F)c5F,CHEMBL3665826,IC50,9.26
4120602,CC(C)n1cc(CN2CCC3(CC2)CN(C(=O)O3)c4ccc(cc4)C(=O)O)c5cc(Br)ccc15,CHEMBL3670755,IC50,9.26
4120611,CCOc1ccc(c(CN2CCC3(CC2)CN(C(=O)O3)c4ccc(cc4)C(=O)O)c1)c5ccc(F)c(F)c5F,CHEMBL3665825,IC50,9.26
16961,C[C@@H](O)[C@@H]1NC(=O)[C@H](CCCCN)NC(=O)[C@@H](Cc2c[nH]c3ccccc23)NC(=O)[C@H](Cc4ccccc4)NC(=O)[C@H](Cc5ccccc5)NC(=O)[C@H](CCCNC(=N)N)NC(=O)[C@@H](CCCCNC(=O)[C@H](Cc6ccc(F)cc6)NC1=O)NCCSC[C@@H]7C[C@H]8[C@@H](Cc9c[nH]c%10cccc8c9%10)N(C)C7,CHEMBL3647678,Ki,9.28
16952,C[C@@H](O)[C@@H]1NC(=O)[C@H](CCCCN)NC(=O)[C@@H](Cc2c[nH]c3ccccc23)NC(=O)[C@H](Cc4ccccc4)NC(=O)[C@H](Cc5ccccc5)NC(=O)[C@H](CCCNC(=N)N)NC(=O)[C@@H](CCCCNC(=O)[C@H](Cc6ccc(F)cc6)NC1=O)NC[C@@H](Cc7ccc(O)cc7)NC(=O)CCN(C[C@@H]8C[C@H]9[C@@H](Cc%10c[nH]c%11cccc9c%10%11)N(C)C8)C(=O)C,CHEMBL3647702,Ki,9.28
17197,C[C@@H](O)[C@@H]1NC(=O)[C@H](CCCCN)NC(=O)[C@@H](Cc2c[nH]c3ccccc23)NC(=O)[C@H](Cc4ccncc4)NC(=O)[C@H](Cc5ccccc5)NC(=O)[C@H](CCCNC(=N)N)NC(=O)[C@@H](CCCCNC(=O)[C@H](Cc6ccc(O)cc6)NC1=O)NCCSC[C@@H]7C[C@H]8[C@@H](Cc9c[nH]c%10cccc8c9%10)N(C)C7,CHEMBL3647684,Ki,9.29
4120623,CCOc1ccc(c(CN2CCC3(CC2)CN(C(=O)O3)c4ccc(cc4)C(=O)O)c1)c5ccc(F)c(F)c5,CHEMBL3665824,IC50,9.3
4120632,CCOc1ccc(c(CN2CCC3(CC2)CN(C(=O)O3)c4ccc(cc4)C(=O)O)c1)c5ccc(F)cc5F,CHEMBL3665823,IC50,9.31
4120641,CCOc1cc(CN2CCC3(CC2)CN(C(=O)O3)c4ccc(cc4C)C(=O)O)c(cc1C)c5ccc(F)c(F)c5F,CHEMBL3665828,IC50,9.32
4120650,CCOc1cc(CN2CCC3(CC2)CN(C(=O)O3)c4ccc(cc4Cl)C(=O)O)c(cc1C)c5ccc(F)c(F)c5F,CHEMBL3665842,IC50,9.33
4120659,CCOc1cc(CN2CCC3(CC2)CN(C(=O)O3)c4ccc(cc4F)C(=O)O)cc(OCC)c1c5ccc(F)cc5,CHEMBL3665820,IC50,9.36
4120668,OC(=O)c1ccc(cc1)N2CC3(CCN(Cc4cc(ccc4c5ccc(F)c(F)c5F)C(F)(F)F)CC3)OC2=O,CHEMBL3665829,IC50,9.36
4120677,CCOc1cc(CN2CCC3(CC2)CN(C(=O)O3)c4ccc(cc4)C(=O)O)cc5cnc(cc15)C(F)(F)F,CHEMBL3665855,IC50,9.37
4120686,CC(C)(C)n1cc(CN2CCC3(CC2)CN(C(=O)O3)c4ccc(cc4)C(=O)O)c(n1)c5ccc(F)c(Cl)c5,CHEMBL3665763,IC50,9.38
4120695,CCOc1cc(CN2CCC3(CC2)CN(C(=O)O3)c4ccc(cc4)C(=O)O)c(cc1C)c5ccc(F)c(F)c5F,CHEMBL3665827,IC50,9.39
4120704,CCOc1cc(CN2CCC3(CC2)CN(C(=O)O3)c4ccc(cc4)C(=O)O)c(cc1C)c5ccc(F)nc5,CHEMBL3665834,IC50,9.39
4120713,CCOc1cc(CN2CCC3(CC2)CN(C(=O)O3)c4ccc(cc4)C(=O)O)c(cc1C)n5cc(C)cn5,CHEMBL3665847,IC50,9.4
4120722,CCOc1cc(CN2CCC3(CC2)CN(C(=O)O3)c4ccc(cc4F)C(=O)O)c(cc1C)c5ccc(F)c(F)c5F,CHEMBL3665841,IC50,9.4
4120732,C[C@H](N)COC(=O)[C@@H](CCCCN)NC(=O)Cc1c([nH]c2c1ccc3ccccc23)c4ccc5ccccc5c4,CHEMBL518199,IC50,9.4
4120743,C[C@H](N)COC(=O)[C@H](CCCCN)NC(=O)Cc1c([nH]c2c1ccc3ccccc23)c4ccc5ccccc5c4,CHEMBL252764,IC50,9.4
16507,Cc1cccc2c(c[nH]c12)C(=O)CCSc3nnc(c4ccc5ccccc5n4)n3CCCCN,CHEMBL434159,Ki,9.42
17257,C[C@@H](O)[C@@H]1NC(=O)[C@H](CCCCN)NC(=O)[C@@H](Cc2c[nH]c3ccccc23)NC(=O)[C@H](Cc4ccccc4)NC(=O)[C@H](Cc5ccccc5)NC(=O)[C@H](CCCNC(=N)N)NC(=O)[C@@H](CCCCNC(=O)[C@H](Cc6ccc(F)cc6)NC1=O)NCC[S+]([O-])C[C@@H]7C[C@H]8[C@@H](Cc9c[nH]c%10cccc8c9%10)N(C)C7,CHEMBL3647690,Ki,9.44
4120756,CCOc1cc(CN2CCC3(CC2)CN(C(=O)O3)c4ccc(cc4Cl)C(=O)O)cc(OCC)c1c5ccc(F)cc5,CHEMBL3665818,IC50,9.45
4120765,CC(C)n1cc(CN2CCC3(CC2)CN(C(=O)O3)c4ccc(cc4)C(=O)O)c5cc(ccc15)c6ccc(F)c(F)c6F,CHEMBL3670754,IC50,9.47
17365,C[C@@H](O)[C@@H]1NC(=O)[C@H](CCCCN)NC(=O)[C@@H](Cc2c[nH]c3ccccc23)NC(=O)[C@H](Cc4ccncc4)NC(=O)[C@H](Cc5ccccc5)NC(=O)[C@H](CCCNC(=N)N)NC(=O)[C@@H](CCCCNC(=O)[C@H](Cc6ccc(O)cc6)NC1=O)NCCS(=O)(=O)C[C@@H]7C[C@H]8[C@@H](Cc9c[nH]c%10cccc8c9%10)N(C)C7,CHEMBL3647695,Ki,9.48
4120775,CCOc1cc(CN2CCC3(CC2)CN(C(=O)O3)c4ccc(cc4)c5nnn[nH]5)cc(OCC)c1c6ccc(F)cc6,CHEMBL3665811,IC50,9.49
4120784,Cc1cc(CN2CCC3(CC2)CN(C(=O)O3)c4ccc(cc4)C(=O)O)cc5c1OCCC5(C)C,CHEMBL3670725,IC50,9.5
4120794,NCc1cccc(C[C@@H]2O[C@@H](CC(=O)NCc3ccccc3F)C(=O)N(Cc4ccc(cc4)c5ccccc5)c6ccccc26)c1,CHEMBL457245,IC50,9.52
4120804,CC(C)Oc1ccc(c(CN2CCC3(CC2)CN(C(=O)O3)c4ccc(cc4)C(=O)O)c1)c5cc(F)c(F)cc5F,CHEMBL3665836,IC50,9.57
4120813,CC(C)n1nc(CN2CCC3(CC2)CN(C(=O)O3)c4ccc(cc4)C(=O)O)c5cc(OCc6ccccc6)ccc15,CHEMBL3670744,IC50,9.59
4120822,OC(=O)c1ccc(cc1)N2CC3(CCN(Cc4cc5CCCc5cc4c6cc(F)c(F)cc6F)CC3)OC2=O,CHEMBL3665839,IC50,9.61
4120831,CCOc1cc(CN2CCC3(CC2)CN(C(=O)O3)c4ccc(cc4)C(=O)O)cc5c(OC)ccc(Cl)c15,CHEMBL3665854,IC50,9.63
4120840,CCOc1cc(CN2CCC3(CC2)CN(C(=O)O3)c4ccc(C(=O)O)c(OC)c4)c(cc1C)c5ccc(F)c(F)c5F,CHEMBL3665838,IC50,9.64
17293,C[C@@H](O)[C@@H]1NC(=O)[C@H](CCCCN)NC(=O)[C@@H](Cc2c[nH]c3ccccc23)NC(=O)[C@H](Cc4ccccc4)NC(=O)[C@H](Cc5ccccc5)NC(=O)[C@H](CCCNC(=N)N)NC(=O)[C@@H](CCCCNC(=O)[C@H](Cc6ccc(F)cc6)NC1=O)NC[C@H](Cc7ccc(O)cc7)NC(=O)C[S+]([O-])C[C@@H]8C[C@H]9[C@@H](Cc%10c[nH]c%11cccc9c%10%11)N(C)C8,CHEMBL3647689,Ki,9.64
4120850,CC(C)n1cc(CN2CCC3(CC2)CN(C(=O)O3)c4ccc(cc4)C(=O)O)c5c(OCc6ccccc6)cccc15,CHEMBL3670748,IC50,9.65
16897,C[C@@H](O)[C@@H]1NC(=O)[C@H](Cc2ccccc2)NC(=O)[C@@H](NC(=O)[C@H](CCCCN)NC(=O)[C@H](Cc3c[nH]c4ccccc34)NC(=O)[C@H](Cc5ccccc5)NC(=O)[C@H](Cc6ccccc6)NC(=O)[C@H](CC(=O)N)NC(=O)[C@H](CCCCN)NC(=O)[C@H](C\C=C/C[C@H](NC(=O)[C@H](CO)NC1=O)C(=O)N)NC(=O)CNC(=O)[C@H](C)N)[C@@H](C)O,CHEMBL3098601,Ki,9.7
4120861,CCOc1cc(CN2CCC3(CC2)CN(C(=O)O3)c4ccc(C(=O)O)c(C)c4)c(cc1C)c5ccc(F)c(F)c5F,CHEMBL3665832,IC50,9.73
4120870,COc1cccc2c(OC)cc(CN3CCC4(CC3)CN(C(=O)O4)c5ccc(cc5)C(=O)O)cc12,CHEMBL3665853,IC50,9.77
4120879,OC(=O)c1ccc(cc1)N2CC3(CCN(Cc4cc(OC(F)(F)F)ccc4c5ccc(F)c(F)c5F)CC3)OC2=O,CHEMBL3665837,IC50,9.78
17039,C[C@@H](O)[C@@H]1NC(=O)[C@H](CCCCN)NC(=O)[C@@H](Cc2c[nH]c3ccccc23)NC(=O)[C@H](Cc4ccccc4)NC(=O)[C@H](Cc5ccccc5)NC(=O)[C@H](CCCNC(=N)N)NC(=O)[C@@H](CCCCNC(=O)[C@H](Cc6ccc(F)cc6)NC1=O)NCCS(=O)(=O)C[C@@H]7C[C@H]8[C@@H](Cc9c[nH]c%10cccc8c9%10)N(C)C7,CHEMBL3647687,Ki,9.8
4120889,CCOc1cc(CN2CCC3(CC2)CN(C(=O)O3)c4ccc(cc4)C(=O)O)c(cc1C)c5cc(F)c(F)cc5F,CHEMBL3665831,IC50,9.82
4120898,CCOc1cc(CN2CCC3(CC2)CN(C(=O)O3)c4ccc(C(=O)O)c(OC)c4)cc(OCC)c1c5ccc(F)cc5,CHEMBL3665819,IC50,9.89
17383,C[C@@H](O)[C@@H]1NC(=O)[C@H](CCCCN)NC(=O)[C@@H](Cc2c[nH]c3ccccc23)NC(=O)[C@H](Cc4ccncc4)NC(=O)[C@H](Cc5ccccc5)NC(=O)[C@H](CCCNC(=N)N)NC(=O)[C@@H](CCCCNC(=O)[C@H](Cc6ccccc6)NC1=O)NC[C@H](Cc7ccc(O)cc7)NC(=O)C[S+]([O-])C[C@@H]8C[C@H]9[C@@H](Cc%10c[nH]c%11cccc9c%10%11)N(C)C8,CHEMBL3647691,Ki,10.1
