id,smiles,name,assay_type,activity_value
15094,[H]N[C@@H](CC1=CC=CC=C1)C(=O)N[C@H]1CSSC[C@H](NC(=O)[C@@H](NC(=O)[C@H](CCCCN)NC(=O)[C@H](CC2=CNC3=C2C=CC=C3)NC(=O)[C@H](CC2=CC=CC=C2)NC1=O)[C@@H](C)O)C(=O)N[C@]([H])(CO)[C@@]([H])(C)O,octreotide,Ki,6.4
15127,[H]N[C@@H](C)C(=O)NCC(=O)N[C@H]1CSSC[C@H](NC(=O)[C@H](CO)NC(=O)[C@@H](NC(=O)[C@H](CC2=CC=CC=C2)NC(=O)[C@@H](NC(=O)[C@H](CCCCN)NC(=O)[C@H](CC2=CNC3=C2C=CC=C3)NC(=O)[C@H](CC2=CC=CC=C2)NC(=O)[C@H](CC2=CC=CC=C2)NC(=O)[C@H](CC(N)=O)NC(=O)[C@H](CCCCN)NC1=O)[C@@H](C)O)[C@@H](C)O)C(O)=O,somatostatin,Ki,9.23
7532302,CC(C)NCc1ccc(C[C@@H]2NC(=O)[C@H](Cc3c[nH]c4ccccc34)NC(=O)[C@H]5CCC(=O)NCCCCC[C@@H](NC(=O)[C@H](Cc6ccccc6)NC(=O)[C@H](NC2=O)[C@@H](C)O)C(=O)N[C@@H](CO)C(=O)N[C@@H](CSSC[C@@H](NC(=O)[C@@H](N)Cc7ccc(O)cc7)C(=O)N[C@H](CCCCN)C(=O)N[C@H](Cc8ccccc8)C(=O)N5)C(=O)O)cc1,CHEMBL413924,IC50,7.0
7532313,C[C@@H](O)[C@@H]1NC(=O)[C@H](CCCCN)C2C(=O)[C@@H](Cc3c2[nH]c4ccccc34)NC(=O)[C@H](Cc5ccccc5)NC(=O)[C@@H]6CCCC6C(=O)[C@H](Cc7ccccc7)NC1=O,CHEMBL1790896,IC50,7.0
7532324,NCCCCCOC[C@@H]1O[C@H](OCCc2c[nH]c3ccccc23)[C@H](OCc4c[nH]cn4)C(OCc5ccccc5)[C@H]1OCc6ccccc6,CHEMBL53204,IC50,7.0
7532335,NCCCCCOC[C@@H]1O[C@H](OCCc2c[nH]c3ccccc23)[C@H](OCc4c[nH]cn4)[C@H](OCc5ccccc5)[C@H]1OCc6ccccc6,CHEMBL285333,Ki,7.0
21558,CC(C)NCc1ccc(C[C@@H]2NC(=O)[C@H](NC(=O)[C@H](Cc3ccccc3)NC(=O)[C@@H](N)CSSC[C@H](NC(=O)[C@H](Cc4ccccc4)NC2=O)C(=O)N[C@@H]([C@@H](C)O)C(=O)N)N(C)C(=O)c5ccc6ccccc6c5)cc1,CHEMBL553655,IC50,7.02
7532348,Clc1ccc(CN(CCCCNC(=S)NCCc2c[nH]cn2)c3ccc(Br)cn3)cc1Cl,CHEMBL143409,Ki,7.02
17146,C[C@@H](O)[C@@H]1NC(=O)[C@H](CCCCN)NC(=O)[C@@H](Cc2c[nH]c3ccccc23)NC(=O)[C@H](Cc4ccncc4)NC(=O)[C@H](Cc5ccccc5)NC(=O)[C@H](CCCNC(=N)N)NC(=O)[C@@H](CCCCNC(=O)[C@H](Cc6ccccc6)NC1=O)NC[C@H](Cc7ccc(O)cc7)NC(=O)CSC[C@@H]8C[C@H]9[C@@H](Cc%10c[nH]c%11cccc9c%10%11)N(C)C8,CHEMBL3647676,Ki,7.03
16150,C[C@H]([C@@H](N1CCN(CCCc2ccccc2)C1=O)C(=O)N[C@H](CCCCN)C(=O)OC(C)(C)C)c3c[nH]c4ccccc34,CHEMBL147499,Ki,7.08
17393,C[C@H]([C@@H](NC(=O)N1CCC(CC1)n2c(O)nc3ccccc23)C(=O)N[C@@H](CCCCN)C(=O)OC(C)(C)C)c4c[nH]c5ccccc45,CHEMBL99895,Ki,7.09
7532364,C[C@@H](O)[C@H]1NC(=O)[C@H](CCCCN)NC(=O)[C@@H](Cc2c[nH]c3ccccc23)NC(=O)[C@H](Cc4ccccc4)NC(=O)[C@@H](Cc5ccccc5)NC(=O)[C@H](N)CSSC[C@@H](NC(=O)N(C)[C@H](O)NC1=O)C(=O)O,CHEMBL1161334,IC50,7.1
7532375,NCCCCCN1Cc2[nH]c3ccccc3c2C[C@@H](NC(=O)Cc4ccccc4)C1=O,CHEMBL388069,IC50,7.13
16338,NCCCCn1c(SCCc2c[nH]c3cc(F)ccc23)nnc1c4ccc5ccccc5n4,CHEMBL363092,Ki,7.13
21195,NCCCC[C@H](N1Cc2[nH]c3ccccc3c2C[C@@H](NC(=O)CC(c4ccccc4)c5ccccc5)C1=O)C(=O)NCc6ccccc6,CHEMBL374833,IC50,7.14
21206,NCCCC[C@H](N1Cc2[nH]c3ccccc3c2C[C@@H](NC(=O)CC(c4ccccc4)c5ccccc5)C1=O)C(=O)NCc6ccccc6.OC(=O)C(F)(F)F,CHEMBL453938,IC50,7.14
15153,CN([C@H]1NC(=O)[C@H](Cc2ccccc2)NC(=O)[C@@H](CSSC[C@H](NC(=O)[C@H](Cc3ccccc3)NC(=O)[C@H](CCCCN)NC1=O)C(=O)N[C@@H](Cc4ccc5ccccc5c4)C(=O)N)NC(=O)[C@@H](N)Cc6ccc(cc6)C(=O)N)C(=O)c7ccc8ccccc8c7,CHEMBL538451,IC50,7.15
7532394,Cc1nc(c2ccccc2n1)C(C)(C)NC(=O)[C@H]3[C@@H]4CNC[C@H]34,CHEMBL3421845,Ki,7.15
7532405,Clc1ccc(CN(CCNC(=S)NCCCc2c[nH]cn2)c3ccc(Br)cn3)cc1Cl,CHEMBL140151,Ki,7.16
21547,CC(C)NCc1ccc(C[C@@H]2NC(=O)[C@H](NC(=O)[C@H](Cc3ccccc3)NC(=O)[C@@H](N)CSSC[C@H](NC(=O)[C@H](Cc4ccccc4)NC2=O)C(=O)N[C@@H](Cc5ccc6ccccc6c5)C(=O)N)N(C)C(=O)c7ccc8ccccc8c7)cc1,CHEMBL2021559,IC50,7.2
16961,C[C@@H](O)[C@@H]1NC(=O)[C@H](CCCCN)NC(=O)[C@@H](Cc2c[nH]c3ccccc23)NC(=O)[C@H](Cc4ccccc4)NC(=O)[C@H](Cc5ccccc5)NC(=O)[C@H](CCCNC(=N)N)NC(=O)[C@@H](CCCCNC(=O)[C@H](Cc6ccc(F)cc6)NC1=O)NCCSC[C@@H]7C[C@H]8[C@@H](Cc9c[nH]c%10cccc8c9%10)N(C)C7,CHEMBL3647678,Ki,7.21
17019,C[C@@H](O)[C@@H]1NC(=O)[C@H](CCCCN)NC(=O)[C@@H](Cc2c[nH]c3ccccc23)NC(=O)[C@H](Cc4ccncc4)NC(=O)[C@H](Cc5ccccc5)NC(=O)[C@H](CCCNC(=N)N)NC(=O)[C@@H](CCCCNC(=O)[C@H](Cc6ccc(O)cc6)NC1=O)NC[C@H](CCCCNC(=O)CSC[C@@H]7C[C@H]8[C@@H](Cc9c[nH]c%10cccc8c9%10)N(C)C7)NC(=O)CSC[C@@H]%11C[C@H]%12[C@@H](Cc%13c[nH]c%14cccc%12c%13%14)N(C)C%11,CHEMBL3647685,Ki,7.22
16098,NCCCC[C@H](N1Cc2[nH]c3ccccc3c2C[C@@H](NC(=O)N4CCN(CC4)S(=O)(=O)c5ccccc5)C1=O)C(=O)NCc6ccccc6.OC(=O)C(F)(F)F,CHEMBL509513,IC50,7.23
4119098,C[C@@H](O)[C@@H]1NC(=O)[C@@H](CCCCN)NC(=O)[C@H](Cc2c[nH]c3ccccc23)NC(=O)N(C)[C@H](O)NC(=O)[C@@H](Cc4ccccc4)NC(=O)[C@@H](CSSC[C@@H](NC(=O)[C@@H](Cc5ccccc5)NC1=O)C(=O)O)NC(=O)[C@@H](N)Cc6ccc(O)cc6,CHEMBL1161331,IC50,7.25
4119206,NCCCC[C@@H](N1Cc2[nH]c3ccccc3c2C[C@@H](NC(=O)Cc4ccccc4)C1=O)C(=O)NCc5ccccc5.OC(=O)C(F)(F)F,CHEMBL462020,IC50,7.25
7532426,Clc1ccc(CN(CCCCNC(=S)NCCCc2c[nH]cn2)c3ccc(Br)cn3)cc1Cl,CHEMBL433872,Ki,7.28
7532438,NCCCCCOC[C@H]1O[C@@H](OCCc2c[nH]c3ccccc23)[C@H](OCc4cnc[nH]4)[C@@H](OCc5ccccc5)[C@@H]1OCc6cccnc6,CHEMBL54832,IC50,7.28
7532449,C\S(=N\CCCc1c[nH]cn1)\NCCCN(Cc2ccc(Br)cc2)c3ccccn3,CHEMBL143100,Ki,7.3
7532460,CC(C)(NC(=O)[C@H]1[C@@H]2CNC[C@H]12)c3noc4c(F)cccc34,CHEMBL3421844,Ki,7.34
21568,CC(C)NCc1ccc(C[C@@H]2NC(=O)[C@H](NC(=O)[C@H](Cc3ccccc3)NC(=O)[C@H](CSSC[C@H](NC(=O)[C@H](Cc4ccccc4)NC2=O)C(=O)N[C@H]([C@@H](C)O)C(=O)N)NC(=O)[C@@H](N)Cc5ccc(O)cc5I)N(C)C(=O)c6ccc7ccccc7c6)cc1,CHEMBL555977,IC50,7.35
4119056,NCCCC1CCCN2C1C(=O)N(Cc3cccc4ccccc34)CCS[C@H](Cc5c[nH]c6ccccc56)C2=O,CHEMBL93351,IC50,7.39
21297,C[C@@H]1NC(=O)N(C)[C@H](O)NC(=O)[C@@H](Cc2c[nH]c3ccccc23)NC(=O)[C@H](Cc4ccccc4)NC(=O)[C@@H](Cc5ccccc5)NC(=O)[C@H](N)CSSC[C@@H](NC(=O)[C@H](Cc6ccccc6)NC1=O)C(=O)O,CHEMBL1161332,IC50,7.42
15719,C[C@@H](O)[C@@H]1NC(=O)[C@@H](CCCCN)NC(=O)[C@@H](Cc2c[nH]c3ccccc23)NC(=O)[C@@H](Cc4c[nH]c5ccccc45)NC(=O)[C@H](Cc6ccccc6)NC(=O)C(CSSCCN(CC(=O)N)C(=O)[C@@H](Cc7ccccc7)NC1=O)NC(=O)[C@@H](N)Cc8ccccc8,CHEMBL2372667,IC50,7.45
16466,NCCCC[C@H](N1Cc2[nH]c3ccccc3c2C[C@@H](NC(=O)N4CCC5(CC4)CCc6ccccc56)C1=O)C(=O)NCc7ccccc7.OC(=O)C(F)(F)F,CHEMBL443084,IC50,7.46
7532480,C[C@@H](O)[C@@H]1NC(=O)[C@H](CCCCN)NC(=O)[C@@H](Cc2c[nH]c3ccccc23)NN([C@@H](O)NC(=O)[C@H](Cc4ccccc4)NC(=O)[C@H](N)CSSC[C@H](NC(=O)[C@H](Cc5ccccc5)NC1=O)C(=O)O)C(=O)N(C)C(=O)c6ccccc6,CHEMBL3350354,IC50,7.51
21580,CC(C)NCc1ccc(C[C@@H]2NC(=O)[C@H](NC(=O)[C@H](Cc3ccccc3)NC(=O)[C@H](CSSC[C@H](NC(=O)[C@H](Cc4ccccc4)NC2=O)C(=O)N[C@@H]([C@@H](C)O)C(=O)N)NC(=O)[C@H](N)Cc5ccc(O)cc5)N(C)C(=O)c6ccc7ccccc7c6)cc1,CHEMBL558161,IC50,7.57
7532493,CN(CCCc1cnc[nH]1)C(=S)NCCCN(Cc2ccc(Cl)cc2)c3ccc(Br)cn3,CHEMBL1355048,Ki,7.59
16943,C[C@@H](O)[C@@H]1NC(=O)[C@H](CCCCN)NC(=O)[C@@H](Cc2c[nH]c3ccccc23)NC(=O)[C@H](Cc4ccccc4)NC(=O)[C@H](Cc5ccccc5)NC(=O)[C@H](CCCNC(=N)N)NC(=O)[C@@H](CCCCNC(=O)[C@H](Cc6ccc(F)cc6)NC1=O)NC[C@H](Cc7ccc(O)cc7)NC(=O)CSC[C@@H]8C[C@H]9[C@@H](Cc%10c[nH]c%11cccc9c%10%11)N(C)C8,CHEMBL3647677,Ki,7.6
17093,C[C@@H](O)[C@@H]1NC(=O)[C@H](CCCCN)NC(=O)[C@@H](Cc2c[nH]c3ccccc23)NC(=O)[C@H](Cc4ccncc4)NC(=O)[C@H](Cc5ccccc5)NC(=O)[C@H](CCCNC(=N)N)NC(=O)[C@@H](CCCCNC(=O)[C@H](Cc6ccccc6)NC1=O)NC[C@H](CCCCNC(=O)CSC[C@@H]7C[C@H]8[C@@H](Cc9c[nH]c%10cccc8c9%10)N(C)C7)NC(=O)CSC[C@@H]%11C[C@H]%12[C@@H](Cc%13c[nH]c%14cccc%12c%13%14)N(C)C%11,CHEMBL3647686,Ki,7.62
17039,C[C@@H](O)[C@@H]1NC(=O)[C@H](CCCCN)NC(=O)[C@@H](Cc2c[nH]c3ccccc23)NC(=O)[C@H](Cc4ccccc4)NC(=O)[C@H](Cc5ccccc5)NC(=O)[C@H](CCCNC(=N)N)NC(=O)[C@@H](CCCCNC(=O)[C@H](Cc6ccc(F)cc6)NC1=O)NCCS(=O)(=O)C[C@@H]7C[C@H]8[C@@H](Cc9c[nH]c%10cccc8c9%10)N(C)C7,CHEMBL3647687,Ki,7.69
7532507,CN(CCCN(Cc1ccc(Cl)cc1)c2ccc(Br)cn2)C(=S)NCCCc3cnc[nH]3,CHEMBL1591268,Ki,7.72
7532520,Clc1ccc(CN(CCCNC(=S)NCCCc2c[nH]cn2)c3ccc(Br)cn3)cc1Cl,CHEMBL103769,Ki,7.77
4119972,NCCCC[C@H](N1Cc2[nH]c3ccccc3c2C[C@@H](NC(=O)Cc4ccccc4)C1=O)C(=O)NCc5cccc6ccccc56.OC(=O)C(F)(F)F,CHEMBL505888,IC50,7.77
7532533,Brc1ccc(nc1)N(CCCNC(=S)NCCCc2c[nH]cn2)Cc3cccc4ccccc34,CHEMBL142986,Ki,7.8
4119016,C[C@@H](NC(=O)[C@H](CCCCN)N1Cc2[nH]c3ccccc3c2C[C@@H](NC(=O)Cc4ccccc4)C1=O)c5ccccc5.OC(=O)C(F)(F)F,CHEMBL476240,IC50,7.85
7532545,C[C@@H](O)[C@@H]1NC(=O)[C@@H](CCCCN)NC(=O)[C@H](Cc2c[nH]c3ccccc23)NC(=O)[C@@H](Cc4ccccc4)NC(=O)N(C(=O)c5ccccc5)C(=O)N(C)[C@@H](O)NC(=O)[C@@H](N)CSSCCNC(=O)[C@@H](Cc6ccccc6)NC1=O,CHEMBL1161328,IC50,7.85
7532556,Clc1ccc(CN(CCNC(=O)NCCCc2c[nH]cn2)c3ccc(Br)cn3)cc1Cl,CHEMBL344059,Ki,7.85
4119576,NCCCC[C@H](N1Cc2[nH]c3ccccc3c2C[C@@H](NC(=O)C(c4ccccc4)c5ccccc5)C1=O)C(=O)NCc6ccccc6.OC(=O)C(F)(F)F,CHEMBL448713,IC50,7.85
17197,C[C@@H](O)[C@@H]1NC(=O)[C@H](CCCCN)NC(=O)[C@@H](Cc2c[nH]c3ccccc23)NC(=O)[C@H](Cc4ccncc4)NC(=O)[C@H](Cc5ccccc5)NC(=O)[C@H](CCCNC(=N)N)NC(=O)[C@@H](CCCCNC(=O)[C@H](Cc6ccc(O)cc6)NC1=O)NCCSC[C@@H]7C[C@H]8[C@@H](Cc9c[nH]c%10cccc8c9%10)N(C)C7,CHEMBL3647684,Ki,7.97
15884,NCCCC[C@H](N1Cc2[nH]c3ccccc3c2C[C@@H](NC(=O)CCc4ccccc4)C1=O)C(=O)NCc5ccccc5.OC(=O)C(F)(F)F,CHEMBL448026,IC50,8.09
16952,C[C@@H](O)[C@@H]1NC(=O)[C@H](CCCCN)NC(=O)[C@@H](Cc2c[nH]c3ccccc23)NC(=O)[C@H](Cc4ccccc4)NC(=O)[C@H](Cc5ccccc5)NC(=O)[C@H](CCCNC(=N)N)NC(=O)[C@@H](CCCCNC(=O)[C@H](Cc6ccc(F)cc6)NC1=O)NC[C@@H](Cc7ccc(O)cc7)NC(=O)CCN(C[C@@H]8C[C@H]9[C@@H](Cc%10c[nH]c%11cccc9c%10%11)N(C)C8)C(=O)C,CHEMBL3647702,Ki,8.14
4120583,CC(=O)N[C@@H]1Cc2c(CN([C@@H](CCCCN)C(=O)NCCc3ccccc3)C1=O)[nH]c4ccccc24.OC(=O)C(F)(F)F,CHEMBL442605,IC50,8.16
4119799,CC(=O)N[C@@H]1Cc2c(CN([C@@H](CCCCN)C(=O)NCc3ccccc3)C1=O)[nH]c4ccccc24.OC(=O)C(F)(F)F,CHEMBL501699,IC50,8.16
16191,C[C@@H](O)[C@@H]1NC(=O)[C@@H](CCCCN)NC(=O)[C@@H](Cc2c[nH]c3ccccc23)NC(=O)[C@@H](Cc4c[nH]c5ccccc45)NC(=O)[C@H](Cc6ccccc6)NC(=O)CCCNC(=O)CCCN(CC(=O)N)C(=O)[C@@H](Cc7ccccc7)NC1=O,CHEMBL406000,IC50,8.16
7532578,C[C@@H](O)[C@H]1NC(=O)[C@H](CCCCN)NC(=O)[C@@H](Cc2c[nH]c3ccccc23)NC(=O)[C@H](Cc4ccccc4)NC(=O)[C@@H](Cc5ccccc5)NC(=O)[C@H](N)CSSC[C@@H](NC(=O)N(C)[C@@H](O)NC1=O)C(=O)O,CHEMBL2093026,IC50,8.16
16455,NCCCC[C@H](N1Cc2[nH]c3ccccc3c2C[C@@H](NC(=O)C4CCN(CC4)C(=O)c5ccccc5)C1=O)C(=O)NCc6ccccc6.OC(=O)C(F)(F)F,CHEMBL454202,IC50,8.16
7532590,C[C@@H](O)[C@@H]1NC(=O)[C@H](CCCCN)NC(=O)[C@H](Cc2c[nH]c3ccccc23)NN([C@@H](O)NC(=O)[C@H](Cc4ccccc4)NC(=O)[C@@H](N)CSSC[C@H](NC(=O)[C@H](Cc5ccccc5)NC1=O)C(=O)O)C(=O)N(C)C(=O)c6ccccc6,CHEMBL3351044,IC50,8.27
7532601,Cn1nc(c2ccccc12)C(C)(C)NC(=O)[C@H]3[C@@H]4CNC[C@H]34,CHEMBL3421843,Ki,8.35
16798,NCCCC[C@H](N1Cc2[nH]c3ccccc3c2C[C@@H](NC(=O)N4CCC(CC4)N5C(=O)Nc6ccccc56)C1=O)C(=O)NCc7ccccc7.OC(=O)C(F)(F)F,CHEMBL499681,IC50,8.36
7532613,C[C@@H](O)[C@@H]1NC(=O)[C@H](CCCCN)NC(=O)[C@@H](Cc2c[nH]c3ccccc23)NC(=O)[C@H](Cc4ccc(N)cc4)NC(=O)[C@H](Cc5ccccc5)NC(=O)[C@H](CSSC[C@H](NC(=O)[C@H](Cc6ccc(O)cc6)NC1=O)C(=O)O)NC(=O)N,CHEMBL3350903,IC50,8.37
7532624,COC(=O)[C@H](CCCN=C(N)N)NC(=O)CCCc1c([nH]c2c(F)cc(F)cc12)c3ccccc3,CHEMBL1450103,IC50,8.38
7532635,Cc1cc2ccccc2c(n1)C(C)(C)NC(=O)[C@H]3[C@@H]4CNC[C@H]34,CHEMBL3421842,Ki,8.43
15262,NCCCC[C@H](N1Cc2[nH]c3ccccc3c2C[C@@H](NC(=O)Cc4ccccc4)C1=O)C(=O)NCc5ccccc5,CHEMBL227212,IC50,8.48
15273,NCCCC[C@H](N1Cc2[nH]c3ccccc3c2C[C@@H](NC(=O)Cc4ccccc4)C1=O)C(=O)NCc5ccccc5.OC(=O)C(F)(F)F,CHEMBL504838,IC50,8.48
16867,C[C@@H](O)[C@@H]1NC(=O)[C@H](CCCCN)NC(=O)[C@@H](Cc2c[nH]c3ccccc23)NC(=O)[C@H](Cc4ccncc4)NC(=O)[C@H](Cc5ccccc5)NC(=O)[C@H](CCCNC(=N)N)NC(=O)[C@@H](CCCCNC(=O)[C@H](Cc6ccc(O)cc6)NC1=O)NCC[S+]([O-])C[C@@H]7C[C@H]8[C@@H](Cc9c[nH]c%10cccc8c9%10)N(C)C7,CHEMBL3647688,Ki,8.5
7532650,C[C@@H](O)[C@@H]1NC(=O)[C@H](CCCCN)NC(=O)[C@H](Cc2c[nH]c3ccccc23)NC(=O)[C@H](Cc4ccc(N)cc4)NC(=O)[C@H](Cc5ccccc5)NC(=O)[C@H](CSSC[C@H](NC(=O)[C@H](Cc6ccc(O)cc6)NC1=O)C(=O)O)NC(=O)N,CHEMBL3350904,IC50,8.52
16444,C[C@@H](O)[C@H](CO)NC(=O)[C@@H]1CSSC[C@H](NC(=O)[C@H](N)Cc2ccccc2)C(=O)N[C@@H](Cc3ccccc3)C(=O)N[C@H](Cc4c[nH]c5ccccc45)C(=O)N[C@@H](CCCCN)C(=O)N[C@@H]([C@@H](C)O)C(=O)N1,CHEMBL3350037,IC50,8.52
4119421,COC(=O)[C@H](CCCCN)N1Cc2[nH]c3ccccc3c2C[C@@H](NC(=O)Cc4ccccc4)C1=O.OC(=O)C(F)(F)F,CHEMBL473160,IC50,8.62
21242,NCCCC[C@H](N1Cc2[nH]c3ccccc3c2C[C@@H](NC(=O)Cc4ccccc4)C1=O)C(=O)NCCc5ccccc5.OC(=O)C(F)(F)F,CHEMBL447455,IC50,8.62
15741,CNc1ccc(cc1)C(C(C)C)[C@@H]2NC(=O)[C@H](Cc3ccccc3)NC(=O)[C@H](CSSC[C@H](NC(=O)[C@H](Cc4ccccc4)NC(=O)[C@@H](NC(=O)[C@H](CCCCN)NC(=O)[C@@H](Cc5c[nH]c6ccccc56)NC2=O)[C@@H](C)O)C(=O)O)NC(=O)[C@H](Cc7ccc(O)cc7)NC(=O)N,CHEMBL3350724,IC50,8.64
7532668,CNc1ccc(cc1)C(C(C)C)[C@@H]2NC(=O)[C@H](Cc3ccccc3)NC(=O)[C@H](CSSC[C@H](NC(=O)[C@H](Cc4ccccc4)NC(=O)[C@@H](NC(=O)[C@H](CCCCN)NC(=O)[C@H](Cc5c[nH]c6ccccc56)NC2=O)[C@@H](C)O)C(=O)O)NC(=O)[C@H](Cc7ccc(O)cc7)NC(=O)N,CHEMBL2371059,IC50,8.64
15577,NCCCC[C@H](N1Cc2[nH]c3ccccc3c2C[C@@H](NC(=O)c4ccc(Cl)cc4)C1=O)C(=O)NCc5ccccc5.OC(=O)C(F)(F)F,CHEMBL499398,IC50,8.64
4119662,CS(=O)(=O)N1CC2(CCN(CC2)C(=O)N[C@@H]3Cc4c(CN([C@@H](CCCCN)C(=O)NCc5ccccc5)C3=O)[nH]c6ccccc46)c7ccccc17.OC(=O)C(F)(F)F,CHEMBL503379,IC50,8.68
16897,C[C@@H](O)[C@@H]1NC(=O)[C@H](Cc2ccccc2)NC(=O)[C@@H](NC(=O)[C@H](CCCCN)NC(=O)[C@H](Cc3c[nH]c4ccccc34)NC(=O)[C@H](Cc5ccccc5)NC(=O)[C@H](Cc6ccccc6)NC(=O)[C@H](CC(=O)N)NC(=O)[C@H](CCCCN)NC(=O)[C@H](C\C=C/C[C@H](NC(=O)[C@H](CO)NC1=O)C(=O)N)NC(=O)CNC(=O)[C@H](C)N)[C@@H](C)O,CHEMBL3098601,Ki,8.75
7532685,C[C@@H](O)[C@@H]1NC(=O)[C@H](CCCCN)NC(=O)[C@H](Cc2c[nH]c3ccccc23)NC(=O)[C@H](Cc4ccc(N)cc4)NC(=O)[C@H](Cc5ccccc5)NC(=O)[C@H](CSSC[C@H](NC(=O)[C@H](Cc6ccccc6)NC1=O)C(=O)O)NC(=O)N,CHEMBL3350900,IC50,8.82
17333,CSCC[C@H](NC(=O)[C@H](C)NC(=O)[C@@H]1CCCN1C(=O)[C@H](CC(=O)N)NC(=O)[C@H](CO)NC(=O)[C@H](CC(=O)N)NC(=O)[C@H](C)NC(=O)[C@@H](N)CO)C(=O)N[C@@H](C)C(=O)N2CCC[C@H]2C(=O)N[C@@H](CCCNC(=N)N)C(=O)N[C@@H](CCC(=O)O)C(=O)N[C@@H](CCCNC(=N)N)C(=O)N[C@@H](CCCCN)C(=O)N[C@@H](C)C(=O)NCC(=O)N[C@H]3CSSC[C@H](NC(=O)[C@H](CO)NC(=O)[C@@H](NC(=O)[C@H](Cc4ccccc4)NC(=O)[C@@H](NC(=O)[C@H](CCCCN)NC(=O)[C@@H](NC(=O)[C@H](Cc5ccccc5)NC(=O)[C@H](Cc6ccccc6)NC(=O)[C@H](CC(=O)N)NC(=O)[C@@H](CCCCN)NC3=O)[C@@H](C)O)[C@@H](C)O)[C@@H](C)O)C(=O)O,CHEMBL3781796,Ki,8.87
21338,NCCCC[C@H](N1Cc2[nH]c3ccccc3c2C[C@@H](NC(=O)c4ccccc4)C1=O)C(=O)NCc5ccccc5.OC(=O)C(F)(F)F,CHEMBL504930,IC50,8.89
16690,C[C@@H](O)[C@@H]1NC(=O)[C@H](CCCCN)NC(=O)[C@@H](Cc2c[nH]c3ccccc23)NC(=O)[C@H](Cc4ccccc4)NC(=O)[C@H](Cc5ccccc5)NC(=O)[C@H](CSSC[C@H](NC(=O)[C@H](CO)NC(=O)[C@H](Cc6ccccc6)NC1=O)C(=O)O)NC(=O)CNC(=O)COCCOCCNC(=O)CN7CCN(CC(=O)O)CCN(CC(=O)O)CCN(CC(=O)O)CC7,CHEMBL3122128,IC50,8.92
7532702,C[C@@H](O)[C@@H]1NC(=O)[C@H](CCCCN)NC(=O)[C@@H](Cc2c[nH]c3ccccc23)NC(=O)[C@H](Cc4ccc(N)cc4)NC(=O)[C@H](Cc5ccccc5)NC(=O)[C@H](CSSC[C@H](NC(=O)[C@H](Cc6ccccc6)NC1=O)C(=O)O)NC(=O)N,CHEMBL3350892,IC50,8.96
15306,C[C@@H](O)[C@@H]1NC(=O)[C@H](CCCCN)NC(=O)[C@@H](Cc2c[nH]c3ccccc23)NC(=O)[C@H](Cc4ccccc4)NC(=O)[C@H](Cc5ccccc5)NC(=O)[C@H](CSSC[C@H](NC(=O)[C@H](Cc6ccc(O)cc6)NC1=O)C(=O)O)NC(=O)N,CHEMBL3350910,IC50,9.0
4119996,C[C@H](NC(=O)[C@H](CCCCN)N1Cc2[nH]c3ccccc3c2C[C@@H](NC(=O)Cc4ccccc4)C1=O)c5ccccc5.OC(=O)C(F)(F)F,CHEMBL466609,IC50,9.0
16760,C[C@@H](O)[C@@H]1NC(=O)[C@H](CCCCN)NC(=O)[C@@H](Cc2c[nH]c3ccccc23)NC(=O)[C@H](Cc4ccccc4)NC(=O)[C@H](Cc5ccccc5)NC(=O)[C@H](CSSC[C@H](NC(=O)[C@H](CO)NC(=O)[C@H](Cc6ccccc6)NC1=O)C(=O)O)NC(=O)[C@H](CCCNC(=N)N)NC(=O)COCCOCCNC(=O)CN7CCN(CC(=O)O)CCN(CC(=O)O)CCN(CC(=O)O)CC7,CHEMBL3122129,IC50,9.05
