id,smiles,name,assay_type,activity_value
15117,NCCCC[C@@H]1NC(=O)[C@@H](CC2=CNC3=C2C=CC=C3)NC(=O)C(NC(=O)[C@@H]2C[C@H](CN2C(=O)[C@H](CC2=CC=CC=C2)NC(=O)[C@H](CC2=CC=C(OCC3=CC=CC=C3)C=C2)NC1=O)OC(=O)NCCN)C1=CC=CC=C1,pasireotide,IC50,8.0
15094,[H]N[C@@H](CC1=CC=CC=C1)C(=O)N[C@H]1CSSC[C@H](NC(=O)[C@@H](NC(=O)[C@H](CCCCN)NC(=O)[C@H](CC2=CNC3=C2C=CC=C3)NC(=O)[C@H](CC2=CC=CC=C2)NC1=O)[C@@H](C)O)C(=O)N[C@]([H])(CO)[C@@]([H])(C)O,octreotide,Ki,6.65
15127,[H]N[C@@H](C)C(=O)NCC(=O)N[C@H]1CSSC[C@H](NC(=O)[C@H](CO)NC(=O)[C@@H](NC(=O)[C@H](CC2=CC=CC=C2)NC(=O)[C@@H](NC(=O)[C@H](CCCCN)NC(=O)[C@H](CC2=CNC3=C2C=CC=C3)NC(=O)[C@H](CC2=CC=CC=C2)NC(=O)[C@H](CC2=CC=CC=C2)NC(=O)[C@H](CC(N)=O)NC(=O)[C@H](CCCCN)NC1=O)[C@@H](C)O)[C@@H](C)O)C(O)=O,somatostatin,Ki,9.54
17048,C[C@@H](O)[C@@H]1NC(=O)[C@H](CCCCN)NC(=O)[C@@H](Cc2c[nH]c3ccccc23)NC(=O)[C@H](Cc4ccncc4)NC(=O)[C@H](Cc5ccccc5)NC(=O)[C@H](CCCNC(=N)N)NC(=O)[C@@H](CCCCNC(=O)[C@H](Cc6ccc(O)cc6)NC1=O)N(CCSC[C@@H]7C[C@H]8[C@@H](Cc9c[nH]c%10cccc8c9%10)N(C)C7)CCSC[C@@H]%11C[C@H]%12[C@@H](Cc%13c[nH]c%14cccc%12c%13%14)N(C)C%11,CHEMBL3647711,Ki,7.0
17197,C[C@@H](O)[C@@H]1NC(=O)[C@H](CCCCN)NC(=O)[C@@H](Cc2c[nH]c3ccccc23)NC(=O)[C@H](Cc4ccncc4)NC(=O)[C@H](Cc5ccccc5)NC(=O)[C@H](CCCNC(=N)N)NC(=O)[C@@H](CCCCNC(=O)[C@H](Cc6ccc(O)cc6)NC1=O)NCCSC[C@@H]7C[C@H]8[C@@H](Cc9c[nH]c%10cccc8c9%10)N(C)C7,CHEMBL3647684,Ki,7.0
21169,CC(C)NCc1ccc(C[C@@H]2NC(=O)[C@@H](NC(=O)[C@H](Cc3ccccc3)NC(=O)[C@H](CSSC[C@H](NC(=O)[C@H](Cc4ccccc4)NC2=O)C(=O)N[C@@H]([C@@H](C)O)C(=O)N)NC(=O)[C@H](N)Cc5ccc(O)cc5)N(C)C(=O)c6ccc7ccccc7c6)cc1,CHEMBL558935,IC50,7.01
16867,C[C@@H](O)[C@@H]1NC(=O)[C@H](CCCCN)NC(=O)[C@@H](Cc2c[nH]c3ccccc23)NC(=O)[C@H](Cc4ccncc4)NC(=O)[C@H](Cc5ccccc5)NC(=O)[C@H](CCCNC(=N)N)NC(=O)[C@@H](CCCCNC(=O)[C@H](Cc6ccc(O)cc6)NC1=O)NCC[S+]([O-])C[C@@H]7C[C@H]8[C@@H](Cc9c[nH]c%10cccc8c9%10)N(C)C7,CHEMBL3647688,Ki,7.01
21181,CC(C)NCc1ccc(C[C@@H]2NC(=O)[C@H](Cc3c[nH]c4ccccc34)NC(=O)[C@H]5CCC(=O)NCCCCC[C@H](NC(=O)[C@H](Cc6ccccc6)NC(=O)[C@H](NC2=O)[C@@H](C)O)C(=O)N[C@@H](CO)C(=O)N[C@@H](CSSC[C@@H](NC(=O)[C@@H](N)Cc7ccc(O)cc7)C(=O)N[C@H](CCCCN)C(=O)N[C@H](Cc8ccccc8)C(=O)N5)C(=O)O)cc1,CHEMBL409747,IC50,7.03
17215,C[C@@H](O)[C@@H]1NC(=O)[C@H](CCCCN)NC(=O)[C@@H](Cc2c[nH]c3ccccc23)NC(=O)[C@H](Cc4ccncc4)NC(=O)[C@H](Cc5ccccc5)NC(=O)[C@H](CCCNC(=N)N)NC(=O)[C@@H](CCCCNC(=O)[C@H](Cc6ccccc6)NC1=O)NC[C@H](CCCCNC(=O)C[S+]([O-])C[C@@H]7C[C@H]8[C@@H](Cc9c[nH]c%10cccc8c9%10)N(C)C7)NC(=O)C[S+]([O-])C[C@@H]%11C[C@H]%12[C@@H](Cc%13c[nH]c%14cccc%12c%13%14)N(C)C%11,CHEMBL3647693,Ki,7.04
16455,NCCCC[C@H](N1Cc2[nH]c3ccccc3c2C[C@@H](NC(=O)C4CCN(CC4)C(=O)c5ccccc5)C1=O)C(=O)NCc6ccccc6.OC(=O)C(F)(F)F,CHEMBL454202,IC50,7.05
21195,NCCCC[C@H](N1Cc2[nH]c3ccccc3c2C[C@@H](NC(=O)CC(c4ccccc4)c5ccccc5)C1=O)C(=O)NCc6ccccc6,CHEMBL374833,IC50,7.05
21206,NCCCC[C@H](N1Cc2[nH]c3ccccc3c2C[C@@H](NC(=O)CC(c4ccccc4)c5ccccc5)C1=O)C(=O)NCc6ccccc6.OC(=O)C(F)(F)F,CHEMBL453938,IC50,7.05
21217,[O-][N+](=O)c1ccc(cc1)N2CCN(CC2)C(=O)CCN(CCC3c4ccccc4c5ccccc35)CC6CC6,CHEMBL470331,Kd,7.11
16798,NCCCC[C@H](N1Cc2[nH]c3ccccc3c2C[C@@H](NC(=O)N4CCC(CC4)N5C(=O)Nc6ccccc56)C1=O)C(=O)NCc7ccccc7.OC(=O)C(F)(F)F,CHEMBL499681,IC50,7.12
21231,CC(C)NCc1ccc(C[C@@H]2NC(=O)[C@H](Cc3c[nH]c4ccccc34)NC(=O)[C@H]5CCC(=O)NCCC(=O)NCC[C@@H](NC(=O)[C@H](Cc6ccccc6)NC(=O)[C@H](NC2=O)[C@@H](C)O)C(=O)N[C@@H](CO)C(=O)N[C@@H](CSSC[C@@H](NC(=O)[C@@H](N)Cc7ccc(O)cc7)C(=O)N[C@H](CCCCN)C(=O)N[C@H](Cc8ccccc8)C(=O)N5)C(=O)O)cc1,CHEMBL411109,IC50,7.13
21242,NCCCC[C@H](N1Cc2[nH]c3ccccc3c2C[C@@H](NC(=O)Cc4ccccc4)C1=O)C(=O)NCCc5ccccc5.OC(=O)C(F)(F)F,CHEMBL447455,IC50,7.13
21253,CC(C)NCc1ccc(C[C@@H]2NC(=O)[C@H](Cc3c[nH]c4ccccc34)NC(=O)[C@H]5CCC(=O)NCCC(=O)NCCC[C@@H](NC(=O)[C@H](Cc6ccccc6)NC(=O)[C@H](NC2=O)[C@@H](C)O)C(=O)N[C@@H](CO)C(=O)N[C@@H](CSSC[C@@H](NC(=O)[C@@H](N)Cc7ccc(O)cc7)C(=O)N[C@H](CCCCN)C(=O)N[C@H](Cc8ccccc8)C(=O)N5)C(=O)O)cc1,CHEMBL269023,IC50,7.19
17383,C[C@@H](O)[C@@H]1NC(=O)[C@H](CCCCN)NC(=O)[C@@H](Cc2c[nH]c3ccccc23)NC(=O)[C@H](Cc4ccncc4)NC(=O)[C@H](Cc5ccccc5)NC(=O)[C@H](CCCNC(=N)N)NC(=O)[C@@H](CCCCNC(=O)[C@H](Cc6ccccc6)NC1=O)NC[C@H](Cc7ccc(O)cc7)NC(=O)C[S+]([O-])C[C@@H]8C[C@H]9[C@@H](Cc%10c[nH]c%11cccc9c%10%11)N(C)C8,CHEMBL3647691,Ki,7.19
21265,CC(C)NCc1ccc(C[C@@H]2NC(=O)[C@H](Cc3c[nH]c4ccccc34)NC(=O)[C@H]5CCC(=O)NCCCC(=O)NCC[C@@H](NC(=O)[C@H](Cc6ccccc6)NC(=O)[C@H](NC2=O)[C@@H](C)O)C(=O)N[C@@H](CO)C(=O)N[C@@H](CSSC[C@@H](NC(=O)[C@@H](N)Cc7ccc(O)cc7)C(=O)N[C@H](CCCCN)C(=O)N[C@H](Cc8ccccc8)C(=O)N5)C(=O)O)cc1,CHEMBL412508,IC50,7.22
16400,C[C@@H](O)[C@@H]1NC(=O)[C@H](CCCCN)NC(=O)[C@@H](Cc2c[nH]c3ccccc23)NC(=O)[C@H](Cc4ccccc4)NC(=O)[C@H](Cc5ccccc5)NC(=O)[C@H](CCCNC(=N)N)NC(=O)[C@@H](CCCCNC(=O)[C@H](Cc6ccccc6)NC1=O)NCCSC[C@@H]7C[C@H]8[C@@H](Cc9c[nH]c%10cccc8c9%10)N(C)C7,CHEMBL3647701,Ki,7.23
15163,C[C@@H](O)[C@@H](CO)NC(=O)[C@@H]1C\C=C/C[C@H](NC(=O)[C@H](N)Cc2ccccc2)C(=O)N[C@@H](Cc3cccc4ccccc34)C(=O)N[C@H](Cc5cc6ccccc6[nH]5)C(=O)N[C@@H](CCCCN)C(=O)N[C@@H](Cc7ccc(OC(=O)c8ccccc8)cc7)C(=O)N1,CHEMBL1223232,IC50,7.24
16338,NCCCCn1c(SCCc2c[nH]c3cc(F)ccc23)nnc1c4ccc5ccccc5n4,CHEMBL363092,Ki,7.24
15306,C[C@@H](O)[C@@H]1NC(=O)[C@H](CCCCN)NC(=O)[C@@H](Cc2c[nH]c3ccccc23)NC(=O)[C@H](Cc4ccccc4)NC(=O)[C@H](Cc5ccccc5)NC(=O)[C@H](CSSC[C@H](NC(=O)[C@H](Cc6ccc(O)cc6)NC1=O)C(=O)O)NC(=O)N,CHEMBL3350910,IC50,7.26
15884,NCCCC[C@H](N1Cc2[nH]c3ccccc3c2C[C@@H](NC(=O)CCc4ccccc4)C1=O)C(=O)NCc5ccccc5.OC(=O)C(F)(F)F,CHEMBL448026,IC50,7.27
17206,C[C@@H](O)[C@@H]1NC(=O)[C@H](CCCCN)NC(=O)[C@@H](Cc2c[nH]c3ccccc23)NC(=O)[C@H](Cc4ccncc4)NC(=O)[C@H](Cc5ccccc5)NC(=O)[C@H](CCCNC(=N)N)NC(=O)[C@@H](CCCCNC(=O)[C@H](Cc6ccccc6)NC1=O)NC(=O)CSC[C@@H]7C[C@H]8[C@@H](Cc9c[nH]c%10cccc8c9%10)N(C)C7,CHEMBL3647699,Ki,7.32
21286,CC(C)NCc1ccc(C[C@@H]2N(C)C(=O)[C@H](Cc3c[nH]c4ccccc34)NC(=O)[C@H]5CCC(=O)NCCCCCC[C@H](NC(=O)[C@H](Cc6ccc(O)cc6I)NC(=O)[C@H](NC2=O)[C@@H](C)O)C(=O)N[C@@H](CO)C(=O)N[C@@H](CSSC[C@@H](N)C(=O)N[C@H](CCCCN)C(=O)N[C@H](Cc7ccccc7)C(=O)N5)C(=O)N)cc1,CHEMBL262258,IC50,7.34
21297,C[C@@H]1NC(=O)N(C)[C@H](O)NC(=O)[C@@H](Cc2c[nH]c3ccccc23)NC(=O)[C@H](Cc4ccccc4)NC(=O)[C@@H](Cc5ccccc5)NC(=O)[C@H](N)CSSC[C@@H](NC(=O)[C@H](Cc6ccccc6)NC1=O)C(=O)O,CHEMBL1161332,IC50,7.35
17266,C[C@@H](O)[C@@H]1NC(=O)[C@H](CCCCN)NC(=O)[C@@H](Cc2c[nH]c3ccccc23)NC(=O)[C@H](Cc4ccncc4)NC(=O)[C@H](Cc5ccccc5)NC(=O)[C@H](CCCNC(=N)N)NC(=O)[C@@H](CCCCNC(=O)[C@H](Cc6ccc(O)cc6)NC1=O)NC(=O)CSC[C@@H]7C[C@H]8[C@@H](Cc9c[nH]c%10cccc8c9%10)N(C)C7,CHEMBL3647700,Ki,7.38
17093,C[C@@H](O)[C@@H]1NC(=O)[C@H](CCCCN)NC(=O)[C@@H](Cc2c[nH]c3ccccc23)NC(=O)[C@H](Cc4ccncc4)NC(=O)[C@H](Cc5ccccc5)NC(=O)[C@H](CCCNC(=N)N)NC(=O)[C@@H](CCCCNC(=O)[C@H](Cc6ccccc6)NC1=O)NC[C@H](CCCCNC(=O)CSC[C@@H]7C[C@H]8[C@@H](Cc9c[nH]c%10cccc8c9%10)N(C)C7)NC(=O)CSC[C@@H]%11C[C@H]%12[C@@H](Cc%13c[nH]c%14cccc%12c%13%14)N(C)C%11,CHEMBL3647686,Ki,7.38
21310,C[C@H](CN1C[C@@H]2CCCC[C@@H]2[C@@H](C1)C(=O)N3CCN(CC3)c4ccc(F)c(F)c4)Cc5ccc6nc(C)cn6c5,CHEMBL1076627,Kd,7.4
17146,C[C@@H](O)[C@@H]1NC(=O)[C@H](CCCCN)NC(=O)[C@@H](Cc2c[nH]c3ccccc23)NC(=O)[C@H](Cc4ccncc4)NC(=O)[C@H](Cc5ccccc5)NC(=O)[C@H](CCCNC(=N)N)NC(=O)[C@@H](CCCCNC(=O)[C@H](Cc6ccccc6)NC1=O)NC[C@H](Cc7ccc(O)cc7)NC(=O)CSC[C@@H]8C[C@H]9[C@@H](Cc%10c[nH]c%11cccc9c%10%11)N(C)C8,CHEMBL3647676,Ki,7.42
15577,NCCCC[C@H](N1Cc2[nH]c3ccccc3c2C[C@@H](NC(=O)c4ccc(Cl)cc4)C1=O)C(=O)NCc5ccccc5.OC(=O)C(F)(F)F,CHEMBL499398,IC50,7.42
21324,CC(C)NCc1ccc(C[C@@H]2NC(=O)[C@@H](NC(=O)[C@H](Cc3ccccc3)NC(=O)[C@@H](N)CSSC[C@H](NC(=O)[C@H](Cc4ccccc4)NC2=O)C(=O)N[C@@H]([C@@H](C)O)C(=O)N)N(C)C(=O)c5ccc6ccccc6c5)cc1,CHEMBL563462,IC50,7.43
16961,C[C@@H](O)[C@@H]1NC(=O)[C@H](CCCCN)NC(=O)[C@@H](Cc2c[nH]c3ccccc23)NC(=O)[C@H](Cc4ccccc4)NC(=O)[C@H](Cc5ccccc5)NC(=O)[C@H](CCCNC(=N)N)NC(=O)[C@@H](CCCCNC(=O)[C@H](Cc6ccc(F)cc6)NC1=O)NCCSC[C@@H]7C[C@H]8[C@@H](Cc9c[nH]c%10cccc8c9%10)N(C)C7,CHEMBL3647678,Ki,7.49
16849,C[C@@H](O)[C@@H]1NC(=O)[C@H](CCCCN)NC(=O)[C@@H](Cc2c[nH]c3ccccc23)NC(=O)[C@H](Cc4ccccc4)NC(=O)[C@H](Cc5ccccc5)NC(=O)[C@H](CCCNC(=N)N)NC(=O)[C@@H](CCCCNC(=O)[C@H](Cc6ccc(F)cc6)NC1=O)NC[C@H](CCCCNC(=O)CSC[C@@H]7C[C@H]8[C@@H](Cc9c[nH]c%10cccc8c9%10)N(C)C7)NC(=O)CSC[C@@H]%11C[C@H]%12[C@@H](Cc%13c[nH]c%14cccc%12c%13%14)N(C)C%11,CHEMBL3650456,Ki,7.54
17075,C[C@@H](O)[C@@H]1NC(=O)[C@H](CCCCN)NC(=O)[C@@H](Cc2c[nH]c3ccccc23)NC(=O)[C@H](Cc4ccncc4)NC(=O)[C@H](Cc5ccccc5)NC(=O)[C@H](CCCNC(=N)N)NC(=O)[C@@H](CCCCNC(=O)[C@H](Cc6ccccc6)NC1=O)N(CCSC[C@@H]7C[C@H]8[C@@H](Cc9c[nH]c%10cccc8c9%10)N(C)C7)CCSC[C@@H]%11C[C@H]%12[C@@H](Cc%13c[nH]c%14cccc%12c%13%14)N(C)C%11,CHEMBL3647705,Ki,7.57
21338,NCCCC[C@H](N1Cc2[nH]c3ccccc3c2C[C@@H](NC(=O)c4ccccc4)C1=O)C(=O)NCc5ccccc5.OC(=O)C(F)(F)F,CHEMBL504930,IC50,7.57
15361,C[C@@H](O)[C@@H](CO)NC(=O)[C@@H]1C\C=C/C[C@H](NC(=O)[C@H](N)Cc2ccccc2)C(=O)N[C@@H](Cc3ccccc3)C(=O)N[C@H](Cc4cc5ccccc5[nH]4)C(=O)N[C@@H](CCCCN)C(=O)N[C@@H](Cc6ccc(OC(=O)c7ccccc7)cc6)C(=O)N1,CHEMBL1223228,IC50,7.6
16952,C[C@@H](O)[C@@H]1NC(=O)[C@H](CCCCN)NC(=O)[C@@H](Cc2c[nH]c3ccccc23)NC(=O)[C@H](Cc4ccccc4)NC(=O)[C@H](Cc5ccccc5)NC(=O)[C@H](CCCNC(=N)N)NC(=O)[C@@H](CCCCNC(=O)[C@H](Cc6ccc(F)cc6)NC1=O)NC[C@@H](Cc7ccc(O)cc7)NC(=O)CCN(C[C@@H]8C[C@H]9[C@@H](Cc%10c[nH]c%11cccc9c%10%11)N(C)C8)C(=O)C,CHEMBL3647702,Ki,7.61
15153,CN([C@H]1NC(=O)[C@H](Cc2ccccc2)NC(=O)[C@@H](CSSC[C@H](NC(=O)[C@H](Cc3ccccc3)NC(=O)[C@H](CCCCN)NC1=O)C(=O)N[C@@H](Cc4ccc5ccccc5c4)C(=O)N)NC(=O)[C@@H](N)Cc6ccc(cc6)C(=O)N)C(=O)c7ccc8ccccc8c7,CHEMBL538451,IC50,7.7
21354,CC(C)NCc1ccc(C[C@@H]2NC(=O)[C@H](Cc3c[nH]c4ccccc34)NC(=O)[C@H]5CCC(=O)NCCCCCC[C@H](NC(=O)[C@H](Cc6ccccc6)NC(=O)[C@H](NC2=O)[C@@H](C)O)C(=O)N[C@@H](CO)C(=O)N[C@@H](CSSC[C@@H](NC(=O)[C@@H](N)Cc7ccc(O)cc7)C(=O)N[C@H](CCCCN)C(=O)N[C@H](Cc8ccccc8)C(=O)N5)C(=O)O)cc1,CHEMBL413413,IC50,7.8
17010,C[C@@H](O)[C@@H]1NC(=O)[C@H](CCCCN)NC(=O)[C@@H](Cc2c[nH]c3ccccc23)NC(=O)[C@H](Cc4ccccc4)NC(=O)[C@H](Cc5ccccc5)NC(=O)[C@H](CCCNC(=N)N)NC(=O)[C@@H](CCCCNC(=O)[C@H](Cc6ccc(O)cc6)NC1=O)NC[C@H](Cc7ccc(O)cc7)NC(=O)CSC[C@@H]8C[C@H]9[C@@H](Cc%10c[nH]c%11cccc9c%10%11)N(C)C8,CHEMBL3647709,Ki,7.98
21367,COc1cccc2C[C@@H]3[C@H](C[C@H](CN3C)C(=O)N4CCN(CC4)c5ccc(cc5)[N+](=O)[O-])Cc12,CHEMBL251541,Kd,7.99
16943,C[C@@H](O)[C@@H]1NC(=O)[C@H](CCCCN)NC(=O)[C@@H](Cc2c[nH]c3ccccc23)NC(=O)[C@H](Cc4ccccc4)NC(=O)[C@H](Cc5ccccc5)NC(=O)[C@H](CCCNC(=N)N)NC(=O)[C@@H](CCCCNC(=O)[C@H](Cc6ccc(F)cc6)NC1=O)NC[C@H](Cc7ccc(O)cc7)NC(=O)CSC[C@@H]8C[C@H]9[C@@H](Cc%10c[nH]c%11cccc9c%10%11)N(C)C8,CHEMBL3647677,Ki,8.05
17293,C[C@@H](O)[C@@H]1NC(=O)[C@H](CCCCN)NC(=O)[C@@H](Cc2c[nH]c3ccccc23)NC(=O)[C@H](Cc4ccccc4)NC(=O)[C@H](Cc5ccccc5)NC(=O)[C@H](CCCNC(=N)N)NC(=O)[C@@H](CCCCNC(=O)[C@H](Cc6ccc(F)cc6)NC1=O)NC[C@H](Cc7ccc(O)cc7)NC(=O)C[S+]([O-])C[C@@H]8C[C@H]9[C@@H](Cc%10c[nH]c%11cccc9c%10%11)N(C)C8,CHEMBL3647689,Ki,8.07
21379,CC(C)NCc1ccc(C[C@@H]2NC(=O)[C@H](NC(=O)[C@H](Cc3ccccc3)NC(=O)[C@@H](CSSC[C@H](NC(=O)[C@H](Cc4ccccc4)NC2=O)C(=O)N[C@@H](Cc5ccc6ccccc6c5)C(=O)N)NC(=O)[C@@H](N)Cc7ccc(O)cc7)N(C)C(=O)c8ccc9ccccc9c8)cc1,CHEMBL174206,IC50,8.09
21390,CN(CCC1c2ccccc2c3ccccc13)CCC(=O)N4CCN(CC4)c5ccc(cc5)[N+](=O)[O-],CHEMBL461988,Kd,8.12
21401,CC(C)NCc1ccc(C[C@@H]2NC(=O)[C@@H](NC(=O)[C@H](Cc3ccccc3)NC(=O)[C@@H](Cc4ccccc4)NC(=O)[C@@H](CCCCN)NC(=O)[C@H](N)CSSC[C@H](NC(=O)[C@H](CO)NC(=O)[C@H](NC(=O)[C@H](Cc5ccc(O)cc5I)NC(=O)[C@H](NC2=O)[C@@H](C)O)[C@@H](C)O)C(=O)O)N(C)C(=O)c6ccc7ccccc7c6)cc1,CHEMBL440618,IC50,8.17
17039,C[C@@H](O)[C@@H]1NC(=O)[C@H](CCCCN)NC(=O)[C@@H](Cc2c[nH]c3ccccc23)NC(=O)[C@H](Cc4ccccc4)NC(=O)[C@H](Cc5ccccc5)NC(=O)[C@H](CCCNC(=N)N)NC(=O)[C@@H](CCCCNC(=O)[C@H](Cc6ccc(F)cc6)NC1=O)NCCS(=O)(=O)C[C@@H]7C[C@H]8[C@@H](Cc9c[nH]c%10cccc8c9%10)N(C)C7,CHEMBL3647687,Ki,8.18
21413,CC(C)NCc1ccc(C[C@@H]2NC(=O)[C@H](Cc3c[nH]c4ccccc34)NC(=O)[C@H]5CCC(=O)NCCCCCC[C@H](NC(=O)[C@H](Cc6ccc(O)cc6I)NC(=O)[C@H](NC2=O)[C@@H](C)O)C(=O)N[C@@H](CO)C(=O)N[C@@H](CSSC[C@@H](N)C(=O)N[C@H](CCCCN)C(=O)N[C@H](Cc7ccccc7)C(=O)N5)C(=O)N)cc1,CHEMBL437348,IC50,8.22
17257,C[C@@H](O)[C@@H]1NC(=O)[C@H](CCCCN)NC(=O)[C@@H](Cc2c[nH]c3ccccc23)NC(=O)[C@H](Cc4ccccc4)NC(=O)[C@H](Cc5ccccc5)NC(=O)[C@H](CCCNC(=N)N)NC(=O)[C@@H](CCCCNC(=O)[C@H](Cc6ccc(F)cc6)NC1=O)NCC[S+]([O-])C[C@@H]7C[C@H]8[C@@H](Cc9c[nH]c%10cccc8c9%10)N(C)C7,CHEMBL3647690,Ki,8.22
21425,Cl.CN(CCC1c2ccccc2c3ccccc13)CCC(=O)N4CCN(CC4)c5ccc(F)c(F)c5,CHEMBL473763,Kd,8.27
16907,C[C@@H](O)[C@@H]1NC(=O)[C@H](CCCCN)NC(=O)[C@@H](Cc2c[nH]c3ccccc23)NC(=O)[C@H](Cc4ccccc4)NC(=O)[C@H](Cc5ccccc5)NC(=O)[C@H](CCCNC(=N)N)NC(=O)[C@@H](CCCCNC(=O)[C@H](Cc6ccccc6)NC1=O)NC[C@H](Cc7ccc(O)cc7)NC(=O)CSC[C@@H]8C[C@H]9[C@@H](Cc%10c[nH]c%11cccc9c%10%11)N(C)C8,CHEMBL3647707,Ki,8.28
21437,CC(C)NCc1ccc(C[C@@H]2NC(=O)[C@@H](NC(=O)[C@H](Cc3ccccc3)NC(=O)[C@@H](Cc4ccccc4)NC(=O)[C@@H](CCCCN)NC(=O)[C@H](N)CSSC[C@H](NC(=O)[C@H](CO)NC(=O)[C@H](NC(=O)[C@H](Cc5ccc(O)cc5I)NC(=O)[C@H](NC2=O)[C@@H](C)O)[C@@H](C)O)C(=O)N)N(C)C(=O)c6ccc7ccccc7c6)cc1,CHEMBL410048,IC50,8.32
21448,CC(C)NCc1ccc(C[C@@H]2NC(=O)[C@H](NC(=O)[C@H](Cc3ccccc3)NC(=O)[C@@H](N)CSSC[C@H](NC(=O)[C@H](Cc4ccc(O)cc4)NC2=O)C(=O)N)N(C)C(=O)c5ccc6ccccc6c5)cc1,CHEMBL553656,IC50,8.33
21459,CC(C)NCc1ccc(C[C@@H]2NC(=O)[C@@H](NC(=O)[C@H](Cc3ccccc3)NC(=O)[C@@H](Cc4ccccc4)NC(=O)[C@@H](CCCCN)NC(=O)[C@H](N)CSSC[C@H](NC(=O)[C@H](CO)NC(=O)[C@H](NC(=O)[C@H](Cc5ccc(O)cc5)NC(=O)[C@H](NC2=O)[C@@H](C)O)[C@@H](C)O)C(=O)O)N(C)C(=O)c6ccc7ccccc7c6)cc1,CHEMBL428295,IC50,8.48
21469,CC(C)NCc1ccc(C[C@@H]2NC(=O)[C@H](NC(=O)[C@H](Cc3ccccc3)NC(=O)[C@H](Cc4ccccc4)NC(=O)[C@H](CCCCN)NC(=O)[C@@H](N)CSSC[C@H](NC(=O)[C@H](CO)NC(=O)[C@@H](NC(=O)[C@H](Cc5ccc(O)cc5)NC(=O)[C@@H](NC2=O)[C@@H](C)O)[C@@H](C)O)C(=O)O)N(C)C(=O)c6ccc7ccccc7c6)cc1,CHEMBL558600,IC50,8.48
21480,Cl.CN(CCC1c2ccccc2c3ccccc13)CCC(=O)N4CCN(CC4)c5ccc6nonc6c5,CHEMBL523814,Kd,8.58
21491,CN(CCC1c2ccccc2Oc3ccccc13)CCC(=O)N4CCN(CC4)c5ccc6nonc6c5,CHEMBL540705,Kd,8.67
21503,CN1C[C@@H](C[C@H]2[C@H]1Cc3c(Br)[nH]c4cccc2c34)C(=O)N5CCN(CC5)C6=CC=CC(=O)N6C,CHEMBL254500,Kd,8.76
21514,CN(CCC1c2ccccc2Oc3ccccc13)CCC(=O)N4CCN(CC4)c5ccc(F)c(F)c5,CHEMBL460542,Kd,8.79
21525,NC[C@@H]1CCC[C@H](CNC(=O)[C@H](Cc2c[nH]c3ccccc23)NC(=O)N4CCC5(CC4)C=Cc6ccccc56)C1,CHEMBL71723,Ki,8.8
21536,CN1C[C@@H](C[C@H]2[C@H]1Cc3c(Br)[nH]c4cccc2c34)C(=O)N5CCN(CC5)c6ccc7nonc7c6,CHEMBL251835,Kd,8.91
21547,CC(C)NCc1ccc(C[C@@H]2NC(=O)[C@H](NC(=O)[C@H](Cc3ccccc3)NC(=O)[C@@H](N)CSSC[C@H](NC(=O)[C@H](Cc4ccccc4)NC2=O)C(=O)N[C@@H](Cc5ccc6ccccc6c5)C(=O)N)N(C)C(=O)c7ccc8ccccc8c7)cc1,CHEMBL2021559,IC50,8.92
21558,CC(C)NCc1ccc(C[C@@H]2NC(=O)[C@H](NC(=O)[C@H](Cc3ccccc3)NC(=O)[C@@H](N)CSSC[C@H](NC(=O)[C@H](Cc4ccccc4)NC2=O)C(=O)N[C@@H]([C@@H](C)O)C(=O)N)N(C)C(=O)c5ccc6ccccc6c5)cc1,CHEMBL553655,IC50,9.0
21568,CC(C)NCc1ccc(C[C@@H]2NC(=O)[C@H](NC(=O)[C@H](Cc3ccccc3)NC(=O)[C@H](CSSC[C@H](NC(=O)[C@H](Cc4ccccc4)NC2=O)C(=O)N[C@H]([C@@H](C)O)C(=O)N)NC(=O)[C@@H](N)Cc5ccc(O)cc5I)N(C)C(=O)c6ccc7ccccc7c6)cc1,CHEMBL555977,IC50,9.0
16897,C[C@@H](O)[C@@H]1NC(=O)[C@H](Cc2ccccc2)NC(=O)[C@@H](NC(=O)[C@H](CCCCN)NC(=O)[C@H](Cc3c[nH]c4ccccc34)NC(=O)[C@H](Cc5ccccc5)NC(=O)[C@H](Cc6ccccc6)NC(=O)[C@H](CC(=O)N)NC(=O)[C@H](CCCCN)NC(=O)[C@H](C\C=C/C[C@H](NC(=O)[C@H](CO)NC1=O)C(=O)N)NC(=O)CNC(=O)[C@H](C)N)[C@@H](C)O,CHEMBL3098601,Ki,9.51
21580,CC(C)NCc1ccc(C[C@@H]2NC(=O)[C@H](NC(=O)[C@H](Cc3ccccc3)NC(=O)[C@H](CSSC[C@H](NC(=O)[C@H](Cc4ccccc4)NC2=O)C(=O)N[C@@H]([C@@H](C)O)C(=O)N)NC(=O)[C@H](N)Cc5ccc(O)cc5)N(C)C(=O)c6ccc7ccccc7c6)cc1,CHEMBL558161,IC50,9.72
