id,smiles,name,assay_type,activity_value
15094,[H]N[C@@H](CC1=CC=CC=C1)C(=O)N[C@H]1CSSC[C@H](NC(=O)[C@@H](NC(=O)[C@H](CCCCN)NC(=O)[C@H](CC2=CNC3=C2C=CC=C3)NC(=O)[C@H](CC2=CC=CC=C2)NC1=O)[C@@H](C)O)C(=O)N[C@]([H])(CO)[C@@]([H])(C)O,octreotide,EC50,10.699
15107,[H][C@](N)(CC1=CC=C2C=CC=CC2=C1)C(=O)N[C@H]1CSSC[C@H](NC(=O)[C@@H](NC(=O)[C@H](CCCCN)NC(=O)[C@@H](CC2=CNC3=C2C=CC=C3)NC(=O)[C@H](CC2=CC=C(O)C=C2)NC1=O)C(C)C)C(=O)N[C@@H]([C@@H](C)O)C(N)=O,lanreotide,Ki,9.1500001
15117,NCCCC[C@@H]1NC(=O)[C@@H](CC2=CNC3=C2C=CC=C3)NC(=O)C(NC(=O)[C@@H]2C[C@H](CN2C(=O)[C@H](CC2=CC=CC=C2)NC(=O)[C@H](CC2=CC=C(OCC3=CC=CC=C3)C=C2)NC1=O)OC(=O)NCCN)C1=CC=CC=C1,pasireotide,IC50,9.0
15127,[H]N[C@@H](C)C(=O)NCC(=O)N[C@H]1CSSC[C@H](NC(=O)[C@H](CO)NC(=O)[C@@H](NC(=O)[C@H](CC2=CC=CC=C2)NC(=O)[C@@H](NC(=O)[C@H](CCCCN)NC(=O)[C@H](CC2=CNC3=C2C=CC=C3)NC(=O)[C@H](CC2=CC=CC=C2)NC(=O)[C@H](CC2=CC=CC=C2)NC(=O)[C@H](CC(N)=O)NC(=O)[C@H](CCCCN)NC1=O)[C@@H](C)O)[C@@H](C)O)C(O)=O,somatostatin,Ki,10.46
15153,CN([C@H]1NC(=O)[C@H](Cc2ccccc2)NC(=O)[C@@H](CSSC[C@H](NC(=O)[C@H](Cc3ccccc3)NC(=O)[C@H](CCCCN)NC1=O)C(=O)N[C@@H](Cc4ccc5ccccc5c4)C(=O)N)NC(=O)[C@@H](N)Cc6ccc(cc6)C(=O)N)C(=O)c7ccc8ccccc8c7,CHEMBL538451,IC50,7.0
15163,C[C@@H](O)[C@@H](CO)NC(=O)[C@@H]1C\C=C/C[C@H](NC(=O)[C@H](N)Cc2ccccc2)C(=O)N[C@@H](Cc3cccc4ccccc34)C(=O)N[C@H](Cc5cc6ccccc6[nH]5)C(=O)N[C@@H](CCCCN)C(=O)N[C@@H](Cc7ccc(OC(=O)c8ccccc8)cc7)C(=O)N1,CHEMBL1223232,IC50,7.0
15174,NCCCCn1c(SCCc2c[nH]c3ccccc23)nnc1c4ccc5ccccc5c4,CHEMBL188767,Ki,7.0
15185,CC(C)NC(=O)N1CCCC(C1)C(=O)NC([C@@H](C)c2c[nH]c3ccccc23)C(=O)N[C@@H](CCCCN)C(=O)OC(C)(C)C,CHEMBL337178,Ki,7.02
15196,CNC(=O)[C@H](Cc1ccc2ccccc2c1)NC(=O)[C@H]3CSSC[C@H](N(C)C(=O)[C@@H](N)Cc4ccccc4)C(=O)N[C@@H](Cc5cccnc5)C(=O)N[C@H](Cc6c[nH]c7ccccc67)C(=O)N[C@@H](CCCCN)C(=O)N[C@H]([C@H](C)O)C(=O)N3,CHEMBL2369751,Ki,7.05
15207,C[C@@H](O)[C@@H](CO)NC(=O)[C@@H]1C\C=C/C[C@H](NC(=O)[C@H](N)Cc2ccccc2)C(=O)N[C@@H](Cc3ccccc3)C(=O)N[C@H](Cc4cc5ccccc5[nH]4)C(=O)N[C@@H](CCCCN)C(=O)N[C@@H](Cc6ccc(O)cc6)C(=O)N1,CHEMBL1223231,IC50,7.06
15218,CC(C)(C)OC(=O)[C@H](CCCCN)NC(=O)[C@H](Cc1c[nH]c2ccccc12)NC(=O)c3ccc(cc3)c4ccccc4,CHEMBL316559,IC50,7.07
15229,C[C@H](C(NC(=O)C1CCCN(C1)C(=O)c2ccc3[nH]cnc3c2)C(=O)N[C@@H](CCCCN)C(=O)OC(C)(C)C)c4c[nH]c5ccccc45,CHEMBL337645,Ki,7.07
15240,C[C@H](C(NC(=O)C1CCCN(C1)C(=O)c2cccnc2)C(=O)N[C@@H](CCCCN)C(=O)OC(C)(C)C)c3c[nH]c4ccccc34,CHEMBL133909,Ki,7.07
15251,C[C@@H](C[C@@H]1NC(=O)[C@H](CCCCN)NC(=O)[C@@H](Cc2c[nH]c3ccccc23)NC(=O)[C@H](Cc4cccnc4)NC(=O)[C@@H](CSSC[C@H](NC1=O)C(=O)N[C@@H](Cc5ccc6ccccc6c5)C(=O)N)NC(=O)[C@@H](N)Cc7c[nH]c8ccccc78)CS9=CCCC9,CHEMBL2372962,Ki,7.08
15262,NCCCC[C@H](N1Cc2[nH]c3ccccc3c2C[C@@H](NC(=O)Cc4ccccc4)C1=O)C(=O)NCc5ccccc5,CHEMBL227212,IC50,7.08
15273,NCCCC[C@H](N1Cc2[nH]c3ccccc3c2C[C@@H](NC(=O)Cc4ccccc4)C1=O)C(=O)NCc5ccccc5.OC(=O)C(F)(F)F,CHEMBL504838,IC50,7.08
15284,C[C@H]([C@@H](N1CCN(C1=O)c2cccc(c2)c3ccccc3)C(=O)N[C@H](CCCCN)C(=O)OC(C)(C)C)c4c[nH]c5ccccc45,CHEMBL146431,Ki,7.1
15295,C[C@@H](C[C@@H]1NC(=O)[C@H](CCCCN)NC(=O)[C@@H](Cc2c[nH]c3ccccc23)NC(=O)[C@H](Cc4cccnc4)NC(=O)[C@@H](CSSC[C@H](NC1=O)C(=O)N[C@H](Cc5ccc(Cl)cc5)C(=O)N)NC(=O)[C@H](N)Cc6ccc(Cl)cc6)C7CCCS7,CHEMBL2372956,Ki,7.25
15306,C[C@@H](O)[C@@H]1NC(=O)[C@H](CCCCN)NC(=O)[C@@H](Cc2c[nH]c3ccccc23)NC(=O)[C@H](Cc4ccccc4)NC(=O)[C@H](Cc5ccccc5)NC(=O)[C@H](CSSC[C@H](NC(=O)[C@H](Cc6ccc(O)cc6)NC1=O)C(=O)O)NC(=O)N,CHEMBL3350910,IC50,7.28
15317,NCCCCC(NC(=O)[C@@H](Cc1c[nH]c2ccccc12)NC(=O)N3CCC4(CC3)C=Cc5ccccc45)C(=O)N,CHEMBL2112222,Ki,7.28
15328,C[C@@H](O)[C@@H](CO)NC(=O)[C@@H]1CCCC[C@H](NC(=O)[C@H](N)Cc2ccccc2)C(=O)N[C@@H](Cc3ccccc3)C(=O)N[C@H](Cc4c[nH]c5ccccc45)C(=O)N[C@@H](CCCCN)C(=O)N[C@@H]([C@@H](C)O)C(=O)N1,CHEMBL267054,IC50,7.31
15339,C[C@H](C(NC(=O)C1CCCN(C1)C(=O)c2cccc(NC(=O)C)c2)C(=O)N[C@@H](CCCCN)C(=O)OC(C)(C)C)c3c[nH]c4ccccc34,CHEMBL134043,Ki,7.33
15350,C[C@H]([C@@H](N1CCN(CCc2ccccc2)C1=O)C(=O)N[C@H](CCCCN)C(=O)OC(C)(C)C)c3c[nH]c4ccccc34,CHEMBL148149,Ki,7.33
15361,C[C@@H](O)[C@@H](CO)NC(=O)[C@@H]1C\C=C/C[C@H](NC(=O)[C@H](N)Cc2ccccc2)C(=O)N[C@@H](Cc3ccccc3)C(=O)N[C@H](Cc4cc5ccccc5[nH]4)C(=O)N[C@@H](CCCCN)C(=O)N[C@@H](Cc6ccc(OC(=O)c7ccccc7)cc6)C(=O)N1,CHEMBL1223228,IC50,7.34
15371,C[C@@H](O)[C@@H]1NC(=O)[C@H](CCCCN)NC(=O)[C@@H](Cc2c[nH]c3ccccc23)NC(=O)[C@H](Cc4ccc(NC(=O)N)cc4)NC(=O)[C@@H](CSSC[C@H](NC1=O)C(=O)N[C@@H](Cc5ccc6ccccc6c5)C(=O)N)NC(=O)[C@@H](Cc7ccc(Cl)cc7)NC(=O)CCNC(=O)CN8CCN(CC(=O)O)CCN(CC(=O)O)CCN(CC(=O)O)CC8,CHEMBL502077,IC50,7.34
15382,NCCCCCNC(=O)[C@@H](Cc1c[nH]c2ccccc12)NC(=O)N3CCC4(CC3)C=Cc5ccccc45,CHEMBL2112223,Ki,7.34
15393,C[C@@H](O)[C@@H](CO)NC(=O)[C@@H]1C\C=C/C[C@H](NC(=O)[C@H](N)Cc2ccccc2)C(=O)N[C@@H](Cc3ccccc3)C(=O)N[C@H](Cc4c[nH]c5ccccc45)C(=O)N[C@@H](CCCCN)C(=O)N[C@@H]([C@@H](C)O)C(=O)N1,CHEMBL252355,IC50,7.36
15404,C[C@@H](O)[C@@H](CO)NC(=O)[C@@H]1C\C=C/C[C@H](NC(=O)[C@H](N)Cc2ccccc2)C(=O)N[C@@H](Cc3ccccc3)C(=O)N[C@H](Cc4cc5ccccc5[nH]4)C(=O)N[C@@H](CCCCN)C(=O)N[C@@H]([C@@H](C)O)C(=O)N1,CHEMBL1223226,IC50,7.36
15414,C[C@@H](O)[C@@H]1NC(=O)[C@H](Cc2ccccc2)NC(=O)[C@@H](NC(=O)[C@H](CCCCN)NC(=O)[C@H](Cc3c[nH]c4ccccc34)NC(=O)[C@H](Cc5ccccc5)NC(=O)[C@H](Cc6ccccc6)NC(=O)[C@H](CC(=O)N)NC(=O)[C@H](CCCCN)NC(=O)[C@H](Cc7ccc(cc7)N=N[C@@H](Cc8cnc[nH]8)NC(=O)[C@H](CO)NC1=O)NC(=O)CNC(=O)[C@H](C)N)[C@@H](C)O,CHEMBL1643384,IC50,7.36
15424,C[C@@H](O)[C@@H]1NC(=O)[C@H](CCCCN)NC(=O)[C@@H](Cc2c[nH]c3ccccc23)NC(=O)[C@H](Cc4ccc(NC(=O)N)cc4)NC(=O)[C@@H](CSSC[C@H](NC1=O)C(=O)N[C@@H](Cc5ccc6ccccc6c5)C(=O)N)NC(=O)[C@@H](Cc7ccc(Cl)cc7)NC(=O)CCOCCOCCOCCNC(=O)CN8CCN(CC(=O)O)CCN(CC(=O)O)CCN(CC(=O)O)CC8,CHEMBL510793,IC50,7.4
15435,C[C@H]([C@@H](N1CCN(C2CCC(CC2)c3ccccc3)C1=O)C(=O)N[C@H](CCCCN)C(=O)OC(C)(C)C)c4c[nH]c5ccccc45,CHEMBL146536,Ki,7.4
15446,C[C@H]([C@@H](N1CCN(CCCn2c(O)nc3ccccc23)C1=O)C(=O)NC[C@@H]4OC[C@@H](N)CO4)c5c[nH]c6ccccc56,CHEMBL341646,Ki,7.4
15457,C[C@H](C(NC(=O)C1CCCN(C1)C(=O)c2ccc3OCOc3c2)C(=O)N[C@@H](CCCCN)C(=O)OC(C)(C)C)c4c[nH]c5ccccc45,CHEMBL405921,Ki,7.44
15468,CC(C)S(=O)(=O)N1CCCC(C1)C(=O)NC([C@@H](C)c2c[nH]c3ccccc23)C(=O)N[C@@H](CCCCN)C(=O)OC(C)(C)C,CHEMBL133612,Ki,7.46
15479,CC(C[C@@H]1NC(=O)[C@H](CCCCN)NC(=O)[C@@H](Cc2c[nH]c3ccccc23)NC(=O)[C@H](Cc4cccnc4)NC(=O)[C@@H](CSSC[C@H](NC1=O)C(=O)N[C@@H](Cc5ccc6ccccc6c5)C(=O)N)NC(=O)[C@@H](N)Cc7ccc8ccccc8c7)C9CCCS9,CHEMBL2372960,Ki,7.46
15490,NCCCCn1c(SCCc2c[nH]c3ccccc23)nnc1c4cnc5ccccc5n4,CHEMBL188402,Ki,7.5
15501,C[C@H](C(NC(=O)C1CCCN(C1)C(c2ccccc2)c3ccccc3)C(=O)N[C@@H](CCCCN)C(=O)OC(C)(C)C)c4c[nH]c5ccccc45,CHEMBL135096,Ki,7.51
15512,C[C@@H](O)[C@@H]1NC(=O)[C@@H](CCCCN)NC(=O)[C@@H](Cc2c[nH]c3ccccc23)NC(=O)[C@@H](Cc4c[nH]c5ccccc45)NC(=O)[C@H](Cc6ccccc6)NC(=O)CSSCCN(CC(=O)N)C(=O)[C@@H](Cc7ccccc7)NC1=O,CHEMBL408471,IC50,7.54
15522,C[C@@H](O)[C@@H]1NC(=O)[C@H](CCCCN)NC(=O)[C@@H](Cc2c[nH]c3ccccc23)NC(=O)[C@H](Cc4ccc(NC(=O)N)cc4)NC(=O)[C@@H](CSSC[C@H](NC1=O)C(=O)N[C@@H](Cc5ccc(NC(=O)[C@@H]6CC(=O)NC(=O)N6)cc5)C(=O)N)NC(=O)[C@H](N)Cc7ccc(Cl)cc7,CHEMBL505628,IC50,7.57
15533,C[C@@H](C[C@@H]1NC(=O)[C@H](CCCCN)NC(=O)[C@@H](Cc2c[nH]c3ccccc23)NC(=O)[C@H](Cc4cccnc4)NC(=O)[C@@H](CSSC[C@H](NC1=O)C(=O)N[C@@H](Cc5ccc6ccccc6c5)C(=O)N)NC(=O)[C@@H](N)Cc7ccc(F)cc7)C8CCCS8,CHEMBL2372963,Ki,7.59
15544,CC(C)CC(=O)N1CCCC(C1)C(=O)NC([C@@H](C)c2c[nH]c3ccccc23)C(=O)N[C@@H](CCCCN)C(=O)OC(C)(C)C,CHEMBL336108,Ki,7.64
15555,COc1ccc(cc1OC)S(=O)(=O)N2CCCC(C2)C(=O)NC([C@@H](C)c3c[nH]c4ccccc34)C(=O)N[C@@H](CCCCN)C(=O)OC(C)(C)C,CHEMBL434991,Ki,7.64
15566,Cc1cccc2c(c[nH]c12)C(=O)C(C)(C)CSc3nnc(c4ccc5ccccc5n4)n3CCCCN,CHEMBL190070,Ki,7.64
15577,NCCCC[C@H](N1Cc2[nH]c3ccccc3c2C[C@@H](NC(=O)c4ccc(Cl)cc4)C1=O)C(=O)NCc5ccccc5.OC(=O)C(F)(F)F,CHEMBL499398,IC50,7.66
15588,C[C@H](C(NC(=O)C1CCCN(Cc2ccccc2c3ccccc3)C1)C(=O)N[C@@H](CCCCN)C(=O)OC(C)(C)C)c4c[nH]c5ccccc45,CHEMBL334499,Ki,7.68
15599,Cc1cc(C)cc(c1)c2cnc3cc(Cl)c(cc3c2OCC[C@H]4CCCCN4)C(=O)Nc5ccncn5,CHEMBL1766108,Ki,7.7
15610,NC[C@H]1CCC[C@@H](CNC(=O)[C@H](Cc2c[nH]c3ccccc23)NC(=O)N4CCC5(CC4)C=Cc6ccccc56)C1,CHEMBL69303,Ki,7.7
15621,C[C@@H](C[C@@H]1NC(=O)[C@H](CCCCN)NC(=O)[C@@H](Cc2c[nH]c3ccccc23)NC(=O)[C@H](Cc4cccnc4)NC(=O)[C@@H](CSSC[C@H](NC1=O)C(=O)N[C@@H](Cc5ccc(Cl)cc5)C(=O)N)NC(=O)[C@@H](N)Cc6ccc(Cl)cc6)C7CCCS7,CHEMBL2372957,Ki,7.72
15632,C[C@H]([C@@H](N1CCN(CCCc2ccccc2)C1=O)C(=O)NC[C@@H]3OC[C@@H](N)CO3)c4c[nH]c5ccccc45,CHEMBL147939,Ki,7.75
15642,C[C@@H](O)[C@@H]1NC(=O)[C@H](CCCCN)NC(=O)[C@@H](Cc2c[nH]c3ccccc23)NC(=O)[C@@H](NC(=O)[C@@H](CSSC[C@H](NC1=O)C(=O)N[C@@H](Cc4ccc5ccccc5c4)C(=O)N)NC(=O)[C@H](N)Cc6ccc(Cl)cc6)N(C)C(=O)c7ccccc7,CHEMBL507148,IC50,7.77
15653,C[C@H](C(NC(=O)C1CCCN(Cc2ccc3ccccc3c2)C1)C(=O)N[C@@H](CCCCN)C(=O)OC(C)(C)C)c4c[nH]c5ccccc45,CHEMBL135099,Ki,7.77
15664,CC(C)C(=O)N1CCC(CC1)C(=O)NC([C@@H](C)c2c[nH]c3ccccc23)C(=O)N[C@@H](CCCCN)C(=O)OC(C)(C)C,CHEMBL335223,Ki,7.82
15675,C[C@@H](O)[C@@H](CO)NC(=O)[C@@H]1CSSC[C@H](NC(=O)[C@@H](Cc2ccccc2)NC(=O)CN3CCN(CC(=O)O)CCN(CC(=O)O)CCN(CC(=O)O)CC3)C(=O)N[C@@H](Cc4ccc(O)cc4)C(=O)N[C@H](Cc5c[nH]c6ccccc56)C(=O)N[C@@H](CCCCN)C(=O)N[C@@H]([C@@H](C)O)C(=O)N1,CHEMBL408350,IC50,7.85
15686,C[C@H](C(NC(=O)C1CCCN(C1)S(=O)(=O)c2cccs2)C(=O)N[C@@H](CCCCN)C(=O)OC(C)(C)C)c3c[nH]c4ccccc34,CHEMBL134111,Ki,7.85
15697,C[C@H]([C@@H](N1CCN(C2CCCN(C2)c3ccccc3)C1=O)C(=O)N(C)C[C@@H]4OC[C@@H](N)CO4)c5c[nH]c6ccccc56,CHEMBL435631,Ki,7.85
15708,C[C@H]([C@@H](N1CCN(Cc2ccccc2)C1=O)C(=O)N[C@H](CCCCN)C(=O)OC(C)(C)C)c3c[nH]c4ccccc34,CHEMBL148255,Ki,7.85
15719,C[C@@H](O)[C@@H]1NC(=O)[C@@H](CCCCN)NC(=O)[C@@H](Cc2c[nH]c3ccccc23)NC(=O)[C@@H](Cc4c[nH]c5ccccc45)NC(=O)[C@H](Cc6ccccc6)NC(=O)C(CSSCCN(CC(=O)N)C(=O)[C@@H](Cc7ccccc7)NC1=O)NC(=O)[C@@H](N)Cc8ccccc8,CHEMBL2372667,IC50,7.89
15730,CC(CCc1ccccc1)N2CCN([C@H]([C@@H](C)c3c[nH]c4ccccc34)C(=O)N[C@H](CCCCN)C(=O)OC(C)(C)C)C2=O,CHEMBL343347,Ki,7.92
15741,CNc1ccc(cc1)C(C(C)C)[C@@H]2NC(=O)[C@H](Cc3ccccc3)NC(=O)[C@H](CSSC[C@H](NC(=O)[C@H](Cc4ccccc4)NC(=O)[C@@H](NC(=O)[C@H](CCCCN)NC(=O)[C@@H](Cc5c[nH]c6ccccc56)NC2=O)[C@@H](C)O)C(=O)O)NC(=O)[C@H](Cc7ccc(O)cc7)NC(=O)N,CHEMBL3350724,IC50,7.92
15752,C[C@@H](C[C@@H]1NC(=O)[C@H](CCCCN)NC(=O)[C@@H](Cc2c[nH]c3ccccc23)NC(=O)[C@H](Cc4cccnc4)NC(=O)[C@@H](CSSC[C@H](NC1=O)C(=O)N[C@@H](Cc5ccc6ccccc6c5)C(=O)N)NC(=O)[C@@H](N)Cc7ccc(Cl)cc7)C8CCCS8,CHEMBL2372961,Ki,7.92
15763,C[C@H](C(NC(=O)C1CCCN(Cc2ccc3OCOc3c2Cl)C1)C(=O)N[C@@H](CCCCN)C(=O)OC(C)(C)C)c4c[nH]c5ccccc45,CHEMBL134923,Ki,7.92
15774,NCCCC[C@H](N1Cc2[nH]c3ccccc3c2C[C@@H](NC(=O)c4ccc(cc4)c5ccccc5)C1=O)C(=O)NCc6ccccc6.OC(=O)C(F)(F)F,CHEMBL453412,IC50,7.92
15785,NCCCCn1c(SCCc2c[nH]c3ccccc23)nnc1c4ccc5cc(F)ccc5n4,CHEMBL364418,Ki,7.92
15796,NCCCCn1c(SCCc2c[nH]c3ccccc23)nnc1c4ccc5ccccc5n4,CHEMBL191025,Ki,7.92
15807,COC(=O)c1cccc(CN2CCCC(C2)C(=O)NC([C@@H](C)c3c[nH]c4ccccc34)C(=O)N[C@@H](CCCCN)C(=O)OC(C)(C)C)c1,CHEMBL263023,Ki,7.96
15818,C[C@H](C(NC(=O)C1CCCN(C1)C(=O)Nc2ccccc2)C(=O)N[C@@H](CCCCN)C(=O)OC(C)(C)C)c3c[nH]c4ccccc34,CHEMBL334340,Ki,7.96
15829,C[C@H](C(NC(=O)C1CCCN(C1)S(=O)(=O)c2ccc(F)cc2)C(=O)N[C@@H](CCCCN)C(=O)OC(C)(C)C)c3c[nH]c4ccccc34,CHEMBL336286,Ki,7.96
15840,C[C@H]([C@@H](N1CCN(CCCc2ccccc2)C1=O)C(=O)N(C)C[C@@H]3OC[C@@H](N)CO3)c4c[nH]c5ccccc45,CHEMBL356717,Ki,7.96
15851,COc1cccc(CN2CCCC(C2)C(=O)NC([C@@H](C)c3c[nH]c4ccccc34)C(=O)N[C@@H](CCCCN)C(=O)OC(C)(C)C)c1,CHEMBL446165,Ki,8.0
15862,C[C@H](C(NC(=O)C1CCCN(C1)C(=O)Cc2ccc3OCOc3c2)C(=O)N[C@@H](CCCCN)C(=O)OC(C)(C)C)c4c[nH]c5ccccc45,CHEMBL337846,Ki,8.0
15873,C[C@H](C(NC(=O)C1CCCN(C1)C(=O)c2ccccc2)C(=O)N[C@@H](CCCCN)C(=O)OC(C)(C)C)c3c[nH]c4ccccc34,CHEMBL263024,Ki,8.0
15884,NCCCC[C@H](N1Cc2[nH]c3ccccc3c2C[C@@H](NC(=O)CCc4ccccc4)C1=O)C(=O)NCc5ccccc5.OC(=O)C(F)(F)F,CHEMBL448026,IC50,8.0
15894,C[C@@H](O)[C@@H](CO)NC(=O)[C@@H]1C\C=C/C[C@H](NC(=O)[C@H](N)Cc2ccccc2)C(=O)N[C@@H](Cc3cccc4ccccc34)C(=O)N[C@H](Cc5cc6ccccc6[nH]5)C(=O)N[C@@H](CCCCN)C(=O)N[C@@H]([C@@H](C)O)C(=O)N1,CHEMBL1223229,IC50,8.02
15905,Cc1ccc(cc1)S(=O)(=O)N2CCN(CC2)C(=O)N[C@H](Cc3c[nH]c4ccccc34)C(=O)N[C@@H](CCCCN)C(=O)OC(C)(C)C,CHEMBL91696,IC50,8.04
15916,COc1cccc(NC(=O)N2CCCC(C2)C(=O)NC([C@@H](C)c3c[nH]c4ccccc34)C(=O)N[C@@H](CCCCN)C(=O)OC(C)(C)C)c1,CHEMBL134353,Ki,8.05
15927,COC(=O)[C@H](Cc1ccccc1)NC(=O)N2CCCC(C2)C(=O)NC([C@@H](C)c3c[nH]c4ccccc34)C(=O)N[C@@H](CCCCN)C(=O)OC(C)(C)C,CHEMBL132610,Ki,8.07
15938,C[C@H]([C@@H](N1CCN(CCC(c2ccccc2)c3ccccc3)C1=O)C(=O)NC[C@@H]4OC[C@@H](N)CO4)c5c[nH]c6ccccc56,CHEMBL148309,Ki,8.07
15949,C[C@H](C(NC(=O)C1CCCN(C1)C(=O)NC2CCCCC2)C(=O)N[C@@H](CCCCN)C(=O)OC(C)(C)C)c3c[nH]c4ccccc34,CHEMBL336308,Ki,8.14
15960,C[C@H]([C@@H](N1CCN(Cc2ccc(Cl)c(Cl)c2)C1=O)C(=O)NC[C@@H]3OC[C@@H](N)CO3)c4c[nH]c5ccccc45,CHEMBL147092,Ki,8.14
15971,CC(C)(C)OC(=O)[C@H](CCCCN)NC(=O)[C@@H](Cc1c[nH]c2ccccc12)NC(=O)N3CCN(CC3)C(=O)c4ccccc4,CHEMBL93304,IC50,8.16
15982,CC(CCN1CCN([C@H]([C@@H](C)c2c[nH]c3ccccc23)C(=O)N[C@H](CCCCN)C(=O)OC(C)(C)C)C1=O)c4ccccc4,CHEMBL147214,Ki,8.23
15992,C[C@@H](O)[C@@H]1NC(=O)[C@H](CCCCN)NC(=O)[C@@H](Cc2c[nH]c3ccccc23)NC(=O)[C@H](Cc4ccc(O)cc4)NC(=O)[C@@H](CSS[C@@H](NC1=O)C(=O)N[C@@H](Cc5ccc6ccccc6c5)C(=O)O)NC(=O)[C@@H](N)Cc7ccc(cc7)C(=O)N,CHEMBL557288,IC50,8.24
16003,C[C@H](C(NC(=O)C1CCCN(Cc2cccc(F)c2F)C1)C(=O)N[C@@H](CCCCN)C(=O)OC(C)(C)C)c3c[nH]c4ccccc34,CHEMBL337445,Ki,8.24
16014,NCCCCn1c(SCCc2c[nH]c3ccc(Cl)cc23)nnc1c4ccc5ccccc5n4,CHEMBL189554,Ki,8.25
16024,C[C@@H](O)[C@@H]1NC(=O)[C@H](CCCCN)NC(=O)[C@@H](Cc2c[nH]c3ccccc23)NC(=O)[C@H](Cc4ccccc4)NC(=O)[C@H](Cc5ccccc5)NC(=O)[C@H](CCCNC(=N)N)NC(=O)[C@@H](CCCCNC(=O)[C@H](Cc6c(F)c(F)c(F)c(F)c6F)NC1=O)NCCSC[C@@H]7C[C@H]8[C@@H](Cc9c[nH]c%10cccc8c9%10)N(C)C7,CHEMBL3647683,Ki,8.26
16034,C[C@H](C(NC(=O)C1CCCN(C1)C(=O)C(c2ccccc2)c3ccccc3)C(=O)N[C@@H](CCCCN)C(=O)OC(C)(C)C)c4c[nH]c5ccccc45,CHEMBL337179,Ki,8.3
16045,C[C@H](C(NC(=O)C1CCCN(Cc2cccc(F)c2)C1)C(=O)N[C@@H](CCCCN)C(=O)OC(C)(C)C)c3c[nH]c4ccccc34,CHEMBL335238,Ki,8.3
16055,C[C@@H](O)[C@@H]1NC(=O)[C@H](CCCCN)NC(=O)[C@@H](Cc2c[nH]c3ccccc23)NC(=O)[C@H](Cc4ccccc4)NC(=O)[C@H](Cc5ccccc5)NC(=O)[C@H](CCCNC(=N)N)NC(=O)[C@@H](CCCCNC(=O)[C@H](Cc6ccc(F)cc6)NC1=O)NC(=O)CSC[C@@H]7C[C@H]8[C@@H](Cc9c[nH]c%10cccc8c9%10)N(C)C7,CHEMBL3647710,Ki,8.34
16065,C[C@H](C(NC(=O)C1CCCN(Cc2ccccc2)C1)C(=O)N[C@@H](CCCCN)C(=O)OC(C)(C)C)c3c[nH]c4ccccc34,CHEMBL337083,Ki,8.34
16076,C[C@H]([C@@H](N1CCN(CCC(c2ccccc2)c3ccccc3)C1=O)C(=O)N(C)C[C@@H]4OC[C@@H](N)CO4)c5c[nH]c6ccccc56,CHEMBL344511,Ki,8.34
16087,Cc1ccc(cc1)C(=O)N2CCN(CC2)C(=O)N[C@H](Cc3c[nH]c4ccccc34)C(=O)N[C@@H](CCCCN)C(=O)OC(C)(C)C,CHEMBL94293,IC50,8.36
16098,NCCCC[C@H](N1Cc2[nH]c3ccccc3c2C[C@@H](NC(=O)N4CCN(CC4)S(=O)(=O)c5ccccc5)C1=O)C(=O)NCc6ccccc6.OC(=O)C(F)(F)F,CHEMBL509513,IC50,8.38
16108,CC(C)(C)C1N[C@@H](CSSC[C@@H](NC(=O)C(N)Cc2cccc(F)c2)C(=O)NC(Cc3cccnc3)C(=O)N[C@@H](Cc4c[nH]c5ccccc45)C(=O)N[C@@H](CCCCN)C1=O)C(=O)NC(Cc6cccc7ccccc67)C(=O)N,CHEMBL429000,IC50,8.39
16119,NCC1CCCC(CNC(=O)[C@H](Cc2c[nH]c3ccccc23)NC(=O)N4CCC5(CC4)C=Cc6ccccc56)C1,CHEMBL305279,Ki,8.4
16130,NCCCCn1c(SCCc2c[nH]c3c(Cl)cccc23)nnc1c4ccc5ccccc5n4,CHEMBL185861,Ki,8.4
16140,C[C@@H](O)[C@@H]1NC(=O)[C@H](CCCCN)NC(=O)[C@@H](Cc2c[nH]c3ccccc23)NC(=O)[C@H](Cc4ccccc4)NC(=O)[C@H](Cc5ccccc5)NC(=O)[C@H](CCCNC(=N)N)NC(=O)[C@@H](CCCCNC(=O)[C@H](Cc6ccc(F)cc6)NC1=O)N(CCSC[C@@H]7C[C@H]8[C@@H](Cc9c[nH]c%10cccc8c9%10)N(C)C7)CCSC[C@@H]%11C[C@H]%12[C@@H](Cc%13c[nH]c%14cccc%12c%13%14)N(C)C%11,CHEMBL3647714,Ki,8.43
16150,C[C@H]([C@@H](N1CCN(CCCc2ccccc2)C1=O)C(=O)N[C@H](CCCCN)C(=O)OC(C)(C)C)c3c[nH]c4ccccc34,CHEMBL147499,Ki,8.44
16161,CC(C)(C)OC(=O)[C@H](CCCCN)NC(=O)[C@@H](Cc1c[nH]c2ccccc12)NC(=O)C3CCN(CC3)S(=O)(=O)c4ccccc4,CHEMBL329824,IC50,8.5
16171,C[C@@H](O)[C@@H]1NC(=O)[C@H](CCCCN)NC(=O)[C@@H](Cc2c[nH]c3ccccc23)NC(=O)[C@H](Cc4ccccc4)NC(=O)[C@H](Cc5ccccc5)NC(=O)[C@H](CCCNC(=N)N)NC(=O)[C@@H](CCCCNC(=O)[C@H](Cc6ccccc6)NC1=O)N(CCSC[C@@H]7C[C@H]8[C@@H](Cc9c[nH]c%10cccc8c9%10)N(C)C7)CCSC[C@@H]%11C[C@H]%12[C@@H](Cc%13c[nH]c%14cccc%12c%13%14)N(C)C%11,CHEMBL3650452,Ki,8.5
16180,C[C@H](O)[C@@H](CO)NC(=O)[C@@H]1CSSC[C@H](NC(=O)[C@H](N)Cc2ccccc2)C(=O)N[C@@H](Cc3ccc(O)cc3)C(=O)N[C@H](Cc4c[nH]c5ccccc45)C(=O)N[C@@H](CCCCN)C(=O)N[C@@H]([C@@H](C)O)C(=O)N1,CHEMBL2372603,IC50,8.51
16191,C[C@@H](O)[C@@H]1NC(=O)[C@@H](CCCCN)NC(=O)[C@@H](Cc2c[nH]c3ccccc23)NC(=O)[C@@H](Cc4c[nH]c5ccccc45)NC(=O)[C@H](Cc6ccccc6)NC(=O)CCCNC(=O)CCCN(CC(=O)N)C(=O)[C@@H](Cc7ccccc7)NC1=O,CHEMBL406000,IC50,8.52
16201,C[C@@H](O)[C@H](CO)NC(=O)[C@@H]1CSSC[C@H](NC(=O)[C@H](Cc2ccccc2)NC(=O)CCS[C@@H]3O[C@@H](CO)[C@@H](O)[C@H](O)[C@@H]3O)C(=O)N[C@@H](Cc4ccc(O)c([123I])c4)C(=O)N[C@H](Cc5c[nH]c6ccccc56)C(=O)N[C@@H](CCCCN)C(=O)N[C@@H]([C@@H](C)O)C(=O)N1,CHEMBL3144292,EC50,8.53
16212,CC(C)(C)OC(=O)[C@H](CCCCN)NC(=O)[C@@H](Cc1c[nH]c2ccccc12)NC(=O)N3CCN(CC3)S(=O)(=O)c4ccccc4,CHEMBL329684,IC50,8.54
16223,C[C@H](C(NC(=O)C1CCCN(Cc2ccc(F)c(F)c2)C1)C(=O)N[C@@H](CCCCN)C(=O)OC(C)(C)C)c3c[nH]c4ccccc34,CHEMBL335045,Ki,8.54
16317,C[C@H](C(NC(=O)C1CCCN(C1)C(=O)C(O)(c2ccccc2)c3ccccc3)C(=O)N[C@@H](CCCCN)C(=O)OC(C)(C)C)c4c[nH]c5ccccc45,CHEMBL134163,Ki,8.55
16327,C[C@@H](O)[C@@H]1NC(=O)[C@H](CCCCN)NC(=O)[C@@H](Cc2ccc(NC(=O)N)cc2)NC(=O)[C@H](Cc3ccc(NC(=O)[C@@H]4CC(=O)NC(=O)N4)cc3)NC(=O)[C@@H](CSSC[C@H](NC1=O)C(=O)N[C@@H](Cc5ccc6ccccc6c5)C(=O)N)NC(=O)[C@H](N)Cc7ccc(cc7)[N+](=O)[O-],CHEMBL500477,IC50,8.57
16338,NCCCCn1c(SCCc2c[nH]c3cc(F)ccc23)nnc1c4ccc5ccccc5n4,CHEMBL363092,Ki,8.57
16348,C[C@@H](O)[C@H](CO)NC(=O)[C@@H]1CSSC[C@H](NC(=O)[C@H](Cc2ccccc2)NC(=O)CCS[C@@H]3O[C@@H](CO)[C@H](O)[C@H](O)[C@@H]3O)C(=O)N[C@@H](Cc4ccc(O)c([123I])c4)C(=O)N[C@H](Cc5c[nH]c6ccccc56)C(=O)N[C@@H](CCCCN)C(=O)N[C@@H]([C@@H](C)O)C(=O)N1,CHEMBL3144293,EC50,8.58
16358,C[C@@H](O)[C@H](NC(=O)[C@@H]1CSSC[C@H](NC(=O)[C@@H](Cc2ccccc2)NC[C@H]3O[C@H](O)[C@H](O)[C@@H](O)[C@@H]3O)C(=O)N[C@@H](Cc4ccc(O)c([123I])c4)C(=O)N[C@H](Cc5c[nH]c6ccccc56)C(=O)N[C@@H](CCCCN)C(=O)N[C@@H]([C@@H](C)O)C(=O)N1)C(=O)O,CHEMBL2372606,EC50,8.6
16369,C[C@H](C(NC(=O)C1CCN(Cc2ccccc2)CC1)C(=O)N[C@@H](CCCCN)C(=O)OC(C)(C)C)c3c[nH]c4ccccc34,CHEMBL336819,Ki,8.6
16379,C[C@@H](O)[C@@H]1NC(=O)[C@H](CCCCN)NC(=O)[C@@H](Cc2ccc(NC(=O)N)cc2)NC(=O)[C@H](Cc3ccc(NC(=O)[C@@H]4CC(=O)NC(=O)N4)cc3)NC(=O)[C@@H](CSSC[C@H](NC1=O)C(=O)N[C@@H](Cc5ccc6ccccc6c5)C(=O)N)NC(=O)[C@H](N)Cc7ccc(Cl)cc7,CHEMBL506326,IC50,8.62
16390,C[C@H](C(NC(=O)C1CCCN(C1)C(=O)Cc2cc(F)cc(F)c2)C(=O)N[C@@H](CCCCN)C(=O)OC(C)(C)C)c3c[nH]c4ccccc34,CHEMBL336986,Ki,8.64
16400,C[C@@H](O)[C@@H]1NC(=O)[C@H](CCCCN)NC(=O)[C@@H](Cc2c[nH]c3ccccc23)NC(=O)[C@H](Cc4ccccc4)NC(=O)[C@H](Cc5ccccc5)NC(=O)[C@H](CCCNC(=N)N)NC(=O)[C@@H](CCCCNC(=O)[C@H](Cc6ccccc6)NC1=O)NCCSC[C@@H]7C[C@H]8[C@@H](Cc9c[nH]c%10cccc8c9%10)N(C)C7,CHEMBL3647701,Ki,8.65
16409,C[C@@H](O)[C@@H](CO)NC(=O)[C@@H]1CSSC[C@H](NC(=O)[C@H](Cc2ccccc2)NC[C@]3(O)OC[C@H](O)[C@@H](O)[C@@H]3O)C(=O)N[C@@H](Cc4ccc(O)c(I)c4)C(=O)N[C@H](Cc5c[nH]c6ccccc56)C(=O)N[C@@H](CCCCN)C(=O)N[C@@H]([C@@H](C)O)C(=O)N1,CHEMBL3144279,IC50,8.66
16420,C[C@H]([C@@H](NC(=O)N(C)CCCc1ccccc1)C(=O)N[C@H](CCCCN)C(=O)OC(C)(C)C)c2c[nH]c3ccccc23,CHEMBL147711,Ki,8.66
16430,C[C@@H](O)[C@H](NC(=O)[C@@H]1CSSC[C@H](NC(=O)[C@H](Cc2ccccc2)NC[C@]3(O)OC[C@H](O)[C@@H](O[C@@H]4O[C@@H](CO)[C@@H](O)[C@H](O)[C@@H]4O)[C@@H]3O)C(=O)N[C@@H](Cc5ccc(O)c([123I])c5)C(=O)N[C@H](Cc6c[nH]c7ccccc67)C(=O)N[C@@H](CCCCN)C(=O)N[C@@H]([C@@H](C)O)C(=O)N1)C(=O)O,CHEMBL3144283,EC50,8.67
16444,C[C@@H](O)[C@H](CO)NC(=O)[C@@H]1CSSC[C@H](NC(=O)[C@H](N)Cc2ccccc2)C(=O)N[C@@H](Cc3ccccc3)C(=O)N[C@H](Cc4c[nH]c5ccccc45)C(=O)N[C@@H](CCCCN)C(=O)N[C@@H]([C@@H](C)O)C(=O)N1,CHEMBL3350037,Ki,8.68
16455,NCCCC[C@H](N1Cc2[nH]c3ccccc3c2C[C@@H](NC(=O)C4CCN(CC4)C(=O)c5ccccc5)C1=O)C(=O)NCc6ccccc6.OC(=O)C(F)(F)F,CHEMBL454202,IC50,8.68
16466,NCCCC[C@H](N1Cc2[nH]c3ccccc3c2C[C@@H](NC(=O)N4CCC5(CC4)CCc6ccccc56)C1=O)C(=O)NCc7ccccc7.OC(=O)C(F)(F)F,CHEMBL443084,IC50,8.68
16476,C[C@@H](O)[C@H](NC(=O)[C@@H]1CSSC[C@H](NC(=O)[C@@H](Cc2ccccc2)NC[C@H]3O[C@H](O)[C@H](O)[C@@H](O)[C@@H]3O)C(=O)N[C@@H](Cc4ccc(O)c(I)c4)C(=O)N[C@H](Cc5c[nH]c6ccccc56)C(=O)N[C@@H](CCCCN)C(=O)N[C@@H]([C@@H](C)O)C(=O)N1)C(=O)O,CHEMBL2372608,IC50,8.7
16486,C[C@@H](O)[C@H](NC(=O)[C@@H]1CSSC[C@H](NC(=O)[C@H](Cc2ccccc2)NC(=O)CCS[C@@H]3O[C@@H](CO)[C@@H](O)[C@H](O)[C@@H]3O)C(=O)N[C@@H](Cc4ccc(O)c(I)c4)C(=O)N[C@H](Cc5c[nH]c6ccccc56)C(=O)N[C@@H](CCCCN)C(=O)N[C@@H]([C@@H](C)O)C(=O)N1)C(=O)O,CHEMBL3144287,IC50,8.7
16496,C[C@@H](O)[C@H](NC(=O)[C@@H]1CSSC[C@H](NC(=O)[C@H](Cc2ccccc2)NC(=O)CCS[C@@H]3O[C@@H](CO)[C@H](O)[C@H](O)[C@@H]3O)C(=O)N[C@@H](Cc4ccc(O)c(I)c4)C(=O)N[C@H](Cc5c[nH]c6ccccc56)C(=O)N[C@@H](CCCCN)C(=O)N[C@@H]([C@@H](C)O)C(=O)N1)C(=O)O,CHEMBL3144281,IC50,8.7
16507,Cc1cccc2c(c[nH]c12)C(=O)CCSc3nnc(c4ccc5ccccc5n4)n3CCCCN,CHEMBL434159,Ki,8.7
16517,C[C@@H](O)[C@H](NC(=O)[C@@H]1CSSC[C@H](NC(=O)[C@H](Cc2ccccc2)NC[C@]3(O)OC[C@H](O)[C@@H](O[C@@H]4O[C@@H](CO)[C@@H](O[C@@H]5O[C@@H](CO)[C@@H](O)[C@H](O)[C@@H]5O)[C@H](O)[C@@H]4O)[C@@H]3O)C(=O)N[C@@H](Cc6ccc(O)c([123I])c6)C(=O)N[C@H](Cc7c[nH]c8ccccc78)C(=O)N[C@@H](CCCCN)C(=O)N[C@@H]([C@@H](C)O)C(=O)N1)C(=O)O,CHEMBL3144291,EC50,8.74
16528,Cc1cccc2c(CCSc3nnc(c4ccc5ccccc5n4)n3CCCCN)c[nH]c12,CHEMBL187768,Ki,8.75
16538,C[C@@H](O)[C@@H]1NC(=O)[C@H](CCCCN)NC(=O)[C@@H](Cc2ccc(NC(=O)N)cc2)NC(=O)[C@H](Cc3ccc(NC(=O)[C@@H]4CC(=O)NC(=O)N4)cc3)NC(=O)[C@@H](CSSC[C@H](NC1=O)C(=O)N[C@@H](Cc5ccc6ccccc6c5)C(=O)N)NC(=O)[C@@H](Cc7ccc(Cl)cc7)NC(=O)CN8CCN(CC(=O)O)CCN(CC(=O)O)CCN(CC(=O)O)CC8,CHEMBL499446,IC50,8.77
16548,C[C@@H](O)[C@H](NC(=O)[C@@H]1CSSC[C@H](NC(=O)[C@H](N)Cc2ccccc2)C(=O)N[C@@H](Cc3ccc(O)c([123I])c3)C(=O)N[C@H](Cc4c[nH]c5ccccc45)C(=O)N[C@@H](CCCCN)C(=O)N[C@@H]([C@@H](C)O)C(=O)N1)C(=O)O,CHEMBL2372605,EC50,8.77
16558,C[C@H](O)[C@@H](CO)NC(=O)[C@@H]1CSSC[C@H](NC(=O)[C@H](N)Cc2ccccc2)C(=O)N[C@@H](Cc3ccc(O)c(I)c3)C(=O)N[C@H](Cc4c[nH]c5ccccc45)C(=O)N[C@@H](CCCCN)C(=O)N[C@@H]([C@@H](C)O)C(=O)N1,CHEMBL2372604,IC50,8.8
16569,Cc1cc(C)cc(c1)C2=C(OCC[C@H]3CCCCN3)c4cc(c(Cl)cc4NC2=O)c5ccc(F)cc5,CHEMBL1766107,Ki,8.82
16580,Cc1cc(C)cc(c1)c2cnc3cc(Cl)c(cc3c2OCC[C@@H]4CCCCN4)c5cnn(C)c5,CHEMBL1766101,Ki,8.82
16590,C[C@@H](O)[C@H](CO)NC(=O)[C@@H]1CSSC[C@H](NC(=O)[C@H](Cc2ccccc2)NC[C@]3(O)OC[C@H](O)[C@@H](O)[C@@H]3O)C(=O)N[C@@H](Cc4ccc(O)c([123I])c4)C(=O)N[C@H](Cc5c[nH]c6ccccc56)C(=O)N[C@@H](CCCCN)C(=O)N[C@@H]([C@@H](C)O)C(=O)N1,CHEMBL3144289,EC50,8.85
16601,C[C@H]([C@@H](N1CCN(C2CCCN(C2)c3ccccc3)C1=O)C(=O)N[C@H](CCCCN)C(=O)OC(C)(C)C)c4c[nH]c5ccccc45,CHEMBL343897,Ki,8.85
16611,C[C@@H](O)C1NC(=O)[C@H](CCCCN)NC(=O)[C@@H](Cc2c[nH]c3ccccc23)NC(=O)[C@H](Cc4ccccc4)NC(=O)[C@H](Cc5ccccc5)NC(=O)[C@H](CCCNC(=N)N)NC(=O)[C@@H](CCCCNC(=O)[C@H](Cc6ccccc6)NC1=O)NC(=O)CSC[C@@H]7C[C@H]8[C@@H](Cc9c[nH]c%10cccc8c9%10)N(C)C7,CHEMBL3650455,Ki,8.86
16620,C[C@@H](O)[C@@H]1NC(=O)[C@H](CCCCN)NC(=O)[C@@H](Cc2c[nH]c3ccccc23)NC(=O)[C@H](Cc4ccccc4)NC(=O)[C@H](Cc5ccccc5)NC(=O)[C@H](CCCNC(=N)N)NC(=O)[C@@H](CCCCNC(=O)[C@H](Cc6ccccc6)NC1=O)NC(=O)[C@@H](Cc7ccc(O)cc7)NC(=O)CSC[C@@H]8C[C@H]9[C@@H](Cc%10c[nH]c%11cccc9c%10%11)N(C)C8,CHEMBL3647712,Ki,8.86
16630,C[C@@H](O)[C@@H]1NC(=O)[C@@H](CCCCN)NC(=O)[C@@H](Cc2c[nH]c3ccccc23)NC(=O)[C@@H](Cc4c[nH]c5ccccc45)NC(=O)[C@H](Cc6ccccc6)NC(=O)CCSSCCN(CC(=O)N)C(=O)[C@@H](Cc7ccccc7)NC1=O,CHEMBL406051,IC50,8.89
16641,C[C@H]([C@@H](N1CCN(Cc2ccc(cc2)C(F)(F)F)C1=O)C(=O)N[C@H](CCCCN)C(=O)OC(C)(C)C)c3c[nH]c4ccccc34,CHEMBL343010,Ki,8.89
16651,C[C@@H](O)[C@H](CO)NC(=O)[C@@H]1CSSC[C@H](NC(=O)[C@H](Cc2ccccc2)NC[C@]3(O)OC[C@H](O)[C@@H](O[C@@H]4O[C@@H](CO)[C@@H](O)[C@H](O)[C@@H]4O)[C@@H]3O)C(=O)N[C@@H](Cc5ccc(O)c(I)c5)C(=O)N[C@H](Cc6c[nH]c7ccccc67)C(=O)N[C@@H](CCCCN)C(=O)N[C@@H]([C@@H](C)O)C(=O)N1,CHEMBL3144280,IC50,8.92
16661,C[C@@H](O)[C@H](CO)NC(=O)[C@@H]1CSSC[C@H](NC(=O)[C@H](Cc2ccccc2)NC[C@]3(O)OC[C@H](O)[C@@H](O[C@@H]4O[C@@H](CO)[C@@H](O)[C@H](O)[C@@H]4O)[C@@H]3O)C(=O)N[C@@H](Cc5ccc(O)c([123I])c5)C(=O)N[C@H](Cc6c[nH]c7ccccc67)C(=O)N[C@@H](CCCCN)C(=O)N[C@@H]([C@@H](C)O)C(=O)N1,CHEMBL3144290,EC50,8.95
16671,C[C@@H](O)[C@H](CO)NC(=O)[C@@H]1CSSC[C@H](NC(=O)[C@H](Cc2ccccc2)NC[C@]3(O)OC[C@H](O)[C@@H](O[C@@H]4O[C@@H](CO)[C@@H](O[C@@H]5O[C@@H](CO)[C@@H](O)[C@H](O)[C@@H]5O)[C@H](O)[C@@H]4O)[C@@H]3O)C(=O)N[C@@H](Cc6ccc(O)c(I)c6)C(=O)N[C@H](Cc7c[nH]c8ccccc78)C(=O)N[C@@H](CCCCN)C(=O)N[C@@H]([C@@H](C)O)C(=O)N1,CHEMBL3144284,IC50,8.96
16681,C[C@@H](O)[C@@H]1NC(=O)[C@H](CCCCN)NC(=O)[C@@H](Cc2c[nH]c3ccccc23)NC(=O)[C@H](Cc4ccccc4)NC(=O)[C@H](Cc5ccccc5)NC(=O)[C@H](CCCNC(=N)N)NC(=O)[C@H](CCCCNC(=O)[C@H](Cc6ccccc6)NC1=O)NC[C@H](Cc7ccc(O)cc7)NC(=O)CSC[C@@H]8C[C@H]9[C@@H](Cc%10c[nH]c%11cccc9c%10%11)N(C)C8,CHEMBL3647708,Ki,8.97
16690,C[C@@H](O)[C@@H]1NC(=O)[C@H](CCCCN)NC(=O)[C@@H](Cc2c[nH]c3ccccc23)NC(=O)[C@H](Cc4ccccc4)NC(=O)[C@H](Cc5ccccc5)NC(=O)[C@H](CSSC[C@H](NC(=O)[C@H](CO)NC(=O)[C@H](Cc6ccccc6)NC1=O)C(=O)O)NC(=O)CNC(=O)COCCOCCNC(=O)CN7CCN(CC(=O)O)CCN(CC(=O)O)CCN(CC(=O)O)CC7,CHEMBL3122128,IC50,9.0
16700,C[C@@H](O)[C@H](CO)NC(=O)[C@@H]1CSSC[C@H](NC(=O)[C@@H](N)Cc2ccccc2)C(=O)N[C@@H](Cc3ccc(O)c([125I])c3)C(=O)N[C@H](Cc4c[nH]c5ccccc45)C(=O)N[C@@H](CCCCN)C(=O)N[C@@H]([C@@H](C)O)C(=O)N1,CHEMBL3144288,EC50,9.0
16710,C[C@@H](O)[C@H](CO)NC(=O)[C@@H]1CSSC[C@H](NC(=O)[C@H](Cc2ccccc2)NC[C@]3(O)OC[C@H](O)[C@@H](O[C@@H]4O[C@@H](CO)[C@@H](O[C@@H]5O[C@@H](CO)[C@@H](O)[C@H](O)[C@@H]5O)[C@H](O)[C@@H]4O)[C@@H]3O)C(=O)N[C@@H](Cc6ccc(O)c([123I])c6)C(=O)N[C@H](Cc7c[nH]c8ccccc78)C(=O)N[C@@H](CCCCN)C(=O)N[C@@H]([C@@H](C)O)C(=O)N1,CHEMBL3144282,EC50,9.0
16721,C[C@H]([C@@H](NC(=O)NCCCc1ccccc1)C(=O)N[C@H](CCCCN)C(=O)OC(C)(C)C)c2c[nH]c3ccccc23,CHEMBL355923,Ki,9.0
16731,C[C@@H](O)[C@H](NC(=O)[C@@H]1CSSC[C@H](NC(=O)[C@H](Cc2ccccc2)NC[C@]3(O)OC[C@H](O)[C@@H](O[C@@H]4O[C@@H](CO)[C@@H](O[C@@H]5O[C@@H](CO)[C@@H](O)[C@H](O)[C@@H]5O)[C@H](O)[C@@H]4O)[C@@H]3O)C(=O)N[C@@H](Cc6ccc(O)c(I)c6)C(=O)N[C@H](Cc7c[nH]c8ccccc78)C(=O)N[C@@H](CCCCN)C(=O)N[C@@H]([C@@H](C)O)C(=O)N1)C(=O)O,CHEMBL3144286,IC50,9.02
16741,C[C@@H](O)[C@@H]1NC(=O)[C@H](CCCCN)NC(=O)[C@@H](Cc2c[nH]c3ccccc23)NC(=O)[C@H](Cc4ccccc4)NC(=O)[C@H](Cc5ccccc5)NC(=O)[C@H](CCCNC(=N)N)NC(=O)[C@@H](CCCCNC(=O)[C@H](Cc6ccc(F)cc6)NC1=O)NCCCC[C@@H]7C[C@H]8[C@@H](Cc9c[nH]c%10cccc8c9%10)N(C)C7,CHEMBL3647674,Ki,9.1
16750,C[C@@H](O)[C@H](NC(=O)[C@@H]1CSSC[C@H](NC(=O)[C@H](Cc2ccccc2)NC[C@]3(O)OC[C@H](O)[C@@H](O[C@@H]4O[C@@H](CO)[C@@H](O)[C@H](O)[C@@H]4O)[C@@H]3O)C(=O)N[C@@H](Cc5ccc(O)c(I)c5)C(=O)N[C@H](Cc6c[nH]c7ccccc67)C(=O)N[C@@H](CCCCN)C(=O)N[C@@H]([C@@H](C)O)C(=O)N1)C(=O)O,CHEMBL3144285,IC50,9.11
16760,C[C@@H](O)[C@@H]1NC(=O)[C@H](CCCCN)NC(=O)[C@@H](Cc2c[nH]c3ccccc23)NC(=O)[C@H](Cc4ccccc4)NC(=O)[C@H](Cc5ccccc5)NC(=O)[C@H](CSSC[C@H](NC(=O)[C@H](CO)NC(=O)[C@H](Cc6ccccc6)NC1=O)C(=O)O)NC(=O)[C@H](CCCNC(=N)N)NC(=O)COCCOCCNC(=O)CN7CCN(CC(=O)O)CCN(CC(=O)O)CCN(CC(=O)O)CC7,CHEMBL3122129,IC50,9.12
16770,C[C@@H](O)[C@@H]1NC(=O)[C@H](CCCCN)NC(=O)[C@@H](Cc2c[nH]c3ccccc23)NC(=O)[C@H](Cc4cccnc4)NC(=O)[C@H](Cc5ccccc5)NC(=O)[C@H](CCCNC(=N)N)NC(=O)[C@@H](CCCCNC(=O)[C@H](Cc6ccccc6)NC1=O)NC[C@H](Cc7ccc(O)cc7)NC(=O)CSC[C@@H]8C[C@H]9[C@@H](Cc%10c[nH]c%11cccc9c%10%11)N(C)C8,CHEMBL3647713,Ki,9.12
16779,C[C@@H](O)[C@@H]1NC(=O)[C@H](CCCCN)NC(=O)[C@@H](Cc2c[nH]c3ccccc23)NC(=O)[C@H](Cc4ccccc4)NC(=O)[C@H](Cc5ccccc5)NC(=O)[C@H](CCCNC(=N)N)NC(=O)[C@@H](CCCCNC(=O)[C@H](Cc6ccc(F)cc6)NC1=O)N(CCCN(C[C@@H]7C[C@H]8[C@@H](Cc9c[nH]c%10cccc8c9%10)N(C)C7)C(=O)C)C(=O)C,CHEMBL3647703,Ki,9.13
16788,C[C@@H](O)[C@@H]1NC(=O)[C@H](CCCCN)NC(=O)[C@@H](Cc2c[nH]c3ccccc23)NC(=O)[C@H](Cc4ccccc4)NC(=O)[C@H](Cc5ccccc5)NC(=O)[C@H](CCCNC(=N)N)NC(=O)[C@@H](CCCCNC(=O)[C@H](Cc6ccc(F)cc6)NC1=O)NCCCCC[C@@H]7C[C@H]8[C@@H](Cc9c[nH]c%10cccc8c9%10)N(C)C7,CHEMBL3647675,Ki,9.14
16798,NCCCC[C@H](N1Cc2[nH]c3ccccc3c2C[C@@H](NC(=O)N4CCC(CC4)N5C(=O)Nc6ccccc56)C1=O)C(=O)NCc7ccccc7.OC(=O)C(F)(F)F,CHEMBL499681,IC50,9.14
16808,C[C@@H](O)[C@@H]1NC(=O)[C@H](CCCCN)NC(=O)[C@@H](Cc2c[nH]c3ccccc23)NC(=O)[C@H](Cc4ccccc4)NC(=O)[C@H](Cc5ccccc5)NC(=O)[C@H](CCCNC(=N)N)NC(=O)[C@@H](CCCCNC(=O)[C@H](Cc6ccc(F)cc6)NC1=O)NC[C@H](Cc7ccc(O)cc7)NC(=O)CCN(C[C@@H]8C[C@H]9[C@@H](Cc%10c[nH]c%11cccc9c%10%11)N(C)C8)S(=O)(=O)C,CHEMBL3650454,Ki,9.16
16817,C[C@@H](O)[C@@H]1NC(=O)[C@H](CCCCN)NC(=O)[C@@H](Cc2ccc(NC(=O)N)cc2)NC(=O)[C@H](Cc3ccc(NC(=O)[C@@H]4CC(=O)NC(=O)N4)cc3)NC(=O)[C@@H](CSSC[C@H](NC1=O)C(=O)N[C@H](Cc5ccc(O)cc5)C(=O)N)NC(=O)[C@@H](Cc6ccc(Cl)cc6)NC(=O)CN7CCN(CC(=O)O)CCN(CC(=O)O)CCN(CC(=O)O)CC7,CHEMBL524341,IC50,9.16
16828,COc1ccc(cn1)c2cc3c(OCC[C@H]4CCCCN4)c(cnc3cc2Cl)c5cc(C)cc(C)c5,CHEMBL1766092,Ki,9.19
16839,Cc1cc(C)cc(c1)c2cnc3cc(Cl)c(cc3c2OCC[C@H]4CCCCN4)c5ccc(N)nc5,CHEMBL1766091,Ki,9.22
16849,C[C@@H](O)[C@@H]1NC(=O)[C@H](CCCCN)NC(=O)[C@@H](Cc2c[nH]c3ccccc23)NC(=O)[C@H](Cc4ccccc4)NC(=O)[C@H](Cc5ccccc5)NC(=O)[C@H](CCCNC(=N)N)NC(=O)[C@@H](CCCCNC(=O)[C@H](Cc6ccc(F)cc6)NC1=O)NC[C@H](CCCCNC(=O)CSC[C@@H]7C[C@H]8[C@@H](Cc9c[nH]c%10cccc8c9%10)N(C)C7)NC(=O)CSC[C@@H]%11C[C@H]%12[C@@H](Cc%13c[nH]c%14cccc%12c%13%14)N(C)C%11,CHEMBL3650456,Ki,9.24
16858,C[C@@H](O)[C@@H]1NC(=O)[C@H](CCCCN)NC(=O)[C@@H](Cc2c[nH]c3ccccc23)NC(=O)[C@H](Cc4ccccc4)NC(=O)[C@H](Cc5ccccc5)NC(=O)[C@H](CCCNC(=N)N)NC(=O)[C@@H](CCCCNC(=O)[C@H](Cc6ccccc6F)NC1=O)NCCSC[C@@H]7C[C@H]8[C@@H](Cc9c[nH]c%10cccc8c9%10)N(C)C7,CHEMBL3647682,Ki,9.27
16867,C[C@@H](O)[C@@H]1NC(=O)[C@H](CCCCN)NC(=O)[C@@H](Cc2c[nH]c3ccccc23)NC(=O)[C@H](Cc4ccncc4)NC(=O)[C@H](Cc5ccccc5)NC(=O)[C@H](CCCNC(=N)N)NC(=O)[C@@H](CCCCNC(=O)[C@H](Cc6ccc(O)cc6)NC1=O)NCC[S+]([O-])C[C@@H]7C[C@H]8[C@@H](Cc9c[nH]c%10cccc8c9%10)N(C)C7,CHEMBL3647688,Ki,9.28
16877,C[C@H](C(NC(=O)C1CCN(CC1)C(=O)c2ccccc2)C(=O)N[C@@H](CCCCN)C(=O)OC(C)(C)C)c3c[nH]c4ccccc34,CHEMBL134280,Ki,9.3
16887,C[C@H](O)[C@@H](CO)NC(=O)[C@@H]1CSSC[C@H](NC(=O)[C@H](N)Cc2ccccc2)C(=O)N[C@@H](Cc3ccc(O)c([125I])c3)C(=O)N[C@H](Cc4c[nH]c5ccccc45)C(=O)N[C@@H](CCCCN)C(=O)N[C@@H]([C@@H](C)O)C(=O)N1,CHEMBL2372607,IC50,9.33
16897,C[C@@H](O)[C@@H]1NC(=O)[C@H](Cc2ccccc2)NC(=O)[C@@H](NC(=O)[C@H](CCCCN)NC(=O)[C@H](Cc3c[nH]c4ccccc34)NC(=O)[C@H](Cc5ccccc5)NC(=O)[C@H](Cc6ccccc6)NC(=O)[C@H](CC(=O)N)NC(=O)[C@H](CCCCN)NC(=O)[C@H](C\C=C/C[C@H](NC(=O)[C@H](CO)NC1=O)C(=O)N)NC(=O)CNC(=O)[C@H](C)N)[C@@H](C)O,CHEMBL3098601,Ki,9.39
16907,C[C@@H](O)[C@@H]1NC(=O)[C@H](CCCCN)NC(=O)[C@@H](Cc2c[nH]c3ccccc23)NC(=O)[C@H](Cc4ccccc4)NC(=O)[C@H](Cc5ccccc5)NC(=O)[C@H](CCCNC(=N)N)NC(=O)[C@@H](CCCCNC(=O)[C@H](Cc6ccccc6)NC1=O)NC[C@H](Cc7ccc(O)cc7)NC(=O)CSC[C@@H]8C[C@H]9[C@@H](Cc%10c[nH]c%11cccc9c%10%11)N(C)C8,CHEMBL3647707,Ki,9.4
16916,C[C@@H](O)[C@@H]1NC(=O)[C@H](CCCCN)NC(=O)[C@@H](Cc2c[nH]c3ccccc23)NC(=O)[C@H](Cc4ccccc4)NC(=O)[C@H](Cc5ccccc5)NC(=O)[C@H](CCCNC(=N)N)NC(=O)[C@@H](CCCCNC(=O)[C@H](Cc6ccccc6)NC1=O)NC[C@@H](Cc7ccc(O)cc7)NC(=O)CSC[C@@H]8C[C@H]9[C@@H](Cc%10c[nH]c%11cccc9c%10%11)N(C)C8,CHEMBL3650453,Ki,9.43
16925,C[C@@H](O)[C@@H]1NC(=O)[C@H](CCCCN)NC(=O)[C@@H](Cc2c[nH]c3ccccc23)NC(=O)[C@H](Cc4ccccc4)NC(=O)[C@H](Cc5ccccc5)NC(=O)[C@H](CCCNC(=N)N)NC(=O)[C@@H](CCCCNC(=O)[C@H](Cc6ccc(F)c(F)c6)NC1=O)NCCSC[C@@H]7C[C@H]8[C@@H](Cc9c[nH]c%10cccc8c9%10)N(C)C7,CHEMBL3647679,Ki,9.46
16934,C[C@@H](O)[C@@H]1NC(=O)[C@H](CCCCN)NC(=O)[C@@H](Cc2c[nH]c3ccccc23)NC(=O)[C@H](Cc4ccccc4)NC(=O)[C@H](Cc5ccccc5)NC(=O)[C@H](CCCNC(=N)N)NC(=O)[C@@H](CCCCNC(=O)[C@H](Cc6ccc(F)cc6)NC1=O)N(CCCNC[C@@H]7C[C@H]8[C@@H](Cc9c[nH]c%10cccc8c9%10)N(C)C7)C(=O)C,CHEMBL3647697,Ki,9.46
16943,C[C@@H](O)[C@@H]1NC(=O)[C@H](CCCCN)NC(=O)[C@@H](Cc2c[nH]c3ccccc23)NC(=O)[C@H](Cc4ccccc4)NC(=O)[C@H](Cc5ccccc5)NC(=O)[C@H](CCCNC(=N)N)NC(=O)[C@@H](CCCCNC(=O)[C@H](Cc6ccc(F)cc6)NC1=O)NC[C@H](Cc7ccc(O)cc7)NC(=O)CSC[C@@H]8C[C@H]9[C@@H](Cc%10c[nH]c%11cccc9c%10%11)N(C)C8,CHEMBL3647677,Ki,9.47
16952,C[C@@H](O)[C@@H]1NC(=O)[C@H](CCCCN)NC(=O)[C@@H](Cc2c[nH]c3ccccc23)NC(=O)[C@H](Cc4ccccc4)NC(=O)[C@H](Cc5ccccc5)NC(=O)[C@H](CCCNC(=N)N)NC(=O)[C@@H](CCCCNC(=O)[C@H](Cc6ccc(F)cc6)NC1=O)NC[C@@H](Cc7ccc(O)cc7)NC(=O)CCN(C[C@@H]8C[C@H]9[C@@H](Cc%10c[nH]c%11cccc9c%10%11)N(C)C8)C(=O)C,CHEMBL3647702,Ki,9.5
16961,C[C@@H](O)[C@@H]1NC(=O)[C@H](CCCCN)NC(=O)[C@@H](Cc2c[nH]c3ccccc23)NC(=O)[C@H](Cc4ccccc4)NC(=O)[C@H](Cc5ccccc5)NC(=O)[C@H](CCCNC(=N)N)NC(=O)[C@@H](CCCCNC(=O)[C@H](Cc6ccc(F)cc6)NC1=O)NCCSC[C@@H]7C[C@H]8[C@@H](Cc9c[nH]c%10cccc8c9%10)N(C)C7,CHEMBL3647678,Ki,9.52
16971,Cc1cc(C)cc(c1)c2cnc3cc(Cl)c(cc3c2OCC[C@H]4CCCCN4)C5=CNC(=O)C=C5,CHEMBL1766090,Ki,9.57
16982,CC(C)(C)OC(=O)[C@H](CCCCN)NC(=O)[C@@H](Cc1c[nH]c2ccccc12)NC(=O)N3CCC(CC3)n4c(O)nc5ccccc45,CHEMBL93859,IC50,9.59
16992,C[C@@H](O)[C@@H]1NC(=O)[C@H](CCCCN)NC(=O)[C@@H](Cc2c[nH]c3ccccc23)NC(=O)[C@H](Cc4ccccc4)NC(=O)[C@H](Cc5ccccc5)NC(=O)[C@H](CCCNC(=N)N)NC(=O)[C@@H](CCCCNC(=O)[C@H](Cc6cc(F)cc(F)c6)NC1=O)NCCSC[C@@H]7C[C@H]8[C@@H](Cc9c[nH]c%10cccc8c9%10)N(C)C7,CHEMBL3647680,Ki,9.6
17001,C[C@@H](O)[C@@H]1NC(=O)[C@H](CCCCN)NC(=O)[C@@H](Cc2c[nH]c3ccccc23)NC(=O)[C@H](Cc4ccccc4)NC(=O)[C@H](Cc5ccccc5)NC(=O)[C@H](CCCNC(=N)N)NC(=O)[C@@H](CCCCNC(=O)[C@H](Cc6ccc(F)cc6)NC1=O)NCCCS(=O)(=O)C[C@@H]7C[C@H]8[C@@H](Cc9c[nH]c%10cccc8c9%10)N(C)C7,CHEMBL3650457,Ki,9.6
17010,C[C@@H](O)[C@@H]1NC(=O)[C@H](CCCCN)NC(=O)[C@@H](Cc2c[nH]c3ccccc23)NC(=O)[C@H](Cc4ccccc4)NC(=O)[C@H](Cc5ccccc5)NC(=O)[C@H](CCCNC(=N)N)NC(=O)[C@@H](CCCCNC(=O)[C@H](Cc6ccc(O)cc6)NC1=O)NC[C@H](Cc7ccc(O)cc7)NC(=O)CSC[C@@H]8C[C@H]9[C@@H](Cc%10c[nH]c%11cccc9c%10%11)N(C)C8,CHEMBL3647709,Ki,9.62
17019,C[C@@H](O)[C@@H]1NC(=O)[C@H](CCCCN)NC(=O)[C@@H](Cc2c[nH]c3ccccc23)NC(=O)[C@H](Cc4ccncc4)NC(=O)[C@H](Cc5ccccc5)NC(=O)[C@H](CCCNC(=N)N)NC(=O)[C@@H](CCCCNC(=O)[C@H](Cc6ccc(O)cc6)NC1=O)NC[C@H](CCCCNC(=O)CSC[C@@H]7C[C@H]8[C@@H](Cc9c[nH]c%10cccc8c9%10)N(C)C7)NC(=O)CSC[C@@H]%11C[C@H]%12[C@@H](Cc%13c[nH]c%14cccc%12c%13%14)N(C)C%11,CHEMBL3647685,Ki,9.68
17029,Cc1cc(C)cc(c1)C2=C(OCCC3CCCCN3)c4cc(c(Cl)cc4NC2)c5ccccc5,CHEMBL1766110,Ki,9.75
17039,C[C@@H](O)[C@@H]1NC(=O)[C@H](CCCCN)NC(=O)[C@@H](Cc2c[nH]c3ccccc23)NC(=O)[C@H](Cc4ccccc4)NC(=O)[C@H](Cc5ccccc5)NC(=O)[C@H](CCCNC(=N)N)NC(=O)[C@@H](CCCCNC(=O)[C@H](Cc6ccc(F)cc6)NC1=O)NCCS(=O)(=O)C[C@@H]7C[C@H]8[C@@H](Cc9c[nH]c%10cccc8c9%10)N(C)C7,CHEMBL3647687,Ki,9.77
17048,C[C@@H](O)[C@@H]1NC(=O)[C@H](CCCCN)NC(=O)[C@@H](Cc2c[nH]c3ccccc23)NC(=O)[C@H](Cc4ccncc4)NC(=O)[C@H](Cc5ccccc5)NC(=O)[C@H](CCCNC(=N)N)NC(=O)[C@@H](CCCCNC(=O)[C@H](Cc6ccc(O)cc6)NC1=O)N(CCSC[C@@H]7C[C@H]8[C@@H](Cc9c[nH]c%10cccc8c9%10)N(C)C7)CCSC[C@@H]%11C[C@H]%12[C@@H](Cc%13c[nH]c%14cccc%12c%13%14)N(C)C%11,CHEMBL3647711,Ki,9.77
17057,C[C@@H](O)[C@@H]1NC(=O)[C@H](CCCCN)NC(=O)[C@@H](Cc2c[nH]c3ccccc23)NC(=O)[C@H](Cc4ccccc4)NC(=O)[C@H](Cc5ccccc5)NC(=O)[C@H](CCCNC(=N)N)NC(=O)[C@@H](CCCCNC(=O)[C@H](Cc6ccc(F)cc6)NC1=O)NC[C@H](Cc7ccc(O)cc7)NC(=O)CS(=O)(=O)C[C@@H]8C[C@H]9[C@@H](Cc%10c[nH]c%11cccc9c%10%11)N(C)C8,CHEMBL3647694,Ki,9.8
17066,C[C@@H](O)[C@@H]1NC(=O)[C@H](CCCCN)NC(=O)[C@@H](Cc2c[nH]c3ccccc23)NC(=O)[C@H](Cc4ccccc4)NC(=O)[C@H](Cc5ccccc5)NC(=O)[C@H](CCCNC(=N)N)NC(=O)[C@@H](CCCCNC(=O)[C@H](Cc6cccc(F)c6)NC1=O)NCCSC[C@@H]7C[C@H]8[C@@H](Cc9c[nH]c%10cccc8c9%10)N(C)C7,CHEMBL3647681,Ki,9.82
17075,C[C@@H](O)[C@@H]1NC(=O)[C@H](CCCCN)NC(=O)[C@@H](Cc2c[nH]c3ccccc23)NC(=O)[C@H](Cc4ccncc4)NC(=O)[C@H](Cc5ccccc5)NC(=O)[C@H](CCCNC(=N)N)NC(=O)[C@@H](CCCCNC(=O)[C@H](Cc6ccccc6)NC1=O)N(CCSC[C@@H]7C[C@H]8[C@@H](Cc9c[nH]c%10cccc8c9%10)N(C)C7)CCSC[C@@H]%11C[C@H]%12[C@@H](Cc%13c[nH]c%14cccc%12c%13%14)N(C)C%11,CHEMBL3647705,Ki,9.85
17084,C[C@@H](O)[C@@H]1NC(=O)[C@H](CCCCN)NC(=O)[C@@H](Cc2c[nH]c3ccccc23)NC(=O)[C@H](Cc4ccccc4)NC(=O)[C@H](Cc5ccccc5)NC(=O)[C@H](CCCNC(=N)N)NC(=O)[C@@H](CCCCNC(=O)[C@H](Cc6ccc(F)cc6)NC1=O)NCCCN(C[C@@H]7C[C@H]8[C@@H](Cc9c[nH]c%10cccc8c9%10)N(C)C7)C(=O)C,CHEMBL3647706,Ki,9.89
17093,C[C@@H](O)[C@@H]1NC(=O)[C@H](CCCCN)NC(=O)[C@@H](Cc2c[nH]c3ccccc23)NC(=O)[C@H](Cc4ccncc4)NC(=O)[C@H](Cc5ccccc5)NC(=O)[C@H](CCCNC(=N)N)NC(=O)[C@@H](CCCCNC(=O)[C@H](Cc6ccccc6)NC1=O)NC[C@H](CCCCNC(=O)CSC[C@@H]7C[C@H]8[C@@H](Cc9c[nH]c%10cccc8c9%10)N(C)C7)NC(=O)CSC[C@@H]%11C[C@H]%12[C@@H](Cc%13c[nH]c%14cccc%12c%13%14)N(C)C%11,CHEMBL3647686,Ki,9.89
17103,Cc1cc(C)cc(c1)c2cnc3cc(Cl)c(cc3c2OCC[C@H]4CCCCN4)c5ccc(Cl)nc5,CHEMBL1766093,Ki,9.89
17114,Cc1cc(C)cc(c1)c2cnc3cc(Cl)c(cc3c2OCC[C@H]4CCCCN4)c5cccnc5,CHEMBL1766089,Ki,9.89
17125,Cn1cc(cn1)c2cc3c(OCC[C@H]4CCCCN4)c(cnc3cc2Cl)c5cccc(CO)c5,CHEMBL1766104,Ki,9.89
17136,OCc1cccc(c1)c2ccc3ncc(c(OCC[C@H]4CCCCN4)c3c2)c5cccc(CO)c5,CHEMBL1766105,Ki,9.89
17146,C[C@@H](O)[C@@H]1NC(=O)[C@H](CCCCN)NC(=O)[C@@H](Cc2c[nH]c3ccccc23)NC(=O)[C@H](Cc4ccncc4)NC(=O)[C@H](Cc5ccccc5)NC(=O)[C@H](CCCNC(=N)N)NC(=O)[C@@H](CCCCNC(=O)[C@H](Cc6ccccc6)NC1=O)NC[C@H](Cc7ccc(O)cc7)NC(=O)CSC[C@@H]8C[C@H]9[C@@H](Cc%10c[nH]c%11cccc9c%10%11)N(C)C8,CHEMBL3647676,Ki,9.92
17156,Cc1cc(C)cc(c1)c2cnc3cc(Cl)c(cc3c2OCC[C@H]4CCCCN4)c5ccc(F)nc5,CHEMBL1766094,Ki,9.92
17167,Cc1cc(C)cc(c1)c2cnc3cc(Cl)c(cc3c2OCC[C@H]4CCCCN4)c5ccncc5,CHEMBL1766095,Ki,9.96
17178,Cc1cc(C)cc(c1)c2cnc3cc(Cl)c(cc3c2OCC[C@H]4CCCCN4)c5ccc(CO)cc5,CHEMBL1766098,Ki,10.0
17188,C[C@@H](O)[C@@H]1NC(=O)[C@H](CCCCN)NC(=O)[C@@H](Cc2c[nH]c3ccccc23)NC(=O)[C@H](Cc4ccncc4)NC(=O)[C@H](Cc5ccccc5)NC(=O)[C@H](CCCNC(=N)N)NC(=O)[C@@H](CCCCNC(=O)[C@H](Cc6ccccc6)NC1=O)NCCSC[C@@H]7C[C@H]8[C@@H](Cc9c[nH]c%10cccc8c9%10)N(C)C7,CHEMBL3647698,Ki,10.05
17197,C[C@@H](O)[C@@H]1NC(=O)[C@H](CCCCN)NC(=O)[C@@H](Cc2c[nH]c3ccccc23)NC(=O)[C@H](Cc4ccncc4)NC(=O)[C@H](Cc5ccccc5)NC(=O)[C@H](CCCNC(=N)N)NC(=O)[C@@H](CCCCNC(=O)[C@H](Cc6ccc(O)cc6)NC1=O)NCCSC[C@@H]7C[C@H]8[C@@H](Cc9c[nH]c%10cccc8c9%10)N(C)C7,CHEMBL3647684,Ki,10.1
17206,C[C@@H](O)[C@@H]1NC(=O)[C@H](CCCCN)NC(=O)[C@@H](Cc2c[nH]c3ccccc23)NC(=O)[C@H](Cc4ccncc4)NC(=O)[C@H](Cc5ccccc5)NC(=O)[C@H](CCCNC(=N)N)NC(=O)[C@@H](CCCCNC(=O)[C@H](Cc6ccccc6)NC1=O)NC(=O)CSC[C@@H]7C[C@H]8[C@@H](Cc9c[nH]c%10cccc8c9%10)N(C)C7,CHEMBL3647699,Ki,10.1
17215,C[C@@H](O)[C@@H]1NC(=O)[C@H](CCCCN)NC(=O)[C@@H](Cc2c[nH]c3ccccc23)NC(=O)[C@H](Cc4ccncc4)NC(=O)[C@H](Cc5ccccc5)NC(=O)[C@H](CCCNC(=N)N)NC(=O)[C@@H](CCCCNC(=O)[C@H](Cc6ccccc6)NC1=O)NC[C@H](CCCCNC(=O)C[S+]([O-])C[C@@H]7C[C@H]8[C@@H](Cc9c[nH]c%10cccc8c9%10)N(C)C7)NC(=O)C[S+]([O-])C[C@@H]%11C[C@H]%12[C@@H](Cc%13c[nH]c%14cccc%12c%13%14)N(C)C%11,CHEMBL3647693,Ki,10.1
17225,Cc1cc(C)cc(c1)c2cnc3cc(Cl)c(cc3c2OCCCN)c4cccc(c4)C(=O)N,CHEMBL1766102,Ki,10.1
17236,Cc1cc(C)cc(c1)c2cnc3cc(Cl)c(cc3c2OCC[C@H]4CCCCN4)c5ccc(O)cc5,CHEMBL1766096,Ki,10.1
17247,Cc1cc(C)cc(c1)C2=C(OCCC3CCCCN3)c4cc(c(Cl)cc4NC2)c5ccc(Cl)cc5,CHEMBL1766109,Ki,10.21
17257,C[C@@H](O)[C@@H]1NC(=O)[C@H](CCCCN)NC(=O)[C@@H](Cc2c[nH]c3ccccc23)NC(=O)[C@H](Cc4ccccc4)NC(=O)[C@H](Cc5ccccc5)NC(=O)[C@H](CCCNC(=N)N)NC(=O)[C@@H](CCCCNC(=O)[C@H](Cc6ccc(F)cc6)NC1=O)NCC[S+]([O-])C[C@@H]7C[C@H]8[C@@H](Cc9c[nH]c%10cccc8c9%10)N(C)C7,CHEMBL3647690,Ki,10.3
17266,C[C@@H](O)[C@@H]1NC(=O)[C@H](CCCCN)NC(=O)[C@@H](Cc2c[nH]c3ccccc23)NC(=O)[C@H](Cc4ccncc4)NC(=O)[C@H](Cc5ccccc5)NC(=O)[C@H](CCCNC(=N)N)NC(=O)[C@@H](CCCCNC(=O)[C@H](Cc6ccc(O)cc6)NC1=O)NC(=O)CSC[C@@H]7C[C@H]8[C@@H](Cc9c[nH]c%10cccc8c9%10)N(C)C7,CHEMBL3647700,Ki,10.3
17275,C[C@@H](O)[C@@H]1NC(=O)[C@H](CCCCN)NC(=O)[C@@H](Cc2c[nH]c3ccccc23)NC(=O)[C@H](Cc4ccccc4)NC(=O)[C@H](Cc5ccccc5)NC(=O)[C@H](CCCNC(=N)N)NC(=O)[C@@H](CCCCNC(=O)[C@H](Cc6ccc(F)cc6)NC1=O)NCCC[C@@H]7C[C@H]8[C@@H](Cc9c[nH]c%10cccc8c9%10)N(C)C7,CHEMBL3647673,Ki,10.4
17284,C[C@@H](O)[C@@H]1NC(=O)[C@H](CCCCN)NC(=O)[C@@H](Cc2c[nH]c3ccccc23)NC(=O)[C@H](Cc4ccccc4)NC(=O)[C@H](Cc5ccccc5)NC(=O)[C@H](CCCNC(=N)N)NC(=O)[C@@H](CCCCNC(=O)[C@H](Cc6ccc(F)cc6)NC1=O)NC[C@@H](Cc7ccc(O)cc7)NCCCN(C[C@@H]8C[C@H]9[C@@H](Cc%10c[nH]c%11cccc9c%10%11)N(C)C8)C(=O)C,CHEMBL3647704,Ki,10.4
17293,C[C@@H](O)[C@@H]1NC(=O)[C@H](CCCCN)NC(=O)[C@@H](Cc2c[nH]c3ccccc23)NC(=O)[C@H](Cc4ccccc4)NC(=O)[C@H](Cc5ccccc5)NC(=O)[C@H](CCCNC(=N)N)NC(=O)[C@@H](CCCCNC(=O)[C@H](Cc6ccc(F)cc6)NC1=O)NC[C@H](Cc7ccc(O)cc7)NC(=O)C[S+]([O-])C[C@@H]8C[C@H]9[C@@H](Cc%10c[nH]c%11cccc9c%10%11)N(C)C8,CHEMBL3647689,Ki,10.4
17302,C[C@@H](O)[C@@H]1NC(=O)[C@H](CCCCN)NC(=O)[C@@H](Cc2c[nH]c3ccccc23)NC(=O)[C@H](Cc4ccncc4)NC(=O)[C@H](Cc5ccccc5)NC(=O)[C@H](CCCNC(=N)N)NC(=O)[C@@H](CCCCNC(=O)[C@H](Cc6ccc(O)cc6)NC1=O)NC[C@H](CCCCNC(=O)C[S+]([O-])C[C@@H]7C[C@H]8[C@@H](Cc9c[nH]c%10cccc8c9%10)N(C)C7)NC(=O)C[S+]([O-])C[C@@H]%11C[C@H]%12[C@@H](Cc%13c[nH]c%14cccc%12c%13%14)N(C)C%11,CHEMBL3647692,Ki,10.4
17312,Cc1cc(C)cc(c1)c2cnc3cc(Cl)c(cc3c2OCC[C@H]4CCCCN4)c5ccc(cc5)C(=O)N,CHEMBL1766099,Ki,10.42
17323,Cc1cc(C)cc(c1)c2cnc3cc(Cl)c(cc3c2OCC[C@H]4CCCCN4)c5cccc(O)c5,CHEMBL1766097,Ki,10.43
17333,CSCC[C@H](NC(=O)[C@H](C)NC(=O)[C@@H]1CCCN1C(=O)[C@H](CC(=O)N)NC(=O)[C@H](CO)NC(=O)[C@H](CC(=O)N)NC(=O)[C@H](C)NC(=O)[C@@H](N)CO)C(=O)N[C@@H](C)C(=O)N2CCC[C@H]2C(=O)N[C@@H](CCCNC(=N)N)C(=O)N[C@@H](CCC(=O)O)C(=O)N[C@@H](CCCNC(=N)N)C(=O)N[C@@H](CCCCN)C(=O)N[C@@H](C)C(=O)NCC(=O)N[C@H]3CSSC[C@H](NC(=O)[C@H](CO)NC(=O)[C@@H](NC(=O)[C@H](Cc4ccccc4)NC(=O)[C@@H](NC(=O)[C@H](CCCCN)NC(=O)[C@@H](NC(=O)[C@H](Cc5ccccc5)NC(=O)[C@H](Cc6ccccc6)NC(=O)[C@H](CC(=O)N)NC(=O)[C@@H](CCCCN)NC3=O)[C@@H](C)O)[C@@H](C)O)[C@@H](C)O)C(=O)O,CHEMBL3781796,Ki,10.52
17344,Cc1cc(C)cc(c1)c2cnc3cc(Cl)c(cc3c2OCCCN)c4cccc(O)c4,CHEMBL1766103,Ki,10.6
17355,Cc1cc(C)cc(c1)c2cnc3cc(Cl)c(cc3c2OCC[C@H]4CCCCN4)c5cnn(C)c5,CHEMBL1766100,Ki,10.6
17365,C[C@@H](O)[C@@H]1NC(=O)[C@H](CCCCN)NC(=O)[C@@H](Cc2c[nH]c3ccccc23)NC(=O)[C@H](Cc4ccncc4)NC(=O)[C@H](Cc5ccccc5)NC(=O)[C@H](CCCNC(=N)N)NC(=O)[C@@H](CCCCNC(=O)[C@H](Cc6ccc(O)cc6)NC1=O)NCCS(=O)(=O)C[C@@H]7C[C@H]8[C@@H](Cc9c[nH]c%10cccc8c9%10)N(C)C7,CHEMBL3647695,Ki,10.7
17374,C[C@@H](O)[C@@H]1NC(=O)[C@H](CCCCN)NC(=O)[C@@H](Cc2c[nH]c3ccccc23)NC(=O)[C@H](Cc4ccncc4)NC(=O)[C@H](Cc5ccccc5)NC(=O)[C@H](CCCNC(=N)N)NC(=O)[C@@H](CCCCNC(=O)[C@H](Cc6ccccc6)NC1=O)NC[C@H](Cc7ccc(O)cc7)NC(=O)CS(=O)(=O)C[C@@H]8C[C@H]9[C@@H](Cc%10c[nH]c%11cccc9c%10%11)N(C)C8,CHEMBL3647696,Ki,10.7
17383,C[C@@H](O)[C@@H]1NC(=O)[C@H](CCCCN)NC(=O)[C@@H](Cc2c[nH]c3ccccc23)NC(=O)[C@H](Cc4ccncc4)NC(=O)[C@H](Cc5ccccc5)NC(=O)[C@H](CCCNC(=N)N)NC(=O)[C@@H](CCCCNC(=O)[C@H](Cc6ccccc6)NC1=O)NC[C@H](Cc7ccc(O)cc7)NC(=O)C[S+]([O-])C[C@@H]8C[C@H]9[C@@H](Cc%10c[nH]c%11cccc9c%10%11)N(C)C8,CHEMBL3647691,Ki,10.7
17393,C[C@H]([C@@H](NC(=O)N1CCC(CC1)n2c(O)nc3ccccc23)C(=O)N[C@@H](CCCCN)C(=O)OC(C)(C)C)c4c[nH]c5ccccc45,CHEMBL99895,Ki,11.0
