id,smiles,name,assay_type,activity_value
5985300,CC(C)(NC(=O)c1cc2ccccc2s1)C(=O)N[C@@H](Cc3ccccc3)C(=O)NCCOCCOCCN,CHEMBL236659,Ki,7.0
2053813,CC(O)[C@H](NC(=O)C)C(=O)N[C@H](Cc1cn(C=O)c2ccccc12)C(=O)N[C@@H](Cc3ccccc3)C(=O)N(C)Cc4ccccc4,CHEMBL297776,IC50,7.0
5985314,CCN(CC)CCCNC(=O)C(Cc1ccccc1)NC(=O)C2(CCCCC2)NC(=O)c3cc4ccccc4s3,CHEMBL236873,Ki,7.0
5985325,CCN(CC)CCNC(=O)C(Cc1ccccc1)NC(=O)C2(CCCCC2)NC(=O)c3cc4ccccc4s3,CHEMBL237081,Ki,7.0
2064131,CN([C@@H]1CCN(C[C@H]1c2ccc(F)cc2)C3CCS(=O)(=O)CC3)C(=O)N(C)c4cc(cc(c4)C(F)(F)F)C(F)(F)F,CHEMBL3651890,IC50,7.0
5985337,CN1CCN(CCCNC(=O)[C@H](Cc2ccccc2)NC(=O)C3(CCCCC3)NC(=O)c4cc5ccccc5s4)CC1,CHEMBL237082,Ki,7.0
5985348,CO\N=C(/CO\C=C\c1cc(cc(c1)C(F)(F)F)C(F)(F)F)\C(CCN2CCC(O)(CC2)c3ccccc3)c4ccc(Cl)c(Cl)c4,CHEMBL286589,Ki,7.0
5985359,NCCCCCCCNC(=O)C(Cc1ccccc1)NC(=O)C2(CCCCC2)NC(=O)c3cc4ccccc4s3,CHEMBL428906,Ki,7.0
5985370,O=C(NCCCN1CCOCC1)[C@@H](Cc2ccccc2)NC(=O)C3(CCc4ccccc34)NC(=O)c5cc6ccccc6s5,CHEMBL394419,Ki,7.0
5985381,O=C(NCCN1CCOCC1)C(Cc2ccccc2)NC(=O)C3(CCCCC3)NC(=O)c4cc5ccccc5s4,CHEMBL237516,Ki,7.0
5985392,O=C(N[C@H](Cc1ccccc1)C(=O)NCCCN2CCOCC2)Nc3ccc(OCc4ccccc4)cc3,CHEMBL183414,Ki,7.0
5985403,CCOC(=O)Oc1c(OC)cc(cc1OC)C(=O)N2CCC(CCN3CCC(CC3)(C(=O)N)c4ccccc4)(C2)c5ccc(Cl)c(Cl)c5,CHEMBL176860,IC50,7.02
2051208,CO\N=C(/COCc1cc(cc(c1)C(F)(F)F)C(F)(F)F)\C(CCN2CCN(CC(=O)N3CCC(C3)N(C)C)CC2)c4ccc(Cl)c(Cl)c4,CHEMBL312528,Ki,7.02
5985415,O=C(NCCCN1CCOCC1)[C@@H](Cc2ccccc2)NC(=O)C3(CC3)NC(=O)c4cc5ccccc5s4,CHEMBL242848,Ki,7.02
2046046,CO\N=C(/COCc1cc(cc(c1)C(F)(F)F)C(F)(F)F)\C(CCN2CCC(CN3CCCC(Cc4ccccc4)C3=O)CC2)c5ccc(Cl)c(Cl)c5,CHEMBL145314,Ki,7.04
5985428,[O-][N+](=O)c1ccc(cc1)C(=O)NC2(CCCC2)C(=O)N[C@H](Cc3ccccc3)C(=O)NCCCN4CCOCC4,CHEMBL397704,Ki,7.04
5985439,CN(Cc1ccccc1)C(=O)[C@]2(C[C@H]2CN3CCC(CC3)(NC(=O)C)c4ccccc4)c5ccc(Cl)c(Cl)c5,CHEMBL1682624,Ki,7.06
5985454,CN(C(=O)C)C1(CCN(CCC[C@@]2(CCCN(C2)C(=O)c3ccccc3)c4ccc(Cl)c(Cl)c4)CC1)c5ccccc5,CHEMBL346178,Ki,7.07
5985465,CC[C@@H](NC(=O)c1c(OCCO)c(nc2ccccc12)c3ccccc3)c4ccccc4,CHEMBL429615,Ki,7.09
5985476,CN(Cc1ccccc1)C(=O)[C@H](Cc2ccccc2)NC(=O)[C@@H](Cc3cn(C)c4ccccc34)NC(=O)C[C@@H]5NC(=O)[C@@H]6C7CCC(CC7)N6C5=O,CHEMBL3144353,IC50,7.1
5985487,Clc1ccc(cc1Cl)[C@@]2(CCN3CC(C3)N4CCOCC4)CCC(=O)N(CC5CC5)C2,CHEMBL360721,IC50,7.1
2064615,CN([C@@H]1CN(C[C@H]1c2ccc(F)cc2)C(=O)N3CCN(CC3)S(=O)(=O)C)C(=O)N(C)c4cc(cc(c4)C(F)(F)F)C(F)(F)F,CHEMBL3651896,IC50,7.11
5985499,CN(C)S(=O)(=O)N1CCN(C[C@@H]2C[C@@]2(C(=O)N(C)Cc3ccc(F)cc3)c4ccc(Cl)c(Cl)c4)CC1,CHEMBL1682680,Ki,7.13
2047685,COc1ccccc1CC(=O)N2CCC(CCN3CCC(CC3)(C(=O)N)c4ccccc4)(C2)c5ccc(Cl)c(Cl)c5,CHEMBL172915,IC50,7.13
5985511,Fc1ccc(NC(=O)NC2(CCCC2)C(=O)N[C@H](Cc3ccccc3)C(=O)NCCCN4CCOCC4)cc1F,CHEMBL243726,Ki,7.14
5985522,CC(C)C[C@@H](NC(=O)[C@H](Cc1ccccc1)NC(=O)C2(CCCCC2)NC(=O)c3cc4ccccc4s3)C(=O)N,CHEMBL238181,Ki,7.15
2055992,CN(C(=O)c1cc(cc(c1)C(F)(F)F)C(F)(F)F)c2cc(ccc2c3ccc(Cl)cc3)C(=O)N[C@@H]4CCCCNC4=O,CHEMBL2113740,IC50,7.16
2052953,CO\N=C(/COCc1cc(cc(c1)C(F)(F)F)C(F)(F)F)\C(CCN2CCC(CC2)C(=O)N)c3ccc(Cl)c(Cl)c3,CHEMBL356796,Ki,7.17
2050272,CO\N=C(/COCc1cc(cc(c1)C(F)(F)F)C(F)(F)F)\C(CCN2CCC(CC2)N3CCC(C3)OC(=O)NC(C)C)c4ccc(Cl)c(Cl)c4,CHEMBL147924,Ki,7.17
2063237,COc1c(cc2ccccc2c1C(=O)N(C)C[C@@H](CCN3CCC(CC3)c4ccccc4[S+](C)[O-])c5ccc(Cl)c(Cl)c5)C#N,CHEMBL129321,Ki,7.17
5985541,CN(CC(CCN1CCC(CCNC(=O)C)CC1)c2ccc(Cl)c(Cl)c2)C(=O)c3ccccc3,CHEMBL58331,Ki,7.18
2059160,CN([C@H](Cc1ccc(Cl)cc1)\C=C\C(=O)NC2(CCCCC2)C(=O)N)C(=O)c3cc(cc(c3)C(F)(F)F)C(F)(F)F,CHEMBL105600,IC50,7.18
5985554,CN(Cc1ccccc1)C(=O)[C@H](Cc2ccccc2)NC(=O)[C@@H](Cc3c[nH]c4ccccc34)NC(=O)C[C@@H]5NC(=O)[C@@H]6C7CCC(CC7)N6C5=O,CHEMBL3144352,IC50,7.19
5985565,CC(C)c1ccc(Oc2ccc(NC(=O)N[C@@H](Cc3ccccc3)C(=O)NCCCN4CCOCC4)cc2)cc1,CHEMBL441115,Ki,7.2
5985576,O=C(NCCN1CCCCC1)C(Cc2ccccc2)NC(=O)C3(CCCCC3)NC(=O)c4cc5ccccc5s4,CHEMBL429631,Ki,7.2
2058992,CN([C@H](Cc1ccc2ccccc2c1)\C=C\C(=O)N[C@@H]3CCCCNC3=O)C(=O)c4cc(cc(c4)C(F)(F)F)C(F)(F)F,CHEMBL103979,IC50,7.22
2064544,CN([C@@H]1CN(C[C@H]1c2ccc(F)cc2)C(=O)NC3CCOCC3)C(=O)N(C)c4cc(cc(c4)C(F)(F)F)C(F)(F)F,CHEMBL3651895,IC50,7.23
2053879,CO\N=C(/COCc1cc(cc(c1)C(F)(F)F)C(F)(F)F)\C(CCN2CCC(CC2)C(=O)N3CCCC3)c4ccc(Cl)c(Cl)c4,CHEMBL342572,Ki,7.23
2051458,CO\N=C(/COCc1cc(cc(c1)C(F)(F)F)C(F)(F)F)\C(CCN2CCC(CN3CCCC(CC=C)C3=O)CC2)c4ccc(Cl)c(Cl)c4,CHEMBL144011,Ki,7.24
2050596,NC(=O)CO\N=C(/COCc1cc(cc(c1)C(F)(F)F)C(F)(F)F)\C(CCN2CCC(O)(CC2)c3ccccc3)c4ccc(Cl)c(Cl)c4,CHEMBL168584,Ki,7.24
2060272,CN(C(Cc1ccc(Cl)cc1)\C=C\C(=O)NC2CCCCNC2=O)C(=O)c3cc(cc(c3)C(F)(F)F)C(F)(F)F,CHEMBL35857,IC50,7.26
2053566,CN(N(CCC(=O)N[C@@H]1CCCCNC1=O)Cc2ccc3ccccc3c2)C(=O)c4cc(cc(c4)C(F)(F)F)C(F)(F)F,CHEMBL104348,IC50,7.26
2046732,COc1cc(CC(=O)N2CCC(CCN3CCC(CC3)(C(=O)N)c4ccccc4)(C2)c5ccc(Cl)c(Cl)c5)cc(OC)c1OC,CHEMBL172676,IC50,7.26
2048585,CO\N=C(/CNC(=O)c1ccccc1OC)\C(CCN2CCC(O)(CC2)c3ccccc3)c4ccc(Cl)c(Cl)c4,CHEMBL286640,Ki,7.27
2049681,COc1cccc(OC)c1C(=O)N2CCC(CCN3CCC(CC3)(C(=O)N)c4ccccc4)(C2)c5ccc(Cl)c(Cl)c5,CHEMBL368159,IC50,7.27
2050040,CO\N=C(/COCc1cc(cc(c1)C(F)(F)F)C(F)(F)F)\C(CCN2CCC(CN3CCCCC3CO)CC2)c4ccc(Cl)c(Cl)c4,CHEMBL356268,Ki,7.28
2047747,CO\N=C(/COCc1cc(cc(c1)C(F)(F)F)C(F)(F)F)\C(CCN2CCN(CC(=O)N3CCCCC3CO)CC2)c4ccc(Cl)c(Cl)c4,CHEMBL265499,Ki,7.28
5985608,CC(C)[C@H](NC(=O)c1c(CN(C)C)c(nc2ccccc12)c3ccccc3)c4ccccc4,CHEMBL295059,Ki,7.29
2055703,CN(C(=O)c1cc(cc(c1)C(F)(F)F)C(F)(F)F)c2cc(ccc2c3ccc(Cl)cc3)C(=O)NC4CCCCC4,CHEMBL63785,IC50,7.29
5985621,CC(C)(C)c1ccc(Oc2ccc(NC(=O)N[C@@H](Cc3ccccc3)C(=O)NCCCN4CCOCC4)cc2)cc1,CHEMBL180539,Ki,7.3
5985632,CC(C)C[C@@H](NC(=O)[C@@H](Cc1ccccc1)NC(=O)C2(CCCCC2)NC(=O)c3cc4ccccc4s3)C(=O)N,CHEMBL238392,Ki,7.3
2061137,CN(C\C(=N/OCCN1CCNCC1)\C(CCN2CCC(CC2)N3CCCCC3=O)c4ccc(Cl)c(Cl)c4)C(=O)c5cc(Cl)cc(Cl)c5,CHEMBL167546,Ki,7.3
5985645,CN1CCCC1CCCNC(=O)C(Cc2ccccc2)NC(=O)C3(CCCCC3)NC(=O)c4cc5ccccc5s4,CHEMBL237517,Ki,7.3
5985656,COC(=O)N(NC(=O)c1c(CN2CCN(CC2)C(C)(C)C)c(nc3c(F)cccc13)c4ccccc4)c5ccccc5,CHEMBL221445,IC50,7.3
2053395,COCCO\N=C(/COCc1cc(cc(c1)C(F)(F)F)C(F)(F)F)\C(CCN2CCC(O)(CC2)c3ccccc3)c4ccc(Cl)c(Cl)c4,CHEMBL168437,Ki,7.3
5985669,Clc1ccc(cc1Cl)C2(CCCN3CCC4(CC3)CN(NC4=O)c5ccccc5)CCCN(C2)C(=O)c6ccccc6,CHEMBL26951,IC50,7.3
5985680,NCCOCCOCCNC(=O)[C@H](Cc1ccccc1)NC(=O)C2(CCCC2)NC(=O)c3cc4ccccc4s3,CHEMBL398982,Ki,7.3
2052174,CN([C@H](Cc1ccc(Cl)cc1)\C=C\C(=O)NCCN2CCCCC2)C(=O)c3cc(cc(c3)C(F)(F)F)C(F)(F)F,CHEMBL195222,IC50,7.31
2056750,COCCNC(=O)CO\N=C(/CN(C)C(=O)c1cc(Cl)cc(Cl)c1)\C(CCN2CCC(CC2)N3CCCCC3=O)c4ccc(Cl)c(Cl)c4,CHEMBL263214,Ki,7.32
2052618,CO\N=C(/COCc1cc(cc(c1)C(F)(F)F)C(F)(F)F)\C(CCN2CCN(CC(=O)N3CCC(C3)NC(=O)C)CC2)c4ccc(Cl)c(Cl)c4,CHEMBL306097,Ki,7.32
5985697,CN(CC(CCN1CCC(CCO)CC1)c2ccc(Cl)c(Cl)c2)C(=O)c3ccccc3,CHEMBL292415,Ki,7.33
2048239,CO\N=C(/COCc1cc(cc(c1)C(F)(F)F)C(F)(F)F)\C(CCN2CCC(CN3CCCC(O)C3)CC2)c4ccc(Cl)c(Cl)c4,CHEMBL148282,Ki,7.33
2048468,CN(Cc1ccccc1)C(=O)[C@H](Cc2ccccc2)NC(=O)[C@@H](Cc3cn(C(=O)OCCCCCCN)c4ccccc34)NC(=O)C[C@@H]5NC(=O)[C@@H]6C7CCC(CC7)N6C5=O,CHEMBL3144210,IC50,7.34
2049899,CN(Cc1ccccc1)C(=O)[C@H](Cc2ccccc2)NC(=O)[C@@H](Cc3cn(C(=O)CCCCCCN)c4ccccc34)NC(=O)C[C@@H]5NC(=O)[C@@H]6C7CCC(CC7)N6C5=O,CHEMBL3144209,IC50,7.35
2049550,CNC(=O)CO\N=C(/COCc1cc(cc(c1)C(F)(F)F)C(F)(F)F)\C(CCN2CCC(O)(CC2)c3ccccc3)c4ccc(Cl)c(Cl)c4,CHEMBL354892,Ki,7.35
5985716,COc1c(ccc2ccccc12)C(=O)NC3(CCCC3)C(=O)N[C@H](CCCN4CCN(CC5CCOCC5)CC4)Cc6ccccc6,CHEMBL1683154,Ki,7.35
2060040,CN(C(=O)c1cc(cc(c1)C(F)(F)F)C(F)(F)F)c2cc(ccc2c3ccc(Cl)c(Cl)c3)C(=O)N[C@@H]4CCCCNC4=O,CHEMBL2112212,IC50,7.37
5985729,CO\N=C(/COCc1ccccn1)\C(CCN2CCC(O)(CC2)c3ccccc3)c4ccc(Cl)c(Cl)c4,CHEMBL34460,Ki,7.37
2046742,COc1cc(cc(OC)c1OC(C)C)C(=O)N2CCC(CCN3CCC(CC3)(C(=O)N)c4ccccc4)(C2)c5ccc(Cl)c(Cl)c5,CHEMBL369174,IC50,7.37
2064438,COC(=O)N[C@@H]1CC[C@H](CC1)C(=O)N2C[C@H]([C@@H](C2)c3ccc(F)cc3)N(C)C(=O)N(C)c4cc(cc(c4)C(F)(F)F)C(F)(F)F,CHEMBL3651893,IC50,7.38
2047577,COCO\N=C(/COCc1cc(cc(c1)C(F)(F)F)C(F)(F)F)\C(CCN2CCC(O)(CC2)c3ccccc3)c4ccc(Cl)c(Cl)c4,CHEMBL170727,Ki,7.38
5985744,CO\N=C(/COCc1cc(F)cc(F)c1)\C(CCN2CCC(O)(CC2)c3ccccc3)c4ccc(Cl)c(Cl)c4,CHEMBL33833,Ki,7.38
5985755,CCN(CC)CCCNC(=O)[C@H](Cc1ccccc1)NC(=O)C2(CCCCC2)NC(=O)c3cc4ccccc4s3,CHEMBL428905,Ki,7.4
5985766,CN(CC(CCN1CCC(CCOC(=O)C)CC1)c2ccc(Cl)c(Cl)c2)C(=O)c3ccccc3,CHEMBL57589,Ki,7.4
5985777,CO\N=C(/COCc1ccccc1)\C(CCN2CCC(O)(CC2)c3ccccc3)c4ccc(Cl)c(Cl)c4,CHEMBL32215,Ki,7.4
2047520,CO\N=C(/COCc1cc(cc(c1)C(F)(F)F)C(F)(F)F)\C(CCN2CCC(CN3CCCC(CO)C3)CC2)c4ccc(Cl)c(Cl)c4,CHEMBL144887,Ki,7.41
2051197,CO\N=C(/COCc1cc(cc(c1)C(F)(F)F)C(F)(F)F)\C(CCN2CCC(CN3CCOCC3)CC2)c4ccc(Cl)c(Cl)c4,CHEMBL144010,Ki,7.41
2051480,CO\N=C(/COCc1cc(cc(c1)C(F)(F)F)C(F)(F)F)\C(CCN2CCN(CC(=O)N3CCCC(O)C3)CC2)c4ccc(Cl)c(Cl)c4,CHEMBL74918,Ki,7.42
5985794,CO\N=C(/COCc1ccc(cc1)c2ccccc2)\C(CCN3CCC(O)(CC3)c4ccccc4)c5ccc(Cl)c(Cl)c5,CHEMBL33479,Ki,7.42
2053371,CCc1c(cc2ccccc2c1C(=O)N(C)C[C@@H](CCN3CCC(CC3)c4ccccc4[S+](C)[O-])c5ccc(Cl)c(Cl)c5)C#N,CHEMBL149326,Ki,7.43
2062417,CNC(=O)C1(CCN(CC[C@H](CN(C)C(=O)c2c(OC)c(cc3ccccc23)C#N)c4ccc(Cl)c(Cl)c4)CC1)N5CCCCC5=O,CHEMBL339051,Ki,7.46
2048748,CO\N=C(/COC(=O)Nc1cc(cc(c1)C(F)(F)F)C(F)(F)F)\C(CCN2CCC(O)(CC2)c3ccccc3)c4ccc(Cl)c(Cl)c4,CHEMBL32431,Ki,7.46
5985811,COc1ccc(C(=O)N2CCC(CCN3CCC(CC3)(C(=O)N)c4ccccc4)(C2)c5ccc(Cl)c(Cl)c5)c(OC)c1,CHEMBL173420,IC50,7.47
2054976,NC(=O)CNC(COCc1cc(cc(c1)C(F)(F)F)C(F)(F)F)C(CCN2CCC(O)(CC2)c3ccccc3)c4ccc(Cl)c(Cl)c4,CHEMBL407749,Ki,7.47
2052685,NC(=O)CN[C@@H](COCc1cc(cc(c1)C(F)(F)F)C(F)(F)F)[C@H](CCN2CCC(O)(CC2)c3ccccc3)c4ccc(Cl)c(Cl)c4,CHEMBL405129,Ki,7.47
5985825,CC(O)C1CCN(CCC(CN(C)C(=O)c2ccccc2)c3ccc(Cl)c(Cl)c3)CC1,CHEMBL56274,Ki,7.48
2050532,CO\N=C(/COCc1cc(cc(c1)C(F)(F)F)C(F)(F)F)\C(CCN2CCC(CN3CCCC(C3)OC(=O)NC(C)C)CC2)c4ccc(Cl)c(Cl)c4,CHEMBL130354,Ki,7.48
2049670,CO\N=C(/COCc1cc(cc(c1)C(F)(F)F)C(F)(F)F)\C(CCN2CCN(CC(=O)N3CCC3)CC2)c4ccc(Cl)c(Cl)c4,CHEMBL306121,Ki,7.48
5985840,C[C@H](NC(=O)c1c(CN2CCC(N)CC2)c(nc3ccccc13)c4ccccc4)C5CCCCC5,CHEMBL432301,Ki,7.48
5985851,CC(C)N(CCNC(=O)C(Cc1ccccc1)NC(=O)C2(CCCCC2)NC(=O)c3cc4ccccc4s3)C(C)C,CHEMBL400209,Ki,7.5
5985862,CCCCN(CCCC)CCCNC(=O)[C@@H](Cc1ccccc1)NC(=O)C2(CCc3ccccc23)NC(=O)c4cc5ccccc5s4,CHEMBL235574,Ki,7.5
5985873,O=C(N(CCCN1CCOCC1)CCc2c[nH]c3ccccc23)c4ccccc4C(=O)N(CCCN5CCOCC5)CCc6c[nH]c7ccccc67,CHEMBL319154,Ki,7.5
2049824,CO\N=C(/COCc1cc(cc(c1)C(F)(F)F)C(F)(F)F)\C(CCN2CCN(CC(=O)N3CC(O)C3)CC2)c4ccc(Cl)c(Cl)c4,CHEMBL76704,Ki,7.51
2050827,CO\N=C(/COCc1cc(cc(c1)C(F)(F)F)C(F)(F)F)\C(CCN2CCN(CC(=O)N3CCC(O)C3)CC2)c4ccc(Cl)c(Cl)c4,CHEMBL75018,Ki,7.52
2052630,COc1cc(cc(OC)c1OC)C(=O)Nc2cc(ccc2c3ccc(Cl)cc3)C(=O)NC4CCCCC4,CHEMBL62341,IC50,7.52
5985890,Clc1c(sc2ccccc12)C(=O)NC3(CCCC3)C(=O)N[C@H](Cc4ccccc4)C(=O)NCCCN5CCOCC5,CHEMBL394543,Ki,7.52
2050684,CCOC(=O)C1CCCN(CC2CCN(CCC(\C(=N\OC)\COCc3cc(cc(c3)C(F)(F)F)C(F)(F)F)c4ccc(Cl)c(Cl)c4)CC2)C1,CHEMBL144249,Ki,7.55
2059138,CN(C(=O)c1cc(cc(c1)C(F)(F)F)C(F)(F)F)c2cc(ccc2c3ccc(F)cc3)C(=O)N[C@@H]4CCCCNC4=O,CHEMBL2113739,IC50,7.55
2047423,CO\N=C(/COCc1cc(OC)c(OC)c(OC)c1)\C(CCN2CCC(O)(CC2)c3ccccc3)c4ccc(Cl)c(Cl)c4,CHEMBL284269,Ki,7.55
2050283,CO\N=C(/COCc1cc(cc(c1)C(F)(F)F)C(F)(F)F)\C(CCN2CCN(CC(=O)N3CCOCC3)CC2)c4ccc(Cl)c(Cl)c4,CHEMBL312573,Ki,7.55
2046556,Cc1cc(C)cc(c1)C(=O)N2CCN([C@@H](C2)c3ccc(Cl)c(Cl)c3)C(=O)CNC4CCN(CC4)C(=O)[C@H](N)Cc5c[nH]c6ccccc56,CHEMBL108364,Ki,7.55
5985948,Ic1ccc(NC(=S)NC2(CCCC2)C(=O)N[C@H](Cc3ccccc3)C(=O)NCCCN4CCOCC4)cc1,CHEMBL243933,Ki,7.55
5985959,CCCCc1ccc(nc1)C(=O)NC2(CCCC2)C(=O)N[C@@H](Cc3ccccc3)C(=O)NCC4CCN(CC5CCOCC5)CC4,CHEMBL1683150,Ki,7.57
2047173,CN(Cc1ccccc1)C(=O)[C@H](Cc2c[nH]c3ccccc23)NC(=O)N4CCC5(CC4)CCc6ccccc56,CHEMBL73618,IC50,7.57
2049398,CO\N=C(/COCc1cc(cc(c1)C(F)(F)F)C(F)(F)F)\C(CCN2CCC(CN3CCCC(C3)C(=O)N)CC2)c4ccc(Cl)c(Cl)c4,CHEMBL357853,Ki,7.57
2053325,COc1cc(OC)cc(c1)C(=O)N2CCN(C(C2)c3ccc(Cl)c(Cl)c3)C(=O)CNC4CCN(Cc5ccccc5)CC4,CHEMBL319474,Ki,7.57
2049996,CN([C@H](Cc1cc(Br)c(Br)s1)\C=C\C(=O)N[C@@H]2CCCCNC2=O)C(=O)c3cc(cc(c3)C(F)(F)F)C(F)(F)F,CHEMBL102376,IC50,7.59
2051186,CO\N=C(/COCc1cc(cc(c1)C(F)(F)F)C(F)(F)F)\C(CCN2CCC(CN3CCCC(CC4CC4)C3=O)CC2)c5ccc(Cl)c(Cl)c5,CHEMBL122643,Ki,7.59
2048348,CO\N=C(/COCc1cc(cc(c1)C(F)(F)F)C(F)(F)F)\C(CCN2CCC(CN3CCCCC3)CC2)c4ccc(Cl)c(Cl)c4,CHEMBL341843,Ki,7.59
2049572,CO\N=C(/COCc1cc(cc(c1)C(F)(F)F)C(F)(F)F)\C(CCN2CCN(CC(=O)N3CCC[C@H]3C(=O)N)CC2)c4ccc(Cl)c(Cl)c4,CHEMBL78070,Ki,7.59
5985984,O=C(NCCCN1CCOCC1)[C@@H](Cc2ccccc2)NC(=O)C3(CCCC3)NC(=O)c4ccc5ncccc5c4,CHEMBL230326,Ki,7.59
5985995,CC(=O)N[C@@H](CC(=O)N[C@@H]1O[C@H](CO)[C@@H](O)[C@H](O)[C@H]1NC(=O)C)C(=O)N[C@@H]2CC(=O)N[C@@H](Cc3c[nH]c4ccccc34)C(=O)N[C@@H](Cc5ccccc5)C(=O)N[C@H](Cc6ccccc6)CNC2=O,CHEMBL375214,Ki,7.6
2057686,CN(C\C(=N/OCCCn1cccn1)\C(CCN2CCC(CC2)N3CCCCC3=O)c4ccc(Cl)c(Cl)c4)C(=O)c5cc(Cl)cc(Cl)c5,CHEMBL352364,Ki,7.6
5986008,CO\N=C(/COC(=O)c1cc(cc(c1)C(F)(F)F)C(F)(F)F)\C(CCN2CCC(O)(CC2)c3ccccc3)c4ccc(Cl)c(Cl)c4,CHEMBL33198,Ki,7.6
5986019,O=C(NCCCN1CCOCC1)[C@H](Cc2ccccc2)NC(=O)C3(CCCCC3)NC(=O)c4cc5ccccc5s4,CHEMBL437777,Ki,7.6
5986030,CCCC[C@H](NC(=O)[C@@H]1CCCN1C(=O)[C@@H]2CCCN2C(=O)[C@H](Cc3ccccc3)NC(=O)[C@H](Cc4c[nH]c5ccccc45)NC(=O)[C@H](C)NC(=O)[C@H](CCCC(N)\C(=N\c6ccc7c(c6)C(=O)OC78c9ccc(O)cc9Oc%10cc(O)ccc8%10)\S)NC(=O)c%11ccccc%11)C(=O)N,CHEMBL413205,Ki,7.61
5986041,CN(C(=O)c1cc2ccccc2s1)C3(CCCC3)C(=O)N[C@H](Cc4ccccc4)C(=O)NCCCN5CCOCC5,CHEMBL243071,Ki,7.61
2048206,CN(C)\N=C(/COCc1cc(cc(c1)C(F)(F)F)C(F)(F)F)\C(CCN2CCC(O)(CC2)c3ccccc3)c4ccc(Cl)c(Cl)c4,CHEMBL354822,Ki,7.62
2061159,CN([C@H](Cc1ccc(Cl)cc1)\C=C\C(=O)N[C@@H]2CCCCNC2=O)C(=O)c3cc(cc(c3)C(F)(F)F)C(F)(F)F,CHEMBL104954,IC50,7.62
2061170,CN([C@H](Cc1cn(C)c2ccccc12)\C=C\C(=O)N[C@@H]3CCCCNC3=O)C(=O)c4cc(cc(c4)C(F)(F)F)C(F)(F)F,CHEMBL317632,IC50,7.62
2051491,CO\N=C(/COCc1cc(cc(c1)C(F)(F)F)C(F)(F)F)\C(CCN2CCN(CC(=O)N3CC[C@@H](CO)C3)CC2)c4ccc(Cl)c(Cl)c4,CHEMBL75367,Ki,7.62
2051262,CSN1CC2(CCN(CC2)C(=O)N[C@@H](Cc3c[nH]c4ccccc34)C(=O)N(C)Cc5ccccc5)c6ccccc16,CHEMBL306065,IC50,7.62
2057261,CN(C\C(=N/OCC(C)(C)O)\C(CCN1CCC(CC1)N2CCCCC2=O)c3ccc(Cl)c(Cl)c3)C(=O)c4cc(Cl)cc(Cl)c4,CHEMBL353162,Ki,7.64
2050816,CO\N=C(/COCc1cc(cc(c1)C(F)(F)F)C(F)(F)F)\C(CCN2CCC(CC2)N3CCCC3=S)c4ccc(Cl)c(Cl)c4,CHEMBL356105,Ki,7.64
2050029,CO\N=C(/COCc1cc(cc(c1)C(F)(F)F)C(F)(F)F)\C(CCN2CCC(CN3CCCCC3=S)CC2)c4ccc(Cl)c(Cl)c4,CHEMBL144057,Ki,7.64
5986068,CC[C@H](NC(=O)c1c(CN2CCNCC2)c(nc3ccccc13)c4ccccc4)c5ccccc5,CHEMBL47408,Ki,7.65
2047946,CO\N=C(/CN(C)Cc1cc(cc(c1)C(F)(F)F)C(F)(F)F)\C(CCN2CCC(O)(CC2)c3ccccc3)c4ccc(Cl)c(Cl)c4,CHEMBL287523,Ki,7.66
2049757,Fc1cc(F)cc(c1)C(=O)N2CCN(C(C2)c3ccc(Cl)c(Cl)c3)C(=O)CNC4CCN(Cc5ccccc5)CC4,CHEMBL107407,Ki,7.66
5986083,OC1(C[S+]([O-])c2ccccc2)CCN(CCc3c[nH]c4ccc(F)cc34)CC1,CHEMBL60064,IC50,7.66
5986094,CC(C)(NC(=O)c1cc2ccccc2s1)C(=O)N[C@H](Cc3ccccc3)C(=O)NCCCN4CCOCC4,CHEMBL242847,Ki,7.68
2052964,CO\N=C(/COCc1cc(cc(c1)C(F)(F)F)C(F)(F)F)\C(CCN2CCC(CN3CCCC3=O)CC2)c4ccc(Cl)c(Cl)c4,CHEMBL343447,Ki,7.68
2049409,CO\N=C(/COCc1cc(cc(c1)C(F)(F)F)C(F)(F)F)\C(CCN2CCC(O)(CC2)c3ccccc3)c4ccc(Cl)c(Cl)c4,CHEMBL309087,Ki,7.68
2051219,CO\N=C(/COCc1cc(cc(c1)C(F)(F)F)C(F)(F)F)\C(CCN2CCN(CC(=O)N3CCCC3)CC2)c4ccc(Cl)c(Cl)c4,CHEMBL310703,Ki,7.68
2046068,CO\N=C(/COCc1ccc(F)c2ccccc12)\C(CCN3CCC(O)(CC3)c4ccccc4)c5ccc(Cl)c(Cl)c5,CHEMBL285929,Ki,7.68
5986113,CO\N=C(/COCc1ccc2sc(C)nc2c1)\C(CCN3CCC(O)(CC3)c4ccccc4)c5ccc(Cl)c(Cl)c5,CHEMBL33046,Ki,7.68
2049419,CO\N=C(\COCc1cc(cc(c1)C(F)(F)F)C(F)(F)F)/C(CCN2CCC(O)(CC2)c3ccccc3)c4ccc(Cl)c(Cl)c4,CHEMBL287454,Ki,7.68
5986126,CCOC(=O)C1CCCN(C1)C2CCN(CCC(\C(=N\OC)\COCc3cc(cc(c3)C(F)(F)F)C(F)(F)F)c4ccc(Cl)c(Cl)c4)CC2,CHEMBL144223,Ki,7.7
5986137,CO\N=C(/COC\C=C\c1cc(cc(c1)C(F)(F)F)C(F)(F)F)\C(CCN2CCC(O)(CC2)c3ccccc3)c4ccc(Cl)c(Cl)c4,CHEMBL284597,Ki,7.7
5986148,CO\N=C(/COCc1ccc2ccc(nc2c1)C(F)(F)F)\C(CCN3CCC(O)(CC3)c4ccccc4)c5ccc(Cl)c(Cl)c5,CHEMBL34167,Ki,7.7
5986159,Cc1cc(C)cc(c1)C(=O)N2CCN([C@@H](C2)c3ccc(Cl)c(Cl)c3)C(=O)CNC4CCNCC4,CHEMBL106404,Ki,7.7
5986170,FC(F)(F)c1ccc(C[C@@H]2CNC(=O)CCC(=O)N[C@@H](Cc3c[nH]c4ccccc34)C(=O)N[C@@H](Cc5ccccc5)C(=O)N2)cc1,CHEMBL2112675,Ki,7.7
5986181,NCCOCCOCCNC(=O)[C@H](Cc1ccccc1)NC(=O)C2(Cc3ccccc3C2)NC(=O)c4cc5ccccc5s4,CHEMBL236890,Ki,7.7
5986192,O=C(NCCCN1CCCC1)[C@H](Cc2ccccc2)NC(=O)C3(CCCCC3)NC(=O)c4cc5ccccc5s4,CHEMBL237303,Ki,7.7
2050435,CN(N(CCC(=O)N[C@@H]1CCCCNC1=O)Cc2cc(Br)c(Br)s2)C(=O)c3cc(cc(c3)C(F)(F)F)C(F)(F)F,CHEMBL105295,IC50,7.71
2046546,COc1cc(OC)cc(c1)C(=O)N2CCC(CCN3CCC(CC3)(C(=O)N)c4ccccc4)(C2)c5ccc(Cl)c(Cl)c5,CHEMBL176769,IC50,7.72
2050607,N\C(=N\O)\CO\N=C(/COCc1cc(cc(c1)C(F)(F)F)C(F)(F)F)\C(CCN2CCC(O)(CC2)c3ccccc3)c4ccc(Cl)c(Cl)c4,CHEMBL354091,Ki,7.72
2051100,OC1(CCN(CCC(\C(=N\OC#N)\COCc2cc(cc(c2)C(F)(F)F)C(F)(F)F)c3ccc(Cl)c(Cl)c3)CC1)c4ccccc4,CHEMBL355868,Ki,7.72
5986210,CCC(CC)NC(=O)c1c(CN2CCN(CC2)C(C)C)c(nc3ccccc13)c4ccccc4,CHEMBL297086,Ki,7.73
2053781,COc1cc(cc(OC)c1OC)C(=O)N2CCC(CCN3CCC(CC3)(C(=O)N)c4ccccc4)(C2)c5ccc(Cl)c(Cl)c5,CHEMBL82386,IC50,7.73
2046643,CN(Cc1ccccc1)C(=O)[C@H](Cc2c[nH]c3ccccc23)NC(=O)N4CCC5(CC4)C=Cc6ccccc56,CHEMBL305509,IC50,7.75
2048596,CO\N=C(/COCc1cc(OC)cc(OC)c1)\C(CCN2CCC(O)(CC2)c3ccccc3)c4ccc(Cl)c(Cl)c4,CHEMBL284396,Ki,7.75
2060073,CN(C\C(=N/OCCCn1cnnn1)\C(CCN2CCC(CC2)N3CCCCC3=O)c4ccc(Cl)c(Cl)c4)C(=O)c5cc(Cl)cc(Cl)c5,CHEMBL287369,Ki,7.77
2047325,CN(Cc1ccccc1)C(=O)[C@H](Cc2ccccc2)NC(=O)[C@@H](Cc3cn(C=O)c4ccccc34)NC(=O)C[C@@H]5NC(=O)[C@@H]6C7CCC(CC7)N6C5=O,CHEMBL3144343,IC50,7.77
2055097,CN([C@H](Cc1cc(Cl)c(Cl)s1)\C=C\C(=O)N[C@@H]2CCCCNC2=O)C(=O)c3cc(cc(c3)C(F)(F)F)C(F)(F)F,CHEMBL104708,IC50,7.77
5986232,CO\N=C(/COCc1ccc2nonc2c1)\C(CCN3CCC(O)(CC3)c4ccccc4)c5ccc(Cl)c(Cl)c5,CHEMBL290786,Ki,7.77
2054210,FC(F)(F)c1cc(cc(c1)C(F)(F)F)C(=O)N2CCN(C(C2)c3ccc(Cl)c(Cl)c3)C(=O)CNC4CCN(Cc5ccccc5)CC4,CHEMBL321270,Ki,7.77
2054585,COC(=O)CO\N=C(/CN(C)C(=O)c1cc(Cl)cc(Cl)c1)\C(CCN2CCC(CC2)N3CCCCC3=O)c4ccc(Cl)c(Cl)c4,CHEMBL167613,Ki,7.78
2045907,COc1ccccc1C(=O)N2CCC(CCN3CCC(CC3)(C(=O)N)c4ccccc4)(C2)c5ccc(Cl)c(Cl)c5,CHEMBL176682,IC50,7.78
5986248,CCOC1CCN(CC1)C2CN(CC[C@@]3(CCC(=O)N(CC4CC4)C3)c5ccc(Cl)c(Cl)c5)C2,CHEMBL180049,IC50,7.8
5986259,CN(C)S(=O)(=O)N1CCN(CC1)C2CN(CC[C@@]3(CCC(=O)N(CC4CC4)C3)c5ccc(Cl)c(Cl)c5)C2,CHEMBL185007,IC50,7.8
2054899,CO\N=C(/COCc1cc(cc(c1)C(F)(F)F)C(F)(F)F)\C(CCN2CCC(CC2)N3CCC(O)C3)c4ccc(Cl)c(Cl)c4,CHEMBL146882,Ki,7.8
2053417,CO\N=C(/COCc1cc(cc(c1)C(F)(F)F)C(F)(F)F)\C(CCN2CCC(CN3CCCC(CC(O)CO)C3=O)CC2)c4ccc(Cl)c(Cl)c4,CHEMBL126970,Ki,7.8
2049561,CO\N=C(/COCc1cc(cc(c1)C(F)(F)F)C(F)(F)F)\C(CCN2CCC(CNC3(CO)CCCC3)CC2)c4ccc(Cl)c(Cl)c4,CHEMBL147769,Ki,7.8
5986276,Cc1cc(C)cc(c1)C(=O)N2CCN([C@@H](C2)c3ccc(Cl)c(Cl)c3)C(=O)CNC4CCN(CC4)C(=O)[C@H](N)c5ccccc5,CHEMBL107306,Ki,7.8
5986287,Cc1ccc2cc(sc2c1)C(=O)NC3(CCCC3)C(=O)N[C@@H](CCN4CCN(CC5CCOCC5)CC4)Cc6ccccc6,CHEMBL1083862,Ki,7.8
5986298,Fc1ccc(Oc2ccc(NC(=O)N[C@@H](Cc3ccccc3)C(=O)NCCCN4CCOCC4)cc2)cc1,CHEMBL181004,Ki,7.8
5986309,N[C@@H]1CC(=O)NC[C@@H](Cc2ccccc2)NC(=O)[C@H](Cc3ccccc3)NC(=O)[C@H](Cc4c[nH]c5ccccc45)NC1=O,CHEMBL375053,Ki,7.8
2052196,CO\N=C(/COCc1cc(Br)cc(Br)c1)\C(CCN2CCC(O)(CC2)c3ccccc3)c4ccc(Cl)c(Cl)c4,CHEMBL32385,Ki,7.82
2051175,CO\N=C(/COCc1cc(cc(c1)C(F)(F)F)C(F)(F)F)\C(CCN2CCC(CC2)N3CCCCC3CO)c4ccc(Cl)c(Cl)c4,CHEMBL145959,Ki,7.82
5986324,Ic1ccc(cc1)C(=O)NC2(CCCC2)C(=O)N[C@H](Cc3ccccc3)C(=O)NCCCN4CCOCC4,CHEMBL243280,Ki,7.83
5986335,CN(C[C@@H](CCN1CCC(CC1)(NC(=O)c2ccccc2)c3ccccc3)c4ccc(Cl)c(Cl)c4)C(=O)c5ccccc5,CHEMBL412815,IC50,7.85
2051469,CO\N=C(/COCc1cc(cc(c1)C(F)(F)F)C(F)(F)F)\C(CCN2CCC(CN3CCCCC3CCO)CC2)c4ccc(Cl)c(Cl)c4,CHEMBL145302,Ki,7.85
5986348,CO\N=C(/COCc1cccc(C)c1)\C(CCN2CCC(O)(CC2)c3ccccc3)c4ccc(Cl)c(Cl)c4,CHEMBL32477,Ki,7.85
2053138,Clc1cc(Cl)cc(c1)C(=O)N2CCN(C(C2)c3ccc(Cl)c(Cl)c3)C(=O)CNC4CCN(Cc5ccccc5)CC4,CHEMBL109092,Ki,7.85
2055580,Clc1ccc(cc1Cl)C2CN(CCN2C(=O)CNC3CCN(Cc4ccccc4)CC3)C(=O)c5cc(Br)cc(Br)c5,CHEMBL106572,Ki,7.85
5986363,O=C(NCc1ccccc1)[C@H](Cc2c[nH]c3ccccc23)NC(=O)N4CCC5(CC4)CCc6ccccc56,CHEMBL303868,IC50,7.85
2050217,OCCO\N=C(/COCc1cc(cc(c1)C(F)(F)F)C(F)(F)F)\C(CCN2CCC(O)(CC2)c3ccccc3)c4ccc(Cl)c(Cl)c4,CHEMBL169002,Ki,7.85
2046774,COc1cc(cc(OC)c1C)C(=O)N2CCC(CCN3CCC(CC3)(C(=O)N)c4ccccc4)(C2)c5ccc(Cl)c(Cl)c5,CHEMBL367528,IC50,7.87
5986377,OC1(C[S+]([O-])c2ccc3ccccc3c2)CCN(CCc4c[nH]c5ccc(F)cc45)CC1,CHEMBL166675,IC50,7.87
5986388,CCC(O)C1CCN(CCC(CN(C)C(=O)c2ccccc2)c3ccc(Cl)c(Cl)c3)CC1,CHEMBL56739,Ki,7.88
5986399,CO\N=C(/COCC1CCCCC1)\C(CCN2CCC(O)(CC2)c3ccccc3)c4ccc(Cl)c(Cl)c4,CHEMBL32533,Ki,7.89
2051230,CO\N=C(/COCc1cc(cc(c1)C(F)(F)F)C(F)(F)F)\C(CCN2CCN(CC(=O)N3CC[C@H](CO)C3)CC2)c4ccc(Cl)c(Cl)c4,CHEMBL75436,Ki,7.89
5986412,Brc1ccc(NC(=O)NC2(CCCC2)C(=O)N[C@H](Cc3ccccc3)C(=O)NCCCN4CCOCC4)cc1,CHEMBL243502,Ki,7.9
5986423,COc1ccc(C[C@@H]2CNC(=O)CCC(=O)N[C@@H](Cc3c[nH]c4ccccc34)C(=O)N[C@@H](CC5=CC=CCC5)C(=O)N2)cc1,CHEMBL323836,Ki,7.9
5986434,NCCOCCOCCNC(=O)[C@H](Cc1ccccc1)NC(=O)C2(CCCCC2)NC(=O)c3cc4ccccc4s3,CHEMBL236250,Ki,7.9
5986445,NCCOCCOCCNC(=O)[C@H](Cc1ccccc1)NC(=O)C2(CCc3ccccc23)NC(=O)c4cc5ccccc5s4,CHEMBL3143848,Ki,7.9
5986456,OC(=O)CCC(=O)N[C@H]1CC(=O)N[C@@H](Cc2c[nH]c3ccccc23)C(=O)N[C@@H](Cc4ccccc4)C(=O)N[C@H](Cc5ccccc5)CNC1=O,CHEMBL116969,Ki,7.9
2064624,CN([C@@H]1CN(C[C@H]1c2ccc(F)cc2)C(=O)C3CCN(CC3)C(=O)C)C(=O)N(C)c4cc(Cl)cc(Cl)c4,CHEMBL3651891,IC50,7.92
2052207,CO\N=C(/COCc1cc(cc(c1)C(F)(F)F)C(F)(F)F)\C(CCN2CCC(CN3CCCCC3=O)CC2)c4ccc(Cl)c(Cl)c4,CHEMBL343627,Ki,7.92
5986470,CO\N=C(/COCc1ccc2ccccc2c1)\C(CCN3CCC(O)(CC3)c4ccccc4)c5ccc(Cl)c(Cl)c5,CHEMBL32717,Ki,7.92
5986481,COc1cccc(c1)C(=O)N2CCC(CCN3CCC(CC3)(C(=O)N)c4ccccc4)(C2)c5ccc(Cl)c(Cl)c5,CHEMBL173245,IC50,7.92
5986491,COc1ccc(cc1)C(=O)N2CCC(CCN3CCC(CC3)(C(=O)N)c4ccccc4)(C2)c5ccc(Cl)c(Cl)c5,CHEMBL444086,IC50,7.93
2053182,CSCCCO\N=C(/CN(C)C(=O)c1cc(Cl)cc(Cl)c1)\C(CCN2CCC(CC2)N3CCCCC3=O)c4ccc(Cl)c(Cl)c4,CHEMBL166842,Ki,7.94
2053868,CO\N=C(/CN(C)C(=O)Oc1cc(cc(c1)C(F)(F)F)C(F)(F)F)\C(CCN2CCC(O)(CC2)c3ccccc3)c4ccc(Cl)c(Cl)c4,CHEMBL285986,Ki,7.96
2051436,CO\N=C(/COCc1cc(cc(c1)C(F)(F)F)C(F)(F)F)\C(CCN2CCC(CC2)N3CCCC(C3)C(=O)N)c4ccc(Cl)c(Cl)c4,CHEMBL342341,Ki,7.96
2051447,CO\N=C(/COCc1cc(cc(c1)C(F)(F)F)C(F)(F)F)\C(CCN2CCC(CC2)N3CCC[C@H]3C(=O)N)c4ccc(Cl)c(Cl)c4,CHEMBL356508,Ki,7.96
5986509,Clc1ccc(NC(=S)NC2(CCCC2)C(=O)N[C@H](Cc3ccccc3)C(=O)NCCCN4CCOCC4)cc1Cl,CHEMBL231261,Ki,7.96
5986520,CN(C(=O)c1cc2ccccc2s1)C3(CCCCC3)C(=O)N[C@H](Cc4ccccc4)C(=O)NCCCN5CCOCC5,CHEMBL390174,Ki,7.97
5986531,CCCC1CCN(CCC(CN(C)C(=O)c2ccccc2)c3ccc(Cl)c(Cl)c3)CC1,CHEMBL59542,Ki,8.0
5986542,CN(CCc1c[nH]c2ccccc12)C(=O)c3ccccc3C(=O)N(CCCN4CCSCC4)CCc5c[nH]c6ccccc56,CHEMBL100297,Ki,8.0
2045242,CO\N=C(/COCc1cc(F)cc(c1)C(F)(F)F)\C(CCN2CCC(O)(CC2)c3ccccc3)c4ccc(Cl)c(Cl)c4,CHEMBL285476,Ki,8.0
5986555,COc1ccc(CC2CNC(=O)CCC(=O)N[C@@H](Cc3c[nH]c4ccccc34)C(=O)N[C@@H](Cc5ccccc5)C(=O)N2)cc1,CHEMBL263194,Ki,8.0
5986566,FC1CCN(CC1)C2CN(CC[C@@]3(CCC(=O)N(CC4CC4)C3)c5ccc(Cl)c(Cl)c5)C2,CHEMBL359903,IC50,8.0
5986577,O=C1CCC(=O)N[C@@H](Cc2c[nH]c3ccccc23)C(=O)N[C@@H](CC4=CC=CCC4)C(=O)N[C@H](CCc5ccccc5)CN1,CHEMBL116629,Ki,8.0
5986588,O=C1CCC(=O)N[C@@H](Cc2c[nH]c3ccccc23)C(=O)N[C@@H](Cc4ccccc4)C(=O)N[C@H](CCc5ccccc5)CN1,CHEMBL336053,Ki,8.0
5986599,OCC1OC(NC(=O)C[C@@H]2CC(=O)N[C@@H](Cc3c[nH]c4ccccc34)C(=O)N[C@@H](Cc5ccccc5)C(=O)N[C@@H](Cc6ccccc6)CNC2=O)C(O)C(O)C1O,CHEMBL2112924,Ki,8.0
2054530,CN([C@H](Cc1ccc(Cl)c(Cl)c1)\C=C\C(=O)N[C@@H]2CCCCNC2=O)C(=O)c3cc(cc(c3)C(F)(F)F)C(F)(F)F,CHEMBL105060,Ki,8.02
5986612,O=C(NC1(CCCC1)C(=O)N[C@H](Cc2ccccc2)C(=O)NCCCN3CCOCC3)\C=C\c4ccccc4,CHEMBL394531,Ki,8.03
5986623,CC(C)C(C)NC(=O)c1c(CN2CCN(CC2)C(C)C)c(nc3ccccc13)c4ccccc4,CHEMBL296122,Ki,8.04
5986634,CCC(=O)C1CCN(CCC(CN(C)C(=O)c2ccccc2)c3ccc(Cl)c(Cl)c3)CC1,CHEMBL417940,Ki,8.04
5986645,Ic1ccc(NC(=O)NC2(CCCC2)C(=O)N[C@H](Cc3ccccc3)C(=O)NCCCN4CCOCC4)cc1,CHEMBL243725,Ki,8.04
5986656,CN(CC(CCN1CCC(CC1)(NC(=O)C)c2ccccc2)c3ccc(Cl)c(Cl)c3)C(=O)c4ccccc4,CHEMBL56835,IC50,8.05
5986667,CN(CC(CCN1CCC(CC1)n2c(O)nc3ccccc23)c4ccc(Cl)c(Cl)c4)C(=O)c5ccccc5,CHEMBL68440,IC50,8.05
2062095,CN(CC(CCN1CCC(O)(CC1)c2ccccc2)c3ccc(Cl)c(Cl)c3)C(=O)c4ccccc4,CHEMBL71397,IC50,8.05
2054888,CO\N=C(/CN(C)C(=O)c1cc(cc(c1)C(F)(F)F)C(F)(F)F)\C(CCN2CCC(O)(CC2)c3ccccc3)c4ccc(Cl)c(Cl)c4,CHEMBL32309,Ki,8.05
5986682,CO\N=C(/COCc1ccc(C)cc1)\C(CCN2CCC(O)(CC2)c3ccccc3)c4ccc(Cl)c(Cl)c4,CHEMBL32173,Ki,8.05
2060404,CN(C\C(=N/OCCCN)\C(CCN1CCC(CC1)N2CCCCC2=O)c3ccc(Cl)c(Cl)c3)C(=O)c4cc(Cl)cc(Cl)c4,CHEMBL167606,Ki,8.06
2056717,CN(C\C(=N/OCc1c[nH]cn1)\C(CCN2CCC(CC2)N3CCCCC3=O)c4ccc(Cl)c(Cl)c4)C(=O)c5cc(Cl)cc(Cl)c5,CHEMBL353027,Ki,8.07
5986697,OCC(CO)NCCCNC(=O)[C@@H](Cc1ccccc1)NC(=O)C2(CCCC2)NC(=O)c3cc4ccccc4s3,CHEMBL437164,Ki,8.07
5986708,CCCC[C@H](NC(=O)[C@H](CC(C)C)NC(=O)CNC(=O)[C@@H](NC(=O)[C@H](Cc1ccccc1)NC(=O)[C@H](CO)NC(=O)[C@H](CC(=O)O)Nc2ccc(c3nonc23)[N+](=O)[O-])C(C)C)C(=O)N,CHEMBL3360200,Ki,8.08
5986719,CN(CC(CCN1CCCC(CC1)n2c(O)nc3ccccc23)c4ccc(Cl)c(Cl)c4)C(=O)c5ccccc5,CHEMBL74127,IC50,8.08
2055636,COc1cc(cc(OC)c1OC)C(=O)N2CC[C@@](CCN3CCC(CC3)(C(=O)N)c4ccccc4)(C2)c5ccc(Cl)c(Cl)c5,CHEMBL330366,IC50,8.08
2055646,COc1cc(cc(OC)c1OC)C(=O)N2CC[C@](CCN3CCC(CC3)(C(=O)N)c4ccccc4)(C2)c5ccc(Cl)c(Cl)c5,CHEMBL372587,IC50,8.08
5986733,COc1cc2ccccc2cc1C(=O)NC3(CCCC3)C(=O)N[C@H](CCCN4CCN(CC5CCOCC5)CC4)Cc6ccccc6,CHEMBL1683153,Ki,8.08
2047726,FC(F)(F)c1cc(cc(c1)C(F)(F)F)C(=O)N2CCN([C@@H](C2)c3ccc(Cl)c(Cl)c3)C(=O)CNC4CCN(Cc5ccccc5)CC4,CHEMBL109053,Ki,8.08
5986746,CN(CC(CCN1CCC(CC1)n2cnc3ccccc23)c4ccc(Cl)c(Cl)c4)C(=O)c5ccccc5,CHEMBL305236,IC50,8.09
5986757,CC(=O)NC1C(O)C(O)C(CO)OC1NC(=O)C[C@@H]2CC(=O)N[C@@H](Cc3c[nH]c4ccccc34)C(=O)N[C@H](Cc5ccccc5)C(=O)N[C@H](Cc6ccccc6)CNC2=O,CHEMBL161288,Ki,8.1
5986768,CC1CCCCN1CCCNC(=O)[C@H](Cc2ccccc2)NC(=O)C3(CCCCC3)NC(=O)c4cc5ccccc5s4,CHEMBL394648,Ki,8.1
2054353,CO\N=C(/CN(C)C(=O)Nc1cc(cc(c1)C(F)(F)F)C(F)(F)F)\C(CCN2CCC(O)(CC2)c3ccccc3)c4ccc(Cl)c(Cl)c4,CHEMBL32430,Ki,8.1
2054364,CO\N=C(/CN(C)C(=O)c1cc(OC)c(Br)c(OC)c1)\C(CCN2CCC(O)(CC2)c3ccccc3)c4ccc(Cl)c(Cl)c4,CHEMBL285422,Ki,8.1
2048759,CO\N=C(/COCc1cc(C)cc(C)c1)\C(CCN2CCC(O)(CC2)c3ccccc3)c4ccc(Cl)c(Cl)c4,CHEMBL33302,Ki,8.1
5986785,CS(=O)(=O)N1CCN(CC1)C2CN(CC[C@@]3(CCC(=O)N(CC4CC4)C3)c5ccc(Cl)c(Cl)c5)C2,CHEMBL185452,IC50,8.1
5986796,FC1(F)CCC(CN2C[C@](CCN3CC(C3)N4CCOCC4)(CCC2=O)c5ccc(Cl)c(Cl)c5)CC1,CHEMBL359655,IC50,8.1
5986807,Fc1ccc2[nH]cc(CCN3CCC4(CC3)CN(Cc5ccccc5)C(=O)O4)c2c1,CHEMBL124208,Ki,8.1
5986818,NCCCC(=O)N[C@H]1CC(=O)N[C@@H](Cc2c[nH]c3ccccc23)C(=O)N[C@@H](Cc4ccccc4)C(=O)N[C@H](Cc5ccccc5)CNC1=O,CHEMBL324532,Ki,8.1
5986829,O=C1CCC(=O)N[C@@H](Cc2c[nH]c3ccccc23)C(=O)N[C@@H](Cc4ccccc4)C(=O)N[C@H](Cc5ccc6ccccc6c5)CN1,CHEMBL116564,Ki,8.1
5986840,O=C1C[C@@H](NC2CCOCC2)C(=O)N[C@@H](Cc3c[nH]c4ccccc34)C(=O)N[C@@H](Cc5ccccc5)C(=O)N[C@H](Cc6ccccc6)CN1,CHEMBL225393,Ki,8.1
5986851,CN(CC(CCN1CC(C1)N2CCOCC2)c3ccc(Cl)c(Cl)c3)C(=O)c4ccccc4,CHEMBL71647,IC50,8.11
5986862,CN(CC(CCN1CCC(CC1)C(C)(C)O)c2ccc(Cl)c(Cl)c2)C(=O)c3ccccc3,CHEMBL301437,Ki,8.11
5986873,CN(CC(CCN1CCC(CC1)n2ccnc2)c3ccc(Cl)c(Cl)c3)C(=O)c4ccccc4,CHEMBL68917,IC50,8.11
5986884,CN(CC(CCN1CCC(C1)n2c(O)nc3ccccc23)c4ccc(Cl)c(Cl)c4)C(=O)c5ccccc5,CHEMBL71226,IC50,8.13
5986895,Clc1ccc(cc1Cl)C2(CCN3CC(C3)N4CCOCC4)CCN(C2)C(=O)c5ccccc5,CHEMBL69889,IC50,8.13
5986906,CN(CC(CCN1CCC(CC1)c2nc3ccccc3[nH]2)c4ccc(Cl)c(Cl)c4)C(=O)c5ccccc5,CHEMBL304807,IC50,8.14
5986917,Clc1ccc(cc1Cl)C2(CCN3CC(C3)N4CCOCC4)CN(C2)C(=O)c5ccccc5,CHEMBL71644,IC50,8.14
5986928,CN(CC(CCN1CCCC(C1)n2c(O)nc3ccccc23)c4ccc(Cl)c(Cl)c4)C(=O)c5ccccc5,CHEMBL71394,IC50,8.15
2064606,CN([C@@H]1CCN(C[C@H]1c2ccc(Cl)c(Cl)c2)C(=O)C3CCN(CC3)C(=O)C)C(=O)N(C)c4cc(cc(c4)C(F)(F)F)C(F)(F)F,CHEMBL3651887,IC50,8.15
2064633,CN([C@H]1CN(C[C@@H]1c2ccc(F)cc2)C(=O)C3CCN(CC3)C(=O)C)C(=O)N(C)c4cc(cc(c4)C(F)(F)F)C(F)(F)F,CHEMBL3651897,IC50,8.15
5986941,NC(=O)C1(CCN(CCC2(CCN(C2)C(=O)c3ccccc3)c4ccc(Cl)c(Cl)c4)CC1)c5ccccc5,CHEMBL362394,IC50,8.15
2051806,CO\N=C(/CN(C)C(=O)c1ccc(N(C)C)c2ccccc12)\C(CCN3CCC(O)(CC3)c4ccccc4)c5ccc(Cl)c(Cl)c5,CHEMBL160210,Ki,8.16
5986953,CO\N=C(/COCC12CC3CC(CC(C3)C1)C2)\C(CCN4CCC(O)(CC4)c5ccccc5)c6ccc(Cl)c(Cl)c6,CHEMBL32201,Ki,8.16
2052607,CO\N=C(/COCc1cc(cc(c1)C(F)(F)F)C(F)(F)F)\C(CCN2CCC(CC2)N3CCCC3=O)c4ccc(Cl)c(Cl)c4,CHEMBL147824,Ki,8.16
2050062,CO\N=C(/COCc1cc(cc(c1)C(F)(F)F)C(F)(F)F)\[C@H](CCN2CCC(O)(CC2)c3ccccc3)c4ccc(Cl)c(Cl)c4,CHEMBL72930,Ki,8.16
5986968,COc1c(C)cc(cc1C)C(=O)N2CCC(CCN3CCC(CC3)(C(=O)N)c4ccccc4)(C2)c5ccc(Cl)c(Cl)c5,CHEMBL176951,IC50,8.16
2048770,Cc1cc(C)cc(c1)C(=O)N2CCN([C@@H](C2)c3ccc(Cl)c(Cl)c3)C(=O)CNC4CCN(CC4)C(=O)[C@H](N)Cc5ccc(O)cc5,CHEMBL320486,Ki,8.16
2063969,FC(F)(F)c1cc(CO[C@H]2OCCN(CC3=NNC(=O)N3)[C@H]2c4ccccc4)cc(c1)C(F)(F)F,CHEMBL52330,IC50,8.16
5986982,CN(CC(CCN1CC(C1)n2ccnc2)c3ccc(Cl)c(Cl)c3)C(=O)c4ccccc4,CHEMBL71704,IC50,8.17
5986993,CN(CC(CCN1CCC(CC1)n2cncn2)c3ccc(Cl)c(Cl)c3)C(=O)c4ccccc4,CHEMBL305191,IC50,8.17
5987004,CN(CC(CCN1CCC(O)(CC1)c2ccccc2)c3ccc(Cl)c(Cl)c3)C(=O)c4cccc(c4)C5(N=N5)C(F)(F)F,CHEMBL348599,IC50,8.17
2057884,CN(C\C(=N/OCCCn1ccnc1)\C(CCN2CCC(CC2)N3CCCCC3=O)c4ccc(Cl)c(Cl)c4)C(=O)c5cc(Cl)cc(Cl)c5,CHEMBL354196,Ki,8.17
5987016,Clc1ccc(cc1Cl)C2(CCN3CC(C3)N4CCOCC4)CCN(C2)S(=O)(=O)c5ccccc5,CHEMBL70157,IC50,8.17
5987026,CCCC[C@H](NC(=O)[C@@H]1CCCN1C(=O)[C@@H]2CCCN2C(=O)[C@H](Cc3ccccc3)NC(=O)[C@H](Cc4c[nH]c5ccccc45)NC(=O)[C@H](C)NC(=O)[C@@H](NC(=O)c6ccccc6)C(N)c7ccc(c8nonc78)[N+](=O)[O-])C(=O)N,CHEMBL275499,Ki,8.18
5987037,CN(CC(CCN1CCC(O)(CC1)c2ncc[nH]2)c3ccc(Cl)c(Cl)c3)C(=O)c4ccccc4,CHEMBL307338,IC50,8.18
5987048,CC\C(=N/OC)\C1CCN(CCC(CN(C)C(=O)c2ccccc2)c3ccc(Cl)c(Cl)c3)CC1,CHEMBL58638,Ki,8.19
5987059,CN(CC(CCN1CCC(O)CC1)c2ccc(Cl)c(Cl)c2)C(=O)c3ccccc3,CHEMBL69065,IC50,8.19
5987070,COc1ccccc1C(=O)N2CCC(CCN3CC(C3)N4CCOCC4)(C2)c5ccc(Cl)c(Cl)c5,CHEMBL308901,IC50,8.19
5987081,Clc1ccc(cc1Cl)C2(CCCN3CCC(CC3)N4C(=O)Nc5ccccc45)CCC(=O)N(Cc6ccccc6)C2,CHEMBL26790,IC50,8.19
5987092,CC(=O)NC1C(O)C(O)C(CO)OC1NC(=O)C[C@H]2CC(=O)N[C@@H](Cc3c[nH]c4ccccc34)C(=O)N[C@H](Cc5ccccc5)C(=O)N[C@H](Cc6ccccc6)CNC2=O,CHEMBL350596,Ki,8.2
5987103,CCCCN(CCCC)CCCNC(=O)[C@H](Cc1ccccc1)NC(=O)C2(CCCCC2)NC(=O)c3cc4ccccc4s3,CHEMBL397576,Ki,8.2
5987114,CN(C)CCNC(=O)C[C@@H]1CC(=O)N[C@@H](Cc2c[nH]c3ccccc23)C(=O)N[C@H](Cc4ccccc4)C(=O)N[C@H](Cc5ccccc5)CNC1=O,CHEMBL346285,Ki,8.2
5987125,CN(CC(CCN1CCCCC1)c2ccc(Cl)c(Cl)c2)C(=O)c3ccccc3,CHEMBL71918,IC50,8.2
5987136,Clc1ccc(cc1Cl)C2(CCN3CC(C3)N4CCOCC4)CCN(C2)C(=O)CC5CC5,CHEMBL71784,IC50,8.2
5987147,NC1CCN(CC1)C2CN(CC[C@@]3(CCC(=O)N(CC4CC4)C3)c5ccc(Cl)c(Cl)c5)C2,CHEMBL367348,IC50,8.2
5987158,O=C(NCCCN1CCCC1)[C@@H](Cc2ccccc2)NC(=O)C3(CCc4ccccc34)NC(=O)c5cc6ccccc6s5,CHEMBL394418,Ki,8.2
5987169,O=C1C[C@H](NC2CCOCC2)C(=O)N[C@@H](Cc3c[nH]c4ccccc34)C(=O)N[C@@H](Cc5ccccc5)C(=O)N[C@H](Cc6ccccc6)CN1,CHEMBL438839,Ki,8.2
5987180,O[C@@H]1C[C@@](O)(C[C@@H](O)[C@H]1O)C(=O)N[C@H]2CC(=O)N[C@@H](Cc3c[nH]c4ccccc34)C(=O)N[C@@H](Cc5ccccc5)C(=O)N[C@H](Cc6ccccc6)CNC2=O,CHEMBL432986,Ki,8.2
5987191,CN(C)C(=O)NC1(CCN(CC[C@]2(CN(CCO2)C(=O)c3ccccc3)c4ccc(F)c(F)c4)CC1)c5ccccc5,CHEMBL354422,IC50,8.22
2052596,CO\N=C(/CN(C)C(=O)c1cc(C)nc(C)c1)\C(CCN2CCC(O)(CC2)c3ccccc3)c4ccc(Cl)c(Cl)c4,CHEMBL33215,Ki,8.22
2056996,CO\N=C(/CN(C)C(=O)c1cc(C)nc(c1)c2cccs2)\C(CCN3CCC(O)(CC3)c4ccccc4)c5ccc(Cl)c(Cl)c5,CHEMBL286646,Ki,8.22
2049300,CO\N=C(/COCc1cc(Cl)cc(Cl)c1)\C(CCN2CCC(O)(CC2)c3ccccc3)c4ccc(Cl)c(Cl)c4,CHEMBL32279,Ki,8.22
5987208,C[C@H](NC(=O)c1c(CN2CCOCC2)c(nc3ccccc13)c4ccccc4)C5CCCCC5,CHEMBL47179,Ki,8.22
5987218,CSCC[C@H](NC(=O)[C@H](CC(C)C)NC(=O)CNC(=O)[C@@H](NC(=O)[C@H](Cc1ccccc1)NC(=O)[C@H](CO)NC(=O)[C@H](CC(=O)O)NC(=O)[C@@H](NC(=O)[C@H](CCCCN)NC(=O)[C@H](Cc2cnc[nH]2)Nc3ccc(c4nonc34)[N+](=O)[O-])[C@@H](C)O)C(C)C)C(=O)N,CHEMBL3360201,Ki,8.23
4062265,CC[C@H](NC(=O)c1c(CN2CCN(CC2)C(C)C)c(nc3ccccc13)c4ccccc4)c5ccccc5,CHEMBL47713,Ki,8.24
3142141,Nc1nc(N2CCNCC2)c3CCC4=C([C@@H]5CCCC[C@@H]5O4)c3n1,CHEMBL519240,IC50,8.24
2058317,CN(N(CCC(=O)N[C@@H]1CCCCNC1=O)Cc2ccc(Cl)c(Cl)c2)C(=O)c3cc(cc(c3)C(F)(F)F)C(F)(F)F,CHEMBL318606,IC50,8.26
5987235,O=C(NCCCN1CCOCC1)[C@@H](Cc2ccccc2)NC(=O)C3(CC=CC3)NC(=O)c4cc5ccccc5s4,CHEMBL397702,Ki,8.26
2055892,CN(C\C(=N/OCCn1ccnc1)\C(CCN2CCC(CC2)N3CCCCC3=O)c4ccc(Cl)c(Cl)c4)C(=O)c5cc(Cl)cc(Cl)c5,CHEMBL168144,Ki,8.27
2056422,CCN(C\C(=N/OC)\[C@H](CCN1CCC(CC1)N2C(=O)N(CC(=O)O)c3ccccc23)c4ccc(Cl)c(Cl)c4)C(=O)c5cc(Cl)cc(Cl)c5,CHEMBL307877,Ki,8.28
2057675,CN(C\C(=N/OC(F)F)\C(CCN1CCC(CC1)N2CCCCC2=O)c3ccc(Cl)c(Cl)c3)C(=O)c4cc(Cl)cc(Cl)c4,CHEMBL2112941,Ki,8.3
5987252,NC1CCN(CC1)[C@@H]2CC(=O)N[C@@H](Cc3c[nH]c4ccccc34)C(=O)N[C@@H](Cc5ccccc5)C(=O)N[C@H](Cc6ccccc6)CNC2=O,CHEMBL389432,Ki,8.3
5987263,O=C(C[C@H]1CC(=O)N[C@@H](Cc2c[nH]c3ccccc23)C(=O)N[C@H](Cc4ccccc4)C(=O)N[C@H](Cc5ccccc5)CNC1=O)N6CCC(CC6)N7CCCCC7,CHEMBL159585,Ki,8.3
5987274,O=C(N[C@H]1CCCCN(Cc2ccccc2)C(=O)[C@H](Cc3ccccc3)NC(=O)[C@H](Cc4c[nH]c5ccccc45)NC1=O)OCc6ccccc6,CHEMBL113765,Ki,8.3
2055481,CO\N=C(/CN(CCF)C(=O)c1cc(Cl)cc(Cl)c1)\[C@H](CCN2CCC(CC2)n3c(O)nc4ccccc34)c5ccc(Cl)c(Cl)c5,CHEMBL308983,Ki,8.31
2057544,Cc1cc(C)cc(c1)C(=O)N2CCN(C(C2)c3ccc(Cl)c(Cl)c3)C(=O)CNC4CCN(Cc5ccccc5)CC4,CHEMBL110219,Ki,8.31
5987289,O=C(NCCCN1CCOCC1)[C@@H](Cc2ccccc2)NC(=O)C3(CCCC3)NC(=O)c4oc5ccccc5c4,CHEMBL389525,Ki,8.31
5987300,OCCC(CCO)NCCCNC(=O)[C@@H](Cc1ccccc1)NC(=O)C2(CCCC2)NC(=O)c3cc4ccccc4s3,CHEMBL244766,Ki,8.31
2056411,CCN(C\C(=N/OC)\[C@H](CCN1CCC(CC1)N2C(=O)N(CC(=O)N)c3ccccc23)c4ccc(Cl)c(Cl)c4)C(=O)c5cc(Cl)cc(Cl)c5,CHEMBL76529,Ki,8.32
2060426,CN(C\C(=N/OCCCn1cncn1)\C(CCN2CCC(CC2)N3CCCCC3=O)c4ccc(Cl)c(Cl)c4)C(=O)c5cc(Cl)cc(Cl)c5,CHEMBL165465,Ki,8.32
5987315,CCCC(O)(CCC)C1CCN(CCC(CN(C)C(=O)c2ccccc2)c3ccc(Cl)c(Cl)c3)CC1,CHEMBL56143,Ki,8.33
5987326,O=C(CCCNC(=O)[C@@H](Cc1ccccc1)NC(=O)C2(CCCC2)NC(=O)c3cc4ccccc4s3)N5CCC(CC5)N6CCOCC6,CHEMBL242624,Ki,8.33
5987337,CCCCc1ccc(cc1)C(=O)NC2(CCCC2)C(=O)N[C@@H](Cc3ccccc3)C(=O)NCC4CCN(CC5CCOCC5)CC4,CHEMBL1683149,Ki,8.34
5987348,CC[C@H](NC(=O)c1c(CN2CCC(CC2)N3CCCCC3)c(nc4ccccc14)c5ccccc5)c6ccccc6,CHEMBL47544,Ki,8.34
2058768,CN(C\C(=N/OCCCNS(=O)(=O)C)\C(CCN1CCC(CC1)N2CCCCC2=O)c3ccc(Cl)c(Cl)c3)C(=O)c4cc(Cl)cc(Cl)c4,CHEMBL166975,Ki,8.35
5987361,CC(C)N1CCN(Cc2c(nc3ccccc3c2C(=O)NC4CCCCC4)c5ccccc5)CC1,CHEMBL45362,Ki,8.38
2058757,CN(C\C(=N/OCC(=O)NO)\C(CCN1CCC(CC1)N2CCCCC2=O)c3ccc(Cl)c(Cl)c3)C(=O)c4cc(Cl)cc(Cl)c4,CHEMBL167994,Ki,8.38
5987374,CSc1ccc(NC(=O)NC2(CCCC2)C(=O)N[C@H](Cc3ccccc3)C(=O)NCCCN4CCOCC4)cc1,CHEMBL243503,Ki,8.38
2057239,CCN(C\C(=N/OC)\[C@H](CCN1CCC(CC1)N2C(=O)N(CC(=O)NCCOC)c3ccccc23)c4ccc(Cl)c(Cl)c4)C(=O)c5cc(Cl)cc(Cl)c5,CHEMBL75478,Ki,8.39
5987387,COc1c(Br)cc(cc1Br)C(=O)N2CCC(CCN3CCC(CC3)(C(=O)N)c4ccccc4)(C2)c5ccc(Cl)c(Cl)c5,CHEMBL176811,IC50,8.39
2056906,CCN(C\C(=N/OC)\[C@H](CCN1CCC(CC1)N2C(=O)N(CCOC)c3ccccc23)c4ccc(Cl)c(Cl)c4)C(=O)c5cc(Cl)cc(Cl)c5,CHEMBL306124,Ki,8.4
5987399,CN1CCN(CCCNC(=O)[C@@H](Cc2ccccc2)NC(=O)C3(CCCCC3)NC(=O)c4cc5ccccc5s4)CC1,CHEMBL235431,Ki,8.4
2057007,CO\N=C(/CN(C)C(=O)c1cc(Cl)cc(Cl)c1)\C(CCN2CCC(O)(CC2)c3ccccc3)c4ccc(Cl)c(Cl)c4,CHEMBL32163,Ki,8.4
2047086,CO\N=C(/CN(C)C(=O)c1ccccc1OC)\C(CCN2CCC(O)(CC2)c3ccccc3)c4ccc(Cl)c(Cl)c4,CHEMBL418224,Ki,8.4
2053406,CO\N=C(/CN(C)C(=O)c1cncc(Br)c1)\C(CCN2CCC(O)(CC2)c3ccccc3)c4ccc(Cl)c(Cl)c4,CHEMBL32273,Ki,8.4
2050446,CO\N=C(/COCc1cc(cc(c1)C(F)(F)F)C(F)(F)F)\C(CCN2CCC(CC2)N3CCCCC3=O)c4ccc(Cl)c(Cl)c4,CHEMBL144116,Ki,8.4
5987418,CO\N=C(/COCc1ccc(cc1)C(C)(C)C)\C(CCN2CCC(O)(CC2)c3ccccc3)c4ccc(Cl)c(Cl)c4,CHEMBL284145,Ki,8.4
5987429,Clc1cc(ccc1C(=O)NC2(CCCC2)C(=O)N[C@@H](Cc3ccccc3)C(=O)NCC4CCN(CC5CCOCC5)CC4)n6cccc6,CHEMBL1683147,Ki,8.4
5987440,NC(=N)NCC(=O)N[C@H]1CC(=O)N[C@@H](Cc2c[nH]c3ccccc23)C(=O)N[C@@H](Cc4ccccc4)C(=O)N[C@H](Cc5ccccc5)CNC1=O,CHEMBL114068,Ki,8.4
5987451,NS(=O)(=O)N1CCN(CC1)C2CN(CC[C@@]3(CCC(=O)N(CC4CC4)C3)c5ccc(Cl)c(Cl)c5)C2,CHEMBL365613,IC50,8.4
5987462,O=C(Cn1cnnn1)N[C@H]2CC(=O)N[C@@H](Cc3c[nH]c4ccccc34)C(=O)N[C@@H](Cc5ccccc5)C(=O)N[C@H](Cc6ccccc6)NC2=O,CHEMBL116871,Ki,8.4
5987473,O=C(N(CCCN1CCSCC1)CCc2c[nH]c3ccccc23)c4ccccc4C(=O)N(CCCN5CCSCC5)CCc6c[nH]c7ccccc67,CHEMBL100298,Ki,8.4
5987484,O=C(NCCCN1CCCC1)[C@@H](Cc2ccccc2)NC(=O)C3(CCCCC3)NC(=O)c4cc5ccccc5s4,CHEMBL237304,Ki,8.4
5987495,OCC(CO)NC(=O)C1CC(=O)N[C@@H](Cc2c[nH]c3ccccc23)C(=O)N[C@@H](Cc4ccccc4)C(=O)N[C@@H](Cc5ccccc5)CNC1=O,CHEMBL2112926,Ki,8.4
5987506,OC[C@H](O)[C@H](O[C@@H]1O[C@H](CO)[C@H](O)[C@H](O)[C@H]1O)[C@@H](O)[C@H](O)C(=O)NC2CC(=O)N[C@@H](Cc3c[nH]c4ccccc34)C(=O)N[C@@H](Cc5ccccc5)C(=O)N[C@H](Cc6ccccc6)CNC2=O,CHEMBL225264,Ki,8.4
5987517,CC(=O)C1(CCN(CCCC2(CCC(=O)N(Cc3ccccc3)C2)c4ccc(Cl)c(Cl)c4)CC1)c5ccccc5,CHEMBL26860,IC50,8.41
5987528,Cc1cc(NC(=O)NC2(CCCC2)C(=O)N[C@H](Cc3ccccc3)C(=O)NCCCN4CCOCC4)ccc1Br,CHEMBL395774,Ki,8.42
5987539,O=C(NCCCNC1CCOCC1)[C@@H](Cc2ccccc2)NC(=O)C3(CCCC3)NC(=O)c4cc5ccccc5s4,CHEMBL243278,Ki,8.42
5987550,CCCC(O)C1CCN(CCC(CN(C)C(=O)c2ccccc2)c3ccc(Cl)c(Cl)c3)CC1,CHEMBL56788,Ki,8.43
2055692,CCNC(=O)CN1C(=O)N(C2CCN(CC[C@@H](\C(=N\OC)\CN(CC)C(=O)c3cc(Cl)cc(Cl)c3)c4ccc(Cl)c(Cl)c4)CC2)c5ccccc15,CHEMBL430609,Ki,8.44
5987563,CCC(O)(CC)C1CCN(CCC(CN(C)C(=O)c2ccccc2)c3ccc(Cl)c(Cl)c3)CC1,CHEMBL56481,Ki,8.46
5987574,CCCCC(NC(=O)[C@H](CC(C)C)NC(=O)CNC(=O)[C@@H](NC(=O)[C@H](Cc1ccccc1)NC(=O)[C@H](CO)NC(=O)[C@@H](N)CC(=O)O)C(C)C)C(=O)N,CHEMBL3775108,IC50,8.46
2060062,CN(C\C(=N/OCCC[S+](C)[O-])\C(CCN1CCC(CC1)N2CCCCC2=O)c3ccc(Cl)c(Cl)c3)C(=O)c4cc(Cl)cc(Cl)c4,CHEMBL262053,Ki,8.46
2049452,Cc1cc(C)cc(c1)C(=O)N2CCN([C@@H](C2)c3ccc(Cl)c(Cl)c3)C(=O)CNC4CCN(Cc5ccccc5)CC4,CHEMBL320487,Ki,8.47
2045295,Clc1ccc(cc1Cl)C2CN(CCN2C(=O)CNC3CCN(Cc4ccccc4)CC3)C(=O)c5ccccc5,CHEMBL106608,Ki,8.47
5987591,Fc1cc(ccc1C(=O)NC2(CCCC2)C(=O)N[C@@H](Cc3ccccc3)C(=O)NCC4CCN(CC5CCOCC5)CC4)n6cccc6,CHEMBL1683148,Ki,8.49
2059619,CN(C\C(=N/OCCCS(=O)(=O)C)\C(CCN1CCC(CC1)N2CCCCC2=O)c3ccc(Cl)c(Cl)c3)C(=O)c4cc(Cl)cc(Cl)c4,CHEMBL166828,Ki,8.5
5987604,CS(=O)(=O)N1CCN(CC1)[C@@H]2CC(=O)N[C@@H](Cc3c[nH]c4ccccc34)C(=O)N[C@@H](Cc5ccccc5)C(=O)N[C@H](Cc6ccccc6)CNC2=O,CHEMBL387700,Ki,8.5
2049910,Cc1cc(C)cc(c1)C(=O)N2CCN([C@@H](C2)c3ccc(Cl)c(Cl)c3)C(=O)CNC4CCN(CC4)C(=O)[C@@H](N)Cc5ccccc5,CHEMBL106816,Ki,8.5
5987617,FC1(F)CCC(CN2C[C@](CCN3CC(C3)N4CCC(=O)CC4)(CCC2=O)c5ccc(Cl)c(Cl)c5)CC1,CHEMBL367815,IC50,8.5
5987628,Fc1ccc2NCC(C[C@@H]3NC(=O)CCC(=O)NC[C@@H](Cc4ccccc4)NC(=O)[C@H](Cc5ccccc5)NC3=O)c2c1,CHEMBL324313,Ki,8.5
5987640,N[C@H]1CC(=O)NC[C@@H](Cc2ccccc2)NC(=O)[C@H](Cc3ccccc3)NC(=O)[C@H](Cc4c[nH]c5ccccc45)NC1=O,CHEMBL438559,Ki,8.5
5987652,N[C@H]1CC(=O)N[C@@H](Cc2c[nH]c3ccccc23)C(=O)N[C@@H](Cc4ccccc4)C(=O)N[C@H](Cc5ccccc5)CNC1=O,CHEMBL420308,Ki,8.5
5987663,O=C1CCC(=O)N[C@@H](Cc2c[nH]c3ccccc23)C(=O)N[C@@H](Cc4ccccc4)C(=O)N[C@H](Cc5c[nH]c6ccccc56)CN1,CHEMBL323677,Ki,8.5
5987674,OC1CCN(CCCNC(=O)[C@@H](Cc2ccccc2)NC(=O)C3(CCCC3)NC(=O)c4cc5ccccc5s4)CC1,CHEMBL428217,Ki,8.5
2056444,COCCO\N=C(/CN(C)C(=O)c1cc(Cl)cc(Cl)c1)\C(CCN2CCC(CC2)N3CCCCC3=O)c4ccc(Cl)c(Cl)c4,CHEMBL354771,Ki,8.51
2058814,CO\N=C(/CN(CCF)C(=O)c1cc(Cl)cc(Cl)c1)\[C@H](CCN2CCC(CC2)N3C(=O)N(CC(=O)O)c4ccccc34)c5ccc(Cl)c(Cl)c5,CHEMBL312612,Ki,8.51
2056985,CO\N=C(/CN(C)C(=O)c1cc(C)nc(c1)N2CCCC2)\C(CCN3CCC(O)(CC3)c4ccccc4)c5ccc(Cl)c(Cl)c5,CHEMBL33243,Ki,8.52
2051425,CO\N=C(/CN(C)C(=O)c1cc(OC)c(OC)c(OC)c1)\C(CCN2CCC(O)(CC2)c3ccccc3)c4ccc(Cl)c(Cl)c4,CHEMBL36462,Ki,8.52
2045383,Cc1cc(C)cc(c1)C(=O)N2CCN([C@@H](C2)c3ccc(Cl)c(Cl)c3)C(=O)CNC4CCN(Cc5ncc[nH]5)CC4,CHEMBL108350,Ki,8.52
5987695,Clc1cccc2sc(cc12)C(=O)NC3(CCCC3)C(=O)N[C@H](Cc4ccccc4)C(=O)NCCCN5CCOCC5,CHEMBL244363,Ki,8.54
2055981,CCN(C\C(=N/OC)\[C@H](CCN1CCC(CC1)N2C(=O)N(Cc3ccccn3)c4ccccc24)c5ccc(Cl)c(Cl)c5)C(=O)c6cc(Cl)cc(Cl)c6,CHEMBL311712,Ki,8.55
5987708,CCC(=NO)C1CCN(CCC(CN(C)C(=O)c2ccccc2)c3ccc(Cl)c(Cl)c3)CC1,CHEMBL2115072,Ki,8.57
2055316,CN(C\C(=N/OCCCS(=O)(=O)O)\C(CCN1CCC(CC1)N2CCCCC2=O)c3ccc(Cl)c(Cl)c3)C(=O)c4cc(Cl)cc(Cl)c4,CHEMBL166827,Ki,8.57
2056244,CCN(C\C(=N/OC)\[C@H](CCN1CCC(CC1)n2c(O)nc3ccccc23)c4ccc(Cl)c(Cl)c4)C(=O)c5cc(Cl)cc(Cl)c5,CHEMBL306624,Ki,8.59
5987723,CC(=O)NC1C(O)C(O)C(CO)OC1NC(=O)C2CC(=O)N[C@@H](Cc3c[nH]c4ccccc34)C(=O)N[C@H](Cc5ccccc5)C(=O)N[C@H](Cc6ccccc6)CNC2=O,CHEMBL345402,Ki,8.6
5987734,CC(C)C[C@@H]1NC(=O)[C@@H]2CNC(=O)C[C@H](NC(=O)[C@H](CC(=O)N[C@@H]3O[C@H](CO)[C@@H](O)[C@H](CO)[C@H]3NC(=O)C)NC1=O)C(=O)N[C@@H](Cc4c[nH]c5ccccc45)C(=O)N[C@@H](Cc6ccccc6)C(=O)N2,CHEMBL407782,Ki,8.6
2056554,CCN(C\C(=N/OC)\[C@H](CCN1CCC(CC1)N2C(=O)N(CC#N)c3ccccc23)c4ccc(Cl)c(Cl)c4)C(=O)c5cc(Cl)cc(Cl)c5,CHEMBL76093,Ki,8.6
5987747,CN1CCN(CCCNC(=O)[C@@H](Cc2ccccc2)NC(=O)C3(Cc4ccccc4C3)NC(=O)c5cc6ccccc6s5)CC1,CHEMBL237048,Ki,8.6
5987758,COC1(C[S+]([O-])c2ccccc2)CCN(CCc3c[nH]c4ccc(F)cc34)CC1,CHEMBL166161,IC50,8.6
5987769,CO\N=C(/CN(C1CC1)C(=O)c2cc(Cl)cc(Cl)c2)\[C@H](CCN3CCC(CC3)n4c(O)nc5ccccc45)c6ccc(Cl)c(Cl)c6,CHEMBL312141,Ki,8.6
5987780,Clc1ccc(cc1Cl)C2(CCCN3CCC4(CC3)CN(NC4=O)c5ccccc5)CCC(=O)N(Cc6ccccc6)C2,CHEMBL281019,IC50,8.6
5987791,FC1CCN(CC1)C2CN(CC[C@@]3(CCC(=O)N(CCC4CC4)C3)c5ccc(Cl)c(Cl)c5)C2,CHEMBL185133,IC50,8.6
2064163,CN([C@@H]1CN(C[C@H]1c2ccc(F)cc2)C(=O)C3CCN(CC3)C(=O)C(C)(C)O)C(=O)N(C)c4cc(cc(c4)C(F)(F)F)C(F)(F)F,CHEMBL3651894,IC50,8.62
2052426,C[C@@H](O[C@H]1CC[C@@H]2CN(C[C@H]2[C@@H]1c3ccc(F)cc3)C4=CC(=O)CC4)c5cc(cc(c5)C(F)(F)F)C(F)(F)F,CHEMBL447955,Ki,8.62
5987805,C[C@H](NC(=O)c1c(CN2CCNCC2)c(nc3ccccc13)c4ccccc4)C5CCCCC5,CHEMBL47412,Ki,8.62
5987816,Cn1c(cc2ccccc12)C(=O)NC3(CCCC3)C(=O)N[C@H](Cc4ccccc4)C(=O)NCCCN5CCOCC5,CHEMBL230426,Ki,8.62
1265730,COc1ccc(cc1)C(=O)N(C)[C@@H]2CCN(CC2c3ccc(Cl)c(Cl)c3)C(=O)C4CCN(CC4)C(=O)C,CHEMBL3642158,IC50,8.64
5987828,O=C(NCCCN1CCOCC1)[C@@H](Cc2ccccc2)NC(=O)C3(CCCC3)NC(=O)c4cc5ccccc5[nH]4,CHEMBL397263,Ki,8.64
5987839,NC(=O)C1(CCN(CC[C@]2(CCN(C2)C(=O)c3ccccc3)c4ccc(Cl)c(Cl)c4)CC1)c5ccccc5,CHEMBL370013,IC50,8.65
2058070,CN([C@@H]1CN(CC1c2ccc(Cl)c(Cl)c2)C(=O)C3CCC(CC3)C(=O)C)C(=O)c4cc(cc(c4)C(F)(F)F)C(F)(F)F,CHEMBL3642162,IC50,8.66
5987851,CS(=O)(=O)N1CC2(CCN(CCCC3(CCC(=O)N(Cc4ccccc4)C3)c5ccc(Cl)c(Cl)c5)CC2)c6ccccc16,CHEMBL280789,IC50,8.66
5987862,O=C(NCCCN1CCOCC1)[C@@H](Cc2ccccc2)NC(=O)C3(CCCC3)NC(=O)c4ccc5ccccc5c4,CHEMBL397264,Ki,8.67
5987872,CC\C(=N\O)\C1CCN(CCC(CN(C)C(=O)c2ccccc2)c3ccc(Cl)c(Cl)c3)CC1,CHEMBL2111522,Ki,8.68
5987883,O=C(NC1(CCCC1)C(=O)N[C@H](CCCN2CCN(CC3CCOCC3)CC2)Cc4ccccc4)c5cc6ccccc6cn5,CHEMBL1683152,Ki,8.69
5987894,O=C(NCCCN1CCC(CC1)N2CCOCC2)[C@@H](Cc3ccccc3)NC(=O)C4(CCCC4)NC(=O)c5cc6ccccc6s5,CHEMBL231173,Ki,8.69
5987905,CC(=O)N[C@@H](CN[C@@H]1CC(=O)N[C@@H](Cc2c[nH]c3ccccc23)C(=O)N[C@@H](Cc4ccccc4)C(=O)N[C@H](Cc5ccccc5)CNC1=O)[C@@H](O)[C@H](O)[C@H](O)CO,CHEMBL224532,Ki,8.7
5987916,CN(C)CCN(C)C(=O)c1nccnc1C(=O)N[C@@H]2CC(=O)N[C@@H](Cc3c[nH]c4ccccc34)C(=O)N[C@@H](Cc5ccccc5)C(=O)N[C@H](Cc6ccccc6)CNC2=O,CHEMBL316943,Ki,8.7
2059608,CN(C\C(=N/OCC(=O)N)\C(CCN1CCC(CC1)N2CCCCC2=O)c3ccc(Cl)c(Cl)c3)C(=O)c4cc(Cl)cc(Cl)c4,CHEMBL352813,Ki,8.7
1265739,CN([C@@H]1CCN(CC1c2ccc(Cl)c(Cl)c2)C(=O)C3CCN(CC3)C(=O)C)C(=O)c4ccc(C)cc4,CHEMBL3642159,IC50,8.7
2064100,CN([C@@H]1CN(CC1c2ccc(Cl)c(Cl)c2)C(=O)C3CCN(CC3)C(=O)C)C(=O)N(C)c4cc(cc(c4)C(F)(F)F)C(F)(F)F,CHEMBL3651889,IC50,8.7
5987931,CN1CCN(CCCNC(=O)[C@@H](Cc2ccccc2)NC(=O)C3(CCCC3)NC(=O)c4cc5ccccc5s4)CC1,CHEMBL235353,Ki,8.7
2059204,CO\N=C(/CN(C)C(=O)c1cc(C)cc(C)c1)\C(CCN2CCC(O)(CC2)c3ccccc3)c4ccc(Cl)c(Cl)c4,CHEMBL32197,Ki,8.7
2054375,CO\N=C(/CN(C)C(=O)c1cc(OC)cc(OC)c1)\C(CCN2CCC(O)(CC2)c3ccccc3)c4ccc(Cl)c(Cl)c4,CHEMBL32537,Ki,8.7
2052185,CO\N=C(/CN(C)C(=O)c1ccc(C)s1)\C(CCN2CCC(O)(CC2)c3ccccc3)c4ccc(Cl)c(Cl)c4,CHEMBL286901,Ki,8.7
2057018,CO\N=C(/CNC(=O)c1cc(cc(c1)C(F)(F)F)C(F)(F)F)\C(CCN2CCC(O)(CC2)c3ccccc3)c4ccc(Cl)c(Cl)c4,CHEMBL33249,Ki,8.7
5987950,Cc1ccc2cc(sc2c1)C(=O)NC3(CCCC3)C(=O)N[C@@H](CCCN4CCC(CCO)CC4)Cc5ccccc5,CHEMBL1083857,Ki,8.7
5987961,Cc1ccc2cc(sc2c1)C(=O)NC3(CCCC3)C(=O)N[C@@H](CCCN4CCN(CC4)C=O)Cc5ccccc5,CHEMBL1084251,Ki,8.7
5987972,Cc1ccc2cc(sc2c1)C(=O)NC3(CCCC3)C(=O)N[C@@H](CCN4CCC(CC4)N5CCOCC5)Cc6ccccc6,CHEMBL1083853,Ki,8.7
5987983,Cc1ccc2cc(sc2c1)C(=O)NC3(CCCC3)C(=O)N[C@@H](CN4CCN(CC5CCOCC5)CC4)Cc6ccccc6,CHEMBL1083859,Ki,8.7
5987994,N[C@@H]1CC(=O)N[C@@H](Cc2c[nH]c3ccccc23)C(=O)N[C@@H](Cc4ccccc4)C(=O)N[C@H](Cc5ccccc5)CNC1=O,CHEMBL376141,Ki,8.7
5988005,O=C(NCCCN1CCOCC1)[C@@H](Cc2ccccc2)NC(=O)C3(Cc4ccccc4C3)NC(=O)c5cc6ccccc6s5,CHEMBL398028,Ki,8.7
5988020,O=C1CCC(=O)N[C@@H](Cc2c[nH]c3ccccc23)C(=O)N[C@@H](Cc4ccccc4)C(=O)N[C@H](Cc5ccccc5)CN1,CHEMBL435324,Ki,8.7
5988031,O=C(NC1CCN(CC2CCOCC2)CC1)[C@@H](Cc3ccccc3)NC(=O)C4(CCCC4)NC(=O)c5cc6ccccc6s5,CHEMBL220365,Ki,8.71
5988042,O=C(NCCC1CCN(CC2CCOCC2)CC1)[C@@H](Cc3ccccc3)NC(=O)C4(CCCC4)NC(=O)c5cc6ccccc6s5,CHEMBL243497,Ki,8.71
2058503,CO\N=C(/CN(C)C(=O)c1cc(Cl)cc(Cl)c1)\[C@H](CCN2CCC(CC2)N3C(=O)N(CC(=O)OC)c4ccccc34)c5ccc(Cl)c(Cl)c5,CHEMBL78851,Ki,8.75
1265721,CN([C@@H]1CCN(CC1c2ccc(Cl)c(Cl)c2)C(=O)C3CCN(CC3)C(=O)C)C(=O)c4ccc(cc4)c5ccccc5,CHEMBL3642161,IC50,8.77
2059171,CNC(=O)NCCCO\N=C(/CN(C)C(=O)c1cc(Cl)cc(Cl)c1)\C(CCN2CCC(CC2)N3CCCCC3=O)c4ccc(Cl)c(Cl)c4,CHEMBL355295,Ki,8.77
2058492,CO\N=C(/CN(C)C(=O)c1cc(Cl)cc(Cl)c1)\[C@H](CCN2CCC(CC2)N3C(=O)N(CC(=O)O)c4ccccc34)c5ccc(Cl)c(Cl)c5,CHEMBL77042,Ki,8.77
5988060,CC(=O)N[C@@H]1[C@@H](O)[C@H](O)[C@@H](CO)O[C@H]1NC(=O)CCC(=O)N[C@@H]2CC(=O)N[C@@H](Cc3c[nH]c4ccccc34)C(=O)N[C@@H](Cc5ccccc5)C(=O)N[C@H](Cc6ccccc6)CNC2=O,CHEMBL375213,Ki,8.8
5988071,CCCCN(CCCC)CCCNC(=O)[C@@H](Cc1ccccc1)NC(=O)C2(Cc3ccccc3C2)NC(=O)c4cc5ccccc5s4,CHEMBL396827,Ki,8.8
5988081,CCCC[C@H](NC(=O)[C@@H]1CCCN1C(=O)[C@H]2CCCN2C(=O)[C@H](Cc3ccccc3)NC(=O)[C@@H](Cc4c[nH]c5ccccc45)NC(=O)[C@H](C)NC(=O)[C@H](CCCCNCC(=O)Nc6ccc(c7nonc67)[N+](=O)[O-])NC(=O)c8ccccc8)C(=O)N,CHEMBL3360199,Ki,8.8
4070421,CC[C@H](NC(=O)c1c(CN2CCN(CC2)C3CCCCC3)c(nc4ccccc14)c5ccccc5)c6ccccc6,CHEMBL33868,Ki,8.8
5988094,CN1CCN(CC(=O)N[C@@H]2CC(=O)N[C@@H](Cc3c[nH]c4ccccc34)C(=O)N[C@@H](Cc5ccccc5)C(=O)N[C@H](Cc6ccccc6)CNC2=O)CC1,CHEMBL224427,Ki,8.8
2054596,CO\N=C(/CN(C)C(=O)c1cc(Cl)cc(Cl)c1)\C(CCN2CCC(CC2)N3CCCCC3=O)c4ccc(Cl)c(Cl)c4,CHEMBL66106,Ki,8.8
5988107,Fc1ccc(C[C@@H]2CNC(=O)CCC(=O)N[C@@H](Cc3c[nH]c4ccccc34)C(=O)N[C@@H](Cc5ccccc5)C(=O)N2)cc1F,CHEMBL323884,Ki,8.8
5988118,O=C(C[C@@H]1CC(=O)N[C@@H](Cc2c[nH]c3ccccc23)C(=O)N[C@H](Cc4ccccc4)C(=O)N[C@H](Cc5ccccc5)CNC1=O)N6CCC(CC6)N7CCCCC7,CHEMBL159449,Ki,8.8
5988129,O=C(NCCCN1CCOCC1)[C@@H](Cc2ccccc2)NC(=O)C3(CCCC3)NC(=O)c4ccc(cc4)c5ccccc5,CHEMBL230324,Ki,8.8
5988140,O=C1C[C@@H](N2CCCCC2)C(=O)NC[C@@H](Cc3ccccc3)NC(=O)[C@H](Cc4ccccc4)NC(=O)[C@H](Cc5c[nH]c6ccccc56)N1,CHEMBL387699,Ki,8.8
5988151,O=C1C[C@@H](N2CCNCC2)C(=O)NC[C@@H](Cc3ccccc3)NC(=O)[C@H](Cc4ccccc4)NC(=O)[C@H](Cc5c[nH]c6ccccc56)N1,CHEMBL223644,Ki,8.8
5988162,O=C1C[C@H](NCc2nn[nH]n2)C(=O)NC[C@@H](Cc3ccccc3)NC(=O)[C@H](Cc4ccccc4)NC(=O)[C@H](Cc5c[nH]c6ccccc56)N1,CHEMBL420859,Ki,8.8
5988173,OCCOCCN1CCN(CC1)C(=O)C2CC(=O)N[C@@H](Cc3c[nH]c4ccccc34)C(=O)N[C@H](Cc5ccccc5)C(=O)N[C@H](Cc6ccccc6)CNC2=O,CHEMBL161242,Ki,8.8
5988184,CC(C)[C@H](NC(=O)c1c(CN2CCN(CC2)C(C)C)c(nc3ccccc13)c4ccccc4)c5ccccc5,CHEMBL296857,Ki,8.82
2060415,CN(C\C(=N/OCCCO)\C(CCN1CCC(CC1)N2CCCCC2=O)c3ccc(Cl)c(Cl)c3)C(=O)c4cc(Cl)cc(Cl)c4,CHEMBL354772,Ki,8.82
2058080,CO\N=C(/CN(C)C(=O)c1cc(Cl)cc(Cl)c1)\[C@H](CCN2CCC(CC2)N3C(=O)N(C)c4ccccc34)c5ccc(Cl)c(Cl)c5,CHEMBL306952,Ki,8.82
5988199,Clc1ccc2sc(cc2c1)C(=O)NC3(CCCC3)C(=O)N[C@H](Cc4ccccc4)C(=O)NCCCN5CCOCC5,CHEMBL244364,Ki,8.82
5988209,CCCC[C@H](NC(=O)[C@@H]1CCCN1C(=O)[C@@H](Cc2ccccc2)NC(=O)[C@H](Cc3ccccc3)NC(=O)[C@@H](Cc4c[nH]c5ccccc45)NC(=O)[C@H](C)NC(=O)[C@H](CCCCNc6ccc(c7nonc67)[N+](=O)[O-])NC(=O)c8ccccc8)C(=O)N,CHEMBL3360198,Ki,8.83
5988219,CCCC[C@H](NC(=O)[C@@H]1CCCN1C(=O)[C@@H]2CCCN2C(=O)[C@H](Cc3ccccc3)NC(=O)[C@H](Cc4c[nH]c5ccccc45)NC(=O)[C@H](C)NC(=O)[C@H](CCCC(N)c6ccc(c7nonc67)[N+](=O)[O-])NC(=O)c8ccccc8)C(=O)N,CHEMBL268783,Ki,8.83
5988229,CCCC[C@H](NC(=O)[C@@H]1CCCN1C(=O)[C@@H]2CCCN2C(=O)[C@H](Cc3ccccc3)NC(=O)[C@H](Cc4c[nH]c5ccccc45)NC(=O)[C@H](C)NC(=O)[C@H](CCC(N)c6ccc(c7nonc67)[N+](=O)[O-])NC(=O)c8ccccc8)C(=O)N,CHEMBL217548,Ki,8.84
5988239,CCCC[C@H](NC(=O)[C@@H]1CCCN1C(=O)[C@H]2CCCN2C(=O)[C@H](Cc3ccccc3)NC(=O)[C@@H](Cc4c[nH]c5ccccc45)NC(=O)[C@H](C)NC(=O)[C@H](CCCNc6ccc(c7nonc67)[N+](=O)[O-])NC(=O)c8ccccc8)C(=O)N,CHEMBL3360197,Ki,8.84
2058049,CN(C\C(=N/OCC#N)\C(CCN1CCC(CC1)N2CCCCC2=O)c3ccc(Cl)c(Cl)c3)C(=O)c4cc(Cl)cc(Cl)c4,CHEMBL168272,Ki,8.85
5988252,O=C(NCC1CCN(CC2CCOCC2)CC1)[C@@H](Cc3ccccc3)NC(=O)C4(CCCC4)NC(=O)c5cc6ccc(cc6s5)C#N,CHEMBL266108,Ki,8.86
5988262,CCCC[C@H](NC(=O)[C@@H]1CCCN1C(=O)[C@@H]2CCCN2C(=O)[C@H](Cc3ccccc3)NC(=O)[C@H](Cc4c[nH]c5ccccc45)NC(=O)[C@H](C)NC(=O)[C@H](CC(N)c6ccc(c7nonc67)[N+](=O)[O-])NC(=O)c8ccccc8)C(=O)N,CHEMBL413650,Ki,8.87
5988272,CCCC[C@H](NC(=O)[C@@H]1CCCN1C(=O)[C@H]2CCCN2C(=O)[C@H](Cc3ccccc3)NC(=O)[C@@H](Cc4c[nH]c5ccccc45)NC(=O)[C@H](C)NC(=O)C(CCNc6ccc(c7nonc67)[N+](=O)[O-])NC(=O)c8ccccc8)C(=O)N,CHEMBL3360196,Ki,8.87
2050970,CC(=O)Nc1ccc(CN2CCC(CC2)NCC(=O)N3CCN(C[C@H]3c4ccc(Cl)c(Cl)c4)C(=O)c5cc(C)cc(C)c5)cc1,CHEMBL108997,Ki,8.89
5988284,CC\C(=N/O)\C1CCN(CCC(CN(C)C(=O)c2ccccc2)c3ccc(Cl)c(Cl)c3)CC1,CHEMBL443264,Ki,8.89
2048424,Cc1cc(C)cc(c1)C(=O)N2CCN([C@@H](C2)c3ccc(Cl)c(Cl)c3)C(=O)CNC4CCN(Cc5cc[nH]c5)CC4,CHEMBL106877,Ki,8.89
5988297,CCCCN(CCCC)CCCNC(=O)[C@@H](Cc1ccccc1)NC(=O)C2(CCCCC2)NC(=O)c3cc4ccccc4s3,CHEMBL237097,Ki,8.9
5988308,CN(C1CCOCC1)C2CCN(CCC[C@@H](Cc3ccccc3)NC(=O)C4(CCCC4)NC(=O)c5cc6ccc(C)cc6s5)CC2,CHEMBL1083856,Ki,8.9
5988319,CS(=O)(=O)N1CCN(CC1)C2CN(CC[C@@]3(CCC(=O)N(CC4CCC(F)(F)CC4)C3)c5ccc(Cl)c(Cl)c5)C2,CHEMBL185182,IC50,8.9
5988330,O=C(NCCCN1CCCC1)[C@@H](Cc2ccccc2)NC(=O)C3(Cc4ccccc4C3)NC(=O)c5cc6ccccc6s5,CHEMBL394420,Ki,8.9
5988341,OC1CCN(CC1)C2CN(CC[C@@]3(CCC(=O)N(CC4CCC(F)(F)CC4)C3)c5ccc(Cl)c(Cl)c5)C2,CHEMBL434548,IC50,8.9
5988352,OC[C@@H](O)[C@@H](O[C@@H]1O[C@H](CO)[C@H](O)[C@H](O)[C@H]1O)[C@H](O)[C@@H](O)CN[C@@H]2CC(=O)N[C@@H](Cc3c[nH]c4ccccc34)C(=O)N[C@@H](Cc5ccccc5)C(=O)N[C@H](Cc6ccccc6)CNC2=O,CHEMBL436804,Ki,8.9
5988363,CC(C)C(=O)N1CCN(Cc2c(nc3ccccc3c2C(=O)N[C@@H](C)C4CCCCC4)c5ccccc5)CC1,CHEMBL45961,Ki,8.92
2057851,CCOC(=O)[C@@H](Cc1ccc(O)cc1)N2CCCN(C3CCN(CC[C@@H](\C(=N\OC)\CN(C)C(=O)c4cc(Cl)cc(Cl)c4)c5ccc(Cl)c(Cl)c5)CC3)C2=O,CHEMBL75698,Ki,8.92
2059653,CNC(=O)CN1CCCN(C2CCN(CC[C@@H](\C(=N\OC)\CN(C)C(=O)c3cc(Cl)cc(Cl)c3)c4ccc(Cl)c(Cl)c4)CC2)C1=O,CHEMBL310334,Ki,8.92
2059215,CO\N=C(/CN(C)C(=O)c1cc(Cl)cc(Cl)c1)\[C@H](CCN2CCC(CC2)N3CCCN(CC(=O)OCc4ccccc4)C3=O)c5ccc(Cl)c(Cl)c5,CHEMBL75479,Ki,8.92
2056455,CO\N=C(/CN(C)C(=O)c1cc(Cl)cc(Cl)c1)\[C@H](CCN2CCC(CC2)N3CCCN(Cc4ccsc4)C3=O)c5ccc(Cl)c(Cl)c5,CHEMBL76823,Ki,8.92
5988382,O=C(CCNC(=O)[C@@H](Cc1ccccc1)NC(=O)C2(CCCC2)NC(=O)c3cc4ccccc4s3)N5CCN(CC5)C6CCOCC6,CHEMBL394607,Ki,8.93
1265757,CN([C@@H]1CCN(CC1c2ccc(Cl)c(Cl)c2)C(=O)C3CCN(CC3)C(=O)C)C(=O)c4ccc(Cl)cc4,CHEMBL3642160,IC50,8.96
2059025,CO\N=C(/CN(C)C(=O)c1cc(Cl)cc(Cl)c1)\[C@H](CCN2CCC(CC2)N3CCCN(Cc4cocc4)C3=O)c5ccc(Cl)c(Cl)c5,CHEMBL307733,Ki,8.96
2047979,Cc1cc(C)cc(c1)C(=O)N2CCN([C@@H](C2)c3ccc(Cl)c(Cl)c3)C(=O)CNC4CCN(CC4)C(=O)[C@@H](N)c5ccccc5,CHEMBL106300,Ki,8.96
2052045,Cc1cc(C)cc(c1)C(=O)N2CCN([C@@H](C2)c3ccc(Cl)c(Cl)c3)C(=O)CNC4CCN(CC4)C(=O)[C@H](N)Cc5ccccc5,CHEMBL108955,Ki,8.96
5988400,CN1CCN(CC1)C(=O)CCNC(=O)[C@@H](Cc2ccccc2)NC(=O)C3(CCCC3)NC(=O)c4cc5ccccc5s4,CHEMBL242625,Ki,8.97
5988411,CN1CCN(CCCNC(=O)[C@@H](Cc2ccccc2)NC(=O)C3(CCc4ccccc34)NC(=O)c5cc6ccccc6s5)CC1,CHEMBL394878,Ki,9.0
2056974,CO\N=C(/CN(C)C(=O)c1cc(C)nc(c1)N(C)C)\C(CCN2CCC(O)(CC2)c3ccccc3)c4ccc(Cl)c(Cl)c4,CHEMBL32124,Ki,9.0
2058803,CO\N=C(/CN(C)C(=O)c1cc(Cl)cc(Cl)c1)\[C@H](CCN2CCC(CC2)n3c(O)nc4ccccc34)c5ccc(Cl)c(Cl)c5,CHEMBL75422,Ki,9.0
2045023,CO\N=C(/COCc1noc(n1)C(C)(C)C)\C(CCN2CCC(O)(CC2)c3ccccc3)c4ccc(Cl)c(Cl)c4,CHEMBL33106,Ki,9.0
5988428,C[C@H](NC(=O)c1c(CN2CCC(CC2)N3CCCCC3)c(nc4ccccc14)c5ccccc5)C(C)(C)C,CHEMBL295770,Ki,9.0
5988439,Cc1ccc2cc(sc2c1)C(=O)NC3(CCCC3)C(=O)N[C@@H](CCCN4CCC(CN5CCOCC5)CC4)Cc6ccccc6,CHEMBL1083852,Ki,9.0
5988450,Cc1ccc2cc(sc2c1)C(=O)NC3(CCCC3)C(=O)N[C@@H](CCCN4CCN(Cc5c[nH]cn5)CC4)Cc6ccccc6,CHEMBL1083876,Ki,9.0
5988461,NC1CCN(CC1)C2CN(CC[C@@]3(CCC(=O)N(CC4CCC(F)(F)CC4)C3)c5ccc(Cl)c(Cl)c5)C2,CHEMBL434142,IC50,9.0
5988472,O=C1C[C@H](NC2CCOCC2)C(=O)NC[C@@H](Cc3ccccc3)NC(=O)[C@H](Cc4ccccc4)NC(=O)[C@H](Cc5c[nH]c6ccccc56)N1,CHEMBL224888,Ki,9.0
5988483,CCN1[C@H]([C@@H](CCN2CCC(CC2)c3ccccc3[S+](C)[O-])c4ccc(Cl)c(Cl)c4)c5ccccc5C1=O,CHEMBL339767,Ki,9.04
2047357,CC(=O)Nc1nc(CN2CCC(CC2)NCC(=O)N3CCN(C[C@H]3c4ccc(Cl)c(Cl)c4)C(=O)c5cc(C)cc(C)c5)cs1,CHEMBL107469,Ki,9.05
2059226,CO\N=C(/CN(C)C(=O)c1cc(Cl)cc(Cl)c1)\[C@H](CCN2CCC(CC2)N3CCCN(Cc4nn[nH]n4)C3=O)c5ccc(Cl)c(Cl)c5,CHEMBL307498,Ki,9.05
2060128,CO\N=C(/CN(C)C(=O)c1cc(Cl)cc(Cl)c1)\[C@H](CCN2CCC(CC2)N3CCCN(N4CCOCC4)C3=O)c5ccc(Cl)c(Cl)c5,CHEMBL451235,Ki,9.05
5988500,O=C(CCNC(=O)[C@@H](Cc1ccccc1)NC(=O)C2(CCCC2)NC(=O)c3cc4ccccc4s3)N5CCN(CC6CCOCC6)CC5,CHEMBL242619,Ki,9.05
5988511,O=C(NCCC1CCN(CC1)C2CCOCC2)[C@@H](Cc3ccccc3)NC(=O)C4(CCCC4)NC(=O)c5cc6ccccc6s5,CHEMBL389744,Ki,9.07
5988521,CCC(O)(CC)C1CCN(CC[C@H](CN(C)C(=O)c2ccccc2)c3ccc(Cl)c(Cl)c3)CC1,CHEMBL2115073,Ki,9.08
5988531,CN([C@@H]1CCN(C[C@H]1c2ccc(Cl)c(Cl)c2)C(=O)C3CCN(CC3)C(=O)C)C(=O)c4ccc(Br)cn4,CHEMBL3642169,IC50,9.09
5988541,C[C@@H]1CN(CCCNC(=O)[C@@H](Cc2ccccc2)NC(=O)C3(CCCC3)NC(=O)c4cc5ccccc5s4)C[C@H](C)N1,CHEMBL2113292,Ki,9.09
5988552,CC\N=C(/N1CCOCC1)\N2CCN(CCC[C@@H](Cc3ccccc3)NC(=O)C4(CCCC4)NC(=O)c5cc6ccc(C)cc6s5)CC2,CHEMBL1084164,Ki,9.1
5988563,CN(C[C@@H](CCN1CCC(CC1)(NC(=O)C)c2ccccc2)c3ccc(Cl)c(Cl)c3)C(=O)c4ccccc4,CHEMBL308148,IC50,9.1
2060770,CN(C\C(=N/OCCO)\C(CCN1CCC(CC1)N2CCCCC2=O)c3ccc(Cl)c(Cl)c3)C(=O)c4cc(Cl)cc(Cl)c4,CHEMBL352588,Ki,9.1
2060084,CN(C\C(=N/OCF)\C(CCN1CCC(CC1)N2CCCCC2=O)c3ccc(Cl)c(Cl)c3)C(=O)c4cc(Cl)cc(Cl)c4,CHEMBL166961,Ki,9.1
1265711,CN([C@@H]1CCN(C[C@H]1c2ccc(Cl)c(Cl)c2)C(=O)C3CCN(CC3)C(=O)C)C(=O)c4cc(cc(c4)C(F)(F)F)C(F)(F)F,CHEMBL3642163,IC50,9.1
2059675,CO\N=C(/CN(C)C(=O)c1cc(Cl)cc(Cl)c1)\[C@H](CCN2CCC(CC2)N3CCCN(C(C)C)C3=O)c4ccc(Cl)c(Cl)c4,CHEMBL76437,Ki,9.1
2060803,CO\N=C(/CN(C)C(=O)c1cc(Cl)cc(Cl)c1)\[C@H](CCN2CCC(CC2)N3CCCN(CC(=N)NO)C3=O)c4ccc(Cl)c(Cl)c4,CHEMBL404599,Ki,9.1
2061192,CO\N=C(/CN(C)C(=O)c1cc(Cl)cc(Cl)c1)\[C@H](CCN2CCC(CC2)N3CCCN(CC(C)(C)O)C3=O)c4ccc(Cl)c(Cl)c4,CHEMBL310273,Ki,9.1
5988584,C[C@H](NC(=O)c1c(CN2CCC(CC2)N3CCOCC3)c(nc4ccccc14)c5ccccc5)C6CCCCC6,CHEMBL45129,Ki,9.1
5988595,Cc1ccc2cc(sc2c1)C(=O)NC3(CCCC3)C(=O)N[C@@H](CCCN4CCC(CC4)C(=O)N5CCOCC5)Cc6ccccc6,CHEMBL1083860,Ki,9.1
5988606,Cc1ccc2cc(sc2c1)C(=O)NC3(CCCC3)C(=O)N[C@@H](CCCN4CCN(CC4)c5ncccn5)Cc6ccccc6,CHEMBL1083868,Ki,9.1
2059379,Clc1ccc(cc1Cl)[C@@]2(CCN3CC(C3)N4CCOCC4)CCC(=O)N(CC5CCCCC5)C2,CHEMBL185572,IC50,9.1
5988619,O=C(NCCCN1CCOCC1)[C@@H](Cc2ccccc2)NC(=O)C3(CCCCC3)NC(=O)c4cc5ccccc5s4,CHEMBL428203,Ki,9.1
5988630,O=C1C[C@H](N2CCOCC2)C(=O)NC[C@@H](Cc3ccccc3)NC(=O)[C@H](Cc4ccccc4)NC(=O)[C@H](Cc5c[nH]c6ccccc56)N1,CHEMBL387698,Ki,9.1
5988641,OC(=O)C(F)(F)F.O=C1C[C@H](N2CCOCC2)C(=O)NC[C@@H](Cc3ccccc3)NC(=O)[C@H](Cc4ccccc4)NC(=O)[C@H](Cc5c[nH]c6ccccc56)N1,CHEMBL406287,Ki,9.1
5988652,O=C(CCNC(=O)[C@@H](Cc1ccccc1)NC(=O)C2(CCCC2)NC(=O)c3cc4ccccc4s3)N5CCC(CC5)N6CCOCC6,CHEMBL394350,Ki,9.12
5988663,O=C(NCCCN1CCOCC1)[C@@H](Cc2ccccc2)NC(=O)C3(CCCC3)NC(=O)c4ccc(s4)c5ccccc5,CHEMBL230424,Ki,9.12
5988674,CC(C)N1CCN(Cc2c(nc3ccccc3c2C(=O)N[C@@H](C)C4CCCCC4)c5ccccc5)CC1,CHEMBL47775,Ki,9.16
2060382,CN(C\C(=N/OCC(=N)NO)\C(CCN1CCC(CC1)N2CCCCC2=O)c3ccc(Cl)c(Cl)c3)C(=O)c4cc(Cl)cc(Cl)c4,CHEMBL166921,Ki,9.16
2061638,CO\N=C(/CN(C)C(=O)c1cc(Cl)cc(Cl)c1)\[C@H](CCN2CCC(CC2)N3CCCN(C)C3=O)c4ccc(Cl)c(Cl)c4,CHEMBL75598,Ki,9.16
2060470,CO\N=C(/CN(C)C(=O)c1cc(Cl)cc(Cl)c1)\[C@H](CCN2CCC(CC2)N3CCCN(Cc4ccccn4)C3=O)c5ccc(Cl)c(Cl)c5,CHEMBL76580,Ki,9.16
2059237,CO\N=C(/CN(C)C(=O)c1cc(Cl)cc(Cl)c1)\[C@H](CCN2CCC(CC2)N3CCCN(O)C3=O)c4ccc(Cl)c(Cl)c4,CHEMBL78132,Ki,9.16
5988694,O=C(NCCCN1CCOCC1)[C@@H](Cc2ccccc2)NC(=O)C3(CCCC3)NC(=O)c4cc5ccccc5s4,CHEMBL242631,Ki,9.18
2063624,CN(C[C@@H](CCN1CCC(CC1)c2ccccc2[S+](C)[O-])c3ccc(Cl)c(Cl)c3)C(=O)c4cc(cc5ccccc45)C#N,CHEMBL129683,Ki,9.19
5988707,CCS(=O)(=O)N1CCN(CCC[C@@H](Cc2ccccc2)NC(=O)C3(CCCC3)NC(=O)c4cc5ccc(C)cc5s4)CC1,CHEMBL1084163,Ki,9.2
5988718,COc1ccc2oc(cc2c1)C(=O)NC3(CCCC3)C(=O)N[C@@H](CCCN4CCN(CC5CCOCC5)CC4)Cc6ccccc6,CHEMBL1083847,Ki,9.2
5988729,Cc1ccc(cc1)c2ccc(cc2)C(=O)NC3(CCCC3)C(=O)N[C@@H](CCCN4CCN(CC5CCOCC5)CC4)Cc6ccccc6,CHEMBL1083559,Ki,9.2
5988740,Cc1ccc2cc(sc2c1)C(=O)NC3(CCCC3)C(=O)N[C@@H](CCCN4CCN(CC4)S(=O)(=O)N)Cc5ccccc5,CHEMBL1084161,Ki,9.2
5988751,Cc1ccc2cc(sc2c1)C(=O)NC3(CCCC3)C(=O)N[C@@H](CCCN4CCN(CC4)c5ccccn5)Cc6ccccc6,CHEMBL1083867,Ki,9.2
5988762,Cc1ccc2cc(sc2c1)C(=O)NC3(CCCC3)C(=O)N[C@@H](COCC4CCN(CC5CCOCC5)CC4)Cc6ccccc6,CHEMBL1083864,Ki,9.2
5988773,Cc1ccc2cc(sc2c1)C(=O)NC3(CCCC3)C(=O)N[C@H](CCCN4CCN(CC5CCOCC5)CC4)Cc6ccccc6,CHEMBL1083851,Ki,9.2
5988784,O=C(C[C@@H]1CC(=O)N[C@@H](Cc2c[nH]c3ccccc23)C(=O)N[C@@H](Cc4ccccc4)C(=O)N[C@@H](Cc5ccccc5)CNC1=O)N6CCOCC6,CHEMBL2112923,Ki,9.2
5988795,O=C(NC1(CCCC1)C(=O)N[C@@H](CCCN2CCN(CC3CCOCC3)CC2)Cc4ccccc4)c5oc6ccccc6c5,CHEMBL1084765,Ki,9.2
5988806,OC[C@@H](O)[C@H](O[C@H]1O[C@H](CO)[C@@H](O)[C@H](O)[C@H]1O)[C@H](O)[C@@H](O)CN[C@@H]2CC(=O)N[C@@H](Cc3c[nH]c4ccccc34)C(=O)N[C@@H](Cc5ccccc5)C(=O)N[C@H](Cc6ccccc6)CNC2=O,CHEMBL223994,Ki,9.2
5988817,C[C@H](NC(=O)c1c(CN2CCC(CC2)N3CCCCC3)c(nc4ccccc14)c5ccccc5)C6CCCCC6,CHEMBL47739,Ki,9.22
5988827,COc1ccc(cc1)C(=O)N(C)[C@@H]2CCN(C[C@H]2c3ccc(Cl)c(Cl)c3)C(=O)C4CCN(CC4)C(=O)C,CHEMBL3642165,IC50,9.25
5988837,O=C(NCC1CCN(CC1)C2CCOCC2)[C@@H](Cc3ccccc3)NC(=O)C4(CCCC4)NC(=O)c5cc6ccccc6s5,CHEMBL243498,Ki,9.26
5988848,CC(C)S(=O)(=O)N1CCN(CCC[C@@H](Cc2ccccc2)NC(=O)C3(CCCC3)NC(=O)c4cc5ccc(C)cc5s4)CC1,CHEMBL1084162,Ki,9.3
2061594,CN(C\C(=N/OCC(=N)NO)\[C@H](CCN1CCC(CC1)N2CCCCC2=O)c3ccc(Cl)c(Cl)c3)C(=O)c4cc(Cl)cc(Cl)c4,CHEMBL355041,Ki,9.3
2057305,CO\N=C(/CN(C)C(=O)c1cc(Cl)cc(Cl)c1)\[C@H](CCN2CCC(CC2)N3CCCN(C3=O)c4ccccn4)c5ccc(Cl)c(Cl)c5,CHEMBL76965,Ki,9.3
2060814,CO\N=C(/CN(C)C(=O)c1cc(Cl)cc(Cl)c1)\[C@H](CCN2CCC(CC2)N3CCCN(CCNS(=O)(=O)C)C3=O)c4ccc(Cl)c(Cl)c4,CHEMBL80355,Ki,9.3
2060825,CO\N=C(/CN(C)C(=O)c1cc(Cl)cc(Cl)c1)\[C@H](CCN2CCC(CC2)N3CCCN([C@H](CO)C(=O)N)C3=O)c4ccc(Cl)c(Cl)c4,CHEMBL263243,Ki,9.3
5988867,Cc1ccc2cc(sc2c1)C(=O)NC3(CCCC3)C(=O)N[C@@H](CCCN4CCC(CC4)N5CCOCC5)Cc6ccccc6,CHEMBL1083854,Ki,9.3
5988878,Cc1ccc2cc(sc2c1)C(=O)NC3(CCCC3)C(=O)N[C@@H](CCCN4CCN(CC4)S(=O)(=O)N5CCOCC5)Cc6ccccc6,CHEMBL1084159,Ki,9.3
5988889,Cc1ccc2cc(sc2c1)C(=O)NC3(CCCC3)C(=O)N[C@@H](COCCC4CCN(CC5CCOCC5)CC4)Cc6ccccc6,CHEMBL1083865,Ki,9.3
5988900,Cc1ccc2cc(sc2c1)C(=O)NC3(CCCC3)C(=O)N[C@H](Cc4ccccc4)\C=C\CN5CCN(CC6CCOCC6)CC5,CHEMBL1083861,Ki,9.3
5988911,NC(=O)C1CCN(CC(=O)N[C@@H]2CC(=O)N[C@@H](Cc3c[nH]c4ccccc34)C(=O)N[C@@H](Cc5ccccc5)C(=O)N[C@H](Cc6ccccc6)CNC2=O)CC1,CHEMBL390167,Ki,9.3
5988922,O=C(NC1(CCCC1)C(=O)N[C@@H](CCCN2CCN(CC3CCOCC3)CC2)Cc4ccccc4)c5ccc(cc5)c6ccccc6,CHEMBL1083560,Ki,9.3
5988932,OC[C@@H](O)[C@H](O[C@H]1O[C@H](CO)[C@@H](O[C@@H]2O[C@@H](CO)[C@H](O)[C@@H](O)[C@@H]2O)[C@H](O)[C@H]1O)[C@@H](O)[C@@H](O)CN[C@@H]3CC(=O)N[C@@H](Cc4c[nH]c5ccccc45)C(=O)N[C@@H](Cc6ccccc6)C(=O)N[C@H](Cc7ccccc7)CNC3=O,CHEMBL387542,Ki,9.3
1265748,CN([C@@H]1CCN(CC1c2ccc(Cl)c(Cl)c2)C(=O)C3CCN(CC3)C(=O)C)C(=O)c4ccc(Br)cc4,CHEMBL3642157,IC50,9.35
5988944,O=C(NCCCN1CCSCC1)[C@@H](Cc2ccccc2)NC(=O)C3(CCCC3)NC(=O)c4cc5ccccc5s4,CHEMBL389355,Ki,9.37
5988954,CN([C@@H]1CCN(C[C@H]1c2ccc(Cl)c(Cl)c2)C(=O)C3CCN(CC3)C(=O)C)C(=O)c4ccc(cc4)N5CCOCC5,CHEMBL3642167,IC50,9.38
5988964,CC1CCCCN1CCCNC(=O)[C@@H](Cc2ccccc2)NC(=O)C3(CCCCC3)NC(=O)c4cc5ccccc5s4,CHEMBL394889,Ki,9.4
5988975,CN1CCN(CC1)[C@@H]2CC(=O)N[C@@H](Cc3c[nH]c4ccccc34)C(=O)N[C@@H](Cc5ccccc5)C(=O)N[C@H](Cc6ccccc6)CNC2=O,CHEMBL439377,Ki,9.4
2058470,CNC(=O)C[C@H]1CCCN(C2CCN(CC[C@@H](\C(=N\OC)\CN(C)C(=O)c3cc(Cl)cc(Cl)c3)c4ccc(Cl)c(Cl)c4)CC2)C1=O,CHEMBL77023,Ki,9.4
2060117,CO\N=C(/CN(C)C(=O)c1cc(Cl)cc(Cl)c1)\[C@H](CCN2CCC(CC2)N3CCCN(C3=O)C(C)(C)C(=O)N)c4ccc(Cl)c(Cl)c4,CHEMBL74956,Ki,9.4
5988990,Cc1ccc2cc(sc2c1)C(=O)NC3(CCCC3)C(=O)N[C@@H](CCCN4CCN(CC4)C(=O)N5CCOCC5)Cc6ccccc6,CHEMBL1084158,Ki,9.4
5989001,Cc1ccc2cc(sc2c1)C(=O)NC3(CCCC3)C(=O)N[C@@H](CCCN4CCN(CC4)C(=O)c5cccn5C)Cc6ccccc6,CHEMBL1083880,Ki,9.4
5989012,Cc1ccc2oc(cc2c1)C(=O)NC3(CCCC3)C(=O)N[C@@H](CCCN4CCN(CC5CCOCC5)CC4)Cc6ccccc6,CHEMBL1083848,Ki,9.4
5989023,FC1CCN(CC1)C2CN(CC[C@@]3(CCC(=O)N(CC4CCC(F)(F)CC4)C3)c5ccc(Cl)c(Cl)c5)C2,CHEMBL182600,IC50,9.4
5989034,O=C(CN1CCC(CC1)N2CCCCC2)N[C@@H]3CC(=O)N[C@@H](Cc4c[nH]c5ccccc45)C(=O)N[C@@H](Cc6ccccc6)C(=O)N[C@@H](Cc7ccccc7)CNC3=O,CHEMBL406024,Ki,9.4
5989045,O=C(CN1CCC(CC1)N2CCCCC2)N[C@@H]3CC(=O)N[C@@H](Cc4c[nH]c5ccccc45)C(=O)N[C@@H](Cc6ccccc6)C(=O)N[C@H](Cc7ccccc7)CNC3=O,CHEMBL225475,Ki,9.4
5989056,OC[C@@H](O)[C@@H](O)[C@H](O)[C@@H](O)CN[C@@H]1CC(=O)N[C@@H](Cc2c[nH]c3ccccc23)C(=O)N[C@@H](Cc4ccccc4)C(=O)N[C@H](Cc5ccccc5)CNC1=O,CHEMBL223993,Ki,9.4
5989067,Clc1cccc2cc(sc12)C(=O)NC3(CCCC3)C(=O)N[C@H](Cc4ccccc4)C(=O)NCCCN5CCOCC5,CHEMBL395975,Ki,9.43
5989077,CN([C@@H]1CCN(C[C@H]1c2ccc(Cl)c(Cl)c2)C(=O)C3CCN(CC3)C(=O)CO)C(=O)c4ccc(cn4)C(F)(F)F,CHEMBL3642175,IC50,9.44
2063445,COc1ccc(C2CCN(CC[C@H](CN(C)C(=O)c3cc(cc4ccccc34)C#N)c5ccc(Cl)c(Cl)c5)CC2)c(c1)[S+](C)[O-],CHEMBL340326,Ki,9.47
5989089,O=C(NC1(CCCC1)C(=O)N[C@H](CCCN2CCN(CC3CCOCC3)CC2)Cc4ccccc4)c5ccc6ccccc6c5,CHEMBL1683151,Ki,9.49
5989100,CCOCCCN1CCN(CCC[C@@H](Cc2ccccc2)NC(=O)C3(CCCC3)NC(=O)c4cc5ccc(C)cc5s4)CC1,CHEMBL1083878,Ki,9.5
5989111,CN(C)S(=O)(=O)N1CCN(CCC[C@@H](Cc2ccccc2)NC(=O)C3(CCCC3)NC(=O)c4cc5ccc(C)cc5s4)CC1,CHEMBL1084160,Ki,9.5
5989122,CN(C1CCOCC1)C2CCN(CC[C@@H](Cc3ccccc3)NC(=O)C4(CCCC4)NC(=O)c5cc6ccc(C)cc6s5)CC2,CHEMBL1083855,Ki,9.5
5989133,COC1(C[S+]([O-])c2ccccc2)CCN(CCc3c[nH]c4ccc(F)cc34)CC1,CHEMBL2110370,Ki,9.5
5989144,Cc1ccc(cc1)c2ccc(cc2)C(=O)NC3(CCCC3)C(=O)N[C@H](Cc4ccccc4)C(=O)NCC5CCN(CC6CCOCC6)CC5,CHEMBL447439,Ki,9.5
5989155,Cc1ccc2cc(sc2c1)C(=O)NC3(CCCC3)C(=O)N[C@@H](CCCN4CCN(Cc5cccnc5)CC4)Cc6ccccc6,CHEMBL1083871,Ki,9.5
5989166,Cc1ccc2cc(sc2c1)C(=O)NC3(CCCC3)C(=O)N[C@@H](CCCN4CCN(Cc5nnn(C)n5)CC4)Cc6ccccc6,CHEMBL1083877,Ki,9.5
5989177,O=C(C1CC(=O)N[C@@H](Cc2c[nH]c3ccccc23)C(=O)N[C@@H](Cc4ccccc4)C(=O)N[C@@H](Cc5ccccc5)CNC1=O)N6CCC(CC6)N7CCCCC7,CHEMBL2112922,Ki,9.5
5989189,O=C(CN1CCOCC1)N[C@@H]2CC(=O)N[C@@H](Cc3c[nH]c4ccccc34)C(=O)N[C@@H](Cc5ccccc5)C(=O)N[C@H](Cc6ccccc6)CNC2=O,CHEMBL116812,Ki,9.5
5989200,O=C(NC1(CCCC1)C(=O)N[C@@H](CCCN2CCN(CC3CCOCC3)CC2)Cc4ccccc4)c5ccc6ccccc6c5,CHEMBL1083561,Ki,9.5
5989211,OC[C@@H]1CCCN1CC(=O)N[C@@H]2CC(=O)N[C@@H](Cc3c[nH]c4ccccc34)C(=O)N[C@@H](Cc5ccccc5)C(=O)N[C@H](Cc6ccccc6)CNC2=O,CHEMBL224426,Ki,9.5
5989222,[O-][S+]1CCN(CC(=O)N[C@@H]2CC(=O)N[C@@H](Cc3c[nH]c4ccccc34)C(=O)N[C@@H](Cc5ccccc5)C(=O)N[C@H](Cc6ccccc6)CNC2=O)CC1,CHEMBL390168,Ki,9.5
2045832,CN([C@@H]1CCN(C[C@H]1c2ccc(Cl)c(Cl)c2)C(=O)C3CCN(CC3)C(=O)C)C(=O)c4ccc(Cl)cc4,CHEMBL3642164,IC50,9.51
5989233,CN([C@@H]1CCN(C[C@H]1c2ccc(Cl)c(Cl)c2)C(=O)C3CCN(CC3)C(=O)C4(O)CC4)C(=O)c5ccc(cc5)N6CCOCC6,CHEMBL3642172,IC50,9.51
5989243,Clc1ccc2cc(sc2c1)C(=O)NC3(CCCC3)C(=O)N[C@H](Cc4ccccc4)C(=O)NCCCN5CCOCC5,CHEMBL244566,Ki,9.55
2046882,CN([C@@H]1CCN(C[C@H]1c2ccc(Cl)c(Cl)c2)C(=O)C3CCN(CC3)C(=O)C)C(=O)c4ccc(cc4)C5CC5,CHEMBL3642168,IC50,9.6
5989255,Cc1ccc2cc(sc2c1)C(=O)NC3(CCCC3)C(=O)N[C@@H](CCCN4CCN(CC4)C5CCOCC5)Cc6ccccc6,CHEMBL1083866,Ki,9.6
5989266,Cc1ccc2cc(sc2c1)C(=O)NC3(CCCC3)C(=O)N[C@@H](CCCN4CCN(Cc5ccncc5)CC4)Cc6ccccc6,CHEMBL1083872,Ki,9.6
5989277,Clc1ccc(C[C@@H]2CNC(=O)[C@@H](CC(=O)N[C@@H](Cc3c[nH]c4ccccc34)C(=O)N[C@@H](Cc5ccccc5)C(=O)N2)N6CCOCC6)cc1Cl,CHEMBL224494,Ki,9.6
5989288,Clc1ccc2oc(cc2c1)C(=O)NC3(CCCC3)C(=O)N[C@@H](CCCN4CCN(CC5CCOCC5)CC4)Cc6ccccc6,CHEMBL1083846,Ki,9.6
5989299,O=C(NC1(CCCC1)C(=O)N[C@@H](CCCN2CCN(CC3CCOCC3)CC2)Cc4ccccc4)c5cc6ccccc6s5,CHEMBL1083849,Ki,9.6
5989310,[O-][S+]1CCN(CC1)C2CCN(CC(=O)N[C@@H]3CC(=O)N[C@@H](Cc4c[nH]c5ccccc45)C(=O)N[C@@H](Cc6ccccc6)C(=O)N[C@H](Cc7ccccc7)CNC3=O)CC2,CHEMBL446450,Ki,9.6
2045565,CN([C@@H]1CCN(C[C@H]1c2ccc(Cl)c(Cl)c2)C(=O)C3CCN(CC3)C(=O)CO)C(=O)c4ccc(Br)cc4,CHEMBL3642174,IC50,9.62
5989322,Fc1ccc2cc(sc2c1)C(=O)NC3(CCCC3)C(=O)N[C@H](Cc4ccccc4)C(=O)NCC5CCN(CC6CCOCC6)CC5,CHEMBL395971,Ki,9.63
5989333,O=C(NCC1CCN(CC2CCOCC2)CC1)[C@H](Cc3ccccc3)NC(=O)C4(CCCC4)NC(=O)c5ccc(cc5)n6cccc6,CHEMBL1683146,Ki,9.63
2045716,CN([C@@H]1CCN(C[C@H]1c2ccc(Cl)c(Cl)c2)C(=O)C3CCN(CC3)C(=O)C)C(=O)c4ccc(cc4)C(F)(F)F,CHEMBL3642166,IC50,9.64
5989345,O=C(NCC1CCN(CC2CCOCC2)CC1)[C@@H](Cc3ccccc3)NC(=O)C4(CCCC4)NC(=O)c5cc6ccccc6s5,CHEMBL243496,Ki,9.65
5989355,CN([C@@H]1CCN(CC2CCN(CC2)C(=O)C)C[C@H]1c3ccc(Cl)c(Cl)c3)C(=O)c4ccc(Cl)cc4,CHEMBL3642171,IC50,9.66
2045725,CN([C@@H]1CCN(C[C@H]1c2ccc(Cl)c(Cl)c2)C(=O)C3CCN(CC3)C(=O)CO)C(=O)c4ccc(Cl)cc4,CHEMBL3642170,IC50,9.66
5989365,CN([C@@H]1CCN(C[C@H]1c2ccc(Cl)c(Cl)c2)C(=O)C3CCN(CC3)C(=O)CO)C(=O)c4ccc(cc4)C(F)(F)F,CHEMBL3642173,IC50,9.66
5989375,CN1CCC(CC1)N[C@@H]2CC(=O)N[C@@H](Cc3c[nH]c4ccccc34)C(=O)N[C@@H](Cc5ccccc5)C(=O)N[C@H](Cc6ccccc6)CNC2=O,CHEMBL388626,Ki,9.7
2062195,CO\N=C(/CN(C)C(=O)c1cc(Cl)cc(Cl)c1)\[C@H](CCN2CCC(CC2)N3CCCN(CC(=O)N)C3=O)c4ccc(Cl)c(Cl)c4,CHEMBL78284,Ki,9.7
5989388,N[C@H]1CC(=O)N[C@@H](Cc2c[nH]c3ccccc23)C(=O)N[C@@H](Cc4ccccc4)C(=O)N[C@H](Cc5ccc(Cl)c(Cl)c5)CNC1=O,CHEMBL225392,Ki,9.7
5989399,O=C1C[C@@H](N2CCC(CC2)N3CCCCC3)C(=O)NC[C@@H](Cc4ccccc4)NC(=O)[C@H](Cc5ccccc5)NC(=O)[C@H](Cc6c[nH]c7ccccc67)N1,CHEMBL224009,Ki,9.7
5989410,O=C1C[C@@H](N2CCC(CC2)N3CCOCC3)C(=O)NC[C@@H](Cc4ccccc4)NC(=O)[C@H](Cc5ccccc5)NC(=O)[C@H](Cc6c[nH]c7ccccc67)N1,CHEMBL389279,Ki,9.7
5989421,CN(C1CCOCC1)[C@@H]2CC(=O)N[C@@H](Cc3c[nH]c4ccccc34)C(=O)N[C@@H](Cc5ccccc5)C(=O)N[C@H](Cc6ccccc6)CNC2=O,CHEMBL266284,Ki,9.8
5989432,Cc1ccc2cc(sc2c1)C(=O)NC3(CCCC3)C(=O)N[C@@H](CCCN4CCN(Cc5ccccn5)CC4)Cc6ccccc6,CHEMBL1083870,Ki,9.8
5989443,Cc1ccc2cc(sc2c1)C(=O)NC3(CCCC3)C(=O)N[C@@H](CCCN4CCN(Cc5cccs5)CC4)Cc6ccccc6,CHEMBL1083873,Ki,9.8
5989454,Cc1ccc2cc(sc2c1)C(=O)NC3(CCCC3)C(=O)N[C@@H](CCCN4CCN(Cc5ccsc5)CC4)Cc6ccccc6,CHEMBL1083874,Ki,9.8
5989465,Cc1ccc2cc(sc2c1)C(=O)NC3(CCCC3)C(=O)N[C@@H](CCCN4CCN(Cc5cocc5)CC4)Cc6ccccc6,CHEMBL1083875,Ki,9.8
5989476,N[C@@H]1CC(=O)N[C@@H](Cc2c[nH]c3ccccc23)C(=O)N[C@@H](Cc4ccccc4)C(=O)N[C@H](Cc5ccc(Cl)c(Cl)c5)CNC1=O,CHEMBL413715,Ki,9.8
5989487,O=C(CN1CCC(CC1)N2CCOCC2)N[C@@H]3CC(=O)N[C@@H](Cc4c[nH]c5ccccc45)C(=O)N[C@@H](Cc6ccccc6)C(=O)N[C@H](Cc7ccccc7)CNC3=O,CHEMBL225588,Ki,9.8
5989499,O=C1C[C@@H](N2CCOCC2)C(=O)NC[C@@H](Cc3ccccc3)NC(=O)[C@H](Cc4ccccc4)NC(=O)[C@H](Cc5c[nH]c6ccccc56)N1,CHEMBL389459,Ki,9.8
5989510,O=C1C[C@@H](NC2CCS(=O)(=O)CC2)C(=O)NC[C@@H](Cc3ccccc3)NC(=O)[C@H](Cc4ccccc4)NC(=O)[C@H](Cc5c[nH]c6ccccc56)N1,CHEMBL389511,Ki,9.8
5989521,CCCC[C@H](NC(=O)[C@@H]1CCCN1C(=O)[C@@H]2CCCN2C(=O)[C@H](Cc3ccccc3)NC(=O)[C@H](Cc4c[nH]c5ccccc45)NC(=O)[C@H](C)NC(=O)[C@H](C)NC(=O)c6ccccc6)C(=O)N,CHEMBL59780,Ki,9.81
5989532,CCCC[C@H](NC(=O)[C@@H]1CCCN1C(=O)[C@H]2CCCN2C(=O)[C@H](Cc3ccccc3)NC(=O)[C@@H](Cc4c[nH]c5ccccc45)NC(=O)[C@H](C)NC(=O)[C@H](C)NC(=O)c6ccccc6)C(=O)N,CHEMBL2370064,Ki,9.81
5989543,COc1ccc2cc(sc2c1)C(=O)NC3(CCCC3)C(=O)N[C@H](Cc4ccccc4)C(=O)NCC5CCN(CC6CCOCC6)CC5,CHEMBL395973,Ki,9.85
5989554,NS(=O)(=O)N1CCN(CCCNC(=O)[C@@H](Cc2ccccc2)NC(=O)C3(CCCC3)NC(=O)c4cc5ccccc5s4)CC1,CHEMBL394780,Ki,9.88
5989565,CC(=O)N1CCN(CC1)[C@@H]2CC(=O)N[C@@H](Cc3c[nH]c4ccccc34)C(=O)N[C@@H](Cc5ccccc5)C(=O)N[C@H](Cc6ccccc6)CNC2=O,CHEMBL224003,Ki,9.9
5989576,Cc1ccc2cc(sc2c1)C(=O)NC3(CCCC3)C(=O)N[C@@H](CCCC4CCN(CC5CCOCC5)CC4)Cc6ccccc6,CHEMBL1083863,Ki,9.9
5989587,Cc1ccc2cc(sc2c1)C(=O)NC3(CCCC3)C(=O)N[C@@H](CCCN4CCN(Cc5ccc(F)cc5)CC4)Cc6ccccc6,CHEMBL1083869,Ki,9.9
5989598,O=C(C1CC(=O)N[C@@H](Cc2c[nH]c3ccccc23)C(=O)N[C@@H](Cc4ccccc4)C(=O)N[C@@H](Cc5ccccc5)CNC1=O)N6CCOCC6,CHEMBL2112925,Ki,9.9
5989609,OC1CCN(CC(=O)N[C@@H]2CC(=O)N[C@@H](Cc3c[nH]c4ccccc34)C(=O)N[C@@H](Cc5ccccc5)C(=O)N[C@H](Cc6ccccc6)CNC2=O)CC1,CHEMBL224374,Ki,9.9
5989620,O=C(CCNC(=O)[C@@H](Cc1ccccc1)NC(=O)C2(CCCC2)NC(=O)c3cc4ccccc4s3)N5CCN(CC5)c6ccccn6,CHEMBL242626,Ki,9.93
5989631,Cc1ccc2cc(sc2c1)C(=O)NC3(CCCC3)C(=O)N[C@@H](CCCN4CCN(CC4)C(=O)C5CCOCC5)Cc6ccccc6,CHEMBL1083879,Ki,10.0
5989643,Clc1ccc(C[C@@H]2CNC(=O)CCC(=O)N[C@@H](Cc3c[nH]c4ccccc34)C(=O)N[C@@H](Cc5ccccc5)C(=O)N2)cc1Cl,CHEMBL223221,Ki,10.0
5989654,NS(=O)(=O)N1CCN(CC(=O)N[C@@H]2CC(=O)N[C@@H](Cc3c[nH]c4ccccc34)C(=O)N[C@@H](Cc5ccccc5)C(=O)N[C@H](Cc6ccccc6)CNC2=O)CC1,CHEMBL225297,Ki,10.0
5989665,O=C1C[C@@H](NC2CCSCC2)C(=O)NC[C@@H](Cc3ccccc3)NC(=O)[C@H](Cc4ccccc4)NC(=O)[C@H](Cc5c[nH]c6ccccc56)N1,CHEMBL389510,Ki,10.0
5989676,CCN(CC)c1ccc2cc(sc2c1)C(=O)NC3(CCCC3)C(=O)N[C@H](Cc4ccccc4)C(=O)NCC5CCN(CC6CCOCC6)CC5,CHEMBL395974,Ki,10.01
5989687,Cc1ccc2cc(sc2c1)C(=O)NC3(CCCC3)C(=O)N[C@@H](CCN4CCN(CC4)C5CCOCC5)Cc6ccccc6,CHEMBL1083858,Ki,10.1
5989698,Cl.N[C@@H](CCC(=O)N1CCN(CC2CCOCC2)CC1)Cc3ccccc3,CHEMBL1083974,Ki,10.1
5989709,Cc1ccc2cc(sc2c1)C(=O)NC3(CCCC3)C(=O)N[C@H](Cc4ccccc4)C(=O)NCC5CCN(CC6CCOCC6)CC5,CHEMBL266125,Ki,10.12
5989720,CS(=O)(=O)N1CCC(CC1)N[C@@H]2CC(=O)N[C@@H](Cc3c[nH]c4ccccc34)C(=O)N[C@@H](Cc5ccccc5)C(=O)N[C@H](Cc6ccccc6)CNC2=O,CHEMBL439281,Ki,10.2
5989731,O=C1C[C@@H](NC2CCOCC2)C(=O)NC[C@@H](Cc3ccccc3)NC(=O)[C@H](Cc4ccccc4)NC(=O)[C@H](Cc5c[nH]c6ccccc56)N1,CHEMBL387506,Ki,10.2
5989742,FC(F)(F)c1ccc2cc(sc2c1)C(=O)NC3(CCCC3)C(=O)N[C@H](Cc4ccccc4)C(=O)NCC5CCN(CC6CCOCC6)CC5,CHEMBL395972,Ki,10.22
5989753,Brc1ccc2cc(sc2c1)C(=O)NC3(CCCC3)C(=O)N[C@H](Cc4ccccc4)C(=O)NCC5CCN(CC6CCOCC6)CC5,CHEMBL244362,Ki,10.24
5989764,Clc1ccc2cc(sc2c1)C(=O)NC3(CCCC3)C(=O)N[C@H](Cc4ccccc4)C(=O)NCC5CCN(CC6CCOCC6)CC5,CHEMBL243711,Ki,10.28
5989775,Cc1ccc2cc(sc2c1)C(=O)NC3(CCCC3)C(=O)N[C@@H](CCCN4CCN(CC5CCOCC5)CC4)Cc6ccccc6,CHEMBL1083850,Ki,10.3
5989786,NS(=O)(=O)N1CCC(CC1)N[C@@H]2CC(=O)N[C@@H](Cc3c[nH]c4ccccc34)C(=O)N[C@@H](Cc5ccccc5)C(=O)N[C@H](Cc6ccccc6)CNC2=O,CHEMBL436981,Ki,10.3
5989797,[O-][S+]1CCC(CC1)N[C@@H]2CC(=O)N[C@@H](Cc3c[nH]c4ccccc34)C(=O)N[C@@H](Cc5ccccc5)C(=O)N[C@H](Cc6ccccc6)CNC2=O,CHEMBL224081,Ki,10.6
