id,smiles,name,assay_type,activity_value
51914,C(Cc1ccccc1)Nc2nccc3[nH]c4ccccc4c23,CHEMBL497765,Ki,7.0
51926,C(Nc1ccnc2[nH]c3ccccc3c12)C4CC4,CHEMBL497368,Ki,7.0
51937,CN(CC(=O)N1CCC[C@@H]([C@@H]1CN2CCCC2)c3ccccc3)c4cccc(c4)C(F)(F)F,CHEMBL256773,Ki,7.0
51948,COc1cc(Br)c(cc1OC)S(=O)(=O)Nc2ccc(c(OCCN(C)C)c2)C(F)(F)F,CHEMBL2348523,IC50,7.0
51959,CCN1CCN(CC1)c2cccc3C(=O)N([C@H](CCCNS(=O)(=O)c4cn(C)c(C)n4)c5ccc(OC)c(OC)c5)C(=O)c23,CHEMBL569923,Ki,7.01
51970,CN1CCC(C1)Oc2ccc(CN3CCC(C3)NC(=O)c4ccc(Cl)c(Cl)c4)cc2,CHEMBL518949,Ki,7.01
51981,COc1ccc(cc1OC)[C@@H](CCCNC(=O)c2c(C)n[nH]c2C)N3C(=O)c4cccc(N5CCN(CC5)[C@H](C)c6ccccc6)c4C3=O,CHEMBL565388,Ki,7.06
51992,C(Nc1nccc2[nH]c3ccccc3c12)C4CCCO4,CHEMBL525759,Ki,7.1
52003,CCCCNc1ccnc2[nH]c3ccccc3c12,CHEMBL494934,Ki,7.1
52014,CN(CC(=O)N1CCCC(C1CN2CCOCC2)c3ccccc3)c4ccc(Cl)c(Cl)c4,CHEMBL402805,Ki,7.1
52025,CN(CC(=O)N1CCC[C@@H]([C@@H]1CN2CCCC2)c3ccccc3)c4cccc(Cl)c4,CHEMBL256299,Ki,7.1
52036,CS(=O)(=O)N(CC(=O)N1CCC[C@@H]([C@@H]1CN2CCCC2)c3ccccc3)c4ccc(Cl)c(Cl)c4,CHEMBL256300,Ki,7.1
52047,O=C(Cc1cccc2ccccc12)N3CCC[C@@H]([C@@H]3CN4CCCC4)c5ccccc5,CHEMBL402304,Ki,7.1
52058,CC(C)(C)OC(=O)N1CCC(CCNC(=O)c2cc(Cl)ccc2C3CCN(CCN4C(=O)COc5ccccc45)CC3)CC1,CHEMBL240916,Ki,7.11
52069,CN(C)CCC(NC(=O)c1ccc(cc1)C(F)(F)F)c2ccc(Cl)cc2,CHEMBL204988,EC50,7.11
52080,CN(C)CCC(NC(=O)c1ccc(cc1)c2ccccc2)c3ccc(Cl)cc3,CHEMBL204989,EC50,7.11
52091,Cc1cc2nccc(NC(=O)NCCN3CCC(O)(Cc4ccccc4)CC3)c2s1,CHEMBL3358674,IC50,7.11
52102,COc1ccc(cc1OC)C(CCCNS(=O)(=O)c2cccs2)N3C(=O)c4cccc(N5CCN(CC5)[C@H](C)c6ccccc6)c4C3=O,CHEMBL568316,Ki,7.12
52113,Clc1ccc(cc1Cl)C(=O)NC2CCCCN(C2)S(=O)(=O)c3ccc(OC4CCNCC4)c(Br)c3,CHEMBL521117,Ki,7.15
52124,[O-][N+](=O)c1cc(CCN2CC[C@@H](C2)NC(=O)c3ccc(Cl)c(Cl)c3)ccc1OC4CCNCC4,CHEMBL482114,Ki,7.16
52135,COc1cc2CCN(CCNC(=O)Nc3cc(C)nc4ccccc34)C(CCc5cc(F)ccc5F)c2cc1OC,CHEMBL1163360,IC50,7.17
52146,CN(C)CCC(NC(=O)c1ccc(Oc2ccccc2)cc1)c3ccc(Cl)cc3,CHEMBL203626,EC50,7.18
52157,CC(C)(C)OC(=O)N1CCN(CCNC(=O)c2cc(Cl)ccc2C3CCN(CCN4C(=O)COc5ccccc45)CC3)CC1,CHEMBL396443,Ki,7.19
52168,CCN1CCN(CC1)c2cccc3C(=O)N4[C@H](CCC[C@@H]4c23)c5ccc(OC)c(OC)c5,CHEMBL566894,Ki,7.19
52179,CCCCNc1ccnc2[nH]c3ccc(C)cc3c12,CHEMBL497578,Ki,7.2
52190,CCCCNc1nccc2c1c3ccccc3n2C(C)C,CHEMBL505353,Ki,7.2
52201,Clc1ccc(NCC(=O)N2CCC[C@@H]([C@@H]2CN3CCCC3)c4ccccc4)cc1Cl,CHEMBL257349,Ki,7.2
52212,CCN1CCN(CC1)c2cccc3C(=O)N(Cc23)[C@H](CCCNc4cncc(Cl)n4)c5ccc(OC)c(OC)c5,CHEMBL566056,Ki,7.21
52223,Fc1cc(CCN2CC[C@@H](C2)NC(=O)c3ccc(Cl)c(Cl)c3)ccc1OC4CCNCC4,CHEMBL481946,Ki,7.21
52233,CC(C)[C@H](NC(=O)[C@@H]1CSSC[C@H](NC(=O)[C@H](C)N)C(=O)N[C@@H](Cc2ccccc2)C(=O)N[C@@H]3Cc4c(CN([C@@H](CCCCN)C(=O)N[C@@H](Cc5ccc(O)cc5)C(=O)N1)C3=O)[nH]c6ccccc46)C(=O)O,CHEMBL3104461,IC50,7.22
52244,CCc1cc(NC(=O)NCCN2CCC(O)(Cc3ccccc3)CC2)c4sccc4n1,CHEMBL3358680,IC50,7.22
52255,CN(C)CCCOc1ccc(CN2CC[C@@H](C2)NC(=O)c3ccc(Cl)c(Cl)c3)cc1Br,CHEMBL480775,Ki,7.22
52266,COc1cc(Br)c(cc1OC)S(=O)(=O)Cc2ccc(Cl)c(O[C@@H]3CCN(C)C3)c2,CHEMBL2348502,IC50,7.22
52277,COc1ccc(cc1OC)[C@@H](CCCN(C)S(=O)(=O)c2cccs2)N3Cc4c(cccc4C3=O)N5CCN(CC5)C6CC6,CHEMBL578204,Ki,7.23
52288,COc1ccc(cc1OC)[C@@H](CCCNS(=O)(=O)c2cccs2)N3C(=O)c4cccc(N5CCN(C)CC5)c4C3=O,CHEMBL567949,Ki,7.23
52299,Clc1ccc(C2CCN(CCN3C(=O)COc4ccccc34)CC2)c(c1)C(=O)NCC5CCN(CC5)C(=O)OCc6ccccc6,CHEMBL391354,Ki,7.27
52310,CCCCNc1ccnc2[nH]c3ccc(Cl)cc3c12,CHEMBL497579,Ki,7.3
52321,CCCCNc1nccc2c1c3ccccc3n2C,CHEMBL495918,Ki,7.3
52332,Clc1ccc(cc1Cl)N(CC2CC2)CC(=O)N3CCC[C@@H]([C@@H]3CN4CCCC4)c5ccccc5,CHEMBL256365,Ki,7.3
52343,COc1ccc(cc1OC)[C@@H](CCCN(C)S(=O)(=O)c2cccs2)N3Cc4c(cccc4C3=O)N5CCNCC5,CHEMBL565416,Ki,7.31
52354,COc1ccc(cc1OC)[C@@H](CCCNS(=O)(=O)c2cccs2)N3C(=O)c4cccc(N5CCN(CC5)[C@H](C)c6ccccc6)c4C3=O,CHEMBL568165,Ki,7.31
52365,CN1CCC(C1)Oc2ccc(CN3CC[C@@H](C3)NC(=O)c4ccc(Cl)c(Cl)c4)cc2Cl,CHEMBL546011,Ki,7.33
52376,COc1ccc(cc1OC)[C@@H](CCCNS(=O)(=O)c2cccs2)N3C(=O)c4cccc(N5CCN(CC5)C(C)C)c4C3=O,CHEMBL567736,Ki,7.35
52387,COc1ccc(cc1OC)[C@@H](CCCN(C)S(=O)(=O)c2cccs2)N3Cc4c(cccc4C3=O)N5CCN(CC5)C6CCC6,CHEMBL571537,Ki,7.36
52398,Clc1ccc(cc1Cl)C(=O)N[C@H]2CCN(Cc3ccc(O[C@H]4CCNC4)c(Br)c3)C2,CHEMBL516606,Ki,7.36
52409,COc1cc(Br)c(cc1OC)S(=O)(=O)Nc2ccc(Cl)c(O[C@@H]3CCN(C)C3)c2,CHEMBL2348501,IC50,7.37
52420,Clc1ccc(cc1Cl)C(=O)N[C@H]2CCN(CCc3ccc(OC4CCNCC4)cc3)C2,CHEMBL480165,Ki,7.38
52431,OC1(Cc2cccc(Br)c2)CCN(CCNC(=O)Nc3ccnc4ccsc34)CC1,CHEMBL3358686,IC50,7.38
52442,CN1CCC(C1)Oc2ccc(CN3CCC(C3)NC(=O)c4ccc(Cl)c(Cl)c4)cc2Br,CHEMBL518301,Ki,7.39
52454,Cc1cc(NC(=O)NCCN2CCC(O)(Cc3ccccc3)CC2)c4ccccc4n1,CHEMBL567303,Ki,7.39
52465,Clc1ccc2OC(=O)N(CC(=O)N3CCCC(C3CN4CCOCC4)c5ccccc5)c2c1,CHEMBL404289,Ki,7.4
52476,COc1cc(CCN2CC[C@@H](C2)NC(=O)c3ccc(Cl)c(Cl)c3)ccc1OC4CCNCC4,CHEMBL519629,Ki,7.44
52487,OC1(Cc2ccccc2)CCN(CCNC(=O)Nc3ccnc4ccsc34)CC1,CHEMBL3358672,IC50,7.44
52498,CCN1CCN(CC1)c2cccc3C(=O)N([C@H](CCCNS(=O)(=O)c4cccs4)c5ccc(OC)c(OC)c5)C(=O)c23,CHEMBL566433,Ki,7.46
52509,CN(C)CC[C@H](NC(=O)c1ccc(cc1)c2ccccc2)c3ccc(Cl)cc3,CHEMBL207823,EC50,7.49
52520,CCCCNc1ccnc2[nH]c3c(OC)cccc3c12,CHEMBL497580,Ki,7.5
52531,CCCO[C@H]1CCCN([C@H]1CN2CCCC2)C(=O)Cc3csc4ccc(Cl)cc34,CHEMBL255665,Ki,7.5
52542,CCN(CC(=O)N1CCC[C@@H]([C@@H]1CN2CCCC2)c3ccccc3)c4ccc(Cl)c(Cl)c4,CHEMBL256160,Ki,7.5
52553,COc1ccc(cc1OC)[C@@H](CCCNS(=O)(=O)c2cnoc2C)N3C(=O)c4cccc(N5CCN(CC5)[C@H](C)c6ccccc6)c4C3=O,CHEMBL565806,Ki,7.5
52564,Clc1ccc2scc(CC(=O)N3C[C@@H](CC[C@H]3CN4CCCC4)c5ccccc5)c2c1,CHEMBL256138,Ki,7.5
52575,Clc1ccc(C2CCN(CCN3C(=O)COc4ccccc34)CC2)c(c1)C(=O)NCC5CCN(CC5)C(=O)NCc6ccccc6,CHEMBL239199,Ki,7.52
52586,Clc1ccc(C2CCN(CCN3C(=O)COc4ccccc34)CC2)c(c1)C(=O)NCC5CCN(CC5)S(=O)(=O)Cc6ccccc6,CHEMBL239250,Ki,7.52
52597,CC(C)(C)CC(=O)N1CCC(CNC(=O)c2cc(Cl)ccc2C3CCN(CCN4C(=O)COc5ccccc45)CC3)CC1,CHEMBL237879,Ki,7.57
52608,Cc1cc(NC(=O)NCCN2CCC(O)(Cc3ccccc3)CC2)c4sccc4n1,CHEMBL3358679,IC50,7.59
52619,C(Nc1nccc2[nH]c3ccccc3c12)c4cccs4,CHEMBL496516,Ki,7.6
52630,CCCNc1nccc2[nH]c3ccccc3c12,CHEMBL509831,Ki,7.6
52641,CCN1CCN(CC1)c2cccc3C(=O)N(Cc23)[C@H](CCCNS(=O)(=O)c4c[nH]cn4)c5ccc(OC)c(OC)c5,CHEMBL578207,Ki,7.6
52652,Clc1ccc2scc(CC(=O)N3CCC[C@H](C4CCCCC4)[C@@H]3CN5CCCC5)c2c1,CHEMBL257337,Ki,7.6
52663,CN(CC(=O)N(C)C(CN1CCCC1)c2ccc(cc2)c3ccccc3)c4ccc(Cl)c(Cl)c4,CHEMBL488642,Ki,7.7
52674,COCCNc1nccc2[nH]c3ccccc3c12,CHEMBL522895,Ki,7.7
52685,Cc1ccccc1CC2(O)CCN(CCNC(=O)Nc3ccnc4ccsc34)CC2,CHEMBL3358682,IC50,7.7
52696,OC1(Cc2ccccc2Br)CCN(CCNC(=O)Nc3ccnc4ccsc34)CC1,CHEMBL3358685,IC50,7.7
52707,CC(C)C[C@H](NC(=O)c1cc2ccccc2s1)C(=O)N[C@H]3CCN(CCc4ccc(O[C@@H]5CCNC5)c(Br)c4)C3,CHEMBL517991,Ki,7.75
52718,CCN1CCN(CC1)c2cccc3C(=O)N(Cc23)[C@H](CCCNC(=O)c4cccs4)c5ccc(OC)c(OC)c5,CHEMBL567075,Ki,7.75
52729,CCN1CCN(CC1)c2cccc3C(=O)N(Cc23)[C@H](CCCNCc4cccs4)c5ccc(OC)c(OC)c5,CHEMBL568123,Ki,7.75
52741,CN(CC(=O)N1CCCC(C1CN2CCCC2)c3ccccc3)c4ccc(Cl)c(Cl)c4,CHEMBL254356,Ki,7.8
52752,CN(CC(=O)N1CCC[C@@H]([C@@H]1CN2CCCC2)c3ccccc3)c4ccc(Cl)c(Cl)c4,CHEMBL402303,Ki,7.8
52763,CN([C@@H](CN1CCOCC1)c2ccc(cc2)c3ccccc3)C(=O)CN4C(=O)COc5cc(Cl)c(Cl)cc45,CHEMBL453075,Ki,7.8
52774,COc1ccc(cc1OC)[C@@H](CCCNS(=O)(=O)c2cn(C)c(C)n2)N3C(=O)c4cccc(N5CCN(CC5)[C@H](C)c6ccccc6)c4C3=O,CHEMBL565395,Ki,7.8
52785,Cc1ccc2scc(CC(=O)N3CCC[C@@H]([C@@H]3CN4CCCC4)c5ccccc5)c2c1,CHEMBL255927,Ki,7.8
52796,CN(CC(=O)N(C)C(CN1CCCC1)c2ccccc2)c3ccc(Cl)c(Cl)c3,CHEMBL527199,Ki,7.82
52807,COc1ccc(cc1OC)[C@@H](CCCNC(=O)c2cnoc2C)N3Cc4c(cccc4C3=O)N5CCN(CC5)[C@H](C)c6ccccc6,CHEMBL578206,Ki,7.82
52818,Clc1ccc(cc1Cl)C(=O)N[C@H]2CCN(CCc3ccc(OC4CCNCC4)c(Cl)c3)C2,CHEMBL521418,Ki,7.82
52829,COc1cc(Br)c(cc1OC)S(=O)(=O)Nc2ccc(c(O[C@@H]3CCN(C)C3)c2)C(F)(F)F,CHEMBL522770,IC50,7.85
52840,CN(C(CN1CCOCC1)c2ccc(cc2)c3ccccc3)C(=O)CN4C(=O)COc5cc(Cl)c(Cl)cc45,CHEMBL453074,Ki,7.89
52851,CN(CC(=O)N(C)[C@@H](CN1CCCC1)c2ccccc2)c3ccc(Cl)c(Cl)c3,CHEMBL488470,Ki,7.89
52862,COc1ccc(cc1OC)[C@@H](CCCNS(=O)(=O)c2c(C)n[nH]c2C)N3C(=O)c4cccc(N5CCN(CC5)[C@H](C)c6ccccc6)c4C3=O,CHEMBL567759,Ki,7.89
52873,OC1(Cc2ccc(F)cc2)CCN(CCNC(=O)Nc3ccnc4ccsc34)CC1,CHEMBL3358687,IC50,7.89
52884,C(Nc1nccc2[nH]c3ccccc3c12)c4ccccc4,CHEMBL500880,Ki,7.9
52895,CC(C)CCNc1nccc2[nH]c3ccccc3c12,CHEMBL495937,Ki,7.9
52906,CCOCCNc1nccc2[nH]c3ccccc3c12,CHEMBL495907,Ki,7.9
52917,CC(C)C[C@H](NC(=O)c1cc2ccccc2s1)C(=O)N[C@H]3CCN(C3)S(=O)(=O)c4ccc(OC5CCNCC5)c(Br)c4,CHEMBL505360,Ki,7.92
52928,CC(C)[C@H](NC(=O)c1cc2ccccc2s1)C(=O)N[C@H]3CCN(Cc4ccc(OCCCN(C)C)cc4)C3,CHEMBL1164523,Ki,7.92
52939,CCN1CCN(CC1)c2cccc3C(=O)N(Cc23)[C@H](CCCNC(=O)c4c(C)n[nH]c4C)c5ccc(OC)c(OC)c5,CHEMBL578205,Ki,7.96
52950,COc1ccc(cc1OC)[C@@H](CCCN(C)S(=O)(=O)c2cccs2)N3Cc4c(cccc4C3=O)N5CCN(CC5)C(C)C,CHEMBL578203,Ki,7.96
52961,C(Nc1nccc2[nH]c3ccccc3c12)C4CCCCC4,CHEMBL497562,Ki,8.0
52972,CCC(C)CNc1nccc2[nH]c3ccccc3c12,CHEMBL523566,Ki,8.0
52983,Clc1ccc(cc1Cl)C(=O)N[C@H]2CCN(CCc3ccc(OC4CCNCC4)c(Br)c3)C2,CHEMBL479994,Ki,8.0
52994,Brc1ccc2scc(CC(=O)N3CCC[C@@H]([C@@H]3CN4CCCC4)c5ccccc5)c2c1,CHEMBL403947,Ki,8.1
53005,CCN1CCN(CC1)c2cccc3C(=O)N(Cc23)[C@H](CCCNc4cncc(OC)n4)c5ccc(OC)c(OC)c5,CHEMBL571625,Ki,8.1
53036,COCCN(CC(=O)N1CCCC(C1CN2CCCC2)c3ccccc3)c4ccc(Cl)c(Cl)c4,CHEMBL256937,Ki,8.1
53048,Clc1ccc2scc(CC(=O)N3CCC[C@@H]([C@@H]3CN4CCCC4)c5ccccc5)c2c1,CHEMBL404177,Ki,8.1
53059,C(Nc1nccc2[nH]c3ccccc3c12)C4CC4,CHEMBL497561,Ki,8.2
53070,CCCCCCNc1nccc2[nH]c3ccccc3c12,CHEMBL496920,Ki,8.2
53081,CNC(=O)c1cccc(c1)c2ccc(cc2)C(CN3CCOCC3)N(C)C(=O)CN4C(=O)C=Nc5cc(C)c(C)cc45,CHEMBL499582,Ki,8.22
53092,Clc1ccc(cc1Cl)N(CC#N)CC(=O)N2CCCC(C2CN3CCOCC3)c4ccccc4,CHEMBL258251,Ki,8.22
53103,Clc1ccc2SC(=O)N(CC(=O)N3CCCC(C3CN4CCOCC4)c5ccccc5)c2c1,CHEMBL255460,Ki,8.22
53114,Clc1ccc(cc1Cl)C(=O)N[C@H]2CCN(Cc3ccc(O[C@@H]4CCNC4)c(Br)c3)C2,CHEMBL482259,Ki,8.26
53125,COc1cccc(c1)c2ccc(cc2)C(CN3CCOCC3)N(C)C(=O)CN4C(=O)COc5cc(Cl)c(Cl)cc45,CHEMBL453329,Ki,8.3
53136,Cc1cc(NC(=O)NCCN2CCC(O)(Cc3ccccc3)CC2)c4ccccc4n1.OS(=O)(=O)O,CHEMBL1164032,Ki,8.3
53147,Cc1cc2N=CC(=O)N(CC(=O)N3CCCC(C3CN4CCOCC4)c5ccccc5)c2cc1C,CHEMBL256721,Ki,8.3
53158,Clc1ccc2OC(=O)N(CC(=O)N3CCCC(C3CN4CCCC4)c5ccccc5)c2c1,CHEMBL257150,Ki,8.3
53169,CCCCCNc1nccc2[nH]c3ccccc3c12,CHEMBL497172,Ki,8.4
53180,CCCCNc1nccc2[nH]c3ccccc3c12,CHEMBL497171,Ki,8.4
53191,CCN1CCN(CC1)c2cccc3C(=O)N(Cc23)[C@H](CCCNS(=O)(=O)c4cccs4)c5ccc(OC)c(OC)c5,CHEMBL567713,Ki,8.4
53202,CNC(=O)c1cccc(c1)c2ccc(cc2)C(CN3CCOCC3)N(C)C(=O)CN4C(=O)C=Nc5cc(Cl)c(Cl)cc45,CHEMBL507691,Ki,8.4
53213,COc1ccc(cc1OC)[C@@H](CCCNS(=O)(=O)c2cccs2)N3Cc4c(cccc4C3=O)N5CCN(CC5)C(C)C,CHEMBL568637,Ki,8.4
53224,Clc1ccc(cc1Cl)C(=O)N[C@H]2CCN(Cc3ccc(OC4CCNCC4)c(Br)c3)C2,CHEMBL495075,Ki,8.4
53235,CC(C)C[C@H](NC(=O)c1cc2ccccc2s1)C(=O)N[C@H]3CCN(Cc4ccc(OC5CCNCC5)c(Br)c4)C3,CHEMBL479413,Ki,8.52
53246,CN(C(CN1CCOCC1)c2ccc(cc2)c3ccc(NC(=O)C)cc3)C(=O)CN4C(=O)COc5cc(C)c(C)cc45,CHEMBL449192,Ki,8.52
53257,COCCN(CC(=O)N(C)C(CN1CCCC1)c2ccc(cc2)c3ccc(cc3)C(=O)N)c4ccc(Cl)c(Cl)c4,CHEMBL453067,Ki,8.52
53268,Clc1cc2N=CC(=O)N(CC(=O)N3CCCC(C3CN4CCOCC4)c5ccccc5)c2cc1Cl,CHEMBL256988,Ki,8.52
53279,Clc1cc2OCC(=O)N(CC(=O)N3CCCC(C3CN4CCOCC4)c5ccccc5)c2cc1Cl,CHEMBL402520,Ki,8.7
53290,Clc1ccc(cc1Cl)N(CC#N)CC(=O)N2CCCC(C2CN3CCCC3)c4ccccc4,CHEMBL257767,Ki,8.7
53301,Clc1ccc2SC(=O)N(CC(=O)N3CCCC(C3CN4CCCC4)c5ccccc5)c2c1,CHEMBL255462,Ki,8.92
53312,Cc1cc2N=CC(=O)N(CC(=O)N3CCCC(C3CN4CCCC4)c5ccccc5)c2cc1C,CHEMBL257415,Ki,9.0
53323,Clc1cc2N=CC(=O)N(CC(=O)N3CCCC(C3CN4CCCC4)c5ccccc5)c2cc1Cl,CHEMBL256989,Ki,9.22
53334,Cc1cc2OCC(=O)N(CC(=O)N3CCCC(C3CN4CCCC4)c5ccccc5)c2cc1C,CHEMBL257171,Ki,9.4
53345,Clc1cc2OCC(=O)N(CC(=O)N3CCCC(C3CN4CCCC4)c5ccccc5)c2cc1Cl,CHEMBL255509,Ki,9.4
53356,CN(C(CN1CCCC1)c2ccc(cc2)c3cccc(c3)C(=O)N)C(=O)CN(CC#N)c4ccc(Cl)c(Cl)c4,CHEMBL453587,Ki,9.52
