,molecule_chembl_id,canonical_smiles,pchembl_value
0,CHEMBL65665,Nc1ncnc2nc(cc(c3cccc(Br)c3)c12)c4ccc(nc4)N5CCC6(CC5)OCCO6,7.55
1,CHEMBL198972,CNC(=O)Nc1ncnc2c1c(cn2[C@@H]3O[C@H](C)[C@@H](O)[C@H]3O)c4ccccc4,7.57
2,CHEMBL376844,CN(C)c1cc(cnc1N2CCOCC2)C#Cc3ncnc(N)c3c4ccc5OCOc5c4,7.59
3,CHEMBL100262,C[C@H]1O[C@H]([C@H](O)[C@@H]1O)n2cc(c3ccc(F)cc3)c4c(Nc5ccc(F)cc5)ncnc24,7.59
4,CHEMBL99203,Nc1ncnc2c1c(I)cn2[C@@H]3O[C@H](CO)[C@@H](O)[C@H]3O,7.59
5,CHEMBL425752,CC(C)NC(=O)CNc1ncnc2c1c(cn2[C@@H]3O[C@H](C)[C@@H](O)[C@H]3O)c4ccccc4,7.6
6,CHEMBL150478,COc1ccc(cc1OC)c2c(nc3ncnc(N)c3c2c4cc(Br)cs4)c5cccs5,7.6
7,CHEMBL99536,C[C@H]1O[C@H]([C@H](O)[C@@H]1O)n2cc(c3ccccc3)c4c(Nc5cccnc5)ncnc24,7.6
8,CHEMBL390827,Cc1ccc(cc1)C#Cc2ncnc(N)c2c3ccc(Cl)cc3,7.6
9,CHEMBL328824,OC[C@H]1O[C@H]([C@H](O)[C@@H]1O)n2cc(I)c3c(Cl)ncnc23,7.62
10,CHEMBL356339,Nc1ncnc2nc(cc(NCCc3c[nH]c4ccccc34)c12)c5ccc(nc5)N6CCOCC6,7.64
11,CHEMBL317711,Nc1ncnc2nc(cc(c3cccc(Br)c3)c12)c4ccc(nn4)N5CCC(CCOC6CCOCC6)CC5,7.64
12,CHEMBL183535,Brc1cccc(c1)c2[nH]nc3ncnc(C#Cc4ccc(nc4)N5CCOCC5)c23,7.66
13,CHEMBL225705,CC(C)c1ccc(cc1)c2c(N)ncnc2C#Cc3ccc(cc3)N(C)C,7.66
14,CHEMBL120650,Nc1ncnc(C#Cc2ccc(nc2)N3CCOCC3)c1Cc4cccc(Br)c4,7.66
15,CHEMBL216119,CN(C)c1ccc(cc1)C#Cc2ncnc(N)c2c3ccccc3,7.7
16,CHEMBL191161,CN(C)c1ccc(cc1)c2nc3ncnc(N)c3cc2c4ccc(Br)cc4,7.7
17,CHEMBL226515,COc1ccc(cc1OC)c2c(N)ncnc2C#Cc3ccc(cc3)N(C)C,7.7
18,CHEMBL200196,O[C@@H]1CO[C@H]([C@@H]1O)n2cc(c3ccccc3)c4c(NCC(=O)NC5CC5)ncnc24,7.7
19,CHEMBL104983,Nc1ncnc2nc(cc(c3cccc(Br)c3)c12)c4ccc(nc4)N5CC6CC5CO6,7.71
20,CHEMBL364496,OC[C@H]1O[C@H]([C@H](O)[C@@H]1O)n2c(Nc3ccccc3)nc4c(ncnc24)N5CCc6ccccc56,7.72
21,CHEMBL102524,CON=C1CCN(CC1)c2ccc(nn2)c3cc(c4cccc(Br)c4)c5c(N)ncnc5n3,7.73
22,CHEMBL225679,CC(C)NC(=O)Nc1cc(cnc1N2CCOCC2)C#Cc3ncnc(N)c3c4ccc5OCOc5c4,7.75
23,CHEMBL388192,COc1ccc(cc1)c2c(N)ncnc2C#Cc3ccc(cc3)N(C)C,7.75
24,CHEMBL101805,Nc1ncnc2nc(cc(c3cccc(Br)c3)c12)c4ccc(nn4)N5CCC(COC6CCOCC6)CC5,7.76
25,CHEMBL225833,Nc1ncnc(C#Cc2ccc(cc2)N3CCOCC3)c1c4ccc(Cl)cc4,7.77
26,CHEMBL319412,Nc1ncnc2nc(cc(c3cccc(Br)c3)c12)c4ccc(nn4)N5CCC[C@H]5CO,7.79
27,CHEMBL375294,CN(C)c1ccc(cc1)C#Cc2ncnc(N)c2c3cccc(c3)[N+](=O)[O-],7.8
28,CHEMBL197072,C[C@H]1O[C@H]([C@H](O)[C@@H]1O)n2cc(c3ccccc3)c4c(NCC(=O)NCCCO)ncnc24,7.8
29,CHEMBL144936,NC[C@@H]1O[C@H]([C@H](O)[C@@H]1O)n2cc(I)c3c(N)ncnc23,7.8
30,CHEMBL103729,COCCOC1CCN(CC1)c2ccc(nn2)c3cc(c4cccc(Br)c4)c5c(N)ncnc5n3,7.82
31,CHEMBL358584,COC[C@@H]1O[C@H]([C@H](O)[C@@H]1O)n2cc(c3ccccc3)c4c(Nc5ccccc5)ncnc24,7.82
32,CHEMBL427272,CNc1ncnc(C#Cc2ccc(cc2)N(C)C)c1c3ccc(Cl)cc3,7.85
33,CHEMBL318645,C[C@H]1O[C@H]([C@H](O)[C@@H]1O)n2cc(c3ccccc3)c4c(Nc5ccc(cc5)C#N)ncnc24,7.85
34,CHEMBL225887,Nc1ccc(cn1)C#Cc2ncnc(N)c2c3ccc(Cl)cc3,7.85
35,CHEMBL225696,CN(C)c1ccc(cc1)C#Cc2ncnc(N)c2c3ccc(C)cc3,7.89
36,CHEMBL226505,CN(C)c1ccc(cc1)C#Cc2ncnc(N3CCN(CC3)S(=O)(=O)N(C)C)c2c4ccc(Cl)cc4,7.89
37,CHEMBL225782,Nc1ncnc(C#Cc2ccc(nc2)N3CCOCC3)c1c4cccs4,7.89
38,CHEMBL193253,CCCCc1cc2c(N)ncnc2nc1c3cccs3,7.96
39,CHEMBL106386,CCOC1CCN(CC1)c2ccc(nn2)c3cc(c4cccc(Br)c4)c5c(N)ncnc5n3,7.98
40,CHEMBL389409,CN(C)c1ccc(cc1)C#Cc2ncnc(N)c2c3cccc(Cl)c3,8.0
41,CHEMBL366539,CN(C)c1ccc(cn1)c2oc3ncnc(N4CC5CCN(Cc6ccccc6)C5C4)c3n2,8.0
42,CHEMBL387486,Nc1ccc(cc1)C#Cc2ncnc(N)c2c3ccc(Cl)cc3,8.0
43,CHEMBL380998,Nc1cccc(c1)c2cn([C@@H]3OC[C@@H](O)[C@H]3O)c4ncnc(Nc5ccc(F)cc5)c24,8.0
44,CHEMBL375255,Nc1ncnc(C#Cc2ccc(nc2)N3CCOCC3)c1c4ccc5OCOc5c4,8.0
45,CHEMBL116872,Nc1ncnc2nc(cc(NCc3c[nH]c4ccccc34)c12)c5ccc(nc5)N6CCOCC6,8.0
46,CHEMBL65664,Nc1ncnc2nc(cc(c3cccc(Br)c3)c12)c4ccc(nc4)N5CCC(=NOC6CCOCC6)CC5,8.0
47,CHEMBL66089,Nc1ncnc2nc(cc(c3cccc(Br)c3)c12)c4ccc(nc4)N5CCOCC5,8.0
48,CHEMBL200457,OC[C@H]1O[C@H]([C@H](O)[C@@H]1O)n2nc(c3ccccc3)c4c(NCC(=O)NC5CC5)ncnc24,8.0
49,CHEMBL386316,CN(C)c1ccc(cc1)C#Cc2ncnc(N)c2c3ccc4OCOc4c3,8.05
50,CHEMBL99025,COc1ccc(Nc2ncnc3c2c(cn3[C@@H]4O[C@H](C)[C@@H](O)[C@H]4O)c5occc5)cc1,8.05
51,CHEMBL66280,C[C@H]1O[C@H]([C@H](O)[C@@H]1O)n2cc(I)c3c(N)ncnc23,8.05
52,CHEMBL193286,Cc1ccc(cc1)c2cc3c(N)ncnc3nc2c4cccs4,8.05
53,CHEMBL225781,Nc1ncnc(C#Cc2ccc(nc2)N3CCCCC3)c1c4ccc(Cl)cc4,8.05
54,CHEMBL449407,O[C@@H]1[C@@H](CN=[N+]=[N-])O[C@H]([C@@H]1O)n2cc(I)c3c(Cl)ncnc23,8.05
55,CHEMBL102712,Nc1ncnc2nc(cc(c3cccc(Br)c3)c12)c4ccc(nc4)N5CCC6(CC5)COCO6,8.08
56,CHEMBL103909,Nc1ncnc2nc(cc(c3cccc(Br)c3)c12)c4ccc(nc4)N5CCC(O)(CC5)C6CCOC6=O,8.09
57,CHEMBL226504,CN(C)c1ccc(cc1)C#Cc2ncnc(N3CCNCC3)c2c4ccc(Cl)cc4,8.1
58,CHEMBL372666,COc1ccc(cc1Br)c2cc3c(N)ncnc3nc2c4cccs4,8.1
59,CHEMBL438476,Nc1ncnc(C#Cc2cnc(nc2)N3CCOCC3)c1c4ccc(Cl)cc4,8.1
60,CHEMBL225886,Nc1ncnc(C#Cc2cncc(c2)N3CCOCC3)c1c4ccc(Cl)cc4,8.1
61,CHEMBL185372,CN(C)c1ccc(cn1)C#Cc2ncnc3c2c(nn3C)c4cccc(Br)c4,8.13
62,CHEMBL319197,Nc1ncnc2nc(cc(c3cccc(Br)c3)c12)c4ccc(nc4)N5C[C@@H](O)[C@H](C5)C#N,8.13
63,CHEMBL102989,CCO[C@H]1CN(C[C@H]1OCC)c2ccc(nn2)c3cc(c4cccc(Br)c4)c5c(N)ncnc5n3,8.14
64,CHEMBL103812,Nc1ncnc2nc(cc(c3cccc(Br)c3)c12)c4ccc(nn4)N5CCC(=NOC6CCOCC6)CC5,8.15
65,CHEMBL200219,CCCNC(=O)CNc1ncnc2c1c(cn2[C@@H]3O[C@H](C)[C@@H](O)[C@H]3O)c4ccccc4,8.16
66,CHEMBL198143,O[C@@H]1CO[C@H]([C@@H]1O)n2cc(c3ccc(Cl)cc3)c4c(Nc5ccc(cc5)C#N)ncnc24,8.16
67,CHEMBL105216,Nc1ncnc2nc(cc(c3cccc(Br)c3)c12)c4ccc(nc4)N5C[C@@H](O)[C@@H](O)C5,8.19
68,CHEMBL99829,NC[C@H]1O[C@H]([C@H](O)[C@@H]1O)n2cc(c3ccccc3)c4c(Nc5ccccc5)ncnc24,8.2
69,CHEMBL225727,CN(C)S(=O)(=O)N1CCN(CC1)c2ccc(cn2)C#Cc3ncnc(N)c3c4ccc(Cl)cc4,8.22
70,CHEMBL387630,CN(C)c1ccc(cc1)C#Cc2ncnc(N3CCOCC3)c2c4ccc(Cl)cc4,8.22
71,CHEMBL225670,CN(C)c1ccc(cn1)C#Cc2ncnc(N)c2c3ccc(Cl)cc3,8.22
72,CHEMBL98744,COc1ccc(Nc2ncnc3c2c(cn3[C@@H]4O[C@H](C)[C@@H](O)[C@H]4O)c5ccccc5)cc1,8.22
73,CHEMBL381229,C[C@H]1O[C@H]([C@H](O)[C@@H]1O)n2cc(c3ccccc3)c4c(NCC(=O)NCC5CC5)ncnc24,8.22
74,CHEMBL436096,C[C@H]1O[C@H]([C@H](O)[C@@H]1O)n2nc(c3ccccc3)c4c(NCC(=O)NC5CC5)ncnc24,8.22
75,CHEMBL194952,Nc1ncnc2c1c(I)cn2[C@@H]3OC[C@@H](O)[C@H]3O,8.22
76,CHEMBL197801,O[C@@H]1CO[C@H]([C@@H]1O)n2cc(c3ccccc3)c4c(Nc5ccc(F)cc5)ncnc24,8.22
77,CHEMBL196483,CCOc1ccc(cc1)c2cn([C@@H]3OC[C@@H](O)[C@H]3O)c4ncnc(Nc5ccccc5OC)c24,8.28
78,CHEMBL438796,CCONC(=O)CNc1ncnc2c1c(cn2[C@@H]3O[C@H](C)[C@@H](O)[C@H]3O)c4ccccc4,8.3
79,CHEMBL226392,CN(C)c1ccc(cc1)C#Cc2ncnc(N)c2c3ccc(cc3)N(C)C,8.3
80,CHEMBL66277,C[C@H]1O[C@H]([C@H](O)[C@@H]1O)n2cc(c3ccccc3)c4c(Nc5ccc(F)cc5)ncnc24,8.3
81,CHEMBL381682,O[C@@H]1CO[C@H]([C@@H]1O)n2cc(c3ccccc3)c4c(Nc5ccc(Br)cc5)ncnc24,8.3
82,CHEMBL62524,CN(Cc1cccnc1)c2ccc(cn2)c3cc(c4cccc(Br)c4)c5c(N)ncnc5n3,8.39
83,CHEMBL62342,CO[C@@H]1CCCN1c2ccc(cn2)c3cc(c4cccc(Br)c4)c5c(N)ncnc5n3,8.39
84,CHEMBL371044,CC(C)CNC(=O)CNc1ncnc2c1c(cn2[C@@H]3O[C@H](C)[C@@H](O)[C@H]3O)c4ccccc4,8.4
85,CHEMBL435123,CCCOC(=O)Nc1ncnc2c1c(cn2[C@@H]3O[C@H](C)[C@@H](O)[C@H]3O)c4ccccc4,8.4
86,CHEMBL356141,NC[C@H]1O[C@H]([C@H](O)[C@@H]1O)n2nc(Br)c3c(N)ncnc23,8.4
87,CHEMBL364049,O[C@@H]1CO[C@H]([C@@H]1O)n2cc(c3ccccc3)c4c(Nc5ccc6OCCOc6c5)ncnc24,8.4
88,CHEMBL373218,O[C@@H]1CO[C@H]([C@@H]1O)n2cc(c3ccccc3)c4c(Nc5ccccc5)ncnc24,8.4
89,CHEMBL191309,Nc1ncnc2nc(c(Cc3cccc(Br)c3)cc12)c4cccs4,8.42
90,CHEMBL99565,C[C@H]1O[C@H]([C@H](O)[C@@H]1O)n2cc(c3occc3)c4c(Nc5ccccc5)ncnc24,8.44
91,CHEMBL302404,Nc1ncnc2nc(cc(c3cccc(Br)c3)c12)c4ccc(nc4)N5CCCC5,8.47
92,CHEMBL197756,CCOc1ccc(Nc2ncnc3c2c(cn3[C@@H]4OC[C@@H](O)[C@H]4O)c5ccccc5)cc1,8.52
93,CHEMBL225695,CN(C)c1ccc(cc1)C#Cc2ncnc(N)c2c3ccc(Br)cc3,8.52
94,CHEMBL225633,CN(C)c1ccc(cc1)C#Cc2ncnc(N)c2c3ccc(Cl)cc3,8.52
95,CHEMBL329724,C[C@H]1O[C@H]([C@H](O)[C@@H]1O)n2cc(I)c3c(Cl)ncnc23,8.52
96,CHEMBL371909,C[C@H]1O[C@H]([C@H](O)[C@@H]1O)n2cc(c3ccccc3)c4c(NCC(=O)NC5CC5)ncnc24,8.52
97,CHEMBL225671,Nc1ncnc(C#Cc2ccc(nc2)N3CCOCC3)c1c4ccc(Cl)cc4,8.52
98,CHEMBL198635,OC[C@H]1O[C@H]([C@H](O)[C@@H]1O)n2cc(c3ccccc3)c4c(NCC(=O)NC5CC5)ncnc24,8.52
99,CHEMBL141327,OC[C@@H]1O[C@H]([C@H](O)[C@@H]1O)n2nc(c3ccccc3)c4c(Nc5ccccc5)ncnc24,8.55
100,CHEMBL432062,C[C@H]1O[C@H]([C@H](O)[C@@H]1O)n2cc(c3ccc(Cl)cc3)c4c(Nc5ccc(Cl)cc5)ncnc24,8.57
101,CHEMBL338508,Nc1ncnc(C#Cc2ccc(nc2)N3CCOCC3)c1CCCc4ccccc4,8.6
102,CHEMBL317818,C[C@H]1O[C@H]([C@H](O)[C@@H]1O)n2cc(c3ccccc3)c4c(Nc5ccc(Cl)cc5)ncnc24,8.64
103,CHEMBL435120,CCOc1ccc(cc1)c2cn([C@@H]3OC[C@@H](O)[C@H]3O)c4ncnc(Nc5ccc(cc5)C#N)c24,8.7
104,CHEMBL371704,CCOc1cccc(Nc2ncnc3c2c(cn3[C@@H]4OC[C@@H](O)[C@H]4O)c5ccccc5)c1,8.7
105,CHEMBL216697,CN(C)c1ccc(cc1)c2c(N)ncnc2C#Cc3ccc(nc3)N4CCOCC4,8.7
106,CHEMBL200575,COCCCNC(=O)CNc1ncnc2c1c(cn2[C@@H]3O[C@H](C)[C@@H](O)[C@H]3O)c4ccccc4,8.7
107,CHEMBL197112,C[C@H]1O[C@H]([C@H](O)[C@@H]1O)n2cc(c3ccccc3)c4c(NCC(=O)N)ncnc24,8.7
108,CHEMBL62974,Nc1ncnc2nc(cc(c3cccc(Br)c3)c12)c4ccc(nc4)N5CCC(O)CC5,8.75
109,CHEMBL360273,C(N1CC[C@H]2CN(C[C@@H]12)c3ncnc4oc(nc34)c5ccccc5)c6ccccc6,8.82
110,CHEMBL318929,C[C@H]1O[C@H]([C@H](O)[C@@H]1O)n2cc(c3ccccc3)c4c(Nc5ccc(C)cc5)ncnc24,8.82
111,CHEMBL344529,OC[C@@H]1O[C@H]([C@H](O)[C@@H]1O)n2cc(c3ccccc3)c4c(Nc5ccc(F)cc5)ncnc24,8.82
112,CHEMBL98867,O[C@@H]1[C@@H](CN=[N+]=[N-])O[C@H]([C@@H]1O)n2cc(c3ccccc3)c4c(Nc5ccccc5)ncnc24,8.82
113,CHEMBL372796,C[C@H]1O[C@H]([C@H](O)[C@@H]1O)n2cc(c3ccccc3)c4c(NC(=O)C(=O)NC5CC5)ncnc24,8.89
114,CHEMBL370654,C[C@H]1O[C@H]([C@H](O)[C@@H]1O)n2cc(c3ccccc3)c4c(NCC(=O)NC5CCC5)ncnc24,8.89
115,CHEMBL62576,Nc1ncnc2nc(cc(c3cccc(Br)c3)c12)c4ccc(nc4)N5CCSCC5,8.89
116,CHEMBL318918,C[C@H]1O[C@H]([C@H](O)[C@@H]1O)n2cc(c3ccc(Cl)cc3)c4c(Nc5ccccc5)ncnc24,8.92
117,CHEMBL174158,C(N1C[C@@H]2CCCN([C@@H]2C1)c3ncnc4oc(nc34)c5ccccc5)c6ccccc6,9.0
118,CHEMBL225729,CC(=O)N1CCN(CC1)c2ccc(cn2)C#Cc3ncnc(N)c3c4ccc(Cl)cc4,9.0
119,CHEMBL225672,COCCN(C)c1ccc(cn1)C#Cc2ncnc(N)c2c3ccc(Cl)cc3,9.0
120,CHEMBL317603,COc1ccc(cc1)c2cn([C@@H]3O[C@H](C)[C@@H](O)[C@H]3O)c4ncnc(Nc5ccc(cc5)C#N)c24,9.0
121,CHEMBL328826,C[C@H]1O[C@H]([C@H](O)[C@@H]1O)n2c(Br)c(c3ccccc3)c4c(Nc5ccccc5)ncnc24,9.0
122,CHEMBL438449,C[C@H]1O[C@H]([C@H](O)[C@@H]1O)n2cc(c3ccccc3)c4c(NCC(=O)NC5CCCC5)ncnc24,9.0
123,CHEMBL98551,C[C@H]1O[C@H]([C@H](O)[C@@H]1O)n2cc(c3ccccc3)c4c(Nc5ccc(O)cc5)ncnc24,9.0
124,CHEMBL370218,Cc1ccccc1c2cn([C@@H]3OC[C@@H](O)[C@H]3O)c4ncnc(Nc5ccc6OCCOc6c5)c24,9.0
125,CHEMBL449402,Nc1ncnc(C#Cc2ccc(nc2)N3CCOCC3)c1c4oc5ccccc5c4,9.0
126,CHEMBL198566,OC[C@H]1O[C@H]([C@H](O)[C@@H]1O)n2nc(c3ccccc3)c4c(NCC(=O)Nc5ccccc5)ncnc24,9.05
127,CHEMBL200630,CNC(=O)CNc1ncnc2c1c(cn2[C@@H]3O[C@H](C)[C@@H](O)[C@H]3O)c4ccccc4,9.1
128,CHEMBL436598,C[C@@H]1O[C@H]([C@H](O)[C@@H]1O)n2cc(c3ccccc3)c4c(Nc5ccccc5)ncnc24,9.1
129,CHEMBL319315,OC[C@H]1O[C@H]([C@H](O)[C@@H]1O)n2cc(c3ccccc3)c4c(Nc5ccccc5)ncnc24,9.1
130,CHEMBL322611,NC[C@H]1O[C@H]([C@H](O)[C@@H]1O)n2cc(I)c3c(N)ncnc23,9.22
131,CHEMBL200169,O[C@@H]1CO[C@H]([C@@H]1O)n2cc(c3ccccc3)c4c(NCC(=O)Nc5ccccc5)ncnc24,9.22
132,CHEMBL426472,C[C@H]1O[C@H]([C@H](O)[C@@H]1O)n2cc(c3ccccc3)c4c(NCC(=O)Nc5ccccc5)ncnc24,9.3
133,CHEMBL370011,C[C@H]1O[C@H]([C@H](O)[C@@H]1O)n2cc(c3ccccc3)c4c(NC\C(=N/C5CC5)\S)ncnc24,9.3
134,CHEMBL100421,C[C@H]1O[C@H]([C@H](O)[C@@H]1O)n2cc(c3ccccc3)c4c(Nc5ccccc5)ncnc24,9.3
135,CHEMBL343247,OC[C@@H]1O[C@H]([C@H](O)[C@@H]1O)n2cc(c3ccccc3)c4c(Nc5ccccc5)ncnc24,9.33
136,CHEMBL226486,Nc1ncnc(C#Cc2ccc(nc2)N3CCOCC3)c1c4cc5ccccc5s4,9.4
137,CHEMBL194294,O[C@@H]1[C@H](O)C2(CC2)O[C@H]1n3cc(c4ccccc4)c5c(Nc6ccc(F)cc6)ncnc35,9.52
138,CHEMBL370164,C[C@H]1O[C@H]([C@H](O)[C@@H]1O)n2cc(c3ccccc3)c4c(NCC(=O)Nc5ccc(Cl)cc5)ncnc24,9.7
139,CHEMBL99707,NC[C@H]1O[C@H]([C@H](O)[C@@H]1O)n2cc(Br)c3c(N)ncnc23,9.7
140,CHEMBL330432,NC[C@H]1O[C@H]([C@H](O)[C@@H]1O)n2cc(I)c3c(Cl)ncnc23,10.0
8,CHEMBL322448,C\C(=N\OC1CCOCC1)\C2(O)CCN(CC2)c3ccc(cn3)c4cc(c5cccc(Br)c5)c6c(N)ncnc6n4,7.5
12,CHEMBL612205,C[C@H]1OC([C@H](O)[C@@H]1O)n2nc(I)c3c(N)ncnc23,6.77
17,CHEMBL607761,NC[C@H]1OC([C@H](O)[C@@H]1O)n2nc(I)c3c(N)ncnc23,6.82
24,CHEMBL607762,Nc1ncnc2c1c(I)nn2C3O[C@H](CN=[N+]=[N-])[C@@H](O)[C@H]3O,5.07
29,CHEMBL608051,Nc1ncnc2c1c(I)nn2C3O[C@H](CO)[C@@H](O)[C@H]3O,7.4
48,CHEMBL611890,Nc1ncnc2c1c(I)nn2C3O[C@H](CCl)[C@@H](O)[C@H]3O,6.52
51,CHEMBL607766,Nc1ncnc2c1c(I)nn2C3O[C@H](CF)[C@@H](O)[C@H]3O,6.8
56,CHEMBL15844,c1ccc2[nH]ccc2c1,2.52
58,CHEMBL319177,CNc1ncnc2c1c(I)cn2[C@@H]3O[C@H](CO)[C@@H](O)[C@H]3O,5.92
60,CHEMBL99668,Nc1ncnc2c1c(cn2[C@@H]3O[C@H](CO)[C@@H](O)[C@H]3O)C#N,6.51
62,CHEMBL99662,C[C@H]1O[C@H]([C@H](O)[C@@H]1O)n2cc(C)c3c(Cl)ncnc23,6.27
64,CHEMBL95481,CSc1ncnc2c1c(I)cn2[C@@H]3O[C@H](C)[C@@H](O)[C@H]3O,7.35
66,CHEMBL97437,Nc1ncnc2c1c(Br)cn2[C@@H]3O[C@H](CN=[N+]=[N-])[C@@H](O)[C@H]3O,7.2
70,CHEMBL98638,C[C@H]1O[C@H]([C@H](O)[C@@H]1O)n2cc(C(=O)N)c3c(N)ncnc23,6.34
72,CHEMBL98909,C[C@H]1O[C@H]([C@H](O)[C@@H]1O)n2cc(Br)c3c(N)ncnc23,7.4
74,CHEMBL322217,COC[C@H]1O[C@H]([C@H](O)[C@@H]1O)n2cc(I)c3c(N)ncnc23,5.92
75,CHEMBL95721,CC[C@H]1O[C@H]([C@H](O)[C@@H]1O)n2cc(Br)c3c(N)ncnc23,6.3
77,CHEMBL97553,Nc1ncnc2c1c(I)cn2[C@@H]3O[C@H](C=C)[C@@H](O)[C@H]3O,7.0
81,CHEMBL99388,C[C@H]1O[C@H]([C@H](O)[C@@H]1O)n2cc(C#N)c3c(N)ncnc23,6.51
83,CHEMBL318043,Nc1ncnc2c1c(I)cn2[C@@H]3O[C@H](CN=[N+]=[N-])[C@@H](O)[C@H]3O,7.46
87,CHEMBL318634,C[C@H]1O[C@H]([C@H](O)[C@@H]1O)n2cc(C)c3c(N)ncnc23,4.78
89,CHEMBL62099,Nc1ncnc2c1c(Br)cn2[C@@H]3O[C@H](CO)[C@@H](O)[C@H]3O,6.92
91,CHEMBL318056,CSc1cn([C@@H]2O[C@H](C)[C@@H](O)[C@H]2O)c3ncnc(Cl)c13,7.16
93,CHEMBL99359,COC[C@H]1O[C@H]([C@H](O)[C@@H]1O)n2cc(I)c3c(Cl)ncnc23,6.35
94,CHEMBL101892,NC(=O)c1cn([C@@H]2O[C@H](CO)[C@@H](O)[C@H]2O)c3ncnc(N)c13,6.33
97,CHEMBL97494,CC[C@H]1O[C@H]([C@H](O)[C@@H]1O)n2cc(I)c3c(N)ncnc23,7.22
101,CHEMBL98933,Nc1ncnc2c1c(Cl)cn2[C@@H]3O[C@H](CO)[C@@H](O)[C@H]3O,6.68
103,CHEMBL98910,C[C@H]1O[C@H]([C@H](O)[C@@H]1O)n2cc(Br)c3c(Cl)ncnc23,7.3
105,CHEMBL317927,CSc1cn([C@@H]2O[C@H](C)[C@@H](O)[C@H]2O)c3ncnc(N)c13,5.87
107,CHEMBL99119,O[C@@H]1[C@@H](CN=[N+]=[N-])O[C@H]([C@@H]1O)n2cc(Br)c3c(Cl)ncnc23,7.0
111,CHEMBL95256,CCOC(=O)c1cn([C@@H]2O[C@H](C)[C@@H](O)[C@H]2O)c3ncnc(N)c13,6.0
113,CHEMBL420640,C[C@H]1O[C@H]([C@H](O)[C@@H]1O)n2cc(I)c3c(S)ncnc23,5.19
118,CHEMBL318281,C[C@H]1O[C@H]([C@H](O)[C@@H]1O)n2cc(I)c3c(Nc4ccccc4)ncnc23,7.0
120,CHEMBL317176,OC[C@H]1O[C@H]([C@H](O)[C@@H]1O)n2cc(I)c3c(Nc4ccccc4)ncnc23,6.92
123,CHEMBL329484,C[C@H]1O[C@H]([C@H](O)[C@@H]1O)n2cc(c3ccccc3)c4c(N)ncnc24,6.5
124,CHEMBL330221,OC[C@H]1O[C@H](C[C@@H]1O)n2cc(c3ccccc3)c4c(Nc5ccccc5)ncnc24,6.52
127,CHEMBL98174,C[C@H]1O[C@H]([C@H](O)[C@@H]1O)n2cc(c3ccccc3)c4c(NC5CCCCC5)ncnc24,6.6
131,CHEMBL319611,C[C@H]1O[C@H](C[C@@H]1O)n2cc(c3ccccc3)c4c(Nc5ccccc5)ncnc24,7.0
134,CHEMBL431628,C[C@H]1O[C@H]([C@H](O)[C@@H]1O)n2cc(I)c3c(Nc4ccc(F)cc4)ncnc23,6.26
136,CHEMBL442002,C[C@@H]1C[C@@H](O)[C@@H](O1)n2cc(c3ccccc3)c4c(Nc5ccccc5)ncnc24,7.36
137,CHEMBL317583,C[C@H]1O[C@H]([C@H](O)[C@@H]1O)n2cc(I)c3c(NCc4ccccc4)ncnc23,6.1
138,CHEMBL98887,COc1ccc(Nc2ncnc3c2c(I)cn3[C@@H]4O[C@H](C)[C@@H](O)[C@H]4O)cc1,6.11
139,CHEMBL442003,C[C@H]1O[C@H]([C@H](O)[C@@H]1O)n2cc(I)c3c(Nc4ccc(O)cc4)ncnc23,6.7
143,CHEMBL99062,C[C@H]1O[C@H]([C@H](O)[C@@H]1O)n2cc(c3ccccc3)c4c(Nc5ccccc5)nc(C)nc24,7.33
146,CHEMBL99923,C[C@H]1O[C@H]([C@H](O)[C@@H]1O)n2cc(I)c3c(Nc4ccc(cc4)C#N)ncnc23,5.92
147,CHEMBL316668,C[C@H]1O[C@H]([C@H](O)[C@@H]1O)n2cc(c3ccccc3)c4c(NCc5ccccc5)ncnc24,7.52
149,CHEMBL98424,OC[C@H]1O[C@H]([C@H](O)[C@@H]1O)n2ccc3c(Nc4ccccc4)ncnc23,5.9
151,CHEMBL319338,C[C@H]1O[C@H]([C@H](O)[C@@H]1O)n2cc(I)c3c(NC4CCCCC4)ncnc23,5.0
153,CHEMBL302938,COc1ccc(cc1)c2cc3c(N)ncnc3nc2c4ccc(cc4)N(C)C,6.25
154,CHEMBL65852,Nc1ncnc2nc(cnc12)c3ccc(cc3)N4CCOCC4,6.0
155,CHEMBL416498,COC(=O)c1cccc(c1)c2cc3c(N)ncnc3nc2c4ccc(cc4)N(C)C,6.16
156,CHEMBL305746,CN(C)c1ccc(cc1)c2nc3ncnc(N)c3nc2c4ccccc4,6.48
161,CHEMBL302921,CN(C)c1ccc(cc1)c2cc(C3CCCCC3)c4c(N)ncnc4n2,6.33
162,CHEMBL68749,CN(C)c1ccc(cc1)c2cc(c3cccc(Br)c3)c4c(N)ncnc4n2,6.78
163,CHEMBL68492,CN(C)c1ccc(cc1)c2cc(c3ccccc3)c4c(N)ncnc4n2,6.33
164,CHEMBL304179,Nc1ncnc(N[C@@H]2O[C@H](CO)[C@@H](O)[C@H]2O)c1[N+](=O)[O-],4.59
169,CHEMBL302376,NC[C@H]1O[C@H]([C@H](O)[C@@H]1O)n2cnc3c(N)ncnc23,5.2
170,CHEMBL66977,CN(C)c1ccc(cc1)c2nc3ncnc(N)c3cc2c4ccc(C)cc4,6.3
171,CHEMBL68748,CN(C)c1ccc(cn1)c2cc(c3cccc(Br)c3)c4c(N)ncnc4n2,7.5
172,CHEMBL66338,CN(C)c1ccc(cc1)c2cnc3c(N)ncnc3n2,5.44
192,CHEMBL356256,CN(C)c1ccc(cc1)c2nc3ncnc(N)c3c(c4ccccc4)c2c5ccccc5,6.6
194,CHEMBL145188,Nc1ncnc2c1ncn2[C@@H]3O[C@@H](CO)[C@@H](O)[C@H]3O,6.0
196,CHEMBL151214,Nc1ncnc2nc(c3ccc(nc3)N4CCOCC4)c(c5ccc(F)cc5)c(c6cccc(Br)c6)c12,6.71
199,CHEMBL342310,COc1ccc(cc1OC)c2c(nc3ncnc(N)c3c2c4cccc(Br)c4)c5ccc(cc5)N(C)C,6.46
200,CHEMBL342959,NC[C@@H]1O[C@H]([C@H](O)[C@@H]1O)n2nc(Br)c3c(N)ncnc23,6.77
201,CHEMBL422122,NC[C@@H]1O[C@H]([C@H](O)[C@@H]1O)n2cc(c3ccccc3)c4c(Nc5ccccc5)ncnc24,7.44
202,CHEMBL348712,Nc1ncnc2nc(c3cccs3)c(c4ccccc4)c(c5ccccc5)c12,7.31
203,CHEMBL141606,Nc1ncnc2c1c(Br)cn2[C@@H]3O[C@@H](CO)[C@@H](O)[C@H]3O,6.55
206,CHEMBL422489,CN(C)c1ccc(cn1)c2nc3ncnc(N)c3c(c4cccc(Cl)c4)c2c5ccccc5,6.89
207,CHEMBL265251,CN(C)c1ccc(cn1)c2nc3ncnc(N)c3c(c4cc(Br)cs4)c2C5CC5,6.2
209,CHEMBL151553,Clc1ccc(cc1)c2cnc3c(ncnc3n2)N4CCOCC4,4.66
210,CHEMBL358714,CN(C)c1ccc(cc1)c2c(nc3ncnc(N)c3c2c4cccc(Cl)c4)c5ccc(nc5)N6CCOCC6,6.89
211,CHEMBL150978,CN(C)c1ccc(cc1)c2nc3ncnc(N)c3cc2c4ccccc4,5.82
213,CHEMBL145388,C[C@@H]1O[C@H]([C@H](O)[C@@H]1O)n2cc(I)c3c(N)ncnc23,6.4
214,CHEMBL150370,Cc1ccc(cc1F)c2c(nc3ncnc(N)c3c2c4ccc(C)c(F)c4)c5cccs5,6.54
215,CHEMBL439635,Nc1ncnc2nc(c(Cc3ccccc3)c(c4cccc(Br)c4)c12)c5ccc(nc5)N6CCOCC6,6.35
216,CHEMBL143644,Nc1ncnc2c1c(Br)nn2[C@@H]3O[C@@H](CO)[C@@H](O)[C@H]3O,5.0
217,CHEMBL151448,CN(C)c1ccc(cn1)c2nc3ncnc(N)c3c(c4ccccc4)c2c5ccccc5,7.28
219,CHEMBL356312,NC[C@@H]1O[C@H]([C@H](O)[C@@H]1O)n2cnc3c(N)ncnc23,5.0
221,CHEMBL142234,COC[C@@H]1O[C@H]([C@H](O)[C@@H]1O)n2cc(I)c3c(N)ncnc23,5.7
222,CHEMBL346622,COC(=O)Cc1c(nc2ncnc(N)c2c1c3cccc(Br)c3)c4cccs4,6.79
223,CHEMBL435646,CCCCCc1c(nc2ncnc(N)c2c1c3cccc(Br)c3)c4ccc(nc4)N(C)C,6.2
224,CHEMBL145092,C[C@@H]1O[C@H]([C@H](O)[C@@H]1O)n2cc(Br)c3c(N)ncnc23,5.0
226,CHEMBL151812,Nc1ncnc2nc(c3ccc(nc3)N4CCOCC4)c(c5ccccc5)c(c6cccc(Br)c6)c12,6.81
231,CHEMBL356896,COCCN(C)c1ccc(cc1)c2nc3ncnc(N)c3c(c4cc(Br)cs4)c2c5ccc(OC)c(OC)c5,6.44
233,CHEMBL356952,Nc1ncnc2c1c(I)cn2[C@@H]3O[C@@H](CO)[C@@H](O)[C@H]3O,7.17
234,CHEMBL356758,NC[C@@H]1O[C@H]([C@H](O)[C@@H]1O)n2nc(c3ccccc3)c4c(Nc5ccccc5)ncnc24,7.38
236,CHEMBL14189,c1ccc(cc1)c2ncc[nH]2,2.52
274,CHEMBL424966,O=C(Nc1cccc(c1)c2oc3ncnc(N4CC5CCN(Cc6ccccc6)C5C4)c3n2)c7ccccc7,7.05
275,CHEMBL366694,C(CNc1ncnc2oc(nc12)c3ccccc3)Cc4ccccc4,6.64
278,CHEMBL175041,O=C(Nc1ccc(cc1)c2oc3ncnc(N4CC5CCN(Cc6ccccc6)C5C4)c3n2)c7ccccc7,7.16
281,CHEMBL175440,Clc1ccc(cn1)c2oc3ncnc(N4CC5CCN(Cc6ccccc6)C5C4)c3n2,7.16
282,CHEMBL425507,CN(CCCNc1ncnc2oc(nc12)c3ccccc3)c4ccccc4,6.57
283,CHEMBL366606,Fc1ccc(cc1)C(=O)Nc2ccc(cc2)c3oc4ncnc(N5CC6CCN(Cc7ccccc7)C6C5)c4n3,6.89
284,CHEMBL367498,Brc1cccc(c1)c2oc3ncnc(N4CC5CCN(Cc6ccccc6)C5C4)c3n2,6.59
286,CHEMBL361797,O=C(Cc1ccccc1)Nc2ccc(cc2)c3oc4ncnc(N5CC6CCN(Cc7ccccc7)C6C5)c4n3,7.16
287,CHEMBL368401,COCC(=O)Nc1ccc(cc1)c2oc3ncnc(N4CC5CCN(Cc6ccccc6)C5C4)c3n2,7.4
291,CHEMBL369435,O=C(Cc1ccccc1)Nc2cccc(c2)c3oc4ncnc(N5CC6CCN(Cc7ccccc7)C6C5)c4n3,6.68
293,CHEMBL174700,O=C(Nc1ccc(cc1)c2oc3ncnc(N4CC5CCN(Cc6ccccc6)C5C4)c3n2)C7CC7,7.52
294,CHEMBL175074,COCC(=O)Nc1cccc(c1)c2oc3ncnc(N4CC5CCN(Cc6ccccc6)C5C4)c3n2,7.4
296,CHEMBL425500,C(N1CCC2CN(CC12)c3ncnc4oc(nc34)c5ccc(cc5)c6cccs6)c7ccccc7,7.05
297,CHEMBL174992,O=C(Nc1cccc(c1)c2oc3ncnc(N4CC5CCN(Cc6ccccc6)C5C4)c3n2)C7CC7,7.22
298,CHEMBL177540,C(N1CCC2CN(CC12)c3ncnc4oc(nc34)c5ccccc5)c6ccccc6,6.7
300,CHEMBL355801,Brc1ccc(cc1)c2oc3ncnc(N4CC5CCN(Cc6ccccc6)C5C4)c3n2,6.62
302,CHEMBL362464,Nc1ccc(cc1)c2oc3ncnc(N4CC5CCN(Cc6ccccc6)C5C4)c3n2,7.3
303,CHEMBL176718,Fc1ccc(cc1)C(=O)Nc2cccc(c2)c3oc4ncnc(N5CC6CCN(Cc7ccccc7)C6C5)c4n3,6.7
304,CHEMBL369761,C(N1CCC2CN(CC12)c3ncnc4oc(nc34)c5cccnc5)c6ccccc6,6.89
306,CHEMBL175809,C(N1CC[C@@H]2CN(C[C@H]12)c3ncnc4oc(nc34)c5ccccc5)c6ccccc6,6.92
310,CHEMBL419517,C[C@H]1O[C@H]([C@H](O)[C@@H]1O)n2cc(I)c3c(SCc4ccccc4)ncnc23,6.0
311,CHEMBL95482,C[C@H]1O[C@H]([C@H](O)[C@@H]1O)n2cc(I)c3c(SCc4ccc(cc4)[N+](=O)[O-])ncnc23,5.7
319,CHEMBL267099,Nc1ncnc2c1ccn2[C@@H]3O[C@H](CO)[C@@H](O)[C@H]3O,5.0
321,CHEMBL95608,C[C@H]1O[C@H]([C@H](O)[C@@H]1O)n2cc(I)c3c(SCC=C)ncnc23,5.55
322,CHEMBL95211,CCCCSc1ncnc2c1c(I)cn2[C@@H]3O[C@H](C)[C@@H](O)[C@H]3O,6.0
332,CHEMBL98641,NC[C@H]1O[C@H]([C@H](O)[C@@H]1O)n2ccc3c(N)ncnc23,4.89
347,CHEMBL182654,Nc1ncnc2nc(cnc12)c3ccc(nc3)N4CCOCC4,6.34
348,CHEMBL359631,C(Cc1ccccc1)Nc2ncnc3nc(cnc23)c4ccc(nc4)N5CCOCC5,6.92
349,CHEMBL182969,C(CNc1ncnc2nc(cnc12)c3ccc(nc3)N4CCOCC4)Cc5ccccc5,7.14
350,CHEMBL182321,C(CCc1ccccc1)CNc2ncnc3nc(cnc23)c4ccc(nc4)N5CCOCC5,7.09
351,CHEMBL369112,C(Cc1c[nH]c2ccccc12)Nc3ncnc4nc(cnc34)c5ccc(nc5)N6CCOCC6,6.52
352,CHEMBL362855,CN(C)c1ccc(cn1)C#Cc2[nH]cnc3nnc(c4ccccc4)c23,7.0
353,CHEMBL183671,CN(C)c1ccc(cn1)C#Cc2[nH]cnc3nnc(c4cccc(Br)c4)c23,7.13
356,CHEMBL181551,Cn1nc(c2cccc(Br)c2)c3c(ncnc13)C#Cc4ccc(nc4)N5CCOCC5,7.09
360,CHEMBL120976,CN(Cc1ccccc1)c2c(N)ncnc2C#Cc3ccc(nc3)N4CCOCC4,7.52
361,CHEMBL189576,CN(C)c1ccc(cc1)c2nc3ncnc(N)c3cc2c4cccc(Br)c4,7.16
363,CHEMBL371857,Cc1ccc(cc1)c2cc3c(N)ncnc3nc2c4ccc(cc4)c5cncnc5,6.75
369,CHEMBL192887,COc1ccc(cc1Br)c2cc3c(N)ncnc3nc2c4ccc(cc4)N(C)C,7.48
371,CHEMBL191679,COc1ccc(cc1OC)c2cc3c(N)ncnc3nc2c4ccc(cc4)N(C)C,7.35
375,CHEMBL426992,CN(C)c1ccc(cc1)c2nc3ncnc(N)c3cc2Cc4ccccc4,6.94
377,CHEMBL189971,CN(C)c1ccc(cc1)c2nc3ncnc(N)c3cc2CCc4ccccc4,6.36
379,CHEMBL192754,CN(C)c1ccc(cc1)c2nc3ncnc(N)c3cc2CCCc4ccccc4,5.65
381,CHEMBL189632,CCCCCc1cc2c(N)ncnc2nc1c3ccc(cc3)N(C)C,7.52
383,CHEMBL190400,CC(C)Cc1cc2c(N)ncnc2nc1c3ccc(cc3)N(C)C,6.7
385,CHEMBL193223,CN(C)c1ccc(cc1)c2cc3c(N)ncnc3nc2c4ccncc4,6.33
387,CHEMBL193122,Cc1ccc(cc1)c2cc3c(N)ncnc3nc2c4ccc(\C=C\c5ccccn5)cc4,6.94
393,CHEMBL189480,CN(C)c1ccc(cc1)c2cc3c(N)ncnc3nc2c4ccc(cc4)N(C)C,6.74
399,CHEMBL189575,COc1ccc(cc1OC)c2cc3c(N)ncnc3nc2c4cccs4,7.42
402,CHEMBL189161,Cc1ccc(cc1)c2cc3c(N)ncnc3nc2c4ccsc4,7.33
405,CHEMBL364732,Nc1ncnc2nc(c(Cc3cccc(Br)c3)cc12)c4nccs4,6.05
415,CHEMBL189105,C[C@H]1O[C@H]([C@H](O)[C@@H]1O)n2cc(c3ccccc3)c4c(ncnc24)N5CCc6ccccc56,7.29
417,CHEMBL191760,OC[C@H]1O[C@H]([C@H](O)[C@@H]1O)n2cnc3c(ncnc23)N4CCc5ccccc45,6.3
419,CHEMBL192504,OC[C@H]1O[C@H]([C@H](O)[C@@H]1O)n2c(Nc3ccccc3)nc4c(Nc5ccccc5)ncnc24,7.05
420,CHEMBL193065,C[C@H]1O[C@H]([C@H](O)[C@@H]1O)n2c(Nc3ccccc3)nc4c(ncnc24)N5CCc6ccccc56,6.7
421,CHEMBL373129,OC[C@H]1O[C@H]([C@H](O)[C@@H]1O)n2c(nc3c(ncnc23)N4CCc5ccccc45)N6CCc7ccccc67,5.7
422,CHEMBL193246,OC[C@H]1O[C@H]([C@H](O)[C@@H]1O)n2c(nc3c(Nc4ccccc4)ncnc23)N5CCc6ccccc56,5.15
423,CHEMBL193265,OC[C@H]1O[C@H]([C@H](O)[C@@H]1O)n2c(Cl)nc3c(ncnc23)N4CCc5ccccc45,6.32
424,CHEMBL192259,OC[C@H]1O[C@H]([C@H](O)[C@@H]1O)n2c(Cl)nc3c(Nc4ccccc4)ncnc23,5.44
425,CHEMBL189781,OC[C@H]1O[C@H]([C@H](O)[C@@H]1O)n2c(I)nc3c(ncnc23)N4CCc5ccccc45,6.0
426,CHEMBL364457,OC[C@H]1O[C@H]([C@H](O)[C@@H]1O)n2c(I)nc3c(Nc4ccccc4)ncnc23,5.35
427,CHEMBL192903,CSc1nc2c(ncnc2n1[C@@H]3O[C@H](CO)[C@@H](O)[C@H]3O)N4CCc5ccccc45,6.82
428,CHEMBL192727,CSc1nc2c(Nc3ccccc3)ncnc2n1[C@@H]4O[C@H](CO)[C@@H](O)[C@H]4O,6.0
429,CHEMBL371350,CCc1nc2c(ncnc2n1[C@@H]3O[C@H](CO)[C@@H](O)[C@H]3O)N4CCc5ccccc45,6.64
430,CHEMBL362987,OC[C@H]1O[C@H]([C@H](O)[C@@H]1O)n2c(C=C)nc3c(ncnc23)N4CCc5ccccc45,7.22
431,CHEMBL189106,OC[C@H]1O[C@H]([C@H](O)[C@@H]1O)n2c(C=C)nc3c(Nc4ccccc4)ncnc23,6.52
432,CHEMBL193175,OC[C@H]1O[C@H]([C@H](O)[C@@H]1O)n2c(nc3c(ncnc23)N4CCc5ccccc45)C#C,6.0
433,CHEMBL363354,OC[C@H]1O[C@H]([C@H](O)[C@@H]1O)n2c(nc3c(ncnc23)N4CCc5ccccc45)c6occc6,5.54
434,CHEMBL363215,OC[C@H]1O[C@H]([C@H](O)[C@@H]1O)n2c(nc3c(Nc4ccccc4)ncnc23)c5occc5,5.16
443,CHEMBL373104,Nc1ncnc2c1c(I)cn2[C@@H]3OC4(CC4)[C@@H](O)[C@H]3O,6.22
446,CHEMBL364265,CC1(C)O[C@H]([C@H](O)[C@@H]1O)n2cc(c3ccccc3)c4c(Nc5ccccc5)ncnc24,5.4
465,CHEMBL199371,OCCOCn1cc(c2ccccc2)c3c(NCC(=O)Nc4ccc(Cl)cc4)ncnc13,7.22
466,CHEMBL383388,OCCOCn1cc(c2ccccc2)c3c(NCC(=O)NC4CC4)ncnc13,5.77
468,CHEMBL200352,C[C@H]1O[C@H]([C@H](O)[C@@H]1O)n2cc(I)c3c(NCC(=O)NC4CC4)ncnc23,6.06
469,CHEMBL371924,C[C@H]1O[C@H]([C@H](O)[C@@H]1O)n2cc(c3ccccc3)c4c(NCCC(=O)N)ncnc24,5.6
470,CHEMBL372155,C[C@H]1O[C@H]([C@H](O)[C@@H]1O)n2cc(c3ccccc3)c4c(NCC(=O)N(C)C5CC5)ncnc24,6.34
471,CHEMBL382751,C[C@@H](Nc1ncnc2c1c(cn2[C@@H]3O[C@H](C)[C@@H](O)[C@H]3O)c4ccccc4)C(=O)NC5CC5,5.6
472,CHEMBL200393,C[C@H](Nc1ncnc2c1c(cn2[C@@H]3O[C@H](C)[C@@H](O)[C@H]3O)c4ccccc4)C(=O)NC5CC5,6.28
475,CHEMBL198698,CCN(CC)CCNC(=O)CNc1ncnc2c1c(cn2[C@@H]3O[C@H](C)[C@@H](O)[C@H]3O)c4ccccc4,6.68
476,CHEMBL382911,C[C@H]1O[C@H]([C@H](O)[C@@H]1O)n2cc(c3ccccc3)c4c(NCC(=O)NCCCN(C)C)ncnc24,6.84
477,CHEMBL382451,C[C@H]1O[C@H]([C@H](O)[C@@H]1O)n2cc(c3ccccc3)c4c(NCC(=O)NCCN(C)C)ncnc24,6.52
480,CHEMBL371950,COCCNC(=O)CNc1ncnc2c1c(cn2[C@@H]3O[C@H](C)[C@@H](O)[C@H]3O)c4ccccc4,7.42
489,CHEMBL381407,CCNC(=O)CNc1ncnc2c1c(cn2[C@@H]3O[C@H](C)[C@@H](O)[C@H]3O)c4ccccc4,7.4
494,CHEMBL200620,C[C@H]1O[C@H]([C@H](O)[C@@H]1O)n2cc(c3ccccc3)c4c(NCC5CC5)ncnc24,7.35
495,CHEMBL196955,CC(C)CNc1ncnc2c1c(cn2[C@@H]3O[C@H](C)[C@@H](O)[C@H]3O)c4ccccc4,6.85
496,CHEMBL198742,CCCNc1ncnc2c1c(cn2[C@@H]3O[C@H](C)[C@@H](O)[C@H]3O)c4ccccc4,7.0
497,CHEMBL381005,C[C@H]1O[C@H]([C@H](O)[C@@H]1O)n2cc(c3ccccc3)c4c(NC5CC5)ncnc24,6.42
505,CHEMBL420879,Nc1ncnc(C#Cc2ccc(nc2)N3CCOCC3)c1Cc4ccccc4,7.4
512,CHEMBL225680,COCCN(C)c1cc(ncc1C#Cc2ncnc(N)c2c3ccc4OCOc4c3)N5CCOCC5,7.0
514,CHEMBL225678,CN(C)c1cc(ncc1C#Cc2ncnc(N)c2c3ccc4OCOc4c3)N5CCOCC5,7.14
518,CHEMBL226428,Nc1ncnc(C#Cc2ccc(nc2)N3CCOCC3)c1c4ccsc4,7.42
524,CHEMBL225728,CC(C)(C)OC(=O)N1CCN(CC1)c2ccc(cn2)C#Cc3ncnc(N)c3c4ccc(Cl)cc4,7.21
531,CHEMBL225834,Nc1ncnc(C#Cc2ccc(nn2)N3CCOCC3)c1c4ccc(Cl)cc4,7.35
535,CHEMBL225774,Nc1ncnc(C#Cc2ccc(cc2)[N+](=O)[O-])c1c3ccc(Cl)cc3,7.37
536,CHEMBL225773,Nc1ncnc(C#Cc2cccs2)c1c3ccc(Cl)cc3,7.37
537,CHEMBL225722,Nc1ncnc(C#Cc2ccccn2)c1c3ccc(Cl)cc3,6.3
538,CHEMBL375060,Nc1ncnc(C#Cc2cncnc2)c1c3ccc(Cl)cc3,6.67
539,CHEMBL225877,CC(C)c1ccc(cc1)C#Cc2ncnc(N)c2c3ccc(Cl)cc3,7.3
541,CHEMBL225707,Nc1ncnc(C#Cc2ccccc2)c1c3ccc(Cl)cc3,7.22
542,CHEMBL225706,CN(C)c1ccc(cc1)C#Cc2ncnc(N)c2c3cccc(N)c3,7.05
550,CHEMBL225694,CN(C)c1ccc(cc1)C#Cc2ncnc(N)c2c3ccccc3Cl,7.13
554,CHEMBL226503,CN(C)c1ccc(cc1)C#Cc2ncnc(NCCc3c[nH]c4ccccc34)c2c5ccc(Cl)cc5,7.42
555,CHEMBL387629,CN(C)c1ccc(cc1)C#Cc2ncnc(NCCc3c[nH]cn3)c2c4ccc(Cl)cc4,7.1
557,CHEMBL226450,CN(C)c1ccc(cc1)C#Cc2ncnc(N(C)C)c2c3ccc(Cl)cc3,6.52
559,CHEMBL387628,CN(C)c1ccc(cc1)C#Cc2c(N)ncnc2c3ccc(cc3)N(C)C,7.0
564,CHEMBL376831,CN(C)c1ccc(cc1)C#Cc2ncnc(N)c2C(c3ccccc3)c4ccccc4,6.22
565,CHEMBL226393,CN(C)c1ccc(cc1)C#Cc2ncnc(N)c2Cc3ccccc3,6.0
566,CHEMBL376830,CN(C)c1ccc(cc1)C#Cc2ncnc(N)c2C3CCCCC3,6.52
686,CHEMBL327869,O=C1C(Oc2ccccc2n3cccc13)c4ccccc4,4.0
687,CHEMBL329653,CCC1(Oc2ccccc2n3cccc3C1=O)c4ccccc4,4.07
688,CHEMBL342620,CCC1(Oc2ccccc2n3cccc3C1=O)c4ccc(C)cc4,4.1
693,CHEMBL1688496,CCC1(Oc2ccccc2n3cccc3C1=O)c4ccc(CSc5ccccc5)cc4,5.92
694,CHEMBL1688497,CCC1(Oc2ccccc2n3cccc3C1=O)c4ccc(CSc5ccccc5F)cc4,5.35
695,CHEMBL1688498,CCC1(Oc2ccccc2n3cccc3C1=O)c4ccc(CSc5ccccc5Cl)cc4,6.0
696,CHEMBL1688499,CCC1(Oc2ccccc2n3cccc3C1=O)c4ccc(CSc5cccc(C)c5)cc4,4.67
697,CHEMBL1688500,CCC1(Oc2ccccc2n3cccc3C1=O)c4ccc(CSc5cccc(F)c5)cc4,5.4
698,CHEMBL1688501,CCC1(Oc2ccccc2n3cccc3C1=O)c4ccc(CSc5cccc(Cl)c5)cc4,5.46
699,CHEMBL1688502,CCC1(Oc2ccccc2n3cccc3C1=O)c4ccc(CSc5cccc(c5)C(F)(F)F)cc4,5.6
700,CHEMBL1687951,CCC1(Oc2ccccc2n3cccc3C1=O)c4ccc(CSc5cccc(OC)c5)cc4,4.9
701,CHEMBL1688503,CCC1(Oc2ccccc2n3cccc3C1=O)c4ccc(CSc5cccc(OC(F)(F)F)c5)cc4,5.5
702,CHEMBL1688504,CCC1(Oc2ccccc2n3cccc3C1=O)c4ccc(CSc5ccc(F)cc5)cc4,6.0
703,CHEMBL1688505,CCC1(Oc2ccccc2n3cccc3C1=O)c4ccc(CSc5ccc(Br)cc5)cc4,5.7
704,CHEMBL1688506,CCC1(Oc2ccccc2n3cccc3C1=O)c4ccc(CSc5ccc(I)cc5)cc4,5.6
705,CHEMBL1688507,CCC1(Oc2ccccc2n3cccc3C1=O)c4ccc(CSc5ccc(cc5)[N+](=O)[O-])cc4,5.21
706,CHEMBL1688508,CCC1(Oc2ccccc2n3cccc3C1=O)c4ccc(CSc5ccc(OC(F)(F)F)cc5)cc4,5.17
707,CHEMBL1688509,CCC1(Oc2ccccc2n3cccc3C1=O)c4ccc(CSc5ccc(OC)cc5)cc4,4.85
708,CHEMBL1688510,CCC1(Oc2ccccc2n3cccc3C1=O)c4ccc(CSc5ccc(cc5)C#C[Si](C)(C)C)cc4,5.0
709,CHEMBL1688511,CCC1(Oc2ccccc2n3cccc3C1=O)c4ccc(CSc5ccc(cc5)C#C)cc4,4.82
710,CHEMBL1688512,CCC1(Oc2ccccc2n3cccc3C1=O)c4ccc(CSc5c(C)cccc5Cl)cc4,5.52
711,CHEMBL1688513,CCC1(Oc2ccccc2n3cccc3C1=O)c4ccc(CSc5c(Cl)cccc5Cl)cc4,4.7
714,CHEMBL1688570,CCC1(Oc2ccccc2n3cccc3C1=O)c4ccc(CSc5cccc(Cl)c5Cl)cc4,5.52
715,CHEMBL1688571,CCC1(Oc2ccccc2n3cccc3C1=O)c4ccc(CSc5cc(Cl)ccc5Cl)cc4,4.85
716,CHEMBL1688572,CCC1(Oc2ccccc2n3cccc3C1=O)c4ccc(CSc5ccc(Cl)cc5Cl)cc4,4.65
717,CHEMBL1688573,CCC1(Oc2ccccc2n3cccc3C1=O)c4ccc(CSc5ccc(Cl)c(Cl)c5)cc4,5.0
718,CHEMBL1688574,CCC1(Oc2ccccc2n3cccc3C1=O)c4ccc(CSc5ccc(F)cc5F)cc4,5.0
719,CHEMBL1688575,CCC1(Oc2ccccc2n3cccc3C1=O)c4ccc(CSc5ccc(F)cc5Cl)cc4,5.6
720,CHEMBL1688576,CCC1(Oc2ccccc2n3cccc3C1=O)c4ccc(CSc5ccc(F)c(Cl)c5)cc4,4.96
721,CHEMBL1688577,CCC1(Oc2ccccc2n3cccc3C1=O)c4ccc(CSc5cc(OC)ccc5OC)cc4,4.46
722,CHEMBL1688578,CCC1(Oc2ccccc2n3cccc3C1=O)c4ccc(CSc5ccc(I)cc5Cl)cc4,5.7
723,CHEMBL1688579,CCC1(Oc2ccccc2n3cccc3C1=O)c4ccc(CSc5c(F)c(F)cc(F)c5F)cc4,5.1
724,CHEMBL1688580,CCC1(Oc2ccccc2n3cccc3C1=O)c4ccc(CSc5ccccn5)cc4,5.35
725,CHEMBL1688581,CCC1(Oc2ccccc2n3cccc3C1=O)c4ccc(CSc5ncc[nH]5)cc4,5.46
726,CHEMBL1688582,CCC1(Oc2ccccc2n3cccc3C1=O)c4ccc(CSc5cnccn5)cc4,5.16
727,CHEMBL1688583,CCC1(Oc2ccccc2n3cccc3C1=O)c4ccc(CSc5ncccn5)cc4,5.16
728,CHEMBL1688584,CCC1(Oc2ccccc2n3cccc3C1=O)c4ccc(COc5ccc(I)cc5Cl)cc4,5.92
729,CHEMBL1688585,CCC1(Oc2ccccc2n3cccc3C1=O)c4ccc(COc5cccc(CCO)c5)cc4,5.1
732,CHEMBL1688588,O=C1C(Oc2ccccc2n3cccc13)c4ccc(CSc5ccccc5)cc4,5.4
733,CHEMBL1688589,Clc1ccccc1SCc2ccc(cc2)C3Oc4ccccc4n5cccc5C3=O,5.36
734,CHEMBL1688590,FC(F)(F)c1cccc(SCc2ccc(cc2)C3Oc4ccccc4n5cccc5C3=O)c1,5.05
735,CHEMBL1688591,CCC1(Sc2ccccc2n3cccc3C1=O)c4ccc(CSc5ccccc5Cl)cc4,5.3
736,CHEMBL1687952,CCC1(Sc2ccccc2n3cccc3C1=O)c4ccc(CSc5ccc(I)cc5)cc4,5.66
737,CHEMBL1688592,CCC1(Sc2ccccc2n3cccc3C1=O)c4ccc(CSc5ccc(cc5)C#C[Si](C)(C)C)cc4,5.7
753,CHEMBL1814774,Nc1ncnc2c1c(cn2[C@@H]3O[C@H](CO)[C@@H](O)[C@H]3O)c4cn[nH]c4,7.3
755,CHEMBL1814776,Nc1ncnc2c1c(cn2[C@@H]3O[C@H](CO)[C@@H](O)[C@H]3O)C#C,6.7
863,CHEMBL3134386,CCCCCCCCCCCCCCCCCCOP(=O)(O)OC[C@H]1O[C@H]([C@H](O)[C@@H]1O)n2ccc3c(ncnc23)c4ccsc4,5.2
865,CHEMBL3134384,CCCCCCCCCCCCCCCCCCOP(=O)(O)OC[C@H]1O[C@H]([C@H](O)[C@@H]1O)n2ccc3c(ncnc23)c4cocc4,5.29
866,CHEMBL3134382,CCCCCCCCCCCCCCCCCCOP(=O)(O)OC[C@H]1O[C@H]([C@H](O)[C@@H]1O)n2ccc3c(ncnc23)c4ccccc4,5.36
869,CHEMBL3134387,CCCCCCCCCCCCCCCCCCOP(=O)(O)OC[C@H]1O[C@H]([C@H](O)[C@@H]1O)n2ccc3c(ncnc23)c4oc5ccccc5c4,5.54
870,CHEMBL3134383,CCCCCCCCCCCCCCCCCCOP(=O)(O)OC[C@H]1O[C@H]([C@H](O)[C@@H]1O)n2ccc3c(ncnc23)c4occc4,5.62
872,CHEMBL3134385,CCCCCCCCCCCCCCCCCCOP(=O)(O)OC[C@H]1O[C@H]([C@H](O)[C@@H]1O)n2ccc3c(ncnc23)c4cccs4,5.71
913,CHEMBL3342660,CC(C)c1cccc(c1)c2cn([C@@H]3O[C@H](CO)[C@@H](O)[C@H]3O)c4ncnc(N)c24,5.48
