,molecule_chembl_id,canonical_smiles,pchembl_value
0,CHEMBL2177365,CC(C)N(C)C[C@@H](C(=O)N1CCN(CC1)c2ncnc3[C@H](O)C[C@@H](C)c23)c4ccc(Cl)cc4,7.55
1,CHEMBL385143,CNc1nccc(n1)c2ccc(s2)C(=O)N[C@H](CCN)Cc3ccc(Cl)cc3Cl,7.57
2,CHEMBL2177371,C[C@@H]1C[C@@H](O)c2ncnc(N3CCN(CC3)C(=O)[C@H](CN)c4ccc(cc4)C(F)(F)F)c12,7.57
3,CHEMBL2177370,C[C@@H]1C[C@@H](O)c2ncnc(N3CCN(CC3)C(=O)[C@H]([C@@H]4COCCN4)c5ccc(Cl)cc5)c12,7.59
4,CHEMBL2325983,NC1(CCN(CC1)c2ncnc3[nH]ccc23)C(=O)NC(C4CC4)c5ccc(Cl)cc5,7.62
5,CHEMBL2177382,CC(C)NC[C@@H](C(=O)N1CCN(CC1)c2ncnc3[C@@H](F)C[C@@H](C)c23)c4ccc(Cl)cc4,7.64
6,CHEMBL1096290,CCn1c(nc2c(nc(CN3CCCC3)cc12)C#CC(C)(C)O)c4nonc4N,7.66
7,CHEMBL2325739,NC1(CCN(CC1)c2ncnc3[nH]ccc23)C(=O)NC(CCCO)c4ccc(Cl)cc4,7.66
8,CHEMBL2177375,C[C@@H]1C[C@@H](O)c2ncnc(N3CCN(CC3)C(=O)[C@H](CNCCF)c4ccc(Cl)cc4)c12,7.68
9,CHEMBL512135,NCC(NC(=O)c1cc(Br)c(s1)c2ccnc3[nH]ccc23)c4ccccc4,7.7
10,CHEMBL606467,Cc1n[nH]c2ncc(nc12)c3cc(OC[C@@H](N)Cc4c[nH]c5ccccc45)c(nc3c6cocc6)C#N,7.72
11,CHEMBL2325728,NC1(CCN(CC1)c2ncnc3[nH]ccc23)C(=O)N[C@@H](CCN4CCCC4)c5ccc(Cl)cc5,7.75
12,CHEMBL1096634,CCn1c(nc2c(nc(OC[C@H](N)c3ccccc3)cc12)C#CC(C)(C)O)c4nonc4N,7.77
13,CHEMBL494060,CCn1c(nc2c(ncc(OCCCNCCc3ccc(OC)cc3)c12)C#CC(C)(C)O)c4nonc4N,7.8
14,CHEMBL2325743,C[C@H](NC(=O)C1(N)CCN(CC1)c2ncnc3[nH]ccc23)c4ccc(Cl)cc4,7.8
15,CHEMBL2325982,CCC(NC(=O)C1(N)CCN(CC1)c2ncnc3[nH]ccc23)c4ccc(Cl)cc4,7.82
16,CHEMBL603197,Cc1n[nH]c2cnc(nc12)c3cc(OC[C@@H](N)Cc4c[nH]c5ccccc45)cnc3c6cocc6,7.82
17,CHEMBL2325995,NC1(CCN(CC1)c2ncnc3[nH]ccc23)C(=O)NC(CCCN4CCOCC4)c5ccc(Cl)cc5,7.82
18,CHEMBL2325738,NC1(CCN(CC1)c2ncnc3[nH]ccc23)C(=O)NC(CCO)c4ccc(Cl)cc4,7.82
19,CHEMBL525385,NCCCC[C@@H](NC(=O)CCCCCNC(=O)[C@H]1O[C@H]([C@H](O)[C@@H]1O)n2cnc3c(N)ncnc23)C(=O)NCCCCCC(=O)N[C@H](CCCNC(=N)N)C(=O)N[C@H](CCCNC(=N)N)C(=O)N[C@H](CCCNC(=N)N)C(=O)N[C@H](CCCNC(=N)N)C(=O)N[C@H](CCCNC(=N)N)C(=O)N[C@H](CCCNC(=N)N)C(=O)N,7.84
20,CHEMBL494089,CCn1c(nc2c(ncc(OC[C@H]3CCCNC3)c12)C#CC(C)(C)O)c4nonc4N,7.89
21,CHEMBL2177377,COCCNC[C@@H](C(=O)N1CCN(CC1)c2ncnc3[C@H](O)C[C@@H](C)c23)c4ccc(Cl)cc4,7.89
22,CHEMBL1171647,CCc1c[nH]c2ncnc(N3CC[C@](N)(CNC(=O)c4ccc(F)cc4F)C3)c12,7.92
23,CHEMBL2177362,C[C@@H]1C[C@@H](O)c2ncnc(N3CCN(CC3)C(=O)[C@H](CNC4CCOCC4)c5ccc(Cl)c(F)c5)c12,7.92
24,CHEMBL2177369,C[C@@H]1C[C@@H](O)c2ncnc(N3CCN(CC3)C(=O)[C@H]([C@@H]4CCCCN4)c5ccc(Cl)cc5)c12,7.92
25,CHEMBL1077375,NCCCC[C@@H](NC(=O)CCCCCNC(=O)c1ccc(s1)c2ccnc(N)n2)C(=O)NCCCCCC(=O)N[C@H](CCCNC(=N)N)C(=O)N[C@H](CCCNC(=N)N)C(=O)N[C@H](CCCNC(=N)N)C(=O)N[C@H](CCCNC(=N)N)C(=O)N[C@H](CCCNC(=N)N)C(=O)N[C@H](CCCNC(=N)N)C(=O)N,7.92
26,CHEMBL384964,CNc1nccc(n1)c2ccc(s2)C(=O)N[C@H](CN(C)C)Cc3ccc(Cl)cc3Cl,7.96
27,CHEMBL2177381,CC(C)NC[C@@H](C(=O)N1CCN(CC1)c2ncnc3[C@H](F)C[C@@H](C)c23)c4ccc(Cl)cc4,8.0
28,CHEMBL388978,CN[C@@H]1C[C@H]2O[C@@](C)([C@@H]1OC)n3c4ccccc4c5c6CNC(=O)c6c7c8ccccc8n2c7c35,8.0
29,CHEMBL2177363,C[C@@H]1C[C@@H](O)c2ncnc(N3CCN(CC3)C(=O)[C@H](CN4CCC(F)CC4)c5ccc(Cl)cc5)c12,8.0
30,CHEMBL596290,Cc1n[nH]c2ncc(nc12)c3cc(OC[C@@H](N)Cc4c[nH]c5ccccc45)cnc3c6cocc6,8.0
31,CHEMBL594523,Cc1nc(c2cocc2)c(cc1OC[C@@H](N)Cc3c[nH]c4ccccc34)c5cnc6[nH]nc(C)c6n5,8.0
32,CHEMBL2325996,NC1(CCN(CC1)c2ncnc3[nH]ccc23)C(=O)NC(CCCN4CCCCC4)c5ccc(Cl)cc5,8.0
33,CHEMBL521642,CCn1c(nc2c(ncc(OC[C@@H]3CCCNC3)c12)C#CC(C)(C)O)c4nonc4N,8.05
34,CHEMBL2177390,CC(C)NC[C@@H](C(=O)N1CCN(CC1)c2ncnc3[C@H](O)C[C@@H](C)c23)c4ccc(Cl)cc4,8.1
35,CHEMBL2325741,NC1(CCN(CC1)c2ncnc3[nH]ccc23)C(=O)N[C@@H](CCO)c4ccc(Cl)cc4,8.1
36,CHEMBL2177372,CC(C)NC[C@@H](C(=O)N1CCN(CC1)c2ncnc3[C@H](O)C[C@@H](C)c23)c4ccc(Cl)c(F)c4,8.16
37,CHEMBL2325992,CN(C)CCC(NC(=O)C1(N)CCN(CC1)c2ncnc3[nH]ccc23)c4ccc(Cl)cc4,8.16
38,CHEMBL2177364,C[C@@H]1C[C@@H](O)c2ncnc(N3CCN(CC3)C(=O)[C@H](CNC4CCCCC4)c5ccc(Cl)cc5)c12,8.16
39,CHEMBL594755,Cc1occc1c2nc(N)c(OC[C@@H](N)Cc3ccccc3)cc2c4cnc5[nH]nc(C)c5n4,8.22
40,CHEMBL2325729,NC1(CCN(CC1)c2ncnc3[nH]ccc23)C(=O)N[C@@H](CCN4CCCCC4)c5ccc(Cl)cc5,8.22
41,CHEMBL2177385,CC(C)NC[C@@H](C(=O)N1CCN(CC1)c2ncnc3CC[C@@H](C)c23)c4ccc(Cl)cc4,8.3
42,CHEMBL2177388,CC(C)NC[C@@H](C(=O)N1CCN(CC1)c2ncnc3CC[C@@H](CF)c23)c4ccc(Cl)cc4,8.3
43,CHEMBL2177366,C[C@@H]1C[C@@H](O)c2ncnc(N3CCN(CC3)C(=O)[C@H](CNC4CCOCC4)c5ccc(Cl)cc5)c12,8.3
44,CHEMBL2177374,C[C@@H]1C[C@@H](O)c2ncnc(N3CCN(CC3)C(=O)[C@H](CNCC4CC4)c5ccc(Cl)cc5)c12,8.3
45,CHEMBL2177379,C[C@@H]1C[C@@H](O)c2ncnc(N3CCN(CC3)C(=O)[C@H]([C@@H]4CCCN4)c5ccc(Cl)cc5)c12,8.3
46,CHEMBL379507,CNc1nccc(n1)c2ccc(s2)C(=O)NC(CN)Cc3ccc(Cl)cc3Cl,8.32
47,CHEMBL2325993,CN(C)CCCC(NC(=O)C1(N)CCN(CC1)c2ncnc3[nH]ccc23)c4ccc(Cl)cc4,8.4
48,CHEMBL2177367,CO[C@@H]1CC[C@H](CC1)NC[C@@H](C(=O)N2CCN(CC2)c3ncnc4[C@H](O)C[C@@H](C)c34)c5ccc(Cl)cc5,8.4
49,CHEMBL2177368,C[C@@H]1C[C@@H](O)c2ncnc(N3CCN(CC3)C(=O)[C@H](CNCC4CCOCC4)c5ccc(Cl)cc5)c12,8.4
50,CHEMBL1098938,CCn1c(nc2c(nc(OC[C@H](N)Cc3ccccc3)cc12)C#CC(C)(C)O)c4nonc4N,8.52
51,CHEMBL213618,CNc1nccc(n1)c2ccc(s2)C(=O)N[C@H](CN)Cc3ccc(Cl)cc3Cl,8.52
52,CHEMBL2178597,C[C@@H]1C[C@@H](O)c2ncnc(N3CCN(CC3)C(=O)[C@H](CNC(C)(C)C)c4ccc(c(F)c4)C(F)(F)F)c12,8.52
53,CHEMBL2177378,C[C@@H]1C[C@@H](O)c2ncnc(N3CCN(CC3)C(=O)[C@H](CNC(C)(C)CO)c4ccc(Cl)cc4)c12,8.52
54,CHEMBL595459,Cc1occc1c2nc(N)c(OC[C@@H](N)Cc3c[nH]c4ccccc34)cc2c5cc6c(C)n[nH]c6cn5,8.52
55,CHEMBL469590,NCC(Cc1ccccc1)NC(=O)c2cc(Br)c(s2)c3ccnc4[nH]ccc34,8.52
56,CHEMBL470598,NC[C@H](CC1CCCCC1)NC(=O)c2cc(Br)c(s2)c3ccnc4[nH]ccc34,8.52
57,CHEMBL482537,NC[C@H](Cc1ccc(cc1)C(F)(F)F)NC(=O)c2cc(Br)c(s2)c3ccnc4[nH]ccc34,8.52
58,CHEMBL498924,C[C@@H](NC(=O)CCCCCNC(=O)[C@@H]1C[C@@H](O)[C@@H](C1)n2cnc3c(N)ncnc23)C(=O)NCCCCCC(=O)N[C@H](CCCNC(=N)N)C(=O)N[C@H](CCCNC(=N)N)C(=O)N,8.62
59,CHEMBL524998,COc1ccc(C[C@@H](CN)NC(=O)c2cc(Br)c(s2)c3ccnc4[nH]ccc34)cc1,8.7
60,CHEMBL2178598,C[C@@H]1C[C@@H](O)c2ncnc(N3CCN(CC3)C(=O)[C@H](CNC(C)(C)CO)c4ccc(c(F)c4)C(F)(F)F)c12,8.7
61,CHEMBL2177361,C[C@@H]1C[C@@H](O)c2ncnc(N3CCN(CC3)C(=O)[C@H](CNCC4CC4)c5ccc(c(F)c5)C(F)(F)F)c12,8.7
62,CHEMBL593813,Cc1occc1c2nc(N)c(OC[C@@H](N)Cc3c(Cl)[nH]c4ccccc34)cc2c5cnc6[nH]nc(C)c6n5,8.7
63,CHEMBL593375,Cc1occc1c2nc(N)c(OC[C@@H](N)Cc3c[nH]c4ccccc34)cc2c5cnc6[nH]nc(C)c6c5,8.7
64,CHEMBL595944,Cc1occc1c2nc(N)c(OC[C@@H](N)Cc3c[nH]c4ccccc34)cc2c5cnc6[nH]nc(C)c6n5,8.7
65,CHEMBL496690,NC[C@H](Cc1ccc(F)cc1)NC(=O)c2cc(Br)c(s2)c3ccnc4[nH]ccc34,8.7
66,CHEMBL523586,NC[C@H](Cc1cccc(F)c1)NC(=O)c2cc(Br)c(s2)c3ccnc4[nH]ccc34,8.7
67,CHEMBL470597,NC[C@H](Cc1ccccc1)NC(=O)c2cc(Br)c(s2)c3ccnc4[nH]ccc34,8.7
68,CHEMBL520788,NC[C@H](Cc1ccccc1C(F)(F)F)NC(=O)c2cc(Br)c(s2)c3ccnc4[nH]ccc34,8.7
69,CHEMBL498052,NC[C@H](Cc1ccccc1F)NC(=O)c2cc(Br)c(s2)c3ccnc4[nH]ccc34,8.7
70,CHEMBL2177387,CC(C)NC[C@@H](C(=O)N1CCN(CC1)c2ncnc3CC[C@@H](C=C)c23)c4ccc(Cl)cc4,9.0
71,CHEMBL1099276,CCn1c(nc2c(nc(O[C@@H](CN)c3ccccc3)cc12)C#CC(C)(C)O)c4nonc4N,9.0
72,CHEMBL593490,Cc1[nH]nc2ccc(cc12)c3cc(OC[C@@H](N)Cc4c[nH]c5ccccc45)cnc3c6cocc6,9.0
73,CHEMBL594933,Cc1n[nH]c2cnc(cc12)c3cc(OC[C@@H](N)Cc4c[nH]c5ccccc45)cnc3c6cocc6,9.0
74,CHEMBL605410,Cc1occc1c2nc(N)c(OC[C@@H](N)Cc3c(C#N)[nH]c4ccccc34)cc2c5cnc6[nH]nc(C)c6n5,9.0
75,CHEMBL594072,Cc1occc1c2nc(N)c(OC[C@@H](N)Cc3c([nH]c4ccccc34)C(=O)N)cc2c5cnc6[nH]nc(C)c6n5,9.0
76,CHEMBL593374,Cc1occc1c2nc(N)c(OC[C@@H](N)Cc3c[nH]c4ccccc34)cc2c5ccc6[nH]nc(C)c6c5,9.0
77,CHEMBL482536,NC[C@H](Cc1cccc(c1)C(F)(F)F)NC(=O)c2cc(Br)c(s2)c3ccnc4[nH]ccc34,9.0
4,CHEMBL572629,CC1=NC(=C(NC1=O)c2ccc(CN3CCC(CC3)N4C(=O)Nc5ccccc45)cc2)c6ccccc6,4.48
6,CHEMBL3143722,O=C1Nc2ccccc2N1C3CCN(Cc4ccc(cc4)C5=C(N=C(Cc6ccccc6)C(=O)N5)c7ccccc7)CC3,5.4
13,CHEMBL178468,CC(C)Cc1nc(c2ccccc2)c(nc1O)c3ccc(CN4CCC(CC4)n5c(O)nc6ccccc56)cc3,4.66
15,CHEMBL273160,OC(=O)c1ccc2nc(c3ccccc3)c(nc2c1)c4ccc(CN5CCC(CC5)N6C(=O)Nc7ccccc67)cc4,5.5
16,CHEMBL271091,O=C1Nc2ccccc2N1C3CCN(Cc4ccc(cc4)c5nc6ccc(cc6nc5c7ccccc7)c8nn[nH]n8)CC3,5.91
17,CHEMBL408151,O=C1Nc2ccccc2N1C3CCN(Cc4ccc(cc4)c5nc6cc(ccc6nc5c7ccccc7)c8nn[nH]n8)CC3,5.79
20,CHEMBL180231,O=C1Nc2ccccc2N1C3CCN(Cc4ccc(cc4)c5nc6cc7cn[nH]c7cc6nc5c8ccccc8)CC3,5.62
21,CHEMBL258844,O=C1Nc2ccccc2N1C3CCN(Cc4ccc(cc4)c5nc6cc7[nH]cnc7cc6nc5c8ccccc8)CC3,5.67
22,CHEMBL383541,N[C@H](COc1cncc(\C=C\c2ccncc2)c1)Cc3c[nH]c4ccccc34,6.45
26,CHEMBL383264,N[C@H](COc1cncc(c1)c2ccc3cnccc3c2)Cc4c[nH]c5ccccc45,7.46
34,CHEMBL210390,N[C@H](COc1cncc(c1)c2ccc3cnc(N)cc3c2)Cc4c[nH]c5ccccc45,7.12
36,CHEMBL207544,N[C@H](COc1cnc(C#C)c(c1)c2ccc3cnccc3c2)Cc4c[nH]c5ccccc45,7.41
37,CHEMBL378963,N[C@H](COc1cnc(Cl)c(c1)c2ccc3cnccc3c2)Cc4c[nH]c5ccccc45,7.14
50,CHEMBL213181,CNc1nccc(n1)c2ccc(NC(=O)CCc3ccc(F)cc3)s2,5.64
51,CHEMBL376424,CNc1nccc(n1)c2ccc(NC(=O)NCc3ccc(Cl)cc3Cl)s2,5.68
52,CHEMBL214339,CNc1nccc(n1)c2ccc(NC(=O)OCc3ccc(F)cc3)s2,5.13
53,CHEMBL214906,CNc1nccc(n1)c2ccc(CNCCc3ccc(Cl)cc3Cl)s2,5.28
54,CHEMBL425964,CNc1nccc(n1)c2ccc(s2)C(=O)NCc3ccc(F)cc3,5.33
55,CHEMBL213178,CNc1nccc(n1)c2ccc(s2)C(=O)NCCCc3ccc(F)cc3,4.75
56,CHEMBL209547,CNc1nccc(n1)c2ccc(s2)C(=O)NCCc3ccccc3,5.3
57,CHEMBL378721,CNc1nccc(n1)c2ccc(s2)C(=O)NCCc3cccc(Cl)c3,5.27
58,CHEMBL210071,CNc1nccc(n1)c2ccc(s2)C(=O)NCCc3ccccc3Cl,5.54
59,CHEMBL376004,CNc1nccc(n1)c2ccc(s2)C(=O)NCCc3ccc(Cl)cc3,5.96
60,CHEMBL213127,CNc1nccc(n1)c2ccc(s2)C(=O)NCCc3ccc(Br)cc3,5.59
61,CHEMBL213633,CNc1nccc(n1)c2ccc(s2)C(=O)NCCc3ccc(cc3)S(=O)(=O)N,4.72
62,CHEMBL209838,CNc1nccc(n1)c2ccc(s2)C(=O)NCCc3ccc(Cl)cc3Cl,6.0
63,CHEMBL377568,Nc1nccc(n1)c2ccc(s2)C(=O)NCCc3ccc(Cl)cc3Cl,6.22
64,CHEMBL211574,CCNc1nccc(n1)c2ccc(s2)C(=O)NCCc3ccc(Cl)cc3Cl,5.82
65,CHEMBL212450,CNc1nccc(n1)c2ccc(s2)C(=O)NCC(C)c3ccc(Cl)cc3Cl,6.18
66,CHEMBL211570,CCC(CNC(=O)c1ccc(s1)c2ccnc(NC)n2)c3ccc(Cl)cc3Cl,6.0
67,CHEMBL209952,CNc1nccc(n1)c2ccc(s2)C(=O)NC[C@@H](N)c3ccc(Cl)cc3Cl,5.55
68,CHEMBL379263,CNc1nccc(n1)c2ccc(s2)C(=O)N[C@H](C)Cc3ccc(Cl)cc3Cl,6.09
69,CHEMBL210115,CNc1nccc(n1)c2ccc(s2)C(=O)N[C@@H](Cc3ccc(Cl)cc3Cl)C(=O)OC,5.62
70,CHEMBL211578,CNc1nccc(n1)c2ccc(s2)C(=O)N[C@H](CO)Cc3ccc(Cl)cc3Cl,6.55
72,CHEMBL380165,CNc1nccc(n1)c2ccc(s2)C(=O)N[C@@H](CN)Cc3ccc(Cl)cc3Cl,6.62
76,CHEMBL209475,CNc1nccc(n1)c2ccc(s2)C(=O)NCCN,5.89
77,CHEMBL377860,CNc1nccc(n1)c2ccc(s2)C(=O)NCCN(C)C,5.16
78,CHEMBL380402,CNc1nccc(n1)c2ccc(s2)C(=O)NCCc3ccc(F)cc3,5.52
81,CHEMBL387385,OC[C@@H](NC(=O)c1cc(c[nH]1)c2n[nH]cc2c3cccc(Cl)c3)c4ccc(F)c(Cl)c4,5.75
83,CHEMBL373598,OCCCOc1cc2OCCCCCOc3nc(NC(=O)Nc2cc1Cl)cnc3C#N,5.31
88,CHEMBL247228,Nc1ncnc2occ(c3ccc(NC(=O)Nc4cc(ccc4F)C(F)(F)F)cc3)c12,4.76
89,CHEMBL248757,Clc1cc2NC(=O)Nc3cnc(C#N)c(OCCCCOc2cc1NCc4cncs4)n3,5.15
90,CHEMBL252857,CNc1ncc2cc(c3ccccc3)c(nc2n1)c4ccc(CN5CCC(CC5)c6nnc([nH]6)c7ccccn7)cc4,5.61
93,CHEMBL258696,CCN(CC)CCNC(=O)c1ccc2nc(c3ccccc3)c(nc2c1)c4ccc(CN5CCC(CC5)N6C(=O)Nc7ccccc67)cc4,5.14
94,CHEMBL270444,CCN(CC)CCNC(=O)c1ccc2nc(c3ccc(CN4CCC(CC4)N5C(=O)Nc6ccccc56)cc3)c(nc2c1)c7ccccc7,5.13
108,CHEMBL262341,O=C1N=CC=C2N=C(C(=CC12)c3ccccc3)c4ccc(CN5CCC(CC5)c6n[nH]c(n6)c7ccccn7)cc4,5.72
110,CHEMBL261542,C(N1CCC(CC1)c2cc([nH]n2)c3ccncc3)c4ccc(cc4)c5nc6ccccc6nc5c7ccccc7,4.95
113,CHEMBL1315166,Cl.Cl.Brc1ccc(\C=C\CNCCNS(=O)(=O)c2cccc3cnccc23)cc1,6.18
115,CHEMBL505949,C[C@@H](NC(=O)CCCCCNC(=O)[C@H]1O[C@H]([C@H](O)[C@@H]1O)n2cnc3c(N)ncnc23)C(=O)NCCCCCC(=O)N[C@H](CCCNC(=N)N)C(=O)N[C@H](CCCNC(=N)N)C(=O)N,5.43
117,CHEMBL524516,NCCCC[C@@H](NC(=O)CCCCCNC(=O)[C@H]1O[C@H]([C@H](O)[C@@H]1O)n2cnc3c(N)ncnc23)C(=O)NCCCCCC(=O)N[C@H](CCCNC(=N)N)C(=O)N[C@H](CCCNC(=N)N)C(=O)N[C@H](CCCNC(=N)N)C(=O)N[C@H](CCCNC(=N)N)C(=O)N,7.25
118,CHEMBL297394,NCCCC[C@@H](NC(=O)CCCCCNC(=O)[C@H]1O[C@H]([C@H](O)[C@@H]1O)n2cnc3c(N)ncnc23)C(=O)NCCCCCC(=O)N[C@H](CCCNC(=N)N)C(=O)N[C@H](CCCNC(=N)N)C(=O)N,6.11
119,CHEMBL501706,NC(=N)NCCC[C@@H](NC(=O)CCCCCNC(=O)[C@H]1O[C@H]([C@H](O)[C@@H]1O)n2cnc3c(N)ncnc23)C(=O)N,5.79
123,CHEMBL493911,CCn1c(nc2cncc(OC3CCNCC3)c12)c4nonc4N,6.4
132,CHEMBL1794065,CCn1c(nc2c(ncc(OCC3CCNCC3)c12)C#CC(C)(C)O)c4nonc4N.OC(=O)C(F)(F)F,7.4
133,CHEMBL493269,CCn1c(nc2c(ncc(OCCCCN)c12)C#CC(C)(C)O)c3nonc3N,7.16
134,CHEMBL188434,CCn1c(nc2cncc(CNC3CCNCC3)c12)c4nonc4N,6.19
135,CHEMBL494662,CCn1c(nc2cncc(C(=O)NC3CCNCC3)c12)c4nonc4N,5.64
136,CHEMBL521823,CCn1c(nc2cncc(OCC3CCNCC3)c12)c4nonc4N,6.42
137,CHEMBL493067,CCn1c(nc2cncc(C(=O)NC3CCCNC3)c12)c4nonc4N,5.52
138,CHEMBL493066,CCn1c(nc2cncc(C(=O)N3CCNCC3)c12)c4nonc4N,5.81
139,CHEMBL523695,CCn1c(nc2cncc(C(=O)N3CC[C@@H](N)C3)c12)c4nonc4N,5.89
140,CHEMBL506153,CCn1c(nc2cncc(C(=O)NCCNC)c12)c3nonc3N,5.85
144,CHEMBL513728,NC[C@@H](Cc1ccccc1)NC(=O)c2cc(Br)c(s2)c3ccnc4[nH]ccc34,7.4
179,CHEMBL564972,O=C1COc2ccc(cc2N1)c3cc(cc(n3)c4ccc5OC(=O)Nc5c4)c6ccccc6,5.4
180,CHEMBL104264,Brc1ccc(\C=C\CNCCNS(=O)(=O)c2cccc3cnccc23)cc1,6.7
204,CHEMBL91829,CN(C)C[C@@H]1CCn2cc(C3=C(C(=O)NC3=O)c4cn(CCO1)c5ccccc45)c6ccccc26,5.85
241,CHEMBL593573,CCNc1nc(c2cocc2)c(cc1OC[C@@H](N)Cc3ccccc3)c4cnc5[nH]nc(C)c5n4,6.3
245,CHEMBL590109,NCCn1cc(c2cc(c3cc4ccccc4s3)c5[nH]ncc5c2)c6nc(N)ncc16,5.96
252,CHEMBL1079175,NC1(CCC1)c2ccc(cc2)c3nc4C=CN5C(=O)NN=C5c4cc3c6ccccc6,7.19
257,CHEMBL1077599,NCCCC[C@@H](NC(=O)CCCCCNC(=O)c1ccc(cc1)C(=O)N)C(=O)NCCCCCC(=O)N[C@H](CCCNC(=N)N)C(=O)N[C@H](CCCNC(=N)N)C(=O)N,4.55
259,CHEMBL1077369,NCCCC[C@@H](NC(=O)CCCCCNC(=O)c1ccc(s1)c2ccnc(N)n2)C(=O)NCCCCCC(=O)N[C@H](CCCNC(=N)N)C(=O)N[C@H](CCCNC(=N)N)C(=O)N,6.57
260,CHEMBL1077370,NCCCC[C@@H](NC(=O)CCCCCNC(=O)c1cccc(c1)c2ccncc2)C(=O)NCCCCCC(=O)N[C@H](CCCNC(=N)N)C(=O)N[C@H](CCCNC(=N)N)C(=O)N,6.05
261,CHEMBL1077371,NCCCC[C@@H](NC(=O)CCCCCNC(=O)c1cccc(c1)c2ccnc(N)n2)C(=O)NCCCCCC(=O)N[C@H](CCCNC(=N)N)C(=O)N[C@H](CCCNC(=N)N)C(=O)N,5.34
262,CHEMBL1077372,NCCCC[C@@H](NC(=O)CCCCCNC(=O)c1cn(nn1)c2ncnc3[nH]cnc23)C(=O)NCCCCCC(=O)N[C@H](CCCNC(=N)N)C(=O)N[C@H](CCCNC(=N)N)C(=O)N,4.57
281,CHEMBL1098241,CCn1c(nc2c(nc(CN)cc12)C#CC(C)(C)O)c3nonc3N,7.16
283,CHEMBL1097974,CCn1c(nc2c(nc(CCCN)cc12)C#CC(C)(C)O)c3nonc3N,7.52
287,CHEMBL1096291,CCn1c(nc2c(nc(OCCN)cc12)C#CC(C)(C)O)c3nonc3N,7.37
294,CHEMBL1096626,CCn1c(nc2c(nc(OC[C@@H](N)c3ccccc3)cc12)C#CC(C)(C)O)c4nonc4N,7.31
299,CHEMBL1099298,CCn1c(nc2c(nc(O[C@H](CCN)c3ccccc3)cc12)C#CC(C)(C)O)c4nonc4N,7.19
321,CHEMBL603469,C[C@]12O[C@H](C[C@]1(O)CO)n3c4ccccc4c5c6C(=O)NCc6c7c8ccccc8n2c7c35,5.21
332,CHEMBL379300,Cc1n[nH]c2ccc(cc12)c3cncc(OC[C@@H](N)Cc4c[nH]c5ccccc45)c3,7.29
338,CHEMBL1258329,N[C@H](Cc1ccccc1)C(=O)N2CCN(CC2)c3ncnc4ccccc34,5.08
339,CHEMBL1258330,N[C@H](Cc1ccc(Cl)cc1)C(=O)N2CCN(CC2)c3ncnc4ccccc34,6.75
340,CHEMBL1258441,N[C@H](Cc1ccc(cc1)C#N)C(=O)N2CCN(CC2)c3ncnc4ccccc34,5.57
341,CHEMBL1258442,N[C@H](Cc1ccc(F)cc1)C(=O)N2CCN(CC2)c3ncnc4ccccc34,5.95
342,CHEMBL1258550,COc1ccc(C[C@@H](N)C(=O)N2CCN(CC2)c3ncnc4ccccc34)cc1,5.69
343,CHEMBL1258551,Cc1ccc(C[C@@H](N)C(=O)N2CCN(CC2)c3ncnc4ccccc34)cc1,6.12
344,CHEMBL1258662,N[C@H](Cc1ccc(Br)cc1)C(=O)N2CCN(CC2)c3ncnc4ccccc34,6.44
345,CHEMBL1258663,N[C@H](Cc1ccccc1Cl)C(=O)N2CCN(CC2)c3ncnc4ccccc34,4.6
346,CHEMBL1258778,N[C@H](Cc1cccc(Cl)c1)C(=O)N2CCN(CC2)c3ncnc4ccccc34,5.22
347,CHEMBL1258779,N[C@H](Cc1ccc(Cl)cc1Cl)C(=O)N2CCN(CC2)c3ncnc4ccccc34,5.83
348,CHEMBL1258898,N[C@H](Cc1ccc(Cl)c(Cl)c1)C(=O)N2CCN(CC2)c3ncnc4ccccc34,6.31
349,CHEMBL1258899,N[C@H](Cc1ccc(F)c(F)c1)C(=O)N2CCN(CC2)c3ncnc4ccccc34,6.18
350,CHEMBL1257163,N[C@H](Cc1ccc(cc1)C(F)(F)F)C(=O)N2CCN(CC2)c3ncnc4ccccc34,6.13
351,CHEMBL1257164,N[C@H](Cc1ccc(cc1)c2ccccc2)C(=O)N3CCN(CC3)c4ncnc5ccccc45,4.86
352,CHEMBL1257280,N[C@H](Cc1cc(F)cc(F)c1)C(=O)N2CCN(CC2)c3ncnc4ccccc34,5.22
353,CHEMBL1257281,COc1cc(C[C@@H](N)C(=O)N2CCN(CC2)c3ncnc4ccccc34)cc(OC)c1,5.24
412,CHEMBL379218,Cc1n[nH]c2ccc(cc12)c3cncc(OC[C@@H](N)Cc4ccccc4)c3,6.75
425,CHEMBL300138,Cn1cc(C2=C(C(=O)NC2=O)c3cn(C4CCN(Cc5ccccn5)CC4)c6ccccc36)c7ccccc17,6.0
460,CHEMBL220241,CCn1c(nc2cnc(Oc3cccc(NC(=O)c4ccc(OCCN5CCOCC5)cc4)c3)cc12)c6nonc6N,5.82
461,CHEMBL1956071,CCn1c(nc2cncc(C(=O)N3CC[C@H](N)C3)c12)c4nonc4N,5.89
1200,CHEMBL1964290,Cc1cccc(c1C)c2[nH]c(cc2C(=O)N)c3ccnc(N)n3,5.1
1205,CHEMBL1987034,NS(=O)(=O)c1cccc(Nc2ncc(Br)c(Nc3ccc(OCC#N)cc3)n2)c1,6.6
1209,CHEMBL2005886,Cc1cc(cc2[nH]c(nc12)C3=C(NCC(O)c4cccc(Cl)c4)C=CNC3=O)N5CCOCC5,5.4
1211,CHEMBL1682345,C(c1ccccc1)n2cc(nn2)c3ccc4[nH]ncc4c3,5.4
1215,CHEMBL2005936,CCCC(=O)Nc1n[nH]c2ccc(cc12)c3nnn(Cc4ccccc4)c3c5ccccc5,5.8
1216,CHEMBL1966628,NC1CCC(CC1)Nc2nccc(n2)c3c[nH]c4ncccc34,6.2
1218,CHEMBL1995813,NC1CCCCC1Nc2nccc(n2)c3c[nH]c4ncccc34,6.3
1219,CHEMBL1979718,Cc1c(C)n(Cc2ccccc2)c3ccc(cc13)C(=O)Nc4nc[nH]n4,5.2
1220,CHEMBL1993781,NC(COCc1ccccc1)COc2cncc(C=Cc3ccncc3)c2,5.2
1221,CHEMBL1989834,O=C1NNc2cccc(c3ccccc3)c12,4.4
1231,CHEMBL2006263,Cc1nc2ccc(NS(=O)(=O)c3ccc(N)cc3)cc2nc1C,5.3
1232,CHEMBL1993584,OC(COc1cncc(C=Cc2ccncc2)c1)Cc3c[nH]c4ccccc34,5.1
1239,CHEMBL1981782,Clc1ccc(CNC(=O)Nc2ccc3[nH]ncc3c2)cc1Cl,5.4
1247,CHEMBL1975128,Nc1n[nH]c2ccc(cc12)c3nnn(Cc4ccccc4)c3I,6.5
1258,CHEMBL437747,CCCn1c(nc(c2ccc(Cl)c(Cl)c2)c1c3ccnc(NC4CCCCC4)n3)C5CCNCC5,5.4
1261,CHEMBL1987756,Brc1ccc(C=CCNCCNS(=O)(=O)c2cccc3cnccc23)cc1,6.4
1264,CHEMBL1974870,Cc1n[nH]c2ccc(cc12)c3cncc(OCC(N)Cc4cccc(Cl)c4)c3,8.3
1268,CHEMBL1964307,Cc1cccc(NC(=O)Cc2ccc(cc2)c3cccc4[nH]nc(N)c34)c1,5.4
1276,CHEMBL1972840,NC(COc1cncc(c1)c2cc3cnccc3s2)Cc4c[nH]c5ccccc45,6.7
1287,CHEMBL2004934,COc1cccc(c1)C(C)NC(=O)c2ccc(c(F)c2)c3ccncc3,5.4
1294,CHEMBL1966425,CN(C)CCCOc1cc2C(=O)NCc2c(c1)c3ccc(Nc4oc5ccccc5n4)cc3,5.2
1295,CHEMBL1984363,Cc1cc(NC(=O)Cc2ccc(cc2)c3cccc4[nH]nc(N)c34)ccc1F,5.1
1299,CHEMBL1988608,CC(=O)Nc1cccc(CNC2=C(Nc3ccc4[nH]ncc4c3)C(=O)C2=O)c1,5.9
1304,CHEMBL539474,O=C1CCCN1Cc2ccc3c(NC(=O)c4cccn34)c2,6.5
1305,CHEMBL1987679,NC(COc1cncc(c1)c2ccc3NC(=O)Oc3c2)Cc4c[nH]c5ccccc45,6.9
1310,CHEMBL1974803,OC1=C(c2cc(Cl)ccc2O)c3c(Cl)cc(Cl)cc3NC1=O,5.4
1320,CHEMBL2002992,CC(N)C1CCC(CC1)C(=O)Nc2ccnc3[nH]ccc23,5.6
1336,CHEMBL1972125,NC(COc1cncc(c1)c2ccc(N)c(c2)C(=O)c3ccccc3)Cc4c[nH]c5ccccc45,5.2
1342,CHEMBL1972158,Nc1n[nH]c2ccc(cc12)c3nnn(Cc4ccccc4)c3c5ccccc5,6.1
1355,CHEMBL1969561,CC(C)N(C)C(=O)c1c(nnn1Cc2ccccc2)c3ccc4[nH]ncc4c3,5.1
1359,CHEMBL1971943,Cc1c[nH]c2nccc(Oc3c(F)cc(Nc4cc(Cl)nc(N)n4)cc3F)c12,6.0
1360,CHEMBL1999918,NC(=O)c1cc2c(cncc2s1)c3ccc(Br)c(F)c3F,5.4
1363,CHEMBL1969049,COc1cccc(c1)C(C)NC(=O)c2ccc(c(C)c2)c3ccncc3,5.1
1369,CHEMBL1998611,NC(=O)c1sc2c(Br)ccc(Cl)c2c1N,5.1
1371,CHEMBL1975900,Clc1ccc(CNC2=C(Nc3ccncc3)C(=O)C2=O)cc1Cl,5.9
1380,CHEMBL1984274,O=C1NNC(=O)c2c(NN=C3C(=O)N(N=C3c4ccccc4)c5ccccc5)cccc12,5.7
1387,CHEMBL2002479,NCCCOc1cc2C(=O)NCc2c(c1)c3ccc(Nc4oc5cc(Cl)ccc5n4)cc3,5.3
1389,CHEMBL1993166,CN(CCCNC(=O)Nc1cc(cc(c1)C(=NNC(=N)N)C)C(=NNC(=N)N)C)CCCNC(=O)Nc2cc(cc(c2)C(=NNC(=N)N)C)C(=NNC(=N)N)C,6.4
1393,CHEMBL1992644,c1ccc(cc1)c2n[nH]cc2c3ccncc3,5.0
1401,CHEMBL2000832,COc1cc(ccc1O)c2ccc3C(=O)Nc4cc(ccc4Nc3c2)C(=O)NCc5cccc(F)c5,5.5
1406,CHEMBL1965660,NC(=O)c1cc([nH]c1c2ccc(Cl)cc2Cl)c3ccnc(N)n3,5.2
1419,CHEMBL1980995,CNC1CC2OC(C)(C1OC)n3c4ccccc4c5c6CNC(=O)c6c7c8ccccc8n2c7c35,8.2
1420,CHEMBL1967302,NC(COc1cncc(c1)c2ccc3NC(=O)Cc3c2)Cc4c[nH]c5ccccc45,6.8
1432,CHEMBL1993243,CNC(=O)C=Cc1cnc(N)c2c(csc12)c3ccc4OCOc4c3,5.1
1437,CHEMBL1969537,S=C1NN=C2N1C3=NNC(=S)N3c4sc5CCCc5c24,5.1
1438,CHEMBL38380,O=S(=O)(N1CCCNCC1)c2cccc3cnccc23,5.2
1441,CHEMBL1996543,NC(COc1cncc(c1)c2ccc(F)cc2)Cc3c[nH]c4ccccc34,5.2
1459,CHEMBL306380,Cc1ccc(cc1)c2nn(c3ncnc(N)c23)C(C)(C)C,5.1
1461,CHEMBL1966722,OC(C(=O)NNC(=S)Nc1ccc(Cl)cc1)(c2ccccc2)c3ccccc3,5.8
1466,CHEMBL1996831,OC(=O)c1c2CCC(=C3CCCC3)c2nc4ccccc14,5.2
1470,CHEMBL1989646,Cc1c(nnn1Cc2ccccc2)c3ccc4[nH]nc(N)c4c3,5.7
1496,CHEMBL1965836,Cc1n[nH]c2ccc(cc12)c3cncc(OCC(N)Cc4cccc(OC(F)(F)F)c4)c3,8.2
1503,CHEMBL2002346,C(Nc1cc(ncn1)c2c[nH]c3ncccc23)c4ccccc4,6.1
1504,CHEMBL1975138,OC(C(=O)NNC(=S)Nc1ccc(F)cc1)(c2ccccc2)c3ccccc3,5.6
1524,CHEMBL2006933,CSc1cnc2c(ccc3cnccc23)c1O,5.7
1526,CHEMBL1991078,COc1ccc(cc1OC)C(=O)Nc2n[nH]c3ccc(cc23)c4cn(Cc5ccccc5)nn4,5.9
1529,CHEMBL2000685,CC(=NNC(=N)N)c1cc(NC(=O)c2cccc(c2)C(=O)Nc3cc(cc(c3)C(=NNC(=N)N)C)C(=NNC(=N)N)C)cc(c1)C(=NNC(=N)N)C,6.8
1531,CHEMBL1985311,Nc1n[nH]c2cccc(c3ccc(NC(=O)Nc4cc(CO)ccc4F)cc3)c12,5.2
1535,CHEMBL1969502,O=C(Nc1cc2C(=O)NN=Cc3c[nH]c(c1)c23)C4CC4c5ccccc5,7.4
1537,CHEMBL1682553,CC(C)Nc1c(nc2ncccn12)c3ccc4[nH]ncc4c3,5.3
1541,CHEMBL2000271,Cc1n[nH]c2ccc(cc12)c3cncc(OCC(CN)Cc4ccccc4)c3,7.1
1543,CHEMBL1985092,Oc1ccc(cc1)c2n[nH]c(Nc3cccc(Cl)c3)c2c4ccc(O)cc4,5.4
1548,CHEMBL1967544,CN(C)c1cccc2c(cccc12)S(=O)(=O)N(CCN)c3cncc(c3)c4ccc5cnccc5c4,5.9
1551,CHEMBL340384,NC(=O)C1=CN(c2ccc(O)cc2Cl)c3cc(ccc3C1=O)c4ccncc4,5.2
1560,CHEMBL592030,NCCCn1cc(c2cc(c3cc4ccccc4s3)c5[nH]ncc5c2)c6nc(N)ncc16,6.6
1568,CHEMBL1983195,CCN(CC)C(=O)Nc1ccc2nc(c3occc3)c(nc2c1)c4occc4,5.3
1586,CHEMBL1974288,OCC(NC(=O)c1ccc(cc1)c2ccncc2)c3ccccc3,5.3
1590,CHEMBL1990346,Nc1n[nH]c2cccc(c3ccc(Br)cc3)c12,5.3
1591,CHEMBL1968705,CCCC(=O)Nc1cccc(c1)c2nc(Nc3ccc4[nH]ncc4c3)c5cc(OCCN6CCCC6)ccc5n2,5.5
1593,CHEMBL1966343,CC(C)Cc1cc(on1)c2ccc3[nH]nc(N)c3c2,5.1
1594,CHEMBL1967887,Cc1n[nH]c2ccc(cc12)c3cncc(OCCN)c3,5.4
1601,CHEMBL1974328,Cc1cccc(Nc2nc(NC3CCCCC3N)cnc2C(=O)N)c1,6.5
1609,CHEMBL1990254,NCC(NC(=O)c1ccc(cc1)c2ccncc2)c3ccccc3,6.5
1610,CHEMBL1992342,CCCS(=O)(=O)Nc1ccc(cc1)c2ccc3[nH]nc(N)c3c2,5.7
1611,CHEMBL1988173,Cc1cc(Cl)ccc1NC(=S)NNC(=O)C(O)(c2ccccc2)c3ccccc3,6.6
1618,CHEMBL1983945,NC(Cc1c[nH]c2ccccc12)C(=O)Nc3cncc(C=Cc4ccncc4)c3,6.4
1624,CHEMBL1978448,CS(=O)(=O)N(Cc1ccc2NC(=O)c3cccn3c2c1)C4CC4,7.1
1634,CHEMBL2006188,COc1cccc(c1)C(C)NC(=O)c2ccc(cc2NCCCN)c3ccncc3,5.5
1637,CHEMBL1973893,CCCS(=O)(=O)Nc1ccc(cc1)c2ccc3[nH]nc(NC(=O)C)c3c2,5.1
1645,CHEMBL1991180,COCc1nnn(c1C(=O)NN=C(C)c2ccc(O)cc2O)c3nonc3N,6.2
1651,CHEMBL413779,OCCOc1cc2OCCCCCOc3nc(NC(=O)Nc2cc1Cl)cnc3C#N,5.7
1665,CHEMBL2006156,CC(C)N(C(C)C)C(=O)Nc1ccc2nc(c3occc3)c(nc2c1)c4occc4,5.1
1670,CHEMBL1982711,NC(=O)c1ccc(cc1)c2c[nH]c3nccc(Cl)c23,5.2
1674,CHEMBL1682346,Nc1n[nH]c2ccc(cc12)c3cn(Cc4ccccc4)nn3,5.4
1681,CHEMBL1988838,Cc1cnc(Nc2cccc(c2)S(=O)(=O)N)nc1Nc3ccc(OCC(=O)N)cc3,5.1
1694,CHEMBL1082440,CC1CNCCCN1S(=O)(=O)c2cccc3cncc(C)c23,5.5
1697,CHEMBL1984633,COc1cccc(c1)C(C)NC(=O)c2cnc(s2)c3ccncc3,5.1
1700,CHEMBL1965845,COc1cccc(c1)C(C)NC(=O)N2CCC(=CC2)c3c[nH]c4ncccc34,6.2
1704,CHEMBL1971017,NC(=O)c1cc2c(cncc2s1)c3cccc(F)c3,5.1
1711,CHEMBL1997349,CC1=NN(C(=O)C1=Cc2c(C)c(C#N)c3nc4ccccc4n3c2O)c5ccc(Cl)c(Cl)c5,5.3
1715,CHEMBL1974935,NC(COc1cncc(C=Cc2ccncc2)c1)Cc3c[nH]c4ccccc34,6.4
1720,CHEMBL1964937,OCC(NC(=O)N1CCC(=CC1)c2c[nH]c3ncccc23)c4ccccc4,5.2
1726,CHEMBL1682552,C1CCC(CC1)Nc2c(nc3ncccn23)c4ccc5[nH]ncc5c4,5.4
1733,CHEMBL1970903,Cc1n[nH]c2ccc(cc12)c3cncc(OCC(N)Cc4c[nH]c5ccccc45)c3,8.2
1747,CHEMBL1975418,C(c1ccccc1)n2nnc(c3ccc4[nH]ncc4c3)c2C5CC5,5.6
1755,CHEMBL2001751,NC(COc1cncc(c1)c2ccc3NC(=O)C(=Cc4occc4)c3c2)Cc5c[nH]c6ccccc56,8.3
1763,CHEMBL1970217,COc1cccc(c1)C(C)NC(=O)c2ccc(cc2)c3ccncc3C,5.7
1772,CHEMBL1969588,Clc1cc(cc(NCc2ccccc2)n1)c3c[nH]c4ncccc34,5.9
1778,CHEMBL1979252,FC(F)(F)c1cccc(CNC2=C(Nc3ccncc3)C(=O)C2=O)c1,5.5
1781,CHEMBL1986499,Nc1n[nH]c2ccc(cc12)c3nnn(Cc4ccccc4)c3c5ccc(F)cc5,5.7
1794,CHEMBL2001239,Nc1ncnc(Nc2cc(CNC(=O)C(F)(F)F)c(O)c(c2)c3ccc(Cl)cc3)n1,5.4
1805,CHEMBL1991725,CN(C)CC(=O)NC(COc1cncc(c1)c2ccc3cnccc3c2)Cc4c[nH]c5ccccc45,5.4
1809,CHEMBL396523,OC(=O)c1ccccc1Nc2ccnc(Nc3ccc4[nH]ncc4c3)n2,5.1
1815,CHEMBL385478,C1CCC(CC1)Nc2nccc(n2)c3c[nH]c4ncccc34,5.6
1835,CHEMBL1999556,NC(=O)c1cc2c(cncc2s1)c3ccccc3,5.2
1837,CHEMBL1968245,NC(COc1cc(C=Cc2ccncc2)cnc1Cl)Cc3c[nH]c4ccccc34,6.1
1838,CHEMBL1998121,NCCC(C(=O)Nc1ccc2[nH]ncc2c1)c3ccc(Cl)c(Cl)c3,8.0
1844,CHEMBL1979357,Cn1cc(C(CN)c2cncc(C=Cc3ccncc3)c2)c4ccccc14,5.3
1863,CHEMBL1995740,COc1cc(ccc1O)c2ccc3C(=O)Nc4cc(ccc4Nc3c2)[N+](=O)[O-],5.3
1871,CHEMBL1999931,O=C(Nc1n[nH]c2ccc(cc12)c3cn(Cc4ccccc4)nn3)c5ccccc5,6.6
1872,CHEMBL1991640,Fc1cc2C(=O)C3=C(SNC3=O)N(C4CC4)c2c(F)c1NCc5ccccc5,5.6
1877,CHEMBL1991063,Cc1n[nH]c2ccc(cc12)c3cncc(OCC(N)Cc4ccc(Cl)c(Cl)c4)c3,8.4
1878,CHEMBL1976240,COc1cccc(c1)C(CN)NC(=O)c2ccc(cc2)c3ccncc3,6.2
1883,CHEMBL2002726,Cc1n[nH]c2ccc(cc12)c3cncc(OCC(N)Cc4ccccc4)c3,7.1
1893,CHEMBL1977223,CCCC(=O)Nc1n[nH]c2ccc(cc12)c3cn(Cc4ccccc4)nn3,5.1
1898,CHEMBL1991728,CC(=NNC(=N)N)c1cc(NC(=O)NCCCCCCNC(=O)Nc2cc(cc(c2)C(=NNC(=N)N)C)C(=NNC(=N)N)C)cc(c1)C(=NNC(=N)N)C,6.4
1907,CHEMBL1986328,CN(C)C(=O)Nc1ccc2nc(c3occc3)c(nc2c1)c4occc4,5.1
1914,CHEMBL1982361,Fc1ccccc1CNC2=C(Nc3ccncc3)C(=O)C2=O,5.3
1916,CHEMBL1982122,OCCC(Nc1nc2ccc(cc2s1)c3ccncc3)c4ccccc4,5.8
1926,CHEMBL2003638,Fc1cccc(c1)C(=O)Nc2n[nH]c3ccc(cc23)c4cn(Cc5ccccc5)nn4,6.6
1929,CHEMBL1966524,NC(COc1cncc(c1)c2cc3ccncc3s2)Cc4c[nH]c5ccccc45,7.6
1934,CHEMBL1375640,Cc1nc(COc2ccccc2Cl)sc1c3ccnc(N)n3,5.3
1938,CHEMBL1973711,OC1=C(C#N)C2=C(C(=N)Oc3ccc(Cl)cc23)C(=O)N1,5.1
1953,CHEMBL1991188,COc1cccc(c1)C(C)NC(=O)c2ccc(cc2OC)c3ccncc3F,5.1
1961,CHEMBL1997617,CN1CCN(CC1)C2CCC(CC2)n3cc(c4ccc(Oc5ccccc5)cc4)c6c(N)ncnc36,5.1
1995,CHEMBL2177837,Nc1ncccc1c2nc3ccc(nc3n2c4ccc(CNC(=O)c5cccc(F)c5)cc4)c6cccnc6,6.18
1996,CHEMBL2177836,CC(=O)Nc1cccc(c1)c2ccc3nc(c4cccnc4N)n(c5ccc(CNC(=O)c6cccc(F)c6)cc5)c3n2,6.77
1997,CHEMBL2177835,Nc1ncccc1c2nc3ccc(nc3n2c4ccc(CNC(=O)c5ccccc5)cc4)c6ccccc6,6.41
1998,CHEMBL2177834,CC(=O)Nc1cccc(c1)c2ccc3nc(c4cccnc4N)n(c5ccc(CNC(=O)c6ccccc6)cc5)c3n2,6.77
1999,CHEMBL2177832,Nc1ncccc1c2nc3ccc(nc3n2c4ccc(CNC(=O)c5ccccc5)cc4)c6cccnc6,6.43
2000,CHEMBL2177829,Nc1ncccc1c2nc3ccc(nc3n2c4ccc(CC(=O)Nc5ccccc5)cc4)c6cccnc6,6.41
2001,CHEMBL2177828,CC(=O)Nc1cccc(c1)c2ccc3nc(c4cccnc4N)n(c5ccc(CC(=O)Nc6cccc(F)c6)cc5)c3n2,5.6
2002,CHEMBL2177827,CC(=O)Nc1cccc(c1)c2ccc3nc(c4cccnc4N)n(c5ccc(CC(=O)Nc6ccccc6)cc5)c3n2,6.16
2042,CHEMBL2177376,C[C@@H]1C[C@@H](O)c2ncnc(N3CCN(CC3)C(=O)[C@H](CNCC(F)(F)F)c4ccc(Cl)cc4)c12,6.1
2045,CHEMBL2177373,C[C@@H]1C[C@@H](O)c2ncnc(N3CCN(CC3)C(=O)[C@H](CN)c4ccc(Cl)cc4)c12,7.35
2046,CHEMBL2177383,CC(C)NC[C@@H](C(=O)N1CCN(CC1)c2ncnc3c2[C@H](C)CC3(F)F)c4ccc(Cl)cc4,5.38
2049,CHEMBL2177380,CC(C)NC[C@@H](C(=O)N1CCN(CC1)c2ncnc3[C@@H](O)C[C@@H](C)c23)c4ccc(Cl)cc4,7.14
2051,CHEMBL2177389,CC(C)NC[C@@H](C(=O)N1CCN(CC1)c2ncnc3CC[C@@H](CO)c23)c4ccc(Cl)cc4,7.08
2376,CHEMBL2325740,COCCC(NC(=O)C1(N)CCN(CC1)c2ncnc3[nH]ccc23)c4ccc(Cl)cc4,7.0
2379,CHEMBL2325737,NC1(CCN(CC1)c2ncnc3[nH]ccc23)C(=O)NC(CO)c4ccc(Cl)cc4,7.4
2380,CHEMBL2325736,CS(=O)(=O)NCCC(NC(=O)C1(N)CCN(CC1)c2ncnc3[nH]ccc23)c4ccc(Cl)cc4,7.52
2381,CHEMBL2325730,NC(=O)C(NC(=O)C1(N)CCN(CC1)c2ncnc3[nH]ccc23)c4ccc(Cl)cc4,6.98
2386,CHEMBL2325994,NC1(CCN(CC1)c2ncnc3[nH]ccc23)C(=O)NC(CCCN4CCCC4)c5ccc(Cl)cc5,7.44
2389,CHEMBL2325991,COc1ccc(cc1OC)C(C)NC(=O)C2(N)CCN(CC2)c3ncnc4[nH]ccc34,5.54
2390,CHEMBL2325990,CC(NC(=O)C1(N)CCN(CC1)c2ncnc3[nH]ccc23)c4ccc(cc4)S(=O)(=O)C,6.12
2391,CHEMBL2325989,CC(NC(=O)C1(N)CCN(CC1)c2ncnc3[nH]ccc23)c4ccccn4,5.09
2392,CHEMBL2325988,CC(NC(=O)C1(N)CCN(CC1)c2ncnc3[nH]ccc23)c4cccnc4,5.37
2393,CHEMBL2325987,CC(NC(=O)C1(N)CCN(CC1)c2ncnc3[nH]ccc23)c4ccc(F)cc4,6.75
2394,CHEMBL2325986,CC(NC(=O)C1(N)CCN(CC1)c2ncnc3[nH]ccc23)c4ccccc4,6.24
2395,CHEMBL2325985,NC1(CCN(CC1)c2ncnc3[nH]ccc23)C(=O)NC(Cc4ccccc4)c5ccc(Cl)cc5,6.82
2396,CHEMBL2325984,NC1(CCN(CC1)c2ncnc3[nH]ccc23)C(=O)NC(c4ccccc4)c5ccc(Cl)cc5,6.57
2400,CHEMBL2325742,C[C@@H](NC(=O)C1(N)CCN(CC1)c2ncnc3[nH]ccc23)c4ccc(Cl)cc4,6.28
2401,CHEMBL2325997,CC(NC(=O)C1(N)CCN(CC1)c2ncnc3[nH]ccc23)c4ccc(Cl)cc4,7.52
2402,CHEMBL598194,NC1(CCN(CC1)c2ncnc3[nH]ccc23)C(=O)NCc4ccc(Cl)cc4,7.24
