,molecule_chembl_id,canonical_smiles,pchembl_value
0,ceritinib,CC(C)Oc1cc(C2CCNCC2)c(C)cc1Nc3ncc(Cl)c(Nc4ccccc4S(=O)(=O)C(C)C)n3,9.69896984
1,alectinib,CCc1cc2C(=O)c3c([nH]c4cc(ccc34)C#N)C(C)(C)c2cc1N5CCC(CC5)N6CCOCC6,8.72124672
2,crizotinib,[H][C@](C)(OC1=C(N)N=CC(=C1)C1=CN(N=C1)C1CCNCC1)C1=C(Cl)C=CC(F)=C1Cl,9.13
3,CHEMBL2403827,CCN1CCC(CC1)c2cc(OC(C)C)c(Nc3ncc(C)c(Nc4ccccc4S(=O)(=O)C(C)C)n3)cc2C,7.53
4,CHEMBL3604653,CC(C)C(=O)c1cc(OC2CC2)c(Nc3ncc(Cl)c(Nc4cn(C)nc4S(=O)(=O)C(C)C)n3)cc1C,7.54
5,CHEMBL3651850,CC(C)Oc1cc(C2CCN(CC2)C(=O)Cn3ccnc3)c(C)cc1Nc4nc(Nc5ccccc5S(=O)(=O)C(C)C)c6c(C)[nH]nc6n4,7.54
6,CHEMBL3651845,CC(C)Oc1cc(C2CCN(C[C@@H](O)C(F)(F)F)CC2)c(C)cc1Nc3nc(Nc4ccccc4S(=O)(=O)C(C)C)c5c[nH]nc5n3,7.54
7,CHEMBL3651836,CC(C)Oc1cc2CN(C3CCN(CC3)C(=O)[C@@H]4CCCN4)C(=O)c2cc1Nc5ncc(Cl)c(Nc6ccccc6S(=O)(=O)C(C)C)n5,7.54
8,CHEMBL3786127,COc1cc2c(CC\C(=N/NC(=O)N)\C2(C)C)cc1Nc3ncc(Cl)c(Nc4ccccc4S(=O)(=O)C(C)C)n3,7.54
9,CHEMBL3669151,COc1ccc(F)cc1c2c(CO)sc3cnc(Nc4ccc(cc4OC(C)C)N5CCN(C)CC5)nc23,7.54
10,CHEMBL2418761,Cn1cc(cn1)c2cnc3[nH]cc(c4cnn(Cc5cc(F)ccc5F)c4)c3c2,7.54
11,CHEMBL3286816,Cn1ncc2CCCOc3ccc(F)cc3COc4cc(cnc4N)c12,7.54
12,CHEMBL3218860,NC(=O)[C@H]1[C@H]2C[C@H](C=C2)[C@H]1Nc3c(Br)cnc4[nH]c(nc34)c5ccc(cc5)N6CCOCC6,7.54
13,CHEMBL3786006,CC(C)Oc1cc(C2CCNCC2)c(C)cc1Nc3ncc(Cl)c(Nc4c[nH]nc4S(=O)(=O)C(C)C)n3,7.55
14,CHEMBL3357448,CC(C)S(=O)(=O)c1ccccc1Nc2nc(Nc3cccc(NC(=O)[C@@H](N)Cc4c[nH]cn4)c3)ncc2Cl,7.55
15,CHEMBL3604640,CC(C)c1cc(C2CCN(C)CC2)c(C)cc1Nc3ncc(Cl)c(Nc4cn(C)nc4S(=O)(=O)C(C)C)n3,7.55
16,CHEMBL3787103,CCn1cc(Nc2nc(Nc3cc(C)c(cc3OC(C)C)C4CCNCC4)ncc2Cl)c(n1)S(=O)(=O)C(C)C,7.55
17,CHEMBL2024001,COc1cc(Nc2nccc(n2)N3CCC[C@@H](C3)C(=O)NCc4cccc(c4)N5CCOCC5)cc(OC)c1OC,7.55
18,CHEMBL3669134,COc1cc(ccc1Nc2ncc3sc(C(=O)N)c(c4ccccc4)c3n2)N5CCN(CC5)C(C)C,7.55
19,CHEMBL2158523,COc1ccc(cc1Nc2ncc3ccc(c4ccccc4N(C)S(=O)(=O)C)n3n2)N5CCN(C)CC5,7.55
20,CHEMBL2418759,Cn1cc(cn1)c2cnc3[nH]cc(c4cnn(Cc5cccc(N)c5)c4)c3c2,7.55
21,CHEMBL1779201,CC1(C)c2cc(ccc2C(=O)c3c1[nH]c4cc(ccc34)C#N)N5CCN(CC5)C6COC6,7.57
22,CHEMBL3735980,CCc1cc2C(=O)c3c([nH]c4cc(ccc34)C#N)C(C)(C)c2cc1c5cnn(CC(=O)N)c5,7.57
23,CHEMBL3786431,COc1cc2CCC(N)C(C)(C)c2cc1Nc3ncc(Cl)c(Nc4ccccc4S(=O)(=O)C(C)C)n3,7.57
24,CHEMBL1165334,Clc1cccc(Cl)c1CN2CCNc3ncc(cc23)c4ccc(cc4)C(=O)N5CCC[C@H]5CN6CCCC6,7.57
25,CHEMBL1779195,CC1(C)c2cc(OCCNC(=O)N)ccc2C(=O)c3c1[nH]c4cc(ccc34)C#N,7.58
26,CHEMBL2403842,CC(C)Oc1cc(C2CCN(CC2)C(=O)CN(C)C)c(C)cc1Nc3ncc(Cl)c(Nc4ccccc4S(=O)(=O)C(C)C)n3,7.59
27,CHEMBL3357454,CC(C)S(=O)(=O)c1ccccc1Nc2nc(Nc3cccc(NC(=O)CN4C[C@@H](C)O[C@@H](C)C4)c3)ncc2Cl,7.59
28,CHEMBL1796246,CCN1CCc2ccc(Nc3ncc(Cl)c(N[C@@H]4CCCC[C@H]4NC(=O)C(F)(F)F)n3)cc2CC1,7.59
29,CHEMBL3805749,CN1CCN(CC1)c2ccc(C(=O)Nc3n[nH]c4ccc(Cc5cc(F)cc(F)c5)cc34)c(NCCO)c2,7.59
30,CHEMBL2418749,Cc1nn(Cc2cc(F)cc(F)c2)c(C)c1c3c[nH]c4ncc(cc34)c5cnn(C)c5,7.59
31,CHEMBL2403833,CC(C)Oc1cc(C2CCN(C)CC2)c(C)cc1Nc3ncc(Cl)c(Nc4ccccc4S(=O)(=O)N(C)C)n3,7.6
32,CHEMBL3651867,CNC(=O)CCN1CCC(CC1)c2cc(OC(C)C)c(Nc3nc(Nc4ccccc4S(=O)(=O)C(C)C)c5c(C)[nH]nc5n3)cc2C,7.6
33,CHEMBL1922981,Cn1cc(\C=C\2/C(=O)NN=C2c3nccs3)c4c(OCc5cccc(F)c5)cccc14,7.6
34,CHEMBL2403844,CC(C)Oc1cc(ccc1Nc2ncc(Cl)c(Nc3ccccc3S(=O)(=O)C(C)C)n2)N4CCC(CC4)N5CCN(C)CC5,7.61
35,CHEMBL3330859,CC(C)S(=O)(=O)c1ccccc1Nc2nc(Nc3nc4CCN(CCc4s3)C(=O)C5CCOCC5)ncc2Cl,7.62
36,CHEMBL2172326,CCN(CC)C(=O)[C@@H]1CC[C@@H](CC1)N2\C(=N\C(=O)c3ccccc3)\Nc4ccc(CN5CCCCC5)cc24,7.62
37,CHEMBL3735802,CCc1cc2C(=O)c3c([nH]c4cc(ccc34)C#N)C(C)(C)c2cc1NC(=O)CN5CC6CN(C)CC6C5,7.62
38,CHEMBL3263971,CNC(=O)c1ccccc1Nc2nc(Nc3ccc4CCN(C)CC(C)c4c3)ncc2Cl,7.62
39,CHEMBL3786830,CNC(=O)c1nn(C)cc1Nc2nc(Nc3cc(C)c(cc3OC4CC4)C5CCN(C)CC5)ncc2Cl,7.62
40,CHEMBL3734798,C[C@@H](Oc1cc(cnc1N)c2ccn(n2)C3CCNCC3)c4c(Cl)ccc(F)c4Cl,7.63
41,CHEMBL3651861,CC(C)Oc1cc(C2CCN(CCS(=O)(=O)C)CC2)c(C)cc1Nc3nc(Nc4ccccc4S(=O)(=O)C(C)C)c5c(C)[nH]nc5n3,7.64
42,CHEMBL3651838,CC(C)Oc1cc2CN(C3CCN(CC3)C(=O)[C@@H]4CCCN4C)C(=O)c2cc1Nc5ncc(Cl)c(Nc6ccccc6S(=O)(=O)C(C)C)n5,7.64
43,CHEMBL3604637,CC(C)S(=O)(=O)c1nn(C)cc1Nc2nc(Nc3cc(C)c(cc3OC(CF)CF)C4CCN(C)CC4)ncc2Cl,7.64
44,CHEMBL3735241,CCc1cc2C(=O)c3c([nH]c4cc(ccc34)C#N)C(C)(C)c2cc1NC(=O)CN5C[C@@H]6C(CO)[C@@H]6C5,7.64
45,CHEMBL3669149,COc1ncccc1c2c(sc3cnc(Nc4cccc(N5CCN(C)CC5)c4OC(C)C)nc23)C(=O)N,7.64
46,CHEMBL1922961,Cc1nnsc1C2=NNC(=O)/C/2=C\c3cn(C)c4cccc(OCc5ccccc5)c34,7.64
47,CHEMBL3651849,CC(C)Oc1cc(C2CCN(CC2)C(=O)Cn3cccn3)c(C)cc1Nc4nc(Nc5ccccc5S(=O)(=O)C(C)C)c6c(C)[nH]nc6n4,7.66
48,CHEMBL3787297,CC(C)S(=O)(=O)c1nc(C)sc1Nc2nc(Nc3cc(C)c(cc3OC4CC4)C5CCN(C)CC5)ncc2Cl,7.66
49,CHEMBL3604639,CC(C)S(=O)(=O)c1nn(C)cc1Nc2nc(Nc3cc(C)c(cc3C(F)(F)F)C4CCN(C)CC4)ncc2Cl,7.66
50,CHEMBL1796247,COCCN1CCc2ccc(Nc3ncc(Cl)c(N[C@@H]4CCCC[C@H]4NC(=O)C(F)(F)F)n3)cc2CC1,7.66
51,CHEMBL1946608,COc1ccccc1Nc2nc(Nc3ccc(cc3)N4CCN(C)CC4)ncc2Cl,7.66
52,CHEMBL3286810,C[C@@H](Oc1cc(cnc1N)c2cn(C)nc2C)c3cc(F)ccc3C(=O)N(C)C,7.66
53,CHEMBL3286814,Nc1ncc2cc1OCc3cc(F)ccc3OCCc4n[nH]c(C#N)c24,7.66
54,CHEMBL3651865,CC(C)Oc1cc(C2CCN(CCC(=O)N3CCC3)CC2)c(C)cc1Nc4nc(Nc5ccccc5S(=O)(=O)C(C)C)c6c(C)[nH]nc6n4,7.68
55,CHEMBL3352867,CC(C)S(=O)(=O)c1ccccc1Nc2nc(Nc3cccc(NC(=O)C4CNC4)c3)ncc2Cl,7.68
56,CHEMBL3735811,CCc1cc2C(=O)c3c([nH]c4cc(ccc34)C#N)C(C)(C)c2cc1NC(=O)N5CCC(CC5)C(C)(C)O,7.68
57,CHEMBL3651856,CNC(=O)CN1CCC(CC1)c2cc(OC(C)C)c(Nc3nc(Nc4ccccc4S(=O)(=O)C(C)C)c5c(C)[nH]nc5n3)cc2C,7.68
58,CHEMBL2064662,COCCN[C@H]1CCc2ccc(Nc3ncc(Cl)c(N[C@@H]4[C@@H]5C[C@@H](C=C5)[C@@H]4C(=O)N)n3)c(OC)c2CC1,7.68
59,CHEMBL3786270,COc1cc2c(CCC(O)C2(C)C)cc1Nc3ncc(Cl)c(Nc4ccccc4S(=O)(=O)C(C)C)n3,7.68
60,CHEMBL3785497,COc1cc2c(CC\C(=N/NC(=O)C)\C2(C)C)cc1Nc3ncc(Cl)c(Nc4ccccc4S(=O)(=O)C(C)C)n3,7.68
61,CHEMBL3286819,C[C@H]1Oc2cc(cnc2N)c3c(CCCOc4ccc(F)cc14)nn(C)c3C#N,7.68
62,CHEMBL3286830,C[C@H]1Oc2cc(cnc2N)c3c(CN(C)C(=O)c4ccc(F)cc14)nn(C)c3C#N,7.68
63,CHEMBL3286827,C[C@H]1Oc2cc(cnc2N)c3cc(ccc3CN(C)C(=O)c4ccc(F)cc14)S(=O)(=O)C,7.68
64,CHEMBL1922972,Cc1nnsc1C2=NNC(=O)/C/2=C\c3cn(C)c4cccc(OCc5c(F)cccc5Cl)c34,7.68
65,CHEMBL3651854,CC(C)Oc1cc(C2CCN(C)CC2)c(C)cc1Nc3nc(Nc4ccccc4S(=O)(=O)C(C)C)c5c(C)[nH]nc5n3,7.7
66,CHEMBL3604631,CC(C)Oc1cc(C2CCNCC2)c(C)cc1Nc3ncc(Cl)c(Nc4cn(C)nc4S(=O)(=O)C(C)C)n3,7.7
67,CHEMBL3786818,CC(C)S(=O)(=O)c1nn(C)cc1Nc2nc(Nc3cc(C)c(cc3OC4CC4)[C@@H]5CC[C@@H](CC5)NC6CC6)ncc2Cl,7.7
68,CHEMBL3787494,CC(C)S(=O)(=O)c1nn(C)cc1Nc2nc(Nc3cc(C)c(cc3OC4CC4)[C@@H]5CC[C@H](CC5)NS(=O)(=O)C)ncc2Cl,7.7
69,CHEMBL1796258,CCN([C@@H]1CCCC[C@H]1Nc2nc(Nc3cc4CCN(CCOC)CCc4cc3OC)ncc2Cl)S(=O)(=O)C,7.7
70,CHEMBL2042694,CNS(=O)(=O)c1ccccc1Nc2nc(Nc3ccc4N(C)C(=O)CCCc4c3)ncc2Cl,7.7
71,CHEMBL2064722,COc1c2CCC(CCc2ccc1Nc3ncc(Cl)c(N[C@@H]4[C@@H]5C[C@@H](C=C5)[C@@H]4C(=O)N)n3)N6CCN(C)CC6,7.7
72,CHEMBL2064666,COc1c2CC[C@H](CCc2ccc1Nc3ncc(Cl)c(N[C@@H]4[C@@H]5C[C@@H](C=C5)[C@@H]4C(=O)N)n3)N6CCOCC6,7.7
73,CHEMBL1822515,COc1ccccc1c2ccc3cnc(Nc4ccc(cc4)N5CCN(C)CC5)nn23,7.7
74,CHEMBL3286818,C[C@H]1Oc2cc(cnc2N)c3c(CCOc4ccc(F)cc14)nn(C)c3C#N,7.7
75,CHEMBL1922968,Cc1nnsc1C2=NNC(=O)/C/2=C\c3cn(C)c4cccc(OCc5cccc(F)c5)c34,7.7
76,CHEMBL3651873,CC(C)Oc1cc(C2CCN(CC2)[C@H]3CCS(=O)(=O)C3)c(C)cc1Nc4nc(Nc5ccccc5S(=O)(=O)C(C)C)c6c(C)[nH]nc6n4,7.72
77,CHEMBL3357450,CC(C)S(=O)(=O)c1ccccc1Nc2nc(Nc3cccc(NC(=O)CCCN)c3)ncc2Cl,7.72
78,CHEMBL3786171,CC(C)S(=O)(=O)c1nn(C)cc1Nc2nc(Nc3cc(C)c(cc3OC4CC4)C5CCOCC5)ncc2Cl,7.72
79,CHEMBL3786916,CC(C)S(=O)(=O)c1sc(C)nc1Nc2nc(Nc3cc(C)c(cc3OC4CC4)C5CCN(C)CC5)ncc2Cl,7.72
80,CHEMBL3263973,CNC(=O)c1ccccc1Nc2nc(Nc3ccc4CCNCC(=C)c4c3)ncc2Cl,7.72
81,CHEMBL2023998,COc1cc(Nc2nccc(n2)N3CCC[C@@H](C3)C(=O)NCc4cccc(c4)c5ccccc5)cc(OC)c1OC,7.72
82,CHEMBL2158513,COc1cc(ccc1Nc2ncc3ccc(c4ccccc4C#N)n3n2)C5CCN(CC(=O)N)CC5,7.72
83,CHEMBL3805214,C[C@H](c1ccc2[nH]nc(NC(=O)c3ccc(cc3NC4CCOCC4)N5CCN(C)CC5)c2c1)c6cc(F)cc(F)c6,7.72
84,CHEMBL1779197,CC1(C)c2cc(ccc2C(=O)c3c1[nH]c4cc(ccc34)C#N)N5CCOCC5,7.73
85,CHEMBL3651876,CC(C)Oc1cc(C2CCN(CC2)C(=O)CCN(C)C)c(C)cc1Nc3nc(Nc4ccccc4S(=O)(=O)C(C)C)c5c(C)[nH]nc5n3,7.75
86,CHEMBL3651874,CC(C)Oc1cc(C2CCN(CC2)[C@@H]3CCS(=O)(=O)C3)c(C)cc1Nc4nc(Nc5ccccc5S(=O)(=O)C(C)C)c6c(C)[nH]nc6n4,7.75
87,CHEMBL3651864,CC(C)Oc1cc(C2CCN(CCC(=O)N)CC2)c(C)cc1Nc3nc(Nc4ccccc4S(=O)(=O)C(C)C)c5c(C)[nH]nc5n3,7.75
88,CHEMBL3357453,CC(C)S(=O)(=O)c1ccccc1Nc2nc(Nc3cccc(NC(=O)CN4CCOCC4)c3)ncc2Cl,7.75
89,CHEMBL3330858,CC(C)S(=O)(=O)c1ccccc1Nc2nc(Nc3nc4CCN(CC5CCOCC5)CCc4s3)ncc2Cl,7.75
90,CHEMBL3787598,CC(C)S(=O)(=O)c1nn(C)cc1Nc2nc(Nc3cc(C)c(cc3OC4CC4)C5CCN(C)CC5)ncc2F,7.75
91,CHEMBL3787658,CC(C)S(=O)(=O)c1nn(C)cc1Nc2nc(Nc3cc(C)c(cc3OC4CC4)[C@@H]5CC[C@H](CC5)N6CCN(CC6)C(=O)C)ncc2Cl,7.75
92,CHEMBL3785665,CC(C)S(=O)(=O)c1nn(C)cc1Nc2nc(Nc3cc(C)c(cc3OC4CC4)[C@@H]5CC[C@H](CC5)NC6CC6)ncc2Cl,7.75
93,CHEMBL3735648,CC1(C)c2cc(ccc2C(=O)c3c1[nH]c4cc(ccc34)C#N)C5CCN(CC6CCOCC6)CC5,7.75
94,CHEMBL2172324,CCOC(=O)[C@@H]1CC[C@@H](CC1)N2\C(=N\C(=O)c3ccccc3)\Nc4ccc(CN5CCCCC5)cc24,7.75
95,CHEMBL3736388,CCc1cc2C(=O)c3c([nH]c4cc(ccc34)C#N)C(C)(C)c2cc1C5=CCN(CC5)C(=O)C6CCOCC6,7.75
96,CHEMBL2042695,CN1C(=O)CCCc2cc(Nc3ncc(Cl)c(N[C@@H]4[C@@H]5C[C@@H](C=C5)[C@@H]4C(=O)N)n3)ccc12,7.75
97,CHEMBL3786763,COc1cc2c(CC\C(=N/NC(=N)N)\C2(C)C)cc1Nc3ncc(Cl)c(Nc4ccccc4S(=O)(=O)C(C)C)n3,7.75
98,CHEMBL3806112,Fc1cc(F)cc(Cc2ccc3[nH]nc(NC(=O)c4ccc(CN5CCCCC5)cc4NC6CCOCC6)c3c2)c1,7.75
99,CHEMBL2172327,NC(=O)[C@@H]1CC[C@@H](CC1)N2\C(=N\C(=O)c3ccccc3)\Nc4ccc(CN5CCCCC5)cc24,7.75
100,CHEMBL2403848,CC(C)S(=O)(=O)c1ccccc1Nc2nc(Nc3cc(C)c(cc3OC4CCC4)C5CCNCC5)ncc2Cl,7.76
101,CHEMBL3735401,CCc1cc2C(=O)c3c([nH]c4cc(ccc34)C#N)C(C)(C)c2cc1c5cnn(CC(=O)N(C)C)c5,7.76
102,CHEMBL1163565,CC(=O)N1CCN(CC1)c2cc(ccn2)c3cnc4NCCN(Cc5cc(Cl)ccc5C(F)(F)F)c4c3,7.77
103,CHEMBL3669140,CC(C)Oc1cc(ccc1Nc2ncc3sc(C(=O)N)c(c4ccoc4C)c3n2)C5CCN(C)CC5,7.77
104,CHEMBL3651870,CC(C)S(=O)(=O)c1ccccc1Nc2nc(Nc3ccc(cc3)C4CCNCC4)nc5n[nH]c(C)c25,7.77
105,CHEMBL3604635,CC(C)S(=O)(=O)c1nn(C)cc1Nc2nc(Nc3cc(C)c(cc3OCC4CC4)C5CCNCC5)ncc2Cl,7.77
106,CHEMBL3786173,CCN(CC)[C@@H]1CC[C@@H](CC1)c2cc(OC3CC3)c(Nc4ncc(Cl)c(Nc5cn(C)nc5S(=O)(=O)C(C)C)n4)cc2C,7.77
107,CHEMBL3687199,CCc1nc(C(=O)N)c(Nc2ccc(cc2)N3CCOCC3)nc1N[C@@H]4CC[C@@H](O)CC4,7.77
108,CHEMBL3687188,CCc1nc(C(=O)N)c(Nc2cccc(c2)S(=O)(=O)C)nc1N[C@@H]3CC[C@@H](O)CC3,7.77
109,CHEMBL3263977,CNC(=O)c1ccccc1Nc2nc(Nc3cc4CCCCCN(C)CCc4cc3OC)ncc2Cl,7.77
110,CHEMBL3263975,CNC(=O)c1ccccc1Nc2nc(Nc3ccc4CCN(C)C\C(=C/C)\c4c3)ncc2Cl,7.77
111,CHEMBL2064723,COc1cc2CCC(CCc2cc1Nc3ncc(Cl)c(N[C@@H]4[C@@H]5C[C@@H](C=C5)[C@@H]4C(=O)N)n3)N6CCN(C)CC6,7.77
112,CHEMBL3669145,COc1ncccc1c2c(sc3cnc(Nc4cc(C)c(cc4OC(C)C)n5ccnc5C)nc23)C(=O)N,7.77
113,CHEMBL3286821,C[C@@H]1Oc2cc(cnc2N)c3c(C)nn(C)c3CN(C)C(=O)c4ccc(F)cc14,7.77
114,CHEMBL3286824,C[C@@H]1Oc2nc(cnc2N)c3c(C)nn(C)c3CN(C)C(=O)c4ccc(F)cc14,7.77
115,CHEMBL1922987,Cn1cc(\C=C\2/C(=O)NN=C2c3nccs3)c4c(OCc5cc(F)ccc5F)cccc14,7.77
116,CHEMBL584052,Oc1ccc(cc1)C2C(=O)Nc3ccccc3c4ccnc5[nH]cc2c45,7.77
117,CHEMBL2403841,CC(C)Oc1cc(C2CCN(CC(=O)N)CC2)c(C)cc1Nc3ncc(Cl)c(Nc4ccccc4S(=O)(=O)C(C)C)n3,7.78
118,CHEMBL3735587,CC1(C)c2cc(ccc2C(=O)c3c1[nH]c4cc(ccc34)C#N)C5CCN(CC5)C(=O)C6COCCN6,7.78
119,CHEMBL3736267,CC1(C)c2cc(ccc2C(=O)c3c1[nH]c4cc(ccc34)C#N)C5CCN(CC6(O)CCOCC6)CC5,7.79
120,CHEMBL1940180,CC1(C)c2cc(ccc2C(=O)c3c1[nH]c4cc(ccc34)C#N)N5CCC(CC5)N6CCOCC6,7.8
121,CHEMBL3286812,CNC(=O)c1ccc(F)cc1[C@@H](C)Oc2nc(cnc2N)c3cccnc3OC,7.8
122,CHEMBL2023556,COc1cc(Nc2nccc(n2)N3CCC[C@@H](C3)C(=O)NCc4cccc(OC(F)(F)F)c4)cc(OC)c1OC,7.8
123,CHEMBL2064667,COc1cc2CCC(CCc2cc1Nc3ncc(Cl)c(N[C@@H]4[C@@H]5C[C@@H](C=C5)[C@@H]4C(=O)N)n3)N6CCOCC6,7.8
124,CHEMBL3785093,COc1cc2CC\C(=N/NC(=N)N)\C(C)(C)c2cc1Nc3ncc(Cl)c(Nc4ccccc4S(=O)(=O)C(C)C)n3,7.8
125,CHEMBL3785115,COc1cc2CC\C(=N/NC(=O)N)\C(C)(C)c2cc1Nc3ncc(Cl)c(Nc4ccccc4S(=O)(=O)C(C)C)n3,7.8
126,CHEMBL3218848,COc1ccccc1c2nc3c(N[C@@H]4[C@@H]5C[C@@H](C=C5)[C@@H]4C(=O)N)c(Cl)cnc3[nH]2,7.8
127,CHEMBL3128071,C[C@@H](Oc1cc(cnc1N)c2c[nH]nc2C)c3cc(F)ccc3F,7.8
128,CHEMBL3736273,CCc1cc2C(=O)c3c([nH]c4cc(ccc34)C#N)C(C)(C)c2cc1c5cnn(c5)C6CCNCC6,7.81
129,CHEMBL3651866,CC(C)Oc1cc(C2CCN(CCC(=O)N(C)C)CC2)c(C)cc1Nc3nc(Nc4ccccc4S(=O)(=O)C(C)C)c5c(C)[nH]nc5n3,7.82
130,CHEMBL3357439,CC(C)S(=O)(=O)c1ccccc1Nc2nc(Nc3cccc(NC(=O)CN)c3)ncc2Cl,7.82
131,CHEMBL3604636,CC(C)S(=O)(=O)c1nn(C)cc1Nc2nc(Nc3cc(C)c(cc3OCC4CC4)C5CCN(C)CC5)ncc2Cl,7.82
132,CHEMBL1823222,CCCc1cc2C(=O)c3c([nH]c4cc(ccc34)C#N)C(C)(C)c2cc1N5CCN(CC5)C6COC6,7.82
133,CHEMBL3805741,CN(C)CCN(C)C(=O)c1ccc(C(=O)Nc2n[nH]c3ccc(Cc4cc(F)cc(F)c4)cc23)c(NC5CCOCC5)c1,7.82
134,CHEMBL3805020,CN1CCC(CC1)Nc2cc(ccc2C(=O)Nc3n[nH]c4ccc(Cc5cc(F)cc(F)c5)cc34)N6CCN(C)CC6,7.82
135,CHEMBL1644799,CNC(=O)c1ccccc1Nc2nc(Nc3ccc4N(C)C(=O)CCCc4c3)ncc2Cl,7.82
136,CHEMBL1796257,COCCN1CCc2cc(Nc3ncc(Cl)c(N[C@@H]4CCCC[C@H]4N(C)S(=O)(=O)C)n3)c(OC)cc2CC1,7.82
137,CHEMBL2158516,COc1cc(ccc1Nc2ncc3ccc(c4ccccc4N(C)S(=O)(=O)C)n3n2)C5CCN(CC(=O)N)CC5,7.82
138,CHEMBL1822526,COc1cc(ccc1Nc2ncc3ccc(c4ccccc4N(C)S(=O)(=O)C)n3n2)N5CCN(C[C@@H](C)O)CC5,7.82
139,CHEMBL3398170,COc1cc(ccc1Nc2ncc3ccc(c4ccccc4N(C)S(=O)(=O)C)n3n2)[C@@]5(O)CCN(CC(=O)N)C[C@@H]5O,7.82
140,CHEMBL3398173,COc1cc(ccc1Nc2ncc3ccc(c4ccccc4OC)n3n2)[C@@H]5CCN(CC(=O)N)C[C@@H]5O,7.82
141,CHEMBL3608521,COc1cc2CC(=O)NCCc2cc1Nc3ncc(Cl)c(Nc4ccccc4S(=O)(=O)C(C)C)n3,7.82
142,CHEMBL3128062,COc1ncncc1c2cnc(N)c(O[C@H](C)c3cc(F)ccc3n4nccn4)c2,7.82
143,CHEMBL1165318,Fc1ccc(F)c(CN2CCNc3ncc(cc23)c4ccc(cc4)C(=O)N5CCC[C@H]5CN6CCCC6)c1,7.82
144,CHEMBL3286815,Nc1ncc2cc1OCc3cc(F)ccc3OCCCc4n[nH]c(C#N)c24,7.82
145,CHEMBL3357445,CC(C)[C@H](N)C(=O)Nc1cccc(Nc2ncc(Cl)c(Nc3ccccc3S(=O)(=O)C(C)C)n2)c1,7.83
146,CHEMBL2403843,CC(C)Oc1cc(C2CCN(C)CC2)c(C)cc1Nc3ncc(C)c(Nc4ccccc4S(=O)(=O)C(C)C)n3,7.84
147,CHEMBL3651855,CC(C)Oc1cc(C2CCN(CC(=O)N)CC2)c(C)cc1Nc3nc(Nc4ccccc4S(=O)(=O)C(C)C)c5c(C)[nH]nc5n3,7.85
148,CHEMBL2042829,CCN1C(=O)CCCc2c(OC)c(Nc3ncc(Cl)c(N[C@@H]4[C@@H]5C[C@@H](C=C5)[C@@H]4C(=O)N)n3)ccc12,7.85
149,CHEMBL3805899,CN1CCN(CC1)c2ccc(C(=O)Nc3n[nH]c4ccc(Cc5cc(F)cc(F)c5)cc34)c(NCCF)c2,7.85
150,CHEMBL3263970,CNC(=O)c1ccccc1Nc2nc(Nc3ccc4CCN(C)CC(c5ccccc5)c4c3)ncc2Cl,7.85
151,CHEMBL3669135,COc1cc(C2CCN(C)CC2)c(C)cc1Nc3ncc4sc(C(=O)N)c(c5ccccc5)c4n3,7.85
152,CHEMBL2158521,COc1cc(N2CCN(C[C@H](C)O)CC2)c(F)cc1Nc3ncc4ccc(c5ccccc5N(C)S(=O)(=O)C)n4n3,7.85
153,CHEMBL3128075,C[C@@H](Oc1cc(cnc1N)c2cn(C)nc2C)c3cc(F)ccc3n4nccn4,7.85
154,CHEMBL3286820,C[C@H]1Oc2cc(cnc2N)c3c(C)nn(C)c3CN(C)C(=O)c4ccc(F)cc14,7.85
155,CHEMBL1922973,Cc1nnsc1C2=NNC(=O)/C/2=C\c3cn(C)c4cccc(OCc5c(F)ccc(F)c5Cl)c34,7.85
156,CHEMBL1922986,Cn1cc(\C=C\2/C(=O)NN=C2c3nccs3)c4c(OCc5cccc(F)c5F)cccc14,7.85
157,CHEMBL2172309,CC(C)NC(=O)[C@@H]1CC[C@@H](CC1)N2\C(=N\C(=O)c3ccc(F)cc3)\Nc4ccc(CN5CCC[C@H]5C(C)(C)O)cc24,7.89
158,CHEMBL3651844,CC(C)Oc1cc(C2CCN(CC2)C(=O)CN(C)C)c(C)cc1Nc3nc(Nc4ccccc4S(=O)(=O)C(C)C)c5c[nH]nc5n3,7.89
159,CHEMBL3651831,CC(C)Oc1cc(C2CCN(CC2)C(=O)[C@@H]3CCCN3)c(C)cc1Nc4ncc(Cl)c(Nc5ccccc5S(=O)(=O)C(C)C)n4,7.89
160,CHEMBL3604645,CC(C)Oc1cc(C2CNC2)c(C)cc1Nc3ncc(Cl)c(Nc4cn(C)nc4S(=O)(=O)C(C)C)n3,7.89
161,CHEMBL3604644,CC(C)S(=O)(=O)c1nn(C)cc1Nc2nc(Nc3cc(C#N)c(cc3OC4CC4)C5CCN(C)CC5)ncc2Cl,7.89
162,CHEMBL3263976,CNC(=O)c1ccccc1Nc2nc(Nc3ccc4CCN(C)C\C(=C\C)\c4c3)ncc2Cl,7.89
163,CHEMBL3669148,COc1ncc(F)cc1c2c(sc3cnc(Nc4cc(nn4C(C)C)C5CCOCC5)nc23)C(=O)N,7.89
164,CHEMBL1922967,Cc1nnsc1C2=NNC(=O)/C/2=C\c3cn(C)c4cccc(OCc5ccccc5F)c34,7.89
165,CHEMBL1922985,Cn1cc(\C=C\2/C(=O)NN=C2c3nccs3)c4c(OCc5c(F)cccc5Cl)cccc14,7.89
166,CHEMBL3786976,CC(C)Oc1cc(C2CCNCC2)c(C)cc1Nc3ncc(Cl)c(Nc4cn(nc4S(=O)(=O)C(C)C)C5CC5)n3,7.92
167,CHEMBL3651840,CC(C)Oc1cc2CN(C3CCN(CC3)C(=O)C4CN(C)C4)C(=O)c2cc1Nc5ncc(Cl)c(Nc6ccccc6S(=O)(=O)C(C)C)n5,7.92
168,CHEMBL3785232,CCC(C)S(=O)(=O)c1nn(C)cc1Nc2nc(Nc3cc(C)c(cc3OC(C)C)C4CCNCC4)ncc2Cl,7.92
169,CHEMBL3785934,CCN(CC)[C@@H]1CC[C@H](CC1)c2cc(OC3CC3)c(Nc4ncc(Cl)c(Nc5cn(C)nc5S(=O)(=O)C(C)C)n4)cc2C,7.92
170,CHEMBL1983268,CN1CCN(CC1)c2ccc(C(=O)Nc3n[nH]c4ccc(Cc5cc(F)cc(F)c5)cc34)c(NC6CCOCC6)c2,7.92
171,CHEMBL3651858,COCCN1CCC(CC1)c2cc(OC(C)C)c(Nc3nc(Nc4ccccc4S(=O)(=O)C(C)C)c5c(C)[nH]nc5n3)cc2C,7.92
172,CHEMBL3651863,COc1cc(C2CCNCC2)c(C)cc1Nc3nc(Nc4ccccc4S(=O)(=O)C(C)C)c5c(C)[nH]nc5n3,7.92
173,CHEMBL3608520,COc1cc2CCCNC(=O)c2cc1Nc3ncc(Cl)c(Nc4ccccc4S(=O)(=O)C(C)C)n3,7.92
174,CHEMBL3651842,COc1cc2CN(C3CN(C3)C(=O)[C@@H]4CCCN4)C(=O)c2cc1Nc5ncc(Cl)c(Nc6ccccc6S(=O)(=O)C(C)C)n5,7.92
175,CHEMBL2158512,COc1ccc(c(OC)c1)c2ccc3cnc(Nc4ccc(cc4OC)C5CCN(CC(=O)N)CC5)nn23,7.92
176,CHEMBL1922970,Cc1nnsc1C2=NNC(=O)/C/2=C\c3cn(C)c4cccc(OCc5c(F)cccc5F)c34,7.92
177,CHEMBL1922969,Cc1nnsc1C2=NNC(=O)/C/2=C\c3cn(C)c4cccc(OCc5ccc(F)cc5)c34,7.92
178,CHEMBL1922971,Cc1nnsc1C2=NNC(=O)/C/2=C\c3cn(C)c4cccc(OCc5ccc(F)cc5F)c34,7.92
179,CHEMBL3735859,CCc1cc2C(=O)c3c([nH]c4cc(ccc34)C#N)C(C)(C)c2cc1c5cnn(c5)C6CCOC6,7.93
180,CHEMBL1779194,CC(=O)NCCOc1ccc2C(=O)c3c([nH]c4cc(ccc34)C#N)C(C)(C)c2c1,7.94
181,CHEMBL2403849,CC(C)Oc1cc(C2CCN(C)CC2)c(C)cc1Nc3ncc(Cl)c(Nc4ccccc4S(=O)(=O)C(C)C)n3,7.94
182,CHEMBL1779198,CC1(C)c2cc(ccc2C(=O)c3c1[nH]c4cc(ccc34)C#N)N5CCC(O)CC5,7.94
183,CHEMBL3735386,CCc1cc2C(=O)c3c([nH]c4cc(ccc34)C#N)C(C)(C)c2cc1C5=CCN(CC6CCOCC6)CC5,7.95
184,CHEMBL3734844,CCc1cc2C(=O)c3c([nH]c4cc(ccc34)C#N)C(C)(C)c2cc1c5cnn(c5)C6CCOCC6,7.95
185,CHEMBL3651857,CC(C)Oc1cc(C2CCN(CCO)CC2)c(C)cc1Nc3nc(Nc4ccccc4S(=O)(=O)C(C)C)c5c(C)[nH]nc5n3,7.96
186,CHEMBL3604654,CC(C)S(=O)(=O)c1nn(C)cc1Nc2nc(Nc3cc(C)c(cc3OC4CC4)S(=O)(=O)C)ncc2Cl,7.96
187,CHEMBL2042827,CCN1C(=O)CCCc2c(OC)c(Nc3ncc(Cl)c(Nc4ccccc4C(=O)NC)n3)ccc12,7.96
188,CHEMBL3687222,CCc1nc(C(=O)N)c(Nc2ccc(N3CCN(C)CC3)c(F)c2)nc1NC4CCOCC4,7.96
189,CHEMBL3687219,CCc1nc(C(=O)N)c(Nc2ccc(cc2)N3CCN(C)CC3)nc1NC4CCOCC4,7.96
190,CHEMBL3786148,CN1CCC(CC1)c2cc(OC3CC3)c(Nc4ncc(Cl)c(Nc5cn(C)nc5C#N)n4)cc2C,7.96
191,CHEMBL1164265,CN1CCN(CC1)c2ccc(cn2)c3cnc4NCCN(Cc5c(F)ccc(F)c5Cl)c4c3,7.96
192,CHEMBL1164181,CN1CCN(CC1)c2ccc(cn2)c3cnc4NCCN(Cc5cc(Cl)ccc5Cl)c4c3,7.96
193,CHEMBL2064664,COCCNC1CCc2cc(Nc3ncc(Cl)c(N[C@@H]4[C@@H]5C[C@@H](C=C5)[C@@H]4C(=O)N)n3)c(OC)cc2CC1,7.96
194,CHEMBL2158517,COc1cc(ccc1Nc2ncc3c(O)cc(c4ccccc4N(C)S(=O)(=O)C)n3n2)C5CCN(CC(=O)N)CC5,7.96
195,CHEMBL2158587,COc1ccccc1c2ccc3cnc(Nc4ccc(cc4OC)C5CCN(CC5)C(=O)C6CCN6)nn23,7.96
196,CHEMBL3128072,C[C@H](Oc1cc(cnc1N)c2c[nH]nc2C)c3cc(F)ccc3C#N,7.96
197,CHEMBL2403845,CC(C)Oc1cc(ccc1Nc2ncc(Cl)c(Nc3ccccc3S(=O)(=O)C(C)C)n2)C4CCNCC4,7.98
198,CHEMBL3735113,CC1(C)c2cc(ccc2C(=O)c3c1[nH]c4cc(ccc34)C#N)N5CCN(CC5)C(=O)C6CNC6,7.98
199,CHEMBL1823219,Cc1cc2C(=O)c3c([nH]c4cc(ccc34)C#N)C(C)(C)c2cc1N5CCN(CC5)C6COC6,7.98
200,CHEMBL3785825,CC(C)N[C@@H]1CC[C@@H](CC1)c2cc(OC3CC3)c(Nc4ncc(Cl)c(Nc5cn(C)nc5S(=O)(=O)C(C)C)n4)cc2C,8.0
201,CHEMBL3604638,CC(C)S(=O)(=O)c1nn(C)cc1Nc2nc(Nc3cc(C)c(cc3OC(F)(F)F)C4CCN(C)CC4)ncc2Cl,8.0
202,CHEMBL3604651,CC(C)S(=O)(=O)c1nn(C)cc1Nc2nc(Nc3cc(C)c(cc3OC4CC4)C5COC5)ncc2Cl,8.0
203,CHEMBL3604643,CC(C)S(=O)(=O)c1nn(C)cc1Nc2nc(Nc3cc(Cl)c(cc3OC4CC4)C5CCN(C)CC5)ncc2Cl,8.0
204,CHEMBL3651872,CCN1CCC(C1)c2ccc(Nc3nc(Nc4ccccc4S(=O)(=O)C(C)C)c5c(C)[nH]nc5n3)cc2,8.0
205,CHEMBL3805123,CN1CCN(CC1)c2ccc(C(=O)Nc3n[nH]c4ccc(Cc5cc(F)cc(F)c5)cc34)c(N[C@@H]6CC[C@@H](O)CC6)c2,8.0
206,CHEMBL1164180,CN1CCN(CC1)c2ccc(cn2)c3cnc4NCCN(Cc5cc(Cl)ccc5C(F)(F)F)c4c3,8.0
207,CHEMBL2158511,CNC(=O)CN1CCC(CC1)c2ccc(Nc3ncc4ccc(c5ccccc5OC)n4n3)c(OC)c2,8.0
208,CHEMBL1946804,COc1cc(N2CCN(C)CC2)c3CCc4ccc(N(C)S(=O)(=O)C)c(Nc5nc(Nc1c3)ncc5Cl)c4,8.0
209,CHEMBL2023990,COc1cc(Nc2nccc(n2)N3CCC[C@@H](C3)C(=O)NCc4ccc(OC(F)(F)F)cc4)cc(OC)c1OC,8.0
210,CHEMBL1796242,COc1cc(ccc1Nc2ncc(Cl)c(N[C@@H]3CCCC[C@H]3NS(=O)(=O)C)n2)N4CCOCC4,8.0
211,CHEMBL3824185,COc1cc(ccc1Nc2ncc(Cl)c(Nc3ccccc3)n2)N4CCC(CC4)N5CCN(C)CC5,8.0
212,CHEMBL2158527,COc1cc(ccc1Nc2ncc3ccc(c4ccccc4N(C)S(=O)(=O)C)n3n2)C5CCNCC5,8.0
213,CHEMBL1822525,COc1cc(ccc1Nc2ncc3ccc(c4ccccc4N(C)S(=O)(=O)C)n3n2)N5CCN(C[C@H](C)O)CC5,8.0
214,CHEMBL3218857,COc1cc(ccc1c2nc3c(N[C@@H]4[C@@H]5C[C@@H](C=C5)[C@@H]4C(=O)N)c(Cl)cnc3[nH]2)N6CCC(CC6)N7CCN(C)CC7,8.0
215,CHEMBL1642257,COc1cc2CCN(CCS(=O)(=O)C)CCc2cc1Nc3ncc(Cl)c(Nc4ccc(cc4OC)N5CCOCC5)n3,8.0
216,CHEMBL3786402,COc1cc2c(CCC(NC(=O)CO)C2(C)C)cc1Nc3ncc(Cl)c(Nc4ccccc4S(=O)(=O)C(C)C)n3,8.0
217,CHEMBL1163559,FC(F)(F)c1ccc(Cl)cc1CN2CCNc3ncc(cc23)c4ccc(cc4)C(=O)N5CCC(CC5)N6CCCC6,8.0
218,CHEMBL1163566,FC(F)(F)c1ccc(Cl)cc1CN2CCNc3ncc(cc23)c4ccnc(c4)N5CCNCC5,8.0
219,CHEMBL3286811,COc1ncccc1c2cnc(N)c(O[C@H](C)c3cc(F)ccc3n4nccn4)n2,8.01
220,CHEMBL3735531,CCc1cc2C(=O)c3c([nH]c4cc(ccc34)C#N)C(C)(C)c2cc1N5CCC(CC5)N(C)C6COC6,8.02
221,CHEMBL3785928,CC(C)N[C@@H]1CC[C@H](CC1)c2cc(OC3CC3)c(Nc4ncc(Cl)c(Nc5cn(C)nc5S(=O)(=O)C(C)C)n4)cc2C,8.05
222,CHEMBL3651881,CC(C)Oc1cc(C2CCN(C)CC2)c(C)cc1Nc3nc(Nc4ccccc4S(=O)(=O)C(C)C)c5c(C)c[nH]c5n3,8.05
223,CHEMBL3357459,CC(C)S(=O)(=O)c1ccccc1Nc2nc(Nc3cccc(NC(=O)CN4CCN(CC4)C(=O)CO)c3)ncc2Cl,8.05
224,CHEMBL3785607,CC(C)S(=O)(=O)c1nn(C)cc1Nc2nc(Nc3cc(C)c(cc3OC4CC4)C5CCS(=O)(=O)CC5)ncc2Cl,8.05
225,CHEMBL1796253,CCN1CCc2ccc(Nc3ncc(Cl)c(N[C@@H]4CCCC[C@H]4NC(=O)C)n3)cc2CC1,8.05
226,CHEMBL1796244,CCN1CCc2ccc(Nc3ncc(Cl)c(N[C@@H]4CCCC[C@H]4NS(=O)(=O)C)n3)cc2CC1,8.05
227,CHEMBL3687190,CCc1nc(C(=O)N)c(Nc2ccc(cc2OC)N3CCC(CC3)N4CCN(C)CC4)nc1N[C@@H]5CC[C@@H](O)CC5,8.05
228,CHEMBL3806122,CN1CCC(CC1)Oc2ccc(C(=O)Nc3n[nH]c4ccc(Cc5cc(F)cc(F)c5)cc34)c(NC6CCOCC6)c2,8.05
229,CHEMBL1796245,COCCN1CCc2ccc(Nc3ncc(Cl)c(N[C@@H]4CCCC[C@H]4NS(=O)(=O)C)n3)cc2CC1,8.05
230,CHEMBL2064663,COCCN[C@@H]1CCc2ccc(Nc3ncc(Cl)c(N[C@@H]4[C@@H]5C[C@@H](C=C5)[C@@H]4C(=O)N)n3)c(OC)c2CC1,8.05
231,CHEMBL1822524,COc1cc(ccc1Nc2ncc3ccc(c4ccccc4N(C)S(=O)(=O)C)n3n2)N5CCN(C)CC5,8.05
232,CHEMBL1822519,COc1cc(ccc1Nc2ncc3ccc(c4ccccc4OC)n3n2)N5CCN(C)CC5,8.05
233,CHEMBL2158515,COc1cc(ccc1Nc2ncc3ccc(c4ccncc4OC)n3n2)C5CCN(CC(=O)N)CC5,8.05
234,CHEMBL3669146,COc1ccccc1c2c(sc3cnc(Nc4ccc(CN5CCN(C)CC5)cc4OC(C)C)nc23)C(=O)N,8.05
235,CHEMBL1822522,COc1ccccc1c2ccc3cnc(Nc4ccc(cc4OC)N5CCN(CC5)N6CCOCC6)nn23,8.05
236,CHEMBL3128060,C[C@@H](Oc1cc(cnc1N)c2cnnn2C)c3cc(F)ccc3n4nccn4,8.05
237,CHEMBL1922984,Cn1cc(\C=C\2/C(=O)NN=C2c3nccs3)c4c(OCc5c(F)cccc5F)cccc14,8.05
238,CHEMBL1822523,COc1ccccc1c2ccc3cnc(Nc4ccc(cc4OC)N5CCN(CC5)N6CCN(C)CC6)nn23,8.06
239,CHEMBL2172337,CC(C)NC(=O)[C@@H]1CC[C@@H](CC1)N2\C(=N\C(=O)c3ccc(F)cc3)\Nc4ccc(Oc5ccccn5)cc24,8.08
240,CHEMBL3785774,COc1cc2c(CC\C(=N/N3CCN(C)CC3)\C2(C)C)cc1Nc4ncc(Cl)c(Nc5ccccc5S(=O)(=O)C(C)C)n4,8.08
241,CHEMBL2403836,CC(C)Oc1cc(C2CCN(CCO)CC2)c(C)cc1Nc3ncc(Cl)c(Nc4ccccc4S(=O)(=O)C(C)C)n3,8.09
242,CHEMBL3735064,CC1(C)c2cc(ccc2C(=O)c3c1[nH]c4cc(ccc34)C#N)C5CCN(CC6COC6)CC5,8.09
243,CHEMBL2172310,CC(C)NC(=O)[C@@H]1CC[C@@H](CC1)N2\C(=N\C(=O)c3ccc(F)cc3)\Nc4ccc(CN5CCC(C5)C(C)(C)O)cc24,8.1
244,CHEMBL2172335,CC(C)NC(=O)[C@@H]1CC[C@@H](CC1)N2\C(=N\C(=O)c3ccc(F)cc3)\Nc4ccc(CN5CCC(CN)CC5)cc24,8.1
245,CHEMBL2172307,CC(C)NC(=O)[C@@H]1CC[C@@H](CC1)N2\C(=N\C(=O)c3ccc(F)cc3)\Nc4ccc(CN5CCC[C@H]5C(=O)N)cc24,8.1
246,CHEMBL2172331,CC(C)NC(=O)[C@@H]1CC[C@@H](CC1)N2\C(=N\C(=O)c3ccc(F)cc3)\Nc4ccc(CN5CCS(=O)(=O)CC5)cc24,8.1
247,CHEMBL3604632,CC(C)Oc1cc(C2CCN(C)CC2)c(C)cc1Nc3ncc(Cl)c(Nc4cn(C)nc4S(=O)(=O)C(C)C)n3,8.1
248,CHEMBL1779192,CCN(CC)CCOc1ccc2C(=O)c3c([nH]c4cc(ccc34)C#N)C(C)(C)c2c1,8.1
249,CHEMBL2042831,CCN1C(=O)CCCc2c(OC)c(Nc3ncc(Cl)c(Nc4ccccc4S(=O)(=O)N(C)C)n3)ccc12,8.1
250,CHEMBL3263979,CNC(=O)c1ccccc1Nc2nc(Nc3ccc4CCNCC(C)c4c3)ncc2Cl,8.1
251,CHEMBL3651827,COc1cc(C2CCN(CC2)C(=O)CN(C)C)c(C)cc1Nc3ncc(Cl)c(Nc4ccccc4S(=O)(=O)C(C)C)n3,8.1
252,CHEMBL3218859,COc1cc(CN2CCN(C)CC2)ccc1c3nc4c(N[C@@H]5[C@@H]6C[C@@H](C=C6)[C@@H]5C(=O)N)c(Cl)cnc4[nH]3,8.1
253,CHEMBL3397057,COc1cc(ccc1Nc2ncc3ccc(c4ccccc4OC)n3n2)[C@@H]5CCNC[C@@H]5O,8.1
254,CHEMBL3218855,COc1cc(ccc1c2nc3c(N[C@@H]4[C@@H]5C[C@@H](C=C5)[C@@H]4C(=O)N)c(Cl)cnc3[nH]2)N6CCN(C)CC6,8.1
255,CHEMBL3263972,CCCCC1CN(C)CCc2ccc(Nc3ncc(Cl)c(Nc4ccccc4C(=O)NC)n3)cc12,8.11
256,CHEMBL3687220,CCc1nc(C(=O)N)c(Nc2ccc(cc2)N3CCC(CC3)N4CCN(C)CC4)nc1NC5CCOCC5,8.11
257,CHEMBL3357442,CN(c1ccccc1Nc2nc(Nc3cccc(NC(=O)CN)c3)ncc2Cl)S(=O)(=O)C,8.11
258,CHEMBL3128059,C[C@@H](Oc1cc(cnc1N)c2ccnn2C)c3cc(F)ccc3n4nccn4,8.13
259,CHEMBL3263991,CC1CN(C)CCc2ccc(Nc3ncc(Cl)c(Nc4ccccc4S(=O)(=O)C5CC5)n3)cc12,8.15
260,CHEMBL388978,CN[C@@H]1C[C@H]2O[C@@](C)([C@@H]1OC)n3c4ccccc4c5c6CNC(=O)c6c7c8ccccc8n2c7c35,8.15
261,CHEMBL3785711,CC(C)CS(=O)(=O)c1nn(C)cc1Nc2nc(Nc3cc(C)c(cc3OC(C)C)C4CCNCC4)ncc2Cl,8.16
262,CHEMBL2172329,CC(C)NC(=O)[C@@H]1CC[C@@H](CC1)N2\C(=N\C(=O)c3ccc(F)cc3)\Nc4ccccc24,8.16
263,CHEMBL3604648,CC(C)Oc1cc(C2CCN(C)C2)c(C)cc1Nc3ncc(Cl)c(Nc4cn(C)nc4S(=O)(=O)C(C)C)n3,8.16
264,CHEMBL3651880,CC(C)Oc1cc(C2CCN(CC(=O)N)CC2)c(C)cc1Nc3nc(Nc4ccccc4S(=O)(=O)C(C)C)c5c(C)c[nH]c5n3,8.16
265,CHEMBL3651848,CC(C)Oc1cc(C2CCN(CC2)C(=O)CN(C)C)c(C)cc1Nc3nc(Nc4ccccc4S(=O)(=O)C(C)C)c5c(C)[nH]nc5n3,8.16
266,CHEMBL3604656,CC(C)S(=O)(=O)c1nn(C)cc1Nc2nc(Nc3cc(C)c(cc3OC4CC4)C5CCCN(C)C5)ncc2Cl,8.16
267,CHEMBL2042830,CCN1C(=O)CCCc2cc(Nc3ncc(Cl)c(N[C@@H]4[C@@H]5C[C@@H](C=C5)[C@@H]4C(=O)N)n3)c(OC)cc12,8.16
268,CHEMBL2172325,CCNC(=O)[C@@H]1CC[C@@H](CC1)N2\C(=N\C(=O)c3ccccc3)\Nc4ccc(CN5CCCCC5)cc24,8.16
269,CHEMBL3736021,CCc1cc2C(=O)c3c([nH]c4cc(ccc34)C#N)C(C)(C)c2cc1N5CCN(CC6(CO)COC6)CC5,8.16
270,CHEMBL1821735,CN(c1ccccc1c2ccc3cnc(Nc4ccc(cc4)N5CCN(C)CC5)nn23)S(=O)(=O)C,8.16
271,CHEMBL1642255,COCCN1CCc2cc(Nc3ncc(Cl)c(Nc4ccc(cc4OC)N5CCOCC5)n3)c(OC)cc2CC1,8.16
272,CHEMBL3604650,COCCc1cc(OC2CC2)c(Nc3ncc(Cl)c(Nc4cn(C)nc4S(=O)(=O)C(C)C)n3)cc1C,8.16
273,CHEMBL1947001,COc1cc(N2CCN(C)CC2)c3\C=C/c4ccc(N(C)S(=O)(=O)C)c(Nc5nc(Nc1c3)ncc5Cl)c4,8.16
274,CHEMBL1822527,COc1cc(ccc1Nc2ncc3ccc(c4ccccc4N(C)S(=O)(=O)C)n3n2)N5CCC(CC5)N6CCOCC6,8.16
275,CHEMBL3218854,COc1cc(ccc1c2nc3c(N[C@@H]4[C@@H]5C[C@@H](C=C5)[C@@H]4C(=O)N)c(Cl)cnc3[nH]2)N6CCOCC6,8.16
276,CHEMBL1642264,COc1cc2CCN(CC(=O)N(C)C)CCc2cc1Nc3ncc(Cl)c(Nc4ccc(cc4OC)C#N)n3,8.16
277,CHEMBL3669136,COc1ccccc1c2c(sc3cnc(Nc4ccc(cc4OC(C)C)C5CCN(C)CC5)nc23)C(=O)N,8.16
278,CHEMBL3669138,COc1ccccc1c2c(sc3cnc(Nc4cnc(cc4OC(C)C)C5CCN(C)CC5)nc23)C(=O)N,8.16
279,CHEMBL2158586,COc1ccccc1c2ccc3cnc(Nc4ccc(cc4OC)C5CCN(CC5)C(=O)C(C)(C)N)nn23,8.16
280,CHEMBL3218858,COc1cc(CN2CCOCC2)ccc1c3nc4c(N[C@@H]5[C@@H]6C[C@@H](C=C6)[C@@H]5C(=O)N)c(Cl)cnc4[nH]3,8.17
281,CHEMBL3734855,CCc1cc2C(=O)c3c([nH]c4cc(ccc34)C#N)C(C)(C)c2cc1N5CC6CC5CN6CC7CCOCC7,8.18
282,CHEMBL3128069,C[C@@H](Oc1cc(cnc1N)c2sc(nc2C)[C@](C)(O)CO)c3cc(F)ccc3n4nccn4,8.18
283,CHEMBL3286822,CN1Cc2c(c(C)nn2C)c3cnc(N)c(OCc4cc(F)ccc4C1=O)c3,8.19
284,CHEMBL2172334,CC(C)NC(=O)[C@@H]1CC[C@@H](CC1)N2\C(=N\C(=O)c3ccc(F)cc3)\Nc4ccc(CN5CCNC(=O)C5)cc24,8.22
285,CHEMBL2172318,CC(C)NC(=O)[C@@H]1CC[C@@H](CC1)N2\C(=N\C(=O)c3cccnc3)\Nc4ccc(CN5CCC(CC5)C(C)(C)O)cc24,8.22
286,CHEMBL3651882,CC(C)Oc1cc(C2CCN(CCO)CC2)c(C)cc1Nc3nc(Nc4ccccc4S(=O)(=O)C(C)C)c5c(C)c[nH]c5n3,8.22
287,CHEMBL3651833,CC(C)Oc1cc2CN(C3CCN(CC3)C(=O)CN(C)C)C(=O)c2cc1Nc4ncc(Cl)c(Nc5ccccc5S(=O)(=O)C(C)C)n4,8.22
288,CHEMBL3785722,CC(C)S(=O)(=O)c1nn(C)cc1Nc2nc(Nc3cc(C)c(cc3OC4CC4)C5CCN(C)CC5)ncc2C,8.22
289,CHEMBL3604655,CCNC(=O)c1cc(OC2CC2)c(Nc3ncc(Cl)c(Nc4cn(C)nc4S(=O)(=O)C(C)C)n3)cc1C,8.22
290,CHEMBL1642262,CNC(=O)CN1CCc2cc(Nc3ncc(Cl)c(Nc4ccc(cc4OC)N5CCOCC5)n3)c(OC)cc2CC1,8.22
291,CHEMBL1796254,COCCN1CCc2cc(Nc3ncc(Cl)c(N[C@@H]4CCCC[C@H]4NS(=O)(=O)C)n3)c(OC)cc2CC1,8.22
292,CHEMBL3651875,COc1cc(C2CCOCC2)c(C)cc1Nc3nc(Nc4ccccc4S(=O)(=O)C(C)C)c5c(C)[nH]nc5n3,8.22
293,CHEMBL2158518,COc1cc(ccc1Nc2ncc3c(C)cc(c4ccccc4N(C)S(=O)(=O)C)n3n2)C5CCN(CC(=O)N)CC5,8.22
294,CHEMBL2158525,COc1cc(ccc1Nc2ncc3ccc(c4ccccc4N(C)S(=O)(=O)C)n3n2)C5CCN(CCO)CC5,8.22
295,CHEMBL2158526,COc1cc(ccc1Nc2ncc3ccc(c4ccccc4N(C)S(=O)(=O)C)n3n2)C5CCN(C[C@@H](C)O)CC5,8.22
296,CHEMBL3398168,COc1cc(ccc1Nc2ncc3ccc(c4ccccc4N(C)S(=O)(=O)C)n3n2)[C@@]5(O)CCNC[C@@H]5O,8.22
297,CHEMBL2158529,COc1cc(ccc1Nc2ncc3ccc(c4ccccc4OC)n3n2)C5CCN(C)CC5,8.22
298,CHEMBL1642261,COc1cc2CCN(CC(=O)N(C)C)CCc2cc1Nc3ncc(Cl)c(Nc4ccc(cc4OC)C(=O)N)n3,8.22
299,CHEMBL3651841,COc1cc2CN(C3CN(C3)C(=O)CN(C)C)C(=O)c2cc1Nc4ncc(Cl)c(Nc5ccccc5S(=O)(=O)C(C)C)n4,8.22
300,CHEMBL1934334,COc1ccccc1c2ccc3cnc(Nc4ccc(cc4OC)C5CCN(CC(=O)N)CC5)nn23,8.22
301,CHEMBL3398171,COc1ccccc1c2ccc3cnc(Nc4ccc(cc4OC)[C@@]5(O)CCN(CC(=O)N)C[C@@H]5O)nn23,8.22
302,CHEMBL3128063,C[C@@H](Oc1cc(cnc1N)c2ccc(nc2C)C(C)(C)O)c3cc(F)ccc3n4nccn4,8.22
303,CHEMBL2418746,Cc1nn(Cc2cccc(F)c2)cc1c3c[nH]c4ncc(cc34)c5cnn(C)c5,8.22
304,CHEMBL2418763,Cn1cc(cn1)c2cnc3[nH]cc(c4cnn(Cc5cc(F)cc(F)c5)c4)c3c2,8.22
305,CHEMBL3608525,COc1cc2OCCNCc2cc1Nc3ncc(Cl)c(Nc4ccccc4S(=O)(=O)C(C)C)n3,8.24
306,CHEMBL3286829,C[C@H]1Oc2cc(cnc2N)c3c(CN(C)C(=O)c4ccc(F)cc14)n(C)nc3C5CC5,8.24
307,CHEMBL2418752,Cn1cc(cn1)c2cnc3[nH]cc(c4cnn(Cc5cccc(F)c5)c4)c3c2,8.25
308,CHEMBL3357447,CC(C)S(=O)(=O)c1ccccc1Nc2nc(Nc3cccc(NC(=O)C(C)(C)N)c3)ncc2Cl,8.26
309,CHEMBL3357464,CC(C)S(=O)(=O)c1ccccc1Nc2nc(Nc3cccc(NC(=O)CN4CC5CNCC5C4)c3)ncc2Cl,8.26
310,CHEMBL1940178,CCc1cc2C(=O)c3c([nH]c4cc(ccc34)C#N)C(C)(C)c2cc1N5CCN(CC5)C6CC6,8.28
311,CHEMBL3687191,CCc1nc(C(=O)N)c(Nc2ccc(cc2)N3CCN(C)CC3)nc1N[C@@H]4CC[C@@H](O)CC4,8.28
312,CHEMBL3604649,CC(C)N1CCC(CC1)c2cc(OC3CC3)c(Nc4ncc(Cl)c(Nc5cn(C)nc5S(=O)(=O)C(C)C)n4)cc2C,8.3
313,CHEMBL2172333,CC(C)NC(=O)[C@@H]1CC[C@@H](CC1)N2\C(=N\C(=O)c3ccc(F)cc3)\Nc4ccc(CN5CCNCC5)cc24,8.3
314,CHEMBL2172328,CC(C)NC(=O)[C@@H]1CC[C@@H](CC1)N2\C(=N\C(=O)c3ccccc3)\Nc4ccc(CN5CCCCC5)cc24,8.3
315,CHEMBL3604647,CC(C)Oc1cc(C2CCNC2)c(C)cc1Nc3ncc(Cl)c(Nc4cn(C)nc4S(=O)(=O)C(C)C)n3,8.3
316,CHEMBL3604646,CC(C)Oc1cc(C2CN(C)C2)c(C)cc1Nc3ncc(Cl)c(Nc4cn(C)nc4S(=O)(=O)C(C)C)n3,8.3
317,CHEMBL3651837,CC(C)Oc1cc2CN(C3CCN(CC3)C(=O)C4CCCN4C)C(=O)c2cc1Nc5ncc(Cl)c(Nc6ccccc6S(=O)(=O)C(C)C)n5,8.3
318,CHEMBL3604652,CC(C)S(=O)(=O)c1nn(C)cc1Nc2nc(Nc3cc(C)c(CCN(C)C)cc3OC4CC4)ncc2Cl,8.3
319,CHEMBL3604641,CC(C)S(=O)(=O)c1nn(C)cc1Nc2nc(Nc3ccc(cc3OC4CC4)C5CCN(C)CC5)ncc2Cl,8.3
320,CHEMBL2042982,CCN1C(=O)CCCc2c(OC)c(Nc3ncc(Cl)c(Nc4ccccc4S(=O)(=O)C(C)C)n3)ccc12,8.3
321,CHEMBL2042828,CCN1C(=O)CCCc2cc(Nc3ncc(Cl)c(Nc4ccccc4C(=O)NC)n3)c(OC)cc12,8.3
322,CHEMBL458997,CNC(=O)c1ccccc1Nc2nc(Nc3ccc(cc3OC)N4CCOCC4)ncc2Cl,8.3
323,CHEMBL3651847,COc1cc(C2CCN(CC2)C(=O)CN(C)C)c(C)cc1Nc3nc(Nc4ccccc4S(=O)(=O)C(C)C)c5c(C)[nH]nc5n3,8.3
324,CHEMBL1946802,COc1cc(N2CCN(C)CC2)c3CCc4cccc(Nc5nc(Nc1c3)ncc5Cl)c4,8.3
325,CHEMBL3651843,COc1cc2CN(C3CN(C3)C(=O)[C@@H]4CCCN4C)C(=O)c2cc1Nc5ncc(Cl)c(Nc6ccccc6S(=O)(=O)C(C)C)n5,8.3
326,CHEMBL1642265,COc1ccc(Nc2nc(Nc3cc4CCN(CC(=O)N(C)C)CCc4cc3OC)ncc2Cl)c(OC)c1,8.3
327,CHEMBL1822520,COc1ccccc1c2ccc3cnc(Nc4ccc(cc4OC)N5CCN(C[C@H](C)O)CC5)nn23,8.3
328,CHEMBL3398175,COc1ccccc1c2ccc3cnc(Nc4ccc(cc4OC)[C@H]5CCN(CCO)C[C@@H]5O)nn23,8.3
329,CHEMBL3128070,C[C@@H](Oc1cc(cnc1N)c2cnn(c2)C3CCNCC3)c4cc(F)ccc4Cl,8.3
330,CHEMBL1922974,Cc1nnsc1C2=NNC(=O)/C/2=C\c3cn(C)c4cccc(OCc5c(F)ccc(Cl)c5F)c34,8.3
331,CHEMBL3286817,Cn1ncc2CCCCOc3ccc(F)cc3COc4cc(cnc4N)c12,8.3
332,CHEMBL2172322,OC[C@@H]1CC[C@@H](CC1)N2\C(=N\C(=O)c3cccc(c3)S(=O)(=O)NCC=C)\Nc4cc(CN5CCCCC5)ccc24,8.3
333,CHEMBL3357457,CC(C)S(=O)(=O)c1ccccc1Nc2nc(Nc3cccc(NC(=O)CN4CCN(CC4)C5COC5)c3)ncc2Cl,8.31
334,CHEMBL3823016,COc1cc(ccc1Nc2ncc(Cl)c(Nc3ccccc3C(=O)N(C)C)n2)N4CCC(CC4)N5CCN(C)CC5,8.32
335,CHEMBL2158519,COc1cc(ccc1Nc2ncc3c(Cl)cc(c4ccccc4N(C)S(=O)(=O)C)n3n2)C5CCN(CC(=O)N)CC5,8.33
336,CHEMBL3735510,CCc1cc2C(=O)c3c([nH]c4cc(ccc34)C#N)C(C)(C)c2cc1c5cnn(CC(O)CO)c5,8.34
337,CHEMBL3286813,C[C@@H](Oc1cc(cnc1N)c2cccc(c2)S(=O)(=O)C)c3cc(F)ccc3n4nccn4,8.34
338,CHEMBL3687224,CC(C)c1nc(C(=O)N)c(Nc2ccc(cc2)N3CCN(C)CC3)nc1NC4CCOCC4,8.35
339,CHEMBL3735384,CCc1cc2C(=O)c3c([nH]c4cc(ccc34)C#N)C(C)(C)c2cc1N5CCN(CC6CCOCC6)CC5,8.35
340,CHEMBL3735794,CCc1cc2C(=O)c3c([nH]c4cc(ccc34)C#N)C(C)(C)c2cc1N5CCN(C[C@@H]6CCC(=O)N6)CC5,8.35
341,CHEMBL3734938,CCc1cc2C(=O)c3c([nH]c4cc(ccc34)C#N)C(C)(C)c2cc1N5CCN(CC5)C(=O)C6COCCN6,8.37
342,CHEMBL3785299,COc1cc2c(CCC(NC(=O)CN(C)C)C2(C)C)cc1Nc3ncc(Cl)c(Nc4ccccc4S(=O)(=O)C(C)C)n3,8.38
343,CHEMBL3735650,CCc1cc2C(=O)c3c([nH]c4cc(ccc34)C#N)C(C)(C)c2cc1N5CCN(CC5)C(=O)C6CNC6,8.39
344,CHEMBL3687214,CCc1nc(C(=O)N)c(Nc2ccc(N3CCC(CC3)N4CCN(C)CC4)c(C)c2)nc1NC5CCC(O)(CC5)C(C)C,8.39
345,CHEMBL2172306,CC(C)NC(=O)[C@@H]1CC[C@@H](CC1)N2\C(=N\C(=O)c3ccc(F)cc3)\Nc4ccc(CN5CCC(CC5)C(=O)N)cc24,8.4
346,CHEMBL2172308,CC(C)NC(=O)[C@@H]1CC[C@@H](CC1)N2\C(=N\C(=O)c3ccc(F)cc3)\Nc4ccc(CN5CCC(CC5)C(C)(C)O)cc24,8.4
347,CHEMBL2172330,CC(C)NC(=O)[C@@H]1CC[C@@H](CC1)N2\C(=N\C(=O)c3ccc(F)cc3)\Nc4ccc(CN5CCCCC5)cc24,8.4
348,CHEMBL2172332,CC(C)NC(=O)[C@@H]1CC[C@@H](CC1)N2\C(=N\C(=O)c3ccc(F)cc3)\Nc4ccc(Cn5cncn5)cc24,8.4
349,CHEMBL3785890,CC(C)S(=O)(=O)c1nn(C)cc1Nc2nc(Nc3cc(C)c(cc3OC4CC4)C5CCN(C)CC5)ncc2C#N,8.4
350,CHEMBL3604634,CC(C)S(=O)(=O)c1nn(C)cc1Nc2nc(Nc3cc(C)c(cc3OC4CC4)C5CCN(C)CC5)ncc2Cl,8.4
351,CHEMBL3604633,CC(C)S(=O)(=O)c1nn(C)cc1Nc2nc(Nc3cc(C)c(cc3OC4CC4)C5CCNCC5)ncc2Cl,8.4
352,CHEMBL3604642,CC(C)S(=O)(=O)c1nn(C)cc1Nc2nc(Nc3cc(F)c(cc3OC4CC4)C5CCN(C)CC5)ncc2Cl,8.4
353,CHEMBL2042981,CCN1C(=O)CCCc2cc(Nc3ncc(Cl)c(Nc4ccccc4S(=O)(=O)N(C)C)n3)c(OC)cc12,8.4
354,CHEMBL3669142,CCN1CCC(CC1)c2cc(Nc3ncc4sc(C(=O)N)c(c5ccccc5OC(F)(F)F)c4n3)n(n2)C(C)C,8.4
355,CHEMBL3218851,CN1CCN(CC1)c2ccc(cc2)c3nc4c(N[C@@H]5[C@@H]6C[C@@H](C=C6)[C@@H]5C(=O)N)c(Cl)cnc4[nH]3,8.4
356,CHEMBL1642263,COCCOc1ccc(Nc2nc(Nc3cc4CCN(CC(=O)N(C)C)CCc4cc3OC)ncc2Cl)c(OC)c1,8.4
357,CHEMBL1642258,COc1cc(ccc1Nc2nc(Nc3cc4CCN(CC(=O)N(C)C)CCc4cc3OC)ncc2Cl)N5CCOCC5,8.4
358,CHEMBL1642253,COc1cc(ccc1Nc2ncc(Cl)c(Nc3ccc(cc3OC)N4CCOCC4)n2)N5CCOCC5,8.4
359,CHEMBL509032,COc1cc(ccc1Nc2ncc(Cl)c(Nc3ccccc3S(=O)(=O)C(C)C)n2)N4CCC(CC4)N5CCN(C)CC5,8.4
360,CHEMBL3218856,COc1cc(ccc1c2nc3c(N[C@@H]4[C@@H]5C[C@@H](C=C5)[C@@H]4C(=O)N)c(Cl)cnc3[nH]2)N6CCC(CC6)N7CCOCC7,8.4
361,CHEMBL3286808,COc1ccc(F)cc1[C@@H](C)Oc2cc(cnc2N)c3cnnn3C,8.4
362,CHEMBL1642260,COc1ccccc1Nc2nc(Nc3cc4CCN(CC(=O)N(C)C)CCc4cc3OC)ncc2Cl,8.4
363,CHEMBL3398169,COc1ccccc1c2ccc3cnc(Nc4ccc(cc4OC)[C@@]5(O)CCNC[C@@H]5O)nn23,8.4
364,CHEMBL3735314,CCc1cc2C(=O)c3c([nH]c4cc(ccc34)C#N)C(C)(C)c2cc1C5=CCN(CC5)C(=O)C6COCCN6,8.42
365,CHEMBL1822521,COc1ccccc1c2ccc3cnc(Nc4ccc(cc4OC)N5CCN(C[C@@H](C)O)CC5)nn23,8.42
366,CHEMBL1946800,CC(C)S(=O)(=O)c1ccc2CCc3cc(Nc4ncc(Cl)c(Nc1c2)n4)ccc3N5CCN(C)CC5,8.43
367,CHEMBL1779193,CC1(C)c2cc(OCCN3CCS(=O)(=O)CC3)ccc2C(=O)c4c1[nH]c5cc(ccc45)C#N,8.43
368,CHEMBL3263990,CC(C)S(=O)(=O)c1ccccc1Nc2nc(Nc3ccc4CCN(C)CC(C)c4c3)ncc2Cl,8.46
369,CHEMBL1946801,CN(c1ccc2CCc3cc(Nc4ncc(Cl)c(Nc1c2)n4)ccc3N5CCN(C)CC5)S(=O)(=O)C,8.47
370,CHEMBL3608523,COc1cc2CCCNCc2cc1Nc3ncc(Cl)c(Nc4ccccc4S(=O)(=O)C(C)C)n3,8.47
371,CHEMBL2158528,COc1ccccc1c2ccc3cnc(Nc4ccc(cc4OC)C5CCN(C[C@@H](C)O)CC5)nn23,8.47
372,CHEMBL3822524,COc1cc(ccc1Nc2ncc(C3CC3)c(Nc4ccccc4P(=O)(C)C)n2)N5CCC(CC5)N6CCN(C)CC6,8.49
373,CHEMBL3357449,CC(C)S(=O)(=O)c1ccccc1Nc2nc(Nc3cccc(NC(=O)CCN)c3)ncc2Cl,8.51
374,CHEMBL3736182,CCc1cc2C(=O)c3c([nH]c4cc(ccc34)C#N)C(C)(C)c2cc1C5=CCN(CC5)C(=O)C6CNC6,8.51
375,CHEMBL3687213,CCc1nc(C(=O)N)c(Nc2ccc(N3CCC(CC3)N4CCN(C)CC4)c(C)c2)nc1NC5CCC(O)(CC)CC5,8.51
376,CHEMBL3823872,CNC(=O)CN1CCN(CC1)c2ccc(Nc3ncc(Cl)c(Nc4ccccc4P(=O)(C)C)n3)c(OC)c2,8.51
377,CHEMBL1946614,COc1ccc2CCc3cc(Nc4ncc(Cl)c(Nc1c2)n4)ccc3N5CCN(C)CC5,8.51
378,CHEMBL2172301,CC(C)NC(=O)[C@@H]1CC[C@@H](CC1)N2\C(=N\C(=O)c3cc(F)cc(Cl)c3)\Nc4ccc(CN5CCC(CC5)C(C)(C)O)cc24,8.52
379,CHEMBL2172320,CC(C)NC(=O)[C@@H]1CC[C@@H](CC1)N2\C(=N\C(=O)c3cc(F)cc(c3)C#N)\Nc4ccc(CN5CCC(CC5)C(C)(C)O)cc24,8.52
380,CHEMBL2172303,CC(C)NC(=O)[C@@H]1CC[C@@H](CC1)N2\C(=N\C(=O)c3ccc(F)c(Cl)c3)\Nc4ccc(CN5CCC(CC5)C(C)(C)O)cc24,8.52
381,CHEMBL2172336,CC(C)NC(=O)[C@@H]1CC[C@@H](CC1)N2\C(=N\C(=O)c3ccc(F)cc3)\Nc4ccc(CN5CCCCC5C(=O)O)cc24,8.52
382,CHEMBL3357462,CC(C)S(=O)(=O)c1ccccc1Nc2nc(Nc3cccc(NC(=O)CN4CC5CC4CC5O)c3)ncc2Cl,8.52
383,CHEMBL2172323,COC(=O)[C@@H]1CC[C@@H](CC1)N2\C(=N\C(=O)c3ccccc3)\Nc4ccc(CN5CCCCC5)cc24,8.52
384,CHEMBL2158530,COc1cc(ccc1Nc2ncc3ccc(c4ccccc4OC)n3n2)C5CCN(CC(O)CF)CC5,8.52
385,CHEMBL3608519,COc1cc2C(=O)NCCCc2cc1Nc3ncc(Cl)c(Nc4ccccc4S(=O)(=O)C(C)C)n3,8.52
386,CHEMBL3398172,COc1ccccc1c2ccc3cnc(Nc4ccc(cc4OC)C5CCN(C)CC5O)nn23,8.52
387,CHEMBL3398174,COc1ccccc1c2ccc3cnc(Nc4ccc(cc4OC)[C@@H]5CCN(CCO)C[C@@H]5O)nn23,8.52
388,CHEMBL3398166,COc1ccccc1c2ccc3cnc(Nc4ccc(cc4OC)[C@@]5(O)CCN(C)C[C@@H]5O)nn23,8.52
389,CHEMBL3669139,COc1ncccc1c2c(sc3cnc(Nc4cc(C)c(cc4OC(C)C)N5CCN(C)CC5)nc23)C(=O)N,8.52
390,CHEMBL3669144,COc1ncccc1c2c(sc3cnc(Nc4cc(F)c(cc4OC(C)C)C5CCN(C)CC5)nc23)C(=O)N,8.52
391,CHEMBL3805643,Fc1cc(F)cc(Cc2ccc3[nH]nc(NC(=O)c4ccc(cc4NC5CCOCC5)N6CCNCC6)c3c2)c1,8.52
392,CHEMBL1823221,CCc1cc2C(=O)c3c([nH]c4cc(ccc34)C#N)C(C)(C)c2cc1N5CCN(CC5)C6COC6,8.54
393,CHEMBL2158531,COc1cc(ccc1Nc2ncc3ccc(c4ccccc4OC)n3n2)C5CCN(C[C@H](O)CO)CC5,8.54
394,CHEMBL3687194,CCc1nc(C(=O)N)c(Nc2ccc(cc2)N3CCC(CC3)N4CCN(C)CC4)nc1N[C@@H]5CC[C@@H](O)CC5,8.55
395,CHEMBL3286809,CNC(=O)c1ccc(F)cc1[C@@H](C)Oc2cc(cnc2N)c3cn(C)nc3C,8.55
396,CHEMBL3128058,C[C@@H](Oc1cc(cnc1N)c2cn(C)nc2C#N)c3cc(F)ccc3n4nccn4,8.55
397,CHEMBL1823220,CC1(C)c2cc(N3CCN(CC3)C4COC4)c(cc2C(=O)c5c1[nH]c6cc(ccc56)C#N)C#C,8.57
398,CHEMBL2042983,CCN1C(=O)CCCc2cc(Nc3ncc(Cl)c(Nc4ccccc4S(=O)(=O)C(C)C)n3)c(OC)cc12,8.57
399,CHEMBL3218861,CN1CCN(CC1)c2ccc(cc2)c3nc4c(N[C@@H]5[C@@H]6C[C@@H](C=C6)[C@@H]5C(=O)N)c(Br)cnc4[nH]3,8.57
400,CHEMBL3608522,COc1cc2CNCCCc2cc1Nc3ncc(Cl)c(Nc4ccccc4S(=O)(=O)C(C)C)n3,8.57
401,CHEMBL1684800,COc1ccc(Cn2ncc(NC(=O)c3cc(NC(=O)Nc4ccc(Cl)c(c4)C(F)(F)F)ccc3C)c2N)cc1,8.57
402,CHEMBL3128074,C[C@@H](Oc1cc(cnc1N)c2c[nH]nc2C)c3cc(F)ccc3n4nccn4,8.59
403,CHEMBL3128068,C[C@@H](Oc1cc(cnc1N)c2sc(nc2C)C3(O)CCS(=O)(=O)C3)c4cc(F)ccc4n5nccn5,8.59
404,CHEMBL3357455,CC(C)S(=O)(=O)c1ccccc1Nc2nc(Nc3cccc(NC(=O)CN4CCNCC4)c3)ncc2Cl,8.6
405,CHEMBL1940179,CCc1cc2C(=O)c3c([nH]c4cc(ccc34)C#N)C(C)(C)c2cc1N5CCN(CC5)C6CCC6,8.62
406,CHEMBL3357460,CC(C)S(=O)(=O)c1ccccc1Nc2nc(Nc3cccc(NC(=O)CN4CC5CC4CN5)c3)ncc2Cl,8.64
407,CHEMBL3357463,CC(C)S(=O)(=O)c1ccccc1Nc2nc(Nc3cccc(NC(=O)CN4CCC5CNCC45)c3)ncc2Cl,8.64
408,CHEMBL3687217,CN1CCN(CC1)C2CCN(CC2)c3ccc(Nc4nc(N[C@@H]5CC[C@@H](O)CC5)c(Cl)nc4C(=O)N)cc3C,8.64
409,CHEMBL3687225,CCc1nc(C(=O)N)c(Nc2ccc(N3CCN(CC3)C4CCN(C)CC4)c(C)c2)nc1NC5CCOCC5,8.66
410,CHEMBL3687221,CC(C)c1nc(C(=O)N)c(Nc2ccc(cc2)N3CCC(CC3)N4CCN(C)CC4)nc1NC5CCOCC5,8.68
411,CHEMBL3687195,CC(C)c1nc(C(=O)N)c(Nc2ccc(cc2)N3CCN(C)CC3)nc1N[C@@H]4CC[C@@H](O)CC4,8.68
412,CHEMBL3822973,COc1ccccc1Nc2ncc(Cl)c(Nc3ccccc3S(=O)(=O)C(C)C)n2,8.68
413,CHEMBL3286825,COc1nn(C)c2CN(C)C(=O)c3ccc(F)cc3[C@@H](C)Oc4cc(cnc4N)c12,8.68
414,CHEMBL2172319,CC(C)NC(=O)[C@@H]1CC[C@@H](CC1)N2\C(=N\C(=O)c3ccc(F)c(F)c3)\Nc4ccc(CN5CCC(CC5)C(C)(C)O)cc24,8.7
415,CHEMBL2172312,CC(C)NC(=O)[C@@H]1CC[C@@H](CC1)N2\C(=N\C(=O)c3ccc(F)cc3)\Nc4ccc(CN5CC(C5)C(C)(C)O)cc24,8.7
416,CHEMBL2172305,CC(C)NC(=O)[C@@H]1CC[C@@H](CC1)N2\C(=N\C(=O)c3ccc(F)cc3)\Nc4ccc(CN5CCC(CC5)C(=O)O)cc24,8.7
417,CHEMBL2172302,CC(C)NC(=O)[C@@H]1CC[C@@H](CC1)N2\C(=N\C(=O)c3cccc(Cl)c3)\Nc4ccc(CN5CCC(CC5)C(C)(C)O)cc24,8.7
418,CHEMBL2172313,CC(C)NC(=O)[C@@H]1CC[C@@H](CC1)N2\C(=N\C(=O)c3ccccc3)\Nc4ccc(CN5CCC(CC5)C(C)(C)O)cc24,8.7
419,CHEMBL3651835,CC(C)Oc1cc2CN(C3CCN(CC3)C(=O)CN(C)C)C(=O)c2cc1Nc4ncc(Cl)c(Nc5ccccc5S(=O)(=O)C6CCC6)n4,8.7
420,CHEMBL3651862,COc1cc(C2CCN(C)CC2)c(C)cc1Nc3nc(Nc4ccccc4S(=O)(=O)C(C)C)c5c(C)[nH]nc5n3,8.7
421,CHEMBL3128073,COc1ccc(F)cc1[C@@H](C)Oc2cc(cnc2N)c3c[nH]nc3C,8.7
422,CHEMBL3669141,COc1ccccc1c2c(sc3cnc(Nc4cc(C)c(cc4OC(C)C)N5CCC(C5)N(C)C)nc23)C(=O)N,8.7
423,CHEMBL3286831,C[C@H]1Oc2cc(cnc2N)c3c(CN(C)C(=O)c4ccc(F)cc14)nc5ncc(C)cn35,8.7
424,CHEMBL3687218,CCc1nc(C(=O)N)c(Nc2ccc(N3CCC(CC3)N4CCN(C)CC4)c(C)c2)nc1NC5CCN(C)CC5,8.72
425,CHEMBL3286828,C[C@H]1Oc2nc(cnc2N)c3cc(ccc3CN(C)C(=O)c4ccc(F)cc14)S(=O)(=O)C,8.72
426,CHEMBL3823864,COc1cc(ccc1Nc2ncc(Cl)c(Nc3ccccc3C#N)n2)N4CCC(CC4)N5CCN(C)CC5,8.73
427,CHEMBL3823045,COc1ccccc1Nc2nc(Nc3ccc(cc3OC)N4CCC(CC4)N5CCN(C)CC5)ncc2Cl,8.73
428,CHEMBL1779200,CC(C)N1CCN(CC1)c2ccc3C(=O)c4c([nH]c5cc(ccc45)C#N)C(C)(C)c3c2,8.75
429,CHEMBL3608524,COc1cc2CCNCCc2cc1Nc3ncc(Cl)c(Nc4ccccc4S(=O)(=O)C(C)C)n3,8.75
430,CHEMBL3357444,C[C@H](N)C(=O)Nc1cccc(Nc2ncc(Cl)c(Nc3ccccc3S(=O)(=O)C(C)C)n2)c1,8.75
431,CHEMBL3357456,CC(C)S(=O)(=O)c1ccccc1Nc2nc(Nc3cccc(NC(=O)CN4CCN(C)CC4)c3)ncc2Cl,8.77
432,CHEMBL3687196,CCc1nc(C(=O)N)c(Nc2cccc(c2)N3CCN(C)CC3)nc1N[C@@H]4CC[C@@H](O)CC4,8.77
433,CHEMBL2172311,CC(C)NC(=O)[C@@H]1CC[C@@H](CC1)N2\C(=N\C(=O)c3ccc(F)cc3)\Nc4ccc(CNCC(C)(C)O)cc24,8.8
434,CHEMBL3824301,COc1cc(ccc1Nc2ncc(Cl)c(Nc3ccccc3C(=O)C)n2)N4CCC(CC4)N5CCN(C)CC5,8.8
435,CHEMBL1779202,CC1(C)c2cc(ccc2C(=O)c3c1[nH]c4cc(ccc34)C#N)C5CCN(CC5)C6COC6,8.82
436,CHEMBL3687215,CCc1nc(C(=O)N)c(Nc2ccc(N3CCC(CC3)N4CCN(C)CC4)c(C)c2)nc1NC5CCOCC5,8.82
437,CHEMBL3301622,CCc1nc(C(=O)N)c(Nc2ccc(N3CCC(CC3)N4CCN(C)CC4)c(OC)c2)nc1NC5CCOCC5,8.82
438,CHEMBL1946803,COc1cc(N2CCN(C)CC2)c3CCc4ccc(c(Nc5nc(Nc1c3)ncc5Cl)c4)S(=O)(=O)C(C)C,8.82
439,CHEMBL3786892,COc1cc2c(CCC(N)C2(C)C)cc1Nc3ncc(Cl)c(Nc4ccccc4S(=O)(=O)C(C)C)n3,8.82
440,CHEMBL3687223,COc1cc(Nc2nc(NC3CCOCC3)c(nc2C(=O)N)C(C)C)ccc1N4CCN(C)CC4,8.85
441,CHEMBL3286823,C[C@H]1Oc2nc(cnc2N)c3c(C)nn(C)c3CN(C)C(=O)c4ccc(F)cc14,8.85
442,CHEMBL3822664,COc1cc(ccc1Nc2ncc(Cl)c(Nc3ccccc3I)n2)N4CCC(CC4)N5CCN(C)CC5,8.87
443,CHEMBL3263992,CNS(=O)(=O)c1ccccc1Nc2nc(Nc3ccc4CCN(C)CC(C)c4c3)ncc2Cl,8.89
444,CHEMBL3128061,COc1ncccc1c2cnc(N)c(O[C@H](C)c3cc(F)ccc3n4nccn4)c2,8.89
445,CHEMBL3823198,COc1cc(ccc1Nc2ncc(OC)c(Nc3ccccc3P(=O)(C)C)n2)N4CCC(CC4)N5CCN(C)CC5,8.92
446,CHEMBL1940182,CCCc1cc2C(=O)c3c([nH]c4cc(ccc34)C#N)C(C)(C)c2cc1N5CCC(CC5)N6CCOCC6,8.96
447,CHEMBL3124972,C[C@@H](Oc1cc(cnc1N)c2sc(nc2C)[C@@](C)(O)CO)c3cc(F)ccc3n4nccn4,8.96
448,CHEMBL1940181,Cc1cc2C(=O)c3c([nH]c4cc(ccc34)C#N)C(C)(C)c2cc1N5CCC(CC5)N6CCOCC6,8.96
449,CHEMBL3823165,COc1cc(ccc1Nc2ncc(Cl)c(Nc3ccccc3P(=O)(C)C)n2)P(=O)(C)C,8.98
450,CHEMBL3823078,COc1cc(N2CCC(CC2)N3CCN(C)CC3)c(F)cc1Nc4ncc(Cl)c(Nc5ccccc5P(=O)(C)C)n4,8.99
451,CHEMBL2172315,CC(C)NC(=O)[C@@H]1CC[C@@H](CC1)N2\C(=N\C(=O)c3cc(F)cc(F)c3)\Nc4ccc(CN5CCC(CC5)C(C)(C)O)cc24,9.0
452,CHEMBL2172304,CC(C)NC(=O)[C@@H]1CC[C@@H](CC1)N2\C(=N\C(=O)c3ccc(C#N)c(F)c3)\Nc4ccc(CN5CCC(CC5)C(C)(C)O)cc24,9.0
453,CHEMBL2172317,CC(C)NC(=O)[C@@H]1CC[C@@H](CC1)N2\C(=N\C(=O)c3ccc(cc3)C#N)\Nc4ccc(CN5CCC(CC5)C(C)(C)O)cc24,9.0
454,CHEMBL2172314,CC(C)NC(=O)[C@@H]1CC[C@@H](CC1)N2\C(=N\C(=O)c3cccc(F)c3)\Nc4ccc(CN5CCC(CC5)C(C)(C)O)cc24,9.0
455,CHEMBL2172321,CC(C)NC(=O)[C@@H]1CC[C@@H](CC1)N2\C(=N\C(=O)c3cccc(c3)C#N)\Nc4ccc(CN5CCC(CC5)C(C)(C)O)cc24,9.0
456,CHEMBL2172316,CC(C)NC(=O)[C@@H]1CC[C@@H](CC1)N2\C(=N\C(=O)c3ccncc3)\Nc4ccc(CN5CCC(CC5)C(C)(C)O)cc24,9.0
457,CHEMBL513897,CCCN1CCC=C(C1)c2ccc(Nc3nc(Nc4ccccc4C(=O)N)c5cc[nH]c5n3)c(C)c2,9.0
458,CHEMBL3687216,CCc1nc(C(=O)N)c(Nc2ccc(N3CCC(CC3)N4CCN(C)CC4)c(C)c2)nc1NC5CCNCC5,9.0
459,CHEMBL3687189,CCc1nc(C(=O)N)c(Nc2cccc(c2)S(=O)(=O)C)nc1N[C@@H]3CC[C@@](C)(O)CC3,9.0
460,CHEMBL3822499,COc1cc(ccc1Nc2ncc(Cl)c(Nc3ccccc3C(C)O)n2)N4CCC(CC4)N5CCN(C)CC5,9.0
461,CHEMBL3822982,COc1ccccc1Nc2nc(Nc3ccc(cc3OC)P(=O)(C)C)ncc2Cl,9.02
462,CHEMBL3687212,CCc1nc(C(=O)N)c(Nc2ccc(N3CCC(CC3)N4CCN(C)CC4)c(C)c2)nc1N[C@@H]5CC[C@@](C)(O)CC5,9.03
463,CHEMBL3687208,CCc1nc(C(=O)N)c(Nc2ccc(N3CCN(CC3)C4CC4)c(c2)C(F)(F)F)nc1N[C@@H]5CC[C@@H](O)CC5,9.03
464,CHEMBL3823243,COc1cc(ccc1Nc2ncc(Cl)c(Nc3ccccc3P(=O)(C)C)n2)N4CCC(C4)N5CCCCC5,9.06
465,CHEMBL3823218,COc1cc(ccc1Nc2ncc(Cl)c(Nc3ccccc3P(=O)(C)C)n2)N4CCC(CN5CCC5)CC4,9.06
466,CHEMBL3823836,COc1cc(N2CCC(CC2)N3CCN(C)CC3)c(C)cc1Nc4ncc(Cl)c(Nc5ccccc5P(=O)(C)C)n4,9.07
467,CHEMBL3357452,CC(C)S(=O)(=O)c1ccccc1Nc2nc(Nc3cccc(NC(=O)C4CN(C4)C(=O)CCCN(C)C)c3)ncc2Cl,9.1
468,CHEMBL3824326,COc1cc(ccc1Nc2ncc(Cl)c(Nc3ccccc3C(=O)C)n2)P(=O)(C)C,9.1
469,CHEMBL3824246,COc1cc(ccc1Nc2ncc(Cl)c(Nc3ccccc3C(=O)N)n2)N4CCC(CC4)N5CCN(C)CC5,9.1
470,CHEMBL3687197,CCc1nc(C(=O)N)c(Nc2ccc(N3CCN(C)CC3)c(c2)C(F)(F)F)nc1N[C@@H]4CC[C@@H](O)CC4,9.11
471,CHEMBL3822645,COc1cc(ccc1Nc2ncc(Cl)c(Nc3ccccc3P(=O)(C)C)n2)c4cnn(c4)C5CCNCC5,9.12
472,CHEMBL3824318,CCOc1cc(ccc1Nc2ncc(Cl)c(Nc3ccccc3P(=O)(C)C)n2)N4CCC(CC4)N5CCN(C)CC5,9.13
473,CHEMBL3822672,COc1cc(ccc1Nc2ncc(Cl)c(Nc3ccccc3S(=O)(=O)N(C)C)n2)N4CCC(CC4)N5CCN(C)CC5,9.13
474,CHEMBL3286826,COc1nn(C)c2CN(C)C(=O)c3ccc(F)cc3[C@@H](C)Oc4nc(cnc4N)c12,9.13
475,CHEMBL3824130,COc1cc(ccc1Nc2ncc(Cl)c(Nc3ccccc3P(=O)(C)C)n2)N4CCCN(C)CC4,9.14
476,CHEMBL3357458,CC(C)S(=O)(=O)c1ccccc1Nc2nc(Nc3cccc(NC(=O)CN4CCN(CC4)C(=O)\C=C\CN(C)C)c3)ncc2Cl,9.16
477,CHEMBL3823224,CC(C)Oc1cc(ccc1Nc2ncc(Cl)c(Nc3ccccc3P(=O)(C)C)n2)N4CCC(CC4)N5CCN(C)CC5,9.17
478,CHEMBL3823268,COc1cc(ccc1Nc2ncc(Cl)c(Nc3ccccc3C(=O)N)n2)P(=O)(C)C,9.17
479,CHEMBL3687200,CCc1nc(C(=O)N)c(Nc2ccc(N3CCC(CC3)N4CCN(C)CC4)c(c2)C(F)(F)F)nc1N[C@@H]5CC[C@@H](O)CC5,9.19
480,CHEMBL3397300,COc1cc(ccc1Nc2ncc(Cl)c(Nc3ccccc3P(=O)(C)C)n2)N4CCC(CC4)N(C)C,9.21
481,CHEMBL3128067,C[C@@H](Oc1cc(cnc1N)c2sc(nc2C)C3(O)CCOC3)c4cc(F)ccc4n5nccn5,9.22
482,CHEMBL560733,C[C@H](O)CNc1cc(nc(n1)c2cccnc2)c3cn(CC#N)nc3c4cc(C)cc(O)c4,9.22
483,CHEMBL3824007,COc1cc(ccc1Nc2ncc(Cl)c(Nc3ccccc3P(=O)(C)C)n2)N4CCN(CC4)C(=O)C,9.23
484,CHEMBL3822475,COc1cc(ccc1Nc2ncc(Cl)c(Nc3ccccc3S(=O)(=O)C)n2)N4CCC(CC4)N5CCN(C)CC5,9.23
485,CHEMBL3286832,C[C@H]1Oc2nc(cnc2N)c3c(CN(C)C(=O)c4ccc(F)cc14)nc5ccc(cn35)C#N,9.25
486,CHEMBL464552,CNC(=O)c1c(F)cccc1Nc2nc(Nc3cc4N(CCc4cc3OC)C(=O)CN(C)C)nc5[nH]ccc25,9.26
487,CHEMBL3823916,COc1cc(OC2CCN(C)CC2)ccc1Nc3ncc(Cl)c(Nc4ccccc4P(=O)(C)C)n3,9.27
488,CHEMBL3823031,COc1cc(ccc1Nc2ncc(Cl)c(Nc3ccccc3P(=O)(C)C)n2)N4CCC(CC4)N5CCCC5,9.28
489,CHEMBL3669137,CC(C)Oc1cc(ccc1Nc2ncc3sc(C(=O)N)c(c4ccccc4OC(F)(F)F)c3n2)C5CCN(C)CC5,9.3
490,CHEMBL507625,COc1cc(ccc1Nc2nc(Nc3cccc(F)c3C(=O)N)c4cc[nH]c4n2)N5CCN(CC5)C(C)C,9.3
491,CHEMBL3687210,CCc1nc(C(=O)N)c(Nc2ccc(N3CCN(CC3)C(C)C)c(C)c2)nc1N[C@@H]4CC[C@@H](O)CC4,9.31
492,CHEMBL3824290,COc1cc(ccc1Nc2ncc(Cl)c(Nc3ccccc3P(=O)(C)C)n2)N4CCC(CC4)N5CCCN(C)CC5,9.31
493,CHEMBL3822557,COc1cc(ccc1Nc2ncc(Cl)c(Nc3ccccc3P(=O)(C)C)n2)N4CCC(CC4)N5CCOCC5,9.31
494,CHEMBL3823577,COc1cc(ccc1Nc2ncc(C)c(Nc3ccccc3P(=O)(C)C)n2)N4CCC(CC4)N5CCN(C)CC5,9.38
495,CHEMBL514873,COc1cc2CCN(C(=O)CN(C)C)c2cc1Nc3nc(Nc4ccsc4C(=O)N)c5cc[nH]c5n3,9.4
496,CHEMBL3128064,C[C@@H](Oc1cc(cnc1N)c2sc(nc2C)C(C)(C)O)c3cc(F)ccc3n4nccn4,9.4
497,CHEMBL3823296,COc1cc(ccc1Nc2ncc(F)c(Nc3ccccc3P(=O)(C)C)n2)N4CCC(CC4)N5CCN(C)CC5,9.41
498,CHEMBL3823190,COc1cc(ccc1Nc2ncc(Cl)c(Nc3ccccc3P(=O)(C)C)n2)C4CCN(C)CC4,9.42
499,CHEMBL3687193,CCc1nc(C(=O)N)c(Nc2ccc(N3CCC(CC3)N4CCN(C)CC4)c(OC)c2)nc1N[C@@H]5CC[C@@H](O)CC5,9.43
500,CHEMBL3545311,COc1cc(ccc1Nc2ncc(Cl)c(Nc3ccccc3P(=O)(C)C)n2)N4CCC(CC4)N5CCN(C)CC5,9.43
501,CHEMBL3823017,COc1cc(ccc1Nc2ncc(Cl)c(Nc3ccccc3P(=O)(C)C)n2)N4CCC(O)CC4,9.44
502,CHEMBL3687209,CCc1nc(C(=O)N)c(Nc2ccc(N3CCC(C3)N(C)C)c(c2)C(F)(F)F)nc1N[C@@H]4CC[C@@H](O)CC4,9.47
503,CHEMBL3687198,CCc1nc(C(=O)N)c(Nc2ccc(N3CCN(C)CC3)c(OC)c2)nc1N[C@@H]4CC[C@@H](O)CC4,9.48
504,CHEMBL3823603,COc1cc(OC2CCN(C)C2)ccc1Nc3ncc(Cl)c(Nc4ccccc4P(=O)(C)C)n3,9.48
505,CHEMBL3823107,COc1cc(ccc1Nc2ncc(Cl)c(Nc3ccccc3P(=O)(C)C)n2)N4CC[C@H](C4)N(C)C,9.48
506,CHEMBL3823256,COc1cc(ccc1Nc2ncc(Cl)c(Nc3ccccc3S(=O)(=O)C)n2)P(=O)(C)C,9.48
507,CHEMBL3824304,COc1cc(ccc1Nc2ncc(Cl)c(Nc3ccccc3S(=O)(=O)C(C)C)n2)P(=O)(C)C,9.51
508,CHEMBL3128066,C[C@@H](Oc1cc(cnc1N)c2sc(nc2C)C3(O)CN(C)C3)c4cc(F)ccc4n5nccn5,9.52
509,CHEMBL3824327,COc1cc(ccc1Nc2ncc(Cl)c(Nc3ccccc3P(=O)(C)C)n2)N4CCN(CC4)C5CCN(C)CC5,9.55
510,CHEMBL3687211,CCOc1cc(Nc2nc(N[C@@H]3CC[C@@H](O)CC3)c(CC)nc2C(=O)N)ccc1N4CCC(CC4)N5CCN(C)CC5,9.59
511,CHEMBL3687202,CCc1nc(C(=O)N)c(Nc2ccc(N3CCC(CC3)N4CCN(C)CC4)c(C)c2)nc1N[C@@H]5CC[C@@H](O)CC5,9.59
512,CHEMBL3687204,CCc1nc(C(=O)N)c(Nc2ccc(cc2)C3CCN(C)CC3)nc1N[C@@H]4CC[C@@H](O)CC4,9.59
513,CHEMBL3687201,CCc1nc(C(=O)N)c(Nc2ccc(N3CCN(C)CC3)c(C)c2)nc1N[C@@H]4CC[C@@H](O)CC4,9.62
514,CHEMBL3823416,COc1cc(ccc1Nc2ncc(Cl)c(Nc3ccccc3P(=O)(C)C)n2)N4CCOCC4,9.62
515,CHEMBL3687203,CCc1nc(C(=O)N)c(Nc2ccc(OC)c(c2)N3CCN(C)CC3)nc1N[C@@H]4CC[C@@H](O)CC4,9.64
516,CHEMBL3687206,CCc1nc(C(=O)N)c(Nc2ccc(N3CCN(C)CC3)c(C)c2)nc1N[C@@H]4CC[C@](C)(O)CC4,9.66
517,CHEMBL3823549,COc1cc(OCCCN2CCCC2)ccc1Nc3ncc(Cl)c(Nc4ccccc4P(=O)(C)C)n3,9.66
518,CHEMBL3687207,CCc1nc(C(=O)N)c(Nc2ccc(N3CCC(CC3)N4CCN(C)CC4)c(C)c2)nc1N[C@@H]5CC[C@](C)(O)CC5,9.68
519,CHEMBL3822611,COc1cc(ccc1Nc2ncc(Cl)c(Nc3ccccc3P(=O)(C)C)n2)N4CCN(C)CC4,9.75
520,CHEMBL3823235,COc1cc(ccc1Nc2ncc(Cl)c(Nc3ccccc3P(=O)(C)C)n2)N4CCN(CCO)CC4,9.75
521,CHEMBL3687205,CC(C)c1nc(C(=O)N)c(Nc2ccc(N3CCC(CC3)N4CCN(C)CC4)c(c2)C(F)(F)F)nc1N[C@@H]5CC[C@@H](O)CC5,9.77
522,CHEMBL3824308,CCP(=O)(CC)c1ccccc1Nc2nc(Nc3ccc(cc3OC)N4CCC(CC4)N5CCN(C)CC5)ncc2Cl,9.92
