,molecule_chembl_id,canonical_smiles,pchembl_value
0,dasatinib,CC1=NC(NC2=NC=C(S2)C(=O)NC2=C(C)C=CC=C2Cl)=CC(=N1)N1CCN(CCO)CC1,9.68
1,bosutinib,COc1cc(Nc2c(cnc3cc(OCCCN4CCN(C)CC4)c(OC)cc23)C#N)c(Cl)cc1Cl,8.48
2,ibrutinib,NC1=C2C(=NC=N1)N(N=C2C1=CC=C(OC2=CC=CC=C2)C=C1)[C@@H]1CCCN(C1)C(=O)C=C,9.3
3,CHEMBL31965,Fc1ccc(Nc2ncnc3cc(OCCCN4CCOCC4)c(NC(=O)C=C)cc23)cc1Cl,7.54
4,CHEMBL475251,COc1cc(Nc2ncc(F)c(Nc3ccc4OC(C)(C)C(=O)Nc4n3)n2)cc(OC)c1OC,7.6
5,CHEMBL3426225,CCn1nc(C#Cc2cc(ccc2C)C(=O)Nc3ccc(CN4CCN(C)CC4)c(c3)C(F)(F)F)c5c(N)ncnc15,7.72
6,CHEMBL1916891,CN(C)C\C=C\C(=O)N(C)c1cc2c(cc1F)nc(Nc3ccccc3C)c4cncn24,7.8
7,CHEMBL388978,CN[C@@H]1C[C@H]2O[C@@](C)([C@@H]1OC)n3c4ccccc4c5c6CNC(=O)c6c7c8ccccc8n2c7c35,7.82
8,CHEMBL1908395,Cl.CN(C)CC(=O)N1CCC(CC1)c2ccc(NC(=O)c3nc(c[nH]3)C#N)c(c2)C4=CCCCC4,7.96
9,CHEMBL3683258,CN[C@@H]1CC2OC([C@@H]1OC)n3c4ccccc4c5c6CNC(=O)c6c7c8ccccc8n2c7c35,8.13
10,CHEMBL1230609,COc1cc2c(Oc3ccc(NC(=O)C4(CC4)C(=O)Nc5ccc(F)cc5)cc3F)ccnc2cc1OCCCN6CCOCC6,8.27
11,CHEMBL3290148,Cc1ccc(NC(=O)c2cccc(c2)C(F)(F)F)cc1C(=O)Nc3cnc(Nc4cccc(NC(=O)CNC(=O)C=C)c4)nc3,8.38
12,CHEMBL3290142,Cc1ccc(NC(=O)c2cccc(c2)C(F)(F)F)cc1C(=O)Nc3cnc(Nc4cccc(NC(=O)C=C)c4)nc3,8.57
13,CHEMBL386051,CSc1cccc(Nc2ncc3C=C(C(=O)N(C)c3n2)c4c(Cl)cccc4Cl)c1,8.82
14,CHEMBL249097,Cc1ccc(O)cc1Nc2ccnc(Nc3cccc(c3)C(=O)N)n2,9.0
