,molecule_chembl_id,canonical_smiles,pchembl_value
0,CHEMBL2385579,C1CN(CCO1)c2ccc(cc2)c3cnc4c(cnn4c3)c5cn[nH]c5,7.98
1,CHEMBL511563,COc1ccc(cc1)c2cnc3c(cnn3c2)c4ccnc5ccccc45,8.17
2,CHEMBL3818173,Clc1cnc2OCOc2c1Nc3ccnc(NC(=O)C4CC4)c3,8.62
50,CHEMBL388978,CN[C@@H]1C[C@H]2O[C@@](C)([C@@H]1OC)n3c4ccccc4c5c6CNC(=O)c6c7c8ccccc8n2c7c35,5.43
71,CHEMBL603469,C[C@]12O[C@H](C[C@]1(O)CO)n3c4ccccc4c5c6C(=O)NCc6c7c8ccccc8n2c7c35,6.02
81,CHEMBL386051,CSc1cccc(Nc2ncc3C=C(C(=O)N(C)c3n2)c4c(Cl)cccc4Cl)c1,6.77
91,CHEMBL509032,COc1cc(ccc1Nc2ncc(Cl)c(Nc3ccccc3S(=O)(=O)C(C)C)n2)N4CCC(CC4)N5CCN(C)CC5,6.77
103,CHEMBL1908397,O=C(N1CCNCC1)c2ccc(\C=C\c3n[nH]c4ccccc34)cc2,5.72
104,CHEMBL1241674,CC(C)n1nc(c2cc3cc(O)ccc3[nH]2)c4c(N)ncnc14,7.19
158,CHEMBL502351,COc1ccc(cc1)c2cnc3c(cnn3c2)c4cccc5ncccc45,4.97
159,CHEMBL2385591,C1CN(CCN1)c2ccc(cc2)c3cnc4c(cnn4c3)c5cccc6ncccc56,6.27
160,CHEMBL478629,C(CN1CCCCC1)Oc2ccc(cc2)c3cnc4c(cnn4c3)c5ccncc5,7.02
161,CHEMBL2385586,C1CN(CCN1)c2ccc(cc2)c3cnc4c(cnn4c3)c5cn[nH]c5,7.26
162,CHEMBL2385600,COc1ccc(cc1)c2cnc3c(cnn3c2)c4cn[nH]c4,7.39
175,CHEMBL3341789,COc1cc(cc(OC)c1OC)c2cc(cnc2C)c3ccc(cc3)N4CCNCC4,5.93
