,molecule_chembl_id,canonical_smiles,pchembl_value
0,CHEMBL388978,CN[C@@H]1C[C@H]2O[C@@](C)([C@@H]1OC)n3c4ccccc4c5c6CNC(=O)c6c7c8ccccc8n2c7c35,7.59
1,CHEMBL603469,C[C@]12O[C@H](C[C@]1(O)CO)n3c4ccccc4c5c6C(=O)NCc6c7c8ccccc8n2c7c35,7.6
2,CHEMBL1241674,CC(C)n1nc(c2cc3cc(O)ccc3[nH]2)c4c(N)ncnc14,7.85
3,CHEMBL3780091,N[C@@H]1CC[C@@H](CC1)NC2=C(C(=O)NC=C2)c3nc4ccccc4[nH]3,8.7
24,CHEMBL191003,Nc1nc(Nc2ccc(cc2)S(=O)(=O)N)nn1C(=O)c3c(F)cccc3F,5.19
30,CHEMBL608533,CO[C@@H]1[C@@H](C[C@H]2O[C@]1(C)n3c4ccccc4c5c6CNC(=O)c6c7c8ccccc8n2c7c35)N(C)C(=O)c9ccccc9,5.92
38,CHEMBL1721885,Cc1[nH]c(\C=C\2/C(=O)Nc3ccc(F)cc23)c(C)c1C(=O)NC[C@H](O)CN4CCOCC4,5.3
39,CHEMBL535,CCN(CC)CCNC(=O)c1c(C)[nH]c(\C=C\2/C(=O)Nc3ccc(F)cc23)c1C,5.46
96,CHEMBL386051,CSc1cccc(Nc2ncc3C=C(C(=O)N(C)c3n2)c4c(Cl)cccc4Cl)c1,5.47
110,CHEMBL509032,COc1cc(ccc1Nc2ncc(Cl)c(Nc3ccccc3S(=O)(=O)C(C)C)n2)N4CCC(CC4)N5CCN(C)CC5,6.51
114,CHEMBL230011,Nc1nc(N)c2nc(c3cccc(O)c3)c(nc2n1)c4cccc(O)c4,6.14
122,CHEMBL1908397,O=C(N1CCNCC1)c2ccc(\C=C\c3n[nH]c4ccccc34)cc2,5.72
908,CHEMBL1230164,FC(F)(F)C1=CC(=O)Nc2[nH]nc(c3cccc(c3)C(F)(F)F)c12,5.1
910,CHEMBL213505,Nc1ncnc2onc(c3ccc(NC(=O)Nc4cccc(c4)C(F)(F)F)cc3)c12,5.1
911,CHEMBL1987034,NS(=O)(=O)c1cccc(Nc2ncc(Br)c(Nc3ccc(OCC#N)cc3)n2)c1,5.9
912,CHEMBL1993941,CCCn1cc(cn1)c2cnc(N)c3c(csc23)c4ccc(NC(=O)Nc5cccc(F)c5)cc4,5.2
914,CHEMBL2005886,Cc1cc(cc2[nH]c(nc12)C3=C(NCC(O)c4cccc(Cl)c4)C=CNC3=O)N5CCOCC5,5.7
915,CHEMBL481491,NC(=O)c1sc(cc1OCc2ccccc2C(F)(F)F)n3cnc4ccccc34,5.3
916,CHEMBL1973142,CC(=O)Nc1c(sc2ccc(Cl)c(Cl)c12)C(=O)N,5.6
918,CHEMBL1982924,COc1cccc(c1)C(=O)Nc2cnc3[nH]cc(c4ccccc4)c3c2,5.2
919,CHEMBL2005936,CCCC(=O)Nc1n[nH]c2ccc(cc12)c3nnn(Cc4ccccc4)c3c5ccccc5,5.7
920,CHEMBL1966628,NC1CCC(CC1)Nc2nccc(n2)c3c[nH]c4ncccc34,5.3
922,CHEMBL1995813,NC1CCCCC1Nc2nccc(n2)c3c[nH]c4ncccc34,5.3
924,CHEMBL244378,OC(=O)c1ccccc1Nc2ccnc(Nc3ccc4cn[nH]c4c3)n2,6.2
928,CHEMBL1986943,OC1CCC(CC1)Nc2nc(Cl)cc(n2)c3c[nH]c4ncccc34,6.0
929,CHEMBL2006263,Cc1nc2ccc(NS(=O)(=O)c3ccc(N)cc3)cc2nc1C,5.6
930,CHEMBL1993584,OC(COc1cncc(C=Cc2ccncc2)c1)Cc3c[nH]c4ccccc34,5.1
931,CHEMBL1986263,CCN1C(=O)SC(=C1C)c2ccnc(Nc3cccc(OC)c3)n2,6.3
932,CHEMBL2000114,CSc1c[nH]c2ncnc(NCCCO)c12,5.2
934,CHEMBL1975647,Fc1cccc2c(NC(=O)Nc3cnccn3)ccnc12,5.3
937,CHEMBL1981782,Clc1ccc(CNC(=O)Nc2ccc3[nH]ncc3c2)cc1Cl,5.4
938,CHEMBL1977681,CNC(=O)c1cc2c(n[nH]c2s1)c3ccccc3F,6.2
942,CHEMBL1988163,NS(=O)(=O)c1cccc(Nc2ncc3ccn(c4ccccc4)c3n2)c1,6.7
948,CHEMBL2002649,COc1ccc2NC(=O)C(=Cc3c[nH]cn3)c2c1,6.2
951,CHEMBL1997129,O=C1NCCc2[nH]c(cc12)c3ccnc(C=Cc4ccccc4)c3,7.4
961,CHEMBL2003286,COc1cc(C=C2SC(=O)NC2=O)ccc1O,5.1
963,CHEMBL2002165,CC(O)Cn1cc(cn1)c2cnc(N)c3c(csc23)c4ccc(NC(=O)Nc5cccc(F)c5)cc4,5.6
967,CHEMBL1998585,Nc1ncnc2scc(c3ccc(NC(=O)Nc4cc(ccc4F)C(F)(F)F)cc3)c12,6.0
971,CHEMBL1975128,Nc1n[nH]c2ccc(cc12)c3nnn(Cc4ccccc4)c3I,6.1
977,CHEMBL1978099,CNC(=O)COc1ccc(Nc2nc(Nc3ccc(C)c(c3)S(=O)(=O)N)ncc2F)cc1,5.2
978,CHEMBL1988608,CC(=O)Nc1cccc(CNC2=C(Nc3ccc4[nH]ncc4c3)C(=O)C2=O)c1,6.2
982,CHEMBL1998159,Cc1n[nH]c2cnc(cc12)c3cncc(OCC(N)Cc4cccc(c4)C(F)(F)F)c3,5.7
984,CHEMBL539474,O=C1CCCN1Cc2ccc3c(NC(=O)c4cccn34)c2,5.7
998,CHEMBL2002992,CC(N)C1CCC(CC1)C(=O)Nc2ccnc3[nH]ccc23,5.4
999,CHEMBL560813,OC(=O)c1ccc2cc(NC(=O)Nc3cnc(cn3)C#N)ccc2c1,5.3
1001,CHEMBL1968791,Cc1c(c2cccc(OCc3ccccc3)c2)c4c(N)ncnc4n1C5CC(CN6CCCC6)C5,5.7
1011,CHEMBL1976134,c1cc2cc(cnc2[nH]1)c3ccc4cn[nH]c4c3,5.7
1012,CHEMBL1965131,Cc1ccc(cc1)C(=O)Nc2c(sc3ccc(Cl)c(Cl)c23)C(=O)N,5.4
1013,CHEMBL1972158,Nc1n[nH]c2ccc(cc12)c3nnn(Cc4ccccc4)c3c5ccccc5,5.9
1014,CHEMBL482767,OC(=Nc1cccc(Cl)c1)Nc2ncc(CCN=C3NC=Nc4ccsc34)s2,5.7
1015,CHEMBL2006580,Oc1ccc(Nc2ncnc3scc(Cl)c23)cc1,5.3
1018,CHEMBL1970340,Nc1noc2cccc(c3cccc(O)c3)c12,5.1
1022,CHEMBL1993424,NS(=O)(=O)c1cccc(Nc2ncc3ccn(Cc4ccccc4)c3n2)c1,6.4
1026,CHEMBL1997023,CN(C)c1cc2sncc2cc1NC(=O)C(=O)O,6.2
1027,CHEMBL1964687,Cc1cc(C)cc(NC(=O)Nc2ccc3c(CCc4sc5ncnc(N)c5c34)c2)c1,5.8
1030,CHEMBL1988537,COc1ccc(cc1)C(=O)N2c3ccccc3Sc4c(Cl)cncc24,5.8
1035,CHEMBL1991143,Cc1ccc(cc1)n2nc(C)c3C(=O)c4cc(Cl)ccc4N(O)c23,5.3
1037,CHEMBL1998611,NC(=O)c1sc2c(Br)ccc(Cl)c2c1N,5.2
1039,CHEMBL1973098,COc1cc(C=C2SC(=S)NC2=O)ccc1O,5.1
1041,CHEMBL2006778,CNC(=O)C=Cc1cnc(N)c2c(csc12)c3cc(F)c4[nH]c(C)cc4c3,5.8
1043,CHEMBL1996979,Fc1cccc(F)c1C(=O)Nc2cnc3[nH]cc(c4ccccc4)c3c2,5.3
1045,CHEMBL1968406,CCc1cccc(NC(=O)Nc2ccc3c(CCc4sc5ncnc(N)c5c34)c2)c1,5.2
1053,CHEMBL1967094,Clc1ccc(CNC(=O)c2cc3c(n[nH]c3s2)c4ccccc4)cc1,6.1
1054,CHEMBL1966035,CC(NC1=C(Nc2ccncc2)C(=O)C1=O)c3ccccc3,5.2
1056,CHEMBL1982992,Oc1cccc(Nc2ncnc3scc(Cl)c23)c1,5.2
1059,CHEMBL1972276,CCN(CC)CCCNc1cccc(n1)c2nc3c(cccc3[nH]2)C(=O)N,5.1
1060,CHEMBL1980489,Clc1ccc(CNC2=C(Nc3ccncc3)C(=O)C2=O)cc1,5.1
1061,CHEMBL1967116,Cc1cccc(NC(=O)Nc2ccc(cc2)c3csc4c(cnc(N)c34)c5cnn(C)c5)c1,5.4
1062,CHEMBL2000832,COc1cc(ccc1O)c2ccc3C(=O)Nc4cc(ccc4Nc3c2)C(=O)NCc5cccc(F)c5,6.0
1065,CHEMBL1965660,NC(=O)c1cc([nH]c1c2ccc(Cl)cc2Cl)c3ccnc(N)n3,5.2
1066,CHEMBL1985309,NC(=O)c1cccc2[nH]c(nc12)c3cccc(NCCN4CCCC4)n3,5.3
1069,CHEMBL1980896,Nc1ncnc2sc(Br)c(c3ccc(NC(=O)Cc4cccc(Cl)c4)cc3)c12,5.3
1071,CHEMBL1970104,CC(C)(C)c1ccc2nc([nH]c2c1)c3n[nH]c4ccccc34,5.3
1078,CHEMBL1967302,NC(COc1cncc(c1)c2ccc3NC(=O)Cc3c2)Cc4c[nH]c5ccccc45,5.1
1079,CHEMBL398951,N#Cc1ccc(cn1)c2n[nH]c3c2Cc4ccc(OCCCCN5CCOCC5)cc34,5.2
1080,CHEMBL1982506,COc1cc2cnc3C(=O)NC(=O)c3c2cc1OC,5.5
1081,CHEMBL2004716,CCN(CC)CCNC(=O)C=Cc1cnc(N)c2c(csc12)c3ccc(NC(=O)Nc4cccc(C)c4)cc3,5.3
1083,CHEMBL1975233,COc1cc(C)c(Cl)cc1NC(=O)Nc2cnc(cn2)C#N,5.5
1089,CHEMBL1976090,Nc1ncnc2c1sc3ncnc(N)c23,5.7
1090,CHEMBL1993243,CNC(=O)C=Cc1cnc(N)c2c(csc12)c3ccc4OCOc4c3,5.3
1091,CHEMBL1992922,OCC(CO)Nc1ncnc2[nH]cc(c3ccccc3)c12,6.1
1092,CHEMBL2004771,O=C1NCc2c1cccc2c3ccc(Nc4oc5ccccc5n4)cc3,5.8
1094,CHEMBL1969537,S=C1NN=C2N1C3=NNC(=S)N3c4sc5CCCc5c24,5.4
1101,CHEMBL2004892,CS(=O)(=O)Nc1ccc(cc1)c2ccc3[nH]nc(N)c3c2,5.1
1105,CHEMBL1990821,Cc1cc(C)c(C)c(OCCCc2c([nH]c3c(cccc23)c4ccccc4C)C(=O)O)c1,5.0
1115,CHEMBL1966722,OC(C(=O)NNC(=S)Nc1ccc(Cl)cc1)(c2ccccc2)c3ccccc3,5.8
1116,CHEMBL1975500,COc1cc(ccc1O)c2ccc3C(=O)Nc4cc(ccc4Nc3c2)C(=O)NCCNC(=O)C,6.2
1118,CHEMBL1996831,OC(=O)c1c2CCC(=C3CCCC3)c2nc4ccccc14,5.6
1119,CHEMBL411903,Nc1ncnc2NCCC(=Nc12)c3ccc(NC(=O)Nc4cc(ccc4F)C(F)(F)F)cc3,5.1
1120,CHEMBL1965988,Cc1cccc(NC(=O)Nc2ccc(cc2)c3csc4c(cnc(N)c34)C#CCN)c1,5.3
1122,CHEMBL1989646,Cc1c(nnn1Cc2ccccc2)c3ccc4[nH]nc(N)c4c3,6.3
1123,CHEMBL225519,O=C1NCCc2[nH]c(cc12)c3ccncc3,6.0
1127,CHEMBL1970522,COc1cc(C=C2SC(=Nc3ccccc3)NC2=O)ccc1O,5.3
1139,CHEMBL482967,Cc1nc(N)sc1c2ccnc(Nc3ccc(cc3)N4CCOCC4)n2,7.1
1143,CHEMBL458997,CNC(=O)c1ccccc1Nc2nc(Nc3ccc(cc3OC)N4CCOCC4)ncc2Cl,6.1
1144,CHEMBL1965836,Cc1n[nH]c2ccc(cc12)c3cncc(OCC(N)Cc4cccc(OC(F)(F)F)c4)c3,5.3
1147,CHEMBL1974310,NC(=O)c1cc2c(cncc2s1)c3ccc(F)cc3,5.1
1149,CHEMBL1994693,Nc1ncnc2sc3CCc4cc(NC(=O)Nc5ccccc5)ccc4c3c12,5.4
1150,CHEMBL1982957,NC(=O)c1cccc(c1)c2cnc3[nH]cc(c4ccccc4)c3c2,5.9
1151,CHEMBL1725279,Oc1c2ccccc2c3N=Nc4cccc1c34,6.1
1152,CHEMBL1975138,OC(C(=O)NNC(=S)Nc1ccc(F)cc1)(c2ccccc2)c3ccccc3,5.3
1157,CHEMBL2003271,NC(=O)c1sc2ccc(Cl)c(Cl)c2c1NC(=O)c3ccc(Cl)cc3,5.3
1160,CHEMBL1983111,CC(=O)NCC(=O)N1C2CCC1c3cc(Nc4ncc(c(NC5CCC5)n4)C(F)(F)F)ccc23,7.1
1161,CHEMBL1973860,OCCNc1cc2cc(ccc2cn1)c3ccsc3,5.5
1163,CHEMBL260135,Nc1n[nH]c2nnc(c3ccccc3)c(c4ccccc4)c12,5.0
1167,CHEMBL1989569,CN(C)CCOc1cccc(c1)c2nc3c(cccc3[nH]2)C(=O)N,5.2
1169,CHEMBL1988300,Nc1ccc(cc1)c2csc3c(C=Cc4nc5ccccc5[nH]4)cnc(N)c23,5.1
1170,CHEMBL1991078,COc1ccc(cc1OC)C(=O)Nc2n[nH]c3ccc(cc23)c4cn(Cc5ccccc5)nn4,5.9
1172,CHEMBL565612,CN1CCN(CC1)c2nc(C3=C(C(=O)NC3=O)c4c[nH]c5ccccc45)c6ccccc6n2,5.6
1176,CHEMBL1969502,O=C(Nc1cc2C(=O)NN=Cc3c[nH]c(c1)c23)C4CC4c5ccccc5,7.1
1179,CHEMBL1997764,COc1ccc(cc1)C(=O)Nc2cnc3[nH]cc(c4ccccc4)c3c2,5.0
1187,CHEMBL223367,OCCCc1cc2OCCCCCOc3nc(NC(=O)Nc2cc1Cl)cnc3C#N,6.3
1191,CHEMBL443962,COc1ccc(cc1)c2cnc3c(Br)cnn3c2,5.1
1192,CHEMBL2000354,COc1ccc(C=C2SC(=Nc3ccccc3)NC2=O)cc1O,5.3
1193,CHEMBL1965507,Cc1cccc(NC(=O)Nc2ccc(NC(=O)c3csc4ncnc(N)c34)cc2)c1,7.5
1196,CHEMBL592030,NCCCn1cc(c2cc(c3cc4ccccc4s3)c5[nH]ncc5c2)c6nc(N)ncc16,7.1
1197,CHEMBL2000071,OCCCNc1ncnc2[nH]cc(c3ccccc3)c12,5.7
1200,CHEMBL248757,Clc1cc2NC(=O)Nc3cnc(C#N)c(OCCCCOc2cc1NCc4cncs4)n3,6.9
1202,CHEMBL1994538,FC(F)(F)c1cccc2c(NC(=O)Nc3cnccn3)ccnc12,5.6
1218,CHEMBL1974288,OCC(NC(=O)c1ccc(cc1)c2ccncc2)c3ccccc3,5.3
1223,CHEMBL1966343,CC(C)Cc1cc(on1)c2ccc3[nH]nc(N)c3c2,5.4
1228,CHEMBL1084546,CN(c1ncccc1CNc2nc(Nc3ccc4NC(=O)Cc4c3)ncc2C(F)(F)F)S(=O)(=O)C,5.3
1230,CHEMBL1974328,Cc1cccc(Nc2nc(NC3CCCCC3N)cnc2C(=O)N)c1,5.4
1235,CHEMBL1972576,Cc1ccc(NC(=O)Nc2ccc(NC(=O)c3csc4ncnc(N)c34)cc2)cc1,7.3
1236,CHEMBL1990254,NCC(NC(=O)c1ccc(cc1)c2ccncc2)c3ccccc3,6.0
1238,CHEMBL1992342,CCCS(=O)(=O)Nc1ccc(cc1)c2ccc3[nH]nc(N)c3c2,5.2
1239,CHEMBL1988173,Cc1cc(Cl)ccc1NC(=S)NNC(=O)C(O)(c2ccccc2)c3ccccc3,5.5
1248,CHEMBL1241473,COc1cc(Nc2ncc(c(Nc3ccccc3C(=O)N)n2)[N+](=O)[O-])cc(OC)c1OC,6.2
1249,CHEMBL1978448,CS(=O)(=O)N(Cc1ccc2NC(=O)c3cccn3c2c1)C4CC4,6.7
1252,CHEMBL2001257,CCN(CC)CC#Cc1cnc(N)c2c(csc12)c3ccc(NC(=O)Nc4cccc(C)c4)cc3,5.3
1254,CHEMBL1987793,Cc1ccccc1c2c(C(=O)O)n(CCCOc3cccc4ccccc34)c5ccccc25,5.3
1258,CHEMBL2003871,CCN1C(=N)N(CC(=O)c2ccc(Br)cc2)c3cccc(CC)c13,5.7
1260,CHEMBL1967531,Nc1ncnc2scc(c3ccc(NC(=O)Nc4ccccc4)cc3)c12,5.1
1267,CHEMBL1985095,NC(=O)Cn1cc(c2cc(c3cc4ccccc4s3)c5[nH]ncc5c2)c6nc(N)ncc16,5.7
1272,CHEMBL1976420,CCc1c([nH]c2nccnc12)c3ccc(cc3)C(C)(C)O,5.2
1274,CHEMBL2002446,CN1CCN(Cc2ccc3c(Cc4c(n[nH]c34)c5csc(c5)C#CCOCC6CC6)c2)CC1,5.1
1279,CHEMBL1973540,O=C1Nc2ccc3ncsc3c2C1=CNc4ccc(cc4)S(=O)(=O)Nc5ccccn5,7.9
1280,CHEMBL1977346,Ic1cc2C(=O)Nc3ccccc3Nc2nn1,5.8
1286,CHEMBL1969190,COc1ccc(c2ccc(NC(=O)Nc3cc(F)cc(F)c3)cc2)c4c(N)noc14,5.1
1287,CHEMBL1973937,Cc1ccc(c2ccc(NC(=O)Nc3cccc(Br)c3)cc2)c4c(N)n[nH]c14,5.5
1289,CHEMBL1991674,OC1CCC(CC1)Nc2cc(Cl)nc(n2)c3c[nH]c4ncccc34,5.9
1290,CHEMBL1982711,NC(=O)c1ccc(cc1)c2c[nH]c3nccc(Cl)c23,6.8
1291,CHEMBL1987982,FC(F)(F)Oc1ccc(cc1)c2ccc3[nH]cc(C4=CCNCC4)c3c2,5.1
1293,CHEMBL1994241,COc1cc(C=C(C#N)c2nc3ccccc3[nH]2)c(Br)cc1O,5.5
1294,CHEMBL1966143,CC1=NN(C(=O)C1=Cc2c(C)cc3nc4ccccc4n3c2O)c5ccc(cc5)C(=O)O,5.3
1295,CHEMBL223460,CS(=O)(=O)Nc1cc2OCCCCCOc3nc(NC(=O)Nc2cc1Cl)cnc3C#N,6.4
1297,CHEMBL50894,[O-][N+](=O)c1ccc2[nH]c3c(CC(=O)Nc4ccccc34)c2c1,6.8
1298,CHEMBL1988838,Cc1cnc(Nc2cccc(c2)S(=O)(=O)N)nc1Nc3ccc(OCC(=O)N)cc3,5.2
1303,CHEMBL1965570,Nc1ncc(c2cocc2)c3scc(c4ccc(NC(=O)Nc5ccccc5F)cc4)c13,5.1
1306,CHEMBL1082440,CC1CNCCCN1S(=O)(=O)c2cccc3cncc(C)c23,7.1
1311,CHEMBL1965845,COc1cccc(c1)C(C)NC(=O)N2CCC(=CC2)c3c[nH]c4ncccc34,5.8
1314,CHEMBL1990482,NC(=O)c1cccc2[nH]c(nc12)c3ccncc3,7.6
1317,CHEMBL2005475,O=C(NCC1CCCCC1)c2cc3c(n[nH]c3s2)c4ccccc4,6.2
1321,CHEMBL220057,Cc1cccc(NC(=O)Nc2ccc(cc2)c3cccc4[nH]nc(N)c34)c1,5.4
1322,CHEMBL1682545,N(c1ccccc1)c2nc(cs2)c3ccc4[nH]ncc4c3,5.2
1327,CHEMBL1964937,OCC(NC(=O)N1CCC(=CC1)c2c[nH]c3ncccc23)c4ccccc4,5.8
1333,CHEMBL1974870,Cc1n[nH]c2ccc(cc12)c3cncc(OCC(N)Cc4cccc(Cl)c4)c3,5.8
1334,CHEMBL2002702,Cc1cc(C)c(C=C2C(=O)Nc3ccccc23)[nH]1,5.6
1335,CHEMBL1970903,Cc1n[nH]c2ccc(cc12)c3cncc(OCC(N)Cc4c[nH]c5ccccc45)c3,5.4
1336,CHEMBL1969523,CC(NC1=C(Nc2ccnc(Nc3cccc(C)c3)n2)C(=O)C1=O)C(C)(C)C,6.5
1348,CHEMBL2001751,NC(COc1cncc(c1)c2ccc3NC(=O)C(=Cc4occc4)c3c2)Cc5c[nH]c6ccccc56,6.8
1357,CHEMBL2007002,COc1cc(ccc1O)c2ccc3[nH]nc(C(=O)Nc4ccccc4)c3c2,5.2
1359,CHEMBL1987007,CN1CCC(CC1)NC(=O)c2cc3c(n[nH]c3s2)c4ccccc4,6.7
1360,CHEMBL1969588,Clc1cc(cc(NCc2ccccc2)n1)c3c[nH]c4ncccc34,5.7
1361,CHEMBL1967878,CN1CCN(CC1)c2ccc(Nc3ncc(F)c(NC4C5CC(C=C5)C4C(=O)N)n3)cc2C,7.8
1366,CHEMBL1986499,Nc1n[nH]c2ccc(cc12)c3nnn(Cc4ccccc4)c3c5ccc(F)cc5,5.7
1369,CHEMBL2000393,Fc1ccc2ncn(c3ncc4NC(=O)N(C5CCOc6c(F)cccc56)c4n3)c2c1,5.6
1372,CHEMBL1242373,Cc1cccc(NC(=O)Nc2ccc3c(CCc4sc5ncnc(N)c5c34)c2)c1,5.5
1377,CHEMBL2001239,Nc1ncnc(Nc2cc(CNC(=O)C(F)(F)F)c(O)c(c2)c3ccc(Cl)cc3)n1,5.2
1378,CHEMBL1988594,Nc1ncnc2scc(C(=O)Nc3ccc(NC(=O)Nc4ccccc4)cc3)c12,7.1
1380,CHEMBL253969,NC(=O)c1c(NC(=O)NCCCCN2CCCC2)snc1OCc3c(F)cc(Br)cc3F,5.2
1381,CHEMBL1999811,Oc1ccc(C=NNC(=O)Nc2cccc3nsnc23)c(O)c1,5.6
1382,CHEMBL1985074,CSc1ccc2nc3C(=O)NCCc3c(Cl)c2c1,5.4
1388,CHEMBL396523,OC(=O)c1ccccc1Nc2ccnc(Nc3ccc4[nH]ncc4c3)n2,6.1
1390,CHEMBL1970203,Cc1cc(C)cc(NC(=O)Nc2ccc(NC(=O)c3csc4ncnc(N)c34)cc2)c1,6.3
1398,CHEMBL1971029,CNS(=O)(=O)c1ccccc1Nc2nc(Nc3cc(ccc3OC)N4CCN(CC4)C(=O)C)ncc2Br,6.2
1400,CHEMBL226471,Fc1ccccc1c2cc(ccn2)c3cc4C(=O)NCCc4[nH]3,5.9
1401,CHEMBL1996111,CN(C)C(=O)c1c(nnn1Cc2ccccc2)c3ccc4[nH]ncc4c3,5.8
1405,CHEMBL474432,COc1cc2ncn(c3cc(OCc4ccccc4C(F)(F)F)c(s3)C(=O)O)c2cc1OC,6.6
1409,CHEMBL1988437,CNC(=O)c1ccccc1Sc2ccc3c(C=Cc4ccccn4)n[nH]c3c2,6.6
1410,CHEMBL1998121,NCCC(C(=O)Nc1ccc2[nH]ncc2c1)c3ccc(Cl)c(Cl)c3,6.4
1411,CHEMBL1979577,Cc1cccc(NC(=O)Nc2ccc(cc2)c3csc4c(cnc(N)c34)C#CC(C)(C)N)c1,5.1
1416,CHEMBL1996817,CCCCOc1ncnc2[nH]cc(c3ccccc3)c12,6.2
1418,CHEMBL483158,COc1cccc(F)c1C2=NCc3cnc(Nc4ccc(C(=O)O)c(OC)c4)nc3c5ccc(Cl)cc25,5.7
1421,CHEMBL1990885,CCN(CC)CCNC(=O)c1c(C)[nH]c(C=C2C(=O)Nc3ccc(F)cc23)c1C,6.8
1425,CHEMBL41783,CN(C)CCCC(=O)Nc1n[nH]c2nnc(cc12)c3cccc(F)c3F,5.1
1434,CHEMBL1998414,Cc1n[nH]c2sc(cc12)C(=O)NCCc3ccc(Cl)cc3,5.1
1436,CHEMBL2000345,COc1cc(C=C(C#N)c2nc3cc(C)ccc3[nH]2)c(Br)cc1O,5.5
1437,CHEMBL1999931,O=C(Nc1n[nH]c2ccc(cc12)c3cn(Cc4ccccc4)nn3)c5ccccc5,5.9
1439,CHEMBL2007064,Cc1[nH]c(C=C2C(=O)Nc3ccccc23)c(C)c1CCC(=O)O,6.3
1440,CHEMBL1981047,COC(C(=O)N1Cc2[nH]nc(NC(=O)c3ccc(cc3)N4CCN(C)CC4)c2C1)c5ccccc5,6.4
1441,CHEMBL1991063,Cc1n[nH]c2ccc(cc12)c3cncc(OCC(N)Cc4ccc(Cl)c(Cl)c4)c3,5.5
1445,CHEMBL1987009,COc1cccc(CNC(=O)c2cc3c(n[nH]c3s2)c4ccccc4)c1,5.6
1446,CHEMBL2002726,Cc1n[nH]c2ccc(cc12)c3cncc(OCC(N)Cc4ccccc4)c3,5.9
1447,CHEMBL2003817,FC(F)(F)c1ccc2c(NC(=O)Nc3cnccn3)ccnc2c1,5.0
1449,CHEMBL226403,O=C1NCCc2[nH]c(cc12)c3ccnc(c3)c4cnc5ccccc5c4,5.6
1450,CHEMBL2005631,CNC(=O)c1cnc(N)c2c(csc12)c3ccc(NC(=O)Nc4cc(C)ccc4F)cc3,5.6
1451,CHEMBL1994938,Nc1ncc(C=CC(=O)NCCCn2ccnc2)c3scc(c4ccc(Br)cc4)c13,6.2
1452,CHEMBL1977223,CCCC(=O)Nc1n[nH]c2ccc(cc12)c3cn(Cc4ccccc4)nn3,5.7
1456,CHEMBL1997846,Clc1cc(NC2CCCCC2)nc(n1)c3c[nH]c4ncccc34,5.7
1459,CHEMBL1994074,Brc1ccc2[nH]nc(c3ccccc3)c2c1,5.3
1465,CHEMBL1976455,FC(F)(F)c1ccc2nccc(NC(=O)Nc3cnccn3)c2c1,5.0
1466,CHEMBL1983923,CN1CCN(CC1)c2cc(Nc3cc(C)[nH]n3)nc(C=Cc4ccccc4)n2,5.3
1473,CHEMBL1682546,C(Nc1nc(cs1)c2ccc3[nH]ncc3c2)c4ccccc4,5.3
1477,CHEMBL1966514,Nc1ncc(c2cocc2)c3scc(c4ccc(NC(=O)Nc5cccc(F)c5)cc4)c13,5.1
1478,CHEMBL2003638,Fc1cccc(c1)C(=O)Nc2n[nH]c3ccc(cc23)c4cn(Cc5ccccc5)nn4,5.7
1481,CHEMBL1993722,Nc1n[nH]c2cccc(c3ccc(NC(=O)Nc4cc(ccc4F)C(=O)O)cc3)c12,5.1
1485,CHEMBL249282,N#Cc1ccc(cn1)c2n[nH]c3c2Cc4ccc(OCCN5CCOCC5)cc34,5.2
1487,CHEMBL1967720,CC(C)(C(=O)N)n1cc(cn1)c2cnc(N)c3c(csc23)c4ccc(NC(=O)Nc5cccc(F)c5)cc4,5.6
1492,CHEMBL1994526,CC(N)C1CCC(CC1)C(=O)Nc2ccncc2,5.4
1494,CHEMBL1996208,NNc1cc(nc(OCCc2ccccn2)n1)N3CCOCC3,5.1
1498,CHEMBL1965631,CN(C)CC(=O)Nc1n[nH]c2ccc(cc12)c3cn(Cc4ccccc4)nn3,5.3
1499,CHEMBL1980144,Cc1ccccc1NC(=O)Nc2ccc(NC(=O)c3csc4ncnc(N)c34)cc2,6.8
1507,CHEMBL1997617,CN1CCN(CC1)C2CCC(CC2)n3cc(c4ccc(Oc5ccccc5)cc4)c6c(N)ncnc36,5.5
1511,CHEMBL1966068,Brc1ccc(cc1)C2=NOC(=O)C2=Cc3ccc4OCOc4c3,5.0
1514,CHEMBL1980297,Nc1ncc(c2cnn(CCO)c2)c3scc(c4ccc(NC(=O)Nc5cccc(F)c5)cc4)c13,5.8
1517,CHEMBL1991285,Cc1cc(OCC2CCC(C2)C(=O)O)c(NC(=O)Nc3cnc(cn3)C#N)cc1Cl,5.2
1519,CHEMBL243088,OC(=O)c1ccccc1Nc2ccnc(Nc3cccc(O)c3)n2,5.4
1520,CHEMBL1993661,CNS(=O)(=O)c1ccccc1Nc2nc(Nc3cc(OC)c(OC)c(OC)c3)ncc2Cl,7.4
1522,CHEMBL2004615,CSc1nn(c(N)c1C(=O)N)c2ccccn2,5.1
1524,CHEMBL1980391,COc1cc2Nc3n[nH]c(C)c3N=C(c4ccccc4Cl)c2cc1F,5.9
