,molecule_chembl_id,canonical_smiles,pchembl_value
0,CHEMBL254597,Nc1cc(ccn1)c2cc3C(=O)NCCc3[nH]2,7.55
1,CHEMBL2322681,Cc1cc(cc(N[C@@H]2CC[C@@H](O)CC2)n1)c3c[nH]c4ncccc34,7.57
2,CHEMBL250693,O=C1NCc2[nH]c(cc12)c3ccncc3,7.57
3,CHEMBL495750,CC1Cc2[nH]c(cc2C(=O)N1)c3ccnc(N)n3,7.59
4,CHEMBL521003,C[C@H](NC1=NC(=O)\C(=C\c2c[nH]c3ncccc23)\S1)c4ccccc4,7.59
5,CHEMBL2348182,CNc1nccc(n1)n2ccc3ccc(cc23)C#N,7.6
6,CHEMBL497063,O=C1NC(=N/C/1=C\c2c[nH]c3ncccc23)N4CCCCC4,7.6
7,CHEMBL484988,CC(C)(C)CCNC1=N\C(=C/c2c[nH]c3ncccc23)\C(=O)N1,7.62
8,CHEMBL522398,Nc1nccc(n1)c2cc3C(=O)NCC(CCCOCc4ccccc4)c3[nH]2,7.62
9,CHEMBL251247,CCCCn1c2CCNC(=O)c2cc1c3ccnc(N)n3,7.64
10,CHEMBL1270424,COc1ccc(cc1)c2[nH]c(cc2C(=O)N)c3ccncc3,7.64
11,CHEMBL1270016,NC(=O)c1cc([nH]c1c2cccc(F)c2)c3ccncc3,7.64
12,CHEMBL1270230,NC(=O)c1cc([nH]c1c2ccccc2)c3ccnc(N)n3,7.66
13,CHEMBL1269728,NC(=O)c1cc([nH]c1c2cccs2)c3ccnc(N)n3,7.66
14,CHEMBL448860,C[C@H](NC1=N\C(=C/c2c[nH]c3ncccc23)\C(=O)N1)c4ccccc4,7.68
15,CHEMBL499637,O=C1NC(=N/C/1=C\c2c[nH]c3ncccc23)NC4CCCCC4,7.68
16,CHEMBL502296,O=C1NC(=N/C/1=C\c2c[nH]c3ncccc23)NCC4CCCO4,7.68
17,CHEMBL463118,Cc1c2CCCCc2nc3sc4c(N)ncnc4c13,7.7
18,CHEMBL463119,Cc1nc2sc3c(N)ncnc3c2c(C)c1CC=C,7.7
19,CHEMBL1203954,Cl.O=C1NCCc2[nH]c(cc12)c3ccncn3,7.7
20,CHEMBL3093075,Fc1ccccc1[C@H](Nc2oc(nn2)c3c[nH]c4ncccc34)C5CC5,7.7
21,CHEMBL525012,O=C1NC(=N/C/1=C\c2c[nH]c3ncccc23)NCc4ccccc4,7.7
22,CHEMBL512744,O=C1NCC(c2ccccc2)c3[nH]c(cc13)c4ccncc4,7.7
23,CHEMBL522578,Nc1nccc(n1)c2cc3C(=O)NCC(c4ccccc4)c3[nH]2,7.72
24,CHEMBL1271334,NC(=O)c1cc([nH]c1c2ccccc2)c3nc(N)ncc3F,7.75
25,CHEMBL526695,O=C1NC(=N/C/1=C\c2c[nH]c3ncccc23)NCCc4ccccc4,7.75
26,CHEMBL444760,O=C1NC(=N/C/1=C\c2c[nH]c3ncccc23)NCc4cccs4,7.75
27,CHEMBL2030395,Brc1ccc2oc3C(=O)NC(=Nc3c2c1)C4CCCNC4,7.82
28,CHEMBL2322680,Cc1cc(cc(NCc2ccccc2)n1)c3c[nH]c4ncccc34,7.82
29,CHEMBL525228,O=C1NC(=N/C/1=C\c2c[nH]c3ncccc23)NCc4occc4,7.82
30,CHEMBL1270122,NC(=O)c1cc([nH]c1c2ccc(F)cc2)c3ccncc3,7.85
31,CHEMBL398833,Nc1nccc(n1)c2cc3C(=O)NCCc3n2C4CCC4,7.85
32,CHEMBL253760,O=C1NCCc2[nH]c(cc12)c3ccnc4[nH]ccc34,7.85
33,CHEMBL445340,CC(C)C1CNC(=O)c2cc([nH]c12)c3ccnc(N)n3,7.89
34,CHEMBL400270,CC(C)Cn1c2CCNC(=O)c2cc1c3ccnc(N)n3,7.89
35,CHEMBL498717,CC(C)NC1=N\C(=C/c2c[nH]c3ncccc23)\C(=O)N1,7.89
36,CHEMBL502564,CC1CCC(CC1)NC2=N\C(=C/c3c[nH]c4ncccc34)\C(=O)N2,7.89
37,CHEMBL449148,CC1Cc2[nH]c(cc2C(=O)N1)c3ccncc3,7.89
38,CHEMBL2322679,Cc1cc(cc(NC2CCCCC2)n1)c3c[nH]c4ncccc34,7.89
39,CHEMBL2030391,OC(=O)C1CCN(CC2=Nc3c(oc4ccc(Br)cc34)C(=O)N2)C1,7.89
40,CHEMBL522717,CC(C)C1Cc2[nH]c(cc2C(=O)N1)c3ccnc(N)n3,7.92
41,CHEMBL398627,CCCn1c2CCNC(=O)c2cc1c3ccnc(N)n3,7.92
42,CHEMBL498200,Nc1nccc(n1)c2cc3C(=O)NCC(CCC(F)(F)F)c3[nH]2,7.92
43,CHEMBL496560,Nc1nccc(n1)c2cc3C(=O)NCC(CCCO)c3[nH]2,7.92
44,CHEMBL3670774,CCOC(=O)C1=C(O\C(=C/c2c[nH]c3ncccc23)\C1=O)N4CCC(C)CC4,7.96
45,CHEMBL2030390,CO[C@H]1CCN(CC2=Nc3c(oc4ccc(Br)cc34)C(=O)N2)C1,7.96
46,CHEMBL2030401,F[C@@H]1CN[C@@H](C1)C2=Nc3c(oc4ccc(Br)cc34)C(=O)N2,7.96
47,CHEMBL523902,Nc1nccc(n1)c2cc3C(=O)NC(Cc3[nH]2)C4CC4,7.96
48,CHEMBL497995,Nc1nccc(n1)c2cc3C(=O)NCC(C4CCC4)c3[nH]2,7.96
49,CHEMBL2348156,Nc1nccc(n1)n2cc(c3ccccc3Cl)c4cnccc24,7.96
50,CHEMBL513429,CC(C)C1CNC(=O)c2cc([nH]c12)c3ccncc3,8.0
51,CHEMBL484991,CC(C)NC1=NC(=O)\C(=C\c2c[nH]c3ncccc23)\S1,8.0
52,CHEMBL495947,CC1CNC(=O)c2cc([nH]c12)c3ccncc3,8.0
53,CHEMBL444981,CCc1c(C)nc2sc3c(N)ncnc3c2c1C,8.0
54,CHEMBL502268,Fc1ccccc1C2=CC(=NC(=O)N2)c3ccc4[nH]ncc4c3,8.0
55,CHEMBL2030387,N[C@H]1CCN(CC2=Nc3c(oc4ccc(Br)cc34)C(=O)N2)C1,8.0
56,CHEMBL526133,O=C1NC(=CC(=N1)c2ccc3[nH]ncc3c2)c4ccccc4,8.0
57,CHEMBL225519,O=C1NCCc2[nH]c(cc12)c3ccncc3,8.0
58,CHEMBL3670771,OC(=O)C1\C(=N\c2ccccc2)\O\C(=C/c3c[nH]c4ncccc34)\C1=O,8.0
59,CHEMBL2030399,O[C@H]1CN[C@@H](C1)C2=Nc3c(oc4ccc(Br)cc34)C(=O)N2,8.04
60,CHEMBL3670780,CCOC(=O)C1\C(=N\c2ccc(CN(C)C)cc2C)\O\C(=C/c3c[nH]c4ncccc34)\C1=O,8.05
61,CHEMBL253545,Fc1cnccc1c2cc3C(=O)NCCc3[nH]2,8.05
62,CHEMBL1269057,NC(=O)c1cc([nH]c1c2ccccc2)c3ccncc3,8.05
63,CHEMBL2348153,Nc1cc(ncn1)n2ccc3ccc(nc23)C#N,8.05
64,CHEMBL484990,O=C1N=C(NCc2ccccc2)S/C/1=C\c3c[nH]c4ncccc34,8.05
65,CHEMBL2322678,C1CCC(CC1)Nc2cc(ccn2)c3c[nH]c4ncccc34,8.06
66,CHEMBL495953,CC(C)CC1Cc2[nH]c(cc2C(=O)N1)c3ccnc(N)n3,8.1
67,CHEMBL3670789,CC(C)OC(=O)C1\C(=N\N2CCOCC2)\O\C(=C/c3c[nH]c4ncccc34)\C1=O,8.1
68,CHEMBL2030397,CC(N)C1=Nc2c(oc3ccc(Br)cc23)C(=O)N1,8.1
69,CHEMBL3670790,CCOC(=O)C1\C(=N\N2CCN(CC(F)(F)F)CC2)\O\C(=C/c3c[nH]c4ncccc34)\C1=O,8.1
70,CHEMBL248853,CCn1c2CCNC(=O)c2cc1c3ccnc(N)n3,8.1
71,CHEMBL1271441,NC(=O)c1cc([nH]c1c2ccccc2)c3ccncc3F,8.1
72,CHEMBL1270015,NC(=O)c1cc([nH]c1c2ccccc2F)c3ccncc3,8.1
73,CHEMBL2030392,Brc1ccc2oc3C(=O)NC(=Nc3c2c1)C4CNC4,8.11
74,CHEMBL2322673,N#Cc1cc(cc(NC2CCCCC2)n1)c3c[nH]c4ncccc34,8.11
75,CHEMBL2030376,O[C@H]1CCN(CC2=Nc3c(oc4ccc(Br)cc34)C(=O)N2)C1,8.11
76,CHEMBL2030398,CN1CCC[C@H]1C2=Nc3c(oc4ccc(Br)cc34)C(=O)N2,8.14
77,CHEMBL498207,Nc1nccc(n1)c2cc3C(=O)NCC(CCOCc4ccccc4)c3[nH]2,8.16
78,CHEMBL402272,Nc1nccc(n1)c2cc3C(=O)NCCc3[nH]2,8.16
79,CHEMBL2348154,Nc1nccc(n1)n2cc(c3cccnc3Cl)c4cnccc24,8.16
80,CHEMBL401396,O=C1NCCc2[nH]c(cc12)c3ccnc(Nc4ccccc4)n3,8.16
81,CHEMBL2030396,Brc1ccc2oc3C(=O)NC(=Nc3c2c1)C4CCNCC4,8.21
82,CHEMBL444154,CC(C)C1Cc2[nH]c(cc2C(=O)N1)c3ccncc3,8.22
83,CHEMBL459284,CC1CNC(=O)c2cc([nH]c12)c3ccnc(N)n3,8.22
84,CHEMBL459283,CCC1(CC)CNC(=O)c2cc([nH]c12)c3ccncc3,8.22
85,CHEMBL3670772,CCOC(=O)C1=C(O\C(=C/c2c[nH]c3ncccc23)\C1=O)N4CCCCCC4,8.22
86,CHEMBL2030403,COc1ccc2oc3C(=O)NC(=Nc3c2c1)[C@@H]4CCCN4,8.22
87,CHEMBL500662,O=C1NC(=CC(=N1)c2ccc3[nH]ncc3c2)c4cccc(OCc5ccccc5)c4,8.22
88,CHEMBL2030386,O[C@@H]1CCN(CC2=Nc3c(oc4ccc(Br)cc34)C(=O)N2)C1,8.26
89,CHEMBL2322675,O[C@@H]1CC[C@H](CC1)Nc2cc(cc(n2)C#N)c3c[nH]c4ncccc34,8.26
90,CHEMBL449372,CCC1(CC)CNC(=O)c2cc([nH]c12)c3ccnc(N)n3,8.3
91,CHEMBL526092,CCC1CNC(=O)c2cc([nH]c12)c3ccnc(N)n3,8.3
92,CHEMBL3670775,CCOC(=O)C1\C(=N\c2ccc(OCCO)cc2F)\C=C(Cc3c[nH]c4ncccc34)C1=O,8.3
93,CHEMBL463117,Cc1c2CCCc2nc3sc4c(N)ncnc4c13,8.3
94,CHEMBL505372,Cc1nc2sc3c(N)ncnc3c2c4CCCCc14,8.3
95,CHEMBL508883,Clc1cccc(c1)C2=CC(=NC(=O)N2)c3ccc4[nH]ncc4c3,8.3
96,CHEMBL1271442,NC(=O)c1cc([nH]c1c2ccccc2)c3nc(N)ncc3Cl,8.3
97,CHEMBL430021,Nc1nccc(n1)c2cc3C(=O)NCCc3n2CC(F)(F)F,8.3
98,CHEMBL451570,Nc1nccc(n1)c2cc3C(=O)NC[C@@H](CCF)c3[nH]2,8.3
99,CHEMBL525775,O=C1NC(Cc2[nH]c(cc12)c3ccncc3)C4CC4,8.3
100,CHEMBL2030393,Brc1ccc2oc3C(=O)NC(=Nc3c2c1)[C@@H]4CCCN4,8.32
101,CHEMBL3670788,CCOC(=O)C1=C(O\C(=C/c2c[nH]c3ncccc23)\C1=O)N4CCc5ccc(OC)cc5C4,8.4
102,CHEMBL3670778,CCOC(=O)C1=C(O\C(=C/c2c[nH]c3ncccc23)\C1=O)N4CCc5ccccc5C4,8.4
103,CHEMBL3670773,CCOC(=O)C1\C(=N\c2ccc3c[nH]nc3c2)\O\C(=C/c4c[nH]c5ncccc45)\C1=O,8.4
104,CHEMBL3670777,CN(C)CCOC(=O)C1\C(=N\c2ccc(F)cc2F)\O\C(=C/c3c[nH]c4ncccc34)\C1=O,8.4
105,CHEMBL449600,Cc1nc2sc3c(N)ncnc3c2c(C)c1C,8.4
106,CHEMBL2030404,F[C@H]1CN[C@@H](C1)C2=Nc3c(oc4ccc(Cl)cc34)C(=O)N2,8.4
107,CHEMBL253768,Nc1ncc(Br)c(n1)c2cc3C(=O)NCCc3[nH]2,8.4
108,CHEMBL451213,Nc1nccc(n1)c2cc3C(=O)NCC(CCO)c3[nH]2,8.4
109,CHEMBL250061,Nc1nccc(n1)c2cc3C(=O)NCCc3n2CC4CC4,8.4
110,CHEMBL3670784,O=C1C\C(=N\C2CCCCCC2)\O/C/1=C\c3c[nH]c4ncccc34,8.4
111,CHEMBL484146,O=C1N=C(NCc2occc2)S/C/1=C\c3c[nH]c4ncccc34,8.4
112,CHEMBL2030405,COc1ccc2oc3C(=O)NC(=Nc3c2c1)[C@@H]4C[C@@H](F)CN4,8.41
113,CHEMBL2030389,Brc1ccc2oc3C(=O)NC(=Nc3c2c1)CN4CCCC4,8.43
114,CHEMBL2030400,F[C@H]1CN[C@@H](C1)C2=Nc3c(oc4ccc(Br)cc34)C(=O)N2,8.43
115,CHEMBL3818047,Clc1ccc(cc1)C(=O)CCCN2CCc3ccccc3C2,8.45
116,CHEMBL2030402,Clc1ccc2oc3C(=O)NC(=Nc3c2c1)[C@@H]4CCCN4,8.47
117,CHEMBL2322684,N[C@@H]1CC[C@H](CC1)Nc2cc(cc(F)n2)c3c[nH]c4ncccc34,8.47
118,CHEMBL2322682,Fc1cc(cc(NC2CCCCC2)n1)c3c[nH]c4ncccc34,8.5
119,CHEMBL496772,CC(C)CC1Cc2[nH]c(cc2C(=O)N1)c3ccncc3,8.52
120,CHEMBL3670782,CC(C)OC(=O)C1\C(=N\c2ccc(OCCO)cc2C)\O\C(=C/c3c[nH]c4ncccc34)\C1=O,8.52
121,CHEMBL459285,CC1(C)CNC(=O)c2cc([nH]c12)c3ccncc3,8.52
122,CHEMBL3670781,CCOC(=O)C1C(=O)\C(=C\c2c[nH]c3ncccc23)\O/C/1=N\N4CCOCC4,8.52
123,CHEMBL3670779,CCOC(=O)C1\C(=N\c2ccc(NCCO)cc2C)\O\C(=C\c3c[nH]c4ncccc34)\C1=O,8.52
124,CHEMBL3670783,COCCOC(=O)C1\C(=N\c2ccccc2Cl)\O\C(=C\c3c[nH]c4ncccc34)\C1=O,8.52
125,CHEMBL501724,Cc1cc(ccc1O)C2=NC(=O)NC(=C2)c3ccccc3,8.52
126,CHEMBL510238,Cc1nc2sc3c(N)ncnc3c2c4CCCc14,8.52
127,CHEMBL443669,Nc1nccc(n1)c2cc3C(=O)NCC(CCF)c3[nH]2,8.52
128,CHEMBL250062,Nc1nccc(n1)c2cc3C(=O)NCCc3n2CCF,8.52
129,CHEMBL509776,O=C1NCC(C2CCC2)c3[nH]c(cc13)c4ccncc4,8.52
130,CHEMBL3670776,OCCCOC(=O)C1\C(=N\c2ccc(F)cc2)\O\C(=C\c3c[nH]c4ncccc34)\C1=O,8.52
131,CHEMBL496961,CC1(C)CNC(=O)c2cc([nH]c12)c3ccnc(N)c3,8.7
132,CHEMBL495757,CCC1CNC(=O)c2cc([nH]c12)c3ccncc3,8.7
133,CHEMBL3670770,CCOC(=O)C1\C(=N\c2ccccc2Cl)\O\C(=C\c3c[nH]c4ncccc34)\C1=O,8.7
134,CHEMBL3670785,Cc1cc(F)ccc1\N=C\2/CC(=O)\C(=C/c3c[nH]c4ncccc34)\O2,8.7
135,CHEMBL447369,FCCC1CNC(=O)c2cc([nH]c12)c3ccncc3,8.7
136,CHEMBL1271443,NC(=O)c1cc([nH]c1c2ccccc2)c3nc(N)ncc3Br,8.7
137,CHEMBL524266,Nc1nccc(n1)c2cc3C(=O)NC[C@H](CCF)c3[nH]2,8.7
138,CHEMBL399492,O=C1NCCc2[nH]c3c(ccc4cnccc34)c12,8.7
139,CHEMBL2322683,O[C@@H]1CC[C@H](CC1)Nc2cc(cc(F)n2)c3c[nH]c4ncccc34,8.77
140,CHEMBL2322674,N#Cc1cc(cc(NCc2ccccc2)n1)c3c[nH]c4ncccc34,8.85
141,CHEMBL3670787,Cc1ccsc1C\N=C/2\CC(=O)\C(=C/c3c[nH]c4ncccc34)\O2,9.0
142,CHEMBL3670786,O=C1C\C(=N\c2ccc3[nH]ncc3c2)\O/C/1=C\c4c[nH]c5ncccc45,9.0
143,CHEMBL2322677,Clc1cc(cc(NC2CCCCC2)n1)c3c[nH]c4ncccc34,9.05
144,CHEMBL1983595,Clc1cccc(c1)C(=O)Nc2n[nH]c3ccc(cc23)c4cn(Cc5ccccc5)nn4,9.1
145,CHEMBL1999931,O=C(Nc1n[nH]c2ccc(cc12)c3cn(Cc4ccccc4)nn3)c5ccccc5,9.3
146,CHEMBL2062937,CN(C)[C@@H]1CC[C@H](CC1)Nc2nc(Cl)cc(n2)c3c[nH]c4ncccc34,9.5
147,CHEMBL1958408,O=C1NC(=CC(=C1)c2c[nH]c3ncccc23)NC4CCCCC4,9.55
148,CHEMBL2062936,O[C@@H]1CC[C@H](CC1)Nc2nc(Cl)cc(n2)c3c[nH]c4ncccc34,9.8
