,molecule_chembl_id,canonical_smiles,pchembl_value
0,CHEMBL2013060,C1CN(CCN1)c2cccc(Nc3ncc(s3)c4ccccc4)n2,7.59
1,CHEMBL221428,C(N1CCOCC1)c2ccc3[nH]c(cc3c2)c4n[nH]c5cc(ccc45)c6cn[nH]c6,7.6
2,CHEMBL428690,CN1CC[C@@H]([C@H](O)C1)c2c(O)cc(O)c3C(=O)C=C(Oc23)c4ccccc4Cl,7.64
3,CHEMBL3823659,CC(=O)N1CCC(CC1)n2cc(Nc3ncc(Cl)c(n3)c4cnc5ccccn45)cn2,7.68
4,CHEMBL424696,C1CCC(CC1)Oc2nccc(n2)c3cnc(Nc4ccccn4)s3,7.7
5,CHEMBL415055,C(N1CCCCC1)c2ccc3[nH]c(cc3c2)c4n[nH]c5cc(ccc45)c6cnsc6,7.75
6,CHEMBL2148120,Cc1nc(Nc2nc3ccc(nc3s2)c4cccc(c4)C(=O)Nc5cccc(c5)C(F)(F)F)cc(n1)N6CCNCC6,7.89
7,CHEMBL374413,N#Cc1ccc2c(n[nH]c2c1)c3cc4cc(CN5CCOCC5)ccc4[nH]3,7.96
8,CHEMBL574738,CCN1CCN(Cc2ccc(NC(=O)Nc3ccc(Oc4cc(NC)ncn4)cc3)cc2C(F)(F)F)CC1,8.34
9,CHEMBL1230609,COc1cc2c(Oc3ccc(NC(=O)C4(CC4)C(=O)Nc5ccc(F)cc5)cc3F)ccnc2cc1OCCCN6CCOCC6,8.43
10,CHEMBL3603847,CN(C)C\C=C\C(=O)Nc1ccc(cc1)C(=O)Nc2cccc(Nc3ncc(Cl)c(n3)c4c[nH]c5ccccc45)c2,8.5
11,CHEMBL445813,Clc1cccc(Cl)c1C(=O)Nc2c[nH]nc2C(=O)NC3CCNCC3,8.55
12,CHEMBL384304,COc1ccc(F)c(F)c1C(=O)c2cnc(NC3CCN(CC3)S(=O)(=O)C)nc2N,9.24
