,molecule_chembl_id,canonical_smiles,pchembl_value
0,ponatinib,CN1CCN(CC2=CC=C(NC(=O)C3=CC=C(C)C(=C3)C#CC3=CN=C4C=CC=NN34)C=C2C(F)(F)F)CC1,8.17000008
1,CHEMBL3797823,CC(C)n1cc(cn1)c2ccc(cc2)c3cnc(N)c(Cl)c3N4CCC5(CCNC5=O)CC4,7.53
2,CHEMBL3798294,CN(C)CCn1cc(cn1)c2ccc(cc2)c3cncc(Cl)c3N4CCC5(CCNC5=O)CC4,7.55
3,CHEMBL3828120,Cn1cc(cn1)c2ccc(cc2)c3cncc4ccc(nc34)C(=O)N5CCOCC5,7.56
4,CHEMBL3798318,Clc1cncc(c2ccc(cc2)c3cnn(CCN4CCCC4)c3)c1N5CCC6(CCNC6=O)CC5,7.57
5,CHEMBL3775773,Cn1cc(cn1)c2ccc(Cc3n[nH]c4ccc(cc34)C(=O)N5CCC(F)(F)C5)cc2,7.57
6,CHEMBL3775134,Cn1cc(cn1)c2ccc(Cc3n[nH]c4ccc(cc34)C(=O)N5CC(F)(F)C5)cc2,7.6
7,CHEMBL3827605,Cn1cc(cn1)c2ccc(cc2)c3cnc(N)c4ccc(cc34)N5CCOC5=O,7.62
8,CHEMBL3827586,COC1(C)CN(C1)C(=O)c2ccc3c(N)ncc(c4ccc(cc4)c5cnn(C)c5)c3c2,7.64
9,CHEMBL3827758,COC1CN(C1)C(=O)c2ccc3c(N)ncc(c4ccc(cc4)c5cnn(C)c5)c3c2,7.68
10,CHEMBL3798430,Cc1nc(cn1C)c2ccc(cc2)c3cncc(Cl)c3N4CCC5(CCNC5=O)CC4,7.69
11,CHEMBL3800307,Cn1cc(cn1)c2ccc(cc2)c3cncc(F)c3N4CCC5(CC4)CNC(=O)O5,7.69
12,CHEMBL3827874,Cn1cc(cn1)c2ccc(cc2)c3cnc(N)c4ccc(cc34)C(=O)N5CC(C)(F)C5,7.7
13,CHEMBL3828689,Cn1cc(cn1)c2ccc(cc2)c3cncc4ccc(cc34)C(=O)N5CC(F)(F)C5,7.71
14,CHEMBL3774959,COC1CN(C1)C(=O)c2ccc3[nH]nc(Cc4ccc5c(cnn5C)c4)c3c2,7.75
15,CHEMBL3827904,Cn1cc(cn1)c2ccc(cc2)c3cnc(N)c4ccc(cc34)C(=O)N5CC(F)(F)C5,7.75
16,CHEMBL3827944,CC(=O)Nc1ccc2cncc(c3ccc(cc3)c4cnn(C)c4)c2n1,7.76
17,CHEMBL3798611,CN1C(=O)NC(=O)C12CCN(CC2)c3c(Cl)cncc3c4ccc(cc4)c5cnn(C)c5,7.76
18,CHEMBL3798419,CC(C)(O)Cn1cc(cn1)c2ccc(cc2)c3cnc(N)c(Cl)c3N4CCC5(CCNC5=O)CC4,7.79
19,CHEMBL3828370,COC1CN(C1)C(=O)c2ccc3cncc(c4ccc(cc4)c5cnn(C)c5)c3c2,7.8
20,CHEMBL3828572,Cn1cc(cn1)c2ccc(cc2)c3cncc4ccc(cc34)c5occn5,7.8
21,CHEMBL3797212,Cn1cc(cn1)c2ccc(cc2)c3cncc(c3N4CCC5(CCNC5=O)CC4)C(F)(F)F,7.83
22,CHEMBL3800432,CN1c2ccc(cc2CS1(=O)=O)c3cncc(Cl)c3N4CCC5(CC4)OC(=O)NC5(C)C,7.85
23,CHEMBL3775384,Cn1cc(cn1)c2ccc(Cc3n[nH]c4ccc(cc34)C(=O)N5CCCCC5)cc2,7.89
24,CHEMBL3827053,Cn1cc(cn1)c2ccc(cc2)c3cncc4ccc(nc34)C(=O)N5CC(F)(F)C5,7.9
25,CHEMBL3798129,CN1c2ccc(cc2CS1(=O)=O)c3cncc(Cl)c3N4CCC5(CC4)C(=O)NN=C5C(F)(F)F,7.92
26,CHEMBL3798568,Cn1cc(cn1)c2ccc(cc2)c3cnc(N)c(c3N4CCC5(CC4)CNC(=O)O5)C(F)(F)F,7.92
27,CHEMBL3799073,Cn1ncc2cc(ccc12)c3cnc(N)c(Cl)c3N4CCC5(CC4)CNC(=O)O5,7.94
28,CHEMBL3828575,CNC(=O)c1ccc2cncc(c3ccc4NS(=O)(=O)Cc4c3)c2n1,7.95
29,CHEMBL3774885,Cn1cc(cn1)c2ccc(Cc3n[nH]c4ccc(cc34)C(=O)N5CCOCC5)cc2,7.96
30,CHEMBL3828084,Cn1cc(cn1)c2ccc(cc2)c3cnc(N)c4ccc(nc34)C(=O)N5CCC5,7.97
31,CHEMBL3799742,Cn1cc(cn1)c2ccc(cc2)c3cncc(Cl)c3N4CCC5(CC4)CNC(=O)O5,7.97
32,CHEMBL3798886,CN(C)CCC1(CCN(CC1)c2c(Cl)cncc2c3ccc4N(C)S(=O)(=O)Cc4c3)C#N,7.98
33,CHEMBL3828523,Cn1cc(cn1)c2ccc(cc2)c3cncc4ccc(nc34)C(=O)N5CCCC5,8.0
34,CHEMBL3828286,Cn1cc(cn1)c2ccc(cc2)c3cnc(N)c4ccc(nc34)C(=O)N5CC(C)(F)C5,8.01
35,CHEMBL3797472,Cn1cc(cn1)c2ccc(cc2)c3cnc(N)c(Cl)c3N4CCC5(CC4)CNC(=O)O5,8.02
36,CHEMBL3800105,Cn1cc(cn1)c2ccc(cc2)c3cnc(N)c(c3N4CCC5(CCNC5=O)CC4)C(F)(F)F,8.03
37,CHEMBL3774402,COC1CN(C1)C(=O)c2ccc3[nH]nc(Cc4ccc(cc4)c5cnn(C)c5)c3c2,8.05
38,CHEMBL3827664,Cn1cc(cn1)c2ccc(cc2)c3cnc(N)c4ccc(cc34)C(=O)NC5CC5,8.05
39,CHEMBL3827023,COC1(C)CN(C1)C(=O)c2ccc3c(N)ncc(c4ccc(cc4)c5cnn(C)c5)c3n2,8.09
40,CHEMBL3828553,COC1CN(C1)C(=O)c2ccc3c(N)ncc(c4ccc(cc4)c5cnn(C)c5)c3n2,8.14
41,CHEMBL3408213,Cn1cc(cn1)c2ccc(cc2)c3cncc(Cl)c3N4CCC5(CCNC5=O)CC4,8.14
42,CHEMBL3827678,Cn1cc(cn1)c2ccc(cc2)c3cncc4ccc(cc34)c5nccn5C,8.14
43,CHEMBL3800210,Cn1cc(cn1)c2ccc(cc2)c3cncc(Cl)c3N4CCC5(CC4)NC(=O)NC5=O,8.16
44,CHEMBL3800080,CN1CNC(=O)C12CCN(CC2)c3c(Cl)cncc3c4ccc(cc4)c5cnn(C)c5,8.24
45,CHEMBL3828071,Cn1cc(cn1)c2ccc(cc2)c3cnc(N)c4ccc(nc34)C(=O)N5CC(F)(F)C5,8.24
46,CHEMBL3797656,CN1c2ccc(cc2CS1(=O)=O)c3cnc(N)c(F)c3N4CCC5(CC4)CNC(=O)O5,8.26
47,CHEMBL3798663,OCCn1cc(cn1)c2ccc(cc2)c3cncc(Cl)c3N4CCC5(CCNC5=O)CC4,8.26
48,CHEMBL3775935,Cn1cc(cn1)c2ccc(Cc3n[nH]c4ccc(cc34)C(=O)N5CCCC5)cc2,8.3
49,CHEMBL3797558,Cn1cc(cn1)c2ccc(cc2)c3cnc(N)c(Cl)c3N4CCC5(CCNC5=O)CC4,8.3
50,CHEMBL3828503,Cn1cc(cn1)c2ccc(cc2)c3cncc4ccc(cc34)N5CCOC5=O,8.33
51,CHEMBL3828221,Cn1cc(cn1)c2ccc(cc2)c3cncc4ccc(nc34)c5nccn5C,8.33
52,CHEMBL3828209,CNC(=O)c1ccc2cncc(c3ccc4cnn(C)c4c3)c2n1,8.34
53,CHEMBL3797495,CN1c2ccc(cc2CS1(=O)=O)c3cncc(Cl)c3N4CCC5(CC4)N=C(C)NC5=O,8.35
54,CHEMBL3800037,CN1c2ccc(cc2CS1(=O)=O)c3cncc(F)c3N4CCC5(CC4)CNC(=O)O5,8.37
55,CHEMBL3799679,Cn1cc(cn1)c2ccc(cc2)c3cncc(Cl)c3N4CCC5(CC4)NC(=O)CNC5=O,8.38
56,CHEMBL3828458,Cn1cc(cn1)c2ccc(cc2)c3cncc4ccc(nc34)N5CCNC5=O,8.38
57,CHEMBL3798632,Cn1cc(cn1)c2ccc(cc2)c3cncc(Cl)c3N4CCC5(CC4)NCNC5=O,8.41
58,CHEMBL3799116,CN1c2ccc(cc2CS1(=O)=O)c3cncc(F)c3N4CCC5(CCNC5=O)CC4,8.42
59,CHEMBL3797317,CN1c2cc(ccc2CS1(=O)=O)c3cncc(Cl)c3N4CCC5(CCNC5=O)CC4,8.43
60,CHEMBL3827774,CNC(=O)c1ccc2cncc(c3ccc4c(cnn4C)c3)c2n1,8.47
61,CHEMBL3797440,CN1c2ccc(cc2CS1(=O)=O)c3cnc(N)c(F)c3N4CCC5(CCNC5=O)CC4,8.48
62,CHEMBL3798726,CN1c2ccc(cc2CS1(=O)=O)c3cncc(c3N4CCC5(CCNC5=O)CC4)C(F)(F)F,8.48
63,CHEMBL3799592,Cn1nc(N)c2ccc(cc12)c3cncc(Cl)c3N4CCC5(CCNC5=O)CC4,8.5
64,CHEMBL3799824,CNc1n[nH]c2cc(ccc12)c3cncc(Cl)c3N4CCC5(CCNC5=O)CC4,8.55
65,CHEMBL3798804,Cn1cc(cn1)c2ccc(cc2)c3cnc(N)c(Cl)c3N4CCC5(CC4)NC(=O)NC5=O,8.55
66,CHEMBL3799396,CN1c2ccc(cc2CS1(=O)=O)c3cncc(Cl)c3N4CCC5(CC4)C(=NNC5=O)C,8.57
67,CHEMBL3827118,COC1CN(C1)C(=O)c2ccc3cncc(c4ccc(cc4)c5cnn(C)c5)c3n2,8.6
68,CHEMBL3798987,CN1c2ccc(cc2CS1(=O)=O)c3cncc(Cl)c3N4CCC5(CC4)NC(=O)NC5=O,8.62
69,CHEMBL3797571,CN1c2ccc(cc2CS1(=O)=O)c3cncc(Cl)c3N4CCC5(CCNC5=O)CC4,8.62
70,CHEMBL3800311,Clc1cncc(c2ccc3NS(=O)(=O)Cc3c2)c1N4CCC5(CCNC5=O)CC4,8.62
71,CHEMBL3799212,CN1c2ccc(cc2CS1(=O)=O)c3cnc(N)c(Cl)c3N4CCC5(CCNC5=O)CC4,8.64
72,CHEMBL3799307,CN1c2ccc(cc2CS1(=O)=O)c3cncc(Cl)c3N4CCC5(CC4)CNC(=O)O5,8.64
73,CHEMBL3798382,Cn1ncc2cc(ccc12)c3cnc(N)c(Cl)c3N4CCC5(CCNC5=O)CC4,8.64
74,CHEMBL3799581,Nc1ncc(c2ccc3c(N)n[nH]c3c2)c(N4CCC5(CCNC5=O)CC4)c1Cl,8.68
75,CHEMBL3827799,Cn1cc(cn1)c2ccc(cc2)c3cncc4ccc(nc34)C(=O)N5CCC5,8.7
76,CHEMBL3798853,CN1c2ccc(cc2CS1(=O)=O)c3cnc(N)c(Cl)c3N4CCC5(CC4)CNC(=O)O5,8.72
77,CHEMBL3828637,CNC(=O)c1ccc2cncc(c3ccc4N(C)S(=O)(=O)Cc4c3)c2n1,8.77
78,CHEMBL3797855,Nc1n[nH]c2cc(ccc12)c3cncc(Cl)c3N4CCC5(CCNC5=O)CC4,8.77
79,CHEMBL3798944,CC(C)(O)Cn1cc(cn1)c2ccc(cc2)c3cncc(Cl)c3N4CCC5(CCNC5=O)CC4,8.8
80,CHEMBL574738,CCN1CCN(Cc2ccc(NC(=O)Nc3ccc(Oc4cc(NC)ncn4)cc3)cc2C(F)(F)F)CC1,8.85
81,CHEMBL3827327,Cn1cc(cn1)c2ccc(cc2)c3cncc4ccc(cc34)C(=O)NC5CC5,8.96
82,CHEMBL3828003,CNC(=O)c1ccc2cncc(c3ccc(cc3)c4cnn(C)c4)c2c1,9.22
83,CHEMBL3828116,Cn1cc(cn1)c2ccc(cc2)c3cncc4ccc(nc34)C(=O)N,9.3
84,CHEMBL3827983,CNC(=O)c1ccc2cncc(c3ccc(cc3)c4cnn(C)c4)c2n1,9.7
