,molecule_chembl_id,canonical_smiles,pchembl_value
0,CHEMBL3673505,C(Nc1cncc(n1)c2ccnc3[nH]c(cc23)C4CCNCC4)c5cccnc5,7.54
1,CHEMBL3668364,CN1CCC(CC1)c2cc3c(ccnc3[nH]2)c4cccc(NCc5cccnc5)n4,7.54
2,CHEMBL3668388,COc1ccc(F)cc1c2ccnc3[nH]c(cc23)C4CCN(CCNC(=O)OC(C)(C)C)C4,7.54
3,CHEMBL3668417,COc1ccc(F)cc1c2ccnc3[nH]c(cc23)[C@@H]4CC[C@H](CC4)NCC5CC5C(=O)O,7.54
4,CHEMBL3668469,Clc1ccc(NCc2ccccc2)cc1c3ccnc4[nH]c(cc34)C5CCCNC5,7.54
5,CHEMBL402272,Nc1nccc(n1)c2cc3C(=O)NCCc3[nH]2,7.54
6,CHEMBL3668433,CN1CCC(CC1)c2cc3c(ccnc3[nH]2)c4nc(NCc5ccc(cc5)C(=O)N)ccc4Cl,7.55
7,CHEMBL3668516,CNC(=O)N1CCC(=CC1)c2[nH]c3nccc(c4cc(F)ccc4OC)c3c2C#N,7.55
8,CHEMBL3668496,COc1ccc(F)cc1c2ccnc3[nH]c(cc23)C4=CCN(CC(=O)N)CC4,7.55
9,CHEMBL3668395,COc1ccc(F)cc1c2ccnc3[nH]c(cc23)[C@@H]4CC[C@H](CC4)NCC(O)CO,7.55
10,CHEMBL524266,Nc1nccc(n1)c2cc3C(=O)NC[C@H](CCF)c3[nH]2,7.55
11,CHEMBL3673514,OCC(O)CN1CCC(CC1)c2cc3c(ccnc3[nH]2)c4cncc(NCc5ccccc5)n4,7.55
12,CHEMBL3668510,COc1ccc(F)cc1c2ccnc3[nH]c(cc23)C4=CCN(CC4)C(=O)NC#N,7.57
13,CHEMBL3663768,COc1ccccc1c2ccnc3[nH]c(cc23)C4CCNCC4,7.57
14,CHEMBL3668474,Fc1ccc(CNc2ccc(Cl)c(n2)c3ccnc4[nH]c(cc34)C5CCCNC5)cc1,7.57
15,CHEMBL3673522,OCC(=O)N1CCC(CC1)c2cc3c(ccnc3[nH]2)c4cncc(OCc5cccc(F)c5)n4,7.57
16,CHEMBL3668471,COc1cc(F)c(F)cc1c2ccnc3[nH]c(cc23)C4CCCNC4,7.59
17,CHEMBL212049,Cc1cnc(OC2CCCCC2)nc1c3cnc(Nc4ccccn4)s3,7.59
18,CHEMBL3668462,CN1CCC(CC1)c2cc3c(ccnc3[nH]2)c4cc(NCc5ccc(cc5)C(=O)N)ccc4F,7.6
19,CHEMBL3668445,CN1CCC(CC1)c2cc3c(ccnc3[nH]2)c4nc(NCC5CCS(=O)(=O)CC5)ccc4Cl,7.6
20,CHEMBL3663800,COc1cc(F)ccc1c2ccnc3[nH]c(cc23)C4CCNC4,7.6
21,CHEMBL3663793,Clc1ccc(NCc2ccccc2)cc1c3ccnc4[nH]c(cc34)C5CCNCC5,7.6
22,CHEMBL3663804,Clc1ccc(NCc2ccccc2)nc1c3ccnc4[nH]c(cc34)C5CCNC5,7.6
23,CHEMBL3663781,Clc1ccc(NCc2ccncc2)nc1c3ccnc4[nH]c(cc34)C5CCNCC5,7.6
24,CHEMBL3668351,Clc1cnc2[nH]c(cc2c1c3cccc(NCc4ccccc4)n3)C5CCNCC5,7.6
25,CHEMBL3668483,Clc1cnc2[nH]c(cc2c1c3ccnc(NCc4ccccc4)c3)C5CCCNC5,7.6
26,CHEMBL3673528,CC(=O)N1CCC(CC1)c2cc3c(ccnc3[nH]2)c4cncc(OCc5cccc(F)c5)n4,7.62
27,CHEMBL3668413,CN1CCC(CC1)c2cc3c(ccnc3[nH]2)c4cccc(NCc5ccccc5Cl)n4,7.62
28,CHEMBL3668348,COc1ccc(F)cc1c2ccnc3[nH]c(cc23)C4CCC(N)CC4,7.62
29,CHEMBL3663798,Clc1ccc(OCc2ccccc2)nc1c3ccnc4[nH]c(cc34)C5CCNCC5,7.62
30,CHEMBL3668460,CN1CCC(CC1)c2cc3c(ccnc3[nH]2)c4cc(NCc5ccncc5)ccc4F,7.64
31,CHEMBL3668500,CNC(=O)N1CCC(=CC1)c2cc3c(ccnc3[nH]2)c4cc(F)c(F)cc4OC,7.64
32,CHEMBL3663770,COc1cc(F)ccc1c2ccnc3[nH]c(cc23)C4CCN(C)CC4,7.64
33,CHEMBL3668515,COc1ccc(F)cc1c2ccnc3[nH]c(C4=CCN(CC4)S(=O)(=O)C)c(C#N)c23,7.64
34,CHEMBL3668349,COc1ccc(F)cc1c2ccnc3[nH]c(cc23)C4CCCC(N)C4,7.64
35,CHEMBL3668399,COc1ccc(F)cc1c2ccnc3[nH]c(cc23)C4CCCN(CCCNC(=O)OCc5ccccc5)C4,7.64
36,CHEMBL3668451,COc1ccc(F)cc1c2ccnc3[nH]c(cc23)C4CCN(CC4)C(=O)CN5CCCCC5,7.64
37,CHEMBL3668408,COc1ccc(F)cc1c2ccnc3[nH]c(cc23)C4CCN(CC4)C(=O)CO,7.64
38,CHEMBL3668386,COc1ccc(F)cc1c2ccnc3[nH]c(cc23)C4CCN(Cc5ccncc5)C4,7.64
39,CHEMBL3663745,COc1ccc(F)cc1c2ccnc3[nH]c(cc23)[C@H]4CCCNC4,7.64
40,CHEMBL3663801,COc1ccc(F)cc1c2ccnc3[nH]c(cc23)[C@H]4CCNC4,7.64
41,CHEMBL3668475,Clc1cnc(NCc2ccccc2)cc1c3ccnc4[nH]c(cc34)C5CCCNC5,7.64
42,CHEMBL3668393,COC(=O)CCCN[C@@H]1CC[C@H](CC1)c2cc3c(ccnc3[nH]2)c4cc(F)ccc4OC,7.66
43,CHEMBL3663744,COc1cc(F)ccc1c2ccnc3[nH]c(cc23)C4CCCNC4,7.66
44,CHEMBL3663803,COc1ccc(F)cc1c2ccnc3[nH]c(cc23)C4CCN(C)C4,7.66
45,CHEMBL3668453,COc1ccc(F)cc1c2ccnc3[nH]c(cc23)C4CCN(CC4)C(=O)CNC5CCC(O)CC5,7.66
46,CHEMBL3668454,COc1ccc(F)cc1c2ccnc3[nH]c(cc23)C4CCN(CC4)C(=O)CNCCO,7.66
47,CHEMBL3673519,CC(=O)N1CCC(CC1)c2cc3c(ccnc3[nH]2)c4cncc(NCc5cccc(F)c5)n4,7.68
48,CHEMBL3663786,CN(Cc1ccccc1)c2ccc(Cl)c(n2)c3ccnc4[nH]c(cc34)C5CCNCC5,7.68
49,CHEMBL3668491,COc1ccc(F)cc1c2ccnc3[nH]c(cc23)C4=CCN(CC4)C(=O)CC#N,7.68
50,CHEMBL3668400,COc1ccc(F)cc1c2ccnc3[nH]c(cc23)C4CCCN(CCO)C4,7.68
51,CHEMBL3668420,COc1ccc(F)cc1c2ccnc3[nH]c(cc23)C4CCN(CC(O)CO)CC4,7.68
52,CHEMBL3639672,COc1ccc(F)cc1c2ccnc3[nH]c(cc23)C4CCN(CC4)S(=O)(=O)C,7.68
53,CHEMBL3663776,Clc1ccc(CNc2ccc(Cl)c(n2)c3ccnc4[nH]c(cc34)C5CCNCC5)cc1,7.68
54,CHEMBL3663773,Clc1ccc(NCc2ccccc2)nc1c3ccnc4[nH]c(cc34)C5CCNCC5,7.68
55,CHEMBL3668482,Fc1cc(NCc2ccccc2)nc(c1)c3ccnc4[nH]c(cc34)C5CCCNC5,7.68
56,CHEMBL3668484,Fc1cccc(CNc2ccc(F)c(c2)c3ccnc4[nH]c(cc34)C5CCCNC5)c1,7.68
57,CHEMBL3673546,OC(=O)C1CCC(=CC1)c2cc3c(ccnc3[nH]2)c4cncc(NCc5ccccc5)n4,7.68
58,CHEMBL428690,CN1CC[C@@H]([C@H](O)C1)c2c(O)cc(O)c3C(=O)C=C(Oc23)c4ccccc4Cl,7.7
59,CHEMBL3668412,Clc1ccccc1CNc2cccc(n2)c3ccnc4[nH]c(cc34)C5CCNCC5,7.7
60,CHEMBL3668472,Fc1ccc(CNc2ccc(Cl)c(n2)c3ccnc4[nH]c(cc34)C5CCCNC5)cc1F,7.7
61,CHEMBL3668497,CCN(C(=O)O)S(=O)(=O)N1CCC(=CC1)c2cc3c(ccnc3[nH]2)c4cc(F)ccc4OC,7.72
62,CHEMBL3663794,CN1CCC(CC1)c2cc3c(ccnc3[nH]2)c4nc(NCc5ccccc5)ccc4Cl,7.72
63,CHEMBL3668485,CNC(=O)N1CCC(=CC1)c2cc3c(ccnc3[nH]2)c4cc(F)ccc4OC,7.72
64,CHEMBL3673526,CNC(=O)N1CCC(CC1)c2cc3c(ccnc3[nH]2)c4cncc(NCc5cccc(F)c5)n4,7.72
65,CHEMBL3663761,COc1cc(Cl)ccc1c2ccnc3[nH]c(cc23)C4CCNCC4,7.72
66,CHEMBL3663760,COc1cc(F)ccc1c2ccnc3[nH]c(cc23)C4CCNCC4,7.72
67,CHEMBL3668452,COc1ccc(F)cc1c2ccnc3[nH]c(cc23)C4CCN(CC4)C(=O)CN5CCOCC5,7.72
68,CHEMBL3663780,Fc1ccc(CNc2ccc(Cl)c(n2)c3ccnc4[nH]c(cc34)C5CCNCC5)cc1F,7.72
69,CHEMBL3663775,Clc1ccc(NCc2cccnc2)nc1c3ccnc4[nH]c(cc34)C5CCNCC5,7.75
70,CHEMBL3668481,Fc1cnc(NCc2ccccc2)cc1c3ccnc4[nH]c(cc34)C5CCCNC5,7.75
71,CHEMBL3673549,OC(=O)C1CCC(=CC1)c2cc3c(ccnc3[nH]2)c4cncc(OCc5cccc(F)c5)n4,7.75
72,CHEMBL526092,CCC1CNC(=O)c2cc([nH]c12)c3ccnc(N)n3,7.77
73,CHEMBL3668421,CN1CCC(CC1)c2cc3c(ccnc3[nH]2)c4cccc(NCCc5ccccc5)n4,7.77
74,CHEMBL3673533,CNC(=O)N1CCC(=CC1)c2cc3c(ccnc3[nH]2)c4cncc(NCc5cccc(F)c5)n4,7.77
75,CHEMBL3668350,COc1ccc(F)cc1c2ccnc3[nH]c(C4CCNCC4)c(C)c23,7.77
76,CHEMBL3663769,COc1ccc(F)cc1c2ccnc3[nH]c(cc23)C4CCN(C)CC4,7.77
77,CHEMBL3663799,COc1ccc(F)cc1c2ccnc3[nH]c(cc23)C4CCNC4,7.77
78,CHEMBL3663777,Fc1ccc(F)c(CNc2ccc(Cl)c(n2)c3ccnc4[nH]c(cc34)C5CCNCC5)c1,7.77
79,CHEMBL3668480,Fc1cncc(CNc2ccc(Cl)c(n2)c3ccnc4[nH]c(cc34)C5CCCNC5)c1,7.77
80,CHEMBL3663743,COc1ccc(F)cc1c2ccnc3[nH]c(cc23)C4CCCNC4,7.8
81,CHEMBL3673521,C(Nc1cncc(n1)c2ccnc3[nH]c(cc23)C4=CCNCC4)c5ccccc5,7.82
82,CHEMBL3673515,CCN(C(=O)O)S(=O)(=O)N1CCC(CC1)c2cc3c(ccnc3[nH]2)c4cncc(NCc5ccccc5)n4,7.82
83,CHEMBL3668427,CN1CCC(CC1)c2cc3c(ccnc3[nH]2)c4cccc(NCc5cc[nH]n5)n4,7.82
84,CHEMBL3663796,CN1CCC(CC1)c2cc3c(ccnc3[nH]2)c4cccc(NCc5ccccc5)n4,7.82
85,CHEMBL3663797,CN1CCC(CC1)c2cc3c(ccnc3[nH]2)c4nc(NCc5cccc(F)c5)ccc4Cl,7.82
86,CHEMBL384304,COc1ccc(F)c(F)c1C(=O)c2cnc(NC3CCN(CC3)S(=O)(=O)C)nc2N,7.82
87,CHEMBL3663746,COc1ccc(F)cc1c2ccnc3[nH]c(cc23)[C@@H]4CCCNC4,7.82
88,CHEMBL3663802,COc1ccc(F)cc1c2ccnc3[nH]c(cc23)[C@@H]4CCNC4,7.82
89,CHEMBL3673500,CS(=O)(=O)N1CCC(CC1)c2cc3c(ccnc3[nH]2)c4cncc(NCc5ccccc5)n4,7.82
90,CHEMBL3673493,Fc1cccc(CNc2cc(c(Cl)cn2)c3ccnc4[nH]c(cc34)C5CCNCC5)c1,7.82
91,CHEMBL3663774,Fc1cccc(CNc2ccc(Cl)c(n2)c3ccnc4[nH]c(cc34)C5CCNCC5)c1,7.82
92,CHEMBL484990,O=C1N=C(NCc2ccccc2)S/C/1=C\c3c[nH]c4ncccc34,7.82
93,CHEMBL3673524,CCOC(=O)NS(=O)(=O)N1CCC(CC1)c2cc3c(ccnc3[nH]2)c4cncc(NCc5cccc(F)c5)n4,7.85
94,CHEMBL3668370,CN1CCC(CC1)c2cc3c(ccnc3[nH]2)c4cccc(NCc5cccc(Cl)c5)n4,7.85
95,CHEMBL3673518,CN1CCC(CC1)c2cc3c(ccnc3[nH]2)c4cncc(NCc5cccc(F)c5)n4,7.85
96,CHEMBL3668401,COc1ccc(F)cc1c2ccnc3[nH]c(cc23)C4CCCN(CCCN)C4,7.85
97,CHEMBL3668385,COc1ccc(F)cc1c2ccnc3[nH]c(cc23)C4CCN(Cc5cccnc5)C4,7.85
98,CHEMBL3663792,Clc1cnc(NCc2ccccc2)cc1c3ccnc4[nH]c(cc34)C5CCNCC5,7.85
99,CHEMBL3673531,OCC(O)CN1CCC(=CC1)c2cc3c(ccnc3[nH]2)c4cncc(NCc5cccc(F)c5)n4,7.85
100,CHEMBL3668378,CN1CCC(CC1)c2cc3c(ccnc3[nH]2)c4cccc(NCc5ccc6OCOc6c5)n4,7.89
101,CHEMBL3673520,CN1CCC(CC1)c2cc3c(ccnc3[nH]2)c4cncc(OCc5cccc(F)c5)n4,7.89
102,CHEMBL3668375,CN1CCC(CC1)c2cc3c(ccnc3[nH]2)c4cccc(NCc5c(F)cccc5F)n4,7.92
103,CHEMBL3663764,COc1cc(F)c(F)cc1c2ccnc3[nH]c(cc23)C4CCNCC4,7.92
104,CHEMBL3668418,COc1ccc(F)cc1c2ccnc3[nH]c(cc23)C4CNC4,7.92
105,CHEMBL3673517,Fc1cccc(COc2cncc(n2)c3ccnc4[nH]c(cc34)C5CCNCC5)c1,7.92
106,CHEMBL3673547,CNC(=O)C1CCC(=CC1)c2cc3c(ccnc3[nH]2)c4cncc(NCc5ccccc5)n4,7.96
107,CHEMBL1083151,COc1cc(Nc2nccc(n2)c3sc(C)nc3C)cc(OC)c1OC,7.96
108,CHEMBL3663759,COc1ccc(F)cc1c2ccnc3[nH]c(cc23)C4CCNCC4,7.96
109,CHEMBL3668476,Fc1ccc(NCc2ccccc2)cc1c3ccnc4[nH]c(cc34)C5CCCNC5,7.96
110,CHEMBL3673509,OCC(=O)N1CCC(CC1)c2cc3c(ccnc3[nH]2)c4cncc(NCc5cccc(F)c5)n4,7.96
111,CHEMBL3673523,OCC(O)CN1CCC(CC1)c2cc3c(ccnc3[nH]2)c4cncc(OCc5cccc(F)c5)n4,7.96
112,CHEMBL3673512,CN1CCC(CC1)c2cc3c(ccnc3[nH]2)c4cncc(NCc5ccccc5)n4,8.0
113,CHEMBL3673544,CNC(=O)N1CCC(CC1)c2cc3c(ccnc3[nH]2)c4nc(NCc5cccc(F)c5)c(F)cc4F,8.0
114,CHEMBL3673435,COc1cc(F)ccc1c2ccnc(NC(=O)C3CCC(C3)NC(=O)C)c2,8.0
115,CHEMBL3668361,COc1ccc(F)cc1c2ccnc3[nH]c(cc23)C4=CCNCC4,8.0
116,CHEMBL3694399,COc1ccccc1c2cc(ncn2)N(C)C(=O)[C@@H]3CCCNC3,8.0
117,CHEMBL3673504,Fc1cccc(CNc2cncc(n2)c3ccnc4[nH]c(cc34)C5CCNCC5)c1,8.0
118,CHEMBL3663778,Fc1cncc(CNc2ccc(Cl)c(n2)c3ccnc4[nH]c(cc34)C5CCNCC5)c1,8.0
119,CHEMBL1965660,NC(=O)c1cc([nH]c1c2ccc(Cl)cc2Cl)c3ccnc(N)n3,8.0
120,CHEMBL258721,CC(C)c1nn(c2N=C(Cc3ccc(OCCO)cc3)NC(=O)c12)c4c(Cl)cccc4Cl,8.05
121,CHEMBL1084715,CCNc1nc(C)c(s1)c2ccnc(Nc3ccc(CNC(=O)C)cc3)n2,8.05
122,CHEMBL3673507,Fc1ccc(CNc2cncc(n2)c3ccnc4[nH]c(cc34)C5CCNCC5)cc1F,8.05
123,CHEMBL3673530,Fc1cccc(CNc2cncc(n2)c3ccnc4[nH]c(cc34)C5=CCNCC5)c1,8.05
124,CHEMBL3673494,NC1CCCC(C1)c2cc3c(ccnc3[nH]2)c4cccc(NCc5cccc(F)c5)n4,8.05
125,CHEMBL3673538,OCC(=O)N1CCC(=CC1)c2cc3c(ccnc3[nH]2)c4cncc(NCc5cccc(F)c5)n4,8.05
126,CHEMBL3668461,CN1CCC(CC1)c2cc3c(ccnc3[nH]2)c4cc(NCc5ccc(cc5)S(=O)(=O)C)ccc4F,8.1
127,CHEMBL3673539,CS(=O)(=O)N1CCC(=CC1)c2cc3c(ccnc3[nH]2)c4cncc(OCc5cccc(F)c5)n4,8.1
128,CHEMBL3668473,Fc1cccc(CNc2ccc(Cl)c(n2)c3ccnc4[nH]c(cc34)C5CCCNC5)c1,8.1
129,CHEMBL3673532,Fc1cccc(COc2cncc(n2)c3ccnc4[nH]c(cc34)C5=CCNCC5)c1,8.16
130,CHEMBL1083152,CNc1nc(C)c(s1)c2ccnc(Nc3cc(OC)c(OC)c(OC)c3)n2,8.22
131,CHEMBL3673545,OCC(=O)N1CCC(CC1)c2cc3c(ccnc3[nH]2)c4nc(NCc5cccc(F)c5)c(F)cc4F,8.22
132,CHEMBL445813,Clc1cccc(Cl)c1C(=O)Nc2c[nH]nc2C(=O)NC3CCNCC3,8.24
133,CHEMBL3673501,C(Nc1cncc(n1)c2ccnc3[nH]c(cc23)C4CCNCC4)c5ccccc5,8.3
134,CHEMBL3673503,Fc1cc(F)cc(CNc2cncc(n2)c3ccnc4[nH]c(cc34)C5CCNCC5)c1,8.3
135,CHEMBL296468,CC(C)(C)c1oc(CSc2cnc(NC(=O)C3CCNCC3)s2)nc1,8.4
136,CHEMBL3668457,COc1ccc(F)cc1c2ccnc3[nH]c(cc23)C4=CCN(CC(O)CO)CC4,8.4
137,CHEMBL452602,C[C@@H]1CNC[C@@H](C1)C(=O)Nc2ncc(SCc3oc(cn3)C(C)(C)C)s2,8.4
138,CHEMBL298445,Cc1nc(N)sc1c2ccnc(Nc3cccc(c3)[N+](=O)[O-])n2,8.4
139,CHEMBL388978,CN[C@@H]1C[C@H]2O[C@@](C)([C@@H]1OC)n3c4ccccc4c5c6CNC(=O)c6c7c8ccccc8n2c7c35,8.48
140,CHEMBL3673434,COc1cc(F)ccc1c2ccnc(NC(=O)[C@H]3CCC[C@H](C3)NC(=O)C)c2,8.52
141,CHEMBL424696,C1CCC(CC1)Oc2nccc(n2)c3cnc(Nc4ccccn4)s3,8.6
142,CHEMBL3673541,CNC(=O)N1CCC(=CC1)c2cc3c(ccnc3[nH]2)c4cncc(OCc5cccc(F)c5)n4,8.7
143,CHEMBL3673540,Fc1cccc(CNc2nc(c(F)cc2F)c3ccnc4[nH]c(cc34)C5CCNCC5)c1,8.7
144,CHEMBL3673542,OCC(=O)N1CCC(=CC1)c2cc3c(ccnc3[nH]2)c4cncc(OCc5cccc(F)c5)n4,8.7
145,CHEMBL3694403,COc1ccccc1c2cc(NC(=O)c3ccc(NS(=O)(=O)C)cc3)ncn2,8.9
146,CHEMBL3694405,COc1ccccc1c2cc(NC(=O)c3cccc(NS(=O)(=O)C)c3)ncn2,8.97
147,CHEMBL3694402,COc1ccccc1c2cc(NC(=O)C3CCC(=O)NC3)ncn2,9.76
148,CHEMBL3694404,COc1ccccc1c2cc(NC(=O)c3ccc(C)c(NS(=O)(=O)C)c3)ncn2,9.94
149,CHEMBL3694401,COc1cccc(F)c1c2cc(NC(=O)C3CCCNC3)ncn2,10.41
150,CHEMBL3694407,COc1ccc(F)cc1c2cc(NC(=O)Cc3ccncc3)ncn2,10.54
151,CHEMBL3694400,COc1ccc(F)cc1c2cc(NC(=O)C3CCCNC3)ncn2,10.74
152,CHEMBL3694406,COc1ccc(F)cc1c2cc(NC(=O)Cc3cccnc3)ncn2,10.82
