,molecule_chembl_id,canonical_smiles,pchembl_value
0,CHEMBL2013062,C1CN(CCN1)c2ccnc(Nc3ncc(s3)c4cncnc4)c2,7.54
1,CHEMBL454908,CN(C)CCCn1c2ccc(O)cc2c3c4C(=O)NC(=O)c4c(cc13)c5ccccc5Cl,7.54
2,CHEMBL2203844,COc1cc(Nc2cnc(C#N)c(O[C@@H]3CCNC3)n2)ncc1c4cnn(C)c4,7.54
3,CHEMBL2203843,COc1cc(Nc2cnc(C#N)c(O[C@H](C)CN(C)C)n2)ncc1c3cnn(C)c3,7.54
4,CHEMBL2381236,COc1cc2CCN(Cc2cc1OC)c3nc(cs3)C(=O)Nc4ccccc4N5CCNCC5,7.54
5,CHEMBL510101,COc1ccc(CNCc2ccc(cc2)c3cc(C(=O)N)c(NC(=O)N)s3)cc1,7.54
6,CHEMBL251210,Cc1[nH]nc2c3cc4ccccc4cc3NC(=O)c12,7.54
7,CHEMBL2011337,Cc1ncc(cn1)c2cnc(Nc3cc(ccn3)N4CCNCC4)s2,7.54
8,CHEMBL2011340,Cc1ncc(cn1)c2cnc(Nc3cccc(NCCCN)n3)s2,7.54
9,CHEMBL480187,NC1=NC(=O)\C(=C\2/CCNC(=O)c3[nH]c4c(csc4c23)C#N)\N1,7.54
10,CHEMBL199643,Oc1ccc(cc1)c2ccc3\C(=C\c4cc[nH]c4)\C(=O)Nc3c2,7.54
11,CHEMBL220902,Oc1cccc(c1)c2ccc3NC(=O)C(=Cc3c2)c4cc5cc(CN6CCCCC6)ccc5[nH]4,7.54
12,CHEMBL2203848,CNc1cc(Nc2cnc(C#N)c(O[C@@H]3CCNC3)n2)ncc1C(=O)OC,7.55
13,CHEMBL2204587,CNc1cc(Nc2cnc(C#N)c(O[C@H](C)CN(C)C)n2)ncc1C(F)(F)F,7.55
14,CHEMBL233831,COc1cc2c(Cc3c(n[nH]c23)c4ccc(cc4)c5ccc(O)c(F)c5)cc1CN6CCN(C)CC6,7.55
15,CHEMBL374417,Clc1ccc2OCCCCCCOc3nc(NC(=O)Nc2c1)cnc3C#N,7.55
16,CHEMBL1643462,Cn1cc(cn1)c2cnn3c(Nc4ccccn4)cc(nc23)C5CCCNC5,7.55
17,CHEMBL1643463,Cn1cc(cn1)c2cnn3c(Nc4nccs4)cc(nc23)C5CCCNC5,7.55
18,CHEMBL2381109,O=C(Nc1cnccc1N2CCNCC2)c3csc(n3)c4ccc5occc5c4,7.55
19,CHEMBL1928704,CC(CN(C)C)Oc1nc(Nc2cc3cccc(Cl)c3cn2)cnc1C#N,7.57
20,CHEMBL518048,CN(C)CCNC(=O)CCn1c2ccc(O)cc2c3c4C(=O)NC(=O)c4c(cc13)c5ccccc5,7.57
21,CHEMBL2204586,CNc1cc(Nc2cnc(C#N)c(O[C@H](C)CN(C)C)n2)ncc1Cl,7.57
22,CHEMBL2204592,CNc1cc(Nc2cnc(C#N)c(O[C@H](C)CN(C)C)n2)ncc1c3cnn(C)c3,7.57
23,CHEMBL3694365,COc1cc(CCNCc2ccccc2)ccc1NC(=O)Nc3cnc(C)cn3,7.57
24,CHEMBL233641,COc1cc2c(Cc3c(n[nH]c23)c4ccc(cc4)c5ccc(O)c(F)c5)cc1C(=O)NCc6ccccn6,7.57
25,CHEMBL2203846,CSc1cc(Nc2cnc(C#N)c(O[C@H](C)CN(C)C)n2)ncc1c3cnn(C)c3,7.57
26,CHEMBL2013059,Cc1ccc(cn1)c2cnc(Nc3cccc(NCCCN)n3)s2,7.57
27,CHEMBL2381605,NC(=O)c1cnc(N[C@H]2CCCNC2)c3nc(cn13)c4ccc(F)cc4,7.57
28,CHEMBL3582192,OCc1cccc(c1)c2cnc3[nH]c4cnc(cc4c3c2)C#N,7.57
29,CHEMBL243931,Oc1ccc2[nH]c3c4C(=O)C=CC(=O)c4c5C(=O)NC(=O)c5c3c2c1,7.57
30,CHEMBL493391,Oc1ccc2[nH]c3c4[nH]c5ccncc5c4c6C(=O)NC(=O)c6c3c2c1,7.57
31,CHEMBL376479,c1ccc2[nH]c(cc2c1)c3n[nH]c4cc(ccc34)c5nnn[nH]5,7.57
32,CHEMBL3408381,S=C(Nc1ccccc1)Nc2nc(cc(c3ccccc3)c2C#N)c4ccccc4,7.58
33,CHEMBL219635,CC(O)C#Cc1cc2OCCCCCOc3nc(NC(=O)Nc2cc1Cl)cnc3C#N,7.59
34,CHEMBL1223527,CC1=CC2=NNC(=O)N2c3cc(ccc13)c4cc[nH]c4,7.59
35,CHEMBL2204588,CNc1cc(Nc2cnc(C#N)c(O[C@H](C)CN(C)C)n2)ncc1C3CC3,7.59
36,CHEMBL1643213,Cn1cc(cn1)c2cnn3c(N)c(CCO)c(nc23)C4CCCNC4,7.59
37,CHEMBL3694340,Fc1ccc(CNCCOc2ccc(NC(=O)Nc3cnc(cn3)C#N)cc2Cl)c(F)c1,7.59
38,CHEMBL213422,Oc1ccc2[nH]c3cc(c4cc[nH]c4)c5C(=O)NC(=O)c5c3c2c1,7.59
39,CHEMBL206663,CN(C)CCOCCOc1cc(N2CCCC2)c(NC(=O)Nc3cnc(cn3)C#N)cc1Cl,7.6
40,CHEMBL199918,COc1cc(ccc1O)c2ccc3\C(=C\c4cc[nH]c4)\C(=O)Nc3c2,7.6
41,CHEMBL247237,COc1cc2Cc3c(n[nH]c3c4ccc(CO)cc4)c2cc1OC,7.6
42,CHEMBL401274,COc1cc2Cc3c(n[nH]c3c4ccc(O)cc4)c2cc1OC,7.6
43,CHEMBL238355,COc1ccc2OCCCCCOc3nc(NC(=O)Nc2c1)cnc3C#N,7.6
44,CHEMBL248000,COc1ccccc1N2CCN(CCCOc3cc4Cc5c(n[nH]c5c6ccc(cc6)c7ccc(O)cc7)c4cc3OC)CC2,7.6
45,CHEMBL558470,Clc1ccc(OC2CCNC2)c(NC(=O)Nc3cnc(cn3)C#N)c1,7.6
46,CHEMBL250224,NCCCc1cc2C=CNC(=O)c2c3cc(ccc13)C#N,7.6
47,CHEMBL1643224,Nc1c(Br)c(nc2c(cnn12)c3cocc3)C4CCCNC4,7.6
48,CHEMBL493205,O=C1NC(=O)c2c1c3c4ccc(OCc5ccccc5)cc4[nH]c3c6[nH]c7ccncc7c26,7.6
49,CHEMBL3330237,O=C1Nc2ccsc2C(=C1c3nc4ccccc4[nH]3)NC5CCNC5,7.61
50,CHEMBL3582223,C(N1CCCCC1)c2ccc(cc2)c3cnc4[nH]c5cnc(cc5c4c3)c6ocnc6,7.62
51,CHEMBL410261,CN(C)CCCOc1cc2c(cc1O)c3c4C(=O)NC(=O)c4c(cc3n2C)c5ccccc5Cl,7.62
52,CHEMBL399215,CN1CCN(Cc2ccc3c(Cc4c(n[nH]c34)c5ccc(cc5)c6ccc(O)cc6)c2)CC1,7.62
53,CHEMBL248038,COc1cc2Cc3c(n[nH]c3c4ccc(cc4)c5ccc(O)cc5)c2cc1OCc6ccccn6,7.62
54,CHEMBL1288277,COc1ccc(F)cc1c2cc3c(N[C@H]4CCCNC4)ncc(C(=O)N)c3s2,7.62
55,CHEMBL393545,O=C1NC(=O)c2c1c3c4ccccc4[nH]c3c5cccn25,7.62
56,CHEMBL265446,O=C1NCc2c1c3C(=O)NC(=O)c3c4c5ccccc5[nH]c24,7.62
57,CHEMBL236856,OCCCc1ccc2OCCCCCOc3nc(NC(=O)Nc2c1)cnc3C#N,7.62
58,CHEMBL248756,CCN(CC)c1cc2OCCCCOc3nc(NC(=O)Nc2cc1Cl)cnc3C#N,7.64
59,CHEMBL248010,CCc1ccc(CCOc2cc3Cc4c(n[nH]c4c5ccc(cc5)c6ccc(O)cc6)c3cc2OC)nc1,7.64
60,CHEMBL1928702,CN(C)CCOc1nc(Nc2cc3cccc(Cl)c3cn2)cnc1C#N,7.64
61,CHEMBL206997,COC(=O)CCCCCCC(=O)Nc1cc(OC)c(NC(=O)Nc2cnc(cn2)C#N)cc1Cl,7.64
62,CHEMBL248040,COc1cc2Cc3c(n[nH]c3c4ccc(cc4)c5ccc(O)cc5)c2cc1OCc6cccnc6,7.64
63,CHEMBL3330235,Cc1cc2C(=C(C(=O)Nc2s1)c3nc4ccccc4[nH]3)NC5CCNC5,7.64
64,CHEMBL2381604,NC(=O)c1cnc(N[C@H]2CCCNC2)c3nc(cn13)c4ccc5ccccc5c4,7.64
65,CHEMBL397022,Oc1ccc2[nH]c3c(c4C(=O)NC(=O)c4c5c(O)ccc(O)c35)c2c1,7.64
66,CHEMBL3408391,O=C1CS\C(=N/c2nc(cc(c3ccccc3)c2C#N)c4ccccc4)\N1c5ccccc5,7.65
67,CHEMBL206213,CCOCCC(=O)Nc1cc(OC)c(NC(=O)Nc2cnc(cn2)C#N)cc1Cl,7.66
68,CHEMBL255816,COC(=O)CCc1cc2Nc3cc(ccc3C(=O)Nc2cc1OC)c4ccc(c(OC)c4)[N+](=O)[O-],7.66
69,CHEMBL239412,COc1ccc(NC(=O)C)cc1NC(=O)Nc2cnc(cn2)C#N,7.66
70,CHEMBL1277132,Cl.NC(=N)NCCCNC(=O)c1cccc(CNC(=O)c2cc3C(=O)NC(=O)c3c4c5cc(O)ccc5[nH]c24)c1,7.66
71,CHEMBL1928699,Clc1cccc2cc(Nc3cnc(C#N)c(OCC4CCNCC4)n3)ncc12,7.66
72,CHEMBL258067,OCCn1c2cc(CCCCN3CCOCC3)c(O)cc2c4c5C(=O)NC(=O)c5c(cc14)c6ccccc6Cl,7.66
73,CHEMBL272946,Oc1cc2c(cc1CCCCN3CCCC3)[nH]c4cc(c5ccccc5Cl)c6C(=O)NC(=O)c6c24,7.66
74,CHEMBL209256,Oc1nc2ccc(Cl)c(Cl)c2c(N[C@@H]3CN4CCC3CC4)c1c5nc6ccccc6[nH]5,7.66
75,CHEMBL3408383,CC(=O)C1=NN(\C(=N\c2nc(cc(c3ccccc3)c2C#N)c4ccccc4)\S1)c5ccccc5,7.67
76,CHEMBL2013064,Brc1cncc(c1)c2cnc(Nc3cc(ccn3)N4CCNCC4)s2,7.68
77,CHEMBL508515,CN(C)CCCn1c2ccc(O)cc2c3c4C(=O)NC(=O)c4c(cc13)c5ccccc5,7.68
78,CHEMBL1928692,COC(=O)c1cnc(Nc2cnc(cn2)C#N)cc1NCC3CCNCC3,7.68
79,CHEMBL3694391,COc1cc(CNCc2cccc(F)c2)ccc1NC(=O)Nc3cnc(cn3)C#N,7.68
80,CHEMBL1223040,COc1cc(ccc1O)c2ccc3\C(=C\C4=CC=C[Se]4)\C(=O)Nc3c2,7.68
81,CHEMBL246845,COc1cc2Cc3c(n[nH]c3c4ccc(cc4)c5ccc(O)cc5)c2cc1OC(=O)NCCN6CCCC6,7.68
82,CHEMBL3694352,C[C@H](NCCc1ccc(NC(=O)Nc2cnc(cn2)C#N)cc1Cl)c3ccc(F)cc3,7.68
83,CHEMBL1643464,Cc1onc(Nc2cc(nc3c(cnn23)c4cnn(C)c4)C5CCCNC5)c1,7.68
84,CHEMBL3694359,Fc1ccc(CNCCOc2ccc(NC(=O)Nc3cnc(cn3)C#N)cc2Cl)cc1,7.68
85,CHEMBL1287948,NC(=O)c1cnc(N[C@H]2CCCNC2)c3cc(sc13)c4ccccc4Cl,7.68
86,CHEMBL211929,Nc1ccc(cc1)c2cc3[nH]c4ccc(O)cc4c3c5C(=O)NC(=O)c25,7.68
87,CHEMBL212660,Oc1ccc(cc1)c2cc3[nH]c4ccc(O)cc4c3c5C(=O)NC(=O)c25,7.68
88,CHEMBL3408384,CC(=O)C1=NN(\C(=N\c2nc(cc(c3ccccc3)c2C#N)c4ccccc4)\S1)c5ccc(C)cc5,7.69
89,CHEMBL1223524,CC1=CC2=NNC(=O)N2c3cc(ccc13)c4cccs4,7.7
90,CHEMBL1223317,CCNC(=O)c1ccc(cc1)c2ccc3C(=CC4=NNC(=O)N4c3c2)C,7.7
91,CHEMBL2012842,CN(C)CCNC(=O)C1=CC2=NNC(=O)N2c3cc(ccc13)c4ccc[nH]4,7.7
92,CHEMBL2012853,CN(C)CCNC(=O)C1=CC2=NNC(=O)N2c3cc(ccc13)c4csc(CN5CCN(C)CC5)c4,7.7
93,CHEMBL1287893,CN(C)S(=O)(=O)c1cccc(c1)c2cc3c(N[C@H]4CCCNC4)ncc(C(=O)N)c3s2,7.7
94,CHEMBL2012841,CNCCNC(=O)C1=CC2=NNC(=O)N2c3cc(ccc13)c4ccc[nH]4,7.7
95,CHEMBL554904,COc1cc(ccc1O)c2ccc3C(=O)Nc4cc(ccc4Nc3c2)C(=O)NCCCN5CCCC5,7.7
96,CHEMBL220903,COc1cc(ccc1O)c2ccc3NC(=O)C(=Cc3c2)c4cc5cc(CN6CCCCC6)ccc5[nH]4,7.7
97,CHEMBL248668,COc1cc2c(Cc3c2n[nH]c3c4ccc(cc4)C#N)cc1OCc5ccncc5,7.7
98,CHEMBL398851,COc1cc2c(Cc3c2n[nH]c3c4ccc(cc4)c5ccc(O)cc5)cc1OCc6ccccn6,7.7
99,CHEMBL3582220,COc1cc2c(cn1)[nH]c3ncc(cc23)c4ccc(CN5CCCCC5)cc4,7.7
100,CHEMBL550821,COc1ccc(Cl)cc1NC(=O)Nc2cncc(OC(C)CN(C)C)n2,7.7
101,CHEMBL242737,C[C@@H]1CC[C@@H](CC1)NCc2ccc3c(Cc4c(n[nH]c34)c5ccc(cc5)C(=O)O)c2,7.7
102,CHEMBL395752,C[C@@H]1CC[C@H](CC1)NCc2ccc3c(Cc4c(n[nH]c34)c5ccc(cc5)C(=O)O)c2,7.7
103,CHEMBL250844,Cc1[nH]nc2c3cc(Cl)ccc3N(CCCCN)C(=O)c12,7.7
104,CHEMBL1739550,Cc1cn2c(cnc2c(Nc3cc(CN4CCCCC4)ns3)n1)c5cn[nH]c5,7.7
105,CHEMBL2022373,Cc1cn2c(cnc2c(Nc3cc(CN4CCCCC4)ns3)n1)c5cnn(CC(=O)Nc6cccc(F)c6F)c5,7.7
106,CHEMBL2070702,Cl.NC(=O)Nc1cc(sc1C(=O)N[C@H]2CCCNC2)c3ccc(F)cc3,7.7
107,CHEMBL2070710,Cl.NC(=O)Nc1cc(sc1C(=O)N[C@H]2CCCNC2)c3ccc(F)cc3F,7.7
108,CHEMBL2070708,Cl.NC(=O)Nc1cc(sc1C(=O)N[C@H]2CCCNC2)c3cccc(F)c3F,7.7
109,CHEMBL2070697,Cl.NC(=O)Nc1cc(sc1C(=O)N[C@H]2CCCNC2)c3ccccc3,7.7
110,CHEMBL2070699,Cl.NC(=O)Nc1cc(sc1C(=O)N[C@H]2CCCNC2)c3ccccc3F,7.7
111,CHEMBL2070700,Cl.NC(=O)Nc1sc(cc1C(=O)N[C@H]2CCCNC2)c3cccc(F)c3,7.7
112,CHEMBL3582194,N#Cc1cc2c(cn1)[nH]c3ncc(cc23)c4cccs4,7.7
113,CHEMBL487273,NC(=O)Nc1sc(cc1C(=O)N[C@H]2CCCNC2)c3ccccc3,7.7
114,CHEMBL2012860,NC1=CC2=NNC(=O)N2c3cc(ccc13)c4cn[nH]c4,7.7
115,CHEMBL2012850,NC1CN(C1)C(=O)C2=CC3=NNC(=O)N3c4cc(ccc24)c5ccsc5,7.7
116,CHEMBL540497,O=C(Nc1cnc(cn1)C#N)Nc2cc3ccccc3cn2,7.7
117,CHEMBL388648,O=C1NC(=O)c2c1c3C(=O)NC(=O)c3c4c5ccccc5[nH]c24,7.7
118,CHEMBL2012881,OCC1=CC2=NNC(=O)N2c3cc(ccc13)c4ccc[nH]4,7.7
119,CHEMBL2012880,OCC1=CC2=NNC(=O)N2c3cc(ccc13)c4cn[nH]c4,7.7
120,CHEMBL2012882,OCC1=CC2=NNC(=O)N2c3cc(ccc13)c4occc4,7.7
121,CHEMBL3408385,COc1ccc(cc1)N2N=C(S/C/2=N\c3nc(cc(c4ccccc4)c3C#N)c5ccccc5)C(=O)C,7.71
122,CHEMBL2011344,C1CN(CCO1)c2ccnc(Nc3ncc(s3)c4cncc(c4)c5cccnc5)c2,7.72
123,CHEMBL237921,CCOc1ccc2OC\C=C/CCOc3nc(NC(=O)Nc2c1)cnc3C#N,7.72
124,CHEMBL2037097,CN(C)c1ccc(cc1)c2nc(cs2)C(=O)Nc3ccccc3N4CCNCC4,7.72
125,CHEMBL248395,COc1cc2Cc3c(C#Cc4ccc(O)cc4)[nH]nc3c2cc1OC,7.72
126,CHEMBL1287978,COc1ccccc1c2cc3c(N[C@H]4CCCNC4)ncc(C(=O)N)c3s2,7.72
127,CHEMBL3694374,Fc1ccc(CNCCc2ccc(NC(=O)Nc3cnc(cn3)C#N)cc2Br)cc1,7.72
128,CHEMBL469686,NC(=O)Nc1sc(cc1C(=O)N[C@H]2CCCNC2)c3ccc(cc3)C(F)(F)F,7.72
129,CHEMBL2037111,O=C(Nc1ccccc1N2CCNCC2)c3csc(n3)c4ccc5occc5c4,7.72
130,CHEMBL237497,O=C1Nc2cnc(C#N)c(OCC\C=C/COc3ccc(OCCOC4CCCCO4)cc3N1)n2,7.72
131,CHEMBL3582217,C(N1CCCCC1)c2ccc(cc2)c3cnc4[nH]c5cnccc5c4c3,7.73
132,CHEMBL1223265,CC1=CC=C([Se]1)\C=C\2/C(=O)Nc3cc(ccc23)c4ccc(O)cc4,7.73
133,CHEMBL3582221,OCc1cc2c(cn1)[nH]c3ncc(cc23)c4ccc(CN5CCCCC5)cc4,7.74
134,CHEMBL400503,CCN1C(=O)c2c(C)[nH]nc2c3cc4CCN(Cc4cc13)C(=O)CN,7.75
135,CHEMBL2203300,COC(=O)c1cnc(Nc2cnc(C#N)c(O[C@@H]3CCNC3)n2)cc1SC,7.75
136,CHEMBL207060,COCCOCC(=O)Nc1cc(OC)c(NC(=O)Nc2cnc(cn2)C#N)cc1Cl,7.75
137,CHEMBL199299,COc1cc(ccc1O)c2ccc3\C(=C\c4ncc[nH]4)\C(=O)Nc3c2,7.75
138,CHEMBL391596,COc1cc2c(Cc3c2n[nH]c3c4ccc(cc4)c5ccc(O)cc5)cc1OCc6cccnc6,7.75
139,CHEMBL233640,COc1cc2c3[nH]nc(c4ccc(cc4)c5ccc(O)cc5)c3C(C)(C)c2cc1C(=O)N[C@@H]6CC[C@@H](O)CC6,7.75
140,CHEMBL512341,COc1ccccc1c2cc3c(c4C(=O)NC(=O)c24)c5cc(O)ccc5n3CCCO,7.75
141,CHEMBL3694358,Clc1cc(NC(=O)Nc2cnc(cn2)C#N)ccc1CCNCc3ccc(cc3)N4CCOCC4,7.75
142,CHEMBL2381611,NC(=O)c1ncc(N[C@H]2CCCNC2)c3nc(cn13)c4ccc(Cl)cc4,7.75
143,CHEMBL3408386,CC(=O)C1=NN(\C(=N\c2nc(cc(c3ccccc3)c2C#N)c4ccccc4)\S1)c5ccc(Cl)cc5,7.76
144,CHEMBL220688,CC(=O)N1CCN(Cc2ccc3[nH]c(cc3c2)c4n[nH]c5cc(ccc45)C#N)CC1,7.77
145,CHEMBL223879,CC(C)CNc1cc2OCCCCCOc3nc(NC(=O)Nc2cc1Cl)cnc3C#N,7.77
146,CHEMBL460685,CC1(C)CCCC(C)(C)N1Cc2ccc(cc2)c3cc(C(=O)N)c(NC(=O)N)s3,7.77
147,CHEMBL428566,COc1cc(ccc1N)c2ccc3C(=O)Nc4cc(N)ccc4Nc3c2,7.77
148,CHEMBL445410,COc1cc2c(Cc3c2n[nH]c3c4ccc(cc4)C#N)cc1CN[C@@H]5CC[C@@H](O)CC5,7.77
149,CHEMBL1643212,Cn1cc(cn1)c2cnn3c(N)c(C4CC4)c(nc23)C5CCCNC5,7.77
150,CHEMBL1928697,N#Cc1ncc(Nc2cc3ccccc3cn2)nc1OCC4CCNCC4,7.77
151,CHEMBL249595,NCCCc1cc2C=CNC(=O)c2c3cc(Br)ccc13,7.77
152,CHEMBL1643223,Nc1c(Br)c(nc2c(cnn12)c3cccnc3)C4CCCNC4,7.77
153,CHEMBL377839,Oc1ccc2[nH]c3cc(c4ccsc4)c5C(=O)NC(=O)c5c3c2c1,7.77
154,CHEMBL3582193,N#Cc1cc2c(cn1)[nH]c3ncc(cc23)c4cocc4,7.78
155,CHEMBL427720,COc1cc2NC(=O)c3ccc(cc3Nc2cc1CCc4ccncc4)c5ccc(c(OC)c5)[N+](=O)[O-],7.79
156,CHEMBL393604,CC(=O)Nc1ccc2OC\C=C/CCOc3nc(NC(=O)Nc2c1)cnc3C#N,7.8
157,CHEMBL1287894,CN(C)S(=O)(=O)c1ccc(cc1)c2cc3c(N[C@H]4CCCNC4)ncc(C(=O)N)c3s2,7.8
158,CHEMBL558271,COc1cc(ccc1C(O)c2nccs2)c3ccc4C(=O)Nc5cc(CCOc6ccc(cc6)N7CCOCC7)ccc5Nc4c3,7.8
159,CHEMBL428923,COc1cc(ccc1N)c2ccc3C(=O)Nc4cccc(OC)c4Nc3c2,7.8
160,CHEMBL247028,COc1cc2Cc3c(n[nH]c3c4cnc(Cl)c(Cl)c4)c2cc1OC,7.8
161,CHEMBL3694341,Fc1ccc(CCNCCc2ccc(NC(=O)Nc3cnc(cn3)C#N)cc2Cl)cc1,7.8
162,CHEMBL1288073,NC(=O)c1cnc(N[C@H]2CCCNC2)c3cc(sc13)c4ccc5cc[nH]c5c4,7.8
163,CHEMBL2013160,NCCNC(=O)c1cncc(c1)c2cnc(Nc3cc(Cl)ccn3)s2,7.8
164,CHEMBL557757,Nc1oc2c(cccc2n1)c3ccc4C(=O)Nc5cc(CCOc6ccc(cc6)N7CCOCC7)ccc5Nc4c3,7.8
165,CHEMBL249116,O=C(CCN1CCOCC1)Nc2ccc3Cc4c(n[nH]c4c3c2)c5ccc(nc5)C#N,7.8
166,CHEMBL236441,O=C1Nc2cnc(C#N)c(OCCCCCOc3ccccc3N1)n2,7.8
167,CHEMBL2013068,OC(=O)c1cncc(c1)c2cnc(Nc3cc(ccn3)N4CCNCC4)s2,7.8
168,CHEMBL560149,OC1COc2cncc(NC(=O)Nc3cc(Cl)ccc3OCC1O)n2,7.8
169,CHEMBL550616,Oc1ccc(cc1)c2ccc3C(=O)Nc4cc(CCOc5ccc(cc5)N6CCOCC6)ccc4Nc3c2,7.8
170,CHEMBL239698,Oc1ccc2[nH]c3c(c4C(=O)NC(=O)c4n5cccc35)c2c1,7.8
171,CHEMBL3330231,Brc1cc2C(=C(C(=O)Nc2s1)c3nc4ccccc4[nH]3)NC5CCNC5,7.81
172,CHEMBL3408387,CCOC(=O)C1=NN(\C(=N\c2nc(cc(c3ccccc3)c2C#N)c4ccccc4)\S1)c5ccccc5,7.81
173,CHEMBL404498,COc1cc2Nc3cc(ccc3C(=O)Nc2cc1C(=O)N(C)C)c4ccc(c(OC)c4)[N+](=O)[O-],7.81
174,CHEMBL3330132,O=C1Nc2sccc2C(=C1c3nc4ccccc4[nH]3)NC5CCCNC5,7.81
175,CHEMBL1223267,CC1=C(C=C([Se]1)\C=C\2/C(=O)Nc3cc(ccc23)c4ccc(O)cc4)C(=O)O,7.82
176,CHEMBL223542,CCCCNc1cc2OCCCCCOc3nc(NC(=O)Nc2cc1Cl)cnc3C#N,7.82
177,CHEMBL391110,CN(C)CCOc1ccc2OC\C=C/CCOc3nc(NC(=O)Nc2c1)cnc3C#N,7.82
178,CHEMBL206098,COC(=O)CCC(=O)Nc1cc(OC)c(NC(=O)Nc2cnc(cn2)C#N)cc1Cl,7.82
179,CHEMBL440959,COc1cc2Cc3c(n[nH]c3c4cccnc4)c2cc1OC,7.82
180,CHEMBL223460,CS(=O)(=O)Nc1cc2OCCCCCOc3nc(NC(=O)Nc2cc1Cl)cnc3C#N,7.82
181,CHEMBL236017,Cc1ccc2OC\C=C/CCOc3nc(NC(=O)Nc2c1)cnc3C#N,7.82
182,CHEMBL208728,Clc1cc(NC(=O)Nc2cnc(cn2)C#N)c(cc1OCC3CCCO3)N4CCCC4,7.82
183,CHEMBL3694338,Fc1ccc(CNCCc2ccc(NC(=O)Nc3cnc(cn3)C#N)cc2Cl)cc1,7.82
184,CHEMBL304428,O=C1NC(=O)c2c1c3c4ccccc4n5C6CCC(O6)n7c8ccccc8c2c7c35,7.82
185,CHEMBL2013166,OCCNC(=O)c1cncc(c1)c2cnc(Nc3cc(ccn3)N4CCOCC4)s2,7.82
186,CHEMBL3582196,N#Cc1cc2c(cn1)[nH]c3ncc(cc23)c4ncc[nH]4,7.83
187,CHEMBL1223458,CC1=CC2=NNC(=O)N2c3cc(ccc13)c4ccncc4,7.85
188,CHEMBL207995,COc1cc(C=O)c(Cl)cc1NC(=O)Nc2cnc(cn2)C#N,7.85
189,CHEMBL248667,COc1cc2c(Cc3c2n[nH]c3c4ccc(cc4)C#N)cc1OCc5cccnc5,7.85
190,CHEMBL396060,COc1ccc2Nc3cc(ccc3C(=O)Nc2c1)c4ccc(N)c(OC)c4,7.85
191,CHEMBL250685,Cc1[nH]nc2c3cc(C4CCCCC4)c(cc3N(CC(F)(F)CN)C(=O)c12)C5CCCCC5,7.85
192,CHEMBL2037018,Cc1cc(Nc2nc(cn3c(cnc23)c4cnn(C)c4)C5=CCCNC5)sn1,7.85
193,CHEMBL2070703,Cl.NC(=O)Nc1sc(cc1C(=O)N[C@H]2CCCNC2)c3cccc(Cl)c3,7.85
194,CHEMBL255427,Cn1c2cc(OCCCN3CCCC3)c(O)cc2c4c5C(=O)NC(=O)c5c(cc14)c6ccccc6Cl,7.85
195,CHEMBL513377,NC(=O)Nc1sc(cc1C(=O)N[C@H]2CCCNC2)c3cccc(Cl)c3,7.85
196,CHEMBL1288130,NC(=O)c1cnc(N[C@H]2CCNC2)c3cc(sc13)c4ccc(Cl)cc4,7.85
197,CHEMBL507188,NC1=NC(=O)\C(=C\2/CCNC(=O)c3[nH]c4c(Br)csc4c23)\N1,7.85
198,CHEMBL2381250,O=C(Nc1ccccc1N2CCNCC2)c3csc(Nc4cc(n[nH]4)c5ccccc5)n3,7.85
199,CHEMBL222006,O=C1Nc2ccc(cc2C=C1c3cc4cc(CN5CCCCC5)ccc4[nH]3)n6nccn6,7.85
200,CHEMBL3330136,O=C1Nc2sccc2C(=C1c3nc4ccccc4[nH]3)NC5CN6CCC5CC6,7.85
201,CHEMBL255565,OCCn1c2cc(CCCCN3CCCC3)c(O)cc2c4c5C(=O)NC(=O)c5c(cc14)c6ccccc6Cl,7.85
202,CHEMBL494212,Oc1ccc2c(c1)[nH]c3c4[nH]c5ccncc5c4c6C(=O)NC(=O)c6c23,7.85
203,CHEMBL3582211,N#Cc1cc2c(cn1)[nH]c3ncc(cc23)c4ccc(CN5CCOCC5)cc4,7.86
204,CHEMBL3582190,CC(=O)Nc1cccc(c1)c2cnc3[nH]c4cnc(cc4c3c2)C#N,7.87
205,CHEMBL3408388,CCOC(=O)C1=NN(\C(=N\c2nc(cc(c3ccccc3)c2C#N)c4ccccc4)\S1)c5ccc(C)cc5,7.87
206,CHEMBL3582214,N#Cc1cc2c(cn1)[nH]c3ncc(cc23)c4nc(CN5CCCCC5)cs4,7.87
207,CHEMBL1223041,COc1cc(ccc1O)c2ccc3\C(=C\C4=CC=C(C)[Se]4)\C(=O)Nc3c2,7.88
208,CHEMBL223833,CC(C)Oc1cc2OCCCCCOc3nc(NC(=O)Nc2cc1Cl)cnc3C#N,7.89
209,CHEMBL1232515,CCN(Cc1cc(Nc2nc(C)cn3c(cnc23)c4cn[nH]c4)sn1)C(C)(C)CO,7.89
210,CHEMBL3408389,CCOC(=O)C1=NN(\C(=N\c2nc(cc(c3ccccc3)c2C#N)c4ccccc4)\S1)c5ccc(Cl)cc5,7.89
211,CHEMBL375981,CNC(=O)c1ccc2c(n[nH]c2c1)c3cc4cc(CN5CCOCC5)ccc4[nH]3,7.89
212,CHEMBL207778,COc1cc(CN2CCCC2)ccc1NC(=O)Nc3cnc(cn3)C#N,7.89
213,CHEMBL3694392,COc1cc(CNCc2ccccc2F)ccc1NC(=O)Nc3cnc(cn3)C#N,7.89
214,CHEMBL398852,COc1cc2c(Cc3c2n[nH]c3c4ccc(cc4)c5ccc(O)cc5)cc1OCCc6cccnc6,7.89
215,CHEMBL3694350,COc1ccccc1CNCCc2ccc(NC(=O)Nc3cnc(cn3)C#N)cc2Cl,7.89
216,CHEMBL3639932,C[C@@H](NCCc1ccc(NC(=O)Nc2cnc(cn2)C#N)cc1Cl)c3ccc(F)cc3,7.89
217,CHEMBL1928705,C[C@H](CN(C)C)Oc1nc(Nc2cc3cccc(Cl)c3cn2)cnc1C#N,7.89
218,CHEMBL1650533,Cl.CCN(Cc1cc(Nc2nc(C)cn3c(cnc23)c4cn[nH]c4)sn1)C(C)(C)CO,7.89
219,CHEMBL2070709,Cl.NC(=O)Nc1sc(cc1C(=O)N[C@H]2CCCNC2)c3ccc(F)cc3F,7.89
220,CHEMBL220035,Clc1cc2NC(=O)Nc3cnc(C#N)c(OCCCCCOc2cc1NCc4ccncc4)n3,7.89
221,CHEMBL487437,NC(=O)Nc1sc(cc1C(=O)N[C@H]2CCCNC2)c3ccc(N)cc3,7.89
222,CHEMBL237706,OCCOc1ccc2OC\C=C/CCOc3nc(NC(=O)Nc2c1)cnc3C#N,7.89
223,CHEMBL1223264,Oc1ccc(cc1)c2ccc3\C(=C\C4=CC=C[Se]4)\C(=O)Nc3c2,7.89
224,CHEMBL549459,COC(=O)Cc1ccc2Nc3cc(ccc3C(=O)Nc2c1)c4cccc5cnccc45,7.9
225,CHEMBL540484,COc1cc(ccc1[N+](=O)[O-])c2ccc3C(=O)Nc4cc(CCOc5ccc(cc5)N6CCOCC6)ccc4Nc3c2,7.9
226,CHEMBL245605,COc1cc2Cc3c(n[nH]c3c4ccc(cc4)c5nn[nH]n5)c2cc1OC,7.9
227,CHEMBL540993,Fc1cc(F)cc(Cn2cc(c3ccc4C(=O)Nc5cc(CCOc6ccc(cc6)N7CCOCC7)ccc5Nc4c3)c8ccncc28)c1,7.9
228,CHEMBL236231,Brc1ccc2OCCCCCOc3nc(NC(=O)Nc2c1)cnc3C#N,7.92
229,CHEMBL235364,Brc1ccc2OC\C=C/CCOc3nc(NC(=O)Nc2c1)cnc3C#N,7.92
230,CHEMBL415055,C(N1CCCCC1)c2ccc3[nH]c(cc3c2)c4n[nH]c5cc(ccc45)c6cnsc6,7.92
231,CHEMBL398281,CCN1C(=O)c2c(C)[nH]nc2c3cc4CCN(Cc4cc13)C(=O)NCCN,7.92
232,CHEMBL508541,CNCCCn1c2ccc(O)cc2c3c4C(=O)NC(=O)c4c(cc13)c5ccccc5Cl,7.92
233,CHEMBL202635,COc1cc(CN2CCCCC2)c(Cl)cc1NC(=O)Nc3cnc(cn3)C#N,7.92
234,CHEMBL1223043,COc1cc(ccc1O)c2ccc3\C(=C\C4=CC(=C(C)[Se]4)C(=O)O)\C(=O)Nc3c2,7.92
235,CHEMBL2013158,Cc1ccc(NC(=O)c2cncc(c2)c3cnc(Nc4cc(ccn4)N5CCOCC5)s3)s1,7.92
236,CHEMBL2070705,Cl.NC(=O)Nc1sc(cc1C(=O)N[C@H]2CCCNC2)c3cc(F)cc(F)c3,7.92
237,CHEMBL3694372,Clc1cc(NC(=O)Nc2cnc(cn2)C#N)ccc1CCNCc3cccc(c3)N4CCOCC4,7.92
238,CHEMBL373837,Clc1cc2NC(=O)Nc3cnc(C#N)c(OCCCCCOc2cc1NCc4cccnc4)n3,7.92
239,CHEMBL223312,Clc1cc2NC(=O)Nc3cnc(C#N)c(OCCCCCOc2cc1OCc4ccncc4)n3,7.92
240,CHEMBL221427,NC(=O)c1ccc2c(n[nH]c2c1)c3cc4cc(CN5CCOCC5)ccc4[nH]3,7.92
241,CHEMBL221181,NCC1CCN(Cc2ccc3[nH]c(cc3c2)c4n[nH]c5cc(ccc45)C#N)CC1,7.92
242,CHEMBL2013164,NCCCCc1cncc(c1)c2cnc(Nc3cc(ccn3)N4CCOCC4)s2,7.92
243,CHEMBL249594,NCCCc1cc2C=CNC(=O)c2c3cc(Cl)ccc13,7.92
244,CHEMBL2011358,NCCCc1cncc(c1)c2cnc(Nc3cc(ccn3)N4CCOCC4)s2,7.92
245,CHEMBL392963,O=C1Nc2cnc(C#N)c(OCC\C=C/COc3ccccc3N1)n2,7.92
246,CHEMBL234866,OCCNCc1ccc2Cc3c(n[nH]c3c2c1)c4ccc(cc4)c5ccc(O)cc5,7.92
247,CHEMBL3408390,O=C(Nc1ccccc1)C2=NN(\C(=N\c3nc(cc(c4ccccc4)c3C#N)c5ccccc5)\S2)c6ccccc6,7.93
248,CHEMBL3582210,N#CC1CCN(Cc2ccc(cc2)c3cnc4[nH]c5cnc(cc5c4c3)C#N)CC1,7.94
249,CHEMBL248665,NCCCc1cc2C(=CNC(=O)c2c3cc(ccc13)c4cn[nH]c4)c5cccc(Cl)c5,7.94
250,CHEMBL3582191,OCc1ccc(cc1)c2cnc3[nH]c4cnc(cc4c3c2)C#N,7.94
251,CHEMBL271727,COC(=O)c1cc2NC(=O)c3ccc(cc3Nc2cc1OC)c4ccc(c(OC)c4)[N+](=O)[O-],7.95
252,CHEMBL220034,CC(C)Nc1cc2OCCCCCOc3nc(NC(=O)Nc2cc1Cl)cnc3C#N,7.96
253,CHEMBL2204589,CNc1cc(Nc2cnc(C#N)c(O[C@H](C)CN(C)C)n2)ncc1C#C,7.96
254,CHEMBL379458,COc1cc(NC(=O)c2cccnc2)c(Cl)cc1NC(=O)Nc3cnc(cn3)C#N,7.96
255,CHEMBL243491,COc1cc(ccc1N)c2ccc3C(=O)Nc4cc(O)ccc4Nc3c2,7.96
256,CHEMBL3694346,COc1cccc(CNCCc2ccc(NC(=O)Nc3cnc(cn3)C#N)cc2Cl)c1,7.96
257,CHEMBL2070707,Cl.NC(=O)Nc1sc(cc1C(=O)N[C@H]2CCCNC2)c3cccc(F)c3F,7.96
258,CHEMBL3694342,Clc1ccc(CNCCc2ccc(NC(=O)Nc3cnc(cn3)C#N)cc2Cl)cc1,7.96
259,CHEMBL220002,Clc1ccc2OCCCCCOc3nc(NC(=O)Nc2c1)cnc3C#N,7.96
260,CHEMBL3694357,Fc1ccccc1CNCCc2ccc(NC(=O)Nc3cnc(cn3)C#N)cc2Cl,7.96
261,CHEMBL486234,NC(=O)Nc1sc(cc1C(=O)N[C@H]2CCCNC2)c3ccc(cc3)C(=O)N4CCCCC4,7.96
262,CHEMBL517553,NC(=O)Nc1sc(cc1C(=O)N[C@H]2CCCNC2)c3cccc(F)c3,7.96
263,CHEMBL250225,NCCCc1cc2C=CNC(=O)c2c3cc(ccc13)C(=O)N,7.96
264,CHEMBL249597,NCCc1cc2C=CNC(=O)c2c3cc(Cl)ccc13,7.96
265,CHEMBL394198,OCCOc1ccc2OCCCCCOc3nc(NC(=O)Nc2c1)cnc3C#N,7.96
266,CHEMBL3582206,CC(C)(N1CCCCC1)c2ccc(cc2)c3cnc4[nH]c5cnc(cc5c4c3)C#N,7.99
267,CHEMBL221428,C(N1CCOCC1)c2ccc3[nH]c(cc3c2)c4n[nH]c5cc(ccc45)c6cn[nH]c6,8.0
268,CHEMBL549661,CC(C)(O)c1ccc2Nc3cc(Nc4ccnc(Nc5ccnc(Cl)c5)c4)ccc3C(=O)Nc2c1,8.0
269,CHEMBL1223456,CC1=CC2=NNC(=O)N2c3cc(ccc13)c4ccc(CO)cc4,8.0
270,CHEMBL1222443,CC1=CC2=NNC(=O)N2c3cc(ccc13)c4occc4,8.0
271,CHEMBL1223115,CCN(CC)CCNC(=O)C1=CC=C([Se]1)\C=C\2/C(=O)Nc3cc(ccc23)c4ccc(O)c(OC)c4,8.0
272,CHEMBL518661,CCN(CC)CCOc1ccc(cc1)c2cc(C(=O)NC3CCCNC3)c(NC(=O)N)s2,8.0
273,CHEMBL1223168,CCN(CC)CCOc1ccc(cc1)c2ccc3C(=CC4=NNC(=O)N4c3c2)C,8.0
274,CHEMBL471549,CCN(CC)CCOc1cccc(c1)c2cc(C(=O)NC3CCCNC3)c(NC(=O)N)s2,8.0
275,CHEMBL250032,CCN1C(=O)c2c(C)[nH]nc2c3cc4CCN(Cc4cc13)S(=O)(=O)CCN,8.0
276,CHEMBL206812,CN(C)CCOc1cc(N2CCCC2)c(NC(=O)Nc3cnc(cn3)C#N)cc1Cl,8.0
277,CHEMBL193117,CN1CCC(CC1)Oc2ccc(Cl)cc2NC(=O)Nc3cnc(cn3)C#N,8.0
278,CHEMBL574737,CN[C@@H]1C[C@H]2O[C@@](C)([C@@H]1OC)n3c4ccccc4c5c6[C@H](O)NC(=O)c6c7c8ccccc8n2c7c35,8.0
279,CHEMBL564542,COC(=O)Cc1ccc2Nc3cc(Nc4ccncc4)ccc3C(=O)Nc2c1,8.0
280,CHEMBL205449,COc1cc(CN2CCCCC2)ccc1NC(=O)Nc3cnc(cn3)C#N,8.0
281,CHEMBL381028,COc1cc(O)ccc1c2ccc3\C(=C\c4cc[nH]c4)\C(=O)Nc3c2,8.0
282,CHEMBL207994,COc1cc(OC)c(NC(=O)Nc2cnc(cn2)C#N)cc1Cl,8.0
283,CHEMBL243499,COc1cc(ccc1N)c2ccc3C(=O)Nc4cc(CCC(=O)Nc5ccc(cc5)N6CCOCC6)ccc4Nc3c2,8.0
284,CHEMBL387787,COc1cc(ccc1N)c2ccc3C(=O)Nc4ccc(cc4Nc3c2)C(C)(C)C(=O)Nc5ccc(cc5)N6CCOCC6,8.0
285,CHEMBL564952,COc1cc(ccc1[N+](=O)[O-])c2ccc3C(=O)Nc4cc(ccc4Nc3c2)C(C)(C)C(=O)O,8.0
286,CHEMBL389816,COc1cc(ccc1[N+](=O)[O-])c2ccc3C(=O)Nc4ccccc4Nc3c2,8.0
287,CHEMBL248001,COc1cc2Cc3c(n[nH]c3c4ccc(cc4)c5ccc(O)cc5)c2cc1OCCCN6CCN(CC6)c7cccc(Cl)c7,8.0
288,CHEMBL247193,COc1cc2c(Cc3c2n[nH]c3c4ccc(cc4)C#N)cc1OCc5ccccn5,8.0
289,CHEMBL2381224,COc1ccc2CN(C(=O)c2c1)c3nc(cs3)C(=O)Nc4cnc(C)cc4N5CCNCC5,8.0
290,CHEMBL3694369,Cc1cc(NC(=O)Nc2cnc(cn2)C#N)ccc1CCNCc3ccc(F)cc3,8.0
291,CHEMBL513191,Cc1ccc(cc1)c2cc(C(=O)N[C@H]3CCCNC3)c(NC(=O)N)s2,8.0
292,CHEMBL1908395,Cl.CN(C)CC(=O)N1CCC(CC1)c2ccc(NC(=O)c3nc(c[nH]3)C#N)c(c2)C4=CCCCC4,8.0
293,CHEMBL2070706,Cl.NC(=O)Nc1cc(sc1C(=O)N[C@H]2CCCNC2)c3cc(F)cc(F)c3,8.0
294,CHEMBL2070704,Cl.NC(=O)Nc1cc(sc1C(=O)N[C@H]2CCCNC2)c3cccc(Cl)c3,8.0
295,CHEMBL250375,Clc1cc2NC(=O)Nc3cnc(C#N)c(OC\C=C/COc2cc1N4CCOC4=O)n3,8.0
296,CHEMBL223512,Clc1ccc2OCCCCCOc3cncc(NC(=O)Nc2c1)n3,8.0
297,CHEMBL394668,Clc1ccc2OC\C=C/CCOc3nc(NC(=O)Nc2c1)cnc3C#N,8.0
298,CHEMBL3408382,N#Cc1c(cc(nc1\N=C\2/SC(=NN2c3ccccc3)c4ccccc4)c5ccccc5)c6ccccc6,8.0
299,CHEMBL563331,N#Cc1ccc(cn1)c2n[nH]c3c2Cc4cc(OC5CCOCC5)ccc34,8.0
300,CHEMBL2041933,NC(=O)Nc1cc(sc1C(=O)N[C@H]2CCCNC2)c3cccc(F)c3,8.0
301,CHEMBL470288,NC(=O)Nc1sc(cc1C(=O)N[C@H]2CCCNC2)c3ccc(Cl)cc3,8.0
302,CHEMBL488835,NC(=O)Nc1sc(cc1C(=O)N[C@H]2CCCNC2)c3ccc(cc3)C(=O)N4CCOCC4,8.0
303,CHEMBL2013069,NC(=O)c1cncc(c1)c2cnc(Nc3cc(ccn3)N4CCOCC4)s2,8.0
304,CHEMBL2012856,NC1=CC2=NNC(=O)N2c3cc(ccc13)c4cccs4,8.0
305,CHEMBL2012863,NC1=CC2=NNC(=O)N2c3cc(ccc13)c4occc4,8.0
306,CHEMBL2381110,O=C(Nc1cnccc1N2CCNCC2)c3csc(n3)c4ccc5[nH]ccc5c4,8.0
307,CHEMBL3330135,O=C1Nc2sccc2C(=C1c3nc4ccccc4[nH]3)NC5CCNCC5,8.0
308,CHEMBL219952,OCC#Cc1cc2OCCCCCOc3nc(NC(=O)Nc2cc1Cl)cnc3C#N,8.0
309,CHEMBL2012877,OCC1=CC2=NNC(=O)N2c3cc(ccc13)c4cccs4,8.0
310,CHEMBL2012878,OCC1=CC2=NNC(=O)N2c3cc(ccc13)c4ccsc4,8.0
311,CHEMBL271071,Oc1cc2c(cc1OCCCN3CCCC3)[nH]c4cc(c5ccccc5Cl)c6C(=O)NC(=O)c6c24,8.0
312,CHEMBL1236539,CN[C@@H]1C[C@H]2O[C@@](C)([C@@H]1OC)n3c4ccccc4c5c6[C@@H](O)NC(=O)c6c7c8ccccc8n2c7c35,8.01
313,CHEMBL3694396,COc1cc(CNCc2ccc(F)cc2)c(Cl)cc1NC(=O)Nc3cnc(cn3)C#N,8.01
314,CHEMBL3330234,Cc1cc2C(=C(C(=O)Nc2s1)c3nc4ccccc4[nH]3)NC5CCCNC5,8.01
315,CHEMBL388978,CN[C@@H]1C[C@H]2O[C@@](C)([C@@H]1OC)n3c4ccccc4c5c6CNC(=O)c6c7c8ccccc8n2c7c35,8.02
316,CHEMBL3582204,CC1(C)CCCN(Cc2ccc(cc2)c3cnc4[nH]c5cnc(cc5c4c3)C#N)C1,8.03
317,CHEMBL234479,Oc1ccc(cc1)c2ccc(cc2)c3n[nH]c4c3Cc5cc(ccc45)C(=O)NCc6ccccn6,8.03
318,CHEMBL3582229,C(N1CCCCC1)c2ccc(cc2)c3cnc4[nH]c5cnc(cc5c4c3)c6ccncc6,8.04
319,CHEMBL3694371,CN1CCN(CC1)c2cccc(CNCCc3ccc(NC(=O)Nc4cnc(cn4)C#N)cc3Cl)c2,8.04
320,CHEMBL428580,Cn1cc(cn1)c2ccc3c(CCCN)cc4C=CNC(=O)c4c3c2,8.04
321,CHEMBL2013065,C1CN(CCO1)c2ccnc(Nc3ncc(s3)c4cncc(c4)n5ccnn5)c2,8.05
322,CHEMBL1223387,CC1=CC2=NNC(=O)N2c3cc(ccc13)c4ccc(CN5CCOCC5)cc4,8.05
323,CHEMBL257317,CCc1cc2NC(=O)c3ccc(cc3Nc2cc1OC)c4ccc(c(OC)c4)[N+](=O)[O-],8.05
324,CHEMBL527881,CN(C)C(=O)c1ccc(cc1)c2cc(C(=O)N[C@H]3CCCNC3)c(NC(=O)N)s2,8.05
325,CHEMBL1223386,CN1CCN(Cc2ccc(cc2)c3ccc4C(=CC5=NNC(=O)N5c4c3)C)CC1,8.05
326,CHEMBL487622,CNC(=O)c1ccc(cc1)c2cc(C(=O)N[C@H]3CCCNC3)c(NC(=O)N)s2,8.05
327,CHEMBL2012852,CNCc1cc(cs1)c2ccc3C(=CC4=NNC(=O)N4c3c2)C(=O)NCCN(C)C,8.05
328,CHEMBL376037,COCCOCCOc1cc2OCCCCCOc3nc(NC(=O)Nc2cc1Cl)cnc3C#N,8.05
329,CHEMBL3694390,COc1cc(CNCc2ccc(F)cc2)ccc1NC(=O)Nc3cnc(cn3)C#N,8.05
330,CHEMBL207606,COc1cc(NC(=O)COC(=O)C)c(Cl)cc1NC(=O)Nc2cnc(cn2)C#N,8.05
331,CHEMBL379095,COc1cc(NC(=O)Cc2cccnc2)c(Cl)cc1NC(=O)Nc3cnc(cn3)C#N,8.05
332,CHEMBL247394,COc1cc2c(Cc3c2n[nH]c3c4ccc(cc4)C#N)cc1OCCc5ncsc5C,8.05
333,CHEMBL1643206,Cc1cc(Nc2cc(nc3c(cnn23)c4cnn(C)c4)C5CCCNC5)sn1,8.05
334,CHEMBL2070701,Cl.NC(=O)Nc1sc(cc1C(=O)N[C@H]2CCCNC2)c3ccc(F)cc3,8.05
335,CHEMBL2070715,Cl.NC(=O)Nc1sc(cc1C(=O)N[C@H]2CCCNC2)c3cccc(c3)C#N,8.05
336,CHEMBL2070698,Cl.NC(=O)Nc1sc(cc1C(=O)N[C@H]2CCCNC2)c3ccccc3F,8.05
337,CHEMBL222413,Clc1cc2NC(=O)Nc3cnc(C#N)c(OCCCCCOc2cc1OCc4cccnc4)n3,8.05
338,CHEMBL3582227,Cn1cc(cn1)c2cc3c(cn2)[nH]c4ncc(cc34)c5ccc(CN6CCCCC6)cc5,8.05
339,CHEMBL516784,NC(=O)Nc1sc(cc1C(=O)N[C@H]2CCCNC2)c3ccc(F)cc3,8.05
340,CHEMBL459631,NC(=O)Nc1sc(cc1C(=O)N[C@H]2CCCNC2)c3ccccc3F,8.05
341,CHEMBL1288103,NC(=O)c1cnc(N[C@H]2CCCNC2)c3cc(sc13)c4ccc(Cl)c(F)c4,8.05
342,CHEMBL1288102,NC(=O)c1cnc(N[C@H]2CCCNC2)c3cc(sc13)c4ccc(F)cc4F,8.05
343,CHEMBL1288193,NC(=O)c1cnc(N[C@H]2CCCNC2)c3cc(sc13)c4ccc(OC(F)(F)F)cc4,8.05
344,CHEMBL1287922,NC(=O)c1cnc(N[C@H]2CCCNC2)c3nc(sc13)c4ccc(Cl)cc4,8.05
345,CHEMBL2204583,COC(=O)c1cnc(Nc2cnc(C#N)c(O[C@@H]3CCNC3)n2)cc1N(C)C,8.06
346,CHEMBL1223117,COc1cc(ccc1O)c2ccc3\C(=C\C4=CC=C([Se]4)C(=O)NCCN5CCOCC5)\C(=O)Nc3c2,8.06
347,CHEMBL3694380,COc1cc(OCCNCc2ccc(F)cc2)c(Cl)cc1NC(=O)Nc3cnc(cn3)C#N,8.08
348,CHEMBL411098,COc1cc2NC(=O)c3ccc(cc3Nc2cc1OCCN4CCOCC4)c5ccc(c(OC)c5)[N+](=O)[O-],8.09
349,CHEMBL2011349,C1CN(CCN1)c2ccnc(Nc3ncc(s3)c4cncc(c4)c5cn[nH]c5)c2,8.1
350,CHEMBL236230,CC(=O)Nc1ccc2OCCCCCOc3nc(NC(=O)Nc2c1)cnc3C#N,8.1
351,CHEMBL504542,CC(=O)Nc1cccc(c1)c2cc(C(=O)N[C@H]3CCCNC3)c(NC(=O)N)s2,8.1
352,CHEMBL425904,CC(CN(C)C)Oc1ccc(Cl)cc1NC(=O)Nc2cnc(cn2)C#N,8.1
353,CHEMBL364347,CN[C@@H]1C[C@@H]2O[C@](C)([C@@H]1OC)n3c4ccccc4c5c6CNC(=O)c6c7c8ccccc8n2c7c35,8.1
354,CHEMBL549313,COC(=O)Cc1ccc2Nc3cc(ccc3C(=O)Nc2c1)c4cc(OC)ncc4C,8.1
355,CHEMBL208332,COc1cc(NC(=O)c2ccncc2)c(Cl)cc1NC(=O)Nc3cnc(cn3)C#N,8.1
356,CHEMBL272711,COc1cc2NC(=O)c3ccc(cc3Nc2cc1CCC(=O)N(C)C)c4ccc(c(OC)c4)[N+](=O)[O-],8.1
357,CHEMBL247821,COc1cc2c(Cc3c2n[nH]c3c4ccc(cc4)c5ccc(O)cc5)cc1OCCCN6CCN(CC6)c7cccc(Cl)c7,8.1
358,CHEMBL400665,COc1cc2c(Cc3c2n[nH]c3c4ccc(cc4)c5ccc(O)cc5)cc1OCc6ccncc6,8.1
359,CHEMBL236644,Cc1ccc2OCCCCCOc3nc(NC(=O)Nc2c1)cnc3C#N,8.1
360,CHEMBL1643225,Cc1ncc(s1)c2cnn3c(N)c(Br)c(nc23)C4CCCNC4,8.1
361,CHEMBL2070713,Cl.NC(=O)Nc1sc(cc1C(=O)N[C@H]2CCCNC2)c3ccc(cc3)C#N,8.1
362,CHEMBL1288304,Cn1ccc2cc(ccc12)c3cc4c(N[C@H]5CCCNC5)ncc(C(=O)N)c4s3,8.1
363,CHEMBL3694373,Fc1ccc(CNCCc2ccc(NC(=O)Nc3cnc(cn3)C#N)cc2Cl)cc1F,8.1
364,CHEMBL2013163,NCCNC(=O)c1cccc(c1)c2cnc(Nc3cc(ccn3)N4CCC(F)(F)CC4)s2,8.1
365,CHEMBL2381238,O=C(Nc1ccccc1N2CCNCC2)c3csc(n3)N4Cc5ccccc5C4,8.1
366,CHEMBL2381114,O=C(Nc1cnccc1N2CCNCC2)c3csc(n3)N4Cc5ccccc5C4,8.1
367,CHEMBL389780,OC(=O)c1ccc(cc1)c2n[nH]c3c2Cc4cc(CN5CCOCC5)ccc34,8.1
368,CHEMBL249155,OCCOc1cc2OCCCCOc3nc(NC(=O)Nc2cc1Cl)cnc3C#N,8.1
369,CHEMBL391450,OCc1ccc2c(Cc3c(n[nH]c23)c4ccc(cc4)c5ccc(O)cc5)c1,8.1
370,CHEMBL232392,OCc1cccc2c1Cc3c(n[nH]c23)c4ccc(cc4)c5ccc(O)cc5,8.1
371,CHEMBL249154,OP(=O)(O)c1cc2OCCCCOc3nc(NC(=O)Nc2cc1Cl)cnc3C#N,8.1
372,CHEMBL1223406,Oc1ccc(cc1)c2ccc3\C(=C\C4=CC=C([Se]4)C(=O)NCCCn5ccnc5)\C(=O)Nc3c2,8.1
373,CHEMBL3694395,COc1ccccc1CNCc2ccc(NC(=O)Nc3cnc(cn3)C#N)c(OC)c2,8.11
374,CHEMBL1223337,CN(C)CCNC(=O)C1=CC=C([Se]1)\C=C\2/C(=O)Nc3cc(ccc23)c4ccc(O)cc4,8.12
375,CHEMBL3408392,N#Cc1c(cc(nc1\N=C\2/SC=C(N2c3ccccc3)c4ccccc4)c5ccccc5)c6ccccc6,8.12
376,CHEMBL3330236,O=C1Nc2ccsc2C(=C1c3nc4ccccc4[nH]3)NC5CCCNC5,8.12
377,CHEMBL377554,Oc1nc2ccccc2c(N[C@@H]3CN4CCC3CC4)c1c5nc6ccccc6[nH]5,8.12
378,CHEMBL3694394,COc1cccc(CNCc2ccc(NC(=O)Nc3cnc(cn3)C#N)c(OC)c2)c1,8.13
379,CHEMBL210035,Oc1nc2ccc(Cl)cc2c(N[C@@H]3CCNC3)c1c4nc5ccccc5[nH]4,8.14
380,CHEMBL393603,Oc1ccc(cc1)c2ccc(cc2)c3n[nH]c4c3Cc5ccc(CNCCN6CCCC6)cc45,8.15
381,CHEMBL223255,CC(=O)Nc1cc2OCCCCCOc3nc(NC(=O)Nc2cc1Cl)cnc3C#N,8.16
382,CHEMBL488044,CC(=O)c1ccc(cc1)c2cc(C(=O)N[C@H]3CCCNC3)c(NC(=O)N)s2,8.16
383,CHEMBL192161,CC1(COc2ccc(Cl)cc2NC(=O)Nc3cnc(cn3)C#N)COC1,8.16
384,CHEMBL1223321,CC1=CC2=NNC(=O)N2c3cc(ccc13)c4cccc(CN5CCNCC5)c4,8.16
385,CHEMBL387341,CN(C)c1cc2OCCCCCOc3nc(NC(=O)Nc2cc1Cl)cnc3C#N,8.16
386,CHEMBL2013159,CNC(=O)c1cncc(c1)c2cnc(Nc3cc(ccn3)N4CCOCC4)s2,8.16
387,CHEMBL1288191,CNCCNc1ncc(C(=O)N)c2sc(cc12)c3ccc(Cl)cc3,8.16
388,CHEMBL2203847,CNc1cc(Nc2cnc(C#N)c(O[C@H](C)CN(C)C)n2)ncc1C(=O)OC,8.16
389,CHEMBL206460,COc1cc(NC(=O)Cc2ccc(cc2)S(=O)(=O)C)c(Cl)cc1NC(=O)Nc3cnc(cn3)C#N,8.16
390,CHEMBL395080,COc1cc(ccc1N)c2ccc3C(=O)Nc4cc(CC(=O)Nc5ccc(cc5)N6CCOCC6)ccc4Nc3c2,8.16
391,CHEMBL202930,COc1cc(ccc1O)c2ccc3\C(=C\c4ccc[nH]4)\C(=O)Nc3c2,8.16
392,CHEMBL395894,COc1cc2Cc3c(n[nH]c3c4ccc(cc4)C#N)c2cc1OC,8.16
393,CHEMBL2070716,Cl.NC(=O)Nc1cc(sc1C(=O)N[C@H]2CCCNC2)c3cccc(c3)C#N,8.16
394,CHEMBL374416,Clc1cc2NC(=O)Nc3cnc(C#N)c(OCCCCCOc2cc1NCc4ocnc4)n3,8.16
395,CHEMBL270866,Cn1c2cc([S+]([O-])CCCN3CCCC3)c(O)cc2c4c5C(=O)NC(=O)c5c(cc14)c6ccccc6Cl,8.16
396,CHEMBL1643235,Cn1cc(cn1)c2cnn3c(N)c(Br)c(CC4CCCNC4)nc23,8.16
397,CHEMBL1643234,Cn1cc(cn1)c2cnn3c(N)c(Br)c(CC4CCNC4)nc23,8.16
398,CHEMBL249115,N#Cc1ccc(cn1)c2n[nH]c3c2Cc4ccc(NCCN5CCOCC5)cc34,8.16
399,CHEMBL1928700,N#Cc1ncc(Nc2cc3ccccc3cn2)nc1OC4CCCNC4,8.16
400,CHEMBL459428,NC(=O)Nc1sc(cc1C(=O)N[C@H]2CCCNC2)c3ccc(O)cc3,8.16
401,CHEMBL1288163,NC(=O)c1cnc(N[C@H]2CCCNC2)c3cc(sc13)c4cccc(c4)C#N,8.16
402,CHEMBL2037114,O=C(Nc1ccccc1N2CCNCC2)c3csc(n3)c4cc5ccccc5s4,8.16
403,CHEMBL2381111,O=C(Nc1cnccc1N2CCNCC2)c3csc(n3)c4ccc5sccc5c4,8.16
404,CHEMBL235368,O=C1Nc2cnc(C#N)c(OCCCCCOc3ccc(OCCCN4CCOCC4)cc3N1)n2,8.16
405,CHEMBL389745,COc1cc(ccc1N)c2ccc3C(=O)Nc4cc(ccc4Nc3c2)C(C)(C)C(=O)Nc5ccc(cc5)N6CCOCC6,8.17
406,CHEMBL257512,COc1cc2NC(=O)c3ccc(cc3Nc2cc1OCc4ccncc4)c5ccc(c(OC)c5)[N+](=O)[O-],8.17
407,CHEMBL3694363,COc1cc(CCNCc2ccc(F)cc2F)ccc1NC(=O)Nc3cnc(cn3)C#N,8.19
408,CHEMBL249077,Cc1ncsc1CCOc2ccc3Cc4c(n[nH]c4c3c2)c5ccc(nc5)C#N,8.19
409,CHEMBL221603,Cn1nnc(n1)c2ccc3NC(=O)C(=Cc3c2)c4cc5cc(CN6CCCCC6)ccc5[nH]4,8.19
410,CHEMBL249324,N#Cc1ccc(cn1)c2n[nH]c3c2Cc4cc(OCCCN5CCOCC5)ccc34,8.19
411,CHEMBL400570,N#Cc1ccc(cn1)c2n[nH]c3c2Cc4cc(OCCN5CCOCC5)ccc34,8.19
412,CHEMBL249236,NCCCc1cc2C=CNC(=O)c2c3cc(ccc13)c4ccc(CN)cc4,8.19
413,CHEMBL234482,Oc1ccc(cc1)c2ccc(cc2)c3n[nH]c4c3Cc5cc(NC(=O)CNCc6ccncc6)ccc45,8.19
414,CHEMBL2203845,COc1cc(Nc2cnc(C#N)c(O[C@@H]3CCN(C)C3)n2)ncc1c4cnn(C)c4,8.2
415,CHEMBL562875,COc1cc(ccc1[N+](=O)[O-])c2ccc3C(=O)Nc4cc(CC(=O)N(C)C)ccc4Nc3c2,8.2
416,CHEMBL540992,COc1cc(ccc1[N+](=O)[O-])c2ccc3C(=O)Nc4cc(ccc4Nc3c2)C(C)(C)C(=O)Nc5ccc(cc5)N6CCOCC6,8.2
417,CHEMBL559498,COc1cccc(c1)c2ccc3C(=O)Nc4cc(OC)c(OCc5ccncc5)cc4Nc3c2,8.2
418,CHEMBL549660,OC1CCC(C1)Oc2ccc(Cl)cc2NC(=O)Nc3cnc(cn3)C#N,8.2
419,CHEMBL438485,O[C@@H]1CC[C@H](CC1)NC(=O)c2ccc3c(Cc4c(n[nH]c34)c5ccc(cc5)c6ccc(O)cc6)c2,8.2
420,CHEMBL391449,Oc1ccc(cc1)c2ccc(cc2)c3n[nH]c4c3Cc5cc(O)ccc45,8.2
421,CHEMBL3330229,Clc1cc2C(=C(C(=O)Nc2s1)c3nc4ccccc4[nH]3)NC5CN6CCC5CC6,8.21
422,CHEMBL1223320,CC1=CC2=NNC(=O)N2c3cc(ccc13)c4ccc(CN5CCNCC5)cc4,8.22
423,CHEMBL223311,CCOc1cc2OCCCCCOc3nc(NC(=O)Nc2cc1Cl)cnc3C#N,8.22
424,CHEMBL243934,COc1cc(ccc1N)c2ccc3C(=O)Nc4cc(CC(=O)N(C)C)ccc4Nc3c2,8.22
425,CHEMBL437384,COc1cc(ccc1N)c2ccc3C(=O)Nc4ccc(CC(=O)N(C)C)cc4Nc3c2,8.22
426,CHEMBL243500,COc1cc(ccc1N)c2ccc3C(=O)Nc4ccc(N)cc4Nc3c2,8.22
427,CHEMBL399532,COc1cc2c(Cc3c2n[nH]c3c4ccc(cc4)C#N)cc1OC[C@H](O)CO,8.22
428,CHEMBL247460,COc1cc2c(Cc3c2n[nH]c3c4ccc(cc4)c5ccc(O)cc5)cc1OCCCN6CCOCC6,8.22
429,CHEMBL520902,CS(=O)(=O)c1ccc(cc1)c2cc(C(=O)N[C@H]3CCCNC3)c(NC(=O)N)s2,8.22
430,CHEMBL2070714,Cl.NC(=O)Nc1cc(sc1C(=O)N[C@H]2CCCNC2)c3ccc(cc3)C#N,8.22
431,CHEMBL249972,Clc1cc(ccn1)C(=O)Nc2cc3OC\C=C/COc4nc(NC(=O)Nc3cc2Cl)cnc4C#N,8.22
432,CHEMBL223347,Clc1cc2NC(=O)Nc3cnc(C#N)c(OCCCCCOc2cc1NCc4cncs4)n3,8.22
433,CHEMBL248953,Clc1cc2NC(=O)Nc3cnc(C#N)c(OCCCCOc2cc1N4CCOC4=O)n3,8.22
434,CHEMBL398875,Clc1cc2NC(=O)Nc3cnc(C#N)c(OC\C=C/COc2cc1NC(=O)c4ccncc4)n3,8.22
435,CHEMBL375097,Clc1ccc2OCCCCOc3nc(NC(=O)Nc2c1)cnc3C#N,8.22
436,CHEMBL2013066,Cn1cc(cn1)c2cncc(c2)c3cnc(Nc4cc(ccn4)N5CCNCC5)s3,8.22
437,CHEMBL1643230,Cn1cc(cn1)c2cnn3c(N)c(Br)c(nc23)C4CNCCS4,8.22
438,CHEMBL469481,NC(=O)Nc1sc(cc1C(=O)N[C@H]2CCCNC2)c3ccc(cc3)C#N,8.22
439,CHEMBL488230,NC(=O)Nc1sc(cc1C(=O)N[C@H]2CCCNC2)c3cccnc3,8.22
440,CHEMBL520734,NC(=O)Nc1sc(cc1C(=O)N[C@H]2CCCNC2)c3ccsc3,8.22
441,CHEMBL2012857,NC1=CC2=NNC(=O)N2c3cc(ccc13)c4ccsc4,8.22
442,CHEMBL238145,O=C1Nc2cnc(C#N)c(OCC\C=C/COc3ccc(OCCCCN4CCOCC4)cc3N1)n2,8.22
443,CHEMBL2011343,OCC#Cc1cncc(c1)c2cnc(Nc3cc(ccn3)N4CCOCC4)s2,8.22
444,CHEMBL413779,OCCOc1cc2OCCCCCOc3nc(NC(=O)Nc2cc1Cl)cnc3C#N,8.22
445,CHEMBL401326,O[C@@H]1CC[C@H](CC1)NC(=O)c2ccc3c(Cc4c3n[nH]c4c5ccc(cc5)C#N)c2,8.22
446,CHEMBL375644,Oc1cc2OCCCCCOc3nc(NC(=O)Nc2cc1Cl)cnc3C#N,8.22
447,CHEMBL249282,N#Cc1ccc(cn1)c2n[nH]c3c2Cc4ccc(OCCN5CCOCC5)cc34,8.23
448,CHEMBL1223339,Oc1ccc(cc1)c2ccc3\C(=C\C4=CC=C([Se]4)C(=O)NCCN5CCCC5)\C(=O)Nc3c2,8.23
449,CHEMBL221496,O=C1Nc2ccc(cc2C=C1c3cc4cc(CN5CCCCC5)ccc4[nH]3)c6cc[nH]n6,8.25
450,CHEMBL232391,CC(=O)Nc1cccc2c1Cc3c(n[nH]c23)c4ccc(cc4)c5ccc(O)cc5,8.26
451,CHEMBL3330233,COc1ccc2[nH]c(nc2c1)C3=C(NC4CN5CCC4CC5)c6cc(Cl)sc6NC3=O,8.27
452,CHEMBL234867,CN(C)CCNCc1ccc2Cc3c(n[nH]c3c2c1)c4ccc(cc4)c5ccc(O)cc5,8.28
453,CHEMBL3582213,N#Cc1cc2c(cn1)[nH]c3ncc(cc23)c4ccc(CN5CCCCC5)nc4,8.28
454,CHEMBL3330133,O=C1Nc2sccc2C(=C1c3nc4ccccc4[nH]3)N[C@H]5CCCNC5,8.28
455,CHEMBL3582232,C(N1CCCCC1)c2ccc(cc2)c3cnc4[nH]c5cnc(cc5c4c3)c6cncnc6,8.29
456,CHEMBL3694377,COc1cc(CCN[C@@H](C)c2ccc(F)cc2)ccc1NC(=O)Nc3cnc(cn3)C#N,8.29
457,CHEMBL2013067,C1CN(CCN1)c2ccnc(Nc3ncc(s3)c4cncc(c4)c5cccnc5)c2,8.3
458,CHEMBL563792,CCc1cc2c(Cc3c(n[nH]c23)c4cccnc4)cc1OC5CCOC5,8.3
459,CHEMBL452336,CNCCCn1c2ccc(O)cc2c3c4C(=O)NC(=O)c4c(cc13)c5c(Cl)cccc5Cl,8.3
460,CHEMBL2012858,CNCc1cc(cs1)c2ccc3C(=CC4=NNC(=O)N4c3c2)N,8.3
461,CHEMBL374334,COCCOc1cc2OCCCCCOc3nc(NC(=O)Nc2cc1Cl)cnc3C#N,8.3
462,CHEMBL207596,COc1cc(N)c(Cl)cc1NC(=O)Nc2cnc(cn2)C#N,8.3
463,CHEMBL248396,COc1cc(ccc1O)C#Cc2[nH]nc3c2Cc4cc(OC)c(OC)cc34,8.3
464,CHEMBL248200,COc1cc2Cc3c(n[nH]c3c4ccc(cc4)c5ccc(O)cc5)c2cc1O,8.3
465,CHEMBL248212,COc1cc2Cc3c(n[nH]c3c4ccc(cc4)c5ccc(O)cc5)c2cc1OCCN6CCOCC6,8.3
466,CHEMBL247824,COc1cc2c(Cc3c2n[nH]c3c4ccc(cc4)c5ccc(O)cc5)cc1OCCc6ccncc6,8.3
467,CHEMBL248011,COc1cc2c(Cc3c2n[nH]c3c4ccc(cc4)c5ccc(O)cc5)cc1OCCn6ccnc6,8.3
468,CHEMBL550820,COc1cc2c(cc1OCCCN3CCOCC3)C(=O)c4c(n[nH]c24)c5ccccc5,8.3
469,CHEMBL2381248,COc1ccc2CN(C(=O)c2c1)c3nc(cs3)C(=O)Nc4ccccc4N5CCNCC5,8.3
470,CHEMBL426811,Clc1ccc(OC2CCOCC2)c(NC(=O)Nc3cnc(cn3)C#N)c1,8.3
471,CHEMBL444365,Clc1ccc2OC\C=C/COc3nc(NC(=O)Nc2c1)cnc3C#N,8.3
472,CHEMBL1643236,Cn1cc(cn1)c2cnn3c(N)c(Br)c(C[C@H]4CCC[C@@H](N)C4)nc23,8.3
473,CHEMBL3582209,FC1CCN(Cc2ccc(cc2)c3cnc4[nH]c5cnc(cc5c4c3)C#N)CC1,8.3
474,CHEMBL519248,NC(=O)Nc1sc(cc1C(=O)N[C@H]2CCCNC2)c3ccc(cc3)C(=O)N,8.3
475,CHEMBL470289,NC(=O)Nc1sc(cc1C(=O)N[C@H]2CCCNC2)c3cccc(c3)C(=O)N,8.3
476,CHEMBL1288302,NC(=O)c1cnc(N[C@H]2CCCNC2)c3cc(sc13)c4cc(F)cc(F)c4,8.3
477,CHEMBL1288164,NC(=O)c1cnc(N[C@H]2CCCNC2)c3cc(sc13)c4ccc(F)cc4,8.3
478,CHEMBL1288132,NC(=O)c1cnc(N[C@H]2CCCNC2)c3cc(sc13)c4ccc(cc4)C(F)(F)F,8.3
479,CHEMBL1288279,NC(=O)c1cnc(N[C@H]2CCCNC2)c3cc(sc13)c4ccc5ncccc5c4,8.3
480,CHEMBL1287949,NC(=O)c1cnc(N[C@H]2CCCNC2)c3cc(sc13)c4cccc5[nH]ccc45,8.3
481,CHEMBL1287919,NC(=O)c1cnc(N[C@H]2CCCNC2)c3cc(sc13)c4cccnc4,8.3
482,CHEMBL2037096,O=C(Nc1ccccc1N2CCNCC2)c3csc(n3)c4ccc(Oc5ccccc5)cc4,8.3
483,CHEMBL2037113,O=C(Nc1ccccc1N2CCNCC2)c3csc(n3)c4ccc5sccc5c4,8.3
484,CHEMBL238351,O=C1Nc2cnc(C#N)c(OCC\C=C/COc3ccc(OCCCCCN4CCOCC4)cc3N1)n2,8.3
485,CHEMBL393569,O=C1Nc2cnc(C#N)c(OCC\C=C/COc3ccc(OCCCN4CCOCC4)cc3N1)n2,8.3
486,CHEMBL555940,OC1CCN(C1)c2ccc(Cl)cc2NC(=O)Nc3cnc(cn3)C#N,8.3
487,CHEMBL219637,OCC(O)Cc1cc2OCCCCCOc3nc(NC(=O)Nc2cc1Cl)cnc3C#N,8.3
488,CHEMBL223367,OCCCc1cc2OCCCCCOc3nc(NC(=O)Nc2cc1Cl)cnc3C#N,8.3
489,CHEMBL232805,OCCNC(=O)c1ccc2Cc3c(n[nH]c3c2c1)c4ccc(cc4)c5ccc(O)cc5,8.3
490,CHEMBL550417,O[C@H]1CC(C[C@@H]1O)Oc2ccc(Cl)cc2NC(=O)Nc3cnc(cn3)C#N,8.3
491,CHEMBL3330230,Brc1cc2C(=C(C(=O)Nc2s1)c3nc4ccccc4[nH]3)NC5CCCNC5,8.32
492,CHEMBL272347,COc1cc2NC(=O)c3ccc(cc3Nc2cc1OCC4CCCCO4)c5ccc(c(OC)c5)[N+](=O)[O-],8.32
493,CHEMBL373598,OCCCOc1cc2OCCCCCOc3nc(NC(=O)Nc2cc1Cl)cnc3C#N,8.33
494,CHEMBL3408394,CC(=O)C1=NN(\C(=C/2\S\C(=N/c3nc(cc(c4ccccc4)c3C#N)c5ccccc5)\N(C2=O)c6ccccc6)\S1)c7ccccc7,8.34
495,CHEMBL1223338,CCN(CC)CCNC(=O)C1=CC=C([Se]1)\C=C\2/C(=O)Nc3cc(ccc23)c4ccc(O)cc4,8.34
496,CHEMBL415656,O=C1Nc2ccc(cc2C=C1c3cc4cc(CN5CCCCC5)ccc4[nH]3)C#N,8.34
497,CHEMBL1223116,COc1cc(ccc1O)c2ccc3\C(=C\C4=CC=C([Se]4)C(=O)NCCN5CCCC5)\C(=O)Nc3c2,8.35
498,CHEMBL1223340,Oc1ccc(cc1)c2ccc3\C(=C\C4=CC=C([Se]4)C(=O)NCCN5CCCCO5)\C(=O)Nc3c2,8.35
499,CHEMBL3582205,CC1(C)CCN(Cc2ccc(cc2)c3cnc4[nH]c5cnc(cc5c4c3)C#N)CC1,8.36
500,CHEMBL2203841,CNc1cc(Nc2cnc(C#N)c(O[C@@H]3CCN(C)C3)n2)ncc1c4cnn(C)c4,8.36
501,CHEMBL232804,OCc1ccc2Cc3c(n[nH]c3c2c1)c4ccc(cc4)c5ccc(O)cc5,8.36
502,CHEMBL3582218,NC(=O)c1cc2c(cn1)[nH]c3ncc(cc23)c4ccc(CN5CCCCC5)cc4,8.37
503,CHEMBL400323,NCCCc1cc2C=CNC(=O)c2c3cc(ccc13)c4ccn[nH]4,8.37
504,CHEMBL218171,O=C1Nc2ccc(cc2C=C1c3cc4cc(CN5CCCCC5)ccc4[nH]3)n6ccnc6,8.37
505,CHEMBL3582203,C[C@@H]1C[C@H](C)CN(Cc2ccc(cc2)c3cnc4[nH]c5cnc(cc5c4c3)C#N)C1,8.38
506,CHEMBL3359893,CN1CCN(CC1)c2ccc(cc2)c3cnc4[nH]c5cnc(cc5c4c3)C(=O)O,8.39
507,CHEMBL3694355,COc1cc(OCCNCc2ccc(F)cc2)ccc1NC(=O)Nc3cnc(cn3)C#N,8.39
508,CHEMBL3330148,Clc1cc2C(=C(C(=O)Nc2s1)c3nc4ccccc4[nH]3)NC5CCCNC5,8.39
509,CHEMBL1223528,CC1=CC2=NNC(=O)N2c3cc(ccc13)c4cn[nH]c4,8.4
510,CHEMBL220525,CCNc1cc2OCCCCCOc3nc(NC(=O)Nc2cc1Cl)cnc3C#N,8.4
511,CHEMBL2012859,CN1CCN(Cc2cc(cs2)c3ccc4C(=CC5=NNC(=O)N5c4c3)N)CC1,8.4
512,CHEMBL413224,COc1cc(ccc1N)c2ccc3C(=O)Nc4cc(ccc4Nc3c2)N5CCCC5=O,8.4
513,CHEMBL243721,COc1cc(ccc1N)c2ccc3C(=O)Nc4ccc(cc4Nc3c2)N5CCOCC5,8.4
514,CHEMBL383316,COc1cc(ccc1O)c2ccc3\C(=C\c4c[nH]c5ncccc45)\C(=O)Nc3c2,8.4
515,CHEMBL399254,COc1cc2Cc3c(n[nH]c3c4ccc(Cl)nc4)c2cc1OC,8.4
516,CHEMBL404479,COc1cc2NC(=O)c3ccc(cc3Nc2cc1CCC(C)(C)O)c4ccc(c(OC)c4)[N+](=O)[O-],8.4
517,CHEMBL257703,COc1cc2NC(=O)c3ccc(cc3Nc2cc1OCc4csc(C)n4)c5ccc(c(OC)c5)[N+](=O)[O-],8.4
518,CHEMBL247201,COc1cc2c(Cc3c2n[nH]c3c4ccc(cc4)C#N)cc1OCCCN(C)C,8.4
519,CHEMBL247459,COc1cc2c(Cc3c2n[nH]c3c4ccc(cc4)c5ccc(O)cc5)cc1OCCCN6CCCCC6,8.4
520,CHEMBL2381223,COc1ccc2CN(C(=O)c2c1)c3nc(cs3)C(=O)Nc4cc(F)ccc4N5CCNCC5,8.4
521,CHEMBL549527,COc1cccc(c1)c2ccc3C(=O)Nc4cc(OC)c(OCc5csc(C)n5)cc4Nc3c2,8.4
522,CHEMBL400804,Clc1cc(ccn1)C(=O)Nc2cc3OCCCCOc4nc(NC(=O)Nc3cc2Cl)cnc4C#N,8.4
523,CHEMBL248951,Clc1cc2NC(=O)Nc3cnc(C#N)c(OCCCCOc2cc1NC(=O)c4ccncc4)n3,8.4
524,CHEMBL248757,Clc1cc2NC(=O)Nc3cnc(C#N)c(OCCCCOc2cc1NCc4cncs4)n3,8.4
525,CHEMBL249971,Clc1cc2NC(=O)Nc3cnc(C#N)c(OC\C=C/COc2cc1NCc4cncs4)n3,8.4
526,CHEMBL271084,Cn1c2cc(CCCCN3CCCC3)c(O)cc2c4c5C(=O)NC(=O)c5c(cc14)c6ccccc6Cl,8.4
527,CHEMBL488231,NC(=O)Nc1sc(cc1C(=O)N[C@H]2CCCNC2)c3ccncc3,8.4
528,CHEMBL1288221,NC(=O)c1cnc(N[C@H]2CCCNC2)c3cc(sc13)c4ccc(F)c(Cl)c4,8.4
529,CHEMBL1288043,NC(=O)c1cnc(N[C@H]2CCCNC2)c3cc(sc13)c4ccc(Oc5ccccc5)cc4,8.4
530,CHEMBL1288042,NC(=O)c1cnc(N[C@H]2CCCNC2)c3cc(sc13)c4ccc5sccc5c4,8.4
531,CHEMBL1288303,NC(=O)c1cnc(N[C@H]2CCCNC2)c3cc(sc13)c4cccc(Cl)c4,8.4
532,CHEMBL1287920,NC(=O)c1cnc(N[C@H]2CCCNC2)c3cc(sc13)c4ccccc4,8.4
533,CHEMBL221862,NCC1CCN(Cc2ccc3[nH]c(cc3c2)C4=Cc5cc(ccc5NC4=O)C#N)CC1,8.4
534,CHEMBL2037112,O=C(Nc1ccccc1N2CCNCC2)c3csc(n3)c4ccc5[nH]ccc5c4,8.4
535,CHEMBL235605,O=C1Nc2cnc(C#N)c(OCCCCOc3ccc(OCCCCN4CCOCC4)cc3N1)n2,8.4
536,CHEMBL235163,O=C1Nc2cnc(C#N)c(OC\C=C/COc3ccc(OCCCCN4CCOCC4)cc3N1)n2,8.4
537,CHEMBL235161,O=C1Nc2cnc(C#N)c(OC\C=C/COc3ccc(OCCCN4CCOCC4)cc3N1)n2,8.4
538,CHEMBL223640,OCCN(CCO)c1cc2OCCCCCOc3nc(NC(=O)Nc2cc1Cl)cnc3C#N,8.4
539,CHEMBL560210,Oc1cc2ccccc2cc1NC(=O)Nc3cnc(cn3)C#N,8.4
540,CHEMBL248680,COc1cc2c(Cc3c(n[nH]c23)c4ccc(nc4)C#N)cc1OCCN5CCOCC5,8.42
541,CHEMBL1928701,Clc1cccc2cc(Nc3cnc(C#N)c(OC4CCCNC4)n3)ncc12,8.42
542,CHEMBL1223118,COc1cc(ccc1O)c2ccc3\C(=C\C4=CC=C([Se]4)C(=O)NCCCn5ccnc5)\C(=O)Nc3c2,8.43
543,CHEMBL400744,COc1cc2c(Cc3c(n[nH]c23)c4ccc(nc4)C#N)cc1OCc5ccccn5,8.43
544,CHEMBL2381116,COc1ccc2CN(C(=O)c2c1)c3nc(cs3)C(=O)Nc4cnccc4N5CCNCC5,8.43
545,CHEMBL249834,NCCCc1cc2C(=CNC(=O)c2c3cc(ccc13)c4cn[nH]c4)c5cccc(F)c5,8.43
546,CHEMBL401156,NCCCc1cc2C(=CNC(=O)c2c3cc(ccc13)c4cn[nH]c4)C=C,8.44
547,CHEMBL3330227,Clc1cc2C(=C(C(=O)Nc2s1)c3nc4ccccc4[nH]3)N[C@H]5CCCNC5,8.45
548,CHEMBL398606,CC(C)NCc1ccc(Nc2cc([nH]n2)c3ccc(cc3)c4ccc(O)cc4O)cc1,8.46
549,CHEMBL3408395,CCOC(=O)C1=NN(\C(=C/2\S\C(=N/c3nc(cc(c4ccccc4)c3C#N)c5ccccc5)\N(C2=O)c6ccccc6)\S1)c7ccccc7,8.46
550,CHEMBL257067,COc1cc2NC(=O)c3ccc(cc3Nc2cc1CCO)c4ccc(c(OC)c4)[N+](=O)[O-],8.46
551,CHEMBL3694349,COc1ccc(CNCCc2ccc(NC(=O)Nc3cnc(cn3)C#N)cc2Cl)cc1,8.46
552,CHEMBL250033,NCCCc1cc2C(=CNC(=O)c2c3cc(ccc13)c4cn[nH]c4)c5ccc(F)cc5,8.46
553,CHEMBL249224,NCCCc1cc2C=CNC(=O)c2c3cc(ccc13)c4cn[nH]c4,8.46
554,CHEMBL2203842,CNc1cc(Nc2cnc(C#N)c(O[C@H]3CCN(C)C3)n2)ncc1c4cnn(C)c4,8.47
555,CHEMBL403192,COc1cc2NC(=O)c3ccc(cc3Nc2cc1CC(C)(C)O)c4ccc(c(OC)c4)[N+](=O)[O-],8.47
556,CHEMBL3694384,COc1cc(CCNCc2ccc(cc2)N3CCN(C)CC3)ccc1NC(=O)Nc4cnc(cn4)C#N,8.48
557,CHEMBL3694376,COc1cc(CCN[C@H](C)c2ccc(F)cc2)ccc1NC(=O)Nc3cnc(cn3)C#N,8.48
558,CHEMBL210242,Cc1ccc2nc(O)c(c(NC3CCNCC3)c2c1)c4nc5ccccc5[nH]4,8.48
559,CHEMBL381952,Oc1nc2ccc(Cl)cc2c(NC3CCNCC3)c1c4nc5ccccc5[nH]4,8.48
560,CHEMBL249177,Cc1[nH]nc2c3cc(C4CCCCC4)c(cc3N(C[C@@H](F)CN)C(=O)c12)C5CCCCC5,8.5
561,CHEMBL550209,Clc1ccc(N2CCCC2)c(NC(=O)Nc3cnc(cn3)C#N)c1,8.5
562,CHEMBL195373,Clc1ccc(OC2CCOC2)c(NC(=O)Nc3cnc(cn3)C#N)c1,8.5
563,CHEMBL248911,N#Cc1ccc(cn1)c2n[nH]c3c2Cc4ccc(OCCCN5CCOCC5)cc34,8.5
564,CHEMBL404152,COCCOCCOc1cc2Nc3cc(ccc3C(=O)Nc2cc1OC)c4ccc(c(OC)c4)[N+](=O)[O-],8.51
565,CHEMBL248870,COc1cc2c(Cc3c(n[nH]c23)c4ccc(nc4)C#N)cc1OCCO,8.51
566,CHEMBL398612,Cc1[nH]nc2c3cc(C4CCCCC4)c(cc3N(C[C@H](F)CN)C(=O)c12)C5CCCCC5,8.51
567,CHEMBL220973,CC(=O)N1CCN(Cc2ccc3[nH]c(cc3c2)C4=Cc5cc(ccc5NC4=O)c6cnn(C)c6)CC1,8.52
568,CHEMBL400575,CCNc1cc2OCCCCOc3nc(NC(=O)Nc2cc1Cl)cnc3C#N,8.52
569,CHEMBL272479,CN(C)CCCOc1cc2[nH]c3cc(c4ccccc4Cl)c5C(=O)NC(=O)c5c3c2cc1O,8.52
570,CHEMBL516488,CNCC(O)Cn1c2ccc(O)cc2c3c4C(=O)NC(=O)c4c(cc13)c5ccccc5Cl,8.52
571,CHEMBL429819,COC(=O)Cc1ccc2Nc3cc(ccc3C(=O)Nc2c1)c4ccc(N)c(OC)c4,8.52
572,CHEMBL2012879,COCC1=CC2=NNC(=O)N2c3cc(ccc13)c4ccsc4,8.52
573,CHEMBL400806,COCCCOc1cc2OCCCCOc3nc(NC(=O)Nc2cc1Cl)cnc3C#N,8.52
574,CHEMBL381517,COc1cc(NC(=O)CN(C)C)c(Cl)cc1NC(=O)Nc2cnc(cn2)C#N,8.52
575,CHEMBL3694366,COc1cc(OCCNCc2ccc(F)cc2F)ccc1NC(=O)Nc3cnc(cn3)C#N,8.52
576,CHEMBL248871,COc1cc2Cc3c(n[nH]c3c2cc1OCCN4CCOCC4)c5ccc(nc5)C#N,8.52
577,CHEMBL400790,COc1cc2Cc3c(n[nH]c3c4ccc(cc4)c5ccc(O)cc5)c2cc1OCCn6ccnc6,8.52
578,CHEMBL245401,COc1cc2c(Cc3c2n[nH]c3c4ccc(cc4)C#N)cc1C(=O)N[C@@H]5CC[C@@H](O)CC5,8.52
579,CHEMBL400893,COc1cc2c(Cc3c2n[nH]c3c4ccc(cc4)C#N)cc1OC(CO)CO,8.52
580,CHEMBL247588,COc1cc2c(Cc3c2n[nH]c3c4ccc(cc4)C#N)cc1OCC5CCOC5,8.52
581,CHEMBL400689,COc1cc2c(Cc3c2n[nH]c3c4ccc(cc4)C#N)cc1OCCCN5CCOCC5,8.52
582,CHEMBL2381102,COc1ccc(cc1)c2cc(Nc3nc(cs3)C(=O)Nc4ccccc4N5CCNCC5)[nH]n2,8.52
583,CHEMBL1288009,COc1ccc(cc1)c2cc3c(N[C@H]4CCCNC4)ncc(C(=O)N)c3s2,8.52
584,CHEMBL1287865,COc1ccc(cn1)c2cc3c(N[C@H]4CCCNC4)ncc(C(=O)N)c3s2,8.52
585,CHEMBL1287979,COc1cccc(c1)c2cc3c(N[C@H]4CCCNC4)ncc(C(=O)N)c3s2,8.52
586,CHEMBL250173,C[C@H](N)C(=O)Nc1cc2OC\C=C/COc3nc(NC(=O)Nc2cc1Cl)cnc3C#N,8.52
587,CHEMBL219979,Clc1cc2NC(=O)Nc3cnc(C#N)c(OCCCCCOc2cc1OCCn4ccnc4)n3,8.52
588,CHEMBL248952,Clc1cc2NC(=O)Nc3cnc(C#N)c(OCCCCOc2cc1NC(=O)OCCN4CCOCC4)n3,8.52
589,CHEMBL400668,Clc1cc2NC(=O)Nc3cnc(C#N)c(OC\C=C/COc2cc1NC(=O)OCCN4CCOCC4)n3,8.52
590,CHEMBL1643208,Cn1cc(cn1)c2cnn3c(N)c(Br)c(nc23)C4CCCNC4,8.52
591,CHEMBL2386889,Cn1cc(cn1)c2cnn3c(N)c(Br)c(nc23)[C@@H]4CCCNC4,8.52
592,CHEMBL1643207,Cn1cc(cn1)c2cnn3c(N)c(Cl)c(nc23)C4CCCNC4,8.52
593,CHEMBL1643209,Cn1cc(cn1)c2cnn3c(N)c(I)c(nc23)C4CCCNC4,8.52
594,CHEMBL471096,NC(=O)Nc1sc(cc1C(=O)N[C@@H]2CCCCNC2)c3ccccc3,8.52
595,CHEMBL519913,NC(=O)Nc1sc(cc1C(=O)N[C@H]2CCCNC2)c3cccs3,8.52
596,CHEMBL1288162,NC(=O)c1cnc(N[C@H]2CCCCNC2)c3cc(sc13)c4ccc(Cl)cc4,8.52
597,CHEMBL1231626,NC(=O)c1cnc(N[C@H]2CCCNC2)c3cc(sc13)c4ccc(Cl)cc4,8.52
598,CHEMBL1288010,NC(=O)c1cnc(N[C@H]2CCCNC2)c3cc(sc13)c4cccc(CO)c4,8.52
599,CHEMBL1288305,NC(=O)c1cnc(N[C@H]2CCCNC2)c3cc(sc13)c4cccc(c4)N5CCCC5,8.52
600,CHEMBL1287891,NC(=O)c1cnc(N[C@H]2CCCNC2)c3cc(sc13)c4ccncc4,8.52
601,CHEMBL249796,NCCc1cc2C=CNC(=O)c2c3cc(Br)ccc13,8.52
602,CHEMBL428409,NCCc1cc2C=CNC(=O)c2c3cc(ccc13)c4cn[nH]c4,8.52
603,CHEMBL373897,Nc1cc2OCCCCCOc3nc(NC(=O)Nc2cc1Cl)cnc3C#N,8.52
604,CHEMBL2381222,O=C(Nc1cnccc1N2CCNCC2)c3csc(Nc4n[nH]c5ccccc45)n3,8.52
605,CHEMBL2381112,O=C(Nc1cnccc1N2CCNCC2)c3csc(n3)c4cc5ccccc5s4,8.52
606,CHEMBL2381221,O=C(Nc1cnccc1N2CCNCC2)c3csc(n3)n4ncc5ccccc45,8.52
607,CHEMBL236023,O=C1Nc2cnc(C#N)c(OCCCCCOc3ccc(OCCCCCN4CCOCC4)cc3N1)n2,8.52
608,CHEMBL235801,O=C1Nc2cnc(C#N)c(OCCCCCOc3ccc(OCCCCN4CCOCC4)cc3N1)n2,8.52
609,CHEMBL235606,O=C1Nc2cnc(C#N)c(OCCCCOc3ccc(OCCCCCN4CCCOC4)cc3N1)n2,8.52
610,CHEMBL223257,OCC(O)COc1cc2OCCCCCOc3nc(NC(=O)Nc2cc1Cl)cnc3C#N,8.52
611,CHEMBL221863,Brc1ccc2NC(=O)C(=Cc2c1)c3cc4cc(CN5CCCCC5)ccc4[nH]3,8.54
612,CHEMBL3582231,C(N1CCCCC1)c2ccc(cc2)c3cnc4[nH]c5cnc(cc5c4c3)c6ccnnc6,8.54
613,CHEMBL2204590,CNc1cc(Nc2cnc(C#N)c(O[C@H](C)CN(C)C)n2)ncc1C#CC(C)(C)O,8.54
614,CHEMBL3694354,COc1cc(CCNCc2ccc(F)cc2)ccc1NC(=O)Nc3cnc(cn3)C#N,8.55
615,CHEMBL3694389,COc1cc(CNCc2ccccc2)c(Cl)cc1NC(=O)Nc3cnc(cn3)C#N,8.55
616,CHEMBL603469,C[C@]12O[C@H](C[C@]1(O)CO)n3c4ccccc4c5c6C(=O)NCc6c7c8ccccc8n2c7c35,8.55
617,CHEMBL491263,Cl.CO[C@@H]1[C@@H](CN)O[C@@H]2[C@H]([C@H]1O)n3c4ccccc4c5c6C(=O)NC(=O)c6c7c8ccccc8n2c7c35,8.55
618,CHEMBL1276955,Cl.NC(=N)NCCNC(=O)c1cccc(CNC(=O)c2cc3C(=O)NC(=O)c3c4c5cc(O)ccc5[nH]c24)c1,8.55
619,CHEMBL3694364,COc1cc(CCNCCc2ccc(F)cc2)ccc1NC(=O)Nc3cnc(cn3)C#N,8.57
620,CHEMBL220946,C(N1CCCCC1)c2ccc3[nH]c(cc3c2)c4n[nH]c5cc(ccc45)n6ccnn6,8.59
621,CHEMBL1223044,COc1cc(ccc1O)c2ccc3\C(=C\C4=CC=C([Se]4)C(=O)NCCN(C)C)\C(=O)Nc3c2,8.59
622,CHEMBL400796,COc1cc2Cc3c(n[nH]c3c2cc1OCCO)c4ccc(nc4)C#N,8.59
623,CHEMBL255183,COc1cc2NC(=O)c3ccc(cc3Nc2cc1CCCO)c4ccc(c(OC)c4)[N+](=O)[O-],8.59
624,CHEMBL248720,N#Cc1ccc(cn1)c2n[nH]c3c2Cc4ccc(OCCCN5CCCCC5)cc34,8.59
625,CHEMBL249632,NCCCc1cc2C(=CNC(=O)c2c3cc(ccc13)c4cn[nH]c4)c5ccccc5F,8.59
626,CHEMBL3408396,O=C(Nc1ccccc1)C2=NN(\C(=C/3\S\C(=N/c4nc(cc(c5ccccc5)c4C#N)c6ccccc6)\N(C3=O)c7ccccc7)\S2)c8ccccc8,8.59
627,CHEMBL220653,CC(=O)N1CCN(Cc2ccc3[nH]c(cc3c2)C4=Cc5cc(ccc5NC4=O)c6cn[nH]c6)CC1,8.6
628,CHEMBL540756,CC(C)(O)c1ccc2Nc3cc(Nc4ccncc4)ccc3C(=O)Nc2c1,8.6
629,CHEMBL400795,COc1cc2c(Cc3c(n[nH]c23)c4ccc(nc4)C#N)cc1OCCc5scnc5C,8.6
630,CHEMBL559621,COc1cc2c(Cc3c(n[nH]c23)c4ccccc4)cc1OCCCN5CCOCC5,8.6
631,CHEMBL559425,COc1cccc(c1)c2ccc3C(=O)Nc4cc(CCC(=O)N(C)C)ccc4Nc3c2,8.6
632,CHEMBL3582212,N#Cc1cc2c(cn1)[nH]c3ncc(cc23)c4ccc(CN5CCC6(CC5)COC6)cc4,8.6
633,CHEMBL400127,NCCc1cc2C=CNC(=O)c2c3cc(ccc13)c4ccn[nH]4,8.6
634,CHEMBL400350,NCCCc1cc2C=CNC(=O)c2c3cc(ccc13)c4ccc[nH]4,8.62
635,CHEMBL3330232,COc1ccc2[nH]c(nc2c1)C3=C(N[C@H]4CCCNC4)c5cc(Cl)sc5NC3=O,8.63
636,CHEMBL3582230,C(N1CCCCC1)c2ccc(cc2)c3cnc4[nH]c5cnc(cc5c4c3)c6cnccn6,8.64
637,CHEMBL219731,CC(=O)N1CCN(Cc2ccc3[nH]c(cc3c2)c4n[nH]c5cc(ccc45)c6nnn[nH]6)CC1,8.64
638,CHEMBL3582215,CCN1CCc2cc(ccc2C1)c3cnc4[nH]c5cnc(cc5c4c3)C#N,8.64
639,CHEMBL3359894,CN1CCN(CC1)c2ccc(cc2)c3cnc4[nH]c5cnc(cc5c4c3)C(=O)N,8.64
640,CHEMBL232806,CNC(=O)c1ccc2Cc3c(n[nH]c3c2c1)c4ccc(cc4)c5ccc(O)cc5,8.64
641,CHEMBL444630,COc1cc2c(Cc3c(n[nH]c23)c4ccc(cc4)c5ccc(O)cc5)cc1C(=O)N6CCN(C)CC6,8.64
642,CHEMBL249044,NCCCc1cc2C(=CNC(=O)c2c3cc(ccc13)c4cn[nH]c4)Br,8.64
643,CHEMBL392516,CCCCNCC(=O)Nc1ccc2c(Cc3c(n[nH]c23)c4ccc(cc4)c5ccc(O)cc5)c1,8.68
644,CHEMBL374518,COCC(=O)N1CCN(Cc2ccc3[nH]c(cc3c2)C4=Cc5cc(ccc5NC4=O)c6cn[nH]c6)CC1,8.68
645,CHEMBL3582202,C[C@@H]1CCC[C@H](C)N1Cc2ccc(cc2)c3cnc4[nH]c5cnc(cc5c4c3)C#N,8.68
646,CHEMBL1287862,CC(=O)Nc1cccc(c1)c2cc3c(N[C@H]4CCCNC4)ncc(C(=O)N)c3s2,8.7
647,CHEMBL219689,CCN(CC)CC#Cc1cc2OCCCCCOc3nc(NC(=O)Nc2cc1Cl)cnc3C#N,8.7
648,CHEMBL246842,CCN(CC)CC(CN(CC)CC)Oc1cc2c(Cc3c2n[nH]c3c4ccc(cc4)c5ccc(O)cc5)cc1OC,8.7
649,CHEMBL249238,CN(C)CCNC(=O)c1ccc2c(CCCN)cc3C=CNC(=O)c3c2c1,8.7
650,CHEMBL400574,CN(C)c1cc2OCCCCOc3nc(NC(=O)Nc2cc1Cl)cnc3C#N,8.7
651,CHEMBL400693,CN(C)c1cc2OC\C=C/COc3nc(NC(=O)Nc2cc1Cl)cnc3C#N,8.7
652,CHEMBL455192,CNCCCn1c2ccc(O)cc2c3c4C(=O)NC(=O)c4c(cc13)c5ccccc5,8.7
653,CHEMBL223672,CNc1cc2OCCCCCOc3nc(NC(=O)Nc2cc1Cl)cnc3C#N,8.7
654,CHEMBL248755,CNc1cc2OCCCCOc3nc(NC(=O)Nc2cc1Cl)cnc3C#N,8.7
655,CHEMBL249764,CNc1cc2OC\C=C/COc3nc(NC(=O)Nc2cc1Cl)cnc3C#N,8.7
656,CHEMBL395775,COc1cc(ccc1N)c2ccc3C(=O)Nc4cc(CCC(=O)N(C)C)ccc4Nc3c2,8.7
657,CHEMBL242412,COc1cc(ccc1N)c2ccc3C(=O)Nc4cc(ccc4Nc3c2)N5CCCS5(=O)=O,8.7
658,CHEMBL247026,COc1cc2Cc3c(n[nH]c3c4ccc(F)nc4)c2cc1OC,8.7
659,CHEMBL397313,COc1cc2Cc3c(n[nH]c3c4ccc(cc4)C(=O)O)c2cc1OC,8.7
660,CHEMBL245796,COc1cc2Cc3c(n[nH]c3c4ccc(cc4)c5ccc(O)cc5)c2cc1OC,8.7
661,CHEMBL398465,COc1cc2Cc3c(n[nH]c3c4ccc(cc4)c5ccc(O)cc5)c2cc1OC(C)CN(C)C,8.7
662,CHEMBL245602,COc1cc2Cc3c(n[nH]c3c4ccc(cc4)c5ccc(O)cc5)c2cc1OCCN6CCCC6,8.7
663,CHEMBL541515,COc1cc2NC(=O)c3ccc(Nc4cc(F)nc(F)c4)cc3Nc2cc1OCCCCO,8.7
664,CHEMBL247396,COc1cc2c(Cc3c2n[nH]c3c4ccc(cc4)C#N)cc1Cn5ccnc5,8.7
665,CHEMBL247222,COc1cc2c(Cc3c2n[nH]c3c4ccc(cc4)C#N)cc1O,8.7
666,CHEMBL247590,COc1cc2c(Cc3c2n[nH]c3c4ccc(cc4)C#N)cc1OC5CCOC5,8.7
667,CHEMBL247827,COc1cc2c(Cc3c2n[nH]c3c4ccc(cc4)c5ccc(O)cc5)cc1OC(C)CN(C)C,8.7
668,CHEMBL391989,COc1cc2c(Cc3c2n[nH]c3c4ccc(cc4)c5ccc(O)cc5)cc1OCCN(C)C,8.7
669,CHEMBL429294,COc1cc2c(Cc3c2n[nH]c3c4ccc(cc4)c5ccc(O)cc5)cc1OCCN6CCOCC6,8.7
670,CHEMBL248007,COc1cc2c(Cc3c2n[nH]c3c4ccc(cc4)c5ccc(O)cc5)cc1OCC[C@@H]6CCCN6,8.7
671,CHEMBL1288133,CS(=O)(=O)c1ccc(cc1)c2cc3c(N[C@H]4CCCNC4)ncc(C(=O)N)c3s2,8.7
672,CHEMBL223589,Clc1cc2NC(=O)Nc3cnc(C#N)c(OCCCCCOc2cc1NC(=O)CCNC4CCCC4)n3,8.7
673,CHEMBL375144,Cn1cncc1CNc2cc3OCCCCCOc4nc(NC(=O)Nc3cc2Cl)cnc4C#N,8.7
674,CHEMBL3694343,Fc1cccc(CNCCc2ccc(NC(=O)Nc3cnc(cn3)C#N)cc2Cl)c1,8.7
675,CHEMBL1288101,NC(=O)Nc1sc(cc1C(=O)NC2CCCCC2)c3ccc(Cl)cc3,8.7
676,CHEMBL1287892,NC(=O)c1cnc(N[C@H]2CCCNC2)c3cc(sc13)c4ccc(F)c(F)c4,8.7
677,CHEMBL1287863,NC(=O)c1cnc(N[C@H]2CCCNC2)c3cc(sc13)c4cccc(N)c4,8.7
678,CHEMBL1288222,NC(=O)c1cnc(N[C@H]2CCCNC2)c3cc(sc13)c4oc5ccccc5c4,8.7
679,CHEMBL249240,NCCCc1cc2C(=CNC(=O)c2c3cc(ccc13)c4cn[nH]c4)c5ccccc5,8.7
680,CHEMBL249241,NCCCc1cc2C(=CNC(=O)c2c3cc(ccc13)c4cn[nH]c4)c5ccccc5O,8.7
681,CHEMBL2381249,O=C(Nc1ccccc1N2CCNCC2)c3csc(Nc4n[nH]c5ccccc45)n3,8.7
682,CHEMBL2381246,O=C(Nc1ccccc1N2CCNCC2)c3csc(n3)n4ncc5ccccc45,8.7
683,CHEMBL2381115,O=C(Nc1cnccc1N2CCNCC2)c3csc(n3)N4Cc5ccccc5C4=O,8.7
684,CHEMBL235604,O=C1Nc2cnc(C#N)c(OCCCCOc3ccc(OCCCN4CCOCC4)cc3N1)n2,8.7
685,CHEMBL235381,O=C1Nc2cnc(C#N)c(OC\C=C/COc3ccc(OCCCCCN4CCCOC4)cc3N1)n2,8.7
686,CHEMBL398757,OCCCOc1cc2OC\C=C/COc3nc(NC(=O)Nc2cc1Cl)cnc3C#N,8.7
687,CHEMBL222421,OCCNc1cc2OCCCCCOc3nc(NC(=O)Nc2cc1Cl)cnc3C#N,8.7
688,CHEMBL249765,OCCNc1cc2OC\C=C/COc3nc(NC(=O)Nc2cc1Cl)cnc3C#N,8.7
689,CHEMBL551086,O[C@@H]1CC(COc2ccc(Cl)cc2NC(=O)Nc3cnc(cn3)C#N)C[C@@H]1O,8.7
690,CHEMBL3582200,CN1CCN(CC1)c2cccc(c2)c3cnc4[nH]c5cnc(cc5c4c3)C#N,8.72
691,CHEMBL270417,COc1cc2Nc3cc(ccc3C(=O)Nc2cc1CCCO)c4ccc(c(OC)c4)[N+](=O)[O-],8.72
692,CHEMBL3582208,O[C@@H]1CCCN(Cc2ccc(cc2)c3cnc4[nH]c5cnc(cc5c4c3)C#N)C1,8.72
693,CHEMBL400797,N#Cc1ccc(cn1)c2n[nH]c3c2Cc4ccc(OCCOCCN5CCOCC5)cc34,8.75
694,CHEMBL3582207,OC1CCN(Cc2ccc(cc2)c3cnc4[nH]c5cnc(cc5c4c3)C#N)CC1,8.75
695,CHEMBL2013168,CS(=O)(=O)N1CCN(CC1)c2ccnc(Nc3ncc(s3)c4cncc(c4)C(=O)NCC(F)(F)F)c2,8.77
696,CHEMBL3408393,O=C1N(\C(=N\c2nc(cc(c3ccccc3)c2C#N)c4ccccc4)\S/C/1=C/5\SC(=NN5c6ccccc6)c7ccccc7)c8ccccc8,8.78
697,CHEMBL3694370,COc1cc(CCNCc2ccc(F)cc2)c(Cl)cc1NC(=O)Nc3cnc(cn3)C#N,8.8
698,CHEMBL558077,COc1cc(ccc1[N+](=O)[O-])c2ccc3C(=O)Nc4cc(ccc4Nc3c2)C(C)(C)CO,8.8
699,CHEMBL3694393,COc1ccc(CNCc2ccc(NC(=O)Nc3cnc(cn3)C#N)c(OC)c2)cc1,8.8
700,CHEMBL2013167,FC(F)(F)CNC(=O)c1cncc(c1)c2cnc(Nc3cc(ccn3)N4CCOCC4)s2,8.8
701,CHEMBL542007,Nc1cc2OC\C=C\CCOc3cncc(NC(=O)Nc2cc1Cl)n3,8.8
702,CHEMBL249283,CC(=O)N1CCN(CCCCOc2ccc3Cc4c(n[nH]c4c3c2)c5ccc(nc5)C#N)CC1,8.82
703,CHEMBL398754,CN1CCN(CCCOc2ccc3Cc4c(n[nH]c4c3c2)c5ccc(nc5)C#N)CC1,8.82
704,CHEMBL3694368,CN1CCN(CC1)c2ccc(CNCCc3ccc(NC(=O)Nc4cnc(cn4)C#N)cc3Cl)cc2,8.85
705,CHEMBL382437,Cc1ccc2nc(O)c(c(NC3CCCNC3)c2c1)c4nc5ccccc5[nH]4,8.85
706,CHEMBL249114,N#Cc1ccc(cn1)c2n[nH]c3c2Cc4ccc(OCCCCCN5CCOCC5)cc34,8.85
707,CHEMBL2011351,NCCCNC(=O)c1cncc(c1)c2cnc(Nc3cc(ccn3)N4CCOCC4)s2,8.85
708,CHEMBL3582224,C(N1CCCCC1)c2ccc(cc2)c3cnc4[nH]c5cnc(cc5c4c3)c6cncs6,8.89
709,CHEMBL3359895,CN1CCN(CC1)c2ccc(cc2)c3cnc4[nH]c5cnc(cc5c4c3)C#N,8.89
710,CHEMBL537964,O[C@H]1CCCN(C1)c2ccc(Br)cc2NC(=O)Nc3cnc(cn3)C#N,8.9
711,CHEMBL3694378,CCOc1cc(CCNCc2ccc(F)cc2)c(Cl)cc1NC(=O)Nc3cnc(cn3)C#N,8.92
712,CHEMBL3694353,COc1cc(CCNCc2cccc(F)c2)c(Cl)cc1NC(=O)Nc3cnc(cn3)C#N,8.92
713,CHEMBL250843,Cc1[nH]nc2c3cc(Cl)ccc3N(CCCN)C(=O)c12,8.92
714,CHEMBL249323,N#Cc1ccc(cn1)c2n[nH]c3c2Cc4ccc(CCCCN5CCOCC5)cc34,8.92
715,CHEMBL250272,NCCCc1cc2C(=CNC(=O)c2c3cc(ccc13)c4cn[nH]c4)c5ccc(Cl)cc5,8.92
716,CHEMBL250459,NCCCc1cc2C(=CNC(=O)c2c3cc(ccc13)c4cn[nH]c4)c5ccc(Cl)cc5Cl,8.92
717,CHEMBL234654,O[C@@H]1CC[C@H](CC1)NCC(=O)Nc2ccc3c(Cc4c(n[nH]c34)c5ccc(cc5)c6ccc(O)cc6)c2,8.92
718,CHEMBL241024,Oc1ccc(c(O)c1)c2ccc(cc2)c3cc(Nc4ccccc4)n[nH]3,8.92
719,CHEMBL3582226,C(N1CCCCC1)c2ccc(cc2)c3cnc4[nH]c5cnc(cc5c4c3)c6conc6,8.96
720,CHEMBL249075,COc1cc2Cc3c(n[nH]c3c2cc1OCCc4scnc4C)c5ccc(nc5)C#N,8.96
721,CHEMBL234402,COc1cc2c(Cc3c(n[nH]c23)c4ccc(cc4)c5ccc(O)cc5)cc1CN6CCC(O)CC6,8.96
722,CHEMBL250481,Cc1[nH]nc2c3cc(C4CCCCC4)c(cc3N(CCCN)C(=O)c12)C5CCCCC5,8.96
723,CHEMBL221864,Cn1cc(cn1)c2ccc3NC(=O)C(=Cc3c2)c4cc5cc(CN6CCCCC6)ccc5[nH]4,8.96
724,CHEMBL251755,N#Cc1ccc(cn1)c2n[nH]c3c2Cc4ccc(OCCCn5ccnc5)cc34,8.96
725,CHEMBL210639,Oc1nc2ccc(Cl)cc2c(NC3CCCNC3)c1c4nc5ccccc5[nH]4,8.98
726,CHEMBL1287864,CN(C)C(=O)c1ccc(cc1)c2cc3c(N[C@H]4CCCNC4)ncc(C(=O)N)c3s2,9.0
727,CHEMBL220473,CN(C)CC(=O)Nc1cc2OCCCCCOc3nc(NC(=O)Nc2cc1Cl)cnc3C#N,9.0
728,CHEMBL219875,CN(C)CCOc1cc2OCCCCCOc3nc(NC(=O)Nc2cc1Cl)cnc3C#N,9.0
729,CHEMBL2011355,CNCCNC(=O)c1cncc(c1)c2cnc(Nc3cc(ccn3)N4CCOCC4)s2,9.0
730,CHEMBL1223185,COc1cc(ccc1O)c2ccc3\C(=C\C4=CC(=C(C)[Se]4)C(=O)NCCN5CCOCC5)\C(=O)Nc3c2,9.0
731,CHEMBL396372,COc1cc2c(Cc3c2n[nH]c3c4ccc(cc4)C#N)cc1OC5CCOCC5,9.0
732,CHEMBL400286,COc1cc2c(Cc3c2n[nH]c3c4ccc(cc4)c5ccc(O)cc5)cc1O,9.0
733,CHEMBL248008,COc1cc2c(Cc3c2n[nH]c3c4ccc(cc4)c5ccc(O)cc5)cc1OCCN6CCCCC6,9.0
734,CHEMBL401177,C[C@@H]1CN(CCCOc2ccc3Cc4c(n[nH]c4c3c2)c5ccc(nc5)C#N)C[C@H](C)O1,9.0
735,CHEMBL401196,Clc1cc2NC(=O)Nc3cnc(C#N)c(OCCCCOc2cc1OC(=O)N4CCC(CC4)N5CCCCC5)n3,9.0
736,CHEMBL249364,Clc1cc2NC(=O)Nc3cnc(C#N)c(OCCCCOc2cc1OCCCN4CCOCC4)n3,9.0
737,CHEMBL248554,Clc1cc2NC(=O)Nc3cnc(C#N)c(OC\C=C/COc2cc1OC(=O)N4CCC(CC4)N5CCCCC5)n3,9.0
738,CHEMBL248553,Clc1cc2NC(=O)Nc3cnc(C#N)c(OC\C=C/COc2cc1OCCN4CCOCC4)n3,9.0
739,CHEMBL220956,FC1CCN(Cc2ccc3[nH]c(cc3c2)C4=Cc5cc(ccc5NC4=O)c6cn[nH]c6)CC1,9.0
740,CHEMBL3582201,N#Cc1cc2c(cn1)[nH]c3ncc(cc23)c4ccc(CN5CCCCC5)cc4,9.0
741,CHEMBL248910,N#Cc1ccc(cn1)c2n[nH]c3c2Cc4ccc(OCCCC5CCNCC5)cc34,9.0
742,CHEMBL1288278,NC(=O)c1ccc(cc1)c2cc3c(N[C@H]4CCCNC4)ncc(C(=O)N)c3s2,9.0
743,CHEMBL1231624,NC(=O)c1nnc(N[C@H]2CCCNC2)c3cc(sc13)c4ccc(Cl)cc4,9.0
744,CHEMBL373732,NCCCOc1cc2OCCCCCOc3nc(NC(=O)Nc2cc1Cl)cnc3C#N,9.0
745,CHEMBL249441,NCCCc1cc2C(=CNC(=O)c2c3cc(ccc13)c4cn[nH]c4)c5cccc(O)c5,9.0
746,CHEMBL248555,Nc1cc2OCCCCOc3nc(NC(=O)Nc2cc1Cl)cnc3C#N,9.0
747,CHEMBL249156,OCCCOc1cc2OCCCCOc3nc(NC(=O)Nc2cc1Cl)cnc3C#N,9.0
748,CHEMBL437772,OCCN(CCO)c1cc2OC\C=C/COc3nc(NC(=O)Nc2cc1Cl)cnc3C#N,9.0
749,CHEMBL401337,OCCOc1cc2OC\C=C/COc3nc(NC(=O)Nc2cc1Cl)cnc3C#N,9.0
750,CHEMBL256192,COc1cc2NC(=O)c3ccc(cc3Nc2cc1OCCCN)c4ccc(c(OC)c4)[N+](=O)[O-],9.01
751,CHEMBL3582228,C(N1CCCCC1)c2ccc(cc2)c3cnc4[nH]c5cnc(cc5c4c3)c6cccnc6,9.02
752,CHEMBL3582225,C(N1CCCCC1)c2ccc(cc2)c3cnc4[nH]c5cnc(cc5c4c3)c6ocnn6,9.02
753,CHEMBL248719,N#Cc1ccc(cn1)c2n[nH]c3c2Cc4ccc(OCCCN5CCCOCC5)cc34,9.04
754,CHEMBL410195,COc1cc2NC(=O)c3ccc(cc3Nc2cc1O)c4ccc(c(OC)c4)[N+](=O)[O-],9.05
755,CHEMBL234869,COc1cc2c(Cc3c(n[nH]c23)c4ccc(cc4)c5ccc(O)cc5)cc1C(=O)NCCN6CCCC6,9.08
756,CHEMBL220601,O=C1Nc2ccc(cc2C=C1c3cc4cc(CN5CCOCC5)ccc4[nH]3)c6cn[nH]c6,9.08
757,CHEMBL398750,COc1cc2Cc3c(n[nH]c3c2cc1OC)c4ccc(nc4)C#N,9.09
758,CHEMBL1223477,CC1=C(C=C([Se]1)\C=C\2/C(=O)Nc3cc(ccc23)c4ccc(O)cc4)C(=O)NCCN5CCCCO5,9.1
759,CHEMBL247649,COc1cc2Cc3c(n[nH]c3c4ccc(cc4)c5ccc(O)cc5)c2cc1OCCC6CCCN6C,9.1
760,CHEMBL245600,COc1cc2Cc3c(n[nH]c3c4ccc(cc4)c5ccc(O)cc5)c2cc1OCCN(C)C,9.1
761,CHEMBL248198,COc1cc2c(Cc3c2n[nH]c3c4ccc(cc4)c5ccc(O)cc5)cc1OCC6CCOC6,9.1
762,CHEMBL248190,COc1cc2c(Cc3c2n[nH]c3c4ccc(cc4)c5ccc(O)cc5)cc1OCCN6CCCC6,9.1
763,CHEMBL250035,NCCCc1cc2C(=CNC(=O)c2c3cc(ccc13)c4cn[nH]c4)c5ccccc5Cl,9.1
764,CHEMBL241447,Oc1ccc(c(O)c1)c2ccc(cc2)c3cc(Nc4ccc(CNCC5CC5)nc4)n[nH]3,9.1
765,CHEMBL3582216,CCN1CCc2sc(cc2C1)c3cnc4[nH]c5cnc(cc5c4c3)C#N,9.11
766,CHEMBL398951,N#Cc1ccc(cn1)c2n[nH]c3c2Cc4ccc(OCCCCN5CCOCC5)cc34,9.13
767,CHEMBL221287,O=C1Nc2ccc(cc2C=C1c3cc4cc(CN5CCCCC5)ccc4[nH]3)n6ccnn6,9.13
768,CHEMBL234656,OCCNCC(=O)Nc1ccc2c(Cc3c(n[nH]c23)c4ccc(cc4)c5ccc(O)cc5)c1,9.13
769,CHEMBL3694398,COc1cccc(c1)[C@H](C)NCCc2cc(OC)c(NC(=O)Nc3cnc(cn3)C#N)cc2Cl,9.14
770,CHEMBL256193,COc1cc2NC(=O)c3ccc(cc3Nc2cc1OCCCCO)c4ccc(c(OC)c4)[N+](=O)[O-],9.16
771,CHEMBL248002,COc1cc2c(Cc3c2n[nH]c3c4ccc(cc4)c5ccc(O)cc5)cc1OCCCN(C)C,9.16
772,CHEMBL247826,COc1cc2c(Cc3c2n[nH]c3c4ccc(cc4)c5ccc(O)cc5)cc1OC[C@@H]6CCC=CC6,9.16
773,CHEMBL218489,NCC1CCN(Cc2ccc3[nH]c(cc3c2)C4=Cc5cc(ccc5NC4=O)C(=O)N)CC1,9.16
774,CHEMBL374662,O=C1Nc2ccc(cc2C=C1c3cc4cc(CN5CCCCC5)ccc4[nH]3)c6cn[nH]c6,9.19
775,CHEMBL221554,O=C1Nc2ccc(cc2C=C1c3cc4cc(CN5CCCCC5)ccc4[nH]3)c6cnsc6,9.19
776,CHEMBL538671,Cn1cc(c2ccc3C(=O)Nc4cc(CCOc5ccc(cc5)N6CCOCC6)ccc4Nc3c2)c7ccncc17,9.2
777,CHEMBL1223183,CCN(CC)CCNC(=O)C1=C(C)[Se]C(=C1)\C=C\2/C(=O)Nc3cc(ccc23)c4ccc(O)c(OC)c4,9.22
778,CHEMBL400740,CCN1CCCC(C1)Oc2cc3c(Cc4c3n[nH]c4c5ccc(cc5)c6ccc(O)cc6)cc2OC,9.22
779,CHEMBL1223407,CN(C)CCNC(=O)C1=C(C)[Se]C(=C1)\C=C\2/C(=O)Nc3cc(ccc23)c4ccc(O)cc4,9.22
780,CHEMBL245601,COc1cc2Cc3c(n[nH]c3c4ccc(cc4)c5ccc(O)cc5)c2cc1OCC(C)CN(C)C,9.22
781,CHEMBL404189,COc1cc2NC(=O)c3ccc(cc3Nc2cc1OC)c4ccc(c(OC)c4)[N+](=O)[O-],9.22
782,CHEMBL249237,NCCc1cc2C=CNC(=O)c2c3cc(ccc13)c4ccc(CN5CCOCC5)cc4,9.22
783,CHEMBL270181,COc1cc2NC(=O)c3ccc(cc3Nc2cc1OCCO)c4ccc(c(OC)c4)[N+](=O)[O-],9.24
784,CHEMBL234871,COc1cc2c(Cc3c(n[nH]c23)c4ccc(cc4)c5ccc(O)cc5)cc1CN[C@@H]6CC[C@@H](O)CC6,9.25
785,CHEMBL3694386,COc1ccc(cc1)[C@H](C)NCCc2cc(OC)c(NC(=O)Nc3cnc(cn3)C#N)cc2Cl,9.25
786,CHEMBL232808,COc1cc2c(Cc3c(n[nH]c23)c4ccc(cc4)c5ccc(O)cc5)cc1C(=O)N6CCOCC6,9.26
787,CHEMBL393993,COc1cc2c(Cc3c(n[nH]c23)c4ccc(cc4)c5ccc(O)cc5)cc1CN6CCN(C)CC6,9.29
788,CHEMBL1223478,CC1=C(C=C([Se]1)\C=C\2/C(=O)Nc3cc(ccc23)c4ccc(O)cc4)C(=O)NCCCn5ccnc5,9.3
789,CHEMBL1223263,COc1cc(ccc1O)c2ccc3\C(=C\C4=CC(=C(C)[Se]4)C(=O)NCCCn5ccnc5)\C(=O)Nc3c2,9.3
790,CHEMBL1223182,COc1cc(ccc1O)c2ccc3\C(=C\C4=CC(=C(C)[Se]4)C(=O)NCCN(C)C)\C(=O)Nc3c2,9.3
791,CHEMBL550479,COc1cc2Cc3c(n[nH]c3c2cc1OCCN4CCCCC4)c5ccc(cc5)c6ccc(O)cc6,9.3
792,CHEMBL245802,COc1cc2Cc3c(n[nH]c3c4ccc(nc4)c5ccc(O)cc5)c2cc1OC,9.3
793,CHEMBL249429,NCCc1cc2C=CNC(=O)c2c3cc(ccc13)c4ccc[nH]4,9.3
794,CHEMBL239737,Oc1ccc(NC(=O)c2ccc3c(n[nH]c3c2)c4nc5ccccc5[nH]4)c(O)c1,9.3
795,CHEMBL209982,Oc1nc2ccc(Cl)cc2c(N[C@H]3CCNC3)c1c4nc5ccccc5[nH]4,9.3
796,CHEMBL3694388,COc1ccccc1CNCCc2cc(OC)c(NC(=O)Nc3cnc(cn3)C#N)cc2Cl,9.32
797,CHEMBL3694381,COc1cccc(CNCCc2cc(OC)c(NC(=O)Nc3cnc(cn3)C#N)cc2Cl)c1,9.33
798,CHEMBL3694375,COc1cc(CCNCc2ccc(F)cc2)c(Br)cc1NC(=O)Nc3cnc(cn3)C#N,9.35
799,CHEMBL3694383,COc1cc(CCNCc2ccc(cc2)N3CCN(C)CC3)c(Cl)cc1NC(=O)Nc4cnc(cn4)C#N,9.35
800,CHEMBL232809,COc1cc2c(Cc3c(n[nH]c23)c4ccc(cc4)c5ccc(O)cc5)cc1CNCCO,9.37
801,CHEMBL1223409,CC1=C(C=C([Se]1)\C=C\2/C(=O)Nc3cc(ccc23)c4ccc(O)cc4)C(=O)NCCN5CCCC5,9.4
802,CHEMBL1223408,CCN(CC)CCNC(=O)C1=C(C)[Se]C(=C1)\C=C\2/C(=O)Nc3cc(ccc23)c4ccc(O)cc4,9.4
803,CHEMBL248199,COc1cc2c(Cc3c2n[nH]c3c4ccc(cc4)c5ccc(O)cc5)cc1OC6CCOC6,9.4
804,CHEMBL2013162,Cc1cccnc1Nc2ncc(s2)c3cncc(c3)C(=O)NCCN,9.4
805,CHEMBL2011356,NCCNC(=O)c1cncc(c1)c2cnc(Nc3cc(CN4CCOCC4)ccn3)s2,9.4
806,CHEMBL241232,Oc1ccc(c(O)c1)c2ccc(cc2)c3cc(Nc4ccc(CNC5CC5)cc4)n[nH]3,9.42
807,CHEMBL378967,Cc1ccc2nc(O)c(c(N[C@@H]3CN4CCC3CC4)c2c1)c5nc6ccccc6[nH]5,9.46
808,CHEMBL221448,NC(=O)c1ccc2NC(=O)C(=Cc2c1)c3cc4cc(CN5CCCCC5)ccc4[nH]3,9.47
809,CHEMBL3694379,CC(C)Oc1cc(CCNCc2ccc(F)cc2)c(Cl)cc1NC(=O)Nc3cnc(cn3)C#N,9.5
810,CHEMBL377312,Clc1ccc2NC(=O)C(=C(N[C@@H]3CN4CCC3CC4)c2c1)c5nc6ccccc6[nH]5,9.5
811,CHEMBL249363,Nc1cc2OC\C=C/COc3nc(NC(=O)Nc2cc1Cl)cnc3C#N,9.5
812,CHEMBL1223184,COc1cc(ccc1O)c2ccc3\C(=C\C4=CC(=C(C)[Se]4)C(=O)NCCN5CCCC5)\C(=O)Nc3c2,9.52
813,CHEMBL400397,Clc1cc2NC(=O)Nc3cnc(C#N)c(OC\C=C/COc2cc1OCCCN4CCOCC4)n3,9.52
814,CHEMBL249443,NCCCc1cc2C(=CNC(=O)c2c3cc(ccc13)c4cn[nH]c4)c5ccc(O)cc5,9.52
815,CHEMBL2013161,NCCNC(=O)c1cncc(c1)c2cnc(Nc3ncccc3Cl)s2,9.52
816,CHEMBL374713,OCc1n[nH]nc1c2ccc3c(n[nH]c3c2)c4cc5cc(CN6CCCCC6)ccc5[nH]4,9.52
817,CHEMBL219788,OCc1nn[nH]c1c2ccc3c(n[nH]c3c2)c4cc5cc(CN6CCC(F)CC6)ccc5[nH]4,9.52
818,CHEMBL400805,Oc1cc2OCCCCOc3nc(NC(=O)Nc2cc1Cl)cnc3C#N,9.52
819,CHEMBL399916,Oc1cc2OC\C=C/COc3nc(NC(=O)Nc2cc1Cl)cnc3C#N,9.52
820,CHEMBL241233,Oc1ccc(c(O)c1)c2ccc(cc2)c3cc(Nc4ccc(CN5CCCCC5)nc4)n[nH]3,9.52
821,CHEMBL3694382,COc1ccc(CNCCc2cc(OC)c(NC(=O)Nc3cnc(cn3)C#N)cc2Cl)cc1,9.55
822,CHEMBL2011359,NCCC(=O)c1cncc(c1)c2cnc(Nc3cc(ccn3)N4CCOCC4)s2,9.57
823,CHEMBL374424,COc1cc(ccc1O)c2ccc3c(n[nH]c3c2)c4cc5cc(CN6CCCCC6)ccc5[nH]4,9.6
824,CHEMBL234868,COc1cc2c(Cc3c(n[nH]c23)c4ccc(cc4)c5ccc(O)cc5)cc1C(=O)N6CCC(O)CC6,9.62
825,CHEMBL428196,COc1cc2c(Cc3c(n[nH]c23)c4ccc(cc4)c5ccc(O)cc5)cc1C(=O)N[C@@H]6CC[C@@H](O)CC6,9.62
826,CHEMBL3694387,COc1cc(CCNCc2ccc3OCOc3c2)c(Cl)cc1NC(=O)Nc4cnc(cn4)C#N,9.64
827,CHEMBL232810,COc1cc2c(Cc3c(n[nH]c23)c4ccc(cc4)c5ccc(O)cc5)cc1CNCCN6CCCC6,9.68
828,CHEMBL392900,CCC(C)NCc1ccc(Nc2cc([nH]n2)c3ccc(cc3)c4ccc(O)cc4O)cn1,9.7
829,CHEMBL248036,COc1cc2Cc3c(n[nH]c3c4ccc(cc4)c5ccc(O)cc5)c2cc1OCCCN6CCN(C)CC6,9.7
830,CHEMBL247825,COc1cc2c(Cc3c2n[nH]c3c4ccc(cc4)c5ccc(O)cc5)cc1OC6CCOCC6,9.7
831,CHEMBL392692,CN(C)Cc1ccc(Nc2cc([nH]n2)c3ccc(cc3)c4ccc(O)cc4O)cc1,9.72
832,CHEMBL241231,Oc1ccc(c(O)c1)c2ccc(cc2)c3cc(Nc4ccc(CN5CCCC5)cc4)n[nH]3,9.75
833,CHEMBL3694385,COc1cc(CCN[C@@H](C)c2ccc(cc2)N3CCNCC3)c(Cl)cc1NC(=O)Nc4cnc(cn4)C#N,9.89
834,CHEMBL219789,NCc1nn[nH]c1c2ccc3c(n[nH]c3c2)c4cc5cc(CN6CCC(F)CC6)ccc5[nH]4,9.96
835,CHEMBL1223526,CC1=CC2=NNC(=O)N2c3cc(ccc13)c4ccc[nH]4,10.0
836,CHEMBL248194,COc1cc2c(Cc3c2n[nH]c3c4ccc(cc4)c5ccc(O)cc5)cc1OC(CO)CO,10.0
837,CHEMBL247646,COc1cc2c(Cc3c2n[nH]c3c4ccc(cc4)c5ccc(O)cc5)cc1OC[C@@H](O)CO,10.0
838,CHEMBL248012,COc1cc2c(Cc3c2n[nH]c3c4ccc(cc4)c5ccc(O)cc5)cc1OC[C@H](O)CO,10.0
839,CHEMBL2013169,NCNC(=O)c1cncc(c1)c2cnc(Nc3cc(ccn3)N4CCC(F)CC4)s2,10.15
840,CHEMBL2011354,NCCNC(=O)c1cncc(c1)c2cnc(Nc3cc(ccn3)N4CCC(F)(F)CC4)s2,10.3
841,CHEMBL2011350,NCCNC(=O)c1cncc(c1)c2cnc(Nc3cc(ccn3)N4CCNCC4)s2,10.3
842,CHEMBL2010809,NCCNC(=O)c1cncc(c1)c2cnc(Nc3cc(ccn3)N4CCOCC4)s2,10.3
843,CHEMBL2013170,NCNC(=O)c1cncc(c1)c2cnc(Nc3cc(ccn3)N4CCC(F)(F)CC4)s2,10.3
844,CHEMBL2011353,CC(=O)N1CCN(CC1)c2ccnc(Nc3ncc(s3)c4cncc(c4)C(=O)NCCN)c2,10.52
845,CHEMBL3694397,COc1cc(CCNCc2ccc(cc2)N3CCNCC3)c(Cl)cc1NC(=O)Nc4cnc(cn4)C#N,10.52
846,CHEMBL2011352,CS(=O)(=O)N1CCN(CC1)c2ccnc(Nc3ncc(s3)c4cncc(c4)C(=O)NCCN)c2,10.52
