,molecule_chembl_id,canonical_smiles,pchembl_value
0,sunitinib,CCN(CC)CCNC(=O)c1c(C)[nH]c(\C=C\2/C(=O)Nc3ccc(F)cc23)c1C,8.7
1,pazopanib,CN(C1=CC2=NN(C)C(C)=C2C=C1)C1=NC(NC2=CC(=C(C)C=C2)S(N)(=O)=O)=NC=C1,8.1
2,CHEMBL481407,COc1cc2ncc(C(=O)N)c(Nc3cccc(Cl)c3C)c2cc1OC,7.54
3,sorafenib,CNC(=O)C1=CC(OC2=CC=C(NC(=O)NC3=CC=C(Cl)C(=C3)C(F)(F)F)C=C2)=CC=N1,7.55
4,CHEMBL3586404,CO[C@@H]1CC[C@H](CC1)N2C(=O)CNc3ncc(nc23)c4ccc(nc4)C(C)(C)O,7.55
5,CHEMBL3673489,COc1cc(Cn2c(N)nc3cc(cnc23)c4cnn(C)c4)ccc1OCc5ccc(cc5)C(F)(F)C(F)(F)F,7.55
6,CHEMBL479846,COc1cc2ncc(C(=O)N)c(Nc3ccc(F)c(F)c3)c2cc1OC,7.55
7,CHEMBL3673444,COc1ccc(COc2ccc(Cn3cnc4cc(ccc34)c5oc(nn5)C6CCCNC6)cc2OC)cn1,7.55
8,CHEMBL3673446,COc1ccc(COc2ccc(Cn3cnc4cc(ccc34)C5CCOCC5)cc2OC)cn1,7.57
9,CHEMBL270084,COc1ccc(c2ccc(NC(=O)Nc3cc(C)ccc3F)cc2)c4c(N)noc14,7.57
10,CHEMBL482192,COc1cc2ncc(C(=O)N)c(Nc3cccc(F)c3F)c2cc1OC,7.59
11,CHEMBL400259,CN(c1ccc(NC(=O)c2oc(cc2)C#N)c(c1)N3CCCCC3)S(=O)(=O)C,7.6
12,CHEMBL3678302,COc1cc(Cn2cnc3cc(cnc23)C#CCCO)ccc1OCc4ccc(nc4)C(F)F,7.6
13,CHEMBL479847,COc1cc2ncc(C(=O)N)c(Nc3ccc(F)cc3F)c2cc1OC,7.6
14,CHEMBL251174,COc1ccc(cc1)c2ccc3c(Nc4ccccc4)c(cnc3c2)C(=O)N,7.6
15,CHEMBL249139,CS(=O)(=O)Cc1cccc(c1)c2ccc3c(Nc4ccccc4)c(cnc3c2)C(=O)N,7.6
16,CHEMBL512385,Fc1cccc(c1)C(=O)Nc2ccc(Cl)c(c2)C(=O)Nc3cccnc3,7.6
17,CHEMBL399542,OCc1ccc(N2CCCCC2)c(NC(=O)c3oc(cc3)C#N)c1,7.6
18,CHEMBL400754,CC1CCN(CC1)c2ccc(CO)cc2NC(=O)c3oc(cc3)C#N,7.62
19,CHEMBL519924,COc1cc2c(Nc3ccc(Cl)c(Cl)c3)c(cnc2cc1N4CCN(C)CC4)C(=O)N,7.62
20,CHEMBL479447,COc1cc2c(Nc3ccc(F)cc3F)c(cnc2cc1NCCN(C)C)C(=O)N,7.64
21,CHEMBL480617,COc1cc2c(Nc3cccc(Cl)c3Cl)c(cnc2cc1N4CCN(C)CC4)C(=O)N,7.64
22,CHEMBL1172530,Nc1ccc(cc1)c2ccc(NC(=O)c3nc(c[nH]3)C#N)c(c2)C4=CCCCC4,7.64
23,CHEMBL3086169,O=C(Nc1ccc(cc1C2=CCCCC2)c3nnn[nH]3)c4nc(c[nH]4)C#N,7.64
24,CHEMBL2333120,CC(C)Nc1c(nnc2cc(ccc12)N3CCOCC3)C(=O)N,7.66
25,CHEMBL473487,COc1cc(ccc1O)c2cncc(NC(C)c3cccc(NC(=O)c4cccnc4)c3)n2,7.66
26,CHEMBL479267,COc1cc2ncc(C(=O)N)c(Nc3cc(Cl)cc(Cl)c3)c2cc1OC,7.66
27,CHEMBL518760,COc1cc2ncc(C(=O)N)c(Nc3ccc(F)cc3F)c2cc1NCCN4CCCCC4,7.66
28,CHEMBL450208,COc1cc2ncc(C(=O)N)c(Nc3ccccc3Cl)c2cc1OC,7.66
29,CHEMBL256406,NC(=O)C1=CN(c2ccc3CCCc3c2)c4nc(Nc5ccc(CN6CCOCC6)cc5)ncc4C1=O,7.66
30,CHEMBL2158222,O=C(Nc1ccc(cc1C2=CCCCC2)C3CCN(CC3)c4ccccn4)c5nc(c[nH]5)C#N,7.66
31,CHEMBL253884,CCOc1ccc(NC(=O)c2oc(cc2)C#N)c(c1)N3CCCCC3,7.68
32,CHEMBL256405,CN(C)Cc1ccc(Nc2ncc3C(=O)C(=CN(c4ccc5CCCc5c4)c3n2)C(=O)N)cc1,7.68
33,axitinib,CNC(=O)C1=C(SC2=CC=C3C(NN=C3\C=C\C3=CC=CC=N3)=C2)C=CC=C1,7.68
34,CHEMBL3109344,COCCOc1ccn2c(cnc2c1)c3ccc4cccc(O[C@H]5CCCNC5)c4n3,7.68
35,CHEMBL2023495,CCn1cc(NC(=O)Cc2ncc(Oc3ccnc4cc(OC)ccc34)cc2OC)cn1,7.7
36,CHEMBL1172529,CN(C)S(=O)(=O)c1ccc(cc1)c2ccc(NC(=O)c3nc(c[nH]3)C#N)c(c2)C4=CCCCC4,7.7
37,CHEMBL2023477,COc1cc(Oc2ccnc3cc(OC)c(OC)cc23)ccc1CC(=O)Nc4noc(C)c4C,7.7
38,CHEMBL429743,COc1cc2nccc(Oc3ccc4c(cccc4c3)C(=O)Nc5ccc(Cl)cc5)c2cc1OC,7.7
39,CHEMBL1940107,COc1cc2ncnc(Oc3cnn(CC(=O)Nc4ccc(cn4)N(C)C)c3)c2cc1OC,7.7
40,CHEMBL3085827,CC(C)(Nc1ccccn1)c2ccc(NC(=O)c3nc(c[nH]3)C#N)c(c2)C4=CCC(C)(C)CC4,7.72
41,imatinib,CN1CCN(CC2=CC=C(C=C2)C(=O)NC2=CC=C(C)C(NC3=NC=CC(=N3)C3=CN=CC=C3)=C2)CC1,7.72
42,CHEMBL3678297,COc1cc(ccc1OCc2ccc(cc2)C(F)(F)F)[C@H](C)n3c(N)nc4cc(cnc34)c5cnn(C)c5,7.72
43,CHEMBL3678300,COc1cc(ccc1OCc2ccc(nc2)C(F)(F)F)C(C)n3c(N)nc4cc(cnc34)c5cnn(C)c5,7.72
44,CHEMBL398360,OCC(O)COCc1ccc(N2CCCCC2)c(NC(=O)c3oc(cc3)C#N)c1,7.72
45,CHEMBL3644248,CSc1ccn2c(cnc2c1)C(=O)Nc3cccc4c3c(nn4Cc5cccc(C)n5)C6CC6,7.73
46,CHEMBL265432,CN1CCN(CC1)c2ccc(NC(=O)c3oc(cc3)C#N)c(c2)C4=CCCCC4,7.75
47,CHEMBL481222,COCCN(C)CCOc1cc2ncc(C(=O)N)c(Nc3ccc(F)c(Cl)c3)c2cc1OC,7.75
48,CHEMBL3678284,COc1cc(Cn2c(N)nc3cc(cnc23)c4cnn(C)c4)ccc1OCc5ccc(SC(F)(F)F)cc5,7.75
49,CHEMBL479845,COc1cc2ncc(C(=O)N)c(Nc3ccc(Cl)cc3F)c2cc1OC,7.75
50,CHEMBL517544,COc1cc2ncc(C(=O)N)c(Nc3cccc(Cl)c3)c2cc1OC,7.75
51,CHEMBL101253,Clc1ccc(Nc2nnc(Cc3ccncc3)c4ccccc24)cc1,7.75
52,CHEMBL521422,COc1cc2c(Nc3ccc(F)c(Cl)c3)c(cnc2cc1OCCN4CCCC4)C(=O)N,7.77
53,CHEMBL521255,COc1cc2c(Nc3ccc(F)c(Cl)c3)c(cnc2cc1OCCNC4CC4)C(=O)N,7.77
54,CHEMBL2333128,C[C@@H](Nc1c(nnc2cc(ccc12)c3ccc(cc3)S(=O)(=O)C)C(=O)N)C4CC4,7.77
55,CHEMBL249957,O=C(Nc1cc(ccc1N2CCCCC2)N3CCCCC3)c4oc(cc4)C#N,7.77
56,CHEMBL398238,O=C(Nc1ccc(cc1N2CCCCC2)N3CCCCC3)c4oc(cc4)C#N,7.77
57,CHEMBL249747,Oc1ccc(N2CCCCC2)c(NC(=O)c3oc(cc3)C#N)c1,7.77
58,CHEMBL430214,CC1CCN(CC1)c2cc(ccc2NC(=O)c3oc(cc3)C#N)C#CCN(C)S(=O)(=O)C,7.8
59,CHEMBL516813,CN(C)c1cccc(c1)C(=O)Nc2ccc(Cl)c(c2)C(=O)Nc3cccnc3,7.8
60,CHEMBL482000,COc1cc2ncc(C(=O)N)c(Nc3ccc(F)c(Cl)c3)c2cc1OC,7.8
61,CHEMBL3673454,COc1ccc(COc2ccc(Cn3cnc4cc(cnc34)N5CCN(C)CC5)cc2OC)cn1,7.8
62,CHEMBL3673457,COc1ccc(COc2ccc(Cn3cnc4cc(cnc34)N5CCN(CC5)C6CC6)cc2OC)cn1,7.8
63,CHEMBL250364,CS(=O)(=O)c1ccc(cc1)c2ccc3c(Nc4ccccc4)c(cnc3c2)C(=O)N,7.8
64,CHEMBL510386,FC(F)(F)c1cccc(c1)C(=O)Nc2ccc(Cl)c(c2)C(=O)Nc3cccnc3,7.8
65,CHEMBL399441,NC(=O)c1cnc2cc(ccc2c1Nc3ccccc3)c4ccc(Br)cc4,7.8
66,CHEMBL250161,NC(=O)c1cnc2cc(ccc2c1Nc3ccccc3)c4ccc(cc4)C(=O)N5CCCCC5,7.8
67,CHEMBL249169,NC(=O)c1cnc2cc(ccc2c1Nc3ccccc3)c4ccncc4,7.8
68,CHEMBL1980297,Nc1ncc(c2cnn(CCO)c2)c3scc(c4ccc(NC(=O)Nc5cccc(F)c5)cc4)c13,7.8
69,CHEMBL255501,CC1CCN(CC1)c2cc(ccc2NC(=O)c3oc(cc3)C#N)C#CCN(C)C,7.82
70,CHEMBL523802,CCCCNc1ncc2C(=O)C(=CN(c3ccc4CCCc4c3)c2n1)C(=O)NOC,7.82
71,CHEMBL2206277,CN1C(C)(C)CC(CC1(C)C)Oc2ccc(nc2)C(=O)Nc3ccc(NC(=O)Nc4cc(on4)C(C)(C)C)cc3,7.82
72,CHEMBL480813,COc1cc2c(Nc3cccc(Cl)c3Cl)c(cnc2cc1NCCN4CCCCC4)C(=O)N,7.82
73,CHEMBL480825,COc1cc2ncc(C(=O)N)c(Nc3cc(F)ccc3F)c2cc1OC,7.82
74,CHEMBL3673465,COc1ccc(COc2ccc(Cn3cnc4cc(ccc34)c5noc(n5)C6CCNCC6)cc2OC)cn1,7.82
75,CHEMBL3673471,COc1ccc(COc2ccc(Cn3cnc4cc(cnc34)C5=CC6(C)CCCN5C6)cc2OC)cn1,7.82
76,CHEMBL518051,CS(=O)(=O)O.OC(=Nc1cccc(Cl)c1)Nc2ncc(CCN=C3NC=Nc4ccsc34)s2,7.82
77,CHEMBL456008,C[C@H](Nc1cncc(Cl)n1)c2cccc(NC(=O)c3ccnc(C)c3)c2,7.82
78,CHEMBL256893,CN1CCN(Cc2ccc(Nc3ncc4C(=O)C(=CN(c5ccc6CCCc6c5)c4n3)C(=O)N)cc2)CC1,7.85
79,CHEMBL461951,Clc1ccc(NC(=O)c2cccc(Br)c2)cc1C(=O)Nc3cccnc3,7.85
80,CHEMBL472342,CC(C)c1ncc(NC(=O)c2cc(NC(=O)c3cccc(c3)C(F)(F)F)ccc2Cl)s1,7.89
81,CHEMBL414001,CN1CCN(CC1)c2ccc(Nc3ncc4C(=O)C(=CN(c5ccc6CCCc6c5)c4n3)C(=O)N)cc2,7.89
82,CHEMBL491473,COc1cc2c(Oc3ccc4[nH]c(C)cc4c3F)ncnc2cc1OCCCN5CCCC5,7.89
83,CHEMBL521248,COc1cc2ncc(C(=O)N)c(Nc3cc(C)ccc3F)c2cc1OC,7.89
84,CHEMBL480646,COc1cc2ncc(C(=O)N)c(Nc3ccc(F)c(Cl)c3)c2cc1OCCN4CCCC4,7.89
85,CHEMBL520925,COc1cc2ncc(C(=O)N)c(Nc3cccc(Cl)c3F)c2cc1OC,7.89
86,CHEMBL3678289,COc1ccc(COc2ccc(Cn3c(N)nc4cc(cnc34)C#CCCO)cc2OC)cn1,7.89
87,CHEMBL3673447,COc1ccc(COc2ccc(Cn3cnc4cc(ccc34)N5CCC(CC5)C(C)(C)N)cc2OC)cn1,7.89
88,CHEMBL3673466,COc1ccc(COc2ccc(Cn3cnc4cc(cnc34)c5oc(nn5)C6CCNCC6)cc2OC)cn1,7.89
89,CHEMBL3085985,O=C(Nc1ccc(CS(=O)(=O)N2CCOCC2)cc1C3=CCCCC3)c4nc(c[nH]4)C#N,7.89
90,CHEMBL3085986,O=C(Nc1ccc(Cc2nnn[nH]2)cc1C3=CCCCC3)c4nc(c[nH]4)C#N,7.89
91,CHEMBL576982,CC(C)(C)c1onc(NC(=O)Nc2ccc(cc2)c3cn4c5ccc(OCCN6CCOCC6)cc5sc4n3)c1,7.92
92,CHEMBL2333126,CC(C)Nc1c(nnc2cc(ccc12)c3ccc(cc3)S(=O)(=O)C)C(=O)N,7.92
93,CHEMBL1567,CCN(CC)CCNC(=O)c1c(C)[nH]c(\C=C\2/C(=O)Nc3ccc(F)cc23)c1C.O[C@@H](CC(=O)O)C(=O)O,7.92
94,CHEMBL388978,CN[C@@H]1C[C@H]2O[C@@](C)([C@@H]1OC)n3c4ccccc4c5c6CNC(=O)c6c7c8ccccc8n2c7c35,7.92
95,CHEMBL517069,COc1cc2c(Nc3ccc(F)c(Cl)c3)c(cnc2cc1OCCN(C)C)C(=O)N,7.92
96,CHEMBL3673448,COc1ccc(COc2ccc(Cn3cnc4cc(ccc34)N5CC6(CCNCC6)C5)cc2OC)cn1,7.92
97,CHEMBL3673460,COc1ccc(COc2ccc(Cn3cnc4cc(cnc34)N5CCC(N)CC5)cc2OC)cn1,7.92
98,CHEMBL1087280,COc1ccc(COc2ncc(Oc3nc(cnc3N)c4cnn(C)c4)cc2OC)cc1,7.92
99,CHEMBL273193,NC(=O)C1=CN(c2ccc3CCCc3c2)c4nc(Nc5ccc(C[C@H]6COC(=O)N6)cc5)ncc4C1=O,7.92
100,CHEMBL254496,CC1CCN(CC1)c2cc(ccc2NC(=O)c3oc(cc3)C#N)N4CCOCC4,7.96
101,CHEMBL516200,COc1cc(ccc1O)c2cncc(N[C@@H](C)c3cccc(NC(=O)c4cccnc4)c3)n2,7.96
102,CHEMBL480618,COc1cc2c(Nc3ccc(F)cc3F)c(cnc2cc1N4CCN(C)CC4)C(=O)N,7.96
103,CHEMBL3673484,COc1ccc(COc2ccc(Cn3c(N)nc4cc(cnc34)c5cncnc5)cc2OC)cn1,7.96
104,CHEMBL507803,Cc1ccc(NC(=O)c2cccc(c2)C(F)(F)F)cc1NC(=O)c3cccnc3,7.96
105,CHEMBL513588,Cc1ncc(NC(=O)c2cc(NC(=O)c3cc(F)cc(Cl)c3)ccc2Cl)s1,7.96
106,CHEMBL1172117,O=C(Nc1ccc(cc1C2=CCCCC2)c3ccccn3)c4nc(c[nH]4)C#N,7.96
107,CHEMBL2206278,CCN1C(C)(C)CC(CC1(C)C)Oc2ccc(nc2)C(=O)Nc3ccc(NC(=O)Nc4cc(on4)C(C)(C)C)cc3,7.98
108,CHEMBL575925,CC(C)(C)c1onc(NC(=O)Nc2ccc(NC(=O)c3cn4c5ccccc5sc4n3)cc2)c1,8.0
109,CHEMBL258709,CC1CCN(CC1)c2cc(ccc2NC(=O)c3oc(cc3)C#N)c4ccncc4,8.0
110,CHEMBL252834,CC1CCN(CC1)c2nc(ccc2NC(=O)c3oc(cc3)C#N)N4CCN(C)CC4,8.0
111,CHEMBL3616960,CN1CCN(CC1)c2cc(cc(c2)C(F)(F)F)C(=O)Nc3ccc(C)c(NC(=O)c4cnoc4C)c3,8.0
112,CHEMBL3115681,CN1CCN(CC1)c2ccc(Nc3ncc4C=C(C#N)C(=O)N(C5CCCC5)c4n3)cc2,8.0
113,CHEMBL3678286,COc1cc(Cn2c(N)nc3cc(cnc23)c4cnn(C)c4)ccc1OCc5ccc(CC(F)(F)F)cc5,8.0
114,CHEMBL481230,COc1cc2c(Nc3ccc(F)c(Cl)c3)c(cnc2cc1OCCN(C)CCO)C(=O)N,8.0
115,CHEMBL516601,COc1cc2ncc(C(=O)N)c(Nc3ccc(C)cc3F)c2cc1OC,8.0
116,CHEMBL481402,COc1cc2ncc(C(=O)N)c(Nc3ccc(F)c(Cl)c3)c2cc1OCCCN4CCN(C)CC4,8.0
117,CHEMBL2023476,COc1ccc2c(Oc3ccc(CC(=O)Nc4ncc(C)s4)c(OC)c3)ccnc2c1,8.0
118,CHEMBL1940108,COc1cccc(NC(=O)Cn2cc(Oc3ncnc4cc(OC)c(OC)cc34)cn2)c1,8.0
119,CHEMBL473061,C[C@H](Nc1cncc(Cl)n1)c2cccc(NC(=O)c3cccc(c3)C(F)(F)F)c2,8.0
120,CHEMBL2180604,Cc1cc(C(=O)Nc2cc(Oc3ccc4nc(NC(=O)C5CC5)cn4n3)ccc2C)n(C)n1,8.0
121,CHEMBL461574,Cc1ccc(NC(=O)c2cccc(c2)C(F)(F)F)cc1C(=O)Nc3cnc(C)s3,8.0
122,CHEMBL454876,Cc1cccc(c1)C(=O)Nc2ccc(Cl)c(c2)C(=O)Nc3cccnc3,8.0
123,CHEMBL461950,Clc1cccc(c1)C(=O)Nc2ccc(Cl)c(c2)C(=O)Nc3cccnc3,8.0
124,CHEMBL3086168,O=C(Nc1ccc(cc1C2=CCCCC2)S(=O)(=O)N3CCOCC3)c4nc(c[nH]4)C#N,8.0
125,CHEMBL223971,COCCOCC#Cc1cc(cs1)c2n[nH]c3c2Cc4ccc(Cn5cncn5)cc34,8.05
126,CHEMBL480630,COc1cc2ncc(C(=O)N)c(Nc3ccc(Cl)c(Cl)c3)c2cc1OC,8.05
127,CHEMBL442591,COc1cc2ncc(C(=O)N)c(Nc3ccccc3F)c2cc1OC,8.05
128,CHEMBL2029988,COc1cc2ncnc(Oc3cccc(NC(=O)Nc4cc(on4)C(C)(C)C(F)(F)F)c3)c2cc1OC,8.05
129,CHEMBL3673482,COc1ccc(COc2ccc(Cn3c(N)nc4cc(cnc34)c5ccc(F)cc5)cc2OC)cn1,8.05
130,CHEMBL2023494,COc1ccc2c(Oc3ccc(CC(=O)Nc4cc(C)cc(CN(C)C)c4)c(OC)c3)ccnc2c1,8.05
131,CHEMBL461952,COc1cccc(c1)C(=O)Nc2ccc(Cl)c(c2)C(=O)Nc3cccnc3,8.05
132,CHEMBL472864,C[C@H](Nc1cncc(Cl)n1)c2cccc(NC(=O)c3ccc(C)cc3)c2,8.05
133,CHEMBL474489,C[C@H](Nc1cncc(Cl)n1)c2cccc(NC(=O)c3ccc(F)c(Cl)c3)c2,8.05
134,CHEMBL1081509,CC(C)(C)c1onc(NC(=O)Nc2ccc(NC(=O)c3cc4ccccc4cn3)cc2)c1,8.07
135,CHEMBL3085970,CC(C)(CN1CCOCC1)c2ccc(NC(=O)c3nc(c[nH]3)C#N)c(c2)C4=CCC(C)(C)CC4,8.1
136,CHEMBL480457,CN1CCN(CC1)c2ccc3ncc(C(=O)N)c(Nc4cccc(Cl)c4Cl)c3c2,8.1
137,CHEMBL255584,CN1CCN(CC1)c2cccc(Nc3ncc4C(=O)C(=CN(c5ccc6CCCc6c5)c4n3)C(=O)N)c2,8.1
138,CHEMBL403776,CN1CCN(CCc2ccc(Nc3ncc4C(=O)C(=CN(c5ccc6CCCc6c5)c4n3)C(=O)N)cc2)CC1,8.1
139,CHEMBL390156,CN1CCN(Cc2ccc3c(Cc4c(n[nH]c34)c5csc(c5)C#CCOc6ccccc6)c2)CC1,8.1
140,CHEMBL1940109,COCCOc1cc2ncnc(Oc3cnn(CC(=O)Nc4cccc(OC)c4)c3)c2cc1OC,8.1
141,CHEMBL3678283,COc1cc(Cn2c(N)nc3cc(cnc23)c4cnn(C)c4)ccc1OCc5ccc(OC(F)(F)F)cc5,8.1
142,CHEMBL3673456,COc1ccc(COc2ccc(Cn3cnc4cc(cnc34)N5CCOCC5)cc2OC)cn1,8.1
143,CHEMBL2004290,COc1ccc(NC(=O)Nc2ccc(cc2)c3csc4c(cnc(N)c34)c5cnn(CC(C)(C)O)c5)cc1,8.1
144,CHEMBL459470,Cc1cc(C)cc(c1)C(=O)Nc2ccc(Cl)c(c2)C(=O)Nc3cccnc3,8.1
145,CHEMBL250571,Cc1ccc(Nc2c(cnc3cc(ccc23)c4ccc(cc4)S(=O)(=O)C)C(=O)N)cc1C,8.1
146,CHEMBL1979577,Cc1cccc(NC(=O)Nc2ccc(cc2)c3csc4c(cnc(N)c34)C#CC(C)(C)N)c1,8.1
147,CHEMBL404188,NC(=O)C1=CN(c2ccc3CCCc3c2)c4nc(Nc5ccc(CCN6CCOCC6)cc5)ncc4C1=O,8.1
148,CHEMBL257528,NC(=O)C1=CN(c2ccc3CCCc3c2)c4nc(Nc5ccc(cc5)C6CCNCC6)ncc4C1=O,8.1
149,CHEMBL256950,O=C(Nc1ccc(cc1C2=CCCC2)C3CCNCC3)c4ncc(C#N)[nH]4,8.1
150,CHEMBL1908391,CN1CCN(Cc2ccc(cc2)C(=O)Nc3ccc(C)c(Nc4nc(cs4)c5cccnc5)c3)CC1,8.12
151,dasatinib,CC1=NC(NC2=NC=C(S2)C(=O)NC2=C(C)C=CC=C2Cl)=CC(=N1)N1CCN(CCO)CC1,8.13
152,CHEMBL3086323,CN(CCS(=O)(=O)C)C(C)(C)c1ccc(NC(=O)c2nc(c[nH]2)C#N)c(c1)C3=CCC(C)(C)CC3,8.14
153,CHEMBL1172116,[O-][n+]1ccccc1c2ccc(NC(=O)c3nc(c[nH]3)C#N)c(c2)C4=CCCCC4,8.15
154,CHEMBL255794,CC1CN(CC(C)N1)c2ccc(Nc3ncc4C(=O)C(=CN(c5ccc6CCCc6c5)c4n3)C(=O)N)cc2,8.16
155,CHEMBL2203434,CCN1CCC(CC1)Oc2ccc(nc2)C(=O)Nc3ccc(NC(=O)Nc4cc(on4)C(C)(C)C)cc3,8.16
156,CHEMBL450914,CCN1CCCC(O)(C1)c2cccc(Nc3ncc4C(=O)C(=CN(c5cnc6CCCc6c5)c4n3)C(=O)NOC)c2,8.16
157,CHEMBL3678287,COc1cc(Cn2c(N)nc3cc(cnc23)c4cnn(C)c4)ccc1OCc5csc(n5)C(F)(F)F,8.16
158,CHEMBL481231,COc1cc2c(Nc3ccc(F)c(Cl)c3)c(cnc2cc1OCCCN4CCN(C)CC4)C(=O)N,8.16
159,CHEMBL479445,COc1cc2ncc(C(=O)N)c(Nc3ccc(F)cc3F)c2cc1NCCN(C)C,8.16
160,CHEMBL479446,COc1cc2ncc(C(=O)N)c(Nc3ccc(F)cc3F)c2cc1NCCN4CCOCC4,8.16
161,CHEMBL481595,COc1cc2ncc(C(=O)N)c(Nc3cccc(Cl)c3Cl)c2cc1NCCN4CCCCC4,8.16
162,CHEMBL3673481,COc1ccc(COc2ccc(Cn3c(N)nc4cc(cnc34)c5ccccc5)cc2OC)cn1,8.16
163,CHEMBL3673459,COc1ccc(COc2ccc(Cn3cnc4cc(cnc34)N5CC6(CCNCC6)C5)cc2OC)cn1,8.16
164,CHEMBL3673464,COc1ccc(COc2ccc(Cn3cnc4cc(cnc34)c5noc(n5)C6CCNCC6)cc2OC)cn1,8.16
165,CHEMBL3673467,COc1ccc(COc2ccc(Cn3cnc4cc(cnc34)n5cc(nn5)C(C)(C)N)cc2OC)cn1,8.16
166,CHEMBL462130,Cc1ccc(NC(=O)c2cccc(Cl)c2)cc1C(=O)Nc3cnc(C)s3,8.16
167,CHEMBL459675,Cc1ncc(NC(=O)c2cc(NC(=O)c3cc(F)cc(c3)C(F)(F)F)ccc2Cl)s1,8.16
168,CHEMBL462132,Cc1ncc(NC(=O)c2cc(NC(=O)c3cccc(c3)C(F)(F)F)ccc2Cl)s1,8.16
169,CHEMBL3086161,NS(=O)(=O)c1ccc(NC(=O)c2nc(c[nH]2)C#N)c(c1)C3=CCCCC3,8.16
170,CHEMBL3086173,OCCc1ccc(NC(=O)c2nc(c[nH]2)C#N)c(c1)C3=CCCCC3,8.17
171,CHEMBL252633,CN1CCN(CC1)c2ccc(NC(=O)c3oc(cc3)C#N)c(c2)N4CCCC(F)C4,8.2
172,CHEMBL481806,CCOc1cc2ncc(C(=O)N)c(Nc3ccc(F)cc3F)c2cc1N4CCN(C)CC4,8.22
173,CHEMBL480815,CCOc1cc2ncc(C(=O)N)c(Nc3cccc(Cl)c3Cl)c2cc1NCCN4CCCCC4,8.22
174,CHEMBL480445,COc1cc2ncc(C(=O)N)c(Nc3ccc(F)cc3F)c2cc1N4CCN(C)CC4,8.22
175,CHEMBL519779,COc1cc2ncc(C(=O)N)c(Nc3cccc(Cl)c3Cl)c2cc1OC,8.22
176,CHEMBL3673487,COc1ccc(COc2ccc(Cn3c(N)nc4cc(cnc34)c5cccnc5)cc2OC)cn1,8.22
177,CHEMBL3673443,COc1ccc(COc2ccc(Cn3cnc4cc(ccc34)n5cc(nn5)C6CCCNC6)cc2OC)cn1,8.22
178,CHEMBL462128,Cc1cc(C)cc(c1)C(=O)Nc2ccc(Cl)c(c2)C(=O)Nc3cnc(C)s3,8.22
179,CHEMBL3085979,OC(=O)CCc1ccc(NC(=O)c2nc(c[nH]2)C#N)c(c1)C3=CCCCC3,8.23
180,CHEMBL3085971,CC(=O)N1CCN(CC(C)(C)c2ccc(NC(=O)c3nc(c[nH]3)C#N)c(c2)C4=CCC(C)(C)CC4)CC1,8.24
181,CHEMBL574738,CCN1CCN(Cc2ccc(NC(=O)Nc3ccc(Oc4cc(NC)ncn4)cc3)cc2C(F)(F)F)CC1,8.24
182,CHEMBL572881,CC1(C)CNc2cc(NC(=O)c3cccnc3NCc4ccncc4)ccc12,8.25
183,CHEMBL3646210,C[C@H](O)Cn1cc(cn1)c2cnc(N)c3c(csc23)c4ccc(NC(=O)Nc5cccc(C)c5)cc4,8.25
184,CHEMBL3086177,NNS(=O)(=O)CCc1ccc(NC(=O)c2nc(c[nH]2)C#N)c(c1)C3=CCCCC3,8.25
185,CHEMBL491078,CONC(=O)C1=CN(c2ccc3CCCc3c2)c4nc(Nc5ccc(OC)nc5)ncc4C1=O,8.28
186,CHEMBL1967720,CC(C)(C(=O)N)n1cc(cn1)c2cnc(N)c3c(csc23)c4ccc(NC(=O)Nc5cccc(F)c5)cc4,8.3
187,CHEMBL402908,CC1CCN(CC1)c2cc(ccc2NC(=O)c3oc(cc3)C#N)C#CCN4CCOCC4,8.3
188,CHEMBL2023486,CCc1cc(NC(=O)Cc2ccc(Oc3ccnc4cc(OC)ccc34)cc2OC)n[nH]1,8.3
189,CHEMBL2023118,CCn1cc(NC(=O)Cc2ccc(Oc3ccnc4cc(OC)ccc34)cc2OC)cn1,8.3
190,CHEMBL1964441,CNCC#Cc1cnc(N)c2c(csc12)c3ccc(NC(=O)Nc4cccc(C)c4)cc3,8.3
191,CHEMBL489883,CONC(=O)C1=CN(C2CCCCC2)c3nc(Nc4ccc(cc4)C5CCN(C)CC5)ncc3C1=O,8.3
192,CHEMBL3673478,COc1cc(Cn2c(N)nc3cc(cnc23)c4cnn(C)c4)ccc1OCc5ccc(cc5)C(F)(F)F,8.3
193,CHEMBL3678285,COc1cc(Cn2c(N)nc3cc(cnc23)c4cnn(C)c4)ccc1OCc5ccc(nc5)C(C)C,8.3
194,CHEMBL3673477,COc1cc(Cn2c(N)nc3cc(cnc23)c4cnn(C)c4)ccc1OCc5ccc(nc5)C(F)(F)F,8.3
195,CHEMBL3673480,COc1cc(Cn2c(N)nc3cc(cnc23)c4cnn(C)c4)ccc1OCc5csc(C)n5,8.3
196,CHEMBL3673485,COc1ccc(COc2ccc(Cn3c(N)nc4cc(cnc34)c5c(C)nn(C)c5C)cc2OC)cn1,8.3
197,CHEMBL3673488,COc1ccc(COc2ccc(Cn3c(N)nc4cc(cnc34)c5ccccn5)cc2OC)cn1,8.3
198,CHEMBL3673483,COc1ccc(COc2ccc(Cn3c(N)nc4cc(cnc34)c5ccn(C)n5)cc2OC)cn1,8.3
199,CHEMBL3673455,COc1ccc(COc2ccc(Cn3cnc4cc(cnc34)N5CCC(CC5)C(C)(C)N)cc2OC)cn1,8.3
200,CHEMBL514619,C[C@H](Nc1cncc(Br)c1)c2cccc(NC(=O)c3cncc(C)c3)c2,8.3
201,CHEMBL472860,C[C@H](Nc1cncc(Cl)n1)c2cccc(NC(=O)c3cncc(C)c3)c2,8.3
202,CHEMBL459471,Cc1ccc(cc1C)C(=O)Nc2ccc(Cl)c(c2)C(=O)Nc3cccnc3,8.3
203,CHEMBL461572,Clc1cccc(c1)C(=O)Nc2ccc(Cl)c(c2)C(=O)Nc3cncs3,8.3
204,CHEMBL271461,NC(=O)C1=CN(c2ccc3CCCc3c2)c4nc(Nc5ccc(cc5)N6CCNCC6)ncc4C1=O,8.3
205,CHEMBL475817,Nc1ncc(NC(=O)c2cc(NC(=O)c3cccc(c3)C(F)(F)F)ccc2Cl)cc1Cl,8.3
206,CHEMBL2203428,CN1CCN(Cc2ccc(nc2)C(=O)Nc3ccc(NC(=O)Nc4cc(on4)C(C)(C)C)cc3)CC1,8.31
207,CHEMBL124660,COc1cc2c(ncnc2cc1OCCCN3CCCCC3)N4CCN(CC4)C(=O)Nc5ccc(OC(C)C)cc5,8.31
208,CHEMBL3086174,CC1(C)CCC(=CC1)c2cc(CCO)ccc2NC(=O)c3nc(c[nH]3)C#N,8.34
209,CHEMBL3086314,CC1(C)CCC(=CC1)c2cc(CCS(=O)(=O)N3CCOCC3)ccc2NC(=O)c4nc(c[nH]4)C#N,8.35
210,CHEMBL1172313,Nc1ccc(cn1)c2ccc(NC(=O)c3nc(c[nH]3)C#N)c(c2)C4=CCCCC4,8.35
211,CHEMBL1172346,O=C(Nc1ccc(cc1C2=CCCCC2)c3ccncc3)c4nc(c[nH]4)C#N,8.35
212,CHEMBL1079545,CC(C)(C)c1onc(NC(=O)Nc2ccc(NC(=O)c3ncccc3O)cc2)c1,8.36
213,CHEMBL490080,CONC(=O)C1=CN(C2CCCCC2)c3nc(Nc4ccc(CCN5CCCC5)cc4)ncc3C1=O,8.39
214,CHEMBL2023482,CCc1onc(NC(=O)Cc2ccc(Oc3ccnc4cc(OC)ccc34)cc2OC)c1,8.4
215,CHEMBL521887,CN1CCN(Cc2ccc(cc2)C(=O)Nc3ccc(C)c(c3)c4ccc5ccncc5c4)CC1,8.4
216,CHEMBL3673437,COc1ccc(COc2ccc(Cn3c(N)nc4cc(ccc34)c5cncnc5)cc2OC)cc1,8.4
217,CHEMBL3673439,COc1ccc(COc2ccc(Cn3c(N)nc4cc(ccc34)c5cnn(CCN6CCOCC6)c5)cc2OC)cc1,8.4
218,CHEMBL515867,C[C@H](Nc1cncc(Cl)n1)c2cccc(NC(=O)c3cncc(Br)c3)c2,8.4
219,CHEMBL444671,Cc1cc(C)cc(c1)C(=O)Nc2ccc(C)c(c2)C(=O)Nc3cnc(C)s3,8.4
220,CHEMBL453057,Cc1cccc(NC(=O)Nc2ccc(cc2)c3cnc4c(ccn4c3N)c5cnn(C)c5)c1,8.4
221,CHEMBL462133,Cc1ncc(NC(=O)c2cc(NC(=O)c3cccc(Cl)c3)ccc2Cl)s1,8.4
222,CHEMBL402852,NC(=O)C1=CN(c2ccc3CCCc3c2)c4nc(Nc5cccc(c5)C(=O)N6CCCCC6)ncc4C1=O,8.4
223,CHEMBL2158299,O=C(CN1CCOCC1)N2CCC(CC2)c3ccc(NC(=O)c4nc(c[nH]4)C#N)c(c3)C5=CCCCC5,8.42
224,CHEMBL3086171,CC(C)(O)Cc1ccc(NC(=O)c2nc(c[nH]2)C#N)c(c1)C3=CCCCC3,8.43
225,CHEMBL3086170,CC1(C)CCC(=CC1)c2cc(ccc2NC(=O)c3nc(c[nH]3)C#N)c4nnn[nH]4,8.43
226,CHEMBL1721885,Cc1[nH]c(\C=C\2/C(=O)Nc3ccc(F)cc23)c(C)c1C(=O)NC[C@H](O)CN4CCOCC4,8.44
227,CHEMBL3086325,NC(=O)c1ccc(NC(=O)c2nc(c[nH]2)C#N)c(c1)C3=CCCCC3,8.44
228,CHEMBL3085972,CC(C)(CN1CCS(=O)(=O)CC1)c2ccc(NC(=O)c3nc(c[nH]3)C#N)c(c2)C4=CCC(C)(C)CC4,8.46
229,CHEMBL3085829,CC(C)(N1CCS(=O)(=O)CC1)c2ccc(NC(=O)c3nc(c[nH]3)C#N)c(c2)C4=CCC(C)(C)CC4,8.46
230,CHEMBL3086179,O=C(Nc1ccc(CCS(=O)(=O)N2CCOCC2)cc1C3=CCCCC3)c4nc(c[nH]4)C#N,8.46
231,CHEMBL2203436,CC(C)(C)c1onc(NC(=O)Nc2ccc(NC(=O)c3ccc(OC4CCN(CC(F)(F)F)CC4)cn3)cc2)c1,8.47
232,CHEMBL223360,Cc1ccc(F)c(NC(=O)Nc2ccc(cc2)c3cccc4[nH]nc(N)c34)c1,8.47
233,CHEMBL2158303,NC(=O)N1CCC(CC1)c2ccc(NC(=O)c3nc(c[nH]3)C#N)c(c2)C4=CCCCC4,8.48
234,CHEMBL507619,CCNC(=O)C1=CN(c2ccc3CCCc3c2)c4nc(Nc5ccc(CCN6CCN(C)CC6)cc5)ncc4C1=O,8.5
235,CHEMBL2022856,C[C@@H](O)Cn1cc(cn1)c2cnc(N)c3c(csc23)c4ccc(NC(=O)Nc5cccc(F)c5)cc4,8.5
236,CHEMBL1908395,Cl.CN(C)CC(=O)N1CCC(CC1)c2ccc(NC(=O)c3nc(c[nH]3)C#N)c(c2)C4=CCCCC4,8.5
237,CHEMBL3085983,O=C(Nc1ccc(CN2CCOCC2)cc1C3=CCCCC3)c4nc(c[nH]4)C#N,8.5
238,CHEMBL2203426,CCN1CCC(CC1)c2ccc(nc2)C(=O)Nc3ccc(NC(=O)Nc4cc(on4)C(C)(C)C)cc3,8.51
239,CHEMBL2203432,CCN1CCC(CC1)Oc2ccnc(c2)C(=O)Nc3ccc(NC(=O)Nc4cc(on4)C(C)(C)C)cc3,8.52
240,CHEMBL480814,CCOc1cc2ncc(C(=O)N)c(Nc3cccc(Cl)c3Cl)c2cc1NCCN(C)C,8.52
241,CHEMBL2023117,CCn1cc(NC(=O)Cc2ccc(Oc3ccnc4cc(OC)c(OC)cc34)cc2OC)cn1,8.52
242,CHEMBL256459,CN(C)CCc1ccc(Nc2ncc3C(=O)C(=CN(c4ccc5CCCc5c4)c3n2)C(=O)N)cc1,8.52
243,CHEMBL481401,CN1CCN(CC1)c2cc3c(Nc4cccc(Cl)c4Cl)c(cnc3cc2F)C(=O)N,8.52
244,CHEMBL522892,CN1CCN(CC1)c2ccc3nc([nH]c3c2)C4=C(N)c5c(F)cccc5NC4=O,8.52
245,CHEMBL3673479,COc1cc(Cn2c(N)nc3cc(cnc23)c4cnn(C)c4)ccc1OCc5ccc(nc5)C6CC6,8.52
246,CHEMBL3673463,COc1cc(Cn2cnc3cc(cnc23)c4cnn(c4)C5CCNCC5)ccc1OCc6ccc(C)nc6,8.52
247,CHEMBL521262,COc1cc2c(Nc3cccc(Cl)c3Cl)c(cnc2cc1NCCN(C)C)C(=O)N,8.52
248,CHEMBL481223,COc1cc2ncc(C(=O)N)c(Nc3ccc(Cl)cc3Cl)c2cc1N4CCN(C)CC4,8.52
249,CHEMBL3673476,COc1ccc(COc2ccc(Cn3c(N)nc4cc(cnc34)c5cnn(C)c5)cc2OC)cn1,8.52
250,CHEMBL3673468,COc1ccc(COc2ccc(Cn3cnc4cc(cnc34)n5cc(nn5)C6CCCNC6)cc2OC)cn1,8.52
251,CHEMBL461573,Cc1cc(C)cc(c1)C(=O)Nc2ccc(Cl)c(c2)C(=O)Nc3cncs3,8.52
252,CHEMBL488840,Cc1cccc(C)c1\C=C\n2cnc3c(Nc4ccc(cc4)P(=O)(C)C)ncnc23,8.52
253,CHEMBL196363,Cc1cccc(NC(=O)Nc2ccc(cc2)c3csc4ncnc(N)c34)c1,8.52
254,CHEMBL459674,Clc1cc(Cl)cc(c1)C(=O)Nc2ccc(Cl)c(c2)C(=O)Nc3cccnc3,8.52
255,CHEMBL461365,Clc1ccc(cc1Cl)C(=O)Nc2ccc(Cl)c(c2)C(=O)Nc3cccnc3,8.52
256,CHEMBL517437,FC(F)(F)c1cccc(c1)C(=O)Nc2ccc(Cl)c(c2)C(=O)Nc3cncs3,8.52
257,CHEMBL255955,Nc1n[nH]c2nccc(c3ccc(NC(=O)Nc4cccc(c4)C(F)(F)F)cc3)c12,8.52
258,CHEMBL253027,O=C(Nc1ccc(cc1N2CCCCC2)n3ccnc3)c4oc(cc4)C#N,8.52
259,CHEMBL1171606,O=C(Nc1ccc(cc1C2=CCCCC2)C3CNS(=O)(=O)NC3)c4nc(c[nH]4)C#N,8.54
260,CHEMBL3086163,CN(C)C(=O)c1ccc(NC(=O)c2nc(c[nH]2)C#N)c(c1)C3=CCC(C)(C)CC3,8.55
261,CHEMBL1969102,Cc1cccc(NC(=O)Nc2ccc(cc2)c3csc4c(cnc(N)c34)c5cn[nH]c5)c1,8.56
262,CHEMBL3085980,NC(=O)CCc1ccc(NC(=O)c2nc(c[nH]2)C#N)c(c1)C3=CCCCC3,8.57
263,CHEMBL2158231,O=C(Nc1ccc(cc1C2=CCCCC2)C3CCN(CC3)C(=O)c4cccnc4)c5nc(c[nH]5)C#N,8.57
264,CHEMBL3086178,CC1(C)CCC(=CC1)c2cc(CCS(=O)(=O)NN)ccc2NC(=O)c3nc(c[nH]3)C#N,8.59
265,CHEMBL2158290,CS(=O)(=O)CC(=O)N1CCC(CC1)c2ccc(NC(=O)c3nc(c[nH]3)C#N)c(c2)C4=CCCCC4,8.59
266,CHEMBL1170997,CC1(C)CCC(=CC1)c2cc(ccc2NC(=O)c3nc(c[nH]3)C#N)C4CNC(=NC#N)NC4,8.6
267,CHEMBL273198,CCc1ccc(cc1)C2=C(C(=O)Nc3ccc(cc23)C#N)c4cnc(C)[nH]4,8.6
268,CHEMBL2158295,O=C(Cc1ccccn1)N2CCC(CC2)c3ccc(NC(=O)c4nc(c[nH]4)C#N)c(c3)C5=CCCCC5,8.6
269,CHEMBL256712,CC(=O)N1CCC(CC1)c2ccc(NC(=O)c3ncc(C#N)[nH]3)c(c2)C4=CCCCC4,8.62
270,CHEMBL3086172,CC1(C)CCC(=CC1)c2cc(CC(=O)NCCCO)ccc2NC(=O)c3nc(c[nH]3)C#N,8.62
271,CHEMBL444454,CONC(=O)C1=CN(c2ccc3CCCc3c2)c4nc(Nc5ccc(CCS(=O)(=O)NC(=O)C)cc5)ncc4C1=O,8.62
272,CHEMBL3085982,NS(=O)(=O)CCc1ccc(NC(=O)c2nc(c[nH]2)C#N)c(c1)C3=CCCCC3,8.62
273,CHEMBL2158224,O=C(Nc1ccc(cc1C2=CCCCC2)C3CCN(Cc4ccccn4)CC3)c5nc(c[nH]5)C#N,8.62
274,CHEMBL3086166,CC1(C)CCC(=CC1)c2cc(ccc2NC(=O)c3nc(c[nH]3)C#N)S(=O)(=O)C,8.64
275,CHEMBL3085830,CN1CCN(CC1)C(C)(C)c2ccc(NC(=O)c3nc(c[nH]3)C#N)c(c2)C4=CCC(C)(C)CC4,8.64
276,CHEMBL1170785,O=C(Nc1ccc(cc1C2=CCCCC2)C3CNC(=O)NC3)c4nc(c[nH]4)C#N,8.64
277,CHEMBL1172528,O=C(Nc1ccc(cc1C2=CCCCC2)c3cccnc3)c4nc(c[nH]4)C#N,8.64
278,CHEMBL3086162,CC1(C)CCC(=CC1)c2cc(ccc2NC(=O)c3nc(c[nH]3)C#N)C(=O)N,8.66
279,CHEMBL452965,CONC(=O)C1=CN(c2ccc3CCCc3c2)c4nc(Nc5ccc(cc5)C6CCN(CC(=O)O)CC6)ncc4C1=O,8.66
280,CHEMBL261849,COc1ccc(COc2ccc(Cc3cnc(N)nc3N)cc2OC)cc1,8.66
281,CHEMBL403661,CCc1ccc(cc1)C2=C(C(=O)Nc3ccc(Cl)cc23)c4cnc(C)[nH]4,8.68
282,CHEMBL3086316,CN(C)CCOC(C)(C)c1ccc(NC(=O)c2nc(c[nH]2)C#N)c(c1)C3=CCC(C)(C)CC3,8.68
283,CHEMBL3086321,COCCN(C)C(C)(C)c1ccc(NC(=O)c2nc(c[nH]2)C#N)c(c1)C3=CCC(C)(C)CC3,8.68
284,CHEMBL3085975,CC(C)(CN1CCN(CCO)CC1)c2ccc(NC(=O)c3nc(c[nH]3)C#N)c(c2)C4=CCC(C)(C)CC4,8.7
285,CHEMBL3085969,CC(C)(CO)c1ccc(NC(=O)c2nc(c[nH]2)C#N)c(c1)C3=CCC(C)(C)CC3,8.7
286,CHEMBL3086160,CC1(C)CCC(=CC1)c2cc(Cc3nnn[nH]3)ccc2NC(=O)c4nc(c[nH]4)C#N,8.7
287,CHEMBL261699,CC1CCN(CC1)c2cc(\C=C\C(=O)O)ccc2NC(=O)c3oc(cc3)C#N,8.7
288,CHEMBL399763,CN1CCN(CC1)c2ccc(NC(=O)c3cc(c[nH]3)C#N)c(c2)N4CCCCC4,8.7
289,CHEMBL481423,COc1cc2ncc(C(=O)N)c(Nc3ccc(Cl)c(Cl)c3)c2cc1N4CCN(C)CC4,8.7
290,CHEMBL3673438,COc1ccc(COc2ccc(Cn3c(N)nc4cc(ccc34)c5ccncc5)cc2OC)cc1,8.7
291,CHEMBL3673436,COc1ccc(COc2ccc(Cn3c(N)nc4cc(ccc34)c5cnn(C)c5)cc2OC)cc1,8.7
292,CHEMBL3673453,COc1ccc(COc2ccc(Cn3c(N)nc4cc(cnc34)c5ccc(nc5)P(=O)(C)C)cc2OC)cc1,8.7
293,CHEMBL3673486,COc1ccc(COc2ccc(Cn3c(N)nc4cc(cnc34)c5ccncc5)cc2OC)cn1,8.7
294,CHEMBL3673452,COc1ccc(COc2ccc(Cn3c(N)nc4cc(cnc34)c5cnn(C)c5)cc2OC)cc1,8.7
295,CHEMBL3673442,COc1ccc(COc2ccc(Cn3cnc4cc(ccc34)c5cnn(c5)C6CCNCC6)cc2OC)cn1,8.7
296,CHEMBL3673462,COc1ccc(COc2ccc(Cn3cnc4cc(cnc34)c5cnn(c5)C6CCNCC6)cc2OC)cn1,8.7
297,CHEMBL474695,C[C@H](Nc1cncc(Cl)n1)c2cccc(NC(=O)c3cc(C)ccc3F)c2,8.7
298,CHEMBL504075,C[C@H](Nc1cncc(Cl)n1)c2cccc(NC(=O)c3cccc(C)c3)c2,8.7
299,CHEMBL404367,Cc1cccc(NC(=O)Nc2ccc(cc2)c3cncc4c3c(N)nn4C)c1,8.7
300,CHEMBL2203429,Cc1ccnc(c1)C(=O)Nc2ccc(NC(=O)Nc3cc(on3)C(C)(C)C)cc2,8.7
301,CHEMBL1970317,Cn1cc(cn1)c2cnc(N)c3c(csc23)c4ccc(NC(=O)Nc5cccc(F)c5)cc4,8.7
302,CHEMBL3086315,CC(C)(O)c1ccc(NC(=O)c2nc(c[nH]2)C#N)c(c1)C3=CCC(C)(C)CC3,8.72
303,CHEMBL3086318,CC(C)(OCCN1CCOCC1)c2ccc(NC(=O)c3nc(c[nH]3)C#N)c(c2)C4=CCC(C)(C)CC4,8.72
304,CHEMBL3086167,CC1(C)CCC(=CC1)c2cc(ccc2NC(=O)c3nc(c[nH]3)C#N)S(=O)(=O)N,8.72
305,CHEMBL1169980,CN1CC(CN(C)C1=NS(=O)(=O)C)c2ccc(NC(=O)c3nc(c[nH]3)C#N)c(c2)C4=CCC(C)(C)CC4,8.72
306,CHEMBL2203431,CC(C)(C)c1onc(NC(=O)Nc2ccc(NC(=O)c3cc(OC4CCNCC4)ccn3)cc2)c1,8.75
307,CHEMBL2206279,CC(C)(C)c1onc(NC(=O)Nc2ccc(NC(=O)c3ccc(OC4CC(C)(C)NC(C)(C)C4)cn3)cc2)c1,8.75
308,CHEMBL1230609,COc1cc2c(Oc3ccc(NC(=O)C4(CC4)C(=O)Nc5ccc(F)cc5)cc3F)ccnc2cc1OCCCN6CCOCC6,8.75
309,CHEMBL2158223,O=C(Nc1ccc(cc1C2=CCCCC2)C3CCN(CCC#N)CC3)c4nc(c[nH]4)C#N,8.75
310,CHEMBL3085832,CC(=O)N1CCN(CC1)C(C)(C)c2ccc(NC(=O)c3nc(c[nH]3)C#N)c(c2)C4=CCC(C)(C)CC4,8.77
311,CHEMBL3085981,CC1(C)CCC(=CC1)c2cc(CCC(=O)N)ccc2NC(=O)c3nc(c[nH]3)C#N,8.77
312,CHEMBL1171607,CN1CC(CN(C)S1(=O)=O)c2ccc(NC(=O)c3nc(c[nH]3)C#N)c(c2)C4=CCCCC4,8.77
313,CHEMBL455591,CONC(=O)C1=CN(c2ccc3CCCc3c2)c4nc(Nc5ccc(CCN6CCC(F)(F)CC6)cc5)ncc4C1=O,8.77
314,CHEMBL2158298,O=C(CCN1CCOCC1)N2CCC(CC2)c3ccc(NC(=O)c4nc(c[nH]4)C#N)c(c3)C5=CCCCC5,8.77
315,CHEMBL2158296,O=C(Cc1cccnc1)N2CCC(CC2)c3ccc(NC(=O)c4nc(c[nH]4)C#N)c(c3)C5=CCCCC5,8.77
316,CHEMBL3086176,CC1(C)CCC(=CC1)c2cc(CCS(=O)(=O)N)ccc2NC(=O)c3nc(c[nH]3)C#N,8.8
317,CHEMBL2203430,Cc1ccc(nc1)C(=O)Nc2ccc(NC(=O)Nc3cc(on3)C(C)(C)C)cc2,8.8
318,CHEMBL2158294,Cn1cnc(CC(=O)N2CCC(CC2)c3ccc(NC(=O)c4nc(c[nH]4)C#N)c(c3)C5=CCCCC5)c1,8.8
319,CHEMBL2158226,OCC(CO)N1CCC(CC1)c2ccc(NC(=O)c3nc(c[nH]3)C#N)c(c2)C4=CCCCC4,8.8
320,CHEMBL3085974,CC(C)(CNCCS(=O)(=O)C)c1ccc(NC(=O)c2nc(c[nH]2)C#N)c(c1)C3=CCC(C)(C)CC3,8.82
321,CHEMBL3086322,CC(C)(NCCS(=O)(=O)C)c1ccc(NC(=O)c2nc(c[nH]2)C#N)c(c1)C3=CCC(C)(C)CC3,8.82
322,CHEMBL3086164,CC1(C)CCC(=CC1)c2cc(ccc2NC(=O)c3nc(c[nH]3)C#N)C(=O)O,8.82
323,CHEMBL3085831,CCN1CCN(CC1)C(C)(C)c2ccc(NC(=O)c3nc(c[nH]3)C#N)c(c2)C4=CCC(C)(C)CC4,8.82
324,CHEMBL2158227,CS(=O)(=O)CCN1CCC(CC1)c2ccc(NC(=O)c3nc(c[nH]3)C#N)c(c2)C4=CCCCC4,8.82
325,CHEMBL1172345,[O-][n+]1ccc(cc1)c2ccc(NC(=O)c3nc(c[nH]3)C#N)c(c2)C4=CCCCC4,8.82
326,CHEMBL3086165,CC(O)c1ccc(NC(=O)c2nc(c[nH]2)C#N)c(c1)C3=CCC(C)(C)CC3,8.85
327,CHEMBL472403,CNC(=O)C1=CN(c2ccc3CCCc3c2)c4nc(Nc5ccc(CCN6CCOCC6)cc5)ncc4C1=O,8.85
328,CHEMBL2158228,NC(=O)CN1CCC(CC1)c2ccc(NC(=O)c3nc(c[nH]3)C#N)c(c2)C4=CCCCC4,8.85
329,CHEMBL3086175,O=C(Nc1ccc(CCN2CCOCC2)cc1C3=CCCCC3)c4nc(c[nH]4)C#N,8.85
330,CHEMBL2158291,[O-][n+]1cccc(c1)C(=O)N2CCC(CC2)c3ccc(NC(=O)c4nc(c[nH]4)C#N)c(c3)C5=CCCCC5,8.85
331,CHEMBL1172347,[O-][n+]1cccc(c1)c2ccc(NC(=O)c3nc(c[nH]3)C#N)c(c2)C4=CCCCC4,8.85
332,CHEMBL3646211,COc1ccc(NC(=O)Nc2ccc(cc2)c3csc4c(cnc(N)c34)c5cnn(C[C@H](O)CO)c5)cc1,8.87
333,CHEMBL2203438,CC(C)(C)c1onc(NC(=O)Nc2ccc(NC(=O)c3ccc(OC4CCN(CC4)C5CC5)cn3)cc2)c1,8.89
334,CHEMBL2158301,CC(C)(N)C(=O)N1CCC(CC1)c2ccc(NC(=O)c3nc(c[nH]3)C#N)c(c2)C4=CCCCC4,8.89
335,CHEMBL3085834,COCCN1CCN(CC1)C(C)(C)c2ccc(NC(=O)c3nc(c[nH]3)C#N)c(c2)C4=CCC(C)(C)CC4,8.89
336,CHEMBL522834,CONC(=O)C1=CN(c2ccc3CCCc3c2)c4nc(Nc5ccc(CCN6CCOCC6)cc5)ncc4C1=O,8.89
337,CHEMBL451931,CONC(=O)C1=CN(c2ccc3CCCc3c2)c4nc(Nc5ccc(cc5)C6CCN(CCO)CC6)ncc4C1=O,8.89
338,CHEMBL2158297,O=C(Cc1ccncc1)N2CCC(CC2)c3ccc(NC(=O)c4nc(c[nH]4)C#N)c(c3)C5=CCCCC5,8.89
339,CHEMBL2158229,OC(=O)CN1CCC(CC1)c2ccc(NC(=O)c3nc(c[nH]3)C#N)c(c2)C4=CCCCC4,8.89
340,CHEMBL2158292,[O-][n+]1ccc(cc1)C(=O)N2CCC(CC2)c3ccc(NC(=O)c4nc(c[nH]4)C#N)c(c3)C5=CCCCC5,8.89
341,CHEMBL3085976,CC(C)(NCCN1CCOCC1)c2ccc(NC(=O)c3nc(c[nH]3)C#N)c(c2)C4=CCC(C)(C)CC4,8.92
342,CHEMBL3086317,CC(C)(OCCN1CCCC1)c2ccc(NC(=O)c3nc(c[nH]3)C#N)c(c2)C4=CCC(C)(C)CC4,8.92
343,CHEMBL2203435,CC(C)N1CCC(CC1)Oc2ccc(nc2)C(=O)Nc3ccc(NC(=O)Nc4cc(on4)C(C)(C)C)cc3,8.92
344,CHEMBL511484,CNC(=O)C1=CN(c2ccc3CCCc3c2)c4nc(Nc5ccc(CCN6CCN(C)CC6)cc5)ncc4C1=O,8.92
345,CHEMBL2158287,OC[C@@H](O)C(=O)N1CCC(CC1)c2ccc(NC(=O)c3nc(c[nH]3)C#N)c(c2)C4=CCCCC4,8.92
346,CHEMBL2203437,CC(C)(C)N1CCC(CC1)Oc2ccc(nc2)C(=O)Nc3ccc(NC(=O)Nc4cc(on4)C(C)(C)C)cc3,8.95
347,CHEMBL2158293,O=C(Cc1c[nH]cn1)N2CCC(CC2)c3ccc(NC(=O)c4nc(c[nH]4)C#N)c(c3)C5=CCCCC5,8.96
348,CHEMBL2158230,O=C(Nc1ccc(cc1C2=CCCCC2)C3CCN(CCN4CCOCC4)CC3)c5nc(c[nH]5)C#N,8.96
349,CHEMBL2158221,OC(=O)C(F)(F)F.O=C(Nc1ccc(cc1C2=CCCCC2)C3CCNCC3)c4nc(c[nH]4)C#N,8.96
350,CHEMBL2158225,OCCN1CCC(CC1)c2ccc(NC(=O)c3nc(c[nH]3)C#N)c(c2)C4=CCCCC4,8.96
351,CHEMBL254908,CC1CCN(CC1)c2cc(ccc2NC(=O)c3cc(c[nH]3)C#N)N4CCNCC4,9.0
352,CHEMBL252436,CC1CCN(CC1)c2cc(ccc2NC(=O)c3oc(cc3)C#N)N4CCN(C)CC4,9.0
353,CHEMBL2203427,CCN1CCC(Cc2ccc(nc2)C(=O)Nc3ccc(NC(=O)Nc4cc(on4)C(C)(C)C)cc3)CC1,9.0
354,CHEMBL2158289,CN(CCO)CC(=O)N1CCC(CC1)c2ccc(NC(=O)c3nc(c[nH]3)C#N)c(c2)C4=CCCCC4,9.0
355,CHEMBL3673440,COc1ccc(COc2ccc(Cn3c(N)nc4cc(ccc34)c5ccc(nc5)P(=O)(C)C)cc2OC)cc1,9.0
356,CHEMBL1171777,O=C(Nc1ccc(cc1C2=CCCCC2)C3CC(=O)NC(=O)C3)c4nc(c[nH]4)C#N,9.0
357,CHEMBL257154,O=C(Nc1ccc(cc1C2=CCCCC2)C3CCNCC3)c4nc(c[nH]4)C#N,9.0
358,CHEMBL3085828,CC(C)(N1CCOCC1)c2ccc(NC(=O)c3nc(c[nH]3)C#N)c(c2)C4=CCC(C)(C)CC4,9.05
359,CHEMBL254910,CC1CCN(CC1)c2cc(ccc2NC(=O)c3oc(cc3)C#N)N4CCN(CC4)S(=O)(=O)C,9.05
360,CHEMBL1171605,CN1CC(CN(C)C1=O)c2ccc(NC(=O)c3nc(c[nH]3)C#N)c(c2)C4=CCCCCC4,9.05
361,CHEMBL1908396,COc1cc(Oc2ccnc3cc(OC)c(OC)cc23)ccc1NC(=O)NC(C)c4nccs4,9.08
362,CHEMBL2158288,OCCNCC(=O)N1CCC(CC1)c2ccc(NC(=O)c3nc(c[nH]3)C#N)c(c2)C4=CCCCC4,9.08
363,CHEMBL3085978,CC1(C)CCC(=CC1)c2cc(CCN3CCOCC3)ccc2NC(=O)c4nc(c[nH]4)C#N,9.1
364,CHEMBL3085984,CC1(C)CCC(=CC1)c2cc(CN3CCN(CCO)CC3)ccc2NC(=O)c4nc(c[nH]4)C#N,9.1
365,CHEMBL1171385,CC1(C)CCC(=CC1)c2cc(ccc2NC(=O)c3nc(c[nH]3)C#N)C4CC(=O)NC(=O)C4,9.1
366,CHEMBL254702,CC1CCN(CC1)c2cc(ccc2NC(=O)c3cc(c[nH]3)C#N)N4CCN(C)CC4,9.1
367,CHEMBL255443,CC1CCN(CC1)c2cc(ccc2NC(=O)c3oc(cc3)C#N)C4=CCNCC4,9.1
368,CHEMBL257620,CC1CCN(CC1)c2cc(ccc2NC(=O)c3oc(cc3)C#N)C4CCN(CC4)C(=O)C,9.1
369,CHEMBL448339,CCN1CCCC(O)(C1)c2cccc(Nc3ncc4C(=O)C(=CN(c5ccc6CCCc6c5)c4n3)C(=O)NOC)c2,9.1
370,CHEMBL398509,CN1CCN(CC1)c2ccc(NC(=O)c3oc(cc3)C#N)c(c2)N4CCCCC4,9.1
371,CHEMBL508935,CONC(=O)C1=CN(c2ccc3CCCc3c2)c4nc(Nc5ccc(CCN6CCN(C)C(=O)C6)cc5)ncc4C1=O,9.1
372,CHEMBL448117,CONC(=O)C1=CN(c2ccc3CCCc3c2)c4nc(Nc5ccc(CCN6CCNC(=O)C6)cc5)ncc4C1=O,9.1
373,CHEMBL3085977,CC(=O)NCCNC(C)(C)c1ccc(NC(=O)c2nc(c[nH]2)C#N)c(c1)C3=CCC(C)(C)CC3,9.16
374,CHEMBL3085833,CC(C)(N1CCN(CCO)CC1)c2ccc(NC(=O)c3nc(c[nH]3)C#N)c(c2)C4=CCC(C)(C)CC4,9.16
375,CHEMBL254909,CC1CCN(CC1)c2cc(ccc2NC(=O)c3cc(c[nH]3)C#N)N4CCN(CC4)C(=O)C,9.16
376,CHEMBL1908842,CN(C)CC(=O)N1CCC(CC1)c2ccc(NC(=O)c3nc(c[nH]3)C#N)c(c2)C4=CCCCC4,9.16
377,CHEMBL451918,CN1CCN(CCc2ccc(Nc3ncc4C(=O)C(=CN(c5ccc6CCCc6c5)c4n3)C(=O)NCCO)cc2)CC1,9.16
378,CHEMBL505830,CONC(=O)C1=CN(c2ccc3CCCc3c2)c4nc(Nc5ccc(CCN6CCN(C)CC6)cc5)ncc4C1=O,9.16
379,CHEMBL445519,CONC(=O)C1=CN(c2ccc3CCCc3c2)c4nc(Nc5ccc(cc5)C6CCN(C)CC6(F)F)ncc4C1=O,9.16
380,CHEMBL252822,O=C(Nc1ccc(cc1N2CCCCC2)N3CCS(=O)(=O)CC3)c4oc(cc4)C#N,9.16
381,CHEMBL2158302,OCCNC(=O)N1CCC(CC1)c2ccc(NC(=O)c3nc(c[nH]3)C#N)c(c2)C4=CCCCC4,9.16
382,CHEMBL386051,CSc1cccc(Nc2ncc3C=C(C(=O)N(C)c3n2)c4c(Cl)cccc4Cl)c1,9.17
383,CHEMBL2158300,CC(C)(N)CC(=O)N1CCC(CC1)c2ccc(NC(=O)c3nc(c[nH]3)C#N)c(c2)C4=CCCCC4,9.21
384,CHEMBL2203433,CC(C)(C)c1onc(NC(=O)Nc2ccc(NC(=O)c3ccc(OC4CCNCC4)cn3)cc2)c1,9.22
385,CHEMBL398237,CC1CCN(CC1)c2cc(ccc2NC(=O)c3oc(cc3)C#N)N4CCN(CCO)CC4,9.22
386,CHEMBL3086320,COCCNC(C)(C)c1ccc(NC(=O)c2nc(c[nH]2)C#N)c(c1)C3=CCC(C)(C)CC3,9.22
387,CHEMBL3085973,COCCNCC(C)(C)c1ccc(NC(=O)c2nc(c[nH]2)C#N)c(c1)C3=CCC(C)(C)CC3,9.22
388,CHEMBL509044,CC(C)ONC(=O)C1=CN(c2ccc3CCCc3c2)c4nc(Nc5ccc(CCN6CCN(C)CC6)cc5)ncc4C1=O,9.3
389,CHEMBL451575,CCONC(=O)C1=CN(c2ccc3CCCc3c2)c4nc(Nc5ccc(CCN6CCN(C)CC6)cc5)ncc4C1=O,9.3
390,CHEMBL1170784,CN1C(=O)CC(CC1=O)c2ccc(NC(=O)c3nc(c[nH]3)C#N)c(c2)C4=CCCCC4,9.3
391,CHEMBL1170786,CN1CC(CN(C)C1=O)c2ccc(NC(=O)c3nc(c[nH]3)C#N)c(c2)C4=CCCCC4,9.3
392,CHEMBL489298,CONC(=O)C1=CN(c2ccc3CCCc3c2)c4nc(Nc5ccc(cc5)C6CCNCC6)ncc4C1=O,9.3
393,CHEMBL402337,CC1CCC(=CC1)c2cc(ccc2NC(=O)c3ncc(C#N)[nH]3)C4CCNCC4,9.4
394,CHEMBL489881,CCc1cccc(c1)N2C=C(C(=O)NOC)C(=O)c3cnc(Nc4ccc(cc4)C5CCN(C)CC5)nc23,9.4
395,CHEMBL3349454,CN1CC(CN(C)C1=NC#N)c2ccc(NC(=O)c3nc(c[nH]3)C#N)c(c2)C4=CCC(C)(C)CC4,9.4
396,CHEMBL521580,CONC(=O)C1=CN(C2CCC(C)(C)CC2)c3nc(Nc4ccc(cc4)C5CCN(C)CC5)ncc3C1=O,9.4
397,CHEMBL492809,CONC(=O)C1=CN(c2ccc3CCCc3c2)c4nc(Nc5ccc(cc5)C6CCN(C)CC6)ncc4C1=O,9.4
398,CHEMBL438533,CC1CCN(CC1)c2cc(ccc2NC(=O)c3oc(cc3)C#N)C4CCNCC4,9.52
399,CHEMBL489684,CCc1ccc(cc1)N2C=C(C(=O)NOC)C(=O)c3cnc(Nc4ccc(cc4)C5CCN(C)CC5)nc23,9.52
400,CHEMBL1171604,CN1CC(CN(C)C1=O)c2ccc(NC(=O)c3nc(c[nH]3)C#N)c(c2)C4=CCC(C)(C)CC4,9.52
4,CHEMBL941,CN1CCN(Cc2ccc(cc2)C(=O)Nc3ccc(C)c(Nc4nccc(n4)c5cccnc5)c3)CC1,6.02
5,CHEMBL124035,COCCOc1cc2ncnc(N3CCN(CC3)C(=O)Nc4ccc(OC(C)C)cc4)c2cc1OC,5.26
6,CHEMBL125898,COc1cc2c(ncnc2cc1OCCCN3CCOCC3)N4CCN(CC4)C(=O)Nc5ccc(OC(C)C)cc5,5.85
8,CHEMBL444064,COc1cc2c(ncnc2cc1OCCN3CCCCC3)N4CCN(CC4)C(=O)Nc5ccc(OC(C)C)cc5,5.47
9,CHEMBL542955,Cl.COc1ccc2ncnc(N(C)c3ccccc3)c2c1,4.7
11,CHEMBL553908,Cl.COc1cc2ncnc(N(C)c3cccc(Cl)c3)c2cc1OC,5.82
12,CHEMBL554566,Cl.CN(c1cccc(C)c1)c2ncnc3cc(C)c(C)cc23,5.8
13,CHEMBL136011,CN(c1cccc(C)c1)c2[nH]cnc3nncc23,6.75
14,CHEMBL545538,Cl.COc1cc2ncnc(N(C)c3ccc(C)cc3)c2cc1OC,5.7
16,CHEMBL553523,Cl.COc1cc2ncnc(N(C)c3cccc(C)c3)c2cc1OC,6.75
17,CHEMBL335052,CN(c1ccccc1)c2[nH]cnc3ncnc23,5.4
18,CHEMBL134439,CN(c1ccccc1)c2ncnc3ccc(Cl)cc23,5.3
19,CHEMBL543195,Cl.COc1cc2ncnc(N(C)c3ccc(Cl)cc3)c2cc1OC,5.68
21,CHEMBL541334,Cl.CN(c1ccccc1)c2[nH]cnc3nncc23,6.22
22,CHEMBL543669,Cl.COc1cc2ncnc(N(C)c3ccccc3)c2cc1OC,6.3
25,CHEMBL539807,Cl.COc1cc2ncnc(N(C)c3cccc(c3)C(F)(F)F)c2cc1OC,6.3
27,CHEMBL554053,Cl.CCN(c1ccccc1)c2ncnc3cc(OC)c(OC)cc23,5.4
28,CHEMBL545776,Cl.COc1cc2ncnc(N3CCc4ccccc34)c2cc1OC,5.3
35,CHEMBL153843,FC(F)(F)c1cccc(NC(=O)c2ccccc2NCc3ccncc3)c1,6.42
36,CHEMBL24828,COc1cc2c(Nc3ccc(Br)cc3F)ncnc2cc1OCC4CCN(C)CC4,5.8
37,CHEMBL276711,Cc1cc(C)c(\C=C\2/C(=O)Nc3ccccc23)[nH]1,7.08
38,CHEMBL75232,OC(=O)CCC(=O)O.Clc1ccc(Nc2nnc(Cc3ccncc3)c4ccccc24)cc1,5.91
39,CHEMBL347537,O=C(Nc1cccc(c1)c2cncc3ccccc23)c4ccccc4NCc5ccncc5,7.0
44,CHEMBL177298,CC(C)(Nc1nc(NO)nc(Nc2ccc3ncsc3c2)n1)c4ccccc4,4.85
46,CHEMBL176078,CCN(Cc1ccccc1)c2nc(O)nc(Nc3ccc4ncsc4c3)n2,5.37
52,CHEMBL381207,Cc1sc2ncnc(N)c2c1c3ccc(NC(=O)Nc4cc(ccc4F)C(F)(F)F)cc3,7.24
60,CHEMBL373882,CNc1ncnc(n1)c2cccnc2Oc3ccc(F)c(c3)C(=O)Nc4cc(ccc4N(C)CCCN(C)C)C(F)(F)F,4.6
66,CHEMBL231568,CNC(=O)c1cc(Oc2ccc3oc(Nc4ccc(Cl)c(OC[C@@H]5CCCN5C)c4)nc3c2)ccn1,7.1
69,CHEMBL237570,COc1ccc2cc(ccc2c1)c3c(nc(c4ccc(cc4C)[S+](C)[O-])n3C)c5ccncc5,6.26
70,CHEMBL247228,Nc1ncnc2occ(c3ccc(NC(=O)Nc4cc(ccc4F)C(F)(F)F)cc3)c12,7.41
75,CHEMBL245769,COCC(=O)Nc1cccc2c1Cc3c2n[nH]c3c4csc(c4)C#CCOc5ccccc5,6.95
76,CHEMBL245377,CN1CCN(CC(=O)Nc2cccc3c2Cc4c3n[nH]c4c5csc(c5)C#CCOc6ccccc6)CC1,7.35
77,CHEMBL395427,CCOC(=O)CC(=O)Nc1cccc2c1Cc3c2n[nH]c3c4csc(c4)C#CCOc5ccccc5,5.53
78,CHEMBL246166,COC(=O)C(=O)Nc1cccc2c1Cc3c2n[nH]c3c4csc(c4)C#CCOc5ccccc5,6.72
79,CHEMBL245968,COCCOCC(=O)Nc1cccc2c1Cc3c2n[nH]c3c4csc(c4)C#CCOc5ccccc5,5.9
81,CHEMBL250775,COc1ccc(Nc2c(cnc3cc(ccc23)c4ccc(cc4)S(=O)(=O)C)C(=O)N)cc1F,7.0
83,CHEMBL250774,CS(=O)(=O)c1ccc(cc1)c2ccc3c(Nc4ccc(F)cc4)c(cnc3c2)C(=O)N,6.8
84,CHEMBL399702,CS(=O)(=O)c1ccc(cc1)c2ccc3c(Nc4ccc(F)c(F)c4)c(cnc3c2)C(=O)N,6.7
85,CHEMBL250572,Cc1ccc(Nc2c(cnc3cc(ccc23)c4ccc(cc4)S(=O)(=O)C)C(=O)N)cc1F,7.2
88,CHEMBL398469,NC(=O)c1cnc2cc(ccc2c1Nc3ccccc3)c4ccc(cc4)S(=O)(=O)N,7.1
89,CHEMBL250362,NC(=O)c1cnc2cc(ccc2c1Nc3ccccc3)c4ccc(cc4)C(=O)N5CCOCC5,7.1
91,CHEMBL250160,CCS(=O)(=O)c1ccc(cc1)c2ccc3c(Nc4ccccc4)c(cnc3c2)C(=O)N,6.7
92,CHEMBL249960,CS(=O)(=O)Cc1ccc(cc1)c2ccc3c(Nc4ccccc4)c(cnc3c2)C(=O)N,7.3
94,CHEMBL249138,NC(=O)c1cnc2cc(ccc2c1Nc3ccccc3)c4ccc(cc4)C(=O)C5CCCC5,7.5
95,CHEMBL249137,NC(=O)c1cnc2cc(ccc2c1Nc3ccccc3)c4ccc(cc4)C(=O)C5CC5,7.0
96,CHEMBL428228,CS(=O)(=O)Nc1ccc(cc1)c2ccc3c(Nc4ccccc4)c(cnc3c2)C(=O)N,7.2
97,CHEMBL443587,CC(=O)Nc1ccc(cc1)c2ccc3c(Nc4ccccc4)c(cnc3c2)C(=O)N,7.1
98,CHEMBL248931,CN(C)c1ccc(cc1)c2ccc3c(Nc4ccccc4)c(cnc3c2)C(=O)N,7.4
99,CHEMBL399647,NC(=O)c1cnc2cc(ccc2c1Nc3ccccc3)c4ccc(N)cc4,6.8
100,CHEMBL249371,NC(=O)c1cnc2cc(ccc2c1Nc3ccccc3)c4cccc(c4)C#N,6.5
101,CHEMBL249163,NC(=O)c1cnc2cc(ccc2c1Nc3ccccc3)c4ccc(cc4)C#N,7.3
103,CHEMBL401420,NC(=O)c1cnc2cc(ccc2c1Nc3ccccc3)c4ccc(cc4)C(F)(F)F,6.89
104,CHEMBL251367,NC(=O)c1cnc2cc(ccc2c1Nc3ccccc3)c4ccc(F)cc4,7.5
106,CHEMBL251173,Cc1ccc(cc1)c2ccc3c(Nc4ccccc4)c(cnc3c2)C(=O)N,7.3
107,CHEMBL249752,NC(=O)c1cnc2cc(ccc2c1Nc3ccccc3)c4ccccc4,6.6
108,CHEMBL249751,NC(=O)c1cnc2cc(ccc2c1Nc3cccc4[nH]ncc34)c5ccncc5,6.8
109,CHEMBL400289,NC(=O)c1cnc2cc(ccc2c1Nc3n[nH]c4ccccc34)c5ccncc5,6.5
110,CHEMBL400288,NC(=O)c1cnc2cc(ccc2c1Nc3ccon3)c4ccncc4,5.5
111,CHEMBL249545,CC(C)Oc1ccc(Nc2c(cnc3cc(ccc23)c4ccncc4)C(=O)N)cc1F,6.0
112,CHEMBL249544,CCOc1ccc(Nc2c(cnc3cc(ccc23)c4ccncc4)C(=O)N)cc1F,7.0
113,CHEMBL399932,NC(=O)c1cnc2cc(ccc2c1Nc3ccc(OC(F)(F)F)c(Cl)c3)c4ccncc4,7.5
114,CHEMBL248933,COc1ccc(Nc2c(cnc3cc(ccc23)c4ccncc4)C(=O)N)cc1Cl,7.5
115,CHEMBL248740,COc1ccc(Nc2c(cnc3cc(ccc23)c4ccncc4)C(=O)N)cc1F,7.4
116,CHEMBL248930,Cc1cc(Nc2c(cnc3cc(ccc23)c4ccncc4)C(=O)N)ccc1Cl,6.8
117,CHEMBL399739,Cc1ccc(Nc2c(cnc3cc(ccc23)c4ccncc4)C(=O)N)cc1Cl,7.4
118,CHEMBL249781,Cc1cc(Nc2c(cnc3cc(ccc23)c4ccncc4)C(=O)N)ccc1F,7.3
119,CHEMBL399118,Cc1ccc(Nc2c(cnc3cc(ccc23)c4ccncc4)C(=O)N)cc1F,7.1
120,CHEMBL249779,NC(=O)c1cnc2cc(ccc2c1Nc3ccc(F)c(F)c3)c4ccncc4,7.5
121,CHEMBL399117,Cc1ccc(Nc2c(cnc3cc(ccc23)c4ccncc4)C(=O)N)cc1C,7.1
122,CHEMBL249574,CC(C)Oc1ccc(Nc2c(cnc3cc(ccc23)c4ccncc4)C(=O)N)cc1,6.2
123,CHEMBL249573,CN(C)c1ccc(Nc2c(cnc3cc(ccc23)c4ccncc4)C(=O)N)cc1,7.2
124,CHEMBL249377,CSc1ccc(Nc2c(cnc3cc(ccc23)c4ccncc4)C(=O)N)cc1,6.89
125,CHEMBL398920,NC(=O)c1cnc2cc(ccc2c1Nc3ccc(F)cc3)c4ccncc4,7.0
126,CHEMBL249170,COc1ccc(Nc2c(cnc3cc(ccc23)c4ccncc4)C(=O)N)cc1,7.2
127,CHEMBL428056,[O-][N+](=O)c1oc(cc1)C(=O)Nc2ccccc2N3CCCCC3,7.28
129,CHEMBL400753,NC(=N)NCc1ccc(N2CCCCC2)c(NC(=O)c3oc(cc3)C#N)c1,7.47
130,CHEMBL250157,CS(=O)(=O)NCc1ccc(N2CCCCC2)c(NC(=O)c3oc(cc3)C#N)c1,7.43
132,CHEMBL250156,CN1CCN(Cc2ccc(N3CCCCC3)c(NC(=O)c4oc(cc4)C#N)c2)CC1,7.1
134,CHEMBL399543,O=C(Nc1cc(ccc1N2CCCCC2)C#N)c3oc(cc3)C#N,6.92
136,CHEMBL249955,O=Cc1ccc(N2CCCCC2)c(NC(=O)c3oc(cc3)C#N)c1,7.43
137,CHEMBL249749,NCc1ccc(N2CCCCC2)c(NC(=O)c3oc(cc3)C#N)c1,6.7
139,CHEMBL249748,COc1ccc(N2CCCCC2)c(NC(=O)c3oc(cc3)C#N)c1,7.05
141,CHEMBL398933,O=C(Nc1ccccc1N2CCCCC2)c3cc(c[nH]3)C#N,7.33
142,CHEMBL398734,[O-][N+](=O)c1c[nH]c(c1)C(=O)Nc2ccccc2N3CCCCC3,7.33
143,CHEMBL249543,O=C(Nc1ccccc1N2CCCCC2)c3oc(cc3)C#N,7.44
147,CHEMBL399343,O=Cc1oc(cc1)C(=O)Nc2ccccc2N3CCCCC3,5.96
148,CHEMBL251157,Clc1oc(cc1)C(=O)Nc2ccccc2N3CCCCC3,5.72
149,CHEMBL251156,Brc1oc(cc1)C(=O)Nc2ccccc2N3CCCCC3,5.36
156,CHEMBL251351,OCCC1CCN(CC1)c2ccccc2NC(=O)c3oc(cc3)[N+](=O)[O-],7.37
157,CHEMBL249330,OCC1CCN(CC1)c2ccccc2NC(=O)c3oc(cc3)[N+](=O)[O-],6.89
158,CHEMBL249124,OC1CCN(CC1)c2ccccc2NC(=O)c3oc(cc3)[N+](=O)[O-],6.85
160,CHEMBL251603,CN1CCN(CC1)c2ccccc2NC(=O)c3oc(cc3)[N+](=O)[O-],6.41
161,CHEMBL251602,CC1CCN(CC1)c2ccccc2NC(=O)c3oc(cc3)[N+](=O)[O-],7.11
162,CHEMBL401198,CC1CC(C)CN(C1)c2ccccc2NC(=O)c3oc(cc3)[N+](=O)[O-],5.28
163,CHEMBL439233,CC1CCCN(C1)c2ccccc2NC(=O)c3oc(cc3)[N+](=O)[O-],6.42
164,CHEMBL250188,CC1CCCCN1c2ccccc2NC(=O)c3oc(cc3)[N+](=O)[O-],6.14
165,CHEMBL250187,[O-][N+](=O)c1oc(cc1)C(=O)Nc2ccccc2N3C=CC=CC=C3,6.59
166,CHEMBL249987,[O-][N+](=O)c1oc(cc1)C(=O)Nc2ccccc2N3CCCC3,5.72
172,CHEMBL251369,[O-][N+](=O)c1oc(cc1)C(=O)Nc2ccccc2N3CCOCC3,5.96
197,CHEMBL253864,O=C(Nc1ccccc1N2CCCCC2)c3oncc3,6.4
198,CHEMBL251842,CC1CCN(CC1)c2cc(cnc2NC(=O)c3oc(cc3)C#N)N4CCN(C)CC4,6.14
202,CHEMBL252832,CN1CCN(CC1)c2ccc(NC(=O)c3oc(cc3)C#N)c(c2)N4CCOCC4,7.1
208,CHEMBL429837,Fc1ccc(NC(=O)c2oc(cc2)C#N)c(c1)N3CCCCC3,7.2
209,CHEMBL398508,CCN(C)CCCc1ccc(NC(=O)c2oc(cc2)C#N)c(c1)N3CCCCC3,7.28
212,CHEMBL428945,CS(=O)(=O)Nc1ccc(NC(=O)c2oc(cc2)C#N)c(c1)N3CCCCC3,7.15
214,CHEMBL253026,Cc1cnn(c1)c2ccc(NC(=O)c3oc(cc3)C#N)c(c2)N4CCCCC4,7.19
216,CHEMBL254498,CN(C(=O)N1CCN(C)CC1)c2ccc(NC(=O)c3oc(cc3)C#N)c(c2)N4CCCCC4,7.08
228,CHEMBL253968,OC[C@H]1CCCN1CCCOc2ccc3c(Nc4cnn(CC(=O)Nc5cccc(F)c5F)c4)nncc3c2,7.44
232,CHEMBL269884,COc1ccc(c2ccc(NC(=O)Nc3cccc(Cl)c3)cc2)c4c(N)noc14,7.4
233,CHEMBL430090,COc1ccc(c2ccc(NC(=O)Nc3cccc(c3)C(F)(F)F)cc2)c4c(N)noc14,7.52
234,CHEMBL257323,CCOC(=O)C1=C(c2ccccc2)c3cc(Cl)ccc3NC1=O,6.0
237,CHEMBL403621,Cc1cccc(c1)C2=C(C(=O)Nc3ccc(Cl)cc23)c4onc(C)c4,6.62
238,CHEMBL270566,Cc1cc(on1)C2=C(c3ccncc3)c4cc(Cl)ccc4NC2=O,5.68
239,CHEMBL270783,Cc1cc(on1)C2=C(C3CCCCC3)c4cc(Cl)ccc4NC2=O,6.47
240,CHEMBL436651,Cc1cc(on1)C2=C(C3=CCCCCC3)c4cc(Cl)ccc4NC2=O,7.05
241,CHEMBL270463,Cc1cc(on1)C2=C(C3=CCCCC3)c4cc(Cl)ccc4NC2=O,6.66
242,CHEMBL270464,COc1ccc(cc1)C2=C(C(=O)Nc3ccc(Cl)cc23)c4onc(C)c4,6.85
243,CHEMBL255634,Cc1cc(on1)C2=C(c3ccc(O)cc3)c4cc(Cl)ccc4NC2=O,6.77
244,CHEMBL402429,CC(C)c1ccc(cc1)C2=C(C(=O)Nc3ccc(Cl)cc23)c4onc(C)c4,6.7
245,CHEMBL255213,CCc1ccc(cc1)C2=C(C(=O)Nc3ccc(Cl)cc23)c4onc(C)c4,7.05
246,CHEMBL255215,Cc1ccc(cc1)C2=C(C(=O)Nc3ccc(Cl)cc23)c4onc(C)c4,6.96
248,CHEMBL271259,Cc1cc(on1)C2=C(c3ccccc3)c4cc(Cl)ncc4NC2=O,6.14
249,CHEMBL401618,Cc1cc(on1)C2=C(c3ccccc3)c4cc(Cl)cnc4NC2=O,6.0
250,CHEMBL273011,Cn1cnc(c1)C2=C(c3ccccc3)c4cc(ccc4NC2=O)C#N,6.26
251,CHEMBL401736,O=C1Nc2ccc(cc2C(=C1c3cnc[nH]3)c4ccccc4)C#N,6.55
252,CHEMBL258088,Clc1ccc2NC(=O)C(=C(c3ccccc3)c2c1)c4cnc[nH]4,6.75
253,CHEMBL401738,Cc1cc([nH]n1)C2=C(c3ccccc3)c4cc(Cl)ccc4NC2=O,6.08
254,CHEMBL257456,Clc1ccc2NC(=O)C(=C(c3ccccc3)c2c1)c4ccc[nH]4,6.44
255,CHEMBL403097,Nc1cc(on1)C2=C(c3ccccc3)c4cc(Cl)ccc4NC2=O,6.5
256,CHEMBL271479,CC(C)c1cc(on1)C2=C(c3ccccc3)c4cc(Cl)ccc4NC2=O,6.52
259,CHEMBL256836,Cc1cc(on1)C2=C(c3ccccc3)c4cc(ccc4NC2=O)[N+](=O)[O-],6.47
260,CHEMBL401691,Cc1cc(on1)C2=C(c3ccccc3)c4cc(F)ccc4NC2=O,6.6
261,CHEMBL272119,Cc1cc(on1)C2=C(c3ccccc3)c4cc(ccc4NC2=O)C#N,7.05
262,CHEMBL257705,Cc1cc(on1)C2=C(c3ccccc3)c4cc(Cl)ccc4NC2=O,6.85
264,CHEMBL272888,CN1CCN(CC1)c2ccc(Nc3ncc(NC(=O)c4cc(NC(=O)c5cccc(c5)C(F)(F)F)ccc4C)cn3)cc2,7.4
269,CHEMBL258365,CCOC(=O)C1=Nc2cnc(Nc3ccccc3)nc2N(C1=O)c4ccccc4,6.75
270,CHEMBL273194,CCOC(=O)C1=CN(c2ccc3CCCc3c2)c4nc(Nc5ccc(cc5)N6CCN(C)CC6)ncc4C1=O,6.6
271,CHEMBL257318,NC(=O)C1=CN(c2ccc3CCCc3c2)c4nc(NCCCn5ccnc5)ncc4C1=O,5.64
272,CHEMBL272560,CN1CCN(CCCNc2ncc3C(=O)C(=CN(c4ccc5CCCc5c4)c3n2)C(=O)N)CC1,5.75
273,CHEMBL272773,NC(=O)C1=CN(c2ccc3CCCc3c2)c4nc(NCCN5CCOCC5)ncc4C1=O,5.48
283,CHEMBL404909,CN1CCN(CC1)c2ccc(Nc3ncc4C(=O)C(=CN(c5ccc6CCCc6c5)c4n3)C(=O)N)c(O)c2,7.03
287,CHEMBL271460,NC(=O)C1=CN(c2ccc3CCCc3c2)c4nc(Nc5ccccc5)ncc4C1=O,6.55
288,CHEMBL257664,CNC(=O)C1=CN(Cc2ccccc2)c3nc(Nc4ccc(cc4)N5CCN(C)CC5)ncc3C1=O,6.38
289,CHEMBL257865,CN1CCN(CC1)c2ccc(Nc3ncc4C(=O)C(=CN(c5ccccc5)c4n3)C(=O)N)cc2,6.14
290,CHEMBL257665,CN1CCN(CC1)c2ccc(Nc3ncc4C(=O)C(=CN(C5CC6CCC5C6)c4n3)C(=O)N)cc2,7.09
291,CHEMBL272117,CN1CCN(CC1)c2ccc(Nc3ncc4C(=O)C(=CN(C5CCCC5)c4n3)C(=O)N)cc2,7.25
292,CHEMBL272332,CN1CCN(CC1)c2ccc(Nc3ncc4C(=O)C(=CN(C5CCCCC5)c4n3)C(=O)N)cc2,7.46
293,CHEMBL255181,CCNC(=O)C1=CN(c2ccc3CCCc3c2)c4nc(Nc5ccc(cc5)N6CCN(C)CC6)ncc4C1=O,7.17
294,CHEMBL255182,CNC(=O)C1=CN(c2ccc3CCCc3c2)c4nc(Nc5ccc(cc5)N6CCN(C)CC6)ncc4C1=O,7.51
295,CHEMBL272738,CN1CCN(CC1)c2ccc(Nc3cc4N(C=C(C(=O)N)C(=O)c4cn3)c5ccc6CCCc6c5)cc2,7.25
297,CHEMBL257320,CN1CCN(CC1)c2ccc(Nc3ncc4C(=O)C(=CN(c5ccc6CCCc6c5)c4n3)C(=O)O)cc2,5.96
301,CHEMBL406375,o1c2ccccc2c3[nH]nc(c4ccccc4)c13,6.52
305,CHEMBL429855,CC(=O)N1CCC(CC1)c2ccc(NC(=O)c3ncc(C#N)[nH]3)c(c2)C4=CCS(=O)(=O)CC4,7.22
308,CHEMBL257153,O=C(Nc1ccc(cc1C2=CCS(=O)(=O)CC2)C3CCNCC3)c4ncc(C#N)[nH]4,7.22
319,CHEMBL411471,CC1CCN(CC1)c2cc(\C=C\C(=O)OC(C)(C)C)ccc2NC(=O)c3oc(cc3)C#N,7.42
321,CHEMBL408431,CN1CCN(CC1)c2ccc(NC(=O)c3oc(cc3)C#N)c(c2)C4=C(C)CCCC4,7.27
323,CHEMBL427775,CN1CCN(CC1)c2ccc(NC(=O)c3oc(cc3)C#N)c(c2)C4=CCOCC4,7.22
324,CHEMBL265433,CN1CCN(CC1)c2ccc(NC(=O)c3oc(cc3)C#N)c(c2)c4ccsc4C,6.03
325,CHEMBL258461,CN1CCN(CC1)c2ccc(NC(=O)c3oc(cc3)C#N)c(c2)c4sccc4C,6.33
326,CHEMBL258680,CN1CCN(CC1)c2ccc(NC(=O)c3oc(cc3)C#N)c(c2)c4ccccc4F,6.05
327,CHEMBL258474,CN1CCN(CC1)c2ccc(NC(=O)c3oc(cc3)C#N)c(c2)c4ccccc4C,6.2
332,CHEMBL472512,FC(F)(F)c1cccc(c1)C(=O)Nc2ccc(Cl)c(c2)C(=O)Nc3cnc(s3)C4CC4,6.85
333,CHEMBL472343,CC(C)c1ncc(NC(=O)c2cc(NC(=O)c3cc(C)cc(C)c3)ccc2Cl)s1,7.51
358,CHEMBL469883,Cc1ccc(cc1C(=O)Nc2cccnc2)C(=O)Nc3cccc(c3)C(F)(F)F,5.16
359,CHEMBL454105,Cc1ccc(cc1NC(=O)c2cccnc2)C(=O)Nc3cccc(c3)C(F)(F)F,7.5
360,CHEMBL454104,Cc1ccc(NC(=O)c2cccc(c2)C(F)(F)F)cc1C(=O)Nc3cccnc3,7.43
361,CHEMBL454616,CN(c1cccc(c1)C(=O)Nc2ccc(C)c(NC(=O)c3ccc4ncccc4c3)c2)S(=O)(=O)C,7.05
366,CHEMBL497350,CN1CCN(Cc2ccc(cc2)C(=O)Nc3ccc(C)c(c3)c4ccc(cc4C)c5oc(C)nn5)CC1,7.0
368,CHEMBL497353,CN1CCN(Cc2ccc(cc2)C(=O)Nc3ccc(C)c(c3)c4ccc5c(N)noc5c4)CC1,7.05
369,CHEMBL496129,CN1CCN(Cc2ccc(cc2)C(=O)Nc3ccc(C)c(c3)c4ccc(cc4)c5csc(N)n5)CC1,7.05
372,CHEMBL523559,Cc1oc(nn1)c2ccc(c(C)c2)c3cc(ccc3C)C(=O)Nc4cccc(c4)N5CCOCC5,6.16
373,CHEMBL485286,Cc1ccc(NC(=O)c2ccnc(c2)N3CCCC3)cc1c4ccc5c(noc5c4)C6CCNCC6,5.16
378,CHEMBL526639,Cc1ccc(cc1c2ccc3ccncc3c2)C(=O)NC4CC4,6.22
380,CHEMBL505896,COc1cc2c(Oc3ccc(cc3F)C4=CN=C(Cc5ccccc5)N(C)C4=O)ccnc2cc1OCCCN6CCOCC6,7.43
382,CHEMBL491429,FC(F)(F)c1cccc(Nc2noc3c(C(=O)Nc4cncnc4)c(Cl)ccc23)c1,7.15
392,CHEMBL514153,CONC(=O)C1=CN(c2ccc3CCCc3c2)c4nc(NCc5ccccc5)ncc4C1=O,7.13
413,CHEMBL1336,CNC(=O)c1cc(Oc2ccc(NC(=O)Nc3ccc(Cl)c(c3)C(F)(F)F)cc2)ccn1,7.72
415,CHEMBL460472,COc1ccc2c(Oc3ccc(NC(=O)C4=C(C)N(CC(C)(C)O)N(C4=O)c5ccccc5)nc3)ccnc2c1,6.62
457,CHEMBL520742,COc1cc2ncc(C(=O)N)c(Nc3ccc(F)cc3)c2cc1OC,7.52
458,CHEMBL517530,COc1cc2ncc(C(=O)N)c(Nc3ccc(Cl)cc3)c2cc1OC,7.51
459,CHEMBL481406,COc1cc2ncc(C(=O)N)c(Nc3cccc(C)c3C)c2cc1OC,7.51
460,CHEMBL480058,COc1cc2ncc(C(=O)N)c(Nc3cccc(F)c3)c2cc1OC,7.48
461,CHEMBL480056,COc1cc2ncc(C(=O)N)c(Nc3ccccc3Br)c2cc1OC,7.44
462,CHEMBL480417,COc1cc2ncc(C(=O)N)c(Nc3cccc(C)c3)c2cc1OC,7.42
463,CHEMBL479636,COc1ccc(Nc2c(cnc3cc(OC)c(OC)cc23)C(=O)N)cc1,7.34
464,CHEMBL480057,COc1cc2ncc(C(=O)N)c(Nc3ccccc3C)c2cc1OC,7.28
465,CHEMBL355505,COc1cc2ncc(C(=O)N)c(Nc3ccc(Cl)cc3Cl)c2cc1OC,7.28
466,CHEMBL480455,COc1cc2c(Nc3ccc(F)c(Cl)c3)c(cnc2cc1OCCN4CCC(O)CC4)C(=O)N,7.1
467,CHEMBL503866,COc1cc2ncc(C(=O)N)c(Nc3ccc(cc3)N(C)C)c2cc1OC,7.0
468,CHEMBL480826,COc1cc2ncc(C(=O)N)c(Nc3cc(F)cc(F)c3)c2cc1OC,7.0
469,CHEMBL481995,COc1cc2ncc(C(=O)N)c(Nc3ccc(F)cc3Cl)c2cc1OC,6.7
481,CHEMBL481596,CN1CCN(CC1)c2cc3c(Nc4ccc(F)cc4F)c(cnc3cc2F)C(=O)N,7.27
482,CHEMBL480456,CN1CCN(CC1)c2ccc3ncc(C(=O)N)c(Nc4ccc(Cl)c(Cl)c4)c3c2,7.23
483,CHEMBL481400,CN1CCN(CC1)c2ccc3ncc(C(=O)N)c(Nc4ccc(F)cc4F)c3c2,6.96
484,CHEMBL521407,CN1CCN(CC1)c2ccc3ncc(C(=O)N)c(Nc4ccc(Cl)cc4Cl)c3c2,6.89
489,CHEMBL514499,COc1cc2ncn(c3cc(OCc4ccccc4C(F)(F)F)c(s3)C(=O)N)c2cc1OC,6.21
492,CHEMBL477772,CN(c1ccc2c(C)n(C)nc2c1)c3ccnc(Nc4ccc(C)c(c4)S(=O)(=O)N)n3,6.84
493,CHEMBL456375,COc1cc2ncnc(N(C)c3ccccc3)c2cc1OC,6.3
506,CHEMBL458348,C[C@H](Nc1cncc(Cl)n1)c2cccc(NC(=O)c3cccnc3)c2,6.07
511,CHEMBL510215,C[C@H](Nc1cncc(Cl)n1)c2cccc(NC(=O)c3ccc(C)nc3)c2,7.4
515,CHEMBL499667,C[C@H](Nc1cncc(Cl)n1)c2cccc(NC(=O)c3ccccc3)c2,7.4
521,CHEMBL514491,C[C@H](Nc1cncc(Cl)n1)c2cccc(NC(=O)c3cncs3)c2,5.7
522,CHEMBL474895,C[C@H](Nc1cncc(Cl)n1)c2cccc(NC(=O)C3CCCN(C)C3)c2,5.3
527,CHEMBL474100,COc1cc(ccc1O)c2cncc(N[C@H](C)c3cccc(NC(=O)c4cccnc4)c3)n2,6.38
541,CHEMBL215152,CCN(CCO)CCCOc1ccc2c(Nc3cc(CC(=O)Nc4cccc(F)c4)[nH]n3)ncnc2c1,5.85
542,CHEMBL103667,Cc1ccc(cc1)n2nc(cc2NC(=O)Nc3ccc(OCCN4CCOCC4)c5ccccc35)C(C)(C)C,5.09
545,CHEMBL558752,Cn1c(Nc2ccc(cc2)C(F)(F)F)nc3cc(Oc4ccnc(c4)c5ncc([nH]5)C(F)(F)F)ccc13,6.6
549,CHEMBL1421,Cc1nc(Nc2ncc(s2)C(=O)Nc3c(C)cccc3Cl)cc(n1)N4CCN(CCO)CC4,9.24
552,CHEMBL428690,CN1CC[C@@H]([C@H](O)C1)c2c(O)cc(O)c3C(=O)C=C(Oc23)c4ccccc4Cl,5.55
557,CHEMBL191003,Nc1nc(Nc2ccc(cc2)S(=O)(=O)N)nn1C(=O)c3c(F)cccc3F,5.38
563,CHEMBL608533,CO[C@@H]1[C@@H](C[C@H]2O[C@]1(C)n3c4ccccc4c5c6CNC(=O)c6c7c8ccccc8n2c7c35)N(C)C(=O)c9ccccc9,6.48
572,CHEMBL535,CCN(CC)CCNC(=O)c1c(C)[nH]c(\C=C\2/C(=O)Nc3ccc(F)cc23)c1C,8.7
574,CHEMBL119385,Fc1ccc(SC2=NN3C=NC(=O)C(=C3C=C2)c4c(Cl)cccc4Cl)c(F)c1,5.59
593,CHEMBL590109,NCCn1cc(c2cc(c3cc4ccccc4s3)c5[nH]ncc5c2)c6nc(N)ncc16,5.04
594,CHEMBL603469,C[C@]12O[C@H](C[C@]1(O)CO)n3c4ccccc4c5c6C(=O)NCc6c7c8ccccc8n2c7c35,7.51
631,CHEMBL1088598,Nc1ncc(nc1NCc2c(Cl)cccc2Cl)c3ccc(cc3)C(=O)N4CCC[C@H]4CN5CCCC5,7.4
632,CHEMBL1088599,Nc1ncc(nc1OCc2c(Cl)cccc2Cl)c3ccc(cc3)C(=O)N4CCC[C@H]4CN5CCCC5,7.24
633,CHEMBL1088040,Cn1cc(cn1)c2cnc(N)c(NCc3c(Cl)cccc3Cl)n2,6.46
634,CHEMBL1076735,Cn1cc(cn1)c2cnc(N)c(OCc3c(Cl)cccc3Cl)n2,5.77
635,CHEMBL1088175,Cn1cc(cn1)c2cnc(N)c(OCc3ccccc3Cl)n2,5.7
636,CHEMBL1087661,COc1ccc(COc2ccc(COc3nc(cnc3N)c4cnn(C)c4)cc2OC)cc1,7.25
637,CHEMBL1087662,COc1ccc(COc2cnc(COc3nc(cnc3N)c4cnn(C)c4)cc2OC)cc1,6.85
638,CHEMBL1087279,COc1ccc(COc2ncc(COc3nc(cnc3N)c4cnn(C)c4)cc2OC)cc1,7.52
668,CHEMBL1172314,COc1ccc(cn1)c2ccc(NC(=O)c3nc(c[nH]3)C#N)c(c2)C4=CCC(C)(C)CC4,7.39
690,CHEMBL1242977,CNc1nccc(n1)c2cccnc2Oc3ccc(NC(=O)c4cccc(c4)C(F)(F)F)cc3C,5.8
704,CHEMBL1240703,CO[C@@H]1[C@@H](C[C@H]2O[C@]1(C)n3c4ccccc4c5c6[C@H](O)NC(=O)c6c7c8ccccc8n2c7c35)N(C)C(=O)c9ccccc9,6.25
709,CHEMBL255863,Cc1cn(cn1)c2cc(NC(=O)c3ccc(C)c(Nc4nccc(n4)c5cccnc5)c3)cc(c2)C(F)(F)F,6.17
728,CHEMBL1681932,CCNC(=O)Nc1ccc(Oc2ncnc(N)c2\C=N\OC)cc1Cl,6.21
732,CHEMBL1761510,NC(=O)c1cc(cc2c(c[nH]c12)C3CCCNC3)c4ccccc4,5.8
758,CHEMBL180022,CCOc1cc2ncc(C#N)c(Nc3ccc(OCc4ccccn4)c(Cl)c3)c2cc1NC(=O)\C=C\CN(C)C,6.17
763,CHEMBL450786,Cc1[nH]c(\C=C\2/C(=O)Nc3ccc(cc23)S(=O)(=O)Cc4c(Cl)cccc4Cl)c(C)c1C(=O)N5CCC[C@@H]5CN6CCCC6,6.16
768,CHEMBL509032,COc1cc(ccc1Nc2ncc(Cl)c(Nc3ccccc3S(=O)(=O)C(C)C)n2)N4CCC(CC4)N5CCN(C)CC5,7.32
774,CHEMBL502835,COC(=O)c1ccc2\C(=C(\Nc3ccc(cc3)N(C)C(=O)CN4CCN(C)CC4)/c5ccccc5)\C(=O)Nc2c1,7.32
777,CHEMBL1230020,CCCS(=O)(=O)Nc1ccc(F)c(C(=O)c2c[nH]c3ncc(Cl)cc23)c1F,5.57
778,CHEMBL1287853,Cc1cnc(Nc2ccc(OCCN3CCCC3)cc2)nc1Nc4cccc(c4)S(=O)(=O)NC(C)(C)C,6.21
781,CHEMBL1908397,O=C(N1CCNCC1)c2ccc(\C=C\c3n[nH]c4ccccc34)cc2,6.92
796,CHEMBL475251,COc1cc(Nc2ncc(F)c(Nc3ccc4OC(C)(C)C(=O)Nc4n3)n2)cc(OC)c1OC,7.51
802,CHEMBL377300,C[C@@H](O)COc1cn2ncnc(Oc3ccc4[nH]c(C)cc4c3F)c2c1C,5.72
806,CHEMBL1289926,CNC(=O)c1ccccc1Sc2ccc3c(\C=C\c4ccccn4)n[nH]c3c2,7.68
815,CHEMBL288441,COc1cc(Nc2c(cnc3cc(OCCCN4CCN(C)CC4)c(OC)cc23)C#N)c(Cl)cc1Cl,6.42
835,CHEMBL1940105,COc1cc2ncnc(Nc3cnn(CC(=O)Nc4ccc(cc4)N(C)C)c3)c2cc1OC,6.22
840,CHEMBL1940110,COCCOc1cc2c(Oc3cnn(CC(=O)Nc4cccc(OC)c4)c3)ncnc2cc1OC,7.05
841,CHEMBL1940111,COc1cccc(NC(=O)Cn2cc(Oc3ncnc4cc(OC)c(OCCN5CCCCC5)cc34)cn2)c1,6.4
842,CHEMBL1940112,COc1cccc(NC(=O)Cn2cc(Oc3ncnc4cc(OCCN5CCCC5)c(OC)cc34)cn2)c1,7.52
843,CHEMBL1940113,COc1cccc(NC(=O)Cn2cc(Oc3ncnc4cc(OC)cc(OC)c34)cn2)c1,7.0
844,CHEMBL1940114,COc1cccc(NC(=O)Cn2cc(Oc3ccnc4cc(OC)c(cc34)C#N)cn2)c1,7.3
845,CHEMBL1940115,COc1cccc(NC(=O)Cn2cc(Oc3ccnc4cc(OC)c(OC)cc34)cn2)c1,7.4
846,CHEMBL1940116,CCn1cc(NC(=O)Cn2cc(Oc3ncnc4cc(OC)c(OC)cc34)cn2)cn1,6.7
848,CHEMBL1940118,COc1cc2ncnc(Oc3ccc(CC(=O)Nc4ccc(cn4)N(C)C)cc3)c2cc1OC,6.22
849,CHEMBL1940259,COc1cccc(NC(=O)Cc2ccc(Oc3ncnc4cc(OC)c(OC)cc34)cc2)c1,6.52
856,CHEMBL1940266,COc1cccc(CC(=O)Nc2ccc(Oc3ncnc4cc(OC)c(OC)cc34)cc2)c1,7.52
857,CHEMBL1940267,COc1cccc(COc2ccc(Oc3ncnc4cc(OC)c(OC)cc34)cc2)c1,6.52
863,CHEMBL1940273,CCn1cc(NC(=O)Cc2ccc(Oc3ccnc4cc(OC)c(OC)cc34)cc2)cn1,7.4
864,CHEMBL1940274,COc1cc2ncnc(Oc3ccc(CC(=O)Nc4cnn(c4)C(C)C)cc3)c2cc1OC,7.0
1617,CHEMBL1993941,CCCn1cc(cn1)c2cnc(N)c3c(csc23)c4ccc(NC(=O)Nc5cccc(F)c5)cc4,8.5
1619,CHEMBL2005886,Cc1cc(cc2[nH]c(nc12)C3=C(NCC(O)c4cccc(Cl)c4)C=CNC3=O)N5CCOCC5,7.6
1620,CHEMBL481491,NC(=O)c1sc(cc1OCc2ccccc2C(F)(F)F)n3cnc4ccccc34,5.7
1623,CHEMBL1980407,NC(COc1cncc(c1)c2ccc3NC(=O)C(=Cc4ccc[nH]4)c3c2)Cc5ccccc5,6.2
1624,CHEMBL1973145,Cc1cccc(NC(=O)Nc2ccc(cc2)c3csc4nc(N)nc(N)c34)c1,8.5
1627,CHEMBL1966628,NC1CCC(CC1)Nc2nccc(n2)c3c[nH]c4ncccc34,7.0
1629,CHEMBL1971141,Cc1cccc(NC(=O)Nc2ccc(cc2)c3cccc(c3)C(=O)N)c1,6.4
1635,CHEMBL1973178,COc1ccc(c2ccc(NC(=O)Nc3ccc(OC(F)(F)F)cc3)cc2)c4c(N)noc14,8.3
1637,CHEMBL244378,OC(=O)c1ccccc1Nc2ccnc(Nc3ccc4cn[nH]c4c3)n2,6.5
1638,CHEMBL1988778,Cc1ccc(F)c(NC(=O)Nc2ccc(c(F)c2)c3cccc4[nH]nc(N)c34)c1,8.5
1643,CHEMBL1986943,OC1CCC(CC1)Nc2nc(Cl)cc(n2)c3c[nH]c4ncccc34,6.7
1647,CHEMBL1986263,CCN1C(=O)SC(=C1C)c2ccnc(Nc3cccc(OC)c3)n2,6.4
1651,CHEMBL1975647,Fc1cccc2c(NC(=O)Nc3cnccn3)ccnc12,6.0
1655,CHEMBL1991734,CN1c2ccc(N)cc2C(c3ccccc3)c4cc(N)ccc14,5.9
1658,CHEMBL1970142,CNC(=O)C(C)n1cc(cn1)c2cnc(N)c3c(csc23)c4ccc(NC(=O)Nc5ccc(C)cc5)cc4,8.0
1662,CHEMBL2002105,Nc1n[nH]c2ncc(Br)cc12,4.5
1667,CHEMBL1988163,NS(=O)(=O)c1cccc(Nc2ncc3ccn(c4ccccc4)c3n2)c1,5.6
1668,CHEMBL1995592,Cc1cc(O)ccc1N2c3cc(Cl)ccc3C(=O)c4c(N)nc(N)nc24,6.8
1669,CHEMBL1974480,CCOC(=O)Cc1nc2c3cc(Br)ccc3NC(=O)n2n1,6.0
1670,CHEMBL1980671,Nc1ncnc2Nc3ccccc3NC(=O)c12,5.6
1676,CHEMBL2003524,CCc1nc2C(=O)NC(=O)c2c3cc(OC)c(OC)cc13,5.7
1680,CHEMBL1879463,CN1C(=O)N(c2ccc(cc2)C(C)(C)C#N)c3c1cnc4ccc(cc34)c5cnc6ccccc6c5,6.5
1685,CHEMBL507936,Cc1cccc(NC(=O)Nc2ccc(cc2)c3ccc4nccnc4c3N)c1,8.2
1687,CHEMBL1967998,CCN1CCN(CC1)c2ccc(Nc3ncc(Cl)c(Nc4ccc5[nH]ncc5c4)n3)cc2,8.2
1688,CHEMBL1994321,Cc1cccc(NC(=O)Nc2ccc(cc2)c3csc4c(cnc(N)c34)C#CCNS(=O)(=O)C)c1,8.0
1689,CHEMBL1978562,Cn1cc(c2cc3nc(Br)cnc3[nH]2)c4cc(ccc14)C#N,5.7
1690,CHEMBL1997129,O=C1NCCc2[nH]c(cc12)c3ccnc(C=Cc4ccccc4)c3,6.2
1691,CHEMBL1984788,NC(=O)c1cc(Cl)cc2[nH]c(nc12)c3ccc(cc3F)C4CCCNC4,6.4
1694,CHEMBL1964307,Cc1cccc(NC(=O)Cc2ccc(cc2)c3cccc4[nH]nc(N)c34)c1,7.9
1695,CHEMBL1989471,CC(C)c1ccc2C(=O)c3c(C)ccnc3Nc2c1,6.1
1706,CHEMBL1966842,COc1ccc(CN(C)C)cc1Nc2nccc(n2)c3c(nc4sccn34)c5cccc(NC(=O)Cc6ccccc6)c5,6.3
1708,CHEMBL2002165,CC(O)Cn1cc(cn1)c2cnc(N)c3c(csc23)c4ccc(NC(=O)Nc5cccc(F)c5)cc4,8.5
1711,CHEMBL1998585,Nc1ncnc2scc(c3ccc(NC(=O)Nc4cc(ccc4F)C(F)(F)F)cc3)c12,7.7
1715,CHEMBL2000652,Nc1n[nH]c2cccc(c3ccc(NC(=O)Nc4cccc(Cl)c4)c(F)c3)c12,8.7
1716,CHEMBL1973516,CCN1CCN(CC1)c2ccc(Nc3ncc(C#N)c(Nc4ccc5[nH]ncc5c4)n3)cc2,7.7
1720,CHEMBL2004025,COCOc1cccc(OCOC)c1c2ccc(NS(=O)(=O)C)cc2C(=O)OC,6.2
1721,CHEMBL1996048,Cc1ccc(cc1)c2cc3c(NCCN)ccc(C(=O)N)c3[nH]2,6.1
1724,CHEMBL2001485,CC(C(=O)N(C)C)n1cc(cn1)c2cnc(N)c3c(csc23)c4ccc(NC(=O)Nc5ccc(C)cc5)cc4,7.0
1726,CHEMBL1971519,Nc1n[nH]c2cccc(c3ccc(F)cc3)c12,5.1
1731,CHEMBL1978099,CNC(=O)COc1ccc(Nc2nc(Nc3ccc(C)c(c3)S(=O)(=O)N)ncc2F)cc1,6.6
1732,CHEMBL1977041,COC(=O)c1c(C)n2ncnc(N)c2c1c3ccc(NC(=O)Nc4ccccc4)cc3,7.4
1739,CHEMBL539474,O=C1CCCN1Cc2ccc3c(NC(=O)c4cccn34)c2,5.7
1741,CHEMBL1988387,Cn1cc(cn1)c2cnc(N)c3c(csc23)c4ccc(NC(=O)Nc5ccc(OC(F)F)cc5)cc4,7.9
1744,CHEMBL1989708,CC(O)Cn1cc(cn1)c2cnc(N)c3c(csc23)c4ccc(NC(=O)Nc5cccc(C)c5)cc4,8.4
1745,CHEMBL1970074,Cc1n[nH]c2cccc(c3ccc(NC(=O)Nc4cccc(c4)C(F)(F)F)cc3)c12,7.5
1749,CHEMBL1958401,O=C1NC(=NC(=C1)c2ccncc2)NC3CCCCC3,5.6
1751,CHEMBL1984044,CCN(CC)CCOc1ccc(cc1)c2nc3c(cccc3[nH]2)C(=O)N,6.3
1753,CHEMBL1966816,Fc1cccc2c(NC(=O)Nc3cccc(n3)C(F)(F)F)ccnc12,5.9
1754,CHEMBL1972584,CC(=O)N1CCN(CC1)C2CCC(CC2)n3nc(c4ccc(NC(=O)c5cc6ccccc6n5C)cc4)c7c(N)ncnc37,6.2
1757,CHEMBL207253,CCCON1c2ccc(Cl)cc2C(=O)c3c(C)nn(C)c13,6.2
1759,CHEMBL1968791,Cc1c(c2cccc(OCc3ccccc3)c2)c4c(N)ncnc4n1C5CC(CN6CCCC6)C5,6.9
1767,CHEMBL1973211,Cc1cccc(NC(=O)Nc2ccc(cc2)c3csc4c(cnc(N)c34)C#CCN5CCCC5)c1,8.0
1770,CHEMBL2007151,Cc1c(c2cccc(OCc3ccccc3)c2)c4c(N)ncnc4n1C5CCC(CC5)N6CCCC6,6.3
1776,CHEMBL1999120,CC(C)C1=CC(=O)NC2=C1C(=O)NN2,5.0
1783,CHEMBL1999414,CCN(CC)CCCNC(=O)c1cnc(N)c2c(csc12)c3ccc(NC(=O)Nc4cccc(C)c4)cc3,8.6
1786,CHEMBL2006581,CCOc1nc(cc(N)c1Cl)C(=O)NCc2ccccc2S(=O)(=O)N,5.6
1800,CHEMBL1983640,Cc1ccc(F)c(NC(=O)Nc2ccc(cc2)c3coc4c(cnc(N)c34)C#CCN5CCOCC5)c1,8.3
1802,CHEMBL1964687,Cc1cc(C)cc(NC(=O)Nc2ccc3c(CCc4sc5ncnc(N)c5c34)c2)c1,7.7
1805,CHEMBL1974254,CCOc1ccc(NC(=O)Nc2ccc(cc2)c3csc4c(cnc(N)c34)c5cnn(C)c5)cc1,8.6
1806,CHEMBL1997924,C(Nc1nc(Nc2cc([nH]n2)C3CC3)c4sccc4n1)c5ccccc5,7.4
1809,CHEMBL2005828,Cc1ccc(NC(=O)Nc2ccc(cc2)c3coc4ncnc(N)c34)cc1,6.3
1813,CHEMBL1998611,NC(=O)c1sc2c(Br)ccc(Cl)c2c1N,5.7
1818,CHEMBL2006778,CNC(=O)C=Cc1cnc(N)c2c(csc12)c3cc(F)c4[nH]c(C)cc4c3,8.4
1820,CHEMBL1996979,Fc1cccc(F)c1C(=O)Nc2cnc3[nH]cc(c4ccccc4)c3c2,6.5
1821,CHEMBL1997025,NC(=O)c1cccc2[nH]c(nc12)c3ccc(cc3F)C4CCCNC4,6.1
1824,CHEMBL1982476,CNC(=O)c1cnc(N)c2c(csc12)c3ccc(NC(=O)Nc4cccc(Cl)c4)cc3,8.8
1828,CHEMBL2005449,Cc1cc(Nc2nc(Cl)cc(NCc3ccccc3)n2)n[nH]1,5.9
1835,CHEMBL1997623,Nc1n[nH]c2cc(ccc12)c3ccc(NC(=O)Nc4cccc(c4)C(F)(F)F)cc3,6.9
1837,CHEMBL2002480,Nc1nc2ncc(cn2n1)c3ccccc3,4.0
1847,CHEMBL1978166,Cc1cccc(NC(=O)Nc2ccc(cc2)c3csc4c(cnc(N)c34)C#CCCCCCCCCN)c1,7.4
1851,CHEMBL1967116,Cc1cccc(NC(=O)Nc2ccc(cc2)c3csc4c(cnc(N)c34)c5cnn(C)c5)c1,8.8
1854,CHEMBL1996176,O=C1Nc2ccccc2C1=Cc3ccc[nH]3,6.5
1858,CHEMBL1992125,COc1cc(Nc2ncnc(n2)N3CCCc4cc(C)ccc34)cc(OC)c1OC,5.7
1860,CHEMBL1993996,Cc1cc(NC(=O)Nc2ccc(cc2)c3c(F)ccc4[nH]nc(N)c34)ccc1F,8.9
1862,CHEMBL1980896,Nc1ncnc2sc(Br)c(c3ccc(NC(=O)Cc4cccc(Cl)c4)cc3)c12,7.6
1863,CHEMBL1970104,CC(C)(C)c1ccc2nc([nH]c2c1)c3n[nH]c4ccccc34,6.5
1870,CHEMBL1980995,CNC1CC2OC(C)(C1OC)n3c4ccccc4c5c6CNC(=O)c6c7c8ccccc8n2c7c35,8.1
1873,CHEMBL1982506,COc1cc2cnc3C(=O)NC(=O)c3c2cc1OC,5.8
1874,CHEMBL2004716,CCN(CC)CCNC(=O)C=Cc1cnc(N)c2c(csc12)c3ccc(NC(=O)Nc4cccc(C)c4)cc3,7.8
1881,CHEMBL1968130,Nc1nnc2cncc(Cl)n12,4.1
1884,CHEMBL1993243,CNC(=O)C=Cc1cnc(N)c2c(csc12)c3ccc4OCOc4c3,7.5
1887,CHEMBL1988370,Nc1ncnc2c1c(cn2C3CC(CN4CCCC4)C3)c5cccc(OCc6ccccc6)c5,6.0
1893,CHEMBL508928,Cc1cccc(NC(=O)Nc2ccc(cc2)c3cnc4c(cnn4c3N)c5cnn(C)c5)c1,7.5
1894,CHEMBL1991356,COc1cccc(c1)c2cc3C(=O)Nc4ccccc4n3c2,5.6
1896,CHEMBL1949855,Clc1cccc2C(=O)NC=Nc12,4.4
1907,CHEMBL101311,CN(C)CC(O)COc1ccc(Nc2nccc(Nc3cc(Cl)ccc3Cl)n2)cc1,6.0
1910,CHEMBL262433,Cc1ccc(F)c(NC(=O)Nc2ccc(cc2)c3nsc4ncnc(N)c34)c1,5.9
1911,CHEMBL373798,Nc1n[nH]c2cccc(c3ccc(NC(=O)Nc4cccc(F)c4)cc3)c12,9.2
1912,CHEMBL306380,Cc1ccc(cc1)c2nn(c3ncnc(N)c23)C(C)(C)C,6.2
1915,CHEMBL1988581,CN(C)CC1=C(O)C2=NC(=CC(=O)N2C=C1)C,6.9
1918,CHEMBL1976328,Cc1cc(C)cc(NC(=O)Nc2ccc(cc2)c3cccc4snc(N)c34)c1,5.9
1919,CHEMBL394619,Cc1cccc(NC(=O)Nc2ccc(cc2)c3csc4ccnc(N)c34)c1,8.2
1920,CHEMBL2006564,CCN(C(=O)C)c1ccc(Nc2nc(NC3CC3)c4nc[nH]c4n2)cc1,6.9
1921,CHEMBL1964399,COc1ccc(Nc2nccc(NC3=C(NC(C)C(C)(C)C)C(=O)C3=O)n2)cc1OC,5.6
1923,CHEMBL411903,Nc1ncnc2NCCC(=Nc12)c3ccc(NC(=O)Nc4cc(ccc4F)C(F)(F)F)cc3,6.2
1924,CHEMBL1991008,Nc1n[nH]c2c(cccc12)c3ccccc3,4.2
1927,CHEMBL1965988,Cc1cccc(NC(=O)Nc2ccc(cc2)c3csc4c(cnc(N)c34)C#CCN)c1,8.3
1932,CHEMBL209534,CCOc1nc(cc(N)c1C#N)C(=O)NCc2cccnc2,5.9
1935,CHEMBL1994159,CC(=O)c1cccc(c1)c2ccc3nccn3n2,4.2
1936,CHEMBL1970522,COc1cc(C=C2SC(=Nc3ccccc3)NC2=O)ccc1O,5.8
1937,CHEMBL402846,Cc1ccc(F)c(NC(=O)Nc2ccc(cc2)c3cncc4c3c(N)nn4C)c1,9.0
1941,CHEMBL1964692,Cn1nc(N)c2c(cncc12)c3ccc(NC(=O)Nc4cccc(c4)C(F)(F)F)cc3,6.5
1945,CHEMBL1995428,Clc1ccccc1Nc2nccc(n2)c3c(nc4sccn34)c5cccc(NC(=O)Cc6ccccc6)c5,6.2
1947,CHEMBL219722,Nc1n[nH]c2cccc(c3ccc(NC(=O)Nc4ccccc4)cc3)c12,8.2
1951,CHEMBL482967,Cc1nc(N)sc1c2ccnc(Nc3ccc(cc3)N4CCOCC4)n2,6.2
1955,CHEMBL458997,CNC(=O)c1ccccc1Nc2nc(Nc3ccc(cc3OC)N4CCOCC4)ncc2Cl,5.8
1964,CHEMBL1982957,NC(=O)c1cccc(c1)c2cnc3[nH]cc(c4ccccc4)c3c2,6.4
1965,CHEMBL1725279,Oc1c2ccccc2c3N=Nc4cccc1c34,6.9
1967,CHEMBL2002346,C(Nc1cc(ncn1)c2c[nH]c3ncccc23)c4ccccc4,6.7
1969,CHEMBL424872,CCOc1nc(cc(N)c1C#N)C(=O)NCc2ccc(cc2)S(=O)(=O)C,6.2
1970,CHEMBL1971947,Cc1cccc(NC(=O)Nc2ccc(cc2)c3csc4c(cnc(N)c34)C#Cc5cccnc5)c1,7.8
1977,CHEMBL1996255,Cc1ccc(F)c(NC(=O)Nc2ccc(cc2)c3c(F)ccc4[nH]nc(N)c34)c1,8.9
1978,CHEMBL49120,CCN(CC)CCOc1ccc(Nc2ncc3C=C(C(=O)N(C)c3n2)c4c(Cl)cccc4Cl)cc1,9.2
1980,CHEMBL1983111,CC(=O)NCC(=O)N1C2CCC1c3cc(Nc4ncc(c(NC5CCC5)n4)C(F)(F)F)ccc23,7.2
1982,CHEMBL260135,Nc1n[nH]c2nnc(c3ccccc3)c(c4ccccc4)c12,5.6
1984,CHEMBL1988141,CCC(=O)Nc1ccc(C(=O)N2CCNCC2)c(O)c1,6.6
1986,CHEMBL1977134,Nc1c(cnc2c(cnn12)c3ccc4OCOc4c3)c5ccc(NC(=O)Nc6cccc(c6)C(F)(F)F)cc5,7.2
1991,CHEMBL1988300,Nc1ccc(cc1)c2csc3c(C=Cc4nc5ccccc5[nH]4)cnc(N)c23,7.3
1996,CHEMBL1975212,Nc1ncnc2scc(c3ccccc3)c12,5.7
1998,CHEMBL2001613,Brc1ccc2NNC(=O)c2c1,4.4
2001,CHEMBL1993904,NC(=O)c1cc2c(cnc(N)c2s1)c3ccc(Nc4oc5ccccc5n4)cc3,6.1
2002,CHEMBL1980376,Cc1cccc(c1)c2cccc3onc(N)c23,4.8
2005,CHEMBL1985311,Nc1n[nH]c2cccc(c3ccc(NC(=O)Nc4cc(CO)ccc4F)cc3)c12,8.3
2011,CHEMBL1965910,Nc1ncnc2c1c(cn2C3CCC(CC3)N4CCCC4)c5cccc(OCc6ccccc6)c5,5.9
2014,CHEMBL1983963,Cc1cccc(NC(=O)Nc2ccc(cc2)c3coc4ncnc(N)c34)c1,8.7
2015,CHEMBL1997764,COc1ccc(cc1)C(=O)Nc2cnc3[nH]cc(c4ccccc4)c3c2,5.7
2032,CHEMBL223367,OCCCc1cc2OCCCCCOc3nc(NC(=O)Nc2cc1Cl)cnc3C#N,7.7
2033,CHEMBL1992673,Clc1ccc2NC(=O)n3ncnc3c2c1,4.7
2034,CHEMBL1983268,CN1CCN(CC1)c2ccc(C(=O)Nc3n[nH]c4ccc(Cc5cc(F)cc(F)c5)cc34)c(NC6CCOCC6)c2,7.4
2035,CHEMBL340384,NC(=O)C1=CN(c2ccc(O)cc2Cl)c3cc(ccc3C1=O)c4ccncc4,6.4
2036,CHEMBL1969151,CN(C)C1CCC(CC1)Nc2nc(Cl)cc(n2)c3c[nH]c4ncccc34,6.3
2038,CHEMBL1981492,COC(=O)c1c(N)nc2ccccn12,4.1
2039,CHEMBL1993335,Cn1cc(c2cc3nc(Br)cnc3[nH]2)c4cc(F)ccc14,6.2
2040,CHEMBL1988692,CC(C)NC1=NNC(=O)C1=Cc2cc3ccccc3[nH]2,6.1
2053,CHEMBL1985491,Cc1ccc(F)c(NC(=O)Nc2ccc(cc2)c3cccc4c3c(N)nn4C)c1,8.7
2055,CHEMBL248757,Clc1cc2NC(=O)Nc3cnc(C#N)c(OCCCCOc2cc1NCc4cncs4)n3,8.9
2068,CHEMBL1979883,CN(C)CC#Cc1cnc(N)c2c(csc12)c3ccc(NC(=O)Nc4cccc(C)c4)cc3,7.9
2069,CHEMBL1984162,COCCOC1CCC(CC1)n2nc(c3ccc(Nc4oc5c(C)cc(C)cc5n4)cc3)c6c(N)ncnc26,7.2
2070,CHEMBL1997051,COc1ccc(CN(C)C)cc1Nc2nccc(n2)c3c(nc4sccn34)c5cccc(NC(=O)c6c(F)cccc6F)c5,5.9
2071,CHEMBL491758,Fc1cnc(Nc2ccccc2)nc1Nc3ccccc3,7.1
2072,CHEMBL1986590,O=C1Nc2ccccc2C1=Cc3c[nH]c4ccccc34,6.2
2078,CHEMBL371206,Cc1cc(C)cc(NC(=O)Nc2ccc(cc2)c3c(C)sc4ncnc(N)c34)c1,6.8
2079,CHEMBL1974664,COc1ccc(C=NNc2ncnc3c4ccccc4[nH]c23)cc1OC,8.0
2082,CHEMBL482538,c1ccc(cc1)c2ccnc3[nH]ccc23,5.0
2086,CHEMBL1190711,COc1ccc(cc1OC)c2cc3nccn3c(Nc4ncccc4C(=O)N)n2,6.2
2087,CHEMBL1990346,Nc1n[nH]c2cccc(c3ccc(Br)cc3)c12,5.9
2092,CHEMBL1986684,Cc1cc(C(=O)N)n2nc(cc2n1)C(C)(C)C,5.4
2093,CHEMBL546797,ON=C(c1nc2ccccc2[nH]1)c3nc4ccccc4[nH]3,5.9
2098,CHEMBL2007266,Cc1ccc(F)c(NC(=O)Nc2ccc(cc2)c3ccc(OCCCn4cccc4)c5[nH]nc(N)c35)c1,7.8
2100,CHEMBL2000335,Cc1ccc(NC(=O)Nc2ccc(cc2)c3csc4ncnc(N)c34)cc1C,6.9
2101,CHEMBL2007097,NC1=NC(=O)Nc2sccc12,4.4
2104,CHEMBL1988717,Cn1cc(cn1)c2cnn3c(N)c(cnc23)c4ccc(NC(=O)Nc5cccc(c5)C(F)(F)F)cc4,8.2
2105,CHEMBL1974328,Cc1cccc(Nc2nc(NC3CCCCC3N)cnc2C(=O)N)c1,6.0
2114,CHEMBL1973013,CC(C)Nc1ncc(Br)c(Nc2ncc(C)s2)n1,6.3
2119,CHEMBL1983025,CCC(N)(CC)C#Cc1cnc(N)c2c(csc12)c3ccc(NC(=O)Nc4cccc(C)c4)cc3,7.5
2120,CHEMBL1975927,COc1ccc(cc1)n2ccc3cnc(Nc4cc(OC)c(OC)c(OC)c4)nc23,8.3
2125,CHEMBL1980904,Nc1n[nH]c2cccc(c3ccc(NC(=O)Nc4cccc(c4)C(F)(F)F)c(F)c3)c12,8.5
2126,CHEMBL1977138,CC(Nc1cncc(n1)n2cnc3ccc(cc23)C#N)c4ccccc4F,6.6
2128,CHEMBL1241473,COc1cc(Nc2ncc(c(Nc3ccccc3C(=O)N)n2)[N+](=O)[O-])cc(OC)c1OC,7.9
2129,CHEMBL2000879,C1Cc2[nH]ncc2CC1c3ccccc3,4.3
2132,CHEMBL2004513,COC(=O)c1ccccc1c2ccc3C(=O)Nc4ccccc4Nc3c2,5.9
2133,CHEMBL1969483,CN(C)c1ccc(cc1NC(=O)Cc2ccccc2)c3nc4sccn4c3c5ccnc(Nc6cccc(c6)N7CCOCC7)n5,6.2
2134,CHEMBL1980329,Oc1ccc(cc1)c2ccc3C(=Cc4ccc[nH]4)C(=O)Nc3c2,5.9
2135,CHEMBL2004515,C1Oc2ccc(cc2O1)c3ncnc4[nH]ccc34,4.9
2136,CHEMBL2001257,CCN(CC)CC#Cc1cnc(N)c2c(csc12)c3ccc(NC(=O)Nc4cccc(C)c4)cc3,7.6
2139,CHEMBL271441,Cc1ccc(F)c(NC(=O)Nc2ccc(cc2)c3cncc4[nH]nc(N)c34)c1,9.1
2145,CHEMBL1989267,COc1cc(ccc1NC(=O)c2cc3ccccc3n2C)c4csc5c(C=CC(=O)NCCN(C)C)cnc(N)c45,7.1
2150,CHEMBL1967531,Nc1ncnc2scc(c3ccc(NC(=O)Nc4ccccc4)cc3)c12,6.7
2155,CHEMBL1993877,Nc1ncnc2c1c(cn2C3CCCC3)C#C,5.9
2158,CHEMBL273187,Cc1cc(NC(=O)Nc2ccc(cc2)c3ccnc4[nH]nc(N)c34)ccc1F,9.5
2162,CHEMBL1976420,CCc1c([nH]c2nccnc12)c3ccc(cc3)C(C)(C)O,5.8
2163,CHEMBL1986979,Cc1cc(NC(=O)Nc2ccc(c(F)c2)c3cccc4[nH]nc(N)c34)ccc1F,8.8
2164,CHEMBL413779,OCCOc1cc2OCCCCCOc3nc(NC(=O)Nc2cc1Cl)cnc3C#N,7.6
2167,CHEMBL2002446,CN1CCN(Cc2ccc3c(Cc4c(n[nH]c34)c5csc(c5)C#CCOCC6CC6)c2)CC1,8.5
2169,CHEMBL2000029,Cc1ccccc1c2c(nnn2Cc3ccccc3)c4ccc5[nH]nc(N)c5c4,5.8
2172,CHEMBL340921,Cc1cc(O)ccc1N2C=C(C(=O)N)C(=O)c3ccc(cc23)c4ccncc4,6.0
2174,CHEMBL373598,OCCCOc1cc2OCCCCCOc3nc(NC(=O)Nc2cc1Cl)cnc3C#N,7.4
2176,CHEMBL2000078,CCOc1ccc(cc1NC(=O)Cc2ccccc2)c3nc4sccn4c3c5ccnc(Nc6cccc(c6)N7CCOCC7)n5,5.9
2177,CHEMBL1973540,O=C1Nc2ccc3ncsc3c2C1=CNc4ccc(cc4)S(=O)(=O)Nc5ccccn5,6.6
2178,CHEMBL2005478,COc1ccc2c(c1)c(cn2C)c3cc4nc(Br)cnc4[nH]3,5.8
2179,CHEMBL1996646,COc1cccc(OC)c1CNc2nc(NC3CCCCC3)nc4ccc(Cl)cc24,6.5
2184,CHEMBL1992723,c1ccc(cc1)c2cccc3nccn23,4.1
2185,CHEMBL2005482,Clc1ccc(cc1NC(=O)Cc2ccccc2)c3nc4sccn4c3c5ccnc(Nc6cccc(c6)N7CCOCC7)n5,6.8
2188,CHEMBL1997909,Cc1ccccc1Nc2nccc(n2)c3c(nc4sccn34)c5cccc(NC(=O)Cc6ccccc6)c5,7.1
2191,CHEMBL1985681,OC1CCCc2nc(ccc12)C3C(=O)Nc4ccc(cc34)C#N,6.9
2193,CHEMBL1973937,Cc1ccc(c2ccc(NC(=O)Nc3cccc(Br)c3)cc2)c4c(N)n[nH]c14,7.8
2196,CHEMBL1991674,OC1CCC(CC1)Nc2cc(Cl)nc(n2)c3c[nH]c4ncccc34,6.7
2201,CHEMBL2004118,CCc1nc(Nc2ccc(N3CCOCC3)c(Cl)c2)nc4[nH]ccc14,5.8
2204,CHEMBL2001998,CNC(=O)N1CCN(CCCOc2ccc3Cc4c(n[nH]c4c3c2)c5ccc(nc5)C#N)CC1,6.4
2205,CHEMBL1994241,COc1cc(C=C(C#N)c2nc3ccccc3[nH]2)c(Br)cc1O,5.7
2206,CHEMBL223460,CS(=O)(=O)Nc1cc2OCCCCCOc3nc(NC(=O)Nc2cc1Cl)cnc3C#N,7.8
2208,CHEMBL50894,[O-][N+](=O)c1ccc2[nH]c3c(CC(=O)Nc4ccccc34)c2c1,6.0
2210,CHEMBL1988838,Cc1cnc(Nc2cccc(c2)S(=O)(=O)N)nc1Nc3ccc(OCC(=O)N)cc3,6.5
2211,CHEMBL1981725,CCN1CCN(CC1)c2ccc(Nc3nccc(n3)c4c(nc5ccccn45)c6cccc(c6)C(=O)Nc7ccccc7F)cc2,7.5
2213,CHEMBL375284,Cc1cccc(NC(=O)Nc2ccc(cc2)c3cccc4[nH]ncc34)c1,8.6
2218,CHEMBL1965170,COc1ccc(NC(=O)Nc2ccc(cc2)c3csc4c(cnc(N)c34)c5cnn(CC(O)CO)c5)cc1,8.4
2223,CHEMBL365617,CCNC(=O)c1n[nH]c(c2cc(Cl)c(O)cc2O)c1c3ccc(OC)cc3,5.9
2224,CHEMBL1984206,CCOc1nc(cc(N)c1C#N)C(=O)NCc2ccncc2,5.8
2225,CHEMBL462120,NC1=C(c2ccccc2)c3cc(Cl)ccc3NC1=O,6.7
2229,CHEMBL1965570,Nc1ncc(c2cocc2)c3scc(c4ccc(NC(=O)Nc5ccccc5F)cc4)c13,6.7
2230,CHEMBL1972355,COc1c2C(=O)C=C(C)Oc2cc(O)c1c3nc4ccccc4[nH]3,5.7
2232,CHEMBL2001641,CC(C)(O)c1cn(nn1)c2ccc3[nH]ncc3c2,4.4
2233,CHEMBL1997193,Cc1ccc(s1)C2=C(C#N)C(=O)NC(=C2)c3cc(Br)ccc3O,6.4
2243,CHEMBL1983715,CCNc1nc(C)c(s1)c2ccnc(Nc3ccc(cc3)N4CCN(CC4)C(=O)C)n2,7.6
2245,CHEMBL2006715,Fc1cccc(F)c1C(=O)Nc2cccc(c2)c3nc4sccn4c3c5ccnc(Nc6cccc(c6)N7CCCC7=O)n5,6.1
2246,CHEMBL1986597,NC(=O)c1cccc2[nH]c(nc12)c3ccc(NC(=O)c4cccc(c4)S(=O)(=O)N5CCOCC5)cc3,6.0
2254,CHEMBL220057,Cc1cccc(NC(=O)Nc2ccc(cc2)c3cccc4[nH]nc(N)c34)c1,8.4
2261,CHEMBL1980763,CC(C)Cc1nc(Nc2ccc(N3CCOCC3)c(Cl)c2)nc4[nH]ccc14,6.3
2265,CHEMBL1977931,CC(=O)c1ccccc1c2ncnc3[nH]ccc23,4.2
2266,CHEMBL1970879,COc1cc(ccc1NC(=O)c2cc3ccccc3n2C)c4nn(C5CCC(CC5)N6CCN(CC6)C(=O)C)c7ncnc(N)c47,6.1
2273,CHEMBL2002702,Cc1cc(C)c(C=C2C(=O)Nc3ccccc23)[nH]1,7.7
2275,CHEMBL1972220,Nc1ncc(c2cnn(CCO)c2)c3scc(c4ccc(NC(=O)Nc5ccc(OC(F)F)cc5)cc4)c13,8.0
2279,CHEMBL2003785,Fc1cccc(CNc2ncnc3[nH]cnc23)c1,4.5
2280,CHEMBL1973720,NC1CCC(CC1)Nc2nc(Cl)cc(n2)c3c[nH]c4ncccc34,6.9
2281,CHEMBL1969523,CC(NC1=C(Nc2ccnc(Nc3cccc(C)c3)n2)C(=O)C1=O)C(C)(C)C,5.9
2289,CHEMBL1966836,Cn1nc(N)c2c(ccnc12)c3ccc(NC(=O)Nc4ccc(F)c(c4)C(F)(F)F)cc3,8.4
2296,CHEMBL387971,COCCOCC#Cc1cc(cs1)c2n[nH]c3c4ccc(CN5CCN(C)CC5)cc4C(=O)c23,7.8
2298,CHEMBL1992796,Clc1ccc2NC(=O)C(=C(c3ccccc3)c2c1)C4=NNC(C4)c5ccccc5,5.6
2302,CHEMBL223257,OCC(O)COc1cc2OCCCCCOc3nc(NC(=O)Nc2cc1Cl)cnc3C#N,7.0
2303,CHEMBL1999428,CC(NC(=O)c1ccc(cc1)c2ccncc2)c3ccccc3,5.6
2306,CHEMBL211378,Cc1cccc(NC(=O)Nc2ccc(cc2)c3noc4ncnc(N)c34)c1,7.8
2307,CHEMBL1982465,Cc1cccc(NC(=O)Nc2ccc(cc2)c3csc4c(cnc(N)c34)C#CCN5CCOCC5)c1,8.1
2312,CHEMBL272938,Cc1cccc(NC(=O)Nc2ccc(cc2)c3cncc4[nH]nc(N)c34)c1,9.2
2314,CHEMBL2002723,CC(=O)Nc1ccc(cc1)n2nc3ccc(N)nc3n2,5.7
2316,CHEMBL272453,COc1ccc(NC(=O)Nc2ccc(cc2)c3cccc4onc(N)c34)cc1Cl,6.8
2324,CHEMBL185569,Cc1cccc(NC(=O)Nc2ccc(cc2)c3cccc4C(=O)NCc34)c1,7.2
2330,CHEMBL1969588,Clc1cc(cc(NCc2ccccc2)n1)c3c[nH]c4ncccc34,6.8
2331,CHEMBL1984711,COc1cc(Nc2nccc(Nc3onc(c3)C4CCCCC4)n2)cc(OC)c1OC,7.6
2332,CHEMBL1967878,CN1CCN(CC1)c2ccc(Nc3ncc(F)c(NC4C5CC(C=C5)C4C(=O)N)n3)cc2C,6.9
2333,CHEMBL1992073,CCC1CC(CC1c2ncc3cnc4[nH]ccc4n23)NS(=O)(=O)C5CC5,5.8
2338,CHEMBL1972934,Nc1ncnc2sccc12,4.9
2340,CHEMBL1992581,FC(F)Sc1ccc(NC(=O)Cc2ccc(cc2)c3cccnc3)cc1,5.8
2343,CHEMBL1986499,Nc1n[nH]c2ccc(cc12)c3nnn(Cc4ccccc4)c3c5ccc(F)cc5,5.6
2345,CHEMBL1972250,COc1cc2c(Cc3c(n[nH]c23)c4ccc(nc4)C#N)cc1C#C,5.6
2347,CHEMBL403402,Nc1n[nH]c2nccc(c3ccc(NC(=O)Nc4cc(ccc4F)C(F)(F)F)cc3)c12,8.8
2348,CHEMBL1089101,NC(=O)c1cccc2[nH]c(nc12)c3ccc(cc3F)C4CCCCN4,5.7
2349,CHEMBL1983573,Nc1nnc2cccc(c3ccc(C=C)cc3)n12,5.2
2350,CHEMBL2004311,Cc1cc(C)cc(NC(=O)Nc2ccc(c(C)c2)c3cccc4C(=O)NCc34)c1,6.2
2354,CHEMBL1984402,CN1N=C(C(=C(N)C1=O)C(=O)C)c2ccccc2,4.1
2356,CHEMBL1988075,Cc1ccc(cn1)c2cnc(N)c3c(csc23)c4ccc(NC(=O)Nc5cccc(F)c5)cc4,8.0
2358,CHEMBL1988076,Cc1ccccc1Nc2nccc(n2)c3c(nc4sccn34)c5cccc(NC(=O)c6ccccc6)c5,6.9
2363,CHEMBL260092,Nc1ncnc2NCCC(=Nc12)c3ccc(NC(=O)Nc4cccc(c4)C(F)(F)F)cc3,6.7
2366,CHEMBL1965495,Cc1n[nH]c2ncc(C#N)c(c3ccccc3)c12,7.2
2372,CHEMBL1992242,Cc1cc(C)cc(NC(=O)Nc2ccc(cc2)c3cccc4sncc34)c1,7.2
2377,CHEMBL396523,OC(=O)c1ccccc1Nc2ccnc(Nc3ccc4[nH]ncc4c3)n2,6.3
2379,CHEMBL1970203,Cc1cc(C)cc(NC(=O)Nc2ccc(NC(=O)c3csc4ncnc(N)c34)cc2)c1,5.8
2383,CHEMBL1968590,CNC(=O)C=Cc1cnc(N)c2c(csc12)c3ccc4sc(C)nc4c3,8.4
2384,CHEMBL385478,C1CCC(CC1)Nc2nccc(n2)c3c[nH]c4ncccc34,7.0
2389,CHEMBL1971029,CNS(=O)(=O)c1ccccc1Nc2nc(Nc3cc(ccc3OC)N4CCN(CC4)C(=O)C)ncc2Br,6.8
2390,CHEMBL394790,Nc1nccc2scc(c3ccc(NC(=O)Nc4cccc(Cl)c4)cc3)c12,6.0
2400,CHEMBL474432,COc1cc2ncn(c3cc(OCc4ccccc4C(F)(F)F)c(s3)C(=O)O)c2cc1OC,6.2
2401,CHEMBL1965387,Nc1n[nH]c2c(OCCCn3cccc3)ccc(c4ccc(NC(=O)Nc5cccc(Cl)c5)cc4)c12,7.5
2403,CHEMBL1997041,Cc1cc(ccc1F)c2ncnc3[nH]ccc23,5.5
2409,CHEMBL1999556,NC(=O)c1cc2c(cncc2s1)c3ccccc3,5.6
2410,CHEMBL1988437,CNC(=O)c1ccccc1Sc2ccc3c(C=Cc4ccccn4)n[nH]c3c2,7.1
2415,CHEMBL1992607,Nc1ncnc2NCCNC(=O)c12,4.1
2420,CHEMBL1980802,OC1COc2ccc(Cl)cc2NC(=O)Nc3cnc(C#N)c(OCC1O)n3,6.8
2421,CHEMBL1996649,CCN(CC)CCCNC(=O)c1cnc(N)c2c(csc12)c3ccc(NC(=O)Nc4cccc(F)c4)cc3,8.6
2422,CHEMBL1996817,CCCCOc1ncnc2[nH]cc(c3ccccc3)c12,6.5
2425,CHEMBL409349,Cc1cc(C)cc(NC(=O)Nc2ccc(cc2)c3cccc4onc(N)c34)c1,8.4
2426,CHEMBL2004355,CCOc1nc(cc(N)c1C#N)C(=O)NCc2ccc(cc2)S(=O)(=O)N,6.7
2429,CHEMBL1990884,Cc1cc(C)c2oc(Nc3ccc(cc3F)c4cccc(C(=O)N)c4N)nc2c1,6.4
2430,CHEMBL1990885,CCN(CC)CCNC(=O)c1c(C)[nH]c(C=C2C(=O)Nc3ccc(F)cc23)c1C,8.6
2434,CHEMBL2004438,Nc1c(ccc2nccnc12)c3ccc(NC(=O)Nc4cccc(c4)C(F)(F)F)cc3,7.6
2437,CHEMBL271381,COc1ccc(c2ccc(NC(=O)Nc3cccc(Br)c3)cc2)c4c(N)noc14,7.1
2439,CHEMBL1982466,Cc1ccc(NC(=O)Nc2ccc(cc2)c3csc4c(cnc(N)c34)c5cnn(C)c5)cc1,8.1
2440,CHEMBL1973359,NC(=O)c1ccc2nc(cn2c1)c3oc(cc3)[N+](=O)[O-],5.9
2441,CHEMBL1994638,Cc1cccc(NC(=O)Nc2ccc(c(F)c2)c3cccc4[nH]nc(N)c34)c1,8.8
2443,CHEMBL1985888,Cn1nc(N)c2c(ccnc12)c3ccc(NC(=O)Nc4cccc(c4)C(F)(F)F)cc3,8.6
2446,CHEMBL1979690,CN1CCN(CC1)c2ccc(Nc3ncc(Cl)c(Nc4ccc5[nH]ncc5c4)n3)cc2,7.8
2450,CHEMBL2000345,COc1cc(C=C(C#N)c2nc3cc(C)ccc3[nH]2)c(Br)cc1O,5.9
2455,CHEMBL1983575,Oc1c(Br)cc(C=NNC(=O)Nc2ccccc2)cc1Br,7.5
2458,CHEMBL302449,Cn1c2ccccc2c3c4C(=O)NCc4c5c6ccccc6n(CCC#N)c5c13,5.8
2459,CHEMBL2007064,Cc1[nH]c(C=C2C(=O)Nc3ccccc23)c(C)c1CCC(=O)O,7.0
2460,CHEMBL1981047,COC(C(=O)N1Cc2[nH]nc(NC(=O)c3ccc(cc3)N4CCN(C)CC4)c2C1)c5ccccc5,6.8
2463,CHEMBL2002432,CC(C)Nc1nccc(Nc2ncc(s2)c3ccccc3)n1,6.2
2466,CHEMBL1983630,O=C1Cc2cc(cnc2N1)c3ccccc3,4.2
2468,CHEMBL1979093,COc1ccc(c2ccc(NC(=O)Nc3ccc(F)c(C)c3)cc2)c4c(N)noc14,6.3
2476,CHEMBL1987054,COCCOC1CCC(CC1)n2nc(c3ccc(Nc4oc5c(Cl)cc(C)cc5n4)cc3)c6c(N)ncnc26,7.0
2477,CHEMBL1970083,Nc1ncc(c2ccncc2)c3scc(c4ccc(NC(=O)Nc5cc(ccc5F)C(F)(F)F)cc4)c13,7.7
2479,CHEMBL2005631,CNC(=O)c1cnc(N)c2c(csc12)c3ccc(NC(=O)Nc4cc(C)ccc4F)cc3,8.5
2480,CHEMBL1994938,Nc1ncc(C=CC(=O)NCCCn2ccnc2)c3scc(c4ccc(Br)cc4)c13,7.3
2483,CHEMBL1995765,NC1=CC(=O)NN1c2ccccn2,4.8
2486,CHEMBL1236126,CC(C)(C)C(=O)Oc1ccc2c(c1)nc(NC(=O)c3cccc(c3)[N+](=O)[O-])n2CCCO,5.7
2488,CHEMBL1984760,CCCNC(=O)c1ccc(Nc2nc(CCC(F)(F)F)c3cc[nH]c3n2)cc1,6.0
2493,CHEMBL1975787,NC(=O)c1cc2c(cncc2s1)c3ccc(F)cc3F,5.7
2497,CHEMBL1994074,Brc1ccc2[nH]nc(c3ccccc3)c2c1,5.9
2498,CHEMBL1992937,Cc1ccc(Nc2nc3ccc(cc3[nH]2)[N+](=O)[O-])nc1,6.1
2499,CHEMBL451401,NC(=O)c1cccc2cn[nH]c12,4.8
2506,CHEMBL1986507,Cc1cc(C)cc(NC(=O)Nc2ccc(cc2)c3ccnc4c3c(N)nn4C)c1,8.7
2509,CHEMBL1983923,CN1CCN(CC1)c2cc(Nc3cc(C)[nH]n3)nc(C=Cc4ccccc4)n2,6.9
2514,CHEMBL2000801,Fc1ccc(NC(=O)Nc2ccc(cc2)c3cccc4sncc34)cc1C(F)(F)F,6.5
2518,CHEMBL1971245,CN1CCN(CC1)c2cccc(Nc3nccc(n3)c4c(nc5ccccn45)C(=O)N)c2,6.1
2522,CHEMBL1966514,Nc1ncc(c2cocc2)c3scc(c4ccc(NC(=O)Nc5cccc(F)c5)cc4)c13,7.8
2524,CHEMBL296586,Brc1ccc2[nH]c3c(CC(=O)Nc4ccccc34)c2c1,5.7
2525,CHEMBL1996066,Nc1nc2ccc(cc2n1c3nc(cs3)c4ccccc4)C#N,6.4
2529,CHEMBL1993722,Nc1n[nH]c2cccc(c3ccc(NC(=O)Nc4cc(ccc4F)C(=O)O)cc3)c12,6.0
2537,CHEMBL1967252,Cc1n[nH]c2ccc(cc12)c3cccnc3,4.5
2539,CHEMBL1993374,CC(C)C(C)Nc1ncc(Cl)c(Nc2nccs2)n1,6.3
2541,CHEMBL1973711,OC1=C(C#N)C2=C(C(=N)Oc3ccc(Cl)cc23)C(=O)N1,6.4
2546,CHEMBL1979516,CCNC(=O)c1cnc(N)c2c(csc12)c3ccc(NC(=O)Nc4cccc(F)c4)cc3,7.3
2558,CHEMBL1980167,CN(C)c1ccc(cc1)c2cc(nc(NS(=O)(=O)c3ccc(N)cc3)n2)c4ccc(cc4)[N+](=O)[O-],5.7
2560,CHEMBL377408,CCOc1nc(cc(N)c1C#N)C(=O)NCc2ccccc2S(=O)(=O)N,6.2
2563,CHEMBL1976220,Nc1nccc2scc(c3ccc(NC(=O)Nc4cccc(Br)c4)cc3)c12,6.1
2565,CHEMBL259922,Cc1ccc(cc1Nc2ncnc3c2cnn3c4ccccc4)C(=O)Nc5ccon5,7.6
2566,CHEMBL1997617,CN1CCN(CC1)C2CCC(CC2)n3cc(c4ccc(Oc5ccccc5)cc4)c6c(N)ncnc36,7.8
2570,CHEMBL1980246,NCc1cc(Nc2ncnc(n2)c3ccccc3)ccc1O,5.8
2571,CHEMBL374044,Cc1cc(NC(=O)Nc2ccc(cc2)c3cccc4[nH]nc(N)c34)ccc1F,9.0
2572,CHEMBL1987910,Nc1nccc2scc(c3ccc(NC(=O)Nc4ccccc4C(F)(F)F)cc3)c12,6.7
2574,CHEMBL1983980,OCc1ccc(cc1)c2sc(nc2C(=O)O)N3CCc4cccc(C(=O)Nc5nc6ccccc6s5)c4C3,5.8
2575,CHEMBL1999484,CNc1nc(C)c(s1)c2ccnc(Nc3ccc(cc3)N4CCNCC4)n2,7.2
2577,CHEMBL404366,Cn1nc(N)c2c(cncc12)c3ccc(NC(=O)Nc4cccc(Cl)c4)cc3,9.5
2581,CHEMBL1986899,Cc1ccc(NCc2ccc(nc2)c3ccc(F)cc3)cc1,7.0
2582,CHEMBL1991285,Cc1cc(OCC2CCC(C2)C(=O)O)c(NC(=O)Nc3cnc(cn3)C#N)cc1Cl,6.0
2583,CHEMBL1997822,Cc1cc2cc(ccc2[nH]1)c3csc4c(cnc(N)c34)c5cccc(c5)S(=O)(=O)C,7.4
2584,CHEMBL243088,OC(=O)c1ccccc1Nc2ccnc(Nc3cccc(O)c3)n2,6.5
2586,CHEMBL1974416,Fc1cccc(C(=O)Nc2cnc3[nH]cc(c4ccccc4)c3c2)c1F,5.9
2587,CHEMBL1993661,CNS(=O)(=O)c1ccccc1Nc2nc(Nc3cc(OC)c(OC)c(OC)c3)ncc2Cl,6.8
2588,CHEMBL1980391,COc1cc2Nc3n[nH]c(C)c3N=C(c4ccccc4Cl)c2cc1F,6.1
2591,CHEMBL2010872,CC(C)Cn1c2ccc(Nc3ncccn3)cc2c4c5CNC(=O)c5c6c(CCc7nn(C)cc67)c14,7.11
2602,CHEMBL2023478,COc1ccc2c(Oc3ccc(CC(=O)Nc4noc(C)c4C)c(OC)c3)ccnc2c1,7.52
2603,CHEMBL2023488,COc1cc(Oc2ccnc3cc(OC)c(OC)cc23)ccc1CC(=O)Nc4cn(C)nc4C,7.3
2604,CHEMBL2023496,COc1ccc2c(Oc3cnc(CC(=O)Nc4cn(C)nc4C)c(OC)c3)ccnc2c1,7.1
2606,CHEMBL2023483,COc1ccc2c(Oc3ccc(CC(=O)Nc4n[nH]c(C)c4C)c(OC)c3)ccnc2c1,7.0
2607,CHEMBL2023484,CCc1c[nH]nc1NC(=O)Cc2ccc(Oc3ccnc4cc(OC)ccc34)cc2OC,7.0
2608,CHEMBL2023492,COc1ccc2c(Oc3ccc(CC(=O)Nc4cnn(C)c4)c(OC)c3)ccnc2c1,7.0
2609,CHEMBL2023493,COc1ccc2c(Oc3ccc(CC(=O)Nc4cc(C)nn4C)c(OC)c3)ccnc2c1,7.0
2610,CHEMBL2023119,CCn1cc(NC(=O)Cc2ccc(Oc3ccnc4ccc(OC)cc34)cc2OC)cn1,6.7
2611,CHEMBL2023489,COc1ccc2c(Oc3ccc(CC(=O)Nc4cn(C)nc4C)c(OC)c3)ccnc2c1,6.7
2612,CHEMBL2023802,CCOc1cc2nccc(Oc3cnc(CC(=O)Nc4n[nH]c(CC)c4C)c(OC)c3)c2cc1OC,6.7
2613,CHEMBL2023490,COc1cc2nccc(Oc3ccc(CC(=O)Nc4cn(C)nc4C)cc3)c2cc1OC,6.52
2614,CHEMBL2023800,CCn1cc(NC(=O)Cc2ccc(Oc3ccnc4cc(OC)c(OC)cc34)cn2)cn1,6.52
2615,CHEMBL2023115,CCn1cc(NC(=O)Cc2ccc(Oc3ncnc4cc(OC)c(OC)cc34)cc2OC)cn1,6.3
2616,CHEMBL2023474,CCn1cc(NC(=O)Cc2ccc(Oc3ccnc4cc(F)ccc34)cc2OC)cn1,6.3
2617,CHEMBL2023491,COc1ccc2c(Oc3ccc(CC(=O)Nc4cnn(C)c4C)c(OC)c3)ccnc2c1,6.3
2618,CHEMBL2023479,COc1ccc2nccc(Oc3ccc(CC(=O)Nc4noc(C)c4C)c(OC)c3)c2c1,6.22
2619,CHEMBL2023801,CCc1[nH]nc(NC(=O)Cc2ncc(Oc3ccnc4cc(OC)c(OC)cc34)cc2OC)c1C,6.22
2620,CHEMBL2023475,CCn1cc(NC(=O)Cc2ccc(Oc3ccnc4ccc(F)cc34)cc2OC)cn1,6.16
2628,CHEMBL2035185,C(CN1CCCC1)Oc2ccc3Nc4nccc(n4)c5oc(COC\C=C\COCc2c3)cc5,7.16
2632,CHEMBL2046883,Cc1ccc(NC(=O)Nc2nnc(Sc3ncnc4cc(OCCCN5CCOCC5)ccc34)s2)cc1,5.55
2709,CHEMBL2205426,CC(C)(C)NC1=C(Nc2ccnc(Nc3ccc(cc3)c4ccncc4)n2)C(=O)C1=O,5.68
3050,CHEMBL2380834,Fc1ccc(C(=O)Nc2ccc(Nc3ccnc4NC(=O)c5ccccc5c34)cc2)c(c1)C(F)(F)F,6.24
3124,CHEMBL3109350,COCCOc1ccn2c(cnc2c1)c3ccc4cccc(OCC5CCNC5)c4n3,6.52
3127,CHEMBL3109347,COCCOc1ccn2c(cnc2c1)c3ccc4cccc(O[C@@H]5CCNC[C@@H]5O)c4n3,6.42
3128,CHEMBL3109346,COCCOc1ccn2c(cnc2c1)c3ccc4cccc(O[C@@H]5CCNC[C@H]5O)c4n3,6.88
3129,CHEMBL3109345,COCCOc1ccn2c(cnc2c1)c3ccc4cccc(O[C@@H]5CCCNC5)c4n3,6.06
3131,CHEMBL3109343,COCCOc1ccn2c(cnc2c1)c3ccc4cccc(OCC5(F)CCNCC5)c4n3,7.06
3133,CHEMBL3109341,COCCOc1ccn2c(cnc2c1)c3ccc4cccc(OC5CCN(C)CC5)c4n3,6.51
3134,CHEMBL3109337,COCCOc1ccn2c(cnc2c1)c3ccc4cccc(O[C@@H]5CCNC[C@H]5F)c4n3,6.12
3135,CHEMBL3109356,COCCOc1ccn2c(cnc2c1)c3ccc4cccc(O[C@@H]5CCNC[C@@H]5F)c4n3,6.55
3136,CHEMBL3109338,COCCOc1ccn2c(cnc2c1)c3ccc4cccc(O[C@H]5CCNC[C@@H]5F)c4n3,6.3
3138,CHEMBL3109339,COCCOc1ccn2c(cnc2c1)c3ccc4cccc(OCC(C)(C)CN)c4n3,7.14
3148,CHEMBL3288854,CN1CCN(CCC(=O)Nc2c(C)[nH]c(\C=C\3/C(=O)Nc4ccc(F)cc34)c2C)CC1,6.64
3158,CHEMBL3301607,O=C(Nc1nc2cccc(c3ccc(CN4CCS(=O)(=O)CC4)cc3)n2n1)C5CC5,6.31
3161,CHEMBL3582442,OC1CCN(CC1)c2cc(ccn2)c3cnc4ccc(nn34)N5CCC[C@@H]5c6cccc(F)c6,5.28
3162,CHEMBL3582441,OC(=O)CN1CCN(CC1)c2cc(ccn2)c3cnc4ccc(nn34)N5CCC[C@@H]5c6cccc(F)c6,5.6
3164,CHEMBL3582427,N#Cc1ccc(cc1)c2cnc3ccc(NCc4ccccc4)nn23,5.47
3174,CHEMBL3623375,CN(C)CCCNC(=O)c1csc2nc(cn12)c3ccc(NC(=O)Nc4cc(on4)C(C)(C)C)cc3,7.37
3181,CHEMBL3642058,COCCOc1ccn2c(cnc2c1)C(=O)Nc3cccc4c3c(I)nn4Cc5ccccc5,6.95
3182,CHEMBL3642059,CCc1nn(Cc2ccccc2)c3cccc(NC(=O)c4cnc5cc(OCCOC)ccn45)c13,6.93
3183,CHEMBL3642060,COCCOc1ccn2c(cnc2c1)C(=O)Nc3cccc4c3c(nn4Cc5ccccc5)C6CC6,7.24
3184,CHEMBL3642061,CCc1nn(Cc2ccccc2)c3ccc(Cl)c(NC(=O)c4cnc5cc(OCCOC)ccn45)c13,7.38
3185,CHEMBL3642062,CCc1nn(Cc2cccc(C)n2)c3cccc(NC(=O)c4cnc5ccccn45)c13,6.86
3186,CHEMBL3642063,CCc1nn(Cc2ccc(C)nc2OC)c3cccc(NC(=O)c4cnc5ccccn45)c13,6.29
3187,CHEMBL3642064,CCc1nn(Cc2ccn(CCN3CCNCC3)n2)c4cccc(NC(=O)c5cnc6ccccn56)c14,5.51
3188,CHEMBL3642065,CCc1nn(Cc2ccnn2CC(O)CO)c3cccc(NC(=O)c4cnc5ccccn45)c13,5.52
3189,CHEMBL3642066,CCc1nn(Cc2cccc(OCCN)n2)c3cccc(NC(=O)c4cnc5ccccn45)c13,6.34
3190,CHEMBL3642067,CCc1nn(Cc2cccc(OCCCN)n2)c3cccc(NC(=O)c4cnc5ccccn45)c13,6.4
3191,CHEMBL3642068,CCc1nn(Cc2cccc(OCCCN(C)C)n2)c3cccc(NC(=O)c4cnc5ccccn45)c13,5.31
3192,CHEMBL3642069,CCc1nn(Cc2cccc(C)n2)c3cccc(NC(=O)c4cnc5cc(ccn45)C(=O)N6CCNCC6)c13,6.04
3193,CHEMBL3642070,CCc1nn(Cc2cccc(C)n2)c3cccc(NC(=O)c4cnc5cc(ccn45)C(=O)N6CCN(C)CC6)c13,5.59
3194,CHEMBL3642071,CCc1nn(Cc2cccc(CN3CCNCC3)n2)c4cccc(NC(=O)c5cnc6ccccn56)c14,5.42
3195,CHEMBL3642072,CCc1nn(Cc2cccc(OC)n2)c3cccc(NC(=O)c4cnc5ccccn45)c13,6.86
3196,CHEMBL3642073,CCc1nn(Cc2cccc(C)n2)c3cccc(NC(=O)c4cnc5cc(OCCN6CCOCC6)ccn45)c13,6.84
3197,CHEMBL3642074,CCc1nn(Cc2cccc(OC3CCNC3)n2)c4cccc(NC(=O)c5cnc6ccccn56)c14,5.86
3198,CHEMBL3642075,CCc1nn(Cc2cccc(OC3CCNC[C@H]3F)n2)c4cccc(NC(=O)c5cnc6ccccn56)c14,5.94
3199,CHEMBL3642076,CCc1nn(Cc2cccc(OC3CCNCC3)n2)c4cccc(NC(=O)c5cnc6ccccn56)c14,6.07
3200,CHEMBL3642077,CCc1nn(Cc2cnn(Cc3ccc(OC)cc3)c2)c4cccc(NC(=O)c5cnc6ccccn56)c14,5.98
3201,CHEMBL3642078,CCc1nn(Cc2cnn(CCO)c2)c3cccc(NC(=O)c4cnc5ccccn45)c13,5.54
3202,CHEMBL3642079,CCc1nn(Cc2cnn(c2)C3CCNC[C@H]3F)c4cccc(NC(=O)c5cnc6ccccn56)c14,5.65
3203,CHEMBL3642080,CCc1ccn2c(cnc2c1)C(=O)Nc3cccc4c3c(CC)nn4Cc5cccc(C)n5,6.85
3204,CHEMBL3642081,CCc1cccc(Cn2nc(CC)c3c(NC(=O)c4cnc5ccccn45)cccc23)n1,6.39
3205,CHEMBL3642082,CCc1nn(CC2=CC=CC(=O)N2C)c3cccc(NC(=O)c4cnc5ccccn45)c13,5.71
3206,CHEMBL3642083,CCN1C(=CC=CC1=O)Cn2nc(CC)c3c(NC(=O)c4cnc5ccccn45)cccc23,5.31
3207,CHEMBL3642084,CCOc1cccc(Cn2nc(CC)c3c(NC(=O)c4cnc5ccccn45)cccc23)n1,7.0
3208,CHEMBL3642085,CCc1nn(Cc2cccc(C)n2)c3cccc(NC(=O)c4cnc5cc(ccn45)c6ocnn6)c13,6.75
3209,CHEMBL3639409,CCc1nn(Cc2cccc(C)n2)c3cccc(NC(=O)c4cnc5cc(ccn45)c6oc(C)nn6)c13,6.26
3210,CHEMBL3642086,CCc1nn(Cc2cccc(C)n2)c3cccc(NC(=O)c4cnc5cc(CN6CCNCC6)ccn45)c13,6.72
3211,CHEMBL3642087,CCc1nn(Cc2cccc(C)n2)c3cccc(NC(=O)c4cnc5cc(CN6CCN(C)CC6)ccn45)c13,6.48
3212,CHEMBL3642088,CCc1nn(Cc2cccc(C)n2)c3cccc(NC(=O)c4cnc5cc(O[C@H]6CNC[C@@H]6O)ccn45)c13,6.47
3213,CHEMBL3642089,CCc1nn(Cc2cccc(C)n2)c3cccc(NC(=O)c4cnc5cc(O[C@@H]6CNC[C@H]6O)ccn45)c13,6.54
3214,CHEMBL3642090,CCc1nn(Cc2cccc(C)n2)c3cccc(NC(=O)c4cnc5cc(O[C@H]6CN(C)C[C@@H]6O)ccn45)c13,6.16
3215,CHEMBL3642091,CCc1nn(Cc2cccc(C)n2)c3cccc(NC(=O)c4cnc5cc(O[C@@H]6CN(C)C[C@H]6O)ccn45)c13,6.31
3216,CHEMBL3642092,CCc1nn(Cc2cccc(OC[C@H]3NCC[C@@H]3O)n2)c4cccc(NC(=O)c5cnc6ccccn56)c14,6.26
3217,CHEMBL3642093,CCc1nn(Cc2cccc(C)n2)c3cccc(NC(=O)c4cnc5cc(OCCN6CC[N+](C)([O-])CC6)ccn45)c13,6.14
3218,CHEMBL3642094,CCc1nn(Cc2cccc(C)n2)c3cccc(NC(=O)c4cnc5cc(OC[C@H]6NCC[C@@H]6O)ccn45)c13,7.01
3219,CHEMBL3642095,CCc1nn(Cc2ccnn2CC)c3cccc(NC(=O)c4cnc5ccccn45)c13,6.48
3220,CHEMBL3642096,CCc1nn(Cc2ccn(CC)n2)c3cccc(NC(=O)c4cnc5ccccn45)c13,6.45
3221,CHEMBL3642097,CCc1nn(Cc2cccc(OC[C@@H]3[C@@H](O)CCN3C)n2)c4cccc(NC(=O)c5cnc6ccccn56)c14,6.03
3222,CHEMBL3642098,CCc1nn(Cc2cccc(C)n2)c3cccc(NC(=O)c4cnc5cc(OC[C@@H]6[C@@H](O)CCN6C)ccn45)c13,6.56
3223,CHEMBL3642099,CCc1nn(Cc2cccc(OCCN3CCNCC3)n2)c4cccc(NC(=O)c5cnc6ccccn56)c14,6.4
3224,CHEMBL3642100,CCc1nn(Cc2cccc(C)n2)c3cccc(NC(=O)c4cnc5cc(ccn45)c6nncs6)c13,6.63
3225,CHEMBL3642101,CCc1nn(Cc2cccc(C)n2)c3cccc(NC(=O)c4cnc5cc(OCCN6CCN(C)CC6)ccn45)c13,6.76
3226,CHEMBL3642102,CCc1nn(Cc2cccc(C)n2)c3cccc(NC(=O)c4cnc5cc(ccn45)C(=O)NC6CCNC6)c13,6.58
3227,CHEMBL3642103,CCc1nn(Cc2cccc(C)n2)c3cccc(NC(=O)c4cnc5cc(ccn45)C(=O)NCCN)c13,6.51
3228,CHEMBL3642104,CCc1nn(Cc2cccc(C)n2)c3cccc(NC(=O)c4cnc5cc(ccn45)C(=O)NC)c13,6.37
3229,CHEMBL3642105,CCc1nn(Cc2cccc(C)n2)c3cccc(NC(=O)c4cnc5cc(ccn45)C(=O)N(C)C)c13,6.13
3230,CHEMBL3642106,CCc1nn(Cc2cccc(C)n2)c3cccc(NC(=O)c4cnc5cc(ccn45)C(=O)NC6CCN(C)C6)c13,6.46
3231,CHEMBL3642107,CCc1nn(Cc2cccc(C)n2)c3cccc(NC(=O)c4cnc5cc(ccn45)C(=O)NCCN(C)C)c13,6.37
3232,CHEMBL3642108,CCc1nn(Cc2cccc(C)n2)c3cccc(NC(=O)c4cnc5cc(ccn45)c6cnc(C)n6C)c13,6.87
3233,CHEMBL3642109,CCc1nn(CC2=CC=C(C)N(C)C2=O)c3cccc(NC(=O)c4cnc5ccccn45)c13,5.79
3234,CHEMBL3642110,CCc1nn(Cc2cccc(OCCN3CCN(C)CC3)n2)c4cccc(NC(=O)c5cnc6ccccn56)c14,5.9
3235,CHEMBL3642111,CCc1nn(Cc2cc(C)n(C)n2)c3cccc(NC(=O)c4cnc5ccccn45)c13,6.03
3236,CHEMBL3642112,CCc1nn(Cc2cc(C)n(C)n2)c3cccc(NC(=O)c4cnc5cc(OCCN6CCN(C)CC6)ccn45)c13,6.5
3237,CHEMBL3642113,CCc1nn(Cc2ccn(C)n2)c3cccc(NC(=O)c4cnc5ccccn45)c13,5.79
3238,CHEMBL3642114,CCc1nn(Cc2ccn(C)n2)c3cccc(NC(=O)c4cnc5cc(OCCN6CCN(C)CC6)ccn45)c13,6.31
3239,CHEMBL3642115,CCc1nn(Cc2cccc(C)n2)c3cccc(NC(=O)c4cnc5cc(ccn45)c6cnc7CNCCn67)c13,6.6
3240,CHEMBL3642116,CCc1nn(Cc2cccc(C)n2)c3cccc(NC(=O)c4cnc5cc(ccn45)c6cnc7CN(C)CCn67)c13,6.41
3241,CHEMBL3644151,CCn1ccc(Cn2nc(C3CC3)c4c(NC(=O)c5cnc6cc(OCCN7CCN(C)CC7)ccn56)cccc24)n1,7.02
3242,CHEMBL3644152,CCn1ccc(Cn2nc(C3CC3)c4c(NC(=O)c5cnc6cc(OCCN7CCN(CC7)C(C)C)ccn56)cccc24)n1,7.03
3243,CHEMBL3644153,CC(C)n1ccc(Cn2nc(C3CC3)c4c(NC(=O)c5cnc6cc(OCCN7CCN(C)CC7)ccn56)cccc24)n1,7.02
3244,CHEMBL3644154,CC(C)N1CCN(CCOc2ccn3c(cnc3c2)C(=O)Nc4cccc5c4c(nn5Cc6ccn(n6)C(C)C)C7CC7)CC1,6.91
3245,CHEMBL3644155,Cc1cccc(Cn2nc(C3CC3)c4c(NC(=O)c5cnc6cc(Cl)ccn56)cccc24)n1,6.55
3246,CHEMBL3644156,CCc1nn(Cc2cccc(OCC(O)CO)n2)c3cccc(NC(=O)c4cnc5ccccn45)c13,6.23
3247,CHEMBL3644157,CCc1nn(Cc2cccc(n2)N3CCNCC3)c4cccc(NC(=O)c5cnc6ccccn56)c14,5.76
3248,CHEMBL3644158,CCc1nn(Cc2cccc(n2)N3CCC(N)CC3)c4cccc(NC(=O)c5cnc6ccccn56)c14,5.92
3249,CHEMBL3644159,CCc1nn(Cc2cnn(CC)c2)c3cccc(NC(=O)c4cnc5ccccn45)c13,5.77
3250,CHEMBL3644160,CCc1nn(Cc2cnn(CC3CC3)c2)c4cccc(NC(=O)c5cnc6ccccn56)c14,6.01
3251,CHEMBL3644161,Cc1cccc(Cn2nc(C3CC3)c4c(NC(=O)c5cnc6cc(OCCN7CC[N+](C)([O-])CC7)ccn56)cccc24)n1,6.21
3252,CHEMBL3644162,Cc1cccc(Cn2nc(C3CC3)c4c(NC(=O)c5cnc6cc(OCCN7CCNCC7)ccn56)cccc24)n1,6.99
3253,CHEMBL3644163,CCc1nn(Cc2cccc(C)n2)c3cccc(NC(=O)c4cnc5ccc(cn45)C#N)c13,5.91
3254,CHEMBL3644164,CCc1nn(Cc2cccc(C)n2)c3cccc(NC(=O)c4cnc5cc(OCCN6CCN(CC6)C(C)C)ccn45)c13,6.8
3255,CHEMBL3639430,CC(C)N1CCN(CCOc2ccn3c(cnc3c2)C(=O)Nc4cccc5c4c(nn5Cc6cccc(C)n6)C7CC7)CC1,6.97
3256,CHEMBL3644165,CN1CCN(CCOc2ccn3c(cnc3c2)C(=O)Nc4cccc5c4c(nn5CC6=CC=CN(C)C6=O)C7CC7)CC1,6.57
3257,CHEMBL3644166,Cc1cccc(Cn2nc(C3CC3)c4c(NC(=O)c5cnc6cc(F)ccn56)cccc24)n1,6.3
3258,CHEMBL3644167,CCc1nn(Cc2cccc(C)n2)c3cccc(NC(=O)c4cnc5cc(OCC6CCN(C)CC6)ccn45)c13,7.08
3259,CHEMBL3644168,CCN1CCN(CCOc2ccn3c(cnc3c2)C(=O)Nc4cccc5c4c(CC)nn5Cc6cccc(C)n6)CC1,6.92
3260,CHEMBL3644169,CCc1nn(Cc2cccc(C)n2)c3cccc(NC(=O)c4cnc5cc(O[C@@H]6CCN(C)C6)ccn45)c13,6.73
3261,CHEMBL3644170,CCc1nn(Cc2cccc(C)n2)c3cccc(NC(=O)c4cnc5cc(OC6CCN(C)CC6)ccn45)c13,6.79
3262,CHEMBL3644171,CCc1nn(Cc2cccc(C)n2)c3cccc(NC(=O)c4cnc5cc(OCCN6CCCC6)ccn45)c13,6.76
3263,CHEMBL3644172,Cc1cccc(Cn2nc(C3CC3)c4c(NC(=O)c5cnc6cc(OCCN7CCOCC7)ccn56)cccc24)n1,6.52
3264,CHEMBL3644173,CCc1nn(Cc2cccc(C)n2)c3cccc(NC(=O)c4cnc5cc(O[C@H]6CCN(C)C6)ccn45)c13,6.73
3265,CHEMBL3644174,CCc1nn(Cc2cccc(C)n2)c3cccc(NC(=O)c4cnc5cc(OCC6CN(CCO6)C(=O)OC(C)(C)C)ccn45)c13,6.42
3266,CHEMBL3644175,CCc1nn(Cc2cccc(C)n2)c3cccc(NC(=O)c4cnc5cc(OCC(F)(F)CNC(=O)OC(C)(C)C)ccn45)c13,6.06
3267,CHEMBL3644176,CCc1nn(Cc2ccn(CC)n2)c3cccc(NC(=O)c4cnc5cc(OCCN6CCN(CC6)C(C)C)ccn45)c13,6.78
3268,CHEMBL3644177,Cc1cccc(Cn2nc(C3CC3)c4c(NC(=O)c5cnc6cc(OCCN7CCCC7)ccn56)cccc24)n1,6.85
3269,CHEMBL3644178,CCc1nn(Cc2cccc(C)n2)c3cccc(NC(=O)c4cnc5cc(OCCN6CC[C@H](C6)OC)ccn45)c13,6.81
3270,CHEMBL3644179,CCc1nn(Cc2cccc(C)n2)c3cccc(NC(=O)c4cnc5cc(OCCN6CC7CCC(C6)N7C)ccn45)c13,6.79
3271,CHEMBL3644180,CCc1nn(Cc2cccc(C)n2)c3cccc(NC(=O)c4cnc5cc(OCCN6CC[C@@H](C6)OC)ccn45)c13,6.74
3272,CHEMBL3644181,CCc1nn(Cc2ccn(CC)n2)c3cccc(NC(=O)c4cnc5cc(OCCN6CCCC6)ccn45)c13,6.71
3273,CHEMBL3644182,CN1CCC(CC1)Oc2ccn3c(cnc3c2)C(=O)Nc4cccc5c4c(nn5Cc6cccc(C)n6)C7CC7,6.7
3274,CHEMBL3644183,CCc1nn(Cc2cccc(C)n2)c3cccc(NC(=O)c4cnc5cc(OCCN6CC[C@H](F)C6)ccn45)c13,6.66
3275,CHEMBL3644184,Cc1cccc(Cn2nc(C3CC3)c4c(NC(=O)c5cnc6cc(OCCN7CCS(=O)(=O)CC7)ccn56)cccc24)n1,6.62
3276,CHEMBL3644185,CCc1nn(Cc2ccn(CC)n2)c3cccc(NC(=O)c4cnc5cc(OC6CCN(C)CC6)ccn45)c13,6.57
3277,CHEMBL3644186,Cc1cccc(Cn2nc(C3CC3)c4c(NC(=O)c5cnc6cc(OCCN7CC8CCC(C7)O8)ccn56)cccc24)n1,6.57
3278,CHEMBL3644187,CN1C=CC=C(Cn2nc(C3CC3)c4c(NC(=O)c5cnc6cc(OCCN7CCCC7)ccn56)cccc24)C1=O,6.3
3279,CHEMBL3644188,CCc1nn(Cc2ccn(CC)n2)c3cccc(NC(=O)c4cnc5cc(OCCN6CCOCC6)ccn45)c13,6.49
3280,CHEMBL3644189,CN1C=CC=C(Cn2nc(C3CC3)c4c(NC(=O)c5cnc6cc(OCCN7CCOCC7)ccn56)cccc24)C1=O,6.25
3281,CHEMBL3644190,CN1C=CC=C(Cn2nc(C3CC3)c4c(NC(=O)c5cnc6cc(OCCN7CCC7)ccn56)cccc24)C1=O,6.15
3282,CHEMBL3644191,CCc1nn(Cc2cccc(C)n2)c3cccc(NC(=O)c4cnc5cc(OCCN6CCNCC6)ccn45)c13,6.56
3283,CHEMBL3644192,CCc1nn(Cc2cccc(C)n2)c3cccc(NC(=O)c4cnc5cc(OCCO)ccn45)c13,6.72
3284,CHEMBL3644193,CCc1nn(Cc2cccc(C)n2)c3cccc(NC(=O)c4cnc5cc(OCC(F)(F)CN)ccn45)c13,6.42
3285,CHEMBL3644194,CCc1nn(Cc2cccc(C)n2)c3cccc(NC(=O)c4cnc5cc(OC6CNC6)ccn45)c13,6.73
3286,CHEMBL3644195,CCc1nn(Cc2cccc(C)n2)c3cccc(NC(=O)c4cnc5cc(OCC6CNCCO6)ccn45)c13,6.85
3287,CHEMBL3644196,CCc1nn(Cc2cccc(C)n2)c3cccc(NC(=O)c4cnc5cc(OCCN6CC[C@@H](F)C6)ccn45)c13,6.43
3288,CHEMBL3644197,CCc1nn(Cc2cccc(C)n2)c3cccc(NC(=O)c4cnc5cc(ccn45)N6CCNCC6)c13,7.06
3289,CHEMBL3644198,CCc1nn(Cc2cccc(C)n2)c3cccc(NC(=O)c4cnc5cc(ccn45)N6CCOCC6)c13,7.02
3290,CHEMBL3644199,CCc1nn(Cc2cccc(C)n2)c3cccc(NC(=O)c4cnc5cc(ccn45)N6CC[C@@H](O)C6)c13,6.73
3291,CHEMBL3644200,CCc1nn(Cc2cccc(C)n2)c3cccc(NC(=O)c4cnc5cc(ccn45)N6CCN(CCO)CC6)c13,6.82
3292,CHEMBL3644201,CCc1nn(Cc2cccc(C)n2)c3cccc(NC(=O)c4cnc5cc(ccn45)N6CCC(O)CC6)c13,6.77
3293,CHEMBL3644202,CCc1nn(Cc2cccc(C)n2)c3cccc(NC(=O)c4cnc5cc(ccn45)N6CC[C@H](O)C6)c13,6.66
3294,CHEMBL3644203,CCN1CCN(CC1)c2ccn3c(cnc3c2)C(=O)Nc4cccc5c4c(CC)nn5Cc6cccc(C)n6,7.04
3295,CHEMBL3644204,CCc1nn(Cc2cccc(C)n2)c3cccc(NC(=O)c4cnc5cc(ccn45)N6CCNC(=O)C6)c13,6.69
3296,CHEMBL3644205,CCc1nn(Cc2cccc(C)n2)c3cccc(NC(=O)c4cnc5cc(ccn45)N6CCCNCC6)c13,6.76
3297,CHEMBL3644206,CCc1nn(Cc2ccn(CC)n2)c3cccc(NC(=O)c4cnc5cc(F)ccn45)c13,6.2
3298,CHEMBL3644207,CCc1nn(Cc2cccc(C)n2)c3cccc(NC(=O)c4cnc5cc(ccn45)n6cncn6)c13,6.63
3299,CHEMBL3644208,CCc1nn(Cc2cccc(C)n2)c3cccc(NC(=O)c4cnc5cc(ccn45)n6cnc(C)n6)c13,6.63
3300,CHEMBL3644209,CCc1nn(Cc2cccc(C)n2)c3cccc(NC(=O)c4cnc5cc(ccn45)n6ncnc6C)c13,6.28
3301,CHEMBL3644210,CCc1nn(Cc2cccc(C)n2)c3cccc(NC(=O)c4cnc5cc(ccn45)n6cnnc6C)c13,6.03
3302,CHEMBL3644211,CCc1nn(Cc2cccc(C)n2)c3cccc(NC(=O)c4cnc5cc(OCC(O)CO)ccn45)c13,6.55
3303,CHEMBL3644212,CCc1nn(Cc2ccn(CC)n2)c3cccc(NC(=O)c4cnc5cc(ccn45)c6cnn(C)c6)c13,7.14
3304,CHEMBL3644213,CCc1nn(Cc2cc(C)n(C)n2)c3cccc(NC(=O)c4cnc5cc(ccn45)c6cnn(C)c6)c13,6.81
3305,CHEMBL3644214,CCc1nn(Cc2cc(C)n(C)n2)c3cccc(NC(=O)c4cnc5cc(ccn45)c6oc(CN(C)C)cc6)c13,6.85
3306,CHEMBL3644215,CCc1nn(Cc2cccc(C)n2)c3cccc(NC(=O)c4cnc5cc(CCN6CC[C@@H](F)C6)ccn45)c13,6.56
3307,CHEMBL3644216,CCc1nn(Cc2cccc(C)n2)c3cccc(NC(=O)c4cnc5cc(CCN6CCN(C)CC6)ccn45)c13,6.8
3308,CHEMBL3644217,CCc1nn(Cc2cccc(C)n2)c3cccc(NC(=O)c4cnc5cc(CCN6CC(F)C6)ccn45)c13,6.66
3309,CHEMBL3644218,CCc1nn(Cc2cccc(C)n2)c3cccc(NC(=O)c4cnc5cc(CCN(C)C)ccn45)c13,5.18
3310,CHEMBL3644219,CCc1nn(Cc2cccc(C)n2)c3cccc(NC(=O)c4cnc5cc(CCN6CC(C6)OC)ccn45)c13,5.67
3311,CHEMBL3644220,CCc1nn(Cc2cccc(C)n2)c3cccc(NC(=O)c4cnc5cc(CN(C)C)ccn45)c13,5.72
3312,CHEMBL3644221,CCc1nn(Cc2ccn(CC)n2)c3cccc(NC(=O)c4cnc5cc(CN(C)C)ccn45)c13,5.39
3313,CHEMBL3644222,CN1CCN(CCOc2ccn3c(cnc3c2)C(=O)Nc4cccc5c4c(I)nn5Cc6cnc(C)s6)CC1,6.74
3314,CHEMBL3644223,CN1CCN(CCOc2ccn3c(cnc3c2)C(=O)Nc4cccc5c4c(nn5Cc6nnc(C)s6)C7CC7)CC1,6.35
3315,CHEMBL3644224,CN1CCN(CCOc2ccn3c(cnc3c2)C(=O)Nc4cccc5c4c(nn5Cc6coc(C)n6)C7CC7)CC1,5.93
3316,CHEMBL3644225,CCc1nn(Cc2cccc(C)n2)c3cccc(NC(=O)c4cnc5cc(ccn45)c6cncnc6)c13,6.4
3317,CHEMBL3644226,CCc1nn(Cc2cccc(C)n2)c3cccc(NC(=O)c4cnc5cc(ccn45)c6ccc(C)nc6)c13,7.26
3318,CHEMBL3644227,CCc1nn(Cc2cccc(C)n2)c3cccc(NC(=O)c4cnc5cc(CCCN6CCN(C)CC6)ccn45)c13,6.56
3319,CHEMBL3644228,COCCOc1ccn2c(cnc2c1)C(=O)Nc3cccc4c3c(OC)nn4Cc5ccc(C)nc5,6.86
3320,CHEMBL3644229,COCCOc1ccn2c(cnc2c1)C(=O)Nc3cccc4c3c(Br)nn4Cc5ccc(C)nc5,6.97
3321,CHEMBL3644230,COc1nn(Cc2cccc(C)n2)c3cccc(NC(=O)c4cnc5cc(OCCN6CCN(C)CC6)ccn45)c13,7.49
3322,CHEMBL3644231,CCc1nn(Cc2nccs2)c3cccc(NC(=O)c4cnc5ccccn45)c13,5.81
3323,CHEMBL3644232,CCc1nn(Cc2ccc(C)nc2)c3cccc(NC(=O)c4cnc5ccccn45)c13,6.15
3324,CHEMBL3644233,CCc1nn(Cc2ccc(C)nc2)c3cccc(NC(=O)c4cnc5cc(OCCN6CCN(C)CC6)ccn45)c13,6.56
3325,CHEMBL3644234,CCc1nn(Cc2nccs2)c3cccc(NC(=O)c4cnc5cc(OCCN6CCN(C)CC6)ccn45)c13,6.75
3326,CHEMBL3644235,CCc1nn(Cc2nc(C)cs2)c3cccc(NC(=O)c4cnc5cc(OCCN6CCN(C)CC6)ccn45)c13,6.99
3327,CHEMBL3644236,CN1CCN(CCOc2ccn3c(cnc3c2)C(=O)Nc4cccc5c4c(nn5Cc6ccc(C)nc6)C7CC7)CC1,6.91
3328,CHEMBL3644237,CCc1nn(Cc2csc(C)n2)c3cccc(NC(=O)c4cnc5cc(OCCN6CCN(C)CC6)ccn45)c13,6.59
3329,CHEMBL3644238,CCc1nn(Cc2ccc(F)cn2)c3cccc(NC(=O)c4cnc5cc(OCCN6CCN(C)CC6)ccn45)c13,6.7
3330,CHEMBL3644239,CN1CCN(CCOc2ccn3c(cnc3c2)C(=O)Nc4cccc5c4c(nn5Cc6ccc(F)cn6)C7CC7)CC1,6.87
3331,CHEMBL3644240,CN1CCN(CCOc2ccn3c(cnc3c2)C(=O)Nc4cccc5c4c(nn5Cc6csc(C)n6)C7CC7)CC1,6.83
3332,CHEMBL3644241,CCc1nn(Cc2csc(n2)C(C)C)c3cccc(NC(=O)c4cnc5cc(OCCN6CCN(C)CC6)ccn45)c13,7.1
3333,CHEMBL3644242,CC(C)c1nc(Cn2nc(C3CC3)c4c(NC(=O)c5cnc6cc(OCCN7CCN(C)CC7)ccn56)cccc24)cs1,6.93
3334,CHEMBL3644243,CC(C)N1CCN(CCOc2ccn3c(cnc3c2)C(=O)Nc4cccc5c4c(nn5Cc6ccc(F)cn6)C7CC7)CC1,6.88
3335,CHEMBL3644244,CCc1nn(Cc2cccc(C)n2)c3cccc(NC(=O)c4cnc5cc(SCCNC(=O)C)ccn45)c13,6.66
3336,CHEMBL3644245,CN1CCN(CCOc2ccn3c(cnc3c2)C(=O)Nc4cccc5c4c(nn5Cc6ccc(O)c(C)n6)C7CC7)CC1,7.06
3337,CHEMBL3644246,Cc1cccc(Cn2nc(C3CC3)c4c(NC(=O)c5cnc6cc(OCc7ccccc7)ccn56)cccc24)n1,6.31
3338,CHEMBL3644247,Cc1cccc(Cn2nc(C3CC3)c4c(NC(=O)c5cnc6cc(O)ccn56)cccc24)n1,6.64
3340,CHEMBL3644249,Cc1cccc(Cn2nc(C3CC3)c4c(NC(=O)c5cnc6cc(OCCOCCOC=C)ccn56)cccc24)n1,7.04
3341,CHEMBL3644250,Cc1cccc(Cn2nc(C3CC3)c4c(NC(=O)c5cnc6cc(OCCOCCO)ccn56)cccc24)n1,6.12
3342,CHEMBL3644251,Cc1cccc(Cn2nc(C3CC3)c4c(NC(=O)c5cnc6cc(Br)ccn56)cccc24)n1,7.13
3343,CHEMBL3644252,CN1CCN(CCOc2ccn3c(cnc3c2)C(=O)Nc4cccc5c4c(nn5Cc6cccc(C)n6)C7CC7)CC1,7.03
3344,CHEMBL3644253,Cc1cccc(Cn2nc(C3CC3)c4c(NC(=O)c5cnc6cc(OCCN7CCC7)ccn56)cccc24)n1,6.82
3345,CHEMBL3644254,CCc1nn(Cc2ccn(CC)n2)c3cccc(NC(=O)c4cnc5cc(ccn45)n6cncn6)c13,6.34
3351,CHEMBL3673441,COc1ccc(COc2ccc(Cn3cnc4cc(ccc34)c5ccnnc5)cc2OC)cn1,7.52
3355,CHEMBL3673445,COc1ccc(COc2ccc(Cn3cnc4cc(ccc34)C5CCNCC5)cc2OC)cn1,6.45
3359,CHEMBL3673449,COc1ccc(COc2ccc(Cn3cnc4cc(ccc34)N5CCC(N)CC5)cc2OC)cn1,7.51
3360,CHEMBL3673450,COc1ccc(COc2ccc(Cn3cnc4cc(ccc34)N5CCN(C)CC5)cc2OC)cn1,7.5
3361,CHEMBL3673451,COc1ccc(COc2ccc(Cn3c(N)nc4cc(ccc34)N5CCN(C)CC5=O)cc2OC)cn1,6.48
3368,CHEMBL3673458,COc1ccc(COc2ccc(Cn3cnc4cc(cnc34)N5CCN6CCC5CC6)cc2OC)cn1,7.44
3371,CHEMBL3673461,COc1ccc(COc2ccc(Cn3cnc4cc(cnc34)N5CCC[C@H]5C(=O)O)cc2OC)cn1,7.5
3379,CHEMBL3639723,COc1ccc(COc2ccc(Cn3c(N)nc4cc(ccc34)N5CCN(C)CC5)cc2OC)cn1,7.52
3380,CHEMBL3673469,COc1ccc(COc2cc(F)c(Cn3cnc4cc(ccc34)N5CCN(C)CC5)cc2OC)cn1,6.42
3382,CHEMBL3673470,COc1ccc(COc2ccc(Cn3cnc4cc(ccc34)N5CCN(C)CC5=O)cc2OC)cn1,6.37
3384,CHEMBL3673472,COc1ccc(COc2ccc(Cn3cnc4cc(ccc34)C5=CC6(C)CCCN5C6)cc2OC)cn1,6.79
3385,CHEMBL3673473,COc1ccc(COc2ccc(Cn3cnc4cc(cnc34)C5=CC6(O)CCCN5C6)cc2OC)cn1,7.39
3386,CHEMBL3673474,COc1ccc(COc2ccc(Cn3cnc4cc(ccc34)C5=CC6(O)CCCN5C6)cc2OC)cn1,6.82
3387,CHEMBL3673475,CCC(Oc1ccc(Cn2c(N)nc3cc(cnc23)c4cnn(C)c4)cc1OC)c5ccc(OC)nc5,7.23
3407,CHEMBL3678288,COc1ccc(COc2ccc(Cn3c(N)nc4cc(cnc34)C#CC5CCCCC5)cc2OC)cn1,6.67
3409,CHEMBL3678290,COc1ccc(cn1)C(Oc2ccc(Cn3c(N)nc4cc(cnc34)c5cnn(C)c5)cc2OC)C6CC6,6.1
3410,CHEMBL3678291,COc1cc2CCCC(Oc3ccc(Cn4c(N)nc5cc(cnc45)c6cnn(C)c6)cc3OC)c2cn1,6.12
3411,CHEMBL3678292,COc1ccc(COc2ccc(cc2OC)C(C)n3c(N)nc4cc(ccc34)c5cnn(C)c5)cn1,7.14
3412,CHEMBL3678293,COc1ccc(COc2ccc(cc2OC)C(C)n3c(N)nc4cc(ccc34)c5ccc(F)cc5)cn1,6.16
3413,CHEMBL3678294,COc1cc(ccc1OCc2ccc(nc2)C(F)(F)F)C(C)n3cnc4cc(ccc34)c5ccc(F)cc5,5.38
3414,CHEMBL3678295,COc1cc(ccc1OCc2ccc(nc2)C(F)(F)F)C(C)n3cnc4cc(ccc34)c5cnn(C)c5,6.8
3415,CHEMBL3678296,COc1cc(ccc1OCc2ccc(nc2)C(F)(F)F)C(C)n3cnc4cc(ccc34)C#CCCO,5.33
3417,CHEMBL3678298,COc1cc(ccc1OCc2ccc(cc2)C(F)(F)F)[C@@H](C)n3c(N)nc4cc(cnc34)c5cnn(C)c5,7.02
3418,CHEMBL3678299,COc1cc(ccc1OCc2ccc(nc2)C(F)(F)F)C(C)n3cnc4cc(cnc34)c5cnn(C)c5,7.25
3420,CHEMBL3678301,COc1cc(ccc1OCc2ccc(nc2)C(F)(F)F)C(C)n3c(N)nc4cc(cnc34)C#CCCO,6.86
3422,CHEMBL3678303,COc1ccc(cn1)C(C)Oc2ccc(Cn3cnc4cc(cnc34)c5cnn(C)c5)cc2OC,7.24
3423,CHEMBL3678304,COc1ccc(cn1)C(C)Oc2ccc(Cn3cnc4cc(cnc34)c5ccnn5C)cc2OC,7.09
3424,CHEMBL3678305,COc1ccc(cn1)C(C)Oc2ccc(Cn3cnc4cc(cnc34)c5ccc(OC)nc5)cc2OC,6.99
3425,CHEMBL3678306,COc1ccc(cn1)C(C)Oc2ccc(Cn3cnc4cc(cnc34)c5ccnc(F)c5)cc2OC,6.99
