,molecule_chembl_id,canonical_smiles,pchembl_value
0,CHEMBL3699249,COCCNC1CCN(CC1)c2cc(cc(Nc3nc(NC4CC4)c5ncc(C#N)n5n3)c2Cl)C#N,7.6
1,CHEMBL1928905,Cn1c(SCC(=O)O)nc2c(Br)c(Br)c(Br)c(Br)c12,7.62
2,CHEMBL1233807,CN(C)c1nc2c(Br)c(Br)c(Br)c(Br)c2n1CC(=O)O,7.68
3,CHEMBL3699246,FC(F)(F)CNC1CCN(CC1)c2cc(cc(Nc3nc(NC4CC4)c5ncc(C#N)n5n3)c2Cl)C#N,7.68
4,CHEMBL595730,Ic1c(I)c(I)c2[nH]cnc2c1I,7.68
5,CHEMBL3699298,CN1C(C)(C)CC(CC1(C)C)Oc2cc(F)c(Nc3nc(NC4CC4)c5ncc(C#N)n5n3)cc2C#N,7.71
6,CHEMBL3759193,COc1ccc(cc1)C(=O)Nc2ncc(s2)c3ccc(cc3OCc4ccc(Cl)cc4)C(=O)O,7.72
7,CHEMBL3699299,CC1(C)CC(CC(C)(C)N1)Oc2cc(F)c(Nc3nc(NC4CC4)c5ncc(C#N)n5n3)cc2C#N,7.8
8,CHEMBL3699243,CC(C)NC1CCN(CC1)c2cc(cc(Nc3nc(NC4CC4)c5ncc(C#N)n5n3)c2Cl)C#N,7.81
9,CHEMBL475251,COc1cc(Nc2ncc(F)c(Nc3ccc4OC(C)(C)C(=O)Nc4n3)n2)cc(OC)c1OC,7.85
10,CHEMBL3758777,COc1ccc(cc1)C(=O)Nc2ncc(s2)c3ccc(cc3OCc4ccccc4Br)C(=O)O,7.85
11,CHEMBL3758895,COc1ccc(cc1)C(=O)Nc2ncc(s2)c3ccc(cc3OCc4ccccc4OC)C(=O)O,7.89
12,CHEMBL3760064,COc1ccc(cc1)C(=O)Nc2ncc(s2)c3ccc(cc3COc4ccccc4)C(=O)O,7.92
13,CHEMBL3758270,COc1ccc(cc1)C(=O)Nc2ncc(s2)c3ccc(cc3OCc4ccccc4)C(=O)O,7.92
14,CHEMBL2087023,COc1ccc(cc1)C(=O)Nc2ncc(s2)c3ccc(cc3)C(=O)O,7.96
15,CHEMBL3760009,COc1ccc(cc1)C(=O)Nc2ncc(s2)c3ccc(cc3OCCc4ccccc4)C(=O)O,7.96
16,CHEMBL3759349,COc1ccc(cc1)C(=O)Nc2ncc(s2)c3ccc(cc3OCc4ccccc4C#N)C(=O)O,7.96
17,CHEMBL1230165,OC(=O)c1ccc2c(c1)nc(Nc3cccc(Cl)c3)c4ccncc24,7.96
18,CHEMBL3758519,COc1ccc(cc1)C(=O)Nc2ncc(s2)c3ccc(cc3Oc4ccccc4)C(=O)O,8.0
19,CHEMBL3759755,COc1ccc(cc1)C(=O)Nc2ncc(s2)c3ccc(cn3)C(=O)O,8.0
20,CHEMBL3759512,COc1ccc(cc1)C(=O)Nc2ncc(s2)c3ccc(cc3OCc4ccccc4Cl)C(=O)O,8.01
21,CHEMBL3758606,COc1ccc(cc1)C(=O)Nc2ncc(s2)c3ccc(cc3OCc4ccccn4)C(=O)O,8.02
22,CHEMBL3758317,COc1ccc(cc1)C(=O)Nc2ncc(s2)c3ccc(nn3)C(=O)O,8.02
23,CHEMBL3759871,COc1ccc(cc1)C(=O)Nc2ncc(s2)c3ccc(cc3OCc4ccccc4F)C(=O)O,8.06
24,CHEMBL3699263,CC(C)(C)[Si](C)(C)O[C@@H]1CC(CC[C@H]1N)N2CCC(CC2)c3cc(cc(Nc4nc(NC5CC5)c6ncc(C#N)n6n4)c3Cl)C#N,8.09
25,CHEMBL388978,CN[C@@H]1C[C@H]2O[C@@](C)([C@@H]1OC)n3c4ccccc4c5c6CNC(=O)c6c7c8ccccc8n2c7c35,8.19
26,CHEMBL3699270,COC1CN(C1)C2CN(C2)c3cc(cc(Nc4nc(NC5CC5)c6ncc(C#N)n6n4)c3Cl)C(F)F,8.23
27,CHEMBL3699304,Clc1cnc(nc1Nc2nc(NC3CC3)c4ncc([N+]#[C-])n4n2)C#N,8.29
28,CHEMBL3699271,CN1CC(CN2CCN(CC2)c3cc(cc(Nc4nc(NC5CC5)c6ncc(C#N)n6n4)c3Cl)C(F)F)C1,8.33
29,CHEMBL3699288,CCNc1nc(Nc2cc(cc(N3CCN(CC3)C4COC4)c2Cl)C(F)F)nn5c(cnc15)[N+]#[C-],8.34
30,CHEMBL3760043,COc1ccc(cc1)C(=O)Nc2ncc(s2)c3ccc(nc3)C(=O)O,8.34
31,CHEMBL3681207,CCN1CCCC1CNC(=O)[C@@H]2CC[C@H](CC2)NC(=O)c3cc(c4ccnc(OC)c4)n5ncnc(N)c35,8.41
32,CHEMBL3681208,COc1cc(ccn1)c2cc(C(=O)N[C@@H]3CC[C@H](CC3)NC(=O)C(C)(C)CN4CCCC4)c5c(N)ncnn25,8.43
33,CHEMBL3681205,COc1cc(ccn1)c2cc(C(=O)N[C@@H]3CC[C@H](CC3)C(=O)O)c4c(N)ncnn24,8.44
34,CHEMBL3681200,COc1cc(ccn1)c2cc(C(=O)N[C@@H]3CC[C@H](CC3)NC(=O)C4(CN)CC4)c5c(N)ncnn25,8.44
35,CHEMBL3681203,COc1cc(ccn1)c2cc(C(=O)N[C@@H]3CC[C@H](CO)CC3)c4c(N)ncnn24,8.47
36,CHEMBL3699272,FC(F)c1cc(Nc2nc(NC3CC3)c4ncc(C#N)n4n2)c(Cl)c(c1)N5CCN(CC5)C6(COC6)C#N,8.49
37,CHEMBL3681204,COc1cc(ccn1)c2cc(C(=O)NC[C@@H]3CC[C@@H](O)CC3)c4c(N)ncnn24,8.5
38,CHEMBL3699273,FC(F)c1cc(Nc2nc(NC3CC3)c4ncc(C#N)n4n2)c(Cl)c(c1)N5CCN(CC5)C6(CS(=O)(=O)c7ccccc7)COC6,8.5
39,CHEMBL3699275,FC(F)c1cc(Nc2nc(NC3CC3)c4ncc(C#N)n4n2)c(Cl)c(c1)N5CCC(CC5)C6COC6,8.52
40,CHEMBL3699281,CCNc1nc(Nc2cc(cc(N3CC[C@@H](NC(=O)OC)[C@H](O)C3)c2Cl)C#N)nn4c(cnc14)[N+]#[C-],8.53
41,CHEMBL3681194,CCOC(=O)NC1CCC(CC1)NC(=O)c2cc(c3ccnc(OC)c3)n4ncnc(N)c24,8.55
42,CHEMBL3699302,Fc1cc(OC2CCNCC2)c(Nc3nc(NC4CC4)c5ncc(C#N)n5n3)cc1C#N,8.56
43,CHEMBL3681202,COc1cc(ccn1)c2cc(C(=O)N[C@@H]3CC[C@H](CC3)NC(=O)C(C)(C)O)c4c(N)ncnn24,8.57
44,CHEMBL3116050,C[C@H](Nc1nc(Nc2cn(C)cn2)c3cc[nH]c3n1)c4ncc(F)cn4,8.57
45,CHEMBL3681201,COc1cc(ccn1)c2cc(C(=O)N[C@@H]3CCCN(C3)C(=O)C4(N)CC4)c5c(N)ncnn25,8.6
46,CHEMBL3699290,C[C@@H](O)Cn1nc(C#N)c2cc(Nc3nc(Nc4nc(C)n(C)n4)c5ncc([N+]#[C-])n5n3)ccc12,8.61
47,CHEMBL3681206,COc1cc(ccn1)c2cc(C(=O)N[C@H]3CCOC3)c4c(N)ncnn24,8.66
48,CHEMBL3699265,FC(F)(F)CCN1CCC(CC1)c2cc(cc(Nc3nc(NC4CC4)c5ncc(C#N)n5n3)c2Cl)C#N,8.69
49,CHEMBL3699251,COC(=O)N[C@@H]1CN(C[C@@H]1C)C2CCN(CC2)c3cc(cc(Nc4nc(NC5CC5)c6ncc(C#N)n6n4)c3Cl)C#N,8.79
50,CHEMBL3699245,Clc1c(Nc2nc(NC3CC3)c4ncc(C#N)n4n2)cc(cc1N5CCC(CC5)NC6CC(C6)C#N)C#N,8.82
51,CHEMBL3699300,CN1C(C)(C)CC(CC1(C)C)Oc2cc(F)c(cc2Nc3nc(NC4CC4)c5ncc(C#N)n5n3)C#N,8.85
52,CHEMBL3699279,Clc1c(Nc2nc(NC3CC3)c4ncc([N+]#[C-])n4n2)cc(cc1N5CCN(C6COC6)C(C5)C(=O)N7CCOCC7)C#N,8.88
53,CHEMBL3699268,CO[C@@H]1CN(C[C@@H]1NC(=O)OC)c2cc(cc(Nc3nc(NC4CC4)c5ncc(C#N)n5n3)c2Cl)C(F)F,8.93
54,CHEMBL3699241,CS(=O)(=O)CCN1CCN(CC1)c2cc(cc(Nc3nc(NC4CC4)c5ncc(C#N)n5n3)c2Cl)C#N,9.0
55,CHEMBL3699293,CCNc1nc(Nc2ccc3c(c2)c(nn3C4CCN(CC4)C5COC5)C#N)nn6c(cnc16)C#N,9.03
56,CHEMBL3699240,COC(=O)N1CCC(CC1)N2CCN(CC2)c3cc(cc(Nc4nc(NC5CC5)c6ncc(C#N)n6n4)c3Cl)C#N,9.03
57,CHEMBL3699236,CN1CC2(C1)CN(C2)c3cc(cc(Nc4nc(NC5CC5)c6ncc(C#N)n6n4)c3Cl)C#N,9.06
58,CHEMBL3699297,Clc1c(NC2CCN(CC2)C3COC3)cc(cc1Nc4nc(NC5CC5)c6ncc(C#N)n6n4)C#N,9.09
59,CHEMBL3699284,CCNc1nc(Nc2cc(cc(C3CCNCC3)c2Cl)C#N)nn4c(cnc14)[N+]#[C-],9.12
60,CHEMBL3699264,OCC1(CO)CC(C1)N2CCC(CC2)c3cc(cc(Nc4nc(NC5CC5)c6ncc(C#N)n6n4)c3Cl)C#N,9.12
61,CHEMBL3699274,CC1(COC1)N2CCN(CC2)c3cc(cc(Nc4nc(NC5CC5)c6ncc(C#N)n6n4)c3Cl)C(F)F,9.13
62,CHEMBL3699303,CCNc1nc(Nc2cc(cc(N3CCN(CC(F)F)CC3)c2Cl)C#N)nn4c(cnc14)C#N,9.13
63,CHEMBL3699242,FC1(F)CC(C1)NC2CCN(CC2)c3cc(cc(Nc4nc(NC5CC5)c6ncc([N+]#[C-])n6n4)c3Cl)C#N,9.16
64,CHEMBL3699260,CN1CCN(CC(=O)N[C@@H]2CCN(C[C@H]2O)c3cc(cc(Nc4nc(NC5CC5)c6ncc(C#N)n6n4)c3Cl)C#N)CC1,9.19
65,CHEMBL3699285,CCNc1nc(Nc2cc(cc(N3CCC(CC3)NC[C@@H](C)O)c2Cl)C#N)nn4c(cnc14)[N+]#[C-],9.22
66,CHEMBL3699287,CN1CCN(CC1)C2CN(C2)c3cc(cc(Nc4nc(NC5CC5)c6ncc([N+]#[C-])n6n4)c3F)C#N,9.22
67,CHEMBL3699250,O[C@@H]1C[C@@H](C1)NC2CCN(CC2)c3cc(cc(Nc4nc(NC5CC5)c6ncc(C#N)n6n4)c3Cl)C#N,9.27
68,CHEMBL3699286,CCNc1nc(Nc2cc(cc(N3CC[C@@H]4[C@@H](C3)OCCN4C5COC5)c2Cl)C#N)nn6c(cnc16)C#N,9.28
69,CHEMBL3699254,COC(=O)N[C@@H]1CN(C[C@H]1C)C2CN(C2)c3cc(cc(Nc4nc(NC5CC5)c6ncc(C#N)n6n4)c3Cl)C#N,9.31
70,CHEMBL3699258,COCCOC(=O)N[C@@H]1CCN(C[C@H]1O)c2cc(cc(Nc3nc(NC4CC4)c5ncc(C#N)n5n3)c2Cl)C#N,9.31
71,CHEMBL3699269,CN1CC(C1)N2CCN(CC2)c3cc(cc(Nc4nc(NC5CC5)c6ncc(C#N)n6n4)c3Cl)C(F)F,9.33
72,CHEMBL3699277,COC(=O)N[C@@H]1CCN(C[C@@H]1F)c2cc(cc(Nc3nc(NC4CC4)c5ncc(C#N)n5n3)c2Cl)C#N,9.35
73,CHEMBL3699257,COC(=O)N[C@H]1CCN(C[C@@H]1O)c2cc(cc(Nc3nc(NC4CC4)c5ncc(C#N)n5n3)c2Cl)C#N,9.46
74,CHEMBL3699253,COC1CCN(C1)C2CN(C2)c3cc(cc(Nc4nc(NC5CC5)c6ncc(C#N)n6n4)c3Cl)C#N,9.51
75,CHEMBL3699239,C[C@@H](O)CN1CCN(CC1)c2cc(cc(Nc3nc(NC4CC4)c5ncc(C#N)n5n3)c2Cl)C#N,9.55
76,CHEMBL3699291,CCNc1nc(Nc2ccc3c(c2)c(nn3C4CCN(C[C@H](C)O)CC4)C#N)nn5c(cnc15)C#N,9.57
77,CHEMBL3699256,COC(=O)N[C@@H]1CCN(C[C@H]1O)c2cc(cc(Nc3nc(NC4CC4)c5ncc(C#N)n5n3)c2Cl)C#N,9.57
78,CHEMBL3699267,Clc1c(Nc2nc(NC3CC3)c4ncc(C#N)n4n2)cc(cc1C5CCN(CC5)C(=O)OC6COC6)C#N,9.57
79,CHEMBL3699255,OC1CN(C1)C2CN(C2)c3cc(cc(Nc4nc(NC5CC5)c6ncc(C#N)n6n4)c3Cl)C#N,9.57
80,CHEMBL3699259,O[C@@H]1CN(CC[C@H]1NC(=O)OC2COC2)c3cc(cc(Nc4nc(NC5CC5)c6ncc(C#N)n6n4)c3Cl)C#N,9.59
81,CHEMBL3699280,CC(=O)N1CC(C1)N2CCC(CC2)c3cc(cc(Nc4nc(NC5CC5)c6ncc(C#N)n6n4)c3Cl)C#N,9.6
82,CHEMBL3699296,CCNc1nc(Nc2cc(cc(N3CCN(CC3)C4COC4)c2Cl)C#N)nn5c(cnc15)C#N,9.64
83,CHEMBL3699262,CN1CCC(=CC1)c2cc(cc(Nc3nc(NC4CC4)c5ncc(C#N)n5n3)c2Cl)C#N,9.64
84,CHEMBL3699292,CCNc1nc(Nc2ccc3c(c2)c(nn3C4CCN(C[C@@H](C)O)CC4)C#N)nn5c(cnc15)C#N,9.68
85,CHEMBL3699278,FC1CN(CCN(C1)c2cc(cc(Nc3nc(NC4CC4)c5ncc([N+]#[C-])n5n3)c2Cl)C#N)C6COC6,9.68
86,CHEMBL3699238,Clc1c(Nc2nc(NC3CC3)c4ncc(C#N)n4n2)cc(cc1N5CCN(CC5)C6CCOC6)C#N,9.7
87,CHEMBL3699266,CC(=O)N1CCC(CC1)c2cc(cc(Nc3nc(NC4CC4)c5ncc(C#N)n5n3)c2Cl)C#N,9.8
88,CHEMBL3699294,Clc1c(Nc2nc(NC3CC3)c4ncc(C#N)n4n2)cc(cc1C=C)C#N,9.8
89,CHEMBL3699244,Clc1c(Nc2nc(NC3CC3)c4ncc(C#N)n4n2)cc(cc1N5CCC(CC5)NC6CCS(=O)(=O)C6)C#N,9.82
90,CHEMBL3699282,CCNc1nc(Nc2cc(cc(N3CC[C@H](NC(=O)OC)[C@@H](O)C3)c2Cl)C#N)nn4c(cnc14)[N+]#[C-],9.89
91,CHEMBL3699252,CS(=O)(=O)C1CCN(C1)C2CN(C2)c3cc(cc(Nc4nc(NC5CC5)c6ncc(C#N)n6n4)c3Cl)C#N,9.96
92,CHEMBL3699237,Clc1c(NN2CCOCC2)cc(cc1Nc3nc(NC4CC4)c5ncc(C#N)n5n3)C#N,9.96
93,CHEMBL3699295,OCc1cc(cc(Nc2nc(NC3CC3)c4ncc(C#N)n4n2)c1Cl)C#N,9.96
94,CHEMBL3699276,COC(=O)N[C@@H]1CCN(C[C@H]1OP(=O)(O)O)c2cc(cc(Nc3nc(NC4CC4)c5ncc(C#N)n5n3)c2Cl)C#N,10.05
95,CHEMBL3699234,Cn1nc(C#N)c2cc(Nc3nc(NC4CC4)c5ncc(C#N)n5n3)ccc12,10.05
96,CHEMBL3699235,OC1CCN(C1)c2cc(cc(Nc3nc(NC4CC4)c5ncc(C#N)n5n3)c2Cl)C#N,10.15
97,CHEMBL3699289,Cc1nc(Nc2nc(Nc3ccc4c(c3)c(nn4C)C#N)nn5c(cnc25)[N+]#[C-])nn1C,10.52
