,molecule_chembl_id,canonical_smiles,pchembl_value
0,sunitinib,CCN(CC)CCNC(=O)c1c(C)[nH]c(\C=C\2/C(=O)Nc3ccc(F)cc23)c1C,7.66
1,CHEMBL523823,CCN1C2=C(C(=O)ON2)C(=O)c3cc(O)c(Cl)cc13,7.56
2,CHEMBL1230165,OC(=O)c1ccc2c(c1)nc(Nc3cccc(Cl)c3)c4ccncc24,7.77
3,CHEMBL475251,COc1cc(Nc2ncc(F)c(Nc3ccc4OC(C)(C)C(=O)Nc4n3)n2)cc(OC)c1OC,7.89
4,CHEMBL3103192,CN(CCN)c1ccc(Nc2cc(NC3CC3)n4ncc(C#N)c4n2)cc1NC(=O)C,8.0
5,CHEMBL1287853,Cc1cnc(Nc2ccc(OCCN3CCCC3)cc2)nc1Nc4cccc(c4)S(=O)(=O)NC(C)(C)C,8.92
6,CHEMBL388978,CN[C@@H]1C[C@H]2O[C@@](C)([C@@H]1OC)n3c4ccccc4c5c6CNC(=O)c6c7c8ccccc8n2c7c35,9.0
