,molecule_chembl_id,canonical_smiles,pchembl_value
0,CHEMBL3358097,COc1ccc(cc1OCCNS(=O)(=O)C)c2nc([C@@H](C)Sc3nc(N)cc(N)n3)c(C)s2,7.56
1,CHEMBL1081544,Cc1cc(Cl)ccc1Oc2cc(ncn2)N3CCC(CC3)Oc4ncc(F)c(N)n4,7.57
2,CHEMBL2426568,CCCc1sc(nc1CSc2nc(N)cc(N)n2)c3ccc(OC)c(O)c3,7.58
3,CHEMBL1081350,Nc1nc(OC2CCN(CC2)c3cc(Oc4ccccc4c5ccccc5)ncn3)ncc1F,7.59
4,CHEMBL3358094,COc1ccc(cc1OCCF)c2nc(C(C)Sc3nc(N)cc(N)n3)c(C)s2,7.61
5,CHEMBL1076272,COc1cccc(Oc2cc(ncn2)N3CCC(CC3)Oc4ncc(F)c(N)n4)c1,7.64
6,CHEMBL1076274,NC1=NC(=O)N(C=C1F)[C@H]2CC[C@@H](C2)NC(=O)c3cccc(c3)c4cccc(Cl)c4,7.64
7,CHEMBL3358091,CCCc1sc(nc1CSc2nccc(N)n2)c3ccc(OC)c(OCC(C)(C)O)c3,7.66
8,CHEMBL1081352,Nc1nc(OC2CCN(CC2)c3cc(Oc4cccc(Cl)c4)ncn3)ncc1F,7.66
9,CHEMBL1080817,Cc1c(Oc2ccccc2C#N)ncnc1N3CCC(CC3)Oc4ncc(F)c(N)n4,7.68
10,CHEMBL1079784,Cc1cc(Cl)ccc1c2cccc(c2)C(=O)N[C@H]3CC[C@@H](C3)N4C=C(F)C(=NC4=O)N,7.68
11,CHEMBL1079432,Cc1cc(Cl)ccc1c2cccc(c2)S(=O)(=O)N[C@H]3CC[C@@H](C3)N4C=C(F)C(=NC4=O)N,7.68
12,CHEMBL1079602,Cc1ccc(Oc2cc(ncn2)N3CCC(CC3)Oc4ncc(F)c(N)n4)cc1,7.68
13,CHEMBL1079771,NC1=NC(=O)N(C=C1F)[C@H]2CC[C@@H](C2)NS(=O)(=O)c3cccc(c3)c4ccc(Cl)cc4Cl,7.68
14,CHEMBL1081727,Nc1nc(OC2CCN(CC2)c3ncnc(Oc4ccc(cc4)C#N)c3F)ncc1F,7.7
15,CHEMBL1079603,Cc1ccccc1Oc2cc(ncn2)N3CCC(CC3)Oc4ncc(F)c(N)n4,7.72
16,CHEMBL1081351,Nc1nc(OC2CCN(CC2)c3cc(Oc4ccc(Cl)cc4)ncn3)ncc1F,7.72
17,CHEMBL2426567,CCCc1sc(nc1CSc2nc(N)cc(N)n2)c3ccc(OCCO)c(OCCO)c3,7.75
18,CHEMBL2426588,COc1ccc(cc1OCCF)c2nc(CSc3nc(N)cc(N)n3)c(C)s2,7.75
19,CHEMBL1079601,COc1ccccc1Oc2cc(ncn2)N3CCC(CC3)Oc4ncc(F)c(N)n4,7.77
20,CHEMBL1080444,NC1=NC(=O)N(C=C1F)[C@H]2CC[C@@H](C2)NC(=O)c3cc(ccn3)c4cc5ccccc5s4,7.77
21,CHEMBL3358093,CCCc1sc(nc1C(C)Sc2nc(N)cc(N)n2)c3ccc(OC)c(OCCF)c3,7.78
22,CHEMBL2426565,CCCc1sc(nc1CSc2nc(N)cc(N)n2)c3cccc(OCCNS(=O)(=O)C)c3,7.78
23,CHEMBL1081901,Nc1nc(OC2CCN(CC2)c3cc(Oc4ccccc4F)ncn3)ncc1F,7.82
24,CHEMBL2426573,CCCc1sc(nc1CSc2nc(N)cc(N)n2)c3ccc(OC)c(OCC(C)(C)O)c3,7.84
25,CHEMBL2426570,CCCc1sc(nc1CSc2nc(N)cc(N)n2)c3ccc(OC)c(OCCO)c3,7.84
26,CHEMBL2426574,CCCc1sc(nc1CSc2nc(N)cc(N)n2)c3ccc(OC)c(OCCNS(=O)(=O)C)c3,7.85
27,CHEMBL3358096,CCOc1cc(ccc1OCCOCCOCCOC)c2nc([C@@H](C)Sc3nc(N)cc(N)n3)c(C)s2,7.85
28,CHEMBL1079379,COc1ccc(Oc2ncnc(N3CCC(CC3)Oc4ncc(F)c(N)n4)c2F)cc1,7.85
29,CHEMBL1079906,Nc1nc(OC2CCN(CC2)c3cc(Oc4ccccc4C#N)ncn3)ncc1F,7.85
30,CHEMBL1079907,Nc1nc(OC2CCN(CC2)c3cc(Oc4cccc(c4)C#N)ncn3)ncc1F,7.89
31,CHEMBL1080443,Nc1nc(OC2CCN(CC2)c3cc(Oc4ccccc4Cl)ncn3)ncc1F,7.89
32,CHEMBL1079380,Nc1nc(OC2CCN(CC2)c3ncnc(Oc4cccc(c4)C#N)c3F)ncc1F,7.89
33,CHEMBL1080636,COc1ccc(Oc2cc(ncn2)N3CCC(CC3)Oc4ncc(F)c(N)n4)c(c1)C#N,7.92
34,CHEMBL2426557,CCc1sc(nc1CSc2nc(N)cc(N)n2)c3cccc(F)c3,7.96
35,CHEMBL1079735,CCc1ccccc1Oc2cc(ncn2)N3CCC(CC3)Oc4ncc(F)c(N)n4,8.0
36,CHEMBL1080818,Cc1nc(Oc2ccccc2C#N)cc(n1)N3CCC(CC3)Oc4ncc(F)c(N)n4,8.0
37,CHEMBL2426566,CCCc1sc(nc1CSc2nc(N)cc(N)n2)c3cc(F)cc(OCCNS(=O)(=O)C)c3,8.1
38,CHEMBL2426598,CCc1sc(nc1CSc2nc(N)cc(N)n2)c3ccc(OC)c(OCCF)c3,8.16
39,CHEMBL1081904,COc1ccc(Oc2ncnc(N3CCC(CC3)Oc4ncc(F)c(N)n4)c2F)c(c1)C#N,8.3
40,CHEMBL1081002,Nc1ccnc(OC2CCN(CC2)c3ncnc(Oc4ccccc4C#N)c3F)n1,8.3
41,CHEMBL1080092,Nc1nc(OC2CCN(CC2)c3ncnc(Oc4ccccc4C#N)c3Br)ncc1F,8.3
42,CHEMBL1080093,Nc1nc(OC2CCN(CC2)c3ncnc(Oc4ccccc4C#N)c3F)ncc1F,8.4
43,CHEMBL2426558,CCCc1sc(nc1CSc2nc(N)cc(N)n2)c3ccc(OC)c(OCCF)c3,8.52
44,CHEMBL1079768,Nc1nc(OCCC2CCN(CC2)c3cc(ncn3)c4cc5ccccc5s4)ncc1F,8.52
45,CHEMBL2426571,CCCc1sc(nc1CSc2nccc(N)n2)c3ccc(OC)c(OCCO)c3,8.54
46,CHEMBL2426564,CCCc1sc(nc1CSc2nc(N)cc(N)n2)c3cc(F)cc(OCCO)c3,8.55
47,CHEMBL2426572,CCCc1sc(nc1CSc2nc(N)cc(N)n2)c3ccc(OC)c(OCC(C)O)c3,8.55
48,CHEMBL2426562,CCCc1sc(nc1CSc2nc(N)cc(N)n2)c3cccc(OCCO)c3,8.61
49,CHEMBL1081903,COc1ccc(cc1Oc2ncnc(N3CCC(CC3)Oc4ncc(F)c(N)n4)c2F)C#N,8.7
50,CHEMBL2426569,CCCc1sc(nc1CSc2nc(N)cc(N)n2)c3ccc(OC)c(OCCCO)c3,8.81
51,CHEMBL2426563,CCCc1sc(nc1CSc2nc(N)cc(N)n2)c3ccc(F)c(OCCO)c3,8.97
