,molecule_chembl_id,canonical_smiles,pchembl_value
0,CHEMBL509032,COc1cc(ccc1Nc2ncc(Cl)c(Nc3ccccc3S(=O)(=O)C(C)C)n2)N4CCC(CC4)N5CCN(C)CC5,8.31
1,CHEMBL1673039,COc1cc(ccc1Nc2ncc3N(C)C(=O)c4ccccc4N(C)c3n2)N5CCN(C)CC5,8.92
6,CHEMBL296468,CC(C)(C)c1oc(CSc2cnc(NC(=O)C3CCNCC3)s2)nc1,5.8
15,CHEMBL428690,CN1CC[C@@H]([C@H](O)C1)c2c(O)cc(O)c3C(=O)C=C(Oc23)c4ccccc4Cl,5.68
20,CHEMBL191003,Nc1nc(Nc2ccc(cc2)S(=O)(=O)N)nn1C(=O)c3c(F)cccc3F,5.6
33,CHEMBL388978,CN[C@@H]1C[C@H]2O[C@@](C)([C@@H]1OC)n3c4ccccc4c5c6CNC(=O)c6c7c8ccccc8n2c7c35,6.96
34,CHEMBL1721885,Cc1[nH]c(\C=C\2/C(=O)Nc3ccc(F)cc23)c(C)c1C(=O)NC[C@H](O)CN4CCOCC4,6.26
35,CHEMBL535,CCN(CC)CCNC(=O)c1c(C)[nH]c(\C=C\2/C(=O)Nc3ccc(F)cc23)c1C,6.43
75,CHEMBL450786,Cc1[nH]c(\C=C\2/C(=O)Nc3ccc(cc23)S(=O)(=O)Cc4c(Cl)cccc4Cl)c(C)c1C(=O)N5CCC[C@@H]5CN6CCCC6,5.85
77,CHEMBL601719,C[C@@H](Oc1cc(cnc1N)c2cnn(c2)C3CCNCC3)c4c(Cl)ccc(F)c4Cl,6.48
78,CHEMBL1789941,N#CC[C@H](C1CCCC1)n2cc(cn2)c3ncnc4[nH]ccc34,7.17
81,CHEMBL513909,CC[C@H]1N(C2CCCC2)c3nc(Nc4ccc(cc4OC)C(=O)NC5CCN(C)CC5)ncc3N(C)C1=O,5.23
83,CHEMBL1908395,Cl.CN(C)CC(=O)N1CCC(CC1)c2ccc(NC(=O)c3nc(c[nH]3)C#N)c(c2)C4=CCCCC4,5.08
86,CHEMBL502835,COC(=O)c1ccc2\C(=C(\Nc3ccc(cc3)N(C)C(=O)CN4CCN(C)CC4)/c5ccccc5)\C(=O)Nc2c1,6.27
89,CHEMBL1230020,CCCS(=O)(=O)Nc1ccc(F)c(C(=O)c2c[nH]c3ncc(Cl)cc23)c1F,5.09
90,CHEMBL1287853,Cc1cnc(Nc2ccc(OCCN3CCCC3)cc2)nc1Nc4cccc(c4)S(=O)(=O)NC(C)(C)C,6.72
93,CHEMBL1908397,O=C(N1CCNCC1)c2ccc(\C=C\c3n[nH]c4ccccc34)cc2,5.7
120,CHEMBL464552,CNC(=O)c1c(F)cccc1Nc2nc(Nc3cc4N(CCc4cc3OC)C(=O)CN(C)C)nc5[nH]ccc25,5.39
130,CHEMBL494089,CCn1c(nc2c(ncc(OC[C@H]3CCCNC3)c12)C#CC(C)(C)O)c4nonc4N,5.62
144,CHEMBL213505,Nc1ncnc2onc(c3ccc(NC(=O)Nc4cccc(c4)C(F)(F)F)cc3)c12,5.1
145,CHEMBL1987034,NS(=O)(=O)c1cccc(Nc2ncc(Br)c(Nc3ccc(OCC#N)cc3)n2)c1,6.1
154,CHEMBL1966628,NC1CCC(CC1)Nc2nccc(n2)c3c[nH]c4ncccc34,6.0
156,CHEMBL1995813,NC1CCCCC1Nc2nccc(n2)c3c[nH]c4ncccc34,5.5
166,CHEMBL2000114,CSc1c[nH]c2ncnc(NCCCO)c12,6.5
176,CHEMBL1988163,NS(=O)(=O)c1cccc(Nc2ncc3ccn(c4ccccc4)c3n2)c1,5.3
205,CHEMBL1975128,Nc1n[nH]c2ccc(cc12)c3nnn(Cc4ccccc4)c3I,5.3
214,CHEMBL1984367,CN(C)c1ccc(CNC(=O)c2cc3c(n[nH]c3s2)c4ccccc4)cc1,6.0
216,CHEMBL1998159,Cc1n[nH]c2cnc(cc12)c3cncc(OCC(N)Cc4cccc(c4)C(F)(F)F)c3,6.1
235,CHEMBL1968791,Cc1c(c2cccc(OCc3ccccc3)c2)c4c(N)ncnc4n1C5CC(CN6CCCC6)C5,5.1
242,CHEMBL1987899,CN(C1=C(NCc2ccc(Cl)cc2Cl)C(=O)C1=O)c3ccc4[nH]ncc4c3,5.0
257,CHEMBL1993424,NS(=O)(=O)c1cccc(Nc2ncc3ccn(Cc4ccccc4)c3n2)c1,5.6
281,CHEMBL1984274,O=C1NNC(=O)c2c(NN=C3C(=O)N(N=C3c4ccccc4)c5ccccc5)cccc12,5.1
289,CHEMBL1966035,CC(NC1=C(Nc2ccncc2)C(=O)C1=O)c3ccccc3,5.6
318,CHEMBL1975233,COc1cc(C)c(Cl)cc1NC(=O)Nc2cnc(cn2)C#N,5.5
334,CHEMBL1991356,COc1cccc(c1)c2cc3C(=O)Nc4ccccc4n3c2,5.4
335,CHEMBL1983309,COc1ccc(C(=O)Nc2nc3ccc(Cl)cc3s2)c(OC)c1,6.2
378,CHEMBL458997,CNC(=O)c1ccccc1Nc2nc(Nc3ccc(cc3OC)N4CCOCC4)ncc2Cl,5.2
379,CHEMBL1965836,Cc1n[nH]c2ccc(cc12)c3cncc(OCC(N)Cc4cccc(OC(F)(F)F)c4)c3,5.1
395,CHEMBL1983111,CC(=O)NCC(=O)N1C2CCC1c3cc(Nc4ncc(c(NC5CCC5)n4)C(F)(F)F)ccc23,5.6
404,CHEMBL1991078,COc1ccc(cc1OC)C(=O)Nc2n[nH]c3ccc(cc23)c4cn(Cc5ccccc5)nn4,5.3
413,CHEMBL1997764,COc1ccc(cc1)C(=O)Nc2cnc3[nH]cc(c4ccccc4)c3c2,5.0
430,CHEMBL592030,NCCCn1cc(c2cc(c3cc4ccccc4s3)c5[nH]ncc5c2)c6nc(N)ncc16,5.6
457,CHEMBL1966343,CC(C)Cc1cc(on1)c2ccc3[nH]nc(N)c3c2,5.3
459,CHEMBL2000568,CC(=O)c1cccc(c1)c2cnc3[nH]ccc3c2,5.7
472,CHEMBL1992342,CCCS(=O)(=O)Nc1ccc(cc1)c2ccc3[nH]nc(N)c3c2,5.3
482,CHEMBL1241473,COc1cc(Nc2ncc(c(Nc3ccccc3C(=O)N)n2)[N+](=O)[O-])cc(OC)c1OC,5.1
509,CHEMBL246970,NCC1CCC(CNc2nc(NCc3ccccc3Cl)ncc2[N+](=O)[O-])CC1,5.4
512,CHEMBL1973540,O=C1Nc2ccc3ncsc3c2C1=CNc4ccc(cc4)S(=O)(=O)Nc5ccccn5,6.2
520,CHEMBL1973937,Cc1ccc(c2ccc(NC(=O)Nc3cccc(Br)c3)cc2)c4c(N)n[nH]c14,5.3
530,CHEMBL1988838,Cc1cnc(Nc2cccc(c2)S(=O)(=O)N)nc1Nc3ccc(OCC(=O)N)cc3,5.2
538,CHEMBL1082440,CC1CNCCCN1S(=O)(=O)c2cccc3cncc(C)c23,5.8
565,CHEMBL1974870,Cc1n[nH]c2ccc(cc12)c3cncc(OCC(N)Cc4cccc(Cl)c4)c3,5.5
567,CHEMBL1970903,Cc1n[nH]c2ccc(cc12)c3cncc(OCC(N)Cc4c[nH]c5ccccc45)c3,5.2
580,CHEMBL2001751,NC(COc1cncc(c1)c2ccc3NC(=O)C(=Cc4occc4)c3c2)Cc5c[nH]c6ccccc56,6.0
591,CHEMBL1987007,CN1CCC(CC1)NC(=O)c2cc3c(n[nH]c3s2)c4ccccc4,6.0
593,CHEMBL1967878,CN1CCN(CC1)c2ccc(Nc3ncc(F)c(NC4C5CC(C=C5)C4C(=O)N)n3)cc2C,5.4
601,CHEMBL2000393,Fc1ccc2ncn(c3ncc4NC(=O)N(C5CCOc6c(F)cccc56)c4n3)c2c1,5.5
609,CHEMBL2001239,Nc1ncnc(Nc2cc(CNC(=O)C(F)(F)F)c(O)c(c2)c3ccc(Cl)cc3)n1,5.8
611,CHEMBL2001288,Nc1ncnc2c1c(I)nn2C3OC(CO)C(O)C3O,5.1
628,CHEMBL1984191,Clc1ccc(cc1Cl)c2n[nH]cc2c3ccncn3,5.4
630,CHEMBL1971029,CNS(=O)(=O)c1ccccc1Nc2nc(Nc3cc(ccc3OC)N4CCN(CC4)C(=O)C)ncc2Br,6.5
641,CHEMBL1988437,CNC(=O)c1ccccc1Sc2ccc3c(C=Cc4ccccn4)n[nH]c3c2,5.2
642,CHEMBL1998121,NCCC(C(=O)Nc1ccc2[nH]ncc2c1)c3ccc(Cl)c(Cl)c3,5.6
653,CHEMBL1990885,CCN(CC)CCNC(=O)c1c(C)[nH]c(C=C2C(=O)Nc3ccc(F)cc23)c1C,5.4
669,CHEMBL1999931,O=C(Nc1n[nH]c2ccc(cc12)c3cn(Cc4ccccc4)nn3)c5ccccc5,5.4
672,CHEMBL1981047,COC(C(=O)N1Cc2[nH]nc(NC(=O)c3ccc(cc3)N4CCN(C)CC4)c2C1)c5ccccc5,7.4
673,CHEMBL1991063,Cc1n[nH]c2ccc(cc12)c3cncc(OCC(N)Cc4ccc(Cl)c(Cl)c4)c3,5.7
685,CHEMBL1825138,CC(Oc1cc(cnc1N)c2cnn(c2)C3CCNCC3)c4c(Cl)ccc(F)c4Cl,5.8
691,CHEMBL1994074,Brc1ccc2[nH]nc(c3ccccc3)c2c1,5.2
710,CHEMBL2003638,Fc1cccc(c1)C(=O)Nc2n[nH]c3ccc(cc23)c4cn(Cc5ccccc5)nn4,5.4
739,CHEMBL1997617,CN1CCN(CC1)C2CCC(CC2)n3cc(c4ccc(Oc5ccccc5)cc4)c6c(N)ncnc36,5.4
751,CHEMBL1993661,CNS(=O)(=O)c1ccccc1Nc2nc(Nc3cc(OC)c(OC)c(OC)c3)ncc2Cl,6.9
752,CHEMBL1974416,Fc1cccc(C(=O)Nc2cnc3[nH]cc(c4ccccc4)c3c2)c1F,5.6
