,molecule_chembl_id,canonical_smiles,pchembl_value
0,sorafenib,CNC(=O)C1=CC(OC2=CC=C(NC(=O)NC3=CC=C(Cl)C(=C3)C(F)(F)F)C=C2)=CC=N1,8.18
1,dasatinib,CC1=NC(NC2=NC=C(S2)C(=O)NC2=C(C)C=CC=C2Cl)=CC(=N1)N1CCN(CCO)CC1,8.52
2,imatinib,CN1CCN(CC2=CC=C(C=C2)C(=O)NC2=CC=C(C)C(NC3=NC=CC(=N3)C3=CN=CC=C3)=C2)CC1,7.82
3,nilotinib,CC1=CN(C=N1)C1=CC(=CC(NC(=O)C2=CC(NC3=NC=CC(=N3)C3=CN=CC=C3)=C(C)C=C2)=C1)C(F)(F)F,8.22
4,CHEMBL3261118,CCC(=O)Nc1cccc(c1)n2nc(cc2NC(=O)Nc3ccc(OCCN4CCOCC4)c5ccccc35)C(C)(C)C,7.54
5,CHEMBL1908391,CN1CCN(Cc2ccc(cc2)C(=O)Nc3ccc(C)c(Nc4nc(cs4)c5cccnc5)c3)CC1,7.59
6,CHEMBL253969,NC(=O)c1c(NC(=O)NCCCCN2CCCC2)snc1OCc3c(F)cc(Br)cc3F,7.62
7,CHEMBL103667,Cc1ccc(cc1)n2nc(cc2NC(=O)Nc3ccc(OCCN4CCOCC4)c5ccccc35)C(C)(C)C,7.68
8,CHEMBL344800,CC(C)(C)c1cc(NC(=O)Nc2ccc(OCCN3CCOCC3)c4ccccc24)n(n1)c5cccc(N)c5,7.7
9,CHEMBL3422261,CNC(=O)c1cc(Oc2ccc(CNC(=O)Nc3cc(ccc3OC4CCNCC4)C(F)(F)F)cc2)ccn1,7.7
10,CHEMBL1738943,Cc1ccc(cc1)n2nc(cc2NC(=O)Nc3nc(CCOCc4ccncc4)cs3)C(C)(C)C,7.72
11,CHEMBL2403816,CC(C)(C)c1cc(NC(=O)Nc2ccc(Nc3ncnc4ccccc34)cc2)n(n1)c5cccc(N)c5,7.75
12,CHEMBL2311806,Cc1cc(NC(=O)c2ccc(C)c(Nc3nccc(n3)c4cccnc4)c2)cc(c1)n5cnc(C)c5,7.76
13,CHEMBL498947,CC(C)(C)c1cc(NC(=O)Nc2ccc(Cl)cc2)n(n1)c3cccc(N)c3,7.82
14,CHEMBL3422260,CN1C=C(C=C(NC(=O)NCc2ccc(Oc3ccnc4NC(=O)NCc34)cc2)C1=O)C(F)(F)F,7.82
15,CHEMBL568875,Cc1cccc(c1)n2nc(cc2NC(=O)Nc3ccc(Cl)cc3)C(C)(C)C,7.82
16,CHEMBL2311807,Cc1cn(cn1)c2cc(F)cc(NC(=O)c3ccc(C)c(Nc4nccc(n4)c5cccnc5)c3)c2,7.85
17,CHEMBL386051,CSc1cccc(Nc2ncc3C=C(C(=O)N(C)c3n2)c4c(Cl)cccc4Cl)c1,7.92
18,CHEMBL574738,CCN1CCN(Cc2ccc(NC(=O)Nc3ccc(Oc4cc(NC)ncn4)cc3)cc2C(F)(F)F)CC1,7.96
19,CHEMBL3608786,Cc1ccc(CNC(=O)Nc2cccc(F)c2)cc1NC(=O)c3cnc4ccccn34,8.06
20,CHEMBL3608787,C[C@H](NC(=O)Nc1ccccc1)c2ccc(C)c(NC(=O)c3cnc4ccccn34)c2,8.09
21,CHEMBL3608785,Cc1ccc(CNC(=O)Nc2ccccc2)cc1NC(=O)c3cnc4ccccn34,8.09
22,CHEMBL1688861,CC(C)(N)c1cc(cc(c1)C(F)(F)F)C(=O)N[C@@H]2CCc3ccc(Oc4ccnc5NC(=O)CCc45)cc3C2,8.16
23,CHEMBL3422262,CN(C)CCOc1cc(Cl)c(C)cc1NC(=O)NCc2ccc(Oc3ccnc(NC(=O)C)c3)c(C)c2,8.22
24,CHEMBL3608791,C[C@H](Nc1oc2ccc(F)cc2n1)c3ccc(C)c(NC(=O)c4cnc5ccccn45)c3,8.22
25,CHEMBL2336005,Oc1cccc(Nc2ccnc3cc(sc23)c4cccc(CN5CCOCC5)c4)c1,8.22
26,CHEMBL3608790,C[C@H](NC(=O)c1cccc(c1)C(F)(F)F)c2ccc(C)c(NC(=O)c3cnc4ccccn34)c2,8.24
27,CHEMBL3608789,C[C@H](NC(=O)Nc1cccc(F)c1)c2ccc(C)c(NC(=O)c3cnc4ccccn34)c2,8.35
28,CHEMBL1230609,COc1cc2c(Oc3ccc(NC(=O)C4(CC4)C(=O)Nc5ccc(F)cc5)cc3F)ccnc2cc1OCCCN6CCOCC6,8.44
29,CHEMBL1688860,CN(C)Cc1cc(cc(c1)C(F)(F)F)C(=O)N[C@@H]2CCc3ccc(Oc4ccnc5NC(=O)CCc45)cc3C2,8.59
30,CHEMBL2403875,CC(C)(C)c1cc(NC(=O)Nc2cccc(Nc3ncnc4ccccc34)c2)n(n1)c5cccc(N)c5,8.7
31,CHEMBL2336015,CCc1ccc(cc1C#Cc2cnc3ccnn3c2)C(=O)Nc4cc(CN5CCN(C)CC5)cc(c4)C(F)(F)F,9.22
