,molecule_chembl_id,canonical_smiles,pchembl_value
0,CHEMBL3589666,COc1ccc2c(c1)nc(C(=O)O)c3c4cccc(Br)c4[nH]c23,7.64
1,CHEMBL603469,C[C@]12O[C@H](C[C@]1(O)CO)n3c4ccccc4c5c6C(=O)NCc6c7c8ccccc8n2c7c35,7.66
2,CHEMBL3589661,OC(=O)c1nc2ccccc2c3[nH]c4c(Br)cccc4c13,7.8
11,CHEMBL265470,CC(=O)O.OC(=O)c1ccc2c3nc4ccccc4n3C(=O)c5cccc1c25,6.02
12,CHEMBL191384,N#C\C(=C/1\Nc2ccccc2S1)\c3ccnc(NCCc4cccnc4)n3,6.52
13,CHEMBL269538,COc1ccc2c(c1)[nH]c3c(C)nccc23,6.05
95,CHEMBL37139,COc1ccc(\C=C\c2ccc3ccc(C(=O)O)c(O)c3n2)cc1O,5.96
96,CHEMBL81714,OC(=O)c1ccc2ccc(nc2c1O)C(=O)NCc3ccc(O)cc3O,5.2
108,CHEMBL535,CCN(CC)CCNC(=O)c1c(C)[nH]c(\C=C\2/C(=O)Nc3ccc(F)cc23)c1C,6.17
117,CHEMBL1474834,CN(Cc1csc(C)n1)c2ncnc3ccc(cc23)c4ccc5OCOc5c4,6.32
120,CHEMBL1803079,CCCNC1=N\C(=C/c2ccc3OCOc3c2)\C(=O)N1,6.92
121,CHEMBL1803080,CCCNC1=N\C(=C/c2ccc3OCOc3c2)\C(=O)N1CCC,5.68
123,CHEMBL1803082,CCNC1=N\C(=C/c2ccc3OCOc3c2)\C(=O)N1,6.8
124,CHEMBL1803083,O=C1NC(=N/C/1=C\c2ccc3OCOc3c2)NCC4CC4,7.33
125,CHEMBL1803084,Cc1ccc(NC2=N\C(=C/c3ccc4OCOc4c3)\C(=O)N2)cc1,7.22
126,CHEMBL1803085,Oc1ccc(NC2=N\C(=C/c3ccc4OCOc4c3)\C(=O)N2)cc1,7.22
127,CHEMBL1802355,COc1ccc(NC2=N\C(=C/c3ccc4OCOc4c3)\C(=O)N2)cc1,7.1
128,CHEMBL1802356,O=C1NC(=N/C/1=C\c2ccc3OCOc3c2)Nc4ccc5OCOc5c4,7.4
129,CHEMBL1802357,O=C1NC(=N/C/1=C\c2ccc3OCOc3c2)Nc4ccc5OCCOc5c4,6.96
130,CHEMBL1802358,O=C1NC(=N/C/1=C\c2ccc3OCOc3c2)Nc4ccccc4,7.46
135,CHEMBL485053,CN1C(=N\C(=C/c2ccc3OCOc3c2)\C1=O)N,5.82
137,CHEMBL1802841,CNC1=N\C(=C/c2ccc3OCOc3c2)\C(=O)N1C,5.66
138,CHEMBL1802842,CCNC1=N\C(=C/c2ccc3OCOc3c2)\C(=O)N1C,6.19
139,CHEMBL1802843,CCCNC1=N\C(=C/c2ccc3OCOc3c2)\C(=O)N1C,6.26
140,CHEMBL1802844,CC(C)NC1=N\C(=C/c2ccc3OCOc3c2)\C(=O)N1C,6.28
141,CHEMBL1802845,CCCCNC1=N\C(=C/c2ccc3OCOc3c2)\C(=O)N1C,6.22
142,CHEMBL1802846,CC(C)CNC1=N\C(=C/c2ccc3OCOc3c2)\C(=O)N1C,6.68
143,CHEMBL1802847,CC(C)CCNC1=N\C(=C/c2ccc3OCOc3c2)\C(=O)N1C,6.25
144,CHEMBL1802848,CN1C(=N\C(=C/c2ccc3OCOc3c2)\C1=O)NCC=C,6.21
145,CHEMBL1802849,CN1C(=N\C(=C/c2ccc3OCOc3c2)\C1=O)NCC4CC4,6.47
146,CHEMBL1802850,CN1C(=N\C(=C/c2ccc3OCOc3c2)\C1=O)NC4CCCC4,5.22
147,CHEMBL1802851,CN1C(=N\C(=C/c2ccc3OCOc3c2)\C1=O)NCCO,5.0
148,CHEMBL1802852,COCCNC1=N\C(=C/c2ccc3OCOc3c2)\C(=O)N1C,6.11
149,CHEMBL1802853,CN1C(=N\C(=C/c2ccc3OCOc3c2)\C1=O)NCCCO,6.33
150,CHEMBL1802854,CN1C(=N\C(=C/c2ccc3OCOc3c2)\C1=O)NCCCCCO,5.7
151,CHEMBL1802855,CN1C(=N\C(=C/c2ccc3OCOc3c2)\C1=O)NCCN4CCOCC4,5.8
152,CHEMBL1179821,CN1C(=N\C(=C/c2ccc3OCOc3c2)\C1=O)NCCN,6.15
153,CHEMBL1802856,CN1C(=N\C(=C/c2ccc3OCOc3c2)\C1=O)NC(=O)C,5.29
154,CHEMBL1802857,CCOC(=O)C(=O)NC1=N\C(=C/c2ccc3OCOc3c2)\C(=O)N1C,5.19
155,CHEMBL1803067,CN1C(=N\C(=C/c2ccc3OCOc3c2)\C1=O)NCc4ccccc4,6.25
156,CHEMBL1803068,CN1C(=N\C(=C/c2ccc3OCOc3c2)\C1=O)NCc4ccc5OCOc5c4,5.48
157,CHEMBL1803069,CN1C(=N\C(=C/c2ccc3OCOc3c2)\C1=O)Nc4ccccc4,6.34
158,CHEMBL1803070,CN1C(=N\C(=C/c2ccc3OCOc3c2)\C1=O)Nc4ccc(O)cc4,5.96
159,CHEMBL1803071,COc1ccc(NC2=N\C(=C/c3ccc4OCOc4c3)\C(=O)N2C)cc1,6.29
160,CHEMBL1803072,CN1C(=N\C(=C/c2ccc3OCOc3c2)\C1=O)Nc4ccc5OCOc5c4,7.0
161,CHEMBL1803073,CN1C(=N\C(=C/c2ccc3OCOc3c2)\C1=O)Nc4ccc5OCCOc5c4,6.92
166,CHEMBL1721885,Cc1[nH]c(\C=C\2/C(=O)Nc3ccc(F)cc23)c(C)c1C(=O)NC[C@H](O)CN4CCOCC4,5.89
168,CHEMBL601719,C[C@@H](Oc1cc(cnc1N)c2cnn(c2)C3CCNCC3)c4c(Cl)ccc(F)c4Cl,5.4
173,CHEMBL1789941,N#CC[C@H](C1CCCC1)n2cc(cn2)c3ncnc4[nH]ccc34,5.43
179,CHEMBL230011,Nc1nc(N)c2nc(c3cccc(O)c3)c(nc2n1)c4cccc(O)c4,5.25
181,CHEMBL553,COCCOc1cc2ncnc(Nc3cccc(c3)C#C)c2cc1OCCOC,5.89
183,CHEMBL1230020,CCCS(=O)(=O)Nc1ccc(F)c(C(=O)c2c[nH]c3ncc(Cl)cc23)c1F,5.57
185,CHEMBL1173655,CN(C)C\C=C\C(=O)Nc1cc2c(Nc3ccc(F)c(Cl)c3)ncnc2cc1O[C@H]4CCOC4,5.75
186,CHEMBL1230609,COc1cc2c(Oc3ccc(NC(=O)C4(CC4)C(=O)Nc5ccc(F)cc5)cc3F)ccnc2cc1OCCCN6CCOCC6,5.7
187,CHEMBL1908397,O=C(N1CCNCC1)c2ccc(\C=C\c3n[nH]c4ccccc34)cc2,6.41
188,CHEMBL1241674,CC(C)n1nc(c2cc3cc(O)ccc3[nH]2)c4c(N)ncnc14,7.23
190,CHEMBL379218,Cc1n[nH]c2ccc(cc12)c3cncc(OC[C@@H](N)Cc4ccccc4)c3,7.2
201,CHEMBL296468,CC(C)(C)c1oc(CSc2cnc(NC(=O)C3CCNCC3)s2)nc1,5.77
202,CHEMBL521851,CS(=O)(=O)N1CCN(Cc2cc3nc(nc(N4CCOCC4)c3s2)c5cccc6[nH]ncc56)CC1,5.12
203,CHEMBL475251,COc1cc(Nc2ncc(F)c(Nc3ccc4OC(C)(C)C(=O)Nc4n3)n2)cc(OC)c1OC,6.33
218,CHEMBL522892,CN1CCN(CC1)c2ccc3nc([nH]c3c2)C4=C(N)c5c(F)cccc5NC4=O,5.22
222,CHEMBL574738,CCN1CCN(Cc2ccc(NC(=O)Nc3ccc(Oc4cc(NC)ncn4)cc3)cc2C(F)(F)F)CC1,6.68
227,CHEMBL445813,Clc1cccc(Cl)c1C(=O)Nc2c[nH]nc2C(=O)NC3CCNCC3,5.27
228,CHEMBL31965,Fc1ccc(Nc2ncnc3cc(OCCCN4CCOCC4)c(NC(=O)C=C)cc23)cc1Cl,5.17
234,CHEMBL388978,CN[C@@H]1C[C@H]2O[C@@](C)([C@@H]1OC)n3c4ccccc4c5c6CNC(=O)c6c7c8ccccc8n2c7c35,6.6
1001,CHEMBL2012567,COc1cccc2c1c3ccnc(C)c3n2CCCCN,5.16
1002,CHEMBL2012568,COc1ccc2c(c1)c3ccnc(C)c3n2CCCCN,5.31
1004,CHEMBL2012570,Cc1nccc2c3cc4OCOc4cc3n(CCCCN)c12,5.32
1005,CHEMBL2012571,COc1ccc2c3ccnc(C)c3n(CCCCN)c2c1Cl,5.1
1008,CHEMBL2012574,COc1ccc2c3ccnc(c3n(CCCCN)c2c1)C(F)(F)F,4.82
1009,CHEMBL2012575,NCCCCn1c2cc(O)ccc2c3ccnc(c13)C(F)(F)F,5.07
1012,CHEMBL486817,CC1=C2NC3=CC(=O)C=CC3=C2C=CN1,5.82
1375,CHEMBL2321959,O\N=C/1\C(=C/2\C(=O)Nc3ccccc23)\Nc4cc(ccc14)C(=O)O,5.72
1376,CHEMBL2321968,OC(=O)c1ccc2N\C(=C\3/C(=O)Nc4ccccc34)\C(=O)c2c1,5.75
1377,CHEMBL2321962,O\N=C/1\C(=C/2\C(=O)Nc3c(Br)cccc23)\Nc4cc(ccc14)C(=O)O,5.77
1378,CHEMBL2321945,OC(=O)c1ccc2C(=O)\C(=C/3\C(=O)Nc4c(Br)cccc34)\Nc2c1,5.89
1379,CHEMBL373834,Oc1[nH]c2c(Br)cccc2c1c3[nH]c4ccccc4c3N=O,5.89
1380,CHEMBL2321974,OC(=O)c1ccc2C(=O)\C(=C/3\C(=O)Nc4ccccc34)\Nc2c1,5.96
1381,CHEMBL2321952,O\N=C/1\C(=C/2\C(=O)Nc3ccccc23)\Nc4ccc(cc14)C(=O)O,6.46
1382,CHEMBL2321958,CN1C(=O)\C(=C/2\C(\c3c(N2)ccc(c3)C(=O)O)=N\O)\c4cccc(Br)c14,6.66
1383,CHEMBL1233659,O\N=C/1\C(=C/2\C(=O)Nc3c(Br)cccc23)\Nc4ccc(cc14)C(=O)O,6.89
1391,CHEMBL3092863,NCCOCCOCCOCCOc1ccc(NC2=N\C(=C/c3ccc4OCOc4c3)\C(=O)N2)cc1,6.89
1392,CHEMBL3092862,NCCOCCOCCOc1ccc(NC2=N\C(=C/c3ccc4OCOc4c3)\C(=O)N2)cc1,6.82
1400,CHEMBL3297832,COc1c(O)ccc2C(=O)c3c(O)cc4OC(C)(C)C=Cc4c3Nc12,5.77
1443,CHEMBL3589660,OC(=O)c1nc2ccccc2c3[nH]c4c(Cl)cccc4c13,7.4
1446,CHEMBL3589664,COc1ccc2c(c1)nc(C(=O)O)c3c4cccc(F)c4[nH]c23,5.1
1447,CHEMBL3589665,COc1ccc2c(c1)nc(C(=O)O)c3c4cccc(Cl)c4[nH]c23,7.48
1452,CHEMBL3589671,OC(=O)c1nc2ccc(I)cc2c3[nH]c4c(Cl)cccc4c13,6.66
1453,CHEMBL3589672,OC(=O)c1nc2ccc(I)cc2c3[nH]c4c(Br)cccc4c13,6.89
1454,CHEMBL3589674,COc1cccc(c1)c2ccc3nc(C(=O)O)c4c5cccc(Cl)c5[nH]c4c3c2,7.1
1456,CHEMBL3133762,Nc1nccc(n1)c2cn(C(=O)N3CCOCC3)c4ccc(Br)cc24,5.85
1457,CHEMBL3597991,c1cncc(c1)c2csc(c2)c3cncs3,7.4
1461,CHEMBL3735506,COCCN1CCC(CNC(=O)c2n[nH]c3ccc(cc23)c4cccc(F)c4F)CC1,6.28
1464,CHEMBL568150,O=C1NC(=O)\C(=C\c2ccc3nccnc3c2)\S1,7.0
1466,CHEMBL3775754,O=C1NC(=S)N/C/1=C\c2ccc3ncsc3c2,5.82
1467,CHEMBL3774448,O=C1NC(=S)S/C/1=C\c2ccc3ncccc3c2,7.22
1468,CHEMBL3775393,O=C1NC(=S)S/C/1=C\c2ccc3ncsc3c2,6.7
1469,CHEMBL3774830,O=C1NC(=S)S/C/1=C\c2ccc3OCCc3c2,6.0
1471,CHEMBL3774667,COc1ccc(\C=C\2/NC(=O)SC2=O)cc1,5.04
1475,CHEMBL3193172,O=C1OCC/C/1=C\c2ccc3OCOc3c2,6.0
1476,CHEMBL3774696,O=C1OCC/C/1=C\c2ccc3OCCOc3c2,5.69
1477,CHEMBL3774704,O=C1OCC/C/1=C\c2ccc3ncsc3c2,7.22
1478,CHEMBL3775111,CC1C\C(=C/c2ccc3OCCc3c2)\C(=O)O1,6.37
1479,CHEMBL3775821,O=C1OCC/C/1=C\c2ccc3OCCc3c2,6.09
1487,CHEMBL3103192,CN(CCN)c1ccc(Nc2cc(NC3CC3)n4ncc(C#N)c4n2)cc1NC(=O)C,7.4
