,molecule_chembl_id,canonical_smiles,pchembl_value
0,CHEMBL3092863,NCCOCCOCCOCCOc1ccc(NC2=N\C(=C/c3ccc4OCOc4c3)\C(=O)N2)cc1,7.55
1,CHEMBL1436585,C(Nc1ncnc2ccc(cc12)c3ccc4OCOc4c3)C5CCOC5,7.57
2,CHEMBL567331,C(Nc1ncnc2ccc(cc12)c3ccc4OCOc4c3)c5cccs5,7.57
3,CHEMBL2386759,NC(=O)c1nc2ccc3ncnc(Nc4ccc(F)cc4Br)c3c2s1,7.58
4,CHEMBL1704879,CN(Cc1nc(C)cs1)c2ncnc3ccc(cc23)c4ccc5OCOc5c4,7.59
5,CHEMBL1898197,Clc1ccc(CNc2nccc(n2)c3ccc4OCOc4c3)cc1Cl,7.59
6,CHEMBL1885536,C1Oc2ccc(Nc3nccc(n3)c4ccc5OCOc5c4)cc2O1,7.6
7,CHEMBL384304,COc1ccc(F)c(F)c1C(=O)c2cnc(NC3CCN(CC3)S(=O)(=O)C)nc2N,7.64
8,CHEMBL3589665,COc1ccc2c(c1)nc(C(=O)O)c3c4cccc(Cl)c4[nH]c23,7.64
9,CHEMBL3589667,COc1ccc2c(c1)nc(C(=O)O)c3c4cccc(I)c4[nH]c23,7.66
10,CHEMBL3094448,COc1ncc2C=C(C(=O)Nc3cc(ccc3Cl)C(=O)NCc4cccc(Cl)c4)C(=O)Nc2n1,7.66
11,CHEMBL1802358,O=C1NC(=N/C/1=C\c2ccc3OCOc3c2)Nc4ccccc4,7.68
12,CHEMBL603469,C[C@]12O[C@H](C[C@]1(O)CO)n3c4ccccc4c5c6C(=O)NCc6c7c8ccccc8n2c7c35,7.7
13,CHEMBL3774448,O=C1NC(=S)S/C/1=C\c2ccc3ncccc3c2,7.7
14,CHEMBL3589661,OC(=O)c1nc2ccccc2c3[nH]c4c(Br)cccc4c13,7.7
15,CHEMBL2386769,COC(=N)c1nc2ccc3ncnc(Nc4ccc(cc4)C(F)(F)F)c3c2s1,7.74
16,CHEMBL3589666,COc1ccc2c(c1)nc(C(=O)O)c3c4cccc(Br)c4[nH]c23,7.75
17,CHEMBL1904905,Clc1ccc(CNc2nccc(n2)c3ccc4OCCOc4c3)cc1Cl,7.75
18,CHEMBL1551169,CC(C)(C)CNc1ncnc2ccc(cc12)c3ccc4OCOc4c3,7.77
19,CHEMBL3094456,COc1ncc2C=C(C(=O)Nc3cc(ccc3Cl)C(=O)NC(CCCN)c4ccccc4)C(=O)Nc2n1,7.82
20,CHEMBL1474834,CN(Cc1csc(C)n1)c2ncnc3ccc(cc23)c4ccc5OCOc5c4,7.85
21,CHEMBL2386751,COC(=N)c1nc2ccc3ncnc(Nc4cccc(Cl)c4)c3c2s1,7.87
22,CHEMBL2386761,COC(=N)c1nc2ccc3ncnc(Nc4ccc(OC)cc4)c3c2s1,7.88
23,CHEMBL3094435,CN1CCN(CCNc2ncc3C=C(C(=O)Nc4cc(ccc4Cl)C(=O)NC(CCN)c5ccccc5)C(=O)Nc3n2)CC1,7.89
24,CHEMBL408982,CCN1\C(=C\C(=O)C)\Sc2ccc(OC)cc12,7.92
25,CHEMBL3094462,COc1ncc2C=C(C(=O)Nc3cc(ccc3Cl)C(=O)NC(CCN)c4cccc(Cl)c4)C(=O)Nc2n1,7.92
26,CHEMBL2392365,Brc1cc(Br)cc(CNc2nccc(n2)c3ccc4OCOc4c3)c1,7.96
27,CHEMBL1868723,FC(F)(F)c1cccc(Nc2nccc(n2)c3ccc4OCOc4c3)c1,8.0
28,CHEMBL2386743,COC(=N)c1nc2ccc3ncnc(Nc4ccc(OC)cc4OC)c3c2s1,8.02
29,CHEMBL3094455,COc1ncc2C=C(C(=O)Nc3cc(ccc3Cl)C(=O)NC(CCN)c4ccccc4)C(=O)Nc2n1,8.05
30,CHEMBL3094460,COc1ncc2C=C(C(=O)Nc3cc(ccc3Cl)C(=O)N[C@H](CCN)c4ccccc4)C(=O)Nc2n1,8.05
31,CHEMBL3094436,NCCC(NC(=O)c1ccc(Cl)c(NC(=O)C2=Cc3cnc(nc3NC2=O)N4CCC(N)CC4)c1)c5ccccc5,8.05
32,CHEMBL2386752,COC(=N)c1nc2ccc3ncnc(Nc4ccc(O)c(F)c4)c3c2s1,8.06
33,CHEMBL3094454,COc1ncc2C=C(C(=O)Nc3cc(ccc3Cl)C(=O)NC(CN)c4ccccc4)C(=O)Nc2n1,8.1
34,CHEMBL1877990,C(Nc1nccc(n1)c2ccc3OCOc3c2)c4cccnc4,8.16
35,CHEMBL2386754,CCOC(=N)c1nc2ccc3ncnc(Nc4ccc5OCOc5c4)c3c2s1,8.22
36,CHEMBL3094434,CN1CCN(CCCNc2ncc3C=C(C(=O)Nc4cc(ccc4Cl)C(=O)NC(CCN)c5ccccc5)C(=O)Nc3n2)CC1,8.22
37,CHEMBL2386765,COC(=N)c1nc2ccc3ncnc(Nc4ccc(F)cc4)c3c2s1,8.22
38,CHEMBL3589662,OC(=O)c1nc2ccccc2c3[nH]c4c(I)cccc4c13,8.22
39,CHEMBL2386760,COC(=O)c1nc2ccc3ncnc(Nc4ccc(Cl)cc4Cl)c3c2s1,8.29
40,CHEMBL3094437,NCCC(NC(=O)c1ccc(Cl)c(NC(=O)C2=Cc3cnc(nc3NC2=O)N4CC5CCC(C4)O5)c1)c6ccccc6,8.3
41,CHEMBL2386749,COC(=N)c1nc2ccc3ncnc(Nc4ccc(O)c(c4)[N+](=O)[O-])c3c2s1,8.31
42,CHEMBL388978,CN[C@@H]1C[C@H]2O[C@@](C)([C@@H]1OC)n3c4ccccc4c5c6CNC(=O)c6c7c8ccccc8n2c7c35,8.4
43,CHEMBL2392364,Clc1cc(Cl)cc(CNc2nccc(n2)c3ccc4OCOc4c3)c1,8.4
44,CHEMBL2386766,COC(=N)c1nc2ccc3ncnc(Nc4ccc(cc4)C#N)c3c2s1,8.41
45,CHEMBL2386770,COC(=N)c1nc2ccc3ncnc(Nc4ccc(F)cc4Br)c3c2s1,8.44
46,CHEMBL379218,Cc1n[nH]c2ccc(cc12)c3cncc(OC[C@@H](N)Cc4ccccc4)c3,8.68
47,CHEMBL2386763,COC(=N)c1nc2ccc3ncnc(Nc4ccccc4)c3c2s1,8.74
48,CHEMBL2386753,COC(=N)c1nc2ccc3ncnc(Nc4ccc5OCOc5c4)c3c2s1,8.78
49,CHEMBL2386762,COC(=N)c1nc2ccc3ncnc(Nc4ccc(Cl)cc4)c3c2s1,8.95
50,CHEMBL2386746,COC(=N)c1nc2ccc3ncnc(Nc4ccc(F)cc4Cl)c3c2s1,9.0
51,CHEMBL2386764,COC(=N)c1nc2ccc3ncnc(Nc4ccc(C)cc4)c3c2s1,9.01
52,CHEMBL2386748,COC(=N)c1nc2ccc3ncnc(Nc4ccc(F)cc4F)c3c2s1,9.03
53,CHEMBL2386745,COC(=N)c1nc2ccc3ncnc(Nc4ccc(F)cc4OC)c3c2s1,9.44
54,CHEMBL2386747,COC(=N)c1nc2ccc3ncnc(Nc4ccc(Cl)cc4Cl)c3c2s1,9.66
55,CHEMBL2386744,COC(=N)c1nc2ccc3ncnc(Nc4ccc(Br)cc4F)c3c2s1,9.8
