,molecule_chembl_id,canonical_smiles,pchembl_value
0,CHEMBL386051,CSc1cccc(Nc2ncc3C=C(C(=O)N(C)c3n2)c4c(Cl)cccc4Cl)c1,7.59
1,CHEMBL388978,CN[C@@H]1C[C@H]2O[C@@](C)([C@@H]1OC)n3c4ccccc4c5c6CNC(=O)c6c7c8ccccc8n2c7c35,7.8
2,CHEMBL3407850,CNc1ncc2ccc(Oc3cc(ccc3N)C(=O)C4=C(N(C)N(C4=O)c5ccccc5)c6ccccc6)cc2n1,7.92
3,CHEMBL3407851,CNc1ncc2ccc(Oc3cc(ccc3Cl)C(=O)C4=C(N(C)N(C4=O)c5ccccc5)c6ccccc6)cc2n1,8.0
4,CHEMBL3407849,CNc1ncc2ccc(Oc3cc(ccc3C)C(=O)C4=C(N(C)N(C4=O)c5ccccc5)c6ccccc6)cc2n1,8.3
5,CHEMBL603469,C[C@]12O[C@H](C[C@]1(O)CO)n3c4ccccc4c5c6C(=O)NCc6c7c8ccccc8n2c7c35,8.39
6,CHEMBL475251,COc1cc(Nc2ncc(F)c(Nc3ccc4OC(C)(C)C(=O)Nc4n3)n2)cc(OC)c1OC,8.48
