,molecule_chembl_id,canonical_smiles,pchembl_value
0,dasatinib,CC1=NC(NC2=NC=C(S2)C(=O)NC2=C(C)C=CC=C2Cl)=CC(=N1)N1CCN(CCO)CC1,9.47
1,bosutinib,COc1cc(Nc2c(cnc3cc(OCCCN4CCN(C)CC4)c(OC)cc23)C#N)c(Cl)cc1Cl,8.04
2,CHEMBL1270075,CN(C)C(=O)c1cccc(Nc2nccc(n2)N(C)c3cccc4[nH]ncc34)c1,7.54
3,CHEMBL1762523,CN(c1cccc(C)c1)c2ccnc(Nc3cc(cc(c3)N4CCOCC4)N5CCOCC5)n2,7.55
4,CHEMBL1762538,CN(c1ccnc(Nc2cc(cc(c2)N3CCOCC3)N4CCCOCC4)n1)c5cc(CO)ccc5C,7.55
5,CHEMBL1762522,CN(c1ccnc(Nc2cc(cc(c2)N3CCOCC3)N4CCOCC4)n1)c5ccccc5C,7.55
6,CHEMBL1762534,COc1cccc(n1)N(C)c2ccnc(Nc3cc(cc(c3)N4CCOCC4)N5CCOCC5)n2,7.55
7,CHEMBL1762536,CN(c1ccnc(Nc2cc(cc(c2)N3CCOCC3)N4CCCC4)n1)c5cc(CO)ccc5C,7.57
8,CHEMBL1080639,COc1ccc(Br)cc1NC(=O)Nc2cccc(c2)c3cn4ccnc4c(NCc5ccncc5)n3,7.59
9,CHEMBL1762541,CN(c1ccnc(Nc2cc(CN3CCOCC3)cc(c2)N4CCOCC4)n1)c5cc(CO)ccc5C,7.6
10,CHEMBL445162,CS(=O)(=O)c1cccc(Nc2nccc(Nc3c(Cl)ccc4OCOc34)n2)c1,7.6
11,CHEMBL1270378,CN(c1ccnc(Nc2cc(nc(n2)N3CCOCC3)N4CCOCC4)n1)c5cccc6[nH]ncc56,7.62
12,CHEMBL3321818,NC(=O)c1c(N)n(c2cc(ccc2F)C(=O)Nc3cccc(c3)C(F)(F)F)c4nc5ccccc5nc14,7.62
13,CHEMBL1762543,CN(c1ccnc(Nc2cc(OC3CCOCC3)cc(c2)N4CCOCC4)n1)c5cc(CO)ccc5C,7.64
14,CHEMBL497195,CS(=O)(=O)c1cc(Nc2nccc(Nc3c(Cl)ccc4OCOc34)n2)cc(c1)C(=O)N,7.64
15,CHEMBL1269964,CN(c1ccnc(Nc2cccc(CO)c2)n1)c3cccc4[nH]ncc34,7.68
16,CHEMBL1762527,COc1ccc(C)c(c1)N(C)c2ccnc(Nc3cc(cc(c3)N4CCOCC4)N5CCOCC5)n2,7.68
17,CHEMBL3321817,Cc1ccc(cc1n2c(N)c(C(=O)N)c3nc4ccccc4nc23)C(=O)Nc5cccc(c5)C(F)(F)F,7.68
18,CHEMBL241517,Nc1ncc(c2cccc(c2)S(=O)(=O)N)c3scc(c4ccc(F)c(Cl)c4)c13,7.68
19,CHEMBL3321811,NC(=O)c1c(N)n(c2cccc(NC(=O)c3cccc(c3)C(F)(F)F)c2)c4nc5ccccc5nc14,7.7
20,CHEMBL3321816,NC(=O)c1c(N)n(c2cccc(c2)C(=O)Nc3cccc(c3)C(F)(F)F)c4nc5ccccc5nc14,7.7
21,CHEMBL1762526,CN(c1ccnc(Nc2cc(cc(c2)N3CCOCC3)N4CCOCC4)n1)c5cc(C)ccc5C,7.72
22,CHEMBL1241676,Nc1ncnc2c1c(nn2C3CCCC3)c4ccc(Cl)c(O)c4,7.75
23,CHEMBL1242285,CC(C)n1nc(c2cc(O)cc(Br)c2)c3c(N)ncnc13,7.77
24,CHEMBL1762521,CN(c1ccccc1)c2ccnc(Nc3cc(cc(c3)N4CCOCC4)N5CCOCC5)n2,7.77
25,CHEMBL1762542,CN(c1ccnc(Nc2cc(cc(c2)C(=O)N3CCOCC3)N4CCOCC4)n1)c5cc(CO)ccc5C,7.77
26,CHEMBL468970,Clc1ccc2OCOc2c1Nc3ccnc(Nc4cc(cc(c4)N5CCOCC5)N6CCOCC6)n3,7.77
27,CHEMBL400402,Cc1cc(cc2nnc(Nc3ccc(OCCN4CCCC4)cc3)nc12)c5cc(O)ccc5Cl,7.8
28,CHEMBL1762551,CN(c1ccnc(Nc2cc(nc(n2)N3CCOCC3)N4CCOCC4)n1)c5cc(CO)ccc5C,7.82
29,CHEMBL496968,CS(=O)(=O)Nc1cc(Nc2nccc(Nc3c(Cl)ccc4OCOc34)n2)cc(NS(=O)(=O)C)c1,7.82
30,CHEMBL3321813,NC(=O)c1c(N)n(c2cc(NC(=O)c3cccc(c3)C(F)(F)F)ccc2F)c4nc5ccccc5nc14,7.82
31,CHEMBL2333602,CCCCn1c(cn2c3C(=O)NC(=O)N(C)c3nc12)c4cc(ccc4C)c5cccc6[nH]ncc56,7.85
32,CHEMBL1762547,CCN(c1ccnc(Nc2cc(cc(c2)N3CCOCC3)N4CCOCC4)n1)c5cc(CO)ccc5C,7.85
33,CHEMBL1762550,CN(c1ccnc(Nc2cc(nc(c2)N3CCOCC3)N4CCOCC4)n1)c5cc(CO)ccc5C,7.85
34,CHEMBL3321812,Cc1ccc(NC(=O)c2cccc(c2)C(F)(F)F)cc1n3c(N)c(C(=O)N)c4nc5ccccc5nc34,7.85
35,CHEMBL241681,Nc1ncc(c2ccccc2)c3occ(c4ccc(NC(=O)Nc5cc(ccc5F)C(F)(F)F)cc4)c13,7.85
36,CHEMBL1762548,CC(C)N(c1ccnc(Nc2cc(cc(c2)N3CCOCC3)N4CCOCC4)n1)c5cc(CO)ccc5C,7.89
37,CHEMBL1762531,CN(c1ccc(Cl)c(CO)c1)c2ccnc(Nc3cc(cc(c3)N4CCOCC4)N5CCOCC5)n2,7.89
38,CHEMBL1270182,CN(c1ccnc(Nc2cccc(NS(=O)(=O)C)c2)n1)c3cccc4[nH]ncc34,7.89
39,CHEMBL1762533,COc1ccnc(c1)N(C)c2ccnc(Nc3cc(cc(c3)N4CCOCC4)N5CCOCC5)n2,7.89
40,CHEMBL517720,NC(=O)c1cc(Nc2nccc(Nc3c(Cl)ccc4OCOc34)n2)cc(c1)N5CCOCC5,7.89
41,CHEMBL1762524,CN(c1cccc(Cl)c1)c2ccnc(Nc3cc(cc(c3)N4CCOCC4)N5CCOCC5)n2,7.92
42,CHEMBL1762530,CN(c1ccnc(Nc2cc(cc(c2)N3CCOCC3)N4CCOCC4)n1)c5cc(CO)ccc5C,7.92
43,CHEMBL1762549,COCCN(c1ccnc(Nc2cc(cc(c2)N3CCOCC3)N4CCOCC4)n1)c5cc(CO)ccc5C,7.92
44,CHEMBL1230609,COc1cc2c(Oc3ccc(NC(=O)C4(CC4)C(=O)Nc5ccc(F)cc5)cc3F)ccnc2cc1OCCCN6CCOCC6,7.92
45,CHEMBL523088,CS(=O)(=O)Nc1cc(Nc2nccc(Nc3c(Cl)ccc4OCOc34)n2)cc(c1)S(=O)(=O)C,7.92
46,CHEMBL386051,CSc1cccc(Nc2ncc3C=C(C(=O)N(C)c3n2)c4c(Cl)cccc4Cl)c1,7.92
47,CHEMBL1271187,C1CN(CCO1)c2cc(Nc3nccc(Nc4cccc5[nH]ncc45)n3)cc(c2)N6CCOCC6,7.96
48,CHEMBL1762537,CN(c1ccnc(Nc2cc(cc(c2)N3CCOCC3)N4CCCCC4)n1)c5cc(CO)ccc5C,7.96
49,CHEMBL1762546,CN(c1ccnc(Nc2cc(cc(c2)S(=O)(=O)C)N3CCOCC3)n1)c4cc(CO)ccc4C,7.96
50,CHEMBL1762528,CN(c1cccc(CO)c1)c2ccnc(Nc3cc(cc(c3)N4CCOCC4)N5CCOCC5)n2,8.0
51,CHEMBL1762525,COc1cccc(c1)N(C)c2ccnc(Nc3cc(cc(c3)N4CCOCC4)N5CCOCC5)n2,8.0
52,CHEMBL1269858,CN(c1ccnc(Nc2cc(cc(c2)N3CCOCC3)N4CCOCC4)n1)c5cccc6[nH]ncc56,8.05
53,CHEMBL1762544,COCCOc1cc(Nc2nccc(n2)N(C)c3cc(CO)ccc3C)cc(c1)N4CCOCC4,8.1
54,CHEMBL256101,Cc1cc(cc2nnc(Nc3ccc(OCC[N+]4([O-])CCCC4)cc3)nc12)c5c(Cl)cccc5Cl,8.14
55,CHEMBL1738764,CC(C)N(c1ccnc(Nc2cc(cc(c2)S(=O)(=O)C)N3CCOCC3)n1)c4cc(CO)ccc4C,8.16
56,CHEMBL1762540,CN(c1ccnc(Nc2cc(cc(c2)N3CCN(O)CC3)N4CCOCC4)n1)c5cc(CO)ccc5C,8.16
57,CHEMBL1762529,COc1cc(CO)cc(c1)N(C)c2ccnc(Nc3cc(cc(c3)N4CCOCC4)N5CCOCC5)n2,8.16
58,CHEMBL3321809,Cc1ccc(O)cc1n2c(N)c(C(=O)N)c3nc4ccccc4nc23,8.27
59,CHEMBL1270280,CN(c1ccnc(Nc2cc(nc(c2)N3CCOCC3)N4CCOCC4)n1)c5cccc6[nH]ncc56,8.3
60,CHEMBL1762545,COc1cc(Nc2nccc(n2)N(C)c3cc(CO)ccc3C)cc(c1)N4CCOCC4,8.3
61,CHEMBL566515,COc1ccccc1n2c(cn3c4C(=O)NC(=O)N(C)c4nc23)c5cc(O)ccc5C,8.3
62,CHEMBL3787112,Nc1ncnc2c1c(cn2[C@@H]3C[C@H](CN4CCC4)C3)c5cccc(O)c5,8.3
63,CHEMBL1762539,CN(c1ccnc(Nc2cc(cc(c2)N3CCN(C)CC3)N4CCOCC4)n1)c5cc(CO)ccc5C,8.4
64,CHEMBL459850,CN1C(=O)N(Cc2cnc(N)nc12)c3cc(NC(=O)c4cccc(c4)C(F)(F)F)ccc3C,8.4
65,CHEMBL1762535,COc1cncc(c1)N(C)c2ccnc(Nc3cc(cc(c3)N4CCOCC4)N5CCOCC5)n2,8.7
66,CHEMBL523744,CS(=O)(=O)Nc1cc(Nc2nccc(Nc3c(Cl)ccc4OCOc34)n2)cc(c1)N5CCOCC5,8.7
67,CHEMBL497198,CS(=O)(=O)c1cc(Nc2nccc(Nc3c(Cl)ccc4OCOc34)n2)cc(c1)N5CCOCC5,8.7
68,CHEMBL496760,CS(=O)(=O)Nc1cc(Nc2nccc(Nc3c(Cl)ccc4OCOc34)n2)cc(c1)S(=O)(=O)N,9.0
69,CHEMBL241682,Nc1ncc(c2cccc(c2)S(=O)(=O)N)c3occ(c4ccc(NC(=O)Nc5cc(ccc5F)C(F)(F)F)cc4)c13,9.4
