,molecule_chembl_id,canonical_smiles,pchembl_value
0,afatinib,CN(C)C\C=C\C(=O)NC1=CC2=C(C=C1O[C@H]1CCOC1)N=CN=C2NC1=CC(Cl)=C(F)C=C1,8.2
1,CHEMBL388978,CN[C@@H]1C[C@H]2O[C@@](C)([C@@H]1OC)n3c4ccccc4c5c6CNC(=O)c6c7c8ccccc8n2c7c35,7.55
2,bosutinib,COc1cc(Nc2c(cnc3cc(OCCCN4CCN(C)CC4)c(OC)cc23)C#N)c(Cl)cc1Cl,7.59
3,CHEMBL3357634,COc1cc2ncnc(Nc3ccc(F)c(Cl)c3)c2cc1NC(=O)\C(=C\CN(C)C)\F,7.64
4,CHEMBL30432,CN(C)c1cc2c(Nc3ccc4c(cnn4Cc5ccccc5)c3)ncnc2cn1,7.7
5,CHEMBL1090360,O=C(Cc1ccccc1)Nc2cccc(c2)c3nc4sccn4c3c5ccnc(Nc6cccc(c6)N7CCOCC7)n5,7.75
6,CHEMBL382073,CCN(CC)CCC#CC(=O)Nc1ccc2ncnc(Nc3ccc(F)c(Cl)c3)c2c1,7.8
7,CHEMBL31965,Fc1ccc(Nc2ncnc3cc(OCCCN4CCOCC4)c(NC(=O)C=C)cc23)cc1Cl,7.85
8,CHEMBL378144,Brc1cccc(Nc2ncnc3cnc(NC(=O)C#C)cc23)c1,7.89
9,CHEMBL285063,Brc1cccc(Nc2ncnc3ccc(NC(=O)C=C)cc23)c1,7.92
10,CHEMBL91867,CC#CC(=O)Nc1ccc2ncnc(Nc3cccc(Br)c3)c2c1,7.92
11,CHEMBL3092308,Fc1ccc(Nc2ncnc3cc(O[C@H]4CCOC4)c(NC(=O)NCCN5CCCC5)cc23)cc1Cl,7.92
12,CHEMBL380669,CC(C)N(CC#CC(=O)Nc1ccc2ncnc(Nc3ccc(F)c(Cl)c3)c2c1)C(C)C,7.96
13,CHEMBL1808264,CC(C)c1nc(c2ccc(F)c(NS(=O)(=O)c3c(F)cccc3F)c2)c(s1)c4ccnc(Nc5ccc(nc5)N6CCOCC6)n4,8.0
14,CHEMBL3092314,CCN(CC)CCCNC(=O)Nc1cc2c(Nc3ccc(F)c(Cl)c3)ncnc2cc1O[C@H]4CCOC4,8.1
15,CHEMBL202411,OCC#CC(=O)Nc1ccc2ncnc(Nc3ccc(F)c(Cl)c3)c2c1,8.14
16,CHEMBL202424,CCCCC#CC(=O)Nc1cc2c(Nc3ccc(F)c(Cl)c3)ncnc2cn1,8.15
17,CHEMBL202556,Fc1ccc(Nc2ncnc3cnc(NC(=O)C#CCN4CCOCC4)cc23)cc1Cl,8.21
18,CHEMBL3290142,Cc1ccc(NC(=O)c2cccc(c2)C(F)(F)F)cc1C(=O)Nc3cnc(Nc4cccc(NC(=O)C=C)c4)nc3,8.26
19,CHEMBL204085,Fc1ccc(Nc2ncnc3ccc(NC(=O)C#CCCN4CCOCC4)cc23)cc1Cl,8.37
20,CHEMBL3233767,Fc1ccc(Nc2ncnc3sc(NC(=O)C=C)cc23)cc1Cl,8.4
21,CHEMBL2035810,Nc1ncnc(Nc2ccc(OCc3ccccn3)c(Cl)c2)c1c4occ(CNC(=O)C=C)n4,8.4
22,CHEMBL3290148,Cc1ccc(NC(=O)c2cccc(c2)C(F)(F)F)cc1C(=O)Nc3cnc(Nc4cccc(NC(=O)CNC(=O)C=C)c4)nc3,8.48
23,CHEMBL203645,CCCC#CC(=O)Nc1cc2c(Nc3ccc(F)c(Cl)c3)ncnc2cn1,8.62
24,CHEMBL180022,CCOc1cc2ncc(C#N)c(Nc3ccc(OCc4ccccn4)c(Cl)c3)c2cc1NC(=O)\C=C\CN(C)C,8.62
25,CHEMBL205059,Fc1ccc(Nc2ncnc3cnc(NC(=O)C#CCCN4CCCCC4)cc23)cc1Cl,8.75
26,CHEMBL202360,Brc1cccc(Nc2ncnc3ccc(NC(=O)C#C)cc23)c1,8.77
27,CHEMBL203599,CN1CCN(CCC#CC(=O)Nc2cc3c(Nc4ccc(F)c(Cl)c4)ncnc3cn2)CC1,8.92
28,CHEMBL204638,Fc1ccc(Nc2ncnc3cnc(NC(=O)C#CCCN4CCOCC4)cc23)cc1Br,9.0
29,CHEMBL203661,Fc1ccc(Nc2ncnc3cnc(NC(=O)C#CCCN4CCOCC4)cc23)cc1Cl,9.0
30,CHEMBL437890,CN1CCN(CCC#CC(=O)Nc2cc3c(Nc4ccc(F)c(Br)c4)ncnc3cn2)CC1,9.1
31,CHEMBL203644,CC#CC(=O)Nc1cc2c(Nc3ccc(F)c(Cl)c3)ncnc2cn1,9.3
