,molecule_chembl_id,canonical_smiles,pchembl_value
0,CHEMBL603469,C[C@]12O[C@H](C[C@]1(O)CO)n3c4ccccc4c5c6C(=O)NCc6c7c8ccccc8n2c7c35,7.55
1,CHEMBL388978,CN[C@@H]1C[C@H]2O[C@@](C)([C@@H]1OC)n3c4ccccc4c5c6CNC(=O)c6c7c8ccccc8n2c7c35,7.62
2,CHEMBL464552,CNC(=O)c1c(F)cccc1Nc2nc(Nc3cc4N(CCc4cc3OC)C(=O)CN(C)C)nc5[nH]ccc25,8.03
3,CHEMBL3286830,C[C@H]1Oc2cc(cnc2N)c3c(CN(C)C(=O)c4ccc(F)cc14)nn(C)c3C#N,8.48
4,CHEMBL3128069,C[C@@H](Oc1cc(cnc1N)c2sc(nc2C)[C@](C)(O)CO)c3cc(F)ccc3n4nccn4,8.7
5,CHEMBL509032,COc1cc(ccc1Nc2ncc(Cl)c(Nc3ccccc3S(=O)(=O)C(C)C)n2)N4CCC(CC4)N5CCN(C)CC5,8.85
