,molecule_chembl_id,canonical_smiles,pchembl_value
0,lenvatinib,COC1=CC2=C(C=C1C(N)=O)C(OC1=CC=C(NC(=O)NC3CC3)C(Cl)=C1)=CC=N2,7.33724213
1,nintedanib,COC(=O)c1ccc2\C(=C(\Nc3ccc(cc3)N(C)C(=O)CN4CCN(C)CC4)/c5ccccc5)\C(=O)Nc2c1,7.42021656
2,pazopanib,CN(C1=CC2=NN(C)C(C)=C2C=C1)C1=NC(NC2=CC(=C(C)C=C2)S(N)(=O)=O)=NC=C1,6.0
3,CHEMBL422625,CCNC(=O)Nc1nc2cc(N)ncc2cc1c3cc(OC)cc(OC)c3,7.54
4,CHEMBL190162,CCNC(=O)Nc1nc2cc(NCCCCN(CC)CC)ncc2cc1c3c(Cl)cccc3Cl,7.54
5,CHEMBL51028,CN1CCN(CCCNc2ncc3cc(c(NC(=O)NC4CCCCC4)nc3n2)c5c(Cl)cccc5Cl)CC1,7.54
6,CHEMBL3681238,Cc1nc2cc(ccc2[nH]1)n3ncc(C(=O)c4cc5ccc(cc5[nH]4)c6ccc(nc6)N7CCOCC7)c3N,7.54
7,CHEMBL192856,CCN(CC)CCCCCNc1cc2nc(NC(=O)NC(C)(C)C)c(cc2cn1)c3cc(OC)cc(OC)c3,7.55
8,CHEMBL189584,CCN(CC)CCCCNc1ncc2cc(c(NC(=O)NC(C)(C)C)nc2n1)c3cc(OC)cc(OC)c3,7.55
9,CHEMBL371373,CCc1oc(nn1)c2cn3ncnc(Nc4cc(C(=O)NOC)c(F)cc4F)c3c2C(C)C,7.55
10,CHEMBL51283,CN1CCN(CC1)c2ccc(Nc3ncc4C=C(C(=O)N(C)c4n3)c5c(Cl)cccc5Cl)cc2,7.55
11,CHEMBL1980391,COc1cc2Nc3n[nH]c(C)c3N=C(c4ccccc4Cl)c2cc1F,7.55
12,CHEMBL377300,C[C@@H](O)COc1cn2ncnc(Oc3ccc4[nH]c(C)cc4c3F)c2c1C,7.55
13,CHEMBL3676314,Cc1nc2cc(ccc2[nH]1)n3ncc(C(=O)c4cc5ccc(CN6CCNCC6)cc5[nH]4)c3N,7.55
14,CHEMBL3752008,FC(F)(F)c1cc(NC(=O)Nc2ccncc2)cc(c1)c3cncnc3,7.55
15,CHEMBL212054,Fc1ccc2c([nH]nc2c1)c3nc4cc(ccc4[nH]3)N5CCC(CC5)N6CCCCC6,7.55
16,CHEMBL191913,CONC(=O)c1cc(Nc2ncnn3cc(c4oc(CC5CC5)nn4)c(C(C)C)c23)c(F)cc1F,7.57
17,CHEMBL3681316,Cc1nc2cc(ccc2[nH]1)n3ncc(C(=O)c4cc5ccc(O)cc5[nH]4)c3N,7.57
18,CHEMBL3691273,CNC(=O)n1ccc2cc(Oc3ccnc(NC(=O)c4cnn(c4)C5CCN(C[C@H](C)O)CC5)c3)c(OC)cc12,7.58
19,CHEMBL3115681,CN1CCN(CC1)c2ccc(Nc3ncc4C=C(C#N)C(=O)N(C5CCCC5)c4n3)cc2,7.59
20,CHEMBL191389,CN1CCN(CCCNc2cc3nc(NC(=O)NC(C)(C)C)c(cc3cn2)c4c(Cl)cccc4Cl)CC1,7.59
21,CHEMBL3527569,C[C@H](COc1cn2ncnc(Oc3ccc4[nH]c(C)cc4c3F)c2c1C)OS(=O)(=O)O,7.59
22,CHEMBL2088113,CCCc1cc(Nc2nc(NCc3cccnc3)ncc2Br)n[nH]1,7.6
23,CHEMBL365377,CCN(CC)CCCCNc1cc2nc(NC(=O)NC(C)(C)C)c(cc2cn1)c3c(Cl)cccc3Cl,7.6
24,CHEMBL191023,CCN(CC)CCCCNc1cc2nc(NC(=O)NC(C)(C)C)c(cc2cn1)c3cc(OC)cc(OC)c3,7.6
25,CHEMBL498266,COC(=O)c1ccc2\C(=C(\Nc3ccc(cc3)N(CCN(C)C)S(=O)(=O)C)/c4ccccc4)\C(=O)Nc2c1,7.6
26,CHEMBL2088257,COCCCc1cc(Nc2ccnc(NCc3onc(c3)C4CC4)n2)n[nH]1,7.6
27,CHEMBL135889,COc1cc(OC)cc(c1)c2cc3cnc(NC(=O)C)cc3nc2NC(=O)NC(C)(C)C,7.6
28,CHEMBL2088108,Cc1cc(Nc2ccnc(NCc3onc(c3)C4CC4)n2)n[nH]1,7.6
29,CHEMBL3681237,Cc1nc2cc(ccc2[nH]1)n3ncc(C(=O)c4cc5ccc(NS(=O)(=O)C)cc5[nH]4)c3N,7.6
30,CHEMBL2087168,CCN1CCC(CC1)Nc2ccc3NC(=O)C(=C(c4cc(F)cc(F)c4)c5nc(C)c[nH]5)c3c2,7.62
31,CHEMBL2086760,CCN1CCC(CC1)Nc2ccc3NC(=O)C(=C(c4ccc(Cl)cc4)c5ncc[nH]5)c3c2,7.62
32,CHEMBL190389,CCNC(=O)Nc1nc2cc(NCCCCN(CC)CC)ncc2cc1c3cc(OC)cc(OC)c3,7.62
33,CHEMBL523745,CN1CCN(CC1)c2ccc3[nH]c(nc3c2)C4=C(N)c5cc(Cl)ccc5NC4=O,7.62
34,CHEMBL3691287,CNC(=O)n1ccc2cc(Oc3ccnc(NC(=O)c4ccc(CCN5CCC(O)CC5)cc4)c3)c(OC)cc12,7.62
35,CHEMBL3691303,CNC(=O)n1ccc2cc(Oc3ccnc(NC(=O)c4ccc(CN5CCC(O)CC5)cc4)c3)c(OCCCF)cc12,7.62
36,CHEMBL3691274,CNC(=O)n1ccc2cc(Oc3ccnc(NC(=O)c4cnn(c4)C5CCN(CC5)C(C)C)c3)c(OC)cc12,7.62
37,CHEMBL190161,COc1cc(OC)cc(c1)c2cc3cnc(NCCCCN4CCN(C)CC4)cc3nc2NC(=O)NC(C)(C)C,7.62
38,CHEMBL189995,COc1cc(OC)cc(c1)c2cc3cnc(NCCCN4CCN(C)CC4)cc3nc2NC(=O)NC(C)(C)C,7.62
39,CHEMBL3681248,Cc1nc2cc(ccc2[nH]1)n3ncc(C(=O)c4cc5cc(OCC6CC6)ccc5[nH]4)c3N,7.62
40,CHEMBL3681286,Nc1c(cnn1c2ccc3[nH]c(nc3c2)C(F)(F)F)C(=O)c4cc5ccccc5[nH]4,7.62
41,CHEMBL3691278,CNC(=O)n1ccc2cc(Oc3ccnc(NC(=O)c4ccc(CN5CC[C@@H](O)C5)cc4)c3)c(OC)cc12,7.63
42,CHEMBL3691277,CNC(=O)n1ccc2cc(Oc3ccnc(NC(=O)c4ccc(CN5CC[C@H](O)C5)cc4)c3)c(OC)cc12,7.63
43,CHEMBL209704,C(Oc1ccc2c([nH]nc2c1)c3nc4cc(ccc4[nH]3)N5CCC(CC5)N6CCCCC6)c7ccccc7,7.64
44,CHEMBL3691272,CNC(=O)n1ccc2cc(Oc3ccnc(NC(=O)c4cnn(c4)C5CCN(C[C@@H](C)O)CC5)c3)c(OC)cc12,7.64
45,CHEMBL3681240,Cc1nc2cc(ccc2[nH]1)n3ncc(C(=O)c4cc5ccc(cc5[nH]4)c6cnn(C)c6)c3N,7.64
46,CHEMBL3827325,CC(Oc1ccc2[nH]nc(c3nc4cc(ccc4[nH]3)N5CCCCC5)c2c1)c6c(Cl)ccnc6Cl,7.65
47,CHEMBL3691344,CNC(=O)n1ccc2cc(Oc3ccnc(NC(=O)c4ccc(CN5CCC[C@@H]5CO)cc4)c3)c(OCCCOC)cc12,7.65
48,CHEMBL3691302,CNC(=O)n1ccc2cc(Oc3ccnc(NC(=O)c4ccc(CN5CC[C@@H](O)C5)cc4)c3)c(OCCCF)cc12,7.65
49,CHEMBL3681236,CCCCOc1ccc2[nH]c(cc2c1)C(=O)c3cnn(c3N)c4ccc5[nH]c(C)nc5c4,7.66
50,CHEMBL427202,C[C@H](O)COc1cn2ncnc(Oc3ccc4[nH]c(C)cc4c3F)c2c1C,7.66
51,CHEMBL3681250,Cc1nc2cc(ccc2[nH]1)n3ncc(C(=O)c4cc5ccc(cc5[nH]4)c6ccc(F)cn6)c3N,7.66
52,CHEMBL3828723,C(Oc1ccc2[nH]nc(c3nc4cc(ccc4[nH]3)N5CCCCC5)c2c1)c6ccncc6,7.68
53,CHEMBL188087,CCNC(=O)Nc1nc2cc(NCCCN3CCN(C)CC3)ncc2cc1c4cc(OC)cc(OC)c4,7.68
54,CHEMBL3681315,Cc1nc2cc(ccc2[nH]1)n3ncc(C(=O)c4cc5ccc(OC6COC6)cc5[nH]4)c3N,7.68
55,CHEMBL204426,NC1=C(C(=O)Nc2ccccc12)c3nc4cc(ccc4[nH]3)N5CCOCC5,7.68
56,CHEMBL2087167,CCN1CCC(CC1)Nc2ccc3NC(=O)C(=C(c4cccc(F)c4)c5nc(C)c[nH]5)c3c2,7.7
57,CHEMBL2086749,CCN1CCC(CC1)Oc2ccc3NC(=O)C(=C(c4ccccc4)c5nc6cc(OC)ccc6[nH]5)c3c2,7.7
58,CHEMBL3691308,CCN1CCC(CC1)c2ccc(cn2)C(=O)Nc3cc(Oc4cc5ccn(C(=O)NC)c5cc4OCCOC)ccn3,7.7
59,CHEMBL496150,CN(C)[C@H]1CCN(C1)c2ccc3[nH]c(nc3c2)C4=C(N)c5ccccc5NC4=O,7.7
60,CHEMBL523071,CN1CCCN(CC1)c2ccc3[nH]c(nc3c2)C4=C(N)c5ccccc5NC4=O,7.7
61,CHEMBL3401358,CN1CCN(CC1)c2ccc(cc2)c3nc4c(N5CCN(CC(=O)Nc6nccs6)CC5)c(Cl)cnc4[nH]3,7.7
62,CHEMBL3686874,CNC(=O)n1ccc2cc(Oc3ccnc(NC(=O)c4ccc(OCCN5CCC(O)CC5)cc4)c3)c(OC)cc12,7.7
63,CHEMBL193306,CONC(=O)c1cc(Nc2ncnn3cc(c4oc(C)cn4)c(C(C)C)c23)c(F)cc1F,7.7
64,CHEMBL3701262,COc1cc(OC)cc(c1)C#Cc2cn([C@H]3CCN(C3)C(=O)C#CC(C)(C)O)c4ncnc(N)c24,7.7
65,CHEMBL526658,NC1=C(C(=O)Nc2ccccc12)c3nc4cc(OCCN5CCOCC5)ccc4[nH]3,7.7
66,CHEMBL1784734,C=CCOC(=O)C1=C2C(=NC1=O)c3cccc4cccc2c34,7.72
67,CHEMBL3691307,CNC(=O)n1ccc2cc(Oc3ccnc(NC(=O)c4ccc(nc4)C5CCN(CC5)C(C)C)c3)c(OCCOC)cc12,7.72
68,CHEMBL365318,CONC(=O)c1cc(Nc2ncnn3cc(c4oc(C)nn4)c(C(C)C)c23)c(F)cc1F,7.72
69,CHEMBL189059,COc1cc(OC)cc(c1)c2cc3cnc(NCCCN4CCN(C)CC4)nc3nc2NC(=O)NC(C)(C)C,7.72
70,CHEMBL3691292,CCOc1cc2c(ccn2C(=O)NC)cc1Oc3ccnc(NC(=O)c4ccc(cc4)N5CCC(CC5)N6CCCC6)c3,7.73
71,CHEMBL3691276,CNC(=O)n1ccc2cc(Oc3ccnc(NC(=O)c4ccc(CN5CCC[C@H]5CO)cc4)c3)c(OC)cc12,7.74
72,CHEMBL3691301,CNC(=O)n1ccc2cc(Oc3ccnc(NC(=O)c4ccc(CN5CC[C@H](O)C5)cc4)c3)c(OCCCF)cc12,7.74
73,CHEMBL3686873,CCN1CCN(CCc2ccc(cc2)C(=O)Nc3cc(Oc4cc5ccn(C(=O)NC)c5cc4OC)ccn3)CC1,7.75
74,CHEMBL189851,CCNC(=O)Nc1nc2nc(NCCCN3CCN(C)CC3)ncc2cc1c4cc(OC)cc(OC)c4,7.75
75,CHEMBL212429,CN(C1CCN(C)CC1)c2ccc3[nH]c(nc3c2)c4[nH]nc5ccccc45,7.75
76,CHEMBL3691350,CNC(=O)n1ccc2cc(Oc3ccnc(NC(=O)c4ccc(CN5CCC(O)CC5)cc4)c3)c(OCCCOC)cc12,7.75
77,CHEMBL498265,COC(=O)c1ccc2\C(=C(\Nc3ccc(cc3)N(CCN(C)C)C(=O)C)/c4ccccc4)\C(=O)Nc2c1,7.75
78,CHEMBL3681247,COCCOc1ccc2[nH]c(cc2c1)C(=O)c3cnn(c3N)c4ccc5[nH]c(C)nc5c4,7.75
79,CHEMBL195847,CONC(=O)c1cc(Nc2ncnn3cc(c4oc(nn4)N(C)C)c(C(C)C)c23)c(F)cc1F,7.75
80,CHEMBL3681294,Cc1nc2cc(ccc2[nH]1)n3ncc(C(=O)C4=CC5=CC(F)C(CN6CCOCC6)C=C5N4)c3N,7.75
81,CHEMBL3681246,Cc1nc2cc(ccc2[nH]1)n3ncc(C(=O)c4cc5ccc(cc5[nH]4)c6cccnn6)c3N,7.75
82,CHEMBL2180605,Cl.CNC(=O)c1cccc2cc(Oc3ccnc4cc(OCC5(N)CC5)c(OC)cc34)ccc12,7.76
83,CHEMBL2086759,CCN1CCC(CC1)Nc2ccc3NC(=O)C(=C(c4cccc(F)c4)c5ncc[nH]5)c3c2,7.77
84,CHEMBL2086753,CCN1CCC(CC1)Nc2ccc3NC(=O)C(=C(c4ccccc4)c5nc6ccccc6[nH]5)c3c2,7.77
85,CHEMBL3676327,CN(CC#C)Cc1ccc2cc([nH]c2c1)C(=O)c3cnn(c3N)c4ccc5[nH]c(C)nc5c4,7.77
86,CHEMBL525909,COC(=O)c1ccc2\C(=C(\Nc3ccc(cc3)N(CCCN(C)C)C(=O)C)/c4ccccc4)\C(=O)Nc2c1,7.77
87,CHEMBL3691348,CNC(=O)n1ccc2cc(Oc3ccnc(NC(=O)c4ccc(CN5CC[C@H](O)C5)cc4)c3)c(OCCCOC)cc12,7.78
88,CHEMBL3827322,CC(Oc1ccc2[nH]nc(c3nc4c(C)cccc4[nH]3)c2c1)c5c(Cl)cncc5Cl,7.79
89,CHEMBL3691339,CCOCCOc1cc2c(ccn2C(=O)NC)cc1Oc3ccnc(NC(=O)c4ccc(CN5CCC(F)CC5)cc4)c3,7.79
90,CHEMBL3691349,CNC(=O)n1ccc2cc(Oc3ccnc(NC(=O)c4ccc(CN5CC[C@@H](O)C5)cc4)c3)c(OCCCOC)cc12,7.79
91,CHEMBL379108,C(Nc1ccc2[nH]nc(c3nc4cc(ccc4[nH]3)N5CCC(CC5)N6CCCCC6)c2c1)C7CCCCC7,7.8
92,CHEMBL190188,CCNC(=O)Nc1nc2cc(NCCCN3CCN(C)CC3)ncc2cc1c4c(Cl)cccc4Cl,7.8
93,CHEMBL195398,CONC(=O)c1cc(Nc2ncnn3cc(c4oc(CS(=O)(=O)C)nn4)c(C(C)C)c23)c(F)cc1F,7.8
94,CHEMBL3676331,Cc1nc2cc(ccc2[nH]1)n3ncc(C(=O)c4cc5ccc(I)cc5[nH]4)c3N,7.8
95,CHEMBL211662,C1CCN(CC1)C2CCN(CC2)c3ccc4[nH]c(nc4c3)c5[nH]nc6ccc(Oc7ccccc7)cc56,7.82
96,CHEMBL2087169,CCN1CCC(CC1)Nc2ccc3NC(=O)C(=C(c4ccccc4F)c5nc(C)c[nH]5)c3c2,7.82
97,CHEMBL496762,CNc1cccc2NC(=O)C(=C(N)c12)c3nc4cc(ccc4[nH]3)N5CCN(C)CC5,7.82
98,CHEMBL3676323,Cc1nc2cc(ccc2[nH]1)n3ncc(C(=O)c4cc5ccc(CO)cc5[nH]4)c3N,7.82
99,CHEMBL3691323,CNC(=O)n1ccc2cc(Oc3ccnc(NC(=O)c4ccc(CN5CCC(O)CC5)cc4)c3)c(OCCOC)cc12,7.83
100,CHEMBL3691261,CCOCCOc1cc2c(ccn2C(=O)NC)cc1Oc3ccnc(NC(=O)c4ccc(CN5C[C@@H](C)N[C@@H](C)C5)cc4)c3,7.84
101,CHEMBL3686879,CNC(=O)n1ccc2cc(Oc3ccnc(NC(=O)c4ccc(cc4)C5CCNCC5)c3)c(OC(C)C)cc12,7.84
102,CHEMBL2086755,CCN1CCC(CC1)Nc2ccc3NC(=O)C(=C(c4ccc(OC)cc4)c5nc6ccccc6[nH]5)c3c2,7.85
103,CHEMBL1254755,CN1CCN(Cc2ccc(NC(=O)Nc3ccc(Oc4ncnc5ccn(C)c45)cc3Cl)cc2C(F)(F)F)CC1,7.85
104,CHEMBL190980,CONC(=O)c1cc(Nc2ncnn3cc(c4oc(nn4)C5CC5)c(C(C)C)c23)c(F)cc1F,7.85
105,CHEMBL1258913,O=C(N[C@H](CN1CCCC1)c2ccccc2)c3cc4[nH]nc(NC(=O)c5ccc(cc5)N6CCOCC6)c4s3,7.85
106,CHEMBL3686881,CNC(=O)n1ccc2cc(Oc3ccnc(NC(=O)c4ccc(CN5CCC(O)CC5)cc4)c3)c(OC(F)F)cc12,7.87
107,CHEMBL3827165,Clc1cnccc1COc2ccc3[nH]nc(c4nc5cc(ccc5[nH]4)N6CCCCC6)c3c2,7.87
108,CHEMBL3686870,CNC(=O)n1ccc2cc(Oc3ccnc(NC(=O)c4ccc(cc4)N5CCC(CC5)N6CCCC6)c3)c(OC)cc12,7.88
109,CHEMBL2010872,CC(C)Cn1c2ccc(Nc3ncccn3)cc2c4c5CNC(=O)c5c6c(CCc7nn(C)cc67)c14,7.89
110,CHEMBL3691270,CNC(=O)n1ccc2cc(Oc3ccnc(NC(=O)c4ccc(OC5CCN(C[C@H](C)O)CC5)cc4)c3)c(OC)cc12,7.89
111,CHEMBL3691283,CNC(=O)n1ccc2cc(Oc3ccnc(NC(=O)c4ccc(cc4)C5CN(C5)C(C)C)c3)c(OC)cc12,7.89
112,CHEMBL2086739,Nc1ccc2NC(=O)C(=C(c3ccccc3)c4nc5ccccc5[nH]4)c2c1,7.89
113,CHEMBL3691271,CCN1CCC(CC1)Oc2ccc(cc2)C(=O)Nc3cc(Oc4cc5ccn(C(=O)NC)c5cc4OC)ccn3,7.9
114,CHEMBL3686877,CCOc1cc2c(ccn2C(=O)NC)cc1Oc3ccnc(NC(=O)c4ccc(cc4)C5CCNCC5)c3,7.9
115,CHEMBL3686880,CNC(=O)n1ccc2cc(Oc3ccnc(NC(=O)c4ccc(cc4)C5CCN(C[C@@H](C)O)CC5)c3)c(OC(C)C)cc12,7.9
116,CHEMBL3691265,CNC(=O)n1ccc2cc(Oc3ccnc(NC(=O)c4ccc(CN5CCC[C@@H]5CO)s4)c3)c(OC)cc12,7.91
117,CHEMBL3691299,CNC(=O)n1ccc2cc(Oc3ccnc(NC(=O)c4ccc(cc4)C5CCN(C)CC5)c3)c(OC(C)C)cc12,7.91
118,CHEMBL2086758,CCN1CCC(CC1)Nc2ccc3NC(=O)C(=C(c4ccccc4)c5ncc[nH]5)c3c2,7.92
119,CHEMBL3691329,CCOCCOc1cc2c(ccn2C(=O)NC)cc1Oc3ccnc(NC(=O)c4ccc(CN5CCC[C@@H]5CO)cc4)c3,7.92
120,CHEMBL1945170,CN(C)CCCc1cccc(Nc2ncc3CC(=S)Nc4cc(Cl)ccc4c3n2)c1,7.92
121,CHEMBL3686867,CNC(=O)n1ccc2cc(Oc3ccnc(NC(=O)c4ccc(cc4)C5CCN(CCCF)CC5)c3)c(OC)cc12,7.92
122,CHEMBL3691284,CNC(=O)n1ccc2cc(Oc3ccnc(NC(=O)c4ccc(cc4)C5CN(CC(C)(C)O)C5)c3)c(OC)cc12,7.92
123,CHEMBL339856,COc1cc(OC)cc(c1)c2cc3cnc(NCCCN4CCOCC4)cc3nc2NC(=O)NC(C)(C)C,7.92
124,CHEMBL2347053,[O-][N+](=O)c1ccccc1c2n[nH]cc2\C=C\3/C(=O)Nc4ccccc34,7.92
125,CHEMBL3691285,CCN1CC(C1)c2ccc(cc2)C(=O)Nc3cc(Oc4cc5ccn(C(=O)NC)c5cc4OC)ccn3,7.93
126,CHEMBL3691298,CCN1CCC(CC1)c2ccc(cc2)C(=O)Nc3cc(Oc4cc5ccn(C(=O)NC)c5cc4OC(C)C)ccn3,7.93
127,CHEMBL3691294,CCOc1cc2c(ccn2C(=O)NC)cc1Oc3ccnc(NC(=O)c4ccc(cc4)C5CCN(C)CC5)c3,7.93
128,CHEMBL3691340,CCOCCOc1cc2c(ccn2C(=O)NC)cc1Oc3ccnc(NC(=O)c4ccc(CN5CCN(CC)CC5)cc4)c3,7.94
129,CHEMBL3686878,CCOc1cc2c(ccn2C(=O)NC)cc1Oc3ccnc(NC(=O)c4ccc(cc4)C5CCN(CC)CC5)c3,7.94
130,CHEMBL3686869,CNC(=O)n1ccc2cc(Oc3ccnc(NC(=O)c4ccc(cc4)C5(F)CCNCC5)c3)c(OC)cc12,7.94
131,CHEMBL3691347,CNC(=O)n1ccc2cc(Oc3ccnc(NC(=O)c4ccc(cc4)C5CN(C[C@H](C)O)C5)c3)c(OCCCOC)cc12,7.94
132,CHEMBL3691259,CCOCCOc1cc2c(ccn2C(=O)NC)cc1Oc3ccnc(NC(=O)c4ccc(nc4)C5CCN(CC)CC5)c3,7.95
133,CHEMBL3691267,CNC(=O)n1ccc2cc(Oc3ccnc(NC(=O)c4ccc(CN5C[C@@H](C)N[C@@H](C)C5)s4)c3)c(OC)cc12,7.95
134,CHEMBL3691297,CNC(=O)n1ccc2cc(Oc3ccnc(NC(=O)c4ccc(cc4)C5CCN(CCO)CC5)c3)c(OC(C)C)cc12,7.95
135,CHEMBL3681267,CC(C)N1CCC(CC1)c2ccc3[nH]c(cc3c2)C(=O)c4cnn(c4N)c5ccc6[nH]c(C)nc6c5,7.96
136,CHEMBL2086751,CCN1CCC(CC1)Nc2ccc3NC(=O)C(=C(c4ccccc4)c5nc6cc(OC)ccc6[nH]5)c3c2,7.96
137,CHEMBL3691268,CCN1CCN(Cc2ccc(s2)C(=O)Nc3cc(Oc4cc5ccn(C(=O)NC)c5cc4OC)ccn3)CC1,7.96
138,CHEMBL3691263,CCOCCOc1cc2c(ccn2C(=O)NC)cc1Oc3ccnc(NC(=O)c4ccc(cc4)C5CN(C)C5)c3,7.96
139,CHEMBL3691326,CCOCCOc1cc2c(ccn2C(=O)NC)cc1Oc3ccnc(NC(=O)c4ccc(cc4)C5CN(C[C@@H](C)O)C5)c3,7.96
140,CHEMBL1945803,CN(C)CCCc1cncc(Nc2ncc3CC(=S)Nc4cc(Cl)ccc4c3n2)c1,7.96
141,CHEMBL522892,CN1CCN(CC1)c2ccc3nc([nH]c3c2)C4=C(N)c5c(F)cccc5NC4=O,7.96
142,CHEMBL3686876,CNC(=O)n1ccc2cc(Oc3ccnc(NC(=O)c4ccc(OC5CCN(CCO)CC5)cc4)c3)c(OC)cc12,7.96
143,CHEMBL3686868,CNC(=O)n1ccc2cc(Oc3ccnc(NC(=O)c4ccc(cc4)C5CCNCC5F)c3)c(OC)cc12,7.96
144,CHEMBL3681274,Cc1nc2cc(ccc2[nH]1)n3ncc(C(=O)c4cc5cc(ccc5[nH]4)C6CCN(CC6)C7CCCC7)c3N,7.96
145,CHEMBL3691345,CNC(=O)n1ccc2cc(Oc3ccnc(NC(=O)c4ccc(CN5CCC[C@H]5CO)cc4)c3)c(OCCCOC)cc12,7.97
146,CHEMBL3691266,CNC(=O)n1ccc2cc(Oc3ccnc(NC(=O)c4ccc(CN5CCC[C@H]5CO)s4)c3)c(OC)cc12,7.97
147,CHEMBL3691324,CCOCCOc1cc2c(ccn2C(=O)NC)cc1Oc3ccnc(NC(=O)c4ccc(nc4)C5CCN(CC5)C(C)C)c3,7.98
148,CHEMBL3691269,CNC(=O)n1ccc2cc(Oc3ccnc(NC(=O)c4ccc(CN5CCC(O)CC5)s4)c3)c(OC)cc12,7.98
149,CHEMBL3691282,CNC(=O)n1ccc2cc(Oc3ccnc(NC(=O)c4ccc(OC5CCN(C[C@@H](C)O)CC5)cc4)c3)c(OC)cc12,7.98
150,CHEMBL3691306,CNC(=O)n1ccc2cc(Oc3ccnc(NC(=O)c4ccc(cc4)C5CCN(C)CC5)c3)c(OCCCF)cc12,7.98
151,CHEMBL3691343,CCOCCOc1cc2c(ccn2C(=O)NC)cc1Oc3ccnc(NC(=O)c4ccc(CN5CCC(O)CC5)cc4)c3,7.99
152,CHEMBL3691313,CNC(=O)n1ccc2cc(Oc3ccnc(NC(=O)c4ccc(CN5CCC[C@H]5CO)s4)c3)c(OCCOC)cc12,7.99
153,CHEMBL3691296,CNC(=O)n1ccc2cc(Oc3ccnc(NC(=O)c4ccc(cc4)C5CCN(C[C@H](C)O)CC5)c3)c(OC(C)C)cc12,7.99
154,CHEMBL2088094,CCCc1cc(Nc2nc(NCc3onc(C)c3)ncc2Br)n[nH]1,8.0
155,CHEMBL2086754,CCN1CCC(CC1)Nc2ccc3NC(=O)C(=C(c4ccc(C)cc4)c5nc6ccccc6[nH]5)c3c2,8.0
156,CHEMBL3686864,CCN1CCC(CC1)c2ccc(cc2)C(=O)Nc3cc(Oc4cc5ccn(C(=O)NC)c5cc4OC)ccn3,8.0
157,CHEMBL3691260,CCOCCOc1cc2c(ccn2C(=O)NC)cc1Oc3ccnc(NC(=O)c4ccc(CN5CCC[C@H]5CO)cc4)c3,8.0
158,CHEMBL3691293,CCOc1cc2c(ccn2C(=O)NC)cc1Oc3ccnc(NC(=O)c4ccc(cc4)C5CCN(CCO)CC5)c3,8.0
159,CHEMBL498214,CN1CCN(CC1)C(=O)c2ccc3[nH]c(nc3c2)C4=C(N)c5ccccc5NC4=O,8.0
160,CHEMBL526507,CN1CCN(CC1)c2ccc3[nH]c(nc3c2)C4=C(N)c5cc(ccc5NC4=O)C(=O)NCc6ccccc6,8.0
161,CHEMBL204524,CN1CCN(CC1)c2ccc3[nH]c(nc3n2)c4c(O)nc5ccccc5c4N,8.0
162,CHEMBL3676324,CN1CCN(CCOc2ccc3cc([nH]c3c2)C(=O)c4cnn(c4N)c5ccc6[nH]c(C)nc6c5)CC1,8.0
163,CHEMBL3691288,CNC(=O)n1ccc2cc(Oc3ccnc(NC(=O)c4ccc(cc4)C5CCN(C)CC5)c3)c(OC)cc12,8.0
164,CHEMBL189691,COc1cc(OC)cc(c1)c2cc3cnc(NCCCCCN4CCN(C)CC4)cc3nc2NC(=O)NC(C)(C)C,8.0
165,CHEMBL365727,COc1cc(OC)cc(c1)c2cc3cnc(NCCCCCO)cc3nc2NC(=O)NC(C)(C)C,8.0
166,CHEMBL205108,Nc1c(c(O)nc2cnccc12)c3nc4cc(ccc4[nH]3)N5CCOCC5,8.0
167,CHEMBL383618,Nc1c(c(O)nc2cnccc12)c3nc4ccccc4[nH]3,8.0
168,CHEMBL495727,O=C(NC1CC1)Nc2c[nH]nc2c3nc4cc(CN5CCOCC5)ccc4[nH]3,8.0
169,CHEMBL3639901,CCOc1cc2c(ccn2C(=O)NC)cc1Oc3ccnc(NC(=O)c4ccc(cc4)C5CCN(CC(C)(C)O)CC5)c3,8.01
170,CHEMBL3686863,Cc1ccc(nc1C(=O)Nc2c(C)cc(cc2C)C(=O)O)N3CCC(O)CC3,8.01
171,CHEMBL3691290,CCOc1cc2c(ccn2C(=O)NC)cc1Oc3ccnc(NC(=O)c4ccc(cc4)C5CCN(C[C@@H](C)O)CC5)c3,8.02
172,CHEMBL3676326,COCCN(CCOC)Cc1ccc2cc([nH]c2c1)C(=O)C3C=NN(C3N)c4ccc5[nH]c(C)nc5c4,8.02
173,CHEMBL3828022,C[C@H](Oc1ccc2[nH]nc(c3nc4cc(ccc4[nH]3)N5CCN(C)CC5)c2c1)c6c(Cl)cncc6Cl,8.03
174,CHEMBL2216830,CCN(CC)CCCCNc1ncc2CN(C(=O)N(Cc3cccc(NC(=O)C=C)c3)c2n1)c4c(Cl)c(OC)cc(OC)c4Cl,8.04
175,CHEMBL3691338,CCOCCOc1cc2c(ccn2C(=O)NC)cc1Oc3ccnc(NC(=O)c4ccc(CN5CC[C@@H](O)C5)cc4)c3,8.05
176,CHEMBL3691291,CCOc1cc2c(ccn2C(=O)NC)cc1Oc3ccnc(NC(=O)c4ccc(cc4)C5CCN(C[C@H](C)O)CC5)c3,8.05
177,CHEMBL204427,CN1CCN(CC1)c2ccc3[nH]c(nc3c2)C4=C(N)c5ccccc5NC4=O,8.05
178,CHEMBL495961,CN1CCN(Cc2ccc3[nH]c(nc3c2)C4=C(N)c5ccccc5NC4=O)CC1,8.05
179,CHEMBL3691281,CNC(=O)n1ccc2cc(Oc3ccnc(NC(=O)c4ccc(cc4)C5CCN(CC5)C(C)C)c3)c(OC)cc12,8.05
180,CHEMBL3691351,CNC(=O)n1ccc2cc(Oc3ccnc(NC(=O)c4ccc(cc4)C5CN(C5)C(C)C)c3)c(OCCCOC)cc12,8.05
181,CHEMBL388978,CN[C@@H]1C[C@H]2O[C@@](C)([C@@H]1OC)n3c4ccccc4c5c6CNC(=O)c6c7c8ccccc8n2c7c35,8.05
182,CHEMBL191070,COc1cc(OC)cc(c1)c2cc3cnc(NCCCCCN4CCOCC4)cc3nc2NC(=O)NC(C)(C)C,8.05
183,CHEMBL3681264,Cc1nc2cc(ccc2[nH]1)n3ncc(C(=O)C4=CC5C=CC(=CC5N4)C#N)c3N,8.05
184,CHEMBL2151321,CC(C)Oc1cc(n[nH]1)n2cnc3ccc(N[C@@H](C)c4ccc(F)cn4)nc23,8.06
185,CHEMBL3691289,CCOc1cc2c(ccn2C(=O)NC)cc1Oc3ccnc(NC(=O)c4ccc(cc4)C5CCN(CC5)C(C)C)c3,8.06
186,CHEMBL3691352,CCN1CC(C1)c2ccc(cc2)C(=O)Nc3cc(Oc4cc5ccn(C(=O)NC)c5cc4OCCCOC)ccn3,8.07
187,CHEMBL3691264,CCN1CCC(CC1)c2ccc(cc2)C(=O)Nc3cc(Oc4cc5ccn(C(=O)NC)c5cc4OCCCF)ccn3,8.07
188,CHEMBL3691330,CCOCCOc1cc2c(ccn2C(=O)NC)cc1Oc3ccnc(NC(=O)c4ccc(CN5CC[C@H](O)C5)cc4)c3,8.07
189,CHEMBL3691314,CNC(=O)n1ccc2cc(Oc3ccnc(NC(=O)c4ccc(CN5CC[C@H](O)C5)s4)c3)c(OCCOC)cc12,8.07
190,CHEMBL3691304,CNC(=O)n1ccc2cc(Oc3ccnc(NC(=O)c4ccc(cc4)C5CCN(C[C@@H](C)O)CC5)c3)c(OCCCF)cc12,8.07
191,CHEMBL3691309,CNC(=O)n1ccc2cc(Oc3ccnc(NC(=O)c4ccc(cc4)C5CN(CC(C)(C)O)C5)c3)c(OCCOC)cc12,8.07
192,CHEMBL3691310,CNC(=O)n1ccc2cc(Oc3ccnc(NC(=O)c4ccc(cc4)C5CN(C[C@@H](C)O)C5)c3)c(OCCOC)cc12,8.07
193,CHEMBL3681283,Cc1nc2cc(ccc2[nH]1)n3ncc(C(=O)c4cc5c(NCCc6ccncc6)cccc5[nH]4)c3N,8.07
194,CHEMBL377346,C(Oc1ccc2[nH]nc(c3nc4cc(ccc4[nH]3)N5CCC(CC5)N6CCCCC6)c2c1)c7ccccc7,8.1
195,CHEMBL363551,CCN(CC)CCCNc1cc2nc(NC(=O)NC(C)(C)C)c(cc2cn1)c3cc(OC)cc(OC)c3,8.1
196,CHEMBL2086757,CCN1CCC(CC1)Nc2ccc3NC(=O)C(=C(c4cc(F)cc(F)c4)c5nc6ccccc6[nH]5)c3c2,8.1
197,CHEMBL3691258,CCOCCOc1cc2c(ccn2C(=O)NC)cc1Oc3ccnc(NC(=O)c4ccc(cc4)C5CN(CCO)C5)c3,8.1
198,CHEMBL495735,CN1CCN(CC1)c2ccc3[nH]c(nc3c2)C4=C(N)c5cc(NCc6ccccc6)ccc5NC4=O,8.1
199,CHEMBL3691280,CNC(=O)n1ccc2cc(Oc3ccnc(NC(=O)c4ccc(cc4)C5CCN(CC(C)(C)O)CC5)c3)c(OC)cc12,8.1
200,CHEMBL3686865,CNC(=O)n1ccc2cc(Oc3ccnc(NC(=O)c4ccc(cc4)C5CCN(CCO)CC5)c3)c(OC)cc12,8.1
201,CHEMBL3691305,CNC(=O)n1ccc2cc(Oc3ccnc(NC(=O)c4ccc(cc4)C5CCN(C[C@H](C)O)CC5)c3)c(OCCCF)cc12,8.1
202,CHEMBL3683258,CN[C@@H]1CC2OC([C@@H]1OC)n3c4ccccc4c5c6CNC(=O)c6c7c8ccccc8n2c7c35,8.1
203,CHEMBL425363,COc1cc(OC)cc(c1)c2cc3cnc(NCCCCO)cc3nc2NC(=O)NC(C)(C)C,8.1
204,CHEMBL2088100,Cc1cc(CNc2nccc(Nc3cc(CCc4ccccc4)[nH]n3)n2)on1,8.1
205,CHEMBL3681289,Cc1nc2C=C(CCc2[nH]1)n3ncc(C(=O)c4cc5cc(CN6CCN(CC6)S(=O)(=O)C)ccc5[nH]4)c3N,8.1
206,CHEMBL3827594,CC(Oc1ccc2[nH]nc(c3nc4cc(ccc4[nH]3)N5CCCN(C)CC5)c2c1)c6c(Cl)cncc6Cl,8.12
207,CHEMBL3691327,CCOCCOc1cc2c(ccn2C(=O)NC)cc1Oc3ccnc(NC(=O)c4ccc(cc4)C5CN(C[C@H](C)O)C5)c3,8.14
208,CHEMBL3686866,CNC(=O)n1ccc2cc(Oc3ccnc(NC(=O)c4ccc(cc4)C5CCN(C[C@H](C)O)CC5)c3)c(OC)cc12,8.14
209,CHEMBL3691355,CNC(=O)n1ccc2cc(Oc3ccnc(NC(=O)c4ccc(cc4)C5CCN(CC5)C(C)C)c3)c(OCCCOC)cc12,8.15
210,CHEMBL3691317,CNC(=O)n1ccc2cc(Oc3ccnc(NC(=O)c4ccc(cc4)C5CN(C)C5)c3)c(OCCOC)cc12,8.15
211,CHEMBL3691357,CCN1CCC(CC1)c2ccc(cc2)C(=O)Nc3cc(Oc4cc5ccn(C(=O)NC)c5cc4OCCCOC)ccn3,8.16
212,CHEMBL3681270,CN1CCC(CC1)c2ccc3cc([nH]c3c2)C(=O)c4cnn(c4N)c5ccc6[nH]c(C)nc6c5,8.16
213,CHEMBL496764,CN1CCN(CC1)c2ccc3[nH]c(nc3c2)C4=C(N)c5cc(N)ccc5NC4=O,8.16
214,CHEMBL3691320,CNC(=O)n1ccc2cc(Oc3ccnc(NC(=O)c4ccc(cc4)C5CCN(C[C@@H](C)O)CC5)c3)c(OCCOC)cc12,8.16
215,CHEMBL3691346,CNC(=O)n1ccc2cc(Oc3ccnc(NC(=O)c4ccc(cc4)C5CN(C[C@@H](C)O)C5)c3)c(OCCCOC)cc12,8.16
216,CHEMBL3691311,CNC(=O)n1ccc2cc(Oc3ccnc(NC(=O)c4ccc(cc4)C5CN(C[C@H](C)O)C5)c3)c(OCCOC)cc12,8.16
217,CHEMBL187396,COc1cc(OC)cc(c1)c2cc3cnc(NCCCCN4CCOCC4)cc3nc2NC(=O)NC(C)(C)C,8.16
218,CHEMBL3691315,CNC(=O)n1ccc2cc(Oc3ccnc(NC(=O)c4ccc(CN5CC[C@@H](O)C5)s4)c3)c(OCCOC)cc12,8.17
219,CHEMBL3691318,CNC(=O)n1ccc2cc(Oc3ccnc(NC(=O)c4ccc(cc4)C5CN(C5)C(C)C)c3)c(OCCOC)cc12,8.17
220,CHEMBL3691335,CCOCCOc1cc2c(ccn2C(=O)NC)cc1Oc3ccnc(NC(=O)c4ccc(CN5CCC[C@@H]5CO)s4)c3,8.18
221,CHEMBL3827042,Clc1cncc(Cl)c1COc2ccc3[nH]nc(c4nc5cc(ccc5[nH]4)N6CCCCC6)c3c2,8.18
222,CHEMBL3691262,CCOCCOc1cc2c(ccn2C(=O)NC)cc1Oc3ccnc(NC(=O)c4ccc(CN5CC[C@@H](O)C5)s4)c3,8.19
223,CHEMBL3691316,CNC(=O)n1ccc2cc(Oc3ccnc(NC(=O)c4ccc(CN5CCC(O)CC5)s4)c3)c(OCCOC)cc12,8.19
224,CHEMBL3691312,CNC(=O)n1ccc2cc(Oc3ccnc(NC(=O)c4ccc(CN5CCC[C@@H]5CO)s4)c3)c(OCCOC)cc12,8.19
225,CHEMBL3691354,CNC(=O)n1ccc2cc(Oc3ccnc(NC(=O)c4ccc(cc4)C5CCN(C[C@H](C)O)CC5)c3)c(OCCCOC)cc12,8.19
226,CHEMBL3681281,COCCNc1cccc2[nH]c(cc12)C(=O)c3cnn(c3N)c4ccc5[nH]c(C)nc5c4,8.19
227,CHEMBL3827752,C[C@H](Oc1ccc2[nH]nc(c3nc4cc(CCO)ccc4[nH]3)c2c1)c5c(Cl)cncc5Cl,8.19
228,CHEMBL3686888,CCOCCOc1cc2c(ccn2C(=O)NC)cc1Oc3ccnc(NC(=O)c4ccc(cc4)C5CN(CC)C5)c3,8.2
229,CHEMBL3691358,CNC(=O)n1ccc2cc(Oc3ccnc(NC(=O)c4ccc(cc4)C5CCN(C)CC5)c3)c(OCCCOC)cc12,8.21
230,CHEMBL3691356,CNC(=O)n1ccc2cc(Oc3ccnc(NC(=O)c4ccc(cc4)C5CCN(CCO)CC5)c3)c(OCCCOC)cc12,8.22
231,CHEMBL3827608,CCC(Oc1ccc2[nH]nc(c3nc4cc(ccc4[nH]3)N5CCCCC5)c2c1)c6c(Cl)cncc6Cl,8.24
232,CHEMBL3691319,CCN1CC(C1)c2ccc(cc2)C(=O)Nc3cc(Oc4cc5ccn(C(=O)NC)c5cc4OCCOC)ccn3,8.24
233,CHEMBL3691325,CCOCCOc1cc2c(ccn2C(=O)NC)cc1Oc3ccnc(NC(=O)c4ccc(cc4)C5CN(CC(C)(C)O)C5)c3,8.24
234,CHEMBL3686883,CNC(=O)n1ccc2cc(Oc3ccnc(NC(=O)c4ccc(cc4)C5CCN(C)CC5)c3)c(OCCOC)cc12,8.24
235,CHEMBL3686884,CNC(=O)n1ccc2cc(Oc3ccnc(NC(=O)c4ccc(cc4)C5CCN(CCO)CC5)c3)c(OCCOC)cc12,8.24
236,CHEMBL2088096,COc1cc(CCc2cc(Nc3ccnc(NCc4onc(C)c4)n3)n[nH]2)cc(OC)c1,8.24
237,CHEMBL3691337,CCOCCOc1cc2c(ccn2C(=O)NC)cc1Oc3ccnc(NC(=O)c4ccc(CN5CCC(O)CC5)s4)c3,8.25
238,CHEMBL3686882,CNC(=O)n1ccc2cc(Oc3ccnc(NC(=O)c4ccc(cc4)C5CCNCC5)c3)c(OCCOC)cc12,8.25
239,CHEMBL3691279,CNC(=O)n1ccc2cc(Oc3ccnc(NC(=O)c4ccc(cc4)C5CCN(C[C@@H](C)O)CC5)c3)c(OC)cc12,8.26
240,CHEMBL3681303,COc1cc2[nH]c(cc2cc1Cl)C(=O)c3cnn(c3N)c4ccc5[nH]c(C)nc5c4,8.26
241,CHEMBL3691322,CCN1CCC(CC1)c2ccc(cc2)C(=O)Nc3cc(Oc4cc5ccn(C(=O)NC)c5cc4OCCOC)ccn3,8.27
242,CHEMBL3691331,CCOCCOc1cc2c(ccn2C(=O)NC)cc1Oc3ccnc(NC(=O)c4ccc(cc4)C5CCN(CC5)C(C)C)c3,8.27
243,CHEMBL3686887,CCOCCOc1cc2c(ccn2C(=O)NC)cc1Oc3ccnc(NC(=O)c4ccc(cc4)C5CCN(CCO)CC5)c3,8.28
244,CHEMBL3686885,CNC(=O)n1ccc2cc(Oc3ccnc(NC(=O)c4ccc(cc4)C5CCN(CC5)C(C)C)c3)c(OCCOC)cc12,8.28
245,CHEMBL3691353,CNC(=O)n1ccc2cc(Oc3ccnc(NC(=O)c4ccc(cc4)C5CCN(C[C@@H](C)O)CC5)c3)c(OCCCOC)cc12,8.28
246,CHEMBL3676313,Cc1nc2cc(ccc2[nH]1)n3ncc(C(=O)c4cc5ccc(CN6CCC(O)CC6)cc5[nH]4)c3N,8.28
247,CHEMBL3827803,CC(Oc1ccc2[nH]nc(c3oc4ccccc4n3)c2c1)c5c(Cl)cncc5Cl,8.29
248,CHEMBL3691336,CCOCCOc1cc2c(ccn2C(=O)NC)cc1Oc3ccnc(NC(=O)c4ccc(CN5CCC[C@H]5CO)s4)c3,8.29
249,CHEMBL3681279,Cc1nc2cc(ccc2[nH]1)n3ncc(C(=O)c4cc5c(NCCN6CCOCC6)cccc5[nH]4)c3N,8.29
250,CHEMBL2086756,CCN1CCC(CC1)Nc2ccc3NC(=O)C(=C(c4cccc(F)c4)c5nc6ccccc6[nH]5)c3c2,8.3
251,CHEMBL3691328,CCOCCOc1cc2c(ccn2C(=O)NC)cc1Oc3ccnc(NC(=O)c4ccc(cc4)C5CN(C5)C(C)C)c3,8.3
252,CHEMBL3691321,CNC(=O)n1ccc2cc(Oc3ccnc(NC(=O)c4ccc(cc4)C5CCN(C[C@H](C)O)CC5)c3)c(OCCOC)cc12,8.3
253,CHEMBL2088259,COc1cc(CCc2cc(Nc3ccnc(NCc4ccccn4)n3)n[nH]2)cc(OC)c1,8.3
254,CHEMBL3676312,Cc1nc2cc(ccc2[nH]1)n3ncc(C(=O)C4=CC5C=CC=CC5N4)c3N,8.3
255,sorafenib,CNC(=O)C1=CC(OC2=CC=C(NC(=O)NC3=CC=C(Cl)C(=C3)C(F)(F)F)C=C2)=CC=N1,8.33
256,CHEMBL1834657,CCN1CCN(CC1)c2ccc(Nc3cc(ncn3)N(C)C(=O)Nc4c(Cl)c(OC)cc(OC)c4Cl)cc2.OP(=O)(O)O,8.34
257,CHEMBL3686886,CCOCCOc1cc2c(ccn2C(=O)NC)cc1Oc3ccnc(NC(=O)c4ccc(cc4)C5CCNCC5)c3,8.36
258,CHEMBL3691334,CCOCCOc1cc2c(ccn2C(=O)NC)cc1Oc3ccnc(NC(=O)c4ccc(cc4)C5CCN(CC)CC5)c3,8.38
259,CHEMBL3691332,CCOCCOc1cc2c(ccn2C(=O)NC)cc1Oc3ccnc(NC(=O)c4ccc(cc4)C5CCN(C[C@@H](C)O)CC5)c3,8.38
260,CHEMBL3681282,Cc1nc2cc(ccc2[nH]1)n3ncc(C(=O)c4cc5c(NC(CO)CO)cccc5[nH]4)c3N,8.38
261,CHEMBL3828317,C(Oc1ccc2[nH]nc(c3nc4cc(ccc4[nH]3)N5CCCCC5)c2c1)c6ccccn6,8.39
262,CHEMBL205893,CN1CCN(CC1)c2ccc3[nH]c(nc3c2)c4c(O)nc5cnccc5c4N,8.4
263,CHEMBL278472,COc1cc(OC)cc(c1)c2cc3cnc(NCCCO)cc3nc2NC(=O)NC(C)(C)C,8.4
264,CHEMBL3691341,CCOCCOc1cc2c(ccn2C(=O)NC)cc1Oc3ccnc(NC(=O)c4ccc(cc4)C5CCN(CC(C)(C)O)CC5)c3,8.41
265,CHEMBL3681285,Cc1nc2cc(ccc2[nH]1)n3ncc(C(=O)c4cc5cc(ccc5[nH]4)C(=O)N6CCOCC6)c3N,8.42
266,CHEMBL3691342,CCOCCOc1cc2c(ccn2C(=O)NC)cc1Oc3ccnc(NC(=O)c4ccc(cc4)C5CCN(C)CC5)c3,8.43
267,CHEMBL3827706,CCN1CCN(CC1)c2ccc3[nH]c(nc3c2)c4n[nH]c5ccc(OC(C)c6c(Cl)cncc6Cl)cc45,8.44
268,CHEMBL3701238,COc1cc(OC)cc(c1)C#Cc2nn([C@H]3CCN(C3)C(=O)C=C)c4ncnc(N)c24,8.44
269,CHEMBL3691333,CCOCCOc1cc2c(ccn2C(=O)NC)cc1Oc3ccnc(NC(=O)c4ccc(cc4)C5CCN(C[C@H](C)O)CC5)c3,8.47
270,CHEMBL3701241,COc1cc(OC)cc(c1)C#Cc2nn(C3CN(C3)C(=O)C=C)c4ncnc(N)c24,8.5
271,CHEMBL3701274,COc1cc(OC)cc(c1)C#Cc2cn(C3CN(C3)C(=O)\C=C\CN4CC[C@H](O)C4)c5ncnc(N)c25,8.51
272,CHEMBL379740,CC(C)(C)NC(=O)Nc1cccc2[nH]nc(c3nc4cc(ccc4[nH]3)N5CCC(CC5)N6CCCCC6)c12,8.52
273,CHEMBL495962,CN(C)CC(=O)N(C)c1ccc2[nH]c(nc2c1)C3=C(N)c4ccccc4NC3=O,8.52
274,CHEMBL495763,CN1CCN(CC1)c2ccc3[nH]c(nc3c2)C4=C(N)c5c(C)cccc5NC4=O,8.52
275,CHEMBL498013,CN1CCN(CC1)c2ccc3[nH]c(nc3c2)C4=C(N)c5ccc(F)cc5NC4=O,8.52
276,CHEMBL3681295,Cc1nc2cc(ccc2[nH]1)n3ncc(C(=O)c4cc5cc(ccc5[nH]4)C(=O)O)c3N,8.52
277,CHEMBL3676316,Cc1nc2cc(ccc2[nH]1)n3ncc(C(=O)c4cc5ccc(OC6CCOCC6)cc5[nH]4)c3N,8.52
278,CHEMBL3681287,CCc1nc2cc(ccc2[nH]1)n3ncc(C(=O)c4cc5ccccc5[nH]4)c3N,8.54
279,CHEMBL3681314,Cc1nc2cc(ccc2[nH]1)n3ncc(C(=O)c4cc5ccc(CN6CCC(F)(F)CC6)cc5[nH]4)c3N,8.54
280,CHEMBL3701267,COc1cc(OC)cc(c1)C#Cc2cn(C3CN(C3)C(=O)\C=C\CN(C)C)c4ncnc(N)c24,8.55
281,CHEMBL3828142,COc1ccc2[nH]c(nc2c1)c3n[nH]c4ccc(OC(C)c5c(Cl)cncc5Cl)cc34,8.55
282,CHEMBL3828561,CC(Oc1ccc2[nH]nc(c3nc4cc(ccc4[nH]3)N5CCCCC5)c2c1)c6c(Cl)cncc6Cl,8.57
283,CHEMBL3676328,C[C@H]1COCCN1Cc2ccc3cc([nH]c3c2)C(=O)c4cnn(c4N)c5ccc6[nH]c(C)nc6c5,8.57
284,CHEMBL3676315,Cc1nc2cc(ccc2[nH]1)n3ncc(C(=O)c4cc5ccc(OCCN6CCOCC6)cc5[nH]4)c3N,8.57
285,CHEMBL2088095,Cc1cc(CNc2ncc(Br)c(Nc3cc(CCc4ccccc4)[nH]n3)n2)on1,8.6
286,CHEMBL3681284,Cc1nc2cc(ccc2[nH]1)n3ncc(C(=O)c4cc5ccc(cc5[nH]4)N6CCOCC6)c3N,8.6
287,CHEMBL3828173,CC(Oc1ccc2[nH]nc(c3cc4ccccc4[nH]3)c2c1)c5c(Cl)cncc5Cl,8.62
288,CHEMBL3827601,CC(Oc1ccc2[nH]nc(c3nc4cc(F)ccc4[nH]3)c2c1)c5c(Cl)cncc5Cl,8.68
289,CHEMBL3828649,CNc1ccc2[nH]c(nc2c1)c3n[nH]c4ccc(OC(C)c5c(Cl)cncc5Cl)cc34,8.68
290,CHEMBL3827387,CC(Oc1ccc2[nH]nc(c3nc4cc(C)ccc4[nH]3)c2c1)c5c(Cl)cncc5Cl,8.7
291,CHEMBL3681280,CN1CCN(CC1)C(=O)c2ccc3[nH]c(cc3c2)C(=O)c4cnn(c4N)c5ccc6[nH]c(C)nc6c5,8.7
292,CHEMBL495762,CN1CCN(CC1)c2ccc3[nH]c(nc3c2)C4=C(N)c5c(Cl)cccc5NC4=O,8.7
293,CHEMBL2088260,COc1cc(CCc2cc(Nc3ccnc(NCc4cc(C)on4)n3)n[nH]2)cc(OC)c1,8.7
294,CHEMBL377230,FC(F)(F)c1ccc2c([nH]nc2c1)c3nc4cc(ccc4[nH]3)N5CCC(CC5)N6CCCCC6,8.7
295,CHEMBL3681290,CC(=O)N1CCN(Cc2ccc3cc([nH]c3c2)C(=O)c4cnn(c4N)c5ccc6[nH]c(C)nc6c5)CC1,8.75
296,CHEMBL3827659,CC(Oc1ccc2[nH]nc(c3nc4ccccc4[nH]3)c2c1)c5c(Cl)cncc5Cl,8.75
297,CHEMBL1784637,CNC(=O)c1ncc(C#Cc2cc(ccc2C)C(=O)Nc3ccc(CN4CCN(CCO)CC4)c(c3)C(F)(F)F)n1C,8.75
298,CHEMBL3827145,C(Oc1ccc2[nH]nc(c3nc4cc(ccc4[nH]3)N5CCCCC5)c2c1)c6cccnc6,8.77
299,CHEMBL3681291,CN1CCN(Cc2ccc3[nH]c(cc3c2)C(=O)c4cnn(c4N)c5ccc6[nH]c(C)nc6c5)CC1,8.8
300,CHEMBL3827180,CC(Oc1ccc2[nH]nc(c3nc4cc(CCO)ccc4[nH]3)c2c1)c5c(Cl)cncc5Cl,8.82
301,CHEMBL3828122,CC(Oc1ccc2[nH]nc(c3nc4cc(ccc4[nH]3)N5C[C@@H](C)N[C@@H](C)C5)c2c1)c6c(Cl)cncc6Cl,8.85
302,CHEMBL3701239,COc1cc(OC)cc(c1)C#Cc2nn([C@H]3CCN(C3)C(=O)C#C)c4ncnc(N)c24,8.85
303,CHEMBL3681292,Cc1nc2cc(ccc2[nH]1)n3ncc(C(=O)c4cc5cc(CN6CCCC6)ccc5[nH]4)c3N,8.85
304,CHEMBL3681278,Cc1nc2cc(ccc2[nH]1)n3ncc(C(=O)c4cc5ccc(CN6CCOCC6)cc5[nH]4)c3N,8.85
305,CHEMBL3348846,COc1cc(CCc2cc(NC(=O)c3ccc(cc3)N4C[C@@H](C)N[C@@H](C)C4)n[nH]2)cc(OC)c1,8.89
306,CHEMBL3701266,COc1cc(OC)cc(c1)C#CC2=CN(C3CN(C3)C(=O)C=C)C4N=CN=C(N)C24,8.92
307,CHEMBL3827330,C[C@@H](Oc1ccc2[nH]nc(c3nc4cc(CCO)ccc4[nH]3)c2c1)c5c(Cl)cncc5Cl,8.92
308,CHEMBL378024,CC(C)(C)NC(=O)Nc1ccc2[nH]nc(c3nc4cc(ccc4[nH]3)N5CCC(CC5)N6CCCCC6)c2c1,9.0
309,CHEMBL3827268,CC(Oc1ccc2[nH]nc(c3nc4cc(ccc4[nH]3)C5CCN(C)CC5)c2c1)c6c(Cl)cncc6Cl,9.0
310,CHEMBL3828740,CC(Oc1ccc2[nH]nc(c3nc4cc(ccc4[nH]3)N5CCN(C)CC5)c2c1)c6c(Cl)cncc6Cl,9.0
311,CHEMBL495749,CN1CCCC(C1)Oc2cccc3NC(=O)C(=C(N)c23)c4nc5ccccc5[nH]4,9.0
312,CHEMBL498551,CN1CCN(CC1)c2cccc3NC(=O)C(=C(N)c23)c4nc5ccccc5[nH]4,9.0
313,CHEMBL3800526,COc1cc(CCc2cc(Nc3ncnc4cc(ccc34)N5CCN6CCCCC6C5)n[nH]2)cc(OC)c1,9.0
314,CHEMBL3827178,C[C@@H](Oc1ccc2[nH]nc(c3nc4cc(ccc4[nH]3)N5CCN(C)CC5)c2c1)c6c(Cl)cncc6Cl,9.05
315,CHEMBL3676325,Cc1nc2cc(ccc2[nH]1)n3ncc(C(=O)c4cc5ccc(OCC6(C)COC6)cc5[nH]4)c3N,9.09
316,CHEMBL3828465,CC(Oc1ccc2[nH]nc(c3nc4cc(ccc4[nH]3)N5CCC(CC5)N6CCCCC6)c2c1)c7c(Cl)cncc7Cl,9.1
317,ponatinib,CN1CCN(CC2=CC=C(NC(=O)C3=CC=C(C)C(=C3)C#CC3=CN=C4C=CC=NN34)C=C2C(F)(F)F)CC1,9.16
318,CHEMBL3681272,Cc1nc2cc(ccc2[nH]1)n3ncc(C(=O)c4cc5cc(CN6CCCC(F)C6)ccc5[nH]4)c3N,9.17
319,CHEMBL3827725,COCCNc1ccc2[nH]c(nc2c1)c3n[nH]c4ccc(OC(C)c5c(Cl)cncc5Cl)cc34,9.22
320,CHEMBL3828439,CC(Oc1ccc2[nH]nc(c3nc4cc(ccc4[nH]3)N(C)C(=O)CN(C)C)c2c1)c5c(Cl)cncc5Cl,9.4
321,CHEMBL3681271,CC1CCC(C)N1Cc2ccc3[nH]c(cc3c2)C(=O)c4cnn(c4N)c5ccc6[nH]c(C)nc6c5,9.5
322,CHEMBL3827492,CC(Oc1ccc2[nH]nc(c3nc4cc(NCCN(C)C)ccc4[nH]3)c2c1)c5c(Cl)cncc5Cl,9.52
323,CHEMBL3828009,C[C@@H](Oc1ccc2[nH]nc(\C=C\c3cnn(CCO)c3)c2c1)c4c(Cl)cncc4Cl,9.52
324,CHEMBL3827818,CC(Oc1ccc2[nH]nc(c3nc4cc(ccc4[nH]3)N5CCOCC5)c2c1)c6c(Cl)cncc6Cl,9.7
