,molecule_chembl_id,canonical_smiles,pchembl_value
0,dasatinib,CC1=NC(NC2=NC=C(S2)C(=O)NC2=C(C)C=CC=C2Cl)=CC(=N1)N1CCN(CCO)CC1,9.3
1,bosutinib,COc1cc(Nc2c(cnc3cc(OCCCN4CCN(C)CC4)c(OC)cc23)C#N)c(Cl)cc1Cl,8.2
2,CHEMBL388978,CN[C@@H]1C[C@H]2O[C@@](C)([C@@H]1OC)n3c4ccccc4c5c6CNC(=O)c6c7c8ccccc8n2c7c35,7.77
3,CHEMBL450519,Nc1ncnc2c1c(cn2C3CCNCC3)c4cccc(O)c4,8.16
4,CHEMBL2336005,Oc1cccc(Nc2ccnc3cc(sc23)c4cccc(CN5CCOCC5)c4)c1,8.43
5,CHEMBL386051,CSc1cccc(Nc2ncc3C=C(C(=O)N(C)c3n2)c4c(Cl)cccc4Cl)c1,8.62
6,CHEMBL2151321,CC(C)Oc1cc(n[nH]1)n2cnc3ccc(N[C@@H](C)c4ccc(F)cn4)nc23,8.66
7,CHEMBL364623,Cc1cc(Nc2ncc(s2)C(=O)Nc3c(C)cccc3Cl)nc(C)n1,9.1
8,CHEMBL249097,Cc1ccc(O)cc1Nc2ccnc(Nc3cccc(c3)C(=O)N)n2,9.52
