,molecule_chembl_id,canonical_smiles,pchembl_value
0,lenvatinib,COC1=CC2=C(C=C1C(N)=O)C(OC1=CC=C(NC(=O)NC3CC3)C(Cl)=C1)=CC=N2,7.65757751
1,nintedanib,COC(=O)c1ccc2\C(=C(\Nc3ccc(cc3)N(C)C(=O)CN4CCN(C)CC4)/c5ccccc5)\C(=O)Nc2c1,6.98296642
2,sunitinib,CCN(CC)CCNC(=O)c1c(C)[nH]c(\C=C\2/C(=O)Nc3ccc(F)cc23)c1C,7.22914791
3,pazopanib,CN(C1=CC2=NN(C)C(C)=C2C=C1)C1=NC(NC2=CC(=C(C)C=C2)S(N)(=O)=O)=NC=C1,7.85
4,sorafenib,CNC(=O)C1=CC(OC2=CC=C(NC(=O)NC3=CC=C(Cl)C(=C3)C(F)(F)F)C=C2)=CC=N1,7.51
5,axitinib,CNC(=O)C1=C(SC2=CC=C3C(NN=C3\C=C\C3=CC=CC=N3)=C2)C=CC=C1,8.24
6,CHEMBL2087169,CCN1CCC(CC1)Nc2ccc3NC(=O)C(=C(c4ccccc4F)c5nc(C)c[nH]5)c3c2,7.54
7,CHEMBL211662,C1CCN(CC1)C2CCN(CC2)c3ccc4[nH]c(nc4c3)c5[nH]nc6ccc(Oc7ccccc7)cc56,7.55
8,CHEMBL378299,C1CCN(CC1)C2CCN(CC2)c3ccc4[nH]c(nc4c3)c5[nH]nc6ccccc56,7.55
9,CHEMBL1082829,CCCCn1c2ccc(cc2c3c4CNC(=O)c4c5c(CCc6nn(C)cc56)c13)C7CCCCO7,7.55
10,CHEMBL525909,COC(=O)c1ccc2\C(=C(\Nc3ccc(cc3)N(CCCN(C)C)C(=O)C)/c4ccccc4)\C(=O)Nc2c1,7.55
11,CHEMBL274654,Cc1[nH]c(\C=C\2/C(=O)Nc3ccccc23)c(C)c1CCC(=O)O,7.55
12,CHEMBL383417,NC1=C(C(=O)Nc2ccccc12)c3nc4ccccc4[nH]3,7.55
13,CHEMBL308498,CC(C)(CO)NCc1ccc(cc1)c2cc3ncnc(Nc4ccc5[nH]ccc5c4)c3s2,7.6
14,CHEMBL2086759,CCN1CCC(CC1)Nc2ccc3NC(=O)C(=C(c4cccc(F)c4)c5ncc[nH]5)c3c2,7.6
15,CHEMBL212932,CN(Cc1ccc(s1)c2[nH]nc3c2Cc4ccc(CN5CCN(C)CC5)cc34)C(=O)Nc6ccc(OC(F)(F)F)cc6,7.6
16,CHEMBL1202473,Cl.COc1cc2c(Nc3cc(O)c(C)cc3F)ncnc2cc1OCC4CCN(C)CC4,7.6
17,CHEMBL418909,CC(=O)NCCNCc1ccc(cc1)c2cc3nccc(Nc4ccc5[nH]ccc5c4)c3s2,7.62
18,CHEMBL270084,COc1ccc(c2ccc(NC(=O)Nc3cc(C)ccc3F)cc2)c4c(N)noc14,7.62
19,CHEMBL436806,Nc1ncnc2occ(c3ccc(NC(=O)Nc4ccc5ccccc5c4)cc3)c12,7.62
20,CHEMBL386051,CSc1cccc(Nc2ncc3C=C(C(=O)N(C)c3n2)c4c(Cl)cccc4Cl)c1,7.64
21,CHEMBL77782,CN(C)CCc1ccc(cc1)c2cc3ncnc(Nc4ccc5[nH]ccc5c4)c3s2,7.66
22,CHEMBL24828,COc1cc2c(Nc3ccc(Br)cc3F)ncnc2cc1OCC4CCN(C)CC4,7.66
23,CHEMBL204727,Nc1c(c(O)nc2ccccc12)c3nc4ccc[nH]c4n3,7.66
24,CHEMBL379108,C(Nc1ccc2[nH]nc(c3nc4cc(ccc4[nH]3)N5CCC(CC5)N6CCCCC6)c2c1)C7CCCCC7,7.68
25,CHEMBL2087167,CCN1CCC(CC1)Nc2ccc3NC(=O)C(=C(c4cccc(F)c4)c5nc(C)c[nH]5)c3c2,7.7
26,CHEMBL378831,CN(Cc1ccc(s1)c2[nH]nc3c2Cc4ccc(CN5CCN(C)CC5)cc34)C(=O)Nc6cccc(Cl)c6,7.7
27,CHEMBL2063323,CN1CCN(CC1)c2ccc(cc2)C(=O)Nc3cc(n[nH]3)c4ccc(CNC(=O)OCc5ccccc5)cc4,7.7
28,CHEMBL3355065,CNc1cc2ccc(cc2cn1)C#CCOc3ccc(CN4CCNCC4)c(c3)C(F)(F)F,7.7
29,CHEMBL246166,COC(=O)C(=O)Nc1cccc2c1Cc3c2n[nH]c3c4csc(c4)C#CCOc5ccccc5,7.7
30,CHEMBL3656053,Cc1ccoc1C(=O)Nc2cccc(Oc3ccnc(c3)c4cc(c[nH]4)C(=O)N5CC[C@H](O)C5)c2,7.7
31,CHEMBL2448066,Cl.COc1cc2c(Nc3cc(O)c(Cl)cc3F)ncnc2cc1OCC4CCN(C)CC4,7.7
32,CHEMBL3660281,OC(=O)c1c[nH]c(c1)c2cc(Oc3ccc(NC(=O)Nc4ccc(Cl)c(c4)C(F)(F)F)cc3)ccn2,7.7
33,CHEMBL379088,CN(Cc1ccc(s1)c2[nH]nc3c2Cc4cc(CN5CCN(C)CC5)ccc34)C(=O)Nc6cccc(OC(F)(F)F)c6,7.72
34,CHEMBL388978,CN[C@@H]1C[C@H]2O[C@@](C)([C@@H]1OC)n3c4ccccc4c5c6CNC(=O)c6c7c8ccccc8n2c7c35,7.72
35,CHEMBL2332119,NC(=O)C1=C(N)C(=O)C=C(Nc2ccccc2O)C1=O,7.75
36,CHEMBL78018,NCc1ccc(cc1)c2cc3ncnc(Nc4ccc5[nH]ccc5c4)c3s2,7.75
37,CHEMBL431977,NC(=O)C1CCN(Cc2ccc(cc2)c3cc4nccc(Nc5ccc6[nH]ccc6c5)c4s3)CC1,7.77
38,CHEMBL1084337,CC(C)Cn1c2ccc(cc2c3c4CNC(=O)c4c5c(CCc6nn(C)cc56)c13)C7CCCCO7,7.8
39,CHEMBL150894,CC(C)OCc1ccc2c(c1)c3c4CNC(=O)c4c5c(Cc6ccccc56)c3n2CCCO,7.8
40,CHEMBL475251,COc1cc(Nc2ncc(F)c(Nc3ccc4OC(C)(C)C(=O)Nc4n3)n2)cc(OC)c1OC,7.8
41,CHEMBL430090,COc1ccc(c2ccc(NC(=O)Nc3cccc(c3)C(F)(F)F)cc2)c4c(N)noc14,7.8
42,CHEMBL3660290,Cc1ccc(F)c(NC(=O)Nc2ccc(Oc3ccnc(c3)c4cc(c[nH]4)C(=O)OCC(O)CO)cc2)c1,7.8
43,CHEMBL194911,COc1ccc(cc1)c2oc3ncnc(N)c3c2c4ccc(NC(=O)Nc5cc(ccc5F)C(F)(F)F)cc4,7.81
44,CHEMBL3656037,CCNC(=O)c1c[nH]c(c1)c2cc(Oc3cccc(c3)C(=O)Nc4occc4C)ccn2,7.82
45,CHEMBL380372,COC(=O)c1ccc2[nH]nc(c3nc4cc(ccc4[nH]3)N5CCC(CC5)N6CCCCC6)c2c1,7.82
46,CHEMBL1254007,Cn1ccc2ncnc(Oc3ccc(NC(=O)Nc4cccc(c4)C(F)(F)F)c(F)c3)c12,7.82
47,CHEMBL202011,O=C(Nc1cnc2ccccc2c1)c3ccccc3NCc4ccncc4,7.82
48,CHEMBL2205426,CC(C)(C)NC1=C(Nc2ccnc(Nc3ccc(cc3)c4ccncc4)n2)C(=O)C1=O,7.85
49,CHEMBL213910,CN(Cc1ccc(s1)c2[nH]nc3c2Cc4ccc(CN5CCN(C)CC5)cc34)C(=O)Nc6cccc(c6)C(F)(F)F,7.85
50,CHEMBL204524,CN1CCN(CC1)c2ccc3[nH]c(nc3n2)c4c(O)nc5ccccc5c4N,7.85
51,CHEMBL3660268,Cc1ccc(F)c(NC(=O)Nc2ccc(Oc3ccnc(c3)c4cc(c[nH]4)C(=O)NO)cc2)c1,7.89
52,CHEMBL3639549,Cc1cccc(NC(=O)c2cccc(Oc3ccnc(c3)c4cc(c[nH]4)C(=O)O)c2)c1,7.89
53,CHEMBL3696075,NC(=O)c1c(NC(=O)NCCCN2CCOCC2)snc1c3ccc(NC(=O)Nc4cc(ccc4F)C(F)(F)F)cc3,7.89
54,CHEMBL572881,CC1(C)CNc2cc(NC(=O)c3cccnc3NCc4ccncc4)ccc12,7.92
55,CHEMBL1668411,COc1cc(O)c2C(=O)O[C@@H](C)C\C=C/C(=O)[C@@H](O)[C@H](O)C\C=C\c2c1,7.92
56,CHEMBL204426,NC1=C(C(=O)Nc2ccccc12)c3nc4cc(ccc4[nH]3)N5CCOCC5,7.92
57,CHEMBL3426917,[2H]C([2H])([2H])Oc1cc2nccc(Oc3ccc(NC(=O)Nc4cc(C)on4)c(Cl)c3)c2cc1OC([2H])([2H])[2H],7.95
58,CHEMBL478629,C(CN1CCCCC1)Oc2ccc(cc2)c3cnc4c(cnn4c3)c5ccncc5,7.96
59,CHEMBL209704,C(Oc1ccc2c([nH]nc2c1)c3nc4cc(ccc4[nH]3)N5CCC(CC5)N6CCCCC6)c7ccccc7,7.96
60,CHEMBL2087168,CCN1CCC(CC1)Nc2ccc3NC(=O)C(=C(c4cc(F)cc(F)c4)c5nc(C)c[nH]5)c3c2,7.96
61,CHEMBL3696073,Cc1ccc(F)c(NC(=O)Nc2ccc(cc2)c3nsc(NC(=O)NCCCN4CCOCC4)c3C(=O)N)c1,7.96
62,CHEMBL1822792,CN(C[C@@H]1COCCO1)S(=O)(=O)Nc2ccc3C=Cc4ncc(cc4C(=O)c3c2)c5cnn(C)c5,8.0
63,CHEMBL204427,CN1CCN(CC1)c2ccc3[nH]c(nc3c2)C4=C(N)c5ccccc5NC4=O,8.0
64,CHEMBL377300,C[C@@H](O)COc1cn2ncnc(Oc3ccc4[nH]c(C)cc4c3F)c2c1C,8.0
65,CHEMBL3660270,Cc1ccc(F)c(NC(=O)Nc2ccc(Oc3ccnc(c3)c4cc(c[nH]4)C(=O)NCCCO)cc2)c1,8.0
66,CHEMBL262433,Cc1ccc(F)c(NC(=O)Nc2ccc(cc2)c3nsc4ncnc(N)c34)c1,8.0
67,CHEMBL212054,Fc1ccc2c([nH]nc2c1)c3nc4cc(ccc4[nH]3)N5CCC(CC5)N6CCCCC6,8.0
68,CHEMBL380702,Nc1c(c(O)nc2ccccc12)c3nc4ccc([nH]c4n3)N5CCOCC5,8.0
69,CHEMBL495727,O=C(NC1CC1)Nc2c[nH]nc2c3nc4cc(CN5CCOCC5)ccc4[nH]3,8.0
70,CHEMBL101253,Clc1ccc(Nc2nnc(Cc3ccncc3)c4ccccc24)cc1,8.02
71,CHEMBL3740721,CS(=O)(=O)Cc1cccc(Nc2nccc(Oc3ccc4c(cccc4c3)C(=O)Nc5ccccc5)n2)c1,8.03
72,CHEMBL3696072,NC(=O)c1c(NC(=O)NCCCN2CCOCC2)snc1c3ccc(NC(=O)Nc4ccccc4)cc3,8.05
73,CHEMBL247228,Nc1ncnc2occ(c3ccc(NC(=O)Nc4cc(ccc4F)C(F)(F)F)cc3)c12,8.07
74,CHEMBL2206666,FC(F)(F)c1cccc(c1)C(=O)Nc2cccc(Oc3ccc4nccn4n3)c2,8.08
75,CHEMBL212429,CN(C1CCN(C)CC1)c2ccc3[nH]c(nc3c2)c4[nH]nc5ccccc45,8.1
76,CHEMBL258015,CO\N=C(/C)\c1ccc2c(c1)c3c4CNC(=O)c4c5c(CCc6nn(C)cc56)c3n2CC(C)C,8.1
77,CHEMBL276711,Cc1cc(C)c(\C=C\2/C(=O)Nc3ccccc23)[nH]1,8.1
78,CHEMBL3765306,Cl.CC1=[N+](C(=O)C(C=C1)C(=O)Nc2ccc(Oc3ccc4nc(NC(=O)C5CC5)cn4c3)c(F)c2)c6ccccc6,8.11
79,CHEMBL2348996,Cc1cc(C(=O)Nc2cccc(Oc3ccc4nc(NC(=O)C5CC5)cn4n3)c2)n(C)n1,8.13
80,CHEMBL223360,Cc1ccc(F)c(NC(=O)Nc2ccc(cc2)c3cccc4[nH]nc(N)c34)c1,8.13
81,CHEMBL273564,Nc1ncnc2occ(c3ccc(NC(=O)Nc4cccc(c4)C(F)(F)F)cc3)c12,8.15
82,CHEMBL80540,C(CN1CCNCC1)NCc2ccc(cc2)c3cc4nccc(Nc5ccc6[nH]ccc6c5)c4s3,8.16
83,CHEMBL2086760,CCN1CCC(CC1)Nc2ccc3NC(=O)C(=C(c4ccc(Cl)cc4)c5ncc[nH]5)c3c2,8.16
84,CHEMBL3696076,Cc1ccc(NC(=O)Nc2ccc(cc2)c3nsc(NC(=O)NCCCN4CCOCC4)c3C(=O)N)cc1,8.16
85,CHEMBL404367,Cc1cccc(NC(=O)Nc2ccc(cc2)c3cncc4c3c(N)nn4C)c1,8.16
86,CHEMBL2180605,Cl.CNC(=O)c1cccc2cc(Oc3ccnc4cc(OCC5(N)CC5)c(OC)cc34)ccc12,8.16
87,CHEMBL1230609,COc1cc2c(Oc3ccc(NC(=O)C4(CC4)C(=O)Nc5ccc(F)cc5)cc3F)ccnc2cc1OCCCN6CCOCC6,8.17
88,CHEMBL2409779,Cc1cc(C(=O)Nc2cccc(Oc3ccc4nc(NC(=O)C5CC5)cn4c3)c2)n(C)n1,8.19
89,CHEMBL1289494,COc1cc2nccc(Oc3ccc(NC(=O)Nc4cc(C)on4)c(Cl)c3)c2cc1OC,8.2
90,CHEMBL245377,CN1CCN(CC(=O)Nc2cccc3c2Cc4c3n[nH]c4c5csc(c5)C#CCOc6ccccc6)CC1,8.22
91,CHEMBL3656111,Cc1cccc(NC(=O)Nc2ccc(Oc3ccnc(c3)c4cc(c[nH]4)C(=O)N5CCC[C@@H](O)C5)cc2)c1,8.22
92,CHEMBL204985,Nc1c(c(O)nc2cnccc12)c3nc4ccc[nH]c4n3,8.22
93,CHEMBL310740,OCCNCc1ccc(cc1)c2cc3nccc(Nc4ccc5[nH]ccc5c4)c3s2,8.22
94,CHEMBL504075,C[C@H](Nc1cncc(Cl)n1)c2cccc(NC(=O)c3cccc(C)c3)c2,8.24
95,CHEMBL1784637,CNC(=O)c1ncc(C#Cc2cc(ccc2C)C(=O)Nc3ccc(CN4CCN(CCO)CC4)c(c3)C(F)(F)F)n1C,8.28
96,CHEMBL312482,C(N1CCOCC1)c2ccc(cc2)c3cc4nccc(Nc5ccc6[nH]ccc6c5)c4s3,8.3
97,CHEMBL3656114,CCNC(=O)c1c[nH]c(c1)c2cc(Oc3ccc(NC(=O)Nc4cccc(C)c4)cc3)ccn2,8.3
98,CHEMBL491473,COc1cc2c(Oc3ccc4[nH]c(C)cc4c3F)ncnc2cc1OCCCN5CCCC5,8.3
99,CHEMBL311111,Cc1cc2cc(Nc3ccnc4cc(sc34)c5ccc(CN6CCOCC6)cc5)ccc2[nH]1,8.3
100,CHEMBL78700,Cc1cc2cc(Nc3ccnc4cc(sc34)c5ccc(CNCCCO)cc5)ccc2[nH]1,8.3
101,CHEMBL77342,Cc1cc2cc(Nc3ccnc4cc(sc34)c5ccc(CNCCOCCO)cc5)ccc2[nH]1,8.3
102,CHEMBL3656104,Cc1ccc(F)c(NC(=O)Nc2ccc(Oc3ccnc(c3)c4cc(c[nH]4)C(=O)N5CCC(C5)C(=O)O)cc2)c1,8.3
103,CHEMBL3656090,Cc1ccc(F)c(NC(=O)Nc2ccc(Oc3ccnc(c3)c4cc(c[nH]4)C(=O)NCCC(=O)O)cc2F)c1,8.3
104,CHEMBL255955,Nc1n[nH]c2nccc(c3ccc(NC(=O)Nc4cccc(c4)C(F)(F)F)cc3)c12,8.3
105,CHEMBL3739732,CS(=O)(=O)Cc1cccc(Nc2nccc(Oc3ccc4c(cccc4c3)C(=O)Nc5cccnc5)n2)c1,8.31
106,CHEMBL1721885,Cc1[nH]c(\C=C\2/C(=O)Nc3ccc(F)cc23)c(C)c1C(=O)NC[C@H](O)CN4CCOCC4,8.33
107,CHEMBL2004290,COc1ccc(NC(=O)Nc2ccc(cc2)c3csc4c(cnc(N)c34)c5cnn(CC(C)(C)O)c5)cc1,8.37
108,CHEMBL3740487,CS(=O)(=O)Cc1cccc(Nc2nccc(Oc3ccc4c(cccc4c3)C(=O)Nc5cccc(F)c5)n2)c1,8.38
109,CHEMBL312818,C(CN(c1cc2ncnc(Nc3ccc4[nH]ccc4c3)c2s1)n5ccnc5)Cc6ccccc6,8.4
110,CHEMBL1271532,C(CN1CCOCC1)Oc2ccc(cc2)c3cnc4c(cnn4c3)c5cn[nH]c5,8.4
111,CHEMBL80809,CC(=O)NCCNCc1ccc(cc1)c2cc3ncnc(Nc4ccc5[nH]ccc5c4)c3s2,8.4
112,CHEMBL379740,CC(C)(C)NC(=O)Nc1cccc2[nH]nc(c3nc4cc(ccc4[nH]3)N5CCC(CC5)N6CCCCC6)c12,8.4
113,CHEMBL79206,CN(CCO)Cc1ccc(cc1)c2cc3nccc(Nc4ccc5[nH]ccc5c4)c3s2,8.4
114,CHEMBL80164,Cc1cc2cc(Nc3ccnc4cc(sc34)c5ccc(CNCCO)cc5)ccc2[nH]1,8.4
115,CHEMBL3656086,Cc1ccc(F)c(NC(=O)Nc2ccc(Oc3ccnc(c3)c4cc(c[nH]4)C(=O)N5CCC(C5)C(=O)O)cc2F)c1,8.4
116,CHEMBL3656099,Cc1ccc(F)c(NC(=O)Nc2ccc(Oc3ccnc(c3)c4cc(c[nH]4)C(=O)NCCCC(=O)O)cc2)c1,8.4
117,CHEMBL3660294,Cc1ccc(F)c(NC(=O)Nc2ccc(Oc3ccnc(c3)c4cc(c[nH]4)C(=O)O)cc2)c1,8.4
118,CHEMBL205108,Nc1c(c(O)nc2cnccc12)c3nc4cc(ccc4[nH]3)N5CCOCC5,8.4
119,CHEMBL383618,Nc1c(c(O)nc2cnccc12)c3nc4ccccc4[nH]3,8.4
120,CHEMBL77452,OCCCNCc1ccc(cc1)c2cc3nccc(Nc4ccc5[nH]ccc5c4)c3s2,8.4
121,CHEMBL421326,OCCOCCNCc1ccc(cc1)c2cc3nccc(Nc4ccc5[nH]ccc5c4)c3s2,8.4
122,CHEMBL2409778,Cc1cc(C(=O)Nc2cc(Oc3ccc4nc(NC(=O)C5CC5)nn4c3)ccc2F)n(C)n1,8.44
123,CHEMBL2180604,Cc1cc(C(=O)Nc2cc(Oc3ccc4nc(NC(=O)C5CC5)cn4n3)ccc2C)n(C)n1,8.5
124,CHEMBL377346,C(Oc1ccc2[nH]nc(c3nc4cc(ccc4[nH]3)N5CCC(CC5)N6CCCCC6)c2c1)c7ccccc7,8.52
125,CHEMBL2010872,CC(C)Cn1c2ccc(Nc3ncccn3)cc2c4c5CNC(=O)c5c6c(CCc7nn(C)cc67)c14,8.52
126,CHEMBL81375,CN(CCO)Cc1ccc(cc1)c2cc3nccc(Nc4ccc5[nH]c(C)cc5c4)c3s2,8.52
127,CHEMBL205893,CN1CCN(CC1)c2ccc3[nH]c(nc3c2)c4c(O)nc5cnccc5c4N,8.52
128,CHEMBL522892,CN1CCN(CC1)c2ccc3nc([nH]c3c2)C4=C(N)c5c(F)cccc5NC4=O,8.52
129,CHEMBL433936,COCCOc1cc2nccc(Nc3cc(O)c(Cl)cc3F)c2cc1OC,8.52
130,CHEMBL79060,Cc1cc2cc(Nc3ccnc4cc(sc34)c5ccc(CNCCN6CCNCC6)cc5)ccc2[nH]1,8.52
131,CHEMBL3656087,Cc1ccc(F)c(NC(=O)Nc2ccc(Oc3ccnc(c3)c4cc(c[nH]4)C(=O)NCCCC(=O)O)cc2F)c1,8.52
132,CHEMBL3656096,Cc1cccc(NC(=O)Nc2ccc(Oc3ccnc(c3)c4cc(c[nH]4)C(=O)O)cc2F)c1,8.52
133,CHEMBL453057,Cc1cccc(NC(=O)Nc2ccc(cc2)c3cnc4c(ccn4c3N)c5cnn(C)c5)c1,8.52
134,CHEMBL3696074,Cc1cccc(NC(=O)Nc2ccc(cc2)c3nsc(NC(=O)NCCCN4CCOCC4)c3C(=O)N)c1,8.52
135,CHEMBL3764474,Cn1ccnc1c2cc3c(Oc4ccc(NC(=S)NC(=O)Cc5ccccc5)cc4F)ccnc3s2,8.52
136,CHEMBL30327,Clc1cc2Oc3cc(Cl)c(Cl)cc3Oc2cc1Cl,8.57
137,CHEMBL1980297,Nc1ncc(c2cnn(CCO)c2)c3scc(c4ccc(NC(=O)Nc5cccc(F)c5)cc4)c13,8.68
138,CHEMBL3646210,C[C@H](O)Cn1cc(cn1)c2cnc(N)c3c(csc23)c4ccc(NC(=O)Nc5cccc(C)c5)cc4,8.69
139,CHEMBL390156,CN1CCN(Cc2ccc3c(Cc4c(n[nH]c34)c5csc(c5)C#CCOc6ccccc6)c2)CC1,8.7
140,CHEMBL3660275,Cc1cccc(NC(=O)Nc2ccc(Oc3ccnc(c3)c4cc(c[nH]4)C(=O)O)cc2)c1,8.7
141,CHEMBL196363,Cc1cccc(NC(=O)Nc2ccc(cc2)c3csc4ncnc(N)c34)c1,8.7
142,CHEMBL377230,FC(F)(F)c1ccc2c([nH]nc2c1)c3nc4cc(ccc4[nH]3)N5CCC(CC5)N6CCCCC6,8.7
143,CHEMBL311109,NC(=O)C1CCN(Cc2ccc(cc2)c3cc4ncnc(Nc5ccc6[nH]ccc6c5)c4s3)CC1,8.7
144,CHEMBL1271641,Oc1ccc(cc1O)c2cnn3cc(cnc23)c4ccc(OCCN5CCOCC5)cc4,8.7
145,CHEMBL1969102,Cc1cccc(NC(=O)Nc2ccc(cc2)c3csc4c(cnc(N)c34)c5cn[nH]c5)c1,8.72
146,CHEMBL3646211,COc1ccc(NC(=O)Nc2ccc(cc2)c3csc4c(cnc(N)c34)c5cnn(C[C@H](O)CO)c5)cc1,8.84
147,CHEMBL2180602,CCN(CC)CCNC(=O)c1c(C)[nH]c2\C(=C\3/C(=O)Nc4ccc(F)cc34)\CCCc12,8.89
148,CHEMBL378024,CC(C)(C)NC(=O)Nc1ccc2[nH]nc(c3nc4cc(ccc4[nH]3)N5CCC(CC5)N6CCCCC6)c2c1,9.0
149,CHEMBL406381,CCCNC(=O)Nc1ccc(Oc2ncnc3cc(OC)c(OC)cc23)cc1Cl,9.0
150,CHEMBL429743,COc1cc2nccc(Oc3ccc4c(cccc4c3)C(=O)Nc5ccc(Cl)cc5)c2cc1OC,9.3
