,molecule_chembl_id,canonical_smiles,pchembl_value
0,cabozantinib,COC1=CC2=NC=CC(OC3=CC=C(NC(=O)C4(CC4)C(=O)NC4=CC=C(F)C=C4)C=C3)=C2C=C1OC,7.94692135
1,sunitinib,CCN(CC)CCNC(=O)c1c(C)[nH]c(\C=C\2/C(=O)Nc3ccc(F)cc23)c1C,9.66
2,sorafenib,CNC(=O)C1=CC(OC2=CC=C(NC(=O)NC3=CC=C(Cl)C(=C3)C(F)(F)F)C=C2)=CC=N1,8.35
3,CHEMBL2181329,CCN(CC)CCOc1ccc2Nc3nccc(n3)c4cccc(COCC=CCOCc1c2)c4,7.54
4,CHEMBL2206015,COc1cc(\C=C\2/C(=O)Nc3ccc(Cl)cc23)ccc1OCCN(C)C,7.54
5,CHEMBL124660,COc1cc2c(ncnc2cc1OCCCN3CCCCC3)N4CCN(CC4)C(=O)Nc5ccc(OC(C)C)cc5,7.54
6,CHEMBL219998,COc1ccc(c2ccc(NC(=O)Nc3cccc(C)c3)cc2)c4c(N)n[nH]c14,7.54
7,CHEMBL1287853,Cc1cnc(Nc2ccc(OCCN3CCCC3)cc2)nc1Nc4cccc(c4)S(=O)(=O)NC(C)(C)C,7.54
8,CHEMBL1945823,N#CCN1C\C=C\CCOc2cccc(c2)c3ccnc(Nc4ccc(OCCN5CCCC5)c(C1)c4)n3,7.54
9,CHEMBL1807477,O=C(Nc1cc(n[nH]1)c2cccc(NS(=O)(=O)c3ccccc3)c2)c4ccc(cc4)N5CCOCC5,7.54
10,CHEMBL1945170,CN(C)CCCc1cccc(Nc2ncc3CC(=S)Nc4cc(Cl)ccc4c3n2)c1,7.55
11,CHEMBL1097359,Cc1ccc2NC(=O)\C(=C/3\C(\c4c(N3)cccc4)=N\O)\c2c1,7.55
12,CHEMBL1952136,FC(F)(F)c1cccc(c1)n2nnc3ccc(NCC4CC5(CCNCC5)C4)nc23,7.55
13,CHEMBL410663,Nc1noc2cccc(c3ccc(NC(=O)Nc4ccc(F)c(c4)C(F)(F)F)cc3)c12,7.55
14,CHEMBL2063331,CN1CCN(CC1)c2ccc(cc2)C(=O)Nc3cc(n[nH]3)c4ccc(CNC(=O)OCc5cc(C)on5)cc4,7.57
15,CHEMBL210601,COc1ccc(cc1OC)C(=O)Nc2sc3CCCc3c2C(=O)N,7.57
16,CHEMBL381207,Cc1sc2ncnc(N)c2c1c3ccc(NC(=O)Nc4cc(ccc4F)C(F)(F)F)cc3,7.57
17,CHEMBL1835743,Nc1nc(Nc2cc(ccc2F)N3CCOCC3)nn1c4ccccn4,7.57
18,CHEMBL271955,Nc1noc2cccc(c3ccc(NC(=O)Nc4ccc(OC(F)(F)F)cc4)cc3)c12,7.57
19,CHEMBL2336005,Oc1cccc(Nc2ccnc3cc(sc23)c4cccc(CN5CCOCC5)c4)c1,7.58
20,CHEMBL2181331,C(CN1CCCCC1)Oc2ccc3Nc4nccc(n4)c5cccc(COCC=CCOCc2c3)c5,7.59
21,CHEMBL3814657,CN(C)CCCn1cc(cn1)c2ccc3C(=O)c4c([nH]c5cc(ccc45)C#N)c3c2,7.59
22,nintedanib,COC(=O)c1ccc2\C(=C(\Nc3ccc(cc3)N(C)C(=O)CN4CCN(C)CC4)/c5ccccc5)\C(=O)Nc2c1,7.59
23,CHEMBL2386809,Cc1nc(Nc2cc(n[nH]2)c3ccc(CNC(=O)Nc4cc(on4)C(C)(C)C)cc3)cc(n1)N5CCNCC5,7.59
24,CHEMBL2386810,Cc1nc(Nc2cc(n[nH]2)c3ccc(CNC(=O)Nc4cccc(Cl)c4)cc3)cc(n1)N5CCNCC5,7.59
25,CHEMBL220049,Nc1n[nH]c2cccc(c3ccc(NC(=O)Nc4ccc(F)cc4)cc3)c12,7.59
26,CHEMBL223304,Nc1n[nH]c2cccc(c3ccc(NC(=O)Nc4cccc(O)c4)cc3)c12,7.59
27,CHEMBL1080783,CC(C)(C)c1onc(NC(=O)Nc2ccc(cc2)C(=O)Nc3cccnc3)c1,7.6
28,CHEMBL1258149,CN(C)CCCOc1ccccc2c(\C=C/3\C(=O)Nc4ccc(F)cc34)cc(C)c12,7.6
29,CHEMBL3656353,CNc1nccc(n1)c2cnc3c(NC)nccn23,7.6
30,CHEMBL1945565,COCCOc1ccc2Nc3nccc(n3)c4cccc(OCC\C=C\CN(C)Cc1c2)c4,7.6
31,CHEMBL482967,Cc1nc(N)sc1c2ccnc(Nc3ccc(cc3)N4CCOCC4)n2,7.6
32,CHEMBL373798,Nc1n[nH]c2cccc(c3ccc(NC(=O)Nc4cccc(F)c4)cc3)c12,7.6
33,CHEMBL2035183,C(CN1CCCC1)Oc2ccc3Nc4nccc(n4)c5ccc(COC\C=C\COCc2c3)s5,7.62
34,CHEMBL1835663,COc1ccc(Nc2nc(N)n(n2)c3ccc(cc3)C(=O)O)cc1OC,7.62
35,CHEMBL3353341,COc1ccc2NC(=O)[C@@]3(C[C@H]3c4ccc5c(\C=C\c6ccc(nc6)N7CCN(C)CC7)n[nH]c5c4)c2c1,7.62
36,CHEMBL223478,Cc1cccc(NC(=O)Nc2ccc(cc2)c3ccc(OCCN4CCOCC4)c5[nH]nc(N)c35)c1,7.62
37,CHEMBL1946005,CN1C\C=C\CCOc2cccc(c2)c3ccnc(Nc4cc(C1)cc(NC(=O)C(F)(F)F)c4)n3,7.64
38,CHEMBL1915644,CNC(=O)c1cccc2c3cnccc3c(Nc4ccccc4Cl)nc12,7.64
39,CHEMBL1257921,Fc1ccc2NC(=O)\C(=C/c3cc(F)c4cccccc34)\c2c1,7.64
40,CHEMBL3793843,O=C(Nc1ccc(cc1)C(=O)N2CCN(CC2)c3ccccc3)c4n[nH]c5ccccc45,7.64
41,CHEMBL2158230,O=C(Nc1ccc(cc1C2=CCCCC2)C3CCN(CCN4CCOCC4)CC3)c5nc(c[nH]5)C#N,7.64
42,CHEMBL2181083,C(CN1CCCC1)Oc2cc3COCC=CCOCc4cccc(c4)c5ccnc(Nc(c3)c2)n5,7.66
43,CHEMBL2181330,C(CN1CCCC1)Oc2ccc3Nc4nccc(n4)c5cccc(COCC=CCOCc2c3)c5,7.66
44,CHEMBL3593289,CCCCc1onc(NC(=O)Nc2ccc(cc2)c3cnc(Nc4cc(nc(C)n4)N5CCN(C)CC5)s3)c1,7.66
45,CHEMBL3623375,CN(C)CCCNC(=O)c1csc2nc(cn12)c3ccc(NC(=O)Nc4cc(on4)C(C)(C)C)cc3,7.66
46,CHEMBL3623372,CN(C)CCNC(=O)c1csc2nc(cn12)c3ccc(NC(=O)Nc4cc(on4)C(C)(C)C)cc3,7.66
47,CHEMBL1822792,CN(C[C@@H]1COCCO1)S(=O)(=O)Nc2ccc3C=Cc4ncc(cc4C(=O)c3c2)c5cnn(C)c5,7.66
48,CHEMBL245377,CN1CCN(CC(=O)Nc2cccc3c2Cc4c3n[nH]c4c5csc(c5)C#CCOc6ccccc6)CC1,7.66
49,CHEMBL2386798,CN1CCN(Cc2ccc(cc2)C(=O)Nc3cc(n[nH]3)c4ccc(CNC(=O)Nc5ccccc5)cc4)CC1,7.66
50,CHEMBL1933343,CN1C\C=C\CCOc2cccc(c2)c3nc(Nc4cccc(C1)c4)ncc3C,7.66
51,CHEMBL2035182,COCCOc1ccc2Nc3nccc(n3)c4ccc(COC\C=C\CN(C)Cc1c2)s4,7.66
52,CHEMBL1835745,COc1cc(ccc1Nc2nc(N)n(n2)c3ccc(cn3)C#N)N4CCOCC4,7.66
53,CHEMBL1835662,COc1ccc(Nc2nc(N)n(n2)c3ccc(cc3)C#N)cc1OC,7.66
54,CHEMBL271170,Cc1ccc(F)c(NC(=O)Nc2ccc(cc2)c3cccc4onc(N)c34)c1,7.66
55,CHEMBL3237445,Cc1nccc2c3cnc(Nc4ccc(cn4)N5CCNCC5)nc3n(C6CCCC6)c12,7.66
56,CHEMBL273077,Nc1noc2cccc(c3ccc(NC(=O)Nc4ccc(F)c(Cl)c4)cc3)c12,7.66
57,CHEMBL3680384,C[C@@H]1CC[C@H](CC1)n2c3cnccc3c4cnc(Nc5ccc6CN(CCC(F)(F)F)CCc6n5)nc24,7.67
58,CHEMBL1908842,CN(C)CC(=O)N1CCC(CC1)c2ccc(NC(=O)c3nc(c[nH]3)C#N)c(c2)C4=CCCCC4,7.68
59,CHEMBL3612501,CN(\N=C\c1cnn2ccc(Cl)nc12)S(=O)(=O)c3cc(ccc3Cl)[N+](=O)[O-],7.68
60,CHEMBL2386805,CN1CCN(CC1)c2cc(Nc3cc(n[nH]3)c4ccc(CNC(=O)Nc5cc(C)on5)cc4)nc(C)n2,7.68
61,CHEMBL2063434,Cc1nc(Nc2cc(n[nH]2)c3ccc(CNC(=O)OCc4cccnc4)cc3)cc(n1)N5CCN(CCO)CC5,7.68
62,CHEMBL3805771,CCN1CCN(Cc2ccc(NC(=O)CNc3ccc(cc3)c4ccc(NC(=O)C5CC5)nc4)cc2C(F)(F)F)CC1,7.7
63,CHEMBL1940269,CCn1ccc(NC(=O)Cc2ccc(Oc3ncnc4cc(OC)c(OC)cc34)cc2)n1,7.7
64,CHEMBL1807482,CN1CCN(CC1)c2ccc(cc2)C(=O)Nc3cc(n[nH]3)c4cccc(NC(=O)Nc5ccccc5)c4,7.7
65,CHEMBL3806189,CN1CCN(Cc2ccc(NC(=O)CNc3ccc(cc3F)c4ccc(NC(=O)C5CC5)nc4)cc2C(F)(F)F)CC1,7.7
66,CHEMBL1765775,CNc1cc(ncn1)C2=CNC(=O)C(=C2)NC(=O)c3ccc(cc3)N4CCCCC4,7.7
67,CHEMBL1765781,CNc1cncc(n1)C2=CNC(=O)C(=C2)NC(=O)c3ccc(cc3)N4CCC[C@H]4CN5CCCC5,7.7
68,CHEMBL1940275,COc1cc2ncnc(Nc3ccc(CC(=O)Nc4cnn(c4)C(C)C)cc3)c2cc1OC,7.7
69,CHEMBL1940267,COc1cccc(COc2ccc(Oc3ncnc4cc(OC)c(OC)cc34)cc2)c1,7.7
70,CHEMBL1940115,COc1cccc(NC(=O)Cn2cc(Oc3ccnc4cc(OC)c(OC)cc34)cn2)c1,7.7
71,CHEMBL2332846,COc1cccc(NC(=O)Nc2ccc(Oc3ncnc4[nH]ncc34)cc2)c1,7.7
72,CHEMBL2386795,Cc1cc(ccc1NC(=O)Nc2cc(on2)C(C)(C)C)c3cc(NC(=O)c4ccc(OCCN5CCOCC5)cc4)[nH]n3,7.7
73,CHEMBL223360,Cc1ccc(F)c(NC(=O)Nc2ccc(cc2)c3cccc4[nH]nc(N)c34)c1,7.7
74,CHEMBL3593286,Cc1nc(Nc2ncc(s2)c3ccc(NC(=O)Nc4cccc(Cl)c4)cc3)cc(n1)N5CCNCC5,7.7
75,CHEMBL1908395,Cl.CN(C)CC(=O)N1CCC(CC1)c2ccc(NC(=O)c3nc(c[nH]3)C#N)c(c2)C4=CCCCC4,7.7
76,CHEMBL3262356,N[C@H]1CCCC[C@H]1Nc2cc3N=CNC(=O)c3c(Nc4cccc5cc[nH]c45)n2,7.7
77,CHEMBL3262624,N[C@H]1COCC[C@H]1Nc2cc3C=CNC(=O)c3c(Nc4cccc5cc[nH]c45)n2,7.7
78,CHEMBL1908397,O=C(N1CCNCC1)c2ccc(\C=C\c3n[nH]c4ccccc34)cc2,7.7
79,CHEMBL2063330,O=C(NCc1ccc(cc1)c2cc(NC(=O)c3ccc(OCCN4CCOCC4)cc3)[nH]n2)OCc5cccnc5,7.7
80,CHEMBL2181084,C(CN1CCOCC1)Oc2cc3COCC=CCOCc4cccc(c4)c5ccnc(Nc(c3)c2)n5,7.72
81,CHEMBL2386793,CC(C)(C)c1onc(NC(=O)Nc2ccc(cc2)c3cc(NC(=O)c4ccc(OCCN5CCOCC5)cc4)[nH]n3)c1,7.72
82,CHEMBL398610,CCOc1cccc2c1c(\C=C\3/C(=O)NN=C3c4snnc4C)cn2C,7.72
83,CHEMBL1946006,CN1C\C=C\CCOc2cccc(c2)c3ccnc(Nc4cc(N)cc(C1)c4)n3,7.72
84,CHEMBL430090,COc1ccc(c2ccc(NC(=O)Nc3cccc(c3)C(F)(F)F)cc2)c4c(N)noc14,7.72
85,CHEMBL3353348,COc1ccc2NC(=O)[C@@]3(C[C@H]3c4ccc5c(\C=C\c6ccc(CN(C)C)cc6)n[nH]c5c4)c2c1,7.72
86,CHEMBL1257444,Cc1cc(\C=C\2/C(=O)Nc3ccc(F)cc23)c4ccccc(OCCN5CCOCC5)c14,7.72
87,CHEMBL2181088,Cc1cnc2Nc3ccc(OCCN4CCCC4)c(COCC=CCOCc5cccc(c5)c1n2)c3,7.72
88,CHEMBL3656383,Clc1cccc(CNc2nccc(n2)c3cnc4c(NCCN5CCOCC5)nccn34)c1,7.72
89,CHEMBL1835749,Nc1nc(Nc2ccc(cc2)C(=O)NCCN3CCOCC3)nn1c4ccccn4,7.72
90,CHEMBL2063327,O=C(NCc1ccc(cc1)c2cc(NC(=O)c3ccc(OCCCN4CCCC4)cc3)[nH]n2)OCc5ccccc5,7.72
91,CHEMBL2386802,CC(C)(C)c1onc(NC(=O)NCc2ccc(cc2)c3cc(NC(=O)c4ccc(OCCN5CCOCC5)cc4)[nH]n3)c1,7.75
92,CHEMBL254702,CC1CCN(CC1)c2cc(ccc2NC(=O)c3cc(c[nH]3)C#N)N4CCN(C)CC4,7.75
93,CHEMBL392111,CCO\N=C\c1c(N)ncnc1N2CCN(CC2)C(=O)Nc3ccc(OC(C)C)cc3,7.75
94,CHEMBL1258710,CN(C)C1CCN(CCOc2ccccc3c(\C=C\4/C(=O)Nc5ccc(F)cc45)cc(C)c23)CC1,7.75
95,CHEMBL3814908,CN(C)CCCn1cc(cn1)c2ccc3c(c2)C(=O)c4c3[nH]c5cc(ccc45)c6cn[nH]c6,7.75
96,CHEMBL2063335,CN1CCN(CC1)c2cc(Nc3cc(n[nH]3)c4ccc(CNC(=O)OCc5ccccc5)cc4)nc(C)n2,7.75
97,CHEMBL238223,CO\N=C\c1c(N)ncnc1N2CCN(CC2)C(=O)Nc3ccc(OC4CCCC4)nc3,7.75
98,CHEMBL201511,COc1cc(cc(OC)c1OC)C2=C(C(=O)NC2=O)c3c[nH]c4ccccc34,7.75
99,CHEMBL2180882,COc1cc(cc(OC)c1OC)C2=C(C(=O)NC2=O)c3c[nH]c4cnccc34,7.75
100,CHEMBL2332871,FC(F)(F)c1ccc(NC(=O)Nc2ccc(Oc3ncnc4[nH]ncc34)cc2)c(Cl)c1,7.75
101,CHEMBL1835742,Nc1nc(Nc2ccccc2Cl)nn1c3ccccn3,7.75
102,CHEMBL1172410,COc1ccc(NC(=O)Nc2ccc3\C(=C\c4[nH]ccc4c5ccc(s5)C(=O)O)\C(=O)Nc3c2)cc1,7.76
103,CHEMBL3237704,CC1(C)CCC(CC1)n2c3cnccc3c4cnc(Nc5ccc(cn5)N6CCNCC6)nc24,7.77
104,CHEMBL2063322,CCOC(=O)NCc1ccc(cc1)c2cc(NC(=O)c3ccc(cc3)N4CCN(C)CC4)[nH]n2,7.77
105,CHEMBL2206017,COc1cc(\C=C\2/C(=O)Nc3ccc(Cl)cc23)ccc1OCCCC#N,7.77
106,CHEMBL409349,Cc1cc(C)cc(NC(=O)Nc2ccc(cc2)c3cccc4onc(N)c34)c1,7.77
107,CHEMBL1258945,Cc1cc(\C=C\2/C(=O)Nc3ccc(F)c(F)c23)c4ccccc(OCCCN5CCCCC5)c14,7.77
108,CHEMBL2035050,Cc1cnc2Nc3ccc(OCCN4CCCC4)c(COC\C=C\Cn5ccc6ccc(cc56)c1n2)c3,7.77
109,CHEMBL2063436,Cc1nc(Nc2cc(n[nH]2)c3ccc(CNC(=O)OCc4ccccc4)cc3)cc(n1)N5CCNCC5,7.77
110,CHEMBL2386807,Cc1onc(NC(=O)NCc2ccc(cc2)c3cc(Nc4cc(nc(C)n4)N5CCN(CCO)CC5)[nH]n3)c1,7.77
111,CHEMBL1915448,Clc1cc(OCCN2CCOCC2)ccc1Nc3nc4c(cccc4c5cnccc35)c6nnc[nH]6,7.77
112,CHEMBL2332870,FC(F)(F)c1cc(NC(=O)Nc2ccc(Oc3ncnc4[nH]ncc34)cc2)cc(c1)C(F)(F)F,7.77
113,CHEMBL2063326,O=C(NCc1ccc(cc1)c2cc(NC(=O)c3ccc(OCCN4CCOCC4)cc3)[nH]n2)OCc5ccccc5,7.77
114,CHEMBL3237446,Oc1nccc2c3cnc(Nc4ccc(cn4)N5CCNCC5)nc3n(C6CCCC6)c12,7.77
115,CHEMBL3322564,COc1ccc(NC(=O)CC(=O)Nc2ccc3\C(=C\c4ccc[nH]4)\C(=O)Nc3c2)cc1,7.78
116,CHEMBL3329675,COc1ccc(C(=O)NC(=O)Nc2cc3NC(=O)\C(=C/c4[nH]c(C)c(CCC(=O)O)c4C)\c3cc2F)c(F)c1,7.79
117,CHEMBL3329682,COc1ccc(C(=O)NC(=O)Nc2ccc3\C(=C\c4[nH]c(C)c(C(=O)NCCN(C)C)c4C)\C(=O)Nc3c2)c(F)c1,7.79
118,CHEMBL1242995,CCNc1nc(C)c(s1)c2ccnc(Nc3ccc(cc3)N4CCNCC4)n2,7.8
119,CHEMBL460702,CCOC1=C(C(=O)Nc2ccc(Oc3ccnc(N)c3Cl)c(F)c2)C(=O)N(C=C1)c4ccc(F)cc4,7.8
120,CHEMBL2063321,CN1CCN(CC1)c2ccc(cc2)C(=O)Nc3cc(n[nH]3)c4ccc(CNC(=O)Oc5ccccc5)cc4,7.8
121,CHEMBL271381,COc1ccc(c2ccc(NC(=O)Nc3cccc(Br)c3)cc2)c4c(N)noc14,7.8
122,CHEMBL2386800,Clc1ccc(NC(=O)NCc2ccc(cc2)c3cc(NC(=O)c4ccc(OCCN5CCOCC5)cc4)[nH]n3)cc1,7.8
123,CHEMBL3416157,Fc1ccc(cc1)c2cnc3cc(ccn23)c4ccccc4,7.8
124,CHEMBL412102,Nc1ncnc2NCCC(=Nc12)c3ccc(NC(=O)Nc4ccc(Cl)c(c4)C(F)(F)F)cc3,7.8
125,CHEMBL1078027,CC(C)(C)c1onc(NC(=O)Nc2ccc(NC(=O)c3cccnc3)cc2)c1,7.82
126,CHEMBL2386792,CC(C)(C)c1onc(NC(=O)Nc2ccc(cc2)c3cc(NC(=O)c4ccc(OCCN5CCCC5)cc4)[nH]n3)c1,7.82
127,CHEMBL3612510,CN(\N=C\c1cnn2ccc(nc12)N3CCOCC3)S(=O)(=O)c4cc(ccc4C)[N+](=O)[O-],7.82
128,CHEMBL1807470,CN1CCN(CC1)c2ccc(cc2)C(=O)Nc3cc(n[nH]3)c4cccc(NS(=O)(=O)c5ccc(C)cc5)c4,7.82
129,CHEMBL608533,CO[C@@H]1[C@@H](C[C@H]2O[C@]1(C)n3c4ccccc4c5c6CNC(=O)c6c7c8ccccc8n2c7c35)N(C)C(=O)c9ccccc9,7.82
130,CHEMBL391368,CO\N=C\c1c(N)ncnc1N2CCN(CC2)C(=O)Nc3ccc(cc3)C(C)C,7.82
131,CHEMBL509032,COc1cc(ccc1Nc2ncc(Cl)c(Nc3ccccc3S(=O)(=O)C(C)C)n2)N4CCC(CC4)N5CCN(C)CC5,7.82
132,CHEMBL1835741,COc1ccccc1Nc2nc(N)n(n2)c3ccccn3,7.82
133,CHEMBL376245,Cc1cccc(NC(=O)Nc2ccc(cc2)c3ccc(OCCN4CCCC4=O)c5[nH]nc(N)c35)c1,7.82
134,CHEMBL3416149,Fc1ccc(cc1)c2cnc3cc(ccn23)c4cccs4,7.82
135,CHEMBL2181310,Fc1cnc2Nc3ccc(OCCN4CCCC4)c(COCC=CCOCc5cccc(c5)c1n2)c3,7.82
136,CHEMBL1835744,Nc1nc(Nc2ccccc2Cl)nn1c3ccc(cn3)C#N,7.82
137,CHEMBL3353362,O=C1Nc2ccccc2[C@]13C[C@H]3c4ccc5c(\C=C\c6ccc(CN7CCCCC7)cc6)n[nH]c5c4,7.82
138,CHEMBL1077291,O\N=C/1\C(=C/2\C(=O)Nc3ccc(F)cc23)\Nc4ccccc14,7.82
139,CHEMBL1173174,COc1ccc(NC(=O)Nc2ccc3\C(=C\c4[nH]c(C)c(C(=O)O)c4C)\C(=O)Nc3c2)cc1,7.83
140,CHEMBL3237442,C1CCC(C1)n2c3cnccc3c4cnc(Nc5ccc(cn5)N6CCNCC6)nc24,7.85
141,CHEMBL3326006,CCCCNc1ncc2c(cn([C@@H]3CC[C@@H](O)CC3)c2n1)c4ccc(CN5CCN(C)CC5)cc4,7.85
142,CHEMBL1258830,CCN(CC)CCCOc1ccccc2c(\C=C\3/C(=O)Nc4ccc(F)c(F)c34)cc(C)c12,7.85
143,CHEMBL3593291,CCc1onc(NC(=O)Nc2ccc(cc2)c3cnc(Nc4cc(nc(C)n4)N5CCC(N)C5)s3)c1,7.85
144,CHEMBL572878,CN1CCN(CC1)c2cc(Nc3cc(C)[nH]n3)nc(Sc4ccc(NC(=O)C5CC5)cc4)n2,7.85
145,CHEMBL2063328,CN1CCN(CC1)c2ccc(cc2)C(=O)Nc3cc(n[nH]3)c4ccc(CNC(=O)OCc5cccnc5)cc4,7.85
146,CHEMBL1807386,CN1CCN(CC1)c2ccc(cc2)C(=O)Nc3cc(n[nH]3)c4cccc(N)c4,7.85
147,CHEMBL393822,CO\N=C\c1c(N)ncnc1N2CCN(CC2)C(=O)Nc3ccc(cc3)N(C)C,7.85
148,CHEMBL374752,Cc1cccc(NC(=O)Nc2ccc(cc2)c3ccc(F)c4[nH]nc(N)c34)c1,7.85
149,CHEMBL410130,Cc1cccc(NC(=O)Nc2ccc(cc2)c3cccc4onc(N)c34)c1,7.85
150,CHEMBL2207506,Cc1onc(CN2CCN(CC2)c3c(Br)cnc4[nH]c(nc34)c5cncn5C)c1,7.85
151,CHEMBL2206013,Clc1ccc2NC(=O)\C(=C/c3ccc(OCCN4CCOCC4)cc3)\c2c1,7.85
152,CHEMBL2032283,Nc1ncc(cc1c2oc3c(c(O)ccc3n2)c4ccccc4)c5cnn(c5)C6CCNCC6.OC(=O)C(F)(F)F,7.85
153,CHEMBL2386801,CN1CCN(CC1)c2ccc(cc2)C(=O)Nc3cc(n[nH]3)c4ccc(CNC(=O)Nc5cc(C)on5)cc4,7.89
154,CHEMBL2386812,CN1CCN(CC1)c2ccc(cc2)C(=O)Nc3cc(n[nH]3)c4ccc(NC(=O)Nc5ccccc5)cc4,7.89
155,CHEMBL1807392,CN1CCN(CC1)c2ccc(cc2)C(=O)Nc3cc(n[nH]3)c4cccc(NS(=O)(=O)c5ccccc5)c4,7.89
156,CHEMBL3601223,COc1cc(ccc1Nc2ncc(Cl)c(NCc3cccc(NC(=O)C=C)c3)n2)N4CCN(C)CC4,7.89
157,CHEMBL262607,Cc1ccc(F)c(NC(=O)Nc2ccc(cc2)C3=Nc4c(N)ncnc4NCC3)c1,7.89
158,CHEMBL219727,Cc1cccc(NC(=O)Nc2ccc(cc2)c3ccc(Br)c4[nH]nc(N)c34)c1,7.89
159,CHEMBL222315,Nc1n[nH]c2cccc(c3ccc(NC(=O)C4CCCCC4)cc3)c12,7.89
160,CHEMBL3115681,CN1CCN(CC1)c2ccc(Nc3ncc4C=C(C#N)C(=O)N(C5CCCC5)c4n3)cc2,7.91
161,CHEMBL1835865,CC(=O)Nc1ccc(Nc2nc(N)n(n2)c3ccccn3)cc1,7.92
162,CHEMBL1258150,CN(C)CCCOc1ccccc2c(\C=C\3/C(=O)Nc4ccc(F)cc34)cc(C)c12,7.92
163,CHEMBL2063318,CN1CCN(CC1)c2ccc(cc2)C(=O)Nc3cc(n[nH]3)c4ccc(NC(=O)Oc5ccccc5)cc4,7.92
164,CHEMBL2035055,CN1C\C=C\COCc2ccc(s2)c3ccnc(Nc4ccc(OCCN5CCCC5)c(C1)c4)n3,7.92
165,CHEMBL2181311,COc1ccc2COCC=CCOCc3cc(Nc4nccc(n4)c1c2)ccc3OCCN5CCCC5,7.92
166,CHEMBL1258831,Cc1cc(\C=C\2/C(=O)Nc3ccc(F)c(F)c23)c4ccccc(OCCCN5CCOCC5)c14,7.92
167,CHEMBL220057,Cc1cccc(NC(=O)Nc2ccc(cc2)c3cccc4[nH]nc(N)c34)c1,7.92
168,CHEMBL2207514,Cc1onc(CN2CCN(CC2)c3c(Cl)cnc4[nH]c(nc34)c5cnn(C)c5)c1,7.92
169,CHEMBL1952126,FC(F)(F)Oc1cccc(c1)n2nnc3ccc(NCC4CC5(CCNCC5)C4)nc23,7.92
170,CHEMBL1835751,Nc1nc(Nc2ccc(OCCCN3CCOCC3)cc2)nn1c4ccccn4,7.92
171,CHEMBL2105717,COc1cc2nccc(Oc3ccc(NC(=O)C4(CC4)C(=O)Nc5ccc(F)cc5)cc3)c2cc1OC,7.95
172,CHEMBL1765770,CC(C)(C)c1ccc(cc1)C(=O)NC2=CC(=CNC2=O)c3ccncc3,7.96
173,CHEMBL2332867,CC(C)c1cccc(NC(=O)Nc2ccc(Oc3ncnc4[nH]ncc34)cc2)c1,7.96
174,CHEMBL574738,CCN1CCN(Cc2ccc(NC(=O)Nc3ccc(Oc4cc(NC)ncn4)cc3)cc2C(F)(F)F)CC1,7.96
175,CHEMBL3815054,CN(C)CCCn1cc(cn1)c2ccc3C(=O)c4c([nH]c5cc(ccc45)c6cn[nH]c6)c3c2,7.96
176,CHEMBL3353347,CN(C)Cc1ccc(\C=C\c2n[nH]c3cc(ccc23)[C@@H]4C[C@@]45C(=O)Nc6ccccc56)cc1,7.96
177,CHEMBL1835736,COc1cc(Nc2nc(N)n(n2)c3cccc(c3)N4CCOCC4)cc(OC)c1OC,7.96
178,CHEMBL2012519,COc1cc(O)c2C(=O)O[C@@H](C)C\C=C/C(=O)[C@@H](O)[C@@H](O)CCCc2c1,7.96
179,CHEMBL1230609,COc1cc2c(Oc3ccc(NC(=O)C4(CC4)C(=O)Nc5ccc(F)cc5)cc3F)ccnc2cc1OCCCN6CCOCC6,7.96
180,CHEMBL3322563,Fc1ccc(NC(=O)CC(=O)Nc2ccc3\C(=C\c4ccc[nH]4)\C(=O)Nc3c2)cc1,7.96
181,CHEMBL3237443,Fc1nccc2c3cnc(Nc4ccc(cn4)N5CCNCC5)nc3n(C6CCCC6)c12,7.96
182,CHEMBL1835863,Nc1nc(Nc2ccc(cc2)C(=O)N3CCOCC3)nn1c4ccccn4,7.96
183,CHEMBL1082075,CC(C)(C)c1onc(NC(=O)Nc2ccc(NC(=O)c3ccncc3)cc2)c1,8.0
184,CHEMBL3593290,CCN1CCN(CC1)c2cc(Nc3ncc(s3)c4ccc(NC(=O)Nc5cc(CC)on5)cc4)nc(C)n2,8.0
185,CHEMBL1940272,CCn1cc(NC(=O)Cc2ccc(Oc3ncnc4cc(OC)c(OC)cc34)cc2)cn1,8.0
186,CHEMBL3593287,CN1CCN(CC1)c2cc(Nc3ncc(s3)c4ccc(NC(=O)Nc5cc(C)on5)cc4)nc(C)n2,8.0
187,CHEMBL3109337,COCCOc1ccn2c(cnc2c1)c3ccc4cccc(O[C@@H]5CCNC[C@H]5F)c4n3,8.0
188,CHEMBL475251,COc1cc(Nc2ncc(F)c(Nc3ccc4OC(C)(C)C(=O)Nc4n3)n2)cc(OC)c1OC,8.0
189,CHEMBL1940106,COc1cc2ncnc(Nc3cnn(CC(=O)Nc4ccc(cn4)N(C)C)c3)c2cc1OC,8.0
190,CHEMBL3329673,COc1ccc(C(=O)NC(=O)Nc2ccc3\C(=C\c4[nH]c(C)c(CCC(=O)O)c4C)\C(=O)Nc3c2)c(F)c1,8.0
191,CHEMBL1940266,COc1cccc(CC(=O)Nc2ccc(Oc3ncnc4cc(OC)c(OC)cc34)cc2)c1,8.0
192,CHEMBL1940111,COc1cccc(NC(=O)Cn2cc(Oc3ncnc4cc(OC)c(OCCN5CCCCC5)cc34)cn2)c1,8.0
193,CHEMBL2046883,Cc1ccc(NC(=O)Nc2nnc(Sc3ncnc4cc(OCCCN5CCOCC5)ccc34)s2)cc1,8.0
194,CHEMBL425749,Cc1cccc(NC(=O)Nc2ccc(c(F)c2)c3csc4ncnc(N)c34)c1,8.0
195,CHEMBL1807789,Cc1nc(NCCCN2CCOCC2)cc(Nc3cc(n[nH]3)c4cccc(NS(=O)(=O)c5ccccc5)c4)n1,8.0
196,CHEMBL2063338,Cc1nc(Nc2cc(n[nH]2)c3ccc(CNC(=O)OCc4ccccc4)cc3)cc(n1)N5CCN(CCO)CC5,8.0
197,CHEMBL1807785,Cc1nc(Nc2cc(n[nH]2)c3cccc(NS(=O)(=O)c4ccccc4)c3)cc(n1)N5CCC(O)CC5,8.0
198,CHEMBL3656376,N[C@@H]1CC[C@H](CC1)Nc2nccn3c(cnc23)c4cccc(NCc5cccc(Cl)c5)n4,8.0
199,CHEMBL424943,Nc1n[nH]c2cccc(c3ccc(NC(=O)Nc4cccc(c4)C(F)(F)F)cc3)c12,8.0
200,CHEMBL1835747,Nc1nc(Nc2ccc(cc2)N3CCOCC3)nn1c4ccccn4,8.0
201,CHEMBL1835864,Nc1nc(Nc2cccc(c2)C(=O)N3CCOCC3)nn1c4ccccn4,8.0
202,CHEMBL495727,O=C(NC1CC1)Nc2c[nH]nc2c3nc4cc(CN5CCOCC5)ccc4[nH]3,8.0
203,CHEMBL2063324,O=C(NCc1ccc(cc1)c2cc(NC(=O)c3ccc(OCCN4CCCC4)cc3)[nH]n2)OCc5ccccc5,8.0
204,CHEMBL3792850,O=C(Nc1ccc(CN2CCN(CC2)c3ccccc3)cc1)c4n[nH]c5ccccc45,8.0
205,CHEMBL585002,CC(C)(C)c1onc(NC(=O)Nc2ccc(cc2)c3cn4c5ccc(OCCCN6CCN(CC6)S(=O)(=O)C)cc5sc4n3)c1,8.01
206,CHEMBL2436977,CN1CCN(Cc2ccc(cc2)c3cnc4[nH]cc(c5cnc6[nH]ccc6c5)c4c3)CC1,8.02
207,CHEMBL3290931,COc1cc2c(Oc3ccc(NC(=O)C4=NN(C(=O)C=C4C)c5ccccc5C(F)(F)F)cc3F)ccnc2cc1OCCCN6CCOCC6,8.03
208,CHEMBL1835866,CC(=O)Nc1cccc(Nc2nc(N)n(n2)c3ccccn3)c1,8.05
209,CHEMBL2386790,CN1CCN(CC1)c2ccc(cc2)C(=O)Nc3cc(n[nH]3)c4ccc(NC(=O)Nc5cc(C)on5)c(C)c4,8.05
210,CHEMBL390156,CN1CCN(Cc2ccc3c(Cc4c(n[nH]c34)c5csc(c5)C#CCOc6ccccc6)c2)CC1,8.05
211,CHEMBL3823520,COc1cc2c(Oc3ccc(NC(=O)c4cn(nn4)c5ccccc5Cl)cc3F)ccnc2cc1OCCCN6CCCCC6,8.05
212,CHEMBL1940118,COc1cc2ncnc(Oc3ccc(CC(=O)Nc4ccc(cn4)N(C)C)cc3)c2cc1OC,8.05
213,CHEMBL2046726,COc1cc2ncnc(Sc3nncs3)c2cc1OC,8.05
214,CHEMBL1835746,COc1ccccc1Nc2nc(N)n(n2)c3cc(NCCN(C)C)ncn3,8.05
215,CHEMBL2331570,FC(F)(F)c1cccc(NC(=O)Nc2ccc(Oc3ncnc4[nH]ncc34)cc2)c1,8.05
216,CHEMBL259013,Nc1ncnc2NCCC(=Nc12)c3ccc(NC(=O)Nc4ccc(cc4)C(F)(F)F)cc3,8.05
217,CHEMBL2386797,O=C(NCc1ccc(cc1)c2cc(NC(=O)c3ccc(OCCN4CCOCC4)cc3)[nH]n2)Nc5ccccc5,8.05
218,CHEMBL1095687,[Na+].O\N=C/1\C(=C/2\C(=O)Nc3ccc(cc23)S(=O)(=O)[O-])\Nc4ccccc14,8.05
219,CHEMBL576982,CC(C)(C)c1onc(NC(=O)Nc2ccc(cc2)c3cn4c5ccc(OCCN6CCOCC6)cc5sc4n3)c1,8.06
220,CHEMBL3343366,COc1cc2c(Oc3ccc(NC(=O)c4nnn(c5ccc(F)cc5)c4C(F)(F)F)cc3F)ccnc2cc1OCCCN6CCCC6,8.06
221,CHEMBL2385195,COc1cc2c(Oc3ccc(NC(=O)C4=NN(c5ccccc5C4=O)c6ccccc6C(F)(F)F)cc3F)ccnc2cc1OCCCN7CCCC7,8.07
222,CHEMBL603469,C[C@]12O[C@H](C[C@]1(O)CO)n3c4ccccc4c5c6C(=O)NCc6c7c8ccccc8n2c7c35,8.07
223,CHEMBL3322572,Fc1ccc(cc1)N2C=CC=C(C(=O)Nc3ccc4\C(=C\c5ccc[nH]5)\C(=O)Nc4c3)C2=O,8.07
224,CHEMBL1079354,CC(C)(C)c1onc(NC(=O)Nc2ccc(cc2)C(=O)Nc3ccccn3)c1,8.09
225,CHEMBL215152,CCN(CCO)CCCOc1ccc2c(Nc3cc(CC(=O)Nc4cccc(F)c4)[nH]n3)ncnc2c1,8.09
226,CHEMBL2035049,C(CN1CCCC1)Oc2ccc3Nc4nccc(n4)c5ccc6ccn(C\C=C\COCc2c3)c6c5,8.1
227,CHEMBL3656368,C(CN1CCOCC1)Nc2nccn3c(cnc23)c4ccnc(NCc5ccccc5)n4,8.1
228,CHEMBL415049,CCN(CCCOc1ccc2c(Nc3cc(CC(=O)Nc4cccc(F)c4)[nH]n3)ncnc2c1)CCOP(=O)(O)O,8.1
229,CHEMBL1765772,CN(C)c1ccc(cc1)C(=O)NC2=CC(=CNC2=O)c3ccncc3,8.1
230,CHEMBL1835748,CN1CCN(CC1)c2ccc(Nc3nc(N)n(n3)c4ccccn4)cc2,8.1
231,CHEMBL1807467,CN1CCN(CC1)c2ccc(cc2)C(=O)Nc3cc(n[nH]3)c4cccc(NS(=O)(=O)c5cccc(Cl)c5)c4,8.1
232,CHEMBL2386794,CN1CCN(Cc2ccc(cc2)C(=O)Nc3cc(n[nH]3)c4ccc(NC(=O)Nc5cc(on5)C(C)(C)C)cc4)CC1,8.1
233,CHEMBL3109338,COCCOc1ccn2c(cnc2c1)c3ccc4cccc(O[C@H]5CCNC[C@@H]5F)c4n3,8.1
234,CHEMBL272453,COc1ccc(NC(=O)Nc2ccc(cc2)c3cccc4onc(N)c34)cc1Cl,8.1
235,CHEMBL1940262,COc1cccc(NC(=O)NCc2ccc(Oc3ncnc4cc(OC)c(OC)cc34)cc2)c1,8.1
236,CHEMBL3237715,C[C@@H]1CC[C@H](CC1)n2c3cnccc3c4cnc(Nc5ccc(nn5)N6CCC(CS(=O)(=O)C)CC6)nc24,8.1
237,CHEMBL3237714,C[C@@H]1CC[C@H](CC1)n2c3cnccc3c4cnc(Nc5ccc(nn5)N6CCN(CC6)C(=O)CO)nc24,8.1
238,CHEMBL387312,Cc1cccc(NC(=O)Nc2ccc(cc2)c3cccc4c3c(N)nn4C)c1,8.1
239,CHEMBL2181312,Fc1cc2COCC=CCOCc3cc(Nc4nccc(n4)c(c1)c2)ccc3OCCN5CCCC5,8.1
240,CHEMBL410504,Nc1noc2cccc(c3ccc(NC(=O)Nc4ccccc4F)cc3)c12,8.1
241,CHEMBL1081510,CC(C)(C)c1onc(NC(=O)Nc2ccc(cc2)C(=O)Nc3ccccc3)c1,8.13
242,CHEMBL3612505,CN(\N=C\c1cnn2ccc(nc12)c3cccnc3)S(=O)(=O)c4cc(ccc4C)[N+](=O)[O-],8.13
243,CHEMBL522892,CN1CCN(CC1)c2ccc3nc([nH]c3c2)C4=C(N)c5c(F)cccc5NC4=O,8.13
244,CHEMBL1784637,CNC(=O)c1ncc(C#Cc2cc(ccc2C)C(=O)Nc3ccc(CN4CCN(CCO)CC4)c(c3)C(F)(F)F)n1C,8.14
245,CHEMBL1172420,Cc1ccc(NC(=O)Nc2ccc3\C(=C\c4[nH]c(C)c(C(=O)O)c4C)\C(=O)Nc3c2)cc1,8.14
246,CHEMBL3645273,CC(CO)(CO)c1onc(NC(=O)Nc2ccc(cc2)c3cn4c5ccc(OCCN6CCOCC6)cc5sc4n3)c1,8.15
247,CHEMBL2063319,CN1CCN(CC1)c2ccc(cc2)C(=O)Nc3cc(n[nH]3)c4ccc(NC(=O)OCc5ccccc5)cc4,8.16
248,CHEMBL1807469,CN1CCN(CC1)c2ccc(cc2)C(=O)Nc3cc(n[nH]3)c4cccc(NS(=O)(=O)c5cccc(C)c5)c4,8.16
249,CHEMBL2063325,CN1CCN(Cc2ccc(cc2)C(=O)Nc3cc(n[nH]3)c4ccc(CNC(=O)OCc5ccccc5)cc4)CC1,8.16
250,CHEMBL1940274,COc1cc2ncnc(Oc3ccc(CC(=O)Nc4cnn(c4)C(C)C)cc3)c2cc1OC,8.16
251,CHEMBL2046699,COc1cc2ncnc(Sc3nccs3)c2cc1OC,8.16
252,CHEMBL1940259,COc1cccc(NC(=O)Cc2ccc(Oc3ncnc4cc(OC)c(OC)cc34)cc2)c1,8.16
253,CHEMBL374044,Cc1cc(NC(=O)Nc2ccc(cc2)c3cccc4[nH]nc(N)c34)ccc1F,8.16
254,CHEMBL1835750,Nc1nc(Nc2ccc(cc2)C(O)CCCN3CCOCC3)nn1c4ccccn4,8.16
255,CHEMBL429516,Nc1ncnc2NCCC(=Nc12)c3ccc(NC(=O)Nc4ccc(F)c(c4)C(F)(F)F)cc3,8.16
256,CHEMBL411725,Nc1noc2cccc(c3ccc(NC(=O)Nc4ccccc4)cc3)c12,8.16
257,CHEMBL1807478,O=C(Nc1cc(n[nH]1)c2cccc(NS(=O)(=O)c3ccccc3)c2)c4ccc(OCCN5CCCC5)cc4,8.16
258,CHEMBL3322565,COc1ccc(NC(=O)CC(=O)Nc2ccc3\C(=C\c4[nH]c(C)c(C(=O)O)c4C)\C(=O)Nc3c2)cc1,8.19
259,CHEMBL1721885,Cc1[nH]c(\C=C\2/C(=O)Nc3ccc(F)cc23)c(C)c1C(=O)NC[C@H](O)CN4CCOCC4,8.2
260,CHEMBL2207503,Cc1nn(C)cc1c2nc3c(N4CCN(Cc5ccc(Cl)cc5)CC4)c(Cl)cnc3[nH]2,8.21
261,CHEMBL1807483,CN1CCN(CC1)c2cc(Nc3cc(n[nH]3)c4cccc(NS(=O)(=O)c5ccccc5)c4)nc(C)n2,8.22
262,CHEMBL2063323,CN1CCN(CC1)c2ccc(cc2)C(=O)Nc3cc(n[nH]3)c4ccc(CNC(=O)OCc5ccccc5)cc4,8.22
263,CHEMBL2386788,CN1CCN(CC1)c2ccc(cc2)C(=O)Nc3cc(n[nH]3)c4ccc(NC(=O)Nc5cc(C)on5)cc4,8.22
264,CHEMBL1765774,CNc1cc(ccn1)C2=CNC(=O)C(=C2)NC(=O)c3ccc(cc3)N4CCCCC4,8.22
265,CHEMBL492809,CONC(=O)C1=CN(c2ccc3CCCc3c2)c4nc(Nc5ccc(cc5)C6CCN(C)CC6)ncc4C1=O,8.22
266,CHEMBL2181087,COc1cc2Nc3nccc(n3)c4cccc(COCC=CCOCc(c2)c1OCCN5CCCC5)c4,8.22
267,CHEMBL1833992,COc1ccc(cc1Nc2nc(N)n(n2)c3ccccn3)N4CCOCC4,8.22
268,CHEMBL3237713,C[C@@H](O)CN(C)C1CCN(CC1)c2ccc(Nc3ncc4c5ccncc5n([C@@H]6CC[C@@H](C)CC6)c4n3)nn2,8.22
269,CHEMBL3237707,C[C@@H]1CC[C@H](CC1)n2c3cnccc3c4cnc(Nc5ccc(nn5)N6CCNCC6)nc24,8.22
270,CHEMBL3656382,Clc1ccccc1CNc2nccc(n2)c3cnc4c(NCCN5CCOCC5)nccn34,8.22
271,CHEMBL3656369,N[C@@H]1CC[C@H](CC1)Nc2nccn3c(cnc23)c4cccc(NCc5ccccc5)n4,8.22
272,CHEMBL3656381,N[C@@H]1CC[C@H](CC1)Nc2nccn3c(cnc23)c4cccc(NCc5cccs5)n4,8.22
273,CHEMBL409872,Nc1ncnc2NCCC(=Nc12)c3ccc(NC(=O)Nc4cccc(Cl)c4)cc3,8.22
274,CHEMBL271600,Nc1noc2cccc(c3ccc(NC(=O)Nc4cccc(Cl)c4)cc3)c12,8.22
275,CHEMBL2046884,O=C(Nc1cccc(c1)C#C)Nc2nnc(Sc3ncnc4cc(OCCCN5CCOCC5)ccc34)s2,8.22
276,CHEMBL2207504,Cc1nn(C)cc1c2nc3c(N4CCN(Cc5cncnc5)CC4)c(Cl)cnc3[nH]2,8.23
277,CHEMBL2207501,Cc1onc(CN2CCN(CC2)c3c(Cl)cnc4[nH]c(nc34)c5cn(C)nc5C)n1,8.25
278,CHEMBL3645272,CC(C)(CO)c1onc(NC(=O)Nc2ccc(cc2)c3cn4c5ccc(OCCN6CCOCC6)cc5sc4n3)c1,8.26
279,CHEMBL2203775,CN1CCN(CC1)c2cccc(c2)c3nc4c(N5CCN(Cc6cc(C)on6)CC5)c(Cl)cnc4[nH]3,8.27
280,CHEMBL577406,CC(C)(C)c1onc(NC(=O)Nc2ccc(cc2)c3cn4c(n3)sc5cccc(OCCN6CCOCC6)c45)c1,8.28
281,CHEMBL393525,CN(\N=C\c1cnc2ccc(Br)cn12)S(=O)(=O)c3cc(ccc3C)[N+](=O)[O-],8.29
282,CHEMBL1835869,CC(=O)N1CCC(C1)c2ccc(Nc3nc(N)n(n3)c4ccccn4)cc2,8.3
283,CHEMBL2180602,CCN(CC)CCNC(=O)c1c(C)[nH]c2\C(=C\3/C(=O)Nc4ccc(F)cc34)\CCCc12,8.3
284,CHEMBL1940268,CCc1cc(NC(=O)Cc2ccc(Oc3ncnc4cc(OC)c(OC)cc34)cc2)n[nH]1,8.3
285,CHEMBL1258711,CN(C)CCCOc1ccccc2c(\C=C\3/C(=O)Nc4ccc(F)c(F)c34)cc(C)c12,8.3
286,CHEMBL2063337,CN1CCN(CC1)c2cc(Nc3cc(n[nH]3)c4ccc(CNC(=O)OCc5cc(C)on5)cc4)nc(C)n2,8.3
287,CHEMBL1738829,CNc1nccc(n1)C2=CNC(=O)C(=C2)NC(=O)c3ccc(cc3)N4CCCCC4,8.3
288,CHEMBL1940113,COc1cccc(NC(=O)Cn2cc(Oc3ncnc4cc(OC)cc(OC)c34)cn2)c1,8.3
289,CHEMBL1940112,COc1cccc(NC(=O)Cn2cc(Oc3ncnc4cc(OCCN5CCCC5)c(OC)cc34)cn2)c1,8.3
290,CHEMBL3237716,C[C@@H]1CC[C@H](CC1)n2c3cnccc3c4cnc(Nc5ccc(nn5)N6CCC7(CC6)CCS(=O)(=O)C7)nc24,8.3
291,CHEMBL3237719,C[C@@H]1CC[C@H](CC1)n2c3cnccc3c4cnc(Nc5ccc6CN(CCc6n5)C(=O)CO)nc24,8.3
292,CHEMBL453057,Cc1cccc(NC(=O)Nc2ccc(cc2)c3cnc4c(ccn4c3N)c5cnn(C)c5)c1,8.3
293,CHEMBL1650533,Cl.CCN(Cc1cc(Nc2nc(C)cn3c(cnc23)c4cn[nH]c4)sn1)C(C)(C)CO,8.3
294,CHEMBL3237444,Clc1nccc2c3cnc(Nc4ccc(cn4)N5CCNCC5)nc3n(C6CCCC6)c12,8.3
295,CHEMBL3813873,FC(F)(F)c1ccc(CNc2ccc(Cc3c[nH]c4ncc(Cl)cc34)cn2)cn1,8.3
296,CHEMBL2332849,FC(F)(F)c1ccc(NC(=O)Nc2ccc(Oc3ncnc4[nH]ncc34)cc2)cc1,8.3
297,CHEMBL3780091,N[C@@H]1CC[C@@H](CC1)NC2=C(C(=O)NC=C2)c3nc4ccccc4[nH]3,8.3
298,CHEMBL376307,Nc1n[nH]c2cccc(c3ccc(NC(=O)Nc4ccsc4)cc3)c12,8.3
299,CHEMBL1835871,Nc1nc(Nc2ccc(cc2)[C@@H]3CC[C@@H](CC3)N4CCOCC4)nn1c5ccccn5,8.3
300,CHEMBL272183,Nc1noc2cccc(c3ccc(NC(=O)Nc4cccc(c4)[N+](=O)[O-])cc3)c12,8.3
301,CHEMBL3237450,O[C@@H]1CC[C@H](CC1)n2c3cnccc3c4cnc(Nc5ccc(cn5)N6CCNCC6)nc24,8.3
302,CHEMBL470163,CCCNc1nc(NCCc2ccncc2)ncc1c3oc(nn3)C4CC4,8.31
303,CHEMBL1668411,COc1cc(O)c2C(=O)O[C@@H](C)C\C=C/C(=O)[C@@H](O)[C@H](O)C\C=C\c2c1,8.31
304,CHEMBL486949,Oc1ccc(Nc2nc(NCCc3ccncc3)ncc2c4oc(nn4)C5CC5)cc1,8.32
305,CHEMBL3683258,CN[C@@H]1CC2OC([C@@H]1OC)n3c4ccccc4c5c6CNC(=O)c6c7c8ccccc8n2c7c35,8.33
306,CHEMBL3329683,CCN(CC)CCNC(=O)c1c(C)[nH]c(\C=C\2/C(=O)Nc3cc(NC(=O)NC(=O)c4ccc(OC)cc4F)ccc23)c1C,8.36
307,CHEMBL2207500,Cc1nn(C)cc1c2nc3c(N4CCN(Cc5nocn5)CC4)c(Cl)cnc3[nH]2,8.36
308,CHEMBL2332840,FC(F)(F)c1cc(NC(=O)Nc2ccc(Oc3ncnc4[nH]ncc34)cc2)ccc1Cl,8.37
309,CHEMBL2206008,CCN(CC)CCOc1ccc(\C=C\2/C(=O)Nc3ccc(Cl)cc23)cc1,8.39
310,CHEMBL2105728,CC1(COc2ccc3c(c2)ncn3c4ccc5cccc(N6CCC(N)CC6)c5n4)COC1,8.4
311,CHEMBL2032278,CCc1cc2oc(nc2cc1O)c3cc(cnc3N)c4cnn(c4)C5CCNCC5.OC(=O)C(F)(F)F,8.4
312,CHEMBL1940273,CCn1cc(NC(=O)Cc2ccc(Oc3ccnc4cc(OC)c(OC)cc34)cc2)cn1,8.4
313,CHEMBL1940116,CCn1cc(NC(=O)Cn2cc(Oc3ncnc4cc(OC)c(OC)cc34)cn2)cn1,8.4
314,CHEMBL2063336,CN1CCN(CC1)c2cc(Nc3cc(n[nH]3)c4ccc(CNC(=O)OCc5cccnc5)cc4)nc(C)n2,8.4
315,CHEMBL2386803,CN1CCN(Cc2ccc(cc2)C(=O)Nc3cc(n[nH]3)c4ccc(CNC(=O)Nc5cc(on5)C(C)(C)C)cc4)CC1,8.4
316,CHEMBL2436978,CN1CCN(Cc2ccc(cc2)c3cnc4[nH]cc(c5ccc6[nH]ccc6c5)c4c3)CC1,8.4
317,CHEMBL3109356,COCCOc1ccn2c(cnc2c1)c3ccc4cccc(O[C@@H]5CCNC[C@@H]5F)c4n3,8.4
318,CHEMBL1940105,COc1cc2ncnc(Nc3cnn(CC(=O)Nc4ccc(cc4)N(C)C)c3)c2cc1OC,8.4
319,CHEMBL1940103,COc1cc2ncnc(Nc3cnn(CC(=O)Nc4cccc(F)c4)c3)c2cc1OC,8.4
320,CHEMBL1173150,COc1ccc(NC(=O)Nc2ccc3\C(=C\c4[nH]c(C)c(CC(=O)O)c4C)\C(=O)Nc3c2)cc1,8.4
321,CHEMBL3237710,C[C@@H]1CC[C@H](CC1)n2c3cnccc3c4cnc(Nc5ccc(nn5)N6CCC(CC6)N(C)C)nc24,8.4
322,CHEMBL272645,Cc1ccc(NC(=O)Nc2ccc(cc2)c3cccc4onc(N)c34)cc1,8.4
323,CHEMBL404367,Cc1cccc(NC(=O)Nc2ccc(cc2)c3cncc4c3c(N)nn4C)c1,8.4
324,CHEMBL509101,Fc1ccc(cc1)N2C=CC=C(C(=O)Nc3ccc(Oc4ccnc5[nH]ccc45)c(F)c3)C2=O,8.4
325,CHEMBL2032274,Nc1ncc(cc1c2oc3cc(O)ccc3n2)c4cnn(c4)C5CCNCC5.OC(=O)C(F)(F)F,8.4
326,CHEMBL406660,Nc1noc2cccc(c3ccc(NC(=O)Nc4ccc(F)cc4)cc3)c12,8.4
327,CHEMBL1910893,Oc1ccc(cc1)c2ccc3c(n[nH]c3n2)c4ccc(cc4)N5CCNCC5,8.4
328,CHEMBL2032285,Nc1ccc2nc(oc2c1)c3cc(cnc3N)c4cnn(c4)C5CCNCC5.OC(=O)C(F)(F)F,8.44
329,CHEMBL3309402,COc1cc2c(Oc3ccc(NC(=O)C4=NN(C(=O)c5ccccc45)c6ccc(F)cc6)cc3F)ccnc2cc1OCCCN7CCCC7,8.46
330,CHEMBL2203436,CC(C)(C)c1onc(NC(=O)Nc2ccc(NC(=O)c3ccc(OC4CCN(CC(F)(F)F)CC4)cn3)cc2)c1,8.47
331,CHEMBL3680386,C[C@@H]1CC[C@H](CC1)n2c3cnccc3c4cnc(Nc5ccc6CN(CCF)CCc6n5)nc24,8.47
332,CHEMBL388978,CN[C@@H]1C[C@H]2O[C@@](C)([C@@H]1OC)n3c4ccccc4c5c6CNC(=O)c6c7c8ccccc8n2c7c35,8.48
333,CHEMBL3680383,C[C@@H]1CC[C@H](CC1)n2c3cnccc3c4cnc(Nc5ccc6CN(CCc6n5)C(=O)C(=O)O)nc24,8.48
334,CHEMBL3684982,C[C@@H]1CC[C@H](CC1)n2c3cnccc3c4cnc(Nc5ccc6CN(CC(C)c6n5)C(=O)C)nc24,8.5
335,CHEMBL3680380,C[C@@H]1CC[C@H](CC1)n2c3cnccc3c4cnc(Nc5ccc6CN(CCc6n5)C(=O)C)nc24,8.5
336,CHEMBL3612504,COc1ccc(cc1OC)c2ccn3ncc(\C=N\N(C)S(=O)(=O)c4cc(ccc4C)[N+](=O)[O-])c3n2,8.51
337,CHEMBL3684983,C[C@@H]1CC[C@H](CC1)n2c3cnccc3c4cnc(Nc5ccc6CN(CCO)CC(C)c6n5)nc24,8.51
338,CHEMBL3237705,CC1(C)CCCC(C1)n2c3cnccc3c4cnc(Nc5ccc(cn5)N6CCNCC6)nc24,8.52
339,CHEMBL3326002,CCCCNc1ncc2c(nn([C@@H]3CC[C@@H](O)CC3)c2n1)c4ccc(cc4)S(=O)(=O)N5CCOCC5,8.52
340,CHEMBL1835867,CN1CCC(CC1)c2ccc(Nc3nc(N)n(n3)c4ccccn4)cc2,8.52
341,CHEMBL3326005,CN1CCN(CC1)S(=O)(=O)c2ccc(c(F)c2)c3cn([C@@H]4CC[C@@H](O)CC4)c5nc(NCCC6CC6)ncc35,8.52
342,CHEMBL482968,CN1CCN(CC1)c2cc(Nc3cc(C)[nH]n3)nc(\C=C\c4ccccc4)n2,8.52
343,CHEMBL414001,CN1CCN(CC1)c2ccc(Nc3ncc4C(=O)C(=CN(c5ccc6CCCc6c5)c4n3)C(=O)N)cc2,8.52
344,CHEMBL1940110,COCCOc1cc2c(Oc3cnn(CC(=O)Nc4cccc(OC)c4)c3)ncnc2cc1OC,8.52
345,CHEMBL401046,CO\N=C\c1c(N)ncnc1N2CCN(CC2)C(=O)Nc3ccc(cc3)N4CCCC4,8.52
346,CHEMBL1940107,COc1cc2ncnc(Oc3cnn(CC(=O)Nc4ccc(cn4)N(C)C)c3)c2cc1OC,8.52
347,CHEMBL3237717,C[C@@H]1CC[C@H](CC1)n2c3cnccc3c4cnc(Nc5ccc(cn5)N6CCC7(CC6)CCC(=O)N7)nc24,8.52
348,CHEMBL376077,Cc1ccccc1NC(=O)Nc2ccc(cc2)c3cccc4[nH]nc(N)c34,8.52
349,CHEMBL3656375,NCCC(Nc1cccc(n1)c2cnc3c(N[C@@H]4CC[C@@H](N)CC4)nccn23)c5ccccc5,8.52
350,CHEMBL375670,Nc1n[nH]c2cccc(c3ccc(NC(=O)Nc4cccc(Cl)c4)cc3)c12,8.52
351,CHEMBL410731,Nc1ncnc2NCCC(=Nc12)c3ccc(NC(=O)Nc4cccc(c4F)C(F)(F)F)cc3,8.52
352,CHEMBL3684985,C[C@@H]1CC[C@H](CC1)n2c3cnccc3c4cnc(Nc5ccc6CN(CCO)CC(O)c6n5)nc24,8.54
353,CHEMBL1835740,COc1ccc(Nc2nc(N)n(n2)c3ccccn3)cc1OC,8.55
354,CHEMBL575307,CC(C)(C)c1onc(NC(=O)Nc2ccc(cc2)c3cn4c5ccc(O)cc5sc4n3)c1,8.57
355,CHEMBL1173541,COc1ccc(NC(=O)Nc2ccc3\C(=C\c4[nH]c(C)c(CCC(=O)O)c4C)\C(=O)Nc3c2)cc1,8.57
356,CHEMBL3329669,COc1ccc(cc1)C(=O)NC(=O)Nc2ccc3\C(=C\c4[nH]c(C)c(CCC(=O)O)c4C)\C(=O)Nc3c2,8.57
357,CHEMBL3684980,C[C@@H]1CC[C@H](CC1)n2c3cnccc3c4cnc(Nc5cc6CN(CCO)CCc6cn5)nc24,8.57
358,CHEMBL1079544,CC(C)(C)c1onc(NC(=O)Nc2ccc(NC(=O)c3cccc(O)n3)cc2)c1,8.6
359,CHEMBL2207518,Cc1onc(CN2CCN(CC2)c3c(Cl)cnc4[nH]c(nc34)c5cn(C)nc5C)c1,8.62
360,CHEMBL567839,CC(C)(C)c1onc(NC(=O)Nc2ccc(cc2)c3cn4c5cc(OCCN6CCOCC6)ccc5sc4n3)c1,8.64
361,CHEMBL3684994,C[C@@H]1CC[C@H](CC1)n2c3cnccc3c4cnc(Nc5ccc6CN(C[C@H](C)c6n5)C(=O)C)nc24,8.64
362,CHEMBL2148120,Cc1nc(Nc2nc3ccc(nc3s2)c4cccc(c4)C(=O)Nc5cccc(c5)C(F)(F)F)cc(n1)N6CCNCC6,8.64
363,CHEMBL1173482,O=C(Nc1ccccc1)Nc2ccc3\C(=C\c4ccc[nH]4)\C(=O)Nc3c2,8.64
364,CHEMBL3646210,C[C@H](O)Cn1cc(cn1)c2cnc(N)c3c(csc23)c4ccc(NC(=O)Nc5cccc(C)c5)cc4,8.66
365,CHEMBL3780676,COc1cc2c(Oc3ccc(NC(=O)C4=C(Cl)c5ccccc5N(C4=O)c6ccc(F)cc6)cc3F)ccnc2cc1OCCCN7CCN(C)CC7,8.67
366,CHEMBL2151321,CC(C)Oc1cc(n[nH]1)n2cnc3ccc(N[C@@H](C)c4ccc(F)cn4)nc23,8.68
367,CHEMBL3545311,COc1cc(ccc1Nc2ncc(Cl)c(Nc3ccccc3P(=O)(C)C)n2)N4CCC(CC4)N5CCN(C)CC5,8.68
368,CHEMBL3322566,COc1ccc(NC(=O)CC(=O)Nc2ccc3\C(=C\c4[nH]c(C)c(C(=O)NCCN5CCCC5)c4C)\C(=O)Nc3c2)cc1,8.68
369,CHEMBL3774451,Fc1ccc(cc1)n2nnc(C(=O)Nc3ccc(Oc4ccnc5[nH]ccc45)c(F)c3)c2C(F)(F)F,8.69
370,CHEMBL3237451,C1CCC(CC1)n2c3cnccc3c4cnc(Nc5ccc(cn5)N6CCNCC6)nc24,8.7
371,CHEMBL3237702,CC1CCC(CC1)n2c3cnccc3c4cnc(Nc5ccc(cn5)N6CCNCC6)nc24,8.7
372,CHEMBL223147,CCN1C(=O)C(C)(C)c2cc3[nH]c4c(CCCc5c(C)n[nH]c45)c3cc12,8.7
373,CHEMBL2206278,CCN1C(C)(C)CC(CC1(C)C)Oc2ccc(nc2)C(=O)Nc3ccc(NC(=O)Nc4cc(on4)C(C)(C)C)cc3,8.7
374,CHEMBL574576,CCN1CCN(CC1)C(=O)CCc2ccc3c(c2)sc4nc(cn34)c5ccc(NC(=O)Nc6cc(on6)C(C)(C)C)cc5,8.7
375,CHEMBL2206277,CN1C(C)(C)CC(CC1(C)C)Oc2ccc(nc2)C(=O)Nc3ccc(NC(=O)Nc4cc(on4)C(C)(C)C)cc3,8.7
376,CHEMBL2386796,CN1CCN(Cc2ccc(cc2)C(=O)Nc3cc(n[nH]3)c4ccc(NC(=O)Nc5cc(on5)C(C)(C)C)c(C)c4)CC1,8.7
377,CHEMBL1940109,COCCOc1cc2ncnc(Oc3cnn(CC(=O)Nc4cccc(OC)c4)c3)c2cc1OC,8.7
378,CHEMBL3109340,COCCOc1ccn2c(cnc2c1)c3ccc4cccc(OC5CCNCC5)c4n3,8.7
379,CHEMBL1940108,COc1cccc(NC(=O)Cn2cc(Oc3ncnc4cc(OC)c(OC)cc34)cn2)c1,8.7
380,CHEMBL3237709,C[C@@H]1CC[C@H](CC1)n2c3cnccc3c4cnc(Nc5ccc(cn5)N6CCC(CC6)N(C)C)nc24,8.7
381,CHEMBL3237703,C[C@@H]1CC[C@H](CC1)n2c3cnccc3c4cnc(Nc5ccc(cn5)N6CCNCC6)nc24,8.7
382,CHEMBL3680382,C[C@@H]1CC[C@H](CC1)n2c3cnccc3c4cnc(Nc5ccc6CN(CCCO)CCc6n5)nc24,8.7
383,CHEMBL2032276,Cc1cc2oc(nc2cc1O)c3cc(cnc3N)c4cnn(c4)C5CCNCC5.OC(=O)C(F)(F)F,8.7
384,CHEMBL374330,Cc1ccc(NC(=O)Nc2ccc(cc2)c3cccc4[nH]nc(N)c34)cc1,8.7
385,CHEMBL196363,Cc1cccc(NC(=O)Nc2ccc(cc2)c3csc4ncnc(N)c34)c1,8.7
386,CHEMBL255955,Nc1n[nH]c2nccc(c3ccc(NC(=O)Nc4cccc(c4)C(F)(F)F)cc3)c12,8.7
387,CHEMBL1835870,Nc1nc(Nc2ccc(cc2)[C@@H]3CC[C@H](CC3)N4CCOCC4)nn1c5ccccn5,8.7
388,CHEMBL411903,Nc1ncnc2NCCC(=Nc12)c3ccc(NC(=O)Nc4cc(ccc4F)C(F)(F)F)cc3,8.7
389,CHEMBL260092,Nc1ncnc2NCCC(=Nc12)c3ccc(NC(=O)Nc4cccc(c4)C(F)(F)F)cc3,8.7
390,CHEMBL2004290,COc1ccc(NC(=O)Nc2ccc(cc2)c3csc4c(cnc(N)c34)c5cnn(CC(C)(C)O)c5)cc1,8.71
391,CHEMBL578024,CC(C)(C)c1onc(NC(=O)Nc2ccc(cc2)c3cn4c5ccccc5sc4n3)c1,8.72
392,CHEMBL3612514,Cc1ccc(cc1S(=O)(=O)n2cc(cn2)c3cnn4ccc(Cl)nc34)[N+](=O)[O-],8.72
393,CHEMBL1172886,Clc1ccc(NC(=O)Nc2ccc3\C(=C\c4ccc[nH]4)\C(=O)Nc3c2)cc1,8.72
394,CHEMBL1969102,Cc1cccc(NC(=O)Nc2ccc(cc2)c3csc4c(cnc(N)c34)c5cn[nH]c5)c1,8.74
395,CHEMBL3680381,C[C@@H]1CC[C@H](CC1)n2c3cnccc3c4cnc(Nc5ccc6CN(CCO)CCc6n5)nc24,8.75
396,CHEMBL3684981,C[C@@H]1CC[C@H](CC1)n2c3cnccc3c4cnc(Nc5ccc6CNCC(C)c6n5)nc24,8.75
397,CHEMBL574039,CN1CCN(CCCOc2ccc3c(c2)sc4nc(cn34)c5ccc(NC(=O)Nc6cc(on6)C(C)(C)C)cc5)CC1,8.77
398,CHEMBL3684978,COCCN1CCc2nc(Nc3ncc4c5ccncc5n([C@@H]6CC[C@@H](C)CC6)c4n3)ccc2C1,8.77
399,CHEMBL575925,CC(C)(C)c1onc(NC(=O)Nc2ccc(NC(=O)c3cn4c5ccccc5sc4n3)cc2)c1,8.8
400,CHEMBL584710,CC(C)(C)c1onc(NC(=O)Nc2ccc(cc2)c3cn4c5ccc(cc5sc4n3)C(=O)O)c1,8.8
401,CHEMBL150894,CC(C)OCc1ccc2c(c1)c3c4CNC(=O)c4c5c(Cc6ccccc56)c3n2CCCO,8.8
402,CHEMBL3684986,C[C@@H]1CC[C@H](CC1)n2c3cnccc3c4cnc(Nc5ccc6CN(C[C@@H](C)c6n5)C(=O)C)nc24,8.8
403,CHEMBL574526,CC(C)(C)c1onc(NC(=O)Nc2ccc(cc2)c3cn4c5ccc(CCC(=O)N6CCOCC6)cc5sc4n3)c1,8.82
404,CHEMBL575269,CC(C)(C)c1onc(NC(=O)Nc2ccc(cc2)c3cn4c5ccc(OCCN6CCCCC6)cc5sc4n3)c1,8.82
405,CHEMBL2203426,CCN1CCC(CC1)c2ccc(nc2)C(=O)Nc3ccc(NC(=O)Nc4cc(on4)C(C)(C)C)cc3,8.82
406,CHEMBL1172838,O=C(Nc1ccc(cc1)c2ccc3ccccc3c2)Nc4ccc5\C(=C\c6ccc[nH]6)\C(=O)Nc5c4,8.82
407,CHEMBL1173149,COc1ccc(NC(=O)Nc2ccc3\C(=C\c4ccc[nH]4)\C(=O)Nc3c2)cc1,8.85
408,CHEMBL3684984,C[C@@H]1CC[C@H](CC1)n2c3cnccc3c4cnc(Nc5ccc6CNCC(O)c6n5)nc24,8.85
409,CHEMBL583418,CC(C)(C)c1onc(NC(=O)Nc2ccc(cc2)c3cn4c5ccc(CCC(=O)O)cc5sc4n3)c1,8.89
410,CHEMBL584293,CC(C)(C)c1onc(NC(=O)Nc2ccc(cc2)c3cn4c5ccc(CCCN6CCOCC6)cc5sc4n3)c1,8.89
411,CHEMBL3680379,C[C@@H]1CC[C@H](CC1)n2c3cnccc3c4cnc(Nc5ccc6CNCCc6n5)nc24,8.89
412,CHEMBL3612515,Cc1ccc(cc1S(=O)(=O)n2ccc(n2)c3cnn4ccc(Cl)nc34)[N+](=O)[O-],8.89
413,CHEMBL1980297,Nc1ncc(c2cnn(CCO)c2)c3scc(c4ccc(NC(=O)Nc5cccc(F)c5)cc4)c13,8.89
414,CHEMBL3646211,COc1ccc(NC(=O)Nc2ccc(cc2)c3csc4c(cnc(N)c34)c5cnn(C[C@H](O)CO)c5)cc1,8.91
415,CHEMBL2203431,CC(C)(C)c1onc(NC(=O)Nc2ccc(NC(=O)c3cc(OC4CCNCC4)ccn3)cc2)c1,8.92
416,CHEMBL3326004,CCCCNc1ncc2c(cn([C@@H]3CC[C@@H](O)CC3)c2n1)c4ccc(c(F)c4)S(=O)(=O)N5CCN(C)CC5,8.92
417,CHEMBL1236904,CN1CCN(CC1)c2ccc(cc2)c3nc4ncc(Br)c(N5CCN(Cc6cc(C)on6)CC5)c4[nH]3,8.92
418,CHEMBL575312,CN1CCN(CC1)c2ccc3c(c2)sc4nc(cn34)c5ccc(NC(=O)Nc6cc(on6)C(C)(C)C)cc5,8.92
419,CHEMBL1172814,COc1ccc(NC(=O)Nc2ccc3\C(=C\c4ccc[nH]4)\C(=O)Nc3c2)cc1OC,8.92
420,CHEMBL3612508,COc1ccn2ncc(\C=N\N(C)S(=O)(=O)c3cc(ccc3C)[N+](=O)[O-])c2n1,8.92
421,CHEMBL1081509,CC(C)(C)c1onc(NC(=O)Nc2ccc(NC(=O)c3cc4ccccc4cn3)cc2)c1,8.96
422,CHEMBL581849,CCN1CCN(Cc2ccc3c(c2)sc4nc(cn34)c5ccc(NC(=O)Nc6cc(on6)C(C)(C)C)cc5)CC1,8.96
423,CHEMBL2435999,COc1cc2c(Oc3ccc(NC(=O)c4cc(ccn4)c5ccc(C)cc5)cc3F)ccnc2cc1OCCCN6CCN(C)CC6,8.97
424,CHEMBL324153,C(CN1CCOCC1)Oc2ccc(cc2)c3cnc4c(cnn4c3)c5ccncc5,9.0
425,CHEMBL574349,CC(C)(C)c1onc(NC(=O)Nc2ccc(cc2)c3cn4c5ccc(OCCCN6CCOCC6)cc5sc4n3)c1,9.0
426,CHEMBL2203434,CCN1CCC(CC1)Oc2ccc(nc2)C(=O)Nc3ccc(NC(=O)Nc4cc(on4)C(C)(C)C)cc3,9.0
427,CHEMBL2203432,CCN1CCC(CC1)Oc2ccnc(c2)C(=O)Nc3ccc(NC(=O)Nc4cc(on4)C(C)(C)C)cc3,9.0
428,CHEMBL403776,CN1CCN(CCc2ccc(Nc3ncc4C(=O)C(=CN(c5ccc6CCCc6c5)c4n3)C(=O)N)cc2)CC1,9.0
429,CHEMBL256893,CN1CCN(Cc2ccc(Nc3ncc4C(=O)C(=CN(c5ccc6CCCc6c5)c4n3)C(=O)N)cc2)CC1,9.0
430,CHEMBL3326007,CN1CCN(Cc2ccc(cc2)c3cn([C@@H]4CC[C@@H](O)CC4)c5nc(NCCC6CC6)ncc35)CC1,9.0
431,CHEMBL235008,CO\N=C\c1c(N)ncnc1N2CCN(CC2)C(=O)Nc3ccc(Oc4ccccc4)cc3,9.0
432,CHEMBL3237708,C[C@@H]1CC[C@H](CC1)n2c3cnccc3c4cnc(Nc5ccc(cn5)N6CCC(N)CC6)nc24,9.0
433,CHEMBL2071201,Cn1cc(Nc2ncc(Br)c(N[C@@H]3[C@@H]4C[C@@H](C=C4)[C@@H]3C(=O)N)n2)cn1,9.0
434,CHEMBL1271533,Nc1cc(ccn1)c2cnn3cc(cnc23)c4ccc(OCCN5CCOCC5)cc4,9.0
435,CHEMBL1271641,Oc1ccc(cc1O)c2cnn3cc(cnc23)c4ccc(OCCN5CCOCC5)cc4,9.0
436,CHEMBL1081169,CC(C)(C)c1onc(NC(=O)Nc2ccc(NC(=O)c3ccccc3)cc2)c1,9.01
437,CHEMBL574575,CCN1CCN(CC1)C(=O)c2ccc3c(c2)sc4nc(cn34)c5ccc(NC(=O)Nc6cc(on6)C(C)(C)C)cc5,9.01
438,CHEMBL2203428,CN1CCN(Cc2ccc(nc2)C(=O)Nc3ccc(NC(=O)Nc4cc(on4)C(C)(C)C)cc3)CC1,9.05
439,CHEMBL1172815,Cc1ccc(NC(=O)Nc2ccc3\C(=C\c4ccc[nH]4)\C(=O)Nc3c2)cc1,9.05
440,CHEMBL2086760,CCN1CCC(CC1)Nc2ccc3NC(=O)C(=C(c4ccc(Cl)cc4)c5ncc[nH]5)c3c2,9.07
441,CHEMBL2203429,Cc1ccnc(c1)C(=O)Nc2ccc(NC(=O)Nc3cc(on3)C(C)(C)C)cc2,9.1
442,CHEMBL1172887,O=C(Nc1ccc(Oc2ccccc2)cc1)Nc3ccc4\C(=C\c5ccc[nH]5)\C(=O)Nc4c3,9.1
443,CHEMBL1080063,Cc1ccc2sc(cc2c1)C(=O)Nc3ccc(NC(=O)Nc4cc(on4)C(C)(C)C)cc3,9.11
444,CHEMBL1081346,CC(C)(C)c1onc(NC(=O)Nc2ccc(NC(=O)c3ccccn3)cc2)c1,9.12
445,CHEMBL3612503,CN(\N=C\c1cnn2ccc(C)nc12)S(=O)(=O)c3cc(ccc3C)[N+](=O)[O-],9.12
446,CHEMBL1081345,CC(C)(C)c1onc(NC(=O)Nc2ccc(NC(=O)c3ccc4ccccc4c3)cc2)c1,9.13
447,CHEMBL1080064,CC(C)(C)c1onc(NC(=O)Nc2ccc(NC(=O)c3nccc4ccccc34)cc2)c1,9.13
448,CHEMBL1079545,CC(C)(C)c1onc(NC(=O)Nc2ccc(NC(=O)c3ncccc3O)cc2)c1,9.13
449,CHEMBL3687217,CN1CCN(CC1)C2CCN(CC2)c3ccc(Nc4nc(N[C@@H]5CC[C@@H](O)CC5)c(Cl)nc4C(=O)N)cc3C,9.14
450,CHEMBL2203433,CC(C)(C)c1onc(NC(=O)Nc2ccc(NC(=O)c3ccc(OC4CCNCC4)cn3)cc2)c1,9.16
451,CHEMBL1172837,O=C(Nc1ccc(cc1)c2ccccc2)Nc3ccc4\C(=C\c5ccc[nH]5)\C(=O)Nc4c3,9.16
452,CHEMBL3687205,CC(C)c1nc(C(=O)N)c(Nc2ccc(N3CCC(CC3)N4CCN(C)CC4)c(c2)C(F)(F)F)nc1N[C@@H]5CC[C@@H](O)CC5,9.18
453,CHEMBL3684989,OCC(=O)N1CCc2nc(Nc3ncc4c5ccncc5n(C6CCCC6)c4n3)ccc2C1,9.19
454,CHEMBL2203435,CC(C)N1CCC(CC1)Oc2ccc(nc2)C(=O)Nc3ccc(NC(=O)Nc4cc(on4)C(C)(C)C)cc3,9.22
455,CHEMBL3237718,COc1nc(Nc2ncc3c4ccncc4n([C@@H]5CC[C@@H](C)CC5)c3n2)ccc1N6CCC7(CC6)CCC(=O)N7,9.22
456,CHEMBL3237711,C[C@@H]1CC[C@H](CC1)n2c3cnccc3c4cnc(Nc5ccc(N6CCC(CC6)N(C)C)c(F)n5)nc24,9.22
457,CHEMBL2203430,Cc1ccc(nc1)C(=O)Nc2ccc(NC(=O)Nc3cc(on3)C(C)(C)C)cc2,9.22
458,CHEMBL2032155,Nc1ncc(cc1c2oc3c(cccc3n2)c4ccccn4)c5cnn(c5)C6CCNCC6.OC(=O)C(F)(F)F,9.22
459,CHEMBL3687221,CC(C)c1nc(C(=O)N)c(Nc2ccc(cc2)N3CCC(CC3)N4CCN(C)CC4)nc1NC5CCOCC5,9.25
460,CHEMBL3687224,CC(C)c1nc(C(=O)N)c(Nc2ccc(cc2)N3CCN(C)CC3)nc1NC4CCOCC4,9.28
461,CHEMBL3687220,CCc1nc(C(=O)N)c(Nc2ccc(cc2)N3CCC(CC3)N4CCN(C)CC4)nc1NC5CCOCC5,9.29
462,CHEMBL3687194,CCc1nc(C(=O)N)c(Nc2ccc(cc2)N3CCC(CC3)N4CCN(C)CC4)nc1N[C@@H]5CC[C@@H](O)CC5,9.29
463,CHEMBL3687200,CCc1nc(C(=O)N)c(Nc2ccc(N3CCC(CC3)N4CCN(C)CC4)c(c2)C(F)(F)F)nc1N[C@@H]5CC[C@@H](O)CC5,9.3
464,CHEMBL3329684,COc1ccc(C(=O)NC(=O)Nc2ccc3\C(=C\c4[nH]c(C)c(C(=O)NCCN5CCCC5)c4C)\C(=O)Nc3c2)c(F)c1,9.3
465,CHEMBL1173411,COc1ccc(NC(=O)Nc2ccc3\C(=C\c4[nH]cc(C(=O)O)c4C)\C(=O)Nc3c2)cc1,9.3
466,CHEMBL3687223,COc1cc(Nc2nc(NC3CCOCC3)c(nc2C(=O)N)C(C)C)ccc1N4CCN(C)CC4,9.31
467,CHEMBL3687195,CC(C)c1nc(C(=O)N)c(Nc2ccc(cc2)N3CCN(C)CC3)nc1N[C@@H]4CC[C@@H](O)CC4,9.34
468,CHEMBL3687191,CCc1nc(C(=O)N)c(Nc2ccc(cc2)N3CCN(C)CC3)nc1N[C@@H]4CC[C@@H](O)CC4,9.36
469,CHEMBL3301622,CCc1nc(C(=O)N)c(Nc2ccc(N3CCC(CC3)N4CCN(C)CC4)c(OC)c2)nc1NC5CCOCC5,9.39
470,CHEMBL2203437,CC(C)(C)N1CCC(CC1)Oc2ccc(nc2)C(=O)Nc3ccc(NC(=O)Nc4cc(on4)C(C)(C)C)cc3,9.4
471,CHEMBL2203438,CC(C)(C)c1onc(NC(=O)Nc2ccc(NC(=O)c3ccc(OC4CCN(CC4)C5CC5)cn3)cc2)c1,9.4
472,CHEMBL2203427,CCN1CCC(Cc2ccc(nc2)C(=O)Nc3ccc(NC(=O)Nc4cc(on4)C(C)(C)C)cc3)CC1,9.4
473,CHEMBL3687207,CCc1nc(C(=O)N)c(Nc2ccc(N3CCC(CC3)N4CCN(C)CC4)c(C)c2)nc1N[C@@H]5CC[C@](C)(O)CC5,9.41
474,CHEMBL3687212,CCc1nc(C(=O)N)c(Nc2ccc(N3CCC(CC3)N4CCN(C)CC4)c(C)c2)nc1N[C@@H]5CC[C@@](C)(O)CC5,9.43
475,CHEMBL3687225,CCc1nc(C(=O)N)c(Nc2ccc(N3CCN(CC3)C4CCN(C)CC4)c(C)c2)nc1NC5CCOCC5,9.43
476,CHEMBL3612512,CN(CCc1cnn2ccc(Cl)nc12)S(=O)(=O)c3cc(ccc3C)[N+](=O)[O-],9.43
477,CHEMBL3687215,CCc1nc(C(=O)N)c(Nc2ccc(N3CCC(CC3)N4CCN(C)CC4)c(C)c2)nc1NC5CCOCC5,9.44
478,CHEMBL3687222,CCc1nc(C(=O)N)c(Nc2ccc(N3CCN(C)CC3)c(F)c2)nc1NC4CCOCC4,9.44
479,CHEMBL3687202,CCc1nc(C(=O)N)c(Nc2ccc(N3CCC(CC3)N4CCN(C)CC4)c(C)c2)nc1N[C@@H]5CC[C@@H](O)CC5,9.46
480,CHEMBL3687210,CCc1nc(C(=O)N)c(Nc2ccc(N3CCN(CC3)C(C)C)c(C)c2)nc1N[C@@H]4CC[C@@H](O)CC4,9.47
481,CHEMBL2206279,CC(C)(C)c1onc(NC(=O)Nc2ccc(NC(=O)c3ccc(OC4CC(C)(C)NC(C)(C)C4)cn3)cc2)c1,9.52
482,ponatinib,CN1CCN(CC2=CC=C(NC(=O)C3=CC=C(C)C(=C3)C#CC3=CN=C4C=CC=NN34)C=C2C(F)(F)F)CC1,9.52
483,CHEMBL3237706,C[C@@H]1CC[C@H](CC1)n2c3cnccc3c4cnc(Nc5ccc(nc5)N6CCNCC6)nc24,9.52
484,CHEMBL3612507,CN(\N=C\c1cnn2ccc(nc12)C#N)S(=O)(=O)c3cc(ccc3C)[N+](=O)[O-],9.67
485,CHEMBL3237712,COc1nc(Nc2ncc3c4ccncc4n([C@@H]5CC[C@@H](C)CC5)c3n2)ccc1N6CCC(CC6)N(C)C,9.7
486,CHEMBL1173107,Cc1[nH]c(\C=C\2/C(=O)Nc3cc(NC(=O)Nc4ccccc4)ccc23)c(C)c1C(=O)O,9.7
487,CHEMBL3612513,CN(CCc1cnn2ccc(Cl)nc12)S(=O)(=O)c3cc(ccc3C)C#N,9.75
488,CHEMBL3612511,Cc1ccc(cc1S(=O)(=O)NCCc2cnn3ccc(Cl)nc23)[N+](=O)[O-],9.78
489,CHEMBL3612622,Cc1ccc(cc1S(=O)(=O)n2ccc(c2)c3cnn4ccc(Cl)nc34)[N+](=O)[O-],9.91
