,molecule_chembl_id,canonical_smiles,pchembl_value
0,lenvatinib,COC1=CC2=C(C=C1C(N)=O)C(OC1=CC=C(NC(=O)NC3CC3)C(Cl)=C1)=CC=N2,8.28399658
1,sunitinib,CCN(CC)CCNC(=O)c1c(C)[nH]c(\C=C\2/C(=O)Nc3ccc(F)cc23)c1C,7.77
2,nintedanib,COC(=O)c1ccc2\C(=C(\Nc3ccc(cc3)N(C)C(=O)CN4CCN(C)CC4)/c5ccccc5)\C(=O)Nc2c1,8.30103016
3,pazopanib,CN(C1=CC2=NN(C)C(C)=C2C=C1)C1=NC(NC2=CC(=C(C)C=C2)S(N)(=O)=O)=NC=C1,7.57
4,sorafenib,CNC(=O)C1=CC(OC2=CC=C(NC(=O)NC3=CC=C(Cl)C(=C3)C(F)(F)F)C=C2)=CC=N1,7.8
5,axitinib,CNC(=O)C1=C(SC2=CC=C3C(NN=C3\C=C\C3=CC=CC=N3)=C2)C=CC=C1,6.77
6,CHEMBL597492,COc1cc(cc(OC)c1OC)C2=C(C(=O)NC2=O)c3c[nH]c4ccc(I)cc34,7.53
7,CHEMBL1940272,CCn1cc(NC(=O)Cc2ccc(Oc3ncnc4cc(OC)c(OC)cc34)cc2)cn1,7.54
8,CHEMBL388978,CN[C@@H]1C[C@H]2O[C@@](C)([C@@H]1OC)n3c4ccccc4c5c6CNC(=O)c6c7c8ccccc8n2c7c35,7.55
9,CHEMBL504075,C[C@H](Nc1cncc(Cl)n1)c2cccc(NC(=O)c3cccc(C)c3)c2,7.57
10,CHEMBL1940104,COc1cccc(NC(=O)Cn2cc(Nc3ncnc4cc(OC)c(OC)cc34)cn2)c1,7.6
11,CHEMBL465015,COC(=O)c1ccc2\C(=C(\Nc3ccc(NC(=O)CN4CCN(C)CC4)cc3)/c5ccccc5)\C(=O)Nc2c1,7.62
12,CHEMBL3644860,CCN1C(=C(C(=O)NC)C(=O)c2ccc(nc12)C#CC(C)(C)O)N,7.64
13,CHEMBL3644872,CCN1C(=C(C(=O)NC)C(=O)c2ccc(nc12)C#CC(C)(O)COC)N,7.64
14,CHEMBL214258,Nc1ncnc2snc(c3ccc(NC(=O)Nc4cc(ccc4F)C(F)(F)F)cc3)c12,7.64
15,CHEMBL1173482,O=C(Nc1ccccc1)Nc2ccc3\C(=C\c4ccc[nH]4)\C(=O)Nc3c2,7.65
16,CHEMBL201511,COc1cc(cc(OC)c1OC)C2=C(C(=O)NC2=O)c3c[nH]c4ccccc34,7.66
17,CHEMBL1940118,COc1cc2ncnc(Oc3ccc(CC(=O)Nc4ccc(cn4)N(C)C)cc3)c2cc1OC,7.66
18,CHEMBL3644863,CCN1C(=C(C(=O)NC)C(=O)c2ccc(nc12)C#CC3(O)CCC3)N,7.68
19,CHEMBL605957,COc1cc(cc(OC)c1OC)C2=C(C(=O)NC2=O)c3c[nH]c4ccc(Br)cc34,7.68
20,CHEMBL1258913,O=C(N[C@H](CN1CCCC1)c2ccccc2)c3cc4[nH]nc(NC(=O)c5ccc(cc5)N6CCOCC6)c4s3,7.72
21,CHEMBL153843,FC(F)(F)c1cccc(NC(=O)c2ccccc2NCc3ccncc3)c1,7.75
22,CHEMBL603469,C[C@]12O[C@H](C[C@]1(O)CO)n3c4ccccc4c5c6C(=O)NCc6c7c8ccccc8n2c7c35,7.77
23,CHEMBL398610,CCOc1cccc2c1c(\C=C\3/C(=O)NN=C3c4snnc4C)cn2C,7.8
24,CHEMBL223360,Cc1ccc(F)c(NC(=O)Nc2ccc(cc2)c3cccc4[nH]nc(N)c34)c1,7.8
25,CHEMBL3644870,CCN1C(=C(C(=O)NC)C(=O)c2ccc(nc12)C#CC(C)(O)c3ccccc3)N,7.85
26,CHEMBL518051,CS(=O)(=O)O.OC(=Nc1cccc(Cl)c1)Nc2ncc(CCN=C3NC=Nc4ccsc34)s2,7.85
27,CHEMBL3039504,CCS(=O)(=O)O.COC(=O)c1ccc2\C(=C(\Nc3ccc(cc3)N(C)C(=O)CN4CCN(C)CC4)/c5ccccc5)\C(=O)Nc2c1,7.89
28,CHEMBL1173541,COc1ccc(NC(=O)Nc2ccc3\C(=C\c4[nH]c(C)c(CCC(=O)O)c4C)\C(=O)Nc3c2)cc1,7.89
29,CHEMBL1173149,COc1ccc(NC(=O)Nc2ccc3\C(=C\c4ccc[nH]4)\C(=O)Nc3c2)cc1,7.89
30,CHEMBL196363,Cc1cccc(NC(=O)Nc2ccc(cc2)c3csc4ncnc(N)c34)c1,7.89
31,CHEMBL1172838,O=C(Nc1ccc(cc1)c2ccc3ccccc3c2)Nc4ccc5\C(=C\c6ccc[nH]6)\C(=O)Nc5c4,7.89
32,CHEMBL1940273,CCn1cc(NC(=O)Cc2ccc(Oc3ccnc4cc(OC)c(OC)cc34)cc2)cn1,7.92
33,CHEMBL1173150,COc1ccc(NC(=O)Nc2ccc3\C(=C\c4[nH]c(C)c(CC(=O)O)c4C)\C(=O)Nc3c2)cc1,7.96
34,CHEMBL525203,COC(=O)c1ccc2\C(=C(\Nc3ccc(CN(C)C(=O)N(C)C)cc3)/c4ccccc4)\C(=O)Nc2c1,8.0
35,CHEMBL498266,COC(=O)c1ccc2\C(=C(\Nc3ccc(cc3)N(CCN(C)C)S(=O)(=O)C)/c4ccccc4)\C(=O)Nc2c1,8.0
36,CHEMBL258015,CO\N=C(/C)\c1ccc2c(c1)c3c4CNC(=O)c4c5c(CCc6nn(C)cc56)c3n2CC(C)C,8.0
37,CHEMBL2180605,Cl.CNC(=O)c1cccc2cc(Oc3ccnc4cc(OCC5(N)CC5)c(OC)cc34)ccc12,8.0
38,CHEMBL572881,CC1(C)CNc2cc(NC(=O)c3cccnc3NCc4ccncc4)ccc12,8.01
39,CHEMBL1934327,CN1CCC(COc2ccc3c(Nc4ccc(NC(=O)Nc5cccc(F)c5)cc4)ncnc3c2)CC1,8.02
40,CHEMBL475251,COc1cc(Nc2ncc(F)c(Nc3ccc4OC(C)(C)C(=O)Nc4n3)n2)cc(OC)c1OC,8.04
41,CHEMBL1084337,CC(C)Cn1c2ccc(cc2c3c4CNC(=O)c4c5c(CCc6nn(C)cc56)c13)C7CCCCO7,8.05
42,CHEMBL2018882,COc1cc2ncnc(Oc3ccc(NC(=O)Nc4cccc(Br)c4)cc3)c2cc1OC,8.05
43,CHEMBL1172886,Clc1ccc(NC(=O)Nc2ccc3\C(=C\c4ccc[nH]4)\C(=O)Nc3c2)cc1,8.06
44,CHEMBL1940274,COc1cc2ncnc(Oc3ccc(CC(=O)Nc4cnn(c4)C(C)C)cc3)c2cc1OC,8.1
45,CHEMBL1940259,COc1cccc(NC(=O)Cc2ccc(Oc3ncnc4cc(OC)c(OC)cc34)cc2)c1,8.1
46,CHEMBL247228,Nc1ncnc2occ(c3ccc(NC(=O)Nc4cc(ccc4F)C(F)(F)F)cc3)c12,8.12
47,CHEMBL3628807,Brc1cccc(NC(=O)Nc2ccc(Oc3ncnc4ccccc34)cc2)c1,8.16
48,CHEMBL524453,COC(=O)c1ccc2\C(=C(\Nc3ccc(cc3)N(C)C(=O)Cn4ccnc4)/c5ccccc5)\C(=O)Nc2c1,8.16
49,CHEMBL1940112,COc1cccc(NC(=O)Cn2cc(Oc3ncnc4cc(OCCN5CCCC5)c(OC)cc34)cn2)c1,8.16
50,CHEMBL3628808,Brc1cccc(NC(=O)Nc2ccc(Oc3ncnc4sccc34)cc2)c1,8.22
51,CHEMBL3644865,CCN1C(=C(C(=O)NC)C(=O)c2ccc(nc12)C#CC(C)(O)c3cccc(OC)c3)N,8.22
52,CHEMBL498088,COC(=O)c1ccc2\C(=C(\Nc3ccc(cc3)N(CC(=O)N(C)C)C(=O)C)/c4ccccc4)\C(=O)Nc2c1,8.22
53,CHEMBL1173107,Cc1[nH]c(\C=C\2/C(=O)Nc3cc(NC(=O)Nc4ccccc4)ccc23)c(C)c1C(=O)O,8.24
54,CHEMBL3765306,Cl.CC1=[N+](C(=O)C(C=C1)C(=O)Nc2ccc(Oc3ccc4nc(NC(=O)C5CC5)cn4c3)c(F)c2)c6ccccc6,8.26
55,CHEMBL1082829,CCCCn1c2ccc(cc2c3c4CNC(=O)c4c5c(CCc6nn(C)cc56)c13)C7CCCCO7,8.3
56,CHEMBL3644871,CNC(=O)C1=C(N)N(C2CCCCC2)c3nc(ccc3C1=O)C#CC(C)(O)COC,8.3
57,CHEMBL498265,COC(=O)c1ccc2\C(=C(\Nc3ccc(cc3)N(CCN(C)C)C(=O)C)/c4ccccc4)\C(=O)Nc2c1,8.3
58,CHEMBL453737,COc1cc2c(Oc3ccc(cc3F)C4=CN=C(Nc5ccc(F)cc5)N(C)C4=O)ccnc2cc1OCCCN6CCOCC6,8.3
59,CHEMBL3426917,[2H]C([2H])([2H])Oc1cc2nccc(Oc3ccc(NC(=O)Nc4cc(C)on4)c(Cl)c3)c2cc1OC([2H])([2H])[2H],8.34
60,CHEMBL491473,COc1cc2c(Oc3ccc4[nH]c(C)cc4c3F)ncnc2cc1OCCCN5CCCC5,8.37
61,CHEMBL150894,CC(C)OCc1ccc2c(c1)c3c4CNC(=O)c4c5c(Cc6ccccc56)c3n2CCCO,8.4
62,CHEMBL2079588,CNC(=O)c1cc(COc2nnc(Nc3ccc(Cl)cc3)c4ccoc24)ccn1,8.4
63,CHEMBL223971,COCCOCC#Cc1cc(cs1)c2n[nH]c3c2Cc4ccc(Cn5cncn5)cc34,8.4
64,CHEMBL376951,Cc1cccc(NC(=O)Nc2ccc(cc2)c3nsc4ncnc(N)c34)c1,8.4
65,CHEMBL3764474,Cn1ccnc1c2cc3c(Oc4ccc(NC(=S)NC(=O)Cc5ccccc5)cc4F)ccnc3s2,8.4
66,CHEMBL2086760,CCN1CCC(CC1)Nc2ccc3NC(=O)C(=C(c4ccc(Cl)cc4)c5ncc[nH]5)c3c2,8.5
67,CHEMBL1289494,COc1cc2nccc(Oc3ccc(NC(=O)Nc4cc(C)on4)c(Cl)c3)c2cc1OC,8.51
68,CHEMBL522892,CN1CCN(CC1)c2ccc3nc([nH]c3c2)C4=C(N)c5c(F)cccc5NC4=O,8.52
69,CHEMBL390156,CN1CCN(Cc2ccc3c(Cc4c(n[nH]c34)c5csc(c5)C#CCOc6ccccc6)c2)CC1,8.52
70,CHEMBL525909,COC(=O)c1ccc2\C(=C(\Nc3ccc(cc3)N(CCCN(C)C)C(=O)C)/c4ccccc4)\C(=O)Nc2c1,8.52
71,CHEMBL1230609,COc1cc2c(Oc3ccc(NC(=O)C4(CC4)C(=O)Nc5ccc(F)cc5)cc3F)ccnc2cc1OCCCN6CCOCC6,8.55
72,CHEMBL1784637,CNC(=O)c1ncc(C#Cc2cc(ccc2C)C(=O)Nc3ccc(CN4CCN(CCO)CC4)c(c3)C(F)(F)F)n1C,8.59
73,CHEMBL3644873,CCN1C(=C(C(=O)NC)C(=O)c2ccc(nc12)C#CC(C)(O)c3ccsc3)N,8.7
74,CHEMBL429743,COc1cc2nccc(Oc3ccc4c(cccc4c3)C(=O)Nc5ccc(Cl)cc5)c2cc1OC,8.7
75,CHEMBL2332119,NC(=O)C1=C(N)C(=O)C=C(Nc2ccccc2O)C1=O,8.75
76,CHEMBL2180602,CCN(CC)CCNC(=O)c1c(C)[nH]c2\C(=C\3/C(=O)Nc4ccc(F)cc34)\CCCc12,8.89
77,CHEMBL2180604,Cc1cc(C(=O)Nc2cc(Oc3ccc4nc(NC(=O)C5CC5)cn4n3)ccc2C)n(C)n1,8.96
78,CHEMBL495727,O=C(NC1CC1)Nc2c[nH]nc2c3nc4cc(CN5CCOCC5)ccc4[nH]3,9.0
79,CHEMBL1173411,COc1ccc(NC(=O)Nc2ccc3\C(=C\c4[nH]cc(C(=O)O)c4C)\C(=O)Nc3c2)cc1,9.1
80,CHEMBL1668411,COc1cc(O)c2C(=O)O[C@@H](C)C\C=C/C(=O)[C@@H](O)[C@H](O)C\C=C\c2c1,9.3
81,CHEMBL1940108,COc1cccc(NC(=O)Cn2cc(Oc3ncnc4cc(OC)c(OC)cc34)cn2)c1,9.4
82,CHEMBL1940109,COCCOc1cc2ncnc(Oc3cnn(CC(=O)Nc4cccc(OC)c4)c3)c2cc1OC,9.7
10,CHEMBL21156,CC(C)(C)c1nc2c3ccc(F)cc3c4C(=O)NC=Cc4c2[nH]1,6.16
14,CHEMBL327725,CC(O)C(\N=C/1\C=C(O)\C(=N/C(C(C)O)C(=O)O)\C=C1O)C(=O)O,5.52
22,CHEMBL24828,COc1cc2c(Nc3ccc(Br)cc3F)ncnc2cc1OCC4CCN(C)CC4,6.63
23,CHEMBL276711,Cc1cc(C)c(\C=C\2/C(=O)Nc3ccccc23)[nH]1,7.3
24,CHEMBL75232,OC(=O)CCC(=O)O.Clc1ccc(Nc2nnc(Cc3ccncc3)c4ccccc24)cc1,6.71
25,CHEMBL347537,O=C(Nc1cccc(c1)c2cncc3ccccc23)c4ccccc4NCc5ccncc5,7.28
30,CHEMBL381207,Cc1sc2ncnc(N)c2c1c3ccc(NC(=O)Nc4cc(ccc4F)C(F)(F)F)cc3,7.06
33,CHEMBL101253,Clc1ccc(Nc2nnc(Cc3ccncc3)c4ccccc24)cc1,6.72
34,CHEMBL535,CCN(CC)CCNC(=O)c1c(C)[nH]c(\C=C\2/C(=O)Nc3ccc(F)cc23)c1C,7.46
37,CHEMBL1336,CNC(=O)c1cc(Oc2ccc(NC(=O)Nc3ccc(Cl)c(c3)C(F)(F)F)cc2)ccn1,7.8
44,CHEMBL103667,Cc1ccc(cc1)n2nc(cc2NC(=O)Nc3ccc(OCCN4CCOCC4)c5ccccc35)C(C)(C)C,5.6
64,CHEMBL212084,C(c1ccc2Cc3c(n[nH]c3c2c1)c4ccsc4)n5ccnc5,6.77
65,CHEMBL213743,CN1CCN(Cc2ccc3Cc4c(n[nH]c4c3c2)c5ccsc5)CC1,5.8
66,CHEMBL262433,Cc1ccc(F)c(NC(=O)Nc2ccc(cc2)c3nsc4ncnc(N)c34)c1,7.17
73,CHEMBL402548,CO[C@@H](C(=O)N1Cc2n[nH]c(NC(=O)c3ccc(cc3)N4CCN(C)CC4)c2C1)c5ccccc5,6.79
81,CHEMBL234655,Fc1ccc(Br)cc1c2nc(Nc3ccncc3C(=O)NCCCN4CCCC4=O)c5nccnc5n2,6.91
144,CHEMBL248757,Clc1cc2NC(=O)Nc3cnc(C#N)c(OCCCCOc2cc1NCc4cncs4)n3,5.17
151,CHEMBL260138,[O-][N+](=O)c1ccc2[nH]c3c(CC(=O)Nc4ccc(CCC#N)cc34)c2c1,6.0
153,CHEMBL406381,CCCNC(=O)Nc1ccc(Oc2ncnc3cc(OC)c(OC)cc23)cc1Cl,6.9
158,CHEMBL488840,Cc1cccc(C)c1\C=C\n2cnc3c(Nc4ccc(cc4)P(=O)(C)C)ncnc23,6.82
174,CHEMBL475351,COc1cc(Nc2nc(OC)nc3[nH]ccc23)ccc1c4nc5ccccc5s4,5.11
175,CHEMBL512933,CNc1nccc(Nc2ccc(cc2)c3nc4ccccc4s3)n1,5.16
176,CHEMBL461991,Cc1cc(Nc2cc(Nc3ccc(cc3)c4nc5ccccc5s4)ccn2)n[nH]1,5.19
177,CHEMBL464014,CNc1cc(Nc2ccc(cc2)c3nc4ccccc4s3)ccn1,5.22
178,CHEMBL459886,CN1CCN(CC1)c2ccnc(Nc3ccc(cc3)c4nc5ccccc5s4)n2,5.28
179,CHEMBL475352,COc1cc(Nc2ncnc3[nH]cnc23)ccc1c4nc5ccccc5s4,5.47
180,CHEMBL491686,Cc1cc(Nc2ccnc(Nc3cccc(c3)c4nc5ccccc5s4)n2)n[nH]1,5.6
181,CHEMBL301018,COc1cc2ncnc(Nc3ccc(F)c(Cl)c3)c2cc1OC,5.62
182,CHEMBL518803,N(c1ccc(cc1)c2nc3ccccc3s2)c4ncnc5[nH]ccc45,5.68
183,CHEMBL522785,COc1cc2nc(Nc3cc(C)[nH]n3)nc(Nc4cccc(c4)c5nc6ccccc6s5)c2cc1OC,5.8
184,CHEMBL460746,Oc1ccc(NC(=S)NC(=O)c2ccc(cc2)[N+](=O)[O-])cc1c3nc4ccccc4s3,6.0
191,CHEMBL502835,COC(=O)c1ccc2\C(=C(\Nc3ccc(cc3)N(C)C(=O)CN4CCN(C)CC4)/c5ccccc5)\C(=O)Nc2c1,8.3
192,CHEMBL497049,COC(=O)c1ccc2\C(=C(\Nc3ccc(CN4CCCCC4)cc3)/c5ccccc5)\C(=O)Nc2c1,7.5
198,CHEMBL525550,COC(=O)c1ccc2\C(=C(\Nc3ccc(cc3)C(=O)N(C)CCN(C)C)/c4ccccc4)\C(=O)Nc2c1,7.23
199,CHEMBL498105,COC(=O)c1ccc2\C(=C(\Nc3ccc(CN(C)C)cc3)/c4ccccc4)\C(=O)Nc2c1,7.14
209,CHEMBL519976,COc1ncnc2c1ncn2CC(=O)c3ccccc3,4.35
217,CHEMBL505896,COc1cc2c(Oc3ccc(cc3F)C4=CN=C(Cc5ccccc5)N(C)C4=O)ccnc2cc1OCCCN6CCOCC6,6.92
220,CHEMBL460990,CC(C)Oc1ccc2c(CCc3c2c4C(=O)NCc4c5c6ccccc6n(CCO)c35)c1,5.61
222,CHEMBL290352,CCSCc1ccc2c(c1)c3c4CNC(=O)c4c5c6cc(CSCC)ccc6n7[C@H]8C[C@](O)(C(=O)OC)[C@](C)(O8)n2c3c57,7.41
238,CHEMBL507056,COc1ccc(cc1)C2=C(C(=O)NC2)c3cn(C)c4ccccc34,4.75
239,CHEMBL452812,COc1ccc(cc1)C2=C(C(=O)NC2)c3c[nH]c4ccccc34,5.06
240,CHEMBL509435,COc1cc(cc(OC)c1OC)C2=C(C(=O)NC2)c3cn(C)c4ccccc34,4.96
241,CHEMBL453593,COc1cc(cc(OC)c1OC)C2=C(CNC2=O)c3cn(CC(O)CO)c4ccccc34,5.6
242,CHEMBL509635,COc1cc(cc(OC)c1OC)C2=C(CNC2=O)c3cn(CC4COC(C)(C)O4)c5ccccc35,5.5
243,CHEMBL453336,COc1cc(cc(OC)c1OC)C2=C(CNC2=O)c3cn(COCc4ccccc4)c5ccccc35,5.77
244,CHEMBL488811,COc1cc(cc(OC)c1OC)C2=C(CNC2=O)c3cn(COc4ccccc4)c5ccccc35,5.6
245,CHEMBL488646,COc1cc(cc(OC)c1OC)C2=C(CNC2=O)c3cn(COC(C)(C)C)c4ccccc34,5.32
246,CHEMBL488645,COc1cc(cc(OC)c1OC)C2=C(CNC2=O)c3cn(COC(C)C)c4ccccc34,5.28
247,CHEMBL529217,CCOCn1cc(C2=C(C(=O)NC2)c3cc(OC)c(OC)c(OC)c3)c4ccccc14,5.44
248,CHEMBL519590,COCn1cc(C2=C(C(=O)NC2)c3cc(OC)c(OC)c(OC)c3)c4ccccc14,5.5
249,CHEMBL486437,COc1cc(cc(OC)c1OC)C2=C(CNC2=O)c3cn(COCC[Si](C)(C)C)c4ccccc34,5.25
250,CHEMBL505253,COc1cc(cc(OC)c1OC)C2=C(C(O)NC2=O)c3c[nH]c4ccccc34,5.47
251,CHEMBL521201,COc1cc(cc(OC)c1OC)C2=C(C(=O)NC2)c3c[nH]c4ccccc34,5.03
252,CHEMBL529663,COc1cc(cc(OC)c1OC)C2=C(CNC2=O)c3c[nH]c4ccccc34,7.43
260,CHEMBL514499,COc1cc2ncn(c3cc(OCc4ccccc4C(F)(F)F)c(s3)C(=O)N)c2cc1OC,7.04
262,CHEMBL477772,CN(c1ccc2c(C)n(C)nc2c1)c3ccnc(Nc4ccc(C)c(c4)S(=O)(=O)N)n3,7.33
266,CHEMBL487254,N=C(Nc1ccccc1)SCCCN2C(=O)C3=C(C2=O)n4ccc5cccc(C6Cc7ccccc7N36)c45,5.02
267,CHEMBL489083,NC(=N)SCCCN1C(=O)C2=C(C1=O)n3c(cc4ccccc34)c5cccc6ccn2c56,5.33
290,CHEMBL564829,CNC(=O)c1nn(C)c2c3nc(Nc4ccc(cc4)N5CCN(C)CC5)ncc3CC(C)(C)c12,6.04
298,CHEMBL574738,CCN1CCN(Cc2ccc(NC(=O)Nc3ccc(Oc4cc(NC)ncn4)cc3)cc2C(F)(F)F)CC1,6.92
303,CHEMBL558752,Cn1c(Nc2ccc(cc2)C(F)(F)F)nc3cc(Oc4ccnc(c4)c5ncc([nH]5)C(F)(F)F)ccc13,5.7
315,CHEMBL191003,Nc1nc(Nc2ccc(cc2)S(=O)(=O)N)nn1C(=O)c3c(F)cccc3F,5.96
321,CHEMBL608533,CO[C@@H]1[C@@H](C[C@H]2O[C@]1(C)n3c4ccccc4c5c6CNC(=O)c6c7c8ccccc8n2c7c35)N(C)C(=O)c9ccccc9,6.17
329,CHEMBL1721885,Cc1[nH]c(\C=C\2/C(=O)Nc3ccc(F)cc23)c(C)c1C(=O)NC[C@H](O)CN4CCOCC4,7.3
337,CHEMBL576982,CC(C)(C)c1onc(NC(=O)Nc2ccc(cc2)c3cn4c5ccc(OCCN6CCOCC6)cc5sc4n3)c1,7.39
339,CHEMBL571040,COCCOc1cc2ncnc(Nc3cccc(Cl)c3F)c2cc1NC(=O)[C@@H]4CCCN4C(=O)C=C,5.57
340,CHEMBL569880,COCCOc1cc2ncnc(Nc3ccc(F)c(Cl)c3F)c2cc1NC(=O)[C@@H]4CCCN4C(=O)C=C,5.35
343,CHEMBL565612,CN1CCN(CC1)c2nc(C3=C(C(=O)NC3=O)c4c[nH]c5ccccc45)c6ccccc6n2,5.34
354,CHEMBL594228,COc1cc2c(Nc3ccc(cc3F)c4nc5ccccc5s4)ncnc2cc1OCCCN6CCN(C)CC6,4.89
357,CHEMBL593987,COc1cc2c(Nc3ccc(c(F)c3)c4nc5ccccc5s4)ncnc2cc1OCCCN6CCN(C)CC6,4.59
358,CHEMBL593274,COc1cc2c(Nc3ccc(c(Cl)c3)c4nc5ccccc5s4)ncnc2cc1OCCCN6CCN(C)CC6,4.85
365,CHEMBL595615,COc1cc2c(Nc3ccc(cc3)c4nc5ccccc5s4)ncnc2cc1OCCCN6CCN(C)CC6,7.16
366,CHEMBL595406,COc1cc2c(Nc3ccc(cc3C)c4nc5ccccc5s4)ncnc2cc1OCCCN6CCN(C)CC6,6.47
367,CHEMBL595142,COc1cc2c(Nc3ccc(cc3O)c4nc5ccccc5s4)ncnc2cc1OCCCN6CCN(C)CC6,5.35
371,CHEMBL596087,COc1cc2c(Nc3ccc(c(C)c3)c4nc5ccccc5s4)ncnc2cc1OCCCN6CCN(C)CC6,5.82
376,CHEMBL593306,COc1ccc2nc(sc2c1)c3ccc(Nc4ncnc5cc(OCCCN6CCN(C)CC6)c(OC)cc45)cc3,5.72
378,CHEMBL593275,COc1cc2c(Nc3ccc(cc3)c4nc5ccc(Cl)cc5s4)ncnc2cc1OCCCN6CCN(C)CC6,5.03
381,CHEMBL593909,COc1cc2c(Nc3ccc(cc3F)c4nc5ccc(Cl)cc5s4)ncnc2cc1OCCCN6CCN(C)CC6,5.52
386,CHEMBL590109,NCCn1cc(c2cc(c3cc4ccccc4s3)c5[nH]ncc5c2)c6nc(N)ncc16,5.24
392,CHEMBL606168,COc1cc(cc(OC)c1OC)C2=C(C(=O)NC2=O)c3c[nH]c4ccc(F)cc34,7.18
398,CHEMBL1081198,FC(F)(F)c1cccc(NC(=O)Nc2cccc(c2)c3cn4ccnc4c(NCc5ccncc5)n3)c1,7.15
402,CHEMBL1090360,O=C(Cc1ccccc1)Nc2cccc(c2)c3nc4sccn4c3c5ccnc(Nc6cccc(c6)N7CCOCC7)n5,7.19
403,CHEMBL1098119,Cl.NCCc1cn(CCCCCc2ccccc2)c3ccc(OCCc4ccc(O)cc4)cc13,5.57
404,CHEMBL1098120,Cl.NC1CCc2c(C1)c3cc(OCCc4ccc(O)cc4)ccc3n2CCCCCc5ccccc5,5.66
406,CHEMBL1098121,Cl.COc1ccc(CCCCCn2cc(CCN)c3cc(OCCc4ccc(O)cc4)ccc23)cc1,5.69
407,CHEMBL1094194,Cl.CSc1ccc(CCCCCn2cc(CCN)c3cc(OCCc4ccc(O)cc4)ccc23)cc1,5.6
408,CHEMBL1094195,Cl.NCCc1cn(Cc2ccc(cc2)c3cccc(c3)C(F)(F)F)c4ccc(OCCc5ccc(O)cc5)cc14,5.52
409,CHEMBL1094196,Cl.COc1ccc(cc1)c2ccc(Cn3cc(CCN)c4cc(OCCc5ccc(O)cc5)ccc34)cc2,6.02
410,CHEMBL1095154,Cl.NCCc1cn(Cc2ccc(cc2)c3ccccc3)c4ccc(OCCc5ccc(O)cc5)cc14,5.39
411,CHEMBL1095957,Cl.NCCc1c[nH]c2ccc(OCCc3ccc(O)cc3)cc12,5.58
413,CHEMBL1094835,Cl.COc1ccc(CCOc2ccc3c(c2)c(CCN)cn3CCCCCc4ccc(SC)cc4)cc1,5.88
414,CHEMBL3216254,Cl.Cl.CN(C)c1ccc(CCCCCn2c3CCC(N)Cc3c4cc(OCCc5ccc(O)cc5)ccc24)cc1,5.78
415,CHEMBL1094492,Cl.COc1ccc(CCCCCn2c3CCC(N)Cc3c4cc(OCCc5ccc(O)cc5)ccc24)cc1,5.74
416,CHEMBL1094825,Cl.NC1CCc2c(C1)c3cc(OCCc4ccc(O)cc4)ccc3n2CCCCCc5ccc(cc5)C(F)(F)F,5.64
417,CHEMBL3216699,Cl.Cl.NC1CCc2c(C1)c3cc(OCCc4ccc(O)cc4)ccc3n2CCCCCc5ccccn5,5.65
418,CHEMBL1097189,Cl.NC1CCc2c(C1)c3cc(OCCc4ccc(O)cc4)ccc3n2CCCc5ccccc5,5.55
419,CHEMBL1097190,Cl.NC1CCc2[nH]c3ccc(OCCc4ccc(O)cc4)cc3c2C1,4.46
427,CHEMBL1094408,COc1ccc(cc1Nc2ncc3CCc4c(nn(C)c4c3n2)C(=O)N)N5CCN(C)CC5,6.23
428,CHEMBL1090479,CCn1cc(c2ccnc3[nH]c(cc23)c4cccc(CN(C)C)c4)c(n1)c5ccc(NC(=O)N(C)C)cc5,7.13
431,CHEMBL1164957,Cc1cccc(n1)c2[nH]c(Cc3cccc(c3)C(=O)N)nc2c4ccc5ncccc5c4,6.03
474,CHEMBL1172814,COc1ccc(NC(=O)Nc2ccc3\C(=C\c4ccc[nH]4)\C(=O)Nc3c2)cc1OC,7.04
475,CHEMBL1172815,Cc1ccc(NC(=O)Nc2ccc3\C(=C\c4ccc[nH]4)\C(=O)Nc3c2)cc1,6.83
477,CHEMBL1172887,O=C(Nc1ccc(Oc2ccccc2)cc1)Nc3ccc4\C(=C\c5ccc[nH]5)\C(=O)Nc4c3,7.17
478,CHEMBL1172837,O=C(Nc1ccc(cc1)c2ccccc2)Nc3ccc4\C(=C\c5ccc[nH]5)\C(=O)Nc4c3,7.06
481,CHEMBL1173174,COc1ccc(NC(=O)Nc2ccc3\C(=C\c4[nH]c(C)c(C(=O)O)c4C)\C(=O)Nc3c2)cc1,7.48
482,CHEMBL1172420,Cc1ccc(NC(=O)Nc2ccc3\C(=C\c4[nH]c(C)c(C(=O)O)c4C)\C(=O)Nc3c2)cc1,7.41
483,CHEMBL1172421,Cc1[nH]c(\C=C\2/C(=O)Nc3cc(NC(=O)Nc4ccc(Cl)cc4)ccc23)c(C)c1C(=O)O,7.38
484,CHEMBL1172422,Cc1[nH]c(\C=C\2/C(=O)Nc3cc(NC(=O)Nc4ccccc4)ccc23)c(C)c1CC(=O)O,7.47
519,CHEMBL1290177,Clc1ccc(CNc2ccnc3oc4ccccc4c23)cc1,6.17
522,CHEMBL1290071,C(Nc1ccnc2oc3ccccc3c12)c4cccc5ccccc45,5.96
523,CHEMBL1289977,C(Cc1ccccc1)Nc2ccnc3oc4ccccc4c23,5.03
524,CHEMBL1289976,C(Nc1ccnc2oc3ccccc3c12)c4ccccc4,5.96
529,CHEMBL1668413,COc1cc(O)c2C(=O)O[C@@H](C)C[C@@H](Cl)CC(=O)CCCCCc2c1,4.77
530,CHEMBL1668414,COc1cc(O)c2C(=O)O[C@@H](C)C[C@@H](Br)CC(=O)CCC\C=C\c2c1,5.26
531,CHEMBL1668415,COc1cc(O)c2C(=O)O[C@@H](C)C[C@@H](Br)CC(=O)CCCCCc2c1,5.24
533,CHEMBL1668417,COc1cc(O)c2C(=O)O[C@@H](C)C[C@@H](Br)CC(=O)CCC\C=C/c2c1,4.19
534,CHEMBL1668418,COc1cc(O)c2C(=O)O[C@@H](C)C\C=C\C(=O)CCC\C=C\c2c1,5.85
535,CHEMBL1668419,COc1cc(O)c2C(=O)O[C@@H](C)C\C=C\C(=O)CCCCCc2c1,6.14
536,CHEMBL1668420,COc1cc(O)c2C(=O)O[C@@H](C)C\C=C\C(=O)CCC\C=C/c2c1,5.8
537,CHEMBL1651523,COc1cc(O)c2C(=O)O[C@@H](C)C\C=C/C(=O)CCCCCc2c1,5.92
538,CHEMBL1681932,CCNC(=O)Nc1ccc(Oc2ncnc(N)c2\C=N\OC)cc1Cl,5.96
543,CHEMBL1822792,CN(C[C@@H]1COCCO1)S(=O)(=O)Nc2ccc3C=Cc4ncc(cc4C(=O)c3c2)c5cnn(C)c5,7.11
546,CHEMBL1834657,CCN1CCN(CC1)c2ccc(Nc3cc(ncn3)N(C)C(=O)Nc4c(Cl)c(OC)cc(OC)c4Cl)cc2.OP(=O)(O)O,5.68
553,CHEMBL450786,Cc1[nH]c(\C=C\2/C(=O)Nc3ccc(cc23)S(=O)(=O)Cc4c(Cl)cccc4Cl)c(C)c1C(=O)N5CCC[C@@H]5CN6CCCC6,5.85
559,CHEMBL509032,COc1cc(ccc1Nc2ncc(Cl)c(Nc3ccccc3S(=O)(=O)C(C)C)n2)N4CCC(CC4)N5CCN(C)CC5,6.77
561,CHEMBL1908395,Cl.CN(C)CC(=O)N1CCC(CC1)c2ccc(NC(=O)c3nc(c[nH]3)C#N)c(c2)C4=CCCCC4,6.16
565,CHEMBL1908396,COc1cc(Oc2ccnc3cc(OC)c(OC)cc23)ccc1NC(=O)NC(C)c4nccs4,6.41
567,CHEMBL1287853,Cc1cnc(Nc2ccc(OCCN3CCCC3)cc2)nc1Nc4cccc(c4)S(=O)(=O)NC(C)(C)C,5.7
570,CHEMBL1908397,O=C(N1CCNCC1)c2ccc(\C=C\c3n[nH]c4ccccc34)cc2,5.89
582,CHEMBL300138,Cn1cc(C2=C(C(=O)NC2=O)c3cn(C4CCN(Cc5ccccn5)CC4)c6ccccc36)c7ccccc17,5.42
590,CHEMBL377300,C[C@@H](O)COc1cn2ncnc(Oc3ccc4[nH]c(C)cc4c3F)c2c1C,7.25
593,CHEMBL1289926,CNC(=O)c1ccccc1Sc2ccc3c(\C=C\c4ccccn4)n[nH]c3c2,6.77
618,CHEMBL386051,CSc1cccc(Nc2ncc3C=C(C(=O)N(C)c3n2)c4c(Cl)cccc4Cl)c1,6.13
652,CHEMBL1940103,COc1cc2ncnc(Nc3cnn(CC(=O)Nc4cccc(F)c4)c3)c2cc1OC,7.29
654,CHEMBL1940105,COc1cc2ncnc(Nc3cnn(CC(=O)Nc4ccc(cc4)N(C)C)c3)c2cc1OC,7.0
655,CHEMBL1940106,COc1cc2ncnc(Nc3cnn(CC(=O)Nc4ccc(cn4)N(C)C)c3)c2cc1OC,6.34
656,CHEMBL1940107,COc1cc2ncnc(Oc3cnn(CC(=O)Nc4ccc(cn4)N(C)C)c3)c2cc1OC,7.41
660,CHEMBL1940111,COc1cccc(NC(=O)Cn2cc(Oc3ncnc4cc(OC)c(OCCN5CCCCC5)cc34)cn2)c1,7.51
662,CHEMBL1940113,COc1cccc(NC(=O)Cn2cc(Oc3ncnc4cc(OC)cc(OC)c34)cn2)c1,7.52
663,CHEMBL1940114,COc1cccc(NC(=O)Cn2cc(Oc3ccnc4cc(OC)c(cc34)C#N)cn2)c1,6.55
664,CHEMBL1940115,COc1cccc(NC(=O)Cn2cc(Oc3ccnc4cc(OC)c(OC)cc34)cn2)c1,7.24
665,CHEMBL1940116,CCn1cc(NC(=O)Cn2cc(Oc3ncnc4cc(OC)c(OC)cc34)cn2)cn1,7.46
669,CHEMBL1940260,COc1cccc(NC(=O)Cc2ccc(Nc3ncnc4cc(OC)c(OC)cc34)cc2)c1,6.76
670,CHEMBL1940261,COc1cccc(NC(=O)Cc2cccc(Oc3ncnc4cc(OC)c(OC)cc34)c2)c1,6.0
671,CHEMBL1940262,COc1cccc(NC(=O)NCc2ccc(Oc3ncnc4cc(OC)c(OC)cc34)cc2)c1,6.75
673,CHEMBL1940264,COc1cccc(c1)C(=O)NCc2ccc(Oc3ncnc4cc(OC)c(OC)cc34)cc2,5.21
674,CHEMBL1940265,COc1cccc(CNC(=O)c2ccc(Oc3ncnc4cc(OC)c(OC)cc34)cc2)c1,5.51
675,CHEMBL1940266,COc1cccc(CC(=O)Nc2ccc(Oc3ncnc4cc(OC)c(OC)cc34)cc2)c1,6.68
676,CHEMBL1940267,COc1cccc(COc2ccc(Oc3ncnc4cc(OC)c(OC)cc34)cc2)c1,6.89
678,CHEMBL1940269,CCn1ccc(NC(=O)Cc2ccc(Oc3ncnc4cc(OC)c(OC)cc34)cc2)n1,6.76
680,CHEMBL1940271,COc1cc2ncnc(Oc3ccc(CC(=O)Nc4cnn(C)c4)cc3)c2cc1OC,6.18
684,CHEMBL1940275,COc1cc2ncnc(Nc3ccc(CC(=O)Nc4cnn(c4)C(C)C)cc3)c2cc1OC,6.31
687,CHEMBL6246,Oc1cc2C(=O)Oc3c(O)c(O)cc4C(=O)Oc(c1O)c2c34,5.81
1427,CHEMBL213505,Nc1ncnc2onc(c3ccc(NC(=O)Nc4cccc(c4)C(F)(F)F)cc3)c12,7.1
1430,CHEMBL1987034,NS(=O)(=O)c1cccc(Nc2ncc(Br)c(Nc3ccc(OCC#N)cc3)n2)c1,8.1
1432,CHEMBL2005886,Cc1cc(cc2[nH]c(nc12)C3=C(NCC(O)c4cccc(Cl)c4)C=CNC3=O)N5CCOCC5,7.0
1435,CHEMBL1973142,CC(=O)Nc1c(sc2ccc(Cl)c(Cl)c12)C(=O)N,5.8
1436,CHEMBL1973145,Cc1cccc(NC(=O)Nc2ccc(cc2)c3csc4nc(N)nc(N)c34)c1,6.8
1437,CHEMBL1982924,COc1cccc(c1)C(=O)Nc2cnc3[nH]cc(c4ccccc4)c3c2,5.6
1443,CHEMBL1973178,COc1ccc(c2ccc(NC(=O)Nc3ccc(OC(F)(F)F)cc3)cc2)c4c(N)noc14,7.9
1446,CHEMBL1988778,Cc1ccc(F)c(NC(=O)Nc2ccc(c(F)c2)c3cccc4[nH]nc(N)c34)c1,8.4
1448,CHEMBL1969372,COCCNc1nccc(n1)c2c(nc3cnccn23)c4ccc(F)cc4,6.0
1450,CHEMBL1986943,OC1CCC(CC1)Nc2nc(Cl)cc(n2)c3c[nH]c4ncccc34,6.7
1453,CHEMBL1986263,CCN1C(=O)SC(=C1C)c2ccnc(Nc3cccc(OC)c3)n2,6.9
1454,CHEMBL2000114,CSc1c[nH]c2ncnc(NCCCO)c12,5.2
1456,CHEMBL1975647,Fc1cccc2c(NC(=O)Nc3cnccn3)ccnc12,5.9
1460,CHEMBL1977681,CNC(=O)c1cc2c(n[nH]c2s1)c3ccccc3F,6.1
1461,CHEMBL1970142,CNC(=O)C(C)n1cc(cn1)c2cnc(N)c3c(csc23)c4ccc(NC(=O)Nc5ccc(C)cc5)cc4,8.5
1463,CHEMBL1990912,OCCNc1cc2cc(ccc2cn1)c3cccnc3,5.2
1465,CHEMBL1988163,NS(=O)(=O)c1cccc(Nc2ncc3ccn(c4ccccc4)c3n2)c1,8.3
1466,CHEMBL1995592,Cc1cc(O)ccc1N2c3cc(Cl)ccc3C(=O)c4c(N)nc(N)nc24,7.0
1472,CHEMBL2003524,CCc1nc2C(=O)NC(=O)c2c3cc(OC)c(OC)cc13,6.1
1473,CHEMBL2002649,COc1ccc2NC(=O)C(=Cc3c[nH]cn3)c2c1,6.4
1474,CHEMBL437747,CCCn1c(nc(c2ccc(Cl)c(Cl)c2)c1c3ccnc(NC4CCCCC4)n3)C5CCNCC5,5.8
1475,CHEMBL1995172,Brc1ccc2Cc3cn[nH]c3c2c1,5.3
1476,CHEMBL507936,Cc1cccc(NC(=O)Nc2ccc(cc2)c3ccc4nccnc4c3N)c1,6.0
1478,CHEMBL1994321,Cc1cccc(NC(=O)Nc2ccc(cc2)c3csc4c(cnc(N)c34)C#CCNS(=O)(=O)C)c1,8.3
1479,CHEMBL1997129,O=C1NCCc2[nH]c(cc12)c3ccnc(C=Cc4ccccc4)c3,6.3
1480,CHEMBL1984788,NC(=O)c1cc(Cl)cc2[nH]c(nc12)c3ccc(cc3F)C4CCCNC4,5.2
1482,CHEMBL1964307,Cc1cccc(NC(=O)Cc2ccc(cc2)c3cccc4[nH]nc(N)c34)c1,6.6
1489,CHEMBL1972840,NC(COc1cncc(c1)c2cc3cnccc3s2)Cc4c[nH]c5ccccc45,5.9
1496,CHEMBL2004934,COc1cccc(c1)C(C)NC(=O)c2ccc(c(F)c2)c3ccncc3,5.2
1497,CHEMBL2000652,Nc1n[nH]c2cccc(c3ccc(NC(=O)Nc4cccc(Cl)c4)c(F)c3)c12,8.5
1498,CHEMBL1975128,Nc1n[nH]c2ccc(cc12)c3nnn(Cc4ccccc4)c3I,5.5
1499,CHEMBL1996048,Cc1ccc(cc1)c2cc3c(NCCN)ccc(C(=O)N)c3[nH]2,5.7
1502,CHEMBL2001485,CC(C(=O)N(C)C)n1cc(cn1)c2cnc(N)c3c(csc23)c4ccc(NC(=O)Nc5ccc(C)cc5)cc4,7.4
1504,CHEMBL504950,Cc1cc(C)c2c(n1)sc3c(N)ncnc23,5.4
1505,CHEMBL1966425,CN(C)CCCOc1cc2C(=O)NCc2c(c1)c3ccc(Nc4oc5ccccc5n4)cc3,5.4
1506,CHEMBL1984363,Cc1cc(NC(=O)Cc2ccc(cc2)c3cccc4[nH]nc(N)c34)ccc1F,6.9
1507,CHEMBL1978099,CNC(=O)COc1ccc(Nc2nc(Nc3ccc(C)c(c3)S(=O)(=O)N)ncc2F)cc1,7.3
1508,CHEMBL1977041,COC(=O)c1c(C)n2ncnc(N)c2c1c3ccc(NC(=O)Nc4ccccc4)cc3,8.1
1509,CHEMBL1968070,NC(=O)c1cccc2NC(=O)c3cc(Cl)nnc3Nc12,5.5
1512,CHEMBL1984367,CN(C)c1ccc(CNC(=O)c2cc3c(n[nH]c3s2)c4ccccc4)cc1,6.0
1514,CHEMBL1998159,Cc1n[nH]c2cnc(cc12)c3cncc(OCC(N)Cc4cccc(c4)C(F)(F)F)c3,5.5
1517,CHEMBL1988387,Cn1cc(cn1)c2cnc(N)c3c(csc23)c4ccc(NC(=O)Nc5ccc(OC(F)F)cc5)cc4,8.2
1521,CHEMBL1970074,Cc1n[nH]c2cccc(c3ccc(NC(=O)Nc4cccc(c4)C(F)(F)F)cc3)c12,6.7
1522,CHEMBL1825138,CC(Oc1cc(cnc1N)c2cnn(c2)C3CCNCC3)c4c(Cl)ccc(F)c4Cl,5.5
1526,CHEMBL2003456,O=C1Nc2cc(cnc2N1)c3ccccc3,5.9
1527,CHEMBL1966816,Fc1cccc2c(NC(=O)Nc3cccc(n3)C(F)(F)F)ccnc12,6.4
1532,CHEMBL1968791,Cc1c(c2cccc(OCc3ccccc3)c2)c4c(N)ncnc4n1C5CC(CN6CCCC6)C5,6.2
1538,CHEMBL1973211,Cc1cccc(NC(=O)Nc2ccc(cc2)c3csc4c(cnc(N)c34)C#CCN5CCCC5)c1,8.4
1541,CHEMBL2007151,Cc1c(c2cccc(OCc3ccccc3)c2)c4c(N)ncnc4n1C5CCC(CC5)N6CCCC6,5.5
1545,CHEMBL1976134,c1cc2cc(cnc2[nH]1)c3ccc4cn[nH]c4c3,5.9
1546,CHEMBL1965131,Cc1ccc(cc1)C(=O)Nc2c(sc3ccc(Cl)c(Cl)c23)C(=O)N,5.4
1549,CHEMBL1974457,OC(=O)c1cc2c(cncc2s1)c3cccc(F)c3,5.2
1550,CHEMBL2006580,Oc1ccc(Nc2ncnc3scc(Cl)c23)cc1,5.3
1558,CHEMBL1993424,NS(=O)(=O)c1cccc(Nc2ncc3ccn(Cc4ccccc4)c3n2)c1,7.6
1563,CHEMBL1964687,Cc1cc(C)cc(NC(=O)Nc2ccc3c(CCc4sc5ncnc(N)c5c34)c2)c1,6.2
1564,CHEMBL1971943,Cc1c[nH]c2nccc(Oc3c(F)cc(Nc4cc(Cl)nc(N)n4)cc3F)c12,6.7
1565,CHEMBL1999918,NC(=O)c1cc2c(cncc2s1)c3ccc(Br)c(F)c3F,5.9
1566,CHEMBL1988537,COc1ccc(cc1)C(=O)N2c3ccccc3Sc4c(Cl)cncc24,5.5
1567,CHEMBL2005828,Cc1ccc(NC(=O)Nc2ccc(cc2)c3coc4ncnc(N)c34)cc1,6.2
1569,CHEMBL363648,CCc1nc(c2cccc(C)c2)c(s1)c3ccnc(NC(=O)c4ccccc4)c3,6.3
1571,CHEMBL1998611,NC(=O)c1sc2c(Br)ccc(Cl)c2c1N,5.4
1576,CHEMBL2006778,CNC(=O)C=Cc1cnc(N)c2c(csc12)c3cc(F)c4[nH]c(C)cc4c3,7.9
1578,CHEMBL1996979,Fc1cccc(F)c1C(=O)Nc2cnc3[nH]cc(c4ccccc4)c3c2,5.3
1580,CHEMBL1968406,CCc1cccc(NC(=O)Nc2ccc3c(CCc4sc5ncnc(N)c5c34)c2)c1,6.9
1586,CHEMBL1997623,Nc1n[nH]c2cc(ccc12)c3ccc(NC(=O)Nc4cccc(c4)C(F)(F)F)cc3,6.6
1589,CHEMBL1967094,Clc1ccc(CNC(=O)c2cc3c(n[nH]c3s2)c4ccccc4)cc1,6.4
1593,CHEMBL1982992,Oc1cccc(Nc2ncnc3scc(Cl)c23)c1,6.3
1596,CHEMBL1980489,Clc1ccc(CNC2=C(Nc3ccncc3)C(=O)C2=O)cc1,5.4
1598,CHEMBL2000832,COc1cc(ccc1O)c2ccc3C(=O)Nc4cc(ccc4Nc3c2)C(=O)NCc5cccc(F)c5,5.9
1600,CHEMBL513846,Cc1nc2ccccn2c1c3csc(Nc4ccc(O)cc4)n3,5.4
1602,CHEMBL1993996,Cc1cc(NC(=O)Nc2ccc(cc2)c3c(F)ccc4[nH]nc(N)c34)ccc1F,9.4
1604,CHEMBL1980896,Nc1ncnc2sc(Br)c(c3ccc(NC(=O)Cc4cccc(Cl)c4)cc3)c12,6.3
1606,CHEMBL1970104,CC(C)(C)c1ccc2nc([nH]c2c1)c3n[nH]c4ccccc34,6.8
1607,CHEMBL1991429,O=C(Cc1ccccc1)Nc2cccc(c2)c3nc4sccn4c3c5ccnc(Nc6cccc(c6)N7CCCC7=O)n5,7.5
1608,CHEMBL1964777,NC(=O)c1cc2c(Oc3cccc(F)c3)cncc2s1,5.6
1613,CHEMBL1980995,CNC1CC2OC(C)(C1OC)n3c4ccccc4c5c6CNC(=O)c6c7c8ccccc8n2c7c35,8.2
1614,CHEMBL1967302,NC(COc1cncc(c1)c2ccc3NC(=O)Cc3c2)Cc4c[nH]c5ccccc45,5.5
1615,CHEMBL398951,N#Cc1ccc(cn1)c2n[nH]c3c2Cc4ccc(OCCCCN5CCOCC5)cc34,6.1
1616,CHEMBL1982506,COc1cc2cnc3C(=O)NC(=O)c3c2cc1OC,6.0
1617,CHEMBL2004716,CCN(CC)CCNC(=O)C=Cc1cnc(N)c2c(csc12)c3ccc(NC(=O)Nc4cccc(C)c4)cc3,8.4
1619,CHEMBL1975233,COc1cc(C)c(Cl)cc1NC(=O)Nc2cnc(cn2)C#N,5.8
1620,CHEMBL1985406,CCCC(=O)Nc1n[nH]c2ccc(cc12)c3cccc(F)c3F,5.2
1623,CHEMBL1982135,Cc1ccccc1NC(=O)Nc2ccc3c(CCc4sc5ncnc(N)c5c34)c2,5.3
1624,CHEMBL1976090,Nc1ncnc2c1sc3ncnc(N)c23,5.9
1625,CHEMBL1993243,CNC(=O)C=Cc1cnc(N)c2c(csc12)c3ccc4OCOc4c3,6.8
1626,CHEMBL1992922,OCC(CO)Nc1ncnc2[nH]cc(c3ccccc3)c12,5.5
1627,CHEMBL2004771,O=C1NCc2c1cccc2c3ccc(Nc4oc5ccccc5n4)cc3,5.9
1628,CHEMBL1988370,Nc1ncnc2c1c(cn2C3CC(CN4CCCC4)C3)c5cccc(OCc6ccccc6)c5,5.2
1630,CHEMBL1969537,S=C1NN=C2N1C3=NNC(=S)N3c4sc5CCCc5c24,6.0
1640,CHEMBL116070,NC(=O)c1cc2c(Oc3ccc(Br)cc3)cncc2s1,5.4
1646,CHEMBL1981720,O=C(Nc1cnccn1)Nc2ccnc3ccccc23,5.7
1649,CHEMBL373798,Nc1n[nH]c2cccc(c3ccc(NC(=O)Nc4cccc(F)c4)cc3)c12,9.1
1650,CHEMBL306380,Cc1ccc(cc1)c2nn(c3ncnc(N)c23)C(C)(C)C,6.2
1652,CHEMBL1976328,Cc1cc(C)cc(NC(=O)Nc2ccc(cc2)c3cccc4snc(N)c34)c1,5.5
1653,CHEMBL1975500,COc1cc(ccc1O)c2ccc3C(=O)Nc4cc(ccc4Nc3c2)C(=O)NCCNC(=O)C,5.2
1654,CHEMBL1964399,COc1ccc(Nc2nccc(NC3=C(NC(C)C(C)(C)C)C(=O)C3=O)n2)cc1OC,7.3
1656,CHEMBL411903,Nc1ncnc2NCCC(=Nc12)c3ccc(NC(=O)Nc4cc(ccc4F)C(F)(F)F)cc3,8.2
1657,CHEMBL1965988,Cc1cccc(NC(=O)Nc2ccc(cc2)c3csc4c(cnc(N)c34)C#CCN)c1,8.3
1659,CHEMBL1682357,C(c1ccccc1)c2cc(on2)c3ccc4[nH]ncc4c3,5.2
1665,CHEMBL402846,Cc1ccc(F)c(NC(=O)Nc2ccc(cc2)c3cncc4c3c(N)nn4C)c1,9.1
1668,CHEMBL1964692,Cn1nc(N)c2c(cncc12)c3ccc(NC(=O)Nc4cccc(c4)C(F)(F)F)cc3,8.0
1673,CHEMBL219722,Nc1n[nH]c2cccc(c3ccc(NC(=O)Nc4ccccc4)cc3)c12,6.3
1679,CHEMBL1965836,Cc1n[nH]c2ccc(cc12)c3cncc(OCC(N)Cc4cccc(OC(F)(F)F)c4)c3,5.4
1680,CHEMBL1971021,Cc1cc(C)cc(NC(=O)Nc2ccc(c3cccc4C(=O)NCc34)c(c2)C(F)(F)F)c1,5.4
1683,CHEMBL1994693,Nc1ncnc2sc3CCc4cc(NC(=O)Nc5ccccc5)ccc4c3c12,5.9
1684,CHEMBL1982957,NC(=O)c1cccc(c1)c2cnc3[nH]cc(c4ccccc4)c3c2,6.6
1689,CHEMBL1971947,Cc1cccc(NC(=O)Nc2ccc(cc2)c3csc4c(cnc(N)c34)C#Cc5cccnc5)c1,7.5
1695,CHEMBL1996255,Cc1ccc(F)c(NC(=O)Nc2ccc(cc2)c3c(F)ccc4[nH]nc(N)c34)c1,9.0
1698,CHEMBL260135,Nc1n[nH]c2nnc(c3ccccc3)c(c4ccccc4)c12,5.3
1699,CHEMBL220241,CCn1c(nc2cnc(Oc3cccc(NC(=O)c4ccc(OCCN5CCOCC5)cc4)c3)cc12)c6nonc6N,5.5
1702,CHEMBL1986996,CCN1C(=O)C(=CNc2ccccc2)SC1=C(C#N)C(=O)O,5.8
1704,CHEMBL2006933,CSc1cnc2c(ccc3cnccc23)c1O,5.6
1705,CHEMBL1988300,Nc1ccc(cc1)c2csc3c(C=Cc4nc5ccccc5[nH]4)cnc(N)c23,6.6
1706,CHEMBL1991078,COc1ccc(cc1OC)C(=O)Nc2n[nH]c3ccc(cc23)c4cn(Cc5ccccc5)nn4,6.7
1708,CHEMBL1987359,CCCCNc1ccc2C(=O)N(CCNCCO)C(=O)c3cccc1c23,5.2
1711,CHEMBL1985311,Nc1n[nH]c2cccc(c3ccc(NC(=O)Nc4cc(CO)ccc4F)cc3)c12,6.8
1713,CHEMBL1969502,O=C(Nc1cc2C(=O)NN=Cc3c[nH]c(c1)c23)C4CC4c5ccccc5,7.3
1714,CHEMBL1965910,Nc1ncnc2c1c(cn2C3CCC(CC3)N4CCCC4)c5cccc(OCc6ccccc6)c5,6.2
1717,CHEMBL1997764,COc1ccc(cc1)C(=O)Nc2cnc3[nH]cc(c4ccccc4)c3c2,5.4
1718,CHEMBL1983963,Cc1cccc(NC(=O)Nc2ccc(cc2)c3coc4ncnc(N)c34)c1,7.5
1722,CHEMBL1981410,CNc1ncnc2NCCC(=Nc12)c3ccc(NC(=O)Nc4cccc(c4)C(F)(F)F)cc3,5.8
1723,CHEMBL1996234,CC1(O)CC(C1)c2nc(c3ccc4ccc(nc4c3)c5ccccc5)c6c(N)nccn26,7.0
1727,CHEMBL1983268,CN1CCN(CC1)c2ccc(C(=O)Nc3n[nH]c4ccc(Cc5cc(F)cc(F)c5)cc34)c(NC6CCOCC6)c2,6.7
1728,CHEMBL340384,NC(=O)C1=CN(c2ccc(O)cc2Cl)c3cc(ccc3C1=O)c4ccncc4,6.0
1730,CHEMBL443962,COc1ccc(cc1)c2cnc3c(Br)cnn3c2,6.1
1733,CHEMBL274064,Nc1nccc(n1)c2c(ncn2C3CCNCC3)c4ccc(F)cc4,5.2
1735,CHEMBL592030,NCCCn1cc(c2cc(c3cc4ccccc4s3)c5[nH]ncc5c2)c6nc(N)ncc16,6.0
1736,CHEMBL2000071,OCCCNc1ncnc2[nH]cc(c3ccccc3)c12,5.6
1737,CHEMBL1985491,Cc1ccc(F)c(NC(=O)Nc2ccc(cc2)c3cccc4c3c(N)nn4C)c1,8.5
1741,CHEMBL1994538,FC(F)(F)c1cccc2c(NC(=O)Nc3cnccn3)ccnc12,5.3
1743,CHEMBL1975490,NCCCOc1cc2C(=O)NCc2c(c1)c3ccc(Nc4oc5ccccc5n4)cc3,5.2
1744,CHEMBL1964444,Cc1ccc2nccc(NC(=O)Nc3cccc(n3)C(F)(F)F)c2c1,6.0
1745,CHEMBL2006567,CC(=O)Nc1cc(N)c(C#N)c(n1)c2ccsc2,5.8
1749,CHEMBL1979883,CN(C)CC#Cc1cnc(N)c2c(csc12)c3ccc(NC(=O)Nc4cccc(C)c4)cc3,8.4
1750,CHEMBL1984162,COCCOC1CCC(CC1)n2nc(c3ccc(Nc4oc5c(C)cc(C)cc5n4)cc3)c6c(N)ncnc26,7.9
1751,CHEMBL491758,Fc1cnc(Nc2ccccc2)nc1Nc3ccccc3,6.6
1755,CHEMBL1996791,Nc1ncnc2c1c(I)nn2C3CCC(O)CC3,5.7
1756,CHEMBL371206,Cc1cc(C)cc(NC(=O)Nc2ccc(cc2)c3c(C)sc4ncnc(N)c34)c1,7.3
1757,CHEMBL1974664,COc1ccc(C=NNc2ncnc3c4ccccc4[nH]c23)cc1OC,5.9
1763,CHEMBL404367,Cc1cccc(NC(=O)Nc2ccc(cc2)c3cncc4c3c(N)nn4C)c1,8.4
1766,CHEMBL2000568,CC(=O)c1cccc(c1)c2cnc3[nH]ccc3c2,5.4
1767,CHEMBL2000335,Cc1ccc(NC(=O)Nc2ccc(cc2)c3csc4ncnc(N)c34)cc1C,7.7
1769,CHEMBL1084546,CN(c1ncccc1CNc2nc(Nc3ccc4NC(=O)Cc4c3)ncc2C(F)(F)F)S(=O)(=O)C,6.6
1770,CHEMBL1988717,Cn1cc(cn1)c2cnn3c(N)c(cnc23)c4ccc(NC(=O)Nc5cccc(c5)C(F)(F)F)cc4,8.5
1778,CHEMBL1988173,Cc1cc(Cl)ccc1NC(=S)NNC(=O)C(O)(c2ccccc2)c3ccccc3,5.2
1783,CHEMBL1965423,CC(C)Cn1c(N)nc2ccc(cc12)c3c(nc4sccn34)c5ccc(F)cc5,5.4
1785,CHEMBL1983025,CCC(N)(CC)C#Cc1cnc(N)c2c(csc12)c3ccc(NC(=O)Nc4cccc(C)c4)cc3,7.9
1786,CHEMBL1983945,NC(Cc1c[nH]c2ccccc12)C(=O)Nc3cncc(C=Cc4ccncc4)c3,5.8
1790,CHEMBL1980904,Nc1n[nH]c2cccc(c3ccc(NC(=O)Nc4cccc(c4)C(F)(F)F)c(F)c3)c12,8.5
1791,CHEMBL1241473,COc1cc(Nc2ncc(c(Nc3ccccc3C(=O)N)n2)[N+](=O)[O-])cc(OC)c1OC,7.7
1795,CHEMBL2001257,CCN(CC)CC#Cc1cnc(N)c2c(csc12)c3ccc(NC(=O)Nc4cccc(C)c4)cc3,7.0
1797,CHEMBL271441,Cc1ccc(F)c(NC(=O)Nc2ccc(cc2)c3cncc4[nH]nc(N)c34)c1,9.5
1804,CHEMBL1967531,Nc1ncnc2scc(c3ccc(NC(=O)Nc4ccccc4)cc3)c12,6.7
1811,CHEMBL1985095,NC(=O)Cn1cc(c2cc(c3cc4ccccc4s3)c5[nH]ncc5c2)c6nc(N)ncc16,5.6
1814,CHEMBL273187,Cc1cc(NC(=O)Nc2ccc(cc2)c3ccnc4[nH]nc(N)c34)ccc1F,9.9
1815,CHEMBL1991180,COCc1nnn(c1C(=O)NN=C(C)c2ccc(O)cc2O)c3nonc3N,5.2
1818,CHEMBL1986979,Cc1cc(NC(=O)Nc2ccc(c(F)c2)c3cccc4[nH]nc(N)c34)ccc1F,9.5
1821,CHEMBL2002446,CN1CCN(Cc2ccc3c(Cc4c(n[nH]c34)c5csc(c5)C#CCOCC6CC6)c2)CC1,8.1
1827,CHEMBL1973540,O=C1Nc2ccc3ncsc3c2C1=CNc4ccc(cc4)S(=O)(=O)Nc5ccccn5,8.5
1828,CHEMBL1977346,Ic1cc2C(=O)Nc3ccccc3Nc2nn1,5.3
1829,CHEMBL1971649,Cc1ccc(F)c(NC(=O)Nc2ccc(cc2)c3ccc4nccnc4c3N)c1,5.8
1830,CHEMBL2003657,CC(C)S(=O)(=O)n1c(N)nc2ccc(cc12)c3c(nc4sccn34)c5ccc(F)cc5,5.3
1832,CHEMBL2006439,Clc1cc(nc(NC2CCCCC2)n1)c3c[nH]c4ncccc34,6.6
1834,CHEMBL1969190,COc1ccc(c2ccc(NC(=O)Nc3cc(F)cc(F)c3)cc2)c4c(N)noc14,6.1
1835,CHEMBL1973937,Cc1ccc(c2ccc(NC(=O)Nc3cccc(Br)c3)cc2)c4c(N)n[nH]c14,6.7
1836,CHEMBL1991674,OC1CCC(CC1)Nc2cc(Cl)nc(n2)c3c[nH]c4ncccc34,7.2
1837,CHEMBL1982711,NC(=O)c1ccc(cc1)c2c[nH]c3nccc(Cl)c23,6.2
1840,CHEMBL1969102,Cc1cccc(NC(=O)Nc2ccc(cc2)c3csc4c(cnc(N)c34)c5cn[nH]c5)c1,8.6
1841,CHEMBL1682346,Nc1n[nH]c2ccc(cc12)c3cn(Cc4ccccc4)nn3,5.2
1844,CHEMBL1994241,COc1cc(C=C(C#N)c2nc3ccccc3[nH]2)c(Br)cc1O,6.1
1846,CHEMBL1998829,Clc1ccc(cc1)C(=O)Nc2cnc3[nH]cc(c4ccccc4)c3c2,5.2
1847,CHEMBL50894,[O-][N+](=O)c1ccc2[nH]c3c(CC(=O)Nc4ccccc34)c2c1,6.8
1848,CHEMBL1988838,Cc1cnc(Nc2cccc(c2)S(=O)(=O)N)nc1Nc3ccc(OCC(=O)N)cc3,7.4
1849,CHEMBL375284,Cc1cccc(NC(=O)Nc2ccc(cc2)c3cccc4[nH]ncc34)c1,6.4
1856,CHEMBL1965570,Nc1ncc(c2cocc2)c3scc(c4ccc(NC(=O)Nc5ccccc5F)cc4)c13,7.3
1859,CHEMBL1082440,CC1CNCCCN1S(=O)(=O)c2cccc3cncc(C)c23,5.7
1861,CHEMBL1972362,CS(=O)(=O)c1ccc(cc1)c2cncc3sc(cc23)C(=O)N,5.5
1864,CHEMBL1965845,COc1cccc(c1)C(C)NC(=O)N2CCC(=CC2)c3c[nH]c4ncccc34,7.2
1866,CHEMBL2006715,Fc1cccc(F)c1C(=O)Nc2cccc(c2)c3nc4sccn4c3c5ccnc(Nc6cccc(c6)N7CCCC7=O)n5,7.1
1867,CHEMBL1986597,NC(=O)c1cccc2[nH]c(nc12)c3ccc(NC(=O)c4cccc(c4)S(=O)(=O)N5CCOCC5)cc3,5.2
1868,CHEMBL1971017,NC(=O)c1cc2c(cncc2s1)c3cccc(F)c3,6.0
1870,CHEMBL1990904,Fc1ccc(cc1)c2nc3cnccn3c2c4ccnc(NCC5CC5)n4,5.2
1872,CHEMBL2005475,O=C(NCC1CCCCC1)c2cc3c(n[nH]c3s2)c4ccccc4,6.3
1873,CHEMBL2000104,CCS(=O)(=O)c1ccc(cc1)c2cncc3sc(cc23)C(=O)N,6.3
1876,CHEMBL183844,Cc1cccc(NC(=O)Nc2ccc(cc2C)c3cccc4C(=O)NCc34)c1,7.3
1877,CHEMBL220057,Cc1cccc(NC(=O)Nc2ccc(cc2)c3cccc4[nH]nc(N)c34)c1,7.4
1878,CHEMBL1682545,N(c1ccccc1)c2nc(cs2)c3ccc4[nH]ncc4c3,5.5
1884,CHEMBL1964937,OCC(NC(=O)N1CCC(=CC1)c2c[nH]c3ncccc23)c4ccccc4,5.5
1888,CHEMBL1989856,Cc1c(C=O)c(O)n2c3ccccc3nc2c1C#N,6.1
1889,CHEMBL2005899,CC(NC1=C(N(C(=O)C)c2ccncc2)C(=O)C1=O)C(C)(C)C,5.6
1894,CHEMBL1974870,Cc1n[nH]c2ccc(cc12)c3cncc(OCC(N)Cc4cccc(Cl)c4)c3,5.6
1896,CHEMBL2002702,Cc1cc(C)c(C=C2C(=O)Nc3ccccc23)[nH]1,6.5
1897,CHEMBL1970903,Cc1n[nH]c2ccc(cc12)c3cncc(OCC(N)Cc4c[nH]c5ccccc45)c3,5.8
1899,CHEMBL1969523,CC(NC1=C(Nc2ccnc(Nc3cccc(C)c3)n2)C(=O)C1=O)C(C)(C)C,7.3
1900,CHEMBL207995,COc1cc(C=O)c(Cl)cc1NC(=O)Nc2cnc(cn2)C#N,6.0
1904,CHEMBL526133,O=C1NC(=CC(=N1)c2ccc3[nH]ncc3c2)c4ccccc4,5.2
1905,CHEMBL1966836,Cn1nc(N)c2c(ccnc12)c3ccc(NC(=O)Nc4ccc(F)c(c4)C(F)(F)F)cc3,8.8
1907,CHEMBL1979057,O=C1NCc2c1cccc2c3ccc(Nc4nc5ccccc5[nH]4)cc3,5.2
1909,CHEMBL387971,COCCOCC#Cc1cc(cs1)c2n[nH]c3c4ccc(CN5CCN(C)CC5)cc4C(=O)c23,6.9
1912,CHEMBL1999428,CC(NC(=O)c1ccc(cc1)c2ccncc2)c3ccccc3,6.3
1916,CHEMBL1982465,Cc1cccc(NC(=O)Nc2ccc(cc2)c3csc4c(cnc(N)c34)C#CCN5CCOCC5)c1,8.3
1917,CHEMBL2001751,NC(COc1cncc(c1)c2ccc3NC(=O)C(=Cc4occc4)c3c2)Cc5c[nH]c6ccccc56,7.6
1918,CHEMBL2003420,O=C(NCCCCCCNC(=O)NCc1cccnc1)NCc2cccnc2,5.4
1919,CHEMBL1984586,Cc1ccccc1NC(=O)Nc2ccc(cc2)c3coc4ncnc(N)c34,5.7
1920,CHEMBL1999774,Cc1c(Cl)c(nc2NC=C(C(=O)O)C(=O)c12)N3CCC(CN)C3,5.5
1921,CHEMBL272938,Cc1cccc(NC(=O)Nc2ccc(cc2)c3cncc4[nH]nc(N)c34)c1,9.5
1923,CHEMBL1973395,OC1CCN(CC1)c2ncnc3[nH]cc(c4ccccc4)c23,5.8
1924,CHEMBL272453,COc1ccc(NC(=O)Nc2ccc(cc2)c3cccc4onc(N)c34)cc1Cl,6.9
1927,CHEMBL1968850,Clc1cc2C(=O)Nc3ccccc3Nc2nn1,5.4
1929,CHEMBL185569,Cc1cccc(NC(=O)Nc2ccc(cc2)c3cccc4C(=O)NCc34)c1,6.5
1933,CHEMBL1987007,CN1CCC(CC1)NC(=O)c2cc3c(n[nH]c3s2)c4ccccc4,6.0
1934,CHEMBL1967878,CN1CCN(CC1)c2ccc(Nc3ncc(F)c(NC4C5CC(C=C5)C4C(=O)N)n3)cc2C,8.3
1941,CHEMBL2004290,COc1ccc(NC(=O)Nc2ccc(cc2)c3csc4c(cnc(N)c34)c5cnn(CC(C)(C)O)c5)cc1,8.2
1944,CHEMBL2000393,Fc1ccc2ncn(c3ncc4NC(=O)N(C5CCOc6c(F)cccc56)c4n3)c2c1,6.4
1945,CHEMBL403402,Nc1n[nH]c2nccc(c3ccc(NC(=O)Nc4cc(ccc4F)C(F)(F)F)cc3)c12,9.0
1947,CHEMBL2004311,Cc1cc(C)cc(NC(=O)Nc2ccc(c(C)c2)c3cccc4C(=O)NCc34)c1,5.9
1948,CHEMBL1992634,Brc1cnc2[nH]cc(c3ccccc3)c2c1,5.7
1949,CHEMBL1242373,Cc1cccc(NC(=O)Nc2ccc3c(CCc4sc5ncnc(N)c5c34)c2)c1,6.8
1951,CHEMBL1988075,Cc1ccc(cn1)c2cnc(N)c3c(csc23)c4ccc(NC(=O)Nc5cccc(F)c5)cc4,7.1
1955,CHEMBL1988594,Nc1ncnc2scc(C(=O)Nc3ccc(NC(=O)Nc4ccccc4)cc3)c12,5.2
1957,CHEMBL260092,Nc1ncnc2NCCC(=Nc12)c3ccc(NC(=O)Nc4cccc(c4)C(F)(F)F)cc3,8.2
1958,CHEMBL253969,NC(=O)c1c(NC(=O)NCCCCN2CCCC2)snc1OCc3c(F)cc(Br)cc3F,7.0
1959,CHEMBL1999811,Oc1ccc(C=NNC(=O)Nc2cccc3nsnc23)c(O)c1,6.4
1960,CHEMBL1965495,Cc1n[nH]c2ncc(C#N)c(c3ccccc3)c12,6.5
1965,CHEMBL1991725,CN(C)CC(=O)NC(COc1cncc(c1)c2ccc3cnccc3c2)Cc4c[nH]c5ccccc45,5.2
1970,CHEMBL1999321,O=C1C(=C(Nc2ccncc2)C1=O)NCCc3ccc(Oc4ccccc4)cc3,7.2
1971,CHEMBL1968590,CNC(=O)C=Cc1cnc(N)c2c(csc12)c3ccc4sc(C)nc4c3,7.0
1975,CHEMBL1983006,COc1cc(C(=O)O)c(Cl)cc1NC(=O)Nc2cnc(cn2)C#N,5.6
1977,CHEMBL1971029,CNS(=O)(=O)c1ccccc1Nc2nc(Nc3cc(ccc3OC)N4CCN(CC4)C(=O)C)ncc2Br,7.0
1978,CHEMBL394790,Nc1nccc2scc(c3ccc(NC(=O)Nc4cccc(Cl)c4)cc3)c12,7.2
1983,CHEMBL1998193,O=C(NCCCCCCNC(=O)Nc1cccnc1)Nc2cccnc2,7.5
1985,CHEMBL474432,COc1cc2ncn(c3cc(OCc4ccccc4C(F)(F)F)c(s3)C(=O)O)c2cc1OC,7.0
1989,CHEMBL1999556,NC(=O)c1cc2c(cncc2s1)c3ccccc3,5.9
1990,CHEMBL1988437,CNC(=O)c1ccccc1Sc2ccc3c(C=Cc4ccccn4)n[nH]c3c2,7.7
1992,CHEMBL1998121,NCCC(C(=O)Nc1ccc2[nH]ncc2c1)c3ccc(Cl)c(Cl)c3,5.9
1993,CHEMBL1979577,Cc1cccc(NC(=O)Nc2ccc(cc2)c3csc4c(cnc(N)c34)C#CC(C)(C)N)c1,8.5
2000,CHEMBL1996817,CCCCOc1ncnc2[nH]cc(c3ccccc3)c12,6.4
2002,CHEMBL409349,Cc1cc(C)cc(NC(=O)Nc2ccc(cc2)c3cccc4onc(N)c34)c1,8.7
2005,CHEMBL1990884,Cc1cc(C)c2oc(Nc3ccc(cc3F)c4cccc(C(=O)N)c4N)nc2c1,6.1
2006,CHEMBL1990885,CCN(CC)CCNC(=O)c1c(C)[nH]c(C=C2C(=O)Nc3ccc(F)cc23)c1C,7.6
2009,CHEMBL2004438,Nc1c(ccc2nccnc12)c3ccc(NC(=O)Nc4cccc(c4)C(F)(F)F)cc3,6.6
2011,CHEMBL271381,COc1ccc(c2ccc(NC(=O)Nc3cccc(Br)c3)cc2)c4c(N)noc14,6.5
2013,CHEMBL1982466,Cc1ccc(NC(=O)Nc2ccc(cc2)c3csc4c(cnc(N)c34)c5cnn(C)c5)cc1,8.4
2015,CHEMBL1994638,Cc1cccc(NC(=O)Nc2ccc(c(F)c2)c3cccc4[nH]nc(N)c34)c1,9.1
2016,CHEMBL1985888,Cn1nc(N)c2c(ccnc12)c3ccc(NC(=O)Nc4cccc(c4)C(F)(F)F)cc3,8.8
2021,CHEMBL1998414,Cc1n[nH]c2sc(cc12)C(=O)NCCc3ccc(Cl)cc3,5.3
2022,CHEMBL1969042,Oc1ccc(Nc2[nH]nc(c3ccc(O)cc3)c2c4ccc(O)cc4)cc1,5.5
2023,CHEMBL2000345,COc1cc(C=C(C#N)c2nc3cc(C)ccc3[nH]2)c(Br)cc1O,6.4
2024,CHEMBL1999931,O=C(Nc1n[nH]c2ccc(cc12)c3cn(Cc4ccccc4)nn3)c5ccccc5,7.2
2027,CHEMBL302449,Cn1c2ccccc2c3c4C(=O)NCc4c5c6ccccc6n(CCC#N)c5c13,6.9
2028,CHEMBL2007064,Cc1[nH]c(C=C2C(=O)Nc3ccccc23)c(C)c1CCC(=O)O,6.1
2029,CHEMBL1981047,COC(C(=O)N1Cc2[nH]nc(NC(=O)c3ccc(cc3)N4CCN(C)CC4)c2C1)c5ccccc5,6.8
2030,CHEMBL1991063,Cc1n[nH]c2ccc(cc12)c3cncc(OCC(N)Cc4ccc(Cl)c(Cl)c4)c3,5.8
2032,CHEMBL1979093,COc1ccc(c2ccc(NC(=O)Nc3ccc(F)c(C)c3)cc2)c4c(N)noc14,6.5
2033,CHEMBL1381197,Clc1ccc(CNc2ccc3nnc(c4ccccc4)n3n2)cc1,5.2
2034,CHEMBL1987009,COc1cccc(CNC(=O)c2cc3c(n[nH]c3s2)c4ccccc4)c1,6.5
2035,CHEMBL2002726,Cc1n[nH]c2ccc(cc12)c3cncc(OCC(N)Cc4ccccc4)c3,5.4
2036,CHEMBL2003817,FC(F)(F)c1ccc2c(NC(=O)Nc3cnccn3)ccnc2c1,6.2
2037,CHEMBL336961,Brc1ccc2[nH]c3c(CC(=O)Nc4cccnc34)c2c1,5.4
2038,CHEMBL1994830,Nc1oc(nn1)c2cc3c(Oc4ccc(Cl)cc4)cncc3s2,5.7
2039,CHEMBL1987054,COCCOC1CCC(CC1)n2nc(c3ccc(Nc4oc5c(Cl)cc(C)cc5n4)cc3)c6c(N)ncnc26,7.5
2040,CHEMBL1970083,Nc1ncc(c2ccncc2)c3scc(c4ccc(NC(=O)Nc5cc(ccc5F)C(F)(F)F)cc4)c13,7.2
2042,CHEMBL1994938,Nc1ncc(C=CC(=O)NCCCn2ccnc2)c3scc(c4ccc(Br)cc4)c13,7.1
2047,CHEMBL1997846,Clc1cc(NC2CCCCC2)nc(n1)c3c[nH]c4ncccc34,6.0
2050,CHEMBL1975787,NC(=O)c1cc2c(cncc2s1)c3ccc(F)cc3F,6.1
2051,CHEMBL2002407,COc1cc(C=C(C#N)c2n[nH]c(N)c2C#N)ccc1O,6.0
2053,CHEMBL1994074,Brc1ccc2[nH]nc(c3ccccc3)c2c1,5.3
2054,CHEMBL1992937,Cc1ccc(Nc2nc3ccc(cc3[nH]2)[N+](=O)[O-])nc1,6.0
2059,CHEMBL1090356,O=C(Cc1ccccc1)Nc2cccc(c2)c3nc4sccn4c3c5ccnc(Nc6ccc(cc6)N7CCOCC7)n5,7.4
2062,CHEMBL1982361,Fc1ccccc1CNC2=C(Nc3ccncc3)C(=O)C2=O,5.2
2065,CHEMBL1982122,OCCC(Nc1nc2ccc(cc2s1)c3ccncc3)c4ccccc4,5.3
2066,CHEMBL2000801,Fc1ccc(NC(=O)Nc2ccc(cc2)c3cccc4sncc34)cc1C(F)(F)F,5.3
2070,CHEMBL1972142,O=C(NCc1ccccc1)c2cccc(c2)c3cnc4[nH]ccc4c3,5.7
2071,CHEMBL1966514,Nc1ncc(c2cocc2)c3scc(c4ccc(NC(=O)Nc5cccc(F)c5)cc4)c13,7.1
2073,CHEMBL296586,Brc1ccc2[nH]c3c(CC(=O)Nc4ccccc34)c2c1,6.4
2074,CHEMBL1966524,NC(COc1cncc(c1)c2cc3ccncc3s2)Cc4c[nH]c5ccccc45,7.0
2075,CHEMBL1993722,Nc1n[nH]c2cccc(c3ccc(NC(=O)Nc4cc(ccc4F)C(=O)O)cc3)c12,5.4
2077,CHEMBL202635,COc1cc(CN2CCCCC2)c(Cl)cc1NC(=O)Nc3cnc(cn3)C#N,5.5
2079,CHEMBL1979970,CCCC(=O)Nc1n[nH]c2nnc(cc12)c3cccc(F)c3F,5.5
2081,CHEMBL1969264,CC(C)(C)NC(=O)c1ccc2nc3[nH]c4ccccc4c3nc2c1,5.8
2083,CHEMBL2006237,CN1CCN(CCCNc2cccc(n2)c3nc4c(cccc4[nH]3)C(=O)N)CC1,5.4
2084,CHEMBL1967720,CC(C)(C(=O)N)n1cc(cn1)c2cnc(N)c3c(csc23)c4ccc(NC(=O)Nc5cccc(F)c5)cc4,8.3
2085,CHEMBL1624529,NC1C2CN(CC12)c3nc4N(C=C(C(=O)O)C(=O)c4cc3F)c5ccc(F)cc5F,7.5
2086,CHEMBL1991138,Nc1nccn2c(nc(c3cccc(OCc4ccccc4)c3)c12)C5CC(CN6CCCC6)C5,5.7
2091,CHEMBL1989029,CC(C)OC1=NNC(=O)C1=Cc2c[nH]c3ccccc23,5.6
2101,CHEMBL231209,Nc1nccc2scc(c3ccc(NC(=O)Nc4cccc(F)c4)cc3)c12,6.4
2102,CHEMBL1976220,Nc1nccc2scc(c3ccc(NC(=O)Nc4cccc(Br)c4)cc3)c12,7.4
2104,CHEMBL1997617,CN1CCN(CC1)C2CCC(CC2)n3cc(c4ccc(Oc5ccccc5)cc4)c6c(N)ncnc36,7.5
2108,CHEMBL1987910,Nc1nccc2scc(c3ccc(NC(=O)Nc4ccccc4C(F)(F)F)cc3)c12,6.1
2109,CHEMBL374044,Cc1cc(NC(=O)Nc2ccc(cc2)c3cccc4[nH]nc(N)c34)ccc1F,9.4
2110,CHEMBL404366,Cn1nc(N)c2c(cncc12)c3ccc(NC(=O)Nc4cccc(Cl)c4)cc3,9.7
2111,CHEMBL1980297,Nc1ncc(c2cnn(CCO)c2)c3scc(c4ccc(NC(=O)Nc5cccc(F)c5)cc4)c13,8.5
2114,CHEMBL1997822,Cc1cc2cc(ccc2[nH]1)c3csc4c(cnc(N)c34)c5cccc(c5)S(=O)(=O)C,7.8
2115,CHEMBL1991285,Cc1cc(OCC2CCC(C2)C(=O)O)c(NC(=O)Nc3cnc(cn3)C#N)cc1Cl,6.4
2117,CHEMBL1974416,Fc1cccc(C(=O)Nc2cnc3[nH]cc(c4ccccc4)c3c2)c1F,5.4
2120,CHEMBL1997872,O=C(N1CCOCC1)c2cccc(c2)c3cnc4[nH]ccc4c3,5.4
2124,CHEMBL2046883,Cc1ccc(NC(=O)Nc2nnc(Sc3ncnc4cc(OCCCN5CCOCC5)ccc34)s2)cc1,5.43
2130,CHEMBL2151321,CC(C)Oc1cc(n[nH]1)n2cnc3ccc(N[C@@H](C)c4ccc(F)cn4)nc23,7.19
2138,CHEMBL1289601,COc1cc2nccc(Oc3ccc(NC(=O)NC4CC4)c(Cl)c3)c2cc1C(=O)N,8.28
2143,CHEMBL2208034,O=C(Nc1ccc(cc1)c2ccnc(Nc3ccc(cc3)N4CCOCC4)n2)[C@H]5CCCN5,6.26
2462,CHEMBL2333163,O\N=C(/Cc1cc(Br)c(O)c(Oc2ccc(CCNC(=O)\C(=N\O)\Cc3cc(Br)c(O)c(c3)c4cc(C\C(=N/O)\C(=O)NCCc5ccc(O)c(Br)c5)cc(Br)c4O)cc2Br)c1)\C(=O)NCCc6ccc(O)c(Br)c6,5.8
2463,CHEMBL505637,O\N=C(\Cc1cc(Br)c(O)c(c1)c2cc(C\C(=N\O)\C(=O)NCCc3ccc(O)c(Br)c3)cc(Br)c2O)/C(=O)NCCc4ccc(O)c(Br)c4,5.55
2464,CHEMBL360190,O\N=C\1/Cc2ccc(Oc3cc(C\C(=N/O)\C(=O)N\C=C\c4ccc(Oc5cc(CCNC1=O)cc(Br)c5O)c(Br)c4)cc(Br)c3O)c(Br)c2,5.5
2472,CHEMBL2380834,Fc1ccc(C(=O)Nc2ccc(Nc3ccnc4NC(=O)c5ccccc5c34)cc2)c(c1)C(F)(F)F,6.06
2473,CHEMBL2380845,O=C(Nc1ccc(Nc2ccnc3NC(=O)c4ccccc4c23)cc1)c5ccccc5,6.38
2501,CHEMBL3116050,C[C@H](Nc1nc(Nc2cn(C)cn2)c3cc[nH]c3n1)c4ncc(F)cn4,7.4
2516,CHEMBL3361128,Oc1ccc(\C=C/2\Oc3ccccc3C2=O)cc1O,5.29
2523,CHEMBL3358966,COc1cc(cc(OC)c1OC)C2=NC(=CNC2=O)c3c[nH]c4ccccc34,5.3
2525,CHEMBL3301607,O=C(Nc1nc2cccc(c3ccc(CN4CCS(=O)(=O)CC4)cc3)n2n1)C5CC5,6.56
2529,CHEMBL3586404,CO[C@@H]1CC[C@H](CC1)N2C(=O)CNc3ncc(nc23)c4ccc(nc4)C(C)(C)O,6.19
2532,CHEMBL3623375,CN(C)CCCNC(=O)c1csc2nc(cn12)c3ccc(NC(=O)Nc4cc(on4)C(C)(C)C)cc3,5.93
2537,CHEMBL3628797,Brc1cccc(NC(=O)Nc2ccc(Nc3ncnc4ccccc34)cc2)c1,7.33
2538,CHEMBL3628798,Brc1cccc(NC(=O)Nc2ccc(Nc3ncnc4sccc34)cc2)c1,5.7
2539,CHEMBL3628799,Brc1cccc(NC(=O)Nc2ccc(Nc3ncnc4sc5CCCCc5c34)cc2)c1,6.38
2543,CHEMBL3628811,Brc1cccc(NC(=O)Nc2ccc(Oc3ncnc4sc5CCCCc5c34)cc2)c1,5.99
2545,CHEMBL3644861,CCN1C(=C(C(=O)NC)C(=O)c2ccc(nc12)C#CC3(O)CCCC3)N,7.34
2546,CHEMBL3644862,CCN1C(=C(C(=O)NC)C(=O)c2ccc(nc12)C#CC(O)C3CC3)N,7.43
2548,CHEMBL3644864,CNC(=O)C1=C(N)N(CCOC)c2nc(ccc2C1=O)C#CC(C)(O)COC,6.59
2550,CHEMBL3644866,CNC(=O)C1=C(N)N(C2CCOCC2)c3nc(ccc3C1=O)C#CC(C)(O)COC,7.47
2551,CHEMBL3644867,CNC(=O)C1=C(N)N(CC2CCCO2)c3nc(ccc3C1=O)C#CC(C)(C)O,7.4
2552,CHEMBL3644868,CNC(=O)C1=C(N)N(Cc2ccccn2)c3nc(ccc3C1=O)C#CC(C)(O)COC,7.19
2553,CHEMBL3644869,CCN1C(=C(C(=O)NC)C(=O)c2ccc(nc12)C#CC(C)(O)CO)N,7.37
2559,CHEMBL3689069,COc1cc(ccc1Nc2ncc(c(CCc3ccccc3CC(=O)N)n2)C(F)(F)F)N4CCNCC4,6.56
2560,CHEMBL3689070,COc1cc(ccc1Nc2ncc(c(CCc3ccccc3CC(=O)N)n2)C(F)(F)F)C4CCNCC4,5.43
2561,CHEMBL3689071,COc1cc(ccc1Nc2ncc(c(CCc3ccccc3CC(=O)N)n2)C(F)(F)F)C4CCN(C)CC4,6.27
2562,CHEMBL3689073,COc1cc(ccc1Nc2ncc(c(CCc3cccc(c3)C(=O)N)n2)C(F)(F)F)C4CCNCC4,5.24
2563,CHEMBL3689074,COc1cc(ccc1Nc2ncc(c(CCc3cccc(c3)C(=O)N)n2)C(F)(F)F)C4CCN(C)CC4,4.98
2564,CHEMBL3689075,CCN1CCC(CC1)c2ccc(Nc3ncc(c(Cc4ccccc4C(=O)N)n3)C(F)(F)F)c(OC)c2,4.88
2565,CHEMBL3689076,CCc1cc(ccc1Nc2ncc(c(CCc3ccccc3CC(=O)N)n2)C(F)(F)F)C4CCNCC4,5.93
2566,CHEMBL3689077,CCc1cc(ccc1Nc2ncc(c(CCc3ccccc3CC(=O)N)n2)C(F)(F)F)C4CCN(C)CC4,6.0
2568,CHEMBL3689079,CN1CCC(CC1)c2ccc(Nc3ncc(c(CCc4ccccc4CC(=O)N)n3)C(F)(F)F)c(OC(F)(F)F)c2,4.22
2569,CHEMBL3689080,CN1CCC(CC1)c2ccc(Nc3ncc(c(CCc4ccccc4CC(=O)N)n3)C(F)(F)F)c(C)c2,6.62
2570,CHEMBL3689081,CN1CCC(CC1)c2ccc(Nc3ncc(c(CCc4ccccc4CC(=O)N)n3)C(F)(F)F)c(F)c2,6.69
2571,CHEMBL2148120,Cc1nc(Nc2nc3ccc(nc3s2)c4cccc(c4)C(=O)Nc5cccc(c5)C(F)(F)F)cc(n1)N6CCNCC6,7.51
2595,CHEMBL3799275,CN1CCN(CC1)c2ccc(cc2NC(=O)C3=CNC(=O)C=C3C(F)(F)F)c4cnc5ccccc5c4,6.22
