,molecule_chembl_id,canonical_smiles,pchembl_value
0,CHEMBL3715563,Cn1cc(c2cc(nc3[nH]ncc23)C(=O)N)c4cc(OCC(=O)N)ccc14,7.7
1,CHEMBL3716599,CC(C)(Nc1ccc(Cl)c(c1)N2C=CNC2=O)C(=O)Nc3nc4c(cc5[nH]ncc5c4s3)C(F)(F)F,7.92
2,CHEMBL3716786,CC(C)(Nc1ccc(Cl)c(c1)C(=O)NCC(=O)N)C(=O)Nc2nc3c(cc4[nH]ncc4c3s2)C(F)(F)F,8.0
3,CHEMBL3728531,COc1ccc(Oc2cccc(NCC(=O)N\N=C\c3ccncc3)c2)cc1,8.0
4,CHEMBL3732018,COc1cccc(NCC(=O)N\N=C\c2c(Cl)cncc2Cl)c1,8.0
5,CHEMBL3728772,COc1cccc(NCC(=O)N\N=C\c2ccncc2)c1,8.0
6,CHEMBL3731835,Cc1ccc(Oc2cccc(NCC(=O)N\N=C\c3ccncc3)c2)cc1,8.0
7,CHEMBL3732468,Clc1cncc(Cl)c1\C=N\NC(=O)CNc2cccc(c2)C(=O)NCCN3CCOCC3,8.0
8,CHEMBL3732726,Fc1ccc(Oc2cccc(NCC(=O)N\N=C\c3ccncc3)c2)c(F)c1,8.0
9,CHEMBL3729453,NC(=O)c1cccc(NCC(=O)N\N=C\c2ccncc2)c1,8.0
10,CHEMBL3714810,CC(=O)Nc1cc(NC(C(=O)Nc2nc3c(cc4[nH]ncc4c3s2)C(F)(F)F)c5ccccc5)ccc1Cl,8.01
11,CHEMBL3717691,CC(C)(Nc1cccc(c1)S(=O)(=O)N)C(=O)Nc2nc3c(cc4[nH]ncc4c3s2)C(F)(F)F,8.03
12,CHEMBL3715431,CCC(=O)Nc1cc(NC(C)(C)C(=O)Nc2nc3c(cc4[nH]ncc4c3s2)C(F)(F)F)ccc1F,8.03
13,CHEMBL3719241,CC(C)(Nc1ccc(Cl)c(O)c1)C(=O)Nc2nc3c(cc4[nH]ncc4c3s2)C(F)(F)F,8.06
14,CHEMBL3716279,CC(C)(Nc1ccc(Cl)c(c1)C(=O)NC2CC2)C(=O)Nc3nc4c(cc5[nH]ncc5c4s3)C(F)(F)F,8.06
15,CHEMBL3716615,CC(C)(Nc1ccc(Cl)cc1)C(=O)Nc2nc3ccc4[nH]ncc4c3s2,8.06
16,CHEMBL3715386,CCOC(=O)c1cc(NC2(CC2)C(=O)Nc3nc4ccc5[nH]ncc5c4s3)ccc1Cl,8.06
17,CHEMBL3716850,CC(=O)Nc1cc(NC(C)(C)C(=O)Nc2nc3c(cc4[nH]ncc4c3s2)C(F)(F)F)ccc1F,8.08
18,CHEMBL3716346,CC(=O)Nc1cc(NCC(=O)Nc2nc3ccc4[nH]ncc4c3s2)ccc1Cl,8.08
19,CHEMBL3716523,CC(C)(Nc1ccc(Cl)c(c1)C(=O)NCCC(=O)O)C(=O)Nc2nc3c(cc4[nH]ncc4c3s2)C(F)(F)F,8.1
20,CHEMBL3719183,CC(Nc1ccc(Cl)cc1)C(=O)Nc2nc3ccc4[nH]ncc4c3s2,8.1
21,CHEMBL3717935,CC(C)(Nc1ccc(Cl)c(c1)C(=O)NCC(=O)O)C(=O)Nc2nc3c(cc4[nH]ncc4c3s2)C(F)(F)F,8.11
22,CHEMBL3716175,CC(C)(Nc1ccc(Cl)c(c1)C(=O)NCCCC(=O)O)C(=O)Nc2nc3c(cc4[nH]ncc4c3s2)C(F)(F)F,8.11
23,CHEMBL3718495,CC(C)(Nc1cccc(O)c1)C(=O)Nc2nc3ccc4[nH]ncc4c3s2,8.11
24,CHEMBL3716137,OCC(Nc1ccc(Cl)cc1)C(=O)Nc2nc3ccc4[nH]ncc4c3s2,8.11
25,CHEMBL3717989,CNC(=O)c1cc(NC2(CC2)C(=O)Nc3nc4ccc5[nH]ncc5c4s3)ccc1Cl,8.13
26,CHEMBL3716102,CCNC(=O)c1cc(NC(C)(C)C(=O)Nc2nc3c(cc4[nH]ncc4c3s2)C(F)(F)F)ccc1F,8.19
27,CHEMBL3717041,CNC(=O)c1cc(NC(C)(C)C(=O)Nc2nc3c(cc4[nH]ncc4c3s2)C(F)(F)F)ccc1Cl,8.2
28,CHEMBL3714916,Cc1cc2[nH]ncc2c3sc(NC(=O)C4(CC4)Nc5ccc(Cl)cc5)nc13,8.21
29,CHEMBL3715310,CCC(=O)Nc1cc(NC2(CC2)C(=O)Nc3nc4ccc5[nH]ncc5c4s3)ccc1F,8.34
30,CHEMBL3719096,CCNC(=O)c1cc(NC(C)(C)C(=O)Nc2nc3c(cc4[nH]ncc4c3s2)C(F)(F)F)ccc1Cl,8.35
31,CHEMBL3716298,Oc1cc(NCC(=O)Nc2nc3ccc4[nH]ncc4c3s2)ccc1Cl,8.4
32,CHEMBL3718849,CCC(=O)Nc1cc(NC(C)(C)C(=O)Nc2nc3ccc4[nH]ncc4c3s2)ccc1Cl,8.41
33,CHEMBL3718984,Clc1ccc(NC2(CC2)C(=O)Nc3nc4ccc5[nH]ncc5c4s3)cc1,8.41
34,CHEMBL3718067,CC(=O)Nc1cc(NC2(CC2)C(=O)Nc3nc4ccc5[nH]ncc5c4s3)ccc1F,8.43
35,CHEMBL3719041,CC(C)(Nc1ccc(Cl)c(c1)C(=O)N)C(=O)Nc2nc3c(cc4[nH]ncc4c3s2)C(F)(F)F,8.5
36,CHEMBL3716440,CCC(=O)Nc1cc(NC(C)(C)C(=O)Nc2nc3c(cc4[nH]ncc4c3s2)C(F)(F)F)ccc1Cl,8.5
37,CHEMBL3718650,CC(=O)Nc1cc(NC(C)(C)C(=O)Nc2nc3ccc4[nH]ncc4c3s2)ccc1Cl,8.55
38,CHEMBL3716385,CC(=O)Nc1cc(NC(C)(C)C(=O)Nc2nc3c(cc4[nH]ncc4c3s2)C(F)(F)F)ccc1Cl,8.7
