,molecule_chembl_id,canonical_smiles,pchembl_value
0,CHEMBL3687168,OC[C@H]1C[C@@H]1Cn2cc(Nc3cc(ccn3)c4ccc(OC5CCOCC5)c(c4)C#N)cn2,7.57
1,CHEMBL220090,COc1cc2c(cc1OCCCO)ncn2c3cc(OCc4ccccc4C(F)(F)F)c(C#N)s3,7.6
2,CHEMBL3687155,N#Cc1cc(ccc1OC2CCOCC2)c3ccnc(Nc4cc(n[nH]4)C5CC5)c3,7.6
3,CHEMBL3687133,N#Cc1cc(ccc1OC2CCOCC2)c3ccnc(Nc4ccc(CN5CCOCC5)cn4)c3,7.6
4,CHEMBL3687182,N#Cc1cc(ccc1OC2CCOCC2)c3ccnc(Nc4cnn(CC5CCOC5)c4)n3,7.6
5,CHEMBL3687180,N#Cc1cc(ccc1OC2CCOCC2)c3ccnc(Nc4cnn(CCN5CCOCC5)c4)n3,7.6
6,CHEMBL2011933,COc1ccc(cc1)c2nc3c(NCCCNC(=O)C4CCC4)c(Br)cnc3[nH]2,7.68
7,CHEMBL3682432,COc1nc(Nc2nccc(n2)c3ccc(OC4CCOCC4)c(c3)C#N)ccc1C5=CCNCC5,7.68
8,CHEMBL3687178,NC(=O)c1ccc(Nc2cc(ccn2)c3ccc(OC4CCOCC4)c(c3)C#N)nc1,7.68
9,CHEMBL3687158,OCc1ccc(Nc2cc(ccn2)c3ccc(OC4CCOCC4)c(c3)C#N)nc1,7.68
10,CHEMBL3687148,CN1CCC(CC1)n2cc(Nc3cc(ccn3)c4ccc(OC5CCOCC5)c(c4)C#N)cn2,7.7
11,CHEMBL2011934,COc1ccc(cc1)c2nc3c(NCCCN(C)C(=O)C4CCC4)c(Br)cnc3[nH]2,7.7
12,CHEMBL3687176,COCCn1cc(Nc2nccc(n2)c3ccc(OC4CCOCC4)c(c3)C#N)cn1,7.75
13,CHEMBL3687124,OCCn1cc(Nc2nccc(n2)c3ccc(OCC4CCC4)c(c3)C#N)cn1,7.75
14,CHEMBL2011941,Brc1cnc2[nH]c(nc2c1NCCCNC(=O)C3CCC3)c4ccc(OCCN5CCCCC5)cc4,7.77
15,CHEMBL3687151,N#Cc1cc(ccc1OC2CCOCC2)c3ccnc(Nc4ccc(cn4)N5CCOCC5)c3,7.82
16,CHEMBL3687183,NC(=O)c1oc2ccc(Nc3nccc(n3)c4ccc(OC5CCOCC5)c(c4)C#N)cc2c1,7.82
17,CHEMBL475251,COc1cc(Nc2ncc(F)c(Nc3ccc4OC(C)(C)C(=O)Nc4n3)n2)cc(OC)c1OC,7.89
18,CHEMBL3687160,OCc1ccnc(Nc2cc(ccn2)c3ccc(OC4CCOCC4)c(c3)C#N)c1,7.89
19,CHEMBL3682433,NCc1ccnc(Nc2cc(ccn2)c3ccc(OC4CCOCC4)c(c3)C#N)c1,7.92
20,CHEMBL603469,C[C@]12O[C@H](C[C@]1(O)CO)n3c4ccccc4c5c6C(=O)NCc6c7c8ccccc8n2c7c35,7.96
21,CHEMBL3687111,CN(C)Cc1ccnc(Nc2cc(ccn2)c3ccc(OC4CCOCC4)c(c3)C#N)c1,8.0
22,CHEMBL3687185,FC(F)Cn1cc(Nc2nccc(n2)c3ccc(OC4CCOCC4)c(c3)C#N)cn1,8.0
23,CHEMBL3682429,O[C@@H]1CC[C@@H](CC1)n2cc(Nc3nccc(n3)c4ccc(OC5CCOCC5)c(c4)C#N)cn2,8.0
24,CHEMBL2011942,NC(=O)c1cnc2[nH]c(nc2c1NCCCNC(=O)C3CCC3)c4ccc(OCCN5CCCCC5)cc4,8.05
25,CHEMBL3687132,COCCn1cc(Nc2nccc(n2)c3ccc(OCC4CCC4)c(c3)C#N)cn1,8.1
26,CHEMBL3687121,N#Cc1cc(ccc1OC2CCOCC2)c3ccnc(Nc4cccc(n4)C5CCNCC5)c3,8.1
27,CHEMBL3687128,N#Cc1cc(ccc1OC2CCOCC2)c3ccnc(Nc4cnc(cn4)C5CCOCC5)c3,8.1
28,CHEMBL3687125,OC[C@H]1C[C@@H]1Cn2cc(Nc3nccc(n3)c4ccc(OCC5CCC5)c(c4)C#N)cn2,8.1
29,CHEMBL3687129,OCc1cnc(Nc2cc(ccn2)c3ccc(OC4CCOCC4)c(c3)C#N)cn1,8.1
30,CHEMBL3682428,N#Cc1cc(ccc1OC2CCOCC2)c3ccnc(Nc4cnc(cn4)C5CCNCC5)c3,8.16
31,CHEMBL3687159,N#Cc1cc(ccc1OC2CCOCC2)c3ccnc(Nc4cnn(c4)C5CCNCC5)c3,8.16
32,CHEMBL3682434,CN1CCC(CC1)c2ccnc(Nc3cc(ccn3)c4ccc(OC5CCOCC5)c(c4)C#N)c2,8.22
33,CHEMBL3682427,N#Cc1cc(ccc1OC2CCOCC2)c3ccnc(Nc4ccc(nn4)C5CCNCC5)c3,8.22
34,CHEMBL3687175,N#Cc1cc(ccc1OC2CCOCC2)c3ccnc(Nc4cn[nH]c4)n3,8.22
35,CHEMBL3682420,N#Cc1cc(ccc1OC2CCOCC2)c3ccnc(Nc4cnn(c4)C5CCNCC5)n3,8.22
36,CHEMBL388978,CN[C@@H]1C[C@H]2O[C@@](C)([C@@H]1OC)n3c4ccccc4c5c6CNC(=O)c6c7c8ccccc8n2c7c35,8.29
37,CHEMBL2011932,COc1ccc(cc1)c2nc3c(NCCCNC(=O)C4(CN)CC4)c(Br)cnc3[nH]2,8.3
38,CHEMBL3687181,N#Cc1cc(ccc1OC2CCOCC2)c3ccnc(Nc4cnn(c4)C5CCNC5)n3,8.3
39,CHEMBL3639859,O[C@@H]1CC[C@H](CC1)n2cc(Nc3nccc(n3)c4ccc(OC5CCOCC5)c(c4)C#N)cn2,8.3
40,CHEMBL2011940,Nc1cccc(c1)c2nc3c(NCCCNC(=O)C4CCC4)c(Br)cnc3[nH]2,8.4
41,CHEMBL3682431,OCCn1cc(Nc2nccc(n2)c3ccc(OC4CCOCC4)c(c3)C#N)cn1,8.4
42,CHEMBL3682423,OC[C@H]1C[C@@H]1Cn2cc(Nc3nccc(n3)c4ccc(OC5CCOCC5)c(c4)C#N)cn2,8.4
43,CHEMBL3687186,N#Cc1cc(ccc1OC2CCOCC2)c3ccnc(Nc4cnn(CCC5CCNCC5)c4)n3,8.7
44,CHEMBL3682430,N#Cc1cc(ccc1OC2CCOCC2)c3ccnc(Nc4cc(ccn4)C5CCNCC5)c3,9.0
