,molecule_chembl_id,canonical_smiles,pchembl_value
0,insulin glulisine,[H]NCC(=O)N[C@@H]([C@@H](C)CC)C(=O)N[C@@H](C(C)C)C(=O)N[C@@H](CCC(O)=O)C(=O)N[C@@H](CCC(N)=O)C(=O)N[C@H]1CSSC[C@@H]2NC(=O)[C@@H](NC(=O)[C@H](CO)NC(=O)[C@@H](NC(=O)[C@H](CSSC[C@H](NC(=O)[C@H](CC(C)C)NC(=O)[C@H](CC3=CNC=N3)NC(=O)[C@H](CCC(N)=O)NC(=O)[C@H](CCCCN)NC(=O)[C@@H](NC(=O)[C@@H](N[H])CC3=CC=CC=C3)C(C)C)C(=O)NCC(=O)N[C@@H](CO)C(=O)N[C@@H](CC3=CNC=N3)C(=O)N[C@@H](CC(C)C)C(=O)N[C@@H](C(C)C)C(=O)N[C@@H](CCC(O)=O)C(=O)N[C@@H](C)C(=O)N[C@@H](CC(C)C)C(=O)N[C@@H](CC3=CC=C(O)C=C3)C(=O)N[C@@H](CC(C)C)C(=O)N[C@@H](C(C)C)C(=O)N[C@@H](CSSC[C@H](NC(=O)[C@H](CC3=CC=C(O)C=C3)NC(=O)[C@H](CC(N)=O)NC(=O)[C@H](CCC(O)=O)NC(=O)[C@H](CC(C)C)NC(=O)[C@H](CCC(N)=O)NC(=O)[C@H](CC3=CC=C(O)C=C3)NC(=O)[C@H](CC(C)C)NC(=O)[C@H](CO)NC2=O)C(=O)N[C@@H](CC(N)=O)C(O)=O)C(=O)NCC(=O)N[C@@H](CCC(O)=O)C(=O)N[C@@H](CCCNC(N)=N)C(=O)NCC(=O)N[C@@H](CC2=CC=CC=C2)C(=O)N[C@@H](CC2=CC=CC=C2)C(=O)N[C@@H](CC2=CC=C(O)C=C2)C(=O)N[C@@H]([C@@H](C)O)C(=O)N2CCC[C@H]2C(=O)N[C@@H](CCC(O)=O)C(=O)N[C@@H]([C@@H](C)O)C(O)=O)NC1=O)[C@@H](C)O)[C@@H](C)CC,
1,insulin lispro,[H]NCC(=O)N[C@@H]([C@@H](C)CC)C(=O)N[C@@H](C(C)C)C(=O)N[C@@H](CCC(O)=O)C(=O)N[C@@H](CCC(N)=O)C(=O)N[C@H]1CSSC[C@@H]2NC(=O)[C@@H](NC(=O)[C@H](CO)NC(=O)[C@@H](NC(=O)[C@H](CSSC[C@H](NC(=O)[C@H](CC(C)C)NC(=O)[C@H](CC3=CNC=N3)NC(=O)[C@H](CCC(N)=O)NC(=O)[C@H](CC(N)=O)NC(=O)[C@@H](NC(=O)[C@@H](N[H])CC3=CC=CC=C3)C(C)C)C(=O)NCC(=O)N[C@@H](CO)C(=O)N[C@@H](CC3=CNC=N3)C(=O)N[C@@H](CC(C)C)C(=O)N[C@@H](C(C)C)C(=O)N[C@@H](CCC(O)=O)C(=O)N[C@@H](C)C(=O)N[C@@H](CC(C)C)C(=O)N[C@@H](CC3=CC=C(O)C=C3)C(=O)N[C@@H](CC(C)C)C(=O)N[C@@H](C(C)C)C(=O)N[C@@H](CSSC[C@H](NC(=O)[C@H](CC3=CC=C(O)C=C3)NC(=O)[C@H](CC(N)=O)NC(=O)[C@H](CCC(O)=O)NC(=O)[C@H](CC(C)C)NC(=O)[C@H](CCC(N)=O)NC(=O)[C@H](CC3=CC=C(O)C=C3)NC(=O)[C@H](CC(C)C)NC(=O)[C@H](CO)NC2=O)C(=O)N[C@@H](CC(N)=O)C(O)=O)C(=O)NCC(=O)N[C@@H](CCC(O)=O)C(=O)N[C@@H](CCCNC(N)=N)C(=O)NCC(=O)N[C@@H](CC2=CC=CC=C2)C(=O)N[C@@H](CC2=CC=CC=C2)C(=O)N[C@@H](CC2=CC=C(O)C=C2)C(=O)N[C@@H]([C@@H](C)O)C(=O)N[C@@H](CCCCN)C(=O)N2CCC[C@H]2C(=O)N[C@@H]([C@@H](C)O)C(O)=O)NC1=O)[C@@H](C)O)[C@@H](C)CC,
2,insulin human,[H]NCC(=O)N[C@@H]([C@@H](C)CC)C(=O)N[C@@H](C(C)C)C(=O)N[C@@H](CCC(O)=O)C(=O)N[C@@H](CCC(N)=O)C(=O)N[C@H]1CSSC[C@@H]2NC(=O)[C@@H](NC(=O)[C@H](CO)NC(=O)[C@@H](NC(=O)[C@H](CSSC[C@H](NC(=O)[C@H](CC(C)C)NC(=O)[C@H](CC3=CNC=N3)NC(=O)[C@H](CCC(N)=O)NC(=O)[C@H](CC(N)=O)NC(=O)[C@@H](NC(=O)[C@@H](N[H])CC3=CC=CC=C3)C(C)C)C(=O)NCC(=O)N[C@@H](CO)C(=O)N[C@@H](CC3=CNC=N3)C(=O)N[C@@H](CC(C)C)C(=O)N[C@@H](C(C)C)C(=O)N[C@@H](CCC(O)=O)C(=O)N[C@@H](C)C(=O)N[C@@H](CC(C)C)C(=O)N[C@@H](CC3=CC=C(O)C=C3)C(=O)N[C@@H](CC(C)C)C(=O)N[C@@H](C(C)C)C(=O)N[C@@H](CSSC[C@H](NC(=O)[C@H](CC3=CC=C(O)C=C3)NC(=O)[C@H](CC(N)=O)NC(=O)[C@H](CCC(O)=O)NC(=O)[C@H](CC(C)C)NC(=O)[C@H](CCC(N)=O)NC(=O)[C@H](CC3=CC=C(O)C=C3)NC(=O)[C@H](CC(C)C)NC(=O)[C@H](CO)NC2=O)C(=O)N[C@@H](CC(N)=O)C(O)=O)C(=O)NCC(=O)N[C@@H](CCC(O)=O)C(=O)N[C@@H](CCCNC(N)=N)C(=O)NCC(=O)N[C@@H](CC2=CC=CC=C2)C(=O)N[C@@H](CC2=CC=CC=C2)C(=O)N[C@@H](CC2=CC=C(O)C=C2)C(=O)N[C@@H]([C@@H](C)O)C(=O)N2CCC[C@H]2C(=O)N[C@@H](CCCCN)C(=O)N[C@@H]([C@@H](C)O)C(O)=O)NC1=O)[C@@H](C)O)[C@@H](C)CC,
3,insulin glargine,[H]NCC(=O)N[C@@H]([C@@H](C)CC)C(=O)N[C@@H](C(C)C)C(=O)N[C@@H](CCC(O)=O)C(=O)N[C@@H](CCC(N)=O)C(=O)N[C@H]1CSSC[C@@H]2NC(=O)[C@@H](NC(=O)[C@H](CO)NC(=O)[C@@H](NC(=O)[C@H](CSSC[C@H](NC(=O)[C@H](CC(C)C)NC(=O)[C@H](CC3=CNC=N3)NC(=O)[C@H](CCC(N)=O)NC(=O)[C@H](CC(N)=O)NC(=O)[C@@H](NC(=O)[C@@H](N[H])CC3=CC=CC=C3)C(C)C)C(=O)NCC(=O)N[C@@H](CO)C(=O)N[C@@H](CC3=CNC=N3)C(=O)N[C@@H](CC(C)C)C(=O)N[C@@H](C(C)C)C(=O)N[C@@H](CCC(O)=O)C(=O)N[C@@H](C)C(=O)N[C@@H](CC(C)C)C(=O)N[C@@H](CC3=CC=C(O)C=C3)C(=O)N[C@@H](CC(C)C)C(=O)N[C@@H](C(C)C)C(=O)N[C@@H](CSSC[C@H](NC(=O)[C@H](CC3=CC=C(O)C=C3)NC(=O)[C@H](CC(N)=O)NC(=O)[C@H](CCC(O)=O)NC(=O)[C@H](CC(C)C)NC(=O)[C@H](CCC(N)=O)NC(=O)[C@H](CC3=CC=C(O)C=C3)NC(=O)[C@H](CC(C)C)NC(=O)[C@H](CO)NC2=O)C(=O)NCC(O)=O)C(=O)NCC(=O)N[C@@H](CCC(O)=O)C(=O)N[C@@H](CCCNC(N)=N)C(=O)NCC(=O)N[C@@H](CC2=CC=CC=C2)C(=O)N[C@@H](CC2=CC=CC=C2)C(=O)N[C@@H](CC2=CC=C(O)C=C2)C(=O)N[C@@H]([C@@H](C)O)C(=O)N2CCC[C@H]2C(=O)N[C@@H](CCCCN)C(=O)N[C@@H]([C@@H](C)O)C(=O)N[C@@H](CCCNC(N)=N)C(=O)N[C@@H](CCCNC(N)=N)C(O)=O)NC1=O)[C@@H](C)O)[C@@H](C)CC,
4,insulin degludec,[H]NCC(=O)NC([C@@H](C)CC)C(=O)N[C@@H](C(C)C)C(=O)NC(CCC(O)=O)C(=O)N[C@@H](CCC(N)=O)C(=O)NC1CSSC[C@@H]2NC(=O)[C@H](NC(=O)[C@@H](CO)NC(=O)C(NC(=O)[C@H](CSSC[C@H](NC(=O)[C@H](CC(C)C)NC(=O)[C@H](CC3=CNC=N3)NC(=O)C(CCC(N)=O)NC(=O)[C@H](CC(N)=O)NC(=O)[C@@H](NC(=O)C(N[H])CC3=CC=CC=C3)C(C)C)C(=O)NCC(=O)N[C@@H](CO)C(=O)NC(CC3=CNC=N3)C(=O)N[C@@H](CC(C)C)C(=O)N[C@@H](C(C)C)C(=O)N[C@@H](CCC(O)=O)C(=O)N[C@@H](C)C(=O)N[C@@H](CC(C)C)C(=O)N[C@@H](CC3=CC=C(O)C=C3)C(=O)N[C@@H](CC(C)C)C(=O)N[C@@H](C(C)C)C(=O)N[C@@H](CSSCC(NC(=O)[C@@H](CC3=CC=C(O)C=C3)NC(=O)[C@H](CC(N)=O)NC(=O)[C@H](CCC(O)=O)NC(=O)[C@H](CC(C)C)NC(=O)[C@H](CCC(N)=O)NC(=O)[C@H](CC3=CC=C(O)C=C3)NC(=O)[C@H](CC(C)C)NC(=O)[C@H](CO)NC2=O)C(=O)N[C@@H](CC(N)=O)C(O)=O)C(=O)NCC(=O)N[C@@H](CCC(O)=O)C(=O)N[C@@H](CCCNC(N)=N)C(=O)NCC(=O)NC(CC2=CC=CC=C2)C(=O)NC(CC2=CC=CC=C2)C(=O)NC(CC2=CC=C(O)C=C2)C(=O)N[C@H]([C@@H](C)O)C(=O)N2CCC[C@H]2C(=O)N[C@@H](CCCCNC(=O)CC[C@H](NC(=O)CCCCCCCCCCCCCCC(O)=O)C(O)=O)C(O)=O)NC1=O)[C@@H](C)O)[C@@H](C)CC,
5,insulin aspart,[H]NCC(=O)N[C@@H]([C@@H](C)CC)C(=O)N[C@@H](C(C)C)C(=O)N[C@@H](CCC(O)=O)C(=O)N[C@@H](CCC(N)=O)C(=O)N[C@H]1CSSC[C@@H]2NC(=O)[C@@H](NC(=O)[C@H](CO)NC(=O)[C@@H](NC(=O)[C@H](CSSC[C@H](NC(=O)[C@H](CC(C)C)NC(=O)[C@H](CC3=CNC=N3)NC(=O)[C@H](CCC(N)=O)NC(=O)[C@H](CC(N)=O)NC(=O)[C@@H](NC(=O)[C@@H](N[H])CC3=CC=CC=C3)C(C)C)C(=O)NCC(=O)N[C@@H](CO)C(=O)N[C@@H](CC3=CNC=N3)C(=O)N[C@@H](CC(C)C)C(=O)N[C@@H](C(C)C)C(=O)N[C@@H](CCC(O)=O)C(=O)N[C@@H](C)C(=O)N[C@@H](CC(C)C)C(=O)N[C@@H](CC3=CC=C(O)C=C3)C(=O)N[C@@H](CC(C)C)C(=O)N[C@@H](C(C)C)C(=O)N[C@@H](CSSC[C@H](NC(=O)[C@H](CC3=CC=C(O)C=C3)NC(=O)[C@H](CC(N)=O)NC(=O)[C@H](CCC(O)=O)NC(=O)[C@H](CC(C)C)NC(=O)[C@H](CCC(N)=O)NC(=O)[C@H](CC3=CC=C(O)C=C3)NC(=O)[C@H](CC(C)C)NC(=O)[C@H](CO)NC2=O)C(=O)N[C@@H](CC(N)=O)C(O)=O)C(=O)NCC(=O)N[C@@H](CCC(O)=O)C(=O)N[C@@H](CCCNC(N)=N)C(=O)NCC(=O)N[C@@H](CC2=CC=CC=C2)C(=O)N[C@@H](CC2=CC=CC=C2)C(=O)N[C@@H](CC2=CC=C(O)C=C2)C(=O)N[C@@H]([C@@H](C)O)C(=O)N[C@@H](CC(O)=O)C(=O)N[C@@H](CCCCN)C(=O)N[C@@H]([C@@H](C)O)C(O)=O)NC1=O)[C@@H](C)O)[C@@H](C)CC,
6,insulin detemir,[H]NCC(=O)N[C@@H]([C@@H](C)CC)C(=O)N[C@@H](C(C)C)C(=O)N[C@@H](CCC(O)=O)C(=O)N[C@@H](CCC(N)=O)C(=O)N[C@H]1CSSC[C@@H]2NC(=O)[C@@H](NC(=O)[C@H](CO)NC(=O)[C@@H](NC(=O)[C@H](CSSC[C@H](NC(=O)[C@H](CC(C)C)NC(=O)[C@@H](CC3=CNC=N3)NC(=O)[C@H](CCC(N)=O)NC(=O)[C@H](CC(N)=O)NC(=O)[C@@H](NC(=O)[C@@H](N[H])CC3=CC=CC=C3)C(C)C)C(=O)NCC(=O)N[C@@H](CO)C(=O)N[C@@H](CC3=CNC=N3)C(=O)N[C@@H](CC(C)C)C(=O)NC(C(C)C)C(=O)N[C@@H](CCC(O)=O)C(=O)N[C@@H](C)C(=O)N[C@@H](CC(C)C)C(=O)N[C@@H](CC3=CC=C(O)C=C3)C(=O)N[C@H](CC(C)C)C(=O)NC(C(C)C)C(=O)N[C@@H](CSSC[C@H](NC(=O)[C@H](CC3=CC=C(O)C=C3)NC(=O)[C@H](CC(N)=O)NC(=O)[C@H](CCC(O)=O)NC(=O)[C@H](CC(C)C)NC(=O)[C@H](CCC(N)=O)NC(=O)[C@H](CC3=CC=C(O)C=C3)NC(=O)[C@H](CC(C)C)NC(=O)[C@H](CO)NC2=O)C(=O)N[C@@H](CC(N)=O)C(O)=O)C(=O)NCC(=O)N[C@@H](CCC(O)=O)C(=O)N[C@H](CCCNC(N)=N)C(=O)NCC(=O)NC(CC2=CC=CC=C2)C(=O)NC(CC2=CC=CC=C2)C(=O)N[C@@H](CC2=CC=C(O)C=C2)C(=O)N[C@H]([C@@H](C)O)C(=O)N2CCC[C@H]2C(=O)N[C@@H](CCCCNC(=O)CCCCCCCCCCCCC)C(O)=O)NC1=O)[C@@H](C)O)[C@@H](C)CC,
7,CHEMBL1087127,CC(C)c1cccc(NC(=O)c2ccc(C)c(Nc3nc4ccccc4n3c5cc(N)ncn5)c2)c1,7.54
8,CHEMBL3823235,COc1cc(ccc1Nc2ncc(Cl)c(Nc3ccccc3P(=O)(C)C)n2)N4CCN(CCO)CC4,7.55
9,CHEMBL1870314,CCCC[n+]1c(\C=C\c2ccc(cc2)N(C)C)sc3ccccc13,7.57
10,CHEMBL1946211,COc1ccc2c(c1)sc(\C=C\c3ccc(N(C)C)c4ccccc34)[n+]2C,7.59
11,CHEMBL3823045,COc1ccccc1Nc2nc(Nc3ccc(cc3OC)N4CCC(CC4)N5CCN(C)CC5)ncc2Cl,7.59
12,CHEMBL466397,CCc1cc(Nc2nccc(n2)c3c(nc4ccccn34)c5ccc(OC)c(c5)C(=O)Nc6c(F)cccc6F)c(OC)cc1N7CCC(CC7)N8CCN(CC8)S(=O)(=O)C,7.6
13,CHEMBL458997,CNC(=O)c1ccccc1Nc2nc(Nc3ccc(cc3OC)N4CCOCC4)ncc2Cl,7.6
14,CHEMBL3608519,COc1cc2C(=O)NCCCc2cc1Nc3ncc(Cl)c(Nc4ccccc4S(=O)(=O)C(C)C)n3,7.6
15,CHEMBL1760057,C(COc1ccc(Nc2nccc(Nc3cnc4ccccc4c3)n2)cc1)CN5CCCCC5,7.62
16,CHEMBL3218861,CN1CCN(CC1)c2ccc(cc2)c3nc4c(N[C@@H]5[C@@H]6C[C@@H](C=C6)[C@@H]5C(=O)N)c(Br)cnc4[nH]3,7.62
17,nintedanib,COC(=O)c1ccc2\C(=C(\Nc3ccc(cc3)N(C)C(=O)CN4CCN(C)CC4)/c5ccccc5)\C(=O)Nc2c1,7.62
18,CHEMBL1644799,CNC(=O)c1ccccc1Nc2nc(Nc3ccc4N(C)C(=O)CCCc4c3)ncc2Cl,7.64
19,CHEMBL3353403,COc1cc(N2CC[C@H](C2)N(C)C)c(NC(=O)C=C)cc1Nc3ncc(Cl)c(n3)c4cnn5ccccc45,7.68
20,CHEMBL3608520,COc1cc2CCCNC(=O)c2cc1Nc3ncc(Cl)c(Nc4ccccc4S(=O)(=O)C(C)C)n3,7.68
21,CHEMBL1642132,CNC(=O)c1ccccc1Nc2nc(Nc3ccc4CCN(CCOC)CCc4c3)ncc2Cl,7.7
22,CHEMBL509032,COc1cc(ccc1Nc2ncc(Cl)c(Nc3ccccc3S(=O)(=O)C(C)C)n2)N4CCC(CC4)N5CCN(C)CC5,7.7
23,CHEMBL1822514,COCCN1CCc2ccc(Nc3ncc4ccc(c5ccccc5)n4n3)cc2CC1,7.72
24,CHEMBL1091644,C[C@@]1(O)C[C@@H](C1)c2nc(c3ccc4ccc(nc4c3)c5ccccc5)c6c(N)nccn26,7.75
25,CHEMBL3823268,COc1cc(ccc1Nc2ncc(Cl)c(Nc3ccccc3C(=O)N)n2)P(=O)(C)C,7.85
26,CHEMBL3822664,COc1cc(ccc1Nc2ncc(Cl)c(Nc3ccccc3I)n2)N4CCC(CC4)N5CCN(C)CC5,7.86
27,CHEMBL1946209,CN(C)c1ccc(\C=C\c2sc3ccccc3[n+]2Cc4ccc5ccccc5c4)cc1,7.89
28,CHEMBL2042983,CCN1C(=O)CCCc2cc(Nc3ncc(Cl)c(Nc4ccccc4S(=O)(=O)C(C)C)n3)c(OC)cc12,7.92
29,CHEMBL1944957,CN(C)c1ccc(\C=C\c2sc3cc(ccc3[n+]2C)[N+](=O)[O-])cc1,7.92
30,CHEMBL1944962,CN(C)c1ccc(\C=C\c2sc3ccccc3[n+]2C4CC4)cc1,7.92
31,CHEMBL1906225,CN(C)c1ccc(\C=C\c2sc3ccccc3[n+]2Cc4ccccc4)cc1,7.92
32,CHEMBL1809044,COc1cc(ccc1Nc2ncc(Cl)c(n2)c3cnc4ccccn34)N5CCN(CC5)C(=O)C,7.92
33,CHEMBL3608525,COc1cc2OCCNCc2cc1Nc3ncc(Cl)c(Nc4ccccc4S(=O)(=O)C(C)C)n3,7.92
34,CHEMBL1644800,CCCNC(=O)c1ccccc1Nc2nc(Nc3ccc4N(C)C(=O)CCCc4c3)ncc2Cl,7.96
35,CHEMBL3608521,COc1cc2CC(=O)NCCc2cc1Nc3ncc(Cl)c(Nc4ccccc4S(=O)(=O)C(C)C)n3,7.96
36,CHEMBL1944953,CN(C)c1ccc(\C=C\c2sc3ccc(F)cc3[n+]2C)cc1,8.0
37,CHEMBL2042694,CNS(=O)(=O)c1ccccc1Nc2nc(Nc3ccc4N(C)C(=O)CCCc4c3)ncc2Cl,8.0
38,CHEMBL3824304,COc1cc(ccc1Nc2ncc(Cl)c(Nc3ccccc3S(=O)(=O)C(C)C)n2)P(=O)(C)C,8.0
39,CHEMBL2031893,COc1cc2nccc(Oc3ccc(NC(=O)C4=C(C)N(C)N(C4=O)c5ccccc5)cc3F)c2cc1OC,8.0
40,CHEMBL1944960,COc1ccc2c(c1)sc(N=Nc3ccc(cc3)N(C)C)[n+]2C,8.0
41,CHEMBL3353404,COc1cc(N(C)CCN(C)C)c(NC(=O)C=C)cc1Nc2ncc(Cl)c(n2)c3cnn4ccccc34,8.05
42,CHEMBL388978,CN[C@@H]1C[C@H]2O[C@@](C)([C@@H]1OC)n3c4ccccc4c5c6CNC(=O)c6c7c8ccccc8n2c7c35,8.07
43,CHEMBL3822672,COc1cc(ccc1Nc2ncc(Cl)c(Nc3ccccc3S(=O)(=O)N(C)C)n2)N4CCC(CC4)N5CCN(C)CC5,8.07
44,CHEMBL1644802,CN1C(=O)CCCc2cc(Nc3ncc(Cl)c(Nc4ccccc4C(=O)NCC#C)n3)ccc12,8.1
45,CHEMBL1944956,COc1ccc2c(c1)sc(\C=C\c3ccc(cc3)N(C)C)[n+]2C,8.1
46,CHEMBL1944954,CN(C)c1ccc(\C=C\c2sc3ccc(C)cc3[n+]2C)cc1,8.13
47,ceritinib,CC(C)Oc1cc(C2CCNCC2)c(C)cc1Nc3ncc(Cl)c(Nc4ccccc4S(=O)(=O)C(C)C)n3,8.16
48,CHEMBL448929,CCc1cc(Nc2nccc(n2)c3c(nc4ccccn34)c5cccc(c5)C(=O)Nc6c(F)cccc6F)c(OC)cc1N7CCC(CC7)N8CCN(CC8)S(=O)(=O)C,8.16
49,CHEMBL513897,CCCN1CCC=C(C1)c2ccc(Nc3nc(Nc4ccccc4C(=O)N)c5cc[nH]c5n3)c(C)c2,8.2
50,CHEMBL370968,CC[n+]1c(\C=C\c2ccc(cc2)N(C)C)sc3ccccc13,8.22
51,CHEMBL1944955,CN(C)c1ccc(\C=C\c2sc3cc(C)ccc3[n+]2C)cc1,8.22
52,CHEMBL3823016,COc1cc(ccc1Nc2ncc(Cl)c(Nc3ccccc3C(=O)N(C)C)n2)N4CCC(CC4)N5CCN(C)CC5,8.22
53,CHEMBL1945931,CN(C)c1ccc(\C=C\c2sc3ccc(Cl)cc3[n+]2C)cc1,8.28
54,CHEMBL3608522,COc1cc2CNCCCc2cc1Nc3ncc(Cl)c(Nc4ccccc4S(=O)(=O)C(C)C)n3,8.28
55,CHEMBL3822475,COc1cc(ccc1Nc2ncc(Cl)c(Nc3ccccc3S(=O)(=O)C)n2)N4CCC(CC4)N5CCN(C)CC5,8.29
56,CHEMBL3608523,COc1cc2CCCNCc2cc1Nc3ncc(Cl)c(Nc4ccccc4S(=O)(=O)C(C)C)n3,8.29
57,CHEMBL507714,COc1cc(ccc1Nc2nccc(n2)c3c(nc4ccccn34)c5cccc(c5)C(=O)Nc6c(F)cccc6F)N7CCC(CC7)N8CCN(CC8)S(=O)(=O)C,8.3
58,CHEMBL3823256,COc1cc(ccc1Nc2ncc(Cl)c(Nc3ccccc3S(=O)(=O)C)n2)P(=O)(C)C,8.33
59,CHEMBL1644798,CN1C(=O)CCCc2cc(Nc3ncc(Cl)c(Nc4ccccc4C(=O)N)n3)ccc12,8.4
60,CHEMBL1086731,Cc1ccc(NC(=O)c2ccc(s2)C(C)(C)C)cc1Nc3nc4ccccc4n3c5cc(N)ncn5,8.4
61,CHEMBL3824246,COc1cc(ccc1Nc2ncc(Cl)c(Nc3ccccc3C(=O)N)n2)N4CCC(CC4)N5CCN(C)CC5,8.47
62,CHEMBL370967,CN(C)c1ccc(\C=C\c2sc3ccccc3[n+]2C)cc1,8.52
63,CHEMBL1760035,COc1cc(Nc2nccc(Nc3cnc4ccccc4c3)n2)cc(OC)c1OC,8.52
64,CHEMBL3824301,COc1cc(ccc1Nc2ncc(Cl)c(Nc3ccccc3C(=O)C)n2)N4CCC(CC4)N5CCN(C)CC5,8.67
65,CHEMBL3608524,COc1cc2CCNCCc2cc1Nc3ncc(Cl)c(Nc4ccccc4S(=O)(=O)C(C)C)n3,8.7
66,CHEMBL464552,CNC(=O)c1c(F)cccc1Nc2nc(Nc3cc4N(CCc4cc3OC)C(=O)CN(C)C)nc5[nH]ccc25,8.75
67,CHEMBL507625,COc1cc(ccc1Nc2nc(Nc3cccc(F)c3C(=O)N)c4cc[nH]c4n2)N5CCN(CC5)C(C)C,8.8
68,CHEMBL3824326,COc1cc(ccc1Nc2ncc(Cl)c(Nc3ccccc3C(=O)C)n2)P(=O)(C)C,9.06
69,CHEMBL515519,COc1cc2CCN(C(=O)CN(C)C)c2cc1Nc3nc(Nc4ccoc4C(=O)N)c5cc[nH]c5n3,9.1
70,CHEMBL514873,COc1cc2CCN(C(=O)CN(C)C)c2cc1Nc3nc(Nc4ccsc4C(=O)N)c5cc[nH]c5n3,9.4
