,molecule_chembl_id,canonical_smiles,pchembl_value
0,CHEMBL3601070,CC(C)Oc1cc(Nc2ncc(c(N[C@@H]3C[C@H](CO)[C@@H](O)[C@H]3O)n2)c4ccc5ccccc5n4)ccn1,7.57
1,CHEMBL3586505,Cc1ccc(nc1)n2nc(cc2NC(=O)c3cnn4cccnc34)C5CCN(CC5)S(=O)(=O)C,7.57
2,CHEMBL3622516,OC[C@H]1C[C@@H](NC2=C(C(=O)NC(=N2)N3CCc4ccccc4C3)c5nc6ccccc6s5)[C@H](O)[C@@H]1O,7.57
3,CHEMBL3634513,Cn1cc(NC(=O)c2ccc3cnc(N[C@@H]4CCCC[C@@H]4N)nn23)c(Cl)n1,7.59
4,CHEMBL3601189,COc1cc(Nc2ncc(c(N[C@@H]3C[C@H](CO)[C@@H](O)[C@H]3O)n2)c4ccc5ccccc5n4)ccn1,7.6
5,CHEMBL3634382,Cn1cc(NC(=O)c2ccc3ccc(N[C@@H]4CCCC[C@@H]4N)nn23)c(n1)C(F)F,7.6
6,CHEMBL3634614,Cn1cc(NC(=O)c2ccc3cnc(N[C@@H]4CCCC[C@@H]4N)nn23)c(n1)C#N,7.6
7,CHEMBL3622183,OC[C@H]1C[C@@H](NC2=C(C(=O)NC(=N2)NC3CC3)c4nc5ccccc5s4)[C@H](O)[C@@H]1O,7.6
8,CHEMBL3634507,Cn1cc(NC(=O)c2ccc3cnc(N[C@@H]4CCCNC4)nn23)c(n1)C(F)F,7.62
9,CHEMBL3403441,Nc1ncc(c(N[C@@H]2C[C@H](CO)[C@@H](O)[C@H]2O)n1)c3nc4cnccc4s3,7.62
10,CHEMBL3590489,Cn1cc(NC(=O)c2cnn3ccc(N[C@@H]4CCCC(F)(F)[C@@H]4N)nc23)c(n1)C(F)(F)F,7.64
11,CHEMBL3353187,Cl.Cc1cc(ccn1)c2occ(n2)C(=O)Nc3cn(nc3C(=O)N)C4CCOCC4,7.68
12,CHEMBL3590485,Cn1cc(NC(=O)c2cnn3ccc(N[C@@H]4CCCC[C@@H]4O)nc23)c(n1)C(F)(F)F,7.68
13,CHEMBL256713,COc1cc(ccc1NC(=O)c2cccc(n2)c3ccn[nH]3)N4CCOCC4,7.7
14,CHEMBL3586506,CS(=O)(=O)N1CCC(CC1)c2cc(NC(=O)c3cnn4cccnc34)n(n2)c5ccc(cn5)C6CC6,7.7
15,CHEMBL3634510,Cn1cc(NC(=O)c2cnn3ccc(N[C@@H]4CCCCNC4)nc23)c(n1)C(F)F,7.7
16,CHEMBL3590472,Cn1cc(NC(=O)c2cnn3ccc(N[C@H]4CCCC[C@@H]4N)nc23)c(n1)C(=O)N,7.7
17,CHEMBL3634380,Cn1cc(NC(=O)c2csc3ncc(N[C@@H]4CCCC[C@@H]4N)nc23)c(n1)C(F)(F)F,7.7
18,CHEMBL256504,C1CNC[C@H](C1)Nc2cccc(n2)c3cnc4ccccn34,7.72
19,CHEMBL3622518,O=C1NC(=NC(=C1c2nc3ccccc3s2)N[C@@H]4CCCNC4)N5CCOCC5,7.72
20,CHEMBL3622512,OC[C@H]1C[C@@H](NC2=C(C(=O)NC(=N2)N3CCCC3)c4nc5ccccc5s4)[C@H](O)[C@@H]1O,7.75
21,CHEMBL3601081,OC[C@H]1C[C@@H](Nc2nc(Nc3cccnc3)ncc2c4nc5ccncc5s4)[C@H](O)[C@@H]1O,7.75
22,CHEMBL3634504,Cn1cc(NC(=O)c2ccc3ccc(N[C@@H]4CCCNC4)nn23)c(n1)C(F)(F)F,7.77
23,CHEMBL3353204,NCCNc1cccc2nc(sc12)C3=C(N[C@@H]4CCCNC4)N=C(NC3=O)N5CCOCC5,7.8
24,CHEMBL3403440,Nc1ncc(c(N[C@@H]2C[C@H](CO)[C@@H](O)[C@H]2O)n1)c3nc4ccncc4s3,7.8
25,CHEMBL402174,COc1ccc2ncn(c3cccc(NC4CCNCC4)n3)c2c1,7.82
26,CHEMBL3601196,Cc1cc(Nc2cc(N[C@@H]3C[C@H](CO)[C@@H](O)[C@H]3O)c(cn2)c4nc5ccccc5s4)cc(C)n1,7.85
27,CHEMBL3590475,Cn1cc(NC(=O)c2cnn3ccc(N[C@@H]4CCCC[C@@H]4N)nc23)cn1,7.85
28,CHEMBL3353203,F[C@H]1CCNC[C@@H]1NC2=C(C(=O)NC(=N2)N3CCOCC3)c4nc5ccccc5s4,7.85
29,CHEMBL3586508,CC(C)N1CCC(CC1)c2cc(NC(=O)c3cnn4cccnc34)n(n2)c5ccc(cc5F)C6CC6,7.89
30,CHEMBL3634514,Cn1cc(NC(=O)c2ccc3ccc(N[C@@H]4CCCC[C@@H]4N)nn23)c(Cl)n1,7.89
31,CHEMBL3590490,Cn1cc(NC(=O)c2cnn3ccc(N[C@@H]4CCCC(F)(F)[C@@H]4N)nc23)c(n1)C(F)F,7.89
32,CHEMBL3601076,CN(C)c1cccc(Nc2ncc(c(N[C@@H]3C[C@H](CO)[C@@H](O)[C@H]3O)n2)c4nc5cnccc5s4)c1,7.92
33,CHEMBL3601080,Cc1cc(Nc2ncc(c(N[C@@H]3C[C@H](CO)[C@@H](O)[C@H]3O)n2)c4nc5ccncc5s4)ccn1,7.92
34,CHEMBL3634615,Cn1cc(NC(=O)c2ccc3ccc(N[C@@H]4CCCC[C@@H]4N)nn23)c(n1)C#N,7.92
35,CHEMBL3634512,Cn1cc(NC(=O)c2cnn3ccc(N[C@@H]4CCCC[C@@H]4N)nc23)c(Cl)n1,7.92
36,CHEMBL3590477,Cn1cc(NC(=O)c2cnn3ccc(N[C@@H]4CCCC[C@@H]4N)nc23)c(n1)C#N,7.92
37,CHEMBL3634502,Cn1cc(NC(=O)c2cnn3ccc(N[C@@H]4CCCNC4)nc23)c(n1)C(F)(F)F,7.92
38,CHEMBL3601073,OC[C@H]1C[C@@H](Nc2nc(Nc3cncnc3)ncc2c4nc5cnccc5s4)[C@H](O)[C@@H]1O,7.92
39,CHEMBL3601186,Cc1cc(Nc2ncc(c(N[C@@H]3C[C@H](CO)[C@@H](O)[C@H]3O)n2)c4nc(cs4)c5ccccc5)ccn1,7.96
40,CHEMBL3736469,OC[C@H]1CC[C@@H](C1)n2c(NC(=O)c3cccc(c3)[N+](=O)[O-])nc4cc(F)ccc24,7.96
41,CHEMBL3621219,OC[C@H]1C[C@@H](NC2=C(C(=O)NC(=N2)N3CCOCC3)c4nc5ccccc5s4)[C@H](O)[C@@H]1O,7.96
42,CHEMBL3601074,OC[C@H]1C[C@@H](Nc2nc(Nc3cccnc3)ncc2c4nc5cnccc5s4)[C@H](O)[C@@H]1O,7.96
43,CHEMBL3735975,OCc1ccc2c(c1)nc(NC(=O)c3cccc(c3)[N+](=O)[O-])n2[C@@H]4CC[C@@H](O)CC4,7.96
44,CHEMBL404473,Cc1ccc2ncn(c3cccc(NC4CCNCC4)n3)c2c1,8.0
45,CHEMBL3634381,Cn1cc(NC(=O)c2ccc3cnc(N[C@@H]4CCCC[C@@H]4N)nn23)c(n1)C(F)F,8.0
46,CHEMBL3590487,Cn1cc(NC(=O)c2cnn3ccc(nc23)N4CCNCC4)c(n1)C(F)(F)F,8.0
47,CHEMBL256961,Clc1ccc2ncc(c3cccc(NC4CCCNC4)n3)n2c1,8.05
48,CHEMBL3634511,Cn1cc(NC(=O)c2ccc3cnc(N[C@@H]4CCCCNC4)nn23)c(n1)C(F)F,8.05
49,CHEMBL3590478,Cn1cc(NC(=O)c2cnn3ccc(N[C@@H]4CCCC[C@@H]4N)nc23)c(n1)C(F)(F)F,8.05
50,CHEMBL3634616,Cn1cc(NC(=O)c2csc3ncc(N[C@@H]4CCCC[C@@H]4N)nc23)c(n1)C#N,8.05
51,CHEMBL3735719,[O-][N+](=O)c1cccc(c1)C(=O)Nc2nc3cc(CN4CCCCC4)ccc3n2c5ccccc5,8.09
52,CHEMBL1232515,CCN(Cc1cc(Nc2nc(C)cn3c(cnc23)c4cn[nH]c4)sn1)C(C)(C)CO,8.1
53,CHEMBL3353220,COc1cc2ncccc2cc1NC(=O)c3csc4cnc(nc34)N(C)CCN,8.1
54,CHEMBL402361,COc1ccc(cn1)c2ccc3ncc(c4cccc(NC5CCNCC5)n4)n3c2,8.1
55,CHEMBL1650533,Cl.CCN(Cc1cc(Nc2nc(C)cn3c(cnc23)c4cn[nH]c4)sn1)C(C)(C)CO,8.1
56,CHEMBL3590473,Cn1cc(NC(=O)c2cnn3ccc(N[C@H]4CCCC[C@H]4N)nc23)c(n1)C(=O)N,8.1
57,CHEMBL3735247,OC[C@@H]1CC[C@@H](C1)n2c(NC(=O)c3cccc(c3)[N+](=O)[O-])nc4cc(F)ccc24,8.11
58,CHEMBL3361254,NC(=O)C[C@H]1CCc2sc3ncnc(O[C@@H]4CC[C@H](CC4)N5CCOCC5)c3c12,8.13
59,CHEMBL3586509,CC(C)N1CCC(CC1)c2cc(NC(=O)c3cnn4cccnc34)n(n2)c5ccc(C)cn5,8.16
60,CHEMBL3601075,COc1cc(Nc2ncc(c(N[C@@H]3C[C@H](CO)[C@@H](O)[C@H]3O)n2)c4nc5cnccc5s4)ccn1,8.16
61,CHEMBL403433,COc1ccc2ncc(c3cccc(NC4CNC4)n3)n2c1,8.16
62,CHEMBL3634613,Cn1cc(NC(=O)c2csc3ncc(N[C@@H]4CCCC[C@@H]4N)nc23)c(Cl)n1,8.16
63,CHEMBL3634505,Cn1cc(NC(=O)c2csc3ncc(N[C@@H]4CCCNC4)nc23)c(n1)C(F)(F)F,8.16
64,CHEMBL255446,Cn1cc(cn1)c2ccc3ncc(c4cccc(NC5CCNCC5)n4)n3c2,8.16
65,CHEMBL3735044,OC[C@@H]1CC[C@H](CC1)n2c(NC(=O)c3cccc(c3)[N+](=O)[O-])nc4cc(F)ccc24,8.19
66,CHEMBL3734846,O[C@@H]1CC[C@H](CC1)n2c(NC(=O)c3cccc(c3)[N+](=O)[O-])nc4cc(F)ccc24,8.19
67,CHEMBL3590476,COCc1nn(C)cc1NC(=O)c2cnn3ccc(N[C@@H]4CCCC[C@@H]4N)nc23,8.22
68,CHEMBL402629,COc1ccc2ncc(c3cccc(NC4CCNCC4)n3)n2c1,8.22
69,CHEMBL256963,Clc1ccc2ncc(c3cccc(NC4CNC4)n3)n2c1,8.22
70,CHEMBL3590481,Cn1cc(NC(=O)c2cnn3ccc(N[C@@H]4CCCC[C@@H]4N)nc23)c(n1)c5ocnn5,8.22
71,CHEMBL3590517,Cn1cc(NC(=O)c2cnn3ccc(nc23)N4CC[C@H](F)[C@@H](N)C4)c(n1)C(F)(F)F,8.22
72,CHEMBL3353202,O=C1NC(=NC(=C1c2nc3ccccc3s2)N[C@@H]4CCCNC4)N5CCN(CC5)c6cccnc6,8.22
73,CHEMBL3601078,OC[C@H]1C[C@@H](Nc2nc(Nc3cncnc3)ncc2c4nc5ccncc5s4)[C@H](O)[C@@H]1O,8.22
74,CHEMBL3352825,CC(C)(O)[C@H](F)CNC(=O)c1cnc(Nc2ccc3cnccc3n2)cc1NC4CC4,8.25
75,CHEMBL3353194,CC(C)Nc1cc(Nc2ncc(cn2)C#N)ncc1C(=O)NC[C@@H](F)C(C)(C)O,8.28
76,CHEMBL3586510,CN1CCN(CC1)c2cc(NC(=O)c3cnn4cccnc34)n(n2)c5ccc(C)cn5,8.3
77,CHEMBL3634379,Cn1cc(NC(=O)c2ccc3ccc(N[C@@H]4CCCC[C@@H]4N)nn23)c(n1)C(F)(F)F,8.3
78,CHEMBL3634508,Cn1cc(NC(=O)c2ccc3ccc(N[C@@H]4CCCNC4)nn23)c(n1)C(F)F,8.3
79,CHEMBL403358,NC(=O)c1ccc2ncc(c3cccc(NC4CCNCC4)n3)n2c1,8.3
80,CHEMBL2441273,CCc1ccc2nc(Nc3cc(Cc4ccccc4)nc(N[C@@H]5CC[C@@H](O)CC5)n3)sc2c1,8.4
81,CHEMBL3601072,CN(C)c1ccc(Nc2ncc(c(N[C@@H]3C[C@H](CO)[C@@H](O)[C@H]3O)n2)c4nc5cnccc5s4)cc1,8.4
82,CHEMBL3601185,Cc1cc(Nc2ncc(c(N[C@@H]3C[C@H](CO)[C@@H](O)[C@H]3O)n2)c4nc(cs4)c5ccccc5)cc(C)n1,8.4
83,CHEMBL3590479,Cn1cc(NC(=O)c2cnn3ccc(N[C@@H]4CCCC[C@@H]4N)nc23)c(n1)C(F)F,8.4
84,CHEMBL3590486,Cn1cc(NC(=O)c2cnn3ccc(N[C@@H]4CCCC[C@@H]4O)nc23)c(n1)C(F)F,8.4
85,CHEMBL255873,N#Cc1ccc2ncc(c3cccc(NC4CCNCC4)n3)n2c1,8.4
86,CHEMBL3735523,O[C@@H]1CC[C@H](CC1)n2c(NC(=O)c3cccc(c3)[N+](=O)[O-])nc4cc(CN5CCOCC5)ccc24,8.42
87,CHEMBL3353192,CC(C)Nc1cc(Nc2ncc(cc2C)C#N)ncc1C(=O)NC[C@@H](F)C(C)(C)O,8.44
88,CHEMBL3353193,CC(C)Nc1cc(Nc2ncc(Cl)cc2F)ncc1C(=O)NC[C@@H](F)C(C)(C)O,8.46
89,CHEMBL3601071,Cc1cc(Nc2ncc(c(N[C@@H]3C[C@H](CO)[C@@H](O)[C@H]3O)n2)c4nc5cnccc5s4)ccn1,8.52
90,CHEMBL436653,Clc1ccc2ncn(c3cccc(NC4CCNCC4)n3)c2c1,8.52
91,CHEMBL3634501,Cn1cc(NC(=O)c2ccc3cnc(N[C@@H]4CC(F)(F)CC[C@@H]4N)nn23)c(n1)C(F)F,8.52
92,CHEMBL3590492,Cn1cc(NC(=O)c2cnn3ccc(N[C@@H]4CC(F)(F)CC[C@@H]4N)nc23)c(n1)C(F)(F)F,8.52
93,CHEMBL3590491,Cn1cc(NC(=O)c2cnn3ccc(N[C@@H]4CCC(F)(F)C[C@@H]4N)nc23)c(n1)C(F)(F)F,8.52
94,CHEMBL3634506,Cn1cc(NC(=O)c2cnn3ccc(N[C@@H]4CCCNC4)nc23)c(n1)C(F)F,8.52
95,CHEMBL3634383,Cn1cc(NC(=O)c2csc3ncc(N[C@@H]4CCCC[C@@H]4N)nc23)c(n1)C(F)F,8.52
96,CHEMBL3634509,Cn1cc(NC(=O)c2csc3ncc(N[C@@H]4CCCNC4)nc23)c(n1)C(F)F,8.52
97,CHEMBL3353196,CC(C)Nc1cc(Nc2ccc3ncsc3c2)ncc1c4nnc(s4)C(=O)N5CC[C@H](O)C5,8.55
98,CHEMBL3736278,FC(F)(F)c1cccc(c1)C(=O)Nc2nc3cc(CN4CCCCC4)ccc3n2c5ccccc5,8.55
99,CHEMBL3735673,O[C@@H]1CC[C@H](CC1)n2c(NC(=O)c3cccc(c3)[N+](=O)[O-])nc4cc(CN5CCCCC5)ccc24,8.55
100,CHEMBL3353200,Cl.CN1CCN(CC1)c2cccc(Nc3ncc(c(NC4C[C@H](CO)[C@@H](O)[C@H]4O)n3)c5nc6ccccc6s5)c2,8.59
101,CHEMBL3353201,Cc1cc(Nc2ncc(c(NC3C[C@@H]([C@@H](O)[C@H]3O)C(C)(C)O)n2)c4nc5ccccc5s4)cc(C)n1,8.66
102,CHEMBL255867,C1CC(CCN1)Nc2cccc(n2)c3cnc4ccc(cn34)c5cc[nH]n5,8.7
103,CHEMBL3601079,COc1cc(Nc2ncc(c(N[C@@H]3C[C@H](CO)[C@@H](O)[C@H]3O)n2)c4nc5ccncc5s4)ccn1,8.7
104,CHEMBL3586511,Cc1ccc(nc1)n2nc(cc2NC(=O)c3cnn4cccnc34)N5CCN(CC5)S(=O)(=O)C,8.7
105,CHEMBL3634378,Cn1cc(NC(=O)c2ccc3cnc(N[C@@H]4CCCC[C@@H]4N)nn23)c(n1)C(F)(F)F,8.7
106,CHEMBL3634503,Cn1cc(NC(=O)c2ccc3cnc(N[C@@H]4CCCNC4)nn23)c(n1)C(F)(F)F,8.7
107,CHEMBL3590438,Cn1cc(NC(=O)c2cnn3ccc(NCCN)nc23)c(n1)C(=O)N,8.7
108,CHEMBL3590480,Cn1cc(NC(=O)c2cnn3ccc(N[C@@H]4CCCC[C@@H]4N)nc23)c(n1)C(F)(F)C(F)(F)F,8.7
109,CHEMBL3353205,N[C@H]1CCCC[C@H]1Nc2cccc3nc(sc23)C4=C(N[C@@H]5CCCNC5)N=C(NC4=O)N6CCOCC6,8.7
110,CHEMBL3353190,CC(C)Nc1cc(Nc2ncc(cc2Cl)C#N)ncc1C(=O)NC[C@@H](F)C(C)(C)O,8.72
111,CHEMBL3353191,CC(C)(O)[C@H](F)CNC(=O)c1cnc(Nc2ncc(cc2Cl)C#N)cc1NC3CC3,8.75
112,CHEMBL3353197,CNC(=O)c1nc(sc1C)c2cnc(Nc3ccc4ncsc4c3)cc2NC(C)C,8.75
113,CHEMBL388978,CN[C@@H]1C[C@H]2O[C@@](C)([C@@H]1OC)n3c4ccccc4c5c6CNC(=O)c6c7c8ccccc8n2c7c35,8.77
114,CHEMBL603469,C[C@]12O[C@H](C[C@]1(O)CO)n3c4ccccc4c5c6C(=O)NCc6c7c8ccccc8n2c7c35,8.77
115,CHEMBL3735949,OC[C@@H]1CC[C@@H](CC1)n2c(NC(=O)c3cccc(c3)[N+](=O)[O-])nc4cc(F)ccc24,8.8
116,CHEMBL3353195,CNC(=O)[C@@H]1CC[C@H](CC1)NC(=O)c2cnc(Nc3ccc4ncsc4n3)cc2NC5CCOCC5,8.82
117,CHEMBL3736465,OCCc1ccc(cc1)n2c(NC(=O)c3cccc(c3)C(F)(F)F)nc4cc(CN5CCCCC5)ccc24,8.89
118,CHEMBL1236126,CC(C)(C)C(=O)Oc1ccc2c(c1)nc(NC(=O)c3cccc(c3)[N+](=O)[O-])n2CCCO,8.92
119,CHEMBL401633,Clc1ccc2ncc(c3cccc(NC4CCNC4)n3)n2c1,9.0
120,CHEMBL256570,Clc1ccc2ncc(c3cccc(NC4CCNCC4)n3)n2c1,9.0
121,CHEMBL3590488,Cn1cc(NC(=O)c2cnn3ccc(nc23)N4CCNCC4)c(n1)C(F)F,9.0
122,CHEMBL3590493,Cn1cc(NC(=O)c2cnn3ccc(nc23)N4C[C@H](N)CC(F)(F)C4)c(n1)C(F)(F)F,9.0
123,CHEMBL3361255,NC(=O)[C@@H](O)C[C@H]1CCc2sc3ncnc(O[C@@H]4CC[C@H](CC4)N5CCOCC5)c3c12,9.0
124,CHEMBL3353219,NCC1CCN(CC1)c2ccc(Cl)cc2NC(=O)c3cnn4cc(O)cnc34,9.0
125,CHEMBL3601192,Cc1cc(Nc2ncc(c(N[C@@H]3C[C@H](CO)[C@@H](O)[C@H]3O)n2)c4ccc5ccccc5n4)cc(C)n1,9.13
126,CHEMBL3734854,OC[C@@H]1CC[C@@H](CC1)n2c(NC(=O)c3cccc(c3)[N+](=O)[O-])nc4cc(CN5CCCCC5)ccc24,9.16
127,CHEMBL3590515,Cn1cc(NC(=O)c2cnn3ccc(nc23)N4C[C@H](N)CC(F)(F)C4)c(n1)C(F)F,9.3
128,CHEMBL3590516,Cn1cc(NC(=O)c2cnn3ccc(nc23)N4C[C@H](N)C[C@@H](F)C4)c(n1)C(F)(F)F,9.3
129,CHEMBL3734872,O[C@@H]1CC[C@H](CC1)n2c(NC(=O)c3cccc(c3)[N+](=O)[O-])nc4cc(CN5CCCC5=O)ccc24,9.3
130,CHEMBL3734814,OC[C@@H]1CC[C@@H](CC1)n2c(NC(=O)c3cccc(c3)C(F)(F)F)nc4ccc(CO)cc24,9.32
131,CHEMBL3736036,OC[C@@H]1CC[C@@H](CC1)n2c(NC(=O)c3cccc(c3)C(F)(F)F)nc4cc(CN5CCCCC5)ccc24,9.38
132,CHEMBL3353188,Cl.NC(=O)c1nn(cc1NC(=O)c2coc(n2)c3ccnc(NCC(F)(F)F)c3)c4cccnc4,9.44
133,CHEMBL3735504,CC(C)(C)C(=O)Nc1ccc2c(c1)nc(NC(=O)c3cccc(c3)C(F)(F)F)n2[C@@H]4CC[C@H](CO)CC4,9.47
134,CHEMBL3353199,Cl.Cc1cc(Nc2ncc(c(NC3C[C@H](CO)[C@@H](O)[C@H]3O)n2)c4nc5ccccc5s4)cc(C)n1,9.5
135,CHEMBL3590474,Cn1cc(NC(=O)c2cnn3ccc(N[C@@H]4CCCC[C@@H]4N)nc23)c(n1)C(=O)N,9.52
136,CHEMBL3353189,Cl.Cn1cc(NC(=O)c2coc(n2)c3ccnc(NCC(F)(F)F)c3)c(n1)C(=O)N,9.62
