,molecule_chembl_id,canonical_smiles,pchembl_value
0,pazopanib,CN(C1=CC2=NN(C)C(C)=C2C=C1)C1=NC(NC2=CC(=C(C)C=C2)S(N)(=O)=O)=NC=C1,
1,CHEMBL210985,CCNCc1ccc(cc1)C(=O)Nc2ncc(Sc3cc(C(=O)N4CCN(CC4)C(=O)C)c(OC)cc3C)s2,7.54
2,CHEMBL3426305,CC1(C)CCc2c(C1)[nH]nc2C(=O)Nc3cnn(c3)[C@@H](C4CC[S+]([O-])CC4)c5ccccc5,7.55
3,CHEMBL1684656,CC(CN(C)C)Nc1ccc2[nH]nc(c3cc4ccc(C)cc4[nH]3)c2c1,7.57
4,CHEMBL517901,CCN(C(=O)c1ccccc1)c2ccc3c(c2)nc(NC(=O)c4oncc4)n3CCC(=O)N,7.57
5,CHEMBL485201,CN(C(=O)c1ccncc1)c2ccc3c(c2)nc(NC(=O)c4ccc(cc4)C#N)n3CCC(=O)N,7.57
6,CHEMBL486334,CN(Cc1ccc2c(c1)nc(NC(=O)c3ccc(cc3)C#N)n2CCCO)C4CCCCC4,7.57
7,CHEMBL1765784,CNc1cc(cc(c1)C2=CNC(=O)C(=C2)NC(=O)c3ccc(cc3)N4CCC[C@H]4CN5CCCC5)C#N,7.57
8,CHEMBL3263046,O=C(Nc1cnn(Cc2ccc(cc2)C#N)c1)c3n[nH]c4ccccc34,7.57
9,CHEMBL481361,CN(C(=O)c1ccccc1)c2ccc3N(CCC(=O)N)\C(=N\C(=O)c4ccc(Br)cc4)\Nc3c2,7.59
10,CHEMBL1684524,Cc1ccc2cc([nH]c2c1)c3n[nH]c4ccc(NS(=O)(=O)c5cn(C)cn5)cc34,7.59
11,CHEMBL3426301,CC1(C)CCc2c(C1)[nH]nc2C(=O)Nc3cnn(c3)[C@@H](C4CCS(=O)(=O)C4)c5ccccc5,7.6
12,CHEMBL233338,CN(C(=O)C1CCCCC1)c2ccc3c(c2)nc(NC(=O)c4cccs4)n3CCCN,7.6
13,CHEMBL485402,CN(C(=O)C1CCCCC1)c2ccc3c(c2)nc(NC(=O)c4ccncc4)n3CCC(=O)N,7.6
14,CHEMBL457886,CN(C(=O)c1ccccc1)c2ccc3c(c2)nc(NC(=O)c4cccs4)n3CCC(=O)N,7.6
15,CHEMBL3263053,CN(C)CC[C@@H](c1ccccc1)n2cc(NC(=O)c3n[nH]c4cc(ccc34)c5cn[nH]c5)cn2,7.6
16,CHEMBL457705,CN(C(=O)c1ccccc1)c2ccc3c(c2)nc(NC(=O)c4ccc(nc4)C#N)n3CCC(=O)N,7.64
17,CHEMBL1765780,CNc1cncc(c1)C2=CNC(=O)C(=C2)NC(=O)c3ccc(cc3)N4CCCCC4,7.64
18,CHEMBL1684543,Cc1ccc2cc([nH]c2c1)c3n[nH]c4ccc(NC5CCN(Cc6ccccc6)CC5)cc34,7.64
19,CHEMBL3298287,CC1CCc2c(C1)[nH]nc2C(=O)Nc3cnn(Cc4ccccc4)c3,7.66
20,CHEMBL480554,CC(C)C(=O)c1ccc(s1)C(=O)\N=C\2/Nc3cc(ccc3N2CCC(=O)N)N(C)C(=O)c4ccccc4,7.7
21,CHEMBL1684679,CC(C)CN(C)C(=O)c1ccc2cc([nH]c2c1)c3n[nH]c4ccccc34,7.7
22,CHEMBL2179788,CC(C)c1ccc(NC(=O)c2cccc(c2)c3nn(C4CCCN(C4)C(=O)C=C)c5ncnc(N)c35)cc1,7.7
23,CHEMBL482169,CN(C(=O)c1ccccc1)c2ccc3N(CCC(=O)N)\C(=N\C(=O)c4ccc(C=O)s4)\Nc3c2,7.7
24,CHEMBL460824,CN(C(=O)c1ccccc1)c2ccc3c(c2)nc(NC(=O)c4ccc(cc4)C#N)n3CCC(=O)N,7.7
25,CHEMBL1765783,CNc1cc(F)cc(c1)C2=CNC(=O)C(=C2)NC(=O)c3ccc(cc3)N4CCC[C@H]4CN5CCCC5,7.7
26,CHEMBL1765782,CNc1cncc(c1)C2=CNC(=O)C(=C2)NC(=O)c3ccc(cc3)N4CCC[C@H]4CN5CCCC5,7.7
27,CHEMBL519088,COCCCn1c(NC(=O)c2cccc(c2)C#N)nc3cc(CN(C)C4CCCCC4)ccc13,7.7
28,CHEMBL211291,COCc1ccc(cc1)C(=O)Nc2ncc(Sc3cc(C(=O)N4CCN(CC4)C(=O)C)c(OC)cc3C)s2,7.7
29,CHEMBL2441286,COc1ccc2nc(Nc3cc(nc(N[C@@H]4CC[C@@H](O)CC4)n3)C(F)(F)c5ccc(F)cc5)sc2c1,7.7
30,CHEMBL495181,C[C@@H](N(C)Cc1ccc2N(CC(C)(C)O)\C(=N\C(=O)c3ccc(s3)c4cn[nH]c4)\Nc2c1)C(C)(C)C,7.7
31,CHEMBL494993,C[C@@H](NCc1ccc2N(CC(C)(C)O)\C(=N\C(=O)c3ccc(s3)c4cn[nH]c4)\Nc2c1)C(C)(C)C,7.7
32,CHEMBL1684681,Cn1cncc1CNC(=O)c2ccc3cc([nH]c3c2)c4n[nH]c5ccccc45,7.7
33,CHEMBL3355734,O[C@@H]1CC[C@H](CC1)Nc2cc(cc(Nc3cc([nH]n3)c4ccc(cc4)C(F)(F)F)n2)S(=O)(=O)c5ccccc5,7.7
34,CHEMBL481721,CN(C(=O)c1ccccc1)c2ccc3N(CCC(=O)N)\C(=N\C(=O)c4ccc(s4)c5ccccn5)\Nc3c2,7.72
35,CHEMBL388978,CN[C@@H]1C[C@H]2O[C@@](C)([C@@H]1OC)n3c4ccccc4c5c6CNC(=O)c6c7c8ccccc8n2c7c35,7.72
36,CHEMBL208901,COc1cc(C)c(Sc2cnc(NC(=O)C3CC3)s2)cc1C(=O)N4CCN(CC4)C(=O)CN(C)C,7.72
37,CHEMBL209148,COc1cc(C)c(Sc2cnc(NC(=O)c3ccc(CNC(C)C(C)(C)C)cc3)s2)cc1C(=O)N4CCN(CC4)C(=O)C,7.72
38,CHEMBL462514,CCCN(C(=O)c1ccccc1)c2ccc3c(c2)nc(NC(=O)c4ccc(cc4)C#N)n3CCC(=O)N,7.75
39,CHEMBL444151,CN(C(=O)C1CCCCC1)c2ccc3c(c2)nc(NC(=O)c4ccc(cc4)C#N)n3CCC(=O)N5CCN(C)CC5,7.75
40,CHEMBL485203,CN(C(=O)c1ccccc1)c2ccc3c(c2)nc(NC(=O)c4ccc(Cl)cc4)n3CCC(=O)N,7.75
41,CHEMBL379114,COc1cc(C)c(Sc2cnc(NC(=O)c3ccc(cc3)N(C)C)s2)cc1C(=O)N4CCN(CC4)C(=O)C,7.75
42,CHEMBL484390,CCCCn1c(NC(=O)c2ccc(cc2)C#N)nc3cc(ccc13)N(C)C(=O)C4CCCCC4,7.8
43,CHEMBL519698,CN(C(=O)C1CCCCC1)c2ccc3c(c2)nc(NC(=O)c4ccccc4)n3CCC(=O)N,7.8
44,CHEMBL1738829,CNc1nccc(n1)C2=CNC(=O)C(=C2)NC(=O)c3ccc(cc3)N4CCCCC4,7.8
45,CHEMBL484767,COCCCn1c(NC(=O)c2ccc(cc2)C#N)nc3cc(ccc13)N(C)C(=O)C4CCCCC4,7.8
46,CHEMBL2441285,COc1ccc2nc(Nc3cc(nc(N[C@@H]4CC[C@@H](O)CC4)n3)C(F)(F)c5ccc(F)cc5)sc2n1,7.8
47,CHEMBL1684541,Cc1ccc2cc([nH]c2c1)c3n[nH]c4ccc(NC5CCNCC5)cc34,7.8
48,CHEMBL2441278,NC(=O)C1CCN1c2nc(Cc3ccccc3)cc(Nc4cc([nH]n4)C5CCC5)n2,7.8
49,CHEMBL481380,CN(C(=O)c1ccccc1)c2ccc3N(CCC(=O)N)\C(=N\C(=O)c4ccc(Br)s4)\Nc3c2,7.82
50,CHEMBL457706,CN(C(=O)c1ccccc1)c2ccc3c(c2)nc(NC(=O)c4ccc(C#N)s4)n3CCC(=O)N,7.82
51,CHEMBL3298372,CN(C)CC[C@H](c1ccccc1)n2cc(NC(=O)c3n[nH]c4CC(C)(C)CCc34)cn2,7.82
52,CHEMBL3262780,O=C(Nc1cnn(Cc2cccc(c2)C#N)c1)c3n[nH]c4ccccc34,7.82
53,CHEMBL210123,OC(=O)C1CCN(CC1)C(=O)c2cc(Sc3cnc(Nc4cccc(Br)n4)s3)ccc2O,7.82
54,CHEMBL3426303,CC1(C)CCc2c(C1)[nH]nc2C(=O)Nc3cnn(c3)[C@@H](C4CCCCS4(=O)=O)c5ccccc5,7.85
55,CHEMBL481379,CN(C(=O)c1ccccc1)c2ccc3N(CCC(=O)N)\C(=N\C(=O)c4ccc(Cl)s4)\Nc3c2,7.85
56,CHEMBL480573,CN(C(=O)c1ccccc1)c2ccc3N(CCC(=O)N)\C(=N\C(=O)c4ccc(s4)C(=O)C)\Nc3c2,7.85
57,CHEMBL521432,CN(C(=O)c1ccccc1)c2ccc3N(CCC(=O)N)\C(=N\C(=O)c4ccc(s4)c5cocn5)\Nc3c2,7.85
58,CHEMBL483764,CN(C)C(=O)CCn1c(NC(=O)c2ccc(cc2)C#N)nc3cc(ccc13)N(C)C(=O)C4CCCCC4,7.85
59,CHEMBL209163,COc1cc(C)c(Sc2cnc(NC(=O)c3ccc[nH]3)s2)cc1C(=O)N4CCN(CC4)C(=O)C,7.85
60,CHEMBL3355727,Cn1cnc(Nc2cc(cc(N[C@@H]3CC[C@@H](O)CC3)n2)S(=O)(=O)c4ccccc4)c1,7.85
61,sunitinib,CCN(CC)CCNC(=O)c1c(C)[nH]c(\C=C\2/C(=O)Nc3ccc(F)cc23)c1C,7.89
62,CHEMBL519927,CN(C(=O)c1ccccc1)c2ccc3N(CCC(=O)N)\C(=N\C(=O)c4ccc(s4)c5cnccn5)\Nc3c2,7.89
63,CHEMBL454220,COc1cccc(\C=C\c2ccc(s2)C(=O)\N=C\3/Nc4cc(ccc4N3CCC(=O)N)N(C)C(=O)c5ccccc5)c1,7.89
64,CHEMBL522328,C[C@H](NCc1ccc2N(CC(C)(C)O)\C(=N\C(=O)c3ccc(s3)c4cn[nH]c4)\Nc2c1)C(C)(C)C,7.89
65,CHEMBL2441272,O[C@@H]1CC[C@H](CC1)Nc2nc(Cc3ccccc3)cc(Nc4nc5ccc(cc5s4)C(F)(F)F)n2,7.9
66,CHEMBL484766,CN(C(=O)c1ccc(Cl)cc1)c2ccc3c(c2)nc(NC(=O)c4ccc(cc4)C#N)n3CCC(=O)N,7.92
67,CHEMBL487571,CN(C(=O)c1ccccc1)c2ccc3N(CCC(=O)N)\C(=N\C(=O)c4ccc(\C=C\n5ccnc5)s4)\Nc3c2,7.92
68,CHEMBL211355,CN(C)c1ccc(cc1)C(=O)Nc2ncc(Sc3cc(C(=O)N4CCN(CC4)C(=O)C)c(O)cc3C)s2,7.92
69,CHEMBL484940,COc1ccc(cc1)C(=O)Nc2nc3cc(ccc3n2CCC(=O)N)N(C)C(=O)C4CCCCC4,7.92
70,CHEMBL2017554,CCC(O)(CC)c1cc(OCCN2CCOCC2)c3cc([nH]c3c1)c4n[nH]c5ccsc45,7.96
71,CHEMBL3263044,CC[C@@H](c1ccccc1)n2cc(NC(=O)c3n[nH]c4ccccc34)cn2,7.96
72,CHEMBL519239,CN(C(=O)c1ccccc1)c2ccc3N(CCC(=O)N)\C(=N\C(=O)c4ccc(\C=C\c5ccccc5)s4)\Nc3c2,7.96
73,CHEMBL481559,CN(C(=O)c1ccccc1)c2ccc3N(CCC(=O)N)\C(=N\C(=O)c4ccc(s4)c5nccs5)\Nc3c2,7.96
74,CHEMBL1765779,CNc1cncc(n1)C2=CNC(=O)C(=C2)NC(=O)c3ccc(cc3)N4CCCCC4,7.96
75,CHEMBL492758,Cc1oc(cn1)c2ccc(s2)C(=O)\N=C\3/Nc4cc(CNc5ccccc5)ccc4N3CC(C)(C)O,7.96
76,CHEMBL2179806,CC(C)(C)c1ccc(CNC(=O)c2cccc(c2)c3nn([C@@H]4CCCN(C4)C(=O)C=C)c5ncnc(N)c35)cc1,8.0
77,CHEMBL2179790,CC(C)(C)c1cccc(NC(=O)c2cccc(c2)c3nn(C4CCCN(C4)C(=O)C=C)c5ncnc(N)c35)c1,8.0
78,CHEMBL2179781,CC(C)c1ccc(NC(=O)c2cccc(c2)c3nn([C@@H]4CCCN(C4)C(=O)C#C)c5ncnc(N)c35)cc1,8.0
79,CHEMBL2179804,CC(C)c1ccc(NC(=O)c2cccc(c2)c3nn([C@@H]4CCCN(C4)C(=O)C=C)c5ncnc(N)c35)cc1,8.0
80,CHEMBL485233,CN(C(=O)C1CCCCC1)c2ccc3c(c2)nc(NC(=O)c4occc4)n3CCC(=O)N,8.0
81,CHEMBL485565,CN(C(=O)C1CCCCC1)c2ccc3c(c2)nc(NC(=O)c4oncc4)n3CCC(=O)N,8.0
82,CHEMBL484945,CN(C(=O)c1ccc(C)cc1)c2ccc3c(c2)nc(NC(=O)c4ccc(cc4)C#N)n3CCC(=O)N,8.0
83,CHEMBL521113,CN(C(=O)c1ccccc1)c2ccc3N(CCC(=O)N)\C(=N\C(=O)c4ccc(s4)c5ccc(nc5)C#N)\Nc3c2,8.0
84,CHEMBL520432,CN(C(=O)c1ccccc1)c2ccc3N(CCC(=O)N)\C(=N\C(=O)c4ccc(s4)c5csc(N)n5)\Nc3c2,8.0
85,CHEMBL460389,CN(C(=O)c1ccccc1)c2ccc3c(c2)nc(NC(=O)c4cocc4)n3CCC(=O)N,8.0
86,CHEMBL458796,CN(C(=O)c1ccccc1)c2ccc3c(c2)nc(NC(=O)c4oncc4)n3CCC(=O)N,8.0
87,CHEMBL1684542,CN1CCC(CC1)Nc2ccc3[nH]nc(c4cc5ccc(C)cc5[nH]4)c3c2,8.0
88,CHEMBL487786,COC(=O)\C=C\c1ccc(s1)C(=O)\N=C\2/Nc3cc(ccc3N2CCC(=O)N)N(C)C(=O)c4ccccc4,8.0
89,CHEMBL520312,COc1cccc(c1)C(=O)Nc2nc3cc(ccc3n2CCC(=O)N)N(C)C(=O)C4CCCCC4,8.0
90,CHEMBL3262783,O=C(Nc1cnn(Cc2cccc(c2)C#N)c1)c3n[nH]c4cc(ccc34)c5cccnc5,8.0
91,CHEMBL3298291,O=C(Nc1cnn(Cc2ccccc2)c1)c3n[nH]c4CC5(CCc34)CC5,8.0
92,CHEMBL3298286,O=C(Nc1cnn(Cc2cccc(c2)C#N)c1)c3n[nH]c4CCC(Cc34)c5cn[nH]c5,8.03
93,CHEMBL483397,CN(C(=O)C1CCCCC1)c2ccc3c(c2)nc(NC(=O)c4cccc(Br)c4)n3CCC(=O)N,8.05
94,CHEMBL280766,CN(C(=O)c1ccccc1)c2ccc3N(CCC(=O)N)\C(=N\C(=O)c4ccc(\C=C\c5ccc(O)cc5)s4)\Nc3c2,8.05
95,CHEMBL499247,CN(C(=O)c1ccccc1)c2ccc3N(CCC(=O)N)\C(=N\C(=O)c4ccc(\C=C\c5cccc(N)c5)s4)\Nc3c2,8.05
96,CHEMBL485936,CN(C(=O)c1ccccc1)c2ccc3N(CCC(=O)N)\C(=N\C(=O)c4ccc(\C=C\c5cn[nH]c5)s4)\Nc3c2,8.05
97,CHEMBL483763,CNC(=O)CCn1c(NC(=O)c2ccc(cc2)C#N)nc3cc(ccc13)N(C)C(=O)C4CCCCC4,8.05
98,CHEMBL211842,COc1cc(C)c(Sc2cnc(NC(=O)C3CC3)s2)cc1C(=O)N4CCN(CC4)C(=O)C,8.05
99,CHEMBL2017557,CCC(O)(CC)c1ccc2cc([nH]c2c1)c3n[nH]c4cc(sc34)c5ccccc5,8.07
100,CHEMBL3086534,CN(C)Cc1ccc(cc1)[C@H]2C[C@@H]2C(=O)Nc3nc4ccc(cc4s3)c5cccnc5,8.08
101,CHEMBL3298293,CC1(CO)CCc2c(C1)[nH]nc2C(=O)Nc3cnn(Cc4ccccc4)c3,8.1
102,CHEMBL519033,CN(C(=O)C1CCC(F)(F)CC1)c2ccc3c(c2)nc(NC(=O)c4ccc(cc4)C#N)n3CCC(=O)N,8.1
103,CHEMBL516958,CN(C(=O)C1CCC1)c2ccc3c(c2)nc(NC(=O)c4ccc(cc4)C#N)n3CCC(=O)N,8.1
104,CHEMBL488596,CN(C(=O)c1ccccc1)c2ccc3N(CCC(=O)N)\C(=N\C(=O)c4ccc(\C=C\c5cnccn5)s4)\Nc3c2,8.1
105,CHEMBL481738,CN(C(=O)c1ccccc1)c2ccc3N(CCC(=O)N)\C(=N\C(=O)c4ccc(s4)c5ccnc(c5)C#N)\Nc3c2,8.1
106,CHEMBL482367,CN(C(=O)c1ccccc1)c2ccc3N(CCC(=O)N)\C(=N\C(=O)c4ccc(s4)c5occn5)\Nc3c2,8.1
107,CHEMBL493318,CN(Cc1ccc2N(CC(C)(C)O)\C(=N\C(=O)c3ccc(s3)c4cn[nH]c4)\Nc2c1)c5ccccc5,8.1
108,CHEMBL493106,CN(Cc1ccc2N(CC(C)(C)O)\C(=N\C(=O)c3ccc(s3)c4oc(C)nc4)\Nc2c1)C5CCCCC5,8.1
109,CHEMBL522711,C[C@H](N(C)Cc1ccc2N(CC(C)(C)O)\C(=N\C(=O)c3ccc(s3)c4cn[nH]c4)\Nc2c1)C(C)(C)C,8.1
110,CHEMBL493107,Cc1oc(cn1)c2ccc(s2)C(=O)\N=C\3/Nc4cc(CNC5CCCCC5)ccc4N3CC(C)(C)O,8.1
111,CHEMBL3355729,O[C@@H]1CC[C@H](CC1)Nc2cc(cc(Nc3nc4ccccc4s3)n2)S(=O)(=O)c5ccccc5,8.1
112,CHEMBL3263037,O=C(Nc1cnn(Cc2cccc(c2)C#N)c1)c3n[nH]c4cc(ccc34)c5cc[nH]n5,8.11
113,CHEMBL379478,CC(=O)N1CCN(CC1)C(=O)c2cc(Sc3cnc(Nc4cc(C)cc(C)n4)s3)ccc2O,8.16
114,CHEMBL210248,CC(=O)N1CCN(CC1)C(=O)c2cc(Sc3cnc(Nc4cccc(Br)n4)s3)ccc2O,8.16
115,CHEMBL2017555,CCC(O)(CC)c1ccc2c(c3ccc(OC)cc3)c([nH]c2c1)c4n[nH]c5ccsc45,8.16
116,CHEMBL458787,CCN(C(=O)C1CCCCC1)c2ccc3c(c2)nc(NC(=O)c4ccc(cc4)C#N)n3CCC(=O)N,8.16
117,CHEMBL462301,CCN(C(=O)c1ccccc1)c2ccc3c(c2)nc(NC(=O)c4ccc(cc4)C#N)n3CCC(=O)N,8.16
118,CHEMBL487785,CN(C(=O)c1ccccc1)c2ccc3N(CCC(=O)N)\C(=N\C(=O)c4ccc(C=C)s4)\Nc3c2,8.16
119,CHEMBL501661,CN(C(=O)c1ccccc1)c2ccc3N(CCC(=O)N)\C(=N\C(=O)c4ccc(\C=C\c5cccc(N)n5)s4)\Nc3c2,8.16
120,CHEMBL209881,CNCc1ccc([nH]1)C(=O)Nc2ncc(Sc3cc(C(=O)N4CCOCC4)c(OC)cc3C)s2,8.16
121,CHEMBL1765774,CNc1cc(ccn1)C2=CNC(=O)C(=C2)NC(=O)c3ccc(cc3)N4CCCCC4,8.16
122,CHEMBL1765781,CNc1cncc(n1)C2=CNC(=O)C(=C2)NC(=O)c3ccc(cc3)N4CCC[C@H]4CN5CCCC5,8.16
123,CHEMBL485626,COc1ccc(cc1)C(=O)N(C)c2ccc3c(c2)nc(NC(=O)c4ccc(cc4)C#N)n3CCC(=O)N,8.16
124,CHEMBL3086328,COc1ccc(cc1)[C@H]2C[C@@H]2C(=O)Nc3nc4ccc(cc4s3)C5=CC(=O)NC=C5,8.18
125,CHEMBL3263051,OC[C@H](c1ccccc1)n2cc(NC(=O)c3n[nH]c4cc(ccc34)c5cn[nH]c5)cn2,8.18
126,CHEMBL3086329,COc1ccc(cc1)C2CC2C(=O)Nc3nc4ccc(cc4s3)c5cn[nH]c5,8.19
127,CHEMBL2441279,CS(=O)(=O)N1CCOC(CNc2nc(Cc3ccccc3)cc(Nc4cc([nH]n4)c5occc5)n2)C1,8.2
128,CHEMBL2441281,O[C@@H]1CC[C@H](CC1)Nc2nc(Nc3cc4ccccc4cn3)cc(n2)C(F)(F)c5ccc(F)cc5,8.2
129,CHEMBL3298374,CC1(C)CCc2c(C1)[nH]nc2C(=O)Nc3cnn(c3)[C@@H](CCS(=O)(=O)C)c4ccccc4,8.21
130,CHEMBL519347,CN(C(=O)C1CCCCC1)c2ccc3c(c2)nc(NC(=O)c4ccc(cc4)C#N)n3CCc5ccccc5,8.22
131,CHEMBL500349,CN(C(=O)c1ccccc1)c2ccc3N(CCC(=O)N)\C(=N\C(=O)c4ccc(\C=C\c5ccc(N)cc5)s4)\Nc3c2,8.22
132,CHEMBL507769,CN(C(=O)c1ccccc1)c2ccc3N(CCC(=O)N)\C(=N\C(=O)c4ccc(\C=C\c5ccccc5N)s4)\Nc3c2,8.22
133,CHEMBL486951,CN(C(=O)c1ccccc1)c2ccc3N(CCC(=O)N)\C(=N\C(=O)c4ccc(\C=C\c5ccccn5)s4)\Nc3c2,8.22
134,CHEMBL480754,CN(C(=O)c1ccccc1)c2ccc3N(CCC(=O)N)\C(=N\C(=O)c4ccc(s4)c5oc(C)nc5)\Nc3c2,8.22
135,CHEMBL487357,COCCCn1c(NC(=O)c2cccnc2)nc3cc(CN(C)C4CCCCC4)ccc13,8.22
136,CHEMBL208846,COc1cc(C)c(Sc2cnc(Nc3cc(C)cc(C)n3)s2)cc1C(=O)N4CCN(CC4)C(=O)C,8.22
137,CHEMBL3298288,CC1(C)CCc2c(C1)[nH]nc2C(=O)Nc3cnn(Cc4ccccc4)c3,8.28
138,CHEMBL3086327,COc1ccc(cc1)[C@H]2C[C@@H]2C(=O)Nc3nc4ccc(cc4s3)c5cncc(CO)c5,8.28
139,CHEMBL3355731,COc1cccc(c1)c2cc(Nc3cc(cc(N[C@@H]4CC[C@@H](O)CC4)n3)S(=O)(=O)c5ccccc5)n[nH]2,8.28
140,CHEMBL491076,CN(C(=O)C1CCCCC1)c2ccc3c(c2)nc(NC(=O)c4ccc(cc4)C#N)n3CCC(=O)N5CCNCC5,8.3
141,CHEMBL523633,CN(C(=O)C1CCCCC1)c2ccc3c(c2)nc(NC(=O)c4ccc(cc4)C#N)n3CCCN5CCN(C)CC5,8.3
142,CHEMBL485232,CN(C(=O)C1CCCCC1)c2ccc3c(c2)nc(NC(=O)c4cccnc4)n3CCC(=O)N,8.3
143,CHEMBL519250,CN(C(=O)c1ccccc1)c2ccc3N(CCC(=O)N)\C(=N\C(=O)c4ccc(\C=C\C#N)s4)\Nc3c2,8.3
144,CHEMBL485922,CN(C(=O)c1ccccc1)c2ccc3N(CCC(=O)N)\C(=N\C(=O)c4ccc(\C=C\c5cccnc5)s4)\Nc3c2,8.3
145,CHEMBL500517,CN(C(=O)c1ccccc1)c2ccc3N(CCC(=O)N)\C(=N\C(=O)c4ccc(\C=C\c5ncc(N)cn5)s4)\Nc3c2,8.3
146,CHEMBL475593,CN(C(=O)c1ccccc1)c2ccc3N(CCC(=O)N)\C(=N\C(=O)c4ccc(s4)c5ccc(F)nc5)\Nc3c2,8.3
147,CHEMBL481378,CN(C(=O)c1ccccc1)c2ccc3N(CCC(=O)N)\C(=N\C(=O)c4ccc(s4)c5cccnc5)\Nc3c2,8.3
148,CHEMBL3397909,C[C@H](NCc1cc(N[C@H]2CCN(C2)C(=O)C=C)nc(Nc3nc4cccnc4s3)c1)C(C)(C)C,8.3
149,CHEMBL499219,CC(C)(O)CN1\C(=N\C(=O)c2ccc(s2)c3cn[nH]c3)\Nc4cc(CN)ccc14,8.4
150,CHEMBL483403,CN(C(=O)C1CCCCC1)c2ccc3c(c2)nc(NC(=O)c4ccc(Cl)cc4)n3CCC(=O)N,8.4
151,CHEMBL485556,CN(C(=O)C1CCCCC1)c2ccc3c(c2)nc(NC(=O)c4ccc(cc4)C#N)n3CCC(=O)N,8.4
152,CHEMBL485031,CN(C(=O)C1CCCCC1)c2ccc3c(c2)nc(NC(=O)c4ccc(cc4)C#N)n3CCCn5ccnc5,8.4
153,CHEMBL485555,CN(C(=O)C1CCCCC1)c2ccc3c(c2)nc(NC(=O)c4cccc(c4)C#N)n3CCC(=O)N,8.4
154,CHEMBL485030,CN(C(=O)c1cccnc1)c2ccc3c(c2)nc(NC(=O)c4ccc(cc4)C#N)n3CCC(=O)N,8.4
155,CHEMBL2441112,COc1ccc2nc(Nc3cc(Cc4ccccc4)nc(N[C@@H]5CC[C@@H](O)CC5)n3)sc2c1,8.4
156,CHEMBL3426309,C[C@@]12Cc3[nH]nc(C(=O)Nc4cnn(c4)[C@@H]([C@H]5CCCCS5(=O)=O)c6ccccc6)c3C[C@@H]1C2(F)F,8.4
157,CHEMBL3355726,Cc1cc(Nc2cc(cc(N[C@@H]3CC[C@@H](O)CC3)n2)S(=O)(=O)c4ccccc4)n[nH]1,8.4
158,CHEMBL2441269,O[C@@H]1CC[C@H](CC1)Nc2nc(Cc3ccccc3)cc(Nc4nc5ccccc5s4)n2,8.4
159,CHEMBL3263038,O=C(Nc1ccn(Cc2ccccc2)n1)c3n[nH]c4ccccc34,8.47
160,CHEMBL485591,CC(C(=O)C1CCCCC1)c2ccc3c(c2)nc(CC(=O)c4ccc(cc4)C#N)n3CCC(=O)N,8.52
161,CHEMBL493007,CC(C)(O)CN1\C(=N\C(=O)c2ccc(s2)c3cn[nH]c3)\Nc4cc(CN5CCCCC5)ccc14,8.52
162,CHEMBL493008,CC(C)(O)CN1\C(=N\C(=O)c2ccc(s2)c3cn[nH]c3)\Nc4cc(CN5CCCCC5CO)ccc14,8.52
163,CHEMBL3298369,CC12CC1Cc3c(C2)[nH]nc3C(=O)Nc4cnn(Cc5ccccc5)c4,8.52
164,CHEMBL485607,CN(C(=O)C1CCCCC1)c2ccc3c(c2)nc(NC(=O)c4ccc(Br)cc4)n3CCC(=O)N,8.52
165,CHEMBL492931,CN(C(=O)c1ccccc1)c2ccc3N(CC(C)(C)O)\C(=N\C(=O)c4ccc(s4)c5oc(C)nc5)\Nc3c2,8.52
166,CHEMBL520110,CN(C(=O)c1ccccc1)c2ccc3N(CCC(=O)N)\C(=N\C(=O)c4ccc(s4)c5ccnc(F)c5)\Nc3c2,8.52
167,CHEMBL485202,CN(C(=O)c1ccccc1)c2ccc3c(c2)nc(NC(=O)c4ccccc4)n3CCC(=O)N,8.52
168,CHEMBL494136,CN(C)Cc1ccc2N(CC(C)(C)O)\C(=N\C(=O)c3ccc(s3)c4cn[nH]c4)\Nc2c1,8.52
169,CHEMBL528989,COCCCn1c(NC(=O)c2oncc2)nc3cc(CNc4ccccc4)ccc13,8.52
170,CHEMBL3426302,CC1(C)CCc2c(C1)[nH]nc2C(=O)Nc3cnn(c3)[C@@H](C4CCCS(=O)(=O)C4)c5ccccc5,8.59
171,CHEMBL3086533,COc1ccc(cc1)[C@H]2C[C@@H]2C(=O)Nc3nc4ccc(cc4s3)c5cn[nH]c5,8.6
172,CHEMBL2017553,CCC(O)(CC)c1ccc2cc([nH]c2c1)c3n[nH]c4ccsc34,8.62
173,CHEMBL3355730,O[C@@H]1CC[C@H](CC1)Nc2cc(cc(Nc3cc([nH]n3)c4ccccc4)n2)S(=O)(=O)c5ccccc5,8.64
174,CHEMBL494743,CC(C)(O)CN1\C(=N\C(=O)c2ccc(s2)c3cn[nH]c3)\Nc4cc(CN5CCC(O)C5)ccc14,8.7
175,CHEMBL494027,CC(C)(O)CN1\C(=N\C(=O)c2ccc(s2)c3cn[nH]c3)\Nc4cc(CN5CCOCC5)ccc14,8.7
176,CHEMBL493319,CC(C)(O)CN1\C(=N\C(=O)c2ccc(s2)c3cn[nH]c3)\Nc4cc(CNc5ccccc5)ccc14,8.7
177,CHEMBL2179805,CC(C)c1ccc(NC(=O)c2cccc(c2)c3nn([C@@H]4CCCN(C4)C(=O)C=C)c5ncnc(N)c35)cc1C,8.7
178,CHEMBL495026,CCC(C)NCc1ccc2N(CC(C)(C)O)\C(=N\C(=O)c3ccc(s3)c4cn[nH]c4)\Nc2c1,8.7
179,CHEMBL483581,CN(C(=O)c1ccc(F)cc1)c2ccc3c(c2)nc(NC(=O)c4ccc(cc4)C#N)n3CCC(=O)N,8.7
180,CHEMBL519960,CN(C(=O)c1ccccc1)c2ccc3N(CCC(=O)N)\C(=N\C(=O)c4ccc(s4)c5ccncc5)\Nc3c2,8.7
181,CHEMBL481720,CN(C(=O)c1ccccc1)c2ccc3N(CCC(=O)N)\C(=N\C(=O)c4ccc(s4)c5cn[nH]c5)\Nc3c2,8.7
182,CHEMBL481900,CN(C(=O)c1ccccc1)c2ccc3N(CCC(=O)N)\C(=N\C(=O)c4ccc(s4)c5cncc(c5)C#N)\Nc3c2,8.7
183,CHEMBL481884,CN(C(=O)c1ccccc1)c2ccc3N(CCC(=O)N)\C(=N\C(=O)c4ccc(s4)c5ocnc5)\Nc3c2,8.7
184,CHEMBL492990,CN(C)CCN(C)Cc1ccc2N(CC(C)(C)O)\C(=N\C(=O)c3ccc(s3)c4cn[nH]c4)\Nc2c1,8.7
185,CHEMBL522849,CN(Cc1ccc2N(CC(C)(C)O)\C(=N\C(=O)c3ccc(s3)c4cn[nH]c4)\Nc2c1)C5CCCCC5,8.7
186,CHEMBL494135,CNCc1ccc2N(CC(C)(C)O)\C(=N\C(=O)c3ccc(s3)c4cn[nH]c4)\Nc2c1,8.7
187,CHEMBL2441267,Cc1cnc(Nc2cc(Cc3ccccc3)nc(N[C@@H]4CC[C@@H](O)CC4)n2)s1,8.7
188,CHEMBL2017552,CC(C)(O)c1ccc2cc([nH]c2c1)c3n[nH]c4ccsc34,8.72
189,CHEMBL3086537,CN(C)Cc1cccc(c1)[C@H]2C[C@@H]2C(=O)Nc3nc4ccc(cc4s3)c5cn[nH]c5,8.72
190,CHEMBL3355733,O[C@@H]1CC[C@H](CC1)Nc2cc(cc(Nc3cc([nH]n3)c4ccc(F)cc4)n2)S(=O)(=O)c5ccccc5,8.75
191,CHEMBL3263039,O=C(Nc1cnc(Cc2ccccc2)s1)c3n[nH]c4ccccc34,8.77
192,CHEMBL2441277,CCc1ccc2nc(Nc3cc(Cc4ccccc4)nc(N[C@@H]5CC[C@@H](O)CC5)n3)sc2n1,8.8
193,CHEMBL3355736,O[C@@H]1CC[C@H](CC1)Nc2cc(cc(Nc3cc([nH]n3)C4CCC4)n2)S(=O)(=O)c5ccccc5,8.8
194,CHEMBL3263035,Nc1ccc(cn1)c2ccc3c(n[nH]c3c2)C(=O)Nc4cnn(Cc5cccc(c5)C#N)c4,8.85
195,CHEMBL3298376,CN(C)CC[C@@H](c1cccc(Cl)c1)n2cc(NC(=O)c3n[nH]c4CC(C)(C)CCc34)cn2,8.92
196,CHEMBL3355732,COc1ccc(cc1)c2cc(Nc3cc(cc(N[C@@H]4CC[C@@H](O)CC4)n3)S(=O)(=O)c5ccccc5)n[nH]2,8.92
197,CHEMBL3263036,O=C(Nc1cnn(Cc2cccc(c2)C#N)c1)c3n[nH]c4cc(ccc34)c5cn[nH]c5,8.96
198,CHEMBL493928,CC(C)(O)CN1\C(=N\C(=O)c2ccc(s2)c3cn[nH]c3)\Nc4cc(CNC5CCCCC5)ccc14,9.0
199,CHEMBL493537,CC(C)(O)CN1\C(=N\C(=O)c2ccc(s2)c3cn[nH]c3)\Nc4cc(CNCc5ccccc5)ccc14,9.0
200,CHEMBL522871,CC(C)CNCc1ccc2N(CC(C)(C)O)\C(=N\C(=O)c3ccc(s3)c4cn[nH]c4)\Nc2c1,9.0
201,CHEMBL522682,CC1COCC(C)N1Cc2ccc3N(CC(C)(C)O)\C(=N\C(=O)c4ccc(s4)c5cn[nH]c5)\Nc3c2,9.0
202,CHEMBL3263049,CC[C@@H](c1ccccc1)n2cc(NC(=O)c3n[nH]c4cc(ccc34)c5cn[nH]c5)cn2,9.0
203,CHEMBL521695,CN(Cc1cccnc1)Cc2ccc3N(CC(C)(C)O)\C(=N\C(=O)c4ccc(s4)c5cn[nH]c5)\Nc3c2,9.0
204,CHEMBL3263052,CN(C)CC[C@H](c1ccccc1)n2cc(NC(=O)c3n[nH]c4cc(ccc34)c5cn[nH]c5)cn2,9.03
205,CHEMBL3263054,CC(C)(O)[C@H](c1ccccc1)n2cc(NC(=O)c3n[nH]c4cc(ccc34)c5cn[nH]c5)cn2,9.1
206,CHEMBL3298370,CN(C)C[C@@H](c1ccccc1)n2cc(NC(=O)c3n[nH]c4CC(C)(C)CCc34)cn2,9.1
207,CHEMBL3298375,CN(C)CC[C@@H](c1cccc(C)c1)n2cc(NC(=O)c3n[nH]c4CC(C)(C)CCc34)cn2,9.16
208,CHEMBL3298371,CN(C)CC[C@@H](c1ccccc1)n2cc(NC(=O)c3n[nH]c4CC(C)(C)CCc34)cn2,9.16
209,CHEMBL3086536,CN(C)Cc1ccc(cc1)[C@H]2C[C@@H]2C(=O)Nc3nc4ccc(cc4s3)c5cn[nH]c5,9.16
210,CHEMBL2441273,CCc1ccc2nc(Nc3cc(Cc4ccccc4)nc(N[C@@H]5CC[C@@H](O)CC5)n3)sc2c1,9.2
211,CHEMBL3086535,CN(C)Cc1ccc(cc1)C2CC2C(=O)Nc3nc4ccc(cc4s3)c5cn[nH]c5,9.22
212,CHEMBL3263050,OC[C@@H](c1ccccc1)n2cc(NC(=O)c3n[nH]c4cc(ccc34)c5cn[nH]c5)cn2,9.25
213,CHEMBL3426306,CC1(C)CCc2c(C1)[nH]nc2C(=O)Nc3cnn(c3)[C@@H](CS(=O)(=O)C)c4ccccc4,9.3
214,CHEMBL3086538,CCN(CC)Cc1cc(ccc1OC)[C@H]2C[C@@H]2C(=O)Nc3nc4ccc(cc4s3)c5cn[nH]c5,9.3
215,CHEMBL2441270,Cc1ccc2nc(Nc3cc(Cc4ccccc4)nc(N[C@@H]5CC[C@@H](O)CC5)n3)sc2c1,9.4
216,CHEMBL3355738,O[C@@H]1CC[C@H](CC1)Nc2cc(cc(Nc3cc([nH]n3)C4CCCCC4)n2)S(=O)(=O)c5ccccc5,9.42
217,CHEMBL2441271,O[C@@H]1CC[C@H](CC1)Nc2nc(Cc3ccccc3)cc(Nc4nc5ccc(Cl)cc5s4)n2,9.5
218,CHEMBL3287196,CC1(C)CCc2c(C1)[nH]nc2C(=O)Nc3cnn(c3)C(C4CN(CCF)C4)c5ccccc5,9.52
219,CHEMBL3426304,CC1(C)CCc2c(C1)[nH]nc2C(=O)Nc3cnn(c3)[C@@H](C4CCS(=O)(=O)CC4)c5ccccc5,9.52
220,CHEMBL3426307,CC12Cc3[nH]nc(C(=O)Nc4cnn(Cc5ccccc5)c4)c3CC1C2(F)F,9.52
221,CHEMBL2017556,CCC(O)(CC)c1ccc2cc([nH]c2c1)c3n[nH]c4cc(sc34)C(F)F,9.52
222,CHEMBL3355728,Cc1cnc(Nc2cc(cc(N[C@@H]3CC[C@@H](O)CC3)n2)S(=O)(=O)c4ccccc4)s1,9.57
223,CHEMBL2441274,O[C@@H]1CC[C@H](CC1)Nc2nc(Cc3ccccc3)cc(Nc4nc5ccc(cc5s4)C#N)n2,9.6
224,CHEMBL2441276,O[C@@H]1CC[C@H](CC1)Nc2nc(Cc3ccccc3)cc(Nc4nc5cccnc5s4)n2,9.6
225,CHEMBL3263055,CC(C)(O)[C@@H](c1ccccc1)n2cc(NC(=O)c3n[nH]c4cc(ccc34)c5cn[nH]c5)cn2,9.64
226,CHEMBL3298373,CC1(C)CCc2c(C1)[nH]nc2C(=O)Nc3cnn(c3)[C@@H](C4CCNCC4)c5ccccc5,9.7
227,CHEMBL2441275,COc1ccc2nc(Nc3cc(Cc4ccccc4)nc(N[C@@H]5CC[C@@H](O)CC5)n3)sc2n1,9.7
228,CHEMBL3426308,C[C@]12C[C@H]1Cc3c(C2)[nH]nc3C(=O)Nc4cnn(c4)[C@@H](C5CCS(=O)(=O)CC5)c6ccccc6,9.7
229,CHEMBL3355737,O[C@@H]1CC[C@H](CC1)Nc2cc(cc(Nc3cc([nH]n3)C4CCCC4)n2)S(=O)(=O)c5ccccc5,9.77
