,molecule_chembl_id,canonical_smiles,pchembl_value
0,CHEMBL2063927,CSc1ccccc1Nc2nc(nc3c(NCC4CC4)ncnc23)N5CCC(CC5)N6CCNCC6,7.55
1,CHEMBL2017250,CSc1ccccc1Nc2nc(nc3c(NCC4CC4)ncnc23)N5CCC[C@H](N)C5,7.64
2,CHEMBL1809168,CSc1nn(c2ccc(F)cc2)c3cc(ccc13)C4=CCNCC4,7.64
3,CHEMBL2017249,CSc1ccccc1Nc2nc(nc3c(NCC4CC4)ncnc23)N5CCC[C@@H](N)C5,7.75
4,CHEMBL2017242,CSc1ccccc1Nc2nc(nc3c(NCC4CCC4)ncnc23)N5CCNCC5,7.75
5,CHEMBL2017246,CSc1ccccc1Nc2nc(nc3c(NCc4nccs4)ncnc23)N5CCNCC5,7.8
6,CHEMBL2063925,CSc1ccccc1Nc2nc(nc3c(NCC4CC4)ncnc23)N5CCC6(CCNCC6)CC5,7.82
7,CHEMBL2017214,CSc1ccccc1Nc2nc(nc3c(NCC4CC4)ncnc23)N5CCNCC5,7.92
8,CHEMBL2017251,CSc1ccccc1Nc2nc(nc3c(NCC4CC4)ncnc23)N5CCC(CN)CC5,8.0
9,CHEMBL2017247,CSc1ccccc1Nc2nc(nc3c(NCc4ccccn4)ncnc23)N5CCNCC5,8.01
10,CHEMBL2017253,CSc1ccccc1Nc2nc(nc3c(NCC4CC4)ncnc23)N5CC6(CNC6)C5,8.1
11,CHEMBL2017248,CSc1ccccc1Nc2nc(nc3c(N)ncnc23)N4CCNCC4,8.15
12,CHEMBL2017244,COCCNc1ncnc2c(Nc3ccccc3SC)nc(nc12)N4CCNCC4,8.16
13,CHEMBL2063924,CSc1ccccc1Nc2nc(nc3c(NCC4CC4)ncnc23)N5CCC6(CNC6)C5,8.7
