,molecule_chembl_id,canonical_smiles,pchembl_value
0,lenvatinib,COC1=CC2=C(C=C1C(N)=O)C(OC1=CC=C(NC(=O)NC3CC3)C(Cl)=C1)=CC=N2,7.0
1,cabozantinib,COC1=CC2=NC=CC(OC3=CC=C(NC(=O)C4(CC4)C(=O)NC4=CC=C(F)C=C4)C=C3)=C2C=C1OC,8.33724213
2,sunitinib,CCN(CC)CCNC(=O)c1c(C)[nH]c(\C=C\2/C(=O)Nc3ccc(F)cc23)c1C,9.68
3,pazopanib,CN(C1=CC2=NN(C)C(C)=C2C=C1)C1=NC(NC2=CC(=C(C)C=C2)S(N)(=O)=O)=NC=C1,8.74
4,sorafenib,CNC(=O)C1=CC(OC2=CC=C(NC(=O)NC3=CC=C(Cl)C(=C3)C(F)(F)F)C=C2)=CC=N1,7.8
5,dasatinib,CC1=NC(NC2=NC=C(S2)C(=O)NC2=C(C)C=CC=C2Cl)=CC(=N1)N1CCN(CCO)CC1,9.24
6,imatinib,CN1CCN(CC2=CC=C(C=C2)C(=O)NC2=CC=C(C)C(NC3=NC=CC(=N3)C3=CN=CC=C3)=C2)CC1,7.89
7,CHEMBL2336038,Cc1ccc(cc1C#Cc2cnc3ccnn3c2)C(=O)Nc4ccc(Cl)cc4,7.53
8,CHEMBL2403874,CC(C)(C)c1cc(NC(=O)Nc2cccc(Nc3ncnc4ccccc34)c2)n(n1)c5cccc(c5)[N+](=O)[O-],7.54
9,nintedanib,COC(=O)c1ccc2\C(=C(\Nc3ccc(cc3)N(C)C(=O)CN4CCN(C)CC4)/c5ccccc5)\C(=O)Nc2c1,7.54
10,CHEMBL3425865,COc1cc(cc(OC)c1OC)c2cnc3c(snc3c2)N4CCOCC4,7.54
11,CHEMBL124660,COc1cc2c(ncnc2cc1OCCCN3CCCCC3)N4CCN(CC4)C(=O)Nc5ccc(OC(C)C)cc5,7.54
12,CHEMBL3102946,COc1ccc(c(OC)c1)c2cnc3[nH]cc(c4ccc(OC)c(OC)c4)c3c2,7.54
13,CHEMBL3319394,COc1ccc(cc1OC)c2c[nH]c3ncc(cc23)c4cccc(c4)N(C)C,7.54
14,CHEMBL3319476,COc1cccc(c1)c2cnc3[nH]cc(c4ccc(OC)c(OC)c4)c3c2,7.54
15,nilotinib,CC1=CN(C=N1)C1=CC(=CC(NC(=O)C2=CC(NC3=NC=CC(=N3)C3=CN=CC=C3)=C(C)C=C2)=C1)C(F)(F)F,7.54
16,CHEMBL372174,Cc1sc2ncnc(N)c2c1c3ccc(NC(=O)Nc4ccc(Cl)cc4)cc3,7.54
17,CHEMBL1614710,FC(F)(F)Oc1ccc(NC(=O)c2sccc2NCc3ccnc4ccccc34)cc1,7.54
18,CHEMBL504805,CC1=C(C(=O)N(C=C1)c2cccc(c2)C(F)(F)F)c3ccc4nc(N)ncc4c3,7.55
19,CHEMBL521788,CCCCc1ccc(Nc2noc3c(C(=O)Nc4cncnc4)c(Cl)ccc23)cc1,7.55
20,CHEMBL366241,CCc1sc2ncnc(N)c2c1c3ccc(NC(=O)Nc4cccc(C)c4)cc3,7.55
21,CHEMBL215948,CN(Cc1ccc(s1)c2[nH]nc3c2Cc4ccc(CN5CCN(C)CC5)cc34)C(=O)Nc6ccc(Cl)c(Cl)c6,7.55
22,CHEMBL256893,CN1CCN(Cc2ccc(Nc3ncc4C(=O)C(=CN(c5ccc6CCCc6c5)c4n3)C(=O)N)cc2)CC1,7.55
23,CHEMBL370545,COc1cc(ccc1NC(=O)Nc2cccc(C)c2)c3csc4ncnc(N)c34,7.55
24,CHEMBL219998,COc1ccc(c2ccc(NC(=O)Nc3cccc(C)c3)cc2)c4c(N)n[nH]c14,7.55
25,CHEMBL496916,COc1cccc(c1)N2C=CC(=C(C2=O)c3ccc4nc(N)ncc4c3)C,7.55
26,CHEMBL410731,Nc1ncnc2NCCC(=Nc12)c3ccc(NC(=O)Nc4cccc(c4F)C(F)(F)F)cc3,7.55
27,CHEMBL214258,Nc1ncnc2snc(c3ccc(NC(=O)Nc4cc(ccc4F)C(F)(F)F)cc3)c12,7.55
28,CHEMBL3644449,COc1ccc(cc1)c2n[nH]c3c2Cc4sc(cc34)c5ccc(N)nc5,7.56
29,CHEMBL1980297,Nc1ncc(c2cnn(CCO)c2)c3scc(c4ccc(NC(=O)Nc5cccc(F)c5)cc4)c13,7.56
30,CHEMBL1765770,CC(C)(C)c1ccc(cc1)C(=O)NC2=CC(=CNC2=O)c3ccncc3,7.57
31,CHEMBL2096839,CN1CCN(Cc2ccc3Cc4c(n[nH]c4c3c2)c5ccc(CNC(=O)Nc6ccc(C)cc6)s5)CC1,7.57
32,CHEMBL209919,CN1CCN(Cc2ccc3c(Cc4c(n[nH]c34)c5ccc(CNC(=O)Nc6cc(C)cc(C)c6)s5)c2)CC1,7.57
33,CHEMBL3646210,C[C@H](O)Cn1cc(cn1)c2cnc(N)c3c(csc23)c4ccc(NC(=O)Nc5cccc(C)c5)cc4,7.57
34,CHEMBL425749,Cc1cccc(NC(=O)Nc2ccc(c(F)c2)c3csc4ncnc(N)c34)c1,7.57
35,CHEMBL196747,Cc1sc2ncnc(N)c2c1c3ccc(NC(=O)Nc4cccc(F)c4)cc3,7.57
36,CHEMBL248258,NC(=S)c1cc(CNc2ccccc2C(=O)Nc3ccc4OC(F)(F)Oc4c3)ccn1,7.57
37,CHEMBL269886,Nc1noc2cccc(c3ccc(NC(=O)Nc4ccc(cc4)C(F)(F)F)cc3)c12,7.57
38,CHEMBL3319474,COc1cc(N)cc(c1)c2cnc3[nH]cc(c4ccc(OC)c(OC)c4)c3c2,7.58
39,CHEMBL3690075,CCN1CCN(CC1)C2CCc3cc(ccc23)C(=O)Nc4ccc(C)c(Nc5nccc(n5)c6cccnc6)c4,7.59
40,CHEMBL522892,CN1CCN(CC1)c2ccc3nc([nH]c3c2)C4=C(N)c5c(F)cccc5NC4=O,7.59
41,CHEMBL390156,CN1CCN(Cc2ccc3c(Cc4c(n[nH]c34)c5csc(c5)C#CCOc6ccccc6)c2)CC1,7.59
42,CHEMBL509032,COc1cc(ccc1Nc2ncc(Cl)c(Nc3ccccc3S(=O)(=O)C(C)C)n2)N4CCC(CC4)N5CCN(C)CC5,7.59
43,CHEMBL3319470,COc1ccc(cc1N)c2cnc3[nH]cc(c4ccc(OC)c(OC)c4)c3c2,7.59
44,CHEMBL198297,Cc1cccc(NC(=O)Nc2ccc(cc2)c3c(CCCO)sc4ncnc(N)c34)c1,7.59
45,CHEMBL223790,Cc1cccc(NC(=O)Nc2ccc(cc2)c3ccc(OCCN4CCCC4)c5[nH]nc(N)c35)c1,7.59
46,CHEMBL2158225,OCCN1CCC(CC1)c2ccc(NC(=O)c3nc(c[nH]3)C#N)c(c2)C4=CCCCC4,7.59
47,CHEMBL3086317,CC(C)(OCCN1CCCC1)c2ccc(NC(=O)c3nc(c[nH]3)C#N)c(c2)C4=CCC(C)(C)CC4,7.6
48,CHEMBL248226,CCNC(=O)c1cc(CNc2ccccc2C(=O)Nc3ccc4OC(F)(F)Oc4c3)ccn1,7.6
49,CHEMBL378895,CN(Cc1ccc(s1)c2[nH]nc3c2Cc4cc(CN5CCN(C)CC5)ccc34)C(=O)Nc6cc(F)cc(c6)C(F)(F)F,7.6
50,CHEMBL247248,CNC(=O)c1cc(CNc2ncsc2C(=O)Nc3ccc4OC(F)(F)Oc4c3)ccn1,7.6
51,CHEMBL246423,CS(=O)(=O)Nc1cc(CNc2ccccc2C(=O)Nc3ccc4OC(F)(F)Oc4c3)ccn1,7.6
52,CHEMBL3644448,COc1ccc(cc1)c2n[nH]c3c2Cc4sc(cc34)c5cccnc5,7.61
53,CHEMBL3319469,COc1ccc(cc1OC)c2c[nH]c3ncc(cc23)c4ccc(C)c(N)c4,7.61
54,CHEMBL2403816,CC(C)(C)c1cc(NC(=O)Nc2ccc(Nc3ncnc4ccccc34)cc2)n(n1)c5cccc(N)c5,7.62
55,CHEMBL415047,CN1CCN(Cc2ccc3c(Cc4c(n[nH]c34)c5ccc(CNC(=O)Nc6ccc(C)cc6)s5)c2)CC1,7.62
56,CHEMBL272453,COc1ccc(NC(=O)Nc2ccc(cc2)c3cccc4onc(N)c34)cc1Cl,7.62
57,CHEMBL3690076,CC(C)N1CCN(CC1)C2CCc3cc(ccc23)C(=O)Nc4ccc(C)c(Nc5nccc(n5)c6cccnc6)c4,7.64
58,CHEMBL572881,CC1(C)CNc2cc(NC(=O)c3cccnc3NCc4ccncc4)ccc12,7.64
59,CHEMBL388978,CN[C@@H]1C[C@H]2O[C@@](C)([C@@H]1OC)n3c4ccccc4c5c6CNC(=O)c6c7c8ccccc8n2c7c35,7.64
60,CHEMBL271381,COc1ccc(c2ccc(NC(=O)Nc3cccc(Br)c3)cc2)c4c(N)noc14,7.64
61,CHEMBL2348996,Cc1cc(C(=O)Nc2cccc(Oc3ccc4nc(NC(=O)C5CC5)cn4n3)c2)n(C)n1,7.64
62,CHEMBL271170,Cc1ccc(F)c(NC(=O)Nc2ccc(cc2)c3cccc4onc(N)c34)c1,7.64
63,CHEMBL247792,FC1(F)Oc2ccc(NC(=O)c3ccccc3NCc4ccnc(NCCc5cnc[nH]5)c4)cc2O1,7.64
64,CHEMBL1835749,Nc1nc(Nc2ccc(cc2)C(=O)NCCN3CCOCC3)nn1c4ccccn4,7.64
65,CHEMBL1908397,O=C(N1CCNCC1)c2ccc(\C=C\c3n[nH]c4ccccc34)cc2,7.64
66,CHEMBL2158230,O=C(Nc1ccc(cc1C2=CCCCC2)C3CCN(CCN4CCOCC4)CC3)c5nc(c[nH]5)C#N,7.64
67,CHEMBL497754,CC1=C(C(=O)N(C=C1)c2ccc(Cl)c(F)c2)c3ccc4nc(N)ncc4c3,7.66
68,CHEMBL525893,CC1=C(C(=O)N(C=C1)c2ccc(cc2)c3occn3)c4ccc5nc(N)ncc5c4,7.66
69,CHEMBL510516,CCC(=O)Nc1ccc2ncnc(Nc3ccc(NC(=O)Nc4cc(nn4c5cccc(C)c5)C(C)(C)C)cc3)c2c1,7.66
70,CHEMBL2403818,CCC(=O)Nc1ccc2ncnc(Nc3ccc(NC(=O)Nc4cc(nn4c5cccc(N)c5)C(C)(C)C)cc3)c2c1,7.66
71,CHEMBL3690072,CN1CCN(CC1)C2CCc3cc(ccc23)C(=O)Nc4ccc(C)c(Nc5nccc(n5)c6cccnc6)c4,7.66
72,CHEMBL3644447,COc1ccc(cc1)c2cc3c(Cc4c(n[nH]c34)c5ccc(OC)cc5)s2,7.66
73,CHEMBL382517,Cc1sc2ncnc(N)c2c1c3ccc(NC(=O)Nc4cccc(Cl)c4)cc3,7.66
74,CHEMBL429516,Nc1ncnc2NCCC(=Nc12)c3ccc(NC(=O)Nc4ccc(F)c(c4)C(F)(F)F)cc3,7.66
75,CHEMBL2403817,CC(C)(C)c1cc(NC(=O)Nc2ccc(Nc3ncnc4ccc(N)cc34)cc2)n(n1)c5cccc(NC(=O)OCC6c7ccccc7c8ccccc68)c5,7.68
76,CHEMBL330863,COc1cc2c(ncnc2cc1OCCCN3CCC(C)CC3)N4CCN(CC4)C(=O)Nc5ccc(OC(C)C)cc5,7.68
77,CHEMBL2409779,Cc1cc(C(=O)Nc2cccc(Oc3ccc4nc(NC(=O)C5CC5)cn4c3)c2)n(C)n1,7.68
78,CHEMBL223360,Cc1ccc(F)c(NC(=O)Nc2ccc(cc2)c3cccc4[nH]nc(N)c34)c1,7.68
79,CHEMBL1835863,Nc1nc(Nc2ccc(cc2)C(=O)N3CCOCC3)nn1c4ccccn4,7.68
80,CHEMBL410504,Nc1noc2cccc(c3ccc(NC(=O)Nc4ccccc4F)cc3)c12,7.68
81,CHEMBL496505,CC(=O)c1ccc(cc1)N2C=CC(=C(C2=O)c3ccc4nc(N)ncc4c3)C,7.7
82,CHEMBL522905,CC1=C(C(=O)N(C=C1)c2ccc(Cl)cc2)c3ccc4nc(N)ncc4c3,7.7
83,CHEMBL1945803,CN(C)CCCc1cncc(Nc2ncc3CC(=S)Nc4cc(Cl)ccc4c3n2)c1,7.7
84,CHEMBL403776,CN1CCN(CCc2ccc(Nc3ncc4C(=O)C(=CN(c5ccc6CCCc6c5)c4n3)C(=O)N)cc2)CC1,7.7
85,CHEMBL492809,CONC(=O)C1=CN(c2ccc3CCCc3c2)c4nc(Nc5ccc(cc5)C6CCN(C)CC6)ncc4C1=O,7.7
86,CHEMBL558752,Cn1c(Nc2ccc(cc2)C(F)(F)F)nc3cc(Oc4ccnc(c4)c5ncc([nH]5)C(F)(F)F)ccc13,7.7
87,CHEMBL3632719,Cn1c(Nc2cccc(c2)C(C)(C)C)nc3cc(Oc4ccnc(c4)c5ncc([nH]5)C(F)(F)F)ccc13,7.7
88,CHEMBL3632717,Cn1c(Nc2cccc(c2)C(C)(C)C)nc3cc(Oc4ccnc(c4)c5ncc[nH]5)ccc13,7.7
89,CHEMBL491238,FC(F)(F)c1cccc(Nc2noc3c(C(=O)Nc4cnc(Cl)nc4)c(Cl)ccc23)c1,7.7
90,CHEMBL247424,FC1(F)Oc2ccc(NC(=O)c3ccccc3NCc4ccnc(NCCCn5ccnc5)c4)cc2O1,7.7
91,CHEMBL220049,Nc1n[nH]c2cccc(c3ccc(NC(=O)Nc4ccc(F)cc4)cc3)c12,7.7
92,CHEMBL212932,CN(Cc1ccc(s1)c2[nH]nc3c2Cc4ccc(CN5CCN(C)CC5)cc34)C(=O)Nc6ccc(OC(F)(F)F)cc6,7.72
93,CHEMBL247030,COCCCNC(=O)c1cc(CNc2ccccc2C(=O)Nc3ccc4OC(F)(F)Oc4c3)ccn1,7.72
94,CHEMBL371889,COc1cccc(NC(=O)Nc2ccc(cc2)c3c(C)sc4ncnc(N)c34)c1,7.72
95,CHEMBL371206,Cc1cc(C)cc(NC(=O)Nc2ccc(cc2)c3c(C)sc4ncnc(N)c34)c1,7.72
96,CHEMBL3608786,Cc1ccc(CNC(=O)Nc2cccc(F)c2)cc1NC(=O)c3cnc4ccccn34,7.72
97,CHEMBL391781,FC1(F)Oc2ccc(NC(=O)c3ccccc3NCc4ccncc4)cc2OC1(F)F,7.72
98,CHEMBL2336024,CN(C)c1cccc(NC(=O)c2ccc(C)c(c2)C#Cc3cnc4ccnn4c3)c1,7.73
99,CHEMBL497958,CC1=C(C(=O)N(C=C1)c2ccc(F)c(C)c2)c3ccc4nc(N)ncc4c3,7.75
100,CHEMBL498557,CC1=C(C(=O)N(C=C1)c2ccc(cc2)C(F)(F)F)c3ccc4nc(N)ncc4c3,7.75
101,CHEMBL497343,CC1=C(C(=O)N(C=C1)c2ccc(cc2)n3cccn3)c4ccc5nc(N)ncc5c4,7.75
102,CHEMBL574738,CCN1CCN(Cc2ccc(NC(=O)Nc3ccc(Oc4cc(NC)ncn4)cc3)cc2C(F)(F)F)CC1,7.75
103,CHEMBL213910,CN(Cc1ccc(s1)c2[nH]nc3c2Cc4ccc(CN5CCN(C)CC5)cc34)C(=O)Nc6cccc(c6)C(F)(F)F,7.75
104,CHEMBL506033,COc1ccc(cc1)N2C=CC(=C(C2=O)c3ccc4nc(N)ncc4c3)C,7.75
105,CHEMBL469883,Cc1ccc(cc1C(=O)Nc2cccnc2)C(=O)Nc3cccc(c3)C(F)(F)F,7.75
106,CHEMBL1908395,Cl.CN(C)CC(=O)N1CCC(CC1)c2ccc(NC(=O)c3nc(c[nH]3)C#N)c(c2)C4=CCCCC4,7.75
107,CHEMBL1835747,Nc1nc(Nc2ccc(cc2)N3CCOCC3)nn1c4ccccn4,7.75
108,CHEMBL409872,Nc1ncnc2NCCC(=Nc12)c3ccc(NC(=O)Nc4cccc(Cl)c4)cc3,7.75
109,CHEMBL213504,Nc1ncnc2snc(c3ccc(NC(=O)Nc4cccc(c4)C(F)(F)F)cc3)c12,7.75
110,CHEMBL411725,Nc1noc2cccc(c3ccc(NC(=O)Nc4ccccc4)cc3)c12,7.75
111,CHEMBL246608,OCCNC(=O)c1cc(CNc2ccccc2C(=O)Nc3ccc4OC(F)(F)Oc4c3)ccn1,7.75
112,CHEMBL3628811,Brc1cccc(NC(=O)Nc2ccc(Oc3ncnc4sc5CCCCc5c34)cc2)c1,7.77
113,CHEMBL415049,CCN(CCCOc1ccc2c(Nc3cc(CC(=O)Nc4cccc(F)c4)[nH]n3)ncnc2c1)CCOP(=O)(O)O,7.77
114,CHEMBL215152,CCN(CCO)CCCOc1ccc2c(Nc3cc(CC(=O)Nc4cccc(F)c4)[nH]n3)ncnc2c1,7.77
115,CHEMBL496713,CCOC(=O)c1ccc(cc1)N2C=CC(=C(C2=O)c3ccc4nc(N)ncc4c3)C,7.77
116,CHEMBL211464,CN(Cc1ccc(s1)c2[nH]nc3c2Cc4ccc(CN5CCN(C)CC5)cc34)C(=O)Nc6ccc(Br)cc6,7.77
117,CHEMBL212986,CN1CCN(Cc2ccc3c(Cc4c(n[nH]c34)c5ccc(CNC(=O)Nc6cccc(c6)C(F)(F)F)s5)c2)CC1,7.77
118,CHEMBL247797,CNC(=O)Nc1ccc(CNc2c(cnn2C)C(=O)Nc3ccc(SC(F)(F)F)cc3)cn1,7.77
119,CHEMBL245804,CS(=O)(=O)CCNC(=O)c1cc(CNc2ccccc2C(=O)Nc3ccc4OC(F)(F)Oc4c3)ccn1,7.77
120,CHEMBL377300,C[C@@H](O)COc1cn2ncnc(Oc3ccc4[nH]c(C)cc4c3F)c2c1C,7.77
121,CHEMBL374330,Cc1ccc(NC(=O)Nc2ccc(cc2)c3cccc4[nH]nc(N)c34)cc1,7.77
122,CHEMBL220057,Cc1cccc(NC(=O)Nc2ccc(cc2)c3cccc4[nH]nc(N)c34)c1,7.77
123,CHEMBL101253,Clc1ccc(Nc2nnc(Cc3ccncc3)c4ccccc24)cc1,7.77
124,CHEMBL2336029,CCCCNC(=O)c1ccc(C)c(c1)C#Cc2cnc3ccnn3c2,7.78
125,CHEMBL1172887,O=C(Nc1ccc(Oc2ccccc2)cc1)Nc3ccc4\C(=C\c5ccc[nH]5)\C(=O)Nc4c3,7.79
126,CHEMBL496494,CC1=C(C(=O)N(C=C1)c2ccc(cc2)C(C)(C)C)c3ccc4nc(N)ncc4c3,7.8
127,CHEMBL608533,CO[C@@H]1[C@@H](C[C@H]2O[C@]1(C)n3c4ccccc4c5c6CNC(=O)c6c7c8ccccc8n2c7c35)N(C)C(=O)c9ccccc9,7.8
128,CHEMBL107599,COc1cc2c(ncnc2cc1OCCCN3CCCCC3C)N4CCN(CC4)C(=O)Nc5ccc(OC(C)C)cc5,7.8
129,CHEMBL2018882,COc1cc2ncnc(Oc3ccc(NC(=O)Nc4cccc(Br)c4)cc3)c2cc1OC,7.8
130,CHEMBL3690074,Cc1ccc(NC(=O)c2ccc3C(CCc3c2)N4CCNCC4)cc1Nc5nccc(n5)c6cccnc6,7.8
131,CHEMBL248398,FC1(F)Oc2ccc(NC(=O)c3ccccc3NCc4ccnc(c4)C(=O)NC5CC5)cc2O1,7.8
132,CHEMBL3690079,CN1CCN(CC1)C2CCc3cc(ccc23)C(=O)Nc4ccc(C)c(Nc5nccc(n5)c6cncnc6)c4,7.82
133,CHEMBL365784,COc1ccc(NC(=O)Nc2ccc(cc2)c3c(C)sc4ncnc(N)c34)cc1,7.82
134,CHEMBL373798,Nc1n[nH]c2cccc(c3ccc(NC(=O)Nc4cccc(F)c4)cc3)c12,7.82
135,CHEMBL1172815,Cc1ccc(NC(=O)Nc2ccc3\C(=C\c4ccc[nH]4)\C(=O)Nc3c2)cc1,7.84
136,CHEMBL3628807,Brc1cccc(NC(=O)Nc2ccc(Oc3ncnc4ccccc34)cc2)c1,7.85
137,CHEMBL3329684,COc1ccc(C(=O)NC(=O)Nc2ccc3\C(=C\c4[nH]c(C)c(C(=O)NCCN5CCCC5)c4C)\C(=O)Nc3c2)c(F)c1,7.85
138,CHEMBL2311806,Cc1cc(NC(=O)c2ccc(C)c(Nc3nccc(n3)c4cccnc4)c2)cc(c1)n5cnc(C)c5,7.85
139,CHEMBL259247,Cc1ccc(NC(=O)c2cccc(c2)C(F)(F)F)cc1C(=O)Nc3cncnc3,7.85
140,CHEMBL269862,Nc1noc2cccc(c3ccc(NC(=O)Nc4cc(F)cc(F)c4)cc3)c12,7.85
141,CHEMBL272183,Nc1noc2cccc(c3ccc(NC(=O)Nc4cccc(c4)[N+](=O)[O-])cc3)c12,7.85
142,CHEMBL3319475,COc1ccc(cc1OC)c2c[nH]c3ncc(cc23)c4ccc(OCCN5CCOCC5)c(N)c4,7.86
143,CHEMBL3085833,CC(C)(N1CCN(CCO)CC1)c2ccc(NC(=O)c3nc(c[nH]3)C#N)c(c2)C4=CCC(C)(C)CC4,7.89
144,CHEMBL525744,CC1=C(C(=O)N(C=C1)c2ccc(cc2)N3CCOCC3)c4ccc5nc(N)ncc5c4,7.89
145,CHEMBL212762,CN1CCN(Cc2ccc3c(Cc4c(n[nH]c34)c5ccc(CNC(=O)Nc6ccc(cc6)C(F)(F)F)s5)c2)CC1,7.89
146,CHEMBL248860,COCCNc1cc(CNc2ccccc2C(=O)Nc3ccc4OC(F)(F)Oc4c3)ccn1,7.89
147,CHEMBL452965,CONC(=O)C1=CN(c2ccc3CCCc3c2)c4nc(Nc5ccc(cc5)C6CCN(CC(=O)O)CC6)ncc4C1=O,7.89
148,CHEMBL375670,Nc1n[nH]c2cccc(c3ccc(NC(=O)Nc4cccc(Cl)c4)cc3)c12,7.89
149,CHEMBL3646211,COc1ccc(NC(=O)Nc2ccc(cc2)c3csc4c(cnc(N)c34)c5cnn(C[C@H](O)CO)c5)cc1,7.9
150,CHEMBL2336032,Cc1ccc(cc1C#Cc2cnc3ccnn3c2)C(=O)NC4CCCC4,7.9
151,CHEMBL3644450,COc1ccc(cc1)c2n[nH]c3c2Cc4sc(cc34)c5ccc(NC(=O)CN6CCCC6)nc5,7.91
152,CHEMBL497957,CC1=C(C(=O)N(C=C1)c2ccc(C)c(F)c2)c3ccc4nc(N)ncc4c3,7.92
153,CHEMBL3680626,CN(C)CC(=O)C1=CCC(C)(C)CC1OC(=O)c2ncc(C#N)[nH]2,7.92
154,CHEMBL1908391,CN1CCN(Cc2ccc(cc2)C(=O)Nc3ccc(C)c(Nc4nc(cs4)c5cccnc5)c3)CC1,7.92
155,CHEMBL247619,CNC(=O)Nc1ccc(CNc2c(cnn2C)C(=O)Nc3ccc4OC(F)(F)C(F)(F)Oc4c3)cn1,7.92
156,CHEMBL247434,CNC(=O)c1cc(CNc2ncsc2C(=O)Nc3ccc4OC(F)(F)C(F)(F)Oc4c3)ccn1,7.92
157,CHEMBL1765774,CNc1cc(ccn1)C2=CNC(=O)C(=C2)NC(=O)c3ccc(cc3)N4CCCCC4,7.92
158,CHEMBL247591,COCCCNc1cc(CNc2ccccc2C(=O)Nc3ccc4OC(F)(F)Oc4c3)ccn1,7.92
159,CHEMBL223971,COCCOCC#Cc1cc(cs1)c2n[nH]c3c2Cc4ccc(Cn5cncn5)cc34,7.92
160,CHEMBL1835741,COc1ccccc1Nc2nc(N)n(n2)c3ccccn3,7.92
161,CHEMBL2158227,CS(=O)(=O)CCN1CCC(CC1)c2ccc(NC(=O)c3nc(c[nH]3)C#N)c(c2)C4=CCCCC4,7.92
162,CHEMBL410664,Cc1ccc(NC(=O)Nc2ccc(cc2)c3cccc4onc(N)c34)cc1F,7.92
163,CHEMBL403706,Cc1ccc(cc1NC(=O)Nc2cccc(c2)C(F)(F)F)C3=Nc4c(N)ncnc4NCC3,7.92
164,CHEMBL410130,Cc1cccc(NC(=O)Nc2ccc(cc2)c3cccc4onc(N)c34)c1,7.92
165,CHEMBL1765097,O=C(NC1=CC(=CNC1=O)c2ccncc2)c3ccc(cc3)N4CCCCC4,7.92
166,CHEMBL3628808,Brc1cccc(NC(=O)Nc2ccc(Oc3ncnc4sccc34)cc2)c1,7.96
167,CHEMBL2086760,CCN1CCC(CC1)Nc2ccc3NC(=O)C(=C(c4ccc(Cl)cc4)c5ncc[nH]5)c3c2,7.96
168,CHEMBL247435,CNC(=O)c1cc(CNc2c(cnn2C)C(=O)Nc3ccc4OC(F)(F)Oc4c3)ccn1,7.96
169,CHEMBL475251,COc1cc(Nc2ncc(F)c(Nc3ccc4OC(C)(C)C(=O)Nc4n3)n2)cc(OC)c1OC,7.96
170,CHEMBL603469,C[C@]12O[C@H](C[C@]1(O)CO)n3c4ccccc4c5c6C(=O)NCc6c7c8ccccc8n2c7c35,7.96
171,CHEMBL376951,Cc1cccc(NC(=O)Nc2ccc(cc2)c3nsc4ncnc(N)c34)c1,7.96
172,CHEMBL484883,FC(F)(F)Oc1ccc(Nc2noc3c(C(=O)Nc4cncnc4)c(Cl)ccc23)cc1,7.96
173,CHEMBL490408,FC(F)(F)c1ccc(Nc2noc3c(C(=O)Nc4cncnc4)c(Cl)ccc23)cc1,7.96
174,CHEMBL491628,Fc1ccc(Nc2noc3c(C(=O)Nc4cncnc4)c(Cl)ccc23)cc1C(F)(F)F,7.96
175,CHEMBL411903,Nc1ncnc2NCCC(=Nc12)c3ccc(NC(=O)Nc4cc(ccc4F)C(F)(F)F)cc3,7.96
176,CHEMBL270086,Nc1noc2cccc(c3ccc(NC(=O)Nc4cccc(F)c4)cc3)c12,7.96
177,CHEMBL1289467,COc1ccc(cc1OC)c2c[nH]c3ncc(cc23)c4cncc(N)c4,7.97
178,CHEMBL2430249,Cc1[nH]c2\C(=C\3/C(=O)Nc4ccc(F)cc34)\CCCc2c1C(=O)NCCCN5CCCC5,7.97
179,CHEMBL2430247,CCN(CC)CCCNC(=O)c1c(C)[nH]c2\C(=C\3/C(=O)Nc4ccc(F)cc34)\CCCc12,8.0
180,CHEMBL13485,CCN(CC)CCNC(=O)c1c(C)[nH]c(\C=C\2/C(=O)Nc3ccc(Cl)cc23)c1C,8.0
181,CHEMBL470808,CNC(=O)c1cc(Oc2ccc3c(c2)nc(Nc4cccc(c4)C(C)(C)C)n3C)ccn1,8.0
182,CHEMBL1908396,COc1cc(Oc2ccnc3cc(OC)c(OC)cc23)ccc1NC(=O)NC(C)c4nccs4,8.0
183,CHEMBL2062935,C[C@@H](O)Cn1cc(cn1)c2cnc(N)c3c(csc23)c4ccc(NC(=O)Nc5cccc(C)c5)cc4,8.0
184,CHEMBL374044,Cc1cc(NC(=O)Nc2ccc(cc2)c3cccc4[nH]nc(N)c34)ccc1F,8.0
185,CHEMBL219887,Cc1cccc(NC(=O)Nc2ccc(cc2)c3ccc(C)c4[nH]nc(N)c34)c1,8.0
186,CHEMBL2311807,Cc1cn(cn1)c2cc(F)cc(NC(=O)c3ccc(C)c(Nc4nccc(n4)c5cccnc5)c3)c2,8.0
187,CHEMBL1835864,Nc1nc(Nc2cccc(c2)C(=O)N3CCOCC3)nn1c4ccccn4,8.0
188,CHEMBL271600,Nc1noc2cccc(c3ccc(NC(=O)Nc4cccc(Cl)c4)cc3)c12,8.0
189,CHEMBL2347053,[O-][N+](=O)c1ccccc1c2n[nH]cc2\C=C\3/C(=O)Nc4ccccc34,8.0
190,CHEMBL3608785,Cc1ccc(CNC(=O)Nc2ccccc2)cc1NC(=O)c3cnc4ccccn34,8.01
191,CHEMBL1668411,COc1cc(O)c2C(=O)O[C@@H](C)C\C=C/C(=O)[C@@H](O)[C@H](O)C\C=C\c2c1,8.02
192,CHEMBL1230609,COc1cc2c(Oc3ccc(NC(=O)C4(CC4)C(=O)Nc5ccc(F)cc5)cc3F)ccnc2cc1OCCCN6CCOCC6,8.02
193,CHEMBL3823520,COc1cc2c(Oc3ccc(NC(=O)c4cn(nn4)c5ccccc5Cl)cc3F)ccnc2cc1OCCCN6CCCCC6,8.03
194,CHEMBL2336018,COc1ccc(NC(=O)c2ccc(C)c(c2)C#Cc3cnc4ccnn4c3)cc1,8.03
195,CHEMBL2403821,CC(C)(C)c1cc(NC(=O)Nc2ccc(Nc3ncnc4ccc(NC(=O)CCN5CCOCC5)cc34)cc2)n(n1)c6cccc(N)c6,8.04
196,CHEMBL3319472,COc1ccc(cc1OC)c2c[nH]c3ncc(cc23)c4ccc(N)cc4,8.04
197,CHEMBL1277161,CCN(CC)CCN1CCCCc2[nH]c(\C=C\3/C(=O)Nc4ccc(F)cc34)c(C)c2C1=O,8.05
198,CHEMBL1835740,COc1ccc(Nc2nc(N)n(n2)c3ccccn3)cc1OC,8.05
199,CHEMBL520718,Cc1ccc(cc1C(=O)Nc2ccc(N)nc2)C(=O)NCCCC3CCCCC3,8.05
200,CHEMBL371329,Cc1cccc(NC(=O)Nc2ccc(cc2)c3c(C)sc4ncnc(N)c34)c1,8.05
201,CHEMBL453057,Cc1cccc(NC(=O)Nc2ccc(cc2)c3cnc4c(ccn4c3N)c5cnn(C)c5)c1,8.05
202,CHEMBL1172886,Clc1ccc(NC(=O)Nc2ccc3\C(=C\c4ccc[nH]4)\C(=O)Nc3c2)cc1,8.05
203,CHEMBL395700,OCCCNc1cc(CNc2ccccc2C(=O)Nc3ccc4OC(F)(F)Oc4c3)ccn1,8.05
204,CHEMBL253968,OC[C@H]1CCCN1CCCOc2ccc3c(Nc4cnn(CC(=O)Nc5cccc(F)c5F)c4)nncc3c2,8.05
205,CHEMBL3319468,COc1ccc(cc1OC)c2c[nH]c3ncc(cc23)c4cc(OC)c(OC)c(OC)c4,8.06
206,CHEMBL3690082,CN1CCN(CC1)[C@H]2CCc3cc(ccc23)C(=O)Nc4ccc(C)c(Nc5nccc(n5)c6cccnc6)c4,8.07
207,CHEMBL3319467,COc1ccc(cc1OC)c2c[nH]c3ncc(cc23)c4ccc(C(=O)N5CCOCC5)c(N)c4,8.07
208,CHEMBL2430253,Cc1[nH]c2\C(=C\3/C(=O)Nc4ccc(F)cc34)\CCCc2c1C(=O)N5CCC[C@H]5CN6CCCC6,8.07
209,CHEMBL3326006,CCCCNc1ncc2c(cn([C@@H]3CC[C@@H](O)CC3)c2n1)c4ccc(CN5CCN(C)CC5)cc4,8.09
210,CHEMBL490407,CC(C)(C)c1ccc(Nc2noc3c(C(=O)Nc4cncnc4)c(Cl)ccc23)cc1,8.1
211,CHEMBL2203434,CCN1CCC(CC1)Oc2ccc(nc2)C(=O)Nc3ccc(NC(=O)Nc4cc(on4)C(C)(C)C)cc3,8.1
212,CHEMBL2206277,CN1C(C)(C)CC(CC1(C)C)Oc2ccc(nc2)C(=O)Nc3ccc(NC(=O)Nc4cc(on4)C(C)(C)C)cc3,8.1
213,CHEMBL1277072,Cc1c(\C=C\2/C(=O)Nc3ccc(F)cc23)[nH]c4CCCN(C[C@H](O)CN5CCOCC5)C(=O)c14,8.1
214,CHEMBL398052,OCCNc1cc(CNc2ccccc2C(=O)Nc3ccc4OC(F)(F)Oc4c3)ccn1,8.1
215,CHEMBL3680625,OC[C@@H](O)C(=O)N1CCC(CC1)c2ccc(OC(=O)c3ncc(C#N)[nH]3)c(c2)C4=CCCCC4,8.1
216,CHEMBL2430252,Cc1[nH]c2\C(=C\3/C(=O)Nc4ccc(F)cc34)\CCCc2c1C(=O)N5CCC(CC5)N6CCCCC6,8.11
217,CHEMBL2403815,CC(C)(C)c1cc(NC(=O)Nc2ccc(Nc3ncnc4ccc(N)cc34)cc2)n(n1)c5cccc(N)c5,8.12
218,CHEMBL575925,CC(C)(C)c1onc(NC(=O)Nc2ccc(NC(=O)c3cn4c5ccccc5sc4n3)cc2)c1,8.13
219,CHEMBL2430260,Cc1[nH]c2\C(=C\3/C(=O)Nc4ccc(F)cc34)\CCCc2c1C(=O)NCCN5CCCC5,8.13
220,CHEMBL2403814,CC(C)(C)c1cc(NC(=O)Nc2ccc(Nc3ncnc4ccccc34)cc2)n(n1)c5cccc(c5)[N+](=O)[O-],8.14
221,CHEMBL1172837,O=C(Nc1ccc(cc1)c2ccccc2)Nc3ccc4\C(=C\c5ccc[nH]5)\C(=O)Nc4c3,8.14
222,CHEMBL489786,CCCc1ccc(Nc2noc3c(C(=O)Nc4cncnc4)c(Cl)ccc23)cc1,8.16
223,CHEMBL2430254,CCN(CC)CCNC(=O)c1c(C)[nH]c2\C(=C\3/C(=O)Nc4ccc(cc34)[N+](=O)[O-])\CCCc12,8.16
224,CHEMBL247793,CCNC(=O)Nc1cc(CNc2ccccc2C(=O)Nc3ccc4OC(F)(F)Oc4c3)ccn1,8.16
225,CHEMBL489579,CCc1ccc(Nc2noc3c(C(=O)Nc4cncnc4)c(Cl)ccc23)cc1,8.16
226,CHEMBL2403820,CN1CCN(CCC(=O)Nc2ccc3ncnc(Nc4ccc(NC(=O)Nc5cc(nn5c6cccc(N)c6)C(C)(C)C)cc4)c3c2)CC1,8.16
227,CHEMBL262433,Cc1ccc(F)c(NC(=O)Nc2ccc(cc2)c3nsc4ncnc(N)c34)c1,8.16
228,CHEMBL470483,Cc1ccc(cc1C(=O)Nc2ccc(N)nc2)C(=O)Nc3cccc(c3)C(F)(F)F,8.16
229,CHEMBL404367,Cc1cccc(NC(=O)Nc2ccc(cc2)c3cncc4c3c(N)nn4C)c1,8.16
230,CHEMBL255955,Nc1n[nH]c2nccc(c3ccc(NC(=O)Nc4cccc(c4)C(F)(F)F)cc3)c12,8.16
231,CHEMBL406660,Nc1noc2cccc(c3ccc(NC(=O)Nc4ccc(F)cc4)cc3)c12,8.16
232,CHEMBL272802,Nc1noc2cccc(c3ccc(NC(=O)Nc4cccc(Br)c4)cc3)c12,8.16
233,CHEMBL1910893,Oc1ccc(cc1)c2ccc3c(n[nH]c3n2)c4ccc(cc4)N5CCNCC5,8.16
234,CHEMBL2430261,CN(C)CCNC(=O)c1c(C)[nH]c2\C(=C\3/C(=O)Nc4ccc(F)cc34)\CCCc12,8.18
235,CHEMBL576982,CC(C)(C)c1onc(NC(=O)Nc2ccc(cc2)c3cn4c5ccc(OCCN6CCOCC6)cc5sc4n3)c1,8.2
236,CHEMBL2152262,COc1ccc(cc1OC)c2c[nH]c3ncc(cc23)c4cccc(N)c4,8.2
237,CHEMBL3628799,Brc1cccc(NC(=O)Nc2ccc(Nc3ncnc4sc5CCCCc5c34)cc2)c1,8.22
238,CHEMBL493986,CC1=C(C(=O)N(C=C1)c2ccc3c(NCC3(C)C)c2)c4ccc5nc(N)ncc5c4,8.22
239,CHEMBL3085834,COCCN1CCN(CC1)C(C)(C)c2ccc(NC(=O)c3nc(c[nH]3)C#N)c(c2)C4=CCC(C)(C)CC4,8.22
240,CHEMBL505830,CONC(=O)C1=CN(c2ccc3CCCc3c2)c4nc(Nc5ccc(CCN6CCN(C)CC6)cc5)ncc4C1=O,8.22
241,CHEMBL126699,COc1cc2c(ncnc2cc1OCCCN3CCCCC3C)N4CCN(CC4)C(=O)Nc5ccc(cc5)C#N,8.22
242,CHEMBL1173107,Cc1[nH]c(\C=C\2/C(=O)Nc3cc(NC(=O)Nc4ccccc4)ccc23)c(C)c1C(=O)O,8.22
243,CHEMBL196363,Cc1cccc(NC(=O)Nc2ccc(cc2)c3csc4ncnc(N)c34)c1,8.22
244,CHEMBL260092,Nc1ncnc2NCCC(=Nc12)c3ccc(NC(=O)Nc4cccc(c4)C(F)(F)F)cc3,8.22
245,CHEMBL2430248,Cc1[nH]c2\C(=C\3/C(=O)Nc4ccc(F)cc34)\CCCc2c1C(=O)NCCCN5CCOCC5,8.24
246,CHEMBL2430259,Cc1[nH]c2\C(=C\3/C(=O)Nc4ccc(F)cc34)\CCCc2c1C(=O)NCCN5CCCCC5,8.24
247,CHEMBL1173482,O=C(Nc1ccccc1)Nc2ccc3\C(=C\c4ccc[nH]4)\C(=O)Nc3c2,8.29
248,CHEMBL519520,CC(C)(C)c1cccc(Nc2noc3c(C(=O)Nc4cncnc4)c(Cl)ccc23)c1,8.3
249,CHEMBL2158300,CC(C)(N)CC(=O)N1CCC(CC1)c2ccc(NC(=O)c3nc(c[nH]3)C#N)c(c2)C4=CCCCC4,8.3
250,CHEMBL2180602,CCN(CC)CCNC(=O)c1c(C)[nH]c2\C(=C\3/C(=O)Nc4ccc(F)cc34)\CCCc12,8.3
251,CHEMBL1908842,CN(C)CC(=O)N1CCC(CC1)c2ccc(NC(=O)c3nc(c[nH]3)C#N)c(c2)C4=CCCCC4,8.3
252,CHEMBL394503,CNC(=O)Nc1cc(CNc2ccccc2C(=O)Nc3ccc4OC(F)(F)Oc4c3)ccn1,8.3
253,CHEMBL247250,CNC(=O)Nc1ccc(CNc2ncsc2C(=O)Nc3ccc4OC(F)(F)Oc4c3)cn1,8.3
254,CHEMBL247437,CNC(=O)c1cc(CNc2ccccc2C(=O)Nc3ccc4OC(F)(F)Oc4c3)ccn1,8.3
255,CHEMBL269885,COc1ccc(NC(=O)Nc2ccc(cc2)c3cccc4onc(N)c34)cc1,8.3
256,CHEMBL272645,Cc1ccc(NC(=O)Nc2ccc(cc2)c3cccc4onc(N)c34)cc1,8.3
257,CHEMBL272902,Cc1ccc(cc1C(=O)Nc2cnc(N)nc2)C(=O)Nc3cccc(c3)C(F)(F)F,8.3
258,CHEMBL374752,Cc1cccc(NC(=O)Nc2ccc(cc2)c3ccc(F)c4[nH]nc(N)c34)c1,8.3
259,ponatinib,CN1CCN(CC2=CC=C(NC(=O)C3=CC=C(C)C(=C3)C#CC3=CN=C4C=CC=NN34)C=C2C(F)(F)F)CC1,8.31
260,CHEMBL2336037,Cc1ccc(cc1C#Cc2cnc3ccnn3c2)C(=O)Nc4cccc(Cl)c4,8.31
261,CHEMBL2105717,COc1cc2nccc(Oc3ccc(NC(=O)C4(CC4)C(=O)Nc5ccc(F)cc5)cc3)c2cc1OC,8.34
262,CHEMBL1173541,COc1ccc(NC(=O)Nc2ccc3\C(=C\c4[nH]c(C)c(CCC(=O)O)c4C)\C(=O)Nc3c2)cc1,8.35
263,CHEMBL2403878,[O-][N+](=O)c1ccc2ncnc(Nc3ccc(NC(=O)Nc4ccc(Cl)c(c4)C(F)(F)F)cc3)c2c1,8.35
264,CHEMBL2311808,Cc1cn(cn1)c2cccc(NC(=O)c3ccc(C)c(Nc4nccc(n4)c5cccnc5)c3)c2,8.36
265,CHEMBL3290931,COc1cc2c(Oc3ccc(NC(=O)C4=NN(C(=O)C=C4C)c5ccccc5C(F)(F)F)cc3F)ccnc2cc1OCCCN6CCOCC6,8.37
266,CHEMBL1969102,Cc1cccc(NC(=O)Nc2ccc(cc2)c3csc4c(cnc(N)c34)c5cn[nH]c5)c1,8.37
267,CHEMBL2430250,CCN(CC)CC(O)CNC(=O)c1c(C)[nH]c2\C(=C\3/C(=O)Nc4ccc(F)cc34)\CCCc12,8.39
268,CHEMBL2430266,CCN(CC)CCNC(=O)c1c(C)[nH]c2\C(=C\3/C(=O)Nc4ccc(C)cc34)\CCCc12,8.39
269,CHEMBL488985,CC(=O)Nc1ncc(NC(=O)c2c(Cl)ccc3c(Nc4cccc(c4)C(F)(F)F)noc23)cn1,8.4
270,CHEMBL1276981,CCN(CC)CCN1CCCc2[nH]c(\C=C\3/C(=O)Nc4ccc(F)cc34)c(C)c2C1=O,8.4
271,CHEMBL1278233,CCN(CC)CCN1CCc2[nH]c(\C=C\3/C(=O)Nc4ccc(Br)cc34)c(C)c2C1=O,8.4
272,CHEMBL1278147,CCN(CC)CCN1CCc2[nH]c(\C=C\3/C(=O)Nc4ccc(Cl)cc34)c(C)c2C1=O,8.4
273,CHEMBL247798,CCNC(=O)Nc1ccc(CNc2ncsc2C(=O)Nc3ccc4OC(F)(F)Oc4c3)cn1,8.4
274,CHEMBL459850,CN1C(=O)N(Cc2cnc(N)nc12)c3cc(NC(=O)c4cccc(c4)C(F)(F)F)ccc3C,8.4
275,CHEMBL1835867,CN1CCC(CC1)c2ccc(Nc3nc(N)n(n3)c4ccccn4)cc2,8.4
276,CHEMBL3343366,COc1cc2c(Oc3ccc(NC(=O)c4nnn(c5ccc(F)cc5)c4C(F)(F)F)cc3F)ccnc2cc1OCCCN6CCCC6,8.4
277,CHEMBL445636,COc1cc2c(ncnc2cc1OCCCN3CCC(C)CC3)N4CCN(CC4)C(=O)Nc5ccc(cc5)C#N,8.4
278,CHEMBL269894,COc1cccc(NC(=O)Nc2ccc(cc2)c3cccc4onc(N)c34)c1,8.4
279,CHEMBL1277071,Cc1c(\C=C\2/C(=O)Nc3ccc(F)cc23)[nH]c4CCCN(CCN5CCOCC5)C(=O)c14,8.4
280,CHEMBL484885,FC(F)(F)Oc1cccc(Nc2noc3c(C(=O)Nc4cncnc4)c(Cl)ccc23)c1,8.4
281,CHEMBL400109,Nc1cc(CNc2ccccc2C(=O)Nc3ccc4OC(F)(F)Oc4c3)ccn1,8.4
282,CHEMBL1835870,Nc1nc(Nc2ccc(cc2)[C@@H]3CC[C@H](CC3)N4CCOCC4)nn1c5ccccn5,8.4
283,CHEMBL247423,OCCOCCNc1cc(CNc2ccccc2C(=O)Nc3ccc4OC(F)(F)Oc4c3)ccn1,8.4
284,CHEMBL2385195,COc1cc2c(Oc3ccc(NC(=O)C4=NN(c5ccccc5C4=O)c6ccccc6C(F)(F)F)cc3F)ccnc2cc1OCCCN7CCCC7,8.41
285,CHEMBL386051,CSc1cccc(Nc2ncc3C=C(C(=O)N(C)c3n2)c4c(Cl)cccc4Cl)c1,8.43
286,CHEMBL254702,CC1CCN(CC1)c2cc(ccc2NC(=O)c3cc(c[nH]3)C#N)N4CCN(C)CC4,8.46
287,axitinib,CNC(=O)C1=C(SC2=CC=C3C(NN=C3\C=C\C3=CC=CC=N3)=C2)C=CC=C1,8.46
288,CHEMBL1173174,COc1ccc(NC(=O)Nc2ccc3\C(=C\c4[nH]c(C)c(C(=O)O)c4C)\C(=O)Nc3c2)cc1,8.48
289,CHEMBL1173411,COc1ccc(NC(=O)Nc2ccc3\C(=C\c4[nH]cc(C(=O)O)c4C)\C(=O)Nc3c2)cc1,8.51
290,CHEMBL3335371,CC(=O)Nc1cc(Oc2ccc3c(c2)nc(Nc4cccc(c4)C(C)(C)C)n3C)ccn1,8.52
291,CHEMBL247618,CNC(=O)c1cc(CNc2ccsc2C(=O)Nc3ccc4OC(F)(F)Oc4c3)ccn1,8.52
292,CHEMBL399534,CNc1cc(CNc2ccccc2C(=O)Nc3ccc4OC(F)(F)Oc4c3)ccn1,8.52
293,CHEMBL246424,CNc1nccc(CNc2ccccc2C(=O)Nc3ccc4OC(F)(F)Oc4c3)n1,8.52
294,CHEMBL3628796,COc1cc2ncnc(Nc3ccc(NC(=O)Nc4cccc(Br)c4)cc3)c2cc1OC,8.52
295,CHEMBL1276890,Cc1c(\C=C\2/C(=O)Nc3ccc(F)cc23)[nH]c4CCN(CCN5CCCC5)C(=O)c14,8.52
296,CHEMBL2331602,Cc1cccc(NC(=O)c2ccc(C)c(c2)C#Cc3cnc4ccnn4c3)c1,8.52
297,CHEMBL489196,FC(F)(F)c1cccc(Nc2noc3c(C(=O)Nc4cccnc4)c(Cl)ccc23)c1,8.52
298,CHEMBL491429,FC(F)(F)c1cccc(Nc2noc3c(C(=O)Nc4cncnc4)c(Cl)ccc23)c1,8.52
299,CHEMBL2148120,Cc1nc(Nc2nc3ccc(nc3s2)c4cccc(c4)C(=O)Nc5cccc(c5)C(F)(F)F)cc(n1)N6CCNCC6,8.54
300,CHEMBL2430264,CCN(CC)CCNC(=O)c1c(C)[nH]c2\C(=C\3/C(=O)Nc4ccc(Cl)cc34)\CCCc12,8.57
301,CHEMBL2403819,CN(C)CCCC(=O)Nc1ccc2ncnc(Nc3ccc(NC(=O)Nc4cc(nn4c5cccc(N)c5)C(C)(C)C)cc3)c2c1,8.57
302,CHEMBL2336035,Cc1ccc(NC(=O)c2ccc(C)c(c2)C#Cc3cnc4ccnn4c3)cc1,8.58
303,CHEMBL1088796,Cc1ccc(cc1c2ccc3c(nncc3c2)c4ccccc4F)C(=O)NC5CC5,8.62
304,CHEMBL2430265,CCN(CC)CCNC(=O)c1c(C)[nH]c2\C(=C\3/C(=O)Nc4ccc(Br)cc34)\CCCc12,8.64
305,CHEMBL3309402,COc1cc2c(Oc3ccc(NC(=O)C4=NN(C(=O)c5ccccc45)c6ccc(F)cc6)cc3F)ccnc2cc1OCCCN7CCCC7,8.66
306,CHEMBL504075,C[C@H](Nc1cncc(Cl)n1)c2cccc(NC(=O)c3cccc(C)c3)c2,8.66
307,CHEMBL3102948,COc1ccc(cc1OC)c2cnc3[nH]cc(c4ccc(OC)c(OC)c4)c3c2,8.68
308,CHEMBL2430251,Cc1[nH]c2\C(=C\3/C(=O)Nc4ccc(F)cc34)\CCCc2c1C(=O)N5CCOCC5,8.68
309,CHEMBL487864,CC(=O)Nc1ccc(NC(=O)c2cc(ccc2C)C(=O)Nc3cccc(c3)C(F)(F)F)cn1,8.7
310,CHEMBL1278146,CCN(CC)CCN1CCc2[nH]c(\C=C\3/C(=O)Nc4ccc(F)cc34)c(C)c2C1=O,8.7
311,CHEMBL2029988,COc1cc2ncnc(Oc3cccc(NC(=O)Nc4cc(on4)C(C)(C)C(F)(F)F)c3)c2cc1OC,8.7
312,CHEMBL2430258,Cc1[nH]c2\C(=C\3/C(=O)Nc4ccc(F)cc34)\CCCc2c1C(=O)NCCN5CCOCC5,8.7
313,CHEMBL248051,NC(=O)c1cc(CNc2ccccc2C(=O)Nc3ccc4OC(F)(F)Oc4c3)ccn1,8.7
314,CHEMBL523816,Nc1ccc(NC(=O)c2c(Cl)ccc3c(Nc4cccc(c4)C(F)(F)F)noc23)cn1,8.7
315,CHEMBL2336040,COc1cccc(NC(=O)c2ccc(C)c(c2)C#Cc3cnc4ccnn4c3)c1,8.72
316,CHEMBL1081509,CC(C)(C)c1onc(NC(=O)Nc2ccc(NC(=O)c3cc4ccccc4cn3)cc2)c1,8.75
317,CHEMBL1173149,COc1ccc(NC(=O)Nc2ccc3\C(=C\c4ccc[nH]4)\C(=O)Nc3c2)cc1,8.82
318,CHEMBL2430262,Cc1[nH]c2\C(=C\3/C(=O)Nc4ccc(F)cc34)\CCCc2c1C(=O)NCCO,8.85
319,CHEMBL2206278,CCN1C(C)(C)CC(CC1(C)C)Oc2ccc(nc2)C(=O)Nc3ccc(NC(=O)Nc4cc(on4)C(C)(C)C)cc3,8.92
320,CHEMBL3628797,Brc1cccc(NC(=O)Nc2ccc(Nc3ncnc4ccccc34)cc2)c1,9.0
321,CHEMBL3628798,Brc1cccc(NC(=O)Nc2ccc(Nc3ncnc4sccc34)cc2)c1,9.0
322,CHEMBL248256,CC(=O)Nc1cc(CNc2ccccc2C(=O)Nc3ccc4OC(F)(F)Oc4c3)ccn1,9.0
323,CHEMBL490823,CC(=O)Nc1ccc(NC(=O)c2c(Cl)ccc3c(Nc4cccc(c4)C(F)(F)F)noc23)cn1,9.0
324,CHEMBL494821,CC1=C(C(=O)N(CCC2CCCC2)C=C1)c3ccc4nc(N)ncc4c3,9.0
325,CHEMBL1278234,CN(C)CCN1CCc2[nH]c(\C=C\3/C(=O)Nc4ccc(F)cc34)c(C)c2C1=O,9.0
326,CHEMBL1276891,Cc1c(\C=C\2/C(=O)Nc3ccc(F)cc23)[nH]c4CCN(CCN5CCOCC5)C(=O)c14,9.0
327,CHEMBL1276980,Cc1c(\C=C\2/C(=O)Nc3ccc(F)cc23)[nH]c4CCN(C[C@H](O)CN5CCOCC5)C(=O)c14,9.0
328,CHEMBL2403879,Nc1ccc2ncnc(Nc3ccc(NC(=O)Nc4ccc(Cl)c(c4)C(F)(F)F)cc3)c2c1,9.0
329,CHEMBL488984,Nc1ncc(NC(=O)c2c(Cl)ccc3c(Nc4cccc(c4)C(F)(F)F)noc23)cn1,9.0
330,CHEMBL1079545,CC(C)(C)c1onc(NC(=O)Nc2ccc(NC(=O)c3ncccc3O)cc2)c1,9.02
331,CHEMBL1721885,Cc1[nH]c(\C=C\2/C(=O)Nc3ccc(F)cc23)c(C)c1C(=O)NC[C@H](O)CN4CCOCC4,9.17
332,CHEMBL491473,COc1cc2c(Oc3ccc4[nH]c(C)cc4c3F)ncnc2cc1OCCCN5CCCC5,9.27
333,CHEMBL3683258,CN[C@@H]1CC2OC([C@@H]1OC)n3c4ccccc4c5c6CNC(=O)c6c7c8ccccc8n2c7c35,9.75
1,CHEMBL352308,COc1cc2c(Oc3ccc(Nc4ccc(cc4)C(C)(C)C)cc3)ccnc2cc1OCCNCCO,7.0
7,CHEMBL941,CN1CCN(Cc2ccc(cc2)C(=O)Nc3ccc(C)c(Nc4nccc(n4)c5cccnc5)c3)CC1,6.59
8,CHEMBL124035,COCCOc1cc2ncnc(N3CCN(CC3)C(=O)Nc4ccc(OC(C)C)cc4)c2cc1OC,6.72
9,CHEMBL125898,COc1cc2c(ncnc2cc1OCCCN3CCOCC3)N4CCN(CC4)C(=O)Nc5ccc(OC(C)C)cc5,7.22
11,CHEMBL444064,COc1cc2c(ncnc2cc1OCCN3CCCCC3)N4CCN(CC4)C(=O)Nc5ccc(OC(C)C)cc5,6.96
12,CHEMBL150894,CC(C)OCc1ccc2c(c1)c3c4CNC(=O)c4c5c(Cc6ccccc56)c3n2CCCO,7.24
13,CHEMBL101683,Clc1ccc(NC(=O)c2ccccc2NCc3ccncc3)cc1,6.62
15,CHEMBL99743,COc1cc2ncnc(N3CCN(CC3)C(=O)Nc4ccc(cc4)[N+](=O)[O-])c2cc1OC,6.41
16,CHEMBL104067,COc1cc2ncnc(N3CCN(CC3)C(=O)Nc4ccc(cc4)C(C)C)c2cc1OC,7.3
17,CHEMBL102346,COc1cc2ncnc(N3CCN(CC3)C(=O)Nc4ccc(Oc5ccccc5)cc4)c2cc1OC,7.3
18,CHEMBL323336,COc1cc2ncnc(N3CCN(CC3)C(=O)Nc4ccc(Br)cc4)c2cc1OC,6.89
19,CHEMBL106966,COc1cc2ncnc(N3CCN(CC3)C(=O)Nc4ccc(cc4)C#N)c2cc1OC,6.32
20,CHEMBL276711,Cc1cc(C)c(\C=C\2/C(=O)Nc3ccccc23)[nH]1,6.4
21,CHEMBL78303,Cc1cccc(Nc2nnc(Cc3ccncc3)c4ccccc24)c1,5.6
22,CHEMBL153843,FC(F)(F)c1cccc(NC(=O)c2ccccc2NCc3ccncc3)c1,6.63
23,CHEMBL77555,FC(F)(F)c1cc(Nc2nnc(Cc3ccncc3)c4ccccc24)ccc1Cl,5.57
24,CHEMBL309331,C(c1ccncc1)c2nnc(Nc3ccc(cc3)c4ccccc4)c5ccccc25,5.85
25,CHEMBL75034,COc1cc(Nc2nnc(Cc3ccncc3)c4ccccc24)ccc1Cl,5.46
26,CHEMBL306295,Oc1cccc(Nc2nnc(Cc3ccncc3)c4ccccc24)c1,5.1
27,CHEMBL75232,OC(=O)CCC(=O)O.Clc1ccc(Nc2nnc(Cc3ccncc3)c4ccccc24)cc1,6.16
31,CHEMBL75196,Clc1ccc(Nc2nnc(Cc3ccncc3)c4ccccc24)cc1Cl,6.16
32,CHEMBL431006,CC(C)(C)c1ccc(Nc2nnc(Cc3ccncc3)c4ccccc24)cc1,6.0
33,CHEMBL24828,COc1cc2c(Nc3ccc(Br)cc3F)ncnc2cc1OCC4CCN(C)CC4,6.47
36,CHEMBL74197,Cc1cc(C)cc(Nc2nnc(Cc3ccncc3)c4ccccc24)c1,5.7
38,CHEMBL75462,COc1cccc(Nc2nnc(Cc3ccncc3)c4ccccc24)c1,5.52
39,CHEMBL347537,O=C(Nc1cccc(c1)c2cncc3ccccc23)c4ccccc4NCc5ccncc5,6.98
46,CHEMBL553824,Cl.COc1cc2ncnc(N3CCN(CC3)C(=O)Nc4ccsc4)c2cc1OC,6.1
47,CHEMBL102301,COc1cc2ncnc(N3CCN(CC3)\C(=N/Cc4ccc5OCOc5c4)\S)c2cc1OC,6.66
48,CHEMBL319894,COc1cc2ncnc(N3CCN(CC3)\C(=N/Cc4ccccc4)\S)c2cc1OC,6.44
49,CHEMBL178455,COc1cc2nccc(Oc3ccc(NC(=O)Nc4ccc(F)cc4F)c(F)c3)c2cc1OC,7.4
67,CHEMBL197592,Cc1sc2ncnc(N)c2c1c3ccc(NC(=O)Nc4ccccc4)cc3,7.5
71,CHEMBL438797,Cc1ccccc1NC(=O)Nc2ccc(cc2)c3c(C)sc4ncnc(N)c34,7.17
72,CHEMBL198267,Cc1ccc(NC(=O)Nc2ccc(cc2)c3c(C)sc4ncnc(N)c34)cc1,7.08
73,CHEMBL445394,COc1ccccc1NC(=O)Nc2ccc(cc2)c3c(C)sc4ncnc(N)c34,7.3
77,CHEMBL196499,Cc1sc2ncnc(N)c2c1c3ccc(NC(=O)Nc4ccc(F)cc4)cc3,7.48
78,CHEMBL194321,Cc1sc2ncnc(N)c2c1c3ccc(NC(=O)Nc4ccccc4Cl)cc3,6.96
81,CHEMBL195955,Cc1sc2ncnc(N)c2c1c3ccc(NC(=O)Nc4cccc(Br)c4)cc3,7.3
82,CHEMBL194236,Cc1sc2ncnc(N)c2c1c3ccc(NC(=O)Nc4ccc(Br)cc4)cc3,7.32
83,CHEMBL370325,Cc1sc2ncnc(N)c2c1c3ccc(NC(=O)Nc4cccc(c4)C(F)(F)F)cc3,6.85
84,CHEMBL195828,CCOC(=O)c1cccc(NC(=O)Nc2ccc(cc2)c3c(C)sc4ncnc(N)c34)c1,7.37
86,CHEMBL381034,Cc1sc2ncnc(N)c2c1c3ccc(NC(=O)Nc4cc(Cl)cc(Cl)c4)cc3,6.76
87,CHEMBL381207,Cc1sc2ncnc(N)c2c1c3ccc(NC(=O)Nc4cc(ccc4F)C(F)(F)F)cc3,6.74
88,CHEMBL197635,Cc1cccc(NC(=O)Nc2ccc(cc2)c3c(CCC(=O)N)sc4ncnc(N)c34)c1,6.8
89,CHEMBL198601,CNC(=O)CCc1sc2ncnc(N)c2c1c3ccc(NC(=O)Nc4cccc(C)c4)cc3,6.4
90,CHEMBL382112,CN(C)C(=O)CCc1sc2ncnc(N)c2c1c3ccc(NC(=O)Nc4cccc(C)c4)cc3,6.03
91,CHEMBL194842,Cc1cccc(NC(=O)Nc2ccc(cc2)c3c(CN4CCOCC4)sc5ncnc(N)c35)c1,6.24
92,CHEMBL372388,CN1CCN(Cc2sc3ncnc(N)c3c2c4ccc(NC(=O)Nc5cccc(C)c5)cc4)CC1,6.1
93,CHEMBL371225,CCCc1sc2ncnc(N)c2c1c3ccc(NC(=O)Nc4cccc(C)c4)cc3,7.09
94,CHEMBL371379,Cc1cccc(NC(=O)Nc2ccc(cc2)c3c(Cc4cccnc4)sc5ncnc(N)c35)c1,6.1
95,CHEMBL369908,Cc1cccc(NC(=O)Nc2ccc(cc2)c3c(Cc4ccncc4)sc5ncnc(N)c35)c1,6.02
96,CHEMBL197353,Cc1cccc(NC(=O)Nc2ccc(cc2)c3c(CCO)sc4ncnc(N)c34)c1,7.43
97,CHEMBL198155,COCCc1sc2ncnc(N)c2c1c3ccc(NC(=O)Nc4cccc(C)c4)cc3,6.44
99,CHEMBL196636,CN(C)CCc1sc2ncnc(N)c2c1c3ccc(NC(=O)Nc4cccc(C)c4)cc3,6.09
101,CHEMBL371332,Cc1cccc(NC(=O)Nc2ccc(c(Cl)c2)c3csc4ncnc(N)c34)c1,6.7
102,CHEMBL194366,COc1cc(NC(=O)Nc2cccc(C)c2)ccc1c3csc4ncnc(N)c34,6.75
103,CHEMBL371510,Cc1cccc(NC(=O)Nc2ccc(cc2F)c3csc4ncnc(N)c34)c1,7.42
104,CHEMBL196615,Cc1cccc(NC(=O)Nc2ccc(cc2Cl)c3csc4ncnc(N)c34)c1,7.27
109,CHEMBL26559,Cc1c2ccncc2c(C)c3c4cc(O)ccc4[nH]c13,6.4
113,CHEMBL16699,Cc1c2cc[n+](C)cc2c(C)c3c4cc(O)ccc4[nH]c13,6.4
117,CHEMBL197585,CCN(CC)CC[n+]1ccc2c(C)c3[nH]c4ccc(O)cc4c3c(C)c2c1,6.35
121,CHEMBL19954,COc1ccc2[nH]c3c(C)c4ccncc4c(C)c3c2c1,6.1
125,CHEMBL282444,CCN(CC)CCCNc1nccc2c(C)c3[nH]c4ccc(O)cc4c3c(C)c12,5.85
129,CHEMBL197610,CCN(CC)CCCNc1nccc2c(C)c3[nH]c4ncccc4c3cc12,5.64
133,CHEMBL279472,CCN(CC)CCCNc1nccc2c(C)c3[nH]c4ccc(OC)cc4c3cc12,5.6
137,CHEMBL55137,CCN(CC)CCCNc1nccc2c(C)c3c(c(C)c12)c4cc(O)ccc4n3C,5.6
154,CHEMBL535,CCN(CC)CCNC(=O)c1c(C)[nH]c(\C=C\2/C(=O)Nc3ccc(F)cc23)c1C,9.15
156,CHEMBL91829,CN(C)C[C@@H]1CCn2cc(C3=C(C(=O)NC3=O)c4cn(CCO1)c5ccccc45)c6ccccc26,6.42
157,CHEMBL1336,CNC(=O)c1cc(Oc2ccc(NC(=O)Nc3ccc(Cl)c(c3)C(F)(F)F)cc2)ccn1,6.13
177,CHEMBL203227,COc1cc2nccc(Oc3ccc(NC(=O)NC(=O)c4ccccc4C)cc3)c2cc1OC,6.63
178,CHEMBL203279,COc1cc2ncnc(Oc3ccc(NC(=O)NC(=O)c4ccccc4C)cc3)c2cc1OC,6.21
180,CHEMBL202919,COc1cc2nccc(Oc3ccc(NC(=S)NC(=O)c4ccccc4Cl)cc3)c2cc1OC,6.2
181,CHEMBL378489,COc1cc2nccc(Oc3ccc(NC(=S)NC(=O)c4ccccc4)cc3)c2cc1OC,6.03
182,CHEMBL205372,COc1cc2nccc(Oc3ccc(NC(=S)NC(=O)Cc4ccccc4)cc3)c2cc1OC,6.7
183,CHEMBL204120,COc1cc2nccc(Oc3ccc(NC(=S)NC(=O)C4CCCCC4)cc3)c2cc1OC,6.63
184,CHEMBL425043,COc1cc2nccc(Oc3ccc(NC(=O)OCCC4CCCCC4)cc3)c2cc1OC,7.1
185,CHEMBL380703,COc1cc2nccc(Oc3ccc(NC(=O)Oc4ccccc4)cc3)c2cc1OC,7.72
186,CHEMBL382399,COc1cc2ncnc(Oc3ccc(N\C(=N\CC4CCCCC4)\S)cc3)c2cc1OC,6.82
187,CHEMBL204409,COc1cc2ncnc(Oc3ccc(N\C(=N\Cc4ccccc4)\S)cc3)c2cc1OC,6.52
188,CHEMBL205674,COc1cc2nccc(Oc3ccc(N\C(=N\C4CCCCC4)\S)cc3)c2cc1OC,7.16
191,CHEMBL205089,COc1cc2ncnc(Oc3ccc(NC(=O)NC4CCCCC4)cc3)c2cc1OC,7.57
192,CHEMBL205953,COc1cc2nccc(Oc3ccc(NC(=O)NC4CCCCC4)cc3)c2cc1OC,7.66
195,CHEMBL383264,N[C@H](COc1cncc(c1)c2ccc3cnccc3c2)Cc4c[nH]c5ccccc45,4.58
196,CHEMBL377193,Oc1ccc2[nH]c(cc2c1)C(=O)c3cc4cc(O)ccc4[nH]3,6.3
198,CHEMBL207858,Cc1cccc2[nH]c(cc12)C(=O)c3cc4cc(O)ccc4[nH]3,6.3
207,CHEMBL379218,Cc1n[nH]c2ccc(cc12)c3cncc(OC[C@@H](N)Cc4ccccc4)c3,5.24
209,CHEMBL377734,Fc1cc(F)c(cc1NCc2cnc(Nc3ccccn3)s2)C(=O)NC4CC4,6.43
210,CHEMBL212084,C(c1ccc2Cc3c(n[nH]c3c2c1)c4ccsc4)n5ccnc5,6.99
211,CHEMBL213743,CN1CCN(Cc2ccc3Cc4c(n[nH]c4c3c2)c5ccsc5)CC1,6.84
218,CHEMBL213618,CNc1nccc(n1)c2ccc(s2)C(=O)N[C@H](CN)Cc3ccc(Cl)cc3Cl,6.96
219,CHEMBL214161,CN1CCN(Cc2ccc3Cc4c(n[nH]c4c3c2)c5ccc(CNC(=O)Nc6cccc(C)c6)s5)CC1,7.16
220,CHEMBL213507,CN1CCN(Cc2ccc3c(Cc4c(n[nH]c34)c5ccc(CNC(=O)Nc6cccc(C)c6)s5)c2)CC1,7.07
221,CHEMBL215417,CN1CCN(Cc2ccc3c(Cc4c(n[nH]c34)c5ccc(CNC(=O)Nc6ccccc6C(F)(F)F)s5)c2)CC1,4.62
225,CHEMBL380397,CN1CCN(Cc2ccc3c(Cc4c(n[nH]c34)c5ccc(CNC(=O)Nc6cc(Cl)cc(Cl)c6)s5)c2)CC1,7.42
226,CHEMBL225248,CN(Cc1ccc(s1)c2n[nH]c3c2Cc4cc(CN5CCN(C)CC5)ccc34)C(=O)Nc6cccc(C)c6,4.83
227,CHEMBL425262,CN(C(=O)NCc1ccc(s1)c2[nH]nc3c2Cc4cc(CN5CCN(C)CC5)ccc34)c6cccc(C)c6,6.86
228,CHEMBL212987,CN(Cc1ccc(s1)c2[nH]nc3c2Cc4cc(CN5CCN(C)CC5)ccc34)C(=O)N(C)c6cccc(C)c6,4.57
229,CHEMBL209421,CN(Cc1ccc(s1)c2[nH]nc3c2Cc4cc(CN5CCN(C)CC5)ccc34)C(=O)Nc6ccccc6C,5.24
232,CHEMBL379088,CN(Cc1ccc(s1)c2[nH]nc3c2Cc4cc(CN5CCN(C)CC5)ccc34)C(=O)Nc6cccc(OC(F)(F)F)c6,7.25
233,CHEMBL213430,CCN(Cc1ccc(s1)c2[nH]nc3c2Cc4cc(CN5CCN(C)CC5)ccc34)C(=O)Nc6cccc(C)c6,5.66
234,CHEMBL380068,CCCN(Cc1ccc(s1)c2[nH]nc3c2Cc4cc(CN5CCN(C)CC5)ccc34)C(=O)Nc6cccc(C)c6,7.13
235,CHEMBL377400,CC(C)N(Cc1ccc(s1)c2[nH]nc3c2Cc4cc(CN5CCN(C)CC5)ccc34)C(=O)Nc6cccc(C)c6,5.01
236,CHEMBL214063,CN1CCN(Cc2ccc3c(Cc4c(n[nH]c34)c5ccc(CN(C6CC6)C(=O)Nc7cccc(C)c7)s5)c2)CC1,6.87
237,CHEMBL210070,CC(C)CN(Cc1ccc(s1)c2[nH]nc3c2Cc4cc(CN5CCN(C)CC5)ccc34)C(=O)Nc6cccc(C)c6,4.76
238,CHEMBL213909,CC(C)CCN(Cc1ccc(s1)c2[nH]nc3c2Cc4cc(CN5CCN(C)CC5)ccc34)C(=O)Nc6cccc(C)c6,5.32
240,CHEMBL210113,CN1CCN(Cc2ccc3Cc4c(n[nH]c4c3c2)c5ccc(CNC(=O)Nc6ccccc6)s5)CC1,7.0
241,CHEMBL212985,CN1CCN(Cc2ccc3Cc4c(n[nH]c4c3c2)c5ccc(CNC(=O)Nc6ccccc6C)s5)CC1,6.17
243,CHEMBL223220,CN(Cc1ccc(s1)c2n[nH]c3c2Cc4ccc(CN5CCN(C)CC5)cc34)C(=O)Nc6cccc(C)c6,7.02
245,CHEMBL378831,CN(Cc1ccc(s1)c2[nH]nc3c2Cc4ccc(CN5CCN(C)CC5)cc34)C(=O)Nc6cccc(Cl)c6,7.42
246,CHEMBL384294,CN(Cc1ccc(s1)c2[nH]nc3c2Cc4ccc(CN5CCN(C)CC5)cc34)C(=O)Nc6ccc(F)cc6,7.23
249,CHEMBL380243,CN(Cc1ccc(s1)c2[nH]nc3c2Cc4ccc(CN5CCN(C)CC5)cc34)C(=O)Nc6ccc(Cl)cc6,7.44
250,CHEMBL209922,CN1CCN(Cc2ccc3c(Cc4c(n[nH]c34)c5ccc(CNC(=O)Nc6ccccc6Cl)s5)c2)CC1,6.04
252,CHEMBL425615,CN1CCN(Cc2ccc3c(Cc4c(n[nH]c34)c5ccc(CNC(=O)Nc6ccccc6C)s5)c2)CC1,5.86
253,CHEMBL214109,CON(Cc1ccc(s1)c2[nH]nc3c2Cc4cc(CN5CCN(C)CC5)ccc34)C(=O)Nc6cccc(C)c6,6.63
256,CHEMBL217092,CN1CCN(CCOc2cc(OC3CCOCC3)c4c(Nc5c(Cl)ccc6OCOc56)ncnc4c2)CC1,6.7
257,CHEMBL402548,CO[C@@H](C(=O)N1Cc2n[nH]c(NC(=O)c3ccc(cc3)N4CCN(C)CC4)c2C1)c5ccccc5,6.39
259,CHEMBL386637,CN(C)[C@H]1CCCN(C1)c2ccc(cc2NC(=O)c3cc(ccc3F)C#Cc4cnc(N)nc4)C(F)(F)F,5.55
263,CHEMBL222778,Nc1ccc(cc1)c2cccc3[nH]nc(N)c23,5.13
264,CHEMBL222315,Nc1n[nH]c2cccc(c3ccc(NC(=O)C4CCCCC4)cc3)c12,6.82
265,CHEMBL426887,Nc1n[nH]c2cccc(c3ccc(NC(=O)NC4CCCC4)cc3)c12,6.07
266,CHEMBL376307,Nc1n[nH]c2cccc(c3ccc(NC(=O)Nc4ccsc4)cc3)c12,7.38
268,CHEMBL219722,Nc1n[nH]c2cccc(c3ccc(NC(=O)Nc4ccccc4)cc3)c12,7.36
269,CHEMBL220317,Nc1n[nH]c2cccc(c3ccc(NS(=O)(=O)c4ccccc4)cc3)c12,4.95
271,CHEMBL223361,Nc1n[nH]c2cccc(c3ccc(NC(=O)Nc4cc(ccc4F)C(F)(F)F)cc3)c12,6.82
272,CHEMBL426004,Cc1ccc(NC(=O)Nc2ccc(cc2)c3cccc4[nH]nc(N)c34)cc1F,7.38
275,CHEMBL223304,Nc1n[nH]c2cccc(c3ccc(NC(=O)Nc4cccc(O)c4)cc3)c12,7.32
276,CHEMBL424943,Nc1n[nH]c2cccc(c3ccc(NC(=O)Nc4cccc(c4)C(F)(F)F)cc3)c12,7.39
277,CHEMBL222728,Nc1n[nH]c2cccc(c3ccc(NC(=O)Nc4cccc(Br)c4)cc3)c12,7.16
279,CHEMBL221053,CCc1cccc(NC(=O)Nc2ccc(cc2)c3cccc4[nH]nc(N)c34)c1,7.38
281,CHEMBL376077,Cc1ccccc1NC(=O)Nc2ccc(cc2)c3cccc4[nH]nc(N)c34,7.07
284,CHEMBL223583,Nc1n[nH]c2cccc(c3ccc(NC(=O)Nc4ccccc4F)cc3)c12,7.47
285,CHEMBL373845,CN1CCN(Cc2ccc(c3ccc(NC(=O)Nc4cccc(C)c4)cc3)c5c(N)n[nH]c25)CC1,6.54
286,CHEMBL223572,Cc1cccc(NC(=O)Nc2ccc(cc2)c3ccc(CN4CCOCC4)c5[nH]nc(N)c35)c1,6.4
287,CHEMBL223528,COCCOc1ccc(c2ccc(NC(=O)Nc3cccc(C)c3)cc2)c4c(N)n[nH]c14,7.5
288,CHEMBL376245,Cc1cccc(NC(=O)Nc2ccc(cc2)c3ccc(OCCN4CCCC4=O)c5[nH]nc(N)c35)c1,7.28
289,CHEMBL223478,Cc1cccc(NC(=O)Nc2ccc(cc2)c3ccc(OCCN4CCOCC4)c5[nH]nc(N)c35)c1,7.3
291,CHEMBL219774,CCN(CC)CCOc1ccc(c2ccc(NC(=O)Nc3cccc(C)c3)cc2)c4c(N)n[nH]c14,7.22
292,CHEMBL438653,CN(C)CCOc1ccc(c2ccc(NC(=O)Nc3cccc(C)c3)cc2)c4c(N)n[nH]c14,7.19
293,CHEMBL219727,Cc1cccc(NC(=O)Nc2ccc(cc2)c3ccc(Br)c4[nH]nc(N)c34)c1,7.41
297,CHEMBL1421,Cc1nc(Nc2ncc(s2)C(=O)Nc3c(C)cccc3Cl)cc(n1)N4CCN(CCO)CC4,8.3
301,CHEMBL395080,COc1cc(ccc1N)c2ccc3C(=O)Nc4cc(CC(=O)Nc5ccc(cc5)N6CCOCC6)ccc4Nc3c2,4.5
303,CHEMBL231568,CNC(=O)c1cc(Oc2ccc3oc(Nc4ccc(Cl)c(OC[C@@H]5CCCN5C)c4)nc3c2)ccn1,7.52
304,CHEMBL269594,CO\N=C\c1c(N)ncnc1N2CCN(CC2)C(=O)Nc3ccc(OC(C)C)cc3,4.98
308,CHEMBL246356,CNc1ncnc(n1)c2cccnc2Oc3cc(NC(=O)c4cccc(OC(F)(F)C(F)F)c4)ccc3C,4.75
310,CHEMBL245768,CN1CCN(CC(=O)Nc2cccc3c2Cc4c3n[nH]c4c5ccsc5)CC1,5.36
311,CHEMBL247585,O=C(Nc1cccc2c1Cc3c2n[nH]c3c4ccsc4)c5ccccc5,6.75
312,CHEMBL395695,Cc1onc(c1)C(=O)Nc2cccc3c2Cc4c3n[nH]c4c5ccsc5,6.05
313,CHEMBL247389,O=C(Nc1cccc2c1Cc3c2n[nH]c3c4ccsc4)c5occc5,5.96
314,CHEMBL247388,COC(=O)C(=O)Nc1cccc2c1Cc3c2n[nH]c3c4ccsc4,5.95
315,CHEMBL396586,CCOC(=O)Nc1cccc2c1Cc3c2n[nH]c3c4ccsc4,5.59
316,CHEMBL442273,COCC(=O)Nc1cccc2c1Cc3c2n[nH]c3c4ccsc4,5.8
317,CHEMBL245362,CCCC(=O)Nc1cccc2c1Cc3c2n[nH]c3c4ccsc4,5.02
318,CHEMBL246546,OCCNCc1cccc2c1Cc3c2n[nH]c3c4ccsc4,5.78
319,CHEMBL246343,OC(=O)CNC(=O)c1cccc2c1Cc3c2n[nH]c3c4ccsc4,5.29
320,CHEMBL246342,OC(=O)CCNC(=O)c1cccc2c1Cc3c2n[nH]c3c4ccsc4,5.25
321,CHEMBL245934,OCC1CCN(Cc2cccc3c2Cc4c3n[nH]c4c5ccsc5)CC1,5.14
323,CHEMBL395694,CCS(=O)(=O)Nc1cccc2c1Cc3c2n[nH]c3c4ccsc4,5.36
324,CHEMBL245377,CN1CCN(CC(=O)Nc2cccc3c2Cc4c3n[nH]c4c5csc(c5)C#CCOc6ccccc6)CC1,7.31
325,CHEMBL395427,CCOC(=O)CC(=O)Nc1cccc2c1Cc3c2n[nH]c3c4csc(c4)C#CCOc5ccccc5,6.21
326,CHEMBL246166,COC(=O)C(=O)Nc1cccc2c1Cc3c2n[nH]c3c4csc(c4)C#CCOc5ccccc5,6.9
327,CHEMBL245968,COCCOCC(=O)Nc1cccc2c1Cc3c2n[nH]c3c4csc(c4)C#CCOc5ccccc5,5.36
328,CHEMBL245769,COCC(=O)Nc1cccc2c1Cc3c2n[nH]c3c4csc(c4)C#CCOc5ccccc5,6.76
336,CHEMBL392600,FC1(F)Oc2ccc(NC(=O)c3ncsc3NCc4ccncc4)cc2OC1(F)F,7.02
339,CHEMBL395705,FC1(F)Oc2ccc(NC(=O)c3ccccc3NCc4ccnc(NC(=O)NCc5ccccc5)c4)cc2O1,7.32
340,CHEMBL399571,FC1(F)Oc2ccc(NC(=O)c3ccccc3NCc4ccnc(NC(=O)Nc5ccc6CCCc6c5)c4)cc2O1,6.62
341,CHEMBL397345,FC1(F)Oc2ccc(NC(=O)c3ccccc3NCc4ccnc(NC(=O)Nc5ccccc5)c4)cc2O1,7.06
353,CHEMBL400057,CN(C)c1nccc(CNc2ccccc2C(=O)Nc3ccc4OC(F)(F)Oc4c3)n1,7.3
356,CHEMBL400308,FC1(F)Oc2ccc(NC(=O)c3ccccc3NCc4ccnc(c4)C5=NCCN5)cc2O1,7.14
358,CHEMBL248257,FC1(F)Oc2ccc(NC(=O)c3ccccc3NCc4ccnc(c4)C#N)cc2O1,7.43
363,CHEMBL245805,COCCNC(=O)c1cc(CNc2ccccc2C(=O)Nc3ccc4OC(F)(F)Oc4c3)ccn1,7.42
366,CHEMBL398872,FC1(F)Oc2ccc(NC(=O)c3ccccc3NCc4ccnc(c4)C(=O)NCCCN5CCOCC5)cc2O1,7.35
367,CHEMBL248397,CCN(CC)CCCNC(=O)c1cc(CNc2ccccc2C(=O)Nc3ccc4OC(F)(F)Oc4c3)ccn1,7.38
368,CHEMBL248227,CCN(CC)CCNC(=O)c1cc(CNc2ccccc2C(=O)Nc3ccc4OC(F)(F)Oc4c3)ccn1,7.24
372,CHEMBL248757,Clc1cc2NC(=O)Nc3cnc(C#N)c(OCCCCOc2cc1NCc4cncs4)n3,5.95
374,CHEMBL253292,CCN(CC)CCOc1ccc(Nc2cc(NC(=O)Nc3c(Cl)cccc3Cl)ncn2)cc1,6.03
378,CHEMBL407485,Nc1ccc(cc1)c2cccc3onc(N)c23,4.83
380,CHEMBL406404,Cc1ccc(F)c(NC(=O)Nc2ccc(cc2)c3ccc(OCCN4CCOCC4)c5onc(N)c35)c1,7.15
381,CHEMBL270489,Cc1ccc(F)c(NC(=O)Nc2ccc(cc2)c3ccc(CN4CCOCC4)c5onc(N)c35)c1,6.94
382,CHEMBL273048,Cc1ccc(F)c(NC(=O)Nc2ccc(cc2)c3ccc(OC(F)(F)F)c4onc(N)c34)c1,6.53
383,CHEMBL260305,Cc1ccc(F)c(NC(=O)Nc2ccc(cc2)c3ccc(F)c4onc(N)c34)c1,6.67
384,CHEMBL260307,Cc1ccc(F)c(NC(=O)Nc2ccc(cc2)c3ccc(C)c4onc(N)c34)c1,7.19
385,CHEMBL269884,COc1ccc(c2ccc(NC(=O)Nc3cccc(Cl)c3)cc2)c4c(N)noc14,7.14
386,CHEMBL430090,COc1ccc(c2ccc(NC(=O)Nc3cccc(c3)C(F)(F)F)cc2)c4c(N)noc14,7.25
387,CHEMBL270084,COc1ccc(c2ccc(NC(=O)Nc3cc(C)ccc3F)cc2)c4c(N)noc14,7.37
388,CHEMBL270506,Cc1ccc(NC(=O)Nc2ccc(cc2)c3cccc4onc(N)c34)cc1Cl,7.3
391,CHEMBL273077,Nc1noc2cccc(c3ccc(NC(=O)Nc4ccc(F)c(Cl)c4)cc3)c12,7.44
392,CHEMBL410663,Nc1noc2cccc(c3ccc(NC(=O)Nc4ccc(F)c(c4)C(F)(F)F)cc3)c12,7.21
394,CHEMBL271386,Nc1noc2cccc(c3ccc(NC(=O)Nc4cc(ccc4F)C(F)(F)F)cc3)c12,6.47
395,CHEMBL409349,Cc1cc(C)cc(NC(=O)Nc2ccc(cc2)c3cccc4onc(N)c34)c1,7.43
396,CHEMBL271955,Nc1noc2cccc(c3ccc(NC(=O)Nc4ccc(OC(F)(F)F)cc4)cc3)c12,6.99
407,CHEMBL270302,Nc1noc2cccc(c3ccc(NC(=O)Nc4ccccc4C(F)(F)F)cc3)c12,4.63
408,CHEMBL409912,Nc1noc2cccc(c3ccc(NC(=O)Nc4ccccc4OC(F)(F)F)cc3)c12,6.78
411,CHEMBL272425,Nc1nsc2cccc(c3ccc(NC(=O)Nc4cccc(c4)C(F)(F)F)cc3)c12,5.58
412,CHEMBL271795,Cc1ccc(F)c(NC(=O)Nc2ccc(cc2)c3cccc4snc(N)c34)c1,6.1
413,CHEMBL271796,Nc1noc2cccc(c3ccc(NC(=O)Nc4cccc(c4)C(F)(F)F)cc3)c12,6.94
417,CHEMBL270070,NC(=O)Nc1ccc(cc1)c2cccc3onc(N)c23,5.35
418,CHEMBL410295,CN1CCN(CC1)c2ccc(Nc3ncc4C(=O)N(c5c(C)cccc5C)c6nc7ccccc7n6c4n3)cc2,6.25
419,CHEMBL403661,CCc1ccc(cc1)C2=C(C(=O)Nc3ccc(Cl)cc23)c4cnc(C)[nH]4,7.17
420,CHEMBL273198,CCc1ccc(cc1)C2=C(C(=O)Nc3ccc(cc23)C#N)c4cnc(C)[nH]4,6.77
424,CHEMBL414001,CN1CCN(CC1)c2ccc(Nc3ncc4C(=O)C(=CN(c5ccc6CCCc6c5)c4n3)C(=O)N)cc2,7.25
426,CHEMBL406375,o1c2ccccc2c3[nH]nc(c4ccccc4)c13,6.52
427,CHEMBL406381,CCCNC(=O)Nc1ccc(Oc2ncnc3cc(OC)c(OC)cc23)cc1Cl,5.36
434,CHEMBL260848,Nc1ncnc2NCCC(=Nc12)c3cccc(NC(=O)Nc4cccc(c4)C(F)(F)F)c3,7.04
435,CHEMBL263374,Nc1ncnc2NCCC(=Nc12)c3cccc(NC(=O)Nc4ccccc4)c3,5.52
437,CHEMBL262607,Cc1ccc(F)c(NC(=O)Nc2ccc(cc2)C3=Nc4c(N)ncnc4NCC3)c1,7.43
438,CHEMBL412102,Nc1ncnc2NCCC(=Nc12)c3ccc(NC(=O)Nc4ccc(Cl)c(c4)C(F)(F)F)cc3,7.3
442,CHEMBL259013,Nc1ncnc2NCCC(=Nc12)c3ccc(NC(=O)Nc4ccc(cc4)C(F)(F)F)cc3,7.46
453,CHEMBL509101,Fc1ccc(cc1)N2C=CC=C(C(=O)Nc3ccc(Oc4ccnc5[nH]ccc45)c(F)c3)C2=O,6.22
454,CHEMBL488840,Cc1cccc(C)c1\C=C\n2cnc3c(Nc4ccc(cc4)P(=O)(C)C)ncnc23,6.38
461,CHEMBL487431,Cc1ccc(cc1C(=O)Nc2ccc(N)nc2)C(=O)NCCC3CCCC3,7.11
476,CHEMBL523741,CC1=C(C(=O)N(C=C1)c2ccccc2)c3ccc4nc(N)ncc4c3,6.68
495,CHEMBL494072,Cc1ccc(cc1c2ccc3nc(NCCN4CCOCC4)ncc3c2)C(=O)NC5CC5,6.79
496,CHEMBL492265,Cc1ccccc1c2nncc3cc(ccc23)c4cc(ccc4C)C(=O)NC5CC5,5.53
497,CHEMBL495330,Cc1ccc(cc1c2ccc3c(nncc3c2)c4ccccc4)C(=O)NC5CC5,6.83
498,CHEMBL493708,C[C@@H](Oc1nncc2cc(ccc12)c3cc(ccc3C)C(=O)NC4CC4)C(F)(F)F,5.93
499,CHEMBL493671,C[C@H](Oc1nncc2cc(ccc12)c3cc(ccc3C)C(=O)NC4CC4)C(F)(F)F,5.97
500,CHEMBL493670,CC(C)Oc1nncc2cc(ccc12)c3cc(ccc3C)C(=O)NC4CC4,6.38
502,CHEMBL494469,C[C@H]1COCCN1c2nncc3cc(ccc23)c4cc(ccc4C)C(=O)NC5CC5,5.7
503,CHEMBL494272,Cc1ccc(cc1c2ccc3c(nncc3c2)N4CCOCC4)C(=O)NC5CC5,6.28
504,CHEMBL494270,Cc1ccc(cc1c2ccc3c(NCCN4CCOCC4)nncc3c2)C(=O)NC5CC5,5.97
505,CHEMBL492266,CC(C)Oc1cncc2cc(ccc12)c3cc(ccc3C)C(=O)NC4CC4,7.39
516,CHEMBL484884,Clc1ccc2c(Nc3cccc(c3)C#N)noc2c1C(=O)Nc4cncnc4,7.23
521,CHEMBL491418,CCCCCc1ccc(Nc2noc3c(C(=O)Nc4cncnc4)c(Cl)ccc23)cc1,6.77
535,CHEMBL512840,Cc1ccc(cc1C(=O)Nc2cncnc2)C(=O)Nc3cccc(c3)C(F)(F)F,7.43
536,CHEMBL505394,Cc1ccc(cc1C(=O)Nc2ccc(N)nc2)C(=O)NCCN3CCCC3,5.44
539,CHEMBL488834,Cc1ccc(cc1C(=O)Nc2ccc(N)nc2)C(=O)NCCC3CCCCC3,7.46
540,CHEMBL443902,Cc1ccc(cc1C(=O)Nc2ccc(N)nc2)C(=O)NC3CCCCC3,5.35
541,CHEMBL487865,Cc1ccc(cc1C(=O)Nc2ccc(N)nc2)C(=O)Nc3ccc(cc3)C(F)(F)F,6.92
543,CHEMBL487863,CC(=O)Nc1ncc(NC(=O)c2cc(ccc2C)C(=O)Nc3cccc(c3)C(F)(F)F)cn1,7.24
549,CHEMBL469882,Cc1ccc(cc1NC(=O)c2cncnc2)C(=O)Nc3cccc(c3)C(F)(F)F,6.97
550,CHEMBL488833,Cc1ccc(cc1C(=O)Nc2ccc(N)nc2)C(=O)NCC3CCCCC3,5.93
557,CHEMBL511337,NC(=O)c1ccc(Nc2cc([nH]n2)c3ccc(F)cc3)cc1,6.96
561,CHEMBL482968,CN1CCN(CC1)c2cc(Nc3cc(C)[nH]n3)nc(\C=C\c4ccccc4)n2,6.92
593,CHEMBL477772,CN(c1ccc2c(C)n(C)nc2c1)c3ccnc(Nc4ccc(C)c(c4)S(=O)(=O)N)n3,7.13
597,CHEMBL461139,O=C1NC=Nc2[nH]c(cc12)c3ccnc(\C=C\c4ccc(CN5CCOCC5)cc4)c3,5.28
598,CHEMBL461140,CN(C)CCOc1ccc(\C=C\c2cc(ccn2)c3cc4C(=O)NC=Nc4[nH]3)cc1,5.22
622,CHEMBL564829,CNC(=O)c1nn(C)c2c3nc(Nc4ccc(cc4)N5CCN(C)CC5)ncc3CC(C)(C)c12,6.18
652,CHEMBL191003,Nc1nc(Nc2ccc(cc2)S(=O)(=O)N)nn1C(=O)c3c(F)cccc3F,5.75
833,CHEMBL584052,Oc1ccc(cc1)C2C(=O)Nc3ccccc3c4ccnc5[nH]cc2c45,6.72
834,CHEMBL565366,CN1CCN(CC1)C(=O)c2ccc(Nc3ncc4C=C(C(=O)N(C)c4n3)c5c(Cl)cccc5Cl)cc2,6.63
836,CHEMBL567068,CN1C(=O)C(=Cc2cnc(Nc3ccc(NCC(O)CO)cc3)nc12)c4c(Cl)cccc4Cl,6.38
837,CHEMBL566635,CN1C(=O)C(=Cc2cnc(Nc3ccc(NC(=O)CCN)cc3)nc12)c4c(Cl)cccc4Cl,6.62
839,CHEMBL327127,CN1C(=O)C(=Cc2cnc(Nc3cccc(CO)c3)nc12)c4c(Cl)cccc4Cl,6.2
845,CHEMBL570175,CN1C(=O)C(=Cc2cnc(Nc3ccc(I)cc3)nc12)c4c(Cl)cccc4Cl,6.12
846,CHEMBL585666,CN1C(=O)C(=Cc2cnc(Nc3ccc(OC4OC(CO)C(O)C(O)C4O)cc3)nc12)c5c(Cl)cccc5Cl,6.6
847,CHEMBL574059,CN1C(=O)C(=Cc2cnc(Nc3ccc(F)cc3)nc12)c4c(Cl)cccc4Cl,6.54
850,CHEMBL566636,CN1C(=O)C(=Cc2cnc(Nc3ccc(N)cc3)nc12)c4c(Cl)cccc4Cl,6.31
878,CHEMBL597492,COc1cc(cc(OC)c1OC)C2=C(C(=O)NC2=O)c3c[nH]c4ccc(I)cc34,5.48
879,CHEMBL605957,COc1cc(cc(OC)c1OC)C2=C(C(=O)NC2=O)c3c[nH]c4ccc(Br)cc34,5.49
880,CHEMBL201511,COc1cc(cc(OC)c1OC)C2=C(C(=O)NC2=O)c3c[nH]c4ccccc34,5.72
881,CHEMBL606168,COc1cc(cc(OC)c1OC)C2=C(C(=O)NC2=O)c3c[nH]c4ccc(F)cc34,5.46
883,CHEMBL600795,C[C@@H](Oc1ccc2ncccc2c1)c3c(Cl)ccc(F)c3Cl,4.39
884,CHEMBL602472,C[C@@H](Oc1ccc2ncc(cc2c1)C3CC3C(=O)N)c4c(Cl)ccc(F)c4Cl,4.39
888,CHEMBL602123,Fc1c(F)c(NC(=O)c2cccc(OC(F)(F)F)c2)cc(Oc3cccc4NC(=O)Nc34)c1F,6.67
889,CHEMBL598626,CC(C)(C)c1cc(NC(=O)c2cccc(Oc3cccc4NC(=O)Nc34)c2)n(n1)c5ccccc5,6.05
890,CHEMBL597592,CC(C)(C)c1cc(NC(=O)Nc2cccc(Oc3cccc4NC(=O)Nc34)c2)n(n1)c5ccccc5,5.87
893,CHEMBL1079113,CN1CCN(Cc2ccc(cc2)C(=O)Nc3ccc(C)c(Nc4nccc(n4)c5ccc(C)nc5)c3)CC1,7.37
898,CHEMBL255863,Cc1cn(cn1)c2cc(NC(=O)c3ccc(C)c(Nc4nccc(n4)c5cccnc5)c3)cc(c2)C(F)(F)F,6.8
899,CHEMBL1081831,N[C@H](CNc1ncc(s1)c2ccc3NC(=O)Cc3c2)Cc4ccc(cc4)C(F)(F)F,6.96
915,CHEMBL1081022,Cc1ccccc1NC(=O)Nc2ccc(c(Cl)c2)c3c(C)sc4ncnc(N)c34,6.7
970,CHEMBL1091199,CN1C(=O)C(=Cc2cnn(c12)c3ccc(F)cc3F)c4cc(ccc4C)C(=O)NC5CC5,4.89
971,CHEMBL1092013,CN1C(=O)C(=Cc2cnn(c12)c3ccccc3F)c4cc(ccc4C)C(=O)NC5CC5,5.77
972,CHEMBL1094408,COc1ccc(cc1Nc2ncc3CCc4c(nn(C)c4c3n2)C(=O)N)N5CCN(C)CC5,5.72
975,CHEMBL1085511,CC(C)COC(=O)Nc1ccc(cc1)c2cnc3c(cnn3c2N)c4ccc(cc4)N5CCN(C)CC5,7.05
1051,CHEMBL1242977,CNc1nccc(n1)c2cccnc2Oc3ccc(NC(=O)c4cccc(c4)C(F)(F)F)cc3C,5.87
1067,CHEMBL1242107,COC(=O)c1cccc(NC(=O)Nc2ccc(cc2)c3c(C)sc4ncnc(N)c34)c1,7.37
1100,CHEMBL288441,COc1cc(Nc2c(cnc3cc(OCCCN4CCN(C)CC4)c(OC)cc23)C#N)c(Cl)cc1Cl,5.2
1111,CHEMBL1240703,CO[C@@H]1[C@@H](C[C@H]2O[C@]1(C)n3c4ccccc4c5c6[C@H](O)NC(=O)c6c7c8ccccc8n2c7c35)N(C)C(=O)c9ccccc9,6.85
1117,CHEMBL1254007,Cn1ccc2ncnc(Oc3ccc(NC(=O)Nc4cccc(c4)C(F)(F)F)c(F)c3)c12,6.77
1119,CHEMBL1258913,O=C(N[C@H](CN1CCCC1)c2ccccc2)c3cc4[nH]nc(NC(=O)c5ccc(cc5)N6CCOCC6)c4s3,7.46
1120,CHEMBL1258603,Cc1cc(C=C2C(=O)Nc3ccc(F)cc23)c4ccccc(OCCN5CCC[C@H]5CO)c14,7.36
1142,CHEMBL2012519,COc1cc(O)c2C(=O)O[C@@H](C)C\C=C/C(=O)[C@@H](O)[C@@H](O)CCCc2c1,6.52
1143,CHEMBL1651521,COc1cc(O)c2C(=O)O[C@@H](C)C\C=C/C(=O)C[C@@H](O)CCCc2c1,6.17
1144,CHEMBL1651522,COc1cc(O)c2C(=O)O[C@@H](C)C\C=C\C(=O)C[C@@H](O)CCCc2c1,5.12
1147,CHEMBL1668420,COc1cc(O)c2C(=O)O[C@@H](C)C\C=C\C(=O)CCC\C=C/c2c1,5.85
1148,CHEMBL1668419,COc1cc(O)c2C(=O)O[C@@H](C)C\C=C\C(=O)CCCCCc2c1,5.89
1149,CHEMBL1668418,COc1cc(O)c2C(=O)O[C@@H](C)C\C=C\C(=O)CCC\C=C\c2c1,5.89
1150,CHEMBL1668417,COc1cc(O)c2C(=O)O[C@@H](C)C[C@@H](Br)CC(=O)CCC\C=C/c2c1,4.09
1151,CHEMBL1668416,COc1cc(O)c2C(=O)O[C@@H](C)C[C@@H](Cl)CC(=O)CCC\C=C/c2c1,4.0
1152,CHEMBL1668415,COc1cc(O)c2C(=O)O[C@@H](C)C[C@@H](Br)CC(=O)CCCCCc2c1,4.96
1153,CHEMBL1668414,COc1cc(O)c2C(=O)O[C@@H](C)C[C@@H](Br)CC(=O)CCC\C=C\c2c1,5.55
1154,CHEMBL1668413,COc1cc(O)c2C(=O)O[C@@H](C)C[C@@H](Cl)CC(=O)CCCCCc2c1,4.33
1165,CHEMBL1681932,CCNC(=O)Nc1ccc(Oc2ncnc(N)c2\C=N\OC)cc1Cl,6.29
1168,CHEMBL1448,Oc1ccc(Cl)cc1C(=O)Nc2ccc(cc2Cl)[N+](=O)[O-],4.56
1170,CHEMBL1765772,CN(C)c1ccc(cc1)C(=O)NC2=CC(=CNC2=O)c3ccncc3,7.34
1174,CHEMBL1765775,CNc1cc(ncn1)C2=CNC(=O)C(=C2)NC(=O)c3ccc(cc3)N4CCCCC4,7.08
1175,CHEMBL1765776,CNc1cccc(c1)C2=CNC(=O)C(=C2)NC(=O)c3ccc(cc3)N4CCCCC4,7.09
1176,CHEMBL1765777,CNc1cccc(n1)C2=CNC(=O)C(=C2)NC(=O)c3ccc(cc3)N4CCCCC4,6.83
1177,CHEMBL1765779,CNc1cncc(n1)C2=CNC(=O)C(=C2)NC(=O)c3ccc(cc3)N4CCCCC4,6.81
1178,CHEMBL1765780,CNc1cncc(c1)C2=CNC(=O)C(=C2)NC(=O)c3ccc(cc3)N4CCCCC4,6.57
1179,CHEMBL1765781,CNc1cncc(n1)C2=CNC(=O)C(=C2)NC(=O)c3ccc(cc3)N4CCC[C@H]4CN5CCCC5,6.7
1180,CHEMBL1765782,CNc1cncc(c1)C2=CNC(=O)C(=C2)NC(=O)c3ccc(cc3)N4CCC[C@H]4CN5CCCC5,5.89
1181,CHEMBL1765783,CNc1cc(F)cc(c1)C2=CNC(=O)C(=C2)NC(=O)c3ccc(cc3)N4CCC[C@H]4CN5CCCC5,6.4
1182,CHEMBL1765784,CNc1cc(cc(c1)C2=CNC(=O)C(=C2)NC(=O)c3ccc(cc3)N4CCC[C@H]4CN5CCCC5)C#N,6.4
1184,CHEMBL1765715,Cc1ccc(NC(=O)c2ccc(CCl)cc2)cc1Nc3nccc(n3)c4cccnc4,6.61
1185,CHEMBL1765716,Cc1ccc(NC(=O)c2ccc(CN)cc2)cc1Nc3nccc(n3)c4cccnc4,6.1
1186,CHEMBL1765717,Cc1ccc(NC(=O)c2ccc(CNC(=O)CCl)cc2)cc1Nc3nccc(n3)c4cccnc4,6.1
1187,CHEMBL1765718,C\C=C\C(=O)NCc1ccc(cc1)C(=O)Nc2ccc(C)c(Nc3nccc(n3)c4cccnc4)c2,5.33
1188,CHEMBL1765719,CC(=C)C(=O)NCc1ccc(cc1)C(=O)Nc2ccc(C)c(Nc3nccc(n3)c4cccnc4)c2,5.56
1259,CHEMBL545315,Cl.Cl.Fc1ccc(Nc2ncnc3cc(OCCCN4CCOCC4)c(NC(=O)C=C)cc23)cc1Cl,5.11
1338,CHEMBL1823220,CC1(C)c2cc(N3CCN(CC3)C4COC4)c(cc2C(=O)c5c1[nH]c6cc(ccc56)C#N)C#C,5.62
1339,CHEMBL1823219,Cc1cc2C(=O)c3c([nH]c4cc(ccc34)C#N)C(C)(C)c2cc1N5CCN(CC5)C6COC6,7.3
1340,CHEMBL1779201,CC1(C)c2cc(ccc2C(=O)c3c1[nH]c4cc(ccc34)C#N)N5CCN(CC5)C6COC6,7.08
1346,CHEMBL1833992,COc1ccc(cc1Nc2nc(N)n(n2)c3ccccn3)N4CCOCC4,7.22
1347,CHEMBL1835743,Nc1nc(Nc2cc(ccc2F)N3CCOCC3)nn1c4ccccn4,7.43
1349,CHEMBL1835745,COc1cc(ccc1Nc2nc(N)n(n2)c3ccc(cn3)C#N)N4CCOCC4,6.69
1350,CHEMBL1835746,COc1ccccc1Nc2nc(N)n(n2)c3cc(NCCN(C)C)ncn3,6.57
1357,CHEMBL1835865,CC(=O)Nc1ccc(Nc2nc(N)n(n2)c3ccccn3)cc1,6.62
1358,CHEMBL1835866,CC(=O)Nc1cccc(Nc2nc(N)n(n2)c3ccccn3)c1,6.75
1365,CHEMBL1834657,CCN1CCN(CC1)c2ccc(Nc3cc(ncn3)N(C)C(=O)Nc4c(Cl)c(OC)cc(OC)c4Cl)cc2.OP(=O)(O)O,5.6
1391,CHEMBL450786,Cc1[nH]c(\C=C\2/C(=O)Nc3ccc(cc23)S(=O)(=O)Cc4c(Cl)cccc4Cl)c(C)c1C(=O)N5CCC[C@@H]5CN6CCCC6,5.5
1471,CHEMBL502835,COC(=O)c1ccc2\C(=C(\Nc3ccc(cc3)N(C)C(=O)CN4CCN(C)CC4)/c5ccccc5)\C(=O)Nc2c1,8.24
1519,CHEMBL1230020,CCCS(=O)(=O)Nc1ccc(F)c(C(=O)c2c[nH]c3ncc(Cl)cc23)c1F,6.75
1527,CHEMBL1287853,Cc1cnc(Nc2ccc(OCCN3CCCC3)cc2)nc1Nc4cccc(c4)S(=O)(=O)NC(C)(C)C,6.89
1735,CHEMBL1289926,CNC(=O)c1ccccc1Sc2ccc3c(\C=C\c4ccccn4)n[nH]c3c2,8.5
1944,CHEMBL1910892,Oc1ccc(cc1)c2ccc3c(c[nH]c3n2)c4ccc(cc4)N5CCNCC5,5.96
2006,CHEMBL1940181,Cc1cc2C(=O)c3c([nH]c4cc(ccc34)C#N)C(C)(C)c2cc1N5CCC(CC5)N6CCOCC6,5.98
2007,CHEMBL1940180,CC1(C)c2cc(ccc2C(=O)c3c1[nH]c4cc(ccc34)C#N)N5CCC(CC5)N6CCOCC6,5.52
2024,CHEMBL1945804,CN(C)CCCc1cnc(C)c(Nc2ncc3CC(=S)Nc4cc(Cl)ccc4c3n2)c1,6.22
2026,CHEMBL1945498,CN(C)CCCc1ccc(c(Nc2ncc3CC(=S)Nc4cc(Cl)ccc4c3n2)c1)C(F)(F)F,5.64
2027,CHEMBL1945497,CN(C)CCCc1ccc(OC(F)(F)F)c(Nc2ncc3CC(=S)Nc4cc(Cl)ccc4c3n2)c1,5.59
2028,CHEMBL1945173,COc1ccc(CCCN(C)C)cc1Nc2ncc3CC(=S)Nc4cc(Cl)ccc4c3n2,5.96
2029,CHEMBL1945172,CN(C)CCCc1ccc(Cl)c(Nc2ncc3CC(=S)Nc4cc(Cl)ccc4c3n2)c1,6.14
2030,CHEMBL1945171,CN(C)CCCc1ccc(C)c(Nc2ncc3CC(=S)Nc4cc(Cl)ccc4c3n2)c1,6.8
2031,CHEMBL1945170,CN(C)CCCc1cccc(Nc2ncc3CC(=S)Nc4cc(Cl)ccc4c3n2)c1,7.2
5016,CHEMBL1970142,CNC(=O)C(C)n1cc(cn1)c2cnc(N)c3c(csc23)c4ccc(NC(=O)Nc5ccc(C)cc5)cc4,8.1
5022,CHEMBL2000934,CCc1ccc2nccc(NC(=O)Nc3cccc(n3)C(F)(F)F)c2c1,6.7
5023,CHEMBL1982541,COc1ccc(OC)c(CNC(=O)c2cc(N)c(C#N)c(OC(C)C)n2)c1,6.0
5034,CHEMBL1994321,Cc1cccc(NC(=O)Nc2ccc(cc2)c3csc4c(cnc(N)c34)C#CCNS(=O)(=O)C)c1,7.7
5043,CHEMBL1977148,COc1ccc(NC(=O)Nc2ccc(cc2)c3csc4c(cnc(N)c34)c5cnn(CCO)c5)cc1,8.8
5045,CHEMBL2002165,CC(O)Cn1cc(cn1)c2cnc(N)c3c(csc23)c4ccc(NC(=O)Nc5cccc(F)c5)cc4,7.4
5046,CHEMBL1998585,Nc1ncnc2scc(c3ccc(NC(=O)Nc4cc(ccc4F)C(F)(F)F)cc3)c12,7.4
5049,CHEMBL2000652,Nc1n[nH]c2cccc(c3ccc(NC(=O)Nc4cccc(Cl)c4)c(F)c3)c12,9.1
5051,CHEMBL1996048,Cc1ccc(cc1)c2cc3c(NCCN)ccc(C(=O)N)c3[nH]2,6.4
5053,CHEMBL2001485,CC(C(=O)N(C)C)n1cc(cn1)c2cnc(N)c3c(csc23)c4ccc(NC(=O)Nc5ccc(C)cc5)cc4,7.1
5057,CHEMBL1978099,CNC(=O)COc1ccc(Nc2nc(Nc3ccc(C)c(c3)S(=O)(=O)N)ncc2F)cc1,5.9
5058,CHEMBL1977041,COC(=O)c1c(C)n2ncnc(N)c2c1c3ccc(NC(=O)Nc4ccccc4)cc3,6.0
5065,CHEMBL539474,O=C1CCCN1Cc2ccc3c(NC(=O)c4cccn34)c2,5.9
5067,CHEMBL1988387,Cn1cc(cn1)c2cnc(N)c3c(csc23)c4ccc(NC(=O)Nc5ccc(OC(F)F)cc5)cc4,8.0
5069,CHEMBL1989708,CC(O)Cn1cc(cn1)c2cnc(N)c3c(csc23)c4ccc(NC(=O)Nc5cccc(C)c5)cc4,8.0
5070,CHEMBL1970074,Cc1n[nH]c2cccc(c3ccc(NC(=O)Nc4cccc(c4)C(F)(F)F)cc3)c12,6.4
5079,CHEMBL1968791,Cc1c(c2cccc(OCc3ccccc3)c2)c4c(N)ncnc4n1C5CC(CN6CCCC6)C5,6.3
5086,CHEMBL1973211,Cc1cccc(NC(=O)Nc2ccc(cc2)c3csc4c(cnc(N)c34)C#CCN5CCCC5)c1,7.8
5089,CHEMBL2007151,Cc1c(c2cccc(OCc3ccccc3)c2)c4c(N)ncnc4n1C5CCC(CC5)N6CCCC6,6.8
5090,CHEMBL1998953,C1CCN(CC1)c2ncnc3[nH]cc(c4ccccc4)c23,6.0
5096,CHEMBL482767,OC(=Nc1cccc(Cl)c1)Nc2ncc(CCN=C3NC=Nc4ccsc34)s2,6.5
5108,CHEMBL1971943,Cc1c[nH]c2nccc(Oc3c(F)cc(Nc4cc(Cl)nc(N)n4)cc3F)c12,6.5
5110,CHEMBL1974254,CCOc1ccc(NC(=O)Nc2ccc(cc2)c3csc4c(cnc(N)c34)c5cnn(C)c5)cc1,8.1
5117,CHEMBL485556,CN(C(=O)C1CCCCC1)c2ccc3c(c2)nc(NC(=O)c4ccc(cc4)C#N)n3CCC(=O)N,6.0
5121,CHEMBL2006778,CNC(=O)C=Cc1cnc(N)c2c(csc12)c3cc(F)c4[nH]c(C)cc4c3,6.5
5123,CHEMBL1996979,Fc1cccc(F)c1C(=O)Nc2cnc3[nH]cc(c4ccccc4)c3c2,6.2
5125,CHEMBL1982476,CNC(=O)c1cnc(N)c2c(csc12)c3ccc(NC(=O)Nc4cccc(Cl)c4)cc3,8.3
5130,CHEMBL1997623,Nc1n[nH]c2cc(ccc12)c3ccc(NC(=O)Nc4cccc(c4)C(F)(F)F)cc3,7.6
5137,CHEMBL1978166,Cc1cccc(NC(=O)Nc2ccc(cc2)c3csc4c(cnc(N)c34)C#CCCCCCCCCN)c1,6.3
5140,CHEMBL1967116,Cc1cccc(NC(=O)Nc2ccc(cc2)c3csc4c(cnc(N)c34)c5cnn(C)c5)c1,9.0
5144,CHEMBL1993996,Cc1cc(NC(=O)Nc2ccc(cc2)c3c(F)ccc4[nH]nc(N)c34)ccc1F,9.1
5148,CHEMBL1991429,O=C(Cc1ccccc1)Nc2cccc(c2)c3nc4sccn4c3c5ccnc(Nc6cccc(c6)N7CCCC7=O)n5,6.1
5152,CHEMBL1980995,CNC1CC2OC(C)(C1OC)n3c4ccccc4c5c6CNC(=O)c6c7c8ccccc8n2c7c35,6.8
5156,CHEMBL2004716,CCN(CC)CCNC(=O)C=Cc1cnc(N)c2c(csc12)c3ccc(NC(=O)Nc4cccc(C)c4)cc3,7.6
5167,CHEMBL2004771,O=C1NCc2c1cccc2c3ccc(Nc4oc5ccccc5n4)cc3,6.4
5168,CHEMBL1988370,Nc1ncnc2c1c(cn2C3CC(CN4CCCC4)C3)c5cccc(OCc6ccccc6)c5,6.0
5173,CHEMBL508928,Cc1cccc(NC(=O)Nc2ccc(cc2)c3cnc4c(cnn4c3N)c5cnn(C)c5)c1,8.3
5185,CHEMBL306380,Cc1ccc(cc1)c2nn(c3ncnc(N)c23)C(C)(C)C,6.3
5189,CHEMBL394619,Cc1cccc(NC(=O)Nc2ccc(cc2)c3csc4ccnc(N)c34)c1,6.6
5194,CHEMBL1965988,Cc1cccc(NC(=O)Nc2ccc(cc2)c3csc4c(cnc(N)c34)C#CCN)c1,7.1
5203,CHEMBL402846,Cc1ccc(F)c(NC(=O)Nc2ccc(cc2)c3cncc4c3c(N)nn4C)c1,9.5
5204,CHEMBL1964692,Cn1nc(N)c2c(cncc12)c3ccc(NC(=O)Nc4cccc(c4)C(F)(F)F)cc3,7.4
5211,CHEMBL482967,Cc1nc(N)sc1c2ccnc(Nc3ccc(cc3)N4CCOCC4)n2,6.4
5222,CHEMBL2002346,C(Nc1cc(ncn1)c2c[nH]c3ncccc23)c4ccccc4,6.0
5225,CHEMBL1971947,Cc1cccc(NC(=O)Nc2ccc(cc2)c3csc4c(cnc(N)c34)C#Cc5cccnc5)c1,8.0
5232,CHEMBL1996255,Cc1ccc(F)c(NC(=O)Nc2ccc(cc2)c3c(F)ccc4[nH]nc(N)c34)c1,9.0
5234,CHEMBL1983111,CC(=O)NCC(=O)N1C2CCC1c3cc(Nc4ncc(c(NC5CCC5)n4)C(F)(F)F)ccc23,6.6
5248,CHEMBL1969502,O=C(Nc1cc2C(=O)NN=Cc3c[nH]c(c1)c23)C4CC4c5ccccc5,6.3
5252,CHEMBL1983963,Cc1cccc(NC(=O)Nc2ccc(cc2)c3coc4ncnc(N)c34)c1,6.9
5260,CHEMBL1983268,CN1CCN(CC1)c2ccc(C(=O)Nc3n[nH]c4ccc(Cc5cc(F)cc(F)c5)cc34)c(NC6CCOCC6)c2,6.8
5272,CHEMBL1985491,Cc1ccc(F)c(NC(=O)Nc2ccc(cc2)c3cccc4c3c(N)nn4C)c1,9.1
5285,CHEMBL1979883,CN(C)CC#Cc1cnc(N)c2c(csc12)c3ccc(NC(=O)Nc4cccc(C)c4)cc3,7.6
5286,CHEMBL1984162,COCCOC1CCC(CC1)n2nc(c3ccc(Nc4oc5c(C)cc(C)cc5n4)cc3)c6c(N)ncnc26,6.0
5298,CHEMBL1190711,COc1ccc(cc1OC)c2cc3nccn3c(Nc4ncccc4C(=O)N)n2,6.5
5306,CHEMBL2000335,Cc1ccc(NC(=O)Nc2ccc(cc2)c3csc4ncnc(N)c34)cc1C,7.1
5308,CHEMBL1988717,Cn1cc(cn1)c2cnn3c(N)c(cnc23)c4ccc(NC(=O)Nc5cccc(c5)C(F)(F)F)cc4,8.7
5320,CHEMBL1983025,CCC(N)(CC)C#Cc1cnc(N)c2c(csc12)c3ccc(NC(=O)Nc4cccc(C)c4)cc3,7.0
5325,CHEMBL1980904,Nc1n[nH]c2cccc(c3ccc(NC(=O)Nc4cccc(c4)C(F)(F)F)c(F)c3)c12,8.6
5326,CHEMBL1241473,COc1cc(Nc2ncc(c(Nc3ccccc3C(=O)N)n2)[N+](=O)[O-])cc(OC)c1OC,6.3
5328,CHEMBL1978448,CS(=O)(=O)N(Cc1ccc2NC(=O)c3cccn3c2c1)C4CC4,6.6
5329,CHEMBL2001257,CCN(CC)CC#Cc1cnc(N)c2c(csc12)c3ccc(NC(=O)Nc4cccc(C)c4)cc3,6.6
5331,CHEMBL271441,Cc1ccc(F)c(NC(=O)Nc2ccc(cc2)c3cncc4[nH]nc(N)c34)c1,9.3
5343,CHEMBL273187,Cc1cc(NC(=O)Nc2ccc(cc2)c3ccnc4[nH]nc(N)c34)ccc1F,9.7
5347,CHEMBL1986979,Cc1cc(NC(=O)Nc2ccc(c(F)c2)c3cccc4[nH]nc(N)c34)ccc1F,9.1
5350,CHEMBL2002446,CN1CCN(Cc2ccc3c(Cc4c(n[nH]c34)c5csc(c5)C#CCOCC6CC6)c2)CC1,7.7
5365,CHEMBL1973937,Cc1ccc(c2ccc(NC(=O)Nc3cccc(Br)c3)cc2)c4c(N)n[nH]c14,6.6
5378,CHEMBL1981725,CCN1CCN(CC1)c2ccc(Nc3nccc(n3)c4c(nc5ccccn45)c6cccc(c6)C(=O)Nc7ccccc7F)cc2,7.1
5384,CHEMBL1965570,Nc1ncc(c2cocc2)c3scc(c4ccc(NC(=O)Nc5ccccc5F)cc4)c13,6.1
5428,CHEMBL1966836,Cn1nc(N)c2c(ccnc12)c3ccc(NC(=O)Nc4ccc(F)c(c4)C(F)(F)F)cc3,8.8
5442,CHEMBL1982465,Cc1cccc(NC(=O)Nc2ccc(cc2)c3csc4c(cnc(N)c34)C#CCN5CCOCC5)c1,8.5
5443,CHEMBL2001751,NC(COc1cncc(c1)c2ccc3NC(=O)C(=Cc4occc4)c3c2)Cc5c[nH]c6ccccc56,6.9
5446,CHEMBL272938,Cc1cccc(NC(=O)Nc2ccc(cc2)c3cncc4[nH]nc(N)c34)c1,9.5
5459,CHEMBL1967878,CN1CCN(CC1)c2ccc(Nc3ncc(F)c(NC4C5CC(C=C5)C4C(=O)N)n3)cc2C,6.8
5466,CHEMBL2004290,COc1ccc(NC(=O)Nc2ccc(cc2)c3csc4c(cnc(N)c34)c5cnn(CC(C)(C)O)c5)cc1,8.5
5471,CHEMBL403402,Nc1n[nH]c2nccc(c3ccc(NC(=O)Nc4cc(ccc4F)C(F)(F)F)cc3)c12,9.1
5475,CHEMBL1988075,Cc1ccc(cn1)c2cnc(N)c3c(csc23)c4ccc(NC(=O)Nc5cccc(F)c5)cc4,6.2
5498,CHEMBL1968590,CNC(=O)C=Cc1cnc(N)c2c(csc12)c3ccc4sc(C)nc4c3,6.3
5503,CHEMBL1971029,CNS(=O)(=O)c1ccccc1Nc2nc(Nc3cc(ccc3OC)N4CCN(CC4)C(=O)C)ncc2Br,7.1
5504,CHEMBL394790,Nc1nccc2scc(c3ccc(NC(=O)Nc4cccc(Cl)c4)cc3)c12,6.1
5517,CHEMBL1988437,CNC(=O)c1ccccc1Sc2ccc3c(C=Cc4ccccn4)n[nH]c3c2,8.0
5520,CHEMBL1979577,Cc1cccc(NC(=O)Nc2ccc(cc2)c3csc4c(cnc(N)c34)C#CC(C)(C)N)c1,7.4
5537,CHEMBL2004438,Nc1c(ccc2nccnc12)c3ccc(NC(=O)Nc4cccc(c4)C(F)(F)F)cc3,6.8
5541,CHEMBL1982466,Cc1ccc(NC(=O)Nc2ccc(cc2)c3csc4c(cnc(N)c34)c5cnn(C)c5)cc1,8.1
5542,CHEMBL1994638,Cc1cccc(NC(=O)Nc2ccc(c(F)c2)c3cccc4[nH]nc(N)c34)c1,9.0
5544,CHEMBL1985888,Cn1nc(N)c2c(ccnc12)c3ccc(NC(=O)Nc4cccc(c4)C(F)(F)F)cc3,9.1
5556,CHEMBL1979093,COc1ccc(c2ccc(NC(=O)Nc3ccc(F)c(C)c3)cc2)c4c(N)noc14,6.3
5563,CHEMBL1987054,COCCOC1CCC(CC1)n2nc(c3ccc(Nc4oc5c(Cl)cc(C)cc5n4)cc3)c6c(N)ncnc26,6.9
5564,CHEMBL1970083,Nc1ncc(c2ccncc2)c3scc(c4ccc(NC(=O)Nc5cc(ccc5F)C(F)(F)F)cc4)c13,7.2
5566,CHEMBL2005631,CNC(=O)c1cnc(N)c2c(csc12)c3ccc(NC(=O)Nc4cc(C)ccc4F)cc3,8.5
5567,CHEMBL1994938,Nc1ncc(C=CC(=O)NCCCn2ccnc2)c3scc(c4ccc(Br)cc4)c13,6.4
5582,CHEMBL1986507,Cc1cc(C)cc(NC(=O)Nc2ccc(cc2)c3ccnc4c3c(N)nn4C)c1,9.0
5584,CHEMBL1983923,CN1CCN(CC1)c2cc(Nc3cc(C)[nH]n3)nc(C=Cc4ccccc4)n2,6.4
5592,CHEMBL1971245,CN1CCN(CC1)c2cccc(Nc3nccc(n3)c4c(nc5ccccn45)C(=O)N)c2,6.1
5596,CHEMBL1966514,Nc1ncc(c2cocc2)c3scc(c4ccc(NC(=O)Nc5cccc(F)c5)cc4)c13,7.3
5599,CHEMBL1996066,Nc1nc2ccc(cc2n1c3nc(cs3)c4ccccc4)C#N,6.1
5600,CHEMBL1966524,NC(COc1cncc(c1)c2cc3ccncc3s2)Cc4c[nH]c5ccccc45,6.2
5607,CHEMBL1967720,CC(C)(C(=O)N)n1cc(cn1)c2cnc(N)c3c(csc23)c4ccc(NC(=O)Nc5cccc(F)c5)cc4,7.4
5610,CHEMBL1979516,CCNC(=O)c1cnc(N)c2c(csc12)c3ccc(NC(=O)Nc4cccc(F)c4)cc3,7.6
5621,CHEMBL377408,CCOc1nc(cc(N)c1C#N)C(=O)NCc2ccccc2S(=O)(=O)N,5.8
5624,CHEMBL1976220,Nc1nccc2scc(c3ccc(NC(=O)Nc4cccc(Br)c4)cc3)c12,6.4
5625,CHEMBL259922,Cc1ccc(cc1Nc2ncnc3c2cnn3c4ccccc4)C(=O)Nc5ccon5,6.2
5626,CHEMBL1997617,CN1CCN(CC1)C2CCC(CC2)n3cc(c4ccc(Oc5ccccc5)cc4)c6c(N)ncnc36,7.8
5633,CHEMBL1999484,CNc1nc(C)c(s1)c2ccnc(Nc3ccc(cc3)N4CCNCC4)n2,7.2
5634,CHEMBL404366,Cn1nc(N)c2c(cncc12)c3ccc(NC(=O)Nc4cccc(Cl)c4)cc3,9.8
5638,CHEMBL1997822,Cc1cc2cc(ccc2[nH]1)c3csc4c(cnc(N)c34)c5cccc(c5)S(=O)(=O)C,6.2
5644,CHEMBL1980391,COc1cc2Nc3n[nH]c(C)c3N=C(c4ccccc4Cl)c2cc1F,6.7
5648,CHEMBL1987034,NS(=O)(=O)c1cccc(Nc2ncc(Br)c(Nc3ccc(OCC#N)cc3)n2)c1,6.2
5649,CHEMBL1993941,CCCn1cc(cn1)c2cnc(N)c3c(csc23)c4ccc(NC(=O)Nc5cccc(F)c5)cc4,8.3
5651,CHEMBL578061,N(c1ccccc1)c2ccnc(Nc3ccccc3)n2,5.9
5666,CHEMBL1973178,COc1ccc(c2ccc(NC(=O)Nc3ccc(OC(F)(F)F)cc3)cc2)c4c(N)noc14,8.8
5667,CHEMBL244378,OC(=O)c1ccccc1Nc2ccnc(Nc3ccc4cn[nH]c4c3)n2,6.3
5668,CHEMBL1988778,Cc1ccc(F)c(NC(=O)Nc2ccc(c(F)c2)c3cccc4[nH]nc(N)c34)c1,8.7
5676,CHEMBL460472,COc1ccc2c(Oc3ccc(NC(=O)C4=C(C)N(CC(C)(C)O)N(C4=O)c5ccccc5)nc3)ccnc2c1,5.0
5677,CHEMBL2031893,COc1cc2nccc(Oc3ccc(NC(=O)C4=C(C)N(C)N(C4=O)c5ccccc5)cc3F)c2cc1OC,7.0
5682,CHEMBL2037226,Cc1ccc(NC(=O)Nc2cc(ccc2F)C(F)(F)F)cc1Nc3ccc4\C(=C\c5ccc[nH]5)\C(=O)Nc4c3,6.0
5684,CHEMBL2046883,Cc1ccc(NC(=O)Nc2nnc(Sc3ncnc4cc(OCCCN5CCOCC5)ccc34)s2)cc1,5.17
5686,CHEMBL2022856,C[C@@H](O)Cn1cc(cn1)c2cnc(N)c3c(csc23)c4ccc(NC(=O)Nc5cccc(F)c5)cc4,7.4
5713,CHEMBL2171124,Cn1cc(c2ccc3N(CCc3c2)C(=O)Cc4cccc(c4)C(F)(F)F)c5c(N)ncnc15,6.81
5717,CHEMBL2178352,CN1CCN(CC1)c2ccc(Nc3ncc4nc(Nc5ccccc5)n(C6CCCC6)c4n3)cc2,6.27
5720,CHEMBL2204532,CN(c1ccc(F)c(NC(=O)c2cccc(OC(C)(C)C#N)c2Cl)c1)c3ccc4nc(NC(=O)C5CC5)sc4n3,6.37
5727,CHEMBL2206666,FC(F)(F)c1cccc(c1)C(=O)Nc2cccc(Oc3ccc4nccn4n3)c2,6.92
5728,CHEMBL2208034,O=C(Nc1ccc(cc1)c2ccnc(Nc3ccc(cc3)N4CCOCC4)n2)[C@H]5CCCN5,6.65
6075,CHEMBL2332840,FC(F)(F)c1cc(NC(=O)Nc2ccc(Oc3ncnc4[nH]ncc34)cc2)ccc1Cl,6.3
6076,CHEMBL2336017,CN1CCN(Cc2cc(NC(=O)c3cccc(c3)C#Cc4cnc5ccnn5c4)cc(c2)C(F)(F)F)CC1,6.61
6077,CHEMBL2336016,CN1CCN(Cc2cc(NC(=O)c3ccc(Cl)c(c3)C#Cc4cnc5ccnn5c4)cc(c2)C(F)(F)F)CC1,5.82
6079,CHEMBL2336014,Cc1ccc(cc1C#Cc2cnc3ccnn3c2)C(=O)Nc4cc(CN5CCCC5)cc(c4)C(F)(F)F,6.13
6082,CHEMBL2336011,COc1cc(CN2CCN(C)CC2)cc(NC(=O)c3ccc(C)c(c3)C#Cc4cnc5ccnn5c4)c1,6.38
6083,CHEMBL2336010,CN1CCN(Cc2cc(Cl)cc(NC(=O)c3ccc(C)c(c3)C#Cc4cnc5ccnn5c4)c2)CC1,6.39
6084,CHEMBL2336009,CN1CCN(Cc2cc(C)cc(NC(=O)c3ccc(C)c(c3)C#Cc4cnc5ccnn5c4)c2)CC1,6.56
6085,CHEMBL2336008,CN1CCN(Cc2cc(NC(=O)c3ccc(C)c(c3)C#Cc4cnc5ccnn5c4)cc(c2)C(F)(F)F)CC1,6.12
6087,CHEMBL2336006,Cc1cc(C)cc(NC(=O)c2ccc(C)c(c2)C#Cc3cnc4ccnn4c3)c1,6.73
6090,CHEMBL2336027,CN1CCN(Cc2cccc(NC(=O)c3ccc(C)c(c3)C#Cc4cnc5ccnn5c4)c2)CC1,6.59
6091,CHEMBL2336026,Cc1cn(cn1)c2cccc(NC(=O)c3ccc(C)c(c3)C#Cc4cnc5ccnn5c4)c2,6.55
6092,CHEMBL2336025,Cc1ccc(cc1C#Cc2cnc3ccnn3c2)C(=O)Nc4cccc(c4)n5ccnc5,7.08
6094,CHEMBL2336023,CC(C)Oc1cccc(NC(=O)c2ccc(C)c(c2)C#Cc3cnc4ccnn4c3)c1,6.93
6096,CHEMBL2336021,Cc1ccc(cc1C#Cc2cnc3ccnn3c2)C(=O)Nc4cccc(c4)C(F)(F)F,6.67
6097,CHEMBL2336020,Cc1ccc(cc1C#Cc2cnc3ccnn3c2)C(=O)Nc4cccc(I)c4,6.6
6098,CHEMBL2336019,Cc1ccc(cc1C#Cc2cnc3ccnn3c2)C(=O)Nc4cccc(Br)c4,7.0
6101,CHEMBL2336039,COc1ccccc1NC(=O)c2ccc(C)c(c2)C#Cc3cnc4ccnn4c3,7.09
6104,CHEMBL2336036,Cc1ccc(cc1C#Cc2cnc3ccnn3c2)C(=O)Nc4ccccc4Cl,5.08
6108,CHEMBL2336033,Cc1ccc(cc1C#Cc2cnc3ccnn3c2)C(=O)Nc4ccccc4,6.34
6110,CHEMBL2336031,Cc1ccc(cc1C#Cc2cnc3ccnn3c2)C(=O)NC4CCCCC4,6.7
6111,CHEMBL2336030,CC(C)CNC(=O)c1ccc(C)c(c1)C#Cc2cnc3ccnn3c2,6.3
6113,CHEMBL2336028,CC(C)NC(=O)c1ccc(C)c(c1)C#Cc2cnc3ccnn3c2,7.17
6126,CHEMBL2333445,CCc1ccc(cc1)c2ccc3N(C)S(=O)(=O)c4cn[nH]c4c3c2,5.55
6137,CHEMBL2386595,[2H]C([2H])([2H])N1CCN(Cc2ccc(cc2)C(=O)Nc3ccc(C)c(Nc4nccc(n4)c5cccnc5)c3)CC1,6.94
6139,CHEMBL2386594,Cc1ccc(NC(=O)c2ccc(CN3CCNCC3)cc2)cc1Nc4nccc(n4)c5cccnc5.CS(=O)(=O)O,6.53
6146,CHEMBL2403108,CC(C)Oc1cc(C2CCNCC2)c(C)cc1Nc3ncc(Cl)c(Nc4ccccc4S(=O)(=O)C(C)C)n3,5.54
6197,CHEMBL2403813,CC(C)(C)c1cc(NC(=O)Nc2ccc(Nc3ncnc4ccc(cc34)[N+](=O)[O-])cc2)n(n1)c5cccc(c5)[N+](=O)[O-],6.2
6219,CHEMBL2409778,Cc1cc(C(=O)Nc2cc(Oc3ccc4nc(NC(=O)C5CC5)nn4c3)ccc2F)n(C)n1,6.82
6220,CHEMBL2409790,Cc1cc(C(=O)Nc2cccc(Oc3ccc4nc(NC(=O)C5CC5)sc4c3)c2)n(C)n1,6.62
6221,CHEMBL2409781,Cc1cc(C(=O)Nc2cccc(Oc3ccc4nc(NC(=O)C5CC5)sc4n3)c2)n(C)n1,6.77
6223,CHEMBL2409775,Cc1cc(C(=O)Nc2cccc(Oc3ccc4nc(NC(=O)C5CC5)nn4c3)c2)n(C)n1,6.89
6226,CHEMBL2419669,COc1cc2c(Oc3ccc(NC(=O)N\N=C\c4ccc(F)cc4F)cc3F)ccnc2cc1OCCCN5CCC(C)CC5,6.64
6257,CHEMBL2430198,Cc1[nH]c2\C(=C\3/C(=O)Nc4ccc(F)cc34)\CCCc2c1C(=O)NCCc5ccccn5,7.42
6263,CHEMBL2430257,CCN(CC)CCNC(=O)c1c(C)[nH]c2\C(=C\3/C(=O)Nc4c(F)cccc34)\CCCc12,6.74
6264,CHEMBL2430256,CCN(CC)CCNC(=O)c1c(C)[nH]c2\C(=C\3/C(=O)Nc4cccc(F)c34)\CCCc12,7.37
6265,CHEMBL2429872,CCN(CC)CCNC(=O)c1c(C)[nH]c2\C(=C\3/C(=O)Nc4ccc(cc34)S(=O)(=O)N(CC)CC)\CCCc12,6.4
6266,CHEMBL2430255,CCN(CC)CCNC(=O)c1c(C)[nH]c2\C(=C\3/C(=O)Nc4ccc(cc34)C(=O)OC)\CCCc12,6.59
6268,CHEMBL2430267,CCN(CC)CCNC(=O)c1c(C)[nH]c2\C(=C\3/C(=O)Nc4ccc(OC)cc34)\CCCc12,7.45
6275,CHEMBL2435999,COc1cc2c(Oc3ccc(NC(=O)c4cc(ccn4)c5ccc(C)cc5)cc3F)ccnc2cc1OCCCN6CCN(C)CC6,6.35
6282,CHEMBL3085975,CC(C)(CN1CCN(CCO)CC1)c2ccc(NC(=O)c3nc(c[nH]3)C#N)c(c2)C4=CCC(C)(C)CC4,6.44
6283,CHEMBL3085974,CC(C)(CNCCS(=O)(=O)C)c1ccc(NC(=O)c2nc(c[nH]2)C#N)c(c1)C3=CCC(C)(C)CC3,6.14
6284,CHEMBL3085973,COCCNCC(C)(C)c1ccc(NC(=O)c2nc(c[nH]2)C#N)c(c1)C3=CCC(C)(C)CC3,6.51
6285,CHEMBL3085972,CC(C)(CN1CCS(=O)(=O)CC1)c2ccc(NC(=O)c3nc(c[nH]3)C#N)c(c2)C4=CCC(C)(C)CC4,7.0
6286,CHEMBL3085971,CC(=O)N1CCN(CC(C)(C)c2ccc(NC(=O)c3nc(c[nH]3)C#N)c(c2)C4=CCC(C)(C)CC4)CC1,5.75
6288,CHEMBL3085969,CC(C)(CO)c1ccc(NC(=O)c2nc(c[nH]2)C#N)c(c1)C3=CCC(C)(C)CC3,5.72
6292,CHEMBL3085831,CCN1CCN(CC1)C(C)(C)c2ccc(NC(=O)c3nc(c[nH]3)C#N)c(c2)C4=CCC(C)(C)CC4,6.22
6293,CHEMBL3085830,CN1CCN(CC1)C(C)(C)c2ccc(NC(=O)c3nc(c[nH]3)C#N)c(c2)C4=CCC(C)(C)CC4,6.29
6294,CHEMBL3085829,CC(C)(N1CCS(=O)(=O)CC1)c2ccc(NC(=O)c3nc(c[nH]3)C#N)c(c2)C4=CCC(C)(C)CC4,5.48
6295,CHEMBL3085828,CC(C)(N1CCOCC1)c2ccc(NC(=O)c3nc(c[nH]3)C#N)c(c2)C4=CCC(C)(C)CC4,5.52
6296,CHEMBL3085827,CC(C)(Nc1ccccn1)c2ccc(NC(=O)c3nc(c[nH]3)C#N)c(c2)C4=CCC(C)(C)CC4,5.4
6298,CHEMBL3085976,CC(C)(NCCN1CCOCC1)c2ccc(NC(=O)c3nc(c[nH]3)C#N)c(c2)C4=CCC(C)(C)CC4,6.4
6300,CHEMBL3086322,CC(C)(NCCS(=O)(=O)C)c1ccc(NC(=O)c2nc(c[nH]2)C#N)c(c1)C3=CCC(C)(C)CC3,5.72
6302,CHEMBL3086320,COCCNC(C)(C)c1ccc(NC(=O)c2nc(c[nH]2)C#N)c(c1)C3=CCC(C)(C)CC3,6.28
6303,CHEMBL3086319,CC(C)(NCCO)c1ccc(NC(=O)c2nc(c[nH]2)C#N)c(c1)C3=CCC(C)(C)CC3,6.6
6304,CHEMBL3086318,CC(C)(OCCN1CCOCC1)c2ccc(NC(=O)c3nc(c[nH]3)C#N)c(c2)C4=CCC(C)(C)CC4,5.92
6306,CHEMBL3086316,CN(C)CCOC(C)(C)c1ccc(NC(=O)c2nc(c[nH]2)C#N)c(c1)C3=CCC(C)(C)CC3,6.6
6307,CHEMBL3086315,CC(C)(O)c1ccc(NC(=O)c2nc(c[nH]2)C#N)c(c1)C3=CCC(C)(C)CC3,5.6
6317,CHEMBL3085978,CC1(C)CCC(=CC1)c2cc(CCN3CCOCC3)ccc2NC(=O)c4nc(c[nH]4)C#N,6.52
6318,CHEMBL3086175,O=C(Nc1ccc(CCN2CCOCC2)cc1C3=CCCCC3)c4nc(c[nH]4)C#N,6.92
6319,CHEMBL3086174,CC1(C)CCC(=CC1)c2cc(CCO)ccc2NC(=O)c3nc(c[nH]3)C#N,5.62
6320,CHEMBL3086173,OCCc1ccc(NC(=O)c2nc(c[nH]2)C#N)c(c1)C3=CCCCC3,5.8
6326,CHEMBL3085984,CC1(C)CCC(=CC1)c2cc(CN3CCN(CCO)CC3)ccc2NC(=O)c4nc(c[nH]4)C#N,6.28
6327,CHEMBL3085983,O=C(Nc1ccc(CN2CCOCC2)cc1C3=CCCCC3)c4nc(c[nH]4)C#N,6.05
6343,CHEMBL3109337,COCCOc1ccn2c(cnc2c1)c3ccc4cccc(O[C@@H]5CCNC[C@H]5F)c4n3,6.17
6345,CHEMBL3109338,COCCOc1ccn2c(cnc2c1)c3ccc4cccc(O[C@H]5CCNC[C@@H]5F)c4n3,6.31
6348,CHEMBL3109340,COCCOc1ccn2c(cnc2c1)c3ccc4cccc(OC5CCNCC5)c4n3,6.02
6349,CHEMBL3116440,COc1cc2c(Oc3ccc(N\C=C\4/C(=O)NC(=O)N(C4=O)c5ccc(C)cc5)cc3F)ccnc2cc1OCCCN6CCCC6,6.19
6353,CHEMBL3114030,CN(c1ccc2cn(C)nc2c1)c3ccnc(Nc4cc(C)cc(C)c4)n3,7.22
6354,CHEMBL3114029,CN(c1ccc2cn(C)nc2c1)c3ccnc(Nc4ccc(OC(F)(F)F)cc4)n3,7.08
6355,CHEMBL3114028,COc1cccc(Nc2nccc(n2)N(C)c3ccc4cn(C)nc4c3)c1,7.11
6356,CHEMBL3114027,CN(c1ccc2cn(C)nc2c1)c3ccnc(Nc4cccc(Cl)c4)n3,7.14
6357,CHEMBL3114026,CN(c1ccc2cn(C)nc2c1)c3ccnc(Nc4cccc(F)c4)n3,7.02
6358,CHEMBL3114025,CN(c1ccc2c(C)n(C)nc2c1)c3ccnc(Nc4ccc(OC(F)(F)F)cc4)n3,7.05
6359,CHEMBL3114024,CSc1ccc(Nc2nccc(n2)N(C)c3ccc4c(C)n(C)nc4c3)cc1,7.15
6360,CHEMBL3114023,CN(c1ccc2c(C)n(C)nc2c1)c3ccnc(Nc4cc(C)cc(C)c4)n3,7.4
6361,CHEMBL3114022,CN(c1ccc2c(C)n(C)nc2c1)c3ccnc(Nc4cccc(C)c4)n3,7.06
6364,CHEMBL3114019,CN(c1ccc2c(C)n(C)nc2c1)c3ccnc(Nc4cccc(Br)c4)n3,7.01
6365,CHEMBL3114018,CN(c1ccc2c(C)n(C)nc2c1)c3ccnc(Nc4cccc(F)c4)n3,6.99
6387,CHEMBL3288854,CN1CCN(CCC(=O)Nc2c(C)[nH]c(\C=C\3/C(=O)Nc4ccc(F)cc34)c2C)CC1,6.7
6428,CHEMBL3319448,COc1ccc(cc1OC)c2c[nH]c3ncc(cc23)c4cccnc4,5.48
6430,CHEMBL3319455,COc1ccc(cc1)c2cnc3[nH]cc(c4ccc(OC)c(OC)c4)c3c2,6.43
6432,CHEMBL3319466,COc1ccc(cc1OC)c2c[nH]c3ncc(cc23)c4cccc(NC(=O)C)c4,5.94
6437,CHEMBL3319471,COc1ccc(cc1OC)c2c[nH]c3ncc(cc23)c4ccc5OCOc5c4,4.97
6440,CHEMBL3319473,COc1ccc(cc1OC)c2c[nH]c3ncc(cc23)c4cnc(N)nc4,5.89
6453,CHEMBL3319465,Nc1cccc(c1)c2cnc3[nH]cc(c4ccc(Cl)cc4)c3c2,5.65
6454,CHEMBL3319464,Nc1cccc(c1)c2cnc3[nH]cc(c4cccc(N)c4)c3c2,7.12
6455,CHEMBL3319463,COc1cc(OC)cc(c1)c2c[nH]c3ncc(cc23)c4cccc(N)c4,6.5
6456,CHEMBL3319462,COc1cccc(c1)c2c[nH]c3ncc(cc23)c4cccc(N)c4,6.17
6457,CHEMBL3319461,COc1ccc(cc1)c2c[nH]c3ncc(cc23)c4cccc(N)c4,6.4
6459,CHEMBL3319459,Nc1cccc(c1)c2cnc3[nH]cc(c4ccccc4N)c3c2,5.85
6460,CHEMBL3319458,COc1ccc(cc1F)c2c[nH]c3ncc(cc23)c4cccc(N)c4,6.98
6461,CHEMBL3319457,COc1cc(cc(OC)c1OC)c2c[nH]c3ncc(cc23)c4cccc(N)c4,7.01
6462,CHEMBL3319456,COc1ccc(cc1OC)c2c[nH]c3ncc(cc23)c4cc(F)cc(F)c4,6.99
6466,CHEMBL3319453,COc1ccc(cc1OC)c2c[nH]c3ncc(cc23)c4ccc(Cl)cc4,6.34
6467,CHEMBL3319452,COc1ccc(cc1OC)c2c[nH]c3ncc(cc23)c4ccc(F)cc4,7.14
6468,CHEMBL3319451,COc1ccc(cc1OC)c2c[nH]c3ncc(cc23)c4ccc(cc4)C#N,6.37
6469,CHEMBL3319450,COc1ccc(cc1OC)c2c[nH]c3ncc(cc23)c4ccccc4N,5.88
6470,CHEMBL3319449,COc1ccc(cc1OC)c2c[nH]c3ncc(cc23)c4ccccc4C,6.11
6472,CHEMBL3319447,COc1ccc(cc1OC)c2c[nH]c3ncc(cc23)c4ccncc4,7.49
6473,CHEMBL3319446,COc1ccc(cc1OC)c2c[nH]c3ncc(cc23)c4ccccc4,6.87
6474,CHEMBL3319445,COc1ccc(cc1OC)c2c[nH]c3ncc(cc23)c4cccc(F)c4,6.28
6475,CHEMBL3319395,COc1ccc(cc1OC)c2c[nH]c3ncc(cc23)c4cccc(C)c4,6.58
6480,CHEMBL1289468,COc1ccc(cc1OC)c2c[nH]c3ncc(cc23)c4cccc(NS(=O)(=O)c5ccccc5)c4,6.9
6481,CHEMBL1290790,COc1ccc(cc1OC)c2c[nH]c3ncc(cc23)c4cncc(NS(=O)(=O)c5ccccc5)c4,6.46
6515,CHEMBL3358966,COc1cc(cc(OC)c1OC)C2=NC(=CNC2=O)c3c[nH]c4ccccc34,6.05
6516,CHEMBL3358977,COc1cc(cc(OC)c1OC)C2=NC(=CNC2=O)c3c[nH]c4ccc(O)cc34,5.57
6517,CHEMBL3358992,COc1cccc(c1)C2=CNC(=O)C(=N2)c3cc(OC)c(OC)c(OC)c3,5.13
6518,CHEMBL3358994,COc1cc(cc(OC)c1OC)C2=NC(=CNC2=O)c3cccc(Cl)c3,5.62
6519,CHEMBL3358996,COc1cc(cc(OC)c1OC)C2=NC(=CNC2=O)c3ccc(O)cc3,6.4
6520,CHEMBL3358999,COc1cc(ccc1O)C2=CNC(=O)C(=N2)c3cc(OC)c(OC)c(OC)c3,6.7
6522,CHEMBL3326099,CCN(CC)CCCNc1nc(nc2ccsc12)c3ccc(NC(=O)Nc4ccc(Cl)cc4)cc3,5.22
6551,CHEMBL3339360,COc1cc2c(Oc3ccc(CC(=O)N\N=C\c4ccc(cc4)C(F)(F)F)cc3F)ccnc2cc1OCCCN5CCCC5,7.35
6552,CHEMBL3343621,Cc1cc(\C=N\NC(=O)Nc2ccc(cc2)c3nc(N4CCOCC4)c5sccc5n3)cc(C)c1O,5.25
6561,CHEMBL3422092,OC1C[C@@H]2CC[C@@H](C1)N2c3ccc(cc3)c4n[nH]c5ccc(cc45)C(=O)N[C@H](C6CC6)c7ccccn7,6.31
6566,CHEMBL3582442,OC1CCN(CC1)c2cc(ccn2)c3cnc4ccc(nn34)N5CCC[C@@H]5c6cccc(F)c6,5.16
6567,CHEMBL3582441,OC(=O)CN1CCN(CC1)c2cc(ccn2)c3cnc4ccc(nn34)N5CCC[C@@H]5c6cccc(F)c6,6.1
6568,CHEMBL3582439,Fc1cccc(c1)[C@H]2CCCN2c3ccc4ncc(c5ccccn5)n4n3,5.26
6569,CHEMBL3582427,N#Cc1ccc(cc1)c2cnc3ccc(NCc4ccccc4)nn23,5.66
6573,CHEMBL3594105,COc1cc2c(Oc3ccc(NC(=O)C4=C(C)N(C(=O)N4)c5ccccc5Cl)cc3F)ccnc2cc1OCCCN6CCN(C)CC6,7.42
6577,CHEMBL3608784,O=C(NCc1cccc(NC(=O)c2cnc3ccccn23)c1)Nc4ccccc4,6.75
6580,CHEMBL3608787,C[C@H](NC(=O)Nc1ccccc1)c2ccc(C)c(NC(=O)c3cnc4ccccn34)c2,6.51
6581,CHEMBL3608789,C[C@H](NC(=O)Nc1cccc(F)c1)c2ccc(C)c(NC(=O)c3cnc4ccccn34)c2,6.85
6582,CHEMBL3608791,C[C@H](Nc1oc2ccc(F)cc2n1)c3ccc(C)c(NC(=O)c4cnc5ccccn45)c3,6.8
6589,CHEMBL3621496,CN1CCN(CC1)C(=O)c2ccc3c(c2)[nH]c4c(ccc(c5ccccc5F)c34)C(=O)N,7.39
6590,CHEMBL3621515,CN1CCN(CC1)C(=O)c2ccc3c(c2)[nH]c4c(ccc(c5cccc(NC(=O)C)c5C)c34)C(=O)N,6.33
6591,CHEMBL3622193,CN(C)c1ccc(cc1)C(=O)Nc2cccc(c2F)c3ccc(C(=O)N)c4[nH]c5cc(ccc5c34)C(=O)N6CCN(C)CC6,5.98
6593,CHEMBL3623375,CN(C)CCCNC(=O)c1csc2nc(cn12)c3ccc(NC(=O)Nc4cc(on4)C(C)(C)C)cc3,6.53
6617,CHEMBL3642830,Cc1ccc(NC(=O)c2ccc(NC(=O)C=C)c(c2)C(F)(F)F)cc1Nc3nccc(n3)c4cccnc4,7.08
6618,CHEMBL3642831,Cc1ccc(NC(=O)c2ccc(NS(=O)(=O)c3cnccc3Cl)cc2)cc1Nc4nccc(n4)c5cccnc5,5.0
6619,CHEMBL3642832,Cc1ccc(NC(=O)c2ccc(NS(=O)(=O)c3ccc(Cl)nc3)cc2)cc1Nc4nccc(n4)c5cccnc5,6.76
6620,CHEMBL3642833,Cc1ccc(NC(=O)c2ccc(NC(=O)CCl)cc2)cc1Nc3nccc(n3)c4cccnc4,6.03
6622,CHEMBL3642834,CC(Cl)C(=O)Nc1ccc(cc1)C(=O)Nc2ccc(C)c(Nc3nccc(n3)c4cccnc4)c2,5.0
6623,CHEMBL3642835,CN(C)C\C=C\C(=O)Nc1ccc(cc1C(F)(F)F)C(=O)Nc2ccc(C)c(Nc3nccc(n3)c4cccnc4)c2,5.04
6624,CHEMBL3642836,CN(C)C\C=C\C(=O)Nc1ccc(NC(=O)c2ccc(C)c(Nc3nccc(n3)c4cccnc4)c2)cc1C(F)(F)F,5.4
6626,CHEMBL3642837,Cc1ccc(cc1Nc2nccc(n2)c3cccnc3)C(=O)Nc4ccc(NC(=O)CCl)c(c4)C(F)(F)F,5.7
6631,CHEMBL3644445,Nc1ccc(cc1)c2n[nH]c3c2Cc4sccc34,6.7
6632,CHEMBL3644446,Oc1cccc(Cc2ccc(cc2)c3n[nH]c4c3Cc5sccc45)c1,6.86
6637,CHEMBL3680619,O=C(CCN1CCOCC1)N2CCC(CC2)c3ccc(OC(=O)c4ncc(C#N)[nH]4)c(c3)C5=CCCCC5,7.38
6638,CHEMBL265432,CN1CCN(CC1)c2ccc(NC(=O)c3oc(cc3)C#N)c(c2)C4=CCCCC4,6.82
6640,CHEMBL257154,O=C(Nc1ccc(cc1C2=CCCCC2)C3CCNCC3)c4nc(c[nH]4)C#N,7.15
6641,CHEMBL256712,CC(=O)N1CCC(CC1)c2ccc(NC(=O)c3ncc(C#N)[nH]3)c(c2)C4=CCCCC4,7.24
6642,CHEMBL3680620,FC(F)(F)C(=O)On1cc(nc1C(=O)Nc2ccc(cc2C3=CCCCC3)C4CCN(Cc5ccccn5)CC4)C#N,7.3
6644,CHEMBL3680621,FC(F)(F)C(=O)On1cc(nc1C(=O)Nc2ccc(cc2C3=CCCCC3)C4CCN(CCC#N)CC4)C#N,7.1
6646,CHEMBL257153,O=C(Nc1ccc(cc1C2=CCS(=O)(=O)CC2)C3CCNCC3)c4ncc(C#N)[nH]4,7.14
6647,CHEMBL3680622,CN(C)CC(=O)N1CCC(CC1)c2ccc(OC(=O)c3ncc(C#N)[nH]3)c(c2)C4=CCCCC4,7.41
6648,CHEMBL3680623,CS(=O)(=O)CCN1CCC(CC1)c2ccc(OC(=O)c3ncc(C#N)[nH]3)c(c2)C4=CCCCC4,6.8
6649,CHEMBL3680624,FC(F)(F)C(=O)OC(=O)CN1CCC(CC1)c2ccc(NC(=O)c3ncc(C#N)[nH]3)c(c2)C4=CCCCC4,7.0
6653,CHEMBL3680627,CC1(C)CC=CC(C1)C(COC(=O)c2ncc(C#N)[nH]2)S(=O)(=O)C,7.41
6709,CHEMBL3690080,CN(C)C1CCN(C1)C2CCc3cc(ccc23)C(=O)Nc4ccc(C)c(Nc5nccc(n5)c6cccnc6)c4,7.29
6713,CHEMBL3690078,CC(=O)N1CCN(CC1)C2CCc3cc(ccc23)C(=O)Nc4ccc(C)c(Nc5nccc(n5)c6cccnc6)c4,6.28
6717,CHEMBL3702566,CN1C(=O)C(=Cc2cnc(Nc3ccc4[nH]ccc4c3)nc12)Sc5ccc(F)cc5,5.21
6721,CHEMBL3690073,Cc1ccc(NC(=O)c2ccc3C(CCc3c2)N4CCN(CC4)C(=O)OC(C)(C)C)cc1Nc5nccc(n5)c6cccnc6,5.93
6724,CHEMBL3690077,Cc1ccc(NC(=O)c2ccc3C(CCc3c2)N4CCN(CCO)CC4)cc1Nc5nccc(n5)c6cccnc6,7.5
6729,CHEMBL3690081,CN(C)[C@@H]1CCN(C1)C2CCc3cc(ccc23)C(=O)Nc4ccc(C)c(Nc5nccc(n5)c6cccnc6)c4,7.5
6730,CHEMBL3690083,CN1CCN(CC1)C2CCc3cc(ccc23)C(=O)Nc4ccc(C)c(Nc5nccc(n5)c6ccncc6)c4,6.28
6764,CHEMBL3746776,C[C@H]1Cc2c(CN1)ncnc2Oc3ccc4c(ccn4C(=O)Nc5cc([nH]n5)C6(C)CC6)c3,6.22
6787,CHEMBL3764279,COc1cc2c(Oc3ccc(NC(=O)N\N=C\c4cccc(CC=C)c4O)cc3F)ccnc2cc1OCCCN5CCCCC5,6.79
6796,CHEMBL3774451,Fc1ccc(cc1)n2nnc(C(=O)Nc3ccc(Oc4ccnc5[nH]ccc45)c(F)c3)c2C(F)(F)F,6.49
6813,CHEMBL3780676,COc1cc2c(Oc3ccc(NC(=O)C4=C(Cl)c5ccccc5N(C4=O)c6ccc(F)cc6)cc3F)ccnc2cc1OCCCN7CCN(C)CC7,6.44
6814,CHEMBL1614712,Nc1ncnc2c1c(cn2[C@@H]3C[C@H](CN4CCC4)C3)c5cccc(OCc6ccccc6)c5,5.2
6816,CHEMBL3787112,Nc1ncnc2c1c(cn2[C@@H]3C[C@H](CN4CCC4)C3)c5cccc(O)c5,6.17
6848,CHEMBL3805771,CCN1CCN(Cc2ccc(NC(=O)CNc3ccc(cc3)c4ccc(NC(=O)C5CC5)nc4)cc2C(F)(F)F)CC1,6.05
6849,CHEMBL3806189,CN1CCN(Cc2ccc(NC(=O)CNc3ccc(cc3F)c4ccc(NC(=O)C5CC5)nc4)cc2C(F)(F)F)CC1,5.82
