,molecule_chembl_id,canonical_smiles,pchembl_value
0,CHEMBL2070504,CCCNc1ncc(s1)c2cc(nc(n2)c3cnccn3)c4cc(OCCC5CCCCC5)ccc4Cl,7.55
1,CHEMBL3797422,CN(C)C1(CCN(CC1)c2ncnc3[nH]c4CCCCc4c23)C(=O)Nc5ccc(OC(F)F)cc5,7.57
2,CHEMBL3356419,CN(C)C(=O)Oc1cccc(NC(=O)N2CCN(CC2C(C)(C)C)c3ncnc4[nH]cc(C)c34)c1,7.59
3,CHEMBL3797937,COC(=O)c1cccc(NC(=O)C2(CN)CCN(CC2)c3ncnc4[nH]c5CCCCc5c34)c1,7.64
4,CHEMBL3798729,CN(C)c1ccc(NC(=O)C2(CCN(CC2)c3ncnc4[nH]c5CCCCc5c34)N(C)C)cc1,7.66
5,CHEMBL3355491,CN(Cc1ccccc1)C(=O)c2ccc(cc2)S(=O)(=O)Nc3cccc(C)c3,7.66
6,CHEMBL3355489,CN(Cc1ccccc1)C(=O)c2ccc(cc2)S(=O)(=O)Nc3cccc(F)c3,7.66
7,CHEMBL3355515,O=S(=O)(Nc1ccccc1)c2ccc(cc2)c3nccn3Cc4ccccc4,7.66
8,CHEMBL3355497,CN(Cc1ccc(CCC(=O)O)cc1)C(=O)c2ccc(cc2)S(=O)(=O)Nc3ccccc3,7.72
9,CHEMBL3355508,OCCN(Cc1ccccc1)C(=O)c2ccc(cc2)S(=O)(=O)Nc3ccccc3,7.72
10,CHEMBL3798698,CN(C)C1(CCN(CC1)c2ncnc3[nH]c4CCCCc4c23)C(=O)Nc5ccc(cc5)C#N,7.77
11,CHEMBL2070497,CCCNc1ncc(s1)c2cc(nc(n2)c3cnccn3)c4c(Cl)cc(OC)cc4Cl,7.8
12,CHEMBL2070614,CNC(=O)Nc1ncc(s1)c2cc(nc(n2)c3cnccn3)c4c(C)cc(OC)cc4C,7.8
13,CHEMBL584968,Cc1c[nH]c2ncnc(N3CC4CCC(C3)N4C(=O)Nc5cccc(Br)c5)c12,7.8
14,CHEMBL3797333,COC(=O)c1cccc(NC(=O)C2(CCN(CC2)c3ncnc4[nH]c5CCCCc5c34)N(C)C)c1,7.89
15,CHEMBL3613610,COC(=O)c1cccc(NC(=O)C2(CN(C)C)CCN(CC2)c3ncnc4[nH]ccc34)c1,7.89
16,CHEMBL3799312,CN(C)C1(CCN(CC1)c2ncnc3[nH]c4CCCCc4c23)C(=O)Nc5ccc(F)cc5,7.92
17,CHEMBL3797875,CN(C)C1(CCN(CC1)c2ncnc3[nH]c4CCCCc4c23)C(=O)Nc5cccc(c5)S(=O)(=O)C,7.92
18,CHEMBL2070618,CNC(=O)Nc1ncc(s1)c2cc(nc(n2)c3cnccn3)c4c(Cl)cc(OC)cc4Cl,7.92
19,CHEMBL3613602,COC(=O)c1cccc(NC(=O)C2(CCN(CC2)c3ncnc4[nH]cc(C)c34)N(C)C)c1,7.92
20,CHEMBL3798226,CN(C)C1(CCN(CC1)c2ncnc3[nH]c4CCCCc4c23)C(=O)Nc5cccc(CN6CCCCC6)c5,7.96
21,CHEMBL568484,Cc1c[nH]c2ncnc(N3CCN(CC3)\C(=N\C#N)\Nc4cccc(Br)c4)c12,7.96
22,CHEMBL3352853,C[C@H](NC(=O)N1CCN(C[C@@H]1C)c2ncnc3[nH]cc(C)c23)c4ccccc4,8.0
23,CHEMBL3613614,COC(=O)c1cccc(NC(=O)C2(N)CCN(CC2)c3ncnc4[nH]ccc34)c1,8.02
24,CHEMBL572371,CC1CN(CCN1\C(=N\C#N)\Nc2cccc(Br)c2)c3ncnc4[nH]ccc34,8.09
25,CHEMBL3613622,COC(=O)c1cccc(NC(=O)C2(CN(C)C)CCN(CC2)c3ncnc4[nH]c(C)cc34)c1,8.1
26,CHEMBL2070619,COc1cc(Cl)c(c(Cl)c1)c2cc(nc(n2)c3cnccn3)c4cnc(NC(=O)C)s4,8.1
27,CHEMBL3613605,COC(=O)c1ccc(NC(=O)C2(CN(C)C)CCN(CC2)c3ncnc4[nH]cc(C)c34)cc1,8.11
28,CHEMBL3356433,CN(C)C(=O)Oc1cccc(NC(=O)C2(CN)CCN(CC2)c3ncnc4[nH]cc(C)c34)c1,8.13
29,CHEMBL3613601,COC(=O)c1cccc(NC(=O)C2(N)CCN(CC2)c3ncnc4[nH]cc(C)c34)c1,8.13
30,CHEMBL3356432,CN(C)CCC1(CCN(CC1)c2ncnc3[nH]cc(C)c23)C(=O)Nc4cccc(OC(=O)N(C)C)c4,8.14
31,CHEMBL3800515,CN(C)C1(CCN(CC1)c2ncnc3[nH]c4CCCCc4c23)C(=O)Nc5cccc(C)c5,8.15
32,CHEMBL571706,C[C@H]1CN(CCN1\C(=N\S(=O)(=O)C)\Nc2cccc(Br)c2)c3ncnc4[nH]cc(C)c34,8.17
33,CHEMBL572170,CC(C)NC(=O)c1cccc(NC(=O)N2CCN(C[C@@H]2C)c3ncnc4[nH]cc(C)c34)c1,8.26
34,CHEMBL3356429,CN(C)C(=O)Oc1cccc(NC(=O)C2(CCN(CC2)c3ncnc4[nH]cc(C)c34)N(C)C)c1,8.29
35,CHEMBL3798086,CC(C)Oc1cccc(NC(=O)C2(CCN(CC2)c3ncnc4[nH]c5CCCCc5c34)N(C)C)c1,8.32
36,CHEMBL3356427,CN(C)C(=O)Oc1cccc(NC(=O)C2(C)CCN(CC2)c3ncnc4[nH]cc(C)c34)c1,8.32
37,CHEMBL3613608,CCC(C)OC(=O)c1cccc(NC(=O)C2(CN(C)C)CCN(CC2)c3ncnc4[nH]cc(C)c34)c1,8.34
38,CHEMBL3800104,CN(C)C1(CCN(CC1)c2ncnc3[nH]c4CCCCc4c23)C(=O)Nc5ccccc5,8.35
39,CHEMBL570831,CC(C)[C@H]1CN(CCN1\C(=N\C#N)\Nc2cccc(Br)c2)c3ncnc4[nH]cc(C)c34,8.38
40,CHEMBL570830,C[C@H]1CN(CCN1\C(=N\C#N)\Nc2cccc(Br)c2)c3ncnc4[nH]c(C)cc34,8.38
41,CHEMBL3613620,COC(=O)c1cccc(NC(=O)C2(CN(C)C)CCN(CC2)c3ncnc4[nH]cc(C#N)c34)c1,8.4
42,CHEMBL570586,C[C@@H]1CN([C@@H](C)CN1c2ncnc3[nH]cc(C)c23)\C(=N\C#N)\Nc4cccc(Br)c4,8.41
43,CHEMBL571942,C[C@H]1CN(CCN1C(=O)Nc2cccc(Br)c2)c3ncnc4[nH]cc(C)c34,8.41
44,CHEMBL3798406,CN(C)C1(CCN(CC1)c2ncnc3[nH]c4CCCCc4c23)C(=O)Nc5cccc(F)c5,8.43
45,CHEMBL585734,CC(C)NC(=O)c1cccc(N\C(=N/C#N)\N2CCN(C[C@@H]2C)c3ncnc4[nH]cc(C)c34)c1,8.46
46,CHEMBL571940,C[C@H]1CN(CCN1\C(=N\C#N)\Nc2cccc(c2)C(=O)NCCN(C)C)c3ncnc4[nH]cc(C)c34,8.47
47,CHEMBL570820,C[C@H]1CN(CCN1C(=O)Nc2ccc(F)c(Br)c2)c3ncnc4[nH]cc(C)c34,8.5
48,CHEMBL3356425,Cc1c[nH]c2ncnc(N3CCC(C)(CC3)C(=O)Nc4cccc(c4)C(C)(C)C)c12,8.5
49,CHEMBL3623442,CC(C)C(=O)Nc1ncc(s1)c2ccncc2c3ccc(C)cc3Cl,8.52
50,CHEMBL1258976,CC(C)Nc1ncc(s1)c2cc(nc(NCCN(C)C)n2)c3ccccc3Cl,8.52
51,CHEMBL3355507,CCN(Cc1ccccc1)C(=O)c2ccc(cc2)S(=O)(=O)Nc3ccccc3,8.52
52,CHEMBL578615,C[C@H]1CN(CCN1C(=O)Nc2cccc(c2)C(=O)NC(CO)CO)c3ncnc4[nH]cc(C)c34,8.52
53,CHEMBL570821,C[C@H]1CN(CCN1C(=O)Nc2cccc(c2)C(=O)NCCO)c3ncnc4[nH]cc(C)c34,8.52
54,CHEMBL565453,C[C@H]1CN(CCN1\C(=N\C#N)\Nc2cccc(c2)S(=O)(=O)NCCO)c3ncnc4[nH]cc(C)c34,8.54
55,CHEMBL3613621,COC(=O)c1cccc(NC(=O)C2(CN(C)C)CCN(CC2)c3ncnc4[nH]cc(F)c34)c1,8.55
56,CHEMBL3356430,COCCOCC1(CCN(CC1)c2ncnc3[nH]cc(C)c23)C(=O)Nc4cccc(OC(=O)N(C)C)c4,8.57
57,CHEMBL3356063,COc1cccc(NC(=O)N2CCN(C[C@@H]2C)c3ncnc4[nH]cc(C)c34)c1,8.57
58,CHEMBL583464,C[C@H]1CN(CCN1C(=O)Nc2cccc(Cl)c2)c3ncnc4[nH]cc(C)c34,8.64
59,CHEMBL3613607,CC(C)OC(=O)c1cccc(NC(=O)C2(CN(C)C)CCN(CC2)c3ncnc4[nH]cc(C)c34)c1,8.66
60,CHEMBL3356426,CN(C)C(=O)Oc1cccc(NC(=O)C2(CC=C)CCN(CC2)c3ncnc4[nH]cc(C)c34)c1,8.66
61,CHEMBL3613606,CCCOC(=O)c1cccc(NC(=O)C2(CN(C)C)CCN(CC2)c3ncnc4[nH]cc(C)c34)c1,8.68
62,CHEMBL3800273,COc1cccc(NC(=O)C2(CCN(CC2)c3ncnc4[nH]c5CCCCc5c34)N(C)C)c1,8.7
63,CHEMBL571947,C[C@H]1CN(CCN1\C(=N\C#N)\Nc2cccc(c2)C(F)(F)F)c3ncnc4[nH]cc(C)c34,8.72
64,CHEMBL3356424,Cc1c[nH]c2ncnc(N3CCC(CC=C)(CC3)C(=O)Nc4cccc(Cl)c4)c12,8.72
65,CHEMBL584090,C[C@H]1CN(CCN1\C(=N\C#N)\Nc2cccc(F)c2)c3ncnc4[nH]cc(C)c34,8.75
66,CHEMBL566746,CC(C)NS(=O)(=O)c1cccc(N\C(=N/C#N)\N2CCN(C[C@@H]2C)c3ncnc4[nH]cc(C)c34)c1,8.77
67,CHEMBL3613623,COC(=O)c1cccc(NC(=O)C2(CN(C)C)CCN(CC2)c3ncnc4[nH]c(C)c(C)c34)c1,8.8
68,CHEMBL570832,C[C@H]1CN(CCN1\C(=N\C#N)\Nc2cccc(Cl)c2)c3ncnc4[nH]cc(C)c34,8.8
69,CHEMBL3613600,COC(=O)c1cccc(NC(=O)C2(CN(C)C)CCN(CC2)c3ncnc4[nH]cc(C)c34)c1,8.82
70,CHEMBL565452,C[C@H]1CN(CCN1\C(=N\C#N)\Nc2ccc(F)c(Br)c2)c3ncnc4[nH]cc(C)c34,8.82
71,CHEMBL3799326,CN(C)C(=O)Oc1cccc(NC(=O)C2(CN)CCN(CC2)c3ncnc4[nH]c(C)c(C)c34)c1,8.85
72,CHEMBL3613624,CN(C)CC1(CCN(CC1)c2ncnc3[nH]c(C)c(C)c23)C(=O)Nc4cccc(OC(=O)N(C)C)c4,8.85
73,CHEMBL3800261,COC(=O)Cc1cccc(NC(=O)C2(CCN(CC2)c3ncnc4[nH]c5CCCc5c34)N(C)C)c1,8.85
74,CHEMBL570116,C[C@H]1CN(CCN1C(=O)Nc2cccc(OC(=O)N(C)C)c2)c3ncnc4[nH]cc(C)c34,8.92
75,CHEMBL3356064,C[C@H]1CN(CCN1C(=O)Nc2ccccc2)c3ncnc4[nH]cc(C)c34,8.92
76,CHEMBL577194,C[C@H]1CN(CCN1\C(=N\C#N)\Nc2cccc(Br)c2)c3ncnc4[nH]cc(Cl)c34,8.92
77,CHEMBL569861,C[C@H]1CN(CCN1\C(=N\C#N)\Nc2cccc(c2)C#N)c3ncnc4[nH]cc(C)c34,8.92
78,CHEMBL570115,C[C@H]1CN(CCN1\C(=N\C#N)\Nc2cccc(c2)C(C)(C)C)c3ncnc4[nH]cc(C)c34,8.96
79,CHEMBL3356431,CN(C)C(=O)Oc1cccc(NC(=O)C2(Cc3c[nH]cn3)CCN(CC2)c4ncnc5[nH]cc(C)c45)c1,9.0
80,CHEMBL3797469,CN(C)C(=O)Oc1cccc(NC(=O)C2(N)CCN(CC2)c3ncnc4[nH]c5CCCCc5c34)c1,9.0
81,CHEMBL3623439,Oc1ccc(Nc2ncc(s2)c3ccncc3c4ccccc4Cl)cc1,9.0
82,CHEMBL3797634,CN(C)C(=O)Oc1cccc(NC(=O)C2(CCN(CC2)c3ncnc4[nH]c5CCCc5c34)N(C)C)c1,9.05
83,CHEMBL3799695,CN(C)C1(CCN(CC1)c2ncnc3[nH]c4CCCCc4c23)C(=O)Nc5cccc(c5)c6ocnc6,9.05
84,CHEMBL570126,C[C@H]1CN(CCN1\C(=N\C#N)\Nc2cccc(Br)c2)c3ncnc4[nH]cc(C)c34,9.05
85,CHEMBL3800144,COC(=O)Cc1cccc(NC(=O)C2(CCN(CC2)c3ncnc4[nH]c5CCCCc5c34)N(C)C)c1,9.1
86,CHEMBL571057,C[C@H]1CN(CCN1\C(=N\C#N)\Nc2cccc(c2)C(=O)NCCO)c3ncnc4[nH]cc(C)c34,9.1
87,CHEMBL3797874,CN(C)C(=O)Oc1cccc(NC(=O)C2(CN)CCN(CC2)c3ncnc4[nH]c5CCCCc5c34)c1,9.16
88,CHEMBL3797519,CN(C)C1(CCN(CC1)c2ncnc3[nH]c4CCCCc4c23)C(=O)Nc5cccc(c5)c6ccccc6,9.16
89,CHEMBL3797658,CN(C)C(=O)Oc1cccc(NC(=O)C2(CCN(CC2)c3ncnc4[nH]c5CCC(F)(F)Cc5c34)N(C)C)c1,9.4
90,CHEMBL3800330,CN(C)C1(CCN(CC1)c2ncnc3[nH]c4CCCCc4c23)C(=O)Nc5cccc(NS(=O)(=O)C)c5,9.4
91,CHEMBL3799236,CN(C)C1(CCN(CC1)c2ncnc3[nH]c4CCCCc4c23)C(=O)Nc5cccc(OC(=O)C)c5,9.4
92,CHEMBL3800357,CN(C)C1(CCN(CC1)c2ncnc3[nH]c4CCCCc4c23)C(=O)Nc5cccc(c5)c6cccs6,9.52
93,CHEMBL3799925,CN(C)C1(CCN(CC1)c2ncnc3[nH]c4CCCCc4c23)C(=O)Nc5cccc(c5)c6occc6,9.52
94,CHEMBL3798142,CN(C)C(=O)Oc1cccc(NC(=O)C2(CCN(CC2)c3ncnc4[nH]c5CCCCc5c34)N(C)C)c1,9.7
95,CHEMBL3798662,CN(C)C1(CCN(CC1)c2ncnc3[nH]c4CCCCc4c23)C(=O)Nc5cccc(c5)n6cccc6,9.7
96,CHEMBL3800259,CN(C)CC1(CCN(CC1)c2ncnc3[nH]c4CCCCc4c23)C(=O)Nc5cccc(OC(=O)N(C)C)c5,9.7
97,CHEMBL3799270,COC(=O)Cc1cccc(NC(=O)C2(CCN(CC2)c3ncnc4[nH]c5CCC(F)(F)Cc5c34)N(C)C)c1,9.7
98,CHEMBL3800458,CN(C)C1(CCN(CC1)c2ncnc3[nH]c4CCCCc4c23)C(=O)Nc5cccc(c5)c6cccnc6,10.0
99,CHEMBL3799318,CN(C)C1(CCN(CC1)c2ncnc3[nH]c4CCCCc4c23)C(=O)Nc5cccc(c5)c6oncn6,10.0
