,molecule_chembl_id,canonical_smiles,pchembl_value
0,CHEMBL3613600,COC(=O)c1cccc(NC(=O)C2(CN(C)C)CCN(CC2)c3ncnc4[nH]cc(C)c34)c1,7.57
1,CHEMBL3410049,COc1ccc(cc1)N(CCN)C(=O)Nc2ccc(cc2)c3ncnc4[nH]cc(C)c34,7.57
2,CHEMBL3613623,COC(=O)c1cccc(NC(=O)C2(CN(C)C)CCN(CC2)c3ncnc4[nH]c(C)c(C)c34)c1,7.59
3,CHEMBL3613620,COC(=O)c1cccc(NC(=O)C2(CN(C)C)CCN(CC2)c3ncnc4[nH]cc(C#N)c34)c1,7.6
4,CHEMBL3410042,Cc1c[nH]c2ncnc(c3ccc(NC(=O)N(CCO)c4ccc(Cl)cc4)cc3)c12,7.6
5,CHEMBL3356433,CN(C)C(=O)Oc1cccc(NC(=O)C2(CN)CCN(CC2)c3ncnc4[nH]cc(C)c34)c1,7.62
6,CHEMBL3797874,CN(C)C(=O)Oc1cccc(NC(=O)C2(CN)CCN(CC2)c3ncnc4[nH]c5CCCCc5c34)c1,7.64
7,CHEMBL2070614,CNC(=O)Nc1ncc(s1)c2cc(nc(n2)c3cnccn3)c4c(C)cc(OC)cc4C,7.64
8,CHEMBL3613622,COC(=O)c1cccc(NC(=O)C2(CN(C)C)CCN(CC2)c3ncnc4[nH]c(C)cc34)c1,7.64
9,CHEMBL3613610,COC(=O)c1cccc(NC(=O)C2(CN(C)C)CCN(CC2)c3ncnc4[nH]ccc34)c1,7.64
10,CHEMBL3799326,CN(C)C(=O)Oc1cccc(NC(=O)C2(CN)CCN(CC2)c3ncnc4[nH]c(C)c(C)c34)c1,7.66
11,CHEMBL3797469,CN(C)C(=O)Oc1cccc(NC(=O)C2(N)CCN(CC2)c3ncnc4[nH]c5CCCCc5c34)c1,7.66
12,CHEMBL3613624,CN(C)CC1(CCN(CC1)c2ncnc3[nH]c(C)c(C)c23)C(=O)Nc4cccc(OC(=O)N(C)C)c4,7.66
13,CHEMBL3410054,Cc1[nH]c2ncnc(c3ccc(NC(=O)N(CCN)c4ccc(Cl)cc4)c(F)c3)c2c1C,7.68
14,CHEMBL3410053,Cc1[nH]c2ncnc(c3ccc(NC(=O)N(CCO)c4ccc(Cl)cc4)c(F)c3)c2c1C,7.68
15,CHEMBL3410050,Cc1c[nH]c2ncnc(c3ccc(NC(=O)N(CCN)c4ccc(Cl)cc4)cc3)c12,7.68
16,CHEMBL3623440,CC(=O)Nc1ncc(s1)c2ccncc2c3ccccc3Cl,7.7
17,CHEMBL3800259,CN(C)CC1(CCN(CC1)c2ncnc3[nH]c4CCCCc4c23)C(=O)Nc5cccc(OC(=O)N(C)C)c5,7.7
18,CHEMBL3410052,CN(C)CCN(C(=O)Nc1ccc(cc1)c2ncnc3[nH]cc(C)c23)c4ccc(Cl)cc4,7.7
19,CHEMBL3613621,COC(=O)c1cccc(NC(=O)C2(CN(C)C)CCN(CC2)c3ncnc4[nH]cc(F)c34)c1,7.7
20,CHEMBL3613599,CN(C)CC1(CCN(CC1)c2ncnc3[nH]cc(C)c23)C(=O)Nc4cccc(OC(=O)N(C)C)c4,7.72
21,CHEMBL3410055,CN(C)CCN(C(=O)Nc1ccc(cc1F)c2ncnc3[nH]c(C)c(C)c23)c4ccc(Cl)cc4,7.72
22,CHEMBL3629278,Cc1cc(NC(=O)Nc2ccc(cc2F)c3ncnc4[nH]cc(C)c34)ccn1,7.72
23,CHEMBL3407526,CC(C)NC(=O)c1cccc(NC(=O)Nc2ccc(cc2F)c3ncnc4[nH]cc(C)c34)c1,7.75
24,CHEMBL3798142,CN(C)C(=O)Oc1cccc(NC(=O)C2(CCN(CC2)c3ncnc4[nH]c5CCCCc5c34)N(C)C)c1,7.75
25,CHEMBL3613601,COC(=O)c1cccc(NC(=O)C2(N)CCN(CC2)c3ncnc4[nH]cc(C)c34)c1,7.75
26,CHEMBL2380834,Fc1ccc(C(=O)Nc2ccc(Nc3ccnc4NC(=O)c5ccccc5c34)cc2)c(c1)C(F)(F)F,7.75
27,CHEMBL3613598,COC(=O)c1cccc(NC(=O)C2(CN)CCN(CC2)c3ncnc4[nH]cc(C)c34)c1,7.8
28,CHEMBL3622867,CCCNc1ncc(s1)c2ccncc2c3ccccc3Cl,7.82
29,CHEMBL3622874,CCCNc1ncc(s1)c2ccncc2c3ccc(OC)cc3C(F)(F)F,7.89
30,CHEMBL3586447,Cc1cc2cn[nH]c2cc1c3cccc4c(N)c(nnc34)C(=O)N,7.92
31,CHEMBL3629277,Cc1ccc(NC(=O)Nc2ccc(cc2F)c3ncnc4[nH]cc(C)c34)cn1,7.96
32,CHEMBL2141887,CC(C)C(=O)Nc1ncc(s1)c2cc(nn2c3c(Cl)cccc3Cl)C(F)F,8.0
33,CHEMBL3629276,COc1ccc(NC(=O)Nc2ccc(cc2F)c3ncnc4[nH]cc(C)c34)cc1,8.0
34,CHEMBL3410056,COCCN(C(=O)Nc1ccc(cc1F)c2ncnc3[nH]c(C)c(C)c23)c4ccc(Cl)cc4,8.1
35,CHEMBL3623443,COc1ccc(c2cnccc2c3cnc(NC(=O)C(C)C)s3)c(c1)C(F)(F)F,8.1
36,CHEMBL3613609,CN(C)CC1(CCN(CC1)c2ncnc3[nH]cc(C)c23)C(=O)Nc4cccc(c4)C(=O)OCC#C,8.12
37,CHEMBL570820,C[C@H]1CN(CCN1C(=O)Nc2ccc(F)c(Br)c2)c3ncnc4[nH]cc(C)c34,8.18
38,CHEMBL3623435,CC(C)CNc1ncc(s1)c2ccncc2c3ccccc3Cl,8.3
39,CHEMBL1258976,CC(C)Nc1ncc(s1)c2cc(nc(NCCN(C)C)n2)c3ccccc3Cl,8.4
40,CHEMBL3623437,C[C@@H](Nc1ncc(s1)c2ccncc2c3ccccc3Cl)c4ccccc4,8.4
41,CHEMBL565452,C[C@H]1CN(CCN1\C(=N\C#N)\Nc2ccc(F)c(Br)c2)c3ncnc4[nH]cc(C)c34,8.43
42,CHEMBL570116,C[C@H]1CN(CCN1C(=O)Nc2cccc(OC(=O)N(C)C)c2)c3ncnc4[nH]cc(C)c34,8.5
43,CHEMBL3623441,CC(C)C(=O)Nc1ncc(s1)c2ccncc2c3ccccc3Cl,8.52
44,CHEMBL3623438,Clc1ccccc1c2cnccc2c3cnc(Nc4ccccc4)s3,8.52
45,CHEMBL3218297,CS(=O)(=O)O.Oc1cccc(CNC(=O)Nc2nc(cs2)c3ccncc3)c1,8.76
46,CHEMBL3623442,CC(C)C(=O)Nc1ncc(s1)c2ccncc2c3ccc(C)cc3Cl,9.0
47,CHEMBL2070615,CCNC(=O)Nc1ncc(s1)c2cc(nc(n2)c3cnccn3)c4c(C)cc(OC)cc4C,9.0
48,CHEMBL570126,C[C@H]1CN(CCN1\C(=N\C#N)\Nc2cccc(Br)c2)c3ncnc4[nH]cc(C)c34,9.3
49,CHEMBL3623439,Oc1ccc(Nc2ncc(s2)c3ccncc3c4ccccc4Cl)cc1,9.52
6,CHEMBL1336,CNC(=O)c1cc(Oc2ccc(NC(=O)Nc3ccc(Cl)c(c3)C(F)(F)F)cc2)ccn1,5.66
9,CHEMBL388978,CN[C@@H]1C[C@H]2O[C@@](C)([C@@H]1OC)n3c4ccccc4c5c6CNC(=O)c6c7c8ccccc8n2c7c35,6.16
63,CHEMBL1421,Cc1nc(Nc2ncc(s2)C(=O)Nc3c(C)cccc3Cl)cc(n1)N4CCN(CCO)CC4,6.24
69,CHEMBL477772,CN(c1ccc2c(C)n(C)nc2c1)c3ccnc(Nc4ccc(C)c(c4)S(=O)(=O)N)n3,6.14
71,CHEMBL191003,Nc1nc(Nc2ccc(cc2)S(=O)(=O)N)nn1C(=O)c3c(F)cccc3F,6.21
105,CHEMBL590109,NCCn1cc(c2cc(c3cc4ccccc4s3)c5[nH]ncc5c2)c6nc(N)ncc16,5.33
121,CHEMBL603469,C[C@]12O[C@H](C[C@]1(O)CO)n3c4ccccc4c5c6C(=O)NCc6c7c8ccccc8n2c7c35,5.8
130,CHEMBL1258633,CC(C)Nc1ncc(s1)c2cc(nc(n2)c3ccccn3)c4ccccc4Cl,6.6
143,CHEMBL207012,NC(=O)c1sc2ncccc2c1N,4.43
144,CHEMBL211002,NC(=O)c1sc2ccccc2c1N,4.48
145,CHEMBL457313,Nc1ncnc2c3cccnc3sc12,5.05
146,CHEMBL1836358,Nc1ncnc2c3ccccc3sc12,5.16
147,CHEMBL1836359,Cn1c2ccccc2c3ncnc(N)c13,5.4
148,CHEMBL1836360,Nc1ncnc2c3ccc(cc3sc12)c4ccccc4,6.52
149,CHEMBL1836361,Cn1c2cc(ccc2c3ncnc(N)c13)c4ccccc4,6.59
150,CHEMBL1488435,Cc1sc2ncnc(N)c2c1C,5.36
151,CHEMBL1836471,Nc1ncnc2sc3CCCCc3c12,5.4
152,CHEMBL1836472,Nc1ncnc2sc3CCCc3c12,5.28
153,CHEMBL1836473,Nc1ncnc2sc3CCCCCc3c12,5.6
171,CHEMBL1836485,Nc1ncnc2sc3C4CC(C4)Cc3c12,5.75
172,CHEMBL1836486,CC1CCc2c(C1)sc3ncnc(N)c23,4.75
173,CHEMBL1836487,CC1(C)CCc2sc3ncnc(N)c3c12,5.68
174,CHEMBL1836488,CC1CCCc2sc3ncnc(N)c3c12,5.57
175,CHEMBL1836386,COc1ccc(cc1OC)c2sc3ncnc(N)c3c2C,5.5
176,CHEMBL1836387,Nc1ncnc2sc3c(Cc4ccccc34)c12,4.96
177,CHEMBL1836388,CCOC(=O)C1CCc2c(C1)sc3ncnc(N)c23,5.64
178,CHEMBL1836389,NC(=O)C1CCc2c(C1)sc3ncnc(N)c23,5.04
179,CHEMBL1836390,Nc1ncnc2sc3CC(CCc3c12)C(=O)N4CCOCC4,5.07
180,CHEMBL1836391,Nc1ncnc2sc3CN(Cc4ccccc4)CCc3c12,6.18
181,CHEMBL1836392,CC1(C)CCc2c(C1)sc3ncnc(N)c23,5.55
182,CHEMBL1836393,Nc1ncnc2sc3COCCc3c12,5.46
183,CHEMBL1581452,CC1(C)Cc2c(CO1)sc3ncnc(N)c23,4.9
184,CHEMBL1836394,Nc1ncnc2sc3c(CCc4ccccc34)c12,5.37
186,CHEMBL1836396,Cc1c(sc2ncnc(N)c12)c3ccccc3,4.77
188,CHEMBL1836398,Nc1ncnc2sc3CC(CCc3c12)C(=O)NCc4ccccc4,5.02
233,CHEMBL601719,C[C@@H](Oc1cc(cnc1N)c2cnn(c2)C3CCNCC3)c4c(Cl)ccc(F)c4Cl,6.08
240,CHEMBL509032,COc1cc(ccc1Nc2ncc(Cl)c(Nc3ccccc3S(=O)(=O)C(C)C)n2)N4CCC(CC4)N5CCN(C)CC5,5.96
247,CHEMBL1230020,CCCS(=O)(=O)Nc1ccc(F)c(C(=O)c2c[nH]c3ncc(Cl)cc23)c1F,5.62
248,CHEMBL1287853,Cc1cnc(Nc2ccc(OCCN3CCCC3)cc2)nc1Nc4cccc(c4)S(=O)(=O)NC(C)(C)C,6.03
250,CHEMBL1230609,COc1cc2c(Oc3ccc(NC(=O)C4(CC4)C(=O)Nc5ccc(F)cc5)cc3F)ccnc2cc1OCCCN6CCOCC6,6.17
268,CHEMBL475251,COc1cc(Nc2ncc(F)c(Nc3ccc4OC(C)(C)C(=O)Nc4n3)n2)cc(OC)c1OC,6.21
299,CHEMBL386051,CSc1cccc(Nc2ncc3C=C(C(=O)N(C)c3n2)c4c(Cl)cccc4Cl)c1,6.0
301,CHEMBL1973211,Cc1cccc(NC(=O)Nc2ccc(cc2)c3csc4c(cnc(N)c34)C#CCN5CCCC5)c1,5.6
302,CHEMBL1984700,CC(C)Oc1nccn2c(c3ccnc(NCC(C)(C)O)n3)c(nc12)c4ccc(F)cc4F,5.6
304,CHEMBL2007151,Cc1c(c2cccc(OCc3ccccc3)c2)c4c(N)ncnc4n1C5CCC(CC5)N6CCCC6,5.9
308,CHEMBL1999120,CC(C)C1=CC(=O)NC2=C1C(=O)NN2,5.4
309,CHEMBL1976134,c1cc2cc(cnc2[nH]1)c3ccc4cn[nH]c4c3,5.2
310,CHEMBL1965131,Cc1ccc(cc1)C(=O)Nc2c(sc3ccc(Cl)c(Cl)c23)C(=O)N,5.6
312,CHEMBL1972158,Nc1n[nH]c2ccc(cc12)c3nnn(Cc4ccccc4)c3c5ccccc5,6.3
318,CHEMBL1970340,Nc1noc2cccc(c3cccc(O)c3)c12,5.6
323,CHEMBL1969561,CC(C)N(C)C(=O)c1c(nnn1Cc2ccccc2)c3ccc4[nH]ncc4c3,5.4
324,CHEMBL1994555,CCc1c([nH]c2nccnc12)c3ccc(cc3)C(=O)C,5.5
327,CHEMBL1980003,Cc1ccccc1c2cccc3nccn23,4.1
329,CHEMBL1999918,NC(=O)c1cc2c(cncc2s1)c3ccc(Br)c(F)c3F,5.6
330,CHEMBL1974254,CCOc1ccc(NC(=O)Nc2ccc(cc2)c3csc4c(cnc(N)c34)c5cnn(C)c5)cc1,5.0
331,CHEMBL1988537,COc1ccc(cc1)C(=O)N2c3ccccc3Sc4c(Cl)cncc24,5.2
332,CHEMBL2005828,Cc1ccc(NC(=O)Nc2ccc(cc2)c3coc4ncnc(N)c34)cc1,5.5
336,CHEMBL1998611,NC(=O)c1sc2c(Br)ccc(Cl)c2c1N,5.8
340,CHEMBL1972221,CCCS(=O)(=O)Nc1ccc(cc1)c2ccc3[nH]nc(NC(=O)CC)c3c2,5.2
341,CHEMBL2006778,CNC(=O)C=Cc1cnc(N)c2c(csc12)c3cc(F)c4[nH]c(C)cc4c3,7.1
345,CHEMBL1968406,CCc1cccc(NC(=O)Nc2ccc3c(CCc4sc5ncnc(N)c5c34)c2)c1,5.2
346,CHEMBL1982476,CNC(=O)c1cnc(N)c2c(csc12)c3ccc(NC(=O)Nc4cccc(Cl)c4)cc3,6.7
349,CHEMBL1975923,CC(CCC(=O)O)(c1ccc(O)c(N)c1)c2ccc(O)c(N)c2,6.7
350,CHEMBL2005449,Cc1cc(Nc2nc(Cl)cc(NCc3ccccc3)n2)n[nH]1,5.6
353,CHEMBL1971534,NC(=O)c1cc2ccncc2s1,4.8
355,CHEMBL242865,OC(=O)c1ccccc1Nc2ccnc(Nc3ccc(cc3)[N+](=O)[O-])n2,5.6
357,CHEMBL1983884,Nc1ncnc2nc3ccccc3n12,4.2
358,CHEMBL1993166,CN(CCCNC(=O)Nc1cc(cc(c1)C(=NNC(=N)N)C)C(=NNC(=N)N)C)CCCNC(=O)Nc2cc(cc(c2)C(=NNC(=N)N)C)C(=NNC(=N)N)C,5.8
359,CHEMBL1967094,Clc1ccc(CNC(=O)c2cc3c(n[nH]c3s2)c4ccccc4)cc1,5.5
362,CHEMBL550275,Nc1ccc2cc(NCCc3ccccc3)cc(Nc4ncccn4)c2n1,6.2
365,CHEMBL1999590,Cc1cc(c2ccccc2)n(n1)c3cc(NN=Cc4occc4)ncn3,5.1
367,CHEMBL1999632,Cc1nn(C)c(C)c2cc(cc12)[N+](=O)[O-],5.7
368,CHEMBL1982993,COc1cc(cc(OC)c1OC)C2=NN(Cc3cccc(C)c3)C(=O)C=C2,6.0
371,CHEMBL1967116,Cc1cccc(NC(=O)Nc2ccc(cc2)c3csc4c(cnc(N)c34)c5cnn(C)c5)c1,6.9
373,CHEMBL1972454,CC(=O)n1ncc2cc(N)ccc12,5.5
377,CHEMBL1980896,Nc1ncnc2sc(Br)c(c3ccc(NC(=O)Cc4cccc(Cl)c4)cc3)c12,6.0
379,CHEMBL1178727,Nc1nc2c(Cc3ccccc23)s1,4.3
380,CHEMBL1970104,CC(C)(C)c1ccc2nc([nH]c2c1)c3n[nH]c4ccccc34,5.7
381,CHEMBL1967612,Clc1ccc2c(c1)C(=O)NS2(=O)=O,4.6
385,CHEMBL1980995,CNC1CC2OC(C)(C1OC)n3c4ccccc4c5c6CNC(=O)c6c7c8ccccc8n2c7c35,7.0
387,CHEMBL1971150,Clc1ccc2NC3(CCCCC3)Nc2c1,5.7
393,CHEMBL2000894,Cc1cc(O)ccc1N2C=C(C(=O)NN)C(=O)c3ccc(cc23)c4ccncc4,5.3
394,CHEMBL1421720,O=C(Cc1cccs1)Nc2nc3ccccc3s2,6.8
395,CHEMBL1968130,Nc1nnc2cncc(Cl)n12,5.7
397,CHEMBL1982135,Cc1ccccc1NC(=O)Nc2ccc3c(CCc4sc5ncnc(N)c5c34)c2,5.9
398,CHEMBL1976090,Nc1ncnc2c1sc3ncnc(N)c23,5.4
399,CHEMBL1993243,CNC(=O)C=Cc1cnc(N)c2c(csc12)c3ccc4OCOc4c3,6.6
400,CHEMBL1992922,OCC(CO)Nc1ncnc2[nH]cc(c3ccccc3)c12,5.7
401,CHEMBL1988370,Nc1ncnc2c1c(cn2C3CC(CN4CCCC4)C3)c5cccc(OCc6ccccc6)c5,5.4
402,CHEMBL1997597,CCS(=O)(=O)Nc1ccc(cc1)c2ccc3[nH]nc(N)c3c2,5.2
405,CHEMBL576113,CCN(CC)CCNc1ccc(O)c2ccccc12,6.1
407,CHEMBL1996543,NC(COc1cncc(c1)c2ccc(F)cc2)Cc3c[nH]c4ccccc34,5.0
409,CHEMBL508928,Cc1cccc(NC(=O)Nc2ccc(cc2)c3cnc4c(cnn4c3N)c5cnn(C)c5)c1,6.8
417,CHEMBL2006149,CC(C)(C)c1cc(NC(=O)C(=O)c2cccc3ccccc23)n(n1)c4ccc(OCC(=O)NCCO)cc4,6.3
418,CHEMBL1964382,CC(C)(c1cc(Br)c(O)c(I)c1)c2cc(Br)c(O)c(I)c2,5.6
419,CHEMBL101311,CN(C)CC(O)COc1ccc(Nc2nccc(Nc3cc(Cl)ccc3Cl)n2)cc1,5.8
420,CHEMBL1981720,O=C(Nc1cnccn1)Nc2ccnc3ccccc23,6.0
423,CHEMBL306380,Cc1ccc(cc1)c2nn(c3ncnc(N)c23)C(C)(C)C,6.4
425,CHEMBL1988581,CN(C)CC1=C(O)C2=NC(=CC(=O)N2C=C1)C,7.0
428,CHEMBL1975500,COc1cc(ccc1O)c2ccc3C(=O)Nc4cc(ccc4Nc3c2)C(=O)NCCNC(=O)C,5.3
430,CHEMBL1964399,COc1ccc(Nc2nccc(NC3=C(NC(C)C(C)(C)C)C(=O)C3=O)n2)cc1OC,6.5
432,CHEMBL411903,Nc1ncnc2NCCC(=Nc12)c3ccc(NC(=O)Nc4cc(ccc4F)C(F)(F)F)cc3,5.9
433,CHEMBL1991008,Nc1n[nH]c2c(cccc12)c3ccccc3,4.2
434,CHEMBL1978167,Cn1cc(c2cc3nc(Br)cnc3[nH]2)c4ccccc14,5.7
435,CHEMBL1965988,Cc1cccc(NC(=O)Nc2ccc(cc2)c3csc4c(cnc(N)c34)C#CCN)c1,5.6
441,CHEMBL1994159,CC(=O)c1cccc(c1)c2ccc3nccn3n2,4.4
443,CHEMBL402846,Cc1ccc(F)c(NC(=O)Nc2ccc(cc2)c3cncc4c3c(N)nn4C)c1,5.1
447,CHEMBL1996931,OCC(Cc1ccc(Cl)cc1)NC(=O)c2ccc(cc2)c3ccncc3,5.5
451,CHEMBL219722,Nc1n[nH]c2cccc(c3ccc(NC(=O)Nc4ccccc4)cc3)c12,5.6
455,CHEMBL117697,COc1cccc(Nc2ncnc3ccccc23)c1,4.6
457,CHEMBL1988805,Nc1nc2ccc(cc2n1c3nccs3)C#N,6.7
458,CHEMBL458997,CNC(=O)c1ccccc1Nc2nc(Nc3ccc(cc3OC)N4CCOCC4)ncc2Cl,5.9
460,CHEMBL1974310,NC(=O)c1cc2c(cncc2s1)c3ccc(F)cc3,5.6
463,CHEMBL1994693,Nc1ncnc2sc3CCc4cc(NC(=O)Nc5ccccc5)ccc4c3c12,5.8
464,CHEMBL1982957,NC(=O)c1cccc(c1)c2cnc3[nH]cc(c4ccccc4)c3c2,6.3
468,CHEMBL2006836,CC1=NN(C(=O)C1=Cc2c(C)c(C#N)c3nc4ccccc4n3c2O)c5ccc(cc5)C(=O)O,5.6
469,CHEMBL1971947,Cc1cccc(NC(=O)Nc2ccc(cc2)c3csc4c(cnc(N)c34)C#Cc5cccnc5)c1,6.1
470,CHEMBL412142,Cc1c[nH]c(n1)c2cnc(NCCNc3ccc(cn3)C#N)nc2c4ccc(Cl)cc4Cl,5.2
472,CHEMBL2002802,Cn1c(N)nc2sc(cc12)C(=O)N,4.1
474,CHEMBL2003271,NC(=O)c1sc2ccc(Cl)c(Cl)c2c1NC(=O)c3ccc(Cl)cc3,5.9
476,CHEMBL1983111,CC(=O)NCC(=O)N1C2CCC1c3cc(Nc4ncc(c(NC5CCC5)n4)C(F)(F)F)ccc23,6.9
481,CHEMBL1988141,CCC(=O)Nc1ccc(C(=O)N2CCNCC2)c(O)c1,6.3
485,CHEMBL2006933,CSc1cnc2c(ccc3cnccc23)c1O,5.5
487,CHEMBL1988300,Nc1ccc(cc1)c2csc3c(C=Cc4nc5ccccc5[nH]4)cnc(N)c23,5.7
490,CHEMBL2001613,Brc1ccc2NNC(=O)c2c1,5.5
491,CHEMBL2000685,CC(=NNC(=N)N)c1cc(NC(=O)c2cccc(c2)C(=O)Nc3cc(cc(c3)C(=NNC(=N)N)C)C(=NNC(=N)N)C)cc(c1)C(=NNC(=N)N)C,6.3
494,CHEMBL1980376,Cc1cccc(c1)c2cccc3onc(N)c23,4.7
495,CHEMBL1985311,Nc1n[nH]c2cccc(c3ccc(NC(=O)Nc4cc(CO)ccc4F)cc3)c12,5.3
497,CHEMBL1982413,CN(Cc1cc(Cl)c(O)c2ncccc12)C3CCCCC3,7.0
499,CHEMBL1969502,O=C(Nc1cc2C(=O)NN=Cc3c[nH]c(c1)c23)C4CC4c5ccccc5,7.5
500,CHEMBL1965910,Nc1ncnc2c1c(cn2C3CCC(CC3)N4CCCC4)c5cccc(OCc6ccccc6)c5,6.1
503,CHEMBL2000271,Cc1n[nH]c2ccc(cc12)c3cncc(OCC(CN)Cc4ccccc4)c3,6.7
504,CHEMBL1983963,Cc1cccc(NC(=O)Nc2ccc(cc2)c3coc4ncnc(N)c34)c1,5.4
505,CHEMBL1985042,CC1=CC(=O)NC2=C1C(=O)N(N2)c3ccccc3,4.9
507,CHEMBL1985092,Oc1ccc(cc1)c2n[nH]c(Nc3cccc(Cl)c3)c2c4ccc(O)cc4,5.4
515,CHEMBL340384,NC(=O)C1=CN(c2ccc(O)cc2Cl)c3cc(ccc3C1=O)c4ccncc4,6.3
517,CHEMBL1988692,CC(C)NC1=NNC(=O)C1=Cc2cc3ccccc3[nH]2,5.9
520,CHEMBL2000354,COc1ccc(C=C2SC(=Nc3ccccc3)NC2=O)cc1O,5.1
521,CHEMBL1965507,Cc1cccc(NC(=O)Nc2ccc(NC(=O)c3csc4ncnc(N)c34)cc2)c1,6.0
522,CHEMBL274064,Nc1nccc(n1)c2c(ncn2C3CCNCC3)c4ccc(F)cc4,6.1
524,CHEMBL1967564,CCCC(=O)Nc1n[nH]c2nc3ccccc3cc12,5.3
525,CHEMBL592030,NCCCn1cc(c2cc(c3cc4ccccc4s3)c5[nH]ncc5c2)c6nc(N)ncc16,5.9
526,CHEMBL2000071,OCCCNc1ncnc2[nH]cc(c3ccccc3)c12,5.8
527,CHEMBL1970317,Cn1cc(cn1)c2cnc(N)c3c(csc23)c4ccc(NC(=O)Nc5cccc(F)c5)cc4,6.9
528,CHEMBL2000408,Cc1cn2c(c3ccnc(NCC(C)(C)CO)n3)c(nc2c(C)n1)c4ccc(F)cc4F,5.7
532,CHEMBL1994538,FC(F)(F)c1cccc2c(NC(=O)Nc3cnccn3)ccnc12,5.8
537,CHEMBL1975503,Nc1ccc(cc1)C2=CC=CN3C(=O)NN=C23,4.5
538,CHEMBL1985580,NC(Cc1cccc2ccccc12)C(=O)Nc3cncc(C=Cc4ccncc4)c3,5.7
540,CHEMBL1979883,CN(C)CC#Cc1cnc(N)c2c(csc12)c3ccc(NC(=O)Nc4cccc(C)c4)cc3,5.7
541,CHEMBL1984162,COCCOC1CCC(CC1)n2nc(c3ccc(Nc4oc5c(C)cc(C)cc5n4)cc3)c6c(N)ncnc26,6.3
542,CHEMBL491758,Fc1cnc(Nc2ccccc2)nc1Nc3ccccc3,7.0
543,CHEMBL1986590,O=C1Nc2ccccc2C1=Cc3c[nH]c4ccccc34,5.8
545,CHEMBL1682360,C(N1CCCCC1)c2cc(on2)c3ccc4[nH]ncc4c3,6.1
546,CHEMBL1970189,Cc1n[nH]c2OC(=C(C#N)C(c3ccccc3Cl)c12)N,5.1
547,CHEMBL1996791,Nc1ncnc2c1c(I)nn2C3CCC(O)CC3,5.0
548,CHEMBL371206,Cc1cc(C)cc(NC(=O)Nc2ccc(cc2)c3c(C)sc4ncnc(N)c34)c1,5.9
549,CHEMBL1974664,COc1ccc(C=NNc2ncnc3c4ccccc4[nH]c23)cc1OC,7.1
552,CHEMBL1984296,Cc1ccc(C)c(NC(=O)c2cc(nc3ccccc23)c4occc4)c1,6.5
553,CHEMBL196363,Cc1cccc(NC(=O)Nc2ccc(cc2)c3csc4ncnc(N)c34)c1,5.4
554,CHEMBL1964718,CC1=CN2CC(=O)NN=C2C=C1,4.9
556,CHEMBL546797,ON=C(c1nc2ccccc2[nH]1)c3nc4ccccc4[nH]3,6.3
557,CHEMBL404367,Cc1cccc(NC(=O)Nc2ccc(cc2)c3cncc4c3c(N)nn4C)c1,5.7
558,CHEMBL1966343,CC(C)Cc1cc(on1)c2ccc3[nH]nc(N)c3c2,5.3
561,CHEMBL2000335,Cc1ccc(NC(=O)Nc2ccc(cc2)c3csc4ncnc(N)c34)cc1C,6.1
564,CHEMBL2007097,NC1=NC(=O)Nc2sccc12,4.5
566,CHEMBL1988717,Cn1cc(cn1)c2cnn3c(N)c(cnc23)c4ccc(NC(=O)Nc5cccc(c5)C(F)(F)F)cc4,5.1
571,CHEMBL1972576,Cc1ccc(NC(=O)Nc2ccc(NC(=O)c3csc4ncnc(N)c34)cc2)cc1,5.3
572,CHEMBL1992342,CCCS(=O)(=O)Nc1ccc(cc1)c2ccc3[nH]nc(N)c3c2,5.1
573,CHEMBL1988173,Cc1cc(Cl)ccc1NC(=S)NNC(=O)C(O)(c2ccccc2)c3ccccc3,5.5
574,CHEMBL1973013,CC(C)Nc1ncc(Br)c(Nc2ncc(C)s2)n1,5.6
577,CHEMBL1965423,CC(C)Cn1c(N)nc2ccc(cc12)c3c(nc4sccn34)c5ccc(F)cc5,5.2
578,CHEMBL1983025,CCC(N)(CC)C#Cc1cnc(N)c2c(csc12)c3ccc(NC(=O)Nc4cccc(C)c4)cc3,5.5
581,CHEMBL2001920,Brc1ccc2NC(=O)C(=C3SC(=S)NC3=O)c2c1,5.4
583,CHEMBL1977138,CC(Nc1cncc(n1)n2cnc3ccc(cc23)C#N)c4ccccc4F,6.3
584,CHEMBL1241473,COc1cc(Nc2ncc(c(Nc3ccccc3C(=O)N)n2)[N+](=O)[O-])cc(OC)c1OC,5.9
586,CHEMBL2000879,C1Cc2[nH]ncc2CC1c3ccccc3,4.0
589,CHEMBL2001257,CCN(CC)CC#Cc1cnc(N)c2c(csc12)c3ccc(NC(=O)Nc4cccc(C)c4)cc3,5.1
590,CHEMBL2004515,C1Oc2ccc(cc2O1)c3ncnc4[nH]ccc34,5.7
591,CHEMBL1980329,Oc1ccc(cc1)c2ccc3C(=Cc4ccc[nH]4)C(=O)Nc3c2,5.6
592,CHEMBL1992042,Fc1ccc(cc1)C(=O)Nc2cccc(c2)C3Nc4ccc5ccccc5c4C6C=CCC36,6.7
596,CHEMBL1380050,c1ccc(cc1)c2ncc3ccccn23,5.0
599,CHEMBL1989267,COc1cc(ccc1NC(=O)c2cc3ccccc3n2C)c4csc5c(C=CC(=O)NCCN(C)C)cnc(N)c45,7.2
601,CHEMBL1973348,NC(COc1cncc(c1)c2ccc(N)c(c2)C(=O)c3cccc(Cl)c3)Cc4c[nH]c5ccccc45,5.7
602,CHEMBL1974574,Nc1ccc2c(C(=O)O)n(nc2c1)c3ccccc3,6.1
603,CHEMBL1967531,Nc1ncnc2scc(c3ccc(NC(=O)Nc4ccccc4)cc3)c12,5.9
604,CHEMBL1970913,CCCC(=O)Nc1nn(C(=O)CC)c2nc3ccccc3cc12,5.5
605,CHEMBL1973893,CCCS(=O)(=O)Nc1ccc(cc1)c2ccc3[nH]nc(NC(=O)C)c3c2,5.3
608,CHEMBL1993877,Nc1ncnc2c1c(cn2C3CCCC3)C#C,6.1
610,CHEMBL1985095,NC(=O)Cn1cc(c2cc(c3cc4ccccc4s3)c5[nH]ncc5c2)c6nc(N)ncc16,5.4
611,CHEMBL1973363,COc1cccc(NC(=O)N2CCC(CC2)c3nc4c(cccc4[nH]3)C(=O)N)c1,6.0
612,CHEMBL2005352,[O-][N+](=O)c1ccc2[nH]c(nc2c1)c3occc3,5.5
613,CHEMBL1991180,COCc1nnn(c1C(=O)NN=C(C)c2ccc(O)cc2O)c3nonc3N,5.9
617,CHEMBL1998253,CN(C)c1ccc(N)c2ccccc12,6.3
620,CHEMBL2002446,CN1CCN(Cc2ccc3c(Cc4c(n[nH]c34)c5csc(c5)C#CCOCC6CC6)c2)CC1,5.1
621,CHEMBL497151,Ic1ccc(Oc2cncc3sc(cc23)C4=NC(=O)ON4)cc1,5.4
624,CHEMBL340921,Cc1cc(O)ccc1N2C=C(C(=O)N)C(=O)c3ccc(cc23)c4ccncc4,5.1
626,CHEMBL2001149,Oc1ccc2nc([nH]c2c1)c3ccc(Sc4ccc(cc4)c5nc6ccc(O)cc6[nH]5)cc3,6.5
627,CHEMBL2005478,COc1ccc2c(c1)c(cn2C)c3cc4nc(Br)cnc4[nH]3,5.6
629,CHEMBL1977346,Ic1cc2C(=O)Nc3ccccc3Nc2nn1,5.0
631,CHEMBL2003657,CC(C)S(=O)(=O)n1c(N)nc2ccc(cc12)c3c(nc4sccn34)c5ccc(F)cc5,5.3
637,CHEMBL1969190,COc1ccc(c2ccc(NC(=O)Nc3cc(F)cc(F)c3)cc2)c4c(N)noc14,5.0
638,CHEMBL1973937,Cc1ccc(c2ccc(NC(=O)Nc3cccc(Br)c3)cc2)c4c(N)n[nH]c14,5.4
640,CHEMBL262623,Nc1ncnc2NCCC(=Nc12)c3ccccc3,4.9
641,CHEMBL1984842,CC(C)COc1nccn2c(c3ccnc(NCC(C)(C)CO)n3)c(nc12)c4ccc(F)cc4,6.1
642,CHEMBL1969102,Cc1cccc(NC(=O)Nc2ccc(cc2)c3csc4c(cnc(N)c34)c5cn[nH]c5)c1,6.3
644,CHEMBL1682346,Nc1n[nH]c2ccc(cc12)c3cn(Cc4ccccc4)nn3,5.8
645,CHEMBL1996795,Nc1cc(ccc1NC2CCCCC2)S(=O)(=O)NC(=O)c3ccc(cc3)c4ccc(F)cc4,5.7
655,CHEMBL1081312,Nc1ncnc2c1c(nn2C3CCCC3)c4cnc5[nH]ccc5c4,6.8
657,CHEMBL2005792,COc1nccn2c(c3ccnc(NCC(C)(C)CO)n3)c(nc12)c4ccc(F)cc4,6.0
659,CHEMBL462120,NC1=C(c2ccccc2)c3cc(Cl)ccc3NC1=O,5.8
662,CHEMBL1991867,Nc1n[nH]c2nc(Cl)sc12,4.9
663,CHEMBL1986503,Clc1ccc2c(c1)nnc3nnnn23,5.8
664,CHEMBL1965570,Nc1ncc(c2cocc2)c3scc(c4ccc(NC(=O)Nc5ccccc5F)cc4)c13,6.2
666,CHEMBL1972355,COc1c2C(=O)C=C(C)Oc2cc(O)c1c3nc4ccccc4[nH]3,7.5
668,CHEMBL2001641,CC(C)(O)c1cn(nn1)c2ccc3[nH]ncc3c2,4.8
672,CHEMBL1082440,CC1CNCCCN1S(=O)(=O)c2cccc3cncc(C)c23,6.6
674,CHEMBL1972362,CS(=O)(=O)c1ccc(cc1)c2cncc3sc(cc23)C(=O)N,5.8
677,CHEMBL1983715,CCNc1nc(C)c(s1)c2ccnc(Nc3ccc(cc3)N4CCN(CC4)C(=O)C)n2,8.0
679,CHEMBL1971017,NC(=O)c1cc2c(cncc2s1)c3cccc(F)c3,5.8
682,CHEMBL2000104,CCS(=O)(=O)c1ccc(cc1)c2cncc3sc(cc23)C(=O)N,5.6
686,CHEMBL220057,Cc1cccc(NC(=O)Nc2ccc(cc2)c3cccc4[nH]nc(N)c34)c1,5.4
687,CHEMBL1682545,N(c1ccccc1)c2nc(cs2)c3ccc4[nH]ncc4c3,5.1
691,CHEMBL1966799,Nc1nnc2cccc(Cl)n12,4.2
696,CHEMBL1970879,COc1cc(ccc1NC(=O)c2cc3ccccc3n2C)c4nn(C5CCC(CC5)N6CCN(CC6)C(=O)C)c7ncnc(N)c47,7.5
697,CHEMBL1989856,Cc1c(C=O)c(O)n2c3ccccc3nc2c1C#N,5.5
702,CHEMBL2007479,CCCCNc1nc(N)c(s1)C(=O)c2ccccc2,5.5
703,CHEMBL1996155,CN1CCC1COc2cncc(CCc3ccncc3)c2,5.3
704,CHEMBL1682359,CCCc1cc(on1)c2ccc3[nH]ncc3c2,5.2
707,CHEMBL1970903,Cc1n[nH]c2ccc(cc12)c3cncc(OCC(N)Cc4c[nH]c5ccccc45)c3,6.1
709,CHEMBL1969523,CC(NC1=C(Nc2ccnc(Nc3cccc(C)c3)n2)C(=O)C1=O)C(C)(C)C,6.3
715,CHEMBL1989043,CN1CCN(CC1)c2ccc(Nc3nc(N)c(s3)C(=O)c4c(Cl)cccc4Cl)cc2,5.6
720,CHEMBL1975418,C(c1ccccc1)n2nnc(c3ccc4[nH]ncc4c3)c2C5CC5,5.7
721,CHEMBL1992796,Clc1ccc2NC(=O)C(=C(c3ccccc3)c2c1)C4=NNC(C4)c5ccccc5,5.1
724,CHEMBL1999428,CC(NC(=O)c1ccc(cc1)c2ccncc2)c3ccccc3,5.1
727,CHEMBL1997611,CCOC(=O)c1nc2C(=O)Nc3cc(c(NC(=O)C)cc3n2c1C)[N+](=O)[O-],5.6
729,CHEMBL1982465,Cc1cccc(NC(=O)Nc2ccc(cc2)c3csc4c(cnc(N)c34)C#CCN5CCOCC5)c1,6.1
730,CHEMBL2001751,NC(COc1cncc(c1)c2ccc3NC(=O)C(=Cc4occc4)c3c2)Cc5c[nH]c6ccccc56,6.1
731,CHEMBL1984586,Cc1ccccc1NC(=O)Nc2ccc(cc2)c3coc4ncnc(N)c34,5.5
734,CHEMBL2002723,CC(=O)Nc1ccc(cc1)n2nc3ccc(N)nc3n2,5.9
735,CHEMBL1973395,OC1CCN(CC1)c2ncnc3[nH]cc(c4ccccc4)c23,6.2
745,CHEMBL1984711,COc1cc(Nc2nccc(Nc3onc(c3)C4CCCCC4)n2)cc(OC)c1OC,6.2
746,CHEMBL1967878,CN1CCN(CC1)c2ccc(Nc3ncc(F)c(NC4C5CC(C=C5)C4C(=O)N)n3)cc2C,7.8
752,CHEMBL1972934,Nc1ncnc2sccc12,5.4
760,CHEMBL1983573,Nc1nnc2cccc(c3ccc(C=C)cc3)n12,4.1
761,CHEMBL1992634,Brc1cnc2[nH]cc(c3ccccc3)c2c1,5.5
762,CHEMBL1242373,Cc1cccc(NC(=O)Nc2ccc3c(CCc4sc5ncnc(N)c5c34)c2)c1,6.2
763,CHEMBL1984869,CCc1ccc(NC(=O)c2cnn3c(ccnc23)c4ccccc4)cc1,5.5
766,CHEMBL1988075,Cc1ccc(cn1)c2cnc(N)c3c(csc23)c4ccc(NC(=O)Nc5cccc(F)c5)cc4,5.7
769,CHEMBL2001239,Nc1ncnc(Nc2cc(CNC(=O)C(F)(F)F)c(O)c(c2)c3ccc(Cl)cc3)n1,5.5
770,CHEMBL1988594,Nc1ncnc2scc(C(=O)Nc3ccc(NC(=O)Nc4ccccc4)cc3)c12,5.7
771,CHEMBL260092,Nc1ncnc2NCCC(=Nc12)c3ccc(NC(=O)Nc4cccc(c4)C(F)(F)F)cc3,6.0
774,CHEMBL1965495,Cc1n[nH]c2ncc(C#N)c(c3ccccc3)c12,6.0
776,CHEMBL1982874,Nc1nc2ccc(cc2n1CC3CC3)c4c(nc5sccn45)c6ccc(F)cc6,5.2
778,CHEMBL1991725,CN(C)CC(=O)NC(COc1cncc(c1)c2ccc3cnccc3c2)Cc4c[nH]c5ccccc45,6.4
783,CHEMBL1978371,Clc1ccc(cc1)C2CC(=C(C#N)C(=O)C2C(=O)c3ccccc3)c4ccccc4,6.8
785,CHEMBL1968590,CNC(=O)C=Cc1cnc(N)c2c(csc12)c3ccc4sc(C)nc4c3,6.0
791,CHEMBL1971029,CNS(=O)(=O)c1ccccc1Nc2nc(Nc3cc(ccc3OC)N4CCN(CC4)C(=O)C)ncc2Br,5.8
792,CHEMBL1971679,OC(=O)C1=CN=C2SC=CN2C1=O,4.3
797,CHEMBL1965589,Cc1nccn2c(c3ccnc(NCC4(O)CC4)n3)c(nc12)c5ccc(F)cc5F,5.6
798,CHEMBL474432,COc1cc2ncn(c3cc(OCc4ccccc4C(F)(F)F)c(s3)C(=O)O)c2cc1OC,6.1
802,CHEMBL550418,COc1cc(ccc1O)c2ccc3C(=O)Nc4cccc(O)c4Nc3c2,5.7
803,CHEMBL1972584,CC(=O)N1CCN(CC1)C2CCC(CC2)n3nc(c4ccc(NC(=O)c5cc6ccccc6n5C)cc4)c7c(N)ncnc37,6.7
804,CHEMBL1999556,NC(=O)c1cc2c(cncc2s1)c3ccccc3,5.6
806,CHEMBL1988437,CNC(=O)c1ccccc1Sc2ccc3c(C=Cc4ccccn4)n[nH]c3c2,6.1
807,CHEMBL1968245,NC(COc1cc(C=Cc2ccncc2)cnc1Cl)Cc3c[nH]c4ccccc34,5.9
808,CHEMBL1998121,NCCC(C(=O)Nc1ccc2[nH]ncc2c1)c3ccc(Cl)c(Cl)c3,5.1
809,CHEMBL1979577,Cc1cccc(NC(=O)Nc2ccc(cc2)c3csc4c(cnc(N)c34)C#CC(C)(C)N)c1,5.8
810,CHEMBL1992607,Nc1ncnc2NCCNC(=O)c12,4.7
811,CHEMBL1991800,CC(C)(CO)CNc1nccc(n1)c2c(nc3c(CC4CC4)nccn23)c5ccc(F)cc5,6.9
816,CHEMBL1979357,Cn1cc(C(CN)c2cncc(C=Cc3ccncc3)c2)c4ccccc14,5.3
819,CHEMBL1996817,CCCCOc1ncnc2[nH]cc(c3ccccc3)c12,6.3
822,CHEMBL483158,COc1cccc(F)c1C2=NCc3cnc(Nc4ccc(C(=O)O)c(OC)c4)nc3c5ccc(Cl)cc25,6.0
825,CHEMBL1990885,CCN(CC)CCNC(=O)c1c(C)[nH]c(C=C2C(=O)Nc3ccc(F)cc23)c1C,5.6
833,CHEMBL1973359,NC(=O)c1ccc2nc(cn2c1)c3oc(cc3)[N+](=O)[O-],6.8
837,CHEMBL1979690,CN1CCN(CC1)c2ccc(Nc3ncc(Cl)c(Nc4ccc5[nH]ncc5c4)n3)cc2,6.5
839,CHEMBL1995832,COc1nccn2c(c3ccnc(NCC(C)(C)CO)n3)c(nc12)c4ccc(F)cc4F,6.0
840,CHEMBL1969042,Oc1ccc(Nc2[nH]nc(c3ccc(O)cc3)c2c4ccc(O)cc4)cc1,5.2
844,CHEMBL1983575,Oc1c(Br)cc(C=NNC(=O)Nc2ccccc2)cc1Br,7.1
846,CHEMBL302449,Cn1c2ccccc2c3c4C(=O)NCc4c5c6ccccc6n(CCC#N)c5c13,7.3
847,CHEMBL2007064,Cc1[nH]c(C=C2C(=O)Nc3ccccc23)c(C)c1CCC(=O)O,5.8
848,CHEMBL1981047,COC(C(=O)N1Cc2[nH]nc(NC(=O)c3ccc(cc3)N4CCN(C)CC4)c2C1)c5ccccc5,7.0
851,CHEMBL1983630,O=C1Cc2cc(cnc2N1)c3ccccc3,4.2
854,CHEMBL1987009,COc1cccc(CNC(=O)c2cc3c(n[nH]c3s2)c4ccccc4)c1,5.5
855,CHEMBL2002726,Cc1n[nH]c2ccc(cc12)c3cncc(OCC(N)Cc4ccccc4)c3,6.0
856,CHEMBL2003817,FC(F)(F)c1ccc2c(NC(=O)Nc3cnccn3)ccnc2c1,5.4
859,CHEMBL1987054,COCCOC1CCC(CC1)n2nc(c3ccc(Nc4oc5c(Cl)cc(C)cc5n4)cc3)c6c(N)ncnc26,5.5
860,CHEMBL1970083,Nc1ncc(c2ccncc2)c3scc(c4ccc(NC(=O)Nc5cc(ccc5F)C(F)(F)F)cc4)c13,6.0
862,CHEMBL2005631,CNC(=O)c1cnc(N)c2c(csc12)c3ccc(NC(=O)Nc4cc(C)ccc4F)cc3,6.0
863,CHEMBL1994938,Nc1ncc(C=CC(=O)NCCCn2ccnc2)c3scc(c4ccc(Br)cc4)c13,7.2
864,CHEMBL1825138,CC(Oc1cc(cnc1N)c2cnn(c2)C3CCNCC3)c4c(Cl)ccc(F)c4Cl,7.0
866,CHEMBL1995765,NC1=CC(=O)NN1c2ccccn2,5.8
870,CHEMBL1991728,CC(=NNC(=N)N)c1cc(NC(=O)NCCCCCCNC(=O)Nc2cc(cc(c2)C(=NNC(=N)N)C)C(=NNC(=N)N)C)cc(c1)C(=NNC(=N)N)C,5.9
873,CHEMBL1975787,NC(=O)c1cc2c(cncc2s1)c3ccc(F)cc3F,5.5
874,CHEMBL1995916,CNC(=O)c1cc([nH]n1)c2ccccc2,4.0
875,CHEMBL2002407,COc1cc(C=C(C#N)c2n[nH]c(N)c2C#N)ccc1O,5.9
882,CHEMBL1090356,O=C(Cc1ccccc1)Nc2cccc(c2)c3nc4sccn4c3c5ccnc(Nc6ccc(cc6)N7CCOCC7)n5,6.3
883,CHEMBL2002450,COc1ccc(c2ccc(N)cc2)c3cnoc13,5.4
884,CHEMBL1976455,FC(F)(F)c1ccc2nccc(NC(=O)Nc3cnccn3)c2c1,5.8
885,CHEMBL1983923,CN1CCN(CC1)c2cc(Nc3cc(C)[nH]n3)nc(C=Cc4ccccc4)n2,6.5
888,CHEMBL1999112,CCOC(=O)C1=C2SC(=Cc3occc3)C(=O)N2C(=C(C#N)C1c4occc4)N,6.7
891,CHEMBL1991395,CC(C)(CO)CNc1nccc(n1)c2c(nc3cnccn23)c4ccc(F)cc4,5.7
892,CHEMBL1988872,CS(=O)(=O)Nc1ccc(Nc2ccc3[nH]nc(N)c3c2)cc1,6.3
893,CHEMBL2003545,COC(=O)c1csc2C=CC(=O)Nc12,4.8
894,CHEMBL1987648,Cc1nccn2c(c3ccnc(NCC(C)(C)CO)n3)c(nc12)c4ccc(F)cc4,6.7
896,CHEMBL1972142,O=C(NCc1ccccc1)c2cccc(c2)c3cnc4[nH]ccc4c3,5.3
897,CHEMBL1966514,Nc1ncc(c2cocc2)c3scc(c4ccc(NC(=O)Nc5cccc(F)c5)cc4)c13,6.4
898,CHEMBL1980715,CCCCCCCCCCCCOc1ccc(NC(=N)N)cc1NC(=N)N,5.7
899,CHEMBL296586,Brc1ccc2[nH]c3c(CC(=O)Nc4ccccc34)c2c1,5.1
901,CHEMBL1966524,NC(COc1cncc(c1)c2cc3ccncc3s2)Cc4c[nH]c5ccccc45,6.1
903,CHEMBL1993722,Nc1n[nH]c2cccc(c3ccc(NC(=O)Nc4cc(ccc4F)C(=O)O)cc3)c12,5.1
907,CHEMBL1992371,Oc1cccc2c(NC(=O)Nc3cnccn3)cccc12,6.9
909,CHEMBL1375640,Cc1nc(COc2ccccc2Cl)sc1c3ccnc(N)n3,5.7
910,CHEMBL1979970,CCCC(=O)Nc1n[nH]c2nnc(cc12)c3cccc(F)c3F,5.0
912,CHEMBL2006771,COc1ccccc1NC(=O)c2cnn3c(ccnc23)c4ccccc4,5.6
913,CHEMBL1967252,Cc1n[nH]c2ccc(cc12)c3cccnc3,4.1
918,CHEMBL1967719,Brc1ccc(C=CC(=O)Nc2cccc3cnccc23)cc1,5.5
919,CHEMBL1967720,CC(C)(C(=O)N)n1cc(cn1)c2cnc(N)c3c(csc23)c4ccc(NC(=O)Nc5cccc(F)c5)cc4,5.6
921,CHEMBL1969755,OCC(Cc1ccccc1)NC(=O)c2ccc(cc2F)c3ccncc3,5.3
925,CHEMBL1989029,CC(C)OC1=NNC(=O)C1=Cc2c[nH]c3ccccc23,5.6
926,CHEMBL514499,COc1cc2ncn(c3cc(OCc4ccccc4C(F)(F)F)c(s3)C(=O)N)c2cc1OC,5.1
927,CHEMBL1970352,CCOC(=O)c1c(C)n(c2ccc(I)cc2)c3c4ccccc4c(O)cc13,6.5
929,CHEMBL1980144,Cc1ccccc1NC(=O)Nc2ccc(NC(=O)c3csc4ncnc(N)c34)cc2,5.1
930,CHEMBL1980167,CN(C)c1ccc(cc1)c2cc(nc(NS(=O)(=O)c3ccc(N)cc3)n2)c4ccc(cc4)[N+](=O)[O-],6.6
933,CHEMBL231209,Nc1nccc2scc(c3ccc(NC(=O)Nc4cccc(F)c4)cc3)c12,5.1
937,CHEMBL1997617,CN1CCN(CC1)C2CCC(CC2)n3cc(c4ccc(Oc5ccccc5)cc4)c6c(N)ncnc36,6.3
941,CHEMBL1983980,OCc1ccc(cc1)c2sc(nc2C(=O)O)N3CCc4cccc(C(=O)Nc5nc6ccccc6s5)c4C3,6.7
942,CHEMBL1980297,Nc1ncc(c2cnn(CCO)c2)c3scc(c4ccc(NC(=O)Nc5cccc(F)c5)cc4)c13,5.7
943,CHEMBL1999484,CNc1nc(C)c(s1)c2ccnc(Nc3ccc(cc3)N4CCNCC4)n2,6.8
944,CHEMBL1973399,NC(=O)c1csc2C(=O)CCNc12,4.1
945,CHEMBL1966069,C(c1cn(nn1)c2ccc3[nH]ncc3c2)n4nnc5ccccc45,5.1
947,CHEMBL1997822,Cc1cc2cc(ccc2[nH]1)c3csc4c(cnc(N)c34)c5cccc(c5)S(=O)(=O)C,5.6
950,CHEMBL1993661,CNS(=O)(=O)c1ccccc1Nc2nc(Nc3cc(OC)c(OC)c(OC)c3)ncc2Cl,7.7
952,CHEMBL1980391,COc1cc2Nc3n[nH]c(C)c3N=C(c4ccccc4Cl)c2cc1F,6.3
954,CHEMBL213505,Nc1ncnc2onc(c3ccc(NC(=O)Nc4cccc(c4)C(F)(F)F)cc3)c12,5.0
958,CHEMBL1993941,CCCn1cc(cn1)c2cnc(N)c3c(csc23)c4ccc(NC(=O)Nc5cccc(F)c5)cc4,5.8
960,CHEMBL2005886,Cc1cc(cc2[nH]c(nc12)C3=C(NCC(O)c4cccc(Cl)c4)C=CNC3=O)N5CCOCC5,6.7
961,CHEMBL481491,NC(=O)c1sc(cc1OCc2ccccc2C(F)(F)F)n3cnc4ccccc34,5.1
963,CHEMBL1973142,CC(=O)Nc1c(sc2ccc(Cl)c(Cl)c12)C(=O)N,5.5
964,CHEMBL1980407,NC(COc1cncc(c1)c2ccc3NC(=O)C(=Cc4ccc[nH]4)c3c2)Cc5ccccc5,6.3
968,CHEMBL1989834,O=C1NNc2cccc(c3ccccc3)c12,5.1
971,CHEMBL2001957,CC(C)(CO)CNc1nccc(n1)c2c(nc3c(OCC(F)(F)F)nccn23)c4ccc(F)cc4,6.1
973,CHEMBL289959,N(c1ccccc1)c2ncnc3ccccc23,4.6
976,CHEMBL1986263,CCN1C(=O)SC(=C1C)c2ccnc(Nc3cccc(OC)c3)n2,6.0
980,CHEMBL1967211,Fc1ccc(cn1)c2ccc3nccn3n2,5.0
982,CHEMBL1991734,CN1c2ccc(N)cc2C(c3ccccc3)c4cc(N)ccc14,7.6
983,CHEMBL1981782,Clc1ccc(CNC(=O)Nc2ccc3[nH]ncc3c2)cc1Cl,5.0
986,CHEMBL1990912,OCCNc1cc2cc(ccc2cn1)c3cccnc3,5.1
988,CHEMBL2002105,Nc1n[nH]c2ncc(Br)cc12,4.5
992,CHEMBL1995592,Cc1cc(O)ccc1N2c3cc(Cl)ccc3C(=O)c4c(N)nc(N)nc24,5.7
1001,CHEMBL1879463,CN1C(=O)N(c2ccc(cc2)C(C)(C)C#N)c3c1cnc4ccc(cc34)c5cnc6ccccc6c5,6.1
1002,CHEMBL437747,CCCn1c(nc(c2ccc(Cl)c(Cl)c2)c1c3ccnc(NC4CCCCC4)n3)C5CCNCC5,6.2
1006,CHEMBL1971227,ON(C=O)C(CS(=O)(=O)c1ccc(cc1)c2ccc(cc2)C(F)(F)F)c3ccc(O)cc3,6.1
1007,CHEMBL1987756,Brc1ccc(C=CCNCCNS(=O)(=O)c2cccc3cnccc23)cc1,6.1
1008,CHEMBL1994321,Cc1cccc(NC(=O)Nc2ccc(cc2)c3csc4c(cnc(N)c34)C#CCNS(=O)(=O)C)c1,6.2
1010,CHEMBL1997129,O=C1NCCc2[nH]c(cc12)c3ccnc(C=Cc4ccccc4)c3,5.9
1013,CHEMBL1974875,OC(=O)c1csc2C(=O)NCCNc12,5.0
1015,CHEMBL1964307,Cc1cccc(NC(=O)Cc2ccc(cc2)c3cccc4[nH]nc(N)c34)c1,5.3
1016,CHEMBL1989471,CC(C)c1ccc2C(=O)c3c(C)ccnc3Nc2c1,5.9
1019,CHEMBL1978195,NC(=O)c1cc2c(cncc2s1)c3ccc(Br)cc3,5.5
1020,CHEMBL1994361,NC(COc1cncc(c1)c2ccc(N)c(c2)C(=O)c3ccccc3F)Cc4c[nH]c5ccccc45,5.8
1022,CHEMBL1972840,NC(COc1cncc(c1)c2cc3cnccc3s2)Cc4c[nH]c5ccccc45,5.8
1024,CHEMBL1968025,Oc1c(NS(=O)(=O)c2ccc(F)cc2)ccc3ccccc13,5.6
1026,CHEMBL2002165,CC(O)Cn1cc(cn1)c2cnc(N)c3c(csc23)c4ccc(NC(=O)Nc5cccc(F)c5)cc4,5.8
1030,CHEMBL1998585,Nc1ncnc2scc(c3ccc(NC(=O)Nc4cc(ccc4F)C(F)(F)F)cc3)c12,5.4
1033,CHEMBL1975128,Nc1n[nH]c2ccc(cc12)c3nnn(Cc4ccccc4)c3I,6.8
1034,CHEMBL2004025,COCOc1cccc(OCOC)c1c2ccc(NS(=O)(=O)C)cc2C(=O)OC,6.7
1037,CHEMBL1976158,[O-][N+](=O)c1ccc2N3C(=O)c4c(Br)cccc4N=C3C(=O)c2c1,6.2
1041,CHEMBL504950,Cc1cc(C)c2c(n1)sc3c(N)ncnc23,5.5
1042,CHEMBL1997335,COc1ccc(cc1OC)C2=NNc3cccc4c(OC)ccc2c34,7.5
1044,CHEMBL1977041,COC(=O)c1c(C)n2ncnc(N)c2c1c3ccc(NC(=O)Nc4ccccc4)cc3,6.5
1045,CHEMBL1968070,NC(=O)c1cccc2NC(=O)c3cc(Cl)nnc3Nc12,5.3
1048,CHEMBL1994808,Cc1nnc(c2ccccc2)c(n1)C#N,4.7
1063,CHEMBL2003456,O=C1Nc2cc(cnc2N1)c3ccccc3,5.5
1065,CHEMBL2002992,CC(N)C1CCC(CC1)C(=O)Nc2ccnc3[nH]ccc23,6.0
1070,CHEMBL1968791,Cc1c(c2cccc(OCc3ccccc3)c2)c4c(N)ncnc4n1C5CC(CN6CCCC6)C5,5.4
1075,CHEMBL1969156,Nc1nccc2cnc(c3ccccc3)n12,4.0
1078,CHEMBL2070489,CCOc1ccc(c(Cl)c1)c2cc(nc(n2)c3ccccn3)c4cnc(NC(C)C)s4,6.31
1081,CHEMBL2070491,CCOc1ccc(c(Cl)c1)c2cc(nc(n2)c3cnccn3)c4cnc(NC(C)C)s4,6.43
1082,CHEMBL2070492,CCCNc1ncc(s1)c2cc(nc(n2)c3cnccn3)c4ccc(O)cc4Cl,5.11
1083,CHEMBL2070493,CCCNc1ncc(s1)c2cc(nc(n2)c3cnccn3)c4ccc(OC)cc4Cl,5.78
1084,CHEMBL2070494,CCCCCOc1ccc(c(Cl)c1)c2cc(nc(n2)c3cnccn3)c4cnc(NCCC)s4,6.35
1085,CHEMBL2070495,CCCNc1ncc(s1)c2cc(nc(n2)c3cnccn3)c4ccc(OC(CC)CC)cc4Cl,6.45
1086,CHEMBL2070496,CCCNc1ncc(s1)c2cc(nc(n2)c3cnccn3)c4ccc(OC5CCCC5)cc4Cl,6.68
1087,CHEMBL2070497,CCCNc1ncc(s1)c2cc(nc(n2)c3cnccn3)c4c(Cl)cc(OC)cc4Cl,7.42
1088,CHEMBL2070498,CCCNc1ncc(s1)c2cc(nc(n2)c3cnccn3)c4c(Cl)cc(OCCC)cc4Cl,6.94
1089,CHEMBL2070499,CCCNc1ncc(s1)c2cc(nc(n2)c3cnccn3)c4c(Cl)cc(OC5CCCC5)cc4Cl,6.6
1090,CHEMBL2070500,CCCNc1ncc(s1)c2cc(nc(n2)c3cnccn3)c4c(Cl)cc(OC(CC)CC)cc4Cl,6.79
1091,CHEMBL2070501,CCCNc1ncc(s1)c2cc(nc(n2)c3cnccn3)c4ccc(OC(CC)CC)cc4C,6.67
1092,CHEMBL2070502,CCCNc1ncc(s1)c2cc(nc(n2)c3cnccn3)c4cc(OC)ccc4Cl,4.9
1093,CHEMBL2070503,CCCNc1ncc(s1)c2cc(nc(n2)c3cnccn3)c4cc(OCCC)ccc4Cl,5.98
1094,CHEMBL2070504,CCCNc1ncc(s1)c2cc(nc(n2)c3cnccn3)c4cc(OCCC5CCCCC5)ccc4Cl,6.84
1095,CHEMBL2070505,CCC(CC)Oc1cc(C)c(c(C)c1)c2cc(nc(n2)c3cnccn3)c4cnc(NC(=O)OC)s4,6.64
1096,CHEMBL2070611,CCC(CC)Oc1cc(C)c(c(C)c1)c2cc(nc(n2)c3cnccn3)c4cnc(NC(=O)C)s4,7.19
1097,CHEMBL2070612,CCC(CC)Oc1cc(C)c(c(C)c1)c2cc(nc(n2)c3cnccn3)c4cnc(NC(=O)C(C)C)s4,6.76
1098,CHEMBL2070613,CCC(CC)Oc1cc(C)c(c(C)c1)c2cc(nc(n2)c3cnccn3)c4cnc(NC(=O)NC)s4,7.18
1101,CHEMBL2070616,COc1cc(C)c(c(C)c1)c2cc(nc(n2)c3cnccn3)c4cnc(NC(=O)C)s4,7.06
1102,CHEMBL2070617,COC(=O)Nc1ncc(s1)c2cc(nc(n2)c3cnccn3)c4c(C)cc(OC)cc4C,6.55
1103,CHEMBL2070618,CNC(=O)Nc1ncc(s1)c2cc(nc(n2)c3cnccn3)c4c(Cl)cc(OC)cc4Cl,7.5
1104,CHEMBL2070619,COc1cc(Cl)c(c(Cl)c1)c2cc(nc(n2)c3cnccn3)c4cnc(NC(=O)C)s4,7.52
1108,CHEMBL2205426,CC(C)(C)NC1=C(Nc2ccnc(Nc3ccc(cc3)c4ccncc4)n2)C(=O)C1=O,6.71
1428,CHEMBL2380845,O=C(Nc1ccc(Nc2ccnc3NC(=O)c4ccccc4c23)cc1)c5ccccc5,7.44
1439,CHEMBL3116050,C[C@H](Nc1nc(Nc2cn(C)cn2)c3cc[nH]c3n1)c4ncc(F)cn4,7.2
1452,CHEMBL1269082,NC(=O)c1sc2nc(ccc2c1N)c3cccnc3,5.15
1453,CHEMBL3219008,NC(=O)c1sc2nc(cc(c2c1N)C(F)(F)F)c3ccc4OCCOc4c3,5.89
1454,CHEMBL3219009,NC(=O)c1sc2nc(Cc3ccccc3)cc(c2c1N)C(F)(F)F,4.52
1455,CHEMBL3219010,Cc1oc(cc1)c2cc(c3c(N)c(sc3n2)C(=O)N)C(F)(F)F,4.39
1456,CHEMBL3219011,NC(=O)c1sc2nc(cc(c2c1N)C(F)(F)F)c3cccs3,5.8
1457,CHEMBL1571017,NC(=O)c1sc2nc(ccc2c1N)c3ccccc3,5.52
1458,CHEMBL3219012,NC(=O)c1sc2nc(cc(c3occc3)c2c1N)c4ccccc4,5.7
1459,CHEMBL1483395,NC(=O)c1sc2nc(c3CCCCc3c2c1N)c4ccccc4,5.55
1460,CHEMBL578181,Cc1cc(c2ccc(Cl)cc2)c3c(N)c(sc3n1)C(=O)N,4.43
1461,CHEMBL3219013,COc1ccc(cc1)c2cc(nc3sc(C(=O)N)c(N)c23)c4ccccc4,4.36
1468,CHEMBL3219018,CNc1c(sc2ccccc12)C(=O)N,4.47
1472,CHEMBL377085,Cc1cc(C)c2c(N)c(sc2n1)C(=O)N,5.05
1473,CHEMBL568904,Cc1ccc2c(N)c(sc2n1)C(=O)N,4.25
1474,CHEMBL3219021,NC(=O)c1sc2cccnc2c1N,4.04
1477,CHEMBL2153531,Nc1ncnc2c3ncccc3sc12,4.37
1480,CHEMBL3219023,Nc1ncnc2c1oc3ccccc23,4.82
1481,CHEMBL3219024,Nc1ncnc2c3ccccc3[nH]c12,5.4
1483,CHEMBL3219025,Nc1ncnc2c1sc3cccc(c4ccccc4)c23,5.26
1484,CHEMBL3219026,Nc1ncnc2c3cc(ccc3sc12)c4ccccc4,5.24
1486,CHEMBL3219027,Nc1ncnc2c3cccc(c4ccccc4)c3sc12,5.22
1488,CHEMBL3219028,Nc1ncnc2c3ccc(nc3sc12)c4ccccc4,6.16
1489,CHEMBL3219029,Cc1nc(N)c2sc3ncccc3c2n1,4.37
1499,CHEMBL3347513,Nc1ncnc2c3ccc(cc3sc12)c4cccc(c4)C(=O)NCCc5cccnc5,5.39
1500,CHEMBL3347694,Nc1ncnc2c3ccc(cc3sc12)c4cccc(c4)C(=O)NCC(=O)N5CCOCC5,5.85
1501,CHEMBL3347683,CN1CCN(CC1)C(=O)Nc2cccc(c2)c3ccc4c(c3)sc5c(N)ncnc45,5.8
1502,CHEMBL3347669,Nc1ncnc2c3ccc(cc3sc12)c4cccc(NC(=O)N5CCCC5)c4,5.62
1506,CHEMBL3347529,Cn1c2cc(ccc2c3ncnc(N)c13)c4ccc(NC=O)cc4,6.3
1507,CHEMBL3347515,Cn1c2cc(ccc2c3ncnc(N)c13)c4cccc(c4)C(=O)N,6.42
1508,CHEMBL3347514,Cn1c2cc(ccc2c3ncnc(N)c13)c4ccc(O)cc4,6.24
1512,CHEMBL3347685,C[C@@H](NC(=O)c1cccc(c1)c2ccc3c(c2)sc4c(N)ncnc34)C(=O)N,6.53
1513,CHEMBL3347684,Nc1ncnc2c3ccc(cc3sc12)c4cccc(c4)C(=O)NCCO,6.64
1516,CHEMBL3347668,CN1CCN(CCNC(=O)Nc2cccc(c2)c3ccc4c(c3)sc5c(N)ncnc45)CC1,6.65
1517,CHEMBL3347662,CC(C)CNC(=O)Nc1cccc(c1)c2ccc3c(c2)sc4c(N)ncnc34,6.63
1518,CHEMBL3347661,CC(C)NC(=O)Nc1cccc(c1)c2ccc3c(c2)sc4c(N)ncnc34,7.11
1520,CHEMBL3347527,NC(=O)Nc1cccc(c1)c2ccc3c(c2)sc4c(N)ncnc34,6.84
1521,CHEMBL3347658,Nc1ncnc2c3ccc(cc3sc12)c4cccc(NC=O)c4,7.26
1522,CHEMBL3347526,Nc1ncnc2c3ccc(cc3sc12)c4ccncc4,6.14
1523,CHEMBL3347512,CC(=O)Nc1ccc(cc1)c2ccc3c(c2)sc4c(N)ncnc34,6.74
1524,CHEMBL3347511,Nc1ncnc2c3ccc(cc3sc12)c4ccc(NC=O)cc4,7.36
1525,CHEMBL3347510,CC(=O)c1ccc(cc1)c2ccc3c(c2)sc4c(N)ncnc34,6.76
1526,CHEMBL3347693,Nc1ncnc2c3ccc(cc3sc12)c4ccc(cc4)C#N,6.08
1527,CHEMBL3347692,Nc1ncnc2c3ccc(cc3sc12)c4ccc(CO)cc4,6.79
1528,CHEMBL3347691,CS(=O)(=O)c1ccc(cc1)c2ccc3c(c2)sc4c(N)ncnc34,6.43
1529,CHEMBL3347682,Nc1ncnc2c3ccc(cc3sc12)c4ccc(cc4)c5nn[nH]n5,6.9
1530,CHEMBL3347681,NC(=O)c1ccc(cc1)c2ccc3c(c2)sc4c(N)ncnc34,6.81
1531,CHEMBL3347680,COc1ccc(cc1)c2ccc3c(c2)sc4c(N)ncnc34,6.69
1532,CHEMBL3347279,CS(=O)(=O)Nc1ccc(cc1)c2ccc3c(c2)sc4c(N)ncnc34,6.61
1533,CHEMBL3347667,Nc1ncnc2c3ccc(cc3sc12)c4ccc(O)cc4,6.57
1534,CHEMBL3347666,Nc1ccc(cc1)c2ccc3c(c2)sc4c(N)ncnc34,6.8
1535,CHEMBL3347660,Nc1ncnc2c3ccc(cc3sc12)c4cccnc4,6.1
1536,CHEMBL3347659,CC(=O)Nc1cccc(c1)c2ccc3c(c2)sc4c(N)ncnc34,6.4
1538,CHEMBL3347509,Nc1ncnc2c3ccc(cc3sc12)c4cccc(CO)c4,6.89
1539,CHEMBL3347508,CS(=O)(=O)c1cccc(c1)c2ccc3c(c2)sc4c(N)ncnc34,6.44
1541,CHEMBL3347690,Nc1ncnc2c3ccc(cc3sc12)c4cccc(c4)C(=O)O,6.71
1543,CHEMBL3347688,COc1cccc(c1)c2ccc3c(c2)sc4c(N)ncnc34,6.83
1544,CHEMBL3347679,Nc1ncnc2c3ccc(cc3sc12)c4cccc(Cl)c4,6.7
1545,CHEMBL3347678,Nc1ncnc2c3ccc(cc3sc12)c4cccc(O)c4,6.64
1546,CHEMBL3347677,Nc1cccc(c1)c2ccc3c(c2)sc4c(N)ncnc34,6.64
1547,CHEMBL3347665,COc1ccccc1c2ccc3c(c2)sc4c(N)ncnc34,6.66
1549,CHEMBL3347663,CS(=O)(=O)Nc1ccccc1c2ccc3c(c2)sc4c(N)ncnc34,6.0
1550,CHEMBL3347657,Nc1ncnc2c3ccc(cc3sc12)c4ccccc4O,6.59
1551,CHEMBL3347656,Nc1ccccc1c2ccc3c(c2)sc4c(N)ncnc34,6.51
1563,CHEMBL3355482,CN(Cc1ccccc1)C(=O)c2ccc(cc2)S(=O)(=O)Nc3ccccc3,5.5
1565,CHEMBL3356432,CN(C)CCC1(CCN(CC1)c2ncnc3[nH]cc(C)c23)C(=O)Nc4cccc(OC(=O)N(C)C)c4,6.87
1567,CHEMBL3410058,COc1ccc(NC(=O)N(CCN2CCCC2)c3ccc(cc3)c4ncnc5[nH]cc(C)c45)cc1,5.03
1569,CHEMBL3410057,COc1ccc(NC(=O)N(C)c2ccc(cc2)c3ncnc4[nH]cc(C)c34)cc1,5.96
1575,CHEMBL3410051,COc1ccc(cc1)N(CCN(C)C)C(=O)Nc2ccc(cc2)c3ncnc4[nH]cc(C)c34,7.33
1578,CHEMBL3410048,COc1ccc(cc1)N(CCO)C(=O)Nc2ccc(cc2)c3ncnc4[nH]cc(C)c34,7.28
1579,CHEMBL3410047,COc1cccc(c1)N(CCO)C(=O)Nc2ccc(cc2)c3ncnc4[nH]cc(C)c34,7.0
1580,CHEMBL3410046,COc1ccccc1N(CCO)C(=O)Nc2ccc(cc2)c3ncnc4[nH]cc(C)c34,6.04
1581,CHEMBL3410045,Cc1ccc(cc1)N(CCO)C(=O)Nc2ccc(cc2)c3ncnc4[nH]cc(C)c34,7.43
1582,CHEMBL3410044,Cc1cccc(c1)N(CCO)C(=O)Nc2ccc(cc2)c3ncnc4[nH]cc(C)c34,6.82
1583,CHEMBL3410043,Cc1ccccc1N(CCO)C(=O)Nc2ccc(cc2)c3ncnc4[nH]cc(C)c34,6.46
1585,CHEMBL3410041,Cc1c[nH]c2ncnc(c3ccc(NC(=O)N(CCO)c4cccc(Cl)c4)cc3)c12,7.17
1586,CHEMBL3410040,Cc1c[nH]c2ncnc(c3ccc(NC(=O)N(CCO)c4ccccc4Cl)cc3)c12,7.24
1587,CHEMBL3410039,Cc1c[nH]c2ncnc(c3ccc(NC(=O)N(CCO)c4ccc(F)cc4)cc3)c12,7.07
1588,CHEMBL3410038,Cc1c[nH]c2ncnc(c3ccc(NC(=O)N(CCO)c4cccc(F)c4)cc3)c12,7.0
1589,CHEMBL3410037,Cc1c[nH]c2ncnc(c3ccc(NC(=O)N(CCO)c4ccccc4F)cc3)c12,6.88
1590,CHEMBL3410036,Cc1c[nH]c2ncnc(c3ccc(NC(=O)N(CCO)c4ccccc4)cc3)c12,7.37
1591,CHEMBL3410035,Cc1c[nH]c2ncnc(c3ccc(NC(=O)N(CCN4CCCC4)c5ccccc5)cc3)c12,6.43
1592,CHEMBL3410034,Cc1c[nH]c2ncnc(c3ccc(NC(=O)Nc4ccccn4)cc3)c12,5.35
1593,CHEMBL3410033,Cc1c[nH]c2ncnc(c3ccc(NC(=O)Nc4nccs4)cc3)c12,6.69
1594,CHEMBL3410032,COc1ccc(NC(=O)Nc2ccc(cc2)c3ncnc4[nH]cc(C)c34)cc1,7.46
1595,CHEMBL3410031,COc1cccc(NC(=O)Nc2ccc(cc2)c3ncnc4[nH]cc(C)c34)c1,7.13
1596,CHEMBL3410030,COc1ccccc1NC(=O)Nc2ccc(cc2)c3ncnc4[nH]cc(C)c34,6.55
1597,CHEMBL3410029,Cc1c[nH]c2ncnc(c3ccc(NC(=O)Nc4cccc(F)c4)cc3)c12,6.5
1598,CHEMBL3410028,Cc1c[nH]c2ncnc(c3ccc(NC(=O)Nc4ccccc4)cc3)c12,6.85
1599,CHEMBL3410027,CC(C)NC(=O)c1cccc(NC(=O)Nc2ccc(cc2OCCN(C)C)c3ncnc4[nH]cc(C)c34)c1,6.15
1601,CHEMBL3410026,CC(C)NC(=O)c1cccc(NC(=O)Nc2ccc(cc2C(F)(F)F)c3ncnc4[nH]cc(C)c34)c1,7.22
1602,CHEMBL3410025,CC(C)NC(=O)c1cccc(NC(=O)Nc2ccc(cc2)c3ncnc4[nH]c(C)c(C)c34)c1,7.1
1603,CHEMBL3410024,CC(C)NC(=O)c1cccc(NC(=O)Nc2ccc(cc2)c3ncnc4[nH]c(C)cc34)c1,7.1
1604,CHEMBL1951346,CC(C)NC(=O)c1cccc(NC(=O)Nc2ccc(cc2)c3ncnc4[nH]cc(C)c34)c1,7.21
1605,CHEMBL1951344,CC(C)NC(=O)c1cccc(NC(=O)Nc2ccc(cc2)c3ncnc4[nH]ccc34)c1,6.7
1606,CHEMBL3410023,CC(C)NC(=O)c1cccc(NC(=O)Nc2ccc(cc2)c3ncnc4[nH]cnc34)c1,5.82
1612,CHEMBL212948,COc1c(C=O)c(O)cc2C(=O)c3ccccc3C(=O)c12,6.1
1628,CHEMBL3613618,COC(=O)c1cccc(NC(=O)C2(N)CCN(CC2)c3cc(NC(=O)C)ncn3)c1,6.62
1630,CHEMBL3613616,COC(=O)c1cccc(NC(=O)C2(N)CCN(CC2)c3cc(N)ncn3)c1,6.03
1632,CHEMBL3613614,COC(=O)c1cccc(NC(=O)C2(N)CCN(CC2)c3ncnc4[nH]ccc34)c1,7.51
1633,CHEMBL3613613,COC(=O)c1cccc(NC(=O)C2(CN(C)C)CCN(CC2)c3ncnc4NC(=O)Cc34)c1,6.0
1634,CHEMBL3613612,COC(=O)c1cccc(NC(=O)C2(CN(C)C)CCN(CC2)c3ccnc4[nH]ncc34)c1,7.19
1635,CHEMBL3613611,COC(=O)c1cccc(NC(=O)C2(CN(C)C)CCN(CC2)c3ncnc4[nH]ncc34)c1,6.55
1638,CHEMBL3613608,CCC(C)OC(=O)c1cccc(NC(=O)C2(CN(C)C)CCN(CC2)c3ncnc4[nH]cc(C)c34)c1,7.3
1639,CHEMBL3613607,CC(C)OC(=O)c1cccc(NC(=O)C2(CN(C)C)CCN(CC2)c3ncnc4[nH]cc(C)c34)c1,7.39
1640,CHEMBL3613606,CCCOC(=O)c1cccc(NC(=O)C2(CN(C)C)CCN(CC2)c3ncnc4[nH]cc(C)c34)c1,7.3
1641,CHEMBL3613605,COC(=O)c1ccc(NC(=O)C2(CN(C)C)CCN(CC2)c3ncnc4[nH]cc(C)c34)cc1,7.39
1642,CHEMBL3613604,COC(=O)Cc1cccc(NC(=O)C2(CN(C)C)CCN(CC2)c3ncnc4[nH]cc(C)c34)c1,7.24
1643,CHEMBL3613603,COC(=O)COc1cccc(NC(=O)C2(CN(C)C)CCN(CC2)c3ncnc4[nH]cc(C)c34)c1,7.42
1644,CHEMBL3613602,COC(=O)c1cccc(NC(=O)C2(CCN(CC2)c3ncnc4[nH]cc(C)c34)N(C)C)c1,7.43
1651,CHEMBL3622868,CCCNc1ncc(s1)c2ccncc2c3cccc(Cl)c3,6.3
1652,CHEMBL3622869,CCCNc1ncc(s1)c2ccncc2c3ccc(Cl)cc3,6.21
1653,CHEMBL3622870,CCCNc1ncc(s1)c2ccncc2c3ccccc3,6.07
1654,CHEMBL3622871,CCCNc1ncc(s1)c2ccncc2c3ccccc3C,7.09
1655,CHEMBL3622872,CCCNc1ncc(s1)c2ccncc2c3ccccc3C(C)C,5.48
1656,CHEMBL3622873,CCCNc1ncc(s1)c2ccncc2c3ccccc3C(F)(F)F,7.43
1658,CHEMBL3622875,Nc1ncc(s1)c2ccncc2c3ccccc3Cl,6.57
1659,CHEMBL3623433,CCCN(C)c1ncc(s1)c2ccncc2c3ccccc3Cl,5.51
1660,CHEMBL3623434,CCNc1ncc(s1)c2ccncc2c3ccccc3Cl,6.92
1662,CHEMBL3623436,C[C@H](Nc1ncc(s1)c2ccncc2c3ccccc3Cl)c4ccccc4,7.4
1670,CHEMBL1365821,Nc1nc(NCC=C)sc1C(=O)c2ccc3OCOc3c2,5.4
1671,CHEMBL3623444,CCCNc1ncc(s1)c2ccncc2,4.72
1672,CHEMBL3623445,CCCNc1ncc(s1)c2cccnc2c3ccccc3Cl,6.49
1673,CHEMBL3623446,CCCNc1ncc(s1)c2cnccc2c3ccccc3Cl,6.24
1699,CHEMBL3629280,Cc1c[nH]c2ncnc(c3ccc(NC(=O)N(CCO)c4ccccc4)c(F)c3)c12,7.07
1700,CHEMBL3629279,Cc1c[nH]c2ncnc(c3ccc(NC(=O)Nc4cncnc4)c(F)c3)c12,7.26
