,molecule_chembl_id,canonical_smiles,pchembl_value
0,cobimetinib,[H][C@]1(CCCCN1)C1(O)CN(C1)C(=O)C1=C(NC2=CC=C(I)C=C2F)C(F)=C(F)C=C1,9.04575729
1,trametinib,CN1C(=O)C(C)=C2N(C(=O)N(C3CC3)C(=O)C2=C1NC1=C(F)C=C(I)C=C1)C1=CC(NC(C)=O)=CC=C1,8.744727000000001
2,CHEMBL1171014,CC(=O)c1c(F)c(C(=O)NOC[C@H](O)CO)c(Nc2ccc(I)cc2F)n1C,7.54
3,CHEMBL3640632,CCC(=O)N(Cc1cc(C(=O)NOCCO)c(Nc2ccc(I)cc2F)c(F)c1F)OC,7.54
4,CHEMBL3092179,CNS(=O)(=O)Nc1cccc(CC2=C(C)c3cc(C)c(OC(=O)N(C)C)cc3OC2=O)c1,7.54
5,CHEMBL287852,COc1cc2c(Nc3ccc(Cc4cccnc4)cc3)c(cnc2cc1OCCCN5CCOCC5)C#N,7.54
6,CHEMBL414856,COc1cccc(Oc2ccc(Nc3c(cnn4cc(NC(=O)NCCN5CCOCC5)c(C)c34)C#N)cc2)c1,7.54
7,CHEMBL2012907,OCCONC(=O)C1=C2CCCN2C(=O)C=C1Nc3ccc(I)cc3F,7.54
8,CHEMBL2376684,CC(=O)Nc1cccc(Oc2cc(F)cc(Nc3ccc(I)cc3F)c2C(=O)N)c1,7.55
9,CHEMBL385905,CC(O)C\N=C(/N)\c1c(O)nsc1Nc2ccc(Oc3cc(Cl)ccc3Cl)cc2,7.55
10,CHEMBL3640627,CNC(=O)CONCc1cc(C(=O)NOCCO)c(Nc2ccc(I)cc2F)c(F)c1F,7.55
11,CHEMBL3640635,COCC(=O)N(Cc1cc(C(=O)NOCCO)c(Nc2ccc(I)cc2F)c(F)c1F)OC,7.55
12,CHEMBL321078,COc1cc2c(Nc3ccc(Sc4nccn4C)c(C)c3)c(cnc2cc1OCCCN5CCOCC5)C#N,7.55
13,CHEMBL3746103,NC(=O)c1c(Oc2ccc(F)c(NS(=O)(=O)N)c2F)cc(F)c(F)c1Nc3ccc(I)cc3F,7.55
14,CHEMBL3402993,CN(C)C(=O)Oc1ccc2C(=C(Cc3cccc(c3)[N+](=O)[O-])C(=O)Oc2c1)C,7.56
15,CHEMBL387184,CC(CO)\N=C(/N)\c1c(O)nsc1Nc2ccc(Oc3cc(F)cc(F)c3Cl)c(F)c2,7.57
16,CHEMBL214614,CC(CO)\N=C(/N)\c1c(O)nsc1Nc2ccc(Oc3cccc(Cl)c3Cl)c(Cl)c2,7.57
17,CHEMBL3400287,CN(C)C(=O)Oc1ccc2C(=C(Cc3cccc(c3)N4CCCS4(=O)=O)C(=O)Oc2c1)C,7.57
18,CHEMBL2146890,OCC1(O)CN(C1)C(=O)c2ccc(F)c(F)c2Nc3ccc(I)cc3F,7.57
19,CHEMBL385446,CC(CO)\N=C(/N)\c1c(O)nsc1Nc2ccc(Oc3cc(Cl)ccc3Cl)c(F)c2,7.59
20,CHEMBL437331,CC(CO)\N=C(/N)\c1c(O)nsc1Nc2ccc(Oc3ccccc3)cc2,7.59
21,CHEMBL484368,CCN(CC)CC\C=C\c1ccc2c(Nc3ccc(Sc4nccn4C)c(Cl)c3)c(cnc2c1)C#N,7.59
22,CHEMBL1684060,CN1C=NC2=C(C(=CC(=O)N2C)Nc3ccc(I)cc3F)C1=O,7.59
23,CHEMBL3092176,CNS(=O)(=O)Nc1cccc(CC2=C(C)c3ccc(Oc4nccs4)cc3OC2=O)c1F,7.59
24,CHEMBL31497,COc1cc2c(Nc3ccc(Oc4ccncc4)cc3)c(cnc2cc1OCCCN5CCOCC5)C#N,7.59
25,CHEMBL2376676,NC(=O)c1c(Nc2ccc(I)cc2F)cc(F)cc1OC[C@@H]3CCCN3,7.59
26,CHEMBL2335185,OCCONC(=O)c1ccc(F)c(F)c1Nc2ccc(Cl)cc2F,7.59
27,CHEMBL483398,CCN(CC)CCC\C=C\c1ccc2c(Nc3ccc(Sc4nccn4C)c(Cl)c3)c(cnc2c1)C#N,7.6
28,CHEMBL3699142,CCNC(=O)C#Cc1ccc2\C(=C(\Nc3ccc(CN(C)C)cc3)/c4ccccc4)\C(=O)Nc2c1,7.6
29,CHEMBL95002,COc1cc2c(Nc3ccc(Oc4ccccc4)cc3)c(cnc2cc1OCCN5CCOCC5)C#N,7.6
30,CHEMBL2396995,C[C@H](CO)COc1ccc(cc1)[C@H]2NC(=O)N([C@@H]([C@@H](C)c3ccccc3)C(=O)Nc4ccc(I)cc4F)C2=O,7.6
31,CHEMBL1956073,C[C@H]([C@H](N1C(=O)N[C@@H](C1=O)c2ccc(OC[C@H](O)CO)cc2)C(=O)Nc3ccc(I)cc3F)c4ccccc4,7.6
32,CHEMBL34072,N\C(=C(\C#N)/c1cccc(c1)C(O)c2ccc3OCCOc3c2)\Sc4ccccc4N,7.6
33,CHEMBL36307,N\C(=C(\C#N)/c1cccc(c1)C(O)c2cccc(c2)[N+](=O)[O-])\Sc3ccccc3O,7.6
34,CHEMBL38321,N\C(=C(\C#N)/c1cccc(c1)C(O)c2cccnc2)\Sc3ccccc3N,7.6
35,CHEMBL2012902,OCCONC(=O)C1=C2CCCN2C(=O)C(=C1Nc3ccc(I)cc3F)F,7.6
36,CHEMBL2087077,OC[C@@H](O)CONC(=O)c1oc2ccncc2c1Nc3ccc(I)cc3F,7.6
37,CHEMBL388978,CN[C@@H]1C[C@H]2O[C@@](C)([C@@H]1OC)n3c4ccccc4c5c6CNC(=O)c6c7c8ccccc8n2c7c35,7.62
38,CHEMBL202356,COc1ccccc1Oc2ccc(Nc3c(cnn4cc(NC(=O)NCCN5CCOCC5)c(C)c34)C#N)cc2,7.62
39,CHEMBL290017,Cc1ccccc1C(O)c2cccc(c2)\C(=C(/N)\Sc3ccccc3N)\C#N,7.62
40,CHEMBL2396994,CCC(=O)c1csc(NC(=O)[C@H]([C@@H](C)c2ccccc2)N3C(=O)N[C@@H](C3=O)c4ccc(OCCO)cc4)n1,7.64
41,CHEMBL377288,CCOC(=O)c1cn2ncc(C#N)c(Nc3ccc(Oc4ccccc4OC)cc3)c2c1C,7.64
42,CHEMBL201389,COC(=O)Nc1cn2ncc(C#N)c(Nc3ccc(Oc4ccccc4)cc3)c2c1C,7.64
43,CHEMBL30359,COc1cc2c(Nc3ccc(Cc4ccsc4)cc3)c(cnc2cc1OCCCN5CCOCC5)C#N,7.64
44,CHEMBL3640620,OCCCOCc1cc(C(=O)NOCCO)c(Nc2ccc(I)cc2F)c(F)c1F,7.64
45,CHEMBL2376665,CNS(=O)(=O)Nc1cccc(Oc2cc(F)cc(Nc3ccc(I)cc3F)c2C(=O)N)c1,7.66
46,CHEMBL3746031,NC(=O)c1c(Oc2cccc(CS(=O)(=O)N)c2)cc(F)c(F)c1Nc3ccc(I)cc3F,7.66
47,CHEMBL485574,CN(C)CC\C=C\c1ccc2c(Nc3ccc(Sc4nccn4C)c(Cl)c3)c(cnc2c1)C#N,7.68
48,CHEMBL2376663,CN(C)S(=O)(=O)Nc1cccc(Oc2cc(F)cc(Nc3ccc(I)cc3F)c2C(=O)N)c1,7.68
49,CHEMBL282361,COc1cc2c(Nc3ccc(SC4CCCCC4)cc3)c(cnc2cc1OCCCN5CCOCC5)C#N,7.68
50,CHEMBL2375372,CS(=O)(=O)Nc1cccc(Oc2cc(F)cc(Nc3ccc(I)cc3F)c2C(=O)N)c1,7.68
51,CHEMBL2376664,NC(=O)c1c(Nc2ccc(I)cc2F)cc(F)cc1Oc3cccc(NS(=O)(=O)N4CCCC4)c3,7.68
52,CHEMBL3746640,NC(=O)c1c(Oc2cccc(CNS(=O)(=O)N)c2)cc(F)c(F)c1Nc3ccc(I)cc3F,7.68
53,CHEMBL464238,OCCOCc1cc(C(=O)NOCCO)c(Nc2ccc(I)cc2F)c(F)c1F,7.68
54,CHEMBL1170804,CC(=O)c1cc(C(=O)NOC[C@H](O)CO)c(Nc2ccc(I)cc2F)n1C,7.7
55,CHEMBL1169813,CC(=O)n1cc(C(=O)NOCCO)c(Nc2ccc(I)cc2F)c1C,7.7
56,CHEMBL214734,CC(CO)\N=C(/N)\c1c(O)nsc1Nc2ccc(Oc3cc(Cl)cc(Cl)c3)cc2,7.7
57,CHEMBL214613,CC(CO)\N=C(/N)\c1c(O)nsc1Nc2ccc(Oc3cccc(F)c3F)cc2,7.7
58,CHEMBL288081,COc1cc2c(Nc3ccc(Cc4cccs4)cc3)c(cnc2cc1OCCCN5CCOCC5)C#N,7.7
59,CHEMBL31143,COc1cc2c(Nc3ccc(Cc4occc4)cc3)c(cnc2cc1OCCCN5CCOCC5)C#N,7.7
60,CHEMBL2012892,Cn1c(Nc2ccc(I)cc2F)c(C(=O)NOC[C@H](O)CO)c3CCCC(=O)c13,7.7
61,CHEMBL521502,Cn1ccnc1Sc2ccc(Nc3c(cnc4cc(\C=C\CCN5CCCC5)ccc34)C#N)cc2Cl,7.7
62,CHEMBL2087462,OC[C@@H](O)CONC(=O)c1ccc2cnsc2c1Nc3ccc(I)cc3F,7.7
63,CHEMBL2146885,OC(=O)c1ccc(F)c(F)c1Nc2ccc(I)cc2F,7.71
64,CHEMBL1171015,CC(=O)c1c(F)c(C(=O)NOC[C@@H](O)CO)c(Nc2ccc(I)cc2F)n1C,7.72
65,CHEMBL1171012,CC(=O)c1cc(C(=O)NOC(CO)CO)c(Nc2ccc(I)cc2F)n1C,7.72
66,CHEMBL520142,CN1CCN(CC\C=C\c2ccc3c(Nc4ccc(Sc5nccn5C)c(Cl)c4)c(cnc3c2)C#N)CC1,7.72
67,bosutinib,COc1cc(Nc2c(cnc3cc(OCCCN4CCN(C)CC4)c(OC)cc23)C#N)c(Cl)cc1Cl,7.72
68,CHEMBL3640626,OCCCONCc1cc(C(=O)NOCCO)c(Nc2ccc(I)cc2F)c(F)c1F,7.72
69,CHEMBL1684491,OCCONCc1cc(C(=O)NOCCO)c(Nc2ccc(I)cc2F)c(F)c1F,7.72
70,CHEMBL1684800,COc1ccc(Cn2ncc(NC(=O)c3cc(NC(=O)Nc4ccc(Cl)c(c4)C(F)(F)F)ccc3C)c2N)cc1,7.74
71,CHEMBL1169999,CC(=O)c1c(Cl)c(C(=O)NOCCO)c(Nc2ccc(I)cc2F)n1C,7.75
72,CHEMBL1169814,CC(=O)c1cc(C(=O)NOCCO)c(Nc2ccc(I)cc2F)n1C,7.75
73,CHEMBL2376662,CC(C)S(=O)(=O)Nc1cccc(Oc2cc(F)cc(Nc3ccc(I)cc3F)c2C(=O)N)c1,7.75
74,CHEMBL199860,CN1C=C(C(=O)NOCCO)C(=C(C)C1=O)Nc2ccc(Br)cc2F,7.75
75,CHEMBL383108,CNC(=O)Nc1cn2ncc(C#N)c(Nc3ccc(Oc4ccccc4)cc3)c2c1C,7.75
76,CHEMBL281662,COc1cc2c(Nc3ccc(Cc4ccccn4)cc3)c(cnc2cc1OCCCN5CCOCC5)C#N,7.75
77,CHEMBL2012896,Cn1c(Nc2ccc(Br)cc2F)c(C(=O)NOCCO)c3CCCC(=O)c13,7.75
78,CHEMBL3747359,NC(=O)c1c(Nc2ccc(I)cc2F)cc(F)cc1Oc3cccc(NS(=O)(=O)N)c3Cl,7.75
79,CHEMBL2012891,Cn1c(Nc2ccc(I)cc2F)c(C(=O)NOC[C@@H](O)CO)c3CCCC(=O)c13,7.77
80,CHEMBL417687,N\C(=C(\C#N)/c1cccc(c1)C(O)c2cccc(c2)[N+](=O)[O-])\Sc3ccccc3N,7.77
81,CHEMBL284708,N\C(=C(\C#N)/c1cccc(c1)C(O)c2cccs2)\Sc3ccccc3N,7.77
82,CHEMBL38195,N\C(=C(\C#N)/c1cccc(c1)C(O)c2ccsc2)\Sc3ccccc3N,7.77
83,CHEMBL1684068,CN1C(=O)C(=C(Nc2ccc(Br)cc2F)C3=C1N=CN(C[C@@H](O)CO)C3=O)F,7.8
84,CHEMBL2146899,C[C@@H](N)C1(O)CN(C1)C(=O)c2ccc(F)c(F)c2Nc3ccc(I)cc3F,7.8
85,CHEMBL2376675,NC(=O)c1c(Nc2ccc(I)cc2F)cc(F)cc1OCC[C@@H](O)Cn3ccnc3,7.8
86,CHEMBL3747136,CCNS(=O)(=O)Nc1cccc(Oc2cc(F)cc(Nc3ccc(I)cc3F)c2C(=O)N)c1,7.82
87,CHEMBL3746467,CCS(=O)(=O)Nc1cccc(Oc2c(F)c(F)cc(Nc3ccc(I)cc3F)c2C(=O)N)c1,7.82
88,CHEMBL2376661,CCS(=O)(=O)Nc1cccc(Oc2cc(F)cc(Nc3ccc(I)cc3F)c2C(=O)N)c1,7.82
89,CHEMBL203258,CN1C=C(C(=O)NO)C(=C(F)C1=O)Nc2ccc(Br)cc2F,7.82
90,CHEMBL3747256,Cc1c(NS(=O)(=O)N)cccc1Oc2cc(F)cc(Nc3ccc(I)cc3F)c2C(=O)N,7.82
91,CHEMBL3640621,OCCONC(=O)c1cc(COCC(O)CO)c(F)c(F)c1Nc2ccc(I)cc2F,7.82
92,CHEMBL2087461,OCCONC(=O)c1ccc2cnsc2c1Nc3ccc(I)cc3F,7.82
93,CHEMBL507361,OC[C@@H](O)CONC(=O)c1ccc(F)c(F)c1Nc2ccc(I)cc2F,7.82
94,CHEMBL2087080,OC[C@@H](O)CONC(=O)c1ccc2[nH]ncc2c1Nc3ccc(I)cc3F,7.82
95,CHEMBL202286,CC(=O)Nc1cccc(c1)C(=O)Nc2cn3ncc(C#N)c(Nc4ccc(Oc5ccccc5)cc4)c3c2C,7.85
96,CHEMBL180022,CCOc1cc2ncc(C#N)c(Nc3ccc(OCc4ccccn4)c(Cl)c3)c2cc1NC(=O)\C=C\CN(C)C,7.85
97,CHEMBL371693,CN1C=C(C(=O)N)C(=C(F)C1=O)Nc2ccc(Br)cc2F,7.85
98,CHEMBL290865,COC(=O)c1ccc(cc1)C(O)c2cccc(c2)\C(=C(/N)\Sc3ccccc3N)\C#N,7.85
99,CHEMBL30728,COc1cc2c(Nc3ccc(Cc4ccccc4)cc3)c(cnc2cc1OCCCN5CCOCC5)C#N,7.85
100,CHEMBL30790,COc1cc2c(Nc3ccc(Cc4cocc4)cc3)c(cnc2cc1OCCCN5CCOCC5)C#N,7.85
101,CHEMBL3747047,Cc1c(NS(=O)(=O)N)cccc1Oc2cc(F)c(F)c(Nc3ccc(I)cc3F)c2C(=O)N,7.85
102,CHEMBL2012890,Cn1c(Nc2ccc(I)cc2F)c(C(=O)NOCCO)c3CCCC(=O)c13,7.85
103,CHEMBL1614701,Cn1cnc2c(F)c(Nc3ccc(Br)cc3Cl)c(cc12)C(=O)NOCCO,7.85
104,CHEMBL2376666,NC(=O)c1c(Nc2ccc(I)cc2F)cc(F)cc1Oc3cccc(NS(=O)(=O)N)c3,7.85
105,CHEMBL3746559,NC(=O)c1c(Oc2ccc(F)c(NS(=O)(=O)N)c2)cc(F)c(F)c1Nc3ccc(I)cc3F,7.85
106,CHEMBL3261162,CC1=NN(C[C@H](O)CO)C(=O)c2c(Nc3ccc(I)cc3F)cncc12,7.86
107,CHEMBL1171013,CC(=O)c1c(Cl)c(C(=O)NOC[C@@H](O)CO)c(Nc2ccc(I)cc2F)n1C,7.89
108,CHEMBL1169631,CC(=O)c1cc(C(=O)N2CC[C@@H](O)C2)c(Nc3ccc(I)cc3F)n1C,7.89
109,CHEMBL2376674,NC(=O)c1c(Nc2ccc(I)cc2F)cc(F)cc1OCC[C@@H](O)Cn3cccn3,7.89
110,CHEMBL3746736,NC(=O)c1c(Oc2cccc(NS(=O)(=O)N)c2)cc(F)c(F)c1Nc3ccc(I)cc3F,7.89
111,CHEMBL37911,N\C(=C(\C#N)/c1cccc(c1)C(O)c2cccc(c2)C#N)\Sc3ccccc3N,7.89
112,CHEMBL244488,OCCONC(=O)c1ccc(F)c(F)c1Nc2ccc(I)cc2F,7.89
113,CHEMBL2087076,OCCONC(=O)c1ccc2[nH]ncc2c1Nc3ccc(I)cc3F,7.89
114,CHEMBL3261153,OC[C@@H](O)CNC(=O)c1nc(Cl)ncc1Nc2ccc(I)cc2F,7.89
115,CHEMBL3261157,OC[C@@H](O)CN1C=Nc2cncc(Nc3ccc(I)cc3F)c2C1=O,7.91
116,CHEMBL489058,CCN1CCN(CC\C=C\c2ccc3c(Nc4ccc(Sc5nccn5C)c(Cl)c4)c(cnc3c2)C#N)CC1,7.92
117,CHEMBL3747066,CCS(=O)(=O)Nc1cccc(Oc2cc(F)c(F)c(Nc3ccc(I)cc3F)c2C(=O)N)c1,7.92
118,CHEMBL1230609,COc1cc2c(Oc3ccc(NC(=O)C4(CC4)C(=O)Nc5ccc(F)cc5)cc3F)ccnc2cc1OCCCN6CCOCC6,7.92
119,CHEMBL3640630,C[S+]([O-])CCONCc1cc(C(=O)NOCCO)c(Nc2ccc(I)cc2F)c(F)c1F,7.92
120,CHEMBL37493,N\C(=C(\C#N)/c1cccc(c1)C(O)c2ccncc2)\Sc3ccccc3N,7.92
121,CHEMBL3330649,OCCONC(=O)c1oc2ccncc2c1Nc3ccc(I)cc3F,7.92
122,CHEMBL1170805,CC(=O)c1cc(C(=O)NOC[C@@H](O)CO)c(Nc2ccc(I)cc2F)n1C,7.96
123,CHEMBL1170802,CC(=O)n1cc(Nc2ccc(I)cc2F)c(c1)C(=O)NOCCO,7.96
124,CHEMBL2012894,Cn1c(Nc2ccc(I)cc2F)c(C(=O)NOC[C@@H](O)CO)c3CCC(=O)c13,7.96
125,CHEMBL485237,Cn1ccnc1Sc2ccc(Nc3c(cnc4cc(\C=C\CN5CCOCC5)ccc34)C#N)cc2Cl,7.96
126,CHEMBL3746569,NCCS(=O)(=O)Nc1cccc(Oc2cc(F)cc(Nc3ccc(I)cc3F)c2C(=O)N)c1,7.96
127,CHEMBL3644826,CC(O)CN1C=NC2=C(C1=O)C(=C(Cl)C(=O)N2C)Nc3ccc(I)cc3F,8.0
128,CHEMBL3699137,CCNC(=O)C#Cc1ccc2\C(=C(\Nc3ccc(cc3)N4CCN(C)CC4)/c5ccccc5)\C(=O)Nc2c1,8.0
129,CHEMBL321045,CCOc1cc2ncc(C#N)c(Nc3ccc(Sc4nccn4C)c(Cl)c3)c2cc1OCC,8.0
130,CHEMBL3747294,CN(C)S(=O)(=O)Nc1cccc(Oc2cc(F)c(F)c(Nc3ccc(I)cc3F)c2C(=O)N)c1,8.0
131,CHEMBL3644822,CN1C(=O)C(=C(Nc2ccc(Br)cc2F)C3=C1N=CN(CCCO)C3=O)Cl,8.0
132,CHEMBL3644818,CN1C(=O)C(=C(Nc2ccc(Br)cc2F)C3=C1N=CN(C[C@@H](O)CO)C3=O)Cl,8.0
133,CHEMBL3644807,CN1C(=O)C(=C(Nc2ccc(Br)cc2F)C3=C1N=CN(C[C@H](O)CO)C3=O)F,8.0
134,CHEMBL3644828,CN1C(=O)C(=C(Nc2ccc(I)cc2F)C3=C1N=CN(C(CO)CO)C3=O)C,8.0
135,CHEMBL1684072,CN1C(=O)C(=C(Nc2ccc(I)cc2F)C3=C1N=CN(CCO)C3=O)F,8.0
136,CHEMBL3644814,CN1C(=O)C(=C(Nc2ccc(cc2F)C#C)C3=C1N=CN(C[C@@H](O)CO)C3=O)C,8.0
137,CHEMBL3644829,CN1C(=O)C(=C(Nc2ccc(cc2F)C#C)C3=C1N=CN(C[C@H](O)CO)C3=O)C,8.0
138,CHEMBL3644805,CN1C(=O)C(=C(Nc2ccc(cc2F)C#N)C3=C1N=CN(C[C@H](O)CO)C3=O)F,8.0
139,CHEMBL3644815,CN1C(=O)C=C(Nc2ccc(I)cc2F)C3=C1N=CN(C(CO)CO)C3=O,8.0
140,CHEMBL1684061,CN1C(=O)C=C(Nc2ccc(I)cc2F)C3=C1N=CN(CCO)C3=O,8.0
141,CHEMBL1684064,CN1C(=O)C=C(Nc2ccc(I)cc2F)C3=C1N=CN(C[C@H](O)CO)C3=O,8.0
142,CHEMBL3644816,CN1C(=O)C=C(Nc2ccc(I)cc2F)C3=C1N=CN(OCCO)C3=O,8.0
143,CHEMBL3644817,CN1C(=O)C=C(Nc2ccc(I)cc2F)C3=C1N=CN(OC[C@H](O)CO)C3=O,8.0
144,CHEMBL3644830,CN1C=NC2=C(C(=C(C)C(=O)N2C)Nc3ccc(I)cc3F)C1=O,8.0
145,nintedanib,COC(=O)c1ccc2\C(=C(\Nc3ccc(cc3)N(C)C(=O)CN4CCN(C)CC4)/c5ccccc5)\C(=O)Nc2c1,8.0
146,CHEMBL337728,COc1cc2cc3ncc(C#N)c(Nc4ccc(Oc5ccccc5)cc4)c3cc2cc1OC,8.0
147,CHEMBL485238,Cn1ccnc1Sc2ccc(Nc3c(cnc4cc(\C=C\CCN5CCCCC5)ccc34)C#N)cc2Cl,8.0
148,CHEMBL372600,CN1C=C(C(=O)NOCCO)C(=C(F)C1=O)Nc2ccc(Br)cc2F,8.03
149,CHEMBL102786,COc1cc2c(Nc3ccc(Sc4nccs4)c(Cl)c3)c(cnc2cc1OCCCN5CCOCC5)C#N,8.05
150,CHEMBL31733,COc1cc2ncc(C#N)c(Nc3ccc(Oc4ccccc4)cc3)c2cc1OC,8.05
151,CHEMBL2012893,Cn1c(Nc2ccc(I)cc2F)c(C(=O)NOCCO)c3CCC(=O)c13,8.05
152,CHEMBL1614766,OCCONC(=O)c1cc(CN2OCCCC2=O)c(F)c(F)c1Nc3ccc(I)cc3F,8.06
153,CHEMBL1684492,CON(Cc1cc(C(=O)NOCCO)c(Nc2ccc(I)cc2F)c(F)c1F)C(=O)C,8.07
154,CHEMBL318326,COc1cc2c(Nc3ccc(Sc4ccccn4)c(Cl)c3)c(cnc2cc1OCCCN5CCOCC5)C#N,8.1
155,CHEMBL35598,N\C(=C(\C#N)/c1cccc(c1)C(O)c2ccc(cc2)C#N)\Sc3ccccc3O,8.1
156,CHEMBL36664,N\C(=C(\C#N)/c1cccc(c1)C(O)c2ccc(cc2)[N+](=O)[O-])\Sc3ccccc3N,8.1
157,CHEMBL34184,N\C(=C(\C#N)/c1cccc(c1)C(O)c2ccc(cc2[N+](=O)[O-])[N+](=O)[O-])\Sc3ccccc3N,8.1
158,CHEMBL2335186,OCCONC(=O)c1ccc(F)c(F)c1Nc2ccc(Br)cc2F,8.11
159,CHEMBL2146896,OC1(CN2CCCC2)CN(C1)C(=O)c3ccc(F)c(F)c3Nc4ccc(I)cc4F,8.12
160,CHEMBL2146892,CCNCC1(O)CN(C1)C(=O)c2ccc(F)c(F)c2Nc3ccc(I)cc3F,8.14
161,CHEMBL2087078,C[C@H](O)CONC(=O)c1oc2c(F)cncc2c1Nc3ccc(I)cc3F,8.14
162,CHEMBL1684493,OCCONC(=O)c1cc(CN2OCCC2=O)c(F)c(F)c1Nc3ccc(I)cc3F,8.14
163,CHEMBL1172521,CC(=O)c1cc(C(=O)N2CC(N)C2)c(Nc3ccc(I)cc3F)n1C,8.16
164,CHEMBL1615025,CN1C(=O)C(=C(Nc2ccc(I)cc2F)C3=C1N=CN(C[C@@H](O)CO)C3=O)F,8.16
165,CHEMBL3086065,CNS(=O)(=O)Nc1cccc(CC2=C(C)c3cc(Cl)c(OC(=O)N(C)C)cc3OC2=O)c1,8.16
166,CHEMBL414139,COc1cc2c(Nc3ccc(Oc4ccccc4)cc3)c(cnc2cc1OCCCN5CCOCC5)C#N,8.16
167,CHEMBL288349,N\C(=C(\C#N)/c1cccc(c1)C(O)c2ccc(cc2)C#N)\Sc3ccccc3N,8.16
168,CHEMBL201629,CN1C=C(C(=O)NOCC2CC2)C(=C(F)C1=O)Nc3ccc(Br)cc3F,8.17
169,CHEMBL2146888,NCC1(O)CN(C1)C(=O)c2ccc(F)c(F)c2Nc3ccc(I)cc3F,8.18
170,CHEMBL2087079,OCCONC(=O)c1ccc2[nH]ncc2c1Nc3ccc(Br)cc3F,8.19
171,CHEMBL3699138,CN(C)Cc1ccc(N\C(=C\2/C(=O)Nc3cc(ccc23)C#CC(=O)NCC(F)F)\c4ccccc4)cc1,8.22
172,CHEMBL1077979,COc1cc(O)c2C(=O)O[C@@H](C)C\C=C/C(=O)[C@@H](O)[C@@H](O)C\C=C\c2c1,8.22
173,CHEMBL450271,COc1cc2c(Nc3ccc(Sc4nccn4C)c(Cl)c3)c(cnc2cc1\C=C\CCCN5CCN(C)CC5)C#N,8.22
174,CHEMBL3699140,FCCNC(=O)C#Cc1ccc2\C(=C(\Nc3ccc(CN4CCCC4)cc3)/c5ccccc5)\C(=O)Nc2c1,8.22
175,CHEMBL361708,NC1=NC(=O)\C(=C\2/CCNC(=O)c3[nH]c(Br)cc23)\N1,8.22
176,CHEMBL151430,Nc1nc(c[nH]1)C2CCNC(=O)c3[nH]c(Br)c(Br)c23,8.22
177,CHEMBL1681812,CN1C(=O)C(=C(Nc2ccc(I)cc2F)C3=C1N=CN(C[C@@H](O)CO)C3=O)Cl,8.23
178,CHEMBL29714,COc1cc2c(Nc3ccc(Sc4ccccc4)cc3)c(cnc2cc1OCCCN5CCOCC5)C#N,8.24
179,CHEMBL3261144,OC[C@@H](O)CNC(=O)c1ncncc1Nc2ccc(I)cc2F,8.27
180,CHEMBL2216826,CCNc1cc(O)c2C(=O)O[C@@H](C)[C@@H](C)\C=C/C(=O)[C@@H](O)[C@H](O)C\C=C\c2c1,8.28
181,CHEMBL2146898,C[C@H](N)C1(O)CN(C1)C(=O)c2ccc(F)c(F)c2Nc3ccc(I)cc3F,8.28
182,CHEMBL2146895,CN(C)CC1(O)CN(C1)C(=O)c2ccc(F)c(F)c2Nc3ccc(I)cc3F,8.29
183,CHEMBL3699141,CCNC(=O)C#Cc1ccc2\C(=C(\Nc3ccc(CN4CCCC4)cc3)/c5ccccc5)\C(=O)Nc2c1,8.3
184,CHEMBL1684071,CN1C(=O)C(=C(Nc2ccc(I)cc2F)C3=C1N=CN(C[C@H](O)CO)C3=O)C,8.3
185,CHEMBL3092178,CNS(=O)(=O)Nc1cccc(CC2=C(C)c3cc(I)c(OC(=O)N(C)C)cc3OC2=O)c1,8.3
186,CHEMBL520025,COc1cc2c(Nc3ccc(Sc4nccn4C)c(Cl)c3)c(cnc2cc1\C=C\CCO)C#N,8.3
187,CHEMBL322857,COc1cc2c(Nc3ccc(Sc4nccn4C)cc3)c(cnc2cc1OCCCN5CCOCC5)C#N,8.3
188,CHEMBL1684062,CN1C(=O)C=C(Nc2ccc(I)cc2F)C3=C1N=CN(CCCO)C3=O,8.31
189,CHEMBL2146894,CC(C)(C)NCC1(O)CN(C1)C(=O)c2ccc(F)c(F)c2Nc3ccc(I)cc3F,8.32
190,CHEMBL1684069,CN1C(=O)C(=C(Nc2ccc(cc2F)C#C)C3=C1N=CN(C[C@@H](O)CO)C3=O)F,8.32
191,CHEMBL1684063,CN1C(=O)C=C(Nc2ccc(I)cc2F)C3=C1N=CN(C[C@@H](O)CO)C3=O,8.34
192,CHEMBL1684073,CN1C(=O)C(=C(Nc2ccc(I)cc2F)C3=C1N=CN(CCO)C3=O)C,8.4
193,CHEMBL323515,COc1cc2c(Nc3ccc(Sc4nccn4C)c(Cl)c3)c(cnc2cc1OCCCN5CCCC5)C#N,8.4
194,CHEMBL524111,COc1cc2c(Nc3ccc(Sc4nccn4C)c(Cl)c3)c(cnc2cc1\C=C\CCN5CCN(C)CC5)C#N,8.4
195,CHEMBL1684067,CN1C(=O)C(=C(Nc2ccc(I)cc2F)C3=C1N=CN(C[C@@H](O)CO)C3=O)C,8.42
196,CHEMBL31806,COc1cc2ncc(C#N)c(Nc3ccc(Cc4ccccc4)cc3)c2cc1OC,8.44
197,CHEMBL603469,C[C@]12O[C@H](C[C@]1(O)CO)n3c4ccccc4c5c6C(=O)NCc6c7c8ccccc8n2c7c35,8.46
198,CHEMBL2107832,OC[C@@H](O)CNC(=O)c1ccncc1Nc2ccc(I)cc2F,8.47
199,CHEMBL1684074,CN1C(=O)C(=C(Nc2ccc(I)cc2F)C3=C1N=CN(C(CO)CO)C3=O)F,8.48
200,CHEMBL1684070,CN1C(=O)C(=C(Nc2ccc(I)cc2F)C3=C1N=CN(C[C@H](O)CO)C3=O)F,8.5
201,CHEMBL1684075,CN1C(=O)C(=C(Nc2ccc(I)cc2F)C3=C1N=CN(OC[C@H](O)CO)C3=O)F,8.51
202,CHEMBL485615,CCN(CC)CC\C=C\c1cc2ncc(C#N)c(Nc3ccc(Sc4nccn4C)c(Cl)c3)c2cc1OC,8.52
203,CHEMBL103045,CCN1CCN(CCCOc2cc3ncc(C#N)c(Nc4ccc(Sc5nccn5C)c(Cl)c4)c3cc2OC)CC1,8.52
204,CHEMBL3699139,FC(F)CNC(=O)C#Cc1ccc2\C(=C(\Nc3ccc(CN4CCCC4)cc3)/c5ccccc5)\C(=O)Nc2c1,8.52
205,CHEMBL2087082,CCONC(=O)c1ccc2[nH]ncc2c1Nc3ccc(I)cc3F,8.62
206,CHEMBL1668411,COc1cc(O)c2C(=O)O[C@@H](C)C\C=C/C(=O)[C@@H](O)[C@H](O)C\C=C\c2c1,8.7
207,CHEMBL102374,COc1cc2c(Nc3ccc(Sc4nc(C)c(C)n4C)c(Cl)c3)c(cnc2cc1OCCCN5CCOCC5)C#N,8.7
208,CHEMBL105220,COc1cc2c(Nc3ccc(Sc4nccn4C)c(Br)c3)c(cnc2cc1OCCCN5CCOCC5)C#N,8.7
209,CHEMBL318804,COc1cc2c(Nc3ccc(Sc4nccn4C)c(Cl)c3)c(cnc2cc1OCCCN5CCOCC5)C#N,8.7
210,CHEMBL105642,COc1cc2c(Nc3ccc(Sc4nccn4C)c(Cl)c3)c(cnc2cc1OCCCN5CC[S+]([O-])CC5)C#N,8.7
211,CHEMBL105442,Fc1ccc(C(=O)NOCC2CC2)c(Nc3ccc(I)cc3Cl)c1F,8.7
212,CHEMBL3261161,OC[C@@H](O)CN1N=Cc2cncc(Nc3ccc(I)cc3F)c2C1=O,8.71
213,CHEMBL2146893,CC(C)NCC1(O)CN(C1)C(=O)c2ccc(F)c(F)c2Nc3ccc(I)cc3F,8.75
214,CHEMBL2087081,Fc1cc(I)ccc1Nc2c(ccc3[nH]ncc23)C(=O)NOCC4CC4,8.82
215,CHEMBL106489,COc1cc2c(Nc3ccc(Sc4ncc(C)n4C)c(Cl)c3)c(cnc2cc1OCCCN5CCOCC5)C#N,9.0
216,CHEMBL435734,COc1ccc(C[C@H]2COC(=O)[C@@H]2Cc3ccc(O)c(OC)c3)cc1OC,9.0
217,CHEMBL450775,OCC(O)CONC(=O)c1ccc(F)c(F)c1Nc2ccc(I)cc2F,9.22
218,CHEMBL3819622,FC(F)c1nc2ccccc2n1c3nc(nc(n3)N4CCN(CC4)C(=O)CCCCCNC(=O)CNCCONC(=O)c5ccc(F)c(F)c5Nc6ccc(I)cc6F)N7CCOCC7,9.3
219,CHEMBL3818677,FC(F)c1nc2ccccc2n1c3nc(nc(n3)N4CCN(CC4)C(=O)CCCCCNCCONC(=O)c5ccc(F)c(F)c5Nc6ccc(I)cc6F)N7CCOCC7,10.72
220,CHEMBL3819302,FC(F)c1nc2ccccc2n1c3nc(nc(n3)N4CCN(CCOCCOCCOCCONC(=O)c5ccc(F)c(F)c5Nc6ccc(I)cc6F)CC4)N7CCOCC7,10.82
