,molecule_chembl_id,canonical_smiles,pchembl_value
0,CHEMBL3696570,Cc1oc(nn1)C(C)(O)C#Cc2ccc3OCCn4cc(nc4c3c2)C(=O)N,7.55
1,CHEMBL3700203,Cc1onc(c1)[C@](C)(O)C#Cc2ccc3OC[C@@](C)(O)c4cc(nn4c3c2)C(=O)N,7.55
2,CHEMBL3700209,Cc1onc(c1)[C@](C)(O)C#Cc2ccc3OC[C@](C)(O)c4cc(nn4c3c2)C(=O)N,7.55
3,CHEMBL3696621,CC(C)(O)C#Cc1cc2c(cc1F)C3CC(C3)n4c2nc(C(=O)N)c4C5(O)CCC5,7.56
4,CHEMBL3696529,CC(C)(O)C#Cc1cc2c(cc1F)C3CC(C3)n4c(CN5CCCC5)c(nc24)C(=O)N,7.57
5,CHEMBL3700281,CC(C)NC(=O)c1c(nc2c3cc(ccc3C4CC(C4)n12)C#C[C@]5(O)CCN(C)C5=O)C(=O)N,7.57
6,CHEMBL3692513,CC(O)(C#Cc1cc2c(cc1F)C3CC(C3)n4cc(nc24)C(=O)N)c5nc[nH]n5,7.57
7,CHEMBL3696532,CC(=O)N1CCN(Cc2c(nc3c4cc(C#CC(C)(C)O)c(F)cc4C5CC(C5)n23)C(=O)N)CC1,7.59
8,CHEMBL3692556,CC(C)(O)C#Cc1ccc2C3CC(C3)n4c(nc(C(=O)N)c4C(F)(F)F)c2c1,7.59
9,CHEMBL3700251,CNC(=O)[C@@H]1Cn2cc(nc2c3cc(ccc3O1)C#C[C@@](C)(O)c4cc(C)on4)C(=O)N,7.59
10,CHEMBL3700250,CNC(=O)[C@H]1Cn2cc(nc2c3cc(ccc3O1)C#C[C@@](C)(O)c4cc(C)on4)C(=O)N,7.59
11,CHEMBL3700237,Cc1onc(c1)[C@](C)(O)C#Cc2ccc3OCCn4c(nc(C(=O)N)c4C(=O)NC5CCC(F)(F)CC5)c3c2,7.59
12,CHEMBL3696686,Cc1onc(n1)[C@](C)(O)C#Cc2cc3c(OCCn4c(CN5CCCC5)c(nc34)C(=O)N)cc2F,7.59
13,CHEMBL3692414,CC(C)(O)C#Cc1cc2c(OCCn3c2nc(C(=O)N)c3C(=O)NC4(C)COC4)cc1F,7.6
14,CHEMBL3696557,CC(O)(C#Cc1cc2c(OCCn3cc(nc23)C(=O)N)cc1F)c4ncccc4F,7.6
15,CHEMBL3692373,CC(O)(C#Cc1cc2c(OCCn3cc(nc23)C(=O)N)cc1F)c4ncccn4,7.6
16,CHEMBL3696536,CN(C)[C@@H]1COc2cc(F)c(cc2c3nc(sc13)C(=O)N)C#CC(C)(C)O,7.6
17,CHEMBL3696538,CN(C)[C@H]1COc2cc(F)c(cc2c3nc(sc13)C(=O)N)C#CC(C)(C)O,7.6
18,CHEMBL3692389,Cc1c(nc2c3cc(C#CC(C)(C)O)c(F)cc3OCCn12)C(=O)N,7.6
19,CHEMBL3700265,Cc1onc(n1)[C@](C)(O)C#Cc2ccc3OC[C@@](C)(O)c4sc(nc4c3c2)C(=O)N,7.6
20,CHEMBL3692409,CC(O)(C#Cc1cc2c(OCCn3cc(nc23)C(=O)N)cc1F)c4ccccn4,7.62
21,CHEMBL3700305,C[C@@H]1COc2ccc(cc2n3nc(cc13)C(=O)N)C#C[C@@](C)(O)c4ncccn4,7.62
22,CHEMBL3700306,C[C@H]1COc2ccc(cc2n3nc(cc13)C(=O)N)C#C[C@@](C)(O)c4ncccn4,7.62
23,CHEMBL3700242,Cc1onc(c1)[C@](C)(O)C#Cc2ccc3OCCn4c(C(=O)NC(C)(C)CN5CCOCC5)c(nc4c3c2)C(=O)N,7.62
24,CHEMBL3696724,Cc1onc(c1)[C@](C)(O)C#Cc2ccc3O[C@@H](CO)Cn4cc(nc4c3c2)C(=O)N,7.62
25,CHEMBL3696736,Cc1onc(n1)[C@](C)(O)C#Cc2ccc3OC[C@@](C)(F)c4sc(nc4c3c2)C(=O)N,7.62
26,CHEMBL3696735,Cc1onc(n1)[C@](C)(O)C#Cc2ccc3OC[C@](C)(F)c4sc(nc4c3c2)C(=O)N,7.62
27,CHEMBL3696564,Cn1nccc1Cc2c(nc3c4cc(ccc4C5CC(C5)n23)C#CC(C)(C)O)C(=O)N,7.62
28,CHEMBL3692404,CC(C)(O)C#Cc1ccc2OCC(CC(=O)N)c3sc(nc3c2c1)C(=O)N,7.64
29,CHEMBL3692464,CC(C)(O)C#Cc1ccc2OCCn3c(nc(C(=O)N)c3c4cc[nH]n4)c2c1,7.64
30,CHEMBL3692519,Cc1nn(C)cc1C(O)c2c(nc3c4cc(C#CC(C)(C)O)c(F)cc4OCCn23)C(=O)N,7.64
31,CHEMBL3696609,CC(C)(O)C#Cc1cc2c(cc1F)C3CC(C3)n4c2nc(C(=O)N)c4C(O)c5ccn[nH]5,7.66
32,CHEMBL3692529,CC(C)(O)C#Cc1ccc2C3CC(C3)n4cc(nc4c2c1)C(=O)N,7.66
33,CHEMBL3692458,CC(C)(O)C#Cc1ccc2OCCn3c(nc(C(=O)N)c3c4cn[nH]c4)c2c1,7.66
34,CHEMBL3639990,C[C@@](O)(CF)C#Cc1ccc2OCC(F)(F)c3cc(nn3c2c1)C(=O)N,7.66
35,CHEMBL3700198,C[C@](O)(CF)C#Cc1ccc2OCC(F)(F)c3cc(nn3c2c1)C(=O)N,7.66
36,CHEMBL3692469,NC(=O)c1cn2CCOc3cc(F)c(cc3c2n1)C#CC(O)(CF)CF,7.66
37,CHEMBL3692504,CC(C)(O)C#Cc1cc2c(cc1F)C3CC(C3)n4c(CN5CCOCC5)c(nc24)C(=O)N,7.68
38,CHEMBL3692467,CC(O)(CF)C#Cc1ccc2OCCn3c(CN4CCOCC4)c(nc3c2c1)C(=O)N,7.7
39,CHEMBL3700292,CN1CC[C@](O)(C#Cc2ccc3C4CC(C4)c5c(nc(C(=O)N)n5Cc6nn(C)c7ccccc67)c3c2)C1=O,7.7
40,CHEMBL2334589,COCCOc1cnc(N)nc1c2c[nH]c3ccc(cc23)C#CC(C)(C)O,7.7
41,CHEMBL3696667,Cc1nc2ccccc2n1Cc3c(nc4c5cc(ccc5OCCn34)C#CC(C)(C)O)C(=O)N,7.7
42,CHEMBL3696733,Cc1onc(n1)[C@](C)(O)C#Cc2ccc3OC[C@@H](F)c4sc(nc4c3c2)C(=O)N,7.7
43,CHEMBL3696734,Cc1onc(n1)[C@](C)(O)C#Cc2ccc3OC[C@H](F)c4sc(nc4c3c2)C(=O)N,7.7
44,CHEMBL3692498,CC(C)(O)C#Cc1cc2c(OCCn3c(C(O)c4cccc(c4)C(F)(F)F)c(nc23)C(=O)N)cc1F,7.72
45,CHEMBL3692541,CC(C)(O)C#Cc1cc2c(cc1F)C3CC(C3)n4c2nc(C(=O)N)c4c5onc(n5)C6CC6,7.72
46,CHEMBL3696571,CN(C)C1COc2cc(F)c(cc2c3nc(sc13)C(=O)N)C#CC(C)(O)c4ccccn4,7.72
47,CHEMBL3696640,COc1ncc(F)cc1[C@@H](O)c2c(nc3c4cc(C#CC(C)(C)O)c(F)cc4C5CC(C5)n23)C(=O)N,7.72
48,CHEMBL3700223,C[C@@](O)(C#Cc1ccc2OC[C@@](C)(F)c3sc(nc3c2c1)C(=O)N)c4ncccn4,7.72
49,CHEMBL3700211,C[C@@](O)(C#Cc1ccc2OC[C@](C)(F)c3sc(nc3c2c1)C(=O)N)c4ncccn4,7.72
50,CHEMBL3692403,CC(C)(O)C#Cc1cc2c(OCCn3c(CO)c(nc23)C(=O)N)cc1F,7.75
51,CHEMBL3692410,CC(O)(C#Cc1cc2c(OCCn3cc(nc23)C(=O)N)cc1F)c4nc[nH]n4,7.75
52,CHEMBL3692560,CC(O)(C#Cc1ccc2C3CC(C3)n4cc(nc4c2c1)C(=O)N)c5nc[nH]n5,7.75
53,CHEMBL3696656,CC(C)(C)C(=O)NCc1c(nc2c3cc(C#CC(C)(C)O)c(F)cc3C4CC(C4)n12)C(=O)N,7.77
54,CHEMBL3696696,CC(C)(O)C#Cc1ccc2OCCn3c(Cn4cnc5ccccc45)c(nc3c2c1)C(=O)N,7.77
55,CHEMBL3696606,CN1CCC(O)(C#Cc2ccc3C4CC(C4)n5c(C#CC6(O)CCN(C)C6=O)c(nc5c3c2)C(=O)N)C1=O,7.77
56,CHEMBL3696728,COC[C@](C)(O)C#Cc1ccc2OCC(F)(F)c3sc(nc3c2c1)C(=O)N,7.77
57,CHEMBL3692495,CC(O)(C#Cc1cc2c(OCCn3cc(nc23)C(=O)N)cc1F)c4cc(F)ccn4,7.8
58,CHEMBL3696611,CC(O)(C#Cc1cc2c(OCCn3cc(nc23)C(=O)N)cc1F)c4cc(on4)C=C,7.8
59,CHEMBL3700280,CN1CC[C@@](O)(C#Cc2ccc3C4CC(C4)n5c(nc(C(=O)N)c5C(=O)NC6CC6)c3c2)C1=O,7.8
60,CHEMBL3700208,CN1CC[C@@](O)(C#Cc2ccc3OC[C@@](C)(F)c4cc(nn4c3c2)C(=O)N)C1=O,7.8
61,CHEMBL3700202,CN1CC[C@@](O)(C#Cc2ccc3OC[C@](C)(F)c4cc(nn4c3c2)C(=O)N)C1=O,7.8
62,CHEMBL3700239,Cc1onc(c1)[C@](C)(O)C#Cc2ccc3OCCn4c(nc(C(=O)N)c4C(=O)N[C@@H]5CCOC5)c3c2,7.8
63,CHEMBL3700238,Cc1onc(c1)[C@](C)(O)C#Cc2ccc3OCCn4c(nc(C(=O)N)c4C(=O)N[C@H]5CCOC5)c3c2,7.8
64,CHEMBL3700282,CNC(=O)c1c(nc2c3cc(ccc3C4CC(C4)n12)C#C[C@]5(O)CCN(C)C5=O)C(=O)N,7.82
65,CHEMBL3696633,COC[C@@](C)(O)C#Cc1cc2c(cc1F)C3CC(C3)n4c([C@@H](O)c5ccnn5C)c(nc24)C(=O)N,7.82
66,CHEMBL3696615,COC[C@@](C)(O)C#Cc1cc2c(cc1F)C3CC(C3)n4c([C@H](O)c5ccnn5C)c(nc24)C(=O)N,7.82
67,CHEMBL3700172,COC[C@@](C)(O)C#Cc1ccc2OC[C@@H](F)c3sc(nc3c2c1)C(=O)N,7.82
68,CHEMBL3700166,COC[C@@](C)(O)C#Cc1ccc2OC[C@H](F)c3sc(nc3c2c1)C(=O)N,7.82
69,CHEMBL3696632,COC[C@](C)(O)C#Cc1cc2c(cc1F)C3CC(C3)n4c([C@@H](O)c5ccnn5C)c(nc24)C(=O)N,7.82
70,CHEMBL3696616,COC[C@](C)(O)C#Cc1cc2c(cc1F)C3CC(C3)n4c([C@H](O)c5ccnn5C)c(nc24)C(=O)N,7.82
71,CHEMBL3700171,COC[C@](C)(O)C#Cc1ccc2OC[C@@H](F)c3sc(nc3c2c1)C(=O)N,7.82
72,CHEMBL3700173,COC[C@](C)(O)C#Cc1ccc2OC[C@H](F)c3sc(nc3c2c1)C(=O)N,7.82
73,CHEMBL3692424,CC(C)(O)C#Cc1cc2c(OCCn3c(C(=O)NCCN4CCOCC4)c(nc23)C(=O)N)cc1F,7.85
74,CHEMBL3700287,CC(C)[C@@]1(O)COc2cc(F)c(cc2c3nc(sc13)C(=O)N)C#C[C@]4(O)CCN(C)C4=O,7.85
75,CHEMBL3700286,CC(C)[C@]1(O)COc2cc(F)c(cc2c3nc(sc13)C(=O)N)C#C[C@]4(O)CCN(C)C4=O,7.85
76,CHEMBL3692500,CC(O)(CO)C#Cc1cc2c(cc1F)C3CC(C3)n4cc(nc24)C(=O)N,7.85
77,CHEMBL3700228,CN1CC[C@@](O)(C#Cc2ccc3OC[C@@](C)(O)c4c(c(nn4c3c2)C(=O)N)C(F)(F)F)C1=O,7.85
78,CHEMBL3700222,CN1CC[C@@](O)(C#Cc2ccc3OC[C@](C)(O)c4c(c(nn4c3c2)C(=O)N)C(F)(F)F)C1=O,7.85
79,CHEMBL3692544,COCC(C)(O)C#Cc1cc2c(cc1F)C3CC(C3)n4c(C5CC5)c(nc24)C(=O)N,7.85
80,CHEMBL3692518,COC[C@@](C)(O)C#Cc1cc2c(cc1F)C3CC(C3)n4cc(nc24)C(=O)N,7.85
81,CHEMBL3692514,COC[C@](C)(O)C#Cc1cc2c(cc1F)C3CC(C3)n4cc(nc24)C(=O)N,7.85
82,CHEMBL3700187,C[C@@H]1COc2ccc(cc2n3nc(cc13)C(=O)N)C#C[C@@](C)(O)c4noc(C)n4,7.85
83,CHEMBL3700182,C[C@H]1COc2ccc(cc2n3nc(cc13)C(=O)N)C#C[C@@](C)(O)c4noc(C)n4,7.85
84,CHEMBL3696583,Cn1cncc1C(O)c2c(nc3c4cc(C#CC5(O)CCCC5)c(F)cc4C6CC(C6)n23)C(=O)N,7.85
85,CHEMBL3696641,COc1ncc(F)cc1[C@H](O)c2c(nc3c4cc(C#CC(C)(C)O)c(F)cc4C5CC(C5)n23)C(=O)N,7.87
86,CHEMBL3696674,CC(C)(O)C#Cc1ccc2OCCn3c(COc4ccccc4Cl)c(nc3c2c1)C(=O)N,7.89
87,CHEMBL3700256,Cc1onc(c1)[C@](C)(O)C#Cc2ccc3OC[C@@H](O)c4sc(nc4c3c2)C(=O)N,7.89
88,CHEMBL3700257,Cc1onc(c1)[C@](C)(O)C#Cc2ccc3OC[C@H](O)c4sc(nc4c3c2)C(=O)N,7.89
89,CHEMBL3696610,NC(=O)c1nc2c3cc(C#CC4(O)CCCC4)c(F)cc3C5CC(C5)n2c1C(O)c6ccn[nH]6,7.89
90,CHEMBL3692380,CC(C)(O)C#Cc1cc2c(OCCn3c(Cc4ccccc4F)c(nc23)C(=O)N)cc1F,7.92
91,CHEMBL3696607,CN1CC[C@@](O)(C#Cc2ccc3C4CC(C4)n5c(C6CN(C6)C(=O)C7CC7)c(nc5c3c2)C(=O)N)C1=O,7.92
92,CHEMBL3696730,COC[C@@](C)(O)C#Cc1ccc2OCC(F)(F)c3sc(nc3c2c1)C(=O)N,7.92
93,CHEMBL3700224,C[C@@H]1COc2ccc(cc2c3nc(sc13)C(=O)N)C#C[C@@](C)(O)c4ncccn4,7.92
94,CHEMBL3696619,Cc1c(nc2c3cc(C#C[C@@](C)(O)c4ncccn4)c(F)cc3C5CC(C5)n12)C(=O)N,7.92
95,CHEMBL3692520,Cc1ncsc1C(O)c2c(nc3c4cc(C#CC(C)(C)O)c(F)cc4OCCn23)C(=O)N,7.92
96,CHEMBL3696710,Cc1onc(c1)[C@](C)(O)C#Cc2ccc3C4CC(C4)n5c(CN6CCCC6)c(nc5c3c2)C(=O)N,7.92
97,CHEMBL3700170,Cc1onc(c1)[C@](C)(O)C#Cc2ccc3OC[C@@H](O)c4cc(nn4c3c2)C(=O)N,7.92
98,CHEMBL3700177,Cc1onc(c1)[C@](C)(O)C#Cc2ccc3OC[C@H](O)c4cc(nn4c3c2)C(=O)N,7.92
99,CHEMBL3700212,C[C@H]1COc2ccc(cc2c3nc(sc13)C(=O)N)C#C[C@@](C)(O)c4ncccn4,7.94
100,CHEMBL3692379,CC(C)(O)C#Cc1cc2c(OCCn3c(Cc4ccccc4)c(nc23)C(=O)N)cc1F,7.96
101,CHEMBL3692481,Cc1onc(c1)[C@@](C)(O)C#Cc2cc3c(cc2F)C4CC(C4)n5cc(nc35)C(=O)N,7.96
102,CHEMBL3696581,Cn1cncc1C(O)c2c(nc3c4cc(C#CC(C)(C)O)c(F)cc4C5CC(C5)n23)C(=O)N,7.96
103,CHEMBL3696698,NC(=O)c1cn2CC(CO)Oc3ccc(cc3c2n1)C#CC4(O)CCCC4,7.96
104,CHEMBL3696697,NC(=O)c1cn2C[C@@H](CO)Oc3ccc(cc3c2n1)C#CC4(O)CCCC4,7.96
105,CHEMBL3692399,CC(C)(O)Cn1cc(cn1)c2c(nc3c4cc(C#CC(C)(C)O)c(F)cc4OCCn23)C(=O)N,8.0
106,CHEMBL3696690,CC(O)(C#Cc1ccc2OCCn3cc(nc3c2c1)C(=O)N)c4ocnn4,8.0
107,CHEMBL3692491,CNC(=O)c1c(nc2c3cc(C#CC(C)(O)CO)c(F)cc3C4CC(C4)n12)C(=O)N,8.0
108,CHEMBL3700189,Cc1oc(nn1)[C@](C)(O)C#Cc2ccc3OC[C@@](C)(F)c4sc(nc4c3c2)C(=O)N,8.0
109,CHEMBL3700195,Cc1oc(nn1)[C@](C)(O)C#Cc2ccc3OC[C@](C)(F)c4sc(nc4c3c2)C(=O)N,8.0
110,CHEMBL3692428,Cc1onc(n1)C(C)(O)C#Cc2cc3c(OCCn4cc(nc34)C(=O)N)cc2F,8.0
111,CHEMBL3700258,Cc1onc(n1)[C@](C)(O)C#Cc2ccc3OC[C@@H](O)c4sc(nc4c3c2)C(=O)N,8.0
112,CHEMBL3700259,Cc1onc(n1)[C@](C)(O)C#Cc2ccc3OC[C@H](O)c4sc(nc4c3c2)C(=O)N,8.0
113,CHEMBL3692460,Cn1cc(cn1)c2c(nc3c4cc(ccc4OCCn23)C#CC(C)(C)O)C(=O)N,8.0
114,CHEMBL3692374,NC(=O)c1cn2CCOc3cc(F)c(cc3c2n1)C#CC4(O)CCC4,8.0
115,CHEMBL3700186,CC1COc2ccc(cc2n3nc(cc13)C(=O)N)C#CC(C)(O)c4oc(C)nn4,8.01
116,CHEMBL3692527,COCC(C)(O)C#Cc1ccc2C3CC(C3)n4cc(nc4c2c1)C(=O)N,8.01
117,CHEMBL3692547,CC(C)(O)C#Cc1cc2c(cc1F)C3CC(C3)n4c2nc(C(=O)N)c4C(F)(F)F,8.02
118,CHEMBL3696622,CC(C)(O)c1c(nc2c3ccc(F)cc3C4CC(C4)n12)C(=O)N,8.05
119,CHEMBL3696694,CN1CC[C@@](O)(C#Cc2ccc3C4CC(C4)n5c(CN6CCCC6)c(nc5c3c2)C(=O)N)C1=O,8.05
120,CHEMBL3692563,COCC(C)(O)C#Cc1cc2c(OCCn3c2nc(C(=O)N)c3c4nc(n[nH]4)C5CC5)cc1F,8.05
121,CHEMBL3696642,COc1ncc(F)cc1[C@@H](O)c2c(nc3c4cc(C#CC5(O)CCCC5)c(F)cc4C6CC(C6)n23)C(=O)N,8.05
122,CHEMBL3696643,COc1ncc(F)cc1[C@H](O)c2c(nc3c4cc(C#CC5(O)CCCC5)c(F)cc4C6CC(C6)n23)C(=O)N,8.05
123,CHEMBL3696590,Cc1onc(n1)[C@](C)(O)C#Cc2cc3c(OCCn4c3nc(C(=O)N)c4c5cc(C)n[nH]5)cc2F,8.06
124,CHEMBL3700191,C[C@@H]1COc2ccc(cc2c3nc(sc13)C(=O)N)C#C[C@@](C)(O)c4noc(C)n4,8.07
125,CHEMBL3700196,C[C@H]1COc2ccc(cc2c3nc(sc13)C(=O)N)C#C[C@@](C)(O)c4noc(C)n4,8.07
126,CHEMBL3696700,Cc1onc(n1)[C@@](O)(CF)C#Cc2cc3c(OCCn4cc(nc34)C(=O)N)cc2F,8.07
127,CHEMBL3696651,CC(C)(O)C#Cc1cc2c(cc1F)C3CC(C3)n4c(CNC(=O)C5CCC5)c(nc24)C(=O)N,8.08
128,CHEMBL3692552,CC(O)(C#Cc1ccc2C3CC(C3)n4cc(nc4c2c1)C(=O)N)c5ncccn5,8.08
129,CHEMBL3700192,C[C@@H]1COc2ccc(cc2n3nc(cc13)C(=O)N)C#C[C@](C)(O)c4cc(C)on4,8.09
130,CHEMBL3700197,C[C@H]1COc2ccc(cc2n3nc(cc13)C(=O)N)C#C[C@](C)(O)c4cc(C)on4,8.09
131,CHEMBL3700252,Cc1onc(c1)[C@](C)(O)C#Cc2ccc3O[C@@H](CF)Cn4cc(nc4c3c2)C(=O)N,8.09
132,CHEMBL3700253,Cc1onc(c1)[C@](C)(O)C#Cc2ccc3O[C@H](CF)Cn4cc(nc4c3c2)C(=O)N,8.09
133,CHEMBL3692435,CC(C)(O)C#Cc1cc2c(OCCn3c2nc(C(=O)N)c3C(=O)NCC4CCOC4)cc1F,8.1
134,CHEMBL3692429,CC(O)(CF)C#Cc1cc2c(OCCn3cc(nc23)C(=O)N)cc1F,8.1
135,CHEMBL3692489,CNC(=O)c1c(nc2c3cc(C#C[C@@](C)(O)c4cc(C)on4)c(F)cc3C5CC(C5)n12)C(=O)N,8.1
136,CHEMBL3700326,Cc1onc(c1)[C@](C)(O)C#Cc2ccc3OCC4(CCC4)c5cc(nn5c3c2)C(=O)N,8.1
137,CHEMBL3696645,CC(C)(C)OC(=O)N1CC(C1)[C@@H](O)c2c(nc3c4cc(C#CC(C)(C)O)c(F)cc4C5CC(C5)n23)C(=O)N,8.11
138,CHEMBL3696646,CC(C)(C)OC(=O)N1CC(C1)[C@H](O)c2c(nc3c4cc(C#CC(C)(C)O)c(F)cc4C5CC(C5)n23)C(=O)N,8.11
139,CHEMBL3692543,CC(C)(C)OC(=O)N1CC(C1)c2c(nc3c4cc(C#CC(C)(C)O)c(F)cc4C5CC(C5)n23)C(=O)N,8.11
140,CHEMBL3696585,Cn1c(nc2c3cc(C#CC(C)(C)O)c(F)cc3C4CC(C4)c12)C(=O)N,8.11
141,CHEMBL3696573,Cn1nccc1Cc2c(nc3c4cc(C#CC(C)(C)O)c(F)cc4OCCn23)C(=O)N,8.11
142,CHEMBL3700164,CN1CC[C@@](O)(C#Cc2ccc3OC[C@@H](C#N)c4sc(nc4c3c2)C(=O)N)C1=O,8.12
143,CHEMBL3700165,CN1CC[C@@](O)(C#Cc2ccc3OC[C@H](C#N)c4sc(nc4c3c2)C(=O)N)C1=O,8.12
144,CHEMBL3696701,CC(O)(C#Cc1ccc2OCCn3cc(nc3c2c1)C(=O)N)c4nncs4,8.13
145,CHEMBL3692512,CC(C)(O)C#Cc1cc2c(OCCn3c2nc(C(=O)N)c3C(O)c4cc(F)cc(F)c4)cc1F,8.14
146,CHEMBL3696582,C[C@@](O)(C#Cc1ccc2OCCn3c(nc(C(=O)N)c3c4nc(n[nH]4)C5CC5)c2c1)c6ncccn6,8.14
147,CHEMBL3692555,Cc1onc(n1)[C@](C)(O)C#Cc2cc3c(cc2F)C4CC(C4)n5c3nc(C(=O)N)c5C(F)(F)F,8.14
148,CHEMBL3696527,Cn1nccc1C(O)c2c(nc3c4cc(C#CC(C)(C)O)c(F)cc4C5CC(C5)n23)C(=O)N,8.14
149,CHEMBL3692524,CC(O)(C#Cc1ccc2C3CC(C3)n4cc(nc4c2c1)C(=O)N)c5ccccn5,8.15
150,CHEMBL3696635,CC(C)(O)C#Cc1cc2c(cc1F)C3CC(C3)n4c2nc(C(=O)N)c4C5(O)COC5,8.16
151,CHEMBL3692447,CC(O)(C#Cc1cc2c(OCCc3sc(nc23)C(=O)N)cc1F)c4ccccn4,8.16
152,CHEMBL3692553,CC(O)(C#Cc1cc2c(cc1F)C3CC(C3)n4cc(nc24)C(=O)N)c5ncccn5,8.16
153,CHEMBL3696716,CN1CC[C@@](O)(C#Cc2cc3c(OCCc4cc(sc34)C(=O)N)cc2F)C1=O,8.16
154,CHEMBL3696625,CN1CC[C@@](O)(C#Cc2cc3c(cc2F)C4CC(C4)n5c3nc(C(=O)N)c5C(C)(C)O)C1=O,8.16
155,CHEMBL3692451,CNC(=O)c1c(nc2c3cc(C#C[C@@](C)(O)c4noc(C)n4)c(F)cc3OCCn12)C(=O)N,8.16
156,CHEMBL3692465,CNC(=O)c1c(nc2c3cc(ccc3OCCn12)C#CC(C)(O)COC)C(=O)N,8.16
157,CHEMBL3700270,C[C@@](O)(C#Cc1ccc2OCC(F)(F)c3sc(nc3c2c1)C(=O)N)c4ncccn4,8.16
158,CHEMBL3639913,Cc1onc(c1)[C@](C)(O)C#Cc2cc3c(OCCn4c3nc(C(=O)N)c4C(F)(F)F)cc2F,8.16
159,CHEMBL3696711,Cn1c(nc2c3cc(ccc3C4CC(C4)c12)C#CC(C)(C)O)C(=O)N,8.16
160,CHEMBL3692511,CC(O)(C#Cc1cc2c(cc1F)C3CC(C3)n4cc(nc24)C(=O)N)c5ccccn5,8.17
161,CHEMBL3700264,Cc1onc(n1)[C@](C)(O)C#Cc2ccc3OCC(F)(F)c4sc(nc4c3c2)C(=O)N,8.17
162,CHEMBL3696614,NC(=O)c1nc2c3cc(C#CC4(O)CCNC4=O)c(F)cc3C5CC(C5)n2c1C6CC6,8.17
163,CHEMBL3700296,Cc1onc(c1)[C@](C)(O)C#Cc2ccc3OCCc4cc(nn4c3c2)C(=O)N,8.18
164,CHEMBL3696562,Cn1nccc1C(O)c2c(nc3c4cc(ccc4C5CC(C5)n23)C#CC(C)(C)O)C(=O)N,8.18
165,CHEMBL3692546,CC(O)(CO)C#Cc1cc2c(cc1F)C3CC(C3)n4c2nc(C(=O)N)c4c5nc(n[nH]5)C6CC6,8.19
166,CHEMBL3700175,CN1CC[C@@](O)(C#Cc2ccc3OC[C@H](O)c4cc(nn4c3c2)C(=O)N)C1=O,8.2
167,CHEMBL3700241,Cc1onc(c1)[C@](C)(O)C#Cc2ccc3OCCn4c(nc(C(=O)N)c4C(=O)NC[C@@H]5CCOC5)c3c2,8.2
168,CHEMBL3700240,Cc1onc(c1)[C@](C)(O)C#Cc2ccc3OCCn4c(nc(C(=O)N)c4C(=O)NC[C@H]5CCOC5)c3c2,8.2
169,CHEMBL3700168,CN1CC[C@@](O)(C#Cc2ccc3OC[C@@H](O)c4cc(nn4c3c2)C(=O)N)C1=O,8.21
170,CHEMBL3696647,Cn1nccc1C(O)c2c(nc3c4cc(ccc4C5CC(C5)n23)C#C[C@@](C)(O)c6ncccn6)C(=O)N,8.21
171,CHEMBL3696602,CC(=O)N1CC(C1)c2c(nc3c4cc(ccc4C5CC(C5)n23)C#CC6(O)CCCC6)C(=O)N,8.22
172,CHEMBL3692438,CC(C)(O)C#Cc1cc2c(OCCn3c2nc(C(=O)N)c3C(=O)NC4CCOCC4)cc1F,8.22
173,CHEMBL3692413,CC(C)(O)C#Cc1cc2c(OCCn3c2nc(C(=O)N)c3C(=O)NC4COC4)cc1F,8.22
174,CHEMBL3696603,CN1CCC(O)(C#Cc2cc3c(cc2F)C4CC(C4)n5c(Cc6ccnn6C)c(nc35)C(=O)N)C1=O,8.22
175,CHEMBL3696688,CN1CC[C@@](O)(C#Cc2cc3c(OCCn4c(CN5CCCC5)c(nc34)C(=O)N)cc2F)C1=O,8.22
176,CHEMBL3696718,CN1CC[C@@](O)(C#Cc2cc3c(OC[C@@](C)(O)c4sc(nc34)C(=O)N)cc2F)C1=O,8.22
177,CHEMBL3696720,CN1CC[C@@](O)(C#Cc2cc3c(OC[C@](C)(O)c4sc(nc34)C(=O)N)cc2F)C1=O,8.22
178,CHEMBL3696620,CN1CC[C@@](O)(C#Cc2cc3c(cc2F)C4CC(C4)n5c([C@@H](O)c6ccnn6C)c(nc35)C(=O)N)C1=O,8.22
179,CHEMBL3696617,CN1CC[C@@](O)(C#Cc2cc3c(cc2F)C4CC(C4)n5c([C@H](O)c6ccnn6C)c(nc35)C(=O)N)C1=O,8.22
180,CHEMBL3696627,CN1CC[C@](O)(C#Cc2cc3c(cc2F)C4CC(C4)n5c([C@@H](O)c6ccnn6C)c(nc35)C(=O)N)C1=O,8.22
181,CHEMBL3696626,CN1CC[C@](O)(C#Cc2cc3c(cc2F)C4CC(C4)n5c([C@H](O)c6ccnn6C)c(nc35)C(=O)N)C1=O,8.22
182,CHEMBL3692509,CN1CCCC(O)(C#Cc2ccc3OCCn4cc(nc4c3c2)C(=O)N)C1=O,8.23
183,CHEMBL3696541,CNC(=O)c1c(nc2c3cc(ccc3OCCn12)C#CC4(O)CCCCC4)C(=O)N,8.24
184,CHEMBL3696613,COC[C@@](C)(O)C#Cc1cc2c(cc1F)C3CC(C3)n4c(Cc5ccnn5C)c(nc24)C(=O)N,8.24
185,CHEMBL3696612,COC[C@](C)(O)C#Cc1cc2c(cc1F)C3CC(C3)n4c(Cc5ccnn5C)c(nc24)C(=O)N,8.24
186,CHEMBL3696624,Cc1onc(c1)[C@](C)(O)C#Cc2cc3c(cc2F)C4CC(C4)n5c3nc(C(=O)N)c5C(C)(C)O,8.24
187,CHEMBL3696631,CN1CC[C@@](O)(C#Cc2cc3c(cc2F)C4CC(C4)n5c(C6CC6)c(nc35)C(=O)N)C1=O,8.25
188,CHEMBL3696725,Cc1onc(c1)[C@](C)(O)C#Cc2ccc3O[C@H](CO)Cn4cc(nc4c3c2)C(=O)N,8.25
189,CHEMBL3692400,CC(C)(O)C#Cc1cc2c(OCCn3c2nc(C(=O)N)c3c4cn[nH]c4)cc1F,8.27
190,CHEMBL3696636,CC(C)(O)C#Cc1cc2c(cc1F)C3CC(C3)n4c2nc(C(=O)N)c4C5(O)CN(C5)C(=O)C6CC6,8.28
191,CHEMBL3692503,NC(=O)c1cn2CCOc3ccc(cc3c2n1)C#CC4(O)CCc5cccnc45,8.29
192,CHEMBL3692444,CC(C)(O)C#Cc1cc2c(OCCc3sc(nc23)C(=O)N)cc1F,8.3
193,CHEMBL3692434,CC(C)(O)C#Cc1cc2c(OCCn3c2nc(C(=O)N)c3C(=O)NCC4CCOCC4)cc1F,8.3
194,CHEMBL3692471,CC(O)(CF)C#Cc1cc2c(OCCc3sc(nc23)C(=O)N)cc1F,8.3
195,CHEMBL3692493,CN1CCCC(O)(C#Cc2cc3c(OCCn4cc(nc34)C(=O)N)cc2F)C1=O,8.3
196,CHEMBL3692425,CN1CCN(CCNC(=O)c2c(nc3c4cc(C#CC(C)(C)O)c(F)cc4OCCn23)C(=O)N)CC1,8.3
197,CHEMBL3700199,COC[C@@H]1COc2ccc(cc2c3nc(sc13)C(=O)N)C#C[C@]4(O)CCN(C)C4=O,8.3
198,CHEMBL3700206,COC[C@H]1COc2ccc(cc2c3nc(sc13)C(=O)N)C#C[C@]4(O)CCN(C)C4=O,8.3
199,CHEMBL3696618,CC(C)(O)C#Cc1cc2c(cc1F)C3CC(C3)n4c(CNC=O)c(nc24)C(=O)N,8.31
200,CHEMBL3692551,Cc1onc(c1)[C@](C)(O)C#Cc2ccc3OCCn4c(nc(C(=O)N)c4C(F)(F)F)c3c2,8.31
201,CHEMBL3696580,C[C@@](O)(C#Cc1cc2c(OCCn3c2nc(C(=O)N)c3c4nc(n[nH]4)C5CC5)cc1F)c6ncccn6,8.33
202,CHEMBL3696657,CC(C)(O)C#Cc1cc2c(cc1F)C3CC(C3)n4c(CNC(=O)C5(O)CC5)c(nc24)C(=O)N,8.34
203,CHEMBL3696591,CC(C)(O)Cn1cc(cn1)c2c(nc3c4cc(ccc4C5CC(C5)n23)C#CC6(O)CCCC6)C(=O)N,8.34
204,CHEMBL3696726,Cc1onc(n1)[C@](C)(O)C#Cc2ccc3C4CC(C4)c5sc(nc5c3c2)C(=O)N,8.34
205,CHEMBL3696687,Cc1onc(c1)[C@](C)(O)C#Cc2cc3c(OCCn4c(CN5CCCC5)c(nc34)C(=O)N)cc2F,8.35
206,CHEMBL3696604,Cn1nccc1C(O)c2c(nc3c4cc(C#CC5(O)CCCC5)c(F)cc4C6CC(C6)n23)C(=O)N,8.35
207,CHEMBL3692526,CNC(=O)c1c(nc2c3cc(ccc3OCCn12)C#CC(C)(O)c4ccccn4)C(=O)N,8.37
208,CHEMBL3700315,CC(C)NCc1c(nc2c3cc(ccc3OCCn12)C#CC(C)(C)O)C(=O)N,8.38
209,CHEMBL3692445,CC(C)(O)C#Cc1cc2c(OCCn3c2nc(C(=O)N)c3C(=O)NCC4COC4)cc1F,8.4
210,CHEMBL3692485,CC(O)(C#Cc1cc2c(OCCn3cc(nc23)C(=O)N)cc1F)c4cccnn4,8.4
211,CHEMBL3696569,CN1CCC(O)(C#Cc2ccc3OCCn4cc(nc4c3c2)C(=O)N)C1=O,8.4
212,CHEMBL3700271,CN1CCC[C@@](O)(C#Cc2ccc3OCCn4c(nc(C(=O)N)c4C(=O)NC5CCOCC5)c3c2)C1=O,8.4
213,CHEMBL3700318,CN1CC[C@@](O)(C#Cc2ccc3OCCn4c(COc5ccccc5Cl)c(nc4c3c2)C(=O)N)C1=O,8.4
214,CHEMBL3700275,CN1CC[C@@](O)(C#Cc2ccc3OC[C@@](C)(O)c4sc(nc4c3c2)C(=O)N)C1=O,8.4
215,CHEMBL3700274,CN1CC[C@@](O)(C#Cc2ccc3OC[C@](C)(O)c4sc(nc4c3c2)C(=O)N)C1=O,8.4
216,CHEMBL3692462,CNC(=O)c1c(nc2c3cc(C#CC(C)(O)COC)c(F)cc3OCCn12)C(=O)N,8.4
217,CHEMBL3700179,C[C@@H]1COc2ccc(cc2c3nc(sc13)C(=O)N)C#C[C@]4(O)CCCN(C)C4=O,8.4
218,CHEMBL3700184,C[C@H]1COc2ccc(cc2c3nc(sc13)C(=O)N)C#C[C@]4(O)CCCN(C)C4=O,8.4
219,CHEMBL3692361,NC(=O)c1nc2c(CCOc3ccc(cc23)C#CC4(O)CCCC4)s1,8.4
220,CHEMBL3692545,CC(C)(O)C#Cc1cc2c(cc1F)C3CC(C3)n4c2nc(C(=O)N)c4C5CC5,8.43
221,CHEMBL3696660,NC(=O)c1cn2C3CC(C3)c4ccc(cc4c2n1)C#CC5(O)CCC5,8.43
222,CHEMBL3696682,CC(C)(O)C#Cc1cc2c(cc1F)C3CC(C3)c4c2nc(C(=O)N)n4Cc5ccccc5Cl,8.44
223,CHEMBL3700169,Cc1onc(c1)[C@](C)(O)C#Cc2ccc3OC[C@@H](F)c4cc(nn4c3c2)C(=O)N,8.46
224,CHEMBL3700324,CN1CC[C@@](O)(C#Cc2ccc3OCC4(COC4)c5cc(nn5c3c2)C(=O)N)C1=O,8.48
225,CHEMBL3696654,Cc1onc(c1)[C@](C)(O)C#Cc2cc3c(cc2F)C4CC(C4)n5c(CNC(=O)C6CC6)c(nc35)C(=O)N,8.48
226,CHEMBL3700236,Cc1onc(c1)[C@](C)(O)C#Cc2ccc3OCCn4c(nc(C(=O)N)c4C(=O)NCC5CCOCC5)c3c2,8.48
227,CHEMBL3692533,Cc1onc(n1)[C@](C)(O)C#Cc2cc3c(OCCn4c3nc(C(=O)N)c4C5CC5)cc2F,8.48
228,CHEMBL3692542,NC(=O)c1cn2CCOc3cc(F)c(cc3c2n1)C#CC4(O)CCNC4=O,8.5
229,CHEMBL3696658,CC(C)(O)C#Cc1cc2c(cc1F)C3CC(C3)n4c(CNC(=O)C5CC5(F)F)c(nc24)C(=O)N,8.51
230,CHEMBL3692502,CC(O)(CF)C#Cc1cc2c(cc1F)C3CC(C3)n4cc(nc24)C(=O)N,8.51
231,CHEMBL3696559,CN(C)[C@@H]1COc2cc(F)c(cc2c3nc(sc13)C(=O)N)C#C[C@@](C)(O)c4noc(C)n4,8.51
232,CHEMBL3696561,CN(C)[C@H]1COc2cc(F)c(cc2c3nc(sc13)C(=O)N)C#C[C@@](C)(O)c4noc(C)n4,8.51
233,CHEMBL3700210,CN1CC[C@@](O)(C#Cc2ccc3OC[C@@H](F)c4c(c(nn4c3c2)C(=O)N)C(F)(F)F)C1=O,8.51
234,CHEMBL3696729,CN1CC[C@@](O)(C#Cc2ccc3OC[C@@](O)(c4sc(nc4c3c2)C(=O)N)C(F)(F)F)C1=O,8.51
235,CHEMBL3700204,CN1CC[C@@](O)(C#Cc2ccc3OC[C@H](F)c4c(c(nn4c3c2)C(=O)N)C(F)(F)F)C1=O,8.51
236,CHEMBL3696727,CN1CC[C@@](O)(C#Cc2ccc3OC[C@](O)(c4sc(nc4c3c2)C(=O)N)C(F)(F)F)C1=O,8.51
237,CHEMBL3692390,CC(C)(O)C#Cc1cc2c(OCCn3c2nc(C(=O)N)c3c4cc[nH]n4)cc1F,8.52
238,CHEMBL3692477,CC(C)(O)C#Cc1cc2c(cc1F)C3CC(C3)n4cc(nc24)C(=O)O,8.52
239,CHEMBL3696680,CC(C)(O)C#Cc1ccc2C3CC(C3)n4c(nc(C(=O)N)c4c5nnc(s5)C6CC6)c2c1,8.52
240,CHEMBL3696677,CC(O)(C#Cc1cc2c(OCCn3cc(nc23)C(=O)N)cc1F)c4cc(CC#N)on4,8.52
241,CHEMBL3692443,CC(O)(CO)C#Cc1cc2c(OCCc3sc(nc23)C(=O)N)cc1F,8.52
242,CHEMBL3692396,CNC(=O)c1c(nc2c3cc(C#CC(C)(C)O)c(F)cc3OCCn12)C(=O)N,8.52
243,CHEMBL3692466,CNC(=O)c1c(nc2c3cc(ccc3OCCn12)C#CC(C)(O)CF)C(=O)N,8.52
244,CHEMBL3692476,CNC(=O)c1c(nc2c3cc(ccc3OCCn12)C#CC(C)(O)CO)C(=O)N,8.52
245,CHEMBL3700262,CO[C@@H]1COc2ccc(cc2c3nc(sc13)C(=O)N)C#C[C@]4(O)CCN(C)C4=O,8.52
246,CHEMBL3700263,CO[C@H]1COc2ccc(cc2c3nc(sc13)C(=O)N)C#C[C@]4(O)CCN(C)C4=O,8.52
247,CHEMBL3696723,Cc1oc(nn1)[C@](C)(O)C#Cc2ccc3OCC(F)(F)c4sc(nc4c3c2)C(=O)N,8.52
248,CHEMBL3696692,Cc1onc(c1)C(C)(O)C#Cc2ccc3OC(CO)Cn4cc(nc4c3c2)C(=O)N,8.52
249,CHEMBL3692480,Cc1onc(n1)[C@](C)(O)C#Cc2cc3c(cc2F)C4CC(C4)n5cc(nc35)C(=O)N,8.52
250,CHEMBL3692499,Cc1onc(n1)[C@](C)(O)C#Cc2ccc3C4CC(C4)n5cc(nc5c3c2)C(=O)N,8.52
251,CHEMBL3692392,NC(=O)c1cn2C3CC(C3)c4ccc(cc4c2n1)C#CC5(O)CCCC5,8.52
252,CHEMBL3692470,NC(=O)c1nc2c(CCOc3cc(F)c(cc23)C#CC(O)(CF)CF)s1,8.52
253,CHEMBL3692508,CN1CCCC(O)(C#Cc2ccc3OCCc4sc(nc4c3c2)C(=O)N)C1=O,8.54
254,CHEMBL3696629,CN1CC[C@@](O)(C#Cc2cc3c(cc2F)C4CC(C4)n5c(C)c(nc35)C(=O)N)C1=O,8.54
255,CHEMBL3700194,CN1CC[C@@](O)(C#Cc2ccc3OC[C@@](O)(CC#N)c4sc(nc4c3c2)C(=O)N)C1=O,8.54
256,CHEMBL3700188,CN1CC[C@@](O)(C#Cc2ccc3OC[C@](O)(CC#N)c4sc(nc4c3c2)C(=O)N)C1=O,8.54
257,CHEMBL3696648,Cc1onc(n1)[C@](C)(O)C#Cc2ccc3C4CC(C4)n5c(C(O)c6ccnn6C)c(nc5c3c2)C(=O)N,8.54
258,CHEMBL3692558,CC(O)(CO)C#Cc1cc2c(OCCn3c2nc(C(=O)N)c3c4nc(n[nH]4)C5CC5)cc1F,8.59
259,CHEMBL3700230,CN1CC[C@@](O)(C#Cc2ccc3OCC4(OCCO4)c5sc(nc5c3c2)C(=O)N)C1=O,8.59
260,CHEMBL3696574,C[C@@](O)(C#Cc1cc2c(cc1F)C3CC(C3)c4[nH]c(nc24)C(=O)N)c5ncccn5,8.59
261,CHEMBL3700234,Cc1onc(c1)[C@](C)(O)C#Cc2ccc3OCCn4c(nc(C(=O)N)c4C(=O)NCC5COC5)c3c2,8.59
262,CHEMBL3696662,CC(C)N(Cc1c(nc2c3cc(C#CC(C)(C)O)c(F)cc3C4CC(C4)n12)C(=O)N)C(=O)C,8.6
263,CHEMBL3696600,CN1CC[C@@](O)(C#Cc2cc3c(cc2F)C4CC(C4)n5cc(nc35)C(=O)N)C1=O,8.6
264,CHEMBL3692539,CC(C)(O)C#Cc1ccc2OCCn3c(nc(C(=O)N)c3c4nc(n[nH]4)C5CC5)c2c1,8.62
265,CHEMBL3700167,CN1CC[C@@](O)(C#Cc2ccc3OC[C@@H](F)c4cc(nn4c3c2)C(=O)N)C1=O,8.62
266,CHEMBL3700200,C[C@@H]1COc2ccc(cc2c3nc(sc13)C(=O)N)C#C[C@@](C)(O)c4cc(C)on4,8.62
267,CHEMBL3700207,C[C@H]1COc2ccc(cc2c3nc(sc13)C(=O)N)C#C[C@@](C)(O)c4cc(C)on4,8.62
268,CHEMBL3696589,Cc1cc(on1)[C@](C)(O)C#Cc2cc3c(cc2F)C4CC(C4)n5cc(nc35)C(=O)N,8.62
269,CHEMBL3696713,Cn1c(nc2c3cc(ccc3C4CC(C4)c12)C#C[C@@](C)(O)c5ncccn5)C(=O)N,8.62
270,CHEMBL3696551,Cn1nccc1Cc2c(nc3c4cc(C#CC(C)(C)O)c(F)cc4C5CC(C5)n23)C(=O)N,8.62
271,CHEMBL3700226,CNC(=O)c1c(nn2c1[C@@H](C)COc3ccc(cc23)C#C[C@@](C)(O)c4cc(C)on4)C(=O)N,8.64
272,CHEMBL3700231,CNC(=O)c1c(nn2c1[C@@H](C)COc3ccc(cc23)C#C[C@]4(O)CCN(C)C4=O)C(=O)N,8.64
273,CHEMBL3700220,CNC(=O)c1c(nn2c1[C@H](C)COc3ccc(cc23)C#C[C@@](C)(O)c4cc(C)on4)C(=O)N,8.64
274,CHEMBL3700233,CNC(=O)c1c(nn2c1[C@H](C)COc3ccc(cc23)C#C[C@]4(O)CCN(C)C4=O)C(=O)N,8.64
275,CHEMBL3700291,CN1CC[C@@](O)(C#Cc2ccc3C4CC(C4)c5c(nc(C(=O)N)n5Cc6nn(C)c7ccccc67)c3c2)C1=O,8.66
276,CHEMBL3696565,CNC(=O)c1c(nc2c3cc(C#CC(C)(C)O)c(F)cc3C4CC(C4)n12)C(=O)N,8.66
277,CHEMBL3696661,CNC(=O)c1c(nc2c3cc(ccc3OCCn12)C#CC4(O)CCC4)C(=O)N,8.66
278,CHEMBL3700214,CNC(=O)c1c(nn2c1[C@@H](F)COc3ccc(cc23)C#C[C@@](C)(O)c4cc(C)on4)C(=O)N,8.66
279,CHEMBL3700217,CNC(=O)c1c(nn2c1[C@H](F)COc3ccc(cc23)C#C[C@@](C)(O)c4cc(C)on4)C(=O)N,8.66
280,CHEMBL3696539,Cc1onc(c1)[C@](C)(O)C#Cc2ccc3OCCn4c(nc(C(=O)N)c4C5CC5)c3c2,8.66
281,CHEMBL3696544,CC(C)(O)C#Cc1cc2c(cc1F)C3CC(C3)n4c(CNC(=O)C5CC5)c(nc24)C(=O)N,8.68
282,CHEMBL3696554,CC(C)(O)C#Cc1cc2c(cc1F)C3CC(C3)n4c(Cc5ccccc5Cl)c(nc24)C(=O)N,8.68
283,CHEMBL3692532,CC(O)(C#Cc1cc2c(OCCc3sc(nc23)C(=O)N)cc1F)c4ncn[nH]4,8.68
284,CHEMBL3700183,CN1CC[C@@](O)(C#Cc2ccc3OCCc4c(c(nn4c3c2)C(=O)N)C(F)(F)F)C1=O,8.68
285,CHEMBL3700178,CN1CC[C@@](O)(C#Cc2ccc3OC[C@](F)(CO)c4sc(nc4c3c2)C(=O)N)C1=O,8.68
286,CHEMBL3696588,CNC(=O)c1c(nc2c3cc(ccc3C4CC(C4)n12)C#C[C@@](C)(O)c5ccccn5)C(=O)N,8.68
287,CHEMBL3692561,CNC(=O)c1c(nc2c3cc(ccc3C4CC(C4)n12)C#C[C@@](C)(O)c5noc(C)n5)C(=O)N,8.68
288,CHEMBL3692478,CC(C)(O)C#Cc1cc2c(OCCn3c2nc(C(=O)N)c3c4nc(n[nH]4)C5CC5)cc1F,8.7
289,CHEMBL3692387,CC(O)(C#Cc1cc2c(OCCn3cc(nc23)C(=O)N)cc1F)c4cc(CO)on4,8.7
290,CHEMBL3692496,CC(O)(C#Cc1cc2c(OCCn3cc(nc23)C(=O)N)cc1F)c4nccs4,8.7
291,CHEMBL3692492,CN1CCCC(O)(C#Cc2cc3c(OCCc4sc(nc34)C(=O)N)cc2F)C1=O,8.7
292,CHEMBL3696719,CN1CC[C@@](O)(C#Cc2cc3c(OC[C@@H](F)c4sc(nc34)C(=O)N)cc2F)C1=O,8.7
293,CHEMBL3696717,CN1CC[C@@](O)(C#Cc2cc3c(OC[C@H](F)c4sc(nc34)C(=O)N)cc2F)C1=O,8.7
294,CHEMBL3692463,CNC(=O)c1c(nc2c3cc(C#CC(C)(O)CF)c(F)cc3OCCn12)C(=O)N,8.7
295,CHEMBL3692475,CNC(=O)c1c(nc2c3cc(C#CC(C)(O)CO)c(F)cc3OCCn12)C(=O)N,8.7
296,CHEMBL3692452,CNC(=O)c1c(nc2c3cc(ccc3OCCn12)C#C[C@@](C)(O)c4noc(C)n4)C(=O)N,8.7
297,CHEMBL3692457,Cc1onc(c1)[C@](C)(O)C#Cc2ccc3OCCn4c(CN5CCOCC5)c(nc4c3c2)C(=O)N,8.7
298,CHEMBL3696681,Cn1nccc1Cn2c(nc3c4cc(C#CC(C)(C)O)c(F)cc4C5CC(C5)c23)C(=O)N,8.7
299,CHEMBL3700319,CC(C)(O)C#Cc1ccc2OCCn3c(CN4CCC(C4)C#N)c(nc3c2c1)C(=O)N,8.72
300,CHEMBL3696704,CN1CC[C@@](O)(C#Cc2cc3c(OCCn4c(C5CC5)c(nc34)C(=O)N)cc2F)C1=O,8.72
301,CHEMBL3700174,CN1CC[C@@](O)(C#Cc2ccc3OC[C@H](F)c4cc(nn4c3c2)C(=O)N)C1=O,8.72
302,CHEMBL3696540,C[C@@](O)(C#Cc1cc2c(cc1F)C3CC(C3)n4cc(nc24)C(=O)N)c5ccccn5,8.72
303,CHEMBL3700180,C[C@@H]1COc2ccc(cc2n3nc(cc13)C(=O)N)C#C[C@]4(O)CCN(C)C4=O,8.75
304,CHEMBL3700255,Cc1onc(c1)[C@](C)(O)C#Cc2ccc3C4CC(C4)c5sc(nc5c3c2)C(=O)N,8.75
305,CHEMBL3696712,Cc1onc(n1)[C@](C)(O)C#Cc2ccc3C4CC(C4)c5c(nc(C(=O)N)n5C)c3c2,8.75
306,CHEMBL3700190,CN1CCC[C@@](O)(C#Cc2ccc3OCC(F)(F)c4sc(nc4c3c2)C(=O)N)C1=O,8.77
307,CHEMBL3692554,Cc1onc(c1)C(C)(O)C#Cc2cc3c(cc2F)C4CC(C4)n5c3nc(C(=O)N)c5C(F)(F)F,8.77
308,CHEMBL3700249,Cc1onc(c1)[C@](C)(O)C#Cc2ccc3O[C@@H](Cn4cc(nc4c3c2)C(=O)N)C(C)(C)O,8.77
309,CHEMBL3700248,Cc1onc(c1)[C@](C)(O)C#Cc2ccc3O[C@H](Cn4cc(nc4c3c2)C(=O)N)C(C)(C)O,8.77
310,CHEMBL3700221,C[C@@H]1COc2ccc(cc2n3nc(C(=O)N)c(c13)C(F)(F)F)C#C[C@]4(O)CCN(C)C4=O,8.8
311,CHEMBL3700227,C[C@H]1COc2ccc(cc2n3nc(C(=O)N)c(c13)C(F)(F)F)C#C[C@]4(O)CCN(C)C4=O,8.8
312,CHEMBL3692525,CC(O)(CF)C#Cc1ccc2C3CC(C3)n4cc(nc4c2c1)C(=O)N,8.82
313,CHEMBL3700279,CN1CC[C@@](O)(C#Cc2cc3c(OC[C@@](C)(F)c4sc(nc34)C(=O)N)cc2F)C1=O,8.82
314,CHEMBL3700278,CN1CC[C@@](O)(C#Cc2cc3c(OC[C@](C)(F)c4sc(nc34)C(=O)N)cc2F)C1=O,8.82
315,CHEMBL3700205,CN1CC[C@@](O)(C#Cc2ccc3OC[C@@](F)(CO)c4sc(nc4c3c2)C(=O)N)C1=O,8.82
316,CHEMBL3692534,Cn1nccc1C(O)c2c(nc3c4cc(C#CC(C)(C)O)c(F)cc4OCCn23)C(=O)N,8.82
317,CHEMBL3639955,NC(=O)c1nc2c3cc(C#C[C@]4(O)CCNC4=O)c(F)cc3C5CC(C5)n2c1C6CC6,8.82
318,CHEMBL3700215,CNC(=O)c1c2CCOc3ccc(cc3n2nc1C(=O)N)C#C[C@@](C)(O)c4cc(C)on4,8.85
319,CHEMBL3696552,CC(C)(O)C#Cc1cc2c(cc1F)C3CC(C3)n4c2nc(C(=O)N)c4c5nc(n[nH]5)C6CC6,8.89
320,CHEMBL3696593,CC(O)(C#Cc1cc2c(OCCn3cc(nc23)C(=O)N)cc1F)c4cc(on4)C#C,8.89
321,CHEMBL3696608,CN1CC[C@@](O)(C#Cc2ccc3C4CC(C4)n5c(Cc6ccccc6Cl)c(nc5c3c2)C(=O)N)C1=O,8.89
322,CHEMBL3639388,CN1CC[C@@](O)(C#Cc2ccc3OC[C@@](O)(CF)c4sc(nc4c3c2)C(=O)N)C1=O,8.89
323,CHEMBL3696732,CN1CC[C@@](O)(C#Cc2ccc3OC[C@](O)(CF)c4sc(nc4c3c2)C(=O)N)C1=O,8.89
324,CHEMBL3700229,CN1CC[C@@](O)(C#Cc2ccc3OC[C@]4(CC4(F)F)c5sc(nc5c3c2)C(=O)N)C1=O,8.89
325,CHEMBL3696577,Cc1onc(c1)[C@](C)(O)C#Cc2cc3c(cc2F)C4CC(C4)n5c(C)c(nc35)C(=O)N,8.89
326,CHEMBL3692550,Cc1onc(n1)[C@](C)(O)C#Cc2ccc3C4CC(C4)n5c(nc(C(=O)N)c5C(F)(F)F)c3c2,8.89
327,CHEMBL3696669,Cn1nccc1Cc2c(nc3c4cc(ccc4C5CC(C5)n23)C#C[C@@](C)(O)c6ncccn6)C(=O)N,8.89
328,CHEMBL3696528,Cc1onc(c1)[C@](C)(O)C#Cc2cc3c(OCCn4c3nc(C(=O)N)c4c5cnn(CC(C)(C)O)c5)cc2F,8.9
329,CHEMBL3696707,CC(C)NC(=O)c1c(nc2c3cc(ccc3OCCn12)C#C[C@]4(O)CCN(C)C4=O)C(=O)N,8.92
330,CHEMBL3700219,CN1CC[C@@](O)(C#Cc2cc3c(OCC(C)(O)c4sc(nc34)C(=O)N)cc2F)C1=O,8.92
331,CHEMBL3696599,CN1CC[C@@](O)(C#Cc2ccc3C4CC(C4)n5cc(nc5c3c2)C(=O)N)C1=O,8.92
332,CHEMBL3692530,CNC(=O)c1c(nc2c3cc(C#CC(C)(O)c4ccccn4)c(F)cc3OCCn12)C(=O)N,8.92
333,CHEMBL3700193,CNC(=O)c1c2CCOc3ccc(cc3n2nc1C(=O)N)C#C[C@]4(O)CCN(C)C4=O,8.92
334,CHEMBL3700185,C[C@H]1COc2ccc(cc2n3nc(cc13)C(=O)N)C#C[C@]4(O)CCN(C)C4=O,8.92
335,CHEMBL3700313,C[C@](O)(C#Cc1ccc2OCCn3cc(nc3c2c1)C(=O)N)c4ncns4,8.92
336,CHEMBL3696526,Cc1onc(c1)[C@](C)(O)C#Cc2ccc3C4CC(C4)n5c(CC6(C)COC6)c(nc5c3c2)C(=O)N,8.92
337,CHEMBL3696563,Cc1onc(n1)[C@](C)(O)C#Cc2ccc3C4CC(C4)n5c(Cc6ccnn6C)c(nc5c3c2)C(=O)N,8.92
338,CHEMBL3696558,CN(C)[C@@H]1COc2cc(F)c(cc2c3nc(sc13)C(=O)N)C#C[C@@](C)(O)c4cc(C)on4,8.96
339,CHEMBL3696560,CN(C)[C@H]1COc2cc(F)c(cc2c3nc(sc13)C(=O)N)C#C[C@@](C)(O)c4cc(C)on4,8.96
340,CHEMBL3696709,CN1CC[C@@](O)(C#Cc2ccc3C4CC(C4)n5c(COc6ccccc6Cl)c(nc5c3c2)C(=O)N)C1=O,8.96
341,CHEMBL3696650,Cc1onc(c1)[C@](C)(O)C#Cc2ccc3C4CC(C4)n5c([C@@H](O)c6ccnn6C)c(nc5c3c2)C(=O)N,8.96
342,CHEMBL3696649,Cc1onc(c1)[C@](C)(O)C#Cc2ccc3C4CC(C4)n5c([C@H](O)c6ccnn6C)c(nc5c3c2)C(=O)N,8.96
343,CHEMBL3696523,Cc1onc(c1)[C@](C)(O)C#Cc2ccc3C4CC(C4)n5c(nc(C(=O)N)c5C(=O)NC6CCOCC6)c3c2,8.96
344,CHEMBL3700295,Cc1onc(c1)[C@](C)(O)C#Cc2ccc3OCC(F)(F)c4cc(nn4c3c2)C(=O)N,8.96
345,CHEMBL3696702,Cc1onc(c1)[C@](C)(O)C#Cc2ccc3OCCn4c(Cn5c(C)nc6ccccc56)c(nc4c3c2)C(=O)N,8.96
346,CHEMBL3696556,CNC(=O)c1c(nc2c3cc(ccc3C4CC(C4)n12)C#CC5(O)CCCC5)C(=O)N,8.97
347,CHEMBL3696592,CC(O)(C#Cc1cc2c(OCCn3cc(nc23)C(=O)N)cc1F)c4c[nH]cn4,9.0
348,CHEMBL3696535,CN1CCC(O)(C#Cc2cc3c(OCCn4cc(nc34)C(=O)N)cc2F)C1=O,9.0
349,CHEMBL3700284,CN1CC[C@@](O)(C#Cc2cc3c(OC[C@@H](O)c4sc(nc34)C(=O)N)cc2F)C1=O,9.0
350,CHEMBL3700283,CN1CC[C@@](O)(C#Cc2cc3c(OC[C@H](O)c4sc(nc34)C(=O)N)cc2F)C1=O,9.0
351,CHEMBL3700289,CN1CC[C@@](O)(C#Cc2ccc3C4CC(C4)c5c(nc(C(=O)N)n5C)c3c2)C1=O,9.0
352,CHEMBL3700330,CN1CC[C@@](O)(C#Cc2ccc3OCCc4c(CO)c(nn4c3c2)C(=O)N)C1=O,9.0
353,CHEMBL3700260,CN1CC[C@@](O)(C#Cc2ccc3OC[C@@H](CO)c4sc(nc4c3c2)C(=O)N)C1=O,9.0
354,CHEMBL3700261,CN1CC[C@@](O)(C#Cc2ccc3OC[C@H](CO)c4sc(nc4c3c2)C(=O)N)C1=O,9.0
355,CHEMBL3700290,CN1CC[C@](O)(C#Cc2ccc3C4CC(C4)c5c(nc(C(=O)N)n5C)c3c2)C1=O,9.0
356,CHEMBL3692453,CNC(=O)c1c(nc2c3cc(C#C[C@@](C)(O)c4cc(C)on4)c(F)cc3OCCn12)C(=O)N,9.0
357,CHEMBL3692419,Cc1onc(c1)[C@@](C)(O)C#Cc2cc3c(OCCn4c3nc(C(=O)N)c4C5CC5)cc2F,9.0
358,CHEMBL3692461,Cc1onc(c1)[C@](C)(O)C#Cc2cc3c(OCCn4c3nc(C(=O)N)c4C(=O)NCC#N)cc2F,9.0
359,CHEMBL3700235,Cc1onc(c1)[C@](C)(O)C#Cc2ccc3OCCn4c(nc(C(=O)N)c4C(=O)NCc5cccnc5)c3c2,9.0
360,CHEMBL3692365,Cc1onc(c1)[C@](C)(O)C#Cc2ccc3OCCn4cc(nc4c3c2)C(=O)N,9.0
361,CHEMBL3692474,Cc1onc(n1)[C@](C)(O)C#Cc2cc3c(OCCc4sc(nc34)C(=O)N)cc2F,9.0
362,CHEMBL3700216,CNC(=O)c1c(nn2c1[C@@H](F)COc3ccc(cc23)C#C[C@]4(O)CCN(C)C4=O)C(=O)N,9.01
363,CHEMBL3700213,CNC(=O)c1c(nn2c1[C@H](F)COc3ccc(cc23)C#C[C@]4(O)CCN(C)C4=O)C(=O)N,9.01
364,CHEMBL3700273,NC(=O)c1nc2c3cc(ccc3OCC(F)(F)c2s1)C#C[C@]4(O)CCNC4=O,9.01
365,CHEMBL3700232,NC(=O)c1cc2n(n1)c3cc(ccc3OCC2(F)F)C#C[C@]4(O)CCNC4=O,9.02
366,CHEMBL3700300,CC1COc2ccc(cc2c3nc(sc13)C(=O)N)C#C[C@@](C)(O)c4ccccn4,9.03
367,CHEMBL3700254,CN1CC[C@@](O)(C#Cc2ccc3C4CC(C4)c5sc(nc5c3c2)C(=O)N)C1=O,9.03
368,CHEMBL3700297,CN1CC[C@@](O)(C#Cc2ccc3OCCc4cc(nn4c3c2)C(=O)N)C1=O,9.03
369,CHEMBL3700304,CN1CC[C@@](O)(C#Cc2ccc3OC[C@@](F)(CF)c4sc(nc4c3c2)C(=O)N)C1=O,9.03
370,CHEMBL3700303,CN1CC[C@@](O)(C#Cc2ccc3OC[C@](F)(CF)c4sc(nc4c3c2)C(=O)N)C1=O,9.03
371,CHEMBL3639991,CN1CC[C@](O)(C#Cc2ccc3OCCc4cc(nn4c3c2)C(=O)N)C1=O,9.03
372,CHEMBL3700225,C[C@@H]1COc2ccc(cc2c3nc(sc13)C(=O)N)C#C[C@]4(O)CCNC4=O,9.05
373,CHEMBL3700218,C[C@H]1COc2ccc(cc2c3nc(sc13)C(=O)N)C#C[C@]4(O)CCNC4=O,9.05
374,CHEMBL3692537,NC(=O)c1cn2CCOc3cc(F)c(cc3c2n1)C#CC4(O)CCc5cccnc45,9.05
375,CHEMBL3696689,CN1CC[C@@](O)(C#Cc2ccc3C4CC(C4)n5c(Cn6c(C)nc7ccccc67)c(nc5c3c2)C(=O)N)C1=O,9.06
376,CHEMBL3696731,CN1CC[C@@](O)(C#Cc2ccc3OCC4(CC4)c5cc(nn5c3c2)C(=O)N)C1=O,9.08
377,CHEMBL3696548,CNC(=O)c1c(nc2c3cc(C#C[C@@](C)(O)c4ccccn4)c(F)cc3OCCn12)C(=O)N,9.08
378,CHEMBL3700302,CN1CC[C@@](O)(C#Cc2ccc3OCCc4c(Cl)c(nn4c3c2)C(=O)N)C1=O,9.09
379,CHEMBL3700201,CN1CC[C@@](O)(C#Cc2cc3c(OCC(F)c4sc(nc34)C(=O)N)cc2F)C1=O,9.1
380,CHEMBL3692557,CC(C)(O)C#Cc1cc2c(cc1F)C3CC(C3)n4c2nc(C(=O)N)c4c5nc(n[nH]5)c6cccnc6,9.11
381,CHEMBL3700288,CN1CC[C@@](O)(C#Cc2ccc3C4CC(C4)n5c(C(F)F)c(nc5c3c2)C(=O)N)C1=O,9.11
382,CHEMBL3696708,CN1CC[C@@](O)(C#Cc2ccc3OCCn4c(nc(C(=O)N)c4C(=O)NC5CCOCC5)c3c2)C1=O,9.14
383,CHEMBL3696706,CN1CC[C@@](O)(C#Cc2ccc3OCCn4c(nc(C(=O)N)c4C(F)(F)F)c3c2)C1=O,9.14
384,CHEMBL3696703,CN1CC[C@@](O)(C#Cc2ccc3OCCn4c(Cn5c(C)nc6ccccc56)c(nc4c3c2)C(=O)N)C1=O,9.15
385,CHEMBL3696543,Cc1onc(c1)[C@](C)(O)C#Cc2cc3c(cc2F)C4CC(C4)n5c3nc(C(=O)N)c5c6cnn(CC(C)(C)O)c6,9.15
386,CHEMBL3696653,CNC(=O)c1c(nc2c3cc(C#CC4(O)CCC4)c(F)cc3OCCn12)C(=O)N,9.16
387,CHEMBL3696721,C[C@@H]1COc2ccc(cc2c3nc(sc13)C(=O)N)C#C[C@]4(O)CCN(C)C4=O,9.16
388,CHEMBL3696722,C[C@H]1COc2ccc(cc2c3nc(sc13)C(=O)N)C#C[C@]4(O)CCN(C)C4=O,9.16
389,CHEMBL3696575,Cc1onc(n1)[C@](C)(O)C#Cc2cc3c(cc2F)C4CC(C4)n5c(C)c(nc35)C(=O)N,9.16
390,CHEMBL3696524,CC(C)(O)C#Cc1cc2c(cc1F)C3CC(C3)c4[nH]c(nc24)C(=O)N,9.17
391,CHEMBL3700277,CN1CC[C@@](O)(C#Cc2ccc3OC[C@@H](O)c4sc(nc4c3c2)C(=O)N)C1=O,9.22
392,CHEMBL3700276,CN1CC[C@@](O)(C#Cc2ccc3OC[C@H](O)c4sc(nc4c3c2)C(=O)N)C1=O,9.22
393,CHEMBL3692559,CNC(=O)c1c(nc2c3cc(ccc3C4CC(C4)n12)C#C[C@@](C)(O)c5cc(C)on5)C(=O)N,9.22
394,CHEMBL3692394,Cc1onc(c1)[C@](C)(O)C#Cc2cc3c(OCCc4sc(nc34)C(=O)N)cc2F,9.22
395,CHEMBL3696568,Cc1onc(c1)[C@](C)(O)C#Cc2ccc3C4CC(C4)n5c(nc(C(=O)N)c5c6cnn(CC(C)(C)O)c6)c3c2,9.23
396,CHEMBL3700314,CC(C)(O)C#Cc1ccc2OCCn3c(CNC4COC4)c(nc3c2c1)C(=O)N,9.27
397,CHEMBL3696533,CN1CCC(O)(C#Cc2cc3c(OCCc4sc(nc34)C(=O)N)cc2F)C1=O,9.28
398,CHEMBL3696655,NC(=O)c1cn2C3CC(C3)c4cc(F)c(cc4c2n1)C#CC5(O)CCC5,9.28
399,CHEMBL3696553,CC(C)(O)C#Cc1cc2c(cc1F)C3CC(C3)n4c2nc(C(=O)N)c4C(C)(C)O,9.3
400,CHEMBL3696671,CN1CC[C@@](O)(C#Cc2cc3c(cc2F)C4CC(C4)c5c3nc(C(=O)N)n5C)C1=O,9.3
401,CHEMBL3700327,CN1CC[C@@](O)(C#Cc2ccc3OCC4(CCC4)c5cc(nn5c3c2)C(=O)N)C1=O,9.3
402,CHEMBL3696672,CN1CC[C@](O)(C#Cc2cc3c(cc2F)C4CC(C4)c5c3nc(C(=O)N)n5C)C1=O,9.3
403,CHEMBL3696705,CNC(=O)c1c(nc2c3cc(ccc3OCCn12)C#C[C@]4(O)CCN(C)C4=O)C(=O)N,9.3
404,CHEMBL3692549,Cc1onc(c1)[C@](C)(O)C#Cc2ccc3C4CC(C4)n5c(nc(C(=O)N)c5C(F)(F)F)c3c2,9.3
405,CHEMBL3696584,Cc1onc(n1)[C@](C)(O)C#Cc2cc3c(cc2F)C4CC(C4)c5c3nc(C(=O)N)n5C,9.3
406,CHEMBL3692439,CC(C)(O)C#Cc1cc2c(OCCn3c2nc(C(=O)N)c3C(=O)NCC#N)cc1F,9.4
407,CHEMBL3692522,CC(C)(O)C#Cc1cc2c(OCCn3c2nc(C(=O)N)c3c4nc(n[nH]4)c5cccnc5)cc1F,9.4
408,CHEMBL3700329,CN1CC[C@@](O)(C#Cc2ccc3OCC(F)(F)c4c(Cl)c(nn4c3c2)C(=O)N)C1=O,9.4
409,CHEMBL3696659,CNC(=O)c1c(nc2c3cc(C#CC4(O)CCC4)c(F)cc3C5CC(C5)n12)C(=O)N,9.4
410,CHEMBL3700298,CN1CC[C@@](O)(C#Cc2ccc3OCC(F)(F)c4cc(nn4c3c2)C(=O)N)C1=O,9.48
411,CHEMBL3700299,CN1CC[C@](O)(C#Cc2ccc3OCC(F)(F)c4cc(nn4c3c2)C(=O)N)C1=O,9.48
412,CHEMBL3696525,Cc1onc(c1)[C@](C)(O)C#Cc2cc3c(cc2F)C4CC(C4)n5c3nc(C(=O)N)c5C6CC6,9.51
413,CHEMBL3696699,CC(C)(O)C#Cc1cc2c(cc1F)C3CC(C3)c4c2nc(C(=O)N)n4C(F)F,9.52
414,CHEMBL3700328,CN1CC[C@@](O)(C#Cc2ccc3OCCc4c(C(F)F)c(nn4c3c2)C(=O)N)C1=O,9.52
415,CHEMBL3692450,CNC(=O)c1c(nc2c3cc(ccc3OCCn12)C#C[C@@](C)(O)c4cc(C)on4)C(=O)N,9.52
416,CHEMBL3692363,Cc1onc(c1)[C@](C)(O)C#Cc2cc3c(OCCn4cc(nc34)C(=O)N)cc2F,9.52
417,CHEMBL3692501,Cc1onc(c1)[C@](C)(O)C#Cc2ccc3C4CC(C4)n5cc(nc5c3c2)C(=O)N,9.52
418,CHEMBL3700285,Cc1oc(nc1)[C@@](C)(O)C#Cc2ccc3C4CC(C4)n5cc(nc5c3c2)C(=O)N,9.54
419,CHEMBL3696566,CN1CC[C@@](O)(C#Cc2cc3c(OCCn4cc(nc34)C(=O)N)cc2F)C1=O,9.62
420,CHEMBL3700272,CN1CC[C@@](O)(C#Cc2cc3c(OCC(F)(F)c4sc(nc34)C(=O)N)cc2F)C1=O,9.7
421,CHEMBL3696652,CNC(=O)c1c(nc2c3cc(ccc3C4CC(C4)n12)C#CC5(O)CCC5)C(=O)N,9.7
422,CHEMBL3696572,Cc1onc(c1)[C@](C)(O)C#Cc2cc3c(cc2F)C4CC(C4)c5[nH]c(nc35)C(=O)N,9.7
423,CHEMBL3696670,Cc1onc(c1)[C@](C)(O)C#Cc2ccc3C4CC(C4)n5c(Cc6ccnn6C)c(nc5c3c2)C(=O)N,9.7
424,CHEMBL3692364,Cc1onc(c1)[C@](C)(O)C#Cc2ccc3OCCc4sc(nc4c3c2)C(=O)N,9.7
425,CHEMBL3692395,NC(=O)c1nc2c(CCOc3cc(F)c(cc23)C#CC4(O)CCCC4)s1,9.7
426,CHEMBL3696586,Cn1c(nc2c3cc(C#C[C@@](C)(O)c4ncccn4)c(F)cc3C5CC(C5)c12)C(=O)N,9.8
427,CHEMBL3696576,CNC(=O)c1c(nc2c3cc(C#CC4(O)CCCC4)c(F)cc3C5CC(C5)n12)C(=O)N,9.92
428,CHEMBL3696555,CNC(=O)c1c(nc2c3cc(ccc3C4CC(C4)n12)C#CC(C)(C)O)C(=O)N,9.92
429,CHEMBL3696579,CN1CC[C@@](O)(C#Cc2ccc3OCCc4sc(nc4c3c2)C(=O)N)C1=O,10.26
430,CHEMBL3696534,CN1CCC(O)(C#Cc2ccc3OCCc4sc(nc4c3c2)C(=O)N)C1=O,10.4
