,molecule_chembl_id,canonical_smiles,pchembl_value
0,CHEMBL3644045,Cc1cn(C)c2cc(NC(=O)c3ccc(cc3)C(C)(C)O)ncc12,7.54
1,CHEMBL2205626,Cc1ccc2nc(NC(=O)c3ccc(cc3)C(C)(C)C)cn2c1,7.66
2,CHEMBL2205629,CC(C)(C)c1ccc(cc1)C(=O)Nc2cn3cc(Br)ccc3n2,7.68
3,CHEMBL2205633,CC(C)(C)c1ccc(cc1)C(=O)Nc2cn3cc(ccc3n2)c4cccnc4,7.68
4,CHEMBL3644038,CCn1cc(C)c2cnc(NC(=O)c3ccc(cc3)C(C)(C)O)cc12,7.7
5,CHEMBL3644042,Cn1cc(Br)c2cnc(NC(=O)c3ccc(cc3)[C@@](C)(O)CO)cc12,7.7
6,CHEMBL1642657,CC(C)(C(=O)O)c1ccc(cc1)C(=O)Nc2cn3cc(ccc3n2)c4ccsc4,7.72
7,CHEMBL3644054,Cn1cc(Cl)c2cnc(NC(=O)c3ccc(cc3)[C@](C)(O)CO)cc12,7.72
8,CHEMBL3644050,Cn1cc(Cl)c2cnc(NC(=O)c3ccc(cc3)C(C)(C)O)cc12,7.75
9,CHEMBL3644044,CCn1cc(C)c2cnc(NC(=O)c3ccc(cc3)[C@@](C)(O)CO)cc12,7.77
10,CHEMBL2205628,CC(C)(C)c1ccc(cc1)C(=O)Nc2cn3cc(Cl)ccc3n2,7.8
11,CHEMBL3644053,CC(C)(CO)c1ccc(cc1)C(=O)Nc2cc3c(cn2)c(Cl)cn3C4CC4,7.8
12,CHEMBL3644040,CCn1cc(Cl)c2cnc(NC(=O)c3ccc(cc3)[C@@](C)(O)CO)cc12,7.8
13,CHEMBL1642656,CC(C)(C)c1ccc(cc1)C(=O)Nc2cn3c(ccc4ccccc34)n2,7.82
14,CHEMBL1642655,CC(C)(C)c1ccc(cc1)C(=O)Nc2cn3cc(ccc3n2)n4ccnc4,7.85
15,CHEMBL3644046,CCn1cc(Br)c2cnc(NC(=O)c3ccc(cc3)[C@@](C)(O)CO)cc12,8.0
16,CHEMBL3644041,Cn1cc(Br)c2cnc(NC(=O)c3ccc(cc3)C(C)(C)O)cc12,8.0
17,CHEMBL3644037,CCn1cc(Br)c2cnc(NC(=O)c3ccc(cc3)C(C)(C)O)cc12,8.1
18,CHEMBL3330168,NC[C@H](Oc1cnc(c2cocc2)c(c1)c3c[nH]c4ncccc34)c5ccccc5,8.1
19,CHEMBL3644048,C[C@](O)(CO)c1ccc(cc1)C(=O)Nc2cc3c(cn2)c(Br)cn3C4CC4,8.16
20,CHEMBL3330167,CC(C)(C)c1ccc(cc1)C(=O)Nc2cn3cc(ccc3n2)c4cn[nH]c4,8.2
21,CHEMBL3683258,CN[C@@H]1CC2OC([C@@H]1OC)n3c4ccccc4c5c6CNC(=O)c6c7c8ccccc8n2c7c35,8.2
22,CHEMBL3644049,C[C@](O)(CO)c1ccc(cc1)C(=O)Nc2cc3c(cn2)c(Cl)cn3C4CC4,8.22
23,CHEMBL3687974,CN1CCN(CC1)c2cnc(cc2n3cnc(c3)C4CC4)C(=O)Nc5csc(n5)c6nncn6C7CC7,8.51
24,CHEMBL3644036,CC(C)(O)c1ccc(cc1)C(=O)Nc2cc3c(cn2)c(Br)cn3CC4CC4,8.52
25,CHEMBL3683268,OC1CCN(C1)c2cnc(cc2n3cnc(c3)C4CC4)C(=O)Nc5csc(n5)c6nncn6C7CC7,8.52
26,CHEMBL3683261,C[C@H](n1cnnc1c2nc(NC(=O)c3cc(c(cn3)N4CCOCC4)n5cnc(c5)C6CC6)cs2)C(F)(F)F,8.58
27,CHEMBL3687972,CC1(O)CCN(CC1)c2cnc(cc2n3cnc(c3)C4CC4)C(=O)Nc5csc(n5)c6nncn6C7CC7,8.6
28,CHEMBL3683264,O=C(Nc1csc(n1)c2nncn2C3CC3)c4cc(c(cn4)N5CCC5)n6cnc(c6)C7CC7,8.62
29,CHEMBL3683269,C[C@H](n1cnnc1c2nc(NC(=O)c3cc(c(cn3)N4CCC(O)C4)n5cnc(c5)C6CC6)cs2)C(F)(F)F,8.66
30,CHEMBL3683266,C[C@H](n1cnnc1c2nc(NC(=O)c3cc(c(cn3)N4CCCC4)n5cnc(c5)C6CC6)cs2)C(F)(F)F,8.66
31,CHEMBL3687973,C[C@H](n1cnnc1c2nc(NC(=O)c3cc(c(cn3)N4CCN(C)CC4)n5cnc(c5)C6CC6)cs2)C(F)(F)F,8.68
32,CHEMBL3639821,O=C(Nc1csc(n1)c2nncn2C3CC3)c4cc(c(cn4)N5CCCCC5)n6cnc(c6)C7CC7,8.7
33,CHEMBL3683267,O=C(Nc1csc(n1)c2nncn2C3CC3)c4cc(c(cn4)N5CCCC5)n6cnc(c6)C7CC7,8.72
34,CHEMBL3683263,C[C@H](n1cnnc1c2nc(NC(=O)c3cc(c(cn3)N(C)C)n4cnc(c4)C5CC5)cs2)C(F)(F)F,8.73
35,CHEMBL3687971,C[C@H](n1cnnc1c2nc(NC(=O)c3cc(c(cn3)N4CCC(C)(O)CC4)n5cnc(c5)C6CC6)cs2)C(F)(F)F,8.75
36,CHEMBL3683262,C[C@H](n1cnnc1c2nc(NC(=O)c3cc(c(cn3)N4CC(C)(O)C4)n5cnc(c5)C6CC6)cs2)C(F)(F)F,8.77
37,CHEMBL3683265,C[C@H](n1cnnc1c2nc(NC(=O)c3cc(c(cn3)N4CCC4)n5cnc(c5)C6CC6)cs2)C(F)(F)F,8.77
38,CHEMBL3683260,CC1(O)CN(C1)c2cnc(cc2n3cnc(c3)C4CC4)C(=O)Nc5csc(n5)c6nncn6C7CC7,8.8
39,CHEMBL3683259,O=C(Nc1csc(n1)c2nncn2C3CC3)c4cc(c(cn4)N5CCOCC5)n6cnc(c6)C7CC7,8.84
40,CHEMBL3683270,C[C@H](n1cnnc1c2nc(NC(=O)c3cc(c(cn3)N4CCCCC4)n5cnc(c5)C6CC6)cs2)C(F)(F)F,9.16
9,CHEMBL388978,CN[C@@H]1C[C@H]2O[C@@](C)([C@@H]1OC)n3c4ccccc4c5c6CNC(=O)c6c7c8ccccc8n2c7c35,6.92
31,CHEMBL361708,NC1=NC(=O)\C(=C\2/CCNC(=O)c3[nH]c(Br)cc23)\N1,5.16
34,CHEMBL478889,[Cl-].CO[C@@H]1[C@@H](C[C@H]2O[C@]1(C)n3c4ccccc4c5c6CNC(=O)c6c7c8ccccc8n2c7c35)N(C)C(=O)COCCOCCNC(=O)c9ccc(C%10=C%11C=CC(=[N+](C)C)C=C%11Oc%12cc(ccc%10%12)N(C)C)c(c9)C(=O)O,5.1
109,CHEMBL603469,C[C@]12O[C@H](C[C@]1(O)CO)n3c4ccccc4c5c6C(=O)NCc6c7c8ccccc8n2c7c35,7.16
147,CHEMBL1688215,Nc1nccc(n1)c2ccc3c(N)n[nH]c3c2,5.25
151,CHEMBL1345690,CCOC(=O)c1c(O)nc2cccc3C(=O)c4ccccc4c1c23,6.3
154,CHEMBL1767077,CNC1=C2c3ccccc3C(=O)c4cccc(N(C)C1=O)c24,5.33
155,CHEMBL1767078,CCNC1=C2c3ccccc3C(=O)c4cccc(N(C)C1=O)c24,5.0
156,CHEMBL1529134,CC(=O)c1c(O)nc2cccc3C(=O)c4ccccc4c1c23,4.82
157,CHEMBL1767070,CN1C(=O)C(=C2c3ccccc3C(=O)c4cccc1c24)NCCO,4.6
158,CHEMBL1767071,CN1C(=O)C(=C2c3ccccc3C(=O)c4cccc1c24)C(=O)c5ccccc5,4.46
159,CHEMBL1767072,CC(=O)C1=C2c3ccccc3C(=O)c4ccc(C)c(NC1=O)c24,4.46
289,CHEMBL2205636,CC(C)(O)c1ccc(cc1)C(=O)Nc2cn3cc(ccc3n2)n4ccnc4,7.16
290,CHEMBL2205635,CC(C)(CO)c1ccc(cc1)C(=O)Nc2cn3cc(ccc3n2)n4ccnc4,7.5
292,CHEMBL2205634,CC(C)(C)c1ccc(cc1)C(=O)Nc2cn3cc(ccc3n2)n4cccc4,7.52
294,CHEMBL2205632,CC(C)(C)c1ccc(cc1)C(=O)Nc2cn3cc(ccc3n2)c4ccccc4,7.09
295,CHEMBL2205631,CNCc1ccc2nc(NC(=O)c3ccc(cc3)C(C)(C)C)cn2c1,6.06
296,CHEMBL2205630,CC(C)(C)c1ccc(cc1)C(=O)Nc2cn3cc(CO)ccc3n2,6.89
299,CHEMBL2205627,CC(C)(C)c1ccc(cc1)C(=O)Nc2cn3cc(F)ccc3n2,7.47
301,CHEMBL2205625,Cc1ccc2nc(NC(=O)c3ccc(cc3)C(C)(C)C)sc2c1,6.59
635,CHEMBL2349219,OC(=O)CCCCCN1C(=S)S\C(=C/c2oc(cc2)c3cccc(c3)C(F)(F)F)\C1=O,6.3
637,CHEMBL2349218,CCCC(N1C(=S)S\C(=C/c2oc(cc2)c3ccc(cc3)[N+](=O)[O-])\C1=O)C(=O)O,5.75
638,CHEMBL2349217,OC(=O)CCN1C(=S)S\C(=C/c2oc(cc2)c3ccc(cc3)[N+](=O)[O-])\C1=O,6.19
640,CHEMBL2349216,CCc1ccc(cc1)c2oc(\C=C\3/SC(=S)N(C(CC(=O)O)C(=O)O)C3=O)cc2,5.75
641,CHEMBL2349215,CCOC(=O)c1ccc(cc1)c2oc(\C=C\3/SC(=S)N(C(CC(=O)O)C(=O)C)C3=O)cc2,6.1
642,CHEMBL2349214,COc1ccc(cc1)c2oc(\C=C\3/SC(=S)N(CC(=O)C)C3=O)cc2,5.6
644,CHEMBL2349213,OC(=O)CCCN1C(=S)S\C(=C/c2oc(cc2)c3ccccc3F)\C1=O,5.52
646,CHEMBL2349211,OC(=O)CN1C(=S)S\C(=C/c2oc(cc2)c3ccccc3F)\C1=O,5.52
647,CHEMBL2349210,Oc1cccc(c1)N2C(=S)S\C(=C/c3oc(cc3)c4ccc(Br)cc4)\C2=O,5.7
649,CHEMBL2349209,OC(=O)CC(N1C(=S)S\C(=C/c2oc(cc2)c3ccc(Br)cc3)\C1=O)C(=O)O,5.55
650,CHEMBL2349208,CCCC(N1C(=S)S\C(=C/c2oc(cc2)c3ccc(Br)cc3)\C1=O)C(=O)O,6.3
651,CHEMBL2349207,CCC(N1C(=S)S\C(=C/c2oc(cc2)c3ccc(Br)cc3)\C1=O)C(=O)O,6.3
656,CHEMBL2349203,CSCCC(N1C(=S)S\C(=C/c2oc(cc2)c3ccc(Cl)c(Cl)c3)\C1=O)C(=O)O,6.13
657,CHEMBL2349202,CCCC(N1C(=S)S\C(=C/c2oc(cc2)c3ccc(Cl)c(Cl)c3)\C1=O)C(=O)O,5.41
658,CHEMBL2349201,OC(=O)CC(N1C(=S)S\C(=C/c2oc(cc2)c3c(Cl)cccc3Cl)\C1=O)C(=O)O,6.0
659,CHEMBL2348839,OC(=O)CCCN1C(=S)S\C(=C/c2oc(cc2)c3c(Cl)cccc3Cl)\C1=O,6.3
661,CHEMBL2348838,CCC(N1C(=S)S\C(=C/c2oc(cc2)c3cc(Cl)ccc3Cl)\C1=O)C(=O)O,6.3
662,CHEMBL2348837,OC(=O)CCCN1C(=S)S\C(=C/c2oc(cc2)c3cc(Cl)ccc3Cl)\C1=O,6.46
663,CHEMBL2348836,CCC(N1C(=S)S\C(=C/c2oc(cc2)c3cccc(Cl)c3)\C1=O)C(=O)O,6.13
664,CHEMBL1688850,OC(=O)CCCN1C(=S)S\C(=C/c2oc(cc2)c3cccc(Cl)c3)\C1=O,6.46
665,CHEMBL2348835,OC(=O)CCN1C(=S)S\C(=C/c2oc(cc2)c3cccc(Cl)c3)\C1=O,6.0
666,CHEMBL2348834,OC(=O)CCCCCN1C(=S)S\C(=C/c2oc(cc2)c3ccccc3Cl)\C1=O,6.3
668,CHEMBL2348832,OC(=O)CCN1C(=S)S\C(=C/c2oc(cc2)c3ccccc3Cl)\C1=O,6.13
669,CHEMBL2348831,OC(=O)CN1C(=S)S\C(=C/c2oc(cc2)c3ccccc3Cl)\C1=O,5.9
687,CHEMBL3330172,Cc1cc2c(ccnc2[nH]1)c3ccc(s3)S(=O)(=O)NCCN,6.6
688,CHEMBL3330171,NC(=O)c1ccc(OC2CCNCC2)c3c(c[nH]c13)C#N,6.6
689,CHEMBL3330170,FC(F)(F)c1cc(NC2CC2)n3nc(NC(=O)c4cccnc4)nc3c1,7.03
690,CHEMBL3330169,NCCNS(=O)(=O)c1ccc(s1)c2c[nH]c3ncccc23,7.3
711,CHEMBL3402504,CCCOc1ccc(cc1)C2N(C(=O)C(=C2C(=O)c3ccc4OCCOc4c3)O)c5nc6ccc(Cl)cc6s5,5.3
716,CHEMBL3402499,COc1ccc(cc1)C(=O)C2=C(O)C(=O)N(C2c3cccc(F)c3)c4nc5ccc(F)cc5s4,4.77
717,CHEMBL3402498,CC(C)c1ccc(cc1)C2N(C(=O)C(=C2C(=O)c3ccc(Cl)cc3)O)c4nc5c(C)cc(C)cc5s4,5.2
718,CHEMBL3402497,CCOc1ccc(cc1)C(=O)C2=C(O)C(=O)N(C2c3ccc(F)cc3)c4nc5ccc(C)cc5s4,5.26
719,CHEMBL3402496,Cc1ccc2nc(sc2c1)N3C(C(=C(O)C3=O)C(=O)c4ccc(F)cc4)c5ccc(Cl)cc5,5.54
720,CHEMBL3402495,Cc1ccc(cc1)C(=O)C2=C(O)C(=O)N(C2c3ccc(cc3)C(C)(C)C)c4nc5ccc(F)cc5s4,5.12
721,CHEMBL3402494,Cc1ccc(cc1)C(=O)C2=C(O)C(=O)N(C2c3ccc(cc3)C(C)(C)C)c4nc5ccc(C)cc5s4,5.36
723,CHEMBL3402492,CCOc1ccc2nc(sc2c1)N3C(C(=C(O)C3=O)C(=O)c4ccccc4)c5ccc(cc5)C(C)(C)C,5.3
725,CHEMBL3402490,CCOc1ccc(cc1)C2N(C(=O)C(=C2C(=O)c3cccs3)O)c4nc5ccc(C)cc5s4,5.04
728,CHEMBL3402488,COc1ccc(cc1OC)C2N(C(=O)C(=C2C(=O)c3oc(C)cc3)O)c4nc5ccc(C)cc5s4,4.42
729,CHEMBL3402487,COc1ccccc1C2N(C(=O)C(=C2C(=O)c3oc(C)cc3)O)c4nc5c(C)cc(C)cc5s4,4.45
730,CHEMBL3402486,CC(C)c1ccc(cc1)C2N(C(=O)C(=C2C(=O)c3oc(C)cc3)O)c4nc5c(C)cc(C)cc5s4,5.7
732,CHEMBL3402484,Cc1cc(C)c2nc(sc2c1)N3C(C(=C(O)C3=O)C(=O)c4occc4)c5ccccc5,4.2
733,CHEMBL3402483,OC1=C(C(N(C1=O)c2nc3ccc(F)cc3s2)c4cccc(F)c4)C(=O)c5occc5,4.37
734,CHEMBL3402482,Cc1ccc2nc(sc2c1)N3C(C(=C(O)C3=O)C(=O)c4occc4)c5cccc(Br)c5,4.51
735,CHEMBL3402481,Cc1ccc2nc(sc2c1)N3C(C(=C(O)C3=O)C(=O)c4occc4)c5ccc(Cl)cc5,4.52
736,CHEMBL3400832,OC1=C(C(N(C1=O)c2nc3ccc(F)cc3s2)c4cccc(Br)c4)C(=O)c5occc5,4.53
737,CHEMBL3400831,OC1=C(C(N(C1=O)c2nc3ccc(F)cc3s2)c4cccc(Cl)c4)C(=O)c5occc5,4.55
738,CHEMBL3400830,OC1=C(C(N(C1=O)c2nc3ccc(F)cc3s2)c4ccc(Br)cc4)C(=O)c5occc5,4.55
739,CHEMBL3400829,Cc1ccc2nc(sc2c1)N3C(C(=C(O)C3=O)C(=O)c4occc4)c5ccc(Br)cc5,4.55
902,CHEMBL3644035,CC(C)(O)c1ccc(cc1)C(=O)Nc2cc3c(ccn3CC4CC4)cn2,7.09
906,CHEMBL3644039,CCn1ccc2cnc(NC(=O)c3ccc(cc3)[C@@](C)(O)CO)cc12,7.26
910,CHEMBL3644043,C[C@](O)(CO)c1ccc(cc1)C(=O)Nc2cc3c(ccn3C4CC4)cn2,7.16
917,CHEMBL3644051,Cn1c(Cl)c(Cl)c2cnc(NC(=O)c3ccc(cc3)C(C)(C)O)cc12,7.22
931,CHEMBL3644047,CC(C)(O)c1ccc(cc1)C(=O)Nc2cc3c(ccn3CS(=O)(=O)C)cn2,4.91
937,CHEMBL3644052,CCn1ccc2cnc(NC(=O)c3ccc(c(C)c3)[C@@](C)(O)CO)cc12,6.28
941,CHEMBL3644055,Cn1c(Cl)c(Cl)c2cnc(NC(=O)c3ccc(cc3)[C@@](C)(O)CO)cc12,6.91
942,CHEMBL3644056,CCn1cc(Cl)c2cnc(NC(=O)c3ccc(c(C)c3)[C@@](C)(O)CO)cc12,7.39
