,molecule_chembl_id,canonical_smiles,pchembl_value
0,bosutinib,COc1cc(Nc2c(cnc3cc(OCCCN4CCN(C)CC4)c(OC)cc23)C#N)c(Cl)cc1Cl,8.51
1,CHEMBL2172315,CC(C)NC(=O)[C@@H]1CC[C@@H](CC1)N2\C(=N\C(=O)c3cc(F)cc(F)c3)\Nc4ccc(CN5CCC(CC5)C(C)(C)O)cc24,7.6
2,CHEMBL1163016,CC1(C)CC(CC(C)(C)N1[O])N=C(O)c2cccc(c2)c3cc4nccc(Nc5cccc(O)c5)n4n3,7.62
3,CHEMBL2172308,CC(C)NC(=O)[C@@H]1CC[C@@H](CC1)N2\C(=N\C(=O)c3ccc(F)cc3)\Nc4ccc(CN5CCC(CC5)C(C)(C)O)cc24,7.96
4,CHEMBL1908397,O=C(N1CCNCC1)c2ccc(\C=C\c3n[nH]c4ccccc34)cc2,7.96
5,CHEMBL388978,CN[C@@H]1C[C@H]2O[C@@](C)([C@@H]1OC)n3c4ccccc4c5c6CNC(=O)c6c7c8ccccc8n2c7c35,8.06
6,CHEMBL603469,C[C@]12O[C@H](C[C@]1(O)CO)n3c4ccccc4c5c6C(=O)NCc6c7c8ccccc8n2c7c35,8.33
