,molecule_chembl_id,canonical_smiles,pchembl_value
0,bosutinib,COc1cc(Nc2c(cnc3cc(OCCCN4CCN(C)CC4)c(OC)cc23)C#N)c(Cl)cc1Cl,9.3
1,CHEMBL388978,CN[C@@H]1C[C@H]2O[C@@](C)([C@@H]1OC)n3c4ccccc4c5c6CNC(=O)c6c7c8ccccc8n2c7c35,7.59
2,CHEMBL607707,CCOc1cc2ncc(C#N)c(Nc3ccc(F)c(Cl)c3)c2cc1NC(=O)\C=C\CN(C)C,8.0
3,CHEMBL3770443,CNc1ncc2C=C(C(=O)N(C[C@@H]3OC[C@@H](N)CO3)c2n1)c4ccc(cc4Cl)c5cccc(C)n5,8.0
4,CHEMBL1230609,COc1cc2c(Oc3ccc(NC(=O)C4(CC4)C(=O)Nc5ccc(F)cc5)cc3F)ccnc2cc1OCCCN6CCOCC6,8.4
5,CHEMBL180022,CCOc1cc2ncc(C#N)c(Nc3ccc(OCc4ccccn4)c(Cl)c3)c2cc1NC(=O)\C=C\CN(C)C,9.19
