,molecule_chembl_id,canonical_smiles,pchembl_value
0,CHEMBL461140,CN(C)CCOc1ccc(\C=C\c2cc(ccn2)c3cc4C(=O)NC=Nc4[nH]3)cc1,7.55
1,CHEMBL461139,O=C1NC=Nc2[nH]c(cc12)c3ccnc(\C=C\c4ccc(CN5CCOCC5)cc4)c3,7.62
2,CHEMBL259084,OC(=O)c1ccc(Nc2ncc3CN=C(c4cc(Cl)ccc4c3n2)c5c(F)cccc5F)cc1,8.1
16,CHEMBL34704,N\C(=C(\C#N)/C(=C(\N)/Sc1ccccc1N)/C#N)\Sc2ccccc2N,4.3
17,CHEMBL34241,CC(=O)c1c(O)c(C)c(O)c(Cc2c(O)c3C=CC(C)(C)Oc3c(C(=O)\C=C\c4ccccc4)c2O)c1O,5.72
73,CHEMBL225519,O=C1NCCc2[nH]c(cc12)c3ccncc3,6.3
74,CHEMBL388566,O=C1NCCc2[nH]c(cc12)c3ccnc(c3)c4ccccc4,6.85
75,CHEMBL226403,O=C1NCCc2[nH]c(cc12)c3ccnc(c3)c4cnc5ccccc5c4,7.09
76,CHEMBL226471,Fc1ccccc1c2cc(ccn2)c3cc4C(=O)NCCc4[nH]3,6.68
83,CHEMBL395157,COc1ccc2[nH]c3C(NCCc3c2c1)C(=O)O,4.72
84,CHEMBL392876,COc1ccc2[nH]c3C(N4CCC(C4)c3c2c1)C(=O)O,4.62
85,CHEMBL394124,COc1ccc2[nH]c3C(N4CCCC(C4)c3c2c1)C(=O)O,4.6
317,CHEMBL603469,C[C@]12O[C@H](C[C@]1(O)CO)n3c4ccccc4c5c6C(=O)NCc6c7c8ccccc8n2c7c35,6.03
371,CHEMBL2012519,COc1cc(O)c2C(=O)O[C@@H](C)C\C=C/C(=O)[C@@H](O)[C@@H](O)CCCc2c1,6.19
464,CHEMBL1908397,O=C(N1CCNCC1)c2ccc(\C=C\c3n[nH]c4ccccc34)cc2,5.92
522,CHEMBL1945559,Cn1c2C(=O)NC3(CCNCC3)C(C#N)c2c4ccc(Cl)c(Cl)c14,5.77
523,CHEMBL1956561,C1CN(CCO1)c2ccc(Nc3ncc(c4cn[nH]c4)n5ccnc35)cc2,6.08
525,CHEMBL1956563,C1CN(CCO1)c2ccc(Nc3ncc(c4c[nH]nn4)n5ccnc35)cc2,5.83
526,CHEMBL1956564,NC(=O)c1ccc(cc1)c2cnc(Nc3ccc(cc3)N4CCOCC4)c5nccn25,5.86
528,CHEMBL1956566,NC(=O)c1ccc(cc1F)c2cnc(Nc3ccc(cc3)N4CCOCC4)c5nccn25,5.62
529,CHEMBL1956567,O=C1NC=CC(=C1)c2cnc(Nc3ccc(cc3)N4CCOCC4)c5nccn25,6.41
532,CHEMBL1956570,NC(=O)c1ccc(s1)c2cnc(Nc3ccc(cc3)N4CCOCC4)c5nccn25,5.85
533,CHEMBL1956571,NC(=O)c1cnc(s1)c2cnc(Nc3ccc(cc3)N4CCOCC4)c5nccn25,5.55
534,CHEMBL1956572,NC(=O)c1ncc(s1)c2cnc(Nc3ccc(cc3)N4CCOCC4)c5nccn25,5.5
535,CHEMBL1956573,NC(=O)c1cc(cs1)c2cnc(Nc3ccc(cc3)N4CCOCC4)c5nccn25,6.36
536,CHEMBL1956574,O=C1NCc2cc(ccc12)c3cnc(Nc4ccc(cc4)N5CCOCC5)c6nccn36,6.62
538,CHEMBL1956684,NC(=O)c1coc(c1)c2cnc(Nc3ccc(cc3)N4CCOCC4)c5nccn25,6.83
539,CHEMBL1956685,NC(=O)c1occ(c1)c2cnc(Nc3ccc(cc3)N4CCOCC4)c5nccn25,7.06
540,CHEMBL1956686,CN1CCN(CC1)c2ccc(Nc3ncc(C4=CC(=O)NC=C4)n5ccnc35)cc2,6.54
541,CHEMBL1956687,C1CN(CCO1)c2ccc(Nc3ncc(c4cn[nH]c4)n5ncnc35)cc2,6.09
542,CHEMBL1956682,O=C1NCc2cc(ccc12)c3cnc(Nc4ccc(cc4)N5CCOCC5)c6ncnn36,6.71
543,CHEMBL1956683,CN1CCN(CC1)c2ccc(Nc3ncc(C4=CC(=O)NC=C4)n5ncnc35)cc2,5.43
1333,CHEMBL1986943,OC1CCC(CC1)Nc2nc(Cl)cc(n2)c3c[nH]c4ncccc34,6.1
1334,CHEMBL2006263,Cc1nc2ccc(NS(=O)(=O)c3ccc(N)cc3)cc2nc1C,6.4
1336,CHEMBL1986263,CCN1C(=O)SC(=C1C)c2ccnc(Nc3cccc(OC)c3)n2,6.1
1353,CHEMBL1997129,O=C1NCCc2[nH]c(cc12)c3ccnc(C=Cc4ccccc4)c3,7.2
1377,CHEMBL539474,O=C1CCCN1Cc2ccc3c(NC(=O)c4cccn34)c2,6.9
1427,CHEMBL1984274,O=C1NNC(=O)c2c(NN=C3C(=O)N(N=C3c4ccccc4)c5ccccc5)cccc12,5.9
1440,CHEMBL2000832,COc1cc(ccc1O)c2ccc3C(=O)Nc4cc(ccc4Nc3c2)C(=O)NCc5cccc(F)c5,6.4
1447,CHEMBL1991429,O=C(Cc1ccccc1)Nc2cccc(c2)c3nc4sccn4c3c5ccnc(Nc6cccc(c6)N7CCCC7=O)n5,6.2
1456,CHEMBL1975233,COc1cc(C)c(Cl)cc1NC(=O)Nc2cnc(cn2)C#N,6.2
1457,CHEMBL1985406,CCCC(=O)Nc1n[nH]c2ccc(cc12)c3cccc(F)c3F,5.8
1466,CHEMBL1969537,S=C1NN=C2N1C3=NNC(=S)N3c4sc5CCCc5c24,5.8
1478,CHEMBL262433,Cc1ccc(F)c(NC(=O)Nc2ccc(cc2)c3nsc4ncnc(N)c34)c1,5.9
1480,CHEMBL1966722,OC(C(=O)NNC(=S)Nc1ccc(Cl)cc1)(c2ccccc2)c3ccccc3,6.6
1483,CHEMBL1996831,OC(=O)c1c2CCC(=C3CCCC3)c2nc4ccccc14,5.8
1485,CHEMBL1990432,Clc1ccc(cc1)C2CC3=C(C(=O)C2)C(=O)c4ccc(Cl)cc4N3,5.9
1498,CHEMBL2004365,CCOC(=O)C1=C(N)N2C(=O)C(=Cc3cccs3)SC2=C(C1c4cccs4)C(=O)N,6.2
1507,CHEMBL583144,Clc1ccc(Cl)c2c3N=CNC(=O)c3sc12,6.0
1513,CHEMBL1975138,OC(C(=O)NNC(=S)Nc1ccc(F)cc1)(c2ccccc2)c3ccccc3,7.1
1524,CHEMBL2004544,Oc1cccc2c(ccc(NCc3ccc4OCOc4c3)c12)S(=O)(=O)O,6.4
1527,CHEMBL1991078,COc1ccc(cc1OC)C(=O)Nc2n[nH]c3ccc(cc23)c4cn(Cc5ccccc5)nn4,5.9
1549,CHEMBL592030,NCCCn1cc(c2cc(c3cc4ccccc4s3)c5[nH]ncc5c2)c6nc(N)ncc16,6.7
1556,CHEMBL1983195,CCN(CC)C(=O)Nc1ccc2nc(c3occc3)c(nc2c1)c4occc4,6.1
1578,CHEMBL2000335,Cc1ccc(NC(=O)Nc2ccc(cc2)c3csc4ncnc(N)c34)cc1C,6.0
1585,CHEMBL1972576,Cc1ccc(NC(=O)Nc2ccc(NC(=O)c3csc4ncnc(N)c34)cc2)cc1,5.8
1588,CHEMBL1988173,Cc1cc(Cl)ccc1NC(=S)NNC(=O)C(O)(c2ccccc2)c3ccccc3,6.4
1589,CHEMBL1989805,NC(=O)C1=C2SC(=Cc3occc3)C(=O)N2C(=C(C#N)C1c4occc4)N,6.5
1596,CHEMBL1978448,CS(=O)(=O)N(Cc1ccc2NC(=O)c3cccn3c2c1)C4CC4,8.0
1599,CHEMBL1987793,Cc1ccccc1c2c(C(=O)O)n(CCCOc3cccc4ccccc34)c5ccccc25,6.2
1609,CHEMBL1985095,NC(=O)Cn1cc(c2cc(c3cc4ccccc4s3)c5[nH]ncc5c2)c6nc(N)ncc16,6.2
1619,CHEMBL1973540,O=C1Nc2ccc3ncsc3c2C1=CNc4ccc(cc4)S(=O)(=O)Nc5ccccn5,6.4
1624,CHEMBL2006156,CC(C)N(C(C)C)C(=O)Nc1ccc2nc(c3occc3)c(nc2c1)c4occc4,6.2
1626,CHEMBL1973937,Cc1ccc(c2ccc(NC(=O)Nc3cccc(Br)c3)cc2)c4c(N)n[nH]c14,5.9
1645,CHEMBL2006715,Fc1cccc(F)c1C(=O)Nc2cccc(c2)c3nc4sccn4c3c5ccnc(Nc6cccc(c6)N7CCCC7=O)n5,6.1
1652,CHEMBL1997349,CC1=NN(C(=O)C1=Cc2c(C)c(C#N)c3nc4ccccc4n3c2O)c5ccc(Cl)c(Cl)c5,6.3
1718,CHEMBL1970203,Cc1cc(C)cc(NC(=O)Nc2ccc(NC(=O)c3csc4ncnc(N)c34)cc2)c1,5.9
1746,CHEMBL1980142,FC(F)(F)c1cccc(NC(=O)Nc2ccnc3c(cccc23)C(F)(F)F)n1,6.0
1783,CHEMBL1986328,CN(C)C(=O)Nc1ccc2nc(c3occc3)c(nc2c1)c4occc4,6.6
1791,CHEMBL1999112,CCOC(=O)C1=C2SC(=Cc3occc3)C(=O)N2C(=C(C#N)C1c4occc4)N,5.9
1850,CHEMBL2163999,N[C@@H]1CC[C@H](CC1)Nc2cc(Nc3ccc(F)c(Cl)c3)n4nccc4n2,4.96
2316,CHEMBL3704901,CC1=CC(=C(Cl)C(=O)N1c2cc(ncc2C)c3ccnc(n3)C(C)(C)O)OCc4ncc(F)cc4F,5.09
2348,CHEMBL3787112,Nc1ncnc2c1c(cn2[C@@H]3C[C@H](CN4CCC4)C3)c5cccc(O)c5,5.43
