,molecule_chembl_id,canonical_smiles,pchembl_value
0,CHEMBL3577866,CC(C)N1C(=O)C=Cc2cnc(N[C@@H]3CC[C@H](CC3)NC(=O)C(C)C)nc12,7.54
1,CHEMBL1822307,FC(F)(F)c1ccc2N(CC(=O)Nc3scc(C#N)c3c4occn4)C(=O)C=Cc2c1,7.54
2,CHEMBL69331,Fc1ccc(cc1)c2[nH]c(nc2c3ccncc3)C4CCCCC4,7.54
3,CHEMBL2204113,COC(=O)C1=C(Cc2ccc(cc2)S(=O)(=O)N3CCNCC3)C(=O)c4ccc(C)nc4N1c5ccccc5,7.55
4,CHEMBL2425630,COC1CCN(CC1)C(=O)[C@@H]2CC[C@H](CC2)Nc3nccc(n3)n4ccc5c(OCCCS(=O)(=O)C)cccc45,7.55
5,CHEMBL2425634,CC(C)(O)[C@@H]1CC[C@H](CC1)Nc2nccc(n2)n3ccc4c(OCCCS(=O)(=O)C)cccc34,7.57
6,CHEMBL2392836,CCOC(=O)[C@@H]1CC[C@H](CC1)Nc2nccc(n2)n3ncc4c(cccc34)N5CCC(CC5)S(=O)(=O)C,7.57
7,CHEMBL103667,Cc1ccc(cc1)n2nc(cc2NC(=O)Nc3ccc(OCCN4CCOCC4)c5ccccc35)C(C)(C)C,7.57
8,CHEMBL3577867,CCNC(=O)N[C@@H]1CC[C@H](CC1)Nc2ncc3C=CC(=O)N(C(C)C)c3n2,7.59
9,CHEMBL209769,CCOc1nc(NC(=O)Cc2cc(OC)c(NC(=O)C)cc2OC)cc(N)c1C#N,7.59
10,CHEMBL245534,CN1CCN(CC1)C(=O)N2CCC(CC2)Nc3ncc(Cl)c(n3)c4c[nH]c5ccccc45,7.59
11,CHEMBL1946334,N[C@@H]1CC[C@H](CC1)Nc2ncc3nc(Nc4ccccc4F)n(C5CCCC5)c3n2,7.59
12,CHEMBL1682018,O=C(Cc1cccc2cnccc12)Nc3scc(C#N)c3c4ncn[nH]4,7.59
13,CHEMBL248176,CCNC(=O)N1CCC(CC1)Nc2ncc(Cl)c(n2)c3c[nH]c4ccccc34,7.6
14,CHEMBL3355177,Clc1ccccc1NC(=O)Nc2cnn(c2)c3cccc(c3)C(=O)Nc4cnn(c4)C5CCNCC5,7.6
15,CHEMBL1946837,N[C@@H]1CC[C@H](CC1)Nc2ncc3nc(Nc4ccc(F)cc4F)n(C5CCCC5)c3n2,7.6
16,CHEMBL2390974,CS(=O)(=O)CCCOc1cccc2c1cnn2c3ccnc(N[C@@H]4CC[C@@H](O)CC4)n3,7.62
17,CHEMBL2392825,CS(=O)(=O)N[C@@H]1CC[C@H](CC1)Nc2nccc(n2)n3ccc4c(cccc34)N5CCC(CC5)S(=O)(=O)C,7.62
18,CHEMBL1822137,FC(F)(F)c1ccc(CC(=O)Nc2scc(Cl)c2c3ncn[nH]3)c4cccnc14,7.62
19,CHEMBL245336,CNC(=O)CN1CCC(CC1)Nc2ncc(Cl)c(n2)c3c[nH]c4ccccc34,7.66
20,CHEMBL1946495,COc1ccc(Nc2ncc3nc(Nc4ccccc4F)n([C@@H]5CC[C@@H](CC5)C(=O)N)c3n2)cc1,7.66
21,CHEMBL1801374,O=C1NCc2[nH]c3c(ccc4cnc(\C=C\c5ccc(CN6CCOCC6)cc5)cc34)c12,7.66
22,CHEMBL2425635,CC(C)(O)[C@@H]1CC[C@H](CC1)Nc2nccc(n2)n3ncc4c(OCCCS(=O)(=O)C)cccc34,7.68
23,CHEMBL1822141,FC(F)(F)c1cc2N(CC(=O)Nc3scc(Br)c3c4ncn[nH]4)C(=O)C=Cc2cn1,7.68
24,CHEMBL1822147,FC(F)(F)c1ccc2C=CC(=O)N(CC(=O)Nc3scc(Br)c3c4ncn[nH]4)c2c1,7.68
25,CHEMBL2392833,CS(=O)(=O)C1CCN(CC1)c2cccc3c2ccn3c4ccnc(N[C@@H]5CC[C@@H](O)CC5)n4,7.7
26,CHEMBL2216824,CN(C)C\C=C\C(=O)Nc1cccc(c1)C(=O)Nc2ccc(Nc3nccc(n3)c4cccnc4)c(C)c2,7.73
27,CHEMBL3577855,CC(C)N1C(=O)C=Cc2cnc(N[C@@H]3CC[C@@H](O)CC3)nc12,7.75
28,CHEMBL1822139,O=C(CN1C(=O)CCc2ncccc12)Nc3scc(C#N)c3c4ncn[nH]4,7.75
29,CHEMBL2392832,CS(=O)(=O)C1CCN(CC1)c2cccc3c2cnn3c4ccnc(N[C@@H]5CC[C@@H](O)CC5)n4,7.77
30,CHEMBL1822309,FC(F)(F)c1ccc2N(CC(=O)Nc3scc(C#N)c3c4cscn4)C(=O)C=Cc2c1,7.77
31,CHEMBL1089007,O[C@@H]1CC[C@H](CC1)Nc2nccc(n2)c3c[nH]nc3C4CCCOC4,7.77
32,CHEMBL507249,O[C@@H]1CC[C@H](CC1)c2n[nH]cc2c3ccnc(NC4CCCC4)n3,7.77
33,CHEMBL1090089,CN1C(=O)C(=Cc2cnc(NC(CCO)CCO)nc12)Oc3ccc(F)cc3F,7.8
34,CHEMBL243575,COc1c(NC(=O)c2cc3cccc(NC(=O)c4ccc(NC5CC5)nc4)c3s2)cc(cc1NS(=O)(=O)C)C(C)(C)C,7.8
35,CHEMBL1232769,C[C@H](CS(=O)(=O)C)Nc1ncc2C=C(Oc3ccc(F)cc3F)C(=O)N(C)c2n1,7.8
36,CHEMBL392614,CCNC(=O)N1CCC[C@@H](C1)Nc2ncc(Cl)c(n2)c3c[nH]c4ccccc34,7.82
37,CHEMBL1822145,Fc1cc2C=CC(=O)N(CC(=O)Nc3scc(Br)c3c4ncn[nH]4)c2cc1F,7.82
38,CHEMBL245733,CC1CCN(CC1)C(=O)N2CCC(CC2)Nc3ncc(Cl)c(n3)c4c[nH]c5ccccc45,7.85
39,CHEMBL1946340,COc1ccc(Nc2ncc3nc(Nc4ccccc4F)n([C@@H]5CC[C@H](O)CC5)c3n2)cc1,7.85
40,CHEMBL2425628,CS(=O)(=O)CCCOc1cccc2c1ccn2c3ccnc(N[C@@H]4CC[C@H](CC4)C(=O)N5CCC(O)CC5)n3,7.89
41,CHEMBL1822305,Cn1cnc(n1)c2c(Br)csc2NC(=O)CN3C(=O)CCc4ncccc34,7.89
42,CHEMBL3577877,CC(C)NC(=O)N[C@@H]1CC[C@H](CC1)Nc2ncc3C=CC(=O)N(C4CCCC4)c3n2,7.92
43,CHEMBL2392840,CS(=O)(=O)C1CCN(CC1)c2cccc3c2ccn3c4ccnc(N[C@@H]5CC[C@H](CC5)C(=O)N6CCn7cnnc7C6)n4,7.92
44,CHEMBL1822149,FC(F)(F)Oc1ccc2N(CC(=O)Nc3scc(Br)c3c4ncn[nH]4)C(=O)C=Cc2c1,7.92
45,CHEMBL211584,CCOc1nc(cc(N)c1C#N)C(=O)NCc2ccc(nc2)c3ccc(cc3)C(=O)O,7.96
46,CHEMBL1946647,N[C@@H]1CC[C@H](CC1)Nc2ncc3nc(Nc4c(F)cc(F)cc4F)n(C5CCCC5)c3n2,7.96
47,CHEMBL1801380,O=C1NCc2[nH]c3c(ccc4cnc(cc34)c5cccc(OCCN6CCOCC6)c5)c12,7.96
48,CHEMBL1822151,Brc1csc(NC(=O)CN2C(=O)C=Cc3cc(ccc23)C#N)c1c4ncn[nH]4,8.0
49,CHEMBL1822152,Brc1csc(NC(=O)CN2C(=O)C=Cc3ccc(cc23)C#N)c1c4ncn[nH]4,8.0
50,CHEMBL1950304,CNC(=O)[C@@H]1CC[C@H](CC1)Nc2ncc3nc(Nc4c(F)cc(F)cc4F)n([C@H]5CCOC5)c3n2,8.0
51,CHEMBL475251,COc1cc(Nc2ncc(F)c(Nc3ccc4OC(C)(C)C(=O)Nc4n3)n2)cc(OC)c1OC,8.0
52,CHEMBL1946333,O[C@@H]1CC[C@H](CC1)Nc2ncc3nc(Nc4ccccc4F)n(C5CCCC5)c3n2,8.0
53,CHEMBL1230122,CN1C(=O)C(=Cc2cnc(NC3CCOCC3)nc12)Oc4ccc(F)cc4F,8.05
54,CHEMBL1682014,Clc1csc(NC(=O)CN2C(=O)CCc3ccccc23)c1c4ncn[nH]4,8.05
55,CHEMBL1946646,N[C@@H]1CC[C@H](CC1)Nc2ncc3nc(Nc4c(F)cccc4F)n(C5CCCC5)c3n2,8.05
56,CHEMBL1822140,Brc1csc(NC(=O)CN2C(=O)C=Cc3cnccc23)c1c4ncn[nH]4,8.1
57,CHEMBL1682015,O=C(CN1C(=O)CCc2ccccc12)Nc3scc(C#N)c3c4ncn[nH]4,8.1
58,CHEMBL1950289,O[C@@H]1CC[C@H](CC1)Nc2ncc3nc(Nc4c(F)cc(F)cc4F)n([C@H]5CCOC5)c3n2,8.16
59,CHEMBL1094014,CN(C)c1c(cnn1Cc2ccccc2)c3ccnc(N[C@@H]4CC[C@@H](O)CC4)n3,8.22
60,CHEMBL245936,CCNC(=O)N1CCC(CC1)Nc2nccc(n2)c3c([nH]c4ccccc34)c5ccccc5,8.3
61,CHEMBL97162,COc1nccc(n1)c2c(ncn2[C@@H]3CC[C@@H](O)CC3)c4ccc(F)cc4,8.3
62,CHEMBL1822146,FC(F)(F)c1ccc2N(CC(=O)Nc3scc(Br)c3c4ncn[nH]4)C(=O)C=Cc2c1,8.3
63,CHEMBL210618,CCOc1nc(NC(=O)Cc2cc(OC)ccc2OC)cc(N)c1C#N,8.4
64,CHEMBL451523,COc1c(NC(=O)Nc2ccc(c3ccc(CN4CCOCC4)nc3)c5ccccc25)cc(cc1NS(=O)(=O)C)C(C)(C)C,8.52
65,CHEMBL3220495,COc1cc(ccc1Nc2ncc(Cl)c(Nc3ccccc3C(=O)N)n2)N4CCOCC4,8.52
66,CHEMBL3217784,NC(=O)c1ccccc1Nc2nc(Nc3ccc(F)cc3)ncc2Cl,8.6
67,CHEMBL381743,Cc1ccc(cc1)n2nc(cc2NC(=O)Nc3ccc(c4ccc(CN5CCOCC5)nc4)c6ccccc36)C(C)(C)C,8.7
68,CHEMBL1801373,O=C1NCc2[nH]c3c(ccc4cnc(\C=C\c5ccccc5)cc34)c12,8.7
69,CHEMBL3220494,COc1ccc(Nc2ncc(Cl)c(Nc3ccccc3C(=O)N)n2)cc1,9.0
70,CHEMBL1801376,Fc1cccc(Nc2cc3c(ccc4c5C(=O)NCc5[nH]c34)cn2)c1,9.0
71,CHEMBL3220493,NC(=O)c1ccccc1Nc2nc(Nc3ccc(cc3)N4CCOCC4)ncc2Cl,9.0
72,CHEMBL3220500,NC(=O)c1ccccc1Nc2nc(Nc3ccc(cc3)C#N)ncc2Cl,9.15
73,CHEMBL3393607,CN(C)C\C=C\C(=O)Nc1cccc(c1)C(=O)Nc2ccc(Nc3nccc(n3)c4cccnc4)cc2,9.16
74,CHEMBL3220498,Cc1cc(Nc2ncc(Cl)c(Nc3ccccc3C(=O)N)n2)ccc1N4CCOCC4,9.16
75,CHEMBL3220497,COc1cc(Nc2ncc(Cl)c(Nc3ccccc3C(=O)N)n2)ccc1N4CCOCC4,9.17
76,CHEMBL3220496,NC(=O)c1ccccc1Nc2nc(Nc3ccc(cc3F)N4CCOCC4)ncc2Cl,9.22
77,CHEMBL3220499,NC(=O)c1ccccc1Nc2nc(Nc3ccc(N4CCOCC4)c(F)c3)ncc2Cl,9.29
78,CHEMBL3393608,CN(C)C\C=C\C(=O)Nc1cccc(c1)C(=O)Nc2ccc(Nc3nccc(n3)c4c(nn5ccccc45)c6ccccc6)cc2,9.3
79,CHEMBL3220502,NC(=O)c1ccccc1Nc2nc(Nc3ccc(cc3)N4CCCC4=O)ncc2Cl,9.62
