,molecule_chembl_id,canonical_smiles,pchembl_value
0,CHEMBL574738,CCN1CCN(Cc2ccc(NC(=O)Nc3ccc(Oc4cc(NC)ncn4)cc3)cc2C(F)(F)F)CC1,7.54
1,CHEMBL3695574,CNS(=O)(=O)Cc1ccc(cc1)n2nc(cc2NC(=O)Nc3ccc(Oc4ccnc5NC(=O)C=Nc45)c6ccccc36)C(C)(C)C,7.54
2,CHEMBL1090979,CN1C(=O)Nc2nccc(Oc3ccc(NC(=O)Nc4cc(nn4c5ccc(C)cc5)C(C)(C)C)c6ccccc36)c12,7.62
3,CHEMBL3695590,COc1cc(ccc1CO)n2nc(cc2NC(=O)Nc3ccc(Oc4ccnc5NC(=O)C=Nc45)c6ccccc36)C(C)(C)C,7.62
4,CHEMBL3695586,COc1ccc(cc1)n2nc(cc2NC(=O)Nc3ccc(Oc4ccnc5NC(=O)N(C)c45)c(Cl)c3Cl)C(C)(C)C,7.64
5,CHEMBL103667,Cc1ccc(cc1)n2nc(cc2NC(=O)Nc3ccc(OCCN4CCOCC4)c5ccccc35)C(C)(C)C,7.72
6,CHEMBL3695577,Cc1ccc(cc1)n2nc(cc2NC(=O)Nc3ccc(Oc4ccnc5NC(=O)C=Nc45)c6ccccc36)C7(C)CC7,7.72
