,molecule_chembl_id,canonical_smiles,pchembl_value
0,CHEMBL2087502,CC(C)c1nnc2cc(ccn12)c3cc(ccc3C)C(=O)NC4CC4,7.57
1,CHEMBL2087504,Cc1ccc(cc1c2ccn3c(nnc3c2)C4CC4)C(=O)NC5CC5,7.59
2,CHEMBL2087745,Cc1c(F)cc(cc1c2c(F)cn3c(nnc3c2F)c4ccncc4Cl)C(=O)NC5CC5,7.64
3,CHEMBL2087508,Cc1ccc(cc1c2ccn3c(nnc3c2)C4CCC4)C(=O)NC5CC5,7.7
4,CHEMBL2087517,COC(C)c1nnc2cc(ccn12)c3cc(cc(F)c3C)C(=O)NC4CC4,7.75
5,CHEMBL2087525,Cc1c(F)cc(cc1c2ccn3c(nnc3c2)C(C)(C)NS(=O)(=O)C)C(=O)NC4CC4,7.77
6,CHEMBL2087500,Cc1ccc(cc1c2ccn3c(nnc3c2)C(C)(C)C)C(=O)NC4CC4,7.8
7,CHEMBL2087521,Cc1c(F)cc(cc1c2ccn3c(nnc3c2)C(C)(C)N)C(=O)NC4CC4,7.81
8,CHEMBL2087747,CN(C)C(C)(C)c1nnc2c(F)c(c(F)cn12)c3cc(cc(F)c3C)C(=O)NC4CC4,7.82
9,CHEMBL2087499,Cc1ccc(cc1c2ccc3c(noc3c2)N4CCCCC4)C(=O)NC5CC5,7.85
10,CHEMBL574738,CCN1CCN(Cc2ccc(NC(=O)Nc3ccc(Oc4cc(NC)ncn4)cc3)cc2C(F)(F)F)CC1,7.89
11,CHEMBL2087746,Cc1c(F)cc(cc1c2c(F)cn3c(nnc3c2F)C(C)(C)N)C(=O)NC4CC4,7.92
12,CHEMBL2087506,Cc1ccc(cc1c2ccn3c(nnc3c2)C4(C)CC4)C(=O)NC5CC5,7.92
13,CHEMBL2170294,Cc1ccccc1N2N=C(C=CC2=O)c3c4NC[C@@H](CO)Cn4nc3c5ccc(F)cc5,7.96
14,CHEMBL2087744,Cc1c(F)cc(cc1c2c(F)cn3c(nnc3c2F)C4CC4)C(=O)NC5CC5,8.0
15,CHEMBL2087522,COC(C)(C)c1nnc2cc(ccn12)c3cc(cc(F)c3C)C(=O)NC4CC4,8.03
16,CHEMBL2087743,CC(C)c1nnc2c(F)c(c(F)cn12)c3cc(cc(F)c3C)C(=O)NC4CC4,8.17
17,CHEMBL2087505,Cc1c(F)cc(cc1c2ccn3c(nnc3c2)C4CC4)C(=O)NC5CC5,8.17
18,CHEMBL2087512,Cc1ccc(cc1c2ccn3c(nnc3c2)c4ccccc4Cl)C(=O)NC5CC5,8.2
19,CHEMBL2087742,Cc1c(F)cc(cc1c2c(F)cn3c(nnc3c2F)C(C)(C)C)C(=O)NC4CC4,8.21
20,CHEMBL561932,CN1C(=O)C=C(Nc2cc(ccc2Cl)C(=O)NC3CC3)c4cnn(c5ccc(F)cc5)c14,8.4
21,CHEMBL2087526,Cc1c(F)cc(cc1c2ccn3c(nnc3c2)C(C)(C)O)C(=O)NC4CC4,8.51
22,CHEMBL2087503,CC(C)c1nnc2cc(ccn12)c3cc(cc(F)c3C)C(=O)NC4CC4,8.52
23,CHEMBL2087501,Cc1c(F)cc(cc1c2ccn3c(nnc3c2)C(C)(C)C)C(=O)NC4CC4,8.7
24,CHEMBL2087509,Cc1c(F)cc(cc1c2ccn3c(nnc3c2)C4CCC4)C(=O)NC5CC5,8.72
25,CHEMBL2087524,CN(C)C(C)(C)c1nnc2cc(ccn12)c3cc(cc(F)c3C)C(=O)NC4CC4,8.77
26,CHEMBL2087513,Cc1c(F)cc(cc1c2ccn3c(nnc3c2)c4ccccc4Cl)C(=O)NC5CC5,8.8
27,CHEMBL2087515,Cc1c(F)cc(cc1c2ccn3c(nnc3c2)c4ccncc4Cl)C(=O)NC5CC5,9.08
28,CHEMBL2087507,Cc1c(F)cc(cc1c2ccn3c(nnc3c2)C4(C)CC4)C(=O)NC5CC5,9.19
