,molecule_chembl_id,canonical_smiles,pchembl_value
0,CHEMBL3654736,Cc1cc(ccn1)c2n[nH]c3cc(NC(=O)NC4(CC4)c5ccc(Cl)cc5)ncc23,7.53
1,CHEMBL3654800,Cc1cc(ccn1)c2n[nH]c3cc(NC(=O)N[C@@H](CN)c4ccccc4)ncc23,7.54
2,CHEMBL3658657,COCCn1cc(cn1)c2n[nH]c3cc(NC(=O)N[C@H](C)c4ccccc4)ncc23,7.55
3,CHEMBL3663090,Cc1cc(ccn1)c2n[nH]c3cc(NC(=O)NC4CCCC(C4)Oc5cccc(F)c5)ncc23,7.55
4,CHEMBL3663122,CCCC(=O)c1n[nH]c2cc(NC(=O)N[C@H](COC)c3ccccc3)ncc12,7.57
5,CHEMBL3658679,CCS(=O)(=O)c1ccc(cn1)c2n[nH]c3cc(NC(=O)N[C@H](C)c4ccc(F)cc4)ncc23,7.58
6,CHEMBL3654854,CC(CNC(=O)Nc1cc2[nH]nc(c3ccc(F)cc3)c2cn1)N(C)C,7.59
7,CHEMBL3654827,CC(CO)NC(=O)Nc1cc2[nH]nc(c3ccnc(C)c3)c2cn1,7.59
8,CHEMBL3658688,CCO[C@@H]1CN(C)C[C@H]1NC(=O)Nc2cc3[nH]nc(c4ccc(F)cc4)c3cn2,7.59
9,CHEMBL3797667,C[C@@H](NC(=O)c1ccc2[nH]nc(c3ccncc3)c2c1)c4cccc(Cl)c4,7.59
10,CHEMBL3662948,Cc1cc(ccn1)c2n[nH]c3cc(NC(=O)NC4(CN)CCc5cc(F)ccc45)ncc23,7.59
11,CHEMBL3658727,Cc1cc(ccn1)c2n[nH]c3cc(NC(=O)N[C@@H](CO)c4cccc5cc[nH]c45)ncc23,7.59
12,CHEMBL3298567,Cc1onc(C)c1Nc2ncc3CCN(Cc3n2)C(=O)N[C@H](CO)c4ccc(F)c(Cl)c4,7.59
13,CHEMBL3663017,C[C@@H](NC(=O)Nc1cc2[nH]nc(CNCC(F)F)c2cn1)c3ccccc3,7.6
14,CHEMBL3298678,OC[C@@H](NC(=O)N1CCc2cnc(NC3CCOCC3)nc2C1)c4ccc(Cl)c(F)c4,7.6
15,CHEMBL507361,OC[C@@H](O)CONC(=O)c1ccc(F)c(F)c1Nc2ccc(I)cc2F,7.6
16,CHEMBL3658661,COCCN(C)c1ncc(cn1)c2n[nH]c3cc(NC(=O)N[C@H](C)c4ccccc4)ncc23,7.61
17,CHEMBL3658673,COC[C@@H](NC(=O)Nc1cc2[nH]nc(c3ccc(nc3)C(F)(F)F)c2cn1)c4ccc(F)cc4,7.61
18,CHEMBL3658748,Cc1cc(ccn1)c2n[nH]c3cc(NC(=O)NCC(N4CCOCC4)c5ccccn5)ncc23,7.61
19,CHEMBL3654831,CC[C@H](CO)NC(=O)Nc1cc2[nH]nc(c3ccnc(C)c3)c2cn1,7.62
20,CHEMBL3654851,CN(C)CCNC(=O)Nc1cc2[nH]nc(c3ccc(F)cc3)c2cn1,7.62
21,CHEMBL3654866,COCC(NC(=O)Nc1cc2[nH]nc(c3ccnc(C)c3)c2cn1)c4ccc(cn4)C(F)(F)F,7.62
22,CHEMBL3663124,COC[C@@H](NC(=O)Nc1cc2[nH]nc(C3=NOC(C)C3)c2cn1)c4ccccc4,7.62
23,CHEMBL3671128,COCc1cccc(c1)c2cnc3ccc(NC(=O)N[C@H](C)CCCc4ccccc4)nc3n2,7.62
24,CHEMBL3663007,Cc1cc(ccn1)c2n[nH]c3cc(NC(=O)N[C@@H]([C@@H]4CCCO4)c5ccccc5)ncc23,7.62
25,CHEMBL219849,OCC(NC(=O)c1cc(c[nH]1)c2[nH]ncc2c3cccc(Cl)c3)c4cccc(F)c4,7.62
26,CHEMBL3800134,OCC(NC(=O)c1ccc2[nH]nc(c3ccncc3)c2c1)c4cccc(Cl)c4,7.62
27,CHEMBL3658848,COC[C@H](NC(=O)Nc1cc2[nH]nc(c3ccc(F)cc3)c2cn1)c4ccccn4,7.63
28,CHEMBL3654823,Cc1cc(ccn1)c2n[nH]c3cc(NC(=O)NC4CCOC(C)(C)C4)ncc23,7.63
29,CHEMBL3663136,Cc1onc(c1)c2n[nH]c3cc(NC(=O)N[C@H](COCC4CC4)c5ccccc5)ncc23,7.63
30,CHEMBL3654770,Fc1ccc(CNC(=O)Nc2cc3[nH]nc(C4CC4)c3cn2)cc1,7.63
31,CHEMBL3663067,CC(O)c1n[nH]c2cc(NC(=O)N[C@H](C)c3ccccc3)ncc12,7.64
32,CHEMBL3298310,CC[C@@H](NC(=O)N1CCc2cnc(N[C@@H](C)CO)nc2C1)c3ccc(Cl)c(Cl)c3,7.64
33,CHEMBL3577636,COc1ccc(cc1)N2C(=O)\C(=C\c3ccc(OCC(=O)Nc4ccccc4)cc3)\N=C2c5ccccc5,7.64
34,CHEMBL3577637,COc1ccc(cc1)N2C(=O)\C(=C\c3ccc(OCC(=O)Nc4ccccc4C)cc3)\N=C2c5ccccc5,7.64
35,CHEMBL3298418,C[C@@H](NC(=O)N1CCc2cnc(Nc3ccnc(C)c3)nc2C1)c4ccc(Cl)c(Cl)c4,7.64
36,CHEMBL3798692,CC(NC(=O)c1ccc2[nH]nc(c3cc(F)c(O)c(F)c3)c2c1)c4cccc(Cl)c4,7.65
37,CHEMBL3658756,Cc1cc(ccn1)c2n[nH]c3cc(NC(=O)NCc4cn5c(C)cccc5n4)ncc23,7.65
38,CHEMBL3658755,Cc1ccc2nc(CNC(=O)Nc3cc4[nH]nc(c5ccnc(C)c5)c4cn3)cn2c1,7.65
39,CHEMBL3799614,Clc1cc(CNC(=O)c2ccc3[nH]nc(c4ccncc4)c3c2)ccn1,7.65
40,CHEMBL3654819,CC1=NOC(C)(CNC(=O)Nc2cc3[nH]nc(c4ccnc(C)c4)c3cn2)C1,7.66
41,CHEMBL3654861,C[C@H](NC(=O)Nc1cc2[nH]nc(c3ccnc(C)c3)c2cn1)c4ccncc4,7.66
42,CHEMBL3590121,FC(F)(F)c1cnc(NC2CCOCC2)nc1Nc3ccccc3NC(=O)C=C,7.66
43,CHEMBL219790,OCC(NC(=O)c1cc(c[nH]1)c2[nH]ncc2c3cccc(Cl)c3)c4ccc(F)c(F)c4,7.66
44,CHEMBL3663107,C[C@@H](NC(=O)Nc1cc2[nH]nc(C(F)F)c2cn1)c3ccc(F)cc3,7.67
45,CHEMBL3663130,FC(F)c1n[nH]c2cc(NC(=O)N[C@H](COCC3CC3)c4ccccc4)ncc12,7.67
46,CHEMBL3577641,COc1ccc(cc1)N2C(=O)\C(=C\c3ccc(OCC(=O)Nc4cccc(OC)c4)cc3)\N=C2c5ccccc5,7.68
47,CHEMBL3298308,C[C@@H](CO)Nc1ncc2CCN(Cc2n1)C(=O)N[C@H](C)c3ccc(Cl)c(Cl)c3,7.68
48,CHEMBL3298983,C[C@@H](NC(=O)N1CCc2cnc(NC3CCOCC3)nc2C1)c4ccc5cc[nH]c5c4,7.68
49,CHEMBL3663052,COC[C@H](NC(=O)Nc1cc2[nH]nc(c3ccnc(F)c3)c2cn1)c4ccccc4,7.69
50,CHEMBL3298305,CCNc1ncc2CCN(Cc2n1)C(=O)N[C@H](CO)c3ccc(F)c(Cl)c3,7.7
51,CHEMBL3658779,COC[C@H](NC(=O)Nc1cc2[nH]nc(c3ccnc(C)c3)c2cn1)c4ccccn4,7.7
52,CHEMBL3658765,Cc1cc(ccn1)c2n[nH]c3cc(NC(=O)NCCN4CCC(C4)c5ccccc5)ncc23,7.7
53,CHEMBL3398598,Oc1ccc(NC(=O)[C@@H]2CCN(CC(=O)N3CCN(CC3)c4ccc(cc4)c5ncccn5)C2)cc1Cl,7.7
54,CHEMBL3663117,C[C@@H](NC(=O)Nc1cc2[nH]nc(c3cc(CO)on3)c2cn1)c4ccccn4,7.71
55,CHEMBL3798163,O=C(NCCc1ccccc1)c2ccc3[nH]nc(c4ccncc4)c3c2,7.71
56,CHEMBL3654758,C[C@@H](NC(=O)Nc1cc2[nH]nc(C(=O)NCC(F)(F)CN3CCCC3)c2cn1)c4ccccc4,7.72
57,CHEMBL3590118,Clc1cnc(NC2CCOCC2)nc1Nc3ccccc3NC(=O)C=C,7.72
58,CHEMBL3654810,CN1C[C@H](NC(=O)Nc2cc3[nH]nc(c4ccnc(C)c4)c3cn2)[C@H](C1)c5ccccc5,7.73
59,CHEMBL3658709,Cc1cc(ccn1)c2n[nH]c3cc(NC(=O)NC4(CC4)c5ccc(F)cc5)ncc23,7.73
60,CHEMBL3654818,CC1=NOC(CNC(=O)Nc2cc3[nH]nc(c4ccnc(C)c4)c3cn2)C1,7.75
61,CHEMBL3798015,Cc1cc(ccn1)c2n[nH]c3ccc(cc23)C(=O)NC(CO)c4cccc(Cl)c4,7.75
62,CHEMBL3663079,COCCNC(=O)Nc1cc2[nH]nc(c3cc(C)nc(OC)c3)c2cn1,7.76
63,CHEMBL3654772,O=C(NCc1ccccc1)Nc2cc3[nH]nc(C4CC4)c3cn2,7.76
64,CHEMBL3590110,C=CS(=O)(=O)Nc1ccc2[nH]nc(c3ccncc3)c2c1,7.77
65,CHEMBL3298982,OC[C@@H](NC(=O)N1CCc2cnc(NC3CCOCC3)nc2C1)c4ccc(Cl)c(Cl)c4,7.77
66,CHEMBL3798257,CC(NC(=O)c1ccc2[nH]nc(c3ccnc(C)c3)c2c1)c4c(Cl)cncc4Cl,7.78
67,CHEMBL3797587,CC(NC(=O)c1ccc2[nH]nc(c3ccncc3)c2c1)c4ccccc4Cl,7.78
68,CHEMBL3680612,CC(C)(N)C(=O)OC[C@@H](N1C=CC(=CC1=O)c2ccnc(NC3CCOCC3)n2)c4ccc(Cl)c(F)c4,7.8
69,CHEMBL3799819,CC(C)Nc1cc(c(Cl)cn1)c2c[nH]c(c2)C(=O)N[C@H](CO)c3ccccc3,7.8
70,CHEMBL3663054,COCCNC(=O)Nc1cc2[nH]nc(c3ccnc(OC(C)C)c3)c2cn1,7.8
71,CHEMBL3654695,Cc1cc(ccn1)c2n[nH]c3cc(NC(=O)NCc4ncccn4)ncc23,7.8
72,CHEMBL3675714,OC[C@@H](N1C=CC(=CC1=O)c2cc(NC3CCOCC3)ncn2)c4ccc(Cl)c(F)c4,7.8
73,CHEMBL3797827,Nc1cc(ccn1)c2n[nH]c3ccc(cc23)C(=O)NC(CO)c4cccc(Cl)c4,7.81
74,CHEMBL3409594,OCC(N1C=CC(=NC1=O)c2ccnc(NC3CCOCC3)n2)c4ccc(Cl)c(F)c4,7.81
75,CHEMBL3654684,COc1ccc(CNC(=O)Nc2cc3[nH]nc(c4ccc(F)cc4)c3cn2)cc1OC,7.82
76,CHEMBL3663016,C[C@@H](NC(=O)Nc1cc2[nH]nc(CNCC(F)(F)F)c2cn1)c3ccccc3,7.82
77,CHEMBL3654832,C[C@H]1CN(C)C[C@@H]1NC(=O)Nc2cc3[nH]nc(c4ccnc(C)c4)c3cn2,7.82
78,CHEMBL3654728,Cc1cc(ccn1)c2n[nH]c3cc(NC(=O)NC4(CCOCC4)c5ccc(Cl)cc5)ncc23,7.82
79,CHEMBL3654815,Cc1cc(ccn1)c2n[nH]c3cc(NC(=O)N[C@H]4COC[C@@H]4O)ncc23,7.82
80,CHEMBL571722,Cc1cnc(Nc2cccc3OCCOc23)nc1c4c[nH]c(c4)C(=O)N[C@H](CO)c5cccc(Cl)c5,7.82
81,CHEMBL3639536,C[C@@H](NC(=O)Nc1cc2[nH]nc(C(=O)NCC34CC5CC(C3)C(O)C(C5)C4)c2cn1)c6ccccc6,7.83
82,CHEMBL3658646,Cc1cc(ccn1)c2n[nH]c3cc(NC(=O)N[C@H]4CCOc5cc(F)ccc45)ncc23,7.83
83,CHEMBL3654765,CC(C)CC(O)CNC(=O)c1n[nH]c2cc(NC(=O)N[C@H](C)c3ccccc3)ncc12,7.84
84,CHEMBL3680615,CCn1nccc1Nc2nccc(n2)C3=CC(=O)N(C=C3)C(=C)c4ccc(Cl)c(F)c4,7.84
85,CHEMBL3663014,C[C@@H](NC(=O)Nc1cc2[nH]nc(CC#N)c2cn1)c3ccccc3,7.84
86,CHEMBL3298312,CC[C@@H](NC(=O)N1CCc2cnc(N[C@@H](C)CO)nc2C1)c3ccc(OC)c(Cl)c3,7.85
87,CHEMBL3654693,Cc1cc(ccn1)c2n[nH]c3cc(NC(=O)NCc4cncn4C)ncc23,7.85
88,CHEMBL3658769,Cc1cc(ccn1)c2n[nH]c3cc(NC(=O)N[C@@H]4CN[C@@H](C4)c5ccccc5)ncc23,7.85
89,CHEMBL3409597,OCC(N1C=CC(=CC1=O)c2cc(NC3CCOCC3)ncn2)c4ccc(Cl)c(F)c4,7.85
90,CHEMBL375544,OCC(NC(=O)c1cc(c[nH]1)c2[nH]ncc2c3cccc(Cl)c3)c4ccc(Cl)cc4,7.85
91,CHEMBL3398603,Oc1ccc(NC(=O)[C@@H]2CCN(CC(=O)N3CCN(CC3)c4ccc(cc4)c5cnccn5)C2)cc1Cl,7.85
92,CHEMBL3675716,CCc1nccc(Nc2nccc(n2)C3=CC(=O)N(C=C3)C(CO)c4ccc(Cl)c(F)c4)n1,7.86
93,CHEMBL3675709,C[C@@H](CO)Nc1nccc(n1)C2=CC(=O)N(C=C2)C(CO)c3cccc(Cl)c3,7.86
94,CHEMBL3658757,Cc1cc(ccn1)c2n[nH]c3cc(NC(=O)NCc4cn5cccc(C)c5n4)ncc23,7.86
95,CHEMBL3654761,COC(C)CNC(=O)c1n[nH]c2cc(NC(=O)N[C@H](C)c3ccccc3)ncc12,7.87
96,CHEMBL3639619,COCCNC(=O)Nc1cc2[nH]nc(c3ccc4cn(C)nc4c3)c2cn1,7.87
97,CHEMBL3654759,C[C@@H](NC(=O)Nc1cc2[nH]nc(C(=O)NCC3CCN(C3)C4CC4)c2cn1)c5ccccc5,7.87
98,CHEMBL3663108,C[C@@H](NC(=O)Nc1cc2[nH]nc(C(F)F)c2cn1)c3ccccc3,7.87
99,CHEMBL3654821,Cc1cc(ccn1)c2n[nH]c3cc(NC(=O)NC(CO)C(F)(F)F)ncc23,7.87
100,CHEMBL3675704,OC[C@@H](N1N=CC(=CC1=O)c2ccnc(NC3CCOCC3)n2)c4ccc(Cl)c(F)c4,7.87
101,CHEMBL3799117,CC(NC(=O)c1ccc2[nH]nc(c3ccnc(C)c3)c2c1)c4c(Cl)cnc(Cl)c4Cl,7.88
102,CHEMBL3663112,C[C@@H](NC(=O)Nc1cc2[nH]nc(c3ccc(OC(F)(F)F)cc3)c2cn1)c4ccccc4,7.88
103,CHEMBL3658747,Cc1cc(ccn1)c2n[nH]c3cc(NC(=O)N[C@H]4CCCC(F)(F)[C@@H]4O)ncc23,7.88
104,CHEMBL3658739,CC(NC(=O)Nc1cc2[nH]nc(c3ccnc(C)c3)c2cn1)c4ccc(cc4)n5cncn5,7.89
105,CHEMBL3658766,CC1CC(NC(Nc2cc3[nH]nc(c4ccnc(C)c4)c3cn2)O1)c5ccc(Cl)cc5,7.89
106,CHEMBL570111,Cc1cnc(Nc2cccc3CCCCc23)nc1c4c[nH]c(c4)C(=O)N[C@H](CO)c5cccc(Cl)c5,7.89
107,CHEMBL3590123,Cn1nccc1Nc2ncc(Cl)c(Nc3ccccc3NC(=O)C=C)n2,7.89
108,CHEMBL3654776,Fc1ccc(CNC(=O)Nc2cc3[nH]nc(C4CCC4)c3cn2)cc1,7.89
109,CHEMBL3662983,CC(NC(=O)Nc1cc2[nH]nc(c3ccnc(C)c3)c2cn1)C4CCOC4,7.9
110,CHEMBL3663040,COC[C@H](NC(=O)Nc1cc2[nH]nc(c3ccnc(C)c3)c2cn1)c4ccccc4,7.9
111,CHEMBL3799716,Clc1cccc(CNC(=O)c2ccc3[nH]nc(c4ccncc4)c3c2)c1,7.9
112,CHEMBL3663059,Fc1ccc(cc1)c2n[nH]c3cc(NC(=O)NC4CCOC4)ncc23,7.9
113,CHEMBL3663129,CCOC[C@@H](NC(=O)Nc1cc2[nH]nc(C(F)F)c2cn1)c3ccccc3,7.92
114,CHEMBL3663137,COCCOC[C@@H](NC(=O)Nc1cc2[nH]nc(c3cc(C)on3)c2cn1)c4ccccc4,7.92
115,CHEMBL3298984,C[C@@H](NC(=O)N1CCc2cnc(NC3CCOCC3)nc2C1)c4ccc(Cl)c(F)c4,7.92
116,CHEMBL3654766,C[C@@H](NC(=O)Nc1cc2[nH]nc(C(=O)NCC3(O)CCC3)c2cn1)c4ccccc4,7.92
117,CHEMBL3654745,Cc1cc(ccn1)c2n[nH]c3cc(NC(=S)NCc4ccccc4)ncc23,7.92
118,CHEMBL3799113,Fc1c(Cl)ccc(CNC(=O)c2ccc3[nH]nc(c4ccncc4)c3c2)c1Cl,7.92
119,CHEMBL3680613,OC[C@@H](N1C=CC(=CC1=O)c2ccnc(NC3CCOCC3)n2)c4cc5cc(F)ccc5[nH]4,7.92
120,CHEMBL3654829,COCC(C)NC(=O)Nc1cc2[nH]nc(c3ccnc(C)c3)c2cn1,7.93
121,CHEMBL3654874,C[C@@H](NC(=O)Nc1cc2[nH]nc(c3ccc(C)s3)c2cn1)c4ccc(F)cc4,7.93
122,CHEMBL3658806,Cc1cc(ccn1)c2n[nH]c3cc(NC(=O)NCc4ccc(Cl)cc4Cl)ncc23,7.93
123,CHEMBL3675708,COc1ccc(cc1F)[C@@H]([C@H]2CCCN2)N3C=CC(=CC3=O)c4ccnc(NC5CCOCC5)n4,7.94
124,CHEMBL3662964,Cc1cc(ccn1)c2n[nH]c3cc(NC(=O)NCc4ccc[n+]([O-])c4)ncc23,7.94
125,CHEMBL3658852,CN(C)[C@@H]1Cc2ccccc2[C@H]1NC(=O)Nc3cc4[nH]nc(c5ccnc(C)c5)c4cn3,7.95
126,CHEMBL3654777,O=C(NCc1ccccc1)Nc2cc3[nH]nc(C4CCC4)c3cn2,7.95
127,CHEMBL3658768,CCC(C)C(NC(=O)Nc1cc2[nH]nc(c3ccnc(C)c3)c2cn1)c4ccc(Cl)cc4,7.96
128,CHEMBL3654763,COCC(O)CNC(=O)c1n[nH]c2cc(NC(=O)N[C@H](C)c3ccccc3)ncc12,7.96
129,CHEMBL3297853,COC[C@@H](NC(=O)N1CCc2cnc(NC(C)C)nc2C1)c3ccc(F)c(Cl)c3,7.96
130,CHEMBL3663128,COC[C@@H](NC(=O)Nc1cc2[nH]nc(C(F)F)c2cn1)c3ccccc3,7.96
131,CHEMBL3658834,COc1cc(CNC(=O)Nc2cc3[nH]nc(c4ccnc(C)c4)c3cn2)on1,7.96
132,CHEMBL3654781,C[C@@H](NC(=O)Nc1cc2[nH]nc(C3CCC3)c2cn1)c4ccc(Cl)cc4,7.96
133,CHEMBL3604844,Fc1ccc(cc1)c2n[nH]c3CCN(Cc23)C4=CC(=O)N(Cc5ccccc5)C=C4,7.96
134,CHEMBL3658843,CN(C)C[C@H](NC(=O)Nc1cc2[nH]nc(c3ccnc(C)c3)c2cn1)c4ccccc4,7.97
135,CHEMBL3654747,COCCNC(=O)c1n[nH]c2cc(NC(=O)N[C@H](C)c3ccccc3)ncc12,7.97
136,CHEMBL3654733,C[C@@H](NC(=O)Nc1cc2[nH]nc(C3CC3)c2cn1)c4ccc(F)c(Cl)c4,7.97
137,CHEMBL3663033,Cc1cc(ccn1)c2n[nH]c3cc(NC(=O)NC4CCNC4)ncc23,7.97
138,CHEMBL3654780,C[C@@H](NC(=O)Nc1cc2[nH]nc(C3CC3)c2cn1)c4ccc(Cl)cc4,7.98
139,CHEMBL3658715,Cc1cc(ccn1)c2n[nH]c3cc(NC(=O)NC4(CC4)c5ccccc5)ncc23,7.98
140,CHEMBL3675713,OC[C@@H](N1C=CC(=CC1=O)c2ccnc(NC3CCOCC3)n2)c4cc(F)cc(F)c4,7.98
141,CHEMBL3658833,CCn1cc(CNC(=O)Nc2cc3[nH]nc(c4ccnc(C)c4)c3cn2)cn1,7.99
142,CHEMBL3654721,Cc1cc(ccn1)c2n[nH]c3cc(NC(=O)NC(C)(C)c4ccc(Cl)cc4)ncc23,7.99
143,CHEMBL3654816,Cc1cc(ccn1)c2n[nH]c3cc(NC(=O)NCC(O)C(F)F)ncc23,7.99
144,CHEMBL3658849,Cc1cc(ccn1)c2n[nH]c3cc(NC(=O)NCc4ncc(Cl)cc4F)ncc23,7.99
145,CHEMBL3357949,CC(C)CNc1ncc2CCN(Cc2n1)C(=O)N[C@H](CO)c3ccc(F)c(Cl)c3,8.0
146,CHEMBL3663118,COC[C@@H](NC(=O)Nc1cc2[nH]nc(C(F)F)c2cn1)c3ccc(F)cc3,8.0
147,CHEMBL3654688,Cc1cc(ccn1)c2n[nH]c3cc(NC(=O)NCC4(O)CC4)ncc23,8.0
148,CHEMBL3680614,CC(=O)OC[C@@H](N1C=CC(=CC1=O)c2ccnc(Nc3ccnn3C)n2)c4ccc(Cl)c(F)c4,8.01
149,CHEMBL3658691,COC[C@H](NC(=O)Nc1cc2[nH]nc(c3ccnc(C)c3)c2cn1)c4ccc(F)cc4,8.01
150,CHEMBL3654870,C[C@@H](NC(=O)Nc1cc2[nH]nc(c3ccc(nc3)N4CCCCC4)c2cn1)c5ccc(F)cc5,8.01
151,CHEMBL3658650,Cc1cc(ccn1)c2n[nH]c3cc(NC(=O)N[C@@H](c4ccc(F)cc4)C(F)(F)F)ncc23,8.01
152,CHEMBL3798624,C[C@H](NC(=O)c1ccc2[nH]nc(c3ccnc(C)c3)c2c1)c4c(Cl)cccc4Cl,8.02
153,CHEMBL3658655,Cc1cc(ccn1)c2n[nH]c3cc(NC(=O)NC4CCOc5cc(F)ccc45)ncc23,8.02
154,CHEMBL3658723,COc1ccc(cc1)C2(CC2)NC(=O)Nc3cc4[nH]nc(c5ccnc(C)c5)c4cn3,8.03
155,CHEMBL3654724,C[C@@H](NC(=O)Nc1cc2[nH]nc(c3ccc(F)cc3)c2cn1)c4ccc(F)c(Cl)c4,8.03
156,CHEMBL3797242,Clc1cncc(Cl)c1CNC(=O)c2ccc3[nH]nc(c4ccncc4)c3c2,8.03
157,CHEMBL3663101,C[C@@H](NC(=O)Nc1cc2[nH]nc(C3=CNCN=C3)c2cn1)c4ccc(F)cc4,8.04
158,CHEMBL3654793,C[C@@H](NC(=O)Nc1cc2[nH]nc(C3CC3(F)F)c2cn1)c4ccc(F)cc4,8.05
159,CHEMBL3663086,C[C@@H](NC(=O)Nc1cc2[nH]nc(c3ccn(n3)C4COC4)c2cn1)c5ccccc5,8.05
160,CHEMBL361708,NC1=NC(=O)\C(=C\2/CCNC(=O)c3[nH]c(Br)cc23)\N1,8.05
161,CHEMBL3298306,OCCNc1ncc2CCN(Cc2n1)C(=O)N[C@H](CO)c3ccc(F)c(Cl)c3,8.05
162,CHEMBL3675717,FC(F)(F)Oc1ccc(CCN2C=CC(=CC2=O)c3ccnc(NC4CCOCC4)n3)cc1,8.06
163,CHEMBL3658760,Cc1cc(ccn1)c2n[nH]c3cc(NC(=O)NC4CC(=O)Nc5ccc(F)cc45)ncc23,8.07
164,CHEMBL3658830,Cc1cc(ccn1)c2n[nH]c3cc(NC(=O)NC4CCCOC4)ncc23,8.07
165,CHEMBL3658820,Cc1cc(ccn1)c2n[nH]c3cc(NC(=O)NCC4CCCO4)ncc23,8.07
166,CHEMBL3680611,Fc1cc(CN2C=CC(=CC2=O)c3ccnc(NC4CCOCC4)n3)cc5[nH]ccc15,8.07
167,CHEMBL3654836,CN1C[C@H](NC(=O)Nc2cc3[nH]nc(c4ccnc(C)c4)c3cn2)[C@H](C1)C5CC5,8.08
168,CHEMBL3654757,C[C@@H](NC(=O)Nc1cc2[nH]nc(C(=O)NCCC3(O)CCCC3)c2cn1)c4ccccc4,8.08
169,CHEMBL3658642,Cc1cc(ccn1)c2n[nH]c3cc(NC(=O)N[C@@H]4CCCOc5ccccc45)ncc23,8.08
170,CHEMBL3658654,Cc1cc(ccn1)c2n[nH]c3cc(NC(=O)N[C@H]4CCCOc5ccccc45)ncc23,8.08
171,CHEMBL3654822,Cc1cc(ccn1)c2n[nH]c3cc(NC(=O)NCC(O)C(F)(F)F)ncc23,8.09
172,CHEMBL3297857,CC(C)Nc1ncc2CCN(Cc2n1)C(=O)N[C@H](CNCCO)c3ccc(F)c(Cl)c3,8.1
173,CHEMBL3797917,Cc1cc(ccn1)c2n[nH]c3ccc(cc23)C(=O)NCc4c(Cl)cnc(Cl)c4Cl,8.1
174,CHEMBL3654792,C[C@@H](NC(=O)Nc1cc2[nH]nc(C3CC3(F)F)c2cn1)c4ccccc4,8.11
175,CHEMBL3663119,C[C@@H](NC(=O)Nc1cc2[nH]nc(c3oc(C)nn3)c2cn1)c4ccccc4,8.11
176,CHEMBL3663050,COCc1n[nH]c2cc(NC(=O)N[C@H](C)c3ccccc3)ncc12,8.12
177,CHEMBL3658759,Cc1cc(ccn1)c2n[nH]c3cc(NC(=O)NCc4cc5ccccc5cn4)ncc23,8.12
178,CHEMBL3409608,OC[C@@H](N1C=CC(=CC1=O)c2ccnc(NC(CF)CF)n2)c3ccc(Cl)c(F)c3,8.13
179,CHEMBL3654797,COC[C@@H](NC(=O)Nc1cc2[nH]nc(c3ccnc(C)c3)c2cn1)c4cc(F)ccn4,8.14
180,CHEMBL3663027,Cc1cc(ccn1)c2n[nH]c3cc(NC(=O)NCCO)ncc23,8.14
181,CHEMBL3297858,CC(C)Nc1ncc2CCN(Cc2n1)C(=O)N[C@H](CNS(=O)(=O)C)c3ccc(F)c(Cl)c3,8.16
182,CHEMBL3604846,CN1C=C(C=CC1=O)c2n[nH]c3CCN(Cc23)C4=CC(=O)N(Cc5ccccc5)C=C4,8.16
183,CHEMBL3577644,COc1ccc(cc1)N2C(=O)\C(=C\c3ccc(OCC(=O)Nc4cccc(Cl)c4)cc3)\N=C2c5ccccc5,8.16
184,CHEMBL3298199,C[C@@H](NC(=O)N1CCc2cnc(N[C@H]3CCO[C@@H](CO)C3)nc2C1)c4ccc(Cl)c(Cl)c4,8.16
185,CHEMBL3298677,Cc1cc(Nc2ncc3CCN(Cc3n2)C(=O)N[C@H](CO)c4ccc(F)c(Cl)c4)ccn1,8.16
186,CHEMBL220897,OCC(NC(=O)c1cc(c[nH]1)c2[nH]ncc2c3cccc(Cl)c3)c4cc(Cl)cc(Cl)c4,8.16
187,CHEMBL3797756,OC[C@@H](NC(=O)c1ccc2[nH]nc(c3ccncc3)c2c1)c4cccc(Cl)c4,8.16
188,CHEMBL3658745,CC(=O)OC1CCCC(C1)NC(=O)Nc2cc3[nH]nc(c4ccnc(C)c4)c3cn2,8.17
189,CHEMBL3409592,CC1=CN(C(CO)c2ccc(Cl)c(F)c2)C(=O)C=C1c3ccnc(NC4CCOCC4)n3,8.17
190,CHEMBL3663135,CCOC[C@@H](NC(=O)Nc1cc2[nH]nc(c3cc(C)on3)c2cn1)c4ccccc4,8.17
191,CHEMBL3654835,CN1C[C@H](NC(=O)Nc2cc3[nH]nc(c4ccnc(C)c4)c3cn2)[C@H](C1)C5CCCCC5,8.17
192,CHEMBL3409607,COCC[C@H](C)Nc1nccc(n1)C2=CC(=O)N(C=C2)[C@H](CO)c3ccc(Cl)c(F)c3,8.17
193,CHEMBL3590120,Clc1cnc(NC2CCOCC2)nc1Nc3ccncc3NC(=O)C=C,8.17
194,CHEMBL3658714,CC(NC(=O)Nc1cc2[nH]nc(c3ccnc(C)c3)c2cn1)c4ncccc4C,8.18
195,CHEMBL3654803,CCc1c(NC(=O)N[C@H](C)c2ccccc2)ncc3c(n[nH]c13)c4ccnc(C)c4,8.18
196,CHEMBL3658752,CN1CCC(O)(CNC(=O)Nc2cc3[nH]nc(c4ccnc(C)c4)c3cn2)CC1,8.18
197,CHEMBL3658801,Cc1cc(ccn1)c2n[nH]c3cc(NC(=O)NCc4nncs4)ncc23,8.18
198,CHEMBL3658678,COc1cc(ccn1)c2n[nH]c3cc(NC(=O)N[C@H](C)c4ccc(F)cc4)ncc23,8.19
199,CHEMBL3654756,C[C@@H](NC(=O)Nc1cc2[nH]nc(C(=O)NCC(F)(F)CN3CCOCC3)c2cn1)c4ccccc4,8.19
200,CHEMBL3654705,Cc1cc(ccn1)c2n[nH]c3cc(NC(=O)NCc4ccc(cc4)C(F)(F)F)ncc23,8.19
201,CHEMBL3409609,COC[C@@H](CO)Nc1nccc(n1)C2=CC(=O)N(C=C2)[C@H](CO)c3ccc(Cl)c(F)c3,8.2
202,CHEMBL3654755,C[C@@H](NC(=O)Nc1cc2[nH]nc(C(=O)NCC3(O)CC3)c2cn1)c4ccccc4,8.2
203,CHEMBL3654743,Cc1cc(ccn1)c2n[nH]c3c(Cl)c(NC(=O)NCc4ccccc4)ncc23,8.2
204,CHEMBL3658746,Cc1cc(ccn1)c2n[nH]c3cc(NC(=O)NCCc4nc5ccccc5n4C)ncc23,8.2
205,CHEMBL3658637,Cc1cc(ccn1)c2n[nH]c3cc(NC(=O)N[C@@H]4CCOc5cc(F)ccc45)ncc23,8.2
206,CHEMBL3675707,OC[C@@H](N1C=CC(=CC1=O)c2ccnc(N[C@@H]3C[C@@H]4C[C@H]3CO4)n2)c5ccc(Cl)c(F)c5,8.2
207,CHEMBL3663064,C[C@@H](NC(=O)Nc1cc2[nH]nc(CO)c2cn1)c3ccccc3,8.21
208,CHEMBL3654735,C[C@@H](NC(=O)Nc1cc2[nH]nc(c3ccc(cc3)C#N)c2cn1)c4cccc(Cl)c4,8.21
209,CHEMBL3663081,C[C@@H](NC(=O)Nc1cc2[nH]nc(c3ccnc(F)c3)c2cn1)c4ccc(F)cc4,8.21
210,CHEMBL3658744,Cc1cc(ccn1)c2n[nH]c3cc(NC(=O)NC4CCCC(O)C4)ncc23,8.21
211,CHEMBL3297851,CC(C)Nc1ncc2CCN(Cc2n1)C(=O)N[C@H]([C@H](C)O)c3ccc(F)c(Cl)c3,8.22
212,CHEMBL3658705,CC(NC(=O)Nc1cc2[nH]nc(c3ccnc(C)c3)c2cn1)c4ccc(C)cn4,8.22
213,CHEMBL3663075,COCCNC(=O)Nc1cc2[nH]nc(c3ccccc3)c2cn1,8.22
214,CHEMBL3663131,COCCOC[C@@H](NC(=O)Nc1cc2[nH]nc(C(F)F)c2cn1)c3ccccc3,8.22
215,CHEMBL3671116,COc1ccc(cc1OC)c2cnc3ccc(NC(=O)NCCCCc4ccccc4)nc3n2,8.22
216,CHEMBL3671117,COc1ccccc1c2cnc3ccc(NC(=O)N[C@H](C)CCCc4ccccc4)nc3n2,8.22
217,CHEMBL3671115,C[C@H](CCCc1ccccc1)NC(=O)Nc2ccc3ncc(nc3n2)c4c(C)n[nH]c4C,8.22
218,CHEMBL3671119,C[C@H](CCCc1ccccc1)NC(=O)Nc2ccc3ncc(nc3n2)c4cccc(CO)c4,8.22
219,CHEMBL3671118,C[C@H](CCCc1ccccc1)NC(=O)Nc2ccc3ncc(nc3n2)c4cnn(C)c4,8.22
220,CHEMBL3658840,Cc1cc(ccn1)c2n[nH]c3cc(NC(=O)NCc4ccc(Cl)cn4)ncc23,8.22
221,CHEMBL3298676,Cn1cc(Nc2ncc3CCN(Cc3n2)C(=O)N[C@H](CO)c4ccc(F)c(Cl)c4)cn1,8.22
222,CHEMBL359106,NC1=N\C(=C\2/CCNC(=O)c3[nH]c(Br)cc23)\C(=O)N1,8.22
223,CHEMBL3671114,O=C(NCCCCc1ccccc1)Nc2ccc3ncc(nc3n2)N4CCOCC4,8.22
224,CHEMBL220054,OCC(NC(=O)c1cc(c[nH]1)c2[nH]ncc2c3cccc(Cl)c3)c4ccc(F)c(Cl)c4,8.22
225,CHEMBL3671113,OCc1cccc(c1)c2cnc3ccc(NC(=O)NCCCCc4ccccc4)nc3n2,8.22
226,CHEMBL3671112,Oc1ccc(cc1F)c2cnc3ccc(NC(=O)NCCCCc4ccccc4)nc3n2,8.22
227,CHEMBL3654865,CC(CC1CCCO1)NC(=O)Nc2cc3[nH]nc(c4ccnc(C)c4)c3cn2,8.23
228,CHEMBL3654825,CN1CCOC(CNC(=O)Nc2cc3[nH]nc(c4ccnc(C)c4)c3cn2)C1,8.23
229,CHEMBL3658641,Cc1cc(ccn1)c2n[nH]c3cc(NC(=O)NC4CC(C)(C)Oc5ccccc45)ncc23,8.23
230,CHEMBL3658850,Cc1cc(ccn1)c2n[nH]c3cc(NC(=O)NCc4csc5ccc(Cl)cc45)ncc23,8.23
231,CHEMBL3675721,CCn1cc(Nc2nccc(n2)C3=CC(=O)N(C=C3)[C@H](CO)c4ccc(Cl)c(F)c4)c(C)n1,8.24
232,CHEMBL3658771,Cc1cc(ccn1)c2n[nH]c3cc(NC(=O)NC4CC(=O)Nc5ccccc45)ncc23,8.24
233,CHEMBL3658773,Cc1cc(ccn1)c2n[nH]c3cc(NC(=O)NCC4CNC(C4)c5ccccc5)ncc23,8.25
234,CHEMBL3654699,Cc1cc(ccn1)c2n[nH]c3cc(NC(=O)NCc4cnccn4)ncc23,8.25
235,CHEMBL3658789,Cc1cc(ccn1)c2n[nH]c3cc(NC(=O)NCc4nocn4)ncc23,8.25
236,CHEMBL3675715,CC[C@@H](CO)Nc1nccc(n1)C2=CC(=O)N(C=C2)C(C)c3ccc(Cl)c(F)c3,8.26
237,CHEMBL3654748,C[C@@H](NC(=O)Nc1cc2[nH]nc(C(=O)NCc3nc4ccncc4[nH]3)c2cn1)c5ccccc5,8.26
238,CHEMBL3654868,C[C@@H](NC(=O)Nc1cc2[nH]nc(c3ccc(cc3)n4ccnn4)c2cn1)c5ccc(F)cc5,8.26
239,CHEMBL3663126,COC[C@@H](NC(=O)Nc1cc2[nH]nc(c3cc(C)on3)c2cn1)c4ccc(F)cc4,8.27
240,CHEMBL3577631,COc1cccc(NC(=O)COc2ccc(\C=C\3/N=C(N(C3=O)c4cccc(OC)c4)c5ccccc5)cc2)c1,8.27
241,CHEMBL3654804,C[C@H](NC(=O)Nc1cc2[nH]nc(c3ccnc(C)c3)c2cn1)c4ccccn4,8.27
242,CHEMBL3654729,Cc1cc(ccn1)c2n[nH]c3cc(NC(=O)NC4CCc5ccccc45)ncc23,8.27
243,CHEMBL3658764,Cc1cc(ccn1)c2n[nH]c3cc(NC(=O)NC4CCc5ccncc5C4)ncc23,8.27
244,CHEMBL3658785,Cc1cc(ccn1)c2n[nH]c3cc(NC(=O)NCc4ncn[nH]4)ncc23,8.27
245,CHEMBL3663111,Fc1ccc(CNC(=O)Nc2cc3[nH]nc(c4cccc(c4)C#N)c3cn2)cc1,8.27
246,CHEMBL3654768,CCNC(=O)c1n[nH]c2cc(NC(=O)N[C@H](C)c3ccccc3)ncc12,8.28
247,CHEMBL3577633,COc1cccc(c1)N2C(=O)\C(=C\c3ccc(OCC(=O)Nc4ccccc4Cl)cc3)\N=C2c5ccccc5,8.28
248,CHEMBL3654877,COc1cncc(n1)c2n[nH]c3cc(NC(=O)N[C@H](C)c4ccc(F)cc4)ncc23,8.28
249,CHEMBL3662974,CNC(=O)c1cc(F)ccc1CNC(=O)Nc2cc3[nH]nc(c4ccnc(C)c4)c3cn2,8.29
250,CHEMBL3663127,Cc1onc(c1)c2n[nH]c3cc(NC(=O)NC4CCCOc5ccccc45)ncc23,8.29
251,CHEMBL3398599,CCc1cnc(nc1)c2ccc(cc2)N3CCN(CC3)C(=O)CN4CC[C@H](C4)C(=O)Nc5ccc(O)c(Cl)c5,8.3
252,CHEMBL3671111,C[C@H](CCCc1ccccc1)NC(=O)Nc2ccc3ncc(nc3n2)N4CCCC4,8.3
253,CHEMBL568483,Cc1cc(Cl)ccc1Nc2ncc(C)c(n2)c3c[nH]c(c3)C(=O)N[C@H](CO)c4cccc(Cl)c4,8.3
254,CHEMBL576048,Cc1cnc(Nc2ccc(Cl)cc2F)nc1c3c[nH]c(c3)C(=O)N[C@H](CO)c4cccc(Cl)c4,8.3
255,CHEMBL3671124,N[C@@H](Cc1ccc(cc1)c2cnc3ccc(NC(=O)NCCCCc4ccccc4)nc3n2)C(=O)O,8.3
256,CHEMBL3671110,O=C(NCCCCc1ccccc1)Nc2ccc3ncc(nc3n2)N4CCCC4,8.3
257,CHEMBL3639699,O=C(NCCCCc1ccccc1)Nc2ccc3ncc(nc3n2)c4cnn(CCN5CCOCC5)c4,8.3
258,CHEMBL3604856,O=C1NC=CC(=C1)N2CCc3[nH]nc(c3C2)c4ccncc4,8.3
259,CHEMBL3398605,Oc1ccc(NC(=O)[C@@H]2CCN(CC(=O)N3CCN(CC3)c4ccc(cc4)c5ncccn5)C2)cc1C(F)(F)F,8.3
260,CHEMBL3663047,CN1CC[C@H](C1)NC(=O)Nc2cc3[nH]nc(c4ccnc(C)c4)c3cn2,8.31
261,CHEMBL3654791,COC[C@@H](NC(=O)Nc1cc2[nH]nc(C3CC3(F)F)c2cn1)c4ccccc4,8.31
262,CHEMBL3658750,Cc1cc(ccn1)c2n[nH]c3cc(NC(=O)NCC(N4CCCCC4)c5ccccc5)ncc23,8.31
263,CHEMBL3654826,Cc1cc(ccn1)c2n[nH]c3cc(NC(=O)NCCF)ncc23,8.31
264,CHEMBL3577567,COc1cccc(c1)N2C(=O)\C(=C\c3ccc(OCC(=O)Nc4ccccc4OC)cc3)\N=C2c5ccccc5,8.33
265,CHEMBL3604855,Brc1ccccc1CN2C=CC(=CC2=O)N3CCc4[nH]nc(c4C3)c5ccncc5,8.34
266,CHEMBL3654767,CNC(=O)c1n[nH]c2cc(NC(=O)N[C@H](C)c3ccccc3)ncc12,8.34
267,CHEMBL3577635,COc1cccc(c1)N2C(=O)\C(=C\c3ccc(OCC(=O)Nc4ccc(Cl)cc4)cc3)\N=C2c5ccccc5,8.34
268,CHEMBL3654880,C[C@@H](NC(=O)Nc1cc2[nH]nc(c3ccc(nc3)C#N)c2cn1)c4ccc(F)cc4,8.34
269,CHEMBL3654808,Cc1cc(ccn1)c2n[nH]c3cc(NC(=O)N[C@@H]4CNC[C@@H]4c5ccccc5)ncc23,8.34
270,CHEMBL3663138,Cc1onc(c1)c2n[nH]c3cc(NC(=O)N[C@H](COCC(F)F)c4ccccc4)ncc23,8.34
271,CHEMBL3577645,COc1ccc(cc1)N2C(=O)\C(=C\c3ccc(OCC(=O)Nc4ccc(Cl)cc4)cc3)\N=C2c5ccccc5,8.35
272,CHEMBL3654754,C[C@@H](NC(=O)Nc1cc2[nH]nc(C(=O)NCC(O)C(F)F)c2cn1)c3ccccc3,8.35
273,CHEMBL3658659,C[C@@H](NC(=O)Nc1cc2[nH]nc(c3cnc(nc3)n4cccn4)c2cn1)c5ccccc5,8.35
274,CHEMBL3654692,Cc1cc(ccn1)c2n[nH]c3cc(NC(=O)NC(C4CC4)C(F)(F)F)ncc23,8.35
275,CHEMBL3658751,Cc1cc(ccn1)c2n[nH]c3cc(NC(=O)NCCC4CCOC4)ncc23,8.35
276,CHEMBL3658731,Cc1cc(ccn1)c2n[nH]c3cc(NC(=O)N[C@H]4[C@@H]5CC[C@@H](O5)[C@H]4CO)ncc23,8.35
277,CHEMBL3654848,Fc1ccc(cc1)c2n[nH]c3cc(NC(=O)NCc4occn4)ncc23,8.35
278,CHEMBL3663073,COCCNC(=O)Nc1cc2[nH]nc(c3ccc(cc3)C#N)c2cn1,8.36
279,CHEMBL3663121,COC[C@@H](NC(=O)Nc1cc2[nH]nc(c3cc(C)on3)c2cn1)c4ccccc4,8.36
280,CHEMBL3662950,COC[C@H](Cc1ccccc1)NC(=O)Nc2cc3[nH]nc(c4ccnc(C)c4)c3cn2,8.36
281,CHEMBL3663085,C[C@@H](NC(=O)Nc1cc2[nH]nc(C)c2cn1)c3ccccc3,8.36
282,CHEMBL3658784,Cc1cc(ccn1)c2n[nH]c3cc(NC(=O)NCc4cnn(C)c4)ncc23,8.36
283,CHEMBL3577632,COc1ccc(NC(=O)COc2ccc(\C=C\3/N=C(N(C3=O)c4cccc(OC)c4)c5ccccc5)cc2)cc1,8.37
284,CHEMBL3663095,C[C@@H](NC(=O)Nc1cc2[nH]nc(C3CCCC3)c2cn1)c4ccccc4,8.38
285,CHEMBL3658753,Cc1cc(ccn1)c2n[nH]c3cc(NC(=O)NCC(O)C4CCCCC4)ncc23,8.39
286,CHEMBL3658832,Cc1onc(CNC(=O)Nc2cc3[nH]nc(c4ccnc(C)c4)c3cn2)c1,8.39
287,CHEMBL3297849,CC(C)Nc1ncc2CCN(Cc2n1)C(=O)N[C@H](CO)c3ccc(F)c(Cl)c3,8.4
288,CHEMBL3671108,CCCn1cc(cn1)c2cnc3ccc(NC(=O)N[C@H](C)CCCc4ccccc4)nc3n2,8.4
289,CHEMBL3298985,CC[C@@H](NC(=O)N1CCc2cnc(NC3CCOCC3)nc2C1)c4ccc(C#N)c(Cl)c4,8.4
290,CHEMBL3671092,CCn1cc(cn1)c2cnc3ccc(NC(=O)NCCCCc4ccccc4)nc3n2,8.4
291,CHEMBL3297856,CNC[C@@H](NC(=O)N1CCc2cnc(NC(C)C)nc2C1)c3ccc(F)c(Cl)c3,8.4
292,CHEMBL3671123,C[C@H](CCCc1ccccc1)NC(=O)Nc2ccc3ncc(nc3n2)c4cccc(c4)C(=O)O,8.4
293,CHEMBL3671109,C[C@H](CCCc1ccccc1)NC(=O)Nc2ccc3ncc(nc3n2)c4cn[nH]c4,8.4
294,CHEMBL3663031,Cc1cc(ccn1)c2n[nH]c3cc(NC(=O)NC4CCOC4)ncc23,8.4
295,CHEMBL3658693,Cc1cc(ccn1)c2n[nH]c3cc(NC(=O)N[C@@H]4CNC[C@H]4F)ncc23,8.4
296,CHEMBL571030,Cc1cnc(Nc2ccccc2C(F)(F)F)nc1c3c[nH]c(c3)C(=O)N[C@H](CO)c4ccccc4,8.4
297,CHEMBL570366,Cc1cnc(Nc2ccccc2O)nc1c3c[nH]c(c3)C(=O)N[C@H](CO)c4ccccc4,8.4
298,CHEMBL3671093,Cn1cc(cn1)c2cnc3ccc(NC(=O)NCCCCc4ccccc4)nc3n2,8.4
299,CHEMBL3680616,NC[C@@H](N1C=CC(=CC1=O)c2ccnc(NC3CCOCC3)n2)c4ccc(Cl)c(F)c4,8.4
300,CHEMBL3590107,O=C(CN1CC[C@H](C1)C(=O)Nc2ccc3[nH]nc(c4ccncc4)c3c2)N5CCN(CC5)c6ccc(cc6)c7ncccn7,8.4
301,CHEMBL3671120,OCCn1cc(cn1)c2cnc3ccc(NC(=O)NCCCCc4ccccc4)nc3n2,8.4
302,CHEMBL3675702,OC[C@@H](N1C=CC(=CC1=O)c2ccnc(N[C@@H]3CCOC[C@H]3F)n2)c4ccc(Cl)c(F)c4,8.4
303,CHEMBL3298307,OC[C@@H](NC(=O)N1CCc2cnc(NC3CCCC3)nc2C1)c4ccc(F)c(Cl)c4,8.4
304,CHEMBL3654683,Cc1cc(ccn1)c2n[nH]c3cc(NC(=O)NCc4cccc5ccccc45)ncc23,8.41
305,CHEMBL3675722,Cc1nc[nH]c1Nc2nccc(n2)C3=CC(=O)N(C=C3)[C@H](CO)c4ccc(Cl)c(F)c4,8.41
306,CHEMBL3409588,OC[C@@H](N1C=CC(=CC1=O)c2ccnc(NC3CCOCC3)n2)c4ccc(Cl)c(F)c4,8.41
307,CHEMBL3663058,CCNC(=O)Nc1cc2[nH]nc(c3ccc(F)cc3)c2cn1,8.42
308,CHEMBL3654752,C[C@@H](NC(=O)Nc1cc2[nH]nc(C(=O)NCC3CCOC3)c2cn1)c4ccccc4,8.42
309,CHEMBL3663013,C[C@@H](NC(=O)Nc1cc2[nH]nc(c3ccc(F)cc3)c2cn1)C4CCCCC4,8.42
310,CHEMBL3654817,Cc1cc(ccn1)c2n[nH]c3cc(NC(=O)NCC(F)(F)CO)ncc23,8.42
311,CHEMBL3409585,OCC(N1C=CC(=CC1=O)c2ccnc(NC3CCOCC3)n2)c4cc(F)cc(Cl)c4,8.42
312,CHEMBL3675703,OC[C@@H](N1C=CC(=CC1=O)c2ccnc(N[C@H]3CCOC[C@H]3F)n2)c4ccc(Cl)c(Cl)c4,8.42
313,CHEMBL3658808,Cc1cc(ccn1)c2n[nH]c3cc(NC(=O)NCc4ccc(cc4)C#N)ncc23,8.43
314,CHEMBL3658812,Cc1cc(ccn1)c2n[nH]c3cc(NC(=O)NCc4cncnc4)ncc23,8.43
315,CHEMBL3658640,Cc1cc(ccn1)c2n[nH]c3cc(NC(=O)N[C@@H]4CCc5ccc(F)cc45)ncc23,8.43
316,CHEMBL3654679,CC(C)Oc1ccc(cn1)c2n[nH]c3cc(NC(=O)N[C@H](C)c4ccccc4)ncc23,8.44
317,CHEMBL3654794,COC[C@@H](NC(=O)Nc1cc2[nH]nc(C3CC3(F)F)c2cn1)c4ccc(F)cc4,8.44
318,CHEMBL3663115,COc1ccc(cc1)c2n[nH]c3cc(NC(=O)NCc4ccc(F)cc4)ncc23,8.44
319,CHEMBL3658660,C[C@@H](NC(=O)Nc1cc2[nH]nc(c3cnc(nc3)N(C)S(=O)(=O)C)c2cn1)c4ccccc4,8.44
320,CHEMBL3663088,C[C@@H](NC(=O)Nc1cc2[nH]nc(c3conc3)c2cn1)c4ccccc4,8.44
321,CHEMBL3662966,Cc1cc(ccn1)c2n[nH]c3cc(NC(=O)NCc4cnccc4C(F)(F)F)ncc23,8.44
322,CHEMBL3654833,C[C@@H]1CN(C)C[C@H]1NC(=O)Nc2cc3[nH]nc(c4ccnc(C)c4)c3cn2,8.45
323,CHEMBL3662987,Cc1cc(ccn1)c2n[nH]c3cc(NC(=O)NC4CCOc5ccccc45)ncc23,8.45
324,CHEMBL3658826,Cc1cc(ccn1)c2n[nH]c3cc(NC(=O)NCC4COCCO4)ncc23,8.45
325,CHEMBL3658694,Cc1cc(ccn1)c2n[nH]c3cc(NC(=O)N[C@@H]4CCN(CC(F)(F)F)C4)ncc23,8.45
326,CHEMBL3577643,COc1ccc(cc1)N2C(=O)\C(=C\c3ccc(OCC(=O)Nc4ccccc4Cl)cc3)\N=C2c5ccccc5,8.46
327,CHEMBL3654774,C[C@@H](NC(=O)Nc1cc2[nH]nc(C3CCC3)c2cn1)c4ccc(F)cc4,8.46
328,CHEMBL3663046,C[C@@H](NC(=O)Nc1cc2[nH]nc(c3ccnc(C)c3)c2cn1)C4CCC4,8.46
329,CHEMBL3577634,COc1cccc(c1)N2C(=O)\C(=C\c3ccc(OCC(=O)Nc4cccc(Cl)c4)cc3)\N=C2c5ccccc5,8.47
330,CHEMBL3663056,C[C@H](Cc1ccccc1)NC(=O)Nc2cc3[nH]nc(c4ccnc(C)c4)c3cn2,8.47
331,CHEMBL3658700,Cc1cc(ccn1)c2n[nH]c3cc(NC(=O)NCc4cccc(c4)c5ccccc5)ncc23,8.47
332,CHEMBL3675711,CC1=CC(=CC(=O)N1[C@H](CO)c2ccc(Cl)c(F)c2)c3ccnc(NC4CCOCC4)n3,8.48
333,CHEMBL3654734,C[C@@H](NC(=O)Nc1cc2[nH]nc(c3ccc(cc3)C#N)c2cn1)c4ccc(F)cc4,8.48
334,CHEMBL3663045,C[C@@H](NC(=O)Nc1cc2[nH]nc(c3ccnc(F)c3)c2cn1)C4CCCCC4,8.48
335,CHEMBL3662976,Cc1cc(ccn1)c2n[nH]c3cc(NC(=O)NCc4ccc(Cl)cc4F)ncc23,8.48
336,CHEMBL3658809,Cc1cc(ccn1)c2n[nH]c3cc(NC(=O)NCc4cccnn4)ncc23,8.48
337,CHEMBL3544964,Cn1nccc1Nc2nccc(n2)C3=CC(=O)N(C=C3)[C@H](CO)c4ccc(Cl)c(F)c4,8.48
338,CHEMBL3409591,OCC(N1C=C(F)C(=CC1=O)c2ccnc(NC3CCOCC3)n2)c4ccc(Cl)c(F)c4,8.48
339,CHEMBL3658671,COC[C@@H](NC(=O)Nc1cc2[nH]nc(c3ccc(nc3)C#N)c2cn1)c4ccc(F)cc4,8.49
340,CHEMBL3658710,CCC(NC(=O)Nc1cc2[nH]nc(c3ccnc(C)c3)c2cn1)c4ccc(Cl)cc4,8.5
341,CHEMBL3577566,COc1cccc(c1)N2C(=O)\C(=C\c3ccc(OCC(=O)Nc4ccc(C)cc4)cc3)\N=C2c5ccccc5,8.5
342,CHEMBL3654879,COc1cncc(c1)c2n[nH]c3cc(NC(=O)N[C@H](C)c4ccc(F)cc4)ncc23,8.5
343,CHEMBL3654762,C[C@@H](NC(=O)Nc1cc2[nH]nc(C(=O)NCC3CCCC(O)C3)c2cn1)c4ccccc4,8.5
344,CHEMBL3675701,OC[C@@H](N1C=CC(=CC1=O)c2ccnc(N[C@H]3CCOC[C@H]3F)n2)c4ccc(Cl)c(F)c4,8.5
345,CHEMBL3663060,COCCNC(=O)Nc1ncc2c(n[nH]c2c1F)c3ccnc(c3)C4CC4,8.51
346,CHEMBL3658670,COC[C@@H](NC(=O)Nc1cc2[nH]nc(c3cncc(OC)c3)c2cn1)c4ccc(F)cc4,8.51
347,CHEMBL3654731,C[C@@H](NC(=O)Nc1cc2[nH]nc(c3cnc(N)nc3)c2cn1)c4ccc(F)c(Cl)c4,8.51
348,CHEMBL3663026,C[C@@H](NC(=O)Nc1ncc2c(n[nH]c2c1Cl)c3ccnc(C)c3)c4ccccc4,8.51
349,CHEMBL3675719,Cc1cc(Nc2nccc(n2)C3=CC(=O)N(C=C3)[C@H](CO)c4ccc(Cl)c(F)c4)n(C)n1,8.51
350,CHEMBL3662965,Cc1cc(ccn1)c2n[nH]c3cc(NC(=O)NC(C(F)F)c4cccnc4)ncc23,8.51
351,CHEMBL3663020,Fc1ccc(cc1)c2n[nH]c3cc(NC(=O)NCC4CCC4)ncc23,8.51
352,CHEMBL3297850,CC(C)Nc1ncc2CCN(Cc2n1)C(=O)N[C@H]([C@@H](C)O)c3ccc(F)c(Cl)c3,8.52
353,CHEMBL3663053,CCNC(=O)Nc1cc2[nH]nc(c3ccnc(C)c3)c2cn1,8.52
354,CHEMBL3298309,CC[C@@H](NC(=O)N1CCc2cnc(N[C@@H](C)CO)nc2C1)c3ccc(F)c(F)c3,8.52
355,CHEMBL572361,CCc1ccccc1Nc2ncc(C)c(n2)c3c[nH]c(c3)C(=O)N[C@H](CO)c4ccccc4,8.52
356,CHEMBL569181,COc1cccc(Nc2ncc(C)c(n2)c3c[nH]c(c3)C(=O)N[C@H](CO)c4cccc(Cl)c4)c1OC,8.52
357,CHEMBL3298311,C[C@@H](CO)Nc1ncc2CCN(Cc2n1)C(=O)N[C@H](C)c3ccc(c(F)c3)C(F)(F)F,8.52
358,CHEMBL3357948,C[C@@H](CO)Nc1ncc2CCN(Cc2n1)C(=O)N[C@H](CO)c3ccc(F)c(Cl)c3,8.52
359,CHEMBL3671104,C[C@H](CCCc1ccccc1)NC(=O)Nc2ccc3ncc(nc3n2)N4CCOCC4,8.52
360,CHEMBL3671105,C[C@H](CCCc1ccccc1)NC(=O)Nc2ccc3ncc(nc3n2)c4ccc(CO)cc4,8.52
361,CHEMBL3671106,C[C@H](CCCc1ccccc1)NC(=O)Nc2ccc3ncc(nc3n2)c4cnn(CCN5CCOCC5)c4,8.52
362,CHEMBL3658841,Cc1cc(ccn1)c2n[nH]c3cc(NC(=O)NCc4ccccn4)ncc23,8.52
363,CHEMBL3658698,Cc1cc(ccn1)c2n[nH]c3cc(NC(=O)N[C@@H]4CN(CC(F)(F)F)C[C@H]4c5ccccc5)ncc23,8.52
364,CHEMBL3409576,Cc1cccc(c1)C(CO)N2C=CC(=CC2=O)c3ccnc(NC4CCOCC4)n3,8.52
365,CHEMBL3671107,Cn1cc(cn1)c2cnc3ccc(NC(=O)NCCCC(C)(C)c4ccccc4)nc3n2,8.52
366,CHEMBL3604847,O=C1C=C(C=CN1Cc2ccccc2)N3CCc4[nH]nc(c4C3)c5ccncc5,8.52
367,CHEMBL3671125,OC(=O)c1cccc(c1)c2cnc3ccc(NC(=O)NCCCCc4ccccc4)nc3n2,8.52
368,CHEMBL3675706,OC[C@@H](N1C=CC(=C(F)C1=O)c2ccnc(NC3CCOCC3)n2)c4ccc(Cl)c(F)c4,8.52
369,CHEMBL3298566,OC[C@@H](NC(=O)N1CCc2cnc(Nc3ccc(F)cc3)nc2C1)c4ccc(F)c(Cl)c4,8.52
370,CHEMBL3671103,OP(=O)(O)Oc1ccc(cc1)c2cnc3ccc(NC(=O)NCCCCc4ccccc4)nc3n2,8.52
371,CHEMBL3662968,Cc1cc(ccn1)c2n[nH]c3cc(NC(=O)NCc4ccc(F)cc4C(F)(F)F)ncc23,8.53
372,CHEMBL3658796,Cc1cc(ccn1)c2n[nH]c3cc(NC(=O)NCc4occn4)ncc23,8.53
373,CHEMBL3662988,Cc1cc(ccn1)c2n[nH]c3cc(NC(=O)Nc4n[nH]c5ccccc45)ncc23,8.53
374,CHEMBL3654691,COCCNC(=O)Nc1cc2[nH]nc(c3ccnc(C)c3)c2cn1,8.54
375,CHEMBL3658707,C[C@@H](NC(=O)Nc1cc2[nH]nc(c3ccnc(C)c3)c2cn1)c4ccc(Cl)c(C)c4,8.54
376,CHEMBL3675720,Cc1cc(Nc2nccc(n2)C3=CC(=O)N(C=C3)C(=C)c4ccc(Cl)c(F)c4)ccn1,8.54
377,CHEMBL3662970,Cc1cc(ccn1)c2n[nH]c3cc(NC(=O)NCc4c(C)cc(Cl)cc4Cl)ncc23,8.54
378,CHEMBL3675718,Cc1nn(C)cc1Nc2nccc(n2)C3=CC(=O)N(C=C3)C(CO)c4ccc(Cl)c(F)c4,8.54
379,CHEMBL3662954,CC(NC(=O)Nc1cc2[nH]nc(c3ccnc(C)c3)c2cn1)c4cc(C)ccn4,8.55
380,CHEMBL3658639,Cc1cc(ccn1)c2n[nH]c3cc(NC(=O)NCC4(CC4)c5ccc(F)cc5)ncc23,8.55
381,CHEMBL3658828,Cc1cc(ccn1)c2n[nH]c3cc(NC(=O)NCC4CNC(=O)O4)ncc23,8.55
382,CHEMBL3658732,Cc1cc(ccn1)c2n[nH]c3cc(NC(=O)NCc4ccc5[nH]cnc5c4)ncc23,8.55
383,CHEMBL3409610,OC[C@H](N1C=CC(=CC1=O)c2ccnc(NC3CCOCC3)n2)c4ccc(Cl)c(F)c4,8.55
384,CHEMBL3654867,CCCNC(=O)Nc1cc2[nH]nc(c3ccnc(C)c3)c2cn1,8.56
385,CHEMBL3658821,Cc1cc(ccn1)c2n[nH]c3cc(NC(=O)NCC4COc5ccccc5O4)ncc23,8.56
386,CHEMBL3654696,Cc1cc(ccn1)c2n[nH]c3cc(NC(=O)NCc4ccc5ccccc5c4)ncc23,8.56
387,CHEMBL3658793,Cc1cc(ccn1)c2n[nH]c3cc(NC(=O)NCc4cncs4)ncc23,8.56
388,CHEMBL3658754,Cc1cc(ccn1)c2n[nH]c3cc(NC(=O)NCc4nccc5ccccc45)ncc23,8.56
389,CHEMBL3658781,Cc1cc(ccn1)c2n[nH]c3cc(NC(=O)NCc4scnc4C)ncc23,8.56
390,CHEMBL3663098,C[C@@H](NC(=O)Nc1cc2[nH]nc(C3CC3C(=O)O)c2cn1)c4ccccc4,8.57
391,CHEMBL3658782,Cc1cc(ccn1)c2n[nH]c3cc(NC(=O)NCc4cc[nH]n4)ncc23,8.57
392,CHEMBL3658835,Cc1cc(ccn1)c2n[nH]c3cc(NC(=O)NCc4nc(N)cs4)ncc23,8.57
393,CHEMBL3658663,O=C(N[C@@H]1CCCOc2ccccc12)Nc3cc4[nH]nc(C5CC5)c4cn3,8.57
394,CHEMBL3654726,C[C@@H](NC(=O)Nc1cc2[nH]nc(c3ccnc(Cl)c3)c2cn1)c4ccc(F)c(Cl)c4,8.58
395,CHEMBL3658774,Cc1cc(ccn1)c2n[nH]c3cc(NC(=O)NCC4CCN(Cc5ccccc5)C4)ncc23,8.58
396,CHEMBL3663004,Cc1cc(ccn1)c2n[nH]c3cc(NC(=O)NC[C@H]4COCCO4)ncc23,8.58
397,CHEMBL3658839,Cc1cc(ccn1)c2n[nH]c3cc(NC(=O)NCc4nc(C)cs4)ncc23,8.58
398,CHEMBL3658810,Cc1cc(ccn1)c2n[nH]c3cc(NC(=O)NCc4ncccc4F)ncc23,8.58
399,CHEMBL3654753,C[C@@H](NC(=O)Nc1cc2[nH]nc(C(=O)NCc3cccnn3)c2cn1)c4ccccc4,8.59
400,CHEMBL3658783,Cc1cc(ccn1)c2n[nH]c3cc(NC(=O)NCc4cn[nH]c4)ncc23,8.59
401,CHEMBL3658787,Cc1cc(ccn1)c2n[nH]c3cc(NC(=O)NCc4ncnn4C)ncc23,8.59
402,CHEMBL3680618,OP(=O)(O)OCOC[C@@H](N1C=CC(=CC1=O)c2ccnc(NC3CCOCC3)n2)c4ccc(Cl)c(F)c4,8.59
403,CHEMBL388978,CN[C@@H]1C[C@H]2O[C@@](C)([C@@H]1OC)n3c4ccccc4c5c6CNC(=O)c6c7c8ccccc8n2c7c35,8.6
404,CHEMBL3654672,COCCCc1n[nH]c2cc(NC(=O)N[C@H](C)c3ccccc3)ncc12,8.6
405,CHEMBL3663102,C[C@@H](NC(=O)Nc1cc2[nH]nc(c3cncc(F)c3)c2cn1)c4ccc(F)cc4,8.6
406,CHEMBL3658794,Cc1cc(ccn1)c2n[nH]c3cc(NC(=O)NCc4c[nH]nn4)ncc23,8.6
407,CHEMBL3409606,OC[C@@H](N1C=CC(=CC1=O)c2ccnc(NC3CCS(=O)(=O)C3)n2)c4ccc(Cl)c(F)c4,8.6
408,CHEMBL3654852,CC(NC(=O)Nc1ncc2c(n[nH]c2c1F)c3ccnc(C)c3)c4ccccn4,8.61
409,CHEMBL3654771,C[C@@H](NC(=O)Nc1cc2[nH]nc(C3CC3)c2cn1)c4ccc(F)cc4,8.61
410,CHEMBL3654775,C[C@@H](NC(=O)Nc1cc2[nH]nc(C3CCC3)c2cn1)c4ccccc4,8.61
411,CHEMBL3663005,Cc1cc(ccn1)c2n[nH]c3cc(NC(=O)NC[C@@H]4COCCO4)ncc23,8.61
412,CHEMBL3662971,Cc1cc(ccn1)c2n[nH]c3cc(NC(=O)NCc4ccc(Cl)cc4C)ncc23,8.61
413,CHEMBL3654847,Fc1ccc(cc1)c2n[nH]c3cc(NC(=O)NCC4CCOC4)ncc23,8.61
414,CHEMBL3662979,CC(NC(=O)Nc1cc2[nH]nc(c3ccnc(C)c3)c2cn1)c4ccccc4OC(F)(F)F,8.62
415,CHEMBL3409593,CC1=CC(=CC(=O)N1C(CO)c2ccc(Cl)c(F)c2)c3ccnc(NC4CCOCC4)n3,8.62
416,CHEMBL3409605,CC1CC(CCO1)Nc2nccc(n2)C3=CC(=O)N(C=C3)[C@H](CO)c4ccc(Cl)c(F)c4,8.62
417,CHEMBL3680609,Fc1cccc2[nH]c(CN3C=CC(=CC3=O)c4ccnc(NC5CCOCC5)n4)cc12,8.62
418,CHEMBL3654876,CC(C)Oc1ccc(cn1)c2n[nH]c3cc(NC(=O)N[C@H](C)c4ccc(F)cc4)ncc23,8.63
419,CHEMBL3663109,C[C@@H](NC(=O)Nc1cc2[nH]nc(c3cncnc3)c2cn1)c4ccc(F)cc4,8.63
420,CHEMBL3654698,Cc1cc(ccn1)c2n[nH]c3cc(NC(=O)NCCc4ccccn4)ncc23,8.63
421,CHEMBL3662972,Cc1cc(ccn1)c2n[nH]c3cc(NC(=O)NCc4ccc(F)cn4)ncc23,8.63
422,CHEMBL3577642,COc1ccc(NC(=O)COc2ccc(\C=C\3/N=C(N(C3=O)c4ccc(OC)cc4)c5ccccc5)cc2)cc1,8.64
423,CHEMBL3654783,O=C(NC1CCCOc2ccccc12)Nc3cc4[nH]nc(C5CC5)c4cn3,8.64
424,CHEMBL3409577,OCC(N1C=CC(=CC1=O)c2ccnc(NC3CCOCC3)n2)c4cccc(c4)C(F)(F)F,8.64
425,CHEMBL3663097,COc1cccc(F)c1CN2CCC[C@H](C2)NC(=O)Nc3cc4[nH]nc(c5ccc(cc5)C#N)c4cn3,8.65
426,CHEMBL3608460,OC[C@@H](N1CCCn2cc(cc2C1=O)c3ccnc(N[C@H]4CC[C@@H](O)C4)n3)c5ccccc5,8.65
427,CHEMBL3680610,COC(=O)c1cc(Nc2nccc(n2)C3=CC(=O)N(C=C3)[C@H](CO)c4ccc(Cl)c(F)c4)ccn1,8.66
428,CHEMBL3663080,COCCNC(=O)Nc1cc2[nH]nc(c3ccc(F)cc3)c2cn1,8.66
429,CHEMBL3663096,COc1cccc(F)c1CN2CCC[C@H](C2)NC(=O)Nc3cc4[nH]nc(c5ccc(F)cc5)c4cn3,8.66
430,CHEMBL3654741,C[C@@H](NC(=O)Nc1cc2[nH]nc(c3ccn(C)n3)c2cn1)c4ccccc4,8.66
431,CHEMBL3409598,Cc1cnc(NC2CCOCC2)nc1C3=CC(=O)N(C=C3)C(CO)c4ccc(Cl)c(F)c4,8.66
432,CHEMBL3658814,CC(C)OCCNC(=O)Nc1cc2[nH]nc(c3ccnc(C)c3)c2cn1,8.67
433,CHEMBL3658713,COCC(NC(=O)Nc1cc2[nH]nc(c3ccnc(C)c3)c2cn1)c4ccccn4,8.67
434,CHEMBL3663078,COCCNC(=O)Nc1cc2[nH]nc(c3ccc(OC(C)C)nc3)c2cn1,8.67
435,CHEMBL3654788,COC[C@@H](NC(=O)Nc1cc2[nH]nc(C3CC3)c2cn1)c4ccc(F)cc4,8.67
436,CHEMBL3658799,Cc1cc(ccn1)c2n[nH]c3cc(NC(=O)NCc4nccs4)ncc23,8.67
437,CHEMBL3654686,Cc1cc(ccn1)c2n[nH]c3cc(NC(=O)NCC4CC4)ncc23,8.68
438,CHEMBL3658634,Cc1cc(ccn1)c2n[nH]c3cc(NC(=O)N[C@@H]4CCSc5ccccc45)ncc23,8.68
439,CHEMBL3658763,Cc1cc(ccn1)c2n[nH]c3cc(NC(=O)NCCC(=O)Nc4ccccc4Br)ncc23,8.69
440,CHEMBL3663043,Cn1cc(cn1)c2n[nH]c3cc(NC(=O)NCC4CCC4)ncc23,8.69
441,CHEMBL3297855,CC(C)Nc1ncc2CCN(Cc2n1)C(=O)N[C@H](CN)c3ccc(F)c(Cl)c3,8.7
442,CHEMBL3671102,CC(CCCc1ccccc1)NC(=O)Nc2ccc3ncc(nc3n2)c4cnn(C)c4,8.7
443,CHEMBL3297852,CC[C@H](O)[C@@H](NC(=O)N1CCc2cnc(NC(C)C)nc2C1)c3ccc(F)c(Cl)c3,8.7
444,CHEMBL3671099,COc1ncccc1c2cnc3ccc(NC(=O)N[C@H](C)CCCc4ccccc4)nc3n2,8.7
445,CHEMBL3671095,C[C@H](CCCc1ccccc1)NC(=O)Nc2ccc3ncc(nc3n2)c4ccncc4,8.7
446,CHEMBL3654674,Cc1cc(ccn1)c2n[nH]c3cc(NC(=O)N)ncc23,8.7
447,CHEMBL3658772,Cc1cc(ccn1)c2n[nH]c3cc(NC(=O)NCc4nc5ccccc5[nH]4)ncc23,8.7
448,CHEMBL3671101,FC(F)Cn1cc(cn1)c2cnc3ccc(NC(=O)NCCCCc4ccccc4)nc3n2,8.7
449,CHEMBL3671100,OCCCn1cc(cn1)c2cnc3ccc(NC(=O)NCCCCc4ccccc4)nc3n2,8.7
450,CHEMBL3298417,OC[C@@H](NC(=O)N1CCc2cnc(N[C@H]3CC[C@H](O)C3)nc2C1)c4ccc(F)c(Cl)c4,8.7
451,CHEMBL387385,OC[C@@H](NC(=O)c1cc(c[nH]1)c2n[nH]cc2c3cccc(Cl)c3)c4ccc(F)c(Cl)c4,8.7
452,CHEMBL3654676,C[C@@H](NC(=O)Nc1cc2[nH]nc(C3CC3)c2cn1)c4ccccc4,8.71
453,CHEMBL3658800,Cc1cc(ccn1)c2n[nH]c3cc(NC(=O)NCc4conc4)ncc23,8.71
454,CHEMBL3658683,Cc1cccc(CNC(=O)Nc2cc3[nH]nc(c4ccnc(C)c4)c3cn2)n1,8.71
455,CHEMBL3654732,C[C@@H](NC(=O)Nc1cc2[nH]nc(c3ccnc(F)c3)c2cn1)c4ccc(F)c(Cl)c4,8.72
456,CHEMBL3658651,C[C@@H](NC(=O)Nc1cc2[nH]nc(c3ccnc(c3)N4CCOCC4)c2cn1)c5ccc(F)cc5,8.72
457,CHEMBL3663072,C[C@@H](NC(=O)Nc1cc2[nH]nc(c3cnn(c3)C4COC4)c2cn1)c5ccccc5,8.72
458,CHEMBL3658813,Cc1cc(ccn1)c2n[nH]c3cc(NC(=O)NCc4ncc(F)cc4F)ncc23,8.72
459,CHEMBL3658684,CN1CC[C@H](C1)NC(=O)Nc2cc3[nH]nc(c4ccc(F)cc4)c3cn2,8.73
460,CHEMBL3663012,CN1C[C@@H](NC(=O)Nc2cc3[nH]nc(c4ccc(F)cc4)c3cn2)[C@H](c5ccccc5)C16COC6,8.73
461,CHEMBL3654708,C[C@@H](NC(=O)Nc1cc2[nH]nc(c3ccnc(F)c3)c2cn1)c4ccc(Cl)cc4,8.74
462,CHEMBL3658633,Cc1cc(ccn1)c2n[nH]c3cc(NC(=O)N[C@@H]4CCCc5ccncc45)ncc23,8.74
463,CHEMBL3654882,COC[C@@H](NC(=O)Nc1cc2[nH]nc(c3ccnc(F)c3)c2cn1)c4ccc(F)cc4,8.75
464,CHEMBL3654884,C[C@@H](NC(=O)Nc1cc2[nH]nc(c3ccnc(c3)C#N)c2cn1)c4ccc(F)cc4,8.75
465,CHEMBL3658676,C[C@@H](NC(=O)Nc1cc2[nH]nc(c3cncc(C)c3)c2cn1)c4ccc(F)cc4,8.75
466,CHEMBL3604854,Fc1ccc(CN2C=CC(=CC2=O)N3CCc4[nH]nc(c4C3)c5ccncc5)cc1,8.75
467,CHEMBL3409596,OCC(N1C=CC(=CC1=O)c2ccnc(NC3CCOCC3)c2)c4ccc(Cl)c(F)c4,8.75
468,CHEMBL3409601,OC[C@@H](N1C=CC(=CC1=O)c2ccnc(N[C@@H]3CCOC3)n2)c4ccc(Cl)c(F)c4,8.75
469,CHEMBL3658675,COC[C@@H](NC(=O)Nc1cc2[nH]nc(c3ccc(cc3)n4ccnn4)c2cn1)c5ccc(F)cc5,8.76
470,CHEMBL3658672,COC[C@@H](NC(=O)Nc1cc2[nH]nc(c3ccnc(c3)C#N)c2cn1)c4ccc(F)cc4,8.76
471,CHEMBL3654839,Cc1cc(ccn1)c2n[nH]c3cc(NC(=O)NCCC4=CCCC4)ncc23,8.76
472,CHEMBL3658728,CC(NC(=O)Nc1cc2[nH]nc(c3ccnc(C)c3)c2cn1)c4ccc(F)cn4,8.78
473,CHEMBL3654846,Fc1ccc(cc1)c2n[nH]c3cc(NC(=O)NCCC4CCOC4)ncc23,8.78
474,CHEMBL3654685,NC(=O)Nc1cc2[nH]nc(c3ccc(F)cc3)c2cn1,8.78
475,CHEMBL3654673,CCCc1n[nH]c2cc(NC(=O)N[C@H](C)c3ccccc3)ncc12,8.79
476,CHEMBL3658816,Cc1cc(ccn1)c2n[nH]c3cc(NC(=O)NCCOc4ccccc4)ncc23,8.79
477,CHEMBL3658635,Cc1cc(ccn1)c2n[nH]c3cc(NC(=O)N[C@@H]4CCCCc5ccccc45)ncc23,8.79
478,CHEMBL3658645,Cc1cc(ccn1)c2n[nH]c3cc(NC(=O)N[C@@H]4CCS(=O)(=O)c5ccccc45)ncc23,8.79
479,CHEMBL3654853,CN1CCOC(CNC(=O)Nc2cc3[nH]nc(c4ccc(F)cc4)c3cn2)C1,8.8
480,CHEMBL3658696,CN1C[C@H](F)[C@H](C1)NC(=O)Nc2cc3[nH]nc(c4ccnc(C)c4)c3cn2,8.8
481,CHEMBL3654802,C[C@@H](NC(=O)Nc1ncc2c(n[nH]c2c1C)c3ccnc(C)c3)c4ccccc4,8.8
482,CHEMBL3658825,Cc1cc(ccn1)c2n[nH]c3cc(NC(=O)NCC4(C)CCCO4)ncc23,8.8
483,CHEMBL3680608,Clc1ccc2cc(CN3C=CC(=CC3=O)c4ccnc(NC5CCOCC5)n4)[nH]c2c1,8.8
484,CHEMBL3662953,CC(NC(=O)Nc1cc2[nH]nc(c3ccnc(C)c3)c2cn1)c4oncc4,8.81
485,CHEMBL3639575,CN(C)CCC(NC(=O)Nc1cc2[nH]nc(c3ccnc(C)c3)c2cn1)c4ccccn4,8.81
486,CHEMBL3663049,CO[C@H](C)CNC(=O)Nc1cc2[nH]nc(c3ccnc(C)c3)c2cn1,8.81
487,CHEMBL3654857,COc1ccnc(c1)[C@@H](C)NC(=O)Nc2cc3[nH]nc(c4ccnc(C)c4)c3cn2,8.81
488,CHEMBL3663110,C[C@@H](NC(=O)Nc1cc2[nH]nc(c3cccc(c3)C#N)c2cn1)c4ccccc4,8.81
489,CHEMBL3658719,Cc1cc(ccn1)c2n[nH]c3cc(NC(=O)NC4(CCC4)c5ccccn5)ncc23,8.81
490,CHEMBL3662969,Cc1cc(ccn1)c2n[nH]c3cc(NC(=O)NCc4ccc(F)cc4F)ncc23,8.81
491,CHEMBL3663044,Fc1cc(ccn1)c2n[nH]c3cc(NC(=O)NCC4CCC4)ncc23,8.81
492,CHEMBL3663077,COCCNC(=O)Nc1cc2[nH]nc(c3ccnc(c3)C4CC4)c2cn1,8.82
493,CHEMBL3654862,C[C@@H](NC(=O)Nc1cc2[nH]nc(c3ccnc(C)c3)c2cn1)c4ccncc4,8.82
494,CHEMBL3658743,Cc1cc(ccn1)c2n[nH]c3cc(NC(=O)NC(C(F)F)c4ccccc4)ncc23,8.82
495,CHEMBL3409568,Fc1ccc(CN2C=CC(=CC2=O)c3ccnc(NC4CCOCC4)n3)cc1Cl,8.82
496,CHEMBL3409571,OCC(N1C=CC(=CC1=O)c2ccnc(NC3CCOCC3)n2)c4ccccc4,8.82
497,CHEMBL3409602,OC[C@@H](N1C=CC(=CC1=O)c2ccnc(N[C@H]3CCOC3)n2)c4ccc(Cl)c(F)c4,8.82
498,CHEMBL3663024,CN1C[C@H](NC(=O)Nc2cc3[nH]nc(c4ccnc(C)c4)c3cn2)[C@H]([C@H]1C(F)F)c5ccccc5,8.83
499,CHEMBL3654887,Cc1cc(ccn1)c2n[nH]c3cc(NC(=O)N[C@@H]4CCCc5ncccc45)ncc23,8.83
500,CHEMBL3654807,CN1C[C@H](NC(=O)Nc2cc3[nH]nc(c4ccnc(C)c4)c3cn2)[C@H](C1)c5ccc(F)nc5,8.84
501,CHEMBL3658734,Cc1cc(ccn1)c2n[nH]c3cc(NC(=O)NCC4CC(C)(C)OC(C)(C)C4)ncc23,8.84
502,CHEMBL3658791,Cc1cc(ccn1)c2n[nH]c3cc(NC(=O)NCc4nccn4C)ncc23,8.84
503,CHEMBL3662952,CC(NC(=O)Nc1cc2[nH]nc(c3ccnc(C)c3)c2cn1)c4cscn4,8.85
504,CHEMBL3663028,Cc1cc(ccn1)c2n[nH]c3cc(NC(=O)NCC4CCC4)ncc23,8.85
505,CHEMBL3658733,Cc1cc(ccn1)c2n[nH]c3cc(NC(=O)NCc4ccc5C(=O)NCc5c4)ncc23,8.85
506,CHEMBL3662947,Cc1cc(ccn1)c2n[nH]c3cc(NC(=O)NCc4cnccc4C)ncc23,8.85
507,CHEMBL3658704,Cc1cc(ccn1)c2n[nH]c3cc(NC(=O)Nc4noc5ccccc45)ncc23,8.85
508,CHEMBL3654790,COC[C@@H](NC(=O)Nc1cc2[nH]nc(C3CC3)c2cn1)c4ccccc4,8.86
509,CHEMBL3662955,CC(NC(=O)Nc1cc2[nH]nc(c3ccnc(C)c3)c2cn1)c4ccc(F)nc4,8.87
510,CHEMBL3658712,CCC(NC(=O)Nc1cc2[nH]nc(c3ccnc(C)c3)c2cn1)c4ccccn4,8.87
511,CHEMBL3658668,COC[C@@H](NC(=O)Nc1cc2[nH]nc(c3ccn4ncnc4c3)c2cn1)c5ccc(F)cc5,8.87
512,CHEMBL3658699,Cc1cc(ccn1)c2n[nH]c3cc(NC(=O)NC4C(O)Cc5ccccc45)ncc23,8.87
513,CHEMBL3658647,Cc1cc(ccn1)c2n[nH]c3cc(NC(=O)NC4CCN(c5ccccc45)S(=O)(=O)C)ncc23,8.87
514,CHEMBL3662960,Cc1cc(ccn1)c2n[nH]c3cc(NC(=O)NC4CCc5nc(N)sc5C4)ncc23,8.87
515,CHEMBL3658790,Cc1cc(ccn1)c2n[nH]c3cc(NC(=O)NCc4ncc[nH]4)ncc23,8.87
516,CHEMBL3663089,COC(=O)C1CC1c2n[nH]c3cc(NC(=O)N[C@H](C)c4ccccc4)ncc23,8.88
517,CHEMBL3654740,C[C@@H](NC(=O)Nc1cc2[nH]nc(c3ccc(cc3)S(=O)(=O)C)c2cn1)c4ccccc4,8.88
518,CHEMBL3658736,Cc1cc(ccn1)c2n[nH]c3cc(NC(=O)NCc4cccc(c4)c5ncc[nH]5)ncc23,8.88
519,CHEMBL3662958,Cc1cc(ccn1)c2n[nH]c3cc(NC(=O)NCc4csc5ccccc45)ncc23,8.88
520,CHEMBL3663082,CO[C@H](C)CNC(=O)Nc1cc2[nH]nc(c3ccc(F)cc3)c2cn1,8.89
521,CHEMBL3663070,C[C@@H](CNC(=O)Nc1cc2[nH]nc(c3ccnc(C)c3)c2cn1)c4ccccc4,8.89
522,CHEMBL3662999,Cc1cc(ccn1)c2n[nH]c3c(F)c(NC(=O)N[C@H](CO)c4ccccc4)ncc23,8.89
523,CHEMBL3663039,Cc1cc(ccn1)c2n[nH]c3cc(NC(=O)NCC4CNC4)ncc23,8.89
524,CHEMBL3658802,Cc1cc(ccn1)c2n[nH]c3cc(NC(=O)NCc4ccccc4Cl)ncc23,8.89
525,CHEMBL3409574,OCC(N1C=CC(=CC1=O)c2ccnc(NC3CCOCC3)n2)c4cccc(Cl)c4,8.89
526,CHEMBL3409575,OCC(N1C=CC(=CC1=O)c2ccnc(NC3CCOCC3)n2)c4cccc(F)c4,8.89
527,CHEMBL3663038,COC(C)CNC(=O)Nc1cc2[nH]nc(c3ccnc(C)c3)c2cn1,8.9
528,CHEMBL3658829,Cc1cc(ccn1)c2n[nH]c3cc(NC(=O)NC4COc5ccccc5C4)ncc23,8.9
529,CHEMBL3658632,Cc1cc(ccn1)c2n[nH]c3cc(NC(=O)N[C@@H]4CCCc5cccnc45)ncc23,8.9
530,CHEMBL3658842,Cc1cc(ccn1)c2n[nH]c3cc(NC(=O)NCc4ncccc4C)ncc23,8.91
531,CHEMBL3663029,C[C@@H](NC(=O)Nc1cc2[nH]nc(c3ccnc(C)c3)c2cn1)C4CCCCC4,8.92
532,CHEMBL3658851,Cc1cc(ccn1)c2n[nH]c3cc(NC(=O)NC4CNCc5ccccc45)ccc23,8.92
533,CHEMBL3658831,Cc1cc(ccn1)c2n[nH]c3cc(NC(=O)NCC4CCCCO4)ncc23,8.92
534,CHEMBL3662967,Cc1cc(ccn1)c2n[nH]c3cc(NC(=O)NCc4cnc(F)cc4Cl)ncc23,8.92
535,CHEMBL3409604,OC[C@@H](N1C=CC(=CC1=O)c2ccnc(NC3CC(F)(F)C3)n2)c4ccc(Cl)c(F)c4,8.92
536,CHEMBL3658690,CN1CC[C@H](CNC(=O)Nc2cc3[nH]nc(c4ccc(F)cc4)c3cn2)C1,8.93
537,CHEMBL3658666,COC[C@@H](NC(=O)Nc1cc2[nH]nc(c3ccnc(c3)N4CCOCC4)c2cn1)c5ccc(F)cc5,8.93
538,CHEMBL3658667,COC[C@@H](NC(=O)Nc1cc2[nH]nc(c3cnc(OC)nc3)c2cn1)c4ccc(F)cc4,8.94
539,CHEMBL3654739,C[C@@H](NC(=O)Nc1cc2[nH]nc(c3ccc4OCCOc4c3)c2cn1)c5ccccc5,8.94
540,CHEMBL3662991,Cc1cc(ccn1)c2n[nH]c3c(F)c(NC(=O)NCc4ccccc4)ncc23,8.94
541,CHEMBL3658797,Cc1cc(ccn1)c2n[nH]c3cc(NC(=O)NCc4cnc(C)s4)ncc23,8.94
542,CHEMBL3658685,CO[C@H]1CN(C)C[C@@H]1NC(=O)Nc2cc3[nH]nc(c4ccc(F)cc4)c3cn2,8.95
543,CHEMBL3658762,Cc1cc(ccn1)c2n[nH]c3cc(NC(=O)NCC4(CCOCC4)Nc5ccccc5)ncc23,8.95
544,CHEMBL3658807,Cc1cc(ccn1)c2n[nH]c3cc(NC(=O)NCc4c(C)cccc4Cl)ncc23,8.95
545,CHEMBL3658792,Cc1cc(ccn1)c2n[nH]c3cc(NC(=O)NCc4ccns4)ncc23,8.95
546,CHEMBL3409570,Fc1cc(CCN2C=CC(=CC2=O)c3ccnc(NC4CCOCC4)n3)ccc1Cl,8.96
547,CHEMBL3658770,CCN(CC)CCC(NC(=O)Nc1cc2[nH]nc(c3ccnc(C)c3)c2cn1)c4ccccc4,8.97
548,CHEMBL3663066,CCOCCNC(=O)Nc1cc2[nH]nc(c3ccnc(C)c3)c2cn1,8.97
549,CHEMBL3663091,COc1cccc(F)c1CN2CCC[C@H](C2)NC(=O)Nc3cc4[nH]nc(c5ccnc(F)c5)c4cn3,8.97
550,CHEMBL3658737,Cc1cc(ccn1)c2n[nH]c3cc(NC(=O)NCCC4COc5ccccc5O4)ncc23,8.97
551,CHEMBL3658798,Cc1cc(ccn1)c2n[nH]c3cc(NC(=O)NCc4oncc4)ncc23,8.97
552,CHEMBL3654700,CC(NC(=O)Nc1cc2[nH]nc(c3ccnc(C)c3)c2cn1)c4cccnc4,8.98
553,CHEMBL3658665,COC[C@@H](NC(=O)Nc1cc2[nH]nc(c3ccc(nc3)N4CCOCC4)c2cn1)c5ccc(F)cc5,8.98
554,CHEMBL3654717,C[C@@H](NC(=O)Nc1cc2[nH]nc(c3ccc(cc3)C#N)c2cn1)c4ccccc4,8.98
555,CHEMBL3654856,C[C@@H](NC(=O)Nc1cc2[nH]nc(c3ccnc(C)c3)c2cn1)c4cc(Cl)ccn4,8.98
556,CHEMBL3658703,Cc1cc(ccn1)c2n[nH]c3cc(NC(=O)NC(CO)c4cccnc4)ncc23,8.99
557,CHEMBL3658697,CC(NC(=O)Nc1cc2[nH]nc(c3ccnc(C)c3)c2cn1)c4ccc(F)c(F)c4,9.0
558,CHEMBL3671096,COc1c(CO)cccc1c2cnc3ccc(NC(=O)N[C@H](C)CCCc4ccccc4)nc3n2,9.0
559,CHEMBL3671094,COc1cc(CO)ccc1c2cnc3ccc(NC(=O)N[C@H](C)CCCc4ccccc4)nc3n2,9.0
560,CHEMBL3671121,COc1cc(ccc1C(=O)O)c2cnc3ccc(NC(=O)NCCCCc4ccccc4)nc3n2,9.0
561,CHEMBL3357951,C[C@@H](NC(=O)N1CCc2cnc(Nc3ccnn3C)nc2C1)c4ccc(Cl)c(Cl)c4,9.0
562,CHEMBL3357950,C[C@@H](NC(=O)N1CCc2cnc(Nc3cnn(C)c3)nc2C1)c4ccc(Cl)c(Cl)c4,9.0
563,CHEMBL3671122,C[C@H](CCCc1ccccc1)NC(=O)Nc2ccc3ncc(nc3n2)c4ccc(C[C@H](N)C(=O)O)cc4,9.0
564,CHEMBL3654702,Cc1cc(ccn1)c2n[nH]c3cc(NC(=O)NCc4cncc(F)c4)ncc23,9.0
565,CHEMBL3654709,Fc1cc(ccn1)c2n[nH]c3cc(NC(=O)NCc4ccc(F)c(Cl)c4)ncc23,9.0
566,CHEMBL3654849,Fc1ccc(cc1)c2n[nH]c3cc(NC(=O)NCc4oncc4)ncc23,9.0
567,CHEMBL3671097,O=C(NCCCCc1ccccc1)Nc2ccc3ncc(nc3n2)c4cn[nH]c4,9.0
568,CHEMBL3298414,OC[C@@H](NC(=O)N1CCc2cnc(NC3CCOCC3)nc2C1)c4ccc(F)c(Cl)c4,9.0
569,CHEMBL3671098,Oc1ccc(cc1)c2cnc3ccc(NC(=O)NCCCCc4ccccc4)nc3n2,9.0
570,CHEMBL3658689,CN1CC[C@@H](CNC(=O)Nc2cc3[nH]nc(c4ccc(F)cc4)c3cn2)C1,9.01
571,CHEMBL3654799,CNC(=O)[C@H]1CC1c2n[nH]c3cc(NC(=O)N[C@H](COC)c4ccccc4)ncc23,9.01
572,CHEMBL3662957,Cc1cc(ccn1)c2n[nH]c3cc(NC(=O)NC4CNc5ccccc5C4)ncc23,9.02
573,CHEMBL3639618,Cc1cc(ccn1)c2n[nH]c3cc(NC(=O)NCc4c(F)cc(F)cc4F)ncc23,9.02
574,CHEMBL3658643,Cc1cc(ccn1)c2n[nH]c3cc(NC(=O)NCc4ccc(F)cc4)ncc23,9.02
575,CHEMBL3663048,CO[C@@H](C)CNC(=O)Nc1cc2[nH]nc(c3ccnc(C)c3)c2cn1,9.03
576,CHEMBL3663099,COc1cc(ccn1)c2n[nH]c3cc(NC(=O)N[C@H](C)c4ccccc4)ncc23,9.03
577,CHEMBL3663114,COc1ccc(cc1)c2n[nH]c3cc(NC(=O)N[C@H](C)c4ccccc4)ncc23,9.03
578,CHEMBL3663100,COc1cccc(F)c1CN2CCC[C@H](C2)NC(=O)Nc3cc4[nH]nc(c5ccc6nn(C)cc6c5)c4cn3,9.03
579,CHEMBL3654864,Cc1cc(ccn1)c2n[nH]c3cc(NC(=O)NC(C4CCCO4)c5ccc(F)cc5)ncc23,9.03
580,CHEMBL3658749,Cc1cc(ccn1)c2n[nH]c3cc(NC(=O)NCC(c4ccccc4)C5(O)CCOCC5)ncc23,9.03
581,CHEMBL3654694,Cc1cc(ccn1)c2n[nH]c3cc(NC(=O)NCc4csc(C)n4)ncc23,9.03
582,CHEMBL3654805,C[C@@H](NC(=O)Nc1cc2[nH]nc(c3ccnc(C)c3)c2cn1)c4ccccn4,9.04
583,CHEMBL3663036,Cc1cc(ccn1)c2n[nH]c3cc(NC(=O)N[C@@H]4C[C@H]4c5ccccc5)ncc23,9.04
584,CHEMBL3654850,CN1CC(NC(Nc2cc3[nH]nc(c4ccc(F)cc4)c3cn2)O1)c5ccccc5,9.05
585,CHEMBL3658682,COC[C@@H](NC(=O)Nc1cc2[nH]nc(c3cnc(OC)nc3)c2cn1)c4ccccc4,9.06
586,CHEMBL3663083,CO[C@@H](C)CNC(=O)Nc1cc2[nH]nc(c3ccc(F)cc3)c2cn1,9.06
587,CHEMBL3654742,C[C@@H](NC(=O)Nc1cc2[nH]nc(c3cnnc(C)c3)c2cn1)c4ccccc4,9.06
588,CHEMBL3662961,Cc1cc(ccn1)c2n[nH]c3cc(NC(=O)NC4CCc5cccnc5C4)ncc23,9.06
589,CHEMBL3654681,C[C@@H](NC(=O)Nc1cc2[nH]nc(c3ccc(F)cc3)c2cn1)c4ccccc4,9.07
590,CHEMBL3662959,C[C@@H](NC(=O)Nc1cc2[nH]nc(c3ccnc(C)c3)c2cn1)c4ccc(F)cn4,9.07
591,CHEMBL3654860,C[C@@H](NC(=O)Nc1cc2[nH]nc(c3ccnc(C)c3)c2cn1)c4ccc(cc4)C#N,9.07
592,CHEMBL3658758,Cc1cc(ccn1)c2n[nH]c3cc(NC(=O)NCCc4cn[nH]c4)ncc23,9.07
593,CHEMBL2408788,Cc1cc(ccn1)c2n[nH]c3cc(NC(=O)NCc4ccccc4)ncc23,9.07
594,CHEMBL3658811,Cc1cc(ccn1)c2n[nH]c3cc(NC(=O)NCc4ncccc4Cl)ncc23,9.08
595,CHEMBL3658674,COC[C@@H](NC(=O)Nc1cc2[nH]nc(c3ccnc(c3)N4CCNCC4)c2cn1)c5ccc(F)cc5,9.09
596,CHEMBL3663042,C[C@@H](NC(=O)Nc1cc2[nH]nc(c3cnn(C)c3)c2cn1)C4CCCCC4,9.09
597,CHEMBL3662962,Cc1cc(ccn1)c2n[nH]c3cc(NC(=O)NC4CCc5[nH]ncc5C4)ncc23,9.09
598,CHEMBL3658805,Cc1cc(ccn1)c2n[nH]c3cc(NC(=O)NCc4ccccc4F)ncc23,9.09
599,CHEMBL3663074,COCCNC(=O)Nc1cc2[nH]nc(c3ccc4nn(C)cc4c3)c2cn1,9.1
600,CHEMBL3663071,C[C@H](CNC(=O)Nc1cc2[nH]nc(c3ccnc(C)c3)c2cn1)c4ccccc4,9.1
601,CHEMBL3675723,Cn1cc(cn1)C(N2C=CC(=CC2=O)c3nc(NC4CCOCC4)ncc3F)c5ccc(Cl)c(Cl)c5,9.1
602,CHEMBL3409406,O=C1C=C(C=CN1Cc2ccccc2)c3ccnc(NC4CCOCC4)n3,9.1
603,CHEMBL3662956,COC[C@@H](NC(=O)Nc1cc2[nH]nc(c3ccc(F)cc3)c2cn1)c4ccccn4,9.11
604,CHEMBL3658780,COC[C@@H](NC(=O)Nc1cc2[nH]nc(c3ccnc(C)c3)c2cn1)c4ccccn4,9.11
605,CHEMBL3654881,C[C@@H](NC(=O)Nc1cc2[nH]nc(c3ccc(nc3)N4CCOCC4)c2cn1)c5ccc(F)cc5,9.11
606,CHEMBL3658778,CC[C@@H](NC(=O)Nc1cc2[nH]nc(c3ccnc(C)c3)c2cn1)c4ccc(Cl)cc4,9.12
607,CHEMBL3658680,COc1ncc(cn1)c2n[nH]c3cc(NC(=O)N[C@@H]4CCCOc5ccccc45)ncc23,9.12
608,CHEMBL3662963,Cc1cc(ccn1)c2n[nH]c3cc(NC(=O)NC4CCc5[nH]nc(C)c5C4)ncc23,9.12
609,CHEMBL3662973,Cc1cc(ccn1)c2n[nH]c3cc(NC(=O)NCc4ncc(F)cc4Cl)ncc23,9.12
610,CHEMBL3658702,CN1CC(NC(Nc2cc3[nH]nc(c4ccnc(C)c4)c3cn2)O1)c5ccccc5,9.13
611,CHEMBL3654878,COc1ncc(cn1)c2n[nH]c3cc(NC(=O)N[C@H](C)c4ccc(F)cc4)ncc23,9.13
612,CHEMBL3654738,C[C@@H](NC(=O)Nc1cc2[nH]nc(c3ccc4nc(C)sc4c3)c2cn1)c5ccccc5,9.13
613,CHEMBL3658795,Cc1cc(ccn1)c2n[nH]c3cc(NC(=O)NCc4cscn4)ncc23,9.13
614,CHEMBL3654838,CN1C[C@H](NC(=O)Nc2cc3[nH]nc(c4ccnc(C)c4)c3cn2)[C@H](C1)c5ccc(F)cc5,9.14
615,CHEMBL3663094,C[C@@H](NC(=O)Nc1cc2[nH]nc(c3ccc4nc(C)oc4c3)c2cn1)c5ccccc5,9.14
616,CHEMBL3662994,C[C@@H](NC(=O)Nc1ncc2c(n[nH]c2c1F)c3ccnc(F)c3)c4ccccc4,9.14
617,CHEMBL3654798,CCNC(=O)[C@H]1CC1c2n[nH]c3cc(NC(=O)N[C@H](COC)c4ccccc4)ncc23,9.15
618,CHEMBL3658681,COc1ncc(cn1)c2n[nH]c3cc(NC(=O)N[C@H](C)c4ccccc4)ncc23,9.15
619,CHEMBL3654723,C[C@@H](NC(=O)Nc1cc2[nH]nc(c3cnn(C)c3)c2cn1)c4ccc(F)c(Cl)c4,9.15
620,CHEMBL3654678,Cc1cc(ccn1)c2n[nH]c3cc(NC(=O)NCc4cccc(Cl)c4)ncc23,9.15
621,CHEMBL3654858,C[C@@H](NC(=O)Nc1cc2[nH]nc(c3ccnc(C)c3)c2cn1)c4ncccc4F,9.16
622,CHEMBL3604853,Cc1cccc(CN2C=CC(=CC2=O)N3CCc4[nH]nc(c4C3)c5ccncc5)c1,9.16
623,CHEMBL3409569,Fc1cc(CN2C=CC(=CC2=O)c3ccnc(NC4CCOCC4)n3)ccc1Cl,9.16
624,CHEMBL3663037,CC(CNC(=O)Nc1cc2[nH]nc(c3ccnc(C)c3)c2cn1)c4ccccc4,9.17
625,CHEMBL3654713,C[C@@H](NC(=O)Nc1cc2[nH]nc(c3ccc4nn(C)cc4c3)c2cn1)c5cccc(Cl)c5,9.17
626,CHEMBL3654811,CN1C[C@H](NC(=O)Nc2cc3[nH]nc(c4ccnc(C)c4)c3cn2)[C@H](C1)c5ccccc5F,9.18
627,CHEMBL3658662,C[C@@H](NC(=O)Nc1cc2[nH]nc(c3ccn4ncnc4c3)c2cn1)c5ccccc5,9.18
628,CHEMBL3654703,Cc1cc(ccn1)c2n[nH]c3cc(NC(=O)NCc4c(F)cccc4F)ncc23,9.18
629,CHEMBL3663065,CCOCCNC(=O)Nc1cc2[nH]nc(c3ccc(F)cc3)c2cn1,9.22
630,CHEMBL3658664,COC[C@@H](NC(=O)Nc1cc2[nH]nc(c3cnn(C)c3)c2cn1)c4ccc(F)cc4,9.22
631,CHEMBL3662951,COc1ncccc1CNC(=O)Nc2cc3[nH]nc(c4ccnc(C)c4)c3cn2,9.22
632,CHEMBL3654725,C[C@@H](NC(=O)Nc1cc2[nH]nc(c3cn[nH]c3)c2cn1)c4ccc(F)c(Cl)c4,9.22
633,CHEMBL3658729,Cc1cc(ccn1)c2n[nH]c3cc(NC(=O)NC(CO)c4cc(F)cc(F)c4)ncc23,9.22
634,CHEMBL3662978,Cc1cc(ccn1)c2n[nH]c3cc(NC(=O)NCc4ccccc4OC(F)(F)F)ncc23,9.22
635,CHEMBL3409579,OCC(N1C=CC(=CC1=O)c2ccnc(NC3CCOCC3)n2)c4cccc(c4)C#N,9.22
636,CHEMBL3409595,OCC(N1N=CC(=CC1=O)c2ccnc(NC3CCOCC3)n2)c4ccc(Cl)c(F)c4,9.22
637,CHEMBL3658838,Cc1cc(ccn1)c2n[nH]c3cc(NC(=O)NCc4ccsn4)ncc23,9.23
638,CHEMBL3658786,Cc1cc(ccn1)c2n[nH]c3cc(NC(=O)NCc4cnsc4)ncc23,9.23
639,CHEMBL3654715,Cn1cc2cc(ccc2n1)c3n[nH]c4cc(NC(=O)NCc5ccc(F)c(Cl)c5)ncc34,9.23
640,CHEMBL3658740,CC(NC(=O)Nc1cc2[nH]nc(c3ccnc(C)c3)c2cn1)c4ccc(cc4)S(=O)(=O)C,9.24
641,CHEMBL3654872,C[C@@H](NC(=O)Nc1cc2[nH]nc(c3ccc4nncn4c3)c2cn1)c5ccc(F)cc5,9.24
642,CHEMBL3658669,COC[C@@H](NC(=O)Nc1cc2[nH]nc(c3ccc4c(c3)nnn4C)c2cn1)c5ccc(F)cc5,9.25
643,CHEMBL3654716,C[C@@H](NC(=O)Nc1cc2[nH]nc(c3ccc4nn(C)cc4c3)c2cn1)c5ccc(Cl)cc5,9.25
644,CHEMBL3654863,Cc1cc(ccn1)c2n[nH]c3cc(NC(=O)NC(C4CCCO4)c5ccccc5)ncc23,9.25
645,CHEMBL3663032,Cc1cc(ccn1)c2n[nH]c3cc(NC(=O)NCC4CCCCC4)ncc23,9.25
646,CHEMBL3662981,CCOc1ncccc1CNC(=O)Nc2cc3[nH]nc(c4ccnc(C)c4)c3cn2,9.26
647,CHEMBL3654670,C[C@@H](NC(=O)Nc1cc2[nH]nc(c3ccnc(C)c3)c2cn1)c4ccc(Cl)cc4,9.26
648,CHEMBL3662986,Cc1cc(ccn1)c2n[nH]c3cc(NC(=O)N[C@@H](c4ccccc4)C5(O)CCCC5)ncc23,9.26
649,CHEMBL3654842,CN1C[C@@H](NC(=O)Nc2cc3[nH]nc(c4ccnc(C)c4)c3cn2)[C@@H](C1)c5ccccc5C,9.27
650,CHEMBL3654834,CN1C[C@H](NC(=O)Nc2cc3[nH]nc(c4ccnc(C)c4)c3cn2)[C@H](C1)c5ccccc5C,9.27
651,CHEMBL3663087,C[C@@H](NC(=O)Nc1cc2[nH]nc(c3cnn(CC(C)(C)O)c3)c2cn1)c4ccccc4,9.27
652,CHEMBL3658687,CCO[C@H]1CN(C)C[C@@H]1NC(=O)Nc2cc3[nH]nc(c4ccc(F)cc4)c3cn2,9.28
653,CHEMBL3654806,CN1C[C@H](NC(=O)Nc2cc3[nH]nc(c4ccnc(C)c4)c3cn2)[C@H](C1)c5ccccc5C(F)(F)F,9.28
654,CHEMBL3654710,C[C@@H](NC(=O)Nc1cc2[nH]nc(c3cnn(C)c3)c2cn1)c4ccc(Cl)cc4,9.29
655,CHEMBL3662989,C[C@@H](NC(=O)Nc1ncc2c(n[nH]c2c1F)c3ccnc(C)c3)c4ccc(Cl)cc4,9.29
656,CHEMBL3654677,Cc1cc(ccn1)c2n[nH]c3cc(NC(=O)NCc4ccc(Cl)cc4)ncc23,9.29
657,CHEMBL3604849,Fc1cccc(CN2C=CC(=CC2=O)N3CCc4[nH]nc(c4C3)c5ccncc5)c1,9.3
658,CHEMBL3409583,OCC(N1C=CC(=CC1=O)c2ccnc(NC3CCOCC3)n2)c4cc(F)cc(F)c4,9.3
659,CHEMBL3409580,OCC(N1C=CC(=CC1=O)c2ccnc(NC3CCOCC3)n2)c4ccc(F)c(F)c4,9.3
660,CHEMBL3654845,CC[C@@H](NC(=O)Nc1cc2[nH]nc(c3ccnc(C)c3)c2cn1)c4ccccn4,9.31
661,CHEMBL3658644,Cc1cc(ccn1)c2n[nH]c3cc(NC(=O)NC4CCCOc5ccccc45)ncc23,9.31
662,CHEMBL3663063,COC[C@@H](NC(=O)Nc1cc2[nH]nc(c3ccc4cn(C)nc4c3)c2cn1)c5ccccc5,9.32
663,CHEMBL3663023,C[C@@H]1[C@H](NC(=O)Nc2cc3[nH]nc(c4ccnc(C)c4)c3cn2)[C@H](CN1C)c5ccccc5,9.32
664,CHEMBL3658718,Cc1cc(ccn1)c2n[nH]c3cc(NC(=O)NC(CF)c4ccccc4)ncc23,9.32
665,CHEMBL3658741,Cc1cc(ccn1)c2n[nH]c3cc(NC(=O)NCCc4nc5ccccc5[nH]4)ncc23,9.32
666,CHEMBL3654885,C[C@@H](NC(=O)Nc1cc2[nH]nc(c3cnn(C)c3)c2cn1)c4ccc(F)cc4,9.33
667,CHEMBL3658803,Cc1cc(ccn1)c2n[nH]c3cc(NC(=O)NCc4c(F)cccc4Cl)ncc23,9.33
668,CHEMBL3658695,Cc1cc(ccn1)c2n[nH]c3cc(NC(=O)N[C@H]4CCN(CC(F)(F)F)C4)ncc23,9.35
669,CHEMBL3663022,CN1C[C@H](NC(=O)Nc2cc3[nH]nc(c4ccnc(C)c4)c3cn2)[C@H]([C@@H]1C(F)F)c5ccccc5,9.36
670,CHEMBL3662975,COc1cc(F)ccc1CNC(=O)Nc2cc3[nH]nc(c4ccnc(C)c4)c3cn2,9.36
671,CHEMBL3654720,C[C@@H](NC(=O)Nc1cc2[nH]nc(c3ccnc(C)c3)c2cn1)c4ccc(F)c(Cl)c4,9.37
672,CHEMBL3663010,C[C@H]1[C@@H](NC(=O)Nc2cc3[nH]nc(c4ccnc(C)c4)c3cn2)[C@@H](CN1C)c5ccccc5C,9.37
673,CHEMBL3654718,C\C=C\c1n[nH]c2cc(NC(=O)N[C@H](C)c3ccccc3)ncc12,9.37
674,CHEMBL3662949,Cc1cc(ccn1)c2n[nH]c3cc(NC(=O)Nc4noc5cccnc45)ncc23,9.37
675,CHEMBL3654714,C[C@@H](NC(=O)Nc1cc2[nH]nc(c3ccc4nn(C)cc4c3)c2cn1)c5ccc(F)cc5,9.39
676,CHEMBL3654707,Cc1cc(ccn1)c2n[nH]c3cc(NC(=O)NCc4ccc(F)c(Cl)c4)ncc23,9.39
677,CHEMBL3604852,CS(=O)(=O)c1cccc(CN2C=CC(=CC2=O)N3CCc4[nH]nc(c4C3)c5ccncc5)c1,9.4
678,CHEMBL3409407,Clc1cccc(CN2C=CC(=CC2=O)c3ccnc(NC4CCOCC4)n3)c1,9.4
679,CHEMBL3409581,OCC(N1C=CC(=CC1=O)c2ccnc(NC3CCOCC3)n2)c4ccc(Cl)c(F)c4,9.4
680,CHEMBL3409572,OCC(N1C=CC(=CC1=O)c2ccnc(NC3CCOCC3)n2)c4ccccc4Cl,9.4
681,CHEMBL3409603,OC[C@@H](N1C=CC(=CC1=O)c2ccnc(NC3COC3)n2)c4ccc(Cl)c(F)c4,9.4
682,CHEMBL3654841,CN1C[C@@H](NC(=O)Nc2cc3[nH]nc(c4ccc(F)cc4)c3cn2)[C@@H](C1)c5ccccc5,9.41
683,CHEMBL3703715,Cc1cc(ccn1)c2n[nH]c3cc(NC(=O)N[C@H](CO)c4ccccc4)ncc23,9.41
684,CHEMBL3654744,C[C@@H](NC(=O)Nc1cc2[nH]nc(c3cc[n+]([O-])cc3)c2cn1)c4ccccc4,9.42
685,CHEMBL3658837,Cc1cc(ccn1)c2n[nH]c3cc(NC(=O)NCc4ccsc4)ncc23,9.42
686,CHEMBL3658724,Cc1cc(ccn1)c2n[nH]c3cc(NC(=O)Nc4noc5cnccc45)ncc23,9.42
687,CHEMBL3658658,C[C@@H](NC(=O)Nc1cc2[nH]nc(c3cnc(O)nc3)c2cn1)c4ccccc4,9.44
688,CHEMBL3662977,Cc1cc(ccn1)c2n[nH]c3cc(NC(=O)NC(CN)c4ccc(F)cc4)ncc23,9.45
689,CHEMBL3662980,Cc1cc(ccn1)c2n[nH]c3cc(NC(=O)NCc4ccccc4OCC(F)F)ncc23,9.45
690,CHEMBL3663001,OC[C@@H](NC(=O)Nc1cc2[nH]nc(c3ccncc3)c2cn1)c4ccccc4,9.45
691,CHEMBL3703711,C[C@H](NC(=O)Nc1cc2[nH]nc(c3ccnc(C)c3)c2cn1)c4ccc(F)cc4,9.47
692,CHEMBL3658730,Cc1cc(ccn1)c2n[nH]c3cc(NC(=O)NCc4cccc(NS(=O)(=O)C)c4)ncc23,9.47
693,CHEMBL3663057,COC[C@@H](NC(=O)Nc1cc2[nH]nc(c3ccc(cc3)C#N)c2cn1)c4ccccc4,9.48
694,CHEMBL3654680,C[C@@H](NC(=O)Nc1cc2[nH]nc(c3cnn(C)c3)c2cn1)c4ccccc4,9.48
695,CHEMBL3658701,Cc1cc(ccn1)c2n[nH]c3cc(NC(=O)NC(CCO)c4ccccc4)ncc23,9.48
696,CHEMBL3663055,COC[C@@H](NC(=O)Nc1cc2[nH]nc(c3ccnc(c3)C4CC4)c2cn1)c5ccccc5,9.49
697,CHEMBL3658788,Cc1cc(ccn1)c2n[nH]c3cc(NC(=O)NCc4cnsn4)ncc23,9.49
698,CHEMBL3663092,COc1ccc(cn1)c2n[nH]c3cc(NC(=O)N[C@H](C)c4ccccc4)ncc23,9.5
699,CHEMBL3663021,Cc1cc(ccn1)c2n[nH]c3cc(NC(=O)NC(CS(=O)(=O)C)c4ccccc4)ncc23,9.5
700,CHEMBL3663003,OC[C@@H](NC(=O)Nc1ncc2c(n[nH]c2c1F)c3ccncc3)c4ccccc4,9.5
701,CHEMBL3658847,COc1cccc(F)c1CNC(=O)Nc2cc3[nH]nc(c4ccnc(C)c4)c3cn2,9.51
702,CHEMBL3654886,C[C@@H](NC(=O)Nc1cc2[nH]nc(c3ccc4nnn(C)c4c3)c2cn1)c5ccc(F)cc5,9.51
703,CHEMBL3658804,Cc1cc(ccn1)c2n[nH]c3cc(NC(=O)NCc4ccccc4OC(F)F)ncc23,9.51
704,CHEMBL3658652,C[C@@H](NC(=O)Nc1cc2[nH]nc(C3=CNC(=O)C=C3)c2cn1)c4ccc(F)cc4,9.52
705,CHEMBL3658776,C[C@@H](NC(=O)Nc1cc2[nH]nc(c3ccnc(C)c3)c2cn1)c4ccc(F)c(F)c4,9.52
706,CHEMBL3662990,C[C@@H](NC(=O)Nc1ccc2c(n[nH]c2c1F)c3ccnc(C)c3)c4ccc(F)cc4,9.52
707,CHEMBL3409408,Clc1ccc(CN2C=CC(=CC2=O)c3ccnc(NC4CCOCC4)n3)cc1,9.52
708,CHEMBL3604850,Clc1cccc(CN2C=CC(=CC2=O)N3CCc4[nH]nc(c4C3)c5ccncc5)c1,9.52
709,CHEMBL3409582,OCC(N1C=CC(=CC1=O)c2ccnc(NC3CCOCC3)n2)c4ccc(F)c(Cl)c4,9.52
710,CHEMBL3409589,OC[C@@H](N1C=CC(=CC1=O)c2ccnc(NC3CCOCC3)n2)c4ccc(F)c(Cl)c4,9.52
711,CHEMBL3409586,OC[C@@H](N1C=CC(=CC1=O)c2ccnc(NC3CCOCC3)n2)c4cccc(Cl)c4,9.52
712,CHEMBL3663062,COC[C@@H](NC(=O)Nc1cc2[nH]nc(c3ccc4nn(C)cc4c3)c2cn1)c5ccccc5,9.53
713,CHEMBL3662993,COC[C@@H](NC(=O)Nc1cc2[nH]nc(c3ccnc(C)c3)c2cn1)c4ccccc4,9.53
714,CHEMBL3662984,COc1ccccc1CNC(=O)Nc2cc3[nH]nc(c4ccnc(C)c4)c3cn2,9.53
715,CHEMBL3658844,CN(C)C[C@@H](NC(=O)Nc1cc2[nH]nc(c3ccnc(C)c3)c2cn1)c4ccccc4,9.54
716,CHEMBL2408790,COc1cccc(F)c1CN2CCC[C@H](C2)NC(=O)Nc3cc4[nH]nc(c5ccnc(C)c5)c4cn3,9.54
717,CHEMBL3654682,C[C@@H](NC(=O)Nc1cc2[nH]nc(c3cc(C)nc(C)c3)c2cn1)c4ccccc4,9.54
718,CHEMBL3658726,Cc1cc(ccn1)c2n[nH]c3cc(NC(=O)N[C@H](CO)c4cccc5cc[nH]c45)ncc23,9.54
719,CHEMBL3662997,COC[C@@H](NC(=O)Nc1ncc2c(n[nH]c2c1F)c3ccnc(C)c3)c4ccccc4,9.57
720,CHEMBL3662998,COC[C@@H](NC(=O)Nc1ncc2c(n[nH]c2c1F)c3ccnc(F)c3)c4ccccc4,9.57
721,CHEMBL3663009,Cc1cc(ccn1)c2n[nH]c3cc(NC(=O)N[C@H]([C@@H]4CCCO4)c5ccccc5)ncc23,9.58
722,CHEMBL3663025,CSC[C@@H](NC(=O)Nc1cc2[nH]nc(c3ccnc(C)c3)c2cn1)c4ccccc4,9.59
723,CHEMBL3663008,Cc1cc(ccn1)c2n[nH]c3cc(NC(=O)N[C@H]([C@H]4CCCO4)c5ccccc5)ncc23,9.59
724,CHEMBL3608459,OC[C@@H](N1CCCn2cc(cc2C1=O)c3ccnc(N[C@@H]4C[C@H](O)C(F)(F)C4)n3)c5cccc(Cl)c5,9.59
725,CHEMBL3663084,C[C@@H](NC(=O)Nc1cc2[nH]nc(c3ccnc(F)c3)c2cn1)c4ccccc4,9.6
726,CHEMBL3654711,Cn1cc(cn1)c2n[nH]c3cc(NC(=O)NCc4ccc(F)c(Cl)c4)ncc23,9.6
727,CHEMBL3654704,Cc1cc(ccn1)c2n[nH]c3cc(NC(=O)NCc4cccc(F)c4)ncc23,9.61
728,CHEMBL3663035,CN1C[C@@H](NC(=O)Nc2cc3[nH]nc(c4ccnc(C)c4)c3cn2)[C@@H](C1)c5cccc(Cl)c5,9.63
729,CHEMBL3654809,CN1C[C@@H](NC(=O)Nc2cc3[nH]nc(c4ccnc(C)c4)c3cn2)[C@@H](C1)c5ccccc5,9.63
730,CHEMBL3663000,COC[C@@H](NC(=O)Nc1cc2[nH]nc(c3ccncc3)c2cn1)c4ccccc4,9.63
731,CHEMBL3654746,C[C@@H](NC(=O)Nc1ncc2c(n[nH]c2c1F)c3ccnc(C)c3)c4ccccc4,9.63
732,CHEMBL3658725,Cc1cc(ccn1)c2n[nH]c3cc(NC(=O)NC(CN)c4ccccc4)ncc23,9.64
733,CHEMBL3658692,COC[C@@H](NC(=O)Nc1cc2[nH]nc(c3ccnc(C)c3)c2cn1)c4ccc(F)cc4,9.65
734,CHEMBL3663093,C[C@@H](NC(=O)Nc1cc2[nH]nc(c3ccc4nn(C)cc4c3)c2cn1)c5ccccc5,9.65
735,CHEMBL3663134,COC[C@@H](NC(=O)Nc1cc2[nH]nc(c3ccc4nnn(C)c4c3)c2cn1)c5ccccc5,9.66
736,CHEMBL2408789,C[C@@H](NC(=O)Nc1cc2[nH]nc(c3ccnc(C)c3)c2cn1)c4ccccc4,9.69
737,CHEMBL3604851,Brc1cccc(CN2C=CC(=CC2=O)N3CCc4[nH]nc(c4C3)c5ccncc5)c1,9.7
738,CHEMBL3409584,OCC(N1C=CC(=CC1=O)c2ccnc(NC3CCOCC3)n2)c4cc(Cl)cc(Cl)c4,9.7
739,CHEMBL3409599,OCC(N1C=CC(=CC1=O)c2nc(NC3CCOCC3)ncc2Cl)c4ccc(Cl)c(F)c4,9.7
740,CHEMBL3409587,OC[C@@H](N1C=CC(=CC1=O)c2ccnc(NC3CCOCC3)n2)c4cccc(F)c4,9.7
741,CHEMBL3663034,Cc1cc(ccn1)c2n[nH]c3cc(NC(=O)N[C@@H]4COC[C@H]4c5ccccc5)ncc23,9.71
742,CHEMBL3608458,OC[C@@H](N1CCCn2cc(cc2C1=O)c3ccnc(N[C@@H]4C[C@H](O)[C@@H](F)C4)n3)c5ccccc5,9.72
743,CHEMBL3608461,OC[C@@H](N1CCCn2cc(cc2C1=O)c3ccnc(N[C@H]4CC[C@@H](O)C4)n3)c5cccc(Cl)c5,9.72
744,CHEMBL3663002,COC[C@@H](NC(=O)Nc1ncc2c(n[nH]c2c1F)c3ccncc3)c4ccccc4,9.74
745,CHEMBL3654812,CN1C[C@@H](NC(=O)Nc2cc3[nH]nc(c4ccnc(C)c4)c3cn2)[C@@H](C1)c5ccccc5F,9.77
746,CHEMBL3654722,C[C@@H](NC(=O)Nc1cc2[nH]nc(C3=CN(C)C(=O)C=C3)c2cn1)c4ccc(F)cc4,9.8
747,CHEMBL3663068,Cc1cc(ccn1)c2n[nH]c3cc(NC(=O)NCc4cccc(c4)S(=O)(=O)C)ncc23,9.8
748,CHEMBL3608591,OC[C@@H](N1CCn2cc(cc2C1=O)c3ccnc(NC4CCOCC4)n3)c5cccc(Cl)c5,9.8
749,CHEMBL3658845,Cc1cc(ccn1)c2n[nH]c3cc(NC(=O)N[C@H](CN)c4ccccc4)ncc23,9.82
750,CHEMBL3409578,COc1cccc(c1)C(CO)N2C=CC(=CC2=O)c3ccnc(NC4CCOCC4)n3,10.0
751,CHEMBL3409573,OCC(N1C=CC(=CC1=O)c2ccnc(NC3CCOCC3)n2)c4ccc(Cl)cc4,10.0
752,CHEMBL3409600,OCC(N1C=CC(=CC1=O)c2nc(NC3CCOCC3)ncc2F)c4ccc(Cl)c(F)c4,10.0
753,CHEMBL3608587,OC[C@@H](N1C[C@H](F)Cn2cc(cc2C1=O)c3ccnc(NC4CCOCC4)n3)c5cccc(Cl)c5,10.3
754,CHEMBL3608463,OC[C@@H](N1CCCn2cc(cc2C1=O)c3ccnc(NC4CC5(COC5)C4)n3)c6ccccc6,10.4
755,CHEMBL3608464,OC[C@@H](N1CCCn2cc(cc2C1=O)c3ccnc(NC4CCOCC4F)n3)c5cccc(Cl)c5,10.46
756,CHEMBL3608462,OC[C@@H](N1CCCn2cc(cc2C1=O)c3ccnc(NC4CCOCC4)n3)c5ccccc5,10.48
757,CHEMBL3590106,CC(C)Nc1cc(c(Cl)cn1)c2c[nH]c(c2)C(=O)N[C@H](CO)c3cccc(Cl)c3,10.52
758,CHEMBL3608586,OC[C@@H](N1CCCn2cc(cc2C1=O)c3ccnc(N[C@H]4[C@@H]5COC[C@H]45)n3)c6cccc(Cl)c6,10.59
759,CHEMBL3608589,OC[C@@H](N1CCCn2cc(cc2C1=O)c3ccnc(NC4CCOCC4)n3)c5cc(F)cc(Cl)c5,10.72
760,CHEMBL3608588,OC[C@@H](N1CCCn2cc(cc2C1=O)c3ccnc(NC4CCOCC4)n3)c5cccc(Cl)c5,11.0
