,molecule_chembl_id,canonical_smiles,pchembl_value
0,CHEMBL3355184,Clc1ccccc1NC(=O)Nc2cnn(c2)c3cccc(c3)C(=O)NC4CCNC4,7.54
1,CHEMBL1644642,O=C1N(Cc2ccncc2)N=C(N1c3ccc4ccccc4c3)c5ccnc(NC6CCCCC6)c5,7.54
2,CHEMBL1682013,Brc1csc(NC(=O)CN2C(=O)CCc3ccccc23)c1c4ncn[nH]4,7.55
3,CHEMBL3577874,CC(C)NC(=O)N1CCC(CC1)Nc2ncc3C=CC(=O)N(C(C)C)c3n2,7.55
4,CHEMBL1923194,CC(C)(C)Oc1ccc(Oc2cc(Nc3ccccc3C(=O)N)c(cn2)C(F)(F)F)cc1,7.57
5,CHEMBL3099972,CNc1onc(c2ccnc(Nc3ccc(cc3)N4CCOCC4)c2)c1c5ccc(F)cc5,7.57
6,CHEMBL1080582,C(N1CCCCC1)c2onc(c3ccccc3)c2c4ccnc(NC5CCCCC5)n4,7.59
7,CHEMBL3394121,CCC(C)Nc1cc(ccn1)c2c(nc(S\C=C/C(=O)O)n2CC(OC)OC)c3ccc(F)cc3,7.59
8,CHEMBL3099965,Fc1ccc(cc1)c2conc2c3ccnc(Nc4ccc(cc4)N5CCOCC5)c3,7.59
9,CHEMBL3394107,CC(=O)Nc1cc(ccn1)c2c(nc(S\C=C/C(=O)O)n2CC3CCCCC3)c4ccc(F)cc4,7.6
10,CHEMBL1233747,COc1cc(NC(=O)c2cccc(c2)n3cc(NC(=O)Nc4ccccc4)cn3)cc(OC)c1OC,7.6
11,CHEMBL1614820,Cc1csc(NC(=O)CN2C(=O)CCc3ccccc23)c1c4ncn[nH]4,7.6
12,CHEMBL1682012,Cc1n[nH]c(n1)c2c(C)csc2NC(=O)CN3C(=O)CCc4ccccc34,7.6
13,CHEMBL1644646,COC(=O)N1CCC(CC1)N2N=C(N(C2=O)c3ccc4ccccc4c3)c5ccnc(NC6CCOCC6)c5,7.62
14,CHEMBL2376909,COc1cc(NC(=O)c2cccc(c2)n3ncc4cc(Nc5ccccc5)ccc34)cc(OC)c1OC,7.62
15,CHEMBL1946495,COc1ccc(Nc2ncc3nc(Nc4ccccc4F)n([C@@H]5CC[C@@H](CC5)C(=O)N)c3n2)cc1,7.62
16,CHEMBL3099963,Cc1ncn(n1)c2ccc(Nc3cc(ccn3)c4nocc4c5cn[nH]c5)cc2,7.62
17,CHEMBL1822132,Fc1ccc(CC(=O)Nc2scc(Br)c2c3ncn[nH]3)c4ccncc14,7.62
18,CHEMBL1946837,N[C@@H]1CC[C@H](CC1)Nc2ncc3nc(Nc4ccc(F)cc4F)n(C5CCCC5)c3n2,7.62
19,CHEMBL1644618,O=C1NN=C(N1c2ccc3ccccc3c2)c4ccnc(NC5CCCCC5)c4,7.62
20,CHEMBL3355176,Clc1ccccc1NC(=O)Nc2cnn(c2)c3cccc(c3)C(=O)Nc4cnn(CCN5CCCC5)c4,7.64
21,CHEMBL3355177,Clc1ccccc1NC(=O)Nc2cnn(c2)c3cccc(c3)C(=O)Nc4cnn(c4)C5CCNCC5,7.64
22,CHEMBL2376918,Fc1ccccc1Nc2ccc3c(cnn3c4cccc(c4)C(=O)NCCCN5CCOCC5)c2,7.66
23,CHEMBL1644638,O=C1N(CC2CCOCC2)N=C(N1c3ccc4ccccc4c3)c5ccnc(NC6CCCCC6)c5,7.66
24,CHEMBL1725279,Oc1c2ccccc2c3N=Nc4cccc1c34,7.66
25,CHEMBL3355175,CCN(CC)CCn1cc(NC(=O)c2cccc(c2)n3cc(NC(=O)Nc4ccccc4Cl)cn3)cn1,7.68
26,CHEMBL198821,CN(C)CCNC(=O)c1cccc(c1)c2[nH]nc3cc(Nc4ccccc4Cl)ccc23,7.68
27,CHEMBL379254,COCCC(=O)Nc1cc(ccn1)c2ccnc(Nc3ccccc3)c2,7.7
28,CHEMBL3356002,Cc1cc(Nc2nc3ccccc3[nH]2)c4ccccc4c1Oc5ncccc5c6ccnc(N[C@H]7CCCNC7)n6,7.7
29,CHEMBL1761569,Cc1ncn(n1)c2ccc(Nc3ncc4cccc(c5nccs5)c4n3)cc2,7.7
30,CHEMBL1761581,Cn1cc(cn1)c2ccc3cnc(Nc4ccc(cc4)n5cnc(n5)N6CCOCC6)nc3c2C7CC7,7.7
31,CHEMBL1761564,Cn1cc(cn1)c2cccc3cnc(Nc4ccc(cc4)n5cnc(n5)N6CCOCC6)nc23,7.7
32,CHEMBL1090089,CN1C(=O)C(=Cc2cnc(NC(CCO)CCO)nc12)Oc3ccc(F)cc3F,7.72
33,CHEMBL3099977,Cn1cc(cn1)c2conc2c3ccnc(Nc4ccc(cc4)N5CCOCC5)c3,7.72
34,CHEMBL1822150,FC(F)(F)Oc1ccc2C=CC(=O)N(CC(=O)Nc3scc(Br)c3c4ncn[nH]4)c2c1,7.72
35,CHEMBL3394106,CC(=O)Nc1cc(ccn1)c2c(nc(S\C=C/C(=O)O)n2CC3CC3)c4ccc(F)cc4,7.75
36,CHEMBL378627,COc1cc(c(OC)cc1CC(=O)Nc2cc(N)c(C#N)c(OC(C)C)n2)S(=O)(=O)C,7.75
37,CHEMBL1682020,Clc1csc(NC(=O)Cc2cccc3ncccc23)c1c4ncn[nH]4,7.75
38,CHEMBL380724,O=C(Nc1cc(ccn1)c2ccnc(Nc3ccccc3)c2)c4occc4,7.75
39,CHEMBL1946340,COc1ccc(Nc2ncc3nc(Nc4ccccc4F)n([C@@H]5CC[C@H](O)CC5)c3n2)cc1,7.77
40,CHEMBL1923211,COc1ccc(Oc2cc(Nc3cc(OC)ccc3C(=O)N)c(cn2)C(F)(F)F)cc1,7.77
41,CHEMBL205672,Fc1ccc(Nc2cc(ccn2)c3ccnc(Nc4ccc(F)cc4)c3)cc1,7.77
42,CHEMBL3394125,OC(=O)\C=C/Sc1nc(c2ccc(F)cc2)c([nH]1)c3ccnc(Nc4ccccc4)c3,7.77
43,CHEMBL1232769,C[C@H](CS(=O)(=O)C)Nc1ncc2C=C(Oc3ccc(F)cc3F)C(=O)N(C)c2n1,7.8
44,CHEMBL3100085,Cc1ncn(n1)c2ccc(Nc3cc(ccn3)c4nocc4c5cn[nH]c5C)cc2,7.8
45,CHEMBL1946647,N[C@@H]1CC[C@H](CC1)Nc2ncc3nc(Nc4c(F)cc(F)cc4F)n(C5CCCC5)c3n2,7.8
46,CHEMBL1644639,O=C1N(N=C(N1c2ccc3ccccc3c2)c4ccnc(NC5CCCCC5)c4)C6CCOCC6,7.8
47,CHEMBL1089007,O[C@@H]1CC[C@H](CC1)Nc2nccc(n2)c3c[nH]nc3C4CCCOC4,7.8
48,CHEMBL507249,O[C@@H]1CC[C@H](CC1)c2n[nH]cc2c3ccnc(NC4CCCC4)n3,7.8
49,CHEMBL1822154,Brc1csc(NC(=O)CN2C(=O)CCc3ncccc23)c1c4nccs4,7.82
50,CHEMBL206466,CC(=O)N1CCCC(C1)C(=O)Nc2cc(ccn2)c3ccnc(Nc4ccc(F)cc4)c3,7.82
51,CHEMBL3577868,CC(C)NC(=O)N[C@@H]1CC[C@H](CC1)Nc2ncc3C=CC(=O)N(C(C)C)c3n2,7.82
52,CHEMBL202676,CO[C@@H]1CC[C@@H](CC1)C(=O)Nc2cc(ccn2)c3ccnc(Nc4ccc(F)cc4)c3,7.82
53,CHEMBL1923187,COc1ccc(Oc2cc(Nc3ccccc3C(=O)N)c(Cl)cn2)cc1,7.82
54,CHEMBL2376919,Clc1ccccc1Nc2ccc3c(cnn3c4cccc(c4)C(=O)NCCCN5CCOCC5)c2,7.82
55,CHEMBL1822138,Brc1csc(NC(=O)CN2C(=O)CCc3ncccc23)c1c4ncn[nH]4,7.85
56,CHEMBL3355997,C1CNC[C@@H](C1)Nc2nccc(n2)c3cccnc3Oc4ccc(Nc5nc6ccccc6[nH]5)c7ccccc47,7.85
57,CHEMBL245336,CNC(=O)CN1CCC(CC1)Nc2ncc(Cl)c(n2)c3c[nH]c4ccccc34,7.85
58,CHEMBL1644637,Clc1cccc2ccc(cc12)N3C(=O)NN=C3c4ccnc(NC5CCOCC5)c4,7.85
59,CHEMBL1822144,FC(F)(F)c1cc2N(CC(=O)Nc3scc(Br)c3c4ncn[nH]4)C(=O)C=Cn2n1,7.85
60,CHEMBL1822142,FC(F)(F)c1ccc2N(CC(=O)Nc3scc(Br)c3c4ncn[nH]4)C(=O)C=Cc2n1,7.85
61,CHEMBL1946646,N[C@@H]1CC[C@H](CC1)Nc2ncc3nc(Nc4c(F)cccc4F)n(C5CCCC5)c3n2,7.89
62,CHEMBL458997,CNC(=O)c1ccccc1Nc2nc(Nc3ccc(cc3OC)N4CCOCC4)ncc2Cl,7.92
63,CHEMBL3394120,COC(Cn1c(S\C=C/C(=O)O)nc(c2ccc(F)cc2)c1c3ccnc(NC4CC4)c3)OC,7.92
64,CHEMBL2376910,COc1cc(NC(=O)c2cccc(c2)n3ncc4cc(Nc5ccccc5Cl)ccc34)cc(OC)c1OC,7.92
65,CHEMBL3393604,COc1ccc2OC(COc2c1)C(=O)NC(=O)N(CC(C)C)CC(=O)NCCCCCCNC(=O)c3ccc(cc3)c4n[nH]c5ccccc45,7.92
66,CHEMBL603469,C[C@]12O[C@H](C[C@]1(O)CO)n3c4ccccc4c5c6C(=O)NCc6c7c8ccccc8n2c7c35,7.92
67,CHEMBL1682021,O=C(Cc1cccc2ncccc12)Nc3scc(C#N)c3c4ncn[nH]4,7.92
68,CHEMBL3355995,OCCNc1nccc(n1)c2cccnc2Oc3ccc(Nc4nc5ccccc5[nH]4)c6ccccc36,7.92
69,CHEMBL1946333,O[C@@H]1CC[C@H](CC1)Nc2ncc3nc(Nc4ccccc4F)n(C5CCCC5)c3n2,7.92
70,CHEMBL3577877,CC(C)NC(=O)N[C@@H]1CC[C@H](CC1)Nc2ncc3C=CC(=O)N(C4CCCC4)c3n2,7.96
71,CHEMBL383348,CCCNc1nccc(n1)c2c(nc3CC[C@@H](COCc4ccc(OC)cc4)n23)c5ccc(F)cc5,7.96
72,CHEMBL1094013,CCCNc1nccc(n1)c2c(nc3CC[C@@H](Cc4ccc(OC)cc4)n23)c5ccc(F)cc5,7.96
73,CHEMBL1682017,Clc1csc(NC(=O)Cc2cccc3cnccc23)c1c4ncn[nH]4,7.96
74,CHEMBL1822306,O=C(CN1C(=O)CCc2ncccc12)Nc3scc(C#N)c3c4nccs4,7.96
75,CHEMBL202666,CC(=O)N1CCC[C@@H](C1)C(=O)Nc2cc(ccn2)c3ccnc(Nc4ccc(F)cc4)c3,8.0
76,CHEMBL1761579,Cc1c(ccc2cnc(Nc3ccc(cc3)n4cnc(n4)N5CCOCC5)nc12)c6cnn(C)c6,8.0
77,CHEMBL1761583,Cn1cc(cn1)c2ccc3cnc(Nc4ccc(cc4)n5cnc(n5)N6CCOCC6)nc3c2c7ccccc7,8.0
78,CHEMBL203225,CC(=O)N1CCCC(C1)C(=O)Nc2cc(ccn2)c3ccnc(Nc4ccccc4)c3,8.05
79,CHEMBL3393608,CN(C)C\C=C\C(=O)Nc1cccc(c1)C(=O)Nc2ccc(Nc3nccc(n3)c4c(nn5ccccc45)c6ccccc6)cc2,8.05
80,CHEMBL1233748,COc1cc(NC(=O)c2cccc(c2)n3ncc4cc(Nc5ccccc5F)ccc34)cc(OC)c1OC,8.05
81,CHEMBL1761582,Cn1cc(cn1)c2ccc3cnc(Nc4ccc(cc4)n5cnc(n5)N6CCOCC6)nc3c2c7cnn(C)c7,8.05
82,CHEMBL1822147,FC(F)(F)c1ccc2C=CC(=O)N(CC(=O)Nc3scc(Br)c3c4ncn[nH]4)c2c1,8.05
83,CHEMBL1822146,FC(F)(F)c1ccc2N(CC(=O)Nc3scc(Br)c3c4ncn[nH]4)C(=O)C=Cc2c1,8.05
84,CHEMBL1822308,FC(F)(F)c1ccc2N(CC(=O)Nc3scc(C#N)c3c4nccs4)C(=O)C=Cc2c1,8.05
85,CHEMBL203839,Fc1ccc(Nc2cc(ccn2)c3ccnc(NC(=O)C4CCOC4)c3)cc1,8.05
86,CHEMBL1822143,Brc1csc(NC(=O)CN2C(=O)C=Cn3nccc23)c1c4ncn[nH]4,8.1
87,CHEMBL1822309,FC(F)(F)c1ccc2N(CC(=O)Nc3scc(C#N)c3c4cscn4)C(=O)C=Cc2c1,8.1
88,CHEMBL1822307,FC(F)(F)c1ccc2N(CC(=O)Nc3scc(C#N)c3c4occn4)C(=O)C=Cc2c1,8.1
89,CHEMBL203059,O=C(Nc1cc(ccn1)c2ccnc(Nc3ccccc3)c2)C4CCOCC4,8.1
90,CHEMBL3356000,N[C@@H]1CC[C@@H](CC1)Nc2nccc(n2)c3cccnc3Oc4ccc(Nc5nc6ccccc6[nH]5)c7ccccc47,8.13
91,CHEMBL1822140,Brc1csc(NC(=O)CN2C(=O)C=Cc3cnccc23)c1c4ncn[nH]4,8.16
92,CHEMBL1761566,C1CN(CCO1)c2ncn(n2)c3ccc(Nc4ncc5cccc(c6nccs6)c5n4)cc3,8.16
93,CHEMBL1950304,CNC(=O)[C@@H]1CC[C@H](CC1)Nc2ncc3nc(Nc4c(F)cc(F)cc4F)n([C@H]5CCOC5)c3n2,8.16
94,CHEMBL3393599,COc1cc(NC(=O)c2cccc(c2)n3cc(NC(=O)Nc4cccc(C)c4)cn3)cc(OC)c1OC,8.16
95,CHEMBL1923217,COc1ccc(Oc2ncc(Cl)c(Nc3ccccc3C(=O)N)n2)cc1,8.16
96,CHEMBL585916,CS(=O)(=O)Nc1ccc(cc1)c2ccnc(Nc3ccc(cc3)S(=O)(=O)N)n2,8.16
97,CHEMBL3356003,Cc1cc(Nc2oc3ccccc3n2)c4ccccc4c1Oc5ncccc5c6ccnc(N[C@@H]7CC[C@@H](N)CC7)n6,8.16
98,CHEMBL1771718,Cc1nc(C)n(n1)c2ccc(Nc3cc(ccn3)c4nn(C)cc4c5ccc(F)cc5)cc2,8.16
99,CHEMBL3099962,Fc1ccc(cc1)c2n[nH]cc2c3ccnc(Nc4ccc(cc4)N5CCOCC5)c3,8.16
100,CHEMBL252762,Fc1ccc(cc1)c2nc3CC[C@@H](Cn4ccnc4)n3c2c5ccnc(NC6CCC6)n5,8.16
101,CHEMBL1682018,O=C(Cc1cccc2cnccc12)Nc3scc(C#N)c3c4ncn[nH]4,8.16
102,CHEMBL203535,O=C(Nc1cc(ccn1)c2ccnc(Nc3ccccc3)c2)C4CCOC4,8.16
103,CHEMBL1822153,Brc1csc(NC(=O)CN2C(=O)CCc3ncccc23)c1c4occn4,8.22
104,CHEMBL1822149,FC(F)(F)Oc1ccc2N(CC(=O)Nc3scc(Br)c3c4ncn[nH]4)C(=O)C=Cc2c1,8.22
105,CHEMBL1822141,FC(F)(F)c1cc2N(CC(=O)Nc3scc(Br)c3c4ncn[nH]4)C(=O)C=Cc2cn1,8.22
106,CHEMBL205078,Fc1ccc(Nc2cc(ccn2)c3ccnc(NC(=O)C4CCOCC4)c3)cc1,8.22
107,CHEMBL1682015,O=C(CN1C(=O)CCc2ccccc12)Nc3scc(C#N)c3c4ncn[nH]4,8.22
108,CHEMBL1822139,O=C(CN1C(=O)CCc2ncccc12)Nc3scc(C#N)c3c4ncn[nH]4,8.22
109,CHEMBL1950289,O[C@@H]1CC[C@H](CC1)Nc2ncc3nc(Nc4c(F)cc(F)cc4F)n([C@H]5CCOC5)c3n2,8.22
110,CHEMBL3355996,CN1CCCC(C1)Nc2nccc(n2)c3cccnc3Oc4ccc(Nc5nc6ccccc6[nH]5)c7ccccc47,8.26
111,CHEMBL197613,OC(=O)c1cccc(c1)c2[nH]nc3cc(Nc4ccccc4Cl)ccc23,8.28
112,CHEMBL202639,CC(=O)N1CCC[C@H](C1)C(=O)Nc2cc(ccn2)c3ccnc(Nc4ccc(F)cc4)c3,8.3
113,CHEMBL245936,CCNC(=O)N1CCC(CC1)Nc2nccc(n2)c3c([nH]c4ccccc34)c5ccccc5,8.3
114,CHEMBL1094014,CN(C)c1c(cnn1Cc2ccccc2)c3ccnc(N[C@@H]4CC[C@@H](O)CC4)n3,8.3
115,CHEMBL1682014,Clc1csc(NC(=O)CN2C(=O)CCc3ccccc23)c1c4ncn[nH]4,8.3
116,CHEMBL1822145,Fc1cc2C=CC(=O)N(CC(=O)Nc3scc(Br)c3c4ncn[nH]4)c2cc1F,8.3
117,CHEMBL1761584,COc1c(ccc2cnc(Nc3ccc(cc3)n4cnc(n4)N5CCOCC5)nc12)c6cnn(C)c6,8.4
118,CHEMBL571626,CS(=O)(=O)Nc1ccc(cc1)c2ccnc(Nc3ccc(cc3)n4ccnn4)n2,8.4
119,CHEMBL198687,Clc1ccccc1Nc2ccc3c([nH]nc3c2)c4cccc(c4)C(=O)NCCCN5CCOCC5,8.47
120,CHEMBL199136,NC(=O)c1cccc(c1)c2[nH]nc3cc(Nc4ccccc4Cl)ccc23,8.48
121,CHEMBL370516,COc1ccc(CCNc2nccc(n2)\C(=C\3/Nc4ccccc4S3)\C#N)cc1,8.51
122,CHEMBL383799,CCCNc1nccc(n1)c2c(nc3CC[C@H](CO)n23)c4ccc(F)cc4,8.52
123,CHEMBL1092764,CN(C)CCCC(=O)Nc1cc(cc(c1)c2n[nH]c3cc(Nc4ccccc4Cl)ccc23)C(=O)O,8.52
124,CHEMBL482708,CN(C1CCCCC1)c2nccc(n2)c3cnc4ccccn34,8.52
125,CHEMBL1230122,CN1C(=O)C(=Cc2cnc(NC3CCOCC3)nc12)Oc4ccc(F)cc4F,8.52
126,CHEMBL1822305,Cn1cnc(n1)c2c(Br)csc2NC(=O)CN3C(=O)CCc4ncccc34,8.52
127,CHEMBL252763,Fc1ccc(Nc2cc(ccn2)c3ccnc(NC(=O)[C@H]4CCOC4)c3)cc1,8.52
128,CHEMBL198756,CCCNc1nccc(n1)c2c(nc3CC[C@@H](CO)n23)c4ccc(F)cc4,8.6
129,CHEMBL3220501,NC(=O)c1ccccc1Nc2nc(Nc3ccc(Cl)cc3)ncc2Cl,8.6
130,CHEMBL1822151,Brc1csc(NC(=O)CN2C(=O)C=Cc3cc(ccc23)C#N)c1c4ncn[nH]4,8.7
131,CHEMBL1822152,Brc1csc(NC(=O)CN2C(=O)C=Cc3ccc(cc23)C#N)c1c4ncn[nH]4,8.7
132,CHEMBL437747,CCCn1c(nc(c2ccc(Cl)c(Cl)c2)c1c3ccnc(NC4CCCCC4)n3)C5CCNCC5,8.7
133,CHEMBL399167,CN(C)CCNC(=O)c1ccc(cc1)c2n[nH]c3cc(Nc4ccccc4Cl)ccc23,8.72
134,CHEMBL3356001,Cc1cc(Nc2nc3ccccc3[nH]2)c4ccccc4c1Oc5ncccc5c6ccnc(N[C@@H]7CC[C@@H](N)CC7)n6,8.72
135,CHEMBL3355999,N[C@@H]1CC[C@H](CC1)Nc2nccc(n2)c3cccnc3Oc4ccc(Nc5nc6ccccc6[nH]5)c7ccccc47,8.72
136,CHEMBL2425628,CS(=O)(=O)CCCOc1cccc2c1ccn2c3ccnc(N[C@@H]4CC[C@H](CC4)C(=O)N5CCC(O)CC5)n3,8.75
137,CHEMBL252967,CCCn1c(nc(c2ccc(Cl)c(Cl)c2)c1c3ccnc(NC4CC4)n3)C5CCN(C)CC5,8.8
138,CHEMBL194806,Clc1ccccc1Nc2ccc3c(n[nH]c3c2)c4cccc(c4)C(=O)NC5CCNCC5,8.85
139,CHEMBL3217784,NC(=O)c1ccccc1Nc2nc(Nc3ccc(F)cc3)ncc2Cl,8.92
140,CHEMBL2216824,CN(C)C\C=C\C(=O)Nc1cccc(c1)C(=O)Nc2ccc(Nc3nccc(n3)c4cccnc4)c(C)c2,9.0
141,CHEMBL3099975,Oc1onc(c2ccnc(Nc3ccc(cc3)N4CCOCC4)c2)c1c5ccc(F)cc5,9.0
142,CHEMBL3220495,COc1cc(ccc1Nc2ncc(Cl)c(Nc3ccccc3C(=O)N)n2)N4CCOCC4,9.1
143,CHEMBL3220500,NC(=O)c1ccccc1Nc2nc(Nc3ccc(cc3)C#N)ncc2Cl,9.11
144,CHEMBL3393607,CN(C)C\C=C\C(=O)Nc1cccc(c1)C(=O)Nc2ccc(Nc3nccc(n3)c4cccnc4)cc2,9.16
145,CHEMBL3220494,COc1ccc(Nc2ncc(Cl)c(Nc3ccccc3C(=O)N)n2)cc1,9.38
146,CHEMBL3220498,Cc1cc(Nc2ncc(Cl)c(Nc3ccccc3C(=O)N)n2)ccc1N4CCOCC4,9.51
147,CHEMBL3220493,NC(=O)c1ccccc1Nc2nc(Nc3ccc(cc3)N4CCOCC4)ncc2Cl,9.52
148,CHEMBL3220496,NC(=O)c1ccccc1Nc2nc(Nc3ccc(cc3F)N4CCOCC4)ncc2Cl,9.52
149,CHEMBL3220497,COc1cc(Nc2ncc(Cl)c(Nc3ccccc3C(=O)N)n2)ccc1N4CCOCC4,9.55
150,CHEMBL3220499,NC(=O)c1ccccc1Nc2nc(Nc3ccc(N4CCOCC4)c(F)c3)ncc2Cl,9.6
151,CHEMBL3220502,NC(=O)c1ccccc1Nc2nc(Nc3ccc(cc3)N4CCCC4=O)ncc2Cl,9.8
7,CHEMBL117120,Oc1nc(O)c(C(=O)Nc2ccccc2)c(Nc3ccccc3)n1,6.14
8,CHEMBL117121,FC(F)(F)c1cccc(NC(=O)c2csc(n2)c3ccncc3)c1,4.89
16,CHEMBL1788116,OC(=O)C(F)(F)F.OC(=O)C(F)(F)F.N#C\C(=C/1\Nc2ccccc2S1)\c3ccnc(NCCc4cccnc4)n3,7.16
17,CHEMBL372082,COc1ccc(COC[C@@H]2CCc3nc(c4ccc(F)cc4)c(c5ccnc(N)n5)n23)cc1,7.21
18,CHEMBL198427,COc1ccc(COC[C@H]2CCc3nc(c4ccc(F)cc4)c(c5ccnc(N)n5)n23)cc1,6.57
20,CHEMBL198261,CCCNc1nccc(n1)c2c(nc3CC[C@H](COCc4ccc(OC)cc4)n23)c5ccc(F)cc5,6.63
23,CHEMBL199247,Fc1ccc(cc1)c2ncn(CCCNC(=O)c3ccccc3)c2c4ccncc4,6.89
24,CHEMBL383177,N(c1ccccc1)c2ccc3c(n[nH]c3c2)c4ccccc4,7.32
25,CHEMBL440566,Clc1ccccc1Nc2ccc3c([nH]nc3c2)c4ccccc4,7.52
26,CHEMBL254443,COc1ccccc1Nc2ccc3c(n[nH]c3c2)c4ccccc4,6.7
27,CHEMBL197698,OC(=O)c1ccc(cc1)c2[nH]nc3cc(Nc4ccccc4Cl)ccc23,7.5
43,CHEMBL388978,CN[C@@H]1C[C@H]2O[C@@](C)([C@@H]1OC)n3c4ccccc4c5c6CNC(=O)c6c7c8ccccc8n2c7c35,6.47
44,CHEMBL278041,Oc1ccc(cc1)c2nc(c3ccc(F)cc3)c([nH]2)c4ccncc4,7.29
45,CHEMBL10,C[S+]([O-])c1ccc(cc1)c2nc(c3ccc(F)cc3)c([nH]2)c4ccncc4,7.35
47,CHEMBL103667,Cc1ccc(cc1)n2nc(cc2NC(=O)Nc3ccc(OCCN4CCOCC4)c5ccccc35)C(C)(C)C,7.21
49,CHEMBL941,CN1CCN(Cc2ccc(cc2)C(=O)Nc3ccc(C)c(Nc4nccc(n4)c5cccnc5)c3)CC1,5.48
50,CHEMBL939,COc1cc2ncnc(Nc3ccc(F)c(Cl)c3)c2cc1OCCCN4CCOCC4,5.64
53,CHEMBL31965,Fc1ccc(Nc2ncnc3cc(OCCCN4CCOCC4)c(NC(=O)C=C)cc23)cc1Cl,5.55
54,CHEMBL203567,Nc1c(cnn1c2ccc(F)cc2)C(=O)c3cccc(OC[C@@H](O)CO)c3,5.16
58,CHEMBL202961,CCOc1ccccc1Nc2cc(ccn2)c3ccnc(Nc4ccccc4OCC)c3,6.16
59,CHEMBL437706,COc1ccccc1Nc2cc(ccn2)c3ccnc(Nc4ccccc4OC)c3,6.28
60,CHEMBL205561,Cc1ccccc1Nc2cc(ccn2)c3ccnc(Nc4ccccc4C)c3,6.19
61,CHEMBL203792,Nc1ccccc1Nc2cc(ccn2)c3ccnc(Nc4ccccc4N)c3,6.97
62,CHEMBL203289,Fc1ccccc1Nc2cc(ccn2)c3ccnc(Nc4ccccc4F)c3,7.5
63,CHEMBL203009,COC1CCC(CC1)C(=O)Nc2cc(ccn2)c3ccnc(Nc4ccccc4)c3,7.5
65,CHEMBL380625,O=C(Nc1cc(ccn1)c2ccnc(Nc3ccccc3)c2)c4cccnc4,6.76
66,CHEMBL204757,CC(=O)N1CCC(CC1)C(=O)Nc2cc(ccn2)c3ccnc(Nc4ccccc4)c3,7.36
67,CHEMBL205402,Cc1cnc(cn1)C(=O)Nc2cc(ccn2)c3ccnc(Nc4ccccc4)c3,7.48
77,CHEMBL383678,CC(=O)N1CCCCC1C(=O)Nc2cc(ccn2)c3ccnc(Nc4ccccc4)c3,6.68
79,CHEMBL203631,CO[C@@H]1CC[C@H](CC1)C(=O)Nc2cc(ccn2)c3ccnc(Nc4ccc(F)cc4)c3,6.63
81,CHEMBL210032,CC(=O)Nc1cc(N)c(C#N)c(n1)c2ccccc2,5.48
82,CHEMBL210928,CCOc1nc(NC(=O)Cc2cc(OC)c(cc2OC)S(=O)(=O)C)cc(N)c1Cl,7.22
83,CHEMBL208637,CCOc1nc(NC(=O)C)cc(N)c1C#N,6.28
84,CHEMBL210618,CCOc1nc(NC(=O)Cc2cc(OC)ccc2OC)cc(N)c1C#N,7.28
85,CHEMBL210963,CCOc1nc(NC(=O)Cc2cc(OC)c(cc2OC)S(=O)(=O)C)cc(N)c1C#N,7.14
91,CHEMBL377383,CCOc1nc(cc(N)c1Cl)C(=O)NCc2ccc(cc2)S(=O)(=O)C,6.92
92,CHEMBL377408,CCOc1nc(cc(N)c1C#N)C(=O)NCc2ccccc2S(=O)(=O)N,7.43
93,CHEMBL424872,CCOc1nc(cc(N)c1C#N)C(=O)NCc2ccc(cc2)S(=O)(=O)C,7.22
96,CHEMBL215943,Cc1ccc(cc1c2ccc3nc(NCCN4CCOCC4)ncc3c2)C(=O)Nc5cccc(c5)C(F)(F)F,6.84
111,CHEMBL373882,CNc1ncnc(n1)c2cccnc2Oc3ccc(F)c(c3)C(=O)Nc4cc(ccc4N(C)CCCN(C)C)C(F)(F)F,4.4
116,CHEMBL220897,OCC(NC(=O)c1cc(c[nH]1)c2[nH]ncc2c3cccc(Cl)c3)c4cc(Cl)cc(Cl)c4,5.47
117,CHEMBL219790,OCC(NC(=O)c1cc(c[nH]1)c2[nH]ncc2c3cccc(Cl)c3)c4ccc(F)c(F)c4,5.55
118,CHEMBL219849,OCC(NC(=O)c1cc(c[nH]1)c2[nH]ncc2c3cccc(Cl)c3)c4cccc(F)c4,5.52
119,CHEMBL219988,OCC(NC(=O)c1cc(c[nH]1)c2[nH]ncc2c3cccc(Cl)c3)c4ccccc4F,5.51
120,CHEMBL222465,OCC(NC(=O)c1cc(c[nH]1)c2[nH]ncc2c3cccc(Cl)c3)c4ccc(cc4)C(F)(F)F,5.57
121,CHEMBL375544,OCC(NC(=O)c1cc(c[nH]1)c2[nH]ncc2c3cccc(Cl)c3)c4ccc(Cl)cc4,5.6
123,CHEMBL220174,OC1Cc2ccccc2C1NC(=O)c3cc(c[nH]3)c4[nH]ncc4c5cccc(Cl)c5,5.5
124,CHEMBL220096,CNC(=O)[C@@H](NC(=O)c1cc(c[nH]1)c2[nH]ncc2c3cccc(Cl)c3)c4ccccc4,5.41
125,CHEMBL220888,NC(=O)[C@@H](NC(=O)c1cc(c[nH]1)c2[nH]ncc2c3cccc(Cl)c3)c4ccccc4,5.48
127,CHEMBL220112,OC[C@@H](NC(=O)c1cc(c[nH]1)c2[nH]ncc2c3cccc(Cl)c3)c4ccccc4,5.55
129,CHEMBL373628,C[C@@H](NC(=O)c1cc(c[nH]1)c2[nH]ncc2c3cccc(Cl)c3)c4ccccc4,5.51
130,CHEMBL220272,Clc1cccc(c1)c2cn[nH]c2c3c[nH]c(c3)C(=O)NOCc4ccccc4,5.54
133,CHEMBL223471,COc1ccc(CNC(=O)c2cc(c[nH]2)c3[nH]ncc3c4cccc(Cl)c4)cc1,6.08
134,CHEMBL222249,Fc1ccc(CNC(=O)c2cc(c[nH]2)c3[nH]ncc3c4cccc(Cl)c4)cc1F,6.1
138,CHEMBL220320,Clc1cccc(c1)c2c[nH]nc2c3c[nH]c(c3)C(=O)NCc4ccccc4,6.26
141,CHEMBL219683,Clc1cccc(c1)c2cn[nH]c2c3c[nH]c(c3)C(=O)NCC4CCCO4,5.57
143,CHEMBL220110,Clc1cccc(c1)c2cn[nH]c2c3c[nH]c(c3)C(=O)N4CCCC4,5.75
149,CHEMBL441811,C[S+]([O-])c1ccccc1CSc2ncc(c3ccc(F)cc3)c(n2)c4ccncc4,4.55
150,CHEMBL375428,CC(C)c1noc(c2ccc(F)cc2)c1c3ccncc3,5.46
151,CHEMBL220227,CC(C)c1onc(c2ccc(F)cc2)c1c3ccncc3,6.27
153,CHEMBL397356,O=C(Nc1sc2CCCCc2c1C#N)c3ccsc3,6.2
154,CHEMBL233001,O=C(Nc1sc2CCCCc2c1C#N)c3cccc4ccccc34,6.7
155,CHEMBL234839,Brc1ccccc1C(=O)Nc2sc3CCCCc3c2C#N,5.5
156,CHEMBL234838,Fc1ccccc1C(=O)Nc2sc3CCCCc3c2C#N,6.4
157,CHEMBL397570,Fc1ccc(cc1)C(=O)Nc2sc3CCCCc3c2C#N,5.5
158,CHEMBL233000,O=C(Nc1sc2CCCCc2c1C#N)c3ccccc3,5.8
159,CHEMBL233002,Fc1ccc(C(=O)Nc2sc3CCCCc3c2C#N)c4ccccc14,6.0
168,CHEMBL232599,O=C(CCN1CCCCC1)N2CCc3c(C2)sc(NC(=O)c4cccc5ccccc45)c3C#N,5.5
169,CHEMBL233794,O=C(Nc1sc2N(CCCc2c1C#N)S(=O)(=O)c3ccccc3)c4cccc5ccccc45,5.8
170,CHEMBL391656,O=C(Nc1sc2N(Cc3cccnc3)CCCc2c1C#N)c4cccc5ccccc45,6.3
171,CHEMBL391655,CS(=O)(=O)c1ccc(CN2CCCc3c(C#N)c(NC(=O)c4cccc5ccccc45)sc23)cc1,6.0
172,CHEMBL232610,O=C(Nc1sc2N(CCCc2c1C#N)C(=O)c3cc[nH]n3)c4cccc5ccccc45,6.6
173,CHEMBL232601,O=C(Nc1sc2N(CCCc2c1C#N)C(=O)C3CC3)c4cccc5ccccc45,6.6
174,CHEMBL398601,O=C(Nc1sc2CN(CCc2c1C#N)S(=O)(=O)c3ccccc3)c4cccc5ccccc45,5.5
175,CHEMBL232600,CN(C)CC(=O)N1CCc2c(C1)sc(NC(=O)c3cccc4ccccc34)c2C#N,5.6
177,CHEMBL234655,Fc1ccc(Br)cc1c2nc(Nc3ccncc3C(=O)NCCCN4CCCC4=O)c5nccnc5n2,7.23
185,CHEMBL246356,CNc1ncnc(n1)c2cccnc2Oc3cc(NC(=O)c4cccc(OC(F)(F)C(F)F)c4)ccc3C,4.4
186,CHEMBL248370,CCNC(=O)N1CCC(CC1)Nc2ncc(C#N)c(n2)c3c[nH]c4cc(F)ccc34,6.39
188,CHEMBL245733,CC1CCN(CC1)C(=O)N2CCC(CC2)Nc3ncc(Cl)c(n3)c4c[nH]c5ccccc45,7.32
189,CHEMBL245732,CN(C)CC(=O)N1CCC(CC1)Nc2ncc(Cl)c(n2)c3c[nH]c4ccccc34,6.92
190,CHEMBL393861,CNCC(=O)N1CCC(CC1)Nc2ncc(Cl)c(n2)c3c[nH]c4ccccc34,6.75
191,CHEMBL245533,CCOC(=O)N1CCC(CC1)Nc2ncc(Cl)c(n2)c3c[nH]c4ccccc34,7.09
193,CHEMBL392615,CNC(=O)CN1CCC[C@H](C1)Nc2ncc(Cl)c(n2)c3c[nH]c4ccccc34,7.51
194,CHEMBL245335,CCNC(=O)N1CCC[C@H](C1)Nc2ncc(Cl)c(n2)c3c[nH]c4ccccc34,6.97
195,CHEMBL392614,CCNC(=O)N1CCC[C@@H](C1)Nc2ncc(Cl)c(n2)c3c[nH]c4ccccc34,7.5
196,CHEMBL246545,CCNC(=O)N1CC(C1)Nc2ncc(Cl)c(n2)c3c[nH]c4ccccc34,5.3
197,CHEMBL246544,CCNC(=O)N1CCC(C1)Nc2ncc(Cl)c(n2)c3c[nH]c4ccccc34,6.24
198,CHEMBL246543,CCNC(=O)N1CCC(CC1)Nc2nccc(n2)c3cnc4ccccn34,6.15
199,CHEMBL245724,CCNC(=O)N1CCC(CC1)Nc2ncc(C)c(n2)c3c[nH]c4ccccc34,6.39
200,CHEMBL248176,CCNC(=O)N1CCC(CC1)Nc2ncc(Cl)c(n2)c3c[nH]c4ccccc34,7.24
201,CHEMBL250199,CS(=O)(=O)N(c1ccc(cc1)c2cnc3ccc4ccncc4c3c2)S(=O)(=O)C,6.68
202,CHEMBL248643,Oc1ccc(cc1)c2cnc3ccc4ccncc4c3c2,6.23
203,CHEMBL249998,CS(=O)(=O)Nc1ccc(cc1)c2cnc3ccc4ccncc4c3c2,6.03
204,CHEMBL248833,CC(=O)Nc1ccc(cc1)c2cnc3ccc4ccncc4c3c2,6.28
205,CHEMBL248645,CC(=O)N(C(=O)C)c1ccc(cc1)c2cnc3ccc4ccncc4c3c2,5.8
206,CHEMBL248832,Nc1ccc(cc1)c2cnc3ccc4ccncc4c3c2,6.29
207,CHEMBL248831,C1CN(CCO1)c2ccc(cc2)c3cnc4ccc5ccncc5c4c3,5.89
208,CHEMBL248830,c1cc2ccc3ncc(cc3c2cn1)c4ccc(cc4)c5ccn[nH]5,5.44
210,CHEMBL248644,c1ccc(cc1)c2cnc3ccc4ccncc4c3c2,6.0
211,CHEMBL248984,CS(=O)(=O)Nc1ccc(cc1)c2cnc3cccc(Nc4ccc(F)cn4)c3c2,6.85
212,CHEMBL248983,CS(=O)(=O)Nc1ccc(cc1)c2cnc3cccc(Nc4ccc(Cl)cn4)c3c2,6.92
213,CHEMBL248982,CS(=O)(=O)Nc1ccc(cc1)c2cnc3cccc(Nc4cccc(Cl)n4)c3c2,5.19
214,CHEMBL398493,CS(=O)(=O)Nc1ccc(cc1)c2cnc3cccc(Nc4ncccc4Cl)c3c2,4.82
215,CHEMBL248792,CS(=O)(=O)Nc1ccc(cc1)c2cnc3cccc(Nc4ncc(s4)[N+](=O)[O-])c3c2,6.12
216,CHEMBL248791,CS(=O)(=O)Nc1ccc(cc1)c2cnc3cccc(NC(=O)c4ccccn4)c3c2,5.44
217,CHEMBL248790,CS(=O)(=O)Nc1ccc(cc1)c2cnc3cccc(Nc4ncccn4)c3c2,6.32
218,CHEMBL401123,CS(=O)(=O)Nc1ccc(cc1)c2cnc3cccc(Nc4ccccn4)c3c2,6.36
219,CHEMBL398691,CS(=O)(=O)Nc1ccc(cc1)c2cnc3cccc(Nc4ccc(cn4)C(F)(F)F)c3c2,6.31
221,CHEMBL400862,CS(=O)(=O)Nc1ccc(cc1)c2cnc3cccc(c4ccncc4)c3c2,5.3
222,CHEMBL248612,CS(=O)(=O)Nc1ccc(cc1)c2cnc3cccc(c4cccnc4)c3c2,5.28
223,CHEMBL250017,NS(=O)(=O)c1ccc(cc1)c2cnc3cccc(Nc4ccc(Cl)cn4)c3c2,6.62
224,CHEMBL400863,NS(=O)(=O)c1ccc(cc1)c2cnc3cccc(Nc4ccccn4)c3c2,6.7
225,CHEMBL430014,CC(C)(C)NS(=O)(=O)c1ccc(cc1)c2cnc3cccc(Nc4ccc(Cl)cn4)c3c2,6.6
226,CHEMBL250409,CC(C)(C)NS(=O)(=O)c1ccc(cc1)c2cnc3cccc(Nc4ccccn4)c3c2,6.82
229,CHEMBL363355,NS(=O)(=O)c1ccc(CCNc2nccc(n2)\C(=C\3/Nc4ccccc4S3)\C#N)cc1,7.39
230,CHEMBL399168,CNc1nccc(n1)C(C#N)c2nc3ccccc3s2,6.02
231,CHEMBL254651,N#CC(c1ccnc(NCCc2c[nH]cn2)n1)c3nc4ccccc4s3,7.16
235,CHEMBL254858,CCCCCCCCCCCc1cc(O)cc(O)c1C(=O)OC(CCC)CCCCCCCc2cc(OS(=O)(=O)O)cc(OS(=O)(=O)O)c2,6.3
237,CHEMBL253174,NC1=CC=C2SN=C3C2C1C(=O)c4ccccc34,6.4
241,CHEMBL191384,N#C\C(=C/1\Nc2ccccc2S1)\c3ccnc(NCCc4cccnc4)n3,7.16
244,CHEMBL400054,O=C(Nc1ccc2[nH]nc(c3cc4ccccc4s3)c2c1)C5CCOC5,7.28
261,CHEMBL410295,CN1CCN(CC1)c2ccc(Nc3ncc4C(=O)N(c5c(C)cccc5C)c6nc7ccccc7n6c4n3)cc2,5.14
266,CHEMBL259060,COC(=O)C1=C(c2ccccc2)c3cc(Br)ccc3C(=O)N1Cc4ccc(cc4)S(=O)(=O)C,7.52
285,CHEMBL485323,CNC(=O)CN1CCC(CC1)Nc2nccc(n2)c3cnc4ccccn34,6.57
288,CHEMBL494072,Cc1ccc(cc1c2ccc3nc(NCCN4CCOCC4)ncc3c2)C(=O)NC5CC5,6.1
289,CHEMBL492265,Cc1ccccc1c2nncc3cc(ccc23)c4cc(ccc4C)C(=O)NC5CC5,5.18
291,CHEMBL493708,C[C@@H](Oc1nncc2cc(ccc12)c3cc(ccc3C)C(=O)NC4CC4)C(F)(F)F,5.02
326,CHEMBL558210,Oc1cc2CC[N@+]34[C@H](Cc5cc(O)c(O)cc35)c6cc(O)c(O)cc6C[C@H]4c2cc1O.[O-]C(=O)C(F)(F)F,4.89
327,CHEMBL541166,COc1cc2c(C[C@@H]3c4cc(O)c(O)cc4C[C@H]5c6cc(O)c(O)cc6CC[N@@+]235)cc1O.[O-]C(=O)C(F)(F)F,5.0
332,CHEMBL452598,COc1ccc2OCC(Cc2c1)c3nc4c(F)cc(cc4[nH]3)c5ccnc(N)n5,4.78
341,CHEMBL507625,COc1cc(ccc1Nc2nc(Nc3cccc(F)c3C(=O)N)c4cc[nH]c4n2)N5CCN(CC5)C(C)C,7.0
342,CHEMBL516816,COc1ccc(cc1Nc2nc(Nc3cccc(F)c3C(=O)N)c4cc[nH]c4n2)N5CCN(CC5)C(C)C,5.3
343,CHEMBL465374,COc1cc(C)c(cc1Nc2nc(Nc3cccc(F)c3C(=O)N)c4cc[nH]c4n2)N5CCN(CC5)C(C)C,5.2
344,CHEMBL464552,CNC(=O)c1c(F)cccc1Nc2nc(Nc3cc4N(CCc4cc3OC)C(=O)CN(C)C)nc5[nH]ccc25,5.7
350,CHEMBL551024,NCc1ccc(cc1)c2cnc3[nH]cc(c4cccc(NC(=O)Nc5ccc(cc5F)C(F)(F)F)c4)c3c2,6.6
355,CHEMBL551140,Cc1ccc2\C(=N\O)\C(=O)N(Cc3cc(F)cc4COCOc34)c2c1,7.05
356,CHEMBL549453,O\N=C\1/C(=O)N(Cc2cc(F)cc3COCOc23)c4cc(Br)ccc14,7.0
357,CHEMBL564389,O\N=C\1/C(=O)N(Cc2cc(F)cc3COCOc23)c4cccc(C=C)c14,6.85
358,CHEMBL564428,COC(=O)c1ccc2\C(=N\O)\C(=O)N(Cc3cc(F)cc4COCOc34)c2c1,6.8
359,CHEMBL563057,O\N=C\1/C(=O)N(Cc2cc(F)cc3COCOc23)c4cccc(Br)c14,6.73
360,CHEMBL549653,O\N=C\1/C(=O)N(Cc2cc(F)cc3COCOc23)c4cc(ccc14)c5ccccc5,6.7
361,CHEMBL560541,COc1ccc2\C(=N\O)\C(=O)N(Cc3cc(F)cc4COCOc34)c2c1,6.62
362,CHEMBL556925,O\N=C\1/C(=O)N(Cc2cc(F)cc3COCOc23)c4cc(ccc14)C(=O)O,6.52
363,CHEMBL556721,O\N=C\1/C(=O)N(Cc2cc(F)cc3COCOc23)c4cc(ccc14)C(F)(F)F,6.48
364,CHEMBL562009,Nc1ccc2\C(=N\O)\C(=O)N(Cc3cc(F)cc4COCOc34)c2c1,6.4
365,CHEMBL561685,O\N=C\1/C(=O)N(Cc2cc(F)cc3COCOc23)c4ccc(F)cc14,6.36
366,CHEMBL564616,CS(=O)(=O)Nc1ccc2\C(=N\O)\C(=O)N(Cc3cc(F)cc4COCOc34)c2c1,6.34
367,CHEMBL552487,O\N=C\1/C(=O)N(Cc2cc(F)cc3COCOc23)c4ccccc14,6.29
368,CHEMBL552423,CCC(=O)Nc1ccc2\C(=N\O)\C(=O)N(Cc3cc(F)cc4COCOc34)c2c1,6.22
369,CHEMBL551341,O\N=C\1/C(=O)N(Cc2cc(F)cc3COCOc23)c4cc(ccc14)[N+](=O)[O-],6.19
370,CHEMBL557012,Cc1cccc2N(Cc3cc(F)cc4COCOc34)C(=O)\C(=N/O)\c12,6.16
371,CHEMBL560344,O\N=C\1/C(=O)N(Cc2cc(F)cc3COCOc23)c4ccc(Cl)cc14,6.13
372,CHEMBL561540,O\N=C\1/C(=O)N(Cc2cc(F)cc3COCOc23)c4cccc(\C=C\c5ccccc5)c14,6.13
373,CHEMBL550939,COc1cc(CN2C(=O)\C(=N/O)\c3cc(F)ccc23)cc(OC)c1,6.1
374,CHEMBL564999,O\N=C\1/C(=O)N(Cc2cccc(c2)[N+](=O)[O-])c3ccccc13,6.03
375,CHEMBL550534,COc1cc(CN2C(=O)\C(=N/O)\c3ccccc23)cc(OC)c1,6.0
376,CHEMBL562919,CCNC(=O)c1ccc2\C(=N\O)\C(=O)N(Cc3cc(F)cc4COCOc34)c2c1,6.0
377,CHEMBL554060,CCc1cccc2N(Cc3cc(F)cc4COCOc34)C(=O)\C(=N/O)\c12,5.85
378,CHEMBL564745,COc1ccc(CN2C(=O)\C(=N/O)\c3cc(F)ccc23)cc1,5.8
379,CHEMBL552018,O\N=C\1/C(=O)N(Cc2cc(F)cc3COCOc23)c4ccc(OC(F)(F)F)cc14,5.77
380,CHEMBL549385,O\N=C\1/C(=O)N(Cc2cc(F)cc3COCOc23)c4cccc(c5ccccc5)c14,5.75
381,CHEMBL554276,O\N=C\1/C(=O)N(Cc2cc(F)cc3COCOc23)c4cccc(C#N)c14,5.7
382,CHEMBL552488,O\N=C\1/C(=O)N(Cc2ccccc2)c3ccc(Br)cc13,5.6
383,CHEMBL559351,Cc1ccc2N(Cc3cccc(c3)C(F)(F)F)C(=O)\C(=N/O)\c2c1,5.57
384,CHEMBL1379187,Oc1c(N=O)c2ccccc2n1Cc3cccc(Cl)c3,5.3
385,CHEMBL1337045,Oc1c(N=O)c2ccccc2n1Cc3cccc(c3)C(F)(F)F,5.28
386,CHEMBL557003,O\N=C\1/C(=O)N(Cc2cc(F)cc3COCOc23)c4cccc(c5cccc(F)c5)c14,5.24
387,CHEMBL1366979,Oc1c(N=O)c2ccccc2n1Cc3ccc(Cl)cc3,5.17
388,CHEMBL557971,Cc1cccc(CN2C(=O)\C(=N/O)\c3ccccc23)c1,5.17
389,CHEMBL559949,O\N=C\1/C(=O)N(Cc2ccc(cc2)[N+](=O)[O-])c3ccccc13,5.16
390,CHEMBL564611,O\N=C\1/C(=O)N(Cc2cccc(F)c2)c3ccccc13,5.09
391,CHEMBL552079,O\N=C\1/C(=O)N(Cc2ccc(F)cc2)c3ccccc13,5.08
392,CHEMBL562974,O\N=C\1/C(=O)N(Cc2ccccc2F)c3ccccc13,5.07
393,CHEMBL1578509,Cc1ccc(Cn2c(O)c(N=O)c3ccccc23)cc1,5.0
394,CHEMBL572133,O\N=C\1/C(=O)N(Cc2ccccc2)c3ccc(Cl)cc13,4.92
395,CHEMBL564447,O\N=C\1/C(=O)N(Cc2cc(F)cc3COCOc23)c4cccc(c5ccc(F)cc5)c14,4.89
396,CHEMBL559687,COC(=O)c1cccc2N(Cc3cc(F)cc4COCOc34)C(=O)\C(=N/O)\c12,4.52
406,CHEMBL574738,CCN1CCN(Cc2ccc(NC(=O)Nc3ccc(Oc4cc(NC)ncn4)cc3)cc2C(F)(F)F)CC1,6.12
421,CHEMBL477772,CN(c1ccc2c(C)n(C)nc2c1)c3ccnc(Nc4ccc(C)c(c4)S(=O)(=O)N)n3,5.72
423,CHEMBL191003,Nc1nc(Nc2ccc(cc2)S(=O)(=O)N)nn1C(=O)c3c(F)cccc3F,5.89
429,CHEMBL608533,CO[C@@H]1[C@@H](C[C@H]2O[C@]1(C)n3c4ccccc4c5c6CNC(=O)c6c7c8ccccc8n2c7c35)N(C)C(=O)c9ccccc9,5.44
518,CHEMBL583042,Cc1cnc(Nc2ccc(F)cc2Cl)nc1c3c[nH]c(c3)C(=O)N[C@H](CO)c4cccc(Cl)c4,5.85
520,CHEMBL565564,CC(C)Nc1cc(ccn1)c2nc3ccccc3nc2c4ccc(F)cc4,5.4
521,CHEMBL565381,Fc1ccc(cc1)c2nc3ccccc3nc2c4ccncc4,4.5
522,CHEMBL571619,NC(=O)c1ccc(Nc2nccc(n2)c3ccccc3)cc1,6.31
523,CHEMBL572282,N(c1ccc(cc1)n2cncn2)c3nccc(n3)c4ccccc4,6.53
524,CHEMBL572283,C1CN(CCO1)c2cccc(c2)c3ccnc(Nc4ccc(cc4)n5ccnn5)n3,6.44
527,CHEMBL585725,Cc1ncn(n1)c2ccc(Nc3nccc(n3)c4cccc(c4)N5CCOCC5)cc2,6.41
528,CHEMBL570554,Cc1ncn(n1)c2ccc(Nc3nccc(n3)c4cc(cc(c4)N5CCOCC5)C#N)cc2,7.1
529,CHEMBL571434,Cn1nnc(n1)c2ccc(Nc3nccc(n3)c4cc(cc(c4)N5CCOCC5)C#N)cc2,6.85
530,CHEMBL571023,C1CN(CCO1)c2cccc(c2)c3ccnc(Nc4ccc(cc4)n5cnc(n5)c6cccnc6)n3,7.07
531,CHEMBL584899,N#Cc1cc(cc(c1)c2ccnc(Nc3ccc(cc3)n4cnc(n4)c5ccccn5)n2)N6CCOCC6,7.1
532,CHEMBL568116,CN1CCN(CC1)c2ncn(n2)c3ccc(Nc4nccc(n4)c5cc(F)cc(c5)N6CCOCC6)cc3,6.88
533,CHEMBL585951,Fc1cc(cc(c1)C2=N\C(=N/c3ccc(cc3)n4cnc(n4)N5CCOCC5)\NC=C2)N6CCOCC6,6.83
559,CHEMBL1086736,COc1ccncc1C2=NNC(=O)/C/2=N\Nc3ccccc3,5.6
564,CHEMBL1079921,CN(C)CCCNC(=O)c1ccc2OCC(Cc2c1)c3nc4ccc(cc4s3)c5cn[nH]c5,5.26
566,CHEMBL1080279,COc1cccc(CN(CCN(C)C)C(=O)c2nc3ccc(cc3s2)c4cn[nH]c4)c1,4.86
569,CHEMBL1077118,COc1cc2CCN=C(c3cccc(Cl)c3)c2cc1OC,5.0
572,CHEMBL1086653,COc1cc2CCN=C(c3ccc(Cl)c(Cl)c3)c2cc1OC,5.2
576,CHEMBL1077116,COc1cc2C(=NCCc2cc1Cl)c3cccc(Cl)c3,4.9
578,CHEMBL1084664,COc1cc2CCN=C(c3cccc(F)c3)c2cc1Cl,5.4
580,CHEMBL1082866,COc1cc2CCN=C(c3ccc(F)cc3)c2cc1Cl,5.3
582,CHEMBL1083185,COc1cc2CCN=C(c3cccc(Br)c3)c2cc1Cl,6.4
583,CHEMBL1077137,COc1cc2C(=NCCc2cc1Cl)c3cccc(Br)c3,5.0
584,CHEMBL1088053,COc1cc2CCN=C(c3ccc4ccccc4c3)c2cc1Cl,6.0
586,CHEMBL1087421,COc1cc2CCN=C(c3ccc(Cl)c(Cl)c3)c2cc1Cl,6.5
587,CHEMBL1087544,COc1cc2C(=NCCc2cc1Cl)c3ccc(Cl)c(Cl)c3,4.8
588,CHEMBL1077132,COc1cc2CCN=C(c3ccccc3)c2cc1Cl,5.2
590,CHEMBL1088633,COc1cc2CCN=C(c3cccc(Cl)c3)c2cc1Cl,6.6
591,CHEMBL1088634,COc1cc2CCN=C(c3cccc(C)c3)c2cc1Cl,5.7
592,CHEMBL1077129,COc1cc2CCN=C(c3cccc(Cl)c3F)c2cc1Cl,6.2
610,CHEMBL1090090,NC(=O)N(c1ccc(C(=O)N)c(n1)c2ccc(F)cc2F)c3c(F)cccc3F,6.11
632,CHEMBL1222474,Clc1ccc(CNc2ccc3ncc(c4ccc(cc4)C(=O)NCCN5CCCC5)n3n2)cc1Cl,4.05
635,CHEMBL1222992,Clc1cccc(CNc2ccc3ncc(c4ccc(cc4)C(=O)NC[C@@H]5CCCN5)n3n2)c1,4.11
648,CHEMBL1288895,COC(=O)c1sccc1NC(=O)Cc2cccs2,5.66
649,CHEMBL1288930,COC(=O)c1sccc1NC(=O)Cc2ccccc2,5.57
650,CHEMBL1288931,COC(=O)c1sccc1NC(=O)Cc2ccncc2,4.76
651,CHEMBL1288156,COC(=O)c1sccc1NC(=O)Cc2ccc(OC)cc2,6.0
652,CHEMBL1288157,COC(=O)c1sccc1NC(=O)Cc2ccc(cc2)c3ccncc3,6.16
653,CHEMBL1288158,COC(=O)c1sccc1NC(=O)Cc2ccc(cc2)n3ccnc3,5.8
654,CHEMBL1288186,COC(=O)c1sccc1NC(=O)Cc2ccc(cc2)C(F)(F)F,5.16
655,CHEMBL1288187,COC(=O)c1sccc1NC(=O)Cc2ccc3ccccc3c2,5.41
656,CHEMBL1288188,COC(=O)c1sccc1NC(=O)Cc2cccc3ccccc23,5.82
657,CHEMBL1288214,COC(=O)c1sccc1NC(=O)Cc2ccccc2c3c[nH]nn3,4.9
658,CHEMBL1288215,COC(=O)c1sccc1NC(=O)Cc2cccc3cnccc23,6.22
659,CHEMBL1288216,COC(=O)c1sccc1NC(=O)Cc2cccc3ncccc23,6.22
660,CHEMBL1288932,CC(=O)c1sccc1NC(=O)Cc2ccccc2,4.77
662,CHEMBL1288964,C\C(=N\O)\c1sccc1NC(=O)Cc2ccccc2,4.54
664,CHEMBL1288966,CCOC(=O)c1sccc1NC(=O)Cc2ccccc2,6.16
665,CHEMBL1288243,CC(C)OC(=O)c1sccc1NC(=O)Cc2ccccc2,5.85
666,CHEMBL1288993,NC(=O)c1sccc1NC(=O)Cc2ccccc2,5.36
667,CHEMBL1288244,COCCNC(=O)c1sccc1NC(=O)Cc2ccccc2,5.42
676,CHEMBL1287858,COC(=O)c1ccccc1NC(=O)Cc2cccc3ccccc23,5.77
677,CHEMBL1287859,COC(=O)c1cscc1NC(=O)Cc2cccc3ccccc23,6.05
678,CHEMBL1287886,COC(=O)c1n[nH]cc1NC(=O)Cc2cccc3ccccc23,5.27
679,CHEMBL1287887,COC(=O)c1cnccc1NC(=O)Cc2cccc3ccccc23,5.19
680,CHEMBL1287888,O=C(Cc1cccc2ccccc12)Nc3ccsc3c4ocnn4,5.28
681,CHEMBL1287914,O=C(Cc1cccc2ccccc12)Nc3ccsc3n4ccnc4,5.05
682,CHEMBL1287915,O=C(Cc1cccc2ccccc12)Nc3ccsc3c4cc[nH]n4,5.44
683,CHEMBL1287916,O=C(Cc1cccc2ccccc12)Nc3ccsc3c4nc[nH]n4,6.04
684,CHEMBL1287944,Cc1oc(nn1)c2sccc2NC(=O)Cc3cccc4ccccc34,5.68
685,CHEMBL1287945,Cn1ccc(n1)c2sccc2NC(=O)Cc3cccc4ccccc34,4.37
686,CHEMBL1287974,Cc1nc(n[nH]1)c2sccc2NC(=O)Cc3cccc4ccccc34,6.26
687,CHEMBL1287975,Cc1nc(c2sccc2NC(=O)Cc3cccc4ccccc34)n(C)n1,4.5
688,CHEMBL1288004,Cc1cc(n[nH]1)c2sccc2NC(=O)Cc3cccc4ccccc34,5.03
689,CHEMBL1288005,COc1ccc(CC(=O)Nc2ccsc2n3cncn3)cc1,4.34
690,CHEMBL1288006,COc1ccc(CC(=O)Nc2ccsc2n3nccn3)cc1,5.82
691,CHEMBL1288037,COc1ccc(CC(=O)Nc2ccsc2N3CCOC3=O)cc1,4.43
692,CHEMBL1288038,COc1ccc(CC(=O)Nc2ccsc2c3n[nH]c(n3)C(F)(F)F)cc1,5.23
693,CHEMBL1288039,COc1ccc(CC(=O)Nc2ccsc2c3n[nH]c(N)n3)cc1,5.8
694,CHEMBL1288067,COc1ccc(CC(=O)Nc2ccsc2c3cn(C)cn3)cc1,4.51
695,CHEMBL1288068,COc1ccc(CC(=O)Nc2ccsc2c3occn3)cc1,6.1
696,CHEMBL1288069,COc1ccc(CC(=O)Nc2ccsc2c3c[nH]c(C)n3)cc1,4.57
697,CHEMBL1288098,COc1ccc(CC(=O)Nc2ccsc2c3cnccn3)cc1,5.82
698,CHEMBL1288099,O=C(Cc1cccc2ncccc12)Nc3ccsc3c4nnc[nH]4,6.25
699,CHEMBL1288100,O=C(Cc1cccc2cnccc12)Nc3ccsc3c4cscn4,6.8
700,CHEMBL1288127,COC(=O)c1ncsc1NC(=O)Cc2cccc3cnccc23,5.8
701,CHEMBL1288128,O=C(Cc1cccc2cnccc12)Nc3scnc3c4nc[nH]n4,6.09
702,CHEMBL1288129,Cn1ncnc1c2ncsc2NC(=O)Cc3cccc4cnccc34,5.8
703,CHEMBL1288159,O=C(Cc1cccc2cnccc12)Nc3scnc3c4cnccn4,6.33
704,CHEMBL1288160,O=C(Cc1cccc2cnccc12)Nc3scnc3c4cscn4,7.11
706,CHEMBL1447733,Fc1cccc(Nc2cc(ncn2)n3cccn3)c1,5.16
708,CHEMBL1329293,CCOc1ncccc1C(=O)Nc2cccc(c2)C(=O)Nc3cccc(c3)S(=O)(=O)CCO,5.25
710,CHEMBL1457783,C1COc2cc3c(onc3cc2O1)c4ccccc4,4.3
711,CHEMBL1555581,Cc1cc(C(F)F)n2ncc(C(=O)NCc3ccccc3C(F)(F)F)c2n1,4.58
712,CHEMBL1477311,O=C(N1CCN(CC1)c2ccccc2)c3ccc(CN4C(=O)Nc5ccccc5C4=O)cc3,5.1
713,CHEMBL1358988,CCOC(=O)c1ccccc1NC(=O)CN(c2ccccc2)S(=O)(=O)N(C)C,4.31
716,CHEMBL1527065,CCCn1cc(NC(=O)C2CC(=NO2)c3cccc(Br)c3)cn1,5.13
717,CHEMBL69151,c1ccc2nc(cnc2c1)c3cccs3,4.47
718,CHEMBL1379677,O=C1c2ccccc2c3onc4ccc(NCCCn5ccnc5)c1c34,4.65
719,CHEMBL1369507,NC(=O)c1ccsc1NC(=O)c2occc2,4.98
720,CHEMBL1536681,C1Cc2n[nH]c(c2C1)c3ccccc3,4.29
721,CHEMBL1458153,O=C(CCCCCN1C(=S)Nc2ccccc2C1=O)N3CCC4(CC3)OCCO4,4.53
722,CHEMBL1555880,COc1ccc2nc(NC(=O)Cc3ccc(OC)c(c3)S(=O)(=O)N4CCOCC4)sc2c1,4.55
723,CHEMBL1536771,C\C(=C(\C#N)/C(=O)N)\NC1CCCC1,4.48
724,CHEMBL1399107,COc1cccc2c(O)c(C\C=C(\C)/Cl)c(C)nc12,4.13
726,CHEMBL1339933,CCN(CC)S(=O)(=O)c1ccc2[nH]c(COC(=O)c3[nH]nc4ccccc34)nc2c1,6.4
727,CHEMBL1319281,O=C(NCc1ccccn1)c2[nH]nc3ccccc23,4.55
728,CHEMBL1527108,CCC1S\C(=C(/C#N)\C(=O)N)\N(C1=O)c2ccc(F)cc2,4.49
729,CHEMBL1379970,CCN1C=CC(=C2C(=O)c3ccccc3C2=O)C=C1,4.36
730,CHEMBL1458559,CCCc1cc(O)n2c3ccccc3nc2n1,4.46
732,CHEMBL1537195,Cc1nc(SCCC(=O)O)c2ccccc2n1,5.23
733,CHEMBL1477887,O=C(N1CCN(CC1)c2ccccn2)c3ccc(CN4C(=O)Nc5ccccc5C4=O)cc3,4.98
735,CHEMBL1359573,Cc1cccc(c1)n2ncc3c(NCc4cccs4)ncnc23,4.14
738,CHEMBL1419933,CN1CCN(CC1)c2ccccc2NC(=O)c3oc(Br)cc3,4.99
739,CHEMBL1368821,N(c1ccccn1)c2ccccc2Nc3ccccn3,4.73
740,CHEMBL1565318,NC(=O)c1oc2ccccc2c1NC(=O)c3occc3,5.01
742,CHEMBL3193799,OC1=C(\C=N\Cc2cccnc2)C(=O)c3ccccc13,4.49
744,CHEMBL3194854,Cc1cccc(\N=C\c2c(O)[nH]c3ccccc23)n1,4.38
745,CHEMBL1498547,Cn1nnnc1SCc2ccc(cc2)C(=O)Nc3nccs3,4.25
746,CHEMBL1459123,Cc1ccc2c(CC(=O)Nc3sccc3C(=O)N)coc2c1,4.68
747,CHEMBL3197413,C\C(=N/CCCn1ccnc1)\C2=C(O)c3ccccc3C2=O,4.45
748,CHEMBL1359999,Brc1oc(cc1)C(=O)Nc2ccccc2N3CCCC3,4.19
749,CHEMBL1517409,COC(=O)C1=CN(C(=O)C(=C1)Br)c2nccs2,4.11
751,CHEMBL1449655,c1ccc(cc1)n2nc3ccc4c[nH]nc4c3n2,4.37
754,CHEMBL1420552,CCN1CCN(CC1)c2c(Cl)cccc2NC(=O)c3oc(Br)cc3,5.82
755,CHEMBL1498885,COc1cc(cc(OC)c1OC)C(=O)NCc2cn3ccccc3n2,5.1
756,CHEMBL1439313,CC(=O)Nc1cccc(c1)C2=Nc3ccccc3C(=O)O2,4.38
757,CHEMBL1604166,Cc1sc(NC(=O)c2cccs2)c(C(=O)N)c1C,4.51
759,CHEMBL1301287,OC1=C(C(=O)c2ccccc12)c3ccncc3,5.18
760,CHEMBL1577147,CCOC(=O)c1c([nH]c2ccc(O)cc12)c3ccccc3,4.65
761,CHEMBL1595580,COCCNC(=O)C1CCC(CN2C(=S)Nc3ccccc3C2=O)CC1,5.01
762,CHEMBL1420829,CN1C(=O)C=C(OCCCC(=O)Nc2cc(C)ccn2)c3ccccc13,4.21
763,CHEMBL1381330,Fc1ccc(cc1)C2=NOC(C2)C(=O)Nc3ccc(cc3)C#N,5.1
764,CHEMBL1360489,O=C(C1CCC(CN2C(=S)Nc3ccccc3C2=O)CC1)N4CCN(CC4)c5ccccc5,6.03
765,CHEMBL1329408,Nc1nc(cc(n1)c2ccccc2O)c3ccccc3,4.39
766,CHEMBL1606045,CNC(=O)c1ccsc1NC(=O)c2ccccc2,5.26
767,CHEMBL1301494,CCOC(=O)CCC(NC(=O)c1ccc(NCN2C(=O)c3ccccc3C2=O)cc1)C(=O)OCC,4.88
771,CHEMBL1606939,O=C1N2CCCCN=C2Nc3ccccc13,4.4
772,CHEMBL1372085,[O-][n+]1c2ccccc2[nH]c3c(N=O)c4ccccc4c13,5.47
773,CHEMBL1360631,COc1ccc(COC(=O)c2[nH]nc3ccccc23)cc1F,4.94
774,CHEMBL1577637,Cc1ccc2[nH]c3c(CCc4c[nH]nc34)c2c1,4.78
775,CHEMBL1490070,COC(=O)c1ccccc1NC(=O)CN2C(=O)C3CCCN3c4ncc(Cl)cc24,4.74
776,CHEMBL1320813,O=C(CN1C=Nc2ccccc2C1=O)Nc3ccc(cc3)c4nnc5CCCCCn45,4.53
777,CHEMBL1454635,NC(=O)c1ccsc1NC(=O)C2CC2,4.48
778,CHEMBL1372214,Cc1cc(C)n(n1)c2ccc(cc2)C(=O)Nc3sccc3C(=O)N,4.35
779,CHEMBL1518163,O=C(COC(=O)c1[nH]nc2ccccc12)Nc3ccc(cc3)S(=O)(=O)N4CCCC4,5.17
780,CHEMBL1439904,Oc1nc(SCC(=O)Nc2cccc(Cl)c2)nc(c3occc3)c1C#N,4.53
781,CHEMBL1499974,CCOC(=O)C1CCN(CC1)C(=O)CCCCN2C(=O)Nc3ccccc3C2=O,4.54
783,CHEMBL3197885,Oc1[nH]c2ccccc2c1\C=N\c3ccc4OCCOc4c3,4.05
784,CHEMBL1568840,Cc1nc(CSc2nc3nncc3c(O)n2c4ccccc4)cs1,6.09
787,CHEMBL1529808,CCCN1Cc2cccc(C(=O)NCc3ccccc3)c2C1=O,4.24
788,CHEMBL1400863,COC(=O)c1ccccc1NC(=O)CN2CCN(CC2)C(=O)c3occc3,4.46
789,CHEMBL1500025,COc1cccc(c1)C2=NOC(C2)C(=O)Nc3ccc(cc3)C(=O)C,5.1
790,CHEMBL1569232,O=C1c2ccccc2c3onc4ccc(NCc5occc5)c1c34,4.62
791,CHEMBL1421889,Fc1ccc2c(c1)ncn2C3CCN(CC3)S(=O)(=O)c4ccc5OCCOc5c4,4.31
792,CHEMBL2005690,COC(=O)c1cccc2\C(=N/O)\c3ccccc3c12,5.06
793,CHEMBL1490940,C\C(=C(\C#N)/C(=O)N)\Nc1ccc(F)cc1,4.57
794,CHEMBL1461003,COc1ccc(NC(=O)CCCCN2C(=O)Nc3ccccc3C2=O)cc1,4.26
796,CHEMBL1342633,COc1cccc(NC(=O)CCCN2C(=O)Nc3ccccc3C2=O)c1,4.32
797,CHEMBL1401280,C(Nc1ncnc2c1cnn2c3ccccc3)c4ccccc4,4.12
799,CHEMBL1451996,O=C(C1CCC(CN2C(=S)Nc3ccccc3C2=O)CC1)N4CCOCC4,4.78
800,CHEMBL1382723,c1ccc2[nH]c3c4ccccc4nc3nc2c1,4.86
802,CHEMBL3195180,O\C(=C(/C#N)\c1ccccn1)\c2occc2,4.29
804,CHEMBL1558177,COc1ccc(COC(=O)C2=C(C)NC(=O)NC2c3ccc(O)c(OC)c3)cc1,4.47
806,CHEMBL1540020,O=C(NCc1nc2ccccc2[nH]1)c3cccs3,4.37
807,CHEMBL1440703,CC(=O)Nc1cc(OC(=O)C)c2nonc2c1OC(=O)C,4.33
808,CHEMBL1488035,CCN1N=C(N=C2C(=O)N(C)C(=O)N=C12)c3ccccc3,4.44
809,CHEMBL1401485,O=C(Nc1nncs1)c2ccc(cc2)N3C(=O)C4C5CC(C=C5)C4C3=O,4.2
810,CHEMBL1527476,COc1cc(NC(=O)c2oc(COc3ccccc3Br)cc2)cc(OC)c1OC,4.48
811,CHEMBL1578957,COc1cc(CC(=O)Nc2ncc(C)s2)cc(OC)c1OC,4.88
812,CHEMBL1566655,Fc1ccccc1N2CCN(CC2)C(=O)CSc3ncccc3c4nc5ccccc5[nH]4,4.25
813,CHEMBL1480089,COC(=O)c1sccc1NC(=O)C2CC=CCC2C(=O)O,4.7
814,CHEMBL1480110,O=C(CCCN1C(=S)Nc2ccccc2C1=O)NC3CCCC3,4.19
815,CHEMBL1343539,CC1NC(=O)NC1CCCCCC(=O)Nc2ccc(C)cc2,5.74
816,CHEMBL1370293,CN1C=CC(=C2C(=O)c3ccccc3C2=O)C=C1,4.55
817,CHEMBL3189642,CCc1cc2C(=O)N(CC=C)C(=Nc2s1)SC\C(=C(\C#N)/C(=N)C)\O,4.21
818,CHEMBL1519409,COC(=O)c1ccccc1NC(=O)COC(=O)c2occc2,4.25
819,CHEMBL1303401,Fc1ccc(cc1)N2CCN(CC2)C(=O)c3ccc(CN4C(=O)Nc5ccccc5C4=O)cc3,5.08
820,CHEMBL1343750,COc1cccc2c(O)c(cnc12)C(=O)NCc3cccs3,4.72
821,CHEMBL1423096,Clc1ccc2[nH]c3c(CCc4c[nH]nc34)c2c1,5.67
823,CHEMBL1461987,COc1ccc(CC(=O)Nc2cc(C)ccn2)cc1,4.67
824,CHEMBL1540545,COc1ccc(cc1COC(=O)c2c(C)onc2C)C(=O)C,4.4
825,CHEMBL1527654,COc1ccccc1NC(=O)COc2ccc(CO)cc2Cl,4.16
826,CHEMBL1480223,COc1cccc(c1)C(=O)Nc2c(oc3ccccc23)C(=O)N,4.49
827,CHEMBL1374352,CN(c1ccc(cc1)C(=O)Nc2nccs2)S(=O)(=O)c3ccccc3,4.33
828,CHEMBL1462110,COC(=O)c1ccccc1NC(=O)C2CC(=NO2)c3ccc(F)cc3,5.04
829,CHEMBL1579483,COc1cccc(c1)C2=NOC(C2)C(=O)Nc3cc(OC)c(OC)c(OC)c3,5.69
830,CHEMBL1492324,Oc1nc(SCc2ccc(F)cc2)nc(c3occc3)c1C#N,4.87
831,CHEMBL1413946,N#CCCSc1ncnc2c1oc3ccccc23,4.56
832,CHEMBL1452914,COC(=O)c1ccccc1NC(=O)CN2CCC(CC2)C(=O)c3ccc4OCCOc4c3,4.62
833,CHEMBL1579427,COC(=O)C1=CN(Cc2ccc3OCOc3c2)C(=O)C(=C1)Br,5.17
834,CHEMBL1370575,COc1cc(cc(OC)c1OC)C(=O)NCc2cn3ccsc3n2,4.28
835,CHEMBL3214457,O\N=C/1\c2ccccc2c3c(cccc13)C(=O)N4CCCCC4,4.39
836,CHEMBL1570672,CCOC(=O)CSC1=Nc2ccccc2C(=O)N1CCCCCC(=O)NCc3occc3,4.36
837,CHEMBL1501724,CC1=CC(=C2C(=O)c3ccccc3C2=O)C=C(C)N1Cc4occc4,4.64
838,CHEMBL1370652,Brc1oc(cc1)C(=O)NCC(=O)Nc2cccc(c2)c3cnc4ccccc4n3,4.39
840,CHEMBL1414492,COC(=O)c1ccccc1NC(=O)c2ccc(NS(=O)(=O)C)cc2,4.26
841,CHEMBL1423507,O=C(CCCCCN1C(=O)c2ccccc2N=C1SCc3ccncc3)NCc4occc4,4.14
842,CHEMBL1414543,C1CN(CCO1)c2[nH]c3ccccc3c4nc5ccccc5c24,4.52
843,CHEMBL1540912,COc1ccc(cc1)c2c3CCCc3nc(S)c2C#N,4.75
844,CHEMBL356169,COc1ccc2ncn(c3ccccc3)c2c1,4.46
845,CHEMBL1520065,COC(=O)c1sccc1NC(=O)c2oc(Br)cc2,4.7
846,CHEMBL1492799,CS(=O)(=O)N1CCN(CC1)c2ccccc2NC(=O)CSc3ccc(Cl)cc3,4.04
847,CHEMBL1423779,CCOc1ccc(c(O)c1)c2nc(N)ncc2c3ccccc3,4.9
849,CHEMBL1462869,COc1cc(CN\C(=C(/C#N)\C(=O)N)\C)cc(OC)c1OC,5.15
850,CHEMBL1414671,COc1ccc2c(Cl)c(sc2c1)C(=O)N,4.17
851,CHEMBL1344527,CC(Sc1ccc2ccccc2n1)C(=O)O,5.31
852,CHEMBL1463060,COc1cccc(c1)C2=NOC(C2)C(=O)Nc3ccc(OC)c(OC)c3,5.34
853,CHEMBL1362814,CCCc1nc(SCC(=O)Nc2cc(C)on2)c3ccccc3n1,4.08
854,CHEMBL1567258,O=C1NC(C2=C(N1)c3ccccc3C2=O)c4ccccc4,4.42
857,CHEMBL1598218,COc1cc(CC(=O)Nc2sccc2C(=O)N)cc(OC)c1OC,5.23
858,CHEMBL1375423,CCOc1ccc(cc1CN2N=C(C(=O)O)c3ccccc3C2=O)C(=O)C,4.45
859,CHEMBL1384896,Cc1ccccc1n2c(O)c3cnnc3nc2SCC4=CC(=O)N5C=CC=CC5=N4,4.38
860,CHEMBL1304910,COc1cccc(c1)C2=NOC(C2)C(=O)NC3CCCCC3,4.46
861,CHEMBL1559474,CCOC(=O)c1ccccc1NC(=O)CSc2ncc(C(=O)OCC)c(N)n2,5.18
862,CHEMBL1528299,Cc1cn(cn1)S(=O)(=O)c2ccc(Br)c3ccccc23,4.81
863,CHEMBL315708,c1ccc(cc1)c2[nH]nc3ccccc23,5.63
864,CHEMBL1502894,CCc1ccc(cc1)n2c(O)c3cnnc3nc2SCC(=O)Nc4cc(C)[nH]n4,5.39
865,CHEMBL1371099,Cc1ccc(Nc2cc(ncn2)n3nc(C)cc3C)cc1,4.87
866,CHEMBL1345273,NC(=O)c1cc(Cc2ccccc2)sc1NC(=O)c3occc3,5.34
868,CHEMBL1323269,O=C1CCCc2nn(c3ccccc3)c(c4ccncc4)c12,4.37
869,CHEMBL1454081,O=C1N(Cc2cccnc2)C(=S)Nc3ccccc13,4.63
870,CHEMBL512649,C1Cc2c([nH]c3ccccc23)c4n[nH]cc14,4.69
871,CHEMBL1542195,Cc1onc(NC(=O)COC(=O)c2[nH]nc3ccccc23)c1,4.2
872,CHEMBL1454264,O=C(Nc1cccc2C(=O)NC(=O)c12)C3CCCO3,4.25
873,CHEMBL1481517,Fc1cc2nccnc2cc1N3CCSCC3,4.3
877,CHEMBL1520998,CC(=O)c1ccc(NC(=O)C2CC(=NO2)c3ccc(F)cc3)cc1,5.16
879,CHEMBL1606230,Oc1nc2ccccc2c3nc4ccccn4c13,4.86
880,CHEMBL1345738,COC(=O)C1=CN(Cc2ccc(cc2)C(=O)O)C(=O)C(=C1)Br,4.55
881,CHEMBL1371386,C(Nc1ncnc2c1cnn2c3ccccc3)c4occc4,4.22
882,CHEMBL1454594,COC(=O)c1ccsc1NC(=O)C2COc3ccccc3O2,4.57
883,CHEMBL1345922,NC(=O)c1ccsc1NC(=O)C2CCCCC2,4.59
884,CHEMBL1572205,CCCCC(=O)Nc1ncc(Br)s1,4.26
885,CHEMBL1336298,C\C(=C(\C#N)/C(=O)N)\Nc1cccc(F)c1,4.98
890,CHEMBL3190499,Oc1[nH]c2ccccc2c1\C=N\c3nccs3,4.33
893,CHEMBL1425417,CNC(=O)c1[nH]cnc1C(=O)Nc2cccc(OC)c2,4.3
894,CHEMBL1572342,CCCCC(=O)Nc1sc2CCCc2c1C(=O)N,4.8
896,CHEMBL1386265,Brc1oc(cc1)C(=O)Nc2ccccc2N3CCOCC3,5.2
897,CHEMBL1454779,O=C(CCCCCN1C(=Nc2ccccc2C1=O)SCC(=O)c3ccccc3)NCc4occc4,4.41
899,CHEMBL1403868,CCCC(=O)Nc1cc(C)c2C(=O)Oc3ccccc3c2n1,4.26
900,CHEMBL1416028,CCOc1ccc(CC(=O)Nc2c(oc3ccccc23)C(=O)N)cc1OCC,5.37
902,CHEMBL1494345,NC(=O)c1ccsc1NC(=O)COc2ccccc2,4.43
904,CHEMBL1599435,COc1ccc(cc1OC)C(=O)NCc2nc3ccccc3[nH]2,4.64
905,CHEMBL1543571,COC(=O)c1ccccc1NC(=O)CN2CCC(CC2)NC(=O)c3ccc(C)cc3,5.5
906,CHEMBL1336927,Brc1oc(cc1)c2nn3c(nnc3s2)c4occc4,4.24
907,CHEMBL1324221,Cc1sc2N=C(SCC(=O)Nc3sccc3C(=O)N)N(CC=C)C(=O)c2c1C,5.1
909,CHEMBL1975622,C\C(=N\Cc1occc1)\C2=C(O)c3ccccc3C2=O,4.51
910,CHEMBL1465291,COC(=O)C1=CN(Cc2ccc(OC)c(OC)c2)C(=O)C(=C1)Br,5.18
911,CHEMBL1455269,CCOC(=O)c1ccccc1NC(=O)COc2ccccc2,4.53
912,CHEMBL1306899,Cn1c(cc2c(O)nc3ccccc3c12)C(=O)NCc4occc4,4.5
913,CHEMBL1526703,CCOC(=O)N1CCN(CC1)C(=O)C2CCC(CN3C(=S)Nc4ccccc4C3=O)CC2,5.49
914,CHEMBL1561032,Cc1ccccc1NC2=NN3C(=Nc4ccccc4C3=O)S2,4.41
916,CHEMBL1426468,COC(=O)c1sccc1NC(=O)c2ccc(OC)cc2,4.57
917,CHEMBL1582724,COC(=O)c1sccc1NC(=O)c2ccncc2,4.48
918,CHEMBL1307032,CCn1cc(C2=NOC(C2)C(=O)Nc3ccccc3C(=O)OC)c(C)n1,5.72
920,CHEMBL1494965,COc1ccc2c(c1)c3N=CN(Cc4occc4)C(=O)c3n2C,4.05
921,CHEMBL1337188,COC(=O)c1ccccc1NC(=O)COc2ccccc2,4.54
922,CHEMBL1307136,COc1ccc(CC(=O)Nc2nc3ccccc3s2)cc1S(=O)(=O)N4CCOCC4,4.61
923,CHEMBL1416641,CCOc1cc(ccc1O)C2NC(=O)NC(=C2C(=O)OCc3ccccc3)C,4.46
924,CHEMBL1599919,CS(=O)(=O)N1CCN(CC1)c2ccccc2NC(=O)Cc3ccccc3,4.16
925,CHEMBL1347258,Cc1ccc(cc1)S(=O)(=O)NCCCCCC(=O)Nc2nccs2,4.34
928,CHEMBL1377245,O=C(NCc1cccnc1)c2cccc3CN(C4CCCCC4)C(=O)c23,4.56
930,CHEMBL1600077,COC(=O)c1c(NC(=O)CN2CCOCC2)scc1c3cccs3,4.25
931,CHEMBL1337355,O=C(CCCN1C(=S)Nc2ccccc2C1=O)NCc3occc3,4.31
933,CHEMBL1337299,NC(=O)c1c2CCCc2sc1NC(=O)Cc3cccs3,4.55
934,CHEMBL1522425,COC(=O)c1sccc1NC(=O)CN2CCN(CC2)c3ccc(F)cc3,4.81
935,CHEMBL1522377,CCCC(=O)Nc1ccc(Cl)c(NC(=O)c2oc(Br)cc2)c1,4.43
937,CHEMBL1307610,COC(=O)c1ccccc1NC(=O)C2CC(=NO2)c3ccccc3O,4.47
938,CHEMBL1561325,CCCOc1ccc(cc1)C2N(CCCn3ccnc3)C(=O)C(=C2C(=O)c4oc(C)cc4)O,4.71
939,CHEMBL1505364,Br.CC(=O)c1sc(Nc2ccccn2)nc1C,4.4
944,CHEMBL1377449,Cc1nc(NCc2occc2)c(C#N)c3CC(C)(C)OCc13,4.43
945,CHEMBL1495244,COc1ccc(CC(=O)Nc2nc(C)cs2)cc1OC,4.55
946,CHEMBL1455874,CCOC(=O)c1c(N)[nH]nc1c2ccc(OC)cc2,4.2
948,CHEMBL1307730,NC(=O)c1ccsc1NC(=O)c2ccc(cc2)S(=O)(=O)N3CCCCC3,5.05
951,CHEMBL1466356,Cl.CSCCC(Nc1ncnc2ccc(Br)cc12)C(=O)O,4.35
952,CHEMBL1308000,COc1ccc(cc1)c2cnc(N)nc2c3ccc(OCC(=C)C)cc3O,4.53
955,CHEMBL1545025,COC(=O)c1ccccc1NC(=O)CSc2ccccn2,4.45
956,CHEMBL1337775,Brc1ccc2nc3CCCCc3n2c1,4.86
957,CHEMBL1483570,Cc1onc(NC(=O)C2CC(=NO2)c3ccc(F)cc3)c1,4.55
958,CHEMBL1417364,CCCCC(=O)Nc1cccc(NC(=O)c2oc(Br)cc2)c1,4.42
959,CHEMBL1583874,NC(=O)c1cc(Br)cc2c3CCCCc3[nH]c12,4.9
960,CHEMBL1325688,CC(=O)Nc1ccc(cc1)S(=O)(=O)N2CCC(CC2)n3cnc4cc(F)ccc34,4.49
961,CHEMBL1545185,OC(=O)CCSc1ccc2ccccc2n1,4.46
963,CHEMBL1427588,NC(=O)c1c2CCCc2sc1NC(=O)C3CCCO3,4.37
965,CHEMBL1600661,O=C1NC(=S)C2=C(CCC2)N1c3ccccc3,4.12
967,CHEMBL576353,Cc1cc(O)ccc1c2cnc3ccccc3n2,4.55
968,CHEMBL1428011,CC1=C(C(NC(=O)N1)c2ccc(O)cc2)C(=O)OC3CCCCCCC3,4.38
970,CHEMBL1365941,Cc1ccccc1n2nc(C)c3cc(sc23)C(=O)NCc4cccnc4,4.97
971,CHEMBL1325960,COC(=O)c1ccsc1NC(=O)C2=COCCO2,5.04
972,CHEMBL1545599,COC(=O)c1cccc(NC(=O)CN2CCC(CC2)NC(=O)c3cc(OC)c(OC)c(OC)c3)c1,5.77
974,CHEMBL1574263,Cc1ccc(C)c(c1)N2CCN(CC2)C(=O)c3ccc(CN4C(=O)Nc5ccccc5C4=O)cc3,4.17
975,CHEMBL1545746,NC(=O)c1oc2ccccc2c1NC(=O)c3ccc(F)cc3,4.62
976,CHEMBL1412291,Clc1ccc(cc1)N2CCN(CC2)C(=O)c3ccc(CN4C(=O)Nc5ccccc5C4=O)cc3,4.06
977,CHEMBL1607473,COc1cc(ccc1O)C2NC(=O)NC(=C2C(=O)OC3CCCC(C)C3)C,4.4
978,CHEMBL1349023,CC(C)OC(=O)c1c(C)oc2ccc(OCC(=O)N)cc12,4.35
979,CHEMBL1607477,Clc1ccc(cc1Cl)C2=NOC(C2)C(=O)Nc3cccnc3,4.64
981,CHEMBL1584518,Cc1ccc(NC(=O)C2CC(=NO2)c3ccc(F)cc3)cc1,4.49
982,CHEMBL1428357,COc1ccc(cc1OC)C2=NOC(C2)C(=O)Nc3ccc(cc3)C(=O)C,4.49
984,CHEMBL1349172,Nc1nc(SCc2ccncc2)c(C#N)c(c3cccs3)c1C#N,4.26
986,CHEMBL1349350,NC(=O)c1ccsc1NC(=O)CSC2=Nc3ccccc3C(=O)N2CCCO,5.14
987,CHEMBL1496523,CN1C(=O)c2cc(C(=O)N3CCN(Cc4ccc5OCOc5c4)CC3)n(C)c2c6ccccc16,4.14
988,CHEMBL1309187,COc1cccc(c1)C2=NOC(C2)C(=O)Nc3cccc(c3)C(=O)C,4.89
989,CHEMBL1372916,Brc1c[nH]c2nc(CNC(=O)c3ccccc3)nc2c1,4.42
990,CHEMBL1613269,O=C1Nc2cccnc2Sc3ccccc13,5.3
993,CHEMBL1418336,COC(=O)c1ccccc1NC(=O)CSc2nc(N)cc(N)n2,4.93
994,CHEMBL1445111,O=C(C1CCC(CN2C(=O)Nc3ccccc3C2=O)CC1)N4CCN(CC4)c5ccccc5,6.3
995,CHEMBL1333047,O=C1C(C(=O)c2ccccc12)c3ccncc3,4.74
997,CHEMBL1967431,CCN1C(=CS/C/1=N/C(=O)c2ccccc2O)C,4.39
998,CHEMBL1563069,COC(=O)c1ccsc1NC(=O)CN2CCN(CC2)c3ccc(F)cc3,4.81
999,CHEMBL1562951,NC(=O)c1ccsc1NC(=O)c2cccs2,5.58
1001,CHEMBL1372889,CCCN1C=CC(=C2C(=O)c3ccccc3C2=O)C=C1,5.01
1003,CHEMBL1372854,Cc1nn(C)cc1CNC(=O)c2cnn3c(cc(nc23)C4CC4)C(F)F,4.57
1004,CHEMBL1429270,COC(=O)c1ccccc1NC(=O)CN2CCC(CC2)NC(=O)c3ccccc3C,5.38
1005,CHEMBL1349875,COc1cccc(c1)C2=NOC(C2)C(=O)Nc3cccnc3,4.9
1007,CHEMBL1429633,COc1cccc(OCC(=O)Nc2ccccc2C(=O)N)c1,4.26
1008,CHEMBL1367073,COc1cccc(C2=NOC(C2)C(=O)Nc3cc(OC)c(OC)c(OC)c3)c1OC,5.38
1009,CHEMBL1429706,Cc1cc(NC(=O)CSC2=Nc3ccccc3C4=NC(Cc5ccccc5)C(=O)N24)[nH]n1,4.95
1010,CHEMBL1524448,COC(=O)c1c(C)c(C)sc1NC(=O)Cc2cccs2,4.46
1011,CHEMBL1310505,COC(=O)C1=CN(Cc2ccncc2)C(=O)C(=C1)Br,4.18
1014,CHEMBL1524458,CCCc1nc(SCC(=O)N2CCCC2)c3ccccc3n1,4.3
1015,CHEMBL1327038,COc1ccc(cc1)c2cnc(N)nc2c3ccc(OC)cc3O,4.7
1017,CHEMBL1367188,CCOC(=O)c1cnc2ccc(Cl)cc2c1N3CCN(C)CC3,4.59
1018,CHEMBL1563647,COC(=O)c1c2CCCCc2nc(N)c1C#N,4.22
1019,CHEMBL1547674,CCOc1ccc(cc1)C(=O)Nc2c(oc3ccccc23)C(=O)N,4.46
1020,CHEMBL3199093,OC1=C(\C=N\c2ccccc2O)C(=O)c3ccccc13,4.64
1023,CHEMBL1491318,CN1C(=O)N(C)c2c(C1=O)c(c3ccccc3)n4c5ccccc5ncc24,5.03
1024,CHEMBL1391112,CC(C)N1N=C(C(=O)OCC(=O)N(C)C2CCS(=O)(=O)C2)c3ccccc3C1=O,4.45
1025,CHEMBL1548061,COC(=O)c1cccc(CN2N=Nc3ccccc3C2=O)c1,4.1
1027,CHEMBL3196400,COc1ccc(\C=N\n2c(N)nc3ccccc23)cc1OC,4.78
1028,CHEMBL1391385,CC1NC(=O)NC1CCCCCC(=O)NCCc2ccccc2,5.2
1029,CHEMBL1548293,Cc1ccc(Nc2cc(ncn2)n3nc(C)cc3C)c(C)c1,4.75
1030,CHEMBL1586967,CC(=O)c1c(C)[nH]c(C(=O)OCN2N=Nc3ccccc3C2=O)c1C,4.47
1031,CHEMBL1351746,CCC1=CC(=O)Oc2cc(C)cc(O)c12,4.49
1032,CHEMBL1374054,COc1ccc(Cl)cc1c2oc(S)nn2,4.79
1033,CHEMBL1470122,CCOc1ccccc1NC(=O)COc2cccc(c2)n3cnnn3,4.16
1035,CHEMBL1525187,N#Cc1c(NCc2ccccc2)ccnc1NCc3cccnc3,5.4
1037,CHEMBL1486096,COCCCNC(=O)c1ccc(CN2C(=O)Nc3ccccc3C2=O)cc1,5.21
1038,CHEMBL1588030,CCCN1Cc2cccc(C(=O)NCc3ccc4OCOc4c3)c2C1=O,4.5
1039,CHEMBL1525418,COc1cccc(C2=NOC(C2)C(=O)Nc3cccc(c3)C(=O)C)c1OC,4.61
1041,CHEMBL1486228,CCOC(=O)c1ccc(CN2C=Nc3ccccc3C2=O)cc1,4.91
1042,CHEMBL1374204,CC(C)Oc1ccc(cc1)C2N(CCCn3ccnc3)C(=O)C(=C2C(=O)c4oc(C)cc4)O,4.43
1043,CHEMBL1570276,Cc1ccc2nc(Cc3ccc(N)cc3)oc2c1,4.3
1044,CHEMBL1446875,CN1C(=CC(=C2C(=O)c3ccccc3C2=O)C=C1C)C,4.38
1045,CHEMBL1392612,O=C(CCN1C=Nc2ccccc2C1=O)Nc3ccc(cc3)S(=O)(=O)N4CCCCC4,4.42
1046,CHEMBL1549692,Nc1c(C#N)sc2nc3CCCCc3c(c4occc4)c12,4.16
1047,CHEMBL1352869,CCn1ncc(C2=NOC(C2)C(=O)Nc3ccccc3C(=O)OC)c1C,5.74
1048,CHEMBL3189536,C\C(=N\Cc1cccnc1)\C2=C(O)c3ccccc3C2=O,4.7
1050,CHEMBL1392879,CCOC(=O)CSC1=Nc2c(sc3ccccc23)C(=O)N1CCCN4CCOCC4,4.4
1051,CHEMBL1392784,COc1ccc(CN\C(=C(\C#N)/C(=O)N)\C)cc1OC,5.08
1052,CHEMBL1996902,CCOC(=O)c1cccc2\C(=N/O)\c3ccccc3c12,4.94
1053,CHEMBL1432163,COc1ccc(cc1COC(=O)c2cc(C)oc2C)C(=O)C,4.21
1055,CHEMBL1432472,CCOC(=O)c1c(C)nsc1S,4.52
1056,CHEMBL1471674,COc1ccc(cc1OC)C(=O)n2nc(nc2N)c3ccccc3,4.72
1057,CHEMBL1588937,Fc1ccccc1N2CCN(CCCNC(=O)CCCCCN3C(=O)Nc4ccccc4C3=O)CC2,4.45
1058,CHEMBL1414184,COC(=O)c1sccc1NC(=O)c2csc(C)c2,4.41
1059,CHEMBL1525902,Cc1ccccc1c2oc(S)nn2,4.26
1060,CHEMBL1589110,COc1ccc(cc1)S(=O)(=O)N2CCC(CC2)n3cnc4cc(ccc34)C(F)(F)F,4.26
1061,CHEMBL580819,O=C(Nc1cccc(c1)C(=O)Nc2cccc(c2)c3nc4ccccc4[nH]3)c5occc5,4.17
1062,CHEMBL1486831,Fc1ccc2[nH]c3nc4ccccc4c3nc2c1,4.74
1063,CHEMBL1511773,O=C(CCN1C=Nc2ccccc2C1=O)Nc3ccc(cc3)S(=O)(=O)N4CCCC4,4.42
1064,CHEMBL1492655,Oc1cccc2c3C(=O)N4CCCCCC4=Nc3sc12,4.26
1065,CHEMBL1472407,Cc1oc2c(cccc2n1)C(=O)NCc3ccccc3,4.34
1066,CHEMBL1313961,COc1ccc(OC)c(Nc2nc(N)nc(n2)c3oc4ccccc4c3)c1,4.32
1069,CHEMBL1644628,C[C@H](Nc1cc(ccn1)C2=NNC(=O)N2c3ccc4ccccc4c3)c5ccccc5,5.41
1071,CHEMBL1644617,O=C1NN=C(N1c2ccc3ccccc3c2)c4ccncc4,4.8
1091,CHEMBL1644645,FC(F)(F)CN1CCC(CC1)N2N=C(N(C2=O)c3ccc4ccccc4c3)c5ccnc(NC6CCOCC6)c5,7.44
1092,CHEMBL1644625,O=C1NN=C(N1c2ccc3ccccc3c2)c4ccnc(Nc5ccccn5)c4,7.4
1093,CHEMBL1644635,Fc1cccc2ccc(cc12)N3C(=O)NN=C3c4ccnc(NC5CCOCC5)c4,7.27
1095,CHEMBL1644624,O=C1NN=C(N1c2ccc3ccccc3c2)c4ccnc(Nc5ccccc5)c4,7.22
1096,CHEMBL1644622,O=C1NN=C(N1c2ccc3ccccc3c2)c4ccnc(NC5CCC5)c4,7.16
1097,CHEMBL1644632,Fc1ccc2cc(ccc2c1)N3C(=O)NN=C3c4ccnc(NC5CCOCC5)c4,7.16
1099,CHEMBL1644640,O=C1N(N=C(N1c2ccc3ccccc3c2)c4ccnc(NC5CCOCC5)c4)C6CCOC6,7.04
1100,CHEMBL1644636,Nc1cccc2ccc(cc12)N3C(=O)NN=C3c4ccnc(NC5CCOCC5)c4,7.03
1101,CHEMBL1644641,O=C1N(N=C(N1c2ccc3ccccc3c2)c4ccnc(NC5CCOCC5)c4)c6ccccn6,7.0
1102,CHEMBL1644630,O=C(Nc1cc(ccn1)C2=NNC(=O)N2c3ccc4ccccc4c3)C5CC5,6.92
1103,CHEMBL1644621,O=C1NN=C(N1c2ccc3ccccc3c2)c4ccnc(NC5CCCC5)c4,6.89
1104,CHEMBL1644623,O=C1NN=C(N1c2ccc3ccccc3c2)c4ccnc(NC5CC5)c4,6.89
1105,CHEMBL1644643,O=C1N(N=C(N1c2ccc3ccccc3c2)c4ccnc(NC5CCOCC5)c4)C6CCNCC6,6.8
1106,CHEMBL1644627,O=C1NN=C(N1c2ccc3ccccc3c2)c4ccnc(Nc5nccs5)c4,6.68
1107,CHEMBL1644626,O=C1NN=C(N1c2ccc3ccccc3c2)c4ccnc(Nc5cccnc5)c4,6.6
1108,CHEMBL1644644,CCN1CCC(CC1)N2N=C(N(C2=O)c3ccc4ccccc4c3)c5ccnc(NC6CCOCC6)c5,6.55
1109,CHEMBL1644629,CC(=O)Nc1cc(ccn1)C2=NNC(=O)N2c3ccc4ccccc4c3,6.39
1110,CHEMBL1644634,Brc1ccc2cc(ccc2c1)N3C(=O)NN=C3c4ccnc(NC5CCOCC5)c4,6.37
1111,CHEMBL1644631,O=C(Nc1cc(ccn1)C2=NNC(=O)N2c3ccc4ccccc4c3)c5ccccc5,6.23
1112,CHEMBL1644633,Nc1ccc2cc(ccc2c1)N3C(=O)NN=C3c4ccnc(NC5CCOCC5)c4,6.02
1125,CHEMBL1681992,COC(=O)c1c(C)csc1NC(=O)Cc2ccc(OC)cc2,6.16
1126,CHEMBL1681993,CCc1csc(NC(=O)Cc2ccc(OC)cc2)c1C(=O)OC,5.04
1127,CHEMBL1681994,CCOC(=O)c1c(NC(=O)Cc2ccc(OC)cc2)scc1C3CC3,5.02
1128,CHEMBL1681995,CCOC(=O)c1c(NC(=O)Cc2ccc(OC)cc2)scc1C(F)(F)F,4.41
1129,CHEMBL1681996,CCOC(=O)c1c(NC(=O)Cc2ccc(OC)cc2)scc1C#N,6.51
1130,CHEMBL1681997,CCOC(=O)c1c(NC(=O)Cc2ccc(OC)cc2)scc1C#C,5.52
1131,CHEMBL1681998,COC(=O)c1c(C)csc1NC(=O)Cc2ccc(cc2)c3ccncc3,6.58
1132,CHEMBL1681999,COC(=O)c1c(C)csc1NC(=O)Cc2ccc(OCCCn3ccnc3)cc2,6.3
1133,CHEMBL1682000,COC(=O)c1c(C)csc1NC(=O)Cc2ccc(OCCCN3CCCCC3)cc2,7.0
1134,CHEMBL1682001,COC(=O)c1c(C)csc1NC(=O)Cc2ccc(OCCCN3CCCC3)cc2,6.65
1135,CHEMBL1682002,COC(=O)c1c(C)csc1NC(=O)Cc2cccc3cc[nH]c23,5.99
1136,CHEMBL1682003,COC(=O)c1c(C)csc1NC(=O)Cc2cccc3nccnc23,6.79
1137,CHEMBL1682004,COC(=O)c1c(C)csc1NC(=O)Cc2cccc3ncccc23,6.96
1138,CHEMBL1681791,COC(=O)c1c(C)csc1NC(=O)Cc2cccc3cnccc23,7.21
1139,CHEMBL1682005,COC(=O)c1c(C)csc1NC(=O)CN2C(=O)CCc3ccccc23,6.9
1140,CHEMBL1682006,COc1ccc(CC(=O)Nc2scc(C)c2c3nc(C)n[nH]3)cc1,6.33
1141,CHEMBL1682007,Cc1csc(NC(=O)Cc2ccc(cc2)c3ccncc3)c1c4nc(C)n[nH]4,6.49
1142,CHEMBL1682008,Cc1n[nH]c(n1)c2c(C)csc2NC(=O)Cc3ccc(OCCCN4CCCCC4)cc3,6.71
1143,CHEMBL1682009,Cc1n[nH]c(n1)c2c(C)csc2NC(=O)Cc3cccc4nccnc34,6.23
1144,CHEMBL1682010,Cc1csc(NC(=O)Cc2cccc3ncccc23)c1c4nc(C)n[nH]4,7.1
1145,CHEMBL1682011,Cc1csc(NC(=O)Cc2cccc3ncccc23)c1c4ncn[nH]4,6.85
1151,CHEMBL1682016,Brc1csc(NC(=O)Cc2cccc3cnccc23)c1c4ncn[nH]4,7.48
1154,CHEMBL1682019,Brc1csc(NC(=O)Cc2cccc3ncccc23)c1c4ncn[nH]4,7.47
1163,CHEMBL1761554,Cn1cc(cn1)c2ccc3cnc(Nc4ccc(cc4)n5cnc(n5)N6CCOCC6)nc3c2,7.05
1164,CHEMBL1761555,C1CN(CCO1)c2ncn(n2)c3ccc(Nc4ncc5ccc(cc5n4)c6cn[nH]c6)cc3,7.3
1165,CHEMBL1761556,C1CN(CCO1)c2ncn(n2)c3ccc(Nc4ncc5ccc(cc5n4)c6conc6)cc3,6.16
1166,CHEMBL1761557,C1CN(CCO1)c2ccc3cnc(Nc4ccc(cc4)n5cnc(n5)N6CCOCC6)nc3c2,5.36
1167,CHEMBL1761558,C1CN(CCO1)c2ncn(n2)c3ccc(Nc4ncc5ccc(cc5n4)c6cccnc6)cc3,6.68
1168,CHEMBL1761559,Cc1ccc(cn1)c2ccc3cnc(Nc4ccc(cc4)n5cnc(n5)N6CCOCC6)nc3c2,6.14
1170,CHEMBL1761561,Cc1ccc(cn1)c2ncn(n2)c3ccc(Nc4ncc5ccc(cc5n4)c6cn[nH]c6)cc3,7.3
1171,CHEMBL1761562,Cn1cc(cn1)c2ccc3cnc(Nc4ccc(cc4)n5cnc(n5)c6ccccn6)nc3c2,7.22
1172,CHEMBL1761563,Cc1ccc(cn1)c2cccc3cnc(Nc4ccc(cc4)n5cnc(n5)N6CCOCC6)nc23,7.52
1174,CHEMBL1761565,COc1ccc(cc1F)c2cccc3cnc(Nc4ccc(cc4)n5cnc(n5)N6CCOCC6)nc23,7.16
1176,CHEMBL1761567,C1CN(CCO1)c2ncn(n2)c3ccc(Nc4ncc5cccc(c6ccccc6)c5n4)cc3,7.22
1177,CHEMBL1761568,COc1ccc(cc1F)c2cccc3cnc(Nc4ccc(cc4)n5cnc(C)n5)nc23,7.1
1179,CHEMBL1761570,COc1ccc(cc1F)c2cccc3cnc(Nc4ccc(cc4)n5cnc(n5)c6ccccn6)nc23,7.05
1180,CHEMBL1761571,Cc1ccc(cn1)c2cccc3cnc(Nc4ccc(cc4)n5cnc(C)n5)nc23,7.52
1181,CHEMBL1761572,Cc1ccc(cn1)c2cccc3cnc(Nc4ccc5OCOc5c4)nc23,7.22
1182,CHEMBL1761573,Cc1ccc(cn1)c2cccc3cnc(Nc4ccc(F)cc4)nc23,6.77
1183,CHEMBL1761574,Cc1ccc(cn1)c2cccc3cnc(Nc4ccc(cc4)C(=O)N5CCOCC5)nc23,7.05
1184,CHEMBL1761575,Cc1ccc(cn1)c2cccc3cnc(NC4CCC(O)CC4)nc23,7.3
1185,CHEMBL1761576,Cc1ccc(cn1)c2cccc3cnc(N[C@@H]4CC[C@@H](CC4)C(=O)N5CCCC5)nc23,7.52
1186,CHEMBL1761577,Cn1cc(cn1)c2ccc3cnc(Nc4ccc(cc4)n5cnc(n5)N6CCOCC6)nc3c2Cl,7.4
1187,CHEMBL1761578,CC(C)n1cc(cn1)c2ccc3cnc(Nc4ccc(cc4)n5cnc(n5)N6CCOCC6)nc3c2Cl,7.2
1189,CHEMBL1761580,Cn1cc(cn1)c2ccc3cnc(Nc4ccc(cc4)n5cnc(n5)N6CCOCC6)nc3c2C(F)(F)F,6.72
1203,CHEMBL1771656,Cc1ncn(n1)c2ccc(Nc3nccc(n3)c4cc[nH]n4)cc2,6.2
1204,CHEMBL1771657,Cc1ncn(n1)c2ccc(Nc3nccc(n3)c4ccn(C)n4)cc2,5.84
1205,CHEMBL1771658,Cc1ncn(n1)c2ccc(Nc3ncc(Cl)c(n3)c4ccn(C)n4)cc2,6.07
1206,CHEMBL1771659,Cn1ccc(n1)c2nc(Nc3ccc(cc3)n4cnc(n4)N5CCOCC5)ncc2Cl,6.14
1207,CHEMBL1771660,C1CN(CCO1)c2ccc(Nc3cc(ccn3)c4cc[nH]n4)cc2,6.8
1208,CHEMBL1771661,Clc1cnc(Nc2ccc(cc2)N3CCOCC3)cc1c4cc[nH]n4,7.16
1209,CHEMBL1771662,Cn1ccc(n1)c2cc(Nc3ccc(cc3)N4CCOCC4)ncc2Cl,6.89
1210,CHEMBL1771663,Cc1nc(C)n(n1)c2ccc(Nc3cc(c(Cl)cn3)c4ccn(C)n4)cc2,6.8
1211,CHEMBL1771664,Cn1ccc(n1)c2cc(Nc3ccc(cc3)n4cnc(n4)N5CCOCC5)ncc2Cl,6.7
1212,CHEMBL1771665,Cc1ccc(cn1)c2ncn(n2)c3ccc(Nc4cc(c(Cl)cn4)c5ccn(C)n5)cc3,6.22
1213,CHEMBL1771666,Cn1ccc(n1)c2cc(Nc3ccc(cc3)N4CCOCC4)ncc2F,6.8
1214,CHEMBL1771667,Cc1nc(C)n(n1)c2ccc(Nc3cc(c(F)cn3)c4ccn(C)n4)cc2,6.47
1215,CHEMBL1771668,Cc1ccc(cn1)c2ncn(n2)c3ccc(Nc4cc(c(F)cn4)c5ccn(C)n5)cc3,6.7
1216,CHEMBL1771669,Cn1ccc(n1)c2cc(Nc3ccc(cc3)n4cnc(n4)c5ccccn5)ncc2F,6.32
1217,CHEMBL1771709,Cn1ccc(n1)c2cc(Nc3ccc(cc3)n4cnc(n4)N5CCOCC5)ncc2F,6.8
1218,CHEMBL1771710,Cc1cnc(Nc2ccc(cc2)n3cnc(n3)N4CCOCC4)cc1c5ccn(C)n5,6.13
1219,CHEMBL1771711,Fc1cnc(Nc2ccc(cc2)N3CCOCC3)cc1c4ccn(Cc5ccccc5)n4,7.0
1220,CHEMBL1771712,Fc1cnc(Nc2ccc(cc2)N3CCOCC3)cc1c4ccn(CCc5ccccc5)n4,6.77
1221,CHEMBL1771713,Fc1cnc(Nc2ccc(cc2)N3CCOCC3)cc1c4ccn(CCN5CCOCC5)n4,6.5
1222,CHEMBL1771714,COc1cccc(c1)n2ccc(n2)c3ccnc(Nc4ccc(cc4)n5nc(C)nc5C)c3,6.19
1223,CHEMBL1771715,Cc1nc(C)n(n1)c2ccc(Nc3cc(ccn3)c4ccn(n4)c5cccc(c5)C#N)cc2,6.62
1224,CHEMBL1771716,CSc1ccc(cc1)n2ccc(n2)c3ccnc(Nc4ccc(cc4)n5nc(C)nc5C)c3,5.88
1225,CHEMBL1771717,Cc1nc(C)n(n1)c2ccc(Nc3cc(ccn3)c4ccn(n4)c5ccccn5)cc2,6.47
1227,CHEMBL1771719,Cc1nc(C)n(n1)c2ccc(Nc3cc(ccn3)c4nn(C)cc4c5cccnc5)cc2,6.96
1228,CHEMBL1771720,Cn1cc(c2occn2)c(n1)c3ccnc(Nc4ccc(cc4)N5CCOCC5)c3,6.82
1229,CHEMBL1771721,Cn1cc(cn1)c2cn(C)nc2c3ccnc(Nc4ccc(cc4)N5CCOCC5)c3,6.41
1230,CHEMBL1771722,Cn1cc(c2ccnn2C)c(n1)c3ccnc(Nc4ccc(cc4)N5CCOCC5)c3,6.41
1231,CHEMBL1771723,CCCc1cn(C)nc1c2ccnc(Nc3ccc(cc3)n4nc(C)nc4C)c2,5.85
1232,CHEMBL1771724,Cc1cn(C)nc1c2ccnc(Nc3ccc(cc3)n4nc(C)nc4C)c2,6.4
1233,CHEMBL1773329,NS(=O)(=O)N1CCC(CC1)Nc2nccc(n2)c3ccc(cc3)S(=O)(=O)N4CCOCC4,6.06
1239,CHEMBL1784644,Cc1cc(ccn1)C2=NNC(=S)N2c3ccc4ccccc4c3,4.83
1241,CHEMBL1784646,Fc1cnccc1C2=NNC(=S)N2c3ccc4ccccc4c3,4.56
1243,CHEMBL1784648,S=C1NN=C(N1c2ccc3ncccc3c2)c4ccncc4,4.5
1244,CHEMBL1784649,Nc1cc(ccn1)C2=NNC(=S)N2c3ccc4ccccc4c3,5.99
1245,CHEMBL1784650,S=C1NN=C(N1c2ccc3ccccc3c2)c4ccnc(NC5CCCCC5)c4,7.28
1246,CHEMBL1784651,S=C1NN=C(N1c2ccc3ccccc3c2)c4ccnc(NCC5CC5)c4,6.03
1248,CHEMBL1784653,c1ccc2cc(ccc2c1)n3cnnc3c4ccncc4,5.35
1249,CHEMBL1784654,Cc1nnc(c2ccncc2)n1c3ccc4ccccc4c3,4.74
1250,CHEMBL1784655,c1ccc2cc(ccc2c1)n3nnnc3c4ccncc4,4.31
1251,CHEMBL1784656,Clc1nnc(c2ccncc2)n1c3ccc4ccccc4c3,4.52
1252,CHEMBL1784657,N\N=C\1/NN=C(N1c2ccc3ccccc3c2)c4ccncc4,4.83
1253,CHEMBL1784658,Clc1nnn(c2ccncc2)c1c3ccc4ccccc4c3,4.9
1254,CHEMBL1784659,c1ccc2cc(ccc2c1)c3cnnn3c4ccncc4,5.32
1255,CHEMBL1784660,c1ccc2cc(ccc2c1)c3ccnn3c4ccncc4,5.61
1256,CHEMBL1784661,c1ccc2cc(ccc2c1)n3nccc3c4ccncc4,5.91
1258,CHEMBL1784663,c1ccc2cc(ccc2c1)n3ccnc3c4ccncc4,5.72
1259,CHEMBL1784664,c1ccc2cc(ccc2c1)n3nncc3c4ccncc4,5.57
1260,CHEMBL1784665,c1ccc2cc(ccc2c1)c3nn[nH]c3c4ccncc4,6.44
1261,CHEMBL1784666,c1ccc2cc(ccc2c1)c3[nH]ncc3c4ccncc4,6.61
1262,CHEMBL1784667,c1ccc2cc(ccc2c1)c3ncncc3c4ccncc4,5.38
1264,CHEMBL1784083,CN1CCN(CC1)c2c(Cl)cccc2NC(=O)c3oc(Br)cc3,5.92
1265,CHEMBL1784082,Clc1cccc(NC(=O)c2oc(Br)cc2)c1N3CCNCC3,5.0
1267,CHEMBL1784084,CCCN1CCN(CC1)c2c(Cl)cccc2NC(=O)c3oc(Br)cc3,6.05
1268,CHEMBL1784085,CC(C)N1CCN(CC1)c2c(Cl)cccc2NC(=O)c3oc(Br)cc3,5.66
1269,CHEMBL1784086,Clc1cccc(NC(=O)c2oc(Br)cc2)c1N3CCN(CC=C)CC3,6.48
1270,CHEMBL1784087,CC(=C)CN1CCN(CC1)c2c(Cl)cccc2NC(=O)c3oc(Br)cc3,6.27
1271,CHEMBL1233749,Clc1cccc(NC(=O)c2oc(Br)cc2)c1N3CCN(CC#C)CC3,6.8
1272,CHEMBL1784088,Clc1cccc(NC(=O)c2oc(Br)cc2)c1N3CCN(CC3)C4CC4,6.02
1273,CHEMBL1784089,Clc1cccc(NC(=O)c2oc(Br)cc2)c1N3CCN(Cc4occc4)CC3,6.6
1274,CHEMBL1784090,Clc1cccc(NC(=O)c2oc(Br)cc2)c1N3CCN(Cc4ccccc4)CC3,5.96
1275,CHEMBL1784091,Clc1cccc(NC(=O)c2oc(Br)cc2)c1N3CCN(CCc4ccccc4)CC3,5.85
1276,CHEMBL1784092,Clc1cccc(NC(=O)c2oc(Br)cc2)c1N3CCN(CC3)c4ccccn4,6.0
1277,CHEMBL1784093,CC(=O)N1CCN(CC1)c2c(Cl)cccc2NC(=O)c3oc(Br)cc3,6.09
1280,CHEMBL1784096,Cc1cccc(NC(=O)c2oc(Br)cc2)c1N3CCN(CC=C)CC3,6.7
1281,CHEMBL1784097,Fc1cccc(NC(=O)c2oc(Br)cc2)c1N3CCN(CC#C)CC3,6.54
1286,CHEMBL1783492,Clc1cccc(NC(=O)c2cnc(Br)s2)c1N3CCN(CC=C)CC3,6.51
1287,CHEMBL1783493,Clc1cccc(NC(=O)c2nc(Br)cs2)c1N3CCN(CC=C)CC3,5.75
1288,CHEMBL1783494,Clc1cccc(NC(=O)c2cscn2)c1N3CCN(CC=C)CC3,5.64
1289,CHEMBL1783495,Clc1cccc(NC(=O)c2oncc2)c1N3CCN(CC=C)CC3,5.3
1290,CHEMBL1783496,Clc1cccc(NC(=O)c2ccc[nH]2)c1N3CCN(CC=C)CC3,5.05
1291,CHEMBL1783497,Cc1nc(cs1)C(=O)Nc2cccc(Cl)c2N3CCN(CC=C)CC3,5.24
1292,CHEMBL1783498,Clc1cccc(NC(=O)c2cccc(Br)n2)c1N3CCN(CC=C)CC3,5.7
1293,CHEMBL1783583,Cc1cccc(n1)C(=O)Nc2cccc(Cl)c2N3CCN(CC=C)CC3,5.7
1294,CHEMBL1783584,Clc1cccc(NC(=O)c2cccc(Br)c2)c1N3CCN(CC=C)CC3,5.19
1297,CHEMBL1783587,Cc1cccc(NC(=O)c2oc(Br)cc2)c1N3CCC4(CC3)OCCO4,7.22
1298,CHEMBL1783588,Cc1cccc(NC(=O)c2oc(Cl)cc2)c1N3CCC4(CC3)OCCO4,7.1
1299,CHEMBL1783589,Cc1cccc(NC(=O)c2oc(F)cc2)c1N3CCC4(CC3)OCCO4,6.39
1300,CHEMBL1783590,Cc1cccc(NC(=O)c2oc(cc2)C#N)c1N3CCC4(CC3)OCCO4,6.68
1301,CHEMBL1783591,Cc1oc(cc1)C(=O)Nc2cccc(C)c2N3CCC4(CC3)OCCO4,6.28
1302,CHEMBL1783592,Cc1cccc(NC(=O)c2oc(cc2)C(F)F)c1N3CCC4(CC3)OCCO4,6.46
1303,CHEMBL1783593,CCc1oc(cc1)C(=O)Nc2cccc(C)c2N3CCC4(CC3)OCCO4,6.0
1304,CHEMBL1783594,CC#Cc1oc(cc1)C(=O)Nc2cccc(C)c2N3CCC4(CC3)OCCO4,6.96
1305,CHEMBL1783595,Cc1cccc(NC(=O)c2oc(Cc3ccccc3)cc2)c1N4CCC5(CC4)OCCO5,5.32
1306,CHEMBL1783596,COc1oc(cc1)C(=O)Nc2cccc(C)c2N3CCC4(CC3)OCCO4,6.21
1307,CHEMBL1783597,CC(=O)Nc1oc(cc1)C(=O)Nc2cccc(C)c2N3CCC4(CC3)OCCO4,4.96
1316,CHEMBL1822133,Fc1cnc2cccc(CC(=O)Nc3scc(Br)c3c4ncn[nH]4)c2c1,7.52
1317,CHEMBL1822134,Fc1cc(CC(=O)Nc2scc(Br)c2c3ncn[nH]3)c4cccnc4c1,7.39
1318,CHEMBL1822135,FC(F)(F)c1cnc2cccc(CC(=O)Nc3scc(Br)c3c4ncn[nH]4)c2c1,7.28
1319,CHEMBL1822136,FC(F)(F)c1cc(CC(=O)Nc2scc(Br)c2c3ncn[nH]3)c4cccnc4c1,6.55
1320,CHEMBL1822137,FC(F)(F)c1ccc(CC(=O)Nc2scc(Cl)c2c3ncn[nH]3)c4cccnc14,6.74
1332,CHEMBL1822148,FC(F)(F)c1cccc2N(CC(=O)Nc3scc(Br)c3c4ncn[nH]4)C(=O)C=Cc12,7.15
1360,CHEMBL513909,CC[C@H]1N(C2CCCC2)c3nc(Nc4ccc(cc4OC)C(=O)NC5CCN(C)CC5)ncc3N(C)C1=O,5.96
1363,CHEMBL509032,COc1cc(ccc1Nc2ncc(Cl)c(Nc3ccccc3S(=O)(=O)C(C)C)n2)N4CCC(CC4)N5CCN(C)CC5,7.17
1364,CHEMBL502835,COC(=O)c1ccc2\C(=C(\Nc3ccc(cc3)N(C)C(=O)CN4CCN(C)CC4)/c5ccccc5)\C(=O)Nc2c1,6.57
1366,CHEMBL1908395,Cl.CN(C)CC(=O)N1CCC(CC1)c2ccc(NC(=O)c3nc(c[nH]3)C#N)c(c2)C4=CCCCC4,6.62
1372,CHEMBL1287853,Cc1cnc(Nc2ccc(OCCN3CCCC3)cc2)nc1Nc4cccc(c4)S(=O)(=O)NC(C)(C)C,6.7
1373,CHEMBL1173655,CN(C)C\C=C\C(=O)Nc1cc2c(Nc3ccc(F)c(Cl)c3)ncnc2cc1O[C@H]4CCOC4,5.7
1374,CHEMBL1230609,COc1cc2c(Oc3ccc(NC(=O)C4(CC4)C(=O)Nc5ccc(F)cc5)cc3F)ccnc2cc1OCCCN6CCOCC6,5.41
1375,CHEMBL1908397,O=C(N1CCNCC1)c2ccc(\C=C\c3n[nH]c4ccccc34)cc2,7.29
1386,CHEMBL525191,OCCn1cc(c2ccc3\C(=N\O)\CCc3c2)c(n1)c4ccncc4,5.6
1390,CHEMBL521851,CS(=O)(=O)N1CCN(Cc2cc3nc(nc(N4CCOCC4)c3s2)c5cccc6[nH]ncc56)CC1,6.25
1391,CHEMBL475251,COc1cc(Nc2ncc(F)c(Nc3ccc4OC(C)(C)C(=O)Nc4n3)n2)cc(OC)c1OC,7.43
1398,CHEMBL1289926,CNC(=O)c1ccccc1Sc2ccc3c(\C=C\c4ccccn4)n[nH]c3c2,5.96
1405,CHEMBL1236107,Cn1cc(cn1)c2ccc3nnc(Sc4ccc5ncccc5c4)n3n2,5.72
1413,CHEMBL255863,Cc1cn(cn1)c2cc(NC(=O)c3ccc(C)c(Nc4nccc(n4)c5cccnc5)c3)cc(c2)C(F)(F)F,5.7
1421,CHEMBL180022,CCOc1cc2ncc(C#N)c(Nc3ccc(OCc4ccccn4)c(Cl)c3)c2cc1NC(=O)\C=C\CN(C)C,5.6
1458,CHEMBL1923216,COc1ccc(Oc2cc(Nc3ccccc3c4nc[nH]n4)c(Cl)cn2)cc1,6.85
1459,CHEMBL1923215,CNC(=O)c1ccccc1Nc2cc(Oc3ccc(OC)cc3)ncc2Cl,6.77
1460,CHEMBL1923213,COc1ccc(Oc2cc(Nc3c(Cl)cccc3C(=O)N)c(cn2)C(F)(F)F)cc1,6.8
1461,CHEMBL1923212,COc1ccc(Oc2cc(Nc3c(F)cccc3C(=O)N)c(cn2)C(F)(F)F)cc1,7.22
1463,CHEMBL1923210,COc1ccc(Oc2cc(Nc3cc(Cl)ccc3C(=O)N)c(cn2)C(F)(F)F)cc1,7.11
1464,CHEMBL1923209,COc1ccc(Oc2cc(Nc3cc(F)ccc3C(=O)N)c(cn2)C(F)(F)F)cc1,7.31
1465,CHEMBL1923208,COc1ccc(Oc2cc(Nc3ccc(Cl)cc3C(=O)N)c(cn2)C(F)(F)F)cc1,7.52
1466,CHEMBL1923207,COc1ccc(Oc2cc(Nc3ccc(F)cc3C(=O)N)c(cn2)C(F)(F)F)cc1,7.35
1467,CHEMBL1923206,COc1ccc(Oc2cc(Nc3cccc(OC)c3C(=O)N)c(cn2)C(F)(F)F)cc1,5.66
1468,CHEMBL1923205,COc1ccc(Oc2cc(Nc3cccc(Cl)c3C(=O)N)c(cn2)C(F)(F)F)cc1,5.66
1469,CHEMBL1923204,NC(=O)c1ccccc1Nc2cc(Oc3ccc(cc3)c4cccnc4)ncc2C(F)(F)F,7.14
1470,CHEMBL1923203,NC(=O)c1ccccc1Nc2cc(Oc3ccc(cc3)N4CCNCC4)ncc2C(F)(F)F,7.47
1471,CHEMBL1923202,NC(=O)c1ccccc1Nc2cc(Oc3ccc(cc3)n4cncn4)ncc2C(F)(F)F,7.1
1472,CHEMBL1923201,NC(=O)c1ccccc1Nc2cc(Oc3ccc4OCOc4c3)ncc2C(F)(F)F,7.32
1473,CHEMBL1923200,NC(=O)c1ccccc1Nc2cc(Oc3ccc4ccccc4c3)ncc2C(F)(F)F,6.5
1474,CHEMBL1923199,NC(=O)c1ccccc1Nc2cc(Oc3cccc4ccccc34)ncc2C(F)(F)F,6.0
1475,CHEMBL1923198,COc1ccc(Oc2cc(Nc3ccccc3C(=O)N)c(cn2)C(F)(F)F)c(Cl)c1,7.0
1476,CHEMBL1921815,NC(=O)c1ccccc1Nc2cc(Oc3ccc(Cl)c(Cl)c3)ncc2C(F)(F)F,7.0
1477,CHEMBL1923197,NC(=O)c1ccccc1Nc2cc(Oc3cccc(Cl)c3)ncc2C(F)(F)F,6.7
1478,CHEMBL1923196,NC(=O)c1ccccc1Nc2cc(Oc3ccc(Br)cc3)ncc2C(F)(F)F,6.42
1479,CHEMBL1923195,NC(=O)c1ccccc1Nc2cc(Oc3ccc(F)cc3)ncc2C(F)(F)F,6.7
1481,CHEMBL1923193,CCCOc1ccc(Oc2cc(Nc3ccccc3C(=O)N)c(cn2)C(F)(F)F)cc1,6.85
1482,CHEMBL1923192,CCOc1ccc(Oc2cc(Nc3ccccc3C(=O)N)c(cn2)C(F)(F)F)cc1,6.96
1483,CHEMBL1923191,NC(=O)c1ccccc1Nc2cc(Oc3ccc(OC(F)(F)F)cc3)ncc2C(F)(F)F,7.46
1484,CHEMBL1923190,COc1ccccc1Oc2cc(Nc3ccccc3C(=O)N)c(cn2)C(F)(F)F,5.46
1485,CHEMBL1923189,COc1cccc(Oc2cc(Nc3ccccc3C(=O)N)c(cn2)C(F)(F)F)c1,7.16
1486,CHEMBL1923188,COc1ccc(Oc2cc(Nc3ccccc3C(=O)N)c(cn2)C(F)(F)F)cc1,7.43
1488,CHEMBL1923186,COc1ccc(Oc2cc(Nc3ccccc3C(=O)N)c(F)cn2)cc1,7.32
1489,CHEMBL1923185,NC(=O)c1ccccc1Nc2ccnc(Oc3ccc(cc3)N4CCNCC4)c2,7.16
1490,CHEMBL1923184,NC(=O)c1ccccc1Nc2ccnc(Oc3ccccc3)c2,6.28
1495,CHEMBL1946325,COc1ccc(Nc2ncc3nc(Nc4ccccc4F)n(C5CCCC5)c3n2)cc1,6.68
1497,CHEMBL1946327,COc1ccc(Nc2ncc3nc(Nc4ccc(F)cc4F)n(C5CCCC5)c3n2)cc1,6.85
1498,CHEMBL1946328,COc1ccc(Nc2ncc3nc(Nc4c(F)cccc4F)n(C5CCCC5)c3n2)cc1,6.89
1499,CHEMBL1946329,CNc1ncc2nc(Nc3ccccc3F)n(C4CCCC4)c2n1,6.17
1500,CHEMBL1946330,CCNc1ncc2nc(Nc3ccccc3F)n(C4CCCC4)c2n1,6.59
1501,CHEMBL1946331,CC(C)Nc1ncc2nc(Nc3ccccc3F)n(C4CCCC4)c2n1,6.96
1502,CHEMBL1946332,Fc1ccccc1Nc2nc3cnc(NC4CCCCC4)nc3n2C5CCCC5,7.3
1504,CHEMBL1946334,N[C@@H]1CC[C@H](CC1)Nc2ncc3nc(Nc4ccccc4F)n(C5CCCC5)c3n2,7.51
1505,CHEMBL1946335,CCn1c(Nc2ccccc2F)nc3cnc(Nc4ccc(OC)cc4)nc13,6.44
1506,CHEMBL1946336,COc1ccc(Nc2ncc3nc(Nc4ccccc4F)n(C(C)C)c3n2)cc1,7.02
1507,CHEMBL1946337,COc1ccc(Nc2ncc3nc(Nc4ccccc4F)n(C5CCCCC5)c3n2)cc1,6.44
1509,CHEMBL1946339,COc1ccc(Nc2ncc3nc(Nc4ccccc4F)n([C@@H]5CC[C@@H](N)CC5)c3n2)cc1,6.62
1511,CHEMBL1946341,COc1ccc(Nc2ncc3nc(Nc4ccccc4F)n(C5CCOCC5)c3n2)cc1,7.2
1516,CHEMBL1950303,O[C@@H]1CC[C@H](CC1)Nc2ncc3nc(Nc4c(F)cc(F)cc4F)n([C@@H]5CCOC5)c3n2,7.5
1523,CHEMBL1982753,NC1CCCCC1Nc2ccc(C(=O)N)c(Nc3cccc(Cl)c3)n2,6.0
1526,CHEMBL1972346,Oc1cc(O)cc(C=Cc2ccc(O)c(O)c2)c1,7.3
1532,CHEMBL1084546,CN(c1ncccc1CNc2nc(Nc3ccc4NC(=O)Cc4c3)ncc2C(F)(F)F)S(=O)(=O)C,6.6
1533,CHEMBL1974328,Cc1cccc(Nc2nc(NC3CCCCC3N)cnc2C(=O)N)c1,6.3
1534,CHEMBL1990496,CN1C(=NC(=C(C1=O)c2ccc3ccccc3c2)c4ccncc4)NCC(N)Cc5ccccc5,8.2
1563,CHEMBL1980995,CNC1CC2OC(C)(C1OC)n3c4ccccc4c5c6CNC(=O)c6c7c8ccccc8n2c7c35,7.3
1566,CHEMBL1993661,CNS(=O)(=O)c1ccccc1Nc2nc(Nc3cc(OC)c(OC)c(OC)c3)ncc2Cl,7.6
1941,CHEMBL2334705,Oc1ccc2nc(c3ccc4ccccc4c3)n(c5ccnc(N[C@@H]6CCCN(C6)C(=O)C7CC7)n5)c2c1,7.34
1942,CHEMBL2334704,Oc1ccc2c(c1)nc(c3ccc4ccccc4c3)n2c5ccnc(N[C@@H]6CCCN(C6)C(=O)C7CC7)n5,5.58
1943,CHEMBL2334703,Oc1ccc2nc(c3ccc4ccccc4c3)n(c5ccnc(NC6CCOCC6)n5)c2c1,5.22
1944,CHEMBL2334702,Oc1ccc2c(c1)nc(c3ccc4ccccc4c3)n2c5ccnc(NC6CCOCC6)n5,5.78
1945,CHEMBL2335070,Oc1ccc2nc(c3ccc4ccccc4c3)n(c5ccnc(NC6CCCCC6)n5)c2c1,4.5
1946,CHEMBL2335069,Oc1ccc2c(c1)nc(c3ccc4ccccc4c3)n2c5ccnc(NC6CCCCC6)n5,5.72
1947,CHEMBL2335068,Clc1ccc(cc1Cl)c2nc3ccccc3n2c4ccnc(N[C@@H]5CCCN(C5)C(=O)C6CC6)n4,5.11
1948,CHEMBL2335067,COc1ccc2nc(c3ccc4ccccc4c3)n(c5ccnc(N[C@@H]6CCCN(C6)C(=O)C7CC7)n5)c2c1,5.93
1949,CHEMBL2335066,COc1ccc2c(c1)nc(c3ccc4ccccc4c3)n2c5ccnc(N[C@@H]6CCCN(C6)C(=O)C7CC7)n5,5.54
1950,CHEMBL2335065,O=C(C1CC1)N2CCC[C@H](C2)Nc3nccc(n3)n4c(nc5ccccc45)c6ccc7ccccc7c6,5.71
1951,CHEMBL2335064,C1CNC[C@@H](C1)Nc2nccc(n2)n3c(nc4ccccc34)c5ccc6ccccc6c5,5.53
1952,CHEMBL2334723,Clc1ccc(cc1Cl)c2nc3ccccc3n2c4ccnc(NC5CCOCC5)n4,4.66
1953,CHEMBL2334722,COc1ccc2nc(c3ccc4ccccc4c3)n(c5ccnc(NC6CCCCC6)n5)c2c1,5.76
1954,CHEMBL2334721,COc1ccc2c(c1)nc(c3ccc4ccccc4c3)n2c5ccnc(NC6CCCCC6)n5,6.13
1955,CHEMBL2334720,C1CC(CCO1)Nc2nccc(n2)n3c(nc4ccccc34)c5ccc6ccccc6c5,5.63
1956,CHEMBL2334719,C1CCC(CC1)Nc2nccc(n2)n3c(nc4ccccc34)c5ccc6ccccc6c5,5.76
1957,CHEMBL2334718,Oc1ccc2c(c1)nc(c3ccc(Cl)c(Cl)c3)n2c4ccnc(NC5CCCCC5)c4,4.86
1958,CHEMBL2334717,C[C@H](O)CNc1cc(ccn1)n2c(nc3ccccc23)c4cccc(O)c4,4.72
1959,CHEMBL2334716,Oc1cccc(c1)c2nc3ccccc3n2c4ccnc(N[C@@H]5CCCN(C5)C(=O)C6CC6)c4,5.58
1960,CHEMBL2334715,Oc1ccc2c(c1)nc(c3ccc4ccccc4c3)n2c5ccnc(N[C@@H]6CCCN(C6)C(=O)C7CC7)c5,4.56
1961,CHEMBL2334714,Oc1ccc2c(c1)nc(c3ccc4ccccc4c3)n2c5ccnc(N[C@@H]6CCCNC6)c5,5.22
1962,CHEMBL2334713,Oc1ccc2c(c1)nc(c3ccc4ccccc4c3)n2c5ccnc(NC6CCOCC6)c5,5.0
1963,CHEMBL2334712,Oc1ccc2c(c1)nc(c3ccc4ccccc4c3)n2c5ccnc(NC6CCCCC6)c5,4.61
1964,CHEMBL2334711,O=C(C1CC1)N2CCC[C@H](C2)Nc3cc(ccn3)n4c(nc5ccccc45)c6ccc7ccccc7c6,4.97
1965,CHEMBL2334710,COc1ccc2c(c1)nc(c3ccc(Cl)c(Cl)c3)n2c4ccnc(NC5CCCCC5)c4,4.74
1967,CHEMBL2334708,C[C@H](O)CNc1cc(ccn1)n2c(nc3ccccc23)c4ccc5ccccc5c4,4.9
1968,CHEMBL2334707,C1CC(CCO1)Nc2cc(ccn2)n3c(nc4ccccc34)c5ccc6ccccc6c5,5.33
1969,CHEMBL2334706,C1CCC(CC1)Nc2cc(ccn2)n3c(nc4ccccc34)c5ccc6ccccc6c5,5.28
2036,CHEMBL2348778,COc1ccc2c(c1)nc(c3ccc(C)c(Cl)c3)n2c4ccnc(NC5CCCCC5)c4,4.74
2040,CHEMBL2348581,Oc1cccc(c1)c2nc3ccccc3n2c4ccnc(N[C@@H]5CCCNC5)c4,5.73
2049,CHEMBL2376923,O=C(NCCN1CCOCC1)c2cccc(c2)n3ncc4cc(Nc5ccccn5)ccc34,5.85
2050,CHEMBL2376907,Cc1cccc(CC(=O)Nc2cnn(c2)c3cccc(c3)C(=O)NC4CCOC(C)(C)C4)c1,5.96
2051,CHEMBL2376928,Clc1cccc(Cl)c1Nc2ccc3c(cnn3c4ccnc(c4)C(=O)NCCN5CCOCC5)c2,6.19
2052,CHEMBL2376927,Clc1ccccc1Nc2ccc3c(cnn3c4cccc(n4)C(=O)NCCN5CCOCC5)c2,6.19
2053,CHEMBL2376921,Cc1cccc(NC(=O)c2cccc(c2)n3ncc4cc(Nc5ccccc5C)ccc34)c1,6.6
2054,CHEMBL2376905,O=C(NCCN1CCOCC1)c2cccc(c2)n3ncc4cc(Nc5ccccc5)cnc34,6.77
2055,CHEMBL2376930,Clc1ccccc1Nc2ccc3c(cnn3c4cc(ccn4)C(=O)NCCN5CCOCC5)c2,6.92
2056,CHEMBL2376920,Cc1cccc(NC(=O)c2cccc(c2)n3ncc4cc(Nc5ccccc5F)ccc34)c1,6.92
2057,CHEMBL2376929,CN1CCN(CCNC(=O)c2cncc(c2)n3ncc4cc(Nc5c(Cl)cccc5Cl)ccc34)CC1,6.96
2058,CHEMBL2376931,Clc1ccccc1Nc2cc3cnn(c4cccc(c4)C(=O)NCCN5CCOCC5)c3cn2,7.1
2059,CHEMBL2376916,Clc1cccc(Cl)c1Nc2ccc3c(cnn3c4cccc(c4)C(=O)NCCN5CCOCC5)c2,7.11
2060,CHEMBL2376924,NC(=O)c1cccc(c1)n2ncc3cc(Nc4ccccc4F)ccc23,7.2
2061,CHEMBL2376912,COc1cc(NC(=O)c2cccc(c2)n3ncc4cc(Nc5ccccc5C)ccc34)cc(OC)c1OC,7.23
2062,CHEMBL2376915,Clc1ccccc1Nc2ccc3c(cnn3c4cccc(c4)C(=O)NCCN5CCOCC5)c2,7.27
2063,CHEMBL2376925,CN1CCN(CCNC(=O)c2cccc(c2)n3ncc4cc(Nc5c(Cl)cccc5Cl)ccc34)CC1,7.3
2064,CHEMBL2376911,CCOc1ccc(NC(=O)c2cccc(c2)n3ncc4cc(Nc5ccccc5F)ccc34)cc1OC,7.34
2065,CHEMBL2376917,COc1ccccc1Nc2ccc3c(cnn3c4cccc(c4)C(=O)NCCCN5CCOCC5)c2,7.37
2066,CHEMBL2376926,Cc1cccc(Nc2ccc3c(cnn3c4cccc(c4)C(=O)NCCN5CCN(CC5)C6CCC6)c2)c1Cl,7.4
2067,CHEMBL2376914,Cc1cc(NC(=O)c2cccc(c2)n3ncc4cc(Nc5ccccc5F)ccc34)ccc1N6CCOCC6,7.42
2068,CHEMBL2376922,OCCNC(=O)c1cccc(c1)n2ncc3cc(Nc4ccccc4Cl)ccc23,7.46
2069,CHEMBL2376906,Clc1ccccc1Nc2ccc3c(cnn3c4ccc(cc4)C(=O)NCCCN5CCOCC5)c2,7.48
2070,CHEMBL2376913,Cc1cc(NC(=O)c2cccc(c2)n3ncc4cc(Nc5ccccc5Cl)ccc34)ccc1N6CCOCC6,7.5
2090,CHEMBL2425655,CS(=O)(=O)N[C@@H]1CC[C@H](CC1)Nc2nccc(n2)n3nnc4ccccc34,6.94
2097,CHEMBL3099964,Cc1ncn(n1)c2ccc(Nc3cc(ccn3)c4nocc4c5cc[nH]n5)cc2,6.23
2099,CHEMBL3100086,Cc1ncn(n1)c2ccc(Nc3cc(ccn3)c4nocc4c5c(C)n[nH]c5C)cc2,6.73
2101,CHEMBL3100084,Cc1ncn(n1)c2ccc(Nc3cc(ccn3)c4nocc4c5cnn(C)c5)cc2,7.28
2102,CHEMBL3100083,C1CN(CCO1)c2ccc(Nc3cc(ccn3)c4nocc4C5CC5)cc2,7.13
2104,CHEMBL3099976,Cc1conc1c2ccnc(Nc3ccc(cc3)n4cnc(C)n4)c2,6.36
2106,CHEMBL3099974,CN(C)CCNc1onc(c2ccnc(Nc3ccc(cc3)N4CCOCC4)c2)c1c5ccc(F)cc5,6.67
2107,CHEMBL3099970,Fc1ccc(cc1)c2c(onc2c3ccnc(Nc4ccc(cc4)N5CCOCC5)c3)N6CCOCC6,6.28
2108,CHEMBL3099971,CN(C)c1onc(c2ccnc(Nc3ccc(cc3)N4CCOCC4)c2)c1c5ccc(F)cc5,6.44
2109,CHEMBL3099968,Cc1onc(c2ccnc(Nc3ccc(cc3)N4CCOCC4)c2)c1c5ccc(F)cc5,7.5
2110,CHEMBL3099969,Fc1ccc(cc1)c2c(onc2c3ccnc(Nc4ccc(cc4)N5CCOCC5)c3)C#N,6.9
2111,CHEMBL3099973,Fc1ccc(cc1)c2c(NCc3ccccc3)onc2c4ccnc(Nc5ccc(cc5)N6CCOCC6)c4,6.87
2114,CHEMBL3099967,Fc1ccc(cc1)c2c(onc2c3ccnc(Nc4ccc(cc4)N5CCOCC5)c3)C6CC6,7.16
2118,CHEMBL3220465,CNC(=O)c1ccccc1Nc2cc(Nc3ccc(cc3OC)N4CCOCC4)ncc2F,6.5
2119,CHEMBL3220466,CNC(=O)c1ccccc1Nc2cc(Nc3ccc(cc3OC)N4CCOCC4)ncc2Cl,7.08
2120,CHEMBL3220467,CNC(=O)c1ccccc1Nc2cc(Nc3ccc(cc3OC)N4CCOCC4)ncc2Br,7.17
2121,CHEMBL3040440,CNC(=O)c1ccccc1Nc2cc(Nc3ccc(cc3OC)N4CCOCC4)ncc2C(F)(F)F,6.8
2122,CHEMBL3220468,CNC(=O)c1ccccc1Nc2cc(Nc3ccc(cc3OC)N4CCOCC4)ncc2C#N,6.29
2123,CHEMBL3220469,CNC(=O)c1ccccc1Nc2cc(Nc3ccc(cc3)N4CCOCC4)ncc2C(F)(F)F,7.22
2124,CHEMBL3220470,CNC(=O)c1ccccc1Nc2cc(Nc3ccc(cc3)C(=O)N(C)C)ncc2C(F)(F)F,6.49
2125,CHEMBL3220471,CNC(=O)c1ccccc1Nc2cc(Nc3ccc(cc3)n4ccnn4)ncc2C(F)(F)F,6.66
2126,CHEMBL3220472,CNC(=O)c1ccccc1Nc2cc(Nc3ccc(cc3)n4nc(C)nc4C)ncc2C(F)(F)F,6.43
2127,CHEMBL3220473,CNC(=O)c1ccccc1Nc2cc(Nc3ccc(cc3F)N4CCOCC4)ncc2C(F)(F)F,6.17
2128,CHEMBL3220474,CNC(=O)c1ccccc1Nc2cc(Nc3ccc4OCOc4c3)ncc2C(F)(F)F,6.49
2129,CHEMBL3220475,CNC(=O)c1ccccc1Nc2cc(Nc3ccc4ccccc4c3)ncc2C(F)(F)F,6.38
2130,CHEMBL3220476,CNC(=O)c1ccccc1Nc2cc(Nc3cc(OC)c(OC)c(OC)c3)ncc2C(F)(F)F,6.14
2131,CHEMBL3220477,CNC(=O)c1ccccc1Nc2cc(Nc3ccc(N4CCOCC4)c(C)c3)ncc2C(F)(F)F,6.76
2132,CHEMBL3220478,CNC(=O)c1ccccc1Nc2ccnc(Nc3ccc(cc3)N4CCOCC4)c2,5.51
2133,CHEMBL3220479,NC(=O)c1ccccc1Nc2ccnc(Nc3ccc(cc3)N4CCOCC4)c2,6.8
2135,CHEMBL3220481,O=C(Nc1ccccc1)c2ccccc2Nc3ccnc(Nc4ccc(cc4)N5CCOCC5)c3,4.92
2137,CHEMBL3220483,COc1cc(Nc2cc(Nc3ccccc3C(=O)N)ccn2)ccc1N4CCOCC4,6.88
2138,CHEMBL3220484,COc1cc(ccc1Nc2cc(Nc3ccccc3C(=O)N)ccn2)N4CCOCC4,6.43
2139,CHEMBL3220485,CN(C)C(=O)c1ccc(Nc2cc(Nc3ccccc3C(=O)N)ccn2)cc1,6.49
2140,CHEMBL3220486,NC(=O)c1ccccc1Nc2ccnc(Nc3ccc(cc3)n4ccnn4)c2,6.66
2141,CHEMBL3220487,Cc1nc(C)n(n1)c2ccc(Nc3cc(Nc4ccccc4C(=O)N)ccn3)cc2,6.43
2142,CHEMBL3220488,NC(=O)c1ccccc1Nc2ccnc(Nc3ccc(cc3F)N4CCOCC4)c2,6.17
2143,CHEMBL3220489,NC(=O)c1ccccc1Nc2ccnc(Nc3ccc4OCOc4c3)c2,6.49
2144,CHEMBL3220490,NC(=O)c1ccccc1Nc2ccnc(Nc3ccc4ccccc4c3)c2,6.38
2145,CHEMBL3220491,COc1cc(Nc2cc(Nc3ccccc3C(=O)N)ccn2)cc(OC)c1OC,6.14
2146,CHEMBL3220492,Cc1cc(Nc2cc(Nc3ccccc3C(=O)N)ccn2)ccc1N4CCOCC4,6.76
2158,CHEMBL3220503,COc1cc(ccc1Nc2cc(Nc3ccccc3C(=O)N(C)C)c(cn2)C(F)(F)F)N4CCOCC4,6.0
2159,CHEMBL3220504,O=C1NCc2cccc(Nc3ccnc(Nc4ccc(cc4)N5CCOCC5)c3)c12,5.75
2167,CHEMBL3356010,N[C@@H]1CC[C@H](CC1)Nc2nccc(n2)c3cccnc3Oc4ccc(NS(=O)(=O)c5ccccc5Cl)c6ccccc46,6.4
2168,CHEMBL3356009,Cc1ccc2c(NS(=O)(=O)c3ccccc3Cl)cccc2c1Oc4ncccc4c5ccnc(N[C@H]6CCCNC6)n5,5.6
2169,CHEMBL3356008,Cc1ccc2c(NS(=O)(=O)c3ccccc3Cl)cccc2c1Oc4ncccc4c5ccnc(N[C@@H]6CC[C@@H](N)CC6)n5,6.27
2170,CHEMBL3356007,Cc1cc(NS(=O)(=O)c2ccccc2Cl)c3ccccc3c1Oc4ncccc4c5ccnc(N[C@@H]6CC[C@@H](N)CC6)n5,5.8
2171,CHEMBL3356006,Cc1cc(NS(=O)(=O)c2ccccc2C#N)c3ccccc3c1Oc4ncccc4c5ccnc(N[C@@H]6CC[C@@H](N)CC6)n5,6.4
2172,CHEMBL3356005,COc1ccccc1S(=O)(=O)Nc2cc(C)c(Oc3ncccc3c4ccnc(N[C@@H]5CC[C@@H](N)CC5)n4)c6ccccc26,5.92
2173,CHEMBL3356004,Cc1cc(NS(=O)(=O)c2ccccc2)c3ccccc3c1Oc4ncccc4c5ccnc(N[C@@H]6CC[C@@H](N)CC6)n5,5.66
2179,CHEMBL3355998,C1CNC[C@H](C1)Nc2nccc(n2)c3cccnc3Oc4ccc(Nc5nc6ccccc6[nH]5)c7ccccc47,7.51
2183,CHEMBL3355994,CC(C)CCNc1nccc(n1)c2cccnc2Oc3ccc(Nc4nc5ccccc5[nH]4)c6ccccc36,7.5
2184,CHEMBL3355993,CN(C)CCNc1nccc(n1)c2cccnc2Oc3c(C)cc(Nc4nc5ccccc5[nH]4)c6ccccc36,6.15
2185,CHEMBL3355992,CN(C)CCNc1nccc(n1)c2cccnc2Oc3ccc(Nc4nc5ccccc5[nH]4)c6ccccc36,6.46
2188,CHEMBL3310138,Nc1onc(c2ccc(F)cc2)c1c3ccncn3,5.66
2189,CHEMBL3310142,Fc1ccc(cc1)c2noc(NC(=O)Cc3c(F)cccc3Cl)c2c4ccncn4,6.24
2190,CHEMBL3355174,CC(C)n1cc(NC(=O)c2cccc(c2)n3cc(NC(=O)Nc4ccccc4Cl)cn3)cn1,6.94
2191,CHEMBL3355173,Cn1cnc(NC(=O)c2cccc(c2)n3cc(NC(=O)Nc4ccccc4Cl)cn3)n1,6.23
2192,CHEMBL3355172,Cc1nn(C)cc1NC(=O)c2cccc(c2)n3cc(NC(=O)Nc4ccccc4Cl)cn3,6.94
2193,CHEMBL3355171,Cn1nccc1NC(=O)c2cccc(c2)n3cc(NC(=O)Nc4ccccc4Cl)cn3,6.79
2194,CHEMBL3355170,Cn1ccc(NC(=O)c2cccc(c2)n3cc(NC(=O)Nc4ccccc4Cl)cn3)n1,6.69
2195,CHEMBL3355169,Cn1cc(NC(=O)c2cccc(c2)n3cc(NC(=O)Nc4ccccc4Cl)cn3)cn1,6.88
2196,CHEMBL3355168,Cc1ccc(CNC(=O)c2cccc(c2)n3cc(NC(=O)Nc4ccccc4Cl)cn3)cn1,6.51
2197,CHEMBL3355167,Cc1ncc(NC(=O)c2cccc(c2)n3cc(NC(=O)Nc4ccccc4Cl)cn3)cn1,7.21
2198,CHEMBL3355166,Cc1cc(NC(=O)c2cccc(c2)n3cc(NC(=O)Nc4ccccc4Cl)cn3)cc(C)n1,6.89
2199,CHEMBL3355165,Cc1cc(NC(=O)c2cccc(c2)n3cc(NC(=O)Nc4ccccc4Cl)cn3)ccn1,7.01
2200,CHEMBL3355164,Cc1ccc(NC(=O)c2cccc(c2)n3cc(NC(=O)Nc4ccccc4Cl)cn3)nc1,5.29
2201,CHEMBL3355162,Cc1ccc(NC(=O)c2cccc(c2)n3cc(NC(=O)Nc4ccccc4Cl)cn3)c(C)n1,6.85
2202,CHEMBL3355161,Cc1ncccc1NC(=O)c2cccc(c2)n3cc(NC(=O)Nc4ccccc4Cl)cn3,6.85
2203,CHEMBL3355160,Cc1cncc(NC(=O)c2cccc(c2)n3cc(NC(=O)Nc4ccccc4Cl)cn3)c1,6.93
2204,CHEMBL3355159,Cc1ccc(NC(=O)c2cccc(c2F)n3cc(NC(=O)Nc4ccccc4Cl)cn3)cn1,6.64
2205,CHEMBL3355158,Cc1ccc(NC(=O)c2cc(ccc2F)n3cc(NC(=O)Nc4ccccc4Cl)cn3)cn1,7.15
2206,CHEMBL3355157,Cc1ccc(NC(=O)c2cc(F)cc(c2)n3cc(NC(=O)Nc4ccccc4Cl)cn3)cn1,5.34
2207,CHEMBL3355156,Cc1ccc(NC(=O)c2ccc(F)c(c2)n3cc(NC(=O)Nc4ccccc4Cl)cn3)cn1,7.1
2208,CHEMBL3355153,CN(C(=O)Nc1cnn(c1)c2cccc(c2)C(=O)Nc3ccc(C)nc3)c4ccccc4Cl,5.51
2209,CHEMBL3355151,Cc1ccc(NC(=O)c2cccc(c2)n3cc(NC(=O)Nc4ccc(F)cc4)cn3)cn1,6.79
2210,CHEMBL3355150,Cc1ccc(NC(=O)c2cccc(c2)n3cc(NC(=O)Nc4cccc(F)c4)cn3)cn1,6.86
2211,CHEMBL3355149,Cc1ccc(NC(=O)c2cccc(c2)n3cc(NC(=O)Nc4ccccc4F)cn3)cn1,6.5
2212,CHEMBL3355148,Cc1ccc(NC(=O)c2cccc(c2)n3cc(NC(=O)Nc4ccc(Cl)cc4)cn3)cn1,5.74
2213,CHEMBL3355147,Cc1ccc(NC(=O)c2cccc(c2)n3cc(NC(=O)Nc4cccc(Cl)c4)cn3)cn1,6.23
2214,CHEMBL3355146,Cc1ccc(NC(=O)c2cccc(c2)n3cc(NC(=O)Nc4ccccc4Cl)cn3)cn1,7.42
2215,CHEMBL3355145,Cc1ccc(NC(=O)c2cccc(c2)n3cc(NC(=O)Nc4ccccc4)cn3)cn1,6.94
2216,CHEMBL3352845,CN(C)CCn1cc(NC(=O)c2cccc(c2)n3cc(NC(=O)Nc4ccccc4Cl)cn3)cn1,7.47
2221,CHEMBL3355179,CCN(CC)CCNC(=O)c1cccc(c1)n2cc(NC(=O)Nc3ccccc3Cl)cn2,6.86
2222,CHEMBL3355180,Clc1ccccc1NC(=O)Nc2cnn(c2)c3cccc(c3)C(=O)NCCCN4CCCC4,7.0
2223,CHEMBL3355181,Clc1ccccc1NC(=O)Nc2cnn(c2)c3cccc(c3)C(=O)NCC4CCNCC4,6.69
2224,CHEMBL3355182,CN1CCC(CNC(=O)c2cccc(c2)n3cc(NC(=O)Nc4ccccc4Cl)cn3)CC1,6.77
2225,CHEMBL3355183,Clc1ccccc1NC(=O)Nc2cnn(c2)c3cccc(c3)C(=O)NC4CNC4,7.47
2242,CHEMBL2144409,Cc1ccc(cn1)c2ncn(n2)c3ccc(Nc4nccc(n4)c5cccc(c5)N6CCOCC6)cc3,6.8
2247,CHEMBL3393601,O\N=C/1\c2ccccc2c3nc4ccccc4nc13,7.0
2248,CHEMBL3393602,O=C(O\N=C/1\c2ccccc2c3nc4ccccc4nc13)c5occc5,7.18
2249,CHEMBL3393603,COc1ccc(cc1OC)C(=O)O\N=C/2\c3ccccc3c4nc5ccccc5nc24,7.19
2251,CHEMBL3393606,CN(C)C\C=C\C(=O)Nc1ccc(cc1)C(=O)Nc2cccc(Nc3nccc(n3)c4cccnc4)c2,6.15
2260,CHEMBL3393605,CN(C)C\C=C\C(=O)Nc1ccc(cc1)C(=O)Nc2ccc(C)c(Nc3nccc(n3)c4cccnc4)c2,5.11
2264,CHEMBL3394097,CC(=O)CSc1nc(c2ccc(F)cc2)c(c3ccnc(NC(=O)C)c3)n1C,6.59
2265,CHEMBL3394094,COC(=O)CSc1nc(c2ccc(F)cc2)c(c3ccnc(NC(=O)C)c3)n1C,6.7
2266,CHEMBL3394095,CN(C)C(=O)CSc1nc(c2ccc(F)cc2)c(c3ccnc(NC(=O)C)c3)n1C,5.93
2267,CHEMBL3394096,CC(=O)Nc1cc(ccn1)c2c(nc(SCC(=O)O)n2C)c3ccc(F)cc3,6.58
2268,CHEMBL3394098,CC(=O)Nc1cc(ccn1)c2c(nc(SCCC(=O)O)n2C)c3ccc(F)cc3,7.04
2269,CHEMBL3394099,COC(Cn1c(SCCC(=O)O)nc(c2ccc(F)cc2)c1c3ccnc(NC(=O)C)c3)OC,6.57
2270,CHEMBL3394100,CC(=O)Nc1cc(ccn1)c2c(nc(S\C=C/C(=O)O)n2C)c3ccc(F)cc3,7.26
2271,CHEMBL3394101,COC(Cn1c(S\C=C/C(=O)O)nc(c2ccc(F)cc2)c1c3ccnc(NC(=O)C)c3)OC,7.48
2272,CHEMBL3394102,CC(=O)Nc1cc(ccn1)c2c(nc(S\C=C/C(=O)O)n2C3CC3)c4ccc(F)cc4,7.09
2273,CHEMBL3394103,CC(=O)Nc1cc(ccn1)c2c(nc(S\C=C/C(=O)O)n2C3CCC3)c4ccc(F)cc4,7.33
2274,CHEMBL3394104,CC(=O)Nc1cc(ccn1)c2c(nc(S\C=C/C(=O)O)n2C3CCCC3)c4ccc(F)cc4,7.35
2275,CHEMBL3394105,CC(=O)Nc1cc(ccn1)c2c(nc(S\C=C/C(=O)O)n2C3CCCCC3)c4ccc(F)cc4,6.88
2278,CHEMBL3394108,CC(=O)Nc1cc(ccn1)c2c(nc(S\C=C/C(=O)O)n2CC3CCCO3)c4ccc(F)cc4,7.46
2279,CHEMBL3394109,CC(=O)Nc1cc(ccn1)c2c(nc(S\C=C/C(=O)O)n2CC(O)CO)c3ccc(F)cc3,6.65
2280,CHEMBL3394110,CC(=O)Nc1cc(ccn1)c2c(nc(SC3CCC(CC3O)C(=O)O)n2C4CCCCC4)c5ccc(F)cc5,7.1
2281,CHEMBL3394111,CC(=O)Nc1cc(ccn1)c2c(nc(SC3CCC(CC3O)C(=O)O)n2C)c4ccc(F)cc4,6.75
2282,CHEMBL3394112,COC(Cn1c(SC2CCC(CC2O)C(=O)O)nc(c3ccc(F)cc3)c1c4ccnc(NC(=O)C)c4)OC,5.7
2283,CHEMBL3394113,CC(=O)Nc1cc(ccn1)c2c(nc(SC3CCC(CC3O)C(=O)O)n2CC4CCCO4)c5ccc(F)cc5,5.58
2284,CHEMBL3394114,CCOC(=O)\C=C\Sc1nc(c2ccc(F)cc2)c(c3ccnc(NC(=O)C)c3)n1C4CC4,6.17
2285,CHEMBL3394115,CCOC(=O)\C=C\Sc1nc(c2ccc(F)cc2)c(c3ccnc(NC(=O)C)c3)n1CC(OC)OC,5.66
2286,CHEMBL3394116,CCOC(=O)\C=C\Sc1nc(c2ccc(F)cc2)c(c3ccnc(NC(=O)C)c3)n1CC4CC4,5.92
2287,CHEMBL3394117,CC(=O)Nc1cc(ccn1)c2c(nc(S\C=C\C(=O)O)n2CC3CC3)c4ccc(F)cc4,6.77
2288,CHEMBL3394118,CC(=O)Nc1cc(ccn1)c2c(nc(Sc3cccc(I)n3)n2C4CCCCC4)c5ccc(F)cc5,5.82
2289,CHEMBL3394093,COC(Cn1c(SCC#N)nc(c2ccc(F)cc2)c1c3ccnc(F)c3)OC,5.38
2290,CHEMBL3394119,COC(Cn1c(SCC#N)nc(c2ccc(F)cc2)c1c3ccnc(NC4CC4)c3)OC,7.1
2293,CHEMBL3394122,CCNC(=O)N1CCC(CC1)Nc2cc(ccn2)c3c(nc(S\C=C/C(=O)O)n3C)c4ccc(F)cc4,7.22
2294,CHEMBL3394123,OC(=O)\C=C/Sc1nc(c2ccc(F)cc2)c(c3ccnc(Nc4ccccc4)c3)n1CC5CC5,7.27
2295,CHEMBL3394124,OC(=O)\C=C\Sc1nc(c2ccc(F)cc2)c(c3ccnc(Nc4ccccc4)c3)n1CC5CC5,6.67
2297,CHEMBL3394126,CCOC(=O)\C=C/Sc1nc(c2ccc(F)cc2)c([nH]1)c3ccnc(Nc4ccccc4)c3,7.1
2303,CHEMBL3393333,FC1(F)CCN(C1)c2cc(cc(Nc3cc(ccn3)C#N)n2)C4CCN(CC4)C5COC5,6.44
2305,CHEMBL3393595,CN(C)c1ccc(cc1)c2cnc3[nH]cc(c4cn[nH]c4)c3c2,7.5
2306,CHEMBL3393596,Cn1cc(cn1)c2c[nH]c3ncc(cc23)[C@@H]4CC[C@H](CC4)N5CCOCC5,7.07
2307,CHEMBL3393597,Cn1cc(cn1)c2c[nH]c3ncc(cc23)[C@@H]4CC[C@H](CC4)N5CCCOCC5,6.89
2310,CHEMBL3393598,Clc1ccccc1Nc2ccc3c(cnn3c4cccc(c4)C(=O)NCCN5CCN(CC5)C6CCC6)c2,7.4
2347,CHEMBL1951346,CC(C)NC(=O)c1cccc(NC(=O)Nc2ccc(cc2)c3ncnc4[nH]cc(C)c34)c1,5.11
2362,CHEMBL3422092,OC1C[C@@H]2CC[C@@H](C1)N2c3ccc(cc3)c4n[nH]c5ccc(cc45)C(=O)N[C@H](C6CC6)c7ccccn7,7.17
2382,CHEMBL3577878,CC(C)NC(=O)N[C@@H]1CC[C@H](CC1)Nc2ncc3C=CC(=O)N(C4CCOCC4)c3n2,6.69
2384,CHEMBL3577876,CC(C)NC(=O)N[C@@H]1CC[C@H](CC1)Nc2ncc3C=CC(=O)N(C)c3n2,6.62
2385,CHEMBL3577875,CC(C)NC(=O)N[C@@H]1CC[C@H](CC1)Nc2ncc3C=CC(=O)Nc3n2,5.66
2387,CHEMBL3577873,CCNC(=O)N1CCC(CC1)Nc2ncc3C=CC(=O)N(C(C)C)c3n2,7.27
2388,CHEMBL3577872,CC(C)N1C(=O)C=Cc2cnc(NC3CCN(CC3)C(=O)C(C)C)nc12,6.79
2389,CHEMBL3577871,CCNC(=O)N[C@@H]1CC[C@@H](CC1)Nc2ncc3C=CC(=O)N(C(C)C)c3n2,7.43
2390,CHEMBL3577870,CC(C)N1C(=O)C=Cc2cnc(N[C@@H]3CC[C@@H](CC3)NC(=O)C(C)C)nc12,6.49
2391,CHEMBL3577869,CC(C)N1C(=O)C=Cc2cnc(N[C@@H]3CC[C@H](CC3)NC(=O)NC4CCCC4)nc12,7.09
2393,CHEMBL3577867,CCNC(=O)N[C@@H]1CC[C@H](CC1)Nc2ncc3C=CC(=O)N(C(C)C)c3n2,7.24
2394,CHEMBL3577866,CC(C)N1C(=O)C=Cc2cnc(N[C@@H]3CC[C@H](CC3)NC(=O)C(C)C)nc12,7.51
2395,CHEMBL3577865,CC(C)N1C(=O)C=Cc2cnc(N[C@@H]3CC[C@@H](N)CC3)nc12,6.7
2396,CHEMBL3577862,CC(C)N1C(=O)C=Cc2cnc(NC3CCOCC3)nc12,6.27
2399,CHEMBL3577859,CC(C)N1C(=O)C=Cc2cnc(nc12)N3CCC(CO)CC3,5.48
2402,CHEMBL3577856,O[C@@H]1CC[C@H](CC1)Nc2ncc3ccc(nc3n2)C4CC4,6.07
2403,CHEMBL3577855,CC(C)N1C(=O)C=Cc2cnc(N[C@@H]3CC[C@@H](O)CC3)nc12,7.24
2405,CHEMBL3593777,NC(=O)c1cnc2[nH]ccc2c1N[C@@H]3CCN(C[C@@H]3F)c4ccc(cn4)C#N,6.25
2409,CHEMBL3629013,N#Cc1ccnc(Nc2cc(C3CCN(CC3)C4COC4)n(n2)C5CCCC5)c1,5.68
