,molecule_chembl_id,canonical_smiles,pchembl_value
0,CHEMBL608533,CO[C@@H]1[C@@H](C[C@H]2O[C@]1(C)n3c4ccccc4c5c6CNC(=O)c6c7c8ccccc8n2c7c35)N(C)C(=O)c9ccccc9,7.68
1,CHEMBL3648447,Cc1sc(cc1c2cnc3cccnn23)C(=O)NC4[C@H](N)CCCC4(F)F,7.7
2,CHEMBL2207208,Cn1cc(Nc2ncc(C3CC3)c(NCCCNC(=O)C4CCC4)n2)cn1,7.7
3,CHEMBL3648449,N[C@H]1CCCC(F)(F)C1NC(=O)c2cc(cs2)c3cnc4cccnn34,7.82
4,CHEMBL509032,COc1cc(ccc1Nc2ncc(Cl)c(Nc3ccccc3S(=O)(=O)C(C)C)n2)N4CCC(CC4)N5CCN(C)CC5,7.92
5,CHEMBL2207198,O=C(NCCCNc1nc(Nc2ccc(cc2)N3CCOCC3)ncc1C4CC4)C5CCC5,7.92
6,CHEMBL388978,CN[C@@H]1C[C@H]2O[C@@](C)([C@@H]1OC)n3c4ccccc4c5c6CNC(=O)c6c7c8ccccc8n2c7c35,8.52
7,CHEMBL3648448,N[C@@H]1CCCC(F)(F)C1NC(=O)c2cc(cs2)c3cnc4cc(cnn34)c5ccc(F)cc5,9.3
