,molecule_chembl_id,canonical_smiles,pchembl_value
0,nintedanib,COC(=O)c1ccc2\C(=C(\Nc3ccc(cc3)N(C)C(=O)CN4CCN(C)CC4)/c5ccccc5)\C(=O)Nc2c1,8.31
1,CHEMBL3684268,CC(=O)c1cnc2ccc(cc2c1N[C@@H]3CC[C@H](CC3)NC(=O)[C@@H](N)C(C)(C)C)c4cc(F)c(O)c(Cl)c4,7.55
2,CHEMBL3688384,CN(C)C1CCN(C1)c2ccc(Nc3c(cnc4ccc(nc34)c5cc(F)c(O)c(Cl)c5)C(=O)C)cn2,7.57
3,CHEMBL3674204,CN(C)[C@@H]1CC[C@H](CC1)Nc2c(cnc3cc(F)c(cc23)c4cc(F)c(O)c(Cl)c4)C(=O)C5CC5,7.57
4,CHEMBL3679266,COc1cc(cc(Cl)c1O)c2ccc3ncc(C(=O)C(C)C)c(Nc4ccc(CN(C)C)cc4)c3c2,7.57
5,CHEMBL3684159,CN(C)CCc1cccc(Nc2c(cnc3ccc(cc23)c4cc(F)c(O)c(F)c4)C(=O)C5CC5)c1,7.59
6,CHEMBL3674165,COc1cc(ccc1O)c2ccc3ncc(C(=O)C4CC4)c(NC5CCN(C)CC5)c3c2,7.59
7,CHEMBL603469,C[C@]12O[C@H](C[C@]1(O)CO)n3c4ccccc4c5c6C(=O)NCc6c7c8ccccc8n2c7c35,7.59
8,CHEMBL3674245,CN1CCN(CC1)C(=O)CNc2c(cnc3ccc(cc23)c4cc(F)c(O)c(Cl)c4)C(=O)C5CC5,7.6
9,CHEMBL3679173,CN1CCN(CC1)c2c(cnc3ccc(cc23)c4cc(F)c(O)c(Cl)c4)C(=O)C5CC5,7.6
10,CHEMBL3824157,CN1CCN(CC1)c2ccc(cc2)n3cc(cn3)c4ccncc4OCc5ccncc5,7.6
11,CHEMBL3679295,OC1CCN(C1)c2ccc(Nc3c(cnc4ccc(cc34)c5cc(F)c(O)c(Cl)c5)C(=O)C6CC6)cn2,7.6
12,CHEMBL3679254,COC1CCN(C[C@@H]2CC[C@H](CC2)Nc3c(cnc4ccc(cc34)c5cc(F)c(O)c(Cl)c5)C(=O)C6CC6)C1,7.62
13,CHEMBL3679290,Oc1c(Cl)cc(cc1Cl)c2ccc3ncc(C(=O)C4CC4)c(Nc5ccc(NC6CCNC6)nc5)c3c2,7.62
14,CHEMBL3674179,CC(C)C(=O)c1cnc2ccc(cc2c1N[C@@H]3CC[C@@H](N)CC3)c4ccc(O)c(Cl)c4,7.64
15,CHEMBL3674323,CN1CCN(CC1)c2ccc(Nc3c(cnc4ccc(cc34)c5cc(Cl)c(O)c(Cl)c5)C(=O)C6CC6)cn2,7.64
16,CHEMBL3639730,N[C@@H]1CC[C@H](CC1)Nc2c(cnc3ccc(cc23)c4cc(F)c(O)c(F)c4)C(=O)C5CC5,7.64
17,CHEMBL3684272,CN(C)C[C@@H]1CC[C@H](CC1)Nc2c(cnc3ccc(cc23)c4cc(Cl)c(O)c(Cl)c4)C(=O)C(C)(C)C,7.66
18,CHEMBL3674296,CN1CCCC1c2ccc(Nc3c(cnc4ccc(cc34)c5cc(Cl)c(O)c(Cl)c5)C(=O)C6CC6)nc2,7.66
19,CHEMBL3684252,CC(=O)c1cnc2ccc(cc2c1Nc3cc(CCN4CCCC4)cnc3C)c5cc(Cl)c(O)c(Cl)c5,7.68
20,CHEMBL3674222,CCN(CC)C1CCC(CC1)Nc2c(cnc3ccc(cc23)c4ccc(O)c(Cl)c4)C(=O)C,7.68
21,CHEMBL3674197,CN1CCC(CNc2c(cnc3ccc(cc23)c4cc(F)c(O)c(Cl)c4)C(=O)C5CC5)CC1,7.68
22,CHEMBL3684141,CN1CCN(CC1)c2ccc(Nc3c(cnc4ccc(cc34)c5cc(F)c(O)c(F)c5)C(=O)C6CC6)cn2,7.68
23,CHEMBL3639780,COc1cc(cc(Cl)c1O)c2cc3c(Nc4ccc(nc4)N5CCNCC5)c(cnc3cc2F)C(=O)C6CC6,7.68
24,CHEMBL3674154,N[C@@H]1CC[C@H](CC1)Nc2c(cnc3ccc(cc23)c4ccc(O)cc4)C(=O)C5CC5,7.68
25,CHEMBL3674214,CC(C)C(=O)c1cnc2ccc(cc2c1N3CCC(CN4CCCC4)CC3)c5ccc(O)c(Cl)c5,7.7
26,CHEMBL3679371,CCC(=O)c1cnc2ccc(cc2c1N[C@@H]3CC[C@H](CC3)N(C)C)c4cc(Cl)c(O)c(Cl)c4,7.7
27,CHEMBL3679177,CCCC(=O)c1cnc2ccc(cc2c1Nc3ccc(CN(C)C)cc3)c4cc(Cl)c(O)c(OC)c4,7.7
28,CHEMBL3679185,CN(C)Cc1ccc(Nc2c(cnc3cc(F)c(cc23)c4cc(Cl)c(O)c(Cl)c4)C(=O)C5CC5)cc1,7.7
29,CHEMBL3355065,CNc1cc2ccc(cc2cn1)C#CCOc3ccc(CN4CCNCC4)c(c3)C(F)(F)F,7.7
30,CHEMBL3674314,Oc1c(Cl)cc(cc1Cl)c2ccc3ncc(C(=O)C4CC4)c(Nc5ccc(CN6CCOCC6)cc5)c3c2,7.7
31,CHEMBL3684279,CC(=O)c1cnc2cc(F)c(cc2c1N[C@@H]3CC[C@@H](CN4CCCC4)CC3)c5cc(F)c(O)c(Cl)c5,7.72
32,CHEMBL3679183,CC(=O)c1cnc2ccc(cc2c1Nc3ccc(cc3)C(=O)N)c4cc(Cl)c(O)c(Cl)c4,7.72
33,CHEMBL3674240,CCN(CC)C1CCC(CC1)Nc2c(cnc3ccc(cc23)c4ccc(O)c(Cl)c4)C(=O)C5CCCC5,7.72
34,CHEMBL3688358,CN(C)CCOc1ccc(Nc2c(cnc3ccc(nc23)c4cc(F)c(O)c(Cl)c4)S(=O)(=O)C)cn1,7.72
35,CHEMBL3684187,CN1CCN(CCc2cccc(Nc3c(cnc4ccc(cc34)c5cc(F)c(O)c(Cl)c5)C(=O)C)c2)CC1,7.72
36,CHEMBL3674260,CN1CCN(Cc2ccc(Nc3c(cnc4ccc(cc34)c5ccc(O)c(Cl)c5)C(=O)C6CC6)cc2)CC1,7.72
37,CHEMBL3674280,COc1cc(cc(Cl)c1O)c2ccc3ncc(C(=O)C4CC4)c(Nc5ccc(CN(C)C)cn5)c3c2,7.72
38,CHEMBL3674339,Oc1c(F)cc(cc1Cl)c2ccc3ncc(C(=O)C4CC4)c(Nc5ccc(Cn6ccnc6)cc5)c3c2,7.72
39,CHEMBL3684237,Oc1c(F)cc(cc1Cl)c2ccc3ncc(C(=O)C4CC4)c(Nc5cncc(CCN6CCCC6)c5)c3c2,7.72
40,CHEMBL3684210,CN(C)C1CCN(C1)c2ccc(Nc3c(cnc4ccc(cc34)c5cc(F)c(O)c(Cl)c5)C(=O)C)cn2,7.75
41,CHEMBL3684206,CN1CCN(CC1)C(=O)C2CCC(CC2)Nc3c(cnc4ccc(cc34)c5cc(F)c(O)c(Cl)c5)C(=O)C,7.75
42,CHEMBL3679306,CN1CCN(Cc2ccc(Nc3c(cnc4ccc(cc34)c5cc(Cl)c(O)c(Cl)c5)C(=O)C6CC6)cn2)CC1,7.75
43,CHEMBL3679182,COc1cc(cc(Cl)c1O)c2ccc3ncc(C(=O)C)c(Nc4ccc(cc4)C(=O)N)c3c2,7.75
44,CHEMBL3674289,COc1cc(cc(Cl)c1O)c2ccc3ncc(C(=O)C4CC4)c(c5ccc(cc5)N6CCN(C)CC6)c3c2,7.75
45,CHEMBL3684278,COc1cc(cc(Cl)c1O)c2ccc3ncc(C(=O)C4CCCC4)c(Nc5cccc(CCN6CCCC6)c5)c3c2,7.75
46,CHEMBL3674158,N[C@@H]1CC[C@H](CC1)Nc2c(cnc3ccc(cc23)c4ccc5[nH]cnc5c4)C(=O)C6CC6,7.75
47,CHEMBL3674301,Oc1c(Cl)cc(cc1Cl)c2ccc3ncc(C(=O)C4CC4)c(c5ccc(NCCN6CCOCC6)nc5)c3c2,7.75
48,CHEMBL3674177,CC(C)C(=O)c1cnc2ccc(cc2c1N[C@@H]3CC[C@@H](N)CC3)c4cc(F)c(O)c(F)c4,7.77
49,CHEMBL3679171,CCCC(=O)c1cnc2ccc(cc2c1N[C@@H]3CC[C@@H](N)CC3)c4cc(F)c(O)c(Cl)c4,7.77
50,CHEMBL3684259,CN(C)C[C@@H]1CC[C@H](CC1)Nc2c(cnc3cc(F)c(cc23)c4cc(F)c(O)c(Cl)c4)C(=O)C,7.77
51,CHEMBL3688387,CN(C)C[C@@H]1CC[C@H](CC1)Nc2c(cnc3ccc(nc23)c4ccc5[nH]cnc5c4)C(=O)C,7.77
52,CHEMBL3688374,CN(C)C[C@@H]1CC[C@H](CC1)Nc2c(cnc3ccc(nc23)c4cn[nH]c4)C(=O)C,7.77
53,CHEMBL3684284,CN1CCC(CC1)n2cc(Nc3c(cnc4ccc(cc34)c5cc(F)c(O)c(Cl)c5)C(=O)C(C)(C)C)cn2,7.77
54,CHEMBL3684185,CN1CCN(CCc2cccc(Nc3c(cnc4ccc(cc34)c5cc(F)c(O)c(Cl)c5)C(=O)C6CC6)c2)CC1,7.77
55,CHEMBL3674259,COc1cc(ccc1O)c2ccc3ncc(C(=O)C4CC4)c(Nc5ccc(CN6CCN(C)CC6)cc5)c3c2,7.77
56,CHEMBL3674358,Oc1c(Cl)cc(cc1Cl)c2ccc3ncc(C(=O)C4CC4)c(Nc5cnn(c5)C6CCNCC6)c3c2,7.77
57,CHEMBL3674178,Oc1ccc(cc1Cl)c2ccc3ncc(C(=O)C4CC4)c(NCCN5CCNCC5)c3c2,7.77
58,CHEMBL3684162,CC(=O)c1cnc2ccc(cc2c1Nc3cccc(CCN4CCCC4)c3)c5cc(F)c(O)c(Cl)c5,7.8
59,CHEMBL3679176,CCCC(=O)c1cnc2ccc(cc2c1Nc3ccc(CN(C)C)cc3)c4cc(F)c(O)c(Cl)c4,7.8
60,CHEMBL3674317,CN(C)CC1CCN(CC1)c2c(cnc3ccc(cc23)c4ccc(O)c(Cl)c4)[S+](C)[O-],7.8
61,CHEMBL3692782,CN(C)C[C@@H]1CC[C@H](CC1)Nc2c(cnc3ccc(nc23)c4ccncc4)C(=O)C,7.8
62,CHEMBL3674254,CN(C)Cc1ccc(Nc2c(cnc3ccc(cc23)c4cc(F)c(O)c(Cl)c4)S(=O)(=O)C)cc1,7.8
63,CHEMBL3684229,CN1CCCC1C(=O)N[C@@H]2CC[C@H](CC2)Nc3c(cnc4ccc(cc34)c5cc(F)c(O)c(Cl)c5)C(=O)C,7.8
64,CHEMBL3684168,COc1cc(cc(Cl)c1O)c2ccc3ncc(C(=O)C)c(N[C@@H]4CC[C@@H](CN5CCCC(N)C5)CC4)c3c2,7.8
65,CHEMBL3674334,COc1cc(cc(Cl)c1O)c2ccc3ncc(C(=O)C)c(Nc4ccc(nc4)N5CCN(C)CC5)c3c2,7.8
66,CHEMBL3679307,COc1cc(cc(Cl)c1O)c2ccc3ncc(C(=O)C4CC4)c(Nc5ccc(CN6CCN(C)CC6)nc5)c3c2,7.8
67,CHEMBL3679205,Oc1c(F)cc(cc1Cl)c2ccc3ncc(C(=O)C4CC4)c(N[C@@H]5CC[C@@H](CN6CC[C@@H](F)C6)CC5)c3c2,7.8
68,CHEMBL3679167,CC(=O)c1cnc2ccc(cc2c1N[C@@H]3CC[C@@H](N)CC3)c4cc(F)c(O)c(Cl)c4,7.82
69,CHEMBL3692817,CC(=O)c1cnc2ccc(nc2c1N[C@@H]3CC[C@@H](O)CC3)c4cc(F)c(O)c(Cl)c4,7.82
70,CHEMBL3684282,CC(N)C(=O)N[C@@H]1CC[C@H](CC1)Nc2c(cnc3ccc(cc23)c4cc(Cl)c(O)c(Cl)c4)C(=O)C(C)(C)C,7.82
71,CHEMBL3684134,CCC(=O)c1cnc2ccc(cc2c1Nc3ccc(CN(C)C)cc3)c4cc(F)c(O)c(Cl)c4,7.82
72,CHEMBL3688355,CN(C)CCOc1ccc(Nc2c(cnc3ccc(nc23)c4cc(F)c(O)c(Cl)c4)C(=O)C)cn1,7.82
73,CHEMBL3674321,COc1cc(cc(Cl)c1O)c2ccc3ncc(C(=O)C4CC4)c(Nc5ccc(nc5)N6CCN(C)CC6)c3c2,7.82
74,CHEMBL3674312,O=C(C1CC1)c2cnc3ccc(cc3c2Nc4ccc(CN5CCOCC5)cc4)c6cnc(nc6)C#N,7.82
75,CHEMBL3684222,CC(=O)c1cnc2ccc(cc2c1Nc3cnc(C)c(CCN4CCCC4)c3)c5cc(F)c(O)c(Cl)c5,7.85
76,CHEMBL3674305,CN(C)CC1CCN(CC1)c2c(cnc3ccc(cc23)c4ccc(O)c(c4)C(F)(F)F)C(=O)C5CC5,7.85
77,CHEMBL3674300,CN(C)CC1CCN(CC1)c2c(cnc3ccc(cc23)c4ccc5cc(O)ccc5c4)C(=O)C6CC6,7.85
78,CHEMBL3684128,CN(C)CCNc1ccc(Nc2c(cnc3ccc(cc23)c4cc(F)c(O)c(Cl)c4)C(=O)C)cn1,7.85
79,CHEMBL3674243,CN(C)Cc1ccc(Nc2c(cnc3ccc(cc23)c4cc(F)c(O)c(Cl)c4)C(=O)C5CCCC5)cc1,7.85
80,CHEMBL3674340,COc1cc(cc(Cl)c1O)c2ccc3ncc(C(=O)C4CC4)c(Nc5ccc(Cn6ccnc6)cc5)c3c2,7.85
81,CHEMBL3679301,COc1cc(cc(Cl)c1O)c2ccc3ncc(C(=O)C4CC4)c(Nc5ccc(NCCO)nc5)c3c2,7.85
82,CHEMBL3674287,COc1cc(cc(Cl)c1O)c2ccc3ncc(C(=O)C4CC4)c(c5ccc(CN6CCCC6)cc5)c3c2,7.85
83,CHEMBL3679220,Nc1ccc(Nc2c(cnc3ccc(cc23)c4cc(Cl)c(O)c(Cl)c4)C(=O)C5CC5)cn1,7.85
84,CHEMBL3679296,Oc1c(F)cc(cc1Cl)c2ccc3ncc(C(=O)C4CC4)c(Nc5ccc(CN6CCCC6)nc5)c3c2,7.85
85,CHEMBL3674216,CC(C)C(=O)c1cnc2ccc(cc2c1N3CCC(CN4CCCC4)CC3)c5cc(F)c(O)c(Cl)c5,7.89
86,CHEMBL3684125,CN(C)CCc1cccc(Nc2c(cnc3ccc(cc23)c4cc(F)c(O)c(Cl)c4)C(=O)C)c1,7.89
87,CHEMBL3674275,CN(C)C[C@@H]1CC[C@H](CC1)Nc2c(cnc3ccc(cc23)c4ccc(O)c(Cl)c4)S(=O)(=O)C,7.89
88,CHEMBL3692808,CN(C)C[C@@H]1CC[C@H](CC1)Nc2c(cnc3ccc(nc23)c4cnc5[nH]ccc5c4)C(=O)C,7.89
89,CHEMBL3684144,CN1CCN(C[C@@H]2CC[C@H](CC2)Nc3c(cnc4ccc(cc34)c5cc(F)c(O)c(Cl)c5)C(=O)C)CC1,7.89
90,CHEMBL3674202,COc1cc(cc(Cl)c1O)c2cc3c(N[C@@H]4CC[C@@H](N)CC4)c(cnc3cc2F)C(=O)C5CC5,7.89
91,CHEMBL3674364,COc1cc(cc(Cl)c1O)c2ccc3ncc(C(=O)C4CC4)c(N[C@@H]5CC[C@H](CN(C)CC#N)CC5)c3c2,7.89
92,CHEMBL3679283,COc1cc(cc(Cl)c1O)c2ccc3ncc(C(=O)C4CC4)c(Nc5ccc(CN6CCCC6)nc5)c3c2,7.89
93,CHEMBL3679312,COc1cc(cc(Cl)c1O)c2ccc3ncc(C(=O)C4CC4)c(Nc5ccc(nc5)N6CCC(C6)N(C)C)c3c2,7.89
94,CHEMBL3822876,Fc1ccccc1n2cc(cn2)c3ccncc3OCC4CCNCC4,7.89
95,CHEMBL3684275,CC(=O)c1cnc2ccc(cc2c1N[C@@H]3CC[C@H](CC3)NC(=O)[C@@H]4CCCN4)c5cc(F)c(O)c(Cl)c5,7.92
96,CHEMBL3692818,CC(=O)c1cnc2ccc(nc2c1N[C@@H]3CC[C@@H](O)CC3)c4cc(Cl)c(O)c(Cl)c4,7.92
97,CHEMBL3679314,CN(C)C1CCN(C1)c2ccc(Nc3c(cnc4ccc(cc34)c5cc(F)c(O)c(Cl)c5)C(=O)C6CC6)cn2,7.92
98,CHEMBL3679318,CN(C)C1CCN(Cc2ccc(Nc3c(cnc4ccc(cc34)c5cc(F)c(O)c(Cl)c5)C(=O)C6CC6)cc2)C1,7.92
99,CHEMBL3688386,CNC1CCN(C1)c2ccc(Nc3c(cnc4ccc(nc34)c5cc(F)c(O)c(Cl)c5)C(=O)C)cn2,7.92
100,CHEMBL3679293,COc1cc(cc(Cl)c1O)c2ccc3ncc(C(=O)C4CC4)c(Nc5ccc(nc5)N6CCC(O)C6)c3c2,7.92
101,CHEMBL3639830,Oc1c(F)cc(cc1Cl)c2ccc3ncc(C(=O)C4CC4)c(Nc5cccc(CCN6CCCC6)c5)c3c2,7.92
102,CHEMBL3674210,Oc1ccc(cc1OC(F)(F)F)c2ccc3ncc(C(=O)C4CC4)c(N5CCC(CN6CCCC6)CC5)c3c2,7.92
103,CHEMBL3674168,CC(C1CCN(CC1)c2c(cnc3ccc(cc23)c4cc(F)c(O)c(F)c4)C(=O)C5CC5)N(C)C,7.96
104,CHEMBL3679250,CCCC(=O)c1cnc2ccc(cc2c1Nc3ccc(nc3)N4CCNCC4)c5cc(F)c(O)c(Cl)c5,7.96
105,CHEMBL3674171,CCN(CC)C1CCC(CC1)Nc2c(cnc3ccc(cc23)c4ccc(O)c(Cl)c4)C(=O)C5CC5,7.96
106,CHEMBL3674318,CN(C)CC1CCN(CC1)c2c(cnc3ccc(cc23)c4cc(F)c(O)c(Cl)c4)[S+](C)[O-],7.96
107,CHEMBL3688370,CN(C)CCNc1ccc(Nc2c(cnc3ccc(nc23)c4cc(Cl)c(O)c(Cl)c4)C(=O)C)cn1,7.96
108,CHEMBL3684205,CN(C)CCOc1ccc(Nc2c(cnc3ccc(cc23)c4cc(F)c(O)c(Cl)c4)C(=O)C)cn1,7.96
109,CHEMBL3679338,CN(C)C[C@@H]1CC[C@H](C1)Nc2c(cnc3ccc(cc23)c4cc(F)c(O)c(Cl)c4)C(=O)C,7.96
110,CHEMBL3692812,CN(C)C[C@@H]1CC[C@H](CC1)Nc2c(cnc3ccc(nc23)c4ccc(O)nc4)C(=O)C,7.96
111,CHEMBL3674218,CN(C)[C@@H]1CC[C@@H](CNc2c(cnc3ccc(cc23)c4cc(Cl)c(O)c(Cl)c4)C(=O)C5CC5)CC1,7.96
112,CHEMBL3674322,CN1CCN(CC1)c2ccc(Nc3c(cnc4ccc(cc34)c5cc(F)c(O)c(Cl)c5)C(=O)C6CC6)cn2,7.96
113,CHEMBL3679304,COc1cc(cc(Cl)c1O)c2ccc3ncc(C(=O)C(C)C)c(Nc4ccc(nc4)N5CCNCC5)c3c2,7.96
114,CHEMBL3674213,COc1cc(cc(Cl)c1O)c2ccc3ncc(C(=O)C4CC4)c(N[C@@H]5CC[C@@H](CN(C)C)CC5)c3c2,7.96
115,CHEMBL3679204,COc1cc(cc(Cl)c1O)c2ccc3ncc(C(=O)C4CC4)c(N[C@@H]5CC[C@@H](CN6CC[C@@H](F)C6)CC5)c3c2,7.96
116,CHEMBL3679219,COc1cc(cc(Cl)c1O)c2ccc3ncc(C(=O)C4CC4)c(Nc5ccc(N)nc5)c3c2,7.96
117,CHEMBL3684234,CS(=O)(=O)c1cnc2ccc(cc2c1Nc3cccc(CCN4CCCC4)c3)c5cc(F)c(O)c(Cl)c5,7.96
118,CHEMBL3679302,OCCNc1ccc(Nc2c(cnc3ccc(cc23)c4cc(Cl)c(O)c(Cl)c4)C(=O)C5CC5)cn1,7.96
119,CHEMBL3674257,Oc1ccc(cc1Cl)c2ccc3ncc(C(=O)C4CC4)c(N5CCN(CCN6CCCC6)CC5)c3c2,7.96
120,CHEMBL3688369,CC(=O)c1cnc2ccc(nc2c1N3CCC(CCN4CCCC4)CC3)c5cc(F)c(O)c(Cl)c5,8.0
121,CHEMBL3688379,CC(=O)c1cnc2ccc(nc2c1N[C@@H]3CC[C@@H](CN4CCOCC4)CC3)c5cc(Cl)c(O)c(Cl)c5,8.0
122,CHEMBL3674174,CC(C)C(=O)c1cnc2ccc(cc2c1N[C@@H]3CC[C@@H](N)CC3)c4cc(F)c(O)c(Cl)c4,8.0
123,CHEMBL3674184,CC(C1CCN(CC1)c2c(cnc3ccc(cc23)c4ccc(O)c(Cl)c4)S(=O)(=O)C)N(C)C,8.0
124,CHEMBL3684224,CCN(CC)CCO[C@@H]1CC[C@H](CC1)Nc2c(cnc3ccc(cc23)c4cc(F)c(O)c(Cl)c4)C(=O)C,8.0
125,CHEMBL3674269,CN(C)Cc1ccc(Nc2c(cnc3ccc(cc23)c4cc(Cl)c(O)c(Cl)c4)C(=O)C5CC5)nc1,8.0
126,CHEMBL3679164,CN(CC#N)C[C@@H]1CC[C@@H](CC1)Nc2c(cnc3ccc(cc23)c4cc(F)c(O)c(Cl)c4)C(=O)C5CC5,8.0
127,CHEMBL3674338,CN1CCN(CC1)c2ccc(Nc3c(cnc4ccc(cc34)c5cc(F)c(O)c(Cl)c5)C(=O)C)cn2,8.0
128,CHEMBL3688359,COc1cc(cc(Cl)c1O)c2ccc3ncc(c(Nc4ccc(OCCN(C)C)nc4)c3n2)S(=O)(=O)C,8.0
129,CHEMBL3679195,Oc1c(Cl)cc(cc1Cl)c2cc3c(Nc4ccc(nc4)N5CCNCC5)c(cnc3cc2F)C(=O)C6CC6,8.0
130,CHEMBL3679248,Oc1c(F)cc(cc1Cl)c2ccc3ncc(C(=O)C4CC4)c(N[C@H]5C[C@H]6CC[C@@H](C5)N6)c3c2,8.0
131,CHEMBL3679291,Oc1c(F)cc(cc1Cl)c2ccc3ncc(C(=O)C4CC4)c(Nc5ccc(NC6CCNC6)nc5)c3c2,8.0
132,CHEMBL3679262,CN1CCN(C[C@@H]2CC[C@H](CC2)Nc3c(cnc4ccc(cc34)c5cc(F)c(O)c(Cl)c5)C(=O)C6CC6)CC1,8.01
133,CHEMBL3679278,COc1cc(cc(Cl)c1O)c2ccc3ncc(C(=O)C)c(Nc4ccc(CN5CCN(C)CC5)cc4)c3c2,8.01
134,CHEMBL3684246,CS(=O)(=O)c1cnc2ccc(cc2c1N[C@@H]3CC[C@@H](CN4CCCC4)CC3)c5cc(F)c(O)c(Cl)c5,8.02
135,CHEMBL3684281,Oc1c(Cl)cc(cc1Cl)c2ccc3ncc(C(=O)C4CCCC4)c(Nc5cccc(CCN6CCCC6)c5)c3c2,8.02
136,CHEMBL3684220,CN(C)C(=O)[C@@H]1CC[C@H](CC1)Nc2c(cnc3ccc(cc23)c4cc(Cl)c(O)c(Cl)c4)C(=O)C,8.03
137,CHEMBL3674241,CCN(CC)C1CCC(CC1)Nc2c(cnc3ccc(cc23)c4cc(F)c(O)c(Cl)c4)C(=O)C5CCCC5,8.04
138,CHEMBL3684244,CN(C)C1CCN(C1)c2ccc(Nc3c(cnc4ccc(cc34)c5cc(F)c(O)c(Cl)c5)S(=O)(=O)C)cn2,8.04
139,CHEMBL3674264,CN(C)Cc1ccc(Nc2c(cnc3ccc(cc23)c4ccc(O)c(Cl)c4)S(=O)(=O)C)cc1,8.04
140,CHEMBL3674310,Oc1c(Cl)cc(cc1Cl)c2ccc3ncc(C(=O)C4CC4)c(c5ccc(nc5)N6CCNCC6)c3c2,8.04
141,CHEMBL3679340,Oc1c(F)cc(cc1Cl)c2ccc3ncc(C(=O)C4CC4)c(NC5CCNCC5)c3c2,8.04
142,CHEMBL3823918,CC(C)COc1cnccc1c2cnn(c2)c3ccc(cc3)N4CCN(C)CC4,8.05
143,CHEMBL3679281,CN(C)Cc1ccc(Nc2c(cnc3ccc(cc23)c4cc(Cl)c(O)c(Cl)c4)C(=O)C5CC5)cn1,8.05
144,CHEMBL3684189,CN1CCN(C[C@@H]2CCC[C@@H](C2)Nc3c(cnc4ccc(cc34)c5cc(F)c(O)c(Cl)c5)C(=O)C)CC1,8.05
145,CHEMBL3688356,COc1cc(cc(Cl)c1O)c2ccc3ncc(C(=O)C)c(Nc4ccc(OCCN(C)C)nc4)c3n2,8.05
146,CHEMBL3674261,CS(=O)(=O)c1cnc2ccc(cc2c1N3CCC(CN4CCCC4)CC3)c5ccc(O)c(Cl)c5,8.05
147,CHEMBL3674353,NCc1ccc(Nc2c(cnc3ccc(cc23)c4cc(F)c(O)c(Cl)c4)C(=O)C5CC5)cc1,8.05
148,CHEMBL3684146,CC(=O)c1cnc2ccc(cc2c1N[C@@H]3CC[C@@H](CN4CCNCC4)CC3)c5cc(F)c(O)c(Cl)c5,8.06
149,CHEMBL3684231,CN(C)CC(=O)N[C@@H]1CC[C@H](CC1)Nc2c(cnc3ccc(cc23)c4cc(F)c(O)c(Cl)c4)C(=O)C,8.06
150,CHEMBL3684129,CN(C)[C@@H]1CC[C@H](CC1)Nc2c(cnc3ccc(cc23)c4cc(F)c(O)c(Cl)c4)C(=O)C,8.06
151,CHEMBL3679172,COc1cc(cc(Cl)c1O)c2ccc3ncc(C(=O)C4CC4)c(N5CCN(C)CC5)c3c2,8.06
152,CHEMBL3674208,COc1cc(cc(Cl)c1O)c2ccc3ncc(C(=O)C4CC4)c(NC56CC7CC(CC(N)(C7)C5)C6)c3c2,8.06
153,CHEMBL3674251,Oc1c(F)cc(cc1Cl)c2ccc3ncc(C(=O)C4CC4)c(Nc5ccc(CN6CCCC6)cc5)c3c2,8.06
154,CHEMBL3684240,CN(C)CCOc1ccc(Nc2c(cnc3ccc(cc23)c4cc(F)c(O)c(Cl)c4)S(=O)(=O)C)cn1,8.08
155,CHEMBL3679363,CN(C)CCc1ccc(Nc2c(cnc3ccc(cc23)c4cc(F)c(O)c(Cl)c4)C(=O)C)cc1,8.08
156,CHEMBL3679316,CN(C)CCc1cccc(Nc2c(cnc3ccc(cc23)c4cc(F)c(O)c(Cl)c4)C(=O)C5CC5)c1,8.08
157,CHEMBL3684183,CN(C)C[C@@H]1CCC[C@@H](C1)Nc2c(cnc3ccc(cc23)c4cc(F)c(O)c(Cl)c4)C(=O)C,8.08
158,CHEMBL3679319,COc1cc(cc(Cl)c1O)c2ccc3ncc(C(=O)C4CC4)c(Nc5ccc(CN6CCC(C6)N(C)C)cc5)c3c2,8.08
159,CHEMBL3674253,COc1cc(cc(Cl)c1O)c2ccc3ncc(C(=O)C4CC4)c(Nc5ccc(CN6CCN(C)CC6)cc5)c3c2,8.08
160,CHEMBL3679202,NC1CCN(CC1)c2ncc(Nc3c(cnc4ccc(cc34)c5cc(F)c(O)c(Cl)c5)C(=O)C6CC6)cn2,8.08
161,CHEMBL3688383,CN(C)C1CCN(C1)c2ccc(Nc3c(cnc4ccc(nc34)c5cc(Cl)c(O)c(Cl)c5)C(=O)C)cn2,8.09
162,CHEMBL3679243,CN(C)CCc1ccc(Nc2c(cnc3ccc(cc23)c4cc(F)c(O)c(Cl)c4)C(=O)C5CC5)cc1,8.09
163,CHEMBL3674324,CN(C)Cc1ccc(Nc2c(cnc3ccc(cc23)c4cc(Cl)c(O)c(Cl)c4)[S+](C)[O-])cc1,8.09
164,CHEMBL3688350,CN(C)Cc1ccc(Nc2c(cnc3ccc(nc23)c4cc(F)c(O)c(Cl)c4)S(=O)(=O)C)cc1,8.09
165,CHEMBL3679279,CN1CCN(Cc2ccc(Nc3c(cnc4ccc(cc34)c5cc(Cl)c(O)c(Cl)c5)C(=O)C)cc2)CC1,8.09
166,CHEMBL3674221,COc1cc(cc(Cl)c1O)c2ccc3ncc(C(=O)C4CC4)c(N5CCC(CN6CCOCC6)CC5)c3c2,8.09
167,CHEMBL3674327,COc1cc(cc(Cl)c1O)c2ccc3ncc(C(=O)C4CC4)c(c5ccc(cc5)C(=O)N6CCN(C)CC6)c3c2,8.09
168,CHEMBL3684280,COc1cc(cc(Cl)c1O)c2cc3c(N[C@@H]4CC[C@@H](CN5CCCC5)CC4)c(cnc3cc2F)C(=O)C,8.1
169,CHEMBL3674185,COc1cc(cc(Cl)c1O)c2ccc3ncc(C(=O)C4CC4)c(NC5CCN(C)CC5)c3c2,8.1
170,CHEMBL3684233,C[C@H](N)C(=O)N[C@@H]1CC[C@H](CC1)Nc2c(cnc3ccc(cc23)c4cc(F)c(O)c(Cl)c4)C(=O)C,8.1
171,CHEMBL3688365,CN1CCC(CC1)n2cc(Nc3c(cnc4ccc(nc34)c5cc(Cl)c(O)c(Cl)c5)C(=O)C)cn2,8.11
172,CHEMBL3674329,CN1CCN(Cc2cccc(c2)c3c(cnc4ccc(cc34)c5cc(Cl)c(O)c(Cl)c5)C(=O)C6CC6)CC1,8.11
173,CHEMBL3674307,COc1cc(cc(F)c1O)c2ccc3ncc(C(=O)C4CC4)c(N5CC6CC5CN6C(=O)CN(C)C)c3c2,8.11
174,CHEMBL3679282,Oc1c(Cl)cc(cc1Cl)c2ccc3ncc(C(=O)C4CC4)c(Nc5ccc(CN6CCCC6)nc5)c3c2,8.11
175,CHEMBL3679267,CC(C)C(=O)c1cnc2ccc(cc2c1Nc3ccc(CN(C)C)cc3)c4cc(Cl)c(O)c(Cl)c4,8.12
176,CHEMBL3674252,CN1CCN(Cc2ccc(Nc3c(cnc4ccc(cc34)c5cc(Cl)c(O)c(Cl)c5)C(=O)C6CC6)cc2)CC1,8.12
177,CHEMBL3355064,FC(F)(F)c1cc(OCC#Cc2ccc3ccncc3c2)ccc1CN4CCNCC4,8.12
178,CHEMBL3674162,N[C@@H]1CC[C@H](CC1)Nc2c(cnc3ccc(cc23)c4cc(Cl)c(O)c(Cl)c4)C(=O)C5CC5,8.12
179,CHEMBL3692799,CC(N)C(=O)N[C@@H]1CC[C@H](CC1)Nc2c(cnc3ccc(nc23)c4cc(Cl)c(O)c(Cl)c4)C(=O)C,8.13
180,CHEMBL3674341,C[S+]([O-])c1cnc2ccc(cc2c1N[C@@H]3CC[C@@H](N)CC3)c4cc(Cl)c(O)c(Cl)c4,8.13
181,CHEMBL3679268,Oc1c(F)cc(cc1Cl)c2ccc3ncc(C(=O)C4CC4)c(NC5CCC(CC5)N6CC[C@@H](F)C6)c3c2,8.13
182,CHEMBL3679227,CCCC(=O)c1cnc2ccc(cc2c1N[C@@H]3CC[C@@H](CN(C)C)CC3)c4cc(F)c(O)c(Cl)c4,8.14
183,CHEMBL3679317,CN(C)C1CCN(Cc2ccc(Nc3c(cnc4ccc(cc34)c5cc(Cl)c(O)c(Cl)c5)C(=O)C6CC6)cc2)C1,8.14
184,CHEMBL3674270,CN(C)C[C@@H]1CC[C@H](CC1)Nc2c(cnc3ccc(cc23)c4cnc(nc4)C#N)C(=O)C,8.14
185,CHEMBL3684277,CC(=O)c1cnc2cc(F)c(cc2c1N[C@@H]3CC[C@@H](CN4CCCC4)CC3)c5cc(Cl)c(O)c(Cl)c5,8.16
186,CHEMBL3674223,CC(=O)c1cnc2ccc(cc2c1N3CCC(CN4CCCC4)CC3)c5cc(F)c(O)c(Cl)c5,8.16
187,CHEMBL3679298,CC(C)C(=O)c1cnc2ccc(cc2c1Nc3ccc(nc3)N4CCNCC4)c5cc(F)c(O)c(Cl)c5,8.16
188,CHEMBL3674172,CCN(CC)C1CCC(CC1)Nc2c(cnc3ccc(cc23)c4ccc(O)c(OC)c4)C(=O)C5CC5,8.16
189,CHEMBL3674335,CN(C)CC(=O)N1CCN(CC1)c2c(cnc3ccc(cc23)c4cc(F)c(O)c(Cl)c4)C(=O)C,8.16
190,CHEMBL3679332,CN(C)CCOc1ccc(Nc2c(cnc3ccc(cc23)c4cc(F)c(O)c(Cl)c4)C(=O)C5CC5)cn1,8.16
191,CHEMBL3674351,COc1cc(cc(Cl)c1O)c2ccc3ncc(C(=O)C(C)C)c(N[C@@H]4CC[C@@H](N)CC4)c3c2,8.16
192,CHEMBL3674155,COc1cc(ccc1O)c2ccc3ncc(C(=O)C4CC4)c(N[C@@H]5CC[C@@H](N)CC5)c3c2,8.16
193,CHEMBL3679294,OC1CCN(C1)c2ccc(Nc3c(cnc4ccc(cc34)c5cc(Cl)c(O)c(Cl)c5)C(=O)C6CC6)cn2,8.16
194,CHEMBL3684228,CC(=O)c1cnc2ccc(cc2c1Nc3cncc(CCN4CCCC4)c3)c5cc(Cl)c(O)c(Cl)c5,8.17
195,CHEMBL3684218,CN(C)CC[C@H]1CCC[C@@H](C1)Nc2c(cnc3ccc(cc23)c4cc(F)c(O)c(Cl)c4)C(=O)C,8.17
196,CHEMBL3679368,CN(C)C[C@@H]1CCC[C@H](C1)Nc2c(cnc3ccc(cc23)c4cc(F)c(O)c(Cl)c4)C(=O)C,8.17
197,CHEMBL3674263,COc1cc(cc(Cl)c1O)c2ccc3ncc(c(Nc4ccc(CN(C)C)cc4)c3c2)S(=O)(=O)C,8.17
198,CHEMBL3679247,CC(C)C(=O)c1cnc2ccc(cc2c1N[C@@H]3CC[C@@H](CN(C)C)CC3)c4cc(F)c(O)c(Cl)c4,8.18
199,CHEMBL3674236,CN(C)Cc1ccc(Nc2c(cnc3ccc(cc23)c4cc(Cl)c(O)c(Cl)c4)C(=O)C)cc1,8.18
200,CHEMBL3684167,CC(=O)c1cnc2ccc(cc2c1N[C@@H]3CC[C@@H](CN4CCC[C@@H]4CO)CC3)c5cc(F)c(O)c(Cl)c5,8.19
201,CHEMBL3692837,CC(C)C(=O)c1cnc2ccc(nc2c1Nc3ccc(nc3)N4CCC[C@@H](N)C4)c5cc(Cl)c(O)c(Cl)c5,8.19
202,CHEMBL3679330,COc1cc(cc(Cl)c1O)c2ccc3ncc(C(=O)C4CC4)c(Nc5ccc(cc5)C(O)CN(C)C)c3c2,8.19
203,CHEMBL3674166,N[C@@H]1CC[C@H](CC1)Nc2c(cnc3ccc(cc23)c4cc(F)c(O)c(Cl)c4)C(=O)C5CC5,8.19
204,CHEMBL3684236,Oc1c(Cl)cc(cc1Cl)c2ccc3ncc(C(=O)C4CC4)c(Nc5cncc(CCN6CCCC6)c5)c3c2,8.19
205,CHEMBL3674274,CN(C)C[C@@H]1CC[C@H](CC1)Nc2c(cnc3ccc(cc23)c4cc(F)c(O)c(Cl)c4)S(=O)(=O)C,8.2
206,CHEMBL3679235,COc1cc(cc(Cl)c1O)c2ccc3ncc(C(=O)C(C)C)c(N[C@@H]4CC[C@@H](CN(C)C)CC4)c3c2,8.2
207,CHEMBL3679374,CCC(=O)c1cnc2ccc(cc2c1N[C@@H]3CC[C@H](CC3)N(C)C)c4cc(F)c(O)c(Cl)c4,8.21
208,CHEMBL3684216,CCC(=O)c1cnc2ccc(cc2c1Nc3ccc(nc3)N4CCC(C4)N(C)C)c5cc(F)c(O)c(Cl)c5,8.21
209,CHEMBL3684285,CN1CCC(CC1)n2cc(Nc3c(cnc4ccc(cc34)c5cc(Cl)c(O)c(Cl)c5)C(=O)C(C)(C)C)cn2,8.21
210,CHEMBL3679271,COc1cc(cc(Cl)c1O)c2ccc3ncc(C(=O)C4CC4)c(NC5CCC(CC5)N6CC[C@@H](F)C6)c3c2,8.21
211,CHEMBL3674278,Oc1ccc(cc1Cl)c2ccc3ncc(C(=O)C4CC4)c(Nc5ccc(nc5)N6CCNCC6)c3c2,8.21
212,CHEMBL3823302,C(Oc1cnccc1c2cnn(c2)c3ccc(cc3)N4CCOCC4)C5CCNCC5,8.22
213,CHEMBL3684137,CC(=O)c1cnc2ccc(cc2c1Nc3ccc(nc3)N4CCC(N)C4)c5cc(F)c(O)c(Cl)c5,8.22
214,CHEMBL3674205,CCN(CC)C1CCC(CC1)Nc2c(cnc3ccc(cc23)c4cc(Cl)c(O)c(OC)c4)C(=O)C,8.22
215,CHEMBL3674237,CN(C)C[C@@H]1CC[C@H](CC1)Nc2c(cnc3ccc(cc23)c4cc(F)c(O)c(Cl)c4)C(=O)C,8.22
216,CHEMBL3688378,CN1CCC(CC1)Nc2c(cnc3ccc(nc23)c4cc(F)c(O)c(Cl)c4)C(=O)C,8.22
217,CHEMBL3822465,CN1CCN(CC1)c2ccc(cc2)n3cc(cn3)c4ccncc4OC5CCNCC5,8.22
218,CHEMBL3688366,CN1CCN(Cc2ccc(Nc3c(cnc4ccc(nc34)c5cc(Cl)c(O)c(Cl)c5)C(=O)C)cc2)CC1,8.22
219,CHEMBL3674333,CN1CCN(Cc2ccc(cc2)c3c(cnc4ccc(cc34)c5cc(Cl)c(O)c(Cl)c5)C(=O)C6CC6)CC1,8.22
220,CHEMBL3679329,CN(C)CC(O)c1ccc(Nc2c(cnc3ccc(cc23)c4cc(F)c(O)c(Cl)c4)C(=O)C5CC5)cc1,8.23
221,CHEMBL3688362,CN(C)CCc1ccc(Nc2c(cnc3ccc(nc23)c4cc(F)c(O)c(Cl)c4)C(=O)C)cc1,8.23
222,CHEMBL3674271,COc1cc(cc(Cl)c1O)c2ccc3ncc(C(=O)C)c(Nc4ccc(CN5CCCC5)cc4)c3c2,8.23
223,CHEMBL3688377,CN1CCC(CC1)Nc2c(cnc3ccc(nc23)c4cc(Cl)c(O)c(Cl)c4)C(=O)C,8.24
224,CHEMBL3679349,CN1CCN(C[C@@H]2CC[C@H](C2)Nc3c(cnc4ccc(cc34)c5cc(Cl)c(O)c(Cl)c5)C(=O)C)CC1,8.24
225,CHEMBL3684150,COc1cc(cc(Cl)c1O)c2ccc3ncc(C(=O)C)c(N[C@@H]4CC[C@@H](CN5CCN(C)CC5)CC4)c3c2,8.24
226,CHEMBL3679187,COc1cc(cc(Cl)c1O)c2ccc3ncc(C(=O)C4CC4)c(Nc5ccc(nc5)N6CCC(N)CC6)c3c2,8.24
227,CHEMBL3679347,Oc1c(Cl)cc(cc1Cl)c2ccc3ncc(C(=O)C4CC4)c(NC5CCNCC5)c3c2,8.24
228,CHEMBL3674256,Oc1c(F)cc(cc1Cl)c2ccc3ncc(C(=O)C4CC4)c(N5CCN(CCN6CCCC6)CC5)c3c2,8.24
229,CHEMBL3684157,CCN(CC)C[C@@H]1CC[C@H](CC1)Nc2c(cnc3ccc(cc23)c4cc(F)c(O)c(Cl)c4)C(=O)C,8.25
230,CHEMBL3684148,CNC1CCN(C1)c2ccc(Nc3c(cnc4ccc(cc34)c5cc(F)c(O)c(Cl)c5)C(=O)C)cn2,8.25
231,CHEMBL3679315,COc1cc(cc(Cl)c1O)c2ccc3ncc(C(=O)C4CC4)c(Nc5cccc(CCN(C)C)c5)c3c2,8.25
232,CHEMBL3679190,COc1cc(cc(Cl)c1O)c2ccc3ncc(C(=O)C4CC4)c(Nc5cnc(nc5)N6CCC(N)CC6)c3c2,8.25
233,CHEMBL3679186,NC1CCN(CC1)c2ccc(Nc3c(cnc4ccc(cc34)c5cc(Cl)c(O)c(Cl)c5)C(=O)C6CC6)cn2,8.25
234,CHEMBL3684160,Oc1c(Cl)cc(cc1Cl)c2ccc3ncc(C(=O)C4CC4)c(Nc5cccc(CCN6CCCC6)c5)c3c2,8.25
235,CHEMBL3674336,Oc1c(Cl)cc(cc1Cl)c2ccc3ncc(C(=O)C4CC4)c(c5ccc(OCCN6CCCC6)cc5)c3c2,8.25
236,CHEMBL3679339,CN(C)C[C@@H]1CC[C@H](C1)Nc2c(cnc3ccc(cc23)c4cc(Cl)c(O)c(Cl)c4)C(=O)C,8.26
237,CHEMBL3674255,CN(C)Cc1ccc(Nc2c(cnc3ccc(cc23)c4cc(Cl)c(O)c(Cl)c4)S(=O)(=O)C)cc1,8.26
238,CHEMBL3674219,CN(C)[C@@H]1CC[C@@H](CNc2c(cnc3ccc(cc23)c4cc(F)c(O)c(Cl)c4)C(=O)C5CC5)CC1,8.26
239,CHEMBL3684145,CN1CCN(C[C@@H]2CC[C@H](CC2)Nc3c(cnc4ccc(cc34)c5cc(Cl)c(O)c(Cl)c5)C(=O)C)CC1,8.26
240,CHEMBL3679241,COc1cc(cc(Cl)c1O)c2ccc3ncc(C(=O)C4CC4)c(Nc5ccc(CCN(C)C)cc5)c3c2,8.26
241,CHEMBL3679345,NCCOc1ccc(Nc2c(cnc3ccc(cc23)c4cc(F)c(O)c(Cl)c4)C(=O)C5CC5)cn1,8.26
242,CHEMBL3684135,CCC(=O)c1cnc2ccc(cc2c1Nc3ccc(CN(C)C)cc3)c4cc(Cl)c(O)c(Cl)c4,8.27
243,CHEMBL3684188,CN1CCN(CCc2cccc(Nc3c(cnc4ccc(cc34)c5cc(Cl)c(O)c(Cl)c5)C(=O)C)c2)CC1,8.27
244,CHEMBL3679170,CCCC(=O)c1cnc2ccc(cc2c1Nc3ccc(CN(C)C)cc3)c4cc(Cl)c(O)c(Cl)c4,8.28
245,CHEMBL3674181,CCN(CC)C1CCC(CC1)Nc2c(cnc3ccc(cc23)c4cc(Cl)c(O)c(OC)c4)S(=O)(=O)C,8.28
246,CHEMBL3684178,CN(C)CCN1CCC(CC1)Nc2c(cnc3ccc(cc23)c4cc(F)c(O)c(Cl)c4)C(=O)C,8.28
247,CHEMBL3684248,CN(C)CCNC(=O)[C@@H]1CC[C@H](CC1)Nc2c(cnc3ccc(cc23)c4cc(F)c(O)c(Cl)c4)C(=O)C,8.28
248,CHEMBL3679375,CN(C)CCNc1ccc(Nc2c(cnc3ccc(cc23)c4cc(Cl)c(O)c(Cl)c4)C(=O)C)cn1,8.28
249,CHEMBL3688357,CN(C)CCOc1ccc(Nc2c(cnc3ccc(nc23)c4cc(Cl)c(O)c(Cl)c4)S(=O)(=O)C)cn1,8.28
250,CHEMBL3679236,CCCC(=O)c1cnc2ccc(cc2c1N[C@@H]3CC[C@@H](CN(C)C)CC3)c4cc(Cl)c(O)c(OC)c4,8.29
251,CHEMBL3679256,CN(C)Cc1cccc(Nc2c(cnc3ccc(cc23)c4cc(F)c(O)c(Cl)c4)C(=O)C5CC5)c1,8.29
252,CHEMBL3684186,CN1CCN(CCc2cccc(Nc3c(cnc4ccc(cc34)c5cc(Cl)c(O)c(Cl)c5)C(=O)C6CC6)c2)CC1,8.29
253,CHEMBL3674319,COc1cc(cc(Cl)c1O)c2ccc3ncc([S+](C)[O-])c(N4CCC(CN(C)C)CC4)c3c2,8.29
254,CHEMBL3639731,CS(=O)(=O)c1cnc2ccc(cc2c1N3CCC(CN4CCCC4)CC3)c5cc(F)c(O)c(Cl)c5,8.29
255,CHEMBL3674231,CN1CCN(CC1)C2CCN(CC2)c3c(cnc4ccc(cc34)c5ccc(O)c(Cl)c5)C(=O)C6CC6,8.3
256,CHEMBL3824068,CN1CCN(CC1)c2ccc(cc2)n3cc(cn3)c4ccncc4OCC5CCNCC5,8.3
257,CHEMBL3679229,COC1CCN(C[C@@H]2CC[C@H](CC2)Nc3c(cnc4ccc(cc34)c5cc(Cl)c(O)c(OC)c5)C(=O)C6CC6)C1,8.3
258,CHEMBL3674191,COc1cc(cc(Cl)c1O)c2ccc3ncc(C(=O)CC(C)C)c(N[C@@H]4CC[C@@H](N)CC4)c3c2,8.3
259,CHEMBL3688351,COc1cc(cc(Cl)c1O)c2ccc3ncc(c(Nc4ccc(CN(C)C)cc4)c3n2)S(=O)(=O)C,8.3
260,CHEMBL3684133,CCC(=O)c1cnc2ccc(cc2c1Nc3ccc(CN(C)C)cc3)c4cc(Cl)c(O)c(OC)c4,8.31
261,CHEMBL3674349,COc1cc(cc(Cl)c1O)c2ccc3ncc([S+](C)[O-])c(N[C@@H]4CC[C@@H](N)CC4)c3c2,8.31
262,CHEMBL3679224,CC(=O)c1cnc2ccc(cc2c1Nc3cnc(nc3)N4CCNCC4)c5cc(F)c(O)c(Cl)c5,8.32
263,CHEMBL3679360,CN(C)CC[C@@H]1CC[C@H](CC1)Nc2c(cnc3ccc(cc23)c4cc(F)c(O)c(Cl)c4)C(=O)C,8.32
264,CHEMBL3684270,COc1cc(cc(Cl)c1O)c2ccc3ncc(C(=O)C4CCCC4)c(N[C@@H]5CC[C@@H](CN(C)C)CC5)c3c2,8.32
265,CHEMBL3679165,Oc1c(F)cc(cc1Cl)c2ccc3ncc(C(=O)C4CC4)c(Nc5ccc(cn5)N6CCNCC6)c3c2,8.32
266,CHEMBL3674345,Oc1c(F)cc(cc1Cl)c2ccc3ncc(C(=O)C4CC4)c(Nc5cnc(nc5)N6CCNCC6)c3c2,8.32
267,CHEMBL3679352,CC(=O)c1cnc2ccc(cc2c1N[C@@H]3CC[C@@H](CN4CCCC4)CC3)c5cc(F)c(O)c(Cl)c5,8.33
268,CHEMBL3684261,CC(C)C(N)C(=O)N[C@@H]1CC[C@H](CC1)Nc2c(cnc3ccc(cc23)c4cc(F)c(O)c(Cl)c4)C(=O)C,8.33
269,CHEMBL3679313,CN(C)C1CCN(C1)c2ccc(Nc3c(cnc4ccc(cc34)c5cc(Cl)c(O)c(Cl)c5)C(=O)C6CC6)cn2,8.33
270,CHEMBL3692785,CN(C)C[C@@H]1CC[C@H](CC1)Nc2c(cnc3ccc(nc23)c4cc(C)c(O)c(C)c4)C(=O)C,8.33
271,CHEMBL3674352,COc1cc(cc(Cl)c1O)c2ccc3ncc(C(=O)C4CC4)c(Nc5cnc(nc5)N6CCNCC6)c3c2,8.33
272,CHEMBL3684201,CC(=O)c1cnc2ccc(cc2c1N[C@@H]3CC[C@@H](CN4CCC[C@H]4CO)CC3)c5cc(F)c(O)c(Cl)c5,8.34
273,CHEMBL3674239,CN(C)CC1CCN(CC1)c2c(cnc3ccc(cc23)c4cc(F)c(O)c(Cl)c4)C(=O)C5CCCC5,8.34
274,CHEMBL3674199,CN(C)CC1CCN(CC1)c2c(cnc3ccc(cc23)c4ccc(O)c(Cl)c4)C(=O)C5CC5,8.34
275,CHEMBL3688354,CN(C)CCOc1ccc(Nc2c(cnc3ccc(nc23)c4cc(Cl)c(O)c(Cl)c4)C(=O)C)cn1,8.34
276,CHEMBL3674230,CN1CCN(CC1)C2CCN(CC2)c3c(cnc4ccc(cc34)c5cc(F)c(O)c(Cl)c5)C(=O)C6CC6,8.34
277,CHEMBL3674225,Oc1ccc(cc1Cl)c2ccc3ncc(C(=O)C4CC4)c(N[C@@H]5CC[C@H](CC5)N6CCCC6)c3c2,8.34
278,CHEMBL3692814,CN(C)C[C@@H]1CC[C@H](CC1)Nc2c(cnc3ccc(nc23)c4ccc(O)cc4)C(=O)C,8.35
279,CHEMBL3692813,CN(C)C[C@@H]1CC[C@H](CC1)Nc2c(cnc3ccc(nc23)c4ccc(nc4)C#N)C(=O)C,8.35
280,CHEMBL3679212,Oc1c(Cl)cc(cc1Cl)c2ccc3ncc(C(=O)C4CC4)c(N[C@H]5C[C@H]6CC[C@@H](C5)N6)c3c2,8.35
281,CHEMBL3684253,CN1CCN(CC1)C(=O)[C@@H]2CC[C@H](CC2)Nc3c(cnc4ccc(cc34)c5cc(Cl)c(O)c(Cl)c5)C(=O)C,8.36
282,CHEMBL3679244,COc1cc(cc(Cl)c1O)c2ccc3ncc(C(=O)C)c(Nc4cnc(nc4)N5CCNCC5)c3c2,8.36
283,CHEMBL3674362,COc1cc(cc(Cl)c1O)c2ccc3ncc(C(=O)C4CC4)c(C5=CCNCC5)c3c2,8.36
284,CHEMBL3674182,COc1cc(cc(Cl)c1O)c2ccc3ncc(C(=O)C4CC4)c(NCC5CCNCC5)c3c2,8.36
285,CHEMBL3679168,COc1cc(cc(Cl)c1O)c2ccc3ncc(C(=O)C4CC4)c(Nc5ccc(cn5)N6CCNCC6)c3c2,8.36
286,CHEMBL3679193,NC1CCCN(C1)c2ccc(Nc3c(cnc4ccc(cc34)c5cc(Cl)c(O)c(Cl)c5)C(=O)C6CC6)cn2,8.36
287,CHEMBL3674291,Oc1c(F)cc(cc1Cl)c2ccc3ncc(C(=O)C4CC4)c(N5CCN(CCN6CCCC6)C(=O)C5)c3c2,8.36
288,CHEMBL3684176,CC(=O)c1cnc2ccc(cc2c1N[C@@H]3CC[C@@H](CN4CCCC(N)C4)CC3)c5cc(F)c(O)c(Cl)c5,8.37
289,CHEMBL3692786,CC(=O)c1cnc2ccc(nc2c1Nc3ccc(CN4CCCC4)cc3)c5cc(Cl)c(O)c(Cl)c5,8.37
290,CHEMBL3692798,CC(=O)c1cnc2ccc(nc2c1Nc3ccc(nc3)N4CCC[C@H](N)C4)c5cc(F)c(O)c(Cl)c5,8.37
291,CHEMBL3679365,CN(C)CCNc1ccc(Nc2c(cnc3ccc(cc23)c4cc(Cl)c(O)c(Cl)c4)C(=O)C5CC5)cn1,8.37
292,CHEMBL3679181,CN[C@@H]1CC[C@H](CC1)Nc2c(cnc3ccc(cc23)c4cc(Cl)c(O)c(OC)c4)C(=O)C,8.37
293,CHEMBL3674212,COc1cc(cc(Cl)c1O)c2ccc3ncc(C(=O)C4CC4)c(NC[C@@H]5CC[C@H](CC5)N(C)C)c3c2,8.37
294,CHEMBL3679343,COc1cc(cc(Cl)c1O)c2ccc3ncc(C(=O)C4CC4)c(Nc5ccc(OCCN)nc5)c3c2,8.37
295,CHEMBL3674229,COc1cc(cc(Cl)c1O)c2ccc3ncc(C(=O)CC(C)C)c(N[C@@H]4CC[C@H](CC4)N(C)C)c3c2,8.37
296,CHEMBL3679206,Oc1c(Cl)cc(cc1Cl)c2ccc3ncc(C(=O)C4CC4)c(N[C@@H]5CC[C@@H](CN6CC[C@@H](F)C6)CC5)c3c2,8.37
297,CHEMBL3684276,CC(=O)c1cnc2ccc(cc2c1N[C@@H]3CC[C@H](CC3)NC(=O)[C@@H](N)C(C)(C)C)c4cc(Cl)c(O)c(Cl)c4,8.38
298,CHEMBL3679245,CCCC(=O)c1cnc2ccc(cc2c1Nc3ccc(nc3)N4CCNCC4)c5cc(Cl)c(O)c(OC)c5,8.38
299,CHEMBL3679297,CN(C)C[C@@]1(O)CC[C@@H](CC1)Nc2c(cnc3ccc(cc23)c4cc(F)c(O)c(Cl)c4)C(=O)C5CC5,8.38
300,CHEMBL3679246,CN1CCN(C[C@@H]2CC[C@H](CC2)Nc3c(cnc4ccc(cc34)c5cc(Cl)c(O)c(Cl)c5)C(=O)C6CC6)CC1,8.38
301,CHEMBL3679361,COc1cc(cc(Cl)c1O)c2ccc3ncc(C(=O)C)c(Nc4ccc(CCN(C)C)cc4)c3c2,8.38
302,CHEMBL3679225,COc1cc(cc(Cl)c1O)c2ccc3ncc(C(=O)C4CC4)c(N5CCC(CC5)C6CCNCC6)c3c2,8.38
303,CHEMBL3679211,COc1cc(cc(Cl)c1O)c2ccc3ncc(C(=O)C4CC4)c(NC5C[C@H]6CC[C@@H](C5)N6)c3c2,8.38
304,CHEMBL3674234,COc1cc(cc(Cl)c1O)c2ccc3ncc(C(=O)C4CC4)c(c5ccc(CN(C)C)cc5)c3c2,8.38
305,CHEMBL3674188,CC(=O)c1cnc2ccc(cc2c1N[C@@H]3CC[C@@H](N)CC3)c4cc(Cl)c(O)c(Cl)c4,8.39
306,CHEMBL3674273,COc1cc(cc(Cl)c1O)c2ccc3ncc(c(N[C@@H]4CC[C@@H](CN(C)C)CC4)c3c2)S(=O)(=O)C,8.39
307,CHEMBL3674207,COc1cc(cc(F)c1O)c2ccc3ncc(C(=O)C4CC4)c(N5CCC(CN6CCCC6)CC5)c3c2,8.39
308,CHEMBL3679355,NC1CCN(CC1)c2cc(Nc3c(cnc4ccc(cc34)c5cc(Cl)c(O)c(Cl)c5)C(=O)C6CC6)ccn2,8.39
309,CHEMBL3684161,CC(=O)c1cnc2ccc(cc2c1Nc3cccc(CCN4CCCC4)c3)c5cc(Cl)c(O)c(Cl)c5,8.4
310,CHEMBL3679336,CCC(=O)c1cnc2ccc(cc2c1N[C@@H]3CC[C@@H](CN(C)C)CC3)c4cc(F)c(O)c(Cl)c4,8.4
311,CHEMBL3679286,CN(C)C1CCN(C[C@@H]2CC[C@H](CC2)Nc3c(cnc4ccc(cc34)c5cc(F)c(O)c(Cl)c5)C(=O)C6CC6)C1,8.4
312,CHEMBL3674292,CN(C)CC(=O)N1CCN(CC1)c2c(cnc3ccc(cc23)c4ccc(O)c(Cl)c4)C(=O)C5CC5,8.4
313,CHEMBL3823874,CN1CCN(CC1)c2ccc(cc2)n3cc(cn3)c4ccncc4OC5CCCCC5,8.4
314,CHEMBL3674161,COc1cc(cc(Cl)c1O)c2ccc3ncc(C(=O)C4CC4)c(N5CCC6(CCNC6)CC5)c3c2,8.4
315,CHEMBL3674224,COc1cc(cc(Cl)c1O)c2ccc3ncc(C(=O)C4CC4)c(Nc5ccc(CN(C)C)cc5)c3c2,8.4
316,CHEMBL3679207,NC1CCN(C1)c2ncc(Nc3c(cnc4ccc(cc34)c5cc(F)c(O)c(Cl)c5)C(=O)C6CC6)cn2,8.4
317,CHEMBL3679269,Oc1c(Cl)cc(cc1Cl)c2ccc3ncc(C(=O)C4CC4)c(NC5CCC(CC5)N6CC[C@@H](F)C6)c3c2,8.4
318,CHEMBL3684219,CCC(=O)c1cnc2ccc(cc2c1Nc3ccc(nc3)N4CCC(C4)N(C)C)c5cc(Cl)c(O)c(Cl)c5,8.41
319,CHEMBL3674282,CN(C)Cc1ccc(cc1)c2c(cnc3ccc(cc23)c4cc(Cl)c(O)c(Cl)c4)C(=O)C5CC5,8.41
320,CHEMBL3679292,COc1cc(cc(Cl)c1O)c2ccc3ncc(C(=O)C4CC4)c(N[C@@H]5CC[C@@H](CN6CCC(C6)N(C)C)CC5)c3c2,8.41
321,CHEMBL3679169,CCCC(=O)c1cnc2ccc(cc2c1N[C@@H]3CC[C@@H](N)CC3)c4cc(Cl)c(O)c(OC)c4,8.42
322,CHEMBL3679178,CCCC(=O)c1cnc2ccc(cc2c1Nc3ccc(CN(C)C)cc3)c4cnc(nc4)C#N,8.42
323,CHEMBL3674258,COc1cc(cc(Cl)c1O)c2ccc3ncc(C(=O)C4CC4)c(Nc5ccc(nc5)N6CCNCC6)c3c2,8.42
324,CHEMBL3674355,NCc1ccc(Nc2c(cnc3ccc(cc23)c4cc(Cl)c(O)c(Cl)c4)C(=O)C5CC5)cc1,8.42
325,CHEMBL3674196,CC(C1CCN(CC1)c2c(cnc3ccc(cc23)c4cc(F)c(O)c(Cl)c4)C(=O)C5CC5)N(C)C,8.43
326,CHEMBL3674279,COc1cc(cc(Cl)c1O)c2ccc3ncc(C#N)c(N4CCC(CN5CCCC5)CC4)c3c2,8.43
327,CHEMBL3688363,COc1cc(cc(Cl)c1O)c2ccc3ncc(C(=O)C)c(Nc4ccc(CCN(C)C)cc4)c3n2,8.43
328,CHEMBL3674246,COc1cc(cc(Cl)c1O)c2ccc3ncc(C(=O)C)c(Nc4ccc(CN(C)C)cc4)c3c2,8.43
329,CHEMBL3679249,COc1cc(cc(Cl)c1O)c2ccc3ncc(C(=O)C4CC4)c(Nc5cccc(CN(C)C)c5)c3c2,8.43
330,CHEMBL3679210,NC1CCN(C1)c2ccc(Nc3c(cnc4ccc(cc34)c5cc(F)c(O)c(Cl)c5)C(=O)C6CC6)cn2,8.43
331,CHEMBL3679218,Oc1c(F)cc(cc1Cl)c2ccc3ncc(C(=O)C4CC4)c(N[C@@H]5CC[C@@H](CN6CCCC6)CC5)c3c2,8.43
332,CHEMBL3692822,CC(=O)c1cnc2ccc(nc2c1Nc3ccc(nc3)N4CCC[C@@H](N)C4)c5cc(F)c(O)c(Cl)c5,8.44
333,CHEMBL3679334,COc1cc(cc(Cl)c1O)c2ccc3ncc(C(=O)C4CC4)c(Nc5ccc(OCCN(C)C)nc5)c3c2,8.44
334,CHEMBL3679232,COc1cc(cc(Cl)c1O)c2ccc3ncc(C(=O)C4CC4)c(Nc5ccc(cc5)C(C)(C)N)c3c2,8.44
335,CHEMBL3674160,COc1cc(ccc1O)c2ccc3ncc(C(=O)C4CC4)c(N5CCC(CN(C)C)CC5)c3c2,8.44
336,CHEMBL3674293,CN(C)CC(=O)N1CCN(CC1)c2c(cnc3ccc(cc23)c4cc(F)c(O)c(Cl)c4)C(=O)C5CC5,8.46
337,CHEMBL3679331,CN(C)CC(O)c1ccc(Nc2c(cnc3ccc(cc23)c4cc(Cl)c(O)c(Cl)c4)C(=O)C5CC5)cc1,8.46
338,CHEMBL3684239,CN(C)CCOc1ccc(Nc2c(cnc3ccc(cc23)c4cc(Cl)c(O)c(Cl)c4)S(=O)(=O)C)cn1,8.46
339,CHEMBL3684230,CN1CCCC1C(=O)N[C@@H]2CC[C@H](CC2)Nc3c(cnc4ccc(cc34)c5cc(Cl)c(O)c(Cl)c5)C(=O)C,8.46
340,CHEMBL3639781,COC1CCN(C1)C2CCC(CC2)Nc3c(cnc4ccc(cc34)c5cc(F)c(O)c(Cl)c5)C(=O)C6CC6,8.46
341,CHEMBL3679263,COc1cc(cc(Cl)c1O)c2ccc3ncc(C(=O)C4CC4)c(N[C@@H]5CC[C@@H](CN6CCN(C)CC6)CC5)c3c2,8.46
342,CHEMBL3679264,CC1(N)CCC(CC1)Nc2c(cnc3ccc(cc23)c4cc(Cl)c(O)c(Cl)c4)C(=O)C5CC5,8.47
343,CHEMBL3684139,CCC(=O)c1cnc2ccc(cc2c1Nc3ccc(nc3)N4CCC(N)C4)c5cc(Cl)c(O)c(OC)c5,8.47
344,CHEMBL3684126,CCC(=O)c1cnc2ccc(cc2c1Nc3ccc(nc3)N4CCC(N)C4)c5cc(F)c(O)c(Cl)c5,8.47
345,CHEMBL3684140,CN(C)CCNc1ccc(Nc2c(cnc3ccc(cc23)c4cc(F)c(O)c(Cl)c4)C(=O)C5CC5)cn1,8.47
346,CHEMBL3674247,COc1cc(cc(Cl)c1O)c2ccc3ncc(C(=O)C)c(N[C@@H]4CC[C@@H](CN(C)C)CC4)c3c2,8.47
347,CHEMBL3679348,COc1cc(cc(Cl)c1O)c2ccc3ncc(C(=O)C4CC4)c(NC5CCNCC5)c3c2,8.47
348,CHEMBL3674173,COc1cc(cc(Cl)c1O)c2ccc3ncc(C(=O)C4CC4)c(NCC5CCN(C)CC5)c3c2,8.47
349,CHEMBL3674170,COc1cc(ccc1O)c2ccc3ncc(C(=O)C4CC4)c(N5CCC(CC5)C(C)N(C)C)c3c2,8.47
350,CHEMBL3674361,NC[C@@H]1CC[C@@H](CC1)Nc2c(cnc3ccc(cc23)c4cc(F)c(O)c(Cl)c4)C(=O)C5CC5,8.47
351,CHEMBL3679341,CN(C)C1CCc2cc(Nc3c(cnc4ccc(cc34)c5cc(Cl)c(O)c(Cl)c5)C(=O)C)ccc12,8.48
352,CHEMBL3684184,CN(C)C[C@@H]1CCC[C@@H](C1)Nc2c(cnc3ccc(cc23)c4cc(Cl)c(O)c(Cl)c4)C(=O)C,8.48
353,CHEMBL3679310,COC1CCN(C1)C2CCC(CC2)Nc3c(cnc4ccc(cc34)c5cc(Cl)c(O)c(OC)c5)C(=O)C6CC6,8.48
354,CHEMBL3679289,COc1cc(cc(Cl)c1O)c2ccc3ncc(C(=O)C4CC4)c(Nc5ccc(NC6CCNC6)nc5)c3c2,8.48
355,CHEMBL3674268,CC(=O)c1cnc2ccc(cc2c1Nc3ccc(CN4CCCC4)cc3)c5cc(Cl)c(O)c(Cl)c5,8.5
356,CHEMBL3674209,CCN(CC)[C@@H]1CC[C@@H](CC1)Nc2c(cnc3ccc(cc23)c4cc(Cl)c(O)c(OC)c4)C(=O)C5CC5,8.5
357,CHEMBL3684211,CN(C)C1CCN(C1)c2ccc(Nc3c(cnc4ccc(cc34)c5cc(Cl)c(O)c(Cl)c5)C(=O)C)cn2,8.5
358,CHEMBL3679333,CN(C)CCOc1ccc(Nc2c(cnc3ccc(cc23)c4cc(Cl)c(O)c(Cl)c4)C(=O)C5CC5)cn1,8.5
359,CHEMBL3679359,CN(C)CC[C@@H]1CC[C@H](CC1)Nc2c(cnc3ccc(cc23)c4cc(Cl)c(O)c(Cl)c4)C(=O)C,8.5
360,CHEMBL3684217,CN(C)CC[C@H]1CCC[C@@H](C1)Nc2c(cnc3ccc(cc23)c4cc(Cl)c(O)c(Cl)c4)C(=O)C,8.5
361,CHEMBL3674227,CN(C)Cc1ccc(Nc2c(cnc3ccc(cc23)c4cc(Cl)c(O)c(Cl)c4)C(=O)C5CC5)cc1,8.5
362,CHEMBL3684255,CN1CCC(CC1)n2cc(Nc3c(cnc4ccc(cc34)c5cc(F)c(O)c(Cl)c5)S(=O)(=O)C)cn2,8.5
363,CHEMBL3679311,COc1cc(cc(Cl)c1O)c2ccc3ncc(C(=O)C)c(Nc4ccc(nc4)N5CCCC(N)C5)c3c2,8.5
364,CHEMBL3674354,COc1cc(cc(Cl)c1O)c2ccc3ncc(C(=O)C4CC4)c(Nc5ccc(CN)cc5)c3c2,8.5
365,CHEMBL3684149,CC(=O)c1cnc2ccc(cc2c1N[C@@H]3CC[C@@H](CN4CCC(N)C4)CC3)c5cc(F)c(O)c(Cl)c5,8.51
366,CHEMBL3688375,CC(=O)c1cnc2ccc(nc2c1N[C@@H]3CC[C@@H](CO)CC3)c4cc(Cl)c(O)c(Cl)c4,8.51
367,CHEMBL3692791,CC(=O)c1cnc2ccc(nc2c1Nc3ccc(nc3)N4CCCC(N)C4)c5cc(F)c(O)c(Cl)c5,8.51
368,CHEMBL3684269,CC(C)C(N)C(=O)N[C@@H]1CC[C@H](CC1)Nc2c(cnc3ccc(cc23)c4cc(Cl)c(O)c(Cl)c4)C(=O)C,8.51
369,CHEMBL3684154,CCN(CC)C[C@@H]1CC[C@H](CC1)Nc2c(cnc3ccc(cc23)c4cc(Cl)c(O)c(OC)c4)C(=O)C,8.51
370,CHEMBL3674211,CCN(CC)[C@@H]1CC[C@H](CC1)Nc2c(cnc3ccc(cc23)c4cc(Cl)c(O)c(OC)c4)C(=O)C5CC5,8.51
371,CHEMBL3684179,CN(C)CCN1CCC(CC1)Nc2c(cnc3ccc(cc23)c4cc(F)c(O)c(Cl)c4)C(=O)C5CC5,8.51
372,CHEMBL3674238,CN(C)C[C@@H]1CC[C@H](CC1)Nc2c(cnc3ccc(cc23)c4cc(Cl)c(O)c(Cl)c4)C(=O)C,8.51
373,CHEMBL3684147,CN(C)C[C@@H]1C[C@H](C1)Nc2c(cnc3ccc(cc23)c4cc(Cl)c(O)c(Cl)c4)C(=O)C,8.51
374,CHEMBL3679259,CN(CCO)C[C@@H]1CC[C@H](CC1)Nc2c(cnc3ccc(cc23)c4cc(F)c(O)c(Cl)c4)C(=O)C5CC5,8.51
375,CHEMBL3679191,COc1cc(cc(Cl)c1O)c2ccc3ncc(C(=O)C4CC4)c(Nc5ccc(nc5)N6CCCC(N)C6)c3c2,8.51
376,CHEMBL3679214,COc1cc(cc(Cl)c1O)c2ccc3ncc(C(=O)C4CC4)c(Nc5cnc(nc5)N6CCC(N)C6)c3c2,8.51
377,CHEMBL3679209,NC1CCN(C1)c2ccc(Nc3c(cnc4ccc(cc34)c5cc(Cl)c(O)c(Cl)c5)C(=O)C6CC6)cn2,8.51
378,CHEMBL3679287,CN(C)C1CCN(C[C@@H]2CC[C@H](CC2)Nc3c(cnc4ccc(cc34)c5cc(Cl)c(O)c(Cl)c5)C(=O)C6CC6)C1,8.52
379,CHEMBL3684271,CN(C)C[C@@H]1CC[C@H](CC1)Nc2c(cnc3ccc(cc23)c4cc(Cl)c(O)c(Cl)c4)C(=O)C5CCCC5,8.52
380,CHEMBL3674343,COc1cc(cc(Cl)c1O)c2ccc3ncc(C(=O)C4CC4)c(N[C@@H]5CC[C@@H](CN)CC5)c3c2,8.52
381,CHEMBL3679346,NC1CCCN(C1)c2ccc(Nc3c(cnc4ccc(cc34)c5cc(F)c(O)c(F)c5)C(=O)C6CC6)cn2,8.52
382,CHEMBL3679201,NC1CCN(CC1)c2ncc(Nc3c(cnc4ccc(cc34)c5cc(Cl)c(O)c(Cl)c5)C(=O)C6CC6)cn2,8.52
383,CHEMBL3679323,Oc1c(F)cc(cc1Cl)c2ccc3ncc(C(=O)C4CC4)c(N[C@@H]5CC[C@@H](CNCCF)CC5)c3c2,8.52
384,CHEMBL3674365,Oc1ccc(cc1Cl)c2ccc3ncc(C(=O)C4CC4)c(Nc5cnn(c5)C6CCNCC6)c3c2,8.52
385,CHEMBL3674266,CC(=O)c1cnc2ccc(cc2c1Nc3ccc(CN4CCCC4)cc3)c5cnc(nc5)C#N,8.54
386,CHEMBL3684223,CCN(CC)CCO[C@@H]1CC[C@H](CC1)Nc2c(cnc3ccc(cc23)c4cc(Cl)c(O)c(Cl)c4)C(=O)C,8.54
387,CHEMBL3674193,CN(C)[C@@H]1CC[C@H](CC1)Nc2c(cnc3ccc(cc23)c4cc(F)c(O)c(Cl)c4)C(=O)C5CC5,8.54
388,CHEMBL3684130,COc1cc(cc(Cl)c1O)c2ccc3ncc(C(=O)C4CC4)c(NC5CCN(CC5)C6CCNC6)c3c2,8.54
389,CHEMBL3679364,COc1cc(cc(Cl)c1O)c2ccc3ncc(C(=O)C4CC4)c(Nc5ccc(NCCN(C)C)nc5)c3c2,8.54
390,CHEMBL3674344,NC[C@@H]1CC[C@H](CC1)Nc2c(cnc3ccc(cc23)c4cc(Cl)c(O)c(Cl)c4)C(=O)C5CC5,8.54
391,CHEMBL3674201,Oc1c(F)cc(cc1Cl)c2ccc3ncc(C(=O)C4CC4)c(N5CCC(CN6CCCC6)CC5)c3c2,8.54
392,CHEMBL3684226,CC(=O)c1cnc2ccc(cc2c1Nc3cnc(C)c(CCN4CCCC4)c3)c5cc(Cl)c(O)c(Cl)c5,8.55
393,CHEMBL3679233,CC(C)(N)c1ccc(Nc2c(cnc3ccc(cc23)c4cc(F)c(O)c(Cl)c4)C(=O)C5CC5)cc1,8.55
394,CHEMBL3674180,CC(C)C(=O)c1cnc2ccc(cc2c1N[C@@H]3CC[C@@H](N)CC3)c4cc(Cl)c(O)c(Cl)c4,8.55
395,CHEMBL3692827,CCC(=O)c1cnc2ccc(nc2c1N[C@@H]3CC[C@@H](CN(C)C)CC3)c4cc(F)c(O)c(Cl)c4,8.55
396,CHEMBL3684209,CN(C)CCOc1ccc(Nc2c(cnc3ccc(cc23)c4cc(Cl)c(O)c(Cl)c4)C(=O)C)cn1,8.55
397,CHEMBL3674360,CN(C)C[C@@H]1CC[C@@H](CC1)Nc2c(cnc3ccc(cc23)c4cc(F)c(O)c(Cl)c4)C(=O)C5CC5,8.55
398,CHEMBL3688349,CN(C)Cc1ccc(Nc2c(cnc3ccc(nc23)c4cc(Cl)c(O)c(Cl)c4)S(=O)(=O)C)cc1,8.55
399,CHEMBL3684164,CN1CCC(CC1)n2cc(Nc3c(cnc4ccc(cc34)c5cc(F)c(O)c(Cl)c5)C(=O)C)cn2,8.55
400,CHEMBL3684152,CNC1CCN(C1)c2ccc(Nc3c(cnc4ccc(cc34)c5cc(F)c(O)c(Cl)c5)C(=O)C6CC6)cn2,8.55
401,CHEMBL3679217,COc1cc(cc(Cl)c1O)c2ccc3ncc(C(=O)C4CC4)c(N[C@@H]5CC[C@@H](CN6CCCC6)CC5)c3c2,8.55
402,CHEMBL3679270,COc1cc(cc(Cl)c1O)c2ccc3ncc(C(=O)C4CC4)c(Nc5cnc(nc5)N6CCCC(N)C6)c3c2,8.55
403,CHEMBL3684174,CCN(C)C[C@@H]1CC[C@H](CC1)Nc2c(cnc3ccc(cc23)c4cc(Cl)c(O)c(OC)c4)C(=O)C,8.57
404,CHEMBL3684232,CN(C)CC(=O)N[C@@H]1CC[C@H](CC1)Nc2c(cnc3ccc(cc23)c4cc(Cl)c(O)c(Cl)c4)C(=O)C,8.57
405,CHEMBL3684180,CN(C)CCN1CCC(CC1)Nc2c(cnc3ccc(cc23)c4cc(Cl)c(O)c(Cl)c4)C(=O)C,8.57
406,CHEMBL3692833,CN(C)C[C@@H]1CC[C@H](CC1)Nc2c(cnc3ccc(nc23)c4cc(Cl)c(O)c(Cl)c4)C(=O)C5CCC5,8.57
407,CHEMBL3688344,CN(C)C[C@@H]1CC[C@H](CC1)Nc2c(cnc3ccc(nc23)c4ccc(O)c(OC(F)(F)F)c4)C(=O)C,8.57
408,CHEMBL3674297,CN(C)[C@@H]1CC[C@H](CC1)Nc2c(cnc3ccc(cc23)c4cc(F)c(O)c(Cl)c4)C#N,8.57
409,CHEMBL3684192,CN1CCN(C[C@@H]2CCC[C@@H](C2)Nc3c(cnc4ccc(cc34)c5cc(Cl)c(O)c(Cl)c5)C(=O)C)CC1,8.57
410,CHEMBL3674215,COc1cc(cc(Cl)c1O)c2ccc3ncc(C(=O)C)c(N4CCC(CN5CCCC5)CC4)c3c2,8.57
411,CHEMBL3684170,COc1cc(cc(Cl)c1O)c2ccc3ncc(C(=O)C)c(N[C@@H]4CC[C@@H](CN5CCC[C@@H]5CO)CC4)c3c2,8.57
412,CHEMBL3679203,COc1cc(cc(Cl)c1O)c2ccc3ncc(C(=O)C4CC4)c(Nc5ccc(nc5)N6CCC(N)C6)c3c2,8.57
413,CHEMBL3684245,CS(=O)(=O)c1cnc2ccc(cc2c1N[C@@H]3CC[C@@H](CN4CCCC4)CC3)c5cc(Cl)c(O)c(Cl)c5,8.57
414,CHEMBL3679197,NC1CCCN(C1)c2ccc(Nc3c(cnc4ccc(cc34)c5cc(F)c(O)c(Cl)c5)C(=O)C6CC6)cn2,8.57
415,CHEMBL3674276,Oc1c(F)cc(cc1Cl)c2ccc3ncc(C(=O)C4CC4)c(Nc5ccc(nc5)N6CCNCC6)c3c2,8.57
416,CHEMBL3692800,CC(N)C(=O)N[C@@H]1CC[C@H](CC1)Nc2c(cnc3ccc(nc23)c4cc(F)c(O)c(Cl)c4)C(=O)C,8.59
417,CHEMBL3684127,CCC(=O)c1cnc2ccc(cc2c1Nc3ccc(nc3)N4CCC(N)C4)c5cc(Cl)c(O)c(Cl)c5,8.59
418,CHEMBL3692830,CCC(=O)c1cnc2ccc(nc2c1Nc3ccc(nc3)N4CCC[C@H](N)C4)c5cc(F)c(O)c(Cl)c5,8.59
419,CHEMBL3674169,CCN(CC)C1CCC(CC1)Nc2c(cnc3ccc(cc23)c4cc(Cl)c(O)c(OC)c4)C(=O)C5CC5,8.59
420,CHEMBL3688361,CN(C)CCc1ccc(Nc2c(cnc3ccc(nc23)c4cc(Cl)c(O)c(Cl)c4)C(=O)C)cc1,8.59
421,CHEMBL3679321,CN1CCCC(C1)n2cc(Nc3c(cnc4ccc(cc34)c5cc(F)c(O)c(Cl)c5)C(=O)C6CC6)cn2,8.59
422,CHEMBL3692794,CN1CCN(C[C@@H]2CC[C@H](CC2)Nc3c(cnc4ccc(nc34)c5cc(F)c(O)c(Cl)c5)C(=O)C)CC1,8.59
423,CHEMBL3679358,COc1cc(cc(Cl)c1O)c2ccc3ncc(C(=O)C)c(N[C@@H]4CC[C@@H](CCN(C)C)CC4)c3c2,8.59
424,CHEMBL3679351,COc1cc(cc(Cl)c1O)c2ccc3ncc(C(=O)C)c(Nc4cccc(CCN(C)C)c4)c3c2,8.59
425,CHEMBL3674167,N[C@@H]1CC[C@@H](CC1)Nc2c(cnc3ccc(cc23)c4cc(F)c(O)c(F)c4)C(=O)C5CC5,8.59
426,CHEMBL3674303,Oc1c(Cl)cc(cc1Cl)c2ccc3ncc(C(=O)C4CC4)c(c5ccc(CN6CCCC6)cc5)c3c2,8.59
427,CHEMBL3674302,CN(C)CCNC(=O)c1ccc(cc1)c2c(cnc3ccc(cc23)c4cc(Cl)c(O)c(Cl)c4)C(=O)C5CC5,8.6
428,CHEMBL3674277,CN(C)C[C@@H]1CC[C@H](CC1)Nc2c(cnc3ccc(cc23)c4cnc(nc4)C#N)C(=O)C5CC5,8.6
429,CHEMBL3679194,CN[C@@H]1CC[C@H](CC1)Nc2c(cnc3ccc(cc23)c4cc(Cl)c(O)c(Cl)c4)C(=O)C,8.6
430,CHEMBL3679238,COc1cc(cc(Cl)c1O)c2ccc3ncc(C(=O)C4CC4)c(Nc5ccc(NC6CCCNC6)nc5)c3c2,8.6
431,CHEMBL3692802,CC(=O)c1cnc2ccc(nc2c1N[C@@H]3CC[C@H](CC3)NC(=O)[C@@H]4CCCN4)c5cc(F)c(O)c(Cl)c5,8.62
432,CHEMBL3679335,CCC(=O)c1cnc2ccc(cc2c1N[C@@H]3CC[C@@H](CN(C)C)CC3)c4cc(Cl)c(O)c(OC)c4,8.62
433,CHEMBL3679174,CCCC(=O)c1cnc2ccc(cc2c1N[C@@H]3CC[C@@H](N)CC3)c4cc(Cl)c(O)c(Cl)c4,8.62
434,CHEMBL3674308,CCOc1cc(cc(Cl)c1O)c2ccc3ncc(C(=O)C4CC4)c(N5CCC(CN(C)C)CC5)c3c2,8.62
435,CHEMBL3684260,CN(C)C1CCN(C1)c2ccc(Nc3c(cnc4ccc(cc34)c5cc(Cl)c(O)c(Cl)c5)S(=O)(=O)C)cn2,8.62
436,CHEMBL3674228,CN(C)CC1CCN(CC1)c2c(cnc3ccc(cc23)c4cc(F)c(O)c(Cl)c4)C(=O)C5CC5,8.62
437,CHEMBL3684177,CN(C)CCN1CCC(CC1)Nc2c(cnc3ccc(cc23)c4cc(Cl)c(O)c(Cl)c4)C(=O)C5CC5,8.62
438,CHEMBL3679320,CN(C)CCc1cccc(Nc2c(cnc3ccc(cc23)c4cc(Cl)c(O)c(Cl)c4)C(=O)C5CC5)c1,8.62
439,CHEMBL3692816,CN(C)[C@@H]1CC[C@@H](CNc2c(cnc3ccc(nc23)c4cc(F)c(O)c(Cl)c4)C(=O)C)CC1,8.62
440,CHEMBL3679163,CN[C@@H]1CC[C@H](CC1)Nc2c(cnc3ccc(cc23)c4cc(F)c(O)c(Cl)c4)C(=O)C5CC5,8.62
441,CHEMBL3674190,COc1cc(cc(Cl)c1O)c2ccc3ncc(C(=O)C)c(N[C@@H]4CC[C@@H](N)CC4)c3c2,8.62
442,CHEMBL3679161,COc1cc(cc(Cl)c1O)c2ccc3ncc(C(=O)C4CC4)c(C5=CCN(CC5)C(=O)CN(C)C)c3c2,8.62
443,CHEMBL3679284,COc1cc(cc(Cl)c1O)c2ccc3ncc(C(=O)C4CC4)c(Nc5ccc(nc5)N6CCC[C@H](N)C6)c3c2,8.62
444,CHEMBL3674156,N[C@@H]1CC[C@H](CC1)Nc2c(cnc3ccc(cc23)c4cnc(nc4)C#N)C(=O)C5CC5,8.62
445,CHEMBL3684203,CCC(=O)c1cnc2ccc(cc2c1N[C@@H]3CC[C@@H](CN4CCCC4)CC3)c5cc(F)c(O)c(Cl)c5,8.64
446,CHEMBL3684247,CN(C)CCNC(=O)[C@@H]1CC[C@H](CC1)Nc2c(cnc3ccc(cc23)c4cc(Cl)c(O)c(Cl)c4)C(=O)C,8.64
447,CHEMBL3679367,CN(C)C[C@@H]1CCC[C@H](C1)Nc2c(cnc3ccc(cc23)c4cc(Cl)c(O)c(Cl)c4)C(=O)C,8.64
448,CHEMBL3674272,CN(C)C[C@@H]1CC[C@H](CC1)Nc2c(cnc3ccc(cc23)c4cc(Cl)c(O)c(Cl)c4)S(=O)(=O)C,8.64
449,CHEMBL3679228,COC1CCN(C[C@@H]2CC[C@H](CC2)Nc3c(cnc4ccc(cc34)c5cc(Cl)c(O)c(Cl)c5)C(=O)C6CC6)C1,8.64
450,CHEMBL3679326,COc1cc(cc(Cl)c1O)c2ccc3ncc(C(=O)C)c(Nc4ccc(nc4)N5CCNCC5)c3c2,8.64
451,CHEMBL3679257,COc1cc(cc(Cl)c1O)c2ccc3ncc(C(=O)C4CC4)c(N[C@@H]5CC[C@@H](CN6CCC(O)C6)CC5)c3c2,8.64
452,CHEMBL3679373,Oc1c(Cl)cc(cc1Cl)c2ccc3ncc(C(=O)C4CC4)c(N5CCC(CCN6CCCC6)CC5)c3c2,8.64
453,CHEMBL3679240,Oc1c(F)cc(cc1Cl)c2ccc3ncc(C(=O)C4CC4)c(Nc5ccc(NC6CCCNC6)nc5)c3c2,8.64
454,CHEMBL3679237,CC(C)C(=O)c1cnc2ccc(cc2c1N[C@@H]3CC[C@@H](CN(C)C)CC3)c4cc(Cl)c(O)c(Cl)c4,8.66
455,CHEMBL3674195,CC(C)CC(=O)c1cnc2ccc(cc2c1N[C@@H]3CC[C@@H](N)CC3)c4cc(Cl)c(O)c(Cl)c4,8.66
456,CHEMBL3679242,CN(C)CCc1ccc(Nc2c(cnc3ccc(cc23)c4cc(Cl)c(O)c(Cl)c4)C(=O)C5CC5)cc1,8.66
457,CHEMBL3679350,CN(C)CCc1cccc(Nc2c(cnc3ccc(cc23)c4cc(Cl)c(O)c(Cl)c4)C(=O)C)c1,8.66
458,CHEMBL3674267,CN(C)Cc1ccc(Nc2c(cnc3ccc(cc23)c4cnc(nc4)C#N)C(=O)C)cc1,8.66
459,CHEMBL3684131,CN(C)[C@@H]1CC[C@H](CC1)Nc2c(cnc3ccc(cc23)c4cc(Cl)c(O)c(Cl)c4)C(=O)C,8.66
460,CHEMBL3674206,COc1cc(cc(Cl)c1O)c2ccc3ncc(C(=O)C)c(N4CCC(CN(C)C)CC4)c3c2,8.66
461,CHEMBL3674232,COc1cc(cc(Cl)c1O)c2ccc3ncc(C(=O)C4CC4)c(N5CCC(CC5)N6CCN(C)CC6)c3c2,8.66
462,CHEMBL3674359,COc1cc(cc(Cl)c1O)c2ccc3ncc(C(=O)C4CC4)c(Nc5cnn(c5)C6CCNCC6)c3c2,8.66
463,CHEMBL3684136,CC(=O)c1cnc2ccc(cc2c1N[C@@H]3CC[C@@H](CN4CCNCC4)CC3)c5cc(Cl)c(O)c(Cl)c5,8.68
464,CHEMBL3688368,CC(=O)c1cnc2ccc(nc2c1N3CCC(CCN4CCCC4)CC3)c5cc(Cl)c(O)c(Cl)c5,8.68
465,CHEMBL3674337,CCOc1cc(cc(Cl)c1O)c2ccc3ncc(C(=O)C)c(N[C@@H]4CC[C@@H](N)CC4)c3c2,8.68
466,CHEMBL3679166,CN(C)C[C@@H]1CC[C@@H](CC1)Nc2c(cnc3ccc(cc23)c4cc(Cl)c(O)c(Cl)c4)C(=O)C5CC5,8.68
467,CHEMBL3684172,CN1CCC(C1)n2cc(Nc3c(cnc4ccc(cc34)c5cc(F)c(O)c(Cl)c5)C(=O)C)cn2,8.68
468,CHEMBL3674226,COc1cc(cc(Cl)c1O)c2ccc3ncc(C(=O)C4CC4)c(N[C@@H]5CC[C@H](CC5)N6CCCC6)c3c2,8.68
469,CHEMBL3679274,COc1cc(cc(Cl)c1O)c2ccc3ncc(C(=O)C4CC4)c(Nc5ccc(nc5)N6CCC[C@@H](N)C6)c3c2,8.68
470,CHEMBL3679258,OC1CCN(C[C@@H]2CC[C@H](CC2)Nc3c(cnc4ccc(cc34)c5cc(F)c(O)c(Cl)c5)C(=O)C6CC6)C1,8.68
471,CHEMBL3674346,Oc1c(Cl)cc(cc1Cl)c2ccc3ncc(C(=O)C4CC4)c(Nc5cnc(nc5)N6CCNCC6)c3c2,8.68
472,CHEMBL3684202,CCN(C)C[C@@H]1CC[C@H](CC1)Nc2c(cnc3ccc(cc23)c4cc(F)c(O)c(Cl)c4)C(=O)C,8.69
473,CHEMBL3692831,CC(=O)c1cnc2ccc(nc2c1N[C@@H]3CC[C@@H](CN4CC[C@@H](F)C4)CC3)c5cc(Cl)c(O)c(Cl)c5,8.7
474,CHEMBL3692821,CC(=O)c1cnc2ccc(nc2c1Nc3ccc(nc3)N4CCC[C@@H](N)C4)c5cc(Cl)c(O)c(Cl)c5,8.7
475,CHEMBL3679234,CCCC(=O)c1cnc2ccc(cc2c1N[C@@H]3CC[C@@H](CN(C)C)CC3)c4cc(Cl)c(O)c(Cl)c4,8.7
476,CHEMBL3684163,CNC1CCN(C1)c2ccc(Nc3c(cnc4ccc(cc34)c5cc(Cl)c(O)c(Cl)c5)C(=O)C6CC6)cn2,8.7
477,CHEMBL3684143,COc1cc(cc(Cl)c1O)c2ccc3ncc(C(=O)C)c(N[C@@H]4CC[C@@H](CN5CCC(N)C5)CC4)c3c2,8.7
478,CHEMBL3639732,COc1cc(cc(Cl)c1O)c2ccc3ncc(C(=O)C4CC4)c(N[C@@H]5CC[C@H](CN(C)C)CC5)c3c2,8.7
479,CHEMBL3674265,COc1cc(cc(Cl)c1O)c2ccc3ncc(c(N4CCC(CN5CCCC5)CC4)c3c2)S(=O)(=O)C,8.7
480,CHEMBL3684238,CS(=O)(=O)c1cnc2ccc(cc2c1Nc3cccc(CCN4CCCC4)c3)c5cc(Cl)c(O)c(Cl)c5,8.7
481,CHEMBL3684274,CC(=O)c1cnc2ccc(cc2c1N[C@@H]3CC[C@H](CC3)NC(=O)[C@@H]4CCCN4)c5cc(Cl)c(O)c(Cl)c5,8.72
482,CHEMBL3692838,CC(C)C(=O)c1cnc2ccc(nc2c1N[C@@H]3CC[C@@H](CN(C)C)CC3)c4cc(Cl)c(O)c(Cl)c4,8.72
483,CHEMBL3684207,CN(C)CCN1CCCC(C1)Nc2c(cnc3ccc(cc23)c4cc(Cl)c(O)c(Cl)c4)C(=O)C,8.72
484,CHEMBL3688382,CN(C)C[C@@H]1CC[C@H](CC1)Nc2c(cnc3ccc(nc23)c4cc(F)c(O)c(F)c4)C(=O)C,8.72
485,CHEMBL3674357,CN[C@@H]1CC[C@H](CC1)Nc2c(cnc3ccc(cc23)c4cc(Cl)c(O)c(Cl)c4)C(=O)C5CC5,8.72
486,CHEMBL3684138,COc1cc(cc(Cl)c1O)c2ccc3ncc(C(=O)C)c(Nc4ccc(nc4)N5CCC(N)C5)c3c2,8.72
487,CHEMBL3674187,COc1cc(cc(Cl)c1O)c2ccc3ncc(C(=O)C4CC4)c(N[C@@H]5CC[C@H](CC5)N(C)C)c3c2,8.72
488,CHEMBL3674164,COc1cc(ccc1O)c2ccc3ncc(C(=O)C4CC4)c(N[C@@H]5CC[C@H](N)CC5)c3c2,8.72
489,CHEMBL3679344,NCCOc1ccc(Nc2c(cnc3ccc(cc23)c4cc(Cl)c(O)c(Cl)c4)C(=O)C5CC5)cn1,8.72
490,CHEMBL3679273,N[C@H]1CCCN(C1)c2ccc(Nc3c(cnc4ccc(cc34)c5cc(F)c(O)c(Cl)c5)C(=O)C6CC6)cn2,8.72
491,CHEMBL3684169,CC(=O)c1cnc2ccc(cc2c1N[C@@H]3CC[C@@H](CN4CCCC(N)C4)CC3)c5cc(Cl)c(O)c(Cl)c5,8.75
492,CHEMBL3684132,CC(=O)c1cnc2ccc(cc2c1N[C@@H]3CC[C@@H](CN4CCCC4)CC3)c5cc(Cl)c(O)c(Cl)c5,8.75
493,CHEMBL3692792,CC(=O)c1cnc2ccc(nc2c1N[C@@H]3CC[C@@H](N)CC3)c4cc(Cl)c(O)c(Cl)c4,8.75
494,CHEMBL3692839,CC(C)C(=O)c1cnc2ccc(nc2c1N[C@@H]3CC[C@@H](CN(C)C)CC3)c4cc(F)c(O)c(Cl)c4,8.75
495,CHEMBL3679372,CCC(=O)c1cnc2ccc(cc2c1N[C@@H]3CC[C@H](CC3)N(C)C)c4cc(Cl)c(O)c(OC)c4,8.75
496,CHEMBL3684182,CCC(=O)c1cnc2ccc(cc2c1Nc3ccc(nc3)N4CCCC(N)C4)c5cc(F)c(O)c(Cl)c5,8.75
497,CHEMBL3684153,CCN(CC)C[C@@H]1CC[C@H](CC1)Nc2c(cnc3ccc(cc23)c4cc(Cl)c(O)c(Cl)c4)C(=O)C,8.75
498,CHEMBL3684165,CNC1CCCN(C1)c2ccc(Nc3c(cnc4ccc(cc34)c5cc(F)c(O)c(Cl)c5)C(=O)C)cn2,8.75
499,CHEMBL3679285,COC1CCN(C1)C2CCC(CC2)Nc3c(cnc4ccc(cc34)c5cc(Cl)c(O)c(Cl)c5)C(=O)C6CC6,8.75
500,CHEMBL3674298,COc1cc(cc(Cl)c1O)c2ccc3ncc(C#N)c(N[C@@H]4CC[C@H](CC4)N(C)C)c3c2,8.75
501,CHEMBL3684156,COc1cc(cc(Cl)c1O)c2ccc3ncc(C(=O)C)c(N[C@@H]4CC[C@@H](CN5CCC[C@H]5CO)CC4)c3c2,8.75
502,CHEMBL3674249,COc1cc(cc(Cl)c1O)c2ccc3ncc(C(=O)C4CC4)c(N5CCN(CCN6CCCC6)CC5)c3c2,8.75
503,CHEMBL3679208,NC1CCN(C1)c2ncc(Nc3c(cnc4ccc(cc34)c5cc(Cl)c(O)c(Cl)c5)C(=O)C6CC6)cn2,8.75
504,CHEMBL3684142,CC(=O)c1cnc2ccc(cc2c1N[C@@H]3CC[C@@H](CN4CCC(N)C4)CC3)c5cc(Cl)c(O)c(Cl)c5,8.77
505,CHEMBL3684171,CC(=O)c1cnc2ccc(cc2c1N[C@@H]3CC[C@@H](CN4CCC[C@@H]4CO)CC3)c5cc(Cl)c(O)c(Cl)c5,8.77
506,CHEMBL3679353,CC(=O)c1cnc2ccc(cc2c1Nc3ccc(nc3)N4CCCC(N)C4)c5cc(F)c(O)c(Cl)c5,8.77
507,CHEMBL3688373,CC(=O)c1cnc2ccc(nc2c1Nc3cnc(nc3)N4CCC(N)C4)c5cc(Cl)c(O)c(Cl)c5,8.77
508,CHEMBL3674233,CCOc1cc(ccc1O)c2ccc3ncc(C(=O)C4CC4)c(N5CCC(CN(C)C)CC5)c3c2,8.77
509,CHEMBL3679362,CN(C)CCc1ccc(Nc2c(cnc3ccc(cc23)c4cc(Cl)c(O)c(Cl)c4)C(=O)C)cc1,8.77
510,CHEMBL3684258,CN(C)C[C@@H]1CC[C@H](CC1)Nc2c(cnc3cc(F)c(cc23)c4cc(Cl)c(O)c(Cl)c4)C(=O)C,8.77
511,CHEMBL3674192,CN(C)[C@@H]1CC[C@H](CC1)Nc2c(cnc3ccc(cc23)c4cc(Cl)c(O)c(Cl)c4)C(=O)C5CC5,8.77
512,CHEMBL3684254,CN1CCC(CC1)n2cc(Nc3c(cnc4ccc(cc34)c5cc(Cl)c(O)c(Cl)c5)S(=O)(=O)C)cn2,8.77
513,CHEMBL3684151,CNC1CCN(C1)c2ccc(Nc3c(cnc4ccc(cc34)c5cc(Cl)c(O)c(Cl)c5)C(=O)C)cn2,8.77
514,CHEMBL3679327,CN[C@@H]1CC[C@H](CC1)n2cc(Nc3c(cnc4ccc(cc34)c5cc(Cl)c(O)c(Cl)c5)C(=O)C6CC6)cn2,8.77
515,CHEMBL3679366,COc1cc(cc(Cl)c1O)c2ccc3ncc(C(=O)C)c(N[C@@H]4CC[C@@H](CN5CCC(O)C5)CC4)c3c2,8.77
516,CHEMBL3674200,COc1cc(cc(Cl)c1O)c2ccc3ncc(C(=O)C4CC4)c(N5CCC(CN6CCCC6)CC5)c3c2,8.77
517,CHEMBL3679239,Oc1c(Cl)cc(cc1Cl)c2ccc3ncc(C(=O)C4CC4)c(Nc5ccc(NC6CCCNC6)nc5)c3c2,8.77
518,CHEMBL3674262,Oc1c(Cl)cc(cc1Cl)c2ccc3ncc(C(=O)C4CC4)c(Nc5ccc(nc5)N6CCNCC6)c3c2,8.77
519,CHEMBL3692805,CC(C)C(N)C(=O)N[C@@H]1CC[C@H](CC1)Nc2c(cnc3ccc(nc23)c4cc(Cl)c(O)c(Cl)c4)C(=O)C,8.8
520,CHEMBL3679337,CCC(=O)c1cnc2ccc(cc2c1N[C@@H]3CC[C@@H](CN(C)C)CC3)c4cc(Cl)c(O)c(Cl)c4,8.8
521,CHEMBL3684200,CCC(=O)c1cnc2ccc(cc2c1N[C@@H]3CC[C@@H](CN4CCCC4)CC3)c5cc(Cl)c(O)c(Cl)c5,8.8
522,CHEMBL3684181,CCC(=O)c1cnc2ccc(cc2c1Nc3ccc(nc3)N4CCCC(N)C4)c5cc(Cl)c(O)c(Cl)c5,8.8
523,CHEMBL3692829,CCC(=O)c1cnc2ccc(nc2c1Nc3ccc(nc3)N4CCC[C@H](N)C4)c5cc(Cl)c(O)c(Cl)c5,8.8
524,CHEMBL3692834,CN(C)C[C@@H]1CC[C@H](CC1)Nc2c(cnc3ccc(nc23)c4cc(F)c(O)c(Cl)c4)C(=O)C5CCC5,8.8
525,CHEMBL3679251,CN(C)Cc1cccc(Nc2c(cnc3ccc(cc23)c4cc(Cl)c(O)c(Cl)c4)C(=O)C5CC5)c1,8.8
526,CHEMBL3688364,CN(C)[C@@H]1CC[C@H](CC1)Nc2c(cnc3ccc(nc23)c4cc(F)c(O)c(Cl)c4)S(=O)(=O)C,8.8
527,CHEMBL3679309,CNC[C@@H]1CC[C@H](CC1)Nc2c(cnc3ccc(cc23)c4cc(Cl)c(O)c(Cl)c4)C(=O)C5CC5,8.8
528,CHEMBL3674328,COc1cc(cc(Cl)c1O)c2ccc3ncc(C(=O)C)c(N4CCN(CC4)C(=O)CN(C)C)c3c2,8.8
529,CHEMBL3679354,COc1cc(cc(Cl)c1O)c2ccc3ncc(C(=O)C)c(N[C@@H]4CC[C@@H](CN5CCCC5)CC4)c3c2,8.8
530,CHEMBL3679260,COc1cc(cc(Cl)c1O)c2ccc3ncc(C(=O)C4CC4)c(N[C@@H]5CC[C@@H](CN(C)CCO)CC5)c3c2,8.8
531,CHEMBL3674183,COc1cc(cc(Cl)c1O)c2ccc3ncc(c(N4CCC(CC4)C(C)N(C)C)c3c2)S(=O)(=O)C,8.8
532,CHEMBL3674194,COc1cc(ccc1O)c2ccc3ncc(C(=O)C4CC4)c(N[C@@H]5CC[C@H](CC5)N(C)C)c3c2,8.8
533,CHEMBL3684263,CS(=O)(=O)c1cnc2ccc(cc2c1Nc3ccc(nc3)N4CCCC(N)C4)c5cc(F)c(O)c(Cl)c5,8.8
534,CHEMBL3679226,Oc1c(Cl)cc(cc1Cl)c2ccc3ncc(C(=O)C4CC4)c(N5CCC(CC5)C6CCNCC6)c3c2,8.8
535,CHEMBL3679216,Oc1c(Cl)cc(cc1Cl)c2ccc3ncc(C(=O)C4CC4)c(N[C@@H]5CC[C@@H](CN6CCCC6)CC5)c3c2,8.8
536,CHEMBL3674366,Oc1c(F)cc(cc1Cl)c2ccc3ncc(C(=O)C4CC4)c(Nc5cnn(c5)C6CCNCC6)c3c2,8.8
537,CHEMBL3679370,CC(=O)c1cnc2ccc(cc2c1N[C@@H]3CC[C@@H](CN4CCC(O)C4)CC3)c5cc(Cl)c(O)c(Cl)c5,8.82
538,CHEMBL3692825,CN(C)[C@@H]1CC[C@H](CC1)Nc2c(cnc3ccc(nc23)c4cc(Cl)c(O)c(Cl)c4)C(=O)CO,8.82
539,CHEMBL3679222,CN1CCC(CC1)n2cc(Nc3c(cnc4ccc(cc34)c5cc(F)c(O)c(Cl)c5)C(=O)C6CC6)cn2,8.82
540,CHEMBL3674320,CN1CCN(CC1)c2ccc(Nc3c(cnc4ccc(cc34)c5cnc(nc5)C#N)C(=O)C6CC6)cn2,8.82
541,CHEMBL3684166,CNC1CCCN(C1)c2ccc(Nc3c(cnc4ccc(cc34)c5cc(Cl)c(O)c(Cl)c5)C(=O)C6CC6)cn2,8.82
542,CHEMBL3688385,CNC1CCN(C1)c2ccc(Nc3c(cnc4ccc(nc34)c5cc(Cl)c(O)c(Cl)c5)C(=O)C)cn2,8.82
543,CHEMBL3688341,COc1cc(cc(Cl)c1O)c2ccc3ncc(C(=O)C)c(N[C@@H]4CC[C@@H](CN(C)C)CC4)c3n2,8.82
544,CHEMBL3679255,NC1CCCN(C1)c2ncc(Nc3c(cnc4ccc(cc34)c5cc(Cl)c(O)c(Cl)c5)C(=O)C6CC6)cn2,8.82
545,CHEMBL3679272,N[C@H]1CCCN(C1)c2ccc(Nc3c(cnc4ccc(cc34)c5cc(Cl)c(O)c(Cl)c5)C(=O)C6CC6)cn2,8.82
546,CHEMBL3679322,Oc1c(Cl)cc(cc1Cl)c2ccc3ncc(C(=O)C4CC4)c(N[C@@H]5CC[C@@H](CNCCF)CC5)c3c2,8.82
547,CHEMBL3679324,CC(=O)c1cnc2ccc(cc2c1Nc3ccc(nc3)N4CCNCC4)c5cc(Cl)c(O)c(Cl)c5,8.85
548,CHEMBL3679231,CC(C)(N)c1ccc(Nc2c(cnc3ccc(cc23)c4cc(Cl)c(O)c(Cl)c4)C(=O)C5CC5)cc1,8.85
549,CHEMBL3684175,CCN(C)C[C@@H]1CC[C@H](CC1)Nc2c(cnc3ccc(cc23)c4cc(Cl)c(O)c(Cl)c4)C(=O)C,8.85
550,CHEMBL3688343,CN(C)CC[C@@H]1CC[C@H](CC1)Nc2c(cnc3ccc(nc23)c4cc(F)c(O)c(Cl)c4)C(=O)C,8.85
551,CHEMBL3688346,CN(C)C[C@@H]1CC[C@H](CC1)Nc2c(cnc3ccc(nc23)c4cc(F)c(O)c(Cl)c4)S(=O)(=O)C,8.85
552,CHEMBL3684193,CN1CCC(CC1)n2cc(Nc3c(cnc4ccc(cc34)c5cc(Cl)c(O)c(Cl)c5)C(=O)C)cn2,8.85
553,CHEMBL3674363,CN[C@@H]1CC[C@H](CC1)Nc2c(cnc3ccc(cc23)c4cc(Cl)c(O)c(OC)c4)C(=O)C5CC5,8.85
554,CHEMBL3679162,CN[C@@H]1CC[C@H](CC1)Nc2c(cnc3ccc(cc23)c4cnc(nc4)C#N)C(=O)C5CC5,8.85
555,CHEMBL3692832,N[C@H]1CCCN(C1)c2ccc(Nc3c(cnc4ccc(nc34)c5cc(F)c(O)c(Cl)c5)C(=O)C6CCC6)cn2,8.85
556,CHEMBL3692828,CCC(=O)c1cnc2ccc(nc2c1N[C@@H]3CC[C@@H](CN(C)C)CC3)c4cc(Cl)c(O)c(Cl)c4,8.89
557,CHEMBL3692836,CCC(=O)c1cnc2ccc(nc2c1Nc3ccc(nc3)N4CCC[C@@H](N)C4)c5cc(Cl)c(O)c(Cl)c5,8.89
558,CHEMBL3688340,CN(C)C[C@@H]1CC[C@H](CC1)Nc2c(cnc3ccc(nc23)c4cc(F)c(O)c(Cl)c4)C(=O)C,8.89
559,CHEMBL3692826,CN(C)C[C@@H]1CC[C@H](CC1)Nc2c(cnc3ccc(nc23)c4cc(F)c(O)c(Cl)c4)C(=O)CO,8.89
560,CHEMBL3679223,CN1CCC(CC1)n2cc(Nc3c(cnc4ccc(cc34)c5cc(Cl)c(O)c(Cl)c5)C(=O)C6CC6)cn2,8.89
561,CHEMBL3679325,CN1CCCC(C1)n2cc(Nc3c(cnc4ccc(cc34)c5cc(Cl)c(O)c(Cl)c5)C(=O)C6CC6)cn2,8.89
562,CHEMBL3674186,COc1cc(cc(Cl)c1O)c2ccc3ncc(C(=O)C4CC4)c(N5CCC(CC5)C(C)N(C)C)c3c2,8.89
563,CHEMBL3674356,NCc1ccc(Nc2c(cnc3ccc(cc23)c4cnc(nc4)C#N)C(=O)C5CC5)cc1,8.89
564,CHEMBL3692793,CC(=O)c1cnc2ccc(nc2c1N[C@@H]3CC[C@@H](N)CC3)c4cc(F)c(O)c(Cl)c4,8.92
565,CHEMBL3692790,CC(=O)c1cnc2ccc(nc2c1Nc3ccc(nc3)N4CCCC(N)C4)c5cc(Cl)c(O)c(Cl)c5,8.92
566,CHEMBL3692795,CC(C)C(N)C(=O)N[C@@H]1CC[C@H](CC1)Nc2c(cnc3ccc(nc23)c4cc(F)c(O)c(Cl)c4)C(=O)C,8.92
567,CHEMBL3684288,CCC(=O)c1cnc2ccc(cc2c1Nc3ccc(nc3)N4CCC[C@H](N)C4)c5cc(Cl)c(O)c(Cl)c5,8.92
568,CHEMBL3692783,CN(C)C[C@@H]1CC[C@H](CC1)Nc2c(cnc3ccc(nc23)c4cnc(nc4)C#N)C(=O)C,8.92
569,CHEMBL3688336,CN(C)[C@@H]1CC[C@H](CC1)Nc2c(cnc3ccc(nc23)c4cc(F)c(O)c(Cl)c4)C(=O)C,8.92
570,CHEMBL3679265,COc1cc(cc(Cl)c1O)c2ccc3ncc(C(=O)C4CC4)c(NC5CCC(C)(N)CC5)c3c2,8.92
571,CHEMBL3688372,N[C@H]1CCCN(C1)c2ccc(Nc3c(cnc4ccc(nc34)c5cc(Cl)c(O)c(Cl)c5)C(=O)C6CC6)cn2,8.92
572,CHEMBL3684155,CC(=O)c1cnc2ccc(cc2c1N[C@@H]3CC[C@@H](CN4CCC[C@H]4CO)CC3)c5cc(Cl)c(O)c(Cl)c5,8.96
573,CHEMBL3692835,CCC(=O)c1cnc2ccc(nc2c1Nc3ccc(nc3)N4CCC[C@@H](N)C4)c5cc(F)c(O)c(Cl)c5,8.96
574,CHEMBL3692819,CN(C)C[C@@H]1CC[C@@H](CC1)Nc2c(cnc3ccc(nc23)c4cc(F)c(O)c(Cl)c4)C(=O)C,8.96
575,CHEMBL3688339,CN(C)C[C@@H]1CC[C@H](CC1)Nc2c(cnc3ccc(nc23)c4cc(Cl)c(O)c(Cl)c4)C(=O)C,8.96
576,CHEMBL3679277,CN(C)C[C@@]1(O)CC[C@@H](CC1)Nc2c(cnc3ccc(cc23)c4cc(Cl)c(O)c(Cl)c4)C(=O)C5CC5,8.96
577,CHEMBL3674288,COc1cc(cc(Cl)c1O)c2ccc3ncc(C(=O)C4CC4)c(N5CCN(CC5)C(=O)CN(C)C)c3c2,8.96
578,CHEMBL3679253,NC1CCCN(C1)c2ncc(Nc3c(cnc4ccc(cc34)c5cc(F)c(O)c(Cl)c5)C(=O)C6CC6)cn2,8.96
579,CHEMBL3679328,N[C@@H]1CC[C@H](CC1)n2cc(Nc3c(cnc4ccc(cc34)c5cc(Cl)c(O)c(Cl)c5)C(=O)C6CC6)cn2,8.96
580,CHEMBL3692801,CC(=O)c1cnc2ccc(nc2c1N[C@@H]3CC[C@H](CC3)NC(=O)[C@@H]4CCCN4)c5cc(Cl)c(O)c(Cl)c5,9.0
581,CHEMBL3688345,CN(C)C[C@@H]1CC[C@H](CC1)Nc2c(cnc3ccc(nc23)c4cc(Cl)c(O)c(Cl)c4)S(=O)(=O)C,9.0
582,CHEMBL3688381,CN(CCO)C[C@@H]1CC[C@H](CC1)Nc2c(cnc3ccc(nc23)c4cc(F)c(O)c(Cl)c4)C(=O)C,9.0
583,CHEMBL3823975,CN1CCN(CC1)c2ccc(cc2)n3cc(cn3)c4ccncc4OC[C@@H]5CC[C@@H](N)CC5,9.0
584,CHEMBL3679369,COc1cc(cc(Cl)c1O)c2ccc3ncc(C(=O)C)c(N[C@@H]4CCC[C@@H](CN(C)C)C4)c3c2,9.0
585,CHEMBL3679275,N[C@@H]1CCCN(C1)c2ccc(Nc3c(cnc4ccc(cc34)c5cc(Cl)c(O)c(Cl)c5)C(=O)C6CC6)cn2,9.0
586,CHEMBL3692809,N[C@H]1CCCN(C1)c2ccc(Nc3c(cnc4ccc(nc34)c5cc(F)c(O)c(Cl)c5)C(=O)C6CC6)cn2,9.0
587,CHEMBL3684267,CS(=O)(=O)c1cnc2ccc(cc2c1Nc3ccc(nc3)N4CCCC(N)C4)c5cc(Cl)c(O)c(Cl)c5,9.03
588,CHEMBL3692823,N[C@@H]1CCCN(C1)c2ccc(Nc3c(cnc4ccc(nc34)c5cc(Cl)c(O)c(Cl)c5)C(=O)C6CC6)cn2,9.03
589,CHEMBL3692788,CC(=O)c1cnc2ccc(nc2c1N[C@@H]3CC[C@@H](CN4CCCC4)CC3)c5cc(F)c(O)c(Cl)c5,9.05
590,CHEMBL3684173,CN1CCC(C1)n2cc(Nc3c(cnc4ccc(cc34)c5cc(Cl)c(O)c(Cl)c5)C(=O)C)cn2,9.05
591,CHEMBL3688347,COc1cc(cc(Cl)c1O)c2ccc3ncc(c(N[C@@H]4CC[C@@H](CN(C)C)CC4)c3n2)S(=O)(=O)C,9.05
592,CHEMBL3679305,CC(=O)c1cnc2ccc(cc2c1Nc3ccc(nc3)N4CCCC(N)C4)c5cc(Cl)c(O)c(Cl)c5,9.07
593,CHEMBL3674217,CN(C)C[C@@H]1CC[C@H](CC1)Nc2c(cnc3ccc(cc23)c4cc(Cl)c(O)c(Cl)c4)C(=O)C5CC5,9.07
594,CHEMBL3688338,CN(C)C[C@@H]1CC[C@H](CC1)Nc2c(cnc3ccc(nc23)c4cc(F)c(O)c(Cl)c4)C(=O)C5CC5,9.1
595,CHEMBL3679261,CN(CCO)C[C@@H]1CC[C@H](CC1)Nc2c(cnc3ccc(cc23)c4cc(Cl)c(O)c(Cl)c4)C(=O)C5CC5,9.1
596,CHEMBL3692789,CN1CCN(C[C@@H]2CC[C@H](CC2)Nc3c(cnc4ccc(nc34)c5cc(Cl)c(O)c(Cl)c5)C(=O)C)CC1,9.1
597,CHEMBL3674198,COc1cc(cc(Cl)c1O)c2ccc3ncc(C(=O)C4CC4)c(N5CCC(CN(C)C)CC5)c3c2,9.1
598,CHEMBL3679276,N[C@@H]1CCCN(C1)c2ccc(Nc3c(cnc4ccc(cc34)c5cc(F)c(O)c(Cl)c5)C(=O)C6CC6)cn2,9.12
599,CHEMBL3679230,OC1CCN(C[C@@H]2CC[C@H](CC2)Nc3c(cnc4ccc(cc34)c5cc(Cl)c(O)c(Cl)c5)C(=O)C6CC6)C1,9.14
600,CHEMBL3688342,CN(C)CC[C@@H]1CC[C@H](CC1)Nc2c(cnc3ccc(nc23)c4cc(Cl)c(O)c(Cl)c4)C(=O)C,9.16
601,CHEMBL3688360,CN1CCC(CNc2c(cnc3ccc(nc23)c4cc(Cl)c(O)c(Cl)c4)C(=O)C)CC1,9.16
602,CHEMBL3684241,C[C@H](N)C(=O)N[C@@H]1CC[C@H](CC1)Nc2c(cnc3ccc(cc23)c4cc(Cl)c(O)c(Cl)c4)C(=O)C,9.18
603,CHEMBL3692796,CC(=O)c1cnc2ccc(nc2c1N[C@@H]3CC[C@@H](CN4CCNCC4)CC3)c5cc(Cl)c(O)c(Cl)c5,9.22
604,CHEMBL3692820,CN(C)C[C@@H]1CC[C@@H](CC1)Nc2c(cnc3ccc(nc23)c4cc(Cl)c(O)c(Cl)c4)C(=O)C,9.22
605,CHEMBL3692815,CN(C)[C@@H]1CC[C@@H](CNc2c(cnc3ccc(nc23)c4cc(Cl)c(O)c(Cl)c4)C(=O)C)CC1,9.22
606,CHEMBL3692806,CN(C)[C@@H]1CC[C@H](CC1)Nc2c(cnc3ccc(nc23)c4cc(Cl)c(O)c(Cl)c4)C(=O)C5CC5,9.22
607,CHEMBL3688380,CN(CCO)C[C@@H]1CC[C@H](CC1)Nc2c(cnc3ccc(nc23)c4cc(Cl)c(O)c(Cl)c4)C(=O)C,9.22
608,CHEMBL3692797,CC(=O)c1cnc2ccc(nc2c1Nc3ccc(nc3)N4CCC[C@H](N)C4)c5cc(Cl)c(O)c(Cl)c5,9.3
609,CHEMBL3688337,CN(C)C[C@@H]1CC[C@H](CC1)Nc2c(cnc3ccc(nc23)c4cc(Cl)c(O)c(Cl)c4)C(=O)C5CC5,9.3
610,CHEMBL3688348,CN(C)[C@@H]1CC[C@H](CC1)Nc2c(cnc3ccc(nc23)c4cc(Cl)c(O)c(Cl)c4)S(=O)(=O)C,9.3
611,CHEMBL3692807,CN(C)[C@@H]1CC[C@H](CC1)Nc2c(cnc3ccc(nc23)c4cc(F)c(O)c(Cl)c4)C(=O)C5CC5,9.3
612,CHEMBL3692824,N[C@@H]1CCCN(C1)c2ccc(Nc3c(cnc4ccc(nc34)c5cc(F)c(O)c(Cl)c5)C(=O)C6CC6)cn2,9.34
613,CHEMBL3692787,CC(=O)c1cnc2ccc(nc2c1N[C@@H]3CC[C@@H](CN4CCCC4)CC3)c5cc(Cl)c(O)c(Cl)c5,9.4
614,CHEMBL3688376,CN(C)C[C@@H]1CC[C@H](CC1)Nc2c(cnc3ccc(nc23)c4cc(Cl)c(O)c(Cl)c4)C(=O)CO,9.52
615,CHEMBL3688335,CN(C)[C@@H]1CC[C@H](CC1)Nc2c(cnc3ccc(nc23)c4cc(Cl)c(O)c(Cl)c4)C(=O)C,9.52
616,CHEMBL3824328,Fc1cc(ccc1n2cc(cn2)c3ccncc3OCC4CCNCC4)N5CCOCC5,9.52
