,molecule_chembl_id,canonical_smiles,pchembl_value
0,sunitinib,CCN(CC)CCNC(=O)c1c(C)[nH]c(\C=C\2/C(=O)Nc3ccc(F)cc23)c1C,7.59
1,crizotinib,[H][C@](C)(OC1=C(N)N=CC(=C1)C1=CN(N=C1)C1CCNCC1)C1=C(Cl)C=CC(F)=C1Cl,8.44
2,nintedanib,COC(=O)c1ccc2\C(=C(\Nc3ccc(cc3)N(C)C(=O)CN4CCN(C)CC4)/c5ccccc5)\C(=O)Nc2c1,8.07
3,CHEMBL3093749,CCCCNc1ncc(C(=O)Nc2cccc(OC)c2)c(N[C@@H]3CC[C@@H](O)CC3)n1,7.54
4,CHEMBL3093626,CCCCCNc1ncc(C(=O)Nc2ccc(cc2)S(=O)(=O)N3CCOCC3)c(N[C@@H]4CC[C@@H](O)CC4)n1,7.57
5,CHEMBL2036630,CNc1ncc2c(nn(CC3CCC(N)CC3)c2n1)c4ccc(OC)cc4,7.6
6,CHEMBL3093630,CC(C)Nc1ncc(C(=O)Nc2ccc(cc2)S(=O)(=O)N3CCOCC3)c(N[C@@H]4CC[C@@H](O)CC4)n1,7.62
7,CHEMBL1822792,CN(C[C@@H]1COCCO1)S(=O)(=O)Nc2ccc3C=Cc4ncc(cc4C(=O)c3c2)c5cnn(C)c5,7.62
8,CHEMBL3093757,CCCCNc1ncc(C(=O)Nc2ccc(F)cc2)c(N[C@@H]3CC[C@@H](O)CC3)n1,7.64
9,CHEMBL3093756,CCCCNc1ncc(C(=O)NCc2ccc(cc2)n3ccnc3)c(N[C@@H]4CC[C@@H](O)CC4)n1,7.66
10,CHEMBL3092775,CCCCCNc1ncc(c(N[C@@H]2CC[C@@H](O)CC2)n1)c3ccccn3,7.72
11,CHEMBL509032,COc1cc(ccc1Nc2ncc(Cl)c(Nc3ccccc3S(=O)(=O)C(C)C)n2)N4CCC(CC4)N5CCN(C)CC5,7.72
12,CHEMBL2172308,CC(C)NC(=O)[C@@H]1CC[C@@H](CC1)N2\C(=N\C(=O)c3ccc(F)cc3)\Nc4ccc(CN5CCC(CC5)C(C)(C)O)cc24,7.75
13,CHEMBL3092787,CCCCNc1ncc(c(NC[C@@H]2CC[C@@H](N)CC2)n1)c3ccccn3,7.75
14,CHEMBL3092789,CCCCNc1ncc(c(N[C@@H]2CC[C@@H](O)CC2)n1)c3cccc(CN4CCOCC4)n3,7.75
15,CHEMBL3092801,CCCCNc1ncc(c(Nc2ccc(N)cc2)n1)c3ccccn3,7.75
16,CHEMBL2036792,CNc1ncc2c(nn(CC3CCC(N)CC3)c2n1)c4ccc(cc4)N5CCNCC5,7.75
17,CHEMBL3092785,CCCCNc1ncc(c(N[C@@H]2CC[C@@H](O)CC2)n1)c3ccccn3,7.77
18,CHEMBL3093748,CCCCNc1ncc(C(=O)Nc2ccc(OC)cc2)c(N[C@@H]3CC[C@@H](O)CC3)n1,7.82
19,CHEMBL2036796,CCCCCNc1ncc2c(nn(CC3CCC(N)CC3)c2n1)c4ccccc4,7.85
20,CHEMBL3093754,CCCCNc1ncc(C(=O)NCc2ccc(F)cc2)c(N[C@@H]3CC[C@@H](O)CC3)n1,7.85
21,CHEMBL3093751,CCCCNc1ncc(C(=O)Nc2ccc(cc2)N3CCOCC3)c(N[C@@H]4CC[C@@H](O)CC4)n1,7.85
22,CHEMBL460702,CCOC1=C(C(=O)Nc2ccc(Oc3ccnc(N)c3Cl)c(F)c2)C(=O)N(C=C1)c4ccc(F)cc4,7.85
23,CHEMBL3092781,O[C@@H]1CC[C@H](CC1)Nc2nc(NCCc3ccccc3)ncc2c4ccccn4,7.85
24,CHEMBL3093649,CCCCNc1ncc(C(=O)NC2CCOCC2)c(N[C@@H]3CC[C@@H](O)CC3)n1,7.89
25,CHEMBL2036794,CCCNc1ncc2c(nn(CC3CCC(N)CC3)c2n1)c4ccccc4,7.89
26,CHEMBL2036803,NC1CCC(Cn2nc(c3ccccc3)c4cnc(NCCc5ccccc5)nc24)CC1,7.89
27,CHEMBL3092788,CCCCNc1ncc(c(N[C@@H]2CC[C@@H](O)CC2)n1)c3cc(CN4CCOCC4)ccn3,7.92
28,CHEMBL3093625,CCCNc1ncc(C(=O)Nc2ccc(cc2)S(=O)(=O)N3CCOCC3)c(N[C@@H]4CC[C@@H](O)CC4)n1,7.96
29,CHEMBL2036802,COc1ccc(CNc2ncc3c(nn(CC4CCC(N)CC4)c3n2)c5ccccc5)cc1,8.0
30,CHEMBL2036787,NC1CCC(Cn2nc(c3ccccc3)c4cnc(NCCCc5ccccc5)nc24)CC1,8.0
31,CHEMBL3092807,CCCCNc1ncc(c(N[C@@H]2CC[C@@H](O)CC2)n1)c3ccc(CN4CCOCC4)cn3,8.01
32,CHEMBL3093761,CCCCNc1ncc(C(=O)NC2CCNCC2)c(N[C@@H]3CC[C@@H](O)CC3)n1,8.05
33,CHEMBL3093763,CCCCNc1ncc(C(=O)NC2CCN(CC2)C(C)C)c(N[C@@H]3CC[C@@H](O)CC3)n1,8.08
34,CHEMBL2036801,NC1CCC(Cn2nc(c3ccccc3)c4cnc(NCc5ccccc5)nc24)CC1,8.09
35,CHEMBL3093746,CCCCNc1ncc(C(=O)NC2CCCCC2)c(N[C@@H]3CC[C@@H](O)CC3)n1,8.1
36,CHEMBL3093627,O[C@@H]1CC[C@H](CC1)Nc2nc(NCCC3CC3)ncc2C(=O)Nc4ccc(cc4)S(=O)(=O)N5CCOCC5,8.14
37,CHEMBL3093752,CCCCNc1ncc(C(=O)Nc2ccc(CN3CCOCC3)cc2)c(N[C@@H]4CC[C@@H](O)CC4)n1,8.17
38,CHEMBL388978,CN[C@@H]1C[C@H]2O[C@@](C)([C@@H]1OC)n3c4ccccc4c5c6CNC(=O)c6c7c8ccccc8n2c7c35,8.19
39,CHEMBL3093753,CCCCNc1ncc(C(=O)Nc2ccc(cc2)S(=O)(=O)N3CCOCC3)c(N[C@@H]4CC[C@@H](O)CC4)n1,8.2
40,CHEMBL3092804,CCCCNc1ncc(c(N[C@@H]2CC[C@@H](O)CC2)n1)c3ccc(F)cn3,8.2
41,CHEMBL2036795,CCCCNc1ncc2c(nn(CC3CCC(N)CC3)c2n1)c4ccccc4,8.24
42,CHEMBL3093755,CCCCNc1ncc(C(=O)NCc2ccc(cc2)S(=O)(=O)N)c(N[C@@H]3CC[C@@H](O)CC3)n1,8.28
43,CHEMBL3092800,CCCCNc1ncc(c(N[C@@H]2CC[C@@H](CN)CC2)n1)c3ccccn3,8.35
44,CHEMBL2036808,CCCCNc1ncc2c(nn(C[C@@H]3CC[C@@H](N)CC3)c2n1)c4ccc(F)cc4,8.37
45,CHEMBL3093648,CCCCNc1ncc(C(=O)NC2CCN(CC2)c3ncccn3)c(N[C@@H]4CC[C@@H](O)CC4)n1,8.39
46,CHEMBL3092806,CCCCNc1ncc(c(N[C@@H]2CC[C@@H](O)CC2)n1)c3ccc(CN4CCN(C)CC4)cn3,8.41
47,CHEMBL3092794,CCCCNc1ncc(c(N[C@@H]2CC[C@@H](O)CC2)n1)c3ccc(NC(=O)C4CCN(C)CC4)cn3,8.47
48,CHEMBL2036809,N[C@@H]1CC[C@@H](Cn2nc(c3ccc(F)cc3)c4cnc(NCCCc5ccccc5)nc24)CC1,8.52
49,CHEMBL3092805,CCCCNc1ncc(c(N[C@@H]2CC[C@@H](O)CC2)n1)c3ccc(cn3)N4CCN(C)CC4,8.55
50,CHEMBL3326006,CCCCNc1ncc2c(cn([C@@H]3CC[C@@H](O)CC3)c2n1)c4ccc(CN5CCN(C)CC5)cc4,8.57
51,CHEMBL2036804,CCCCNc1ncc2c(nn(C[C@@H]3CC[C@@H](N)CC3)c2n1)c4ccc(nc4)N5CCNCC5,8.57
52,CHEMBL3093635,CCCCNc1ncc(C(=O)Nc2ccc(cc2)S(=O)(=O)N3CCOCC3)c(N[C@@H]4CC[C@@H](N)CC4)n1,8.68
53,CHEMBL3092799,CCCCNc1ncc(c(N[C@@H]2CC[C@@H](N)CC2)n1)c3ccccn3,8.75
54,CHEMBL3092791,CCCCNc1ncc(c(N[C@@H]2CC[C@@H](O)CC2)n1)c3ccc(CN(C)C)cn3,8.77
55,CHEMBL3326005,CN1CCN(CC1)S(=O)(=O)c2ccc(c(F)c2)c3cn([C@@H]4CC[C@@H](O)CC4)c5nc(NCCC6CC6)ncc35,8.8
56,CHEMBL2036805,N[C@@H]1CC[C@@H](Cn2nc(c3ccc(nc3)N4CCNCC4)c5cnc(NCCCc6ccccc6)nc25)CC1,8.85
57,CHEMBL3092796,CCCCNc1ncc(c(N[C@@H]2CC[C@@H](O)CC2)n1)c3ccc(CNC4CC4)cn3,8.89
58,CHEMBL3326007,CN1CCN(Cc2ccc(cc2)c3cn([C@@H]4CC[C@@H](O)CC4)c5nc(NCCC6CC6)ncc35)CC1,8.89
59,CHEMBL3092790,CCCCNc1ncc(c(N[C@@H]2CC[C@@H](O)CC2)n1)c3ccc(CN4CCC(F)(F)CC4)cn3,8.96
60,CHEMBL3326002,CCCCNc1ncc2c(nn([C@@H]3CC[C@@H](O)CC3)c2n1)c4ccc(cc4)S(=O)(=O)N5CCOCC5,8.96
61,CHEMBL495727,O=C(NC1CC1)Nc2c[nH]nc2c3nc4cc(CN5CCOCC5)ccc4[nH]3,9.0
62,CHEMBL3092797,CCCCNc1ncc(c(N[C@@H]2CC[C@@H](O)CC2)n1)c3ccc(CNCCO)cn3,9.09
63,CHEMBL2036806,CCCCNc1ncc2c(nn(C[C@@H]3CC[C@@H](N)CC3)c2n1)c4ccc(cc4)N5CCNCC5,9.14
64,CHEMBL3092795,CCCCNc1ncc(c(N[C@@H]2CC[C@@H](O)CC2)n1)c3ccc(CNC4CCCCC4)cn3,9.16
65,CHEMBL3092793,CCCCNc1ncc(c(N[C@@H]2CC[C@@H](O)CC2)n1)c3ccc(cn3)C(=O)NC4CCN(C)CC4,9.16
66,CHEMBL3092792,CCCCNc1ncc(c(N[C@@H]2CC[C@@H](O)CC2)n1)c3ccc(cn3)S(=O)(=O)N4CCOCC4,9.16
67,CHEMBL3326004,CCCCNc1ncc2c(cn([C@@H]3CC[C@@H](O)CC3)c2n1)c4ccc(c(F)c4)S(=O)(=O)N5CCN(C)CC5,9.24
68,CHEMBL2036807,N[C@@H]1CC[C@@H](Cn2nc(c3ccc(cc3)N4CCNCC4)c5cnc(NCCCc6ccccc6)nc25)CC1,9.25
69,CHEMBL1230609,COc1cc2c(Oc3ccc(NC(=O)C4(CC4)C(=O)Nc5ccc(F)cc5)cc3F)ccnc2cc1OCCCN6CCOCC6,9.57
