,molecule_chembl_id,canonical_smiles,pchembl_value
0,crizotinib,[H][C@](C)(OC1=C(N)N=CC(=C1)C1=CN(N=C1)C1CCNCC1)C1=C(Cl)C=CC(F)=C1Cl,7.6
1,CHEMBL3339360,COc1cc2c(Oc3ccc(CC(=O)N\N=C\c4ccc(cc4)C(F)(F)F)cc3F)ccnc2cc1OCCCN5CCCC5,7.54
2,CHEMBL453737,COc1cc2c(Oc3ccc(cc3F)C4=CN=C(Nc5ccc(F)cc5)N(C)C4=O)ccnc2cc1OCCCN6CCOCC6,7.55
3,CHEMBL3608550,COc1cccc(c1)c2c(cnn2c3ccccc3)C(=O)Nc4ccc(Oc5ccnc6cc(sc56)c7cn(C)cn7)c(F)c4,7.57
4,CHEMBL2401832,C[C@@H](Oc1c(N)ncc2c(coc12)C3=CCN(CC3)C(=O)N)c4c(Cl)ccc(F)c4Cl,7.6
5,CHEMBL3608547,Cn1cnc(c1)c2cc3nccc(Oc4ccc(NC(=O)c5cnn(c6ccccc6)c5c7ccccc7F)cc4F)c3s2,7.6
6,CHEMBL3608544,Cn1cnc(c1)c2cc3nccc(Oc4ccc(NC(=O)c5cnn(c6ccccc6)c5c7ccccc7)cc4F)c3s2,7.64
7,CHEMBL3608549,Cn1cnc(c1)c2cc3nccc(Oc4ccc(NC(=O)c5cnn(c6ccccc6)c5c7ccccn7)cc4F)c3s2,7.64
8,CHEMBL2419669,COc1cc2c(Oc3ccc(NC(=O)N\N=C\c4ccc(F)cc4F)cc3F)ccnc2cc1OCCCN5CCC(C)CC5,7.73
9,CHEMBL3582035,Cn1cnc(c1)c2cc3nccc(Oc4ccc(NC(=O)c5nnn(c6ccccc6)c5C(F)(F)F)cc4F)c3s2,7.77
10,CHEMBL1087984,COc1cc2nccc(Oc3ccc(NC(=O)c4cnn(c5ccccc5)c4C(F)(F)F)cc3F)c2cc1OC,7.8
11,CHEMBL3764279,COc1cc2c(Oc3ccc(NC(=O)N\N=C\c4cccc(CC=C)c4O)cc3F)ccnc2cc1OCCCN5CCCCC5,7.84
12,CHEMBL3608551,Cn1cnc(c1)c2cc3nccc(Oc4ccc(NC(=O)c5cnn(c6ccccc6)c5c7cccnc7)cc4F)c3s2,7.85
13,CHEMBL2032274,Nc1ncc(cc1c2oc3cc(O)ccc3n2)c4cnn(c4)C5CCNCC5.OC(=O)C(F)(F)F,7.85
14,CHEMBL3582034,Cn1cnc(c1)c2cc3nccc(Oc4ccc(NC(=O)c5ncn(c6ccccc6)c5C(F)(F)F)cc4F)c3s2,7.89
15,CHEMBL1094718,Cn1cnc(c1)c2cc3nccc(Oc4ccc(NC(=O)c5cnn(c6ccccc6)c5C(F)(F)F)cc4F)c3s2,7.92
16,CHEMBL2031893,COc1cc2nccc(Oc3ccc(NC(=O)C4=C(C)N(C)N(C4=O)c5ccccc5)cc3F)c2cc1OC,8.0
17,CHEMBL460472,COc1ccc2c(Oc3ccc(NC(=O)C4=C(C)N(CC(C)(C)O)N(C4=O)c5ccccc5)nc3)ccnc2c1,8.0
18,CHEMBL3582033,Cn1cnc(c1)c2cc3nccc(Oc4ccc(NC(=O)c5ccn(c6ccccc6)c5C(F)(F)F)cc4F)c3s2,8.0
19,CHEMBL1802829,CN(C)S(=O)(=O)Nc1ccc2C=Cc3ncc(cc3C(=O)c2c1)c4cnn(C)c4,8.16
20,CHEMBL1822792,CN(C[C@@H]1COCCO1)S(=O)(=O)Nc2ccc3C=Cc4ncc(cc4C(=O)c3c2)c5cnn(C)c5,8.16
21,CHEMBL2323775,Cn1cc(cn1)c2cnc3C=Cc4ccc(CS(=O)(=O)NCc5ccccn5)cc4C(=O)c3c2,8.16
22,CHEMBL1230609,COc1cc2c(Oc3ccc(NC(=O)C4(CC4)C(=O)Nc5ccc(F)cc5)cc3F)ccnc2cc1OCCCN6CCOCC6,8.47
23,CHEMBL460702,CCOC1=C(C(=O)Nc2ccc(Oc3ccnc(N)c3Cl)c(F)c2)C(=O)N(C=C1)c4ccc(F)cc4,8.75
24,CHEMBL447602,COc1cc2c(Oc3ccc(nc3)C4=CN=C(Nc5ccc(F)cc5)N(C)C4=O)ccnc2cc1OCCCN6CCOCC6,8.89
