,molecule_chembl_id,canonical_smiles,pchembl_value
0,CHEMBL3349900,CC[C@H](C)[C@@H]1NC(=O)[C@H](CCCN=C(N)N)NC(=O)[C@H](CC(=O)O)NC(=O)[C@@H](NC(=O)[C@H](CCCN=C(N)N)NC(=O)CNC(=O)CNC(=O)[C@H](Cc2ccccc2)NC(=O)[C@@H](N)CSSC[C@H](NC(=O)CNC(=O)[C@H](CC(C)C)NC(=O)CNC(=O)[C@H](CO)NC(=O)[C@H](CCC(=O)N)NC(=O)[C@H](C)NC(=O)CNC1=O)C(=O)N[C@@H](CC(=O)N)C(=O)N[C@@H](CO)C(=O)N[C@@H](Cc3ccccc3)C(=O)N[C@@H](CCCN=C(N)N)C(=O)N[C@@H](Cc4ccc(O)cc4)C(=O)O)[C@@H](C)CC,8.44
1,CHEMBL3349629,CC[C@H](C)[C@H](NC(=O)[C@H](CCCN=C(N)N)NC(=O)[C@H](CC(=O)O)NC(=O)[C@@H](NC(=O)[C@H](CCCN=C(N)N)NC(=O)CNC(=O)CNC(=O)[C@H](Cc1ccccc1)NC(=O)N[C@@H](CC(=O)O)C(=O)O)[C@@H](C)CC)C(=O)NCC(=O)N[C@@H](C)C(=O)N[C@@H](CCC(=O)N)C(=O)N[C@@H](CO)C(=O)NCC(=O)N[C@@H](CC(C)C)C(=O)NCC(=O)N[C@H](C(=O)N[C@@H](CC(=O)N)C(=O)N[C@@H](CO)C(=O)N[C@@H](Cc2ccccc2)C(=O)N[C@@H](CCCN=C(N)N)C(=O)N[C@@H](Cc3ccc(O)cc3)C(=O)O)C(C)(C)S,8.11
2,CHEMBL3349626,CC[C@H](C)[C@H](NC(=O)[C@H](CCCN=C(N)N)NC(=O)[C@H](CC(=O)O)NC(=O)[C@@H](NC(=O)[C@H](CCCN=C(N)N)NC(=O)CNC(=O)CNC(=O)[C@H](Cc1ccccc1)NC(=O)[C@@H](N)CS)[C@@H](C)CC)C(=O)NCC(=O)N[C@@H](C)C(=O)N[C@@H](CCC(=O)N)C(=O)N[C@@H](CO)C(=O)NCC(=O)N[C@@H](CC(C)C)C(=O)NCC(=O)NC(=O)N[C@@H](CC(=O)N[C@@H](CC(=O)N)C(=O)N[C@@H](CO)C(=O)N[C@@H](Cc2ccccc2)C(=O)N[C@@H](CCCN=C(N)N)C(=O)N[C@@H](Cc3ccc(O)cc3)C(=O)O)C(=O)O,8.11
3,CHEMBL3349625,CC[C@H](C)[C@H](NC(=O)[C@H](CCCN=C(N)N)NC(=O)[C@H](CC(=O)O)NC(=O)[C@@H](NC(=O)[C@H](CCCN=C(N)N)NC(=O)CNC(=O)CNC(=O)[C@H](Cc1ccccc1)NC(=O)N[C@@H](CC(=O)OC)C(=O)O)[C@@H](C)CC)C(=O)NCC(=O)N[C@@H](C)C(=O)N[C@@H](CCC(=O)N)C(=O)N[C@@H](CO)C(=O)NCC(=O)N[C@@H](CC(C)C)C(=O)NCC(=O)N[C@@H](CS)C(=O)N[C@@H](CC(=O)N)C(=O)N[C@@H](CO)C(=O)N[C@@H](Cc2ccccc2)C(=O)N[C@@H](CCCN=C(N)N)C(=O)N[C@@H](Cc3ccc(O)cc3)C(=O)O,8.06
4,CHEMBL3349628,CC[C@H](C)[C@H](NC(=O)[C@H](CCCN=C(N)N)NC(=O)[C@H](CC(=O)O)NC(=O)[C@@H](NC(=O)[C@H](CCCN=C(N)N)NC(=O)CNC(=O)CNC(=O)[C@H](Cc1ccccc1)NC(=O)N[C@@H](CC(=O)O)C(=O)O)[C@@H](C)CC)C(=O)NCC(=O)N[C@@H](C)C(=O)N[C@@H](CCC(=O)N)C(=O)N[C@@H](CO)C(=O)NCC(=O)N[C@@H](CC(C)C)C(=O)NCC(=O)N[C@@H](CS)C(=O)N[C@@H](CC(=O)N)C(=O)N[C@@H](CO)C(=O)N[C@@H](Cc2ccccc2)C(=O)N[C@@H](CCCN=C(N)N)C(=O)N[C@@H](Cc3ccc(O)cc3)C(=O)O,8.21
5,CHEMBL3349627,CC[C@H](C)[C@H](NC(=O)[C@H](CCCN=C(N)N)NC(=O)[C@H](CC(=O)O)NC(=O)[C@@H](NC(=O)[C@H](CCCN=C(N)N)NC(=O)CNC(=O)CNC(=O)[C@H](Cc1ccccc1)NC(=O)N[C@@H](CC(=O)O)C(=O)O)[C@@H](C)CC)C(=O)NCC(=O)N[C@@H](C)C(=O)N[C@@H](CCC(=O)N)C(=O)N[C@@H](CO)C(=O)NCC(=O)N[C@@H](CC(C)C)C(=O)NCC(=O)NC(=O)N[C@@H](CC(=O)N[C@@H](CC(=O)N)C(=O)N[C@@H](CO)C(=O)N[C@@H](Cc2ccccc2)C(=O)N[C@@H](CCCN=C(N)N)C(=O)N[C@@H](Cc3ccc(O)cc3)C(=O)O)C(=O)O,7.54
6,CHEMBL413659,CC[C@H](C)[C@@H]1NC(=O)[C@H](CCCN=C(N)N)NC(=O)[C@H](CC(=O)O)NC(=O)[C@@H](NC(=O)[C@H](CCCN=C(N)N)NC(=O)CNC(=O)CNC(=O)[C@H](Cc2ccccc2)NC(=O)[C@H](CSSC[C@H](NC(=O)CNC(=O)[C@H](CC(C)C)NC(=O)CNC(=O)[C@@H](CO)NC(=O)[C@H](CCC(=O)N)NC(=O)[C@H](C)NC(=O)CNC1=O)C(=O)N[C@@H](CC(=O)N)C(=O)N[C@@H](CO)C(=O)N[C@@H](Cc3ccccc3)C(=O)N[C@@H](CCCN=C(N)N)C(=O)N[C@@H](Cc4ccc(O)cc4)C(=O)O)NC(=O)[C@H](CO)NC(=O)[C@@H](N)CO)[C@@H](C)CC,8.86
7,CHEMBL3349621,CC[C@H](C)[C@@H]1NC(=O)[C@H](CCCN=C(N)N)NC(=O)[C@H](CC(=O)O)NC(=O)[C@@H](NC(=O)[C@H](CCCN=C(N)N)NC(=O)CNC(=O)CNC(=O)[C@H](Cc2ccccc2)NC(=O)CCSSC[C@H](NC(=O)CNC(=O)[C@H](CC(C)C)NC(=O)CNC(=O)[C@H](CO)NC(=O)[C@H](CCC(=O)N)NC(=O)[C@H](C)NC(=O)CNC1=O)C(=O)N[C@@H](CC(=O)N)C(=O)N[C@@H](CO)C(=O)N[C@@H](Cc3ccccc3)C(=O)N[C@@H](CCCN=C(N)N)C(=O)N[C@@H](Cc4ccc(O)cc4)C(=O)O)[C@@H](C)CC,8.99
8,CHEMBL3349899,CC[C@H](C)[C@@H]1NC(=O)[C@H](CCCN=C(N)N)NC(=O)[C@H](CC(=O)O)NC(=O)[C@@H](NC(=O)[C@H](CCCN=C(N)N)NC(=O)CNC(=O)CNC(=O)[C@H](Cc2ccccc2)NC(=O)[C@H](CSSC[C@H](NC(=O)CNC(=O)[C@H](CC(C)C)NC(=O)CNC(=O)[C@H](CO)NC(=O)[C@H](CCC(=O)N)NC(=O)[C@H](C)NC(=O)CNC1=O)C(=O)N[C@@H](CC(=O)N)C(=O)N[C@@H](CO)C(=O)N[C@@H](Cc3ccccc3)C(=O)N[C@@H](CCCN=C(N)N)C(=O)N[C@@H](Cc4ccc(O)cc4)C(=O)O)NC(=O)[C@H](CO)NC(=O)[C@H](CO)NC(=O)[C@H](CCCN=C(N)N)NC(=O)[C@H](CC(C)C)NC(=O)[C@@H](N)CO)[C@@H](C)CC,10.37
9,CHEMBL3350078,CC[C@H](C)[C@H](NC(=O)[C@H](CCCN=C(N)N)NC(=O)[C@H](CC(=O)O)NC(=O)[C@@H](NC(=O)[C@H](CCCN=C(N)N)NC(=O)CNC(=O)CNC(=O)[C@H](Cc1ccccc1)NC(=O)N\C(=C\C(=O)O)\C(=O)O)[C@@H](C)CC)C(=O)NCC(=O)N[C@@H](C)C(=O)N[C@@H](CCC(=O)N)C(=O)N[C@@H](CO)C(=O)NCC(=O)N[C@@H](CC(C)C)C(=O)NCC(=O)NC(=O)N\C(=C\C(=O)N[C@@H](CC(=O)N)C(=O)N[C@@H](CO)C(=O)N[C@@H](Cc2ccccc2)C(=O)N[C@@H](CCCN=C(N)N)C(=O)N[C@@H](Cc3ccc(O)cc3)C(=O)O)\C(=O)O,7.29
