,molecule_chembl_id,canonical_smiles,pchembl_value
0,CHEMBL2064666,COc1c2CC[C@H](CCc2ccc1Nc3ncc(Cl)c(N[C@@H]4[C@@H]5C[C@@H](C=C5)[C@@H]4C(=O)N)n3)N6CCOCC6,7.59
1,CHEMBL509032,COc1cc(ccc1Nc2ncc(Cl)c(Nc3ccccc3S(=O)(=O)C(C)C)n2)N4CCC(CC4)N5CCN(C)CC5,7.89
2,CHEMBL3326006,CCCCNc1ncc2c(cn([C@@H]3CC[C@@H](O)CC3)c2n1)c4ccc(CN5CCN(C)CC5)cc4,8.1
3,CHEMBL388978,CN[C@@H]1C[C@H]2O[C@@](C)([C@@H]1OC)n3c4ccccc4c5c6CNC(=O)c6c7c8ccccc8n2c7c35,8.1
4,CHEMBL3115681,CN1CCN(CC1)c2ccc(Nc3ncc4C=C(C#N)C(=O)N(C5CCCC5)c4n3)cc2,8.31
5,CHEMBL603469,C[C@]12O[C@H](C[C@]1(O)CO)n3c4ccccc4c5c6C(=O)NCc6c7c8ccccc8n2c7c35,8.43
6,CHEMBL3780091,N[C@@H]1CC[C@@H](CC1)NC2=C(C(=O)NC=C2)c3nc4ccccc4[nH]3,8.7
