,molecule_chembl_id,canonical_smiles,pchembl_value
0,CHEMBL2147538,CC(C)(N)CNc1nc(cc2cnccc12)c3ccncc3,7.77
1,CHEMBL608533,CO[C@@H]1[C@@H](C[C@H]2O[C@]1(C)n3c4ccccc4c5c6CNC(=O)c6c7c8ccccc8n2c7c35)N(C)C(=O)c9ccccc9,7.82
2,CHEMBL1082821,Clc1ccc(cc1)[C@@H]2CNC[C@H]2C(=O)Nc3cc4C=CNC(=O)c4cc3Cl,7.85
3,CHEMBL1214929,NCCNc1nc(cc2cnccc12)c3ccncc3,8.16
4,CHEMBL388978,CN[C@@H]1C[C@H]2O[C@@](C)([C@@H]1OC)n3c4ccccc4c5c6CNC(=O)c6c7c8ccccc8n2c7c35,8.6
5,CHEMBL603469,C[C@]12O[C@H](C[C@]1(O)CO)n3c4ccccc4c5c6C(=O)NCc6c7c8ccccc8n2c7c35,8.75
