,molecule_chembl_id,canonical_smiles,pchembl_value
0,CHEMBL2064565,CN(C)C[C@@H](OC(=O)N1Cc2c(NC(=O)c3ccccn3)n[nH]c2C1(C)C)c4ccccc4,7.55
1,CHEMBL3669619,CC1(C)N(Cc2c(Nc3nc(nc4ccsc34)C(F)(F)F)[nH]nc12)C(=O)N[C@@H]5C[C@H]5c6ccccc6,7.6
2,CHEMBL603469,C[C@]12O[C@H](C[C@]1(O)CO)n3c4ccccc4c5c6C(=O)NCc6c7c8ccccc8n2c7c35,7.62
3,CHEMBL3669615,Cc1nc(Nc2[nH]nc3c2CN(C(=O)N[C@H]4C[C@@H]4c5ccccc5)C3(C)C)c6sccc6n1,7.62
4,CHEMBL3669630,CN(C)C[C@@H](NC(=O)N1Cc2c(Nc3ncnc4sccc34)[nH]nc2C1(C)C)c5ccccc5,7.66
5,CHEMBL2064560,CN1CCN(C(C1)c2ccccc2)C(=O)N3Cc4c(NC(=O)c5ccccc5)n[nH]c4C3(C)C,7.68
6,CHEMBL3669607,Cc1nc(Nc2[nH]nc3c2CN(C(=O)N[C@@H]4C[C@H]4c5ccccc5)C3(C)C)c6ccsc6n1,7.68
7,CHEMBL3669608,Cc1nc(Nc2[nH]nc3c2CN(C(=O)N[C@@H]4C[C@H]4c5ccccc5)C3(C)C)cc(n1)N6CCOCC6,7.68
8,CHEMBL3128043,CN(C)C[C@@H](NC(=O)N1Cc2c(Nc3nc(C)nc4ccsc34)n[nH]c2C1(C)C)c5ccccc5,7.7
9,CHEMBL3669635,CN(C)C[C@@H](NC(=O)N1Cc2c(Nc3ncncc3F)[nH]nc2C1(C)C)c4ccccc4,7.7
10,CHEMBL3669636,CN(C)C[C@@H](OC(=O)N1Cc2c(Nc3ncnc4ccsc34)[nH]nc2C1(C)C)c5ccccc5,7.7
11,CHEMBL3674604,CN(C)C[C@@H](OC(=O)N1Cc2c(Nc3ncncc3F)[nH]nc2C1(C)C)c4ccccc4,7.7
12,CHEMBL3664542,Cc1nc(Nc2[nH]nc3c2CN(C(=O)N[C@@H]4C[C@H]4c5ccccc5)C3(C)C)c6sccc6n1,7.72
13,CHEMBL3669614,CC1(C)N(Cc2c(Nc3nc(nc4ccccc34)C#N)[nH]nc12)C(=O)N[C@@H]5C[C@H]5c6ccccc6,7.75
14,CHEMBL3669623,CC1(C)N(Cc2c(Nc3ncnc4ccsc34)[nH]nc12)C(=O)N[C@@H]5C[C@H]5c6ccccc6,7.75
15,CHEMBL494089,CCn1c(nc2c(ncc(OC[C@H]3CCCNC3)c12)C#CC(C)(C)O)c4nonc4N,7.75
16,CHEMBL2064630,CN(C)C[C@@H](OC(=O)N1Cc2c(NC(=O)C3CCCCO3)n[nH]c2C1(C)C)c4ccccc4,7.75
17,CHEMBL3416026,N[C@H]1CCCC[C@H]1Nc2nnc(C(=O)N)c(Nc3cccc4cc[nH]c34)n2,7.77
18,CHEMBL3669616,CC1(C)N(Cc2c(Nc3ncnc4sccc34)[nH]nc12)C(=O)N[C@@H]5C[C@H]5c6ccccc6,7.8
19,CHEMBL3674596,CCOc1ncc(F)c(Nc2[nH]nc3c2CN(C(=O)O[C@H](CN(C)C)c4ccccc4)C3(C)C)n1,7.8
20,CHEMBL2064629,CN(C)C[C@@H](OC(=O)N1Cc2c(NC(=O)C3CCCO3)n[nH]c2C1(C)C)c4ccccc4,7.8
21,CHEMBL3669580,CN1CCN([C@@H](Cc2ccccc2)C1)C(=O)N3Cc4c(Nc5nc(Cl)nc6ccsc56)[nH]nc4C3(C)C,7.8
22,CHEMBL3669631,CN(C)C[C@@H](NC(=O)N1Cc2c(Nc3ncnc4sc(C)cc34)[nH]nc2C1(C)C)c5ccccc5,7.82
23,CHEMBL2064564,CN(C)C[C@@H](OC(=O)N1Cc2c(NC(=O)c3ccc(F)cc3F)n[nH]c2C1(C)C)c4ccccc4,7.82
24,CHEMBL3669579,CC1(C)N(Cc2c(Nc3nc(Cl)nc4ccsc34)[nH]nc12)C(=O)NC5CC5c6ccccc6,7.85
25,CHEMBL3669627,CN(C)C[C@@H](NC(=O)N1Cc2c(Nc3ncnc4c3ncn4C)[nH]nc2C1(C)C)c5ccccc5,7.85
26,CHEMBL2064562,CN(C)C[C@@H](OC(=O)N1Cc2c(NC(=O)c3ccc(F)cc3)n[nH]c2C1(C)C)c4ccccc4,7.89
27,CHEMBL2064555,CN(C)C[C@@H](NC(=O)c1ccc2[nH]nc(c3nc4ccccc4[nH]3)c2c1)c5ccccc5,7.9
28,CHEMBL2064561,CN(C)C[C@@H](OC(=O)N1Cc2c(NC(=O)c3ccccc3)n[nH]c2C1(C)C)c4ccccc4,7.92
29,CHEMBL3580949,NC1CCN(CC1)c2nc(Nc3cc([nH]n3)C4CC4)c5sccc5n2,7.92
30,CHEMBL3674594,CN(C)C[C@@H](OC(=O)N1Cc2c(Nc3ccnc(n3)C#N)[nH]nc2C1(C)C)c4ccccc4,8.06
31,CHEMBL3674600,CN(C)C[C@@H](OC(=O)N1Cc2c(Nc3ccnc(n3)C(F)(F)F)[nH]nc2C1(C)C)c4ccccc4,8.08
32,CHEMBL388978,CN[C@@H]1C[C@H]2O[C@@](C)([C@@H]1OC)n3c4ccccc4c5c6CNC(=O)c6c7c8ccccc8n2c7c35,8.1
33,CHEMBL3128042,COCCNc1nc2ccc(cc2n1c3ccnc(N)n3)C#CC4(O)CCCCC4,8.13
34,CHEMBL2064632,CN(C)C[C@@H](OC(=O)N1Cc2c(NC(=O)C3(CC3)C(F)(F)F)n[nH]c2C1(C)C)c4ccccc4,8.16
35,CHEMBL3355023,CCNc1nc2ccc(cc2n1c3ncnc(N)n3)C#C[C@@](C)(O)c4cc(C)on4,8.28
36,CHEMBL3674595,CN(C)C[C@@H](OC(=O)N1Cc2c(Nc3ncnc4sc(C)cc34)[nH]nc2C1(C)C)c5ccccc5,8.28
37,CHEMBL3674599,CN(C)C[C@@H](OC(=O)N1Cc2c(Nc3ncnc4sccc34)[nH]nc2C1(C)C)c5ccccc5,8.28
38,CHEMBL2064628,CN(C)C[C@@H](OC(=O)N1Cc2c(NC(=O)C(C)(C)C)n[nH]c2C1(C)C)c3ccccc3,8.4
39,CHEMBL3580963,N[C@@H]1CC[C@H](CNc2nccc(Nc3cc([nH]n3)C4CC4)n2)CC1,8.4
40,CHEMBL3674598,CN(C)C[C@@H](OC(=O)N1Cc2c(Nc3nc(nc4ccccc34)C#N)[nH]nc2C1(C)C)c5ccccc5,8.44
41,CHEMBL3669632,CN(C)C[C@@H](NC(=O)N1Cc2c(Nc3nc(nc4ccccc34)C#N)[nH]nc2C1(C)C)c5ccccc5,8.52
42,CHEMBL3674593,CN(C)C[C@@H](OC(=O)N1Cc2c(Nc3nc(C)nc4sccc34)[nH]nc2C1(C)C)c5ccccc5,8.52
43,CHEMBL3669583,CN(C)C[C@@H](NC(=O)N1Cc2c(Nc3nc(Cl)nc4ccsc34)n[nH]c2C1(C)C)c5ccccc5,8.55
44,CHEMBL2064556,CN(C)C[C@@H](NC(=O)c1ccc2[nH]nc(c3nc4cc(NCc5ccc(cc5)c6ccccn6)ccc4[nH]3)c2c1)c7ccccc7,8.55
45,CHEMBL3669628,CCOc1ncc(F)c(Nc2[nH]nc3c2CN(C(=O)N[C@H](CN(C)C)c4ccccc4)C3(C)C)n1,8.62
46,CHEMBL3580667,N[C@@H]1[C@H]2CN(C[C@@H]12)c3nc(Nc4cc([nH]n4)C5CC5)c6sccc6n3,8.7
47,CHEMBL3674597,CN(C)C[C@@H](OC(=O)N1Cc2c(Nc3nc(C)nc4ccsc34)[nH]nc2C1(C)C)c5ccccc5,8.8
48,CHEMBL2064631,CN(C)C[C@@H](OC(=O)N1Cc2c(NC(=O)C(C)(C)C(F)(F)F)n[nH]c2C1(C)C)c3ccccc3,9.0
22,CHEMBL199996,Cc1n[nH]c2sc(C(=O)N)c(NC(=O)Nc3ccccc3)c12,4.89
42,CHEMBL200796,COC(=O)c1cc2c(Nc3ccccc3)[nH]nc2s1,4.43
54,CHEMBL242237,NC(=O)c1ccccc1Nc2ccnc(Nc3cccc(O)c3)n2,5.26
55,CHEMBL398606,CC(C)NCc1ccc(Nc2cc([nH]n2)c3ccc(cc3)c4ccc(O)cc4O)cc1,4.84
208,CHEMBL191003,Nc1nc(Nc2ccc(cc2)S(=O)(=O)N)nn1C(=O)c3c(F)cccc3F,5.64
253,CHEMBL590109,NCCn1cc(c2cc(c3cc4ccccc4s3)c5[nH]ncc5c2)c6nc(N)ncc16,5.64
299,CHEMBL1258913,O=C(N[C@H](CN1CCCC1)c2ccccc2)c3cc4[nH]nc(NC(=O)c5ccc(cc5)N6CCOCC6)c4s3,6.34
325,CHEMBL1682344,c1cc2[nH]ncc2cc1c3c[nH]nn3,4.16
331,CHEMBL1682350,Fc1ccccc1Cn2cc(nn2)c3ccc4[nH]ncc4c3,4.88
335,CHEMBL1682354,Clc1cccc(Cn2cc(nn2)c3ccc4[nH]ncc4c3)c1Cl,4.17
339,CHEMBL1682358,Nc1n[nH]c2ccc(cc12)c3onc(Cc4ccccc4)c3,5.45
381,CHEMBL1789941,N#CC[C@H](C1CCCC1)n2cc(cn2)c3ncnc4[nH]ccc34,5.8
386,CHEMBL509032,COc1cc(ccc1Nc2ncc(Cl)c(Nc3ccccc3S(=O)(=O)C(C)C)n2)N4CCC(CC4)N5CCN(C)CC5,5.7
387,CHEMBL502835,COC(=O)c1ccc2\C(=C(\Nc3ccc(cc3)N(C)C(=O)CN4CCN(C)CC4)/c5ccccc5)\C(=O)Nc2c1,5.52
389,CHEMBL1908395,Cl.CN(C)CC(=O)N1CCC(CC1)c2ccc(NC(=O)c3nc(c[nH]3)C#N)c(c2)C4=CCCCC4,5.82
395,CHEMBL1287853,Cc1cnc(Nc2ccc(OCCN3CCCC3)cc2)nc1Nc4cccc(c4)S(=O)(=O)NC(C)(C)C,5.42
397,CHEMBL1908397,O=C(N1CCNCC1)c2ccc(\C=C\c3n[nH]c4ccccc34)cc2,5.82
400,CHEMBL379218,Cc1n[nH]c2ccc(cc12)c3cncc(OC[C@@H](N)Cc4ccccc4)c3,6.01
410,CHEMBL475251,COc1cc(Nc2ncc(F)c(Nc3ccc4OC(C)(C)C(=O)Nc4n3)n2)cc(OC)c1OC,7.02
421,CHEMBL1289926,CNC(=O)c1ccccc1Sc2ccc3c(\C=C\c4ccccn4)n[nH]c3c2,5.35
476,CHEMBL1987034,NS(=O)(=O)c1cccc(Nc2ncc(Br)c(Nc3ccc(OCC#N)cc3)n2)c1,7.8
477,CHEMBL1993941,CCCn1cc(cn1)c2cnc(N)c3c(csc23)c4ccc(NC(=O)Nc5cccc(F)c5)cc4,5.4
478,CHEMBL1980435,COc1cccc(c1)C(=O)Nc2n[nH]c3ccc(cc23)c4cn(Cc5ccccc5)nn4,6.1
481,CHEMBL2005886,Cc1cc(cc2[nH]c(nc12)C3=C(NCC(O)c4cccc(Cl)c4)C=CNC3=O)N5CCOCC5,6.8
485,CHEMBL1980407,NC(COc1cncc(c1)c2ccc3NC(=O)C(=Cc4ccc[nH]4)c3c2)Cc5ccccc5,7.5
489,CHEMBL1966628,NC1CCC(CC1)Nc2nccc(n2)c3c[nH]c4ncccc34,6.5
492,CHEMBL1995813,NC1CCCCC1Nc2nccc(n2)c3c[nH]c4ncccc34,7.0
498,CHEMBL244378,OC(=O)c1ccccc1Nc2ccnc(Nc3ccc4cn[nH]c4c3)n2,5.9
504,CHEMBL1986943,OC1CCC(CC1)Nc2nc(Cl)cc(n2)c3c[nH]c4ncccc34,7.6
511,CHEMBL1971172,CC(C)(CNc1cc(cc(Cl)n1)c2c[nH]c3ncccc23)CNS(=O)(=O)C,5.5
515,CHEMBL1991734,CN1c2ccc(N)cc2C(c3ccccc3)c4cc(N)ccc14,5.9
522,CHEMBL2002105,Nc1n[nH]c2ncc(Br)cc12,4.2
524,CHEMBL1983348,CCCCN(CCC#N)C(=O)c1ccc2nc([nH]c2c1)c3n[nH]c4ccccc34,7.2
525,CHEMBL1976040,CN1CCN(CC1)c2ccc(Nc3ncc4C(=O)N(CC=C)N(c5cccc(n5)C(C)(C)O)c4n3)cc2,5.6
526,CHEMBL1988163,NS(=O)(=O)c1cccc(Nc2ncc3ccn(c4ccccc4)c3n2)c1,6.3
528,CHEMBL1974480,CCOC(=O)Cc1nc2c3cc(Br)ccc3NC(=O)n2n1,5.4
529,CHEMBL1980671,Nc1ncnc2Nc3ccccc3NC(=O)c12,4.2
539,CHEMBL1983589,NC1CCC(CC1)Nc2cc(Cl)nc(n2)c3c[nH]c4ncccc34,7.7
542,CHEMBL1996510,O=C1NC(=O)C(=C1c2c[nH]c3ccccc23)c4nc(nc5ccccc45)N6CCNCC6,5.7
544,CHEMBL2005718,CS(=O)(=O)NCCNc1cc(cc(Cl)n1)c2c[nH]c3ncccc23,6.3
549,CHEMBL1967998,CCN1CCN(CC1)c2ccc(Nc3ncc(Cl)c(Nc4ccc5[nH]ncc5c4)n3)cc2,6.9
551,CHEMBL1978562,Cn1cc(c2cc3nc(Br)cnc3[nH]2)c4cc(ccc14)C#N,5.4
556,CHEMBL1989471,CC(C)c1ccc2C(=O)c3c(C)ccnc3Nc2c1,5.7
557,CHEMBL2002099,N#CCC(C1CCCC1)n2cc(cn2)c3ncnc4[nH]ccc34,5.4
568,CHEMBL1966842,COc1ccc(CN(C)C)cc1Nc2nccc(n2)c3c(nc4sccn34)c5cccc(NC(=O)Cc6ccccc6)c5,5.5
571,CHEMBL2002165,CC(O)Cn1cc(cn1)c2cnc(N)c3c(csc23)c4ccc(NC(=O)Nc5cccc(F)c5)cc4,5.8
579,CHEMBL1987261,CC(C)(CN)CNc1cc(cc(F)n1)c2c[nH]c3ncccc23,6.2
580,CHEMBL1973516,CCN1CCN(CC1)c2ccc(Nc3ncc(C#N)c(Nc4ccc5[nH]ncc5c4)n3)cc2,6.6
582,CHEMBL1975128,Nc1n[nH]c2ccc(cc12)c3nnn(Cc4ccccc4)c3I,5.8
584,CHEMBL1996048,Cc1ccc(cc1)c2cc3c(NCCN)ccc(C(=O)N)c3[nH]2,6.0
591,CHEMBL1971519,Nc1n[nH]c2cccc(c3ccc(F)cc3)c12,4.3
593,CHEMBL1997335,COc1ccc(cc1OC)C2=NNc3cccc4c(OC)ccc2c34,5.7
596,CHEMBL1978099,CNC(=O)COc1ccc(Nc2nc(Nc3ccc(C)c(c3)S(=O)(=O)N)ncc2F)cc1,5.3
597,CHEMBL1977041,COC(=O)c1c(C)n2ncnc(N)c2c1c3ccc(NC(=O)Nc4ccccc4)cc3,5.5
603,CHEMBL1985723,CC(C)(CN)CNc1cc(cc(Cl)n1)c2c[nH]c3ncccc23,6.5
605,CHEMBL1998159,Cc1n[nH]c2cnc(cc12)c3cncc(OCC(N)Cc4cccc(c4)C(F)(F)F)c3,6.4
608,CHEMBL539474,O=C1CCCN1Cc2ccc3c(NC(=O)c4cccn34)c2,5.4
610,CHEMBL1988387,Cn1cc(cn1)c2cnc(N)c3c(csc23)c4ccc(NC(=O)Nc5ccc(OC(F)F)cc5)cc4,5.5
613,CHEMBL1977128,O=C(Nc1n[nH]c2ccc(cc12)c3cn(Cc4ccccc4)nn3)c5cccc(c5)C#N,6.1
619,CHEMBL1965702,CN(C)C1CCCC(C1)Nc2nc(Cl)cc(n2)c3c[nH]c4ncccc34,7.0
631,CHEMBL1972584,CC(=O)N1CCN(CC1)C2CCC(CC2)n3nc(c4ccc(NC(=O)c5cc6ccccc6n5C)cc4)c7c(N)ncnc37,5.8
632,CHEMBL2002992,CC(N)C1CCC(CC1)C(=O)Nc2ccnc3[nH]ccc23,5.8
642,CHEMBL2006456,CC(C)CNC1CCC(CC1)Nc2nc(Cl)cc(n2)c3c[nH]c4ncccc34,7.1
658,CHEMBL1999414,CCN(CC)CCCNC(=O)c1cnc(N)c2c(csc12)c3ccc(NC(=O)Nc4cccc(C)c4)cc3,5.4
676,CHEMBL1994555,CCc1c([nH]c2nccnc12)c3ccc(cc3)C(=O)C,5.6
682,CHEMBL1999918,NC(=O)c1cc2c(cncc2s1)c3ccc(Br)c(F)c3F,5.4
684,CHEMBL1997924,C(Nc1nc(Nc2cc([nH]n2)C3CC3)c4sccc4n1)c5ccccc5,7.3
694,CHEMBL1980178,CC(=O)NC1CCCC(C1)Nc2nc(Cl)cc(n2)c3c[nH]c4ncccc34,6.8
705,CHEMBL1975921,Brc1cnc2NC(=O)Nc2c1,4.4
711,CHEMBL2005449,Cc1cc(Nc2nc(Cl)cc(NCc3ccccc3)n2)n[nH]1,6.0
715,CHEMBL1971534,NC(=O)c1cc2ccncc2s1,4.1
717,CHEMBL242865,OC(=O)c1ccccc1Nc2ccnc(Nc3ccc(cc3)[N+](=O)[O-])n2,5.3
719,CHEMBL2002479,NCCCOc1cc2C(=O)NCc2c(c1)c3ccc(Nc4oc5cc(Cl)ccc5n4)cc3,5.5
720,CHEMBL2002480,Nc1nc2ncc(cn2n1)c3ccccc3,4.6
732,CHEMBL1978166,Cc1cccc(NC(=O)Nc2ccc(cc2)c3csc4c(cnc(N)c34)C#CCCCCCCCCN)c1,6.2
737,CHEMBL1990590,Cc1cc(O)nc2[nH]nc(c3cccc(c3)c4ccc(Cl)cc4)c12,5.8
743,CHEMBL1992125,COc1cc(Nc2ncnc(n2)N3CCCc4cc(C)ccc34)cc(OC)c1OC,6.2
745,CHEMBL1972290,NCCNc1cc(cc(Cl)n1)c2c[nH]c3ncccc23,7.6
749,CHEMBL1970104,CC(C)(C)c1ccc2nc([nH]c2c1)c3n[nH]c4ccccc34,5.8
756,CHEMBL1980995,CNC1CC2OC(C)(C1OC)n3c4ccccc4c5c6CNC(=O)c6c7c8ccccc8n2c7c35,8.1
757,CHEMBL1984548,Cn1cc(Nc2ncc(Cl)c(Nc3ccccc3C(=O)N)n2)cn1,8.0
761,CHEMBL2004716,CCN(CC)CCNC(=O)C=Cc1cnc(N)c2c(csc12)c3ccc(NC(=O)Nc4cccc(C)c4)cc3,5.9
768,CHEMBL1968130,Nc1nnc2cncc(Cl)n12,4.2
785,CHEMBL1949855,Clc1cccc2C(=O)NC=Nc12,4.8
788,CHEMBL1972339,Cc1n[nH]c2ccc(cc12)c3nnn(Cc4ccccc4)c3c5ccc(F)cc5,7.1
798,CHEMBL101311,CN(C)CC(O)COc1ccc(Nc2nccc(Nc3cc(Cl)ccc3Cl)n2)cc1,5.9
803,CHEMBL1966722,OC(C(=O)NNC(=S)Nc1ccc(Cl)cc1)(c2ccccc2)c3ccccc3,5.7
804,CHEMBL1983595,Clc1cccc(c1)C(=O)Nc2n[nH]c3ccc(cc23)c4cn(Cc5ccccc5)nn4,6.1
805,CHEMBL1988581,CN(C)CC1=C(O)C2=NC(=CC(=O)N2C=C1)C,6.8
810,CHEMBL2006564,CCN(C(=O)C)c1ccc(Nc2nc(NC3CC3)c4nc[nH]c4n2)cc1,7.3
814,CHEMBL1980253,Clc1cc(nc(NC2CCOCC2)n1)c3c[nH]c4ncccc34,6.9
833,CHEMBL1996980,CNCC(=O)NC1CCC(CC1)Nc2nc(Cl)cc(n2)c3c[nH]c4ncccc34,7.4
838,CHEMBL1994669,Cn1cc(Nc2ncc(Br)c(Nc3ccccc3C(=O)N)n2)cn1,8.1
842,CHEMBL482967,Cc1nc(N)sc1c2ccnc(Nc3ccc(cc3)N4CCOCC4)n2,5.9
847,CHEMBL458997,CNC(=O)c1ccccc1Nc2nc(Nc3ccc(cc3OC)N4CCOCC4)ncc2Cl,5.5
849,CHEMBL1965836,Cc1n[nH]c2ccc(cc12)c3cncc(OCC(N)Cc4cccc(OC(F)(F)F)c4)c3,7.3
856,CHEMBL1982957,NC(=O)c1cccc(c1)c2cnc3[nH]cc(c4ccccc4)c3c2,6.2
867,CHEMBL49120,CCN(CC)CCOc1ccc(Nc2ncc3C=C(C(=O)N(C)c3n2)c4c(Cl)cccc4Cl)cc1,6.2
869,CHEMBL1992231,OC(=O)c1ccccc1Nc2ncnc(Nc3ccc(F)cc3)n2,5.5
870,CHEMBL1983111,CC(=O)NCC(=O)N1C2CCC1c3cc(Nc4ncc(c(NC5CCC5)n4)C(F)(F)F)ccc23,7.0
875,CHEMBL1988141,CCC(=O)Nc1ccc(C(=O)N2CCNCC2)c(O)c1,6.1
883,CHEMBL1991078,COc1ccc(cc1OC)C(=O)Nc2n[nH]c3ccc(cc23)c4cn(Cc5ccccc5)nn4,6.3
886,CHEMBL2000685,CC(=NNC(=N)N)c1cc(NC(=O)c2cccc(c2)C(=O)Nc3cc(cc(c3)C(=NNC(=N)N)C)C(=NNC(=N)N)C)cc(c1)C(=NNC(=N)N)C,6.0
887,CHEMBL2001613,Brc1ccc2NNC(=O)c2c1,4.3
890,CHEMBL1993904,NC(=O)c1cc2c(cnc(N)c2s1)c3ccc(Nc4oc5ccccc5n4)cc3,5.7
891,CHEMBL1994438,NC1CCCCC1Nc2nc(Cl)cc(n2)c3c[nH]c4ncccc34,7.5
900,CHEMBL1965910,Nc1ncnc2c1c(cn2C3CCC(CC3)N4CCCC4)c5cccc(OCc6ccccc6)c5,5.4
905,CHEMBL2000271,Cc1n[nH]c2ccc(cc12)c3cncc(OCC(CN)Cc4ccccc4)c3,6.0
911,CHEMBL2002586,Clc1cc(Nc2nc(NC3CC3)c4sccc4n2)ccc1N5CCOCC5,5.4
915,CHEMBL1967544,CN(C)c1cccc2c(cccc12)S(=O)(=O)N(CCN)c3cncc(c3)c4ccc5cnccc5c4,5.4
920,CHEMBL1969151,CN(C)C1CCC(CC1)Nc2nc(Cl)cc(n2)c3c[nH]c4ncccc34,7.3
922,CHEMBL1993335,Cn1cc(c2cc3nc(Br)cnc3[nH]2)c4cc(F)ccc14,5.9
923,CHEMBL1988692,CC(C)NC1=NNC(=O)C1=Cc2cc3ccccc3[nH]2,5.4
924,CHEMBL2007574,Nc1nc(Cl)cc(n1)c2c[nH]c3ncccc23,5.6
932,CHEMBL592030,NCCCn1cc(c2cc(c3cc4ccccc4s3)c5[nH]ncc5c2)c6nc(N)ncc16,5.6
936,CHEMBL2002613,COc1cc(OC)cc(c1)C(=O)Nc2n[nH]c3ccc(cc23)c4cn(Cc5ccccc5)nn4,5.6
941,CHEMBL1997007,CCCNC(=O)c1ccc(Nc2nc(CC)c3cc[nH]c3n2)cc1,5.8
953,CHEMBL1984162,COCCOC1CCC(CC1)n2nc(c3ccc(Nc4oc5c(C)cc(C)cc5n4)cc3)c6c(N)ncnc26,5.9
955,CHEMBL1998432,NC1CCCC(C1)Nc2nc(Cl)cc(n2)c3c[nH]c4ncccc34,7.0
967,CHEMBL1974288,OCC(NC(=O)c1ccc(cc1)c2ccncc2)c3ccccc3,5.6
968,CHEMBL482538,c1ccc(cc1)c2ccnc3[nH]ccc23,4.1
969,CHEMBL1984296,Cc1ccc(C)c(NC(=O)c2cc(nc3ccccc23)c4occc4)c1,5.4
983,CHEMBL2000568,CC(=O)c1cccc(c1)c2cnc3[nH]ccc3c2,5.4
985,CHEMBL2000335,Cc1ccc(NC(=O)Nc2ccc(cc2)c3csc4ncnc(N)c34)cc1C,5.4
986,CHEMBL1084546,CN(c1ncccc1CNc2nc(Nc3ccc4NC(=O)Cc4c3)ncc2C(F)(F)F)S(=O)(=O)C,6.7
989,CHEMBL1974328,Cc1cccc(Nc2nc(NC3CCCCC3N)cnc2C(=O)N)c1,8.0
1003,CHEMBL1966204,Fc1ccc(cc1)C(=O)Nc2n[nH]c3ccc(cc23)c4cn(Cc5ccccc5)nn4,6.8
1008,CHEMBL1975927,COc1ccc(cc1)n2ccc3cnc(Nc4cc(OC)c(OC)c(OC)c4)nc23,6.5
1013,CHEMBL1977138,CC(Nc1cncc(n1)n2cnc3ccc(cc23)C#N)c4ccccc4F,6.1
1015,CHEMBL1241473,COc1cc(Nc2ncc(c(Nc3ccccc3C(=O)N)n2)[N+](=O)[O-])cc(OC)c1OC,7.5
1020,CHEMBL2004515,C1Oc2ccc(cc2O1)c3ncnc4[nH]ccc34,5.3
1024,CHEMBL1987793,Cc1ccccc1c2c(C(=O)O)n(CCCOc3cccc4ccccc34)c5ccccc25,5.7
1029,CHEMBL1989267,COc1cc(ccc1NC(=O)c2cc3ccccc3n2C)c4csc5c(C=CC(=O)NCCN(C)C)cnc(N)c45,5.5
1034,CHEMBL1970290,CCN(CC)CCNC(=O)c1cccc(c1)n2nc(cc2NC(=O)Nc3cccc4ccccc34)C(C)(C)C,6.3
1041,CHEMBL1993877,Nc1ncnc2c1c(cn2C3CCCC3)C#C,6.3
1046,CHEMBL1973363,COc1cccc(NC(=O)N2CCC(CC2)c3nc4c(cccc4[nH]3)C(=O)N)c1,5.4
1047,CHEMBL1991180,COCc1nnn(c1C(=O)NN=C(C)c2ccc(O)cc2O)c3nonc3N,5.7
1050,CHEMBL1976420,CCc1c([nH]c2nccnc12)c3ccc(cc3)C(C)(C)O,5.8
1052,CHEMBL413779,OCCOc1cc2OCCCCCOc3nc(NC(=O)Nc2cc1Cl)cnc3C#N,5.5
1057,CHEMBL2000029,Cc1ccccc1c2c(nnn2Cc3ccccc3)c4ccc5[nH]nc(N)c5c4,5.5
1063,CHEMBL2001149,Oc1ccc2nc([nH]c2c1)c3ccc(Sc4ccc(cc4)c5nc6ccc(O)cc6[nH]5)cc3,5.4
1065,CHEMBL1987073,Clc1ccc(cc1)C(=O)Nc2n[nH]c3ccc(cc23)c4cn(Cc5ccccc5)nn4,5.8
1067,CHEMBL1973540,O=C1Nc2ccc3ncsc3c2C1=CNc4ccc(cc4)S(=O)(=O)Nc5ccccn5,6.7
1068,CHEMBL2005478,COc1ccc2c(c1)c(cn2C)c3cc4nc(Br)cnc4[nH]3,5.6
1069,CHEMBL1996646,COc1cccc(OC)c1CNc2nc(NC3CCCCC3)nc4ccc(Cl)cc24,5.5
1070,CHEMBL1995712,CN(C)CC(=O)NC1CCCC(C1)Nc2nc(Cl)cc(n2)c3c[nH]c4ncccc34,6.4
1071,CHEMBL1979773,CN(CCN)C(=O)c1cccc(c1)n2nc(cc2NC(=O)Nc3cccc4ccccc34)C(C)(C)C,5.8
1076,CHEMBL1996702,COc1cc(ccc1O)c2ccc3C(=O)Nc4cc(ccc4Nc3c2)C(=O)NCCCN(C)C,6.2
1089,CHEMBL1991674,OC1CCC(CC1)Nc2cc(Cl)nc(n2)c3c[nH]c4ncccc34,7.0
1094,CHEMBL2004118,CCc1nc(Nc2ccc(N3CCOCC3)c(Cl)c2)nc4[nH]ccc14,5.7
1103,CHEMBL1995211,CC(C)(C)Nc1ncnc2[nH]cc(c3ccccc3)c12,6.0
1104,CHEMBL1988838,Cc1cnc(Nc2cccc(c2)S(=O)(=O)N)nc1Nc3ccc(OCC(=O)N)cc3,6.2
1105,CHEMBL1981725,CCN1CCN(CC1)c2ccc(Nc3nccc(n3)c4c(nc5ccccn45)c6cccc(c6)C(=O)Nc7ccccc7F)cc2,6.4
1108,CHEMBL1980562,CS(=O)(=O)NC1CCC(CC1)Nc2nc(Cl)cc(n2)c3c[nH]c4ncccc34,6.9
1125,CHEMBL2001641,CC(C)(O)c1cn(nn1)c2ccc3[nH]ncc3c2,4.0
1126,CHEMBL1976936,OC1CCCC(C1)Nc2cc(Cl)nc(n2)c3c[nH]c4ncccc34,7.1
1127,CHEMBL1997193,Cc1ccc(s1)C2=C(C#N)C(=O)NC(=C2)c3cc(Br)ccc3O,5.7
1138,CHEMBL1983715,CCNc1nc(C)c(s1)c2ccnc(Nc3ccc(cc3)N4CCN(CC4)C(=O)C)n2,6.2
1147,CHEMBL1987448,Nc1cc(cc(Cl)n1)c2c[nH]c3ncccc23,6.0
1158,CHEMBL2005216,CS(=O)(=O)NC1CCC(CC1)Nc2cc(Cl)nc(n2)c3c[nH]c4ncccc34,7.6
1160,CHEMBL1980763,CC(C)Cc1nc(Nc2ccc(N3CCOCC3)c(Cl)c2)nc4[nH]ccc14,5.5
1164,CHEMBL1977931,CC(=O)c1ccccc1c2ncnc3[nH]ccc23,4.3
1165,CHEMBL1970879,COc1cc(ccc1NC(=O)c2cc3ccccc3n2C)c4nn(C5CCC(CC5)N6CCN(CC6)C(=O)C)c7ncnc(N)c47,6.3
1173,CHEMBL1974870,Cc1n[nH]c2ccc(cc12)c3cncc(OCC(N)Cc4cccc(Cl)c4)c3,7.5
1177,CHEMBL1970903,Cc1n[nH]c2ccc(cc12)c3cncc(OCC(N)Cc4c[nH]c5ccccc45)c3,5.8
1179,CHEMBL2003785,Fc1cccc(CNc2ncnc3[nH]cnc23)c1,4.7
1180,CHEMBL1973720,NC1CCC(CC1)Nc2nc(Cl)cc(n2)c3c[nH]c4ncccc34,7.4
1186,CHEMBL1983070,CCOc1ccccc1c2cccc(c2)c3n[nH]c4nc(O)cc(C)c34,6.3
1207,CHEMBL2001751,NC(COc1cncc(c1)c2ccc3NC(=O)C(=Cc4occc4)c3c2)Cc5c[nH]c6ccccc56,5.9
1212,CHEMBL2002723,CC(=O)Nc1ccc(cc1)n2nc3ccc(N)nc3n2,5.5
1213,CHEMBL1973395,OC1CCN(CC1)c2ncnc3[nH]cc(c4ccccc4)c23,5.4
1227,CHEMBL1973793,ON=C1c2ccccc2c3ccc(NS(=O)(=O)c4cccc(Br)c4)cc13,5.4
1228,CHEMBL1969588,Clc1cc(cc(NCc2ccccc2)n1)c3c[nH]c4ncccc34,5.7
1229,CHEMBL1984711,COc1cc(Nc2nccc(Nc3onc(c3)C4CCCCC4)n2)cc(OC)c1OC,6.0
1230,CHEMBL1967878,CN1CCN(CC1)c2ccc(Nc3ncc(F)c(NC4C5CC(C=C5)C4C(=O)N)n3)cc2C,6.1
1232,CHEMBL1992073,CCC1CC(CC1c2ncc3cnc4[nH]ccc4n23)NS(=O)(=O)C5CC5,5.6
1237,CHEMBL2007559,CCCNC(=O)c1ccc(Nc2nc(NCC(F)(F)F)c3sccc3n2)cc1,6.3
1244,CHEMBL2000393,Fc1ccc2ncn(c3ncc4NC(=O)N(C5CCOc6c(F)cccc56)c4n3)c2c1,5.3
1254,CHEMBL2001239,Nc1ncnc(Nc2cc(CNC(=O)C(F)(F)F)c(O)c(c2)c3ccc(Cl)cc3)n1,5.9
1257,CHEMBL1992363,CN(C)c1ccc(cc1)C(=O)Nc2n[nH]c3ccc(cc23)c4cn(Cc5ccccc5)nn4,7.0
1268,CHEMBL1982271,CN(C)CC(=O)NC1CCC(CC1)Nc2nc(Cl)cc(n2)c3c[nH]c4ncccc34,7.5
1269,CHEMBL189963,CC(=O)C1=C(C)c2cnc(Nc3ccc(cn3)N4CCNCC4)nc2N(C5CCCC5)C1=O,5.4
1274,CHEMBL396523,OC(=O)c1ccccc1Nc2ccnc(Nc3ccc4[nH]ncc4c3)n2,5.5
1286,CHEMBL1971029,CNS(=O)(=O)c1ccccc1Nc2nc(Nc3cc(ccc3OC)N4CCN(CC4)C(=O)C)ncc2Br,7.7
1296,CHEMBL379975,Oc1ccc2[nH]c3cc(c4ccccc4Cl)c5C(=O)NC(=O)c5c3c2c1,6.0
1300,CHEMBL2001539,C1Cc2sccc2c3[nH]ncc13,4.3
1301,CHEMBL1997041,Cc1cc(ccc1F)c2ncnc3[nH]ccc23,5.1
1304,CHEMBL1986666,OC(=O)c1ccccc1Nc2ncnc(Nc3ccc4cn[nH]c4c3)n2,6.0
1309,CHEMBL1988437,CNC(=O)c1ccccc1Sc2ccc3c(C=Cc4ccccn4)n[nH]c3c2,5.6
1312,CHEMBL1998121,NCCC(C(=O)Nc1ccc2[nH]ncc2c1)c3ccc(Cl)c(Cl)c3,5.7
1321,CHEMBL1996649,CCN(CC)CCCNC(=O)c1cnc(N)c2c(csc12)c3ccc(NC(=O)Nc4cccc(F)c4)cc3,5.3
1322,CHEMBL1996817,CCCCOc1ncnc2[nH]cc(c3ccccc3)c12,6.2
1341,CHEMBL1973359,NC(=O)c1ccc2nc(cn2c1)c3oc(cc3)[N+](=O)[O-],6.1
1344,CHEMBL1990162,O=C(Nc1n[nH]c2ccc(cc12)c3cn(Cc4ccccc4)nn3)c5ccc(cc5)C#N,6.6
1345,CHEMBL1992220,CCNC(=O)NC1CCC(CC1)Nc2nc(Cl)cc(n2)c3c[nH]c4ncccc34,7.6
1347,CHEMBL1979690,CN1CCN(CC1)c2ccc(Nc3ncc(Cl)c(Nc4ccc5[nH]ncc5c4)n3)cc2,6.9
1353,CHEMBL1999931,O=C(Nc1n[nH]c2ccc(cc12)c3cn(Cc4ccccc4)nn3)c5ccccc5,6.5
1356,CHEMBL1983575,Oc1c(Br)cc(C=NNC(=O)Nc2ccccc2)cc1Br,6.8
1361,CHEMBL1981047,COC(C(=O)N1Cc2[nH]nc(NC(=O)c3ccc(cc3)N4CCN(C)CC4)c2C1)c5ccccc5,5.5
1362,CHEMBL1991063,Cc1n[nH]c2ccc(cc12)c3cncc(OCC(N)Cc4ccc(Cl)c(Cl)c4)c3,7.1
1365,CHEMBL1987948,CS(=O)(=O)NC1CCCC(C1)Nc2nc(Cl)cc(n2)c3c[nH]c4ncccc34,6.8
1371,CHEMBL2002726,Cc1n[nH]c2ccc(cc12)c3cncc(OCC(N)Cc4ccccc4)c3,5.6
1375,CHEMBL1987054,COCCOC1CCC(CC1)n2nc(c3ccc(Nc4oc5c(Cl)cc(C)cc5n4)cc3)c6c(N)ncnc26,5.5
1381,CHEMBL1977223,CCCC(=O)Nc1n[nH]c2ccc(cc12)c3cn(Cc4ccccc4)nn3,5.4
1382,CHEMBL1995765,NC1=CC(=O)NN1c2ccccn2,4.2
1385,CHEMBL1997846,Clc1cc(NC2CCCCC2)nc(n1)c3c[nH]c4ncccc34,6.1
1386,CHEMBL1984760,CCCNC(=O)c1ccc(Nc2nc(CCC(F)(F)F)c3cc[nH]c3n2)cc1,6.2
1388,CHEMBL1991728,CC(=NNC(=N)N)c1cc(NC(=O)NCCCCCCNC(=O)Nc2cc(cc(c2)C(=NNC(=N)N)C)C(=NNC(=N)N)C)cc(c1)C(=NNC(=N)N)C,5.6
1391,CHEMBL1995811,Fc1ccc(F)c(c1)C(=O)Nc2n[nH]c3ccc(cc23)c4cn(Cc5ccccc5)nn4,5.5
1397,CHEMBL1968930,CC(C)(CN)CNc1nc(Cl)cc(n1)c2c[nH]c3ncccc23,6.9
1404,CHEMBL1983923,CN1CCN(CC1)c2cc(Nc3cc(C)[nH]n3)nc(C=Cc4ccccc4)n2,6.4
1420,CHEMBL2003638,Fc1cccc(c1)C(=O)Nc2n[nH]c3ccc(cc23)c4cn(Cc5ccccc5)nn4,6.0
1424,CHEMBL1966524,NC(COc1cncc(c1)c2cc3ccncc3s2)Cc4c[nH]c5ccccc45,5.3
1434,CHEMBL1967252,Cc1n[nH]c2ccc(cc12)c3cccnc3,4.1
1435,CHEMBL2004637,CCN(CCN)C(=O)c1cccc(c1)n2nc(cc2NC(=O)Nc3cccc4ccccc34)C(C)(C)C,6.1
1438,CHEMBL1994318,CC(C)N(CCCN)C(=O)c1cccc(c1)n2nc(cc2NC(=O)Nc3cccc4ccccc34)C(C)(C)C,5.6
1442,CHEMBL1967720,CC(C)(C(=O)N)n1cc(cn1)c2cnc(N)c3c(csc23)c4ccc(NC(=O)Nc5cccc(F)c5)cc4,5.7
1443,CHEMBL2005509,CNC(=O)NC1CCC(CC1)Nc2nc(Cl)cc(n2)c3c[nH]c4ncccc34,7.5
1461,CHEMBL1986855,COc1ccc(CNc2cc(cc(F)n2)c3c[nH]c4ncccc34)cc1,7.3
1465,CHEMBL2006765,CCCNC(=O)c1ccc(Nc2nc(NCC(F)(F)F)c3cc[nH]c3n2)cc1,7.4
1467,CHEMBL1997617,CN1CCN(CC1)C2CCC(CC2)n3cc(c4ccc(Oc5ccccc5)cc4)c6c(N)ncnc36,6.7
1468,CHEMBL1969301,CCCCn1c(NC(=O)c2cccc(c2)C#N)nc3cc(ccc13)N(C)C(=O)C4CCCCC4,5.7
1474,CHEMBL1983980,OCc1ccc(cc1)c2sc(nc2C(=O)O)N3CCc4cccc(C(=O)Nc5nc6ccccc6s5)c4C3,5.3
1475,CHEMBL1999484,CNc1nc(C)c(s1)c2ccnc(Nc3ccc(cc3)N4CCNCC4)n2,6.3
1481,CHEMBL243088,OC(=O)c1ccccc1Nc2ccnc(Nc3cccc(O)c3)n2,5.5
1484,CHEMBL1993661,CNS(=O)(=O)c1ccccc1Nc2nc(Nc3cc(OC)c(OC)c(OC)c3)ncc2Cl,8.8
1486,CHEMBL1980391,COc1cc2Nc3n[nH]c(C)c3N=C(c4ccccc4Cl)c2cc1F,7.1
1495,CHEMBL2064557,CN1CCN([C@@H](Cc2ccccc2)C1)C(=O)N3Cc4c(NC(=O)c5cccc(Oc6ccccc6)c5)n[nH]c4C3(C)C,7.19
1497,CHEMBL2064558,CN(C)C[C@@H](NC(=O)N1Cc2c(NC(=O)c3ccccc3)n[nH]c2C1(C)C)c4ccccc4,7.52
1499,CHEMBL2064559,CN(C)C[C@@H](N(C)C(=O)N1Cc2c(NC(=O)c3ccccc3)n[nH]c2C1(C)C)c4ccccc4,6.29
1507,CHEMBL2064563,CN(C)C[C@@H](NC(=O)N1Cc2c(NC(=O)c3ccccc3F)n[nH]c2C1(C)C)c4ccccc4,7.01
1523,CHEMBL2205766,CC(C)(C)NS(=O)(=O)c1cncc(c1)c2ccn3nc(N)nc3c2,5.03
1847,CHEMBL2312654,CN(C)C1CCC(CC1)Nc2nc(Nc3cc(Cl)cc(Cl)c3)ncc2c4onc(C)c4,5.24
1848,CHEMBL2312652,CN1CCC(CC1)NC(=O)c2cnc(Nc3cc(Cl)cc(Cl)c3)nc2N[C@@H]4COC[C@H]4O,4.52
1849,CHEMBL2312649,CN(C)C1CCC(CC1)Nc2nc(Nc3cc(Cl)cc(Cl)c3)ncc2C(=O)NC4CCN(C)CC4,4.52
1850,CHEMBL2312646,CN1CCC(CC1)NC(=O)c2cnc(NCc3cc(Cl)ccc3Cl)nc2NC4CCCC4,4.52
1851,CHEMBL2312645,COc1ccccc1CNc2ncc(C(=O)NC3CCN(C)CC3)c(NC4CCCC4)n2,4.52
1903,CHEMBL3128057,CC(C)(O)C#Cc1ccc2cnn(c3ccnc(N)n3)c2c1,6.92
1904,CHEMBL3128056,CC(C)(O)C#Cc1ccc2cnn(c3cc(N)ncn3)c2c1,5.89
1905,CHEMBL3128055,CCNc1nc2ccc(cc2n1c3ncnc(N)n3)C#CC(C)(C)O,7.22
1906,CHEMBL3128053,Cc1nc2ccc(cc2n1c3ncnc(N)n3)C#C[C@@](C)(O)c4nccs4,6.22
1908,CHEMBL3128051,Cc1nc2ccc(cc2n1c3ncnc(N)n3)C#C[C@@]4(O)C[C@@H]5CC[C@H]4C5,6.72
1910,CHEMBL3128047,Cc1nc2ccc(cc2n1c3ncnc(N)n3)C#CC(C)(O)CC4CC4,6.17
1934,CHEMBL3355024,CNc1nc2ccc(cc2n1c3ncnc(N)n3)C#C[C@@](C)(O)c4cc(C)on4,7.45
2119,CHEMBL3580976,CCN(Cc1ccc2[nH]cnc2c1Cl)c3nccc(Nc4cc([nH]n4)C5CC5)n3,6.26
2120,CHEMBL3580975,CN(Cc1ccc2[nH]cnc2c1Cl)c3nccc(Nc4cc([nH]n4)C5CC5)n3,6.57
2121,CHEMBL3580974,Clc1c(CNc2nccc(Nc3cc([nH]n3)C4CC4)n2)ccc5[nH]cnc15,6.34
2122,CHEMBL3580973,Fc1c(CNc2nccc(Nc3cc([nH]n3)C4CC4)n2)ccc5[nH]cnc15,5.96
2123,CHEMBL3580972,C[C@H](Nc1nccc(Nc2cc([nH]n2)C3CC3)n1)c4ccc5[nH]cnc5c4,6.98
2124,CHEMBL3580971,Cn1cnc2ccc(CNc3nccc(Nc4cc([nH]n4)C5CC5)n3)cc12,5.72
2125,CHEMBL3580970,Cn1cnc2cc(CNc3nccc(Nc4cc([nH]n4)C5CC5)n3)ccc12,5.78
2126,CHEMBL3580969,C(Nc1nccc(Nc2cc([nH]n2)C3CC3)n1)c4ccc5[nH]cnc5c4,6.02
2127,CHEMBL3580968,C[C@H](Nc1nccc(Nc2cc([nH]n2)C3CC3)n1)c4ccc5[nH]ccc5c4,7.38
2128,CHEMBL3580967,C(Nc1nccc(Nc2cc([nH]n2)C3CC3)n1)c4ccc5[nH]ccc5c4,6.84
2129,CHEMBL3580966,CN(C)c1ccc(CNc2nccc(Nc3cc([nH]n3)C4CC4)n2)cn1,6.04
2130,CHEMBL3580965,CNc1ccc(CNc2nccc(Nc3cc([nH]n3)C4CC4)n2)cn1,6.22
2131,CHEMBL3580964,Nc1ccc(CNc2nccc(Nc3cc([nH]n3)C4CC4)n2)cn1,6.25
2133,CHEMBL3580962,N[C@@H]1CC[C@@H](CNc2nccc(Nc3cc([nH]n3)C4CC4)n2)CC1,7.42
2134,CHEMBL3580961,N[C@@H]1CC[C@H](CC1)Nc2nccc(Nc3cc([nH]n3)C4CC4)n2,7.0
2135,CHEMBL3580960,C(Nc1nccc(Nc2cc([nH]n2)C3CC3)n1)C4CCNCC4,7.1
2136,CHEMBL3580959,NC1CCN(CC1)c2cc(Nc3cc([nH]n3)C4CC4)ccn2,5.74
2137,CHEMBL3580958,NC1CCN(CC1)c2cccc(Nc3cc([nH]n3)C4CC4)n2,6.21
2138,CHEMBL3580957,NC1CCN(CC1)c2nccc(Nc3cc([nH]n3)C4CC4)n2,6.55
2139,CHEMBL3580956,NC1CCN(CC1)c2nc(Nc3cc([nH]n3)C4CC4)c5occc5n2,7.35
2143,CHEMBL3580948,CC1CCN(CC1)c2nc(Nc3cc([nH]n3)C4CC4)c5ccccc5n2,7.31
2146,CHEMBL3593823,Clc1c(CNc2nccc(Nc3cc([nH]n3)C4CCCO4)n2)ccc5[nH]cnc15,5.89
2147,CHEMBL3593824,CN(Cc1ccc2[nH]cnc2c1Cl)c3nccc(Nc4cc([nH]n4)C5CCC(=O)C5)n3,6.2
2148,CHEMBL3593825,COCC(C)c1cc(Nc2ccnc(n2)N(C)Cc3ccc4[nH]cnc4c3Cl)n[nH]1,6.21
2151,CHEMBL3594175,CN(Cc1ccc2[nH]cnc2c1Cl)c3nccc(Nc4cc([nH]n4)[C@H]5CCN(C)C5=O)n3,6.02
2152,CHEMBL3594176,CN1CC[C@@H](C1=O)c2cc(Nc3ccnc(NC[C@@H]4CC[C@@H](N)CC4)n3)n[nH]2,5.9
2153,CHEMBL3594177,CN(C[C@@H]1CC[C@@H](N)CC1)c2nccc(Nc3cc([nH]n3)[C@H]4CCN(C)C4=O)n2,6.46
2154,CHEMBL3594178,CCN(C[C@@H]1CC[C@@H](N)CC1)c2nccc(Nc3cc([nH]n3)[C@H]4CCN(C)C4=O)n2,6.21
2155,CHEMBL3594179,CN(C[C@@H]1CC[C@@H](N)CC1)c2nccc(Nc3cc([nH]n3)C4CCCN(C)C4=O)n2,5.6
2156,CHEMBL3594180,CCN1CC[C@@H](C1=O)c2cc(Nc3ccnc(n3)N(C)C[C@@H]4CC[C@@H](N)CC4)n[nH]2,6.09
2157,CHEMBL3594181,C[C@H]1CN(C)C(=O)[C@@H]1c2cc(Nc3ccnc(n3)N(C)C[C@@H]4CC[C@@H](N)CC4)n[nH]2,5.99
2161,CHEMBL3596900,Clc1ccccc1c2c[nH]c3ncc(cc23)c4cnn(c4)C5CCNCC5,6.77
2162,CHEMBL3596899,Clc1ccccc1C(=O)c2c[nH]c3ncc(cc23)c4cnn(c4)C5CCNCC5,6.26
2163,CHEMBL3596898,Clc1ccccc1Cc2c[nH]c3ncc(cc23)c4cnn(c4)C5CCNCC5,5.92
2172,CHEMBL3609326,CCN1C(=O)C(=Cc2cnc(Nc3ccc(N4CCNCC4)c(F)c3)nc12)c5ccc(Cl)cc5Cl,6.11
2184,CHEMBL3674607,CC1(C)N(Cc2c(Nc3ncnc4ccsc34)[nH]nc12)C(=O)N[C@H]5CC5c6ccccc6,7.39
2190,CHEMBL3669581,CC1(C)N(Cc2c(Nc3cc(Cl)nc(Cl)n3)[nH]nc12)C(=O)NC4C[C@@H]4c5ccccc5,6.96
2191,CHEMBL3669582,CN(C)C[C@@H](NC(=O)N1Cc2c(Nc3ncnc4ccsc34)n[nH]c2C1(C)C)c5ccccc5,6.66
2195,CHEMBL3669584,CCCOc1nc(Cl)nc(Nc2[nH]nc3c2CN(C(=O)NC4CC4c5ccccc5)C3(C)C)n1,7.06
2197,CHEMBL3669585,CC1(C)N(Cc2c(Nc3nc(N)nc(Cl)n3)[nH]nc12)C(=O)NC4CC4c5ccccc5,6.22
2198,CHEMBL3669586,CC1(C)N(Cc2c(Nc3nc(Cl)nc(Cl)n3)[nH]nc12)C(=O)NC4CC4c5ccccc5,6.57
2200,CHEMBL3669587,COc1nc(Cl)nc(Nc2[nH]nc3c2CN(C(=O)NC4CC4c5ccccc5)C3(C)C)n1,6.92
2202,CHEMBL3669588,CSc1nc(Nc2[nH]nc3c2CN(C(=O)NC4CC4c5ccccc5)C3(C)C)cc(n1)C(F)(F)F,6.02
2203,CHEMBL3669589,CC1(C)N(Cc2c(Nc3nc(Cl)nc4ccccc34)[nH]nc12)C(=O)NC5CC5c6ccccc6,7.42
2206,CHEMBL3669591,COc1nc(Nc2[nH]nc3c2CN(C(=O)NC4C[C@@H]4c5ccccc5)C3(C)C)nc(OC)n1,6.57
2207,CHEMBL3669592,CN(C)c1nc(Cl)nc(Nc2[nH]nc3c2CN(C(=O)NC4CC4c5ccccc5)C3(C)C)n1,7.05
2209,CHEMBL3669593,COc1nc(Nc2[nH]nc3c2CN(C(=O)NC4C[C@@H]4c5ccccc5)C3(C)C)nc(n1)N6CCC[C@H]6CO,7.12
2211,CHEMBL3669594,CNC(=O)[C@@H]1CCCN1c2nc(Nc3[nH]nc4c3CN(C(=O)NC5CC5c6ccccc6)C4(C)C)nc(OC)n2,6.11
2212,CHEMBL3669595,COc1nc(Nc2n[nH]c3c2CN(C(=O)NC4CC4c5ccccc5)C3(C)C)nc(n1)N6CC6C,6.47
2213,CHEMBL3669596,COc1nc(Nc2n[nH]c3c2CN(C(=O)NC4CC4c5ccccc5)C3(C)C)nc(n1)N6CCCC6,6.72
2214,CHEMBL3674612,COc1nc(Nc2[nH]nc3c2CN(C(=O)NC4CC4c5ccccc5)C3(C)C)nc(n1)N6CCCC6C#N,7.05
2216,CHEMBL3669597,COc1nc(Nc2[nH]nc3c2CN(C(=O)NC4CC4c5ccccc5)C3(C)C)nc(n1)N6CCC[C@H]6C(=O)N,6.62
2217,CHEMBL3669598,CN(C)c1nc(Nc2[nH]nc3c2CN(C(=O)NC4C[C@@H]4c5ccccc5)C3(C)C)nc(n1)N6CCC[C@H]6C(=O)N,6.14
2218,CHEMBL3669599,CN(C)c1nc(Nc2[nH]nc3c2CN(C(=O)NC4C[C@@H]4c5ccccc5)C3(C)C)nc(n1)N6CCC[C@H]6CO,6.85
2220,CHEMBL3669600,Cc1cc(C)nc(Nc2[nH]nc3c2CN(C(=O)NC4C[C@@H]4c5ccccc5)C3(C)C)n1,6.19
2221,CHEMBL3669601,CC1(C)N(Cc2c(Nc3cc(ccn3)C(F)(F)F)n[nH]c12)C(=O)NC4C[C@@H]4c5ccccc5,6.11
2222,CHEMBL3669602,Cc1cc(cc(Nc2n[nH]c3c2CN(C(=O)NC4C[C@@H]4c5ccccc5)C3(C)C)n1)C(F)(F)F,6.66
2223,CHEMBL3669603,CC1(C)N(Cc2c(Nc3cccc(n3)C(F)(F)F)[nH]nc12)C(=O)NC4C[C@@H]4c5ccccc5,6.7
2224,CHEMBL3669604,CC1(C)N(Cc2c(Nc3nccc(n3)C(F)(F)F)[nH]nc12)C(=O)NC4C[C@@H]4c5ccccc5,6.57
2225,CHEMBL3669605,CC1(C)N(Cc2c(Nc3cc(ccn3)[N+]#[C-])[nH]nc12)C(=O)NC4C[C@@H]4c5ccccc5,6.18
2226,CHEMBL3669606,CC1(C)N(Cc2c(Nc3ccnc(n3)C(F)(F)F)[nH]nc12)C(=O)NC4C[C@@H]4c5ccccc5,7.1
2232,CHEMBL3639684,CC1(C)N(Cc2c(Nc3ccnc(n3)C#N)[nH]nc12)C(=O)N[C@@H]4C[C@H]4c5ccccc5,7.33
2236,CHEMBL3669609,Cc1cc2c(Nc3[nH]nc4c3CN(C(=O)N[C@@H]5C[C@H]5c6ccccc6)C4(C)C)ncnc2s1,6.59
2239,CHEMBL3669611,CCOc1ncc(F)c(Nc2[nH]nc3c2CN(C(=O)N[C@@H]4C[C@H]4c5ccccc5)C3(C)C)n1,6.57
2241,CHEMBL3669612,CN(C)c1cc(Nc2[nH]nc3c2CN(C(=O)N[C@@H]4C[C@H]4c5ccccc5)C3(C)C)nc(C)n1,7.02
2250,CHEMBL3669617,COc1ncc(F)c(Nc2[nH]nc3c2CN(C(=O)N[C@@H]4C[C@H]4c5ccccc5)C3(C)C)n1,6.35
2252,CHEMBL3669618,Cc1ncc(F)c(Nc2[nH]nc3c2CN(C(=O)N[C@@H]4C[C@H]4c5ccccc5)C3(C)C)n1,6.64
2258,CHEMBL3669620,Cc1nc(Nc2n[nH]c3c2CN(C(=O)N[C@H]4C[C@@H]4c5ccccc5)C3(C)C)c6ccsc6n1,6.43
2260,CHEMBL3669621,CC1(C)N(Cc2c(Nc3ncncc3F)[nH]nc12)C(=O)N[C@H]4C[C@@H]4c5ccccc5,6.0
2261,CHEMBL3669622,Cc1csc2c(Nc3[nH]nc4c3CN(C(=O)N[C@H]5C[C@@H]5c6ccccc6)C4(C)C)ncnc12,6.8
2267,CHEMBL3664512,CC1(C)N(Cc2c(Nc3ncnc4ccoc34)n[nH]c12)C(=O)N[C@H]5C[C@@H]5c6ccccc6,7.17
2269,CHEMBL3669624,CCc1cc(Nc2[nH]nc3c2CN(C(=O)N[C@H](CN(C)C)c4ccccc4)C3(C)C)ncn1,6.85
2271,CHEMBL3669626,CN(C)C[C@@H](NC(=O)N1Cc2c(Nc3ncnc(C)c3F)[nH]nc2C1(C)C)c4ccccc4,6.62
2278,CHEMBL3669629,CN(C)C[C@@H](NC(=O)N1Cc2c(Nc3ccnc(n3)C#N)[nH]nc2C1(C)C)c4ccccc4,7.4
2288,CHEMBL3669633,CN(C)C[C@@H](NC(=O)N1Cc2c(Nc3ccnc(C)n3)[nH]nc2C1(C)C)c4ccccc4,6.17
2290,CHEMBL3669634,COc1ncc(F)c(Nc2[nH]nc3c2CN(C(=O)N[C@H](CN(C)C)c4ccccc4)C3(C)C)n1,6.77
2311,CHEMBL3674601,CN(C)C[C@@H](OC(=O)N1Cc2c(Nc3ncnc(C)c3F)[nH]nc2C1(C)C)c4ccccc4,7.03
2313,CHEMBL3674602,CN(C)C[C@@H](OC(=O)N1Cc2c(Nc3ncnc4c3ncn4C)[nH]nc2C1(C)C)c5ccccc5,6.48
2315,CHEMBL3674603,COc1ncc(F)c(Nc2[nH]nc3c2CN(C(=O)O[C@H](CN(C)C)c4ccccc4)C3(C)C)n1,7.41
2319,CHEMBL3674605,C[C@H]1CN2CCC[C@H]2CN1C(=O)N3Cc4c(Nc5ncnc6c(C)csc56)[nH]nc4C3(C)C,7.08
2320,CHEMBL3674606,C[C@H]1CN2CCC[C@H]2CN1C(=O)N3Cc4c(Nc5ncnc(C)c5F)[nH]nc4C3(C)C,5.6
2321,CHEMBL3674608,CN(C)C[C@@H](NC(=O)N1Cc2c(Nc3ncnc4ccoc34)[nH]nc2C1(C)C)c5ccccc5,7.24
2323,CHEMBL3674609,Cc1nc(Nc2[nH]nc3c2CN(C(=O)NC4C[C@H]4c5ccccc5)C3(C)C)c6ccccc6n1,7.47
2325,CHEMBL3674610,CC1(C)N(Cc2c(Nc3ncnc4ccccc34)[nH]nc12)C(=O)NC5C[C@H]5c6ccccc6,7.0
2326,CHEMBL3674611,CC1(C)N(Cc2c(Nc3nc(nc4ccccc34)C5CC5)[nH]nc12)C(=O)NC6C[C@H]6c7ccccc7,7.26
2366,CHEMBL3824075,C(Nc1nccc(Nc2cc([nH]n2)C3CC3)n1)c4ccc5[nH]ccc5n4,6.3
