,molecule_chembl_id,canonical_smiles,pchembl_value
0,CHEMBL3715388,NC12CC3CC(C1)CC(C3)(C2)NC(=O)c4ccnc5nc([nH]c45)c6cccs6,7.62
1,CHEMBL3716544,NC12CC3CC(C1)CC(C3)(C2)NC(=O)c4ccnc5[nH]c(nc45)C6CC6,8.28
2,CHEMBL3715360,O=C(N[C@H]1CCCNC1)c2ccnc3nc([nH]c23)c4ccc(s4)N5CCNCC5,8.28
6,CHEMBL248757,Clc1cc2NC(=O)Nc3cnc(C#N)c(OCCCCOc2cc1NCc4cncs4)n3,5.28
11,CHEMBL583144,Clc1ccc(Cl)c2c3N=CNC(=O)c3sc12,6.5
34,CHEMBL213505,Nc1ncnc2onc(c3ccc(NC(=O)Nc4cccc(c4)C(F)(F)F)cc3)c12,5.2
40,CHEMBL1973142,CC(=O)Nc1c(sc2ccc(Cl)c(Cl)c12)C(=O)N,6.3
43,CHEMBL2005936,CCCC(=O)Nc1n[nH]c2ccc(cc12)c3nnn(Cc4ccccc4)c3c5ccccc5,5.3
44,CHEMBL1966628,NC1CCC(CC1)Nc2nccc(n2)c3c[nH]c4ncccc34,6.2
46,CHEMBL1995813,NC1CCCCC1Nc2nccc(n2)c3c[nH]c4ncccc34,6.2
47,CHEMBL1993781,NC(COCc1ccccc1)COc2cncc(C=Cc3ccncc3)c2,5.1
48,CHEMBL244378,OC(=O)c1ccccc1Nc2ccnc(Nc3ccc4cn[nH]c4c3)n2,5.3
52,CHEMBL2006263,Cc1nc2ccc(NS(=O)(=O)c3ccc(N)cc3)cc2nc1C,5.9
53,CHEMBL2001646,Cc1ccccc1c2cccc3c2c(Nc4ccccc4)c(C(=O)O)n3CCCOc5cccc6ccccc56,5.4
54,CHEMBL1993584,OC(COc1cncc(C=Cc2ccncc2)c1)Cc3c[nH]c4ccccc34,5.6
55,CHEMBL1986263,CCN1C(=O)SC(=C1C)c2ccnc(Nc3cccc(OC)c3)n2,6.2
64,CHEMBL223360,Cc1ccc(F)c(NC(=O)Nc2ccc(cc2)c3cccc4[nH]nc(N)c34)c1,5.4
71,CHEMBL1995172,Brc1ccc2Cc3cn[nH]c3c2c1,5.1
92,CHEMBL1975128,Nc1n[nH]c2ccc(cc12)c3nnn(Cc4ccccc4)c3I,5.6
95,CHEMBL1966425,CN(C)CCCOc1cc2C(=O)NCc2c(c1)c3ccc(Nc4oc5ccccc5n4)cc3,5.1
97,CHEMBL1988608,CC(=O)Nc1cccc(CNC2=C(Nc3ccc4[nH]ncc4c3)C(=O)C2=O)c1,5.3
106,CHEMBL1974803,OC1=C(c2cc(Cl)ccc2O)c3c(Cl)cc(Cl)cc3NC1=O,6.5
110,CHEMBL1958401,O=C1NC(=NC(=C1)c2ccncc2)NC3CCCCC3,5.2
113,CHEMBL1966816,Fc1cccc2c(NC(=O)Nc3cccc(n3)C(F)(F)F)ccnc12,5.1
114,CHEMBL2002992,CC(N)C1CCC(CC1)C(=O)Nc2ccnc3[nH]ccc23,5.3
117,CHEMBL1990635,CC1CCCN1CCc2cc3cc(ccc3[nH]2)c4ccc(OC(F)(F)F)cc4,5.7
119,CHEMBL2002682,Cc1cccc(Cl)c1c2cccc3c(CCCOc4cccc5ccccc45)c([nH]c23)C(=O)NCCOCCOCCN,5.4
125,CHEMBL1987899,CN(C1=C(NCc2ccc(Cl)cc2Cl)C(=O)C1=O)c3ccc4[nH]ncc4c3,5.0
130,CHEMBL1965131,Cc1ccc(cc1)C(=O)Nc2c(sc3ccc(Cl)c(Cl)c23)C(=O)N,6.3
133,CHEMBL2006580,Oc1ccc(Nc2ncnc3scc(Cl)c23)cc1,5.1
140,CHEMBL1966703,Cc1n[nH]c2NC3=C(C(c4ccccc4F)c12)C(=O)CC(C)(C)C3,5.1
144,CHEMBL1964687,Cc1cc(C)cc(NC(=O)Nc2ccc3c(CCc4sc5ncnc(N)c5c34)c2)c1,5.8
146,CHEMBL1974254,CCOc1ccc(NC(=O)Nc2ccc(cc2)c3csc4c(cnc(N)c34)c5cnn(C)c5)cc1,5.4
147,CHEMBL1988537,COc1ccc(cc1)C(=O)N2c3ccccc3Sc4c(Cl)cncc24,5.5
154,CHEMBL1998611,NC(=O)c1sc2c(Br)ccc(Cl)c2c1N,6.1
156,CHEMBL1973098,COc1cc(C=C2SC(=S)NC2=O)ccc1O,6.9
162,CHEMBL1968406,CCc1cccc(NC(=O)Nc2ccc3c(CCc4sc5ncnc(N)c5c34)c2)c1,5.4
163,CHEMBL1984274,O=C1NNC(=O)c2c(NN=C3C(=O)N(N=C3c4ccccc4)c5ccccc5)cccc12,5.9
168,CHEMBL2002479,NCCCOc1cc2C(=O)NCc2c(c1)c3ccc(Nc4oc5cc(Cl)ccc5n4)cc3,5.2
174,CHEMBL1981079,NC(=O)c1cc([nH]c1c2ccc(Cl)cc2F)c3ccnc(N)n3,5.4
177,CHEMBL1967116,Cc1cccc(NC(=O)Nc2ccc(cc2)c3csc4c(cnc(N)c34)c5cnn(C)c5)c1,5.2
178,CHEMBL2000832,COc1cc(ccc1O)c2ccc3C(=O)Nc4cc(ccc4Nc3c2)C(=O)NCc5cccc(F)c5,6.1
187,CHEMBL1964777,NC(=O)c1cc2c(Oc3cccc(F)c3)cncc2s1,5.4
202,CHEMBL1976090,Nc1ncnc2c1sc3ncnc(N)c23,5.4
207,CHEMBL1969537,S=C1NN=C2N1C3=NNC(=S)N3c4sc5CCCc5c24,5.9
214,CHEMBL2004892,CS(=O)(=O)Nc1ccc(cc1)c2ccc3[nH]nc(N)c3c2,5.1
223,CHEMBL1981720,O=C(Nc1cnccn1)Nc2ccnc3ccccc23,5.1
227,CHEMBL1966722,OC(C(=O)NNC(=S)Nc1ccc(Cl)cc1)(c2ccccc2)c3ccccc3,6.7
228,CHEMBL1975500,COc1cc(ccc1O)c2ccc3C(=O)Nc4cc(ccc4Nc3c2)C(=O)NCCNC(=O)C,5.8
230,CHEMBL1996831,OC(=O)c1c2CCC(=C3CCCC3)c2nc4ccccc14,5.4
232,CHEMBL1965988,Cc1cccc(NC(=O)Nc2ccc(cc2)c3csc4c(cnc(N)c34)C#CCN)c1,5.1
233,CHEMBL1989646,Cc1c(nnn1Cc2ccccc2)c3ccc4[nH]nc(N)c4c3,6.6
234,CHEMBL225519,O=C1NCCc2[nH]c(cc12)c3ccncc3,6.3
238,CHEMBL1970522,COc1cc(C=C2SC(=Nc3ccccc3)NC2=O)ccc1O,5.6
244,CHEMBL1973483,FC(F)(F)c1ccc2c(NC(=O)Nc3cccc(n3)C(F)(F)F)ccnc2c1,5.3
247,CHEMBL2004365,CCOC(=O)C1=C(N)N2C(=O)C(=Cc3cccs3)SC2=C(C1c4cccs4)C(=O)N,5.5
252,CHEMBL210887,OCCCn1c(NC(=O)c2cccc(c2)[N+](=O)[O-])nc3ccccc13,5.2
254,CHEMBL1965836,Cc1n[nH]c2ccc(cc12)c3cncc(OCC(N)Cc4cccc(OC(F)(F)F)c4)c3,5.2
256,CHEMBL1974310,NC(=O)c1cc2c(cncc2s1)c3ccc(F)cc3,6.2
259,CHEMBL1982957,NC(=O)c1cccc(c1)c2cnc3[nH]cc(c4ccccc4)c3c2,5.4
260,CHEMBL1725279,Oc1c2ccccc2c3N=Nc4cccc1c34,6.0
261,CHEMBL1975138,OC(C(=O)NNC(=S)Nc1ccc(F)cc1)(c2ccccc2)c3ccccc3,5.8
266,CHEMBL2003271,NC(=O)c1sc2ccc(Cl)c(Cl)c2c1NC(=O)c3ccc(Cl)cc3,6.4
268,CHEMBL2004447,CC(C)(C)c1n[nH]c2OC(=C(C#N)C(c3ccccc3F)c12)N,5.7
282,CHEMBL1965660,NC(=O)c1cc([nH]c1c2ccc(Cl)cc2Cl)c3ccnc(N)n3,5.5
285,CHEMBL1682553,CC(C)Nc1c(nc2ncccn12)c3ccc4[nH]ncc4c3,5.4
300,CHEMBL2000354,COc1ccc(C=C2SC(=Nc3ccccc3)NC2=O)cc1O,5.6
304,CHEMBL592030,NCCCn1cc(c2cc(c3cc4ccccc4s3)c5[nH]ncc5c2)c6nc(N)ncc16,5.6
311,CHEMBL1983195,CCN(CC)C(=O)Nc1ccc2nc(c3occc3)c(nc2c1)c4occc4,5.5
313,CHEMBL1964444,Cc1ccc2nccc(NC(=O)Nc3cccc(n3)C(F)(F)F)c2c1,5.7
328,CHEMBL1190711,COc1ccc(cc1OC)c2cc3nccn3c(Nc4ncccc4C(=O)N)n2,5.8
329,CHEMBL1968705,CCCC(=O)Nc1cccc(c1)c2nc(Nc3ccc4[nH]ncc4c3)c5cc(OCCN6CCCC6)ccc5n2,5.3
330,CHEMBL1966343,CC(C)Cc1cc(on1)c2ccc3[nH]nc(N)c3c2,6.4
337,CHEMBL1974328,Cc1cccc(Nc2nc(NC3CCCCC3N)cnc2C(=O)N)c1,8.0
346,CHEMBL1988173,Cc1cc(Cl)ccc1NC(=S)NNC(=O)C(O)(c2ccccc2)c3ccccc3,6.4
350,CHEMBL1982980,CC(=C(C)c1cccc2c(CCCOc3cccc(Cl)c3Cl)c([nH]c12)C(=O)O)C,5.3
354,CHEMBL2001920,Brc1ccc2NC(=O)C(=C3SC(=S)NC3=O)c2c1,5.1
356,CHEMBL1978448,CS(=O)(=O)N(Cc1ccc2NC(=O)c3cccn3c2c1)C4CC4,5.7
378,CHEMBL2002446,CN1CCN(Cc2ccc3c(Cc4c(n[nH]c34)c5csc(c5)C#CCOCC6CC6)c2)CC1,5.1
387,CHEMBL2006156,CC(C)N(C(C)C)C(=O)Nc1ccc2nc(c3occc3)c(nc2c1)c4occc4,5.5
391,CHEMBL1991674,OC1CCC(CC1)Nc2cc(Cl)nc(n2)c3c[nH]c4ncccc34,5.4
392,CHEMBL1982711,NC(=O)c1ccc(cc1)c2c[nH]c3nccc(Cl)c23,6.2
414,CHEMBL1990482,NC(=O)c1cccc2[nH]c(nc12)c3ccncc3,6.4
420,CHEMBL1997349,CC1=NN(C(=O)C1=Cc2c(C)c(C#N)c3nc4ccccc4n3c2O)c5ccc(Cl)c(Cl)c5,5.7
423,CHEMBL1974935,NC(COc1cncc(C=Cc2ccncc2)c1)Cc3c[nH]c4ccccc34,6.3
427,CHEMBL1969506,CC(C)(C)OC(=O)n1ncc2cc(NC3=C(NCc4ccc(cc4)S(=O)(=O)N)C(=O)C3=O)ccc12,5.7
430,CHEMBL1682552,C1CCC(CC1)Nc2c(nc3ncccn23)c4ccc5[nH]ncc5c4,5.1
432,CHEMBL1974870,Cc1n[nH]c2ccc(cc12)c3cncc(OCC(N)Cc4cccc(Cl)c4)c3,5.6
434,CHEMBL1970903,Cc1n[nH]c2ccc(cc12)c3cncc(OCC(N)Cc4c[nH]c5ccccc45)c3,6.0
447,CHEMBL2001751,NC(COc1cncc(c1)c2ccc3NC(=O)C(=Cc4occc4)c3c2)Cc5c[nH]c6ccccc56,6.3
449,CHEMBL1984586,Cc1ccccc1NC(=O)Nc2ccc(cc2)c3coc4ncnc(N)c34,5.2
453,CHEMBL2005528,CCOC(=O)c1ccc2[nH]c3C(=O)NCCc3c2c1,5.6
456,CHEMBL2007002,COc1cc(ccc1O)c2ccc3[nH]nc(C(=O)Nc4ccccc4)c3c2,5.1
459,CHEMBL1969588,Clc1cc(cc(NCc2ccccc2)n1)c3c[nH]c4ncccc34,5.3
464,CHEMBL1986499,Nc1n[nH]c2ccc(cc12)c3nnn(Cc4ccccc4)c3c5ccc(F)cc5,5.4
465,CHEMBL2004290,COc1ccc(NC(=O)Nc2ccc(cc2)c3csc4c(cnc(N)c34)c5cnn(CC(C)(C)O)c5)cc1,5.1
467,CHEMBL2000393,Fc1ccc2ncn(c3ncc4NC(=O)N(C5CCOc6c(F)cccc56)c4n3)c2c1,6.1
468,CHEMBL1992634,Brc1cnc2[nH]cc(c3ccccc3)c2c1,5.8
469,CHEMBL1242373,Cc1cccc(NC(=O)Nc2ccc3c(CCc4sc5ncnc(N)c5c34)c2)c1,5.5
471,CHEMBL1988075,Cc1ccc(cn1)c2cnc(N)c3c(csc23)c4ccc(NC(=O)Nc5cccc(F)c5)cc4,5.1
478,CHEMBL1999811,Oc1ccc(C=NNC(=O)Nc2cccc3nsnc23)c(O)c1,5.1
485,CHEMBL396523,OC(=O)c1ccccc1Nc2ccnc(Nc3ccc4[nH]ncc4c3)n2,5.7
503,CHEMBL1988153,Cc1oc(nn1)c2cc3c(Oc4ccc(cc4)C(F)(F)F)cncc3s2,5.4
507,CHEMBL1998121,NCCC(C(=O)Nc1ccc2[nH]ncc2c1)c3ccc(Cl)c(Cl)c3,5.4
509,CHEMBL1991800,CC(C)(CO)CNc1nccc(n1)c2c(nc3c(CC4CC4)nccn23)c5ccc(F)cc5,6.5
525,CHEMBL1995740,COc1cc(ccc1O)c2ccc3C(=O)Nc4cc(ccc4Nc3c2)[N+](=O)[O-],5.8
526,CHEMBL1986943,OC1CCC(CC1)Nc2nc(Cl)cc(n2)c3c[nH]c4ncccc34,5.5
533,CHEMBL1375418,Cc1ccc(CNc2ccc3nnc(c4ccccc4)n3n2)cc1,5.2
536,CHEMBL1991063,Cc1n[nH]c2ccc(cc12)c3cncc(OCC(N)Cc4ccc(Cl)c(Cl)c4)c3,5.4
540,CHEMBL2002726,Cc1n[nH]c2ccc(cc12)c3cncc(OCC(N)Cc4ccccc4)c3,5.9
550,CHEMBL1997846,Clc1cc(NC2CCCCC2)nc(n1)c3c[nH]c4ncccc34,5.2
558,CHEMBL1986328,CN(C)C(=O)Nc1ccc2nc(c3occc3)c(nc2c1)c4occc4,5.5
559,CHEMBL1976455,FC(F)(F)c1ccc2nccc(NC(=O)Nc3cnccn3)c2c1,6.4
561,CHEMBL1982361,Fc1ccccc1CNC2=C(Nc3ccncc3)C(=O)C2=O,5.1
565,CHEMBL1999112,CCOC(=O)C1=C2SC(=Cc3occc3)C(=O)N2C(=C(C#N)C1c4occc4)N,5.4
574,CHEMBL1993722,Nc1n[nH]c2cccc(c3ccc(NC(=O)Nc4cc(ccc4F)C(=O)O)cc3)c12,5.3
580,CHEMBL1974094,Clc1ccc(cc1)c2cc3C(=O)Nc4ccccc4n3c2,5.5
596,CHEMBL377408,CCOc1nc(cc(N)c1C#N)C(=O)NCc2ccccc2S(=O)(=O)N,5.4
602,CHEMBL1982383,CC(C)(CO)CNc1nccc(n1)c2c(nc3c(CCN)nccn23)c4ccc(F)cc4,5.4
605,CHEMBL1983932,COc1ccc2c(NC(=O)Nc3cccc(Br)n3)ccnc2c1,5.3
613,CHEMBL2004615,CSc1nn(c(N)c1C(=O)N)c2ccccn2,5.3
783,CHEMBL3718092,Oc1ccc(C(=O)NCC2CCNCC2)c3nc([nH]c13)C4CC4,5.54
784,CHEMBL3718276,Oc1ccc(C(=O)NCC2CCCNC2)c3nc([nH]c13)C4CC4,5.21
785,CHEMBL3716223,Oc1ccc(C(=O)NCC2CCCCN2)c3nc([nH]c13)C4CC4,6.21
786,CHEMBL3716376,CN1CCCC(C1)NC(=O)c2ccc(O)c3[nH]c(nc23)C4CC4,4.59
787,CHEMBL3715740,Oc1ccc(C(=O)N[C@H]2CCCNC2)c3nc([nH]c13)C4CC4,6.7
788,CHEMBL3715228,Oc1ccc(C(=O)NC2CCNCC2)c3nc([nH]c13)C4CC4,5.59
789,CHEMBL3714883,Oc1ccc(C(=O)NC2CCCNC2)c3nc([nH]c13)C4CC4,6.39
790,CHEMBL3715626,Oc1ccc(C(=O)NC2CCNC2)c3nc([nH]c13)C4CC4,5.89
791,CHEMBL3718223,Oc1ccc(C(=O)NCC2CNC2)c3nc([nH]c13)C4CC4,5.8
792,CHEMBL3714866,Oc1ccc(C(=O)NCC2CCCCN2)c3nc([nH]c13)C4CCCC4,5.0
793,CHEMBL3715542,Oc1ccc(C(=O)NCC2CCCNC2)c3nc([nH]c13)C4CCCC4,6.23
794,CHEMBL3716964,Oc1ccc(C(=O)N[C@H]2CCCNC2)c3nc([nH]c13)C4CCCC4,6.57
795,CHEMBL3714837,Oc1ccc(C(=O)N[C@H]2CCCNC2)c3nc([nH]c13)c4ccccc4,6.52
796,CHEMBL3716245,Oc1ccc(C(=O)NCC2CCCCN2)c3nc([nH]c13)c4ccccc4,5.54
797,CHEMBL3714949,Oc1ccc(C(=O)NCC2CCCNC2)c3nc([nH]c13)c4ccccc4,6.04
798,CHEMBL3715755,O[C@@H]1CC[C@H](CC1)NC(=O)c2ccc(O)c3[nH]c(nc23)c4cccs4,4.77
799,CHEMBL3718701,Oc1ccc(C(=O)N2CCNCC2)c3nc([nH]c13)c4cccs4,4.75
800,CHEMBL3718662,Oc1ccc(C(=O)NC2CCCNC2)c3nc([nH]c13)c4cccs4,6.75
801,CHEMBL3716499,Oc1ccc(C(=O)NCCN2CCNCC2)c3nc([nH]c13)c4cccs4,5.52
802,CHEMBL3714835,Oc1ccc(C(=O)N[C@@H]2CCCNC2)c3nc([nH]c13)c4cccs4,5.5
803,CHEMBL3717841,Oc1ccc(C(=O)N[C@H]2CCCNC2)c3nc([nH]c13)c4cccs4,7.07
804,CHEMBL3717226,Oc1ccc(C(=O)NCC2CCCNC2)c3nc([nH]c13)c4cccs4,6.7
805,CHEMBL3719145,Oc1ccc(C(=O)NC2CCNCC2)c3nc([nH]c13)c4cccs4,5.75
806,CHEMBL3718962,CN1CCCC(C1)NC(=O)c2ccc(O)c3[nH]c(nc23)c4cccs4,5.35
807,CHEMBL3717206,Oc1ccc(C(=O)NCC2CCNCC2)c3nc([nH]c13)c4cccs4,5.77
808,CHEMBL3719153,Oc1ccc(C(=O)NCC2CNC2)c3nc([nH]c13)c4cccs4,6.01
809,CHEMBL3716966,Oc1ccc(C(=O)NC2CCNC2)c3nc([nH]c13)c4cccs4,6.14
810,CHEMBL3716979,Oc1ccc(C(=O)NCC2CCCCN2)c3nc([nH]c13)c4cccs4,6.21
811,CHEMBL3715171,Oc1ccc(C(=O)NCC2CCNC2)c3nc([nH]c13)c4cccs4,6.2
812,CHEMBL3717281,N[C@@H]1CC[C@H](CC1)NC(=O)c2ccc(O)c3[nH]c(nc23)c4cccs4,6.28
813,CHEMBL3718151,Oc1ccc(C(=O)NCC2CCCNC2)c3nc([nH]c13)C4CC5CCC4C5,5.96
814,CHEMBL3717110,Oc1ccc(C(=O)NC2CCCNC2)c3nc([nH]c13)C4CC5CCC4C5,6.07
815,CHEMBL3718349,CC(C)(C)OC(=O)N1CCC[C@@H](C1)NC(=O)c2ccc(O)c3[nH]c(nc23)c4ccc(Br)s4,4.0
816,CHEMBL3718848,Oc1ccc(C(=O)N[C@H]2CCCNC2)c3nc([nH]c13)c4ccc(Br)s4,6.11
817,CHEMBL3717192,Oc1ccc(C(=O)N[C@H]2CCCNC2)c3nc([nH]c13)C4CC5CCC4C5,6.35
818,CHEMBL3716414,NC12CC3CC(C1)CC(C3)(C2)NC(=O)c4ccc(O)c5[nH]c(nc45)C6CC7CCC6C7,6.3
819,CHEMBL3717479,NC12CC3CC(C1)CC(C3)(C2)NC(=O)c4ccc(O)c5[nH]c(nc45)c6cccs6,6.72
820,CHEMBL3718588,NC1CCCC(C1)NC(=O)c2ccc(O)c3[nH]c(nc23)C4CC5CCC4C5,6.24
821,CHEMBL3715897,N[C@@H]1CC[C@H](CNC(=O)c2ccc(O)c3[nH]c(nc23)C4CC5CCC4C5)CC1,5.66
822,CHEMBL3716999,Oc1ccc(C(=O)N[C@H]2CCCNC2)c3nc([nH]c13)c4ccc(s4)N5CCNCC5,5.5
823,CHEMBL3719247,Oc1ccc(C(=O)NC[C@@H]2CCCNC2)c3nc(Cc4cccs4)[nH]c13,6.16
824,CHEMBL3718881,Oc1ccc(C(=O)N[C@H]2CCCNC2)c3nc(Cc4cccs4)[nH]c13,6.3
825,CHEMBL3717466,Oc1ccc(C(=O)NC[C@H]2CCCNC2)c3nc(Cc4cccs4)[nH]c13,6.26
826,CHEMBL3717470,O=C(N[C@H]1CCCNC1)c2ccnc3nc([nH]c23)C4CC5CCC4C5,6.75
828,CHEMBL3716415,O=C(NCC1CCCNC1)c2ccnc3[nH]c(cc23)c4cccs4,4.8
829,CHEMBL3716839,O=C(NC1CCCNC1)c2ccnc3[nH]c(cc23)c4cccs4,5.15
830,CHEMBL3719268,NC1CCCN(C1)c2ccnc3[nH]c(cc23)c4cccs4,4.8
831,CHEMBL3717190,NC(=O)C1CCCN(C1)c2ccnc3[nH]ccc23,4.7
832,CHEMBL3716900,NC1CCCN(C1)c2ccnc3[nH]ccc23,5.48
833,CHEMBL3719157,O=C(Nc1ccnc2[nH]c(cc12)c3cccs3)C4CCCNC4,4.7
834,CHEMBL3718855,NCC1CCCN(C1)c2ccnc3nc([nH]c23)c4cccs4,4.11
835,CHEMBL3715553,O=C(N[C@@H]1CCCNC1)c2ccnc3nc([nH]c23)c4oc(cc4)N5CCNCC5,5.6
836,CHEMBL3718956,O=C(N[C@H]1CCCNC1)c2ccnc3nc([nH]c23)c4cc(cs4)N5CCNCC5,6.66
837,CHEMBL3719302,OCCN(CCO)c1csc(c1)c2nc3nccc(C(=O)N[C@H]4CCCNC4)c3[nH]2,5.13
838,CHEMBL3718776,OC1CCN(C1)c2csc(c2)c3nc4nccc(C(=O)N[C@H]5CCCNC5)c4[nH]3,5.38
839,CHEMBL3716274,O=C(N[C@H]1CCCNC1)c2ccnc3nc([nH]c23)c4cc(cs4)N5CCOCC5,4.66
840,CHEMBL3717532,N[C@@H]1CCN(C1)c2ccc(s2)c3nc4nccc(C(=O)N[C@H]5CCCNC5)c4[nH]3,7.2
841,CHEMBL3718368,CN(CCO)c1ccc(s1)c2nc3c(ccnc3[nH]2)C(=O)N[C@H]4CCCNC4,6.82
842,CHEMBL3715533,OC1CCCN(C1)c2ccc(s2)c3nc4nccc(C(=O)N[C@H]5CCCNC5)c4[nH]3,6.2
843,CHEMBL3719067,OC1CCN(C1)c2ccc(s2)c3nc4nccc(C(=O)N[C@H]5CCCNC5)c4[nH]3,6.96
844,CHEMBL3718407,O=C(N[C@H]1CCCNC1)c2ccnc3nc([nH]c23)c4ccc(s4)N5CCCCC5,6.34
845,CHEMBL3718783,O=C(N[C@H]1CCCNC1)c2ccnc3nc([nH]c23)c4ccc(s4)N5CCOCC5,6.47
847,CHEMBL3718423,O=C(NC[C@@H]1CCCNC1)c2ccnc3nc(Cc4cccs4)[nH]c23,6.37
848,CHEMBL3718758,O=C(NC[C@H]1CCCNC1)c2ccnc3nc(Cc4cccs4)[nH]c23,7.01
849,CHEMBL3717059,O=C(N[C@H]1CCCNC1)c2ccnc3nc(Cc4cccs4)[nH]c23,7.23
850,CHEMBL3717368,OC(c1cccs1)c2nc3nccc(C(=O)NC[C@@H]4CCCNC4)c3[nH]2,5.06
851,CHEMBL3719325,OC(c1cccs1)c2nc3nccc(C(=O)NC[C@H]4CCCNC4)c3[nH]2,5.72
852,CHEMBL3714893,OC(c1cccs1)c2nc3nccc(C(=O)N[C@H]4CCCNC4)c3[nH]2,5.82
853,CHEMBL3719148,O=C(NC[C@@H]1CCCNC1)c2ccnc3nc([nH]c23)C(=O)c4cccs4,5.0
854,CHEMBL3716516,O=C(NC[C@H]1CCCNC1)c2ccnc3nc([nH]c23)C(=O)c4cccs4,5.64
855,CHEMBL3716309,O=C(N[C@H]1CCCNC1)c2ccnc3nc([nH]c23)C(=O)c4cccs4,6.16
856,CHEMBL3718575,NC[C@@H]1CC[C@@H](CNC(=O)c2ccnc3nc([nH]c23)C4CC5CCC4C5)CC1,6.31
857,CHEMBL3715494,O=C(N[C@H]1CCCNC1)c2ccnc3nc(CC4CC4)[nH]c23,7.44
859,CHEMBL3716635,N[C@@H]1CC[C@H](CC1)NC(=O)c2ccnc3[nH]c(nc23)C4CC4,7.48
860,CHEMBL3718730,NC[C@@H]1CC[C@H](CC1)NC(=O)c2ccnc3[nH]c(nc23)C4CC4,7.26
861,CHEMBL3716143,CC(C)(C)OC(=O)NC[C@@H]1CC[C@H](CC1)NC(=O)c2ccnc3nc([nH]c23)C4CC4,6.34
862,CHEMBL3715121,O=C(NC[C@@H]1CCCNC1)c2ccnc3[nH]c(nc23)C4CC4,7.47
863,CHEMBL3718105,O=C(N[C@H]1CCCNC1)c2ccnc3[nH]c(nc23)C4CC4,7.47
864,CHEMBL3717200,Brc1oc(cc1)c2nc3nccc(C(=O)NC[C@@H]4CCCNC4)c3[nH]2,6.54
865,CHEMBL3716048,Brc1oc(cc1)c2nc3nccc(C(=O)N[C@H]4CCCNC4)c3[nH]2,5.31
866,CHEMBL3717234,Brc1csc(c1)c2nc3nccc(C(=O)NC[C@H]4CCCNC4)c3[nH]2,4.96
867,CHEMBL3717191,Brc1csc(c1)c2nc3nccc(C(=O)N[C@H]4CCCNC4)c3[nH]2,5.06
868,CHEMBL3716044,Brc1ccc(s1)c2nc3nccc(C(=O)N[C@H]4CCCNC4)c3[nH]2,6.0
869,CHEMBL3716403,Brc1ccc(s1)c2nc3nccc(C(=O)NC[C@H]4CCCCN4)c3[nH]2,4.92
870,CHEMBL3716396,Brc1ccc(s1)c2nc3nccc(C(=O)NC[C@@H]4CCCNC4)c3[nH]2,5.66
871,CHEMBL3719168,Brc1ccc(s1)c2nc3nccc(C(=O)NC[C@H]4CCCNC4)c3[nH]2,5.92
872,CHEMBL3715871,NC1CCCC(C1)NC(=O)c2ccnc3nc[nH]c23,5.4
873,CHEMBL3717823,O=C(NCC1CCCNC1)c2ccnc3nc[nH]c23,4.43
874,CHEMBL3716598,NC12CC3CC(C1)CC(C3)(C2)NC(=O)c4ccnc5[nH]cnc45,5.75
875,CHEMBL3715939,O=C(NC1CCCNC1)c2ccnc3nc[nH]c23,5.08
876,CHEMBL3718405,Nc1cccc(NC(=O)c2ccnc3nc([nH]c23)c4cccs4)c1,4.02
877,CHEMBL3715259,CC1(C)CC(CC(C)(CN)C1)NC(=O)c2ccnc3nc([nH]c23)c4cccs4,6.47
878,CHEMBL3718268,NCC1CCCC(CNC(=O)c2ccnc3[nH]c(nc23)c4cccs4)C1,7.2
879,CHEMBL3715919,CN1CCCC(C1)NC(=O)c2ccnc3nc([nH]c23)c4cccs4,5.32
880,CHEMBL3717174,NC[C@@H]1CC[C@@H](CNC(=O)c2ccnc3nc([nH]c23)c4cccs4)CC1,6.48
881,CHEMBL3717063,NC[C@@H]1CC[C@H](CC1)NC(=O)c2ccnc3[nH]c(nc23)c4cccs4,6.85
882,CHEMBL3715032,N[C@@H]1CC[C@H](CNC(=O)c2ccnc3nc([nH]c23)c4cccs4)CC1,7.14
884,CHEMBL3718439,NC1CCCC(C1)NC(=O)c2ccnc3nc([nH]c23)c4cccs4,7.46
885,CHEMBL3718661,O=C(NCC1CNC1)c2ccnc3nc([nH]c23)c4cccs4,6.39
886,CHEMBL3716727,O=C(NCC1CCCCN1)c2ccnc3nc([nH]c23)c4cccs4,6.13
887,CHEMBL3718636,O=C(NC1CCNC1)c2ccnc3nc([nH]c23)c4cccs4,6.35
888,CHEMBL3717030,O=C(NCC[C@@H]1CCCNC1)c2ccnc3nc([nH]c23)c4cccs4,6.23
889,CHEMBL3717765,O=C(NCC[C@H]1CCCNC1)c2ccnc3nc([nH]c23)c4cccs4,6.0
890,CHEMBL3715825,O=C(NC[C@H]1CCCNC1)c2ccnc3nc([nH]c23)c4cccs4,7.0
891,CHEMBL3718039,O=C(NC[C@@H]1CCCNC1)c2ccnc3[nH]c(nc23)c4cccs4,7.41
892,CHEMBL3715412,N[C@@H]1CC[C@H](CC1)NC(=O)c2ccnc3nc([nH]c23)c4cccs4,6.52
893,CHEMBL3717297,O=C(N[C@H]1CCCNC1)c2ccnc3nc([nH]c23)c4cccs4,7.11
894,CHEMBL3716771,O=C(N[C@@H]1CCCNC1)c2ccnc3nc([nH]c23)c4cccs4,5.23
895,CHEMBL3716936,O=C(NCCCc1ncc[nH]1)c2ccnc3nc([nH]c23)c4cccs4,5.39
896,CHEMBL3715508,O=C(NCC1CCCNC1)c2ccnc3[nH]c(nc23)c4cccs4,7.13
897,CHEMBL3716639,O=C(NC1CCCNC1)c2ccnc3nc([nH]c23)c4cccs4,6.8
898,CHEMBL3717295,Clc1ccc(cc1)c2nc3nccc(C(=O)NC4CCCNC4)c3[nH]2,5.44
899,CHEMBL3718019,Clc1ccc(cc1)c2nc3nccc(C(=O)NCCc4c[nH]cn4)c3[nH]2,4.64
900,CHEMBL3714773,O=C(NCCc1c[nH]cn1)c2ccnc3nc([nH]c23)c4cccs4,5.92
