,molecule_chembl_id,canonical_smiles,pchembl_value
0,lenvatinib,COC1=CC2=C(C=C1C(N)=O)C(OC1=CC=C(NC(=O)NC3CC3)C(Cl)=C1)=CC=N2,7.29242992
1,nintedanib,COC(=O)c1ccc2\C(=C(\Nc3ccc(cc3)N(C)C(=O)CN4CCN(C)CC4)/c5ccccc5)\C(=O)Nc2c1,7.74472761
2,sunitinib,CCN(CC)CCNC(=O)c1c(C)[nH]c(\C=C\2/C(=O)Nc3ccc(F)cc23)c1C,6.9586072
3,pazopanib,CN(C1=CC2=NN(C)C(C)=C2C=C1)C1=NC(NC2=CC(=C(C)C=C2)S(N)(=O)=O)=NC=C1,8.31
4,CHEMBL3642838,Cc1ccc(NC(=O)c2ccc(CNC(=O)C=C)cc2)cc1Nc3nccc(n3)c4cccnc4,7.53
5,CHEMBL498105,COC(=O)c1ccc2\C(=C(\Nc3ccc(CN(C)C)cc3)/c4ccccc4)\C(=O)Nc2c1,7.55
6,CHEMBL2385195,COc1cc2c(Oc3ccc(NC(=O)C4=NN(c5ccccc5C4=O)c6ccccc6C(F)(F)F)cc3F)ccnc2cc1OCCCN7CCCC7,7.56
7,CHEMBL574738,CCN1CCN(Cc2ccc(NC(=O)Nc3ccc(Oc4cc(NC)ncn4)cc3)cc2C(F)(F)F)CC1,7.57
8,CHEMBL1668418,COc1cc(O)c2C(=O)O[C@@H](C)C\C=C\C(=O)CCC\C=C\c2c1,7.57
9,CHEMBL1908395,Cl.CN(C)CC(=O)N1CCC(CC1)c2ccc(NC(=O)c3nc(c[nH]3)C#N)c(c2)C4=CCCCC4,7.57
10,CHEMBL2311807,Cc1cn(cn1)c2cc(F)cc(NC(=O)c3ccc(C)c(Nc4nccc(n4)c5cccnc5)c3)c2,7.59
11,CHEMBL1908391,CN1CCN(Cc2ccc(cc2)C(=O)Nc3ccc(C)c(Nc4nc(cs4)c5cccnc5)c3)CC1,7.6
12,CHEMBL362188,COc1cc2nccc(Oc3ccc(NC(=O)Nc4cccc(Cl)c4)cc3)c2cc1OC,7.62
13,CHEMBL178981,COc1cc2nccc(Oc3ccc(NC(=O)Nc4cccc(Cl)c4Cl)cc3)c2cc1OC,7.62
14,CHEMBL2333129,CS(=O)(=O)c1ccc(cc1)c2ccc3c(NC4CCC4)c(nnc3c2)C(=O)N,7.66
15,CHEMBL179753,COc1ccc(NC(=O)Nc2ccc(Nc3ccnc4cc(OC)c(OC)cc34)cc2)cc1,7.68
16,CHEMBL2086758,CCN1CCC(CC1)Nc2ccc3NC(=O)C(=C(c4ccccc4)c5ncc[nH]5)c3c2,7.7
17,CHEMBL525203,COC(=O)c1ccc2\C(=C(\Nc3ccc(CN(C)C(=O)N(C)C)cc3)/c4ccccc4)\C(=O)Nc2c1,7.7
18,CHEMBL3740487,CS(=O)(=O)Cc1cccc(Nc2nccc(Oc3ccc4c(cccc4c3)C(=O)Nc5cccc(F)c5)n2)c1,7.71
19,CHEMBL3642839,Cc1ccc(NC(=O)c2ccc(NS(=O)(=O)C=C)cc2)cc1Nc3nccc(n3)c4cccnc4,7.73
20,imatinib,CN1CCN(CC2=CC=C(C=C2)C(=O)NC2=CC=C(C)C(NC3=NC=CC(=N3)C3=CN=CC=C3)=C2)CC1,7.75
21,CHEMBL179360,COc1cc2nccc(Oc3ccc(NC(=O)Nc4cccc(c4)[N+](=O)[O-])cc3)c2cc1OC,7.75
22,CHEMBL2086749,CCN1CCC(CC1)Oc2ccc3NC(=O)C(=C(c4ccccc4)c5nc6cc(OC)ccc6[nH]5)c3c2,7.77
23,CHEMBL179815,COc1cc2nccc(Oc3ccc(NC(=O)Nc4ccc(F)cc4F)cc3F)c2cc1OC,7.77
24,CHEMBL178568,COc1cc2nccc(Oc3ccc(NC(=O)Nc4ccc(cc4)[N+](=O)[O-])cc3)c2cc1OC,7.77
25,CHEMBL3642833,Cc1ccc(NC(=O)c2ccc(NC(=O)CCl)cc2)cc1Nc3nccc(n3)c4cccnc4,7.79
26,CHEMBL3309402,COc1cc2c(Oc3ccc(NC(=O)C4=NN(C(=O)c5ccccc45)c6ccc(F)cc6)cc3F)ccnc2cc1OCCCN7CCCC7,7.8
27,CHEMBL362486,COc1ccc(NC(=O)Nc2ccc(Sc3ccnc4cc(OC)c(OC)cc34)cc2)cc1,7.85
28,CHEMBL2311808,Cc1cn(cn1)c2cccc(NC(=O)c3ccc(C)c(Nc4nccc(n4)c5cccnc5)c3)c2,7.85
29,CHEMBL2086744,CCCCNC(=O)c1ccc2NC(=O)C(=C(c3ccccc3)c4nc5ccccc5[nH]4)c2c1,7.89
30,CHEMBL2403373,CN1CCC(CC1)Nc2ccc3NC(=O)\C(=C/c4cc5CN(CCc5[nH]4)C(=O)N6CCOCC6)\c3c2,7.89
31,CHEMBL360349,COc1cc2nccc(Oc3ccc(NC(=O)Nc4ccc(F)cc4F)cc3Cl)c2cc1OC,7.89
32,CHEMBL2206666,FC(F)(F)c1cccc(c1)C(=O)Nc2cccc(Oc3ccc4nccn4n3)c2,7.89
33,CHEMBL498266,COC(=O)c1ccc2\C(=C(\Nc3ccc(cc3)N(CCN(C)C)S(=O)(=O)C)/c4ccccc4)\C(=O)Nc2c1,7.92
34,CHEMBL2409778,Cc1cc(C(=O)Nc2cc(Oc3ccc4nc(NC(=O)C5CC5)nn4c3)ccc2F)n(C)n1,7.92
35,CHEMBL3621299,CSCCCNC(=O)c1ccc2NC(=O)\C(=C/c3[nH]c(C)cc3C)\c2c1,7.93
36,CHEMBL576982,CC(C)(C)c1onc(NC(=O)Nc2ccc(cc2)c3cn4c5ccc(OCCN6CCOCC6)cc5sc4n3)c1,7.96
37,CHEMBL525550,COC(=O)c1ccc2\C(=C(\Nc3ccc(cc3)C(=O)N(C)CCN(C)C)/c4ccccc4)\C(=O)Nc2c1,7.96
38,CHEMBL377300,C[C@@H](O)COc1cn2ncnc(Oc3ccc4[nH]c(C)cc4c3F)c2c1C,7.96
39,CHEMBL3642843,Cc1ccc(NC(=O)c2ccc(CN3C(=O)C=CC3=O)cc2)cc1Nc4nccc(n4)c5cccnc5,7.97
40,CHEMBL1081509,CC(C)(C)c1onc(NC(=O)Nc2ccc(NC(=O)c3cc4ccccc4cn3)cc2)c1,8.0
41,CHEMBL572881,CC1(C)CNc2cc(NC(=O)c3cccnc3NCc4ccncc4)ccc12,8.0
42,CHEMBL388978,CN[C@@H]1C[C@H]2O[C@@](C)([C@@H]1OC)n3c4ccccc4c5c6CNC(=O)c6c7c8ccccc8n2c7c35,8.0
43,CHEMBL2086752,COCCN1CCC(CC1)Nc2ccc3NC(=O)C(=C(c4ccccc4)c5nc6ccccc6[nH]5)c3c2,8.0
44,CHEMBL179816,COc1cc2nccc(Oc3ccc(NC(=O)Nc4cc(F)cc(F)c4)cc3)c2cc1OC,8.0
45,CHEMBL179165,COc1cc2nccc(Oc3ccc(NC(=O)Nc4ccc(Cl)cc4)cc3)c2cc1OC,8.0
46,dasatinib,CC1=NC(NC2=NC=C(S2)C(=O)NC2=C(C)C=CC=C2Cl)=CC(=N1)N1CCN(CCO)CC1,8.0
47,CHEMBL2206277,CN1C(C)(C)CC(CC1(C)C)Oc2ccc(nc2)C(=O)Nc3ccc(NC(=O)Nc4cc(on4)C(C)(C)C)cc3,8.04
48,CHEMBL504805,CC1=C(C(=O)N(C=C1)c2cccc(c2)C(F)(F)F)c3ccc4nc(N)ncc4c3,8.05
49,CHEMBL498088,COC(=O)c1ccc2\C(=C(\Nc3ccc(cc3)N(CC(=O)N(C)C)C(=O)C)/c4ccccc4)\C(=O)Nc2c1,8.05
50,CHEMBL3780091,N[C@@H]1CC[C@@H](CC1)NC2=C(C(=O)NC=C2)c3nc4ccccc4[nH]3,8.05
51,CHEMBL2311806,Cc1cc(NC(=O)c2ccc(C)c(Nc3nccc(n3)c4cccnc4)c2)cc(c1)n5cnc(C)c5,8.09
52,CHEMBL524453,COC(=O)c1ccc2\C(=C(\Nc3ccc(cc3)N(C)C(=O)Cn4ccnc4)/c5ccccc5)\C(=O)Nc2c1,8.1
53,CHEMBL498265,COC(=O)c1ccc2\C(=C(\Nc3ccc(cc3)N(CCN(C)C)C(=O)C)/c4ccccc4)\C(=O)Nc2c1,8.1
54,CHEMBL3642840,Cc1ccc(NC(=O)c2ccc3CN(CCc3c2)C(=O)C=C)cc1Nc4nccc(n4)c5cccnc5,8.1
55,CHEMBL2206278,CCN1C(C)(C)CC(CC1(C)C)Oc2ccc(nc2)C(=O)Nc3ccc(NC(=O)Nc4cc(on4)C(C)(C)C)cc3,8.11
56,CHEMBL2148120,Cc1nc(Nc2nc3ccc(nc3s2)c4cccc(c4)C(=O)Nc5cccc(c5)C(F)(F)F)cc(n1)N6CCNCC6,8.11
57,CHEMBL3322563,Fc1ccc(NC(=O)CC(=O)Nc2ccc3\C(=C\c4ccc[nH]4)\C(=O)Nc3c2)cc1,8.14
58,CHEMBL2086755,CCN1CCC(CC1)Nc2ccc3NC(=O)C(=C(c4ccc(OC)cc4)c5nc6ccccc6[nH]5)c3c2,8.16
59,CHEMBL2086756,CCN1CCC(CC1)Nc2ccc3NC(=O)C(=C(c4cccc(F)c4)c5nc6ccccc6[nH]5)c3c2,8.16
60,CHEMBL525909,COC(=O)c1ccc2\C(=C(\Nc3ccc(cc3)N(CCCN(C)C)C(=O)C)/c4ccccc4)\C(=O)Nc2c1,8.16
61,CHEMBL179719,COc1cc2nccc(Oc3ccc(NC(=O)Nc4ccc(F)c(F)c4)cc3)c2cc1OC,8.17
62,CHEMBL360781,COc1cc2nccc(Oc3ccc(NC(=O)Nc4ccccc4[N+](=O)[O-])cc3)c2cc1OC,8.17
63,CHEMBL426602,COc1cc2nccc(Oc3ccc(NC(=O)Nc4cccc(F)c4)cc3)c2cc1OC,8.19
64,CHEMBL2203434,CCN1CCC(CC1)Oc2ccc(nc2)C(=O)Nc3ccc(NC(=O)Nc4cc(on4)C(C)(C)C)cc3,8.21
65,CHEMBL2086757,CCN1CCC(CC1)Nc2ccc3NC(=O)C(=C(c4cc(F)cc(F)c4)c5nc6ccccc6[nH]5)c3c2,8.22
66,CHEMBL2086759,CCN1CCC(CC1)Nc2ccc3NC(=O)C(=C(c4cccc(F)c4)c5ncc[nH]5)c3c2,8.22
67,CHEMBL2086751,CCN1CCC(CC1)Nc2ccc3NC(=O)C(=C(c4ccccc4)c5nc6cc(OC)ccc6[nH]5)c3c2,8.22
68,CHEMBL3642836,CN(C)C\C=C\C(=O)Nc1ccc(NC(=O)c2ccc(C)c(Nc3nccc(n3)c4cccnc4)c2)cc1C(F)(F)F,8.23
69,CHEMBL180331,COc1cc2nccc(Oc3ccc(NC(=O)Nc4ccc(F)cc4)cc3)c2cc1OC,8.24
70,CHEMBL426047,COc1ccccc1NC(=O)Nc2ccc(Oc3ccnc4cc(OC)c(OC)cc34)cc2,8.24
71,CHEMBL386051,CSc1cccc(Nc2ncc3C=C(C(=O)N(C)c3n2)c4c(Cl)cccc4Cl)c1,8.25
72,CHEMBL2086754,CCN1CCC(CC1)Nc2ccc3NC(=O)C(=C(c4ccc(C)cc4)c5nc6ccccc6[nH]5)c3c2,8.3
73,CHEMBL2087169,CCN1CCC(CC1)Nc2ccc3NC(=O)C(=C(c4ccccc4F)c5nc(C)c[nH]5)c3c2,8.3
74,CHEMBL179522,COc1cc2nccc(Oc3ccc(NC(=O)Nc4cc(F)ccc4F)cc3)c2cc1OC,8.33
75,CHEMBL1230609,COc1cc2c(Oc3ccc(NC(=O)C4(CC4)C(=O)Nc5ccc(F)cc5)cc3F)ccnc2cc1OCCCN6CCOCC6,8.35
76,CHEMBL575925,CC(C)(C)c1onc(NC(=O)Nc2ccc(NC(=O)c3cn4c5ccccc5sc4n3)cc2)c1,8.37
77,CHEMBL2180604,Cc1cc(C(=O)Nc2cc(Oc3ccc4nc(NC(=O)C5CC5)cn4n3)ccc2C)n(C)n1,8.37
78,CHEMBL223360,Cc1ccc(F)c(NC(=O)Nc2ccc(cc2)c3cccc4[nH]nc(N)c34)c1,8.38
79,CHEMBL459850,CN1C(=O)N(Cc2cnc(N)nc12)c3cc(NC(=O)c4cccc(c4)C(F)(F)F)ccc3C,8.4
80,CHEMBL491429,FC(F)(F)c1cccc(Nc2noc3c(C(=O)Nc4cncnc4)c(Cl)ccc23)c1,8.4
81,CHEMBL179227,COc1cc2nccc(Oc3ccc(NC(=O)Nc4ccccc4F)cc3)c2cc1OC,8.41
82,CHEMBL368252,COc1cc2nccc(Oc3ccc(NC(=O)Nc4ccccc4)cc3)c2cc1OC,8.44
83,CHEMBL179061,COc1cc2nccc(Oc3ccc(NC(=O)Nc4ccccc4C)cc3)c2cc1OC,8.44
84,CHEMBL179603,COc1ccc(NC(=O)Nc2ccc(Oc3ncnc4cc(OC)c(OC)cc34)cc2)cc1,8.44
85,CHEMBL179307,COc1cc2nccc(Oc3ccc(NC(=O)Nc4c(F)cccc4F)cc3)c2cc1OC,8.46
86,CHEMBL360526,COc1cc2nccc(Oc3ccc(NC(=O)Nc4ccc(F)cc4F)cc3)c2cc1OC,8.47
87,CHEMBL369760,COc1cc2nccc(Oc3ccc(NC(=O)Nc4cccc(C)c4)cc3)c2cc1OC,8.48
88,CHEMBL3426917,[2H]C([2H])([2H])Oc1cc2nccc(Oc3ccc(NC(=O)Nc4cc(C)on4)c(Cl)c3)c2cc1OC([2H])([2H])[2H],8.49
89,CHEMBL2087168,CCN1CCC(CC1)Nc2ccc3NC(=O)C(=C(c4cc(F)cc(F)c4)c5nc(C)c[nH]5)c3c2,8.52
90,CHEMBL2086760,CCN1CCC(CC1)Nc2ccc3NC(=O)C(=C(c4ccc(Cl)cc4)c5ncc[nH]5)c3c2,8.52
91,CHEMBL2086753,CCN1CCC(CC1)Nc2ccc3NC(=O)C(=C(c4ccccc4)c5nc6ccccc6[nH]5)c3c2,8.52
92,CHEMBL2023489,COc1ccc2c(Oc3ccc(CC(=O)Nc4cn(C)nc4C)c(OC)c3)ccnc2c1,8.52
93,CHEMBL504075,C[C@H](Nc1cncc(Cl)n1)c2cccc(NC(=O)c3cccc(C)c3)c2,8.52
94,CHEMBL1964441,CNCC#Cc1cnc(N)c2c(csc12)c3ccc(NC(=O)Nc4cccc(C)c4)cc3,8.6
95,CHEMBL124660,COc1cc2c(ncnc2cc1OCCCN3CCCCC3)N4CCN(CC4)C(=O)Nc5ccc(OC(C)C)cc5,8.62
96,CHEMBL1289494,COc1cc2nccc(Oc3ccc(NC(=O)Nc4cc(C)on4)c(Cl)c3)c2cc1OC,8.65
97,CHEMBL3642830,Cc1ccc(NC(=O)c2ccc(NC(=O)C=C)c(c2)C(F)(F)F)cc1Nc3nccc(n3)c4cccnc4,8.66
98,CHEMBL2087167,CCN1CCC(CC1)Nc2ccc3NC(=O)C(=C(c4cccc(F)c4)c5nc(C)c[nH]5)c3c2,8.7
99,CHEMBL179593,COc1ccc(NC(=O)Nc2ccc(Oc3ccnc4cc(OC)c(OC)cc34)cc2)cc1,8.7
100,CHEMBL178156,COc1cccc(NC(=O)Nc2ccc(Oc3ccnc4cc(OC)c(OC)cc34)cc2)c1,8.7
101,CHEMBL179698,COc1cc2nccc(Oc3ccc(NC(=O)Nc4cccc(F)c4F)cc3)c2cc1OC,8.8
102,CHEMBL3642835,CN(C)C\C=C\C(=O)Nc1ccc(cc1C(F)(F)F)C(=O)Nc2ccc(C)c(Nc3nccc(n3)c4cccnc4)c2,8.85
103,CHEMBL1784637,CNC(=O)c1ncc(C#Cc2cc(ccc2C)C(=O)Nc3ccc(CN4CCN(CCO)CC4)c(c3)C(F)(F)F)n1C,8.89
104,CHEMBL2347053,[O-][N+](=O)c1ccccc1c2n[nH]cc2\C=C\3/C(=O)Nc4ccccc34,8.92
105,CHEMBL1721885,Cc1[nH]c(\C=C\2/C(=O)Nc3ccc(F)cc23)c(C)c1C(=O)NC[C@H](O)CN4CCOCC4,8.96
106,CHEMBL1079545,CC(C)(C)c1onc(NC(=O)Nc2ccc(NC(=O)c3ncccc3O)cc2)c1,9.0
107,CHEMBL2071201,Cn1cc(Nc2ncc(Br)c(N[C@@H]3[C@@H]4C[C@@H](C=C4)[C@@H]3C(=O)N)n2)cn1,9.0
108,CHEMBL1173411,COc1ccc(NC(=O)Nc2ccc3\C(=C\c4[nH]cc(C(=O)O)c4C)\C(=O)Nc3c2)cc1,9.01
109,CHEMBL1980297,Nc1ncc(c2cnn(CCO)c2)c3scc(c4ccc(NC(=O)Nc5cccc(F)c5)cc4)c13,9.1
110,CHEMBL3642837,Cc1ccc(cc1Nc2nccc(n2)c3cccnc3)C(=O)Nc4ccc(NC(=O)CCl)c(c4)C(F)(F)F,9.14
111,axitinib,CNC(=O)C1=C(SC2=CC=C3C(NN=C3\C=C\C3=CC=CC=N3)=C2)C=CC=C1,9.29
112,CHEMBL1908396,COc1cc(Oc2ccnc3cc(OC)c(OC)cc23)ccc1NC(=O)NC(C)c4nccs4,9.31
113,CHEMBL491473,COc1cc2c(Oc3ccc4[nH]c(C)cc4c3F)ncnc2cc1OCCCN5CCCC5,9.39
114,CHEMBL1668411,COc1cc(O)c2C(=O)O[C@@H](C)C\C=C/C(=O)[C@@H](O)[C@H](O)C\C=C\c2c1,9.62
