,molecule_chembl_id,canonical_smiles,pchembl_value
0,CHEMBL3689280,CN1CCC(CC1)Oc2ccnc3ccc(cc23)C#CCNC(=O)C4=CN=CN(Cc5ccc(F)c(F)c5)C4=O,7.54
1,CHEMBL267837,NS(=O)(=O)c1ccc2NC(=O)\C(=C(\c3ccccc3)/c4ccc[nH]4)\c2c1,7.54
2,CHEMBL3644694,Fc1ccc(CN2C=NC=C(C(=O)NCC#Cc3ccc4ncc5ncn([C@H]6CCNC6)c5c4c3)C2=O)cc1F,7.55
3,CHEMBL3644718,CC(C)n1c(C)nc2cnc3ccc(cc3c12)C#CCNC(=O)C4=CC=CN(CC5CCCC5)C4=O,7.57
4,CHEMBL3640527,CN(C)c1c(cnc2ccc(cc12)C#CCNC(=O)C3=CC=CN(Cc4ccc(F)c(F)c4)C3=O)C#N,7.57
5,CHEMBL3689186,CNc1cnc2ccc(cc2n1)C#CCNC(=O)C3=CN=CN(Cc4ccc(F)c(F)c4)C3=O,7.57
6,CHEMBL3823242,OP(=O)(O)OC[C@H]1[C@@H](OCc2ccccc2)[C@@H](OP(=O)(O)O)[C@H](OP(=O)(O)O)[C@@H](OP(=O)(O)O)[C@@H]1OP(=O)(O)O,7.58
7,CHEMBL2332032,OP(=O)(O)O[C@H]1[C@H](OCc2ccccc2)[C@H](OP(=O)(O)O)[C@H](OP(=O)(O)O)[C@@H](OP(=O)(O)O)[C@@H]1OP(=O)(O)O,7.58
8,CHEMBL2207217,Brc1cnc(Nc2cccc(NC(=O)N3CCCC3)c2)nc1NCCCNC(=O)c4cccs4,7.59
9,CHEMBL3640441,CN(C)c1ncnc2ccc(cc12)C#CCNC(=O)C3=CN=CN(Cc4ccc(F)c(F)c4)C3=O,7.59
10,CHEMBL3644685,CN1CC[C@H](C1)n2cnc3cnc4ccc(cc4c23)C#CCNC(=O)C5=CN=CN(Cc6ccc(F)c(F)c6)C5=O,7.59
11,CHEMBL572235,COc1cc2ncc3c(N)nc(cc3c2cc1OC)c4cncc(N)c4,7.59
12,CHEMBL3689300,Fc1ccc(CN2C=NC=C(C(=O)NCC#Cc3ccc4nccc(OCC5CCOCC5)c4c3)C2=O)cc1F,7.59
13,CHEMBL1765748,CC(C)(C)OC(=O)N[C@@H]1CCCN(C1)c2cc(nc(N)n2)c3ccc4c(N)n[nH]c4c3,7.6
14,CHEMBL3689267,CN(C)CCOc1ccnc2ccc(cc12)C#CCNC(=O)C3=CC=CN(Cc4ccc(F)c(F)c4)C3=O,7.6
15,CHEMBL3640520,CN1CCC(C1)NC(=O)c2cnc3ccc(cc3c2)C#CCNC(=O)C4=CN=CN(Cc5ccc(F)c(F)c5)C4=O,7.62
16,CHEMBL1765743,CNc1nc(cc(n1)c2ccc3c(N)n[nH]c3c2)N4C[C@H](OC[C@H]4C)C(=O)NC5CCCCC5,7.62
17,CHEMBL3647290,COCCc1nc2cnc3ccc(cc3c2n1C)C#CCNC(=O)C4=CN=CN(Cc5ccc(F)c(F)c5)C4=O,7.62
18,CHEMBL585339,COc1cc2ncc3c(N)nc(cc3c2cc1OC)c4cncc(Nc5ccccc5CCO)c4,7.62
19,CHEMBL3652562,COc1ccc(cc1)N(C[C@H](O)CO)c2cc(nc(N)n2)c3c[nH]c4ncc(cc34)c5cnn(C)c5,7.62
20,CHEMBL3640526,Cc1n[nH]cc1c2ccnc3ccc(cc23)C#CCNC(=O)C4=CN=CN(Cc5ccc(F)c(F)c5)C4=O,7.62
21,CHEMBL3689258,CN(C)CCCN(C)c1ccnc2ccc(cc12)C#CCNC(=O)C3=CN=CN(Cc4ccc(F)c(F)c4)C3=O,7.64
22,CHEMBL3689283,Fc1ccc(CN2C=CC=C(C(=O)NCC#Cc3ccc4nccc(OC5CCNCC5)c4c3)C2=O)cc1F,7.64
23,CHEMBL3689256,Fc1ccc(CN2C=NC=C(C(=O)NCC#Cc3ccc4ncc(OC5CCNCC5)cc4c3)C2=O)cc1F,7.64
24,CHEMBL3652591,CC(=O)NCCCN(c1ccccc1)c2cc(nc(N)n2)c3c[nH]c4ncc(cc34)c5cnn(C)c5,7.66
25,CHEMBL3647299,CN(C)CCc1nc2cnc3ccc(cc3c2n1C)C#CCNC(=O)C4=CN=CN(Cc5ccc(F)c(F)c5)C4=O,7.66
26,CHEMBL1765751,C[C@@H]1C[C@H](CN(C1)c2cc(nc(N)n2)c3ccc4c(N)n[nH]c4c3)N(C)C(=O)CC(C)(C)C,7.66
27,CHEMBL3640549,CC(=C)c1cnc2ccc(cc2n1)C#CCNC(=O)C3=CN=CN(Cc4ccc(F)c(F)c4)C3=O,7.68
28,CHEMBL3640467,CC(=O)N[C@@H]1CCN(C1)c2ncnc3ccc(cc23)C#CCNC(=O)C4=CC=CN(Cc5ccc(F)c(F)c5)C4=O,7.68
29,CHEMBL3644731,CC(C)N1CCC(CC1)n2c(C)nc3cnc4ccc(cc4c23)C#CCNC(=O)C5=CC=NN(Cc6ccc(F)c(F)c6)C5=O,7.68
30,CHEMBL3689206,CC(C)Nc1cnc2ccc(cc2n1)C#CCNC(=O)C3=CN=CN(Cc4ccc(F)c(F)c4)C3=O,7.68
31,CHEMBL3689199,CN(C1CCN(C)CC1)c2cnc3ccc(cc3n2)C#CCNC(=O)C4=CN=CN(Cc5ccc(F)c(F)c5)C4=O,7.68
32,CHEMBL3689253,CNC(=O)c1cnc2ccc(C#CCNC(=O)C3=CN=CN(Cc4ccc(F)c(F)c4)C3=O)c(C)c2c1,7.68
33,CHEMBL1095285,COc1cc2ncc3c(N)nc(cc3c2cc1OC)c4cncc(OC[C@H](N)Cc5cccc(c5)C(F)(F)F)c4,7.68
34,CHEMBL3639880,O[C@@H]1CC[C@H](CC1)Nc2cnc3ccc(cc3n2)C#CCNC(=O)C4=CN=CN(Cc5ccc(F)c(F)c5)C4=O,7.68
35,CHEMBL3640504,CN(C)CCCNC(=O)c1cnc2ccc(cc2c1)C#CCNC(=O)C3=CN=CN(Cc4ccc(F)c(F)c4)C3=O,7.7
36,CHEMBL3640514,CN1CC(C1)NC(=O)c2cnc3ccc(cc3c2)C#CCNC(=O)C4=CN=CN(Cc5ccc(F)c(F)c5)C4=O,7.7
37,CHEMBL3644742,CN1CC[C@H](C1)n2cnc3cnc4ccc(cc4c23)C#CCNC(=O)C5=CC=CN(Cc6ccc(F)c(F)c6)C5=O,7.7
38,CHEMBL1765876,Nc1nc(Nc2ccccc2)cc(n1)c3ccc4c(N)n[nH]c4c3,7.7
39,CHEMBL1614774,Nc1nc(cc(n1)c2ccc3c(N)[nH]nc3c2)N4CCO[C@@H](C4)C(=O)Nc5ccccc5,7.7
40,CHEMBL1765750,CNc1nc(cc(n1)c2ccc3c(N)n[nH]c3c2)N4C[C@H](C)C[C@H](C4)N(C)C(=O)OC(C)(C)C,7.72
41,CHEMBL3647291,Cn1c(CF)nc2cnc3ccc(cc3c12)C#CCNC(=O)C4=CN=CN(Cc5ccc(F)c(F)c5)C4=O,7.72
42,CHEMBL3640521,Fc1ccc(CN2C=NC=C(C(=O)NCC#Cc3ccc4nccc(c5cc[nH]c5)c4c3)C2=O)cc1F,7.72
43,CHEMBL3644686,CN1CC[C@@H](C1)n2cnc3cnc4ccc(cc4c23)C#CCNC(=O)C5=CN=CN(Cc6ccc(F)c(F)c6)C5=O,7.75
44,CHEMBL1094637,COc1cc2ncc3c(N)nc(cc3c2cc1OC)c4cncc(OC[C@H](N)CC(C)C)c4,7.75
45,CHEMBL3647296,COc1nc2cnc3ccc(cc3c2n1C)C#CCNC(=O)C4=CN=CN(Cc5ccc(F)c(F)c5)C4=O,7.75
46,CHEMBL442229,NC(=O)Nc1ccc2NC(=O)\C(=C/c3ccc[nH]3)\c2c1,7.75
47,CHEMBL3644738,OCCn1cnc2cnc3ccc(cc3c12)C#CCNC(=O)C4=CC=CN(Cc5ccc(F)c(F)c5)C4=O,7.75
48,CHEMBL3644728,OC[C@@H](N1C=CC=C(C(=O)NCC#Cc2ccc3ncc4ncn(C5CCNC5)c4c3c2)C1=O)c6ccccc6,7.75
49,CHEMBL3652572,CC(C)n1cc(cn1)c2cnc3[nH]cc(c4cc(nc(N)n4)N(CCO)c5ccccc5Cl)c3c2,7.77
50,CHEMBL3689190,CN(C)CCSc1cnc2ccc(cc2n1)C#CCNC(=O)C3=CN=CN(Cc4ccc(F)c(F)c4)C3=O,7.77
51,CHEMBL1095294,COc1cc2ncc3c(N)nc(cc3c2cc1OC)c4cncc(OC[C@H](N)Cc5ccccc5)c4,7.77
52,CHEMBL3689313,C[C@H](N1C=CC=C(C(=O)NCC#Cc2ccc3nccc(OC[C@@H]4CCCN(CCN5CCOCC5)C4)c3c2)C1=O)c6cc(F)c(F)c(F)c6,7.77
53,CHEMBL3652589,Cn1cc(cn1)c2cnc3[nH]cc(c4cc(nc(N)n4)N(CCC(=O)N)c5ccccc5)c3c2,7.77
54,CHEMBL3652568,CN(c1ccccc1)c2cc(nc(N)n2)c3c[nH]c4ncc(cc34)c5cnn(C)c5,7.78
55,CHEMBL3644714,CC(C)n1c(C)nc2cnc3ccc(cc3c12)C#CCNC(=O)C4=CC=CN([C@@H](CN)c5ccccc5)C4=O,7.8
56,CHEMBL3689299,CN(C)CCCOc1ccnc2ccc(cc12)C#CCNC(=O)C3=CC=NN(Cc4ccc(F)c(F)c4)C3=O,7.8
57,CHEMBL3644687,CN(C)CCCn1cnc2cnc3ccc(cc3c12)C#CCNC(=O)C4=CN=CN(Cc5ccc(F)c(F)c5)C4=O,7.8
58,CHEMBL3640442,CN(Cc1ccccc1)c2ncnc3ccc(cc23)C#CCNC(=O)C4=CN=CN(Cc5ccc(F)c(F)c5)C4=O,7.8
59,CHEMBL3640499,CON(C)c1ncnc2ccc(cc12)C#CCNC(=O)C3=CN=CN(Cc4ccc(F)c(F)c4)C3=O,7.8
60,CHEMBL1614776,C[C@H]1CC[C@H](CN1c2cc(nc(N)n2)c3ccc4c(N)[nH]nc4c3)NC(=O)OC(C)(C)C,7.8
61,CHEMBL3644692,Fc1ccc(CN2C=NC=C(C(=O)NCC#Cc3ccc4ncc5ncn(C6CCNC6)c5c4c3)C2=O)cc1F,7.8
62,CHEMBL3644715,CC(C)n1c(C)nc2cnc3ccc(cc3c12)C#CCNC(=O)C4=CC=CN(CC5C[C@@H]6CC[C@H]5C6)C4=O,7.82
63,CHEMBL3689257,CN(C)CCCOc1ccnc2ccc(cc12)C#CCNC(=O)C3=CN=CN(Cc4ccc(F)c(F)c4)C3=O,7.82
64,CHEMBL3644730,CN(C)[C@@H]1CC[C@@H](CC1)n2cnc3cnc4ccc(cc4c23)C#CCNC(=O)C5=CC(=NN(Cc6ccc(F)c(F)c6)C5=O)C,7.82
65,CHEMBL3640485,CN(c1ccccc1)c2ncnc3ccc(cc23)C#CCNC(=O)C4=CN=CN(Cc5ccc(F)c(F)c5)C4=O,7.82
66,CHEMBL1240703,CO[C@@H]1[C@@H](C[C@H]2O[C@]1(C)n3c4ccccc4c5c6[C@H](O)NC(=O)c6c7c8ccccc8n2c7c35)N(C)C(=O)c9ccccc9,7.82
67,CHEMBL1097604,COc1cc2ncc3c(N)nc(cc3c2cc1OC)c4cncc(OC[C@H](N)Cc5c[nH]c6ccccc56)c4,7.82
68,CHEMBL1095622,COc1cc2ncc3c(N)nc(cc3c2cc1OC)c4cncc(OC[C@H](N)Cc5ccc(F)cc5)c4,7.82
69,CHEMBL3689282,Fc1ccc(CN2C=NC=C(C(=O)NCC#Cc3ccc4nccc(OC5CCNCC5)c4c3)C2=O)cc1F,7.82
70,CHEMBL3644711,CC(C)n1c(C)nc2cnc3ccc(cc3c12)C#CCNC(=O)C4=CC=CN(CC5CCCCC5)C4=O,7.85
71,CHEMBL234811,CC\C(=C/1\C(=O)Nc2ccc(cc12)S(=O)(=O)N)\c3ccc[nH]3,7.85
72,CHEMBL3689269,CN1CCN(CCCOc2ccnc3ccc(cc23)C#CCNC(=O)C4=CN=CN(Cc5ccc(F)c(F)c5)C4=O)CC1,7.85
73,CHEMBL3640500,CNc1ncnc2ccc(cc12)C#CCNC(=O)C3=CC=CN([C@H](CO)c4ccccc4)C3=O,7.85
74,CHEMBL1094321,COc1cc2ncc3c(N)nc(cc3c2cc1OC)c4cncc(OC[C@@H](N)CC(C)C)c4,7.85
75,CHEMBL3647293,Cn1c(CCO)nc2cnc3ccc(cc3c12)C#CCNC(=O)C4=CN=CN(Cc5ccc(F)c(F)c5)C4=O,7.85
76,CHEMBL3640524,Fc1ccc(CN2C=NC=C(C(=O)NCC#Cc3ccc4nccc(C5=CCCNC5)c4c3)C2=O)cc1F,7.85
77,CHEMBL3644725,CCN1CCC(CC1)n2c(C)nc3cnc4ccc(cc4c23)C#CCNC(=O)C5=CC(=NN(Cc6ccc(F)c(F)c6)C5=O)C,7.89
78,CHEMBL3813865,CCc1cc(nc(N)n1)c2c[nH]c3ncc(cc23)c4cn[nH]c4,7.89
79,CHEMBL3689271,CN(C)CC(C)(C)COc1ccnc2ccc(cc12)C#CCNC(=O)C3=CN=CN(Cc4ccc(F)c(F)c4)C3=O,7.89
80,CHEMBL3640457,CN(C1CC1)c2ncnc3ccc(cc23)C#CCNC(=O)C4=CN=CN(Cc5ccc(F)c(F)c5)C4=O,7.89
81,CHEMBL1098302,COc1cc2ncc3c(N)nc(cc3c2cc1OC)c4cncc(OC[C@@H](N)Cc5cccc(c5)C(F)(F)F)c4,7.89
82,CHEMBL3652561,Cn1cc(cn1)c2cnc3[nH]cc(c4cc(nc(N)n4)N(CCO)c5ccccc5)c3c2,7.89
83,CHEMBL3652569,CCN(c1ccccc1)c2cc(nc(N)n2)c3c[nH]c4ncc(cc34)c5cnn(C)c5,7.92
84,CHEMBL3689262,CN(C)CCCOc1ccnc2ccc(cc12)C#CCNC(=O)C3=CC=CN(Cc4ccc(F)c(F)c4)C3=O,7.92
85,CHEMBL3640508,CN1CCC(CC1)NC(=O)c2cnc3ccc(cc3c2)C#CCNC(=O)C4=CN=CN(Cc5ccc(F)c(F)c5)C4=O,7.92
86,CHEMBL3640438,CNc1ncnc2ccc(cc12)C#CCNC(=O)C3=CN=CN(Cc4ccc(F)c(F)c4)C3=O,7.92
87,CHEMBL3689298,OCC(N1C=CC=C(C(=O)NCC#Cc2ccc3nccc(OCC4CCOC4)c3c2)C1=O)c5ccc(F)c(F)c5,7.92
88,CHEMBL3644690,CC(C)N1CCC(CC1)n2cnc3cnc4ccc(cc4c23)C#CCNC(=O)C5=CN=CN(Cc6ccc(F)c(F)c6)C5=O,7.96
89,CHEMBL3639881,CCOc1ccnc2ccc(cc12)C#CCNC(=O)C3=CC=CN(C(CO)c4ccc(F)c(F)c4)C3=O,7.96
90,CHEMBL3640542,CN(C)CCCNc1cnc2ccc(C#CCNC(=O)C3=CN=CN(Cc4ccc(F)c(F)c4)C3=O)c(C)c2n1,7.96
91,CHEMBL3644743,CN1CC[C@@H](C1)n2cnc3cnc4ccc(cc4c23)C#CCNC(=O)C5=CC(=NN(Cc6ccc(F)c(F)c6)C5=O)Cl,7.96
92,CHEMBL3652578,COCC(O)CN(c1ccccc1)c2cc(nc(N)n2)c3c[nH]c4ncc(cc34)c5cnn(C)c5,7.96
93,CHEMBL3689214,NC1CCC(C1)Nc2cnc3ccc(cc3n2)C#CCNC(=O)C4=CN=CN(Cc5ccc(F)c(F)c5)C4=O,7.96
94,CHEMBL3689309,OCC(N1C=CC=C(C(=O)NCC#Cc2ccc3nccc(OCC4CCOCC4)c3c2)C1=O)c5ccc(F)c(F)c5,7.96
95,CHEMBL3644688,CN1CCC[C@H](C1)n2cnc3cnc4ccc(cc4c23)C#CCNC(=O)C5=CN=CN(Cc6ccc(F)c(F)c6)C5=O,8.0
96,CHEMBL1765740,CNc1nc(cc(n1)c2ccc3c(N)n[nH]c3c2)N4C[C@H](CC[C@H]4C)C(=O)NC5CCCCC5,8.0
97,CHEMBL3640495,CNc1ncnc2ccc(cc12)C#CCNC(=O)C3=CC(=NN(Cc4ccc(F)c(F)c4)C3=O)Cl,8.0
98,CHEMBL232177,NC(=O)Nc1ccc2NC(=O)\C(=C(\c3ccncc3)/c4ccc[nH]4)\c2c1,8.0
99,CHEMBL3652566,CN(c1cc(nc(N)n1)c2c[nH]c3ncc(cc23)c4cnn(C)c4)c5ccccc5F,8.01
100,CHEMBL3640496,CNc1ncnc2ccc(cc12)C#CCNC(=O)C3=CC(=NN(Cc4ccc(F)c(F)c4)C3=O)OC,8.05
101,CHEMBL3689247,COCCN1CCC(CC1)Nc2cnc3ccc(cc3c2)C#CCNC(=O)C4=CC=CN([C@@H](C)c5ccc(F)c(F)c5)C4=O,8.05
102,CHEMBL3689219,COCCN1CCC(CC1)Nc2cnc3ccc(cc3n2)C#CCNC(=O)C4=CC=CN(Cc5ccc(F)c(F)c5)C4=O,8.05
103,CHEMBL1097973,COc1cc2ncc3c(N)nc(cc3c2cc1OC)c4cncc(OC[C@@H](N)Cc5ccncc5)c4,8.05
104,CHEMBL3689227,Fc1ccc(CN2C=CC=C(C(=O)NCC#Cc3ccc4ncc(NC5CCN(CC5)C6COC6)nc4c3)C2=O)cc1F,8.05
105,CHEMBL3644691,Fc1ccc(CN2C=NC=C(C(=O)NCC#Cc3ccc4ncc5ncn([C@H]6CCCNC6)c5c4c3)C2=O)cc1F,8.05
106,CHEMBL391101,NC(=O)Nc1ccc2NC(=O)\C(=C(\c3cccc(N)c3)/c4ccc[nH]4)\c2c1,8.05
107,CHEMBL3652588,Cn1cc(cn1)c2cnc3[nH]cc(c4cc(nc(N)n4)N(CCCN)c5ccccc5)c3c2,8.06
108,CHEMBL3644723,CC(C)N1CCC(CC1)n2c(C)nc3cnc4ccc(cc4c23)C#CCNC(=O)C5=CC=CN(Cc6ccc(F)c(F)c6)C5=O,8.1
109,CHEMBL3644696,CC(C)n1c(C)nc2cnc3ccc(cc3c12)C#CCNC(=O)C4=CC=CN(Cc5ccccc5)C4=O,8.1
110,CHEMBL3640480,CCN(CC)c1ncnc2ccc(cc12)C#CCNC(=O)C3=CC(=NN(Cc4ccc(F)c(F)c4)C3=O)Cl,8.1
111,CHEMBL3640491,CCN(CC)c1ncnc2ccc(cc12)C#CCNC(=O)C3=CC=CN(C(C)c4ccc(F)c(F)c4)C3=O,8.1
112,CHEMBL3689215,CCN1CC[C@@H](Nc2cnc3ccc(cc3n2)C#CCNC(=O)C4=CN=CN(Cc5ccc(F)c(F)c5)C4=O)[C@@H](F)C1,8.1
113,CHEMBL3647295,CCc1nc2cnc3ccc(cc3c2n1C)C#CCNC(=O)C4=CN=CN(Cc5ccc(F)c(F)c5)C4=O,8.1
114,CHEMBL3689203,CN1CCC(CC1)Nc2cnc3ccc(cc3n2)C#CCNC(=O)C4=CC=CN([C@H](CO)c5ccccc5)C4=O,8.1
115,CHEMBL3640541,CNc1ncnc2ccc(C#CCNC(=O)C3=CC=CN(Cc4ccc(F)c(F)c4)C3=O)c(C)c12,8.1
116,CHEMBL3640497,CNc1ncnc2ccc(cc12)C#CCNC(=O)C3=CC=CN([C@@H](C)c4ccc(F)c(F)c4)C3=O,8.1
117,CHEMBL3689243,COCCN1CCC(CC1)Nc2cnc3ccc(cc3c2)C#CCNC(=O)C4=CC=CN(Cc5ccc(F)c(F)c5)C4=O,8.1
118,CHEMBL3689223,COCCN1CCC(CC1)Nc2cnc3ccc(cc3n2)C#CCNC(=O)C4=CC=NN(Cc5ccc(F)c(F)c5)C4=O,8.1
119,CHEMBL1096271,COc1cc2ncc3c(N)nc(cc3c2cc1OC)c4cncc(OC[C@@H](N)Cc5cccc(Cl)c5)c4,8.1
120,CHEMBL1097602,COc1cc2ncc3c(N)nc(cc3c2cc1OC)c4cncc(OC[C@@H](N)Cc5ccccc5)c4,8.1
121,CHEMBL1095931,COc1cc2ncc3c(N)nc(cc3c2cc1OC)c4cncc(OC[C@@H](N)Cc5ccccc5Cl)c4,8.1
122,CHEMBL1765739,C[C@@H]1CC[C@@H](CN1c2cc(nc(N)n2)c3ccc4c(N)n[nH]c4c3)C(=O)NC5CCCCC5,8.1
123,CHEMBL3689228,C[C@H](N1C=CC=C(C(=O)NCC#Cc2ccc3ncc(NC4CCN(CC4)C5COC5)nc3c2)C1=O)c6ccc(F)c(F)c6,8.1
124,CHEMBL3644760,Cc1nc2cnc3ccc(cc3c2n1C)C#CCNC(=O)C4=CN=CN(Cc5ccc(F)c(F)c5)C4=O,8.1
125,CHEMBL3652586,Cn1cc(cn1)c2cnc3[nH]cc(c4cc(nc(N)n4)N(CCC#N)c5ccccc5)c3c2,8.1
126,CHEMBL3689194,Fc1ccc(CN2C=NC=C(C(=O)NCC#Cc3ccc4ncc(NC5CCN(CC5)C6CC6)nc4c3)C2=O)cc1F,8.1
127,CHEMBL3644693,Fc1ccc(CN2C=NC=C(C(=O)NCC#Cc3ccc4ncc5ncn(C6CCNCC6)c5c4c3)C2=O)cc1F,8.1
128,CHEMBL3689224,Fc1ccc(CN2N=CC=C(C(=O)NCC#Cc3ccc4ncc(NC5CCN(CC5)C6COC6)nc4c3)C2=O)cc1F,8.1
129,CHEMBL3652567,CN(c1cc(nc(N)n1)c2c[nH]c3ncc(cc23)c4cnn(C)c4)c5ccccc5Cl,8.12
130,CHEMBL3644727,CC(C)N1CCC(CC1)n2cnc3cnc4ccc(cc4c23)C#CCNC(=O)C5=CC=CN(Cc6ccc(F)c(F)c6)C5=O,8.16
131,CHEMBL3689216,CCN1CCC(CC1)Nc2cnc3ccc(cc3n2)C#CCNC(=O)C4=CC=CN(Cc5ccc(F)c(F)c5)C4=O,8.16
132,CHEMBL3652585,COCCN(c1cc(nc(N)n1)c2c[nH]c3ncc(cc23)c4cnn(C)c4)c5ccccc5Cl,8.16
133,CHEMBL3644734,Cc1nc2cnc3ccc(cc3c2n1CCc4ccccc4)C#CCNC(=O)C5=CC(=NN(Cc6ccc(F)c(F)c6)C5=O)Cl,8.16
134,CHEMBL3689230,Fc1ccc(CN2N=CC=C(C(=O)NCC#Cc3ccc4ncc(N[C@@H]5CC[C@H](CC5)N6CCOCC6)nc4c3)C2=O)cc1F,8.16
135,CHEMBL3689235,OC[C@@H](N1C=CC=C(C(=O)NCC#Cc2ccc3ncc(N[C@@H]4CC[C@H](CC4)N5CCN(CC6CC6)CC5)nc3c2)C1=O)c7ccccc7,8.16
136,CHEMBL3644749,OC[C@H](N1C=CC=C(C(=O)NCC#Cc2ccc3ncc4ncn(C5CCOC5)c4c3c2)C1=O)c6cccc(F)c6,8.16
137,CHEMBL3652581,Cn1cc(cn1)c2cnc3[nH]cc(c4cc(nc(N)n4)N(CCO)c5ccc(F)cc5F)c3c2,8.19
138,CHEMBL1765744,CC[C@@H]1CO[C@@H](CN1c2cc(nc(NC)n2)c3ccc4c(N)n[nH]c4c3)C(=O)NC5CCCCC5,8.2
139,CHEMBL1614777,C[C@@H]1C[C@H](CN(C1)c2cc(nc(N)n2)c3ccc4c(N)[nH]nc4c3)NC(=O)OC(C)(C)C,8.2
140,CHEMBL3689307,CCN(CC)CCCOc1ccnc2ccc(cc12)C#CCNC(=O)C3=CN=CN(Cc4ccc(F)c(F)c4)C3=O,8.22
141,CHEMBL3640493,CCN(CC)c1ncnc2ccc(cc12)C#CCNC(=O)C3=CC=CN([C@H](CO)c4ccccc4)C3=O,8.22
142,CHEMBL3689193,CCN1CCC(CC1)Nc2cnc3ccc(cc3n2)C#CCNC(=O)C4=CN=CN(Cc5ccc(F)c(F)c5)C4=O,8.22
143,CHEMBL1097956,CC[C@H](N)COc1cncc(c1)c2cc3c(cnc4cc(OC)c(OC)cc34)c(N)n2,8.22
144,CHEMBL3647298,CN(C)CCCc1nc2cnc3ccc(cc3c2n1C)C#CCNC(=O)C4=CN=CN(Cc5ccc(F)c(F)c5)C4=O,8.22
145,CHEMBL3640483,CN(Cc1cccc2ncccc12)c3ncnc4ccc(cc34)C#CCNC(=O)C5=CC=CN(Cc6ccc(F)c(F)c6)C5=O,8.22
146,CHEMBL3644726,CN1CCC(CC1)n2c(C)nc3cnc4ccc(cc4c23)C#CCNC(=O)C5=CC=CN(Cc6ccc(F)c(F)c6)C5=O,8.22
147,CHEMBL3689306,CN1CC[C@@H](COc2ccnc3ccc(cc23)C#CCNC(=O)C4=CC=CN(Cc5cc(F)c(F)c(F)c5)C4=O)C1,8.22
148,CHEMBL1095612,COc1cc2ncc3c(N)nc(cc3c2cc1OC)c4cncc(OC[C@@H](N)Cc5c[nH]c6ccccc56)c4,8.22
149,CHEMBL1097972,COc1cc2ncc3c(N)nc(cc3c2cc1OC)c4cncc(OC[C@@H](N)Cc5ccc(Cl)c(Cl)c5)c4,8.22
150,CHEMBL1095279,COc1cc2ncc3c(N)nc(cc3c2cc1OC)c4cncc(OC[C@H](C)N)c4,8.22
151,CHEMBL3640489,COc1ccc(CN(C)c2ncnc3ccc(cc23)C#CCNC(=O)C4=CC=CN(Cc5ccc(F)c(F)c5)C4=O)cc1,8.22
152,CHEMBL228654,C\C(=C/1\C(=O)Nc2ccc(NC(=O)N)cc12)\c3ccc[nH]3,8.22
153,CHEMBL388978,CN[C@@H]1C[C@H]2O[C@@](C)([C@@H]1OC)n3c4ccccc4c5c6CNC(=O)c6c7c8ccccc8n2c7c35,8.28
154,CHEMBL3644708,CC(C)n1c(C)nc2cnc3ccc(cc3c12)C#CCNC(=O)C4=C(C)N(C)N(C(C)c5ccc(F)c(F)c5)C4=O,8.3
155,CHEMBL3644709,CC(C)n1c(C)nc2cnc3ccc(cc3c12)C#CCNC(=O)C4=C(C)N(C)N(Cc5ccc(F)c(F)c5)C4=O,8.3
156,CHEMBL3644698,CC(C)n1c(C)nc2cnc3ccc(cc3c12)C#CCNC(=O)C4=CC(=NN(Cc5ccc(F)c(F)c5)C4=O)Cl,8.3
157,CHEMBL3644706,CCC1=C(C(=O)NCC#Cc2ccc3ncc4nc(C)n(C(C)C)c4c3c2)C(=O)N(Cc5ccc(F)c(F)c5)N1C,8.3
158,CHEMBL3644761,CCOC1=NN(Cc2ccc(F)c(F)c2)C(=O)C(=C1)C(=O)NCC#Cc3ccc4ncc5ncn(C(C)C)c5c4c3,8.3
159,CHEMBL3689297,CN(C)CCCCOc1ccnc2ccc(cc12)C#CCNC(=O)C3=CN=CN(Cc4ccc(F)c(F)c4)C3=O,8.3
160,CHEMBL3689296,CN(C)CCCOc1ccnc2ccc(cc12)C#CCNC(=O)C3=CC=CN(Cc4cc(F)c(F)c(F)c4)C3=O,8.3
161,CHEMBL3689213,CN(C)[C@@H]1CC[C@H](CC1)Nc2cnc3ccc(cc3n2)C#CCNC(=O)C4=CN=CN(Cc5ccc(F)c(F)c5)C4=O,8.3
162,CHEMBL3689202,CN1CCC(CC1)Nc2cnc3ccc(cc3n2)C#CCNC(=O)C4=CC=CN(Cc5ccc(F)c(F)c5)C4=O,8.3
163,CHEMBL3689270,CN1CCCC(COc2ccnc3ccc(cc23)C#CCNC(=O)C4=CC=CN(Cc5ccc(F)c(F)c5)C4=O)C1,8.3
164,CHEMBL3644748,CN1N(Cc2ccc(F)c(F)c2)C(=O)C(=C1C)C(=O)NCC#Cc3ccc4ncc5nc(C)n(C6CCOCC6)c5c4c3,8.3
165,CHEMBL3689208,COCCN1CCC(CC1)Nc2cnc3ccc(cc3n2)C#CCNC(=O)C4=CN=CN(Cc5ccc(F)c(F)c5)C4=O,8.3
166,CHEMBL1095278,COc1cc2ncc3c(N)nc(cc3c2cc1OC)c4cncc(OCCN)c4,8.3
167,CHEMBL1765741,C[C@@H]1CO[C@@H](CN1c2cc(nc(N)n2)c3ccc4c(N)n[nH]c4c3)C(=O)Nc5ccccc5,8.3
168,CHEMBL3652582,Cn1cc(cn1)c2cnc3[nH]cc(c4cc(nc(N)n4)N(CCO)c5ccccc5F)c3c2,8.3
169,CHEMBL3652583,Cn1cc(cn1)c2cnc3[nH]cc(c4cc(nc(N)n4)N5CCOc6ccccc56)c3c2,8.3
170,CHEMBL3644757,Cn1cnc2cnc3ccc(cc3c12)C#CCNC(=O)C4=CN=CN(Cc5ccc(F)c(F)c5)C4=O,8.3
171,CHEMBL3689234,OC[C@@H](N1C=CC=C(C(=O)NCC#Cc2ccc3ncc(N[C@@H]4CC[C@H](CC4)N5CCOCC5)nc3c2)C1=O)c6cccc(F)c6,8.3
172,CHEMBL3689229,OC[C@@H](N1C=CC=C(C(=O)NCC#Cc2ccc3ncc(N[C@@H]4CC[C@H](CC4)N5CCOCC5)nc3c2)C1=O)c6ccccc6,8.3
173,CHEMBL3639514,Cn1cc(cn1)c2cnc3[nH]cc(c4cc(nc(N)n4)N(CCC(=O)O)c5ccccc5Cl)c3c2,8.32
174,CHEMBL3652573,Cn1cc(cn1)c2cnc3[nH]cc(c4cc(nc(N)n4)N(CCO)c5ccccc5Cl)c3c2,8.33
175,CHEMBL3689305,CC(N1C=CC=C(C(=O)NCC#Cc2ccc3nccc(OC[C@H]4CCN(C)C4)c3c2)C1=O)c5cc(F)c(F)c(F)c5,8.4
176,CHEMBL3689240,CCN1CCC(CC1)Nc2cnc3ccc(cc3c2)C#CCNC(=O)C4=CN=CN(Cc5ccc(F)c(F)c5)C4=O,8.4
177,CHEMBL3689217,CCN1CC[C@H](Nc2cnc3ccc(cc3n2)C#CCNC(=O)C4=CN=CN(Cc5ccc(F)c(F)c5)C4=O)[C@H](F)C1,8.4
178,CHEMBL3644699,CCOC1=NN(Cc2ccc(F)c(F)c2)C(=O)C(=C1)C(=O)NCC#Cc3ccc4ncc5nc(C)n(C(C)C)c5c4c3,8.4
179,CHEMBL3644752,CN(C)[C@@H]1CC[C@@H](CC1)n2c(C)nc3cnc4ccc(cc4c23)C#CCNC(=O)C5=CC=CN([C@@H](CO)c6cccc(F)c6)C5=O,8.4
180,CHEMBL3689191,CN1CCC(CC1)Nc2cnc3ccc(cc3n2)C#CCNC(=O)C4=CN=CN(Cc5ccc(F)c(F)c5)C4=O,8.4
181,CHEMBL3689246,COCCN1CCC(CC1)Nc2cnc3ccc(cc3c2)C#CCNC(=O)C4=CC=CN([C@@H](CO)c5ccc(F)c(F)c5)C4=O,8.4
182,CHEMBL3689242,COCCN1CCC(CC1)Nc2cnc3ccc(cc3c2)C#CCNC(=O)C4=CN=CN(Cc5ccc(F)c(F)c5)C4=O,8.4
183,CHEMBL3689222,COCCN1CCC(CC1)Nc2cnc3ccc(cc3n2)C#CCNC(=O)C4=CC=CN([C@@H](C)c5ccc(F)c(F)c5)C4=O,8.4
184,CHEMBL3689225,COCCN1CCC(CC1)Nc2cnc3ccc(cc3n2)C#CCNC(=O)C4=CC=CN([C@H](CO)c5cccc(F)c5)C4=O,8.4
185,CHEMBL3644736,Fc1ccc(CN2C=CC=C(C(=O)NCC#Cc3ccc4ncc5nc[nH]c5c4c3)C2=O)cc1F,8.4
186,CHEMBL3689316,Fc1ccc(CN2C=CC=C(C(=O)NCC#Cc3ccc4nccc(OC[C@@H]5CCCNC5)c4c3)C2=O)cc1F,8.4
187,CHEMBL3644682,Fc1ccc(CN2C=NC=C(C(=O)NCC#Cc3ccc4ncc5ncn(C6CCC6)c5c4c3)C2=O)cc1F,8.4
188,CHEMBL3644681,OCCn1cnc2cnc3ccc(cc3c12)C#CCNC(=O)C4=CN=CN(Cc5ccc(F)c(F)c5)C4=O,8.4
189,CHEMBL3689233,OC[C@@H](N1C=CC=C(C(=O)NCC#Cc2ccc3ncc(NC4CCN(CC4)C5COC5)nc3c2)C1=O)c6cccc(F)c6,8.4
190,CHEMBL603469,C[C@]12O[C@H](C[C@]1(O)CO)n3c4ccccc4c5c6C(=O)NCc6c7c8ccccc8n2c7c35,8.47
191,CHEMBL1765742,CC[C@@H]1CO[C@@H](CN1c2cc(nc(NC)n2)c3ccc4c(N)n[nH]c4c3)C(=O)Nc5ccccc5,8.5
192,CHEMBL1614775,C[C@@H]1CC[C@@H](CN1c2cc(nc(N)n2)c3ccc4c(N)[nH]nc4c3)C(=O)Nc5ccccc5,8.5
193,CHEMBL3644724,CC(C)N1CCC(CC1)n2c(C)nc3cnc4ccc(cc4c23)C#CCNC(=O)C5=CC=CN([C@@H](C)c6ccc(F)c(F)c6)C5=O,8.52
194,CHEMBL3689315,CC(C)N1CCC[C@@H](COc2ccnc3ccc(cc23)C#CCNC(=O)C4=CC=CN(Cc5ccc(F)c(F)c5)C4=O)C1,8.52
195,CHEMBL3689295,CC(N1C=CC=C(C(=O)NCC#Cc2ccc3nccc(OC[C@@H]4CCN(C)C4)c3c2)C1=O)c5cc(F)c(F)c(F)c5,8.52
196,CHEMBL3689304,CC(N1C=CC=C(C(=O)NCC#Cc2ccc3nccc(OC[C@H]4CCN(C)C4)c3c2)C1=O)c5ccc(F)c(F)c5,8.52
197,CHEMBL1094320,CC[C@@H](N)COc1cncc(c1)c2cc3c(cnc4cc(OC)c(OC)cc34)c(N)n2,8.52
198,CHEMBL232176,CC\C(=C/1\C(=O)Nc2ccc(NC(=O)N)cc12)\c3ccc[nH]3,8.52
199,CHEMBL3644754,CN(C)[C@@H]1CC[C@@H](CC1)n2cnc3cnc4ccc(cc4c23)C#CCNC(=O)C5=CC=CN([C@@H](CO)c6cccc(F)c6)C5=O,8.52
200,CHEMBL3644751,CN(C)[C@@H]1CC[C@H](CC1)n2c(C)nc3cnc4ccc(cc4c23)C#CCNC(=O)C5=CC=CN([C@@H](CO)c6cccc(F)c6)C5=O,8.52
201,CHEMBL3689211,CN1CCC(CC1)Nc2cnc3ccc(cc3n2)C#CCNC(=O)C4=CC=CN([C@@H](CO)c5ccc(F)c(F)c5)C4=O,8.52
202,CHEMBL3689218,COCCN1CCC(CC1)Nc2cnc3ccc(cc3n2)C#CCNC(=O)C4=CC=CN([C@@H](CO)c5ccc(F)c(F)c5)C4=O,8.52
203,CHEMBL1097955,COc1cc2ncc3c(N)nc(cc3c2cc1OC)c4cncc(OC[C@@H](C)N)c4,8.52
204,CHEMBL1095621,COc1cc2ncc3c(N)nc(cc3c2cc1OC)c4cncc(OC[C@@H](N)Cc5ccc(F)cc5)c4,8.52
205,CHEMBL3689312,Fc1cc(CN2C=CC=C(C(=O)NCC#Cc3ccc4nccc(OC[C@@H]5CCCN(CCN6CCOCC6)C5)c4c3)C2=O)cc(F)c1F,8.52
206,CHEMBL3689226,Fc1ccc(CN2C=NC=C(C(=O)NCC#Cc3ccc4ncc(NC5CCN(CC5)C6COC6)nc4c3)C2=O)cc1F,8.52
207,CHEMBL3689198,Fc1ccc(CN2C=NC=C(C(=O)NCC#Cc3ccc4ncc(NC5CCNCC5)nc4c3)C2=O)cc1F,8.52
208,CHEMBL3689212,Fc1ccc(CN2C=NC=C(C(=O)NCC#Cc3ccc4ncc(N[C@@H]5CC[C@H](CC5)N6CCN(CC7CC7)CC6)nc4c3)C2=O)cc1F,8.52
209,CHEMBL3689291,Fc1ccc(CN2C=NC=C(C(=O)NCC#Cc3ccc4nccc(OCC5CCNC5)c4c3)C2=O)cc1F,8.52
210,CHEMBL3689205,N[C@@H]1CC[C@H](CC1)Nc2cnc3ccc(cc3n2)C#CCNC(=O)C4=CN=CN(Cc5ccc(F)c(F)c5)C4=O,8.52
211,CHEMBL3640540,OCCN1CCC(CC1)Nc2cnc3ccc(cc3n2)C#CCNC(=O)C4=CN=CN(Cc5ccc(F)c(F)c5)C4=O,8.52
212,CHEMBL1940249,CC(C)n1cc(C(=O)c2cncc(N[C@@H]3CNC[C@@H]3c4ccc(F)cc4)n2)c5c(N)ncnc15,8.6
213,CHEMBL3644729,CC(C)N1CCC(CC1)n2cnc3cnc4ccc(cc4c23)C#CCNC(=O)C5=CC=CN([C@@H](C)c6ccc(F)c(F)c6)C5=O,8.7
214,CHEMBL3644695,CC(C)n1c(C)nc2cnc3ccc(cc3c12)C#CCNC(=O)C4=CC(=NN([C@H](C)c5ccc(F)c(F)c5)C4=O)C,8.7
215,CHEMBL3644697,CC(C)n1c(C)nc2cnc3ccc(cc3c12)C#CCNC(=O)C4=CC=CN(Cc5ccc(F)c(F)c5)C4=O,8.7
216,CHEMBL3644722,CC(C)n1c(C)nc2cnc3ccc(cc3c12)C#CCNC(=O)C4=CC=CN([C@@H](CN)c5ccc(F)c(F)c5)C4=O,8.7
217,CHEMBL3644713,CC(C)n1c(C)nc2cnc3ccc(cc3c12)C#CCNC(=O)C4=CC=CN([C@@H](CO)c5ccccc5)C4=O,8.7
218,CHEMBL3644703,CC(C)n1c(C)nc2cnc3ccc(cc3c12)C#CCNC(=O)C4=CC=CN([C@H](CO)c5ccc(F)c(F)c5)C4=O,8.7
219,CHEMBL3644704,CC(C)n1c(C)nc2cnc3ccc(cc3c12)C#CCNC(=O)C4=CN=CN(Cc5ccc(F)c(F)c5)C4=O,8.7
220,CHEMBL1940245,CC(C)n1cc(C(=O)c2cncc(N[C@@H]3CCC[C@@H]3c4ccccc4)n2)c5c(N)ncnc15,8.7
221,CHEMBL3639436,CC(C)n1cnc2cnc3ccc(cc3c12)C#CCNC(=O)C4=CN=CN(Cc5ccc(F)c(F)c5)C4=O,8.7
222,CHEMBL3689293,CC(N1C=CC=C(C(=O)NCC#Cc2ccc3nccc(OCCCN(C)C)c3c2)C1=O)c4ccc(F)c(F)c4,8.7
223,CHEMBL3689311,CC(N1C=CC=C(C(=O)NCC#Cc2ccc3nccc(OC[C@@H]4CCCN(C)C4)c3c2)C1=O)c5cc(F)c(F)c(F)c5,8.7
224,CHEMBL3689241,CCN1CCC(CC1)Nc2cnc3ccc(cc3c2)C#CCNC(=O)C4=CC=CN(Cc5ccc(F)c(F)c5)C4=O,8.7
225,CHEMBL3689245,CCN1CCC(CC1)Nc2cnc3ccc(cc3c2)C#CCNC(=O)C4=CC=CN([C@H](CO)c5cccc(F)c5)C4=O,8.7
226,CHEMBL3689221,CCN1CCC(CC1)Nc2cnc3ccc(cc3n2)C#CCNC(=O)C4=CN=CN([C@@H](C)c5ccc(F)c(F)c5)C4=O,8.7
227,CHEMBL3644759,CCn1c(C)nc2cnc3ccc(cc3c12)C#CCNC(=O)C4=CN=CN(Cc5ccc(F)c(F)c5)C4=O,8.7
228,CHEMBL3689294,CN(C)CCCOc1ccnc2ccc(cc12)C#CCNC(=O)C3=CC=CN(C(CO)c4ccc(F)c(F)c4)C3=O,8.7
229,CHEMBL3644689,CN1CCC(CC1)n2cnc3cnc4ccc(cc4c23)C#CCNC(=O)C5=CN=CN(Cc6ccc(F)c(F)c6)C5=O,8.7
230,CHEMBL3689314,CN1CCC[C@@H](COc2ccnc3ccc(cc23)C#CCNC(=O)C4=CC=CN(C(CO)c5cc(F)c(F)c(F)c5)C4=O)C1,8.7
231,CHEMBL3689310,CN1CCC[C@@H](COc2ccnc3ccc(cc23)C#CCNC(=O)C4=CC=CN(Cc5cc(F)c(F)c(F)c5)C4=O)C1,8.7
232,CHEMBL3689303,CN1CC[C@H](COc2ccnc3ccc(cc23)C#CCNC(=O)C4=CC=CN(Cc5cc(F)c(F)c(F)c5)C4=O)C1,8.7
233,CHEMBL3689201,C[C@@H](N1C=CC=C(C(=O)NCC#Cc2ccc3ncc(NC4CCN(C)CC4)nc3c2)C1=O)c5ccc(F)c(F)c5,8.7
234,CHEMBL3644733,C[C@H](N1C=CC=C(C(=O)NCC#Cc2ccc3ncc4nc(C)n(C5CCN(C)CC5)c4c3c2)C1=O)c6ccc(F)c(F)c6,8.7
235,CHEMBL3644755,Cc1nc2cnc3ccc(cc3c2n1C4CCCOC4)C#CCNC(=O)C5=CN=CN(Cc6ccc(F)c(F)c6)C5=O,8.7
236,CHEMBL3689210,Fc1ccc(CN2C=NC=C(C(=O)NCC#Cc3ccc4ncc(N[C@@H]5CC[C@H](CC5)N6CCOCC6)nc4c3)C2=O)cc1F,8.7
237,CHEMBL3689292,Fc1ccc(CN2C=NC=C(C(=O)NCC#Cc3ccc4nccc(OCC5CCCNC5)c4c3)C2=O)cc1F,8.7
238,CHEMBL3689232,Fc1ccc(CN2N=CC=C(C(=O)NCC#Cc3ccc4ncc(N[C@@H]5CC[C@H](CC5)N6CCN(CC7CC7)CC6)nc4c3)C2=O)cc1F,8.7
239,CHEMBL3644683,OCCCn1cnc2cnc3ccc(cc3c12)C#CCNC(=O)C4=CN=CN(Cc5ccc(F)c(F)c5)C4=O,8.7
240,CHEMBL3689231,OC[C@@H](N1C=CC=C(C(=O)NCC#Cc2ccc3ncc(N[C@@H]4CC[C@H](CC4)N5CCN(CC6CC6)CC5)nc3c2)C1=O)c7cccc(F)c7,8.7
241,CHEMBL1765738,CNc1nc(cc(n1)c2ccc3c(N)n[nH]c3c2)N4C[C@H](CC[C@H]4C)C(=O)Nc5ccccc5,8.8
242,CHEMBL1940252,CC(C)n1cc(C(=O)c2cncc(N[C@@H]3CCN([C@@H]3c4ccc(F)cc4)C(=O)C)n2)c5c(N)ncnc15,8.85
243,CHEMBL1940253,CC(C)n1cc(C(=O)c2cncc(N[C@@H]3CCN([C@@H]3c4ccccc4)C(=O)C)n2)c5c(N)ncnc15,8.85
244,CHEMBL1940248,CC(C)n1cc(C(=O)c2cncc(N[C@@H]3CCO[C@@H]3c4ccc(F)cc4)n2)c5c(N)ncnc15,8.89
245,CHEMBL3644710,CC(C)n1c(C)nc2cnc3ccc(cc3c12)C#CCNC(=O)C4=CC=CN([C@@H](C)c5ccc(F)c(F)c5)C4=O,9.0
246,CHEMBL3644700,CC(C)n1c(C)nc2cnc3ccc(cc3c12)C#CCNC(=O)C4=CC=CN([C@H](CO)c5cccc(F)c5)C4=O,9.0
247,CHEMBL1940250,CC(C)n1cc(C(=O)c2cncc(N[C@@H]3CCN[C@@H]3c4ccc(F)cc4)n2)c5c(N)ncnc15,9.0
248,CHEMBL3689244,CCN1CCC(CC1)Nc2cnc3ccc(cc3c2)C#CCNC(=O)C4=CC=CN([C@@H](C)c5ccc(F)c(F)c5)C4=O,9.0
249,CHEMBL3689220,CCN1CCC(CC1)Nc2cnc3ccc(cc3n2)C#CCNC(=O)C4=CC=CN([C@@H](CO)c5ccc(F)c(F)c5)C4=O,9.0
250,CHEMBL3644758,CCn1cnc2cnc3ccc(cc3c12)C#CCNC(=O)C4=CN=CN(Cc5ccc(F)c(F)c5)C4=O,9.0
251,CHEMBL3644753,CN(C)[C@@H]1CC[C@H](CC1)n2cnc3cnc4ccc(cc4c23)C#CCNC(=O)C5=CC=CN([C@@H](CO)c6cccc(F)c6)C5=O,9.0
252,CHEMBL3689239,CN1CCC(CC1)Nc2cnc3ccc(cc3c2)C#CCNC(=O)C4=CN=CN(Cc5ccc(F)c(F)c5)C4=O,9.0
253,CHEMBL3644741,CN1CCC(CC1)n2cnc3cnc4ccc(cc4c23)C#CCNC(=O)C5=CC(=NN(Cc6ccc(F)c(F)c6)C5=O)Cl,9.0
254,CHEMBL3644712,COC1=NN(Cc2ccc(F)c(F)c2)C(=O)C(=C1)C(=O)NCC#Cc3ccc4ncc5nc(C)n(C(C)C)c5c4c3,9.0
255,CHEMBL3644732,C[C@H](N1C=CC=C(C(=O)NCC#Cc2ccc3ncc4nc(C)n([C@@H]5CC[C@@H](CC5)N(C)C)c4c3c2)C1=O)c6ccc(F)c(F)c6,9.0
256,CHEMBL3644750,C[C@H](N1C=CC=C(C(=O)NCC#Cc2ccc3ncc4nc(C)n([C@@H]5CC[C@H](CC5)N(C)C)c4c3c2)C1=O)c6ccc(F)c(F)c6,9.0
257,CHEMBL1234429,Fc1ccc(CN2C=CC=C(C(=O)N[C@@H](COc3ccc4NC(=O)Nc4c3)c5ccccc5)C2=O)cc1F,9.0
258,CHEMBL3644680,Fc1ccc(CN2C=NC=C(C(=O)NCC#Cc3ccc4ncc5nc[nH]c5c4c3)C2=O)cc1F,9.0
259,CHEMBL1940247,CC(C)n1cc(C(=O)c2cncc(n2)N(C)[C@@H]3CCC[C@@H]3c4ccc(F)cc4)c5c(N)ncnc15,9.05
260,CHEMBL1940251,CC(C)n1cc(C(=O)c2cncc(N[C@@H]3CCN(C=O)[C@@H]3c4ccc(F)cc4)n2)c5c(N)ncnc15,9.16
261,CHEMBL1940246,CC(C)n1cc(C(=O)c2cncc(N[C@@H]3CCC[C@@H]3c4ccc(F)cc4)n2)c5c(N)ncnc15,9.22
262,CHEMBL1938415,CC(C)n1cc(C(=O)c2cncc(N[C@@H]3COC[C@@H]3c4ccc(F)cc4)n2)c5c(N)ncnc15,9.22
47,CHEMBL373598,OCCCOc1cc2OCCCCCOc3nc(NC(=O)Nc2cc1Cl)cnc3C#N,5.68
48,CHEMBL223367,OCCCc1cc2OCCCCCOc3nc(NC(=O)Nc2cc1Cl)cnc3C#N,6.13
60,CHEMBL228701,NC(=O)Nc1ccc2NC(=O)\C(=C/c3cc(c[nH]3)C(=O)NCCN4CCCCC4)\c2c1,6.0
68,CHEMBL442227,COc1cccc(c1)c2c[nH]c(\C=C\3/C(=O)Nc4ccc(NC(=O)N)cc34)c2,8.0
69,CHEMBL228439,NC(=O)Nc1ccc2NC(=O)\C(=C/c3cc(c[nH]3)c4cccc(O)c4)\c2c1,7.7
70,CHEMBL425650,NC(=O)Nc1ccc2NC(=O)\C(=C/c3cc(c[nH]3)c4cccc(c4)C(=O)NCCN5CCCCC5)\c2c1,6.0
71,CHEMBL228804,CN(C)CCNC(=O)c1cccc(c1)c2c[nH]c(\C=C\3/C(=O)Nc4ccc(NC(=O)N)cc34)c2,7.0
73,CHEMBL375236,NC(=O)Nc1ccc2NC(=O)\C(=C/c3cc(c[nH]3)c4cccnc4)\c2c1,7.0
74,CHEMBL374611,CC(=O)Nc1cccc(c1)c2c[nH]c(\C=C\3/C(=O)Nc4ccc(NC(=O)N)cc34)c2,6.0
80,CHEMBL228755,CC(=O)NCc1c[nH]c(c1)\C(=C\2/C(=O)Nc3ccc(NC(=O)N)cc23)\C,6.0
82,CHEMBL388739,C\C(=C/1\C(=O)Nc2ccc(NC(=O)N)cc12)\c3cc(CNC(=O)c4cccnc4)c[nH]3,6.0
87,CHEMBL388966,C\C(=C/1\C(=O)Nc2ccc(NC(=O)N)cc12)\c3cc(CNC(=O)CO)c[nH]3,6.0
88,CHEMBL228867,C\C(=C/1\C(=O)Nc2ccc(NC(=O)N)cc12)\c3cc(CNC(=O)CCN4CCCCC4)c[nH]3,6.0
92,CHEMBL86755,O=C1Nc2ccccc2/C/1=C/c3ccc[nH]3,5.75
98,CHEMBL231979,CCN(CC)C(=O)\C(=C/1\C(=O)Nc2ccc(cc12)S(=O)(=O)N)\c3ccc[nH]3,5.27
99,CHEMBL401043,CCNC(=O)\C(=C/1\C(=O)Nc2ccc(cc12)S(=O)(=O)N)\c3ccc[nH]3,5.22
100,CHEMBL400838,NC(=O)\C(=C/1\C(=O)Nc2ccc(cc12)S(=O)(=O)N)\c3ccc[nH]3,5.41
101,CHEMBL232365,NS(=O)(=O)c1ccc2NC(=O)\C(=C(\C(=O)O)/c3ccc[nH]3)\c2c1,5.38
102,CHEMBL400837,CCOC(=O)\C(=C/1\C(=O)Nc2ccc(cc12)S(=O)(=O)N)\c3ccc[nH]3,7.47
105,CHEMBL234601,C\C(=C/1\C(=O)Nc2ccc(cc12)S(=O)(=O)N)\c3ccc[nH]3,7.17
107,CHEMBL393902,CC(=O)Nc1ccc2NC(=O)\C(=C/c3ccc[nH]3)\c2c1,7.26
108,CHEMBL232360,CS(=O)(=O)Nc1ccc2NC(=O)\C(=C/c3ccc[nH]3)\c2c1,6.28
109,CHEMBL393841,NCc1ccc2NC(=O)\C(=C/c3ccc[nH]3)\c2c1,6.0
110,CHEMBL393840,O=C1Nc2ccc(cc2/C/1=C/c3ccc[nH]3)C#N,6.0
111,CHEMBL232144,Nc1ccc2NC(=O)\C(=C/c3ccc[nH]3)\c2c1,6.24
112,CHEMBL232143,O=C1Nc2ccc(cc2/C/1=C/c3ccc[nH]3)n4ncnn4,6.7
113,CHEMBL395163,NC(=O)c1ccc2NC(=O)\C(=C/c3ccc[nH]3)\c2c1,6.92
114,CHEMBL107225,OC(=O)c1ccc2NC(=O)\C(=C/c3ccc[nH]3)\c2c1,6.59
115,CHEMBL231947,COC(=O)c1ccc2NC(=O)\C(=C/c3ccc[nH]3)\c2c1,6.17
116,CHEMBL441911,NS(=O)(=O)c1ccc2NC(=O)\C(=C/c3ccc[nH]3)\c2c1,6.54
117,CHEMBL232349,COc1ccc2NC(=O)\C(=C/c3ccc[nH]3)\c2c1,6.24
118,CHEMBL426078,Cc1cc(C)c(\C=C\2/C(=O)Nc3ccc(O)cc23)[nH]1,5.96
119,CHEMBL394300,CCc1ccc(\C=C\2/C(=O)Nc3ccc(O)cc23)[nH]1,5.64
120,CHEMBL232136,Cc1ccc(\C=C\2/C(=O)Nc3ccc(O)cc23)[nH]1,6.17
121,CHEMBL232135,Cc1c[nH]c(\C=C\2/C(=O)Nc3ccc(O)cc23)c1,6.55
122,CHEMBL232134,Cc1cc[nH]c1\C=C\2/C(=O)Nc3ccc(O)cc23,6.55
123,CHEMBL231717,C\C(=C/1\C(=O)Nc2ccc(O)cc12)\c3ccc[nH]3,7.1
125,CHEMBL231716,Oc1ccc2\C(=C\c3ccc[nH]3)\C(=O)Nc2c1,6.05
126,CHEMBL393636,Oc1ccc2NC(=O)\C(=C/c3ccc[nH]3)\c2c1,6.47
127,CHEMBL231715,Oc1cccc2NC(=O)\C(=C/c3ccc[nH]3)\c12,6.0
129,CHEMBL233373,Cc1ccc2NC(=O)\C(=C/c3ccc[nH]3)\c2c1,5.57
130,CHEMBL85403,Cc1cccc2NC(=O)\C(=C/c3ccc[nH]3)\c12,6.29
135,CHEMBL235157,COc1cc2ncc3c(N)nc4c(C)c(N)ccc4c3c2cc1OC,7.22
136,CHEMBL238339,COc1cc2c(cc1OCCC(C)C)ncc3c(N)nc4c(C)cccc4c23,5.93
137,CHEMBL393328,COc1cc2c(cc1OCCCN(C)C)ncc3c(N)nc4c(C)c(N)ccc4c23,6.7
138,CHEMBL238337,COc1cc2c(cc1OCCN3CCOCC3)ncc4c(N)nc5c(C)c(N)ccc5c24,7.22
139,CHEMBL238133,COc1cc2c(cc1NCCCN(C)C)ncc3c(N)nc4c(C)c(N)ccc4c23,6.01
140,CHEMBL235998,COc1cc2c(cc1NCCN(C)C)ncc3c(N)nc4c(C)c(N)ccc4c23,5.6
141,CHEMBL235783,COc1cc2c(cc1NCCCN3CCOCC3)ncc4c(N)nc5c(C)c(N)ccc5c24,6.54
142,CHEMBL235782,COc1cc2c(cc1NCCN3CCOCC3)ncc4c(N)nc5c(C)cccc5c24,6.52
143,CHEMBL236474,COc1cc2c(cc1F)ncc3c(N)nc4c(C)c(N)ccc4c23,6.24
144,CHEMBL235602,CCOc1cc2ncc3c(N)nc4c(C)c(N)ccc4c3c2cc1OCC,6.57
145,CHEMBL235380,COc1cc2ncc3c(N)nc4c(C)c(Cl)ccc4c3c2cc1OC,5.67
146,CHEMBL391550,COc1cc2ncc3c(N)nc4c(C)c(O)ccc4c3c2cc1OC,7.4
147,CHEMBL235377,COc1cc2ncc3c(N)nc4c(C)cccc4c3c2cc1OC,6.59
148,CHEMBL235160,COc1cc2ncc3c(N)nc4cc(N)ccc4c3c2cc1OC,6.17
149,CHEMBL235158,COc1cc2ncc3cnc4ccccc4c3c2cc1OC,5.13
150,CHEMBL272265,N#CCc1ccc(cc1)n2cnc3cnc4ccc(cc4c23)C#Cc5cccnc5,7.47
152,CHEMBL270638,CC(C#N)c1ccc(cc1)n2c(C)nc3cnc4ccc(cc4c23)C#Cc5cccnc5,6.61
153,CHEMBL404024,CC(C#N)c1ccc(cc1)n2cnc3cnc4ccc(cc4c23)C#Cc5cccnc5,6.82
154,CHEMBL270640,CCc1nc2cnc3ccc(cc3c2n1c4ccc(CC#N)cc4)C#Cc5cccnc5,6.49
155,CHEMBL270639,Cc1nc2cnc3ccc(cc3c2n1c4ccc(CC#N)cc4)C#Cc5cccnc5,6.96
288,CHEMBL191003,Nc1nc(Nc2ccc(cc2)S(=O)(=O)N)nn1C(=O)c3c(F)cccc3F,5.51
290,CHEMBL91829,CN(C)C[C@@H]1CCn2cc(C3=C(C(=O)NC3=O)c4cn(CCO1)c5ccccc45)c6ccccc26,6.16
294,CHEMBL608533,CO[C@@H]1[C@@H](C[C@H]2O[C@]1(C)n3c4ccccc4c5c6CNC(=O)c6c7c8ccccc8n2c7c35)N(C)C(=O)c9ccccc9,6.72
302,CHEMBL1721885,Cc1[nH]c(\C=C\2/C(=O)Nc3ccc(F)cc23)c(C)c1C(=O)NC[C@H](O)CN4CCOCC4,5.59
303,CHEMBL535,CCN(CC)CCNC(=O)c1c(C)[nH]c(\C=C\2/C(=O)Nc3ccc(F)cc23)c1C,5.46
386,CHEMBL569345,COCCOc1cc2ncc3c(N)nc(cc3c2cc1OC)N(C)C,6.13
387,CHEMBL570941,COCCNc1cc2c(cnc3cc(OCCOC)c(OC)cc23)c(N)n1,5.13
388,CHEMBL572218,COCCOc1cc2ncc3c(N)nc(cc3c2cc1OC)N4CCCC4,5.73
389,CHEMBL570478,COCCOc1cc2ncc3c(N)nc(cc3c2cc1OC)N4CCC(O)CC4,5.69
390,CHEMBL571159,COCCOc1cc2ncc3c(N)nc(cc3c2cc1OC)n4ccnc4,7.16
391,CHEMBL585344,COCCOc1cc2ncc3c(N)nc(cc3c2cc1OC)n4cnc(C)c4,6.97
392,CHEMBL570952,COCCOc1cc2ncc3c(N)nc(cc3c2cc1OC)n4cnc(c4)c5ccccc5,5.69
393,CHEMBL576905,COc1cc2ncc3c(N)nc(cc3c2cc1OC)n4ccnc4,7.0
395,CHEMBL569905,COc1cc2ncc3c(N)nc(cc3c2cc1OC)c4cncn4C,7.18
397,CHEMBL570701,COc1cc2c(cc1OCC3CCN(C)CC3)ncc4c(N)nc(cc24)c5ccncc5,5.16
398,CHEMBL572234,COc1cc2ncc3c(N)nc(cc3c2cc1OC)c4cccnc4,7.46
399,CHEMBL570943,CCOc1cc2ncc3c(N)nc(cc3c2cc1OCC)c4cccnc4,7.13
400,CHEMBL585341,COc1cc2c(cc1OCc3ccccc3)ncc4c(N)nc(cc24)c5cccnc5,6.84
401,CHEMBL583247,COCCOc1cc2ncc3c(N)nc(cc3c2cc1OC)c4cccnc4,7.37
402,CHEMBL583455,COc1cc2c(cc1OCCCN3CCCCC3)ncc4c(N)nc(cc24)c5cccnc5,6.84
404,CHEMBL571806,COc1cc2ncc3c(N)nc(cc3c2cc1OC)c4cncc(O)c4,7.24
405,CHEMBL570148,COc1cc2ncc3c(N)nc(cc3c2cc1OC)c4cncc(Br)c4,7.19
406,CHEMBL571163,COc1cc2ncc3c(N)nc(cc3c2cc1OC)c4cccnc4C,6.27
408,CHEMBL570727,COc1cc2ncc3c(N)nc(cc3c2cc1OC)c4cncc(Nc5ccccc5)c4,6.55
409,CHEMBL570281,COc1ccccc1Nc2cncc(c2)c3cc4c(cnc5cc(OC)c(OC)cc45)c(N)n3,7.13
410,CHEMBL569153,COc1cccc(Nc2cncc(c2)c3cc4c(cnc5cc(OC)c(OC)cc45)c(N)n3)c1,6.36
411,CHEMBL569828,COc1ccc(Nc2cncc(c2)c3cc4c(cnc5cc(OC)c(OC)cc45)c(N)n3)cc1,6.42
412,CHEMBL572219,COc1cc2ncc3c(N)nc(cc3c2cc1OC)c4cncc(Nc5ccccc5CO)c4,7.33
413,CHEMBL570702,COc1cc2ncc3c(N)nc(cc3c2cc1OC)c4cncc(Nc5cccc(CO)c5)c4,7.17
414,CHEMBL570284,COc1cc2ncc3c(N)nc(cc3c2cc1OC)c4cncc(Nc5ccc(CO)cc5)c4,6.85
416,CHEMBL571166,COc1cc2ncc3c(N)nc(cc3c2cc1OC)c4cncc(Nc5ccc(CCO)cc5)c4,7.04
417,CHEMBL585345,COc1cc2ncc3c(N)nc(cc3c2cc1OC)c4cncc(Nc5ccccc5N)c4,7.29
418,CHEMBL571168,COc1cc2ncc3c(N)nc(cc3c2cc1OC)c4cncc(Nc5ccccc5F)c4,7.52
419,CHEMBL585340,COc1cc2ncc3c(N)nc(cc3c2cc1OC)c4cncc(Nc5ccccc5Nc6ccccc6)c4,6.3
426,CHEMBL590109,NCCn1cc(c2cc(c3cc4ccccc4s3)c5[nH]ncc5c2)c6nc(N)ncc16,7.28
458,CHEMBL1171948,NC(=O)Cn1nc(C(=O)N)c2CCc3cnc(Nc4ccccc4)nc3c12,5.56
459,CHEMBL1171949,NC(=O)c1nn(CC2CCNCC2)c3c1CCc4cnc(Nc5ccccc5)nc34,6.43
460,CHEMBL1171950,NCCCn1nc(C(=O)N)c2CCc3cnc(Nc4ccccc4)nc3c12,7.44
462,CHEMBL1172241,CN(C)C(=O)Cc1cccc(Nc2ncc3CCc4c(nn(CCCN)c4c3n2)C(=O)NCc5ccnc(C)c5)c1,7.07
477,CHEMBL1171955,OC(=O)CN1C(=O)C(CCc2ccccc12)Sc3ccc(Cl)cc3,4.64
478,CHEMBL1171125,COc1ccc(SC2CCc3ccccc3N(CC(=O)O)C2=O)cc1,4.28
480,CHEMBL1171416,OC(=O)CN1C(=O)C(CCc2ccccc12)Sc3ccc(Cl)cc3Cl,4.13
481,CHEMBL1171329,OC(=O)CN1C(=O)C(CCc2ccccc12)Sc3c(Cl)cccc3Cl,4.35
483,CHEMBL1171330,CC[C@H](C)[C@H](NC(=O)[C@H](Cc1ccc(O)cc1)NC(=O)[C@H](CC(=O)O)NC(=O)[C@H](Cc2ccccc2)NC(=O)[C@H](CC(=O)O)NC(=O)[C@H](CCCNC(=N)N)NC(=O)[C@H](Cc3ccccc3)NC(=O)[C@H](CCSC)NC(=O)[C@H](CCC(=O)O)NC(=O)[C@@H](N)CCC(=O)N)C(=O)N[C@@H](C)C(=O)N[C@@H](CC(=O)O)C(=O)N[C@@H](Cc4c[nH]c5ccccc45)C(=O)O,5.0
514,CHEMBL1688204,OCc1cc(O)[nH]n1,3.46
515,CHEMBL1688205,NC(=O)c1n[nH]cc1N,3.7
516,CHEMBL1688206,C1CCn2cnnc2C1,3.61
517,CHEMBL388596,Nc1nc(N)c2nc[nH]c2n1,4.29
518,CHEMBL1688207,CNc1ncnc2[nH]ncc12,4.04
519,CHEMBL1688208,c1ccc(cc1)c2nccs2,4.02
520,CHEMBL1688209,ClC1=CC(=O)Nc2ccsc12,3.99
521,CHEMBL1331627,Nc1[nH]nc2ccccc12,3.51
522,CHEMBL1688210,NC(=O)c1nnc(N)nc1N,3.84
523,CHEMBL1688211,Nc1nnc2ccccc2n1,3.8
524,CHEMBL1688212,O=C1NCCc2ccccc12,3.77
525,CHEMBL1688213,NC(=O)c1cccc2cc[nH]c12,4.01
526,CHEMBL1269497,Nc1nc2c(O)cccc2s1,3.59
527,CHEMBL1688214,Nc1cc([nH]n1)c2occc2,3.5
528,CHEMBL116211,c1cc(ccn1)c2cc[nH]n2,3.49
529,CHEMBL305107,COc1[nH]cnc2ncnc12,3.47
530,CHEMBL266540,O=C1NC=Nc2ccccc12,3.46
531,CHEMBL61743,Nc1cc2ccccc2cn1,3.43
532,CHEMBL1688215,Nc1nccc(n1)c2ccc3c(N)n[nH]c3c2,6.43
533,CHEMBL1688216,Nc1n[nH]c2cc(ccc12)c3ccncn3.OC(=O)C(F)(F)F,5.57
534,CHEMBL1688217,Cl.Nc1cc(ccn1)c2ccc3c(N)n[nH]c3c2,5.14
535,CHEMBL1688218,Nc1cccc(n1)c2ccc3c(N)n[nH]c3c2,4.87
536,CHEMBL1688219,Nc1cccc(c1)c2ccc3c(N)n[nH]c3c2,4.67
538,CHEMBL1688221,Cl.Nc1n[nH]c2cc(ccc12)c3ccncc3,4.88
539,CHEMBL1448,Oc1ccc(Cl)cc1C(=O)Nc2ccc(cc2Cl)[N+](=O)[O-],4.08
540,CHEMBL1762110,CC(=O)NC[C@@H]1CC[C@H](CC1)c2nc(c3cc4ccccc4[nH]3)c5c(N)nccn25,4.95
542,CHEMBL1614773,C[C@@H]1COCCN1c2cc(nc(N)n2)c3ccc4c(N)[nH]nc4c3,7.2
543,CHEMBL1765727,C[C@H]1COCCN1c2cc(nc(N)n2)c3ccc4c(N)n[nH]c4c3,5.9
544,CHEMBL1765728,CC[C@@H]1COCCN1c2cc(nc(N)n2)c3ccc4c(N)n[nH]c4c3,7.5
545,CHEMBL1765729,CC(C)[C@@H]1COCCN1c2cc(nc(N)n2)c3ccc4c(N)n[nH]c4c3,6.7
546,CHEMBL1765730,C[C@@H]1CCCCN1c2cc(nc(N)n2)c3ccc4c(N)n[nH]c4c3,6.9
548,CHEMBL1765731,Nc1nc(cc(n1)c2ccc3c(N)n[nH]c3c2)N4CCO[C@H](C4)C(=O)Nc5ccccc5,6.0
549,CHEMBL1765732,Nc1nc(cc(n1)c2ccc3c(N)n[nH]c3c2)N4CCC[C@@H](C4)C(=O)Nc5ccccc5,7.5
550,CHEMBL1765733,Nc1nc(cc(n1)c2ccc3c(N)n[nH]c3c2)N4CCC[C@H](C4)C(=O)Nc5ccccc5,6.9
551,CHEMBL1765734,Nc1nc(cc(n1)c2ccc3c(N)n[nH]c3c2)N4CCC[C@@H](C4)C(=O)NC5CCCCC5,7.2
552,CHEMBL1765735,Nc1nc(cc(n1)c2ccc3c(N)n[nH]c3c2)N4CCC[C@@H](C4)C(=O)NC5CCCC5,6.9
554,CHEMBL1765736,C[C@H]1CC[C@H](CN1c2cc(nc(N)n2)c3ccc4c(N)n[nH]c4c3)C(=O)Nc5ccccc5,5.9
555,CHEMBL1765737,C[C@@H]1CC[C@H](CN1c2cc(nc(N)n2)c3ccc4c(N)n[nH]c4c3)C(=O)Nc5ccccc5,6.1
563,CHEMBL1765745,Nc1nc(cc(n1)c2ccc3c(N)n[nH]c3c2)N4CCCC(C4)NC(=O)c5ccccc5,7.2
564,CHEMBL1765746,CC(C)(C)OC(=O)NC1CCCN(C1)c2cc(nc(N)n2)c3ccc4c(N)n[nH]c4c3,7.3
565,CHEMBL1765747,CC(C)(C)OC(=O)N[C@H]1CCCN(C1)c2cc(nc(N)n2)c3ccc4c(N)n[nH]c4c3,6.0
568,CHEMBL1765749,C[C@@H]1CC[C@@H](CN1c2cc(nc(N)n2)c3ccc4c(N)n[nH]c4c3)NC(=O)OC(C)(C)C,6.2
573,CHEMBL1765752,CNc1nccc(n1)c2ccc3c(N)n[nH]c3c2,6.0
574,CHEMBL1765753,CN(C)c1nccc(n1)c2ccc3c(N)n[nH]c3c2,4.7
575,CHEMBL1765754,CCNc1nccc(n1)c2ccc3c(N)n[nH]c3c2,5.1
576,CHEMBL1765755,COc1nccc(n1)c2ccc3c(N)n[nH]c3c2,4.9
578,CHEMBL1765756,Cc1cc(nc(N)n1)c2ccc3c(N)n[nH]c3c2,6.9
579,CHEMBL1765757,CC(C)c1cc(nc(N)n1)c2ccc3c(N)n[nH]c3c2,6.6
580,CHEMBL1765758,Nc1nc(cc(n1)c2ccc3c(N)n[nH]c3c2)c4ccccc4,6.7
581,CHEMBL1765759,COc1cc(nc(N)n1)c2ccc3c(N)n[nH]c3c2,6.6
582,CHEMBL1765760,CNc1cc(nc(N)n1)c2ccc3c(N)n[nH]c3c2,7.1
583,CHEMBL1614771,CCNc1cc(nc(N)n1)c2ccc3c(N)[nH]nc3c2,6.8
584,CHEMBL1765761,CC(C)Nc1cc(nc(N)n1)c2ccc3c(N)n[nH]c3c2,6.9
585,CHEMBL1765762,Nc1nc(NC2CCCC2)cc(n1)c3ccc4c(N)n[nH]c4c3,7.3
587,CHEMBL1765877,CN(C)c1cc(nc(N)n1)c2ccc3c(N)n[nH]c3c2,6.3
588,CHEMBL1614772,Nc1nc(cc(n1)c2ccc3c(N)[nH]nc3c2)N4CCOCC4,6.5
589,CHEMBL1765878,Nc1nc(cc(n1)c2ccc3c(N)n[nH]c3c2)N4CCCC4,6.6
590,CHEMBL1765879,Nc1nc(cc(n1)c2ccc3c(N)n[nH]c3c2)N4CCCCC4,6.6
692,CHEMBL502835,COC(=O)c1ccc2\C(=C(\Nc3ccc(cc3)N(C)C(=O)CN4CCN(C)CC4)/c5ccccc5)\C(=O)Nc2c1,5.55
693,CHEMBL1908395,Cl.CN(C)CC(=O)N1CCC(CC1)c2ccc(NC(=O)c3nc(c[nH]3)C#N)c(c2)C4=CCCCC4,5.41
702,CHEMBL1908397,O=C(N1CCNCC1)c2ccc(\C=C\c3n[nH]c4ccccc34)cc2,6.19
719,CHEMBL475251,COc1cc(Nc2ncc(F)c(Nc3ccc4OC(C)(C)C(=O)Nc4n3)n2)cc(OC)c1OC,6.92
753,CHEMBL1933343,CN1C\C=C\CCOc2cccc(c2)c3nc(Nc4cccc(C1)c4)ncc3C,5.85
754,CHEMBL1933344,CN1C\C=C\CCOc2cccc(c2)c3nc(Nc4cccc(C1)c4)nc5[nH]cnc35,6.41
755,CHEMBL1933345,Oc1ccc(cc1)c2nc(Nc3cccc(Cl)c3)nc4[nH]cnc24,5.8
756,CHEMBL1933346,COc1ccc(cc1OC)c2nc(Nc3cccc(NC(=O)CN)c3)nc4[nH]cnc24,7.01
761,CHEMBL1940243,CNc1cncc(n1)C(=O)c2cn(C(C)C)c3ncnc(N)c23,7.0
762,CHEMBL1940244,CC(C)n1cc(C(=O)c2cncc(NCCc3cccnc3)n2)c4c(N)ncnc14,7.46
782,CHEMBL1951891,CCOC(=O)c1ccc(Nc2cc(C)nc(Nc3ccc(cc3)C(=O)OCC)n2)cc1,6.7
783,CHEMBL118,Cc1ccc(cc1)c2cc(nn2c3ccc(cc3)S(=O)(=O)N)C(F)(F)F,4.32
1154,CHEMBL1964290,Cc1cccc(c1C)c2[nH]c(cc2C(=O)N)c3ccnc(N)n3,5.9
1157,CHEMBL1987034,NS(=O)(=O)c1cccc(Nc2ncc(Br)c(Nc3ccc(OCC#N)cc3)n2)c1,7.1
1160,CHEMBL578061,N(c1ccccc1)c2ccnc(Nc3ccccc3)n2,5.1
1161,CHEMBL2005886,Cc1cc(cc2[nH]c(nc12)C3=C(NCC(O)c4cccc(Cl)c4)C=CNC3=O)N5CCOCC5,6.3
1168,CHEMBL1966628,NC1CCC(CC1)Nc2nccc(n2)c3c[nH]c4ncccc34,5.9
1170,CHEMBL1995813,NC1CCCCC1Nc2nccc(n2)c3c[nH]c4ncccc34,6.5
1175,CHEMBL244378,OC(=O)c1ccccc1Nc2ccnc(Nc3ccc4cn[nH]c4c3)n2,7.7
1176,CHEMBL362558,Fc1cc2CN(CCn3cc(C4=C(C(=O)NC4=O)c5cnc6ccccn56)c(c1)c23)C(=O)N7CCCCC7,5.5
1179,CHEMBL1990583,Nc1ncnn2ccc(C(=O)Nc3ccc(NC(=O)Nc4cccc(F)c4)cc3)c12,8.0
1180,CHEMBL1986943,OC1CCC(CC1)Nc2nc(Cl)cc(n2)c3c[nH]c4ncccc34,6.3
1190,CHEMBL1977681,CNC(=O)c1cc2c(n[nH]c2s1)c3ccccc3F,6.0
1195,CHEMBL1988163,NS(=O)(=O)c1cccc(Nc2ncc3ccn(c4ccccc4)c3n2)c1,6.4
1196,CHEMBL1995592,Cc1cc(O)ccc1N2c3cc(Cl)ccc3C(=O)c4c(N)nc(N)nc24,5.5
1203,CHEMBL2002649,COc1ccc2NC(=O)C(=Cc3c[nH]cn3)c2c1,5.9
1208,CHEMBL1994321,Cc1cccc(NC(=O)Nc2ccc(cc2)c3csc4c(cnc(N)c34)C#CCNS(=O)(=O)C)c1,5.8
1209,CHEMBL1997129,O=C1NCCc2[nH]c(cc12)c3ccnc(C=Cc4ccccc4)c3,7.1
1220,CHEMBL1972840,NC(COc1cncc(c1)c2cc3cnccc3s2)Cc4c[nH]c5ccccc45,5.7
1224,CHEMBL2002165,CC(O)Cn1cc(cn1)c2cnc(N)c3c(csc23)c4ccc(NC(=O)Nc5cccc(F)c5)cc4,6.0
1227,CHEMBL1998585,Nc1ncnc2scc(c3ccc(NC(=O)Nc4cc(ccc4F)C(F)(F)F)cc3)c12,6.1
1231,CHEMBL1975128,Nc1n[nH]c2ccc(cc12)c3nnn(Cc4ccccc4)c3I,6.6
1238,CHEMBL1978099,CNC(=O)COc1ccc(Nc2nc(Nc3ccc(C)c(c3)S(=O)(=O)N)ncc2F)cc1,6.1
1245,CHEMBL1998159,Cc1n[nH]c2cnc(cc12)c3cncc(OCC(N)Cc4cccc(c4)C(F)(F)F)c3,6.7
1247,CHEMBL539474,O=C1CCCN1Cc2ccc3c(NC(=O)c4cccn34)c2,6.6
1249,CHEMBL1988387,Cn1cc(cn1)c2cnc(N)c3c(csc23)c4ccc(NC(=O)Nc5ccc(OC(F)F)cc5)cc4,6.3
1251,CHEMBL1989708,CC(O)Cn1cc(cn1)c2cnc(N)c3c(csc23)c4ccc(NC(=O)Nc5cccc(C)c5)cc4,5.9
1260,CHEMBL2002992,CC(N)C1CCC(CC1)C(=O)Nc2ccnc3[nH]ccc23,6.2
1261,CHEMBL560813,OC(=O)c1ccc2cc(NC(=O)Nc3cnc(cn3)C#N)ccc2c1,5.4
1267,CHEMBL1973211,Cc1cccc(NC(=O)Nc2ccc(cc2)c3csc4c(cnc(N)c34)C#CCN5CCCC5)c1,5.7
1274,CHEMBL1976134,c1cc2cc(cnc2[nH]1)c3ccc4cn[nH]c4c3,5.4
1285,CHEMBL1993424,NS(=O)(=O)c1cccc(Nc2ncc3ccn(Cc4ccccc4)c3n2)c1,6.4
1291,CHEMBL1971943,Cc1c[nH]c2nccc(Oc3c(F)cc(Nc4cc(Cl)nc(N)n4)cc3F)c12,5.7
1309,CHEMBL1982476,CNC(=O)c1cnc(N)c2c(csc12)c3ccc(NC(=O)Nc4cccc(Cl)c4)cc3,5.7
1318,CHEMBL1967094,Clc1ccc(CNC(=O)c2cc3c(n[nH]c3s2)c4ccccc4)cc1,6.5
1328,CHEMBL2000832,COc1cc(ccc1O)c2ccc3C(=O)Nc4cc(ccc4Nc3c2)C(=O)NCc5cccc(F)c5,5.4
1338,CHEMBL1970104,CC(C)(C)c1ccc2nc([nH]c2c1)c3n[nH]c4ccccc34,5.8
1345,CHEMBL1980995,CNC1CC2OC(C)(C1OC)n3c4ccccc4c5c6CNC(=O)c6c7c8ccccc8n2c7c35,8.9
1346,CHEMBL1967302,NC(COc1cncc(c1)c2ccc3NC(=O)Cc3c2)Cc4c[nH]c5ccccc45,5.5
1349,CHEMBL2004716,CCN(CC)CCNC(=O)C=Cc1cnc(N)c2c(csc12)c3ccc(NC(=O)Nc4cccc(C)c4)cc3,6.1
1358,CHEMBL1992922,OCC(CO)Nc1ncnc2[nH]cc(c3ccccc3)c12,5.9
1377,CHEMBL1981720,O=C(Nc1cnccn1)Nc2ccnc3ccccc23,5.6
1381,CHEMBL1966722,OC(C(=O)NNC(=S)Nc1ccc(Cl)cc1)(c2ccccc2)c3ccccc3,5.8
1382,CHEMBL1975500,COc1cc(ccc1O)c2ccc3C(=O)Nc4cc(ccc4Nc3c2)C(=O)NCCNC(=O)C,5.8
1385,CHEMBL1964399,COc1ccc(Nc2nccc(NC3=C(NC(C)C(C)(C)C)C(=O)C3=O)n2)cc1OC,7.1
1387,CHEMBL411903,Nc1ncnc2NCCC(=Nc12)c3ccc(NC(=O)Nc4cc(ccc4F)C(F)(F)F)cc3,5.7
1388,CHEMBL1965988,Cc1cccc(NC(=O)Nc2ccc(cc2)c3csc4c(cnc(N)c34)C#CCN)c1,6.0
1390,CHEMBL1989646,Cc1c(nnn1Cc2ccccc2)c3ccc4[nH]nc(N)c4c3,5.4
1396,CHEMBL2006631,CN(C)S(=O)(=O)c1ccccc1c2ccc3C(=O)Nc4ccccc4Nc3c2,5.6
1410,CHEMBL482967,Cc1nc(N)sc1c2ccnc(Nc3ccc(cc3)N4CCOCC4)n2,6.3
1414,CHEMBL458997,CNC(=O)c1ccccc1Nc2nc(Nc3ccc(cc3OC)N4CCOCC4)ncc2Cl,5.7
1421,CHEMBL1982957,NC(=O)c1cccc(c1)c2cnc3[nH]cc(c4ccccc4)c3c2,6.2
1433,CHEMBL1983111,CC(=O)NCC(=O)N1C2CCC1c3cc(Nc4ncc(c(NC5CCC5)n4)C(F)(F)F)ccc23,7.8
1442,CHEMBL1991078,COc1ccc(cc1OC)C(=O)Nc2n[nH]c3ccc(cc23)c4cn(Cc5ccccc5)nn4,6.0
1446,CHEMBL565612,CN1CCN(CC1)c2nc(C3=C(C(=O)NC3=O)c4c[nH]c5ccccc45)c6ccccc6n2,5.8
1450,CHEMBL1969502,O=C(Nc1cc2C(=O)NN=Cc3c[nH]c(c1)c23)C4CC4c5ccccc5,5.6
1464,CHEMBL407391,CN(C)c1ncnc2nc[nH]c12,5.1
1473,CHEMBL592030,NCCCn1cc(c2cc(c3cc4ccccc4s3)c5[nH]ncc5c2)c6nc(N)ncc16,8.8
1474,CHEMBL2000071,OCCCNc1ncnc2[nH]cc(c3ccccc3)c12,5.5
1476,CHEMBL1970317,Cn1cc(cn1)c2cnc(N)c3c(csc23)c4ccc(NC(=O)Nc5cccc(F)c5)cc4,6.5
1478,CHEMBL248757,Clc1cc2NC(=O)Nc3cnc(C#N)c(OCCCCOc2cc1NCc4cncs4)n3,5.5
1480,CHEMBL1990179,Brc1ccc(CNC(=O)c2cnn3c(ccnc23)c4ccccc4)cc1,5.6
1482,CHEMBL1983195,CCN(CC)C(=O)Nc1ccc2nc(c3occc3)c(nc2c1)c4occc4,5.5
1489,CHEMBL1979883,CN(C)CC#Cc1cnc(N)c2c(csc12)c3ccc(NC(=O)Nc4cccc(C)c4)cc3,5.7
1490,CHEMBL1984162,COCCOC1CCC(CC1)n2nc(c3ccc(Nc4oc5c(C)cc(C)cc5n4)cc3)c6c(N)ncnc26,6.2
1491,CHEMBL491758,Fc1cnc(Nc2ccccc2)nc1Nc3ccccc3,5.8
1496,CHEMBL371206,Cc1cc(C)cc(NC(=O)Nc2ccc(cc2)c3c(C)sc4ncnc(N)c34)c1,5.9
1508,CHEMBL2000335,Cc1ccc(NC(=O)Nc2ccc(cc2)c3csc4ncnc(N)c34)cc1C,5.6
1509,CHEMBL1084546,CN(c1ncccc1CNc2nc(Nc3ccc4NC(=O)Cc4c3)ncc2C(F)(F)F)S(=O)(=O)C,6.0
1511,CHEMBL1974328,Cc1cccc(Nc2nc(NC3CCCCC3N)cnc2C(=O)N)c1,7.4
1515,CHEMBL1972576,Cc1ccc(NC(=O)Nc2ccc(NC(=O)c3csc4ncnc(N)c34)cc2)cc1,6.8
1519,CHEMBL1988173,Cc1cc(Cl)ccc1NC(=S)NNC(=O)C(O)(c2ccccc2)c3ccccc3,5.7
1530,CHEMBL1241473,COc1cc(Nc2ncc(c(Nc3ccccc3C(=O)N)n2)[N+](=O)[O-])cc(OC)c1OC,7.3
1532,CHEMBL1978448,CS(=O)(=O)N(Cc1ccc2NC(=O)c3cccn3c2c1)C4CC4,7.1
1549,CHEMBL1985095,NC(=O)Cn1cc(c2cc(c3cc4ccccc4s3)c5[nH]ncc5c2)c6nc(N)ncc16,8.1
1551,CHEMBL1991180,COCc1nnn(c1C(=O)NN=C(C)c2ccc(O)cc2O)c3nonc3N,5.8
1554,CHEMBL1976420,CCc1c([nH]c2nccnc12)c3ccc(cc3)C(C)(C)O,6.9
1556,CHEMBL413779,OCCOc1cc2OCCCCCOc3nc(NC(=O)Nc2cc1Cl)cnc3C#N,5.7
1563,CHEMBL1973540,O=C1Nc2ccc3ncsc3c2C1=CNc4ccc(cc4)S(=O)(=O)Nc5ccccn5,7.8
1569,CHEMBL2006156,CC(C)N(C(C)C)C(=O)Nc1ccc2nc(c3occc3)c(nc2c1)c4occc4,5.5
1573,CHEMBL1991674,OC1CCC(CC1)Nc2cc(Cl)nc(n2)c3c[nH]c4ncccc34,7.3
1574,CHEMBL1982711,NC(=O)c1ccc(cc1)c2c[nH]c3nccc(Cl)c23,6.1
1576,CHEMBL1969102,Cc1cccc(NC(=O)Nc2ccc(cc2)c3csc4c(cnc(N)c34)c5cn[nH]c5)c1,6.1
1580,CHEMBL1994241,COc1cc(C=C(C#N)c2nc3ccccc3[nH]2)c(Br)cc1O,5.6
1584,CHEMBL1988838,Cc1cnc(Nc2cccc(c2)S(=O)(=O)N)nc1Nc3ccc(OCC(=O)N)cc3,6.0
1594,CHEMBL2007592,O=C1Nc2sc3CCCCc3c2c4nc(nn14)c5ccccc5,5.4
1596,CHEMBL1082440,CC1CNCCCN1S(=O)(=O)c2cccc3cncc(C)c23,6.1
1609,CHEMBL2005475,O=C(NCC1CCCCC1)c2cc3c(n[nH]c3s2)c4ccccc4,7.3
1630,CHEMBL1986851,Cc1cccc(NC(=O)Nc2ccc(cc2F)c3csc4c(cnc(N)c34)c5cnn(CCO)c5)c1,6.5
1631,CHEMBL1974870,Cc1n[nH]c2ccc(cc12)c3cncc(OCC(N)Cc4cccc(Cl)c4)c3,5.7
1633,CHEMBL2002702,Cc1cc(C)c(C=C2C(=O)Nc3ccccc23)[nH]1,5.7
1634,CHEMBL1970903,Cc1n[nH]c2ccc(cc12)c3cncc(OCC(N)Cc4c[nH]c5ccccc45)c3,5.8
1636,CHEMBL1969523,CC(NC1=C(Nc2ccnc(Nc3cccc(C)c3)n2)C(=O)C1=O)C(C)(C)C,7.3
1638,CHEMBL2001923,Fc1cc(Cn2cc(c3ccc4C(=O)Nc5cc(CCOc6ccc(cc6)N7CCOCC7)ccc5Nc4c3)c8ccncc28)cc(F)c1F,7.0
1643,CHEMBL1981045,COc1cc(ccc1OCC(O)CO)c2ccc3C(=O)Nc4cc(CCOc5ccc(cc5)N6CCOCC6)ccc4Nc3c2,6.4
1653,CHEMBL2001751,NC(COc1cncc(c1)c2ccc3NC(=O)C(=Cc4occc4)c3c2)Cc5c[nH]c6ccccc56,7.3
1658,CHEMBL1973395,OC1CCN(CC1)c2ncnc3[nH]cc(c4ccccc4)c23,5.8
1668,CHEMBL1987007,CN1CCC(CC1)NC(=O)c2cc3c(n[nH]c3s2)c4ccccc4,6.2
1671,CHEMBL1967878,CN1CCN(CC1)c2ccc(Nc3ncc(F)c(NC4C5CC(C=C5)C4C(=O)N)n3)cc2C,7.1
1680,CHEMBL2000393,Fc1ccc2ncn(c3ncc4NC(=O)N(C5CCOc6c(F)cccc56)c4n3)c2c1,5.6
1688,CHEMBL1988594,Nc1ncnc2scc(C(=O)Nc3ccc(NC(=O)Nc4ccccc4)cc3)c12,7.0
1690,CHEMBL260092,Nc1ncnc2NCCC(=Nc12)c3ccc(NC(=O)Nc4cccc(c4)C(F)(F)F)cc3,5.8
1700,CHEMBL396523,OC(=O)c1ccccc1Nc2ccnc(Nc3ccc4[nH]ncc4c3)n2,7.1
1711,CHEMBL1971029,CNS(=O)(=O)c1ccccc1Nc2nc(Nc3cc(ccc3OC)N4CCN(CC4)C(=O)C)ncc2Br,6.8
1725,CHEMBL1988437,CNC(=O)c1ccccc1Sc2ccc3c(C=Cc4ccccn4)n[nH]c3c2,5.7
1727,CHEMBL1998121,NCCC(C(=O)Nc1ccc2[nH]ncc2c1)c3ccc(Cl)c(Cl)c3,6.8
1728,CHEMBL1979577,Cc1cccc(NC(=O)Nc2ccc(cc2)c3csc4c(cnc(N)c34)C#CC(C)(C)N)c1,5.9
1730,CHEMBL1985566,COc1cc(ccc1CC#N)c2ccc3C(=O)Nc4cc(CCOc5ccc(cc5)N6CCOCC6)ccc4Nc3c2,5.8
1736,CHEMBL1996817,CCCCOc1ncnc2[nH]cc(c3ccccc3)c12,5.9
1739,CHEMBL483158,COc1cccc(F)c1C2=NCc3cnc(Nc4ccc(C(=O)O)c(OC)c4)nc3c5ccc(Cl)cc25,7.0
1742,CHEMBL1990885,CCN(CC)CCNC(=O)c1c(C)[nH]c(C=C2C(=O)Nc3ccc(F)cc23)c1C,6.0
1747,CHEMBL2006276,COc1cccc2NC(=O)c3ccc(Nc4ccncc4)cc3Nc12,6.2
1751,CHEMBL1995740,COc1cc(ccc1O)c2ccc3C(=O)Nc4cc(ccc4Nc3c2)[N+](=O)[O-],5.9
1759,CHEMBL1999931,O=C(Nc1n[nH]c2ccc(cc12)c3cn(Cc4ccccc4)nn3)c5ccccc5,6.6
1763,CHEMBL2007064,Cc1[nH]c(C=C2C(=O)Nc3ccccc23)c(C)c1CCC(=O)O,6.2
1765,CHEMBL1991063,Cc1n[nH]c2ccc(cc12)c3cncc(OCC(N)Cc4ccc(Cl)c(Cl)c4)c3,5.7
1767,CHEMBL1979093,COc1ccc(c2ccc(NC(=O)Nc3ccc(F)c(C)c3)cc2)c4c(N)noc14,5.8
1770,CHEMBL1987009,COc1cccc(CNC(=O)c2cc3c(n[nH]c3s2)c4ccccc4)c1,6.6
1775,CHEMBL1987054,COCCOC1CCC(CC1)n2nc(c3ccc(Nc4oc5c(Cl)cc(C)cc5n4)cc3)c6c(N)ncnc26,5.7
1776,CHEMBL1970083,Nc1ncc(c2ccncc2)c3scc(c4ccc(NC(=O)Nc5cc(ccc5F)C(F)(F)F)cc4)c13,6.4
1778,CHEMBL2005631,CNC(=O)c1cnc(N)c2c(csc12)c3ccc(NC(=O)Nc4cc(C)ccc4F)cc3,6.1
1784,CHEMBL1997846,Clc1cc(NC2CCCCC2)nc(n1)c3c[nH]c4ncccc34,7.1
1797,CHEMBL1983923,CN1CCN(CC1)c2cc(Nc3cc(C)[nH]n3)nc(C=Cc4ccccc4)n2,5.9
1812,CHEMBL2003638,Fc1cccc(c1)C(=O)Nc2n[nH]c3ccc(cc23)c4cn(Cc5ccccc5)nn4,5.9
1815,CHEMBL1966524,NC(COc1cncc(c1)c2cc3ccncc3s2)Cc4c[nH]c5ccccc45,6.6
1824,CHEMBL1967720,CC(C)(C(=O)N)n1cc(cn1)c2cnc(N)c3c(csc23)c4ccc(NC(=O)Nc5cccc(F)c5)cc4,5.8
1835,CHEMBL1980144,Cc1ccccc1NC(=O)Nc2ccc(NC(=O)c3csc4ncnc(N)c34)cc2,6.6
1843,CHEMBL1997617,CN1CCN(CC1)C2CCC(CC2)n3cc(c4ccc(Oc5ccccc5)cc4)c6c(N)ncnc36,5.7
1845,CHEMBL1969301,CCCCn1c(NC(=O)c2cccc(c2)C#N)nc3cc(ccc13)N(C)C(=O)C4CCCCC4,5.8
1849,CHEMBL1980297,Nc1ncc(c2cnn(CCO)c2)c3scc(c4ccc(NC(=O)Nc5cccc(F)c5)cc4)c13,6.1
1853,CHEMBL1991285,Cc1cc(OCC2CCC(C2)C(=O)O)c(NC(=O)Nc3cnc(cn3)C#N)cc1Cl,5.6
1854,CHEMBL243088,OC(=O)c1ccccc1Nc2ccnc(Nc3cccc(O)c3)n2,6.8
1856,CHEMBL1993661,CNS(=O)(=O)c1ccccc1Nc2nc(Nc3cc(OC)c(OC)c(OC)c3)ncc2Cl,8.1
1859,CHEMBL1980391,COc1cc2Nc3n[nH]c(C)c3N=C(c4ccccc4Cl)c2cc1F,7.3
1861,CHEMBL2023419,COc1ccc(cc1OC)c2nc(Nc3cccc(c3)C(=O)NC4CCNC4)nc5[nH]cnc25,5.48
1862,CHEMBL2023418,COc1ccc(cc1OC)c2nc(Nc3cccc(NC(=O)C4CCNCC4)c3)nc5[nH]cnc25,7.1
1863,CHEMBL2023417,COc1ccc(cc1OC)c2nc(Nc3cccc(c3)C(=O)NC4CCNCC4)nc5[nH]cnc25,5.35
1864,CHEMBL2023416,COc1ccc(cc1)c2nc(Nc3cccc(NC(=O)N4CCCCC4)c3)nc5[nH]cnc25,6.66
1865,CHEMBL2023415,COc1ccc(cc1)c2nc(Nc3cccc(NC(=O)NCCN4CCOCC4)c3)nc5[nH]cnc25,7.13
1866,CHEMBL2023414,COc1ccc(cc1OC)c2nc(Nc3cccc(NC(=O)NCCN4CCOCC4)c3)nc5[nH]cnc25,7.08
1867,CHEMBL2023413,COc1ccc(cc1)c2nc(Nc3cccc(NC(=O)NC4CCNC4)c3)nc5[nH]cnc25,7.34
1868,CHEMBL2023201,COc1ccc(cc1OC)c2nc(Nc3cccc(NC(=O)NC4CCNC4)c3)nc5[nH]cnc25,6.96
1869,CHEMBL2023200,COc1cc(ccc1N)c2nc(Nc3cccc(NC(=O)N4CCCC4)c3)nc5[nH]cnc25,6.39
1870,CHEMBL2023199,Fc1ccc(cn1)c2nc(Nc3cccc(NC(=O)N4CCCC4)c3)nc5[nH]cnc25,6.4
1871,CHEMBL2023198,O=C(Nc1cccc(Nc2nc(c3ccncc3)c4nc[nH]c4n2)c1)N5CCCC5,5.92
1872,CHEMBL2023197,O=C(Nc1cccc(Nc2nc(c3ccc4OCOc4c3)c5nc[nH]c5n2)c1)N6CCCC6,6.55
1873,CHEMBL2023196,COc1ccc(cc1OC)c2nc(Nc3cccc(NC(=O)N4CCCC4)c3)nc5[nH]cnc25,6.77
1874,CHEMBL1933347,COc1ccc(cc1)c2nc(Nc3cccc(NC(=O)N4CCCC4)c3)nc5[nH]cnc25,6.82
1875,CHEMBL2023195,CN1CCN(Cc2cccc(c2)c3nc(Nc4cccc(Cl)c4)nc5[nH]cnc35)CC1,6.59
1877,CHEMBL2023194,COc1ccc(cc1OC)c2nc(Nc3cccc(Cl)c3)nc4[nH]cnc24,6.01
1879,CHEMBL271138,C1CN(CCO1)c2ncnc3[nH]cnc23,4.04
1880,CHEMBL23507,OC(=O)c1cc2cc(F)ccc2[nH]1,3.53
1881,CHEMBL2029510,Cc1sc2N=CNC(=O)c2c1C,3.08
1882,CHEMBL1891423,Oc1ncnc2ccsc12,3.31
1883,CHEMBL2029511,CC(C)(C)c1cc2N=CNC(=O)c2s1,4.26
1884,CHEMBL2029512,CC1=NNC(=O)c2nc[nH]c12,3.33
1885,CHEMBL2029513,COc1ccc(Nc2ncnc3[nH]ncc23)cc1,4.22
1886,CHEMBL2029514,CC1=CC(=O)OC2NN=C(C)C12,3.52
1887,CHEMBL2029515,CC(=O)Nc1nc2ccc(F)cc2s1,3.4
1888,CHEMBL2029516,O=C1NC=Cn2nc3CCCCc3c12,3.56
1889,CHEMBL1612732,COc1ccc(cc1)c2cc3ncnc(O)c3s2,4.07
1890,CHEMBL2029517,Fc1ccc(cc1)c2cc3N=CNC(=O)c3s2,3.91
1891,CHEMBL1877245,Cc1csc2c(O)ncnc12,3.34
1892,CHEMBL2029518,CNc1csc2C(=O)NC=Nc12,3.81
1893,CHEMBL2029519,CN(C)c1csc2C(=O)NC=Nc12,3.96
1894,CHEMBL2029520,O=C(Nc1csc2C(=O)NC=Nc12)c3ccccc3,4.02
1895,CHEMBL2029521,O=C1NC=Nc2c(csc12)c3ccccc3,4.82
1896,CHEMBL2029522,Cc1c2N=CNC(=O)c2sc1c3ccc(F)cc3,3.98
1897,CHEMBL2029523,Fc1ccc(cc1)c2sc3C(=O)NC=Nc3c2c4ccccc4,4.48
1898,CHEMBL2029524,COc1ccc(cc1OC)c2c3N=CNC(=O)c3sc2c4ccc(F)cc4,4.96
1899,CHEMBL2029525,Fc1ccc(cc1)c2sc3C(=O)NC=Nc3c2\C=C\c4ccccc4,4.41
1900,CHEMBL2029526,Fc1ccc(cc1)c2sc3C(=O)NC=Nc3c2c4cn[nH]c4,5.28
1901,CHEMBL492828,COc1cc(O)c(CC=C(C)C)c2OC(CC(=O)c12)c3ccc(O)cc3,4.23
1902,CHEMBL253896,COc1cc(O)c(CC=C(C)C)c(O)c1C(=O)\C=C\c2ccc(O)cc2,5.18
2021,CHEMBL2207187,Fc1cccc(Nc2ncc(C3CC3)c(NCCCNC(=O)C4CCC4)n2)c1,6.24
2022,CHEMBL2207181,Fc1cccc(Nc2ncc(Br)c(NCCCNC(=O)C3CCC3)n2)c1,7.17
2023,CHEMBL2207180,Fc1cccc(Nc2ncc(Br)c(NCCCNC(=O)C3CCCC3)n2)c1,6.66
2024,CHEMBL2207218,Fc1cccc(Nc2ncc(Br)c(NCCCNC(=O)c3cccs3)n2)c1,6.89
2026,CHEMBL2205426,CC(C)(C)NC1=C(Nc2ccnc(Nc3ccc(cc3)c4ccncc4)n2)C(=O)C1=O,7.15
2362,CHEMBL2332031,NC(=N)Nc1ccc(cc1)n2nc(cc2c3ccc4c(ccc5ccccc45)c3)C(F)(F)F,5.7
2363,CHEMBL1650595,NCC(=O)Nc1ccc(cc1)n2nc(cc2c3ccc4c(ccc5ccccc45)c3)C(F)(F)F,5.3
2383,CHEMBL1235698,CN[C@@H]1CCc2ccccc12,6.7
2384,CHEMBL3311455,COc1nc(Nc2cccc(NC(=O)N3CCCC3)c2)nc4[nH]ccc14,5.92
2389,CHEMBL3311451,COc1ccc(cc1)c2nc(Nc3cccc(NC(=O)N4CCCC4)c3)nc5[nH]ccc25,5.31
2426,CHEMBL3414669,CC(C)CCC[C@]1(C)CCc2cc(O)c(C)c(C)c2O1,4.99
2427,CHEMBL3414686,CC(C)CCCC1(C)CCc2cc(c(C)c(C)c2O1)S(=O)(=O)N,4.71
2428,CHEMBL3414688,CC(C)CCCC1(C)CCc2cc(cc(Br)c2O1)S(=O)(=O)N,4.96
2604,CHEMBL3623846,OP(=O)(O)[C@H](NC[C@@H]1CCCc2ccccc12)c3ccc(F)cc3,4.3
2605,CHEMBL3623844,Cc1ccc(OCCSc2nc3ccccc3n2CC(=O)O)c(C)c1,4.4
2612,CHEMBL3623850,C[C@@H](CN[C@H](c1ccc(F)c(F)c1)P(=O)(O)O)c2ccccc2,4.08
2613,CHEMBL1559959,Cc1cccc(OCCn2c(SCC(=O)O)nc3ccccc23)c1,4.13
2617,CHEMBL1382642,Cc1ccccc1OCCSc2nc3ccccc3n2CCC(=O)O,4.13
2619,CHEMBL3623847,Cc1ccccc1OCCSc2nc3ccccc3n2CC(=O)O,4.3
2636,CHEMBL3644684,CN(C)CCn1cnc2cnc3ccc(cc3c12)C#CCNC(=O)C4=CN=CN(Cc5ccc(F)c(F)c5)C4=O,7.3
2653,CHEMBL3644701,CC(C)n1c(C)nc2cnc3ccc(cc3c12)C#CCNC(=O)C4=CC=CN([C@H](C)c5ccc(F)c(F)c5)C4=O,7.26
2654,CHEMBL3644702,CC(C)n1c(C)nc2cnc3ccc(cc3c12)C#CCNC(=O)C4=CC=CN([C@H](C)C5CCCCC5)C4=O,6.3
2657,CHEMBL3644705,CC(C)n1c(C)nc2cnc3ccc(cc3c12)C#CCNC(=O)C4=CC(=NN([C@@H](C)c5ccc(F)c(F)c5)C4=O)C,7.16
2660,CHEMBL3644707,CC(C)n1c(C)nc2cnc3ccc(cc3c12)C#CCNC(=O)C4=CC=CN([C@@H](C)C5CCCCC5)C4=O,7.47
2670,CHEMBL3644716,CC(C)n1c(C)nc2cnc3ccc(cc3c12)C#CCNC(=O)C4=CC=CN(CC5CCOCC5)C4=O,6.23
2671,CHEMBL3644717,CC(C)n1c(C)nc2cnc3ccc(cc3c12)C#CCNC(=O)C4=CC=CN(CC5CCCCO5)C4=O,5.99
2673,CHEMBL3644719,CC(C)n1c(C)nc2cnc3ccc(cc3c12)C#CCNC(=O)C4=CC=CN(CC5(O)CCCCC5)C4=O,5.96
2674,CHEMBL3644720,CC(C)n1c(C)nc2cnc3ccc(cc3c12)C#CCNC(=O)C4=CC=CN(C[C@H]5CCCC[C@H]5O)C4=O,6.66
2675,CHEMBL3644721,CC(C)n1c(C)nc2cnc3ccc(cc3c12)C#CCNC(=O)C4=CC=CN(CC5CCCOC5)C4=O,6.7
2689,CHEMBL3644735,OC[C@@H](N1C=CC=C(C(=O)NCC#Cc2ccc3ncc4ncn(C5CCNCC5)c4c3c2)C1=O)c6ccccc6,5.7
2691,CHEMBL3644737,CN(C)CCn1cnc2cnc3ccc(cc3c12)C#CCNC(=O)C4=CC=CN(Cc5ccccc5)C4=O,6.56
2693,CHEMBL3644739,OCCn1cnc2cnc3ccc(cc3c12)C#CCNC(=O)C4=CC=CN(Cc5ccccc5)C4=O,7.17
2694,CHEMBL3644740,CN(C)CCn1c(C)nc2cnc3ccc(cc3c12)C#CCNC(=O)C4=CN=CN(Cc5ccc(F)c(F)c5)C4=O,7.28
2698,CHEMBL3644744,CN1CCC[C@@H](C1)n2c(C)nc3cnc4ccc(cc4c23)C#CCNC(=O)C5=CC(=NN(Cc6ccc(F)c(F)c6)C5=O)Cl,6.96
2699,CHEMBL3644745,CN1CCC[C@H](C1)n2cnc3cnc4ccc(cc4c23)C#CCNC(=O)C5=CC(=NN(Cc6ccc(F)c(F)c6)C5=O)Cl,6.1
2700,CHEMBL3644746,CC(C)N1CCC(CC1)n2cnc3cnc4ccc(cc4c23)C#CCNC(=O)C5=C(C)N(C)N(Cc6ccc(F)c(F)c6)C5=O,7.35
2701,CHEMBL3644747,CCN1CCC(CC1)n2cnc3cnc4ccc(cc4c23)C#CCNC(=O)C5=C(C)N(C)N(Cc6ccc(F)c(F)c6)C5=O,7.5
2710,CHEMBL3644756,NC[C@H](N1C=CC=C(C(=O)NCC#Cc2ccc3ncc4ncn(C5CCOC5)c4c3c2)C1=O)c6ccccc6,6.17
2717,CHEMBL3644762,CCOc1nc2cnc3ccc(cc3c2n1C)C#CCNC(=O)C4=CN=CN(Cc5ccc(F)c(F)c5)C4=O,7.48
2718,CHEMBL3647294,Cn1c(nc2cnc3ccc(cc3c12)C#CCNC(=O)C4=CN=CN(Cc5ccc(F)c(F)c5)C4=O)c6ccccc6,7.14
2723,CHEMBL3647297,COCc1nc2cnc3ccc(cc3c2n1C)C#CCNC(=O)C4=CN=CN(Cc5ccc(F)c(F)c5)C4=O,7.39
2724,CHEMBL3647292,CN(C)Cc1nc2cnc3ccc(cc3c2n1C)C#CCNC(=O)C4=CN=CN(Cc5ccc(F)c(F)c5)C4=O,7.1
2728,CHEMBL3659990,FC1(F)CC1C(=O)Nc2ccc3[nH]nc(c4nc5ccc(cc5[nH]4)N6CCOCC6)c3c2,6.85
2729,CHEMBL3659991,CC1CN(CCO1)c2ccc3nc([nH]c3c2)c4n[nH]c5ccc(NC(=O)C6CC6(F)F)cc45,6.8
2730,CHEMBL3659971,O=C(Nc1ccc2[nH]nc(c3nc4ccc(cc4[nH]3)N5CCOCC5)c2c1)C6CC6,6.55
2731,CHEMBL3659972,FC1(F)CCC(CC1)C(=O)Nc2ccc3[nH]nc(c4nc5ccc(cc5[nH]4)N6CCOCC6)c3c2,6.52
2732,CHEMBL3659973,CC1CCN(CC1)c2ccc3nc([nH]c3c2)c4n[nH]c5ccc(NC(=O)C6CC6(F)F)cc45,6.11
2733,CHEMBL3659974,FC1(F)CCC(CC1)C(=O)Nc2ccc3[nH]nc(c4nc5ccccc5[nH]4)c3c2,5.82
2734,CHEMBL3659975,O=C(Nc1ccc2[nH]nc(c3nc4ccccc4[nH]3)c2c1)C5CC5,5.76
2735,CHEMBL3659976,FC1(F)CC1C(=O)Nc2ccc3[nH]nc(c4nc5ccccc5[nH]4)c3c2,5.71
2736,CHEMBL3659977,FC1(F)CC1C(=O)Nc2ccc3[nH]nc(c4nc5ccc(CN6CCOCC6)cc5[nH]4)c3c2,5.43
2737,CHEMBL3659978,FC1(F)CC1C(=O)Nc2cccc3[nH]nc(c4nc5ccc(cc5[nH]4)N6CCOCC6)c23,5.36
2738,CHEMBL3659979,Brc1ccc2[nH]nc(c3nc4ccccc4[nH]3)c2c1,4.96
2739,CHEMBL3659980,O=C(NC1CC1)Nc2ccc3[nH]nc(c4nc5ccccc5[nH]4)c3c2,4.94
2740,CHEMBL3659981,Fc1cccc(c1)C(=O)Nc2ccc3[nH]nc(c4nc5ccccc5[nH]4)c3c2,4.68
2741,CHEMBL3659982,CS(=O)(=O)c1cccc(c1)c2ccc3[nH]nc(c4nc5ccccc5[nH]4)c3c2,4.63
2742,CHEMBL3659983,FC(F)(F)c1cccc(c1)c2ccc3[nH]nc(c4nc5ccccc5[nH]4)c3c2,4.25
2743,CHEMBL3659984,CC(C)([N+]#[C-])c1ccc(cc1)c2ccc3[nH]nc(c4nc5ccccc5[nH]4)c3c2,4.23
2769,CHEMBL3661089,NS(=O)(=O)c1ccc(cc1)n2nc(cc2c3ccc(CCBr)cc3)C(F)(F)F,4.38
2770,CHEMBL3661090,NS(=O)(=O)c1ccc(cc1)n2nc(cc2c3ccc(CCCBr)cc3)C(F)(F)F,4.42
2771,CHEMBL3661091,NS(=O)(=O)c1ccc(cc1)n2nc(cc2c3ccc(CCN=[N+]=[N-])cc3)C(F)(F)F,4.5
2772,CHEMBL3661092,NS(=O)(=O)c1ccc(cc1)n2nc(cc2c3ccc(CCCN=[N+]=[N-])cc3)C(F)(F)F,4.47
2773,CHEMBL3661093,CCCCc1ccc(cc1)c2cc(nn2c3ccc(cc3)S(=O)(=O)N)C(F)(F)F,4.7
2774,CHEMBL3639599,CC(C)(C)c1ccc(cc1)c2cc(nn2c3ccc(cc3)S(=O)(=O)N)C(F)(F)F,4.47
2775,CHEMBL3342105,NS(=O)(=O)c1ccc(cc1)n2nc(cc2c3ccc4ccccc4c3)C(F)(F)F,4.62
2776,CHEMBL261143,NS(=O)(=O)c1ccc(cc1)n2nc(cc2c3c[nH]c4ccccc34)C(F)(F)F,4.19
2777,CHEMBL3661094,NS(=O)(=O)c1ccc(cc1)n2nc(cc2c3ccc(cc3)c4ccccc4)C(F)(F)F,4.68
2778,CHEMBL1652453,NS(=O)(=O)c1ccc(cc1)n2nc(cc2c3ccc(cc3)c4ccc(Cl)cc4)C(F)(F)F,4.66
2779,CHEMBL3661095,NS(=O)(=O)c1ccc(cc1)n2nc(cc2c3ccc(cc3)c4cc(Cl)cc(Cl)c4)C(F)(F)F,4.75
2780,CHEMBL3661096,NS(=O)(=O)c1ccc(cc1)n2nc(cc2c3ccc(cc3)c4cccc(Cl)c4Cl)C(F)(F)F,4.64
2781,CHEMBL1652454,NS(=O)(=O)c1ccc(cc1)n2nc(cc2c3ccc(cc3)c4cc(Cl)c(Cl)cc4Cl)C(F)(F)F,5.05
2782,CHEMBL3661097,Cc1ccc(cc1)c2ccc(cc2)c3cc(nn3c4ccc(cc4)S(=O)(=O)N)C(F)(F)F,4.82
2783,CHEMBL3665653,NS(=O)(=O)c1ccc(cc1)n2nc(cc2c3ccc(cc3)c4ccc(cc4)C(F)(F)F)C(F)(F)F,4.75
2784,CHEMBL3665654,NS(=O)(=O)c1ccc(cc1)n2nc(cc2c3ccc(cc3)c4ccc(CBr)cc4)C(F)(F)F,4.7
2785,CHEMBL3665655,Cc1cc(C)cc(c1)c2ccc(cc2)c3cc(nn3c4ccc(cc4)S(=O)(=O)N)C(F)(F)F,4.77
2786,CHEMBL3665656,CCCCc1ccc(cc1)c2ccc(cc2)c3cc(nn3c4ccc(cc4)S(=O)(=O)N)C(F)(F)F,4.5
2787,CHEMBL3665657,CC(C)(C)c1ccc(cc1)c2ccc(cc2)c3cc(nn3c4ccc(cc4)S(=O)(=O)N)C(F)(F)F,4.5
2788,CHEMBL3665658,NS(=O)(=O)c1ccc(cc1)n2nc(cc2c3ccc(Cc4ccccc4)cc3)C(F)(F)F,4.82
2789,CHEMBL3665659,NS(=O)(=O)c1ccc(cc1)n2nc(cc2c3ccc4c(Cc5ccccc45)c3)C(F)(F)F,4.8
2790,CHEMBL3665660,NS(=O)(=O)c1ccc(cc1)n2nc(cc2c3c4ccccc4cc5ccccc35)C(F)(F)F,4.92
2792,CHEMBL3665661,NS(=O)(=O)c1ccc(cc1)n2nc(cc2c3cc4ccccc4c5ccccc35)C(F)(F)F,4.38
2793,CHEMBL3665662,NC(=O)c1ccc(cc1)n2nc(cc2c3ccc4c(ccc5ccccc45)c3)C(F)(F)F,4.92
2794,CHEMBL3665663,FC(F)(F)c1cc(c2ccc3c(ccc4ccccc34)c2)n(n1)c5ccc(cc5)C#N,4.35
2795,CHEMBL3665664,ONC(=N)c1ccc(cc1)n2nc(cc2c3ccc4c(ccc5ccccc45)c3)C(F)(F)F,4.4
2796,CHEMBL3665665,FC(F)(F)c1cc(c2ccc3c(ccc4ccccc34)c2)n(n1)c5ccc(cc5)c6nnn[nH]6,4.28
2797,CHEMBL3665666,FC(F)(F)c1cc(c2ccc3c(ccc4ccccc34)c2)n(n1)c5ccc(CN=O)cc5,4.6
2798,CHEMBL3665667,FC(F)(F)c1cc(c2ccc3c(ccc4ccccc34)c2)n(n1)c5ccc(CN=N)cc5,4.8
2799,CHEMBL3665668,FC(F)(F)c1cc(c2ccc3c(ccc4ccccc34)c2)n(n1)c5ccc(CC#N)cc5,4.38
2801,CHEMBL3665669,FC(F)(F)c1cc(c2ccc3c(ccc4ccccc34)c2)n(n1)c5ccc(Cc6nnn[nH]6)cc5,4.35
2804,CHEMBL3665670,NC(=O)Nc1ccc(cc1)n2nc(cc2c3ccc4c(ccc5ccccc45)c3)C(F)(F)F,4.4
2806,CHEMBL3640546,CN(C)CCCOc1ncnc2ccc(cc12)C#CCNC(=O)C3=CN=CN(Cc4ccc(F)c(F)c4)C3=O,6.99
2807,CHEMBL3640543,COc1ncnc2ccc(cc12)C#CCNC(=O)C3=CN=CN(Cc4ccc(F)c(F)c4)C3=O,7.43
2809,CHEMBL3640548,Oc1ncnc2ccc(cc12)C#CCNC(=O)C3=CN=CN(Cc4ccc(F)c(F)c4)C3=O,6.51
2810,CHEMBL3640547,Nc1ncnc2cc(Cl)c(cc12)C#CCNC(=O)C3=CN=CN(Cc4ccc(F)c(F)c4)C3=O,6.64
2811,CHEMBL3640544,CNc1ncnc2ccc(cc12)C#CCNC(=O)C3=C(C)N(C)N(Cc4ccc(F)c(F)c4)C3=O,7.17
2815,CHEMBL3640545,CN(C)CCN(C)c1cnc2ccc(cc2n1)C#CCNC(=O)C3=CN=CN(Cc4ccc(F)c(F)c4)C3=O,7.06
2816,CHEMBL3689184,CN(C)CCNc1cnc2ccc(cc2n1)C#CCNC(=O)C3=CN=CN(Cc4ccc(F)c(F)c4)C3=O,7.46
2817,CHEMBL3689185,CN(C)CCCN(C)c1cnc2ccc(cc2n1)C#CCNC(=O)C3=CN=CN(Cc4ccc(F)c(F)c4)C3=O,7.47
2819,CHEMBL3689187,CN(C)c1cnc2ccc(cc2n1)C#CCNC(=O)C3=CN=CN(Cc4ccc(F)c(F)c4)C3=O,7.17
2820,CHEMBL3689188,CN1CCC(C1)Nc2cnc3ccc(cc3n2)C#CCNC(=O)C4=CN=CN(Cc5ccc(F)c(F)c5)C4=O,7.48
2821,CHEMBL3689189,CN(C)CCCOc1cnc2ccc(cc2n1)C#CCNC(=O)C3=CN=CN(Cc4ccc(F)c(F)c4)C3=O,7.02
2825,CHEMBL3689192,CN1CCCC(C1)Nc2cnc3ccc(cc3n2)C#CCNC(=O)C4=CN=CN(Cc5ccc(F)c(F)c5)C4=O,6.83
2828,CHEMBL3689195,CN1CCN(CC1)c2cnc3ccc(cc3n2)C#CCNC(=O)C4=CN=CN(Cc5ccc(F)c(F)c5)C4=O,6.93
2829,CHEMBL3689196,CN(C)CC(C)(C)CNc1cnc2ccc(cc2n1)C#CCNC(=O)C3=CN=CN(Cc4ccc(F)c(F)c4)C3=O,7.38
2830,CHEMBL3689197,Fc1ccc(CN2C=NC=C(C(=O)NCC#Cc3ccc4ncc(NC5CCCCC5)nc4c3)C2=O)cc1F,6.23
2833,CHEMBL3689200,Fc1ccc(CN2C=NC=C(C(=O)NCC#Cc3ccc4ncc(NC5CC(C5)N6CCCC6)nc4c3)C2=O)cc1F,7.39
2837,CHEMBL3689204,N[C@@H]1CC[C@@H](CC1)Nc2cnc3ccc(cc3n2)C#CCNC(=O)C4=CN=CN(Cc5ccc(F)c(F)c5)C4=O,7.4
2840,CHEMBL3689207,CN1CCN(CC1)Nc2cnc3ccc(cc3n2)C#CCNC(=O)C4=CN=CN(Cc5ccc(F)c(F)c5)C4=O,7.06
2842,CHEMBL3689209,CN1CCC(CC1)Oc2cnc3ccc(cc3n2)C#CCNC(=O)C4=CN=CN(Cc5ccc(F)c(F)c5)C4=O,7.25
2870,CHEMBL3689236,Fc1ccc(CN2C=NC=C(C(=O)NCC#Cc3ccc4ncc(CC5CCNCC5)nc4c3)C2=O)cc1F,6.18
2871,CHEMBL3689237,CN1CCC(Cc2cnc3ccc(cc3n2)C#CCNC(=O)C4=CN=CN(Cc5ccc(F)c(F)c5)C4=O)CC1,6.03
2872,CHEMBL3689238,CC(=Cc1cnc2ccc(cc2n1)C#CCNC(=O)C3=CN=CN(Cc4ccc(F)c(F)c4)C3=O)C,6.63
2883,CHEMBL3689248,Cc1c(ccc2ncc(cc12)c3ccccc3)C#CCNC(=O)C4=CN=CN(Cc5ccc(F)c(F)c5)C4=O,7.1
2884,CHEMBL3670422,NC(=O)c1cccc2c(NCc3cccc(NC(=O)Nc4ccccc4Cl)c3)ncnc12,5.32
2885,CHEMBL3670433,COc1cccc(NC(=O)Nc2cccc(CNc3ncnc4c(cccc34)C(=O)N)c2)c1,5.2
2886,CHEMBL3670475,NC(=O)c1cccc2c(NCc3cccc(NC(=O)c4ccccc4)c3)ncnc12,5.72
2887,CHEMBL3670501,NC(=O)c1cc(OCCN2CCOCC2)cc3c(NCc4ccc(cc4)C(F)(F)F)ncnc13,5.46
2888,CHEMBL3675452,NC(=O)c1cccc2c(NCCc3c[nH]c4ccccc34)ncnc12,4.1
2889,CHEMBL3680394,CCC(Nc1ncnc2c(cccc12)C(=O)N)c3cccc(NC(=O)c4ccc(OC(F)(F)F)cc4)c3,4.11
2890,CHEMBL3680461,NC(=O)c1cccc2c(NCc3cccc(F)c3F)ncnc12,4.06
2891,CHEMBL3680464,NC(=O)c1cccc2c(NCc3cccc(NC(=O)c4ccnc(c4)N5CCCCC5)c3)ncnc12,4.08
2892,CHEMBL3680465,CC(Nc1ncnc2c(cccc12)C(=O)N)c3cc(F)cc(F)c3,4.22
2893,CHEMBL3680481,CS(=O)(=O)c1ccc(cc1)C(=O)Nc2cccc(CNc3ncnc4c(cccc34)C(=O)N)c2,4.01
2894,CHEMBL3680482,CCN(C[C@@H](Nc1ncncc(cccc1)C(=O)N)C2CC=CC=C2)C(C)C,4.02
2895,CHEMBL3680484,NC(=O)c1cccc2c(NC(Cn3ccnc3)c4ccccc4)ncnc12,4.05
2896,CHEMBL3680491,CC(Nc1ncnc2c(cccc12)C(=O)N)c3cccc(NC(=O)c4ccc(OC(F)(F)F)cc4)c3,4.07
2897,CHEMBL3680492,CN1CCN(CC1)c2ccc(cc2C(F)(F)F)C(=O)Nc3cccc(CNc4nncc5c(cccc45)C(=O)N)c3,4.09
2898,CHEMBL3680497,NC(=O)c1cccc2c(NCc3cccc(NC(=O)c4ccnc(NCCO)c4)c3)ncnc12,4.02
2899,CHEMBL3680499,COCCC(Nc1ncnc2c(cccc12)C(=O)N)c3cccc(NC(=O)c4ccc(OC)cc4)c3,4.02
2900,CHEMBL3680501,CN(C[C@@H](NC1=NC=NC2=C(CCC=C12)C(=O)N)c3ccccc3)C4CC4,4.13
2901,CHEMBL3680532,COc1ccc(cc1C(F)(F)F)C(=O)Nc2cccc(CNc3ncnc4c(cccc34)C(=O)N)c2,4.06
2903,CHEMBL3685311,NC(=O)c1cc(cc2c(N[C@H]3CCCNC3)ncnc12)c4ccsc4,7.36
2904,CHEMBL3685312,COc1ccc(cc1)c2cc(C(=O)N)c3ncnc(N[C@H]4CCCNC4)c3c2,7.21
2905,CHEMBL3685313,Cn1cc(cn1)c2cc(C(=O)N)c3ncnc(N[C@H]4CCCNC4)c3c2,7.03
2906,CHEMBL3685314,COc1ccc2cc(ccc2c1)c3cc(C(=O)N)c4ncnc(N[C@H]5CCCNC5)c4c3,7.01
2907,CHEMBL3685315,NC(=O)c1cc(cc2c(N[C@H]3CCCNC3)ncnc12)c4ccc(OC(F)(F)F)cc4,7.0
2908,CHEMBL3685316,NC(=O)c1cc(cc2c(N[C@H]3CCCNC3)ncnc12)c4ccc(cc4)C(F)(F)F,6.96
2909,CHEMBL3685317,CC(C)n1cc(cn1)c2cc(C(=O)N)c3ncnc(N[C@H]4CCCNC4)c3c2,6.8
2910,CHEMBL3685318,NC(=O)C1CC=C(C=C1)c2cc(C(=O)N)c3ncnc(N[C@H]4CCCNC4)c3c2,6.7
2911,CHEMBL3685319,N#Cc1ccc(cc1)c2ccc3ncnc(NC4CCCNC4)c3c2,6.47
2912,CHEMBL3685320,NC(=O)c1cccc(c1)c2cc(C(=O)N)c3ncnc(N[C@H]4CCCNC4)c3c2,6.41
2913,CHEMBL3685321,NC(=O)c1cc(cc2c(N[C@H]3CCCNC3)ncnc12)c4ccccc4,6.29
2914,CHEMBL3685322,NC(=O)c1cc(cc2c(NC3CCCNC3)ncnc12)c4ccc(Cl)c(Cl)c4,6.28
2915,CHEMBL3685323,NC(=O)c1cc(cc2c(NC3CCCNC3)ncnc12)c4conc4,6.22
2916,CHEMBL3685324,CC(Nc1ncnc2c(cc(cc12)c3cnn(C)c3)C(=O)N)c4cccc(F)c4,6.13
2917,CHEMBL3685325,NC(=O)c1cc(\C=C\c2ccccc2)cc3c(N[C@H]4CCCNC4)ncnc13,6.1
2918,CHEMBL3685326,Cn1cc(cn1)c2cc(C(=O)N)c3ncnc(NCc4cccc(F)c4)c3c2,6.1
2919,CHEMBL3685327,CCC(Nc1ncnc2c(cc(cc12)c3cnn(C)c3)C(=O)N)c4cccc(F)c4,5.96
2920,CHEMBL3652558,CN(c1cccc(F)c1)c2cc(nc(N)n2)c3c[nH]c4ncc(cc34)c5cnn(C)c5,7.47
2921,CHEMBL3652559,Cn1cc(cn1)c2cnc3[nH]cc(c4cc(nc(N)n4)C(C)(C)c5ccccc5)c3c2,7.19
2922,CHEMBL3652560,Cn1cc(cn1)c2cnc3[nH]cc(c4cc(nc(N)n4)C5(CC5)c6ccccc6)c3c2,7.23
2925,CHEMBL3652563,Cn1cc(cn1)c2cnc3[nH]cc(c4cc(nc(N)n4)C5(CCCC5)c6ccccc6)c3c2,6.89
2926,CHEMBL3652564,Cn1cc(cn1)c2cnc3[nH]cc(c4cc(nc(N)n4)C5(CCCC5)c6ccc(Cl)cc6)c3c2,6.06
2927,CHEMBL3652565,CN(c1cccc(Cl)c1)c2cc(nc(N)n2)c3c[nH]c4ncc(cc34)c5cnn(C)c5,7.29
2932,CHEMBL3652570,CCN(c1ccc(Cl)cc1)c2cc(nc(N)n2)c3c[nH]c4ncc(cc34)c5cnn(C)c5,7.34
2933,CHEMBL3652571,CCN(Cc1ccccc1)c2cc(nc(N)n2)c3c[nH]c4ncc(cc34)c5cnn(C)c5,7.29
2936,CHEMBL3652574,Cn1cc(cn1)c2cnc3[nH]cc(c4cc(nc(N)n4)N5CCc6cc(F)ccc56)c3c2,6.7
2937,CHEMBL3652575,CC(C)n1cc(cn1)c2cnc3[nH]cc(c4cc(nc(N)n4)N5CCc6cc(F)ccc56)c3c2,5.23
2938,CHEMBL3652576,CC(C)n1cc(cn1)c2cnc3[nH]cc(c4cc(nc(N)n4)N(C)c5ccccc5Cl)c3c2,7.52
2939,CHEMBL3652577,CCN(c1cc(nc(N)n1)c2c[nH]c3ncc(cc23)c4cnn(C)c4)c5nncs5,6.81
2941,CHEMBL3652579,Cn1cc(cn1)c2cnc3[nH]cc(c4cc(nc(N)n4)N(CC(O)CO)c5cccc(c5)C#N)c3c2,7.05
2943,CHEMBL3652580,COC(=O)CN(c1ccc(Cl)cc1)c2cc(nc(N)n2)c3c[nH]c4ncc(cc34)c5cnn(C)c5,7.16
2947,CHEMBL3652584,Cn1cc(cn1)c2cnc3[nH]cc(c4cc(nc(N)n4)N(CCN5CCOCC5)c6cccc(F)c6)c3c2,7.05
2950,CHEMBL3652587,CN(c1cccc(F)c1)c2cc(ncn2)c3c[nH]c4ncc(cc34)c5cnn(C)c5,6.72
2953,CHEMBL3652590,Cn1cc(cn1)c2cnc3[nH]cc(c4cc(nc(N)n4)C5(CC5)c6ccccc6F)c3c2,7.34
2955,CHEMBL3689249,Fc1ccc(CN2C=NC=C(C(=O)NCC#Cc3ccc4ncccc4c3)C2=O)cc1F,6.88
2956,CHEMBL3689250,Fc1ccc(CN2C=NC=C(C(=O)NCC#Cc3ccc4ncc(cc4c3)c5ccccc5)C2=O)cc1F,7.18
2957,CHEMBL3689251,COC(=O)c1cnc2ccc(C#CCNC(=O)C3=CN=CN(Cc4ccc(F)c(F)c4)C3=O)c(C)c2c1,6.92
2958,CHEMBL3689252,Cc1c(ccc2ncc(cc12)C(=O)O)C#CCNC(=O)C3=CN=CN(Cc4ccc(F)c(F)c4)C3=O,7.21
2960,CHEMBL3689255,Oc1cnc2ccc(cc2c1)C#CCNC(=O)C3=CN=CN(Cc4ccc(F)c(F)c4)C3=O,7.07
2964,CHEMBL3689259,CN(C)c1ccnc2ccc(cc12)C#CCNC(=O)C3=CN=CN(Cc4ccc(F)c(F)c4)C3=O,6.96
2965,CHEMBL3689260,COc1ccnc2ccc(cc12)C#CCNC(=O)C3=CN=CN(Cc4ccc(F)c(F)c4)C3=O,7.42
2966,CHEMBL3689261,COc1ccnc2ccc(cc12)C#CCNC(=O)C3=CC=CN(Cc4ccc(F)c(F)c4)C3=O,6.89
2968,CHEMBL3689263,CCOc1ccnc2ccc(cc12)C#CCNC(=O)C3=CC=CN(Cc4ccc(F)c(F)c4)C3=O,7.26
2969,CHEMBL3689264,CCOc1ccnc2ccc(cc12)C#CCNC(=O)C3=CN=CN(Cc4ccc(F)c(F)c4)C3=O,7.48
2970,CHEMBL3689265,CC(C)Oc1ccnc2ccc(cc12)C#CCNC(=O)C3=CC=CN(Cc4ccc(F)c(F)c4)C3=O,7.13
2971,CHEMBL3689266,CC(C)Oc1ccnc2ccc(cc12)C#CCNC(=O)C3=CN=CN(Cc4ccc(F)c(F)c4)C3=O,7.42
2973,CHEMBL3689268,CN(C)CCOc1ccnc2ccc(cc12)C#CCNC(=O)C3=CN=CN(Cc4ccc(F)c(F)c4)C3=O,7.44
2977,CHEMBL3689272,CN(C)CC(C)(C)COc1ccnc2ccc(cc12)C#CCNC(=O)C3=CC=CN(Cc4ccc(F)c(F)c4)C3=O,7.48
2978,CHEMBL3689273,CN(C)CC(O)COc1ccnc2ccc(cc12)C#CCNC(=O)C3=CN=CN(Cc4ccc(F)c(F)c4)C3=O,7.15
2979,CHEMBL3689274,CN(C)CC(O)COc1ccnc2ccc(cc12)C#CCNC(=O)C3=CC=CN(Cc4ccc(F)c(F)c4)C3=O,7.33
2980,CHEMBL3689275,CN1CCC(C1)Oc2ccnc3ccc(cc23)C#CCNC(=O)C4=CN=CN(Cc5ccc(F)c(F)c5)C4=O,6.92
2981,CHEMBL3689276,CN1CCC(C1)Oc2ccnc3ccc(cc23)C#CCNC(=O)C4=CC=CN(Cc5ccc(F)c(F)c5)C4=O,6.67
2982,CHEMBL3689277,Fc1ccc(CN2C=NC=C(C(=O)NCC#Cc3ccc4nccc(OCC5CCCCO5)c4c3)C2=O)cc1F,6.94
2983,CHEMBL3689278,Fc1ccc(CN2C=CC=C(C(=O)NCC#Cc3ccc4nccc(OCC5CCCCO5)c4c3)C2=O)cc1F,6.78
2984,CHEMBL3689279,COC(C)CCOc1ccnc2ccc(cc12)C#CCNC(=O)C3=CC=CN(Cc4ccc(F)c(F)c4)C3=O,6.86
2986,CHEMBL3689281,CN1CCC(CC1)Oc2ccnc3ccc(cc23)C#CCNC(=O)C4=CC=CN(Cc5ccc(F)c(F)c5)C4=O,7.15
2989,CHEMBL3689284,Fc1ccc(CN2C=NC=C(C(=O)NCC#Cc3ccc4nccc(NC5CC5)c4c3)C2=O)cc1F,6.11
2990,CHEMBL3689285,Fc1ccc(CN2C=CC=C(C(=O)NCC#Cc3ccc4nccc(NC5CC5)c4c3)C2=O)cc1F,6.0
2991,CHEMBL3689286,CN(C)CCNc1ccnc2ccc(cc12)C#CCNC(=O)C3=CN=CN(Cc4ccc(F)c(F)c4)C3=O,6.0
2992,CHEMBL3689287,CN(C)CCNc1ccnc2ccc(cc12)C#CCNC(=O)C3=CC=CN(Cc4ccc(F)c(F)c4)C3=O,6.07
2993,CHEMBL3689288,CN(C)CCCNc1ccnc2ccc(cc12)C#CCNC(=O)C3=CN=CN(Cc4ccc(F)c(F)c4)C3=O,6.26
2994,CHEMBL3689289,CN(C)CCCNc1ccnc2ccc(cc12)C#CCNC(=O)C3=CC=CN(Cc4ccc(F)c(F)c4)C3=O,6.18
2995,CHEMBL3689290,Fc1ccc(CN2C=NC=C(C(=O)NCC#Cc3ccc4nccc(OCC5CCCO5)c4c3)C2=O)cc1F,6.81
3006,CHEMBL3689301,CC(N)CCOc1ccnc2ccc(cc12)C#CCNC(=O)C3=CC=CN(Cc4ccc(F)c(F)c4)C3=O,7.5
3007,CHEMBL3689302,Fc1ccc(CN2C=CC=C(C(=O)NCC#Cc3ccc4nccc(OCC5CCCOC5)c4c3)C2=O)cc1F,7.34
3013,CHEMBL3689308,CC(C)(C)COc1ccnc2ccc(cc12)C#CCNC(=O)C3=CC=CN(C(CO)c4ccc(F)c(F)c4)C3=O,7.22
3023,CHEMBL3640435,CCNc1c(cnc2ccc(cc12)C#CCNC(=O)C3=CN=CN(Cc4ccc(F)c(F)c4)C3=O)[N+](=O)[O-],7.07
3024,CHEMBL3640436,CNc1c(cnc2ccc(cc12)C#CCNC(=O)C3=CN=CN(Cc4ccc(F)c(F)c4)C3=O)[N+](=O)[O-],7.01
3025,CHEMBL3640437,CC(C)Nc1c(cnc2ccc(cc12)C#CCNC(=O)C3=CN=CN(Cc4ccc(F)c(F)c4)C3=O)[N+](=O)[O-],6.94
3027,CHEMBL3640439,CN1CC(C1)Nc2ncnc3ccc(cc23)C#CCNC(=O)C4=CN=CN(Cc5ccc(F)c(F)c5)C4=O,6.77
3028,CHEMBL3640440,CN(CCc1ccccc1)c2ncnc3ccc(cc23)C#CCNC(=O)C4=CN=CN(Cc5ccc(F)c(F)c5)C4=O,6.87
3031,CHEMBL3640443,Fc1ccc(CN2C=NC=C(C(=O)NCC#Cc3ccc4ncnc(NCCc5occc5)c4c3)C2=O)cc1F,7.01
3032,CHEMBL3640444,Fc1ccc(CN2C=NC=C(C(=O)NCC#Cc3ccc4ncnc(NCCc5ccccn5)c4c3)C2=O)cc1F,6.98
3033,CHEMBL3640445,COc1ccc(CCNc2ncnc3ccc(cc23)C#CCNC(=O)C4=CN=CN(Cc5ccc(F)c(F)c5)C4=O)cc1OC,7.04
3034,CHEMBL3640446,Fc1ccc(CN2C=NC=C(C(=O)NCC#Cc3ccc4ncnc(N5CCNCC5)c4c3)C2=O)cc1F,6.35
3035,CHEMBL3640447,CN(C)CCNc1ncnc2ccc(cc12)C#CCNC(=O)C3=CN=CN(Cc4ccc(F)c(F)c4)C3=O,6.64
3036,CHEMBL3640448,Fc1ccc(CN2C=NC=C(C(=O)NCC#Cc3ccc4ncnc(NCCCn5ccnc5)c4c3)C2=O)cc1F,6.87
3037,CHEMBL3640449,Fc1ccc(CN2C=NC=C(C(=O)NCC#Cc3ccc4ncnc(NCCc5cccs5)c4c3)C2=O)cc1F,6.79
3038,CHEMBL3640450,OC(CNc1ncnc2ccc(cc12)C#CCNC(=O)C3=CN=CN(Cc4ccc(F)c(F)c4)C3=O)c5ccccc5,6.74
3039,CHEMBL3640451,COCCCNc1ncnc2ccc(cc12)C#CCNC(=O)C3=CN=CN(Cc4ccc(F)c(F)c4)C3=O,6.8
3040,CHEMBL3640452,CC(CNc1ncnc2ccc(cc12)C#CCNC(=O)C3=CN=CN(Cc4ccc(F)c(F)c4)C3=O)c5ccccc5,6.35
3041,CHEMBL3640453,Fc1ccc(CN2C=NC=C(C(=O)NCC#Cc3ccc4ncnc(NCC(=O)c5ccccc5)c4c3)C2=O)cc1F,6.66
3042,CHEMBL3640454,NC(=O)[C@@H](Cc1ccccc1)Nc2ncnc3ccc(cc23)C#CCNC(=O)C4=CN=CN(Cc5ccc(F)c(F)c5)C4=O,6.31
3043,CHEMBL3640455,COc1ccc(CCNc2ncnc3ccc(cc23)C#CCNC(=O)C4=CN=CN(Cc5ccc(F)c(F)c5)C4=O)cc1,7.39
3044,CHEMBL3640456,CN(c1ncnc2ccc(cc12)C#CCNC(=O)C3=CN=CN(Cc4ccc(F)c(F)c4)C3=O)C(C)(C)C,6.3
3046,CHEMBL3640458,Fc1ccc(CN2C=NC=C(C(=O)NCC#Cc3ccc4ncnc(NC5CCOCC5)c4c3)C2=O)cc1F,6.29
3047,CHEMBL3640459,CN(C1CCCCC1)c2ncnc3ccc(cc23)C#CCNC(=O)C4=CN=CN(Cc5ccc(F)c(F)c5)C4=O,6.43
3048,CHEMBL3640460,Fc1ccc(CN2C=NC=C(C(=O)NCC#Cc3ccc4ncnc(NC5CCN(Cc6ccccc6)CC5)c4c3)C2=O)cc1F,6.85
3049,CHEMBL3640461,OCCN1CCC(CC1)Nc2ncnc3ccc(cc23)C#CCNC(=O)C4=CN=CN(Cc5ccc(F)c(F)c5)C4=O,7.11
3050,CHEMBL3640462,CC1CN(C)CCC1Nc2ncnc3ccc(cc23)C#CCNC(=O)C4=CN=CN(Cc5ccc(F)c(F)c5)C4=O,6.9
3051,CHEMBL3640463,CNc1ncnc2ccc(cc12)C#CCNC(=O)C3=CC=CN(Cc4ccsc4)C3=O,6.7
3052,CHEMBL3640464,Fc1ccc(CN2C=CC=C(C(=O)NCC#Cc3ccc4ncnc(N5CCCC5)c4c3)C2=O)cc1F,7.28
3053,CHEMBL3640465,CNCCCN(C)c1ncnc2ccc(cc12)C#CCNC(=O)C3=CC=CN(Cc4ccc(F)c(F)c4)C3=O,6.96
3054,CHEMBL3640466,CN1CCCN(CC1)c2ncnc3ccc(cc23)C#CCNC(=O)C4=CC=CN(Cc5ccc(F)c(F)c5)C4=O,6.81
3056,CHEMBL3640468,O[C@H]1CCN(C1)c2ncnc3ccc(cc23)C#CCNC(=O)C4=CC=CN(Cc5ccc(F)c(F)c5)C4=O,6.94
3057,CHEMBL3640469,CC(C)(CO)CNc1ncnc2ccc(cc12)C#CCNC(=O)C3=CC=CN(Cc4ccc(F)c(F)c4)C3=O,6.91
3058,CHEMBL3640470,NC(=O)CCNc1ncnc2ccc(cc12)C#CCNC(=O)C3=CC=CN(Cc4ccc(F)c(F)c4)C3=O,7.1
3059,CHEMBL3640471,CN(CCCO)c1ncnc2ccc(cc12)C#CCNC(=O)C3=CC=CN(Cc4ccc(F)c(F)c4)C3=O,7.23
3060,CHEMBL3640472,NC(=O)CNc1ncnc2ccc(cc12)C#CCNC(=O)C3=CC=CN(Cc4ccc(F)c(F)c4)C3=O,7.23
3061,CHEMBL3640473,CC1(CNc2ncnc3ccc(cc23)C#CCNC(=O)C4=CC=CN(Cc5ccc(F)c(F)c5)C4=O)COC1,6.33
3062,CHEMBL3640474,OCC(O)CNc1ncnc2ccc(cc12)C#CCNC(=O)C3=CC=CN(Cc4ccc(F)c(F)c4)C3=O,7.36
3063,CHEMBL3640475,CN1CCC(CNc2ncnc3ccc(cc23)C#CCNC(=O)C4=CC=CN(Cc5ccc(F)c(F)c5)C4=O)C1,7.01
3064,CHEMBL3640476,CN1CCCC1CCNc2ncnc3ccc(cc23)C#CCNC(=O)C4=CC=CN(Cc5ccc(F)c(F)c5)C4=O,6.86
3065,CHEMBL3640477,CN(C)C1CCN(CC1)c2ncnc3ccc(cc23)C#CCNC(=O)C4=CC=CN(Cc5ccc(F)c(F)c5)C4=O,7.13
3066,CHEMBL3640478,CC1(O)CCN(CC1)c2ncnc3ccc(cc23)C#CCNC(=O)C4=CC=CN(Cc5ccc(F)c(F)c5)C4=O,7.22
3067,CHEMBL3640479,CN(C)c1ncnc2ccc(cc12)C#CCNC(=O)C3=CC=CN(Cc4ccn[nH]4)C3=O,6.16
3069,CHEMBL3640481,CN(Cc1cnn(c1)c2ccc(F)cc2)c3ncnc4ccc(cc34)C#CCNC(=O)C5=CC=CN(Cc6ccc(F)c(F)c6)C5=O,7.4
3070,CHEMBL3640482,COc1cccc(CN(C)c2ncnc3ccc(cc23)C#CCNC(=O)C4=CC=CN(Cc5ccc(F)c(F)c5)C4=O)c1,7.2
3072,CHEMBL3640484,CCN1CCC(CN(C)c2ncnc3ccc(cc23)C#CCNC(=O)C4=CC=CN(Cc5ccc(F)c(F)c5)C4=O)C1,6.93
3074,CHEMBL3640486,CCN(CC)c1ncnc2ccc(cc12)C#CCNC(=O)C3=C(C)N(CCO)N(Cc4ccc(F)c(F)c4)C3=O,7.3
3075,CHEMBL3640487,CN(C)C(=O)CNc1ncnc2ccc(cc12)C#CCNC(=O)C3=CC=CN(Cc4ccc(F)c(F)c4)C3=O,6.74
3076,CHEMBL3640488,CNc1ncnc2ccc(cc12)C#CCNC(=O)C3=CC=CN(Cc4cocc4)C3=O,6.11
3078,CHEMBL3640490,CNc1ncnc2ccc(cc12)C#CCNC(=O)C3=CN=CN(Cc4ccccc4F)C3=O,6.31
3080,CHEMBL3640492,CCN(CC)c1ncnc2ccc(cc12)C#CCNC(=O)C3=CC=CN([C@@H](C)c4ccccc4)C3=O,7.22
3082,CHEMBL3640494,CNc1ncnc2ccc(cc12)C#CCNC(=O)C3=CC(=NN(Cc4ccc(F)c(F)c4)C3=O)NCCN(C)C,6.45
3086,CHEMBL3640498,CONc1ncnc2ccc(cc12)C#CCNC(=O)C3=CN=CN(Cc4ccc(F)c(F)c4)C3=O,7.24
3089,CHEMBL3640501,Fc1ccc(CN2C=NC=C(C(=O)NCC#Cc3ccc4ncnc(c5cn[nH]c5)c4c3)C2=O)cc1F,7.24
3090,CHEMBL3639393,Fc1ccc(CN2C=NC=C(C(=O)NCC#Cc3ccc4ncnc(c5ccccc5)c4c3)C2=O)cc1F,7.24
3091,CHEMBL3640502,Cc1ncnc2ccc(cc12)C#CCNC(=O)C3=CN=CN(Cc4ccc(F)c(F)c4)C3=O,7.01
3092,CHEMBL3640503,Fc1ccc(CN2C=NC=C(C(=O)NCC#Cc3ccc4ncnc(C5=CCNCC5)c4c3)C2=O)cc1F,7.02
3095,CHEMBL3689254,CN(C)C(=O)c1cnc2ccc(C#CCNC(=O)C3=CN=CN(Cc4ccc(F)c(F)c4)C3=O)c(C)c2c1,6.73
3096,CHEMBL3640505,CCN(CC)C(=O)c1cnc2ccc(cc2c1)C#CCNC(=O)C3=CN=CN(Cc4ccc(F)c(F)c4)C3=O,6.0
3097,CHEMBL3640506,CNC(=O)c1cnc2ccc(cc2c1)C#CCNC(=O)C3=CN=CN(Cc4ccc(F)c(F)c4)C3=O,7.35
3098,CHEMBL3640507,Fc1ccc(CN2C=NC=C(C(=O)NCC#Cc3ccc4ncc(cc4c3)C(=O)NC5CC5)C2=O)cc1F,7.51
3101,CHEMBL3640509,CCNC(=O)c1cnc2ccc(cc2c1)C#CCNC(=O)C3=CN=CN(Cc4ccc(F)c(F)c4)C3=O,7.51
3102,CHEMBL3640510,CC(C)NC(=O)c1cnc2ccc(cc2c1)C#CCNC(=O)C3=CN=CN(Cc4ccc(F)c(F)c4)C3=O,7.28
3103,CHEMBL3640511,CCN1CCN(CC1)C(=O)c2cnc3ccc(cc3c2)C#CCNC(=O)C4=CN=CN(Cc5ccc(F)c(F)c5)C4=O,6.4
3104,CHEMBL3640512,CN(C)CCCN(C)C(=O)c1cnc2ccc(cc2c1)C#CCNC(=O)C3=CN=CN(Cc4ccc(F)c(F)c4)C3=O,6.7
3105,CHEMBL3640513,CN1CCCC(C1)NC(=O)c2cnc3ccc(cc3c2)C#CCNC(=O)C4=CN=CN(Cc5ccc(F)c(F)c5)C4=O,7.19
3107,CHEMBL3640515,Fc1ccc(CN2C=NC=C(C(=O)NCC#Cc3ccc4ncc(cc4c3)C(=O)N5CCOCC5)C2=O)cc1F,6.28
3108,CHEMBL3640516,Fc1ccc(CN2C=NC=C(C(=O)NCC#Cc3ccc4ncc(cc4c3)C(=O)N5CCNCC5)C2=O)cc1F,6.54
3109,CHEMBL3640517,CN1CCN(CC1)C(=O)c2cnc3ccc(cc3c2)C#CCNC(=O)C4=CN=CN(Cc5ccc(F)c(F)c5)C4=O,6.39
3110,CHEMBL3640518,COCCN1CCN(CC1)C(=O)c2cnc3ccc(cc3c2)C#CCNC(=O)C4=CN=CN(Cc5ccc(F)c(F)c5)C4=O,6.0
3111,CHEMBL3640519,CN(C)C(=O)c1cnc2ccc(cc2c1)C#CCNC(=O)C3=CN=CN(Cc4ccc(F)c(F)c4)C3=O,6.45
3114,CHEMBL3640522,Fc1ccc(CN2C=NC=C(C(=O)NCC#Cc3ccc4nccc(c5cn[nH]c5)c4c3)C2=O)cc1F,7.46
3115,CHEMBL3640523,Fc1ccc(CN2C=NC=C(C(=O)NCC#Cc3ccc4nccc(C5=CCNCC5)c4c3)C2=O)cc1F,7.07
3117,CHEMBL3640525,Cc1ccnc2ccc(cc12)C#CCNC(=O)C3=CN=CN(Cc4ccc(F)c(F)c4)C3=O,7.25
3120,CHEMBL3640528,CN(C1CCCCC1)c2c(cnc3ccc(cc23)C#CCNC(=O)C4=CC=CN(Cc5ccc(F)c(F)c5)C4=O)C#N,6.26
3121,CHEMBL3640529,Fc1ccc(CN2C=CC=C(C(=O)NCC#Cc3ccc4ncc(C#N)c(NCCc5ccccc5)c4c3)C2=O)cc1F,6.22
3122,CHEMBL3640530,Fc1ccc(CN2C=CC=C(C(=O)NCC#Cc3ccc4ncc(C#N)c(NCC5CCCCC5)c4c3)C2=O)cc1F,5.98
3123,CHEMBL3640531,CN(Cc1ccccc1)c2c(cnc3ccc(cc23)C#CCNC(=O)C4=CC=CN(Cc5ccc(F)c(F)c5)C4=O)C#N,6.74
3124,CHEMBL3640532,CN(CC1CCCCC1)c2c(cnc3ccc(cc23)C#CCNC(=O)C4=CC=CN(Cc5ccc(F)c(F)c5)C4=O)C#N,6.17
3125,CHEMBL3640533,CCN(CC)c1c(cnc2ccc(cc12)C#CCNC(=O)C3=CC=CN(Cc4ccc(F)c(F)c4)C3=O)C#N,6.56
3126,CHEMBL3640534,CC(C)N(C)c1c(cnc2ccc(cc12)C#CCNC(=O)C3=CC=CN(Cc4ccc(F)c(F)c4)C3=O)C#N,6.83
3127,CHEMBL3640535,Fc1ccc(CN2C=CC=C(C(=O)NCC#Cc3ccc4ncc(C#N)c(NCc5ccccc5)c4c3)C2=O)cc1F,6.06
3128,CHEMBL3640536,CCN(C)c1c(cnc2ccc(cc12)C#CCNC(=O)C3=CC=CN(Cc4ccc(F)c(F)c4)C3=O)C#N,7.11
3129,CHEMBL3640537,CC(C)Nc1c(cnc2ccc(cc12)C#CCNC(=O)C3=CC=CN(Cc4ccc(F)c(F)c4)C3=O)C#N,6.83
3130,CHEMBL3640538,CNc1c(cnc2ccc(cc12)C#CCNC(=O)C3=CC=CN(Cc4ccc(F)c(F)c4)C3=O)C#N,7.34
3131,CHEMBL3640539,CN(CCc1ccccc1)c2c(cnc3ccc(cc23)C#CCNC(=O)C4=CC=CN(Cc5ccc(F)c(F)c5)C4=O)C#N,6.38
3132,CHEMBL3596523,Oc1c(Cl)cc(cc1NC(=S)NC(=O)c2ccccc2)[N+](=O)[O-],4.18
3134,CHEMBL3596524,Cc1cc(C)cc(c1)C(=O)NC(=S)Nc2cc(ccc2O)[N+](=O)[O-],4.09
3135,CHEMBL3693949,Cc1cc(C)cc(c1)C(=O)NC(=S)Nc2cc(ccc2O)c3ccccc3,4.28
3139,CHEMBL3735078,CS(=O)(=O)Nc1ccc2NC(=O)\C(=C/c3cccs3)\c2c1,5.17
3140,CHEMBL3736436,CS(=O)(=O)Nc1ccc2NC(=O)\C(=C/c3cnc[nH]3)\c2c1,6.51
3141,CHEMBL3091673,COc1cc2CCN(CC(=O)Nc3ccc4NC(=O)\C(=C/c5cnc[nH]5)\c4c3)Cc2cc1OC,6.0
3158,CHEMBL1614712,Nc1ncnc2c1c(cn2[C@@H]3C[C@H](CN4CCC4)C3)c5cccc(OCc6ccccc6)c5,5.05
3159,CHEMBL3787614,Nc1ncnc2c1c(cn2[C@@H]3C[C@H](CN4CCC4)C3)c5cccc(OC[C@@H]6CCCO6)c5,5.03
3160,CHEMBL3787112,Nc1ncnc2c1c(cn2[C@@H]3C[C@H](CN4CCC4)C3)c5cccc(O)c5,5.09
3162,CHEMBL3786167,CC(=O)N1CCN(CC1)[C@@H]2C[C@@H](C2)n3cc(c4cccc(OC[C@@H]5CCCO5)c4F)c6c(N)ncnc36,5.17
3170,CHEMBL405665,Nc1nccc(n1)c2c[nH]c3ncccc23,5.23
3175,CHEMBL3814512,CSc1nn(C(=O)N)c(N)c1C(=O)N,4.77
3176,CHEMBL3815097,COc1ccc2[nH]c(nc2c1)c3cc[nH]n3,4.03
3177,CHEMBL1779261,Nc1nc2c3ccccc3nc(c4ccccc4)n2n1,4.22
3178,CHEMBL2042885,Oc1ccc(cc1)c2n[nH]c3cc(O)ccc23,5.17
3179,CHEMBL3799935,Nc1ncc(cc1c2nc3ccccc3[nH]2)c4ccccc4,5.96
3180,CHEMBL44541,Nc1nccc(n1)c2c[nH]c3ccc(Br)cc23,4.92
3189,CHEMBL3814391,CCc1cc(nc(N)n1)c2c[nH]c3ncccc23,5.92
3190,CHEMBL3814350,CCCc1cc(nc(N)n1)c2c[nH]c3ncccc23,5.75
3191,CHEMBL3814929,CCCCCc1cc(nc(N)n1)c2c[nH]c3ncccc23,5.66
3192,CHEMBL3814554,NCCCc1cc(nc(N)n1)c2c[nH]c3ncccc23,6.41
3193,CHEMBL3813908,NCCCCc1cc(nc(N)n1)c2c[nH]c3ncccc23,6.0
3194,CHEMBL3814704,CCc1cc(nc(N)n1)c2c[nH]c3ncc(Br)cc23,6.32
3195,CHEMBL3813962,CCc1cc(nc(N)n1)c2c[nH]c3ncc(cc23)c4ccccc4,5.46
3196,CHEMBL3814357,CCc1cc(nc(N)n1)c2c[nH]c3ncc(cc23)c4cccnc4,6.3
3197,CHEMBL3813886,CCc1cc(nc(N)n1)c2c[nH]c3ncc(cc23)c4ccncc4,6.35
3198,CHEMBL3814154,CCc1cc(nc(N)n1)c2c[nH]c3ncc(cc23)c4ccc(N)nc4,6.77
3199,CHEMBL3814317,CCc1cc(nc(N)n1)c2c[nH]c3ncc(cc23)c4occc4,6.92
3201,CHEMBL3814539,CCc1cc(nc(N)n1)c2c[nH]c3ncc(cc23)c4ccn[nH]4,6.59
3202,CHEMBL3814785,CCc1cc(nc(N)n1)c2c[nH]c3ncc(cc23)c4cnn(C)c4,7.07
3203,CHEMBL3813849,CCc1cc(nc(N)n1)c2c[nH]c3ncc(cc23)c4ccnn4C,5.62
3204,CHEMBL3814343,CCc1cc(nc(N)n1)c2c[nH]c3ncc(cc23)c4c(C)nn(C)c4C,5.57
3205,CHEMBL3814770,CCc1cc(nc(N)n1)c2c[nH]c3ncc(cc23)c4cnn(CCN(C)C)c4,7.09
3207,CHEMBL3813933,CCc1cc(nc(N)n1)c2c[nH]c3ncc(cc23)c4cnn(CC(C)C)c4,6.96
3238,CHEMBL50498,Nc1nccc(n1)c2c[nH]c3cccc(O)c23,5.27
3246,CHEMBL3823622,Fc1ccc(CN2C=CC=C(C(=O)N[C@@H](C(=O)Nc3ccc4NC(=O)\C(=C/c5ncc[nH]5)\c4c3)c6ccccc6)C2=O)cc1F,5.82
3247,CHEMBL3823844,Fc1ccc(CN2C=CC=C(C(=O)N[C@@H](C(=O)Nc3ccc4NC(=O)\C(=C/c5cnc[nH]5)\c4c3)c6ccccc6)C2=O)cc1F,6.38
3248,CHEMBL3824119,Fc1ccc(CN2C=CC=C(C(=O)NCC(=O)Nc3ccc4NC(=O)\C(=C/c5cnc[nH]5)\c4c3)C2=O)cc1F,6.95
3249,CHEMBL3822974,Fc1ccc(CN2C=CC=C(C(=O)NCC(=O)Nc3ccc4NC(=O)Cc4c3)C2=O)cc1F,5.18
3250,CHEMBL3824264,Fc1ccc(CN2C=CC=C(C(=O)Nc3ccc4NC(=O)\C(=C/c5cnc[nH]5)\c4c3)C2=O)cc1F,6.29
