,molecule_chembl_id,canonical_smiles,pchembl_value
0,CHEMBL3681776,COc1cc(c2cnn(CCC(=O)O)c2)c3c4ccccc4C(O)(c3c1)C(F)(F)F,7.54
1,CHEMBL3681792,Cc1cc(c2cnn(CCCCC(=O)O)c2)c3c4ccccc4C(O)(c3c1)C(F)(F)F,7.55
2,CHEMBL3681654,Cn1cc(cn1)c2cc(OCCCO)cc3c2c4ccccc4C3(O)C(F)(F)F,7.55
3,CHEMBL3681844,CC(C)(C)CCc1cc(c2cnn(c2)C(CO)CO)c3c4ccccc4C(O)(c3c1)C(F)(F)F,7.57
4,CHEMBL3681727,Cc1cc(c2cnn(CCCC(=O)O)c2)c3c4ccccc4C(O)(c3c1)C(F)(F)F,7.57
5,CHEMBL3681737,OC(=O)C1(CCCC1)n2cc(cn2)c3cc(F)cc4c3c5ccccc5C4(O)C(F)(F)F,7.57
6,CHEMBL3681773,CC(=O)c1cc(cc2c1c3ccccc3C2(O)C(F)(F)F)c4cnn(CCO)c4,7.59
7,CHEMBL3681656,CN(C)C(=O)CCOc1cc(c2cnn(C)c2)c3c4ccccc4C(O)(c3c1)C(F)(F)F,7.59
8,CHEMBL3681672,CN(CCOc1cc(c2cnn(C)c2)c3c4ccccc4C(O)(c3c1)C(F)(F)F)C(=O)C(C)(C)C,7.59
9,CHEMBL3681702,Cc1cc(c2cnn(CC(=O)N)c2)c3c4ccccc4C(O)(c3c1)C(F)(F)F,7.59
10,CHEMBL3681726,Cc1cc(c2cnn(CCC(=O)O)c2)c3c4ccccc4C(O)(c3c1)C(F)(F)F,7.59
11,CHEMBL3681777,COc1cc(c2cnn(CCCC(=O)O)c2)c3c4ccccc4C(O)(c3c1)C(F)(F)F,7.6
12,CHEMBL3681833,C\C=C\c1cc(c2cnn(c2)C(CO)CO)c3c4ccccc4C(O)(c3c1)C(F)(F)F,7.6
13,CHEMBL3671676,Cc1cc(cc2c1c3ccccc3C2(O)C(F)(F)F)C(=O)N4CCC4,7.6
14,CHEMBL3676752,OCCCCCOc1cc(c2cncnc2)c3c4ccccc4C(O)(c3c1)C(F)(F)F,7.6
15,CHEMBL3676774,OCCCCOc1cc(c2cncnc2)c3c4ccccc4C(O)(c3c1)C(F)(F)F,7.6
16,CHEMBL3676772,Cn1cc(cn1)c2cc(OCCCCO)cc3c2c4ccccc4C3(O)C(F)(F)F,7.62
17,CHEMBL3681681,OCCn1cc(cn1)c2cc(OCCN3CCCC3=O)cc4c2c5ccccc5C4(O)C(F)(F)F,7.62
18,CHEMBL3681830,CC(C)Cc1cc(c2cnn(c2)C(CO)CO)c3c4ccccc4C(O)(c3c1)C(F)(F)F,7.64
19,CHEMBL3681765,CC(CCOc1cc(c2cnn(C)c2)c3c4ccccc4C(O)(c3c1)C(F)(F)F)C(=O)O,7.64
20,CHEMBL3676768,CN(CCOc1cc(c2cncnc2)c3c4ccccc4C(O)(c3c1)C(F)(F)F)C(=O)C,7.64
21,CHEMBL3676770,CN(CCOc1cc(c2cncnc2)c3c4ccccc4C(O)(c3c1)C(F)(F)F)C(=O)CO,7.64
22,CHEMBL3681692,OCCn1cc(cn1)c2cc(OCC(=O)N3CCC3)cc4c2c5ccccc5C4(O)C(F)(F)F,7.64
23,CHEMBL3681847,CC(CO)(CO)n1cc(cn1)c2cc(F)cc3c2c4ccccc4C3(O)C(F)(F)F,7.66
24,CHEMBL3639805,CN(CCOc1cc(c2cnn(C)c2)c3c4ccccc4C(O)(c3c1)C(F)(F)F)C(=O)C(C)(C)CO,7.66
25,CHEMBL3676758,Cn1cc(cn1)c2cc(OCCN3CCCC3=O)cc4c2c5ccccc5C4(O)C(F)(F)F,7.66
26,CHEMBL3681732,OC1(Cn2cc(cn2)c3cc(F)cc4c3c5ccccc5C4(O)C(F)(F)F)CCCCC1,7.66
27,CHEMBL3681783,OCC(CO)n1cc(cn1)c2cc(F)cc3c2c4ccccc4C3(O)C(F)(F)F,7.66
28,CHEMBL3681770,CCOc1cc(c2cnn(CCCC(=O)O)c2)c3c4ccccc4C(O)(c3c1)C(F)(F)F,7.68
29,CHEMBL3681775,CCn1cc(cn1)c2cc(C(=O)C)c3c4ccccc4C(O)(c3c2)C(F)(F)F,7.68
30,CHEMBL3676769,CN(CCOc1cc(c2cnn(C)c2)c3c4ccccc4C(O)(c3c1)C(F)(F)F)C(=O)C,7.68
31,CHEMBL3676771,CN(CCOc1cc(c2cnn(C)c2)c3c4ccccc4C(O)(c3c1)C(F)(F)F)C(=O)CO,7.68
32,CHEMBL3681768,OCCn1cc(cn1)c2cc(c3cnn(CCO)c3)c4c5ccccc5C(O)(c4c2)C(F)(F)F,7.68
33,CHEMBL3681754,OC[C@H](O)Cn1cc(cn1)c2cc(F)cc3c2c4ccccc4C3(O)C(F)(F)F,7.68
34,CHEMBL3676633,CC(C)(C)C(=O)N1CCN(CC1)c2cc(c3cccnc3)c4c5ccccc5C(O)(c4c2)C(F)(F)F,7.7
35,CHEMBL3681722,CCn1cc(cn1)c2cc(C(=O)N)c3c4ccccc4C(O)(c3c2)C(F)(F)F,7.7
36,CHEMBL3681742,CCn1cc(cn1)c2cc(OCCCC(=O)O)cc3c2c4ccccc4C3(O)C(F)(F)F,7.7
37,CHEMBL3676773,CN(C)C(=O)CCCOc1cc(c2cnn(C)c2)c3c4ccccc4C(O)(c3c1)C(F)(F)F,7.7
38,CHEMBL3681674,Cn1cc(cn1)c2cc(OCC(=O)N3CC(O)C3)cc4c2c5ccccc5C4(O)C(F)(F)F,7.7
39,CHEMBL3681687,OC1(c2ccccc2c3c(cc(OCCN4CCCC4=O)cc13)c5cn[nH]c5)C(F)(F)F,7.7
40,CHEMBL3681854,OCC(CO)(CO)n1cc(cn1)c2cc(F)cc3c2c4ccccc4C3(O)C(F)(F)F,7.7
41,CHEMBL3681700,OCCn1cc(cn1)c2cc(F)cc3c2c4ccccc4C3(O)C(F)(F)F,7.7
42,CHEMBL3681675,OCCn1cc(cn1)c2cc(cc3c2c4ccccc4C3(O)C(F)(F)F)C(=O)N5CCCC5,7.7
43,CHEMBL3681769,CCOc1cc(c2cnn(CCC(=O)O)c2)c3c4ccccc4C(O)(c3c1)C(F)(F)F,7.72
44,CHEMBL3676775,CN(C)C(=O)CCCOc1cc(c2cncnc2)c3c4ccccc4C(O)(c3c1)C(F)(F)F,7.72
45,CHEMBL3686492,Cc1cc(c2cnn(c2)C(CO)(CO)CO)c3c4ccccc4C(O)(c3c1)C(F)(F)F,7.72
46,CHEMBL3681791,Cc1cc(c2cnn(c2)C(CO)CO)c3c4ccccc4C(O)(c3c1)C(F)(F)F,7.72
47,CHEMBL3681641,Cn1cc(cn1)c2cc(OCC(=O)N3CC(CO)C3)cc4c2c5ccccc5C4(O)C(F)(F)F,7.72
48,CHEMBL3681651,Cn1cc(cn1)c2cc(OCCCC(=O)O)cc3c2c4ccccc4C3(O)C(F)(F)F,7.72
49,CHEMBL3681767,Cn1cc(cn1)c2cc(c3cnn(C)c3)c4c5ccccc5C(O)(c4c2)C(F)(F)F,7.72
50,CHEMBL3681741,CC(C)n1cc(cn1)c2cc(OCCCC(=O)O)cc3c2c4ccccc4C3(O)C(F)(F)F,7.75
51,CHEMBL3681842,Cc1cc(c2cnn(CC(CO)CO)c2)c3c4ccccc4C(O)(c3c1)C(F)(F)F,7.75
52,CHEMBL3681668,Cn1cc(cn1)c2cc(OCC(=O)N)cc3c2c4ccccc4C3(O)C(F)(F)F,7.75
53,CHEMBL3681761,Cn1cc(cn1)c2cc(OCCCc3nnn[nH]3)cc4c2c5ccccc5C4(O)C(F)(F)F,7.75
54,CHEMBL3681676,NC(=O)COc1cc(c2cnn(CCO)c2)c3c4ccccc4C(O)(c3c1)C(F)(F)F,7.75
55,CHEMBL3681753,OC[C@@H](O)Cn1cc(cn1)c2cc(F)cc3c2c4ccccc4C3(O)C(F)(F)F,7.75
56,CHEMBL3681832,CC(C)(C)Cn1cc(cn1)c2cc(CO)c3c4ccccc4C(O)(c3c2)C(F)(F)F,7.77
57,CHEMBL3681688,Cc1cc(c2cnn(CCO)c2)c3c4ccccc4C(O)(c3c1)C(F)(F)F,7.77
58,CHEMBL3676634,Cn1cc(cn1)c2cc(Cl)cc3c2c4ccccc4C3(O)C(F)(F)F,7.77
59,CHEMBL3681740,Cn1cc(cn1)c2cc(OCCCCC(=O)O)cc3c2c4ccccc4C3(O)C(F)(F)F,7.77
60,CHEMBL3681733,OCC1(CCCCC1)n2cc(cn2)c3cc(F)cc4c3c5ccccc5C4(O)C(F)(F)F,7.77
61,CHEMBL3681845,OCc1cc(cc2c1c3ccccc3C2(O)C(F)(F)F)c4cnn(CC5CCCCC5)c4,7.77
62,CHEMBL3681829,CC(C)(C)Cn1cc(cn1)c2cc(C(=O)N)c3c4ccccc4C(O)(c3c2)C(F)(F)F,7.8
63,CHEMBL3681710,CNC(=O)Cn1cc(cn1)c2cc(F)cc3c2c4ccccc4C3(O)C(F)(F)F,7.8
64,CHEMBL3681728,Cn1cc(cn1)c2cc(OCCC34CC5CC(CC(O)(C5)C3)C4)cc6c2c7ccccc7C6(O)C(F)(F)F,7.8
65,CHEMBL3681736,OCC1(CCCC1)n2cc(cn2)c3cc(F)cc4c3c5ccccc5C4(O)C(F)(F)F,7.8
66,CHEMBL3681843,CC(=Cc1cc(c2cnn(c2)C(CO)CO)c3c4ccccc4C(O)(c3c1)C(F)(F)F)C,7.82
67,CHEMBL3681707,CNC(=O)Cn1cc(cn1)c2cc(C)cc3c2c4ccccc4C3(O)C(F)(F)F,7.82
68,CHEMBL3681734,Cc1cc(c2cnn(c2)C3(CO)CCCC3)c4c5ccccc5C(O)(c4c1)C(F)(F)F,7.82
69,CHEMBL3681729,NC(=O)Cn1cc(cn1)c2cc(OCCC34CC5CC(CC(O)(C5)C3)C4)cc6c2c7ccccc7C6(O)C(F)(F)F,7.82
70,CHEMBL3681841,NC(=O)c1cc(cc2c1c3ccccc3C2(O)C(F)(F)F)c4cnn(CC5CCCCC5)c4,7.82
71,CHEMBL3681730,OCCn1cc(cn1)c2cc(OCCC34CC5CC(CC(O)(C5)C3)C4)cc6c2c7ccccc7C6(O)C(F)(F)F,7.82
72,CHEMBL3681809,OCCCCOc1cc(c2cnn(CCO)c2)c3c4ccccc4C(O)(c3c1)C(F)(F)F,7.85
73,CHEMBL3673093,Cn1cc(cn1)c2cc(OCC(C)(C)O)cc3c2c4ccccc4[C@]3(O)C(F)(F)F,8.13
74,CHEMBL3673094,CC(C)(O)COc1cc(c2cnn(CCO)c2)c3c4ccccc4[C@@](O)(c3c1)C(F)(F)F,8.17
75,CHEMBL3673095,CC(C)(C(=O)N)n1cc(cn1)c2cc(F)cc3c2c4ccccc4[C@]3(O)C(F)(F)F,8.29
76,CHEMBL3673092,NC(=O)Cn1cc(cn1)c2cc(OCCC34CC5CC(CC(O)(C5)C3)C4)cc6c2c7ccccc7[C@]6(O)C(F)(F)F,8.29
77,CHEMBL3673096,CC(C)(O)CCOc1cc(c2cnn(c2)C(C)(C)C(=O)N)c3c4ccccc4[C@@](O)(c3c1)C(F)(F)F,8.31
78,CHEMBL3673097,CC(C)(O)CCCOc1cc(c2cnn(c2)C(C)(C)C(=O)N)c3c4ccccc4[C@@](O)(c3c1)C(F)(F)F,8.38
