,molecule_chembl_id,canonical_smiles,pchembl_value
0,CHEMBL3689280,CN1CCC(CC1)Oc2ccnc3ccc(cc23)C#CCNC(=O)C4=CN=CN(Cc5ccc(F)c(F)c5)C4=O,7.54
1,CHEMBL267837,NS(=O)(=O)c1ccc2NC(=O)\C(=C(\c3ccccc3)/c4ccc[nH]4)\c2c1,7.54
2,CHEMBL3644694,Fc1ccc(CN2C=NC=C(C(=O)NCC#Cc3ccc4ncc5ncn([C@H]6CCNC6)c5c4c3)C2=O)cc1F,7.55
3,CHEMBL3644718,CC(C)n1c(C)nc2cnc3ccc(cc3c12)C#CCNC(=O)C4=CC=CN(CC5CCCC5)C4=O,7.57
4,CHEMBL3640527,CN(C)c1c(cnc2ccc(cc12)C#CCNC(=O)C3=CC=CN(Cc4ccc(F)c(F)c4)C3=O)C#N,7.57
5,CHEMBL3689186,CNc1cnc2ccc(cc2n1)C#CCNC(=O)C3=CN=CN(Cc4ccc(F)c(F)c4)C3=O,7.57
6,CHEMBL3823242,OP(=O)(O)OC[C@H]1[C@@H](OCc2ccccc2)[C@@H](OP(=O)(O)O)[C@H](OP(=O)(O)O)[C@@H](OP(=O)(O)O)[C@@H]1OP(=O)(O)O,7.58
7,CHEMBL2332032,OP(=O)(O)O[C@H]1[C@H](OCc2ccccc2)[C@H](OP(=O)(O)O)[C@H](OP(=O)(O)O)[C@@H](OP(=O)(O)O)[C@@H]1OP(=O)(O)O,7.58
8,CHEMBL2207217,Brc1cnc(Nc2cccc(NC(=O)N3CCCC3)c2)nc1NCCCNC(=O)c4cccs4,7.59
9,CHEMBL3640441,CN(C)c1ncnc2ccc(cc12)C#CCNC(=O)C3=CN=CN(Cc4ccc(F)c(F)c4)C3=O,7.59
10,CHEMBL3644685,CN1CC[C@H](C1)n2cnc3cnc4ccc(cc4c23)C#CCNC(=O)C5=CN=CN(Cc6ccc(F)c(F)c6)C5=O,7.59
11,CHEMBL572235,COc1cc2ncc3c(N)nc(cc3c2cc1OC)c4cncc(N)c4,7.59
12,CHEMBL3689300,Fc1ccc(CN2C=NC=C(C(=O)NCC#Cc3ccc4nccc(OCC5CCOCC5)c4c3)C2=O)cc1F,7.59
13,CHEMBL1765748,CC(C)(C)OC(=O)N[C@@H]1CCCN(C1)c2cc(nc(N)n2)c3ccc4c(N)n[nH]c4c3,7.6
14,CHEMBL3689267,CN(C)CCOc1ccnc2ccc(cc12)C#CCNC(=O)C3=CC=CN(Cc4ccc(F)c(F)c4)C3=O,7.6
15,CHEMBL3640520,CN1CCC(C1)NC(=O)c2cnc3ccc(cc3c2)C#CCNC(=O)C4=CN=CN(Cc5ccc(F)c(F)c5)C4=O,7.62
16,CHEMBL1765743,CNc1nc(cc(n1)c2ccc3c(N)n[nH]c3c2)N4C[C@H](OC[C@H]4C)C(=O)NC5CCCCC5,7.62
17,CHEMBL3647290,COCCc1nc2cnc3ccc(cc3c2n1C)C#CCNC(=O)C4=CN=CN(Cc5ccc(F)c(F)c5)C4=O,7.62
18,CHEMBL585339,COc1cc2ncc3c(N)nc(cc3c2cc1OC)c4cncc(Nc5ccccc5CCO)c4,7.62
19,CHEMBL3652562,COc1ccc(cc1)N(C[C@H](O)CO)c2cc(nc(N)n2)c3c[nH]c4ncc(cc34)c5cnn(C)c5,7.62
20,CHEMBL3640526,Cc1n[nH]cc1c2ccnc3ccc(cc23)C#CCNC(=O)C4=CN=CN(Cc5ccc(F)c(F)c5)C4=O,7.62
21,CHEMBL3689258,CN(C)CCCN(C)c1ccnc2ccc(cc12)C#CCNC(=O)C3=CN=CN(Cc4ccc(F)c(F)c4)C3=O,7.64
22,CHEMBL3689283,Fc1ccc(CN2C=CC=C(C(=O)NCC#Cc3ccc4nccc(OC5CCNCC5)c4c3)C2=O)cc1F,7.64
23,CHEMBL3689256,Fc1ccc(CN2C=NC=C(C(=O)NCC#Cc3ccc4ncc(OC5CCNCC5)cc4c3)C2=O)cc1F,7.64
24,CHEMBL3652591,CC(=O)NCCCN(c1ccccc1)c2cc(nc(N)n2)c3c[nH]c4ncc(cc34)c5cnn(C)c5,7.66
25,CHEMBL3647299,CN(C)CCc1nc2cnc3ccc(cc3c2n1C)C#CCNC(=O)C4=CN=CN(Cc5ccc(F)c(F)c5)C4=O,7.66
26,CHEMBL1765751,C[C@@H]1C[C@H](CN(C1)c2cc(nc(N)n2)c3ccc4c(N)n[nH]c4c3)N(C)C(=O)CC(C)(C)C,7.66
27,CHEMBL3640549,CC(=C)c1cnc2ccc(cc2n1)C#CCNC(=O)C3=CN=CN(Cc4ccc(F)c(F)c4)C3=O,7.68
28,CHEMBL3640467,CC(=O)N[C@@H]1CCN(C1)c2ncnc3ccc(cc23)C#CCNC(=O)C4=CC=CN(Cc5ccc(F)c(F)c5)C4=O,7.68
29,CHEMBL3644731,CC(C)N1CCC(CC1)n2c(C)nc3cnc4ccc(cc4c23)C#CCNC(=O)C5=CC=NN(Cc6ccc(F)c(F)c6)C5=O,7.68
30,CHEMBL3689206,CC(C)Nc1cnc2ccc(cc2n1)C#CCNC(=O)C3=CN=CN(Cc4ccc(F)c(F)c4)C3=O,7.68
31,CHEMBL3689199,CN(C1CCN(C)CC1)c2cnc3ccc(cc3n2)C#CCNC(=O)C4=CN=CN(Cc5ccc(F)c(F)c5)C4=O,7.68
32,CHEMBL3689253,CNC(=O)c1cnc2ccc(C#CCNC(=O)C3=CN=CN(Cc4ccc(F)c(F)c4)C3=O)c(C)c2c1,7.68
33,CHEMBL1095285,COc1cc2ncc3c(N)nc(cc3c2cc1OC)c4cncc(OC[C@H](N)Cc5cccc(c5)C(F)(F)F)c4,7.68
34,CHEMBL3639880,O[C@@H]1CC[C@H](CC1)Nc2cnc3ccc(cc3n2)C#CCNC(=O)C4=CN=CN(Cc5ccc(F)c(F)c5)C4=O,7.68
35,CHEMBL3640504,CN(C)CCCNC(=O)c1cnc2ccc(cc2c1)C#CCNC(=O)C3=CN=CN(Cc4ccc(F)c(F)c4)C3=O,7.7
36,CHEMBL3640514,CN1CC(C1)NC(=O)c2cnc3ccc(cc3c2)C#CCNC(=O)C4=CN=CN(Cc5ccc(F)c(F)c5)C4=O,7.7
37,CHEMBL3644742,CN1CC[C@H](C1)n2cnc3cnc4ccc(cc4c23)C#CCNC(=O)C5=CC=CN(Cc6ccc(F)c(F)c6)C5=O,7.7
38,CHEMBL1765876,Nc1nc(Nc2ccccc2)cc(n1)c3ccc4c(N)n[nH]c4c3,7.7
39,CHEMBL1614774,Nc1nc(cc(n1)c2ccc3c(N)[nH]nc3c2)N4CCO[C@@H](C4)C(=O)Nc5ccccc5,7.7
40,CHEMBL1765750,CNc1nc(cc(n1)c2ccc3c(N)n[nH]c3c2)N4C[C@H](C)C[C@H](C4)N(C)C(=O)OC(C)(C)C,7.72
41,CHEMBL3647291,Cn1c(CF)nc2cnc3ccc(cc3c12)C#CCNC(=O)C4=CN=CN(Cc5ccc(F)c(F)c5)C4=O,7.72
42,CHEMBL3640521,Fc1ccc(CN2C=NC=C(C(=O)NCC#Cc3ccc4nccc(c5cc[nH]c5)c4c3)C2=O)cc1F,7.72
43,CHEMBL3644686,CN1CC[C@@H](C1)n2cnc3cnc4ccc(cc4c23)C#CCNC(=O)C5=CN=CN(Cc6ccc(F)c(F)c6)C5=O,7.75
44,CHEMBL1094637,COc1cc2ncc3c(N)nc(cc3c2cc1OC)c4cncc(OC[C@H](N)CC(C)C)c4,7.75
45,CHEMBL3647296,COc1nc2cnc3ccc(cc3c2n1C)C#CCNC(=O)C4=CN=CN(Cc5ccc(F)c(F)c5)C4=O,7.75
46,CHEMBL442229,NC(=O)Nc1ccc2NC(=O)\C(=C/c3ccc[nH]3)\c2c1,7.75
47,CHEMBL3644738,OCCn1cnc2cnc3ccc(cc3c12)C#CCNC(=O)C4=CC=CN(Cc5ccc(F)c(F)c5)C4=O,7.75
48,CHEMBL3644728,OC[C@@H](N1C=CC=C(C(=O)NCC#Cc2ccc3ncc4ncn(C5CCNC5)c4c3c2)C1=O)c6ccccc6,7.75
49,CHEMBL3652572,CC(C)n1cc(cn1)c2cnc3[nH]cc(c4cc(nc(N)n4)N(CCO)c5ccccc5Cl)c3c2,7.77
50,CHEMBL3689190,CN(C)CCSc1cnc2ccc(cc2n1)C#CCNC(=O)C3=CN=CN(Cc4ccc(F)c(F)c4)C3=O,7.77
51,CHEMBL1095294,COc1cc2ncc3c(N)nc(cc3c2cc1OC)c4cncc(OC[C@H](N)Cc5ccccc5)c4,7.77
52,CHEMBL3689313,C[C@H](N1C=CC=C(C(=O)NCC#Cc2ccc3nccc(OC[C@@H]4CCCN(CCN5CCOCC5)C4)c3c2)C1=O)c6cc(F)c(F)c(F)c6,7.77
53,CHEMBL3652589,Cn1cc(cn1)c2cnc3[nH]cc(c4cc(nc(N)n4)N(CCC(=O)N)c5ccccc5)c3c2,7.77
54,CHEMBL3652568,CN(c1ccccc1)c2cc(nc(N)n2)c3c[nH]c4ncc(cc34)c5cnn(C)c5,7.78
55,CHEMBL3644714,CC(C)n1c(C)nc2cnc3ccc(cc3c12)C#CCNC(=O)C4=CC=CN([C@@H](CN)c5ccccc5)C4=O,7.8
56,CHEMBL3689299,CN(C)CCCOc1ccnc2ccc(cc12)C#CCNC(=O)C3=CC=NN(Cc4ccc(F)c(F)c4)C3=O,7.8
57,CHEMBL3644687,CN(C)CCCn1cnc2cnc3ccc(cc3c12)C#CCNC(=O)C4=CN=CN(Cc5ccc(F)c(F)c5)C4=O,7.8
58,CHEMBL3640442,CN(Cc1ccccc1)c2ncnc3ccc(cc23)C#CCNC(=O)C4=CN=CN(Cc5ccc(F)c(F)c5)C4=O,7.8
59,CHEMBL3640499,CON(C)c1ncnc2ccc(cc12)C#CCNC(=O)C3=CN=CN(Cc4ccc(F)c(F)c4)C3=O,7.8
60,CHEMBL1614776,C[C@H]1CC[C@H](CN1c2cc(nc(N)n2)c3ccc4c(N)[nH]nc4c3)NC(=O)OC(C)(C)C,7.8
61,CHEMBL3644692,Fc1ccc(CN2C=NC=C(C(=O)NCC#Cc3ccc4ncc5ncn(C6CCNC6)c5c4c3)C2=O)cc1F,7.8
62,CHEMBL3644715,CC(C)n1c(C)nc2cnc3ccc(cc3c12)C#CCNC(=O)C4=CC=CN(CC5C[C@@H]6CC[C@H]5C6)C4=O,7.82
63,CHEMBL3689257,CN(C)CCCOc1ccnc2ccc(cc12)C#CCNC(=O)C3=CN=CN(Cc4ccc(F)c(F)c4)C3=O,7.82
64,CHEMBL3644730,CN(C)[C@@H]1CC[C@@H](CC1)n2cnc3cnc4ccc(cc4c23)C#CCNC(=O)C5=CC(=NN(Cc6ccc(F)c(F)c6)C5=O)C,7.82
65,CHEMBL3640485,CN(c1ccccc1)c2ncnc3ccc(cc23)C#CCNC(=O)C4=CN=CN(Cc5ccc(F)c(F)c5)C4=O,7.82
66,CHEMBL1240703,CO[C@@H]1[C@@H](C[C@H]2O[C@]1(C)n3c4ccccc4c5c6[C@H](O)NC(=O)c6c7c8ccccc8n2c7c35)N(C)C(=O)c9ccccc9,7.82
67,CHEMBL1097604,COc1cc2ncc3c(N)nc(cc3c2cc1OC)c4cncc(OC[C@H](N)Cc5c[nH]c6ccccc56)c4,7.82
68,CHEMBL1095622,COc1cc2ncc3c(N)nc(cc3c2cc1OC)c4cncc(OC[C@H](N)Cc5ccc(F)cc5)c4,7.82
69,CHEMBL3689282,Fc1ccc(CN2C=NC=C(C(=O)NCC#Cc3ccc4nccc(OC5CCNCC5)c4c3)C2=O)cc1F,7.82
70,CHEMBL3644711,CC(C)n1c(C)nc2cnc3ccc(cc3c12)C#CCNC(=O)C4=CC=CN(CC5CCCCC5)C4=O,7.85
71,CHEMBL234811,CC\C(=C/1\C(=O)Nc2ccc(cc12)S(=O)(=O)N)\c3ccc[nH]3,7.85
72,CHEMBL3689269,CN1CCN(CCCOc2ccnc3ccc(cc23)C#CCNC(=O)C4=CN=CN(Cc5ccc(F)c(F)c5)C4=O)CC1,7.85
73,CHEMBL3640500,CNc1ncnc2ccc(cc12)C#CCNC(=O)C3=CC=CN([C@H](CO)c4ccccc4)C3=O,7.85
74,CHEMBL1094321,COc1cc2ncc3c(N)nc(cc3c2cc1OC)c4cncc(OC[C@@H](N)CC(C)C)c4,7.85
75,CHEMBL3647293,Cn1c(CCO)nc2cnc3ccc(cc3c12)C#CCNC(=O)C4=CN=CN(Cc5ccc(F)c(F)c5)C4=O,7.85
76,CHEMBL3640524,Fc1ccc(CN2C=NC=C(C(=O)NCC#Cc3ccc4nccc(C5=CCCNC5)c4c3)C2=O)cc1F,7.85
77,CHEMBL3644725,CCN1CCC(CC1)n2c(C)nc3cnc4ccc(cc4c23)C#CCNC(=O)C5=CC(=NN(Cc6ccc(F)c(F)c6)C5=O)C,7.89
78,CHEMBL3813865,CCc1cc(nc(N)n1)c2c[nH]c3ncc(cc23)c4cn[nH]c4,7.89
79,CHEMBL3689271,CN(C)CC(C)(C)COc1ccnc2ccc(cc12)C#CCNC(=O)C3=CN=CN(Cc4ccc(F)c(F)c4)C3=O,7.89
80,CHEMBL3640457,CN(C1CC1)c2ncnc3ccc(cc23)C#CCNC(=O)C4=CN=CN(Cc5ccc(F)c(F)c5)C4=O,7.89
81,CHEMBL1098302,COc1cc2ncc3c(N)nc(cc3c2cc1OC)c4cncc(OC[C@@H](N)Cc5cccc(c5)C(F)(F)F)c4,7.89
82,CHEMBL3652561,Cn1cc(cn1)c2cnc3[nH]cc(c4cc(nc(N)n4)N(CCO)c5ccccc5)c3c2,7.89
83,CHEMBL3652569,CCN(c1ccccc1)c2cc(nc(N)n2)c3c[nH]c4ncc(cc34)c5cnn(C)c5,7.92
84,CHEMBL3689262,CN(C)CCCOc1ccnc2ccc(cc12)C#CCNC(=O)C3=CC=CN(Cc4ccc(F)c(F)c4)C3=O,7.92
85,CHEMBL3640508,CN1CCC(CC1)NC(=O)c2cnc3ccc(cc3c2)C#CCNC(=O)C4=CN=CN(Cc5ccc(F)c(F)c5)C4=O,7.92
86,CHEMBL3640438,CNc1ncnc2ccc(cc12)C#CCNC(=O)C3=CN=CN(Cc4ccc(F)c(F)c4)C3=O,7.92
87,CHEMBL3689298,OCC(N1C=CC=C(C(=O)NCC#Cc2ccc3nccc(OCC4CCOC4)c3c2)C1=O)c5ccc(F)c(F)c5,7.92
88,CHEMBL3644690,CC(C)N1CCC(CC1)n2cnc3cnc4ccc(cc4c23)C#CCNC(=O)C5=CN=CN(Cc6ccc(F)c(F)c6)C5=O,7.96
89,CHEMBL3639881,CCOc1ccnc2ccc(cc12)C#CCNC(=O)C3=CC=CN(C(CO)c4ccc(F)c(F)c4)C3=O,7.96
90,CHEMBL3640542,CN(C)CCCNc1cnc2ccc(C#CCNC(=O)C3=CN=CN(Cc4ccc(F)c(F)c4)C3=O)c(C)c2n1,7.96
91,CHEMBL3644743,CN1CC[C@@H](C1)n2cnc3cnc4ccc(cc4c23)C#CCNC(=O)C5=CC(=NN(Cc6ccc(F)c(F)c6)C5=O)Cl,7.96
92,CHEMBL3652578,COCC(O)CN(c1ccccc1)c2cc(nc(N)n2)c3c[nH]c4ncc(cc34)c5cnn(C)c5,7.96
93,CHEMBL3689214,NC1CCC(C1)Nc2cnc3ccc(cc3n2)C#CCNC(=O)C4=CN=CN(Cc5ccc(F)c(F)c5)C4=O,7.96
94,CHEMBL3689309,OCC(N1C=CC=C(C(=O)NCC#Cc2ccc3nccc(OCC4CCOCC4)c3c2)C1=O)c5ccc(F)c(F)c5,7.96
95,CHEMBL3644688,CN1CCC[C@H](C1)n2cnc3cnc4ccc(cc4c23)C#CCNC(=O)C5=CN=CN(Cc6ccc(F)c(F)c6)C5=O,8.0
96,CHEMBL1765740,CNc1nc(cc(n1)c2ccc3c(N)n[nH]c3c2)N4C[C@H](CC[C@H]4C)C(=O)NC5CCCCC5,8.0
97,CHEMBL3640495,CNc1ncnc2ccc(cc12)C#CCNC(=O)C3=CC(=NN(Cc4ccc(F)c(F)c4)C3=O)Cl,8.0
98,CHEMBL232177,NC(=O)Nc1ccc2NC(=O)\C(=C(\c3ccncc3)/c4ccc[nH]4)\c2c1,8.0
99,CHEMBL3652566,CN(c1cc(nc(N)n1)c2c[nH]c3ncc(cc23)c4cnn(C)c4)c5ccccc5F,8.01
100,CHEMBL3640496,CNc1ncnc2ccc(cc12)C#CCNC(=O)C3=CC(=NN(Cc4ccc(F)c(F)c4)C3=O)OC,8.05
101,CHEMBL3689247,COCCN1CCC(CC1)Nc2cnc3ccc(cc3c2)C#CCNC(=O)C4=CC=CN([C@@H](C)c5ccc(F)c(F)c5)C4=O,8.05
102,CHEMBL3689219,COCCN1CCC(CC1)Nc2cnc3ccc(cc3n2)C#CCNC(=O)C4=CC=CN(Cc5ccc(F)c(F)c5)C4=O,8.05
103,CHEMBL1097973,COc1cc2ncc3c(N)nc(cc3c2cc1OC)c4cncc(OC[C@@H](N)Cc5ccncc5)c4,8.05
104,CHEMBL3689227,Fc1ccc(CN2C=CC=C(C(=O)NCC#Cc3ccc4ncc(NC5CCN(CC5)C6COC6)nc4c3)C2=O)cc1F,8.05
105,CHEMBL3644691,Fc1ccc(CN2C=NC=C(C(=O)NCC#Cc3ccc4ncc5ncn([C@H]6CCCNC6)c5c4c3)C2=O)cc1F,8.05
106,CHEMBL391101,NC(=O)Nc1ccc2NC(=O)\C(=C(\c3cccc(N)c3)/c4ccc[nH]4)\c2c1,8.05
107,CHEMBL3652588,Cn1cc(cn1)c2cnc3[nH]cc(c4cc(nc(N)n4)N(CCCN)c5ccccc5)c3c2,8.06
108,CHEMBL3644723,CC(C)N1CCC(CC1)n2c(C)nc3cnc4ccc(cc4c23)C#CCNC(=O)C5=CC=CN(Cc6ccc(F)c(F)c6)C5=O,8.1
109,CHEMBL3644696,CC(C)n1c(C)nc2cnc3ccc(cc3c12)C#CCNC(=O)C4=CC=CN(Cc5ccccc5)C4=O,8.1
110,CHEMBL3640480,CCN(CC)c1ncnc2ccc(cc12)C#CCNC(=O)C3=CC(=NN(Cc4ccc(F)c(F)c4)C3=O)Cl,8.1
111,CHEMBL3640491,CCN(CC)c1ncnc2ccc(cc12)C#CCNC(=O)C3=CC=CN(C(C)c4ccc(F)c(F)c4)C3=O,8.1
112,CHEMBL3689215,CCN1CC[C@@H](Nc2cnc3ccc(cc3n2)C#CCNC(=O)C4=CN=CN(Cc5ccc(F)c(F)c5)C4=O)[C@@H](F)C1,8.1
113,CHEMBL3647295,CCc1nc2cnc3ccc(cc3c2n1C)C#CCNC(=O)C4=CN=CN(Cc5ccc(F)c(F)c5)C4=O,8.1
114,CHEMBL3689203,CN1CCC(CC1)Nc2cnc3ccc(cc3n2)C#CCNC(=O)C4=CC=CN([C@H](CO)c5ccccc5)C4=O,8.1
115,CHEMBL3640541,CNc1ncnc2ccc(C#CCNC(=O)C3=CC=CN(Cc4ccc(F)c(F)c4)C3=O)c(C)c12,8.1
116,CHEMBL3640497,CNc1ncnc2ccc(cc12)C#CCNC(=O)C3=CC=CN([C@@H](C)c4ccc(F)c(F)c4)C3=O,8.1
117,CHEMBL3689243,COCCN1CCC(CC1)Nc2cnc3ccc(cc3c2)C#CCNC(=O)C4=CC=CN(Cc5ccc(F)c(F)c5)C4=O,8.1
118,CHEMBL3689223,COCCN1CCC(CC1)Nc2cnc3ccc(cc3n2)C#CCNC(=O)C4=CC=NN(Cc5ccc(F)c(F)c5)C4=O,8.1
119,CHEMBL1096271,COc1cc2ncc3c(N)nc(cc3c2cc1OC)c4cncc(OC[C@@H](N)Cc5cccc(Cl)c5)c4,8.1
120,CHEMBL1097602,COc1cc2ncc3c(N)nc(cc3c2cc1OC)c4cncc(OC[C@@H](N)Cc5ccccc5)c4,8.1
121,CHEMBL1095931,COc1cc2ncc3c(N)nc(cc3c2cc1OC)c4cncc(OC[C@@H](N)Cc5ccccc5Cl)c4,8.1
122,CHEMBL1765739,C[C@@H]1CC[C@@H](CN1c2cc(nc(N)n2)c3ccc4c(N)n[nH]c4c3)C(=O)NC5CCCCC5,8.1
123,CHEMBL3689228,C[C@H](N1C=CC=C(C(=O)NCC#Cc2ccc3ncc(NC4CCN(CC4)C5COC5)nc3c2)C1=O)c6ccc(F)c(F)c6,8.1
124,CHEMBL3644760,Cc1nc2cnc3ccc(cc3c2n1C)C#CCNC(=O)C4=CN=CN(Cc5ccc(F)c(F)c5)C4=O,8.1
125,CHEMBL3652586,Cn1cc(cn1)c2cnc3[nH]cc(c4cc(nc(N)n4)N(CCC#N)c5ccccc5)c3c2,8.1
126,CHEMBL3689194,Fc1ccc(CN2C=NC=C(C(=O)NCC#Cc3ccc4ncc(NC5CCN(CC5)C6CC6)nc4c3)C2=O)cc1F,8.1
127,CHEMBL3644693,Fc1ccc(CN2C=NC=C(C(=O)NCC#Cc3ccc4ncc5ncn(C6CCNCC6)c5c4c3)C2=O)cc1F,8.1
128,CHEMBL3689224,Fc1ccc(CN2N=CC=C(C(=O)NCC#Cc3ccc4ncc(NC5CCN(CC5)C6COC6)nc4c3)C2=O)cc1F,8.1
129,CHEMBL3652567,CN(c1cc(nc(N)n1)c2c[nH]c3ncc(cc23)c4cnn(C)c4)c5ccccc5Cl,8.12
130,CHEMBL3644727,CC(C)N1CCC(CC1)n2cnc3cnc4ccc(cc4c23)C#CCNC(=O)C5=CC=CN(Cc6ccc(F)c(F)c6)C5=O,8.16
131,CHEMBL3689216,CCN1CCC(CC1)Nc2cnc3ccc(cc3n2)C#CCNC(=O)C4=CC=CN(Cc5ccc(F)c(F)c5)C4=O,8.16
132,CHEMBL3652585,COCCN(c1cc(nc(N)n1)c2c[nH]c3ncc(cc23)c4cnn(C)c4)c5ccccc5Cl,8.16
133,CHEMBL3644734,Cc1nc2cnc3ccc(cc3c2n1CCc4ccccc4)C#CCNC(=O)C5=CC(=NN(Cc6ccc(F)c(F)c6)C5=O)Cl,8.16
134,CHEMBL3689230,Fc1ccc(CN2N=CC=C(C(=O)NCC#Cc3ccc4ncc(N[C@@H]5CC[C@H](CC5)N6CCOCC6)nc4c3)C2=O)cc1F,8.16
135,CHEMBL3689235,OC[C@@H](N1C=CC=C(C(=O)NCC#Cc2ccc3ncc(N[C@@H]4CC[C@H](CC4)N5CCN(CC6CC6)CC5)nc3c2)C1=O)c7ccccc7,8.16
136,CHEMBL3644749,OC[C@H](N1C=CC=C(C(=O)NCC#Cc2ccc3ncc4ncn(C5CCOC5)c4c3c2)C1=O)c6cccc(F)c6,8.16
137,CHEMBL3652581,Cn1cc(cn1)c2cnc3[nH]cc(c4cc(nc(N)n4)N(CCO)c5ccc(F)cc5F)c3c2,8.19
138,CHEMBL1765744,CC[C@@H]1CO[C@@H](CN1c2cc(nc(NC)n2)c3ccc4c(N)n[nH]c4c3)C(=O)NC5CCCCC5,8.2
139,CHEMBL1614777,C[C@@H]1C[C@H](CN(C1)c2cc(nc(N)n2)c3ccc4c(N)[nH]nc4c3)NC(=O)OC(C)(C)C,8.2
140,CHEMBL3689307,CCN(CC)CCCOc1ccnc2ccc(cc12)C#CCNC(=O)C3=CN=CN(Cc4ccc(F)c(F)c4)C3=O,8.22
141,CHEMBL3640493,CCN(CC)c1ncnc2ccc(cc12)C#CCNC(=O)C3=CC=CN([C@H](CO)c4ccccc4)C3=O,8.22
142,CHEMBL3689193,CCN1CCC(CC1)Nc2cnc3ccc(cc3n2)C#CCNC(=O)C4=CN=CN(Cc5ccc(F)c(F)c5)C4=O,8.22
143,CHEMBL1097956,CC[C@H](N)COc1cncc(c1)c2cc3c(cnc4cc(OC)c(OC)cc34)c(N)n2,8.22
144,CHEMBL3647298,CN(C)CCCc1nc2cnc3ccc(cc3c2n1C)C#CCNC(=O)C4=CN=CN(Cc5ccc(F)c(F)c5)C4=O,8.22
145,CHEMBL3640483,CN(Cc1cccc2ncccc12)c3ncnc4ccc(cc34)C#CCNC(=O)C5=CC=CN(Cc6ccc(F)c(F)c6)C5=O,8.22
146,CHEMBL3644726,CN1CCC(CC1)n2c(C)nc3cnc4ccc(cc4c23)C#CCNC(=O)C5=CC=CN(Cc6ccc(F)c(F)c6)C5=O,8.22
147,CHEMBL3689306,CN1CC[C@@H](COc2ccnc3ccc(cc23)C#CCNC(=O)C4=CC=CN(Cc5cc(F)c(F)c(F)c5)C4=O)C1,8.22
148,CHEMBL1095612,COc1cc2ncc3c(N)nc(cc3c2cc1OC)c4cncc(OC[C@@H](N)Cc5c[nH]c6ccccc56)c4,8.22
149,CHEMBL1097972,COc1cc2ncc3c(N)nc(cc3c2cc1OC)c4cncc(OC[C@@H](N)Cc5ccc(Cl)c(Cl)c5)c4,8.22
150,CHEMBL1095279,COc1cc2ncc3c(N)nc(cc3c2cc1OC)c4cncc(OC[C@H](C)N)c4,8.22
151,CHEMBL3640489,COc1ccc(CN(C)c2ncnc3ccc(cc23)C#CCNC(=O)C4=CC=CN(Cc5ccc(F)c(F)c5)C4=O)cc1,8.22
152,CHEMBL228654,C\C(=C/1\C(=O)Nc2ccc(NC(=O)N)cc12)\c3ccc[nH]3,8.22
153,CHEMBL388978,CN[C@@H]1C[C@H]2O[C@@](C)([C@@H]1OC)n3c4ccccc4c5c6CNC(=O)c6c7c8ccccc8n2c7c35,8.28
154,CHEMBL3644708,CC(C)n1c(C)nc2cnc3ccc(cc3c12)C#CCNC(=O)C4=C(C)N(C)N(C(C)c5ccc(F)c(F)c5)C4=O,8.3
155,CHEMBL3644709,CC(C)n1c(C)nc2cnc3ccc(cc3c12)C#CCNC(=O)C4=C(C)N(C)N(Cc5ccc(F)c(F)c5)C4=O,8.3
156,CHEMBL3644698,CC(C)n1c(C)nc2cnc3ccc(cc3c12)C#CCNC(=O)C4=CC(=NN(Cc5ccc(F)c(F)c5)C4=O)Cl,8.3
157,CHEMBL3644706,CCC1=C(C(=O)NCC#Cc2ccc3ncc4nc(C)n(C(C)C)c4c3c2)C(=O)N(Cc5ccc(F)c(F)c5)N1C,8.3
158,CHEMBL3644761,CCOC1=NN(Cc2ccc(F)c(F)c2)C(=O)C(=C1)C(=O)NCC#Cc3ccc4ncc5ncn(C(C)C)c5c4c3,8.3
159,CHEMBL3689297,CN(C)CCCCOc1ccnc2ccc(cc12)C#CCNC(=O)C3=CN=CN(Cc4ccc(F)c(F)c4)C3=O,8.3
160,CHEMBL3689296,CN(C)CCCOc1ccnc2ccc(cc12)C#CCNC(=O)C3=CC=CN(Cc4cc(F)c(F)c(F)c4)C3=O,8.3
161,CHEMBL3689213,CN(C)[C@@H]1CC[C@H](CC1)Nc2cnc3ccc(cc3n2)C#CCNC(=O)C4=CN=CN(Cc5ccc(F)c(F)c5)C4=O,8.3
162,CHEMBL3689202,CN1CCC(CC1)Nc2cnc3ccc(cc3n2)C#CCNC(=O)C4=CC=CN(Cc5ccc(F)c(F)c5)C4=O,8.3
163,CHEMBL3689270,CN1CCCC(COc2ccnc3ccc(cc23)C#CCNC(=O)C4=CC=CN(Cc5ccc(F)c(F)c5)C4=O)C1,8.3
164,CHEMBL3644748,CN1N(Cc2ccc(F)c(F)c2)C(=O)C(=C1C)C(=O)NCC#Cc3ccc4ncc5nc(C)n(C6CCOCC6)c5c4c3,8.3
165,CHEMBL3689208,COCCN1CCC(CC1)Nc2cnc3ccc(cc3n2)C#CCNC(=O)C4=CN=CN(Cc5ccc(F)c(F)c5)C4=O,8.3
166,CHEMBL1095278,COc1cc2ncc3c(N)nc(cc3c2cc1OC)c4cncc(OCCN)c4,8.3
167,CHEMBL1765741,C[C@@H]1CO[C@@H](CN1c2cc(nc(N)n2)c3ccc4c(N)n[nH]c4c3)C(=O)Nc5ccccc5,8.3
168,CHEMBL3652582,Cn1cc(cn1)c2cnc3[nH]cc(c4cc(nc(N)n4)N(CCO)c5ccccc5F)c3c2,8.3
169,CHEMBL3652583,Cn1cc(cn1)c2cnc3[nH]cc(c4cc(nc(N)n4)N5CCOc6ccccc56)c3c2,8.3
170,CHEMBL3644757,Cn1cnc2cnc3ccc(cc3c12)C#CCNC(=O)C4=CN=CN(Cc5ccc(F)c(F)c5)C4=O,8.3
171,CHEMBL3689234,OC[C@@H](N1C=CC=C(C(=O)NCC#Cc2ccc3ncc(N[C@@H]4CC[C@H](CC4)N5CCOCC5)nc3c2)C1=O)c6cccc(F)c6,8.3
172,CHEMBL3689229,OC[C@@H](N1C=CC=C(C(=O)NCC#Cc2ccc3ncc(N[C@@H]4CC[C@H](CC4)N5CCOCC5)nc3c2)C1=O)c6ccccc6,8.3
173,CHEMBL3639514,Cn1cc(cn1)c2cnc3[nH]cc(c4cc(nc(N)n4)N(CCC(=O)O)c5ccccc5Cl)c3c2,8.32
174,CHEMBL3652573,Cn1cc(cn1)c2cnc3[nH]cc(c4cc(nc(N)n4)N(CCO)c5ccccc5Cl)c3c2,8.33
175,CHEMBL3689305,CC(N1C=CC=C(C(=O)NCC#Cc2ccc3nccc(OC[C@H]4CCN(C)C4)c3c2)C1=O)c5cc(F)c(F)c(F)c5,8.4
176,CHEMBL3689240,CCN1CCC(CC1)Nc2cnc3ccc(cc3c2)C#CCNC(=O)C4=CN=CN(Cc5ccc(F)c(F)c5)C4=O,8.4
177,CHEMBL3689217,CCN1CC[C@H](Nc2cnc3ccc(cc3n2)C#CCNC(=O)C4=CN=CN(Cc5ccc(F)c(F)c5)C4=O)[C@H](F)C1,8.4
178,CHEMBL3644699,CCOC1=NN(Cc2ccc(F)c(F)c2)C(=O)C(=C1)C(=O)NCC#Cc3ccc4ncc5nc(C)n(C(C)C)c5c4c3,8.4
179,CHEMBL3644752,CN(C)[C@@H]1CC[C@@H](CC1)n2c(C)nc3cnc4ccc(cc4c23)C#CCNC(=O)C5=CC=CN([C@@H](CO)c6cccc(F)c6)C5=O,8.4
180,CHEMBL3689191,CN1CCC(CC1)Nc2cnc3ccc(cc3n2)C#CCNC(=O)C4=CN=CN(Cc5ccc(F)c(F)c5)C4=O,8.4
181,CHEMBL3689246,COCCN1CCC(CC1)Nc2cnc3ccc(cc3c2)C#CCNC(=O)C4=CC=CN([C@@H](CO)c5ccc(F)c(F)c5)C4=O,8.4
182,CHEMBL3689242,COCCN1CCC(CC1)Nc2cnc3ccc(cc3c2)C#CCNC(=O)C4=CN=CN(Cc5ccc(F)c(F)c5)C4=O,8.4
183,CHEMBL3689222,COCCN1CCC(CC1)Nc2cnc3ccc(cc3n2)C#CCNC(=O)C4=CC=CN([C@@H](C)c5ccc(F)c(F)c5)C4=O,8.4
184,CHEMBL3689225,COCCN1CCC(CC1)Nc2cnc3ccc(cc3n2)C#CCNC(=O)C4=CC=CN([C@H](CO)c5cccc(F)c5)C4=O,8.4
185,CHEMBL3644736,Fc1ccc(CN2C=CC=C(C(=O)NCC#Cc3ccc4ncc5nc[nH]c5c4c3)C2=O)cc1F,8.4
186,CHEMBL3689316,Fc1ccc(CN2C=CC=C(C(=O)NCC#Cc3ccc4nccc(OC[C@@H]5CCCNC5)c4c3)C2=O)cc1F,8.4
187,CHEMBL3644682,Fc1ccc(CN2C=NC=C(C(=O)NCC#Cc3ccc4ncc5ncn(C6CCC6)c5c4c3)C2=O)cc1F,8.4
188,CHEMBL3644681,OCCn1cnc2cnc3ccc(cc3c12)C#CCNC(=O)C4=CN=CN(Cc5ccc(F)c(F)c5)C4=O,8.4
189,CHEMBL3689233,OC[C@@H](N1C=CC=C(C(=O)NCC#Cc2ccc3ncc(NC4CCN(CC4)C5COC5)nc3c2)C1=O)c6cccc(F)c6,8.4
190,CHEMBL603469,C[C@]12O[C@H](C[C@]1(O)CO)n3c4ccccc4c5c6C(=O)NCc6c7c8ccccc8n2c7c35,8.47
191,CHEMBL1765742,CC[C@@H]1CO[C@@H](CN1c2cc(nc(NC)n2)c3ccc4c(N)n[nH]c4c3)C(=O)Nc5ccccc5,8.5
192,CHEMBL1614775,C[C@@H]1CC[C@@H](CN1c2cc(nc(N)n2)c3ccc4c(N)[nH]nc4c3)C(=O)Nc5ccccc5,8.5
193,CHEMBL3644724,CC(C)N1CCC(CC1)n2c(C)nc3cnc4ccc(cc4c23)C#CCNC(=O)C5=CC=CN([C@@H](C)c6ccc(F)c(F)c6)C5=O,8.52
194,CHEMBL3689315,CC(C)N1CCC[C@@H](COc2ccnc3ccc(cc23)C#CCNC(=O)C4=CC=CN(Cc5ccc(F)c(F)c5)C4=O)C1,8.52
195,CHEMBL3689295,CC(N1C=CC=C(C(=O)NCC#Cc2ccc3nccc(OC[C@@H]4CCN(C)C4)c3c2)C1=O)c5cc(F)c(F)c(F)c5,8.52
196,CHEMBL3689304,CC(N1C=CC=C(C(=O)NCC#Cc2ccc3nccc(OC[C@H]4CCN(C)C4)c3c2)C1=O)c5ccc(F)c(F)c5,8.52
197,CHEMBL1094320,CC[C@@H](N)COc1cncc(c1)c2cc3c(cnc4cc(OC)c(OC)cc34)c(N)n2,8.52
198,CHEMBL232176,CC\C(=C/1\C(=O)Nc2ccc(NC(=O)N)cc12)\c3ccc[nH]3,8.52
199,CHEMBL3644754,CN(C)[C@@H]1CC[C@@H](CC1)n2cnc3cnc4ccc(cc4c23)C#CCNC(=O)C5=CC=CN([C@@H](CO)c6cccc(F)c6)C5=O,8.52
200,CHEMBL3644751,CN(C)[C@@H]1CC[C@H](CC1)n2c(C)nc3cnc4ccc(cc4c23)C#CCNC(=O)C5=CC=CN([C@@H](CO)c6cccc(F)c6)C5=O,8.52
201,CHEMBL3689211,CN1CCC(CC1)Nc2cnc3ccc(cc3n2)C#CCNC(=O)C4=CC=CN([C@@H](CO)c5ccc(F)c(F)c5)C4=O,8.52
202,CHEMBL3689218,COCCN1CCC(CC1)Nc2cnc3ccc(cc3n2)C#CCNC(=O)C4=CC=CN([C@@H](CO)c5ccc(F)c(F)c5)C4=O,8.52
203,CHEMBL1097955,COc1cc2ncc3c(N)nc(cc3c2cc1OC)c4cncc(OC[C@@H](C)N)c4,8.52
204,CHEMBL1095621,COc1cc2ncc3c(N)nc(cc3c2cc1OC)c4cncc(OC[C@@H](N)Cc5ccc(F)cc5)c4,8.52
205,CHEMBL3689312,Fc1cc(CN2C=CC=C(C(=O)NCC#Cc3ccc4nccc(OC[C@@H]5CCCN(CCN6CCOCC6)C5)c4c3)C2=O)cc(F)c1F,8.52
206,CHEMBL3689226,Fc1ccc(CN2C=NC=C(C(=O)NCC#Cc3ccc4ncc(NC5CCN(CC5)C6COC6)nc4c3)C2=O)cc1F,8.52
207,CHEMBL3689198,Fc1ccc(CN2C=NC=C(C(=O)NCC#Cc3ccc4ncc(NC5CCNCC5)nc4c3)C2=O)cc1F,8.52
208,CHEMBL3689212,Fc1ccc(CN2C=NC=C(C(=O)NCC#Cc3ccc4ncc(N[C@@H]5CC[C@H](CC5)N6CCN(CC7CC7)CC6)nc4c3)C2=O)cc1F,8.52
209,CHEMBL3689291,Fc1ccc(CN2C=NC=C(C(=O)NCC#Cc3ccc4nccc(OCC5CCNC5)c4c3)C2=O)cc1F,8.52
210,CHEMBL3689205,N[C@@H]1CC[C@H](CC1)Nc2cnc3ccc(cc3n2)C#CCNC(=O)C4=CN=CN(Cc5ccc(F)c(F)c5)C4=O,8.52
211,CHEMBL3640540,OCCN1CCC(CC1)Nc2cnc3ccc(cc3n2)C#CCNC(=O)C4=CN=CN(Cc5ccc(F)c(F)c5)C4=O,8.52
212,CHEMBL1940249,CC(C)n1cc(C(=O)c2cncc(N[C@@H]3CNC[C@@H]3c4ccc(F)cc4)n2)c5c(N)ncnc15,8.6
213,CHEMBL3644729,CC(C)N1CCC(CC1)n2cnc3cnc4ccc(cc4c23)C#CCNC(=O)C5=CC=CN([C@@H](C)c6ccc(F)c(F)c6)C5=O,8.7
214,CHEMBL3644695,CC(C)n1c(C)nc2cnc3ccc(cc3c12)C#CCNC(=O)C4=CC(=NN([C@H](C)c5ccc(F)c(F)c5)C4=O)C,8.7
215,CHEMBL3644697,CC(C)n1c(C)nc2cnc3ccc(cc3c12)C#CCNC(=O)C4=CC=CN(Cc5ccc(F)c(F)c5)C4=O,8.7
216,CHEMBL3644722,CC(C)n1c(C)nc2cnc3ccc(cc3c12)C#CCNC(=O)C4=CC=CN([C@@H](CN)c5ccc(F)c(F)c5)C4=O,8.7
217,CHEMBL3644713,CC(C)n1c(C)nc2cnc3ccc(cc3c12)C#CCNC(=O)C4=CC=CN([C@@H](CO)c5ccccc5)C4=O,8.7
218,CHEMBL3644703,CC(C)n1c(C)nc2cnc3ccc(cc3c12)C#CCNC(=O)C4=CC=CN([C@H](CO)c5ccc(F)c(F)c5)C4=O,8.7
219,CHEMBL3644704,CC(C)n1c(C)nc2cnc3ccc(cc3c12)C#CCNC(=O)C4=CN=CN(Cc5ccc(F)c(F)c5)C4=O,8.7
220,CHEMBL1940245,CC(C)n1cc(C(=O)c2cncc(N[C@@H]3CCC[C@@H]3c4ccccc4)n2)c5c(N)ncnc15,8.7
221,CHEMBL3639436,CC(C)n1cnc2cnc3ccc(cc3c12)C#CCNC(=O)C4=CN=CN(Cc5ccc(F)c(F)c5)C4=O,8.7
222,CHEMBL3689293,CC(N1C=CC=C(C(=O)NCC#Cc2ccc3nccc(OCCCN(C)C)c3c2)C1=O)c4ccc(F)c(F)c4,8.7
223,CHEMBL3689311,CC(N1C=CC=C(C(=O)NCC#Cc2ccc3nccc(OC[C@@H]4CCCN(C)C4)c3c2)C1=O)c5cc(F)c(F)c(F)c5,8.7
224,CHEMBL3689241,CCN1CCC(CC1)Nc2cnc3ccc(cc3c2)C#CCNC(=O)C4=CC=CN(Cc5ccc(F)c(F)c5)C4=O,8.7
225,CHEMBL3689245,CCN1CCC(CC1)Nc2cnc3ccc(cc3c2)C#CCNC(=O)C4=CC=CN([C@H](CO)c5cccc(F)c5)C4=O,8.7
226,CHEMBL3689221,CCN1CCC(CC1)Nc2cnc3ccc(cc3n2)C#CCNC(=O)C4=CN=CN([C@@H](C)c5ccc(F)c(F)c5)C4=O,8.7
227,CHEMBL3644759,CCn1c(C)nc2cnc3ccc(cc3c12)C#CCNC(=O)C4=CN=CN(Cc5ccc(F)c(F)c5)C4=O,8.7
228,CHEMBL3689294,CN(C)CCCOc1ccnc2ccc(cc12)C#CCNC(=O)C3=CC=CN(C(CO)c4ccc(F)c(F)c4)C3=O,8.7
229,CHEMBL3644689,CN1CCC(CC1)n2cnc3cnc4ccc(cc4c23)C#CCNC(=O)C5=CN=CN(Cc6ccc(F)c(F)c6)C5=O,8.7
230,CHEMBL3689314,CN1CCC[C@@H](COc2ccnc3ccc(cc23)C#CCNC(=O)C4=CC=CN(C(CO)c5cc(F)c(F)c(F)c5)C4=O)C1,8.7
231,CHEMBL3689310,CN1CCC[C@@H](COc2ccnc3ccc(cc23)C#CCNC(=O)C4=CC=CN(Cc5cc(F)c(F)c(F)c5)C4=O)C1,8.7
232,CHEMBL3689303,CN1CC[C@H](COc2ccnc3ccc(cc23)C#CCNC(=O)C4=CC=CN(Cc5cc(F)c(F)c(F)c5)C4=O)C1,8.7
233,CHEMBL3689201,C[C@@H](N1C=CC=C(C(=O)NCC#Cc2ccc3ncc(NC4CCN(C)CC4)nc3c2)C1=O)c5ccc(F)c(F)c5,8.7
234,CHEMBL3644733,C[C@H](N1C=CC=C(C(=O)NCC#Cc2ccc3ncc4nc(C)n(C5CCN(C)CC5)c4c3c2)C1=O)c6ccc(F)c(F)c6,8.7
235,CHEMBL3644755,Cc1nc2cnc3ccc(cc3c2n1C4CCCOC4)C#CCNC(=O)C5=CN=CN(Cc6ccc(F)c(F)c6)C5=O,8.7
236,CHEMBL3689210,Fc1ccc(CN2C=NC=C(C(=O)NCC#Cc3ccc4ncc(N[C@@H]5CC[C@H](CC5)N6CCOCC6)nc4c3)C2=O)cc1F,8.7
237,CHEMBL3689292,Fc1ccc(CN2C=NC=C(C(=O)NCC#Cc3ccc4nccc(OCC5CCCNC5)c4c3)C2=O)cc1F,8.7
238,CHEMBL3689232,Fc1ccc(CN2N=CC=C(C(=O)NCC#Cc3ccc4ncc(N[C@@H]5CC[C@H](CC5)N6CCN(CC7CC7)CC6)nc4c3)C2=O)cc1F,8.7
239,CHEMBL3644683,OCCCn1cnc2cnc3ccc(cc3c12)C#CCNC(=O)C4=CN=CN(Cc5ccc(F)c(F)c5)C4=O,8.7
240,CHEMBL3689231,OC[C@@H](N1C=CC=C(C(=O)NCC#Cc2ccc3ncc(N[C@@H]4CC[C@H](CC4)N5CCN(CC6CC6)CC5)nc3c2)C1=O)c7cccc(F)c7,8.7
241,CHEMBL1765738,CNc1nc(cc(n1)c2ccc3c(N)n[nH]c3c2)N4C[C@H](CC[C@H]4C)C(=O)Nc5ccccc5,8.8
242,CHEMBL1940252,CC(C)n1cc(C(=O)c2cncc(N[C@@H]3CCN([C@@H]3c4ccc(F)cc4)C(=O)C)n2)c5c(N)ncnc15,8.85
243,CHEMBL1940253,CC(C)n1cc(C(=O)c2cncc(N[C@@H]3CCN([C@@H]3c4ccccc4)C(=O)C)n2)c5c(N)ncnc15,8.85
244,CHEMBL1940248,CC(C)n1cc(C(=O)c2cncc(N[C@@H]3CCO[C@@H]3c4ccc(F)cc4)n2)c5c(N)ncnc15,8.89
245,CHEMBL3644710,CC(C)n1c(C)nc2cnc3ccc(cc3c12)C#CCNC(=O)C4=CC=CN([C@@H](C)c5ccc(F)c(F)c5)C4=O,9.0
246,CHEMBL3644700,CC(C)n1c(C)nc2cnc3ccc(cc3c12)C#CCNC(=O)C4=CC=CN([C@H](CO)c5cccc(F)c5)C4=O,9.0
247,CHEMBL1940250,CC(C)n1cc(C(=O)c2cncc(N[C@@H]3CCN[C@@H]3c4ccc(F)cc4)n2)c5c(N)ncnc15,9.0
248,CHEMBL3689244,CCN1CCC(CC1)Nc2cnc3ccc(cc3c2)C#CCNC(=O)C4=CC=CN([C@@H](C)c5ccc(F)c(F)c5)C4=O,9.0
249,CHEMBL3689220,CCN1CCC(CC1)Nc2cnc3ccc(cc3n2)C#CCNC(=O)C4=CC=CN([C@@H](CO)c5ccc(F)c(F)c5)C4=O,9.0
250,CHEMBL3644758,CCn1cnc2cnc3ccc(cc3c12)C#CCNC(=O)C4=CN=CN(Cc5ccc(F)c(F)c5)C4=O,9.0
251,CHEMBL3644753,CN(C)[C@@H]1CC[C@H](CC1)n2cnc3cnc4ccc(cc4c23)C#CCNC(=O)C5=CC=CN([C@@H](CO)c6cccc(F)c6)C5=O,9.0
252,CHEMBL3689239,CN1CCC(CC1)Nc2cnc3ccc(cc3c2)C#CCNC(=O)C4=CN=CN(Cc5ccc(F)c(F)c5)C4=O,9.0
253,CHEMBL3644741,CN1CCC(CC1)n2cnc3cnc4ccc(cc4c23)C#CCNC(=O)C5=CC(=NN(Cc6ccc(F)c(F)c6)C5=O)Cl,9.0
254,CHEMBL3644712,COC1=NN(Cc2ccc(F)c(F)c2)C(=O)C(=C1)C(=O)NCC#Cc3ccc4ncc5nc(C)n(C(C)C)c5c4c3,9.0
255,CHEMBL3644732,C[C@H](N1C=CC=C(C(=O)NCC#Cc2ccc3ncc4nc(C)n([C@@H]5CC[C@@H](CC5)N(C)C)c4c3c2)C1=O)c6ccc(F)c(F)c6,9.0
256,CHEMBL3644750,C[C@H](N1C=CC=C(C(=O)NCC#Cc2ccc3ncc4nc(C)n([C@@H]5CC[C@H](CC5)N(C)C)c4c3c2)C1=O)c6ccc(F)c(F)c6,9.0
257,CHEMBL1234429,Fc1ccc(CN2C=CC=C(C(=O)N[C@@H](COc3ccc4NC(=O)Nc4c3)c5ccccc5)C2=O)cc1F,9.0
258,CHEMBL3644680,Fc1ccc(CN2C=NC=C(C(=O)NCC#Cc3ccc4ncc5nc[nH]c5c4c3)C2=O)cc1F,9.0
259,CHEMBL1940247,CC(C)n1cc(C(=O)c2cncc(n2)N(C)[C@@H]3CCC[C@@H]3c4ccc(F)cc4)c5c(N)ncnc15,9.05
260,CHEMBL1940251,CC(C)n1cc(C(=O)c2cncc(N[C@@H]3CCN(C=O)[C@@H]3c4ccc(F)cc4)n2)c5c(N)ncnc15,9.16
261,CHEMBL1940246,CC(C)n1cc(C(=O)c2cncc(N[C@@H]3CCC[C@@H]3c4ccc(F)cc4)n2)c5c(N)ncnc15,9.22
262,CHEMBL1938415,CC(C)n1cc(C(=O)c2cncc(N[C@@H]3COC[C@@H]3c4ccc(F)cc4)n2)c5c(N)ncnc15,9.22
