,molecule_chembl_id,canonical_smiles,pchembl_value
0,CHEMBL3729175,CCNc1nc2cc(Cl)c(cc2nc1NCC)C#CC3CC3,7.72
1,CHEMBL3731002,CCNc1nc2cc(C#CCCO)c(Cl)cc2nc1NCCCN3CCN(C)CC3,7.8
2,CHEMBL3731664,CCNc1nc2cc(Cl)c(cc2nc1NCc3cccnc3)C#N,7.82
3,CHEMBL3732725,CCNc1nc2cc(Cl)c(cc2nc1NCC)C#C,7.92
4,CHEMBL1995927,CCNc1nc2cc(Cl)c(OC)cc2nc1NCC,8.05
5,CHEMBL3728435,CCNc1nc2cc(C#CCCO)c(Cl)cc2nc1NCCN3CCN(C)CC3,8.1
6,CHEMBL3730386,CCNc1nc2cc(Cl)c(cc2nc1NCC)C#CCCO,8.3
7,CHEMBL3731422,CCNc1nc2cc(Cl)c(cc2nc1NCC)C#CCO,9.0
