,molecule_chembl_id,canonical_smiles,pchembl_value
0,sunitinib,CCN(CC)CCNC(=O)c1c(C)[nH]c(\C=C\2/C(=O)Nc3ccc(F)cc23)c1C,8.26
1,CHEMBL509032,COc1cc(ccc1Nc2ncc(Cl)c(Nc3ccccc3S(=O)(=O)C(C)C)n2)N4CCC(CC4)N5CCN(C)CC5,7.77
2,CHEMBL388978,CN[C@@H]1C[C@H]2O[C@@](C)([C@@H]1OC)n3c4ccccc4c5c6CNC(=O)c6c7c8ccccc8n2c7c35,9.19
3,CHEMBL603469,C[C@]12O[C@H](C[C@]1(O)CO)n3c4ccccc4c5c6C(=O)NCc6c7c8ccccc8n2c7c35,9.41
1,CHEMBL607707,CCOc1cc2ncc(C#N)c(Nc3ccc(F)c(Cl)c3)c2cc1NC(=O)\C=C\CN(C)C,5.82
3,CHEMBL535,CCN(CC)CCNC(=O)c1c(C)[nH]c(\C=C\2/C(=O)Nc3ccc(F)cc23)c1C,7.16
5,CHEMBL91829,CN(C)C[C@@H]1CCn2cc(C3=C(C(=O)NC3=O)c4cn(CCO1)c5ccccc45)c6ccccc26,5.57
18,CHEMBL24828,COc1cc2c(Nc3ccc(Br)cc3F)ncnc2cc1OCC4CCN(C)CC4,5.15
45,CHEMBL296468,CC(C)(C)c1oc(CSc2cnc(NC(=O)C3CCNCC3)s2)nc1,5.42
46,CHEMBL522892,CN1CCN(CC1)c2ccc3nc([nH]c3c2)C4=C(N)c5c(F)cccc5NC4=O,6.19
65,CHEMBL608533,CO[C@@H]1[C@@H](C[C@H]2O[C@]1(C)n3c4ccccc4c5c6CNC(=O)c6c7c8ccccc8n2c7c35)N(C)C(=O)c9ccccc9,6.05
73,CHEMBL1721885,Cc1[nH]c(\C=C\2/C(=O)Nc3ccc(F)cc23)c(C)c1C(=O)NC[C@H](O)CN4CCOCC4,7.08
107,CHEMBL1240703,CO[C@@H]1[C@@H](C[C@H]2O[C@]1(C)n3c4ccccc4c5c6[C@H](O)NC(=O)c6c7c8ccccc8n2c7c35)N(C)C(=O)c9ccccc9,5.96
122,CHEMBL450786,Cc1[nH]c(\C=C\2/C(=O)Nc3ccc(cc23)S(=O)(=O)Cc4c(Cl)cccc4Cl)c(C)c1C(=O)N5CCC[C@@H]5CN6CCCC6,5.72
126,CHEMBL1789941,N#CC[C@H](C1CCCC1)n2cc(cn2)c3ncnc4[nH]ccc34,5.24
131,CHEMBL1908395,Cl.CN(C)CC(=O)N1CCC(CC1)c2ccc(NC(=O)c3nc(c[nH]3)C#N)c(c2)C4=CCCCC4,6.23
134,CHEMBL502835,COC(=O)c1ccc2\C(=C(\Nc3ccc(cc3)N(C)C(=O)CN4CCN(C)CC4)/c5ccccc5)\C(=O)Nc2c1,6.85
137,CHEMBL1173655,CN(C)C\C=C\C(=O)Nc1cc2c(Nc3ccc(F)c(Cl)c3)ncnc2cc1O[C@H]4CCOC4,5.89
139,CHEMBL1908397,O=C(N1CCNCC1)c2ccc(\C=C\c3n[nH]c4ccccc34)cc2,6.68
141,CHEMBL1287853,Cc1cnc(Nc2ccc(OCCN3CCCC3)cc2)nc1Nc4cccc(c4)S(=O)(=O)NC(C)(C)C,6.48
142,CHEMBL379218,Cc1n[nH]c2ccc(cc12)c3cncc(OC[C@@H](N)Cc4ccccc4)c3,5.92
154,CHEMBL300138,Cn1cc(C2=C(C(=O)NC2=O)c3cn(C4CCN(Cc5ccccn5)CC4)c6ccccc36)c7ccccc17,5.38
168,CHEMBL464552,CNC(=O)c1c(F)cccc1Nc2nc(Nc3cc4N(CCc4cc3OC)C(=O)CN(C)C)nc5[nH]ccc25,5.96
178,CHEMBL288441,COc1cc(Nc2c(cnc3cc(OCCCN4CCN(C)CC4)c(OC)cc23)C#N)c(Cl)cc1Cl,6.47
948,CHEMBL3815054,CN(C)CCCn1cc(cn1)c2ccc3C(=O)c4c([nH]c5cc(ccc45)c6cn[nH]c6)c3c2,7.11
