,molecule_chembl_id,canonical_smiles,pchembl_value
0,CHEMBL3121316,COc1ncc(cc1NS(=O)(=O)C)c2ccc3N=C(N)N(C(=O)c3c2)c4ccccc4,7.7
1,CHEMBL3121321,COc1ncc(cc1NS(=O)(=O)c2ccc(C)cc2)c3ccc4N=C(N)N(C(=O)c4c3)c5ccccc5,7.8
2,CHEMBL3121308,COc1ncc(cc1S(=O)(=O)Nc2ccc(F)cc2F)c3ccc4N=C(N)N(C(=O)c4c3)c5ccccc5C(F)(F)F,7.8
3,CHEMBL3121311,COc1ncc(cc1S(=O)(=O)Nc2ccc(F)cc2F)c3ccc4N=C(N)N(C(=O)c4c3)c5ccccc5C,8.0
4,CHEMBL3121326,COc1ncc(cc1S(=O)(=O)Nc2ccc(F)cc2F)c3ccc4N=C(N)N(C5CCOCC5)C(=O)c4c3,8.0
5,CHEMBL3600782,C[C@@H](Nc1nc2ccc(cc2s1)C3=CC(=O)N(CC4CC4)C=C3)C5CCOCC5,8.1
6,CHEMBL3121324,COc1ncc(cc1S(=O)(=O)Nc2ccc(F)cc2F)c3ccc4N=C(N)N(C(=O)c4c3)c5ccccc5,8.2
7,CHEMBL3600779,Nc1nc2ccc(cc2s1)C3=CC(=O)N(CC4CC4)C=C3,8.2
8,CHEMBL3121333,COc1ncc(cc1NS(=O)(=O)c2ccc(F)cc2F)c3ccc4nc(N)c(nc4c3)c5ccccc5,8.3
9,CHEMBL3600781,O=C1C=C(C=CN1CC2CC2)c3ccc4nc(NCC5CCOCC5)sc4c3,8.3
10,CHEMBL3121320,COc1ncc(cc1NS(=O)(=O)c2cccc(C)c2)c3ccc4N=C(N)N(C(=O)c4c3)c5ccccc5,8.4
11,CHEMBL3121318,COc1ncc(cc1NS(=O)(=O)c2ccccc2)c3ccc4N=C(N)N(C(=O)c4c3)c5ccccc5,8.6
12,CHEMBL3600784,O=C1C=C(C=CN1CC2CC2)c3ccc4nc(NCC5CCS(=O)(=O)CC5)sc4c3,8.7
13,CHEMBL3121334,COc1ncc(cc1NS(=O)(=O)c2ccc(F)cc2F)c3ccc4N=C(N)N(C(=O)c4c3)c5ccccc5,8.8
14,CHEMBL3121327,COc1ncc(cc1NS(=O)(=O)c2ccc(F)cc2F)c3ccc4ncnc(N5CCOCC5)c4c3,8.8
15,CHEMBL3121322,COc1ncc(cc1NS(=O)(=O)c2ccc(cc2)C#N)c3ccc4N=C(N)N(C(=O)c4c3)c5ccccc5,9.0
16,CHEMBL3121319,COc1ncc(cc1NS(=O)(=O)c2ccccc2C)c3ccc4N=C(N)N(C(=O)c4c3)c5ccccc5,9.0
17,CHEMBL3600785,OC(=O)[C@@H]1CC[C@@H](CNc2nc3ccc(cc3s2)C4=CC(=O)N(CC5CC5)C=C4)CC1,9.0
18,CHEMBL3121314,NC1=Nc2ccc(cc2C(=O)N1c3ccccc3)c4cnc(N)c(NS(=O)(=O)c5ccc(F)cc5F)c4,9.1
19,CHEMBL3121323,COc1ncc(cc1NS(=O)(=O)c2cccnc2)c3ccc4N=C(N)N(C(=O)c4c3)c5ccccc5,9.5
