,molecule_chembl_id,canonical_smiles,pchembl_value
0,CHEMBL2397309,CO[C@@H]1CC[C@@H](CC1)C(=O)Nc2nc(C)c(s2)c3ccc(N)nc3,7.66
1,CHEMBL1765602,Nc1ccc(cn1)c2ccc3ncc4C=CC(=O)N(c5cccc(c5)C(F)(F)F)c4c3c2,7.74
2,CHEMBL1241578,CC(C)n1nc(c2ccc(Br)c(O)c2)c3c(N)ncnc13,7.77
3,CHEMBL1233882,CC(C)n1nc(c2ccc3ncccc3c2)c4c(N)ncnc14,8.1
4,CHEMBL2407818,Cc1nc2c(NCc3cccc(c3)S(=O)(=O)C)nccn2c1c4ccc(O)c(F)c4,8.24
2,CHEMBL1090090,NC(=O)N(c1ccc(C(=O)N)c(n1)c2ccc(F)cc2F)c3c(F)cccc3F,5.48
15,CHEMBL1242285,CC(C)n1nc(c2cc(O)cc(Br)c2)c3c(N)ncnc13,5.39
20,CHEMBL1242377,CC(C)n1nc(c2ccc(F)c(O)c2)c3c(N)ncnc13,5.6
21,CHEMBL1242378,C[C@H](CN)n1nc(c2ccc(F)c(O)c2)c3c(N)ncnc13,4.5
22,CHEMBL1242468,C[C@@H](CN)n1nc(c2ccc(F)c(O)c2)c3c(N)ncnc13,4.91
26,CHEMBL1242567,Nc1ncnc2c1c(nn2C3CNC3)c4ccc(F)c(O)c4,4.62
27,CHEMBL1242568,Nc1ncnc2c1c(nn2C3CCCC3)c4ccc(F)c(O)c4,4.94
28,CHEMBL1242656,CC1CCC(C1)n2nc(c3ccc(F)c(O)c3)c4c(N)ncnc24,5.39
29,CHEMBL1242657,Nc1ncnc2c1c(nn2[C@H]3CCNC3)c4ccc(F)c(O)c4,4.0
30,CHEMBL1242658,Nc1ncnc2c1c(nn2[C@@H]3CCNC3)c4ccc(F)c(O)c4,4.0
31,CHEMBL1242748,Nc1ncnc2c1c(nn2[C@H]3CCOC3)c4ccc(F)c(O)c4,5.05
32,CHEMBL1242749,Nc1ncnc2c1c(nn2[C@@H]3CCOC3)c4ccc(F)c(O)c4,5.54
34,CHEMBL1242844,Nc1ncnc2c1c(nn2CC3CCNCC3)c4ccc(F)c(O)c4,4.0
35,CHEMBL1242845,Cc1nn(nc1Cn2nc(c3ccc(F)c(O)c3)c4c(N)ncnc24)c5ccccc5,4.0
36,CHEMBL1241482,Nc1ncnc2c1c(nn2Cc3ocnc3c4ccccc4)c5ccc(F)c(O)c5,4.0
37,CHEMBL1241483,COc1cc(ccc1F)c2nn(C(C)C)c3ncnc(N)c23,4.89
38,CHEMBL1241484,CC(C)n1nc(c2ccc(Cl)c(O)c2)c3c(N)ncnc13,5.34
39,CHEMBL1241579,C[C@H](CN)n1nc(c2ccc(Cl)c(O)c2)c3c(N)ncnc13,4.84
40,CHEMBL1240544,C[C@@H](CN)n1nc(c2ccc(Cl)c(O)c2)c3c(N)ncnc13,4.89
42,CHEMBL1241674,CC(C)n1nc(c2cc3cc(O)ccc3[nH]2)c4c(N)ncnc14,6.39
43,CHEMBL1233881,COc1ccc(cc1OC)c2nn(C3CCC3)c4ncnc(N)c24,7.0
45,CHEMBL1230790,CC(C)n1nc(c2cccc(O)c2)c3c(N)ncnc13,5.59
53,CHEMBL1241241,CC(C)n1nc(c2ccc(O)cc2)c3c(N)ncnc13,5.8
57,CHEMBL1242024,CC(C)n1nc(c2ccc(O)cc2C)c3c(N)ncnc13,5.59
58,CHEMBL1242025,Cc1ccc(cc1OCc2ccccc2)c3n[nH]c4ncnc(N)c34,4.51
59,CHEMBL1241270,Cc1ccc(cc1O)c2n[nH]c3ncnc(N)c23,5.06
60,CHEMBL1241271,Cc1ccc(cc1O)c2nn(C)c3ncnc(N)c23,4.0
61,CHEMBL1242026,CC(C)n1nc(c2ccc(C)c(O)c2)c3c(N)ncnc13,4.92
62,CHEMBL1242109,CCC(C)n1nc(c2ccc(C)c(O)c2)c3c(N)ncnc13,4.4
63,CHEMBL1242110,CC(C)n1nc(c2cccc(O)c2F)c3c(N)ncnc13,5.56
64,CHEMBL1242111,Nc1ncnc2c1c(nn2C3CCCC3)c4cccc(O)c4F,5.4
65,CHEMBL1242198,CC(C)n1nc(c2cc(O)cc(F)c2)c3c(N)ncnc13,5.43
66,CHEMBL1242199,Nc1ncnc2c1c(nn2C3CCCC3)c4cc(O)cc(F)c4,5.13
67,CHEMBL1242200,COc1cc(Br)cc(c1)c2nn(C(C)C)c3ncnc(N)c23,4.0
68,CHEMBL1242380,COc1ccc(cc1OC)c2nn(C[C@H](C)CO)c3ncnc(N)c23,5.05
70,CHEMBL1240553,COc1ccc(cc1OC)c2nn(C3CCCC3)c4ncnc(N)c24,5.29
71,CHEMBL1242471,CCOc1ccc(cc1OC)c2n[nH]c3ncnc(N)c23,5.25
72,CHEMBL1242472,CCOc1ccc(cc1OC)c2nn(C(C)C)c3ncnc(N)c23,5.26
73,CHEMBL1242569,CCOc1ccc(cc1OC)c2nn(CC=C)c3ncnc(N)c23,4.92
74,CHEMBL1240554,CCOc1ccc(cc1OC)c2nn(C3CCCC3)c4ncnc(N)c24,5.82
75,CHEMBL1242659,CCOc1ccc(cc1OC)c2nn(C3CCCCC3)c4ncnc(N)c24,4.0
76,CHEMBL1242660,COc1cc(cc(OC)c1OC)c2nn(C(C)C)c3ncnc(N)c23,5.52
77,CHEMBL1242751,COc1cccc(c1OC)c2nn(C(C)C)c3ncnc(N)c23,5.44
78,CHEMBL1242752,CCOc1cc(ccc1OC)c2nn(C(C)C)c3ncnc(N)c23,5.4
79,CHEMBL1242753,CCOc1cc(ccc1OC)c2nn(CCO)c3ncnc(N)c23,4.6
80,CHEMBL1242846,COc1ncc(c(OC)n1)c2nn(C(C)C)c3ncnc(N)c23,5.31
81,CHEMBL1242847,COc1ccc(cc1)c2nn(C(C)C)c3ncnc(N)c23,5.13
83,CHEMBL1242848,CC(C)n1nc(c2ccc(N)c(O)c2)c3c(N)ncnc13,5.33
84,CHEMBL1241485,COc1cc(ccc1N)c2nn(C(C)C)c3ncnc(N)c23,5.03
86,CHEMBL1241487,Nc1ccc(cc1O)c2nn(C3CCCC3)c4ncnc(N)c24,5.63
87,CHEMBL1241581,COc1cc(ccc1N)c2nn(C3CCCC3)c4ncnc(N)c24,6.28
92,CHEMBL1241582,CC(C)n1nc(c2cccc(CO)c2)c3c(N)ncnc13,5.29
93,CHEMBL1241583,CC(C)n1nc(c2cccc(CC#N)c2)c3c(N)ncnc13,5.36
94,CHEMBL1240545,CC(C)n1nc(c2ccc(CC#N)cc2)c3c(N)ncnc13,5.46
95,CHEMBL1241679,CC(C)n1nc(c2cccc(c2)C#N)c3c(N)ncnc13,5.14
98,CHEMBL1241772,CC(C)n1nc(c2ccc(nc2)C#N)c3c(N)ncnc13,4.62
99,CHEMBL1241390,CC(C)n1nc(c2cccnc2)c3c(N)ncnc13,4.85
100,CHEMBL1241391,CC(C)n1nc(c2cncnc2)c3c(N)ncnc13,4.0
101,CHEMBL1241773,CC(C)n1nc(c2ccc(cc2)C(=O)C)c3c(N)ncnc13,5.47
104,CHEMBL1241862,CC(C)n1nc(c2ccc(C(=O)N)c(Cl)c2)c3c(N)ncnc13,5.26
105,CHEMBL1241946,CC(C)n1nc(c2cccc(c2)C(=O)C)c3c(N)ncnc13,5.04
106,CHEMBL1241439,CC(C)n1nc(c2occ(C=O)c2)c3c(N)ncnc13,5.55
107,CHEMBL1241947,CC(C)n1nc(c2cc(C)c(C=O)s2)c3c(N)ncnc13,5.77
108,CHEMBL1241948,CC(C)n1nc(c2cccc(NS(=O)(=O)C)c2)c3c(N)ncnc13,5.31
109,CHEMBL1242030,CC(C)n1nc(c2ccc(NS(=O)(=O)C)cc2)c3c(N)ncnc13,5.7
110,CHEMBL1242031,CC(C)n1nc(c2cccc(c2)S(=O)(=O)N)c3c(N)ncnc13,5.31
111,CHEMBL1242032,CC(C)n1nc(c2ccc(cc2)S(=O)(=O)N)c3c(N)ncnc13,5.57
112,CHEMBL1242115,CC(C)n1nc(c2cccc(c2)C(=O)NC3=NCCS3)c4c(N)ncnc14,5.24
124,CHEMBL1241676,Nc1ncnc2c1c(nn2C3CCCC3)c4ccc(Cl)c(O)c4,5.0
125,CHEMBL1241677,Nc1ncnc2c1c(nn2[C@@H]3CCNC3)c4ccc(Cl)c(O)c4,4.39
126,CHEMBL1241678,Nc1ncnc2c1c(nn2[C@H]3CCOC3)c4ccc(Cl)c(O)c4,5.06
127,CHEMBL1241768,Nc1ncnc2c1c(nn2[C@@H]3CCOC3)c4ccc(Cl)c(O)c4,4.0
128,CHEMBL1241769,Nc1ncnc2c1c(nn2CC3CCCN3)c4ccc(Cl)c(O)c4,4.0
129,CHEMBL1241770,Nc1ncnc2c1c(nn2CC3CCNC3)c4ccc(Cl)c(O)c4,4.0
130,CHEMBL1241858,Nc1ncnc2c1c(nn2CC3CCCNC3)c4ccc(Cl)c(O)c4,4.0
131,CHEMBL1241859,Nc1ncnc2c1c(nn2CC3CCNCC3)c4ccc(Cl)c(O)c4,4.0
132,CHEMBL1241943,Nc1ncnc2c1c(nn2CCC3CCCNC3)c4ccc(Cl)c(O)c4,4.0
134,CHEMBL1241945,CC(C)n1nc(c2ccc(O)c(F)c2)c3c(N)ncnc13,6.68
135,CHEMBL1242027,COc1cc(F)c(cc1F)c2nn(C(C)C)c3ncnc(N)c23,5.46
136,CHEMBL1242028,CC(C)n1nc(c2cc(F)c(O)cc2F)c3c(N)ncnc13,6.33
137,CHEMBL1242029,COc1cccc(c1)c2nn(C(C)C)c3ncnc(N)c23,5.09
138,CHEMBL1242112,COc1cc(ccc1O)c2nn(C(C)C)c3ncnc(N)c23,6.06
139,CHEMBL1241300,COc1ccc(cc1O)c2n[nH]c3ncnc(N)c23,5.47
140,CHEMBL1241301,COc1ccc(cc1O)c2nn(C)c3ncnc(N)c23,4.0
141,CHEMBL1242113,CCn1nc(c2ccc(OC)c(O)c2)c3c(N)ncnc13,4.0
142,CHEMBL1242114,COc1ccc(cc1O)c2nn(C(C)C)c3ncnc(N)c23,5.41
143,CHEMBL1242201,COc1ccc(cc1O)c2nn(C3CCCC3)c4ncnc(N)c24,4.0
144,CHEMBL1242202,COc1ccc(cc1O)c2nn(C3CCC(C)C3)c4ncnc(N)c24,5.11
145,CHEMBL1242203,COc1ccc(cc1O)c2nn(C3CNC3)c4ncnc(N)c24,4.82
146,CHEMBL1242288,COc1ccc(cc1O)c2nn([C@@H]3CCNC3)c4ncnc(N)c24,4.75
147,CHEMBL1242289,CCOc1ccc(cc1O)c2nn(C3CCCC3)c4ncnc(N)c24,5.3
148,CHEMBL1242290,COc1ccc(cc1OC)c2nn(C(C)C)c3ncnc(N)c23,5.23
152,CHEMBL1242662,CC(C)n1nc(c2ccc3cc(O)ccc3c2)c4c(N)ncnc14,5.13
187,CHEMBL1242294,CC(C)n1nc(c2ccc3[nH]ccc3c2)c4c(N)ncnc14,5.39
188,CHEMBL1242295,Nc1ncnc2c1c(nn2C3CCCC3)c4ccc5[nH]ccc5c4,5.01
201,CHEMBL1242666,CC(C)n1nc(c2ccc3c(C=O)c[nH]c3c2)c4c(N)ncnc14,5.38
202,CHEMBL1242757,CC(C)n1nc(c2cccc3[nH]ccc23)c4c(N)ncnc14,5.59
203,CHEMBL1242758,Nc1ncnc2c1c(nn2C3CCCC3)c4cccc5[nH]ccc45,5.46
204,CHEMBL1242852,CC(C)n1nc(c2ccc3c(ccn3C(=O)OC(C)(C)C)c2)c4c(N)ncnc14,4.89
205,CHEMBL1242853,CC(C)(C)OC(=O)n1ccc2cc(ccc12)c3nn(C4CCCC4)c5ncnc(N)c35,4.0
206,CHEMBL1241490,CC(C)n1nc(c2ccc3occc3c2)c4c(N)ncnc14,5.24
207,CHEMBL1241491,Nc1ncnc2c1c(nn2C3CCCC3)c4ccc5occc5c4,5.1
208,CHEMBL1241492,CC(C)n1nc(c2ccc3nonc3c2)c4c(N)ncnc14,4.85
210,CHEMBL1241587,CC(C)n1nc(c2ccc3OCCc3c2)c4c(N)ncnc14,5.3
212,CHEMBL1241588,CC(C)n1nc(c2ccc3OCCOc3c2)c4c(N)ncnc14,5.04
214,CHEMBL1241684,CC(C)n1nc(c2cc3cc(C=O)ccc3s2)c4c(N)ncnc14,4.92
215,CHEMBL1241481,COc1cc(ccc1NC(=O)OC(C)(C)C)c2nn(C(C)C)c3ncnc(N)c23,5.2
217,CHEMBL1081312,Nc1ncnc2c1c(nn2C3CCCC3)c4cnc5[nH]ccc5c4,7.22
218,CHEMBL603469,C[C@]12O[C@H](C[C@]1(O)CO)n3c4ccccc4c5c6C(=O)NCc6c7c8ccccc8n2c7c35,6.54
225,CHEMBL1256459,CCC(=O)N1CCN(CC1)c2ccc(cc2C(F)(F)F)N3C(=O)C=Cc4cnc5ccc(cc5c34)c6cnc7ccccc7c6,5.18
226,CHEMBL1672328,COc1ccc(Nc2cc(nc(n2)N3CCOCC3)c4cnc(N)nc4)cn1,5.3
229,CHEMBL1436585,C(Nc1ncnc2ccc(cc12)c3ccc4OCOc4c3)C5CCOC5,6.37
230,CHEMBL1795875,CN1CCC(CC1)NC(=O)c2ccc(cc2)c3ccc(cc3C(F)(F)F)N4C(=O)C=Cc5cnc6ccc(cc6c45)c7cnc8ccccc8c7,5.46
243,CHEMBL1789941,N#CC[C@H](C1CCCC1)n2cc(cn2)c3ncnc4[nH]ccc34,5.47
244,CHEMBL573339,Oc1cccc(c1)c2nc(N3CCOCC3)c4oc5ncccc5c4n2,5.46
245,CHEMBL509032,COc1cc(ccc1Nc2ncc(Cl)c(Nc3ccccc3S(=O)(=O)C(C)C)n2)N4CCC(CC4)N5CCN(C)CC5,6.11
249,CHEMBL230011,Nc1nc(N)c2nc(c3cccc(O)c3)c(nc2n1)c4cccc(O)c4,6.37
252,CHEMBL1230020,CCCS(=O)(=O)Nc1ccc(F)c(C(=O)c2c[nH]c3ncc(Cl)cc23)c1F,5.92
253,CHEMBL1287853,Cc1cnc(Nc2ccc(OCCN3CCCC3)cc2)nc1Nc4cccc(c4)S(=O)(=O)NC(C)(C)C,5.77
259,CHEMBL379218,Cc1n[nH]c2ccc(cc12)c3cncc(OC[C@@H](N)Cc4ccccc4)c3,5.28
262,CHEMBL554,CS(=O)(=O)CCNCc1oc(cc1)c2ccc3ncnc(Nc4ccc(OCc5cccc(F)c5)c(Cl)c4)c3c2,6.03
272,CHEMBL475251,COc1cc(Nc2ncc(F)c(Nc3ccc4OC(C)(C)C(=O)Nc4n3)n2)cc(OC)c1OC,6.03
278,CHEMBL384304,COc1ccc(F)c(F)c1C(=O)c2cnc(NC3CCN(CC3)S(=O)(=O)C)nc2N,5.8
281,CHEMBL608154,COc1c(Cl)cc2c3ccncc3[nH]c2c1NC(=O)c4cccnc4C,6.57
299,CHEMBL477772,CN(c1ccc2c(C)n(C)nc2c1)c3ccnc(Nc4ccc(C)c(c4)S(=O)(=O)N)n3,6.02
300,CHEMBL388978,CN[C@@H]1C[C@H]2O[C@@](C)([C@@H]1OC)n3c4ccccc4c5c6CNC(=O)c6c7c8ccccc8n2c7c35,6.34
310,CHEMBL1945559,Cn1c2C(=O)NC3(CCNCC3)C(C#N)c2c4ccc(Cl)c(Cl)c14,5.6
1050,CHEMBL2071338,Cc1nc(NC(=O)N2CCC[C@H]2C(=O)N)sc1c3ccc(cc3)n4cccn4,6.04
1051,CHEMBL1986603,Cc1onc(NC(=O)CCNC(=O)Nc2nc(C)c(s2)c3ccc(cc3)n4cccn4)c1,7.4
1052,CHEMBL2069328,CC(=O)c1ccc(cc1)c2sc(NC(=O)NCCC(=O)NC(C)(C)C)nc2C,6.62
1053,CHEMBL2071342,CCn1nnc(CCNC(=O)Nc2nc(C)c(s2)c3ccc(c(F)c3)S(=O)(=O)C)n1,5.88
1056,CHEMBL2153266,Nc1nc2c(nccc2[nH]1)c3cnc4ccccc4c3,6.46
1057,CHEMBL2165017,COc1ccc(Nc2ncc(CN3CCN(CC3)S(=O)(=O)C)cc2c4nc(C)nc(N)n4)cn1,5.28
1061,CHEMBL2397317,COc1ccc(cc1OC)c2c(C)nn3c(NCCN4CCOCC4)cc(C)nc23,6.86
1062,CHEMBL2397316,Cc1nc(NC(=O)C(C)(C)CC(F)(F)F)sc1c2ccc(N)nc2,7.32
1063,CHEMBL2397315,C[C@@H](CC(F)(F)F)C(=O)Nc1nc(C)c(s1)c2ccc(N)nc2,7.28
1064,CHEMBL2397314,C[C@H](CC(F)(F)F)C(=O)Nc1nc(C)c(s1)c2ccc(N)nc2,6.65
1065,CHEMBL2397313,Cc1oc(CC(=O)Nc2nc(C)c(s2)c3ccc(N)nc3)nc1c4ccccc4,7.17
1066,CHEMBL2397312,CC(CC(F)(F)F)C(=O)Nc1nc(C)c(s1)c2ccc(N)nc2,7.46
1067,CHEMBL2397311,Cc1nc(NC(=O)C2(C)CCCCC2)sc1c3ccc(N)nc3,7.4
1068,CHEMBL2397310,Cc1nc(NC(=O)[C@@H]2CC[C@@H](CC2)C(F)(F)F)sc1c3ccc(N)nc3,7.28
1070,CHEMBL2397303,Nc1ccc(cc1)c2cnc(NC(=O)CN(Cc3ccccc3)C(=O)c4ccncc4)s2,7.0
1073,CHEMBL2407820,OCc1oc(cc1)c2ccc3ncnc(Nc4ccc(cc4)N5CCOCC5)c3c2,5.51
1092,CHEMBL2418954,CC(=O)Nc1cn2cc(ccc2n1)c3cnc(N)c(c3)C(F)(F)F,5.63
1093,CHEMBL2418960,COC(=O)c1ccc2nc(NC(=O)C)sc2c1,5.0
1096,CHEMBL3600700,Nc1nc2ccc(cc2s1)c3ccccn3,5.6
1097,CHEMBL97245,Nc1nc2ccc(cc2s1)c3ccccc3,6.3
1098,CHEMBL3600699,CS(=O)(=O)c1cncc(c1)c2ccc3nc(N)sc3c2,5.4
1099,CHEMBL3600698,CC(C)Oc1cncc(c1)c2ccc3nc(N)sc3c2,6.0
1100,CHEMBL3600697,CN(C)C(=O)c1ccc(cn1)c2ccc3nc(N)sc3c2,4.4
1101,CHEMBL3600696,CNC(=O)c1ccc(cn1)c2ccc3nc(N)sc3c2,5.6
1102,CHEMBL3600695,COCCOc1ccc(cn1)c2ccc3nc(N)sc3c2,6.0
1103,CHEMBL3600694,Nc1nc2ccc(cc2s1)c3ccc(OCCO)nc3,6.3
1104,CHEMBL3600693,CS(=O)(=O)c1ccc(cn1)c2ccc3nc(N)sc3c2,5.1
1105,CHEMBL3600692,Nc1nc2ccc(cc2s1)c3ccc(nc3)C(F)(F)F,5.8
1106,CHEMBL3600691,Cc1ccc(cn1)c2ccc3nc(N)sc3c2,6.3
1107,CHEMBL3600690,Nc1nc2ccc(cc2s1)c3ccc(CO)nc3,6.1
1108,CHEMBL3600689,CCN(C)c1ccc(cn1)c2ccc3nc(N)sc3c2,5.8
1109,CHEMBL3600688,CCNc1ccc(cn1)c2ccc3nc(N)sc3c2,6.0
1110,CHEMBL3600687,CC(C)Oc1ccc(cn1)c2ccc3nc(N)sc3c2,5.9
1111,CHEMBL3600686,CNCc1ccc(cn1)c2ccc3nc(N)sc3c2,5.5
1112,CHEMBL3600685,COCc1ccc(cn1)c2ccc3nc(N)sc3c2,6.5
1113,CHEMBL3600684,CCSc1ccc(cn1)c2ccc3nc(N)sc3c2,6.2
1114,CHEMBL1645105,COc1ccc(cn1)c2ccc3nc(N)sc3c2,6.0
1115,CHEMBL3600683,CCOc1ccc(cn1)c2ccc3nc(N)sc3c2,6.2
1116,CHEMBL3600701,Nc1nc2ccc(cc2s1)c3cccnc3,6.2
1117,CHEMBL1645107,Nc1nc2ccc(cc2s1)c3ccncc3,6.0
1118,CHEMBL3600702,Nc1nc2ccc(cc2s1)c3ncccn3,5.2
1119,CHEMBL3600765,Nc1nc2ccc(cc2s1)c3cnccn3,5.2
1120,CHEMBL3600766,Nc1nc2ccc(cc2s1)C3=CNC(=O)C=C3,5.4
1121,CHEMBL3600767,Nc1nc2ccc(cc2s1)C3=CC(=O)NC=C3,6.2
1122,CHEMBL3600768,Cn1ccc(n1)c2ccc3nc(N)sc3c2,5.9
1123,CHEMBL3600769,Cn1nccc1c2ccc3nc(N)sc3c2,6.0
1124,CHEMBL3600770,Cn1cc(cn1)c2ccc3nc(N)sc3c2,5.9
1125,CHEMBL3600771,CCn1cc(cn1)c2ccc3nc(N)sc3c2,5.8
1126,CHEMBL3600772,CCCn1cc(cn1)c2ccc3nc(N)sc3c2,5.7
1127,CHEMBL3600773,CC(C)n1cc(cn1)c2ccc3nc(N)sc3c2,5.6
1128,CHEMBL3600774,Nc1nc2ccc(cc2s1)c3cnn(c3)C4CC4,5.7
1129,CHEMBL3600775,Nc1nc2ccc(cc2s1)c3cnn(CC4CC4)c3,5.7
1130,CHEMBL3600776,Nc1nc2ccc(cc2s1)c3cnn(Cc4ccccc4)c3,6.1
1131,CHEMBL3600777,CN1C=CC(=CC1=O)c2ccc3nc(N)sc3c2,6.5
1132,CHEMBL3600778,CCN1C=CC(=CC1=O)c2ccc3nc(N)sc3c2,6.5
1133,CHEMBL3600779,Nc1nc2ccc(cc2s1)C3=CC(=O)N(CC4CC4)C=C3,5.8
1134,CHEMBL3600780,COCCON1C=CC(=CC1=O)c2ccc3nc(N)sc3c2,5.0
1135,CHEMBL3600781,O=C1C=C(C=CN1CC2CC2)c3ccc4nc(NCC5CCOCC5)sc4c3,6.4
1136,CHEMBL3600782,C[C@@H](Nc1nc2ccc(cc2s1)C3=CC(=O)N(CC4CC4)C=C3)C5CCOCC5,6.5
1137,CHEMBL3600783,C[C@H](Nc1nc2ccc(cc2s1)C3=CC(=O)N(CC4CC4)C=C3)C5CCOCC5,5.6
1138,CHEMBL3600784,O=C1C=C(C=CN1CC2CC2)c3ccc4nc(NCC5CCS(=O)(=O)CC5)sc4c3,6.2
1139,CHEMBL3600785,OC(=O)[C@@H]1CC[C@@H](CNc2nc3ccc(cc3s2)C4=CC(=O)N(CC5CC5)C=C4)CC1,6.6
1140,CHEMBL3609514,CC(C)(C)c1nc2c(CCc3nc(NC(=O)N4CCC[C@H]4C(=O)N)sc23)s1,6.5
1141,CHEMBL3609519,C[C@@H]1CCN([C@@H]1C(=O)N)C(=O)Nc2nc3CCc4sc(nc4c3s2)C(C)(C)C,6.68
1142,CHEMBL3609521,CN(C)C[C@@H]1CCN([C@@H]1C(=O)N)C(=O)Nc2nc3CCc4sc(nc4c3s2)C(C)(C)C,5.5
1143,CHEMBL3609523,CC(C)(C)c1ncc2CCc3nc(NC(=O)N4CCC[C@@]4(C)C(=O)N)sc3c2n1,7.19
1144,CHEMBL3609525,C[C@@H]1CCN([C@@H]1C(=O)N)C(=O)Nc2nc3CCc4cnc(nc4c3s2)C(C)(C)C,6.8
1145,CHEMBL3609528,CN(C)C[C@]1(CCCN1C(=O)Nc2nc3CCc4cnc(nc4c3s2)C(C)(C)C)C(=O)N,5.4
1146,CHEMBL3608927,C[C@@H]1CCN([C@@H]1C(=O)N)C(=O)Nc2nc(C)c(s2)c3csc(n3)C4(CC4)C(F)(F)F,6.6
1151,CHEMBL3781916,CNc1ncc(c(CC2CC2)n1)c3ccnc(N[C@@H]4CC[C@@H](O)CC4)n3,5.42
