,molecule_chembl_id,canonical_smiles,pchembl_value
0,CHEMBL3781466,CC(C)(O)CNc1ncc(c(CC2CC2)n1)c3ccnc(Nc4ccncc4)n3,7.6
1,CHEMBL3781415,Nc1ncc(c(CC2CC2)n1)c3ccnc(Nc4ccncc4)n3,7.75
2,CHEMBL3780029,CNc1ncc(c(CC2CC2)n1)c3ccnc(Nc4ccncc4)n3,7.85
3,CHEMBL1738719,Fc1ccc(cc1)S(=O)(=O)Nc2cc(cnc2Cl)c3ccc4nccc(N5CCOCC5)c4c3,7.96
4,CHEMBL1765602,Nc1ccc(cn1)c2ccc3ncc4C=CC(=O)N(c5cccc(c5)C(F)(F)F)c4c3c2,8.07
5,CHEMBL1914727,Fc1ccc(cc1)S(=O)(=O)Nc2cc(cnc2Cl)c3ccc4nccc(c5ccncc5)c4c3,8.28
6,CHEMBL1914743,Fc1ccc(cc1)S(=O)(=O)Nc2cc(cnc2Cl)c3ccc4ncc(nc4c3)N5CCOCC5,8.3
7,CHEMBL1914726,Fc1ccc(cc1)S(=O)(=O)Nc2cc(cnc2Cl)c3ccc4nccc(c5cccnc5)c4c3,8.54
8,CHEMBL3622372,C[C@@H]1COCCN1C2=CC(=O)N3CC[C@H](N(Cc4cncc(Cl)c4)C3=N2)C(F)(F)F,8.92
