,molecule_chembl_id,canonical_smiles,pchembl_value
0,CHEMBL1241674,CC(C)n1nc(c2cc3cc(O)ccc3[nH]2)c4c(N)ncnc14,7.75
23,CHEMBL230011,Nc1nc(N)c2nc(c3cccc(O)c3)c(nc2n1)c4cccc(O)c4,6.51
30,CHEMBL428690,CN1CC[C@@H]([C@H](O)C1)c2c(O)cc(O)c3C(=O)C=C(Oc23)c4ccccc4Cl,5.59
40,CHEMBL300138,Cn1cc(C2=C(C(=O)NC2=O)c3cn(C4CCN(Cc5ccccn5)CC4)c6ccccc36)c7ccccc17,5.18
41,CHEMBL475251,COc1cc(Nc2ncc(F)c(Nc3ccc4OC(C)(C)C(=O)Nc4n3)n2)cc(OC)c1OC,6.89
46,CHEMBL91829,CN(C)C[C@@H]1CCn2cc(C3=C(C(=O)NC3=O)c4cn(CCO1)c5ccccc45)c6ccccc26,6.29
52,CHEMBL10,C[S+]([O-])c1ccc(cc1)c2nc(c3ccc(F)cc3)c([nH]2)c4ccncc4,5.59
58,CHEMBL522892,CN1CCN(CC1)c2ccc3nc([nH]c3c2)C4=C(N)c5c(F)cccc5NC4=O,5.37
59,CHEMBL1908394,C[C@@H](Oc1cc(sc1C(=O)N)n2cnc3ccc(CN4CCN(C)CC4)cc23)c5ccccc5C(F)(F)F,5.17
63,CHEMBL494089,CCn1c(nc2c(ncc(OC[C@H]3CCCNC3)c12)C#CC(C)(C)O)c4nonc4N,5.82
72,CHEMBL477772,CN(c1ccc2c(C)n(C)nc2c1)c3ccnc(Nc4ccc(C)c(c4)S(=O)(=O)N)n3,5.72
73,CHEMBL388978,CN[C@@H]1C[C@H]2O[C@@](C)([C@@H]1OC)n3c4ccccc4c5c6CNC(=O)c6c7c8ccccc8n2c7c35,5.57
80,CHEMBL1645105,COc1ccc(cn1)c2ccc3nc(N)sc3c2,4.6
85,CHEMBL3600688,CCNc1ccc(cn1)c2ccc3nc(N)sc3c2,4.5
90,CHEMBL3600693,CS(=O)(=O)c1ccc(cn1)c2ccc3nc(N)sc3c2,5.0
93,CHEMBL3600696,CNC(=O)c1ccc(cn1)c2ccc3nc(N)sc3c2,4.5
95,CHEMBL3600698,CC(C)Oc1cncc(c1)c2ccc3nc(N)sc3c2,4.5
99,CHEMBL3600701,Nc1nc2ccc(cc2s1)c3cccnc3,4.5
100,CHEMBL1645107,Nc1nc2ccc(cc2s1)c3ccncc3,5.6
101,CHEMBL3600702,Nc1nc2ccc(cc2s1)c3ncccn3,4.5
103,CHEMBL3600766,Nc1nc2ccc(cc2s1)C3=CNC(=O)C=C3,4.4
104,CHEMBL3600767,Nc1nc2ccc(cc2s1)C3=CC(=O)NC=C3,4.8
105,CHEMBL3600768,Cn1ccc(n1)c2ccc3nc(N)sc3c2,4.2
109,CHEMBL3600772,CCCn1cc(cn1)c2ccc3nc(N)sc3c2,4.6
110,CHEMBL3600773,CC(C)n1cc(cn1)c2ccc3nc(N)sc3c2,4.2
120,CHEMBL3600783,C[C@H](Nc1nc2ccc(cc2s1)C3=CC(=O)N(CC4CC4)C=C3)C5CCOCC5,4.6
