,molecule_chembl_id,canonical_smiles,pchembl_value
0,CHEMBL49120,CCN(CC)CCOc1ccc(Nc2ncc3C=C(C(=O)N(C)c3n2)c4c(Cl)cccc4Cl)cc1,8.16
1,CHEMBL607707,CCOc1cc2ncc(C#N)c(Nc3ccc(F)c(Cl)c3)c2cc1NC(=O)\C=C\CN(C)C,6.03
20,CHEMBL261211,CN1CCC2=C(C1)C(=C(C#N)C(=S)N2)c3cccs3,5.92
50,CHEMBL1421,Cc1nc(Nc2ncc(s2)C(=O)Nc3c(C)cccc3Cl)cc(n1)N4CCN(CCO)CC4,6.89
103,CHEMBL386051,CSc1cccc(Nc2ncc3C=C(C(=O)N(C)c3n2)c4c(Cl)cccc4Cl)c1,7.36
172,CHEMBL1947176,CC[C@H](C)[C@H](NC(=O)[C@H](CCCCN)NC(=O)[C@@H](N)CCC(=O)N)C(=O)NCC(=O)N[C@@H](CCC(=O)O)C(=O)NCC(=O)N[C@@H]([C@@H](C)O)C(=O)N[C@@H](Cc1ccc(OP(=O)(O)O)cc1)C(=O)NCC(=O)N[C@@H](C(C)C)C(=O)N[C@@H](C(C)C)C(=O)N[C@@H](Cc2ccc(O)cc2)C(=O)N[C@@H](CCCCN)C(=O)N[C@@H](CS)C(=O)O,7.75
