,molecule_chembl_id,canonical_smiles,pchembl_value
0,CHEMBL2147538,CC(C)(N)CNc1nc(cc2cnccc12)c3ccncc3,7.77
1,CHEMBL608533,CO[C@@H]1[C@@H](C[C@H]2O[C@]1(C)n3c4ccccc4c5c6CNC(=O)c6c7c8ccccc8n2c7c35)N(C)C(=O)c9ccccc9,7.82
2,CHEMBL1082821,Clc1ccc(cc1)[C@@H]2CNC[C@H]2C(=O)Nc3cc4C=CNC(=O)c4cc3Cl,7.85
3,CHEMBL1214929,NCCNc1nc(cc2cnccc12)c3ccncc3,8.16
4,CHEMBL388978,CN[C@@H]1C[C@H]2O[C@@](C)([C@@H]1OC)n3c4ccccc4c5c6CNC(=O)c6c7c8ccccc8n2c7c35,8.6
5,CHEMBL603469,C[C@]12O[C@H](C[C@]1(O)CO)n3c4ccccc4c5c6C(=O)NCc6c7c8ccccc8n2c7c35,8.75
7,CHEMBL559147,C[C@@H](N)[C@@H]1CC[C@H](CC1)C(=O)Nc2ccncc2,6.22
78,CHEMBL522892,CN1CCN(CC1)c2ccc3nc([nH]c3c2)C4=C(N)c5c(F)cccc5NC4=O,5.0
91,CHEMBL191003,Nc1nc(Nc2ccc(cc2)S(=O)(=O)N)nn1C(=O)c3c(F)cccc3F,5.72
93,CHEMBL91829,CN(C)C[C@@H]1CCn2cc(C3=C(C(=O)NC3=O)c4cn(CCO1)c5ccccc45)c6ccccc26,5.82
105,CHEMBL1721885,Cc1[nH]c(\C=C\2/C(=O)Nc3ccc(F)cc23)c(C)c1C(=O)NC[C@H](O)CN4CCOCC4,5.42
106,CHEMBL535,CCN(CC)CCNC(=O)c1c(C)[nH]c(\C=C\2/C(=O)Nc3ccc(F)cc23)c1C,5.89
204,CHEMBL590810,O=C(NCc1cccc(c1)C(=O)Nc2ccc3CCNCc3c2)Nc4ccc(cc4)C#N,5.8
210,CHEMBL597127,COc1ccc(cc1OC)C(=O)NCc2cccc(c2)C(=O)NCCC3CCCNC3,5.36
214,CHEMBL589359,O=C(NCc1cccc(c1)C(=O)NCCC2CCCNC2)Nc3ccc(cc3)C#N,5.77
215,CHEMBL600852,NC(=O)c1ccc(NC(=O)NCc2cccc(c2)C(=O)Nc3ccc4CCNCc4c3)cc1,6.11
219,CHEMBL1084890,Clc1cc2C(=O)NC=Cc2cc1NC(=O)Cc3ccccc3,5.85
220,CHEMBL1085141,NC(C(=O)Nc1cc2C=CNC(=O)c2cc1Cl)c3ccccc3,6.29
221,CHEMBL1084892,CNC(C(=O)Nc1cc2C=CNC(=O)c2cc1Cl)c3ccccc3,6.96
223,CHEMBL1084107,CN(C)C(C(=O)Nc1cc2C=CNC(=O)c2cc1Cl)c3ccccc3,5.64
224,CHEMBL1084900,Clc1cc2C(=O)NC=Cc2cc1NC(=O)CNCc3ccccc3,5.52
226,CHEMBL1605605,Cl.Cl.C[C@@H](N)[C@@H]1CC[C@H](CC1)C(=O)Nc2ccncc2,7.16
249,CHEMBL1240703,CO[C@@H]1[C@@H](C[C@H]2O[C@]1(C)n3c4ccccc4c5c6[C@H](O)NC(=O)c6c7c8ccccc8n2c7c35)N(C)C(=O)c9ccccc9,5.32
292,CHEMBL509032,COc1cc(ccc1Nc2ncc(Cl)c(Nc3ccccc3S(=O)(=O)C(C)C)n2)N4CCC(CC4)N5CCN(C)CC5,6.17
295,CHEMBL1908395,Cl.CN(C)CC(=O)N1CCC(CC1)c2ccc(NC(=O)c3nc(c[nH]3)C#N)c(c2)C4=CCCCC4,5.33
298,CHEMBL502835,COC(=O)c1ccc2\C(=C(\Nc3ccc(cc3)N(C)C(=O)CN4CCN(C)CC4)/c5ccccc5)\C(=O)Nc2c1,5.85
303,CHEMBL1908397,O=C(N1CCNCC1)c2ccc(\C=C\c3n[nH]c4ccccc34)cc2,6.06
306,CHEMBL379218,Cc1n[nH]c2ccc(cc12)c3cncc(OC[C@@H](N)Cc4ccccc4)c3,6.23
319,CHEMBL475251,COc1cc(Nc2ncc(F)c(Nc3ccc4OC(C)(C)C(=O)Nc4n3)n2)cc(OC)c1OC,5.59
324,CHEMBL384304,COc1ccc(F)c(F)c1C(=O)c2cnc(NC3CCN(CC3)S(=O)(=O)C)nc2N,5.14
330,CHEMBL1289926,CNC(=O)c1ccccc1Sc2ccc3c(\C=C\c4ccccn4)n[nH]c3c2,5.57
337,CHEMBL1908394,C[C@@H](Oc1cc(sc1C(=O)N)n2cnc3ccc(CN4CCN(C)CC4)cc23)c5ccccc5C(F)(F)F,6.21
341,CHEMBL494089,CCn1c(nc2c(ncc(OC[C@H]3CCCNC3)c12)C#CC(C)(C)O)c4nonc4N,5.51
342,CHEMBL288441,COc1cc(Nc2c(cnc3cc(OCCCN4CCN(C)CC4)c(OC)cc23)C#N)c(Cl)cc1Cl,5.5
354,CHEMBL1945559,Cn1c2C(=O)NC3(CCNCC3)C(C#N)c2c4ccc(Cl)c(Cl)c14,6.52
355,CHEMBL1964290,Cc1cccc(c1C)c2[nH]c(cc2C(=O)N)c3ccnc(N)n3,7.6
358,CHEMBL1987034,NS(=O)(=O)c1cccc(Nc2ncc(Br)c(Nc3ccc(OCC#N)cc3)n2)c1,6.9
359,CHEMBL1993941,CCCn1cc(cn1)c2cnc(N)c3c(csc23)c4ccc(NC(=O)Nc5cccc(F)c5)cc4,5.7
362,CHEMBL2005886,Cc1cc(cc2[nH]c(nc12)C3=C(NCC(O)c4cccc(Cl)c4)C=CNC3=O)N5CCOCC5,6.2
363,CHEMBL481491,NC(=O)c1sc(cc1OCc2ccccc2C(F)(F)F)n3cnc4ccccc34,5.4
364,CHEMBL1973142,CC(=O)Nc1c(sc2ccc(Cl)c(Cl)c12)C(=O)N,6.2
366,CHEMBL1982924,COc1cccc(c1)C(=O)Nc2cnc3[nH]cc(c4ccccc4)c3c2,6.0
367,CHEMBL2005936,CCCC(=O)Nc1n[nH]c2ccc(cc12)c3nnn(Cc4ccccc4)c3c5ccccc5,6.3
370,CHEMBL1995813,NC1CCCCC1Nc2nccc(n2)c3c[nH]c4ncccc34,6.6
371,CHEMBL1993781,NC(COCc1ccccc1)COc2cncc(C=Cc3ccncc3)c2,6.2
372,CHEMBL244378,OC(=O)c1ccccc1Nc2ccnc(Nc3ccc4cn[nH]c4c3)n2,6.6
373,CHEMBL362558,Fc1cc2CN(CCn3cc(C4=C(C(=O)NC4=O)c5cnc6ccccn56)c(c1)c23)C(=O)N7CCCCC7,6.1
377,CHEMBL1986943,OC1CCC(CC1)Nc2nc(Cl)cc(n2)c3c[nH]c4ncccc34,8.1
379,CHEMBL1993584,OC(COc1cncc(C=Cc2ccncc2)c1)Cc3c[nH]c4ccccc34,6.1
380,CHEMBL1986263,CCN1C(=O)SC(=C1C)c2ccnc(Nc3cccc(OC)c3)n2,6.2
383,CHEMBL1971172,CC(C)(CNc1cc(cc(Cl)n1)c2c[nH]c3ncccc23)CNS(=O)(=O)C,6.7
387,CHEMBL1981782,Clc1ccc(CNC(=O)Nc2ccc3[nH]ncc3c2)cc1Cl,6.0
388,CHEMBL1977681,CNC(=O)c1cc2c(n[nH]c2s1)c3ccccc3F,5.4
393,CHEMBL1988163,NS(=O)(=O)c1cccc(Nc2ncc3ccn(c4ccccc4)c3n2)c1,6.7
396,CHEMBL1983449,Cc1ccc(CNC2=C(Nc3ccncc3)C(=O)C2=O)cc1C,5.3
397,CHEMBL1992323,Clc1ccc2oc3C(=O)NC=Nc3c2c1,5.1
399,CHEMBL2002649,COc1ccc2NC(=O)C(=Cc3c[nH]cn3)c2c1,6.1
401,CHEMBL2005718,CS(=O)(=O)NCCNc1cc(cc(Cl)n1)c2c[nH]c3ncccc23,7.3
404,CHEMBL1997129,O=C1NCCc2[nH]c(cc12)c3ccnc(C=Cc4ccccc4)c3,7.4
416,CHEMBL2002165,CC(O)Cn1cc(cn1)c2cnc(N)c3c(csc23)c4ccc(NC(=O)Nc5cccc(F)c5)cc4,5.6
419,CHEMBL1989518,NCCOc1cncc(C=Cc2ccncc2)c1,6.8
422,CHEMBL519697,CN(C(=O)C1CCCCC1)c2ccc3c(c2)nc(NC(=O)c4ccc(cc4)C#N)n3C,6.0
423,CHEMBL2004934,COc1cccc(c1)C(C)NC(=O)c2ccc(c(F)c2)c3ccncc3,6.4
424,CHEMBL1987261,CC(C)(CN)CNc1cc(cc(F)n1)c2c[nH]c3ncccc23,7.7
425,CHEMBL1975128,Nc1n[nH]c2ccc(cc12)c3nnn(Cc4ccccc4)c3I,6.6
426,CHEMBL1996048,Cc1ccc(cc1)c2cc3c(NCCN)ccc(C(=O)N)c3[nH]2,6.6
431,CHEMBL1966425,CN(C)CCCOc1cc2C(=O)NCc2c(c1)c3ccc(Nc4oc5ccccc5n4)cc3,5.1
433,CHEMBL1978099,CNC(=O)COc1ccc(Nc2nc(Nc3ccc(C)c(c3)S(=O)(=O)N)ncc2F)cc1,5.8
434,CHEMBL1988608,CC(=O)Nc1cccc(CNC2=C(Nc3ccc4[nH]ncc4c3)C(=O)C2=O)c1,7.3
437,CHEMBL1985723,CC(C)(CN)CNc1cc(cc(Cl)n1)c2c[nH]c3ncccc23,7.7
438,CHEMBL178737,O=C(N1CCOCC1)N2CCn3cc(C4=C(C(=O)NC4=O)c5cnc6ccccn56)c7cccc(C2)c37,5.8
439,CHEMBL1998159,Cc1n[nH]c2cnc(cc12)c3cncc(OCC(N)Cc4cccc(c4)C(F)(F)F)c3,7.6
443,CHEMBL1987679,NC(COc1cncc(c1)c2ccc3NC(=O)Oc3c2)Cc4c[nH]c5ccccc45,6.3
450,CHEMBL1965702,CN(C)C1CCCC(C1)Nc2nc(Cl)cc(n2)c3c[nH]c4ncccc34,7.0
451,CHEMBL1825138,CC(Oc1cc(cnc1N)c2cnn(c2)C3CCNCC3)c4c(Cl)ccc(F)c4Cl,5.6
452,CHEMBL1986970,COCCN(C)C(=O)c1c(nnn1Cc2ccccc2)c3ccc4[nH]ncc4c3,6.0
459,CHEMBL1972584,CC(=O)N1CCN(CC1)C2CCC(CC2)n3nc(c4ccc(NC(=O)c5cc6ccccc6n5C)cc4)c7c(N)ncnc37,5.2
460,CHEMBL2002992,CC(N)C1CCC(CC1)C(=O)Nc2ccnc3[nH]ccc23,6.7
463,CHEMBL1990635,CC1CCCN1CCc2cc3cc(ccc3[nH]2)c4ccc(OC(F)(F)F)cc4,5.6
465,CHEMBL2002682,Cc1cccc(Cl)c1c2cccc3c(CCCOc4cccc5ccccc45)c([nH]c23)C(=O)NCCOCCOCCN,5.6
468,CHEMBL2006456,CC(C)CNC1CCC(CC1)Nc2nc(Cl)cc(n2)c3c[nH]c4ncccc34,8.0
475,CHEMBL1976134,c1cc2cc(cnc2[nH]1)c3ccc4cn[nH]c4c3,5.7
476,CHEMBL1965131,Cc1ccc(cc1)C(=O)Nc2c(sc3ccc(Cl)c(Cl)c23)C(=O)N,6.1
477,CHEMBL1972158,Nc1n[nH]c2ccc(cc12)c3nnn(Cc4ccccc4)c3c5ccccc5,6.5
488,CHEMBL1993424,NS(=O)(=O)c1cccc(Nc2ncc3ccn(Cc4ccccc4)c3n2)c1,7.0
490,CHEMBL1969561,CC(C)N(C)C(=O)c1c(nnn1Cc2ccccc2)c3ccc4[nH]ncc4c3,6.6
491,CHEMBL1975121,COc1cccc(c1)C(C)NC(=O)c2ccc(cc2)c3ccncc3,7.1
492,CHEMBL1997023,CN(C)c1cc2sncc2cc1NC(=O)C(=O)O,6.6
494,CHEMBL1971943,Cc1c[nH]c2nccc(Oc3c(F)cc(Nc4cc(Cl)nc(N)n4)cc3F)c12,6.4
496,CHEMBL1997924,C(Nc1nc(Nc2cc([nH]n2)C3CC3)c4sccc4n1)c5ccccc5,7.2
497,CHEMBL1988537,COc1ccc(cc1)C(=O)N2c3ccccc3Sc4c(Cl)cncc24,6.0
498,CHEMBL1969049,COc1cccc(c1)C(C)NC(=O)c2ccc(c(C)c2)c3ccncc3,6.9
506,CHEMBL1980178,CC(=O)NC1CCCC(C1)Nc2nc(Cl)cc(n2)c3c[nH]c4ncccc34,7.4
507,CHEMBL1998611,NC(=O)c1sc2c(Br)ccc(Cl)c2c1N,6.4
508,CHEMBL1975900,Clc1ccc(CNC2=C(Nc3ccncc3)C(=O)C2=O)cc1Cl,6.4
510,CHEMBL1972221,CCCS(=O)(=O)Nc1ccc(cc1)c2ccc3[nH]nc(NC(=O)CC)c3c2,5.2
513,CHEMBL1996979,Fc1cccc(F)c1C(=O)Nc2cnc3[nH]cc(c4ccccc4)c3c2,6.2
517,CHEMBL1998545,OCC(Cc1ccccc1)NC(=O)c2ccc(cc2)c3ccncc3,5.3
521,CHEMBL1990496,CN1C(=NC(=C(C1=O)c2ccc3ccccc3c2)c4ccncc4)NCC(N)Cc5ccccc5,5.6
522,CHEMBL2002479,NCCCOc1cc2C(=O)NCc2c(c1)c3ccc(Nc4oc5cc(Cl)ccc5n4)cc3,5.5
523,CHEMBL1967094,Clc1ccc(CNC(=O)c2cc3c(n[nH]c3s2)c4ccccc4)cc1,5.9
525,CHEMBL2003341,OCC(NC(=O)c1ccc(cc1)c2ccncc2)c3cc(Cl)cc(Cl)c3,6.3
526,CHEMBL1982992,Oc1cccc(Nc2ncnc3scc(Cl)c23)c1,5.3
528,CHEMBL1981079,NC(=O)c1cc([nH]c1c2ccc(Cl)cc2F)c3ccnc(N)n3,7.2
530,CHEMBL1980489,Clc1ccc(CNC2=C(Nc3ccncc3)C(=O)C2=O)cc1,6.3
531,CHEMBL2000832,COc1cc(ccc1O)c2ccc3C(=O)Nc4cc(ccc4Nc3c2)C(=O)NCc5cccc(F)c5,6.4
536,CHEMBL1965660,NC(=O)c1cc([nH]c1c2ccc(Cl)cc2Cl)c3ccnc(N)n3,7.7
537,CHEMBL1998112,COc1ccc(cc1OC)c2cc3nccn3c(Nc4ccccc4C(=O)N)n2,6.0
538,CHEMBL1972290,NCCNc1cc(cc(Cl)n1)c2c[nH]c3ncccc23,8.3
542,CHEMBL1970104,CC(C)(C)c1ccc2nc([nH]c2c1)c3n[nH]c4ccccc34,6.3
544,CHEMBL1964777,NC(=O)c1cc2c(Oc3cccc(F)c3)cncc2s1,5.6
547,CHEMBL1987533,Clc1ccccc1CC(=O)Nc2ccc3cn[nH]c3c2,5.2
549,CHEMBL1980995,CNC1CC2OC(C)(C1OC)n3c4ccccc4c5c6CNC(=O)c6c7c8ccccc8n2c7c35,9.1
550,CHEMBL1984548,Cn1cc(Nc2ncc(Cl)c(Nc3ccccc3C(=O)N)n2)cn1,7.3
551,CHEMBL1967302,NC(COc1cncc(c1)c2ccc3NC(=O)Cc3c2)Cc4c[nH]c5ccccc45,6.6
554,CHEMBL2004716,CCN(CC)CCNC(=O)C=Cc1cnc(N)c2c(csc12)c3ccc(NC(=O)Nc4cccc(C)c4)cc3,5.3
559,CHEMBL2000894,Cc1cc(O)ccc1N2C=C(C(=O)NN)C(=O)c3ccc(cc23)c4ccncc4,6.5
561,CHEMBL1976090,Nc1ncnc2c1sc3ncnc(N)c23,6.3
563,CHEMBL2004771,O=C1NCc2c1cccc2c3ccc(Nc4oc5ccccc5n4)cc3,5.4
564,CHEMBL1992922,OCC(CO)Nc1ncnc2[nH]cc(c3ccccc3)c12,6.2
565,CHEMBL1997597,CCS(=O)(=O)Nc1ccc(cc1)c2ccc3[nH]nc(N)c3c2,5.9
569,CHEMBL1975256,Nc1nonc1n2nnc(C(=O)NN=Cc3cccs3)c2c4cccs4,5.3
573,CHEMBL2004892,CS(=O)(=O)Nc1ccc(cc1)c2ccc3[nH]nc(N)c3c2,6.2
576,CHEMBL1972339,Cc1n[nH]c2ccc(cc12)c3nnn(Cc4ccccc4)c3c5ccc(F)cc5,6.8
577,CHEMBL116070,NC(=O)c1cc2c(Oc3ccc(Br)cc3)cncc2s1,6.0
581,CHEMBL2004872,COc1cccc(c1)C(C)NC(=O)c2ccc(cc2)c3ccncn3,5.4
583,CHEMBL1969879,CC1CCN(CC1N(C)c2ncnc3[nH]ccc23)C(=O)CO,5.4
584,CHEMBL1981720,O=C(Nc1cnccn1)Nc2ccnc3ccccc23,5.1
585,CHEMBL1993548,CC(N)COc1cnc(Cl)c(C=Cc2ccncc2)c1,6.5
590,CHEMBL1975500,COc1cc(ccc1O)c2ccc3C(=O)Nc4cc(ccc4Nc3c2)C(=O)NCCNC(=O)C,5.6
593,CHEMBL411903,Nc1ncnc2NCCC(=Nc12)c3ccc(NC(=O)Nc4cc(ccc4F)C(F)(F)F)cc3,5.2
594,CHEMBL1980253,Clc1cc(nc(NC2CCOCC2)n1)c3c[nH]c4ncccc34,7.1
595,CHEMBL1965988,Cc1cccc(NC(=O)Nc2ccc(cc2)c3csc4c(cnc(N)c34)C#CCN)c1,5.3
596,CHEMBL422897,CN1CCC(C(O)C1)c2c(O)cc(O)c3C(=O)C=C(Oc23)c4ccccc4Cl,5.3
597,CHEMBL1989646,Cc1c(nnn1Cc2ccccc2)c3ccc4[nH]nc(N)c4c3,6.3
598,CHEMBL225519,O=C1NCCc2[nH]c(cc12)c3ccncc3,8.3
601,CHEMBL2006631,CN(C)S(=O)(=O)c1ccccc1c2ccc3C(=O)Nc4ccccc4Nc3c2,5.1
604,CHEMBL1966087,C1CC(CN1)Oc2cncc(C=Cc3ccncc3)c2,6.2
606,CHEMBL1996931,OCC(Cc1ccc(Cl)cc1)NC(=O)c2ccc(cc2)c3ccncc3,5.1
609,CHEMBL1998470,CCCC(=O)Nc1cc(cc(Cl)n1)c2c[nH]c3ncccc23,5.5
610,CHEMBL1996980,CNCC(=O)NC1CCC(CC1)Nc2nc(Cl)cc(n2)c3c[nH]c4ncccc34,7.8
611,CHEMBL1970735,CCCOc1nc(NC(=O)C)cc(N)c1C#N,5.1
613,CHEMBL1994669,Cn1cc(Nc2ncc(Br)c(Nc3ccccc3C(=O)N)n2)cn1,7.4
616,CHEMBL482967,Cc1nc(N)sc1c2ccnc(Nc3ccc(cc3)N4CCOCC4)n2,5.8
622,CHEMBL1965836,Cc1n[nH]c2ccc(cc12)c3cncc(OCC(N)Cc4cccc(OC(F)(F)F)c4)c3,7.2
623,CHEMBL583144,Clc1ccc(Cl)c2c3N=CNC(=O)c3sc12,5.8
624,CHEMBL1974310,NC(=O)c1cc2c(cncc2s1)c3ccc(F)cc3,5.2
627,CHEMBL1982957,NC(=O)c1cccc(c1)c2cnc3[nH]cc(c4ccccc4)c3c2,6.6
629,CHEMBL1975138,OC(C(=O)NNC(=S)Nc1ccc(F)cc1)(c2ccccc2)c3ccccc3,5.2
634,CHEMBL2003271,NC(=O)c1sc2ccc(Cl)c(Cl)c2c1NC(=O)c3ccc(Cl)cc3,6.4
639,CHEMBL1983111,CC(=O)NCC(=O)N1C2CCC1c3cc(Nc4ncc(c(NC5CCC5)n4)C(F)(F)F)ccc23,6.3
640,CHEMBL1973860,OCCNc1cc2cc(ccc2cn1)c3ccsc3,5.1
642,CHEMBL260135,Nc1n[nH]c2nnc(c3ccccc3)c(c4ccccc4)c12,5.1
643,CHEMBL220241,CCn1c(nc2cnc(Oc3cccc(NC(=O)c4ccc(OCCN5CCOCC5)cc4)c3)cc12)c6nonc6N,7.6
646,CHEMBL1989569,CN(C)CCOc1cccc(c1)c2nc3c(cccc3[nH]2)C(=O)N,5.4
649,CHEMBL1991078,COc1ccc(cc1OC)C(=O)Nc2n[nH]c3ccc(cc23)c4cn(Cc5ccccc5)nn4,6.3
651,CHEMBL565612,CN1CCN(CC1)c2nc(C3=C(C(=O)NC3=O)c4c[nH]c5ccccc45)c6ccccc6n2,6.6
652,CHEMBL1994438,NC1CCCCC1Nc2nc(Cl)cc(n2)c3c[nH]c4ncccc34,7.2
658,CHEMBL1969502,O=C(Nc1cc2C(=O)NN=Cc3c[nH]c(c1)c23)C4CC4c5ccccc5,7.4
659,CHEMBL1682553,CC(C)Nc1c(nc2ncccn12)c3ccc4[nH]ncc4c3,6.2
662,CHEMBL1997764,COc1ccc(cc1)C(=O)Nc2cnc3[nH]cc(c4ccccc4)c3c2,5.9
663,CHEMBL1985092,Oc1ccc(cc1)c2n[nH]c(Nc3cccc(Cl)c3)c2c4ccc(O)cc4,6.3
667,CHEMBL1981133,NC(COc1cncc(c1)c2ccc3cnccc3c2)Cc4c[nH]c5ccccc45,7.5
669,CHEMBL1967544,CN(C)c1cccc2c(cccc12)S(=O)(=O)N(CCN)c3cncc(c3)c4ccc5cnccc5c4,6.5
671,CHEMBL1983268,CN1CCN(CC1)c2ccc(C(=O)Nc3n[nH]c4ccc(Cc5cc(F)cc(F)c5)cc34)c(NC6CCOCC6)c2,5.9
672,CHEMBL340384,NC(=O)C1=CN(c2ccc(O)cc2Cl)c3cc(ccc3C1=O)c4ccncc4,7.5
673,CHEMBL1969151,CN(C)C1CCC(CC1)Nc2nc(Cl)cc(n2)c3c[nH]c4ncccc34,8.0
675,CHEMBL1964804,CS(=O)(=O)NCCOc1cncc(c1)c2ccc3cnccc3c2,6.3
678,CHEMBL1965507,Cc1cccc(NC(=O)Nc2ccc(NC(=O)c3csc4ncnc(N)c34)cc2)c1,5.4
681,CHEMBL592030,NCCCn1cc(c2cc(c3cc4ccccc4s3)c5[nH]ncc5c2)c6nc(N)ncc16,6.5
682,CHEMBL2000071,OCCCNc1ncnc2[nH]cc(c3ccccc3)c12,5.8
690,CHEMBL1975490,NCCCOc1cc2C(=O)NCc2c(c1)c3ccc(Nc4oc5ccccc5n4)cc3,5.1
698,CHEMBL1998432,NC1CCCC(C1)Nc2nc(Cl)cc(n2)c3c[nH]c4ncccc34,8.6
700,CHEMBL1986186,CC(NC1=C(Nc2ccncc2)C(=O)C1=O)C(C)(C)C,5.1
704,CHEMBL1974664,COc1ccc(C=NNc2ncnc3c4ccccc4[nH]c23)cc1OC,5.1
706,CHEMBL1974288,OCC(NC(=O)c1ccc(cc1)c2ccncc2)c3ccccc3,6.6
708,CHEMBL1190711,COc1ccc(cc1OC)c2cc3nccn3c(Nc4ncccc4C(=O)N)n2,7.0
712,CHEMBL1966343,CC(C)Cc1cc(on1)c2ccc3[nH]nc(N)c3c2,5.9
713,CHEMBL1978271,CC(C)(C)c1cc(NC(=O)Nc2cccc3ccccc23)n(n1)c4cccc(c4)C(=O)NCCOCCO,7.3
714,CHEMBL1967887,Cc1n[nH]c2ccc(cc12)c3cncc(OCCN)c3,6.2
715,CHEMBL2000568,CC(=O)c1cccc(c1)c2cnc3[nH]ccc3c2,5.1
718,CHEMBL1084546,CN(c1ncccc1CNc2nc(Nc3ccc4NC(=O)Cc4c3)ncc2C(F)(F)F)S(=O)(=O)C,6.1
720,CHEMBL1974328,Cc1cccc(Nc2nc(NC3CCCCC3N)cnc2C(=O)N)c1,6.3
725,CHEMBL1972576,Cc1ccc(NC(=O)Nc2ccc(NC(=O)c3csc4ncnc(N)c34)cc2)cc1,5.7
727,CHEMBL1990254,NCC(NC(=O)c1ccc(cc1)c2ccncc2)c3ccccc3,7.3
728,CHEMBL1992342,CCCS(=O)(=O)Nc1ccc(cc1)c2ccc3[nH]nc(N)c3c2,6.2
729,CHEMBL1988173,Cc1cc(Cl)ccc1NC(=S)NNC(=O)C(O)(c2ccccc2)c3ccccc3,5.2
733,CHEMBL1966204,Fc1ccc(cc1)C(=O)Nc2n[nH]c3ccc(cc23)c4cn(Cc5ccccc5)nn4,6.1
738,CHEMBL1983945,NC(Cc1c[nH]c2ccccc12)C(=O)Nc3cncc(C=Cc4ccncc4)c3,7.0
739,CHEMBL1977135,O=C(NCc1ccccc1)c2ccc(cc2)c3ccncc3,6.8
740,CHEMBL2001920,Brc1ccc2NC(=O)C(=C3SC(=S)NC3=O)c2c1,5.6
741,CHEMBL1241473,COc1cc(Nc2ncc(c(Nc3ccccc3C(=O)N)n2)[N+](=O)[O-])cc(OC)c1OC,6.2
744,CHEMBL1972258,NCCCOc1cncc(C=Cc2ccncc2)c1,6.1
752,CHEMBL2006188,COc1cccc(c1)C(C)NC(=O)c2ccc(cc2NCCCN)c3ccncc3,6.5
755,CHEMBL1973893,CCCS(=O)(=O)Nc1ccc(cc1)c2ccc3[nH]nc(NC(=O)C)c3c2,5.2
758,CHEMBL1997534,COc1cccc(c1)C(C)NC(=O)c2cc(C)c(s2)c3ccc4[nH]nc(C)c4c3,7.8
760,CHEMBL1985095,NC(=O)Cn1cc(c2cc(c3cc4ccccc4s3)c5[nH]ncc5c2)c6nc(N)ncc16,7.1
764,CHEMBL1682540,c1cnc2nc(cn2c1)c3ccc4[nH]ncc4c3,5.2
766,CHEMBL1994864,Cc1ccc(CNC2=C(Nc3ccncc3)C(=O)C2=O)cc1,6.1
767,CHEMBL2002446,CN1CCN(Cc2ccc3c(Cc4c(n[nH]c34)c5csc(c5)C#CCOCC6CC6)c2)CC1,5.4
768,CHEMBL497151,Ic1ccc(Oc2cncc3sc(cc23)C4=NC(=O)ON4)cc1,6.1
770,CHEMBL246970,NCC1CCC(CNc2nc(NCc3ccccc3Cl)ncc2[N+](=O)[O-])CC1,5.3
771,CHEMBL340921,Cc1cc(O)ccc1N2C=C(C(=O)N)C(=O)c3ccc(cc23)c4ccncc4,6.7
772,CHEMBL1994977,CC(C)(C)c1cc(NC(=O)Nc2cccc3ccccc23)n(n1)c4cccc(c4)C(=O)NCCCCO,8.2
776,CHEMBL1973540,O=C1Nc2ccc3ncsc3c2C1=CNc4ccc(cc4)S(=O)(=O)Nc5ccccn5,8.2
777,CHEMBL1995712,CN(C)CC(=O)NC1CCCC(C1)Nc2nc(Cl)cc(n2)c3c[nH]c4ncccc34,6.4
785,CHEMBL2006439,Clc1cc(nc(NC2CCCCC2)n1)c3c[nH]c4ncccc34,6.6
791,CHEMBL1991674,OC1CCC(CC1)Nc2cc(Cl)nc(n2)c3c[nH]c4ncccc34,7.9
792,CHEMBL1982711,NC(=O)c1ccc(cc1)c2c[nH]c3nccc(Cl)c23,6.7
797,CHEMBL1998829,Clc1ccc(cc1)C(=O)Nc2cnc3[nH]cc(c4ccccc4)c3c2,6.0
799,CHEMBL1988838,Cc1cnc(Nc2cccc(c2)S(=O)(=O)N)nc1Nc3ccc(OCC(=O)N)cc3,5.6
800,CHEMBL1981725,CCN1CCN(CC1)c2ccc(Nc3nccc(n3)c4c(nc5ccccn45)c6cccc(c6)C(=O)Nc7ccccc7F)cc2,5.4
801,CHEMBL1980562,CS(=O)(=O)NC1CCC(CC1)Nc2nc(Cl)cc(n2)c3c[nH]c4ncccc34,6.9
804,CHEMBL462120,NC1=C(c2ccccc2)c3cc(Cl)ccc3NC1=O,5.1
805,CHEMBL1979933,OC(=O)c1ccccc1Nc2ncnc(Nc3cccc(F)c3)n2,5.4
808,CHEMBL1976936,OC1CCCC(C1)Nc2cc(Cl)nc(n2)c3c[nH]c4ncccc34,7.7
810,CHEMBL1082440,CC1CNCCCN1S(=O)(=O)c2cccc3cncc(C)c23,6.1
812,CHEMBL1984633,COc1cccc(c1)C(C)NC(=O)c2cnc(s2)c3ccncc3,5.8
814,CHEMBL1972988,Clc1cc(ncn1)c2c[nH]c3ncccc23,5.6
816,CHEMBL1965845,COc1cccc(c1)C(C)NC(=O)N2CCC(=CC2)c3c[nH]c4ncccc34,7.6
819,CHEMBL1990482,NC(=O)c1cccc2[nH]c(nc12)c3ccncc3,7.4
821,CHEMBL1987448,Nc1cc(cc(Cl)n1)c2c[nH]c3ncccc23,7.0
823,CHEMBL2005475,O=C(NCC1CCCCC1)c2cc3c(n[nH]c3s2)c4ccccc4,5.6
827,CHEMBL220057,Cc1cccc(NC(=O)Nc2ccc(cc2)c3cccc4[nH]nc(N)c34)c1,5.3
828,CHEMBL1682545,N(c1ccccc1)c2nc(cs2)c3ccc4[nH]ncc4c3,5.5
829,CHEMBL1974935,NC(COc1cncc(C=Cc2ccncc2)c1)Cc3c[nH]c4ccccc34,7.7
833,CHEMBL2005216,CS(=O)(=O)NC1CCC(CC1)Nc2cc(Cl)nc(n2)c3c[nH]c4ncccc34,7.2
834,CHEMBL1969506,CC(C)(C)OC(=O)n1ncc2cc(NC3=C(NCc4ccc(cc4)S(=O)(=O)N)C(=O)C3=O)ccc12,5.5
835,CHEMBL1964937,OCC(NC(=O)N1CCC(=CC1)c2c[nH]c3ncccc23)c4ccccc4,6.6
838,CHEMBL1682552,C1CCC(CC1)Nc2c(nc3ncccn23)c4ccc5[nH]ncc5c4,5.7
839,CHEMBL1972568,COc1cncc(C=Cc2ccncc2)c1,5.5
840,CHEMBL1974870,Cc1n[nH]c2ccc(cc12)c3cncc(OCC(N)Cc4cccc(Cl)c4)c3,7.8
841,CHEMBL1971223,CC(C)C(CO)NC(=O)c1cccc(c1)n2nc(cc2NC(=O)Nc3cccc4ccccc34)C(C)(C)C,6.4
842,CHEMBL2002702,Cc1cc(C)c(C=C2C(=O)Nc3ccccc23)[nH]1,5.9
843,CHEMBL1970903,Cc1n[nH]c2ccc(cc12)c3cncc(OCC(N)Cc4c[nH]c5ccccc45)c3,8.3
844,CHEMBL1969523,CC(NC1=C(Nc2ccnc(Nc3cccc(C)c3)n2)C(=O)C1=O)C(C)(C)C,6.0
848,CHEMBL526133,O=C1NC(=CC(=N1)c2ccc3[nH]ncc3c2)c4ccccc4,5.2
853,CHEMBL1999428,CC(NC(=O)c1ccc(cc1)c2ccncc2)c3ccccc3,6.5
855,CHEMBL1516890,Cn1cc(C=C2C(=O)Nc3cccnc23)c4ccccc14,5.6
858,CHEMBL2001751,NC(COc1cncc(c1)c2ccc3NC(=O)C(=Cc4occc4)c3c2)Cc5c[nH]c6ccccc56,8.3
861,CHEMBL1972659,Cc1c(O)ccc2C(=NNC(=O)Cc3cccc4ccccc34)CCCc12,7.2
863,CHEMBL1970217,COc1cccc(c1)C(C)NC(=O)c2ccc(cc2)c3ccncc3C,7.1
866,CHEMBL1969843,C(C1CCOCC1)n2cc(nn2)c3ccc4[nH]ncc4c3,5.2
869,CHEMBL1987007,CN1CCC(CC1)NC(=O)c2cc3c(n[nH]c3s2)c4ccccc4,5.3
870,CHEMBL1969588,Clc1cc(cc(NCc2ccccc2)n1)c3c[nH]c4ncccc34,8.6
872,CHEMBL1967878,CN1CCN(CC1)c2ccc(Nc3ncc(F)c(NC4C5CC(C=C5)C4C(=O)N)n3)cc2C,7.3
874,CHEMBL484390,CCCCn1c(NC(=O)c2ccc(cc2)C#N)nc3cc(ccc13)N(C)C(=O)C4CCCCC4,5.5
875,CHEMBL1979252,FC(F)(F)c1cccc(CNC2=C(Nc3ccncc3)C(=O)C2=O)c1,5.9
877,CHEMBL1986499,Nc1n[nH]c2ccc(cc12)c3nnn(Cc4ccccc4)c3c5ccc(F)cc5,6.2
879,CHEMBL2000393,Fc1ccc2ncn(c3ncc4NC(=O)N(C5CCOc6c(F)cccc56)c4n3)c2c1,6.8
881,CHEMBL1992634,Brc1cnc2[nH]cc(c3ccccc3)c2c1,6.0
889,CHEMBL2001239,Nc1ncnc(Nc2cc(CNC(=O)C(F)(F)F)c(O)c(c2)c3ccc(Cl)cc3)n1,6.0
890,CHEMBL1988594,Nc1ncnc2scc(C(=O)Nc3ccc(NC(=O)Nc4ccccc4)cc3)c12,5.3
892,CHEMBL1992363,CN(C)c1ccc(cc1)C(=O)Nc2n[nH]c3ccc(cc23)c4cn(Cc5ccccc5)nn4,5.9
894,CHEMBL1999811,Oc1ccc(C=NNC(=O)Nc2cccc3nsnc23)c(O)c1,5.9
898,CHEMBL2000481,NCCNS(=O)(=O)c1cccc(c1)C(=O)Nc2ccc(cc2)C3=NNC(=O)c4ccccc34,5.2
901,CHEMBL1982271,CN(C)CC(=O)NC1CCC(CC1)Nc2nc(Cl)cc(n2)c3c[nH]c4ncccc34,7.4
902,CHEMBL2007296,CCCOc1cccc(c1)C(C)NC(=O)c2ccc(cc2)c3ccncc3,6.1
903,CHEMBL208637,CCOc1nc(NC(=O)C)cc(N)c1C#N,5.1
904,CHEMBL396523,OC(=O)c1ccccc1Nc2ccnc(Nc3ccc4[nH]ncc4c3)n2,6.7
912,CHEMBL1971029,CNS(=O)(=O)c1ccccc1Nc2nc(Nc3cc(ccc3OC)N4CCN(CC4)C(=O)C)ncc2Br,6.8
916,CHEMBL1996111,CN(C)C(=O)c1c(nnn1Cc2ccccc2)c3ccc4[nH]ncc4c3,6.1
917,CHEMBL1966175,CC1CCN(CC1c2ncc3cnc4[nH]ccc4n23)C(=O)CC#N,6.5
920,CHEMBL379975,Oc1ccc2[nH]c3cc(c4ccccc4Cl)c5C(=O)NC(=O)c5c3c2c1,6.5
921,CHEMBL474432,COc1cc2ncn(c3cc(OCc4ccccc4C(F)(F)F)c(s3)C(=O)O)c2cc1OC,5.3
923,CHEMBL1986666,OC(=O)c1ccccc1Nc2ncnc(Nc3ccc4cn[nH]c4c3)n2,5.7
926,CHEMBL1988437,CNC(=O)c1ccccc1Sc2ccc3c(C=Cc4ccccn4)n[nH]c3c2,6.0
927,CHEMBL1979577,Cc1cccc(NC(=O)Nc2ccc(cc2)c3csc4c(cnc(N)c34)C#CC(C)(C)N)c1,5.3
928,CHEMBL1998121,NCCC(C(=O)Nc1ccc2[nH]ncc2c1)c3ccc(Cl)c(Cl)c3,7.7
933,CHEMBL1979357,Cn1cc(C(CN)c2cncc(C=Cc3ccncc3)c2)c4ccccc14,6.1
934,CHEMBL1996817,CCCCOc1ncnc2[nH]cc(c3ccccc3)c12,6.7
939,CHEMBL1990885,CCN(CC)CCNC(=O)c1c(C)[nH]c(C=C2C(=O)Nc3ccc(F)cc23)c1C,5.6
943,CHEMBL41783,CN(C)CCCC(=O)Nc1n[nH]c2nnc(cc12)c3cccc(F)c3F,5.3
944,CHEMBL2006276,COc1cccc2NC(=O)c3ccc(Nc4ccncc4)cc3Nc12,6.3
949,CHEMBL1990162,O=C(Nc1n[nH]c2ccc(cc12)c3cn(Cc4ccccc4)nn3)c5ccc(cc5)C#N,5.4
950,CHEMBL1992220,CCNC(=O)NC1CCC(CC1)Nc2nc(Cl)cc(n2)c3c[nH]c4ncccc34,7.4
952,CHEMBL234085,CC1CCN(CC1N(C)c2ncnc3[nH]ccc23)C(=O)CC#N,6.6
955,CHEMBL1969042,Oc1ccc(Nc2[nH]nc(c3ccc(O)cc3)c2c4ccc(O)cc4)cc1,5.8
956,CHEMBL2000345,COc1cc(C=C(C#N)c2nc3cc(C)ccc3[nH]2)c(Br)cc1O,5.2
957,CHEMBL1999931,O=C(Nc1n[nH]c2ccc(cc12)c3cn(Cc4ccccc4)nn3)c5ccccc5,6.5
959,CHEMBL2007064,Cc1[nH]c(C=C2C(=O)Nc3ccccc23)c(C)c1CCC(=O)O,6.0
960,CHEMBL1981047,COC(C(=O)N1Cc2[nH]nc(NC(=O)c3ccc(cc3)N4CCN(C)CC4)c2C1)c5ccccc5,5.3
961,CHEMBL1991063,Cc1n[nH]c2ccc(cc12)c3cncc(OCC(N)Cc4ccc(Cl)c(Cl)c4)c3,7.7
962,CHEMBL1976240,COc1cccc(c1)C(CN)NC(=O)c2ccc(cc2)c3ccncc3,7.4
963,CHEMBL1987948,CS(=O)(=O)NC1CCCC(C1)Nc2nc(Cl)cc(n2)c3c[nH]c4ncccc34,6.6
965,CHEMBL1968151,O=C1Nc2sccc2c3nc(nn13)c4ccncc4,5.2
966,CHEMBL1987009,COc1cccc(CNC(=O)c2cc3c(n[nH]c3s2)c4ccccc4)c1,6.0
967,CHEMBL2002726,Cc1n[nH]c2ccc(cc12)c3cncc(OCC(N)Cc4ccccc4)c3,7.0
972,CHEMBL1994938,Nc1ncc(C=CC(=O)NCCCn2ccnc2)c3scc(c4ccc(Br)cc4)c13,5.1
977,CHEMBL1997846,Clc1cc(NC2CCCCC2)nc(n1)c3c[nH]c4ncccc34,6.9
979,CHEMBL2007073,CC(C)(C)c1cc(NC(=O)Nc2cccc3ccccc23)n(n1)c4cccc(c4)C(=O)NCCCO,5.5
984,CHEMBL1968930,CC(C)(CN)CNc1nc(Cl)cc(n1)c2c[nH]c3ncccc23,8.6
992,CHEMBL1983534,C(Nc1nc2ccc(cc2s1)c3ccncc3)c4ccccc4,6.8
993,CHEMBL1982361,Fc1ccccc1CNC2=C(Nc3ccncc3)C(=O)C2=O,6.4
995,CHEMBL1982122,OCCC(Nc1nc2ccc(cc2s1)c3ccncc3)c4ccccc4,6.9
997,CHEMBL1682546,C(Nc1nc(cs1)c2ccc3[nH]ncc3c2)c4ccccc4,6.2
1000,CHEMBL1972142,O=C(NCc1ccccc1)c2cccc(c2)c3cnc4[nH]ccc4c3,5.8
1002,CHEMBL2003638,Fc1cccc(c1)C(=O)Nc2n[nH]c3ccc(cc23)c4cn(Cc5ccccc5)nn4,5.5
1007,CHEMBL1375640,Cc1nc(COc2ccccc2Cl)sc1c3ccnc(N)n3,5.8
1013,CHEMBL2005509,CNC(=O)NC1CCC(CC1)Nc2nc(Cl)cc(n2)c3c[nH]c4ncccc34,7.6
1018,CHEMBL1994526,CC(N)C1CCC(CC1)C(=O)Nc2ccncc2,7.0
1022,CHEMBL392642,CSc1ccccc1CNc2ncc(c(NCC3CCC(CN)CC3)n2)[N+](=O)[O-],5.9
1026,CHEMBL1991188,COc1cccc(c1)C(C)NC(=O)c2ccc(cc2OC)c3ccncc3F,6.9
1029,CHEMBL1986855,COc1ccc(CNc2cc(cc(F)n2)c3c[nH]c4ncccc34)cc1,6.8
1036,CHEMBL1969301,CCCCn1c(NC(=O)c2cccc(c2)C#N)nc3cc(ccc13)N(C)C(=O)C4CCCCC4,6.1
1040,CHEMBL1980297,Nc1ncc(c2cnn(CCO)c2)c3scc(c4ccc(NC(=O)Nc5cccc(F)c5)cc4)c13,5.6
1041,CHEMBL1999484,CNc1nc(C)c(s1)c2ccnc(Nc3ccc(cc3)N4CCNCC4)n2,5.9
1045,CHEMBL243088,OC(=O)c1ccccc1Nc2ccnc(Nc3cccc(O)c3)n2,5.9
1047,CHEMBL1993661,CNS(=O)(=O)c1ccccc1Nc2nc(Nc3cc(OC)c(OC)c(OC)c3)ncc2Cl,7.1
1048,CHEMBL1974416,Fc1cccc(C(=O)Nc2cnc3[nH]cc(c4ccccc4)c3c2)c1F,5.9
1051,CHEMBL1980391,COc1cc2Nc3n[nH]c(C)c3N=C(c4ccccc4Cl)c2cc1F,5.7
1412,CHEMBL3338837,CC(C)(N)CNc1nc(nc2cnccc12)c3ccncc3,7.24
1413,CHEMBL3338838,CC(C)(N)CNc1nc(nc2cnccc12)c3ccc4[nH]ncc4c3,6.13
1414,CHEMBL3338839,C1CN(CCN1)c2nc(nc3cnccc23)c4ccc5[nH]ncc5c4,6.01
1415,CHEMBL3338840,C1CN(CCN1)c2nc(nc3ccccc23)c4ccc5[nH]ncc5c4,6.0
1416,CHEMBL3338841,C1CN(CCN1)c2nc(cc3ccccc23)c4ccc5[nH]ncc5c4,6.04
1417,CHEMBL3338842,NCCNc1nc(nc2ccccc12)c3ccc4[nH]ncc4c3,6.02
1451,CHEMBL3787112,Nc1ncnc2c1c(cn2[C@@H]3C[C@H](CN4CCC4)C3)c5cccc(O)c5,5.62
