,molecule_chembl_id,canonical_smiles,pchembl_value
0,CHEMBL1209675,C[C@@H](Oc1cc(sc1C(=O)N)n2cnc3ccc(cc23)c4ccncc4)c5ccccc5Cl,7.6
1,CHEMBL522618,C[C@H](Nc1cc2c(noc2cn1)c3ccc4OCOc4c3)c5ccccc5,7.62
2,CHEMBL1945171,CN(C)CCCc1ccc(C)c(Nc2ncc3CC(=S)Nc4cc(Cl)ccc4c3n2)c1,7.75
3,CHEMBL1094478,CSc1ccccc1Nc2ncc3CCc4c(nn(C)c4c3n2)C(=O)N,7.8
4,CHEMBL1209676,C[C@@H](Oc1cc(sc1C(=O)N)n2cnc3cc(ccc23)c4cccnc4)c5ccccc5C(F)(F)F,7.8
5,CHEMBL1209606,C[C@@H](Oc1cc(sc1C(=O)N)n2cnc3ccc(cc23)c4ccncc4)c5ccccc5C(F)(F)F,7.8
6,CHEMBL559845,Cn1nc(C(=O)N)c2CCc3cnc(Nc4ccccc4)nc3c12,7.85
7,CHEMBL1094135,COc1ccccc1Nc2ncc3CCc4c(nn(C)c4c3n2)C(=O)N,7.89
8,CHEMBL1209843,C[C@@H](Oc1cc(sc1C(=O)N)n2cnc3ccc(cc23)c4cnn(C)c4)c5ccccc5Cl,7.89
9,CHEMBL1097022,Cn1nc(C(=O)N)c2CCc3cnc(Nc4ccccc4N)nc3c12,7.89
10,CHEMBL1945170,CN(C)CCCc1cccc(Nc2ncc3CC(=S)Nc4cc(Cl)ccc4c3n2)c1,7.92
11,CHEMBL1095457,CNc1ccccc1Nc2ncc3CCc4c(nn(C)c4c3n2)C(=O)N,7.96
12,CHEMBL1209674,C[C@@H](Oc1cc(sc1C(=O)N)n2cnc3cc(ccc23)c4ccncc4)c5ccccc5Cl,8.0
13,CHEMBL1945801,CN(C)CCCc1cc(Nc2ncc3CC(=S)Nc4cc(Cl)ccc4c3n2)ccc1C(F)(F)F,8.05
14,CHEMBL514499,COc1cc2ncn(c3cc(OCc4ccccc4C(F)(F)F)c(s3)C(=O)N)c2cc1OC,8.05
15,CHEMBL514162,COc1cc2ncn(c3cc(OCc4ccccc4Cl)c(s3)C(=O)N)c2cc1OC,8.05
16,CHEMBL1209605,C[C@@H](Oc1cc(sc1C(=O)N)n2cnc3cc(ccc23)c4ccncc4)c5ccccc5C(F)(F)F,8.1
17,CHEMBL1945501,CN(C)CCCc1cc(Nc2ncc3CC(=S)Nc4cc(Cl)ccc4c3n2)ccc1F,8.16
18,CHEMBL222419,COc1cc2ncn(c3cc(O[C@H](C)c4ccccc4Cl)c(s3)C(=O)N)c2cc1OC,8.22
19,CHEMBL1209841,C[C@@H](Oc1cc(sc1C(=O)N)n2cnc3cc(ccc23)c4cnn(C)c4)c5ccccc5C(F)(F)F,8.22
20,CHEMBL1209842,C[C@@H](Oc1cc(sc1C(=O)N)n2cnc3cc(ccc23)c4cnn(C)c4)c5ccccc5Cl,8.22
21,CHEMBL1094477,Cc1ccccc1Nc2ncc3CCc4c(nn(C)c4c3n2)C(=O)N,8.22
22,CHEMBL475251,COc1cc(Nc2ncc(F)c(Nc3ccc4OC(C)(C)C(=O)Nc4n3)n2)cc(OC)c1OC,8.29
23,CHEMBL1945500,CN(C)CCCc1cc(Cl)cc(Nc2ncc3CC(=S)Nc4cc(Cl)ccc4c3n2)c1,8.3
24,CHEMBL1945502,COc1ccc(Nc2ncc3CC(=S)Nc4cc(Cl)ccc4c3n2)cc1CCCN(C)C,8.3
25,CHEMBL1208892,C[C@@H](Oc1cc(sc1C(=O)N)n2cnc3cc(ccc23)c4ccnc(N)n4)c5ccccc5C(F)(F)F,8.3
26,CHEMBL513909,CC[C@H]1N(C2CCCC2)c3nc(Nc4ccc(cc4OC)C(=O)NC5CCN(C)CC5)ncc3N(C)C1=O,8.4
27,CHEMBL2205426,CC(C)(C)NC1=C(Nc2ccnc(Nc3ccc(cc3)c4ccncc4)n2)C(=O)C1=O,8.7
