,molecule_chembl_id,canonical_smiles,pchembl_value
0,axitinib,CNC(=O)C1=C(SC2=CC=C3C(NN=C3\C=C\C3=CC=CC=N3)=C2)C=CC=C1,8.38
1,CHEMBL2407901,COCCOc1ccc2Nc3ncnc4[nH]cc(CN(C)CCCN(C)C(=O)COc1c2)c34,7.6
2,CHEMBL2407911,O=C1Nc2ccccc2/C/1=C\c3ccc4cn[nH]c4c3,7.66
3,CHEMBL1908397,O=C(N1CCNCC1)c2ccc(\C=C\c3n[nH]c4ccccc34)cc2,7.68
4,CHEMBL3408950,C[C@@H]1CN(Cc2cccc(\C=C\c3n[nH]c4cc(ccc34)[C@@H]5C[C@@]56C(=O)Nc7ccccc67)c2)C[C@H](C)O1,7.7
5,CHEMBL2407745,O=C1Nc2ccccc2/C/1=C\c3ccc4c(\C=C\c5ccccn5)n[nH]c4c3,7.89
6,CHEMBL3408947,COc1ccc2NC(=O)[C@@]3(C[C@H]3c4ccc5c(\C=C\c6ccc(CN7C[C@@H](C)O[C@@H](C)C7)cc6)n[nH]c5c4)c2c1,7.91
7,CHEMBL572878,CN1CCN(CC1)c2cc(Nc3cc(C)[nH]n3)nc(Sc4ccc(NC(=O)C5CC5)cc4)n2,7.96
8,CHEMBL1980391,COc1cc2Nc3n[nH]c(C)c3N=C(c4ccccc4Cl)c2cc1F,7.96
9,CHEMBL3408949,O=C1Nc2ccccc2[C@]13C[C@H]3c4ccc5c(\C=C\c6cccc(CN7CCOCC7)c6)n[nH]c5c4,8.12
10,CHEMBL3408946,C[C@@H]1CN(Cc2ccc(\C=C\c3n[nH]c4cc(ccc34)[C@@H]5C[C@@]56C(=O)Nc7ccccc67)cc2)C[C@H](C)O1,8.13
11,CHEMBL2407900,COc1ccc2NC(=O)\C(=C\c3ccc4c(\C=C\c5ccc(nc5)N6CCN(C)CC6)n[nH]c4c3)\c2c1,8.14
12,CHEMBL3353357,Cc1ccc2NC(=O)[C@@]3(C[C@H]3c4ccc5c(\C=C\c6ccc(CN7CCOCC7)cc6)n[nH]c5c4)c2c1,8.14
13,CHEMBL2205426,CC(C)(C)NC1=C(Nc2ccnc(Nc3ccc(cc3)c4ccncc4)n2)C(=O)C1=O,8.16
14,CHEMBL3353362,O=C1Nc2ccccc2[C@]13C[C@H]3c4ccc5c(\C=C\c6ccc(CN7CCCCC7)cc6)n[nH]c5c4,8.17
15,CHEMBL3353344,Cc1ccc(\C=C\c2n[nH]c3cc(ccc23)[C@@H]4C[C@@]45C(=O)Nc6ccccc56)c(C)n1,8.2
16,CHEMBL3408948,COc1ccc2N(C)C(=O)[C@@]3(C[C@H]3c4ccc5c(\C=C\c6ccc(CN7C[C@@H](C)O[C@@H](C)C7)cc6)n[nH]c5c4)c2c1,8.24
17,CHEMBL2407749,O=C1Nc2ccccc2/C/1=C\c3ccc4c(\C=C\c5ccncc5)n[nH]c4c3,8.27
18,CHEMBL3408952,O=C1Nc2ccccc2[C@]13C[C@H]3c4ccc5c(\C=C\c6ccc(CN7CC8CCC(C7)O8)cc6)n[nH]c5c4,8.28
19,CHEMBL3353356,Fc1ccc2NC(=O)[C@@]3(C[C@H]3c4ccc5c(\C=C\c6ccc(CN7CCOCC7)cc6)n[nH]c5c4)c2c1,8.31
20,CHEMBL3353343,Cc1ccc(\C=C\c2n[nH]c3cc(ccc23)[C@@H]4C[C@@]45C(=O)Nc6ccccc56)cn1,8.34
21,CHEMBL475251,COc1cc(Nc2ncc(F)c(Nc3ccc4OC(C)(C)C(=O)Nc4n3)n2)cc(OC)c1OC,8.38
22,CHEMBL2407897,CN(C)Cc1ccc(\C=C\c2n[nH]c3cc(\C=C/4\C(=O)Nc5ccccc45)ccc23)cc1,8.4
23,CHEMBL3408943,F[C@@H]1CCN(Cc2ccc(\C=C\c3n[nH]c4cc(ccc34)[C@@H]5C[C@@]56C(=O)Nc7ccccc67)cc2)C1,8.42
24,CHEMBL3353340,O=C1Nc2ccccc2[C@]13C[C@H]3c4ccc5c(\C=C\c6ccncc6)n[nH]c5c4,8.44
25,CHEMBL1230609,COc1cc2c(Oc3ccc(NC(=O)C4(CC4)C(=O)Nc5ccc(F)cc5)cc3F)ccnc2cc1OCCCN6CCOCC6,8.46
26,CHEMBL3353358,COc1ccc2NC(=O)[C@@]3(C[C@H]3c4ccc5c(\C=C\c6cc(F)c(CN7CCOCC7)c(F)c6)n[nH]c5c4)c2c1,8.47
27,CHEMBL302449,Cn1c2ccccc2c3c4C(=O)NCc4c5c6ccccc6n(CCC#N)c5c13,8.47
28,CHEMBL3353342,O=C1Nc2ccccc2[C@]13C[C@H]3c4ccc5c(\C=C\c6cccnc6)n[nH]c5c4,8.47
29,CHEMBL3353349,CN(C)Cc1ccc(\C=C\c2n[nH]c3cc(ccc23)[C@@H]4C[C@@]45C(=O)Nc6ccc(OC(F)F)cc56)cc1,8.59
30,CHEMBL3353359,CN1CCN(Cc2ccc(\C=C\c3n[nH]c4cc(ccc34)[C@@H]5C[C@@]56C(=O)Nc7ccccc67)cc2)CC1,8.62
31,CHEMBL2407750,Clc1ccc2NC(=O)\C(=C\c3ccc4c(\C=C\c5ccncc5)n[nH]c4c3)\c2c1,8.64
32,CHEMBL3353354,O=C1Nc2ccccc2[C@]13C[C@H]3c4ccc5c(\C=C\c6ccc(CN7CCOCC7)cc6)n[nH]c5c4,8.64
33,CHEMBL3353355,COc1ccc2NC(=O)[C@@]3(C[C@H]3c4ccc5c(\C=C\c6ccc(CN7CCOCC7)cc6)n[nH]c5c4)c2c1,8.66
34,CHEMBL3353341,COc1ccc2NC(=O)[C@@]3(C[C@H]3c4ccc5c(\C=C\c6ccc(nc6)N7CCN(C)CC7)n[nH]c5c4)c2c1,8.66
35,CHEMBL3353353,CCc1ccc2NC(=O)[C@@]3(C[C@H]3c4ccc5c(\C=C\c6ccc(CN(C)C)cc6)n[nH]c5c4)c2c1,8.7
36,CHEMBL2407746,O=C1Nc2ccccc2/C/1=C\c3ccc4c(\C=C\c5cccnc5)n[nH]c4c3,8.7
37,CHEMBL3353345,O=C1Nc2ccccc2[C@]13C[C@H]3c4ccc5c(\C=C\c6ccc(CN7CCCCC7)nc6)n[nH]c5c4,8.7
38,CHEMBL3353360,CCN(CC)Cc1ccc(\C=C\c2n[nH]c3cc(ccc23)[C@@H]4C[C@@]45C(=O)Nc6ccccc56)cc1,8.75
39,CHEMBL3408953,O=C1Nc2ccccc2[C@]13C[C@H]3c4ccc5c(\C=C\c6ccc(CN7CCCOCC7)cc6)n[nH]c5c4,8.77
40,CHEMBL2407747,CCc1ccc2NC(=O)\C(=C\c3ccc4c(\C=C\c5cccnc5)n[nH]c4c3)\c2c1,8.8
41,CHEMBL3408957,CC(C)N1CCC(CC1)Oc2ccc(\C=C\c3n[nH]c4cc(ccc34)[C@@H]5C[C@@]56C(=O)Nc7ccccc67)cc2,8.82
42,CHEMBL3408951,COc1ccc2N(C)C(=O)[C@@]3(C[C@H]3c4ccc5c(\C=C\c6ccc(cc6)[C@H](C)N7CCOCC7)n[nH]c5c4)c2c1,8.82
43,CHEMBL603469,C[C@]12O[C@H](C[C@]1(O)CO)n3c4ccccc4c5c6C(=O)NCc6c7c8ccccc8n2c7c35,8.82
44,CHEMBL3408942,CN(C)Cc1ccc(\C=C\c2n[nH]c3cc(ccc23)[C@@H]4C[C@@]45C(=O)N(C)c6ccccc56)cc1,8.85
45,CHEMBL3353347,CN(C)Cc1ccc(\C=C\c2n[nH]c3cc(ccc23)[C@@H]4C[C@@]45C(=O)Nc6ccccc56)cc1,8.85
46,CHEMBL2407899,CN1CCN(CC1)c2ccc(\C=C\c3n[nH]c4cc(\C=C/5\C(=O)Nc6ccccc56)ccc34)cn2,8.85
47,CHEMBL3353346,COc1ccc2NC(=O)[C@@]3(C[C@H]3c4ccc5c(\C=C\c6ccc(CN7CCCCC7)nc6)n[nH]c5c4)c2c1,8.85
48,CHEMBL2407893,Cc1ccc2NC(=O)\C(=C\c3ccc4c(\C=C\c5ccncc5)n[nH]c4c3)\c2c1,8.85
49,CHEMBL3408940,CN1CCN(CC1)c2ccc(\C=C\c3n[nH]c4cc(ccc34)[C@@H]5C[C@@]56C(=O)N(C)c7ccccc67)cn2,8.89
50,CHEMBL3408945,COc1ccc2N(C)C(=O)[C@@]3(C[C@H]3c4ccc5c(\C=C\c6ccc(CN7CCOCC7)cc6)n[nH]c5c4)c2c1,8.89
51,CHEMBL3353361,O=C1Nc2ccccc2[C@]13C[C@H]3c4ccc5c(\C=C\c6ccc(CN7CCCC7)cc6)n[nH]c5c4,8.89
52,CHEMBL3353350,CN(C)Cc1ccc(\C=C\c2n[nH]c3cc(ccc23)[C@@H]4C[C@@]45C(=O)Nc6ccc(Cl)cc56)cc1,8.92
53,CHEMBL3408956,CN1CCC(CC1)Oc2ccc(\C=C\c3n[nH]c4cc(ccc34)[C@@H]5C[C@@]56C(=O)Nc7ccccc67)cc2,8.96
54,CHEMBL3353348,COc1ccc2NC(=O)[C@@]3(C[C@H]3c4ccc5c(\C=C\c6ccc(CN(C)C)cc6)n[nH]c5c4)c2c1,8.96
55,CHEMBL509032,COc1cc(ccc1Nc2ncc(Cl)c(Nc3ccccc3S(=O)(=O)C(C)C)n2)N4CCC(CC4)N5CCN(C)CC5,9.03
56,CHEMBL3408941,O=C1Nc2ccccc2[C@]13C[C@H]3c4ccc5c(\C=C\c6ccc(cc6)N7CCNCC7)n[nH]c5c4,9.05
57,CHEMBL2407895,Oc1ccc2NC(=O)\C(=C\c3ccc4c(\C=C\c5ccncc5)n[nH]c4c3)\c2c1,9.05
58,CHEMBL2407744,OC(=O)c1ccc(\C=C\c2n[nH]c3cc(\C=C/4\C(=O)Nc5ccccc45)ccc23)cc1,9.09
59,CHEMBL3353352,CN(C)Cc1ccc(\C=C\c2n[nH]c3cc(ccc23)[C@@H]4C[C@@]45C(=O)Nc6ccc(F)cc56)cc1,9.1
60,CHEMBL388978,CN[C@@H]1C[C@H]2O[C@@](C)([C@@H]1OC)n3c4ccccc4c5c6CNC(=O)c6c7c8ccccc8n2c7c35,9.11
61,CHEMBL3353351,CN(C)Cc1ccc(\C=C\c2n[nH]c3cc(ccc23)[C@@H]4C[C@@]45C(=O)Nc6ccc(C)cc56)cc1,9.15
62,CHEMBL3408954,C[C@@H]1CN(Cc2ccc(\C=C\c3n[nH]c4cc(ccc34)[C@@H]5C[C@@]56C(=O)Nc7ccccc67)cc2)C[C@H](C)N1C,9.19
63,CHEMBL3408944,COc1ccc2NC(=O)[C@@]3(C[C@H]3c4ccc5c(\C=C\c6ccc(CN7CCCCC7)cc6)n[nH]c5c4)c2c1,9.22
64,CHEMBL2407748,COc1ccc2NC(=O)\C(=C\c3ccc4c(\C=C\c5cccnc5)n[nH]c4c3)\c2c1,9.32
65,CHEMBL2407894,COc1ccc2NC(=O)\C(=C\c3ccc4c(\C=C\c5ccncc5)n[nH]c4c3)\c2c1,9.35
66,CHEMBL3408955,COc1ccc2NC(=O)[C@@]3(C[C@H]3c4ccc5c(\C=C\c6ccc(CN7[C@H](C)CN(C)C[C@@H]7C)cc6)n[nH]c5c4)c2c1,9.41
67,CHEMBL2407898,COc1ccc2NC(=O)\C(=C\c3ccc4c(\C=C\c5ccc(CN(C)C)cc5)n[nH]c4c3)\c2c1,9.5
