,molecule_chembl_id,canonical_smiles,pchembl_value
0,sunitinib,CCN(CC)CCNC(=O)c1c(C)[nH]c(\C=C\2/C(=O)Nc3ccc(F)cc23)c1C,7.72
1,CHEMBL509032,COc1cc(ccc1Nc2ncc(Cl)c(Nc3ccccc3S(=O)(=O)C(C)C)n2)N4CCC(CC4)N5CCN(C)CC5,7.57
2,CHEMBL603469,C[C@]12O[C@H](C[C@]1(O)CO)n3c4ccccc4c5c6C(=O)NCc6c7c8ccccc8n2c7c35,7.6
3,CHEMBL514409,CCS(=O)(=O)Nc1ccc2NC(=O)\C(=C(/Nc3ccc(CN4CCCCC4)cc3)\c5ccccc5)\c2c1,7.72
4,CHEMBL388978,CN[C@@H]1C[C@H]2O[C@@](C)([C@@H]1OC)n3c4ccccc4c5c6CNC(=O)c6c7c8ccccc8n2c7c35,8.05
5,CHEMBL3780091,N[C@@H]1CC[C@@H](CC1)NC2=C(C(=O)NC=C2)c3nc4ccccc4[nH]3,8.26
