,molecule_chembl_id,canonical_smiles,pchembl_value
0,CHEMBL498924,C[C@@H](NC(=O)CCCCCNC(=O)[C@@H]1C[C@@H](O)[C@@H](C1)n2cnc3c(N)ncnc23)C(=O)NCCCCCC(=O)N[C@H](CCCNC(=N)N)C(=O)N[C@H](CCCNC(=N)N)C(=O)N,7.68
1,CHEMBL494089,CCn1c(nc2c(ncc(OC[C@H]3CCCNC3)c12)C#CC(C)(C)O)c4nonc4N,7.72
2,CHEMBL388978,CN[C@@H]1C[C@H]2O[C@@](C)([C@@H]1OC)n3c4ccccc4c5c6CNC(=O)c6c7c8ccccc8n2c7c35,7.72
3,CHEMBL1077369,NCCCC[C@@H](NC(=O)CCCCCNC(=O)c1ccc(s1)c2ccnc(N)n2)C(=O)NCCCCCC(=O)N[C@H](CCCNC(=N)N)C(=O)N[C@H](CCCNC(=N)N)C(=O)N,7.85
4,CHEMBL524516,NCCCC[C@@H](NC(=O)CCCCCNC(=O)[C@H]1O[C@H]([C@H](O)[C@@H]1O)n2cnc3c(N)ncnc23)C(=O)NCCCCCC(=O)N[C@H](CCCNC(=N)N)C(=O)N[C@H](CCCNC(=N)N)C(=O)N[C@H](CCCNC(=N)N)C(=O)N[C@H](CCCNC(=N)N)C(=O)N,7.87
5,CHEMBL397521,NC(=N)NCCC[C@H](NC(=O)[C@H](CCCNC(=N)N)NC(=O)[C@H](CCCNC(=N)N)NC(=O)[C@H](CCCNC(=N)N)NC(=O)[C@H](CCCNC(=N)N)NC(=O)[C@H](CCCNC(=N)N)NC(=O)CCCCCNC(=O)[C@@H]1C[C@@H](O)[C@@H](C1)n2cnc3c(N)ncnc23)C(=O)N,7.89
6,CHEMBL500989,NCCCC[C@@H](NC(=O)CCCCCNC(=O)[C@H]1O[C@H]([C@H](O)[C@@H]1O)n2cnc3c(N)ncnc23)C(=O)NCCCC(=O)N[C@H](CCCNC(=N)N)C(=O)N[C@H](CCCNC(=N)N)C(=O)N,7.9
7,CHEMBL495088,NCCCC[C@@H](NC(=O)CCCCCNC(=O)[C@H]1O[C@H]([C@H](O)[C@@H]1O)n2cnc3c(N)ncnc23)C(=O)NCCCCCCCC(=O)N[C@H](CCCNC(=N)N)C(=O)N[C@H](CCCNC(=N)N)C(=O)N,8.02
8,CHEMBL506331,NCCCC[C@@H](NC(=O)CCCCCNC(=O)[C@H]1O[C@H]([C@H](O)[C@@H]1O)n2cnc3c(N)ncnc23)C(=O)NCCCCCC(=O)N[C@@H](CCCNC(=N)N)C(=O)N[C@@H](CCCNC(=N)N)C(=O)N,8.06
9,CHEMBL279185,NC(=N)NCCC[C@@H](NC(=O)[C@@H](CCCNC(=N)N)NC(=O)[C@@H](CCCNC(=N)N)NC(=O)[C@@H](CCCNC(=N)N)NC(=O)[C@@H](CCCNC(=N)N)NC(=O)[C@@H](CCCNC(=N)N)NC(=O)CCCCCNC(=O)[C@H]1O[C@H]([C@H](O)[C@@H]1O)n2cnc3c(N)ncnc23)C(=O)N,8.08
10,CHEMBL297394,NCCCC[C@@H](NC(=O)CCCCCNC(=O)[C@H]1O[C@H]([C@H](O)[C@@H]1O)n2cnc3c(N)ncnc23)C(=O)NCCCCCC(=O)N[C@H](CCCNC(=N)N)C(=O)N[C@H](CCCNC(=N)N)C(=O)N,8.12
11,CHEMBL505949,C[C@@H](NC(=O)CCCCCNC(=O)[C@H]1O[C@H]([C@H](O)[C@@H]1O)n2cnc3c(N)ncnc23)C(=O)NCCCCCC(=O)N[C@H](CCCNC(=N)N)C(=O)N[C@H](CCCNC(=N)N)C(=O)N,8.24
12,CHEMBL1077375,NCCCC[C@@H](NC(=O)CCCCCNC(=O)c1ccc(s1)c2ccnc(N)n2)C(=O)NCCCCCC(=O)N[C@H](CCCNC(=N)N)C(=O)N[C@H](CCCNC(=N)N)C(=O)N[C@H](CCCNC(=N)N)C(=O)N[C@H](CCCNC(=N)N)C(=O)N[C@H](CCCNC(=N)N)C(=O)N[C@H](CCCNC(=N)N)C(=O)N,8.26
13,CHEMBL525385,NCCCC[C@@H](NC(=O)CCCCCNC(=O)[C@H]1O[C@H]([C@H](O)[C@@H]1O)n2cnc3c(N)ncnc23)C(=O)NCCCCCC(=O)N[C@H](CCCNC(=N)N)C(=O)N[C@H](CCCNC(=N)N)C(=O)N[C@H](CCCNC(=N)N)C(=O)N[C@H](CCCNC(=N)N)C(=O)N[C@H](CCCNC(=N)N)C(=O)N[C@H](CCCNC(=N)N)C(=O)N,8.27
14,CHEMBL413460,NC(=N)NCCC[C@@H](NC(=O)CCCCCNC(=O)[C@H]1O[C@H]([C@H](O)[C@@H]1O)n2cnc3c(N)ncnc23)C(=O)N[C@H](CCCNC(=N)N)C(=O)N[C@H](CCCNC(=N)N)C(=O)N[C@H](CCCNC(=N)N)C(=O)N[C@H](CCCNC(=N)N)C(=O)N[C@H](CCCNC(=N)N)C(=O)NC(=O)CCCCCNCCNS(=O)(=O)c4cccc5cnccc45,8.28
15,CHEMBL1077376,NCCCC[C@H](NC(=O)[C@@H](CCCNC(=N)N)NC(=O)[C@@H](CCCNC(=N)N)NC(=O)[C@@H](CCCNC(=N)N)NC(=O)[C@@H](CCCNC(=N)N)NC(=O)[C@@H](CCCNC(=N)N)NC(=O)[C@@H](CCCNC(=N)N)NC(=O)CCCCCNC(=O)[C@@H](CCCCN)NC(=O)CCCCCNC(=O)c1ccc(s1)c2ccnc(N)n2)C(=O)N,8.31
