,molecule_chembl_id,canonical_smiles,pchembl_value
0,ingenol mebutate,[H][C@@]12C[C@@]([H])(C)[C@]34C=C(C)[C@]([H])(OC(=O)C(\C)=C/C)[C@@]3(O)[C@]([H])(O)C(CO)=C[C@]([H])(C4=O)[C@]1([H])C2(C)C,8.95860767
1,ruboxistaurin,[H][C@@]1(CN(C)C)CCN2C=C(C3=CC=CC=C23)C2=C(C(=O)NC2=O)C2=CN(CCO1)C1=CC=CC=C21,7.96
2,CHEMBL401369,CCCCCCn1cc2CC[C@@H](CO)NC(=O)[C@H](C(C)C)N(C)c3cccc1c23,7.54
3,CHEMBL566853,CN(C)CCOc1cccc(c1)C2=C(C(=O)NC2=O)c3c[nH]c4ccccc34,7.54
4,CHEMBL3310293,OCC(O)Cc1cc(cc(c1)C2(CC2)C#N)c3ccnc4[nH]nc(c34)C(F)(F)F,7.59
5,CHEMBL1258348,CC1(C)CC[C@@H]2CC(=O)O[C@@H](CO)CC(=O)O[C@@H]3C[C@@H](CCCCc4cccc(O)c4)O[C@@]1(C3)O2,7.6
6,CHEMBL2151412,CN1CCN(CC1)c2nc(C3=C(C(=O)NC3=O)c4cn(C)c5ccccc45)c6ccccc6n2,7.6
7,CHEMBL3310277,OCCc1cc(cc(c1)C2(CC2)C#N)c3ccnc4[nH]nc(c34)C(F)(F)F,7.6
8,CHEMBL2147540,CN(CCN)c1nc(cc2cnccc12)c3ccncc3,7.62
9,CHEMBL258893,[Cl-].COc1ccc2c(c[n+](C)c3c2ccc4cc5OCOc5cc34)c1OC,7.62
10,CHEMBL271403,CC(C)[C@@H]1N(C)c2ccc3cnn4C=C(C[C@@H](CO)NC1=O)c2c34,7.65
11,CHEMBL27266,CC(C)[C@@H]1N(C)c2cccc3[nH]cc(C[C@@H](CO)NC1=O)c23,7.66
12,CHEMBL519741,CCCC(CCC)C(=O)OCC1(CO)C\C(=C/c2cn(C)c3ccccc23)\C(=O)O1,7.68
13,CHEMBL494089,CCn1c(nc2c(ncc(OC[C@H]3CCCNC3)c12)C#CC(C)(C)O)c4nonc4N,7.68
14,CHEMBL3393743,CCCCCC1CC1CC2CC2CCCCCCCC(=O)OCC3(CO)C\C(=C/CC(C)C)\C(=O)O3,7.7
15,CHEMBL49354,OC(=O)c1cccc(O)c1C(=O)c2c(O)cc(cc2O)C(=O)OC3CCCNCC3NC(=O)c4ccc(O)cc4,7.7
16,CHEMBL300422,OC(=O)c1cccc(O)c1C(=O)c2c(O)cc(cc2O)C(=O)OC3CNCC3Cc4ccc(O)cc4,7.7
17,CHEMBL60254,OC(=O)c1cccc(O)c1C(=O)c2c(O)cc(cc2O)C(=O)O[C@@H]3CCCNC[C@H]3NC(=O)c4ccc(O)cc4,7.7
18,CHEMBL3393746,CCCCCCCCCCCCCCCCCC(=O)OCC1(CO)C\C(=C\CC(C)C)\C(=O)O1,7.71
19,CHEMBL3393654,CCCCC\C=C\C\C=C\CCCCCCCC(=O)OCC1(CO)C\C(=C\CC(C)C)\C(=O)O1,7.71
20,CHEMBL568580,CN1CCN(CC1)c2cc(C3=C(C(=O)NC3=O)c4c[nH]c5ccccc45)c6ccccc6c2,7.72
21,CHEMBL2151410,CN1CCN(CC1)c2nc(C3=C(C(=O)NC3=O)c4c[nH]c5c(Cl)cccc45)c6ccccc6n2,7.72
22,CHEMBL2147538,CC(C)(N)CNc1nc(cc2cnccc12)c3ccncc3,7.75
23,CHEMBL46252,CCCCCCCC(=O)O[C@H]1\C(=C\C(=O)OC)\CC2C[C@@H](OC(=O)C[C@H](O)C[C@@H]3CCC[C@H](C[C@@H]4CCO[C@@H](O4)\C=C\C(C)(C)[C@]1(O)O2)O3)[C@@H](C)O,7.75
24,CHEMBL388978,CN[C@@H]1C[C@H]2O[C@@](C)([C@@H]1OC)n3c4ccccc4c5c6CNC(=O)c6c7c8ccccc8n2c7c35,7.75
25,CHEMBL2046643,CC(C)C[C@H]1CN(CCN1)c2ccc(c(n2)C(=O)c3cccnc3N)C(F)(F)F,7.77
26,CHEMBL3393745,CCCCCC1OC1CC2OC2CCCCCCCC(=O)OCC3(CO)C\C(=C/CC(C)C)\C(=O)O3,7.77
27,CHEMBL402818,CN(C)Cc1cccc(c1)c2cc3c(Nc4ccc5[nH]ccc5c4C)c(cnc3s2)C#N,7.77
28,CHEMBL2148107,C[C@@H]1CC(C)(C)[C@@]23C[C@@H](C[C@@H](CCCCc4cccc(O)c4)O2)OC(=O)C[C@H](CO)OC(=O)C[C@@H]1O3,7.77
29,CHEMBL3393744,CCCCCC1OC1CC2OC2CCCCCCCC(=O)OCC3(CO)C\C(=C\CC(C)C)\C(=O)O3,7.79
30,CHEMBL2153752,CN1CCN(CC1)c2nc(C3=C(C(=O)NC3=O)c4c[nH]c5ccccc45)c6cc(C)ccc6n2,7.8
31,CHEMBL593619,Cc1c(Nc2c(\C=C\CN3CCNCC3)cncc2C#N)ccc4[nH]ccc14,7.8
32,CHEMBL230048,CC(C)C\C=C/1\CC(CO)(COC(=O)CC(CC(C)C)CC(C)C)OC1=O,7.81
33,CHEMBL3393755,CCCCCC1CC1CC2CC2CCCCCCC\C=C/3\CC(CO)(COC(=O)C(C)(C)C)OC3=O,7.82
34,CHEMBL2153755,CN1CCN(CC1)c2nc(C3=C(C(=O)NC3=O)c4c[nH]c5ccccc45)c6ccc(F)cc6n2,7.82
35,CHEMBL422056,OC(=O)c1cccc(O)c1C(=O)c2c(O)cc(cc2O)C(=O)O[C@H]3CNCC3NC(=O)c4ccc(O)cc4,7.82
36,CHEMBL27768,CCCC(=O)O[C@@H]1[C@@H](C)[C@@]2(O)[C@@H](C=C(CO)C[C@@]3(O)[C@H]2C=C(C)C3=O)[C@@H]4C(C)(C)[C@]14OC(=O)CCC,7.83
37,CHEMBL3289011,CCCC(CCC)C(=O)OCC1(CO)C\C(=C/c2cccc3c2ccn3C)\C(=O)O1,7.84
38,CHEMBL606245,Cc1c(Nc2c(\C=C\CCN3CCC[C@@H](N)C3)cncc2C#N)ccc4[nH]ccc14,7.85
39,CHEMBL3393751,CCCCCCC#CC#CCCCCCCCC(=O)OCC1(CO)C\C(=C\CC(C)C)\C(=O)O1,7.87
40,CHEMBL28205,CCCCCCCCCCc1ccc2N(C)[C@@H](C(C)C)C(=O)N[C@H](CO)Cc2c1,7.88
41,CHEMBL3393741,CCCCC\C=C\C\C=C\CCCCCCCC(=O)OCC1(CO)C\C(=C/CC(C)C)\C(=O)O1,7.88
42,CHEMBL3393752,CCCCCCC#CC#CCCCCCCCC(=O)OCC1(CO)C\C(=C/CC(C)C)\C(=O)O1,7.89
43,CHEMBL2147544,NCCCNc1nc(cc2cnccc12)c3ccncc3,7.89
44,CHEMBL570865,CN1CCN(Cc2oc(cc2)c3cccc(C#C)c3Cc4ccc5CC=Cc5c4C)CC1,7.92
45,CHEMBL3289014,CCCC(CCC)C(=O)OCC1(CO)C\C(=C/c2cccc3ccn(C)c23)\C(=O)O1,7.93
46,CHEMBL3393747,CCCCCCCCCCCCCCCCCC(=O)OCC1(CO)C\C(=C/CC(C)C)\C(=O)O1,7.94
47,CHEMBL3393757,CCCCCCCCCCCCCCCCC\C=C\1/CC(=O)OC1(CO)COC(=O)C(C)(C)C,7.94
48,CHEMBL2151413,CC(C)n1cc(C2=C(C(=O)NC2=O)c3nc(nc4ccccc34)N5CCN(C)CC5)c6ccccc16,7.96
49,CHEMBL91829,CN(C)C[C@@H]1CCn2cc(C3=C(C(=O)NC3=O)c4cn(CCO1)c5ccccc45)c6ccccc26,7.96
50,CHEMBL379218,Cc1n[nH]c2ccc(cc12)c3cncc(OC[C@@H](N)Cc4ccccc4)c3,7.96
51,CHEMBL522428,CC(=C1CC(CO)(COC(=O)c2ccc(cc2)C#Cc3ccc(C)cc3)OC1=O)C,8.0
52,CHEMBL350335,NC(=N)SCCCn1c(c2cc3ccccc3s2)c(C4=CC(=O)NC4=O)c5ccccc15,8.0
53,CHEMBL432168,N[C@@H]1C[C@@H](NC(=O)c2ccc(O)cc2)[C@@H](C1)OC(=O)c3cc(O)c(C(=O)c4c(O)cccc4C(=O)O)c(O)c3,8.0
54,CHEMBL417051,N[C@@H]1C[C@H](NC(=O)c2ccc(O)cc2)[C@@H](C1)OC(=O)c3cc(O)c(C(=O)c4c(O)cccc4C(=O)O)c(O)c3,8.0
55,CHEMBL311399,OC(=O)c1cccc(O)c1C(=O)c2c(O)cc(cc2O)C(=O)OC3CCCNC[C@H]3NC(=O)c4ccc(O)cc4,8.0
56,CHEMBL265559,OC(=O)c1cccc(O)c1C(=O)c2c(O)cc(cc2O)C(=O)OC3CNCC3NC(=O)c4ccc(O)cc4,8.0
57,CHEMBL177635,OC(=O)c1cccc(O)c1C(=O)c2c(O)cc(cc2O)C(=O)OC3CNC[C@H]3NC(=O)c4ccc(O)cc4,8.0
58,CHEMBL59828,OC(=O)c1cccc(O)c1C(=O)c2c(O)cc(cc2O)C(=O)O[C@@H]3CNC[C@H]3NC(=O)c4ccc(O)cc4,8.0
59,CHEMBL3393742,CCCCCC1CC1CC2CC2CCCCCCCC(=O)OCC3(CO)C\C(=C\CC(C)C)\C(=O)O3,8.01
60,CHEMBL2151408,CN1CCN(CC1)c2nc(C3=C(C(=O)NC3=O)c4c[nH]c5ccc(Cl)cc45)c6ccccc6n2,8.01
61,CHEMBL3393753,CCCCC\C=C/C\C=C/CCCCCCC\C=C/1\CC(CO)(COC(=O)C(C)(C)C)OC1=O,8.02
62,CHEMBL3393750,CCCCCCCCC#CCCCCCCCC(=O)OCC1(CO)C\C(=C/CC(C)C)\C(=O)O1,8.04
63,CHEMBL1241674,CC(C)n1nc(c2cc3cc(O)ccc3[nH]2)c4c(N)ncnc14,8.05
64,CHEMBL300138,Cn1cc(C2=C(C(=O)NC2=O)c3cn(C4CCN(Cc5ccccn5)CC4)c6ccccc36)c7ccccc17,8.05
65,CHEMBL3393756,CCCCCC1CC1CC2CC2CCCCCCC\C=C\3/CC(CO)(COC(=O)C(C)(C)C)OC3=O,8.08
66,CHEMBL3289013,CCCC(CCC)C(=O)OCC1(CO)C\C(=C/c2ccc3ccn(C)c3c2)\C(=O)O1,8.09
67,CHEMBL1214932,C1CN(CCN1)c2nc(cc3cnccc23)c4ccncc4,8.1
68,CHEMBL595048,Cc1c(Nc2c(\C=C\CCN3CCC(CC3)NS(=O)(=O)C)cncc2C#N)ccc4[nH]ccc14,8.1
69,CHEMBL2147543,NC1CCCN(C1)c2nc(cc3cnccc23)c4ccncc4,8.1
70,CHEMBL3393749,CCCCCCCCC#CCCCCCCCC(=O)OCC1(CO)C\C(=C\CC(C)C)\C(=O)O1,8.15
71,CHEMBL2147542,C1CNCCN(C1)c2nc(cc3cnccc23)c4ccncc4,8.16
72,CHEMBL567124,CN1CCN(CCOc2cccc(\C=C\c3cncc(C#N)c3Nc4ccc5[nH]ccc5c4C)c2)CC1,8.16
73,CHEMBL7463,CN(C)CCCn1cc(C2=C(C(=O)NC2=O)c3c[nH]c4ccccc34)c5ccccc15,8.18
74,CHEMBL593883,Cc1c(Nc2c(\C=C\CCN3CCC(N)CC3)cncc2C#N)ccc4[nH]ccc14,8.19
75,CHEMBL2153749,CN1CCN(CC1)c2nc(C3=C(C(=O)NC3=O)c4c[nH]c5ccccc45)c6c(C)cccc6n2,8.21
76,CHEMBL565612,CN1CCN(CC1)c2nc(C3=C(C(=O)NC3=O)c4c[nH]c5ccccc45)c6ccccc6n2,8.21
77,CHEMBL3393758,CCCCCCCCCCCCCCCCC\C=C/1\CC(=O)OC1(CO)COC(=O)C(C)(C)C,8.23
78,CHEMBL565632,CN(C)CCOc1cc(C2=C(C(=O)NC2=O)c3c[nH]c4ccccc34)c5ccccc5c1,8.26
79,CHEMBL3393754,CCCCC\C=C/C\C=C/CCCCCCC\C=C\1/CC(CO)(COC(=O)C(C)(C)C)OC1=O,8.28
80,CHEMBL2147537,C[C@H](N)CNc1nc(cc2cnccc12)c3ccncc3,8.3
81,CHEMBL1214929,NCCNc1nc(cc2cnccc12)c3ccncc3,8.3
82,CHEMBL265998,CCCC(=O)O[C@@H]1[C@@H](C)[C@]2(O)[C@@H]3C=C(C)C(=O)[C@H]3CC(=C[C@H]2[C@@H]4C(C)(C)[C@]14OC(=O)CCC)CO,8.35
83,CHEMBL2153748,CN1CCN(CC1)c2cc3ccccc3c(n2)C4=C(C(=O)NC4=O)c5c[nH]c6ccccc56,8.37
84,CHEMBL2153751,CN1CCN(CC1)c2nc(C3=C(C(=O)NC3=O)c4c[nH]c5ccccc45)c6cc(Cl)ccc6n2,8.41
85,CHEMBL2151415,Cn1cc(C2=C(C(=O)NC2=O)c3nc(nc4ccccc34)N5CCNCC5)c6ccccc16,8.42
86,CHEMBL3393748,CC(C)C\C=C\1/CC(CO)(COC(=O)CC(CC(C)C)CC(C)C)OC1=O,8.52
87,CHEMBL571581,CN1CCN(Cc2ccc3oc(cc3c2)c4cncc(C#N)c4Nc5ccc6[nH]ccc6c5C)CC1,8.6
88,CHEMBL603418,Cc1c(Nc2c(\C=C\CCN3CCNCC3)cncc2C#N)ccc4[nH]ccc14,8.6
89,CHEMBL3289012,CCCC(CCC)C(=O)OCC1(CO)C\C(=C/c2ccc3c(ccn3C)c2)\C(=O)O1,8.66
90,CHEMBL2153750,CN1CCN(CC1)c2nc(C3=C(C(=O)NC3=O)c4c[nH]c5ccccc45)c6cc(F)ccc6n2,8.7
91,CHEMBL1084411,CN1CCN(Cc2cccc(\C=C\c3cncc(C#N)c3Nc4ccc5[nH]ccc5c4C)n2)CC1,8.7
92,CHEMBL2148108,C[C@@H]1[C@@H](CCCCc2cccc(O)c2)O[C@]34C[C@@H]1OC(=O)C[C@H](CO)OC(=O)C[C@@H](CCC3(C)C)O4,8.7
93,CHEMBL1080994,CN1CCN(CC1)S(=O)(=O)c2cccc(\C=C\c3cncc(C#N)c3Nc4ccc5[nH]ccc5c4C)c2,8.8
94,CHEMBL137386,CC(C)CC(C\C=C\1/CC(CO)(COC(=O)C(C)(C)C)OC1=O)CC(C)C,8.85
95,CHEMBL1256416,CO[C@@H](CC[C@H](C)[C@H]1O[C@@]23C[C@H](OC(=O)C[C@@H](OC(=O)C[C@](O)(O2)[C@H](C)CC3(C)C)[C@@H](C)O)[C@@H]1C)c4cc(O)ccc4Br,8.89
96,CHEMBL2418196,C[C@@H](O)[C@H]1CC(=O)O[C@H]2C[C@]3(O[C@H]([C@@H](C)CCCc4cccc(O)c4)[C@H]2C)O[C@@](O)(CC(=O)O1)[C@H](C)CC3(C)C,8.89
97,CHEMBL2326002,CC(C)[C@@](C)(O)[C@@H]1CN(CCN1)c2nc(c(F)cc2Cl)c3n[nH]c4ncccc34,9.0
98,CHEMBL285801,CCCCCCCCc1ccc2N(C)[C@@H](C(C)C)C(=O)N[C@H](CO)Cc3c[nH]c1c23,9.0
99,CHEMBL1996510,O=C1NC(=O)C(=C1c2c[nH]c3ccccc23)c4nc(nc5ccccc45)N6CCNCC6,9.05
100,CHEMBL2151411,CN1CCN(CC1)c2nc(C3=C(C(=O)NC3=O)c4c[nH]c5c(C)cccc45)c6ccccc6n2,9.16
101,CHEMBL2148106,CO[C@@H](CC[C@H](C)[C@H]1O[C@@]23C[C@H](OC(=O)C[C@@H](OC(=O)C[C@](O)(O2)[C@H](C)CC3(C)C)[C@@H](C)O)[C@@H]1C)c4cccc(O)c4,9.2
102,CHEMBL337834,CC(C)[C@@H]1N(C)c2ccc(NC(=O)CCCCCCCCCCCCC(=O)Nc3ccc4C[C@@H](CO)NC(=O)[C@H](C(C)C)N(C)c4c3)cc2C[C@@H](CO)NC1=O,9.26
103,CHEMBL399981,CCCCCCn1cc2C[C@@H](CO)NC(=O)[C@H](C(C)C)N(C)c3cccc1c23,9.33
104,CHEMBL279115,CCCCCCCCCCCCCC(=O)O[C@@H]1[C@@H](C)[C@@]2(O)[C@@H](C=C(CO)C[C@@]3(O)[C@H]2C=C(C)C3=O)[C@@H]4C(C)(C)[C@]14OC(=O)C,9.35
0,CHEMBL440201,CCCCCCCCC#Cc1ccc2[C@@H]3[C@@H](CO)NC(=O)[C@@H]3[C@@](C)(C(C)C)c2c1,6.33
1,CHEMBL6453,CCCCCCCCC#Cc1ccc2N(C)[C@@H](C(C)C)C(=O)N[C@H](CO)Cc2c1,7.4
2,CHEMBL173348,CCCCCCCCCCCC(=O)Oc1ccc2[C@@H]3[C@@H](CO)NC(=O)[C@@H]3[C@](C)(C(C)C)c2c1,6.64
3,CHEMBL368720,CCCCCCCCCCCC(=O)Oc1ccc2[C@@H]3[C@@H](CO)NC(=O)[C@@H]3[C@@](C)(C(C)C)c2c1,6.29
5,CHEMBL300936,CC(C)(C)c1oc(CSc2cnc(NC(=O)Cc3ccc(CNC(CO)CO)cc3)s2)nc1,5.25
8,CHEMBL428690,CN1CC[C@@H]([C@H](O)C1)c2c(O)cc(O)c3C(=O)C=C(Oc23)c4ccccc4Cl,6.32
12,CHEMBL52529,OC(=O)c1cccc(O)c1C(=O)c2c(O)cc(cc2O)C(=O)O[C@@H]3CCC[C@H]3NC(=O)c4ccc(O)cc4,7.3
13,CHEMBL67442,OC(=O)c1cccc(O)c1C(=O)c2c(O)cc(cc2O)C(=O)O[C@@H]3CCNC[C@H]3NC(=O)c4ccc(O)cc4,5.75
14,CHEMBL304549,OC(=O)c1cccc(O)c1C(=O)c2c(O)cc(cc2O)C(=O)O[C@@H]3CCCCC[C@H]3NC(=O)c4ccc(O)cc4,6.55
15,CHEMBL54382,CCN1CCC(CC1)n2cc(C3=C(C(=O)NC3=O)c4cn(C)c5ccccc45)c6ccccc26,6.4
16,CHEMBL432130,CN(C)C[C@@H]1CCn2cc(C3=C(C(=O)NC3=O)c4cn(CCO1)c5ccccc45)c6ccccc26.CS(=O)(=O)O,6.22
17,CHEMBL291975,Cn1cc(C2=C(C(=O)NC2=O)c3cn(C4CCN(Cc5ccccc5)C4)c6ccccc36)c7ccccc17,5.03
18,CHEMBL55788,Cn1cc(C2=C(C(=O)NC2=O)c3cn(C4CCNCC4)c5ccccc35)c6ccccc16,6.0
19,CHEMBL301860,CC(C)N1CCC(CC1)n2cc(C3=C(C(=O)NC3=O)c4cn(C)c5ccccc45)c6ccccc26,6.41
20,CHEMBL52654,CN1CCC(CC1)n2cc(C3=C(C(=O)NC3=O)c4c[nH]c5ccccc45)c6ccccc26,7.3
21,CHEMBL55394,Cn1cc(C2=C(C(=O)NC2=O)c3cn(C4CCN(CC5CC5)CC4)c6ccccc36)c7ccccc17,6.05
23,CHEMBL300549,Cn1cc(C2=C(C(=O)NC2=O)c3cn(C4CCN(Cc5ccccc5)CC4)c6ccccc36)c7ccccc17,5.4
25,CHEMBL53596,CN1CCC(CC1)n2cc(C3=C(C(=O)NC3=O)c4cn(C)c5ccccc45)c6ccccc26,6.4
26,CHEMBL293805,Cn1cc(C2=C(C(=O)NC2=O)c3cn(C4CCN(CC4)C(=O)OC(C)(C)C)c5ccccc35)c6ccccc16,5.22
29,CHEMBL59677,OC(=O)c1cccc(O)c1C(=O)c2c(O)cc(cc2O)C(=O)N[C@@H]3CNC[C@H]3NC(=O)c4ccc(O)cc4,7.1
31,CHEMBL433101,C[C@]1(CCCNC[C@H]1NC(=O)c2ccc(O)cc2)OC(=O)c3cc(O)c(C(=O)c4c(O)cccc4C(=O)O)c(O)c3,7.3
33,CHEMBL59687,OC(=O)c1cccc(O)c1C(=O)c2c(O)cc(cc2O)C(=O)N[C@@H]3CCCNC[C@H]3NC(=O)c4ccc(O)cc4,6.17
35,CHEMBL294303,OC(=O)c1cccc(O)c1C(=O)c2c(O)cc(CO[C@@H]3CCC[C@H]3NC(=O)c4ccc(O)cc4)cc2O,6.43
36,CHEMBL60455,OC(=O)c1cccc(O)c1C(=O)c2c(O)cc(cc2O)C(=O)OC[C@@H]3CCC[C@H]3NC(=O)c4ccc(O)cc4,6.47
38,CHEMBL102991,CCCCCCCCCCCN1[C@@H](C(C)C)C(=O)O[C@H](CO)Cc2ccccc12,5.27
42,CHEMBL102858,CCCCCCCCCCc1ccc2C[C@@H](CO)OC(=O)[C@H](C(C)C)N(C)c2c1,5.32
44,CHEMBL103091,CCCCCCCCCCc1cccc2N(C)[C@@H](C(C)C)C(=O)O[C@H](CO)Cc12,5.1
49,CHEMBL306884,OC(=O)c1cccc(O)c1C(=O)c2c(O)cc(cc2O)C(=O)OC3C4CCN(CC4)CC3NC(=O)c5ccc(O)cc5,6.77
50,CHEMBL71331,OC(=O)c1cccc(O)c1C(=O)c2c(O)cc(cc2O)C(=O)O[C@H]3CCCC3NC(=O)c4ccc(O)cc4,7.3
52,CHEMBL305667,OC(=O)c1cccc(O)c1C(=O)c2c(O)cc(cc2O)C(=O)OC3C4CCC(C4)C3NC(=O)c5ccc(O)cc5,7.52
53,CHEMBL306883,CN1C2CCC1C(NC(=O)c3ccc(O)cc3)C(C2)OC(=O)c4cc(O)c(C(=O)c5c(O)cccc5C(=O)O)c(O)c4,4.31
54,CHEMBL7078,CCCCCCCCC#Cc1ccc2N(C)[C@@H](C(C)C)C(=O)N[C@H](CO)Cc2c1OC,6.92
56,CHEMBL72480,OC(=O)c1cccc(O)c1C(=O)c2c(O)cc(cc2O)C(=O)OC3C4CC(C5CCCC45)C3NC(=O)c6ccc(O)cc6,6.01
63,CHEMBL306170,CC1(C)C2CCC1(C)C(OC(=O)c3cc(O)c(C(=O)c4c(O)cccc4C(=O)O)c(O)c3)C2NC(=O)c5ccc(O)cc5,5.44
64,CHEMBL52869,Oc1ccc(cc1)C(=O)N[C@@H]2CCC[C@H]2OC(=O)c3cc(O)c(C(=O)c4c(O)cccc4NS(=O)(=O)C(F)(F)F)c(O)c3,6.51
65,CHEMBL298872,Oc1ccc(cc1)C(=O)N[C@@H]2CCC[C@H]2OC(=O)c3cc(O)c(C(=O)c4c(O)cccc4c5nn[nH]n5)c(O)c3,5.7
66,CHEMBL294166,CS(=O)(=O)Nc1cccc(O)c1C(=O)c2c(O)cc(cc2O)C(=O)O[C@@H]3CCC[C@H]3NC(=O)c4ccc(O)cc4,5.7
67,CHEMBL300658,CC(C)(C)C(=O)OCn1nnc(n1)c2cccc(O)c2C(=O)c3c(O)cc(cc3O)C(=O)O[C@@H]4CCC[C@H]4NC(=O)c5ccc(O)cc5,5.54
69,CHEMBL53025,Cn1nnnc1c2cccc(O)c2C(=O)c3c(O)cc(cc3O)C(=O)O[C@@H]4CCC[C@H]4NC(=O)c5ccc(O)cc5,5.33
73,CHEMBL293722,CC(C)(C)C(=O)OCn1nnnc1c2cccc(O)c2C(=O)c3c(O)cc(cc3O)C(=O)O[C@@H]4CCC[C@H]4NC(=O)c5ccc(O)cc5,6.19
74,CHEMBL299987,CC(=O)Nc1cccc(O)c1C(=O)c2c(O)cc(cc2O)C(=O)O[C@@H]3CCC[C@H]3NC(=O)c4ccc(O)cc4,4.5
75,CHEMBL298159,Cn1nnc(n1)c2cccc(O)c2C(=O)c3c(O)cc(cc3O)C(=O)O[C@@H]4CCC[C@H]4NC(=O)c5ccc(O)cc5,5.42
80,CHEMBL307747,OC(=O)c1cccc(O)c1C(=O)c2c(O)cc(cc2O)C(=O)O[C@@H]3CCCNC[C@@H]3NC(=O)c4ccc(O)cc4,7.31
81,CHEMBL67788,OC(=O)c1cccc(O)c1C(=O)c2c(O)cc(cc2O)C(=O)O[C@@H]3CCCSC[C@@H]3NC(=O)c4ccc(O)cc4,5.23
82,CHEMBL303205,OC(=O)c1cccc(O)c1C(=O)c2c(O)cc(cc2O)C(=O)O[C@@H]3CCCS(=O)(=O)C[C@@H]3NC(=O)c4ccc(O)cc4,4.35
83,CHEMBL302998,OC(=O)c1cccc(O)c1C(=O)c2c(O)cc(cc2O)C(=O)O[C@@H]3CCCCC[C@@H]3NC(=O)c4ccc(O)cc4,6.55
84,CHEMBL70078,OC(=O)c1cccc(O)c1C(=O)c2c(O)cc(cc2O)C(=O)O[C@@H]3CCCOC[C@@H]3NC(=O)c4ccc(O)cc4,4.8
89,CHEMBL88848,OC(=O)[C@H]1CCCCC1C(=O)c2c(O)cc(cc2O)C(=O)O[C@@H]3CCCNCC3NC(=O)c4ccc(O)cc4,4.01
90,CHEMBL89833,OC(=O)c1cccc(O)c1C(=O)c2c(O)cc(COC3CCCC3NC(=O)c4ccc(O)cc4)cc2O,6.43
91,CHEMBL89280,Oc1ccc(cc1)C(=O)NC2CCCC2OC(=O)c3cc(O)c(C(=O)c4c(O)cccc4C#N)c(O)c3,6.08
92,CHEMBL316088,NCCOc1cccc(O)c1C(=O)c2c(O)cc(cc2O)C(=O)OC3CCCC3NC(=O)c4ccc(O)cc4,5.3
95,CHEMBL66923,COC(=O)c1cccc(O)c1C(=O)c2c(O)cc(cc2O)C(=O)O[C@@H]3CCC[C@H]3NC(=O)c4ccc(O)cc4,6.52
97,CHEMBL304175,CC(C)(C)C(=O)OCOC(=O)c1cccc(O)c1C(=O)c2c(O)cc(cc2O)C(=O)O[C@@H]3CNC[C@H]3NC(=O)c4ccc(O)cc4,7.47
98,CHEMBL66452,CCOC(=O)c1cccc(O)c1C(=O)c2c(O)cc(cc2O)C(=O)O[C@@H]3CCC[C@H]3NC(=O)c4ccc(O)cc4,6.18
99,CHEMBL103506,CCN1CCOCCOCCn2cc(C3=C(C(=O)NC3=O)c4cn(CC1)c5ccccc45)c6ccccc26,6.51
100,CHEMBL89191,COc1cc(cc(OC)c1C(=O)c2c(O)cccc2O)C(=O)O[C@@H]3CCCNCC3NC(=O)c4ccc(O)cc4,4.44
101,CHEMBL312846,Oc1ccc(cc1)C(=O)NC2CCCC2OC(=O)c3cc(O)c(C(=O)c4c(O)cccc4NS(=O)(=O)C(F)(F)F)c(O)c3,6.51
102,CHEMBL302304,Oc1ccc(cc1)C(=O)N[C@@H]2CNC[C@H]2OC(=O)c3cc(O)c(C(=O)c4c(O)cccc4C(=O)OCC5CCCCC5)c(O)c3,4.6
103,CHEMBL433175,OC(=O)c1ccccc1C(=O)c2c(O)cc(cc2O)C(=O)O[C@@H]3CCCNCC3NC(=O)c4ccc(O)cc4,5.46
105,CHEMBL89384,Oc1ccc(cc1)C(=O)NC2CCCC2OC(=O)c3cc(O)c(C(=O)c4c(O)cccc4c5nn[nH]n5)c(O)c3,5.7
108,CHEMBL313550,OC(=O)[C@@H]1CCCCC1C(=O)c2c(O)cc(cc2O)C(=O)O[C@@H]3CCCNCC3NC(=O)c4ccc(O)cc4,4.33
112,CHEMBL89355,Cn1nnc(n1)c2cccc(O)c2C(=O)c3c(O)cc(cc3O)C(=O)OC4CCCC4NC(=O)c5ccc(O)cc5,5.42
115,CHEMBL89648,OC(=O)c1cccc(O)c1C(=O)c2c(O)cc(cc2O)C(=O)O[C@@H]3CCCNCC3NC(=O)c4ccc(O)cc4,7.42
116,CHEMBL304626,COC(=O)c1cccc(O)c1C(=O)c2c(O)cc(cc2O)C(=O)O[C@@H]3CNC[C@H]3NC(=O)c4ccc(O)cc4,6.77
117,CHEMBL68418,CC(C)COC(=O)c1cccc(O)c1C(=O)c2c(O)cc(cc2O)C(=O)O[C@@H]3CNC[C@H]3NC(=O)c4ccc(O)cc4,5.5
118,CHEMBL63262,CC(C)[C@@H]1N(C)c2cccc3[nH]cc(C[C@@H](CO)\N=C\1/S)c23,5.41
123,CHEMBL106384,CN1CCOCCn2cc(C3=C(C(=O)NC3=O)c4cn(CCN(C)CC1)c5ccccc45)c6ccccc26,7.1
125,CHEMBL86680,Oc1ccc(cc1)C(=O)NC2CNCCC[C@H]2OC(=O)c3cc(O)c(C4OC(=O)c5cccc(O)c45)c(O)c3,4.8
126,CHEMBL91126,Oc1ccc(cc1)C(=O)NC2CNCC2OC(=O)c3cc(O)c(C(=O)c4c(O)ccc5CCCCc45)c(O)c3,6.52
127,CHEMBL327994,COc1cccc(OC)c1C(=O)c2c(O)cc(cc2O)C(=O)O[C@@H]3CCCNCC3NC(=O)c4ccc(O)cc4,5.17
128,CHEMBL89591,Cn1nnnc1c2cccc(O)c2C(=O)c3c(O)cc(cc3O)C(=O)OC4CCCC4NC(=O)c5ccc(O)cc5,5.33
131,CHEMBL88812,Oc1ccc(cc1)C(=O)NC2CNCC2OC(=O)c3cc(O)c4C(=O)c5c(O)cccc5C(=O)c4c3,5.48
133,CHEMBL88466,Oc1ccc(cc1)C(=O)NC2CNCCC[C@H]2OC(=O)c3cc(O)c(C(=O)c4ccccc4O)c(O)c3,5.1
134,CHEMBL307543,CCOC(=O)c1cccc(O)c1C(=O)c2c(O)cc(cc2O)C(=O)O[C@@H]3CNC[C@H]3NC(=O)c4ccc(O)cc4,5.89
135,CHEMBL103055,CCN1CCOCCn2cc(C3=C(C(=O)NC3=O)c4cn(CCOCC1)c5ccccc45)c6ccccc26,7.13
136,CHEMBL421539,OC(=O)c1ccc2ccccc2c1C(=O)c3c(O)cc(cc3O)C(=O)OC4CNCC4NC(=O)c5ccc(O)cc5,5.34
138,CHEMBL66750,CCCCOC(=O)c1cccc(O)c1C(=O)c2c(O)cc(cc2O)C(=O)O[C@@H]3CNC[C@H]3NC(=O)c4ccc(O)cc4,5.43
140,CHEMBL88454,OC(=O)c1ccccc1NC(=O)c2c(O)cc(cc2O)C(=O)OC3CNCC3NC(=O)c4ccc(O)cc4,4.41
141,CHEMBL91541,COc1cccc(O)c1C(=O)c2c(O)cc(cc2O)C(=O)O[C@@H]3CCCNCC3NC(=O)c4ccc(O)cc4,5.59
142,CHEMBL105477,CN1CCOCCN(C)CCn2cc(C3=C(C(=O)NC3=O)c4cn(CC1)c5ccccc45)c6ccccc26,6.22
143,CHEMBL433361,OC(=O)c1cccc(O)c1C(=O)c2ccc(cc2)C(=O)OC3CCCC3NC(=O)c4ccc(O)cc4,4.52
144,CHEMBL328747,Oc1ccc(cc1)C(=O)NC2CNCCC[C@H]2OC(=O)c3cc(O)c(C(=O)c4c(O)cccc4O)c(O)c3,5.68
145,CHEMBL106061,CN1CCOCCn2cc(C3=C(C(=O)NC3=O)c4cn(CCOCC1)c5ccccc45)c6ccccc26,6.6
147,CHEMBL48636,OC(=O)c1cccc(O)c1C(=O)c2c(O)cc(cc2O)C(=O)OC3CCCC3NC(=O)c4ccc(O)cc4,7.3
150,CHEMBL431568,CC(C)OC(=O)c1cccc(O)c1C(=O)c2c(O)cc(cc2O)C(=O)O[C@@H]3CCC[C@H]3NC(=O)c4ccc(O)cc4,4.89
153,CHEMBL90330,OC(=O)c1cccc(O)c1C(=O)c2ccc(cc2O)C(=O)OC3CCCC3NC(=O)c4ccc(O)cc4,5.37
154,CHEMBL89639,Oc1ccc(cc1)C(=O)NC2CNCC2OC(=O)c3cc(O)c(C(=O)c4c(O)ccc5ccccc45)c(O)c3,5.66
155,CHEMBL67528,CC(=O)OCOC(=O)c1cccc(O)c1C(=O)c2c(O)cc(cc2O)C(=O)O[C@@H]3CNC[C@H]3NC(=O)c4ccc(O)cc4,6.89
156,CHEMBL103628,CN1CCN(C)CCn2cc(C3=C(C(=O)NC3=O)c4cn(CCN(C)CC1)c5ccccc45)c6ccccc26,6.77
157,CHEMBL329437,OC(=O)c1cccc2Oc3cc(cc(O)c3C(=O)c12)C(=O)O[C@@H]4CCCNCC4NC(=O)c5ccc(O)cc5,5.0
158,CHEMBL88533,OC(=O)c1cccnc1C(=O)c2c(O)cc(cc2O)C(=O)O[C@@H]3CCCNCC3NC(=O)c4ccc(O)cc4,5.09
159,CHEMBL89210,OC(=O)COc1cccc(O)c1C(=O)c2c(O)cc(cc2O)C(=O)OC3CCCC3NC(=O)c4ccc(O)cc4,6.39
161,CHEMBL307708,NC[C@H]1C[C@@H](NC(=O)c2ccc(O)cc2)[C@@H](C1)OC(=O)c3cc(O)c(C(=O)c4c(O)cccc4C(=O)O)c(O)c3,7.52
162,CHEMBL78129,OC(=O)c1cccc(O)c1C(=O)c2c(O)cc(cc2O)C(=O)O[C@@H]3C4CCN(CC4)C[C@H]3NC(=O)c5ccc(O)cc5,6.77
163,CHEMBL262980,OC(=O)c1cccc(O)c1C(=O)c2c(O)cc(cc2O)C(=O)O[C@@H]3CC(C[C@H]3NC(=O)c4ccc(O)cc4)C(=O)C(F)(F)F,6.6
164,CHEMBL441802,CC(=O)C1C[C@@H](NC(=O)c2ccc(O)cc2)[C@@H](C1)OC(=O)c3cc(O)c(C(=O)c4c(O)cccc4C(=O)O)c(O)c3,5.43
165,CHEMBL306373,OC(=O)c1cccc(O)c1C(=O)c2c(O)cc(cc2O)C(=O)O[C@@H]3CCCOC[C@H]3NC(=O)c4ccc(O)cc4,4.8
167,CHEMBL75661,OC[C@H]1C[C@@H](NC(=O)c2ccc(O)cc2)[C@@H](C1)OC(=O)c3cc(O)c(C(=O)c4c(O)cccc4C(=O)O)c(O)c3,6.8
168,CHEMBL75004,OC[C@@H]1C[C@@H](NC(=O)c2ccc(O)cc2)[C@@H](C1)OC(=O)c3cc(O)c(C(=O)c4c(O)cccc4C(=O)O)c(O)c3,6.57
169,CHEMBL306580,OC1C[C@@H](NC(=O)c2ccc(O)cc2)[C@@H](C1)OC(=O)c3cc(O)c(C(=O)c4c(O)cccc4C(=O)O)c(O)c3,7.0
171,CHEMBL309078,CC1(C)C2CCC1(C)[C@@H](OC(=O)c3cc(O)c(C(=O)c4c(O)cccc4C(=O)O)c(O)c3)[C@@H]2NC(=O)c5ccc(O)cc5,5.44
173,CHEMBL76537,OC(=O)c1cccc(O)c1C(=O)c2c(O)cc(cc2O)C(=O)O[C@@H]3CCCSC[C@H]3NC(=O)c4ccc(O)cc4,5.23
174,CHEMBL305718,OC(=O)c1cccc(O)c1C(=O)c2c(O)cc(cc2O)C(=O)O[C@@H]3CCCS(=O)(=O)C[C@H]3NC(=O)c4ccc(O)cc4,4.35
175,CHEMBL77970,OC(=O)c1cccc(O)c1C(=O)c2c(O)cc(cc2O)C(=O)O[C@H]3CCCNC[C@@H]3NC(=O)c4ccc(O)cc4,6.0
177,CHEMBL77399,COC(=O)C1C[C@@H](NC(=O)c2ccc(O)cc2)[C@@H](C1)OC(=O)c3cc(O)c(C(=O)c4c(O)cccc4C(=O)O)c(O)c3,5.32
178,CHEMBL76920,CC(C)C1C[C@@H](NC(=O)c2ccc(O)cc2)[C@@H](C1)OC(=O)c3cc(O)c(C(=O)c4c(O)cccc4C(=O)O)c(O)c3,7.3
179,CHEMBL312067,CNC(=O)C1C[C@@H](NC(=O)c2ccc(O)cc2)[C@@H](C1)OC(=O)c3cc(O)c(C(=O)c4c(O)cccc4C(=O)O)c(O)c3,5.44
181,CHEMBL306623,CS(=O)(=O)C1C[C@@H](NC(=O)c2ccc(O)cc2)[C@@H](C1)OC(=O)c3cc(O)c(C(=O)c4c(O)cccc4C(=O)O)c(O)c3,5.89
182,CHEMBL80525,OC(=O)c1cccc(O)c1C(=O)c2c(O)cc(cc2O)C(=O)O[C@@H]3C4CCC(C4)[C@H]3NC(=O)c5ccc(O)cc5,7.52
183,CHEMBL263910,OC(=O)c1cccc(O)c1C(=O)c2c(O)cc(cc2O)C(=O)O[C@@H]3C4CC(C5CCCC45)[C@H]3NC(=O)c6ccc(O)cc6,6.01
185,CHEMBL309034,O[C@@H]1C[C@@H](NC(=O)c2ccc(O)cc2)[C@@H](C1)OC(=O)c3cc(O)c(C(=O)c4c(O)cccc4C(=O)O)c(O)c3,6.82
187,CHEMBL308263,NC[C@@H]1C[C@@H](NC(=O)c2ccc(O)cc2)[C@@H](C1)OC(=O)c3cc(O)c(C(=O)c4c(O)cccc4C(=O)O)c(O)c3,7.52
192,CHEMBL48988,OC(=O)c1cccc(O)c1C(=O)c2c(O)cc(cc2O)C(=O)OC3CCCC3Oc4ccc(O)cc4,6.62
193,CHEMBL345767,OC(=O)c1cccc(O)c1C(=O)c2c(O)cc(cc2O)C(=O)OC[C@@H](Cc3ccc(O)cc3)NS(=O)(=O)c4ccccc4,6.34
194,CHEMBL151800,OC(=O)c1cccc(O)c1C(=O)c2c(O)cc(cc2O)C(=O)OCCCc3ccc(O)cc3,5.39
195,CHEMBL148745,CC(CCc1ccc(O)cc1)OC(=O)c2cc(O)c(C(=O)c3c(O)cccc3C(=O)O)c(O)c2,6.55
196,CHEMBL151823,OC(=O)c1cccc(O)c1C(=O)c2c(O)cc(cc2O)C(=O)OCC(Cc3ccc(O)cc3)NS(=O)(=O)c4ccc5ccccc5c4,4.41
197,CHEMBL48546,COC(=O)c1cccc(O)c1C(=O)c2c(O)cc(cc2O)C(=O)OC3CNCC3Cc4ccc(O)cc4,5.4
198,CHEMBL149313,COC(=O)c1cccc(O)c1C(=O)c2c(O)cc(cc2O)C(=O)OCCCc3ccc(O)cc3,4.89
202,CHEMBL146846,Cc1ccc(cc1)S(=O)(=O)N2CCC[C@@H](OC(=O)c3cc(O)c(C(=O)c4c(O)cccc4C(=O)O)c(O)c3)[C@@H](C2)NC(=O)c5ccc(O)cc5,4.82
203,CHEMBL358264,OC(=O)c1cccc(O)c1C(=O)c2c(O)cc(cc2O)C(=O)OCC(Cc3ccc(O)cc3)NS(=O)(=O)c4ccccc4,6.5
207,CHEMBL439996,OC(=O)c1cccc(O)c1C(=O)c2c(O)cc(cc2O)C(=O)OCCCCc3ccc(O)cc3,4.52
208,CHEMBL149873,OC(=O)c1cccc(O)c1C(=O)c2c(O)cc(cc2O)C(=O)OCCNC(=O)c3ccc(O)cc3,4.89
209,CHEMBL295806,OC(=O)c1cccc(O)c1C(=O)c2c(O)cc(cc2O)C(=O)OC3CCCC3Cc4ccc(O)cc4,6.92
210,CHEMBL421790,CN(C)C(COC(=O)c1cc(O)c(C(=O)c2c(O)cccc2C(=O)O)c(O)c1)Cc3ccc(O)cc3,4.52
211,CHEMBL150264,OC(=O)c1cccc(O)c1C(=O)c2c(O)cc(cc2O)C(=O)OCC(COc3ccc(O)cc3)NS(=O)(=O)c4ccccc4,4.33
214,CHEMBL48665,COC(=O)c1cccc(O)c1C(=O)c2c(O)cc(cc2O)C(=O)OC3CCCC3Cc4ccc(O)cc4,5.35
216,CHEMBL146847,COC(=O)c1cccc(O)c1C(=O)c2c(O)cc(cc2O)C(=O)OC[C@@H](Cc3ccc(O)cc3)NS(=O)(=O)c4ccccc4,4.42
217,CHEMBL151822,OC(=O)c1cccc(O)c1C(=O)c2c(O)cc(cc2O)C(=O)OC[C@H](Cc3ccc(O)cc3)NS(=O)(=O)c4ccccc4,5.64
218,CHEMBL296682,Nc1nccc(n1)c2c[nH]c3c(Br)ccc(O)c23,5.4
219,CHEMBL177308,OC(=O)c1cccc(O)c1C(=O)c2c(O)cc(cc2O)C(=O)OC3Cc4ccccc4[C@H]3NC(=O)c5ccc(O)cc5,6.51
221,CHEMBL367162,OC(=O)c1cccc(O)c1C(=O)c2c(O)cc(cc2O)C(=O)OC3[C@@H](Cc4ccccc34)NC(=O)c5ccc(O)cc5,6.32
223,CHEMBL427118,OC(=O)c1cccc(O)c1C(=O)c2c(O)cc(cc2O)C(=O)OC3CCC[C@H]3NC(=O)c4ccc(O)cc4,7.3
224,CHEMBL367457,OC(=O)c1cccc(O)c1C(=O)c2c(O)cc(cc2O)C(=O)OC3Cc4ccccc4[C@@H]3NC(=O)c5ccc(O)cc5,4.6
227,CHEMBL367127,OC(=O)c1cccc(O)c1C(=O)c2c(O)cc(cc2O)C(=O)O[C@H]3Cc4ccccc4[C@H]3NC(=O)c5ccc(O)cc5,5.72
229,CHEMBL419866,O=C1NC(=O)C2=C1c3cn(CCO[C@H](CN4CCCC4)CCn5cc2c6ccccc56)c7ccccc37,5.42
231,CHEMBL311543,CNC[C@@H]1CCn2cc(C3=C(C(=O)NC3=O)c4cn(CCO1)c5ccccc45)c6ccccc26,5.96
236,CHEMBL328229,O=C1NC(=O)C2=C1c3cn(CCO[C@H](CNCc4ccccc4)CCn5cc2c6ccccc56)c7ccccc37,4.24
238,CHEMBL292495,OC[C@@H]1CCn2cc(C3=C(C(=O)NC3=O)c4cn(CCO1)c5ccccc45)c6ccccc26,4.1
241,CHEMBL46053,CCCCCCCC(=O)O[C@H]1\C(=C\C(=O)OC)\CC2C[C@@H](OC(=O)C[C@@H](O)C[C@@H]3CCC[C@H](C[C@@H]4CCO[C@@H](O4)\C=C\C(C)(C)[C@]1(O)O2)O3)[C@@H](C)O,6.31
242,CHEMBL45053,CCCCCCCC(=O)O[C@H]1\C(=C\C(=O)OC)\CC2C[C@@H](OC(=O)C[C@H](O)CCO[C@@H](C[C@@H]3CCO[C@@H](O3)\C=C\C(C)(C)[C@]1(O)O2)C(C)(C)C)[C@@H](C)O,7.26
247,CHEMBL7432,CN(C)CC(=O)Oc1ccc2[nH]c(cc2c1)C(=O)c3cc4ccccc4[nH]3,4.52
260,CHEMBL67290,NC[C@@H]1C[C@H](NC(=O)c2ccc(O)cc2)[C@@H](C1)OC(=O)c3cc(O)c(C(=O)c4c(O)cccc4C(=O)O)c(O)c3,7.52
261,CHEMBL431955,OC[C@@H]1C[C@H](NC(=O)c2ccc(O)cc2)[C@@H](C1)OC(=O)c3cc(O)c(C(=O)c4c(O)cccc4C(=O)O)c(O)c3,6.59
263,CHEMBL306427,OC[C@H]1C[C@H](NC(=O)c2ccc(O)cc2)[C@@H](C1)OC(=O)c3cc(O)c(C(=O)c4c(O)cccc4C(=O)O)c(O)c3,6.8
265,CHEMBL67716,O[C@H]1C[C@H](NC(=O)c2ccc(O)cc2)[C@@H](C1)OC(=O)c3cc(O)c(C(=O)c4c(O)cccc4C(=O)O)c(O)c3,6.82
266,CHEMBL1794808,O[C@@H]1C[C@H](NC(=O)c2ccc(O)cc2)[C@@H](C1)OC(=O)c3cc(O)c(C(=O)c4c(O)cccc4C(=O)O)c(O)c3.O[C@H]5C[C@H](NC(=O)c6ccc(O)cc6)[C@@H](C5)OC(=O)c7cc(O)c(C(=O)c8c(O)cccc8C(=O)O)c(O)c7,7.0
267,CHEMBL421866,NC[C@H]1C[C@H](NC(=O)c2ccc(O)cc2)[C@@H](C1)OC(=O)c3cc(O)c(C(=O)c4c(O)cccc4C(=O)O)c(O)c3,7.52
268,CHEMBL369114,CN(C)CCCn1cc(C2=C(Nc3cccc(C)c3)C(=O)NC2=O)c4ccccc14,5.46
269,CHEMBL364337,CN(C)CCCn1cc(C2=C(Nc3cccc(Cl)c3)C(=O)NC2=O)c4ccccc14,5.58
271,CHEMBL187235,O=C1NC(=O)C(=C1Nc2ccccc2)c3cn(CCCN4CCCCC4)c5ccccc35,5.47
273,CHEMBL540357,Br.NC(=N)SCCCn1cc(C2=C(Nc3ccccc3)C(=O)NC2=O)c4ccccc14,7.24
274,CHEMBL366266,O=C1NC(=O)C(=C1Nc2ccccc2)c3cn(CCCn4ccnc4)c5ccccc35,5.55
276,CHEMBL266487,O=C1NC(=O)C(=C1c2c[nH]c3ccccc23)c4c[nH]c5ccccc45,5.12
278,CHEMBL365656,CN(C)CCCn1cc(C2=C(Nc3ccccc3)C(=O)NC2=O)c4ccccc14,5.46
279,CHEMBL184548,CN(C)CCCCn1cc(C2=C(Nc3ccccc3)C(=O)NC2=O)c4ccccc14,5.23
280,CHEMBL184647,CN(C)CCCCCn1cc(C2=C(Nc3ccccc3)C(=O)NC2=O)c4ccccc14,5.41
281,CHEMBL185221,OCCCn1cc(C2=C(Nc3ccccc3)C(=O)NC2=O)c4ccccc14,5.2
295,CHEMBL383264,N[C@H](COc1cncc(c1)c2ccc3cnccc3c2)Cc4c[nH]c5ccccc45,5.22
296,CHEMBL210390,N[C@H](COc1cncc(c1)c2ccc3cnc(N)cc3c2)Cc4c[nH]c5ccccc45,5.08
298,CHEMBL207544,N[C@H](COc1cnc(C#C)c(c1)c2ccc3cnccc3c2)Cc4c[nH]c5ccccc45,5.05
319,CHEMBL261387,CC(C)[C@@H]1N(C)c2ccc3c(nn4C=C(C[C@@H](CO)NC1=O)c2c34)C(F)(F)F,7.1
320,CHEMBL441897,CC(C)[C@@H]1N(C)c2ccc3c(C)nn4C=C(C[C@@H](CO)NC1=O)c2c34,6.39
323,CHEMBL541401,Cl.Cn1cc(C2=C(C(=O)NC2=O)c3ccc4cc5CC(CN)CCn5c4c3)c6ccccc16,7.41
324,CHEMBL537897,Cl.COCc1cc(O)c(O)c(O)c1c2c(O)c(O)c(O)cc2COC,6.97
326,CHEMBL437222,COCc1cc(O)c(O)c(O)c1c2c(O)c(O)c(O)cc2COC.CC(=O)O,6.76
328,CHEMBL3216211,Cl.Cl.NCCNc1ncc(C(=O)N)c(Nc2cccc(c2)C(F)(F)F)n1,5.29
337,CHEMBL492251,COc1ccc(cc1OC)c2cncc(C#N)c2Nc3ccc4[nH]ccc4c3,5.63
357,CHEMBL479835,COc1ccc(CN(C)C)c(c1)c2cc3c(Nc4ccc5[nH]ccc5c4C)c(cnc3s2)C#N,4.02
358,CHEMBL523155,CC(=C1CC(CO)(COC(=O)COc2ccc(cc2)C#Cc3ccc(C)cc3)OC1=O)C,6.57
360,CHEMBL492118,CC(=C1CC(CO)(COC(=O)CCOc2ccc(cc2)C#Cc3ccc(C)cc3)OC1=O)C,6.82
362,CHEMBL489520,CC(=C1CC(CO)(COC(=O)CCCOc2ccc(cc2)C#Cc3ccc(C)cc3)OC1=O)C,7.42
366,CHEMBL477817,Cc1c(Nc2c(cnc3sc(\C=C\C(=O)N4CCCC4)cc23)C#N)ccc5[nH]ccc15,5.52
369,CHEMBL467069,CN1CCN(CCOc2ccc(cc2)c3cncc(C#N)c3Nc4ccc5[nH]ccc5c4C)CC1,7.27
370,CHEMBL467321,CN1CCN(CCOc2cccc(c2)c3cncc(C#N)c3Nc4cccc5[nH]ccc45)CC1,7.41
401,CHEMBL608533,CO[C@@H]1[C@@H](C[C@H]2O[C@]1(C)n3c4ccccc4c5c6CNC(=O)c6c7c8ccccc8n2c7c35)N(C)C(=O)c9ccccc9,6.27
419,CHEMBL585500,CN1CCN(CC1)c2cccc(c2)C3=C(C(=O)NC3=O)c4c[nH]c5ccccc45,7.23
421,CHEMBL566424,CN(C)CCCn1cc(C2=C(C(=O)NC2=O)c3csc4ccccc34)c5ccccc15,6.55
422,CHEMBL584817,O=C1NC(=O)C(=C1c2c[nH]c3ccccc23)c4nc(nc5ccccc45)N6CCOCC6,5.74
447,CHEMBL116438,COc1cc(\C=C\C(=C\C(=O)\C=C\c2ccc(O)c(OC)c2)\O)ccc1O,5.06
448,CHEMBL129964,O\C(=C/C(=O)\C=C\c1ccc(O)c(O)c1)\C=C\c2ccc(O)c(O)c2,4.95
449,CHEMBL599997,CCCCCCCCOc1ccc(\C=C\C(=C\C(=O)\C=C\c2ccc(O)c(OC)c2)\O)cc1OC,5.01
450,CHEMBL589364,CCCCCCCCCCCCCCCCOc1ccc(\C=C\C(=C\C(=O)\C=C\c2ccc(O)c(OC)c2)\O)cc1OC,4.97
452,CHEMBL55267,CCCCCCCC(=O)OC[C@H](CO)OC(=O)CCCCCCC,5.09
453,CHEMBL590047,CCCCCCCC\C=C/CCCCCCCC(=O)OC[C@H](CO)OC(=O)CCCCCCC\C=C/CCCCCCCC,4.85
465,CHEMBL38380,O=S(=O)(N1CCCNCC1)c2cccc3cnccc23,5.52
466,CHEMBL600852,NC(=O)c1ccc(NC(=O)NCc2cccc(c2)C(=O)Nc3ccc4CCNCc4c3)cc1,5.52
471,CHEMBL1080995,CN1CCN(CC1)S(=O)(=O)c2cccc(\C=C\c3c(C)ncc(C#N)c3Nc4ccc5[nH]ccc5c4C)c2,7.44
481,CHEMBL1605605,Cl.Cl.C[C@@H](N)[C@@H]1CC[C@H](CC1)C(=O)Nc2ccncc2,6.48
482,CHEMBL1082821,Clc1ccc(cc1)[C@@H]2CNC[C@H]2C(=O)Nc3cc4C=CNC(=O)c4cc3Cl,6.0
498,CHEMBL603469,C[C@]12O[C@H](C[C@]1(O)CO)n3c4ccccc4c5c6C(=O)NCc6c7c8ccccc8n2c7c35,6.8
505,CHEMBL1240703,CO[C@@H]1[C@@H](C[C@H]2O[C@]1(C)n3c4ccccc4c5c6[C@H](O)NC(=O)c6c7c8ccccc8n2c7c35)N(C)C(=O)c9ccccc9,5.35
514,CHEMBL1258117,CC1(C)CC[C@@H]2CC(=O)O[C@@H](CO)CC(=O)O[C@@H]3C[C@@H](CCCCc4ccccc4)O[C@@]1(C3)O2,7.43
515,CHEMBL1258349,OC[C@H]1CC(=O)O[C@@H]2C[C@@H](CCCCc3ccccc3)O[C@@]4(CCC[C@H](CC(=O)O1)O4)C2,6.09
519,CHEMBL1667967,O=C1NC=Cc2cc(O[C@H]3CCCNC3)ccc12,6.4
520,CHEMBL1667963,Nc1nccc2c(cccc12)S(=O)(=O)N3CCCNCC3,4.7
530,CHEMBL1807163,CC(C)[C@@H]1N(C)c2cc3c(c4[nH]cc(CC(=O)NC1=O)c24)[C@](C)(CC[C@]3(C)C(C)C)C=C,6.32
547,CHEMBL1789941,N#CC[C@H](C1CCCC1)n2cc(cn2)c3ncnc4[nH]ccc34,6.28
549,CHEMBL509032,COc1cc(ccc1Nc2ncc(Cl)c(Nc3ccccc3S(=O)(=O)C(C)C)n2)N4CCC(CC4)N5CCN(C)CC5,5.7
562,CHEMBL1287853,Cc1cnc(Nc2ccc(OCCN3CCCC3)cc2)nc1Nc4cccc(c4)S(=O)(=O)NC(C)(C)C,5.09
599,CHEMBL288441,COc1cc(Nc2c(cnc3cc(OCCCN4CCN(C)CC4)c(OC)cc23)C#N)c(Cl)cc1Cl,5.62
609,CHEMBL180239,COc1cc(\C=C\c2cc(\C=C\c3ccc(O)c(OC)c3)[nH]n2)ccc1O,4.73
610,CHEMBL1914609,CCCCOc1ccc(\C=C\c2cc(\C=C\c3ccc(O)c(OC)c3)n[nH]2)cc1OC,4.79
611,CHEMBL181529,COc1cc(\C=C\c2onc(\C=C\c3ccc(O)c(OC)c3)c2)ccc1O,4.93
612,CHEMBL1914610,CCCCOc1ccc(\C=C\c2onc(\C=C\c3ccc(OCCCC)c(OC)c3)c2)cc1OC,4.63
614,CHEMBL1173442,C[C@H]1C\C=C\[C@@H](O)[C@@H](O)CC\C=C\c2cc(O)cc(O)c2C(=O)O1,4.92
623,CHEMBL2071201,Cn1cc(Nc2ncc(Br)c(N[C@@H]3[C@@H]4C[C@@H](C=C4)[C@@H]3C(=O)N)n2)cn1,7.09
630,CHEMBL2147531,NCCNc1nc(cc2ccccc12)c3ccncc3,6.06
631,CHEMBL2147532,NCCNc1nc(cc2ncccc12)c3ccncc3,6.03
633,CHEMBL2147534,NCCNc1cc(cc2cnccc12)c3ccncc3,7.36
634,CHEMBL2147535,NCCNc1nc(nc2cnccc12)c3ccncc3,7.42
635,CHEMBL2147536,NCCOc1nc(cc2cnccc12)c3ccncc3,6.92
638,CHEMBL2147539,NC(CNc1nc(cc2cnccc12)c3ccncc3)Cc4ccccc4,6.4
640,CHEMBL2147541,CNCCNc1nc(cc2cnccc12)c3ccncc3,7.1
645,CHEMBL2147545,OCCNc1nc(cc2cnccc12)c3ccncc3,7.09
646,CHEMBL2147546,O=C1CN(CCN1)c2nc(cc3cnccc23)c4ccncc4,6.1
648,CHEMBL2147548,CC(C)(N)CNc1nc(cc2cnccc12)c3ccnc(N)c3,6.83
650,CHEMBL2147550,CC(C)(N)CNc1nc(cc2cnccc12)c3ccncc3F,7.21
651,CHEMBL2147551,CC(C)(N)CNc1nc(cc2cnccc12)c3ccncc3Cl,7.33
652,CHEMBL2147552,Cc1cnccc1c2cc3cnccc3c(NCC(C)(C)N)n2,6.88
661,CHEMBL2153747,CN1CCN(CC1)c2cc(C3=C(C(=O)NC3=O)c4c[nH]c5ccccc45)c6ccccc6n2,7.14
671,CHEMBL2151406,CN1CCN(CC1)c2nc(C3=C(C(=O)NC3=O)c4c[nH]c5ccccc45)c6cccc(C)c6n2,6.48
674,CHEMBL2151409,CN1CCN(CC1)c2nc(C3=C(C(=O)NC3=O)c4c[nH]c5cc(Cl)ccc45)c6ccccc6n2,7.5
679,CHEMBL2151414,CN1CCN(CC1)c2nc(C3=C(C(=O)NC3=O)c4c(C)[nH]c5ccccc45)c6ccccc6n2,7.14
682,CHEMBL2153264,Nc1nc2c(nccc2[nH]1)c3ccccn3,4.4
1042,CHEMBL3261343,CC(=O)c1cccc(NC(=O)c2sc3nc4cc5OCCOc5cc4cc3c2N)c1,5.23
1043,CHEMBL3261356,CC(C)C[C@H](NC(=O)[C@H](CO)NC(=O)[C@@H](NC(=O)[C@H](C)NC(=O)[C@@H](N)CCC(=O)O)C(C)C)C(=O)N[C@@H](CCCCN)C(=O)N1CCC[C@H]1C(=O)N[C@@H]([C@@H](C)O)C(=O)N[C@@H](CCCNC(=N)N)C(=O)N[C@@H](CCCNC(=N)N)C(=O)N[C@@H](CCCNC(=N)N)C(=O)N[C@@H](CCCNC(=N)N)C(=O)N[C@@H](CCCNC(=N)N)C(=O)N[C@@H](CCCNC(=N)N)C(=O)N[C@@H](CCCNC(=N)N)C(=O)O,5.99
1044,CHEMBL3261337,CCOc1ccc2nc(NC(=O)c3sc4nc5cc(OC)ccc5cc4c3N)sc2c1,4.59
1045,CHEMBL3261357,O=C1NC(=O)\C(=C\c2ccc3OCOc3c2)\C(=O)N1Cc4ccccc4,4.55
1046,CHEMBL3261358,CC(C)C[C@H](NC(=O)[C@H](CO)NC(=O)[C@@H](NC(=O)[C@H](C)NC(=O)[C@@H](N)CCC(=O)O)C(C)C)C(=O)N[C@@H](CCCCN)C(=O)N1CCC[C@H]1C(=O)N[C@@H]([C@@H](C)O)C(=O)O,5.99
1093,CHEMBL3356472,C[C@H]1N2C(=NNC1=O)COc3cc(c(NC4CNC4)cc23)c5ccccc5,6.34
1094,CHEMBL3356474,C[C@H]1N2C(=NNC1=O)COc3cc(c(NC4CNC4)cc23)C(F)(F)F,6.85
1096,CHEMBL3310278,CCc1cc(cc(c1)C2(CC2)C#N)c3ccnc4[nH]nc(c34)C(F)(F)F,7.11
1097,CHEMBL3310279,FCCc1cc(cc(c1)C2(CC2)C#N)c3ccnc4[nH]nc(c34)C(F)(F)F,7.05
1098,CHEMBL3310280,FC(F)Cc1cc(cc(c1)C2(CC2)C#N)c3ccnc4[nH]nc(c34)C(F)(F)F,6.71
1099,CHEMBL3310281,COCCc1cc(cc(c1)C2(CC2)C#N)c3ccnc4[nH]nc(c34)C(F)(F)F,6.84
1100,CHEMBL3310282,CC(=O)OCCc1cc(cc(c1)C2(CC2)C#N)c3ccnc4[nH]nc(c34)C(F)(F)F,6.92
1101,CHEMBL3310283,NCCc1cc(cc(c1)C2(CC2)C#N)c3ccnc4[nH]nc(c34)C(F)(F)F,6.74
1102,CHEMBL3310284,CC(=O)NCCc1cc(cc(c1)C2(CC2)C#N)c3ccnc4[nH]nc(c34)C(F)(F)F,7.5
1103,CHEMBL3310285,CS(=O)(=O)NCCc1cc(cc(c1)C2(CC2)C#N)c3ccnc4[nH]nc(c34)C(F)(F)F,7.3
1104,CHEMBL3310286,C[C@@H](O)Cc1cc(cc(c1)C2(CC2)C#N)c3ccnc4[nH]nc(c34)C(F)(F)F,7.47
1105,CHEMBL3310287,C[C@H](O)Cc1cc(cc(c1)C2(CC2)C#N)c3ccnc4[nH]nc(c34)C(F)(F)F,7.29
1106,CHEMBL3310288,OC(Cc1cc(cc(c1)C2(CC2)C#N)c3ccnc4[nH]nc(c34)C(F)(F)F)C5CC5,7.52
1107,CHEMBL3310289,CCC(O)Cc1cc(cc(c1)C2(CC2)C#N)c3ccnc4[nH]nc(c34)C(F)(F)F,7.31
1108,CHEMBL3310290,CC(C)C(O)Cc1cc(cc(c1)C2(CC2)C#N)c3ccnc4[nH]nc(c34)C(F)(F)F,6.67
1109,CHEMBL3310291,OC(Cc1cc(cc(c1)C2(CC2)C#N)c3ccnc4[nH]nc(c34)C(F)(F)F)C(F)(F)F,6.57
1110,CHEMBL3310292,OC(=O)Cc1cc(cc(c1)C2(CC2)C#N)c3ccnc4[nH]nc(c34)C(F)(F)F,6.35
1112,CHEMBL3310294,OC[C@@H](O)Cc1cc(cc(c1)C2(CC2)C#N)c3ccnc4[nH]nc(c34)C(F)(F)F,7.43
1113,CHEMBL3310295,OC[C@H](O)Cc1cc(cc(c1)C2(CC2)C#N)c3ccnc4[nH]nc(c34)C(F)(F)F,7.39
1114,CHEMBL3310296,COCC(O)Cc1cc(cc(c1)C2(CC2)C#N)c3ccnc4[nH]nc(c34)C(F)(F)F,7.11
