,molecule_chembl_id,canonical_smiles,pchembl_value
0,CHEMBL261387,CC(C)[C@@H]1N(C)c2ccc3c(nn4C=C(C[C@@H](CO)NC1=O)c2c34)C(F)(F)F,7.53
1,CHEMBL2147535,NCCNc1nc(nc2cnccc12)c3ccncc3,7.57
2,CHEMBL306884,OC(=O)c1cccc(O)c1C(=O)c2c(O)cc(cc2O)C(=O)OC3C4CCN(CC4)CC3NC(=O)c5ccc(O)cc5,7.59
3,CHEMBL78129,OC(=O)c1cccc(O)c1C(=O)c2c(O)cc(cc2O)C(=O)O[C@@H]3C4CCN(CC4)C[C@H]3NC(=O)c5ccc(O)cc5,7.59
4,CHEMBL401369,CCCCCCn1cc2CC[C@@H](CO)NC(=O)[C@H](C(C)C)N(C)c3cccc1c23,7.6
5,CHEMBL568580,CN1CCN(CC1)c2cc(C3=C(C(=O)NC3=O)c4c[nH]c5ccccc45)c6ccccc6c2,7.6
6,CHEMBL2153752,CN1CCN(CC1)c2nc(C3=C(C(=O)NC3=O)c4c[nH]c5ccccc45)c6cc(C)ccc6n2,7.6
7,CHEMBL46252,CCCCCCCC(=O)O[C@H]1\C(=C\C(=O)OC)\CC2C[C@@H](OC(=O)C[C@H](O)C[C@@H]3CCC[C@H](C[C@@H]4CCO[C@@H](O4)\C=C\C(C)(C)[C@]1(O)O2)O3)[C@@H](C)O,7.63
8,CHEMBL311399,OC(=O)c1cccc(O)c1C(=O)c2c(O)cc(cc2O)C(=O)OC3CCCNC[C@H]3NC(=O)c4ccc(O)cc4,7.66
9,CHEMBL307747,OC(=O)c1cccc(O)c1C(=O)c2c(O)cc(cc2O)C(=O)O[C@@H]3CCCNC[C@@H]3NC(=O)c4ccc(O)cc4,7.66
10,CHEMBL60254,OC(=O)c1cccc(O)c1C(=O)c2c(O)cc(cc2O)C(=O)O[C@@H]3CCCNC[C@H]3NC(=O)c4ccc(O)cc4,7.66
11,CHEMBL63262,CC(C)[C@@H]1N(C)c2cccc3[nH]cc(C[C@@H](CO)\N=C\1/S)c23,7.69
12,CHEMBL148745,CC(CCc1ccc(O)cc1)OC(=O)c2cc(O)c(C(=O)c3c(O)cccc3C(=O)O)c(O)c2,7.7
13,CHEMBL307543,CCOC(=O)c1cccc(O)c1C(=O)c2c(O)cc(cc2O)C(=O)O[C@@H]3CNC[C@H]3NC(=O)c4ccc(O)cc4,7.7
14,CHEMBL2151412,CN1CCN(CC1)c2nc(C3=C(C(=O)NC3=O)c4cn(C)c5ccccc45)c6ccccc6n2,7.7
15,CHEMBL433101,C[C@]1(CCCNC[C@H]1NC(=O)c2ccc(O)cc2)OC(=O)c3cc(O)c(C(=O)c4c(O)cccc4C(=O)O)c(O)c3,7.7
16,CHEMBL305667,OC(=O)c1cccc(O)c1C(=O)c2c(O)cc(cc2O)C(=O)OC3C4CCC(C4)C3NC(=O)c5ccc(O)cc5,7.7
17,CHEMBL49354,OC(=O)c1cccc(O)c1C(=O)c2c(O)cc(cc2O)C(=O)OC3CCCNCC3NC(=O)c4ccc(O)cc4,7.7
18,CHEMBL300422,OC(=O)c1cccc(O)c1C(=O)c2c(O)cc(cc2O)C(=O)OC3CNCC3Cc4ccc(O)cc4,7.7
19,CHEMBL358264,OC(=O)c1cccc(O)c1C(=O)c2c(O)cc(cc2O)C(=O)OCC(Cc3ccc(O)cc3)NS(=O)(=O)c4ccccc4,7.7
20,CHEMBL60455,OC(=O)c1cccc(O)c1C(=O)c2c(O)cc(cc2O)C(=O)OC[C@@H]3CCC[C@H]3NC(=O)c4ccc(O)cc4,7.7
21,CHEMBL151822,OC(=O)c1cccc(O)c1C(=O)c2c(O)cc(cc2O)C(=O)OC[C@H](Cc3ccc(O)cc3)NS(=O)(=O)c4ccccc4,7.7
22,CHEMBL80525,OC(=O)c1cccc(O)c1C(=O)c2c(O)cc(cc2O)C(=O)O[C@@H]3C4CCC(C4)[C@H]3NC(=O)c5ccc(O)cc5,7.7
23,CHEMBL75004,OC[C@@H]1C[C@@H](NC(=O)c2ccc(O)cc2)[C@@H](C1)OC(=O)c3cc(O)c(C(=O)c4c(O)cccc4C(=O)O)c(O)c3,7.7
24,CHEMBL431955,OC[C@@H]1C[C@H](NC(=O)c2ccc(O)cc2)[C@@H](C1)OC(=O)c3cc(O)c(C(=O)c4c(O)cccc4C(=O)O)c(O)c3,7.7
25,CHEMBL2151409,CN1CCN(CC1)c2nc(C3=C(C(=O)NC3=O)c4c[nH]c5cc(Cl)ccc45)c6ccccc6n2,7.72
26,CHEMBL2147550,CC(C)(N)CNc1nc(cc2cnccc12)c3ccncc3F,7.75
27,CHEMBL2151410,CN1CCN(CC1)c2nc(C3=C(C(=O)NC3=O)c4c[nH]c5c(Cl)cccc45)c6ccccc6n2,7.77
28,CHEMBL304626,COC(=O)c1cccc(O)c1C(=O)c2c(O)cc(cc2O)C(=O)O[C@@H]3CNC[C@H]3NC(=O)c4ccc(O)cc4,7.8
29,CHEMBL2147551,CC(C)(N)CNc1nc(cc2cnccc12)c3ccncc3Cl,7.82
30,CHEMBL265998,CCCC(=O)O[C@@H]1[C@@H](C)[C@]2(O)[C@@H]3C=C(C)C(=O)[C@H]3CC(=C[C@H]2[C@@H]4C(C)(C)[C@]14OC(=O)CCC)CO,7.83
31,CHEMBL67528,CC(=O)OCOC(=O)c1cccc(O)c1C(=O)c2c(O)cc(cc2O)C(=O)O[C@@H]3CNC[C@H]3NC(=O)c4ccc(O)cc4,7.85
32,CHEMBL2147543,NC1CCCN(C1)c2nc(cc3cnccc23)c4ccncc4,7.89
33,CHEMBL1258117,CC1(C)CC[C@@H]2CC(=O)O[C@@H](CO)CC(=O)O[C@@H]3C[C@@H](CCCCc4ccccc4)O[C@@]1(C3)O2,7.92
34,CHEMBL2151413,CC(C)n1cc(C2=C(C(=O)NC2=O)c3nc(nc4ccccc34)N5CCN(C)CC5)c6ccccc16,7.96
35,CHEMBL565632,CN(C)CCOc1cc(C2=C(C(=O)NC2=O)c3c[nH]c4ccccc34)c5ccccc5c1,7.96
36,CHEMBL27768,CCCC(=O)O[C@@H]1[C@@H](C)[C@@]2(O)[C@@H](C=C(CO)C[C@@]3(O)[C@H]2C=C(C)C3=O)[C@@H]4C(C)(C)[C@]14OC(=O)CCC,7.99
37,CHEMBL271403,CC(C)[C@@H]1N(C)c2ccc3cnn4C=C(C[C@@H](CO)NC1=O)c2c34,8.0
38,CHEMBL7463,CN(C)CCCn1cc(C2=C(C(=O)NC2=O)c3c[nH]c4ccccc34)c5ccccc15,8.0
39,CHEMBL2147544,NCCCNc1nc(cc2cnccc12)c3ccncc3,8.0
40,CHEMBL295806,OC(=O)c1cccc(O)c1C(=O)c2c(O)cc(cc2O)C(=O)OC3CCCC3Cc4ccc(O)cc4,8.0
41,CHEMBL48988,OC(=O)c1cccc(O)c1C(=O)c2c(O)cc(cc2O)C(=O)OC3CCCC3Oc4ccc(O)cc4,8.0
42,CHEMBL70078,OC(=O)c1cccc(O)c1C(=O)c2c(O)cc(cc2O)C(=O)O[C@@H]3CCCOC[C@@H]3NC(=O)c4ccc(O)cc4,8.0
43,CHEMBL306373,OC(=O)c1cccc(O)c1C(=O)c2c(O)cc(cc2O)C(=O)O[C@@H]3CCCOC[C@H]3NC(=O)c4ccc(O)cc4,8.0
44,CHEMBL379218,Cc1n[nH]c2ccc(cc12)c3cncc(OC[C@@H](N)Cc4ccccc4)c3,8.02
45,CHEMBL2151408,CN1CCN(CC1)c2nc(C3=C(C(=O)NC3=O)c4c[nH]c5ccc(Cl)cc45)c6ccccc6n2,8.04
46,CHEMBL2153749,CN1CCN(CC1)c2nc(C3=C(C(=O)NC3=O)c4c[nH]c5ccccc45)c6c(C)cccc6n2,8.04
47,CHEMBL2147538,CC(C)(N)CNc1nc(cc2cnccc12)c3ccncc3,8.05
48,CHEMBL2153755,CN1CCN(CC1)c2nc(C3=C(C(=O)NC3=O)c4c[nH]c5ccccc45)c6ccc(F)cc6n2,8.05
49,CHEMBL28205,CCCCCCCCCCc1ccc2N(C)[C@@H](C(C)C)C(=O)N[C@H](CO)Cc2c1,8.19
50,CHEMBL2153748,CN1CCN(CC1)c2cc3ccccc3c(n2)C4=C(C(=O)NC4=O)c5c[nH]c6ccccc56,8.21
51,CHEMBL1214932,C1CN(CCN1)c2nc(cc3cnccc23)c4ccncc4,8.22
52,CHEMBL565612,CN1CCN(CC1)c2nc(C3=C(C(=O)NC3=O)c4c[nH]c5ccccc45)c6ccccc6n2,8.22
53,CHEMBL2148107,C[C@@H]1CC(C)(C)[C@@]23C[C@@H](C[C@@H](CCCCc4cccc(O)c4)O2)OC(=O)C[C@H](CO)OC(=O)C[C@@H]1O3,8.23
54,CHEMBL27266,CC(C)[C@@H]1N(C)c2cccc3[nH]cc(C[C@@H](CO)NC1=O)c23,8.26
55,CHEMBL2153751,CN1CCN(CC1)c2nc(C3=C(C(=O)NC3=O)c4c[nH]c5ccccc45)c6cc(Cl)ccc6n2,8.27
56,CHEMBL388978,CN[C@@H]1C[C@H]2O[C@@](C)([C@@H]1OC)n3c4ccccc4c5c6CNC(=O)c6c7c8ccccc8n2c7c35,8.3
57,CHEMBL1214929,NCCNc1nc(cc2cnccc12)c3ccncc3,8.3
58,CHEMBL1258348,CC1(C)CC[C@@H]2CC(=O)O[C@@H](CO)CC(=O)O[C@@H]3C[C@@H](CCCCc4cccc(O)c4)O[C@@]1(C3)O2,8.36
59,CHEMBL2147542,C1CNCCN(C1)c2nc(cc3cnccc23)c4ccncc4,8.4
60,CHEMBL304175,CC(C)(C)C(=O)OCOC(=O)c1cccc(O)c1C(=O)c2c(O)cc(cc2O)C(=O)O[C@@H]3CNC[C@H]3NC(=O)c4ccc(O)cc4,8.4
61,CHEMBL76920,CC(C)C1C[C@@H](NC(=O)c2ccc(O)cc2)[C@@H](C1)OC(=O)c3cc(O)c(C(=O)c4c(O)cccc4C(=O)O)c(O)c3,8.4
62,CHEMBL66923,COC(=O)c1cccc(O)c1C(=O)c2c(O)cc(cc2O)C(=O)O[C@@H]3CCC[C@H]3NC(=O)c4ccc(O)cc4,8.4
63,CHEMBL265559,OC(=O)c1cccc(O)c1C(=O)c2c(O)cc(cc2O)C(=O)OC3CNCC3NC(=O)c4ccc(O)cc4,8.4
64,CHEMBL177635,OC(=O)c1cccc(O)c1C(=O)c2c(O)cc(cc2O)C(=O)OC3CNC[C@H]3NC(=O)c4ccc(O)cc4,8.4
65,CHEMBL59828,OC(=O)c1cccc(O)c1C(=O)c2c(O)cc(cc2O)C(=O)O[C@@H]3CNC[C@H]3NC(=O)c4ccc(O)cc4,8.4
66,CHEMBL422056,OC(=O)c1cccc(O)c1C(=O)c2c(O)cc(cc2O)C(=O)O[C@H]3CNCC3NC(=O)c4ccc(O)cc4,8.4
67,CHEMBL309034,O[C@@H]1C[C@@H](NC(=O)c2ccc(O)cc2)[C@@H](C1)OC(=O)c3cc(O)c(C(=O)c4c(O)cccc4C(=O)O)c(O)c3,8.4
68,CHEMBL67716,O[C@H]1C[C@H](NC(=O)c2ccc(O)cc2)[C@@H](C1)OC(=O)c3cc(O)c(C(=O)c4c(O)cccc4C(=O)O)c(O)c3,8.4
69,CHEMBL2326002,CC(C)[C@@](C)(O)[C@@H]1CN(CCN1)c2nc(c(F)cc2Cl)c3n[nH]c4ncccc34,8.46
70,CHEMBL2151415,Cn1cc(C2=C(C(=O)NC2=O)c3nc(nc4ccccc34)N5CCNCC5)c6ccccc16,8.48
71,CHEMBL308263,NC[C@@H]1C[C@@H](NC(=O)c2ccc(O)cc2)[C@@H](C1)OC(=O)c3cc(O)c(C(=O)c4c(O)cccc4C(=O)O)c(O)c3,8.52
72,CHEMBL67290,NC[C@@H]1C[C@H](NC(=O)c2ccc(O)cc2)[C@@H](C1)OC(=O)c3cc(O)c(C(=O)c4c(O)cccc4C(=O)O)c(O)c3,8.52
73,CHEMBL307708,NC[C@H]1C[C@@H](NC(=O)c2ccc(O)cc2)[C@@H](C1)OC(=O)c3cc(O)c(C(=O)c4c(O)cccc4C(=O)O)c(O)c3,8.52
74,CHEMBL421866,NC[C@H]1C[C@H](NC(=O)c2ccc(O)cc2)[C@@H](C1)OC(=O)c3cc(O)c(C(=O)c4c(O)cccc4C(=O)O)c(O)c3,8.52
75,CHEMBL432168,N[C@@H]1C[C@@H](NC(=O)c2ccc(O)cc2)[C@@H](C1)OC(=O)c3cc(O)c(C(=O)c4c(O)cccc4C(=O)O)c(O)c3,8.52
76,CHEMBL59677,OC(=O)c1cccc(O)c1C(=O)c2c(O)cc(cc2O)C(=O)N[C@@H]3CNC[C@H]3NC(=O)c4ccc(O)cc4,8.52
77,CHEMBL345767,OC(=O)c1cccc(O)c1C(=O)c2c(O)cc(cc2O)C(=O)OC[C@@H](Cc3ccc(O)cc3)NS(=O)(=O)c4ccccc4,8.52
78,CHEMBL306580,OC1C[C@@H](NC(=O)c2ccc(O)cc2)[C@@H](C1)OC(=O)c3cc(O)c(C(=O)c4c(O)cccc4C(=O)O)c(O)c3,8.52
79,CHEMBL1794808,O[C@@H]1C[C@H](NC(=O)c2ccc(O)cc2)[C@@H](C1)OC(=O)c3cc(O)c(C(=O)c4c(O)cccc4C(=O)O)c(O)c3.O[C@H]5C[C@H](NC(=O)c6ccc(O)cc6)[C@@H](C5)OC(=O)c7cc(O)c(C(=O)c8c(O)cccc8C(=O)O)c(O)c7,8.52
80,CHEMBL494089,CCn1c(nc2c(ncc(OC[C@H]3CCCNC3)c12)C#CC(C)(C)O)c4nonc4N,8.62
81,CHEMBL2147537,C[C@H](N)CNc1nc(cc2cnccc12)c3ccncc3,8.7
82,CHEMBL417051,N[C@@H]1C[C@H](NC(=O)c2ccc(O)cc2)[C@@H](C1)OC(=O)c3cc(O)c(C(=O)c4c(O)cccc4C(=O)O)c(O)c3,8.7
83,CHEMBL75661,OC[C@H]1C[C@@H](NC(=O)c2ccc(O)cc2)[C@@H](C1)OC(=O)c3cc(O)c(C(=O)c4c(O)cccc4C(=O)O)c(O)c3,8.7
84,CHEMBL306427,OC[C@H]1C[C@H](NC(=O)c2ccc(O)cc2)[C@@H](C1)OC(=O)c3cc(O)c(C(=O)c4c(O)cccc4C(=O)O)c(O)c3,8.7
85,CHEMBL2153750,CN1CCN(CC1)c2nc(C3=C(C(=O)NC3=O)c4c[nH]c5ccccc45)c6cc(F)ccc6n2,8.72
86,CHEMBL2151411,CN1CCN(CC1)c2nc(C3=C(C(=O)NC3=O)c4c[nH]c5c(C)cccc45)c6ccccc6n2,8.77
87,CHEMBL1996510,O=C1NC(=O)C(=C1c2c[nH]c3ccccc23)c4nc(nc5ccccc45)N6CCNCC6,9.0
88,CHEMBL48636,OC(=O)c1cccc(O)c1C(=O)c2c(O)cc(cc2O)C(=O)OC3CCCC3NC(=O)c4ccc(O)cc4,9.0
89,CHEMBL52529,OC(=O)c1cccc(O)c1C(=O)c2c(O)cc(cc2O)C(=O)O[C@@H]3CCC[C@H]3NC(=O)c4ccc(O)cc4,9.0
90,CHEMBL71331,OC(=O)c1cccc(O)c1C(=O)c2c(O)cc(cc2O)C(=O)O[C@H]3CCCC3NC(=O)c4ccc(O)cc4,9.0
91,CHEMBL427118,OC(=O)c1cccc(O)c1C(=O)c2c(O)cc(cc2O)C(=O)OC3CCC[C@H]3NC(=O)c4ccc(O)cc4,9.22
92,CHEMBL2148108,C[C@@H]1[C@@H](CCCCc2cccc(O)c2)O[C@]34C[C@@H]1OC(=O)C[C@H](CO)OC(=O)C[C@@H](CCC3(C)C)O4,9.35
93,CHEMBL1256416,CO[C@@H](CC[C@H](C)[C@H]1O[C@@]23C[C@H](OC(=O)C[C@@H](OC(=O)C[C@](O)(O2)[C@H](C)CC3(C)C)[C@@H](C)O)[C@@H]1C)c4cc(O)ccc4Br,9.44
94,CHEMBL399981,CCCCCCn1cc2C[C@@H](CO)NC(=O)[C@H](C(C)C)N(C)c3cccc1c23,9.47
95,CHEMBL2418196,C[C@@H](O)[C@H]1CC(=O)O[C@H]2C[C@]3(O[C@H]([C@@H](C)CCCc4cccc(O)c4)[C@H]2C)O[C@@](O)(CC(=O)O1)[C@H](C)CC3(C)C,9.75
96,CHEMBL2148106,CO[C@@H](CC[C@H](C)[C@H]1O[C@@]23C[C@H](OC(=O)C[C@@H](OC(=O)C[C@](O)(O2)[C@H](C)CC3(C)C)[C@@H](C)O)[C@@H]1C)c4cccc(O)c4,9.96
