,molecule_chembl_id,canonical_smiles,pchembl_value
0,ruboxistaurin,[H][C@@]1(CN(C)C)CCN2C=C(C3=CC=CC=C23)C2=C(C(=O)NC2=O)C2=CN(CCO1)C1=CC=CC=C21,8.6
1,CHEMBL467723,N#Cc1cncc(c1Nc2cccc3[nH]ccc23)c4cccc(OCCN5CCCC5)c4,7.54
2,CHEMBL395691,NC[C@@H]1CC[C@@H](CNc2nc(NCc3ccccc3Cl)ncc2[N+](=O)[O-])CC1,7.54
3,CHEMBL2046645,CC(C)C[C@H]1CN(CCN1)c2ccc(C3CC3)c(n2)C(=O)c4cccnc4N,7.55
4,CHEMBL3586046,CN1CCC[C@@H](CNc2nc(Nc3cccc(c3)n4cccn4)ncc2F)C1,7.55
5,CHEMBL3586045,CN1CCC[C@@H](CNc2nc(Nc3cccc(c3)c4ocnc4)ncc2F)C1,7.57
6,CHEMBL466653,Cc1c(Nc2c(cncc2c3ccccc3)C#N)ccc4[nH]ccc14,7.57
7,CHEMBL246184,NCC1CCC(CNc2nc(NCc3ccc(Cl)cc3Cl)ncc2[N+](=O)[O-])CC1,7.57
8,CHEMBL2151414,CN1CCN(CC1)c2nc(C3=C(C(=O)NC3=O)c4c(C)[nH]c5ccccc45)c6ccccc6n2,7.59
9,CHEMBL566074,Cc1c(Nc2c(\C=C\C3CCCCC3)cncc2C#N)ccc4[nH]ccc14,7.59
10,CHEMBL2046651,CC(C)C[C@H]1CN(CCN1)c2cc(C)cc(n2)C(=O)c3cccnc3N,7.62
11,CHEMBL45053,CCCCCCCC(=O)O[C@H]1\C(=C\C(=O)OC)\CC2C[C@@H](OC(=O)C[C@H](O)CCO[C@@H](C[C@@H]3CCO[C@@H](O3)\C=C\C(C)(C)[C@]1(O)O2)C(C)(C)C)[C@@H](C)O,7.62
12,CHEMBL3355131,C[C@H]1CN(C)CC[C@H]1c2cc3N4[C@H](C)C(=O)NN=C4COc3cc2c5ccc(C)cc5,7.62
13,CHEMBL595492,Cc1c(Nc2c(\C=C\CCN3CC[C@H](O)C3)cncc2C#N)ccc4[nH]ccc14,7.62
14,CHEMBL579201,N#Cc1cncc(\C=C\c2ccccc2)c1Nc3ccc4[nH]ccc4c3,7.62
15,CHEMBL1079435,CN1CCN(CC1)S(=O)(=O)c2ccc(\C=C\c3cncc(C#N)c3Nc4ccc5[nH]ccc5c4C)cc2,7.64
16,CHEMBL480839,COc1ccccc1c2cc3c(Nc4ccc5[nH]ccc5c4C)c(cnc3s2)C#N,7.64
17,CHEMBL3355112,C[C@H]1N2C(=NNC1=O)COc3cc(c(NC4(C)CNC4)cc23)C(F)(F)F,7.64
18,CHEMBL605086,Cc1c(Nc2c(\C=C\CCN3CCC(CC3)NS(=O)(=O)c4ccccc4)cncc2C#N)ccc5[nH]ccc15,7.64
19,CHEMBL578174,Cc1c(Nc2c(cncc2c3cc4ccccc4s3)C#N)ccc5[nH]ccc15,7.64
20,CHEMBL567730,Cc1c(Nc2c(cncc2c3cccc(CN4CCOCC4)c3)C#N)ccc5[nH]ccc15,7.64
21,CHEMBL596173,CC(C)S(=O)(=O)NC1CCN(CC\C=C\c2cncc(C#N)c2Nc3ccc4[nH]ccc4c3C)CC1,7.66
22,CHEMBL595752,CCS(=O)(=O)NC1CCN(CC\C=C\c2cncc(C#N)c2Nc3ccc4[nH]ccc4c3C)CC1,7.66
23,CHEMBL517677,Cc1c(Nc2c(cnc3sc(\C=C\CN4CCCC4)cc23)C#N)ccc5[nH]ccc15,7.66
24,CHEMBL245783,NCC1CCC(CNc2nc(NCc3cccc(F)c3F)ncc2[N+](=O)[O-])CC1,7.66
25,CHEMBL2326012,CC(C)[C@@](C)(O)[C@@H]1CN(CCN1)c2ccc(Cl)c(n2)c3n[nH]c4ncccc34,7.68
26,CHEMBL2326010,CC(C)[C@@](C)(O)[C@H]1CN(CCN1)c2ccc(F)c(n2)c3n[nH]c4ncccc34,7.68
27,CHEMBL1079745,Cc1ncc(C#N)c(Nc2ccc3[nH]ccc3c2C)c1\C=C\c4ccc(cc4)S(=O)(=O)N5CCCC5,7.68
28,CHEMBL2326013,CC(C)[C@@](C)(O)[C@@H]1CN(CCN1)c2ccc(c(n2)c3n[nH]c4ncccc34)C(F)(F)F,7.7
29,CHEMBL2046648,CCCc1ccc(nc1C(=O)c2cccnc2N)N3CCN[C@@H](CC(C)C)C3,7.7
30,CHEMBL467068,Cc1c(Nc2c(cncc2c3ccc(OCCN4CCOCC4)cc3)C#N)ccc5[nH]ccc15,7.7
31,CHEMBL493825,CN1CCN(CCCOc2ccc(cc2)c3cncc(C#N)c3Nc4ccc5[nH]ccc5c4C)CC1,7.72
32,CHEMBL3355129,C[C@H]1CN(C)CC[C@H]1c2cc3N4[C@H](C)C(=O)NN=C4COc3cc2c5ccc(F)cc5,7.72
33,CHEMBL593388,Cc1c(Nc2c(\C=C\CCCN3CCCCC3)cncc2C#N)ccc4[nH]ccc14,7.72
34,CHEMBL596206,Cc1c(Nc2c(\C=C\CCN3CCC(CC3)c4ccccc4)cncc2C#N)ccc5[nH]ccc15,7.72
35,CHEMBL271403,CC(C)[C@@H]1N(C)c2ccc3cnn4C=C(C[C@@H](CO)NC1=O)c2c34,7.73
36,CHEMBL467321,CN1CCN(CCOc2cccc(c2)c3cncc(C#N)c3Nc4cccc5[nH]ccc45)CC1,7.75
37,CHEMBL248183,NCC1CCC(CNc2nc(NCc3ccccc3OC(F)(F)F)ncc2[N+](=O)[O-])CC1,7.75
38,CHEMBL246159,NC[C@@H]1CC[C@H](CNc2nc(NCc3ccccc3Cl)ncc2[N+](=O)[O-])CC1,7.75
39,CHEMBL395690,COc1ccccc1CNc2ncc(c(NCC3CCC(CN)CC3)n2)[N+](=O)[O-],7.77
40,CHEMBL593892,Cc1ncc(C#N)c(Nc2ccc3[nH]ccc3c2C)c1\C=C\CCN4CCNCC4,7.77
41,CHEMBL468139,N#Cc1cncc(c1Nc2cccc3[nH]ccc23)c4cccc(OCCN5CCOCC5)c4,7.77
42,CHEMBL3798679,CC1(C)NC(=O)c2ccc(cc2N1Cc3ccccc3)N4C(=O)Nc5ncccc45,7.8
43,CHEMBL494089,CCn1c(nc2c(ncc(OC[C@H]3CCCNC3)c12)C#CC(C)(C)O)c4nonc4N,7.8
44,CHEMBL480838,CN(C)Cc1cc(cs1)c2cc3c(Nc4ccc5[nH]ccc5c4C)c(cnc3s2)C#N,7.8
45,CHEMBL479835,COc1ccc(CN(C)C)c(c1)c2cc3c(Nc4ccc5[nH]ccc5c4C)c(cnc3s2)C#N,7.8
46,CHEMBL3355124,C[C@@H]1CN(C)CC[C@@H]1c2cc3N4[C@H](C)C(=O)NN=C4COc3cc2c5ccccc5F,7.8
47,CHEMBL595048,Cc1c(Nc2c(\C=C\CCN3CCC(CC3)NS(=O)(=O)C)cncc2C#N)ccc4[nH]ccc14,7.8
48,CHEMBL595732,Cc1c(Nc2c(\C=C\CCN3CCOCC3)cncc2C#N)ccc4[nH]ccc14,7.8
49,CHEMBL2326017,CC(C)[C@H]1CN(CCN1)c2cccc(n2)c3n[nH]c4ncccc34,7.82
50,CHEMBL514041,CCNC(=O)\C=C\c1cc2c(Nc3ccc4[nH]ccc4c3C)c(cnc2s1)C#N,7.82
51,CHEMBL568923,Cc1c(Nc2c(cncc2c3oc4ccc(CN5CCN(CC5)S(=O)(=O)C)cc4c3)C#N)ccc6[nH]ccc16,7.82
52,CHEMBL245977,NCC1CCC(CNc2nc(NCc3ccccc3C(F)F)ncc2[N+](=O)[O-])CC1,7.82
53,CHEMBL471795,CN(C)Cc1ccc(cc1)c2cc3c(Nc4ccc5[nH]ccc5c4C)c(cnc3s2)C#N,7.85
54,CHEMBL493987,CN1CCN(CCOc2ccc(cc2)c3cncc(C#N)c3Nc4cccc5[nH]ccc45)CC1,7.85
55,CHEMBL1082544,CN1CCN(Cc2ccnc(\C=C\c3cncc(C#N)c3Nc4ccc5[nH]ccc5c4C)c2)CC1,7.85
56,CHEMBL3355128,C[C@H]1CN(C)CC[C@H]1c2cc3N4[C@H](C)C(=O)NN=C4COc3cc2c5cccc(F)c5,7.85
57,CHEMBL1097695,Cc1c(Nc2c(\C=C\c3ccc(CN4CCCCC4)cn3)cncc2C#N)ccc5[nH]ccc15,7.85
58,CHEMBL522344,Cc1c(Nc2c(cncc2c3ccc(OCCN4CCN(CCO)CC4)cc3)C#N)ccc5[nH]ccc15,7.85
59,CHEMBL28205,CCCCCCCCCCc1ccc2N(C)[C@@H](C(C)C)C(=O)N[C@H](CO)Cc2c1,7.88
60,CHEMBL566263,COc1ccc(\C=C\c2cncc(C#N)c2Nc3ccc4[nH]ccc4c3C)cc1,7.89
61,CHEMBL513485,COc1ccc(cc1OC)c2cncc(C#N)c2Nc3cccc4[nH]ccc34,7.89
62,CHEMBL583879,Cc1c(Nc2c(\C=C\c3ccccc3OCCN4CCCC4)cncc2C#N)ccc5[nH]ccc15,7.89
63,CHEMBL571281,Cc1c(Nc2c(cncc2c3oc4ccc(CN5CCN(CC5)c6ccccn6)cc4c3)C#N)ccc7[nH]ccc17,7.89
64,CHEMBL576278,Cc1c(Nc2c(cncc2c3oc4ccc(CN5CCOCC5)cc4c3)C#N)ccc6[nH]ccc16,7.89
65,CHEMBL245912,Cc1cccc(CNc2ncc(c(NCC3CCC(CN)CC3)n2)[N+](=O)[O-])c1C,7.89
66,CHEMBL576232,N#Cc1cncc(\C=C\c2ccccc2)c1Nc3cccc4N=CCc34,7.89
67,CHEMBL3798266,CC1(C)NC(=O)c2ccc(cc2N1c3ccccc3)N4C(=O)Nc5ncccc45,7.92
68,CHEMBL401369,CCCCCCn1cc2CC[C@@H](CO)NC(=O)[C@H](C(C)C)N(C)c3cccc1c23,7.92
69,CHEMBL592934,CCS(=O)(=O)N1CCN(CC\C=C\c2cncc(C#N)c2Nc3ccc4[nH]ccc4c3C)CC1,7.92
70,CHEMBL2326016,CC[C@@H]1CN(CCN1)c2cccc(n2)c3n[nH]c4ncccc34,7.92
71,CHEMBL568547,CN1CCN(Cc2occ(c2)c3cncc(C#N)c3Nc4ccc5[nH]ccc5c4C)CC1,7.92
72,CHEMBL480223,COc1c(CN(C)C)cccc1c2cc3c(Nc4ccc5[nH]ccc5c4C)c(cnc3s2)C#N,7.92
73,CHEMBL595734,Cc1c(Nc2c(\C=C\CCN3CCN(CC3)S(=O)(=O)C)cncc2C#N)ccc4[nH]ccc14,7.92
74,CHEMBL1079612,Cc1c(Nc2c(\C=C\c3ccc(cc3)S(=O)(=O)N4CCCCC4)cncc2C#N)ccc5[nH]ccc15,7.92
75,CHEMBL477617,Cc1c(Nc2c(cnc3sc(\C=C\C(=O)N)cc23)C#N)ccc4[nH]ccc14,7.92
76,CHEMBL379218,Cc1n[nH]c2ccc(cc12)c3cncc(OC[C@@H](N)Cc4ccccc4)c3,7.92
77,CHEMBL247979,NCC1CCC(CNc2nc(NCc3ccccc3C(F)(F)F)ncc2[N+](=O)[O-])CC1,7.92
78,CHEMBL605534,CC(C)S(=O)(=O)N1CCN(CC\C=C\c2cncc(C#N)c2Nc3ccc4[nH]ccc4c3C)CC1,7.96
79,CHEMBL2326002,CC(C)[C@@](C)(O)[C@@H]1CN(CCN1)c2nc(c(F)cc2Cl)c3n[nH]c4ncccc34,7.96
80,CHEMBL1080802,CN(C)S(=O)(=O)c1ccc(\C=C\c2cncc(C#N)c2Nc3ccc4[nH]ccc4c3C)cc1,7.96
81,CHEMBL3798011,C[C@@H](N1c2cc(ccc2C(=O)NC1(C)C)N3C(=O)Nc4ncccc34)c5ccccc5,7.96
82,CHEMBL595989,Cc1c(Nc2c(\C=C\CCCN3CCC(O)CC3)cncc2C#N)ccc4[nH]ccc14,7.96
83,CHEMBL493999,Cc1c(Nc2c(cncc2c3ccc(OCCN4CCC(CC4)N5CCCC5)cc3)C#N)ccc6[nH]ccc16,7.96
84,CHEMBL396929,NCC1CCC(CNc2nc(NCc3ccccc3[N+](=O)[O-])ncc2[N+](=O)[O-])CC1,7.96
85,CHEMBL494165,COc1ccc(cc1OC)c2cncc(C#N)c2Nc3cc4cc[nH]c4cc3C,7.98
86,CHEMBL509448,COc1ccc(cc1OC)c2cncc(C#N)c2Nc3ccc4[nH]ccc4c3OC,7.98
87,CHEMBL3586044,CN1CCC[C@@H](CNc2nc(Nc3cccc(c3)n4ccnn4)ncc2F)C1,8.0
88,CHEMBL1084409,CN1CCN(Cc2ccccc2\C=C\c3cncc(C#N)c3Nc4ccc5[nH]ccc5c4C)CC1,8.0
89,CHEMBL2326011,COC(C)(C(C)C)C1CN(CCN1)c2ccc(F)c(n2)c3n[nH]c4ncccc34,8.0
90,CHEMBL3355133,COc1ccc(cc1)c2cc3OCC4=NNC(=O)[C@@H](C)N4c3cc2[C@@H]5CCN(C)C[C@@H]5C,8.0
91,CHEMBL593619,Cc1c(Nc2c(\C=C\CN3CCNCC3)cncc2C#N)ccc4[nH]ccc14,8.0
92,CHEMBL2151409,CN1CCN(CC1)c2nc(C3=C(C(=O)NC3=O)c4c[nH]c5cc(Cl)ccc45)c6ccccc6n2,8.01
93,CHEMBL1079567,CN1CCN(CC1)S(=O)(=O)c2ccc(\C=C\c3c(C)ncc(C#N)c3Nc4ccc5[nH]ccc5c4C)cc2,8.03
94,CHEMBL606146,CNC1CCN(CC\C=C\c2cncc(C#N)c2Nc3ccc4[nH]ccc4c3C)CC1,8.03
95,CHEMBL479470,CCOc1ccc(CN(C)C)cc1c2cc3c(Nc4ccc5[nH]ccc5c4C)c(cnc3s2)C#N,8.04
96,CHEMBL579260,Cc1c(Nc2c(\C=C\c3ccc(OCCN4CCCC4)cc3)cncc2C#N)ccc5[nH]ccc15,8.04
97,CHEMBL2326021,CC(C)C[C@@H]1CN(CCN1)c2ccc(F)c(n2)c3n[nH]c4ncccc34,8.05
98,CHEMBL402818,CN(C)Cc1cccc(c1)c2cc3c(Nc4ccc5[nH]ccc5c4C)c(cnc3s2)C#N,8.05
99,CHEMBL596172,Cc1c(Nc2c(\C=C\CCN3CC(N)C3)cncc2C#N)ccc4[nH]ccc14,8.05
100,CHEMBL586046,Cc1c(Nc2c(cncc2c3ccc(CN4CCOCC4)cc3)C#N)ccc5[nH]ccc15,8.05
101,CHEMBL27266,CC(C)[C@@H]1N(C)c2cccc3[nH]cc(C[C@@H](CO)NC1=O)c23,8.06
102,CHEMBL1079903,CCN(CC)S(=O)(=O)c1ccc(\C=C\c2cncc(C#N)c2Nc3ccc4[nH]ccc4c3C)cc1,8.06
103,CHEMBL516913,COc1ccc(CN(C)C)cc1c2cc3c(Nc4ccc5[nH]ccc5c4C)c(cnc3s2)C#N,8.06
104,CHEMBL388978,CN[C@@H]1C[C@H]2O[C@@](C)([C@@H]1OC)n3c4ccccc4c5c6CNC(=O)c6c7c8ccccc8n2c7c35,8.07
105,CHEMBL585697,CN(C)Cc1ccc(cc1)c2cncc(C#N)c2Nc3ccc4[nH]ccc4c3C,8.08
106,CHEMBL2151408,CN1CCN(CC1)c2nc(C3=C(C(=O)NC3=O)c4c[nH]c5ccc(Cl)cc45)c6ccccc6n2,8.08
107,CHEMBL585192,Cc1c(Nc2c(\C=C\c3ccccc3)cncc2C#N)ccc4[nH]ccc14,8.08
108,CHEMBL1258117,CC1(C)CC[C@@H]2CC(=O)O[C@@H](CO)CC(=O)O[C@@H]3C[C@@H](CCCCc4ccccc4)O[C@@]1(C3)O2,8.09
109,CHEMBL568407,COc1ccccc1\C=C\c2cncc(C#N)c2Nc3ccc4[nH]ccc4c3C,8.09
110,CHEMBL1081920,CN1CCN(CC1)S(=O)(=O)Cc2ccc(\C=C\c3cncc(C#N)c3Nc4ccc5[nH]ccc5c4C)cc2,8.1
111,CHEMBL3355130,C[C@H]1CN(C)CC[C@H]1c2cc3N4[C@H](C)C(=O)NN=C4COc3cc2c5ccccc5C,8.1
112,CHEMBL246183,NCC1CCC(CNc2nc(NCc3cccc(Cl)c3Cl)ncc2[N+](=O)[O-])CC1,8.1
113,CHEMBL2153755,CN1CCN(CC1)c2nc(C3=C(C(=O)NC3=O)c4c[nH]c5ccccc45)c6ccc(F)cc6n2,8.11
114,CHEMBL585858,Cc1c(Nc2c(cncc2c3oc(CN4CCOCC4)cc3)C#N)ccc5[nH]ccc15,8.11
115,CHEMBL567952,CN1CCN(CCOc2ccccc2\C=C\c3cncc(C#N)c3Nc4ccc5[nH]ccc5c4C)CC1,8.12
116,CHEMBL467069,CN1CCN(CCOc2ccc(cc2)c3cncc(C#N)c3Nc4ccc5[nH]ccc5c4C)CC1,8.13
117,CHEMBL595724,Cc1c(Nc2c(\C=C\CCN3CC[C@@H](O)C3)cncc2C#N)ccc4[nH]ccc14,8.13
118,CHEMBL585323,Cc1c(Nc2c(cncc2c3oc(CN4CCSCC4)cc3)C#N)ccc5[nH]ccc15,8.13
119,CHEMBL2046646,CC(C)C[C@H]1CN(CCN1)c2ccc(OC(F)F)c(n2)C(=O)c3cccnc3N,8.16
120,CHEMBL567930,CN(C)Cc1cccc(c1)c2cncc(C#N)c2Nc3ccc4[nH]ccc4c3C,8.16
121,CHEMBL2151410,CN1CCN(CC1)c2nc(C3=C(C(=O)NC3=O)c4c[nH]c5c(Cl)cccc45)c6ccccc6n2,8.16
122,CHEMBL567363,COc1cccc(\C=C\c2cncc(C#N)c2Nc3ccc4[nH]ccc4c3C)c1,8.16
123,CHEMBL3355132,COc1cccc(c1)c2cc3OCC4=NNC(=O)[C@@H](C)N4c3cc2[C@@H]5CCN(C)C[C@@H]5C,8.16
124,CHEMBL246386,NCC1CCC(CNc2nc(NCc3cc(Cl)ccc3Cl)ncc2[N+](=O)[O-])CC1,8.16
125,CHEMBL7463,CN(C)CCCn1cc(C2=C(C(=O)NC2=O)c3c[nH]c4ccccc34)c5ccccc15,8.17
126,CHEMBL595955,Cc1c(Nc2c(\C=C\CCN3CCC[C@H](N)C3)cncc2C#N)ccc4[nH]ccc14,8.17
127,CHEMBL46252,CCCCCCCC(=O)O[C@H]1\C(=C\C(=O)OC)\CC2C[C@@H](OC(=O)C[C@H](O)C[C@@H]3CCC[C@H](C[C@@H]4CCO[C@@H](O4)\C=C\C(C)(C)[C@]1(O)O2)O3)[C@@H](C)O,8.18
128,CHEMBL571784,CN(C)Cc1ccc2oc(cc2c1)c3cncc(C#N)c3Nc4ccc5[nH]ccc5c4C,8.19
129,CHEMBL603217,CN1CCN(CCC\C=C\c2cncc(C#N)c2Nc3ccc4[nH]ccc4c3C)CC1,8.19
130,CHEMBL494595,COc1ccc(cc1OC)c2cncc(C#N)c2Nc3ccc4[nH]ccc4c3C,8.2
131,CHEMBL1081921,CN1CCN(CC1)S(=O)(=O)Cc2cccc(\C=C\c3cncc(C#N)c3Nc4ccc5[nH]ccc5c4C)c2,8.21
132,CHEMBL1089724,Cc1c(Nc2c(\C=C\c3ccc(CN4CCN(CCO)CC4)cn3)cncc2C#N)ccc5[nH]ccc15,8.21
133,CHEMBL2326007,CC(C)[C@@](C)(O)[C@@H]1CN(CCN1)c2ccc(F)c(n2)c3n[nH]c4ncccc34,8.22
134,CHEMBL567300,CN1CCN(Cc2ccc(s2)c3cncc(C#N)c3Nc4ccc5[nH]ccc5c4C)CC1,8.22
135,CHEMBL593890,Cc1c(Nc2c(\C=C\CCN3CCC(O)CC3)cncc2C#N)ccc4[nH]ccc14,8.22
136,CHEMBL1079611,Cc1c(Nc2c(\C=C\c3ccc(cc3)S(=O)(=O)N4CCCC4)cncc2C#N)ccc5[nH]ccc15,8.22
137,CHEMBL1081358,Cc1c(Nc2c(\C=C\c3cccc(c3)S(=O)(=O)N4CCCC4)cncc2C#N)ccc5[nH]ccc15,8.22
138,CHEMBL570924,Cc1c(Nc2c(cncc2c3oc4ccc(CN5CC[N+](C)([O-])CC5)cc4c3)C#N)ccc6[nH]ccc16,8.22
139,CHEMBL246174,NCC1CCC(CNc2nc(NCc3ccccc3SC(F)(F)F)ncc2[N+](=O)[O-])CC1,8.22
140,CHEMBL2046642,Nc1ncccc1C(=O)c2cccc(n2)N3CCN[C@H](C3)c4ccccc4,8.22
141,CHEMBL494166,CN(C)CCNCCOc1ccc(cc1)c2cncc(C#N)c2Nc3ccc4[nH]ccc4c3C,8.23
142,CHEMBL2151412,CN1CCN(CC1)c2nc(C3=C(C(=O)NC3=O)c4cn(C)c5ccccc45)c6ccccc6n2,8.24
143,CHEMBL596398,Cc1c(Nc2c(\C=C\CCN3CCC(CN)CC3)cncc2C#N)ccc4[nH]ccc14,8.24
144,CHEMBL466654,COc1ccc(cc1)c2cncc(C#N)c2Nc3ccc4[nH]ccc4c3C,8.25
145,CHEMBL1087425,Cc1c(Nc2c(\C=C\c3ccc(CN4CCC(O)CC4)cc3)cncc2C#N)ccc5[nH]ccc15,8.26
146,CHEMBL1080801,Cc1c(Nc2c(\C=C\c3ccc(cc3)S(=O)(=O)N)cncc2C#N)ccc4[nH]ccc14,8.27
147,CHEMBL1086178,COCCNCc1ccc(\C=C\c2cncc(C#N)c2Nc3ccc4[nH]ccc4c3C)cc1,8.28
148,CHEMBL3586037,COc1cc(Nc2ncc(F)c(NC[C@H]3CCCN(C)C3)n2)cc(c1)n4nnnc4C,8.28
149,CHEMBL466036,COc1ccc(cc1OC)c2cncc(C#N)c2Nc3ccc4[nH]ccc4c3F,8.28
150,CHEMBL605318,Cc1c(Nc2c(\C=C\CCCN3CCC(N)CC3)cncc2C#N)ccc4[nH]ccc14,8.28
151,CHEMBL583906,Cc1c(Nc2c(cncc2c3oc4ccc(CN5CCNCC5)cc4c3)C#N)ccc6[nH]ccc16,8.28
152,CHEMBL2153752,CN1CCN(CC1)c2nc(C3=C(C(=O)NC3=O)c4c[nH]c5ccccc45)c6cc(C)ccc6n2,8.29
153,CHEMBL2326020,C1CN(C[C@H](N1)c2ccccc2)c3cccc(n3)c4n[nH]c5ncccc45,8.3
154,CHEMBL2326018,CC(C)C[C@@H]1CN(CCN1)c2cccc(n2)c3n[nH]c4ncccc34,8.3
155,CHEMBL2046649,CC(C)C[C@H]1CN(CCN1)c2ccc(c3ccccc3)c(n2)C(=O)c4cccnc4N,8.3
156,CHEMBL2326004,CC(C)C[C@H]1CN(C[C@@H](C)N1)c2ccc(F)c(n2)c3n[nH]c4ncccc34,8.3
157,CHEMBL3355126,CCN1CC[C@H]([C@@H](C)C1)c2cc3N4[C@H](C)C(=O)NN=C4COc3cc2c5ccccc5F,8.3
158,CHEMBL567299,CN1CCN(Cc2ccc(cc2)c3cncc(C#N)c3Nc4ccc5[nH]ccc5c4C)CC1,8.3
159,CHEMBL392642,CSc1ccccc1CNc2ncc(c(NCC3CCC(CN)CC3)n2)[N+](=O)[O-],8.3
160,CHEMBL3355136,C[C@H]1CN(C)CC[C@H]1c2cc3N4[C@H](C)C(=O)NN=C4COc3cc2c5ccc6OCCOc6c5,8.3
161,CHEMBL246175,NCC1CCC(CNc2nc(NCc3ccccc3Br)ncc2[N+](=O)[O-])CC1,8.3
162,CHEMBL596397,CN(C)C1CCN(CC\C=C\c2cncc(C#N)c2Nc3ccc4[nH]ccc4c3C)CC1,8.31
163,CHEMBL567082,CN1CCN(Cc2cc(cs2)c3cccc(C#C)c3Cc4ccc5CC=Cc5c4C)CC1,8.31
164,CHEMBL1099371,COCCNCc1cccc(\C=C\c2cncc(C#N)c2Nc3ccc4[nH]ccc4c3C)c1,8.31
165,CHEMBL1086420,Cc1c(Nc2c(\C=C\c3cccc(CN4CCCCC4)c3)cncc2C#N)ccc5[nH]ccc15,8.31
166,CHEMBL568580,CN1CCN(CC1)c2cc(C3=C(C(=O)NC3=O)c4c[nH]c5ccccc45)c6ccccc6c2,8.32
167,CHEMBL1079566,Cc1ncc(C#N)c(Nc2ccc3[nH]ccc3c2C)c1\C=C\c4cccc(c4)S(=O)(=O)N5CCCCC5,8.32
168,CHEMBL567124,CN1CCN(CCOc2cccc(\C=C\c3cncc(C#N)c3Nc4ccc5[nH]ccc5c4C)c2)CC1,8.33
169,CHEMBL1083522,Cc1c(Nc2c(\C=C\c3ccc(CN4CCN(CCO)CC4)cc3)cncc2C#N)ccc5[nH]ccc15,8.33
170,CHEMBL565353,Cc1c(Nc2c(\C=C\c3cccc(OCCN4CCCC4)c3)cncc2C#N)ccc5[nH]ccc15,8.33
171,CHEMBL570865,CN1CCN(Cc2oc(cc2)c3cccc(C#C)c3Cc4ccc5CC=Cc5c4C)CC1,8.35
172,CHEMBL494412,Cc1c(Nc2c(cncc2c3ccc(OCCN4CCCC4)cc3)C#N)ccc5[nH]ccc15,8.35
173,CHEMBL1079427,CN1CCN(CC1)S(=O)(=O)Cc2cccc(\C=C\c3c(C)ncc(C#N)c3Nc4ccc5[nH]ccc5c4C)c2,8.36
174,CHEMBL3800310,CC1(C)NC(=O)c2ccc(cc2N1CC3CCCC3)N4C(=O)Nc5ncccc45,8.37
175,CHEMBL1079426,CN1CCN(CC1)S(=O)(=O)Cc2ccc(\C=C\c3c(C)ncc(C#N)c3Nc4ccc5[nH]ccc5c4C)cc2,8.37
176,CHEMBL1093082,Cc1c(Nc2c(\C=C\c3cccc(CN4CCCCC4)n3)cncc2C#N)ccc5[nH]ccc15,8.37
177,CHEMBL1091482,COCCNCc1cccc(\C=C\c2cncc(C#N)c2Nc3ccc4[nH]ccc4c3C)n1,8.38
178,CHEMBL1088055,Cc1c(Nc2c(\C=C\c3ccc(CN4CCCCC4)cc3)cncc2C#N)ccc5[nH]ccc15,8.39
179,CHEMBL2326003,CC(C)C[C@H]1CN(CCN1)c2ccc(F)c(n2)c3n[nH]c4ncccc34,8.4
180,CHEMBL2325998,CC(C)[C@@](C)(O)[C@@H]1CN(CCN1)c2nc(c(F)cc2O)c3n[nH]c4ncccc34,8.4
181,CHEMBL2046637,CC(C)[C@H]1CN(CCN1)c2cccc(n2)C(=O)c3cccnc3N,8.4
182,CHEMBL1258348,CC1(C)CC[C@@H]2CC(=O)O[C@@H](CO)CC(=O)O[C@@H]3C[C@@H](CCCCc4cccc(O)c4)O[C@@]1(C3)O2,8.4
183,CHEMBL3586035,COc1cc(Nc2ncc(F)c(NCC3CC(C)(C)N(C)C(C)(C)C3)n2)cc(c1)n4nnnc4C,8.4
184,CHEMBL3355123,C[C@H]1CNCC[C@H]1c2cc3N4[C@H](C)C(=O)NN=C4COc3cc2c5ccccc5F,8.4
185,CHEMBL3355118,C[C@H]1N2C(=NNC1=O)COc3cc(c(cc23)N(C)C4(C)CN(C)C4)c5ccccc5F,8.4
186,CHEMBL3355117,C[C@H]1N2C(=NNC1=O)COc3cc(c4ccccc4)c(cc23)N(C)C5(C)CN(C)C5,8.4
187,CHEMBL603418,Cc1c(Nc2c(\C=C\CCN3CCNCC3)cncc2C#N)ccc4[nH]ccc14,8.4
188,CHEMBL1088054,Cc1c(Nc2c(\C=C\c3ccc(CN4CCOCC4)cc3)cncc2C#N)ccc5[nH]ccc15,8.4
189,CHEMBL2151413,CC(C)n1cc(C2=C(C(=O)NC2=O)c3nc(nc4ccccc34)N5CCN(C)CC5)c6ccccc16,8.42
190,CHEMBL477817,Cc1c(Nc2c(cnc3sc(\C=C\C(=O)N4CCCC4)cc23)C#N)ccc5[nH]ccc15,8.42
191,CHEMBL568457,CN1CCN(CCOc2ccc(\C=C\c3cncc(C#N)c3Nc4ccc5[nH]ccc5c4C)cc2)CC1,8.44
192,CHEMBL1082226,CN1CCN(Cc2ccc(\C=C\c3cncc(C#N)c3Nc4ccc5[nH]ccc5c4C)cc2)CC1,8.44
193,CHEMBL606133,Cc1c(Nc2c(\C=C\CCN3CCCNCC3)cncc2C#N)ccc4[nH]ccc14,8.44
194,CHEMBL593163,Cc1c(Nc2c(\C=C\CN3CCC(N)CC3)cncc2C#N)ccc4[nH]ccc14,8.44
195,CHEMBL595733,Cc1c(Nc2c(\C=C\CCN3CC[C@@H](N)C3)cncc2C#N)ccc4[nH]ccc14,8.46
196,CHEMBL479057,Cc1c(Nc2c(cnc3sc(\C=C\C(=O)N4CCCC4)c(C)c23)C#N)ccc5[nH]ccc15,8.46
197,CHEMBL568581,Cc1c(Nc2c(cncc2c3coc(CN4CCN(CC4)C5CCCC5)c3)C#N)ccc6[nH]ccc16,8.46
198,CHEMBL27768,CCCC(=O)O[C@@H]1[C@@H](C)[C@@]2(O)[C@@H](C=C(CO)C[C@@]3(O)[C@H]2C=C(C)C3=O)[C@@H]4C(C)(C)[C@]14OC(=O)CCC,8.47
199,CHEMBL565632,CN(C)CCOc1cc(C2=C(C(=O)NC2=O)c3c[nH]c4ccccc34)c5ccccc5c1,8.48
200,CHEMBL1090055,COCCNCc1ccc(\C=C\c2cncc(C#N)c2Nc3ccc4[nH]ccc4c3C)nc1,8.5
201,CHEMBL2046643,CC(C)C[C@H]1CN(CCN1)c2ccc(c(n2)C(=O)c3cccnc3N)C(F)(F)F,8.52
202,CHEMBL2046640,CC(C)C[C@H]1CN(CCN1)c2cccc(n2)C(=O)c3cccnc3N,8.52
203,CHEMBL3586048,CN1CCC[C@@H](CNc2nc(Nc3cccc(c3)n4cc(Cl)cn4)ncc2F)C1,8.52
204,CHEMBL585307,CN1CCN(Cc2cccc(c2)c3cncc(C#N)c3Nc4ccc5[nH]ccc5c4C)CC1,8.52
205,CHEMBL3355119,C[C@H](c1cc2N3[C@H](C)C(=O)NN=C3COc2cc1c4ccccc4F)C5(C)CN(C)C5,8.52
206,CHEMBL3355127,C[C@H]1CN(C)CC[C@H]1c2cc3N4[C@H](C)C(=O)NN=C4COc3cc2c5ccccc5F,8.52
207,CHEMBL3355125,C[C@H]1N2C(=NNC1=O)COc3cc(c(cc23)C4CCN(C)CC4(C)C)c5ccccc5F,8.52
208,CHEMBL1081359,Cc1c(Nc2c(\C=C\c3cccc(c3)S(=O)(=O)N4CCCCC4)cncc2C#N)ccc5[nH]ccc15,8.52
209,CHEMBL246365,NCC1CCCC(CNc2nc(NCc3ccccc3Cl)ncc2[N+](=O)[O-])C1,8.52
210,CHEMBL2153749,CN1CCN(CC1)c2nc(C3=C(C(=O)NC3=O)c4c[nH]c5ccccc45)c6c(C)cccc6n2,8.54
211,CHEMBL2148107,C[C@@H]1CC(C)(C)[C@@]23C[C@@H](C[C@@H](CCCCc4cccc(O)c4)O2)OC(=O)C[C@H](CO)OC(=O)C[C@@H]1O3,8.54
212,CHEMBL1095369,Cc1c(Nc2c(\C=C\c3cccc(CN4CCC(O)CC4)c3)cncc2C#N)ccc5[nH]ccc15,8.54
213,CHEMBL569796,Cc1c(Nc2c(cncc2c3oc4ccc(CN5CCCC5)cc4c3)C#N)ccc6[nH]ccc16,8.54
214,CHEMBL1097696,CN(C)C1CCN(Cc2ccc(\C=C\c3cncc(C#N)c3Nc4ccc5[nH]ccc5c4C)nc2)CC1,8.55
215,CHEMBL593162,Cc1c(Nc2c(\C=C\CCCN3CCNCC3)cncc2C#N)ccc4[nH]ccc14,8.55
216,CHEMBL91829,CN(C)C[C@@H]1CCn2cc(C3=C(C(=O)NC3=O)c4cn(CCO1)c5ccccc45)c6ccccc26,8.6
217,CHEMBL570047,Cc1c(Nc2c(cncc2c3cc4cc(CN5CCCCC5)ccc4s3)C#N)ccc6[nH]ccc16,8.6
218,CHEMBL568371,CC(C)N1CCN(Cc2occ(c2)c3cncc(C#N)c3Nc4ccc5[nH]ccc5c4C)CC1,8.62
219,CHEMBL569822,CN(C)CCN1CCN(Cc2ccc3oc(cc3c2)c4cncc(C#N)c4Nc5ccc6[nH]ccc6c5C)CC1,8.62
220,CHEMBL1080103,Cc1ncc(C#N)c(Nc2ccc3[nH]ccc3c2C)c1\C=C\c4cccc(c4)S(=O)(=O)N5CCCC5,8.62
221,CHEMBL583903,Cc1c(Nc2c(cncc2c3oc4ccc(CNCCCO)cc4c3)C#N)ccc5[nH]ccc15,8.64
222,CHEMBL595521,CN1CCN(CC\C=C\c2cncc(C#N)c2Nc3ccc4[nH]ccc4c3C)CC1,8.66
223,CHEMBL3586043,CN1CCC[C@@H](CNc2nc(Nc3cccc(c3)n4nnnc4C)ncc2F)C1,8.68
224,CHEMBL2153748,CN1CCN(CC1)c2cc3ccccc3c(n2)C4=C(C(=O)NC4=O)c5c[nH]c6ccccc56,8.68
225,CHEMBL1088738,Cc1c(Nc2c(\C=C\c3cccc(CN4CCC(O)CC4)n3)cncc2C#N)ccc5[nH]ccc15,8.68
226,CHEMBL2046644,CC(C)C[C@H]1CN(CCN1)c2ccc(Cl)c(n2)C(=O)c3cccnc3N,8.7
227,CHEMBL2326019,CC(C)C[C@H]1CN(CCN1)c2cccc(n2)c3n[nH]c4ncccc34,8.7
228,CHEMBL2326001,CC(C)[C@@](C)(O)[C@@H]1CN(CCN1)c2nc(c(F)cc2F)c3n[nH]c4ncccc34,8.7
229,CHEMBL475918,CCN(CC)C(=O)\C=C\c1cc2c(Nc3ccc4[nH]ccc4c3C)c(cnc2s1)C#N,8.7
230,CHEMBL3355138,COc1ccc(c(F)c1)c2cc3OCC4=NNC(=O)[C@@H](C)N4c3cc2[C@@H]5CCN(C)C[C@@H]5C,8.7
231,CHEMBL3355134,C[C@H]1CN(C)CC[C@H]1c2cc3N4[C@H](C)C(=O)NN=C4COc3cc2c5c(F)cccc5F,8.7
232,CHEMBL3355137,C[C@H]1CN(C)CC[C@H]1c2cc3N4[C@H](C)C(=O)NN=C4COc3cc2c5ccc(C)cc5F,8.7
233,CHEMBL1084410,CN1CCN(Cc2ccc(\C=C\c3cncc(C#N)c3Nc4ccc5[nH]ccc5c4C)nc2)CC1,8.72
234,CHEMBL606245,Cc1c(Nc2c(\C=C\CCN3CCC[C@@H](N)C3)cncc2C#N)ccc4[nH]ccc14,8.75
235,CHEMBL570247,Cc1c(Nc2c(cncc2c3oc4ccccc4c3)C#N)ccc5[nH]ccc15,8.77
236,CHEMBL513913,CN(C)C(=O)\C=C\c1cc2c(Nc3ccc4[nH]ccc4c3C)c(cnc2s1)C#N,8.8
237,CHEMBL571785,Cc1c(Nc2c(cncc2c3oc4ccc(CNCCO)cc4c3)C#N)ccc5[nH]ccc15,8.8
238,CHEMBL1095368,CN(C)C1CCN(Cc2cccc(\C=C\c3cncc(C#N)c3Nc4ccc5[nH]ccc5c4C)c2)CC1,8.82
239,CHEMBL3586034,COc1cc(Nc2ncc(F)c(NC3CC(C)(C)N(C)C(C)(C)C3)n2)cc(c1)n4nnnc4C,8.82
240,CHEMBL1095682,Cc1c(Nc2c(\C=C\c3cccc(CN4CCN(CCO)CC4)c3)cncc2C#N)ccc5[nH]ccc15,8.82
241,CHEMBL1093081,Cc1c(Nc2c(\C=C\c3cccc(CN4CCOCC4)n3)cncc2C#N)ccc5[nH]ccc15,8.82
242,CHEMBL585753,Cc1c(Nc2c(cncc2c3oc4ccc(CNCC(O)CO)cc4c3)C#N)ccc5[nH]ccc15,8.82
243,CHEMBL399981,CCCCCCn1cc2C[C@@H](CO)NC(=O)[C@H](C(C)C)N(C)c3cccc1c23,8.85
244,CHEMBL1085671,CN1CCN(Cc2cccc(\C=C\c3cncc(C#N)c3Nc4ccc5[nH]ccc5c4C)c2)CC1,8.85
245,CHEMBL569590,Cc1c(Nc2c(cncc2c3oc4ccc(CNC5CCCCC5)cc4c3)C#N)ccc6[nH]ccc16,8.85
246,CHEMBL1088056,CN(C)C1CCN(Cc2ccc(\C=C\c3cncc(C#N)c3Nc4ccc5[nH]ccc5c4C)cc2)CC1,8.89
247,CHEMBL567103,CN(C)C1CCN(Cc2occ(c2)c3cncc(C#N)c3Nc4ccc5[nH]ccc5c4C)CC1,8.89
248,CHEMBL606148,Cc1c(Nc2c(\C=C\CCN3CC[C@H](N)C3)cncc2C#N)ccc4[nH]ccc14,8.89
249,CHEMBL569108,Cc1c(Nc2c(cncc2c3oc4ccc(CN5CCCCC5)cc4c3)C#N)ccc6[nH]ccc16,8.89
250,CHEMBL2153751,CN1CCN(CC1)c2nc(C3=C(C(=O)NC3=O)c4c[nH]c5ccccc45)c6cc(Cl)ccc6n2,8.92
251,CHEMBL1086419,Cc1c(Nc2c(\C=C\c3cccc(CN4CCOCC4)c3)cncc2C#N)ccc5[nH]ccc15,8.92
252,CHEMBL2151415,Cn1cc(C2=C(C(=O)NC2=O)c3nc(nc4ccccc34)N5CCNCC5)c6ccccc16,8.92
253,CHEMBL1084411,CN1CCN(Cc2cccc(\C=C\c3cncc(C#N)c3Nc4ccc5[nH]ccc5c4C)n2)CC1,8.96
254,CHEMBL2325999,CC(C)[C@@](C)(O)[C@@H]1CN(CCN1)c2nc(c(F)cc2C#N)c3n[nH]c4ncccc34,9.0
255,CHEMBL2326000,CC(C)[C@@](C)(O)[C@@H]1CN(CCN1)c2nc(c(F)cc2CO)c3n[nH]c4ncccc34,9.0
256,CHEMBL2326009,CC(C)[C@](C)(O)[C@@H]1CN(CCN1)c2ccc(F)c(n2)c3n[nH]c4ncccc34,9.0
257,CHEMBL565612,CN1CCN(CC1)c2nc(C3=C(C(=O)NC3=O)c4c[nH]c5ccccc45)c6ccccc6n2,9.0
258,CHEMBL593883,Cc1c(Nc2c(\C=C\CCN3CCC(N)CC3)cncc2C#N)ccc4[nH]ccc14,9.06
259,CHEMBL1088737,CN(C)C1CCN(Cc2cccc(\C=C\c3cncc(C#N)c3Nc4ccc5[nH]ccc5c4C)n2)CC1,9.08
260,CHEMBL265998,CCCC(=O)O[C@@H]1[C@@H](C)[C@]2(O)[C@@H]3C=C(C)C(=O)[C@H]3CC(=C[C@H]2[C@@H]4C(C)(C)[C@]14OC(=O)CCC)CO,9.14
261,CHEMBL570277,CN1CCN(Cc2ccc3sc(cc3c2)c4cncc(C#N)c4Nc5ccc6[nH]ccc6c5C)CC1,9.17
262,CHEMBL3586036,COc1cc(Nc2ncc(F)c(NCC3CCN(C)CC3)n2)cc(c1)n4nnnc4C,9.17
263,CHEMBL1091481,Cc1c(Nc2c(\C=C\c3cccc(CN4CCN(CCO)CC4)n3)cncc2C#N)ccc5[nH]ccc15,9.19
264,CHEMBL2153750,CN1CCN(CC1)c2nc(C3=C(C(=O)NC3=O)c4c[nH]c5ccccc45)c6cc(F)ccc6n2,9.22
265,CHEMBL2148108,C[C@@H]1[C@@H](CCCCc2cccc(O)c2)O[C@]34C[C@@H]1OC(=O)C[C@H](CO)OC(=O)C[C@@H](CCC3(C)C)O4,9.27
266,CHEMBL1996510,O=C1NC(=O)C(=C1c2c[nH]c3ccccc23)c4nc(nc5ccccc45)N6CCNCC6,9.3
267,CHEMBL1080994,CN1CCN(CC1)S(=O)(=O)c2cccc(\C=C\c3cncc(C#N)c3Nc4ccc5[nH]ccc5c4C)c2,9.31
268,CHEMBL570713,CCN1CCN(Cc2ccc3oc(cc3c2)c4cncc(C#N)c4Nc5ccc6[nH]ccc6c5C)CC1,9.32
269,CHEMBL3586040,COCCN1CCC[C@@H](CNc2nc(Nc3cc(OC)cc(c3)n4nnnc4C)ncc2F)C1,9.34
270,CHEMBL1080995,CN1CCN(CC1)S(=O)(=O)c2cccc(\C=C\c3c(C)ncc(C#N)c3Nc4ccc5[nH]ccc5c4C)c2,9.36
271,CHEMBL3586038,COc1cc(Nc2ncc(F)c(NC[C@@H]3CCCN(C)C3)n2)cc(c1)n4nnnc4C,9.5
272,CHEMBL1082225,Cc1c(Nc2c(\C=C\c3cccc(CN4CCNCC4)n3)cncc2C#N)ccc5[nH]ccc15,9.5
273,CHEMBL571581,CN1CCN(Cc2ccc3oc(cc3c2)c4cncc(C#N)c4Nc5ccc6[nH]ccc6c5C)CC1,9.55
274,CHEMBL2418196,C[C@@H](O)[C@H]1CC(=O)O[C@H]2C[C@]3(O[C@H]([C@@H](C)CCCc4cccc(O)c4)[C@H]2C)O[C@@](O)(CC(=O)O1)[C@H](C)CC3(C)C,9.7
275,CHEMBL1256416,CO[C@@H](CC[C@H](C)[C@H]1O[C@@]23C[C@H](OC(=O)C[C@@H](OC(=O)C[C@](O)(O2)[C@H](C)CC3(C)C)[C@@H](C)O)[C@@H]1C)c4cc(O)ccc4Br,9.8
276,CHEMBL3586039,CCN1CCC[C@@H](CNc2nc(Nc3cc(OC)cc(c3)n4nnnc4C)ncc2F)C1,9.85
277,CHEMBL2148106,CO[C@@H](CC[C@H](C)[C@H]1O[C@@]23C[C@H](OC(=O)C[C@@H](OC(=O)C[C@](O)(O2)[C@H](C)CC3(C)C)[C@@H](C)O)[C@@H]1C)c4cccc(O)c4,9.96
278,CHEMBL2151411,CN1CCN(CC1)c2nc(C3=C(C(=O)NC3=O)c4c[nH]c5c(C)cccc45)c6ccccc6n2,10.0
29,CHEMBL340935,O=C1NC(=O)C2=C1c3cn(CCOCCOCCOCCn4cc2c5cccnc45)c6ccccc36,6.08
32,CHEMBL340259,O=C1NC(=O)C2=C1c3cn(CCOCCOCCOCCn4cc2c5ccccc45)c6ccccc36,7.19
36,CHEMBL46053,CCCCCCCC(=O)O[C@H]1\C(=C\C(=O)OC)\CC2C[C@@H](OC(=O)C[C@@H](O)C[C@@H]3CCC[C@H](C[C@@H]4CCO[C@@H](O4)\C=C\C(C)(C)[C@]1(O)O2)O3)[C@@H](C)O,6.83
48,CHEMBL394069,NCC1CCC(CNc2nc(Nc3cc(Cl)cc(Cl)c3)ncc2[N+](=O)[O-])CC1,6.17
49,CHEMBL246367,NCCCCCCCNc1nc(NCc2ccccc2Cl)ncc1[N+](=O)[O-],6.96
50,CHEMBL246366,NCCCCCNc1nc(NCc2ccccc2Cl)ncc1[N+](=O)[O-],6.35
52,CHEMBL246161,[O-][N+](=O)c1cnc(NCc2ccccc2Cl)nc1NCC3CCNCC3,7.05
53,CHEMBL391754,NCc1cccc(CNc2nc(NCc3ccccc3Cl)ncc2[N+](=O)[O-])c1,6.7
56,CHEMBL246160,CN(C)CC1CCC(CNc2nc(NCc3ccccc3Cl)ncc2[N+](=O)[O-])CC1,7.27
57,CHEMBL391753,NCc1ccc(CNc2nc(NCc3ccccc3Cl)ncc2[N+](=O)[O-])cc1,6.8
61,CHEMBL247377,NCC1CCC(CNc2nc(NCCc3ccc(F)cc3)ncc2[N+](=O)[O-])CC1,7.11
62,CHEMBL391610,NCC1CCC(CNc2nc(NCCc3cccc(F)c3)ncc2[N+](=O)[O-])CC1,7.27
63,CHEMBL247177,NCC1CCC(CNc2nc(NCCc3ccccc3F)ncc2[N+](=O)[O-])CC1,6.89
64,CHEMBL247176,Cc1ccccc1CCNc2ncc(c(NCC3CCC(CN)CC3)n2)[N+](=O)[O-],6.75
65,CHEMBL391609,NCC1CCC(CNc2nc(NCCCCc3ccccc3)ncc2[N+](=O)[O-])CC1,7.05
66,CHEMBL397397,NCC1CCC(CNc2nc(NCCCc3ccccc3)ncc2[N+](=O)[O-])CC1,6.57
67,CHEMBL247573,NCC1CCC(CNc2nc(NCCc3ccccc3)ncc2[N+](=O)[O-])CC1,7.03
68,CHEMBL247572,NCC1CCC(CNc2nc(NC3Cc4ccccc4C3)ncc2[N+](=O)[O-])CC1,7.51
69,CHEMBL246550,NCC1CCC(CNc2nc(N[C@@H]3CCc4ccccc34)ncc2[N+](=O)[O-])CC1,6.34
70,CHEMBL246532,NCC1CCC(CNc2nc(N[C@H]3CCc4ccccc34)ncc2[N+](=O)[O-])CC1,5.36
71,CHEMBL392261,C[C@@H](Nc1ncc(c(NCC2CCC(CN)CC2)n1)[N+](=O)[O-])c3ccccc3,5.24
72,CHEMBL246326,C[C@H](Nc1ncc(c(NCC2CCC(CN)CC2)n1)[N+](=O)[O-])c3ccccc3,5.43
73,CHEMBL246325,CC(C)(Nc1ncc(c(NCC2CCC(CN)CC2)n1)[N+](=O)[O-])c3ccccc3,5.6
74,CHEMBL246121,NCC1CCC(CNc2nc(NC(=O)c3ccccc3Br)ncc2[N+](=O)[O-])CC1,5.66
75,CHEMBL394114,COc1cc(CNc2ncc(c(NCC3CCC(CN)CC3)n2)[N+](=O)[O-])cc(OC)c1,5.82
76,CHEMBL394113,NCC1CCC(CNc2nc(NCc3cc(Cl)cc(Cl)c3)ncc2[N+](=O)[O-])CC1,6.4
77,CHEMBL245914,Cc1ccc(C)c(CNc2ncc(c(NCC3CCC(CN)CC3)n2)[N+](=O)[O-])c1,6.04
79,CHEMBL246387,Cc1c(Cl)cccc1CNc2ncc(c(NCC3CCC(CN)CC3)n2)[N+](=O)[O-],7.34
83,CHEMBL246182,NCC1CCC(CNc2nc(NCc3c(F)cccc3F)ncc2[N+](=O)[O-])CC1,7.38
84,CHEMBL396370,NCC1CCC(CNc2nc(NCc3cc(F)ccc3F)ncc2[N+](=O)[O-])CC1,7.46
85,CHEMBL245982,NCC1CCC(CNc2nc(NCc3ccc(F)cc3F)ncc2[N+](=O)[O-])CC1,7.0
88,CHEMBL246177,NCC1CCC(CNc2nc(NCc3ccccc3c4ccccc4)ncc2[N+](=O)[O-])CC1,7.41
95,CHEMBL438669,Cc1cccc(CNc2ncc(c(NCC3CCC(CN)CC3)n2)[N+](=O)[O-])c1,7.41
96,CHEMBL428751,Cc1ccccc1CNc2ncc(c(NCC3CCC(CN)CC3)n2)[N+](=O)[O-],7.47
97,CHEMBL245960,COc1ccc(CNc2ncc(c(NCC3CCC(CN)CC3)n2)[N+](=O)[O-])cc1,4.92
98,CHEMBL395160,COc1cccc(CNc2ncc(c(NCC3CCC(CN)CC3)n2)[N+](=O)[O-])c1,6.68
100,CHEMBL245958,NCC1CCC(CNc2nc(NCc3ccc(F)cc3)ncc2[N+](=O)[O-])CC1,6.68
101,CHEMBL245757,NCC1CCC(CNc2nc(NCc3cccc(F)c3)ncc2[N+](=O)[O-])CC1,7.08
102,CHEMBL395689,NCC1CCC(CNc2nc(NCc3ccccc3F)ncc2[N+](=O)[O-])CC1,7.32
103,CHEMBL246972,NCC1CCC(CNc2nc(NCc3ccc(Cl)cc3)ncc2[N+](=O)[O-])CC1,6.77
104,CHEMBL437941,NCC1CCC(CNc2nc(NCc3cccc(Cl)c3)ncc2[N+](=O)[O-])CC1,7.07
105,CHEMBL246970,NCC1CCC(CNc2nc(NCc3ccccc3Cl)ncc2[N+](=O)[O-])CC1,7.34
106,CHEMBL247571,NCC1CCC(CNc2nc(NCc3ccccc3)ncc2[N+](=O)[O-])CC1,6.3
107,CHEMBL247376,NCC1CCC(CNc2nc(Nc3cccc(Cl)c3)ncc2C(F)(F)F)CC1,6.19
108,CHEMBL396924,NCC1CCC(CNc2nc(Nc3cccc(Cl)c3)ncc2[N+](=O)[O-])CC1,7.22
109,CHEMBL247375,NCC1CCC(CNc2nc(Nc3cc(Cl)cc(Cl)c3)ncc2C(F)(F)F)CC1,5.38
123,CHEMBL261387,CC(C)[C@@H]1N(C)c2ccc3c(nn4C=C(C[C@@H](CO)NC1=O)c2c34)C(F)(F)F,7.29
124,CHEMBL441897,CC(C)[C@@H]1N(C)c2ccc3c(C)nn4C=C(C[C@@H](CO)NC1=O)c2c34,6.83
130,CHEMBL409155,N#Cc1cnc2sc(cc2c1Nc3ccc4[nH]ccc4c3)c5ccccc5,6.34
132,CHEMBL253755,CN(C)Cc1ccccc1c2cc3c(Nc4ccc5[nH]ccc5c4)c(cnc3s2)C#N,6.24
133,CHEMBL256318,CN1CCN(Cc2ccccc2c3cc4c(Nc5ccc6[nH]ccc6c5)c(cnc4s3)C#N)CC1,6.14
134,CHEMBL256317,CN(C)Cc1cccc(c1)c2cc3c(Nc4ccc5[nH]ccc5c4)c(cnc3s2)C#N,7.13
135,CHEMBL256533,CN1CCN(Cc2cccc(c2)c3cc4c(Nc5ccc6[nH]ccc6c5)c(cnc4s3)C#N)CC1,7.0
136,CHEMBL257818,CN(C)Cc1ccc(cc1)c2cc3c(Nc4ccc5[nH]ccc5c4)c(cnc3s2)C#N,6.89
137,CHEMBL401611,CN1CCN(Cc2ccc(cc2)c3cc4c(Nc5ccc6[nH]ccc6c5)c(cnc4s3)C#N)CC1,6.7
138,CHEMBL257819,N#Cc1cnc2sc(cc2c1Nc3ccc4[nH]ccc4c3)c5ccc(CN6CCOCC6)cc5,6.35
139,CHEMBL256739,CCc1c(Nc2c(cnc3sc(cc23)c4ccccc4)C#N)ccc5[nH]ccc15,6.08
140,CHEMBL256535,Cc1c(Nc2c(cnc3sc(cc23)c4ccccc4)C#N)ccc5[nH]ccc15,7.28
141,CHEMBL256740,Cc1c[nH]c2ccc(Nc3c(cnc4sc(cc34)c5ccccc5)C#N)cc12,5.89
142,CHEMBL403187,Cc1cc2cc(Nc3c(cnc4sc(cc34)c5ccccc5)C#N)ccc2[nH]1,5.75
145,CHEMBL401703,N#Cc1cnc2sc(cc2c1NCc3ccc4[nH]ccc4c3)c5ccccc5,5.43
150,CHEMBL409274,N#Cc1cnc2sc(cc2c1Nc3cccc4[nH]ccc34)c5ccccc5,6.64
155,CHEMBL448406,COc1ccc(cc1OC)c2cncc(C#N)c2Nc3cccc(Br)c3,5.34
156,CHEMBL492252,COc1ccc(cc1OC)c2cncc(C#N)c2Nc3ccc4cc[nH]c4c3,5.7
157,CHEMBL492251,COc1ccc(cc1OC)c2cncc(C#N)c2Nc3ccc4[nH]ccc4c3,7.16
158,CHEMBL521814,COc1ccc(Nc2c(cncc2c3ccc(OC)c(OC)c3)C#N)cc1OC,5.66
159,CHEMBL492688,COc1ccc(cc1OC)c2cncc(C#N)c2Nc3ccc(Cl)c(Cl)c3,5.62
160,CHEMBL495139,COc1ccc(cc1OC)c2cncc(C#N)c2Nc3cc(Cl)ccc3Cl,6.33
161,CHEMBL495138,COc1ccc(cc1OC)c2cncc(C#N)c2Nc3ccc(C)cc3C,6.8
162,CHEMBL522199,COc1ccc(cc1OC)c2cncc(C#N)c2Nc3ccc(Cl)cc3Cl,7.1
163,CHEMBL493716,COc1ccc(cc1OC)c2cncc(C#N)c2Nc3ccc(Oc4ccccc4)cc3,5.08
164,CHEMBL522677,COc1ccc(Nc2c(cncc2c3ccc(OC)c(OC)c3)C#N)cc1,6.4
165,CHEMBL523688,COc1ccc(cc1OC)c2cncc(C#N)c2Nc3ccc(C)cc3,6.05
166,CHEMBL494314,COc1ccc(cc1OC)c2cncc(C#N)c2Nc3ccc(Cl)cc3,5.55
169,CHEMBL495128,COc1ccc(cc1OC)c2cncc(C#N)c2Nc3cccc(F)c3,5.85
170,CHEMBL523718,COc1ccc(cc1OC)c2cncc(C#N)c2Nc3cccc(Cl)c3,5.41
171,CHEMBL494927,COc1ccc(cc1OC)c2cncc(C#N)c2Nc3ccccc3,5.8
172,CHEMBL492450,COc1ccc(cc1OC)c2cncc(C#N)c2Nc3ccc4CCCc4c3,5.66
180,CHEMBL504547,Oc1cc(CN\C=C\2/C(=O)NC(=O)c3ccc(I)cc23)ccc1c4cocc4,4.59
182,CHEMBL489058,CCN1CCN(CC\C=C\c2ccc3c(Nc4ccc(Sc5nccn5C)c(Cl)c4)c(cnc3c2)C#N)CC1,4.56
186,CHEMBL480222,CN(C)Cc1ccc(C)c(c1)c2cc3c(Nc4ccc5[nH]ccc5c4C)c(cnc3s2)C#N,7.0
190,CHEMBL518942,CN(C)Cc1cncc(c1)c2cc3c(Nc4ccc5[nH]ccc5c4C)c(cnc3s2)C#N,7.08
192,CHEMBL480641,CN(C)Cc1ccccc1c2cc3c(Nc4ccc5[nH]ccc5c4C)c(cnc3s2)C#N,7.03
197,CHEMBL479058,O=C(\C=C\c1cc2c(Nc3ccc4[nH]ccc4c3)c(cnc2s1)C#N)N5CCCC5,6.89
200,CHEMBL476746,Cc1c(Nc2c(cnc3sc(cc23)c4cccc(c4)C(=O)N5CCCC5)C#N)ccc6[nH]ccc16,7.24
201,CHEMBL476134,Cc1c(Nc2c(cnc3sc(CCC(=O)N4CCCC4)cc23)C#N)ccc5[nH]ccc15,6.6
202,CHEMBL515456,Cc1c(Nc2c(cnc3sc(\C=C\C(=O)NN4CCCC4)cc23)C#N)ccc5[nH]ccc15,6.43
203,CHEMBL515166,CN(C)NC(=O)\C=C\c1cc2c(Nc3ccc4[nH]ccc4c3C)c(cnc2s1)C#N,7.0
204,CHEMBL477173,CN(C)CCN(C)C(=O)\C=C\c1cc2c(Nc3ccc4[nH]ccc4c3C)c(cnc2s1)C#N,6.82
205,CHEMBL476127,COCCNC(=O)\C=C\c1cc2c(Nc3ccc4[nH]ccc4c3C)c(cnc2s1)C#N,7.32
207,CHEMBL475919,Cc1c(Nc2c(cnc3sc(\C=C\C(=O)Nc4ccccc4)cc23)C#N)ccc5[nH]ccc15,6.96
212,CHEMBL477405,CN1CCN(CC1)C(=O)\C=C\c2cc3c(Nc4ccc5[nH]ccc5c4C)c(cnc3s2)C#N,7.37
213,CHEMBL477404,Cc1c(Nc2c(cnc3sc(\C=C\C(=O)N4CCNCC4)cc23)C#N)ccc5[nH]ccc15,7.06
214,CHEMBL476150,Cc1c(Nc2c(cnc3sc(\C=C\C(=O)N4CCOCC4)cc23)C#N)ccc5[nH]ccc15,7.28
215,CHEMBL476149,Cc1c(Nc2c(cnc3sc(\C=C\C(=O)N4CCCCC4)cc23)C#N)ccc5[nH]ccc15,7.32
216,CHEMBL514356,CN(C)[C@H]1CCN(C1)C(=O)\C=C\c2cc3c(Nc4ccc5[nH]ccc5c4C)c(cnc3s2)C#N,6.77
217,CHEMBL514533,CN(C)[C@@H]1CCN(C1)C(=O)\C=C\c2cc3c(Nc4ccc5[nH]ccc5c4C)c(cnc3s2)C#N,6.75
218,CHEMBL477818,Cc1c(Nc2c(cnc3sc(\C=C\C(=O)N4CCC(O)C4)cc23)C#N)ccc5[nH]ccc15,7.39
221,CHEMBL516640,COc1ccc(cc1)n2cnc3ccc(cc23)c4oc(SCc5cccc(c5)C#N)nn4,5.46
225,CHEMBL511716,COc1ccc(cc1OC)c2cncc(C#N)c2Nc3cccc4cc[nH]c34,6.13
226,CHEMBL494229,COc1ccc(cc1OC)c2cncc(C#N)c2N(C)c3ccc4[nH]ccc4c3,6.57
227,CHEMBL494237,COc1ccc(cc1OC)c2cncc(C#N)c2Oc3ccc4[nH]ccc4c3,5.77
228,CHEMBL494238,COc1ccc(cc1OC)c2cncc(C#N)c2c3ccc4[nH]ccc4c3,5.77
229,CHEMBL494000,CCc1c(Nc2c(cncc2c3ccc(OC)c(OC)c3)C#N)ccc4[nH]ccc14,7.26
230,CHEMBL494001,COc1ccc(cc1OC)c2cncc(C#N)c2Nc3cc(C)c4[nH]ccc4c3,6.92
234,CHEMBL466037,COc1ccc(cc1OC)c2cncc(C#N)c2Nc3ccc4c(ccn4C)c3C,6.59
237,CHEMBL513827,COc1cccc(c1)c2cncc(C#N)c2Nc3ccc4[nH]ccc4c3C,7.44
238,CHEMBL512606,COc1ccccc1c2cncc(C#N)c2Nc3ccc4[nH]ccc4c3C,7.09
247,CHEMBL523194,CN1CCN(CCOc2ccc(cc2)c3cncc(C#N)c3Nc4ccc5[nH]ccc5c4)CC1,7.14
248,CHEMBL467871,CN1CCN(CCOc2ccc(cc2)c3cncc(C#N)c3Nc4cc5cc[nH]c5cc4C)CC1,7.48
251,CHEMBL513323,N#Cc1cncc(c1Nc2ccc3cc[nH]c3c2)c4cccc(OCCN5CCOCC5)c4,5.02
252,CHEMBL468140,N#Cc1cncc(c1Nc2ccc3[nH]ccc3c2)c4cccc(OCCN5CCOCC5)c4,6.7
253,CHEMBL513162,N#Cc1cncc(c1Nc2ccc3[nH]ccc3c2)c4cccc(OCCN5CCCC5)c4,6.72
256,CHEMBL468135,N#Cc1cncc(c1Nc2cccc3[nH]ccc23)c4cccc(OCCN5CCCCC5)c4,7.22
258,CHEMBL467722,COCCOc1cccc(c1)c2cncc(C#N)c2Nc3cccc4[nH]ccc34,7.5
259,CHEMBL511569,COCCOc1cc(ccc1OC)c2cncc(C#N)c2Nc3ccc4cc[nH]c4c3,5.2
260,CHEMBL467524,COCCOc1cc(ccc1OC)c2cncc(C#N)c2Nc3ccc4[nH]ccc4c3,6.5
261,CHEMBL511403,COCCOc1cc(ccc1OC)c2cncc(C#N)c2Nc3cccc4[nH]ccc34,7.2
262,CHEMBL494221,O[C@@H]1CC[C@H](CC1)Nc2ccc3nnc(c4cccc(c4)C(F)(F)F)n3n2,5.75
267,CHEMBL574738,CCN1CCN(Cc2ccc(NC(=O)Nc3ccc(Oc4cc(NC)ncn4)cc3)cc2C(F)(F)F)CC1,5.66
271,CHEMBL522892,CN1CCN(CC1)c2ccc3nc([nH]c3c2)C4=C(N)c5c(F)cccc5NC4=O,5.5
279,CHEMBL428690,CN1CC[C@@H]([C@H](O)C1)c2c(O)cc(O)c3C(=O)C=C(Oc23)c4ccccc4Cl,6.46
284,CHEMBL191003,Nc1nc(Nc2ccc(cc2)S(=O)(=O)N)nn1C(=O)c3c(F)cccc3F,5.36
290,CHEMBL608533,CO[C@@H]1[C@@H](C[C@H]2O[C@]1(C)n3c4ccccc4c5c6CNC(=O)c6c7c8ccccc8n2c7c35)N(C)C(=O)c9ccccc9,6.04
298,CHEMBL1721885,Cc1[nH]c(\C=C\2/C(=O)Nc3ccc(F)cc23)c(C)c1C(=O)NC[C@H](O)CN4CCOCC4,5.14
299,CHEMBL535,CCN(CC)CCNC(=O)c1c(C)[nH]c(\C=C\2/C(=O)Nc3ccc(F)cc23)c1C,5.37
311,CHEMBL566853,CN(C)CCOc1cccc(c1)C2=C(C(=O)NC2=O)c3c[nH]c4ccccc34,7.28
312,CHEMBL585500,CN1CCN(CC1)c2cccc(c2)C3=C(C(=O)NC3=O)c4c[nH]c5ccccc45,7.12
313,CHEMBL566424,CN(C)CCCn1cc(C2=C(C(=O)NC2=O)c3csc4ccccc34)c5ccccc15,6.59
314,CHEMBL584483,CN(C)CCCn1cc(C2=C(C(=O)NC2=O)c3cccc4ccccc34)c5ccccc15,6.78
315,CHEMBL584817,O=C1NC(=O)C(=C1c2c[nH]c3ccccc23)c4nc(nc5ccccc45)N6CCOCC6,5.86
328,CHEMBL566868,CN(C)Cc1ccccc1c2cncc(C#N)c2Nc3ccc4[nH]ccc4c3C,6.7
333,CHEMBL567092,CN1CCN(Cc2ccc(cn2)c3cncc(C#N)c3Nc4ccc5[nH]ccc5c4C)CC1,7.42
334,CHEMBL567093,CN1CCN(Cc2cncc(c2)c3cncc(C#N)c3Nc4ccc5[nH]ccc5c4C)CC1,6.72
341,CHEMBL585113,Cc1c(Nc2c(cncc2c3oc(CN4CCCCC4)cc3)C#N)ccc5[nH]ccc15,7.39
342,CHEMBL567094,Cc1c(Nc2c(cncc2c3oc(CN4CCCC4)cc3)C#N)ccc5[nH]ccc15,7.46
343,CHEMBL568142,CCN(CC)Cc1oc(cc1)c2cncc(C#N)c2Nc3ccc4[nH]ccc4c3C,7.38
350,CHEMBL578348,N#Cc1cncc(\C=C\c2ccccc2)c1Nc3ccc4cc[nH]c4c3,5.85
351,CHEMBL568186,Cn1ccc2cc(Nc3c(\C=C\c4ccccc4)cncc3C#N)ccc12,5.33
352,CHEMBL569203,Cc1cc2cc(Nc3c(\C=C\c4ccccc4)cncc3C#N)ccc2[nH]1,6.44
353,CHEMBL585878,Cc1cc2c(C)c(Nc3c(\C=C\c4ccccc4)cncc3C#N)ccc2[nH]1,7.16
354,CHEMBL566060,Cc1cc(Nc2c(\C=C\c3ccccc3)cncc2C#N)c(C)c4cc[nH]c14,7.47
355,CHEMBL585681,Cc1c(Nc2c(\C=C\c3ccccc3)cncc2C#N)ccc4c1ccn4C,6.72
356,CHEMBL578169,Clc1cc2[nH]ccc2cc1Nc3c(\C=C\c4ccccc4)cncc3C#N,7.19
357,CHEMBL568687,Cc1c(Nc2c(\C=C\c3ccccc3)cncc2C#N)cc(Cl)c4[nH]ccc14,7.11
358,CHEMBL568973,N#Cc1cncc(\C=C\c2ccccc2)c1Oc3ccc4[nH]ccc4c3,6.16
359,CHEMBL578984,Cc1c(Oc2c(\C=C\c3ccccc3)cncc2C#N)ccc4[nH]ccc14,7.05
360,CHEMBL576233,CN(c1ccc2[nH]ccc2c1)c3c(\C=C\c4ccccc4)cncc3C#N,6.36
361,CHEMBL578783,Cc1c(Nc2c(CCc3ccccc3)cncc2C#N)ccc4[nH]ccc14,7.47
372,CHEMBL568974,Cc1c(Nc2c(\C=C/c3ccccc3)cncc2C#N)ccc4[nH]ccc14,7.1
392,CHEMBL592935,Cc1c(Nc2c(\C=C\CCN3CCC[C@H](O)C3)cncc2C#N)ccc4[nH]ccc14,6.92
393,CHEMBL605112,Cc1c(Nc2c(\C=C\CCN3CCN(CC3)c4ccccc4)cncc2C#N)ccc5[nH]ccc15,7.17
394,CHEMBL596424,Cc1c(Nc2c(\C=C\CCN3CCC(CO)CC3)cncc2C#N)ccc4[nH]ccc14,7.41
395,CHEMBL596412,Cc1c(Nc2c(\C=C\CCCN3CCOCC3)cncc2C#N)ccc4[nH]ccc14,7.47
397,CHEMBL595500,Cc1c(Nc2c(\C=C\CN3CCOCC3)cncc2C#N)ccc4[nH]ccc14,7.29
398,CHEMBL604050,Cc1c(Nc2c(\C=C\CN3CCC(O)CC3)cncc2C#N)ccc4[nH]ccc14,6.85
399,CHEMBL592936,CC1CN(CC\C=C\c2cncc(C#N)c2Nc3ccc4[nH]ccc4c3C)CCC1NS(=O)(=O)C,7.24
400,CHEMBL577254,Cc1c(Nc2c(\C=C\CCN3CCN(CC3)OC(=O)C(C)(C)C)cncc2C#N)ccc4[nH]ccc14,7.29
401,CHEMBL593891,COC1CCN(CC\C=C\c2cncc(C#N)c2Nc3ccc4[nH]ccc4c3C)CC1,7.38
407,CHEMBL596414,CC(=O)NC1CCN(CC\C=C\c2cncc(C#N)c2Nc3ccc4[nH]ccc4c3C)CC1,7.51
408,CHEMBL594784,Cc1c(Nc2c(\C=C\CCN3CCN(CC3)S(=O)(=O)c4ccccc4)cncc2C#N)ccc5[nH]ccc15,7.3
409,CHEMBL596413,CN1CCN(C\C=C\c2cncc(C#N)c2Nc3ccc4[nH]ccc4c3C)CC1,7.51
415,CHEMBL593387,Cc1c(Nc2c(\C=C\CCN3CCCCC3)cncc2C#N)ccc4[nH]ccc14,7.46
418,CHEMBL595753,CC(=O)N1CCN(CC\C=C\c2cncc(C#N)c2Nc3ccc4[nH]ccc4c3C)CC1,7.42
420,CHEMBL596207,Cc1c(Nc2c(\C=C\CN3CCCCC3)cncc2C#N)ccc4[nH]ccc14,6.72
435,CHEMBL606342,Cc1c(Nc2c(\C=C\CCN3CCC[C@@H](O)C3)cncc2C#N)ccc4[nH]ccc14,7.15
437,CHEMBL607036,CC1CN(CC\C=C\c2cncc(C#N)c2Nc3ccc4[nH]ccc4c3C)CCC1N,7.34
441,CHEMBL116438,COc1cc(\C=C\C(=C\C(=O)\C=C\c2ccc(O)c(OC)c2)\O)ccc1O,4.96
442,CHEMBL129964,O\C(=C/C(=O)\C=C\c1ccc(O)c(O)c1)\C=C\c2ccc(O)c(O)c2,5.18
443,CHEMBL599997,CCCCCCCCOc1ccc(\C=C\C(=C\C(=O)\C=C\c2ccc(O)c(OC)c2)\O)cc1OC,5.4
444,CHEMBL589364,CCCCCCCCCCCCCCCCOc1ccc(\C=C\C(=C\C(=O)\C=C\c2ccc(O)c(OC)c2)\O)cc1OC,5.23
445,CHEMBL279115,CCCCCCCCCCCCCC(=O)O[C@@H]1[C@@H](C)[C@@]2(O)[C@@H](C=C(CO)C[C@@]3(O)[C@H]2C=C(C)C3=O)[C@@H]4C(C)(C)[C@]14OC(=O)C,5.5
446,CHEMBL55267,CCCCCCCC(=O)OC[C@H](CO)OC(=O)CCCCCCC,5.28
447,CHEMBL590047,CCCCCCCC\C=C/CCCCCCCC(=O)OC[C@H](CO)OC(=O)CCCCCCC\C=C/CCCCCCCC,5.06
466,CHEMBL1094375,Cc1c(Nc2c(\C=C\c3ccc(CN4CCOCC4)cn3)cncc2C#N)ccc5[nH]ccc15,7.25
469,CHEMBL1098034,Cc1c(Nc2c(\C=C\c3ccc(CN4CCC(O)CC4)cn3)cncc2C#N)ccc5[nH]ccc15,7.51
479,CHEMBL1081198,FC(F)(F)c1cccc(NC(=O)Nc2cccc(c2)c3cn4ccnc4c(NCc5ccncc5)n3)c1,4.3
485,CHEMBL1079904,CCCN(CCC)S(=O)(=O)c1ccc(\C=C\c2cncc(C#N)c2Nc3ccc4[nH]ccc4c3C)cc1,6.46
486,CHEMBL1079376,CC(C)N(C(C)C)S(=O)(=O)c1ccc(\C=C\c2cncc(C#N)c2Nc3ccc4[nH]ccc4c3C)cc1,6.39
487,CHEMBL1081357,CCC(C)NS(=O)(=O)Cc1ccc(\C=C\c2cncc(C#N)c2Nc3ccc4[nH]ccc4c3C)cc1,6.92
496,CHEMBL1080114,Cc1ncc(C#N)c(Nc2ccc3[nH]ccc3c2C)c1\C=C\c4ccc(cc4)S(=O)(=O)N5CCCCC5,7.17
522,CHEMBL603469,C[C@]12O[C@H](C[C@]1(O)CO)n3c4ccccc4c5c6C(=O)NCc6c7c8ccccc8n2c7c35,7.0
543,CHEMBL1258349,OC[C@H]1CC(=O)O[C@@H]2C[C@@H](CCCCc3ccccc3)O[C@@]4(CCC[C@H](CC(=O)O1)O4)C2,6.77
545,CHEMBL1288582,COc1ccc2cc([nH]c2c1)c3n[nH]c4cccnc34,4.65
548,CHEMBL1650951,CC(C)(O)C(=O)N1CCN(CC1)c2ccc(c(c2)C3=C(C(=O)NC3=O)c4c[nH]c5ccccc45)C(F)(F)F,7.17
578,CHEMBL509032,COc1cc(ccc1Nc2ncc(Cl)c(Nc3ccccc3S(=O)(=O)C(C)C)n2)N4CCC(CC4)N5CCN(C)CC5,5.82
584,CHEMBL502835,COC(=O)c1ccc2\C(=C(\Nc3ccc(cc3)N(C)C(=O)CN4CCN(C)CC4)/c5ccccc5)\C(=O)Nc2c1,5.26
603,CHEMBL300138,Cn1cc(C2=C(C(=O)NC2=O)c3cn(C4CCN(Cc5ccccn5)CC4)c6ccccc36)c7ccccc17,7.44
628,CHEMBL288441,COc1cc(Nc2c(cnc3cc(OCCCN4CCN(C)CC4)c(OC)cc23)C#N)c(Cl)cc1Cl,6.04
639,CHEMBL180239,COc1cc(\C=C\c2cc(\C=C\c3ccc(O)c(OC)c3)[nH]n2)ccc1O,5.14
640,CHEMBL1914609,CCCCOc1ccc(\C=C\c2cc(\C=C\c3ccc(O)c(OC)c3)n[nH]2)cc1OC,4.8
641,CHEMBL181529,COc1cc(\C=C\c2onc(\C=C\c3ccc(O)c(OC)c3)c2)ccc1O,5.5
642,CHEMBL1914610,CCCCOc1ccc(\C=C\c2onc(\C=C\c3ccc(OCCCC)c(OC)c3)c2)cc1OC,5.15
646,CHEMBL1945559,Cn1c2C(=O)NC3(CCNCC3)C(C#N)c2c4ccc(Cl)c(Cl)c14,5.85
1393,CHEMBL2007097,NC1=NC(=O)Nc2sccc12,4.2
1395,CHEMBL1084546,CN(c1ncccc1CNc2nc(Nc3ccc4NC(=O)Cc4c3)ncc2C(F)(F)F)S(=O)(=O)C,6.4
1397,CHEMBL1974328,Cc1cccc(Nc2nc(NC3CCCCC3N)cnc2C(=O)N)c1,6.4
1400,CHEMBL1980407,NC(COc1cncc(c1)c2ccc3NC(=O)C(=Cc4ccc[nH]4)c3c2)Cc5ccccc5,8.4
1404,CHEMBL38380,O=S(=O)(N1CCCNCC1)c2cccc3cnccc23,6.2
1407,CHEMBL1983945,NC(Cc1c[nH]c2ccccc12)C(=O)Nc3cncc(C=Cc4ccncc4)c3,6.3
1409,CHEMBL1986943,OC1CCC(CC1)Nc2nc(Cl)cc(n2)c3c[nH]c4ncccc34,7.8
1411,CHEMBL1997119,Nc1ncc2cccc(c3ccccc3)n12,4.8
1412,CHEMBL1977138,CC(Nc1cncc(n1)n2cnc3ccc(cc23)C#N)c4ccccc4F,6.5
1415,CHEMBL1980329,Oc1ccc(cc1)c2ccc3C(=Cc4ccc[nH]4)C(=O)Nc3c2,6.5
1416,CHEMBL2004515,C1Oc2ccc(cc2O1)c3ncnc4[nH]ccc34,5.1
1417,CHEMBL1992042,Fc1ccc(cc1)C(=O)Nc2cccc(c2)C3Nc4ccc5ccccc5c4C6C=CCC36,6.0
1420,CHEMBL1991734,CN1c2ccc(N)cc2C(c3ccccc3)c4cc(N)ccc14,6.4
1421,CHEMBL21156,CC(C)(C)c1nc2c3ccc(F)cc3c4C(=O)NC=Cc4c2[nH]1,6.1
1422,CHEMBL1994724,COc1cccc(c1)C(C)NC(=O)c2ccc(s2)c3ccncc3,6.5
1423,CHEMBL1989267,COc1cc(ccc1NC(=O)c2cc3ccccc3n2C)c4csc5c(C=CC(=O)NCCN(C)C)cnc(N)c45,5.7
1429,CHEMBL1970290,CCN(CC)CCNC(=O)c1cccc(c1)n2nc(cc2NC(=O)Nc3cccc4ccccc34)C(C)(C)C,6.6
1431,CHEMBL1976040,CN1CCN(CC1)c2ccc(Nc3ncc4C(=O)N(CC=C)N(c5cccc(n5)C(C)(C)O)c4n3)cc2,6.1
1436,CHEMBL1973363,COc1cccc(NC(=O)N2CCC(CC2)c3nc4c(cccc4[nH]3)C(=O)N)c1,5.7
1445,CHEMBL2000029,Cc1ccccc1c2c(nnn2Cc3ccccc3)c4ccc5[nH]nc(N)c5c4,7.9
1449,CHEMBL1971227,ON(C=O)C(CS(=O)(=O)c1ccc(cc1)c2ccc(cc2)C(F)(F)F)c3ccc(O)cc3,5.7
1450,CHEMBL1967998,CCN1CCN(CC1)c2ccc(Nc3ncc(Cl)c(Nc4ccc5[nH]ncc5c4)n3)cc2,5.9
1453,CHEMBL2001149,Oc1ccc2nc([nH]c2c1)c3ccc(Sc4ccc(cc4)c5nc6ccc(O)cc6[nH]5)cc3,5.9
1454,CHEMBL1974875,OC(=O)c1csc2C(=O)NCCNc12,4.1
1456,CHEMBL1996646,COc1cccc(OC)c1CNc2nc(NC3CCCCC3)nc4ccc(Cl)cc24,6.0
1464,CHEMBL1978195,NC(=O)c1cc2c(cncc2s1)c3ccc(Br)cc3,6.2
1469,CHEMBL1991674,OC1CCC(CC1)Nc2cc(Cl)nc(n2)c3c[nH]c4ncccc34,7.0
1470,CHEMBL1982711,NC(=O)c1ccc(cc1)c2c[nH]c3nccc(Cl)c23,6.8
1471,CHEMBL262623,Nc1ncnc2NCCC(=Nc12)c3ccccc3,4.4
1476,CHEMBL2004025,COCOc1cccc(OCOC)c1c2ccc(NS(=O)(=O)C)cc2C(=O)OC,5.9
1479,CHEMBL1995211,CC(C)(C)Nc1ncnc2[nH]cc(c3ccccc3)c12,6.2
1483,CHEMBL1982753,NC1CCCCC1Nc2ccc(C(=O)N)c(Nc3cccc(Cl)c3)n2,5.8
1484,CHEMBL2006299,COc1cccc(CNC(=O)c2ccc(cc2)c3ccncc3)c1,6.7
1485,CHEMBL1972346,Oc1cc(O)cc(C=Cc2ccc(O)c(O)c2)c1,6.1
1486,CHEMBL1971519,Nc1n[nH]c2cccc(c3ccc(F)cc3)c12,4.7
1487,CHEMBL1997335,COc1ccc(cc1OC)C2=NNc3cccc4c(OC)ccc2c34,5.8
1491,CHEMBL1994808,Cc1nnc(c2ccccc2)c(n1)C#N,4.1
1493,CHEMBL1991867,Nc1n[nH]c2nc(Cl)sc12,4.1
1494,CHEMBL1972355,COc1c2C(=O)C=C(C)Oc2cc(O)c1c3nc4ccccc4[nH]3,6.4
1496,CHEMBL2001641,CC(C)(O)c1cn(nn1)c2ccc3[nH]ncc3c2,4.4
1504,CHEMBL2002992,CC(N)C1CCC(CC1)C(=O)Nc2ccnc3[nH]ccc23,8.1
1508,CHEMBL1977931,CC(=O)c1ccccc1c2ncnc3[nH]ccc23,4.1
1510,CHEMBL2004887,Nc1nccc2nc(cn12)c3ccccc3,4.3
1515,CHEMBL1971606,CCCOc1cccc(c1)C(C)NC(=O)c2ccc(cc2)c3ccncc3F,5.7
1521,CHEMBL2003785,Fc1cccc(CNc2ncnc3[nH]cnc23)c1,4.3
1522,CHEMBL1973720,NC1CCC(CC1)Nc2nc(Cl)cc(n2)c3c[nH]c4ncccc34,9.1
1527,CHEMBL2003514,COc1cccc(c1)C(C)NC(=O)c2cnc(nc2)c3ccncc3,6.2
1529,CHEMBL1970340,Nc1noc2cccc(c3cccc(O)c3)c12,4.7
1530,CHEMBL1967992,N#Cc1ccc(cc1NCc2ccccc2)c3ccncc3,6.1
1532,CHEMBL1989043,CN1CCN(CC1)c2ccc(Nc3nc(N)c(s3)C(=O)c4c(Cl)cccc4Cl)cc2,6.5
1535,CHEMBL1967538,Cc1nn(C)c2sc3C(=O)NC=Nc3c12,4.1
1538,CHEMBL1968515,O=C1CN2C(=NN1)COc3ccccc23,5.4
1541,CHEMBL1975121,COc1cccc(c1)C(C)NC(=O)c2ccc(cc2)c3ccncc3,6.9
1549,CHEMBL1967878,CN1CCN(CC1)c2ccc(Nc3ncc(F)c(NC4C5CC(C=C5)C4C(=O)N)n3)cc2C,7.2
1550,CHEMBL1992073,CCC1CC(CC1c2ncc3cnc4[nH]ccc4n23)NS(=O)(=O)C5CC5,6.7
1551,CHEMBL1990254,NCC(NC(=O)c1ccc(cc1)c2ccncc2)c3ccccc3,7.2
1552,CHEMBL1986143,OCCC(NC(=O)c1ccc(cc1)c2ccncc2)c3ccccc3,5.8
1553,CHEMBL1972934,Nc1ncnc2sccc12,4.2
1557,CHEMBL1975921,Brc1cnc2NC(=O)Nc2c1,4.5
1560,CHEMBL1984402,CN1N=C(C(=C(N)C1=O)C(=O)C)c2ccccc2,4.3
1565,CHEMBL1971534,NC(=O)c1cc2ccncc2s1,5.5
1571,CHEMBL2004159,COc1cccc(CNC(=O)c2cnc(nc2)c3ccncc3)c1,6.0
1572,CHEMBL1978371,Clc1ccc(cc1)C2CC(=C(C#N)C(=O)C2C(=O)c3ccccc3)c4ccccc4,5.8
1575,CHEMBL1978166,Cc1cccc(NC(=O)Nc2ccc(cc2)c3csc4c(cnc(N)c34)C#CCCCCCCCCN)c1,6.0
1577,CHEMBL1974617,OCc1cc(on1)c2ccc3[nH]ncc3c2,4.9
1579,CHEMBL1965660,NC(=O)c1cc([nH]c1c2ccc(Cl)cc2Cl)c3ccnc(N)n3,7.2
1580,CHEMBL1992125,COc1cc(Nc2ncnc(n2)N3CCCc4cc(C)ccc34)cc(OC)c1OC,6.0
1583,CHEMBL379975,Oc1ccc2[nH]c3cc(c4ccccc4Cl)c5C(=O)NC(=O)c5c3c2c1,6.2
1586,CHEMBL1980995,CNC1CC2OC(C)(C1OC)n3c4ccccc4c5c6CNC(=O)c6c7c8ccccc8n2c7c35,8.7
1587,CHEMBL1997041,Cc1cc(ccc1F)c2ncnc3[nH]ccc23,5.0
1593,CHEMBL1421720,O=C(Cc1cccs1)Nc2nc3ccccc3s2,5.8
1595,CHEMBL1968130,Nc1nnc2cncc(Cl)n12,4.6
1600,CHEMBL1949855,Clc1cccc2C(=O)NC=Nc12,5.1
1608,CHEMBL1973359,NC(=O)c1ccc2nc(cn2c1)c3oc(cc3)[N+](=O)[O-],6.6
1609,CHEMBL1988581,CN(C)CC1=C(O)C2=NC(=CC(=O)N2C=C1)C,6.9
1611,CHEMBL2006564,CCN(C(=O)C)c1ccc(Nc2nc(NC3CC3)c4nc[nH]c4n2)cc1,5.7
1613,CHEMBL1979690,CN1CCN(CC1)c2ccc(Nc3ncc(Cl)c(Nc4ccc5[nH]ncc5c4)n3)cc2,5.7
1617,CHEMBL422897,CN1CCC(C(O)C1)c2c(O)cc(O)c3C(=O)C=C(Oc23)c4ccccc4Cl,7.1
1619,CHEMBL225519,O=C1NCCc2[nH]c(cc12)c3ccncc3,7.4
1620,CHEMBL1994159,CC(=O)c1cccc(c1)c2ccc3nccn3n2,4.2
1623,CHEMBL1983575,Oc1c(Br)cc(C=NNC(=O)Nc2ccccc2)cc1Br,5.7
1626,CHEMBL1998470,CCCC(=O)Nc1cc(cc(Cl)n1)c2c[nH]c3ncccc23,5.9
1630,CHEMBL1983630,O=C1Cc2cc(cnc2N1)c3ccccc3,4.2
1640,CHEMBL1995765,NC1=CC(=O)NN1c2ccccn2,4.7
1644,CHEMBL360847,CN(C)CC1CCn2cc(C3=C(C(=O)NC3=O)c4cn(CCO1)c5ccccc45)c6ccccc26,8.8
1645,CHEMBL1995811,Fc1ccc(F)c(c1)C(=O)Nc2n[nH]c3ccc(cc23)c4cn(Cc5ccccc5)nn4,5.8
1647,CHEMBL1983111,CC(=O)NCC(=O)N1C2CCC1c3cc(Nc4ncc(c(NC5CCC5)n4)C(F)(F)F)ccc23,5.9
1649,CHEMBL1988141,CCC(=O)Nc1ccc(C(=O)N2CCNCC2)c(O)c1,6.1
1659,CHEMBL2001613,Brc1ccc2NNC(=O)c2c1,4.5
1663,CHEMBL1993904,NC(=O)c1cc2c(cnc(N)c2s1)c3ccc(Nc4oc5ccccc5n4)cc3,5.7
1668,CHEMBL1982413,CN(Cc1cc(Cl)c(O)c2ncccc12)C3CCCCC3,5.9
1674,CHEMBL1987815,NC(=O)c1cc(c2cccs2)n3nccc3n1,4.4
1677,CHEMBL1981133,NC(COc1cncc(c1)c2ccc3cnccc3c2)Cc4c[nH]c5ccccc45,8.5
1679,CHEMBL2007421,CC(C)Oc1cc(Nc2nc(NC(C)c3ccc(F)cn3)ncc2Cl)n[nH]1,6.3
1682,CHEMBL1992673,Clc1ccc2NC(=O)n3ncnc3c2c1,4.1
1683,CHEMBL1983268,CN1CCN(CC1)c2ccc(C(=O)Nc3n[nH]c4ccc(Cc5cc(F)cc(F)c5)cc34)c(NC6CCOCC6)c2,5.8
1684,CHEMBL1969151,CN(C)C1CCC(CC1)Nc2nc(Cl)cc(n2)c3c[nH]c4ncccc34,8.1
1685,CHEMBL1967252,Cc1n[nH]c2ccc(cc12)c3cccnc3,6.9
1686,CHEMBL1993335,Cn1cc(c2cc3nc(Br)cnc3[nH]2)c4cc(F)ccc14,5.9
1688,CHEMBL2007574,Nc1nc(Cl)cc(n1)c2c[nH]c3ncccc23,6.9
1690,CHEMBL2004637,CCN(CCN)C(=O)c1cccc(c1)n2nc(cc2NC(=O)Nc3cccc4ccccc34)C(C)(C)C,6.3
1694,CHEMBL1994526,CC(N)C1CCC(CC1)C(=O)Nc2ccncc2,7.1
1696,CHEMBL1970352,CCOC(=O)c1c(C)n(c2ccc(I)cc2)c3c4ccccc4c(O)cc13,6.0
1698,CHEMBL1980167,CN(C)c1ccc(cc1)c2cc(nc(NS(=O)(=O)c3ccc(N)cc3)n2)c4ccc(cc4)[N+](=O)[O-],5.9
1705,CHEMBL1870106,CCn1c(nc2cncc(C(=O)N3CCC(N)C3)c12)c4nonc4N,7.0
1708,CHEMBL1983980,OCc1ccc(cc1)c2sc(nc2C(=O)O)N3CCc4cccc(C(=O)Nc5nc6ccccc6s5)c4C3,5.9
1709,CHEMBL482538,c1ccc(cc1)c2ccnc3[nH]ccc23,5.3
1714,CHEMBL1996837,Cc1nn(C)c2sc(C(=O)N)c(N)c12,4.2
1717,CHEMBL1993661,CNS(=O)(=O)c1ccccc1Nc2nc(Nc3cc(OC)c(OC)c(OC)c3)ncc2Cl,7.2
1718,CHEMBL1968705,CCCC(=O)Nc1cccc(c1)c2nc(Nc3ccc4[nH]ncc4c3)c5cc(OCCN6CCCC6)ccc5n2,6.2
1723,CHEMBL546797,ON=C(c1nc2ccccc2[nH]1)c3nc4ccccc4[nH]3,5.7
1727,CHEMBL492828,COc1cc(O)c(CC=C(C)C)c2OC(CC(=O)c12)c3ccc(O)cc3,4.5
1731,CHEMBL2046624,Nc1ncccc1C(=O)c2cccc(n2)N3CCCNCC3,6.79
1732,CHEMBL2046625,CN1CCCN(CC1)c2cccc(n2)C(=O)c3cccnc3N,6.43
1733,CHEMBL2046626,Nc1ncccc1C(=O)c2cccc(n2)N3CCNCC3,7.5
1734,CHEMBL2046627,NC1CCN(C1)c2cccc(n2)C(=O)c3cccnc3N,5.82
1735,CHEMBL2046628,NCC1CCN(C1)c2cccc(n2)C(=O)c3cccnc3N,6.13
1736,CHEMBL2046629,NC1CCN(CC1)c2cccc(n2)C(=O)c3cccnc3N,7.12
1737,CHEMBL2046630,NC1CCCN(C1)c2cccc(n2)C(=O)c3cccnc3N,5.7
1738,CHEMBL2046631,NCC1CCN(CC1)c2cccc(n2)C(=O)c3cccnc3N,5.86
1740,CHEMBL2046633,NCC1CN(C1)c2cccc(n2)C(=O)c3cccnc3N,6.0
1741,CHEMBL2046634,C[C@@H]1CN(CCN1)c2cccc(n2)C(=O)c3cccnc3N,6.74
1742,CHEMBL2046635,C[C@H]1CN(CCN1)c2cccc(n2)C(=O)c3cccnc3N,7.17
1743,CHEMBL2046636,CC1(C)CN(CCN1)c2cccc(n2)C(=O)c3cccnc3N,7.07
1745,CHEMBL2046638,CC(C)[C@@H]1CN(CCN1)c2cccc(n2)C(=O)c3cccnc3N,6.56
1746,CHEMBL2046639,CC(C)(C)[C@H]1CN(CCN1)c2cccc(n2)C(=O)c3cccnc3N,7.42
1748,CHEMBL2046641,Nc1ncccc1C(=O)c2cccc(n2)N3CCN[C@@H](C3)c4ccccc4,6.62
1754,CHEMBL2046647,CC(C)C[C@H]1CN(CCN1)c2ccc(OCC(F)(F)F)c(n2)C(=O)c3cccnc3N,6.54
1778,CHEMBL1214929,NCCNc1nc(cc2cnccc12)c3ccncc3,7.11
1782,CHEMBL2147534,NCCNc1cc(cc2cnccc12)c3ccncc3,6.45
1784,CHEMBL2147536,NCCOc1nc(cc2cnccc12)c3ccncc3,6.02
1785,CHEMBL2147537,C[C@H](N)CNc1nc(cc2cnccc12)c3ccncc3,7.26
1786,CHEMBL2147538,CC(C)(N)CNc1nc(cc2cnccc12)c3ccncc3,6.85
1788,CHEMBL2147540,CN(CCN)c1nc(cc2cnccc12)c3ccncc3,6.46
1789,CHEMBL2147541,CNCCNc1nc(cc2cnccc12)c3ccncc3,6.0
1790,CHEMBL1214932,C1CN(CCN1)c2nc(cc3cnccc23)c4ccncc4,6.96
1791,CHEMBL2147542,C1CNCCN(C1)c2nc(cc3cnccc23)c4ccncc4,7.11
1792,CHEMBL2147543,NC1CCCN(C1)c2nc(cc3cnccc23)c4ccncc4,6.88
1793,CHEMBL2147544,NCCCNc1nc(cc2cnccc12)c3ccncc3,7.01
1794,CHEMBL2147545,OCCNc1nc(cc2cnccc12)c3ccncc3,6.13
1797,CHEMBL2147548,CC(C)(N)CNc1nc(cc2cnccc12)c3ccnc(N)c3,6.31
1799,CHEMBL2147550,CC(C)(N)CNc1nc(cc2cnccc12)c3ccncc3F,6.85
1800,CHEMBL2147551,CC(C)(N)CNc1nc(cc2cnccc12)c3ccncc3Cl,7.03
1801,CHEMBL2147552,Cc1cnccc1c2cc3cnccc3c(NCC(C)(C)N)n2,6.13
1811,CHEMBL2153747,CN1CCN(CC1)c2cc(C3=C(C(=O)NC3=O)c4c[nH]c5ccccc45)c6ccccc6n2,7.51
1817,CHEMBL2153753,CC(C)c1ccc2nc(nc(C3=C(C(=O)NC3=O)c4c[nH]c5ccccc45)c2c1)N6CCN(C)CC6,7.15
1820,CHEMBL2153756,CN1CCN(CC1)c2nc(C3=C(C(=O)NC3=O)c4c[nH]c5ccccc45)c6ccc(Cl)cc6n2,6.5
1821,CHEMBL2151406,CN1CCN(CC1)c2nc(C3=C(C(=O)NC3=O)c4c[nH]c5ccccc45)c6cccc(C)c6n2,7.17
1822,CHEMBL2151407,CN1CCN(CC1)c2nc(C3=C(C(=O)NC3=O)c4c[nH]c5cccc(Cl)c45)c6ccccc6n2,6.66
1835,CHEMBL2178352,CN1CCN(CC1)c2ccc(Nc3ncc4nc(Nc5ccccc5)n(C6CCCC6)c4n3)cc2,5.44
2175,CHEMBL2326008,CC(C)[C@](C)(O)[C@H]1CN(CCN1)c2ccc(F)c(n2)c3n[nH]c4ncccc34,6.88
2177,CHEMBL2326006,COC[C@H]1CN(CCN1)c2ccc(F)c(n2)c3n[nH]c4ncccc34,7.29
2187,CHEMBL2321918,C[C@@H]1CN(CCN1)c2cccc(n2)c3n[nH]c4ncccc34,7.17
2188,CHEMBL2326015,Fc1ccc(nc1c2n[nH]c3ncccc23)N4CCNCC4,7.22
2189,CHEMBL2326014,C1CN(CCN1)c2cccc(n2)c3n[nH]c4ncccc34,7.3
2228,CHEMBL3356475,C[C@@H]1N2C(=NNC1=O)COc3cc(c(NC4CNC4)cc23)C(F)(F)F,6.5
2229,CHEMBL3356474,C[C@H]1N2C(=NNC1=O)COc3cc(c(NC4CNC4)cc23)C(F)(F)F,7.31
2230,CHEMBL3356473,C[C@@H]1N2C(=NNC1=O)COc3cc(c(NC4CNC4)cc23)c5ccccc5,6.12
2231,CHEMBL3356472,C[C@H]1N2C(=NNC1=O)COc3cc(c(NC4CNC4)cc23)c5ccccc5,7.31
2232,CHEMBL3356471,C[C@@H]1N2C(=NNC1=O)COc3cc(C)c(NC4CNC4)cc23,6.41
2233,CHEMBL3356470,C[C@H]1N2C(=NNC1=O)COc3cc(C)c(NC4CNC4)cc23,7.26
2234,CHEMBL3356469,CC1N2C(=NNC1=O)COc3cc(c(CC4CNC4)cc23)C(F)(F)F,7.23
2235,CHEMBL3356468,CC1N2C(=NNC1=O)COc3cc(c(OC4CNC4)cc23)C(F)(F)F,6.72
2236,CHEMBL3356467,CC1N2C(=NNC1=O)COc3cc(c(NC4CNC4)cc23)C(F)(F)F,7.17
2237,CHEMBL3356466,CC(C)c1cc2OCC3=NNC(=O)C(C)N3c2cc1NC4CNC4,6.89
2238,CHEMBL3356465,CC1N2C(=NNC1=O)COc3cc(F)c(NC4CNC4)cc23,7.0
2239,CHEMBL3356464,CC1N2C(=NNC1=O)COc3cc(C)c(NC4CNC4)cc23,6.96
2241,CHEMBL3356462,O=C1NN=C2COc3ccc(NC4CNC4)cc3N2C1C5CC5,5.46
2242,CHEMBL3352857,CCC1N2C(=NNC1=O)COc3ccc(NC4CNC4)cc23,6.0
2243,CHEMBL3356461,CC1N2C(=NNC1=O)COc3ccc(NC4CNC4)cc23,6.64
2245,CHEMBL3356459,CN1CCC(CC1)C(=O)Nc2ccc3OCC4=NNC(=O)CN4c3c2,5.35
2246,CHEMBL3356458,O=C(Nc1ccc2OCC3=NNC(=O)CN3c2c1)C4CCNCC4,5.46
2247,CHEMBL3356457,O=C(Nc1ccc2OCC3=NNC(=O)CN3c2c1)C4CCNC4,4.34
2248,CHEMBL3356456,O=C(Nc1ccc2OCC3=NNC(=O)CN3c2c1)C4CNC4,4.72
2249,CHEMBL3356455,CN(C)CC(=O)Nc1ccc2OCC3=NNC(=O)CN3c2c1,4.34
2250,CHEMBL3356454,CC(N)CNc1ccc2OCC3=NNC(=O)CN3c2c1,4.75
2251,CHEMBL3356453,O=C1CN2C(=NN1)COc3ccc(NCC4CCNCC4)cc23,4.51
2252,CHEMBL3356452,O=C1CN2C(=NN1)COc3ccc(NCC4CCNC4)cc23,4.7
2253,CHEMBL3356451,O=C1CN2C(=NN1)COc3ccc(NCC4CNC4)cc23,4.77
2254,CHEMBL3356450,O=C1CN2C(=NN1)COc3ccc(NC4CCCNCC4)cc23,5.05
2255,CHEMBL3356449,O=C1CN2C(=NN1)COc3ccc(NC4CCNCC4)cc23,4.68
2256,CHEMBL3356448,O=C1CN2C(=NN1)COc3ccc(NC4CCCNC4)cc23,4.85
2257,CHEMBL3356447,O=C1CN2C(=NN1)COc3ccc(NC4CCNC4)cc23,5.48
2259,CHEMBL3356086,O=C1CN2C(=NN1)COc3ccc(NC4CCC4)cc23,4.42
2260,CHEMBL3356085,O=C1CN2C(=NN1)COc3ccc(NC4CNC4)cc23,5.89
2261,CHEMBL3356084,CN(C)Cc1ccc2N3CC(=O)NN=C3COc2c1,4.8
2267,CHEMBL3338837,CC(C)(N)CNc1nc(nc2cnccc12)c3ccncc3,5.82
2268,CHEMBL3338838,CC(C)(N)CNc1nc(nc2cnccc12)c3ccc4[nH]ncc4c3,6.0
2269,CHEMBL3338839,C1CN(CCN1)c2nc(nc3cnccc23)c4ccc5[nH]ncc5c4,6.11
2280,CHEMBL3355122,C[C@H]1N2C(=NNC1=O)COc3cc(c(cc23)C4CCN(C)CC4)c5ccccc5F,7.37
2281,CHEMBL3355121,C[C@H]1N2C(=NNC1=O)COc3cc(c(cc23)[C@H]4CCN(C)C4)c5ccccc5F,7.39
2282,CHEMBL3355120,C[C@H]1N2C(=NNC1=O)COc3cc(c(cc23)C4CCN(C)C4)c5ccccc5F,7.38
2284,CHEMBL3355116,CC1N2C(=NNC1=O)COc3cc(c(NC4(C)CN(C)C4)cc23)c5ccccc5,7.28
2285,CHEMBL3355113,C[C@H]1N2C(=NNC1=O)COc3cc(c(cc23)N(C)C4(C)CNC4)C(F)(F)F,7.23
2288,CHEMBL3355115,C[C@H]1N2C(=NNC1=O)COc3cc(c(cc23)N(C)C4(C)CN(C)C4)C(F)(F)F,6.16
2290,CHEMBL3355114,C[C@H]1N2C(=NNC1=O)COc3cc(c(NC4(C)CN(C)C4)cc23)C(F)(F)F,7.24
2291,CHEMBL3355139,C[C@H]1N2C(=NNC1=O)COc3cc(c(cc23)[C@H]4CCN(C)CC4(C)C)c5ccccc5F,6.72
2299,CHEMBL3355135,COc1ccc(cc1OC)c2cc3OCC4=NNC(=O)[C@@H](C)N4c3cc2[C@@H]5CCN(C)C[C@@H]5C,6.62
2315,CHEMBL3586041,COc1cc(Nc2ncc(F)c(NC[C@@H]3CCCN(CC(F)F)C3)n2)cc(c1)n4nnnc4C,7.52
2321,CHEMBL3586047,CN1CCC[C@@H](CNc2nc(Nc3cccc(c3)n4cc(C)cn4)ncc2F)C1,7.5
2323,CHEMBL3593777,NC(=O)c1cnc2[nH]ccc2c1N[C@@H]3CCN(C[C@@H]3F)c4ccc(cn4)C#N,6.5
2329,CHEMBL3651966,C[C@@H]1C[C@H](N)C[C@@H](C1)c2ccncc2NC(=O)c3ccc(F)c(n3)c4c(F)cccc4F,5.39
2347,CHEMBL3787112,Nc1ncnc2c1c(cn2[C@@H]3C[C@H](CN4CCC4)C3)c5cccc(O)c5,6.64
2359,CHEMBL3800082,C[C@H](N1c2cc(ccc2C(=O)NC1(C)C)N3C(=O)Nc4ncccc34)c5ccccc5,7.0
2360,CHEMBL3798849,CC1(C)NC(=O)c2ccc(cc2N1Cc3cccnc3)N4C(=O)Nc5ncccc45,6.82
2368,CHEMBL3798713,CCN1c2cc(ccc2C(=O)NC1(C)C)c3c[nH]c4ncccc34,7.22
2369,CHEMBL3799237,CCN1c2cc(ccc2C(=O)NC1(C)C)c3c(C)n[nH]c3C,5.72
2370,CHEMBL3799887,CCN1c2cc(ccc2C(=O)NC1(C)C)c3c[nH]nc3C,6.62
2371,CHEMBL3798888,CCN1c2cc(ccc2C(=O)NC1(C)C)c3cn[nH]c3,6.03
