,molecule_chembl_id,canonical_smiles,pchembl_value
0,CHEMBL597286,CC(C)(C)C(=O)OCC1(CO)C\C(=C/CCCCCCCCCCCCCCC(=O)O)\C(=O)O1,7.53
1,CHEMBL295426,CC(C)C(CC(=O)OCC1(CO)CC(=C(C)C)C(=O)O1)C(C)C,7.53
2,CHEMBL519741,CCCC(CCC)C(=O)OCC1(CO)C\C(=C/c2cn(C)c3ccccc23)\C(=O)O1,7.53
3,CHEMBL368472,CCCCCCOC(=O)\C=C\[C@]1(CO)C\C(=C/CC(C(C)C)C(C)C)\C(=O)O1,7.53
4,CHEMBL289230,CC(C)C(CC(=O)OC[C@H](CO)OC(=O)CC(C(C)C)C(C)C)C(C)C,7.54
5,CHEMBL210725,CC(C)C(C\C=C\1/CC(CO)(COC(=O)c2ccccc2)OC1=O)C(C)C,7.55
6,CHEMBL206605,CC(C)CC(C\C=C/1\CCC(CO)(COC(=O)C(C)(C)C)OC1=O)CC(C)C,7.55
7,CHEMBL112401,CCCCCCCC\C=C/1\CC(CO)(COC(=O)c2ccc(cc2)c3ccccc3)OC1=O,7.55
8,CHEMBL94718,CCCCCCCC\C=C/CCCCCCC\C=C\1/CC(CO)(COC(=O)C)OC1=O,7.55
9,CHEMBL97661,CCCC\C=C/CCCCCCC\C=C\1/CC(CO)(COC(=O)C)OC1=O,7.55
10,CHEMBL440555,CCC\C=C\1/CC(CO)(COC(=O)CC(C(C)C)C(C)C)OC1=O,7.55
11,CHEMBL388978,CN[C@@H]1C[C@H]2O[C@@](C)([C@@H]1OC)n3c4ccccc4c5c6CNC(=O)c6c7c8ccccc8n2c7c35,7.55
12,CHEMBL540357,Br.NC(=N)SCCCn1cc(C2=C(Nc3ccccc3)C(=O)NC2=O)c4ccccc14,7.57
13,CHEMBL3393756,CCCCCC1CC1CC2CC2CCCCCCC\C=C\3/CC(CO)(COC(=O)C(C)(C)C)OC3=O,7.57
14,CHEMBL210432,CCCCCC\C=C\1/CC(CO)(COC(=O)CCCc2ccccc2)OC1=O,7.57
15,CHEMBL3393654,CCCCC\C=C\C\C=C\CCCCCCCC(=O)OCC1(CO)C\C(=C\CC(C)C)\C(=O)O1,7.58
16,CHEMBL111711,CCCCCCCC\C=C/1\CC(CO)(COC(=O)c2ccccc2)OC1=O,7.59
17,CHEMBL138352,CCCCCCCC\C=C/CCCCCCC\C=C\1/C[C@](CO)(OC1=O)\C=C\2/CCOC2=O,7.59
18,CHEMBL3393754,CCCCC\C=C/C\C=C/CCCCCCC\C=C\1/CC(CO)(COC(=O)C(C)(C)C)OC1=O,7.59
19,CHEMBL3393758,CCCCCCCCCCCCCCCCC\C=C/1\CC(=O)OC1(CO)COC(=O)C(C)(C)C,7.61
20,CHEMBL3393741,CCCCC\C=C\C\C=C\CCCCCCCC(=O)OCC1(CO)C\C(=C/CC(C)C)\C(=O)O1,7.61
21,CHEMBL321823,CCCCCCCC\C=C/CCCCCCC\C=C/1\CC(CO)(COC(=O)C)OC1=O,7.62
22,CHEMBL278654,CCCCCCC\C=C\CCCCCCC\C=C/1\CC(CO)(COC(=O)C)OC1=O,7.62
23,CHEMBL173516,CCC\C=C/1\CC(CO)(COC(=O)CC(C(C)C)C(C)C)OC1=O,7.62
24,CHEMBL208417,COc1cccc(c1)C(=O)OCC2(CO)C\C(=C\CC(C(C)C)C(C)C)\C(=O)O2,7.62
25,CHEMBL370130,CC(C)CC(C\C=C\1/CC(CO)(COC(=O)C(C)(C)C)OC1=S)CC(C)C,7.63
26,CHEMBL6453,CCCCCCCCC#Cc1ccc2N(C)[C@@H](C(C)C)C(=O)N[C@H](CO)Cc2c1,7.64
27,CHEMBL206786,COc1ccccc1C(=O)OCC2(CO)C\C(=C\CC(C(C)C)C(C)C)\C(=O)O2,7.64
28,CHEMBL442009,OCC1(COC(=O)c2ccc(cc2)c3ccccc3)C\C(=C\c4ccc(cc4)c5ccccc5)\C(=O)O1,7.64
29,CHEMBL209308,CC(C)C(CC(=O)OCC1(CO)C\C(=C/c2ccccc2O)\C(=O)O1)C(C)C,7.66
30,CHEMBL26501,CN(C)C[C@H]1CCn2c(C1)c(C3=C(C(=O)NC3=O)c4cn(C)c5ccccc45)c6ccccc26,7.66
31,CHEMBL265559,OC(=O)c1cccc(O)c1C(=O)c2c(O)cc(cc2O)C(=O)OC3CNCC3NC(=O)c4ccc(O)cc4,7.66
32,CHEMBL177635,OC(=O)c1cccc(O)c1C(=O)c2c(O)cc(cc2O)C(=O)OC3CNC[C@H]3NC(=O)c4ccc(O)cc4,7.66
33,CHEMBL59828,OC(=O)c1cccc(O)c1C(=O)c2c(O)cc(cc2O)C(=O)O[C@@H]3CNC[C@H]3NC(=O)c4ccc(O)cc4,7.66
34,CHEMBL422056,OC(=O)c1cccc(O)c1C(=O)c2c(O)cc(cc2O)C(=O)O[C@H]3CNCC3NC(=O)c4ccc(O)cc4,7.66
35,CHEMBL3581527,COC(=O)\C=C/1\C[C@H]2C[C@]3(O)O[C@H](C[C@@H](O)CC(=O)O[C@H](C)[C@H](O)C[C@@H]4C[C@@H]5CC(=O)O[C@@]5(O4)C(=O)C(C)(C)\C=C\[C@@H](C1)O2)C[C@H](OC(=O)C(C)(C)C)C3(C)C,7.67
36,CHEMBL492118,CC(=C1CC(CO)(COC(=O)CCOc2ccc(cc2)C#Cc3ccc(C)cc3)OC1=O)C,7.68
37,CHEMBL27266,CC(C)[C@@H]1N(C)c2cccc3[nH]cc(C[C@@H](CO)NC1=O)c23,7.68
38,CHEMBL52263,CCCCC1(CCCC)CC[C@H]2[C@H](C)C(=O)N[C@H](CO)C[C@]2(C)C1,7.68
39,CHEMBL110256,CCCCCCCCC\C=C/1\CC(CO)(COC(=O)c2ccccc2)OC1=O,7.69
40,CHEMBL139409,CCCCCCCC\C=C/CCCCCCCC\C=C\1/C[C@](CO)(OC1=O)\C=C\C(=O)OC,7.7
41,CHEMBL173130,CCCCCCC\C=C/CCCCCCC\C=C\1/C[C@](CO)(OC1=O)\C=C\C(=O)OC,7.7
42,CHEMBL268769,CN(C)CCCn1cc(C2=C(C(=O)NC2=O)c3cn(C)c4ccccc34)c5ccccc15,7.7
43,CHEMBL282159,CO[C@@H](CC[C@H](C)[C@H]1O[C@@]23CC(OC(=O)C[C@@H](OC(=O)C[C@](O)(O2)[C@H](C)CC3(C)C)[C@@H](C)O)[C@@H]1C)c4cccc(O)c4,7.7
44,CHEMBL308263,NC[C@@H]1C[C@@H](NC(=O)c2ccc(O)cc2)[C@@H](C1)OC(=O)c3cc(O)c(C(=O)c4c(O)cccc4C(=O)O)c(O)c3,7.7
45,CHEMBL67290,NC[C@@H]1C[C@H](NC(=O)c2ccc(O)cc2)[C@@H](C1)OC(=O)c3cc(O)c(C(=O)c4c(O)cccc4C(=O)O)c(O)c3,7.7
46,CHEMBL307708,NC[C@H]1C[C@@H](NC(=O)c2ccc(O)cc2)[C@@H](C1)OC(=O)c3cc(O)c(C(=O)c4c(O)cccc4C(=O)O)c(O)c3,7.7
47,CHEMBL421866,NC[C@H]1C[C@H](NC(=O)c2ccc(O)cc2)[C@@H](C1)OC(=O)c3cc(O)c(C(=O)c4c(O)cccc4C(=O)O)c(O)c3,7.7
48,CHEMBL432168,N[C@@H]1C[C@@H](NC(=O)c2ccc(O)cc2)[C@@H](C1)OC(=O)c3cc(O)c(C(=O)c4c(O)cccc4C(=O)O)c(O)c3,7.7
49,CHEMBL417051,N[C@@H]1C[C@H](NC(=O)c2ccc(O)cc2)[C@@H](C1)OC(=O)c3cc(O)c(C(=O)c4c(O)cccc4C(=O)O)c(O)c3,7.7
50,CHEMBL489520,CC(=C1CC(CO)(COC(=O)CCCOc2ccc(cc2)C#Cc3ccc(C)cc3)OC1=O)C,7.71
51,CHEMBL380645,CC(C)C(CC(=O)OCC1(CO)C\C(=C/c2ccc(O)cc2)\C(=O)O1)C(C)C,7.72
52,CHEMBL170464,CCCC(=O)OCC1(CO)C\C(=C\CC(C(C)C)C(C)C)\C(=O)O1,7.72
53,CHEMBL109354,CCCCCCCCC\C=C/1\CC(CO)(COC(=O)c2ccc(cc2)c3ccccc3)OC1=O,7.72
54,CHEMBL344379,CCCCCCCC\C=C/CCCCCCC\C=C/1\C[C@](CO)(OC1=O)\C=C\2/CCOC2=O,7.72
55,CHEMBL1162941,CC(=C1CC(CO)(COC(=O)c2ccc(cc2)C#Cc3ccc(cc3)C#Cc4ccc(OCCOCCOCCOC(=O)N(CC(=O)OC(C)(C)C)CC(=O)OC(C)(C)C)cc4)OC1=O)C,7.74
56,CHEMBL204134,CC(C)CC(C\C=C/1\CC(CO)(OC1=O)\C=C\C(=O)OC(C)(C)C)CC(C)C,7.75
57,CHEMBL3289011,CCCC(CCC)C(=O)OCC1(CO)C\C(=C/c2cccc3c2ccn3C)\C(=O)O1,7.75
58,CHEMBL377690,CCCCCCC\C=C\1/CC(CO)(COC(=O)CCc2ccccc2)OC1=O,7.75
59,CHEMBL209938,COc1ccc(cc1)C(=O)OCC2(CO)C\C(=C\CC(C(C)C)C(C)C)\C(=O)O2,7.75
60,CHEMBL348378,CC(C)[C@@H]1N(C)c2cccc3occ(C[C@@H](CO)NC1=O)c23,7.76
61,CHEMBL27768,CCCC(=O)O[C@@H]1[C@@H](C)[C@@]2(O)[C@@H](C=C(CO)C[C@@]3(O)[C@H]2C=C(C)C3=O)[C@@H]4C(C)(C)[C@]14OC(=O)CCC,7.76
62,CHEMBL206889,CC(C)C(CC(=O)OCC1(CO)C\C(=C/c2cccc(O)c2)\C(=O)O1)C(C)C,7.77
63,CHEMBL209830,CCCCCC\C=C/1\CC(CO)(COC(=O)CCCc2ccccc2)OC1=O,7.77
64,CHEMBL50717,CCCC[C@H]1[C@@H]2CCC(CCCC)(CCCC)C[C@@]2(C)C[C@@H](CO)NC1=O,7.77
65,CHEMBL3393744,CCCCCC1OC1CC2OC2CCCCCCCC(=O)OCC3(CO)C\C(=C\CC(C)C)\C(=O)O3,7.78
66,CHEMBL380661,CC(C)CC(C\C=C\1/CC(CO)(COC(=O)c2ccccc2)OC1=O)CC(C)C,7.79
67,CHEMBL522428,CC(=C1CC(CO)(COC(=O)c2ccc(cc2)C#Cc3ccc(C)cc3)OC1=O)C,7.8
68,CHEMBL210495,CC(C)C(C\C=C/1\CC(CO)(COC(=O)c2ccccc2)OC1=O)C(C)C,7.8
69,CHEMBL333240,CC(C)[C@@H]1N(C)c2ccc(NC(=O)\C=C\C=C\c3ccccc3)cc2C[C@@H](CO)NC1=O,7.8
70,CHEMBL413585,CCCCCCCCCC(=O)OCC1(CO)CC(=C(C)C)C(=O)O1,7.8
71,CHEMBL221289,COC(=O)COc1ccc(cc1)C#Cc2ccc(cc2)C#Cc3ccc(cc3)C(=O)OCC4(CO)CC(=C(C)C)C(=O)O4,7.8
72,CHEMBL379822,COc1ccccc1\C=C\2/CC(CO)(COC(=O)CC(C(C)C)C(C)C)OC2=O,7.8
73,CHEMBL597697,CC(C)(C)C(=O)OCC1(CO)C\C(=C/CCCCCCCCCCCCCCCN=[N+]=[N-])\C(=O)O1,7.81
74,CHEMBL3393748,CC(C)C\C=C\1/CC(CO)(COC(=O)CC(CC(C)C)CC(C)C)OC1=O,7.81
75,CHEMBL3393742,CCCCCC1CC1CC2CC2CCCCCCCC(=O)OCC3(CO)C\C(=C\CC(C)C)\C(=O)O3,7.81
76,CHEMBL291104,CC(C)C\C=C/1\CC(CO)(COC(=O)CC(C(C)C)C(C)C)OC1=O,7.82
77,CHEMBL39488,CC(C)C\C=C\1/CC(CO)(COC(=O)CC(C(C)C)C(C)C)OC1=O,7.82
78,CHEMBL566853,CN(C)CCOc1cccc(c1)C2=C(C(=O)NC2=O)c3c[nH]c4ccccc34,7.82
79,CHEMBL2148107,C[C@@H]1CC(C)(C)[C@@]23C[C@@H](C[C@@H](CCCCc4cccc(O)c4)O2)OC(=O)C[C@H](CO)OC(=O)C[C@@H]1O3,7.82
80,CHEMBL488667,CC(C)CC(CC(C)C)C(=O)OCC1(CO)C\C(=C/c2cn(C)c3ccccc23)\C(=O)O1,7.83
81,CHEMBL596827,CC(C)(C)C(=O)OCC1(CO)C\C(=C/CCCCCCCCCCCO)\C(=O)O1,7.84
82,CHEMBL209779,CC(C)C(CC(=O)OCC1(CO)C\C(=C/Cc2ccccc2)\C(=O)O1)C(C)C,7.85
83,CHEMBL209140,CCCCCCCCC\C=C\1/CC(CO)(COC(=O)c2ccccc2)OC1=O,7.85
84,CHEMBL209013,CCCCCCC\C=C/1\CC(CO)(COC(=O)CCc2ccccc2)OC1=O,7.85
85,CHEMBL112543,OCC1(COC(=O)c2ccccc2)C\C(=C\c3ccc(cc3)c4ccccc4)\C(=O)O1,7.85
86,CHEMBL265998,CCCC(=O)O[C@@H]1[C@@H](C)[C@]2(O)[C@@H]3C=C(C)C(=O)[C@H]3CC(=C[C@H]2[C@@H]4C(C)(C)[C@]14OC(=O)CCC)CO,7.86
87,CHEMBL488872,CCCC(CCC)C(=O)OCC1(CO)C\C(=C/c2cnc3ccccc3c2)\C(=O)O1,7.86
88,CHEMBL3581528,CCCCCCCC(=O)O[C@H]1\C(=C\C(=O)OC)\C[C@H]2C[C@@H](O)[C@@H](C)OC(=O)C[C@H](O)C[C@@H]3C[C@H](OC(=O)C)C(C)(C)[C@](O)(CCOC(=O)\C=C\C(C)(C)[C@]1(O)O2)O3,7.86
89,CHEMBL3393745,CCCCCC1OC1CC2OC2CCCCCCCC(=O)OCC3(CO)C\C(=C/CC(C)C)\C(=O)O3,7.88
90,CHEMBL1650951,CC(C)(O)C(=O)N1CCN(CC1)c2ccc(c(c2)C3=C(C(=O)NC3=O)c4c[nH]c5ccccc45)C(F)(F)F,7.89
91,CHEMBL3289014,CCCC(CCC)C(=O)OCC1(CO)C\C(=C/c2cccc3ccn(C)c23)\C(=O)O1,7.89
92,CHEMBL107614,CCCCCCCCC\C=C/1\CC(CO)(COC(=O)CC(C(C)C)C(C)C)OC1=O,7.89
93,CHEMBL108479,CCCCCCCCC\C=C/1\CC(CO)(COC(=O)CC(C)C)OC1=O,7.89
94,CHEMBL138351,CCCCCCCC\C=C/CCCCCCCC\C=C\1/C[C@@](CO)(COC(=O)C)OC1=O,7.89
95,CHEMBL119303,CCCCCCCC\C=C/CCCCCCC\C=C\1/C[C@@](CO)(COC(=O)C)OC1=O,7.89
96,CHEMBL123159,CC(C)[C@@H]1N(C)c2ccc(NC(=O)CCCCc3ccc(cc3)C(F)(F)F)cc2C[C@@H](CO)NC1=O,7.9
97,CHEMBL3393749,CCCCCCCCC#CCCCCCCCC(=O)OCC1(CO)C\C(=C\CC(C)C)\C(=O)O1,7.9
98,CHEMBL378783,CC(C)C(CC(=O)OCC1(CO)C\C(=C/c2ccccc2)\C(=O)O1)C(C)C,7.92
99,CHEMBL331344,CC(C)[C@@H]1N(C)c2ccc(NC(=O)\C=C\C=C\c3ccc(cc3)C(F)(F)F)cc2C[C@@H](CO)NC1=O,7.92
100,CHEMBL172715,CCCCCC(=O)OCC1(CO)C\C(=C\C=C(C(C)C)C(C)C)\C(=O)O1,7.92
101,CHEMBL342430,CCCCCCCC\C=C/CCCCCCCC\C=C/1\C[C@@](CO)(COC(=O)C)OC1=O,7.92
102,CHEMBL116029,CCCCCCCC\C=C/CCCCCCC\C=C/1\C[C@@](CO)(COC(=O)C)OC1=O,7.92
103,CHEMBL377577,COc1cccc(\C=C\2/CC(CO)(COC(=O)CC(C(C)C)C(C)C)OC2=O)c1,7.92
104,CHEMBL223570,CC(=C1CC(CO)(COC(=O)c2ccc(cc2)C#Cc3ccc(cc3)C#Cc4ccc(cc4)C#C)OC1=O)C,7.94
105,CHEMBL597082,CC(C)(C)C(=O)OCC1(CO)C\C(=C\CCCCCCCCCCCCCCC=O)\C(=O)O1,7.94
106,CHEMBL136760,CC(C)C(C\C=C\1/CC(CO)(COC(=O)C(C)(C)C)OC1=O)C(C)C,7.95
107,CHEMBL123355,CC(C)[C@@H]1N(C)c2ccc(NC(=O)\C=C\C=C\c3ccc(\C=C\C(F)(F)C(F)(F)C(F)(F)C(F)(F)C(F)(F)C(F)(F)F)cc3)cc2C[C@@H](CO)NC1=O,7.95
108,CHEMBL38724,CC(C)CC(=O)OCC1(CO)C\C(=C\CC(C(C)C)C(C)C)\C(=O)O1,7.96
109,CHEMBL2151413,CC(C)n1cc(C2=C(C(=O)NC2=O)c3nc(nc4ccccc34)N5CCN(C)CC5)c6ccccc16,7.96
110,CHEMBL367682,CCCCCC(=O)OCC1(CO)C\C(=C/CC(C(C)C)C(C)C)\C(=O)O1,7.96
111,CHEMBL51313,CCCCCCCC[C@H]1[C@@H]2CCC(CCCC)(CCCC)C[C@@]2(C)C[C@@H](CO)NC1=O,7.96
112,CHEMBL422468,CCCCCCCC\C=C/CCCCCCCC\C=C/1\C[C@](CO)(OC1=O)\C=C\C(=O)OC,7.96
113,CHEMBL170120,CCCCCCCC\C=C/CCCCCCC\C=C/1\C[C@](CO)(OC1=O)\C=C\C(=O)OC,7.96
114,CHEMBL359486,CN(C)CCCn1nc(C2=C(C(=O)NC2=O)c3cn(c4cnc5ccccc5c4)c6ccccc36)c7ccccc17,7.96
115,CHEMBL597696,CC(C)(C)C(=O)OCCCCCCCCCCCCCCC\C=C\1/CC(CO)(COC(=O)C(C)(C)C)OC1=O,7.98
116,CHEMBL599273,CC(C)(C)C(=O)OCC1(CO)C\C(=C/CCCCCCCOC2CCCC2)\C(=O)O1,7.99
117,CHEMBL3393743,CCCCCC1CC1CC2CC2CCCCCCCC(=O)OCC3(CO)C\C(=C/CC(C)C)\C(=O)O3,7.99
118,CHEMBL380039,CC(C)C(C\C=C\1/CC(CO)(COC(=O)C2CCCCC2)OC1=O)C(C)C,8.0
119,CHEMBL2046649,CC(C)C[C@H]1CN(CCN1)c2ccc(c3ccccc3)c(n2)C(=O)c4cccnc4N,8.0
120,CHEMBL7463,CN(C)CCCn1cc(C2=C(C(=O)NC2=O)c3c[nH]c4ccccc34)c5ccccc15,8.0
121,CHEMBL75661,OC[C@H]1C[C@@H](NC(=O)c2ccc(O)cc2)[C@@H](C1)OC(=O)c3cc(O)c(C(=O)c4c(O)cccc4C(=O)O)c(O)c3,8.0
122,CHEMBL306427,OC[C@H]1C[C@H](NC(=O)c2ccc(O)cc2)[C@@H](C1)OC(=O)c3cc(O)c(C(=O)c4c(O)cccc4C(=O)O)c(O)c3,8.0
123,CHEMBL3393751,CCCCCCC#CC#CCCCCCCCC(=O)OCC1(CO)C\C(=C\CC(C)C)\C(=O)O1,8.01
124,CHEMBL369061,CCCCCCCCC\C=C\1/CC(CO)(COC(=O)CC(C(C)C)C(C)C)OC1=O,8.02
125,CHEMBL597893,CC(=O)OCCCCCCCCCCCCCCC\C=C\1/CC(CO)(COC(=O)C(C)(C)C)OC1=O,8.03
126,CHEMBL123244,CC(C)[C@@H]1N(C)c2ccc(NC(=O)CCCCc3ccc(CCC(F)(F)C(F)(F)C(F)(F)C(F)(F)C(F)(F)C(F)(F)F)cc3)cc2C[C@@H](CO)NC1=O,8.04
127,CHEMBL2151410,CN1CCN(CC1)c2nc(C3=C(C(=O)NC3=O)c4c[nH]c5c(Cl)cccc45)c6ccccc6n2,8.04
128,CHEMBL210666,CC(C)C(CC(=O)OCC1(CO)C\C(=C/CCc2ccccc2)\C(=O)O1)C(C)C,8.05
129,CHEMBL379945,CCCCCCCCC\C=C\1/CC(CO)(COC(=O)C2CCCCC2)OC1=O,8.05
130,CHEMBL3393750,CCCCCCCCC#CCCCCCCCC(=O)OCC1(CO)C\C(=C/CC(C)C)\C(=O)O1,8.06
131,CHEMBL2151409,CN1CCN(CC1)c2nc(C3=C(C(=O)NC3=O)c4c[nH]c5cc(Cl)ccc45)c6ccccc6n2,8.07
132,CHEMBL597826,CC(=O)NCCCCCCCCCCCCCCC\C=C\1/CC(CO)(COC(=O)C(C)(C)C)OC1=O,8.08
133,CHEMBL596829,CC(C)(C)C(=O)OCC1(CO)C\C(=C\CCCCCCCCCCCCCCCO)\C(=O)O1,8.08
134,CHEMBL137701,CC(C)C(C\C=C/1\CC(CO)(COC(=O)C(C)(C)C)OC1=O)C(C)C,8.08
135,CHEMBL137386,CC(C)CC(C\C=C\1/CC(CO)(COC(=O)C(C)(C)C)OC1=O)CC(C)C,8.08
136,CHEMBL3289012,CCCC(CCC)C(=O)OCC1(CO)C\C(=C/c2ccc3c(ccn3C)c2)\C(=O)O1,8.08
137,CHEMBL173821,CCCCCC(=O)OCC1(CO)C\C(=C/C=C(C(C)C)C(C)C)\C(=O)O1,8.08
138,CHEMBL3393752,CCCCCCC#CC#CCCCCCCCC(=O)OCC1(CO)C\C(=C/CC(C)C)\C(=O)O1,8.08
139,CHEMBL2151408,CN1CCN(CC1)c2nc(C3=C(C(=O)NC3=O)c4c[nH]c5ccc(Cl)cc45)c6ccccc6n2,8.08
140,CHEMBL597633,CCCCCOCCCCCCC\C=C\1/CC(CO)(COC(=O)C(C)(C)C)OC1=O,8.09
141,CHEMBL598453,COCCCCCCCCCCC\C=C\1/CC(CO)(COC(=O)C(C)(C)C)OC1=O,8.09
142,CHEMBL597491,CC(C)(C)C(=O)OCC1(CO)C\C(=C/CCCCCCCCCCCCCCCOC=O)\C(=O)O1,8.1
143,CHEMBL208618,CC(C)C(C\C=C/1\CC(CO)(COC(=O)C2CCCCC2)OC1=O)C(C)C,8.1
144,CHEMBL604180,CC(C)CCOCCCCCCC\C=C\1/CC(CO)(COC(=O)C(C)(C)C)OC1=O,8.11
145,CHEMBL333323,CC(C)[C@@H]1N(C)c2ccc(NC(=O)CCCCc3cc(cc(c3)C(F)(F)F)C(F)(F)F)cc2C[C@@H](CO)NC1=O,8.11
146,CHEMBL598861,CCCCCCCCCCCCC\C=C\1/CC(CO)(COC(=O)C(C)(C)C)OC1=O,8.11
147,CHEMBL3289013,CCCC(CCC)C(=O)OCC1(CO)C\C(=C/c2ccc3ccn(C)c3c2)\C(=O)O1,8.13
148,CHEMBL599274,CCCCCCCCCOCCC\C=C\1/CC(CO)(COC(=O)C(C)(C)C)OC1=O,8.13
149,CHEMBL2153752,CN1CCN(CC1)c2nc(C3=C(C(=O)NC3=O)c4c[nH]c5ccccc45)c6cc(C)ccc6n2,8.13
150,CHEMBL425676,CCCCC\C=C/1\CC(CO)(COC(=O)CC(C(C)C)C(C)C)OC1=O,8.14
151,CHEMBL3393753,CCCCC\C=C/C\C=C/CCCCCCC\C=C/1\CC(CO)(COC(=O)C(C)(C)C)OC1=O,8.14
152,CHEMBL608439,CCCCCCCCCCCCC\C=C/1\CC(CO)(COC(=O)C(C)(C)C)OC1=O,8.15
153,CHEMBL585500,CN1CCN(CC1)c2cccc(c2)C3=C(C(=O)NC3=O)c4c[nH]c5ccccc45,8.15
154,CHEMBL137597,CC(C)CC(C\C=C/1\CC(CO)(COC(=O)CC(C(C)C)C(C)C)OC1=O)CC(C)C,8.16
155,CHEMBL203607,CC(C)CC(C\C=C/1\CC(CO)(COC(=O)CC(CC(C)C)CC(C)C)OC1=O)CC(C)C,8.16
156,CHEMBL209666,COc1ccc(\C=C\2/CC(CO)(COC(=O)CC(C(C)C)C(C)C)OC2=O)cc1,8.16
157,CHEMBL597490,COC(=O)CCCCCCCCCCCCCC\C=C\1/CC(CO)(COC(=O)C(C)(C)C)OC1=O,8.17
158,CHEMBL382784,CC(C)CC(C\C=C/1\CC(CO)(COC(=O)c2ccccc2)OC1=O)CC(C)C,8.18
159,CHEMBL171577,CCCCCCCCCC(=O)OCC1(CO)C\C(=C/CC(C(C)C)C(C)C)\C(=O)O1,8.18
160,CHEMBL596828,CC(C)(C)C(=O)OCC1(CO)C\C(=C/CCCCCCCCCCCCCCCO)\C(=O)O1,8.19
161,CHEMBL279115,CCCCCCCCCCCCCC(=O)O[C@@H]1[C@@H](C)[C@@]2(O)[C@@H](C=C(CO)C[C@@]3(O)[C@H]2C=C(C)C3=O)[C@@H]4C(C)(C)[C@]14OC(=O)C,8.19
162,CHEMBL2151412,CN1CCN(CC1)c2nc(C3=C(C(=O)NC3=O)c4cn(C)c5ccccc45)c6ccccc6n2,8.19
163,CHEMBL603450,CC(C)(C)C(=O)OCC1(CO)C\C(=C/CCCCCCCCCCCCCCC=O)\C(=O)O1,8.2
164,CHEMBL203521,CCCCCC(=O)OCC1(CO)C\C(=C/CC(CC(C)C)CC(C)C)\C(=O)O1,8.21
165,CHEMBL383708,CCCCCCCC(=O)OCC1(CO)C\C(=C/CC(CC(C)C)CC(C)C)\C(=O)O1,8.22
166,CHEMBL368346,CCCCCC(=O)OCC1(CO)C\C(=C\CC(C(C)C)C(C)C)\C(=O)O1,8.23
167,CHEMBL3085533,CCCCCCCC(=O)OC[C@]1(CO)C\C(=C/CC(C(C)C)C(C)C)\C(=O)O1,8.23
168,CHEMBL221332,COc1ccc(cc1)C#Cc2ccc(cc2)C#Cc3ccc(cc3)C(=O)OCC4(CO)CC(=C(C)C)C(=O)O4,8.23
169,CHEMBL399981,CCCCCCn1cc2C[C@@H](CO)NC(=O)[C@H](C(C)C)N(C)c3cccc1c23,8.24
170,CHEMBL330952,CC(C)[C@@H]1N(C)c2ccc(NC(=O)\C=C\C=C\c3cc(cc(c3)C(F)(F)F)C(F)(F)F)cc2C[C@@H](CO)NC1=O,8.25
171,CHEMBL172433,CCCCC\C=C\1/CC(CO)(COC(=O)CC(C(C)C)C(C)C)OC1=O,8.26
172,CHEMBL94505,CC(C)CC(C\C=C/1\CC(CO)(CN(O)C(=O)C(C)(C)C)OC1=O)CC(C)C,8.27
173,CHEMBL223747,CC(=C1CC(CO)(COC(=O)c2ccc(cc2)C#Cc3ccc(cc3)C#C)OC1=O)C,8.28
174,CHEMBL206332,CCCCCCCC(=O)OCC1(CO)C\C(=C\CC(CC(C)C)CC(C)C)\C(=O)O1,8.3
175,CHEMBL210746,CCCCCCCCC\C=C/1\CC(CO)(COC(=O)C2CCCCC2)OC1=O,8.3
176,CHEMBL597632,COCCCCCCCCCCCCCCC\C=C/1\CC(CO)(COC(=O)C(C)(C)C)OC1=O,8.3
177,CHEMBL135779,CC(C)CC(C\C=C\1/CC(CO)(CN(O)C(=O)C(C)(C)C)OC1=O)CC(C)C,8.32
178,CHEMBL230048,CC(C)C\C=C/1\CC(CO)(COC(=O)CC(CC(C)C)CC(C)C)OC1=O,8.32
179,CHEMBL505767,COC(=O)\C=C/1\C[C@H]2C[C@]3(O)O[C@H](C[C@@H](O)CC(=O)O[C@H](C[C@@H]4C\C(=C\C(=O)OC)\C[C@@](O)(O4)C(C)(C)\C=C\[C@@H](C1)O2)[C@@H](C)O)C[C@H](OC(=O)C(C)(C)C)C3(C)C,8.32
180,CHEMBL2148108,C[C@@H]1[C@@H](CCCCc2cccc(O)c2)O[C@]34C[C@@H]1OC(=O)C[C@H](CO)OC(=O)C[C@@H](CCC3(C)C)O4,8.33
181,CHEMBL530110,CC(C)CC(CC(C)C)C(=O)OCC1(CO)C\C(=C/c2ccccn2)\C(=O)O1,8.34
182,CHEMBL138171,CC(C)CC(C\C=C\1/CC(CO)(COC(=O)CC(C(C)C)C(C)C)OC1=O)CC(C)C,8.35
183,CHEMBL2153755,CN1CCN(CC1)c2nc(C3=C(C(=O)NC3=O)c4c[nH]c5ccccc45)c6ccc(F)cc6n2,8.35
184,CHEMBL598454,COCCCCCCCCCCCCCCC\C=C\1/CC(CO)(COC(=O)C(C)(C)C)OC1=O,8.36
185,CHEMBL383615,CCCCCC(=O)OCC1(CO)C\C(=C\CC(CC(C)C)CC(C)C)\C(=O)O1,8.42
186,CHEMBL302449,Cn1c2ccccc2c3c4C(=O)NCc4c5c6ccccc6n(CCC#N)c5c13,8.43
187,CHEMBL2153747,CN1CCN(CC1)c2cc(C3=C(C(=O)NC3=O)c4c[nH]c5ccccc45)c6ccccc6n2,8.44
188,CHEMBL2153749,CN1CCN(CC1)c2nc(C3=C(C(=O)NC3=O)c4c[nH]c5ccccc45)c6c(C)cccc6n2,8.44
189,CHEMBL3085534,CCCCCCCC(=O)OC[C@]1(CO)C\C(=C\CC(C(C)C)C(C)C)\C(=O)O1,8.46
190,CHEMBL355787,CCCCCCOC(=O)\C=C\[C@]1(CO)C\C(=C\CC(C(C)C)C(C)C)\C(=O)O1,8.46
191,CHEMBL596818,CCCCCCCCCOCCCCCCC\C=C\1/CC(CO)(COC(=O)C(C)(C)C)OC1=O,8.5
192,CHEMBL290876,CC(C)C(C\C=C/1\CC(CO)(COC(=O)CC(C(C)C)C(C)C)OC1=O)C(C)C,8.54
193,CHEMBL96766,CC(C)CC(C\C=C/1\CC(CO)(COC(=O)C(C)(C)C)OC1=O)CC(C)C,8.54
194,CHEMBL597015,CC(C)CC(C\C=C/1\CC(O)(COC(=O)C(C)(C)C)OC1=O)CC(C)C,8.54
195,CHEMBL108145,CC(C)C\C=C/1\CC(CO)(COC(=O)CC(C)C)OC1=O,8.54
196,CHEMBL137288,CC(C)C(C\C=C\1/CC(CO)(COC(=O)CC(C(C)C)C(C)C)OC1=O)C(C)C,8.57
197,CHEMBL111625,CCCCCCCCCC(=O)OCC1(CO)C\C(=C\CC(C(C)C)C(C)C)\C(=O)O1,8.64
198,CHEMBL110779,CCCCCCCCCC(=O)OCC1(CO)C\C(=C\CC(C)C)\C(=O)O1,8.64
199,CHEMBL565632,CN(C)CCOc1cc(C2=C(C(=O)NC2=O)c3c[nH]c4ccccc34)c5ccccc5c1,8.66
200,CHEMBL565612,CN1CCN(CC1)c2nc(C3=C(C(=O)NC3=O)c4c[nH]c5ccccc45)c6ccccc6n2,8.68
201,CHEMBL109630,CCCCCCCC\C=C/1\CC(OC1=O)[C@H](CO)OC(=O)CCCCCCCC,8.76
202,CHEMBL2153751,CN1CCN(CC1)c2nc(C3=C(C(=O)NC3=O)c4c[nH]c5ccccc45)c6cc(Cl)ccc6n2,8.77
203,CHEMBL501262,COC(=O)\C=C/1\C[C@H]2C[C@]3(O)O[C@H](C[C@@H](O)CC(=O)O[C@H](C[C@@H]4C\C(=C/C(=O)OC)\C[C@@](O)(O4)C(C)(C)\C=C\[C@@H](C1)O2)[C@@H](C)O)C[C@H](OC(=O)C(C)(C)C)C3(C)C,8.81
204,CHEMBL203524,CC(C)CC(C\C=C/1\C[C@@](CO)(COC(=O)C(C)(C)C)OC1=O)CC(C)C,8.84
205,CHEMBL2153748,CN1CCN(CC1)c2cc3ccccc3c(n2)C4=C(C(=O)NC4=O)c5c[nH]c6ccccc56,8.85
206,CHEMBL2151415,Cn1cc(C2=C(C(=O)NC2=O)c3nc(nc4ccccc34)N5CCNCC5)c6ccccc16,8.85
207,CHEMBL108303,CCCCCCCC\C=C\1/CC(OC1=O)[C@H](CO)OC(=O)CCCCCCCC,8.92
208,CHEMBL2153750,CN1CCN(CC1)c2nc(C3=C(C(=O)NC3=O)c4c[nH]c5ccccc45)c6cc(F)ccc6n2,9.0
209,CHEMBL2418196,C[C@@H](O)[C@H]1CC(=O)O[C@H]2C[C@]3(O[C@H]([C@@H](C)CCCc4cccc(O)c4)[C@H]2C)O[C@@](O)(CC(=O)O1)[C@H](C)CC3(C)C,9.0
210,CHEMBL2347053,[O-][N+](=O)c1ccccc1c2n[nH]cc2\C=C\3/C(=O)Nc4ccccc34,9.01
211,CHEMBL337834,CC(C)[C@@H]1N(C)c2ccc(NC(=O)CCCCCCCCCCCCC(=O)Nc3ccc4C[C@@H](CO)NC(=O)[C@H](C(C)C)N(C)c4c3)cc2C[C@@H](CO)NC1=O,9.03
212,CHEMBL568580,CN1CCN(CC1)c2cc(C3=C(C(=O)NC3=O)c4c[nH]c5ccccc45)c6ccccc6c2,9.05
213,CHEMBL346228,CCCCC(=O)O[C@@H]1[C@@H](C)[C@@]2(O)[C@@H](C=C(CO)C[C@@]3(O)[C@H]2C=C(C)C3=O)[C@@H]4C(C)(C)[C@]14OC(=O)CCCC,9.27
214,CHEMBL285801,CCCCCCCCc1ccc2N(C)[C@@H](C(C)C)C(=O)N[C@H](CO)Cc3c[nH]c1c23,9.3
215,CHEMBL1996510,O=C1NC(=O)C(=C1c2c[nH]c3ccccc23)c4nc(nc5ccccc45)N6CCNCC6,9.3
216,CHEMBL449158,CCC\C=C\C=C\C(=O)O[C@H]1\C(=C\C(=O)OC)\C[C@H]2C[C@@H](OC(=O)C[C@H](O)C[C@@H]3C[C@H](OC(=O)C)C(C)(C)[C@](O)(C[C@@H]4C\C(=C\C(=O)OC)\C[C@@H](O4)\C=C\C(C)(C)[C@]1(O)O2)O3)[C@@H](C)O,9.32
217,CHEMBL2151411,CN1CCN(CC1)c2nc(C3=C(C(=O)NC3=O)c4c[nH]c5c(C)cccc45)c6ccccc6n2,9.4
218,CHEMBL1256416,CO[C@@H](CC[C@H](C)[C@H]1O[C@@]23C[C@H](OC(=O)C[C@@H](OC(=O)C[C@](O)(O2)[C@H](C)CC3(C)C)[C@@H](C)O)[C@@H]1C)c4cc(O)ccc4Br,9.4
219,CHEMBL2148106,CO[C@@H](CC[C@H](C)[C@H]1O[C@@]23C[C@H](OC(=O)C[C@@H](OC(=O)C[C@](O)(O2)[C@H](C)CC3(C)C)[C@@H](C)O)[C@@H]1C)c4cccc(O)c4,9.59
220,CHEMBL46094,C[C@@H]1C[C@@H]2[C@H]([C@@H]3C=C(CO)[C@@H](O)[C@]4(O)[C@@H](OC(=O)c5ccccc5)C(=CC14C3=O)C)C2(C)C,9.85
