,molecule_chembl_id,canonical_smiles,pchembl_value
0,ruboxistaurin,[H][C@@]1(CN(C)C)CCN2C=C(C3=CC=CC=C23)C2=C(C(=O)NC2=O)C2=CN(CCO1)C1=CC=CC=C21,8.33
1,CHEMBL3662902,C[C@@H]1CN([C@@H](C)CN1CC2CCOCC2)C(=O)N3Cc4c(NC(=O)c5cc(on5)C6CC6)n[nH]c4C3(C)C,7.53
2,CHEMBL3662843,C[C@H]1CN2CCC[C@@]2(C)CN1C(=O)N3Cc4c(NC(=O)c5ccc(F)cn5)n[nH]c4C3(C)C,7.53
3,CHEMBL3662739,CC1(C)N(Cc2c(NC(=O)c3ccc4ccncc4n3)n[nH]c12)C(=O)N5C[C@@H]6CCCN6C[C@@H]5Cc7ccccc7,7.54
4,CHEMBL3662737,CC1(C)N(Cc2c(NC(=O)c3cccc(Cl)c3)n[nH]c12)C(=O)N4CCN5CCCC5C4,7.54
5,CHEMBL3662873,CCN1C[C@H](C)N(C[C@H]1C)C(=O)N2Cc3c(NC(=O)c4cnccn4)n[nH]c3C2(C)C,7.54
6,CHEMBL360304,CN(C)CCCn1nc(C2=C(C(=O)NC2=O)c3cn(c4cccc5ccccc45)c6ccccc36)c7ccccc17,7.54
7,CHEMBL3667493,C[C@@H]1CN([C@@H](C)CN1C)C(=O)N2Cc3c(NC(=O)c4ccc(cn4)C#N)n[nH]c3C2(C)C,7.54
8,CHEMBL3658622,C[C@H]1CN2CCC[C@H]2CN1C(=O)N3Cc4c(CC(=O)c5ccccn5)n[nH]c4C3(C)C,7.54
9,CHEMBL3662889,C[C@H]1CN2CCC[C@H]2CN1C(=O)N3Cc4c(NC(=O)c5oc(C)nc5C)n[nH]c4C3(C)C,7.54
10,CHEMBL184649,CN(C)CCn1cc(C2=C(Nc3ccccc3)C(=O)NC2=O)c4ccccc14,7.55
11,CHEMBL3662806,C[C@H]1CN(C)CCN1C(=O)N2Cc3c(NC(=O)c4ccccn4)n[nH]c3C2(C)C,7.55
12,CHEMBL292495,OC[C@@H]1CCn2cc(C3=C(C(=O)NC3=O)c4cn(CCO1)c5ccccc45)c6ccccc26,7.55
13,CHEMBL3662729,CC1(C)N(Cc2c(NC(=O)c3ccc4ccccc4n3)n[nH]c12)C(=O)N5C[C@@H]6CCCN6C[C@@H]5Cc7ccccc7,7.56
14,CHEMBL3662934,CCn1ccc(n1)C(=O)Nc2n[nH]c3c2CN(C(=O)N4CCN(CC5CCOCC5)C[C@@H]4C)C3(C)C,7.57
15,CHEMBL103628,CN1CCN(C)CCn2cc(C3=C(C(=O)NC3=O)c4cn(CCN(C)CC1)c5ccccc45)c6ccccc26,7.57
16,CHEMBL105477,CN1CCOCCN(C)CCn2cc(C3=C(C(=O)NC3=O)c4cn(CC1)c5ccccc45)c6ccccc26,7.57
17,CHEMBL3662845,C[C@@H]1CN([C@@H](C)CN1C)C(=O)N2Cc3c(NC(=O)c4cc(on4)C5CC5)n[nH]c3C2(C)C,7.57
18,CHEMBL3662910,CCc1onc(c1)C(=O)Nc2n[nH]c3c2CN(C(=O)N4C[C@@H](C)N(CC5CCOCC5)C[C@@H]4C)C3(C)C,7.58
19,CHEMBL3662924,C[C@H]1CN(CC2CCOCC2)CCN1C(=O)N3Cc4c(NC(=O)c5ccc(C)cn5)n[nH]c4C3(C)C,7.58
20,CHEMBL301860,CC(C)N1CCC(CC1)n2cc(C3=C(C(=O)NC3=O)c4cn(C)c5ccccc45)c6ccccc26,7.59
21,CHEMBL3662877,CCc1oc(C(=O)Nc2n[nH]c3c2CN(C(=O)N4C[C@@H](C)N(C)C[C@@H]4C)C3(C)C)c(C)n1,7.59
22,CHEMBL3662907,C[C@@H]1CN([C@@H](C)CN1CC2CCOCC2)C(=O)N3Cc4c(NC(=O)c5ccn(C)n5)n[nH]c4C3(C)C,7.59
23,CHEMBL3662940,C[C@H]1CN(CC2CCOCC2)CCN1C(=O)N3Cc4c(NC(=O)c5cccc(c5)C#N)n[nH]c4C3(C)C,7.59
24,CHEMBL306884,OC(=O)c1cccc(O)c1C(=O)c2c(O)cc(cc2O)C(=O)OC3C4CCN(CC4)CC3NC(=O)c5ccc(O)cc5,7.59
25,CHEMBL78129,OC(=O)c1cccc(O)c1C(=O)c2c(O)cc(cc2O)C(=O)O[C@@H]3C4CCN(CC4)C[C@H]3NC(=O)c5ccc(O)cc5,7.59
26,CHEMBL2236801,CN(C)C[C@@H]1CCn2c(C1)c(C3=C(Nc4ccccc4)C(=O)NC3=O)c5ccccc25,7.6
27,CHEMBL3662879,C[C@@H]1CN([C@@H](C)CN1C)C(=O)N2Cc3c(NC(=O)c4coc(n4)C5CC5)n[nH]c3C2(C)C,7.6
28,CHEMBL3662865,C[C@@H]1CN([C@@H](C)CN1CCCO)C(=O)N2Cc3c(NC(=O)c4oc(C)nc4C)n[nH]c3C2(C)C,7.6
29,CHEMBL3662859,C[C@H](CCO)N1C[C@H](C)N(C[C@H]1C)C(=O)N2Cc3c(NC(=O)c4ccccn4)n[nH]c3C2(C)C,7.6
30,CHEMBL3662868,COCCCN1C[C@H](C)N(C[C@H]1C)C(=O)N2Cc3c(NC(=O)c4ccc(F)cn4)n[nH]c3C2(C)C,7.61
31,CHEMBL3662939,C[C@H]1CN(CC2CCOCC2)CCN1C(=O)N3Cc4c(NC(=O)c5ccc(cc5)C#N)n[nH]c4C3(C)C,7.61
32,CHEMBL3662779,C[C@H]1CN2CCC[C@H]2CN1C(=O)N3Cc4c(NC(=O)c5ccc(Cl)cn5)n[nH]c4C3(C)C,7.61
33,CHEMBL3662774,CCc1ccc(cc1)C(=O)Nc2n[nH]c3c2CN(C(=O)N4C[C@@H]5CCCN5C[C@@H]4C)C3(C)C,7.62
34,CHEMBL3662929,CCn1cnc(c1)C(=O)Nc2n[nH]c3c2CN(C(=O)N4CCN(CC5CCOCC5)C[C@@H]4C)C3(C)C,7.62
35,CHEMBL91959,CN1CCN(C[C@@H]2CCn3cc(C4=C(C(=O)NC4=O)c5cn(CCO2)c6ccccc56)c7ccccc37)CC1,7.62
36,CHEMBL3662804,COCCCN1CCN([C@@H](C)C1)C(=O)N2Cc3c(NC(=O)c4ccccn4)n[nH]c3C2(C)C,7.62
37,CHEMBL3662944,C[C@@H]1CN([C@@H](C)CN1C2CCOCC2)C(=O)N3Cc4c(NC(=O)c5ccncn5)n[nH]c4C3(C)C,7.62
38,CHEMBL291975,Cn1cc(C2=C(C(=O)NC2=O)c3cn(C4CCN(Cc5ccccc5)C4)c6ccccc36)c7ccccc17,7.62
39,CHEMBL184146,CN1CCN(CCCn2cc(C3=C(Nc4ccccc4)C(=O)NC3=O)c5ccccc25)CC1,7.63
40,CHEMBL3662846,C[C@@H]1CN([C@@H](C)CN1CCCC#N)C(=O)N2Cc3c(NC(=O)c4ccccn4)n[nH]c3C2(C)C,7.63
41,CHEMBL368193,CN(C)CCCn1nc(C2=C(C(=O)NC2=O)c3cn(C=C)c4ccccc34)c5ccccc15,7.64
42,CHEMBL2153751,CN1CCN(CC1)c2nc(C3=C(C(=O)NC3=O)c4c[nH]c5ccccc45)c6cc(Cl)ccc6n2,7.64
43,CHEMBL388978,CN[C@@H]1C[C@H]2O[C@@](C)([C@@H]1OC)n3c4ccccc4c5c6CNC(=O)c6c7c8ccccc8n2c7c35,7.64
44,CHEMBL3662744,C[C@H]1CN2CCC[C@H]2CN1C(=O)C3Cc4c(NC(=O)c5cc(Cl)cc(Cl)c5)n[nH]c4C3(C)C,7.64
45,CHEMBL3662832,CCN1C[C@H](C)N(C[C@@H]1C)C(=O)N2Cc3c(NC(=O)c4ccc(F)cn4)n[nH]c3C2(C)C,7.65
46,CHEMBL3662893,CCc1oc(C(=O)Nc2n[nH]c3c2CN(C(=O)N4C[C@@H](C)N(CC5CCOCC5)C[C@@H]4C)C3(C)C)c(C)n1,7.65
47,CHEMBL3662901,C[C@@H]1CN([C@@H](C)CN1CC2CCOCC2)C(=O)N3Cc4c(NC(=O)c5sc(C)nc5C)n[nH]c4C3(C)C,7.65
48,CHEMBL2151414,CN1CCN(CC1)c2nc(C3=C(C(=O)NC3=O)c4c(C)[nH]c5ccccc45)c6ccccc6n2,7.66
49,CHEMBL3662867,C[C@@H]1CN([C@@H](C)CN1CCCO)C(=O)N2Cc3c(NC(=O)c4ccc(F)cn4)n[nH]c3C2(C)C,7.66
50,CHEMBL3662918,C[C@H]1CN(CC2CCOCC2)CCN1C(=O)N3Cc4c(NC(=O)c5cc(C)ccn5)n[nH]c4C3(C)C,7.66
51,CHEMBL3662748,C[C@H]1CN2CCC[C@H]2CN1C(=O)N3Cc4c(NC(=O)c5ccc(F)c(Cl)c5)n[nH]c4C3(C)C,7.66
52,CHEMBL3662780,C[C@H]1CN2CCC[C@H]2CN1C(=O)N3Cc4c(NC(=O)c5cc(Cl)ccn5)n[nH]c4C3(C)C,7.67
53,CHEMBL3662745,C[C@H]1CN2CCC[C@H]2CN1C(=O)N3Cc4c(NC(=O)c5cccc(Cl)c5)n[nH]c4C3(C)C,7.67
54,CHEMBL3662764,C[C@H]1CN2CCC[C@H]2CN1C(=O)N3Cc4c(NC(=O)c5cc(C)cc(C)n5)n[nH]c4C3(C)C,7.68
55,CHEMBL366266,O=C1NC(=O)C(=C1Nc2ccccc2)c3cn(CCCn4ccnc4)c5ccccc35,7.68
56,CHEMBL3662801,C[C@H]1CN2CCC[C@H]2CN1C(=O)N3Cc4c(NC(=O)c5ccc(Br)cn5)n[nH]c4C3(C)C,7.69
57,CHEMBL3662802,C[C@H]1CN2CCC[C@H]2CN1C(=O)N3Cc4c(NC(=O)c5ccc(F)cn5)n[nH]c4C3(C)C,7.69
58,CHEMBL67528,CC(=O)OCOC(=O)c1cccc(O)c1C(=O)c2c(O)cc(cc2O)C(=O)O[C@@H]3CNC[C@H]3NC(=O)c4ccc(O)cc4,7.7
59,CHEMBL304175,CC(C)(C)C(=O)OCOC(=O)c1cccc(O)c1C(=O)c2c(O)cc(cc2O)C(=O)O[C@@H]3CNC[C@H]3NC(=O)c4ccc(O)cc4,7.7
60,CHEMBL3662809,CC1CN(C(C)CN1CCCO)C(=O)N2Cc3c(NC(=O)c4ccccn4)n[nH]c3C2(C)C,7.7
61,CHEMBL54382,CCN1CCC(CC1)n2cc(C3=C(C(=O)NC3=O)c4cn(C)c5ccccc45)c6ccccc26,7.7
62,CHEMBL3662905,CCn1nc(C)cc1C(=O)Nc2n[nH]c3c2CN(C(=O)N4C[C@@H](C)N(CC5CCOCC5)C[C@@H]4C)C3(C)C,7.7
63,CHEMBL52654,CN1CCC(CC1)n2cc(C3=C(C(=O)NC3=O)c4c[nH]c5ccccc45)c6ccccc26,7.7
64,CHEMBL53596,CN1CCC(CC1)n2cc(C3=C(C(=O)NC3=O)c4cn(C)c5ccccc45)c6ccccc26,7.7
65,CHEMBL3667490,C[C@@H]1CN([C@@H](C)CN1CC2CCOCC2)C(=O)N3Cc4c(NC(=O)Cc5c(C)onc5C)n[nH]c4C3(C)C,7.7
66,CHEMBL146846,Cc1ccc(cc1)S(=O)(=O)N2CCC[C@@H](OC(=O)c3cc(O)c(C(=O)c4c(O)cccc4C(=O)O)c(O)c3)[C@@H](C2)NC(=O)c5ccc(O)cc5,7.7
67,CHEMBL295806,OC(=O)c1cccc(O)c1C(=O)c2c(O)cc(cc2O)C(=O)OC3CCCC3Cc4ccc(O)cc4,7.7
68,CHEMBL48988,OC(=O)c1cccc(O)c1C(=O)c2c(O)cc(cc2O)C(=O)OC3CCCC3Oc4ccc(O)cc4,7.7
69,CHEMBL151822,OC(=O)c1cccc(O)c1C(=O)c2c(O)cc(cc2O)C(=O)OC[C@H](Cc3ccc(O)cc3)NS(=O)(=O)c4ccccc4,7.7
70,CHEMBL306580,OC1C[C@@H](NC(=O)c2ccc(O)cc2)[C@@H](C1)OC(=O)c3cc(O)c(C(=O)c4c(O)cccc4C(=O)O)c(O)c3,7.7
71,CHEMBL75004,OC[C@@H]1C[C@@H](NC(=O)c2ccc(O)cc2)[C@@H](C1)OC(=O)c3cc(O)c(C(=O)c4c(O)cccc4C(=O)O)c(O)c3,7.7
72,CHEMBL431955,OC[C@@H]1C[C@H](NC(=O)c2ccc(O)cc2)[C@@H](C1)OC(=O)c3cc(O)c(C(=O)c4c(O)cccc4C(=O)O)c(O)c3,7.7
73,CHEMBL309034,O[C@@H]1C[C@@H](NC(=O)c2ccc(O)cc2)[C@@H](C1)OC(=O)c3cc(O)c(C(=O)c4c(O)cccc4C(=O)O)c(O)c3,7.7
74,CHEMBL1794808,O[C@@H]1C[C@H](NC(=O)c2ccc(O)cc2)[C@@H](C1)OC(=O)c3cc(O)c(C(=O)c4c(O)cccc4C(=O)O)c(O)c3.O[C@H]5C[C@H](NC(=O)c6ccc(O)cc6)[C@@H](C5)OC(=O)c7cc(O)c(C(=O)c8c(O)cccc8C(=O)O)c(O)c7,7.7
75,CHEMBL67716,O[C@H]1C[C@H](NC(=O)c2ccc(O)cc2)[C@@H](C1)OC(=O)c3cc(O)c(C(=O)c4c(O)cccc4C(=O)O)c(O)c3,7.7
76,CHEMBL3662908,C[C@@H]1CN([C@@H](C)CN1CC2CCOCC2)C(=O)N3Cc4c(NC(=O)c5cc(n[nH]5)C6CC6)n[nH]c4C3(C)C,7.71
77,CHEMBL3662911,C[C@@H]1CN([C@@H](C)CN1CC2CCOCC2)C(=O)N3Cc4c(NC(=O)c5oc(C)nc5C)n[nH]c4C3(C)C,7.71
78,CHEMBL27266,CC(C)[C@@H]1N(C)c2cccc3[nH]cc(C[C@@H](CO)NC1=O)c23,7.72
79,CHEMBL103506,CCN1CCOCCOCCn2cc(C3=C(C(=O)NC3=O)c4cn(CC1)c5ccccc45)c6ccccc26,7.72
80,CHEMBL494089,CCn1c(nc2c(ncc(OC[C@H]3CCCNC3)c12)C#CC(C)(C)O)c4nonc4N,7.72
81,CHEMBL368416,CN(C)CCCn1nc(C2=C(C(=O)NC2=O)c3cn(c4cccnc4)c5ccccc35)c6ccccc16,7.72
82,CHEMBL3662808,C[C@H]1CN(CC2CC2)CCN1C(=O)N3Cc4c(NC(=O)c5ccccn5)n[nH]c4C3(C)C,7.72
83,CHEMBL3662769,CC1(C)N(Cc2c(NC(=O)c3ccccn3)n[nH]c12)C(=O)N4C[C@@H]5CCCN5C[C@@H]4CC6CCCCC6,7.74
84,CHEMBL3662835,C[C@H]1CN(C)C(C)(C)CN1C(=O)N2Cc3c(NC(=O)c4ccccn4)n[nH]c3C2(C)C,7.74
85,CHEMBL184042,O=C1NC(=O)C(=C1Nc2ccccc2)c3cn(CCCN4CCCC4)c5ccccc35,7.74
86,CHEMBL3662850,C[C@@H]1CN([C@@H](C)CN1CCC2CCOCC2)C(=O)N3Cc4c(NC(=O)c5ccccn5)n[nH]c4C3(C)C,7.75
87,CHEMBL3662798,C[C@H]1CN2CCC[C@H]2CN1C(=O)N3Cc4c(NC(=O)c5ccc6ccccc6n5)n[nH]c4C3(C)C,7.75
88,CHEMBL367106,O=C1NC(=O)C(=C1c2cn(c3ccc4ccccc4c3)c5ccccc25)c6nn(CCCN7CCOCC7)c8ccccc68,7.75
89,CHEMBL6453,CCCCCCCCC#Cc1ccc2N(C)[C@@H](C(C)C)C(=O)N[C@H](CO)Cc2c1,7.76
90,CHEMBL187235,O=C1NC(=O)C(=C1Nc2ccccc2)c3cn(CCCN4CCCCC4)c5ccccc35,7.76
91,CHEMBL2236800,OC[C@@H]1CCn2c(C1)c(C3=C(Nc4ccccc4)C(=O)NC3=O)c5ccccc25,7.76
92,CHEMBL421217,CC(C)N1CCOCCn2cc(C3=C(C(=O)NC3=O)c4cn(CCOCC1)c5ccccc45)c6ccccc26,7.77
93,CHEMBL95692,COc1nccc(n1)c2c(ncn2C3CCNCC3)c4ccc(F)cc4,7.77
94,CHEMBL3662773,C[C@H]1CN2CCC[C@H]2CN1C(=O)N3Cc4c(NC(=O)c5cccc(c5)C#N)n[nH]c4C3(C)C,7.77
95,CHEMBL59828,OC(=O)c1cccc(O)c1C(=O)c2c(O)cc(cc2O)C(=O)O[C@@H]3CNC[C@H]3NC(=O)c4ccc(O)cc4,7.77
96,CHEMBL422056,OC(=O)c1cccc(O)c1C(=O)c2c(O)cc(cc2O)C(=O)O[C@H]3CNCC3NC(=O)c4ccc(O)cc4,7.77
97,CHEMBL3662732,COc1cccc(c1)C(=O)Nc2n[nH]c3c2CN(C(=O)N4C[C@@H]5CCCN5C[C@@H]4Cc6ccccc6)C3(C)C,7.79
98,CHEMBL3662799,C[C@@H]1CN([C@@H](C)CN1CC=C)C(=O)N2Cc3c(NC(=O)c4ccccn4)n[nH]c3C2(C)C,7.8
99,CHEMBL3662931,C[C@H]1CN(CC2CCOCC2)CCN1C(=O)N3Cc4c(NC(=O)c5coc(n5)C6CC6)n[nH]c4C3(C)C,7.8
100,CHEMBL3639616,C[C@H]1CN2CCC[C@H]2CN1C(=O)N3Cc4c(NC(=O)c5ccc6OCCc6c5)n[nH]c4C3(C)C,7.8
101,CHEMBL489520,CC(=C1CC(CO)(COC(=O)CCCOc2ccc(cc2)C#Cc3ccc(C)cc3)OC1=O)C,7.82
102,CHEMBL2326002,CC(C)[C@@](C)(O)[C@@H]1CN(CCN1)c2nc(c(F)cc2Cl)c3n[nH]c4ncccc34,7.82
103,CHEMBL3662795,CC[C@H](C)[C@H]1CN2C[C@H](O)C[C@H]2CN1C(=O)N3Cc4c(NC(=O)c5ccccn5)n[nH]c4C3(C)C,7.82
104,CHEMBL184548,CN(C)CCCCn1cc(C2=C(Nc3ccccc3)C(=O)NC2=O)c4ccccc14,7.82
105,CHEMBL369114,CN(C)CCCn1cc(C2=C(Nc3cccc(C)c3)C(=O)NC2=O)c4ccccc14,7.82
106,CHEMBL178945,CN(C)CCCn1nc(C2=C(C(=O)NC2=O)c3cn(c4cccs4)c5ccccc35)c6ccccc16,7.82
107,CHEMBL359808,CN(C)CCCn1nc(C2=C(C(=O)NC2=O)c3cn(c4cncc5ccccc45)c6ccccc36)c7ccccc17,7.82
108,CHEMBL2148107,C[C@@H]1CC(C)(C)[C@@]23C[C@@H](C[C@@H](CCCCc4cccc(O)c4)O2)OC(=O)C[C@H](CO)OC(=O)C[C@@H]1O3,7.82
109,CHEMBL3662922,C[C@H]1CN(CC2CCOCC2)CCN1C(=O)N3Cc4c(NC(=O)c5cccc(C)n5)n[nH]c4C3(C)C,7.82
110,CHEMBL3662930,CCC1NC(=CO1)C(=O)Nc2n[nH]c3c2CN(C(=O)N4CCN(CC5CCOCC5)C[C@@H]4C)C3(C)C,7.83
111,CHEMBL3662829,CCCN1CCN([C@@H](C)C1)C(=O)N2Cc3c(NC(=O)c4ccccn4)n[nH]c3C2(C)C,7.84
112,CHEMBL3662810,CC(C)[C@H]1CN2CCC[C@H]2CN1C(=O)N3Cc4c(NC(=O)c5ccccn5)n[nH]c4C3(C)C,7.85
113,CHEMBL103055,CCN1CCOCCn2cc(C3=C(C(=O)NC3=O)c4cn(CCOCC1)c5ccccc45)c6ccccc26,7.85
114,CHEMBL3662928,C[C@H]1CN(CC2CCOCC2)CCN1C(=O)N3Cc4c(NC(=O)c5cn(cn5)C6CCC6)n[nH]c4C3(C)C,7.85
115,CHEMBL2236796,OC[C@@H]1Cc2c(C3=C(Nc4ccccc4)C(=O)NC3=O)c5ccccc5n2C1,7.85
116,CHEMBL3662823,C[C@@H]1CN([C@@H](C)CN1C)C(=O)N2Cc3c(NC(=O)c4ccccn4)n[nH]c3C2(C)C,7.86
117,CHEMBL3662788,C[C@H]1CN2CCC[C@H]2CN1C(=O)N3Cc4c(NC(=O)c5cc6cccn6cn5)n[nH]c4C3(C)C,7.86
118,CHEMBL3662750,C[C@H]1CN2CCC[C@H]2CN1C(=O)N3Cc4c(NC(=O)c5ccc(Cl)c(Cl)c5)n[nH]c4C3(C)C,7.86
119,CHEMBL46252,CCCCCCCC(=O)O[C@H]1\C(=C\C(=O)OC)\CC2C[C@@H](OC(=O)C[C@H](O)C[C@@H]3CCC[C@H](C[C@@H]4CCO[C@@H](O4)\C=C\C(C)(C)[C@]1(O)O2)O3)[C@@H](C)O,7.87
120,CHEMBL3662830,CCCCN1CCN([C@@H](C)C1)C(=O)N2Cc3c(NC(=O)c4ccccn4)n[nH]c3C2(C)C,7.88
121,CHEMBL366668,CN(C)CCCn1nc(C2=C(C(=O)NC2=O)c3cn(c4ccccc4)c5ccccc35)c6ccccc16,7.89
122,CHEMBL3662917,C[C@H]1CN(CC2CCOCC2)CCN1C(=O)N3Cc4c(NC(=O)c5ccc(F)cn5)n[nH]c4C3(C)C,7.89
123,CHEMBL3662923,C[C@H]1CN(CC2CCOCC2)CCN1C(=O)N3Cc4c(NC(=O)c5csc(C)n5)n[nH]c4C3(C)C,7.89
124,CHEMBL3662813,C[C@H]1CN2CCC[C@H]2CC1C(=O)N3Cc4c(NC(=O)c5csc(Br)n5)n[nH]c4C3(C)C,7.89
125,CHEMBL522428,CC(=C1CC(CO)(COC(=O)c2ccc(cc2)C#Cc3ccc(C)cc3)OC1=O)C,7.9
126,CHEMBL3662885,C[C@H]1CN2CCC[C@H]2CN1C(=O)N3Cc4c(NC(=O)c5cnc6ccccc6n5)n[nH]c4C3(C)C,7.9
127,CHEMBL3662945,C[C@@H]1CN([C@@H](C)CN1C2CCOCC2)C(=O)N3Cc4c(NC(=O)c5ccc(C)cn5)n[nH]c4C3(C)C,7.91
128,CHEMBL365656,CN(C)CCCn1cc(C2=C(Nc3ccccc3)C(=O)NC2=O)c4ccccc14,7.92
129,CHEMBL2148108,C[C@@H]1[C@@H](CCCCc2cccc(O)c2)O[C@]34C[C@@H]1OC(=O)C[C@H](CO)OC(=O)C[C@@H](CCC3(C)C)O4,7.92
130,CHEMBL3662921,C[C@H]1CN(CC2CCOCC2)CCN1C(=O)N3Cc4c(NC(=O)c5ccc(Cl)cn5)n[nH]c4C3(C)C,7.92
131,CHEMBL3662937,C[C@H]1CN(CC2CCOCC2)CCN1C(=O)N3Cc4c(NC(=O)c5ccc(F)cc5)n[nH]c4C3(C)C,7.95
132,CHEMBL399981,CCCCCCn1cc2C[C@@H](CO)NC(=O)[C@H](C(C)C)N(C)c3cccc1c23,7.96
133,CHEMBL3662888,C[C@H]1CN2CCC[C@H]2CN1C(=O)N3Cc4c(NC(=O)c5cc(nn5C)C(C)(C)C)n[nH]c4C3(C)C,7.98
134,CHEMBL3662786,C[C@H]1CN2CCC[C@H]2CN1C(=O)N3Cc4c(NC(=O)c5nc(Cl)c(Cl)s5)n[nH]c4C3(C)C,7.98
135,CHEMBL364337,CN(C)CCCn1cc(C2=C(Nc3cccc(Cl)c3)C(=O)NC2=O)c4ccccc14,8.0
136,CHEMBL106384,CN1CCOCCn2cc(C3=C(C(=O)NC3=O)c4cn(CCN(C)CC1)c5ccccc45)c6ccccc26,8.0
137,CHEMBL55394,Cn1cc(C2=C(C(=O)NC2=O)c3cn(C4CCN(CC5CC5)CC4)c6ccccc36)c7ccccc17,8.0
138,CHEMBL49354,OC(=O)c1cccc(O)c1C(=O)c2c(O)cc(cc2O)C(=O)OC3CCCNCC3NC(=O)c4ccc(O)cc4,8.0
139,CHEMBL311399,OC(=O)c1cccc(O)c1C(=O)c2c(O)cc(cc2O)C(=O)OC3CCCNC[C@H]3NC(=O)c4ccc(O)cc4,8.0
140,CHEMBL300422,OC(=O)c1cccc(O)c1C(=O)c2c(O)cc(cc2O)C(=O)OC3CNCC3Cc4ccc(O)cc4,8.0
141,CHEMBL265559,OC(=O)c1cccc(O)c1C(=O)c2c(O)cc(cc2O)C(=O)OC3CNCC3NC(=O)c4ccc(O)cc4,8.0
142,CHEMBL177635,OC(=O)c1cccc(O)c1C(=O)c2c(O)cc(cc2O)C(=O)OC3CNC[C@H]3NC(=O)c4ccc(O)cc4,8.0
143,CHEMBL60254,OC(=O)c1cccc(O)c1C(=O)c2c(O)cc(cc2O)C(=O)O[C@@H]3CCCNC[C@H]3NC(=O)c4ccc(O)cc4,8.0
144,CHEMBL3662794,CCCN1C[C@H](C)N(C[C@H]1CCO)C(=O)N2Cc3c(NC(=O)c4ccccn4)n[nH]c3C2(C)C,8.02
145,CHEMBL3662805,CCN1C[C@H](C)N(C[C@H]1C)C(=O)N2Cc3c(NC(=O)c4ccccn4)n[nH]c3C2(C)C,8.04
146,CHEMBL3662839,C[C@H]1CN(C)C2(CCC2)CN1C(=O)N3Cc4c(NC(=O)c5ccccn5)n[nH]c4C3(C)C,8.07
147,CHEMBL2236797,CN(C)C[C@@H]1Cc2c(C3=C(Nc4ccccc4)C(=O)NC3=O)c5ccccc5n2C1,8.09
148,CHEMBL2236808,O=C1NC(=O)C(=C1Nc2ccccc2)c3c4C[C@H](CN5CCCC5)Cn4c6ccccc36,8.09
149,CHEMBL2236795,CC(=O)NC[C@H]1Cc2c(C3=C(Nc4ccccc4)C(=O)NC3=O)c5ccccc5n2C1,8.1
150,CHEMBL2151413,CC(C)n1cc(C2=C(C(=O)NC2=O)c3nc(nc4ccccc34)N5CCN(C)CC5)c6ccccc16,8.11
151,CHEMBL2151409,CN1CCN(CC1)c2nc(C3=C(C(=O)NC3=O)c4c[nH]c5cc(Cl)ccc45)c6ccccc6n2,8.11
152,CHEMBL359486,CN(C)CCCn1nc(C2=C(C(=O)NC2=O)c3cn(c4cnc5ccccc5c4)c6ccccc36)c7ccccc17,8.16
153,CHEMBL345767,OC(=O)c1cccc(O)c1C(=O)c2c(O)cc(cc2O)C(=O)OC[C@@H](Cc3ccc(O)cc3)NS(=O)(=O)c4ccccc4,8.16
154,CHEMBL3662884,C[C@H]1CN2CCC[C@H]2CN1C(=O)N3Cc4c(NC(=O)c5cc(n[nH]5)C6CC6)n[nH]c4C3(C)C,8.17
155,CHEMBL2151408,CN1CCN(CC1)c2nc(C3=C(C(=O)NC3=O)c4c[nH]c5ccc(Cl)cc45)c6ccccc6n2,8.19
156,CHEMBL3662883,C[C@H]1CN2CCC[C@H]2CN1C(=O)N3Cc4c(NC(=O)c5ccc6cnccc6n5)n[nH]c4C3(C)C,8.21
157,CHEMBL302449,Cn1c2ccccc2c3c4C(=O)NCc4c5c6ccccc6n(CCC#N)c5c13,8.21
158,CHEMBL2236803,CN(C)C[C@@H]1CCc2c(C3=C(Nc4ccccc4)C(=O)NC3=O)c5ccccc5n2C1,8.22
159,CHEMBL91829,CN(C)C[C@@H]1CCn2cc(C3=C(C(=O)NC3=O)c4cn(CCO1)c5ccccc45)c6ccccc26,8.22
160,CHEMBL2151410,CN1CCN(CC1)c2nc(C3=C(C(=O)NC3=O)c4c[nH]c5c(Cl)cccc45)c6ccccc6n2,8.22
161,CHEMBL340259,O=C1NC(=O)C2=C1c3cn(CCOCCOCCOCCn4cc2c5ccccc45)c6ccccc36,8.22
162,CHEMBL2236798,OC[C@H]1CCn2c(C1)c(C3=C(Nc4ccccc4)C(=O)NC3=O)c5ccccc25,8.22
163,CHEMBL432130,CN(C)C[C@@H]1CCn2cc(C3=C(C(=O)NC3=O)c4cn(CCO1)c5ccccc45)c6ccccc26.CS(=O)(=O)O,8.23
164,CHEMBL3662882,C[C@H]1CN2CCC[C@H]2CN1C(=O)N3Cc4c(NC(=O)c5cc6ccccc6cn5)n[nH]c4C3(C)C,8.26
165,CHEMBL2153747,CN1CCN(CC1)c2cc(C3=C(C(=O)NC3=O)c4c[nH]c5ccccc45)c6ccccc6n2,8.28
166,CHEMBL2151412,CN1CCN(CC1)c2nc(C3=C(C(=O)NC3=O)c4cn(C)c5ccccc45)c6ccccc6n2,8.29
167,CHEMBL2236807,CCN(C)C[C@H]1Cc2c(C3=C(Nc4ccccc4)C(=O)NC3=O)c5ccccc5n2C1,8.3
168,CHEMBL368895,CN(C)CCCn1nc(C2=C(C(=O)NC2=O)c3cn(c4ccc5ccccc5c4)c6ccccc36)c7ccccc17,8.3
169,CHEMBL2153755,CN1CCN(CC1)c2nc(C3=C(C(=O)NC3=O)c4c[nH]c5ccccc45)c6ccc(F)cc6n2,8.3
170,CHEMBL311543,CNC[C@@H]1CCn2cc(C3=C(C(=O)NC3=O)c4cn(CCO1)c5ccccc45)c6ccccc26,8.3
171,CHEMBL308263,NC[C@@H]1C[C@@H](NC(=O)c2ccc(O)cc2)[C@@H](C1)OC(=O)c3cc(O)c(C(=O)c4c(O)cccc4C(=O)O)c(O)c3,8.3
172,CHEMBL67290,NC[C@@H]1C[C@H](NC(=O)c2ccc(O)cc2)[C@@H](C1)OC(=O)c3cc(O)c(C(=O)c4c(O)cccc4C(=O)O)c(O)c3,8.3
173,CHEMBL3667491,C[C@@H]1CN([C@@H](C)CN1CC2CCOCC2)C(=O)N3Cc4c(NC(=O)c5ccc(cn5)C(F)(F)F)n[nH]c4C3(C)C,8.38
174,CHEMBL2236802,CN(C)C[C@H]1CCc2c(C3=C(Nc4ccccc4)C(=O)NC3=O)c5ccccc5n2C1,8.39
175,CHEMBL2236805,CN(C)C[C@H]1Cc2c(C3=C(Nc4ccccc4)C(=O)NC3=O)c5ccccc5n2C1,8.39
176,CHEMBL2236804,OC[C@H]1Cc2c(C3=C(Nc4ccccc4)C(=O)NC3=O)c5ccccc5n2C1,8.39
177,CHEMBL307708,NC[C@H]1C[C@@H](NC(=O)c2ccc(O)cc2)[C@@H](C1)OC(=O)c3cc(O)c(C(=O)c4c(O)cccc4C(=O)O)c(O)c3,8.4
178,CHEMBL421866,NC[C@H]1C[C@H](NC(=O)c2ccc(O)cc2)[C@@H](C1)OC(=O)c3cc(O)c(C(=O)c4c(O)cccc4C(=O)O)c(O)c3,8.4
179,CHEMBL432168,N[C@@H]1C[C@@H](NC(=O)c2ccc(O)cc2)[C@@H](C1)OC(=O)c3cc(O)c(C(=O)c4c(O)cccc4C(=O)O)c(O)c3,8.4
180,CHEMBL417051,N[C@@H]1C[C@H](NC(=O)c2ccc(O)cc2)[C@@H](C1)OC(=O)c3cc(O)c(C(=O)c4c(O)cccc4C(=O)O)c(O)c3,8.4
181,CHEMBL75661,OC[C@H]1C[C@@H](NC(=O)c2ccc(O)cc2)[C@@H](C1)OC(=O)c3cc(O)c(C(=O)c4c(O)cccc4C(=O)O)c(O)c3,8.4
182,CHEMBL306427,OC[C@H]1C[C@H](NC(=O)c2ccc(O)cc2)[C@@H](C1)OC(=O)c3cc(O)c(C(=O)c4c(O)cccc4C(=O)O)c(O)c3,8.4
183,CHEMBL2153749,CN1CCN(CC1)c2nc(C3=C(C(=O)NC3=O)c4c[nH]c5ccccc45)c6c(C)cccc6n2,8.42
184,CHEMBL3658623,C[C@H]1CN(C)C2(CCCC2)CN1C(=O)N3Cc4c(NC(=O)c5ccccn5)n[nH]c4C3(C)C,8.52
185,CHEMBL350335,NC(=N)SCCCn1c(c2cc3ccccc3s2)c(C4=CC(=O)NC4=O)c5ccccc15,8.52
186,CHEMBL265998,CCCC(=O)O[C@@H]1[C@@H](C)[C@]2(O)[C@@H]3C=C(C)C(=O)[C@H]3CC(=C[C@H]2[C@@H]4C(C)(C)[C@]14OC(=O)CCC)CO,8.56
187,CHEMBL2236793,CCNC[C@H]1Cc2c(C3=C(Nc4ccccc4)C(=O)NC3=O)c5ccccc5n2C1,8.61
188,CHEMBL2236809,CNC[C@H]1Cc2c(C3=C(Nc4ccccc4)C(=O)NC3=O)c5ccccc5n2C1,8.65
189,CHEMBL540357,Br.NC(=N)SCCCn1cc(C2=C(Nc3ccccc3)C(=O)NC2=O)c4ccccc14,8.69
190,CHEMBL2236799,CN(C)C[C@H]1CCn2c(C1)c(C3=C(Nc4ccccc4)C(=O)NC3=O)c5ccccc25,8.69
191,CHEMBL2153748,CN1CCN(CC1)c2cc3ccccc3c(n2)C4=C(C(=O)NC4=O)c5c[nH]c6ccccc56,8.7
192,CHEMBL565612,CN1CCN(CC1)c2nc(C3=C(C(=O)NC3=O)c4c[nH]c5ccccc45)c6ccccc6n2,8.7
193,CHEMBL27768,CCCC(=O)O[C@@H]1[C@@H](C)[C@@]2(O)[C@@H](C=C(CO)C[C@@]3(O)[C@H]2C=C(C)C3=O)[C@@H]4C(C)(C)[C@]14OC(=O)CCC,8.71
194,CHEMBL3662848,C[C@@H]1CN([C@@H](C)CN1CC2CCOCC2)C(=O)N3Cc4c(NC(=O)c5ccccn5)n[nH]c4C3(C)C,8.72
195,CHEMBL279115,CCCCCCCCCCCCCC(=O)O[C@@H]1[C@@H](C)[C@@]2(O)[C@@H](C=C(CO)C[C@@]3(O)[C@H]2C=C(C)C3=O)[C@@H]4C(C)(C)[C@]14OC(=O)C,8.75
196,CHEMBL568580,CN1CCN(CC1)c2cc(C3=C(C(=O)NC3=O)c4c[nH]c5ccccc45)c6ccccc6c2,8.75
197,CHEMBL3662851,C[C@@H]1CN([C@@H](C)CN1C2CCOCC2)C(=O)N3Cc4c(NC(=O)c5ccccn5)n[nH]c4C3(C)C,8.77
198,CHEMBL2418196,C[C@@H](O)[C@H]1CC(=O)O[C@H]2C[C@]3(O[C@H]([C@@H](C)CCCc4cccc(O)c4)[C@H]2C)O[C@@](O)(CC(=O)O1)[C@H](C)CC3(C)C,8.82
199,CHEMBL337834,CC(C)[C@@H]1N(C)c2ccc(NC(=O)CCCCCCCCCCCCC(=O)Nc3ccc4C[C@@H](CO)NC(=O)[C@H](C(C)C)N(C)c4c3)cc2C[C@@H](CO)NC1=O,8.85
200,CHEMBL2151415,Cn1cc(C2=C(C(=O)NC2=O)c3nc(nc4ccccc34)N5CCNCC5)c6ccccc16,8.85
201,CHEMBL2236794,NC[C@H]1Cc2c(C3=C(Nc4ccccc4)C(=O)NC3=O)c5ccccc5n2C1,8.85
202,CHEMBL2153750,CN1CCN(CC1)c2nc(C3=C(C(=O)NC3=O)c4c[nH]c5ccccc45)c6cc(F)ccc6n2,8.92
203,CHEMBL1996510,O=C1NC(=O)C(=C1c2c[nH]c3ccccc23)c4nc(nc5ccccc45)N6CCNCC6,9.22
204,CHEMBL1256416,CO[C@@H](CC[C@H](C)[C@H]1O[C@@]23C[C@H](OC(=O)C[C@@H](OC(=O)C[C@](O)(O2)[C@H](C)CC3(C)C)[C@@H](C)O)[C@@H]1C)c4cc(O)ccc4Br,9.35
205,CHEMBL285801,CCCCCCCCc1ccc2N(C)[C@@H](C(C)C)C(=O)N[C@H](CO)Cc3c[nH]c1c23,9.4
206,CHEMBL2151411,CN1CCN(CC1)c2nc(C3=C(C(=O)NC3=O)c4c[nH]c5c(C)cccc45)c6ccccc6n2,9.7
207,CHEMBL2148106,CO[C@@H](CC[C@H](C)[C@H]1O[C@@]23C[C@H](OC(=O)C[C@@H](OC(=O)C[C@](O)(O2)[C@H](C)CC3(C)C)[C@@H](C)O)[C@@H]1C)c4cccc(O)c4,9.77
