,molecule_chembl_id,canonical_smiles,pchembl_value
0,ingenol mebutate,[H][C@@]12C[C@@]([H])(C)[C@]34C=C(C)[C@]([H])(OC(=O)C(\C)=C/C)[C@@]3(O)[C@]([H])(O)C(CO)=C[C@]([H])(C4=O)[C@]1([H])C2(C)C,8.32790184
1,CHEMBL1084411,CN1CCN(Cc2cccc(\C=C\c3cncc(C#N)c3Nc4ccc5[nH]ccc5c4C)n2)CC1,7.54
2,CHEMBL595955,Cc1c(Nc2c(\C=C\CCN3CCC[C@H](N)C3)cncc2C#N)ccc4[nH]ccc14,7.54
3,CHEMBL522344,Cc1c(Nc2c(cncc2c3ccc(OCCN4CCN(CCO)CC4)cc3)C#N)ccc5[nH]ccc15,7.54
4,CHEMBL606146,CNC1CCN(CC\C=C\c2cncc(C#N)c2Nc3ccc4[nH]ccc4c3C)CC1,7.55
5,CHEMBL388978,CN[C@@H]1C[C@H]2O[C@@](C)([C@@H]1OC)n3c4ccccc4c5c6CNC(=O)c6c7c8ccccc8n2c7c35,7.55
6,CHEMBL494412,Cc1c(Nc2c(cncc2c3ccc(OCCN4CCCC4)cc3)C#N)ccc5[nH]ccc15,7.55
7,CHEMBL2153747,CN1CCN(CC1)c2cc(C3=C(C(=O)NC3=O)c4c[nH]c5ccccc45)c6ccccc6n2,7.57
8,CHEMBL480223,COc1c(CN(C)C)cccc1c2cc3c(Nc4ccc5[nH]ccc5c4C)c(cnc3s2)C#N,7.57
9,CHEMBL593162,Cc1c(Nc2c(\C=C\CCCN3CCNCC3)cncc2C#N)ccc4[nH]ccc14,7.57
10,CHEMBL379218,Cc1n[nH]c2ccc(cc12)c3cncc(OC[C@@H](N)Cc4ccccc4)c3,7.57
11,CHEMBL402818,CN(C)Cc1cccc(c1)c2cc3c(Nc4ccc5[nH]ccc5c4C)c(cnc3s2)C#N,7.59
12,CHEMBL3105092,COc1ccccc1C(=O)O[C@H]2C(=C[C@@]34[C@H](C)C[C@@H]5[C@H]([C@H](C=C(CO)[C@@H](O)[C@]23O)C4=O)C5(C)C)C,7.59
13,CHEMBL606245,Cc1c(Nc2c(\C=C\CCN3CCC[C@@H](N)C3)cncc2C#N)ccc4[nH]ccc14,7.59
14,CHEMBL567930,CN(C)Cc1cccc(c1)c2cncc(C#N)c2Nc3ccc4[nH]ccc4c3C,7.6
15,CHEMBL2151414,CN1CCN(CC1)c2nc(C3=C(C(=O)NC3=O)c4c(C)[nH]c5ccccc45)c6ccccc6n2,7.6
16,CHEMBL567299,CN1CCN(Cc2ccc(cc2)c3cncc(C#N)c3Nc4ccc5[nH]ccc5c4C)CC1,7.6
17,CHEMBL565353,Cc1c(Nc2c(\C=C\c3cccc(OCCN4CCCC4)c3)cncc2C#N)ccc5[nH]ccc15,7.6
18,CHEMBL569108,Cc1c(Nc2c(cncc2c3oc4ccc(CN5CCCCC5)cc4c3)C#N)ccc6[nH]ccc16,7.6
19,CHEMBL300138,Cn1cc(C2=C(C(=O)NC2=O)c3cn(C4CCN(Cc5ccccn5)CC4)c6ccccc36)c7ccccc17,7.6
20,CHEMBL67528,CC(=O)OCOC(=O)c1cccc(O)c1C(=O)c2c(O)cc(cc2O)C(=O)O[C@@H]3CNC[C@H]3NC(=O)c4ccc(O)cc4,7.62
21,CHEMBL1085671,CN1CCN(Cc2cccc(\C=C\c3cncc(C#N)c3Nc4ccc5[nH]ccc5c4C)c2)CC1,7.62
22,CHEMBL516913,COc1ccc(CN(C)C)cc1c2cc3c(Nc4ccc5[nH]ccc5c4C)c(cnc3s2)C#N,7.62
23,CHEMBL49354,OC(=O)c1cccc(O)c1C(=O)c2c(O)cc(cc2O)C(=O)OC3CCCNCC3NC(=O)c4ccc(O)cc4,7.64
24,CHEMBL60254,OC(=O)c1cccc(O)c1C(=O)c2c(O)cc(cc2O)C(=O)O[C@@H]3CCCNC[C@H]3NC(=O)c4ccc(O)cc4,7.64
25,CHEMBL2046644,CC(C)C[C@H]1CN(CCN1)c2ccc(Cl)c(n2)C(=O)c3cccnc3N,7.66
26,CHEMBL585307,CN1CCN(Cc2cccc(c2)c3cncc(C#N)c3Nc4ccc5[nH]ccc5c4C)CC1,7.66
27,CHEMBL2148108,C[C@@H]1[C@@H](CCCCc2cccc(O)c2)O[C@]34C[C@@H]1OC(=O)C[C@H](CO)OC(=O)C[C@@H](CCC3(C)C)O4,7.66
28,CHEMBL593619,Cc1c(Nc2c(\C=C\CN3CCNCC3)cncc2C#N)ccc4[nH]ccc14,7.66
29,CHEMBL27768,CCCC(=O)O[C@@H]1[C@@H](C)[C@@]2(O)[C@@H](C=C(CO)C[C@@]3(O)[C@H]2C=C(C)C3=O)[C@@H]4C(C)(C)[C@]14OC(=O)CCC,7.67
30,CHEMBL583903,Cc1c(Nc2c(cncc2c3oc4ccc(CNCCCO)cc4c3)C#N)ccc5[nH]ccc15,7.68
31,CHEMBL434938,CC(C)CC(C\C=C\1/CC(CO)(COC(=S)C(C)(C)C)OC1=O)CC(C)C,7.69
32,CHEMBL2046640,CC(C)C[C@H]1CN(CCN1)c2cccc(n2)C(=O)c3cccnc3N,7.7
33,CHEMBL569822,CN(C)CCN1CCN(Cc2ccc3oc(cc3c2)c4cncc(C#N)c4Nc5ccc6[nH]ccc6c5C)CC1,7.7
34,CHEMBL3105104,C[C@@H]1C[C@@H]2[C@H]([C@@H]3C=C(CO)[C@@H](O)[C@]4(O)[C@@H](OC(=O)c5c(Cl)cccc5Cl)C(=C[C@@]14C3=O)C)C2(C)C,7.7
35,CHEMBL1214929,NCCNc1nc(cc2cnccc12)c3ccncc3,7.7
36,CHEMBL308263,NC[C@@H]1C[C@@H](NC(=O)c2ccc(O)cc2)[C@@H](C1)OC(=O)c3cc(O)c(C(=O)c4c(O)cccc4C(=O)O)c(O)c3,7.7
37,CHEMBL67290,NC[C@@H]1C[C@H](NC(=O)c2ccc(O)cc2)[C@@H](C1)OC(=O)c3cc(O)c(C(=O)c4c(O)cccc4C(=O)O)c(O)c3,7.7
38,CHEMBL294303,OC(=O)c1cccc(O)c1C(=O)c2c(O)cc(CO[C@@H]3CCC[C@H]3NC(=O)c4ccc(O)cc4)cc2O,7.7
39,CHEMBL305667,OC(=O)c1cccc(O)c1C(=O)c2c(O)cc(cc2O)C(=O)OC3C4CCC(C4)C3NC(=O)c5ccc(O)cc5,7.7
40,CHEMBL48988,OC(=O)c1cccc(O)c1C(=O)c2c(O)cc(cc2O)C(=O)OC3CCCC3Oc4ccc(O)cc4,7.7
41,CHEMBL60455,OC(=O)c1cccc(O)c1C(=O)c2c(O)cc(cc2O)C(=O)OC[C@@H]3CCC[C@H]3NC(=O)c4ccc(O)cc4,7.7
42,CHEMBL80525,OC(=O)c1cccc(O)c1C(=O)c2c(O)cc(cc2O)C(=O)O[C@@H]3C4CCC(C4)[C@H]3NC(=O)c5ccc(O)cc5,7.7
43,CHEMBL75004,OC[C@@H]1C[C@@H](NC(=O)c2ccc(O)cc2)[C@@H](C1)OC(=O)c3cc(O)c(C(=O)c4c(O)cccc4C(=O)O)c(O)c3,7.7
44,CHEMBL431955,OC[C@@H]1C[C@H](NC(=O)c2ccc(O)cc2)[C@@H](C1)OC(=O)c3cc(O)c(C(=O)c4c(O)cccc4C(=O)O)c(O)c3,7.7
45,CHEMBL298872,Oc1ccc(cc1)C(=O)N[C@@H]2CCC[C@H]2OC(=O)c3cc(O)c(C(=O)c4c(O)cccc4c5nn[nH]n5)c(O)c3,7.7
46,CHEMBL34725,CC(C)[C@@H]1N(C)c2cc3c(CCCC34CCCCC4)cc2C[C@@H](CO)NC1=O,7.72
47,CHEMBL271403,CC(C)[C@@H]1N(C)c2ccc3cnn4C=C(C[C@@H](CO)NC1=O)c2c34,7.75
48,CHEMBL2326001,CC(C)[C@@](C)(O)[C@@H]1CN(CCN1)c2nc(c(F)cc2F)c3n[nH]c4ncccc34,7.75
49,CHEMBL1088737,CN(C)C1CCN(Cc2cccc(\C=C\c3cncc(C#N)c3Nc4ccc5[nH]ccc5c4C)n2)CC1,7.75
50,CHEMBL494166,CN(C)CCNCCOc1ccc(cc1)c2cncc(C#N)c2Nc3ccc4[nH]ccc4c3C,7.75
51,CHEMBL1080994,CN1CCN(CC1)S(=O)(=O)c2cccc(\C=C\c3cncc(C#N)c3Nc4ccc5[nH]ccc5c4C)c2,7.75
52,CHEMBL304626,COC(=O)c1cccc(O)c1C(=O)c2c(O)cc(cc2O)C(=O)O[C@@H]3CNC[C@H]3NC(=O)c4ccc(O)cc4,7.75
53,CHEMBL605318,Cc1c(Nc2c(\C=C\CCCN3CCC(N)CC3)cncc2C#N)ccc4[nH]ccc14,7.75
54,CHEMBL606148,Cc1c(Nc2c(\C=C\CCN3CC[C@H](N)C3)cncc2C#N)ccc4[nH]ccc14,7.75
55,CHEMBL568581,Cc1c(Nc2c(cncc2c3coc(CN4CCN(CC4)C5CCCC5)c3)C#N)ccc6[nH]ccc16,7.75
56,CHEMBL571581,CN1CCN(Cc2ccc3oc(cc3c2)c4cncc(C#N)c4Nc5ccc6[nH]ccc6c5C)CC1,7.77
57,CHEMBL2326002,CC(C)[C@@](C)(O)[C@@H]1CN(CCN1)c2nc(c(F)cc2Cl)c3n[nH]c4ncccc34,7.8
58,CHEMBL570713,CCN1CCN(Cc2ccc3oc(cc3c2)c4cncc(C#N)c4Nc5ccc6[nH]ccc6c5C)CC1,7.8
59,CHEMBL1088056,CN(C)C1CCN(Cc2ccc(\C=C\c3cncc(C#N)c3Nc4ccc5[nH]ccc5c4C)cc2)CC1,7.8
60,CHEMBL603418,Cc1c(Nc2c(\C=C\CCN3CCNCC3)cncc2C#N)ccc4[nH]ccc14,7.8
61,CHEMBL585753,Cc1c(Nc2c(cncc2c3oc4ccc(CNCC(O)CO)cc4c3)C#N)ccc5[nH]ccc15,7.8
62,CHEMBL401369,CCCCCCn1cc2CC[C@@H](CO)NC(=O)[C@H](C(C)C)N(C)c3cccc1c23,7.82
63,CHEMBL595733,Cc1c(Nc2c(\C=C\CCN3CC[C@@H](N)C3)cncc2C#N)ccc4[nH]ccc14,7.82
64,CHEMBL28205,CCCCCCCCCCc1ccc2N(C)[C@@H](C(C)C)C(=O)N[C@H](CO)Cc2c1,7.84
65,CHEMBL568371,CC(C)N1CCN(Cc2occ(c2)c3cncc(C#N)c3Nc4ccc5[nH]ccc5c4C)CC1,7.85
66,CHEMBL289892,CC(C)[C@@H]1N(C)c2cc3c(CCCC34CCC(C)(C)CC4)cc2C[C@@H](CO)NC1=O,7.85
67,CHEMBL494089,CCn1c(nc2c(ncc(OC[C@H]3CCCNC3)c12)C#CC(C)(C)O)c4nonc4N,7.85
68,CHEMBL3105110,C[C@@H]1C[C@@H]2[C@H]([C@@H]3C=C(CO)[C@@H](O)[C@]4(O)[C@@H](OC(=O)c5c(C)cccc5O)C(=C[C@@]14C3=O)C)C2(C)C,7.87
69,CHEMBL3105095,C[C@@H]1C[C@@H]2[C@H]([C@@H]3C=C(CO)[C@@H](O)[C@]4(O)[C@@H](OC(=O)c5ccccc5Oc6ccccc6)C(=C[C@@]14C3=O)C)C2(C)C,7.88
70,CHEMBL571785,Cc1c(Nc2c(cncc2c3oc4ccc(CNCCO)cc4c3)C#N)ccc5[nH]ccc15,7.89
71,CHEMBL489520,CC(=C1CC(CO)(COC(=O)CCCOc2ccc(cc2)C#Cc3ccc(C)cc3)OC1=O)C,7.92
72,CHEMBL2153753,CC(C)c1ccc2nc(nc(C3=C(C(=O)NC3=O)c4c[nH]c5ccccc45)c2c1)N6CCN(C)CC6,7.92
73,CHEMBL1256416,CO[C@@H](CC[C@H](C)[C@H]1O[C@@]23C[C@H](OC(=O)C[C@@H](OC(=O)C[C@](O)(O2)[C@H](C)CC3(C)C)[C@@H](C)O)[C@@H]1C)c4cc(O)ccc4Br,7.92
74,CHEMBL59677,OC(=O)c1cccc(O)c1C(=O)c2c(O)cc(cc2O)C(=O)N[C@@H]3CNC[C@H]3NC(=O)c4ccc(O)cc4,7.92
75,CHEMBL27266,CC(C)[C@@H]1N(C)c2cccc3[nH]cc(C[C@@H](CO)NC1=O)c23,7.96
76,CHEMBL1091481,Cc1c(Nc2c(\C=C\c3cccc(CN4CCN(CCO)CC4)n3)cncc2C#N)ccc5[nH]ccc15,7.96
77,CHEMBL6453,CCCCCCCCC#Cc1ccc2N(C)[C@@H](C(C)C)C(=O)N[C@H](CO)Cc2c1,7.97
78,CHEMBL3105102,C[C@@H]1C[C@@H]2[C@H]([C@@H]3C=C(CO)[C@@H](O)[C@]4(O)[C@@H](OC(=O)c5c(C)cccc5C)C(=C[C@@]14C3=O)C)C2(C)C,7.97
79,CHEMBL2430124,CO\N=C(/C(=O)O[C@H]1C(=C[C@@]23[C@H](C)C[C@@H]4[C@H]([C@H](C=C(CO)[C@@H](O)[C@]12O)C3=O)C4(C)C)C)\c5ccccc5,7.98
80,CHEMBL304175,CC(C)(C)C(=O)OCOC(=O)c1cccc(O)c1C(=O)c2c(O)cc(cc2O)C(=O)O[C@@H]3CNC[C@H]3NC(=O)c4ccc(O)cc4,8.0
81,CHEMBL570277,CN1CCN(Cc2ccc3sc(cc3c2)c4cncc(C#N)c4Nc5ccc6[nH]ccc6c5C)CC1,8.0
82,CHEMBL569590,Cc1c(Nc2c(cncc2c3oc4ccc(CNC5CCCCC5)cc4c3)C#N)ccc6[nH]ccc16,8.0
83,CHEMBL1258117,CC1(C)CC[C@@H]2CC(=O)O[C@@H](CO)CC(=O)O[C@@H]3C[C@@H](CCCCc4ccccc4)O[C@@]1(C3)O2,8.01
84,CHEMBL567082,CN1CCN(Cc2cc(cs2)c3cccc(C#C)c3Cc4ccc5CC=Cc5c4C)CC1,8.01
85,CHEMBL2148106,CO[C@@H](CC[C@H](C)[C@H]1O[C@@]23C[C@H](OC(=O)C[C@@H](OC(=O)C[C@](O)(O2)[C@H](C)CC3(C)C)[C@@H](C)O)[C@@H]1C)c4cccc(O)c4,8.01
86,CHEMBL2381167,COc1cccc(CCCC[C@@H]2C[C@@H]3C[C@]4(O2)O[C@H](CCC4(C)C)CC(=O)O[C@@H](CO)CC(=O)O3)c1,8.01
87,CHEMBL7463,CN(C)CCCn1cc(C2=C(C(=O)NC2=O)c3c[nH]c4ccccc34)c5ccccc15,8.06
88,CHEMBL567103,CN(C)C1CCN(Cc2occ(c2)c3cncc(C#N)c3Nc4ccc5[nH]ccc5c4C)CC1,8.09
89,CHEMBL2151409,CN1CCN(CC1)c2nc(C3=C(C(=O)NC3=O)c4c[nH]c5cc(Cl)ccc45)c6ccccc6n2,8.09
90,CHEMBL2205426,CC(C)(C)NC1=C(Nc2ccnc(Nc3ccc(cc3)c4ccncc4)n2)C(=O)C1=O,8.1
91,CHEMBL3105106,C[C@@H]1C[C@@H]2[C@H]([C@@H]3C=C(CO)[C@@H](O)[C@]4(O)[C@@H](OC(=O)c5c(C)cccc5N)C(=C[C@@]14C3=O)C)C2(C)C,8.1
92,CHEMBL2147537,C[C@H](N)CNc1nc(cc2cnccc12)c3ccncc3,8.1
93,CHEMBL593163,Cc1c(Nc2c(\C=C\CN3CCC(N)CC3)cncc2C#N)ccc4[nH]ccc14,8.1
94,CHEMBL1258348,CC1(C)CC[C@@H]2CC(=O)O[C@@H](CO)CC(=O)O[C@@H]3C[C@@H](CCCCc4cccc(O)c4)O[C@@]1(C3)O2,8.13
95,CHEMBL568580,CN1CCN(CC1)c2cc(C3=C(C(=O)NC3=O)c4c[nH]c5ccccc45)c6ccccc6c2,8.14
96,CHEMBL2381164,CC1(C)CC[C@@H]2CC(=O)O[C@@H](CO)CC(=O)O[C@@H]3C[C@@H](CCCCc4c(Br)cc(Br)c(O)c4Br)O[C@@]1(C3)O2,8.16
97,CHEMBL45053,CCCCCCCC(=O)O[C@H]1\C(=C\C(=O)OC)\CC2C[C@@H](OC(=O)C[C@H](O)CCO[C@@H](C[C@@H]3CCO[C@@H](O3)\C=C\C(C)(C)[C@]1(O)O2)C(C)(C)C)[C@@H](C)O,8.2
98,CHEMBL2153755,CN1CCN(CC1)c2nc(C3=C(C(=O)NC3=O)c4c[nH]c5ccccc45)c6ccc(F)cc6n2,8.2
99,CHEMBL2151410,CN1CCN(CC1)c2nc(C3=C(C(=O)NC3=O)c4c[nH]c5c(Cl)cccc45)c6ccccc6n2,8.21
100,CHEMBL2430121,C[C@@H]1C[C@@H]2[C@H]([C@@H]3C=C(CO)[C@@H](O)[C@]4(O)[C@@H](OC(=O)c5ccccc5)C(=C[C@@]14C3=O)C)C2(C)C,8.22
101,CHEMBL307708,NC[C@H]1C[C@@H](NC(=O)c2ccc(O)cc2)[C@@H](C1)OC(=O)c3cc(O)c(C(=O)c4c(O)cccc4C(=O)O)c(O)c3,8.22
102,CHEMBL421866,NC[C@H]1C[C@H](NC(=O)c2ccc(O)cc2)[C@@H](C1)OC(=O)c3cc(O)c(C(=O)c4c(O)cccc4C(=O)O)c(O)c3,8.22
103,CHEMBL309034,O[C@@H]1C[C@@H](NC(=O)c2ccc(O)cc2)[C@@H](C1)OC(=O)c3cc(O)c(C(=O)c4c(O)cccc4C(=O)O)c(O)c3,8.22
104,CHEMBL67716,O[C@H]1C[C@H](NC(=O)c2ccc(O)cc2)[C@@H](C1)OC(=O)c3cc(O)c(C(=O)c4c(O)cccc4C(=O)O)c(O)c3,8.22
105,CHEMBL34971,CCCCCCCCCCc1ccc2C[C@@H](CO)NC(=O)[C@H](C(C)C)N(C)c2c1,8.23
106,CHEMBL2151412,CN1CCN(CC1)c2nc(C3=C(C(=O)NC3=O)c4cn(C)c5ccccc45)c6ccccc6n2,8.24
107,CHEMBL593883,Cc1c(Nc2c(\C=C\CCN3CCC(N)CC3)cncc2C#N)ccc4[nH]ccc14,8.24
108,CHEMBL522428,CC(=C1CC(CO)(COC(=O)c2ccc(cc2)C#Cc3ccc(C)cc3)OC1=O)C,8.27
109,CHEMBL2430126,CCCCCCCCCC(=O)O[C@H]1C(=C[C@@]23[C@H](C)C[C@@H]4[C@H]([C@H](C=C(CO)[C@@H](O)[C@]12O)C3=O)C4(C)C)C,8.28
110,CHEMBL2430141,C[C@@H]1C[C@@H]2[C@H]([C@@H]3C=C(CO)[C@@H](O)[C@]4(O)[C@@H](OC(=O)C(=C(C)C)C)C(=C[C@@]14C3=O)C)C2(C)C,8.28
111,CHEMBL2430142,C\C=C(\C(=O)O[C@H]1C(=C[C@@]23[C@H](C)C[C@@H]4[C@H]([C@H](C=C(CO)[C@@H](O)[C@]12O)C3=O)C4(C)C)C)/c5ccccc5,8.28
112,CHEMBL570047,Cc1c(Nc2c(cncc2c3cc4cc(CN5CCCCC5)ccc4s3)C#N)ccc6[nH]ccc16,8.28
113,CHEMBL66923,COC(=O)c1cccc(O)c1C(=O)c2c(O)cc(cc2O)C(=O)O[C@@H]3CCC[C@H]3NC(=O)c4ccc(O)cc4,8.3
114,CHEMBL432168,N[C@@H]1C[C@@H](NC(=O)c2ccc(O)cc2)[C@@H](C1)OC(=O)c3cc(O)c(C(=O)c4c(O)cccc4C(=O)O)c(O)c3,8.3
115,CHEMBL417051,N[C@@H]1C[C@H](NC(=O)c2ccc(O)cc2)[C@@H](C1)OC(=O)c3cc(O)c(C(=O)c4c(O)cccc4C(=O)O)c(O)c3,8.3
116,CHEMBL295806,OC(=O)c1cccc(O)c1C(=O)c2c(O)cc(cc2O)C(=O)OC3CCCC3Cc4ccc(O)cc4,8.3
117,CHEMBL300422,OC(=O)c1cccc(O)c1C(=O)c2c(O)cc(cc2O)C(=O)OC3CNCC3Cc4ccc(O)cc4,8.3
118,CHEMBL265559,OC(=O)c1cccc(O)c1C(=O)c2c(O)cc(cc2O)C(=O)OC3CNCC3NC(=O)c4ccc(O)cc4,8.3
119,CHEMBL177635,OC(=O)c1cccc(O)c1C(=O)c2c(O)cc(cc2O)C(=O)OC3CNC[C@H]3NC(=O)c4ccc(O)cc4,8.3
120,CHEMBL59828,OC(=O)c1cccc(O)c1C(=O)c2c(O)cc(cc2O)C(=O)O[C@@H]3CNC[C@H]3NC(=O)c4ccc(O)cc4,8.3
121,CHEMBL422056,OC(=O)c1cccc(O)c1C(=O)c2c(O)cc(cc2O)C(=O)O[C@H]3CNCC3NC(=O)c4ccc(O)cc4,8.3
122,CHEMBL306580,OC1C[C@@H](NC(=O)c2ccc(O)cc2)[C@@H](C1)OC(=O)c3cc(O)c(C(=O)c4c(O)cccc4C(=O)O)c(O)c3,8.3
123,CHEMBL1794808,O[C@@H]1C[C@H](NC(=O)c2ccc(O)cc2)[C@@H](C1)OC(=O)c3cc(O)c(C(=O)c4c(O)cccc4C(=O)O)c(O)c3.O[C@H]5C[C@H](NC(=O)c6ccc(O)cc6)[C@@H](C5)OC(=O)c7cc(O)c(C(=O)c8c(O)cccc8C(=O)O)c(O)c7,8.3
124,CHEMBL2430127,CCCCCCCCCCCCCCCC(=O)O[C@H]1C(=C[C@@]23[C@H](C)C[C@@H]4[C@H]([C@H](C=C(CO)[C@@H](O)[C@]12O)C3=O)C4(C)C)C,8.33
125,CHEMBL2381166,CC1(C)CC[C@@H]2CC(=O)O[C@@H](CO)CC(=O)O[C@@H]3C[C@@H](CCCCc4cc(O)ccc4I)O[C@@]1(C3)O2,8.34
126,CHEMBL2430115,CCC(CC)C(=O)O[C@H]1C(=C[C@@]23[C@H](C)C[C@@H]4[C@H]([C@H](C=C(CO)[C@@H](O)[C@]12O)C3=O)C4(C)C)C,8.35
127,CHEMBL565632,CN(C)CCOc1cc(C2=C(C(=O)NC2=O)c3c[nH]c4ccccc34)c5ccccc5c1,8.36
128,CHEMBL583906,Cc1c(Nc2c(cncc2c3oc4ccc(CN5CCNCC5)cc4c3)C#N)ccc6[nH]ccc16,8.37
129,CHEMBL3105096,C[C@@H]1C[C@@H]2[C@H]([C@@H]3C=C(CO)[C@@H](O)[C@]4(O)[C@@H](OC(=O)c5ccccc5Nc6ccccc6)C(=C[C@@]14C3=O)C)C2(C)C,8.38
130,CHEMBL2381163,CC1(C)CC[C@@H]2CC(=O)O[C@@H](CO)CC(=O)O[C@@H]3C[C@@H](CCCCc4cc(O)c(Br)cc4Br)O[C@@]1(C3)O2,8.39
131,CHEMBL2153752,CN1CCN(CC1)c2nc(C3=C(C(=O)NC3=O)c4c[nH]c5ccccc45)c6cc(C)ccc6n2,8.39
132,CHEMBL311399,OC(=O)c1cccc(O)c1C(=O)c2c(O)cc(cc2O)C(=O)OC3CCCNC[C@H]3NC(=O)c4ccc(O)cc4,8.4
133,CHEMBL75661,OC[C@H]1C[C@@H](NC(=O)c2ccc(O)cc2)[C@@H](C1)OC(=O)c3cc(O)c(C(=O)c4c(O)cccc4C(=O)O)c(O)c3,8.4
134,CHEMBL306427,OC[C@H]1C[C@H](NC(=O)c2ccc(O)cc2)[C@@H](C1)OC(=O)c3cc(O)c(C(=O)c4c(O)cccc4C(=O)O)c(O)c3,8.4
135,CHEMBL3105089,C[C@@H]1C[C@@H]2[C@H]([C@@H]3C=C(CO)[C@@H](O)[C@]4(O)[C@@H](OC(=O)c5ccccc5Br)C(=C[C@@]14C3=O)C)C2(C)C,8.42
136,CHEMBL3105027,C[C@@H]1C[C@@H]2[C@H]([C@@H]3C=C(CO)[C@@H](O)[C@]4(O)[C@@H](OC(=O)c5ccc6ccccc6c5)C(=C[C@@]14C3=O)C)C2(C)C,8.43
137,CHEMBL91829,CN(C)C[C@@H]1CCn2cc(C3=C(C(=O)NC3=O)c4cn(CCO1)c5ccccc45)c6ccccc26,8.44
138,CHEMBL2381162,CC1(C)CC[C@@H]2CC(=O)O[C@@H](CO)CC(=O)O[C@@H]3C[C@@H](CCCCc4cc(O)ccc4Br)O[C@@]1(C3)O2,8.46
139,CHEMBL605112,Cc1c(Nc2c(\C=C\CCN3CCN(CC3)c4ccccc4)cncc2C#N)ccc5[nH]ccc15,8.47
140,CHEMBL2148107,C[C@@H]1CC(C)(C)[C@@]23C[C@@H](C[C@@H](CCCCc4cccc(O)c4)O2)OC(=O)C[C@H](CO)OC(=O)C[C@@H]1O3,8.48
141,CHEMBL3105094,C[C@@H]1C[C@@H]2[C@H]([C@@H]3C=C(CO)[C@@H](O)[C@]4(O)[C@@H](OC(=O)c5ccccc5c6ccccc6)C(=C[C@@]14C3=O)C)C2(C)C,8.48
142,CHEMBL370130,CC(C)CC(C\C=C\1/CC(CO)(COC(=O)C(C)(C)C)OC1=S)CC(C)C,8.5
143,CHEMBL2153749,CN1CCN(CC1)c2nc(C3=C(C(=O)NC3=O)c4c[nH]c5ccccc45)c6c(C)cccc6n2,8.5
144,CHEMBL37271,CCCCCCCCCCC1N(C)c2ccccc2C[C@@H](CO)NC1=O,8.52
145,CHEMBL345767,OC(=O)c1cccc(O)c1C(=O)c2c(O)cc(cc2O)C(=O)OC[C@@H](Cc3ccc(O)cc3)NS(=O)(=O)c4ccccc4,8.52
146,CHEMBL2430122,C[C@@H]1C[C@@H]2[C@H]([C@@H]3C=C(CO)[C@@H](O)[C@]4(O)[C@@H](OC(=O)C5(C)CCCCC5)C(=C[C@@]14C3=O)C)C2(C)C,8.54
147,CHEMBL2151413,CC(C)n1cc(C2=C(C(=O)NC2=O)c3nc(nc4ccccc34)N5CCN(C)CC5)c6ccccc16,8.57
148,CHEMBL46252,CCCCCCCC(=O)O[C@H]1\C(=C\C(=O)OC)\CC2C[C@@H](OC(=O)C[C@H](O)C[C@@H]3CCC[C@H](C[C@@H]4CCO[C@@H](O4)\C=C\C(C)(C)[C@]1(O)O2)O3)[C@@H](C)O,8.6
149,CHEMBL2151408,CN1CCN(CC1)c2nc(C3=C(C(=O)NC3=O)c4c[nH]c5ccc(Cl)cc45)c6ccccc6n2,8.6
150,CHEMBL595521,CN1CCN(CC\C=C\c2cncc(C#N)c2Nc3ccc4[nH]ccc4c3C)CC1,8.6
151,CHEMBL3105098,CNc1ccccc1C(=O)O[C@H]2C(=C[C@@]34[C@H](C)C[C@@H]5[C@H]([C@H](C=C(CO)[C@@H](O)[C@]23O)C4=O)C5(C)C)C,8.6
152,CHEMBL337834,CC(C)[C@@H]1N(C)c2ccc(NC(=O)CCCCCCCCCCCCC(=O)Nc3ccc4C[C@@H](CO)NC(=O)[C@H](C(C)C)N(C)c4c3)cc2C[C@@H](CO)NC1=O,8.67
153,CHEMBL2153748,CN1CCN(CC1)c2cc3ccccc3c(n2)C4=C(C(=O)NC4=O)c5c[nH]c6ccccc56,8.75
154,CHEMBL380645,CC(C)C(CC(=O)OCC1(CO)C\C(=C/c2ccc(O)cc2)\C(=O)O1)C(C)C,8.85
155,CHEMBL2381165,CC1(C)CC[C@@H]2CC(=O)O[C@@H](CO)CC(=O)O[C@@H]3C[C@@H](CCCCc4ccc(I)c(O)c4)O[C@@]1(C3)O2,8.89
156,CHEMBL565612,CN1CCN(CC1)c2nc(C3=C(C(=O)NC3=O)c4c[nH]c5ccccc45)c6ccccc6n2,8.89
157,CHEMBL2153751,CN1CCN(CC1)c2nc(C3=C(C(=O)NC3=O)c4c[nH]c5ccccc45)c6cc(Cl)ccc6n2,8.92
158,CHEMBL96766,CC(C)CC(C\C=C/1\CC(CO)(COC(=O)C(C)(C)C)OC1=O)CC(C)C,8.94
159,CHEMBL2151415,Cn1cc(C2=C(C(=O)NC2=O)c3nc(nc4ccccc34)N5CCNCC5)c6ccccc16,9.0
160,CHEMBL48636,OC(=O)c1cccc(O)c1C(=O)c2c(O)cc(cc2O)C(=O)OC3CCCC3NC(=O)c4ccc(O)cc4,9.0
161,CHEMBL52529,OC(=O)c1cccc(O)c1C(=O)c2c(O)cc(cc2O)C(=O)O[C@@H]3CCC[C@H]3NC(=O)c4ccc(O)cc4,9.0
162,CHEMBL71331,OC(=O)c1cccc(O)c1C(=O)c2c(O)cc(cc2O)C(=O)O[C@H]3CCCC3NC(=O)c4ccc(O)cc4,9.0
163,CHEMBL137386,CC(C)CC(C\C=C\1/CC(CO)(COC(=O)C(C)(C)C)OC1=O)CC(C)C,9.05
164,CHEMBL427118,OC(=O)c1cccc(O)c1C(=O)c2c(O)cc(cc2O)C(=O)OC3CCC[C@H]3NC(=O)c4ccc(O)cc4,9.05
165,CHEMBL279115,CCCCCCCCCCCCCC(=O)O[C@@H]1[C@@H](C)[C@@]2(O)[C@@H](C=C(CO)C[C@@]3(O)[C@H]2C=C(C)C3=O)[C@@H]4C(C)(C)[C@]14OC(=O)C,9.1
166,CHEMBL351103,CCCCCCCCCCCCCC[C@@H]1N(C)c2ccccc2C[C@@H](CO)NC1=O,9.1
167,CHEMBL160375,CCCCCCCCCCCC[C@@H]1N(C)c2ccccc2C[C@@H](CO)NC1=O,9.1
168,CHEMBL159233,CCCCCCCCCC[C@@H]1N(C)c2ccccc2C[C@@H](CO)NC1=O,9.1
169,CHEMBL285801,CCCCCCCCc1ccc2N(C)[C@@H](C(C)C)C(=O)N[C@H](CO)Cc3c[nH]c1c23,9.1
170,CHEMBL2153750,CN1CCN(CC1)c2nc(C3=C(C(=O)NC3=O)c4c[nH]c5ccccc45)c6cc(F)ccc6n2,9.22
171,CHEMBL265998,CCCC(=O)O[C@@H]1[C@@H](C)[C@]2(O)[C@@H]3C=C(C)C(=O)[C@H]3CC(=C[C@H]2[C@@H]4C(C)(C)[C@]14OC(=O)CCC)CO,9.26
172,CHEMBL399981,CCCCCCn1cc2C[C@@H](CO)NC(=O)[C@H](C(C)C)N(C)c3cccc1c23,9.34
173,CHEMBL449158,CCC\C=C\C=C\C(=O)O[C@H]1\C(=C\C(=O)OC)\C[C@H]2C[C@@H](OC(=O)C[C@H](O)C[C@@H]3C[C@H](OC(=O)C)C(C)(C)[C@](O)(C[C@@H]4C\C(=C\C(=O)OC)\C[C@@H](O4)\C=C\C(C)(C)[C@]1(O)O2)O3)[C@@H](C)O,9.36
174,CHEMBL1996510,O=C1NC(=O)C(=C1c2c[nH]c3ccccc23)c4nc(nc5ccccc45)N6CCNCC6,9.4
175,CHEMBL417692,CC(C)[C@@H]1N(C)c2cc3c(c4[nH]cc(C[C@@H](CO)NC1=O)c24)[C@](C)(CC[C@]3(C)C(C)C)C=C,9.5
176,CHEMBL2418196,C[C@@H](O)[C@H]1CC(=O)O[C@H]2C[C@]3(O[C@H]([C@@H](C)CCCc4cccc(O)c4)[C@H]2C)O[C@@](O)(CC(=O)O1)[C@H](C)CC3(C)C,9.5
177,CHEMBL2151411,CN1CCN(CC1)c2nc(C3=C(C(=O)NC3=O)c4c[nH]c5c(C)cccc45)c6ccccc6n2,10.0
