,molecule_chembl_id,canonical_smiles,pchembl_value
0,ingenol mebutate,[H][C@@]12C[C@@]([H])(C)[C@]34C=C(C)[C@]([H])(OC(=O)C(\C)=C/C)[C@@]3(O)[C@]([H])(O)C(CO)=C[C@]([H])(C4=O)[C@]1([H])C2(C)C,7.52287865
1,CHEMBL1672571,Oc1ccc2sc3C(=O)NCCSc3c2c1,7.55
2,CHEMBL388978,CN[C@@H]1C[C@H]2O[C@@](C)([C@@H]1OC)n3c4ccccc4c5c6CNC(=O)c6c7c8ccccc8n2c7c35,7.57
3,CHEMBL302449,Cn1c2ccccc2c3c4C(=O)NCc4c5c6ccccc6n(CCC#N)c5c13,7.57
4,CHEMBL1215286,CN1CCN(CC1)c2cc(cc(n2)c3ccnc(NC4CCCCC4)c3)C(=O)N,7.6
5,CHEMBL1215000,NC(=O)c1cc(nc(c1)c2ccnc(Nc3ccccc3)c2)N4CCNCC4,7.62
6,CHEMBL1215360,FC(F)(F)c1cc(nc(c1)c2ccnc(NC3CCCCC3)c2)N4CCNCC4,7.7
7,CHEMBL1214788,NC(=O)C1CCN(CC1)c2nc(cc3cnccc23)c4ccnc(NC5CCOCC5)c4,7.7
8,CHEMBL1215795,CC(=O)C1CN(CCN1)c2nc(cc3cnccc23)c4ccnc(NC5CCCCC5)c4,7.72
9,CHEMBL1683438,O=C(NCC#N)c1cccc(c1)c2cc(on2)c3ccc(CNC4CCOCC4)cc3,7.72
10,CHEMBL1215078,N#Cc1cc(nc(c1)c2ccnc(NC3CCCCC3)c2)N4CCNCC4,7.75
11,CHEMBL1215151,C1CCC(CC1)Nc2cc(ccn2)c3cc(cc(n3)N4CCNCC4)c5cn[nH]c5,7.77
12,CHEMBL1215361,FC(F)c1cc(nc(c1)c2ccnc(NC3CCCCC3)c2)N4CCNCC4,7.77
13,CHEMBL1215572,C1CCC(CC1)Nc2cc(ccn2)c3cc4ncccc4c(n3)N5CCNCC5,7.82
14,CHEMBL1215793,OC1CCN(CC1)c2nc(cc3cnccc23)c4ccnc(NC5CCCCC5)c4,7.82
15,CHEMBL603469,C[C@]12O[C@H](C[C@]1(O)CO)n3c4ccccc4c5c6C(=O)NCc6c7c8ccccc8n2c7c35,7.85
16,CHEMBL1215285,NC1CCCN(C1)c2cc(cc(n2)c3ccnc(NC4CCCCC4)c3)C(=O)N,7.85
17,CHEMBL1215709,C1CCC(CC1)Nc2cc(ccn2)c3cc4cnccc4c(n3)N5CCN(CC5)C6CC6,7.89
18,CHEMBL1215505,C1CCC(CC1)Nc2cc(ccn2)c3cc4ccccc4c(n3)N5CCNCC5,7.92
19,CHEMBL1215711,C1CN(CCN1)c2nc(cc3cnccc23)c4ccnc(NC5CCOCC5)c4,8.0
20,CHEMBL495727,O=C(NC1CC1)Nc2c[nH]nc2c3nc4cc(CN5CCOCC5)ccc4[nH]3,8.0
21,CHEMBL1683436,CC(C)NCc1ccc(cc1)c2onc(c2)c3cccc(c3)C(=O)N[C@H](C)C#N,8.05
22,CHEMBL1215223,C[C@H]1CN(CCN1)c2cc(cc(n2)c3ccnc(NC4CCCCC4)c3)C(=O)N,8.1
23,CHEMBL1215150,Cn1ccc(Nc2cc(ccn2)c3cc(cc(n3)N4CCNCC4)C#N)n1,8.1
24,CHEMBL1215642,CC(C)CN1CCN(CC1)c2nc(cc3cnccc23)c4ccnc(NC5CCCCC5)c4,8.22
25,CHEMBL1215222,C[C@@H]1CN(CCN1)c2cc(cc(n2)c3ccnc(NC4CCCCC4)c3)C(=O)N,8.22
26,CHEMBL1215076,NC(=O)c1cc(nc(c1)c2ccnc(NC3CCCC3)c2)N4CCNCC4,8.22
27,CHEMBL1683440,C[C@@H](NC(=O)c1cccc(c1)c2cc(on2)c3ccc(CNC4CCOCC4)cc3)C#N,8.26
28,CHEMBL1215149,N#Cc1cc(nc(c1)c2ccnc(Nc3ccccc3)c2)N4CCNCC4,8.3
29,CHEMBL1214787,NCC(=O)N1CCN(CC1)c2nc(cc3cnccc23)c4ccnc(NC5CCOCC5)c4,8.3
30,CHEMBL1215152,C1CCC(CC1)Nc2cc(ccn2)c3cc(cc(n3)N4CCNCC4)c5cc[nH]n5,8.4
31,CHEMBL1215077,CCNc1cc(ccn1)c2cc(cc(n2)N3CCNCC3)C(=O)N,8.4
32,CHEMBL1214786,OC1CCN(CC1)C(=O)C2CCN(CC2)c3nc(cc4cnccc34)c5ccnc(NC6CCCCC6)c5,8.4
33,CHEMBL1683435,CC(C)NCc1ccc(cc1)c2cc(n[nH]2)c3cccc(c3)C(=O)N[C@H](C)C#N,8.43
34,CHEMBL1214857,CC(C)NC(=O)C1CCN(CC1)c2nc(cc3cnccc23)c4ccnc(NC5CCOCC5)c4,8.52
35,CHEMBL1214789,CCNC(=O)C1CCN(CC1)c2nc(cc3cnccc23)c4ccnc(NC5CCOCC5)c4,8.52
36,CHEMBL1214710,CNC(=O)C1CCN(CC1)c2nc(cc3cnccc23)c4ccnc(NC5CCCCC5)c4,8.52
37,CHEMBL1215640,C[C@@H]1CN(C[C@H](C)N1)c2nc(cc3cnccc23)c4ccnc(NC5CCCCC5)c4,8.52
38,CHEMBL1215643,C(C1CC1)N2CCN(CC2)c3nc(cc4cnccc34)c5ccnc(NC6CCCCC6)c5,8.7
39,CHEMBL1214858,CC(C)CNC(=O)C1CCN(CC1)c2nc(cc3cnccc23)c4ccnc(NC5CCOCC5)c4,8.7
40,CHEMBL1215641,CN1CCN(CC1)c2nc(cc3cnccc23)c4ccnc(NC5CCCCC5)c4,8.7
41,CHEMBL1215220,NC(=O)c1cc(N[C@@H]2CCNC2)nc(c1)c3ccnc(NC4CCCCC4)c3,8.7
42,CHEMBL1214859,OCCNC(=O)C1CCN(CC1)c2nc(cc3cnccc23)c4ccnc(NC5CCOCC5)c4,8.7
43,CHEMBL1215712,CC(C)CN1CCN(CC1)c2nc(cc3cnccc23)c4ccnc(NC5CCOCC5)c4,9.0
44,CHEMBL1215002,CC(C)Nc1cc(ccn1)c2cc(cc(n2)N3CCNCC3)C(=O)N,9.0
45,CHEMBL1215074,Cn1ccc(Nc2cc(ccn2)c3cc(cc(n3)N4CCNCC4)C(=O)N)n1,9.0
46,CHEMBL1214999,NC(=O)c1cc(nc(c1)c2ccnc(NC3CCCCC3)c2)N4CCNCC4,9.0
47,CHEMBL1215001,NC(=O)c1cc(nc(c1)c2ccnc(NC3CCOCC3)c2)N4CCNCC4,9.0
48,CHEMBL1215075,NC(=O)c1cc(nc(c1)c2ccnc(Nc3ccccc3Cl)c2)N4CCNCC4,9.0
49,CHEMBL1215710,NCC1CCN(CC1)c2nc(cc3cnccc23)c4ccnc(NC5CCCCC5)c4,9.0
50,CHEMBL1214711,O=C(NC1CCNCC1)C2CCN(CC2)c3nc(cc4cnccc34)c5ccnc(NC6CCCCC6)c5,9.0
51,CHEMBL1214712,O=C(NCCN1CCCC1)C2CCN(CC2)c3nc(cc4cnccc34)c5ccnc(NC6CCCCC6)c5,9.0
52,CHEMBL1214860,O=C(NCCN1CCCC1)C2CCN(CC2)c3nc(cc4cnccc34)c5ccnc(NC6CCOCC6)c5,9.0
53,CHEMBL1215363,O=C1NCc2c1cc(nc2c3ccnc(NC4CCCCC4)c3)N5CCNCC5,9.0
54,CHEMBL1214998,C1CCC(CC1)Nc2cc(ccn2)c3cc4cnccc4c(n3)N5CCNCC5,9.22
