,molecule_chembl_id,canonical_smiles,pchembl_value
0,nintedanib,COC(=O)c1ccc2\C(=C(\Nc3ccc(cc3)N(C)C(=O)CN4CCN(C)CC4)/c5ccccc5)\C(=O)Nc2c1,7.85
1,CHEMBL2023714,NC(=N)NCCC[C@@H](NC(=O)[C@@H](CCCNC(=N)N)NC(=O)[C@@H](CCCNC(=N)N)NC(=O)[C@@H](CCCNC(=N)N)NC(=O)[C@@H](CCCNC(=N)N)NC(=O)[C@@H](CCCNC(=N)N)NC(=O)CCCCCNCCNS(=O)(=O)c1cccc2cnccc12)C(=O)N,7.89
2,CHEMBL388978,CN[C@@H]1C[C@H]2O[C@@](C)([C@@H]1OC)n3c4ccccc4c5c6CNC(=O)c6c7c8ccccc8n2c7c35,8.3
3,CHEMBL2023845,CN(C)C1C=CC2=C(c3ccc(cc3OC2=C1)N(C)C)c4ccc(cc4C(=O)N[C@H](CCCCN)C(=O)NC(=N)NCCC[C@@H](NC(=O)[C@@H](CCCNC(=N)N)NC(=O)[C@@H](CCCNC(=N)N)NC(=O)[C@@H](CCCNC(=N)N)NC(=O)[C@@H](CCCNC(=N)N)NC(=O)[C@@H](CCCNC(=N)N)NC(=O)CCCCCNCCNS(=O)(=O)c5cccc6cnccc56)C(=O)N)C(=O)O,8.5
4,CHEMBL2023841,CC1(C)C2=C3C=C4C(CC[N+]5=C4C(C)(C)c6cc(ccc56)S(=C)(=O)O)OC3CCN2c7ccc(CC(=O)NCCCC[C@@H](NC(=O)[C@@H](CCCNC(=N)N)NC(=O)[C@@H](CCCNC(=N)N)NC(=O)[C@@H](CCCNC(=N)N)NC(=O)[C@@H](CCCNC(=N)N)NC(=O)[C@@H](CCCNC(=N)N)NC(=O)[C@@H](CCCNC(=N)N)NC(=O)CCCCCNC(=O)[C@@H](CCCNC(=N)N)NC(=O)CCCCCCCNCCNS(=O)(=O)c8cccc9cnccc89)C(=O)N)cc17,8.89
