,molecule_chembl_id,canonical_smiles,pchembl_value
0,dasatinib,CC1=NC(NC2=NC=C(S2)C(=O)NC2=C(C)C=CC=C2Cl)=CC(=N1)N1CCN(CCO)CC1,8.11
1,CHEMBL3133829,CCOc1cccc(Nc2ccnc3[nH]c4ccc(cc4c23)S(=O)(=O)N5CCNCC5)c1,7.59
2,CHEMBL1836803,COc1cc(Nc2nc(C)cn3c(cnc23)c4cn[nH]c4)ccc1C(=O)N5CCNCC5,7.64
3,CHEMBL3133817,CC(=O)c1ccc2[nH]c3nccc(Nc4cccc(c4)[N+](=O)[O-])c3c2c1,7.68
4,CHEMBL1836839,Cc1cn2c(cnc2c(Nc3ccc(C(=O)N4CCNC5(CC5)C4)c(Cl)c3)n1)c6cn[nH]c6,7.72
5,CHEMBL1836838,Cc1cn2c(cnc2c(Nc3ccc(C(=O)N4CCNC(C)(C)C4)c(Cl)c3)n1)c5cn[nH]c5,7.75
6,CHEMBL1836807,CC(=O)N1CCN(CC1)C(=O)c2ccc(Nc3nc(C)cn4c(cnc34)c5cn[nH]c5)cc2Cl,7.8
7,CHEMBL1836837,Cc1cn2c(cnc2c(Nc3ccc(C(=O)N4CCNCC45CC5)c(Cl)c3)n1)c6cn[nH]c6,7.8
8,CHEMBL1836800,Cc1cn2c(cnc2c(Nc3ccc(cc3)C(=O)N4CCNCC4)n1)c5cn[nH]c5,7.82
9,CHEMBL3133819,CC(=O)c1ccc2[nH]c3nccc(Nc4cccc(Cl)c4)c3c2c1,7.89
10,CHEMBL1739550,Cc1cn2c(cnc2c(Nc3cc(CN4CCCCC4)ns3)n1)c5cn[nH]c5,7.89
11,CHEMBL1836845,Clc1cc(Nc2nc(cn3c(cnc23)c4cn[nH]c4)C5CC5)ccc1C(=O)N6CCNC7(CC7)C6,7.89
12,CHEMBL3133814,Clc1cccc(Nc2ccnc3[nH]c4ccc(Br)cc4c23)c1,7.89
13,CHEMBL1836761,CN(C)C(=O)c1cc(Nc2nc(C)cn3c(cnc23)c4cn[nH]c4)sn1,7.92
14,CHEMBL1836841,Cc1cn2c(cnc2c(Nc3ccc(C(=O)N4C[C@H]5CC[C@@H](C4)N5)c(Cl)c3)n1)c6cn[nH]c6,7.96
15,CHEMBL1836796,Cc1cn2c(cnc2c(Nc3ccnc(c3)N4CCNCC4)n1)c5cn[nH]c5,7.96
16,CHEMBL1836760,CCOc1cc(Nc2nc(C)cn3c(cnc23)c4cn[nH]c4)sc1C(=O)N5CCCC(C)C5,8.0
17,CHEMBL1836754,CCc1cn2c(cnc2c(Nc3ccc(C(=O)N4CCNCC4)c(Cl)c3)n1)c5cn[nH]c5,8.0
18,CHEMBL1836799,Cc1cn2c(cnc2c(Nc3cc(CN4CCC(O)CC4)cs3)n1)c5cn[nH]c5,8.0
19,CHEMBL1836815,Cc1cn2c(cnc2c(Nc3ccc(C(=O)N4CCNCC4(C)C)c(Cl)c3)n1)c5cn[nH]c5,8.0
20,CHEMBL1836864,Cc1cn2c(cnc2c(Nc3ccc(cc3F)C(=O)N4CCNC(C)(C)C4)n1)c5cn[nH]c5,8.0
21,CHEMBL1836853,Cc1cn2c(cnc2c(Nc3ccc(cc3F)C(=O)N4CCNCC4)n1)c5cn[nH]c5,8.0
22,CHEMBL1836843,Clc1cc(Nc2nc(cn3c(cnc23)c4cn[nH]c4)C5CC5)ccc1C(=O)N6CCNCC67CC7,8.0
23,CHEMBL1836847,Clc1cc(Nc2nc(cn3c(cnc23)c4cn[nH]c4)C5CC5)ccc1C(=O)N6C[C@H]7CC[C@@H](C6)N7,8.0
24,CHEMBL3133830,COc1cccc(Nc2ccnc3[nH]c4ccc(cc4c23)S(=O)(=O)N5CCN(CCO)CC5)c1,8.04
25,CHEMBL1836862,Cc1cn2c(cnc2c(Nc3ccc(cc3F)C(=O)N4CCNCC4(C)C)n1)c5cn[nH]c5,8.05
26,CHEMBL1836805,CN1CCN(CC1)C(=O)c2ccc(Nc3nc(C)cn4c(cnc34)c5cn[nH]c5)cc2Cl,8.1
27,CHEMBL1836810,Cc1cn2c(cnc2c(Nc3ccc(C(=O)N4CCOCC4)c(Cl)c3)n1)c5cn[nH]c5,8.1
28,CHEMBL3133818,CC(=O)c1ccc2[nH]c3nccc(Nc4cccc(N)c4)c3c2c1,8.12
29,CHEMBL1836867,Cc1cn2c(cnc2c(Nc3ccc(C(=O)N4CCNCC4)c(Cl)c3)n1)c5cn[nH]c5,8.16
30,CHEMBL1836802,Cc1cn2c(cnc2c(Nc3ccc(C(=O)N4CCNCC4)c(c3)C(F)(F)F)n1)c5cn[nH]c5,8.16
31,CHEMBL1836840,Cc1cn2c(cnc2c(Nc3ccc(C(=O)N4C[C@H]5CC[C@@H]4CN5)c(Cl)c3)n1)c6cn[nH]c6,8.16
32,CHEMBL1836865,CC1(C)CN(CCN1)C(=O)c2ccc(Nc3nc(cn4c(cnc34)c5cn[nH]c5)C6CC6)c(F)c2,8.22
33,CHEMBL1836755,Clc1cc(Nc2nc(cn3c(cnc23)c4cn[nH]c4)C5CC5)ccc1C(=O)N6CCNCC6,8.22
34,CHEMBL3133825,COc1cccc(Nc2ccnc3[nH]c4ccc(cc4c23)S(=O)(=O)N5CCOCC5)c1,8.24
35,CHEMBL3238097,[O-][N+](=O)c1cccc(Nc2ccnc3[nH]c4ccccc4c23)c1,8.25
36,CHEMBL1836846,Clc1cc(Nc2nc(cn3c(cnc23)c4cn[nH]c4)C5CC5)ccc1C(=O)N6C[C@H]7CC[C@@H]6CN7,8.3
37,CHEMBL3133828,COc1cccc(Nc2ccnc3[nH]c4ccc(cc4c23)S(=O)(=O)N5CCNCC5)c1,8.32
38,CHEMBL3133822,Clc1cccc(Nc2ccnc3[nH]c4ccccc4c23)c1,8.32
39,CHEMBL3238103,COc1cc(Nc2ccnc3[nH]c4ccccc4c23)ccc1Br,8.36
40,CHEMBL1230609,COc1cc2c(Oc3ccc(NC(=O)C4(CC4)C(=O)Nc5ccc(F)cc5)cc3F)ccnc2cc1OCCCN6CCOCC6,8.37
41,CHEMBL3133815,[O-][N+](=O)c1cccc(Nc2ccnc3[nH]c4ccc(Br)cc4c23)c1,8.39
42,CHEMBL3133821,Oc1cccc(Nc2ccnc3[nH]c4ccccc4c23)c1,8.5
43,CHEMBL1836844,CC1(C)CN(CCN1)C(=O)c2ccc(Nc3nc(cn4c(cnc34)c5cn[nH]c5)C6CC6)cc2Cl,8.52
44,CHEMBL1836863,CC1(C)CNCCN1C(=O)c2ccc(Nc3nc(cn4c(cnc34)c5cn[nH]c5)C6CC6)c(F)c2,8.52
45,CHEMBL1836806,Cc1cn2c(cnc2c(Nc3ccc(C(=O)N4CCNC(=O)C4)c(Cl)c3)n1)c5cn[nH]c5,8.52
46,CHEMBL1836854,Fc1cc(ccc1Nc2nc(cn3c(cnc23)c4cn[nH]c4)C5CC5)C(=O)N6CCNCC6,8.52
47,CHEMBL1836842,CC1(C)CNCCN1C(=O)c2ccc(Nc3nc(cn4c(cnc34)c5cn[nH]c5)C6CC6)cc2Cl,8.7
48,CHEMBL249097,Cc1ccc(O)cc1Nc2ccnc(Nc3cccc(c3)C(=O)N)n2,8.7
49,CHEMBL450519,Nc1ncnc2c1c(cn2C3CCNCC3)c4cccc(O)c4,8.7
2,CHEMBL101253,Clc1ccc(Nc2nnc(Cc3ccncc3)c4ccccc24)cc1,5.57
10,CHEMBL278041,Oc1ccc(cc1)c2nc(c3ccc(F)cc3)c([nH]2)c4ccncc4,5.52
11,CHEMBL10,C[S+]([O-])c1ccc(cc1)c2nc(c3ccc(F)cc3)c([nH]2)c4ccncc4,5.05
18,CHEMBL24828,COc1cc2c(Nc3ccc(Br)cc3F)ncnc2cc1OCC4CCN(C)CC4,7.48
19,CHEMBL31965,Fc1ccc(Nc2ncnc3cc(OCCCN4CCOCC4)c(NC(=O)C=C)cc23)cc1Cl,5.96
102,CHEMBL572881,CC1(C)CNc2cc(NC(=O)c3cccnc3NCc4ccncc4)ccc12,6.0
108,CHEMBL558752,Cn1c(Nc2ccc(cc2)C(F)(F)F)nc3cc(Oc4ccnc(c4)c5ncc([nH]5)C(F)(F)F)ccc13,5.44
112,CHEMBL1421,Cc1nc(Nc2ncc(s2)C(=O)Nc3c(C)cccc3Cl)cc(n1)N4CCN(CCO)CC4,8.11
118,CHEMBL477772,CN(c1ccc2c(C)n(C)nc2c1)c3ccnc(Nc4ccc(C)c(c4)S(=O)(=O)N)n3,5.64
150,CHEMBL602471,C[C@@H](Oc1ccc2ncc(\C=C\C(=O)N)cc2c1)c3c(Cl)ccc(F)c3Cl,4.5
174,CHEMBL603469,C[C@]12O[C@H](C[C@]1(O)CO)n3c4ccccc4c5c6C(=O)NCc6c7c8ccccc8n2c7c35,5.77
234,CHEMBL1836861,Fc1cc(ccc1Nc2nc(cn3c(cnc23)c4cn[nH]c4)C5CC5)C(=O)N6CCOCC6,7.52
235,CHEMBL1836801,Cc1cn2c(cnc2c(Nc3ccc(C(=O)N4CCNCC4)c(F)c3)n1)c5cn[nH]c5,7.5
236,CHEMBL1836814,Cc1cn2c(cnc2c(Nc3ccc(C(=O)N4CCCNCC4)c(Cl)c3)n1)c5cn[nH]c5,7.47
237,CHEMBL1836804,Cc1cn2c(cnc2c(Nc3ccc(C(=O)N4CCNCC4)c(c3)C5CC5)n1)c6cn[nH]c6,7.42
238,CHEMBL1836748,Cc1cn2c(cnc2c(Nc3ccc(C(=O)N4CCNCC4)c(Cl)c3)n1)c5ccsc5,7.29
239,CHEMBL1836813,COC1CCN(CC1)C(=O)c2ccc(Nc3nc(C)cn4c(cnc34)c5cn[nH]c5)cc2Cl,7.22
240,CHEMBL1836850,Clc1cc(ccc1Nc2nc(cn3c(cnc23)c4cn[nH]c4)C5CC5)C(=O)N6CCNCC6,7.2
241,CHEMBL1836849,Cc1cn2c(cnc2c(Nc3ccc(cc3Cl)C(=O)N4CCNCC4)n1)c5cn[nH]c5,7.19
242,CHEMBL1836808,Cc1cn2c(cnc2c(Nc3ccc(C(=O)N4CCN(CCO)CC4)c(Cl)c3)n1)c5cn[nH]c5,7.17
243,CHEMBL1836855,Cc1cn2c(cnc2c(Nc3ccc(cc3F)C(=O)N4CCOCC4)n1)c5cn[nH]c5,7.16
244,CHEMBL1836812,Cc1cn2c(cnc2c(Nc3ccc(C(=O)N4CCC(O)CC4)c(Cl)c3)n1)c5cn[nH]c5,7.14
245,CHEMBL1836797,Cc1cn2c(cnc2c(Nc3cncc(c3)N4CCNCC4)n1)c5cn[nH]c5,7.13
246,CHEMBL1836809,Cc1cn2c(cnc2c(Nc3ccc(C(=O)N4CCCCC4)c(Cl)c3)n1)c5cn[nH]c5,7.03
247,CHEMBL1836757,Cc1cn2c(cnc2c(Nc3ccc(C(=O)O)c(Cl)c3)n1)c4cn[nH]c4,7.01
248,CHEMBL1836758,Cc1cn2c(cnc2c(Nc3cc(Cl)cc(c3)C(=O)N4CCNCC4)n1)c5cn[nH]c5,6.98
249,CHEMBL1836848,Clc1cc(Nc2nc(cn3c(cnc23)c4cn[nH]c4)C5CC5)ccc1C(=O)N6CCOCC6,6.91
250,CHEMBL1836851,Cc1cn2c(cnc2c(Nc3ccc(cc3Cl)C(=O)N4CCOCC4)n1)c5cn[nH]c5,6.81
251,CHEMBL1836852,Clc1cc(ccc1Nc2nc(cn3c(cnc23)c4cn[nH]c4)C5CC5)C(=O)N6CCOCC6,6.81
252,CHEMBL1836749,Cc1cn2c(cnc2c(Nc3ccc(C(=O)N4CCNCC4)c(Cl)c3)n1)c5cccs5,6.75
253,CHEMBL1836747,Cc1cn2c(cnc2c(Nc3ccc(C(=O)N4CCNCC4)c(Cl)c3)n1)c5cnn(C)c5,6.59
254,CHEMBL1836751,Cc1cn2c(cnc2c(Nc3ccc(C(=O)N4CCNCC4)c(Cl)c3)n1)c5cccnc5,6.5
255,CHEMBL1836750,Cc1cn2c(cnc2c(Nc3ccc(C(=O)N4CCNCC4)c(Cl)c3)n1)c5ccncc5,6.45
256,CHEMBL1836811,Cc1cn2c(cnc2c(Nc3ccc(C(=O)N4CCOCC4(C)C)c(Cl)c3)n1)c5cn[nH]c5,6.42
257,CHEMBL1836753,Clc1cc(Nc2nccn3c(cnc23)c4cn[nH]c4)ccc1C(=O)N5CCNCC5,6.41
258,CHEMBL1836756,CC(C)c1cn2c(cnc2c(Nc3ccc(C(=O)N4CCNCC4)c(Cl)c3)n1)c5cn[nH]c5,6.32
259,CHEMBL1836798,Cc1cn2c(cnc2c(Nc3ccc(nc3)N4CCOCC4)n1)c5cn[nH]c5,6.31
260,CHEMBL1836866,Cc1cc(Nc2nc(Sc3ccccc3Cl)cn4c(cnc24)c5cn[nH]c5)sn1,6.3
261,CHEMBL1836759,Cc1cn2c(cnc2c(N[C@@H]3CC[C@H](CC3)C(=O)N4CCNCC4)n1)c5cn[nH]c5,6.1
262,CHEMBL1836743,Cc1cn2c(c(C)nc2c(Nc3ccc(C(=O)N4CCNCC4)c(Cl)c3)n1)c5cn[nH]c5,5.82
263,CHEMBL1836752,Cc1cn2c(cnc2c(Nc3ccc(C(=O)N4CCNCC4)c(Cl)c3)n1)c5cncnc5,5.58
329,CHEMBL491473,COc1cc2c(Oc3ccc4[nH]c(C)cc4c3F)ncnc2cc1OCCCN5CCCC5,6.25
331,CHEMBL386051,CSc1cccc(Nc2ncc3C=C(C(=O)N(C)c3n2)c4c(Cl)cccc4Cl)c1,7.32
341,CHEMBL509032,COc1cc(ccc1Nc2ncc(Cl)c(Nc3ccccc3S(=O)(=O)C(C)C)n2)N4CCC(CC4)N5CCN(C)CC5,7.44
346,CHEMBL230011,Nc1nc(N)c2nc(c3cccc(O)c3)c(nc2n1)c4cccc(O)c4,5.3
349,CHEMBL1908396,COc1cc(Oc2ccnc3cc(OC)c(OC)cc23)ccc1NC(=O)NC(C)c4nccs4,7.16
350,CHEMBL1230020,CCCS(=O)(=O)Nc1ccc(F)c(C(=O)c2c[nH]c3ncc(Cl)cc23)c1F,7.32
354,CHEMBL1287853,Cc1cnc(Nc2ccc(OCCN3CCCC3)cc2)nc1Nc4cccc(c4)S(=O)(=O)NC(C)(C)C,5.92
369,CHEMBL475251,COc1cc(Nc2ncc(F)c(Nc3ccc4OC(C)(C)C(=O)Nc4n3)n2)cc(OC)c1OC,6.44
1158,CHEMBL1974328,Cc1cccc(Nc2nc(NC3CCCCC3N)cnc2C(=O)N)c1,5.7
1159,CHEMBL1988717,Cn1cc(cn1)c2cnn3c(N)c(cnc23)c4ccc(NC(=O)Nc5cccc(c5)C(F)(F)F)cc4,6.5
1161,CHEMBL1987034,NS(=O)(=O)c1cccc(Nc2ncc(Br)c(Nc3ccc(OCC#N)cc3)n2)c1,6.7
1163,CHEMBL2005886,Cc1cc(cc2[nH]c(nc12)C3=C(NCC(O)c4cccc(Cl)c4)C=CNC3=O)N5CCOCC5,5.8
1170,CHEMBL1982924,COc1cccc(c1)C(=O)Nc2cnc3[nH]cc(c4ccccc4)c3c2,5.7
1177,CHEMBL244378,OC(=O)c1ccccc1Nc2ccnc(Nc3ccc4cn[nH]c4c3)n2,5.6
1184,CHEMBL1978448,CS(=O)(=O)N(Cc1ccc2NC(=O)c3cccn3c2c1)C4CC4,5.7
1208,CHEMBL1989708,CC(O)Cn1cc(cn1)c2cnc(N)c3c(csc23)c4ccc(NC(=O)Nc5cccc(C)c5)cc4,6.5
1211,CHEMBL1976420,CCc1c([nH]c2nccnc12)c3ccc(cc3)C(C)(C)O,6.5
1231,CHEMBL1992306,CNC(=O)c1cc(Oc2ccc(NC(=O)Nc3cccc(c3)C(F)(F)F)cc2)ccn1,6.3
1235,CHEMBL1998585,Nc1ncnc2scc(c3ccc(NC(=O)Nc4cc(ccc4F)C(F)(F)F)cc3)c12,6.0
1241,CHEMBL1998829,Clc1ccc(cc1)C(=O)Nc2cnc3[nH]cc(c4ccccc4)c3c2,5.9
1244,CHEMBL1981725,CCN1CCN(CC1)c2ccc(Nc3nccc(n3)c4c(nc5ccccn45)c6cccc(c6)C(=O)Nc7ccccc7F)cc2,7.9
1252,CHEMBL1965570,Nc1ncc(c2cocc2)c3scc(c4ccc(NC(=O)Nc5ccccc5F)cc4)c13,6.3
1267,CHEMBL1972584,CC(=O)N1CCN(CC1)C2CCC(CC2)n3nc(c4ccc(NC(=O)c5cc6ccccc6n5C)cc4)c7c(N)ncnc37,7.9
1275,CHEMBL1968791,Cc1c(c2cccc(OCc3ccccc3)c2)c4c(N)ncnc4n1C5CC(CN6CCCC6)C5,6.2
1281,CHEMBL1969156,Nc1nccc2cnc(c3ccccc3)n12,5.3
1313,CHEMBL363648,CCc1nc(c2cccc(C)c2)c(s1)c3ccnc(NC(=O)c4ccccc4)c3,6.2
1317,CHEMBL1969588,Clc1cc(cc(NCc2ccccc2)n1)c3c[nH]c4ncccc34,6.2
1323,CHEMBL1996979,Fc1cccc(F)c1C(=O)Nc2cnc3[nH]cc(c4ccccc4)c3c2,7.1
1331,CHEMBL316264,Fc1ccc(cc1)c2nc(c3ccc(F)cc3)c([nH]2)c4ccncc4,5.7
1337,CHEMBL253969,NC(=O)c1c(NC(=O)NCCCCN2CCCC2)snc1OCc3c(F)cc(Br)cc3F,6.5
1351,CHEMBL1971029,CNS(=O)(=O)c1ccccc1Nc2nc(Nc3cc(ccc3OC)N4CCN(CC4)C(=O)C)ncc2Br,6.4
1359,CHEMBL1998112,COc1ccc(cc1OC)c2cc3nccn3c(Nc4ccccc4C(=O)N)n2,7.5
1385,CHEMBL1993243,CNC(=O)C=Cc1cnc(N)c2c(csc12)c3ccc4OCOc4c3,6.9
1393,CHEMBL508928,Cc1cccc(NC(=O)Nc2ccc(cc2)c3cnc4c(cnn4c3N)c5cnn(C)c5)c1,6.3
1412,CHEMBL306380,Cc1ccc(cc1)c2nn(c3ncnc(N)c23)C(C)(C)C,8.1
1429,CHEMBL1964692,Cn1nc(N)c2c(cncc12)c3ccc(NC(=O)Nc4cccc(c4)C(F)(F)F)cc3,6.1
1432,CHEMBL1981047,COC(C(=O)N1Cc2[nH]nc(NC(=O)c3ccc(cc3)N4CCN(C)CC4)c2C1)c5ccccc5,6.4
1444,CHEMBL458997,CNC(=O)c1ccccc1Nc2nc(Nc3ccc(cc3OC)N4CCOCC4)ncc2Cl,7.3
1449,CHEMBL1982660,COc1ccc2c(NC(=O)Nc3cccc(n3)C(F)(F)F)ccnc2c1,7.8
1451,CHEMBL1994938,Nc1ncc(C=CC(=O)NCCCn2ccnc2)c3scc(c4ccc(Br)cc4)c13,7.8
1457,CHEMBL2002346,C(Nc1cc(ncn1)c2c[nH]c3ncccc23)c4ccccc4,6.1
1464,CHEMBL1983111,CC(=O)NCC(=O)N1C2CCC1c3cc(Nc4ncc(c(NC5CCC5)n4)C(F)(F)F)ccc23,6.2
1474,CHEMBL1090356,O=C(Cc1ccccc1)Nc2cccc(c2)c3nc4sccn4c3c5ccnc(Nc6ccc(cc6)N7CCOCC7)n5,7.0
1476,CHEMBL1983923,CN1CCN(CC1)c2cc(Nc3cc(C)[nH]n3)nc(C=Cc4ccccc4)n2,5.9
1487,CHEMBL1969502,O=C(Nc1cc2C(=O)NN=Cc3c[nH]c(c1)c23)C4CC4c5ccccc5,6.3
1489,CHEMBL2003638,Fc1cccc(c1)C(=O)Nc2n[nH]c3ccc(cc23)c4cn(Cc5ccccc5)nn4,5.7
1491,CHEMBL1997764,COc1ccc(cc1)C(=O)Nc2cnc3[nH]cc(c4ccccc4)c3c2,6.1
1514,CHEMBL1991138,Nc1nccn2c(nc(c3cccc(OCc4ccccc4)c3)c12)C5CC(CN6CCCC6)C5,6.1
1524,CHEMBL1964444,Cc1ccc2nccc(NC(=O)Nc3cccc(n3)C(F)(F)F)c2c1,6.4
1533,CHEMBL1997617,CN1CCN(CC1)C2CCC(CC2)n3cc(c4ccc(Oc5ccccc5)cc4)c6c(N)ncnc36,8.5
1540,CHEMBL1983932,COc1ccc2c(NC(=O)Nc3cccc(Br)n3)ccnc2c1,7.8
1547,CHEMBL243088,OC(=O)c1ccccc1Nc2ccnc(Nc3cccc(O)c3)n2,6.1
1550,CHEMBL1993661,CNS(=O)(=O)c1ccccc1Nc2nc(Nc3cc(OC)c(OC)c(OC)c3)ncc2Cl,7.1
1551,CHEMBL1974416,Fc1cccc(C(=O)Nc2cnc3[nH]cc(c4ccccc4)c3c2)c1F,5.7
1567,CHEMBL2171124,Cn1cc(c2ccc3N(CCc3c2)C(=O)Cc4cccc(c4)C(F)(F)F)c5c(N)ncnc15,6.39
1930,CHEMBL3133826,CCOc1cccc(Nc2ccnc3[nH]c4ccc(cc4c23)S(=O)(=O)N5CCOCC5)c1,6.39
1931,CHEMBL3133827,O=S(=O)(N1CCOCC1)c2ccc3[nH]c4nccc(Nc5cccc(OCc6ccccc6)c5)c4c3c2,7.26
1935,CHEMBL3133831,CCOc1cccc(Nc2ccnc3[nH]c4ccc(cc4c23)S(=O)(=O)N5CCN(CCO)CC5)c1,6.32
1938,CHEMBL3133834,COc1cccc(Nc2ccnc3[nH]c4ccc(Br)cc4c23)c1,6.73
1946,CHEMBL3238096,C(Oc1cccc(Nc2ccnc3[nH]c4ccccc4c23)c1)c5ccccc5,7.39
1947,CHEMBL3238091,C1C=CCc2cc(Nc3ccnc4[nH]c5ccccc5c34)ccc12,7.36
1948,CHEMBL3238102,Clc1cc(Cl)cc(Nc2ccnc3[nH]c4ccccc4c23)c1,7.27
1949,CHEMBL3238092,FC(F)(F)c1cccc(Nc2ccnc3[nH]c4ccccc4c23)c1,7.23
1950,CHEMBL3238101,Clc1cc(Nc2ccnc3[nH]c4ccccc4c23)ccc1OCc5ccccc5,7.19
1951,CHEMBL3238100,Fc1ccc(Nc2ccnc3[nH]c4ccccc4c23)cc1Cl,7.16
1952,CHEMBL3238099,Cc1ccc(Nc2ccnc3[nH]c4ccccc4c23)cc1Cl,7.12
1953,CHEMBL3238104,CCOc1cc(Nc2ccnc3[nH]c4ccccc4c23)ccc1Br,6.81
1954,CHEMBL3238095,CCOc1cccc(Nc2ccnc3[nH]c4ccccc4c23)c1,6.81
1955,CHEMBL3238098,COc1ccc(Nc2ccnc3[nH]c4ccccc4c23)cc1,6.72
1975,CHEMBL3335234,COc1cc(I)cc(\C=N\c2ccc3NC(=O)Nc3c2)c1O,4.24
1976,CHEMBL3335233,COc1cc(Cl)cc(\C=N\c2ccc3NC(=O)Nc3c2)c1O,4.13
1980,CHEMBL3335229,COc1cc(Br)cc(\C=N\c2ccc3NC(=O)Nc3c2)c1O,4.28
1985,CHEMBL3335254,CCOc1cc(Br)c(Br)c(\C=N\c2ccc3scnc3c2)c1O,5.93
1986,CHEMBL3335253,CCOc1cc(Br)c(Br)c(\C=N\c2ccc3[nH]cnc3c2)c1O,6.89
1987,CHEMBL3335252,CCOc1cc(Br)c(Br)c(\C=N\c2ccc3[nH]ccc3c2)c1O,6.44
1988,CHEMBL3335251,COc1cc(Br)c(Br)c(\C=N\c2ccc3scnc3c2)c1O,5.89
1989,CHEMBL3335250,COc1cc(Br)c(Br)c(\C=N\c2ccc3[nH]cnc3c2)c1O,6.7
1990,CHEMBL3335249,COc1cc(Br)c(Br)c(\C=N\c2ccc3[nH]ccc3c2)c1O,6.57
1991,CHEMBL3335248,CCOc1cc(Br)c(Br)c(CNc2ccc3NC(=O)Nc3c2)c1O,5.32
1993,CHEMBL3335246,CCOc1cc(Cl)c(Cl)c(\C=N\c2ccc3NC(=O)Nc3c2)c1O,5.89
1994,CHEMBL3335245,CCOc1cc(Br)c(Br)c(\C=N\c2ccc3NC(=O)Nc3c2)c1O,6.28
1995,CHEMBL3335244,COc1cc(Br)c(Br)c(\C=N\c2ccc3NC(=O)Nc3c2)c1O,6.92
1996,CHEMBL3335243,Oc1c(Br)cc(Br)c(Br)c1\C=N\c2ccc3NC(=O)Nc3c2,6.39
1997,CHEMBL68534,Oc1ccc(cc1O)C(=O)\C(=C\c2c[nH]c3ccccc23)\C#N,5.64
1998,CHEMBL3335242,COc1ccc(Br)c(\C=N\c2ccc3NC(=O)Nc3c2)c1O,5.41
1999,CHEMBL3335241,Oc1cccc(Br)c1\C=N\c2ccc3NC(=O)Nc3c2,5.87
2002,CHEMBL3335238,Oc1c(Br)cc(Br)cc1\C=N\c2ccc3NC(=O)Nc3c2,5.25
2003,CHEMBL3335237,CCOc1cc(Cl)cc(\C=N\c2ccc3NC(=O)Nc3c2)c1O,5.7
2005,CHEMBL3335235,CCOc1cc(Br)cc(\C=N\c2ccc3NC(=O)Nc3c2)c1O,5.23
2054,CHEMBL1983268,CN1CCN(CC1)c2ccc(C(=O)Nc3n[nH]c4ccc(Cc5cc(F)cc(F)c5)cc34)c(NC6CCOCC6)c2,6.71
