,molecule_chembl_id,canonical_smiles,pchembl_value
0,alectinib,CCc1cc2C(=O)c3c([nH]c4cc(ccc34)C#N)C(C)(C)c2cc1N5CCC(CC5)N6CCOCC6,8.31875896
1,lenvatinib,COC1=CC2=C(C=C1C(N)=O)C(OC1=CC=C(NC(=O)NC3CC3)C(Cl)=C1)=CC=N2,8.82
2,cabozantinib,COC1=CC2=NC=CC(OC3=CC=C(NC(=O)C4(CC4)C(=O)NC4=CC=C(F)C=C4)C=C3)=C2C=C1OC,8.28399658
3,sunitinib,CCN(CC)CCNC(=O)c1c(C)[nH]c(\C=C\2/C(=O)Nc3ccc(F)cc23)c1C,8.80000019
4,sorafenib,CNC(=O)C1=CC(OC2=CC=C(NC(=O)NC3=CC=C(Cl)C(=C3)C(F)(F)F)C=C2)=CC=N1,8.13
5,vandetanib,COc1cc2c(Nc3ccc(Br)cc3F)ncnc2cc1OCC4CCN(C)CC4,7.85
6,CHEMBL3800348,COc1cc2c(Nc3c(C)c(O)ccc3F)ncnc2cc1OCCCN4CCN(C)CC4,7.54
7,CHEMBL3775086,COc1cc2ncnc(Nc3cc(C)cc(O)c3)c2cc1OC,7.54
8,CHEMBL572878,CN1CCN(CC1)c2cc(Nc3cc(C)[nH]n3)nc(Sc4ccc(NC(=O)C5CC5)cc4)n2,7.55
9,CHEMBL388978,CN[C@@H]1C[C@H]2O[C@@](C)([C@@H]1OC)n3c4ccccc4c5c6CNC(=O)c6c7c8ccccc8n2c7c35,7.55
10,CHEMBL522892,CN1CCN(CC1)c2ccc3nc([nH]c3c2)C4=C(N)c5c(F)cccc5NC4=O,7.57
11,CHEMBL608533,CO[C@@H]1[C@@H](C[C@H]2O[C@]1(C)n3c4ccccc4c5c6CNC(=O)c6c7c8ccccc8n2c7c35)N(C)C(=O)c9ccccc9,7.57
12,CHEMBL3752118,Cn1nc(c2cc(on2)C3CC3)c4c(N)ncnc14,7.57
13,ponatinib,CN1CCN(CC2=CC=C(NC(=O)C3=CC=C(C)C(=C3)C#CC3=CN=C4C=CC=NN34)C=C2C(F)(F)F)CC1,7.59
14,CHEMBL3671310,C[C@@H](Cc1c(F)c(F)cc(F)c1F)NC2=C(C(=O)NC=C2)c3nc4cc5C(=O)N(CCN(C)C)C(=O)c5cc4[nH]3,7.59
15,CHEMBL2403374,CC(=O)Nc1ccc2NC(=O)\C(=C/c3cc4CN(CCc4[nH]3)C(=O)N5CCOCC5)\c2c1,7.6
16,CHEMBL2403370,COc1ccc2NC(=O)\C(=C/c3cc4CN(CCc4[nH]3)C(=O)N5CCOCC5)\c2c1,7.6
17,CHEMBL237127,Cc1ccc(O)cc1Nc2ccnc3cc(ccc23)c4csc(C=O)n4,7.6
18,CHEMBL237128,OCc1nc(cs1)c2ccc3c(Nc4cc(O)c(F)cc4Cl)ccnc3c2,7.6
19,CHEMBL3798119,COc1cc2c(Nc3c(C)c(O)ccc3F)ncnc2cc1OCc4noc(C)n4,7.62
20,CHEMBL1721885,Cc1[nH]c(\C=C\2/C(=O)Nc3ccc(F)cc23)c(C)c1C(=O)NC[C@H](O)CN4CCOCC4,7.62
21,CHEMBL3746678,CCc1cc2C(=O)c3c([nH]c4cc(ccc34)C#N)C(C)(C)c2cc1c5cnn(CCCN(C)C)c5,7.64
22,CHEMBL3799756,CNCCCOc1cc2ncnc(Nc3c(C)c(O)ccc3F)c2cc1OC,7.64
23,CHEMBL3775164,COc1cc2ncnc(Nc3cccc(O)c3Br)c2cc1OC,7.64
24,CHEMBL3775376,COc1cc2ncnc(Sc3cccc(O)c3)c2cc1OC,7.64
25,CHEMBL3740487,CS(=O)(=O)Cc1cccc(Nc2nccc(Oc3ccc4c(cccc4c3)C(=O)Nc5cccc(F)c5)n2)c1,7.64
26,CHEMBL3753341,CC(C)n1nc(c2cc(on2)C3CC3)c4c(N)ncnc14,7.68
27,CHEMBL3774913,COc1cc2ncnc(Nc3cc(F)cc(O)c3C)c2cc1OC,7.68
28,CHEMBL572881,CC1(C)CNc2cc(NC(=O)c3cccnc3NCc4ccncc4)ccc12,7.7
29,CHEMBL603469,C[C@]12O[C@H](C[C@]1(O)CO)n3c4ccccc4c5c6C(=O)NCc6c7c8ccccc8n2c7c35,7.7
30,CHEMBL3262356,N[C@H]1CCCC[C@H]1Nc2cc3N=CNC(=O)c3c(Nc4cccc5cc[nH]c45)n2,7.7
31,CHEMBL3288526,Nc1ncnc2scc(c3ccc4c(cccc4c3)C(=O)Nc5ccccc5)c12,7.7
32,CHEMBL3775840,COc1cc2ncnc(Nc3cccc(O)c3Cl)c2cc1OC,7.72
33,CHEMBL1774056,C[C@H](Nc1nc(Nc2cc(C)[nH]n2)c(F)cc1C#N)c3ccc(F)cn3,7.72
34,CHEMBL3288854,CN1CCN(CCC(=O)Nc2c(C)[nH]c(\C=C\3/C(=O)Nc4ccc(F)cc34)c2C)CC1,7.75
35,CHEMBL3800155,COc1cc2c(Nc3c(C)c(O)ccc3F)ncnc2cc1OCC4CCCO4,7.75
36,CHEMBL2105717,COc1cc2nccc(Oc3ccc(NC(=O)C4(CC4)C(=O)Nc5ccc(F)cc5)cc3)c2cc1OC,7.75
37,CHEMBL2180604,Cc1cc(C(=O)Nc2cc(Oc3ccc4nc(NC(=O)C5CC5)cn4n3)ccc2C)n(C)n1,7.75
38,CHEMBL574738,CCN1CCN(Cc2ccc(NC(=O)Nc3ccc(Oc4cc(NC)ncn4)cc3)cc2C(F)(F)F)CC1,7.77
39,CHEMBL3798033,COc1cc2c(Nc3c(C)c(O)ccc3F)ncnc2cc1OCCN4CCNCC4,7.77
40,CHEMBL3775672,COc1cc2ncnc(Oc3cccc(O)c3)c2cc1OC,7.8
41,CHEMBL3800542,COc1cc2c(Nc3c(C)c(O)ccc3F)ncnc2cc1OCCCN4CCCC4,7.82
42,CHEMBL3799244,COc1cc2c(Nc3c(F)ccc(O)c3C)ncnc2cc1OCCCN4CCCCC4,7.82
43,CHEMBL2380845,O=C(Nc1ccc(Nc2ccnc3NC(=O)c4ccccc4c23)cc1)c5ccccc5,7.82
44,CHEMBL2058538,CC(C)n1nc(C#Cc2ccccc2)c3c(N)ncnc13,7.85
45,CHEMBL3797413,COCCOc1cc2ncnc(Nc3c(C)c(O)ccc3F)c2cc1OC,7.85
46,CHEMBL3797688,COc1cc2c(Nc3c(C)c(O)ccc3F)ncnc2cc1OCCN4CCOCC4,7.85
47,CHEMBL3797561,COc1cc2c(Nc3c(F)ccc(O)c3C)ncnc2cc1OCCN4CCS(=O)(=O)CC4,7.85
48,CHEMBL3753512,Nc1ncnc2c1c(nn2C3CCCCC3)c4cc(on4)C5CC5,7.85
49,CHEMBL3671318,CC(Cc1cc(F)ccc1F)NC2=C(C(=O)NC=C2)c3nc4cc5CN(CCN(C)C)C(=O)c5cc4[nH]3,7.88
50,CHEMBL576982,CC(C)(C)c1onc(NC(=O)Nc2ccc(cc2)c3cn4c5ccc(OCCN6CCOCC6)cc5sc4n3)c1,7.89
51,CHEMBL3735401,CCc1cc2C(=O)c3c([nH]c4cc(ccc34)C#N)C(C)(C)c2cc1c5cnn(CC(=O)N(C)C)c5,7.89
52,CHEMBL3775415,COc1cc2ncnc(Nc3cc(O)c(C)cc3Cl)c2cc1OC,7.89
53,CHEMBL3800346,COc1cc2c(Nc3c(F)ccc(O)c3C)ncnc2cc1OCc4cccnc4,7.92
54,CHEMBL3671320,CC(Cc1c(F)c(F)cc(F)c1F)NC2=C(C(=O)NC=C2)c3nc4c(C)c5CN(C6CCN(C)CC6)C(=O)c5cc4[nH]3,7.95
55,CHEMBL3799971,COc1cc2c(Nc3c(F)ccc(O)c3C)ncnc2cc1OCCCN4CCCNCC4,7.96
56,CHEMBL3799933,COc1cc2c(Nc3c(F)ccc(O)c3C)ncnc2cc1OCCCN4CCOCC4,7.96
57,CHEMBL3774563,COc1ccc(Nc2ncnc3cc(OC)c(OC)cc23)cc1O,7.96
58,CHEMBL306380,Cc1ccc(cc1)c2nn(c3ncnc(N)c23)C(C)(C)C,7.96
59,CHEMBL3735648,CC1(C)c2cc(ccc2C(=O)c3c1[nH]c4cc(ccc34)C#N)C5CCN(CC6CCOCC6)CC5,7.98
60,CHEMBL3355065,CNc1cc2ccc(cc2cn1)C#CCOc3ccc(CN4CCNCC4)c(c3)C(F)(F)F,8.0
61,CHEMBL2031893,COc1cc2nccc(Oc3ccc(NC(=O)C4=C(C)N(C)N(C4=O)c5ccccc5)cc3F)c2cc1OC,8.0
62,CHEMBL235851,COc1cc2ncnc(Nc3ccc(Cl)c(O)c3)c2cc1OC,8.0
63,CHEMBL3775903,COc1cc2ncnc(Nc3cccc(O)c3F)c2cc1OC,8.0
64,nintedanib,COC(=O)c1ccc2\C(=C(\Nc3ccc(cc3)N(C)C(=O)CN4CCN(C)CC4)/c5ccccc5)\C(=O)Nc2c1,8.01
65,CHEMBL3775585,COc1cc2ncnc(Nc3c(Cl)ccc(O)c3Cl)c2cc1OC,8.01
66,CHEMBL3775560,COc1cc2ncnc(Nc3ccc(C)c(O)c3Cl)c2cc1OC,8.03
67,CHEMBL1908395,Cl.CN(C)CC(=O)N1CCC(CC1)c2ccc(NC(=O)c3nc(c[nH]3)C#N)c(c2)C4=CCCCC4,8.04
68,CHEMBL3798584,COc1cc2c(Nc3c(C)c(O)ccc3F)ncnc2cc1OCCCN4CCS(=O)(=O)CC4,8.05
69,CHEMBL3774951,COc1cc2ncnc(Nc3cc(O)ccc3C)c2cc1OC,8.08
70,CHEMBL3787112,Nc1ncnc2c1c(cn2[C@@H]3C[C@H](CN4CCC4)C3)c5cccc(O)c5,8.1
71,CHEMBL491473,COc1cc2c(Oc3ccc4[nH]c(C)cc4c3F)ncnc2cc1OCCCN5CCCC5,8.13
72,CHEMBL1081509,CC(C)(C)c1onc(NC(=O)Nc2ccc(NC(=O)c3cc4ccccc4cn3)cc2)c1,8.14
73,CHEMBL3805771,CCN1CCN(Cc2ccc(NC(=O)CNc3ccc(cc3)c4ccc(NC(=O)C5CC5)nc4)cc2C(F)(F)F)CC1,8.16
74,CHEMBL3799523,COc1cc2c(Nc3c(C)c(O)ccc3F)ncnc2cc1OCCCN(C)C,8.16
75,CHEMBL1980297,Nc1ncc(c2cnn(CCO)c2)c3scc(c4ccc(NC(=O)Nc5cccc(F)c5)cc4)c13,8.16
76,CHEMBL1807196,CNC(=O)c1cc(Oc2cccc(NC(=O)Nc3ccc(Cl)c(c3)C(F)(F)F)c2)ccn1,8.22
77,CHEMBL2403369,COc1ccc2NC(=O)\C(=C/c3cc4CN(CCc4[nH]3)C(=O)N5CCN(C)CC5)\c2c1,8.22
78,CHEMBL3671309,C[C@@H](Cc1c(F)c(F)cc(F)c1F)NC2=C(C(=O)NC=C2)c3nc4cc5C(=O)N(Cc5cc4[nH]3)C6CCN(C)CC6,8.22
79,CHEMBL237344,Oc1cccc(Nc2ccnc3cc(ccc23)c4ccccn4)c1,8.22
80,CHEMBL2148120,Cc1nc(Nc2nc3ccc(nc3s2)c4cccc(c4)C(=O)Nc5cccc(c5)C(F)(F)F)cc(n1)N6CCNCC6,8.25
81,CHEMBL2010872,CC(C)Cn1c2ccc(Nc3ncccn3)cc2c4c5CNC(=O)c5c6c(CCc7nn(C)cc67)c14,8.3
82,CHEMBL2180602,CCN(CC)CCNC(=O)c1c(C)[nH]c2\C(=C\3/C(=O)Nc4ccc(F)cc34)\CCCc12,8.3
83,CHEMBL2403373,CN1CCC(CC1)Nc2ccc3NC(=O)\C(=C/c4cc5CN(CCc5[nH]4)C(=O)N6CCOCC6)\c3c2,8.3
84,CHEMBL475251,COc1cc(Nc2ncc(F)c(Nc3ccc4OC(C)(C)C(=O)Nc4n3)n2)cc(OC)c1OC,8.3
85,CHEMBL3797261,COc1cc2c(Nc3c(F)ccc(O)c3C)ncnc2cc1OCCCN4CCNCC4,8.3
86,CHEMBL3775190,COc1cc2ncnc(Nc3cc(O)c(Cl)cc3Cl)c2cc1OC,8.3
87,CHEMBL3751904,Nc1ncnc2c1c(nn2C3CCOCC3)c4cc(on4)C5CC5,8.3
88,CHEMBL1241674,CC(C)n1nc(c2cc3cc(O)ccc3[nH]2)c4c(N)ncnc14,8.32
89,CHEMBL3775511,COc1cc2ncnc(Nc3c(Cl)ccc(O)c3F)c2cc1OC,8.32
90,CHEMBL1079545,CC(C)(C)c1onc(NC(=O)Nc2ccc(NC(=O)c3ncccc3O)cc2)c1,8.33
91,CHEMBL478442,COc1cc2ncnc(Nc3ccc(C)c(O)c3)c2cc1OC,8.34
92,CHEMBL127907,COc1cc2ncnc(Nc3cccc(O)c3)c2cc1OC,8.35
93,CHEMBL2403377,CC(=O)N1CCc2[nH]c(\C=C\3/C(=O)Nc4ccc(cc34)C#N)cc2C1,8.4
94,CHEMBL2403366,COc1ccc2NC(=O)\C(=C/c3cc4CN(CCc4[nH]3)C(=O)CCN)\c2c1,8.4
95,CHEMBL3774953,COc1cc2ncnc(Nc3c(F)ccc(O)c3Cl)c2cc1OC,8.41
96,CHEMBL3774580,COc1cc2ncnc(Nc3cccc(O)c3O)c2cc1OC,8.41
97,CHEMBL3687223,COc1cc(Nc2nc(NC3CCOCC3)c(nc2C(=O)N)C(C)C)ccc1N4CCN(C)CC4,8.44
98,CHEMBL3671311,C[C@@H](Cc1c(F)c(F)cc(F)c1F)NC2=C(C(=O)NC=C2)c3nc4cc5C(=O)N(CCN(C)C)Cc5cc4[nH]3,8.45
99,CHEMBL3301622,CCc1nc(C(=O)N)c(Nc2ccc(N3CCC(CC3)N4CCN(C)CC4)c(OC)c2)nc1NC5CCOCC5,8.47
100,CHEMBL3775879,COc1cc2ncnc(Nc3ccc(F)c(O)c3)c2cc1OC,8.5
101,CHEMBL575925,CC(C)(C)c1onc(NC(=O)Nc2ccc(NC(=O)c3cn4c5ccccc5sc4n3)cc2)c1,8.52
102,CHEMBL237347,Cc1ccc(O)cc1Nc2ccnc3ccc(cc23)S(=O)(=O)C,8.52
103,CHEMBL3687224,CC(C)c1nc(C(=O)N)c(Nc2ccc(cc2)N3CCN(C)CC3)nc1NC4CCOCC4,8.54
104,CHEMBL1230609,COc1cc2c(Oc3ccc(NC(=O)C4(CC4)C(=O)Nc5ccc(F)cc5)cc3F)ccnc2cc1OCCCN6CCOCC6,8.55
105,CHEMBL3775934,COc1cc2ncnc(Nc3cc(O)cc(F)c3)c2cc1OC,8.59
106,CHEMBL3774489,COc1cc2ncnc(Nc3cc(O)ccc3Cl)c2cc1OC,8.59
107,CHEMBL3687205,CC(C)c1nc(C(=O)N)c(Nc2ccc(N3CCC(CC3)N4CCN(C)CC4)c(c2)C(F)(F)F)nc1N[C@@H]5CC[C@@H](O)CC5,8.64
108,CHEMBL1980995,CNC1CC2OC(C)(C1OC)n3c4ccccc4c5c6CNC(=O)c6c7c8ccccc8n2c7c35,8.66
109,CHEMBL3775336,COc1cc2ncnc(Nc3ccc(F)c(O)c3F)c2cc1OC,8.7
110,CHEMBL2029988,COc1cc2ncnc(Oc3cccc(NC(=O)Nc4cc(on4)C(C)(C)C(F)(F)F)c3)c2cc1OC,8.7
111,CHEMBL3687195,CC(C)c1nc(C(=O)N)c(Nc2ccc(cc2)N3CCN(C)CC3)nc1N[C@@H]4CC[C@@H](O)CC4,8.77
112,CHEMBL3775557,COc1cc2ncnc(Nc3c(F)ccc(O)c3F)c2cc1OC,8.77
113,CHEMBL1688860,CN(C)Cc1cc(cc(c1)C(F)(F)F)C(=O)N[C@@H]2CCc3ccc(Oc4ccnc5NC(=O)CCc45)cc3C2,8.8
114,CHEMBL3687221,CC(C)c1nc(C(=O)N)c(Nc2ccc(cc2)N3CCC(CC3)N4CCN(C)CC4)nc1NC5CCOCC5,8.82
115,CHEMBL3687200,CCc1nc(C(=O)N)c(Nc2ccc(N3CCC(CC3)N4CCN(C)CC4)c(c2)C(F)(F)F)nc1N[C@@H]5CC[C@@H](O)CC5,8.82
116,CHEMBL3687210,CCc1nc(C(=O)N)c(Nc2ccc(N3CCN(CC3)C(C)C)c(C)c2)nc1N[C@@H]4CC[C@@H](O)CC4,8.89
117,CHEMBL3687220,CCc1nc(C(=O)N)c(Nc2ccc(cc2)N3CCC(CC3)N4CCN(C)CC4)nc1NC5CCOCC5,8.89
118,CHEMBL3687217,CN1CCN(CC1)C2CCN(CC2)c3ccc(Nc4nc(N[C@@H]5CC[C@@H](O)CC5)c(Cl)nc4C(=O)N)cc3C,8.89
119,CHEMBL3687207,CCc1nc(C(=O)N)c(Nc2ccc(N3CCC(CC3)N4CCN(C)CC4)c(C)c2)nc1N[C@@H]5CC[C@](C)(O)CC5,8.96
120,CHEMBL3687222,CCc1nc(C(=O)N)c(Nc2ccc(N3CCN(C)CC3)c(F)c2)nc1NC4CCOCC4,8.96
121,CHEMBL3687225,CCc1nc(C(=O)N)c(Nc2ccc(N3CCN(CC3)C4CCN(C)CC4)c(C)c2)nc1NC5CCOCC5,8.96
122,CHEMBL3687191,CCc1nc(C(=O)N)c(Nc2ccc(cc2)N3CCN(C)CC3)nc1N[C@@H]4CC[C@@H](O)CC4,8.96
123,CHEMBL3774904,COc1cc2ncnc(Nc3cc(O)ccc3F)c2cc1OC,8.96
124,CHEMBL3687215,CCc1nc(C(=O)N)c(Nc2ccc(N3CCC(CC3)N4CCN(C)CC4)c(C)c2)nc1NC5CCOCC5,9.0
125,CHEMBL3687202,CCc1nc(C(=O)N)c(Nc2ccc(N3CCC(CC3)N4CCN(C)CC4)c(C)c2)nc1N[C@@H]5CC[C@@H](O)CC5,9.0
126,CHEMBL3687212,CCc1nc(C(=O)N)c(Nc2ccc(N3CCC(CC3)N4CCN(C)CC4)c(C)c2)nc1N[C@@H]5CC[C@@](C)(O)CC5,9.0
127,CHEMBL3806189,CN1CCN(Cc2ccc(NC(=O)CNc3ccc(cc3F)c4ccc(NC(=O)C5CC5)nc4)cc2C(F)(F)F)CC1,9.0
128,CHEMBL495727,O=C(NC1CC1)Nc2c[nH]nc2c3nc4cc(CN5CCOCC5)ccc4[nH]3,9.0
129,CHEMBL3687194,CCc1nc(C(=O)N)c(Nc2ccc(cc2)N3CCC(CC3)N4CCN(C)CC4)nc1N[C@@H]5CC[C@@H](O)CC5,9.02
130,CHEMBL1688861,CC(C)(N)c1cc(cc(c1)C(F)(F)F)C(=O)N[C@@H]2CCc3ccc(Oc4ccnc5NC(=O)CCc45)cc3C2,9.1
131,CHEMBL440727,COc1cc2ncnc(Nc3cc(O)c(C)cc3F)c2cc1OC,9.13
132,CHEMBL3775169,COc1cc2ncnc(Nc3cc(O)c(F)cc3F)c2cc1OC,9.39
133,CHEMBL1784637,CNC(=O)c1ncc(C#Cc2cc(ccc2C)C(=O)Nc3ccc(CN4CCN(CCO)CC4)c(c3)C(F)(F)F)n1C,9.7
