,molecule_chembl_id,canonical_smiles,pchembl_value
0,CHEMBL3109202,CC(C)(C)c1onc(NC(=O)Nc2ccc(cc2)c3cccc4c(N)nccc34)c1,7.6
1,CHEMBL3109194,CCS(=O)(=O)c1ccc(cc1)c2cnc3[nH]cc(c4cccc(NC(=O)Nc5cc(ccc5F)C(F)(F)F)c4)c3c2,7.6
2,CHEMBL3109219,CCc1cccc(NC(=O)Nc2ccc(cc2)c3coc4ncnc(N)c34)c1,7.6
3,CHEMBL3109197,Nc1nccc2c(cccc12)c3ccc(NC(=O)Nc4cc(F)cc(c4)C(F)(F)F)cc3,7.6
4,CHEMBL3109195,Nc1nccc2c(cccc12)c3ccc(NC(=O)Nc4cccc(c4)C(F)(F)F)cc3,7.6
5,CHEMBL572878,CN1CCN(CC1)c2cc(Nc3cc(C)[nH]n3)nc(Sc4ccc(NC(=O)C5CC5)cc4)n2,7.7
6,CHEMBL3108785,Cc1cccc(NC(=O)Nc2cccc(c2)c3c[nH]c4ncc(cc34)c5ccccc5)c1,7.7
7,CHEMBL273564,Nc1ncnc2occ(c3ccc(NC(=O)Nc4cccc(c4)C(F)(F)F)cc3)c12,7.7
8,CHEMBL370438,CN1C(=O)N[C@H](Cc2c[nH]c3c(Cl)cccc23)C1=O,7.75
9,CHEMBL3109221,CC(C)(C)c1onc(NC(=O)Nc2ccc(cc2)c3coc4ncnc(N)c34)c1,7.8
10,CHEMBL3109214,Fc1ccc(cc1NC(=O)Nc2cccc(c2)c3c[nH]c4ncc(cc34)c5cn[nH]c5)C(F)(F)F,7.8
11,CHEMBL3109210,NC(=O)c1cccc(c1)c2cnc3[nH]cc(c4cccc(NC(=O)Nc5cc(ccc5F)C(F)(F)F)c4)c3c2,7.8
12,CHEMBL3109213,Nc1ccc(cc1)c2cnc3[nH]cc(c4cccc(NC(=O)Nc5cc(ccc5F)C(F)(F)F)c4)c3c2,7.8
13,CHEMBL3109212,Nc1cccc(c1)c2cnc3[nH]cc(c4cccc(NC(=O)Nc5cc(ccc5F)C(F)(F)F)c4)c3c2,7.8
14,CHEMBL3786293,O=C(N[C@H]1COc2ccccc2NC1=O)c3cc(Cc4ccccc4)on3,7.8
15,CHEMBL3109203,[O-][N+](=O)c1cccc(NC(=O)Nc2cccc(c2)c3c[nH]c4ncc(cc34)c5ccccc5)c1,7.8
16,CHEMBL3109206,CC(=O)c1cccc(NC(=O)Nc2cccc(c2)c3c[nH]c4ncc(cc34)c5ccccc5)c1,7.89
17,CHEMBL3109196,Nc1nccc2c(cccc12)c3ccc(NC(=O)Nc4cc(ccc4F)C(F)(F)F)cc3,7.89
18,CHEMBL247228,Nc1ncnc2occ(c3ccc(NC(=O)Nc4cc(ccc4F)C(F)(F)F)cc3)c12,7.89
19,CHEMBL3785703,CN1C(=O)[C@H](COc2ccccc12)NC(=O)c3cc(Cc4ccccc4)on3,8.0
20,CHEMBL3109211,CS(=O)(=O)c1cccc(c1)c2cnc3[nH]cc(c4cccc(NC(=O)Nc5cc(ccc5F)C(F)(F)F)c4)c3c2,8.0
21,CHEMBL3109198,Nc1nccc2c(cccc12)c3ccc(NC(=O)Nc4ccc(F)c(c4)C(F)(F)F)cc3,8.0
22,CHEMBL3109209,Fc1ccc(cc1NC(=O)Nc2cccc(c2)c3c[nH]c4ncc(cc34)c5cccnc5)C(F)(F)F,8.1
23,CHEMBL3786162,O=C(N[C@H]1COc2ccccc2NC1=O)c3cccc(Oc4ccccc4)c3,8.1
24,CHEMBL3109205,COc1cccc(NC(=O)Nc2cccc(c2)c3c[nH]c4ncc(cc34)c5ccccc5)c1,8.2
25,CHEMBL3787689,O=C(N[C@H]1CNc2ccccc2NC1=O)c3cc(Cc4ccccc4)on3,8.5
26,CHEMBL3785745,CN1C(=O)[C@H](CSc2ccccc12)NC(=O)c3cc(Cc4ccccc4)on3,9.03
27,CHEMBL3786078,CN1C(=O)[C@H](CNc2ccccc12)NC(=O)c3cc(Cc4ccccc4)on3,9.1
28,CHEMBL3785482,CN1C(=O)[C@H](COc2ccccc12)NC(=O)c3cc(Cc4ccccc4)[nH]n3,9.4
29,CHEMBL3786997,CN1C(=O)[C@H](CCc2ccccc12)NC(=O)c3cc(Cc4ccccc4)on3,9.7
