,molecule_chembl_id,canonical_smiles,pchembl_value
0,dasatinib,CC1=NC(NC2=NC=C(S2)C(=O)NC2=C(C)C=CC=C2Cl)=CC(=N1)N1CCN(CCO)CC1,7.51
1,vandetanib,COc1cc2c(Nc3ccc(Br)cc3F)ncnc2cc1OCC4CCN(C)CC4,8.34
2,CHEMBL97771,COc1cc2ncnc(Nc3ccc(Oc4ccccc4)cc3)c2cc1OC,7.59
3,CHEMBL306380,Cc1ccc(cc1)c2nn(c3ncnc(N)c23)C(C)(C)C,7.59
4,CHEMBL10,C[S+]([O-])c1ccc(cc1)c2nc(c3ccc(F)cc3)c([nH]2)c4ccncc4,7.62
5,CHEMBL1230609,COc1cc2c(Oc3ccc(NC(=O)C4(CC4)C(=O)Nc5ccc(F)cc5)cc3F)ccnc2cc1OCCCN6CCOCC6,7.68
6,CHEMBL3824056,Cc1ccc(O)cc1Nc2ccnc3ccc(cc23)C(=O)NCC4CCOCC4,7.7
7,CHEMBL237347,Cc1ccc(O)cc1Nc2ccnc3ccc(cc23)S(=O)(=O)C,7.7
8,CHEMBL406845,CC(C)(C)n1nc(c2ccc(Cl)cc2)c3c(N)ncnc13,7.72
9,CHEMBL3823499,CC(C)(C)S(=O)(=O)c1ccc2nccc(Nc3n[nH]c4ccc(F)cc34)c2c1,7.75
10,CHEMBL386051,CSc1cccc(Nc2ncc3C=C(C(=O)N(C)c3n2)c4c(Cl)cccc4Cl)c1,7.8
11,CHEMBL3628628,COCCNC(=O)c1ccc2c(c1)nc(c3cnc([nH]3)c4ccc(Cl)cc4)n2CCOC,7.92
12,CHEMBL3822577,CC(C)S(=O)(=O)c1ccc2nccc(Nc3n[nH]c4ccc(F)cc34)c2c1,8.0
13,CHEMBL237345,Cc1ccc(O)cc1Nc2ccnc3ccc(cc23)c4cccnc4,8.0
14,CHEMBL3628627,CS(=O)(=O)c1cccc(Nc2nccc(n2)c3sc(nc3c4cccc(NS(=O)(=O)c5c(F)cccc5F)c4)N6CCOCC6)c1,8.1
15,CHEMBL3822938,Cc1ccc(O)cc1Nc2ccnc3ccc(cc23)C(F)(F)F,8.1
16,CHEMBL3822791,CS(=O)(=O)c1ccc2nccc(Nc3ccc4scnc4c3)c2c1,8.2
