,molecule_chembl_id,canonical_smiles,pchembl_value
0,CHEMBL405496,Cc1nc(N)c2ncn([C@@H]3O[C@H](COP(=O)(O)OP(=O)(O)OP(=O)(O)O)[C@@H](O)[C@H]3OP(=O)(O)OC[C@H]4O[C@H]([C@H](OP(=O)(O)OC[C@H]5O[C@H]([C@H](O)[C@@H]5O)n6cnc7c(N)ncnc67)[C@@H]4O)n8cnc9c(N)ncnc89)c2n1,7.62
1,CHEMBL3818726,Cc1nc2c(N)ncnc2n1[C@@H]3O[C@H](COP(=O)(O)O[C@@H]4[C@H](O)[C@@H](COP(=O)(O)O[C@@H]5[C@H](O)[C@@H](COP(=O)(O)O[C@@H]6[C@@H](CO)O[C@H]([C@@H]6O)n7cnc8c(N)ncnc78)O[C@H]5n9cnc%10c(N)ncnc9%10)O[C@H]4n%11cnc%12c(N)ncnc%11%12)[C@@H](O)[C@H]3O,7.69
2,CHEMBL414948,Nc1ncnc2c1ncn2[C@@H]3O[C@H](COP(=O)(O)O[C@@H]4[C@H](O)[C@@H](COP(=O)(O)O[C@@H]5[C@H](O)[C@@H](COP(=O)(O)O)O[C@H]5n6cnc7c(N)ncnc67)O[C@H]4n8cnc9c(N)ncnc89)[C@@H](O)[C@H]3O,7.7
3,CHEMBL2414866,CC(C)(C)C(=O)OCO[C@H]1[C@@H](O)[C@@H](O[C@@H]1COP(=O)(O)O[C@@H]2[C@H](OCOC(=O)C(C)(C)C)[C@@H](COP(=O)(O)O[C@@H]3[C@H](OCOC(=O)C(C)(C)C)[C@@H](COP(=O)(O)OP(=O)(O)OP(=O)(O)O)O[C@H]3n4cnc5ncnc(N)c45)O[C@H]2n6cnc7ncnc(N)c67)n8cnc9ncnc(N)c89,7.72
4,CHEMBL601940,Nc1ncnc2c1ncn2[C@@H]3O[C@H](COP(=O)(O)O[C@@H]4[C@H](O)[C@@H](COP(=O)(O)O[C@@H]5[C@H](O)[C@@H](COP(=O)(O)O[C@@H]6[C@H](O)[C@@H](COP(=O)(O)O)O[C@H]6n7cnc8c(N)ncnc78)O[C@H]5n9cnc%10c(N)ncnc9%10)O[C@H]4n%11cnc%12c(N)ncnc%11%12)[C@@H](O)[C@H]3O,7.77
5,CHEMBL407239,Cc1nc(N)c2ncn([C@@H]3O[C@H](COP(=O)(O)O[C@@H]4[C@H](O)[C@@H](COP(=O)(O)O[C@@H]5[C@H](O)[C@@H](COP(=O)(O)O)O[C@H]5n6cnc7c(N)nc(C)nc67)O[C@H]4n8cnc9c(N)nc(C)nc89)[C@@H](O)[C@H]3O)c2n1,7.8
6,CHEMBL2058764,Nc1ncnc2c1ncn2[C@@H]3O[C@H](COCP(=O)(O)O[C@@H]4[C@H](O)[C@@H](COP(=O)(O)O[C@@H]5[C@H](O)[C@@H](COP(=O)(O)O[C@@H]6[C@H](O)[C@@H](COP(=O)(O)O)O[C@H]6n7cnc8c(N)ncnc78)O[C@H]5n9cnc%10c(N)ncnc9%10)O[C@H]4n%11cnc%12c(N)ncnc%11%12)[C@@H](O)[C@H]3O,7.82
7,CHEMBL2058765,Nc1ncnc2c1ncn2[C@@H]3O[C@H](COCP(=O)(O)O[C@@H]4[C@H](O)[C@@H](COP(=O)(O)O[C@@H]5[C@H](O)[C@@H](COP(=O)(O)O[C@@H]6[C@H](O)[C@@H](COP(=O)(O)O)O[C@H]6n7cnc8c(N)ncnc78)O[C@H]5n9cnc%10c(N)ncnc9%10)O[C@H]4n%11cnc%12c(N)ncnc%11%12)[C@@H](O)[C@@H]3O,8.19
8,CHEMBL2414867,Nc1ncnc2ncn([C@@H]3O[C@H](COP(=O)(O)O[C@@H]4[C@H](O)[C@@H](COP(=O)(O)O[C@@H]5[C@H](O)[C@@H](COP(=O)(O)O[C@@H]6[C@H](O)[C@@H](COP(=O)(O)OP(=O)(O)OP(=O)(O)O)O[C@H]6n7cnc8ncnc(N)c78)O[C@H]5n9cnc%10ncnc(N)c9%10)O[C@H]4n%11cnc%12ncnc(N)c%11%12)[C@@H](O)[C@H]3O)c12,8.22
9,CHEMBL410213,Cc1nc(N)c2ncn([C@@H]3O[C@H](COP(=O)(O)O[C@@H]4[C@H](O)[C@@H](COP(=O)(O)O[C@@H]5[C@H](O)[C@@H](COP(=O)(O)OP(=O)(O)OP(=O)(O)O)O[C@H]5n6cnc7c(N)nc(C)nc67)O[C@H]4n8cnc9c(N)nc(C)nc89)[C@@H](O)[C@H]3O)c2n1,8.34
10,CHEMBL2058766,Nc1ncnc2c1ncn2[C@@H]3O[C@H](COCP(=O)(O)O[C@@H]4[C@H](O)[C@@H](COP(=O)(O)O[C@@H]5[C@H](O)[C@@H](COP(=O)(O)O[C@@H]6[C@H](O)[C@@H](COP(=O)(O)O)O[C@H]6n7cnc8c(N)ncnc78)O[C@H]5n9cnc%10c(N)ncnc9%10)O[C@H]4n%11cnc%12c(N)ncnc%11%12)[C@H](O)[C@H]3O,8.38
11,CHEMBL3819183,Cc1nc2c(N)ncnc2n1[C@@H]3O[C@H](COP(=O)(O)O[C@@H]4[C@H](O)[C@@H](COP(=O)(O)O[C@@H]5[C@H](O)[C@@H](COP(=O)(O)O[C@@H]6[C@H](O)[C@@H](COP(=O)(O)O)O[C@H]6N7C=CC(=O)NC7=O)O[C@H]5n8cnc9c(N)ncnc89)O[C@H]4n%10cnc%11c(N)ncnc%10%11)[C@@H](O)[C@H]3O,8.57
12,CHEMBL402676,Cc1nc(N)c2ncn([C@@H]3O[C@H](COP(=O)(O)O[C@@H]4[C@H](O)[C@@H](COP(=O)(O)O[C@@H]5[C@H](O)[C@@H](COP(=O)(O)O)O[C@H]5n6cnc7c(N)ncnc67)O[C@H]4n8cnc9c(N)ncnc89)[C@@H](O)[C@H]3O)c2n1,8.59
13,CHEMBL601938,Cc1nc2c(N)ncnc2n1[C@@H]3O[C@H](COP(=O)(O)O[C@@H]4[C@H](O)[C@@H](COP(=O)(O)O[C@@H]5[C@H](O)[C@@H](COP(=O)(O)O[C@@H]6[C@H](O)[C@@H](CO)O[C@H]6n7cnc8c(N)ncnc78)O[C@H]5n9cnc%10c(N)ncnc9%10)O[C@H]4n%11cnc%12c(N)ncnc%11%12)[C@@H](O)[C@H]3O,8.6
14,CHEMBL591446,Cc1nc2c(N)ncnc2n1[C@@H]3O[C@H](COP(=O)(O)O[C@@H]4[C@H](O)[C@@H](COP(=O)(O)O[C@@H]5[C@H](O)[C@@H](COP(=O)(O)O[C@@H]6[C@H](O)[C@@H](COP(=O)(O)O)O[C@H]6n7cnc8c(N)ncnc78)O[C@H]5n9cnc%10c(N)ncnc9%10)O[C@H]4n%11cnc%12c(N)ncnc%11%12)[C@@H](O)[C@H]3O,8.6
15,CHEMBL3818262,Cc1nc2c(N)ncnc2n1[C@@H]3O[C@H](COP(=O)(O)O[C@@H]4[C@H](O)[C@@H](COP(=O)(O)O[C@@H]5[C@H](O)[C@@H](COP(=O)(O)O[C@@H]6[C@H](O)[C@@H](CO)O[C@H]6N7C=CC(=O)NC7=O)O[C@H]5n8cnc9c(N)ncnc89)O[C@H]4n%10cnc%11c(N)ncnc%10%11)[C@@H](O)[C@H]3O,8.62
16,CHEMBL384725,Cc1nc(N)c2ncn([C@@H]3O[C@H](COP(=O)(O)O)[C@@H](O)[C@H]3OP(=O)(O)OC[C@H]4O[C@H]([C@H](OP(=O)(O)OC[C@H]5O[C@H]([C@H](O)[C@@H]5O)n6cnc7c(N)ncnc67)[C@@H]4O)n8cnc9c(N)ncnc89)c2n1,9.08
17,CHEMBL214603,Cc1nc(N)c2ncn([C@@H]3O[C@H](COP(=O)(O)O[C@@H]4[C@H](O)[C@@H](COP(=O)(O)O[C@@H]5[C@H](O)[C@@H](COP(=O)(O)OP(=O)(O)OP(=O)(O)O)O[C@H]5n6cnc7c(N)ncnc67)O[C@H]4n8cnc9c(N)ncnc89)[C@@H](O)[C@H]3O)c2n1,9.14
18,CHEMBL404038,Nc1ncnc2c1ncn2[C@@H]3O[C@H](COP(=O)(O)O[C@@H]4[C@H](O)[C@@H](COP(=O)(O)O[C@@H]5[C@H](O)[C@@H](COP(=O)(O)OP(=O)(O)OP(=O)(O)O)O[C@H]5n6cnc7c(N)ncnc67)O[C@H]4n8cnc9c(N)ncnc89)[C@@H](O)[C@H]3O,9.3
19,CHEMBL3817920,C[C@H]1O[C@H]([C@H](OP(=O)(O)OC[C@H]2O[C@H]([C@H](OP(=O)(O)OC[C@H]3O[C@H]([C@H](OP(=O)(O)OC[C@H]4O[C@H]([C@H](O)[C@@H]4O)n5c(C)nc6c(N)ncnc56)[C@@H]3O)n7cnc8c(N)ncnc78)[C@@H]2O)n9cnc%10c(N)ncnc9%10)[C@@H]1O)N%11C=C(F)C(=O)NC%11=O,9.35
0,CHEMBL608874,Nc1ncnc2c1ncn2[C@@H]3O[C@H](COP(=O)(O)O[C@@H]4[C@H](O)[C@@H](OP(=O)(O)O)O[C@H]4n5cnc6c(N)ncnc56)[C@@H](O)[C@H]3OP(=O)(O)OC[C@H]7OC([C@H](O)[C@@H]7O)n8cnc9c(N)ncnc89,6.0
36,CHEMBL1159914,Nc1ncnc2c1ncn2C3CC(COP(=O)(O)OC4C(O)C(COP(=O)(O)OC5C(O)C(COP(=O)(O)O)CC5n6cnc7c(N)ncnc67)CC4n8cnc9c(N)ncnc89)C(O)C3O,6.68
40,CHEMBL259819,CCOC(=O)C1=C(Nc2ccccc2)S\C(=C/c3cccc(O)c3)\C1=O,4.59
41,CHEMBL406556,CCCCOC(=O)c1ccc(NC(=S)NC(NC(=O)C)C(Cl)(Cl)Cl)cc1,4.0
42,CHEMBL261864,COc1ccc(Cl)cc1NC(=O)c2cc3c(C)nn(c4ccccc4)c3s2,4.32
43,CHEMBL259804,[O-][N+](=O)c1cccc(c1)C2=Nc3sc4CCCCc4c3C(=O)N2,4.66
44,CHEMBL408340,CCCCOC(=O)c1ccc(NC(=S)NC(NC(=O)CC)C(Cl)(Cl)Cl)cc1,4.05
45,CHEMBL260229,Cc1c(Cl)cccc1NC2=NC(=O)\C(=C\c3ccc(cc3)[N+](=O)[O-])\S2,4.3
46,CHEMBL265438,Oc1ccc(cc1)C2=Nc3sc4CCCCc4c3C(=O)N2,4.59
47,CHEMBL410485,CCOC(=O)C1=C(Nc2ccc(Cl)cc2)S\C(=C/c3cccc(O)c3)\C1=O,4.31
48,CHEMBL265469,CC(=O)c1ccc(NC(=S)NC(NC(=O)Cc2ccccc2)C(Cl)(Cl)Cl)cc1,4.1
49,CHEMBL411931,Cc1ccc(NC2=NC(=O)\C(=C\c3cccc(O)c3)\S2)c(Cl)c1,4.31
50,CHEMBL259633,Oc1cccc(c1)C2=Nc3sc4CCCCc4c3C(=O)N2,4.66
116,CHEMBL2058763,Nc1ncnc2c1ncn2[C@@H]3O[C@H](COP(=O)(O)O[C@@H]4[C@@H](O)[C@@H](COCP(=O)(O)O[C@@H]5[C@H](O)[C@@H](COP(=O)(O)O[C@@H]6[C@H](O)[C@@H](COP(=O)(O)O)O[C@H]6n7cnc8c(N)ncnc78)O[C@H]5n9cnc%10c(N)ncnc9%10)O[C@H]4n%11cnc%12c(N)ncnc%11%12)[C@@H](O)[C@H]3O,6.0
118,CHEMBL2058191,Nc1ncnc2c1ncn2[C@@H]3O[C@H](COP(=O)(O)O[C@@H]4[C@H](O)[C@@H](COCP(=O)(O)O[C@@H]5[C@H](O)[C@@H](COP(=O)(O)O[C@@H]6[C@H](O)[C@@H](COP(=O)(O)O)O[C@H]6n7cnc8c(N)ncnc78)O[C@H]5n9cnc%10c(N)ncnc9%10)O[C@H]4n%11cnc%12c(N)ncnc%11%12)[C@@H](O)[C@H]3O,6.52
122,CHEMBL2057902,Nc1ncnc2c1ncn2[C@@H]3O[C@H](COP(=O)(O)O[C@@H]4[C@H](O)[C@@H](COP(=O)(O)O[C@@H]5[C@H](O)[C@@H](COP(=O)(O)O[C@@H]6[C@@H](O)[C@@H](COCP(=O)(O)O)O[C@H]6n7cnc8c(N)ncnc78)O[C@H]5n9cnc%10c(N)ncnc9%10)O[C@H]4n%11cnc%12c(N)ncnc%11%12)[C@@H](O)[C@H]3O,6.52
123,CHEMBL2057901,Nc1ncnc2c1ncn2[C@@H]3O[C@H](COP(=O)(O)O[C@@H]4[C@H](O)[C@@H](COP(=O)(O)O[C@@H]5[C@H](O)[C@@H](COP(=O)(O)O[C@H]6[C@H](O)[C@@H](COCP(=O)(O)O)O[C@H]6n7cnc8c(N)ncnc78)O[C@H]5n9cnc%10c(N)ncnc9%10)O[C@H]4n%11cnc%12c(N)ncnc%11%12)[C@@H](O)[C@H]3O,6.0
124,CHEMBL2057900,Nc1ncnc2c1ncn2[C@@H]3O[C@H](COP(=O)(O)O[C@@H]4[C@H](O)[C@@H](COP(=O)(O)O[C@@H]5[C@H](O)[C@@H](COP(=O)(O)O[C@@H]6[C@H](O)[C@@H](COCP(=O)(O)O)O[C@H]6n7cnc8c(N)ncnc78)O[C@H]5n9cnc%10c(N)ncnc9%10)O[C@H]4n%11cnc%12c(N)ncnc%11%12)[C@@H](O)[C@H]3O,7.28
126,CHEMBL2057898,Nc1ncnc2c1ncn2[C@@H]3O[C@H](COP(=O)(O)CO[C@H]4[C@H](O)[C@@H](COP(=O)(O)O[C@@H]5[C@H](O)[C@@H](COP(=O)(O)O[C@@H]6[C@H](O)[C@@H](COP(=O)(O)O)O[C@H]6n7cnc8c(N)ncnc78)O[C@H]5n9cnc%10c(N)ncnc9%10)O[C@H]4n%11cnc%12c(N)ncnc%11%12)[C@@H](O)[C@H]3O,6.0
127,CHEMBL2058187,Nc1ncnc2c1ncn2[C@@H]3O[C@H](COP(=O)(O)CO[C@@H]4[C@H](O)[C@@H](COP(=O)(O)O[C@@H]5[C@H](O)[C@@H](COP(=O)(O)O[C@@H]6[C@H](O)[C@@H](COP(=O)(O)O)O[C@H]6n7cnc8c(N)ncnc78)O[C@H]5n9cnc%10c(N)ncnc9%10)O[C@H]4n%11cnc%12c(N)ncnc%11%12)[C@@H](O)[C@H]3O,6.7
132,CHEMBL2058183,Nc1ncnc2c1ncn2[C@@H]3O[C@H](COP(=O)(O)O[C@@H]4[C@H](O)[C@@H](COP(=O)(O)O[C@@H]5[C@H](O)[C@@H](COP(=O)(O)CO[C@@H]6[C@@H](O)[C@@H](COP(=O)(O)O)O[C@H]6n7cnc8c(N)ncnc78)O[C@H]5n9cnc%10c(N)ncnc9%10)O[C@H]4n%11cnc%12c(N)ncnc%11%12)[C@@H](O)[C@H]3O,6.52
158,CHEMBL2414865,CC(C)(C)C(=O)OCO[C@@H]1[C@@H](COP(=O)(O)O[C@@H]2[C@H](OCOC(=O)C(C)(C)C)[C@@H](COP(=O)(O)O[C@@H]3[C@H](OCOC(=O)C(C)(C)C)[C@@H](COP(=O)(O)O[C@@H]4[C@H](OCOC(=O)C(C)(C)C)[C@@H](COP(=O)(O)OP(=O)(O)OP(=O)(O)O)O[C@H]4n5cnc6ncnc(N)c56)O[C@H]3n7cnc8ncnc(N)c78)O[C@H]2n9cnc%10ncnc(N)c9%10)O[C@H]([C@@H]1O)n%11cnc%12ncnc(N)c%11%12,6.62
