,molecule_chembl_id,canonical_smiles,pchembl_value
0,fasudil,O=S(=O)(N1CCCNCC1)C1=CC=CC2=C1C=CN=C2,7.0
1,ripasudil,[H][C@]1(C)CNCCCN1S(=O)(=O)C1=CC=CC2=C1C(F)=CN=C2,7.29242992
2,CHEMBL3581123,Oc1cccc(CC(=O)Nc2nc(cs2)c3ccncc3)c1,7.55
3,CHEMBL1922042,COc1cccc(CN(C)C(=O)c2cc3ccc(nc3[nH]2)c4cn[nH]c4)c1,7.57
4,CHEMBL3218006,COc1cccc(CNC(=O)Nc2nc(cs2)c3ccncc3)c1,7.57
5,CHEMBL520808,COc1ccc(cc1)C2=NC(C(=C(C)N2)C(=O)Nc3ccc4[nH]ncc4c3)c5ccc(cc5F)C(F)(F)F,7.59
6,CHEMBL3581128,CS(=O)(=O)Nc1cccc(CC(=O)Nc2nc(cs2)c3ccncc3)c1,7.59
7,CHEMBL575940,C[C@@H]1CN(CCN1)c2nc(NC3Cc4ccccc4C3)nc(Nc5ccncc5)n2,7.59
8,CHEMBL559147,C[C@@H](N)[C@@H]1CC[C@H](CC1)C(=O)Nc2ccncc2,7.6
9,CHEMBL575759,C1CN(CCN1)c2nc(NC3CCc4ccccc4C3)nc(Nc5ccncc5)n2,7.64
10,CHEMBL3810107,CC1=C(C(NC(=O)N1)c2ccc(F)c(c2)C(=O)NCCc3ccccn3)C(=O)Nc4ccc5[nH]ncc5c4,7.64
11,CHEMBL1923169,COc1ccccc1CNC(=O)c2c[nH]c3cc(ccc23)c4cn[nH]c4,7.64
12,CHEMBL3581149,COc1cccc(CC(=O)Nc2cc(cs2)c3ccnc(N)c3)c1,7.66
13,CHEMBL2333884,NCc1ccc(cc1)C(=O)NC(C2=Nc3ccc(cc3C(=O)N2)c4cn[nH]c4)c5ccc(Cl)cc5,7.66
14,CHEMBL2147538,CC(C)(N)CNc1nc(cc2cnccc12)c3ccncc3,7.68
15,CHEMBL3809100,CC1=C(C(NC(=O)N1)c2ccc(F)c(c2)C(=O)NCc3cccc(F)c3)C(=O)Nc4ccc5[nH]ncc5c4,7.68
16,CHEMBL1922125,COc1cccc(CNC(=O)c2cn(c3ccccc3)c4cc(ccc24)c5cn[nH]c5)c1,7.68
17,CHEMBL1083967,CCCC(N)c1ccc2sc(c(C)c2c1)c3ccnc(N)n3,7.7
18,CHEMBL523523,CCn1c(nc2c(ncc(OCCCN)c12)C#CCO)c3nonc3N,7.7
19,CHEMBL493066,CCn1c(nc2cncc(C(=O)N3CCNCC3)c12)c4nonc4N,7.7
20,CHEMBL1083073,COc1cccc(c1)C(N)c2ccc3sc(c(C)c3c2)c4ccnc(N)n4,7.7
21,CHEMBL1082758,Cc1c(sc2ccc(Cc3cccc(O)c3)cc12)c4ccnc(N)n4,7.7
22,CHEMBL1083072,Cc1c(sc2ccc(Nc3cccc(O)c3)cc12)c4ccnc(N)n4,7.7
23,CHEMBL1083352,Cc1c(sc2ccc(cc12)C(N)c3ccccc3)c4ccnc(N)n4,7.7
24,CHEMBL473080,NCCNS(=O)(=O)c1ccc(cc1)c2ccnc3[nH]ccc23,7.7
25,CHEMBL189657,CCn1c(nc2cnccc12)c3nonc3N,7.72
26,CHEMBL1084107,CN(C)C(C(=O)Nc1cc2C=CNC(=O)c2cc1Cl)c3ccccc3,7.72
27,CHEMBL388978,CN[C@@H]1C[C@H]2O[C@@](C)([C@@H]1OC)n3c4ccccc4c5c6CNC(=O)c6c7c8ccccc8n2c7c35,7.72
28,CHEMBL1922046,COc1cccc(CN(C)C(=O)c2c[nH]c3cc(ccc23)c4cn[nH]c4)c1,7.72
29,CHEMBL1922026,COc1cccc(CNC(=O)c2cc3ccc(cc3[nH]2)c4cn[nH]c4)c1,7.72
30,CHEMBL1923165,COc1cccc(CNC(=O)c2cc3ccc(nc3[nH]2)c4cn[nH]c4C)c1,7.72
31,CHEMBL373419,CCn1c(nc2cnc(Oc3cccc(N)c3)cc12)c4nonc4N,7.75
32,CHEMBL3581146,COc1cccc(CC(=O)Nc2cc(cs2)c3ccnc(F)c3)c1,7.75
33,CHEMBL1923177,O=C(NCCc1cccs1)c2c[nH]c3cc(ccc23)c4cn[nH]c4,7.75
34,CHEMBL566298,C1CNCCN(C1)c2nc(NC3Cc4ccccc4C3)nc(Nc5ccncc5)n2,7.77
35,CHEMBL3581129,COc1cccc(c1)C2CCCN(C2=O)c3nc(cs3)c4ccncc4,7.77
36,CHEMBL2333905,N[C@@H](Cc1ccc(F)cc1)C2=Nc3ccc(cc3C(=O)N2)c4cn[nH]c4,7.77
37,CHEMBL1215526,CCN1Cc2ccccc2C[C@@H]1C(=O)Nc3cc(F)c(cc3OCCN(C)C)c4cn[nH]c4,7.8
38,CHEMBL2333909,COc1ccc(C[C@H](N)C2=Nc3ccc(cc3C(=O)N2)c4cn[nH]c4)cc1,7.8
39,CHEMBL485611,CC1=C(C(N=C(N1)c2ccnc(Cl)c2)c3ccc(Cl)cc3F)C(=O)Nc4ccc5[nH]nc(C)c5c4,7.82
40,CHEMBL2333894,NC(C1=Nc2ccc(cc2C(=O)N1)c3cn[nH]c3)c4cccc(Cl)c4,7.82
41,CHEMBL578643,C1CN(CCN1)c2cc(NC3Cc4ccccc4C3)nc(Nc5ccncc5)n2,7.85
42,CHEMBL375312,CC1=C(C(CC(=O)N1)c2ccc(cc2)C(F)(F)F)C(=O)Nc3cc4cn[nH]c4cc3F,7.85
43,CHEMBL384073,CC1=C(C(NC(=O)N1)c2ccc(F)cc2)C(=O)Nc3ccc4[nH]ncc4c3,7.85
44,CHEMBL1956071,CCn1c(nc2cncc(C(=O)N3CC[C@H](N)C3)c12)c4nonc4N,7.85
45,CHEMBL1084892,CNC(C(=O)Nc1cc2C=CNC(=O)c2cc1Cl)c3ccccc3,7.85
46,CHEMBL2332073,COc1cccc(CN(CCN2CCCCC2)C(=O)Nc3ccc(cc3)c4cn[nH]c4)c1,7.85
47,CHEMBL387338,CCn1c(nc2cnc(Oc3cccc(c3)C(=O)C)cc12)c4nonc4N,7.89
48,CHEMBL2333887,COc1ccc(cc1)[C@@H]2CN(C)C[C@H]2C3=Nc4ccc(cc4C(=O)N3)c5cn[nH]c5,7.89
49,CHEMBL1922126,COc1cccc(CN(CCCN(C)C)C(=O)c2cn(C)c3cc(ccc23)c4cn[nH]c4)c1,7.89
50,CHEMBL2332069,COc1cccc(CN(CCN2CCCC2)C(=O)Nc3ccc(cc3)c4cn[nH]c4)c1,7.89
51,CHEMBL510515,O=C(Nc1nc(cs1)c2ccncc2)C3COc4ccccc4O3,7.89
52,CHEMBL575340,C1CN(CCN1)c2nc(NC3Cc4ccccc4C3)cc(Nc5ccncc5)n2,7.92
53,CHEMBL3338837,CC(C)(N)CNc1nc(nc2cnccc12)c3ccncc3,7.92
54,CHEMBL3809796,CC1=C(C(NC(=O)N1)c2ccc(F)c(c2)C(=O)NCc3nccc4ccccc34)C(=O)Nc5ccc6[nH]ncc6c5,7.92
55,CHEMBL1922034,COc1cccc(CNC(=O)c2cc3ccc(nc3[nH]2)c4cn[nH]c4)c1,7.92
56,CHEMBL3808660,CC1=C(C(NC(=O)N1)c2ccc(F)c(c2)C(=O)NCc3ccccn3)C(=O)Nc4ccc5[nH]ncc5c4,7.96
57,CHEMBL521144,CCOc1cc(ccn1)C2=NC(C(=C(C)N2)C(=O)Nc3cc4cn[nH]c4cc3F)c5ccc(Cl)cc5F,7.96
58,CHEMBL1923167,COc1cccc(CNC(=O)c2c[nH]c3cc(ccc23)c4ccncc4)c1,7.96
59,CHEMBL1922132,COc1cccc(CNC(=O)c2c[nH]c3nc(ccc23)c4cn[nH]c4)c1,7.96
60,CHEMBL2332076,COc1cccc(c1)C(CCO)NC(=O)Nc2ccc(cc2)c3cn[nH]c3,7.96
61,CHEMBL485440,CC1=C(C(N=C(N1)c2ccnc(C)c2)c3ccc(Cl)cc3F)C(=O)Nc4cc5cn[nH]c5cc4F,8.0
62,CHEMBL1215304,COc1ccc2CN[C@H](Cc2c1)C(=O)Nc3ccc(cc3OCC4CCN(C)CC4)c5cn[nH]c5,8.0
63,CHEMBL3581132,COc1cccc(CC(=O)Nc2cc(cs2)c3ccncc3)c1,8.0
64,CHEMBL2332063,COc1cccc(CN(CCN(C)C)C(=O)Nc2ccc(cn2)c3cn[nH]c3)c1,8.0
65,CHEMBL3580669,CS(=O)(=O)Nc1cccc(CC(=O)Nc2cc(cs2)c3ccnc(F)c3)c1,8.0
66,CHEMBL1083074,Cc1c(sc2ccc(cc12)C(N)c3cccc(O)c3)c4ccnc(N)n4,8.0
67,CHEMBL2332056,OCCC(NC(=O)Nc1ccc(cc1)c2cn[nH]c2)c3cccc(F)c3,8.0
68,CHEMBL218720,CC1=C(C(CC(=O)N1)c2ccc(cc2)C(F)(F)F)C(=O)Nc3ccc4[nH]nc(C)c4c3,8.05
69,CHEMBL441702,CC1=C(C(CC(=O)N1)c2ccc3ccccc3c2)C(=O)Nc4ccc5[nH]ncc5c4,8.05
70,CHEMBL1922127,COc1cccc(CN(CCN(C)C)C(=O)c2cn(C)c3cc(ccc23)c4cn[nH]c4)c1,8.05
71,CHEMBL584291,C1CN(CCN1)c2nc(Nc3ccncc3)nc(OC4Cc5ccccc5C4)n2,8.1
72,CHEMBL374453,CC1=C(C(CC(=O)N1)c2ccc(Cl)c(Cl)c2)C(=O)Nc3ccc4[nH]ncc4c3,8.1
73,CHEMBL427058,CC1=C(C(CC(=O)N1)c2ccc(cc2)C(F)(F)F)C(=O)Nc3cc(Cl)c4[nH]ncc4c3,8.1
74,CHEMBL483395,CC1=C(C(N=C(N1)c2ccncc2)c3ccc(F)cc3)C(=O)Nc4ccc5[nH]ncc5c4,8.1
75,CHEMBL493911,CCn1c(nc2cncc(OC3CCNCC3)c12)c4nonc4N,8.1
76,CHEMBL2333896,COc1cc(cc2C(=O)NC(=Nc12)C(N)c3cccc(Cl)c3)c4cn[nH]c4,8.1
77,CHEMBL1922141,COc1cccc(CNC(=O)c2[nH]c3cc(ccc3c2CN4CCCNCC4)c5cn[nH]c5)c1,8.1
78,CHEMBL2333906,N[C@H](Cc1ccc(F)cc1)C2=Nc3ccc(cc3C(=O)N2)c4cn[nH]c4,8.1
79,CHEMBL3218011,Oc1cccc(CNC(=O)Nc2nc(cs2)c3ccncc3)c1,8.1
80,CHEMBL2333908,COc1cc(cc2C(=O)NC(=Nc12)[C@H](N)Cc3cccc(F)c3)c4cn[nH]c4,8.16
81,CHEMBL3581126,Clc1c(CC(=O)Nc2nc(cs2)c3ccncc3)ccc4OCOc14,8.16
82,CHEMBL575741,C1CN(CCN1)c2nc(NC3Cc4ccccc4C3)nc(Nc5ccncc5)n2,8.22
83,CHEMBL521347,CC1=C(C(N=C(N1)c2ccnc(Cl)c2)c3ccc(Cl)cc3F)C(=O)Nc4cc5cn[nH]c5cc4F,8.22
84,CHEMBL2332059,CN(C)CCC(NC(=O)Nc1ccc(cc1)c2cn[nH]c2)c3ccccc3,8.22
85,CHEMBL485612,COc1cc(ccn1)C2=NC(C(=C(C)N2)C(=O)Nc3cc4cn[nH]c4cc3F)c5ccc(Cl)cc5F,8.22
86,CHEMBL2332068,COc1cccc(CN(CCN(C)C)C(=O)Nc2ccc(cc2)c3cn[nH]c3)c1,8.22
87,CHEMBL2332065,COc1cccc(CN(CCO)C(=O)Nc2ccc(cc2)c3cn[nH]c3)c1,8.22
88,CHEMBL1922140,COc1cccc(CNC(=O)c2[nH]c3cc(ccc3c2CN4CCN(C)CC4)c5cn[nH]c5)c1,8.22
89,CHEMBL1923181,COc1cccc(c1)[C@@H](C)NC(=O)c2cc3ccc(nc3[nH]2)c4cn[nH]c4,8.22
90,CHEMBL406821,C[C@H]1CNCCCN1S(=O)(=O)c2cccc3cncc(C)c23,8.22
91,CHEMBL3770730,NC(C(=O)Nc1ccc2cnccc2c1)c3ccccc3,8.22
92,CHEMBL218719,CC1=C(C(CC(=O)N1)c2ccc(cc2)C(F)(F)F)C(=O)Nc3ccc4[nH]ncc4c3,8.3
93,CHEMBL523695,CCn1c(nc2cncc(C(=O)N3CC[C@@H](N)C3)c12)c4nonc4N,8.3
94,CHEMBL506153,CCn1c(nc2cncc(C(=O)NCCNC)c12)c3nonc3N,8.3
95,CHEMBL520828,COc1ccc(cc1)C2=NC(C(=C(C)N2)C(=O)Nc3ccc4[nH]ncc4c3)c5ccc(Cl)cc5F,8.3
96,CHEMBL1922129,COc1cccc(CNC(=O)c2cn(CCN(C)C)c3cc(ccc23)c4cn[nH]c4)c1,8.3
97,CHEMBL218257,CCn1c(nc2cnc(OC)cc12)c3nonc3N,8.36
98,CHEMBL483401,CC1=C(C(N=C(N1)c2ccnc(Cl)c2)c3ccc(Cl)cc3F)C(=O)Nc4ccc5[nH]ncc5c4,8.4
99,CHEMBL2332060,CCN(Cc1cccc(OC)c1)C(=O)Nc2ccc(cc2O[C@H]3CCN(C)C3)c4cn[nH]c4,8.4
100,CHEMBL426526,CCn1c(nc2cnc(Oc3cccc(NC(=O)c4ccccc4)c3)cc12)c5nonc5N,8.4
101,CHEMBL2332097,COc1cccc(CN(C)C(=O)Nc2ccc(cc2)c3cn[nH]c3)c1,8.4
102,CHEMBL1080279,COc1cccc(CN(CCN(C)C)C(=O)c2nc3ccc(cc3s2)c4cn[nH]c4)c1,8.46
103,CHEMBL521823,CCn1c(nc2cncc(OCC3CCNCC3)c12)c4nonc4N,8.52
104,CHEMBL483574,COc1ccc(cn1)C2=NC(C(=C(C)N2)C(=O)Nc3ccc4[nH]ncc4c3)c5ccc(Cl)cc5F,8.52
105,CHEMBL1922124,COc1cccc(CN(C)C(=O)c2cn(C)c3cc(ccc23)c4cn[nH]c4)c1,8.52
106,CHEMBL1922128,COc1cccc(CNC(=O)c2cn(CCCO)c3cc(ccc23)c4cn[nH]c4)c1,8.52
107,CHEMBL1667967,O=C1NC=Cc2cc(O[C@H]3CCCNC3)ccc12,8.6
108,CHEMBL220465,CCn1c(nc2cnc(Oc3cccc(NC(=O)c4ccc(cc4)N(C)C)c3)cc12)c5nonc5N,8.7
109,CHEMBL1079921,CN(C)CCCNC(=O)c1ccc2OCC(Cc2c1)c3nc4ccc(cc4s3)c5cn[nH]c5,8.7
110,CHEMBL483402,COc1cc(ccn1)C2=NC(C(=C(C)N2)C(=O)Nc3ccc4[nH]ncc4c3)c5ccc(Cl)cc5F,8.7
111,CHEMBL1922035,COc1cccc(CNC(=O)c2cc3ccc(nc3n2C)c4cn[nH]c4)c1,8.7
112,CHEMBL1923173,COc1cccc(c1)[C@@H](C)NC(=O)c2c[nH]c3cc(ccc23)c4cn[nH]c4,8.7
113,CHEMBL523586,NC[C@H](Cc1cccc(F)c1)NC(=O)c2cc(Br)c(s2)c3ccnc4[nH]ccc34,8.7
114,CHEMBL2334292,O=C1NC(=Nc2ccc(cc12)c3cn[nH]c3)[C@@H]4CNC[C@H]4c5ccccc5,8.7
115,CHEMBL218868,CCn1c(nc2cnc(Oc3cccc(NC(=O)C)c3)cc12)c4nonc4N,8.75
116,CHEMBL220241,CCn1c(nc2cnc(Oc3cccc(NC(=O)c4ccc(OCCN5CCOCC5)cc4)c3)cc12)c6nonc6N,8.75
117,CHEMBL2023841,CC1(C)C2=C3C=C4C(CC[N+]5=C4C(C)(C)c6cc(ccc56)S(=C)(=O)O)OC3CCN2c7ccc(CC(=O)NCCCC[C@@H](NC(=O)[C@@H](CCCNC(=N)N)NC(=O)[C@@H](CCCNC(=N)N)NC(=O)[C@@H](CCCNC(=N)N)NC(=O)[C@@H](CCCNC(=N)N)NC(=O)[C@@H](CCCNC(=N)N)NC(=O)[C@@H](CCCNC(=N)N)NC(=O)CCCCCNC(=O)[C@@H](CCCNC(=N)N)NC(=O)CCCCCCCNCCNS(=O)(=O)c8cccc9cnccc89)C(=O)N)cc17,8.89
118,CHEMBL3770836,NCC(C(=O)Nc1ccc2cnccc2c1)c3ccccc3,8.92
119,CHEMBL2333898,Clc1ccc(cc1)[C@@H]2CNC[C@H]2C3=Nc4ccc(cc4C(=O)N3)c5cn[nH]c5,9.0
120,CHEMBL3218297,CS(=O)(=O)O.Oc1cccc(CNC(=O)Nc2nc(cs2)c3ccncc3)c1,9.28
52,CHEMBL188434,CCn1c(nc2cncc(CNC3CCNCC3)c12)c4nonc4N,7.0
64,CHEMBL220408,CCn1c(nc2cnc(Oc3cccc(c3)S(=O)(=O)C)cc12)c4nonc4N,7.48
66,CHEMBL218869,CCn1c(nc2cnc(Oc3ccc(NC(=O)C)cc3)cc12)c4nonc4N,7.05
68,CHEMBL375877,CCn1c(nc2cnc(Oc3ccccc3)cc12)c4nonc4N,7.52
79,CHEMBL218654,CC1=C(C(CC(=O)N1)c2ccc(F)cc2)C(=O)Nc3ccc4[nH]ncc4c3,7.29
82,CHEMBL217910,CC1=C(C(CC(=O)N1)c2ccc(cc2)C(F)(F)F)C(=O)Nc3ccc4[nH]ncc4c3F,5.6
93,CHEMBL536267,Cl.Cl.C[C@@H](N)C1CCC(CC1)C(=O)Nc2ccncc2,6.85
99,CHEMBL493067,CCn1c(nc2cncc(C(=O)NC3CCCNC3)c12)c4nonc4N,7.4
104,CHEMBL1794064,CCn1c(nc2c(ncc(OCCCN)c12)C#CCN)c3nonc3N.OC(=O)C(F)(F)F,6.7
105,CHEMBL493875,CCn1c(nc2c(ncc(OCCCN)c12)C#CCCO)c3nonc3N,6.9
107,CHEMBL493874,CCn1c(nc2c(ncc(OCCCN)c12)C#CC(C)(C)O)c3nonc3N,6.3
108,CHEMBL494882,CCn1c(nc2c(ncc(OCCCN)c12)C#CC3CC3)c4nonc4N,5.7
109,CHEMBL450487,CCn1c(nc2c(ncc(OCCCN)c12)c3cn[nH]c3)c4nonc4N,6.65
110,CHEMBL523057,CCn1c(nc2c(ncc(OCCCN)c12)c3cc[nH]c3)c4nonc4N,6.9
111,CHEMBL445180,CCn1c(nc2c(ncc(OCCCN)c12)c3cocc3)c4nonc4N,6.25
112,CHEMBL493251,CCn1c(nc2c(ncc(OCCCN)c12)c3ccc[nH]3)c4nonc4N,6.8
113,CHEMBL521642,CCn1c(nc2c(ncc(OC[C@@H]3CCCNC3)c12)C#CC(C)(C)O)c4nonc4N,5.8
114,CHEMBL522351,CCn1c(nc2c(ncc(OCCCNC[C@H](O)CO)c12)C#CC(C)(C)O)c3nonc3N,6.6
115,CHEMBL494060,CCn1c(nc2c(ncc(OCCCNCCc3ccc(OC)cc3)c12)C#CC(C)(C)O)c4nonc4N,5.4
116,CHEMBL1794065,CCn1c(nc2c(ncc(OCC3CCNCC3)c12)C#CC(C)(C)O)c4nonc4N.OC(=O)C(F)(F)F,5.6
117,CHEMBL523859,CCn1c(nc2c(ncc(OCC[C@@H](N)Cc3ccccc3)c12)C#CC(C)(C)O)c4nonc4N,5.9
118,CHEMBL453510,CCn1c(nc2c(ncc(OCCN)c12)C#CC(C)(C)O)c3nonc3N,6.3
119,CHEMBL493269,CCn1c(nc2c(ncc(OCCCCN)c12)C#CC(C)(C)O)c3nonc3N,6.3
120,CHEMBL494088,CCn1c(nc2c(ncc(OCC3CCNC3)c12)C#CC(C)(C)O)c4nonc4N,6.1
121,CHEMBL1794066,CCn1c(nc2c(ncc(OC3CCNCC3)c12)C#CC(C)(C)O)c4nonc4N.OC(=O)C(F)(F)F,6.0
122,CHEMBL494089,CCn1c(nc2c(ncc(OC[C@H]3CCCNC3)c12)C#CC(C)(C)O)c4nonc4N,6.05
125,CHEMBL521179,CN(C)CCOc1cc(ccc1NC(=O)C2COc3ccccc3O2)c4cn[nH]c4,7.25
126,CHEMBL485592,CC1=C(C(N=C(N1)c2ccccn2)c3ccc(F)cc3)C(=O)Nc4ccc5[nH]ncc5c4,6.75
127,CHEMBL485598,CC1=C(C(N=C(N1)c2ccc(nc2)C(F)(F)F)c3ccc(F)cc3)C(=O)Nc4ccc5[nH]ncc5c4,7.13
128,CHEMBL483394,COc1ccc(cc1)C2=NC(C(=C(C)N2)C(=O)Nc3ccc4[nH]ncc4c3)c5ccc(cc5)S(=O)(=O)C,6.82
129,CHEMBL520640,COc1ccc(cc1)C2=NC(C)C(=C(C)N2)C(=O)Nc3ccc4[nH]ncc4c3,6.06
130,CHEMBL483575,COc1ccc(cc1)C2=NC(C(=C(C)N2)C(=O)Nc3ccc4[nH]ncc4c3)c5ccc(cc5)S(=O)(=O)N,7.17
142,CHEMBL483568,CC1=C(C(N=C(N1)c2cccc(c2)C(F)(F)F)c3ccc(F)cc3)C(=O)Nc4ccc5[nH]ncc5c4,6.54
143,CHEMBL483396,CC1=C(C(N=C(N1)c2cnccn2)c3ccc(F)cc3)C(=O)Nc4ccc5[nH]ncc5c4,6.98
145,CHEMBL483387,CC1=C(C(N=C(N1)c2cccc(C)c2)c3ccc(F)cc3)C(=O)Nc4ccc5[nH]ncc5c4,6.89
146,CHEMBL520848,CC1=C(C(N=C(N1)c2ccc(Cl)cc2)c3ccc(F)cc3)C(=O)Nc4ccc5[nH]ncc5c4,6.89
147,CHEMBL485586,CC1=C(C(N=C(N1)c2ccc(C)c(F)c2)c3ccc(F)cc3)C(=O)Nc4ccc5[nH]ncc5c4,6.98
148,CHEMBL485585,CC1=C(C(N=C(N1)c2ccc(C)cc2)c3ccc(F)cc3)C(=O)Nc4ccc5[nH]ncc5c4,7.0
149,CHEMBL519008,COc1ccc(cc1)C2=NC(C(=C(C)N2)C(=O)Nc3ccc4[nH]ncc4c3)c5ccc(F)cc5,7.34
150,CHEMBL519680,CC1=C(C(N=C(N1)c2ccccc2)c3ccc(F)cc3)C(=O)Nc4ccc5[nH]ncc5c4,6.98
156,CHEMBL519965,NCCNS(=O)(=O)c1ccc(cc1)c2ccnc3[nH]c(CC(=O)N)cc23,5.0
157,CHEMBL482747,Cc1cc2c(ccnc2[nH]1)c3ccc(cc3)S(=O)(=O)NCCN,6.5
159,CHEMBL519693,NS(=O)(=O)c1ccc(cc1)c2cc3ccncc3cc2OC4CCNCC4,5.9
160,CHEMBL484968,C1CC(CCN1)Oc2cc3cnccc3cc2c4ccccc4,6.1
161,CHEMBL484967,NCc1ccc(cc1)c2cc3ccncc3cc2OC4CCNCC4,6.7
166,CHEMBL466496,C[C@@H](NC1=C(Nc2ccncc2)C(=O)C1=O)c3ccccc3,7.22
168,CHEMBL511410,NC(=O)C(NC1=C(Nc2ccncc2)C(=O)C1=O)c3cccc(O)c3,7.22
177,CHEMBL38380,O=S(=O)(N1CCCNCC1)c2cccc3cnccc23,6.28
178,CHEMBL1233300,Oc1nccc2c(cccc12)S(=O)(=O)N3CCCNCC3,6.82
180,CHEMBL583042,Cc1cnc(Nc2ccc(F)cc2Cl)nc1c3c[nH]c(c3)C(=O)N[C@H](CO)c4cccc(Cl)c4,5.85
181,CHEMBL570126,C[C@H]1CN(CCN1\C(=N\C#N)\Nc2cccc(Br)c2)c3ncnc4[nH]cc(C)c34,6.59
182,CHEMBL565452,C[C@H]1CN(CCN1\C(=N\C#N)\Nc2ccc(F)c(Br)c2)c3ncnc4[nH]cc(C)c34,6.51
183,CHEMBL570820,C[C@H]1CN(CCN1C(=O)Nc2ccc(F)c(Br)c2)c3ncnc4[nH]cc(C)c34,7.29
184,CHEMBL570116,C[C@H]1CN(CCN1C(=O)Nc2cccc(OC(=O)N(C)C)c2)c3ncnc4[nH]cc(C)c34,6.31
187,CHEMBL575962,C1CCC(C1)Nc2nc(Nc3ccncc3)nc(n2)N4CCNCC4,6.05
189,CHEMBL575798,C(Cc1ccccc1)Nc2nc(Nc3ccncc3)nc(n2)N4CCNCC4,6.49
191,CHEMBL575555,C(Nc1nc(Nc2ccncc2)nc(n1)N3CCNCC3)c4ccccc4,6.4
195,CHEMBL567603,C1CN(CCN1)c2nc(NC3CCc4ccccc34)nc(Nc5ccncc5)n2,6.73
199,CHEMBL575761,C1CN(CCN1)c2nc(NC3Cc4ccccc4C3)nc(Nc5cccnc5)n2,5.08
201,CHEMBL575973,C1CN(CCN1)c2nc(NC3Cc4ccccc4C3)nc(Nc5ccccn5)n2,6.0
203,CHEMBL575974,C1CN(CCN1)c2nc(NC3Cc4ccccc4C3)nc(Nc5ccccc5)n2,5.13
205,CHEMBL573151,C1CCN(CC1)c2nc(NC3Cc4ccccc4C3)nc(Nc5ccncc5)n2,5.08
207,CHEMBL573152,CN1CCN(CC1)c2nc(NC3Cc4ccccc4C3)nc(Nc5ccncc5)n2,6.52
211,CHEMBL577177,CNCCN(C)c1nc(NC2Cc3ccccc3C2)nc(Nc4ccncc4)n1,7.09
215,CHEMBL575562,C[C@H]1CN(CCN1)c2nc(NC3Cc4ccccc4C3)nc(Nc5ccncc5)n2,6.87
217,CHEMBL575765,C[C@@H]1CNCCN1c2nc(NC3Cc4ccccc4C3)nc(Nc5ccncc5)n2,6.93
219,CHEMBL575575,C[C@H]1CNCCN1c2nc(NC3Cc4ccccc4C3)nc(Nc5ccncc5)n2,7.06
225,CHEMBL572911,C1CN(CCN1)c2cc(Nc3ccncc3)nc(NC4Cc5ccccc5C4)n2,5.92
244,CHEMBL604060,Cc1n[nH]c2ccc(cc12)c3cc(OC[C@@H](N)Cc4ccccc4)cnc3c5ccsc5,5.22
245,CHEMBL594748,Cc1n[nH]c2ccc(cc12)c3cc(OC[C@@H](N)Cc4ccccc4)cnc3c5cccs5,5.6
246,CHEMBL595709,Cc1n[nH]c2ccc(cc12)c3cc(OC[C@@H](N)Cc4ccccc4)cnc3c5cocc5,5.28
247,CHEMBL595708,Cc1n[nH]c2ccc(cc12)c3cc(OC[C@@H](N)Cc4ccccc4)cnc3c5occc5,5.89
248,CHEMBL605733,Cc1n[nH]c2ccc(cc12)c3cc(OC[C@@H](N)Cc4ccccc4)cnc3c5cc(Cl)ccc5O,5.12
250,CHEMBL594517,Cc1n[nH]c2ccc(cc12)c3cc(OC[C@@H](N)Cc4ccccc4)cnc3c5cc(F)ccc5O,5.01
252,CHEMBL595685,Cc1n[nH]c2ccc(cc12)c3cc(OC[C@@H](N)Cc4ccccc4)cnc3c5ccc(O)cc5,5.85
254,CHEMBL595476,Cc1n[nH]c2ccc(cc12)c3cc(OC[C@@H](N)Cc4ccccc4)cnc3c5ccccc5O,5.02
256,CHEMBL379218,Cc1n[nH]c2ccc(cc12)c3cncc(OC[C@@H](N)Cc4ccccc4)c3,7.1
257,CHEMBL593490,Cc1[nH]nc2ccc(cc12)c3cc(OC[C@@H](N)Cc4c[nH]c5ccccc45)cnc3c6cocc6,5.8
258,CHEMBL590109,NCCn1cc(c2cc(c3cc4ccccc4s3)c5[nH]ncc5c2)c6nc(N)ncc16,6.4
261,CHEMBL589655,Nc1ncc(nc1N2CCN(CCO)CC2)c3ccncc3,5.34
262,CHEMBL602706,CN1CCCN(CC1)c2nc(cnc2N)c3ccncc3,5.34
265,CHEMBL591271,CN1CCCN(CC1)c2nc(cnc2N)c3ccnc(N)c3,4.6
266,CHEMBL600849,CN1CCCN(CC1)c2nc(cnc2N)c3cc[nH]n3,4.43
267,CHEMBL591272,CN1CCCN(CC1)c2nc(cnc2N)c3ccnc4[nH]ccc34,5.82
268,CHEMBL600236,CN1CCCN(CC1)c2nc(cnc2N)c3cccc4[nH]ncc34,5.02
269,CHEMBL590313,CN1CCCN(CC1)c2nc(cnc2N)c3ccc4[nH]ncc4c3,5.64
271,CHEMBL589578,CNc1ncc(nc1N2CCCN(C)CC2)c3ccncc3,5.16
272,CHEMBL601834,CN(C)c1ncc(nc1N2CCCN(C)CC2)c3ccncc3,5.19
273,CHEMBL589336,CCN(CC)c1ncc(nc1N2CCCN(C)CC2)c3ccncc3,5.59
274,CHEMBL589337,CN1CCCN(CC1)c2nc(cnc2NCCO)c3ccncc3,4.38
275,CHEMBL590238,COCCNc1ncc(nc1N2CCCN(C)CC2)c3ccncc3,5.0
276,CHEMBL592701,COCCN(C)c1ncc(nc1N2CCCN(C)CC2)c3ccncc3,4.32
277,CHEMBL592702,CN1CCCN(CC1)c2nc(cnc2N3CCCC3)c4ccncc4,5.22
278,CHEMBL602753,CN1CCCN(CC1)c2nc(cnc2N3CCCCC3)c4ccncc4,4.75
279,CHEMBL591754,CN1CCCN(CC1)c2nc(cnc2N3CCOCC3)c4ccncc4,4.17
280,CHEMBL591986,C1CCN(C1)c2ncc(nc2N3CCCNCC3)c4ccncc4,6.5
281,CHEMBL591287,C1CCN(C1)c2ncc(nc2N3CCNCC3)c4ccncc4,6.22
282,CHEMBL602326,NC1CCN(CC1)c2nc(cnc2N3CCCC3)c4ccncc4,6.54
283,CHEMBL591047,CNC1CCN(CC1)c2nc(cnc2N3CCCC3)c4ccncc4,5.75
284,CHEMBL591285,NCC1CCN(CC1)c2nc(cnc2N3CCCC3)c4ccncc4,6.89
285,CHEMBL602041,CNCC1CCN(CC1)c2nc(cnc2N3CCCC3)c4ccncc4,6.82
286,CHEMBL598963,C1CCN(C1)c2ncc(nc2N3CCCNCC3)c4ccnc5[nH]ccc45,6.77
287,CHEMBL604934,C1CCN(C1)c2ncc(nc2N3CCNCC3)c4ccnc5[nH]ccc45,7.47
288,CHEMBL599162,NC1CCN(CC1)c2nc(cnc2N3CCCC3)c4ccnc5[nH]ccc45,6.52
289,CHEMBL611386,CN(C)c1ncc(nc1N2CCN(CCO)CC2)c3ccncc3,5.85
290,CHEMBL599163,OCCN1CCN(CC1)c2nc(cnc2N3CCCC3)c4ccncc4,6.52
296,CHEMBL598336,COc1ccc(cc1OC)C(=O)NCc2cccc(c2)C(=O)NCCc3ccncc3,5.37
304,CHEMBL1081196,CCN(Cc1cccc(OC)c1)C(=O)c2nc3ccc(cc3s2)c4cn[nH]c4,6.75
309,CHEMBL1087650,CN1C[C@@H]2C[C@H]1CN2c3ccc(cc3)c4ccnc5c(c6cccc(O)c6)c(nn45)c7ccncc7,4.75
311,CHEMBL365286,CCn1c(nc2ccccc12)c3nonc3N,6.48
312,CHEMBL1079208,CC(C)n1c(nc2ccccc12)c3nonc3N,5.72
313,CHEMBL1079293,Nc1nonc1c2nc3ccccc3n2C4CC4,6.35
314,CHEMBL1079294,Nc1nonc1c2nc3ccccc3n2C4CCC4,6.75
315,CHEMBL1079295,Nc1nonc1c2nc3ccccc3n2C4CCCC4,6.47
316,CHEMBL1078929,Nc1nonc1c2nc3ccccc3n2C4CCCCC4,6.14
317,CHEMBL1078930,Nc1nonc1c2nc3ccccc3n2CC4CC4,6.44
318,CHEMBL1078820,Nc1nonc1c2nc3ccccc3n2CC4CCC4,6.18
319,CHEMBL1079040,CC(C)Cn1c(nc2ccccc12)c3nonc3N,6.03
320,CHEMBL1078426,Nc1nonc1c2nc3ccccc3n2c4ccccc4,6.23
321,CHEMBL1078427,Nc1nonc1c2nc3ccccc3n2c4ccccc4C#N,6.09
324,CHEMBL1078539,COc1ccccc1n2c(nc3ccccc23)c4nonc4N,5.89
326,CHEMBL1078245,COc1ccc(cc1)n2c(nc3ccccc23)c4nonc4N,5.68
327,CHEMBL1079032,Nc1nonc1c2nc3cc(O)ccc3n2C4CCC4,5.66
328,CHEMBL1080071,Nc1ccc2c(c1)nc(c3nonc3N)n2C4CCC4,7.07
329,CHEMBL1080072,COc1ccc2c(c1)nc(c3nonc3N)n2C4CCC4,6.03
343,CHEMBL1092754,Cn1cc(\C=C\2/Oc3cccc(O)c3C2=O)c4c(ccnc14)c5ccc(cc5)C(=O)NCCO,4.3
347,CHEMBL1089116,CCn1cc(c2ccnc3[nH]ccc23)c(n1)c4ccc(NC(=O)Nc5ccccc5)cc4,6.4
348,CHEMBL1084890,Clc1cc2C(=O)NC=Cc2cc1NC(=O)Cc3ccccc3,6.75
349,CHEMBL1085141,NC(C(=O)Nc1cc2C=CNC(=O)c2cc1Cl)c3ccccc3,7.23
351,CHEMBL1084106,Clc1cc2C(=O)NC=Cc2cc1NC(=O)C(NC3CC3)c4ccccc4,7.41
353,CHEMBL1084900,Clc1cc2C(=O)NC=Cc2cc1NC(=O)CNCc3ccccc3,7.28
355,CHEMBL1605605,Cl.Cl.C[C@@H](N)[C@@H]1CC[C@H](CC1)C(=O)Nc2ccncc2,7.34
356,CHEMBL1085214,Cc1c(sc2ccc(Cl)cc12)c3ccnc(N)n3,5.82
357,CHEMBL1086078,CNc1nccc(n1)c2sc3ccc(Cl)cc3c2C,5.92
359,CHEMBL1085468,Cc1c(sc2ccc(Cl)cc12)c3cc(N)ncn3,4.89
360,CHEMBL1083141,Cc1c(sc2ccc(Cl)cc12)c3ccnc(N)c3,5.08
361,CHEMBL1083142,Cc1c(sc2ccc(Cl)cc12)c3ccncc3,4.55
362,CHEMBL1083143,Cc1c(sc2ccc(Cl)cc12)c3ccnc4[nH]ccc34,5.15
364,CHEMBL1086322,Cc1c(sc2ccccc12)c3ccnc(N)n3,5.54
365,CHEMBL1085706,Cc1c(sc2ccc(cc12)c3ccccc3)c4ccnc(N)n4,5.38
366,CHEMBL1083455,Cc1c(sc2ccc(Cc3ccccc3)cc12)c4ccnc(N)n4,6.24
367,CHEMBL1086543,COc1ccccc1Cc2ccc3sc(c(C)c3c2)c4ccnc(N)n4,5.01
368,CHEMBL1086544,COc1cccc(Cc2ccc3sc(c(C)c3c2)c4ccnc(N)n4)c1,6.64
369,CHEMBL1086545,COc1ccc(Cc2ccc3sc(c(C)c3c2)c4ccnc(N)n4)cc1,5.14
370,CHEMBL1082757,Cc1c(sc2ccc(Cc3cccc(c3)C(F)(F)F)cc12)c4ccnc(N)n4,5.07
372,CHEMBL1084791,Cc1c(sc2ccc(Cc3cccc(c3)C(=O)O)cc12)c4ccnc(N)n4,7.22
373,CHEMBL1084792,COC(=O)c1cccc(Cc2ccc3sc(c(C)c3c2)c4ccnc(N)n4)c1,5.0
374,CHEMBL1084947,Cc1c(sc2ccc(Oc3cccc(O)c3)cc12)c4ccnc(N)n4,6.44
378,CHEMBL1084795,COc1ccc(cc1)C(N)c2ccc3sc(c(C)c3c2)c4ccnc(N)n4,7.05
379,CHEMBL1085035,Cc1c(sc2ccc(cc12)C(N)c3cccc(Cl)c3)c4ccnc(N)n4,7.52
380,CHEMBL1083351,Cc1cccc(c1)C(N)c2ccc3sc(c(C)c3c2)c4ccnc(N)n4,7.3
382,CHEMBL1085700,Cc1c(sc2ccc(CN)cc12)c3ccnc(N)n3,5.66
383,CHEMBL1083965,CC(N)c1ccc2sc(c(C)c2c1)c3ccnc(N)n3,6.4
384,CHEMBL1083966,CCC(N)c1ccc2sc(c(C)c2c1)c3ccnc(N)n3,6.85
386,CHEMBL1085935,CC(C)C(N)c1ccc2sc(c(C)c2c1)c3ccnc(N)n3,7.22
387,CHEMBL1082439,CC(C)CC(N)c1ccc2sc(c(C)c2c1)c3ccnc(N)n3,7.52
431,CHEMBL1082440,CC1CNCCCN1S(=O)(=O)c2cccc3cncc(C)c23,7.52
432,CHEMBL249089,Ic1cccc2c(cccc12)S(=O)(=O)N3CCCNCC3,4.42
433,CHEMBL571948,C[C@@H](N)c1ccc(cc1)C(=O)Nc2ccnc3[nH]ccc23,7.52
445,CHEMBL1215171,COc1ccc2CN[C@H](Cc2c1)C(=O)Nc3ccc(cc3OCCN(C)C)c4cn[nH]c4,7.32
446,CHEMBL1215524,CN(C)CCOc1cc(c(F)cc1NC(=O)[C@H]2Cc3ccccc3CN2)c4cn[nH]c4,7.48
452,CHEMBL603469,C[C@]12O[C@H](C[C@]1(O)CO)n3c4ccccc4c5c6C(=O)NCc6c7c8ccccc8n2c7c35,7.25
458,CHEMBL608533,CO[C@@H]1[C@@H](C[C@H]2O[C@]1(C)n3c4ccccc4c5c6CNC(=O)c6c7c8ccccc8n2c7c35)N(C)C(=O)c9ccccc9,5.11
459,CHEMBL535,CCN(CC)CCNC(=O)c1c(C)[nH]c(\C=C\2/C(=O)Nc3ccc(F)cc23)c1C,6.34
487,CHEMBL1643355,NCc1ccc2c(N)nccc2c1,5.11
488,CHEMBL1643356,CN(CCc1ccccc1)Cc2ccc3c(N)nccc3c2,6.37
489,CHEMBL1643357,Nc1nccc2cc(CNCCOc3ccccc3)ccc12,6.23
490,CHEMBL1643358,Nc1nccc2cc(CNCCc3ccc(Cl)c(Cl)c3)ccc12,6.11
491,CHEMBL1643359,Cc1ccc(CCNCc2ccc3c(N)nccc3c2)cc1,6.09
492,CHEMBL1643360,COc1ccc(CCNCc2ccc3c(N)nccc3c2)cc1,6.0
493,CHEMBL1643361,Nc1nccc2cc(CNCCc3ccccc3)ccc12,5.89
494,CHEMBL1643362,Nc1nccc2cc(CNCCNc3ccccc3)ccc12,5.83
495,CHEMBL1643363,Nc1nccc2cc(CNCCc3cccc(c3)C(F)(F)F)ccc12,5.77
496,CHEMBL1643364,Nc1nccc2cc(CNCCc3ccncc3)ccc12,5.73
497,CHEMBL1643365,Nc1nccc2cc(CNCc3cccc(Oc4ccccc4)c3)ccc12,6.24
498,CHEMBL1643366,Nc1nccc2cc(CNCc3ccc4ccccc4c3)ccc12,5.46
499,CHEMBL1643367,Nc1nccc2cc(CNCc3ccccc3)ccc12,5.17
501,CHEMBL1643368,Nc1nccc2cc(O[C@H]3CCCNC3)ccc12,5.67
502,CHEMBL1643571,Nc1nccc2cc(O[C@@H]3CCCNC3)ccc12,5.71
503,CHEMBL1643572,Nc1nccc2cc(OC3CCNCC3)ccc12,5.44
504,CHEMBL1643573,Nc1nccc2cc(O[C@@H]3CCCN(Cc4ccccc4)C3)ccc12,6.62
505,CHEMBL1643574,Nc1nccc2cc(O[C@H]3CCCN(Cc4ccccc4)C3)ccc12,6.62
506,CHEMBL1643575,Nc1nccc2cc(OC3CCN(Cc4ccccc4)CC3)ccc12,5.37
518,CHEMBL1667965,C(N1CCC[C@@H](C1)Oc2ccc3cnccc3c2)c4ccccc4,6.48
521,CHEMBL1667963,Nc1nccc2c(cccc12)S(=O)(=O)N3CCCNCC3,5.5
531,CHEMBL1667980,NC[C@H]1CC[C@H](C1)Oc2ccc3C(=O)NC=Cc3c2,6.78
532,CHEMBL1667979,NC[C@@H]1CC[C@@H](C1)Oc2ccc3C(=O)NC=Cc3c2,7.09
533,CHEMBL1667978,CCN[C@H]1CCC[C@@H](C1)Oc2ccc3C(=O)NC=Cc3c2,6.92
534,CHEMBL1667977,N[C@H]1CCC[C@@H](C1)Oc2ccc3C(=O)NC=Cc3c2,7.5
535,CHEMBL1667976,N[C@H]1CC[C@@H](C1)Oc2ccc3C(=O)NC=Cc3c2,6.64
536,CHEMBL1667975,Cc1cc2C(=O)NC=Cc2cc1O[C@H]3CCCNC3,7.32
537,CHEMBL1667974,CC1=CNC(=O)c2ccc(O[C@H]3CCCNC3)cc12,6.23
538,CHEMBL1667973,O=C1NC=Cc2cc(O[C@@H]3CCNC3)ccc12,6.06
539,CHEMBL1667972,O=C1NC=Cc2cc(O[C@H]3CCNC3)ccc12,6.28
540,CHEMBL1667971,O=C1NC=Cc2cc(OC3CCCNCC3)ccc12,6.48
541,CHEMBL1667970,O=C1NC=Cc2cc(O[C@H]3CCCNCC3)ccc12,7.24
542,CHEMBL1667969,O=C1NC=Cc2cc(OC3CCNCC3)ccc12,6.73
543,CHEMBL1667968,O=C1NC=Cc2cc(O[C@@H]3CCCNC3)ccc12,6.17
545,CHEMBL1667966,C(N1CCC[C@H](C1)Oc2ccc3cnccc3c2)c4ccccc4,7.14
547,CHEMBL1667964,C1CNCC(C1)Oc2ccc3cnccc3c2,5.75
550,CHEMBL1614773,C[C@@H]1COCCN1c2cc(nc(N)n2)c3ccc4c(N)[nH]nc4c3,4.8
551,CHEMBL1765727,C[C@H]1COCCN1c2cc(nc(N)n2)c3ccc4c(N)n[nH]c4c3,4.8
553,CHEMBL1765729,CC(C)[C@@H]1COCCN1c2cc(nc(N)n2)c3ccc4c(N)n[nH]c4c3,4.8
555,CHEMBL1614774,Nc1nc(cc(n1)c2ccc3c(N)[nH]nc3c2)N4CCO[C@@H](C4)C(=O)Nc5ccccc5,6.1
557,CHEMBL1765732,Nc1nc(cc(n1)c2ccc3c(N)n[nH]c3c2)N4CCC[C@@H](C4)C(=O)Nc5ccccc5,5.7
558,CHEMBL1765733,Nc1nc(cc(n1)c2ccc3c(N)n[nH]c3c2)N4CCC[C@H](C4)C(=O)Nc5ccccc5,5.5
559,CHEMBL1765734,Nc1nc(cc(n1)c2ccc3c(N)n[nH]c3c2)N4CCC[C@@H](C4)C(=O)NC5CCCCC5,5.3
561,CHEMBL1614775,C[C@@H]1CC[C@@H](CN1c2cc(nc(N)n2)c3ccc4c(N)[nH]nc4c3)C(=O)Nc5ccccc5,6.7
562,CHEMBL1765736,C[C@H]1CC[C@H](CN1c2cc(nc(N)n2)c3ccc4c(N)n[nH]c4c3)C(=O)Nc5ccccc5,5.5
564,CHEMBL1765738,CNc1nc(cc(n1)c2ccc3c(N)n[nH]c3c2)N4C[C@H](CC[C@H]4C)C(=O)Nc5ccccc5,5.5
565,CHEMBL1765739,C[C@@H]1CC[C@@H](CN1c2cc(nc(N)n2)c3ccc4c(N)n[nH]c4c3)C(=O)NC5CCCCC5,6.2
566,CHEMBL1765740,CNc1nc(cc(n1)c2ccc3c(N)n[nH]c3c2)N4C[C@H](CC[C@H]4C)C(=O)NC5CCCCC5,5.1
567,CHEMBL1765741,C[C@@H]1CO[C@@H](CN1c2cc(nc(N)n2)c3ccc4c(N)n[nH]c4c3)C(=O)Nc5ccccc5,6.8
568,CHEMBL1765742,CC[C@@H]1CO[C@@H](CN1c2cc(nc(NC)n2)c3ccc4c(N)n[nH]c4c3)C(=O)Nc5ccccc5,5.5
581,CHEMBL1688215,Nc1nccc(n1)c2ccc3c(N)n[nH]c3c2,5.8
582,CHEMBL1765756,Cc1cc(nc(N)n1)c2ccc3c(N)n[nH]c3c2,5.4
585,CHEMBL1765759,COc1cc(nc(N)n1)c2ccc3c(N)n[nH]c3c2,5.3
586,CHEMBL1765760,CNc1cc(nc(N)n1)c2ccc3c(N)n[nH]c3c2,5.1
589,CHEMBL1765762,Nc1nc(NC2CCCC2)cc(n1)c3ccc4c(N)n[nH]c4c3,5.2
590,CHEMBL1765876,Nc1nc(Nc2ccccc2)cc(n1)c3ccc4c(N)n[nH]c4c3,5.6
627,CHEMBL1721885,Cc1[nH]c(\C=C\2/C(=O)Nc3ccc(F)cc23)c(C)c1C(=O)NC[C@H](O)CN4CCOCC4,5.92
629,CHEMBL221959,C[C@@H]1CCN(C[C@@H]1N(C)c2ncnc3[nH]ccc23)C(=O)CC#N,6.33
633,CHEMBL601719,C[C@@H](Oc1cc(cnc1N)c2cnn(c2)C3CCNCC3)c4c(Cl)ccc(F)c4Cl,5.43
634,CHEMBL1789941,N#CC[C@H](C1CCCC1)n2cc(cn2)c3ncnc4[nH]ccc34,7.22
636,CHEMBL509032,COc1cc(ccc1Nc2ncc(Cl)c(Nc3ccccc3S(=O)(=O)C(C)C)n2)N4CCC(CC4)N5CCN(C)CC5,7.43
648,CHEMBL1908397,O=C(N1CCNCC1)c2ccc(\C=C\c3n[nH]c4ccccc34)cc2,6.52
649,CHEMBL1287853,Cc1cnc(Nc2ccc(OCCN3CCCC3)cc2)nc1Nc4cccc(c4)S(=O)(=O)NC(C)(C)C,5.68
652,CHEMBL428690,CN1CC[C@@H]([C@H](O)C1)c2c(O)cc(O)c3C(=O)C=C(Oc23)c4ccccc4Cl,5.92
664,CHEMBL475251,COc1cc(Nc2ncc(F)c(Nc3ccc4OC(C)(C)C(=O)Nc4n3)n2)cc(OC)c1OC,6.23
668,CHEMBL384304,COc1ccc(F)c(F)c1C(=O)c2cnc(NC3CCN(CC3)S(=O)(=O)C)nc2N,5.68
680,CHEMBL522892,CN1CCN(CC1)c2ccc3nc([nH]c3c2)C4=C(N)c5c(F)cccc5NC4=O,6.12
681,CHEMBL1908394,C[C@@H](Oc1cc(sc1C(=O)N)n2cnc3ccc(CN4CCN(C)CC4)cc23)c5ccccc5C(F)(F)F,5.31
683,CHEMBL574738,CCN1CCN(Cc2ccc(NC(=O)Nc3ccc(Oc4cc(NC)ncn4)cc3)cc2C(F)(F)F)CC1,5.82
686,CHEMBL288441,COc1cc(Nc2c(cnc3cc(OCCCN4CCN(C)CC4)c(OC)cc23)C#N)c(Cl)cc1Cl,6.06
698,CHEMBL1922027,COc1cccc(CNC(=O)c2cc3ccc(cc3n2CCCO)c4cn[nH]c4)c1,7.06
699,CHEMBL1922028,COc1cccc(CNC(=O)c2cc3ccc(cc3n2CCN(C)C)c4cn[nH]c4)c1,6.15
700,CHEMBL1922029,COc1cccc(CN(C)C(=O)c2cc3ccc(cc3[nH]2)c4cn[nH]c4)c1,7.43
701,CHEMBL1922030,COc1cccc(CN(C)C(=O)c2cc3ccc(cc3n2C)c4cn[nH]c4)c1,5.96
702,CHEMBL1922031,COc1cccc(CN(C)C(=O)c2cc3ccc(cc3n2CCN(C)C)c4cn[nH]c4)c1,5.16
703,CHEMBL1922032,COc1cccc(CN(CCN2CCCC2)C(=O)c3cc4ccc(cc4[nH]3)c5cn[nH]c5)c1,7.21
704,CHEMBL1922033,COc1cccc(CN(CCCN(C)C)C(=O)c2cc3ccc(cc3[nH]2)c4cn[nH]c4)c1,7.34
707,CHEMBL1922036,COc1cccc(CNC(=O)c2cc3ccc(nc3n2CC4CC4)c5cn[nH]c5)c1,6.55
709,CHEMBL1922038,COc1cccc(CNC(=O)c2cc3ccc(nc3n2CCN(C)C)c4cn[nH]c4)c1,6.61
710,CHEMBL1922039,COc1cccc(CNC(=O)c2cc3ccc(nc3n2CCCO)c4cn[nH]c4)c1,7.06
711,CHEMBL1922040,COc1cccc(CN(CC[N+]2(C)CCCC2)C(=O)c3cc4ccc(nc4n3C)c5cn[nH]c5)c1,5.18
712,CHEMBL1922041,COc1cccc(CN(CCN2CCCC2)C(=O)c3cc4ccc(nc4n3C)c5cn[nH]c5)c1,6.0
714,CHEMBL1922043,COc1cccc(CN(C2CC2)C(=O)c3cc4ccc(nc4[nH]3)c5cn[nH]c5)c1,7.48
715,CHEMBL1922044,COc1cccc(CN(CCN2CCCC2)C(=O)c3cc4ccc(nc4[nH]3)c5cn[nH]c5)c1,6.92
725,CHEMBL1922130,COc1cccc(CN(C)C(=O)c2cn(CCN(C)C)c3cc(ccc23)c4cn[nH]c4)c1,6.96
726,CHEMBL1922131,COc1cccc(CN(CCN(C)C)C(=O)c2cn(CCN3CCCC3)c4cc(ccc24)c5cn[nH]c5)c1,5.05
728,CHEMBL1922133,COc1cccc(CN(C2CC2)C(=O)c3c[nH]c4nc(ccc34)c5cn[nH]c5)c1,7.52
729,CHEMBL1922134,CCN(Cc1cccc(OC)c1)C(=O)c2c[nH]c3nc(ccc23)c4cn[nH]c4,7.12
730,CHEMBL1922135,COc1cccc(CN(CCCN2CCN(C)CC2)C(=O)c3c[nH]c4nc(ccc34)c5cn[nH]c5)c1,6.59
732,CHEMBL1922137,COc1cccc(CNC(=O)c2cn(CCN3CCCC3)c4nc(ccc24)c5cn[nH]c5)c1,7.05
733,CHEMBL1922138,COc1cccc(CNC(=O)c2[nH]c3cc(ccc3c2CN(C)C)c4cn[nH]c4)c1,7.47
734,CHEMBL1922139,COc1cccc(CNC(=O)c2[nH]c3cc(ccc3c2CN4CCOCC4)c5cn[nH]c5)c1,7.4
737,CHEMBL1922142,COc1cccc(CNC(=O)c2[nH]c3nc(ccc3c2CN4CCN(C)CC4)c5cn[nH]c5)c1,7.41
738,CHEMBL1922143,COc1cccc(CNC(=O)c2[nH]c3nc(ccc3c2CN4CCOCC4)c5cn[nH]c5)c1,7.04
740,CHEMBL1923052,COc1cccc(CNC(=O)c2cc3ccc(cc3[nH]2)c4ccncc4)c1,5.72
741,CHEMBL1923053,COc1cccc(CNC(=O)c2cc3ccc(cc3[nH]2)c4ccnc(N)n4)c1,6.32
742,CHEMBL1923161,COc1cccc(CNC(=O)c2cc3ccc(cc3[nH]2)c4ccnc(N)c4)c1,5.68
743,CHEMBL1923162,COc1cccc(CNC(=O)c2cc3cnc(cc3[nH]2)c4cn[nH]c4)c1,6.06
744,CHEMBL1923163,COc1cccc(CNC(=O)c2cc3cnc(cc3[nH]2)c4cn[nH]c4C)c1,5.92
745,CHEMBL1923164,COc1cccc(CNC(=O)c2cc3cnc(cc3[nH]2)c4ccncc4)c1,5.96
748,CHEMBL1923166,COc1cccc(CNC(=O)c2cc3ccc(nc3[nH]2)c4ccncc4)c1,6.14
752,CHEMBL1923168,COc1cccc(CNC(=O)c2c[nH]c3nc(ccc23)c4ccncc4)c1,7.32
754,CHEMBL1923170,COc1ccc(CNC(=O)c2c[nH]c3cc(ccc23)c4cn[nH]c4)cc1,5.72
755,CHEMBL1923171,FC(F)(F)Oc1cccc(CNC(=O)c2c[nH]c3cc(ccc23)c4cn[nH]c4)c1,6.12
756,CHEMBL1923172,Fc1ccc(CNC(=O)c2c[nH]c3cc(ccc23)c4cn[nH]c4)cc1F,7.47
758,CHEMBL1923174,COc1cccc(c1)[C@H](C)NC(=O)c2c[nH]c3cc(ccc23)c4cn[nH]c4,6.3
759,CHEMBL1923175,O=C(NCC1CCCCC1)c2c[nH]c3cc(ccc23)c4cn[nH]c4,6.77
760,CHEMBL1923176,COc1cccc(CCNC(=O)c2c[nH]c3cc(ccc23)c4cn[nH]c4)c1,6.62
762,CHEMBL1923178,COc1ccc(OC)c(CNC(=O)c2c[nH]c3cc(ccc23)c4cn[nH]c4)c1,5.87
763,CHEMBL1923179,COc1ccccc1CNC(=O)c2cc3ccc(nc3[nH]2)c4cn[nH]c4,6.89
764,CHEMBL1923180,COc1ccc(CNC(=O)c2cc3ccc(nc3[nH]2)c4cn[nH]c4)cc1,6.3
766,CHEMBL1923182,COc1cccc(c1)[C@H](C)NC(=O)c2cc3ccc(nc3[nH]2)c4cn[nH]c4,6.25
767,CHEMBL1923183,COc1cccc(CNC(=O)c2nc3cc(ccc3s2)c4cc[nH]n4)c1,7.12
1526,CHEMBL1964290,Cc1cccc(c1C)c2[nH]c(cc2C(=O)N)c3ccnc(N)n3,5.9
1527,CHEMBL2001398,CC(C)(C)CCOc1cc(cc2[nH]nc(N)c12)c3ccc(cc3)C(=O)N,6.2
1528,CHEMBL2003768,COc1ccc(CNC2=C(Nc3ccncc3)C(=O)C2=O)c(OC)c1,5.1
1529,CHEMBL213505,Nc1ncnc2onc(c3ccc(NC(=O)Nc4cccc(c4)C(F)(F)F)cc3)c12,5.6
1534,CHEMBL1987034,NS(=O)(=O)c1cccc(Nc2ncc(Br)c(Nc3ccc(OCC#N)cc3)n2)c1,6.1
1535,CHEMBL1993941,CCCn1cc(cn1)c2cnc(N)c3c(csc23)c4ccc(NC(=O)Nc5cccc(F)c5)cc4,6.3
1537,CHEMBL2005886,Cc1cc(cc2[nH]c(nc12)C3=C(NCC(O)c4cccc(Cl)c4)C=CNC3=O)N5CCOCC5,6.1
1539,CHEMBL1682345,C(c1ccccc1)n2cc(nn2)c3ccc4[nH]ncc4c3,6.8
1540,CHEMBL1973142,CC(=O)Nc1c(sc2ccc(Cl)c(Cl)c12)C(=O)N,6.2
1541,CHEMBL1980407,NC(COc1cncc(c1)c2ccc3NC(=O)C(=Cc4ccc[nH]4)c3c2)Cc5ccccc5,8.4
1543,CHEMBL1982924,COc1cccc(c1)C(=O)Nc2cnc3[nH]cc(c4ccccc4)c3c2,5.1
1544,CHEMBL2005936,CCCC(=O)Nc1n[nH]c2ccc(cc12)c3nnn(Cc4ccccc4)c3c5ccccc5,6.5
1546,CHEMBL1995813,NC1CCCCC1Nc2nccc(n2)c3c[nH]c4ncccc34,8.3
1547,CHEMBL1979718,Cc1c(C)n(Cc2ccccc2)c3ccc(cc13)C(=O)Nc4nc[nH]n4,6.1
1548,CHEMBL1993781,NC(COCc1ccccc1)COc2cncc(C=Cc3ccncc3)c2,5.8
1551,CHEMBL1562756,CC1(C)CC(=C2Sc3ccc(Cl)cc3N=C2C1)O,5.2
1553,CHEMBL244378,OC(=O)c1ccccc1Nc2ccnc(Nc3ccc4cn[nH]c4c3)n2,6.6
1558,CHEMBL1990583,Nc1ncnn2ccc(C(=O)Nc3ccc(NC(=O)Nc4cccc(F)c4)cc3)c12,7.4
1559,CHEMBL1986943,OC1CCC(CC1)Nc2nc(Cl)cc(n2)c3c[nH]c4ncccc34,8.1
1560,CHEMBL289959,N(c1ccccc1)c2ncnc3ccccc23,4.5
1562,CHEMBL1993584,OC(COc1cncc(C=Cc2ccncc2)c1)Cc3c[nH]c4ccccc34,6.3
1563,CHEMBL1986263,CCN1C(=O)SC(=C1C)c2ccnc(Nc3cccc(OC)c3)n2,6.0
1570,CHEMBL1991734,CN1c2ccc(N)cc2C(c3ccccc3)c4cc(N)ccc14,6.1
1571,CHEMBL1981782,Clc1ccc(CNC(=O)Nc2ccc3[nH]ncc3c2)cc1Cl,6.9
1572,CHEMBL1977681,CNC(=O)c1cc2c(n[nH]c2s1)c3ccccc3F,5.3
1573,CHEMBL1970142,CNC(=O)C(C)n1cc(cn1)c2cnc(N)c3c(csc23)c4ccc(NC(=O)Nc5ccc(C)cc5)cc4,7.0
1577,CHEMBL2002105,Nc1n[nH]c2ncc(Br)cc12,4.2
1579,CHEMBL1983348,CCCCN(CCC#N)C(=O)c1ccc2nc([nH]c2c1)c3n[nH]c4ccccc34,6.0
1581,CHEMBL1988163,NS(=O)(=O)c1cccc(Nc2ncc3ccn(c4ccccc4)c3n2)c1,5.5
1582,CHEMBL1995592,Cc1cc(O)ccc1N2c3cc(Cl)ccc3C(=O)c4c(N)nc(N)nc24,5.6
1584,CHEMBL1980671,Nc1ncnc2Nc3ccccc3NC(=O)c12,5.1
1588,CHEMBL1983449,Cc1ccc(CNC2=C(Nc3ccncc3)C(=O)C2=O)cc1C,6.3
1592,CHEMBL2002649,COc1ccc2NC(=O)C(=Cc3c[nH]cn3)c2c1,5.2
1593,CHEMBL1983589,NC1CCC(CC1)Nc2cc(Cl)nc(n2)c3c[nH]c4ncccc34,8.2
1594,CHEMBL1989423,C1c2ccccc2c3n[nH]cc13,4.3
1598,CHEMBL437747,CCCn1c(nc(c2ccc(Cl)c(Cl)c2)c1c3ccnc(NC4CCCCC4)n3)C5CCNCC5,5.6
1599,CHEMBL2005718,CS(=O)(=O)NCCNc1cc(cc(Cl)n1)c2c[nH]c3ncccc23,7.4
1603,CHEMBL1987756,Brc1ccc(C=CCNCCNS(=O)(=O)c2cccc3cnccc23)cc1,6.7
1604,CHEMBL1967998,CCN1CCN(CC1)c2ccc(Nc3ncc(Cl)c(Nc4ccc5[nH]ncc5c4)n3)cc2,6.6
1605,CHEMBL1994321,Cc1cccc(NC(=O)Nc2ccc(cc2)c3csc4c(cnc(N)c34)C#CCNS(=O)(=O)C)c1,6.9
1607,CHEMBL1997129,O=C1NCCc2[nH]c(cc12)c3ccnc(C=Cc4ccccc4)c3,6.6
1610,CHEMBL1974875,OC(=O)c1csc2C(=O)NCCNc12,4.2
1612,CHEMBL1964307,Cc1cccc(NC(=O)Cc2ccc(cc2)c3cccc4[nH]nc(N)c34)c1,6.5
1614,CHEMBL2002099,N#CCC(C1CCCC1)n2cc(cn2)c3ncnc4[nH]ccc34,6.7
1619,CHEMBL1978195,NC(=O)c1cc2c(cncc2s1)c3ccc(Br)cc3,5.5
1620,CHEMBL1994361,NC(COc1cncc(c1)c2ccc(N)c(c2)C(=O)c3ccccc3F)Cc4c[nH]c5ccccc45,5.4
1623,CHEMBL1972840,NC(COc1cncc(c1)c2cc3cnccc3s2)Cc4c[nH]c5ccccc45,6.6
1628,CHEMBL2002165,CC(O)Cn1cc(cn1)c2cnc(N)c3c(csc23)c4ccc(NC(=O)Nc5cccc(F)c5)cc4,6.5
1631,CHEMBL1989518,NCCOc1cncc(C=Cc2ccncc2)c1,6.2
1632,CHEMBL1998585,Nc1ncnc2scc(c3ccc(NC(=O)Nc4cc(ccc4F)C(F)(F)F)cc3)c12,6.7
1635,CHEMBL2004934,COc1cccc(c1)C(C)NC(=O)c2ccc(c(F)c2)c3ccncc3,7.8
1638,CHEMBL1975128,Nc1n[nH]c2ccc(cc12)c3nnn(Cc4ccccc4)c3I,6.6
1639,CHEMBL2004025,COCOc1cccc(OCOC)c1c2ccc(NS(=O)(=O)C)cc2C(=O)OC,5.7
1640,CHEMBL1996048,Cc1ccc(cc1)c2cc3c(NCCN)ccc(C(=O)N)c3[nH]2,6.6
1642,CHEMBL461876,COc1cc2CCN(C(=O)CN(C)C)c2cc1Nc3nc(Nc4cccc(F)c4C(=O)N)c5cc[nH]c5n3,5.7
1644,CHEMBL2001485,CC(C(=O)N(C)C)n1cc(cn1)c2cnc(N)c3c(csc23)c4ccc(NC(=O)Nc5ccc(C)cc5)cc4,6.4
1646,CHEMBL1971519,Nc1n[nH]c2cccc(c3ccc(F)cc3)c12,6.3
1647,CHEMBL504950,Cc1cc(C)c2c(n1)sc3c(N)ncnc23,6.4
1648,CHEMBL1997335,COc1ccc(cc1OC)C2=NNc3cccc4c(OC)ccc2c34,6.3
1649,CHEMBL1966425,CN(C)CCCOc1cc2C(=O)NCc2c(c1)c3ccc(Nc4oc5ccccc5n4)cc3,6.3
1650,CHEMBL1984363,Cc1cc(NC(=O)Cc2ccc(cc2)c3cccc4[nH]nc(N)c34)ccc1F,6.3
1652,CHEMBL1977041,COC(=O)c1c(C)n2ncnc(N)c2c1c3ccc(NC(=O)Nc4ccccc4)cc3,6.6
1654,CHEMBL1988608,CC(=O)Nc1cccc(CNC2=C(Nc3ccc4[nH]ncc4c3)C(=O)C2=O)c1,7.5
1655,CHEMBL184847,Cc1ccc(NC(=O)Nc2ccc(cc2)c3cccc4C(=O)NCc34)cc1C,6.4
1657,CHEMBL1985723,CC(C)(CN)CNc1cc(cc(Cl)n1)c2c[nH]c3ncccc23,7.6
1659,CHEMBL1998159,Cc1n[nH]c2cnc(cc12)c3cncc(OCC(N)Cc4cccc(c4)C(F)(F)F)c3,8.1
1662,CHEMBL1987679,NC(COc1cncc(c1)c2ccc3NC(=O)Oc3c2)Cc4c[nH]c5ccccc45,6.7
1663,CHEMBL1988387,Cn1cc(cn1)c2cnc(N)c3c(csc23)c4ccc(NC(=O)Nc5ccc(OC(F)F)cc5)cc4,6.9
1664,CHEMBL1973868,Oc1cnc2ccc(cc2c1)c3ccncc3,6.5
1669,CHEMBL1989708,CC(O)Cn1cc(cn1)c2cnc(N)c3c(csc23)c4ccc(NC(=O)Nc5cccc(C)c5)cc4,6.7
1671,CHEMBL1970074,Cc1n[nH]c2cccc(c3ccc(NC(=O)Nc4cccc(c4)C(F)(F)F)cc3)c12,5.8
1672,CHEMBL1965702,CN(C)C1CCCC(C1)Nc2nc(Cl)cc(n2)c3c[nH]c4ncccc34,7.5
1675,CHEMBL1984500,Brc1cccc2C(=O)NCc12,4.7
1676,CHEMBL1986970,COCCN(C)C(=O)c1c(nnn1Cc2ccccc2)c3ccc4[nH]ncc4c3,6.9
1678,CHEMBL1958401,O=C1NC(=NC(=C1)c2ccncc2)NC3CCCCC3,6.0
1683,CHEMBL2002992,CC(N)C1CCC(CC1)C(=O)Nc2ccnc3[nH]ccc23,6.8
1686,CHEMBL1890036,CC(=NNC(=O)c1nnn(c2nonc2N)c1c3ccccc3)c4occc4,5.2
1688,CHEMBL1968791,Cc1c(c2cccc(OCc3ccccc3)c2)c4c(N)ncnc4n1C5CC(CN6CCCC6)C5,6.3
1690,CHEMBL2002682,Cc1cccc(Cl)c1c2cccc3c(CCCOc4cccc5ccccc45)c([nH]c23)C(=O)NCCOCCOCCN,5.5
1695,CHEMBL1969156,Nc1nccc2cnc(c3ccccc3)n12,4.3
1696,CHEMBL1973211,Cc1cccc(NC(=O)Nc2ccc(cc2)c3csc4c(cnc(N)c34)C#CCN5CCCC5)c1,6.6
1699,CHEMBL2007151,Cc1c(c2cccc(OCc3ccccc3)c2)c4c(N)ncnc4n1C5CCC(CC5)N6CCCC6,6.0
1701,CHEMBL1971606,CCCOc1cccc(c1)C(C)NC(=O)c2ccc(cc2)c3ccncc3F,9.1
1703,CHEMBL1461728,Fc1cccc(c1)C(=O)Nc2ccc3[nH]ncc3c2,5.2
1705,CHEMBL1976134,c1cc2cc(cnc2[nH]1)c3ccc4cn[nH]c4c3,6.5
1706,CHEMBL1965131,Cc1ccc(cc1)C(=O)Nc2c(sc3ccc(Cl)c(Cl)c23)C(=O)N,5.9
1707,CHEMBL1995448,NCCOc1cccc(Nc2ccnc(N)n2)c1,6.1
1708,CHEMBL1972158,Nc1n[nH]c2ccc(cc12)c3nnn(Cc4ccccc4)c3c5ccccc5,7.1
1709,CHEMBL1090090,NC(=O)N(c1ccc(C(=O)N)c(n1)c2ccc(F)cc2F)c3c(F)cccc3F,5.6
1714,CHEMBL1999414,CCN(CC)CCCNC(=O)c1cnc(N)c2c(csc12)c3ccc(NC(=O)Nc4cccc(C)c4)cc3,6.4
1720,CHEMBL1970340,Nc1noc2cccc(c3cccc(O)c3)c12,6.0
1721,CHEMBL1967992,N#Cc1ccc(cc1NCc2ccccc2)c3ccncc3,5.9
1723,CHEMBL2005186,CC(C)NC(=O)COc1cccc(c1)c2nc(Nc3ccc4[nH]ncc4c3)c5ccccc5n2,6.3
1726,CHEMBL1975534,NCC(O)C(O)Cn1cc(I)c2c(N)ncnc12,5.4
1730,CHEMBL1969561,CC(C)N(C)C(=O)c1c(nnn1Cc2ccccc2)c3ccc4[nH]ncc4c3,6.5
1732,CHEMBL1975121,COc1cccc(c1)C(C)NC(=O)c2ccc(cc2)c3ccncc3,8.6
1733,CHEMBL1983640,Cc1ccc(F)c(NC(=O)Nc2ccc(cc2)c3coc4c(cnc(N)c34)C#CCN5CCOCC5)c1,6.2
1735,CHEMBL1980003,Cc1ccccc1c2cccc3nccn23,4.2
1736,CHEMBL1964687,Cc1cc(C)cc(NC(=O)Nc2ccc3c(CCc4sc5ncnc(N)c5c34)c2)c1,6.0
1737,CHEMBL1999918,NC(=O)c1cc2c(cncc2s1)c3ccc(Br)c(F)c3F,5.7
1738,CHEMBL1974254,CCOc1ccc(NC(=O)Nc2ccc(cc2)c3csc4c(cnc(N)c34)c5cnn(C)c5)cc1,6.4
1739,CHEMBL1997924,C(Nc1nc(Nc2cc([nH]n2)C3CC3)c4sccc4n1)c5ccccc5,6.3
1740,CHEMBL1988537,COc1ccc(cc1)C(=O)N2c3ccccc3Sc4c(Cl)cncc24,5.9
1741,CHEMBL1969049,COc1cccc(c1)C(C)NC(=O)c2ccc(c(C)c2)c3ccncc3,7.6
1742,CHEMBL2005828,Cc1ccc(NC(=O)Nc2ccc(cc2)c3coc4ncnc(N)c34)cc1,6.0
1748,CHEMBL1998611,NC(=O)c1sc2c(Br)ccc(Cl)c2c1N,6.1
1750,CHEMBL1975900,Clc1ccc(CNC2=C(Nc3ccncc3)C(=O)C2=O)cc1Cl,7.1
1753,CHEMBL2006778,CNC(=O)C=Cc1cnc(N)c2c(csc12)c3cc(F)c4[nH]c(C)cc4c3,5.3
1755,CHEMBL1996979,Fc1cccc(F)c1C(=O)Nc2cnc3[nH]cc(c4ccccc4)c3c2,6.1
1757,CHEMBL1968406,CCc1cccc(NC(=O)Nc2ccc3c(CCc4sc5ncnc(N)c5c34)c2)c1,6.5
1758,CHEMBL1975921,Brc1cnc2NC(=O)Nc2c1,4.3
1759,CHEMBL1982476,CNC(=O)c1cnc(N)c2c(csc12)c3ccc(NC(=O)Nc4cccc(Cl)c4)cc3,6.5
1761,CHEMBL1998545,OCC(Cc1ccccc1)NC(=O)c2ccc(cc2)c3ccncc3,6.5
1762,CHEMBL1986869,Cc1csc(NC(=O)c2sc3nc(ccc3c2N)c4ccncc4)n1,7.0
1768,CHEMBL1971534,NC(=O)c1cc2ccncc2s1,5.8
1770,CHEMBL242865,OC(=O)c1ccccc1Nc2ccnc(Nc3ccc(cc3)[N+](=O)[O-])n2,5.5
1772,CHEMBL2002479,NCCCOc1cc2C(=O)NCc2c(c1)c3ccc(Nc4oc5cc(Cl)ccc5n4)cc3,6.8
1773,CHEMBL1993166,CN(CCCNC(=O)Nc1cc(cc(c1)C(=NNC(=N)N)C)C(=NNC(=N)N)C)CCCNC(=O)Nc2cc(cc(c2)C(=NNC(=N)N)C)C(=NNC(=N)N)C,6.2
1775,CHEMBL1966035,CC(NC1=C(Nc2ccncc2)C(=O)C1=O)c3ccccc3,5.3
1776,CHEMBL2003341,OCC(NC(=O)c1ccc(cc1)c2ccncc2)c3cc(Cl)cc(Cl)c3,6.6
1780,CHEMBL1998110,[2H]C([2H])([2H])Oc1cccc(c1)C(C)NC(=O)c2sc(nc2C)c3ccncc3,7.9
1783,CHEMBL1978166,Cc1cccc(NC(=O)Nc2ccc(cc2)c3csc4c(cnc(N)c34)C#CCCCCCCCCN)c1,6.7
1785,CHEMBL1980489,Clc1ccc(CNC2=C(Nc3ccncc3)C(=O)C2=O)cc1,7.0
1786,CHEMBL2000832,COc1cc(ccc1O)c2ccc3C(=O)Nc4cc(ccc4Nc3c2)C(=O)NCc5cccc(F)c5,5.3
1787,CHEMBL1967116,Cc1cccc(NC(=O)Nc2ccc(cc2)c3csc4c(cnc(N)c34)c5cnn(C)c5)c1,6.9
1791,CHEMBL1970709,Brc1ccc(CNC(=O)Nc2ccc3[nH]ncc3c2)cc1,6.4
1792,CHEMBL1974617,OCc1cc(on1)c2ccc3[nH]ncc3c2,6.4
1793,CHEMBL1965660,NC(=O)c1cc([nH]c1c2ccc(Cl)cc2Cl)c3ccnc(N)n3,6.9
1794,CHEMBL1992125,COc1cc(Nc2ncnc(n2)N3CCCc4cc(C)ccc34)cc(OC)c1OC,5.5
1796,CHEMBL1972290,NCCNc1cc(cc(Cl)n1)c2c[nH]c3ncccc23,7.5
1800,CHEMBL1970104,CC(C)(C)c1ccc2nc([nH]c2c1)c3n[nH]c4ccccc34,6.3
1807,CHEMBL1980995,CNC1CC2OC(C)(C1OC)n3c4ccccc4c5c6CNC(=O)c6c7c8ccccc8n2c7c35,9.1
1808,CHEMBL1967302,NC(COc1cncc(c1)c2ccc3NC(=O)Cc3c2)Cc4c[nH]c5ccccc45,6.8
1811,CHEMBL2004716,CCN(CC)CCNC(=O)C=Cc1cnc(N)c2c(csc12)c3ccc(NC(=O)Nc4cccc(C)c4)cc3,6.9
1817,CHEMBL2000894,Cc1cc(O)ccc1N2C=C(C(=O)NN)C(=O)c3ccc(cc23)c4ccncc4,7.3
1818,CHEMBL1421720,O=C(Cc1cccs1)Nc2nc3ccccc3s2,5.5
1821,CHEMBL1976090,Nc1ncnc2c1sc3ncnc(N)c23,6.5
1823,CHEMBL2004771,O=C1NCc2c1cccc2c3ccc(Nc4oc5ccccc5n4)cc3,7.1
1824,CHEMBL1992922,OCC(CO)Nc1ncnc2[nH]cc(c3ccccc3)c12,5.7
1825,CHEMBL1988370,Nc1ncnc2c1c(cn2C3CC(CN4CCCC4)C3)c5cccc(OCc6ccccc6)c5,5.8
1826,CHEMBL1997597,CCS(=O)(=O)Nc1ccc(cc1)c2ccc3[nH]nc(N)c3c2,5.4
1831,CHEMBL1996543,NC(COc1cncc(c1)c2ccc(F)cc2)Cc3c[nH]c4ccccc34,5.4
1832,CHEMBL1975256,Nc1nonc1n2nnc(C(=O)NN=Cc3cccs3)c2c4cccs4,5.6
1833,CHEMBL508928,Cc1cccc(NC(=O)Nc2ccc(cc2)c3cnc4c(cnn4c3N)c5cnn(C)c5)c1,5.8
1836,CHEMBL2004892,CS(=O)(=O)Nc1ccc(cc1)c2ccc3[nH]nc(N)c3c2,5.5
1839,CHEMBL116070,NC(=O)c1cc2c(Oc3ccc(Br)cc3)cncc2s1,5.9
1843,CHEMBL2004872,COc1cccc(c1)C(C)NC(=O)c2ccc(cc2)c3ccncn3,7.0
1845,CHEMBL1990223,Cc1cc(OCc2ccc(Cl)c(Cl)c2)ccc1CN3CC(C3)C(=O)O,5.5
1848,CHEMBL101311,CN(C)CC(O)COc1ccc(Nc2nccc(Nc3cc(Cl)ccc3Cl)n2)cc1,5.9
1850,CHEMBL1993548,CC(N)COc1cnc(Cl)c(C=Cc2ccncc2)c1,6.6
1851,CHEMBL262433,Cc1ccc(F)c(NC(=O)Nc2ccc(cc2)c3nsc4ncnc(N)c34)c1,5.4
1852,CHEMBL306380,Cc1ccc(cc1)c2nn(c3ncnc(N)c23)C(C)(C)C,5.3
1855,CHEMBL1988581,CN(C)CC1=C(O)C2=NC(=CC(=O)N2C=C1)C,6.8
1858,CHEMBL1976328,Cc1cc(C)cc(NC(=O)Nc2ccc(cc2)c3cccc4snc(N)c34)c1,6.5
1859,CHEMBL394619,Cc1cccc(NC(=O)Nc2ccc(cc2)c3csc4ccnc(N)c34)c1,6.6
1860,CHEMBL2006564,CCN(C(=O)C)c1ccc(Nc2nc(NC3CC3)c4nc[nH]c4n2)cc1,6.5
1861,CHEMBL1964399,COc1ccc(Nc2nccc(NC3=C(NC(C)C(C)(C)C)C(=O)C3=O)n2)cc1OC,6.0
1863,CHEMBL411903,Nc1ncnc2NCCC(=Nc12)c3ccc(NC(=O)Nc4cc(ccc4F)C(F)(F)F)cc3,6.4
1865,CHEMBL1978167,Cn1cc(c2cc3nc(Br)cnc3[nH]2)c4ccccc14,5.5
1866,CHEMBL1965988,Cc1cccc(NC(=O)Nc2ccc(cc2)c3csc4c(cnc(N)c34)C#CCN)c1,6.4
1868,CHEMBL1989646,Cc1c(nnn1Cc2ccccc2)c3ccc4[nH]nc(N)c4c3,6.2
1869,CHEMBL1682357,C(c1ccccc1)c2cc(on2)c3ccc4[nH]ncc4c3,6.7
1870,CHEMBL225519,O=C1NCCc2[nH]c(cc12)c3ccncc3,7.0
1874,CHEMBL1994159,CC(=O)c1cccc(c1)c2ccc3nccn3n2,4.3
1876,CHEMBL1970522,COc1cc(C=C2SC(=Nc3ccccc3)NC2=O)ccc1O,5.2
1878,CHEMBL1966087,C1CC(CN1)Oc2cncc(C=Cc3ccncc3)c2,6.3
1879,CHEMBL1996931,OCC(Cc1ccc(Cl)cc1)NC(=O)c2ccc(cc2)c3ccncc3,5.7
1880,CHEMBL1964692,Cn1nc(N)c2c(cncc12)c3ccc(NC(=O)Nc4cccc(c4)C(F)(F)F)cc3,6.4
1881,CHEMBL1964413,FC(F)(F)c1ccc(Cn2cc(nn2)c3ccc4[nH]ncc4c3)c(c1)C(F)(F)F,5.8
1884,CHEMBL1996980,CNCC(=O)NC1CCC(CC1)Nc2nc(Cl)cc(n2)c3c[nH]c4ncccc34,8.4
1885,CHEMBL1984432,Cc1ccc(Cn2cc(nn2)c3ccc4[nH]ncc4c3)c(C)c1,6.9
1887,CHEMBL219722,Nc1n[nH]c2cccc(c3ccc(NC(=O)Nc4ccccc4)cc3)c12,6.0
1889,CHEMBL1997340,OC1CCCN(C1)C(=O)c2cc(on2)c3ccc4[nH]ncc4c3,5.2
1892,CHEMBL482967,Cc1nc(N)sc1c2ccnc(Nc3ccc(cc3)N4CCOCC4)n2,6.3
1898,CHEMBL1971021,Cc1cc(C)cc(NC(=O)Nc2ccc(c3cccc4C(=O)NCc34)c(c2)C(F)(F)F)c1,6.2
1899,CHEMBL1965836,Cc1n[nH]c2ccc(cc12)c3cncc(OCC(N)Cc4cccc(OC(F)(F)F)c4)c3,8.5
1900,CHEMBL583144,Clc1ccc(Cl)c2c3N=CNC(=O)c3sc12,5.4
1902,CHEMBL1969942,Fc1cccc(NC(=O)Nc2ccc(cc2)c3ccc4cn[nH]c4c3)c1,7.1
1903,CHEMBL1978567,COc1cccc(c1)C(C)NC(=O)c2sc(nc2C)c3ccncc3,7.5
1905,CHEMBL1994693,Nc1ncnc2sc3CCc4cc(NC(=O)Nc5ccccc5)ccc4c3c12,5.0
1906,CHEMBL1982957,NC(=O)c1cccc(c1)c2cnc3[nH]cc(c4ccccc4)c3c2,6.9
1907,CHEMBL1725279,Oc1c2ccccc2c3N=Nc4cccc1c34,5.7
1912,CHEMBL1971947,Cc1cccc(NC(=O)Nc2ccc(cc2)c3csc4c(cnc(N)c34)C#Cc5cccnc5)c1,6.5
1915,CHEMBL2002802,Cn1c(N)nc2sc(cc12)C(=O)N,4.4
1917,CHEMBL2003271,NC(=O)c1sc2ccc(Cl)c(Cl)c2c1NC(=O)c3ccc(Cl)cc3,5.9
1918,CHEMBL1966808,O=C1Nc2sc3CCCCc3c2c4nc(nn14)c5ccncc5,5.2
1922,CHEMBL1983111,CC(=O)NCC(=O)N1C2CCC1c3cc(Nc4ncc(c(NC5CCC5)n4)C(F)(F)F)ccc23,6.6
1927,CHEMBL1988141,CCC(=O)Nc1ccc(C(=O)N2CCNCC2)c(O)c1,6.0
1932,CHEMBL2006933,CSc1cnc2c(ccc3cnccc23)c1O,6.3
1936,CHEMBL1991078,COc1ccc(cc1OC)C(=O)Nc2n[nH]c3ccc(cc23)c4cn(Cc5ccccc5)nn4,5.9
1939,CHEMBL1975212,Nc1ncnc2scc(c3ccccc3)c12,4.7
1940,CHEMBL2000685,CC(=NNC(=N)N)c1cc(NC(=O)c2cccc(c2)C(=O)Nc3cc(cc(c3)C(=NNC(=N)N)C)C(=NNC(=N)N)C)cc(c1)C(=NNC(=N)N)C,6.9
1941,CHEMBL2001613,Brc1ccc2NNC(=O)c2c1,4.8
1944,CHEMBL1993904,NC(=O)c1cc2c(cnc(N)c2s1)c3ccc(Nc4oc5ccccc5n4)cc3,6.5
1945,CHEMBL1994438,NC1CCCCC1Nc2nc(Cl)cc(n2)c3c[nH]c4ncccc34,7.9
1946,CHEMBL1980376,Cc1cccc(c1)c2cccc3onc(N)c23,5.0
1948,CHEMBL1985311,Nc1n[nH]c2cccc(c3ccc(NC(=O)Nc4cc(CO)ccc4F)cc3)c12,6.1
1951,CHEMBL1982413,CN(Cc1cc(Cl)c(O)c2ncccc12)C3CCCCC3,5.7
1953,CHEMBL1969502,O=C(Nc1cc2C(=O)NN=Cc3c[nH]c(c1)c23)C4CC4c5ccccc5,6.3
1954,CHEMBL1965910,Nc1ncnc2c1c(cn2C3CCC(CC3)N4CCCC4)c5cccc(OCc6ccccc6)c5,5.1
1955,CHEMBL1682553,CC(C)Nc1c(nc2ncccn12)c3ccc4[nH]ncc4c3,7.0
1957,CHEMBL1983963,Cc1cccc(NC(=O)Nc2ccc(cc2)c3coc4ncnc(N)c34)c1,6.1
1958,CHEMBL1997764,COc1ccc(cc1)C(=O)Nc2cnc3[nH]cc(c4ccccc4)c3c2,5.5
1959,CHEMBL2000271,Cc1n[nH]c2ccc(cc12)c3cncc(OCC(CN)Cc4ccccc4)c3,8.2
1961,CHEMBL1987535,O=C(NCCc1cccs1)N2CCC(=CC2)c3c[nH]c4ncccc34,7.2
1962,CHEMBL1985092,Oc1ccc(cc1)c2n[nH]c(Nc3cccc(Cl)c3)c2c4ccc(O)cc4,6.7
1963,CHEMBL2004692,Nc1nonc1n2nnc(C(=O)NN=Cc3cccs3)c2c4ccccc4,5.3
1964,CHEMBL1981410,CNc1ncnc2NCCC(=Nc12)c3ccc(NC(=O)Nc4cccc(c4)C(F)(F)F)cc3,5.8
1965,CHEMBL2002586,Clc1cc(Nc2nc(NC3CC3)c4sccc4n2)ccc1N5CCOCC5,5.9
1966,CHEMBL1996234,CC1(O)CC(C1)c2nc(c3ccc4ccc(nc4c3)c5ccccc5)c6c(N)nccn26,6.2
1967,CHEMBL2007421,CC(C)Oc1cc(Nc2nc(NC(C)c3ccc(F)cn3)ncc2Cl)n[nH]1,5.7
1969,CHEMBL1967544,CN(C)c1cccc2c(cccc12)S(=O)(=O)N(CCN)c3cncc(c3)c4ccc5cnccc5c4,7.4
1973,CHEMBL340384,NC(=O)C1=CN(c2ccc(O)cc2Cl)c3cc(ccc3C1=O)c4ccncc4,7.9
1974,CHEMBL1969151,CN(C)C1CCC(CC1)Nc2nc(Cl)cc(n2)c3c[nH]c4ncccc34,8.9
1976,CHEMBL1981492,COC(=O)c1c(N)nc2ccccn12,4.4
1977,CHEMBL1993335,Cn1cc(c2cc3nc(Br)cnc3[nH]2)c4cc(F)ccc14,5.9
1979,CHEMBL2007574,Nc1nc(Cl)cc(n1)c2c[nH]c3ncccc23,8.5
1980,CHEMBL1964804,CS(=O)(=O)NCCOc1cncc(c1)c2ccc3cnccc3c2,6.6
1982,CHEMBL2000354,COc1ccc(C=C2SC(=Nc3ccccc3)NC2=O)cc1O,5.1
1983,CHEMBL1965507,Cc1cccc(NC(=O)Nc2ccc(NC(=O)c3csc4ncnc(N)c34)cc2)c1,5.7
1987,CHEMBL592030,NCCCn1cc(c2cc(c3cc4ccccc4s3)c5[nH]ncc5c2)c6nc(N)ncc16,7.1
1988,CHEMBL2000071,OCCCNc1ncnc2[nH]cc(c3ccccc3)c12,5.4
1990,CHEMBL1970317,Cn1cc(cn1)c2cnc(N)c3c(csc23)c4ccc(NC(=O)Nc5cccc(F)c5)cc4,5.7
1994,CHEMBL2002736,CCOCC(C)Oc1cccc2[nH]nc(N)c12,5.8
1995,CHEMBL1997007,CCCNC(=O)c1ccc(Nc2nc(CC)c3cc[nH]c3n2)cc1,5.5
1998,CHEMBL1975490,NCCCOc1cc2C(=O)NCc2c(c1)c3ccc(Nc4oc5ccccc5n4)cc3,6.4
2004,CHEMBL1975503,Nc1ccc(cc1)C2=CC=CN3C(=O)NN=C23,4.9
2005,CHEMBL1985580,NC(Cc1cccc2ccccc12)C(=O)Nc3cncc(C=Cc4ccncc4)c3,7.0
2008,CHEMBL1979883,CN(C)CC#Cc1cnc(N)c2c(csc12)c3ccc(NC(=O)Nc4cccc(C)c4)cc3,6.7
2009,CHEMBL1984162,COCCOC1CCC(CC1)n2nc(c3ccc(Nc4oc5c(C)cc(C)cc5n4)cc3)c6c(N)ncnc26,6.5
2010,CHEMBL1997051,COc1ccc(CN(C)C)cc1Nc2nccc(n2)c3c(nc4sccn34)c5cccc(NC(=O)c6c(F)cccc6F)c5,5.5
2012,CHEMBL1986590,O=C1Nc2ccccc2C1=Cc3c[nH]c4ccccc34,5.9
2013,CHEMBL1986186,CC(NC1=C(Nc2ccncc2)C(=O)C1=O)C(C)(C)C,6.5
2014,CHEMBL1682360,C(N1CCCCC1)c2cc(on2)c3ccc4[nH]ncc4c3,6.2
2016,CHEMBL1870106,CCn1c(nc2cncc(C(=O)N3CCC(N)C3)c12)c4nonc4N,9.1
2018,CHEMBL371206,Cc1cc(C)cc(NC(=O)Nc2ccc(cc2)c3c(C)sc4ncnc(N)c34)c1,6.4
2022,CHEMBL482538,c1ccc(cc1)c2ccnc3[nH]ccc23,6.6
2023,CHEMBL1974288,OCC(NC(=O)c1ccc(cc1)c2ccncc2)c3ccccc3,7.3
2025,CHEMBL196363,Cc1cccc(NC(=O)Nc2ccc(cc2)c3csc4ncnc(N)c34)c1,6.3
2026,CHEMBL1996837,Cc1nn(C)c2sc(C(=O)N)c(N)c12,4.9
2027,CHEMBL1190711,COc1ccc(cc1OC)c2cc3nccn3c(Nc4ncccc4C(=O)N)n2,6.7
2028,CHEMBL1990346,Nc1n[nH]c2cccc(c3ccc(Br)cc3)c12,6.1
2029,CHEMBL1968705,CCCC(=O)Nc1cccc(c1)c2nc(Nc3ccc4[nH]ncc4c3)c5cc(OCCN6CCCC6)ccc5n2,6.8
2030,CHEMBL1991410,Fc1cccc(F)c1C(=O)Nc2cc(cc(Cl)n2)c3c[nH]c4ncccc34,7.1
2031,CHEMBL1964441,CNCC#Cc1cnc(N)c2c(csc12)c3ccc(NC(=O)Nc4cccc(C)c4)cc3,7.3
2032,CHEMBL546797,ON=C(c1nc2ccccc2[nH]1)c3nc4ccccc4[nH]3,5.7
2033,CHEMBL404367,Cc1cccc(NC(=O)Nc2ccc(cc2)c3cncc4c3c(N)nn4C)c1,6.1
2034,CHEMBL1966343,CC(C)Cc1cc(on1)c2ccc3[nH]nc(N)c3c2,6.3
2035,CHEMBL1967887,Cc1n[nH]c2ccc(cc12)c3cncc(OCCN)c3,7.3
2037,CHEMBL2000568,CC(=O)c1cccc(c1)c2cnc3[nH]ccc3c2,5.6
2039,CHEMBL2000335,Cc1ccc(NC(=O)Nc2ccc(cc2)c3csc4ncnc(N)c34)cc1C,6.9
2041,CHEMBL1084546,CN(c1ncccc1CNc2nc(Nc3ccc4NC(=O)Cc4c3)ncc2C(F)(F)F)S(=O)(=O)C,5.7
2044,CHEMBL1974328,Cc1cccc(Nc2nc(NC3CCCCC3N)cnc2C(=O)N)c1,7.2
2046,CHEMBL1973808,Clc1ccc(cc1)C(=O)Nc2ccc3[nH]ncc3c2,5.6
2049,CHEMBL1992555,[O-][N+](=O)c1cccc(c1)C(=O)NN=Cc2oc(Sc3nc4ccccc4[nH]3)cc2,6.3
2050,CHEMBL1990254,NCC(NC(=O)c1ccc(cc1)c2ccncc2)c3ccccc3,8.2
2051,CHEMBL1992342,CCCS(=O)(=O)Nc1ccc(cc1)c2ccc3[nH]nc(N)c3c2,6.1
2061,CHEMBL1983025,CCC(N)(CC)C#Cc1cnc(N)c2c(csc12)c3ccc(NC(=O)Nc4cccc(C)c4)cc3,6.3
2062,CHEMBL1983945,NC(Cc1c[nH]c2ccccc12)C(=O)Nc3cncc(C=Cc4ccncc4)c3,7.8
2063,CHEMBL1977135,O=C(NCc1ccccc1)c2ccc(cc2)c3ccncc3,6.8
2064,CHEMBL2001920,Brc1ccc2NC(=O)C(=C3SC(=S)NC3=O)c2c1,5.3
2066,CHEMBL1997119,Nc1ncc2cccc(c3ccccc3)n12,4.5
2067,CHEMBL1977138,CC(Nc1cncc(n1)n2cnc3ccc(cc23)C#N)c4ccccc4F,6.1
2069,CHEMBL1241473,COc1cc(Nc2ncc(c(Nc3ccccc3C(=O)N)n2)[N+](=O)[O-])cc(OC)c1OC,6.8
2070,CHEMBL2000879,C1Cc2[nH]ncc2CC1c3ccccc3,5.1
2072,CHEMBL1972258,NCCCOc1cncc(C=Cc2ccncc2)c1,6.6
2073,CHEMBL2004513,COC(=O)c1ccccc1c2ccc3C(=O)Nc4ccccc4Nc3c2,5.6
2074,CHEMBL1991251,Nc1nonc1n2cc(CO)nn2,4.4
2077,CHEMBL2004515,C1Oc2ccc(cc2O1)c3ncnc4[nH]ccc34,6.4
2078,CHEMBL2001257,CCN(CC)CC#Cc1cnc(N)c2c(csc12)c3ccc(NC(=O)Nc4cccc(C)c4)cc3,6.4
2080,CHEMBL2005548,CC(C)(C)OC(=O)n1ncc2cc(NC3=C(NCc4ccc(Cl)cc4Cl)C(=O)C3=O)ccc12,6.8
2081,CHEMBL1987793,Cc1ccccc1c2c(C(=O)O)n(CCCOc3cccc4ccccc34)c5ccccc25,5.0
2082,CHEMBL1992536,COc1ccc(CNC2=C(Nc3ccc4[nH]ncc4c3)C(=O)C2=O)cc1,6.3
2083,CHEMBL21156,CC(C)(C)c1nc2c3ccc(F)cc3c4C(=O)NC=Cc4c2[nH]1,6.3
2085,CHEMBL1994724,COc1cccc(c1)C(C)NC(=O)c2ccc(s2)c3ccncc3,8.9
2086,CHEMBL1989267,COc1cc(ccc1NC(=O)c2cc3ccccc3n2C)c4csc5c(C=CC(=O)NCCN(C)C)cnc(N)c45,6.3
2089,CHEMBL2006188,COc1cccc(c1)C(C)NC(=O)c2ccc(cc2NCCCN)c3ccncc3,7.4
2090,CHEMBL1967531,Nc1ncnc2scc(c3ccc(NC(=O)Nc4ccccc4)cc3)c12,5.7
2095,CHEMBL1997534,COc1cccc(c1)C(C)NC(=O)c2cc(C)c(s2)c3ccc4[nH]nc(C)c4c3,7.7
2096,CHEMBL1993877,Nc1ncnc2c1c(cn2C3CCCC3)C#C,6.0
2097,CHEMBL1985095,NC(=O)Cn1cc(c2cc(c3cc4ccccc4s3)c5[nH]ncc5c2)c6nc(N)ncc16,5.8
2101,CHEMBL1973363,COc1cccc(NC(=O)N2CCC(CC2)c3nc4c(cccc4[nH]3)C(=O)N)c1,6.0
2102,CHEMBL1991180,COCc1nnn(c1C(=O)NN=C(C)c2ccc(O)cc2O)c3nonc3N,6.3
2104,CHEMBL1682540,c1cnc2nc(cn2c1)c3ccc4[nH]ncc4c3,6.0
2106,CHEMBL1976420,CCc1c([nH]c2nccnc12)c3ccc(cc3)C(C)(C)O,5.0
2109,CHEMBL1994864,Cc1ccc(CNC2=C(Nc3ccncc3)C(=O)C2=O)cc1,6.7
2112,CHEMBL497151,Ic1ccc(Oc2cncc3sc(cc23)C4=NC(=O)ON4)cc1,5.2
2113,CHEMBL2000029,Cc1ccccc1c2c(nnn2Cc3ccccc3)c4ccc5[nH]nc(N)c5c4,8.4
2116,CHEMBL340921,Cc1cc(O)ccc1N2C=C(C(=O)N)C(=O)c3ccc(cc23)c4ccncc4,7.0
2118,CHEMBL2001149,Oc1ccc2nc([nH]c2c1)c3ccc(Sc4ccc(cc4)c5nc6ccc(O)cc6[nH]5)cc3,5.9
2122,CHEMBL1973540,O=C1Nc2ccc3ncsc3c2C1=CNc4ccc(cc4)S(=O)(=O)Nc5ccccn5,6.5
2124,CHEMBL1996646,COc1cccc(OC)c1CNc2nc(NC3CCCCC3)nc4ccc(Cl)cc24,5.8
2128,CHEMBL1971649,Cc1ccc(F)c(NC(=O)Nc2ccc(cc2)c3ccc4nccnc4c3N)c1,5.1
2129,CHEMBL1992723,c1ccc(cc1)c2cccc3nccn23,5.2
2131,CHEMBL1996702,COc1cc(ccc1O)c2ccc3C(=O)Nc4cc(ccc4Nc3c2)C(=O)NCCCN(C)C,5.7
2135,CHEMBL1998435,OCCNc1cc2cc(ccc2cn1)c3ccncc3,5.1
2136,CHEMBL2006439,Clc1cc(nc(NC2CCCCC2)n1)c3c[nH]c4ncccc34,7.8
2138,CHEMBL1985681,OC1CCCc2nc(ccc12)C3C(=O)Nc4ccc(cc34)C#N,5.7
2139,CHEMBL1969190,COc1ccc(c2ccc(NC(=O)Nc3cc(F)cc(F)c3)cc2)c4c(N)noc14,5.9
2140,CHEMBL1973937,Cc1ccc(c2ccc(NC(=O)Nc3cccc(Br)c3)cc2)c4c(N)n[nH]c14,5.4
2143,CHEMBL1991674,OC1CCC(CC1)Nc2cc(Cl)nc(n2)c3c[nH]c4ncccc34,7.5
2144,CHEMBL1982711,NC(=O)c1ccc(cc1)c2c[nH]c3nccc(Cl)c23,6.4
2145,CHEMBL262623,Nc1ncnc2NCCC(=Nc12)c3ccccc3,4.6
2148,CHEMBL1969102,Cc1cccc(NC(=O)Nc2ccc(cc2)c3csc4c(cnc(N)c34)c5cn[nH]c5)c1,6.8
2149,CHEMBL2004118,CCc1nc(Nc2ccc(N3CCOCC3)c(Cl)c2)nc4[nH]ccc14,6.0
2150,CHEMBL1682346,Nc1n[nH]c2ccc(cc12)c3cn(Cc4ccccc4)nn3,6.5
2153,CHEMBL1994241,COc1cc(C=C(C#N)c2nc3ccccc3[nH]2)c(Br)cc1O,5.5
2156,CHEMBL50894,[O-][N+](=O)c1ccc2[nH]c3c(CC(=O)Nc4ccccc34)c2c1,5.8
2157,CHEMBL1995211,CC(C)(C)Nc1ncnc2[nH]cc(c3ccccc3)c12,6.5
2158,CHEMBL1988838,Cc1cnc(Nc2cccc(c2)S(=O)(=O)N)nc1Nc3ccc(OCC(=O)N)cc3,6.3
2159,CHEMBL1981725,CCN1CCN(CC1)c2ccc(Nc3nccc(n3)c4c(nc5ccccn45)c6cccc(c6)C(=O)Nc7ccccc7F)cc2,6.8
2160,CHEMBL1982753,NC1CCCCC1Nc2ccc(C(=O)N)c(Nc3cccc(Cl)c3)n2,6.6
2161,CHEMBL375284,Cc1cccc(NC(=O)Nc2ccc(cc2)c3cccc4[nH]ncc34)c1,7.1
2162,CHEMBL2006299,COc1cccc(CNC(=O)c2ccc(cc2)c3ccncc3)c1,8.5
2163,CHEMBL1972346,Oc1cc(O)cc(C=Cc2ccc(O)c(O)c2)c1,5.6
2167,CHEMBL1965170,COc1ccc(NC(=O)Nc2ccc(cc2)c3csc4c(cnc(N)c34)c5cnn(CC(O)CO)c5)cc1,6.4
2171,CHEMBL365617,CCNC(=O)c1n[nH]c(c2cc(Cl)c(O)cc2O)c1c3ccc(OC)cc3,5.4
2174,CHEMBL1991577,CC(NC1=C(Nc2ccncc2)C(=O)C1=O)C3CCCCC3,6.4
2175,CHEMBL1991867,Nc1n[nH]c2nc(Cl)sc12,4.4
2179,CHEMBL1965570,Nc1ncc(c2cocc2)c3scc(c4ccc(NC(=O)Nc5ccccc5F)cc4)c13,5.2
2180,CHEMBL1972355,COc1c2C(=O)C=C(C)Oc2cc(O)c1c3nc4ccccc4[nH]3,5.5
2182,CHEMBL2001641,CC(C)(O)c1cn(nn1)c2ccc3[nH]ncc3c2,6.1
2184,CHEMBL1997193,Cc1ccc(s1)C2=C(C#N)C(=O)NC(=C2)c3cc(Br)ccc3O,6.0
2189,CHEMBL1972362,CS(=O)(=O)c1ccc(cc1)c2cncc3sc(cc23)C(=O)N,5.2
2190,CHEMBL1984633,COc1cccc(c1)C(C)NC(=O)c2cnc(s2)c3ccncc3,7.5
2192,CHEMBL1965845,COc1cccc(c1)C(C)NC(=O)N2CCC(=CC2)c3c[nH]c4ncccc34,8.1
2194,CHEMBL1983715,CCNc1nc(C)c(s1)c2ccnc(Nc3ccc(cc3)N4CCN(CC4)C(=O)C)n2,6.8
2196,CHEMBL1971017,NC(=O)c1cc2c(cncc2s1)c3cccc(F)c3,5.3
2198,CHEMBL1986597,NC(=O)c1cccc2[nH]c(nc12)c3ccc(NC(=O)c4cccc(c4)S(=O)(=O)N5CCOCC5)cc3,5.8
2199,CHEMBL1990482,NC(=O)c1cccc2[nH]c(nc12)c3ccncc3,6.4
2201,CHEMBL2000104,CCS(=O)(=O)c1ccc(cc1)c2cncc3sc(cc23)C(=O)N,5.4
2203,CHEMBL1987448,Nc1cc(cc(Cl)n1)c2c[nH]c3ncccc23,8.3
2205,CHEMBL402846,Cc1ccc(F)c(NC(=O)Nc2ccc(cc2)c3cncc4c3c(N)nn4C)c1,5.9
2208,CHEMBL220057,Cc1cccc(NC(=O)Nc2ccc(cc2)c3cccc4[nH]nc(N)c34)c1,6.7
2209,CHEMBL1682545,N(c1ccccc1)c2nc(cs2)c3ccc4[nH]ncc4c3,6.4
2210,CHEMBL1974935,NC(COc1cncc(C=Cc2ccncc2)c1)Cc3c[nH]c4ccccc34,7.6
2214,CHEMBL2005216,CS(=O)(=O)NC1CCC(CC1)Nc2cc(Cl)nc(n2)c3c[nH]c4ncccc34,7.4
2215,CHEMBL1969506,CC(C)(C)OC(=O)n1ncc2cc(NC3=C(NCc4ccc(cc4)S(=O)(=O)N)C(=O)C3=O)ccc12,6.1
2216,CHEMBL1980763,CC(C)Cc1nc(Nc2ccc(N3CCOCC3)c(Cl)c2)nc4[nH]ccc14,5.9
2217,CHEMBL1964937,OCC(NC(=O)N1CCC(=CC1)c2c[nH]c3ncccc23)c4ccccc4,6.6
2220,CHEMBL1970879,COc1cc(ccc1NC(=O)c2cc3ccccc3n2C)c4nn(C5CCC(CC5)N6CCN(CC6)C(=O)C)c7ncnc(N)c47,6.4
2222,CHEMBL2005899,CC(NC1=C(N(C(=O)C)c2ccncc2)C(=O)C1=O)C(C)(C)C,6.8
2223,CHEMBL1972568,COc1cncc(C=Cc2ccncc2)c1,5.4
2224,CHEMBL1682552,C1CCC(CC1)Nc2c(nc3ncccn23)c4ccc5[nH]ncc5c4,6.6
2227,CHEMBL1996155,CN1CCC1COc2cncc(CCc3ccncc3)c2,6.2
2228,CHEMBL2002702,Cc1cc(C)c(C=C2C(=O)Nc3ccccc23)[nH]1,5.3
2229,CHEMBL1682359,CCCc1cc(on1)c2ccc3[nH]ncc3c2,6.3
2230,CHEMBL1972220,Nc1ncc(c2cnn(CCO)c2)c3scc(c4ccc(NC(=O)Nc5ccc(OC(F)F)cc5)cc4)c13,6.7
2231,CHEMBL1970903,Cc1n[nH]c2ccc(cc12)c3cncc(OCC(N)Cc4c[nH]c5ccccc45)c3,8.1
2232,CHEMBL1991846,NC(COc1cncc(C=Cc2ccncc2)c1)Cc3ccccc3,6.7
2233,CHEMBL2003785,Fc1cccc(CNc2ncnc3[nH]cnc23)c1,5.3
2234,CHEMBL1973720,NC1CCC(CC1)Nc2nc(Cl)cc(n2)c3c[nH]c4ncccc34,8.9
2235,CHEMBL1969523,CC(NC1=C(Nc2ccnc(Nc3cccc(C)c3)n2)C(=O)C1=O)C(C)(C)C,6.2
2237,CHEMBL207995,COc1cc(C=O)c(Cl)cc1NC(=O)Nc2cnc(cn2)C#N,5.3
2240,CHEMBL526133,O=C1NC(=CC(=N1)c2ccc3[nH]ncc3c2)c4ccccc4,5.8
2241,CHEMBL2003514,COc1cccc(c1)C(C)NC(=O)c2cnc(nc2)c3ccncc3,8.4
2246,CHEMBL2002470,Clc1cccc(c1)C2=NCC(=O)Nc3sc4CCCCc4c23,5.1
2247,CHEMBL1979057,O=C1NCc2c1cccc2c3ccc(Nc4nc5ccccc5[nH]4)cc3,6.7
2250,CHEMBL1975418,C(c1ccccc1)n2nnc(c3ccc4[nH]ncc4c3)c2C5CC5,7.7
2251,CHEMBL1992796,Clc1ccc2NC(=O)C(=C(c3ccccc3)c2c1)C4=NNC(C4)c5ccccc5,5.3
2255,CHEMBL1999428,CC(NC(=O)c1ccc(cc1)c2ccncc2)c3ccccc3,7.4
2260,CHEMBL1982465,Cc1cccc(NC(=O)Nc2ccc(cc2)c3csc4c(cnc(N)c34)C#CCN5CCOCC5)c1,6.3
2261,CHEMBL2001751,NC(COc1cncc(c1)c2ccc3NC(=O)C(=Cc4occc4)c3c2)Cc5c[nH]c6ccccc56,7.5
2263,CHEMBL1984586,Cc1ccccc1NC(=O)Nc2ccc(cc2)c3coc4ncnc(N)c34,5.3
2266,CHEMBL1973395,OC1CCN(CC1)c2ncnc3[nH]cc(c4ccccc4)c23,5.8
2267,CHEMBL272453,COc1ccc(NC(=O)Nc2ccc(cc2)c3cccc4onc(N)c34)cc1Cl,6.7
2268,CHEMBL1970217,COc1cccc(c1)C(C)NC(=O)c2ccc(cc2)c3ccncc3C,7.7
2274,CHEMBL185569,Cc1cccc(NC(=O)Nc2ccc(cc2)c3cccc4C(=O)NCc34)c1,5.6
2275,CHEMBL1969843,C(C1CCOCC1)n2cc(nn2)c3ccc4[nH]ncc4c3,6.0
2281,CHEMBL1969588,Clc1cc(cc(NCc2ccccc2)n1)c3c[nH]c4ncccc34,7.6
2283,CHEMBL1967878,CN1CCN(CC1)c2ccc(Nc3ncc(F)c(NC4C5CC(C=C5)C4C(=O)N)n3)cc2C,7.3
2284,CHEMBL1992073,CCC1CC(CC1c2ncc3cnc4[nH]ccc4n23)NS(=O)(=O)C5CC5,7.5
2288,CHEMBL1979252,FC(F)(F)c1cccc(CNC2=C(Nc3ccncc3)C(=O)C2=O)c1,7.0
2289,CHEMBL1986143,OCCC(NC(=O)c1ccc(cc1)c2ccncc2)c3ccccc3,8.2
2290,CHEMBL1972934,Nc1ncnc2sccc12,4.5
2293,CHEMBL1682341,C(c1ccccc1)c2cn(nn2)c3ccc4[nH]ncc4c3,7.2
2294,CHEMBL2004290,COc1ccc(NC(=O)Nc2ccc(cc2)c3csc4c(cnc(N)c34)c5cnn(CC(C)(C)O)c5)cc1,6.4
2295,CHEMBL1986499,Nc1n[nH]c2ccc(cc12)c3nnn(Cc4ccccc4)c3c5ccc(F)cc5,7.1
2298,CHEMBL2000393,Fc1ccc2ncn(c3ncc4NC(=O)N(C5CCOc6c(F)cccc56)c4n3)c2c1,5.3
2300,CHEMBL2004311,Cc1cc(C)cc(NC(=O)Nc2ccc(c(C)c2)c3cccc4C(=O)NCc34)c1,6.7
2302,CHEMBL1242373,Cc1cccc(NC(=O)Nc2ccc3c(CCc4sc5ncnc(N)c5c34)c2)c1,6.1
2306,CHEMBL1988075,Cc1ccc(cn1)c2cnc(N)c3c(csc23)c4ccc(NC(=O)Nc5cccc(F)c5)cc4,6.0
2310,CHEMBL2001239,Nc1ncnc(Nc2cc(CNC(=O)C(F)(F)F)c(O)c(c2)c3ccc(Cl)cc3)n1,5.7
2314,CHEMBL260092,Nc1ncnc2NCCC(=Nc12)c3ccc(NC(=O)Nc4cccc(c4)C(F)(F)F)cc3,6.2
2316,CHEMBL1999811,Oc1ccc(C=NNC(=O)Nc2cccc3nsnc23)c(O)c1,5.6
2317,CHEMBL1965495,Cc1n[nH]c2ncc(C#N)c(c3ccccc3)c12,5.7
2319,CHEMBL2000481,NCCNS(=O)(=O)c1cccc(c1)C(=O)Nc2ccc(cc2)C3=NNC(=O)c4ccccc34,7.0
2322,CHEMBL1991725,CN(C)CC(=O)NC(COc1cncc(c1)c2ccc3cnccc3c2)Cc4c[nH]c5ccccc45,6.8
2324,CHEMBL1982271,CN(C)CC(=O)NC1CCC(CC1)Nc2nc(Cl)cc(n2)c3c[nH]c4ncccc34,8.3
2326,CHEMBL2007296,CCCOc1cccc(c1)C(C)NC(=O)c2ccc(cc2)c3ccncc3,7.6
2328,CHEMBL2004159,COc1cccc(CNC(=O)c2cnc(nc2)c3ccncc3)c1,7.6
2329,CHEMBL396523,OC(=O)c1ccccc1Nc2ccnc(Nc3ccc4[nH]ncc4c3)n2,6.7
2330,CHEMBL1978371,Clc1ccc(cc1)C2CC(=C(C#N)C(=O)C2C(=O)c3ccccc3)c4ccccc4,5.8
2341,CHEMBL1971029,CNS(=O)(=O)c1ccccc1Nc2nc(Nc3cc(ccc3OC)N4CCN(CC4)C(=O)C)ncc2Br,6.0
2343,CHEMBL394790,Nc1nccc2scc(c3ccc(NC(=O)Nc4cccc(Cl)c4)cc3)c12,6.3
2344,CHEMBL2001451,CN(C)CCCCNC(=O)c1cccc(c1)n2nc(cc2NC(=O)Nc3cccc4ccccc34)C(C)(C)C,5.8
2347,CHEMBL1996111,CN(C)C(=O)c1c(nnn1Cc2ccccc2)c3ccc4[nH]ncc4c3,6.7
2348,CHEMBL1966175,CC1CCN(CC1c2ncc3cnc4[nH]ccc4n23)C(=O)CC#N,7.6
2356,CHEMBL2001539,C1Cc2sccc2c3[nH]ncc13,5.8
2357,CHEMBL1997041,Cc1cc(ccc1F)c2ncnc3[nH]ccc23,5.6
2360,CHEMBL1972584,CC(=O)N1CCN(CC1)C2CCC(CC2)n3nc(c4ccc(NC(=O)c5cc6ccccc6n5C)cc4)c7c(N)ncnc37,6.2
2363,CHEMBL1999556,NC(=O)c1cc2c(cncc2s1)c3ccccc3,5.3
2365,CHEMBL1968245,NC(COc1cc(C=Cc2ccncc2)cnc1Cl)Cc3c[nH]c4ccccc34,6.9
2366,CHEMBL1979577,Cc1cccc(NC(=O)Nc2ccc(cc2)c3csc4c(cnc(N)c34)C#CC(C)(C)N)c1,6.8
2367,CHEMBL1998121,NCCC(C(=O)Nc1ccc2[nH]ncc2c1)c3ccc(Cl)c(Cl)c3,8.4
2373,CHEMBL1979357,Cn1cc(C(CN)c2cncc(C=Cc3ccncc3)c2)c4ccccc14,6.5
2375,CHEMBL1996649,CCN(CC)CCCNC(=O)c1cnc(N)c2c(csc12)c3ccc(NC(=O)Nc4cccc(F)c4)cc3,5.9
2376,CHEMBL1996817,CCCCOc1ncnc2[nH]cc(c3ccccc3)c12,6.3
2377,CHEMBL1979554,Clc1ccc(CNC2=C(Nc3ccc4[nH]ncc4c3)C(=O)C2=O)c(Cl)c1,7.9
2383,CHEMBL1990884,Cc1cc(C)c2oc(Nc3ccc(cc3F)c4cccc(C(=O)N)c4N)nc2c1,5.8
2390,CHEMBL2006276,COc1cccc2NC(=O)c3ccc(Nc4ccncc4)cc3Nc12,5.6
2391,CHEMBL191003,Nc1nc(Nc2ccc(cc2)S(=O)(=O)N)nn1C(=O)c3c(F)cccc3F,6.9
2392,CHEMBL271381,COc1ccc(c2ccc(NC(=O)Nc3cccc(Br)c3)cc2)c4c(N)noc14,5.6
2394,CHEMBL1982466,Cc1ccc(NC(=O)Nc2ccc(cc2)c3csc4c(cnc(N)c34)c5cnn(C)c5)cc1,7.0
2395,CHEMBL1973359,NC(=O)c1ccc2nc(cn2c1)c3oc(cc3)[N+](=O)[O-],6.0
2400,CHEMBL1979690,CN1CCN(CC1)c2ccc(Nc3ncc(Cl)c(Nc4ccc5[nH]ncc5c4)n3)cc2,6.6
2401,CHEMBL234085,CC1CCN(CC1N(C)c2ncnc3[nH]ccc23)C(=O)CC#N,6.6
2404,CHEMBL1969042,Oc1ccc(Nc2[nH]nc(c3ccc(O)cc3)c2c4ccc(O)cc4)cc1,6.3
2405,CHEMBL2000345,COc1cc(C=C(C#N)c2nc3cc(C)ccc3[nH]2)c(Br)cc1O,5.3
2406,CHEMBL1999931,O=C(Nc1n[nH]c2ccc(cc12)c3cn(Cc4ccccc4)nn3)c5ccccc5,6.5
2409,CHEMBL1983575,Oc1c(Br)cc(C=NNC(=O)Nc2ccccc2)cc1Br,5.7
2412,CHEMBL302449,Cn1c2ccccc2c3c4C(=O)NCc4c5c6ccccc6n(CCC#N)c5c13,7.1
2413,CHEMBL2007064,Cc1[nH]c(C=C2C(=O)Nc3ccccc23)c(C)c1CCC(=O)O,5.7
2416,CHEMBL1976240,COc1cccc(c1)C(CN)NC(=O)c2ccc(cc2)c3ccncc3,8.1
2417,CHEMBL1987948,CS(=O)(=O)NC1CCCC(C1)Nc2nc(Cl)cc(n2)c3c[nH]c4ncccc34,7.7
2419,CHEMBL1968151,O=C1Nc2sccc2c3nc(nn13)c4ccncc4,5.4
2420,CHEMBL1979093,COc1ccc(c2ccc(NC(=O)Nc3ccc(F)c(C)c3)cc2)c4c(N)noc14,6.5
2423,CHEMBL2002726,Cc1n[nH]c2ccc(cc12)c3cncc(OCC(N)Cc4ccccc4)c3,7.7
2427,CHEMBL1987054,COCCOC1CCC(CC1)n2nc(c3ccc(Nc4oc5c(Cl)cc(C)cc5n4)cc3)c6c(N)ncnc26,7.2
2428,CHEMBL1970083,Nc1ncc(c2ccncc2)c3scc(c4ccc(NC(=O)Nc5cc(ccc5F)C(F)(F)F)cc4)c13,6.4
2430,CHEMBL2005631,CNC(=O)c1cnc(N)c2c(csc12)c3ccc(NC(=O)Nc4cc(C)ccc4F)cc3,6.1
2433,CHEMBL1977223,CCCC(=O)Nc1n[nH]c2ccc(cc12)c3cn(Cc4ccccc4)nn3,5.1
2434,CHEMBL1995765,NC1=CC(=O)NN1c2ccccn2,4.1
2435,CHEMBL1976290,Cc1cc(ccc1F)c2ccc3C(=O)NCc3c2,4.7
2436,CHEMBL1966279,NCCCNS(=O)(=O)c1cccc(c1)C(=O)Nc2ccc(cc2)C3=NNC(=O)c4ccccc34,7.1
2439,CHEMBL1984760,CCCNC(=O)c1ccc(Nc2nc(CCC(F)(F)F)c3cc[nH]c3n2)cc1,5.4
2441,CHEMBL1991728,CC(=NNC(=N)N)c1cc(NC(=O)NCCCCCCNC(=O)Nc2cc(cc(c2)C(=NNC(=N)N)C)C(=NNC(=N)N)C)cc(c1)C(=NNC(=N)N)C,6.3
2449,CHEMBL451401,NC(=O)c1cccc2cn[nH]c12,4.4
2450,CHEMBL1968930,CC(C)(CN)CNc1nc(Cl)cc(n1)c2c[nH]c3ncccc23,8.6
2460,CHEMBL1983534,C(Nc1nc2ccc(cc2s1)c3ccncc3)c4ccccc4,7.1
2461,CHEMBL1982361,Fc1ccccc1CNC2=C(Nc3ccncc3)C(=O)C2=O,7.0
2463,CHEMBL1982122,OCCC(Nc1nc2ccc(cc2s1)c3ccncc3)c4ccccc4,7.7
2465,CHEMBL1682546,C(Nc1nc(cs1)c2ccc3[nH]ncc3c2)c4ccccc4,6.2
2466,CHEMBL1988872,CS(=O)(=O)Nc1ccc(Nc2ccc3[nH]nc(N)c3c2)cc1,5.8
2470,CHEMBL1996780,CCOC(=O)C1=CN(c2ccc(O)cc2C)c3cc(ccc3C1=O)c4ccncc4,6.8
2471,CHEMBL1972142,O=C(NCc1ccccc1)c2cccc(c2)c3cnc4[nH]ccc4c3,6.1
2472,CHEMBL1966514,Nc1ncc(c2cocc2)c3scc(c4ccc(NC(=O)Nc5cccc(F)c5)cc4)c13,5.6
2473,CHEMBL1980715,CCCCCCCCCCCCOc1ccc(NC(=N)N)cc1NC(=N)N,5.6
2475,CHEMBL296586,Brc1ccc2[nH]c3c(CC(=O)Nc4ccccc34)c2c1,5.7
2478,CHEMBL1966524,NC(COc1cncc(c1)c2cc3ccncc3s2)Cc4c[nH]c5ccccc45,7.7
2481,CHEMBL1993722,Nc1n[nH]c2cccc(c3ccc(NC(=O)Nc4cc(ccc4F)C(=O)O)cc3)c12,5.5
2486,CHEMBL1375640,Cc1nc(COc2ccccc2Cl)sc1c3ccnc(N)n3,6.4
2490,CHEMBL1967252,Cc1n[nH]c2ccc(cc12)c3cccnc3,6.6
2493,CHEMBL1994318,CC(C)N(CCCN)C(=O)c1cccc(c1)n2nc(cc2NC(=O)Nc3cccc4ccccc34)C(C)(C)C,6.1
2496,CHEMBL1967719,Brc1ccc(C=CC(=O)Nc2cccc3cnccc23)cc1,5.5
2497,CHEMBL1967720,CC(C)(C(=O)N)n1cc(cn1)c2cnc(N)c3c(csc23)c4ccc(NC(=O)Nc5cccc(F)c5)cc4,6.8
2499,CHEMBL1991138,Nc1nccn2c(nc(c3cccc(OCc4ccccc4)c3)c12)C5CC(CN6CCCC6)C5,5.9
2500,CHEMBL1979516,CCNC(=O)c1cnc(N)c2c(csc12)c3ccc(NC(=O)Nc4cccc(F)c4)cc3,5.2
2501,CHEMBL1969755,OCC(Cc1ccccc1)NC(=O)c2ccc(cc2F)c3ccncc3,5.9
2503,CHEMBL1994526,CC(N)C1CCC(CC1)C(=O)Nc2ccncc2,8.7
2509,CHEMBL1965631,CN(C)CC(=O)Nc1n[nH]c2ccc(cc12)c3cn(Cc4ccccc4)nn3,5.3
2510,CHEMBL1980144,Cc1ccccc1NC(=O)Nc2ccc(NC(=O)c3csc4ncnc(N)c34)cc2,5.3
2511,CHEMBL1991188,COc1cccc(c1)C(C)NC(=O)c2ccc(cc2OC)c3ccncc3F,7.7
2514,CHEMBL377408,CCOc1nc(cc(N)c1C#N)C(=O)NCc2ccccc2S(=O)(=O)N,5.5
2516,CHEMBL231209,Nc1nccc2scc(c3ccc(NC(=O)Nc4cccc(F)c4)cc3)c12,6.1
2518,CHEMBL1976220,Nc1nccc2scc(c3ccc(NC(=O)Nc4cccc(Br)c4)cc3)c12,6.4
2519,CHEMBL2006765,CCCNC(=O)c1ccc(Nc2nc(NCC(F)(F)F)c3cc[nH]c3n2)cc1,6.8
2521,CHEMBL1997617,CN1CCN(CC1)C2CCC(CC2)n3cc(c4ccc(Oc5ccccc5)cc4)c6c(N)ncnc36,5.2
2524,CHEMBL17370,CSc1ccc(cc1)c2nc(c3ccc(F)cc3)c([nH]2)c4ccncc4,5.1
2526,CHEMBL1987910,Nc1nccc2scc(c3ccc(NC(=O)Nc4ccccc4C(F)(F)F)cc3)c12,6.1
2528,CHEMBL1983980,OCc1ccc(cc1)c2sc(nc2C(=O)O)N3CCc4cccc(C(=O)Nc5nc6ccccc6s5)c4C3,6.0
2529,CHEMBL1999484,CNc1nc(C)c(s1)c2ccnc(Nc3ccc(cc3)N4CCNCC4)n2,7.0
2530,CHEMBL1980297,Nc1ncc(c2cnn(CCO)c2)c3scc(c4ccc(NC(=O)Nc5cccc(F)c5)cc4)c13,6.8
2531,CHEMBL1966069,C(c1cn(nn1)c2ccc3[nH]ncc3c2)n4nnc5ccccc45,7.3
2532,CHEMBL1986899,Cc1ccc(NCc2ccc(nc2)c3ccc(F)cc3)cc1,5.8
2534,CHEMBL1997822,Cc1cc2cc(ccc2[nH]1)c3csc4c(cnc(N)c34)c5cccc(c5)S(=O)(=O)C,5.9
2535,CHEMBL243088,OC(=O)c1ccccc1Nc2ccnc(Nc3cccc(O)c3)n2,5.4
2537,CHEMBL1965683,C1Cc2[nH]ncc2C1c3ccccc3,4.7
2538,CHEMBL1968606,CC1=CC(=O)NN=C1c2ccc(NC(=O)Nc3cccc(Cl)c3)cc2,5.6
2539,CHEMBL1974416,Fc1cccc(C(=O)Nc2cnc3[nH]cc(c4ccccc4)c3c2)c1F,5.4
2540,CHEMBL1993661,CNS(=O)(=O)c1ccccc1Nc2nc(Nc3cc(OC)c(OC)c(OC)c3)ncc2Cl,7.9
2541,CHEMBL2004615,CSc1nn(c(N)c1C(=O)N)c2ccccn2,5.2
2544,CHEMBL1997872,O=C(N1CCOCC1)c2cccc(c2)c3cnc4[nH]ccc4c3,5.6
2547,CHEMBL2023154,O=C(NCCc1ccccc1)Nc2ccc3[nH]ncc3c2,6.19
2548,CHEMBL2023156,O=C(NCc1ccccc1)Nc2ccc(cc2)c3ccncc3,5.94
2549,CHEMBL2023160,OC[C@@H](Cc1ccccc1)NC(=O)Nc2ccc(cc2)c3ccncc3,5.85
2550,CHEMBL2023158,OC[C@@H](NC(=O)Nc1ccc(cc1)c2ccncc2)c3ccccc3,5.77
2551,CHEMBL2023153,Clc1ccc(CCNC(=O)Nc2ccc3[nH]ncc3c2)cc1,5.66
2552,CHEMBL2023155,O=C(NCCCc1ccccc1)Nc2ccc3[nH]ncc3c2,5.61
2553,CHEMBL2023152,COc1ccc(CCNC(=O)Nc2ccc3[nH]ncc3c2)cc1,5.59
2554,CHEMBL2023159,O=C(NCCc1ccccc1)Nc2ccc(cc2)c3ccncc3,5.58
2555,CHEMBL2023151,OC(CNC(=O)Nc1ccc2[nH]ncc2c1)c3ccccc3,5.54
2556,CHEMBL2023150,OC[C@H](Cc1ccccc1)NC(=O)Nc2ccc3[nH]ncc3c2,5.34
2557,CHEMBL2023157,OC[C@H](NC(=O)Nc1ccc(cc1)c2ccncc2)c3ccccc3,5.04
2558,CHEMBL225282,O=C(NCc1ccccc1)Nc2ccc3[nH]ncc3c2,4.86
2559,CHEMBL2023149,CN(CCc1ccccc1)C(=O)Nc2ccc3[nH]ncc3c2,4.67
2560,CHEMBL2023161,OC[C@H](Cc1ccccc1)NC(=O)Nc2ccc(cc2)c3ccncc3,4.51
2563,CHEMBL2023147,CN(C)C(=O)Nc1ccc2[nH]ncc2c1,4.23
2564,CHEMBL503641,CC(=O)Nc1ccc2[nH]ncc2c1,4.19
2565,CHEMBL2022282,Clc1ccncc1C(=O)Nc2ccncc2,4.14
2566,CHEMBL67352,O=C(Nc1ccncc1)c2cccnc2,4.12
2567,CHEMBL2023148,O=C(Nc1ccccc1)Nc2ccc3[nH]ncc3c2,3.8
2568,CHEMBL17551,Nc1ccc2[nH]ncc2c1,3.74
2569,CHEMBL1566648,Brc1cncc(c1)C(=O)Nc2ccncc2,3.57
2592,CHEMBL2205426,CC(C)(C)NC1=C(Nc2ccnc(Nc3ccc(cc3)c4ccncc4)n2)C(=O)C1=O,6.66
2910,CHEMBL2325741,NC1(CCN(CC1)c2ncnc3[nH]ccc23)C(=O)N[C@@H](CCO)c4ccc(Cl)cc4,6.33
2914,CHEMBL2332071,COc1cccc(CN(CCN2CCOCC2)C(=O)Nc3ccc(cc3)c4cn[nH]c4)c1,7.24
2915,CHEMBL2331562,OCCN(Cc1ccccc1)C(=O)Nc2ccc(cc2)c3cn[nH]c3,7.48
2939,CHEMBL2334288,COc1ccc(cc1)C(N)C2=Nc3ccc(cc3C(=O)N2)c4cn[nH]c4,7.32
2959,CHEMBL2436978,CN1CCN(Cc2ccc(cc2)c3cnc4[nH]cc(c5ccc6[nH]ccc6c5)c4c3)CC1,5.99
2973,CHEMBL3218299,O=C(NCCc1ccccc1)Nc2nc(cs2)c3ccncc3,6.32
2975,CHEMBL2419278,Cl.C[C@@H](N)c1ccc(cc1)C(=O)Nc2ccncc2,6.24
2978,CHEMBL3218005,O=C(NCc1ccccc1)Nc2nc(cs2)c3ccncc3,6.77
2980,CHEMBL3218007,COc1ccccc1CNC(=O)Nc2nc(cs2)c3ccncc3,5.85
2981,CHEMBL3218009,Nc1cccc(CNC(=O)Nc2nc(cs2)c3ccncc3)c1,7.3
2982,CHEMBL3218010,O=C(NCc1cccc2[nH]ccc12)Nc3nc(cs3)c4ccncc4,4.42
2984,CHEMBL3218012,Oc1ccccc1CNC(=O)Nc2nc(cs2)c3ccncc3,6.21
2985,CHEMBL3218013,Oc1ccc(CNC(=O)Nc2nc(cs2)c3ccncc3)cc1,6.42
2986,CHEMBL3218014,NC(=O)Nc1cccc(CNC(=O)Nc2nc(cs2)c3ccncc3)c1,5.92
2987,CHEMBL3218015,CS(=O)(=O)Nc1cccc(CNC(=O)Nc2nc(cs2)c3ccncc3)c1,6.25
2988,CHEMBL3218016,CC(=O)Nc1cccc(CNC(=O)Nc2nc(cs2)c3ccncc3)c1,5.89
2989,CHEMBL3218017,COCCOc1cccc(CNC(=O)Nc2nc(cs2)c3ccncc3)c1,6.3
2990,CHEMBL3218018,CCOc1cccc(CNC(=O)Nc2nc(cs2)c3ccncc3)c1,5.68
2991,CHEMBL3218019,CCCOc1cccc(CNC(=O)Nc2nc(cs2)c3ccncc3)c1,5.47
2992,CHEMBL3218020,CC(C)Oc1cccc(CNC(=O)Nc2nc(cs2)c3ccncc3)c1,4.89
2993,CHEMBL3218021,Fc1cccc(CNC(=O)Nc2nc(cs2)c3ccncc3)c1,7.0
2994,CHEMBL3218022,Fc1ccccc1CNC(=O)Nc2nc(cs2)c3ccncc3,6.4
2995,CHEMBL3218023,Fc1ccc(CNC(=O)Nc2nc(cs2)c3ccncc3)cc1,6.24
2996,CHEMBL3218024,Clc1cccc(CNC(=O)Nc2nc(cs2)c3ccncc3)c1,6.85
2997,CHEMBL3217759,Clc1ccccc1CNC(=O)Nc2nc(cs2)c3ccncc3,6.47
2998,CHEMBL3218025,Clc1ccc(CNC(=O)Nc2nc(cs2)c3ccncc3)cc1,5.62
2999,CHEMBL3218026,Cc1cccc(CNC(=O)Nc2nc(cs2)c3ccncc3)c1,6.34
3000,CHEMBL3218027,Cc1ccccc1CNC(=O)Nc2nc(cs2)c3ccncc3,6.82
3001,CHEMBL3218028,Cc1ccc(CNC(=O)Nc2nc(cs2)c3ccncc3)cc1,5.28
3002,CHEMBL3218274,CN(Cc1ccccc1)C(=O)Nc2nc(cs2)c3ccncc3,6.96
3003,CHEMBL3218275,COc1cccc(CNC(=O)N(C)c2nc(cs2)c3ccncc3)c1,7.52
3004,CHEMBL3218276,COc1cccc(CN(C)C(=O)Nc2nc(cs2)c3ccncc3)c1,7.4
3005,CHEMBL3218277,C[C@@H](NC(=O)Nc1nc(cs1)c2ccncc2)c3ccccc3,7.37
3006,CHEMBL3218278,OC[C@@H](NC(=O)Nc1nc(cs1)c2ccncc2)c3ccccc3,7.52
3007,CHEMBL3218279,CC[C@@H](NC(=O)Nc1nc(cs1)c2ccncc2)c3ccccc3,7.05
3008,CHEMBL3218280,NC(=O)[C@@H](NC(=O)Nc1nc(cs1)c2ccncc2)c3ccccc3,7.1
3009,CHEMBL3218281,COC[C@@H](NC(=O)Nc1nc(cs1)c2ccncc2)c3ccccc3,7.16
3010,CHEMBL3218282,COc1cccc(c1)[C@@H](C)NC(=O)Nc2nc(cs2)c3ccncc3,7.52
3011,CHEMBL3218283,C[C@@H](NC(=O)Nc1nc(cs1)c2ccncc2)c3cccc(F)c3,6.92
3012,CHEMBL3218284,C[C@@H](NC(=O)Nc1nc(cs1)c2ccncc2)c3cccc(Cl)c3,6.19
3013,CHEMBL3218285,C[C@H](NC(=O)Nc1nc(cs1)c2ccncc2)c3ccccc3,5.54
3014,CHEMBL3218286,OC[C@H](NC(=O)Nc1nc(cs1)c2ccncc2)c3ccccc3,5.28
3015,CHEMBL3218287,CC[C@H](NC(=O)Nc1nc(cs1)c2ccncc2)c3ccccc3,4.28
3016,CHEMBL3218288,NC(=O)[C@H](NC(=O)Nc1nc(cs1)c2ccncc2)c3ccccc3,5.43
3017,CHEMBL3218289,COC[C@H](NC(=O)Nc1nc(cs1)c2ccncc2)c3ccccc3,4.53
3018,CHEMBL3218290,COc1cccc(c1)[C@H](C)NC(=O)Nc2nc(cs2)c3ccncc3,4.73
3019,CHEMBL3218291,C[C@H](NC(=O)Nc1nc(cs1)c2ccncc2)c3cccc(F)c3,4.52
3021,CHEMBL3218293,C[C@@H](N(C)C(=O)Nc1nc(cs1)c2ccncc2)c3ccccc3,6.92
3022,CHEMBL3218294,C[C@H](N(C)C(=O)Nc1nc(cs1)c2ccncc2)c3ccccc3,5.19
3023,CHEMBL3218295,OCC(NC(=O)Nc1nc(cs1)c2ccncc2)c3ccccc3,7.22
3024,CHEMBL3218296,CC(NC(=O)Nc1nc(cs1)c2ccncc2)c3cccc(F)c3,6.37
3031,CHEMBL3238163,CN(C)CC(O)CN1CCN(CC1)c2nc(cnc2N3CCCC3)c4ccncc4,6.54
3032,CHEMBL3238164,CC(=O)NCC(O)CN1CCN(CC1)c2nc(cnc2N3CCCC3)c4ccncc4,6.46
3033,CHEMBL3238165,CC(=O)NCCCN1CCN(CC1)c2nc(cnc2N3CCCC3)c4ccncc4,6.46
3034,CHEMBL3238166,C1CCN(C1)c2ncc(nc2N3CCCNCC3)c4cc5cn[nH]c5cn4,6.69
3035,CHEMBL3238167,C1CNCCN(C1)c2cncc(n2)c3ccc4[nH]ncc4c3,6.98
3036,CHEMBL3238168,Cc1n[nH]c2ccc(cc12)c3cncc(n3)N4CCCNCC4,6.85
3038,CHEMBL3356431,CN(C)C(=O)Oc1cccc(NC(=O)C2(Cc3c[nH]cn3)CCN(CC2)c4ncnc5[nH]cc(C)c45)c1,6.29
3039,CHEMBL3356432,CN(C)CCC1(CCN(CC1)c2ncnc3[nH]cc(C)c23)C(=O)Nc4cccc(OC(=O)N(C)C)c4,6.86
3040,CHEMBL3356433,CN(C)C(=O)Oc1cccc(NC(=O)C2(CN)CCN(CC2)c3ncnc4[nH]cc(C)c34)c1,7.16
3057,CHEMBL1214929,NCCNc1nc(cc2cnccc12)c3ccncc3,7.52
3060,CHEMBL3338838,CC(C)(N)CNc1nc(nc2cnccc12)c3ccc4[nH]ncc4c3,7.5
3061,CHEMBL3338839,C1CN(CCN1)c2nc(nc3cnccc23)c4ccc5[nH]ncc5c4,7.44
3062,CHEMBL3338840,C1CN(CCN1)c2nc(nc3ccccc23)c4ccc5[nH]ncc5c4,7.41
3063,CHEMBL3338841,C1CN(CCN1)c2nc(cc3ccccc23)c4ccc5[nH]ncc5c4,6.85
3064,CHEMBL3338842,NCCNc1nc(nc2ccccc12)c3ccc4[nH]ncc4c3,7.28
3065,CHEMBL3338843,NCCCNc1nc(nc2ccccc12)c3ccc4[nH]ncc4c3,6.63
3069,CHEMBL1951346,CC(C)NC(=O)c1cccc(NC(=O)Nc2ccc(cc2)c3ncnc4[nH]cc(C)c34)c1,5.89
3071,CHEMBL3407526,CC(C)NC(=O)c1cccc(NC(=O)Nc2ccc(cc2F)c3ncnc4[nH]cc(C)c34)c1,5.62
3072,CHEMBL3410036,Cc1c[nH]c2ncnc(c3ccc(NC(=O)N(CCO)c4ccccc4)cc3)c12,5.26
3073,CHEMBL3410039,Cc1c[nH]c2ncnc(c3ccc(NC(=O)N(CCO)c4ccc(F)cc4)cc3)c12,5.41
3074,CHEMBL3410040,Cc1c[nH]c2ncnc(c3ccc(NC(=O)N(CCO)c4ccccc4Cl)cc3)c12,5.36
3075,CHEMBL3410041,Cc1c[nH]c2ncnc(c3ccc(NC(=O)N(CCO)c4cccc(Cl)c4)cc3)c12,4.82
3076,CHEMBL3410042,Cc1c[nH]c2ncnc(c3ccc(NC(=O)N(CCO)c4ccc(Cl)cc4)cc3)c12,5.23
3077,CHEMBL3410045,Cc1ccc(cc1)N(CCO)C(=O)Nc2ccc(cc2)c3ncnc4[nH]cc(C)c34,5.12
3078,CHEMBL3410047,COc1cccc(c1)N(CCO)C(=O)Nc2ccc(cc2)c3ncnc4[nH]cc(C)c34,5.37
3088,CHEMBL3581150,CS(=O)(=O)Nc1cccc(CC(=O)Nc2cc(cs2)c3ccnc(N)c3)c1,7.52
3090,CHEMBL3581148,CS(=O)(=O)Nc1cccc(CC(=O)Nc2cc(cs2)c3ccnc(Cl)c3)c1,7.35
3091,CHEMBL3581147,COc1cccc(CC(=O)Nc2cc(cs2)c3ccnc(Cl)c3)c1,7.36
3094,CHEMBL3581145,COc1cccc(CC(=O)Nc2nc(cs2)c3ccnc(Cl)c3)c1,6.92
3095,CHEMBL3581144,COc1cccc(CC(=O)Nc2nc(cs2)c3ccnc(F)c3)c1,6.96
3098,CHEMBL3581141,CNc1cc(ccn1)c2csc(NC(=O)Cc3cccc(OC)c3)n2,6.11
3099,CHEMBL3581140,COc1cccc(CC(=O)Nc2nc(cs2)c3ccnc(N)c3)c1,6.77
3100,CHEMBL3581139,COc1cccc(CC(=O)Nc2nc(cs2)c3ccnc(C)c3)c1,6.68
3101,CHEMBL3581138,COc1cccc(CC(=O)Nc2cc(cs2)c3ccncn3)c1,6.92
3103,CHEMBL3581136,COc1cccc(CC(=O)Nc2nnc(s2)c3ccncc3)c1,5.6
3104,CHEMBL3581135,COc1cccc(CC(=O)Nc2nc(ns2)c3ccncc3)c1,7.05
3105,CHEMBL3581134,COc1cccc(CC(=O)Nc2ccc(s2)c3ccncc3)c1,6.85
3106,CHEMBL3581133,COc1cccc(CC(=O)Nc2csc(c2)c3ccncc3)c1,7.22
3108,CHEMBL3581131,COc1cccc(CC(=O)Nc2cnc(s2)c3ccncc3)c1,6.31
3109,CHEMBL3581130,COc1cccc(CC(=O)Nc2csc(n2)c3ccncc3)c1,6.28
3112,CHEMBL3581127,Nc1cccc(CC(=O)Nc2nc(cs2)c3ccncc3)c1,6.46
3114,CHEMBL3581125,O=C(Cc1ccc2OCOc2c1)Nc3nc(cs3)c4ccncc4,7.0
3115,CHEMBL3581124,Oc1ccc(CC(=O)Nc2nc(cs2)c3ccncc3)cc1,7.16
3117,CHEMBL3581122,Oc1ccccc1CC(=O)Nc2nc(cs2)c3ccncc3,6.05
3118,CHEMBL1427910,COc1ccc(CC(=O)Nc2nc(cs2)c3ccncc3)cc1,6.27
3119,CHEMBL3581121,COc1cccc(CC(=O)Nc2nc(cs2)c3ccncc3)c1,7.0
3121,CHEMBL3581119,Fc1ccc(CC(=O)Nc2nc(cs2)c3ccncc3)cc1,7.09
3122,CHEMBL3581118,Fc1cccc(CC(=O)Nc2nc(cs2)c3ccncc3)c1,6.92
3123,CHEMBL3581117,Fc1ccccc1CC(=O)Nc2nc(cs2)c3ccncc3,6.89
3124,CHEMBL3581116,O=C(Cc1ccccc1)Nc2nc(cs2)c3ccncc3,6.77
3125,CHEMBL3581115,Fc1ccccc1C(=O)Nc2nc(cs2)c3ccncc3,5.96
3129,CHEMBL3593777,NC(=O)c1cnc2[nH]ccc2c1N[C@@H]3CCN(C[C@@H]3F)c4ccc(cn4)C#N,6.72
3142,CHEMBL3649658,CN1C(=O)[C@H](Cc2ccc(cc2)c3ccnc4[nH]ccc34)NC(=O)c5cc(Cl)ccc15,5.29
3143,CHEMBL3649659,COc1ccc2N(C)C(=O)[C@H](Cc3ccc(cc3)c4ccnc5[nH]ccc45)NC(=O)c2c1,5.55
3146,CHEMBL3666717,NC(=O)COc1cccc(c1)c2nc(Nc3ccc4[nH]ncc4c3)c5ccccc5n2,5.59
3162,CHEMBL3426621,C[C@H]1CNCCCN1S(=O)(=O)c2cccc3cncc(F)c23,7.29
3170,CHEMBL3793353,C[C@@H](N)[C@@H]1CC[C@H](CC1)C(=O)Nc2ccnc3[nH]ccc23,7.52
3191,CHEMBL3810250,CC1=C(C(NC(=O)N1)c2ccc(F)c(c2)C(=O)O)C(=O)Nc3ccc4[nH]ncc4c3,6.72
3192,CHEMBL3810349,CNC(=O)c1cc(ccc1F)C2NC(=O)NC(=C2C(=O)Nc3ccc4[nH]ncc4c3)C,6.25
3193,CHEMBL3808840,CC1=C(C(NC(=O)N1)c2ccc(F)c(c2)C(=O)NCc3ccccc3)C(=O)Nc4ccc5[nH]ncc5c4,7.16
3195,CHEMBL3808621,CC1=C(C(NC(=O)N1)c2ccc(F)c(c2)C(=O)NCc3c(F)cccc3F)C(=O)Nc4ccc5[nH]ncc5c4,6.96
3196,CHEMBL3809965,COc1ccccc1CNC(=O)c2cc(ccc2F)C3NC(=O)NC(=C3C(=O)Nc4ccc5[nH]ncc5c4)C,7.24
3197,CHEMBL3810312,COc1cccc(CNC(=O)c2cc(ccc2F)C3NC(=O)NC(=C3C(=O)Nc4ccc5[nH]ncc5c4)C)c1,7.01
3198,CHEMBL3810073,COc1ccc(CNC(=O)c2cc(ccc2F)C3NC(=O)NC(=C3C(=O)Nc4ccc5[nH]ncc5c4)C)cc1,7.3
3201,CHEMBL3808565,CC1=C(C(NC(=O)N1)c2ccc(F)c(c2)C(=O)NCCc3ccncc3)C(=O)Nc4ccc5[nH]ncc5c4,7.08
3203,CHEMBL3810271,CC1=C(C(NC(=O)N1)c2ccc(F)c(c2)C(=O)NCc3c(Cl)cccc3Cl)C(=O)Nc4ccc5[nH]ncc5c4,5.17
3204,CHEMBL3809913,CC1=C(C(NC(=O)N1)c2ccc(F)c(c2)C(=O)NCc3c(C)cccc3C)C(=O)Nc4ccc5[nH]ncc5c4,5.24
3205,CHEMBL3808657,CC1=C(C(NC(=O)N1)c2ccc(F)c(c2)C(=O)NCc3cc(cc(c3)C(F)(F)F)C(F)(F)F)C(=O)Nc4ccc5[nH]ncc5c4,5.72
3206,CHEMBL3809697,CC1=C(C(NC(=O)N1)c2ccc(F)c(c2)C(=O)NCc3ncccc3C)C(=O)Nc4ccc5[nH]ncc5c4,6.82
3207,CHEMBL3808918,CC1=C(C(NC(=O)N1)c2ccc(F)c(c2)C(=O)NCCc3c(C)cccc3C)C(=O)Nc4ccc5[nH]ncc5c4,6.54
3208,CHEMBL3808499,CC1=C(C(NC(=O)N1)c2ccc(F)c(CC(=O)NCc3c(C)cccc3C)c2)C(=O)Nc4ccc5[nH]ncc5c4,6.35
3209,CHEMBL3809604,CC1=C(C(NC(=O)N1)c2ccc(F)c(CC(=O)NCc3c(cccc3C(F)(F)F)C(F)(F)F)c2)C(=O)Nc4ccc5[nH]ncc5c4,6.4
3210,CHEMBL3809124,COc1cccc(OC)c1CNC(=O)Cc2cc(ccc2F)C3NC(=O)NC(=C3C(=O)Nc4ccc5[nH]ncc5c4)C,6.7
3211,CHEMBL3809584,CN(C(=O)C1=C(C)NC(=O)NC1c2ccc(F)c(c2)C(=O)NCc3c(C)cccc3C)c4ccc5[nH]ncc5c4,5.68
