,molecule_chembl_id,canonical_smiles,pchembl_value
0,fasudil,O=S(=O)(N1CCCNCC1)C1=CC=CC2=C1C=CN=C2,7.11
1,ripasudil,[H][C@]1(C)CNCCCN1S(=O)(=O)C1=CC=CC2=C1C(F)=CN=C2,7.72124624
2,CHEMBL3689429,Nc1cc(CN2CCCC(C2)Nc3ccc4[nH]ncc4c3)ccc1Cl,7.53
3,CHEMBL3647974,C(N1C2CCC1CC(C2)Nc3ccc4[nH]ncc4c3)c5ccccc5,7.54
4,CHEMBL1215527,CN(C)CCOc1cc(c(F)cc1NC(=O)[C@H]2Cc3ccccc3CN2CC4CC4)c5cn[nH]c5,7.54
5,CHEMBL3700967,COc1ccc(cc1C)C(=O)N[C@H](C)c2cccc(c2)C(=O)Nc3nc4CCN(C)Cc4s3,7.54
6,CHEMBL3704377,Cc1nc(sc1C(=O)N2CCC[C@@H]2c3cccc(c3)C(=O)Nc4nc5CC[C@@H](Cc5s4)N6CCOCC6)c7ccncc7,7.54
7,CHEMBL1682357,C(c1ccccc1)c2cc(on2)c3ccc4[nH]ncc4c3,7.55
8,CHEMBL3680726,CN1CCc2ccc(NC(=O)c3cccc(CNC(=O)c4cccc(c4)c5cccnc5)c3)cc2C1,7.55
9,CHEMBL1215453,COc1ccc2CN[C@H](Cc2c1)C(=O)Nc3ccc(c(F)c3OCCN(C)C)c4cn[nH]c4,7.55
10,CHEMBL1085082,Clc1cc2C(=O)NC=Cc2cc1NC(=O)C3CCNCC3,7.55
11,CHEMBL591285,NCC1CCN(CC1)c2nc(cnc2N3CCCC3)c4ccncc4,7.55
12,CHEMBL517561,Nc1nccc(n1)c2ccc3nc(oc3c2)C4COc5ccc(F)cc5C4,7.55
13,CHEMBL3680761,CN1CCc2ccc(NC(=O)c3cccc(CNC(=O)c4ccc5C(=O)NC=Cc5n4)c3)cc2C1,7.56
14,CHEMBL455659,C1Oc2ccccc2CC1c3nc4ccc(cc4[nH]3)c5cn[nH]c5,7.57
15,CHEMBL3426631,CCCCOC(=O)c1cccc(NC(=O)c2cccc(c2)c3cc(ccc3CN)C(=O)Nc4ccncc4F)c1,7.57
16,CHEMBL2333891,CN(CCO)c1nc(nc2ccc(cc12)c3cn[nH]c3)[C@@H](N)Cc4cccc(F)c4,7.57
17,CHEMBL2333889,CN(CCO)c1nc(nc2ccc(cc12)c3cn[nH]c3)[C@H](N)Cc4cccc(F)c4,7.57
18,CHEMBL2023842,NCCCC[C@@H](NC(=O)CCCCCCCN1CCCN(CC1)S(=O)(=O)c2cccc3cnccc23)C(=O)NCCCCCC(=O)N[C@H](CCCNC(=N)N)C(=O)N[C@H](CCCNC(=N)N)C(=O)N,7.57
19,CHEMBL454624,Nc1nccc(n1)c2ccc3nc(oc3c2)C4COc5ccccc5C4,7.57
20,CHEMBL3704385,O=C(Nc1ccc(cc1)C#N)OCc2cccc(c2)C(=O)Nc3nc4CC[C@@H](Cc4s3)NCCC#N,7.57
21,CHEMBL1081196,CCN(Cc1cccc(OC)c1)C(=O)c2nc3ccc(cc3s2)c4cn[nH]c4,7.59
22,CHEMBL1084107,CN(C)C(C(=O)Nc1cc2C=CNC(=O)c2cc1Cl)c3ccccc3,7.59
23,CHEMBL3680723,CN1CCc2ccc(NC(=O)c3cccc(CNC(=O)c4ccc(cc4)c5ocnc5)c3)cc2C1,7.59
24,CHEMBL3680764,CN1CCc2ccc(NC(=O)c3cccc(CNC(=O)c4nnn(c4C)c5nonc5N)c3)cc2C1,7.59
25,CHEMBL3704392,CN1CCc2nc(NC(=O)c3cccc(c3)[C@H]4CCCN4C(=O)c5cn6cc(ccc6n5)C#N)sc2C1,7.59
26,CHEMBL3402441,COc1ccccc1CNC(=O)Nc2ccc(cc2)c3cn[nH]c3,7.59
27,CHEMBL1084105,Clc1cc2C(=O)NC=Cc2cc1NC(=O)C3CNCC3c4ccncc4,7.59
28,CHEMBL3689439,NC(=O)Cn1ccc2ccc(CN3CCCC(C3)Nc4ccc5[nH]ncc5c4)cc12,7.59
29,CHEMBL1085141,NC(C(=O)Nc1cc2C=CNC(=O)c2cc1Cl)c3ccccc3,7.59
30,CHEMBL1214929,NCCNc1nc(cc2cnccc12)c3ccncc3,7.59
31,CHEMBL1222418,CC(C)N[C@@H](C1CCCCC1)C(=O)Nc2cc3C=CNC(=O)c3cc2Cl,7.6
32,CHEMBL3680702,CN1CCc2ccc(NC(=O)c3cccc(CNC(=O)c4cn5cc(ccc5n4)C(=O)N)c3)cc2C1,7.6
33,CHEMBL1215377,COCCOc1cc(ccc1NC(=O)[C@H]2Cc3cc(OC)ccc3CN2)c4cn[nH]c4,7.6
34,CHEMBL1080138,Cc1n[nH]cc1c2ccc3nc(sc3c2)C4COc5ccccc5C4,7.6
35,CHEMBL1215022,NC(C(=O)Nc1ccc(cc1)c2cn[nH]c2)c3ccc(Cl)cc3,7.6
36,CHEMBL455658,O=C(Nc1ccc(cc1)c2cn[nH]c2)C3COc4ccccc4C3,7.6
37,CHEMBL104264,Brc1ccc(\C=C\CNCCNS(=O)(=O)c2cccc3cnccc23)cc1,7.62
38,CHEMBL3238167,C1CNCCN(C1)c2cncc(n2)c3ccc4[nH]ncc4c3,7.62
39,CHEMBL3680758,CCn1c(cc2ccc(cc12)C#N)C(=O)NCc3cccc(c3)C(=O)Nc4ccc5CCN(C)Cc5c4,7.62
40,CHEMBL518665,COC(=O)c1ccc2OCC(Cc2c1)c3oc4cc(ccc4n3)c5ccnc(N)n5,7.62
41,CHEMBL1922027,COc1cccc(CNC(=O)c2cc3ccc(cc3n2CCCO)c4cn[nH]c4)c1,7.62
42,CHEMBL1922039,COc1cccc(CNC(=O)c2cc3ccc(nc3n2CCCO)c4cn[nH]c4)c1,7.62
43,CHEMBL2332082,O=C(CCc1ccccc1)Nc2ccc(cc2)c3cn[nH]c3,7.62
44,CHEMBL3704393,O=C(COc1cccc(c1)C(=O)Nc2nc3CCC(Cc3s2)N4CCN(CC4)C5CC5)Nc6ccc(cc6)C#N,7.62
45,CHEMBL3700902,CN1CCc2nc(NC(=O)c3cccc(OCC(=O)Nc4ccc(cc4)C#N)c3)sc2C1,7.63
46,CHEMBL3338838,CC(C)(N)CNc1nc(nc2cnccc12)c3ccc4[nH]ncc4c3,7.64
47,CHEMBL3700910,CC[C@@H](NC(=O)Nc1ccc(cc1)C#N)c2cccc(c2)C(=O)Nc3nc4CCN(C)Cc4s3,7.64
48,CHEMBL1215170,CN(C)CCOc1cc(ccc1NC(=O)[C@@H]2Cc3cc(Cl)ccc3CN2)c4cn[nH]c4,7.64
49,CHEMBL1215455,COc1ccc2CN[C@H](Cc2c1)C(=O)Nc3c(F)cc(cc3OCCN(C)C)c4cn[nH]c4,7.64
50,CHEMBL455446,Nc1nccc(n1)c2ccc3nc([nH]c3c2)C4COc5ccc(cc5C4)C(=O)NCc6ccccc6,7.64
51,CHEMBL3700914,O=C(Nc1cccc(c1)C#N)N2CCC[C@@H]2c3cccc(c3)C(=O)Nc4ccc(CCN5CCOCC5)cc4,7.64
52,CHEMBL2334289,O=C1NC(=Nc2ccc(cc12)c3ccncc3)[C@@H]4CNC[C@H]4c5ccccc5,7.64
53,CHEMBL3700904,CCCC[C@@H](NC(=O)Nc1cccc(c1)C#N)c2cccc(c2)C(=O)Nc3nc4CCN(C)Cc4s3,7.65
54,CHEMBL3680791,CN1CCc2ccc(NC(=O)c3cccc(CNC(=O)c4ccc5NC(=O)C=Cc5c4)c3)cc2C1,7.65
55,CHEMBL3700949,CN1CCc2ccc(NC(=O)c3cccc(c3)C4CCCN4C(=O)Nc5cccc(c5)C#N)cc2C1,7.65
56,CHEMBL3639795,CN1CCc2nc(NC(=O)c3cccc(CNC(=O)c4cccc(c4)c5cccnc5)c3)sc2C1,7.65
57,CHEMBL3700961,C[C@@H](NC(=O)Nc1ccc(cc1)C#N)c2cccc(c2)C(=O)Nc3nc4CCN(C)Cc4s3,7.65
58,CHEMBL3793243,CC(C)(C)C(=O)OCc1ccc(cc1)C(CN)C(=O)Nc2ccc3cnccc3c2,7.66
59,CHEMBL2440748,CCCCCCOC(=O)c1cccc(c1)c2cc(ccc2CN)C(=O)Nc3ccncc3,7.66
60,CHEMBL1215023,CN(C)CCOc1cc(ccc1NC(=O)C(N)c2ccc(Cl)cc2)c3cn[nH]c3,7.66
61,CHEMBL481684,COC(=O)c1ccc2OCC(Cc2c1)C(=O)Nc3ccc(cc3)c4cn[nH]c4,7.66
62,CHEMBL1684215,COc1ccc2OCC(Cc2c1)c3nc(N(C)CCO)c4cc(ccc4n3)c5cn[nH]c5,7.66
63,CHEMBL3700913,CN1CCc2nc(NC(=O)c3cccc(c3)[C@H]4CNC[C@@H]4C(=O)Nc5ccc(cc5)C#N)sc2C1,7.67
64,CHEMBL598963,C1CCN(C1)c2ncc(nc2N3CCCNCC3)c4ccnc5[nH]ccc45,7.68
65,CHEMBL509011,C1Oc2ccccc2CC1c3oc4cc(ccc4n3)c5cn[nH]c5,7.68
66,CHEMBL3700960,CN1CCc2nc(NC(=O)c3cccc(c3)[C@H]4CCCN4C(=O)c5ccc6NC(=O)C=Cc6c5)sc2C1,7.68
67,CHEMBL1684223,COc1ccc2OCC(Cc2c1)C3=Nc4c(cc(cc4C(=O)N3)c5cn[nH]c5)N(C)CCN(C)C,7.68
68,CHEMBL3700947,O=C(Nc1cccc(c1)C#N)N2CCCC2c3cccc(c3)C(=O)Nc4nc5CCN(Cc6ccccc6)Cc5s4,7.68
69,CHEMBL3647976,OCCOc1cccc(CN2C3CCC2CC(C3)Nc4ccc5[nH]ncc5c4)c1,7.68
70,CHEMBL1079920,CN(C)CCNC(=O)c1ccc2OCC(Cc2c1)c3nc4ccc(cc4s3)c5cn[nH]c5,7.7
71,CHEMBL3647975,Cc1ccc(CN2C3CCC2CC(C3)Nc4ccc5[nH]ncc5c4)cc1,7.7
72,CHEMBL3338842,NCCNc1nc(nc2ccccc12)c3ccc4[nH]ncc4c3,7.7
73,CHEMBL2440751,NCc1ccc(cc1c2cccc(c2)C(=O)OC3CCCCC3)C(=O)Nc4ccncc4,7.7
74,CHEMBL2333885,NCc1cccc(c1)C(=O)NC(C2=Nc3ccc(cc3C(=O)N2)c4cn[nH]c4)c5ccc(Cl)cc5,7.7
75,CHEMBL1222416,N[C@@H](C1CCCCC1)C(=O)Nc2cc3C=CNC(=O)c3cc2Cl,7.7
76,CHEMBL3218009,Nc1cccc(CNC(=O)Nc2nc(cs2)c3ccncc3)c1,7.7
77,CHEMBL3680700,CN1CCc2ccc(NC(=O)c3cccc(CNC(=O)c4cn5ccc(cc5n4)C#N)c3)cc2C1,7.71
78,CHEMBL1682342,C(Cc1cn(nn1)c2ccc3[nH]ncc3c2)c4ccccc4,7.72
79,CHEMBL1222413,CC(C)C[C@@H](N)C(=O)Nc1cc2C=CNC(=O)c2cc1Cl,7.72
80,CHEMBL1922134,CCN(Cc1cccc(OC)c1)C(=O)c2c[nH]c3nc(ccc23)c4cn[nH]c4,7.72
81,CHEMBL2333910,CCOc1ccc(C[C@H](N)C2=Nc3ccc(cc3C(=O)N2)c4cn[nH]c4)cc1,7.72
82,CHEMBL3700905,CN1CCc2nc(NC(=O)c3cccc(c3)N4CCC[C@@H]4C(=O)Nc5ccc(cc5)C#N)sc2C1,7.72
83,CHEMBL3704389,C[C@@H](NC(=O)Nc1cccc(c1)C#N)c2cccc(c2)C(=O)Nc3ccc4CCN(C)Cc4c3,7.72
84,CHEMBL3426621,C[C@H]1CNCCCN1S(=O)(=O)c2cccc3cncc(F)c23,7.72
85,CHEMBL1084106,Clc1cc2C(=O)NC=Cc2cc1NC(=O)C(NC3CC3)c4ccccc4,7.72
86,CHEMBL3700915,O=C(Nc1cccc(c1)C#N)N2CCC[C@@H]2c3cccc(c3)C(=O)Nc4ccc(CCN5CCCC5)cc4,7.72
87,CHEMBL3680730,CN1CCc2ccc(NC(=O)c3cccc(CNC(=O)c4ccc(s4)c5cccnc5)c3)cc2C1,7.73
88,CHEMBL3704371,CN1CCc2nc(NC(=O)c3cccc(c3)C4CCCCN4C(=O)Nc5ccc(cc5)C#N)sc2C1,7.73
89,CHEMBL1682341,C(c1ccccc1)c2cn(nn2)c3ccc4[nH]ncc4c3,7.75
90,CHEMBL1215525,CN(C)CCOc1cc(c(F)cc1NC(=O)[C@H]2Cc3ccccc3CN2C)c4cn[nH]c4,7.75
91,CHEMBL3680795,CN1CCc2ccc(NC(=O)c3cccc(CNC(=O)c4ccc5NC(=O)CCc5c4)c3)cc2C1,7.75
92,CHEMBL1922044,COc1cccc(CN(CCN2CCCC2)C(=O)c3cc4ccc(nc4[nH]3)c5cn[nH]c5)c1,7.75
93,CHEMBL1923183,COc1cccc(CNC(=O)c2nc3cc(ccc3s2)c4cc[nH]n4)c1,7.75
94,CHEMBL1081193,COc1cccc(CNC(=O)c2nc3ccc(cc3s2)c4cn[nH]c4)c1,7.75
95,CHEMBL1682355,Clc1ccc(Cl)c(Cn2cc(nn2)c3ccc4[nH]ncc4c3)c1,7.75
96,CHEMBL1215021,NC(Cc1ccc(Cl)cc1)C(=O)Nc2ccc(cc2)c3cn[nH]c3,7.75
97,CHEMBL2023839,NCCCC[C@@H](NC(=O)CCNC(=O)CNCC(=O)NCCNS(=O)(=O)c1cccc2cnccc12)C(=O)NCCCCCC(=O)N[C@H](CCCNC(=N)N)C(=O)N[C@H](CCCNC(=N)N)C(=O)N[C@H](CCCNC(=N)N)C(=O)N[C@H](CCCNC(=N)N)C(=O)N[C@H](CCCNC(=N)N)C(=O)N[C@H](CCCNC(=N)N)C(=O)N,7.75
98,CHEMBL2333884,NCc1ccc(cc1)C(=O)NC(C2=Nc3ccc(cc3C(=O)N2)c4cn[nH]c4)c5ccc(Cl)cc5,7.75
99,CHEMBL1684205,O=C(C1CC1)c2ccc3OCC(Cc3c2)C4=Nc5ccc(cc5C(=O)N4)c6cn[nH]c6,7.75
100,CHEMBL589359,O=C(NCc1cccc(c1)C(=O)NCCC2CCCNC2)Nc3ccc(cc3)C#N,7.75
101,CHEMBL3402465,O=C(NCc1ccccc1)Nc2ccc(cc2)c3cn[nH]c3,7.75
102,CHEMBL3700939,O=C(Nc1cccc(c1)C#N)N2CCCC2c3cccc(c3)C(=O)Nc4ccc5CCNCc5c4,7.75
103,CHEMBL604934,C1CCN(C1)c2ncc(nc2N3CCNCC3)c4ccnc5[nH]ccc45,7.77
104,CHEMBL3680744,CN1CCc2ccc(NC(=O)c3cccc(CNC(=O)c4cc5ccc(cc5n4C)C#N)c3)cc2C1,7.77
105,CHEMBL3680743,CN1CCc2nc(NC(=O)c3cccc(CNC(=O)N4CCc5c(cccc45)C#N)c3)sc2C1,7.77
106,CHEMBL2332066,COCCN(Cc1cccc(OC)c1)C(=O)Nc2ccc(cc2)c3cn[nH]c3,7.77
107,CHEMBL514172,COc1cc(NC(=O)C2COc3ccccc3C2)c(F)cc1c4cn[nH]c4,7.77
108,CHEMBL1215380,COc1ccc2CN[C@H](Cc2c1)C(=O)Nc3ccc(cc3SCCN(C)C)c4c[nH]nc4C,7.77
109,CHEMBL3402445,Clc1cccc(CNC(=O)Nc2ccc(cc2)c3cn[nH]c3)c1,7.77
110,CHEMBL3704379,O=C(Nc1nc2CC[C@@H](Cc2s1)N3CCOCC3)c4cccc(c4)[C@H]5CCCN5C(=O)c6ccc(cc6)c7ccncc7,7.77
111,CHEMBL3613609,CN(C)CC1(CCN(CC1)c2ncnc3[nH]cc(C)c23)C(=O)Nc4cccc(c4)C(=O)OCC#C,7.8
112,CHEMBL481735,CN(C)CCOc1cc(ccc1NC(=O)C2COc3ccc(C)cc3C2)c4cn[nH]c4,7.8
113,CHEMBL3700948,CN1CCc2nc(NC(=O)c3cccc(c3)[C@H]4CCCN4C(=O)c5csc(n5)c6ccncc6)sc2C1,7.8
114,CHEMBL1684224,COc1ccc2OCC(Cc2c1)C3=Nc4c(OCCN(C)C)cc(cc4C(=O)N3)c5cn[nH]c5,7.8
115,CHEMBL1922143,COc1cccc(CNC(=O)c2[nH]c3nc(ccc3c2CN4CCOCC4)c5cn[nH]c5)c1,7.8
116,CHEMBL3793245,NC[C@H](C(=O)Nc1ccc2cnccc2c1)c3ccccc3,7.8
117,CHEMBL2334284,N[C@H](Cc1cccc(c1)C(F)(F)F)C2=Nc3ccc(cc3C(=O)N2)c4cn[nH]c4,7.8
118,CHEMBL1682358,Nc1n[nH]c2ccc(cc12)c3onc(Cc4ccccc4)c3,7.8
119,CHEMBL3680754,CN1CCc2nc(NC(=O)c3cccc(CNC(=O)c4ccc(s4)c5cccnc5)c3)sc2C1,7.81
120,CHEMBL3689393,C(N1CCCC(C1)Nc2ccc3[nH]ncc3c2)c4ccc5occc5c4,7.82
121,CHEMBL1215524,CN(C)CCOc1cc(c(F)cc1NC(=O)[C@H]2Cc3ccccc3CN2)c4cn[nH]c4,7.82
122,CHEMBL3700933,CN1CCc2nc(NC(=O)c3cccc(c3)[C@H]4CCCN4C(=O)Nc5ccc(cc5)C#N)sc2C1,7.82
123,CHEMBL1215379,COc1ccc2CN[C@H](Cc2c1)C(=O)Nc3ccc(cc3SCCN(C)C)c4cn[nH]c4,7.82
124,CHEMBL3218276,COc1cccc(CN(C)C(=O)Nc2nc(cs2)c3ccncc3)c1,7.82
125,CHEMBL1682354,Clc1cccc(Cn2cc(nn2)c3ccc4[nH]ncc4c3)c1Cl,7.82
126,CHEMBL480746,Fc1cc(NC(=O)C2COc3ccccc3C2)cc(F)c1c4cn[nH]c4,7.82
127,CHEMBL1083115,NC(C(=O)Nc1cc2C=CNC(=O)c2cc1Cl)c3cccc(Cl)c3,7.82
128,CHEMBL1222571,N[C@@H]1CC[C@@H](CC1)C(=O)Nc2cc3C=CNC(=O)c3cc2Cl,7.82
129,CHEMBL3680796,CN1CCc2ccc(NC(=O)c3cccc(CNC(=O)c4cccc(c4)n5ccnc5)c3)cc2C1,7.84
130,CHEMBL3680757,CN1CCc2nc(NC(=O)c3cccc(CNC(=O)c4ccc(s4)c5oc(C)nc5)c3)sc2C1,7.84
131,CHEMBL3700952,CN1CCc2nc(NC(=O)c3cccc(c3)[C@H]4CCCN4C(=O)c5ccc(cc5)n6ccnc6)sc2C1,7.84
132,CHEMBL3338840,C1CN(CCN1)c2nc(nc3ccccc23)c4ccc5[nH]ncc5c4,7.85
133,CHEMBL3338839,C1CN(CCN1)c2nc(nc3cnccc23)c4ccc5[nH]ncc5c4,7.85
134,CHEMBL2333904,CCN[C@H](Cc1ccc(Cl)cc1)C2=Nc3ccc(cc3C(=O)N2)c4cn[nH]c4,7.85
135,CHEMBL591116,CN(C)Cc1ccc(NC(=O)c2cccc(CNC(=O)Nc3ccc(cc3)C(=O)N)c2)cc1,7.85
136,CHEMBL3704386,COc1ccc(cc1Cl)C(=O)N[C@H](C)c2cccc(c2)C(=O)Nc3ccc4CCN(C)Cc4c3,7.85
137,CHEMBL1215454,COc1ccc2CN[C@H](Cc2c1)C(=O)Nc3cc(F)c(cc3OCCN(C)C)c4cn[nH]c4,7.85
138,CHEMBL3221812,COc1ccc2OC[C@@H](Cc2c1)C(=O)Nc3ccc(cc3O[C@@H]4CCN(C)C4)c5cn[nH]c5,7.85
139,CHEMBL1083800,Clc1cc2C(=O)NC=Cc2cc1NC(=O)C3CNCC3c4ccccn4,7.85
140,CHEMBL1081174,Fc1cc(cc2sc(nc12)C3COc4ccccc4C3)c5cn[nH]c5,7.85
141,CHEMBL3680704,N[C@@H]1CCc2nc(NC(=O)c3cccc(CNC(=O)c4ccc(cc4)c5csnn5)c3)sc2C1,7.85
142,CHEMBL590810,O=C(NCc1cccc(c1)C(=O)Nc2ccc3CCNCc3c2)Nc4ccc(cc4)C#N,7.85
143,CHEMBL2332075,OCCN(Cc1ccccc1)C(=O)Nc2ccc(cc2F)c3cn[nH]c3,7.85
144,CHEMBL2147538,CC(C)(N)CNc1nc(cc2cnccc12)c3ccncc3,7.89
145,CHEMBL3700944,CN1CCc2nc(NC(=O)c3cccc(c3)[C@H]4CCCN4C(=O)c5csc(n5)c6cccnc6)sc2C1,7.89
146,CHEMBL3700964,COc1ccc(cc1Cl)C(=O)N[C@H](C)c2cccc(c2)C(=O)Nc3nc4CCN(C)Cc4s3,7.89
147,CHEMBL2332071,COc1cccc(CN(CCN2CCOCC2)C(=O)Nc3ccc(cc3)c4cn[nH]c4)c1,7.89
148,CHEMBL3402449,COc1cccc(CNC(=O)Nc2ccc(cc2)c3ccnc(N)n3)c1,7.89
149,CHEMBL239816,NC(C(=O)N1CCC(CC1)Nc2ccc3[nH]ncc3c2)c4ccc(Br)cc4,7.89
150,CHEMBL2333894,NC(C1=Nc2ccc(cc2C(=O)N1)c3cn[nH]c3)c4cccc(Cl)c4,7.89
151,CHEMBL2440755,NCc1ccc(cc1c2cccc(c2)C(=O)OCC3CCCC3)C(=O)Nc4ccncc4F,7.89
152,CHEMBL2333913,N[C@H](Cc1cccc(Cl)c1)C2=Nc3ccc(cc3C(=O)N2)c4cn[nH]c4,7.89
153,CHEMBL3700921,CN1CCc2nc(NC(=O)c3cccc(c3)[C@H]4CCCN4C(=O)c5sc(nc5C)c6ccncc6)sc2C1,7.9
154,CHEMBL3700976,O=C(Nc1cccc(c1)C#N)N2CCC[C@@H]2c3cccc(c3)C(=O)Nc4nc5CCN(Cc6ccccc6)Cc5s4,7.9
155,CHEMBL3680747,CN1CCc2ccc(NC(=O)c3cccc(CNC(=O)c4cc5cc(ccc5n4C)C(=O)N)c3)cc2C1,7.91
156,CHEMBL1223498,CC(C)[C@H](N)C(=O)Nc1cc2C=CNC(=O)c2cc1Cl,7.92
157,CHEMBL3680803,CN1CCc2ccc(NC(=O)c3cccc(CNC(=O)c4nc(cs4)c5cccnc5)c3)cc2C1,7.92
158,CHEMBL3680732,CN1CCc2nc(NC(=O)c3cccc(CNC(=O)c4cn5ccc(cc5n4)C#N)c3)sc2C1,7.92
159,CHEMBL3704390,CN1CCc2nc(NC(=O)c3cccc(c3)[C@H]4CCCN4C(=O)c5cn6ccc(cc6n5)C#N)sc2C1,7.92
160,CHEMBL1084892,CNC(C(=O)Nc1cc2C=CNC(=O)c2cc1Cl)c3ccccc3,7.92
161,CHEMBL481889,COc1cc(NC(=O)C2COc3ccc(C)cc3C2)ccc1c4cn[nH]c4,7.92
162,CHEMBL3218277,C[C@@H](NC(=O)Nc1nc(cs1)c2ccncc2)c3ccccc3,7.92
163,CHEMBL406821,C[C@H]1CNCCCN1S(=O)(=O)c2cccc3cncc(C)c23,7.92
164,CHEMBL2440738,NCc1ccc(cc1c2cccc(c2)C(=O)OCC3CCCCO3)C(=O)Nc4ccncc4F,7.92
165,CHEMBL2334286,N[C@@H](Cc1ccccc1)C2=Nc3ccc(cc3C(=O)N2)c4cn[nH]c4,7.92
166,CHEMBL1215020,N[C@H](Cc1cccc(F)c1)C(=O)Nc2ccc(cc2)c3cn[nH]c3,7.92
167,CHEMBL2331562,OCCN(Cc1ccccc1)C(=O)Nc2ccc(cc2)c3cn[nH]c3,7.92
168,CHEMBL3700943,O=C(Nc1cccc(c1)C#N)N2CCC[C@@H]2c3cccc(c3)C(=O)Nc4ccc5CCNCc5c4,7.94
169,CHEMBL3700953,CN1CCc2nc(NC(=O)c3cccc(c3)[C@H]4CCCN4C(=O)c5ccc(cc5)c6ocnc6)sc2C1,7.95
170,CHEMBL1080137,C1Oc2ccccc2CC1c3nc4ccc(cc4s3)c5cn[nH]c5,7.96
171,CHEMBL1084554,CC(C)(C)c1cccc(c1)C2CNCC2C(=O)Nc3cc4C=CNC(=O)c4cc3Cl,7.96
172,CHEMBL3338837,CC(C)(N)CNc1nc(nc2cnccc12)c3ccncc3,7.96
173,CHEMBL3700971,CCCC[C@@H](NC(=O)c1ccc(OC)c(OC)c1)c2cccc(c2)C(=O)Nc3nc4CCN(C)Cc4s3,7.96
174,CHEMBL1215526,CCN1Cc2ccccc2C[C@@H]1C(=O)Nc3cc(F)c(cc3OCCN(C)C)c4cn[nH]c4,7.96
175,CHEMBL3680724,CN1CCc2ccc(NC(=O)c3cccc(CNC(=O)c4cn5ccc(cc5n4)C(=O)N)c3)cc2C1,7.96
176,CHEMBL3680763,CN1CCc2nc(NC(=O)c3cccc(CNC(=O)c4cc5cc(ccc5n4C)C#N)c3)sc2C1,7.96
177,CHEMBL3426625,COC(=O)Cc1ccc(NC(=O)c2cccc(c2)c3cc(ccc3CN)C(=O)Nc4ccncc4F)cc1,7.96
178,CHEMBL3613612,COC(=O)c1cccc(NC(=O)C2(CN(C)C)CCN(CC2)c3ccnc4[nH]ncc34)c1,7.96
179,CHEMBL1684227,COc1ccc2CCC(Cc2c1)C3=Nc4c(OC)cc(cc4C(=O)N3)c5cn[nH]c5,7.96
180,CHEMBL1922032,COc1cccc(CN(CCN2CCCC2)C(=O)c3cc4ccc(cc4[nH]3)c5cn[nH]c5)c1,7.96
181,CHEMBL3218006,COc1cccc(CNC(=O)Nc2nc(cs2)c3ccncc3)c1,7.96
182,CHEMBL1082820,Clc1ccc(cc1)[C@H]2CNC[C@@H]2C(=O)Nc3cc4C=CNC(=O)c4cc3Cl,7.96
183,CHEMBL3700909,N[C@H]1CCc2nc(NC(=O)c3cccc(OCC(=O)Nc4ccc(cc4)C#N)c3)sc2C1,7.96
184,CHEMBL3704387,COc1ccc(cc1C)C(=O)N[C@H](C)c2cccc(c2)C(=O)Nc3ccc4CCN(C)Cc4c3,7.98
185,CHEMBL525385,NCCCC[C@@H](NC(=O)CCCCCNC(=O)[C@H]1O[C@H]([C@H](O)[C@@H]1O)n2cnc3c(N)ncnc23)C(=O)NCCCCCC(=O)N[C@H](CCCNC(=N)N)C(=O)N[C@H](CCCNC(=N)N)C(=O)N[C@H](CCCNC(=N)N)C(=O)N[C@H](CCCNC(=N)N)C(=O)N[C@H](CCCNC(=N)N)C(=O)N[C@H](CCCNC(=N)N)C(=O)N,7.98
186,CHEMBL3793368,COc1cc(ccc1O)C(CN)C(=O)Nc2ccc3cnccc3c2,7.99
187,CHEMBL2023843,NCCCC[C@@H](NC(=O)CCCCCCCN1CCCN(CC1)S(=O)(=O)c2cccc3cnccc23)C(=O)NCCCCCC(=O)N[C@H](CCCNC(=N)N)C(=O)N[C@H](CCCNC(=N)N)C(=O)N[C@H](CCCNC(=N)N)C(=O)N[C@H](CCCNC(=N)N)C(=O)N[C@H](CCCNC(=N)N)C(=O)N[C@H](CCCNC(=N)N)C(=O)N,7.99
188,CHEMBL3356433,CN(C)C(=O)Oc1cccc(NC(=O)C2(CN)CCN(CC2)c3ncnc4[nH]cc(C)c34)c1,8.0
189,CHEMBL3700940,CN(C)[C@H]1CCc2nc(NC(=O)c3cccc(c3)[C@H]4CCCN4C(=O)c5sc(nc5C)c6ccncc6)sc2C1,8.0
190,CHEMBL3680717,CN1CCc2ccc(NC(=O)c3cccc(CNC(=O)c4ccc(cc4)n5ccnc5)c3)cc2C1,8.0
191,CHEMBL1081001,COCCN(Cc1cccc(OC)c1)C(=O)c2nc3ccc(cc3s2)c4cn[nH]c4,8.0
192,CHEMBL1215237,COc1ccc2CN[C@@H](Cc2c1)C(=O)Nc3ccc(cc3OCCN(C)C)c4cn[nH]c4,8.0
193,CHEMBL1922033,COc1cccc(CN(CCCN(C)C)C(=O)c2cc3ccc(cc3[nH]2)c4cn[nH]c4)c1,8.0
194,CHEMBL3793353,C[C@@H](N)[C@@H]1CC[C@H](CC1)C(=O)Nc2ccnc3[nH]ccc23,8.0
195,CHEMBL3647977,Cc1ccc(CN2C3CCC2CC(C3)Nc4ccc5[nH]ncc5c4)cc1OCCO,8.0
196,CHEMBL482309,Cc1ccc2OCC(Cc2c1)C(=O)Nc3ccc(cc3)c4cn[nH]c4,8.0
197,CHEMBL2333893,NC(C1=Nc2ccc(cc2C(=O)N1)c3cn[nH]c3)c4ccc(Cl)cc4,8.0
198,CHEMBL3680718,N[C@@H]1CCc2nc(NC(=O)c3cccc(CNC(=O)c4cccc(c4)c5cccnc5)c3)sc2C1,8.0
199,CHEMBL2333914,N[C@H](Cc1cccc(F)c1)C2=Nc3ccc(cc3C(=O)N2)c4cn[nH]c4,8.0
200,CHEMBL3218278,OC[C@@H](NC(=O)Nc1nc(cs1)c2ccncc2)c3ccccc3,8.0
201,CHEMBL3680706,CN1CCc2ccc(NC(=O)c3cccc(CNC(=O)c4csc(n4)c5cccnc5)c3)cc2C1,8.01
202,CHEMBL3680697,CN1CCc2nc(NC(=O)c3cccc(CNC(=O)c4ccc(cc4)n5nnnc5C)c3)sc2C1,8.01
203,CHEMBL3704396,CN1CCc2nc(NC(=O)c3cccc(c3)[C@H](NC(=O)Nc4cccc(c4)C#N)C5CC5)sc2C1,8.01
204,CHEMBL3704370,COc1ccc(cc1C)C(=O)N2CCC[C@@H]2c3cccc(c3)C(=O)Nc4nc5CC[C@@H](Cc5s4)N6CCOCC6,8.01
205,CHEMBL3700979,CN1CCc2ccc(NC(=O)c3cccc(c3)[C@H]4CCCN4C(=O)Nc5cccc(c5)C#N)cc2C1,8.02
206,CHEMBL3680782,CN1CCc2nc(NC(=O)c3cccc(CNC(=O)c4cnc(s4)c5ccnc(C)c5)c3)sc2C1,8.02
207,CHEMBL3704394,C[C@@H](NC(=O)Nc1ccc(cc1)C(=O)N)c2cccc(c2)C(=O)Nc3ccc4CCN(C)Cc4c3,8.02
208,CHEMBL3680720,CN1CCc2nc(NC(=O)c3cccc(CNC(=O)c4nnn(c4C)c5nonc5N)c3)sc2C1,8.03
209,CHEMBL1215594,CCN1Cc2ccc(OC)cc2C[C@@H]1C(=O)Nc3cc(F)c(cc3OCCN(C)C)c4cn[nH]c4,8.05
210,CHEMBL3613600,COC(=O)c1cccc(NC(=O)C2(CN(C)C)CCN(CC2)c3ncnc4[nH]cc(C)c34)c1,8.05
211,CHEMBL2333895,COc1cc(cc2C(=O)NC(=Nc12)C(N)c3ccc(Cl)cc3)c4cn[nH]c4,8.05
212,CHEMBL3704384,COc1ccc(cc1OC)C(=O)N[C@H](C)c2cccc(c2)C(=O)Nc3ccc4CCN(C)Cc4c3,8.05
213,CHEMBL1922130,COc1cccc(CN(C)C(=O)c2cn(CCN(C)C)c3cc(ccc23)c4cn[nH]c4)c1,8.05
214,CHEMBL1922138,COc1cccc(CNC(=O)c2[nH]c3cc(ccc3c2CN(C)C)c4cn[nH]c4)c1,8.05
215,CHEMBL3218282,COc1cccc(c1)[C@@H](C)NC(=O)Nc2nc(cs2)c3ccncc3,8.05
216,CHEMBL1923169,COc1ccccc1CNC(=O)c2c[nH]c3cc(ccc23)c4cn[nH]c4,8.05
217,CHEMBL453635,Cc1[nH]ncc1c2ccc3nc([nH]c3c2)C4COc5ccccc5C4,8.05
218,CHEMBL508975,Cc1[nH]ncc1c2ccc3nc(oc3c2)C4COc5ccccc5C4,8.05
219,CHEMBL1084110,Fc1ccc(cc1)C2CNCC2C(=O)Nc3cc4C=CNC(=O)c4cc3Cl,8.05
220,CHEMBL2333905,N[C@@H](Cc1ccc(F)cc1)C2=Nc3ccc(cc3C(=O)N2)c4cn[nH]c4,8.05
221,CHEMBL1079782,Nc1nccc(n1)c2ccc3nc(sc3c2)C4COc5ccccc5C4,8.05
222,CHEMBL3787112,Nc1ncnc2c1c(cn2[C@@H]3C[C@H](CN4CCC4)C3)c5cccc(O)c5,8.05
223,CHEMBL3700941,CN(C)[C@H]1CCc2nc(NC(=O)c3cccc(c3)[C@H]4CCCN4C(=O)c5nnn(c6nonc6N)c5c7ccccc7)sc2C1,8.06
224,CHEMBL3700945,CN1CCc2nc(NC(=O)c3cccc(c3)C4CCCN4C(=O)Nc5cccc(c5)C#N)sc2C1,8.06
225,CHEMBL3426641,COC(=O)c1cccc(NC(=O)c2cccc(c2)c3cc(ccc3CN)C(=O)Nc4ccncc4F)c1F,8.06
226,CHEMBL2440736,NCc1ccc(cc1c2cccc(c2)C(=O)OC3CCCOC3)C(=O)Nc4ccncc4F,8.06
227,CHEMBL3402474,CN(C)CCN(C)c1cc(ccc1NC(=O)NCc2ccccc2)c3cn[nH]c3,8.07
228,CHEMBL3700911,O=C(COc1cccc(c1)C(=O)Nc2nc3CC[C@@H](Cc3s2)N4CCOCC4)Nc5ccc(cc5)C#N,8.07
229,CHEMBL3704374,O=C(Nc1nc2CC[C@@H](Cc2s1)N3CCOCC3)c4cccc(c4)[C@H]5CCCN5C(=O)c6ccc(cc6)n7ccnc7,8.08
230,CHEMBL3680745,CN1CCc2ccc(NC(=O)c3cccc(CNC(=O)c4cc5cc(ccc5n4C)C#N)c3)cc2C1,8.09
231,CHEMBL3680725,CN1CCc2ccc(NC(=O)c3cccc(CNC(=O)c4cc5ccc(cc5[nH]4)C#N)c3)cc2C1,8.09
232,CHEMBL3680783,CN1CCc2ccc(NC(=O)c3cccc(CNC(=O)c4ccc(cc4)c5cc[nH]n5)c3)cc2C1,8.09
233,CHEMBL3402475,CC(C)N(Cc1ccccc1)C(=O)Nc2ccc(cc2)c3cn[nH]c3,8.1
234,CHEMBL3680699,CN1CCc2nc(NC(=O)c3cccc(CNC(=O)c4csc(n4)c5cccnc5)c3)sc2C1,8.1
235,CHEMBL3613603,COC(=O)COc1cccc(NC(=O)C2(CN(C)C)CCN(CC2)c3ncnc4[nH]cc(C)c34)c1,8.1
236,CHEMBL2333896,COc1cc(cc2C(=O)NC(=Nc12)C(N)c3cccc(Cl)c3)c4cn[nH]c4,8.1
237,CHEMBL2333907,COc1cc(cc2C(=O)NC(=Nc12)[C@@H](N)Cc3cccc(F)c3)c4cn[nH]c4,8.1
238,CHEMBL3700983,COc1ccc(cc1Cl)C(=O)N2CCC[C@@H]2c3cccc(c3)C(=O)Nc4nc5CC[C@@H](Cc5s4)N6CCOCC6,8.1
239,CHEMBL3402461,COc1cccc(CN(C)C(=O)Nc2ccc(cc2N(C)CCN(C)C)c3cn[nH]c3)c1,8.1
240,CHEMBL1922043,COc1cccc(CN(C2CC2)C(=O)c3cc4ccc(nc4[nH]3)c5cn[nH]c5)c1,8.1
241,CHEMBL1922142,COc1cccc(CNC(=O)c2[nH]c3nc(ccc3c2CN4CCN(C)CC4)c5cn[nH]c5)c1,8.1
242,CHEMBL1922137,COc1cccc(CNC(=O)c2cn(CCN3CCCC3)c4nc(ccc24)c5cn[nH]c5)c1,8.1
243,CHEMBL1084104,Clc1cc2C(=O)NC=Cc2cc1NC(=O)C3CNCC3c4cccnc4,8.1
244,CHEMBL1083799,Clc1ccc(C2CNCC2C(=O)Nc3cc4C=CNC(=O)c4cc3Cl)c(Cl)c1,8.1
245,CHEMBL1923172,Fc1ccc(CNC(=O)c2c[nH]c3cc(ccc23)c4cn[nH]c4)cc1F,8.1
246,CHEMBL2333906,N[C@H](Cc1ccc(F)cc1)C2=Nc3ccc(cc3C(=O)N2)c4cn[nH]c4,8.1
247,CHEMBL454654,Nc1nccc(n1)c2ccc3nc([nH]c3c2)C4COc5ccccc5C4,8.1
248,CHEMBL3704373,O=C(Nc1nc2CC[C@@H](Cc2s1)N3CCOCC3)c4cccc(c4)[C@H]5CCCN5C(=O)c6csc(n6)c7ccncc7,8.1
249,CHEMBL2440749,COC(=O)c1cccc(c1)c2cc(ccc2CN)C(=O)Nc3ccncc3F,8.11
250,CHEMBL3680705,N[C@H]1CCc2nc(NC(=O)c3cccc(CNC(=O)c4ccc(cc4)c5csnn5)c3)sc2C1,8.12
251,CHEMBL3700954,CN1CCc2nc(NC(=O)c3cccc(c3)[C@H]4CCCN4C(=O)c5cn6cc(ccc6n5)C(=O)N)sc2C1,8.13
252,CHEMBL3613605,COC(=O)c1ccc(NC(=O)C2(CN(C)C)CCN(CC2)c3ncnc4[nH]cc(C)c34)cc1,8.14
253,CHEMBL3704397,COCCN(C)C1CCc2nc(NC(=O)c3cccc(OCC(=O)Nc4ccc(cc4)C#N)c3)sc2C1,8.14
254,CHEMBL1222573,N[C@H]1CC[C@H](C1)C(=O)Nc2cc3C=CNC(=O)c3cc2Cl,8.14
255,CHEMBL510515,O=C(Nc1nc(cs1)c2ccncc2)C3COc4ccccc4O3,8.14
256,CHEMBL3426630,CC(C)OC(=O)c1cccc(NC(=O)c2cccc(c2)c3cc(ccc3CN)C(=O)Nc4ccncc4F)c1,8.16
257,CHEMBL1956071,CCn1c(nc2cncc(C(=O)N3CC[C@H](N)C3)c12)c4nonc4N,8.16
258,CHEMBL1215093,CN(C)CCOc1cc(ccc1NC(=O)[C@@H]2Cc3ccccc3CN2)c4cn[nH]c4,8.16
259,CHEMBL1215169,CN(C)CCOc1cc(ccc1NC(=O)[C@H]2Cc3cc(Cl)ccc3CN2)c4cn[nH]c4,8.16
260,CHEMBL1215092,CN(C)CCOc1cc(ccc1NC(=O)[C@H]2Cc3ccccc3CN2)c4cn[nH]c4,8.16
261,CHEMBL3680802,CN1CCc2ccc(NC(=O)c3cccc(CNC(=O)N4CCc5c(cccc45)C#N)c3)cc2C1,8.16
262,CHEMBL3700936,CN1CCc2nc(NC(=O)c3cccc(c3)[C@H]4CCCN4C(=O)N5CCc6c(cccc56)C#N)sc2C1,8.16
263,CHEMBL482337,COc1cc(NC(=O)C2COc3ccc(F)cc3C2)ccc1c4cn[nH]c4,8.16
264,CHEMBL480585,COc1cc(NC(=O)C2COc3ccccc3C2)ccc1c4cn[nH]c4,8.16
265,CHEMBL2333908,COc1cc(cc2C(=O)NC(=Nc12)[C@H](N)Cc3cccc(F)c3)c4cn[nH]c4,8.16
266,CHEMBL3221808,COc1ccc2OC[C@@H](Cc2c1)C(=O)Nc3ccc(cc3OCCN(C)C)c4cn[nH]c4,8.16
267,CHEMBL3218275,COc1cccc(CNC(=O)N(C)c2nc(cs2)c3ccncc3)c1,8.16
268,CHEMBL1923168,COc1cccc(CNC(=O)c2c[nH]c3nc(ccc23)c4ccncc4)c1,8.16
269,CHEMBL2334291,Cc1n[nH]cc1c2ccc3N=C(NC(=O)c3c2)[C@@H]4CNC[C@H]4c5ccccc5,8.16
270,CHEMBL1084800,FC(F)(F)Oc1cccc(c1)C2CNCC2C(=O)Nc3cc4C=CNC(=O)c4cc3Cl,8.16
271,CHEMBL297394,NCCCC[C@@H](NC(=O)CCCCCNC(=O)[C@H]1O[C@H]([C@H](O)[C@@H]1O)n2cnc3c(N)ncnc23)C(=O)NCCCCCC(=O)N[C@H](CCCNC(=N)N)C(=O)N[C@H](CCCNC(=N)N)C(=O)N,8.16
272,CHEMBL2333912,N[C@H](Cc1ccc(F)c(F)c1)C2=Nc3ccc(cc3C(=O)N2)c4cn[nH]c4,8.16
273,CHEMBL2332080,O=C(Nc1ccc(cc1)c2cn[nH]c2)OCc3ccccc3,8.16
274,CHEMBL3704372,O=C(Nc1nc2CC[C@@H](Cc2s1)N3CCOCC3)c4cccc(c4)[C@H]5CCCN5C(=O)c6ccc(cc6)c7ocnc7,8.16
275,CHEMBL3704376,O=C(Nc1nc2CC[C@@H](Cc2s1)N3CCOCC3)c4cccc(c4)[C@H]5CCCN5C(=O)c6ccc7NC(=O)C=Cc7c6,8.16
276,CHEMBL3704381,O=C(Nc1nc2CC[C@@H](Cc2s1)N3CCOCC3)c4cccc(c4)[C@H]5CCCN5C(=O)c6csc(n6)c7cccnc7,8.16
277,CHEMBL3700973,CN1CCc2nc(NC(=O)c3cccc(c3)[C@H]4CCCN4C(=O)Nc5cccc(c5)C#N)sc2C1,8.17
278,CHEMBL3700982,COc1ccc(cc1OC)C(=O)N2CCC[C@@H]2c3cccc(c3)C(=O)Nc4nc5CC[C@@H](Cc5s4)N6CCOCC6,8.17
279,CHEMBL3704375,NC(=O)c1ccc2nc(cn2c1)C(=O)N3CCC[C@@H]3c4cccc(c4)C(=O)Nc5nc6CC[C@@H](Cc6s5)N7CCOCC7,8.17
280,CHEMBL3794435,NCC(C(=O)Nc1ccc2cnccc2c1)c3ccc(OC(=O)c4ccccc4)cc3,8.17
281,CHEMBL3426626,NCc1ccc(cc1c2cccc(c2)C(=O)Nc3cccc(c3)C(=O)O)C(=O)Nc4ccncc4F,8.18
282,CHEMBL3704395,CN1CCN(CC1)C2CCc3nc(NC(=O)c4cccc(OCC(=O)Nc5ccc(cc5)C#N)c4)sc3C2,8.19
283,CHEMBL3680798,CN1CCc2ccc(NC(=O)c3cccc(CNC(=O)c4cccc(c4)c5ocnc5)c3)cc2C1,8.19
284,CHEMBL2023840,NC(=N)NCCC[C@@H](NC(=O)[C@@H](CCCNC(=N)N)NC(=O)[C@@H](CCCNC(=N)N)NC(=O)[C@@H](CCCNC(=N)N)NC(=O)[C@@H](CCCNC(=N)N)NC(=O)[C@@H](CCCNC(=N)N)NC(=O)CNCC(=O)NCCNS(=O)(=O)c1cccc2cnccc12)C(=O)N,8.19
285,CHEMBL3704378,Oc1ccc2cc(ccc2c1)C(=O)N3CCC[C@@H]3c4cccc(c4)C(=O)Nc5nc6CC[C@@H](Cc6s5)N7CCOCC7,8.2
286,CHEMBL2440752,NCc1ccc(cc1c2cccc(c2)C(=O)Oc3ccccc3)C(=O)Nc4ccncc4F,8.21
287,CHEMBL1085773,CC(C)c1cccc(c1)C2CNCC2C(=O)Nc3cc4C=CNC(=O)c4cc3Cl,8.22
288,CHEMBL3402464,CCN(Cc1cccc(OC)c1)C(=O)Nc2ccc(cc2N(C)CCN(C)C)c3cn[nH]c3,8.22
289,CHEMBL474425,CN(C)CCOc1cc(ccc1NC(=O)C2COc3ccccc3C2)c4cn[nH]c4,8.22
290,CHEMBL1684218,CN(C)CCSc1nc(nc2ccc(cc12)c3cn[nH]c3)C4COc5ccc(cc5C4)C(=O)NC6CC6,8.22
291,CHEMBL3700923,CN1CCc2nc(NC(=O)c3cccc(c3)[C@H]4CCCN4C(=O)c5nnn(c5c6ccccc6)c7nonc7N)sc2C1,8.22
292,CHEMBL462194,COC(=O)c1ccc2OCC(Cc2c1)c3nc4ccc(cc4[nH]3)c5ccnc(N)n5,8.22
293,CHEMBL481731,COc1cc(c(F)cc1NC(=O)C2COc3ccccc3C2)c4cn[nH]c4,8.22
294,CHEMBL480586,COc1cc(ccc1NC(=O)C2COc3ccccc3C2)c4cn[nH]c4,8.22
295,CHEMBL1215305,COc1ccc2CN[C@H](Cc2c1)C(=O)Nc3ccc(cc3OCCN4CCCC4)c5cn[nH]c5,8.22
296,CHEMBL1684214,COc1ccc2OCC(Cc2c1)c3nc(SCCN(C)C)c4cc(ccc4n3)c5cn[nH]c5,8.22
297,CHEMBL1922133,COc1cccc(CN(C2CC2)C(=O)c3c[nH]c4nc(ccc34)c5cn[nH]c5)c1,8.22
298,CHEMBL1684203,Cc1ccc2OCC(Cc2c1)C3=Nc4ccc(cc4C(=O)N3)c5cn[nH]c5,8.22
299,CHEMBL1084597,Clc1cc2C(=O)NC=Cc2cc1NC(=O)C3CNCC3c4ccccc4,8.22
300,CHEMBL1084324,Clc1cc2C(=O)NC=Cc2cc1NC(=O)C3CNCCC3c4ccccc4,8.22
301,CHEMBL1082819,Clc1ccc(cc1)C2CNCC2C(=O)Nc3cc4C=CNC(=O)c4cc3Cl,8.22
302,CHEMBL2333883,NCCC(=O)NC(C1=Nc2ccc(cc2C(=O)N1)c3cn[nH]c3)c4ccc(Cl)cc4,8.22
303,CHEMBL2334293,N[C@@H](Cc1ccc(Cl)cc1)C2=Nc3ccc(cc3C(=O)N2)c4cn[nH]c4,8.22
304,CHEMBL2334290,Nc1nccc(n1)c2ccc3N=C(NC(=O)c3c2)[C@@H]4CNC[C@H]4c5ccccc5,8.22
305,CHEMBL518825,Nc1nccc(n1)c2ccc3nc([nH]c3c2)C4COc5ccc(F)cc5C4,8.22
306,CHEMBL3218011,Oc1cccc(CNC(=O)Nc2nc(cs2)c3ccncc3)c1,8.22
307,CHEMBL1682541,c1ccc(cc1)c2c(nc3ncccn23)c4ccc5[nH]ncc5c4,8.22
308,CHEMBL3700908,CC[C@@H](NC(=O)Nc1cccc(c1)C#N)c2cccc(c2)C(=O)Nc3nc4CCN(C)Cc4s3,8.24
309,CHEMBL3680794,CN1CCc2ccc(NC(=O)c3cccc(CNC(=O)c4ccc(cc4)n5cncn5)c3)cc2C1,8.24
310,CHEMBL3680703,CN1CCc2nc(NC(=O)c3cccc(CNC(=O)c4csc(n4)c5ccncc5)c3)sc2C1,8.24
311,CHEMBL3700922,CN1CCc2nc(NC(=O)c3cccc(c3)[C@H]4CCCN4C(=O)c5ccc(cc5)c6ccncc6)sc2C1,8.24
312,CHEMBL3613621,COC(=O)c1cccc(NC(=O)C2(CN(C)C)CCN(CC2)c3ncnc4[nH]cc(F)c34)c1,8.24
313,CHEMBL3700970,COc1ccc(cc1OC)C(=O)N[C@H](C)c2cccc(c2)C(=O)Nc3nc4CCN(C)Cc4s3,8.24
314,CHEMBL3402473,CN(C)CCSc1cc(ccc1NC(=O)NCc2ccccc2)c3cn[nH]c3,8.25
315,CHEMBL2440746,CCCCOC(=O)c1cccc(c1)c2cc(ccc2CN)C(=O)Nc3ccncc3,8.26
316,CHEMBL3426635,CC[C@H](C)OC(=O)c1ccc(F)c(NC(=O)c2cccc(c2)c3cc(ccc3CN)C(=O)Nc4ccncc4F)c1,8.26
317,CHEMBL3700957,C[C@@H](NC(=O)Nc1cccc(c1)C#N)c2cccc(c2)C(=O)Nc3nc4CCN(C)Cc4s3,8.26
318,CHEMBL3794254,NCC(C(=O)Nc1ccc2cnccc2c1)c3ccc(O)c(O)c3,8.26
319,CHEMBL3700955,CN1CCc2nc(NC(=O)c3cccc(c3)C4CCCN4C(=O)Nc5ccc(cc5)C(=O)N)sc2C1,8.27
320,CHEMBL2440750,CCCOC(=O)c1cccc(c1)c2cc(ccc2CN)C(=O)Nc3ccncc3F,8.29
321,CHEMBL3680695,CN1CCc2ccc(NC(=O)c3cccc(CNC(=O)c4cccc(c4)c5cn[nH]c5)c3)cc2C1,8.29
322,CHEMBL3704388,FC(F)(F)CCN[C@H]1CCc2nc(NC(=O)c3cccc(COC(=O)Nc4ccc(cc4)C#N)c3)sc2C1,8.29
323,CHEMBL481553,CN(C)CCOc1cc(ccc1NC(=O)C2COc3ccc(Cl)cc3C2)c4cn[nH]c4,8.3
324,CHEMBL1684226,COc1cc(cc2C(=O)NC(=Nc12)C3COc4ccc(C)cc4C3)c5cn[nH]c5,8.3
325,CHEMBL2333887,COc1ccc(cc1)[C@@H]2CN(C)C[C@H]2C3=Nc4ccc(cc4C(=O)N3)c5cn[nH]c5,8.3
326,CHEMBL2332070,COc1cccc(CN(CCCN2CCCC2)C(=O)Nc3ccc(cc3)c4cn[nH]c4)c1,8.3
327,CHEMBL2332073,COc1cccc(CN(CCN2CCCCC2)C(=O)Nc3ccc(cc3)c4cn[nH]c4)c1,8.3
328,CHEMBL3402448,COc1cccc(CNC(=O)Nc2ccc(cc2)c3ccncc3)c1,8.3
329,CHEMBL1923165,COc1cccc(CNC(=O)c2cc3ccc(nc3[nH]2)c4cn[nH]c4C)c1,8.3
330,CHEMBL1922125,COc1cccc(CNC(=O)c2cn(c3ccccc3)c4cc(ccc24)c5cn[nH]c5)c1,8.3
331,CHEMBL1923179,COc1ccccc1CNC(=O)c2cc3ccc(nc3[nH]2)c4cn[nH]c4,8.3
332,CHEMBL1083749,Cc1cccc(c1)C2CNCC2C(=O)Nc3cc4C=CNC(=O)c4cc3Cl,8.3
333,CHEMBL475613,Clc1ccc2OCC(Cc2c1)C(=O)Nc3ccc(cc3)c4cn[nH]c4,8.3
334,CHEMBL2440753,NCc1ccc(cc1c2cccc(c2)C(=O)OCC3CCCC3)C(=O)Nc4ccncc4,8.3
335,CHEMBL2440747,CCCCCOC(=O)c1cccc(c1)c2cc(ccc2CN)C(=O)Nc3ccncc3,8.31
336,CHEMBL3680721,CN1CCc2nc(NC(=O)c3cccc(CNC(=O)c4nnn(c4c5ccccc5)c6nonc6N)c3)sc2C1,8.31
337,CHEMBL3704383,O=C(Nc1nc2CC[C@@H](Cc2s1)N3CCOCC3)c4cccc(c4)[C@H]5CCCN5C(=O)c6cccc(c6)c7cn[nH]c7,8.31
338,CHEMBL3680799,CN1CCc2ccc(NC(=O)c3cccc(CNC(=O)c4cnc(s4)c5cccnc5)c3)cc2C1,8.32
339,CHEMBL3792612,NCC(C(=O)Nc1ccc2cnccc2c1)c3ccc(OC(=O)c4cccnc4)cc3,8.32
340,CHEMBL3680711,N[C@@H]1CCc2nc(NC(=O)c3cccc(CNC(=O)c4csc(n4)c5ccncc5)c3)sc2C1,8.32
341,CHEMBL3426729,CN1CCC(CC1)OC(=O)Cc2ccc(NC(=O)c3cccc(c3)c4cc(ccc4CN)C(=O)Nc5ccncc5F)cc2,8.34
342,CHEMBL3680710,CN1CCc2ccc(NC(=O)c3cccc(CNC(=O)c4ccc(cc4)C5CSN=N5)c3)cc2C1,8.34
343,CHEMBL3680776,CN1CCc2nc(NC(=O)c3cccc(CNC(=O)c4ccc(cc4)c5ccnc(C)c5)c3)sc2C1,8.36
344,CHEMBL2440756,NCc1ccc(cc1c2cccc(c2)C(=O)OCC3CCC3)C(=O)Nc4ccncc4F,8.37
345,CHEMBL3794389,Cc1ccc(C(=O)OCc2ccc(cc2)C(CN)C(=O)Nc3ccc4cnccc4c3)c(C)c1,8.38
346,CHEMBL3704382,O=C(Nc1nc2CC[C@@H](Cc2s1)N3CCOCC3)c4cccc(c4)[C@H]5CCCN5C(=O)c6cc([nH]n6)c7ccncc7,8.38
347,CHEMBL3700950,CN1CCc2nc(NC(=O)c3cccc(c3)[C@H]4CCCN4C(=O)c5cc([nH]n5)c6ccncc6)sc2C1,8.39
348,CHEMBL3426624,COC(=O)c1ccc(NC(=O)c2cccc(c2)c3cc(ccc3CN)C(=O)Nc4ccncc4F)cc1,8.39
349,CHEMBL1084051,CCc1cccc(c1)C2CNCC2C(=O)Nc3cc4C=CNC(=O)c4cc3Cl,8.4
350,CHEMBL220241,CCn1c(nc2cnc(Oc3cccc(NC(=O)c4ccc(OCCN5CCOCC5)cc4)c3)cc12)c6nonc6N,8.4
351,CHEMBL3700935,CN1CCc2nc(NC(=O)c3cccc(c3)[C@H]4CCCN4C(=O)c5ccc6cc(O)ccc6c5)sc2C1,8.4
352,CHEMBL519269,COc1cc(ccc1NC(=O)C2COc3ccc(C)cc3C2)c4cn[nH]c4,8.4
353,CHEMBL2333909,COc1ccc(C[C@H](N)C2=Nc3ccc(cc3C(=O)N2)c4cn[nH]c4)cc1,8.4
354,CHEMBL1215452,COc1ccc2CN[C@H](Cc2c1)C(=O)Nc3ccc(cc3SCCC(=O)N(C)C)c4cn[nH]c4,8.4
355,CHEMBL1922042,COc1cccc(CN(C)C(=O)c2cc3ccc(nc3[nH]2)c4cn[nH]c4)c1,8.4
356,CHEMBL2332074,COc1cccc(CN(CCCN2CCCCC2)C(=O)Nc3ccc(cc3)c4cn[nH]c4)c1,8.4
357,CHEMBL2332072,COc1cccc(CN(CCCN2CCOCC2)C(=O)Nc3ccc(cc3)c4cn[nH]c4)c1,8.4
358,CHEMBL1083748,COc1cccc(c1)C2CNCC2C(=O)Nc3cc4C=CNC(=O)c4cc3Cl,8.4
359,CHEMBL2333886,C[N+]1(C)C[C@H]([C@@H](C1)c2ccccc2)C3=Nc4ccc(cc4C(=O)N3)c5cn[nH]c5,8.4
360,CHEMBL1084653,Clc1cc2C(=O)NC=Cc2cc1NC(=O)C3CNCC3c4ccc(Br)cc4,8.4
361,CHEMBL1082821,Clc1ccc(cc1)[C@@H]2CNC[C@H]2C(=O)Nc3cc4C=CNC(=O)c4cc3Cl,8.4
362,CHEMBL1083276,FC(F)(F)c1cccc(c1)C2CNCC2C(=O)Nc3cc4C=CNC(=O)c4cc3Cl,8.4
363,CHEMBL519101,Fc1cc(ccc1NC(=O)C2COc3ccccc3C2)c4cn[nH]c4,8.4
364,CHEMBL475612,Fc1ccc2OCC(Cc2c1)C(=O)Nc3ccc(cc3)c4cn[nH]c4,8.4
365,CHEMBL600852,NC(=O)c1ccc(NC(=O)NCc2cccc(c2)C(=O)Nc3ccc4CCNCc4c3)cc1,8.4
366,CHEMBL2334294,N[C@H](Cc1ccc(Cl)cc1)C2=Nc3ccc(cc3C(=O)N2)c4cn[nH]c4,8.4
367,CHEMBL3680762,CN1CCc2ccc(NC(=O)c3cccc(CNC(=O)c4nnn(c4c5ccccc5)c6nonc6N)c3)cc2C1,8.41
368,CHEMBL3700912,CC[C@@H](NC(=O)c1ccc(OC)c(Cl)c1)c2cccc(c2)C(=O)Nc3nc4CCN(C)Cc4s3,8.42
369,CHEMBL3700963,CN(C)[C@H]1CCc2nc(NC(=O)c3cccc(c3)[C@H]4CCCN4C(=O)c5ccc(cc5)c6ccncc6)sc2C1,8.42
370,CHEMBL1077370,NCCCC[C@@H](NC(=O)CCCCCNC(=O)c1cccc(c1)c2ccncc2)C(=O)NCCCCCC(=O)N[C@H](CCCNC(=N)N)C(=O)N[C@H](CCCNC(=N)N)C(=O)N,8.42
371,CHEMBL3680806,CN1CCc2nc(NC(=O)c3cccc(CNC(=O)c4cn5cc(ccc5n4)C(=O)N)c3)sc2C1,8.43
372,CHEMBL3700974,CN(C)[C@H]1CCc2nc(NC(=O)c3cccc(c3)[C@H]4CCCN4C(=O)c5ccc(cc5)n6ccnc6)sc2C1,8.44
373,CHEMBL3700978,CN(C)[C@H]1CCc2nc(NC(=O)c3cccc(c3)[C@H]4CCCN4C(=O)c5ccc6NC(=O)C=Cc6c5)sc2C1,8.44
374,CHEMBL2440732,COCCOC(=O)c1cccc(c1)c2cc(ccc2CN)C(=O)Nc3ccncc3,8.44
375,CHEMBL3426646,NCc1ccc(cc1c2cccc(c2)C(=O)Nc3cccc(C(=O)O)c3F)C(=O)Nc4ccncc4F,8.46
376,CHEMBL3426636,CC[C@@H](C)OC(=O)c1ccc(F)c(NC(=O)c2cccc(c2)c3cc(ccc3CN)C(=O)Nc4ccncc4F)c1,8.48
377,CHEMBL485215,COc1cc(ccc1NC(=O)C2COc3ccccc3O2)c4cn[nH]c4,8.48
378,CHEMBL3794198,Cc1cccc(c1)C(CN)C(=O)Nc2ccc3cnccc3c2,8.48
379,CHEMBL3426628,NCc1ccc(cc1c2cccc(c2)C(=O)Nc3ccc(cc3)C(=O)O)C(=O)Nc4ccncc4F,8.48
380,CHEMBL3794444,CC(C)C(=O)OCc1ccc(cc1)C(CN)C(=O)Nc2ccc3cnccc3c2,8.5
381,CHEMBL521179,CN(C)CCOc1cc(ccc1NC(=O)C2COc3ccccc3O2)c4cn[nH]c4,8.5
382,CHEMBL3426731,COC(=O)c1ccc(cc1)C(=O)Nc2cccc(c2)c3cc(ccc3CN)C(=O)Nc4ccncc4F,8.51
383,CHEMBL3402462,CCN(Cc1cccc(OC)c1)C(=O)Nc2ccc(cc2OCCN(C)C)c3cn[nH]c3,8.52
384,CHEMBL1684220,CN(C)CCSc1nc(nc2ccc(cc12)c3cn[nH]c3)C4COc5ccc(cc5C4)C(=O)NCCN6CCOCC6,8.52
385,CHEMBL3680801,CN1CCc2ccc(NC(=O)c3cccc(CNC(=O)c4ccc(cc4)n5ccnc5C)c3)cc2C1,8.52
386,CHEMBL1684219,COCCNC(=O)c1ccc2OCC(Cc2c1)c3nc(SCCN(C)C)c4cc(ccc4n3)c5cn[nH]c5,8.52
387,CHEMBL519959,COc1cc(ccc1NC(=O)C2COc3ccc(Cl)cc3C2)c4cn[nH]c4,8.52
388,CHEMBL520103,COc1cc(ccc1NC(=O)C2COc3ccc(F)cc3C2)c4cn[nH]c4,8.52
389,CHEMBL1215306,COc1ccc2CN[C@H](Cc2c1)C(=O)Nc3ccc(cc3OC4CCN(C)CC4)c5cn[nH]c5,8.52
390,CHEMBL519304,COc1ccc2OCC(Cc2c1)C(=O)Nc3ccc(c(OC)c3)c4cn[nH]c4,8.52
391,CHEMBL475601,COc1ccc2OCC(Cc2c1)C(=O)Nc3ccc(cc3)c4cn[nH]c4,8.52
392,CHEMBL482351,COc1ccc2OCC(Cc2c1)C(=O)Nc3ccc(cc3OC)c4cn[nH]c4,8.52
393,CHEMBL2332064,COc1cccc(CN(C(C)C)C(=O)Nc2ccc(cc2)c3cn[nH]c3)c1,8.52
394,CHEMBL1922029,COc1cccc(CN(C)C(=O)c2cc3ccc(cc3[nH]2)c4cn[nH]c4)c1,8.52
395,CHEMBL2332069,COc1cccc(CN(CCN2CCCC2)C(=O)Nc3ccc(cc3)c4cn[nH]c4)c1,8.52
396,CHEMBL1922139,COc1cccc(CNC(=O)c2[nH]c3cc(ccc3c2CN4CCOCC4)c5cn[nH]c5)c1,8.52
397,CHEMBL3680714,Cc1nnnn1c2ccc(cc2)C(=O)NCc3cccc(c3)C(=O)Nc4nc5CC[C@@H](N)Cc5s4,8.52
398,CHEMBL1684204,Fc1ccc2OCC(Cc2c1)C3=Nc4ccc(cc4C(=O)N3)c5cn[nH]c5,8.52
399,CHEMBL3402446,Fc1cccc(CNC(=O)Nc2ccc(cc2)c3cn[nH]c3)c1,8.52
400,CHEMBL3792689,NCC(C(=O)Nc1ccc2cnccc2c1)c3cccc(CO)c3,8.52
401,CHEMBL3402444,Nc1cccc(CNC(=O)Nc2ccc(cc2)c3cn[nH]c3)c1,8.52
402,CHEMBL1923177,O=C(NCCc1cccs1)c2c[nH]c3cc(ccc23)c4cn[nH]c4,8.52
403,CHEMBL2440743,COC(=O)c1cccc(c1)c2cc(ccc2CN)C(=O)Nc3ccncc3,8.54
404,CHEMBL3700980,O=C(Nc1nc2CC[C@@H](Cc2s1)N3CCOCC3)c4cccc(c4)[C@H]5CCCN5C(=O)N6CCc7c(cccc67)C#N,8.54
405,CHEMBL3700903,COc1ccc(cc1Cl)C(=O)N[C@H](C2CC2)c3cccc(c3)C(=O)Nc4nc5CCN(C)Cc5s4,8.55
406,CHEMBL1077375,NCCCC[C@@H](NC(=O)CCCCCNC(=O)c1ccc(s1)c2ccnc(N)n2)C(=O)NCCCCCC(=O)N[C@H](CCCNC(=N)N)C(=O)N[C@H](CCCNC(=N)N)C(=O)N[C@H](CCCNC(=N)N)C(=O)N[C@H](CCCNC(=N)N)C(=O)N[C@H](CCCNC(=N)N)C(=O)N[C@H](CCCNC(=N)N)C(=O)N,8.56
407,CHEMBL3793203,NCC(C(=O)Nc1ccc2cnccc2c1)c3cccc(c3)C(F)(F)F,8.57
408,CHEMBL2440730,NCc1ccc(cc1c2cccc(c2)C(=O)OCC3CC3)C(=O)Nc4ccncc4F,8.57
409,CHEMBL3704380,Nc1nonc1n2nnc(C(=O)N3CCC[C@@H]3c4cccc(c4)C(=O)Nc5nc6CC[C@@H](Cc6s5)N7CCOCC7)c2c8ccccc8,8.57
410,CHEMBL3680780,Nc1nonc1n2nnc(C(=O)NCc3cccc(c3)C(=O)Nc4nc5CC[C@@H](Cc5s4)N6CCOCC6)c2c7ccccc7,8.58
411,CHEMBL3426632,CCC(C)OC(=O)c1cccc(NC(=O)c2cccc(c2)c3cc(ccc3CN)C(=O)Nc4ccncc4F)c1,8.59
412,CHEMBL3680749,CN(C)[C@H]1CCc2nc(NC(=O)c3cccc(CNC(=O)c4cn5cc(ccc5n4)C#N)c3)sc2C1,8.59
413,CHEMBL3680708,CN1CCc2ccc(NC(=O)c3cccc(CNC(=O)c4ccc5cc(O)ccc5c4)c3)cc2C1,8.59
414,CHEMBL3700919,N[C@@H]1CCc2nc(NC(=O)c3cccc(c3)[C@H]4CCCN4C(=O)Nc5cccc(c5)C#N)sc2C1,8.59
415,CHEMBL2333879,CN(C)c1nc(nc2ccc(cc12)c3cn[nH]c3)[C@@H]4CNC[C@H]4c5ccccc5,8.6
416,CHEMBL3613620,COC(=O)c1cccc(NC(=O)C2(CN(C)C)CCN(CC2)c3ncnc4[nH]cc(C#N)c34)c1,8.6
417,CHEMBL2440737,NCc1ccc(cc1c2cccc(c2)C(=O)OCC3CCCO3)C(=O)Nc4ccncc4F,8.6
418,CHEMBL2023714,NC(=N)NCCC[C@@H](NC(=O)[C@@H](CCCNC(=N)N)NC(=O)[C@@H](CCCNC(=N)N)NC(=O)[C@@H](CCCNC(=N)N)NC(=O)[C@@H](CCCNC(=N)N)NC(=O)[C@@H](CCCNC(=N)N)NC(=O)CCCCCNCCNS(=O)(=O)c1cccc2cnccc12)C(=O)N,8.61
419,CHEMBL3794409,Cl.C[C@@H](N)c1ccc(cc1)C(=O)Nc2ccnc3[nH]ccc23,8.64
420,CHEMBL3700907,CN(C)[C@H]1CCc2nc(NC(=O)c3cccc(OCC(=O)Nc4ccc(cc4)C#N)c3)sc2C1,8.66
421,CHEMBL3426640,COCCOC(=O)c1ccc(F)c(c1)C(=O)Nc2cccc(c2)c3cc(ccc3CN)C(=O)Nc4ccncc4F,8.66
422,CHEMBL3792781,NCC(C(=O)Nc1ccc2c(O)nccc2c1)c3ccccc3,8.66
423,CHEMBL3426634,CCCOC(=O)c1ccc(F)c(NC(=O)c2cccc(c2)c3cc(ccc3CN)C(=O)Nc4ccncc4F)c1,8.68
424,CHEMBL3700965,CN(C)[C@H]1CCc2nc(NC(=O)c3cccc(c3)[C@H]4CCCN4C(=O)c5ccc(cc5)c6ocnc6)sc2C1,8.68
425,CHEMBL3680729,CN1CCc2nc(NC(=O)c3cccc(CNC(=O)c4nc(sc4C)c5ccncc5)c3)sc2C1,8.68
426,CHEMBL3700956,CN1CCc2nc(NC(=O)c3cccc(c3)[C@H]4CCCN4C(=O)c5cccc(c5)c6cn[nH]c6)sc2C1,8.68
427,CHEMBL3426637,COC(=O)c1cccc(c1)C(=O)Nc2cccc(c2)c3cc(ccc3CN)C(=O)Nc4ccncc4F,8.68
428,CHEMBL452734,C1Oc2ccccc2CC1c3nc4ccc(cc4[nH]3)c5ccncc5,8.7
429,CHEMBL2332059,CN(C)CCC(NC(=O)Nc1ccc(cc1)c2cn[nH]c2)c3ccccc3,8.7
430,CHEMBL3700972,CN(C)[C@H]1CCc2nc(NC(=O)c3cccc(c3)[C@H]4CCCN4C(=O)c5ccc6cc(O)ccc6c5)sc2C1,8.7
431,CHEMBL3700968,CN(C)[C@H]1CCc2nc(NC(=O)c3cccc(c3)[C@H]4CCCN4C(=O)c5csc(n5)c6ccncc6)sc2C1,8.7
432,CHEMBL3680696,CN1CCc2nc(NC(=O)c3cccc(CNC(=O)c4cccc(c4)c5cn[nH]c5)c3)sc2C1,8.7
433,CHEMBL482363,COc1cc(NC(=O)C2COc3ccc(Cl)cc3C2)ccc1c4cn[nH]c4,8.7
434,CHEMBL1684228,COc1cc(cc2C(=O)NC(=Nc12)C3COc4ccccc4O3)c5cn[nH]c5,8.7
435,CHEMBL1684221,COc1ccc2OCC(Cc2c1)C3=Nc4c(OC)cc(cc4C(=O)N3)c5cn[nH]c5,8.7
436,CHEMBL1684200,COc1ccc2OCC(Cc2c1)C3=Nc4ccc(cc4C(=O)N3)c5cn[nH]c5,8.7
437,CHEMBL454638,COc1ccc2OCC(Cc2c1)c3nc4ccc(cc4[nH]3)c5ccnc(N)n5,8.7
438,CHEMBL461338,COc1ccc2OCC(Cc2c1)c3oc4cc(ccc4n3)c5ccnc(N)n5,8.7
439,CHEMBL1922046,COc1cccc(CN(C)C(=O)c2c[nH]c3cc(ccc23)c4cn[nH]c4)c1,8.7
440,CHEMBL2332063,COc1cccc(CN(CCN(C)C)C(=O)Nc2ccc(cn2)c3cn[nH]c3)c1,8.7
441,CHEMBL3402447,COc1cccc(CNC(=O)Nc2ccc(cc2)c3c[nH]nc3C)c1,8.7
442,CHEMBL3402466,COc1cccc(CNC(=O)Nc2ccc(cc2)c3cn[nH]c3)c1,8.7
443,CHEMBL1923167,COc1cccc(CNC(=O)c2c[nH]c3cc(ccc23)c4ccncc4)c1,8.7
444,CHEMBL1922132,COc1cccc(CNC(=O)c2c[nH]c3nc(ccc23)c4cn[nH]c4)c1,8.7
445,CHEMBL1922026,COc1cccc(CNC(=O)c2cc3ccc(cc3[nH]2)c4cn[nH]c4)c1,8.7
446,CHEMBL1922034,COc1cccc(CNC(=O)c2cc3ccc(nc3[nH]2)c4cn[nH]c4)c1,8.7
447,CHEMBL2332076,COc1cccc(c1)C(CCO)NC(=O)Nc2ccc(cc2)c3cn[nH]c3,8.7
448,CHEMBL3793153,COc1cccc(c1)C(CN)C(=O)Nc2ccc3cnccc3c2,8.7
449,CHEMBL1083747,Clc1cc2C(=O)NC=Cc2cc1NC(=O)C3CNCC3c4cccc(Br)c4,8.7
450,CHEMBL2333899,FC(F)(F)c1ccc(cc1)[C@@H]2CNC[C@H]2C3=Nc4ccc(cc4C(=O)N3)c5cn[nH]c5,8.7
451,CHEMBL2333897,Fc1ccc(cc1)[C@@H]2CNC[C@H]2C3=Nc4ccc(cc4C(=O)N3)c5cn[nH]c5,8.7
452,CHEMBL3792581,NCC(C(=O)Nc1ccc2c(O)nccc2c1)c3ccc(F)cc3,8.7
453,CHEMBL3792593,NCC(C(=O)Nc1ccc2cnccc2c1)c3ccc(OCc4ccccc4)cc3,8.7
454,CHEMBL3426643,NCc1ccc(cc1c2cccc(c2)C(=O)Nc3cc(ccc3F)C(=O)O)C(=O)Nc4ccncc4F,8.7
455,CHEMBL3680719,N[C@H]1CCc2nc(NC(=O)c3cccc(CNC(=O)c4cccc(c4)c5cccnc5)c3)sc2C1,8.7
456,CHEMBL519123,O=C(Nc1ccc(cc1)c2cn[nH]c2)C3COc4ccccc4O3,8.7
457,CHEMBL1684196,O=C1NC(=Nc2ccc(cc12)c3cn[nH]c3)C4CCc5ccccc5O4,8.7
458,CHEMBL2332058,OCC(NC(=O)Nc1ccc(cc1)c2cn[nH]c2)c3ccccc3,8.7
459,CHEMBL2332056,OCCC(NC(=O)Nc1ccc(cc1)c2cn[nH]c2)c3cccc(F)c3,8.7
460,CHEMBL3700977,CN(C)[C@H]1CCc2nc(NC(=O)c3cccc(c3)[C@H]4CCCN4C(=O)c5cccc(c5)c6cn[nH]c6)sc2C1,8.72
461,CHEMBL3680694,CN1CCc2nc(NC(=O)c3cccc(CNC(=O)c4ccc(cc4)n5ccnc5)c3)sc2C1,8.72
462,CHEMBL3680781,Cc1c(nnn1c2nonc2N)C(=O)NCc3cccc(c3)C(=O)Nc4nc5CC[C@@H](Cc5s4)N6CCOCC6,8.72
463,CHEMBL3426638,CCCOC(=O)c1cccc(c1)C(=O)Nc2cccc(c2)c3cc(ccc3CN)C(=O)Nc4ccncc4F,8.75
464,CHEMBL3613610,COC(=O)c1cccc(NC(=O)C2(CN(C)C)CCN(CC2)c3ncnc4[nH]ccc34)c1,8.75
465,CHEMBL3792599,NCC(C(=O)Nc1ccc2cnccc2c1)c3ccc(OC(=O)Cc4ccccc4)cc3,8.75
466,CHEMBL3793235,NCC(C(=O)Nc1ccc2cnccc2c1)c3ccc(cc3)C(F)(F)F,8.75
467,CHEMBL3426629,NCc1ccc(cc1c2cccc(c2)C(=O)Nc3ccc(CC(=O)O)cc3)C(=O)Nc4ccncc4F,8.75
468,CHEMBL3700975,CN(C)[C@H]1CCc2nc(NC(=O)c3cccc(c3)[C@H]4CCCN4C(=O)c5cn6cc(ccc6n5)C(=O)N)sc2C1,8.77
469,CHEMBL3680741,CN1CCc2ccc(NC(=O)c3cccc(CNC(=O)c4cc5cc(ccc5[nH]4)C(=O)N)c3)cc2C1,8.77
470,CHEMBL3792969,NCC(C(=O)Nc1ccc2cnccc2c1)c3ccc(COC(=O)c4ccccc4)cc3,8.77
471,CHEMBL3700917,N[C@H]1CCc2nc(NC(=O)c3cccc(c3)[C@H]4CCCN4C(=O)Nc5cccc(c5)C#N)sc2C1,8.77
472,CHEMBL3700958,O=C(Nc1nc2CC[C@@H](Cc2s1)N3CCOCC3)c4cccc(c4)[C@H]5CCCN5C(=O)c6cn7ccc(cc7n6)C#N,8.77
473,CHEMBL3793688,CCCCC(=O)OCc1ccc(cc1)C(CN)C(=O)Nc2ccc3cnccc3c2,8.8
474,CHEMBL3700924,CCCN[C@H]1CCc2nc(NC(=O)c3cccc(c3)[C@H]4CCCN4C(=O)Nc5cccc(c5)C#N)sc2C1,8.8
475,CHEMBL3426633,COC(=O)c1ccc(F)c(NC(=O)c2cccc(c2)c3cc(ccc3CN)C(=O)Nc4ccncc4F)c1,8.8
476,CHEMBL3680739,CN1CCc2ccc(NC(=O)c3cccc(CNC(=O)c4cc5cc(ccc5[nH]4)C#N)c3)cc2C1,8.82
477,CHEMBL3680731,CN1CCc2ccc(NC(=O)c3cccc(CNC(=O)c4ccc(s4)c5ocnc5)c3)cc2C1,8.82
478,CHEMBL2440733,COCCCOC(=O)c1cccc(c1)c2cc(ccc2CN)C(=O)Nc3ccncc3,8.82
479,CHEMBL279185,NC(=N)NCCC[C@@H](NC(=O)[C@@H](CCCNC(=N)N)NC(=O)[C@@H](CCCNC(=N)N)NC(=O)[C@@H](CCCNC(=N)N)NC(=O)[C@@H](CCCNC(=N)N)NC(=O)[C@@H](CCCNC(=N)N)NC(=O)CCCCCNC(=O)[C@H]1O[C@H]([C@H](O)[C@@H]1O)n2cnc3c(N)ncnc23)C(=O)N,8.82
480,CHEMBL3770730,NC(C(=O)Nc1ccc2cnccc2c1)c3ccccc3,8.82
481,CHEMBL3793538,NCCC(C(=O)Nc1ccc2cnccc2c1)c3ccccc3,8.82
482,CHEMBL2023838,NCCCC[C@@H](NC(=O)CNCC(=O)NCCNS(=O)(=O)c1cccc2cnccc12)C(=O)NCCCCCC(=O)N[C@H](CCCNC(=N)N)C(=O)N[C@H](CCCNC(=N)N)C(=O)N[C@H](CCCNC(=N)N)C(=O)N[C@H](CCCNC(=N)N)C(=O)N[C@H](CCCNC(=N)N)C(=O)N[C@H](CCCNC(=N)N)C(=O)N,8.82
483,CHEMBL3426627,NCc1ccc(cc1c2cccc(c2)C(=O)Nc3cccc(CC(=O)O)c3)C(=O)Nc4ccncc4F,8.82
484,CHEMBL485214,O=C(Nc1ccc(cc1)c2c[nH]cn2)C3COc4ccccc4O3,8.82
485,CHEMBL2440745,CCCOC(=O)c1cccc(c1)c2cc(ccc2CN)C(=O)Nc3ccncc3,8.85
486,CHEMBL3680746,CN1CCc2ccc(NC(=O)c3cccc(CNC(=O)c4sc(nc4C)c5ccncc5)c3)cc2C1,8.85
487,CHEMBL3680737,CN1CCc2nc(NC(=O)c3cccc(CNC(=O)c4sc(nc4C)c5ccncc5)c3)sc2C1,8.85
488,CHEMBL3700937,CN1CCc2nc(NC(=O)c3cccc(c3)[C@H]4CCCN4C(=O)Nc5ccc(cc5)C(=O)N)sc2C1,8.85
489,CHEMBL3426639,COC(=O)c1ccc(F)c(c1)C(=O)Nc2cccc(c2)c3cc(ccc3CN)C(=O)Nc4ccncc4F,8.85
490,CHEMBL3426726,NCc1ccc(cc1c2cccc(c2)C(=O)Nc3ccc(CC(=O)OC4CCC4)cc3)C(=O)Nc5ccncc5F,8.85
491,CHEMBL3426642,NCc1ccc(cc1c2cccc(c2)C(=O)Nc3cccc(C(=O)OC4CCCC4)c3F)C(=O)Nc5ccncc5F,8.85
492,CHEMBL2440735,NCc1ccc(cc1c2cccc(c2)C(=O)OCCO)C(=O)Nc3ccncc3F,8.85
493,CHEMBL3700966,CN(C)[C@H]1CCc2nc(NC(=O)c3cccc(c3)[C@H]4CCCN4C(=O)c5csc(n5)c6cccnc6)sc2C1,8.89
494,CHEMBL3680759,CN1CCc2ccc(NC(=O)c3cccc(CNC(=O)c4cc(n[nH]4)c5ccncc5)c3)cc2C1,8.89
495,CHEMBL3680727,CN1CCc2ccc(NC(=O)c3cccc(CNC(=O)c4cc5ccc(cc5[nH]4)C(=O)N)c3)cc2C1,8.89
496,CHEMBL3680767,CN1CCc2ccc(NC(=O)c3cccc(CNC(=O)c4ccc(cc4)c5ccncc5)c3)cc2C1,8.89
497,CHEMBL3680736,CN1CCc2nc(NC(=O)c3cccc(CNC(=O)c4cc(n[nH]4)c5ccncc5)c3)sc2C1,8.89
498,CHEMBL3793516,COc1ccc(cc1)C(CN)C(=O)Nc2ccc3cnccc3c2,8.89
499,CHEMBL3792734,NCC(C(=O)Nc1ccc2cnccc2c1)c3cccc(O)c3,8.89
500,CHEMBL3792549,NCC(C(=O)Nc1ccc2cnccc2c1)c3ccccc3Cl,8.89
501,CHEMBL3426727,NCc1ccc(cc1c2cccc(c2)C(=O)Nc3ccc(CC(=O)OC4CCCC4)cc3)C(=O)Nc5ccncc5F,8.89
502,CHEMBL2440742,CC(N)c1ccc(cc1c2ccc(F)cc2)C(=O)Nc3ccncc3,8.92
503,CHEMBL3700928,CCCN[C@H]1CCc2nc(NC(=O)c3cccc(c3)[C@@H](C)NC(=O)c4ccc(OC)c(Cl)c4)sc2C1,8.92
504,CHEMBL3793969,NCC(C(=O)Nc1ccc2cnccc2c1)c3ccc(F)c(F)c3,8.92
505,CHEMBL3578253,CCn1c2cnccc2c3ccc(cc13)C(=O)N[C@H](C)c4cccc(OC)c4,8.94
506,CHEMBL3426623,COC(=O)Cc1cccc(NC(=O)c2cccc(c2)c3cc(ccc3CN)C(=O)Nc4ccncc4F)c1,8.96
507,CHEMBL3426622,COC(=O)c1cccc(NC(=O)c2cccc(c2)c3cc(ccc3CN)C(=O)Nc4ccncc4F)c1,8.96
508,CHEMBL3680716,Cc1nnnn1c2ccc(cc2)C(=O)NCc3cccc(c3)C(=O)Nc4nc5CC[C@H](N)Cc5s4,8.96
509,CHEMBL3770836,NCC(C(=O)Nc1ccc2cnccc2c1)c3ccccc3,8.96
510,CHEMBL3680707,N[C@@H]1CCc2nc(NC(=O)c3cccc(CNC(=O)c4cccc(c4)c5cn[nH]c5)c3)sc2C1,8.96
511,CHEMBL3680713,N[C@H]1CCc2nc(NC(=O)c3cccc(CNC(=O)c4csc(n4)c5ccncc5)c3)sc2C1,8.96
512,CHEMBL3700926,CCCN[C@H]1CCc2nc(NC(=O)c3cccc(c3)[C@@H](C)NC(=O)c4ccc(OC)c(OC)c4)sc2C1,9.0
513,CHEMBL2332098,CCN(Cc1cccc(OC)c1)C(=O)Nc2ccc(cc2)c3cn[nH]c3,9.0
514,CHEMBL2332060,CCN(Cc1cccc(OC)c1)C(=O)Nc2ccc(cc2O[C@H]3CCN(C)C3)c4cn[nH]c4,9.0
515,CHEMBL1684225,COc1cc(cc2C(=O)NC(=Nc12)C3COc4ccc(F)cc4C3)c5cn[nH]c5,9.0
516,CHEMBL2332097,COc1cccc(CN(C)C(=O)Nc2ccc(cc2)c3cn[nH]c3)c1,9.0
517,CHEMBL2332099,COc1cccc(CN(C2CC2)C(=O)Nc3ccc(cc3)c4cn[nH]c4)c1,9.0
518,CHEMBL1922126,COc1cccc(CN(CCCN(C)C)C(=O)c2cn(C)c3cc(ccc23)c4cn[nH]c4)c1,9.0
519,CHEMBL2332068,COc1cccc(CN(CCN(C)C)C(=O)Nc2ccc(cc2)c3cn[nH]c3)c1,9.0
520,CHEMBL1922127,COc1cccc(CN(CCN(C)C)C(=O)c2cn(C)c3cc(ccc23)c4cn[nH]c4)c1,9.0
521,CHEMBL2332065,COc1cccc(CN(CCO)C(=O)Nc2ccc(cc2)c3cn[nH]c3)c1,9.0
522,CHEMBL1922128,COc1cccc(CNC(=O)c2cn(CCCO)c3cc(ccc23)c4cn[nH]c4)c1,9.0
523,CHEMBL1684229,COc1cccc(OCC2=Nc3c(OC)cc(cc3C(=O)N2)c4cn[nH]c4)c1,9.0
524,CHEMBL1923181,COc1cccc(c1)[C@@H](C)NC(=O)c2cc3ccc(nc3[nH]2)c4cn[nH]c4,9.0
525,CHEMBL3794298,Cc1cc(ccc1O)C(CN)C(=O)Nc2ccc3cnccc3c2,9.0
526,CHEMBL3793489,Cc1ccccc1C(CN)C(=O)Nc2ccc3cnccc3c2,9.0
527,CHEMBL3792921,NCC(C(=O)Nc1ccc2cnccc2c1)c3ccc(F)cc3,9.0
528,CHEMBL3792435,NCC(C(=O)Nc1ccc2cnccc2c1)c3ccc(OC(=O)CN)cc3,9.0
529,CHEMBL3792666,NCC(C(=O)Nc1ccc2cnccc2c1)c3cccc(F)c3,9.0
530,CHEMBL3793296,NCC(C(=O)Nc1ccc2cnccc2c1)c3cccc4ccccc34,9.0
531,CHEMBL3794270,NCC(C(=O)Nc1ccc2cnccc2c1)c3ccccc3F,9.0
532,CHEMBL3426732,NCc1ccc(cc1c2cccc(NC(=O)c3ccc(cc3)C(=O)O)c2)C(=O)Nc4ccncc4F,9.0
533,CHEMBL1684208,O=C(NC1CC1)c2ccc3OCC(Cc3c2)C4=Nc5ccc(cc5C(=O)N4)c6cn[nH]c6,9.0
534,CHEMBL2334292,O=C1NC(=Nc2ccc(cc12)c3cn[nH]c3)[C@@H]4CNC[C@H]4c5ccccc5,9.0
535,CHEMBL2332057,OCCC(NC(=O)Nc1ccc(cc1)c2cn[nH]c2)c3ccccc3,9.0
536,CHEMBL3680785,O=C(NCc1cccc(c1)C(=O)Nc2nc3CC[C@@H](Cc3s2)N4CCOCC4)c5csc(n5)c6ccncc6,9.03
537,CHEMBL3700930,CCCN[C@H]1CCc2nc(NC(=O)c3cccc(c3)[C@@H](C)NC(=O)c4ccc(OC)c(C)c4)sc2C1,9.05
538,CHEMBL1079921,CN(C)CCCNC(=O)c1ccc2OCC(Cc2c1)c3nc4ccc(cc4s3)c5cn[nH]c5,9.05
539,CHEMBL3792412,Cc1cc(C)cc(c1)C(=O)OCc2ccc(cc2)C(CN)C(=O)Nc3ccc4cnccc4c3,9.05
540,CHEMBL3793505,NCC(C(=O)Nc1ccc2cnccc2c1)c3cccc(Cl)c3,9.05
541,CHEMBL3680774,CN(C)[C@H]1CCc2nc(NC(=O)c3cccc(CNC(=O)c4csc(n4)c5ccncc5)c3)sc2C1,9.06
542,CHEMBL3680792,O=C(NCc1cccc(c1)C(=O)Nc2nc3CC[C@@H](Cc3s2)N4CCOCC4)c5cc6ccc(cc6[nH]5)C#N,9.06
543,CHEMBL3700969,CN(C)[C@H]1CCc2nc(NC(=O)c3cccc(c3)[C@H]4CCCN4C(=O)c5cc([nH]n5)c6ccncc6)sc2C1,9.1
544,CHEMBL3700920,CN1CCc2nc(NC(=O)c3cccc(OCC(=O)Nc4ccc5[nH]ncc5c4)c3)sc2C1,9.1
545,CHEMBL3793029,NCC(C(=O)Nc1ccc2cnccc2c1)c3ccc(COC(=O)Cc4ccccc4)cc3,9.1
546,CHEMBL3793404,NCC(C(=O)Nc1ccc2cnccc2c1)c3ccc(Cl)cc3Cl,9.1
547,CHEMBL3680760,CN1CCc2nc(NC(=O)c3cccc(CNC(=O)c4ccc(s4)c5cn[nH]c5)c3)sc2C1,9.11
548,CHEMBL3680709,N[C@H]1CCc2nc(NC(=O)c3cccc(CNC(=O)c4cccc(c4)c5cn[nH]c5)c3)sc2C1,9.14
549,CHEMBL3680778,O=C(NCc1cccc(c1)C(=O)Nc2nc3CC[C@@H](Cc3s2)N4CCOCC4)c5csc(n5)c6cccnc6,9.14
550,CHEMBL3793788,NCC(C(=O)Nc1ccc2cnccc2c1)c3ccc(COC(=O)c4cccnc4)cc3,9.16
551,CHEMBL3793497,NCC(C(=O)Nc1ccc2cnccc2c1)c3ccc4ccccc4c3,9.16
552,CHEMBL3792663,NCC(C(=O)Nc1ccc2cnccc2c1)c3ccc(O)cc3,9.22
553,CHEMBL3700934,O=C(Nc1cccc(c1)C#N)N2CCC[C@@H]2c3cccc(c3)C(=O)Nc4nc5CC[C@@H](Cc5s4)N6CCOCC6,9.22
554,CHEMBL3680779,O=C(NCc1cccc(c1)C(=O)Nc2nc3CC[C@@H](Cc3s2)N4CCOCC4)c5cn6ccc(cc6n5)C#N,9.28
555,CHEMBL3578250,COc1cccc(c1)[C@@H](C)NC(=O)c2ccc3c(OCc4cnccc34)c2,9.29
556,CHEMBL3680756,CN1CCc2nc(NC(=O)c3cccc(CNC(=O)c4ccc(s4)c5ocnc5)c3)sc2C1,9.35
557,CHEMBL3218297,CS(=O)(=O)O.Oc1cccc(CNC(=O)Nc2nc(cs2)c3ccncc3)c1,9.35
558,CHEMBL3680751,CN(C)[C@H]1CCc2nc(NC(=O)c3cccc(CNC(=O)c4ccc(cc4)n5nnnc5C)c3)sc2C1,9.37
559,CHEMBL3680784,O=C(NCc1cccc(c1)C(=O)Nc2nc3CC[C@@H](Cc3s2)N4CCOCC4)c5ccc(cc5)c6ocnc6,9.37
560,CHEMBL3680788,O=C(NCc1cccc(c1)C(=O)Nc2nc3CC[C@@H](Cc3s2)N4CCOCC4)c5cccc(c5)c6cn[nH]c6,9.39
561,CHEMBL1080279,COc1cccc(CN(CCN(C)C)C(=O)c2nc3ccc(cc3s2)c4cn[nH]c4)c1,9.4
562,CHEMBL3792673,Cc1ccc(cc1)C(CN)C(=O)Nc2ccc3cnccc3c2,9.4
563,CHEMBL3794104,NCC(C(=O)Nc1ccc2cnccc2c1)c3ccc(Cl)cc3,9.4
564,CHEMBL3793004,NC[C@@H](C(=O)Nc1ccc2cnccc2c1)c3ccccc3,9.4
565,CHEMBL3680701,CN1CCc2nc(NC(=O)c3cccc(CNC(=O)c4ccc5cc(O)ccc5c4)c3)sc2C1,9.41
566,CHEMBL3680789,O=C(NCc1cccc(c1)C(=O)Nc2nc3CC[C@@H](Cc3s2)N4CCOCC4)c5ccc(cc5)n6ccnc6,9.42
567,CHEMBL3680766,CN(C)[C@H]1CCc2nc(NC(=O)c3cccc(CNC(=O)c4ccc(s4)c5ocnc5)c3)sc2C1,9.43
568,CHEMBL3680787,Cc1nc(sc1C(=O)NCc2cccc(c2)C(=O)Nc3nc4CC[C@@H](Cc4s3)N5CCOCC5)c6ccncc6,9.43
569,CHEMBL3680790,Cc1nnnn1c2ccc(cc2)C(=O)NCc3cccc(c3)C(=O)Nc4nc5CC[C@@H](Cc5s4)N6CCOCC6,9.46
570,CHEMBL3680786,O=C(Nc1nc2CC[C@@H](Cc2s1)N3CCOCC3)c4cccc(CNC(=O)c5cc(n[nH]5)c6ccncc6)c4,9.47
571,CHEMBL3680775,CN(C)[C@H]1CCc2nc(NC(=O)c3cccc(CNC(=O)c4nnn(c4C)c5nonc5N)c3)sc2C1,9.48
572,CHEMBL3680769,CN(C)[C@H]1CCc2nc(NC(=O)c3cccc(CNC(=O)c4cccc(c4)c5cn[nH]c5)c3)sc2C1,9.5
573,CHEMBL3680753,CN(C)[C@H]1CCc2nc(NC(=O)c3cccc(CNC(=O)c4csc(n4)c5cccnc5)c3)sc2C1,9.5
574,CHEMBL3700932,CN(C)[C@H]1CCc2nc(NC(=O)c3cccc(c3)[C@H]4CCCN4C(=O)Nc5cccc(c5)C#N)sc2C1,9.52
575,CHEMBL3680765,CN(C)[C@H]1CCc2nc(NC(=O)c3cccc(CNC(=O)c4ccc(s4)c5ccncc5)c3)sc2C1,9.57
576,CHEMBL3680748,CN(C)[C@H]1CCc2nc(NC(=O)c3cccc(CNC(=O)c4cn5ccc(cc5n4)C#N)c3)sc2C1,9.57
577,CHEMBL3680740,CN1CCc2ccc(NC(=O)c3cccc(CNC(=O)c4cc5ccc(cc5n4C)C(=O)N)c3)cc2C1,9.59
578,CHEMBL3680728,CN1CCc2nc(NC(=O)c3cccc(CNC(=O)c4ccc(cc4)c5ccncc5)c3)sc2C1,9.59
579,CHEMBL3680804,CN(C)[C@H]1CCc2nc(NC(=O)c3cccc(CNC(=O)c4sc(nc4C)c5ccncc5)c3)sc2C1,9.6
580,CHEMBL3680735,CN1CCc2ccc(NC(=O)c3cccc(CNC(=O)c4ccc(s4)c5ccncc5)c3)cc2C1,9.6
581,CHEMBL3680771,CN(C)[C@H]1CCc2nc(NC(=O)c3cccc(CNC(=O)c4ccc(cc4)n5ccnc5)c3)sc2C1,9.62
582,CHEMBL388978,CN[C@@H]1C[C@H]2O[C@@](C)([C@@H]1OC)n3c4ccccc4c5c6CNC(=O)c6c7c8ccccc8n2c7c35,9.62
583,CHEMBL3680752,CN(C)[C@H]1CCc2nc(NC(=O)c3cccc(CNC(=O)c4ccc(cc4)c5ccncc5)c3)sc2C1,9.66
584,CHEMBL3680768,CN(C)[C@H]1CCc2nc(NC(=O)c3cccc(CNC(=O)c4ccc(s4)c5cn[nH]c5)c3)sc2C1,9.66
585,CHEMBL3680773,CN(C)[C@H]1CCc2nc(NC(=O)c3cccc(CNC(=O)c4nnn(c4c5ccccc5)c6nonc6N)c3)sc2C1,9.68
586,CHEMBL3680698,CN1CCc2nc(NC(=O)c3cccc(CNC(=O)c4ccc(cc4)c5ocnc5)c3)sc2C1,9.68
587,CHEMBL3680805,CN(C)[C@H]1CCc2nc(NC(=O)c3cccc(CNC(=O)c4cc(n[nH]4)c5ccncc5)c3)sc2C1,9.7
588,CHEMBL3680772,CN(C)[C@H]1CCc2nc(NC(=O)c3cccc(CNC(=O)c4ccc(cc4)c5ocnc5)c3)sc2C1,9.7
589,CHEMBL3792888,NCC(C(=O)Nc1ccc2cnccc2c1)c3ccc(CO)cc3,9.7
590,CHEMBL3578252,CCC1Oc2cnccc2c3ccc(cc13)C(=O)N[C@H](C)c4cccc(OC)c4,9.75
591,CHEMBL3680755,CN1CCc2nc(NC(=O)c3cccc(CNC(=O)c4ccc(s4)c5ccncc5)c3)sc2C1,9.75
592,CHEMBL3680738,CN1CCc2ccc(NC(=O)c3cccc(CNC(=O)c4ccc(s4)c5cn[nH]c5)c3)cc2C1,9.77
593,CHEMBL3666738,CN(C)C(=O)Nc1ccccc1c2nc(Nc3ccc4[nH]ncc4c3)c5ccccc5n2,10.31
594,CHEMBL3666735,O=C(CN1CCCC1)Nc2ccccc2c3nc(Nc4ccc5[nH]ncc5c4)c6ccccc6n3,10.44
595,CHEMBL3666753,CC(=O)Oc1ccccc1c2nc(Nc3ccc4[nH]ncc4c3)c5ccccc5n2,10.64
596,CHEMBL3666733,CNCC(=O)Nc1ccccc1c2nc(Nc3ccc4[nH]ncc4c3)c5ccccc5n2,10.77
