,molecule_chembl_id,canonical_smiles,pchembl_value
0,crizotinib,[H][C@](C)(OC1=C(N)N=CC(=C1)C1=CN(N=C1)C1CCNCC1)C1=C(Cl)C=CC(F)=C1Cl,8.39
1,CHEMBL475251,COc1cc(Nc2ncc(F)c(Nc3ccc4OC(C)(C)C(=O)Nc4n3)n2)cc(OC)c1OC,7.54
2,CHEMBL603469,C[C@]12O[C@H](C[C@]1(O)CO)n3c4ccccc4c5c6C(=O)NCc6c7c8ccccc8n2c7c35,7.59
3,CHEMBL3310338,Cc1cc(O)cc(c1)c2c(cnn2C)c3cc(NCCCCO)nc(n3)c4cccnc4,7.6
4,CHEMBL3397291,Cc1cc(O)cc(c1)c2nn(CC#N)cc2c3cc(NCCCCO)nc(n3)c4cccnc4,7.62
5,CHEMBL464552,CNC(=O)c1c(F)cccc1Nc2nc(Nc3cc4N(CCc4cc3OC)C(=O)CN(C)C)nc5[nH]ccc25,7.82
6,CHEMBL1230609,COc1cc2c(Oc3ccc(NC(=O)C4(CC4)C(=O)Nc5ccc(F)cc5)cc3F)ccnc2cc1OCCCN6CCOCC6,7.85
7,CHEMBL3310332,Cc1cc(O)cc(c1)c2nn(C)cc2c3cc(nc(n3)c4cccnc4)N5CCOCC5,7.87
8,CHEMBL1983268,CN1CCN(CC1)c2ccc(C(=O)Nc3n[nH]c4ccc(Cc5cc(F)cc(F)c5)cc34)c(NC6CCOCC6)c2,8.16
9,CHEMBL3671320,CC(Cc1c(F)c(F)cc(F)c1F)NC2=C(C(=O)NC=C2)c3nc4c(C)c5CN(C6CCN(C)CC6)C(=O)c5cc4[nH]3,8.63
10,CHEMBL509032,COc1cc(ccc1Nc2ncc(Cl)c(Nc3ccccc3S(=O)(=O)C(C)C)n2)N4CCC(CC4)N5CCN(C)CC5,8.7
11,CHEMBL3301622,CCc1nc(C(=O)N)c(Nc2ccc(N3CCC(CC3)N4CCN(C)CC4)c(OC)c2)nc1NC5CCOCC5,8.72
12,CHEMBL3687220,CCc1nc(C(=O)N)c(Nc2ccc(cc2)N3CCC(CC3)N4CCN(C)CC4)nc1NC5CCOCC5,8.72
13,CHEMBL3397300,COc1cc(ccc1Nc2ncc(Cl)c(Nc3ccccc3P(=O)(C)C)n2)N4CCC(CC4)N(C)C,8.72
14,CHEMBL3545311,COc1cc(ccc1Nc2ncc(Cl)c(Nc3ccccc3P(=O)(C)C)n2)N4CCC(CC4)N5CCN(C)CC5,8.72
15,CHEMBL560733,C[C@H](O)CNc1cc(nc(n1)c2cccnc2)c3cn(CC#N)nc3c4cc(C)cc(O)c4,8.77
16,CHEMBL3687217,CN1CCN(CC1)C2CCN(CC2)c3ccc(Nc4nc(N[C@@H]5CC[C@@H](O)CC5)c(Cl)nc4C(=O)N)cc3C,8.8
17,CHEMBL3687215,CCc1nc(C(=O)N)c(Nc2ccc(N3CCC(CC3)N4CCN(C)CC4)c(C)c2)nc1NC5CCOCC5,8.89
18,CHEMBL3687225,CCc1nc(C(=O)N)c(Nc2ccc(N3CCN(CC3)C4CCN(C)CC4)c(C)c2)nc1NC5CCOCC5,8.92
19,CHEMBL3687200,CCc1nc(C(=O)N)c(Nc2ccc(N3CCC(CC3)N4CCN(C)CC4)c(c2)C(F)(F)F)nc1N[C@@H]5CC[C@@H](O)CC5,9.0
20,CHEMBL3687207,CCc1nc(C(=O)N)c(Nc2ccc(N3CCC(CC3)N4CCN(C)CC4)c(C)c2)nc1N[C@@H]5CC[C@](C)(O)CC5,9.07
21,CHEMBL3687194,CCc1nc(C(=O)N)c(Nc2ccc(cc2)N3CCC(CC3)N4CCN(C)CC4)nc1N[C@@H]5CC[C@@H](O)CC5,9.07
22,CHEMBL3687212,CCc1nc(C(=O)N)c(Nc2ccc(N3CCC(CC3)N4CCN(C)CC4)c(C)c2)nc1N[C@@H]5CC[C@@](C)(O)CC5,9.11
23,CHEMBL3671318,CC(Cc1cc(F)ccc1F)NC2=C(C(=O)NC=C2)c3nc4cc5CN(CCN(C)C)C(=O)c5cc4[nH]3,9.16
24,CHEMBL3687202,CCc1nc(C(=O)N)c(Nc2ccc(N3CCC(CC3)N4CCN(C)CC4)c(C)c2)nc1N[C@@H]5CC[C@@H](O)CC5,9.19
25,CHEMBL3687222,CCc1nc(C(=O)N)c(Nc2ccc(N3CCN(C)CC3)c(F)c2)nc1NC4CCOCC4,9.24
26,CHEMBL3687205,CC(C)c1nc(C(=O)N)c(Nc2ccc(N3CCC(CC3)N4CCN(C)CC4)c(c2)C(F)(F)F)nc1N[C@@H]5CC[C@@H](O)CC5,9.29
27,CHEMBL3687221,CC(C)c1nc(C(=O)N)c(Nc2ccc(cc2)N3CCC(CC3)N4CCN(C)CC4)nc1NC5CCOCC5,9.29
28,CHEMBL3671310,C[C@@H](Cc1c(F)c(F)cc(F)c1F)NC2=C(C(=O)NC=C2)c3nc4cc5C(=O)N(CCN(C)C)C(=O)c5cc4[nH]3,9.36
29,CHEMBL3687224,CC(C)c1nc(C(=O)N)c(Nc2ccc(cc2)N3CCN(C)CC3)nc1NC4CCOCC4,9.39
30,CHEMBL3687191,CCc1nc(C(=O)N)c(Nc2ccc(cc2)N3CCN(C)CC3)nc1N[C@@H]4CC[C@@H](O)CC4,9.4
31,CHEMBL3687210,CCc1nc(C(=O)N)c(Nc2ccc(N3CCN(CC3)C(C)C)c(C)c2)nc1N[C@@H]4CC[C@@H](O)CC4,9.43
32,CHEMBL3671309,C[C@@H](Cc1c(F)c(F)cc(F)c1F)NC2=C(C(=O)NC=C2)c3nc4cc5C(=O)N(Cc5cc4[nH]3)C6CCN(C)CC6,9.52
33,CHEMBL3687223,COc1cc(Nc2nc(NC3CCOCC3)c(nc2C(=O)N)C(C)C)ccc1N4CCN(C)CC4,9.54
34,CHEMBL1980995,CNC1CC2OC(C)(C1OC)n3c4ccccc4c5c6CNC(=O)c6c7c8ccccc8n2c7c35,9.61
35,CHEMBL3687195,CC(C)c1nc(C(=O)N)c(Nc2ccc(cc2)N3CCN(C)CC3)nc1N[C@@H]4CC[C@@H](O)CC4,9.64
36,CHEMBL3671311,C[C@@H](Cc1c(F)c(F)cc(F)c1F)NC2=C(C(=O)NC=C2)c3nc4cc5C(=O)N(CCN(C)C)Cc5cc4[nH]3,9.69
37,CHEMBL388978,CN[C@@H]1C[C@H]2O[C@@](C)([C@@H]1OC)n3c4ccccc4c5c6CNC(=O)c6c7c8ccccc8n2c7c35,9.7
38,CHEMBL3128069,C[C@@H](Oc1cc(cnc1N)c2sc(nc2C)[C@](C)(O)CO)c3cc(F)ccc3n4nccn4,10.7
10,CHEMBL514409,CCS(=O)(=O)Nc1ccc2NC(=O)\C(=C(/Nc3ccc(CN4CCCCC4)cc3)\c5ccccc5)\c2c1,7.11
31,CHEMBL574738,CCN1CCN(Cc2ccc(NC(=O)Nc3ccc(Oc4cc(NC)ncn4)cc3)cc2C(F)(F)F)CC1,5.77
46,CHEMBL477772,CN(c1ccc2c(C)n(C)nc2c1)c3ccnc(Nc4ccc(C)c(c4)S(=O)(=O)N)n3,6.04
54,CHEMBL608533,CO[C@@H]1[C@@H](C[C@H]2O[C@]1(C)n3c4ccccc4c5c6CNC(=O)c6c7c8ccccc8n2c7c35)N(C)C(=O)c9ccccc9,6.37
118,CHEMBL575265,Cc1cc(O)cc(c1)c2nn(CC#N)cc2c3ccnc(c3)c4cccnc4,6.68
174,CHEMBL1834657,CCN1CCN(CC1)c2ccc(Nc3cc(ncn3)N(C)C(=O)Nc4c(Cl)c(OC)cc(OC)c4Cl)cc2.OP(=O)(O)O,5.49
181,CHEMBL601719,C[C@@H](Oc1cc(cnc1N)c2cnn(c2)C3CCNCC3)c4c(Cl)ccc(F)c4Cl,8.39
182,CHEMBL450786,Cc1[nH]c(\C=C\2/C(=O)Nc3ccc(cc23)S(=O)(=O)Cc4c(Cl)cccc4Cl)c(C)c1C(=O)N5CCC[C@@H]5CN6CCCC6,5.52
188,CHEMBL502835,COC(=O)c1ccc2\C(=C(\Nc3ccc(cc3)N(C)C(=O)CN4CCN(C)CC4)/c5ccccc5)\C(=O)Nc2c1,5.43
190,CHEMBL1908395,Cl.CN(C)CC(=O)N1CCC(CC1)c2ccc(NC(=O)c3nc(c[nH]3)C#N)c(c2)C4=CCCCC4,5.35
196,CHEMBL1287853,Cc1cnc(Nc2ccc(OCCN3CCCC3)cc2)nc1Nc4cccc(c4)S(=O)(=O)NC(C)(C)C,6.22
222,CHEMBL1289926,CNC(=O)c1ccccc1Sc2ccc3c(\C=C\c4ccccn4)n[nH]c3c2,5.5
993,CHEMBL213505,Nc1ncnc2onc(c3ccc(NC(=O)Nc4cccc(c4)C(F)(F)F)cc3)c12,6.7
994,CHEMBL2000568,CC(=O)c1cccc(c1)c2cnc3[nH]ccc3c2,6.1
997,CHEMBL1084546,CN(c1ncccc1CNc2nc(Nc3ccc4NC(=O)Cc4c3)ncc2C(F)(F)F)S(=O)(=O)C,7.9
998,CHEMBL1974328,Cc1cccc(Nc2nc(NC3CCCCC3N)cnc2C(=O)N)c1,8.2
1000,CHEMBL1987034,NS(=O)(=O)c1cccc(Nc2ncc(Br)c(Nc3ccc(OCC#N)cc3)n2)c1,7.2
1001,CHEMBL1993941,CCCn1cc(cn1)c2cnc(N)c3c(csc23)c4ccc(NC(=O)Nc5cccc(F)c5)cc4,5.8
1003,CHEMBL2005886,Cc1cc(cc2[nH]c(nc12)C3=C(NCC(O)c4cccc(Cl)c4)C=CNC3=O)N5CCOCC5,8.3
1007,CHEMBL1973142,CC(=O)Nc1c(sc2ccc(Cl)c(Cl)c12)C(=O)N,6.2
1012,CHEMBL1992342,CCCS(=O)(=O)Nc1ccc(cc1)c2ccc3[nH]nc(N)c3c2,6.2
1021,CHEMBL244378,OC(=O)c1ccccc1Nc2ccnc(Nc3ccc4cn[nH]c4c3)n2,7.1
1027,CHEMBL1986943,OC1CCC(CC1)Nc2nc(Cl)cc(n2)c3c[nH]c4ncccc34,6.8
1030,CHEMBL1978448,CS(=O)(=O)N(Cc1ccc2NC(=O)c3cccn3c2c1)C4CC4,7.3
1031,CHEMBL1993584,OC(COc1cncc(C=Cc2ccncc2)c1)Cc3c[nH]c4ccccc34,5.7
1033,CHEMBL1986263,CCN1C(=O)SC(=C1C)c2ccnc(Nc3cccc(OC)c3)n2,6.8
1034,CHEMBL2000114,CSc1c[nH]c2ncnc(NCCCO)c12,6.0
1042,CHEMBL1970142,CNC(=O)C(C)n1cc(cn1)c2cnc(N)c3c(csc23)c4ccc(NC(=O)Nc5ccc(C)cc5)cc4,8.7
1054,CHEMBL1988163,NS(=O)(=O)c1cccc(Nc2ncc3ccn(c4ccccc4)c3n2)c1,7.6
1058,CHEMBL1989708,CC(O)Cn1cc(cn1)c2cnc(N)c3c(csc23)c4ccc(NC(=O)Nc5cccc(C)c5)cc4,7.0
1063,CHEMBL2002649,COc1ccc2NC(=O)C(=Cc3c[nH]cn3)c2c1,6.4
1066,CHEMBL1995172,Brc1ccc2Cc3cn[nH]c3c2c1,6.0
1067,CHEMBL1973961,COc1cc(ccc1C(=O)Nc2n[nH]c3ccc(Cc4cc(F)cc(F)c4)cc23)N5CCN(C)CC5,6.9
1072,CHEMBL1977346,Ic1cc2C(=O)Nc3ccccc3Nc2nn1,6.3
1083,CHEMBL1969190,COc1ccc(c2ccc(NC(=O)Nc3cc(F)cc(F)c3)cc2)c4c(N)noc14,5.7
1086,CHEMBL1966842,COc1ccc(CN(C)C)cc1Nc2nccc(n2)c3c(nc4sccn34)c5cccc(NC(=O)Cc6ccccc6)c5,5.8
1088,CHEMBL1991674,OC1CCC(CC1)Nc2cc(Cl)nc(n2)c3c[nH]c4ncccc34,6.1
1090,CHEMBL1992306,CNC(=O)c1cc(Oc2ccc(NC(=O)Nc3cccc(c3)C(F)(F)F)cc2)ccn1,6.0
1091,CHEMBL2002165,CC(O)Cn1cc(cn1)c2cnc(N)c3c(csc23)c4ccc(NC(=O)Nc5cccc(F)c5)cc4,6.2
1092,CHEMBL1982711,NC(=O)c1ccc(cc1)c2c[nH]c3nccc(Cl)c23,7.1
1093,CHEMBL1979318,Cc1n[nH]c2OC(=C(C#N)C(c3ccccc3I)c12)N,6.2
1095,CHEMBL1998585,Nc1ncnc2scc(c3ccc(NC(=O)Nc4cc(ccc4F)C(F)(F)F)cc3)c12,6.4
1101,CHEMBL461876,COc1cc2CCN(C(=O)CN(C)C)c2cc1Nc3nc(Nc4cccc(F)c4C(=O)N)c5cc[nH]c5n3,8.6
1102,CHEMBL1988838,Cc1cnc(Nc2cccc(c2)S(=O)(=O)N)nc1Nc3ccc(OCC(=O)N)cc3,7.5
1103,CHEMBL2001485,CC(C(=O)N(C)C)n1cc(cn1)c2cnc(N)c3c(csc23)c4ccc(NC(=O)Nc5ccc(C)cc5)cc4,7.6
1105,CHEMBL1982753,NC1CCCCC1Nc2ccc(C(=O)N)c(Nc3cccc(Cl)c3)n2,6.5
1106,CHEMBL1981725,CCN1CCN(CC1)c2ccc(Nc3nccc(n3)c4c(nc5ccccn45)c6cccc(c6)C(=O)Nc7ccccc7F)cc2,6.9
1107,CHEMBL1972346,Oc1cc(O)cc(C=Cc2ccc(O)c(O)c2)c1,6.1
1109,CHEMBL1978099,CNC(=O)COc1ccc(Nc2nc(Nc3ccc(C)c(c3)S(=O)(=O)N)ncc2F)cc1,6.8
1110,CHEMBL1988608,CC(=O)Nc1cccc(CNC2=C(Nc3ccc4[nH]ncc4c3)C(=O)C2=O)c1,5.7
1116,CHEMBL1998159,Cc1n[nH]c2cnc(cc12)c3cncc(OCC(N)Cc4cccc(c4)C(F)(F)F)c3,6.4
1118,CHEMBL539474,O=C1CCCN1Cc2ccc3c(NC(=O)c4cccn34)c2,6.5
1121,CHEMBL1988387,Cn1cc(cn1)c2cnc(N)c3c(csc23)c4ccc(NC(=O)Nc5ccc(OC(F)F)cc5)cc4,8.5
1139,CHEMBL1682545,N(c1ccccc1)c2nc(cs2)c3ccc4[nH]ncc4c3,5.8
1140,CHEMBL220057,Cc1cccc(NC(=O)Nc2ccc(cc2)c3cccc4[nH]nc(N)c34)c1,5.7
1148,CHEMBL1980163,C(Oc1ccc(Nc2ncnc3ccccc23)cc1)c4ccccc4,6.1
1156,CHEMBL1998953,C1CCN(CC1)c2ncnc3[nH]cc(c4ccccc4)c23,6.0
1158,CHEMBL1974870,Cc1n[nH]c2ccc(cc12)c3cncc(OCC(N)Cc4cccc(Cl)c4)c3,6.2
1161,CHEMBL1976134,c1cc2cc(cnc2[nH]1)c3ccc4cn[nH]c4c3,6.8
1162,CHEMBL1965131,Cc1ccc(cc1)C(=O)Nc2c(sc3ccc(Cl)c(Cl)c23)C(=O)N,6.2
1163,CHEMBL1970903,Cc1n[nH]c2ccc(cc12)c3cncc(OCC(N)Cc4c[nH]c5ccccc45)c3,6.1
1165,CHEMBL482767,OC(=Nc1cccc(Cl)c1)Nc2ncc(CCN=C3NC=Nc4ccsc34)s2,5.8
1175,CHEMBL1993424,NS(=O)(=O)c1cccc(Nc2ncc3ccn(Cc4ccccc4)c3n2)c1,8.1
1187,CHEMBL2001751,NC(COc1cncc(c1)c2ccc3NC(=O)C(=Cc4occc4)c3c2)Cc5c[nH]c6ccccc56,6.0
1189,CHEMBL1971943,Cc1c[nH]c2nccc(Oc3c(F)cc(Nc4cc(Cl)nc(N)n4)cc3F)c12,6.4
1193,CHEMBL1997924,C(Nc1nc(Nc2cc([nH]n2)C3CC3)c4sccc4n1)c5ccccc5,9.0
1196,CHEMBL1988537,COc1ccc(cc1)C(=O)N2c3ccccc3Sc4c(Cl)cncc24,6.2
1199,CHEMBL2002240,CC(=O)Nc1cc(N)c(C#N)c(n1)c2ccc3ccccc3c2,5.8
1209,CHEMBL1998611,NC(=O)c1sc2c(Br)ccc(Cl)c2c1N,5.7
1210,CHEMBL1967878,CN1CCN(CC1)c2ccc(Nc3ncc(F)c(NC4C5CC(C=C5)C4C(=O)N)n3)cc2C,8.6
1218,CHEMBL1996979,Fc1cccc(F)c1C(=O)Nc2cnc3[nH]cc(c4ccccc4)c3c2,5.8
1223,CHEMBL2000393,Fc1ccc2ncn(c3ncc4NC(=O)N(C5CCOc6c(F)cccc56)c4n3)c2c1,7.7
1224,CHEMBL2004311,Cc1cc(C)cc(NC(=O)Nc2ccc(c(C)c2)c3cccc4C(=O)NCc34)c1,7.2
1225,CHEMBL1992634,Brc1cnc2[nH]cc(c3ccccc3)c2c1,6.2
1226,CHEMBL1242373,Cc1cccc(NC(=O)Nc2ccc3c(CCc4sc5ncnc(N)c5c34)c2)c1,5.7
1237,CHEMBL2001288,Nc1ncnc2c1c(I)nn2C3OC(CO)C(O)C3O,6.1
1238,CHEMBL253969,NC(=O)c1c(NC(=O)NCCCCN2CCCC2)snc1OCc3c(F)cc(Br)cc3F,6.0
1239,CHEMBL1999811,Oc1ccc(C=NNC(=O)Nc2cccc3nsnc23)c(O)c1,6.2
1241,CHEMBL2000481,NCCNS(=O)(=O)c1cccc(c1)C(=O)Nc2ccc(cc2)C3=NNC(=O)c4ccccc34,5.9
1246,CHEMBL396523,OC(=O)c1ccccc1Nc2ccnc(Nc3ccc4[nH]ncc4c3)n2,7.1
1247,CHEMBL1970300,Brc1ccc(CNC(=O)Cc2cccc3cnccc23)cc1,5.8
1260,CHEMBL2000832,COc1cc(ccc1O)c2ccc3C(=O)Nc4cc(ccc4Nc3c2)C(=O)NCc5cccc(F)c5,6.5
1265,CHEMBL1998112,COc1ccc(cc1OC)c2cc3nccn3c(Nc4ccccc4C(=O)N)n2,7.2
1270,CHEMBL1970104,CC(C)(C)c1ccc2nc([nH]c2c1)c3n[nH]c4ccccc34,5.9
1278,CHEMBL1972584,CC(=O)N1CCN(CC1)C2CCC(CC2)n3nc(c4ccc(NC(=O)c5cc6ccccc6n5C)cc4)c7c(N)ncnc37,6.8
1286,CHEMBL1998121,NCCC(C(=O)Nc1ccc2[nH]ncc2c1)c3ccc(Cl)c(Cl)c3,6.2
1288,CHEMBL1976090,Nc1ncnc2c1sc3ncnc(N)c23,5.8
1293,CHEMBL1969537,S=C1NN=C2N1C3=NNC(=S)N3c4sc5CCCc5c24,6.6
1296,CHEMBL1996817,CCCCOc1ncnc2[nH]cc(c3ccccc3)c12,7.1
1300,CHEMBL483158,COc1cccc(F)c1C2=NCc3cnc(Nc4ccc(C(=O)O)c(OC)c4)nc3c5ccc(Cl)cc25,6.8
1301,CHEMBL2004892,CS(=O)(=O)Nc1ccc(cc1)c2ccc3[nH]nc(N)c3c2,6.4
1308,CHEMBL1970314,NC(=O)c1cc(cc2cccnc12)c3cccc(N)c3,7.0
1318,CHEMBL271381,COc1ccc(c2ccc(NC(=O)Nc3cccc(Br)c3)cc2)c4c(N)noc14,6.2
1321,CHEMBL1982466,Cc1ccc(NC(=O)Nc2ccc(cc2)c3csc4c(cnc(N)c34)c5cnn(C)c5)cc1,8.4
1322,CHEMBL306380,Cc1ccc(cc1)c2nn(c3ncnc(N)c23)C(C)(C)C,5.7
1323,CHEMBL1966722,OC(C(=O)NNC(=S)Nc1ccc(Cl)cc1)(c2ccccc2)c3ccccc3,5.7
1325,CHEMBL1975500,COc1cc(ccc1O)c2ccc3C(=O)Nc4cc(ccc4Nc3c2)C(=O)NCCNC(=O)C,6.3
1329,CHEMBL411903,Nc1ncnc2NCCC(=Nc12)c3ccc(NC(=O)Nc4cc(ccc4F)C(F)(F)F)cc3,6.6
1332,CHEMBL1998414,Cc1n[nH]c2sc(cc12)C(=O)NCCc3ccc(Cl)cc3,6.1
1334,CHEMBL422897,CN1CCC(C(O)C1)c2c(O)cc(O)c3C(=O)C=C(Oc23)c4ccccc4Cl,6.6
1342,CHEMBL2007064,Cc1[nH]c(C=C2C(=O)Nc3ccccc23)c(C)c1CCC(=O)O,6.0
1345,CHEMBL1981047,COC(C(=O)N1Cc2[nH]nc(NC(=O)c3ccc(cc3)N4CCN(C)CC4)c2C1)c5ccccc5,8.1
1346,CHEMBL1991063,Cc1n[nH]c2ccc(cc12)c3cncc(OCC(N)Cc4ccc(Cl)c(Cl)c4)c3,6.2
1352,CHEMBL482967,Cc1nc(N)sc1c2ccnc(Nc3ccc(cc3)N4CCOCC4)n2,6.9
1361,CHEMBL458997,CNC(=O)c1ccccc1Nc2nc(Nc3ccc(cc3OC)N4CCOCC4)ncc2Cl,8.3
1363,CHEMBL1965836,Cc1n[nH]c2ccc(cc12)c3cncc(OCC(N)Cc4cccc(OC(F)(F)F)c4)c3,6.0
1364,CHEMBL1971021,Cc1cc(C)cc(NC(=O)Nc2ccc(c3cccc4C(=O)NCc34)c(c2)C(F)(F)F)c1,6.4
1365,CHEMBL583144,Clc1ccc(Cl)c2c3N=CNC(=O)c3sc12,5.9
1366,CHEMBL1974310,NC(=O)c1cc2c(cncc2s1)c3ccc(F)cc3,5.8
1367,CHEMBL1982660,COc1ccc2c(NC(=O)Nc3cccc(n3)C(F)(F)F)ccnc2c1,7.2
1369,CHEMBL1994938,Nc1ncc(C=CC(=O)NCCCn2ccnc2)c3scc(c4ccc(Br)cc4)c13,6.0
1370,CHEMBL1825138,CC(Oc1cc(cnc1N)c2cnn(c2)C3CCNCC3)c4c(Cl)ccc(F)c4Cl,8.8
1371,CHEMBL1982957,NC(=O)c1cccc(c1)c2cnc3[nH]cc(c4ccccc4)c3c2,6.1
1375,CHEMBL1997846,Clc1cc(NC2CCCCC2)nc(n1)c3c[nH]c4ncccc34,6.7
1382,CHEMBL1983111,CC(=O)NCC(=O)N1C2CCC1c3cc(Nc4ncc(c(NC5CCC5)n4)C(F)(F)F)ccc23,7.5
1388,CHEMBL2004544,Oc1cccc2c(ccc(NCc3ccc4OCOc4c3)c12)S(=O)(=O)O,5.7
1391,CHEMBL1970873,Cc1ccc2Nc3ccccc3NC(=O)c2c1,5.8
1395,CHEMBL1986328,CN(C)C(=O)Nc1ccc2nc(c3occc3)c(nc2c1)c4occc4,5.8
1399,CHEMBL1983923,CN1CCN(CC1)c2cc(Nc3cc(C)[nH]n3)nc(C=Cc4ccccc4)n2,6.7
1409,CHEMBL1971245,CN1CCN(CC1)c2cccc(Nc3nccc(n3)c4c(nc5ccccn45)C(=O)N)c2,6.6
1412,CHEMBL1972142,O=C(NCc1ccccc1)c2cccc(c2)c3cnc4[nH]ccc4c3,6.1
1413,CHEMBL1969502,O=C(Nc1cc2C(=O)NN=Cc3c[nH]c(c1)c23)C4CC4c5ccccc5,7.1
1425,CHEMBL1375640,Cc1nc(COc2ccccc2Cl)sc1c3ccnc(N)n3,6.1
1426,CHEMBL340384,NC(=O)C1=CN(c2ccc(O)cc2Cl)c3cc(ccc3C1=O)c4ccncc4,6.3
1428,CHEMBL1964804,CS(=O)(=O)NCCOc1cncc(c1)c2ccc3cnccc3c2,5.9
1433,CHEMBL592030,NCCCn1cc(c2cc(c3cc4ccccc4s3)c5[nH]ncc5c2)c6nc(N)ncc16,6.7
1434,CHEMBL2000071,OCCCNc1ncnc2[nH]cc(c3ccccc3)c12,6.1
1436,CHEMBL1967720,CC(C)(C(=O)N)n1cc(cn1)c2cnc(N)c3c(csc23)c4ccc(NC(=O)Nc5cccc(F)c5)cc4,5.9
1442,CHEMBL1989029,CC(C)OC1=NNC(=O)C1=Cc2c[nH]c3ccccc23,6.6
1453,CHEMBL1979883,CN(C)CC#Cc1cnc(N)c2c(csc12)c3ccc(NC(=O)Nc4cccc(C)c4)cc3,6.0
1454,CHEMBL1997051,COc1ccc(CN(C)C)cc1Nc2nccc(n2)c3c(nc4sccn34)c5cccc(NC(=O)c6c(F)cccc6F)c5,6.5
1456,CHEMBL1984162,COCCOC1CCC(CC1)n2nc(c3ccc(Nc4oc5c(C)cc(C)cc5n4)cc3)c6c(N)ncnc26,5.7
1458,CHEMBL491758,Fc1cnc(Nc2ccccc2)nc1Nc3ccccc3,6.7
1460,CHEMBL1997617,CN1CCN(CC1)C2CCC(CC2)n3cc(c4ccc(Oc5ccccc5)cc4)c6c(N)ncnc36,6.0
1465,CHEMBL1970189,Cc1n[nH]c2OC(=C(C#N)C(c3ccccc3Cl)c12)N,7.7
1467,CHEMBL1996791,Nc1ncnc2c1c(I)nn2C3CCC(O)CC3,7.5
1469,CHEMBL1983932,COc1ccc2c(NC(=O)Nc3cccc(Br)n3)ccnc2c1,7.6
1470,CHEMBL1987910,Nc1nccc2scc(c3ccc(NC(=O)Nc4ccccc4C(F)(F)F)cc3)c12,6.5
1473,CHEMBL1980297,Nc1ncc(c2cnn(CCO)c2)c3scc(c4ccc(NC(=O)Nc5cccc(F)c5)cc4)c13,8.3
1478,CHEMBL243088,OC(=O)c1ccccc1Nc2ccnc(Nc3cccc(O)c3)n2,7.2
1481,CHEMBL1993661,CNS(=O)(=O)c1ccccc1Nc2nc(Nc3cc(OC)c(OC)c(OC)c3)ncc2Cl,9.4
1482,CHEMBL2004615,CSc1nn(c(N)c1C(=O)N)c2ccccn2,6.2
1483,CHEMBL1980391,COc1cc2Nc3n[nH]c(C)c3N=C(c4ccccc4Cl)c2cc1F,7.7
1484,CHEMBL1997872,O=C(N1CCOCC1)c2cccc(c2)c3cnc4[nH]ccc4c3,5.8
1485,CHEMBL1966343,CC(C)Cc1cc(on1)c2ccc3[nH]nc(N)c3c2,6.8
1492,CHEMBL2178804,Cn1cc(NC(=O)c2cnn3ccc(N)nc23)c(n1)c4cc(Cl)ccc4Cl,4.82
1824,CHEMBL2403108,CC(C)Oc1cc(C2CCNCC2)c(C)cc1Nc3ncc(Cl)c(Nc4ccccc4S(=O)(=O)C(C)C)n3,6.85
1841,CHEMBL3310329,COc1cc(C)cc(c1)c2c(cnn2C)c3cc(nc(n3)c4cccnc4)N5CC(O)C5,7.13
1842,CHEMBL3310330,COc1cc(C)cc(c1)c2c(cnn2C)c3cc(NCCCCO)nc(n3)c4cccnc4,6.86
1843,CHEMBL3310331,COc1cc(C)cc(c1)c2c(cnn2C)c3cc(NC[C@H](C)O)nc(n3)c4cccnc4,6.55
1845,CHEMBL3310333,Cc1cc(O)cc(c1)c2nn(C)cc2c3cc(nc(n3)c4cccnc4)N5CC(O)C5,7.06
1846,CHEMBL3310334,Cc1cc(O)cc(c1)c2nn(C)cc2c3cc(NCCCCO)nc(n3)c4cccnc4,6.88
1847,CHEMBL3310335,C[C@H](O)CNc1cc(nc(n1)c2cccnc2)c3cn(C)nc3c4cc(C)cc(O)c4,6.98
1848,CHEMBL3310336,Cc1cc(O)cc(c1)c2c(cnn2C)c3cc(nc(n3)c4cccnc4)N5CCOCC5,7.04
1849,CHEMBL3310337,Cc1cc(O)cc(c1)c2c(cnn2C)c3cc(nc(n3)c4cccnc4)N5CC(O)C5,7.25
1851,CHEMBL3310504,C[C@H](O)CNc1cc(nc(n1)c2cccnc2)c3cnn(C)c3c4cc(C)cc(O)c4,6.86
1854,CHEMBL3310328,COc1cc(C)cc(c1)c2c(cnn2C)c3cc(nc(n3)c4cccnc4)N5CCOCC5,6.98
1855,CHEMBL3310327,COc1cc(C)cc(c1)c2nn(C)cc2c3cc(NC[C@H](C)O)nc(n3)c4cccnc4,6.62
1856,CHEMBL3310326,COc1cc(C)cc(c1)c2nn(C)cc2c3cc(NCCCCO)nc(n3)c4cccnc4,7.2
1857,CHEMBL3310325,COc1cc(C)cc(c1)c2nn(C)cc2c3cc(nc(n3)c4cccnc4)N5CC(O)C5,6.97
1858,CHEMBL3310324,COc1cc(C)cc(c1)c2nn(C)cc2c3cc(nc(n3)c4cccnc4)N5CCOCC5,7.23
1870,CHEMBL3397294,COCCCNc1cc(nc(n1)c2cccnc2)c3cnc(C)nc3c4ccc(F)cc4Cl,5.88
1871,CHEMBL3397295,COCCCNc1cc(nc(n1)c2cccnc2)c3cnc(C)nc3c4ccc(Cl)cc4Cl,6.45
1874,CHEMBL3397298,Cc1ncc(c2ccnc(c2)c3cccnc3)c(n1)c4ccc(F)cc4Cl,6.24
1875,CHEMBL3397299,Cc1ncc(c2ccnc(c2)c3cccnc3)c(n1)c4ccc(Cl)cc4Cl,6.48
1876,CHEMBL3397284,COc1cc(C)cc(c1)c2nn(CC#N)cc2c3cc(NCC(C)C)nc(n3)c4cccnc4,6.04
1877,CHEMBL3397285,COc1cc(C)cc(c1)c2nn(CC#N)cc2c3cc(NCCCO)nc(n3)c4cccnc4,6.92
1878,CHEMBL3397286,COc1cc(C)cc(c1)c2nn(CC#N)cc2c3cc(NCCCCO)nc(n3)c4cccnc4,7.25
1879,CHEMBL3397287,COc1cc(C)cc(c1)c2nn(CC#N)cc2c3cc(NCCN4CCOCC4)nc(n3)c5cccnc5,6.83
1880,CHEMBL3397288,COc1cc(C)cc(c1)c2nn(CC#N)cc2c3cc(NCCCN4CCOCC4)nc(n3)c5cccnc5,7.06
1881,CHEMBL3397289,CC(C)CNc1cc(nc(n1)c2cccnc2)c3cn(CC#N)nc3c4cc(C)cc(O)c4,6.11
1882,CHEMBL3397290,Cc1cc(O)cc(c1)c2nn(CC#N)cc2c3cc(NCCCO)nc(n3)c4cccnc4,6.97
1884,CHEMBL3397292,Cc1cc(O)cc(c1)c2nn(CC#N)cc2c3cc(NCCN4CCOCC4)nc(n3)c5cccnc5,6.32
1885,CHEMBL3397293,Cc1cc(O)cc(c1)c2nn(CC#N)cc2c3cc(NCCCN4CCOCC4)nc(n3)c5cccnc5,6.74
1900,CHEMBL3397301,COc1ccc(cc1)c2cc(ccn2)c3c[nH]nc3c4cc(C)cc(OC)c4,5.9
1901,CHEMBL3397302,COc1cc(C)cc(c1)c2c(cnn2CC#N)c3ccnc(c3)c4ccc(NC(=O)C)cc4,5.2
1902,CHEMBL3415599,COc1cc(C)nc(Nc2cc(N[C@@H]3CS(=O)(=O)CC[C@@H]3N)cnc2C(=O)N)c1,7.37
1903,CHEMBL3416026,N[C@H]1CCCC[C@H]1Nc2nnc(C(=O)N)c(Nc3cccc4cc[nH]c34)n2,6.92
1906,CHEMBL3582442,OC1CCN(CC1)c2cc(ccn2)c3cnc4ccc(nn34)N5CCC[C@@H]5c6cccc(F)c6,6.68
1907,CHEMBL3582441,OC(=O)CN1CCN(CC1)c2cc(ccn2)c3cnc4ccc(nn34)N5CCC[C@@H]5c6cccc(F)c6,7.22
1908,CHEMBL3582439,Fc1cccc(c1)[C@H]2CCCN2c3ccc4ncc(c5ccccn5)n4n3,6.22
1909,CHEMBL3582427,N#Cc1ccc(cc1)c2cnc3ccc(NCc4ccccc4)nn23,6.52
1958,CHEMBL3818247,CN1C(=O)COc2c1cnc3ccc(Sc4nnc5c(F)cc(cn45)c6cnn(C)c6)cc23,5.55
