,molecule_chembl_id,canonical_smiles,pchembl_value
0,sunitinib,CCN(CC)CCNC(=O)c1c(C)[nH]c(\C=C\2/C(=O)Nc3ccc(F)cc23)c1C,7.77
1,CHEMBL3297945,COc1cccc(F)c1c2cccc3nc(Nc4cc(OC)c(OC)c(OC)c4)oc23,7.7
2,CHEMBL3298039,COc1ccccc1c2cccc3nc(Nc4cc(OC)c(OC)c(OC)c4)oc23,7.7
3,CHEMBL3779984,CN(C)c1ncnc2c1c(c3ccc(C)cc3)c(C(=O)CF)n2CCCO,7.82
4,CHEMBL388978,CN[C@@H]1C[C@H]2O[C@@](C)([C@@H]1OC)n3c4ccccc4c5c6CNC(=O)c6c7c8ccccc8n2c7c35,8.0
5,CHEMBL3297951,COc1ccc(Nc2oc3c(cccc3n2)c4c(F)cccc4OC)cc1O[C@H]5CCNC5,8.0
6,CHEMBL6291,Cn1cc(C2=C(C(=O)NC2=O)c3cn(CCCSC(=N)N)c4ccccc34)c5ccccc15,8.0
7,CHEMBL2064666,COc1c2CC[C@H](CCc2ccc1Nc3ncc(Cl)c(N[C@@H]4[C@@H]5C[C@@H](C=C5)[C@@H]4C(=O)N)n3)N6CCOCC6,8.16
8,CHEMBL3298194,COc1cc(Nc2oc3c(cccc3n2)c4cccc5[nH]cnc45)cc(OC)c1OC,8.4
9,CHEMBL495727,O=C(NC1CC1)Nc2c[nH]nc2c3nc4cc(CN5CCOCC5)ccc4[nH]3,9.0
