,molecule_chembl_id,canonical_smiles,pchembl_value
0,dasatinib,CC1=NC(NC2=NC=C(S2)C(=O)NC2=C(C)C=CC=C2Cl)=CC(=N1)N1CCN(CCO)CC1,9.68
1,bosutinib,COc1cc(Nc2c(cnc3cc(OCCCN4CCN(C)CC4)c(OC)cc23)C#N)c(Cl)cc1Cl,9.0
2,CHEMBL3648046,CN1CCN(CCCOc2cccc(Nc3nnc4cc(cc(C)c4n3)c5c(Cl)cccc5Cl)c2)CC1,7.54
3,CHEMBL3347637,COC(=O)c1cc2cc(NC(=O)c3c(Cl)cccc3Cl)cnc2[nH]1,7.54
4,CHEMBL211191,COc1cc(Nc2c(cnc3cc(C#Cc4cccc(CN(C)C)n4)c(OC)cc23)C#N)cc(OC)c1OC,7.54
5,CHEMBL103293,COc1cc(Nc2c(cnc3cc(ccc23)c4cccc(CCN5CCOCC5)c4)C#N)c(Cl)cc1Cl,7.54
6,CHEMBL330351,COc1cc(Nc2c(cnc3cc4c(cc23)ncn4CCN5CCOCC5)C#N)c(C)cc1Cl,7.54
7,CHEMBL3648067,Cc1cccc(C)c1c2cc(C)c3nc(Nc4ccc(cc4)S(=O)(=O)NCCCN5CCCC5)nnc3c2,7.54
8,CHEMBL3651196,Cc1cccc(C)c1c2cc(C)c3nc(Nc4cccc(c4)S(=O)(=O)NCCN5CCNCC5)nnc3c2,7.54
9,CHEMBL3604921,CN1CCN(CC1)c2cc(Nc3cc(C)[nH]n3)nc(Oc4cccc(NC(=O)C=C)c4)n2,7.55
10,CHEMBL3658095,CN1CCN(CC1)c2ccc(Nc3ncc4C(=O)N(CCc4n3)c5cc(NC(=O)c6cccc(c6)C(C)(C)C)ccc5C)cc2,7.55
11,CHEMBL104071,CN1CCN(CCCOc2ccc(Nc3cc4N(C)C(=O)C(=Cc4cn3)c5c(Cl)cccc5Cl)cc2)CC1,7.55
12,CHEMBL128241,COc1cc(Nc2c(cnc3cc(OC)c(OCCCN4CCOCC4)cc23)C#N)c(Cl)cc1Cl,7.55
13,CHEMBL1087216,COc1cc(Nc2c(cnc3cc(\C=C\c4cccc(CN(C)C)n4)c(OC)cc23)C#N)c(Cl)cc1Cl,7.55
14,CHEMBL103839,COc1cc(Nc2c(cnc3cc(ccc23)c4cccc(CN5CCOCC5)c4)C#N)c(Cl)cc1Cl,7.55
15,CHEMBL167890,COc1cc2c(Nc3c(F)ccc4OCOc34)ncnc2cc1OCCCN5CCOCC5,7.55
16,CHEMBL230686,Cc1cc(cc2nnc(Nc3ccc(OCCN4CCCC4)cc3)nc12)c5c(Cl)cccc5Cl,7.55
17,CHEMBL3310054,Brc1ccc(Nc2ncnc3ccc(NC(=O)Cc4cccc(Br)c4)cc23)cc1,7.56
18,CHEMBL3648065,CN1CCN(CCCNC(=O)c2cccc(Nc3nnc4cc(cc(C)c4n3)c5c(C)cccc5C)c2)CC1,7.56
19,CHEMBL3648043,CN1CCN(CCOc2cccc(Nc3nnc4cc(cc(C)c4n3)c5c(Cl)cccc5Cl)c2)CC1,7.56
20,CHEMBL3651242,CCOc1cc2nc(Nc3ccc(cc3)S(=O)(=O)NCCN4CCCC4)nnc2cc1c5ccccc5C,7.57
21,CHEMBL3823861,CN(C)CC1CCN(CCn2nc(c3cnc4[nH]ccc4c3)c5c(N)ncnc25)CC1,7.57
22,CHEMBL3658119,CN1CCN(CC1)C(=O)c2ccc(Nc3ncc4CN(CCc4n3)c5cc(NC(=O)c6cc(ccn6)C(F)(F)F)ccc5C)cc2,7.57
23,CHEMBL3658118,CN1CCN(CC1)c2ccc(Nc3ncc4C(=O)N(CCc4n3)c5cc(NC(=O)c6cc(ccn6)C(F)(F)F)ccc5C)cc2,7.57
24,CHEMBL3658115,CN1CCN(CC1)c2ccc(Nc3ncc4C(=O)N(CCc4n3)c5cc(NC(=O)c6cccc(c6)C(F)(F)F)ccc5Cl)cc2,7.57
25,CHEMBL416091,COc1cc(Cc2nn([C@@H]3CC[C@H](CC3)N4CCN(C)CC4)c5ncnc(N)c25)ccc1NC(=O)[C@@H]6C[C@H]6c7ccccc7,7.57
26,CHEMBL248393,COc1cc2c(N[C@@H]3C[C@H]3c4ccccc4)c(cnc2cc1OCCCN5CCN(C)CC5)C#N,7.57
27,CHEMBL169200,COc1cccc(c1)c2cn(C3CCN(CCO)CC3)c4ncnc(N)c24,7.57
28,CHEMBL3648031,Cc1cc(cc2nnc(Nc3cccnc3)nc12)c4c(Cl)cccc4Cl,7.57
29,CHEMBL3651235,Cc1cc2nc(Nc3cccnc3)nnc2cc1c4cc(O)ccc4F,7.57
30,CHEMBL3651243,Cc1cc(F)ccc1c2cc3nnc(Nc4ccc(OCCN5CCCC5)cc4)nc3cc2C,7.58
31,CHEMBL3648054,Cc1cccc(C)c1c2cc(C)c3nc(Nc4cccc(c4)S(=O)(=O)NCCN5CCCC5)nnc3c2,7.58
32,CHEMBL433046,CC(=O)N[C@@H](Cc1ccc(OP(=O)(O)O)cc1)C(=O)N[C@H]2CCCCN(Cc3ccc(cc3)c4ccccc4C#N)C2=O,7.59
33,CHEMBL3651194,CN(CCN1CCCC1)S(=O)(=O)c2ccc(Nc3nnc4cc(cc(C)c4n3)c5c(C)cccc5C)cc2,7.59
34,CHEMBL3658116,CN1CCN(CC1)C(=O)c2ccc(Nc3ncc4CN(CCc4n3)c5cc(NC(=O)CCC(F)(F)F)ccc5C)cc2,7.59
35,CHEMBL565546,COc1cc(Nc2c(cnc3cc(ccc23)c4cc(CN5CCOCC5)ccn4)C#N)c(Cl)cc1Cl,7.59
36,CHEMBL220931,Cc1cccc(C)c1c2cc(C)c3nc(Nc4cccc(NS(=O)(=O)CCN5CCCC5)c4)nnc3c2,7.59
37,CHEMBL1778662,Cl.CC(CCCC(C)(C)O)Nc1nc(Nc2cc(C)[nH]n2)cc(C)c1C#N,7.59
38,CHEMBL474825,CC(C)(C)OC(=O)N1C[C@@H](C[C@H]1CO)n2cc(c3ccc(O)cc3)c4c(N)ncnc24,7.6
39,CHEMBL1242110,CC(C)n1nc(c2cccc(O)c2F)c3c(N)ncnc13,7.6
40,CHEMBL2036007,CCn1cnc2c(Nc3ccc(cc3)P(=O)(C)C)nc(nc12)C(C)C,7.6
41,CHEMBL3648045,CN1CCN(CCCOc2ccc(Nc3nnc4cc(cc(C)c4n3)c5c(Cl)cccc5Cl)cc2)CC1,7.6
42,CHEMBL419428,COCCOc1cc2ncc(C#N)c(Nc3cc(OC)c(OC)c(OC)c3)c2cc1OCCOC,7.6
43,CHEMBL192652,COc1cc(Nc2c(cnc3cc(sc23)c4ccc(CN5CCN(C)CC5)s4)C#N)c(Cl)cc1Cl,7.6
44,CHEMBL261744,COc1cc(Nc2nn3c(cc(nc3c2C(=O)N)C4CC4)N5CCC[C@H]5CO)cc(OC)c1,7.6
45,CHEMBL1836679,CSc1nc(Nc2cccc(Cl)c2)c3cnn(CC(C)c4ccccc4)c3n1,7.6
46,CHEMBL1836678,CSc1nc(Nc2ccccc2)c3cnn(CC(C)c4ccccc4)c3n1,7.6
47,CHEMBL3648063,Cc1cc(cc2nnc(Nc3ccc(OCCN4CCCC4)c(c3)C#N)nc12)c5c(Cl)cccc5Cl,7.6
48,CHEMBL231316,Cc1ccc(cc1c2cc(C)c3nc(Nc4ccc(cc4)S(=O)(=O)NCCN5CCCC5)nnc3c2)C#N,7.6
49,CHEMBL1241770,Nc1ncnc2c1c(nn2CC3CCNC3)c4ccc(Cl)c(O)c4,7.6
50,CHEMBL386051,CSc1cccc(Nc2ncc3C=C(C(=O)N(C)c3n2)c4c(Cl)cccc4Cl)c1,7.61
51,CHEMBL169043,CC(C)(C)OC(=O)N1C[C@H](C[C@@H]1CO)n2cc(c3ccc(O)cc3)c4c(N)ncnc24,7.62
52,CHEMBL107423,CCN(CC)CCCCCNc1cc2N(C)C(=O)C(=Cc2cn1)c3c(Cl)cccc3Cl,7.62
53,CHEMBL3681949,COCCOCCOCCNC(=O)c1cc(Nc2nccc(Oc3ccc(NC(=O)Nc4cc(cc(NS(=O)(=O)C)c4OC)C(C)(C)C)c5ccccc35)n2)cc(c1)C#C,7.62
54,CHEMBL569256,COc1cc(Nc2c(cnc3cc(ccc23)c4cccc(CN5CCOCC5)n4)C#N)c(Cl)cc1Cl,7.62
55,CHEMBL290308,COc1ccc(C)c(Nc2c(cnc3cc(OCC4CCN(C)CC4)c(OC)cc23)C#N)c1,7.62
56,CHEMBL1242566,Nc1ncnc2c1c(nn2C3CCC3)c4ccc(F)c(O)c4,7.62
57,CHEMBL3651265,CC(C)N(CCN1CCCC1)S(=O)(=O)c2ccc(Nc3nnc4cc(cc(C)c4n3)c5c(Cl)cccc5Cl)cc2,7.64
58,CHEMBL301483,CCNC(=O)Nc1nc2nc(NCCCCN(CC)CC)ncc2cc1c3c(Cl)cccc3Cl,7.64
59,CHEMBL104414,CN1CCN(CC1)c2ccc(Nc3cc4N(C)C(=O)C(=Cc4cn3)c5c(Cl)cccc5Cl)cc2,7.64
60,CHEMBL3648044,CN1CCN(CCOc2ccc(Nc3nnc4cc(cc(C)c4n3)c5c(Cl)cccc5Cl)cc2)CC1,7.64
61,CHEMBL194992,COc1cc(Nc2c(cnc3cc(sc23)c4ccc(cc4)C(=O)N(C)C)C#N)c(Cl)cc1Cl,7.64
62,CHEMBL1241485,COc1cc(ccc1N)c2nn(C(C)C)c3ncnc(N)c23,7.64
63,CHEMBL101917,COc1cc2ncc(C#N)c(Nc3ccc(Cl)cc3Cl)c2cc1OC,7.64
64,CHEMBL389451,COc1ccc(cc1OC)c2cnc(Nc3c(C)cccc3C)c4cncn24,7.64
65,CHEMBL589630,NC(=O)c1c(N)c([nH]c1c2ccc(Oc3ccccc3)cc2)C(=O)c4c(F)cccc4F,7.64
66,CHEMBL379431,COc1cc(Nc2c(cnc3cc(ccc23)C#Cc4cccc(CN(C)C)n4)C#N)c(Cl)cc1Cl,7.66
67,CHEMBL169064,COc1cccc(c1)c2cn(C3CCN(CC(=O)N)CC3)c4ncnc(N)c24,7.66
68,CHEMBL3701217,Cc1ccc(cc1)n2nc(cc2NC(=O)Nc3ccc(Oc4ccnc(Nc5ccccc5)n4)c6ccccc36)C(C)(C)C,7.66
69,CHEMBL3695576,Cc1ccc(cc1)n2nc(cc2NC(=O)Nc3ccc(Oc4ccnc5NC(=O)C=Nc45)c6ccccc36)C7CC7,7.66
70,CHEMBL3651236,CN(C)c1cccc(Nc2nnc3cc(cc(C)c3n2)c4cc(O)ccc4Cl)c1,7.67
71,CHEMBL3651274,Cc1cc(cc2nnc(Nc3ccc(cc3)S(=O)(=O)CCCN4CCCC4)nc12)c5c(Cl)cccc5Cl,7.67
72,CHEMBL1087127,CC(C)c1cccc(NC(=O)c2ccc(C)c(Nc3nc4ccccc4n3c5cc(N)ncn5)c2)c1,7.68
73,CHEMBL3426221,CC(C)n1nc(C#Cc2cc(ccc2C)C(=O)Nc3ccc(CN4CCOCC4)c(c3)C(F)(F)F)c5c(N)ncnc15,7.68
74,CHEMBL221236,CCOC1CN(C)CCN1c2ccc(Nc3nnc4cc(cc(C)c4n3)c5c(C)cccc5C)cc2,7.68
75,CHEMBL230614,CN1CCN(CCOc2ccc(Nc3nnc4cc(cc(C)c4n3)c5c(C)cccc5C)cc2)CC1,7.68
76,CHEMBL193392,COc1cc(Nc2c(cnc3cc(sc23)c4cccc(CN5CCN(C)CC5)c4)C#N)c(Cl)cc1Cl,7.68
77,CHEMBL222548,COc1cc(Nc2c(cnc3cc(sc23)c4cccc(c4)N5CCN(C)CC5)C#N)c(Cl)cc1Cl,7.68
78,CHEMBL3823451,COc1cc(ccc1NC(=O)OC(C)(C)C)c2nn(CCN3CCN(C)CC3)c4ncnc(N)c24,7.68
79,CHEMBL43577,COc1cc2c(Nc3ccc(Cl)cc3Cl)c(cnc2cc1OCC4CCN(C)CC4)C#N,7.68
80,CHEMBL472038,COc1cc2c(Nc3ccc4nc(N)sc4c3)c(cnc2cc1OCCCN5CCNCC5)C#N,7.68
81,CHEMBL181405,COc1ccc(C)c(Nc2c(cnc3cc(\C=C\c4ccncc4)ccc23)C#N)c1,7.68
82,CHEMBL3648053,Cc1cc(cc2nnc(Nc3ccc(C#N)c(OCCN4CCCC4)c3)nc12)c5c(Cl)cccc5Cl,7.68
83,CHEMBL390479,Cc1cccc(C)c1c2cc(NS(=O)(=O)C)c3nc(Nc4ccc(OCCN5CCCC5)cc4)nnc3c2,7.68
84,CHEMBL1271533,Nc1cc(ccn1)c2cnn3cc(cnc23)c4ccc(OCCN5CCOCC5)cc4,7.68
85,CHEMBL397691,Cc1cc(F)ccc1c2cc3nnc(Nc4ccc(cc4)S(=O)(=O)NCCN5CCCC5)nc3cc2C,7.69
86,CHEMBL386996,CC(C)Oc1cc(OCCN2CCN(CC2)C(=O)C)cc3ncnc(Nc4c(F)ccc5OCOc45)c13,7.7
87,CHEMBL1242293,CC(C)n1nc(c2cnc3[nH]ccc3c2)c4c(N)ncnc14,7.7
88,CHEMBL301612,CN1C(=O)C(=Cc2cnc(Nc3ccccc3)nc12)c4c(Cl)cccc4Cl,7.7
89,CHEMBL227753,CN1CCCC(COc2ccc(cc2)c3cnc(Nc4c(C)cccc4C)c5cncn35)C1,7.7
90,CHEMBL482968,CN1CCN(CC1)c2cc(Nc3cc(C)[nH]n3)nc(\C=C\c4ccccc4)n2,7.7
91,CHEMBL3658121,CN1CCN(CC1)c2ccc(Nc3ncc4C(=O)N(CCc4n3)c5cc(NC(=O)c6cccc(c6)C(F)(F)F)ccc5Cl)cc2C,7.7
92,CHEMBL3658124,CNC(=O)c1ccc(Nc2ncc3CN(CCc3n2)c4cc(NC(=O)c5cc(F)cc(c5)C(F)(F)F)ccc4Cl)cc1,7.7
93,CHEMBL292930,CNS(=O)(=O)c1ccc2NC(=O)\C(=C/c3[nH]c4CCCCc4c3CCCN5CCN(CC(=O)O)CC5)\c2c1,7.7
94,CHEMBL353070,COc1cc2c(Nc3cccc4c(Cl)c[nH]c34)ncnc2cc1OCCCN5CCOCC5,7.7
95,CHEMBL1230609,COc1cc2c(Oc3ccc(NC(=O)C4(CC4)C(=O)Nc5ccc(F)cc5)cc3F)ccnc2cc1OCCCN6CCOCC6,7.7
96,CHEMBL217493,COc1ccc(Cl)c(Nc2ncnc3cc(OCCCN4CCOCC4)cc(OC5CCCCC5)c23)c1,7.7
97,CHEMBL200217,COc1ccc(Cl)c(Nc2ncnc3cc(OCCCN4CCOCC4)cc(OC5CCOCC5)c23)c1,7.7
98,CHEMBL425209,COc1ccc(Cl)c(Nc2ncnc3cc(OCCN4CCOCC4)cc(OC(C)C)c23)n1,7.7
99,CHEMBL104153,COc1ccc(Nc2ncc3C=C(C(=O)N(C)c3n2)c4c(Cl)cccc4Cl)cc1,7.7
100,CHEMBL175409,COc1cccc(c1)c2cn(c3ccc(CC(=O)NCCO)cc3)c4ncnc(N)c24,7.7
101,CHEMBL475584,COc1cccc(c1)c2cn(c3ccc(CCN4CCC(O)CC4)cc3)c5ncnc(N)c25,7.7
102,CHEMBL470925,COc1cccc(c1)c2cn(c3ccc(CCNCCO)cc3)c4ncnc(N)c24,7.7
103,CHEMBL474656,COc1cccc(c1)c2cn(c3ccc(OCCNCCO)cc3)c4ncnc(N)c24,7.7
104,CHEMBL1836680,CSc1nc(Nc2cccc(Br)c2)c3cnn(CC(C)c4ccccc4)c3n1,7.7
105,CHEMBL534948,Cl.CN1CCCC(COc2ccc(cc2)c3cnc(Nc4c(C)cccc4C)c5cncn35)C1,7.7
106,CHEMBL1172957,NS(=O)(=O)c1ccc(Nc2nc(nc3[nH]cnc23)N4CCOCC4)cc1,7.7
107,CHEMBL169570,Nc1ncnc2c1c(cn2C3CCCC3)c4ccc(O)cc4,7.7
108,CHEMBL367442,Nc1ncnc2c1c(cn2c3ccc(CO)cc3)c4ccccc4,7.7
109,CHEMBL473155,Nc1ncnc2c1c(cn2c3ccc(OCCNCCO)cc3)c4cccc(Cl)c4,7.7
110,CHEMBL474657,Nc1ncnc2c1c(cn2c3ccc(OCCNCCO)cc3)c4cccc(F)c4,7.7
111,CHEMBL3706663,Nc1ncnc2c1c(nn2c3cccc(c3)P(=O)(O)CC(=O)O)c4cccc(O)c4,7.7
112,CHEMBL571546,O=C(Cc1ccc(cn1)c2ccc(OCCN3CCOCC3)cc2)NCc4ccccc4,7.7
113,CHEMBL226613,CN(C)c1ccc(cc1)c2cnc(Nc3c(C)cccc3C)c4cncn24,7.72
114,CHEMBL389422,CN1CCCC(COc2cccc(c2)c3cnc(Nc4c(C)cccc4C)c5cncn35)C1,7.72
115,CHEMBL3658092,CN1CCN(CC1)C(=O)c2ccc(Nc3ncc4C(=O)N(CCc4n3)c5cc(NC(=O)c6cccc(c6)C(F)(F)F)ccc5C)cc2,7.72
116,CHEMBL3658090,CN1CCN(CC1)c2ccc(Nc3ncc4C(=O)N(CCc4n3)c5cc(NC(=O)c6cccc(Br)c6)ccc5C)cc2,7.72
117,CHEMBL3426227,CN1CCN(Cc2ccc(NC(=O)c3ccc(C)c(c3)C#Cc4nn(C5CCCC5)c6ncnc(N)c46)cc2C(F)(F)F)CC1,7.72
118,CHEMBL67770,COc1cc(Nc2c(cnc3cc(\C=C\c4ccccn4)ccc23)C#N)c(Cl)cc1Cl,7.72
119,CHEMBL426953,COc1cc(Nc2c(cnc3cc(\C=C\c4ccncc4)ccc23)C#N)cc(OC)c1OC,7.72
120,CHEMBL166650,Clc1ccc(Nc2c(cnc3cc(OCCCN4CCOCC4)c(OCCCN5CCOCC5)cc23)C#N)c(Cl)c1,7.72
121,CHEMBL2151321,CC(C)Oc1cc(n[nH]1)n2cnc3ccc(N[C@@H](C)c4ccc(F)cn4)nc23,7.74
122,CHEMBL3648064,Cc1cccc(C)c1c2cc(C)c3nc(Nc4cccc(c4)C(=O)NC5CCNC5)nnc3c2,7.74
123,CHEMBL3648068,Cc1cccc(C)c1c2cc(C)c3nc(Nc4oc(cc4)C(=O)NCCCN5CCCC5)nnc3c2,7.74
124,CHEMBL566635,CN1C(=O)C(=Cc2cnc(Nc3ccc(NC(=O)CCN)cc3)nc12)c4c(Cl)cccc4Cl,7.75
125,CHEMBL214035,COc1cc(Nc2c(cnc3cc(C#Cc4cc(CN(C)C)ccn4)c(OC)cc23)C#N)c(Cl)cc1Cl,7.75
126,CHEMBL1088120,COc1cc(Nc2c(cnc3cc(\C=C\CCCCN4CCOCC4)c(OC)cc23)C#N)c(Cl)cc1Cl,7.75
127,CHEMBL566174,COc1cc(Nc2c(cnc3cc(ccc23)c4ccc(CN5CCN(C)CC5)cn4)C#N)cc(OC)c1OC,7.75
128,CHEMBL135282,COc1cc2cc3ncc(C#N)c(Nc4ccc(Cl)cc4Cl)c3cc2cc1OC,7.75
129,CHEMBL3651217,Cc1cc2nc(Nc3ccc(OCCN4CCCC4)cc3)nnc2cc1c5cccc(O)c5,7.75
130,CHEMBL3648051,Cc1cccc(C)c1c2cc(C)c3nc(Nc4cccc(c4)C(=O)NCCN5CCCC5)nnc3c2,7.75
131,CHEMBL230820,Cc1cccc(C)c1c2cc(C)c3nc(Nc4cccc(c4)N(CCN5CCCC5)C(=O)c6ccccc6)nnc3c2,7.75
132,CHEMBL1242470,Nc1ncnc2c1c(nn2CCCCC#N)c3ccc(F)c(O)c3,7.75
133,CHEMBL3648058,Cc1cccc(C)c1c2cc(C)c3nc(Nc4oc(cc4)C(=O)NCCN5CCCC5)nnc3c2,7.76
134,CHEMBL3604937,CN1CCN(CC1)c2cc(Nc3n[nH]c4ccccc34)nc(Oc5cccc(NC(=O)C=C)c5)n2,7.77
135,CHEMBL90002,CNc1cc(Nc2nc3ccc(cc3s2)C(=O)Nc4c(C)cccc4Cl)ncn1,7.77
136,CHEMBL386661,CNc1ncc2cc(ccc2n1)c3cc(ccc3C)C(=O)Nc4cc(ccc4OC5CCN(C)CC5)C(F)(F)F,7.77
137,CHEMBL425382,COc1cc(Nc2c(cnc3cc(sc23)c4ccc(CN5CCCCC5)cc4)C#N)c(Cl)cc1Cl,7.77
138,CHEMBL182201,COc1cc2c(Nc3cc(OC)c(OC)c(OC)c3)c(cnc2cc1\C=C\c4ccncc4)C#N,7.77
139,CHEMBL1242114,COc1ccc(cc1O)c2nn(C(C)C)c3ncnc(N)c23,7.77
140,CHEMBL452563,CP(=O)(C)c1ccc(Nc2ncnc3c2ncn3\C=C\c4cccc5[nH]ncc45)cc1,7.77
141,CHEMBL3658091,Cc1ccc(NC(=O)c2cccc(c2)C(F)(F)F)cc1N3CCc4nc(Nc5ccc(cc5)C(=O)NCCCN6CCCC6)ncc4C3=O,7.77
142,CHEMBL3658125,Cc1ccc(NC(=O)c2cccc(c2)C(F)(F)F)cc1N3CCc4nc(Nc5ccc(cc5)N6CCNCC6)ncc4C3=O,7.77
143,CHEMBL306380,Cc1ccc(cc1)c2nn(c3ncnc(N)c23)C(C)(C)C,7.77
144,CHEMBL3695593,Cc1ccc(s1)n2nc(cc2NC(=O)Nc3ccc(Oc4ccnc5NC(=O)C=Nc45)c6ccccc36)C(C)(C)C,7.77
145,CHEMBL1242664,Nc1ncnc2c1c(nn2C3CCCC3)c4ccc5cc[nH]c5c4,7.77
146,CHEMBL1242567,Nc1ncnc2c1c(nn2C3CNC3)c4ccc(F)c(O)c4,7.77
147,CHEMBL574058,CN1C(=O)C(=Cc2cnc(Nc3ccc(F)c(C)c3)nc12)c4c(Cl)cccc4Cl,7.78
148,CHEMBL578006,CCOc1ccc(Nc2ncc3C=C(C(=O)N(C)c3n2)c4c(Cl)cccc4Cl)cc1,7.79
149,CHEMBL3648048,Cc1cccc(C)c1c2cc(C)c3nc(Nc4ccc(cc4)C(=O)NCCN5CCCC5)nnc3c2,7.79
150,CHEMBL3695575,CC(C)(C)c1cc(NC(=O)Nc2ccc(Oc3ccnc4NC(=O)C=Nc34)c5ccccc25)n(n1)c6ccc(Cl)cc6,7.8
151,CHEMBL1242109,CCC(C)n1nc(c2ccc(C)c(O)c2)c3c(N)ncnc13,7.8
152,CHEMBL475264,CCOC(=O)C[C@@H]1C[C@@H](CN1)n2cc(c3ccccc3)c4c(N)ncnc24,7.8
153,CHEMBL110403,CN1CCN(CCOc2ccc(Nc3cc4N(C)C(=O)C(=Cc4cn3)c5c(Cl)cccc5Cl)cc2)CC1,7.8
154,CHEMBL322689,COCCOc1cc2Nc3ncnc(Nc4ccc(Cl)cc4Cl)c3Cc2cc1OC,7.8
155,CHEMBL96081,COc1cc(Nc2c(cnc3cc4[nH]cnc4cc23)C#N)c(Br)cc1Cl,7.8
156,CHEMBL171558,COc1cc2c(Nc3cccc4occc34)ncnc2cc1OCCCN5CCOCC5,7.8
157,CHEMBL360937,COc1ccc(Cl)c(Nc2c(cnc3cc(\C=C\c4ccncc4)ccc23)C#N)c1,7.8
158,CHEMBL3695572,COc1ccc(cn1)n2nc(cc2NC(=O)Nc3ccc(Oc4ccnc5NC(=O)N(C)c45)c6ccccc36)C(C)(C)C,7.8
159,CHEMBL3658086,Cc1ccc(NC(=O)c2cccc(c2)C(F)(F)F)cc1N3CCc4nc(Nc5ccc(OCCN6CCCC6)cc5)ncc4C3=O,7.8
160,CHEMBL3658117,Cc1ccc(NC(=O)c2cccc(c2)C(F)(F)F)cc1N3CCc4nc(Nc5ccc(cc5)S(=O)(=O)NC6CC6)ncc4C3,7.8
161,CHEMBL231235,Cc1cccc(C)c1c2cc(C)c3nc(Nc4ccc(cc4)N(CCN5CCCC5)C(=O)c6ccccc6)nnc3c2,7.8
162,CHEMBL526547,Cc1ccc2nc(Nc3c(cnc4cc(OCCCN5CCCCC5)c(C)cc34)C#N)sc2c1,7.81
163,CHEMBL1242024,CC(C)n1nc(c2ccc(O)cc2C)c3c(N)ncnc13,7.82
164,CHEMBL1230790,CC(C)n1nc(c2cccc(O)c2)c3c(N)ncnc13,7.82
165,CHEMBL352829,CCOC(=O)C[C@H]1C[C@H](CN1)n2cc(c3ccccc3)c4c(N)ncnc24,7.82
166,CHEMBL230719,CN1CCN(CC1)NC(=O)c2ccc(Nc3nnc4cc(cc(C)c4n3)c5c(C)cccc5C)cc2,7.82
167,CHEMBL3426233,CN1CCN(Cc2ccc(NC(=O)c3ccc(C)c(c3)C#Cc4nn(C5CCN(CC5)C(=O)C=C)c6ncnc(N)c46)cc2C(F)(F)F)CC1,7.82
168,CHEMBL3658126,CNC(=O)c1ccc(Nc2ncc3CN(CCc3n2)c4cc(NC(=O)c5cc(ccn5)C(F)(F)F)ccc4Cl)cc1,7.82
169,CHEMBL172514,COCCNCCN1CCC(CC1)n2cc(c3cccc(OC)c3)c4c(N)ncnc24,7.82
170,CHEMBL213988,COc1cc(Nc2c(cnc3cc(C#Cc4ccc(CN(C)C)s4)c(OC)cc23)C#N)c(Cl)cc1Cl,7.82
171,CHEMBL1088121,COc1cc(Nc2c(cnc3cc(\C=C\CCN4CCOCC4)ccc23)C#N)c(Cl)cc1Cl,7.82
172,CHEMBL67293,COc1cc(Nc2c(cnc3cc(\C=C\c4cccnc4)ccc23)C#N)c(Cl)cc1Cl,7.82
173,CHEMBL318429,COc1cc(Nc2c(cnc3cc(c(OC)cc23)c4ccc(CN5CCOCC5)cc4)C#N)c(Cl)cc1Cl,7.82
174,CHEMBL372219,COc1cc(Nc2c(cnc3cc(sc23)c4ccc(CCN5CCN(C)CC5)cc4)C#N)c(Cl)cc1Cl,7.82
175,CHEMBL216369,COc1cc(OCCCN2CCCC2)cc3ncnc(Nc4c(Cl)ccc5OCOc45)c13,7.82
176,CHEMBL355353,COc1cc2ncc(C#N)c(Nc3ccc(Br)cc3Cl)c2cc1OC,7.82
177,CHEMBL198946,COc1ccc(Cl)c(Nc2ncnc3cc(OCCN4CCCC4)cc(OC(C)C)c23)n1,7.82
178,CHEMBL389031,COc1ccc(cc1)c2cnc(Nc3c(C)cccc3C)c4cncn24,7.82
179,CHEMBL199016,COc1ncc(Cl)c(Nc2ncnc3cc(OCCN4CCN(CC4)C(=O)C)cc(OC(C)C)c23)n1,7.82
180,CHEMBL3648062,Cc1cc(cc2nnc(Nc3ccc(OCCN4CCCC4)nc3)nc12)c5c(Cl)cccc5Cl,7.82
181,CHEMBL486370,Cc1cc2c(Nc3ccc4nc(N)sc4c3)c(cnc2cc1OCCN5CCCCC5)C#N,7.82
182,CHEMBL227699,Cc1cccc(C)c1Nc2ncc(c3ccc(OCCN4CCCC4)cc3)n5cncc25,7.82
183,CHEMBL230999,Cc1cccc(C)c1c2ccc3nc(Nc4ccc(OCCN5CCCC5)cc4)nnc3c2,7.82
184,CHEMBL1242657,Nc1ncnc2c1c(nn2[C@H]3CCNC3)c4ccc(F)c(O)c4,7.82
185,CHEMBL3648060,CN(C)CCNS(=O)(=O)c1ccc(Nc2nnc3cc(cc(C)c3n2)c4c(C)cccc4C)cc1,7.84
186,CHEMBL3648061,Cc1cccc(C)c1c2cc(C)c3nc(Nc4nc(cs4)C(=O)NCCN5CCCC5)nnc3c2,7.84
187,CHEMBL231251,CC(=O)Nc1cc(cc2nnc(Nc3ccc(OCCN4CCCC4)cc3)nc12)c5c(C)cccc5C,7.85
188,CHEMBL104357,CCN(CC)C(=O)c1ccc(Nc2ncc3C=C(C(=O)N(C)c3n2)c4c(Cl)cccc4Cl)cc1,7.85
189,CHEMBL401896,CCO\N=C(/C)\c1ccc2c(c1)c3c4CNC(=O)c4c5c(CCc6nn(C)cc56)c3n2C(C)C,7.85
190,CHEMBL377481,CN1CCN(CC1)c2ccc(Nc3nccc(n3)N(C(=O)Oc4c(C)cccc4C)c5ccc6ccccc6c5)cc2,7.85
191,CHEMBL127771,COCCOc1cc2ncc(C#N)c(Nc3cc(OC)c(OC)c(OC)c3)c2cc1OC,7.85
192,CHEMBL102165,COc1cc(Nc2c(cnc3cc(ccc23)c4ccc(CCN5CCOCC5)cc4)C#N)c(Cl)cc1Cl,7.85
193,CHEMBL102595,COc1cc(Nc2c(cnc3cc(ccc23)c4cccc(CN5CCN(C)CC5)c4)C#N)c(Cl)cc1Cl,7.85
194,CHEMBL370693,COc1cc(Nc2c(cnc3cc(sc23)c4ccc(cn4)C(=O)N5CCN(C)CC5)C#N)c(Cl)cc1Cl,7.85
195,CHEMBL192052,COc1cc(Nc2c(cnc3cc(sc23)c4csc(CN(C)C)c4)C#N)c(Cl)cc1Cl,7.85
196,CHEMBL171125,COc1cc2c(Nc3cccc4OCOc34)ncnc2cc1OCCCN5CCOCC5,7.85
197,CHEMBL231219,Cc1cc(cc2nnc(Nc3ccc(cc3)S(=O)(=O)NCCN4CCCC4)nc12)c5c(Cl)cccc5Cl,7.85
198,CHEMBL1081312,Nc1ncnc2c1c(nn2C3CCCC3)c4cnc5[nH]ccc5c4,7.85
199,CHEMBL1242750,Nc1ncnc2c1c(nn2C3CCCCCC3)c4ccc(F)c(O)c4,7.85
200,CHEMBL1242748,Nc1ncnc2c1c(nn2[C@H]3CCOC3)c4ccc(F)c(O)c4,7.85
201,CHEMBL3651240,Cc1cc2nc(Nc3ccc(OCCN4CCCC4)cc3)nnc2cc1c5cc(O)ccc5F,7.86
202,CHEMBL3648066,CN(C)CCCNC(=O)c1cccc(Nc2nnc3cc(cc(C)c3n2)c4c(C)cccc4C)c1,7.88
203,CHEMBL263769,CC(C)Oc1cc(F)ccc1N(C(=O)Oc2c(C)cccc2C)c3ccnc(Nc4ccc(cc4)N5CCN(C)CC5)n3,7.89
204,CHEMBL3639569,CNC(=O)c1ccc(Nc2ncc3CN(CCc3n2)c4cc(NC(=O)c5cccc(c5)C(F)(F)F)ccc4Cl)cc1,7.89
205,CHEMBL3695574,CNS(=O)(=O)Cc1ccc(cc1)n2nc(cc2NC(=O)Nc3ccc(Oc4ccnc5NC(=O)C=Nc45)c6ccccc36)C(C)(C)C,7.89
206,CHEMBL41633,COc1cc(Nc2c(cnc3cc(OCC4CCN(C)CC4)c(OC)cc23)C#N)c(C)cc1C,7.89
207,CHEMBL219085,COc1cc(Nc2c(cnc3cc(c(OC)cc23)c4oc(CN5CCN(C)CC5)cc4)C#N)c(Cl)cc1Cl,7.89
208,CHEMBL193452,COc1cc(Nc2c(cnc3cc(sc23)c4ccc(CN(C)C)cn4)C#N)c(Cl)cc1Cl,7.89
209,CHEMBL364955,COc1cc(Nc2c(cnc3cc(sc23)c4ccc(CN5CCN(C)CC5)cc4)C#N)c(Cl)cc1Cl,7.89
210,CHEMBL373101,COc1cc(Nc2c(cnc3cc(sc23)c4ccc(CN5CCN(C)CC5)cn4)C#N)c(Cl)cc1Cl,7.89
211,CHEMBL195382,COc1cc(Nc2c(cnc3cc(sc23)c4ccc(cc4)C(=O)N5CCN(C)CC5)C#N)c(Cl)cc1Cl,7.89
212,CHEMBL375844,COc1cc(Nc2c(cnc3cc(sc23)c4ccc(cc4)N5CCN(C)CC5)C#N)c(Cl)cc1Cl,7.89
213,CHEMBL197094,COc1cc(Nc2c(cnc3cc(sc23)c4coc(CN5CCNCC5)c4)C#N)c(Cl)cc1Cl,7.89
214,CHEMBL47787,COc1cc(ccc1NC(=O)OCc2ccccc2)c3nn([C@@H]4CC[C@H](CC4)N5CCN(C)CC5)c6ncnc(N)c36,7.89
215,CHEMBL196474,COc1cc2cc3ncc(C#N)c(Nc4ccc(Cl)cc4Cl)c3cc2cc1OCCN5CCOCC5,7.89
216,CHEMBL231220,Cc1cc(cc2nnc(Nc3ccc(cc3)S(=O)(=O)NCCN4CCCC4)nc12)c5c(O)cccc5Cl,7.89
217,CHEMBL223873,Cc1cccc(C)c1Nc2ncc(c3ccccc3)n4cncc24,7.89
218,CHEMBL397692,Cc1cccc(C)c1c2cc(C)c3nc(Nc4ccc(OCCCN5CCCC5)cc4)nnc3c2,7.89
219,CHEMBL230720,Cc1cccc(C)c1c2cc(C)c3nc(Nc4ccc(cc4)C(=O)NN5CCNCC5)nnc3c2,7.89
220,CHEMBL312933,Cc1cccc(Cl)c1NC(=O)c2ccc3nc(Nc4cccc(NCCO)n4)sc3c2,7.89
221,CHEMBL3651198,Cc1cc(cc2nnc(Nc3ccnc(OCCN4CCCC4)c3)nc12)c5c(Cl)cccc5Cl,7.91
222,CHEMBL3651225,Cc1cc(cc2nnc(Nc3oc(cc3)C(=O)NCCN4CCCC4)nc12)c5cc(O)ccc5Cl,7.91
223,CHEMBL395984,Cc1ccc(cc1c2cc3nnc(Nc4ccc(cc4)S(=O)(=O)NCCN5CCCC5)nc3cc2C)C#N,7.91
224,CHEMBL230272,Cc1cccc(C)c1c2cc3nnc(Nc4ccc(OCCN5CCCC5)cc4)nc3cc2C,7.91
225,CHEMBL3426232,CN1CCN(Cc2ccc(NC(=O)c3ccc(C)c(c3)C#Cc4nn(C5CCNCC5)c6ncnc(N)c46)cc2C(F)(F)F)CC1,7.92
226,CHEMBL567230,CN1CCN(Cc2ccc(nc2)c3ccc4c(Nc5ccc(Cl)cc5Cl)c(cnc4c3)C#N)CC1,7.92
227,CHEMBL3347452,COC(=O)c1cc2cc(NCc3ccccc3C)cnc2[nH]1,7.92
228,CHEMBL123733,COCCOc1cc2ncc(C#N)c(Nc3ccc(Cl)cc3Cl)c2cc1OCCOC,7.92
229,CHEMBL67259,COc1cc(Nc2c(cnc3cc(C#Cc4cccnc4)c(OC)cc23)C#N)c(Cl)cc1Cl,7.92
230,CHEMBL260860,COc1cc(Nc2nn3c(N[C@@H](CO)Cc4ccccc4)cc(nc3c2C(=O)N)C5CC5)cc(OC)c1,7.92
231,CHEMBL290664,COc1ccc(Cl)c(Nc2c(cnc3cc(OCC4CCN(C)CC4)c(OC)cc23)C#N)c1,7.92
232,CHEMBL215411,COc1ccc(N(C(=O)Oc2c(C)cccc2C)c3ccnc(Nc4ccc(OCCCN5CCCCC5)c(F)c4)n3)c(OC)c1,7.92
233,CHEMBL3695573,COc1ccc(cc1)n2nc(cc2NC(=O)Nc3ccc(Oc4ccnc5NC(=O)C=Nc45)c6ccccc36)C(C)(C)C,7.92
234,CHEMBL3695585,COc1ccc(cc1)n2nc(cc2NC(=O)Nc3ccc(Oc4ccnc5NC(=O)N(C(C)C)c45)c6ccccc36)C(C)(C)C,7.92
235,CHEMBL387641,Cc1cccc(C)c1Nc2ncc(c3cccs3)n4cncc24,7.92
236,CHEMBL3651195,Cc1cccc(C)c1c2cc(C)c3nc(Nc4ccc(cc4)C(=O)N5CCNCC5)nnc3c2,7.92
237,CHEMBL27085,Cc1nc(O)c2c(ccc3[nH]c(Nc4c(Cl)cccc4Cl)nc23)c1C,7.92
238,CHEMBL3651238,COc1ccc(Nc2nnc3cc(cc(C)c3n2)c4cc(O)ccc4Cl)cn1,7.95
239,CHEMBL3695589,CC(C)(C)c1cc(NC(=O)Nc2ccc(Oc3ccnc4NC(=O)C=Nc34)c5ccccc25)n(n1)c6ccc(CO)cc6,7.96
240,CHEMBL190981,CCCCNCc1ccc(cc1)c2cc3ncc(C#N)c(Nc4cc(OC)c(Cl)cc4Cl)c3s2,7.96
241,CHEMBL419914,CCN(CC)CCCOc1ccc(Nc2cc3nc(O)c(cc3cn2)c4c(Cl)cccc4Cl)cc1,7.96
242,CHEMBL168319,CCOc1cc2ncc(C#N)c(Nc3ccc(Cl)cc3Cl)c2cc1OCC,7.96
243,CHEMBL3426235,CCn1nc(C#Cc2cc(ccc2Cl)C(=O)Nc3ccc(CN4CCN(C)CC4)c(c3)C(F)(F)F)c5c(N)ncnc15,7.96
244,CHEMBL216599,CN1CCN(Cc2occ(c2)c3ccc4c(Nc5ccc(Cl)cc5Cl)c(cnc4c3)C#N)CC1,7.96
245,CHEMBL369339,COc1cc(Nc2c(cnc3cc(\C=C\c4cc[n+]([O-])cc4)ccc23)C#N)cc(OC)c1OC,7.96
246,CHEMBL101081,COc1cc(Nc2c(cnc3cc(c(OC)cc23)c4ccc(CCN5CCOCC5)cc4)C#N)c(Cl)cc1Cl,7.96
247,CHEMBL227906,COc1cccc(c1)c2cnc(Nc3c(C)cccc3C)c4cncn24,7.96
248,CHEMBL230816,Cc1cccc(C)c1c2cc3nnc(Nc4ccc(cc4)S(=O)(=O)NCCN5CCCC5)nc3cc2C,7.96
249,CHEMBL1241487,Nc1ccc(cc1O)c2nn(C3CCCC3)c4ncnc(N)c24,7.96
250,CHEMBL1241580,Nc1ncnc2c1c(nn2C3CCC3)c4ccc(Cl)c(O)c4,7.96
251,CHEMBL1242376,Nc1ncnc2c1c(nn2C3CCCC3)c4ccc(Br)c(O)c4,7.96
252,CHEMBL230830,CNc1cc(cc2nnc(Nc3ccc(OCCN4CCCC4)cc3)nc12)c5c(C)cccc5C,7.98
253,CHEMBL218102,CCN(CC)CCOc1cccc(Nc2nnc3cc(cc(C)c3n2)c4c(C)cccc4C)c1,7.99
254,CHEMBL3651266,Cc1cc(cc2nnc(Nc3ccc(cc3)C(=O)N4CCNCC4)nc12)c5c(Cl)cccc5Cl,7.99
255,CHEMBL3651259,Cc1cc(cc2nnc(Nc3ccc(nc3)C(=O)N4CCN(CCO)CC4)nc12)c5cc(O)ccc5Cl,7.99
256,CHEMBL231237,Cc1ccccc1c2cc3nnc(Nc4ccc(cc4)S(=O)(=O)NCCN5CCCC5)nc3cc2C,7.99
257,CHEMBL3695588,CC(C)(C)c1cc(NC(=O)Nc2ccc(Oc3ccnc4NC(=O)C=Nc34)c5ccccc25)n(n1)c6ccc(O)cc6,8.0
258,CHEMBL3393071,CC(C)Sc1nc(Nc2cccc(O)c2)c3cnn(CC(Cl)c4ccccc4)c3n1,8.0
259,CHEMBL1241578,CC(C)n1nc(c2ccc(Br)c(O)c2)c3c(N)ncnc13,8.0
260,CHEMBL218656,CCN(CC)CCOc1ccc(Nc2nnc3cc(cc(C)c3n2)c4c(C)cccc4C)cc1,8.0
261,CHEMBL104779,CN1C(=O)C(=Cc2cnc(Nc3ccncc3)nc12)c4c(Cl)cccc4Cl,8.0
262,CHEMBL3658088,CN1CCN(CC1)c2ccc(Nc3ncc4C(=O)N(CCc4n3)c5cc(NC(=O)c6cccc(c6)C(F)(F)F)ccc5C)cc2,8.0
263,CHEMBL51283,CN1CCN(CC1)c2ccc(Nc3ncc4C=C(C(=O)N(C)c4n3)c5c(Cl)cccc5Cl)cc2,8.0
264,CHEMBL427047,CN1CCN(CC1)c2ccc(Nc3nccc(n3)N(C(=O)Oc4c(C)cccc4C)c5ccccc5)cc2,8.0
265,CHEMBL217092,CN1CCN(CCOc2cc(OC3CCOCC3)c4c(Nc5c(Cl)ccc6OCOc56)ncnc4c2)CC1,8.0
266,CHEMBL301143,CNS(=O)(=O)c1ccc2NC(=O)\C(=C/c3[nH]c4CCCCc4c3CN5CCOCC5)\c2c1,8.0
267,CHEMBL357488,COC(=O)c1cc(C[C@H](NC(=O)C)C(=O)N[C@H]2CCCCN(Cc3ccc(cc3)c4ccccc4)C2=O)ccc1C(F)(C(=O)O)C(=O)O,8.0
268,CHEMBL515751,COCCN(C)CCc1ccc(cc1)n2cc(c3cccc(OC)c3)c4c(N)ncnc24,8.0
269,CHEMBL360499,COc1cc(Cl)c(Cl)c(Nc2c(cnc3cc(\C=C\c4cnccn4)c(OC)cc23)C#N)c1,8.0
270,CHEMBL212818,COc1cc(Nc2c(cnc3cc(C#Cc4cccc(CN(C)C)c4)c(OC)cc23)C#N)c(Cl)cc1Cl,8.0
271,CHEMBL69230,COc1cc(Nc2c(cnc3cc(\C=C\c4ccncc4)ccc23)C#N)c(Cl)cc1Cl,8.0
272,CHEMBL214665,COc1cc(OC2CCN(C)CC2)c3c(Nc4c(Cl)ccc5OCOc45)ncnc3c1,8.0
273,CHEMBL354145,COc1cc2c(Nc3c(Cl)ccc4OCOc34)ncnc2cc1OCc5ccnc(c5)C#N,8.0
274,CHEMBL169643,COc1cc2c(Nc3c(Cl)ccc4ccoc34)ncnc2cc1OCCCN5CCOCC5,8.0
275,CHEMBL352977,COc1cc2c(Nc3c(Cl)ccc4occc34)ncnc2cc1OCCCN5CCOCC5,8.0
276,CHEMBL3651227,COc1cc2nc(Nc3ccc(cc3)S(=O)(=O)NCCN4CCCC4)nnc2cc1c5ccccc5C,8.0
277,CHEMBL168146,COc1cc2ncc(C#N)c(Nc3ccc(Cl)cc3Br)c2cc1OC,8.0
278,CHEMBL2031893,COc1cc2nccc(Oc3ccc(NC(=O)C4=C(C)N(C)N(C4=O)c5ccccc5)cc3F)c2cc1OC,8.0
279,CHEMBL128462,COc1ccc(Cl)c(Nc2c(cnc3cc(OC)c(OC)cc23)C#N)c1,8.0
280,CHEMBL426161,COc1ccc(Cl)c(Nc2ncnc3cc(OCC4CCN(C)CC4)c(OC)cc23)c1,8.0
281,CHEMBL172450,COc1ccc(Cl)c(Nc2ncnc3cc(OCCCN4CCOCC4)c(OC)cc23)c1,8.0
282,CHEMBL198701,COc1ccc(Cl)c(Nc2ncnc3cc(OCCN4CCN(CC4)C(=O)C)cc(OC(C)C)c23)n1,8.0
283,CHEMBL352992,COc1ccc(Cl)c(Nc2ncnc3cc(OCN4CCN(C)CC4)c(OC)cc23)c1,8.0
284,CHEMBL88009,Cc1cc(Nc2nc3ccc(cc3s2)C(=O)Nc4c(C)cccc4Cl)nc(NCCO)n1,8.0
285,CHEMBL3695577,Cc1ccc(cc1)n2nc(cc2NC(=O)Nc3ccc(Oc4ccnc5NC(=O)C=Nc45)c6ccccc36)C7(C)CC7,8.0
286,CHEMBL230829,Cc1cccc(C)c1c2cc(N)c3nc(Nc4ccc(OCCN5CCCC5)cc4)nnc3c2,8.0
287,CHEMBL131577,Cc1cccc(Cl)c1NC(=O)c2cnc(NC(=O)C3CC3)s2,8.0
288,CHEMBL422564,Clc1ccc2OCOc2c1Nc3ncnc4cc(OCCCN5CCOCC5)ccc34,8.0
289,CHEMBL166765,Nc1ncnc2c1c(cn2C3CCC3)c4ccc(O)cc4,8.0
290,CHEMBL176702,Nc1ncnc2c1c(cn2c3cccc(CNCCO)c3)c4ccccc4,8.0
291,CHEMBL1242111,Nc1ncnc2c1c(nn2C3CCCC3)c4cccc(O)c4F,8.0
292,CHEMBL388978,CN[C@@H]1C[C@H]2O[C@@](C)([C@@H]1OC)n3c4ccccc4c5c6CNC(=O)c6c7c8ccccc8n2c7c35,8.01
293,CHEMBL100172,COCCOc1cc2Cc3c(Nc4cc(OC)c(Cl)cc4Cl)ncnc3Nc2cc1OC,8.01
294,CHEMBL3347468,COC(=O)c1cc2cc(NCc3c(Cl)cccc3Cl)cnc2[nH]1,8.02
295,CHEMBL217091,COc1cc(Oc2ccncc2)c3c(Nc4c(Cl)ccc5OCOc45)ncnc3c1,8.02
296,CHEMBL1242287,Nc1ncnc2c1c(nn2C3CCC3)c4ccc(Br)c(O)c4,8.02
297,CHEMBL129776,COc1cc(Nc2c(cnc3cc(OCCCn4nccn4)c(OC)cc23)C#N)c(Cl)cc1Cl,8.03
298,CHEMBL573820,CCN(CCOc1ccc(Nc2ncc3C=C(C(=O)N(C)c3n2)c4c(Cl)cccc4Cl)cc1)C(=O)C,8.04
299,CHEMBL576218,CN1C(=O)C(=Cc2cnc(Nc3ccc(CCO)cc3)nc12)c4c(Cl)cccc4Cl,8.04
300,CHEMBL370473,COc1cc(Nc2c(cnc3cc(sc23)c4ccc(CN(C)C)cc4)C#N)c(Cl)cc1Cl,8.04
301,CHEMBL499623,COc1cc2c(Nc3nc4ccccc4s3)c(cnc2cc1OCCN5CCN(C)CC5)C#N,8.04
302,CHEMBL231218,Cc1cccc(C)c1c2cc(C)c3nc(Nc4ccc(cc4)S(=O)(=O)NCCN5CCCC5)nnc3c2,8.04
303,CHEMBL25826,CC(=O)N[C@@H](Cc1ccc(OP(=O)(O)O)cc1)C(=O)N[C@H]2CCCCN(Cc3ccc(cc3)c4ccccc4)C2=O,8.05
304,CHEMBL49120,CCN(CC)CCOc1ccc(Nc2ncc3C=C(C(=O)N(C)c3n2)c4c(Cl)cccc4Cl)cc1,8.05
305,CHEMBL3695584,CCN1C(=O)Nc2nccc(Oc3ccc(NC(=O)Nc4cc(nn4c5ccc(OC)cc5)C(C)(C)C)c6ccccc36)c12,8.05
306,CHEMBL3648039,CN1CCN(CC1)C(=O)c2ccc(Nc3nnc4cc(cc(C)c4n3)c5c(C)cccc5C)cc2,8.05
307,CHEMBL3426226,CN1CCN(Cc2ccc(NC(=O)c3ccc(C)c(c3)C#Cc4nn(C5CCC5)c6ncnc(N)c46)cc2C(F)(F)F)CC1,8.05
308,CHEMBL212629,COc1cc(Nc2c(cnc3cc(C#Cc4ccc(CN5CCN(C)CC5)cn4)c(OC)cc23)C#N)c(Cl)cc1Cl,8.05
309,CHEMBL40557,COc1cc(Nc2c(cnc3cc(OCC4CCCN(C)C4)c(OC)cc23)C#N)c(Cl)cc1Cl,8.05
310,CHEMBL327188,COc1cc(Nc2c(cnc3cc4c(cc23)ncn4CCN5CCOCC5)C#N)c(Br)cc1Cl,8.05
311,CHEMBL261743,COc1cc(Nc2nn3c(cc(nc3c2C(=O)N)C4CC4)N5CCC[C@@H]5CO)cc(OC)c1,8.05
312,CHEMBL1214134,Cc1ccc(cc1)n2nc(cc2NC(=O)Nc3ccc(Oc4ccnc5NC(=O)C=Nc45)c6ccccc36)C(C)(C)C,8.05
313,CHEMBL221742,Cc1cccc(C)c1c2cc(C)c3nc(Nc4ccc(NS(=O)(=O)CCN5CCCC5)cc4)nnc3c2,8.05
314,CHEMBL2036006,CCCCP(=O)(CCCC)c1ccc(Nc2nc(nc3c2ncn3CC)C(C)C)cc1,8.06
315,CHEMBL1088679,COc1cc(Nc2c(cnc3cc(\C=C\CN4CCOCC4)c(OC)cc23)C#N)c(Cl)cc1Cl,8.06
316,CHEMBL194503,COc1cc(Nc2c(cnc3cc(sc23)c4ccc(CCN(C)C)cc4)C#N)c(Cl)cc1Cl,8.06
317,CHEMBL122744,COc1cc2c(Nc3ccc(Cl)cc3Cl)c(cnc2cc1OCCCN4CCN(C)CC4)C#N,8.06
318,CHEMBL3651241,Cc1cc2nc(Nc3ccc(cc3)S(=O)(=O)NCCN4CCCC4)nnc2cc1c5cc(O)ccc5F,8.07
319,CHEMBL106772,CN1C(=O)C(=Cc2cnc(Nc3ccc(cc3)N4CCOCC4)nc12)c5c(Cl)cccc5Cl,8.08
320,CHEMBL67812,COc1cc(Nc2c(cnc3cc(\C=C\c4cccnc4)c(OC)cc23)C#N)c(Cl)cc1Cl,8.08
321,CHEMBL475251,COc1cc(Nc2ncc(F)c(Nc3ccc4OC(C)(C)C(=O)Nc4n3)n2)cc(OC)c1OC,8.08
322,CHEMBL440847,COc1cc2c(Nc3cc(OC)c(OC)c(OC)c3)c(cnc2cc1OCC4CCN(C)CC4)C#N,8.08
323,CHEMBL488840,Cc1cccc(C)c1\C=C\n2cnc3c(Nc4ccc(cc4)P(=O)(C)C)ncnc23,8.08
324,CHEMBL195419,CCN1CCN(Cc2ccc(cc2)c3cc4ncc(C#N)c(Nc5cc(OC)c(Cl)cc5Cl)c4s3)CC1,8.09
325,CHEMBL422565,CC(C)(C)OC(=O)N1CCC(C1)n2cc(c3ccc(O)cc3)c4c(N)ncnc24,8.1
326,CHEMBL3695592,CC(C)(C)c1cc(NC(=O)Nc2ccc(Oc3ccnc4NC(=O)C=Nc34)c5ccccc25)n(n1)c6ccc(CO)nc6,8.1
327,CHEMBL3695578,CC(C)c1cc(NC(=O)Nc2ccc(Oc3ccnc4NC(=O)C=Nc34)c5ccccc25)n(n1)c6ccc(C)cc6,8.1
328,CHEMBL3651206,CN1CCN(CC1)C(=O)c2ccc(Nc3nnc4cc(c(C)cc4n3)c5cc(Cl)ccc5C)cc2,8.1
329,CHEMBL475156,COCCNCCOc1cccc(c1)n2cc(c3cccc(O)c3)c4c(N)ncnc24,8.1
330,CHEMBL3426228,COCn1nc(C#Cc2cc(ccc2C)C(=O)Nc3ccc(CN4CCN(C)CC4)c(c3)C(F)(F)F)c5c(N)ncnc15,8.1
331,CHEMBL406418,COc1cc(Nc2nn3c(N[C@@H](CO)C(C)C)cc(nc3c2C(=O)N)C4CC4)cc(OC)c1,8.1
332,CHEMBL199110,COc1cnc(Cl)c(Nc2ncnc3cc(OCCN4CCN(CC4)C(=O)C)cc(OC(C)C)c23)n1,8.1
333,CHEMBL1242295,Nc1ncnc2c1c(nn2C3CCCC3)c4ccc5[nH]ccc5c4,8.1
334,CHEMBL2347053,[O-][N+](=O)c1ccccc1c2n[nH]cc2\C=C\3/C(=O)Nc4ccccc34,8.1
335,CHEMBL41465,COc1cc(Nc2c(cnc3cc(OCCC4CCN(C)CC4)c(OC)cc23)C#N)c(Cl)cc1Cl,8.11
336,CHEMBL415625,COc1cc(Nc2c(cnc3cc(ccc23)c4oc(CN5CCN(C)CC5)cc4)C#N)c(Cl)cc1Cl,8.13
337,CHEMBL410251,COc1cc(Nc2c(cnc3cc(sc23)c4ccc(CN5CCN(CCO)CC5)cc4)C#N)c(Cl)cc1Cl,8.13
338,CHEMBL363575,COc1cc(Nc2c(cnc3cc(sc23)c4ccc(CN5CCNCC5)cc4)C#N)c(Cl)cc1Cl,8.14
339,CHEMBL194664,COc1cc(Nc2c(cnc3cc(sc23)c4csc(CN5CCN(C)CC5)c4)C#N)c(Cl)cc1Cl,8.14
340,CHEMBL256101,Cc1cc(cc2nnc(Nc3ccc(OCC[N+]4([O-])CCCC4)cc3)nc12)c5c(Cl)cccc5Cl,8.14
341,CHEMBL3695591,CC(C)(C)c1cc(NC(=O)Nc2ccc(Oc3ccnc4NC(=O)C=Nc34)c(Cl)c2Cl)n(n1)c5ccc(CO)cc5,8.16
342,CHEMBL213762,CC(C)COc1cc(OC2CCN(C)CC2)c3c(Nc4c(Cl)ccc5OCOc45)ncnc3c1,8.16
343,CHEMBL1242377,CC(C)n1nc(c2ccc(F)c(O)c2)c3c(N)ncnc13,8.16
344,CHEMBL1214135,CC1=Nc2c(Oc3ccc(NC(=O)Nc4cc(nn4c5ccc(C)cc5)C(C)(C)C)c6ccccc36)ccnc2NC1=O,8.16
345,CHEMBL1214132,CC1=Nc2c(Oc3ccc(NC(=O)Nc4cc(nn4c5ccccc5)C(C)(C)C)c6ccccc36)ccnc2NC1=O,8.16
346,CHEMBL103627,CCN1CCN(Cc2ccc(cc2)c3cc4ncc(C#N)c(Nc5cc(OC)c(Cl)cc5Cl)c4cc3OC)CC1,8.16
347,CHEMBL3426224,CN1CCN(Cc2ccc(NC(=O)c3ccc(C)c(c3)C#Cc4nn(C)c5ncnc(N)c45)cc2C(F)(F)F)CC1,8.16
348,CHEMBL3426230,CN1CCN(Cc2ccc(NC(=O)c3ccc(C)c(c3)C#Cc4nn([C@@H]5CCOC5)c6ncnc(N)c46)cc2C(F)(F)F)CC1,8.16
349,CHEMBL3426229,CN1CCN(Cc2ccc(NC(=O)c3ccc(C)c(c3)C#Cc4nn([C@H]5CCOC5)c6ncnc(N)c46)cc2C(F)(F)F)CC1,8.16
350,CHEMBL3658089,CN1CCN(Cc2cccc(Nc3ncc4CN(CCc4n3)c5cc(NC(=O)c6cccc(c6)C(F)(F)F)ccc5C)c2)CC1,8.16
351,CHEMBL305856,COC(=O)c1cc(C[C@@H](NC(=O)C)C(=O)N[C@H]2CCCCN(Cc3ccc(cc3)c4ccccc4)C2=O)ccc1C(C(=O)O)C(=O)O,8.16
352,CHEMBL42136,COc1cc(Nc2c(cnc3cc(OCC4CCN(C)CC4)c(OC)cc23)C#N)c(Cl)cc1Cl,8.16
353,CHEMBL569073,COc1cc(Nc2c(cnc3cc(ccc23)c4ccc(CN5CCOCC5)nc4)C#N)c(Cl)cc1Cl,8.16
354,CHEMBL371688,COc1ccc(Cl)c(Nc2ncnc3cc(OCCN4CCN(C)CC4)cc(OC(C)C)c23)n1,8.16
355,CHEMBL379733,COc1ccc(N(C(=O)Oc2c(C)cccc2C)c3ccnc(Nc4ccc(OCCN5CCCCC5)cc4)n3)c(OC)c1,8.16
356,CHEMBL3695583,COc1ccc(cc1)n2nc(cc2NC(=O)Nc3ccc(Oc4ccnc5NC(=O)N(C)c45)c6ccccc36)C(C)(C)C,8.16
357,CHEMBL3695582,COc1ccc(cc1)n2nc(cc2NC(=O)Nc3ccc(Oc4ccnc5NC(=O)Nc45)c6ccccc36)C(C)(C)C,8.16
358,CHEMBL369899,COc1cnc(Cl)c(Nc2ncnc3cc(OCCCN4CCOCC4)cc(OC5CCOCC5)c23)c1,8.16
359,CHEMBL3695581,CSc1ccc(cc1)n2nc(cc2NC(=O)Nc3ccc(Oc4ccnc5NC(=O)C=Nc45)c6ccccc36)C(C)(C)C,8.16
360,CHEMBL1090975,Cc1ccc(cc1)n2nc(cc2NC(=O)Nc3ccc(Oc4ccnc5NC(=O)Nc45)c6ccccc36)C(C)(C)C,8.16
361,CHEMBL436137,Cc1cccc(C)c1c2cc(C)c3nc(Nc4ccc(OCCN5CCCC5)cc4)nnc3c2,8.16
362,CHEMBL1241768,Nc1ncnc2c1c(nn2[C@@H]3CCOC3)c4ccc(Cl)c(O)c4,8.16
363,CHEMBL3394091,Oc1cccc(Nc2nc(SC3CCCC3)nc4c2cnn4CC(Cl)c5ccccc5)c1,8.16
364,CHEMBL1087212,COc1cc(Nc2c(cnc3cc(\C=C\c4cc(CN(C)C)ccn4)c(OC)cc23)C#N)c(Cl)cc1Cl,8.17
365,CHEMBL3651249,Cc1cc(cc2nnc(Nc3ccc(nc3)N4CCOCC4)nc12)c5cc(O)ccc5Cl,8.17
366,CHEMBL520540,CCCP(=O)(CCC)c1ccc(Nc2nc(nc3c2ncn3\C=C/c4c(C)cccc4C)C(C)C)cc1,8.18
367,CHEMBL250423,CN(CCN1CCOCC1)S(=O)(=O)c2ccc(Nc3nnc4cc(cc(C)c4n3)c5cc(O)ccc5Cl)cc2,8.18
368,CHEMBL180051,COc1cc(Cl)c(Cl)c(Nc2c(cnc3cc(\C=C\c4ncc[nH]4)ccc23)C#N)c1,8.18
369,CHEMBL250623,Cc1cc(cc2nnc(Nc3ccc(cc3)S(=O)(=O)N4CCNCC4)nc12)c5cc(O)ccc5Cl,8.18
370,CHEMBL3651212,Cc1ccc(F)cc1c2cc3nnc(Nc4ccc(OCCN5CCCC5)cc4)nc3cc2C,8.18
371,CHEMBL3651219,Cc1cc(cc2nnc(Nc3cccnc3)nc12)c4cc(O)ccc4Cl,8.19
372,CHEMBL218549,Cc1cccc(C)c1c2cc(C)c3nc(Nc4cccc(OCCN5CCCC5)c4)nnc3c2,8.19
373,CHEMBL437004,Cc1cccc(C)c1c2cc(C)c3nc(Nc4ccnc(OCCN5CCCC5)c4)nnc3c2,8.19
374,CHEMBL1242201,COc1ccc(cc1O)c2nn(C3CCCC3)c4ncnc(N)c24,8.2
375,CHEMBL168661,COc1cccc(c1)c2cn(C3CCN(CCN(C)CCO)CC3)c4ncnc(N)c24,8.2
376,CHEMBL421440,COc1cc2ncc(C#N)c(Nc3ccc(Cl)cc3I)c2cc1OC,8.21
377,CHEMBL3695580,CC(C)(C)c1cc(NC(=O)Nc2ccc(Oc3ccnc4NC(=O)C=Nc34)c5ccccc25)n(n1)c6ccc(Cl)c(Cl)c6,8.22
378,CHEMBL3695579,CC(C)(C)c1cc(NC(=O)Nc2ccc(Oc3ccnc4NC(=O)C=Nc34)c5ccccc25)n(n1)c6ccc(cc6)S(=O)(=O)C,8.22
379,CHEMBL216105,CN1CCC(COc2cc(OC3CCOCC3)c4c(Nc5c(Cl)ccc6OCOc56)ncnc4c2)CC1,8.22
380,CHEMBL3658109,CN1CCN(CC1)c2ccc(Nc3ncc4CN(CCc4n3)c5cc(NC(=O)c6cc(ccn6)C(F)(F)F)ccc5C)cc2,8.22
381,CHEMBL3695590,COc1cc(ccc1CO)n2nc(cc2NC(=O)Nc3ccc(Oc4ccnc5NC(=O)C=Nc45)c6ccccc36)C(C)(C)C,8.22
382,CHEMBL424839,COc1ccc(Cl)c(Nc2ncnc3cc(OCCCN4CCCC4)cc(OC(C)C)c23)n1,8.22
383,CHEMBL212668,COc1ccc(N(C(=O)Oc2c(C)cccc2C)c3ccnc(Nc4ccc(OCCN5CCN(C)CC5)cc4)n3)c(OC)c1,8.22
384,CHEMBL213100,COc1ccc(N(C(=O)Oc2c(C)cccc2C)c3ccnc(Nc4ccc(cc4)N5CCN(C)CC5)n3)c(OC)c1,8.22
385,CHEMBL3658099,Cc1ccc(NC(=O)c2cccc(c2)C(F)(F)F)cc1N3CCc4nc(Nc5ccc(cc5)C(=O)N6CCCC6)ncc4C3,8.22
386,CHEMBL2397806,ClC(Cn1ncc2c(NCc3ccc(Cl)cc3)ncnc12)c4ccc(Br)cc4,8.22
387,CHEMBL385563,Clc1ccc2OCOc2c1Nc3ncnc4cc(OCCN5CCCC5)cc(OC6CCOCC6)c34,8.22
388,CHEMBL171545,Nc1ncnc2c1c(cn2C3CCNC3)c4cccc(O)c4,8.22
389,CHEMBL418693,COc1cc(Nc2c(cnc3cc(ccc23)c4cc(CN5CCOCC5)cs4)C#N)c(Cl)cc1Cl,8.24
390,CHEMBL3651231,Cc1cc(cc2nnc(Nc3nc(cs3)C(=O)NCCN4CCCC4)nc12)c5cc(O)ccc5Cl,8.24
391,CHEMBL327127,CN1C(=O)C(=Cc2cnc(Nc3cccc(CO)c3)nc12)c4c(Cl)cccc4Cl,8.25
392,CHEMBL312385,COc1cc2c(Nc3cc(OC)c(OC)c(OC)c3)c(cnc2cc1OCCCN4CCCCC4)C#N,8.26
393,CHEMBL454611,Cc1cccc(Cl)c1\C=C\n2cnc3c(Nc4ccc(cc4)P(=O)(C)C)ncnc23,8.26
394,CHEMBL1088681,COc1cc(Nc2c(cnc3cc(\C=C\CCCN4CCOCC4)c(OC)cc23)C#N)c(Cl)cc1Cl,8.27
395,CHEMBL211079,COc1cc(Nc2c(cnc3cc(C#Cc4ccc(CN(C)C)cc4)c(OC)cc23)C#N)c(Cl)cc1Cl,8.28
396,CHEMBL214346,COc1cc(Nc2c(cnc3cc(C#Cc4cccc(CCN(C)C)n4)c(OC)cc23)C#N)c(Cl)cc1Cl,8.28
397,CHEMBL84179,COc1cc2c(Nc3cc(OC)c(OC)c(OC)c3)c(cnc2cc1OCCCN4CCC(O)CC4)C#N,8.28
398,CHEMBL250625,Cc1cc(cc2nnc(Nc3ccc(cc3)S(=O)(=O)C4CCNCC4)nc12)c5cc(O)ccc5Cl,8.28
399,CHEMBL3651280,Cc1cc(cc2nnc(Nc3ccc(cc3)S(=O)(=O)NCCN4CCCC4)nc12)c5cccc(O)c5F,8.28
400,CHEMBL567018,COc1cc(Nc2c(cnc3cc(ccc23)c4ccc(CN5CCSCC5)cn4)C#N)c(Cl)cc1Cl,8.29
401,CHEMBL436362,COc1cc2c(Nc3cc(OC)c(OC)c(OC)c3)c(cnc2cc1OCCCN4CCN(C)CC4)C#N,8.29
402,CHEMBL421518,CC(=O)N[C@@H](Cc1ccc(C(C(=O)O)C(=O)O)c(c1)C(=O)O)C(=O)N[C@H]2CCCCN(Cc3ccc(cc3)c4ccccc4)C2=O,8.3
403,CHEMBL1160756,CC(=O)N[C@@H](Cc1ccc(cc1)C(F)(F)P(=O)(O)O)C(=O)N[C@H]2CCCCN(Cc3ccc(cc3)c4ccccc4)C2=O,8.3
404,CHEMBL168921,CC(C)(C)OC(=O)N1CCC(C1)n2cc(c3cccc(O)c3)c4c(N)ncnc24,8.3
405,CHEMBL1214131,CC(C)(C)c1cc(NC(=O)Nc2ccc(Oc3ccnc4NC(=O)C=Nc34)c5ccccc25)n(n1)c6ccccc6,8.3
406,CHEMBL436968,CC(C)Oc1cc(OCCN2CCOCC2)cc3ncnc(Nc4c(Cl)ccc5OCOc45)c13,8.3
407,CHEMBL1163016,CC1(C)CC(CC(C)(C)N1[O])N=C(O)c2cccc(c2)c3cc4nccc(Nc5cccc(O)c5)n4n3,8.3
408,CHEMBL470527,CCOC(=O)C[C@@H]1C[C@@H](CN1)n2cc(c3ccc(O)cc3)c4c(N)ncnc24,8.3
409,CHEMBL169939,CCOC(=O)C[C@H]1C[C@H](CN1)n2cc(c3ccc(O)cc3)c4c(N)ncnc24,8.3
410,CHEMBL3426234,CCn1nc(C#Cc2cccc(c2)C(=O)Nc3ccc(CN4CCN(C)CC4)c(c3)C(F)(F)F)c5c(N)ncnc15,8.3
411,CHEMBL3658108,CN1CCN(CC1)C(=O)c2ccc(Nc3ncc4CN(CCc4n3)c5cc(NC(=O)c6cccc(c6)C(F)(F)F)ccc5C)cn2,8.3
412,CHEMBL3695569,COCC(=O)Nc1cc(Oc2ccc(NC(=O)Nc3cc(nn3c4ccc(C)cc4)C(C)(C)C)c5ccccc25)ccn1,8.3
413,CHEMBL317821,COc1cc(Nc2c(cnc3cc(ccc23)c4ccc(CN5CCN(C)CC5)cc4)C#N)c(Cl)cc1Cl,8.3
414,CHEMBL260157,COc1cc(Nc2nn3c(N[C@H](CO)Cc4c[nH]c5ccccc45)cc(nc3c2C(=O)N)C6CC6)cc(OC)c1,8.3
415,CHEMBL261188,COc1cc(Nc2nn3c(N[C@H](CO)Cc4cccnc4)cc(nc3c2C(=O)N)C5CC5)cc(OC)c1,8.3
416,CHEMBL170984,COc1cc2c(Nc3c(Cl)ccc4OCOc34)ncnc2cc1OCC5CCN(C)CC5,8.3
417,CHEMBL385723,COc1cc2c(Nc3c(Cl)ccc4OCOc34)ncnc2cc1OCCCN5CCCC5,8.3
418,CHEMBL424664,COc1ccc(Cl)c(Nc2ncnc3cc(OCCCN4CCOCC4)cc(OC5CCOCC5)c23)n1,8.3
419,CHEMBL215289,COc1ccc(N(C(=O)Oc2c(C)cccc2C)c3ccnc(Nc4ccc(OCCCN5CCN(C)CC5)c(F)c4)n3)c(OC)c1,8.3
420,CHEMBL3695586,COc1ccc(cc1)n2nc(cc2NC(=O)Nc3ccc(Oc4ccnc5NC(=O)N(C)c45)c(Cl)c3Cl)C(C)(C)C,8.3
421,CHEMBL197287,COc1cnc(Cl)c(Nc2ncnc3cc(OCCCN4CCOCC4)cc(OC(C)C)c23)c1,8.3
422,CHEMBL399268,Cc1cc(cc2nnc(Nc3ccc(cc3)S(=O)(=O)CCCN4CCCC4)nc12)c5cc(O)ccc5Cl,8.3
423,CHEMBL1242199,Nc1ncnc2c1c(nn2C3CCCC3)c4cc(O)cc(F)c4,8.3
424,CHEMBL211417,COc1cc(Nc2c(cnc3cc(C#Cc4ccc(CN(C)C)cn4)c(OC)cc23)C#N)c(Cl)cc1Cl,8.31
425,CHEMBL250218,CC(C)N(CCN1CCCC1)S(=O)(=O)c2ccc(Nc3nnc4cc(cc(C)c4n3)c5cc(O)ccc5Cl)cc2,8.32
426,CHEMBL3651228,CN(C)CCNC(=O)c1cccc(Nc2nnc3cc(cc(C)c3n2)c4cc(O)ccc4Cl)c1,8.32
427,CHEMBL1088680,COc1cc(Nc2c(cnc3cc(\C=C\CCN4CCOCC4)c(OC)cc23)C#N)c(Cl)cc1Cl,8.32
428,CHEMBL1684800,COc1ccc(Cn2ncc(NC(=O)c3cc(NC(=O)Nc4ccc(Cl)c(c4)C(F)(F)F)ccc3C)c2N)cc1,8.32
429,CHEMBL127633,COCCOc1cc2ncc(C#N)c(Nc3ccc(Cl)cc3Cl)c2cc1OC,8.33
430,CHEMBL102727,COc1cc(Nc2c(cnc3cc(ccc23)c4ccc(CN5CCN(CCO)CC5)cc4)C#N)c(Cl)cc1Cl,8.33
431,CHEMBL179882,COc1ccc(Cl)c(Nc2c(cnc3cc(\C=C\c4ccncc4)c(OC)cc23)C#N)c1,8.33
432,CHEMBL3648050,CN(C)CCNC(=O)c1ccc(Nc2nnc3cc(cc(C)c3n2)c4c(C)cccc4C)cc1,8.34
433,CHEMBL129459,COc1cc(Nc2c(cnc3cc(OC)c(OC)cc23)C#N)c(C)cc1C,8.34
434,CHEMBL214308,COc1cc(Nc2c(cnc3cc(C#Cc4cccc(CN(C)C)n4)c(OC)cc23)C#N)c(Cl)cc1Cl,8.35
435,CHEMBL431136,COc1cc(Nc2c(cnc3cc(ccc23)c4cc(CN5CCSCC5)cs4)C#N)c(Cl)cc1Cl,8.36
436,CHEMBL1242026,CC(C)n1nc(c2ccc(C)c(O)c2)c3c(N)ncnc13,8.37
437,CHEMBL3651277,CCN(CC)CCN(C)Cc1ccc(Nc2nnc3cc(cc(C)c3n2)c4cc(O)ccc4Cl)cc1,8.37
438,CHEMBL378484,COc1cc(Nc2c(cnc3cc(C#Cc4cccc(CCN5CCN(C)CC5)n4)c(OC)cc23)C#N)c(Cl)cc1Cl,8.37
439,CHEMBL100651,COc1cc(Nc2c(cnc3cc(OC)c(OC)cc23)C#N)c(Cl)cc1Cl,8.37
440,CHEMBL3651278,Cc1cc(cc2nnc(Nc3ccc(SCCN4CCCC4)cc3)nc12)c5cc(O)ccc5Cl,8.37
441,CHEMBL3651253,CN(C)CCNS(=O)(=O)c1cccc(Nc2nnc3cc(cc(C)c3n2)c4cc(O)ccc4Cl)c1,8.38
442,CHEMBL211613,COc1cc(Nc2c(cnc3cc(C#Cc4cccc(CN5CCN(C)CC5)n4)c(OC)cc23)C#N)c(Cl)cc1Cl,8.38
443,CHEMBL181408,COc1cc(Nc2c(cnc3cc(\C=C\c4cc[n+]([O-])cc4)ccc23)C#N)c(Cl)cc1Cl,8.38
444,CHEMBL307087,COc1cc(Nc2c(cnc3cc(\C=C\c4ccncc4)c(OC)cc23)C#N)c(Cl)cc1Cl,8.38
445,CHEMBL304471,COc1cc(Nc2c(cnc3cc(ccc23)c4cc(CN5CCCCC5)cs4)C#N)c(Cl)cc1Cl,8.38
446,CHEMBL3651257,Cc1cc2nc(Nc3ccc(OCCN4CCCC4)cc3)nnc2cc1c5cc(O)ccc5Cl,8.38
447,CHEMBL398279,Cc1cc(cc2nnc(Nc3ccc(cc3)S(=O)(=O)NCCN4CCCC4)nc12)c5cc(O)ccc5Br,8.39
448,CHEMBL3426218,CC(C)n1nc(C#Cc2cc(ccc2C)C(=O)Nc3ccc(CN4CCN(C)CC4)cc3)c5c(N)ncnc15,8.4
449,CHEMBL3426223,CC(C)n1nc(C#Cc2cc(ccc2C)C(=O)Nc3ccc(CN4CCN(CCO)CC4)c(c3)C(F)(F)F)c5c(N)ncnc15,8.4
450,CHEMBL1241484,CC(C)n1nc(c2ccc(Cl)c(O)c2)c3c(N)ncnc13,8.4
451,CHEMBL454872,CCCP(=O)(CCC)c1ccc(Nc2ncnc3c2ncn3\C=C\c4c(C)cccc4C)cc1,8.4
452,CHEMBL318996,CN(CCOP(=O)(O)CP(=O)(O)O)CCc1ccc(cc1)n2cc(c3cccc(O)c3)c4c(N)ncnc24,8.4
453,CHEMBL1090979,CN1C(=O)Nc2nccc(Oc3ccc(NC(=O)Nc4cc(nn4c5ccc(C)cc5)C(C)(C)C)c6ccccc36)c12,8.4
454,CHEMBL217464,CN1CCC(CC1)Oc2cc(OCCF)cc3ncnc(Nc4c(Cl)ccc5OCOc45)c23,8.4
455,CHEMBL3658094,CNC(=O)c1ccc(Nc2ncc3CN(CCc3n2)c4cc(NC(=O)c5cccc(c5)C(F)(F)F)ccc4C)cn1,8.4
456,CHEMBL1784637,CNC(=O)c1ncc(C#Cc2cc(ccc2C)C(=O)Nc3ccc(CN4CCN(CCO)CC4)c(c3)C(F)(F)F)n1C,8.4
457,CHEMBL3683258,CN[C@@H]1CC2OC([C@@H]1OC)n3c4ccccc4c5c6CNC(=O)c6c7c8ccccc8n2c7c35,8.4
458,CHEMBL127331,COc1cc(Nc2c(cnc3cc(OC)c(OC)cc23)C#N)c(C)cc1Cl,8.4
459,CHEMBL567875,COc1cc(Nc2c(cnc3cc(ccc23)c4ccc(CN5CCN(C)CC5)cn4)C#N)c(Cl)cc1Cl,8.4
460,CHEMBL214775,COc1ccc(N(C(=O)Oc2c(C)cccc2C)c3ccnc(Nc4ccc(OCCCN(C)C)cc4)n3)c(OC)c1,8.4
461,CHEMBL212721,COc1ccc(N(C(=O)Oc2c(C)cccc2C)c3ccnc(Nc4ccc(OCCN(C)C)cc4)n3)c(OC)c1,8.4
462,CHEMBL1242202,COc1ccc(cc1O)c2nn(C3CCC(C)C3)c4ncnc(N)c24,8.4
463,CHEMBL211460,COc1ccccc1N(C(=O)Oc2c(C)cccc2C)c3ccnc(Nc4ccc(cc4)N5CCN(C)CC5)n3,8.4
464,CHEMBL1086731,Cc1ccc(NC(=O)c2ccc(s2)C(C)(C)C)cc1Nc3nc4ccccc4n3c5cc(N)ncn5,8.4
465,CHEMBL408683,NC(=O)CN1CCC(C1)n2cc(c3cccc(O)c3)c4c(N)ncnc24,8.4
466,CHEMBL355330,Nc1ncnc2c1c(cn2C3CCC3)c4cccc(O)c4,8.4
467,CHEMBL2036005,CCCP(=O)(CCC)c1ccc(Nc2nc(nc3c2ncn3CC)C(C)C)cc1,8.41
468,CHEMBL584054,COc1cc(Nc2c(cnc3cc(ccc23)c4ccc(CN(C)C)cn4)C#N)c(Cl)cc1Cl,8.41
469,CHEMBL60391,COc1cc(Nc2c(cnc3cc(ccc23)c4cc(CN5CCN(C)CC5)cs4)C#N)c(Cl)cc1Cl,8.42
470,CHEMBL303786,COc1cc(Nc2c(cnc3cc(ccc23)c4csc(CN5CCN(C)CC5)c4)C#N)c(Cl)cc1Cl,8.42
471,CHEMBL440160,COc1cc2c(Nc3ccc(Cl)cc3Cl)c(cnc2cc1OCCCN4CCOCC4)C#N,8.42
472,CHEMBL3651291,Cc1cc(cc2nnc(Nc3ccc(cc3)S(=O)(=O)CCCN4CCCC4)nc12)c5c(F)ccc(O)c5F,8.42
473,CHEMBL103454,CCN1CCN(CCc2ccc(cc2)c3ccc4c(Nc5cc(OC)c(Cl)cc5Cl)c(cnc4c3)C#N)CC1,8.43
474,CHEMBL454873,CN(C)c1nc(Nc2ccc(cc2)P(=O)(C)C)c3ncn(\C=C\c4c(C)cccc4C)c3n1,8.43
475,CHEMBL3651283,CN(CCN1CCCC1)S(=O)(=O)c2ccc(Nc3nnc4cc(c(C)cc4n3)c5cc(O)ccc5Cl)cc2,8.43
476,CHEMBL211647,CCOc1cc2c(Nc3cc(OC)c(Cl)cc3Cl)c(cnc2cc1C#Cc4cccc(CN(C)C)n4)C#N,8.44
477,CHEMBL3651295,CN(CCN1CCCC1)S(=O)(=O)c2ccc(Nc3nnc4cc(cc(C)c4n3)c5c(Cl)ccc(O)c5Cl)cc2,8.44
478,CHEMBL445319,COc1cc(Nc2c(cnc3cc(C#Cc4cncc(CN(C)C)c4)c(OC)cc23)C#N)c(Cl)cc1Cl,8.44
479,CHEMBL278495,COc1cc(Nc2c(cnc3cc(c(OC)cc23)c4coc(CN5CCN(CC5)c6ccccc6)c4)C#N)c(Cl)cc1Cl,8.44
480,CHEMBL250214,Cc1cc(cc2nnc(Nc3ccc(cc3)C(=O)N4CCNCC4)nc12)c5cc(O)ccc5Cl,8.44
481,CHEMBL249821,Cc1cc(cc2nnc(Nc3ccc(cc3)S(=O)(=O)NCCN4CCCC4)nc12)c5cc(O)ccc5Cl,8.44
482,CHEMBL3823543,COc1cc(ccc1NCc2ccccc2)c3nn(CCN4CCC(CC4)N(C)C)c5ncnc(N)c35,8.46
483,CHEMBL354289,COc1cc2c(Nc3ccc(Cl)cc3Cl)c(cnc2cc1OCCCN4CCC(O)CC4)C#N,8.46
484,CHEMBL240158,Cc1nc(Nc2ncc(s2)C(=O)Nc3c(C)cccc3Cl)cc(n1)N4CCN(CCF)CC4,8.46
485,CHEMBL3651210,CN1CCN(CC1)C(=O)c2ccc(Nc3nnc4cc(c(C)cc4n3)c5cc(O)ccc5Cl)cc2,8.47
486,CHEMBL3347388,COC(=O)c1cc2cc(NCc3c(C)cccc3Cl)cnc2[nH]1,8.47
487,CHEMBL3651276,Cc1cc(cc2nnc(Nc3cccc(SCCN4CCCC4)c3)nc12)c5cc(O)ccc5Cl,8.47
488,CHEMBL322395,COc1cc(Nc2c(cnc3cc(ccc23)c4ccc(CN5CCOCC5)cc4)C#N)c(Cl)cc1Cl,8.48
489,CHEMBL102000,COc1cc(Nc2ncnc3Nc4cc(OC)c(OC)cc4Cc23)c(Cl)cc1Cl,8.48
490,CHEMBL3651255,Cc1cc(cc2nnc(Nc3ccc(nc3)N4CCNCC4)nc12)c5cc(O)ccc5Cl,8.48
491,CHEMBL250021,CCN(CCN1CCCC1)S(=O)(=O)c2ccc(Nc3nnc4cc(cc(C)c4n3)c5cc(O)ccc5Cl)cc2,8.5
492,CHEMBL169920,CN(C)C(=O)CN1CCC(CC1)n2cc(c3cccc(O)c3)c4c(N)ncnc24,8.5
493,CHEMBL432189,Cc1cc(Nc2nc3ccc(cc3s2)C(=O)Nc4c(C)cccc4Cl)nc(NCC5CCCO5)n1,8.5
494,CHEMBL473024,Nc1ncnc2c1c(cn2c3ccc(OCCNCCO)cc3)c4ccc(O)cc4,8.5
495,CHEMBL440963,Cc1cc(cc2nnc(Nc3ccc(cc3)S(=O)(=O)NCCN4CCCC4)nc12)c5c(F)ccc(O)c5F,8.51
496,CHEMBL281775,CC(=O)N[C@@H](Cc1ccc(OP(=O)(O)O)cc1)C(=O)N[C@H]2CCCCN(Cc3ccc(cc3)c4cccs4)C2=O,8.52
497,CHEMBL3426220,CC(C)n1nc(C#Cc2cc(ccc2C)C(=O)Nc3cccc(c3)C(F)(F)F)c4c(N)ncnc14,8.52
498,CHEMBL3658106,CC(CC(=O)Nc1ccc(C)c(c1)N2CCc3nc(Nc4ccc(cc4)N5CCN(C)CC5)ncc3C2)C(F)(F)F,8.52
499,CHEMBL379517,CCN(CC)CCOc1ccc(Nc2ncc3C=C(N4N(CCC4=O)c3n2)c5c(Cl)cccc5Cl)cc1,8.52
500,CHEMBL100825,CCN1CCN(Cc2ccc(cc2)c3ccc4c(Nc5cc(OC)c(Cl)cc5Cl)c(cnc4c3)C#N)CC1,8.52
501,CHEMBL250019,CN(CCN1CCCC1)S(=O)(=O)c2ccc(Nc3nnc4cc(cc(C)c4n3)c5cc(O)ccc5Cl)cc2,8.52
502,CHEMBL272888,CN1CCN(CC1)c2ccc(Nc3ncc(NC(=O)c4cc(NC(=O)c5cccc(c5)C(F)(F)F)ccc4C)cn3)cc2,8.52
503,ponatinib,CN1CCN(CC2=CC=C(NC(=O)C3=CC=C(C)C(=C3)C#CC3=CN=C4C=CC=NN34)C=C2C(F)(F)F)CC1,8.52
504,CHEMBL355019,COC(=O)CN1CCC(C1)n2cc(c3cccc(O)c3)c4c(N)ncnc24,8.52
505,CHEMBL339770,COc1cc(Nc2c(cnc3cc(OC)c(OC)cc23)C#N)c(Br)cc1Cl,8.52
506,CHEMBL340350,COc1cc(Nc2c(cnc3cc(OCCCNCCN4CCOCC4)c(OC)cc23)C#N)c(Cl)cc1Cl,8.52
507,CHEMBL1087834,COc1cc(Nc2c(cnc3cc(\C=C\c4cccc(CN(C)C)c4)c(OC)cc23)C#N)c(Cl)cc1Cl,8.52
508,CHEMBL260861,COc1cc(Nc2nn3c(N[C@H](CO)Cc4ccccc4)cc(nc3c2C(=O)N)C5CC5)cc(OC)c1,8.52
509,CHEMBL215847,COc1ccc(cc1)N(C(=O)Oc2c(C)cccc2C)c3ccnc(Nc4ccc(cc4)N5CCN(C)CC5)n3,8.52
510,CHEMBL249819,Cc1cc(cc2nnc(Nc3ccc(cc3)C(=O)N4CCS(=O)(=O)CC4)nc12)c5cc(O)ccc5Cl,8.52
511,CHEMBL217463,Clc1ccc2OCOc2c1Nc3ncnc4cc(OCCc5ccncc5)cc(OC6CCOCC6)c34,8.52
512,CHEMBL399246,CN1CCN(CC1)C(=O)c2ccc(Nc3nnc4cc(cc(C)c4n3)c5cc(O)ccc5Cl)cc2,8.54
513,CHEMBL128938,COc1cc(Nc2c(cnc3cc(OC)c(OC)cc23)C#N)c(Cl)cc1C,8.54
514,CHEMBL584915,COc1cc(Nc2c(cnc3cc(ccc23)c4ccc(CN5CCOCC5)cn4)C#N)c(Cl)cc1Cl,8.54
515,CHEMBL338413,COCCOc1cc2ncc(C#N)c(Nc3cc(OC)c(Cl)cc3Cl)c2cc1OCCOC,8.55
516,CHEMBL290921,COc1cc(Nc2c(cnc3cc(OCCCC4CCN(C)CC4)c(OC)cc23)C#N)c(Cl)cc1Cl,8.57
517,CHEMBL219260,COc1cc(Nc2c(cnc3cc(ccc23)c4coc(CN5CCN(C)CC5)c4)C#N)c(Cl)cc1Cl,8.57
518,CHEMBL59786,COc1cc(Nc2c(cnc3cc(ccc23)c4csc(CN5CCOCC5)c4)C#N)c(Cl)cc1Cl,8.57
519,CHEMBL1088372,COc1cc(Nc2c(cnc3cc(\C=C\CCN4CCCCC4)c(OC)cc23)C#N)c(Cl)cc1Cl,8.59
520,CHEMBL197715,COc1cc2cc3ncc(C#N)c(Nc4cc(OC)c(OC)c(OC)c4)c3cc2cc1OCCN5CCN(C)CC5,8.59
521,CHEMBL3651258,Cc1cc(cc2nnc(Nc3ccc(nc3)C(=O)NCCN4CCCC4)nc12)c5cc(O)ccc5Cl,8.59
522,CHEMBL130242,COc1cc(Nc2c(cnc3cc(OCCCCCN4CCOCC4)c(OC)cc23)C#N)c(Cl)cc1Cl,8.6
523,CHEMBL1088241,COc1cc(Nc2c(cnc3cc(\C=C\CCN(C)C)c(OC)cc23)C#N)c(Cl)cc1Cl,8.6
524,CHEMBL59850,COc1cc(Nc2c(cnc3cc(ccc23)c4ccc(CN5CCOCC5)s4)C#N)c(Cl)cc1Cl,8.6
525,CHEMBL372552,COc1cc(Nc2c(cnc3cc4cc(OC)c(OCCN5CCOCC5)cc4cc23)C#N)c(Cl)cc1C,8.6
526,CHEMBL3658111,CN1CCC(CC1)NC(=O)c2ccc(Nc3ncc4CN(CCc4n3)c5cc(NC(=O)c6cccc(c6)C(F)(F)F)ccc5C)cn2,8.62
527,CHEMBL1087340,COc1cc(Nc2c(cnc3cc(\C=C\c4ccc(CN(C)C)cc4)c(OC)cc23)C#N)c(Cl)cc1Cl,8.62
528,CHEMBL3651287,Cc1cc(cc2nnc(Nc3ccc(cc3)S(=O)(=O)C4CCNCC4)nc12)c5c(Cl)ccc(O)c5Cl,8.62
529,CHEMBL100551,COCCOc1cc2Nc3ncnc(Nc4cc(OC)c(Cl)cc4Cl)c3Cc2cc1OC,8.64
530,CHEMBL129968,COc1cc(Nc2c(cnc3cc(OCCCN(C)CCN(C)C)c(OC)cc23)C#N)c(Cl)cc1Cl,8.64
531,CHEMBL339893,COc1cc(Nc2c(cnc3cc(OCCN4CCOCC4)c(OC)cc23)C#N)c(Cl)cc1Cl,8.64
532,CHEMBL219014,COc1cc(Nc2c(cnc3cc(ccc23)c4ccc(CN5CCN(C)CC5)s4)C#N)c(Cl)cc1Cl,8.64
533,CHEMBL1087215,COc1cc(Nc2c(cnc3cc(\C=C\c4ccc(CN(C)C)cn4)c(OC)cc23)C#N)c(Cl)cc1Cl,8.66
534,CHEMBL1241581,COc1cc(ccc1N)c2nn(C3CCCC3)c4ncnc(N)c24,8.66
535,CHEMBL340944,COc1cc(Nc2c(cnc3cc(OCCCn4ccnc4)c(OC)cc23)C#N)c(Cl)cc1Cl,8.68
536,CHEMBL1088240,COc1cc(Nc2c(cnc3cc(\C=C\CCN4CCN(C)CC4)c(OC)cc23)C#N)c(Cl)cc1Cl,8.68
537,CHEMBL197930,COc1cc(Nc2c(cnc3cc4cc(OC)c(OCCN5CCC(O)CC5)cc4cc23)C#N)c(Cl)cc1Cl,8.68
538,CHEMBL198084,COc1cc(Nc2c(cnc3cc4cc(OC)c(OCCN5CCOCC5)cc4cc23)C#N)c(C)cc1Cl,8.68
539,CHEMBL3651290,Cc1cc(cc2nnc(Nc3ccc(cc3)S(=O)(=O)CCCN4CCCC4)nc12)c5c(Cl)ccc(O)c5Cl,8.68
540,CHEMBL478629,C(CN1CCCCC1)Oc2ccc(cc2)c3cnc4c(cnn4c3)c5ccncc5,8.7
541,CHEMBL3335371,CC(=O)Nc1cc(Oc2ccc3c(c2)nc(Nc4cccc(c4)C(C)(C)C)n3C)ccn1,8.7
542,CHEMBL3426219,CC(C)n1nc(C#Cc2cc(ccc2C)C(=O)Nc3ccc(CN4CCN(C)CC4)c(Cl)c3)c5c(N)ncnc15,8.7
543,CHEMBL3426217,CC(C)n1nc(C#Cc2cc(ccc2C)C(=O)Nc3ccc(CN4CCN(C)CC4)c(c3)C(F)(F)F)c5c(N)ncnc15,8.7
544,CHEMBL3658113,CC(CC(=O)Nc1ccc(C)c(c1)N2CCc3nc(Nc4ccc(OCCN5CCCC5)cc4)ncc3C2)C(F)(F)F,8.7
545,CHEMBL3426222,CCN1CCN(Cc2ccc(NC(=O)c3ccc(C)c(c3)C#Cc4nn(C(C)C)c5ncnc(N)c45)cc2C(F)(F)F)CC1,8.7
546,CHEMBL419360,CN1C(=O)C(=Cc2cnc(Nc3ccc(cc3)P(=O)(O)CP(=O)(O)O)nc12)c4c(Cl)cccc4Cl,8.7
547,CHEMBL3658096,CN1CCC(CC1)NC(=O)c2ccc(Nc3ncc4CN(CCc4n3)c5cc(NC(=O)c6cccc(c6)C(F)(F)F)ccc5C)cc2,8.7
548,CHEMBL3658087,CN1CCN(CC1)C(=O)c2ccc(Nc3ncc4CN(CCc4n3)c5cc(NC(=O)c6cccc(c6)C(F)(F)F)ccc5C)cc2,8.7
549,CHEMBL1083023,CN1CCN(CC1)c2ccc(cc2)c3cnn4c(N)c(cnc34)c5cccc(O)c5,8.7
550,CHEMBL360914,COc1cc(Cl)c(Cl)c(Nc2c(cnc3cc(\C=C\c4ncc[nH]4)c(OC)cc23)C#N)c1,8.7
551,CHEMBL294137,COc1cc(Nc2c(cnc3cc(ccc23)c4cc(CN5CCC(O)CC5)cs4)C#N)c(Cl)cc1Cl,8.7
552,CHEMBL427544,COc1cc2cc3c(Nc4ccc(Cl)cc4Cl)c(cnc3cc2cc1OCCN5CCOCC5)C#N,8.7
553,CHEMBL264803,COc1ccc(N(C(=O)Oc2c(C)cccc2C)c3ccnc(Nc4cc(OC)c(OCCN5CCOCC5)c(OC)c4)n3)c(OC)c1,8.7
554,CHEMBL211845,COc1ccc(N(C(=O)Oc2c(C)cccc2C)c3ccnc(Nc4ccc(N5CCN(C)CC5)c(F)c4)n3)c(OC)c1,8.7
555,CHEMBL215730,COc1ccc(N(C(=O)Oc2c(C)cccc2C)c3ccnc(Nc4ccc(N5CCN(C)CC5)c(OC)c4)n3)c(OC)c1,8.7
556,CHEMBL379080,COc1ccc(N(C(=O)Oc2c(C)cccc2C)c3ccnc(Nc4ccc(OCCCN5CCN(C)CC5)c(OC)c4)n3)c(OC)c1,8.7
557,CHEMBL168382,COc1cccc(c1)c2cn(C3CCCC3)c4ncnc(N)c24,8.7
558,CHEMBL3658100,Cc1ccc(NC(=O)c2ccc(s2)C(F)(F)F)cc1N3CCc4nc(Nc5ccc(OCCN6CCCC6)cc5)ncc4C3,8.7
559,CHEMBL3658097,Cc1ccc(NC(=O)c2cccc(c2)C(F)(F)F)cc1N3CCc4nc(Nc5cncnc5)ncc4C3,8.7
560,CHEMBL215943,Cc1ccc(cc1c2ccc3nc(NCCN4CCOCC4)ncc3c2)C(=O)Nc5cccc(c5)C(F)(F)F,8.7
561,CHEMBL1241678,Nc1ncnc2c1c(nn2[C@H]3CCOC3)c4ccc(Cl)c(O)c4,8.7
562,CHEMBL331906,Oc1cccc(c1)c2[nH]nc3ncnc(Nc4cccc(Cl)c4)c23,8.7
563,CHEMBL129972,COc1cc(Nc2c(cnc3cc(OCCCn4ccnn4)c(OC)cc23)C#N)c(Cl)cc1Cl,8.72
564,CHEMBL566577,COc1cc(Nc2c(cnc3cc(ccc23)c4ccc(CN5CC[S+]([O-])CC5)cn4)C#N)c(Cl)cc1Cl,8.72
565,CHEMBL528330,CCCP(=O)(CCC)c1ccc(Nc2nc(nc3c2ncn3\C=C\c4c(C)cccc4C)C(C)C)cc1,8.75
566,CHEMBL585198,COc1cc(Nc2c(cnc3cc(ccc23)c4ccc(CN5CCS(=O)(=O)CC5)cn4)C#N)c(Cl)cc1Cl,8.75
567,CHEMBL198211,COc1cc(Nc2c(cnc3cc4cc(OC)c(OCCN5CCOCC5)cc4cc23)C#N)c(Cl)cc1Cl,8.75
568,CHEMBL400402,Cc1cc(cc2nnc(Nc3ccc(OCCN4CCCC4)cc3)nc12)c5cc(O)ccc5Cl,8.75
569,CHEMBL3651260,Cc1cc(cc2nnc(Nc3ccc(nc3)N4CCN(CCO)CC4)nc12)c5cc(O)ccc5Cl,8.75
570,CHEMBL3651250,Cc1cc(cc2nnc(Nc3cccc(OCCN4CCCC4)c3)nc12)c5cc(O)ccc5Cl,8.75
571,CHEMBL1087978,CCN1CCN(CC\C=C\c2cc3ncc(C#N)c(Nc4cc(OC)c(Cl)cc4Cl)c3cc2OC)CC1,8.77
572,CHEMBL131245,COc1cc(Nc2c(cnc3cc(OCCCN4CCOCC4)c(OC)cc23)C#N)c(C)cc1C,8.77
573,CHEMBL3651284,CN(CCN1CCCC1)C(=O)c2ccc(Nc3nnc4cc(cc(C)c4n3)c5cc(O)ccc5Cl)cc2,8.8
574,CHEMBL128706,COc1ccc(Cl)c(Nc2c(cnc3cc(OCCCN4CCOCC4)c(OC)cc23)C#N)c1,8.8
575,CHEMBL3651246,Cc1cc2nc(Nc3ccc(cc3)S(=O)(=O)NCCN4CCCC4)nnc2cc1c5cc(O)ccc5Cl,8.8
576,CHEMBL3651279,CC(C)N(CCO)Cc1ccc(Nc2nnc3cc(cc(C)c3n2)c4cc(O)ccc4Cl)cc1,8.82
577,CHEMBL124333,COCCOc1cc2ncc(C#N)c(Nc3cc(OC)c(Cl)cc3Cl)c2cc1OC,8.82
578,CHEMBL276934,COc1cc(Nc2c(cnc3cc(c(OC)cc23)c4coc(CN5CCOCC5)c4)C#N)c(Cl)cc1Cl,8.82
579,CHEMBL196411,COc1cc(Nc2c(cnc3cc4cc(OC)c(OCCN5CCN(C)CC5)cc4cc23)C#N)c(C)cc1Cl,8.82
580,CHEMBL250213,Cc1cc(cc2nnc(Nc3ccc(CCCN4CCCC4)cc3)nc12)c5cc(O)ccc5Cl,8.82
581,CHEMBL400303,Cc1cc(cc2nnc(Nc3ccc(cc3)S(=O)(=O)NCCN4CCCC4)nc12)c5c(Cl)ccc(O)c5Cl,8.82
582,CHEMBL340914,COc1cc(Nc2c(cnc3cc(OCCCN4CC(C)N(C)C(C)C4)c(OC)cc23)C#N)c(Cl)cc1Cl,8.85
583,CHEMBL128326,COc1cc(Nc2c(cnc3cc(OCCCN4CCCN(C)CC4)c(OC)cc23)C#N)c(Cl)cc1Cl,8.85
584,CHEMBL418652,COc1cc(Nc2c(cnc3cc(ccc23)c4csc(CN5CCC(O)CC5)c4)C#N)c(Cl)cc1Cl,8.85
585,CHEMBL335025,COc1cc(Nc2c(cnc3cc4cc(OC)c(OC)cc4cc23)C#N)c(C)cc1Cl,8.85
586,CHEMBL451790,Cc1cccc(C)c1\C=C\n2cnc3c(Nc4ccc(cc4)P(=O)(C)C)nc(nc23)N5CCCC5,8.85
587,CHEMBL128612,COc1cc(Nc2c(cnc3cc(OCCCCN4CCOCC4)c(OC)cc23)C#N)c(Cl)cc1Cl,8.89
588,CHEMBL460074,Cc1cccc(C)c1\C=C\n2cnc3c(Nc4ccc(cc4)P(=O)(C)C)nc(nc23)C5CCCC5,8.89
589,CHEMBL2336005,Oc1cccc(Nc2ccnc3cc(sc23)c4cccc(CN5CCOCC5)c4)c1,8.89
590,CHEMBL3651292,CN(CCN1CCCC1)S(=O)(=O)c2ccc(Nc3nnc4cc(cc(C)c4n3)c5c(Cl)ccc(O)c5F)cc2,8.92
591,CHEMBL334364,COc1cc(Nc2c(cnc3cc(OCCCN4CCCCC4)c(OC)cc23)C#N)c(Cl)cc1Cl,8.92
592,CHEMBL423696,COc1cc(Nc2c(cnc3cc(OCCCN4CCOCC4)c(OC)cc23)C#N)c(C)cc1Cl,8.92
593,CHEMBL194352,COc1cc2cc3ncc(C#N)c(Nc4cc(OC)c(OC)c(OC)c4)c3cc2cc1OCCN5CCOCC5,8.92
594,CHEMBL3651262,Oc1ccc(Cl)c(c1)c2cc3nnc(Nc4ccc(OCCN5CCCC5)cc4)nc3cc2Cl,8.92
595,CHEMBL566515,COc1ccccc1n2c(cn3c4C(=O)NC(=O)N(C)c4nc23)c5cc(O)ccc5C,8.94
596,CHEMBL129143,CCCN1CCN(CCCOc2cc3ncc(C#N)c(Nc4cc(OC)c(Cl)cc4Cl)c3cc2OC)CC1,8.96
597,CHEMBL128158,COc1cc(Nc2c(cnc3cc(OCCCN4CCNCC4)c(OC)cc23)C#N)c(Cl)cc1Cl,8.96
598,CHEMBL129209,COc1cc(Nc2c(cnc3cc(OCCCN4CCOCC4)c(OC)cc23)C#N)c(Cl)cc1C,8.96
599,CHEMBL194969,COc1cc(Nc2c(cnc3cc4cc(OC)c(OCCN5CCN(C)CC5)cc4cc23)C#N)c(Cl)cc1Cl,8.96
600,CHEMBL3651285,Cc1cc(cc2nnc(Nc3ccc(OCCN4CCCC4)cc3)nc12)c5c(Cl)ccc(O)c5Cl,8.96
601,CHEMBL3425518,CC(C)n1nc(C#Cc2cc(ccc2C)C(=O)Nc3ccc(CN4CCN(C)CC4)c(Br)c3)c5c(N)ncnc15,9.0
602,CHEMBL1242656,CC1CCC(C1)n2nc(c3ccc(F)c(O)c3)c4c(N)ncnc24,9.0
603,CHEMBL3823620,CN(C)C1CCN(CCn2nc(c3ccc(CC(=O)OC(C)(C)C)cc3)c4c(N)ncnc24)CC1,9.0
604,CHEMBL262276,COC(=O)CN1CCC(CC1)n2cc(c3cccc(O)c3)c4c(N)ncnc24,9.0
605,CHEMBL3824116,COc1cc(ccc1CC(=O)OC(C)(C)C)c2nn(CCN3CCC(CC3)N(C)C)c4ncnc(N)c24,9.0
606,CHEMBL385898,COc1ccc(N(C(=O)Oc2c(C)cccc2C)c3ccnc(Nc4cc(OC)c(N5CCN(C)CC5)c(OC)c4)n3)c(OC)c1,9.0
607,CHEMBL386760,COc1ccc(N(C(=O)Oc2c(C)cccc2C)c3ccnc(Nc4cc(OC)c(OCCCN5CCN(C)CC5)c(OC)c4)n3)c(OC)c1,9.0
608,CHEMBL212143,COc1ccc(N(C(=O)Oc2c(C)cccc2C)c3ccnc(Nc4cc(OC)c(OCCN5CCN(C)CC5)c(OC)c4)n3)c(OC)c1,9.0
609,CHEMBL442485,COc1ccc(OC)c(c1)N(C(=O)Oc2c(C)cccc2C)c3ccnc(Nc4ccc(cc4)N5CCN(C)CC5)n3,9.0
610,CHEMBL3651286,Cc1cc(cc2nnc(Nc3ccc(cc3)S(=O)(=O)CCCN4CCCC4)nc12)c5c(Cl)ccc(O)c5F,9.0
611,CHEMBL3658102,Cc1ccc(NC(=O)CC2CCCC2)cc1N3CCc4nc(Nc5ccc(OCCN6CCCC6)cc5)ncc4C3,9.0
612,CHEMBL3658101,Cc1ccc(NC(=O)N2CCCCC2)cc1N3CCc4nc(Nc5ccc(OCCN6CCCC6)cc5)ncc4C3,9.0
613,CHEMBL3658098,Cc1ccc(NC(=O)c2cccc(c2)C(F)(F)F)cc1N3CCc4nc(Nc5ccc(cc5)C(=O)NCCO)ncc4C3,9.0
614,CHEMBL263528,NC(=O)CN1CCC(CC1)n2cc(c3cccc(O)c3)c4c(N)ncnc24,9.0
615,CHEMBL169390,Nc1ncnc2c1c(cn2C3CCCC3)c4cccc(O)c4,9.0
616,CHEMBL169780,Nc1ncnc2c1c(cn2C3CCN(CCO)CC3)c4cccc(O)c4,9.0
617,CHEMBL128705,COc1cc(Nc2c(cnc3cc(OCCCN4CCOCC4)c(OC)cc23)C#N)c(Br)cc1Cl,9.02
618,CHEMBL3651288,Cc1ccc(O)cc1c2cc(C)c3nc(Nc4ccc(cc4)S(=O)(=O)NCCN5CCCC5)nnc3c2,9.02
619,CHEMBL3695570,CC(C)(C)c1cc(NC(=O)Nc2ccc(Oc3ccnc4NC(=O)Nc34)c5ncccc25)n(n1)c6ccccc6,9.05
620,CHEMBL459877,CC(C)c1nc(Nc2ccc(cc2)P(=O)(C)C)c3ncn(\C=C\c4c(C)cccc4C)c3n1,9.05
621,CHEMBL3426225,CCn1nc(C#Cc2cc(ccc2C)C(=O)Nc3ccc(CN4CCN(C)CC4)c(c3)C(F)(F)F)c5c(N)ncnc15,9.05
622,CHEMBL1089405,CP(=O)(C)c1ccc(Nc2nc(nc3c2ncn3CCc4cccc(O)c4)C5CCCC5)cc1,9.05
623,CHEMBL131725,COc1cc(Nc2c(cnc3cc(OCCCN4CCOCC4)c(OC)cc23)C#N)c(Cl)cc1Cl,9.1
624,CHEMBL3824089,COc1cc(ccc1NC(=O)OC(C)(C)C)c2nn(CCN3CCC(CC3)N(C)C)c4ncnc(N)c24,9.1
625,CHEMBL3695571,COc1ccc(cc1)n2nc(cc2NC(=O)Nc3ccc(Oc4ccnc5NC(=O)Nc45)c6ncccc36)C(C)(C)C,9.1
626,CHEMBL130529,CCN1CCN(CCCOc2cc3ncc(C#N)c(Nc4cc(OC)c(Cl)cc4Cl)c3cc2OC)CC1,9.11
627,CHEMBL219557,COc1cc(Nc2c(cnc3cc(c(OC)cc23)c4coc(CN5CCN(C)CC5)c4)C#N)c(Cl)cc1Cl,9.11
628,CHEMBL338194,COc1cc(Nc2c(cnc3cc(OCCCN4CCN(CCO)CC4)c(OC)cc23)C#N)c(Cl)cc1Cl,9.12
629,CHEMBL219964,COc1cc(Nc2c(cnc3cc(c(OC)cc23)c4coc(CN(C)C)c4)C#N)c(Cl)cc1Cl,9.13
630,CHEMBL197744,COc1cc(Nc2c(cnc3cc4cc(OCCN5CCC(O)CC5)c(OC)cc4cc23)C#N)c(Cl)cc1Cl,9.14
631,CHEMBL197713,COc1cc2cc3c(Nc4cc(OC)c(OC)c(OC)c4)c(cnc3cc2cc1OCCN5CCN(C)CC5)C#N,9.16
632,CHEMBL250821,Cc1cc(cc2nnc(Nc3ccc(cc3)S(=O)(=O)NCCN4CCCC4)nc12)c5c(Cl)ccc(O)c5F,9.16
633,CHEMBL424262,COc1cc(Nc2c(cnc3cc(OCCCN4CCC(O)CC4)c(OC)cc23)C#N)c(Cl)cc1Cl,9.19
634,CHEMBL591325,CN(C)CCOc1ccc2Nc3c(C(=O)N)c(nn3CCc2c1)c4ccc(Oc5ccccc5)cc4,9.22
635,CHEMBL178787,COc1cc(Nc2c(cnc3cc(\C=C\c4cc[n+]([O-])cc4)c(OC)cc23)C#N)c(Cl)cc1Cl,9.22
636,CHEMBL3823104,COc1cc(ccc1NC(=O)OC(C)(C)C)c2nn(CCN3CCC(CC3)N4CCCCC4)c5ncnc(N)c25,9.22
637,CHEMBL436486,COc1cc(Nc2c(cnc3cc4cc(OCCN5CCC(O)CC5)c(OC)cc4cc23)C#N)c(Cl)cc1C,9.26
638,CHEMBL1242568,Nc1ncnc2c1c(nn2C3CCCC3)c4ccc(F)c(O)c4,9.26
639,CHEMBL3639501,CN(CCN1CCCC1)C(=O)c2ccc(Nc3nnc4cc(cc(C)c4n3)c5c(Cl)ccc(O)c5F)cc2,9.27
640,CHEMBL198868,COc1cc(Nc2c(cnc3cc4cc(OCCN5CCOCC5)c(OC)cc4cc23)C#N)c(Cl)cc1F,9.32
641,CHEMBL195029,COc1cc(Nc2c(cnc3cc4cc(OCCN5CCOCC5)c(OC)cc4cc23)C#N)c(Cl)cc1Cl,9.34
642,CHEMBL370633,COc1cc(Nc2c(cnc3cc4cc(OCCN5CCOCC5)c(OC)cc4cc23)C#N)c(Cl)cc1C,9.48
643,CHEMBL516062,CN(C)CCc1ccccc1n2cc(c3cccc(O)c3)c4c(N)ncnc24,9.5
644,CHEMBL474998,Nc1ncnc2c1c(cn2c3ccc(OCCNCCO)cc3)c4cccc(O)c4,9.5
645,CHEMBL196889,COc1cc(Nc2c(cnc3cc4cc(OCCN5CCN(C)CC5)c(OC)cc4cc23)C#N)c(C)cc1Cl,9.51
646,CHEMBL421024,CN(C)CCCN1C(=O)C(=Cc2cnc(Nc3ccc(cc3)P(=O)(O)CP(=O)(O)O)nc12)c4c(Cl)cccc4Cl,9.52
647,CHEMBL198650,COc1cc(Nc2c(cnc3cc4cc(OCCN5CCN(C)CC5)c(OC)cc4cc23)C#N)c(Cl)cc1Cl,9.54
648,CHEMBL78455,CC(=O)N[C@@H](Cc1ccc(OP(=O)(O)O)c(C=O)c1)C(=O)N[C@H]2CCCCN(Cc3ccc(cc3)c4ccccc4)C2=O,9.6
649,CHEMBL425389,COc1cc2cc3c(Nc4cc(OC)c(OC)c(OC)c4)c(cnc3cc2cc1OCCN5CCOCC5)C#N,9.66
650,CHEMBL281957,CCN(CC)C\C=C\c1nc(O)c2c(ccc3nc(Nc4c(Cl)cccc4Cl)n(C)c23)c1C,9.7
651,CHEMBL196797,COc1cc(Nc2c(cnc3cc4cc(OCCN5CCOCC5)c(OC)cc4cc23)C#N)c(C)cc1Cl,9.82
652,CHEMBL1241676,Nc1ncnc2c1c(nn2C3CCCC3)c4ccc(Cl)c(O)c4,9.92
