,molecule_chembl_id,canonical_smiles,pchembl_value
0,CHEMBL3334980,COc1ccc(cc1OC)c2cnc3scc(NC(=O)C4CCCCC4)c3n2,7.57
1,CHEMBL388978,CN[C@@H]1C[C@H]2O[C@@](C)([C@@H]1OC)n3c4ccccc4c5c6CNC(=O)c6c7c8ccccc8n2c7c35,7.59
2,CHEMBL513703,CC(C)(C)C(=O)Nc1ccc2NC(=O)\C(=C/3\C(\c4c(N3)cccc4)=N\O)\c2c1,7.68
3,CHEMBL3797466,CC(=CC(=O)Nc1ccc2NC(=O)\C(=C/3\C(\c4c(N3)cccc4)=N\O)\c2c1)C,7.85
4,CHEMBL3799505,CC(C)(C)CC(=O)Nc1ccc2NC(=O)\C(=C/3\C(\c4c(N3)cccc4)=N\O)\c2c1,7.85
5,CHEMBL3799585,CCCC(=O)Nc1ccc2NC(=O)\C(=C/3\C(\c4c(N3)cccc4)=N\O)\c2c1,8.0
6,CHEMBL475251,COc1cc(Nc2ncc(F)c(Nc3ccc4OC(C)(C)C(=O)Nc4n3)n2)cc(OC)c1OC,8.04
7,CHEMBL3334979,COc1ccc(cc1OC)c2cnc3scc(NC(=O)C4CCCCC4)c3c2,8.05
8,CHEMBL259084,OC(=O)c1ccc(Nc2ncc3CN=C(c4cc(Cl)ccc4c3n2)c5c(F)cccc5F)cc1,8.09
9,CHEMBL3799389,O\N=C/1\C(=C/2\C(=O)Nc3ccc(NC(=O)C4CC4)cc23)\Nc5ccccc15,8.1
10,CHEMBL603469,C[C@]12O[C@H](C[C@]1(O)CO)n3c4ccccc4c5c6C(=O)NCc6c7c8ccccc8n2c7c35,8.3
11,CHEMBL1908397,O=C(N1CCNCC1)c2ccc(\C=C\c3n[nH]c4ccccc34)cc2,8.32
12,CHEMBL3797480,CCCCC(=O)Nc1ccc2NC(=O)\C(=C/3\C(\c4c(N3)cccc4)=N\O)\c2c1,8.52
1,CHEMBL607707,CCOc1cc2ncc(C#N)c(Nc3ccc(F)c(Cl)c3)c2cc1NC(=O)\C=C\CN(C)C,5.89
3,CHEMBL535,CCN(CC)CCNC(=O)c1c(C)[nH]c(\C=C\2/C(=O)Nc3ccc(F)cc23)c1C,6.66
8,CHEMBL428690,CN1CC[C@@H]([C@H](O)C1)c2c(O)cc(O)c3C(=O)C=C(Oc23)c4ccccc4Cl,5.29
16,CHEMBL939,COc1cc2ncnc(Nc3ccc(F)c(Cl)c3)c2cc1OCCCN4CCOCC4,5.19
23,CHEMBL86755,O=C1Nc2ccccc2/C/1=C/c3ccc[nH]3,6.45
46,CHEMBL522892,CN1CCN(CC1)c2ccc3nc([nH]c3c2)C4=C(N)c5c(F)cccc5NC4=O,5.75
65,CHEMBL608533,CO[C@@H]1[C@@H](C[C@H]2O[C@]1(C)n3c4ccccc4c5c6CNC(=O)c6c7c8ccccc8n2c7c35)N(C)C(=O)c9ccccc9,5.33
73,CHEMBL1721885,Cc1[nH]c(\C=C\2/C(=O)Nc3ccc(F)cc23)c(C)c1C(=O)NC[C@H](O)CN4CCOCC4,6.5
102,CHEMBL450786,Cc1[nH]c(\C=C\2/C(=O)Nc3ccc(cc23)S(=O)(=O)Cc4c(Cl)cccc4Cl)c(C)c1C(=O)N5CCC[C@@H]5CN6CCCC6,5.46
106,CHEMBL1789941,N#CC[C@H](C1CCCC1)n2cc(cn2)c3ncnc4[nH]ccc34,5.46
108,CHEMBL509032,COc1cc(ccc1Nc2ncc(Cl)c(Nc3ccccc3S(=O)(=O)C(C)C)n2)N4CCC(CC4)N5CCN(C)CC5,5.15
110,CHEMBL1908395,Cl.CN(C)CC(=O)N1CCC(CC1)c2ccc(NC(=O)c3nc(c[nH]3)C#N)c(c2)C4=CCCCC4,5.13
113,CHEMBL502835,COC(=O)c1ccc2\C(=C(\Nc3ccc(cc3)N(C)C(=O)CN4CCN(C)CC4)/c5ccccc5)\C(=O)Nc2c1,6.17
117,CHEMBL1287853,Cc1cnc(Nc2ccc(OCCN3CCCC3)cc2)nc1Nc4cccc(c4)S(=O)(=O)NC(C)(C)C,7.35
121,CHEMBL1241674,CC(C)n1nc(c2cc3cc(O)ccc3[nH]2)c4c(N)ncnc14,5.5
123,CHEMBL379218,Cc1n[nH]c2ccc(cc12)c3cncc(OC[C@@H](N)Cc4ccccc4)c3,5.28
166,CHEMBL180022,CCOc1cc2ncc(C#N)c(Nc3ccc(OCc4ccccn4)c(Cl)c3)c2cc1NC(=O)\C=C\CN(C)C,5.96
203,CHEMBL3334963,COc1ccc(cc1OC)c2cnc3snc(NC(=O)C4CCCCCC4)c3c2,6.28
204,CHEMBL3334962,COc1ccc(cc1OC)c2cnc3snc(NC(=O)C4CCCC4)c3c2,5.66
205,CHEMBL3334961,COc1ccc(cc1OC)c2cnc3snc(NC(=O)C4CCC4)c3c2,5.8
207,CHEMBL3334945,COc1cc(ccc1O)c2cnc3snc(NC(=O)C4CCCCC4)c3c2,5.7
210,CHEMBL3334948,Nc1cccc(c1)c2cnc3snc(NC(=O)C4CCCCC4)c3c2,5.64
211,CHEMBL3334949,Oc1ccc(cc1)c2cnc3snc(NC(=O)C4CCCCC4)c3c2,5.5
217,CHEMBL3334955,COc1ccc(cc1OC)c2cnc3snc(NC(=O)C4CCCCC4)c3c2,5.8
220,CHEMBL3334958,O=C(Nc1nsc2ncc(cc12)c3cccs3)C4CCCCC4,5.72
221,CHEMBL3334959,O=C(Nc1nsc2ncc(cc12)c3ccsc3)C4CCCCC4,5.8
314,CHEMBL3799269,O\N=C/1\C(=C/2\C(=O)Nc3ccc(NC(=O)c4cccc5ccccc45)cc23)\Nc6ccccc16,5.82
315,CHEMBL3798736,O\N=C/1\C(=C/2\C(=O)Nc3ccc(NC(=O)\C=C\c4ccccc4)cc23)\Nc5ccccc15,6.16
316,CHEMBL3799218,O\N=C/1\C(=C/2\C(=O)Nc3ccc(NC(=O)COc4cccc(Cl)c4)cc23)\Nc5ccccc15,6.02
317,CHEMBL3798680,O\N=C/1\C(=C/2\C(=O)Nc3ccc(NC(=O)c4ccccc4C(F)(F)F)cc23)\Nc5ccccc15,6.92
318,CHEMBL3797582,COc1ccc(cc1)C(=O)Nc2ccc3NC(=O)\C(=C/4\C(\c5c(N4)cccc5)=N\O)\c3c2,6.48
319,CHEMBL3798927,Cc1ccc(cc1)C(=O)Nc2ccc3NC(=O)\C(=C/4\C(\c5c(N4)cccc5)=N\O)\c3c2,5.89
320,CHEMBL3798563,O\N=C/1\C(=C/2\C(=O)Nc3ccc(NC(=O)c4cc(cc(c4)[N+](=O)[O-])[N+](=O)[O-])cc23)\Nc5ccccc15,7.11
321,CHEMBL3799256,O\N=C/1\C(=C/2\C(=O)Nc3ccc(NC(=O)c4ccc(cc4)[N+](=O)[O-])cc23)\Nc5ccccc15,5.89
322,CHEMBL3798747,O\N=C/1\C(=C/2\C(=O)Nc3ccc(NC(=O)c4ccc(F)cc4)cc23)\Nc5ccccc15,5.92
323,CHEMBL3797817,O\N=C/1\C(=C/2\C(=O)Nc3ccc(NC(=O)c4ccccc4F)cc23)\Nc5ccccc15,6.54
324,CHEMBL3797619,O\N=C/1\C(=C/2\C(=O)Nc3ccc(NC(=O)c4ccc(Cl)cc4)cc23)\Nc5ccccc15,5.5
325,CHEMBL3797732,O\N=C/1\C(=C/2\C(=O)Nc3ccc(NC(=O)c4ccccc4)cc23)\Nc5ccccc15,6.7
326,CHEMBL3798579,O\N=C/1\C(=C/2\C(=O)Nc3ccc(NC(=O)C4CCCCC4)cc23)\Nc5ccccc15,6.92
333,CHEMBL604263,Nc1ccc2NC(=O)\C(=C/3\C(\c4c(N3)cccc4)=N\O)\c2c1,6.6
334,CHEMBL1077291,O\N=C/1\C(=C/2\C(=O)Nc3ccc(F)cc23)\Nc4ccccc14,6.21
340,CHEMBL594192,Nc1ccc2NC(=O)\C(=C\3/Nc4ccccc4C3=O)\c2c1,5.85
342,CHEMBL1083838,Ic1ccc2NC(=O)\C(=C\3/Nc4ccccc4C3=O)\c2c1,5.21
345,CHEMBL216543,O\N=C/1\C(=C/2\C(=O)Nc3ccccc23)\Nc4ccccc14,6.15
