,molecule_chembl_id,canonical_smiles,pchembl_value
0,sunitinib,CCN(CC)CCNC(=O)c1c(C)[nH]c(\C=C\2/C(=O)Nc3ccc(F)cc23)c1C,7.77
1,CHEMBL603469,C[C@]12O[C@H](C[C@]1(O)CO)n3c4ccccc4c5c6C(=O)NCc6c7c8ccccc8n2c7c35,7.59
2,CHEMBL2204239,CC(C)c1ccc(NC(=O)c2cccs2)c(c1)C3=Nc4ccccc4NC3=O,7.85
3,CHEMBL2203525,CC(=O)NC[C@@H]1C[C@H](CN1)NS(=O)(=O)c2cccc3cncc(C)c23,7.96
4,CHEMBL2203524,COc1ccc(cc1)n2ncc3ccc(Nc4ccc(N5CCN(C)CC5)c(OC)c4)nc23,8.16
5,CHEMBL509032,COc1cc(ccc1Nc2ncc(Cl)c(Nc3ccccc3S(=O)(=O)C(C)C)n2)N4CCC(CC4)N5CCN(C)CC5,8.5
6,CHEMBL388978,CN[C@@H]1C[C@H]2O[C@@](C)([C@@H]1OC)n3c4ccccc4c5c6CNC(=O)c6c7c8ccccc8n2c7c35,8.75
