,molecule_chembl_id,canonical_smiles,pchembl_value
0,CHEMBL2207193,O=C(NCCCNc1nc(Nc2cccc(c2)N3CCOCC3)ncc1C4CC4)C5CCC5,7.55
1,CHEMBL3682432,COc1nc(Nc2nccc(n2)c3ccc(OC4CCOCC4)c(c3)C#N)ccc1C5=CCNCC5,7.57
2,CHEMBL2011939,COc1ccc(cc1)c2nc3c(NCCCNC(=O)c4cccs4)c(Br)cnc3[nH]2,7.59
3,CHEMBL2011931,COc1ccc(cc1)c2nc3c(NCCCNC(=O)C4CC4)c(Br)cnc3[nH]2,7.6
4,CHEMBL3687133,N#Cc1cc(ccc1OC2CCOCC2)c3ccnc(Nc4ccc(CN5CCOCC5)cn4)c3,7.62
5,CHEMBL3687126,N#Cc1cc(ccc1OC2CCOCC2)c3ccnc(Nc4cncc(n4)C5CCNCC5)c3,7.62
6,CHEMBL475251,COc1cc(Nc2ncc(F)c(Nc3ccc4OC(C)(C)C(=O)Nc4n3)n2)cc(OC)c1OC,7.64
7,CHEMBL3687138,N#Cc1cc(ccc1OCC2CC2)c3ccnc(Nc4ccc(cn4)N5CCOCC5)c3,7.64
8,CHEMBL2207178,Fc1cccc(Nc2ncc(Br)c(NCCCNC(=O)c3cnccn3)n2)c1,7.66
9,CHEMBL3687153,CC(C)(C)c1cc(Nc2cc(ccn2)c3ccc(OC4CCOCC4)c(c3)C#N)n[nH]1,7.68
10,CHEMBL3682427,N#Cc1cc(ccc1OC2CCOCC2)c3ccnc(Nc4ccc(nn4)C5CCNCC5)c3,7.68
11,CHEMBL2011932,COc1ccc(cc1)c2nc3c(NCCCNC(=O)C4(CN)CC4)c(Br)cnc3[nH]2,7.7
12,CHEMBL603469,C[C@]12O[C@H](C[C@]1(O)CO)n3c4ccccc4c5c6C(=O)NCc6c7c8ccccc8n2c7c35,7.75
13,CHEMBL3687168,OC[C@H]1C[C@@H]1Cn2cc(Nc3cc(ccn3)c4ccc(OC5CCOCC5)c(c4)C#N)cn2,7.75
14,CHEMBL2011945,COc1ccc(F)cc1c2nc3c(NCCCNC(=O)C4CCC4)c(Br)cnc3[nH]2,7.77
15,CHEMBL2207205,Cn1ncc2cc(Nc3ncc(C4CC4)c(NCCCNC(=O)C5CCC5)n3)ccc12,7.8
16,CHEMBL3687180,N#Cc1cc(ccc1OC2CCOCC2)c3ccnc(Nc4cnn(CCN5CCOCC5)c4)n3,7.8
17,CHEMBL2207201,O=C(NCCCNc1nc(Nc2ccc(nc2)N3CCOCC3)ncc1C4CC4)C5CCC5,7.82
18,CHEMBL3687111,CN(C)Cc1ccnc(Nc2cc(ccn2)c3ccc(OC4CCOCC4)c(c3)C#N)c1,7.85
19,CHEMBL2011929,COc1ccc(cc1)c2nc3c(NCCCNC(=O)C(C)C)c(Br)cnc3[nH]2,7.85
20,CHEMBL3687130,N#Cc1cc(ccc1OC2CCOCC2)c3ccnc(Nc4ccc(nn4)C5CCOCC5)c3,7.85
21,CHEMBL3687124,OCCn1cc(Nc2nccc(n2)c3ccc(OCC4CCC4)c(c3)C#N)cn1,7.85
22,CHEMBL3687158,OCc1ccc(Nc2cc(ccn2)c3ccc(OC4CCOCC4)c(c3)C#N)nc1,7.85
23,CHEMBL2207200,O=C(NCCCNc1nc(Nc2cccnc2)ncc1C3CC3)C4CCC4,7.89
24,CHEMBL2011941,Brc1cnc2[nH]c(nc2c1NCCCNC(=O)C3CCC3)c4ccc(OCCN5CCCCC5)cc4,7.92
25,CHEMBL3687182,N#Cc1cc(ccc1OC2CCOCC2)c3ccnc(Nc4cnn(CC5CCOC5)c4)n3,7.92
26,CHEMBL2011930,COc1ccc(cc1)c2nc3c(NCCCNC(=O)C(C)(C)C)c(Br)cnc3[nH]2,7.96
27,CHEMBL2207192,O=C(NCCCNc1nc(Nc2cccc(c2)c3ocnc3)ncc1C4CC4)C5CCC5,7.96
28,CHEMBL3687127,O[C@@H]1CC[C@@H](CC1)n2cc(Nc3nccc(n3)c4ccc(OCC5CCC5)c(c4)C#N)cn2,7.96
29,CHEMBL2011936,COc1ccc(cc1)c2nc3c(NCCCNC(=O)C4CCCC4)c(Br)cnc3[nH]2,8.0
30,CHEMBL3682428,N#Cc1cc(ccc1OC2CCOCC2)c3ccnc(Nc4cnc(cn4)C5CCNCC5)c3,8.0
31,CHEMBL3687183,NC(=O)c1oc2ccc(Nc3nccc(n3)c4ccc(OC5CCOCC5)c(c4)C#N)cc2c1,8.0
32,CHEMBL2207211,O=C(NCCCNc1nc(Nc2cnn(c2)C3CC3)ncc1C4CC4)C5CCC5,8.0
33,CHEMBL3687125,OC[C@H]1C[C@@H]1Cn2cc(Nc3nccc(n3)c4ccc(OCC5CCC5)c(c4)C#N)cn2,8.0
34,CHEMBL608533,CO[C@@H]1[C@@H](C[C@H]2O[C@]1(C)n3c4ccccc4c5c6CNC(=O)c6c7c8ccccc8n2c7c35)N(C)C(=O)c9ccccc9,8.03
35,CHEMBL2011943,COc1ccc(cc1)c2nc3c(NCCCNC(=O)C4CCCC4)c(cnc3[nH]2)C(=O)N,8.05
36,CHEMBL3125721,COc1ccc(cc1)c2nc3c(NCCCNC(=O)C4CCCC4)c(cnc3[nH]2)c5nc(cs5)C(=O)N,8.05
37,CHEMBL2207218,Fc1cccc(Nc2ncc(Br)c(NCCCNC(=O)c3cccs3)n2)c1,8.05
38,CHEMBL2207202,O=C(NCCCNc1nc(Nc2ccc(CN3CCCCC3)nc2)ncc1C4CC4)C5CCC5,8.05
39,CHEMBL2207215,O=C(NCCCNc1nc(Nc2cnn(CCN3CCOCC3)c2)ncc1C4CC4)C5CCC5,8.05
40,CHEMBL2207197,CN1CCC(CC1)c2ccc(Nc3ncc(C4CC4)c(NCCCNC(=O)C5CCC5)n3)cc2,8.1
41,CHEMBL2011935,COc1ccc(cc1)c2nc3c(NCCCNC(=O)C4CC(O)C4)c(Br)cnc3[nH]2,8.1
42,CHEMBL2207208,Cn1cc(Nc2ncc(C3CC3)c(NCCCNC(=O)C4CCC4)n2)cn1,8.1
43,CHEMBL2207180,Fc1cccc(Nc2ncc(Br)c(NCCCNC(=O)C3CCCC3)n2)c1,8.1
44,CHEMBL2207187,Fc1cccc(Nc2ncc(C3CC3)c(NCCCNC(=O)C4CCC4)n2)c1,8.1
45,CHEMBL3687151,N#Cc1cc(ccc1OC2CCOCC2)c3ccnc(Nc4ccc(cn4)N5CCOCC5)c3,8.1
46,CHEMBL3687160,OCc1ccnc(Nc2cc(ccn2)c3ccc(OC4CCOCC4)c(c3)C#N)c1,8.1
47,CHEMBL3682429,O[C@@H]1CC[C@@H](CC1)n2cc(Nc3nccc(n3)c4ccc(OC5CCOCC5)c(c4)C#N)cn2,8.1
48,CHEMBL2207216,CC(C)N1CCC(CC1)n2cc(Nc3ncc(C4CC4)c(NCCCNC(=O)C5CCC5)n3)cn2,8.16
49,CHEMBL2207210,CCn1cc(Nc2ncc(C3CC3)c(NCCCNC(=O)C4CCC4)n2)cn1,8.16
50,CHEMBL3687132,COCCn1cc(Nc2nccc(n2)c3ccc(OCC4CCC4)c(c3)C#N)cn1,8.16
51,CHEMBL2207206,Cc1nn(C)c2cc(Nc3ncc(C4CC4)c(NCCCNC(=O)C5CCC5)n3)ccc12,8.16
52,CHEMBL3687181,N#Cc1cc(ccc1OC2CCOCC2)c3ccnc(Nc4cnn(c4)C5CCNC5)n3,8.16
53,CHEMBL2207204,O=C(NCCCNc1nc(Nc2ccc3CCN(Cc3c2)C4CC4)ncc1C5CC5)C6CCC6,8.16
54,CHEMBL2207217,Brc1cnc(Nc2cccc(NC(=O)N3CCCC3)c2)nc1NCCCNC(=O)c4cccs4,8.22
55,CHEMBL2207196,CN(C)Cc1ccc(Nc2ncc(C3CC3)c(NCCCNC(=O)C4CCC4)n2)cc1,8.22
56,CHEMBL3687176,COCCn1cc(Nc2nccc(n2)c3ccc(OC4CCOCC4)c(c3)C#N)cn1,8.22
57,CHEMBL2011934,COc1ccc(cc1)c2nc3c(NCCCN(C)C(=O)C4CCC4)c(Br)cnc3[nH]2,8.22
58,CHEMBL2011933,COc1ccc(cc1)c2nc3c(NCCCNC(=O)C4CCC4)c(Br)cnc3[nH]2,8.22
59,CHEMBL3687175,N#Cc1cc(ccc1OC2CCOCC2)c3ccnc(Nc4cn[nH]c4)n3,8.22
60,CHEMBL3682420,N#Cc1cc(ccc1OC2CCOCC2)c3ccnc(Nc4cnn(c4)C5CCNCC5)n3,8.22
61,CHEMBL2207198,O=C(NCCCNc1nc(Nc2ccc(cc2)N3CCOCC3)ncc1C4CC4)C5CCC5,8.22
62,CHEMBL3682423,OC[C@H]1C[C@@H]1Cn2cc(Nc3nccc(n3)c4ccc(OC5CCOCC5)c(c4)C#N)cn2,8.22
63,CHEMBL3687129,OCc1cnc(Nc2cc(ccn2)c3ccc(OC4CCOCC4)c(c3)C#N)cn1,8.22
64,CHEMBL3682434,CN1CCC(CC1)c2ccnc(Nc3cc(ccn3)c4ccc(OC5CCOCC5)c(c4)C#N)c2,8.3
65,CHEMBL3687185,FC(F)Cn1cc(Nc2nccc(n2)c3ccc(OC4CCOCC4)c(c3)C#N)cn1,8.3
66,CHEMBL3687128,N#Cc1cc(ccc1OC2CCOCC2)c3ccnc(Nc4cnc(cn4)C5CCOCC5)c3,8.3
67,CHEMBL2207209,CC(C)n1cc(Nc2ncc(C3CC3)c(NCCCNC(=O)C4CCC4)n2)cn1,8.4
68,CHEMBL2011942,NC(=O)c1cnc2[nH]c(nc2c1NCCCNC(=O)C3CCC3)c4ccc(OCCN5CCCCC5)cc4,8.4
69,CHEMBL2011940,Nc1cccc(c1)c2nc3c(NCCCNC(=O)C4CCC4)c(Br)cnc3[nH]2,8.4
70,CHEMBL2207213,O=C(NCCCNc1nc(Nc2cnn(c2)C3CCCC3)ncc1C4CC4)C5CCC5,8.4
71,CHEMBL2207199,O=C(NCCCNc1nc(Nc2ccc(cc2)n3cncn3)ncc1C4CC4)C5CCC5,8.52
72,CHEMBL2207194,O=C(NCCCNc1nc(Nc2cccc(Cn3cncn3)c2)ncc1C4CC4)C5CCC5,8.52
73,CHEMBL3682431,OCCn1cc(Nc2nccc(n2)c3ccc(OC4CCOCC4)c(c3)C#N)cn1,8.52
74,CHEMBL3639859,O[C@@H]1CC[C@H](CC1)n2cc(Nc3nccc(n3)c4ccc(OC5CCOCC5)c(c4)C#N)cn2,8.52
75,CHEMBL2207195,CN1CCN(CC1)C(=O)c2ccc(Nc3ncc(C4CC4)c(NCCCNC(=O)C5CCC5)n3)cc2,8.7
76,CHEMBL2207181,Fc1cccc(Nc2ncc(Br)c(NCCCNC(=O)C3CCC3)n2)c1,8.7
77,CHEMBL3682430,N#Cc1cc(ccc1OC2CCOCC2)c3ccnc(Nc4cc(ccn4)C5CCNCC5)c3,8.7
78,CHEMBL3687186,N#Cc1cc(ccc1OC2CCOCC2)c3ccnc(Nc4cnn(CCC5CCNCC5)c4)n3,8.7
79,CHEMBL2207212,O=C(NCCCNc1nc(Nc2cnn(c2)C3CCC3)ncc1C4CC4)C5CCC5,8.7
80,CHEMBL2207214,O=C(NCCCNc1nc(Nc2cnn(c2)C3CCOCC3)ncc1C4CC4)C5CCC5,8.7
81,CHEMBL388978,CN[C@@H]1C[C@H]2O[C@@](C)([C@@H]1OC)n3c4ccccc4c5c6CNC(=O)c6c7c8ccccc8n2c7c35,9.05
