,molecule_chembl_id,canonical_smiles,pchembl_value
0,cabozantinib,COC1=CC2=NC=CC(OC3=CC=C(NC(=O)C4(CC4)C(=O)NC4=CC=C(F)C=C4)C=C3)=C2C=C1OC,7.8446641
1,CHEMBL425109,CCCn1c2ccc(NC(=O)c3occc3)cc2c4c5CNC(=O)c5c6c(CCc7nn(C)cc67)c14,7.54
2,CHEMBL594228,COc1cc2c(Nc3ccc(cc3F)c4nc5ccccc5s4)ncnc2cc1OCCCN6CCN(C)CC6,7.54
3,CHEMBL258000,CC(C)O\N=C(/C)\c1ccc2[nH]c3c4CCc5nn(C)cc5c4c6C(=O)NCc6c3c2c1,7.55
4,CHEMBL244289,COC(=O)Nc1nc2cc(Oc3cccc(NC(=O)Nc4cc(ccc4F)C(F)(F)F)c3)ccc2[nH]1,7.55
5,CHEMBL194149,COc1ccc(cc1)c2oc3ncnc(N)c3c2c4ccc(NC(=O)Nc5ccccc5)cc4,7.55
6,CHEMBL213504,Nc1ncnc2snc(c3ccc(NC(=O)Nc4cccc(c4)C(F)(F)F)cc3)c12,7.55
7,CHEMBL2010871,CCCn1c2ccc(Nc3ncccn3)cc2c4c5CNC(=O)c5c6c(CCc7nn(C)cc67)c14,7.57
8,CHEMBL463323,CNc1nccc(n1)c2cccnc2Oc3ccc(Nc4nc5ccc(cc5[nH]4)C(F)(F)F)c6ccccc36,7.57
9,CHEMBL1085293,Cn1cc2c(CCc3c2c4C(=O)NCc4c5c6cc(ccc6n(CCO)c35)C7CCCCO7)n1,7.57
10,CHEMBL255959,CCCn1c2ccc(cc2c3c4CNC(=O)c4c5c(CCc6nn(C)cc56)c13)C(=O)c7cccs7,7.59
11,CHEMBL401896,CCO\N=C(/C)\c1ccc2c(c1)c3c4CNC(=O)c4c5c(CCc6nn(C)cc56)c3n2C(C)C,7.59
12,CHEMBL453737,COc1cc2c(Oc3ccc(cc3F)C4=CN=C(Nc5ccc(F)cc5)N(C)C4=O)ccnc2cc1OCCCN6CCOCC6,7.59
13,CHEMBL428433,CCO\N=C(/C)\c1ccc2c(c1)c3c4CNC(=O)c4c5c(CCc6nn(C)cc56)c3n2CC(C)C,7.6
14,CHEMBL103667,Cc1ccc(cc1)n2nc(cc2NC(=O)Nc3ccc(OCCN4CCOCC4)c5ccccc35)C(C)(C)C,7.6
15,CHEMBL402182,CC(C)n1c2ccc(cc2c3c4CNC(=O)c4c5c(CCc6nn(C)cc56)c13)C(=O)c7cccs7,7.62
16,CHEMBL1083042,CCCn1c2ccc(cc2c3c4CNC(=O)c4c5c(CCc6c5cnn6C)c13)C7CCCCO7,7.62
17,CHEMBL565885,CNc1cc(ncn1)c2cccnc2Nc3c(C)ccc4c(Nc5ccc(Cl)cc5)nccc34,7.62
18,CHEMBL258222,CC(C)CO\N=C(/C)\c1ccc2c(c1)c3c4CNC(=O)c4c5c(CCc6nn(C)cc56)c3n2CC(C)C,7.64
19,CHEMBL404718,CCO\N=C(/C)\c1ccc2[nH]c3c4CCc5nn(C)cc5c4c6C(=O)NCc6c3c2c1,7.64
20,CHEMBL516817,CNc1nccc(n1)c2cccnc2Oc3ccc(Nc4nc5ccccc5[nH]4)cc3C,7.64
21,CHEMBL246355,CNc1ncnc(n1)c2cccnc2Oc3cc(NC(=O)c4cccc(c4)n5cccc5)ccc3C,7.64
22,CHEMBL2010872,CC(C)Cn1c2ccc(Nc3ncccn3)cc2c4c5CNC(=O)c5c6c(CCc7nn(C)cc67)c14,7.66
23,CHEMBL220640,CNc1ncnc(n1)c2cccnc2Oc3cc(ccc3C)C(=O)Nc4cc(ccc4OC)C5CCCCC5,7.66
24,CHEMBL372617,COc1ccc(cc1)c2oc3ncnc(N)c3c2c4ccc(NC(=O)Nc5ccc(Cl)cc5)cc4,7.66
25,CHEMBL3408947,COc1ccc2NC(=O)[C@@]3(C[C@H]3c4ccc5c(\C=C\c6ccc(CN7C[C@@H](C)O[C@@H](C)C7)cc6)n[nH]c5c4)c2c1,7.66
26,CHEMBL2096892,COc1ccc2cc(ccc2c1)c3nc([nH]c3c4ccncc4)c5ccc(cc5C)[S+](C)[O-],7.66
27,CHEMBL214258,Nc1ncnc2snc(c3ccc(NC(=O)Nc4cc(ccc4F)C(F)(F)F)cc3)c12,7.66
28,CHEMBL1084338,CC(C)CCn1c2ccc(cc2c3c4CNC(=O)c4c5c(CCc6nn(C)cc56)c13)C7CCCCO7,7.68
29,CHEMBL375617,COc1ccc(cc1C(=O)Nc2cc(ccc2N3CCCCC3)C(F)(F)F)C#Cc4cnc(N)nc4,7.68
30,CHEMBL429582,Cc1ccc(NC(=O)c2cccc(c2)C(F)(F)F)cc1c3ccc4nc(N)ncc4c3,7.68
31,CHEMBL219080,CC(C)Cn1c2ccc(NC(=O)c3occc3)cc2c4c5CNC(=O)c5c6c(CCc7nn(C)cc67)c14,7.7
32,CHEMBL444105,CC(C)Cn1c2ccc(cc2c3c4CNC(=O)c4c5c(CCc6nn(C)cc56)c13)C(=O)c7cccs7,7.7
33,CHEMBL465793,CNc1nccc(n1)c2cccnc2Oc3ccc(Nc4nc5ccccc5[nH]4)c6ccccc36,7.7
34,CHEMBL397089,CNc1ncnc(n1)c2cccnc2Oc3cc(NC(=O)c4cccc(c4)C(F)(F)F)ccc3C,7.7
35,CHEMBL243910,COC(=O)Nc1nc2ccc(Oc3ccc(NC(=O)Nc4cc(ccc4F)C(F)(F)F)cn3)cc2[nH]1,7.7
36,CHEMBL1254007,Cn1ccc2ncnc(Oc3ccc(NC(=O)Nc4cccc(c4)C(F)(F)F)c(F)c3)c12,7.7
37,CHEMBL244486,Fc1ccc(cc1NC(=O)Nc2ccc(Oc3ccc4nc(NC(=O)c5cccnc5)[nH]c4c3)cc2)C(F)(F)F,7.7
38,CHEMBL219555,CCCn1c2ccc(NC(=O)Nc3cccs3)cc2c4c5CNC(=O)c5c6c(CCc7nn(C)cc67)c14,7.72
39,CHEMBL574738,CCN1CCN(Cc2ccc(NC(=O)Nc3ccc(Oc4cc(NC)ncn4)cc3)cc2C(F)(F)F)CC1,7.72
40,CHEMBL262433,Cc1ccc(F)c(NC(=O)Nc2ccc(cc2)c3nsc4ncnc(N)c34)c1,7.72
41,CHEMBL247228,Nc1ncnc2occ(c3ccc(NC(=O)Nc4cc(ccc4F)C(F)(F)F)cc3)c12,7.74
42,CHEMBL1085294,CC(C)Cn1c2ccc(cc2c3c4CNC(=O)c4c5c(CCc6c5cnn6C)c13)C7CCCCO7,7.75
43,CHEMBL219493,CCCn1c2ccc(NC(=O)OCC)cc2c3c4CNC(=O)c4c5c(CCc6nn(C)cc56)c13,7.75
44,CHEMBL243907,CCc1cccc(NC(=O)Nc2ccc(Oc3ccc4nc(NC(=O)OC)[nH]c4c3)cc2)c1,7.75
45,CHEMBL253969,NC(=O)c1c(NC(=O)NCCCCN2CCCC2)snc1OCc3c(F)cc(Br)cc3F,7.75
46,CHEMBL1082756,CCOCCn1c2ccc(cc2c3c4CNC(=O)c4c5c(CCc6nn(C)cc56)c13)C7CCCCO7,7.77
47,CHEMBL245549,Cc1ccc(NC(=O)c2cccc(c2)C(F)(F)F)cc1Nc3ncccc3c4ccncn4,7.77
48,CHEMBL381207,Cc1sc2ncnc(N)c2c1c3ccc(NC(=O)Nc4cc(ccc4F)C(F)(F)F)cc3,7.77
49,CHEMBL241682,Nc1ncc(c2cccc(c2)S(=O)(=O)N)c3occ(c4ccc(NC(=O)Nc5cc(ccc5F)C(F)(F)F)cc4)c13,7.77
50,CHEMBL374985,Nc1ncc(cn1)C#Cc2ccc(F)c(c2)C(=O)Nc3cc(ccc3N4CCCCC4)C(F)(F)F,7.77
51,CHEMBL456463,CNc1nccc(n1)c2cccnc2Oc3ccc(Nc4oc5ccccc5n4)c6ccccc36,7.8
52,CHEMBL246356,CNc1ncnc(n1)c2cccnc2Oc3cc(NC(=O)c4cccc(OC(F)(F)C(F)F)c4)ccc3C,7.8
53,CHEMBL1085540,Cn1cc2c(CCc3c2c4C(=O)NCc4c5c6cc(ccc6n(CCCO)c35)C7CCCCO7)n1,7.8
54,CHEMBL403158,CC(C)Cn1c2ccc(cc2c3c4CNC(=O)c4c5c(CCc6nn(C)cc56)c13)C(=O)c7sccc7Br,7.82
55,CHEMBL246152,CNc1ncnc(n1)c2cccnc2Oc3cc(NC(=O)c4cccc(OC(F)(F)F)c4)ccc3C,7.82
56,CHEMBL1083757,CCn1c2ccc(cc2c3c4CNC(=O)c4c5c(CCc6nn(C)cc56)c13)C7CCCCO7,7.85
57,CHEMBL220532,CN[C@H]1CCCN(C1)c2ccc(cc2NC(=O)c3cc(ccc3F)C#Cc4cnc(N)nc4)C(F)(F)F,7.85
58,CHEMBL2105717,COc1cc2nccc(Oc3ccc(NC(=O)C4(CC4)C(=O)Nc5ccc(F)cc5)cc3)c2cc1OC,7.85
59,CHEMBL269924,CC(C)Cn1c2ccc(cc2c3c4CNC(=O)c4c5c(CCc6nn(C)cc56)c13)C(=O)c7sccc7Cl,7.89
60,CHEMBL376475,CN1CCN(CC1)c2ccc(cc2NC(=O)c3cc(ccc3F)C#Cc4cnc(N)nc4)C(F)(F)F,7.89
61,CHEMBL397090,CNc1cc(ccn1)c2cccnc2Oc3cc(NC(=O)c4cccc(OC(F)(F)C(F)F)c4)ccc3C,7.89
62,CHEMBL394692,CNc1nccc(n1)c2cccnc2Oc3cc(ccc3C)C(=O)Nc4cccc(c4)C(C)C,7.89
63,CHEMBL375793,CNc1ncnc(n1)c2cccnc2Oc3ccc(F)c(c3)C(=O)Nc4cc(ccc4N(C)CCCN(C)C)C5CC5,7.89
64,CHEMBL243908,COC(=O)Nc1nc2cc(Oc3ccc(NC(=O)Nc4cccc(Br)c4)cc3)ccc2[nH]1,7.89
65,CHEMBL243917,Fc1ccc(cc1NC(=O)Nc2ccc(Oc3ccc4[nH]c(NC(=O)c5ccccc5)nc4c3)cc2)C(F)(F)F,7.89
66,CHEMBL374079,N[C@H]1CCCN(C1)c2ccc(cc2NC(=O)c3cc(ccc3F)C#Cc4cnc(N)nc4)C(F)(F)F,7.89
67,CHEMBL220406,CCCn1c2ccc(NC(=O)c3cccs3)cc2c4c5CNC(=O)c5c6c(CCc7nn(C)cc67)c14,7.92
68,CHEMBL237570,COc1ccc2cc(ccc2c1)c3c(nc(c4ccc(cc4C)[S+](C)[O-])n3C)c5ccncc5,7.92
69,CHEMBL2387000,Cc1ccc(F)c(NC(=O)Nc2cccc(c2)C(=O)c3cn(C4CCCC4)c5ncnc(N)c35)c1,7.92
70,CHEMBL219492,CCCn1c2ccc(NC(=O)OC(C)C)cc2c3c4CNC(=O)c4c5c(CCc6nn(C)cc56)c13,7.96
71,CHEMBL265284,CCCn1c2ccc(NC(=O)Oc3ccc(F)cc3)cc2c4c5CNC(=O)c5c6c(CCc7nn(C)cc67)c14,7.96
72,CHEMBL245947,CNc1cc(ccn1)c2cccnc2Oc3cc(NC(=O)c4cccc(c4)C(C)C)ccc3C,7.96
73,CHEMBL244100,COC(=O)Nc1nc2ccc(cc2[nH]1)C(=O)c3ccc(NC(=O)Nc4cc(ccc4F)C(F)(F)F)cc3,7.96
74,CHEMBL375819,Nc1ncc(cn1)C#Cc2cccc(c2)C(=O)Nc3cccc(c3)C(F)(F)F,7.96
75,CHEMBL273564,Nc1ncnc2occ(c3ccc(NC(=O)Nc4cccc(c4)C(F)(F)F)cc3)c12,7.99
76,CHEMBL258433,CC(C)CO\N=C(/C)\c1ccc2[nH]c3c4CCc5nn(C)cc5c4c6C(=O)NCc6c3c2c1,8.0
77,CHEMBL426703,CC(C)Cn1c2ccc(NC(=O)c3cccs3)cc2c4c5CNC(=O)c5c6c(CCc7nn(C)cc67)c14,8.0
78,CHEMBL1084062,CC(C)n1c2ccc(cc2c3c4CNC(=O)c4c5c(CCc6nn(C)cc56)c13)C7CCCCO7,8.0
79,CHEMBL1082829,CCCCn1c2ccc(cc2c3c4CNC(=O)c4c5c(CCc6nn(C)cc56)c13)C7CCCCO7,8.0
80,CHEMBL2010873,CCc1cnc(Nc2ccc3c(c2)c4c5CNC(=O)c5c6c(CCc7nn(C)cc67)c4n3CC(C)C)nc1,8.0
81,CHEMBL219158,CNc1nccc(n1)c2cccnc2Oc3cc(ccc3C)C(=O)Nc4cc(ccc4N5CCOCC5)C(F)(F)F,8.0
82,CHEMBL426211,CNc1ncnc(n1)c2cccnc2Oc3cc(ccc3C)C(=O)Nc4cccc(c4)C(F)(F)F,8.0
83,CHEMBL396056,COC(=O)Nc1nc2cc(Oc3ccc(NC(=O)Nc4cc(ccc4F)C(F)(F)F)cc3)ccc2[nH]1,8.0
84,CHEMBL244286,COC(=O)Nc1nc2ccc(Oc3ccc(NC(=O)Nc4cc(ccc4Cl)C(F)(F)F)cc3)cc2[nH]1,8.0
85,CHEMBL244095,COC(=O)Nc1nc2ccc(Oc3ccc(NC(=O)Nc4cccc(SC(F)(F)F)c4)cc3)cc2[nH]1,8.0
86,CHEMBL243912,COC(=O)Nc1nc2ccc(Sc3ccc(NC(=O)Nc4cc(ccc4F)C(F)(F)F)cc3)cc2[nH]1,8.0
87,CHEMBL219584,Cc1ccc(cc1C#Cc2cnc3ccccc3c2)C(=O)Nc4cccc(c4)C(F)(F)F,8.0
88,CHEMBL243914,COC(=O)Nc1oc2cc(Oc3ccc(NC(=O)Nc4cc(ccc4F)C(F)(F)F)cc3)ccc2n1,8.05
89,CHEMBL593987,COc1cc2c(Nc3ccc(c(F)c3)c4nc5ccccc5s4)ncnc2cc1OCCCN6CCN(C)CC6,8.05
90,CHEMBL272878,COc1cc2nccc(Oc3ccc4N(CCOc4c3)C(=O)Nc5cccc(Cl)c5)c2cc1OC,8.05
91,CHEMBL1082755,Cn1cc2c(CCc3c2c4C(=O)NCc4c5c6cc(ccc6n(CC=C)c35)C7CCCCO7)n1,8.05
92,CHEMBL2387001,COc1ccc(C)cc1NC(=O)Nc2cccc(c2)C(=O)c3cn(C4CCCC4)c5ncnc(N)c35,8.06
93,CHEMBL571278,CNc1cc(ncn1)c2cccnc2Nc3c(C)ccc4c(Nc5cccc(c5)C#C)nccc34,8.09
94,CHEMBL373621,CN(C)CCCN(C)c1ccc(cc1NC(=O)c2cc(ccc2F)C#Cc3cnc(N)nc3)C(F)(F)F,8.1
95,CHEMBL265600,COc1ccccc1NC(=O)Nc2ccc3c(c2)c4c5CNC(=O)c5c6c(CCc7nn(C)cc67)c4n3CC(C)C,8.1
96,CHEMBL244482,COC(=O)Nc1nc2ccc(Oc3ccc(NC(=O)Nc4cc(ccc4F)C(F)(F)F)cc3)cc2s1,8.14
97,CHEMBL374736,CCCCn1c2ccc(NC(=O)Nc3ccc(OC)cc3)cc2c4c5CNC(=O)c5c6c(CCc7nn(C)cc67)c14,8.16
98,CHEMBL373575,CCCOC(=O)Nc1ccc2c(c1)c3c4CNC(=O)c4c5c(CCc6nn(C)cc56)c3n2CCC,8.16
99,CHEMBL243911,CC(=O)Nc1nc2ccc(Oc3ccc(NC(=O)Nc4cc(ccc4F)C(F)(F)F)nc3)cc2[nH]1,8.19
100,CHEMBL244101,COC(=O)Nc1nc2ccc(Oc3ccc(NC(=O)Nc4cc(ccc4F)C(F)(F)F)cc3)nc2[nH]1,8.19
101,CHEMBL244297,Fc1ccc(cc1NC(=O)Nc2ccc(Oc3ccc4[nH]c(NC(=O)c5occc5)nc4c3)cc2)C(F)(F)F,8.21
102,CHEMBL219581,CCCn1c2ccc(NC(=O)Nc3ccc(Cl)cc3)cc2c4c5CNC(=O)c5c6c(CCc7nn(C)cc67)c14,8.22
103,CHEMBL375311,CCCn1c2ccc(NC(=O)Nc3ccc(cc3)N(C)C)cc2c4c5CNC(=O)c5c6c(CCc7nn(C)cc67)c14,8.22
104,CHEMBL246151,CNc1cc(ccn1)c2cccnc2Oc3ccc(Cl)c(NC(=O)c4cccc(c4)C(C)C)c3,8.22
105,CHEMBL266311,CNc1ncnc(n1)c2cccnc2Oc3ccc(F)c(c3)C(=O)Nc4cc(ccc4N(C)CCCN(C)C)C(C)C,8.22
106,CHEMBL245948,CNc1ncnc(n1)c2cccnc2Oc3cccc(NC(=O)c4cccc(c4)C(C)C)c3,8.22
107,CHEMBL389333,CN1CCN(CC(=O)Nc2nc3ccc(Oc4ccc(NC(=O)Nc5cc(ccc5F)C(F)(F)F)cc4)cc3[nH]2)CC1,8.23
108,CHEMBL570573,CNc1cc(ncn1)c2cccnc2Nc3c(C)ccc4c(Nc5ccc6sc(C)nc6c5)nccc34,8.24
109,CHEMBL244079,COC(=O)Nc1nc2ccc(Oc3ccc(NC(=O)Nc4cccc(c4)C(F)(F)F)cc3)cc2[nH]1,8.28
110,CHEMBL401881,CC(C)Cn1c2ccc(cc2c3c4CNC(=O)c4c5c(CCc6nn(C)cc56)c13)C(=O)c7sccc7C,8.3
111,CHEMBL216891,CCCn1c2ccc(NC(=O)Nc3ccccc3)cc2c4c5CNC(=O)c5c6c(CCc7nn(C)cc67)c14,8.3
112,CHEMBL218557,CCCn1c2ccc(NC(=O)Oc3ccc(OC)cc3)cc2c4c5CNC(=O)c5c6c(CCc7nn(C)cc67)c14,8.3
113,CHEMBL386637,CN(C)[C@H]1CCCN(C1)c2ccc(cc2NC(=O)c3cc(ccc3F)C#Cc4cnc(N)nc4)C(F)(F)F,8.3
114,CHEMBL457099,CNc1nccc(n1)c2cccnc2Oc3ccc(NC(=O)Nc4ccccc4)c5ccccc35,8.3
115,CHEMBL245746,CNc1ncnc(n1)c2cccnc2Oc3cc(NC(=O)c4cccc(c4)C(C)C)ccc3C,8.3
116,crizotinib,[H][C@](C)(OC1=C(N)N=CC(=C1)C1=CN(N=C1)C1CCNCC1)C1=C(Cl)C=CC(F)=C1Cl,8.3
117,CHEMBL437876,CCCn1c2ccc(NC(=O)Nc3cc(ccc3F)C(F)(F)F)cc2c4c5CNC(=O)c5c6c(CCc7nn(C)cc67)c14,8.4
118,CHEMBL375570,CCCn1c2ccc(NC(=O)Nc3ccccc3Br)cc2c4c5CNC(=O)c5c6c(CCc7nn(C)cc67)c14,8.4
119,CHEMBL2010869,CCCn1c2ccc(Nc3ncc(CC)cn3)cc2c4c5CNC(=O)c5c6c(CCc7nn(C)cc67)c14,8.4
120,CHEMBL424757,CCn1c2ccc(NC(=O)Nc3ccc(OC)cc3)cc2c4c5CNC(=O)c5c6c(CCc7nn(C)cc67)c14,8.4
121,CHEMBL246150,CNc1cc(ccn1)c2cccnc2Oc3cccc(NC(=O)c4cccc(c4)C(C)C)c3,8.4
122,CHEMBL220550,CNc1nccc(n1)c2cccnc2Oc3cc(ccc3C)C(=O)Nc4cc(ccc4OC)C5CCCCC5,8.4
123,CHEMBL218646,CNc1nccc(n1)c2cccnc2Oc3ccc(F)c(c3)C(=O)Nc4cc(ccc4N(C)CCCN(C)C)C(F)(F)F,8.4
124,CHEMBL468612,CNc1nccc(n1)c2cccnc2Oc3ccc(NC(=O)Nc4cccc(c4)C(F)(F)F)cc3C,8.4
125,CHEMBL394694,CNc1ncnc(n1)c2cccnc2Oc3cc(NC(=O)c4cccc(c4)C(C)C)ccc3F,8.4
126,CHEMBL218817,COc1cccc(NC(=O)Nc2ccc3c(c2)c4c5CNC(=O)c5c6c(CCc7nn(C)cc67)c4n3CC(C)C)c1,8.4
127,CHEMBL385956,Cc1ccc(cc1Nc2ncccc2c3ccncn3)C(=O)Nc4cccc(c4)C(F)(F)F,8.4
128,CHEMBL243915,COC(=O)Nc1cn2cc(Oc3ccc(NC(=O)Nc4cc(ccc4F)C(F)(F)F)cc3)ccc2n1,8.47
129,CHEMBL243916,CC(=O)Nc1nc2ccc(Oc3ccc(NC(=O)Nc4cc(ccc4F)C(F)(F)F)cc3)cc2[nH]1,8.48
130,CHEMBL1230609,COc1cc2c(Oc3ccc(NC(=O)C4(CC4)C(=O)Nc5ccc(F)cc5)cc3F)ccnc2cc1OCCCN6CCOCC6,8.51
131,CHEMBL1084337,CC(C)Cn1c2ccc(cc2c3c4CNC(=O)c4c5c(CCc6nn(C)cc56)c13)C7CCCCO7,8.52
132,CHEMBL387174,CCCn1c2ccc(NC(=O)Nc3ccc(C)cc3)cc2c4c5CNC(=O)c5c6CC=C(Cc6c14)C=N,8.52
133,CHEMBL219332,CCCn1c2ccc(NC(=O)Nc3ccc(SC)cc3)cc2c4c5CNC(=O)c5c6c(CCc7nn(C)cc67)c14,8.52
134,CHEMBL219253,CCCn1c2ccc(NC(=O)Nc3ccccc3Cl)cc2c4c5CNC(=O)c5c6c(CCc7nn(C)cc67)c14,8.52
135,CHEMBL1084061,CCCn1c2ccc(cc2c3c4CNC(=O)c4c5c(CCc6nn(C)cc56)c13)C7CCCCO7,8.52
136,CHEMBL245745,CNc1cc(ccn1)c2cccnc2Oc3cc(ccc3C)C(=O)Nc4cccc(c4)C(C)C,8.52
137,CHEMBL244106,COCCOCC(=O)Nc1nc2ccc(Oc3ccc(NC(=O)Nc4cc(ccc4F)C(F)(F)F)cc3)cc2[nH]1,8.52
138,CHEMBL218816,COc1ccc(NC(=O)Nc2ccc3c(c2)c4c5CNC(=O)c5c6c(CCc7nn(C)cc67)c4n3CC(C)C)cc1,8.52
139,CHEMBL220874,Cc1ccc(cc1C#Cc2ccc(N)nc2)C(=O)Nc3cccc(c3)C(F)(F)F,8.52
140,CHEMBL427998,Cc1ccc(cc1C#Cc2cnc(N)nc2)C(=O)Nc3cccc(c3)C(F)(F)F,8.52
141,CHEMBL1784637,CNC(=O)c1ncc(C#Cc2cc(ccc2C)C(=O)Nc3ccc(CN4CCN(CCO)CC4)c(c3)C(F)(F)F)n1C,8.66
142,CHEMBL219293,CCCn1c2ccc(NC(=O)N(C)c3ccccc3)cc2c4c5CNC(=O)c5c6c(CCc7nn(C)cc67)c14,8.7
143,CHEMBL374745,CCCn1c2ccc(NC(=O)Nc3ccc(F)cc3)cc2c4c5CNC(=O)c5c6c(CCc7nn(C)cc67)c14,8.7
144,CHEMBL218201,CCCn1c2ccc(NC(=O)Nc3ccc(OC)cc3)cc2c4c5CNC(=O)c5c6c(CCc7nn(C)cc67)c14,8.7
145,CHEMBL426528,CCCn1c2ccc(NC(=O)Nc3cccc(F)c3)cc2c4c5CNC(=O)c5c6c(CCc7nn(C)cc67)c14,8.7
146,CHEMBL424910,CCCn1c2ccc(NC(=O)Nc3ccccc3F)cc2c4c5CNC(=O)c5c6c(CCc7nn(C)cc67)c14,8.7
147,CHEMBL1084452,CN1CCCC1CCNc2nccc(n2)c3cccnc3Oc4ccc(Nc5nc6ccccc6[nH]5)c7ccccc47,8.7
148,CHEMBL458023,CNc1nccc(n1)c2cccnc2Oc3c(C)cc(Nc4nc5ccccc5[nH]4)c6ccccc36,8.7
149,CHEMBL394693,CNc1nccc(n1)c2cccnc2Oc3cc(NC(=O)c4cccc(c4)C(C)C)ccc3C,8.7
150,CHEMBL401860,COc1ccc(cc1)c2oc3ncnc(N)c3c2c4ccc(NC(=O)Nc5c(F)cccc5C(F)(F)F)cc4,8.7
151,CHEMBL194911,COc1ccc(cc1)c2oc3ncnc(N)c3c2c4ccc(NC(=O)Nc5cc(ccc5F)C(F)(F)F)cc4,8.7
152,CHEMBL375840,Cc1ccc(cc1C#Cc2cnc3[nH]cnc3c2)C(=O)Nc4cccc(c4)C(F)(F)F,8.7
153,CHEMBL385937,Cc1ccc(cc1c2ccc3nc(N)ncc3c2)C(=O)Nc4cccc(c4)C(F)(F)F,8.7
154,CHEMBL212964,CNc1ncc2cc(ccc2n1)c3cc(ccc3C)C(=O)Nc4cccc(c4)C(F)(F)F,8.75
155,CHEMBL218252,CCCn1c2ccc(NC(=O)Nc3cc(C)ccc3F)cc2c4c5CNC(=O)c5c6c(CCc7nn(C)cc67)c14,9.0
156,CHEMBL1084451,CCN1CCC(CNc2nccc(n2)c3cccnc3Oc4ccc(Nc5nc6ccccc6[nH]5)c7ccccc47)CC1,9.0
157,CHEMBL221484,CN(C)CCCc1cc(NC(=O)c2ccc(C)c(Nc3ncccc3c4ccncn4)c2)cc(c1)C(F)(F)F,9.0
158,CHEMBL218632,CNc1nccc(n1)c2cccnc2Oc3cc(ccc3C)C(=O)Nc4cccc(c4)C(F)(F)F,9.0
159,CHEMBL245744,CNc1ncnc(n1)c2cccnc2Oc3cc(ccc3C)C(=O)Nc4cccc(c4)C(C)C,9.0
160,CHEMBL270057,COc1cc2nccc(Oc3ccc4N(CCOc4c3)C(=O)Nc5cccc(C)c5)c2cc1OC,9.0
