,molecule_chembl_id,canonical_smiles,pchembl_value
0,sunitinib,CCN(CC)CCNC(=O)c1c(C)[nH]c(\C=C\2/C(=O)Nc3ccc(F)cc23)c1C,7.6
1,bosutinib,COc1cc(Nc2c(cnc3cc(OCCCN4CCN(C)CC4)c(OC)cc23)C#N)c(Cl)cc1Cl,7.51
2,CHEMBL1908397,O=C(N1CCNCC1)c2ccc(\C=C\c3n[nH]c4ccccc34)cc2,7.55
3,CHEMBL3683998,CN(CCO)c1ccc(cc1)C(=O)Nc2sc(Nc3ccc4ccccc4c3)nc2C(=O)N,7.56
4,CHEMBL3683985,Cc1ccc(cc1N)C(=O)Nc2sc(Nc3ccc4ccccc4c3)nc2C(=O)N,7.57
5,CHEMBL3684067,NC(=O)c1nc(Nc2ccnc3ccccc23)sc1NC(=O)c4ccc(Cn5ccnc5)cc4,7.58
6,CHEMBL3683982,CC(=O)Nc1ccc(cc1)C(=O)Nc2sc(Nc3cccc4ccccc34)nc2C(=O)N,7.61
7,CHEMBL3684017,NC(=O)c1nc(Nc2ccc3ccccc3c2)sc1NC(=O)c4ccc(NCCO)c(N)c4,7.61
8,CHEMBL522892,CN1CCN(CC1)c2ccc3nc([nH]c3c2)C4=C(N)c5c(F)cccc5NC4=O,7.62
9,CHEMBL3684001,NC(=O)c1nc(Nc2ccc3ccccc3c2)sc1NC(=O)c4cc5sccc5[nH]4,7.64
10,CHEMBL3684014,NC(=O)c1nc(Nc2ccc3cc(F)ccc3c2)sc1NC(=O)c4ccc(NCCO)cc4,7.65
11,CHEMBL3683984,COc1ccc(cc1)C(=O)Nc2sc(Nc3ccc4ncccc4c3)nc2C(=O)N,7.67
12,CHEMBL3683990,NC(=O)c1nc(Nc2ccc3ccccc3c2)sc1NC(=O)c4ccc(N)cc4,7.69
13,CHEMBL3683983,CC(=O)Nc1ccc(cc1)C(=O)Nc2sc(Nc3ccc4ccccc4c3)nc2C(=O)N,7.7
14,CHEMBL2312155,COc1ccc(Cl)cc1c2ccnc(Nc3ccc(CCN4CCOCC4)cc3)c2,7.7
15,CHEMBL3684011,NC(=O)c1nc(Nc2ccc3ccccc3c2)sc1NC(=O)CCCCCN4CCOCC4,7.7
16,CHEMBL3684021,NC(=O)c1nc(Nc2ccc3ccc(F)cc3c2)sc1NC(=O)CCCCCN4CCOCC4,7.71
17,CHEMBL3683996,CN1CCN(CC1)c2ccc(cc2)C(=O)Nc3sc(Nc4cccc5cccnc45)nc3C(=O)N,7.72
18,CHEMBL3684068,Cc1noc(Cc2ccc(cc2)C(=O)Nc3sc(Nc4ccc5ccccc5c4)nc3C(=O)N)n1,7.73
19,CHEMBL3683997,CN(c1ccc2ncccc2c1)c3nc(C(=O)N)c(NC(=O)c4ccc(cc4)N5CCN(C)CC5)s3,7.77
20,CHEMBL3684009,NC(=O)c1nc(Nc2ccc3ccc(F)cc3c2)sc1NC(=O)c4ccsc4,7.77
21,CHEMBL3684027,C[C@@H](O)CNc1ccc(cc1)C(=O)Nc2sc(Nc3ccc4ccccc4c3)nc2C(=O)N,7.78
22,CHEMBL3684032,CN1CCN(C\C=C\C(=O)Nc2sc(Nc3ccc4ccccc4c3)nc2C(=O)N)CC1,7.8
23,CHEMBL3684065,NC(=O)c1nc(Nc2ccc3ccccc3c2)sc1NC(=O)c4ccc(CN5C(=O)CSC5=O)cc4,7.8
24,CHEMBL3683995,CN1CCN(CC1)c2ccc(cc2)C(=O)Nc3sc(Nc4cccc5ncccc45)nc3C(=O)N,7.81
25,CHEMBL3684023,COc1ccc2cc(Nc3nc(C(=O)N)c(NC(=O)C=C(C)C)s3)ccc2c1,7.82
26,CHEMBL3684026,C[C@H](O)CNc1ccc(cc1)C(=O)Nc2sc(Nc3ccc4ccccc4c3)nc2C(=O)N,7.82
27,CHEMBL3684012,NC(=O)c1nc(Nc2ccc3ccccc3c2)sc1NC(=O)C4CC4,7.82
28,CHEMBL3754515,Nc1ccc(cn1)c2cnc(N)c(c2)c3ccc(Cl)cc3,7.82
29,CHEMBL3684015,COc1ccc2cc(Nc3nc(C(=O)N)c(NC(=O)c4ccc(NCCO)cc4)s3)ccc2c1,7.83
30,CHEMBL3684059,NC(=O)c1nc(Nc2ccc3ccccc3c2)sc1NC(=O)c4ccc(Cn5cnc(n5)[N+](=O)[O-])cc4,7.83
31,CHEMBL3684018,NC(=O)c1nc(Nc2ccc3ccc(F)cc3c2)sc1NC(=O)C4CC4,7.89
32,CHEMBL3684019,NC(=O)c1nc(Nc2ccc3ccc(F)cc3c2)sc1NC(=O)c4ccc(NCCO)cc4,7.89
33,CHEMBL3684010,CC(=CC(=O)Nc1sc(Nc2ccc3ccccc3c2)nc1C(=O)N)C,7.9
34,CHEMBL3684013,NC(=O)c1nc(Nc2ccc3ccccc3c2)sc1NC(=O)c4ccc(cc4)N5CCC(O)CC5,7.9
35,CHEMBL3684003,NC(=O)c1nc(Nc2ccc3cnccc3c2)sc1NC(=O)c4ccsc4,7.92
36,CHEMBL2312154,COc1ccc(cc1c2ccnc(Nc3ccc(N4CCC(CC4)N(C)C)c(F)c3)c2)C#N,7.96
37,CHEMBL2312147,COc1ccc(cc1c2ccnc(Nc3ccc(cc3)N4CCOCC4)c2)C#N,7.96
38,CHEMBL3684028,Cc1ccc(s1)C(=O)Nc2sc(Nc3ccc4cc(CO)ccc4c3)nc2C(=O)N,7.96
39,CHEMBL3683999,CC(O)CNc1ccc(cc1)C(=O)Nc2sc(Nc3ccc4ccccc4c3)nc2C(=O)N,7.97
40,CHEMBL3684053,NC(=O)c1nc(Nc2ccc3ccccc3c2)sc1NC(=O)C#CCCCn4cncn4,7.97
41,CHEMBL3683986,NC(=O)c1nc(Nc2ccc3ccccc3c2)sc1NC(=O)c4ccc(NCCO)cc4,7.98
42,CHEMBL3683988,CN1CCN(CC1)c2ccc(cc2)C(=O)Nc3sc(Nc4ccc5ccccc5c4)nc3C(=O)N,7.99
43,CHEMBL3684052,NC(=O)c1nc(Nc2ccc3ccccc3c2)sc1NC(=O)c4ccc(Cn5cccn5)cc4,7.99
44,CHEMBL103667,Cc1ccc(cc1)n2nc(cc2NC(=O)Nc3ccc(OCCN4CCOCC4)c5ccccc35)C(C)(C)C,8.0
45,CHEMBL3684062,NC(=O)c1nc(Nc2ccc3cc(F)ccc3c2)sc1NC(=O)c4ccc(Cn5ccnc5)cc4,8.0
46,CHEMBL3684022,COc1ccc2cc(Nc3nc(C(=O)N)c(NC(=O)c4ccc(N)cc4)s3)ccc2c1,8.01
47,CHEMBL3684054,NC(=O)c1nc(Nc2ccc3ccccc3c2)sc1NC(=O)C#CCCCn4ccnc4,8.01
48,CHEMBL3684055,NC(=O)c1nc(Nc2ccc3ccccc3c2)sc1NC(=O)c4ccc(Cn5ccnc5[N+](=O)[O-])cc4,8.02
49,CHEMBL3684002,NC(=O)c1nc(Nc2cccc3ncccc23)sc1NC(=O)c4ccsc4,8.03
50,CHEMBL3684070,NC(=O)c1nc(Nc2ccc3ccccc3c2)sc1NC(=O)c4csc(Cn5ccnc5)c4,8.06
51,CHEMBL3683987,CN(C)CCNc1ccc(cc1)C(=O)Nc2sc(Nc3ccc4ccccc4c3)nc2C(=O)N,8.07
52,CHEMBL3683992,NC(=O)c1nc(Nc2ccc3ccccc3c2)sc1NC(=O)c4ccc(CN5CCOCC5)cc4,8.07
53,CHEMBL3684073,NC(=O)c1nc(Nc2ccc3ccc(F)cc3c2)sc1NC(=O)c4ccc(Cn5ccnc5)cc4,8.08
54,CHEMBL3684036,NCCNc1ccc(cc1)C(=O)Nc2sc(Nc3ccc4ccccc4c3)nc2C(=O)N,8.08
55,CHEMBL3684005,CN1CCN(Cc2cc(cs2)C(=O)Nc3sc(Nc4cccc5ncccc45)nc3C(=O)N)CC1,8.09
56,CHEMBL2312148,COc1ccc(cc1c2ccnc(Nc3ccc(N4CCOCC4)c(OC)c3)c2)C#N,8.1
57,CHEMBL3683989,NC(=O)c1nc(Nc2ccc3ccccc3c2)sc1NC(=O)c4ccc(NCCN5CCCCC5)cc4,8.1
58,CHEMBL3684064,NC(=O)c1nc(Nc2ccc3ccccc3c2)sc1NC(=O)c4ccc(Cn5ccnc5)s4,8.11
59,CHEMBL3684000,NC(=O)c1nc(Nc2ccc3ccccc3c2)sc1NC(=O)c4ccc[nH]4,8.13
60,CHEMBL3684020,CC(=CC(=O)Nc1sc(Nc2ccc3ccc(F)cc3c2)nc1C(=O)N)C,8.14
61,CHEMBL3684035,NC(=O)c1nc(Nc2ccc3ccccc3c2)sc1NC(=O)c4ccc(cc4)N5CCN(CCO)CC5,8.14
62,CHEMBL3684060,Cc1nnnn1Cc2ccc(cc2)C(=O)Nc3sc(Nc4ccc5ccccc5c4)nc3C(=O)N,8.15
63,CHEMBL3684037,NC(=O)c1nc(Nc2ccc3ccccc3c2)sc1NC(=O)c4ccc(CN5CCCCC5CO)cc4,8.17
64,CHEMBL3684069,Cc1oc(Cc2ccc(cc2)C(=O)Nc3sc(Nc4ccc5ccccc5c4)nc3C(=O)N)nn1,8.21
65,CHEMBL388978,CN[C@@H]1C[C@H]2O[C@@](C)([C@@H]1OC)n3c4ccccc4c5c6CNC(=O)c6c7c8ccccc8n2c7c35,8.22
66,CHEMBL2312142,COc1cc(Nc2cc(ccn2)c3cccc(c3)C#N)ccc1N4CCN(C)CC4,8.22
67,CHEMBL3639829,COc1ccc2cc(Nc3nc(C(=O)N)c(NC(=O)c4ccc(Cn5ccnc5)cc4)s3)ccc2c1,8.22
68,CHEMBL3684043,NC(=O)c1nc(Nc2ccc3ccccc3c2)sc1NC(=O)C#C,8.22
69,CHEMBL3684058,NC(=O)c1nc(Nc2ccc3ccccc3c2)sc1NC(=O)c4ccc(Cn5cnc(c5)[N+](=O)[O-])cc4,8.23
70,CHEMBL3684044,NC(=O)c1nc(Nc2ccc3ccccc3c2)sc1NC(=O)c4ccc(Cn5cnnn5)cc4,8.23
71,CHEMBL3684004,CN(c1ccc2ncccc2c1)c3nc(C(=O)N)c(NC(=O)c4csc(CN5CCOCC5)c4)s3,8.24
72,CHEMBL3684024,NC(=O)c1nc(Nc2ccc3cc(CO)ccc3c2)sc1NC(=O)C4CC4,8.24
73,CHEMBL3684016,NC(=O)c1nc(Nc2ccc3ccccc3c2)sc1NC(=O)c4ccc(CCO)cc4,8.24
74,CHEMBL3684040,NC(=O)c1nc(Nc2ccc3ccccc3c2)sc1NC(=O)c4ccc(CN5CC(O)C5)cc4,8.25
75,CHEMBL3684007,NC(=O)c1nc(Nc2ccc3cc(CO)ccc3c2)sc1NC(=O)c4ccsc4,8.26
76,CHEMBL3684041,NC(=O)c1nc(Nc2ccc3ccccc3c2)sc1NC(=O)c4ccc(CN5CC[C@@H](O)C5)cc4,8.26
77,CHEMBL3684071,NC(=O)c1nc(Nc2cccc3cccnc23)sc1NC(=O)c4ccc(Cn5ccnc5)cc4,8.26
78,CHEMBL2312140,COc1cc(Nc2ncc(Cl)c(n2)c3cccc(CC#N)c3)ccc1N4CCN(C)CC4,8.27
79,CHEMBL603469,C[C@]12O[C@H](C[C@]1(O)CO)n3c4ccccc4c5c6C(=O)NCc6c7c8ccccc8n2c7c35,8.27
80,CHEMBL3684072,NC(=O)c1nc(Nc2ccc3ccccc3c2)sc1NC(=O)c4ccc(Cn5cc(CO)nn5)cc4,8.28
81,CHEMBL3683993,NCc1ccc(cc1)C(=O)Nc2sc(Nc3ccc4ccccc4c3)nc2C(=O)N,8.28
82,CHEMBL3683991,CN1CCN(Cc2ccc(cc2)C(=O)Nc3sc(Nc4ccc5ccccc5c4)nc3C(=O)N)CC1,8.29
83,CHEMBL2312143,COc1ccc(cc1c2ccnc(Nc3ccc(cc3)N4CCN(C)CC4)c2)C#N,8.3
84,CHEMBL3684042,NC(=O)c1nc(Nc2ccc3ccccc3c2)sc1NC(=O)c4ccc(CN5CC[C@H](O)C5)cc4,8.3
85,CHEMBL3684066,NC(=O)c1nc(Nc2cccc3ncccc23)sc1NC(=O)c4ccc(Cn5ccnc5)cc4,8.32
86,CHEMBL3684046,NC(=O)c1nc(Nc2ccc3ccccc3c2)sc1NC(=O)C#CCO,8.35
87,CHEMBL3684030,CC#CC(=O)Nc1sc(Nc2ccc3ccccc3c2)nc1C(=O)N,8.36
88,CHEMBL3684033,NC(=O)c1nc(Nc2ccc3ccccc3c2)sc1NC(=O)c4ccc(CN5CCNC(=O)C5)cc4,8.38
89,CHEMBL3683994,CN1CCN(CC1)c2ccc(cc2)C(=O)Nc3sc(Nc4ccc5ncccc5c4)nc3C(=O)N,8.39
90,CHEMBL2312145,COc1ccc(Cl)cc1c2ccnc(Nc3ccc(N4CCN(C)CC4)c(OC)c3)c2,8.4
91,CHEMBL3684050,NC(=O)c1nc(Nc2ccc3ccccc3c2)sc1NC(=O)C#CCCO,8.4
92,CHEMBL3684029,NC(=O)c1nc(Nc2ccc3ccccc3c2)sc1NC(=O)c4ccc(CNCCO)cc4,8.43
93,CHEMBL3684061,NC(=O)c1nc(Nc2ccc3ccccc3c2)sc1NC(=O)c4ccc(Cn5cnc(CO)c5)cc4,8.46
94,CHEMBL3684031,NC(=O)c1nc(Nc2ccc3ccccc3c2)sc1NC(=O)c4ccc(CN5CCC(O)CC5)cc4,8.47
95,CHEMBL3684038,CN1CCCN(Cc2ccc(cc2)C(=O)Nc3sc(Nc4ccc5ccccc5c4)nc3C(=O)N)CC1,8.5
96,CHEMBL3684057,Cc1cn(Cc2ccc(cc2)C(=O)Nc3sc(Nc4ccc5ccccc5c4)nc3C(=O)N)cn1,8.51
97,CHEMBL2312144,COc1ccc(cc1c2ccnc(Nc3ccc(N4CCN(C)CC4)c(OC)c3)c2)C#N,8.52
98,CHEMBL3684045,NC(=O)c1nc(Nc2ccc3ccccc3c2)sc1NC(=O)c4ccc(Cn5ccnc5)cc4,8.52
99,CHEMBL3684063,NC(=O)c1nc(Nc2ccc3ncccc3c2)sc1NC(=O)c4ccc(Cn5ccnc5)cc4,8.52
100,CHEMBL3684047,N[C@H]1CCN(Cc2ccc(cc2)C(=O)Nc3sc(Nc4ccc5ccccc5c4)nc3C(=O)N)C1,8.52
101,CHEMBL3684051,NC(=O)c1nc(Nc2ccc3ccccc3c2)sc1NC(=O)c4ccc(Cc5nn[nH]n5)cc4,8.54
102,CHEMBL3684034,NC(=O)c1nc(Nc2ccc3ccccc3c2)sc1NC(=O)c4ccc(CN5CCN(CCO)CC5)cc4,8.57
103,CHEMBL3684048,CN(C)[C@H]1CCN(Cc2ccc(cc2)C(=O)Nc3sc(Nc4ccc5ccccc5c4)nc3C(=O)N)C1,8.59
104,CHEMBL3684039,NC(=O)c1nc(Nc2ccc3ccccc3c2)sc1NC(=O)c4ccc(Cn5cncn5)cc4,8.6
105,CHEMBL3684056,Cc1nccn1Cc2ccc(cc2)C(=O)Nc3sc(Nc4ccc5ccccc5c4)nc3C(=O)N,8.64
106,CHEMBL3684025,CC(=CC(=O)Nc1sc(Nc2ccc3cc(CO)ccc3c2)nc1C(=O)N)C,8.8
107,CHEMBL3684049,NC1CCN(Cc2ccc(cc2)C(=O)Nc3sc(Nc4ccc5ccccc5c4)nc3C(=O)N)CC1,8.89
