,molecule_chembl_id,canonical_smiles,pchembl_value
0,ceritinib,CC(C)Oc1cc(C2CCNCC2)c(C)cc1Nc3ncc(Cl)c(Nc4ccccc4S(=O)(=O)C(C)C)n3,7.63827229
1,CHEMBL509032,COc1cc(ccc1Nc2ncc(Cl)c(Nc3ccccc3S(=O)(=O)C(C)C)n2)N4CCC(CC4)N5CCN(C)CC5,7.6
2,CHEMBL388978,CN[C@@H]1C[C@H]2O[C@@](C)([C@@H]1OC)n3c4ccccc4c5c6CNC(=O)c6c7c8ccccc8n2c7c35,7.62
3,CHEMBL483974,CCCC1=CC(=O)Oc2cc3OC(C)CC(=O)c3c(O)c12,4.41
13,CHEMBL484806,[Na+].[Na+].OC(C(=O)c1ccc(cc1)c2ccc(cc2)C(=O)C(O)S(=O)(=O)[O-])S(=O)(=O)[O-],4.72
16,CHEMBL497881,CC(C)C1=Nc2cc3c(cc2NC1=O)nc(c4ccc(cc4)C(=O)O)n3CCCc5ccccc5,4.42
17,CHEMBL521476,CC(=O)Nc1ccc(cc1)c2nc3cc4NC(=O)C(=Nc4cc3n2CCCc5ccccc5)C,4.01
18,CHEMBL497880,CCCCCCCn1c(nc2cc3NC(=O)C(=Nc3cc12)C(C)C)c4ccc(O)c(O)c4,4.14
50,CHEMBL608533,CO[C@@H]1[C@@H](C[C@H]2O[C@]1(C)n3c4ccccc4c5c6CNC(=O)c6c7c8ccccc8n2c7c35)N(C)C(=O)c9ccccc9,5.32
59,CHEMBL535,CCN(CC)CCNC(=O)c1c(C)[nH]c(\C=C\2/C(=O)Nc3ccc(F)cc23)c1C,5.2
97,CHEMBL603469,C[C@]12O[C@H](C[C@]1(O)CO)n3c4ccccc4c5c6C(=O)NCc6c7c8ccccc8n2c7c35,7.01
116,CHEMBL450786,Cc1[nH]c(\C=C\2/C(=O)Nc3ccc(cc23)S(=O)(=O)Cc4c(Cl)cccc4Cl)c(C)c1C(=O)N5CCC[C@@H]5CN6CCCC6,5.68
124,CHEMBL1908395,Cl.CN(C)CC(=O)N1CCC(CC1)c2ccc(NC(=O)c3nc(c[nH]3)C#N)c(c2)C4=CCCCC4,5.5
126,CHEMBL502835,COC(=O)c1ccc2\C(=C(\Nc3ccc(cc3)N(C)C(=O)CN4CCN(C)CC4)/c5ccccc5)\C(=O)Nc2c1,5.22
134,CHEMBL1287853,Cc1cnc(Nc2ccc(OCCN3CCCC3)cc2)nc1Nc4cccc(c4)S(=O)(=O)NC(C)(C)C,5.89
137,CHEMBL1908397,O=C(N1CCNCC1)c2ccc(\C=C\c3n[nH]c4ccccc34)cc2,5.64
148,CHEMBL475251,COc1cc(Nc2ncc(F)c(Nc3ccc4OC(C)(C)C(=O)Nc4n3)n2)cc(OC)c1OC,6.0
161,CHEMBL464552,CNC(=O)c1c(F)cccc1Nc2nc(Nc3cc4N(CCc4cc3OC)C(=O)CN(C)C)nc5[nH]ccc25,6.33
171,CHEMBL288441,COc1cc(Nc2c(cnc3cc(OCCCN4CCN(C)CC4)c(OC)cc23)C#N)c(Cl)cc1Cl,5.34
921,CHEMBL1987034,NS(=O)(=O)c1cccc(Nc2ncc(Br)c(Nc3ccc(OCC#N)cc3)n2)c1,7.5
924,CHEMBL2005886,Cc1cc(cc2[nH]c(nc12)C3=C(NCC(O)c4cccc(Cl)c4)C=CNC3=O)N5CCOCC5,5.9
930,CHEMBL1966628,NC1CCC(CC1)Nc2nccc(n2)c3c[nH]c4ncccc34,7.2
932,CHEMBL1995813,NC1CCCCC1Nc2nccc(n2)c3c[nH]c4ncccc34,7.8
937,CHEMBL1986943,OC1CCC(CC1)Nc2nc(Cl)cc(n2)c3c[nH]c4ncccc34,6.9
951,CHEMBL1988163,NS(=O)(=O)c1cccc(Nc2ncc3ccn(c4ccccc4)c3n2)c1,6.1
957,CHEMBL1997129,O=C1NCCc2[nH]c(cc12)c3ccnc(C=Cc4ccccc4)c3,6.6
972,CHEMBL1975128,Nc1n[nH]c2ccc(cc12)c3nnn(Cc4ccccc4)c3I,6.7
980,CHEMBL1998159,Cc1n[nH]c2cnc(cc12)c3cncc(OCC(N)Cc4cccc(c4)C(F)(F)F)c3,7.5
995,CHEMBL2002682,Cc1cccc(Cl)c1c2cccc3c(CCCOc4cccc5ccccc45)c([nH]c23)C(=O)NCCOCCOCCN,6.0
1030,CHEMBL1996979,Fc1cccc(F)c1C(=O)Nc2cnc3[nH]cc(c4ccccc4)c3c2,6.0
1049,CHEMBL1970104,CC(C)(C)c1ccc2nc([nH]c2c1)c3n[nH]c4ccccc34,6.3
1050,CHEMBL1991429,O=C(Cc1ccccc1)Nc2cccc(c2)c3nc4sccn4c3c5ccnc(Nc6cccc(c6)N7CCCC7=O)n5,6.0
1054,CHEMBL1967302,NC(COc1cncc(c1)c2ccc3NC(=O)Cc3c2)Cc4c[nH]c5ccccc45,5.8
1066,CHEMBL1992922,OCC(CO)Nc1ncnc2[nH]cc(c3ccccc3)c12,6.2
1094,CHEMBL1970522,COc1cc(C=C2SC(=Nc3ccccc3)NC2=O)ccc1O,6.0
1105,CHEMBL458997,CNC(=O)c1ccccc1Nc2nc(Nc3ccc(cc3OC)N4CCOCC4)ncc2Cl,5.8
1106,CHEMBL1965836,Cc1n[nH]c2ccc(cc12)c3cncc(OCC(N)Cc4cccc(OC(F)(F)F)c4)c3,6.6
1112,CHEMBL1982957,NC(=O)c1cccc(c1)c2cnc3[nH]cc(c4ccccc4)c3c2,7.1
1121,CHEMBL1983111,CC(=O)NCC(=O)N1C2CCC1c3cc(Nc4ncc(c(NC5CCC5)n4)C(F)(F)F)ccc23,7.3
1124,CHEMBL220241,CCn1c(nc2cnc(Oc3cccc(NC(=O)c4ccc(OCCN5CCOCC5)cc4)c3)cc12)c6nonc6N,7.3
1146,CHEMBL2000354,COc1ccc(C=C2SC(=Nc3ccccc3)NC2=O)cc1O,6.1
1150,CHEMBL592030,NCCCn1cc(c2cc(c3cc4ccccc4s3)c5[nH]ncc5c2)c6nc(N)ncc16,6.6
1151,CHEMBL2000071,OCCCNc1ncnc2[nH]cc(c3ccccc3)c12,6.2
1179,CHEMBL1084546,CN(c1ncccc1CNc2nc(Nc3ccc4NC(=O)Cc4c3)ncc2C(F)(F)F)S(=O)(=O)C,5.8
1181,CHEMBL1974328,Cc1cccc(Nc2nc(NC3CCCCC3N)cnc2C(=O)N)c1,7.1
1194,CHEMBL1241473,COc1cc(Nc2ncc(c(Nc3ccccc3C(=O)N)n2)[N+](=O)[O-])cc(OC)c1OC,6.9
1217,CHEMBL1973540,O=C1Nc2ccc3ncsc3c2C1=CNc4ccc(cc4)S(=O)(=O)Nc5ccccn5,6.5
1232,CHEMBL1988838,Cc1cnc(Nc2cccc(c2)S(=O)(=O)N)nc1Nc3ccc(OCC(=O)N)cc3,5.9
1241,CHEMBL1965845,COc1cccc(c1)C(C)NC(=O)N2CCC(=CC2)c3c[nH]c4ncccc34,6.0
1242,CHEMBL2006715,Fc1cccc(F)c1C(=O)Nc2cccc(c2)c3nc4sccn4c3c5ccnc(Nc6cccc(c6)N7CCCC7=O)n5,5.9
1246,CHEMBL2005475,O=C(NCC1CCCCC1)c2cc3c(n[nH]c3s2)c4ccccc4,6.0
1249,CHEMBL1997349,CC1=NN(C(=O)C1=Cc2c(C)c(C#N)c3nc4ccccc4n3c2O)c5ccc(Cl)c(Cl)c5,5.9
1256,CHEMBL1964937,OCC(NC(=O)N1CCC(=CC1)c2c[nH]c3ncccc23)c4ccccc4,6.1
1261,CHEMBL1974870,Cc1n[nH]c2ccc(cc12)c3cncc(OCC(N)Cc4cccc(Cl)c4)c3,7.0
1263,CHEMBL1970903,Cc1n[nH]c2ccc(cc12)c3cncc(OCC(N)Cc4c[nH]c5ccccc45)c3,6.3
1264,CHEMBL1969523,CC(NC1=C(Nc2ccnc(Nc3cccc(C)c3)n2)C(=O)C1=O)C(C)(C)C,7.2
1275,CHEMBL2001751,NC(COc1cncc(c1)c2ccc3NC(=O)C(=Cc4occc4)c3c2)Cc5c[nH]c6ccccc56,8.2
1287,CHEMBL1969588,Clc1cc(cc(NCc2ccccc2)n1)c3c[nH]c4ncccc34,6.7
1288,CHEMBL1967878,CN1CCN(CC1)c2ccc(Nc3ncc(F)c(NC4C5CC(C=C5)C4C(=O)N)n3)cc2C,7.0
1303,CHEMBL2001239,Nc1ncnc(Nc2cc(CNC(=O)C(F)(F)F)c(O)c(c2)c3ccc(Cl)cc3)n1,7.1
1321,CHEMBL1971029,CNS(=O)(=O)c1ccccc1Nc2nc(Nc3cc(ccc3OC)N4CCN(CC4)C(=O)C)ncc2Br,8.6
1328,CHEMBL474432,COc1cc2ncn(c3cc(OCc4ccccc4C(F)(F)F)c(s3)C(=O)O)c2cc1OC,5.9
1332,CHEMBL1988437,CNC(=O)c1ccccc1Sc2ccc3c(C=Cc4ccccn4)n[nH]c3c2,5.9
1333,CHEMBL1998121,NCCC(C(=O)Nc1ccc2[nH]ncc2c1)c3ccc(Cl)c(Cl)c3,6.1
1337,CHEMBL1996817,CCCCOc1ncnc2[nH]cc(c3ccccc3)c12,6.7
1342,CHEMBL1990885,CCN(CC)CCNC(=O)c1c(C)[nH]c(C=C2C(=O)Nc3ccc(F)cc23)c1C,6.7
1354,CHEMBL1999931,O=C(Nc1n[nH]c2ccc(cc12)c3cn(Cc4ccccc4)nn3)c5ccccc5,6.8
1357,CHEMBL1991063,Cc1n[nH]c2ccc(cc12)c3cncc(OCC(N)Cc4ccc(Cl)c(Cl)c4)c3,7.0
1358,CHEMBL1981047,COC(C(=O)N1Cc2[nH]nc(NC(=O)c3ccc(cc3)N4CCN(C)CC4)c2C1)c5ccccc5,6.3
1362,CHEMBL1987009,COc1cccc(CNC(=O)c2cc3c(n[nH]c3s2)c4ccccc4)c1,6.1
1363,CHEMBL2002726,Cc1n[nH]c2ccc(cc12)c3cncc(OCC(N)Cc4ccccc4)c3,6.2
1369,CHEMBL1977223,CCCC(=O)Nc1n[nH]c2ccc(cc12)c3cn(Cc4ccccc4)nn3,5.9
1373,CHEMBL1997846,Clc1cc(NC2CCCCC2)nc(n1)c3c[nH]c4ncccc34,6.6
1394,CHEMBL2003638,Fc1cccc(c1)C(=O)Nc2n[nH]c3ccc(cc23)c4cn(Cc5ccccc5)nn4,6.3
1408,CHEMBL392642,CSc1ccccc1CNc2ncc(c(NCC3CCC(CN)CC3)n2)[N+](=O)[O-],6.2
1430,CHEMBL1993661,CNS(=O)(=O)c1ccccc1Nc2nc(Nc3cc(OC)c(OC)c(OC)c3)ncc2Cl,8.1
1762,CHEMBL2403108,CC(C)Oc1cc(C2CCNCC2)c(C)cc1Nc3ncc(Cl)c(Nc4ccccc4S(=O)(=O)C(C)C)n3,7.64
