,molecule_chembl_id,canonical_smiles,pchembl_value
0,nintedanib,COC(=O)c1ccc2\C(=C(\Nc3ccc(cc3)N(C)C(=O)CN4CCN(C)CC4)/c5ccccc5)\C(=O)Nc2c1,7.66
1,CHEMBL3601231,Clc1cnc(Nc2ccc(cc2)N3CCOCC3)nc1NCc4cccc(NC(=O)C=C)c4,7.54
2,CHEMBL2047948,CCOC(=O)N1CCC(CC1)Nc2nc(Nc3ccc(cc3C)N4CCOCC4)nc5[nH]cnc25,7.55
3,CHEMBL2380577,CCOc1ccc2[nH]nc(c3cccc(c3)S(=O)(=O)N)c2c1,7.55
4,CHEMBL3092026,COc1cc(ccc1Nc2ncc(C)c(NC3CCCCC3)n2)N4CCN(CC4)S(=O)(=O)C,7.55
5,CHEMBL3109955,Clc1ccccc1Nc2cc3[nH]c(cc3cn2)c4cn[nH]c4,7.55
6,CHEMBL3109946,Cn1cc(cn1)c2cc3cnc(Nc4ccc(cc4Cl)c5cccnc5)cc3n2C(=O)OC(C)(C)C,7.55
7,CHEMBL3109969,CN(C)S(=O)(=O)c1ccc(Nc2cc3[nH]c(cc3cn2)c4cnn(C)c4)c(Cl)c1,7.57
8,CHEMBL3330401,COC(C(=O)Nc1ccc2[nH]nc(c3cccc(c3)S(=O)(=O)N)c2c1)c4ccccc4,7.59
9,CHEMBL3330402,CO[C@H](C(=O)Nc1ccc2[nH]nc(c3cccc(c3)S(=O)(=O)N)c2c1)c4ccccc4,7.59
10,CHEMBL3109962,COc1ccccc1Nc2cc3[nH]c(cc3cn2)c4ocnc4,7.59
11,CHEMBL2171745,CNc1nc(Nc2ccc(cc2OC)C(=O)N3CCOCC3)ncc1C(F)(F)F,7.6
12,CHEMBL3109932,COc1ccc(Nc2cc3[nH]c(cc3cn2)c4cn[nH]c4)cc1OC,7.6
13,CHEMBL3109953,COc1ccccc1Nc2cc3[nH]c(cc3cn2)c4cn[nH]c4,7.6
14,CHEMBL3330273,Cc1ccccc1CC(=O)Nc2ccc3[nH]nc(c4cccc(c4)S(=O)(=O)N)c3c2,7.6
15,CHEMBL3330279,CCC(C(=O)Nc1ccc2[nH]nc(c3cccc(c3)S(=O)(=O)N)c2c1)c4ccccc4,7.62
16,CHEMBL3808838,Cc1cc(ccc1Nc2ncc3ccnc(c4cnn(C)c4)c3n2)c5cnn(C)c5,7.62
17,CHEMBL3817849,O=C(NC1CC1)c2ccc(cc2)c3cnn4c(NCCN5CCOCC5)nc(Oc6ccccc6)nc34,7.62
18,CHEMBL3422064,OC1CCN(CC1)c2ccc(cc2)c3n[nH]c4ccc(cc34)C(=O)NC(C5CC5)c6ccsc6,7.62
19,CHEMBL3109968,COc1cc(ccc1Nc2cc3[nH]c(cc3cn2)c4cnn(C)c4)C(=O)N(C)C,7.64
20,CHEMBL3703177,COc1cc(ccc1Nc2ncc3CCc4c(C(=O)N)c(C)n(C)c4c3n2)N5CCN(C)CC5,7.64
21,CHEMBL3109940,CN(C)C(=O)c1ccc(Nc2cc3c(cn2)cc(c4ocnc4)n3C(=O)OC(C)(C)C)c(Cl)c1,7.66
22,CHEMBL3809210,COc1cc(ccc1Nc2ncc3ccnc(N[C@H](C)C(C)(C)C)c3n2)c4cnn(C)c4,7.66
23,CHEMBL3092029,Cc1cc(ccc1Nc2ncc3ccn(C4CCCCC4)c3n2)N5CCOCC5,7.66
24,CHEMBL3109951,C(c1ccc(Nc2cc3[nH]c(cc3cn2)c4cn[nH]c4)cc1)n5cccn5,7.68
25,CHEMBL1807305,CCc1cccc(CC)c1NC(=O)c2nn(C)c3c2CCc4cnc(Nc5ccc(cc5OC)C(=O)N6CCCN(C)CC6)nc34,7.68
26,CHEMBL3109948,Cn1cc(cn1)c2cc3cnc(Nc4ccc(cc4Cl)c5cncnc5)cc3n2C(=O)OC(C)(C)C,7.68
27,CHEMBL2380586,Cn1cc(cn1)c2cc3[nH]nc(c4cccc(c4)S(=O)(=O)N)c3cc2NC5CCCCC5,7.69
28,CHEMBL3109971,CN(C)C1CCN(CC1)C(=O)c2ccc(Nc3cc4[nH]c(cc4cn3)c5cnn(C)c5)c(Cl)c2,7.7
29,CHEMBL3421972,COc1cc(OC2CCN(C)CC2)ccc1Nc3nccc(n3)c4c[nH]c5cnccc45,7.7
30,CHEMBL3092030,COc1cc(ccc1Nc2ncc3ccn(C4CCCCC4)c3n2)N5CCN(CC5)S(=O)(=O)C,7.7
31,CHEMBL3809829,COc1cc(ccc1Nc2ncc3ccnc(N[C@@H](C)C(C)(C)C)c3n2)c4cnn(C)c4,7.7
32,CHEMBL3109956,COc1ccc(Nc2cc3[nH]c(cc3cn2)c4cn[nH]c4)c(Cl)c1,7.7
33,CHEMBL3109943,Cn1ccc(n1)c2ccc(Nc3cc4c(cn3)cc(c5cnn(C)c5)n4C(=O)OC(C)(C)C)c(Cl)c2,7.7
34,CHEMBL1807303,CCc1cccc(CC)c1NC(=O)c2nn(C)c3c2CCc4cnc(Nc5ccc(cc5OC)C(=O)N6CCC(CC6)N(C)C)nc34,7.72
35,CHEMBL3109944,Cn1cc(cn1)c2cc3cnc(Nc4ccc(cc4Cl)c5ocnc5)cc3n2C(=O)OC(C)(C)C,7.72
36,CHEMBL3422055,CN1CCN(CC1)c2ccc(cc2S(=O)(=O)C)c3n[nH]c4ccc(NC(=O)C(N5CCCC5)c6ccsc6)cc34,7.75
37,CHEMBL3809252,COc1cc(ccc1Nc2ncc3ccnc(NCC(C)(C)C)c3n2)c4cnn(C)c4,7.75
38,CHEMBL3809186,COc1cc(ccc1Nc2ncc3ccnc(c4ccccc4)c3n2)c5cnn(C)c5,7.75
39,CHEMBL3330272,Cc1ccccc1CNC(=O)c2ccc3[nH]nc(c4cccc(c4)S(=O)(=O)N)c3c2,7.75
40,CHEMBL3422079,O=C(NCC1(CCCCC1)N2CCOCC2)c3ccc4[nH]nc(c5ccc(cc5)N6CC7CCC(C6)O7)c4c3,7.75
41,CHEMBL2380578,CCOc1cc2c(n[nH]c2cc1C#N)c3cccc(c3)S(=O)(=O)N,7.77
42,CHEMBL3330274,CCc1cccc(CC)c1CC(=O)Nc2ccc3[nH]nc(c4cccc(c4)S(=O)(=O)N)c3c2,7.77
43,CHEMBL3109942,Cn1cc(cn1)c2ccc(Nc3cc4[nH]c(cc4cn3)c5cnn(C)c5)c(Cl)c2,7.77
44,CHEMBL3421637,O=C(NC(C1CC1)c2ccccc2)c3ccc4[nH]nc(c5ccc(cc5)N6CCOCC6)c4c3,7.77
45,CHEMBL3109950,CN(C)S(=O)(=O)c1ccc(Nc2cc3[nH]c(cc3cn2)c4cn[nH]c4)cc1,7.8
46,CHEMBL3809287,COc1cc(ccc1Nc2ncc3ccnc(NCC(C)C)c3n2)c4cnn(C)c4,7.8
47,CHEMBL3330256,NS(=O)(=O)c1cccc(c1)c2n[nH]c3ccc(NC(=O)Cc4cccs4)cc23,7.8
48,CHEMBL3330281,NS(=O)(=O)c1cccc(c1)c2n[nH]c3ccc(cc23)C(=O)NC(C4CC4)c5ccccc5,7.8
49,CHEMBL3422072,O=CN1CCC(CC1)Oc2ccc(cc2)c3n[nH]c4ccc(cc34)C(=O)NC(C5CC5)c6ccccc6,7.8
50,CHEMBL3109967,CN(C)C(=O)c1ccc(Nc2cc3[nH]c(cc3cn2)c4cnn(C)c4)c(Cl)c1,7.82
51,CHEMBL3330406,CN(C)[C@@H](C(=O)Nc1ccc2[nH]nc(c3cccc(c3)S(=O)(=O)N)c2c1)c4ccccc4,7.82
52,CHEMBL3817922,CN(C1CCCCC1)c2nc(NCC3CCOCC3)n4ncc(c5ccc(C(=O)NC6CC6)c(F)c5)c4n2,7.82
53,CHEMBL3109941,Cn1cc(cn1)c2ccc(Nc3cc4c(cn3)cc(c5cnn(C)c5)n4C(=O)OC(C)(C)C)c(Cl)c2,7.82
54,CHEMBL3410060,CC(C)CNc1nccn2c(cnc12)c3ccc(cc3)C(=O)NC4CC4,7.85
55,CHEMBL3422100,CC(C)C[C@H](NC(=O)c1ccc2[nH]nc(c3ccc(cc3)N4[C@H]5CCC[C@H]4CC(O)C5)c2c1)c6ccccn6,7.85
56,CHEMBL3330404,CCOC(C(=O)Nc1ccc2[nH]nc(c3cccc(c3)S(=O)(=O)N)c2c1)c4ccccc4,7.85
57,CHEMBL3819612,COCCNc1nc(Oc2ccccc2)nc3c(cnn13)c4ccc(cc4)C(=O)NC5CC5,7.85
58,CHEMBL2047950,Cc1cc(ccc1Nc2nc(OC3CCCCC3)c4nc[nH]c4n2)N5CCOCC5,7.85
59,CHEMBL3422092,OC1C[C@@H]2CC[C@@H](C1)N2c3ccc(cc3)c4n[nH]c5ccc(cc45)C(=O)N[C@H](C6CC6)c7ccccn7,7.85
60,CHEMBL3422103,CC(C)(O)CNc1cc(NC2CCCCC2)nn3c(cnc13)c4ccc(cc4)C(=O)NC5CC5,7.89
61,CHEMBL3109970,COC1CCN(CC1)C(=O)c2ccc(Nc3cc4[nH]c(cc4cn3)c5cnn(C)c5)c(Cl)c2,7.89
62,CHEMBL3410079,O=C(NC1CC1)c2ccc(cc2)c3cnc4c(NCC5CCOCC5)cc(Nc6ccccc6)nn34,7.89
63,CHEMBL3422059,OC1CCN(CC1)c2ccc(cc2)c3n[nH]c4ccc(NC(=O)C(N5CCCC5)c6ccsc6)cc34,7.89
64,CHEMBL2380587,CC(=O)Nc1cccc(c1)c2n[nH]c3cc(c(NC4CCCCC4)cc23)c5cnn(C)c5,7.92
65,CHEMBL3329232,CN(C)C(C(=O)Nc1ccc2[nH]nc(c3cccc(c3)S(=O)(=O)N)c2c1)c4ccccc4,7.92
66,CHEMBL3092035,COc1cc(ccc1Nc2ncc3cccc(c4ccccc4)c3n2)N5CCOCC5,7.92
67,CHEMBL3808500,COc1cc(ccc1Nc2ncc3ccnc(NC4CCCCC4)c3n2)c5cnn(C)c5,7.92
68,CHEMBL3422066,O=C(CC1(CCCCC1)N2CCOCC2)Nc3ccc4[nH]nc(c5ccc(cc5)N6CCOCC6)c4c3,7.92
69,CHEMBL3410071,O=C(NC1CC1)c2ccc(cc2)c3cnc4c(NCC5CCOCC5)nc(cn34)c6ccc(cc6)C#N,7.92
70,CHEMBL2089255,CC(C)(C)Nc1nc(Nc2ccc(cc2)C(=O)N)cc(N)c1C#N,7.96
71,CHEMBL3330405,CN(C)[C@H](C(=O)Nc1ccc2[nH]nc(c3cccc(c3)S(=O)(=O)N)c2c1)c4ccccc4,7.96
72,CHEMBL3109937,COC1CCN(CC1)C(=O)c2ccc(Nc3cc4c(cn3)cc(c5cnn(C)c5)n4C(=O)OC(C)(C)C)c(Cl)c2,7.96
73,CHEMBL2047968,COc1cc(ccc1Nc2nc(NC3CCCCC3)c4nc[nH]c4n2)N5CCC(CC5)N6CCOCC6,7.96
74,CHEMBL3809925,COc1cc(ccc1Nc2ncc3ccnc(NCC4CC4)c3n2)c5cnn(C)c5,7.96
75,CHEMBL3819318,Cc1cc(ccc1C(=O)NC2CC2)c3cnn4c(NCC5CCOCC5)nc(Nc6ccccc6)nc34,7.96
76,CHEMBL3422057,O=C(Nc1ccc2[nH]nc(c3ccc(cc3)N4CCOCC4)c2c1)C(N5CCCC5)c6ccsc6,7.96
77,CHEMBL3808471,CCOc1cc(ccc1Nc2ncc3ccnc(c4cnn(C)c4)c3n2)c5cnn(C)c5,8.0
78,CHEMBL3422070,CN1CCC(CC1)Oc2ccc(cc2)c3n[nH]c4ccc(NC(=O)C(C5CCCC5)c6ccccn6)cc34,8.0
79,CHEMBL3809219,COc1cc(ccc1Nc2ncc3ccnc(N4CCCC4)c3n2)c5cnn(C)c5,8.0
80,CHEMBL3330408,NS(=O)(=O)c1cccc(c1)c2n[nH]c3ccc(NC(=O)C(N4CCCCC4)c5ccccc5)cc23,8.0
81,CHEMBL3818914,O=C(NC1CC1)c2ccc(cc2)c3cnn4c(NCC5CCOCC5)nc(NC6CCCC6)nc34,8.0
82,CHEMBL2380581,CCOc1cc2c(n[nH]c2cc1c3cn[nH]c3)c4cccc(c4)S(=O)(=O)N,8.01
83,CHEMBL3410072,O=C(NC1CC1)c2ccc(cc2)c3cnc4c(NCC5CCOCC5)cc(nn34)c6ccc(cc6)C#N,8.02
84,CHEMBL3422073,O=CN1CCC(CC1)Oc2ccc(cc2)c3n[nH]c4ccc(cc34)C(=O)NC(C5CC5)c6ccccn6,8.03
85,CHEMBL2047963,CNC(=O)C(=O)N1CCN(CC1)c2ccc(Nc3nc(NC4CCCCC4)c5nc[nH]c5n3)c(OC)c2,8.05
86,CHEMBL2047967,COc1cc(ccc1Nc2nc(NC3CCCCC3)c4nc[nH]c4n2)N5CCN(CC6CCOC6)CC5,8.05
87,CHEMBL2047965,COc1cc(ccc1Nc2nc(NC3CCCCC3)c4nc[nH]c4n2)N5CCN(Cc6ccccn6)CC5,8.05
88,CHEMBL3092036,COc1cc(ccc1Nc2ncc3cccc(NC4CCCCC4)c3n2)N5CCOCC5,8.05
89,CHEMBL3818733,Cc1cc(ccc1C(=O)NC2CC2)c3cnn4c(NCC5CCOCC5)nc(NC6CCOCC6)nc34,8.05
90,CHEMBL3330407,NS(=O)(=O)c1cccc(c1)c2n[nH]c3ccc(NC(=O)C(N4CCCC4)c5ccccc5)cc23,8.05
91,CHEMBL3410070,O=C(NC1CC1)c2ccc(cc2)c3cnc4c(NCC5CCOCC5)nc(cn34)c6ccccc6,8.07
92,CHEMBL3817949,CC(=O)Nc1cccc(Oc2nc(NCC3CCOCC3)n4ncc(c5ccc(C(=O)NC6CC6)c(C)c5)c4n2)c1,8.08
93,CHEMBL3410082,CC(C)Nc1cc(NCC2CCOCC2)c3ncc(c4ccc(cc4)C(=O)NC5CC5)n3n1,8.08
94,CHEMBL3422088,O=C(N[C@@H](C1CCCC1)c2ccccn2)c3ccc4[nH]nc(c5ccc(cc5)N6C7CCCC6COC7)c4c3,8.08
95,CHEMBL1236095,CCc1cccc(CC)c1NC(=O)c2nn(C)c3c2CCc4cnc(Nc5ccc(cc5OC(F)(F)F)C(=O)NC6CCN(C)CC6)nc34,8.1
96,CHEMBL3422068,CN1CCC(CC1)Oc2ccc(cc2)c3n[nH]c4ccc(NC(=O)C(C5CCCC5)c6ccsc6)cc34,8.1
97,CHEMBL3092038,COc1cc(ccc1Nc2ncc3cccc(c4cccnc4)c3n2)N5CCN(CC5)S(=O)(=O)C,8.1
98,CHEMBL3809656,COc1cc(ccc1Nc2ncc3ccnc(c4cnn(C)c4)c3n2)c5cnn(C)c5,8.1
99,CHEMBL2380585,Cn1cc(cn1)c2cc3[nH]nc(c4cccc(c4)S(=O)(=O)N)c3cc2OC5CCCCC5,8.1
100,CHEMBL3109972,Cn1cc(cn1)c2cc3cnc(Nc4ccc(cc4Cl)C(=O)N5CCS(=O)(=O)CC5)cc3[nH]2,8.1
101,CHEMBL3410076,Fc1ccc(Oc2cc(NCC3CCOCC3)c4ncc(c5ccc(cc5)C(=O)NC6CC6)n4n2)cc1,8.11
102,CHEMBL3422067,O=C(NCC1(CCCCC1)N2CCOCC2)c3ccc4[nH]nc(c5ccc(cc5)N6CCOCC6)c4c3,8.11
103,CHEMBL3422060,CN1CCN(CC1)c2ccc(cc2)c3n[nH]c4ccc(cc34)C(=O)NCC5(CCCCC5)N6CCOCC6,8.12
104,CHEMBL3422056,CN1CCN(CC1)c2ccc(cc2)c3n[nH]c4ccc(NC(=O)C(N5CCCC5)c6ccsc6)cc34,8.13
105,CHEMBL3410074,O=C(NC1CC1)c2ccc(cc2)c3cnc4c(NCC5CCOCC5)cc(OC6CCCCC6)nn34,8.13
106,CHEMBL3422076,CN1[C@@H]2CC[C@H]1C[C@@H](C2)Oc3ccc(cc3)c4n[nH]c5ccc(cc45)C(=O)NC(C6CC6)c7ccccc7,8.14
107,CHEMBL2140523,COc1cc(OC2CCN(C)CC2)ccc1Nc3ncc4N(C)C(=O)N(C5CCCC5)c4n3,8.16
108,CHEMBL2048080,COc1cc(ccc1Nc2nc(NC3CCCCC3)c4nc[nH]c4n2)N5CCC(CC(=O)N6CCC(C6)N(C)C)CC5,8.16
109,CHEMBL2048081,COc1cc(ccc1Nc2nc(NC3CCCCC3)c4nc[nH]c4n2)N5CCC(CC(=O)N6CCCC6)CC5,8.16
110,CHEMBL3109936,Cn1cc(cn1)c2cc3cnc(Nc4ccc(cc4Cl)C(=O)N5CCC5)cc3n2C(=O)OC(C)(C)C,8.16
111,CHEMBL3819164,Fc1cc(ccc1C(=O)NC2CC2)c3cnn4c(NCC5CCOCC5)nc(NC6CCCC6)nc34,8.16
112,CHEMBL3410075,O=C(NC1CC1)c2ccc(cc2)c3cnc4c(NCC5CCOCC5)cc(Oc6ccccc6)nn34,8.17
113,CHEMBL3410077,Fc1ccccc1Oc2cc(NCC3CCOCC3)c4ncc(c5ccc(cc5)C(=O)NC6CC6)n4n2,8.18
114,CHEMBL3410080,O=C(NC1CC1)c2ccc(cc2)c3cnc4c(NCC5CCOCC5)cc(NC6CCCCC6)nn34,8.18
115,CHEMBL603469,C[C@]12O[C@H](C[C@]1(O)CO)n3c4ccccc4c5c6C(=O)NCc6c7c8ccccc8n2c7c35,8.19
116,CHEMBL3410083,CC(C)(C)Nc1cc(NCC2CCOCC2)c3ncc(c4ccc(cc4)C(=O)NC5CC5)n3n1,8.21
117,CHEMBL3422089,CC(C)[C@H](NC(=O)c1ccc2[nH]nc(c3ccc(cc3)N4[C@H]5CC[C@H]4CC(O)C5)c2c1)c6ccccc6Cl,8.22
118,CHEMBL3109933,CN(C)C(=O)c1ccc(Nc2cc3c(cn2)cc(c4cnn(C)c4)n3C(=O)OC(C)(C)C)c(Cl)c1,8.22
119,CHEMBL3422054,CS(=O)(=O)c1cccc(c1)c2n[nH]c3ccc(NC(=O)C(N4CCCC4)c5ccsc5)cc23,8.23
120,CHEMBL3819637,Cc1cc(ccc1C(=O)NC2CC2)c3cnn4c(NCC5CCOCC5)nc(NC6CCCC6)nc34,8.24
121,CHEMBL3410081,O=C(NC1CC1)c2ccc(cc2)c3cnc4c(NCC5CCOCC5)cc(NC6CCCC6)nn34,8.28
122,CHEMBL2048078,COc1cc(ccc1Nc2nc(NC3CCCCC3)c4nc[nH]c4n2)N5CCC(CC(=O)N6CCN(C)CC6)CC5,8.3
123,CHEMBL2047971,COc1cc(ccc1Nc2nc(NC3CCCCC3)c4nc[nH]c4n2)N5CCC(CN6CCOCC6)CC5,8.3
124,CHEMBL2047966,COc1cc(ccc1Nc2nc(NC3CCCCC3)c4nc[nH]c4n2)N5CCN(CC5)C(=O)N6CCC(O)C6,8.3
125,CHEMBL3092037,COc1cc(ccc1Nc2ncc3cccc(c4ccccc4)c3n2)N5CCN(CC5)S(=O)(=O)C,8.3
126,CHEMBL2047943,Cc1cc(ccc1Nc2nc(NC3CCCCC3)c4nc[nH]c4n2)N5CCOCC5,8.3
127,CHEMBL3109939,Cn1cc(cn1)c2cc3cnc(Nc4ccc(cc4Cl)C(=O)N5CCS(=O)(=O)CC5)cc3n2C(=O)OC(C)(C)C,8.3
128,CHEMBL3818766,O=C(NC1CC1)c2ccc(cc2)c3cnn4c(NCC5CCOCC5)nc(Oc6ccccc6)nc34,8.31
129,CHEMBL3422082,Fc1ccccc1[C@H](NC(=O)c2ccc3[nH]nc(c4ccc(cc4)N5C6CCC5COC6)c3c2)C7CC7,8.32
130,CHEMBL3422087,O=C(N[C@H](C1CCCC1)c2ccccn2)c3ccc4[nH]nc(c5ccc(cc5)N6C7CCC6COC7)c4c3,8.34
131,CHEMBL3422081,Fc1ccccc1[C@@H](NC(=O)c2ccc3[nH]nc(c4ccc(cc4)N5C6CCC5COC6)c3c2)C7CC7,8.36
132,CHEMBL3422093,OC1C[C@@H]2CC[C@@H](C1)N2c3ccc(cc3)c4n[nH]c5ccc(cc45)C(=O)N[C@@H](C6CCCC6)c7ccccn7,8.37
133,CHEMBL3422074,CN(C)CC(=O)N1CCC(CC1)Oc2ccc(cc2)c3n[nH]c4ccc(cc34)C(=O)NC(C5CC5)c6ccccc6,8.39
134,CHEMBL3422094,OC1C[C@@H]2CC[C@@H](C1)N2c3ccc(cc3)c4n[nH]c5ccc(cc45)C(=O)N[C@H](C6CCCC6)c7ccccn7,8.39
135,CHEMBL188343,C1CCC(CC1)Nc2nc(Nc3ccc(cc3)N4CCOCC4)nc5[nH]cnc25,8.4
136,CHEMBL3422101,CC(C)C[C@H](NC(=O)c1ccc2[nH]nc(c3ccc(cc3)N4[C@H]5COC[C@H]4CC(O)C5)c2c1)c6ccccn6,8.4
137,CHEMBL2048079,CCN(CC)CC1CCN(CC1)c2ccc(Nc3nc(NC4CCCCC4)c5nc[nH]c5n3)c(OC)c2,8.4
138,CHEMBL3109938,CN(C)C1CCN(CC1)C(=O)c2ccc(Nc3cc4c(cn3)cc(c5cnn(C)c5)n4C(=O)OC(C)(C)C)c(Cl)c2,8.4
139,CHEMBL3422071,CN1CCC(CC1)Oc2ccc(cc2)c3n[nH]c4ccc(cc34)C(=O)NC(C5CCCC5)c6ccccn6,8.4
140,CHEMBL2048082,COc1cc(ccc1Nc2nc(NC3CCCCC3)c4nc[nH]c4n2)N5CCC(CC5)C(=O)N6CC(O)C6,8.4
141,CHEMBL2047969,COc1cc(ccc1Nc2nc(NC3CCCCC3)c4nc[nH]c4n2)N5CCC(CC5)C(=O)N6CCC(C6)N(C)C,8.4
142,CHEMBL2047970,COc1cc(ccc1Nc2nc(NC3CCCCC3)c4nc[nH]c4n2)N5CCC(CC5)C(=O)N6CCOCC6,8.4
143,CHEMBL2047955,COc1cc(ccc1Nc2nc(NC3CCCCC3)c4nc[nH]c4n2)N5CCOCC5,8.4
144,CHEMBL3330282,NS(=O)(=O)c1cccc(c1)c2n[nH]c3ccc(cc23)C(=O)NC(C4CC4)c5ccsc5,8.4
145,CHEMBL3422096,OC1C[C@@H]2CC[C@@H](C1)N2c3ccc(cc3)c4n[nH]c5ccc(cc45)C(=O)N[C@H](C6CCCC6)c7ncccn7,8.41
146,CHEMBL2380583,CCOc1cc2c(n[nH]c2cc1c3cnn(C)c3)c4ccc(C)c(c4)S(=O)(=O)N,8.44
147,CHEMBL3330409,CCc1ccccc1C(N(C)C)C(=O)Nc2ccc3[nH]nc(c4cccc(c4)S(=O)(=O)N)c3c2,8.44
148,CHEMBL3330260,CCc1cccc(CC)c1NC(=O)Nc2ccc3[nH]nc(c4cccc(c4)S(=O)(=O)N)c3c2,8.46
149,CHEMBL2380582,CCOc1cc2c(n[nH]c2cc1c3cnn(C)c3)c4cccc(c4)S(=O)(=O)N,8.51
150,CHEMBL3422078,CC(C)CC(NC(=O)c1ccc2[nH]nc(c3ccc(O[C@H]4C[C@H]5CC[C@@H](C4)N5C=O)cc3)c2c1)c6ccccn6,8.52
151,CHEMBL3422058,CN1CCC(CC1)Oc2ccc(cc2)c3n[nH]c4ccc(NC(=O)C(N5CCCC5)c6ccsc6)cc34,8.52
152,CHEMBL2047972,COc1cc(ccc1Nc2nc(NC3CCCCC3)c4nc[nH]c4n2)N5CCC(CC(=O)N6CCOCC6)CC5,8.52
153,CHEMBL2047961,COc1cc(ccc1Nc2nc(NC3CCCCC3)c4nc[nH]c4n2)N5CCN(CC5)C(=O)C6CCC(O)CC6,8.52
154,CHEMBL2047962,COc1cc(ccc1Nc2nc(NC3CCCCC3)c4nc[nH]c4n2)N5CCN(CC5)C(=O)N6CCN(C)CC6,8.52
155,CHEMBL2047964,COc1cc(ccc1Nc2nc(NC3CCCCC3)c4nc[nH]c4n2)N5CCN(CC5)C(=O)c6ccccn6,8.52
156,CHEMBL3109945,Cn1cc(cn1)c2cc3cnc(Nc4ccc(cc4Cl)c5cncn5C)cc3n2C(=O)OC(C)(C)C,8.52
157,CHEMBL2047957,FC(F)(F)c1cc(ccc1Nc2nc(NC3CCCCC3)c4nc[nH]c4n2)N5CCOCC5,8.52
158,CHEMBL3330410,NS(=O)(=O)c1cccc(c1)c2n[nH]c3ccc(NC(=O)C(N4CCCC4)c5ccsc5)cc23,8.54
159,CHEMBL3410084,CC(C)(Nc1cc(NCC2CCOCC2)c3ncc(c4ccc(cc4)C(=O)NC5CC5)n3n1)C(F)(F)F,8.55
160,CHEMBL3422075,CN1[C@@H]2CC[C@H]1C[C@H](C2)Oc3ccc(cc3)c4n[nH]c5ccc(cc45)C(=O)NC(C6CC6)c7ccccc7,8.55
161,CHEMBL3819182,Cc1cc(ccc1C(=O)NC2CC2)c3cnc4c(NCC5CCOCC5)cc(NC6CCCC6)nn34,8.55
162,CHEMBL3422090,OC1C[C@@H]2CC[C@@H](C1)N2c3ccc(cc3)c4n[nH]c5ccc(cc45)C(=O)N[C@@H](C6CC6)c7ccccc7,8.55
163,CHEMBL3422098,CC(C)C[C@@H](NC(=O)c1ccc2[nH]nc(c3ccc(cc3)N4[C@H]5CC[C@H]4CC(O)C5)c2c1)c6ccccn6,8.57
164,CHEMBL3422053,CN(C)CCCc1ccc(cc1S(=O)(=O)C)c2n[nH]c3ccc(NC(=O)C(N4CCCC4)c5ccsc5)cc23,8.57
165,CHEMBL3422069,CN1CCC(CC1)Oc2ccc(cc2)c3n[nH]c4ccc(cc34)C(=O)NC(C5CCCC5)c6ccsc6,8.57
166,CHEMBL3422062,CN1CCC(CC1)Oc2ccc(cc2)c3n[nH]c4ccc(cc34)C(=O)NC(C5CC5)c6ccccc6,8.59
167,CHEMBL3817905,Cc1cc(ccc1C(=O)NC2CC2)c3cnn4c(NCC5CCOCC5)nc(NC6CCCCC6)nc34,8.59
168,CHEMBL3410078,Oc1ccccc1Oc2cc(NCC3CCOCC3)c4ncc(c5ccc(cc5)C(=O)NC6CC6)n4n2,8.59
169,CHEMBL3410073,Nc1cc(ccc1c2cc(NCC3CCOCC3)c4ncc(c5ccc(cc5)C(=O)NC6CC6)n4n2)C#N,8.6
170,CHEMBL3422077,O=CN1[C@@H]2CC[C@H]1C[C@H](C2)Oc3ccc(cc3)c4n[nH]c5ccc(cc45)C(=O)NC(C6CCC6)c7ccsc7,8.6
171,CHEMBL3818533,Cc1cc(ccc1C(=O)NC2CC2)c3cnn4c(NCC5CCOCC5)nc(OC6CCCC6)nc34,8.64
172,CHEMBL3819003,Cc1cc(ccc1C(=O)NC2CC2)c3cnn4c(NCCN5CCOCC5)nc(Oc6cccc(F)c6F)nc34,8.66
173,CHEMBL3422102,OC1C[C@@H]2COC[C@@H](C1)N2c3ccc(cc3)c4n[nH]c5ccc(cc45)C(=O)N[C@H](C6CCCC6)c7ccccn7,8.66
174,CHEMBL3422083,CC(C)[C@H](NC(=O)c1ccc2[nH]nc(c3ccc(cc3)N4C5CCC4COC5)c2c1)c6ccccc6Cl,8.7
175,CHEMBL2047959,COc1cc(ccc1Nc2nc(NC3CCCCC3)c4nc[nH]c4n2)N5CCN(CC5)S(=O)(=O)C,8.7
176,CHEMBL2047960,COc1cc(ccc1Nc2nc(NC3CCCCC3)c4nc[nH]c4n2)N5CCN(CC5)S(=O)(=O)CCCN6CCOCC6,8.7
177,CHEMBL3092039,COc1cc(ccc1Nc2ncc3cccc(NC4CCCCC4)c3n2)N5CCN(CC5)S(=O)(=O)C,8.7
178,CHEMBL3422085,O=C(N[C@H](C1CC1)c2ccccn2)c3ccc4[nH]nc(c5ccc(cc5)N6C7CCC6COC7)c4c3,8.7
179,CHEMBL3422063,CC[C@@H](NC(=O)c1ccc2[nH]nc(c3ccc(OC4CCN(C)CC4)cc3)c2c1)c5ccccc5Cl,8.72
180,CHEMBL3422097,CC(C)C[C@H](NC(=O)c1ccc2[nH]nc(c3ccc(cc3)N4[C@H]5CC[C@H]4CC(O)C5)c2c1)c6ccccn6,8.77
181,CHEMBL3818403,Clc1cc(ccc1C(=O)NC2CC2)c3cnn4c(NCC5CCOCC5)nc(Oc6ccccc6)nc34,8.77
182,CHEMBL3422091,OC1C[C@@H]2CC[C@@H](C1)N2c3ccc(cc3)c4n[nH]c5ccc(cc45)C(=O)N[C@@H](C6CC6)c7ccccn7,8.8
183,CHEMBL3422099,OC1C[C@@H]2CC[C@@H](C1)N2c3ccc(cc3)c4n[nH]c5ccc(cc45)C(=O)N[C@H](CC6CC6)c7ccccn7,8.82
184,CHEMBL3819210,Cc1cc(ccc1C(=O)NC2CC2)c3cnn4c(NCC5CCOCC5)nc(Oc6ccccc6)nc34,8.85
185,CHEMBL3422084,O=C(N[C@@H](C1CC1)c2ccccn2)c3ccc4[nH]nc(c5ccc(cc5)N6C7CCC6COC7)c4c3,8.85
186,CHEMBL3422086,O=C(N[C@@H](C1CCCC1)c2ccccn2)c3ccc4[nH]nc(c5ccc(cc5)N6C7CCC6COC7)c4c3,8.92
187,CHEMBL3422080,O=C(NCC1(CCCCC1)N2CCOCC2)c3ccc4[nH]nc(c5ccc(cc5)N6C7CCC6COC7)c4c3,8.96
188,CHEMBL3422095,OC1C[C@@H]2CC[C@@H](C1)N2c3ccc(cc3)c4n[nH]c5ccc(cc45)C(=O)N[C@@H](C6CCCC6)c7ncccn7,8.96
189,CHEMBL3422104,CC(C)CNc1nc(cn2c(cnc12)c3ccc(cc3)C(=O)NC4CC4)c5cccc6ncccc56,9.0
190,CHEMBL2047956,CCOc1cc(ccc1Nc2nc(NC3CCCCC3)c4nc[nH]c4n2)N5CCOCC5,9.0
191,CHEMBL2047958,COc1cc(ccc1Nc2nc(NC3CCCCC3)c4nc[nH]c4n2)N5CCNCC5,9.0
192,CHEMBL2047951,Cc1cc(ccc1Nc2nc(NC3CCC(O)CC3)c4nc[nH]c4n2)N5CCOCC5,9.0
193,CHEMBL2047952,FC(F)(F)Oc1cc(ccc1Nc2nc(NC3CCCCC3)c4nc[nH]c4n2)N5CCOCC5,9.0
194,CHEMBL3819328,Cc1cc(ccc1C(=O)NC2CC2)c3cnn4c(NCC5CCOCC5)nc(Nc6ccccc6F)nc34,9.03
195,CHEMBL3354569,Cc1cc(ccc1C(=O)NC2CC2)c3cnc4c(NCCC(F)(F)F)cc(nn34)C(F)(F)c5cccc(F)c5,9.16
196,CHEMBL3354996,Cc1cc(ccc1C(=O)NC2CC2)c3cnc4c(NCCC(F)(F)F)cc(nn34)C5(CC5)c6cccc(F)c6F,9.16
197,CHEMBL3819019,Cc1cc(ccc1C(=O)NC2CC2)c3cnn4c(NCC5CCOCC5)nc(Nc6cccc(F)c6)nc34,9.16
198,CHEMBL3354995,COc1ccc(cc1)C(F)(F)c2cc(NCCC(F)(F)F)c3ncc(c4ccc(C(=O)NC5CC5)c(C)c4)n3n2,9.22
199,CHEMBL3354567,COc1ccc(cc1F)C(=O)c2cc(NCCC(F)(F)F)c3ncc(c4ccc(C(=O)NC5CC5)c(C)c4)n3n2,9.4
200,CHEMBL3818646,Cc1cc(ccc1C(=O)NC2CC2)c3cnn4c(NCC5CCOCC5)nc(Oc6cccc(F)c6F)nc34,9.4
201,CHEMBL3354568,Cc1cc(ccc1C(=O)NC2CC2)c3cnc4c(NCCC(F)(F)F)cc(nn34)C(C)(O)c5cccc(F)c5O,9.52
