,molecule_chembl_id,canonical_smiles,pchembl_value
0,tofacitinib,C[C@@H]1CCN(C[C@@H]1N(C)C1=C2C=CNC2=NC=N1)C(=O)CC#N,6.64
1,CHEMBL2420824,Clc1cccc(Cl)c1C(=O)Nc2ccnc(Nc3ccccn3)c2,7.54
2,CHEMBL3622134,CCn1c(cc2c1nc(Nc3nccs3)c4ncn(C)c24)C(=O)N(C5CC5)C6CC6,7.55
3,CHEMBL3694581,Clc1cnc2Nc3cccc(CCCOc4cccc(CNc1n2)c4)c3,7.6
4,CHEMBL3675687,OCC(=O)Nc1nccc2nc(sc12)c3c(Cl)cccc3Cl,7.64
5,CHEMBL2387130,F[C@@H]1C[C@H]1C(=O)Nc2cc(NC(=O)c3c(Cl)cccc3Cl)ccn2,7.65
6,CHEMBL2387116,CC(C)(O)c1cc(Cl)c(C(=O)Nc2ccnc(NC(=O)C3CC3)c2)c(Cl)c1,7.66
7,CHEMBL3359913,CC1(C)[C@H](O)CC[C@H]1Nc2c(cnn3cccc23)C(=O)N,7.66
8,CHEMBL1287853,Cc1cnc(Nc2ccc(OCCN3CCCC3)cc2)nc1Nc4cccc(c4)S(=O)(=O)NC(C)(C)C,7.68
9,CHEMBL2385096,C[C@@H](O)c1nc2cnc3[nH]ccc3c2n1[C@H]4CC[C@H](C4)NCC(F)(F)F,7.7
10,CHEMBL2392500,O=C(CC#N)N1CCC[C@H](C1)n2nnc3cnc4[nH]ccc4c23,7.7
11,CHEMBL2420829,CCn1cc(Nc2cc(NC(=O)c3c(Cl)cccc3Cl)ccn2)cn1,7.72
12,CHEMBL1789941,N#CC[C@H](C1CCCC1)n2cc(cn2)c3ncnc4[nH]ccc34,7.72
13,CHEMBL2181086,CCN(CC)CCC(=O)Nc1cc2COCC=CCOCc3cccc(c3)c4ccnc(Nc(c2)c1)n4,7.75
14,CHEMBL2420812,CCNC(=O)Nc1cc(NC(=O)c2c(Cl)cccc2Cl)ccn1,7.75
15,CHEMBL2325895,CC(C)(C)[C@@H](NC(=O)c1c[nH]c2ncc(nc12)C3CC3)C(=O)N4CC(C4)C#N,7.8
16,CHEMBL3352835,COC1CCN(CC1)c2nccc(Nc3cc(NC(=O)c4c(Cl)cccc4Cl)ccn3)n2,7.8
17,CHEMBL3359907,C[C@@H](Nc1c(cnn2cccc12)C(=O)N)C(C)(C)C,7.8
18,CHEMBL3589165,NC(=O)c1cc(cc2c3cc(ccc3[nH]c12)C(=O)N4CCOCC4)c5ccccc5,7.8
19,CHEMBL603469,C[C@]12O[C@H](C[C@]1(O)CO)n3c4ccccc4c5c6C(=O)NCc6c7c8ccccc8n2c7c35,7.82
20,CHEMBL2387220,Clc1cccc(Cl)c1C(=O)Nc2ccnc(NC(=O)[C@H]3C[C@H]3c4nnc[nH]4)c2,7.82
21,CHEMBL2387133,OC[C@@H]1C[C@@H]1C(=O)Nc2cc(NC(=O)c3c(Cl)cccc3Cl)ccn2,7.84
22,CHEMBL3667529,COc1ncc(Cl)cc1c2nn(CC(=O)N(C)C)cc2NC(=O)c3cnn4cccnc34,7.85
23,CHEMBL2420826,Clc1cccc(Cl)c1C(=O)Nc2ccnc(Nc3cnccn3)c2,7.85
24,CHEMBL2387111,CS(=O)(=O)Nc1cc(Cl)c(C(=O)Nc2ccnc(NC(=O)C3CC3)c2)c(Cl)c1,7.87
25,CHEMBL2386633,C[C@@H](O)c1nc2cnc3[nH]ccc3c2n1[C@@H]4CC[C@H](CC4)C#N,7.92
26,CHEMBL2387129,F[C@H]1C[C@@H]1C(=O)Nc2cc(NC(=O)c3c(Cl)cccc3Cl)ccn2,7.94
27,CHEMBL3039513,CC[C@@](C)(Nc1ccnc(n1)c2c[nH]c3ncccc23)C(=O)NCC(F)(F)F,7.96
28,CHEMBL2436945,CCc1nc(N[C@@H]2CCC[C@@H]2C#N)c3C=CNC(=O)c3n1,7.96
29,CHEMBL2385101,Clc1cc(cc(Cl)c1C(=O)Nc2ccnc(NC(=O)C3CC3)c2)c4nnc[nH]4,7.96
30,CHEMBL2387217,NC(=O)[C@@H]1C[C@@H]1C(=O)Nc2cc(NC(=O)c3c(Cl)cccc3Cl)ccn2,7.96
31,CHEMBL2387117,OCC#Cc1cc(Cl)c(C(=O)Nc2ccnc(NC(=O)C3CC3)c2)c(Cl)c1,7.99
32,CHEMBL3613597,CC(C)c1nn(C)cc1c2nc3c(N4CCN(Cc5cccnc5)CC4)c(Br)cnc3[nH]2,8.0
33,CHEMBL3667523,COc1ccc(Cl)cc1c2nn(CC(=O)N3CCC=CC3)cc2NC(=O)c4cnn5cccnc45,8.0
34,CHEMBL2420828,Clc1cccc(Cl)c1C(=O)Nc2ccnc(Nc3cccnn3)c2,8.0
35,CHEMBL3765131,Cn1ccc(n1)C2=CN(C(=O)c3c(N)n[nH]c23)c4ccccc4Cl,8.0
36,CHEMBL3764383,CC(C)[C@@H](C)N1C=C(c2ccc(cn2)N3CCOCC3)c4[nH]nc(N)c4C1=O,8.01
37,CHEMBL2387125,Clc1cc(cc(Cl)c1C(=O)Nc2ccnc(NC(=O)C3CC3)c2)C#C,8.02
38,CHEMBL3667522,COc1ccc(Cl)cc1c2nn(CC(=O)N3CCCC3C)cc2NC(=O)c4cnn5cccnc45,8.04
39,CHEMBL2387134,Clc1cccc(Cl)c1C(=O)Nc2ccnc(NC(=O)[C@H]3C[C@H]3C#N)c2,8.04
40,CHEMBL3781427,O=C1NC=CC(=C1c2nc3ccccc3[nH]2)NC4CCOCC4,8.05
41,CHEMBL2105759,CCS(=O)(=O)N1CC(CC#N)(C1)n2cc(cn2)c3ncnc4[nH]ccc34,8.06
42,CHEMBL2387132,C[C@@H]1C[C@@H]1C(=O)Nc2cc(NC(=O)c3c(Cl)cccc3Cl)ccn2,8.07
43,CHEMBL3675693,Cc1cc(Nc2nccc3nc(sc23)c4ccccc4Cl)nc(C)n1,8.07
44,CHEMBL3359908,CC1(C)CCC[C@H]1Nc2c(cnn3cccc23)C(=O)N,8.1
45,CHEMBL2387122,CC(=O)c1cc(Cl)c(C(=O)Nc2ccnc(NC(=O)C3CC3)c2)c(Cl)c1,8.11
46,CHEMBL2387113,COc1cc(Cl)c(C(=O)Nc2ccnc(NC(=O)C3CC3)c2)c(Cl)c1,8.11
47,CHEMBL2387115,CC(O)c1cc(Cl)c(C(=O)Nc2ccnc(NC(=O)C3CC3)c2)c(Cl)c1,8.12
48,CHEMBL2178803,Cc1ccc(C)c(c1)c2nn(C)cc2NC(=O)c3cnn4ccc(N)nc34,8.14
49,CHEMBL2387128,F[C@H]1C[C@H]1C(=O)Nc2cc(NC(=O)c3c(Cl)cccc3Cl)ccn2,8.15
50,CHEMBL3780467,COC(=O)C1CCc2[nH]c(nc2C1)C3=C(N[C@@H]4CC[C@H](N)CC4)C=CNC3=O,8.16
51,CHEMBL3359915,C[C@@]1(O)CC[C@@H](Nc2c(cnn3cccc23)C(=O)N)C1(C)C,8.16
52,CHEMBL261386,Fc1ccc2c(c1)c3C(=O)NC=Cc3c4[nH]c(nc24)c5ccccc5Cl,8.16
53,CHEMBL3764463,Nc1n[nH]c2C(=CN(C(=O)c12)c3ccccc3Cl)c4ccccn4,8.17
54,CHEMBL3667518,COc1ncc(cc1c2n[nH]cc2NC(=O)c3cnn4cccnc34)C#N,8.18
55,CHEMBL3764637,CC(C)C(C)N1C=C(c2ccn(C)n2)c3[nH]nc(N)c3C1=O,8.2
56,CHEMBL2159210,Cc1nc2cnc3[nH]ccc3c2n1[C@@H]4CCC[C@@H](O)C4,8.21
57,CHEMBL3675691,Clc1cccc(Cl)c1c2nc3ncnc(NC(=O)C4CC4)c3s2,8.21
58,CHEMBL3359926,C[C@@]1(CCC[C@H]1Nc2c(cnn3cccc23)C(=O)N)C#N,8.22
59,CHEMBL1908395,Cl.CN(C)CC(=O)N1CCC(CC1)c2ccc(NC(=O)c3nc(c[nH]3)C#N)c(c2)C4=CCCCC4,8.24
60,CHEMBL3667515,COc1ccc(Cl)cc1c2c(NC(=O)c3cnn4cccnc34)cnn2CCO,8.25
61,CHEMBL3764030,CC(C)[C@H](C)N1C=C(c2ccn(C)n2)c3[nH]nc(N)c3C1=O,8.26
62,CHEMBL2387114,OCc1cc(Cl)c(C(=O)Nc2ccnc(NC(=O)C3CC3)c2)c(Cl)c1,8.27
63,CHEMBL2387131,Cl[C@@H]1C[C@@H]1C(=O)Nc2cc(NC(=O)c3c(Cl)cccc3Cl)ccn2,8.29
64,CHEMBL21156,CC(C)(C)c1nc2c3ccc(F)cc3c4C(=O)NC=Cc4c2[nH]1,8.3
65,CHEMBL3426891,CN1CCN(CC1)c2ccc(Nc3ncc(Cl)c(NC[C@H]4CCCO4)n3)cc2,8.3
66,CHEMBL2420827,Clc1cccc(Cl)c1C(=O)Nc2ccnc(Nc3ccncn3)c2,8.31
67,CHEMBL2387224,Clc1cccc(Cl)c1C(=O)Nc2ccnc(NC(=O)C3CC3)c2,8.32
68,CHEMBL3137308,NC(=O)c1cnc2[nH]ccc2c1N[C@@H]3[C@@H]4CC5C[C@H]3C[C@@](O)(C5)C4,8.32
69,CHEMBL2152300,O=C(CC#N)N1CCC[C@H](C1)n2cnc3cnc4[nH]ccc4c23,8.33
70,CHEMBL2387118,NCc1cc(Cl)c(C(=O)Nc2ccnc(NC(=O)C3CC3)c2)c(Cl)c1,8.36
71,CHEMBL2152297,C[C@@H]1CCN(C[C@@H]1n2cnc3cnc4[nH]ccc4c23)C(=O)CC#N,8.38
72,CHEMBL3675695,Cc1cc(Nc2nccc3nc(sc23)c4c(Cl)cc(cc4Cl)C5CC5)ncn1,8.39
73,CHEMBL3670393,Nc1ccn2ncc(C(=O)Nc3c[nH]nc3c4cc(Cl)ccc4Cl)c2n1,8.39
74,CHEMBL2386629,C[C@@H](O)c1nc2cnc3[nH]ccc3c2n1[C@@H]4CC[C@H](CC4)NCC(F)(F)F,8.47
75,CHEMBL2387126,Clc1cc(cc(Cl)c1C(=O)Nc2ccnc(NC(=O)C3CC3)c2)c4cn[nH]c4,8.47
76,CHEMBL2387119,CNCc1cc(Cl)c(C(=O)Nc2ccnc(NC(=O)C3CC3)c2)c(Cl)c1,8.48
77,CHEMBL2387218,OC(=O)[C@H]1C[C@H]1C(=O)Nc2cc(NC(=O)c3c(Cl)cccc3Cl)ccn2,8.5
78,CHEMBL2387112,Oc1cc(Cl)c(C(=O)Nc2ccnc(NC(=O)C3CC3)c2)c(Cl)c1,8.51
79,CHEMBL2387110,CC(=O)Nc1cc(Cl)c(C(=O)Nc2ccnc(NC(=O)C3CC3)c2)c(Cl)c1,8.52
80,CHEMBL3589169,CN1CCN(CC1)C(=O)c2ccc3[nH]c4c(cc(cc4c3c2)c5ccc(Cl)cc5)C(=O)N,8.55
81,CHEMBL2387127,F[C@@H]1C[C@@H]1C(=O)Nc2cc(NC(=O)c3c(Cl)cccc3Cl)ccn2,8.6
82,CHEMBL3667521,COc1ccc(Cl)cc1c2c(NC(=O)c3c(N)nn4cccnc34)cnn2CC(=O)N,8.64
83,CHEMBL3765822,CC(C)[C@@H](C)N1C=C(c2cc(n(C)n2)C(C)(C)O)c3[nH]nc(N)c3C1=O,8.68
84,CHEMBL3667519,COc1ccc(Cl)cc1c2nc(C)sc2NC(=O)c3cnn4cccnc34,8.68
85,CHEMBL3359927,C[C@]1(F)CCC[C@H]1Nc2c(cnn3cccc23)C(=O)N,8.7
86,CHEMBL3622150,CCn1c(cc2c1nc(Nc3cc(C)[nH]n3)c4ncn(C)c24)C(=O)N(C5CC5)C6CC6,8.72
87,CHEMBL2387124,Clc1cc(cc(Cl)c1C(=O)Nc2ccnc(NC(=O)C3CC3)c2)C#N,8.75
88,CHEMBL2386636,C[C@@H](O)c1nc2cnc3[nH]ccc3c2n1[C@@H]4CC[C@@H](CCC#N)CC4,8.77
89,CHEMBL3675694,CCc1cc(Nc2nccc3nc(sc23)c4c(Cl)cc(cc4Cl)C(=O)N)ncn1,8.8
90,CHEMBL2387223,F[C@@H]1C[C@@H]1C(=O)Nc2cc(NC(=O)c3c(F)cc(cc3Cl)C#N)ccn2,8.8
91,CHEMBL2387222,F[C@@H]1C[C@@H]1C(=O)Nc2cc(NC(=O)c3c(F)cccc3Cl)ccn2,8.8
92,CHEMBL3763252,CC(C)C(C)N1C=C(c2ccc(cn2)N3CCOCC3)c4[nH]nc(N)c4C1=O,8.82
93,CHEMBL3675696,Fc1cnc(NC(=O)C2CC2)c3sc(nc13)c4c(Cl)cc(cc4Cl)C#N,8.82
94,CHEMBL3780091,N[C@@H]1CC[C@@H](CC1)NC2=C(C(=O)NC=C2)c3nc4ccccc4[nH]3,8.82
95,CHEMBL3675686,COC(=O)Nc1nccc2nc(sc12)c3c(Cl)cccc3Cl,8.85
96,CHEMBL2387221,F[C@@H]1C[C@@H]1C(=O)Nc2cc(NC(=O)c3c(Cl)cc(cc3Cl)C#N)ccn2,8.85
97,CHEMBL3675688,Fc1cccc(Cl)c1c2nc3ccnc(NC(=O)NC4CC4)c3s2,8.85
98,CHEMBL2387219,Clc1cccc(Cl)c1C(=O)Nc2ccnc(NC(=O)[C@H]3C[C@H]3c4nn[nH]n4)c2,8.89
99,CHEMBL3765517,CC(C)[C@H](C)N1C=C(c2cc(N3CCS(=O)(=O)CC3)n(C)n2)c4[nH]nc(N)c4C1=O,8.92
100,CHEMBL3675690,Cc1cc(Nc2nccc3nc(sc23)c4c(Cl)cc(CO)cc4Cl)ncn1,9.0
101,CHEMBL2387225,Nc1cc(Cl)c(C(=O)Nc2ccnc(NC(=O)C3CC3)c2)c(Cl)c1,9.0
102,CHEMBL495727,O=C(NC1CC1)Nc2c[nH]nc2c3nc4cc(CN5CCOCC5)ccc4[nH]3,9.0
103,CHEMBL3764277,CC(C)[C@H](C)N1C=C(c2cc(C3CCOCC3)n(C)n2)c4[nH]nc(N)c4C1=O,9.01
104,CHEMBL3763991,CC(C)[C@H](C)N1C=C(c2ccc(cn2)N3CCOCC3)c4[nH]nc(N)c4C1=O,9.04
105,CHEMBL3675699,Cc1cc(Nc2nccc3nc(sc23)c4c(cc(cc4[N+]#[C-])C#N)[N+]#[C-])nc(C)n1,9.1
106,CHEMBL388978,CN[C@@H]1C[C@H]2O[C@@](C)([C@@H]1OC)n3c4ccccc4c5c6CNC(=O)c6c7c8ccccc8n2c7c35,9.22
107,CHEMBL3763213,CC(C)[C@H](C)N1C=C(c2cc(N3CCOCC3)n(C)n2)c4[nH]nc(N)c4C1=O,9.26
108,CHEMBL3675700,Cc1nc(CO)cc(Nc2nccc3nc(sc23)c4c(Cl)cccc4[N+]#[C-])n1,9.3
109,CHEMBL3675685,Clc1cccc(Cl)c1c2nc3ccnc(NC(=O)C4CC4)c3s2,9.3
110,CHEMBL2386635,C[C@@H](O)c1nc2cnc3[nH]ccc3c2n1[C@@H]4CC[C@@H](CC#N)CC4,9.4
111,CHEMBL3675697,Nc1cc(Nc2ncc(C#N)c3nc(sc23)c4c(F)cccc4Cl)ncn1,9.4
112,CHEMBL3675698,Nc1cc(Nc2ncc(C#N)c3nc(sc23)c4c(F)cccc4[N+]#[C-])ncn1,9.52
113,CHEMBL3675689,OCc1ccnc(Nc2nccc3nc(sc23)c4c(Cl)cccc4Cl)c1,9.52
