,molecule_chembl_id,canonical_smiles,pchembl_value
0,CHEMBL3355537,CN1Cc2cc(Nc3ncc4C(=O)N(c5c(F)cccc5Cl)c6nccn6c4n3)ccc2C7(CC7)C1,7.54
1,CHEMBL214090,COc1cccc(F)c1c2cc3[nH]c4ccc(O)cc4c3c5C(=O)NC(=O)c25,7.54
2,CHEMBL213593,Oc1ccc2[nH]c3cc(c4C(=O)NC(=O)c4c3c2c1)c5c(Cl)cccc5Cl,7.55
3,CHEMBL384477,Oc1ccc2[nH]c3cc(c4cccc(Cl)c4Cl)c5C(=O)NC(=O)c5c3c2c1,7.55
4,CHEMBL213585,Oc1ccc2[nH]c3cc(c4cccc(O)c4Cl)c5C(=O)NC(=O)c5c3c2c1,7.55
5,CHEMBL3355536,CN1Cc2cc(Nc3ncc4C(=O)N(c5c(Cl)cccc5Cl)c6nccn6c4n3)ccc2C7(CC7)C1,7.57
6,CHEMBL488054,COCCCn1c2ccc(O)cc2c3c4C(=O)NC(=O)c4c(cc13)c5ccccc5Cl,7.57
7,CHEMBL386199,COc1cccc(OC)c1c2cc3[nH]c4ccc(O)cc4c3c5C(=O)NC(=O)c25,7.57
8,CHEMBL272479,CN(C)CCCOc1cc2[nH]c3cc(c4ccccc4Cl)c5C(=O)NC(=O)c5c3c2cc1O,7.59
9,CHEMBL3355527,Clc1ccccc1N2C(=O)c3cnc(Nc4ccc5CCCCc5c4)nc3n6ccnc26,7.59
10,CHEMBL256480,Oc1cc2c(cc1OCCCN3CCOCC3)[nH]c4cc(c5ccccc5Cl)c6C(=O)NC(=O)c6c24,7.59
11,CHEMBL471156,OCCn1c2ccc(O)cc2c3c4C(=O)NC(=O)c4c(cc13)c5ccccc5,7.6
12,CHEMBL475325,OCCn1c2ccc(O)cc2c3c4C(=O)NC(=O)c4ccc13,7.6
13,CHEMBL209594,COc1ccccc1c2cc3[nH]c4ccc(O)cc4c3c5C(=O)NC(=O)c25,7.62
14,CHEMBL487335,Nc1cc(ccc1Cl)c2cc3[nH]c4ccc(O)cc4c3c5C(=O)NC(=O)c25,7.62
15,CHEMBL213075,Nc1ccc(c(Cl)c1)c2cc3[nH]c4ccc(O)cc4c3c5C(=O)NC(=O)c25,7.62
16,CHEMBL255565,OCCn1c2cc(CCCCN3CCCC3)c(O)cc2c4c5C(=O)NC(=O)c5c(cc14)c6ccccc6Cl,7.62
17,CHEMBL469612,OCCn1c2cc(CCCCn3cccc3)c(O)cc2c4c5C(=O)NC(=O)c5c(cc14)c6ccccc6Cl,7.62
18,CHEMBL270021,OCCn1c2cc(OCCCN3CCCC3)c(O)cc2c4c5C(=O)NC(=O)c5c(cc14)c6ccccc6Cl,7.62
19,CHEMBL474111,OCCn1c2cc(OCCCn3cccc3)c(O)cc2c4c5C(=O)NC(=O)c5c(cc14)c6ccccc6Cl,7.62
20,CHEMBL513079,Oc1ccc2c(c1)c3c4C(=O)NC(=O)c4c(cc3n2CCSc5nnc[nH]5)c6ccccc6Cl,7.62
21,CHEMBL521200,Oc1ccc2c(c1)c3c4C(=O)NC(=O)c4c(cc3n2CCSn5ccnn5)c6ccccc6Cl,7.62
22,CHEMBL462170,OC(=O)CCn1c2ccc(O)cc2c3c4C(=O)NC(=O)c4c(cc13)c5ccccc5,7.64
23,CHEMBL520182,OC(=O)CCn1c2ccc(O)cc2c3c4C(=O)NC(=O)c4ccc13,7.64
24,CHEMBL520904,OCC(O)Cn1c2ccc(O)cc2c3c4C(=O)NC(=O)c4c(cc13)c5ccccc5Cl,7.64
25,CHEMBL213367,Oc1ccc(c(Cl)c1)c2cc3[nH]c4ccc(O)cc4c3c5C(=O)NC(=O)c25,7.64
26,CHEMBL215677,Oc1ccc2[nH]c3cc(c4ccccc4Br)c5C(=O)NC(=O)c5c3c2c1,7.64
27,CHEMBL3355519,Clc1ccccc1N2C(=O)c3cnc(Nc4ccccc4)nc3n5ccnc25,7.68
28,CHEMBL512012,NC(=O)CCn1c2ccc(O)cc2c3c4C(=O)NC(=O)c4c(cc13)c5ccccc5,7.68
29,CHEMBL484808,NC(=O)CCn1c2ccc(O)cc2c3c4C(=O)NC(=O)c4ccc13,7.68
30,CHEMBL213313,Nc1cccc(c1Cl)c2cc3[nH]c4ccc(O)cc4c3c5C(=O)NC(=O)c25,7.68
31,CHEMBL512342,Oc1ccc2c(c1)c3c4C(=O)NC(=O)c4c(cc3n2CCc5nnn[nH]5)c6ccccc6Cl,7.68
32,CHEMBL404335,Cn1c2cc(SCCCN3CCCC3)c(O)cc2c4c5C(=O)NC(=O)c5c(cc14)c6ccccc6Cl,7.7
33,CHEMBL474714,Cn1c2cc(SCCCn3cccc3)c(O)cc2c4c5C(=O)NC(=O)c5c(cc14)c6ccccc6Cl,7.7
34,CHEMBL211140,Nc1ccc(Cl)c(c1)c2cc3[nH]c4ccc(O)cc4c3c5C(=O)NC(=O)c25,7.7
35,CHEMBL378066,Nc1ccc(c(Br)c1)c2cc3[nH]c4ccc(O)cc4c3c5C(=O)NC(=O)c25,7.7
36,CHEMBL384089,COc1cc(N)ccc1c2cc3[nH]c4ccc(O)cc4c3c5C(=O)NC(=O)c25,7.72
37,CHEMBL258067,OCCn1c2cc(CCCCN3CCOCC3)c(O)cc2c4c5C(=O)NC(=O)c5c(cc14)c6ccccc6Cl,7.72
38,CHEMBL472209,Oc1ccc2c(c1)c3c4C(=O)NC(=O)c4c(cc3n2CCS(=O)(=O)c5nnc[nH]5)c6ccccc6Cl,7.72
39,CHEMBL487757,Oc1ccc2c(c1)c3c4C(=O)NC(=O)c4c(cc3n2CCS(=O)(=O)n5ccnn5)c6ccccc6Cl,7.72
40,CHEMBL469822,OCCN1C2=CC(OCCCn3cccc3)C(O)(O)C=C2c4c1cc(c5ccccc5Cl)c6C(=O)NC(=O)c46,7.74
41,CHEMBL386048,Oc1ccc2[nH]c3cc(c4C(=O)NC(=O)c4c3c2c1)c5c(Cl)ccc(O)c5Cl,7.74
42,CHEMBL401776,CN(C)CCCOc1cc2c(cc1O)c3c4C(=O)NC(=O)c4c(cc3n2CCO)c5ccccc5Cl,7.75
43,CHEMBL471329,Oc1ccc2c(c1)c3c4C(=O)NC(=O)c4c(cc3n2CCCc5nnn[nH]5)c6ccccc6Cl,7.8
44,CHEMBL215485,COc1cccc(Cl)c1c2cc3[nH]c4ccc(O)cc4c3c5C(=O)NC(=O)c25,7.82
45,CHEMBL272267,Cn1c2cc(C(=O)NCCN3CCCC3)c(O)cc2c4c5C(=O)NC(=O)c5c(cc14)c6ccccc6Cl,7.82
46,CHEMBL472689,Cn1c2cc(C(=O)NCCn3cccc3)c(O)cc2c4c5C(=O)NC(=O)c5c(cc14)c6ccccc6Cl,7.82
47,CHEMBL271715,OCCn1c2cc(OCCCN3CCOCC3)c(O)cc2c4c5C(=O)NC(=O)c5c(cc14)c6ccccc6Cl,7.82
48,CHEMBL511280,Oc1ccc2c(c1)c3c4C(=O)NC(=O)c4c(cc3n2CCC#N)c5ccccc5Cl,7.82
49,CHEMBL461116,CN(C)CCNC(=O)CCn1c2ccc(O)cc2c3c4C(=O)NC(=O)c4c(cc13)c5c(Cl)cccc5Cl,7.85
50,CHEMBL511992,OC(=O)CCCn1c2ccc(O)cc2c3c4C(=O)NC(=O)c4c(cc13)c5ccccc5Cl,7.89
51,CHEMBL459889,OC(=O)CCn1c2ccc(O)cc2c3c4C(=O)NC(=O)c4c(cc13)c5ccccc5Cl,7.89
52,CHEMBL215815,Oc1ccc2[nH]c3cc(c4ccccc4I)c5C(=O)NC(=O)c5c3c2c1,7.89
53,CHEMBL460940,CS(=O)(=O)NC(=O)CCn1c2ccc(O)cc2c3c4C(=O)NC(=O)c4c(cc13)c5ccccc5Cl,7.92
54,CHEMBL379975,Oc1ccc2[nH]c3cc(c4ccccc4Cl)c5C(=O)NC(=O)c5c3c2c1,7.96
55,CHEMBL411662,OCCCn1c2ccc(O)cc2c3c4C(=O)NC(=O)c4c(cc13)c5ccccc5Cl,8.05
56,CHEMBL472208,Oc1ccc2c(c1)c3c4C(=O)NC(=O)c4c(cc3n2CC[S+]([O-])c5nnc[nH]5)c6ccccc6Cl,8.05
57,CHEMBL486517,Oc1ccc2c(c1)c3c4C(=O)NC(=O)c4c(cc3n2CC[S+]([O-])n5ccnn5)c6ccccc6Cl,8.05
58,CHEMBL3355529,CN1CCCc2ccc(Nc3ncc4C(=O)N(c5ccccc5Cl)c6nccn6c4n3)cc12,8.07
59,CHEMBL3355523,CN1CCC(CC1)c2ccc(Nc3ncc4C(=O)N(c5ccccc5Cl)c6nccn6c4n3)cc2,8.08
60,CHEMBL471157,OCCn1c2ccc(O)cc2c3c4C(=O)NC(=O)c4c(cc13)c5c(Cl)cccc5Cl,8.1
61,CHEMBL3355530,CN1CCCc2cc(Nc3ncc4C(=O)N(c5ccccc5Cl)c6nccn6c4n3)ccc12,8.13
62,CHEMBL471163,OCCCn1c2ccc(O)cc2c3c4C(=O)NC(=O)c4c(cc13)c5c(Cl)cccc5Cl,8.15
63,CHEMBL515352,Oc1ccc2c(c1)c3c4C(=O)NC(=O)c4c(cc3n2CCC(=O)NS(=O)(=O)c5ccccc5)c6ccccc6Cl,8.15
64,CHEMBL3355524,CC(=O)N1CCN(CC1)c2ccc(Nc3ncc4C(=O)N(c5ccccc5Cl)c6nccn6c4n3)cc2,8.18
65,CHEMBL3355525,CN1CCN(CC1)c2cccc(Nc3ncc4C(=O)N(c5ccccc5Cl)c6nccn6c4n3)c2,8.21
66,CHEMBL472542,NC(=O)CCn1c2ccc(O)cc2c3c4C(=O)NC(=O)c4c(cc13)c5ccccc5Cl,8.22
67,CHEMBL3355522,Clc1ccccc1N2C(=O)c3cnc(Nc4ccc(cc4)N5CCCCC5)nc3n6ccnc26,8.26
68,CHEMBL3355532,CC(=O)N1Cc2cc(Nc3ncc4C(=O)N(c5ccccc5Cl)c6nccn6c4n3)ccc2C7(CC7)C1,8.27
69,CHEMBL3355518,CN1CCN(CC1)c2ccc(Nc3ncc4C(=O)N(c5ccccc5Cl)c6nccn6c4n3)cc2,8.64
70,CHEMBL3355535,CN1CCN(CC1)c2ccc(Nc3ncc4C(=O)N(c5c(F)cccc5Cl)c6nccn6c4n3)cc2,8.7
71,CHEMBL3355528,CN1CCc2ccc(Nc3ncc4C(=O)N(c5ccccc5Cl)c6nccn6c4n3)cc2C1,8.8
72,CHEMBL400146,CC1=CC(=O)c2c(O)cc3C(=O)c4cc(O)cc(O)c4C(=O)c3c2O1,8.87
73,CHEMBL3355531,CN1Cc2cc(Nc3ncc4C(=O)N(c5ccccc5Cl)c6nccn6c4n3)ccc2C7(CC7)C1,8.92
