,molecule_chembl_id,canonical_smiles,pchembl_value
0,dasatinib,CC1=NC(NC2=NC=C(S2)C(=O)NC2=C(C)C=CC=C2Cl)=CC(=N1)N1CCN(CCO)CC1,9.52
1,CHEMBL478629,C(CN1CCCCC1)Oc2ccc(cc2)c3cnc4c(cnn4c3)c5ccncc5,7.53
2,CHEMBL1778662,Cl.CC(CCCC(C)(C)O)Nc1nc(Nc2cc(C)[nH]n2)cc(C)c1C#N,7.62
3,CHEMBL509032,COc1cc(ccc1Nc2ncc(Cl)c(Nc3ccccc3S(=O)(=O)C(C)C)n2)N4CCC(CC4)N5CCN(C)CC5,7.64
4,CHEMBL218632,CNc1nccc(n1)c2cccnc2Oc3cc(ccc3C)C(=O)Nc4cccc(c4)C(F)(F)F,7.66
5,CHEMBL268825,Cc1cc(cc2nnc(Nc3ccc(OCCN4CCCC4)cc3)nc12)c5ccccc5Cl,7.66
6,CHEMBL291759,CCOC(=O)CN1CCN(CCCc2c3CCCCc3[nH]c2\C=C\4/C(=O)Nc5ccc(cc45)S(=O)(=O)NC)CC1,7.7
7,CHEMBL59042,CCS(=O)(=O)c1ccc2NC(=O)\C(=C/c3[nH]c4CCCCc4c3CCCN(C)C)\c2c1,7.7
8,CHEMBL298566,CCS(=O)(=O)c1ccc2NC(=O)\C(=C/c3[nH]c4CCCCc4c3CCCN5CCC(O)CC5)\c2c1,7.7
9,CHEMBL605003,CN(C)S(=O)(=O)c1ccc2NC(=O)\C(=C/c3cc4CCCCc4[nH]3)\c2c1,7.7
10,CHEMBL3648058,Cc1cccc(C)c1c2cc(C)c3nc(Nc4oc(cc4)C(=O)NCCN5CCCC5)nnc3c2,7.74
11,CHEMBL1908397,O=C(N1CCNCC1)c2ccc(\C=C\c3n[nH]c4ccccc34)cc2,7.75
12,CHEMBL587723,CCN1CCN(Cc2ccc(cc2)c3cc4c(N[C@H](C)c5ccccc5)ncnc4[nH]3)CC1,7.76
13,CHEMBL218597,Cc1cccc(C)c1c2cc(C)c3nc(Nc4cccc(c4)S(=O)(=O)N)nnc3c2,7.79
14,CHEMBL230686,Cc1cc(cc2nnc(Nc3ccc(OCCN4CCCC4)cc3)nc12)c5c(Cl)cccc5Cl,7.89
15,CHEMBL3823861,CN(C)CC1CCN(CCn2nc(c3cnc4[nH]ccc4c3)c5c(N)ncnc25)CC1,7.92
16,CHEMBL300853,CCS(=O)(=O)c1ccc2NC(=O)\C(=C/c3[nH]c4CCCCc4c3CCCN5CCN(CC(=O)O)CC5)\c2c1,8.0
17,CHEMBL56569,CNS(=O)(=O)c1ccc2NC(=O)\C(=C/c3[nH]c4CCCCc4c3CCC(=O)N)\c2c1,8.0
18,CHEMBL52513,CNS(=O)(=O)c1ccc2NC(=O)\C(=C/c3[nH]c4CCCCc4c3CCCN(C)C)\c2c1,8.0
19,CHEMBL55496,CNS(=O)(=O)c1ccc2NC(=O)\C(=C/c3[nH]c4CCCCc4c3CCCN5CCC(O)CC5)\c2c1,8.0
20,CHEMBL293712,CNS(=O)(=O)c1ccc2NC(=O)\C(=C/c3[nH]c4CCCCc4c3CCCN5CCN(C)CC5)\c2c1,8.0
21,CHEMBL292930,CNS(=O)(=O)c1ccc2NC(=O)\C(=C/c3[nH]c4CCCCc4c3CCCN5CCN(CC(=O)O)CC5)\c2c1,8.0
22,CHEMBL56109,CNS(=O)(=O)c1ccc2NC(=O)\C(=C/c3[nH]c4CCCCc4c3CCCN5CCN(CCO)CC5)\c2c1,8.0
23,CHEMBL230614,CN1CCN(CCOc2ccc(Nc3nnc4cc(cc(C)c4n3)c5c(C)cccc5C)cc2)CC1,8.11
24,CHEMBL3648061,Cc1cccc(C)c1c2cc(C)c3nc(Nc4nc(cs4)C(=O)NCCN5CCCC5)nnc3c2,8.14
25,CHEMBL217092,CN1CCN(CCOc2cc(OC3CCOCC3)c4c(Nc5c(Cl)ccc6OCOc56)ncnc4c2)CC1,8.21
26,CHEMBL256101,Cc1cc(cc2nnc(Nc3ccc(OCC[N+]4([O-])CCCC4)cc3)nc12)c5c(Cl)cccc5Cl,8.22
27,CHEMBL250214,Cc1cc(cc2nnc(Nc3ccc(cc3)C(=O)N4CCNCC4)nc12)c5cc(O)ccc5Cl,8.28
28,CHEMBL250213,Cc1cc(cc2nnc(Nc3ccc(CCCN4CCCC4)cc3)nc12)c5cc(O)ccc5Cl,8.32
29,CHEMBL388978,CN[C@@H]1C[C@H]2O[C@@](C)([C@@H]1OC)n3c4ccccc4c5c6CNC(=O)c6c7c8ccccc8n2c7c35,8.36
30,CHEMBL250625,Cc1cc(cc2nnc(Nc3ccc(cc3)S(=O)(=O)C4CCNCC4)nc12)c5cc(O)ccc5Cl,8.39
31,bosutinib,COc1cc(Nc2c(cnc3cc(OCCCN4CCN(C)CC4)c(OC)cc23)C#N)c(Cl)cc1Cl,8.4
32,CHEMBL218549,Cc1cccc(C)c1c2cc(C)c3nc(Nc4cccc(OCCN5CCCC5)c4)nnc3c2,8.43
33,CHEMBL231218,Cc1cccc(C)c1c2cc(C)c3nc(Nc4ccc(cc4)S(=O)(=O)NCCN5CCCC5)nnc3c2,8.51
34,CHEMBL457614,CC(C)Oc1cc(Nc2nc(N[C@@H](C)c3ccc(F)cn3)ncc2Cl)n[nH]1,8.52
35,CHEMBL217090,Clc1ccc2OCOc2c1Nc3ncnc4cc(OCCCN5CCCC5)cc(OC6CCOCC6)c34,8.52
36,CHEMBL3651297,CCN(CC)COc1cccc(Nc2nnc3cc(cc(C)c3n2)c4c(C)cccc4C)c1,8.59
37,CHEMBL1738757,CNC(=O)c1cc(Oc2ccc(NC(=O)Nc3cc(nn3c4ccc5ncccc5c4)C(C)(C)C)c(F)c2)ccn1,8.6
38,CHEMBL386051,CSc1cccc(Nc2ncc3C=C(C(=O)N(C)c3n2)c4c(Cl)cccc4Cl)c1,8.64
39,CHEMBL2336005,Oc1cccc(Nc2ccnc3cc(sc23)c4cccc(CN5CCOCC5)c4)c1,8.68
40,CHEMBL364623,Cc1cc(Nc2ncc(s2)C(=O)Nc3c(C)cccc3Cl)nc(C)n1,8.7
41,CHEMBL522892,CN1CCN(CC1)c2ccc3nc([nH]c3c2)C4=C(N)c5c(F)cccc5NC4=O,8.85
42,CHEMBL249821,Cc1cc(cc2nnc(Nc3ccc(cc3)S(=O)(=O)NCCN4CCCC4)nc12)c5cc(O)ccc5Cl,8.89
43,CHEMBL3651228,CN(C)CCNC(=O)c1cccc(Nc2nnc3cc(cc(C)c3n2)c4cc(O)ccc4Cl)c1,8.91
44,CHEMBL3651296,Cc1cccc(C)c1c2cc(C)c3nc(Nc4ccc(OCCC5CCCC5)cc4)nnc3c2,8.92
45,CHEMBL436137,Cc1cccc(C)c1c2cc(C)c3nc(Nc4ccc(OCCN5CCCC5)cc4)nnc3c2,8.92
46,CHEMBL249097,Cc1ccc(O)cc1Nc2ccnc(Nc3cccc(c3)C(=O)N)n2,9.0
47,CHEMBL495727,O=C(NC1CC1)Nc2c[nH]nc2c3nc4cc(CN5CCOCC5)ccc4[nH]3,9.0
48,CHEMBL3426225,CCn1nc(C#Cc2cc(ccc2C)C(=O)Nc3ccc(CN4CCN(C)CC4)c(c3)C(F)(F)F)c5c(N)ncnc15,9.1
49,CHEMBL3651257,Cc1cc2nc(Nc3ccc(OCCN4CCCC4)cc3)nnc2cc1c5cc(O)ccc5Cl,9.16
50,CHEMBL400402,Cc1cc(cc2nnc(Nc3ccc(OCCN4CCCC4)cc3)nc12)c5cc(O)ccc5Cl,9.3
10,CHEMBL296185,CNS(=O)(=O)c1ccc2NC(=O)\C(=C/c3[nH]c4CCCCc4c3CCCN5CCOCC5)\c2c1,7.52
12,CHEMBL57143,CCS(=O)(=O)c1ccc2NC(=O)\C(=C/c3[nH]c4CCCCc4c3CCCN5CCN(CCO)CC5)\c2c1,7.4
14,CHEMBL54283,CCS(=O)(=O)c1ccc2NC(=O)\C(=C/c3[nH]c4CCCCc4c3CCCN5CCN(C)CC5)\c2c1,7.52
15,CHEMBL301143,CNS(=O)(=O)c1ccc2NC(=O)\C(=C/c3[nH]c4CCCCc4c3CN5CCOCC5)\c2c1,7.4
17,CHEMBL55594,CCS(=O)(=O)c1ccc2NC(=O)\C(=C/c3[nH]c4CCCCc4c3CN5CCOCC5)\c2c1,6.8
18,CHEMBL301271,CCS(=O)(=O)c1ccc2NC(=O)\C(=C/c3[nH]c4CCCCc4c3CCC(=O)N)\c2c1,7.52
19,CHEMBL77638,C[C@H](NC(=O)C(Cc1ccc(OP(=O)(O)O)cc1)NC(=O)C)c2ccc(OCC3CCCCC3)c(c2)C(=O)N,5.59
24,CHEMBL265777,CC(=O)NC(Cc1ccc(OCC(=O)O)c(c1)P(=O)(O)O)C(=O)NC(C)(C)c2ccc(OCC3CCCCC3)c(c2)C(=O)N,4.03
32,CHEMBL607707,CCOc1cc2ncc(C#N)c(Nc3ccc(F)c(Cl)c3)c2cc1NC(=O)\C=C\CN(C)C,6.08
34,CHEMBL535,CCN(CC)CCNC(=O)c1c(C)[nH]c(\C=C\2/C(=O)Nc3ccc(F)cc23)c1C,6.62
43,CHEMBL119385,Fc1ccc(SC2=NN3C=NC(=O)C(=C3C=C2)c4c(Cl)cccc4Cl)c(F)c1,5.59
49,CHEMBL24828,COc1cc2c(Nc3ccc(Br)cc3F)ncnc2cc1OCC4CCN(C)CC4,6.55
50,CHEMBL31965,Fc1ccc(Nc2ncnc3cc(OCCCN4CCOCC4)c(NC(=O)C=C)cc23)cc1Cl,5.6
53,CHEMBL1421,Cc1nc(Nc2ncc(s2)C(=O)Nc3c(C)cccc3Cl)cc(n1)N4CCN(CCO)CC4,9.3
73,CHEMBL230685,Cc1cc(cc2nnc(Nc3ccc(OCCN4CCCC4)cc3)nc12)c5ccccc5,6.96
115,CHEMBL574738,CCN1CCN(Cc2ccc(NC(=O)Nc3ccc(Oc4cc(NC)ncn4)cc3)cc2C(F)(F)F)CC1,6.59
116,CHEMBL215152,CCN(CCO)CCCOc1ccc2c(Nc3cc(CC(=O)Nc4cccc(F)c4)[nH]n3)ncnc2c1,5.42
120,CHEMBL558752,Cn1c(Nc2ccc(cc2)C(F)(F)F)nc3cc(Oc4ccnc(c4)c5ncc([nH]5)C(F)(F)F)ccc13,6.03
130,CHEMBL477772,CN(c1ccc2c(C)n(C)nc2c1)c3ccnc(Nc4ccc(C)c(c4)S(=O)(=O)N)n3,5.3
138,CHEMBL608533,CO[C@@H]1[C@@H](C[C@H]2O[C@]1(C)n3c4ccccc4c5c6CNC(=O)c6c7c8ccccc8n2c7c35)N(C)C(=O)c9ccccc9,6.02
146,CHEMBL1721885,Cc1[nH]c(\C=C\2/C(=O)Nc3ccc(F)cc23)c(C)c1C(=O)NC[C@H](O)CN4CCOCC4,6.59
151,CHEMBL515414,Cc1ccc(cc1)c2c(C(=O)CF)n(CCCO)c3ncnc(N)c23,6.29
171,CHEMBL602471,C[C@@H](Oc1ccc2ncc(\C=C\C(=O)N)cc2c1)c3c(Cl)ccc(F)c3Cl,4.59
196,CHEMBL185140,Clc1ccc(Cn2cc(CCC(=O)Nc3ccncc3)c4ccccc24)cc1,4.52
197,CHEMBL1221633,[O-][N+](=O)c1ccc(NC(=O)CCc2cn(Cc3ccc(Cl)cc3)c4ccccc24)cc1,4.42
205,CHEMBL288441,COc1cc(Nc2c(cnc3cc(OCCCN4CCN(C)CC4)c(OC)cc23)C#N)c(Cl)cc1Cl,9.4
207,CHEMBL603469,C[C@]12O[C@H](C[C@]1(O)CO)n3c4ccccc4c5c6C(=O)NCc6c7c8ccccc8n2c7c35,6.8
210,CHEMBL1240703,CO[C@@H]1[C@@H](C[C@H]2O[C@]1(C)n3c4ccccc4c5c6[C@H](O)NC(=O)c6c7c8ccccc8n2c7c35)N(C)C(=O)c9ccccc9,5.96
216,CHEMBL1276179,CN1C[C@@H]2C[C@H]1CN2c3cc(F)c(c(F)c3)c4ccnc5c(c6cccc7[nH]ncc67)c(nn45)c8ccncc8,6.61
239,CHEMBL1834657,CCN1CCN(CC1)c2ccc(Nc3cc(ncn3)N(C)C(=O)Nc4c(Cl)c(OC)cc(OC)c4Cl)cc2.OP(=O)(O)O,5.96
240,CHEMBL491473,COc1cc2c(Oc3ccc4[nH]c(C)cc4c3F)ncnc2cc1OCCCN5CCCC5,6.59
241,CHEMBL180022,CCOc1cc2ncc(C#N)c(Nc3ccc(OCc4ccccn4)c(Cl)c3)c2cc1NC(=O)\C=C\CN(C)C,6.62
247,CHEMBL450786,Cc1[nH]c(\C=C\2/C(=O)Nc3ccc(cc23)S(=O)(=O)Cc4c(Cl)cccc4Cl)c(C)c1C(=O)N5CCC[C@@H]5CN6CCCC6,5.85
249,CHEMBL601719,C[C@@H](Oc1cc(cnc1N)c2cnn(c2)C3CCNCC3)c4c(Cl)ccc(F)c4Cl,6.11
255,CHEMBL1908395,Cl.CN(C)CC(=O)N1CCC(CC1)c2ccc(NC(=O)c3nc(c[nH]3)C#N)c(c2)C4=CCCCC4,6.37
258,CHEMBL502835,COC(=O)c1ccc2\C(=C(\Nc3ccc(cc3)N(C)C(=O)CN4CCN(C)CC4)/c5ccccc5)\C(=O)Nc2c1,7.1
260,CHEMBL1908396,COc1cc(Oc2ccnc3cc(OC)c(OC)cc23)ccc1NC(=O)NC(C)c4nccs4,5.51
261,CHEMBL1230020,CCCS(=O)(=O)Nc1ccc(F)c(C(=O)c2c[nH]c3ncc(Cl)cc23)c1F,5.75
263,CHEMBL1230609,COc1cc2c(Oc3ccc(NC(=O)C4(CC4)C(=O)Nc5ccc(F)cc5)cc3F)ccnc2cc1OCCCN6CCOCC6,7.32
265,CHEMBL1287853,Cc1cnc(Nc2ccc(OCCN3CCCC3)cc2)nc1Nc4cccc(c4)S(=O)(=O)NC(C)(C)C,6.92
271,CHEMBL1908391,CN1CCN(Cc2ccc(cc2)C(=O)Nc3ccc(C)c(Nc4nc(cs4)c5cccnc5)c3)CC1,6.24
280,CHEMBL475251,COc1cc(Nc2ncc(F)c(Nc3ccc4OC(C)(C)C(=O)Nc4n3)n2)cc(OC)c1OC,7.46
290,CHEMBL1289926,CNC(=O)c1ccccc1Sc2ccc3c(\C=C\c4ccccn4)n[nH]c3c2,5.57
306,CHEMBL255863,Cc1cn(cn1)c2cc(NC(=O)c3ccc(C)c(Nc4nccc(n4)c5cccnc5)c3)cc(c2)C(F)(F)F,5.96
1079,CHEMBL2171124,Cn1cc(c2ccc3N(CCc3c2)C(=O)Cc4cccc(c4)C(F)(F)F)c5c(N)ncnc15,5.5
1405,CHEMBL2333602,CCCCn1c(cn2c3C(=O)NC(=O)N(C)c3nc12)c4cc(ccc4C)c5cccc6[nH]ncc56,6.8
1406,CHEMBL2333595,CCCCn1c(cn2c3C(=O)NC(=O)N(C)c3nc12)c4ccc(F)cc4C,6.31
1413,CHEMBL2333445,CCc1ccc(cc1)c2ccc3N(C)S(=O)(=O)c4cn[nH]c4c3c2,5.75
2023,CHEMBL3318024,CCNC(=O)Nc1ccc2ncc(cc2n1)c3ccc(OC)c(OC)c3,4.38
2024,CHEMBL3318025,COc1ccc(cc1OC)c2cnc3ccc(NC(=O)NC(C)(C)C)nc3c2,4.07
2025,CHEMBL3318026,COc1cc(ccc1O)c2cnc3ccc(NC(=O)NC(C)(C)C)nc3c2,4.37
2026,CHEMBL3318027,Cn1cc(cn1)c2cnc3ccc(NC(=O)NC(C)(C)C)nc3c2,5.1
2029,CHEMBL3318030,Cn1cc(cn1)c2cnc3ccc(NC(=O)NCCc4ccccc4)nc3c2,4.57
2053,CHEMBL3617740,C[C@@H](NC(=O)CCCCCC(=O)Nc1cccc(Nc2nccc(Nc3cc([nH]n3)C4CC4)n2)c1)c5occc5,6.1
2054,CHEMBL3617738,O=C(CCCCCC(=O)N1CCC[C@@H]1c2occc2)Nc3cccc(Nc4nccc(Nc5cc([nH]n5)C6CC6)n4)c3,6.22
2055,CHEMBL3617732,CCCC(=O)Nc1cccc(Nc2nccc(Nc3cc([nH]n3)C4CC4)n2)c1,6.33
2063,CHEMBL218042,Cc1cccc(C)c1c2ccc3nc(Nc4ccccc4)nnc3c2,6.09
2069,CHEMBL2177736,N[C@H]1CCCC[C@H]1Nc2ncc(C(=O)N)c(Nc3cccc(c3)n4nccn4)n2,6.91
2072,CHEMBL3651299,Oc1ccc(Nc2nnc3cc(ccc3n2)c4c(Cl)cccc4Cl)cc1,6.33
2102,CHEMBL3781939,COc1ccc(NC(=O)Nc2cncc3nc(cnc23)c4ccccc4)cc1,4.66
2105,CHEMBL3781479,C1CCN(CC1)c2ccc(Nc3cncc4nc(cnc34)c5ccccc5)cc2,5.21
2111,CHEMBL3781543,COc1ccccc1Nc2nccc3nc(cnc23)c4ccccc4,4.69
2113,CHEMBL3781566,COc1ccc(Nc2nccc3nc(cnc23)c4ccccc4)cc1,4.5
2114,CHEMBL3780758,C1CCN(CC1)c2ccc(Nc3nccc4nc(cnc34)c5ccccc5)cc2,5.09
2115,CHEMBL3780515,C1CN(CCO1)c2ccc(Nc3nccc4nc(cnc34)c5ccccc5)cc2,4.9
2116,CHEMBL3781651,COc1ccc(cc1)c2cnc3c(Nc4ccc(cc4)N5CCCCC5)nccc3n2,5.99
2117,CHEMBL3780637,COc1ccc(cc1)c2cnc3c(Nc4ccc(cc4)N5CCOCC5)nccc3n2,5.15
2119,CHEMBL3781795,C1CCN(CC1)c2ccc(Nc3cc4nc(cnc4cn3)c5ccccc5)cc2,4.64
2121,CHEMBL3780571,C1CCN(CC1)c2ccc(Nc3cc4ncc(nc4cn3)c5ccccc5)cc2,4.57
2122,CHEMBL3781989,C1CCN(CC1)c2ccc(Nc3cncc4ncc(nc34)c5ccccc5)cc2,5.26
2123,CHEMBL3780632,C1CN(CCO1)c2ccc(Nc3cncc4ncc(nc34)c5ccccc5)cc2,5.29
2124,CHEMBL3782019,COc1ccc(cc1)c2cnc3cncc(Nc4cc(OC)ccc4OC)c3n2,5.7
2125,CHEMBL3780971,COc1ccc(cc1)c2cnc3cncc(Nc4ccc(cc4)N5CCCCC5)c3n2,5.27
2126,CHEMBL3781696,COc1ccc(cc1)c2cnc3cncc(Nc4ccc(cc4)N5CCOCC5)c3n2,5.62
2127,CHEMBL3781028,C1CCN(CC1)c2ccc(cc2)c3cnc4cncc(Nc5ccccc5)c4n3,5.06
2128,CHEMBL3781610,COc1cccc(Nc2cncc3ncc(nc23)c4ccc(cc4)N5CCCCC5)c1,4.96
2130,CHEMBL3799221,CCOC(Cn1nc(c2cnc3[nH]ccc3c2)c4c(N)ncnc14)OCC,6.25
2146,CHEMBL3823212,CN(C)C1CCN(CCn2nc(c3ccc(C)cc3)c4c(N)ncnc24)CC1,7.15
2147,CHEMBL3823849,CN(C)CC1CCN(CCn2nc(c3ccc(C)cc3)c4c(N)ncnc24)CC1,6.46
2148,CHEMBL3822591,CN(C)CCC1CCN(CCn2nc(c3ccc(C)cc3)c4c(N)ncnc24)CC1,6.16
2150,CHEMBL306380,Cc1ccc(cc1)c2nn(c3ncnc(N)c23)C(C)(C)C,7.44
