,molecule_chembl_id,canonical_smiles,pchembl_value
0,CHEMBL112518,COc1cc(Nc2nccc(n2)c3ccc(nc3)N4CCNC(C)C4)cc(OC)c1OC,7.59
1,CHEMBL3642587,FC(F)(F)CNc1cc2C=CNC(=O)c2c(Nc3ccc(cc3)N4CCOCC4)n1,7.62
2,CHEMBL475251,COc1cc(Nc2ncc(F)c(Nc3ccc4OC(C)(C)C(=O)Nc4n3)n2)cc(OC)c1OC,7.68
3,CHEMBL3262622,Cn1cc2c(Nc3nc(N[C@@H]4CCOC[C@@H]4N)cc5C=CNC(=O)c35)cccc2n1,7.75
4,CHEMBL603469,C[C@]12O[C@H](C[C@]1(O)CO)n3c4ccccc4c5c6C(=O)NCc6c7c8ccccc8n2c7c35,7.8
5,CHEMBL3262616,N[C@H]1CCCC[C@H]1Nc2cc3N=CNC(=O)c3c(Nc4cccc5[nH]ccc45)n2,7.85
6,CHEMBL325912,COc1cc(Nc2nccc(n2)c3ccc(nc3)N4CCN[C@@H](C)C4)cc(OC)c1OC,7.96
7,CHEMBL573483,CCCS(=O)(=O)c1ccccc1Nc2nc(Nc3ccc(cc3OC)N4CCN(CC4)C(=O)NC)ncc2Cl,8.0
8,CHEMBL575048,CNS(=O)(=O)c1ccccc1Nc2nc(Nc3cccc4CCCc34)ncc2Br,8.0
9,CHEMBL3642579,CCN1CCN(CC1)c2cc3C=CNC(=O)c3c(Nc4ccc(cc4)N5CCOCC5)n2,8.05
10,CHEMBL388978,CN[C@@H]1C[C@H]2O[C@@](C)([C@@H]1OC)n3c4ccccc4c5c6CNC(=O)c6c7c8ccccc8n2c7c35,8.06
11,CHEMBL112346,CC[C@H]1CN(CCN1)c2ccc(cn2)c3ccnc(Nc4cc(OC)c(OC)c(OC)c4)n3,8.1
12,CHEMBL3642588,CNC(=O)C(C)(C)c1ccc(Nc2nc(cc3C=CNC(=O)c23)c4cncnc4)cc1,8.1
13,CHEMBL3642590,COc1cncc(c1)c2cc3C=CNC(=O)c3c(Nc4ccc(cc4)C5CCN(CCC(=O)C)CC5)n2,8.1
14,CHEMBL3415583,Cc1cc(C)nc(Nc2cc(N[C@@H]3CCCC[C@@H]3N)cnc2C(=O)N)c1,8.28
15,CHEMBL3642585,CN1CCC(CC1)c2ccc(Nc3nc(cc4C=CNC(=O)c34)c5cncnc5)cc2,8.7
16,CHEMBL3642578,NCCCc1cc2C=CNC(=O)c2c(Nc3ccc(cc3)N4CCOCC4)n1,9.0
